,State_Code,State_Name,Crash_ID,Count_Non_Motorists,Count_Vehicles_Total,Count_Vehicle_Forms,Count_PVH_Involved,Count_Occupants_MV,City_Name,Month_Name,Day_of_Month,Day_of_Week,Crash_Hour,Crash_Minute,Area_Rural_Urban,Road_Functional_Class,On_NHS_Road,Latitude,Longitude,Intersection_Type,Light_Condition,Weather_Condition,Notif_Hour,Notif_Minute,Arrival_Hour,Arrival_Minute,Hospital_Hour,Hospital_Minute,Fatalities_Count,Clean_Light_Condition,Clean_Weather_Condition,Total_Killed,Total_Alive,Fatal_Seats_List,Killed_Restraint_List,Any_Driver_Drinking,Total_Drinking_Drivers,Driver_License_Category,Driver_Max_Prev_Accident_Count,Driver_Max_Prev_Speeding_Count,Max_Driver_Age,Min_Driver_Age,Driver_Sex_List,Total_Exceeding_Limit_Vehicles,Total_Too_Fast_Vehicles,Max_Vehicle_Type_Severity_5,Max_Vehicle_Damage_Rank,Max_Harmful_Event_Severity,Crash_Road_Surface_Condition,Crash_Horizontal_Alignment,Crash_Vertical_Profile,Crash_Impairment_Category,Crash_Vehicle_Defect
112,1,Alabama,10114,0,1,1,0,2,TRUSSVILLE,February,21,Tuesday,11,50,Urban,Medium Speed (Collector),No,33.60955833,-86.582325,Non-Intersection,Daylight,Rain,11:00am-11:59am,49,11:00am-11:59am,57,12:00pm-12:59pm,33,1,Daylight,Rain/Wind/Minor,1,1,['Front_Passenger'],['None_Used'],0,0,Valid,0.0,0.0,68.0,68.0,['Female'],0,0,3,4,3,Wet/Standing Water,Curve,Level,Lowest,No
113,1,Alabama,10115,0,1,1,0,4,NOT APPLICABLE,February,21,Tuesday,22,55,Rural,High Speed (Arterial),Yes,31.65925278,-85.28007222,Non-Intersection,Dark - Not Lighted,Clear,11:00pm-11:59pm,3,11:00pm-11:59pm,16,0:00am-0:59am,11,2,Dark - Unlighted,Clear,2,2,"['Driver', 'Rear_Seat']","['Shoulder_Lapbelt', 'None_Used']",0,0,Valid,0.0,0.0,54.0,54.0,['Male'],0,0,3,4,3,Dry,Straight,Grade/Hillcrest,Medium,No
114,1,Alabama,10116,0,1,1,0,1,HOOVER,February,22,Wednesday,6,56,Urban,High Speed (Arterial),Yes,33.40629722,-86.79378889,Non-Intersection,Daylight,Cloudy,Unknown,Unknown,7:00am-7:59am,9,Unknown,Unknown EMS Hospital Arrival Time,1,Daylight,Reduced Visibility,1,0,['Driver'],['None_Used'],0,0,Valid,1.0,0.0,39.0,39.0,['Male'],0,0,2,4,3,Dry,Straight,Level,Medium,No
115,1,Alabama,10117,1,1,1,0,1,NOT APPLICABLE,February,22,Wednesday,4,20,Rural,High Speed (Arterial),Yes,33.61588889,-85.667375,Non-Intersection,Dark - Not Lighted,Cloudy,4:00am-4:59am,22,4:00am-4:59am,35,Not Applicable (Not Transported),Not Applicable (Not Transported),1,Dark - Unlighted,Reduced Visibility,0,1,[],[],0,0,Valid,1.0,0.0,32.0,32.0,['Male'],0,0,4,2,4,Dry,Straight,Grade/Hillcrest,Lowest,No
116,1,Alabama,10118,0,1,1,0,2,NOT APPLICABLE,February,22,Wednesday,14,0,Rural,Medium Speed (Collector),No,31.73101111,-85.92028611,Non-Intersection,Daylight,Cloudy,2:00pm-2:59pm,6,2:00pm-2:59pm,26,Unknown,Unknown EMS Hospital Arrival Time,1,Daylight,Reduced Visibility,1,1,['Driver'],['None_Used'],0,0,Valid,0.0,1.0,18.0,18.0,['Female'],0,0,2,4,3,Dry,Curve,Grade/Hillcrest,Lowest,No
117,1,Alabama,10119,0,1,1,0,1,NOT APPLICABLE,February,22,Wednesday,21,6,Urban,Medium Speed (Collector),No,33.72174167,-85.84368333,Non-Intersection,Dark - Not Lighted,Clear,9:00pm-9:59pm,11,9:00pm-9:59pm,21,9:00pm-9:59pm,49,1,Dark - Unlighted,Clear,1,0,['Driver'],['None_Used'],1,1,Invalid,1.0,0.0,27.0,27.0,['Male'],1,0,3,4,3,Dry,Curve,Grade/Hillcrest,Lowest,No
118,1,Alabama,10120,0,2,2,0,4,NOT APPLICABLE,February,24,Friday,3,0,Rural,Medium Speed (Collector),No,32.92718056,-87.83540833,Non-Intersection,Dark - Not Lighted,Cloudy,3:00am-3:59am,25,3:00am-3:59am,44,4:00am-4:59am,21,2,Dark - Unlighted,Reduced Visibility,2,2,"['Driver', 'Front_Passenger']","['Shoulder_Lapbelt', 'Shoulder_Lapbelt']",0,0,Invalid,0.0,1.0,58.0,40.0,"['Male', 'Female']",0,0,3,4,5,Dry,Straight,Grade/Hillcrest,Lowest,No
119,1,Alabama,10121,0,1,1,0,1,NOT APPLICABLE,February,24,Friday,10,30,Rural,Medium Speed (Collector),No,34.75455556,-87.43285278,Non-Intersection,Daylight,Rain,10:00am-10:59am,37,10:00am-10:59am,54,11:00am-11:59am,32,1,Daylight,Rain/Wind/Minor,1,0,['Driver'],['None_Used'],0,0,Valid,0.0,1.0,55.0,55.0,['Female'],0,0,2,4,3,Wet/Standing Water,Straight,Grade/Hillcrest,Lowest,No
120,1,Alabama,10122,0,2,2,0,2,NOT APPLICABLE,February,24,Friday,22,35,Rural,High Speed (Arterial),Yes,34.74635,-85.91579722,Non-Intersection,Dark - Not Lighted,Clear,10:00pm-10:59pm,43,10:00pm-10:59pm,55,11:00pm-11:59pm,51,1,Dark - Unlighted,Clear,1,1,['Driver'],['Shoulder_Lapbelt'],1,1,Invalid,0.0,0.0,60.0,23.0,"['Male', 'Female']",0,0,3,4,5,Dry,Straight,Level,Lowest,No
121,1,Alabama,10123,1,1,1,0,1,ARAB,February,25,Saturday,5,52,Urban,Medium Speed (Collector),No,34.34753056,-86.45670278,Non-Intersection,Dark - Not Lighted,Cloudy,5:00am-5:59am,55,6:00am-6:59am,4,Not Applicable (Not Transported),Not Applicable (Not Transported),1,Dark - Unlighted,Reduced Visibility,0,1,[],[],0,0,Valid,0.0,0.0,22.0,22.0,['Female'],0,0,3,2,4,Wet/Standing Water,Straight,Level,Lowest,No
122,1,Alabama,10124,0,2,2,0,6,PHENIX CITY,February,25,Saturday,13,59,Urban,High Speed (Arterial),Yes,32.42660278,-85.03563056,Complex/Circle,Daylight,Clear,Unknown,Unknown,2:00pm-2:59pm,5,Unknown,Unknown EMS Hospital Arrival Time,1,Daylight,Clear,1,5,['Front_Passenger'],['Shoulder_Lapbelt'],0,0,Valid,0.0,2.0,36.0,29.0,"['Male', 'Male']",0,0,3,4,5,Dry,Straight,Level,Lowest,No
123,1,Alabama,10125,0,2,2,0,4,MONTGOMERY,February,25,Saturday,18,36,Urban,Medium Speed (Collector),No,32.36308333,-86.29995556,Simple Junction,Dark - Lighted,Clear,6:00pm-6:59pm,39,6:00pm-6:59pm,46,7:00pm-7:59pm,11,1,Dark - Lighted,Clear,1,3,['Driver'],['None_Used'],1,1,Invalid,3.0,1.0,50.0,31.0,"['Female', 'Male']",0,0,5,4,5,Dry,Straight,Level,Lowest,No
124,1,Alabama,10126,0,2,2,0,2,NOT APPLICABLE,February,25,Saturday,19,45,Rural,Low Speed (Local),No,32.05815556,-87.79236944,Non-Intersection,Dark - Not Lighted,Clear,7:00pm-7:59pm,54,8:00pm-8:59pm,12,8:00pm-8:59pm,46,1,Dark - Unlighted,Clear,1,1,['Driver'],['None_Used'],0,0,Invalid,0.0,4.0,25.0,25.0,"['Male', 'Male']",0,0,5,4,5,Dry,Straight,Level,Lowest,No
125,1,Alabama,10127,0,1,1,0,1,GEORGIANA,February,26,Sunday,2,15,Urban,Medium Speed (Collector),No,31.64095833,-86.73195833,Non-Intersection,Dark - Lighted,Clear,2:00am-2:59am,31,2:00am-2:59am,51,Not Applicable (Not Transported),Not Applicable (Not Transported),1,Dark - Lighted,Clear,1,0,['Driver'],['None_Used'],1,1,Valid,0.0,2.0,28.0,28.0,['Male'],0,0,3,4,3,Dry,Curve,Grade/Hillcrest,Lowest,No
126,1,Alabama,10128,0,2,2,0,2,NOT APPLICABLE,February,26,Sunday,20,47,Rural,High Speed (Arterial),Yes,32.79348611,-86.90693889,Non-Intersection,Dark - Not Lighted,Clear,8:00pm-8:59pm,48,9:00pm-9:59pm,7,10:00pm-10:59pm,40,1,Dark - Unlighted,Clear,1,1,['Driver'],['None_Used'],0,0,Valid,1.0,0.0,70.0,18.0,"['Male', 'Male']",0,0,3,4,5,Dry,Straight,Level,Lowest,No
127,1,Alabama,10129,1,1,1,0,1,NOT APPLICABLE,February,27,Monday,20,0,Rural,Medium Speed (Collector),No,34.93186111,-87.78362778,Non-Intersection,Dark - Not Lighted,Clear,7:00pm-7:59pm,55,8:00pm-8:59pm,8,8:00pm-8:59pm,36,1,Dark - Unlighted,Clear,0,1,[],[],0,0,Valid,0.0,1.0,30.0,30.0,['Male'],0,0,3,2,4,Dry,Straight,Level,Lowest,No
128,1,Alabama,10130,1,1,1,0,2,MADISON,February,27,Monday,22,50,Urban,Medium Speed (Collector),No,34.73284444,-86.78629444,Complex/Circle,Dark - Lighted,Clear,10:00pm-10:59pm,52,11:00pm-11:59pm,7,Not Applicable (Not Transported),Not Applicable (Not Transported),1,Dark - Lighted,Clear,0,2,[],[],0,0,Valid,1.0,0.0,36.0,36.0,['Male'],0,0,3,4,4,Dry,Straight,Level,Lowest,No
129,1,Alabama,10131,1,1,1,0,1,NOT APPLICABLE,February,28,Tuesday,15,21,Urban,Medium Speed (Collector),No,33.43939444,-86.941075,Non-Intersection,Daylight,Clear,3:00pm-3:59pm,26,3:00pm-3:59pm,34,3:00pm-3:59pm,52,1,Daylight,Clear,1,0,['Driver'],['None_Used'],0,0,Valid,1.0,1.0,50.0,50.0,['Male'],0,0,5,4,4,Dry,Straight,Level,Lowest,No
130,1,Alabama,10132,0,2,2,0,3,WETUMPKA,February,28,Tuesday,12,2,Urban,High Speed (Arterial),Yes,32.52731389,-86.20610278,Complex/Circle,Daylight,Clear,12:00pm-12:59pm,9,12:00pm-12:59pm,21,12:00pm-12:59pm,44,1,Daylight,Clear,1,2,['Driver'],['Shoulder_Lapbelt'],0,0,Valid,0.0,0.0,79.0,74.0,"['Male', 'Male']",0,0,2,4,5,Dry,Straight,Level,Lowest,No
131,1,Alabama,10133,0,2,2,0,3,NOT APPLICABLE,February,28,Tuesday,9,0,Rural,Medium Speed (Collector),No,34.29231944,-87.14398889,Non-Intersection,Daylight,Clear,8:00am-8:59am,57,9:00am-9:59am,12,Unknown,Unknown EMS Hospital Arrival Time,1,Daylight,Clear,1,2,['Driver'],['Shoulder_Lapbelt'],1,1,Valid,1.0,0.0,75.0,54.0,"['Male', 'Male']",0,0,3,4,5,Dry,Straight,Grade/Hillcrest,Lowest,No
132,1,Alabama,10134,0,2,2,0,2,TUSCALOOSA,February,28,Tuesday,15,52,Urban,High Speed (Arterial),Yes,33.19837222,-87.53890556,Simple Junction,Daylight,Clear,3:00pm-3:59pm,53,3:00pm-3:59pm,57,4:00pm-4:59pm,22,1,Daylight,Clear,1,1,['Driver'],['None_Used'],0,0,Valid,1.0,2.0,56.0,18.0,"['Male', 'Male']",0,0,3,4,5,Dry,Straight,Level,Lowest,No
133,1,Alabama,10136,0,1,1,0,1,FRISCO CITY,March,2,Thursday,23,15,Urban,Low Speed (Local),No,31.46061944,-87.40509722,Non-Intersection,Dark - Not Lighted,Cloudy,11:00pm-11:59pm,23,11:00pm-11:59pm,34,Not Applicable (Not Transported),Not Applicable (Not Transported),1,Dark - Unlighted,Reduced Visibility,1,0,['Driver'],['Shoulder_Lapbelt'],1,1,Valid,0.0,0.0,56.0,56.0,['Male'],0,0,2,4,3,Dry,Curve,Level,Lowest,No
134,1,Alabama,10137,0,1,1,0,1,NOT APPLICABLE,March,2,Thursday,19,54,Rural,Medium Speed (Collector),No,33.026675,-87.18549167,Non-Intersection,Dark - Not Lighted,Rain,8:00pm-8:59pm,3,8:00pm-8:59pm,30,Not Applicable (Not Transported),Not Applicable (Not Transported),1,Dark - Unlighted,Rain/Wind/Minor,1,0,['Driver'],['Shoulder_Lapbelt'],1,1,Invalid,0.0,0.0,53.0,53.0,['Male'],1,0,2,4,2,Wet/Standing Water,Curve,Grade/Hillcrest,Lowest,No
135,1,Alabama,10138,1,1,1,0,1,TROY,March,2,Thursday,18,41,Urban,High Speed (Arterial),Yes,31.77713056,-85.9359,Non-Intersection,Dark - Lighted,Rain,6:00pm-6:59pm,41,6:00pm-6:59pm,50,Not Applicable (Not Transported),Not Applicable (Not Transported),1,Dark - Lighted,Rain/Wind/Minor,0,1,[],[],0,0,Valid,0.0,0.0,53.0,53.0,['Male'],0,0,3,3,4,Wet/Standing Water,Straight,Level,Lowest,No
136,1,Alabama,10139,0,2,2,0,3,OZARK,March,3,Friday,10,4,Rural,High Speed (Arterial),Yes,31.45915,-85.66834444,Simple Junction,Daylight,Cloudy,10:00am-10:59am,6,10:00am-10:59am,27,11:00am-11:59am,3,2,Daylight,Reduced Visibility,2,1,"['Driver', 'Front_Passenger']","['Shoulder_Lapbelt', 'Shoulder_Lapbelt']",0,0,Valid,0.0,0.0,74.0,20.0,"['Female', 'Male']",0,0,3,4,5,Wet/Standing Water,Straight,Level,Lowest,No
137,1,Alabama,10140,1,1,1,0,1,NOT APPLICABLE,March,3,Friday,9,15,Rural,Medium Speed (Collector),No,34.21835833,-87.91235556,Non-Intersection,Daylight,Cloudy,9:00am-9:59am,31,9:00am-9:59am,37,Not Applicable (Not Transported),Not Applicable (Not Transported),1,Daylight,Reduced Visibility,0,1,[],[],0,0,Valid,1.0,0.0,37.0,37.0,['Male'],0,0,3,4,4,Wet/Standing Water,Curve,Grade/Hillcrest,Lowest,No
138,1,Alabama,10141,1,1,1,0,1,NOT APPLICABLE,March,3,Friday,19,17,Rural,High Speed (Arterial),Yes,31.30485833,-86.39624444,Non-Intersection,Dark - Not Lighted,Clear,7:00pm-7:59pm,21,7:00pm-7:59pm,30,7:00pm-7:59pm,50,1,Dark - Unlighted,Clear,0,1,[],[],0,0,Valid,1.0,1.0,51.0,51.0,['Female'],0,0,2,4,4,Dry,Straight,Level,Lowest,No
139,1,Alabama,10142,0,1,1,0,1,NOT APPLICABLE,March,3,Friday,19,15,Rural,High Speed (Arterial),Yes,31.75111944,-88.03578056,Non-Intersection,Dark - Not Lighted,Clear,7:00pm-7:59pm,24,7:00pm-7:59pm,43,Not Applicable (Not Transported),Not Applicable (Not Transported),1,Dark - Unlighted,Clear,1,0,['Driver'],['Shoulder_Lapbelt'],1,1,Valid,0.0,0.0,36.0,36.0,['Female'],0,0,2,4,3,Dry,Curve,Level,Lowest,No
140,1,Alabama,10143,0,2,2,0,2,NOT APPLICABLE,March,4,Saturday,21,0,Rural,High Speed (Arterial),Yes,30.83153889,-88.38606111,Non-Intersection,Dark - Not Lighted,Cloudy,9:00pm-9:59pm,1,9:00pm-9:59pm,24,10:00pm-10:59pm,2,1,Dark - Unlighted,Reduced Visibility,1,1,['Driver'],['Shoulder_Lapbelt'],0,0,Valid,0.0,0.0,90.0,24.0,"['Male', 'Female']",0,0,3,4,5,Dry,Straight,Level,Lowest,No
141,1,Alabama,10144,0,2,2,0,3,NOT APPLICABLE,March,5,Sunday,10,5,Urban,High Speed (Arterial),Yes,34.88470556,-86.73896944,Complex/Circle,Daylight,Clear,10:00am-10:59am,16,10:00am-10:59am,33,11:00am-11:59am,18,1,Daylight,Clear,1,2,['Driver'],['None_Used'],0,0,Valid,0.0,3.0,58.0,49.0,"['Male', 'Female']",1,0,2,4,5,Dry,Straight,Level,Lowest,No
142,1,Alabama,10145,0,1,1,0,1,NOT APPLICABLE,March,5,Sunday,12,20,Rural,Low Speed (Local),No,33.76604167,-85.71595,Non-Intersection,Daylight,Clear,12:00pm-12:59pm,20,12:00pm-12:59pm,33,Not Applicable (Not Transported),Not Applicable (Not Transported),1,Daylight,Clear,1,0,['Driver'],['None_Used'],0,0,Valid,0.0,0.0,45.0,45.0,['Male'],0,0,5,4,2,Dry,Curve,Grade/Hillcrest,Lowest,No
143,1,Alabama,10146,0,2,2,0,3,NOT APPLICABLE,February,15,Wednesday,7,45,Rural,High Speed (Arterial),Yes,33.66527778,-86.83144167,Non-Intersection,Daylight,Rain,7:00am-7:59am,50,7:00am-7:59am,55,Unknown,Unknown EMS Hospital Arrival Time,1,Daylight,Rain/Wind/Minor,1,2,['Driver'],['Shoulder_Lapbelt'],0,0,Valid,2.0,0.0,50.0,48.0,"['Female', 'Male']",0,0,4,4,5,Wet/Standing Water,Straight,Grade/Hillcrest,Lowest,No
144,1,Alabama,10147,0,2,2,0,3,NOT APPLICABLE,April,8,Saturday,4,20,Rural,High Speed (Arterial),Yes,32.34248611,-86.95635556,Non-Intersection,Dark - Not Lighted,Cloudy,4:00am-4:59am,23,4:00am-4:59am,44,5:00am-5:59am,21,1,Dark - Unlighted,Reduced Visibility,1,2,['Driver'],['None_Used'],0,0,Invalid,0.0,0.0,69.0,41.0,"['Male', 'Male']",2,0,2,4,5,Dry,Straight,Level,Lowest,No
145,1,Alabama,10148,0,2,2,0,2,NOT APPLICABLE,March,1,Wednesday,10,25,Rural,High Speed (Arterial),Yes,31.22368056,-86.28018611,Non-Intersection,Daylight,Clear,10:00am-10:59am,21,10:00am-10:59am,29,11:00am-11:59am,5,1,Daylight,Clear,1,1,['Driver'],['Shoulder_Lapbelt'],0,0,Valid,3.0,0.0,57.0,26.0,"['Male', 'Male']",0,0,3,4,5,Dry,Straight,Level,Lowest,No
146,1,Alabama,10149,0,2,2,0,2,SARALAND,March,1,Wednesday,9,52,Rural,Medium Speed (Collector),No,30.87748889,-88.12364722,Non-Intersection,Daylight,Clear,9:00am-9:59am,55,10:00am-10:59am,2,10:00am-10:59am,47,1,Daylight,Clear,1,1,['Driver'],['None_Used'],0,0,Valid,1.0,1.0,39.0,20.0,"['Female', 'Female']",0,0,4,4,5,Dry,Straight,Grade/Hillcrest,Lowest,No
147,1,Alabama,10150,0,2,2,0,2,NOT APPLICABLE,March,5,Sunday,17,45,Rural,High Speed (Arterial),Yes,33.34208889,-86.18749722,Complex/Circle,Dusk,Clear,5:00pm-5:59pm,46,5:00pm-5:59pm,50,6:00pm-6:59pm,46,1,Twilight,Clear,1,1,['Driver'],['None_Used'],0,0,Valid,1.0,0.0,72.0,65.0,"['Male', 'Male']",0,0,3,4,5,Dry,Straight,Level,Lowest,No
148,1,Alabama,10151,0,1,1,0,2,NOT APPLICABLE,March,5,Sunday,17,55,Urban,Medium Speed (Collector),No,34.90190556,-86.67381667,Non-Intersection,Dusk,Clear,5:00pm-5:59pm,54,6:00pm-6:59pm,11,6:00pm-6:59pm,40,1,Twilight,Clear,1,1,['Driver'],['None_Used'],1,1,Invalid,0.0,0.0,20.0,20.0,['Male'],2,0,2,4,2,Dry,Straight,Level,Lowest,No
149,1,Alabama,10152,0,2,2,0,2,BIRMINGHAM,March,5,Sunday,17,43,Urban,Medium Speed (Collector),No,33.53560556,-86.71984444,Simple Junction,Dusk,Clear,5:00pm-5:59pm,49,5:00pm-5:59pm,57,Not Applicable (Not Transported),Not Applicable (Not Transported),1,Twilight,Clear,1,1,['Driver'],['None_Used'],0,0,Invalid,2.0,0.0,78.0,31.0,"['Male', 'Male']",0,0,5,4,5,Dry,Straight,Level,Lowest,No
150,1,Alabama,10153,0,2,2,0,2,NOT APPLICABLE,March,7,Tuesday,15,15,Rural,Medium Speed (Collector),No,34.15887222,-86.35254167,Complex/Circle,Daylight,Clear,3:00pm-3:59pm,15,3:00pm-3:59pm,30,Not Applicable (Not Transported),Not Applicable (Not Transported),1,Daylight,Clear,1,1,['Driver'],['None_Used'],0,0,Valid,0.0,0.0,67.0,17.0,"['Male', 'Male']",0,0,5,4,5,Dry,Straight,Level,Lowest,No
151,1,Alabama,10154,0,2,2,0,3,NOT APPLICABLE,March,7,Tuesday,18,50,Urban,High Speed (Arterial),No,30.56745,-87.85224722,Complex/Circle,Dark - Not Lighted,Clear,7:00pm-7:59pm,4,7:00pm-7:59pm,38,8:00pm-8:59pm,8,1,Dark - Unlighted,Clear,1,2,['Front_Passenger'],['Shoulder_Lapbelt'],0,0,Valid,1.0,1.0,86.0,26.0,"['Male', 'Male']",0,0,3,4,5,Dry,Straight,Level,Lowest,No
152,1,Alabama,10155,0,3,3,0,4,NOT APPLICABLE,March,9,Thursday,0,55,Rural,High Speed (Arterial),Yes,32.45683611,-87.5422,Non-Intersection,Dark - Not Lighted,Cloudy,1:00am-1:59am,16,1:00am-1:59am,45,Unknown,Unknown EMS Hospital Arrival Time,1,Dark - Unlighted,Reduced Visibility,1,3,['Driver'],['Shoulder_Lapbelt'],0,0,Valid,0.0,0.0,57.0,54.0,"['Male', 'Male', 'Male']",0,0,4,4,5,Dry,Straight,Level,Lowest,No
153,1,Alabama,10156,0,2,2,0,3,HUNTSVILLE,March,9,Thursday,10,19,Urban,Medium Speed (Collector),No,34.713825,-86.62693889,Non-Intersection,Daylight,Rain,10:00am-10:59am,19,10:00am-10:59am,34,Unknown,Unknown EMS Hospital Arrival Time,2,Daylight,Rain/Wind/Minor,2,1,"['Driver', 'Driver']","['None_Used', 'None_Used']",0,0,Invalid,0.0,0.0,41.0,33.0,"['Male', 'Male']",0,0,3,4,5,Wet/Standing Water,Straight,Grade/Hillcrest,Lowest,No
154,1,Alabama,10157,0,1,1,0,2,NOT APPLICABLE,March,9,Thursday,19,45,Rural,Medium Speed (Collector),No,33.69071111,-86.28174444,Non-Intersection,Dark - Not Lighted,Rain,7:00pm-7:59pm,56,8:00pm-8:59pm,9,Not Applicable (Not Transported),Not Applicable (Not Transported),1,Dark - Unlighted,Rain/Wind/Minor,1,1,['Driver'],['None_Used'],1,1,Invalid,0.0,0.0,46.0,46.0,['Male'],0,0,3,4,3,Wet/Standing Water,Straight,Level,Lowest,No
155,1,Alabama,10158,0,1,1,0,1,NOT APPLICABLE,March,9,Thursday,22,15,Rural,Medium Speed (Collector),No,34.94210278,-87.09398333,Non-Intersection,Dark - Not Lighted,Cloudy,10:00pm-10:59pm,17,10:00pm-10:59pm,35,Not Applicable (Not Transported),Not Applicable (Not Transported),1,Dark - Unlighted,Reduced Visibility,1,0,['Driver'],['Shoulder_Lapbelt'],1,1,Valid,0.0,0.0,26.0,26.0,['Male'],1,0,2,4,3,Dry,Curve,Level,Lowest,No
156,1,Alabama,10159,0,2,2,0,2,NOT APPLICABLE,March,10,Friday,0,40,Rural,High Speed (Arterial),Yes,33.63563889,-86.95567778,Non-Intersection,Dark - Not Lighted,Cloudy,0:00am-0:59am,50,1:00am-1:59am,25,2:00am-2:59am,31,1,Dark - Unlighted,Reduced Visibility,1,1,['Driver'],['Shoulder_Lapbelt'],0,0,Valid,1.0,0.0,44.0,30.0,"['Male', 'Male']",0,0,4,4,5,Wet/Standing Water,Straight,Grade/Hillcrest,Lowest,No
157,1,Alabama,10160,0,3,3,0,5,NOT APPLICABLE,March,10,Friday,13,55,Rural,Medium Speed (Collector),No,33.94232222,-86.41411944,Simple Junction,Daylight,Clear,2:00pm-2:59pm,1,2:00pm-2:59pm,14,Unknown,Unknown EMS Hospital Arrival Time,2,Daylight,Clear,2,3,"['Driver', 'Front_Passenger']","['Shoulder_Lapbelt', 'None_Used']",0,0,Valid,1.0,0.0,59.0,38.0,"['Male', 'Female', 'Male']",0,0,3,4,5,Dry,Straight,Grade/Hillcrest,Lowest,No
158,1,Alabama,10161,0,1,1,0,1,NOT APPLICABLE,March,11,Saturday,2,0,Urban,Medium Speed (Collector),No,30.66173611,-88.24159722,Complex/Circle,Dark - Lighted,Clear,2:00am-2:59am,30,2:00am-2:59am,45,Not Applicable (Not Transported),Not Applicable (Not Transported),1,Dark - Lighted,Clear,1,0,['Driver'],['None_Used'],1,1,Invalid,0.0,0.0,39.0,39.0,['Male'],1,0,5,4,2,Dry,Straight,Level,Lowest,No
159,1,Alabama,10162,0,1,1,0,1,NOT APPLICABLE,March,11,Saturday,12,8,Rural,Medium Speed (Collector),No,34.04401111,-87.38936667,Non-Intersection,Daylight,Cloudy,12:00pm-12:59pm,9,12:00pm-12:59pm,40,Not Applicable (Not Transported),Not Applicable (Not Transported),1,Daylight,Reduced Visibility,1,0,['Driver'],['None_Used'],0,0,Valid,1.0,2.0,69.0,69.0,['Male'],1,0,3,4,3,Dry,Curve,Grade/Hillcrest,Lowest,No
160,1,Alabama,10163,1,1,1,0,1,NOT APPLICABLE,March,11,Saturday,17,0,Rural,Medium Speed (Collector),No,32.23155278,-87.23378056,Non-Intersection,Daylight,Clear,Unknown,Unknown,Unknown EMS Scene Arrival Hour,Unknown EMS Scene Arrival Minutes,Not Applicable (Not Transported),Not Applicable (Not Transported),1,Daylight,Clear,0,1,[],[],0,0,Invalid,0.0,0.0,52.0,52.0,['Male'],0,0,3,3,4,Dry,Straight,Level,Lowest,No
161,1,Alabama,10164,0,2,2,0,6,NOT APPLICABLE,March,11,Saturday,21,35,Rural,Medium Speed (Collector),No,34.63437222,-85.90679722,Non-Intersection,Dark - Not Lighted,Rain,9:00pm-9:59pm,41,9:00pm-9:59pm,47,10:00pm-10:59pm,50,1,Dark - Unlighted,Rain/Wind/Minor,1,5,['Front_Passenger'],['Shoulder_Lapbelt'],0,0,Valid,0.0,2.0,34.0,18.0,"['Male', 'Female']",2,0,2,4,5,Wet/Standing Water,Curve,Grade/Hillcrest,Lowest,No
162,1,Alabama,10165,0,1,1,0,2,NOT APPLICABLE,March,11,Saturday,22,0,Rural,Medium Speed (Collector),No,31.73565,-86.37991944,Non-Intersection,Dark - Not Lighted,Clear,10:00pm-10:59pm,3,10:00pm-10:59pm,16,11:00pm-11:59pm,28,1,Dark - Unlighted,Clear,1,1,['Front_Passenger'],['None_Used'],0,0,Valid,0.0,1.0,37.0,37.0,['Female'],0,0,3,4,3,Dry,Straight,Level,Lowest,No
163,1,Alabama,10166,0,1,1,0,1,HOMEWOOD,March,12,Sunday,13,41,Urban,High Speed (Arterial),Yes,33.44984167,-86.81782778,Non-Intersection,Daylight,Rain,1:00pm-1:59pm,41,1:00pm-1:59pm,41,Not Applicable (Not Transported),Not Applicable (Not Transported),1,Daylight,Rain/Wind/Minor,1,0,['Driver'],['Shoulder_Lapbelt'],0,0,Valid,1.0,1.0,51.0,51.0,['Male'],0,0,3,4,3,Wet/Standing Water,Straight,Grade/Hillcrest,Medium,No
164,1,Alabama,10167,0,1,1,0,3,MONTGOMERY,March,14,Tuesday,14,32,Urban,High Speed (Arterial),Yes,32.36533056,-86.285675,Non-Intersection,Daylight,Clear,2:00pm-2:59pm,32,2:00pm-2:59pm,35,Unknown,Unknown EMS Hospital Arrival Time,1,Daylight,Clear,1,2,['Driver'],['Shoulder_Lapbelt'],0,0,Invalid,0.0,0.0,29.0,29.0,['Female'],0,0,3,4,3,Dry,Straight,Level,Lowest,No
165,1,Alabama,10168,0,1,1,0,3,NOT APPLICABLE,March,13,Monday,14,20,Rural,Medium Speed (Collector),No,34.47348611,-86.63823056,Non-Intersection,Daylight,Clear,2:00pm-2:59pm,31,3:00pm-3:59pm,0,3:00pm-3:59pm,58,1,Daylight,Clear,1,2,['Driver'],['None_Used'],0,0,Valid,2.0,3.0,28.0,28.0,['Female'],3,0,2,4,3,Dry,Straight,Grade/Hillcrest,Lowest,No
166,1,Alabama,10169,0,1,1,0,2,NOT APPLICABLE,March,10,Friday,12,28,Rural,Medium Speed (Collector),No,33.68173056,-86.68076667,Non-Intersection,Daylight,Cloudy,12:00pm-12:59pm,28,12:00pm-12:59pm,32,Unknown,Unknown EMS Hospital Arrival Time,1,Daylight,Reduced Visibility,1,1,['Front_Passenger'],['Shoulder_Lapbelt'],0,0,Valid,0.0,0.0,69.0,69.0,['Female'],0,0,2,4,3,Dry,Straight,Level,Lowest,No
167,1,Alabama,10170,1,2,2,0,1,BIRMINGHAM,March,11,Saturday,4,47,Urban,Medium Speed (Collector),No,33.59154722,-86.71340278,Non-Intersection,Dark - Not Lighted,Clear,4:00am-4:59am,47,4:00am-4:59am,55,Not Applicable (Not Transported),Not Applicable (Not Transported),1,Dark - Unlighted,Clear,0,1,[],[],0,0,Invalid,0.0,0.0,999.0,999.0,['Other'],0,0,1,0,5,Dry,Straight,Level,Lowest,No
168,1,Alabama,10171,1,3,3,0,5,BIRMINGHAM,March,12,Sunday,1,38,Urban,High Speed (Arterial),Yes,33.4863,-86.82565,Non-Intersection,Dark - Not Lighted,Clear,1:00am-1:59am,38,1:00am-1:59am,48,Unknown,Unknown EMS Hospital Arrival Time,1,Dark - Unlighted,Clear,0,5,[],[],0,0,Valid,1.0,2.0,46.0,22.0,"['Female', 'Female']",0,0,3,4,5,Dry,Straight,Grade/Hillcrest,Lowest,No