,State_Code,State_Name,Crash_ID,Count_Non_Motorists,Count_Vehicles_Total,Count_Vehicle_Forms,Count_PVH_Involved,Count_Occupants_MV,City_Name,Month_Name,Day_of_Month,Day_of_Week,Crash_Hour,Crash_Minute,Area_Rural_Urban,Road_Functional_Class,On_NHS_Road,Latitude,Longitude,Intersection_Type,Light_Condition,Weather_Condition,Notif_Hour,Notif_Minute,Arrival_Hour,Arrival_Minute,Hospital_Hour,Hospital_Minute,Fatalities_Count,Clean_Light_Condition,Clean_Weather_Condition,Total_Killed,Total_Alive,Fatal_Seats_List,Killed_Restraint_List,Any_Driver_Drinking,Total_Drinking_Drivers,Driver_License_Category,Driver_Max_Prev_Accident_Count,Driver_Max_Prev_Speeding_Count,Max_Driver_Age,Min_Driver_Age,Driver_Sex_List,Total_Exceeding_Limit_Vehicles,Total_Too_Fast_Vehicles,Max_Vehicle_Type_Severity_5,Max_Vehicle_Damage_Rank,Max_Harmful_Event_Severity,Crash_Road_Surface_Condition,Crash_Horizontal_Alignment,Crash_Vertical_Profile,Crash_Impairment_Category,Crash_Vehicle_Defect
169,1,Alabama,10172,1,1,1,0,1,FLORENCE,March,14,Tuesday,22,37,Urban,High Speed (Arterial),Yes,34.80740556,-87.641425,Complex/Circle,Dark - Lighted,Clear,10:00pm-10:59pm,37,10:00pm-10:59pm,40,Unknown,Unknown EMS Hospital Arrival Time,1,Dark - Lighted,Clear,0,1,[],[],0,0,Valid,0.0,0.0,44.0,44.0,['Male'],0,0,2,2,4,Dry,Straight,Level,Lowest,No
170,1,Alabama,10173,0,1,1,0,1,FLOMATON,March,15,Wednesday,20,56,Rural,Low Speed (Local),No,31.00565833,-87.30811944,Non-Intersection,Dark - Not Lighted,Clear,Unknown,Unknown,9:00pm-9:59pm,0,Not Applicable (Not Transported),Not Applicable (Not Transported),1,Dark - Unlighted,Clear,1,0,['Driver'],['None_Used'],0,0,Valid,0.0,1.0,61.0,61.0,['Female'],1,0,2,4,3,Dry,Curve,Grade/Hillcrest,Lowest,No
171,1,Alabama,10174,0,2,2,0,3,RAINBOW CITY,March,16,Thursday,14,30,Urban,High Speed (Arterial),Yes,33.96003889,-86.04441667,Complex/Circle,Daylight,Clear,2:00pm-2:59pm,30,2:00pm-2:59pm,38,Unknown,Unknown EMS Hospital Arrival Time,1,Daylight,Clear,1,2,['Driver'],['Shoulder_Lapbelt'],0,0,Valid,1.0,0.0,75.0,66.0,"['Female', 'Male']",0,0,4,4,5,Dry,Straight,Level,Lowest,No
172,1,Alabama,10175,0,1,1,0,1,EUFAULA,March,18,Saturday,18,30,Urban,Medium Speed (Collector),No,31.87364722,-85.14496389,Non-Intersection,Dusk,Clear,6:00pm-6:59pm,35,6:00pm-6:59pm,38,Not Applicable (Not Transported),Not Applicable (Not Transported),1,Twilight,Clear,1,0,['Driver'],['None_Used'],1,1,Invalid,0.0,1.0,33.0,33.0,['Male'],0,0,2,4,3,Dry,Curve,Grade/Hillcrest,Lowest,No
173,1,Alabama,10176,0,2,2,0,4,ONEONTA,March,18,Saturday,21,30,Urban,Medium Speed (Collector),No,33.96990556,-86.45189444,Simple Junction,Dark - Lighted,Clear,9:00pm-9:59pm,32,9:00pm-9:59pm,46,Unknown,Unknown EMS Hospital Arrival Time,2,Dark - Lighted,Clear,2,2,"['Driver', 'Driver']","['None_Used', 'None_Used']",0,0,Invalid,1.0,1.0,33.0,18.0,"['Male', 'Female']",0,0,3,4,5,Dry,Straight,Level,Lowest,No
174,1,Alabama,10177,1,1,1,0,2,HAYDEN,March,18,Saturday,13,24,Urban,Low Speed (Local),No,33.890475,-86.75497222,Non-Intersection,Daylight,Clear,1:00pm-1:59pm,27,1:00pm-1:59pm,35,2:00pm-2:59pm,7,1,Daylight,Clear,0,2,[],[],0,0,Valid,2.0,0.0,33.0,33.0,['Male'],0,0,3,2,4,Dry,Curve,Grade/Hillcrest,Lowest,No
175,1,Alabama,10178,0,2,2,0,7,NOT APPLICABLE,March,19,Sunday,14,55,Rural,High Speed (Arterial),Yes,33.94855278,-87.60008889,Non-Intersection,Daylight,Clear,3:00pm-3:59pm,20,4:00pm-4:59pm,5,5:00pm-5:59pm,16,1,Daylight,Clear,1,6,['Rear_Seat'],['None_Used'],1,1,Valid,1.0,0.0,60.0,29.0,"['Female', 'Female']",0,0,3,4,5,Dry,Straight,Level,Lowest,No
176,1,Alabama,10179,1,1,1,0,1,MONTGOMERY,March,19,Sunday,5,36,Urban,Medium Speed (Collector),No,32.32232778,-86.23848333,Non-Intersection,Dark - Not Lighted,Clear,5:00am-5:59am,36,5:00am-5:59am,41,Not Applicable (Not Transported),Not Applicable (Not Transported),1,Dark - Unlighted,Clear,0,1,[],[],0,0,Valid,1.0,0.0,37.0,37.0,['Male'],0,0,2,2,4,Dry,Straight,Level,Lowest,No
177,1,Alabama,10180,1,1,1,0,2,EUFAULA,March,19,Sunday,19,55,Urban,High Speed (Arterial),Yes,31.87872778,-85.1487,Non-Intersection,Dark - Lighted,Clear,Unknown,Unknown,8:00pm-8:59pm,4,Not Applicable (Not Transported),Not Applicable (Not Transported),1,Dark - Lighted,Clear,0,2,[],[],0,0,Valid,1.0,0.0,65.0,65.0,['Male'],0,0,3,2,4,Dry,Straight,Level,Lowest,No
178,1,Alabama,10181,0,2,2,0,7,NOT APPLICABLE,March,22,Wednesday,16,42,Rural,Medium Speed (Collector),No,33.15035278,-85.32857778,Non-Intersection,Daylight,Clear,5:00pm-5:59pm,5,5:00pm-5:59pm,22,6:00pm-6:59pm,35,2,Daylight,Clear,2,5,"['Driver', 'Front_Passenger']","['None_Used', 'Shoulder_Lapbelt']",0,0,Valid,2.0,0.0,58.0,34.0,"['Female', 'Female']",0,0,3,4,5,Dry,Straight,Grade/Hillcrest,Lowest,No
179,1,Alabama,10182,0,1,1,0,1,NOT APPLICABLE,March,22,Wednesday,16,30,Rural,Medium Speed (Collector),No,34.38587778,-85.74358056,Non-Intersection,Daylight,Cloudy,Unknown,Unknown,Unknown EMS Scene Arrival Hour,Unknown EMS Scene Arrival Minutes,Not Applicable (Not Transported),Not Applicable (Not Transported),1,Daylight,Reduced Visibility,1,0,['Driver'],['None_Used'],1,1,Invalid,0.0,0.0,51.0,51.0,['Male'],1,0,2,4,3,Dry,Curve,Grade/Hillcrest,Lowest,No
180,1,Alabama,10183,0,1,1,0,1,NOT APPLICABLE,March,23,Thursday,5,30,Rural,Medium Speed (Collector),No,31.61222222,-87.68512778,Non-Intersection,Dawn,"Fog, Smog, Smoke",6:00am-6:59am,4,6:00am-6:59am,18,Not Applicable (Not Transported),Not Applicable (Not Transported),1,Twilight,Reduced Visibility,1,0,['Driver'],['None_Used'],1,1,Valid,0.0,1.0,36.0,36.0,['Female'],1,0,3,4,3,Dry,Curve,Level,Lowest,Yes
181,1,Alabama,10184,1,1,1,0,1,NOT APPLICABLE,March,23,Thursday,13,25,Rural,High Speed (Arterial),Yes,30.823325,-87.77396667,Non-Intersection,Daylight,Clear,1:00pm-1:59pm,27,1:00pm-1:59pm,48,2:00pm-2:59pm,40,1,Daylight,Clear,0,1,[],[],0,0,Valid,2.0,0.0,39.0,39.0,['Male'],0,0,4,2,4,Dry,Straight,Level,Lowest,No
182,1,Alabama,10185,0,2,2,0,2,NOT APPLICABLE,March,23,Thursday,15,0,Rural,High Speed (Arterial),Yes,34.48776944,-86.38196667,Simple Junction,Daylight,Clear,3:00pm-3:59pm,7,3:00pm-3:59pm,28,4:00pm-4:59pm,28,1,Daylight,Clear,1,1,['Driver'],['None_Used'],0,0,Valid,0.0,0.0,91.0,18.0,"['Male', 'Female']",0,0,2,4,5,Dry,Straight,Level,Lowest,No
183,1,Alabama,10186,0,1,1,0,1,NOT APPLICABLE,March,25,Saturday,11,17,Rural,High Speed (Arterial),Yes,30.79285556,-87.77043611,Non-Intersection,Daylight,Cloudy,11:00am-11:59am,17,11:00am-11:59am,47,Not Applicable (Not Transported),Not Applicable (Not Transported),1,Daylight,Reduced Visibility,1,0,['Driver'],['None_Used'],0,0,Valid,0.0,1.0,39.0,39.0,['Male'],1,0,3,4,3,Dry,Straight,Grade/Hillcrest,Lowest,No
184,1,Alabama,10187,0,1,1,0,1,NOT APPLICABLE,March,25,Saturday,12,55,Rural,Medium Speed (Collector),No,34.79925278,-87.29503056,Non-Intersection,Daylight,Clear,1:00pm-1:59pm,52,2:00pm-2:59pm,16,3:00pm-3:59pm,11,1,Daylight,Clear,1,0,['Driver'],['None_Used'],0,0,Valid,2.0,0.0,61.0,61.0,['Male'],1,0,3,4,3,Dry,Curve,Level,Lowest,No
185,1,Alabama,10188,0,1,1,0,1,NOT APPLICABLE,March,25,Saturday,13,0,Rural,High Speed (Arterial),Yes,32.45041111,-87.95627778,Non-Intersection,Daylight,Clear,1:00pm-1:59pm,10,1:00pm-1:59pm,19,Not Applicable (Not Transported),Not Applicable (Not Transported),1,Daylight,Clear,1,0,['Driver'],['Shoulder_Lapbelt'],0,0,Valid,0.0,0.0,70.0,70.0,['Male'],0,0,3,4,3,Dry,Straight,Level,Lowest,No
186,1,Alabama,10189,0,1,1,0,1,NOT APPLICABLE,March,25,Saturday,19,25,Rural,High Speed (Arterial),Yes,33.60452222,-86.22931111,Non-Intersection,Dark - Not Lighted,Clear,7:00pm-7:59pm,16,7:00pm-7:59pm,36,Not Applicable (Not Transported),Not Applicable (Not Transported),1,Dark - Unlighted,Clear,1,0,['Driver'],['None_Used'],1,1,Valid,3.0,0.0,57.0,57.0,['Male'],0,0,5,4,3,Dry,Straight,Level,Lowest,No
187,1,Alabama,10190,0,1,1,0,1,NOT APPLICABLE,March,26,Sunday,9,29,Rural,Medium Speed (Collector),No,34.23339722,-87.35983056,Non-Intersection,Daylight,Clear,9:00am-9:59am,28,9:00am-9:59am,41,Not Applicable (Not Transported),Not Applicable (Not Transported),1,Daylight,Clear,1,0,['Driver'],['None_Used'],0,0,Valid,0.0,0.0,69.0,69.0,['Male'],0,0,3,4,3,Dry,Curve,Grade/Hillcrest,Lowest,No
188,1,Alabama,10191,0,2,2,0,5,MONTGOMERY,March,26,Sunday,11,24,Urban,High Speed (Arterial),Yes,32.30206389,-86.20641944,Simple Junction,Daylight,Cloudy,11:00am-11:59am,25,11:00am-11:59am,36,11:00am-11:59am,47,1,Daylight,Reduced Visibility,1,4,['Rear_Seat'],['None_Used'],0,0,Invalid,0.0,0.0,61.0,42.0,"['Male', 'Male']",0,0,3,4,5,Dry,Straight,Level,Lowest,No
189,1,Alabama,10192,1,1,1,0,1,OXFORD,March,27,Monday,13,15,Rural,Low Speed (Local),No,33.61437778,-85.79505833,Non-Intersection,Daylight,Clear,1:00pm-1:59pm,17,1:00pm-1:59pm,23,2:00pm-2:59pm,36,1,Daylight,Clear,0,1,[],[],0,0,Valid,0.0,0.0,17.0,17.0,['Male'],0,0,3,2,4,Dry,Straight,Level,Lowest,No
190,1,Alabama,10193,0,1,1,0,1,NOT APPLICABLE,March,28,Tuesday,6,50,Rural,High Speed (Arterial),Yes,31.01538889,-87.66123333,Non-Intersection,Daylight,Rain,6:00am-6:59am,54,7:00am-7:59am,23,8:00am-8:59am,40,1,Daylight,Rain/Wind/Minor,1,0,['Driver'],['None_Used'],0,0,Valid,0.0,0.0,57.0,57.0,['Male'],1,0,3,4,3,Wet/Standing Water,Straight,Level,Lowest,No
191,1,Alabama,10194,1,1,1,0,1,MOBILE,March,28,Tuesday,6,10,Urban,High Speed (Arterial),Yes,30.68218056,-88.06702222,Non-Intersection,Dark - Lighted,Rain,6:00am-6:59am,25,6:00am-6:59am,29,Not Applicable (Not Transported),Not Applicable (Not Transported),1,Dark - Lighted,Rain/Wind/Minor,0,1,[],[],0,0,Valid,0.0,0.0,30.0,30.0,['Male'],0,0,3,3,4,Wet/Standing Water,Straight,Level,Lowest,No
192,1,Alabama,10195,0,2,2,0,3,NOT APPLICABLE,March,28,Tuesday,18,0,Rural,High Speed (Arterial),Yes,34.23763611,-86.94045833,Simple Junction,Daylight,Clear,5:00pm-5:59pm,52,5:00pm-5:59pm,57,6:00pm-6:59pm,8,1,Daylight,Clear,1,2,['Driver'],['Shoulder_Lapbelt'],0,0,Valid,0.0,0.0,47.0,39.0,"['Female', 'Male']",0,0,3,4,5,Dry,Straight,Level,Lowest,No
193,1,Alabama,10196,1,1,1,0,1,MOBILE,March,28,Tuesday,22,5,Urban,Medium Speed (Collector),No,30.70258889,-88.11945556,Non-Intersection,Dark - Lighted,Clear,10:00pm-10:59pm,5,10:00pm-10:59pm,10,10:00pm-10:59pm,25,1,Dark - Lighted,Clear,0,1,[],[],0,0,Valid,0.0,0.0,49.0,49.0,['Male'],0,0,3,3,4,Dry,Straight,Level,Lowest,No
194,1,Alabama,10197,0,2,2,0,2,MOBILE,March,28,Tuesday,15,30,Urban,Low Speed (Local),No,30.63997778,-88.19743056,Non-Intersection,Daylight,Cloudy,3:00pm-3:59pm,32,3:00pm-3:59pm,37,4:00pm-4:59pm,7,1,Daylight,Reduced Visibility,1,1,['Driver'],['None_Used'],0,0,Valid,2.0,2.0,31.0,23.0,"['Male', 'Male']",1,0,5,4,5,Dry,Straight,Grade/Hillcrest,Lowest,No
195,1,Alabama,10198,0,2,2,0,4,NOT APPLICABLE,March,29,Wednesday,23,12,Rural,High Speed (Arterial),Yes,33.05518889,-87.57994444,Simple Junction,Dark - Not Lighted,Cloudy,11:00pm-11:59pm,16,11:00pm-11:59pm,30,11:00pm-11:59pm,52,1,Dark - Unlighted,Reduced Visibility,1,3,['Rear_Seat'],['None_Used'],1,1,Valid,1.0,1.0,34.0,24.0,"['Female', 'Male']",3,0,3,4,5,Dry,Straight,Level,Lowest,No
196,1,Alabama,10199,0,2,2,0,7,NOT APPLICABLE,March,30,Thursday,9,25,Rural,Medium Speed (Collector),No,34.95345,-87.46639444,Non-Intersection,Daylight,Clear,9:00am-9:59am,25,9:00am-9:59am,27,Unknown,Unknown EMS Hospital Arrival Time,2,Daylight,Clear,2,5,"['Driver', 'Rear_Seat']","['Shoulder_Lapbelt', 'Child_Safety']",0,0,Valid,0.0,0.0,63.0,55.0,"['Female', 'Male']",0,0,4,4,5,Dry,Curve,Grade/Hillcrest,Lowest,No
197,1,Alabama,10200,0,1,1,0,2,NOT APPLICABLE,March,30,Thursday,14,25,Rural,Medium Speed (Collector),No,34.88744444,-87.843025,Non-Intersection,Daylight,Clear,2:00pm-2:59pm,26,2:00pm-2:59pm,54,4:00pm-4:59pm,13,1,Daylight,Clear,1,1,['Non_Standard_Risk'],['Shoulder_Lapbelt'],0,0,Valid,0.0,0.0,81.0,81.0,['Male'],0,0,3,4,3,Dry,Straight,Grade/Hillcrest,Lowest,No
198,1,Alabama,10201,0,2,2,0,2,NOT APPLICABLE,March,31,Friday,4,45,Rural,High Speed (Arterial),Yes,31.64813333,-87.81568333,Non-Intersection,Dark - Not Lighted,Clear,4:00am-4:59am,45,4:00am-4:59am,50,Not Applicable (Not Transported),Not Applicable (Not Transported),1,Dark - Unlighted,Clear,1,1,['Driver'],['Shoulder_Lapbelt'],0,0,Valid,1.0,2.0,53.0,20.0,"['Female', 'Male']",0,0,4,4,5,Dry,Curve,Level,Lowest,No
199,1,Alabama,10202,0,1,1,0,1,NOT APPLICABLE,March,31,Friday,2,30,Rural,Medium Speed (Collector),No,32.84525556,-87.73315556,Non-Intersection,Dark - Not Lighted,Cloudy,Unknown,Unknown,8:00am-8:59am,15,Not Applicable (Not Transported),Not Applicable (Not Transported),1,Dark - Unlighted,Reduced Visibility,1,0,['Driver'],['None_Used'],1,1,Invalid,1.0,0.0,31.0,31.0,['Male'],0,0,3,4,3,Dry,Straight,Grade/Hillcrest,Medium,No
200,1,Alabama,10203,0,2,2,0,2,NOT APPLICABLE,March,31,Friday,11,50,Rural,Medium Speed (Collector),No,34.30816667,-86.09114167,Non-Intersection,Daylight,Clear,Unknown,Unknown,Unknown EMS Scene Arrival Hour,Unknown EMS Scene Arrival Minutes,Not Applicable (Not Transported),Not Applicable (Not Transported),1,Daylight,Clear,1,1,['Driver'],['None_Used'],0,0,Valid,1.0,1.0,66.0,40.0,"['Male', 'Male']",0,0,4,4,5,Dry,Curve,Level,Lowest,No
201,1,Alabama,10204,0,3,3,0,9,NOT APPLICABLE,March,31,Friday,13,3,Rural,High Speed (Arterial),Yes,32.74203056,-88.09298056,Non-Intersection,Daylight,Clear,1:00pm-1:59pm,15,1:00pm-1:59pm,17,1:00pm-1:59pm,56,1,Daylight,Clear,1,8,['Driver'],['Shoulder_Lapbelt'],0,0,Valid,0.0,0.0,51.0,24.0,"['Female', 'Male', 'Male']",0,0,4,4,5,Dry,Straight,Level,Lowest,No
202,1,Alabama,10205,0,1,1,0,2,BROOKWOOD,April,1,Saturday,15,4,Rural,Low Speed (Local),No,33.25565833,-87.37888056,Non-Intersection,Daylight,Clear,3:00pm-3:59pm,4,3:00pm-3:59pm,22,3:00pm-3:59pm,43,1,Daylight,Clear,1,1,['Driver'],['None_Used'],1,1,Valid,0.0,0.0,51.0,51.0,['Male'],2,0,5,4,3,Dry,Curve,Level,Lowest,No
203,1,Alabama,10206,1,2,1,1,1,NOT APPLICABLE,April,1,Saturday,17,5,Rural,High Speed (Arterial),Yes,33.05521944,-87.71248611,Non-Intersection,Daylight,Clear,5:00pm-5:59pm,9,5:00pm-5:59pm,23,Not Applicable (Not Transported),Not Applicable (Not Transported),1,Daylight,Clear,1,0,['Driver'],['Shoulder_Lapbelt'],0,0,Valid,0.0,0.0,76.0,76.0,['Male'],0,0,3,4,5,Dry,Straight,Level,Lowest,No
204,1,Alabama,10207,0,3,3,0,4,NOT APPLICABLE,April,2,Sunday,2,15,Rural,High Speed (Arterial),Yes,30.56998056,-88.18816389,Non-Intersection,Dark - Not Lighted,Clear,2:00am-2:59am,15,2:00am-2:59am,24,Not Applicable (Not Transported),Not Applicable (Not Transported),2,Dark - Unlighted,Clear,2,2,"['Driver', 'Front_Passenger']","['Shoulder_Lapbelt', 'None_Used']",1,1,Valid,0.0,1.0,65.0,37.0,"['Male', 'Male', 'Male']",0,0,4,4,5,Dry,Straight,Level,Lowest,No
205,1,Alabama,10208,0,2,2,0,2,BIRMINGHAM,April,2,Sunday,13,10,Urban,High Speed (Arterial),Yes,33.54269722,-86.74965833,Non-Intersection,Daylight,Clear,1:00pm-1:59pm,10,1:00pm-1:59pm,13,Unknown,Unknown EMS Hospital Arrival Time,1,Daylight,Clear,1,1,['Driver'],['None_Used'],0,0,Valid,1.0,0.0,40.0,28.0,"['Male', 'Male']",1,0,5,4,5,Dry,Straight,Non-Trafficway,Lowest,No
206,1,Alabama,10209,1,1,1,0,1,NOT APPLICABLE,April,2,Sunday,22,28,Rural,Medium Speed (Collector),No,32.28925556,-85.46988611,Non-Intersection,Dark - Lighted,Clear,Unknown,Unknown,11:00pm-11:59pm,5,Not Applicable (Not Transported),Not Applicable (Not Transported),1,Dark - Lighted,Clear,0,1,[],[],0,0,Invalid,0.0,0.0,999.0,999.0,['Other'],0,0,3,0,4,Dry,Straight,Grade/Hillcrest,Lowest,No
207,1,Alabama,10210,0,1,1,0,1,NOT APPLICABLE,April,2,Sunday,17,30,Rural,Low Speed (Local),No,34.2695,-87.21106111,Non-Intersection,Daylight,Clear,Unknown,Unknown,Unknown EMS Scene Arrival Hour,Unknown EMS Scene Arrival Minutes,Not Applicable (Not Transported),Not Applicable (Not Transported),1,Daylight,Clear,1,0,['Driver'],['Shoulder_Lapbelt'],0,0,Valid,1.0,0.0,69.0,69.0,['Male'],1,0,3,4,3,Dry,Curve,Grade/Hillcrest,Lowest,No
208,1,Alabama,10211,1,2,2,0,1,TUSCALOOSA,April,2,Sunday,0,12,Urban,Medium Speed (Collector),No,33.17536389,-87.52210833,Non-Intersection,Dark - Lighted,Clear,0:00am-0:59am,15,0:00am-0:59am,24,0:00am-0:59am,38,1,Dark - Lighted,Clear,0,1,[],[],1,1,Valid,1.0,0.0,37.0,37.0,['Male'],1,0,3,4,5,Dry,Straight,Level,Lowest,No
209,1,Alabama,10212,0,2,2,0,2,NOT APPLICABLE,April,3,Monday,21,10,Rural,Medium Speed (Collector),No,33.924275,-87.24282778,Non-Intersection,Dark - Not Lighted,Cloudy,9:00pm-9:59pm,7,9:00pm-9:59pm,24,Unknown,Unknown EMS Hospital Arrival Time,1,Dark - Unlighted,Reduced Visibility,1,1,['Driver'],['Shoulder_Lapbelt'],0,0,Valid,0.0,0.0,59.0,17.0,"['Female', 'Female']",0,0,3,4,5,Dry,Straight,Grade/Hillcrest,Medium,No
210,1,Alabama,10213,0,2,2,0,2,NOT APPLICABLE,April,4,Tuesday,15,37,Rural,Medium Speed (Collector),No,33.21356389,-87.48693333,Simple Junction,Daylight,Clear,3:00pm-3:59pm,41,3:00pm-3:59pm,48,4:00pm-4:59pm,4,1,Daylight,Clear,1,1,['Driver'],['None_Used'],0,0,Valid,3.0,2.0,23.0,16.0,"['Male', 'Male']",1,0,5,4,5,Dry,Straight,Level,Lowest,No
211,1,Alabama,10214,0,2,2,0,3,NOT APPLICABLE,April,4,Tuesday,17,30,Rural,High Speed (Arterial),Yes,32.1923,-86.11734167,Simple Junction,Daylight,Clear,5:00pm-5:59pm,45,6:00pm-6:59pm,17,6:00pm-6:59pm,35,1,Daylight,Clear,1,2,['Driver'],['Shoulder_Lapbelt'],0,0,Valid,0.0,2.0,52.0,27.0,"['Male', 'Male']",0,0,4,4,5,Dry,Straight,Level,Lowest,No
212,1,Alabama,10215,0,1,1,0,1,NOT APPLICABLE,April,4,Tuesday,6,45,Rural,Low Speed (Local),No,33.51481944,-88.194725,Non-Intersection,Daylight,Clear,6:00am-6:59am,45,6:00am-6:59am,50,Not Applicable (Not Transported),Not Applicable (Not Transported),1,Daylight,Clear,1,0,['Driver'],['None_Used'],0,0,Valid,0.0,2.0,35.0,35.0,['Male'],1,0,2,4,3,Dry,Curve,Grade/Hillcrest,Lowest,No
213,1,Alabama,10217,0,2,2,0,2,NOT APPLICABLE,April,5,Wednesday,0,50,Rural,Medium Speed (Collector),No,34.32513889,-86.06371389,Non-Intersection,Dark - Not Lighted,Clear,Unknown,Unknown,1:00am-1:59am,20,Unknown,Unknown EMS Hospital Arrival Time,1,Dark - Unlighted,Clear,1,1,['Driver'],['None_Used'],0,0,Valid,1.0,0.0,45.0,34.0,"['Female', 'Male']",0,0,5,4,5,Dry,Straight,Level,Medium,No
214,1,Alabama,10218,0,2,2,0,4,NOT APPLICABLE,April,5,Wednesday,14,30,Rural,Medium Speed (Collector),No,32.59136111,-86.43779167,Non-Intersection,Daylight,Clear,3:00pm-3:59pm,3,3:00pm-3:59pm,24,3:00pm-3:59pm,44,2,Daylight,Clear,2,2,"['Driver', 'Front_Passenger']","['None_Used', 'None_Used']",1,1,Valid,2.0,0.0,83.0,69.0,"['Male', 'Female']",0,0,3,4,5,Dry,Straight,Level,Lowest,No
215,1,Alabama,10219,0,1,1,0,5,NOT APPLICABLE,April,5,Wednesday,21,15,Rural,Medium Speed (Collector),No,31.17295278,-86.85440556,Non-Intersection,Dark - Not Lighted,Clear,9:00pm-9:59pm,19,9:00pm-9:59pm,32,9:00pm-9:59pm,56,1,Dark - Unlighted,Clear,1,4,['Rear_Seat'],['None_Used'],0,0,Valid,0.0,1.0,17.0,17.0,['Male'],5,0,3,4,3,Dry,Curve,Grade/Hillcrest,Lowest,No
216,1,Alabama,10220,0,1,1,0,1,NOT APPLICABLE,April,5,Wednesday,6,56,Urban,Medium Speed (Collector),No,33.71103056,-86.85287222,Non-Intersection,Daylight,Clear,Unknown,Unknown,7:00am-7:59am,2,Not Applicable (Not Transported),Not Applicable (Not Transported),1,Daylight,Clear,1,0,['Driver'],['None_Used'],0,0,Valid,0.0,0.0,43.0,43.0,['Male'],0,0,3,4,3,Dry,Straight,Grade/Hillcrest,Lowest,No
217,1,Alabama,10221,0,2,2,0,2,BIRMINGHAM,April,5,Wednesday,23,53,Urban,High Speed (Arterial),Yes,33.52091389,-86.84924722,Non-Intersection,Dark - Lighted,Clear,Unknown,Unknown,0:00am-0:59am,7,Not Applicable (Not Transported),Not Applicable (Not Transported),1,Dark - Lighted,Clear,1,1,['Driver'],['None_Used'],1,1,Invalid,3.0,0.0,999.0,27.0,"['Male', 'Other']",0,0,5,4,5,Dry,Straight,Level,Lowest,No
218,1,Alabama,10222,1,1,1,0,1,BOAZ,April,4,Tuesday,0,50,Urban,High Speed (Arterial),Yes,34.21278889,-86.15603611,Non-Intersection,Dark - Lighted,Rain,0:00am-0:59am,50,0:00am-0:59am,58,Not Applicable (Not Transported),Not Applicable (Not Transported),1,Dark - Lighted,Rain/Wind/Minor,0,1,[],[],0,0,Valid,0.0,0.0,55.0,55.0,['Male'],0,0,4,2,4,Wet/Standing Water,Straight,Grade/Hillcrest,Lowest,No
219,1,Alabama,10223,0,1,1,0,2,SEMMES,April,6,Thursday,5,52,Urban,Medium Speed (Collector),No,30.78888611,-88.20849167,Non-Intersection,Dawn,Clear,5:00am-5:59am,52,6:00am-6:59am,4,6:00am-6:59am,31,2,Twilight,Clear,2,0,"['Driver', 'Front_Passenger']","['None_Used', 'None_Used']",0,0,Valid,1.0,0.0,55.0,55.0,['Male'],0,0,3,4,3,Dry,Straight,Level,Lowest,No
220,1,Alabama,10224,0,2,2,0,1,MONTGOMERY,April,6,Thursday,18,2,Urban,High Speed (Arterial),Yes,32.36548333,-86.2835,Non-Intersection,Dusk,Rain,6:00pm-6:59pm,7,6:00pm-6:59pm,12,6:00pm-6:59pm,22,1,Twilight,Rain/Wind/Minor,1,0,['Driver'],['Shoulder_Lapbelt'],0,0,Valid,0.0,0.0,61.0,61.0,['Male'],0,0,2,4,5,Dry,Straight,Level,Lowest,No
221,1,Alabama,10225,0,1,1,0,1,NOT APPLICABLE,April,7,Friday,13,35,Rural,Medium Speed (Collector),No,33.97066667,-86.39793611,Non-Intersection,Daylight,Rain,1:00pm-1:59pm,40,1:00pm-1:59pm,48,Not Applicable (Not Transported),Not Applicable (Not Transported),1,Daylight,Rain/Wind/Minor,1,0,['Driver'],['Shoulder_Lapbelt'],0,0,Invalid,0.0,0.0,41.0,41.0,['Male'],0,0,3,4,3,Wet/Standing Water,Straight,Grade/Hillcrest,Lowest,No
222,1,Alabama,10226,1,2,2,0,2,NOT APPLICABLE,April,7,Friday,21,0,Rural,Medium Speed (Collector),No,34.2383,-86.28931667,Non-Intersection,Dark - Not Lighted,Cloudy,8:00pm-8:59pm,55,Unknown EMS Scene Arrival Hour,Unknown EMS Scene Arrival Minutes,Not Applicable (Not Transported),Not Applicable (Not Transported),1,Dark - Unlighted,Reduced Visibility,0,2,[],[],0,0,Invalid,0.0,1.0,999.0,30.0,"['Other', 'Male']",1,0,3,4,5,Wet/Standing Water,Curve,Grade/Hillcrest,Lowest,No
223,1,Alabama,10227,0,1,1,0,1,NOT APPLICABLE,April,7,Friday,23,48,Rural,High Speed (Arterial),Yes,31.9959,-86.52477778,Non-Intersection,Dark - Not Lighted,Clear,Unknown,Unknown,0:00am-0:59am,15,Not Applicable (Not Transported),Not Applicable (Not Transported),1,Dark - Unlighted,Clear,1,0,['Driver'],['Shoulder_Lapbelt'],1,1,Valid,0.0,1.0,36.0,36.0,['Male'],1,0,2,4,3,Dry,Straight,Level,Lowest,No
224,1,Alabama,10228,0,1,1,0,1,NOT APPLICABLE,April,8,Saturday,8,12,Rural,Medium Speed (Collector),No,30.467675,-88.38431389,Non-Intersection,Daylight,Rain,8:00am-8:59am,13,8:00am-8:59am,34,Not Applicable (Not Transported),Not Applicable (Not Transported),1,Daylight,Rain/Wind/Minor,1,0,['Driver'],['None_Used'],0,0,Valid,0.0,0.0,54.0,54.0,['Female'],0,0,2,4,3,Wet/Standing Water,Straight,Level,Lowest,No
225,1,Alabama,10229,0,1,1,0,1,NOT APPLICABLE,April,9,Sunday,7,25,Rural,High Speed (Arterial),Yes,31.09799444,-87.51480278,Non-Intersection,Daylight,Clear,Unknown,Unknown,Unknown EMS Scene Arrival Hour,Unknown EMS Scene Arrival Minutes,Not Applicable (Not Transported),Not Applicable (Not Transported),1,Daylight,Clear,1,0,['Driver'],['None_Used'],1,1,Valid,0.0,1.0,43.0,43.0,['Male'],0,0,2,4,3,Dry,Straight,Level,Lowest,No
226,1,Alabama,10230,0,1,1,0,1,NOT APPLICABLE,April,11,Tuesday,10,20,Rural,Low Speed (Local),No,34.71798611,-87.790125,Non-Intersection,Daylight,Clear,10:00am-10:59am,20,10:00am-10:59am,24,Not Applicable (Not Transported),Not Applicable (Not Transported),1,Daylight,Clear,1,0,['Driver'],['Shoulder_Lapbelt'],0,0,Valid,0.0,0.0,48.0,48.0,['Male'],0,0,4,4,4,Dry,Straight,Level,Lowest,No