,State_Code,State_Name,Crash_ID,Count_Non_Motorists,Count_Vehicles_Total,Count_Vehicle_Forms,Count_PVH_Involved,Count_Occupants_MV,City_Name,Month_Name,Day_of_Month,Day_of_Week,Crash_Hour,Crash_Minute,Area_Rural_Urban,Road_Functional_Class,On_NHS_Road,Latitude,Longitude,Intersection_Type,Light_Condition,Weather_Condition,Notif_Hour,Notif_Minute,Arrival_Hour,Arrival_Minute,Hospital_Hour,Hospital_Minute,Fatalities_Count,Clean_Light_Condition,Clean_Weather_Condition,Total_Killed,Total_Alive,Fatal_Seats_List,Killed_Restraint_List,Any_Driver_Drinking,Total_Drinking_Drivers,Driver_License_Category,Driver_Max_Prev_Accident_Count,Driver_Max_Prev_Speeding_Count,Max_Driver_Age,Min_Driver_Age,Driver_Sex_List,Total_Exceeding_Limit_Vehicles,Total_Too_Fast_Vehicles,Max_Vehicle_Type_Severity_5,Max_Vehicle_Damage_Rank,Max_Harmful_Event_Severity,Crash_Road_Surface_Condition,Crash_Horizontal_Alignment,Crash_Vertical_Profile,Crash_Impairment_Category,Crash_Vehicle_Defect
227,1,Alabama,10231,0,3,3,0,7,NOT APPLICABLE,April,9,Sunday,19,55,Rural,High Speed (Arterial),Yes,31.01310833,-88.02425278,Non-Intersection,Dusk,Clear,7:00pm-7:59pm,57,8:00pm-8:59pm,22,9:00pm-9:59pm,9,1,Twilight,Clear,1,6,['Driver'],['None_Used'],1,1,Valid,0.0,3.0,55.0,23.0,"['Male', 'Male', 'Female']",0,0,2,4,5,Dry,Straight,Level,Lowest,No
228,1,Alabama,10232,0,2,2,0,2,NOT APPLICABLE,April,11,Tuesday,8,8,Rural,High Speed (Arterial),Yes,31.414825,-86.79200556,Non-Intersection,Daylight,Clear,8:00am-8:59am,18,8:00am-8:59am,34,Unknown,Unknown EMS Hospital Arrival Time,1,Daylight,Clear,1,1,['Driver'],['Shoulder_Lapbelt'],0,0,Valid,0.0,0.0,67.0,30.0,"['Female', 'Male']",0,0,4,4,5,Dry,Straight,Grade/Hillcrest,Lowest,No
229,1,Alabama,10233,0,2,2,0,2,NOT APPLICABLE,April,13,Thursday,5,0,Rural,Medium Speed (Collector),No,31.71151111,-85.68725833,Non-Intersection,Dark - Not Lighted,Cloudy,5:00am-5:59am,0,5:00am-5:59am,51,Unknown,Unknown EMS Hospital Arrival Time,1,Dark - Unlighted,Reduced Visibility,1,1,['Driver'],['Shoulder_Lapbelt'],1,1,Valid,0.0,0.0,58.0,30.0,"['Male', 'Female']",0,0,3,4,5,Wet/Standing Water,Straight,Level,Lowest,No
230,1,Alabama,10234,0,4,4,0,4,MADISON,April,6,Thursday,21,45,Urban,High Speed (Arterial),Yes,34.67882778,-86.73914167,Non-Intersection,Dark - Lighted,Rain,9:00pm-9:59pm,45,9:00pm-9:59pm,52,11:00pm-11:59pm,10,1,Dark - Lighted,Rain/Wind/Minor,1,3,['Driver'],['Shoulder_Lapbelt'],1,1,Valid,1.0,1.0,63.0,29.0,"['Male', 'Female', 'Male', 'Male']",0,0,3,4,5,Wet/Standing Water,Straight,Grade/Hillcrest,Lowest,Yes
231,1,Alabama,10235,0,2,2,0,6,BESSEMER,April,13,Thursday,8,14,Urban,Low Speed (Local),No,33.45606389,-86.94409167,Complex/Circle,Daylight,Rain,8:00am-8:59am,15,8:00am-8:59am,24,8:00am-8:59am,49,1,Daylight,Rain/Wind/Minor,1,5,['Rear_Seat'],['Shoulder_Lapbelt'],0,0,Valid,1.0,0.0,56.0,48.0,"['Female', 'Male']",0,0,2,4,5,Wet/Standing Water,Straight,Level,Lowest,No
232,1,Alabama,10236,1,1,1,0,1,NOT APPLICABLE,April,13,Thursday,21,50,Rural,Medium Speed (Collector),No,31.51096667,-87.39409722,Non-Intersection,Dark - Not Lighted,Clear,9:00pm-9:59pm,59,10:00pm-10:59pm,5,Not Applicable (Not Transported),Not Applicable (Not Transported),1,Dark - Unlighted,Clear,0,1,[],[],0,0,Valid,0.0,0.0,41.0,41.0,['Female'],0,0,3,2,4,Dry,Straight,Level,Lowest,No
233,1,Alabama,10237,0,2,2,0,2,DOTHAN,April,13,Thursday,17,56,Urban,High Speed (Arterial),Yes,31.200225,-85.43513333,Complex/Circle,Daylight,Clear,6:00pm-6:59pm,0,6:00pm-6:59pm,8,6:00pm-6:59pm,20,1,Daylight,Clear,1,1,['Driver'],['None_Used'],0,0,Valid,1.0,1.0,31.0,27.0,"['Female', 'Male']",1,0,5,4,5,Dry,Straight,Level,Lowest,Yes
234,1,Alabama,10238,1,1,1,0,2,MOBILE,April,15,Saturday,2,8,Urban,High Speed (Arterial),Yes,30.71783056,-88.13570833,Non-Intersection,Dark - Lighted,Clear,2:00am-2:59am,14,2:00am-2:59am,23,Not Applicable (Not Transported),Not Applicable (Not Transported),1,Dark - Lighted,Clear,0,2,[],[],1,1,Valid,1.0,0.0,27.0,27.0,['Female'],0,0,3,2,4,Dry,Straight,Level,Lowest,No
235,1,Alabama,10239,0,2,2,0,2,NORTHPORT,April,15,Saturday,0,19,Urban,High Speed (Arterial),Yes,33.24051389,-87.66241389,Non-Intersection,Dark - Not Lighted,Clear,0:00am-0:59am,19,0:00am-0:59am,21,Unknown,Unknown EMS Hospital Arrival Time,1,Dark - Unlighted,Clear,1,1,['Driver'],['Shoulder_Lapbelt'],1,1,Invalid,0.0,0.0,24.0,22.0,"['Male', 'Male']",0,0,3,4,5,Dry,Straight,Level,Lowest,No
236,1,Alabama,10240,0,1,1,0,1,NOT APPLICABLE,April,16,Sunday,18,33,Rural,Low Speed (Local),No,34.21295833,-86.51796111,Non-Intersection,Daylight,Clear,6:00pm-6:59pm,40,6:00pm-6:59pm,57,Not Applicable (Not Transported),Not Applicable (Not Transported),1,Daylight,Clear,1,0,['Driver'],['None_Used'],0,0,Invalid,0.0,0.0,35.0,35.0,['Male'],0,0,5,4,3,Dry,Straight,Grade/Hillcrest,Lowest,Yes
237,1,Alabama,10241,0,2,2,0,5,TUSCALOOSA,April,15,Saturday,1,48,Urban,High Speed (Arterial),Yes,33.17344722,-87.47534444,Non-Intersection,Dark - Lighted,Clear,1:00am-1:59am,51,2:00am-2:59am,55,3:00am-3:59am,24,2,Dark - Lighted,Clear,2,3,"['Driver', 'Front_Passenger']","['Shoulder_Lapbelt', 'Shoulder_Lapbelt']",1,1,Valid,0.0,0.0,26.0,17.0,"['Male', 'Female']",0,0,4,4,5,Dry,Straight,Level,Medium,No
238,1,Alabama,10242,0,1,1,0,1,ATHENS,June,9,Friday,20,30,Urban,High Speed (Arterial),Yes,34.759875,-86.95723889,Non-Intersection,Dark - Not Lighted,Clear,8:00pm-8:59pm,28,8:00pm-8:59pm,37,Not Applicable (Not Transported),Not Applicable (Not Transported),1,Dark - Unlighted,Clear,1,0,['Driver'],['None_Used'],1,1,Valid,1.0,1.0,30.0,30.0,['Male'],0,0,5,4,3,Dry,Straight,Level,Lowest,No
239,1,Alabama,10243,0,1,1,0,3,NOT APPLICABLE,April,16,Sunday,2,45,Rural,Medium Speed (Collector),No,32.54864167,-85.16531389,Non-Intersection,Dark - Not Lighted,Clear,2:00am-2:59am,47,2:00am-2:59am,55,3:00am-3:59am,25,1,Dark - Unlighted,Clear,1,2,['Front_Passenger'],['None_Used'],0,0,Invalid,0.0,0.0,15.0,15.0,['Male'],3,0,3,4,3,Dry,Curve,Grade/Hillcrest,Lowest,No
240,1,Alabama,10244,0,2,2,0,2,NOT APPLICABLE,April,17,Monday,14,55,Rural,Medium Speed (Collector),No,33.90036944,-86.736225,Non-Intersection,Daylight,Clear,3:00pm-3:59pm,0,3:00pm-3:59pm,9,Not Applicable (Not Transported),Not Applicable (Not Transported),1,Daylight,Clear,1,1,['Driver'],['None_Used'],0,0,Valid,1.0,0.0,60.0,35.0,"['Male', 'Female']",0,0,2,4,5,Dry,Curve,Grade/Hillcrest,Lowest,No
241,1,Alabama,10245,0,1,1,0,2,NOT APPLICABLE,April,17,Monday,18,45,Rural,Low Speed (Local),No,33.09184444,-85.24541389,Non-Intersection,Dark - Not Lighted,Clear,6:00pm-6:59pm,57,7:00pm-7:59pm,48,9:00pm-9:59pm,0,1,Dark - Unlighted,Clear,1,1,['Front_Passenger'],['None_Used'],0,0,Valid,0.0,0.0,16.0,16.0,['Female'],2,0,2,4,3,Dry,Curve,Grade/Hillcrest,Lowest,No
242,1,Alabama,10246,0,1,1,0,2,CEDAR BLUFF,April,20,Thursday,14,1,Urban,Medium Speed (Collector),No,34.21815556,-85.60258611,Non-Intersection,Daylight,Clear,2:00pm-2:59pm,4,2:00pm-2:59pm,26,3:00pm-3:59pm,10,1,Daylight,Clear,1,1,['Front_Passenger'],['Shoulder_Lapbelt'],0,0,Valid,0.0,0.0,73.0,73.0,['Male'],2,0,2,4,3,Dry,Straight,Level,Lowest,No
243,1,Alabama,10247,0,1,1,0,1,HELENA,April,20,Thursday,18,46,Urban,Medium Speed (Collector),No,33.29,-86.84011944,Non-Intersection,Dusk,Clear,6:00pm-6:59pm,46,6:00pm-6:59pm,50,Not Applicable (Not Transported),Not Applicable (Not Transported),1,Twilight,Clear,1,0,['Driver'],['Shoulder_Lapbelt'],0,0,Valid,1.0,0.0,49.0,49.0,['Male'],0,0,3,4,3,Dry,Curve,Grade/Hillcrest,Lowest,No
244,1,Alabama,10248,0,2,2,0,2,ALBERTVILLE,April,21,Friday,8,25,Urban,High Speed (Arterial),Yes,34.28836389,-86.23980556,Simple Junction,Daylight,Clear,8:00am-8:59am,29,8:00am-8:59am,35,9:00am-9:59am,3,1,Daylight,Clear,1,1,['Driver'],['Shoulder_Lapbelt'],1,1,Valid,0.0,1.0,52.0,21.0,"['Male', 'Male']",1,0,3,4,5,Dry,Straight,Grade/Hillcrest,Lowest,No
245,1,Alabama,10249,1,1,1,0,1,MUNFORD,April,21,Friday,3,30,Urban,High Speed (Arterial),Yes,33.53256667,-85.93977222,Non-Intersection,Dark - Not Lighted,Clear,3:00am-3:59am,30,3:00am-3:59am,45,Not Applicable (Not Transported),Not Applicable (Not Transported),1,Dark - Unlighted,Clear,0,1,[],[],0,0,Valid,0.0,0.0,53.0,53.0,['Male'],0,0,3,4,4,Dry,Straight,Level,Lowest,No
246,1,Alabama,10250,0,2,2,0,3,NOT APPLICABLE,April,22,Saturday,22,47,Urban,Medium Speed (Collector),No,33.42205278,-87.00053333,Non-Intersection,Dark - Not Lighted,Clear,10:00pm-10:59pm,48,11:00pm-11:59pm,2,11:00pm-11:59pm,23,1,Dark - Unlighted,Clear,1,2,['Driver'],['None_Used'],0,0,Valid,0.0,0.0,49.0,28.0,"['Male', 'Male']",0,0,3,4,5,Dry,Straight,Grade/Hillcrest,Lowest,No
247,1,Alabama,10251,0,1,1,0,1,MARION,April,22,Saturday,21,0,Rural,Medium Speed (Collector),No,32.67515556,-87.22371944,Non-Intersection,Dark - Not Lighted,Clear,9:00pm-9:59pm,5,9:00pm-9:59pm,16,10:00pm-10:59pm,0,1,Dark - Unlighted,Clear,1,0,['Driver'],['None_Used'],1,1,Invalid,0.0,0.0,25.0,25.0,['Male'],0,0,2,0,2,Dry,Straight,Level,Lowest,No
248,1,Alabama,10252,0,1,1,0,1,NOT APPLICABLE,April,22,Saturday,0,45,Rural,Medium Speed (Collector),No,34.77585278,-87.01608056,Non-Intersection,Dark - Not Lighted,Clear,0:00am-0:59am,46,1:00am-1:59am,8,Not Applicable (Not Transported),Not Applicable (Not Transported),1,Dark - Unlighted,Clear,1,0,['Driver'],['Shoulder_Lapbelt'],1,1,Valid,2.0,1.0,21.0,21.0,['Male'],1,0,3,4,3,Wet/Standing Water,Curve,Grade/Hillcrest,Lowest,No
249,1,Alabama,10253,0,1,1,0,1,NOT APPLICABLE,April,22,Saturday,21,45,Rural,High Speed (Arterial),Yes,33.17735,-87.38298056,Non-Intersection,Dark - Not Lighted,Clear,8:00pm-8:59pm,59,9:00pm-9:59pm,11,Not Applicable (Not Transported),Not Applicable (Not Transported),1,Dark - Unlighted,Clear,1,0,['Driver'],['None_Used'],1,1,Valid,1.0,2.0,21.0,21.0,['Female'],0,0,2,4,3,Dry,Straight,Level,Lowest,No
250,1,Alabama,10254,0,2,2,0,2,DAPHNE,April,23,Sunday,3,15,Urban,High Speed (Arterial),Yes,30.658575,-87.88961944,Non-Intersection,Dark - Not Lighted,Clear,3:00am-3:59am,18,3:00am-3:59am,24,3:00am-3:59am,36,1,Dark - Unlighted,Clear,1,1,['Driver'],['Shoulder_Lapbelt'],1,1,Valid,0.0,0.0,31.0,27.0,"['Female', 'Male']",0,0,3,4,5,Dry,Straight,Level,Lowest,No
251,1,Alabama,10255,0,1,1,0,1,NOT APPLICABLE,April,23,Sunday,2,30,Rural,Low Speed (Local),No,31.09769722,-86.03608333,Non-Intersection,Dark - Not Lighted,Clear,Unknown,Unknown,Unknown EMS Scene Arrival Hour,Unknown EMS Scene Arrival Minutes,Not Applicable (Not Transported),Not Applicable (Not Transported),1,Dark - Unlighted,Clear,1,0,['Driver'],['Shoulder_Lapbelt'],1,1,Valid,0.0,0.0,45.0,45.0,['Male'],0,0,3,4,3,Dry,Straight,Level,Lowest,No
252,1,Alabama,10256,0,1,1,0,3,THOMASVILLE,April,23,Sunday,10,27,Urban,High Speed (Arterial),Yes,31.83407778,-87.74944167,Non-Intersection,Daylight,Clear,10:00am-10:59am,27,10:00am-10:59am,42,Unknown,Unknown EMS Hospital Arrival Time,1,Daylight,Clear,1,2,['Rear_Seat'],['None_Used'],0,0,Valid,0.0,0.0,20.0,20.0,['Male'],3,0,2,4,2,Dry,Straight,Level,Lowest,No
253,1,Alabama,10257,1,2,2,0,1,MOBILE,April,23,Sunday,11,40,Urban,High Speed (Arterial),No,30.61974167,-88.07795278,Non-Intersection,Daylight,Clear,11:00am-11:59am,44,11:00am-11:59am,50,12:00pm-12:59pm,12,1,Daylight,Clear,0,1,[],[],1,1,Valid,0.0,0.0,67.0,67.0,['Male'],0,0,3,3,5,Dry,Straight,Level,Lowest,No
254,1,Alabama,10258,0,1,1,0,2,NOT APPLICABLE,April,24,Monday,16,15,Rural,Medium Speed (Collector),No,33.98928889,-87.336475,Non-Intersection,Daylight,Clear,4:00pm-4:59pm,39,5:00pm-5:59pm,25,6:00pm-6:59pm,9,1,Daylight,Clear,1,1,['Driver'],['None_Used'],0,0,Invalid,0.0,0.0,46.0,46.0,['Male'],0,0,4,4,3,Dry,Straight,Level,Lowest,Yes
255,1,Alabama,10259,0,3,3,0,3,HARTSELLE,April,25,Tuesday,14,15,Urban,High Speed (Arterial),Yes,34.44099444,-86.97230556,Simple Junction,Daylight,Cloudy,2:00pm-2:59pm,15,2:00pm-2:59pm,25,Unknown,Unknown EMS Hospital Arrival Time,1,Daylight,Reduced Visibility,1,2,['Driver'],['Shoulder_Lapbelt'],0,0,Valid,1.0,0.0,72.0,25.0,"['Male', 'Female', 'Male']",0,0,4,4,5,Dry,Straight,Grade/Hillcrest,Lowest,No
256,1,Alabama,10260,0,1,1,0,1,HOOVER,April,26,Wednesday,23,10,Urban,Low Speed (Local),No,33.28020556,-86.89651667,Non-Intersection,Dark - Not Lighted,Clear,11:00pm-11:59pm,27,11:00pm-11:59pm,43,Not Applicable (Not Transported),Not Applicable (Not Transported),1,Dark - Unlighted,Clear,1,0,['Driver'],['None_Used'],0,0,Valid,0.0,0.0,18.0,18.0,['Female'],0,0,3,4,3,Dry,Curve,Level,Lowest,No
257,1,Alabama,10261,0,2,2,0,5,NOT APPLICABLE,April,26,Wednesday,22,10,Rural,High Speed (Arterial),Yes,34.00498333,-86.07986944,Non-Intersection,Dark - Lighted,Clear,10:00pm-10:59pm,10,10:00pm-10:59pm,17,Not Applicable (Not Transported),Not Applicable (Not Transported),5,Dark - Lighted,Clear,5,0,"['Driver', 'Driver', 'Front_Passenger', 'Rear_Seat', 'Rear_Seat']","['Shoulder_Lapbelt', 'None_Used', 'Shoulder_Lapbelt', 'None_Used', 'None_Used']",1,1,Valid,0.0,0.0,44.0,31.0,"['Male', 'Male']",0,0,3,4,5,Dry,Straight,Level,Lowest,No
258,1,Alabama,10262,0,1,1,0,1,MOBILE,April,26,Wednesday,18,27,Urban,Medium Speed (Collector),No,30.63161389,-88.10510556,Non-Intersection,Daylight,Clear,6:00pm-6:59pm,32,6:00pm-6:59pm,41,Not Applicable (Not Transported),Not Applicable (Not Transported),1,Daylight,Clear,1,0,['Driver'],['Shoulder_Lapbelt'],0,0,Valid,0.0,0.0,28.0,28.0,['Male'],0,0,2,4,4,Dry,Straight,Level,Lowest,No
259,1,Alabama,10263,1,1,1,0,1,SLOCOMB,April,28,Friday,21,10,Urban,Medium Speed (Collector),No,31.09615278,-85.59116667,Non-Intersection,Dark - Not Lighted,Clear,9:00pm-9:59pm,9,9:00pm-9:59pm,19,Not Applicable (Not Transported),Not Applicable (Not Transported),1,Dark - Unlighted,Clear,0,1,[],[],0,0,Valid,0.0,0.0,16.0,16.0,['Male'],0,0,3,2,4,Dry,Straight,Level,Lowest,No
260,1,Alabama,10264,1,1,1,0,1,NOT APPLICABLE,April,29,Saturday,3,56,Rural,High Speed (Arterial),Yes,31.75370833,-85.87965556,Non-Intersection,Dark - Not Lighted,Clear,3:00am-3:59am,59,4:00am-4:59am,13,Not Applicable (Not Transported),Not Applicable (Not Transported),1,Dark - Unlighted,Clear,0,1,[],[],0,0,Invalid,0.0,0.0,999.0,999.0,['Other'],0,0,2,3,4,Dry,Straight,Grade/Hillcrest,Lowest,No
261,1,Alabama,10265,1,1,1,0,1,NOT APPLICABLE,April,28,Friday,20,12,Rural,Medium Speed (Collector),No,33.93741389,-87.22449167,Non-Intersection,Dark - Not Lighted,Clear,Unknown,Unknown,Unknown EMS Scene Arrival Hour,Unknown EMS Scene Arrival Minutes,Not Applicable (Not Transported),Not Applicable (Not Transported),1,Dark - Unlighted,Clear,0,1,[],[],0,0,Valid,0.0,1.0,27.0,27.0,['Male'],0,0,3,3,4,Dry,Straight,Grade/Hillcrest,Lowest,No
262,1,Alabama,10266,0,1,1,0,1,NOT APPLICABLE,April,29,Saturday,13,50,Rural,Medium Speed (Collector),No,34.33632222,-87.19812778,Non-Intersection,Daylight,Clear,Unknown,Unknown,2:00pm-2:59pm,26,Not Applicable (Not Transported),Not Applicable (Not Transported),1,Daylight,Clear,1,0,['Driver'],['None_Used'],0,0,Valid,0.0,0.0,20.0,20.0,['Male'],1,0,5,4,3,Dry,Curve,Grade/Hillcrest,Lowest,No
263,1,Alabama,10267,0,1,1,0,1,NOT APPLICABLE,April,29,Saturday,14,30,Rural,High Speed (Arterial),Yes,34.05202222,-86.16516944,Non-Intersection,Daylight,Clear,2:00pm-2:59pm,32,2:00pm-2:59pm,39,Not Applicable (Not Transported),Not Applicable (Not Transported),1,Daylight,Clear,1,0,['Driver'],['None_Used'],0,0,Valid,1.0,1.0,65.0,65.0,['Male'],0,0,3,4,3,Dry,Curve,Grade/Hillcrest,Medium,No
264,1,Alabama,10268,0,1,1,0,1,NOT APPLICABLE,April,30,Sunday,1,50,Rural,Medium Speed (Collector),No,34.71796944,-86.034125,Non-Intersection,Dark - Not Lighted,Rain,1:00am-1:59am,49,1:00am-1:59am,54,Not Applicable (Not Transported),Not Applicable (Not Transported),1,Dark - Unlighted,Rain/Wind/Minor,1,0,['Driver'],['None_Used'],1,1,Valid,1.0,1.0,33.0,33.0,['Male'],1,0,3,4,3,Wet/Standing Water,Curve,Level,Lowest,No
265,1,Alabama,10269,0,1,1,0,1,MOBILE,April,30,Sunday,18,5,Urban,Low Speed (Local),No,30.6885,-88.064125,Simple Junction,Daylight,Clear,6:00pm-6:59pm,7,6:00pm-6:59pm,11,6:00pm-6:59pm,24,1,Daylight,Clear,1,0,['Driver'],['None_Used'],1,1,Invalid,0.0,1.0,31.0,31.0,['Male'],0,0,5,3,2,Dry,Straight,Level,Lowest,No
266,1,Alabama,10270,0,1,1,0,3,GULF SHORES,May,1,Monday,2,43,Urban,Medium Speed (Collector),No,30.26020556,-87.68253333,Non-Intersection,Dark - Not Lighted,Clear,2:00am-2:59am,46,2:00am-2:59am,58,Unknown,Unknown EMS Hospital Arrival Time,1,Dark - Unlighted,Clear,1,2,['Rear_Seat'],['None_Used'],0,0,Invalid,0.0,0.0,34.0,34.0,['Male'],0,0,3,4,3,Dry,Curve,Level,Lowest,No
267,1,Alabama,10271,0,2,2,0,4,NOT APPLICABLE,April,29,Saturday,14,27,Rural,Low Speed (Local),No,33.50325556,-86.10652778,Complex/Circle,Daylight,Clear,2:00pm-2:59pm,22,2:00pm-2:59pm,51,3:00pm-3:59pm,21,2,Daylight,Clear,2,2,"['Driver', 'Front_Passenger']","['Shoulder_Lapbelt', 'Shoulder_Lapbelt']",1,1,Invalid,0.0,2.0,44.0,40.0,"['Male', 'Male']",0,0,3,4,5,Dry,Straight,Level,Lowest,No
268,1,Alabama,10272,1,1,1,0,4,NOT APPLICABLE,April,30,Sunday,23,18,Rural,High Speed (Arterial),Yes,32.40815278,-86.34554722,Non-Intersection,Dark - Not Lighted,Clear,11:00pm-11:59pm,18,11:00pm-11:59pm,40,Not Applicable (Not Transported),Not Applicable (Not Transported),1,Dark - Unlighted,Clear,0,4,[],[],0,0,Valid,1.0,0.0,43.0,43.0,['Female'],0,0,3,2,4,Dry,Straight,Level,Lowest,No
269,1,Alabama,10273,0,2,2,0,2,MARION,April,30,Sunday,17,42,Urban,High Speed (Arterial),Yes,32.62038333,-87.30896944,Non-Intersection,Daylight,Clear,5:00pm-5:59pm,50,6:00pm-6:59pm,14,6:00pm-6:59pm,54,1,Daylight,Clear,1,1,['Driver'],['None_Used'],0,0,Valid,0.0,1.0,53.0,20.0,"['Male', 'Female']",0,0,2,2,5,Dry,Straight,Level,Lowest,No
270,1,Alabama,10274,0,2,2,0,2,NOT APPLICABLE,May,1,Monday,11,30,Rural,Low Speed (Local),No,30.72359167,-88.27616111,Non-Intersection,Daylight,Clear,11:00am-11:59am,39,11:00am-11:59am,55,12:00pm-12:59pm,37,1,Daylight,Clear,1,1,['Driver'],['Shoulder_Lapbelt'],1,1,Invalid,1.0,0.0,68.0,63.0,"['Male', 'Male']",0,0,3,4,5,Dry,Straight,Grade/Hillcrest,Lowest,No
271,1,Alabama,10275,0,1,1,0,2,HIGDON,May,1,Monday,14,45,Urban,Medium Speed (Collector),No,34.84959444,-85.62011111,Non-Intersection,Daylight,Clear,2:00pm-2:59pm,46,2:00pm-2:59pm,58,3:00pm-3:59pm,59,1,Daylight,Clear,1,1,['Front_Passenger'],['None_Used'],1,1,Invalid,0.0,1.0,55.0,55.0,['Male'],2,0,5,4,3,Dry,Curve,Grade/Hillcrest,Lowest,No
272,1,Alabama,10276,0,1,1,0,1,NOT APPLICABLE,May,2,Tuesday,0,21,Rural,Low Speed (Local),No,33.51029167,-87.25708889,Non-Intersection,Dark - Not Lighted,Clear,Unknown,Unknown,Unknown EMS Scene Arrival Hour,Unknown EMS Scene Arrival Minutes,Not Applicable (Not Transported),Not Applicable (Not Transported),1,Dark - Unlighted,Clear,1,0,['Driver'],['None_Used'],0,0,Invalid,0.0,0.0,35.0,35.0,['Male'],1,0,2,4,3,Dry,Curve,Grade/Hillcrest,Lowest,No
273,1,Alabama,10277,1,1,1,0,1,NOT APPLICABLE,May,2,Tuesday,16,5,Rural,Low Speed (Local),No,31.46946111,-86.39556667,Simple Junction,Daylight,Clear,Not Applicable (Not Notified),Not Applicable (Not Notified),Not Applicable,Not Applicable,Not Applicable (Not Transported),Not Applicable (Not Transported),1,Daylight,Clear,0,1,[],[],1,1,Valid,0.0,0.0,54.0,54.0,['Male'],0,0,3,1,4,Dry,Straight,Level,Lowest,No
274,1,Alabama,10278,0,1,1,0,1,NOT APPLICABLE,May,3,Wednesday,6,30,Rural,Medium Speed (Collector),No,34.47435833,-87.15837778,Non-Intersection,Daylight,Clear,6:00am-6:59am,30,6:00am-6:59am,49,Not Applicable (Not Transported),Not Applicable (Not Transported),1,Daylight,Clear,1,0,['Driver'],['None_Used'],0,0,Valid,2.0,0.0,63.0,63.0,['Male'],0,0,4,4,3,Dry,Straight,Level,Medium,No
275,1,Alabama,10279,1,1,1,0,2,MADISON,May,4,Thursday,4,20,Urban,Low Speed (Local),No,34.67017222,-86.75208611,Non-Intersection,Dark - Not Lighted,Clear,4:00am-4:59am,20,4:00am-4:59am,28,Not Applicable (Not Transported),Not Applicable (Not Transported),1,Dark - Unlighted,Clear,0,2,[],[],0,0,Valid,0.0,1.0,63.0,63.0,['Male'],0,0,3,3,4,Dry,Straight,Level,Lowest,No
276,1,Alabama,10280,0,2,2,0,2,JASPER,May,4,Thursday,7,50,Urban,Medium Speed (Collector),No,33.87718056,-87.2368,Non-Intersection,Daylight,Clear,7:00am-7:59am,56,8:00am-8:59am,11,9:00am-9:59am,18,1,Daylight,Clear,1,1,['Driver'],['None_Used'],0,0,Valid,1.0,0.0,56.0,25.0,"['Female', 'Female']",0,0,2,4,5,Dry,Curve,Level,Lowest,No
277,1,Alabama,10281,0,2,2,0,3,MONTGOMERY,May,5,Friday,5,23,Urban,High Speed (Arterial),Yes,32.30173056,-86.19528889,Simple Junction,Dawn,Clear,5:00am-5:59am,38,5:00am-5:59am,52,6:00am-6:59am,4,1,Twilight,Clear,1,2,['Front_Passenger'],['None_Used'],0,0,Valid,4.0,0.0,69.0,66.0,"['Male', 'Female']",0,0,3,4,5,Dry,Straight,Level,Lowest,No
278,1,Alabama,10282,0,1,1,0,2,NOT APPLICABLE,May,6,Saturday,17,0,Rural,Low Speed (Local),No,33.07967778,-87.55817222,Non-Intersection,Daylight,Cloudy,5:00pm-5:59pm,0,5:00pm-5:59pm,11,Not Applicable (Not Transported),Not Applicable (Not Transported),1,Daylight,Reduced Visibility,1,1,['Front_Passenger'],['None_Used'],1,1,Invalid,0.0,0.0,38.0,38.0,['Male'],2,0,3,4,3,Dry,Curve,Level,Lowest,No
279,1,Alabama,10283,0,1,1,0,1,MONTGOMERY,May,6,Saturday,0,16,Urban,High Speed (Arterial),Yes,32.38181111,-86.22485278,Non-Intersection,Dark - Lighted,Clear,0:00am-0:59am,16,0:00am-0:59am,22,Not Applicable (Not Transported),Not Applicable (Not Transported),1,Dark - Lighted,Clear,1,0,['Driver'],['Shoulder_Lapbelt'],1,1,Valid,1.0,0.0,36.0,36.0,['Male'],0,0,3,4,3,Dry,Straight,Level,Lowest,No
280,1,Alabama,10284,0,2,2,0,4,MONTGOMERY,May,7,Sunday,17,12,Urban,High Speed (Arterial),No,32.362525,-86.24419722,Complex/Circle,Daylight,Clear,5:00pm-5:59pm,19,5:00pm-5:59pm,26,5:00pm-5:59pm,43,1,Daylight,Clear,1,3,['Front_Passenger'],['Shoulder_Lapbelt'],0,0,Invalid,1.0,0.0,66.0,34.0,"['Female', 'Male']",0,0,5,4,5,Dry,Straight,Grade/Hillcrest,Lowest,No
281,1,Alabama,10285,0,4,4,0,10,NOT APPLICABLE,May,7,Sunday,22,9,Rural,High Speed (Arterial),Yes,34.14895,-86.86990278,Non-Intersection,Dark - Not Lighted,Clear,10:00pm-10:59pm,19,10:00pm-10:59pm,28,11:00pm-11:59pm,5,1,Dark - Unlighted,Clear,1,9,['Driver'],['None_Used'],0,0,Valid,2.0,0.0,96.0,21.0,"['Female', 'Male', 'Male', 'Male']",0,0,3,4,5,Dry,Straight,Level,Lowest,No
282,1,Alabama,10286,0,2,2,0,4,LINCOLN,May,7,Sunday,19,5,Urban,Medium Speed (Collector),No,33.57275,-86.16856667,Complex/Circle,Dusk,Clear,7:00pm-7:59pm,4,7:00pm-7:59pm,13,8:00pm-8:59pm,48,1,Twilight,Clear,1,3,['Rear_Seat'],['Shoulder_Lapbelt'],0,0,Valid,3.0,1.0,66.0,49.0,"['Female', 'Male']",0,0,3,4,5,Dry,Straight,Grade/Hillcrest,Lowest,No
283,1,Alabama,10287,1,1,1,0,2,ENTERPRISE,May,8,Monday,19,57,Urban,Medium Speed (Collector),No,31.32508333,-85.82336944,Non-Intersection,Dark - Lighted,Cloudy,8:00pm-8:59pm,1,8:00pm-8:59pm,6,8:00pm-8:59pm,36,1,Dark - Lighted,Reduced Visibility,0,2,[],[],0,0,Valid,2.0,0.0,39.0,39.0,['Female'],0,0,2,2,4,Dry,Straight,Level,Lowest,No
284,1,Alabama,10288,1,1,1,0,1,MOBILE,May,8,Monday,2,0,Urban,Medium Speed (Collector),No,30.594125,-88.16603611,Non-Intersection,Dark - Lighted,Cloudy,2:00am-2:59am,4,2:00am-2:59am,13,Not Applicable (Not Transported),Not Applicable (Not Transported),1,Dark - Lighted,Reduced Visibility,0,1,[],[],1,1,Invalid,1.0,0.0,41.0,41.0,['Male'],0,0,3,3,4,Dry,Straight,Level,Lowest,No