,State_Code,State_Name,Crash_ID,Count_Non_Motorists,Count_Vehicles_Total,Count_Vehicle_Forms,Count_PVH_Involved,Count_Occupants_MV,City_Name,Month_Name,Day_of_Month,Day_of_Week,Crash_Hour,Crash_Minute,Area_Rural_Urban,Road_Functional_Class,On_NHS_Road,Latitude,Longitude,Intersection_Type,Light_Condition,Weather_Condition,Notif_Hour,Notif_Minute,Arrival_Hour,Arrival_Minute,Hospital_Hour,Hospital_Minute,Fatalities_Count,Clean_Light_Condition,Clean_Weather_Condition,Total_Killed,Total_Alive,Fatal_Seats_List,Killed_Restraint_List,Any_Driver_Drinking,Total_Drinking_Drivers,Driver_License_Category,Driver_Max_Prev_Accident_Count,Driver_Max_Prev_Speeding_Count,Max_Driver_Age,Min_Driver_Age,Driver_Sex_List,Total_Exceeding_Limit_Vehicles,Total_Too_Fast_Vehicles,Max_Vehicle_Type_Severity_5,Max_Vehicle_Damage_Rank,Max_Harmful_Event_Severity,Crash_Road_Surface_Condition,Crash_Horizontal_Alignment,Crash_Vertical_Profile,Crash_Impairment_Category,Crash_Vehicle_Defect
285,1,Alabama,10289,0,1,1,0,2,MOBILE,May,8,Monday,0,53,Urban,High Speed (Arterial),Yes,30.63390556,-88.11848611,Non-Intersection,Dark - Lighted,Clear,0:00am-0:59am,54,1:00am-1:59am,8,1:00am-1:59am,29,1,Dark - Lighted,Clear,1,1,['Driver'],['None_Used'],1,1,Valid,0.0,1.0,51.0,51.0,['Male'],0,0,5,4,2,Dry,Straight,Level,Lowest,No
286,1,Alabama,10290,1,1,1,0,1,CULLMAN,May,9,Tuesday,19,7,Rural,Low Speed (Local),No,34.18274444,-86.84912778,Non-Intersection,Daylight,Clear,7:00pm-7:59pm,7,7:00pm-7:59pm,12,8:00pm-8:59pm,5,1,Daylight,Clear,0,1,[],[],0,0,Valid,0.0,0.0,77.0,77.0,['Female'],0,0,3,2,4,Dry,Straight,Non-Trafficway,Lowest,No
287,1,Alabama,10291,0,1,1,0,1,HUNTSVILLE,May,10,Wednesday,10,46,Urban,High Speed (Arterial),Yes,34.70052778,-86.517425,Non-Intersection,Daylight,Clear,10:00am-10:59am,45,11:00am-11:59am,0,11:00am-11:59am,8,1,Daylight,Clear,1,0,['Driver'],['None_Used'],0,0,Valid,1.0,0.0,59.0,59.0,['Male'],0,0,3,4,3,Dry,Curve,Grade/Hillcrest,Lowest,No
288,1,Alabama,10292,0,1,1,0,1,NOT APPLICABLE,May,10,Wednesday,1,0,Rural,High Speed (Arterial),Yes,31.42408056,-87.16038889,Non-Intersection,Dark - Unknown Lighting,Reported as Unknown,Unknown,Unknown,Unknown EMS Scene Arrival Hour,Unknown EMS Scene Arrival Minutes,Not Applicable (Not Transported),Not Applicable (Not Transported),1,Dark - Unlighted,Clear,1,0,['Driver'],['None_Used'],1,1,Valid,0.0,0.0,50.0,50.0,['Male'],1,0,3,4,3,Dry,Straight,Level,Medium,No
289,1,Alabama,10293,0,1,1,0,1,NOT APPLICABLE,May,15,Monday,2,30,Rural,Low Speed (Local),No,30.874525,-88.30185556,Non-Intersection,Dark - Not Lighted,Clear,2:00am-2:59am,47,2:00am-2:59am,58,3:00am-3:59am,40,1,Dark - Unlighted,Clear,1,0,['Driver'],['Shoulder_Lapbelt'],0,0,Invalid,1.0,3.0,58.0,58.0,['Male'],0,0,3,4,3,Dry,Curve,Grade/Hillcrest,Lowest,No
290,1,Alabama,10294,0,1,1,0,1,NOT APPLICABLE,May,14,Sunday,4,52,Rural,Low Speed (Local),No,33.52585278,-87.23676111,Non-Intersection,Dark - Not Lighted,"Fog, Smog, Smoke",4:00am-4:59am,53,5:00am-5:59am,19,Not Applicable (Not Transported),Not Applicable (Not Transported),1,Dark - Unlighted,Reduced Visibility,1,0,['Driver'],['None_Used'],0,0,Valid,1.0,0.0,36.0,36.0,['Male'],0,0,3,3,3,Dry,Curve,Grade/Hillcrest,Lowest,No
291,1,Alabama,10295,1,1,1,0,1,TALLADEGA,May,14,Sunday,0,55,Urban,Medium Speed (Collector),Yes,33.46880556,-86.05851111,Non-Intersection,Dark - Not Lighted,Clear,Unknown,Unknown,1:00am-1:59am,16,Not Applicable (Not Transported),Not Applicable (Not Transported),1,Dark - Unlighted,Clear,0,1,[],[],0,0,Invalid,0.0,0.0,999.0,999.0,['Other'],0,0,1,0,4,Dry,Straight,Grade/Hillcrest,Lowest,No
292,1,Alabama,10296,0,1,1,0,4,NOT APPLICABLE,May,13,Saturday,19,55,Rural,Medium Speed (Collector),No,31.96480278,-86.31306944,Complex/Circle,Dark - Not Lighted,Clear,Unknown,Unknown,8:00pm-8:59pm,25,Not Applicable (Not Transported),Not Applicable (Not Transported),1,Dark - Unlighted,Clear,1,3,['Driver'],['Shoulder_Lapbelt'],1,1,Invalid,0.0,0.0,65.0,65.0,['Male'],0,0,3,4,3,Dry,Straight,Level,Lowest,No
293,1,Alabama,10297,1,1,1,0,1,PRICHARD,May,12,Friday,20,3,Urban,Medium Speed (Collector),No,30.74913333,-88.11566111,Non-Intersection,Dark - Not Lighted,Cloudy,8:00pm-8:59pm,4,8:00pm-8:59pm,18,Not Applicable (Not Transported),Not Applicable (Not Transported),1,Dark - Unlighted,Reduced Visibility,0,1,[],[],0,0,Invalid,0.0,0.0,999.0,999.0,['Other'],1,0,1,0,4,Dry,Straight,Level,Lowest,No
294,1,Alabama,10298,0,2,2,0,4,MONTGOMERY,May,12,Friday,20,56,Urban,High Speed (Arterial),Yes,32.31002222,-86.22023333,Simple Junction,Dark - Lighted,Clear,8:00pm-8:59pm,56,9:00pm-9:59pm,1,Unknown,Unknown EMS Hospital Arrival Time,1,Dark - Lighted,Clear,1,3,['Front_Passenger'],['None_Used'],1,1,Valid,1.0,0.0,40.0,25.0,"['Male', 'Female']",0,0,2,4,5,Dry,Straight,Level,Lowest,No
295,1,Alabama,10299,0,4,4,0,7,NOT APPLICABLE,May,1,Monday,8,15,Rural,High Speed (Arterial),Yes,34.30784167,-86.90507222,Non-Intersection,Daylight,Clear,8:00am-8:59am,16,8:00am-8:59am,32,9:00am-9:59am,2,1,Daylight,Clear,1,6,['Driver'],['Shoulder_Lapbelt'],0,0,Valid,1.0,1.0,48.0,37.0,"['Male', 'Male', 'Male', 'Male']",0,0,4,4,5,Dry,Straight,Grade/Hillcrest,Lowest,Yes
296,1,Alabama,10300,0,1,1,0,1,NOT APPLICABLE,May,12,Friday,2,55,Rural,Medium Speed (Collector),No,32.91271667,-86.60951111,Non-Intersection,Dark - Not Lighted,Rain,Unknown,Unknown,3:00am-3:59am,35,Not Applicable (Not Transported),Not Applicable (Not Transported),1,Dark - Unlighted,Rain/Wind/Minor,1,0,['Driver'],['Shoulder_Lapbelt'],0,0,Valid,2.0,0.0,24.0,24.0,['Male'],0,0,4,4,3,Wet/Standing Water,Curve,Level,Medium,No
297,1,Alabama,10301,0,1,1,0,1,NOT APPLICABLE,May,11,Thursday,5,35,Rural,Low Speed (Local),No,34.89636389,-87.38943333,Non-Intersection,Dawn,Cloudy,5:00am-5:59am,39,6:00am-6:59am,25,Not Applicable (Not Transported),Not Applicable (Not Transported),1,Twilight,Reduced Visibility,1,0,['Driver'],['None_Used'],0,0,Valid,1.0,0.0,50.0,50.0,['Male'],0,0,4,4,3,Dry,Straight,Level,Medium,No
298,1,Alabama,10302,0,2,2,0,2,NOT APPLICABLE,May,19,Friday,4,0,Rural,High Speed (Arterial),Yes,34.46694722,-86.78906389,Non-Intersection,Dark - Not Lighted,Cloudy,4:00am-4:59am,2,4:00am-4:59am,23,4:00am-4:59am,57,1,Dark - Unlighted,Reduced Visibility,1,1,['Driver'],['Shoulder_Lapbelt'],0,0,Valid,4.0,1.0,53.0,29.0,"['Female', 'Female']",0,0,4,4,5,Dry,Curve,Grade/Hillcrest,Medium,No
299,1,Alabama,10303,0,2,2,0,3,NOT APPLICABLE,May,18,Thursday,10,0,Rural,Medium Speed (Collector),No,33.38766944,-86.64275556,Non-Intersection,Daylight,Cloudy,9:00am-9:59am,51,9:00am-9:59am,56,Not Applicable (Not Transported),Not Applicable (Not Transported),1,Daylight,Reduced Visibility,1,2,['Driver'],['None_Used'],0,0,Valid,0.0,0.0,75.0,38.0,"['Male', 'Male']",0,0,4,4,5,Dry,Straight,Level,Lowest,No
300,1,Alabama,10304,0,4,4,0,7,NOT APPLICABLE,May,16,Tuesday,17,20,Rural,High Speed (Arterial),Yes,33.30173611,-86.19824167,Non-Intersection,Daylight,Cloudy,5:00pm-5:59pm,21,5:00pm-5:59pm,30,6:00pm-6:59pm,14,1,Daylight,Reduced Visibility,1,6,['Non_Standard_Risk'],['None_Used'],0,0,Valid,1.0,0.0,51.0,23.0,"['Male', 'Male', 'Female', 'Female']",0,0,4,4,5,Dry,Straight,Level,Medium,No
301,1,Alabama,10305,0,1,1,0,1,NOT APPLICABLE,May,21,Sunday,15,43,Rural,Medium Speed (Collector),No,31.56356111,-86.94518611,Non-Intersection,Daylight,Clear,3:00pm-3:59pm,54,4:00pm-4:59pm,8,Unknown,Unknown EMS Hospital Arrival Time,1,Daylight,Clear,1,0,['Driver'],['None_Used'],1,1,Invalid,0.0,0.0,57.0,57.0,['Male'],0,0,3,4,2,Dry,Curve,Grade/Hillcrest,Lowest,No
302,1,Alabama,10306,0,1,1,0,1,NOT APPLICABLE,May,20,Saturday,1,45,Rural,High Speed (Arterial),Yes,33.21745278,-86.80243056,Non-Intersection,Dark - Not Lighted,Clear,Unknown,Unknown,2:00am-2:59am,0,Not Applicable (Not Transported),Not Applicable (Not Transported),1,Dark - Unlighted,Clear,1,0,['Driver'],['None_Used'],0,0,Valid,0.0,1.0,26.0,26.0,['Male'],0,0,5,4,2,Dry,Straight,Level,Lowest,No
303,1,Alabama,10307,0,1,1,0,1,Other,May,20,Saturday,2,51,Urban,Medium Speed (Collector),No,33.232275,-86.85979444,Non-Intersection,Dark - Not Lighted,Clear,Unknown,Unknown,2:00pm-2:59pm,3,Not Applicable (Not Transported),Not Applicable (Not Transported),1,Dark - Unlighted,Clear,1,0,['Driver'],['None_Used'],1,1,Valid,1.0,0.0,27.0,27.0,['Male'],0,0,5,3,3,Dry,Curve,Level,Lowest,No
304,1,Alabama,10308,0,2,2,0,3,MALVERN,May,19,Friday,21,1,Urban,Medium Speed (Collector),No,31.14021944,-85.51686111,Non-Intersection,Dark - Not Lighted,Clear,9:00pm-9:59pm,1,9:00pm-9:59pm,11,Unknown,Unknown EMS Hospital Arrival Time,1,Dark - Unlighted,Clear,1,2,['Driver'],['Shoulder_Lapbelt'],1,1,Valid,1.0,0.0,78.0,56.0,"['Male', 'Male']",1,0,3,4,5,Dry,Curve,Level,Lowest,No
305,1,Alabama,10309,0,2,2,0,6,NOT APPLICABLE,May,19,Friday,18,56,Rural,Medium Speed (Collector),No,34.11016389,-85.60405556,Non-Intersection,Daylight,Clear,6:00pm-6:59pm,50,8:00pm-8:59pm,5,8:00pm-8:59pm,10,2,Daylight,Clear,2,4,"['Front_Passenger', 'Rear_Seat']","['Shoulder_Lapbelt', 'Shoulder_Lapbelt']",0,0,Valid,0.0,0.0,49.0,19.0,"['Male', 'Male']",0,0,3,4,5,Dry,Curve,Level,Lowest,No
306,1,Alabama,10310,0,1,1,0,1,RAINSVILLE,May,16,Tuesday,15,28,Urban,Medium Speed (Collector),No,34.50060278,-85.84568056,Non-Intersection,Daylight,Cloudy,3:00pm-3:59pm,27,3:00pm-3:59pm,30,Not Applicable (Not Transported),Not Applicable (Not Transported),1,Daylight,Reduced Visibility,1,0,['Driver'],['None_Used'],0,0,Valid,0.0,0.0,20.0,20.0,['Female'],0,0,2,4,3,Dry,Curve,Level,Lowest,No
307,1,Alabama,10311,0,2,2,0,2,CREOLA,May,16,Tuesday,12,24,Rural,High Speed (Arterial),Yes,30.87894167,-88.04126944,Non-Intersection,Daylight,Clear,12:00pm-12:59pm,26,12:00pm-12:59pm,43,1:00pm-1:59pm,11,1,Daylight,Clear,1,1,['Driver'],['Shoulder_Lapbelt'],0,0,Valid,0.0,0.0,64.0,43.0,"['Male', 'Female']",0,0,3,4,3,Dry,Straight,Level,Medium,No
308,1,Alabama,10312,0,1,1,0,1,NOT APPLICABLE,May,22,Monday,22,55,Rural,Medium Speed (Collector),No,34.54325833,-86.85838056,Non-Intersection,Dark - Not Lighted,Clear,Unknown,Unknown,11:00pm-11:59pm,15,Unknown,Unknown EMS Hospital Arrival Time,1,Dark - Unlighted,Clear,1,0,['Driver'],['None_Used'],0,0,Valid,0.0,2.0,17.0,17.0,['Male'],1,0,3,4,3,Dry,Curve,Grade/Hillcrest,Lowest,No
309,1,Alabama,10313,0,2,2,0,2,NOT APPLICABLE,February,25,Saturday,23,44,Rural,High Speed (Arterial),Yes,33.32323611,-87.60500278,Non-Intersection,Dark - Not Lighted,Cloudy,11:00pm-11:59pm,44,11:00pm-11:59pm,58,0:00am-0:59am,33,1,Dark - Unlighted,Reduced Visibility,1,1,['Driver'],['None_Used'],1,1,Invalid,4.0,2.0,33.0,30.0,"['Male', 'Female']",0,0,3,4,5,Dry,Straight,Grade/Hillcrest,Lowest,No
310,1,Alabama,10314,0,1,1,0,1,NOT APPLICABLE,May,22,Monday,20,53,Urban,Medium Speed (Collector),No,30.5156,-88.20775556,Non-Intersection,Dark - Not Lighted,Clear,8:00pm-8:59pm,50,9:00pm-9:59pm,10,Not Applicable (Not Transported),Not Applicable (Not Transported),1,Dark - Unlighted,Clear,1,0,['Driver'],['None_Used'],0,0,Valid,0.0,4.0,46.0,46.0,['Male'],0,0,2,4,3,Dry,Curve,Level,Lowest,No
311,1,Alabama,10315,0,1,1,0,1,BIRMINGHAM,May,19,Friday,21,31,Urban,High Speed (Arterial),Yes,33.5322,-86.82337778,Non-Intersection,Dark - Lighted,Clear,9:00pm-9:59pm,34,9:00pm-9:59pm,45,Not Applicable (Not Transported),Not Applicable (Not Transported),1,Dark - Lighted,Clear,1,0,['Driver'],['None_Used'],1,1,Valid,5.0,0.0,49.0,49.0,['Male'],0,0,3,4,3,Dry,Curve,Grade/Hillcrest,Lowest,No
312,1,Alabama,10316,0,2,2,0,4,HUNTSVILLE,May,23,Tuesday,15,42,Urban,High Speed (Arterial),No,34.79784722,-86.57559722,Non-Intersection,Daylight,Clear,3:00pm-3:59pm,42,3:00pm-3:59pm,55,4:00pm-4:59pm,13,1,Daylight,Clear,1,3,['Driver'],['Shoulder_Lapbelt'],0,0,Valid,0.0,1.0,89.0,33.0,"['Male', 'Male']",0,0,3,4,5,Dry,Straight,Non-Trafficway,Lowest,No
313,1,Alabama,10317,0,2,2,0,2,HUNTSVILLE,May,24,Wednesday,15,20,Urban,High Speed (Arterial),Yes,34.544675,-86.42763889,Non-Intersection,Daylight,Clear,3:00pm-3:59pm,20,3:00pm-3:59pm,30,Unknown,Unknown EMS Hospital Arrival Time,1,Daylight,Clear,1,1,['Driver'],['None_Used'],0,0,Invalid,0.0,0.0,65.0,31.0,"['Female', 'Male']",1,0,3,4,5,Dry,Straight,Level,Lowest,No
314,1,Alabama,10318,1,1,1,0,1,GULF SHORES,May,24,Wednesday,13,7,Urban,High Speed (Arterial),Yes,30.250175,-87.68952222,Non-Intersection,Daylight,Cloudy,1:00pm-1:59pm,7,1:00pm-1:59pm,10,Not Applicable (Not Transported),Not Applicable (Not Transported),1,Daylight,Reduced Visibility,0,1,[],[],0,0,Valid,0.0,0.0,53.0,53.0,['Male'],0,0,4,1,4,Dry,Straight,Level,Lowest,No
315,1,Alabama,10319,0,2,2,0,2,SARALAND,May,24,Wednesday,17,33,Urban,High Speed (Arterial),Yes,30.81008889,-88.10288333,Non-Intersection,Daylight,Clear,5:00pm-5:59pm,33,5:00pm-5:59pm,38,Not Applicable (Not Transported),Not Applicable (Not Transported),1,Daylight,Clear,1,1,['Driver'],['Shoulder_Lapbelt'],0,0,Valid,1.0,1.0,69.0,28.0,"['Female', 'Male']",0,0,3,4,5,Dry,Straight,Level,Lowest,No
316,1,Alabama,10320,1,1,1,0,1,HUEYTOWN,May,24,Wednesday,20,36,Urban,Medium Speed (Collector),No,33.45782778,-86.95318611,Non-Intersection,Dark - Lighted,Clear,8:00pm-8:59pm,36,8:00pm-8:59pm,37,Unknown,Unknown EMS Hospital Arrival Time,1,Dark - Lighted,Clear,0,1,[],[],0,0,Valid,0.0,1.0,71.0,71.0,['Female'],0,0,3,2,4,Dry,Straight,Level,Lowest,No
317,1,Alabama,10322,0,2,2,0,4,DOTHAN,March,11,Saturday,22,55,Urban,High Speed (Arterial),Yes,31.19976111,-85.41545556,Non-Intersection,Dark - Not Lighted,Clear,9:00pm-9:59pm,56,10:00pm-10:59pm,1,Not Applicable (Not Transported),Not Applicable (Not Transported),2,Dark - Unlighted,Clear,2,2,"['Driver', 'Front_Passenger']","['Shoulder_Lapbelt', 'Shoulder_Lapbelt']",1,1,Valid,0.0,0.0,42.0,30.0,"['Male', 'Male']",2,0,2,4,5,Dry,Straight,Level,Lowest,No
318,1,Alabama,10323,1,1,1,0,1,BIRMINGHAM,March,12,Sunday,8,0,Urban,High Speed (Arterial),Yes,33.51319167,-86.849175,Non-Intersection,Daylight,Rain,8:00am-8:59am,5,8:00am-8:59am,11,Not Applicable (Not Transported),Not Applicable (Not Transported),1,Daylight,Rain/Wind/Minor,0,1,[],[],0,0,Invalid,0.0,0.0,999.0,999.0,['Other'],0,0,1,0,4,Wet/Standing Water,Curve,Grade/Hillcrest,Lowest,No
319,1,Alabama,10324,0,1,1,0,4,DECATUR,March,12,Sunday,3,34,Urban,High Speed (Arterial),Yes,34.57296111,-86.90966389,Non-Intersection,Dark - Lighted,Rain,3:00am-3:59am,34,3:00am-3:59am,44,Unknown,Unknown EMS Hospital Arrival Time,1,Dark - Lighted,Rain/Wind/Minor,1,3,['Front_Passenger'],['Shoulder_Lapbelt'],1,1,Invalid,0.0,1.0,23.0,23.0,['Male'],0,0,2,4,2,Wet/Standing Water,Curve,Level,Lowest,No
320,1,Alabama,10325,1,1,1,0,5,HUNTSVILLE,May,20,Saturday,20,0,Urban,High Speed (Arterial),Yes,34.73498611,-86.62766111,Complex/Circle,Dark - Lighted,Clear,8:00pm-8:59pm,53,9:00pm-9:59pm,1,9:00pm-9:59pm,23,1,Dark - Lighted,Clear,0,5,[],[],0,0,Valid,0.0,2.0,22.0,22.0,['Male'],0,0,3,4,4,Dry,Straight,Level,Lowest,No
321,1,Alabama,10326,0,2,2,0,3,LINCOLN,May,25,Thursday,3,35,Urban,High Speed (Arterial),Yes,33.59190833,-86.12335556,Non-Intersection,Dark - Lighted,Clear,3:00am-3:59am,35,3:00am-3:59am,41,Not Applicable (Not Transported),Not Applicable (Not Transported),1,Dark - Lighted,Clear,1,2,['Driver'],['None_Used'],0,0,Invalid,0.0,0.0,50.0,17.0,"['Male', 'Male']",0,0,5,4,5,Dry,Straight,Grade/Hillcrest,Lowest,No
322,1,Alabama,10327,1,1,1,0,1,NOT APPLICABLE,May,25,Thursday,19,30,Rural,High Speed (Arterial),No,33.55189444,-86.12654722,Non-Intersection,Dusk,Clear,7:00pm-7:59pm,36,7:00pm-7:59pm,44,Not Applicable (Not Transported),Not Applicable (Not Transported),1,Twilight,Clear,0,1,[],[],0,0,Valid,1.0,0.0,40.0,40.0,['Male'],0,0,3,4,4,Dry,Straight,Level,Lowest,No
323,1,Alabama,10328,0,2,2,0,6,NOT APPLICABLE,May,25,Thursday,22,38,Rural,High Speed (Arterial),Yes,34.85289444,-87.4059,Non-Intersection,Dark - Not Lighted,Clear,10:00pm-10:59pm,37,11:00pm-11:59pm,18,0:00am-0:59am,4,1,Dark - Unlighted,Clear,1,5,['Driver'],['Shoulder_Lapbelt'],0,0,Valid,5.0,0.0,78.0,33.0,"['Male', 'Male']",0,0,3,4,5,Dry,Curve,Grade/Hillcrest,Lowest,No
324,1,Alabama,10329,0,1,1,0,1,DECATUR,May,26,Friday,22,0,Urban,Medium Speed (Collector),No,34.50058889,-87.02836944,Non-Intersection,Dark - Not Lighted,Clear,10:00pm-10:59pm,0,10:00pm-10:59pm,13,10:00pm-10:59pm,36,1,Dark - Unlighted,Clear,1,0,['Driver'],['None_Used'],1,1,Valid,2.0,0.0,31.0,31.0,['Male'],0,0,3,4,3,Dry,Curve,Grade/Hillcrest,Lowest,No
325,1,Alabama,10330,0,1,1,0,1,MONTGOMERY,May,26,Friday,0,25,Urban,High Speed (Arterial),Yes,32.32762222,-86.33540556,Non-Intersection,Dark - Lighted,Clear,0:00am-0:59am,25,0:00am-0:59am,33,Not Applicable (Not Transported),Not Applicable (Not Transported),1,Dark - Lighted,Clear,1,0,['Driver'],['Shoulder_Lapbelt'],1,1,Invalid,0.0,0.0,23.0,23.0,['Male'],0,0,2,4,3,Dry,Straight,Level,Lowest,No
326,1,Alabama,10331,0,1,1,0,2,NOT APPLICABLE,May,26,Friday,14,25,Rural,Low Speed (Local),No,34.24425556,-85.64086944,Non-Intersection,Daylight,Clear,2:00pm-2:59pm,35,2:00pm-2:59pm,41,3:00pm-3:59pm,28,1,Daylight,Clear,1,1,['Driver'],['None_Used'],0,0,Invalid,0.0,0.0,14.0,14.0,['Female'],0,0,1,2,3,Dry,Curve,Grade/Hillcrest,Lowest,No
327,1,Alabama,10332,0,2,2,0,5,HUNTSVILLE,May,26,Friday,17,39,Urban,Low Speed (Local),No,34.75101389,-86.77545278,Non-Intersection,Daylight,Clear,5:00pm-5:59pm,32,5:00pm-5:59pm,48,6:00pm-6:59pm,40,1,Daylight,Clear,1,3,['Rear_Seat'],['Shoulder_Lapbelt'],0,0,Valid,1.0,4.0,46.0,24.0,"['Male', 'Male']",2,0,3,4,5,Dry,Straight,Level,Lowest,No
328,1,Alabama,10333,0,1,1,0,1,NOT APPLICABLE,May,27,Saturday,1,50,Rural,High Speed (Arterial),Yes,31.66246111,-85.81111389,Non-Intersection,Dark - Not Lighted,Clear,Unknown,Unknown,2:00am-2:59am,15,Not Applicable (Not Transported),Not Applicable (Not Transported),1,Dark - Unlighted,Clear,1,0,['Driver'],['None_Used'],1,1,Invalid,1.0,0.0,33.0,33.0,['Female'],0,0,2,4,3,Dry,Straight,Level,Lowest,No
329,1,Alabama,10334,0,3,3,0,3,NOT APPLICABLE,May,27,Saturday,5,40,Rural,High Speed (Arterial),Yes,33.15118889,-87.15128056,Non-Intersection,Dark - Not Lighted,Cloudy,5:00am-5:59am,40,5:00am-5:59am,50,Not Applicable (Not Transported),Not Applicable (Not Transported),1,Dark - Unlighted,Reduced Visibility,1,2,['Driver'],['Shoulder_Lapbelt'],1,1,Valid,2.0,1.0,60.0,24.0,"['Male', 'Male', 'Male']",0,0,3,4,5,Dry,Straight,Level,Lowest,No
330,1,Alabama,10335,0,2,2,0,2,HUNTSVILLE,May,27,Saturday,14,48,Urban,High Speed (Arterial),Yes,34.71292778,-86.65311389,Non-Intersection,Daylight,Clear,2:00pm-2:59pm,46,2:00pm-2:59pm,52,3:00pm-3:59pm,17,1,Daylight,Clear,1,1,['Driver'],['None_Used'],0,0,Valid,1.0,2.0,34.0,19.0,"['Male', 'Male']",1,0,3,4,5,Dry,Straight,Level,Lowest,No
331,1,Alabama,10336,0,2,2,0,2,NOT APPLICABLE,May,27,Saturday,20,45,Rural,High Speed (Arterial),Yes,33.08691667,-85.33751667,Non-Intersection,Dark - Not Lighted,Clear,8:00pm-8:59pm,31,8:00pm-8:59pm,46,9:00pm-9:59pm,42,1,Dark - Unlighted,Clear,1,1,['Driver'],['Shoulder_Lapbelt'],0,0,Invalid,0.0,0.0,43.0,41.0,"['Female', 'Male']",0,0,2,4,5,Dry,Straight,Level,Lowest,No
332,1,Alabama,10337,1,1,1,0,2,ALBERTVILLE,May,27,Saturday,20,15,Urban,High Speed (Arterial),Yes,34.28393889,-86.22675833,Simple Junction,Dark - Lighted,Cloudy,8:00pm-8:59pm,15,8:00pm-8:59pm,21,8:00pm-8:59pm,56,1,Dark - Lighted,Reduced Visibility,0,2,[],[],0,0,Invalid,1.0,0.0,34.0,34.0,['Male'],0,0,3,2,4,Dry,Straight,Level,Lowest,No
333,1,Alabama,10338,0,2,2,0,3,NOT APPLICABLE,May,27,Saturday,23,56,Rural,High Speed (Arterial),Yes,34.56605,-87.36673333,Non-Intersection,Dark - Not Lighted,Clear,0:00am-0:59am,2,0:00am-0:59am,7,1:00am-1:59am,33,1,Dark - Unlighted,Clear,1,2,['Driver'],['None_Used'],1,1,Invalid,0.0,0.0,48.0,33.0,"['Male', 'Male']",0,0,3,4,5,Dry,Straight,Level,Lowest,No
334,1,Alabama,10339,0,1,1,0,1,MOBILE,May,27,Saturday,10,29,Urban,Medium Speed (Collector),No,30.70905278,-88.15166111,Non-Intersection,Daylight,Clear,10:00am-10:59am,31,10:00am-10:59am,40,Not Applicable (Not Transported),Not Applicable (Not Transported),1,Daylight,Clear,1,0,['Driver'],['None_Used'],0,0,Valid,0.0,0.0,29.0,29.0,['Male'],0,0,2,4,4,Dry,Straight,Grade/Hillcrest,Medium,No
335,1,Alabama,10340,0,1,1,0,2,BIRMINGHAM,May,28,Sunday,3,27,Urban,Medium Speed (Collector),No,33.49861944,-86.81494722,Non-Intersection,Dark - Lighted,Clear,3:00am-3:59am,31,3:00am-3:59am,37,Not Applicable (Not Transported),Not Applicable (Not Transported),2,Dark - Lighted,Clear,2,0,"['Driver', 'Front_Passenger']","['Shoulder_Lapbelt', 'Shoulder_Lapbelt']",0,0,Invalid,0.0,0.0,24.0,24.0,['Male'],2,0,2,4,3,Dry,Curve,Level,Lowest,No
336,1,Alabama,10341,0,1,1,0,2,NOT APPLICABLE,May,28,Sunday,2,15,Rural,Low Speed (Local),No,34.88533889,-86.89343889,Non-Intersection,Dark - Not Lighted,Clear,2:00am-2:59am,19,2:00am-2:59am,52,3:00am-3:59am,22,1,Dark - Unlighted,Clear,1,1,['Driver'],['Shoulder_Lapbelt'],1,1,Valid,2.0,2.0,25.0,25.0,['Male'],0,0,2,4,3,Wet/Standing Water,Curve,Grade/Hillcrest,Lowest,No
337,1,Alabama,10342,0,1,1,0,1,NOT APPLICABLE,May,29,Monday,12,35,Rural,Low Speed (Local),No,31.27159722,-88.06288056,Non-Intersection,Daylight,Cloudy,12:00pm-12:59pm,40,12:00pm-12:59pm,41,2:00pm-2:59pm,7,1,Daylight,Reduced Visibility,1,0,['Driver'],['None_Used'],0,0,Valid,2.0,0.0,64.0,64.0,['Male'],1,0,5,4,2,Dry,Curve,Grade/Hillcrest,Lowest,No
338,1,Alabama,10343,0,1,1,0,1,NOT APPLICABLE,May,31,Wednesday,18,7,Rural,Low Speed (Local),No,33.04502778,-85.59050833,Non-Intersection,Daylight,Clear,6:00pm-6:59pm,24,7:00pm-7:59pm,7,8:00pm-8:59pm,36,1,Daylight,Clear,1,0,['Driver'],['None_Used'],0,0,Valid,0.0,0.0,38.0,38.0,['Female'],1,0,3,4,3,Dry,Curve,Grade/Hillcrest,Lowest,No
339,1,Alabama,10344,0,3,3,0,3,NOT APPLICABLE,June,1,Thursday,5,7,Rural,High Speed (Arterial),Yes,34.09626667,-87.601175,Non-Intersection,Dawn,Clear,5:00am-5:59am,7,5:00am-5:59am,24,Unknown,Unknown EMS Hospital Arrival Time,2,Twilight,Clear,2,1,"['Driver', 'Driver']","['Shoulder_Lapbelt', 'Shoulder_Lapbelt']",0,0,Invalid,0.0,1.0,37.0,24.0,"['Male', 'Male', 'Female']",0,0,3,4,5,Dry,Straight,Grade/Hillcrest,Lowest,No
340,1,Alabama,10345,0,2,2,0,2,OPELIKA,June,2,Friday,16,5,Urban,Medium Speed (Collector),No,32.65495833,-85.42515,Simple Junction,Daylight,Clear,4:00pm-4:59pm,6,4:00pm-4:59pm,14,Unknown,Unknown EMS Hospital Arrival Time,1,Daylight,Clear,1,1,['Driver'],['Shoulder_Lapbelt'],0,0,Valid,0.0,0.0,73.0,50.0,"['Male', 'Male']",0,0,3,4,5,Dry,Straight,Grade/Hillcrest,Lowest,No
341,1,Alabama,10346,1,1,1,0,1,PRICHARD,June,3,Saturday,21,52,Urban,High Speed (Arterial),Yes,30.75672222,-88.12030833,Non-Intersection,Dark - Lighted,Clear,9:00pm-9:59pm,52,9:00pm-9:59pm,55,Not Applicable (Not Transported),Not Applicable (Not Transported),1,Dark - Lighted,Clear,0,1,[],[],0,0,Valid,0.0,0.0,38.0,38.0,['Female'],0,0,2,3,4,Dry,Straight,Level,Lowest,No
342,1,Alabama,10347,0,7,7,0,10,HUNTSVILLE,June,3,Saturday,2,8,Urban,High Speed (Arterial),Yes,34.78298333,-86.67237778,Complex/Circle,Dark - Unknown Lighting,Clear,2:00am-2:59am,7,2:00am-2:59am,30,3:00am-3:59am,1,1,Dark - Unlighted,Clear,1,9,['Driver'],['None_Used'],1,1,Invalid,1.0,3.0,57.0,23.0,"['Male', 'Male', 'Male', 'Female', 'Female', 'Male', 'Female']",1,0,5,4,5,Dry,Straight,Level,Lowest,No