,State_Code,State_Name,Crash_ID,Count_Non_Motorists,Count_Vehicles_Total,Count_Vehicle_Forms,Count_PVH_Involved,Count_Occupants_MV,City_Name,Month_Name,Day_of_Month,Day_of_Week,Crash_Hour,Crash_Minute,Area_Rural_Urban,Road_Functional_Class,On_NHS_Road,Latitude,Longitude,Intersection_Type,Light_Condition,Weather_Condition,Notif_Hour,Notif_Minute,Arrival_Hour,Arrival_Minute,Hospital_Hour,Hospital_Minute,Fatalities_Count,Clean_Light_Condition,Clean_Weather_Condition,Total_Killed,Total_Alive,Fatal_Seats_List,Killed_Restraint_List,Any_Driver_Drinking,Total_Drinking_Drivers,Driver_License_Category,Driver_Max_Prev_Accident_Count,Driver_Max_Prev_Speeding_Count,Max_Driver_Age,Min_Driver_Age,Driver_Sex_List,Total_Exceeding_Limit_Vehicles,Total_Too_Fast_Vehicles,Max_Vehicle_Type_Severity_5,Max_Vehicle_Damage_Rank,Max_Harmful_Event_Severity,Crash_Road_Surface_Condition,Crash_Horizontal_Alignment,Crash_Vertical_Profile,Crash_Impairment_Category,Crash_Vehicle_Defect
343,1,Alabama,10348,0,2,2,0,3,NOT APPLICABLE,June,4,Sunday,18,32,Rural,Medium Speed (Collector),No,34.967025,-86.83020278,Non-Intersection,Daylight,Clear,6:00pm-6:59pm,33,6:00pm-6:59pm,55,7:00pm-7:59pm,28,1,Daylight,Clear,1,2,['Driver'],['None_Used'],0,0,Invalid,0.0,0.0,55.0,48.0,"['Female', 'Male']",0,0,3,4,5,Dry,Curve,Grade/Hillcrest,Lowest,No
344,1,Alabama,10349,0,1,1,0,1,NOT APPLICABLE,June,6,Tuesday,10,50,Rural,Medium Speed (Collector),No,31.25014444,-88.0842,Non-Intersection,Daylight,Clear,10:00am-10:59am,55,11:00am-11:59am,2,Not Applicable (Not Transported),Not Applicable (Not Transported),1,Daylight,Clear,1,0,['Driver'],['None_Used'],0,0,Valid,1.0,0.0,52.0,52.0,['Male'],1,0,5,4,2,Dry,Curve,Grade/Hillcrest,Lowest,No
345,1,Alabama,10350,0,3,3,0,3,NOT APPLICABLE,June,6,Tuesday,18,59,Rural,Low Speed (Local),No,30.55299722,-88.236125,Non-Intersection,Daylight,Clear,6:00pm-6:59pm,57,7:00pm-7:59pm,0,7:00pm-7:59pm,43,1,Daylight,Clear,1,2,['Driver'],['None_Used'],0,0,Valid,1.0,1.0,21.0,18.0,"['Male', 'Male', 'Male']",1,0,5,4,5,Dry,Straight,Grade/Hillcrest,Lowest,No
346,1,Alabama,10351,1,1,1,0,1,MOBILE,June,6,Tuesday,2,16,Urban,High Speed (Arterial),Yes,30.61745,-88.13685278,Non-Intersection,Dark - Not Lighted,Clear,2:00am-2:59am,58,3:00am-3:59am,9,Not Applicable (Not Transported),Not Applicable (Not Transported),1,Dark - Unlighted,Clear,0,1,[],[],0,0,Valid,2.0,0.0,24.0,24.0,['Male'],0,0,3,2,4,Dry,Straight,Level,Lowest,No
347,1,Alabama,10352,0,3,3,0,3,BIRMINGHAM,June,6,Tuesday,22,46,Urban,High Speed (Arterial),No,33.57508333,-86.72006944,Non-Intersection,Dark - Lighted,Clear,Unknown,Unknown,Unknown EMS Scene Arrival Hour,Unknown EMS Scene Arrival Minutes,Unknown,Unknown EMS Hospital Arrival Time,1,Dark - Lighted,Clear,1,2,['Driver'],['None_Used'],0,0,Invalid,2.0,2.0,24.0,19.0,"['Male', 'Male', 'Female']",0,0,2,4,5,Dry,Straight,Level,Lowest,No
348,1,Alabama,10353,0,1,1,0,1,SEMMES,June,7,Wednesday,5,20,Urban,Medium Speed (Collector),No,30.80205833,-88.24351111,Non-Intersection,Dawn,Clear,5:00am-5:59am,34,5:00am-5:59am,43,Not Applicable (Not Transported),Not Applicable (Not Transported),1,Twilight,Clear,1,0,['Driver'],['None_Used'],0,0,Invalid,0.0,0.0,41.0,41.0,['Male'],0,0,3,4,3,Dry,Straight,Level,Lowest,No
349,1,Alabama,10354,0,1,1,0,1,NOT APPLICABLE,June,7,Wednesday,9,27,Rural,High Speed (Arterial),Yes,33.821675,-87.18711389,Non-Intersection,Daylight,Clear,9:00am-9:59am,33,9:00am-9:59am,38,Not Applicable (Not Transported),Not Applicable (Not Transported),1,Daylight,Clear,1,0,['Driver'],['None_Used'],0,0,Invalid,0.0,1.0,40.0,40.0,['Male'],1,0,2,4,3,Dry,Curve,Grade/Hillcrest,Lowest,No
350,1,Alabama,10355,1,1,1,0,1,MOBILE,June,7,Wednesday,20,45,Rural,High Speed (Arterial),Yes,30.59704444,-88.15362778,Non-Intersection,Dark - Not Lighted,Clear,8:00pm-8:59pm,46,8:00pm-8:59pm,57,Not Applicable (Not Transported),Not Applicable (Not Transported),1,Dark - Unlighted,Clear,0,1,[],[],0,0,Valid,0.0,0.0,67.0,67.0,['Male'],0,0,3,3,4,Dry,Straight,Level,Lowest,No
351,1,Alabama,10356,0,2,2,0,3,NOT APPLICABLE,June,8,Thursday,10,50,Rural,High Speed (Arterial),Yes,32.46025833,-85.14616944,Non-Intersection,Daylight,Clear,10:00am-10:59am,42,10:00am-10:59am,54,11:00am-11:59am,31,1,Daylight,Clear,1,2,['Driver'],['Shoulder_Lapbelt'],0,0,Valid,1.0,1.0,58.0,30.0,"['Female', 'Female']",0,0,3,4,5,Dry,Straight,Grade/Hillcrest,Lowest,No
352,1,Alabama,10357,0,1,1,0,1,NOT APPLICABLE,June,9,Friday,8,35,Rural,Medium Speed (Collector),No,34.41611944,-87.15058056,Non-Intersection,Daylight,Clear,Unknown,Unknown,Unknown EMS Scene Arrival Hour,Unknown EMS Scene Arrival Minutes,Not Applicable (Not Transported),Not Applicable (Not Transported),1,Daylight,Clear,1,0,['Driver'],['Shoulder_Lapbelt'],0,0,Valid,0.0,0.0,47.0,47.0,['Female'],0,0,2,4,3,Dry,Straight,Grade/Hillcrest,Medium,No
353,1,Alabama,10358,0,1,1,0,1,NOT APPLICABLE,June,9,Friday,5,45,Rural,High Speed (Arterial),Yes,33.97161667,-87.72260833,Non-Intersection,Daylight,Clear,6:00am-6:59am,0,6:00am-6:59am,12,Not Applicable (Not Transported),Not Applicable (Not Transported),1,Daylight,Clear,1,0,['Driver'],['Shoulder_Lapbelt'],0,0,Valid,1.0,1.0,43.0,43.0,['Male'],0,0,4,4,3,Dry,Straight,Level,Medium,No
354,1,Alabama,10359,0,2,2,0,3,NOT APPLICABLE,June,9,Friday,5,30,Rural,Medium Speed (Collector),No,32.15638611,-88.07684167,Non-Intersection,Dawn,Clear,5:00am-5:59am,30,5:00am-5:59am,51,Unknown,Unknown EMS Hospital Arrival Time,2,Twilight,Clear,2,1,"['Driver', 'Front_Passenger']","['None_Used', 'None_Used']",0,0,Valid,0.0,2.0,54.0,21.0,"['Male', 'Male']",0,0,3,4,5,Dry,Straight,Grade/Hillcrest,Lowest,No
355,1,Alabama,10360,0,2,2,0,4,ROANOKE,June,10,Saturday,12,11,Urban,High Speed (Arterial),Yes,33.15877778,-85.3637,Non-Intersection,Daylight,Clear,12:00pm-12:59pm,20,12:00pm-12:59pm,39,12:00pm-12:59pm,52,2,Daylight,Clear,2,1,"['Driver', 'Front_Passenger']","['None_Used', 'None_Used']",0,0,Valid,0.0,0.0,67.0,46.0,"['Male', 'Male']",0,0,3,4,5,Dry,Straight,Level,Lowest,No
356,1,Alabama,10361,0,1,1,0,2,LUVERNE,June,10,Saturday,2,32,Urban,Medium Speed (Collector),No,31.68658611,-86.28383056,Non-Intersection,Dark - Not Lighted,Clear,2:00am-2:59am,32,2:00am-2:59am,42,Unknown,Unknown EMS Hospital Arrival Time,1,Dark - Unlighted,Clear,1,1,['Driver'],['Shoulder_Lapbelt'],0,0,Valid,0.0,0.0,36.0,36.0,['Male'],0,0,3,4,3,Dry,Straight,Level,Lowest,No
357,1,Alabama,10362,1,1,1,0,2,DECATUR,June,10,Saturday,20,48,Urban,Medium Speed (Collector),No,34.48810278,-86.89609444,Non-Intersection,Dark - Not Lighted,Clear,Unknown,Unknown,Unknown EMS Scene Arrival Hour,Unknown EMS Scene Arrival Minutes,Not Applicable (Not Transported),Not Applicable (Not Transported),1,Dark - Unlighted,Clear,0,2,[],[],0,0,Valid,0.0,1.0,59.0,59.0,['Male'],0,0,3,2,4,Dry,Straight,Level,Lowest,No
358,1,Alabama,10363,0,1,1,0,1,NOT APPLICABLE,June,10,Saturday,21,15,Rural,Medium Speed (Collector),No,34.95378889,-86.99650556,Non-Intersection,Dark - Not Lighted,Clear,9:00pm-9:59pm,24,9:00pm-9:59pm,45,Not Applicable (Not Transported),Not Applicable (Not Transported),1,Dark - Unlighted,Clear,1,0,['Driver'],['None_Used'],1,1,Valid,0.0,0.0,36.0,36.0,['Female'],1,0,3,4,3,Dry,Curve,Level,Lowest,No
359,1,Alabama,10364,0,2,2,0,4,NOT APPLICABLE,June,11,Sunday,10,10,Rural,High Speed (Arterial),Yes,30.41448889,-87.5265,Simple Junction,Daylight,Clear,10:00am-10:59am,10,10:00am-10:59am,15,Unknown,Unknown EMS Hospital Arrival Time,1,Daylight,Clear,1,3,['Front_Passenger'],['None_Used'],0,0,Valid,1.0,0.0,59.0,15.0,"['Male', 'Male']",0,0,2,4,5,Dry,Straight,Level,Lowest,No
360,1,Alabama,10365,0,1,1,0,1,HUNTSVILLE,June,11,Sunday,19,48,Urban,High Speed (Arterial),Yes,34.717375,-86.55953056,Non-Intersection,Dark - Lighted,Cloudy,7:00pm-7:59pm,53,7:00pm-7:59pm,57,8:00pm-8:59pm,2,1,Dark - Lighted,Reduced Visibility,1,0,['Driver'],['None_Used'],0,0,Valid,1.0,2.0,35.0,35.0,['Male'],0,0,3,4,3,Dry,Curve,Grade/Hillcrest,Lowest,No
361,1,Alabama,10366,0,1,1,0,1,NOT APPLICABLE,June,11,Sunday,99,99,Rural,Low Speed (Local),No,31.67110278,-88.24846389,Non-Intersection,Reported as Unknown,Reported as Unknown,Unknown,Unknown,Unknown EMS Scene Arrival Hour,Unknown EMS Scene Arrival Minutes,Not Applicable (Not Transported),Not Applicable (Not Transported),1,Dark - Unlighted,Clear,1,0,['Driver'],['None_Used'],0,0,Valid,1.0,0.0,61.0,61.0,['Male'],0,0,3,2,3,Dry,Straight,Level,Lowest,No
362,1,Alabama,10367,0,2,2,0,2,NOT APPLICABLE,June,11,Sunday,20,30,Rural,Medium Speed (Collector),No,32.74778889,-85.19891944,Non-Intersection,Dark - Not Lighted,Clear,8:00pm-8:59pm,30,8:00pm-8:59pm,40,Unknown,Unknown EMS Hospital Arrival Time,1,Dark - Unlighted,Clear,1,1,['Driver'],['None_Used'],0,0,Valid,0.0,0.0,59.0,40.0,"['Male', 'Male']",1,0,5,4,5,Dry,Curve,Grade/Hillcrest,Lowest,No
363,1,Alabama,10368,0,2,2,0,2,NOT APPLICABLE,June,13,Tuesday,12,10,Rural,Low Speed (Local),No,32.04179722,-87.65595,Non-Intersection,Daylight,Rain,12:00pm-12:59pm,19,1:00pm-1:59pm,12,1:00pm-1:59pm,59,1,Daylight,Rain/Wind/Minor,1,1,['Driver'],['None_Used'],0,0,Valid,0.0,0.0,39.0,17.0,"['Male', 'Male']",0,0,3,4,5,Wet/Standing Water,Curve,Grade/Hillcrest,Lowest,No
364,1,Alabama,10369,0,1,1,0,1,NOT APPLICABLE,June,13,Tuesday,16,22,Rural,High Speed (Arterial),Yes,33.58138333,-86.80970556,Non-Intersection,Daylight,Clear,4:00pm-4:59pm,25,4:00pm-4:59pm,30,Not Applicable (Not Transported),Not Applicable (Not Transported),1,Daylight,Clear,1,0,['Driver'],['None_Used'],0,0,Valid,1.0,0.0,45.0,45.0,['Male'],0,0,3,4,3,Dry,Straight,Level,Lowest,No
365,1,Alabama,10370,0,3,3,0,5,MONTGOMERY,June,14,Wednesday,15,30,Rural,High Speed (Arterial),Yes,32.44626111,-86.21385833,Non-Intersection,Daylight,Rain,3:00pm-3:59pm,42,3:00pm-3:59pm,56,Not Applicable (Not Transported),Not Applicable (Not Transported),1,Daylight,Rain/Wind/Minor,1,4,['Driver'],['Shoulder_Lapbelt'],0,0,Valid,1.0,0.0,74.0,20.0,"['Female', 'Female', 'Male']",0,0,3,4,5,Wet/Standing Water,Straight,Level,Medium,No
366,1,Alabama,10371,0,2,2,0,2,NOT APPLICABLE,June,14,Wednesday,17,20,Rural,Low Speed (Local),No,32.26588889,-86.78829444,Non-Intersection,Daylight,Rain,Unknown,Unknown,Unknown EMS Scene Arrival Hour,Unknown EMS Scene Arrival Minutes,Not Applicable (Not Transported),Not Applicable (Not Transported),1,Daylight,Rain/Wind/Minor,1,1,['Driver'],['None_Used'],0,0,Valid,0.0,1.0,57.0,52.0,"['Male', 'Male']",0,0,2,4,5,Wet/Standing Water,Straight,Level,Lowest,No
367,1,Alabama,10372,0,1,1,0,2,NOT APPLICABLE,June,16,Friday,9,7,Rural,Medium Speed (Collector),No,34.20911389,-85.72798056,Non-Intersection,Daylight,Clear,9:00am-9:59am,12,9:00am-9:59am,18,10:00am-10:59am,30,1,Daylight,Clear,1,1,['Front_Passenger'],['None_Used'],0,0,Valid,1.0,0.0,52.0,52.0,['Male'],2,0,3,4,3,Dry,Straight,Level,Lowest,No
368,1,Alabama,10373,0,1,1,0,4,NOT APPLICABLE,June,16,Friday,8,53,Rural,High Speed (Arterial),Yes,30.65378056,-87.7906,Non-Intersection,Daylight,Rain,Unknown,Unknown,9:00am-9:59am,29,Unknown,Unknown EMS Hospital Arrival Time,1,Daylight,Rain/Wind/Minor,1,3,['Driver'],['None_Used'],1,1,Invalid,0.0,0.0,26.0,26.0,['Male'],0,0,3,4,3,Wet/Standing Water,Straight,Grade/Hillcrest,Lowest,No
369,1,Alabama,10374,0,1,1,0,1,NOT APPLICABLE,June,16,Friday,14,45,Rural,Medium Speed (Collector),No,34.30330833,-87.05260278,Non-Intersection,Daylight,Cloudy,Unknown,Unknown,3:00pm-3:59pm,0,Not Applicable (Not Transported),Not Applicable (Not Transported),1,Daylight,Reduced Visibility,1,0,['Driver'],['None_Used'],1,1,Valid,1.0,0.0,61.0,61.0,['Male'],1,0,5,4,3,Dry,Curve,Grade/Hillcrest,Lowest,No
370,1,Alabama,10375,0,2,2,0,2,NOT APPLICABLE,June,16,Friday,2,51,Rural,Medium Speed (Collector),No,32.26541667,-85.97501667,Non-Intersection,Dark - Not Lighted,"Fog, Smog, Smoke",2:00am-2:59am,56,3:00am-3:59am,21,4:00am-4:59am,31,1,Dark - Unlighted,Reduced Visibility,1,1,['Driver'],['Shoulder_Lapbelt'],0,0,Valid,5.0,0.0,63.0,53.0,"['Male', 'Male']",0,0,4,4,5,Dry,Straight,Level,Lowest,No
371,1,Alabama,10376,0,1,1,0,1,MONTGOMERY,June,19,Monday,10,39,Urban,Medium Speed (Collector),No,32.33236667,-86.29935833,Non-Intersection,Daylight,Clear,10:00am-10:59am,39,10:00am-10:59am,45,Not Applicable (Not Transported),Not Applicable (Not Transported),1,Daylight,Clear,1,0,['Driver'],['None_Used'],0,0,Invalid,0.0,0.0,30.0,30.0,['Female'],0,0,2,4,3,Dry,Straight,Level,Lowest,No
372,1,Alabama,10377,0,1,1,0,1,NOT APPLICABLE,June,18,Sunday,16,55,Rural,Medium Speed (Collector),No,33.35625278,-86.52562222,Non-Intersection,Daylight,Cloudy,4:00pm-4:59pm,56,5:00pm-5:59pm,6,Not Applicable (Not Transported),Not Applicable (Not Transported),1,Daylight,Reduced Visibility,1,0,['Driver'],['None_Used'],1,1,Invalid,0.0,0.0,48.0,48.0,['Male'],0,0,3,4,3,Dry,Straight,Grade/Hillcrest,Lowest,No
373,1,Alabama,10378,0,1,1,0,6,NOT APPLICABLE,June,18,Sunday,3,45,Rural,High Speed (Arterial),Yes,34.29166389,-86.49694167,Non-Intersection,Dark - Not Lighted,Cloudy,Unknown,Unknown,4:00am-4:59am,0,Unknown,Unknown EMS Hospital Arrival Time,1,Dark - Unlighted,Reduced Visibility,1,5,['Rear_Seat'],['None_Used'],1,1,Invalid,0.0,0.0,20.0,20.0,['Male'],0,0,3,4,3,Dry,Straight,Grade/Hillcrest,Lowest,No
374,1,Alabama,10379,0,1,1,0,1,NOT APPLICABLE,June,18,Sunday,2,33,Rural,Medium Speed (Collector),No,32.705,-85.14818333,Non-Intersection,Dark - Lighted,Clear,2:00am-2:59am,34,2:00am-2:59am,53,Not Applicable (Not Transported),Not Applicable (Not Transported),1,Dark - Lighted,Clear,1,0,['Driver'],['None_Used'],1,1,Valid,0.0,0.0,28.0,28.0,['Male'],1,0,2,4,3,Dry,Curve,Level,Lowest,No
375,1,Alabama,10380,1,1,1,0,1,MOBILE,June,17,Saturday,23,24,Urban,High Speed (Arterial),Yes,30.71099722,-88.03335,Non-Intersection,Dark - Not Lighted,Cloudy,11:00pm-11:59pm,25,11:00pm-11:59pm,33,Not Applicable (Not Transported),Not Applicable (Not Transported),1,Dark - Unlighted,Reduced Visibility,0,1,[],[],0,0,Valid,0.0,0.0,30.0,30.0,['Female'],0,0,3,4,4,Dry,Straight,Level,Lowest,No
376,1,Alabama,10381,1,1,1,0,3,MONTGOMERY,June,17,Saturday,0,3,Urban,High Speed (Arterial),No,32.33873333,-86.17165833,Non-Intersection,Dark - Lighted,Clear,0:00am-0:59am,5,0:00am-0:59am,18,0:00am-0:59am,47,1,Dark - Lighted,Clear,0,3,[],[],0,0,Valid,0.0,0.0,40.0,40.0,['Male'],0,0,3,3,4,Dry,Straight,Level,Lowest,No
377,1,Alabama,10382,0,1,1,0,1,NOT APPLICABLE,June,17,Saturday,4,15,Rural,Medium Speed (Collector),No,34.84843889,-86.71353333,Non-Intersection,Dark - Not Lighted,Clear,4:00am-4:59am,10,4:00am-4:59am,22,Not Applicable (Not Transported),Not Applicable (Not Transported),1,Dark - Unlighted,Clear,1,0,['Driver'],['None_Used'],1,1,Valid,0.0,0.0,17.0,17.0,['Male'],1,0,2,4,3,Dry,Straight,Grade/Hillcrest,Lowest,No
378,1,Alabama,10383,1,1,1,0,1,PHENIX CITY,June,17,Saturday,22,36,Urban,High Speed (Arterial),Yes,32.45337778,-85.01257778,Non-Intersection,Dark - Lighted,Clear,10:00pm-10:59pm,37,10:00pm-10:59pm,48,Not Applicable (Not Transported),Not Applicable (Not Transported),1,Dark - Lighted,Clear,0,1,[],[],0,0,Valid,1.0,0.0,23.0,23.0,['Male'],0,0,2,4,4,Dry,Straight,Grade/Hillcrest,Lowest,No
379,1,Alabama,10384,0,1,1,0,2,NOT APPLICABLE,June,17,Saturday,0,5,Rural,Low Speed (Local),No,30.58088333,-88.22539722,Non-Intersection,Dark - Not Lighted,Rain,0:00am-0:59am,38,1:00am-1:59am,16,1:00am-1:59am,47,1,Dark - Unlighted,Rain/Wind/Minor,1,1,['Front_Passenger'],['None_Used'],1,1,Valid,0.0,0.0,60.0,60.0,['Male'],0,0,5,4,3,Wet/Standing Water,Straight,Level,Lowest,No
380,1,Alabama,10385,1,1,1,0,1,NOT APPLICABLE,June,16,Friday,23,26,Rural,Medium Speed (Collector),No,32.59876111,-85.57054167,Non-Intersection,Dark - Not Lighted,Cloudy,11:00pm-11:59pm,30,11:00pm-11:59pm,55,Not Applicable (Not Transported),Not Applicable (Not Transported),1,Dark - Unlighted,Reduced Visibility,0,1,[],[],0,0,Valid,0.0,1.0,19.0,19.0,['Female'],0,0,2,4,4,Dry,Straight,Level,Lowest,No
381,1,Alabama,10386,0,2,2,0,4,NOT APPLICABLE,June,17,Saturday,1,0,Rural,High Speed (Arterial),Yes,32.09479167,-86.28168889,Non-Intersection,Dark - Not Lighted,Cloudy,1:00am-1:59am,0,1:00am-1:59am,25,Not Applicable (Not Transported),Not Applicable (Not Transported),1,Dark - Unlighted,Reduced Visibility,1,3,['Driver'],['Shoulder_Lapbelt'],1,1,Valid,1.0,2.0,54.0,39.0,"['Male', 'Female']",0,0,2,4,5,Wet/Standing Water,Straight,Grade/Hillcrest,Lowest,No
382,1,Alabama,10387,0,2,2,0,2,NOT APPLICABLE,June,16,Friday,17,24,Rural,Medium Speed (Collector),No,34.03829167,-86.45530556,Non-Intersection,Daylight,Clear,Unknown,Unknown,Unknown EMS Scene Arrival Hour,Unknown EMS Scene Arrival Minutes,Not Applicable (Not Transported),Not Applicable (Not Transported),1,Daylight,Clear,1,1,['Driver'],['None_Used'],1,1,Invalid,1.0,2.0,49.0,23.0,"['Male', 'Male']",1,0,5,4,5,Dry,Straight,Level,Lowest,No
383,1,Alabama,10388,0,2,2,0,2,MOBILE,June,20,Tuesday,11,8,Urban,High Speed (Arterial),Yes,30.54711667,-88.17503056,Non-Intersection,Daylight,Clear,11:00am-11:59am,9,11:00am-11:59am,14,Not Applicable (Not Transported),Not Applicable (Not Transported),1,Daylight,Clear,1,1,['Driver'],['None_Used'],1,1,Valid,0.0,1.0,61.0,27.0,"['Male', 'Male']",0,0,5,4,5,Dry,Straight,Non-Trafficway,Lowest,No
384,1,Alabama,10389,0,2,2,0,3,NOT APPLICABLE,June,18,Sunday,8,5,Rural,Medium Speed (Collector),No,31.65555556,-86.18966667,Non-Intersection,Daylight,Clear,8:00am-8:59am,5,8:00am-8:59am,21,Unknown,Unknown EMS Hospital Arrival Time,1,Daylight,Clear,1,2,['Driver'],['None_Used'],1,1,Valid,4.0,0.0,40.0,20.0,"['Male', 'Male']",0,0,3,4,5,Dry,Curve,Level,Lowest,No
385,1,Alabama,10390,0,2,2,0,2,NOT APPLICABLE,June,19,Monday,4,25,Rural,High Speed (Arterial),Yes,31.41061944,-87.26026944,Non-Intersection,Dark - Not Lighted,Rain,4:00am-4:59am,41,5:00am-5:59am,9,Not Applicable (Not Transported),Not Applicable (Not Transported),2,Dark - Unlighted,Rain/Wind/Minor,2,0,"['Driver', 'Driver']","['None_Used', 'Shoulder_Lapbelt']",0,0,Invalid,0.0,0.0,65.0,22.0,"['Male', 'Male']",1,0,3,4,5,Wet/Standing Water,Straight,Grade/Hillcrest,Lowest,No
386,1,Alabama,10391,0,2,2,0,2,NOT APPLICABLE,June,19,Monday,15,54,Rural,Medium Speed (Collector),No,33.08404722,-86.57655556,Non-Intersection,Daylight,Clear,3:00pm-3:59pm,54,4:00pm-4:59pm,7,4:00pm-4:59pm,53,1,Daylight,Clear,1,1,['Driver'],['None_Used'],0,0,Valid,1.0,0.0,82.0,43.0,"['Female', 'Female']",0,0,3,4,5,Dry,Curve,Level,Lowest,No
387,1,Alabama,10392,0,2,2,0,3,NOT APPLICABLE,June,16,Friday,4,50,Rural,Medium Speed (Collector),No,34.7935,-85.59298333,Non-Intersection,Dark - Not Lighted,"Fog, Smog, Smoke",Unknown,Unknown,5:00am-5:59am,10,Unknown,Unknown EMS Hospital Arrival Time,1,Dark - Unlighted,Reduced Visibility,1,2,['Driver'],['Shoulder_Lapbelt'],0,0,Valid,1.0,0.0,57.0,52.0,"['Male', 'Female']",0,0,4,4,5,Dry,Straight,Grade/Hillcrest,Medium,No
388,1,Alabama,10393,0,2,2,0,2,NOT APPLICABLE,June,20,Tuesday,13,50,Rural,Medium Speed (Collector),No,31.05683611,-85.46713333,Non-Intersection,Daylight,Clear,Unknown,Unknown,2:00pm-2:59pm,0,Unknown,Unknown EMS Hospital Arrival Time,1,Daylight,Clear,1,1,['Driver'],['None_Used'],0,0,Invalid,2.0,0.0,65.0,44.0,"['Male', 'Male']",0,0,4,4,5,Dry,Straight,Level,Lowest,No
389,1,Alabama,10394,0,2,2,0,2,ATHENS,July,20,Thursday,21,32,Urban,High Speed (Arterial),Yes,34.82141389,-86.94316389,Non-Intersection,Dark - Lighted,Clear,9:00pm-9:59pm,30,9:00pm-9:59pm,38,Not Applicable (Not Transported),Not Applicable (Not Transported),1,Dark - Lighted,Clear,1,1,['Driver'],['Shoulder_Lapbelt'],0,0,Valid,1.0,5.0,46.0,36.0,"['Male', 'Male']",0,0,3,4,5,Dry,Straight,Level,Lowest,No
390,1,Alabama,10395,0,1,1,0,1,NOT APPLICABLE,June,20,Tuesday,23,45,Rural,High Speed (Arterial),Yes,34.08839444,-87.60427778,Simple Junction,Dark - Not Lighted,Clear,Unknown,Unknown,0:00am-0:59am,1,Not Applicable (Not Transported),Not Applicable (Not Transported),1,Dark - Unlighted,Clear,1,0,['Driver'],['None_Used'],0,0,Valid,1.0,1.0,50.0,50.0,['Male'],0,0,2,4,2,Dry,Straight,Level,Lowest,No
391,1,Alabama,10396,1,1,1,0,1,NOT APPLICABLE,June,21,Wednesday,3,19,Rural,Medium Speed (Collector),No,33.58291111,-85.92654444,Non-Intersection,Dark - Not Lighted,Cloudy,3:00am-3:59am,30,3:00am-3:59am,41,Not Applicable (Not Transported),Not Applicable (Not Transported),1,Dark - Unlighted,Reduced Visibility,0,1,[],[],0,0,Valid,4.0,0.0,59.0,59.0,['Male'],0,0,3,4,4,Dry,Straight,Level,Lowest,No
392,1,Alabama,10397,0,1,1,0,1,NOT APPLICABLE,June,21,Wednesday,11,27,Rural,Medium Speed (Collector),No,32.78179167,-86.08965556,Non-Intersection,Daylight,Rain,11:00am-11:59am,11,11:00am-11:59am,34,12:00pm-12:59pm,5,1,Daylight,Rain/Wind/Minor,1,0,['Driver'],['Shoulder_Lapbelt'],0,0,Valid,0.0,0.0,19.0,19.0,['Male'],1,0,3,4,3,Wet/Standing Water,Straight,Grade/Hillcrest,Lowest,Yes
393,1,Alabama,10398,1,2,1,1,3,NOT APPLICABLE,June,22,Thursday,9,15,Rural,High Speed (Arterial),Yes,34.53278333,-85.69008889,Non-Intersection,Daylight,Cloudy,9:00am-9:59am,17,9:00am-9:59am,28,10:00am-10:59am,23,1,Daylight,Reduced Visibility,1,2,['Front_Passenger'],['None_Used'],0,0,Invalid,5.0,0.0,36.0,36.0,['Male'],0,0,4,4,5,Dry,Straight,Level,Medium,No
394,1,Alabama,10399,0,2,2,0,2,NOT APPLICABLE,June,22,Thursday,13,31,Rural,Low Speed (Local),No,33.086575,-85.27096111,Non-Intersection,Daylight,Clear,1:00pm-1:59pm,36,1:00pm-1:59pm,51,Not Applicable (Not Transported),Not Applicable (Not Transported),1,Daylight,Clear,1,1,['Driver'],['None_Used'],0,0,Valid,1.0,0.0,31.0,29.0,"['Male', 'Male']",1,0,5,4,5,Dry,Curve,Grade/Hillcrest,Lowest,No
395,1,Alabama,10400,0,2,2,0,2,MONTGOMERY,June,22,Thursday,13,51,Urban,High Speed (Arterial),Yes,32.40002778,-86.31100833,Non-Intersection,Daylight,Clear,1:00pm-1:59pm,57,2:00pm-2:59pm,7,Unknown,Unknown EMS Hospital Arrival Time,1,Daylight,Clear,1,1,['Driver'],['Shoulder_Lapbelt'],1,1,Invalid,0.0,1.0,58.0,33.0,"['Male', 'Female']",0,0,2,4,5,Dry,Straight,Level,Lowest,No
396,1,Alabama,10401,1,1,1,0,1,OPELIKA,June,23,Friday,22,28,Urban,Medium Speed (Collector),No,32.63159167,-85.37220556,Non-Intersection,Dark - Not Lighted,Clear,10:00pm-10:59pm,33,10:00pm-10:59pm,40,Not Applicable (Not Transported),Not Applicable (Not Transported),1,Dark - Unlighted,Clear,0,1,[],[],0,0,Invalid,0.0,0.0,999.0,999.0,['Other'],0,0,1,0,4,Dry,Straight,Level,Lowest,No
397,1,Alabama,10402,0,1,1,0,1,NOT APPLICABLE,June,23,Friday,22,5,Rural,Medium Speed (Collector),No,30.93003056,-88.16097778,Non-Intersection,Dark - Not Lighted,Cloudy,10:00pm-10:59pm,8,10:00pm-10:59pm,32,Not Applicable (Not Transported),Not Applicable (Not Transported),1,Dark - Unlighted,Reduced Visibility,1,0,['Driver'],['None_Used'],1,1,Valid,2.0,1.0,43.0,43.0,['Male'],1,0,3,4,3,Dry,Curve,Level,Lowest,No
398,1,Alabama,10403,0,1,1,0,2,CLANTON,June,23,Friday,23,3,Urban,Medium Speed (Collector),No,32.88041111,-86.64361111,Non-Intersection,Dark - Lighted,Clear,11:00pm-11:59pm,9,11:00pm-11:59pm,21,Unknown,Unknown EMS Hospital Arrival Time,1,Dark - Lighted,Clear,1,1,['Driver'],['None_Used'],1,1,Valid,0.0,0.0,49.0,49.0,['Male'],0,0,5,2,3,Dry,Straight,Level,Lowest,No