,State_Code,State_Name,Crash_ID,Count_Non_Motorists,Count_Vehicles_Total,Count_Vehicle_Forms,Count_PVH_Involved,Count_Occupants_MV,City_Name,Month_Name,Day_of_Month,Day_of_Week,Crash_Hour,Crash_Minute,Area_Rural_Urban,Road_Functional_Class,On_NHS_Road,Latitude,Longitude,Intersection_Type,Light_Condition,Weather_Condition,Notif_Hour,Notif_Minute,Arrival_Hour,Arrival_Minute,Hospital_Hour,Hospital_Minute,Fatalities_Count,Clean_Light_Condition,Clean_Weather_Condition,Total_Killed,Total_Alive,Fatal_Seats_List,Killed_Restraint_List,Any_Driver_Drinking,Total_Drinking_Drivers,Driver_License_Category,Driver_Max_Prev_Accident_Count,Driver_Max_Prev_Speeding_Count,Max_Driver_Age,Min_Driver_Age,Driver_Sex_List,Total_Exceeding_Limit_Vehicles,Total_Too_Fast_Vehicles,Max_Vehicle_Type_Severity_5,Max_Vehicle_Damage_Rank,Max_Harmful_Event_Severity,Crash_Road_Surface_Condition,Crash_Horizontal_Alignment,Crash_Vertical_Profile,Crash_Impairment_Category,Crash_Vehicle_Defect
399,1,Alabama,10404,0,1,1,0,1,NOT APPLICABLE,June,24,Saturday,0,50,Rural,Medium Speed (Collector),No,33.36514444,-86.71710833,Non-Intersection,Dark - Not Lighted,Clear,Unknown,Unknown,1:00am-1:59am,0,Not Applicable (Not Transported),Not Applicable (Not Transported),1,Dark - Unlighted,Clear,1,0,['Driver'],['None_Used'],1,1,Valid,0.0,0.0,36.0,36.0,['Male'],0,0,5,4,2,Dry,Curve,Grade/Hillcrest,Lowest,No
400,1,Alabama,10405,0,2,2,0,6,NOT APPLICABLE,June,25,Sunday,4,15,Rural,High Speed (Arterial),Yes,34.68074722,-86.33091667,Non-Intersection,Dark - Not Lighted,Clear,4:00am-4:59am,15,4:00am-4:59am,29,Unknown,Unknown EMS Hospital Arrival Time,1,Dark - Unlighted,Clear,1,5,['Driver'],['Shoulder_Lapbelt'],0,0,Valid,0.0,0.0,64.0,32.0,"['Male', 'Male']",0,0,3,4,5,Dry,Curve,Level,Lowest,No
401,1,Alabama,10406,0,2,2,0,3,NOT APPLICABLE,June,25,Sunday,11,45,Rural,High Speed (Arterial),Yes,34.870825,-87.69218889,Complex/Circle,Daylight,Clear,11:00am-11:59am,45,11:00am-11:59am,59,Unknown,Unknown EMS Hospital Arrival Time,1,Daylight,Clear,1,2,['Driver'],['Shoulder_Lapbelt'],0,0,Valid,1.0,1.0,57.0,29.0,"['Male', 'Male']",0,0,3,4,5,Dry,Straight,Level,Lowest,No
402,1,Alabama,10407,0,2,2,0,4,OZARK,June,25,Sunday,15,8,Urban,Medium Speed (Collector),No,31.45137778,-85.63774444,Complex/Circle,Daylight,Clear,3:00pm-3:59pm,12,3:00pm-3:59pm,19,3:00pm-3:59pm,52,1,Daylight,Clear,1,3,['Rear_Seat'],['None_Used'],1,1,Valid,0.0,0.0,45.0,18.0,"['Male', 'Female']",3,0,3,4,5,Dry,Straight,Grade/Hillcrest,Lowest,No
403,1,Alabama,10408,0,2,2,0,2,BIRMINGHAM,June,25,Sunday,13,55,Urban,Medium Speed (Collector),No,33.45854167,-86.89305,Non-Intersection,Daylight,Clear,2:00pm-2:59pm,5,2:00pm-2:59pm,11,2:00pm-2:59pm,32,1,Daylight,Clear,1,1,['Driver'],['None_Used'],0,0,Valid,0.0,0.0,34.0,23.0,"['Female', 'Male']",0,0,5,4,5,Dry,Straight,Non-Trafficway,Lowest,No
404,1,Alabama,10409,0,1,1,0,1,DECATUR,June,26,Monday,8,44,Urban,Medium Speed (Collector),No,34.50105278,-86.92604722,Non-Intersection,Daylight,Clear,8:00am-8:59am,44,9:00am-9:59am,0,9:00am-9:59am,39,1,Daylight,Clear,1,0,['Driver'],['Shoulder_Lapbelt'],0,0,Valid,1.0,0.0,47.0,47.0,['Male'],0,0,2,4,3,Dry,Straight,Grade/Hillcrest,Lowest,No
405,1,Alabama,10410,1,1,1,0,3,NOT APPLICABLE,June,27,Tuesday,1,10,Rural,High Speed (Arterial),Yes,32.36198333,-86.98583889,Non-Intersection,Dark - Lighted,Clear,Unknown,Unknown,Unknown EMS Scene Arrival Hour,Unknown EMS Scene Arrival Minutes,Not Applicable (Not Transported),Not Applicable (Not Transported),1,Dark - Lighted,Clear,0,3,[],[],0,0,Invalid,0.0,0.0,39.0,39.0,['Male'],0,0,3,3,4,Dry,Straight,Level,Lowest,No
406,1,Alabama,10411,0,1,1,0,1,TRUSSVILLE,June,28,Wednesday,20,53,Urban,Low Speed (Local),No,33.58677778,-86.59939167,Non-Intersection,Dark - Not Lighted,Clear,Unknown,Unknown,Unknown EMS Scene Arrival Hour,Unknown EMS Scene Arrival Minutes,Not Applicable (Not Transported),Not Applicable (Not Transported),1,Dark - Unlighted,Clear,1,0,['Driver'],['Shoulder_Lapbelt'],0,0,Valid,2.0,2.0,61.0,61.0,['Male'],1,0,3,4,3,Dry,Curve,Grade/Hillcrest,Lowest,No
407,1,Alabama,10412,1,1,1,0,2,MUSCLE SHOALS,June,27,Tuesday,20,23,Urban,High Speed (Arterial),No,34.72591944,-87.66773611,Non-Intersection,Dark - Lighted,Clear,8:00pm-8:59pm,23,8:00pm-8:59pm,26,8:00pm-8:59pm,49,1,Dark - Lighted,Clear,0,2,[],[],0,0,Invalid,0.0,1.0,35.0,35.0,['Male'],0,0,3,3,4,Dry,Straight,Grade/Hillcrest,Lowest,No
408,1,Alabama,10413,0,2,2,0,2,NOT APPLICABLE,June,27,Tuesday,15,40,Rural,Medium Speed (Collector),No,33.7096,-86.17680556,Non-Intersection,Daylight,Clear,3:00pm-3:59pm,40,3:00pm-3:59pm,45,Not Applicable (Not Transported),Not Applicable (Not Transported),2,Daylight,Clear,2,0,"['Driver', 'Driver']","['Shoulder_Lapbelt', 'Shoulder_Lapbelt']",0,0,Valid,1.0,4.0,63.0,42.0,"['Male', 'Female']",0,0,4,4,5,Dry,Straight,Level,Lowest,No
409,1,Alabama,10414,0,2,2,0,3,NOT APPLICABLE,June,27,Tuesday,10,40,Rural,High Speed (Arterial),Yes,33.06249444,-87.69973056,Non-Intersection,Daylight,Clear,10:00am-10:59am,46,11:00am-11:59am,3,11:00am-11:59am,38,1,Daylight,Clear,1,2,['Driver'],['Shoulder_Lapbelt'],0,0,Valid,0.0,0.0,67.0,28.0,"['Male', 'Male']",0,0,4,4,5,Dry,Straight,Level,Lowest,No
410,1,Alabama,10415,0,2,2,0,2,PENNINGTON,June,28,Wednesday,5,25,Rural,Medium Speed (Collector),No,32.22291389,-88.03052778,Non-Intersection,Dawn,"Fog, Smog, Smoke",5:00am-5:59am,25,5:00am-5:59am,34,Unknown,Unknown EMS Hospital Arrival Time,1,Twilight,Reduced Visibility,1,1,['Driver'],['None_Used'],0,0,Invalid,0.0,3.0,35.0,22.0,"['Male', 'Male']",0,0,5,4,5,Dry,Straight,Level,Lowest,No
411,1,Alabama,10416,0,2,2,0,2,NOT APPLICABLE,June,23,Friday,16,56,Rural,Medium Speed (Collector),No,34.086325,-85.46177222,Complex/Circle,Daylight,Clear,4:00pm-4:59pm,57,5:00pm-5:59pm,11,Not Applicable (Not Transported),Not Applicable (Not Transported),1,Daylight,Clear,1,1,['Driver'],['Shoulder_Lapbelt'],0,0,Valid,1.0,0.0,68.0,35.0,"['Female', 'Male']",0,0,4,4,5,Dry,Straight,Level,Lowest,No
412,1,Alabama,10417,0,2,2,0,4,NOT APPLICABLE,June,28,Wednesday,16,23,Rural,High Speed (Arterial),Yes,34.363775,-87.06634722,Complex/Circle,Daylight,Clear,4:00pm-4:59pm,30,4:00pm-4:59pm,55,5:00pm-5:59pm,35,1,Daylight,Clear,1,3,['Front_Passenger'],['Shoulder_Lapbelt'],0,0,Valid,0.0,0.0,57.0,38.0,"['Female', 'Male']",0,0,3,4,5,Dry,Straight,Level,Lowest,No
413,1,Alabama,10418,0,2,2,0,2,NOT APPLICABLE,June,28,Wednesday,17,45,Rural,Medium Speed (Collector),No,31.66665833,-86.07346944,Non-Intersection,Daylight,Clear,5:00pm-5:59pm,49,6:00pm-6:59pm,5,Unknown,Unknown EMS Hospital Arrival Time,1,Daylight,Clear,1,1,['Driver'],['None_Used'],0,0,Valid,1.0,1.0,41.0,30.0,"['Female', 'Male']",0,0,5,4,5,Dry,Curve,Level,Medium,No
414,1,Alabama,10419,0,2,2,0,5,NOT APPLICABLE,June,29,Thursday,12,50,Rural,Medium Speed (Collector),No,34.06335833,-86.43133889,Non-Intersection,Daylight,Clear,Unknown,Unknown,1:00pm-1:59pm,0,Unknown,Unknown EMS Hospital Arrival Time,1,Daylight,Clear,1,4,['Rear_Seat'],['Shoulder_Lapbelt'],0,0,Valid,2.0,0.0,72.0,53.0,"['Female', 'Male']",0,0,3,4,5,Dry,Curve,Grade/Hillcrest,Lowest,No
415,1,Alabama,10420,0,2,2,0,2,NOT APPLICABLE,June,30,Friday,13,0,Rural,Medium Speed (Collector),No,32.40728611,-87.44432222,Non-Intersection,Daylight,Clear,1:00pm-1:59pm,1,1:00pm-1:59pm,51,2:00pm-2:59pm,29,1,Daylight,Clear,1,1,['Driver'],['Shoulder_Lapbelt'],0,0,Valid,0.0,1.0,63.0,21.0,"['Male', 'Male']",0,0,2,4,5,Dry,Curve,Grade/Hillcrest,Lowest,No
416,1,Alabama,10421,0,1,1,0,1,NOT APPLICABLE,July,1,Saturday,22,49,Rural,Low Speed (Local),No,33.23502222,-87.38599444,Non-Intersection,Dark - Not Lighted,Clear,10:00pm-10:59pm,30,10:00pm-10:59pm,51,Unknown,Unknown EMS Hospital Arrival Time,1,Dark - Unlighted,Clear,1,0,['Driver'],['None_Used'],1,1,Valid,0.0,0.0,27.0,27.0,['Male'],0,0,5,2,3,Loose/Unpaved,Curve,Level,Lowest,No
417,1,Alabama,10422,0,1,1,0,1,NOT APPLICABLE,July,2,Sunday,3,55,Rural,Medium Speed (Collector),No,30.57926667,-88.23903889,Non-Intersection,Dark - Not Lighted,Clear,4:00am-4:59am,9,4:00am-4:59am,23,Not Applicable (Not Transported),Not Applicable (Not Transported),1,Dark - Unlighted,Clear,1,0,['Driver'],['None_Used'],0,0,Valid,0.0,0.0,64.0,64.0,['Male'],0,0,3,4,3,Dry,Curve,Level,Lowest,No
418,1,Alabama,10423,0,1,1,0,5,AUBURN,July,4,Tuesday,6,10,Urban,High Speed (Arterial),Yes,32.58905556,-85.45861111,Non-Intersection,Daylight,Clear,6:00am-6:59am,27,6:00am-6:59am,41,8:00am-8:59am,0,1,Daylight,Clear,1,4,['Driver'],['Shoulder_Lapbelt'],0,0,Valid,1.0,0.0,42.0,42.0,['Male'],0,0,3,4,3,Dry,Straight,Level,Lowest,No
419,1,Alabama,10424,0,3,3,0,6,Other,July,4,Tuesday,14,31,Urban,High Speed (Arterial),Yes,31.12687778,-85.40392778,Non-Intersection,Daylight,Clear,2:00pm-2:59pm,39,3:00pm-3:59pm,10,3:00pm-3:59pm,27,1,Daylight,Clear,1,5,['Driver'],['None_Used'],0,0,Valid,2.0,0.0,57.0,36.0,"['Male', 'Male', 'Female']",0,0,3,4,5,Dry,Straight,Grade/Hillcrest,Lowest,No
420,1,Alabama,10425,0,1,1,0,2,Other,July,4,Tuesday,19,25,Urban,Medium Speed (Collector),No,33.19405,-86.80351944,Non-Intersection,Dusk,Clear,7:00pm-7:59pm,25,7:00pm-7:59pm,38,Not Applicable (Not Transported),Not Applicable (Not Transported),2,Twilight,Clear,2,0,"['Driver', 'Front_Passenger']","['Shoulder_Lapbelt', 'Shoulder_Lapbelt']",1,1,Valid,2.0,0.0,34.0,34.0,['Male'],2,0,2,4,3,Dry,Curve,Level,Lowest,No
421,1,Alabama,10426,0,1,1,0,1,NOT APPLICABLE,July,5,Wednesday,0,53,Rural,Low Speed (Local),No,33.95683056,-86.68878333,Non-Intersection,Dark - Not Lighted,Cloudy,0:00am-0:59am,54,1:00am-1:59am,10,Not Applicable (Not Transported),Not Applicable (Not Transported),1,Dark - Unlighted,Reduced Visibility,1,0,['Driver'],['Shoulder_Lapbelt'],1,1,Valid,0.0,1.0,19.0,19.0,['Male'],1,0,2,4,3,Dry,Straight,Level,Lowest,No
422,1,Alabama,10427,0,1,1,0,1,NOT APPLICABLE,July,5,Wednesday,13,22,Rural,High Speed (Arterial),Yes,32.26468889,-86.68749722,Non-Intersection,Daylight,Clear,Unknown,Unknown,Unknown EMS Scene Arrival Hour,Unknown EMS Scene Arrival Minutes,Not Applicable (Not Transported),Not Applicable (Not Transported),1,Daylight,Clear,1,0,['Driver'],['None_Used'],1,1,Valid,2.0,0.0,56.0,56.0,['Male'],1,0,2,4,3,Dry,Straight,Level,Lowest,No
423,1,Alabama,10428,1,2,2,0,4,NOT APPLICABLE,July,6,Thursday,17,47,Rural,Medium Speed (Collector),No,30.41712222,-88.24446389,Non-Intersection,Daylight,Clear,5:00pm-5:59pm,45,5:00pm-5:59pm,58,Not Applicable (Not Transported),Not Applicable (Not Transported),1,Daylight,Clear,0,4,[],[],0,0,Invalid,0.0,0.0,26.0,16.0,"['Male', 'Male']",0,0,3,4,5,Dry,Straight,Level,Lowest,No
424,1,Alabama,10429,1,3,3,0,8,NOT APPLICABLE,July,6,Thursday,20,49,Rural,High Speed (Arterial),Yes,34.88664722,-86.56927778,Non-Intersection,Dark - Not Lighted,Clear,Unknown,Unknown,Unknown EMS Scene Arrival Hour,Unknown EMS Scene Arrival Minutes,Not Applicable (Not Transported),Not Applicable (Not Transported),1,Dark - Unlighted,Clear,0,8,[],[],0,0,Valid,1.0,2.0,50.0,20.0,"['Female', 'Male', 'Male']",0,0,3,3,4,Dry,Straight,Level,Lowest,No
425,1,Alabama,10430,0,1,1,0,1,NOT APPLICABLE,July,9,Sunday,5,30,Rural,High Speed (Arterial),Yes,30.64168611,-88.32605833,Non-Intersection,Dark - Not Lighted,Cloudy,5:00am-5:59am,35,5:00am-5:59am,40,Not Applicable (Not Transported),Not Applicable (Not Transported),1,Dark - Unlighted,Reduced Visibility,1,0,['Driver'],['None_Used'],1,1,Valid,0.0,0.0,33.0,33.0,['Male'],1,0,5,4,2,Dry,Curve,Grade/Hillcrest,Lowest,No
426,1,Alabama,10431,0,2,2,0,2,HUNTSVILLE,July,10,Monday,7,47,Urban,High Speed (Arterial),Yes,34.71168611,-86.53486111,Non-Intersection,Daylight,Clear,7:00am-7:59am,47,8:00am-8:59am,11,8:00am-8:59am,48,1,Daylight,Clear,1,1,['Driver'],['Shoulder_Lapbelt'],0,0,Valid,0.0,0.0,44.0,20.0,"['Male', 'Female']",0,0,3,4,5,Dry,Curve,Grade/Hillcrest,Lowest,No
427,1,Alabama,10432,0,2,2,0,3,RUSSELLVILLE,July,10,Monday,11,10,Urban,High Speed (Arterial),Yes,34.49349444,-87.72689722,Non-Intersection,Daylight,Clear,11:00am-11:59am,14,11:00am-11:59am,43,12:00pm-12:59pm,39,1,Daylight,Clear,1,2,['Front_Passenger'],['Shoulder_Lapbelt'],0,0,Valid,0.0,0.0,78.0,63.0,"['Female', 'Male']",1,0,3,4,5,Dry,Straight,Grade/Hillcrest,Lowest,No
428,1,Alabama,10433,0,1,1,0,1,NOT APPLICABLE,July,10,Monday,21,40,Rural,Low Speed (Local),No,34.64297778,-86.91680278,Non-Intersection,Dark - Not Lighted,Clear,10:00pm-10:59pm,4,10:00pm-10:59pm,8,Not Applicable (Not Transported),Not Applicable (Not Transported),1,Dark - Unlighted,Clear,1,0,['Driver'],['None_Used'],1,1,Valid,1.0,0.0,48.0,48.0,['Female'],1,0,3,4,3,Dry,Curve,Grade/Hillcrest,Lowest,No
429,1,Alabama,10434,0,1,1,0,2,NOT APPLICABLE,July,10,Monday,21,13,Rural,Low Speed (Local),No,33.85514722,-85.99091944,Non-Intersection,Dark - Not Lighted,Clear,9:00pm-9:59pm,20,9:00pm-9:59pm,38,10:00pm-10:59pm,59,1,Dark - Unlighted,Clear,1,1,['Driver'],['None_Used'],0,0,Valid,2.0,0.0,24.0,24.0,['Male'],2,0,2,4,3,Dry,Curve,Grade/Hillcrest,Lowest,No
430,1,Alabama,10435,0,2,2,0,2,NOT APPLICABLE,July,11,Tuesday,15,35,Rural,Medium Speed (Collector),No,33.62788333,-87.25290278,Non-Intersection,Daylight,Clear,3:00pm-3:59pm,40,4:00pm-4:59pm,3,Not Applicable (Not Transported),Not Applicable (Not Transported),1,Daylight,Clear,1,1,['Driver'],['None_Used'],1,1,Invalid,0.0,0.0,63.0,31.0,"['Male', 'Male']",0,0,5,4,5,Dry,Curve,Grade/Hillcrest,Lowest,No
431,1,Alabama,10436,0,1,1,0,1,NOT APPLICABLE,July,13,Thursday,0,5,Rural,High Speed (Arterial),Yes,33.16932778,-87.55207222,Non-Intersection,Dark - Lighted,Clear,0:00am-0:59am,4,0:00am-0:59am,13,Not Applicable (Not Transported),Not Applicable (Not Transported),1,Dark - Lighted,Clear,1,0,['Driver'],['None_Used'],1,1,Valid,1.0,0.0,37.0,37.0,['Female'],0,0,2,4,3,Dry,Curve,Grade/Hillcrest,Medium,No
432,1,Alabama,10437,0,2,2,0,3,NOT APPLICABLE,July,15,Saturday,8,35,Urban,Medium Speed (Collector),No,31.72901944,-86.12173889,Non-Intersection,Daylight,Clear,8:00am-8:59am,42,8:00am-8:59am,59,9:00am-9:59am,28,1,Daylight,Clear,1,2,['Driver'],['None_Used'],0,0,Invalid,0.0,0.0,80.0,25.0,"['Female', 'Male']",0,0,3,4,5,Dry,Straight,Level,Lowest,No
433,1,Alabama,10438,0,1,1,0,1,NOT APPLICABLE,July,15,Saturday,4,25,Rural,Medium Speed (Collector),No,32.37114444,-85.65875833,Non-Intersection,Dark - Not Lighted,Clear,4:00am-4:59am,21,4:00am-4:59am,37,Not Applicable (Not Transported),Not Applicable (Not Transported),1,Dark - Unlighted,Clear,1,0,['Driver'],['Shoulder_Lapbelt'],0,0,Valid,0.0,0.0,20.0,20.0,['Male'],1,0,2,4,3,Dry,Straight,Level,Lowest,No
434,1,Alabama,10439,0,1,1,0,1,NOT APPLICABLE,July,16,Sunday,5,11,Rural,Medium Speed (Collector),No,33.95119444,-87.01898333,Non-Intersection,Dark - Not Lighted,"Fog, Smog, Smoke",Unknown,Unknown,Unknown EMS Scene Arrival Hour,Unknown EMS Scene Arrival Minutes,Not Applicable (Not Transported),Not Applicable (Not Transported),1,Dark - Unlighted,Reduced Visibility,1,0,['Driver'],['None_Used'],0,0,Valid,0.0,0.0,60.0,60.0,['Male'],0,0,2,4,3,Dry,Curve,Grade/Hillcrest,Lowest,No
435,1,Alabama,10440,0,1,1,0,1,NOT APPLICABLE,July,16,Sunday,15,45,Rural,Low Speed (Local),No,32.62787778,-86.49462222,Non-Intersection,Daylight,Clear,Unknown,Unknown,4:00pm-4:59pm,10,Not Applicable (Not Transported),Not Applicable (Not Transported),1,Daylight,Clear,1,0,['Driver'],['None_Used'],1,1,Valid,1.0,0.0,24.0,24.0,['Male'],1,0,3,4,3,Dry,Straight,Level,Lowest,No
436,1,Alabama,10441,1,1,1,0,1,BESSEMER,July,12,Wednesday,20,49,Rural,High Speed (Arterial),Yes,33.43488056,-86.93814444,Simple Junction,Dark - Lighted,Rain,8:00pm-8:59pm,49,Unknown EMS Scene Arrival Hour,Unknown EMS Scene Arrival Minutes,Not Applicable (Not Transported),Not Applicable (Not Transported),1,Dark - Lighted,Rain/Wind/Minor,0,1,[],[],1,1,Invalid,0.0,0.0,31.0,31.0,['Female'],0,0,2,4,4,Wet/Standing Water,Straight,Level,Lowest,No
437,1,Alabama,10442,0,2,2,0,4,BIRMINGHAM,July,10,Monday,22,35,Urban,Medium Speed (Collector),No,33.46192222,-86.842325,Non-Intersection,Dark - Not Lighted,Clear,10:00pm-10:59pm,37,10:00pm-10:59pm,45,Unknown,Unknown EMS Hospital Arrival Time,2,Dark - Unlighted,Clear,2,2,"['Driver', 'Front_Passenger']","['None_Used', 'Shoulder_Lapbelt']",0,0,Valid,0.0,1.0,69.0,45.0,"['Male', 'Male']",2,0,4,4,5,Dry,Curve,Grade/Hillcrest,Lowest,No
438,1,Alabama,10443,0,1,1,0,1,MUSCLE SHOALS,July,9,Sunday,1,36,Urban,Medium Speed (Collector),No,34.79421111,-87.62419444,Non-Intersection,Dark - Lighted,Cloudy,1:00am-1:59am,40,1:00am-1:59am,52,Not Applicable (Not Transported),Not Applicable (Not Transported),1,Dark - Lighted,Reduced Visibility,1,0,['Driver'],['Shoulder_Lapbelt'],0,0,Valid,0.0,1.0,27.0,27.0,['Female'],0,0,3,4,3,Dry,Curve,Level,Lowest,No
439,1,Alabama,10445,0,1,1,0,1,FORT PAYNE,June,23,Friday,15,35,Urban,High Speed (Arterial),Yes,34.44121667,-85.71486944,Simple Junction,Daylight,Clear,3:00pm-3:59pm,35,3:00pm-3:59pm,39,Not Applicable (Not Transported),Not Applicable (Not Transported),1,Daylight,Clear,1,0,['Driver'],['None_Used'],0,0,Valid,0.0,0.0,43.0,43.0,['Male'],0,0,4,4,3,Dry,Curve,Grade/Hillcrest,Lowest,No
440,1,Alabama,10446,0,1,1,0,3,BIRMINGHAM,June,18,Sunday,1,38,Urban,High Speed (Arterial),Yes,33.48344444,-86.77996944,Non-Intersection,Dark - Lighted,Clear,1:00am-1:59am,53,2:00am-2:59am,10,2:00am-2:59am,32,1,Dark - Lighted,Clear,1,2,['Rear_Seat'],['Shoulder_Lapbelt'],1,1,Valid,0.0,0.0,20.0,20.0,['Male'],0,0,3,4,3,Dry,Curve,Level,Lowest,No
441,1,Alabama,10447,0,2,2,0,2,FORT PAYNE,June,9,Friday,10,38,Urban,High Speed (Arterial),Yes,34.43683611,-85.74724722,Simple Junction,Daylight,Clear,10:00am-10:59am,41,10:00am-10:59am,44,Not Applicable (Not Transported),Not Applicable (Not Transported),1,Daylight,Clear,1,1,['Driver'],['Shoulder_Lapbelt'],0,0,Valid,1.0,0.0,83.0,50.0,"['Male', 'Male']",0,0,3,4,5,Dry,Straight,Grade/Hillcrest,Lowest,No
442,1,Alabama,10448,0,2,2,0,4,NOT APPLICABLE,June,25,Sunday,4,52,Rural,Medium Speed (Collector),No,32.8781,-87.86794722,Non-Intersection,Dark - Not Lighted,Clear,5:00am-5:59am,0,5:00am-5:59am,10,5:00am-5:59am,50,2,Dark - Unlighted,Clear,2,2,"['Front_Passenger', 'Front_Passenger']","['None_Used', 'None_Used']",1,2,Invalid,0.0,0.0,33.0,27.0,"['Male', 'Female']",0,0,3,4,5,Dry,Straight,Grade/Hillcrest,Lowest,No
443,1,Alabama,10449,1,1,1,0,1,MONTGOMERY,May,18,Thursday,3,40,Urban,High Speed (Arterial),Yes,32.36244167,-86.21304722,Non-Intersection,Dark - Not Lighted,Clear,3:00am-3:59am,47,3:00am-3:59am,58,Not Applicable (Not Transported),Not Applicable (Not Transported),1,Dark - Unlighted,Clear,0,1,[],[],0,0,Valid,1.0,0.0,40.0,40.0,['Male'],0,0,4,1,4,Dry,Straight,Level,Lowest,No
444,1,Alabama,10450,0,2,2,0,2,HOOVER,July,1,Saturday,4,21,Urban,High Speed (Arterial),Yes,33.40208056,-86.78832222,Non-Intersection,Dark - Not Lighted,Clear,4:00am-4:59am,21,4:00am-4:59am,34,Not Applicable (Not Transported),Not Applicable (Not Transported),1,Dark - Unlighted,Clear,1,1,['Driver'],['Shoulder_Lapbelt'],1,1,Invalid,3.0,0.0,36.0,24.0,"['Male', 'Female']",0,0,2,4,3,Dry,Straight,Level,Lowest,No
445,1,Alabama,10451,1,1,1,0,1,BIRMINGHAM,July,4,Tuesday,23,44,Urban,High Speed (Arterial),Yes,33.50511389,-86.86144722,Non-Intersection,Dark - Lighted,Clear,11:00pm-11:59pm,44,11:00pm-11:59pm,50,Not Applicable (Not Transported),Not Applicable (Not Transported),1,Dark - Lighted,Clear,0,1,[],[],0,0,Invalid,0.0,0.0,999.0,999.0,['Other'],0,0,1,0,4,Dry,Straight,Level,Lowest,No
446,1,Alabama,10452,0,1,1,0,1,NOT APPLICABLE,July,15,Saturday,9,56,Rural,Medium Speed (Collector),No,33.56638611,-87.00265833,Non-Intersection,Daylight,Clear,Unknown,Unknown,10:00am-10:59am,5,Not Applicable (Not Transported),Not Applicable (Not Transported),1,Daylight,Clear,1,0,['Driver'],['None_Used'],0,0,Invalid,0.0,0.0,34.0,34.0,['Male'],1,0,3,4,3,Dry,Straight,Grade/Hillcrest,Lowest,No
447,1,Alabama,10453,0,4,4,0,4,BIRMINGHAM,July,16,Sunday,2,24,Urban,Medium Speed (Collector),No,33.51079444,-86.79590278,Complex/Circle,Dark - Lighted,Clear,2:00am-2:59am,27,2:00am-2:59am,36,Unknown,Unknown EMS Hospital Arrival Time,1,Dark - Lighted,Clear,1,3,['Driver'],['None_Used'],0,0,Valid,3.0,0.0,61.0,24.0,"['Female', 'Male', 'Male', 'Female']",0,0,3,4,5,Dry,Straight,Level,Lowest,No
448,1,Alabama,10454,0,3,3,0,3,NOT APPLICABLE,July,17,Monday,18,45,Rural,Medium Speed (Collector),No,32.34957222,-87.16818611,Non-Intersection,Daylight,Clear,6:00pm-6:59pm,44,7:00pm-7:59pm,11,Not Applicable (Not Transported),Not Applicable (Not Transported),1,Daylight,Clear,1,2,['Driver'],['None_Used'],0,0,Valid,0.0,1.0,69.0,22.0,"['Male', 'Male', 'Male']",0,0,3,4,5,Dry,Straight,Level,Lowest,No
449,1,Alabama,10455,0,1,1,0,1,HUNTSVILLE,July,17,Monday,21,10,Urban,High Speed (Arterial),Yes,34.65985833,-86.48385556,Complex/Circle,Dark - Lighted,Clear,9:00pm-9:59pm,10,9:00pm-9:59pm,14,Not Applicable (Not Transported),Not Applicable (Not Transported),1,Dark - Lighted,Clear,1,0,['Driver'],['None_Used'],0,0,Valid,1.0,0.0,60.0,60.0,['Male'],0,0,3,4,3,Dry,Straight,Level,Lowest,No
450,1,Alabama,10456,0,1,1,0,1,NOT APPLICABLE,July,18,Tuesday,12,20,Rural,High Speed (Arterial),Yes,32.43930833,-85.84010556,Non-Intersection,Daylight,Clear,12:00pm-12:59pm,20,12:00pm-12:59pm,38,Not Applicable (Not Transported),Not Applicable (Not Transported),1,Daylight,Clear,1,0,['Driver'],['Shoulder_Lapbelt'],0,0,Valid,1.0,0.0,34.0,34.0,['Male'],0,0,3,4,3,Dry,Straight,Level,Lowest,No
451,1,Alabama,10457,0,1,1,0,1,ODENVILLE,July,21,Friday,15,18,Urban,Medium Speed (Collector),No,33.76403889,-86.45101111,Non-Intersection,Daylight,Cloudy,3:00pm-3:59pm,18,3:00pm-3:59pm,24,Not Applicable (Not Transported),Not Applicable (Not Transported),1,Daylight,Reduced Visibility,1,0,['Driver'],['None_Used'],0,0,Valid,0.0,0.0,66.0,66.0,['Female'],0,0,2,4,3,Dry,Straight,Level,Lowest,No
452,1,Alabama,10458,0,1,1,0,2,NOT APPLICABLE,July,22,Saturday,18,43,Rural,Low Speed (Local),No,32.79318611,-86.01278611,Non-Intersection,Dark - Not Lighted,Clear,Unknown,Unknown,7:00pm-7:59pm,23,Unknown,Unknown EMS Hospital Arrival Time,1,Dark - Unlighted,Clear,1,1,['Front_Passenger'],['None_Used'],1,1,Valid,2.0,3.0,23.0,23.0,['Male'],0,0,3,4,3,Dry,Curve,Grade/Hillcrest,Lowest,No
453,1,Alabama,10459,0,1,1,0,1,NOT APPLICABLE,July,22,Saturday,21,20,Rural,Low Speed (Local),No,32.06037778,-87.50819722,Non-Intersection,Dark - Not Lighted,Clear,9:00pm-9:59pm,40,10:00pm-10:59pm,48,Not Applicable (Not Transported),Not Applicable (Not Transported),1,Dark - Unlighted,Clear,1,0,['Driver'],['None_Used'],0,0,Invalid,0.0,0.0,46.0,46.0,['Male'],1,0,3,4,3,Dry,Curve,Level,Lowest,No
454,1,Alabama,10460,0,1,1,0,3,MOUNTAIN BROOK,July,22,Saturday,17,27,Urban,Medium Speed (Collector),No,33.49125556,-86.73710556,Non-Intersection,Daylight,Cloudy,5:00pm-5:59pm,27,5:00pm-5:59pm,37,6:00pm-6:59pm,5,1,Daylight,Reduced Visibility,1,2,['Rear_Seat'],['None_Used'],0,0,Valid,0.0,0.0,44.0,44.0,['Female'],3,0,3,4,3,Dry,Curve,Grade/Hillcrest,Lowest,No