,State_Code,State_Name,Crash_ID,Count_Non_Motorists,Count_Vehicles_Total,Count_Vehicle_Forms,Count_PVH_Involved,Count_Occupants_MV,City_Name,Month_Name,Day_of_Month,Day_of_Week,Crash_Hour,Crash_Minute,Area_Rural_Urban,Road_Functional_Class,On_NHS_Road,Latitude,Longitude,Intersection_Type,Light_Condition,Weather_Condition,Notif_Hour,Notif_Minute,Arrival_Hour,Arrival_Minute,Hospital_Hour,Hospital_Minute,Fatalities_Count,Clean_Light_Condition,Clean_Weather_Condition,Total_Killed,Total_Alive,Fatal_Seats_List,Killed_Restraint_List,Any_Driver_Drinking,Total_Drinking_Drivers,Driver_License_Category,Driver_Max_Prev_Accident_Count,Driver_Max_Prev_Speeding_Count,Max_Driver_Age,Min_Driver_Age,Driver_Sex_List,Total_Exceeding_Limit_Vehicles,Total_Too_Fast_Vehicles,Max_Vehicle_Type_Severity_5,Max_Vehicle_Damage_Rank,Max_Harmful_Event_Severity,Crash_Road_Surface_Condition,Crash_Horizontal_Alignment,Crash_Vertical_Profile,Crash_Impairment_Category,Crash_Vehicle_Defect
455,1,Alabama,10461,0,1,1,0,1,NOT APPLICABLE,July,23,Sunday,2,58,Rural,Low Speed (Local),No,33.83210556,-86.83300278,Non-Intersection,Dark - Not Lighted,Clear,Unknown,Unknown,3:00am-3:59am,15,Not Applicable (Not Transported),Not Applicable (Not Transported),1,Dark - Unlighted,Clear,1,0,['Driver'],['None_Used'],0,0,Valid,1.0,0.0,33.0,33.0,['Male'],0,0,3,4,3,Dry,Straight,Grade/Hillcrest,Lowest,No
456,1,Alabama,10462,0,2,2,0,3,NOT APPLICABLE,July,18,Tuesday,17,50,Rural,Medium Speed (Collector),No,33.46846389,-86.33981389,Simple Junction,Daylight,Cloudy,5:00pm-5:59pm,50,6:00pm-6:59pm,7,Not Applicable (Not Transported),Not Applicable (Not Transported),1,Daylight,Reduced Visibility,1,2,['Driver'],['None_Used'],0,0,Valid,1.0,1.0,69.0,21.0,"['Male', 'Male']",1,0,5,4,5,Dry,Straight,Grade/Hillcrest,Lowest,No
457,1,Alabama,10463,0,2,2,0,3,NOT APPLICABLE,July,19,Wednesday,21,0,Urban,High Speed (Arterial),Yes,30.63961111,-88.2247,Complex/Circle,Dark - Lighted,Clear,9:00pm-9:59pm,12,9:00pm-9:59pm,17,9:00pm-9:59pm,38,1,Dark - Lighted,Clear,1,2,['Front_Passenger'],['None_Used'],0,0,Valid,1.0,1.0,52.0,26.0,"['Female', 'Female']",0,0,3,4,5,Dry,Straight,Level,Lowest,No
458,1,Alabama,10464,0,2,2,0,7,NOT APPLICABLE,July,20,Thursday,10,30,Rural,High Speed (Arterial),Yes,34.86969167,-86.72898056,Non-Intersection,Daylight,Clear,10:00am-10:59am,30,10:00am-10:59am,40,Unknown,Unknown EMS Hospital Arrival Time,1,Daylight,Clear,1,6,['Driver'],['None_Used'],0,0,Valid,0.0,0.0,71.0,21.0,"['Male', 'Male']",0,0,5,4,5,Dry,Straight,Level,Lowest,No
459,1,Alabama,10465,0,2,2,0,2,HUNTSVILLE,July,21,Friday,23,46,Rural,High Speed (Arterial),Yes,34.720125,-86.62753889,Complex/Circle,Dark - Lighted,Cloudy,11:00pm-11:59pm,47,11:00pm-11:59pm,56,0:00am-0:59am,13,1,Dark - Lighted,Reduced Visibility,1,1,['Driver'],['None_Used'],0,0,Valid,2.0,2.0,31.0,22.0,"['Male', 'Male']",0,0,3,4,5,Dry,Straight,Level,Lowest,No
460,1,Alabama,10466,1,1,1,0,1,GADSDEN,July,21,Friday,21,24,Urban,High Speed (Arterial),Yes,33.99193889,-86.03224722,Non-Intersection,Dark - Not Lighted,Rain,9:00pm-9:59pm,24,9:00pm-9:59pm,29,Not Applicable (Not Transported),Not Applicable (Not Transported),1,Dark - Unlighted,Rain/Wind/Minor,0,1,[],[],0,0,Valid,0.0,0.0,28.0,28.0,['Male'],0,0,2,3,4,Wet/Standing Water,Straight,Level,Lowest,No
461,1,Alabama,10467,0,2,2,0,2,VESTAVIA HILLS,July,21,Friday,10,17,Urban,High Speed (Arterial),No,33.42828889,-86.79066667,Non-Intersection,Daylight,Clear,10:00am-10:59am,14,10:00am-10:59am,25,10:00am-10:59am,39,1,Daylight,Clear,1,1,['Driver'],['Shoulder_Lapbelt'],0,0,Valid,1.0,0.0,83.0,58.0,"['Female', 'Female']",0,0,3,4,5,Dry,Straight,Grade/Hillcrest,Lowest,No
462,1,Alabama,10468,0,2,2,0,3,OPELIKA,April,7,Friday,19,20,Urban,High Speed (Arterial),Yes,32.63515278,-85.42301111,Complex/Circle,Dark - Lighted,Cloudy,7:00pm-7:59pm,35,7:00pm-7:59pm,39,8:00pm-8:59pm,32,1,Dark - Lighted,Reduced Visibility,1,2,['Front_Passenger'],['Shoulder_Lapbelt'],0,0,Valid,1.0,0.0,56.0,48.0,"['Female', 'Male']",0,0,3,4,5,Dry,Straight,Level,Lowest,No
463,1,Alabama,10469,0,2,2,0,4,NOT APPLICABLE,July,23,Sunday,19,19,Rural,Low Speed (Local),No,30.67870556,-88.27628056,Non-Intersection,Dark - Not Lighted,Clear,7:00pm-7:59pm,23,7:00pm-7:59pm,44,8:00pm-8:59pm,19,1,Dark - Unlighted,Clear,1,3,['Driver'],['None_Used'],0,0,Valid,1.0,1.0,79.0,41.0,"['Male', 'Female']",0,0,3,4,5,Dry,Straight,Level,Lowest,No
464,1,Alabama,10470,0,1,1,0,1,NOT APPLICABLE,July,23,Sunday,18,30,Rural,Medium Speed (Collector),No,32.72003056,-85.35155833,Non-Intersection,Daylight,Clear,6:00pm-6:59pm,36,7:00pm-7:59pm,12,7:00pm-7:59pm,38,1,Daylight,Clear,1,0,['Driver'],['None_Used'],0,0,Valid,0.0,0.0,62.0,62.0,['Male'],1,0,2,4,3,Dry,Straight,Grade/Hillcrest,Lowest,No
465,1,Alabama,10471,0,1,1,0,1,NOT APPLICABLE,July,23,Sunday,11,30,Rural,High Speed (Arterial),Yes,30.62118611,-87.5924,Non-Intersection,Daylight,Cloudy,11:00am-11:59am,30,11:00am-11:59am,50,Not Applicable (Not Transported),Not Applicable (Not Transported),1,Daylight,Reduced Visibility,1,0,['Driver'],['None_Used'],0,0,Valid,0.0,0.0,41.0,41.0,['Male'],0,0,5,4,2,Wet/Standing Water,Straight,Level,Lowest,No
466,1,Alabama,10472,0,3,3,0,4,GLENCOE,July,23,Sunday,17,56,Urban,Medium Speed (Collector),No,33.90716111,-85.98227778,Non-Intersection,Daylight,Clear,5:00pm-5:59pm,58,6:00pm-6:59pm,4,Not Applicable (Not Transported),Not Applicable (Not Transported),2,Daylight,Clear,2,2,"['Driver', 'Front_Passenger']","['Shoulder_Lapbelt', 'Shoulder_Lapbelt']",0,0,Valid,2.0,0.0,69.0,27.0,"['Male', 'Male', 'Female']",0,0,3,4,5,Dry,Straight,Level,Lowest,No
467,1,Alabama,10473,0,4,4,0,5,NOT APPLICABLE,July,25,Tuesday,14,10,Rural,High Speed (Arterial),Yes,31.50300556,-86.9258,Non-Intersection,Daylight,Clear,2:00pm-2:59pm,10,2:00pm-2:59pm,20,Not Applicable (Not Transported),Not Applicable (Not Transported),1,Daylight,Clear,1,4,['Driver'],['Shoulder_Lapbelt'],0,0,Valid,1.0,0.0,999.0,23.0,"['Male', 'Male', 'Male', 'Other']",0,0,4,4,5,Dry,Straight,Level,Lowest,No
468,1,Alabama,10474,0,1,1,0,1,NOT APPLICABLE,July,25,Tuesday,2,1,Rural,High Speed (Arterial),Yes,34.01151667,-86.07584167,Non-Intersection,Dark - Lighted,Clear,2:00am-2:59am,1,2:00am-2:59am,40,Not Applicable (Not Transported),Not Applicable (Not Transported),1,Dark - Lighted,Clear,1,0,['Driver'],['None_Used'],0,0,Invalid,0.0,0.0,47.0,47.0,['Female'],0,0,3,4,3,Dry,Curve,Level,Lowest,No
469,1,Alabama,10475,0,4,4,0,6,BUTLER,July,26,Wednesday,16,20,Urban,Medium Speed (Collector),No,32.05291111,-88.23305556,Non-Intersection,Daylight,Clear,4:00pm-4:59pm,29,4:00pm-4:59pm,47,Unknown,Unknown EMS Hospital Arrival Time,1,Daylight,Clear,1,5,['Driver'],['None_Used'],0,0,Invalid,0.0,0.0,73.0,17.0,"['Male', 'Male', 'Female', 'Female']",0,0,3,4,5,Dry,Curve,Level,Lowest,No
470,1,Alabama,10476,0,1,1,0,1,MONROEVILLE,July,26,Wednesday,18,10,Urban,Low Speed (Local),No,31.55946111,-87.41641667,Non-Intersection,Daylight,Clear,6:00pm-6:59pm,18,6:00pm-6:59pm,32,Not Applicable (Not Transported),Not Applicable (Not Transported),1,Daylight,Clear,1,0,['Driver'],['None_Used'],1,1,Valid,0.0,2.0,57.0,57.0,['Male'],1,0,5,4,3,Loose/Unpaved,Curve,Level,Lowest,No
471,1,Alabama,10477,0,1,1,0,1,NOT APPLICABLE,July,27,Thursday,19,20,Rural,High Speed (Arterial),Yes,31.61128611,-86.81516944,Non-Intersection,Dusk,Clear,7:00pm-7:59pm,22,7:00pm-7:59pm,42,8:00pm-8:59pm,9,1,Twilight,Clear,1,0,['Driver'],['None_Used'],0,0,Valid,0.0,0.0,29.0,29.0,['Male'],0,0,2,4,3,Dry,Straight,Grade/Hillcrest,Lowest,No
472,1,Alabama,10478,0,1,1,0,1,HUNTSVILLE,July,27,Thursday,23,36,Urban,Medium Speed (Collector),No,34.81355,-86.64263889,Non-Intersection,Dark - Lighted,Clear,11:00pm-11:59pm,37,11:00pm-11:59pm,48,Not Applicable (Not Transported),Not Applicable (Not Transported),1,Dark - Lighted,Clear,1,0,['Driver'],['None_Used'],0,0,Valid,0.0,1.0,42.0,42.0,['Male'],0,0,5,4,3,Dry,Straight,Level,Lowest,No
473,1,Alabama,10479,1,1,1,0,1,BIRMINGHAM,July,26,Wednesday,6,30,Urban,High Speed (Arterial),Yes,33.50265833,-86.81494722,Non-Intersection,Daylight,Clear,6:00am-6:59am,32,6:00am-6:59am,43,Not Applicable (Not Transported),Not Applicable (Not Transported),1,Daylight,Clear,0,1,[],[],0,0,Valid,0.0,0.0,41.0,41.0,['Male'],0,0,2,4,4,Dry,Straight,Level,Lowest,No
474,1,Alabama,10480,0,2,2,0,3,NOT APPLICABLE,July,27,Thursday,12,3,Rural,Medium Speed (Collector),No,32.89356667,-86.157175,Non-Intersection,Daylight,Clear,12:00pm-12:59pm,28,12:00pm-12:59pm,58,1:00pm-1:59pm,35,2,Daylight,Clear,2,1,"['Driver', 'Front_Passenger']","['Shoulder_Lapbelt', 'Shoulder_Lapbelt']",0,0,Valid,1.0,0.0,67.0,39.0,"['Male', 'Male']",0,0,4,4,5,Dry,Curve,Grade/Hillcrest,Lowest,No
475,1,Alabama,10481,0,2,2,0,2,NOT APPLICABLE,July,27,Thursday,11,33,Rural,High Speed (Arterial),Yes,34.449475,-88.075425,Simple Junction,Daylight,Clear,11:00am-11:59am,35,11:00am-11:59am,53,12:00pm-12:59pm,16,1,Daylight,Clear,1,1,['Driver'],['Shoulder_Lapbelt'],1,1,Valid,1.0,1.0,49.0,31.0,"['Male', 'Male']",0,0,4,4,5,Dry,Straight,Level,Lowest,No
476,1,Alabama,10482,0,2,2,0,4,NOT APPLICABLE,July,28,Friday,10,30,Rural,High Speed (Arterial),Yes,33.26463056,-87.11125,Non-Intersection,Daylight,Clear,10:00am-10:59am,35,10:00am-10:59am,48,Unknown,Unknown EMS Hospital Arrival Time,1,Daylight,Clear,1,3,['Driver'],['Shoulder_Lapbelt'],0,0,Valid,1.0,1.0,37.0,27.0,"['Female', 'Male']",0,0,3,4,3,Dry,Straight,Level,Lowest,No
477,1,Alabama,10483,0,1,1,0,2,NOT APPLICABLE,July,28,Friday,2,47,Rural,Medium Speed (Collector),No,33.31341389,-87.04220833,Non-Intersection,Dark - Not Lighted,Clear,Unknown,Unknown,Unknown EMS Scene Arrival Hour,Unknown EMS Scene Arrival Minutes,Unknown,Unknown EMS Hospital Arrival Time,1,Dark - Unlighted,Clear,1,0,['Driver'],['Shoulder_Lapbelt'],0,0,Valid,0.0,0.0,48.0,48.0,['Female'],0,0,2,4,3,Dry,Straight,Level,Lowest,No
478,1,Alabama,10484,0,1,1,0,1,MOBILE,July,28,Friday,6,2,Urban,Low Speed (Local),No,30.72252778,-88.10219722,Non-Intersection,Daylight,Clear,6:00am-6:59am,3,6:00am-6:59am,11,Not Applicable (Not Transported),Not Applicable (Not Transported),1,Daylight,Clear,1,0,['Driver'],['None_Used'],1,1,Valid,3.0,0.0,47.0,47.0,['Male'],1,0,5,4,3,Dry,Curve,Level,Lowest,No
479,1,Alabama,10485,0,1,1,0,1,NOT APPLICABLE,July,29,Saturday,2,0,Rural,Medium Speed (Collector),No,32.63422778,-85.57774722,Non-Intersection,Dark - Not Lighted,Clear,2:00am-2:59am,0,2:00am-2:59am,27,Not Applicable (Not Transported),Not Applicable (Not Transported),1,Dark - Unlighted,Clear,1,0,['Driver'],['None_Used'],1,1,Valid,1.0,3.0,27.0,27.0,['Male'],0,0,3,4,3,Dry,Curve,Level,Lowest,No
480,1,Alabama,10486,0,1,1,0,1,NOT APPLICABLE,July,29,Saturday,5,0,Rural,Medium Speed (Collector),No,32.78440833,-86.55831389,Non-Intersection,Dawn,Clear,5:00am-5:59am,0,5:00am-5:59am,23,Not Applicable (Not Transported),Not Applicable (Not Transported),1,Twilight,Clear,1,0,['Driver'],['None_Used'],0,0,Valid,3.0,2.0,30.0,30.0,['Male'],1,0,3,4,3,Dry,Straight,Level,Lowest,No
481,1,Alabama,10487,0,1,1,0,1,NOT APPLICABLE,July,29,Saturday,15,20,Rural,High Speed (Arterial),Yes,33.59954167,-86.89975556,Non-Intersection,Daylight,Cloudy,3:00pm-3:59pm,20,3:00pm-3:59pm,35,Not Applicable (Not Transported),Not Applicable (Not Transported),1,Daylight,Reduced Visibility,1,0,['Driver'],['None_Used'],0,0,Valid,0.0,0.0,36.0,36.0,['Female'],0,0,2,4,2,Dry,Straight,Level,Lowest,No
482,1,Alabama,10488,0,1,1,0,2,BIRMINGHAM,July,30,Sunday,6,22,Urban,Medium Speed (Collector),No,33.51401389,-86.84161667,Non-Intersection,Dawn,Clear,6:00am-6:59am,22,6:00am-6:59am,30,6:00am-6:59am,49,2,Twilight,Clear,2,0,"['Driver', 'Front_Passenger']","['None_Used', 'None_Used']",0,0,Invalid,0.0,0.0,45.0,45.0,['Male'],0,0,2,4,3,Dry,Curve,Grade/Hillcrest,Lowest,No
483,1,Alabama,10489,0,1,1,0,1,NOT APPLICABLE,July,30,Sunday,2,0,Rural,Medium Speed (Collector),No,32.43700278,-86.64018611,Non-Intersection,Dark - Not Lighted,Clear,2:00am-2:59am,0,2:00am-2:59am,47,Not Applicable (Not Transported),Not Applicable (Not Transported),1,Dark - Unlighted,Clear,1,0,['Driver'],['None_Used'],0,0,Valid,2.0,0.0,33.0,33.0,['Male'],1,0,2,4,3,Dry,Straight,Level,Lowest,No
484,1,Alabama,10490,0,2,2,0,2,NOT APPLICABLE,July,30,Sunday,18,52,Rural,High Speed (Arterial),Yes,33.94594722,-85.65367778,Non-Intersection,Daylight,Clear,7:00pm-7:59pm,27,7:00pm-7:59pm,49,8:00pm-8:59pm,8,1,Daylight,Clear,1,1,['Driver'],['None_Used'],0,0,Valid,0.0,0.0,48.0,28.0,"['Male', 'Female']",1,0,5,4,5,Dry,Straight,Level,Lowest,No
485,1,Alabama,10491,0,1,1,0,1,NOT APPLICABLE,July,31,Monday,13,23,Rural,Medium Speed (Collector),No,32.34963333,-86.09501667,Non-Intersection,Daylight,Clear,1:00pm-1:59pm,26,1:00pm-1:59pm,37,2:00pm-2:59pm,15,1,Daylight,Clear,1,0,['Driver'],['None_Used'],0,0,Valid,0.0,0.0,66.0,66.0,['Female'],0,0,3,4,3,Dry,Straight,Level,Lowest,No
486,1,Alabama,10492,0,2,2,0,2,FLORALA,July,31,Monday,16,50,Urban,Medium Speed (Collector),No,30.99681111,-86.27839444,Non-Intersection,Daylight,Clear,4:00pm-4:59pm,52,4:00pm-4:59pm,57,6:00pm-6:59pm,2,1,Daylight,Clear,1,1,['Driver'],['Shoulder_Lapbelt'],1,1,Valid,0.0,0.0,68.0,55.0,"['Female', 'Male']",0,0,2,4,5,Dry,Curve,Level,Lowest,No
487,1,Alabama,10493,0,2,2,0,2,NOT APPLICABLE,August,1,Tuesday,8,34,Rural,High Speed (Arterial),Yes,34.143975,-87.61040556,Non-Intersection,Daylight,Clear,8:00am-8:59am,37,8:00am-8:59am,57,Not Applicable (Not Transported),Not Applicable (Not Transported),1,Daylight,Clear,1,1,['Driver'],['Shoulder_Lapbelt'],0,0,Valid,0.0,0.0,78.0,57.0,"['Female', 'Male']",0,0,4,4,5,Dry,Straight,Grade/Hillcrest,Lowest,No
488,1,Alabama,10494,2,1,1,0,1,NOT APPLICABLE,August,2,Wednesday,6,50,Rural,High Speed (Arterial),Yes,34.12872778,-87.74280833,Non-Intersection,Daylight,Clear,Unknown,Unknown,7:00am-7:59am,30,Not Applicable (Not Transported),Not Applicable (Not Transported),2,Daylight,Clear,0,1,[],[],0,0,Valid,0.0,0.0,19.0,19.0,['Male'],0,0,2,4,4,Dry,Straight,Level,Lowest,No
489,1,Alabama,10495,0,2,2,0,3,NOT APPLICABLE,August,3,Thursday,5,30,Rural,High Speed (Arterial),Yes,34.75863889,-88.09220833,Non-Intersection,Dawn,Cloudy,Unknown,Unknown,Unknown EMS Scene Arrival Hour,Unknown EMS Scene Arrival Minutes,Unknown,Unknown EMS Hospital Arrival Time,1,Twilight,Reduced Visibility,1,2,['Driver'],['Shoulder_Lapbelt'],0,0,Valid,1.0,0.0,43.0,24.0,"['Female', 'Male']",0,0,4,4,5,Dry,Curve,Grade/Hillcrest,Medium,No
490,1,Alabama,10496,0,2,2,0,2,NOT APPLICABLE,August,3,Thursday,11,20,Rural,High Speed (Arterial),Yes,32.4446,-87.97499444,Non-Intersection,Daylight,Clear,11:00am-11:59am,24,11:00am-11:59am,30,12:00pm-12:59pm,23,1,Daylight,Clear,1,1,['Driver'],['Shoulder_Lapbelt'],0,0,Valid,0.0,0.0,69.0,42.0,"['Male', 'Male']",0,0,4,4,5,Dry,Straight,Level,Lowest,No
491,1,Alabama,10497,0,2,2,0,4,NOT APPLICABLE,August,3,Thursday,15,10,Rural,High Speed (Arterial),Yes,33.15856111,-86.77037222,Non-Intersection,Daylight,Cloudy,3:00pm-3:59pm,10,3:00pm-3:59pm,30,Not Applicable (Not Transported),Not Applicable (Not Transported),1,Daylight,Reduced Visibility,1,3,['Driver'],['None_Used'],0,0,Valid,1.0,0.0,47.0,33.0,"['Female', 'Male']",0,0,3,4,5,Wet/Standing Water,Straight,Level,Lowest,No
492,1,Alabama,10498,0,1,1,0,2,NOT APPLICABLE,August,3,Thursday,21,30,Rural,Medium Speed (Collector),No,31.39853889,-85.83116667,Non-Intersection,Dark - Not Lighted,Clear,11:00pm-11:59pm,9,11:00pm-11:59pm,18,Not Applicable (Not Transported),Not Applicable (Not Transported),2,Dark - Unlighted,Clear,2,0,"['Driver', 'Front_Passenger']","['None_Used', 'None_Used']",1,1,Valid,0.0,0.0,55.0,55.0,['Male'],0,0,5,4,3,Dry,Curve,Grade/Hillcrest,Lowest,No
493,1,Alabama,10499,0,3,3,0,3,HUNTSVILLE,August,3,Thursday,21,5,Urban,High Speed (Arterial),Yes,34.7083,-86.66696389,Non-Intersection,Dark - Lighted,Clear,9:00pm-9:59pm,5,9:00pm-9:59pm,15,Not Applicable (Not Transported),Not Applicable (Not Transported),1,Dark - Lighted,Clear,1,2,['Driver'],['None_Used'],1,2,Valid,0.0,3.0,72.0,30.0,"['Female', 'Female', 'Male']",0,0,5,4,5,Dry,Straight,Level,Lowest,No
494,1,Alabama,10500,1,1,1,0,1,HUNTSVILLE,August,4,Friday,20,16,Urban,High Speed (Arterial),Yes,34.73495,-86.62624722,Non-Intersection,Dark - Lighted,Clear,8:00pm-8:59pm,17,8:00pm-8:59pm,25,Not Applicable (Not Transported),Not Applicable (Not Transported),1,Dark - Lighted,Clear,0,1,[],[],0,0,Invalid,4.0,0.0,26.0,26.0,['Male'],0,0,2,4,4,Dry,Straight,Level,Lowest,No
495,1,Alabama,10501,0,2,2,0,2,DALEVILLE,August,4,Friday,15,37,Urban,High Speed (Arterial),Yes,31.29496389,-85.71815556,Complex/Circle,Daylight,Clear,3:00pm-3:59pm,37,3:00pm-3:59pm,44,Unknown,Unknown EMS Hospital Arrival Time,1,Daylight,Clear,1,1,['Driver'],['Shoulder_Lapbelt'],0,0,Valid,0.0,0.0,83.0,18.0,"['Male', 'Male']",0,0,2,4,5,Dry,Straight,Level,Lowest,No
496,1,Alabama,10502,0,1,1,0,3,NOT APPLICABLE,August,4,Friday,17,50,Rural,Medium Speed (Collector),No,31.46524444,-85.45905556,Non-Intersection,Daylight,Rain,5:00pm-5:59pm,59,6:00pm-6:59pm,13,Not Applicable (Not Transported),Not Applicable (Not Transported),3,Daylight,Rain/Wind/Minor,3,0,"['Driver', 'Front_Passenger', 'Rear_Seat']","['None_Used', 'None_Used', 'None_Used']",1,1,Invalid,0.0,0.0,25.0,25.0,['Male'],0,0,2,4,3,Wet/Standing Water,Straight,Grade/Hillcrest,Lowest,No
497,1,Alabama,10503,0,2,2,0,3,MOBILE,August,5,Saturday,20,55,Urban,Medium Speed (Collector),No,30.57736667,-88.18222222,Non-Intersection,Dark - Lighted,Rain,8:00pm-8:59pm,57,9:00pm-9:59pm,7,9:00pm-9:59pm,45,1,Dark - Lighted,Rain/Wind/Minor,1,2,['Front_Passenger'],['Shoulder_Lapbelt'],0,0,Valid,0.0,1.0,74.0,41.0,"['Female', 'Male']",1,0,3,4,5,Wet/Standing Water,Straight,Grade/Hillcrest,Lowest,No
498,1,Alabama,10504,0,1,1,0,1,NOT APPLICABLE,August,5,Saturday,16,32,Rural,Medium Speed (Collector),No,32.61216111,-88.30620833,Non-Intersection,Daylight,Clear,4:00pm-4:59pm,32,4:00pm-4:59pm,45,Not Applicable (Not Transported),Not Applicable (Not Transported),1,Daylight,Clear,1,0,['Driver'],['None_Used'],1,1,Valid,2.0,2.0,24.0,24.0,['Female'],0,0,2,4,3,Dry,Straight,Level,Medium,No
499,1,Alabama,10505,0,1,1,0,1,NOT APPLICABLE,August,5,Saturday,21,30,Rural,Low Speed (Local),No,34.97641667,-86.57871944,Non-Intersection,Dark - Lighted,Rain,9:00pm-9:59pm,38,9:00pm-9:59pm,53,Not Applicable (Not Transported),Not Applicable (Not Transported),1,Dark - Lighted,Rain/Wind/Minor,1,0,['Driver'],['Shoulder_Lapbelt'],0,0,Valid,0.0,0.0,16.0,16.0,['Male'],1,0,2,4,2,Wet/Standing Water,Curve,Grade/Hillcrest,Lowest,No
500,1,Alabama,10506,0,1,1,0,1,NOT APPLICABLE,August,5,Saturday,23,0,Rural,High Speed (Arterial),Yes,33.17437222,-87.40515556,Non-Intersection,Dark - Lighted,Cloudy,11:00pm-11:59pm,13,11:00pm-11:59pm,40,0:00am-0:59am,11,1,Dark - Lighted,Reduced Visibility,1,0,['Driver'],['Shoulder_Lapbelt'],1,1,Valid,1.0,2.0,22.0,22.0,['Male'],0,0,3,4,3,Dry,Straight,Level,Lowest,No
501,1,Alabama,10507,0,2,2,0,3,CULLMAN,August,6,Sunday,20,21,Urban,Low Speed (Local),No,34.15888611,-86.84806944,Complex/Circle,Dark - Lighted,Clear,8:00pm-8:59pm,22,8:00pm-8:59pm,31,9:00pm-9:59pm,23,1,Dark - Lighted,Clear,1,2,['Driver'],['None_Used'],0,0,Valid,0.0,3.0,32.0,25.0,"['Male', 'Male']",1,0,5,4,5,Dry,Straight,Level,Lowest,No
502,1,Alabama,10508,1,1,1,0,1,PRATTVILLE,September,10,Sunday,18,9,Urban,Medium Speed (Collector),No,32.44727222,-86.46681667,Simple Junction,Daylight,Clear,6:00pm-6:59pm,22,6:00pm-6:59pm,39,7:00pm-7:59pm,6,1,Daylight,Clear,0,1,[],[],0,0,Valid,0.0,0.0,65.0,65.0,['Male'],0,0,3,2,4,Dry,Straight,Level,Lowest,No
503,1,Alabama,10509,1,1,1,0,2,NOT APPLICABLE,August,6,Sunday,0,0,Rural,Medium Speed (Collector),No,31.02297222,-87.524025,Non-Intersection,Dark - Not Lighted,Clear,0:00am-0:59am,0,0:00am-0:59am,15,Unknown,Unknown EMS Hospital Arrival Time,1,Dark - Unlighted,Clear,0,2,[],[],0,0,Valid,0.0,0.0,45.0,45.0,['Male'],0,0,3,2,4,Dry,Straight,Level,Lowest,No
504,1,Alabama,10510,0,2,2,0,4,NOT APPLICABLE,August,7,Monday,18,5,Rural,Medium Speed (Collector),No,32.19837778,-88.16917778,Non-Intersection,Daylight,Clear,6:00pm-6:59pm,16,6:00pm-6:59pm,24,6:00pm-6:59pm,48,1,Daylight,Clear,1,3,['Front_Passenger'],['None_Used'],0,0,Valid,0.0,2.0,20.0,16.0,"['Female', 'Male']",0,0,3,4,5,Dry,Straight,Level,Lowest,No
505,1,Alabama,10511,0,1,1,0,1,FRISCO CITY,August,8,Tuesday,9,26,Rural,Medium Speed (Collector),No,31.42662222,-87.38323889,Non-Intersection,Daylight,Clear,9:00am-9:59am,24,9:00am-9:59am,35,Unknown,Unknown EMS Hospital Arrival Time,1,Daylight,Clear,1,0,['Driver'],['Shoulder_Lapbelt'],0,0,Valid,0.0,0.0,61.0,61.0,['Male'],0,0,3,4,3,Dry,Straight,Grade/Hillcrest,Lowest,No
506,1,Alabama,10512,0,1,1,0,1,TALLADEGA,August,8,Tuesday,20,42,Rural,Low Speed (Local),No,33.41186944,-86.12648056,Non-Intersection,Dark - Lighted,Cloudy,8:00pm-8:59pm,40,8:00pm-8:59pm,52,Not Applicable (Not Transported),Not Applicable (Not Transported),1,Dark - Lighted,Reduced Visibility,1,0,['Driver'],['Shoulder_Lapbelt'],0,0,Valid,0.0,0.0,86.0,86.0,['Female'],0,0,2,4,3,Dry,Straight,Level,Lowest,No
507,1,Alabama,10513,0,3,1,2,2,ALBERTVILLE,August,8,Tuesday,9,29,Urban,High Speed (Arterial),Yes,34.27825278,-86.21108333,Non-Intersection,Daylight,Cloudy,9:00am-9:59am,33,9:00am-9:59am,38,10:00am-10:59am,2,1,Daylight,Reduced Visibility,1,1,['Front_Passenger'],['None_Used'],0,0,Valid,1.0,0.0,35.0,35.0,['Male'],0,0,3,4,3,Dry,Straight,Level,Lowest,No
508,1,Alabama,10514,0,2,2,0,3,NOT APPLICABLE,August,9,Wednesday,18,32,Rural,High Speed (Arterial),Yes,34.68476389,-87.59659167,Non-Intersection,Dusk,Cloudy,6:00pm-6:59pm,37,6:00pm-6:59pm,44,7:00pm-7:59pm,37,1,Twilight,Reduced Visibility,1,2,['Driver'],['Shoulder_Lapbelt'],0,0,Invalid,1.0,0.0,82.0,54.0,"['Female', 'Female']",2,0,2,4,5,Wet/Standing Water,Curve,Level,Lowest,No
509,1,Alabama,10515,0,2,2,0,4,TUSCALOOSA,August,9,Wednesday,16,35,Urban,Medium Speed (Collector),No,33.22918056,-87.50975,Simple Junction,Daylight,Clear,4:00pm-4:59pm,41,4:00pm-4:59pm,50,5:00pm-5:59pm,0,1,Daylight,Clear,1,3,['Driver'],['None_Used'],0,0,Valid,0.0,0.0,47.0,21.0,"['Female', 'Male']",1,0,3,4,5,Dry,Straight,Level,Lowest,No
510,1,Alabama,10516,0,1,1,0,1,NOT APPLICABLE,August,10,Thursday,21,53,Rural,High Speed (Arterial),Yes,30.47935556,-88.38799444,Non-Intersection,Dark - Lighted,Cloudy,9:00pm-9:59pm,53,10:00pm-10:59pm,14,11:00pm-11:59pm,5,1,Dark - Lighted,Reduced Visibility,1,0,['Driver'],['None_Used'],0,0,Valid,1.0,0.0,35.0,35.0,['Male'],1,0,3,4,3,Dry,Straight,Level,Lowest,No
511,1,Alabama,10517,0,1,1,0,1,CAMDEN,August,11,Friday,1,5,Rural,Medium Speed (Collector),No,32.00810556,-87.28956667,Non-Intersection,Dark - Not Lighted,Clear,1:00am-1:59am,5,1:00am-1:59am,7,Not Applicable (Not Transported),Not Applicable (Not Transported),1,Dark - Unlighted,Clear,1,0,['Driver'],['None_Used'],1,1,Invalid,0.0,1.0,24.0,24.0,['Male'],0,0,3,4,3,Dry,Curve,Level,Lowest,No
512,1,Alabama,10518,0,1,1,0,1,NOT APPLICABLE,August,11,Friday,10,52,Rural,Medium Speed (Collector),No,33.73008611,-86.74584167,Non-Intersection,Daylight,Clear,Unknown,Unknown,11:00am-11:59am,2,Not Applicable (Not Transported),Not Applicable (Not Transported),1,Daylight,Clear,1,0,['Driver'],['Shoulder_Lapbelt'],0,0,Valid,1.0,2.0,42.0,42.0,['Female'],1,0,3,4,3,Dry,Curve,Grade/Hillcrest,Lowest,No