,State_Code,State_Name,Crash_ID,Count_Non_Motorists,Count_Vehicles_Total,Count_Vehicle_Forms,Count_PVH_Involved,Count_Occupants_MV,City_Name,Month_Name,Day_of_Month,Day_of_Week,Crash_Hour,Crash_Minute,Area_Rural_Urban,Road_Functional_Class,On_NHS_Road,Latitude,Longitude,Intersection_Type,Light_Condition,Weather_Condition,Notif_Hour,Notif_Minute,Arrival_Hour,Arrival_Minute,Hospital_Hour,Hospital_Minute,Fatalities_Count,Clean_Light_Condition,Clean_Weather_Condition,Total_Killed,Total_Alive,Fatal_Seats_List,Killed_Restraint_List,Any_Driver_Drinking,Total_Drinking_Drivers,Driver_License_Category,Driver_Max_Prev_Accident_Count,Driver_Max_Prev_Speeding_Count,Max_Driver_Age,Min_Driver_Age,Driver_Sex_List,Total_Exceeding_Limit_Vehicles,Total_Too_Fast_Vehicles,Max_Vehicle_Type_Severity_5,Max_Vehicle_Damage_Rank,Max_Harmful_Event_Severity,Crash_Road_Surface_Condition,Crash_Horizontal_Alignment,Crash_Vertical_Profile,Crash_Impairment_Category,Crash_Vehicle_Defect
513,1,Alabama,10519,0,1,1,0,3,NOT APPLICABLE,August,12,Saturday,2,30,Rural,Medium Speed (Collector),No,34.61985278,-87.91099444,Non-Intersection,Dark - Not Lighted,Clear,2:00am-2:59am,28,2:00am-2:59am,49,3:00am-3:59am,43,2,Dark - Unlighted,Clear,2,1,"['Driver', 'Rear_Seat']","['None_Used', 'None_Used']",1,1,Valid,0.0,1.0,23.0,23.0,['Male'],0,0,3,4,3,Dry,Straight,Grade/Hillcrest,Medium,No
514,1,Alabama,10520,0,2,2,0,4,NOT APPLICABLE,August,12,Saturday,13,50,Rural,High Speed (Arterial),Yes,32.50915556,-87.70711667,Complex/Circle,Daylight,Cloudy,1:00pm-1:59pm,50,2:00pm-2:59pm,20,3:00pm-3:59pm,30,1,Daylight,Reduced Visibility,1,3,['Driver'],['Shoulder_Lapbelt'],1,1,Valid,1.0,2.0,66.0,23.0,"['Male', 'Female']",0,0,2,4,5,Dry,Straight,Level,Lowest,No
515,1,Alabama,10521,0,1,1,0,1,NOT APPLICABLE,August,12,Saturday,17,38,Rural,Low Speed (Local),No,32.96056944,-85.67656944,Non-Intersection,Daylight,Cloudy,5:00pm-5:59pm,33,5:00pm-5:59pm,50,Not Applicable (Not Transported),Not Applicable (Not Transported),1,Daylight,Reduced Visibility,1,0,['Driver'],['None_Used'],1,1,Valid,0.0,0.0,32.0,32.0,['Female'],1,0,3,4,3,Wet/Standing Water,Curve,Grade/Hillcrest,Lowest,No
516,1,Alabama,10522,0,1,1,0,1,NOT APPLICABLE,August,12,Saturday,20,11,Rural,Low Speed (Local),No,31.67265278,-87.87076389,Non-Intersection,Dark - Not Lighted,Clear,8:00pm-8:59pm,11,8:00pm-8:59pm,20,Unknown,Unknown EMS Hospital Arrival Time,1,Dark - Unlighted,Clear,1,0,['Driver'],['None_Used'],1,1,Invalid,1.0,0.0,60.0,60.0,['Male'],0,0,2,4,3,Dry,Straight,Grade/Hillcrest,Lowest,No
517,1,Alabama,10523,0,1,1,0,1,DOTHAN,August,13,Sunday,1,27,Urban,Low Speed (Local),No,31.23670556,-85.4075,Non-Intersection,Dark - Lighted,Clear,1:00am-1:59am,28,1:00am-1:59am,35,Not Applicable (Not Transported),Not Applicable (Not Transported),1,Dark - Lighted,Clear,1,0,['Driver'],['None_Used'],1,1,Valid,0.0,0.0,25.0,25.0,['Male'],0,0,3,4,3,Dry,Straight,Level,Lowest,No
518,1,Alabama,10524,0,1,1,0,1,MOBILE,August,13,Sunday,0,48,Urban,Low Speed (Local),No,30.65901944,-88.23793611,Non-Intersection,Dark - Lighted,Clear,0:00am-0:59am,49,0:00am-0:59am,57,Not Applicable (Not Transported),Not Applicable (Not Transported),1,Dark - Lighted,Clear,1,0,['Driver'],['Shoulder_Lapbelt'],1,1,Valid,1.0,1.0,19.0,19.0,['Female'],1,0,2,4,3,Dry,Curve,Level,Lowest,No
519,1,Alabama,10525,0,2,1,1,1,NOT APPLICABLE,August,14,Monday,19,25,Rural,Medium Speed (Collector),No,31.52418611,-86.74569167,Non-Intersection,Dusk,Clear,7:00pm-7:59pm,35,7:00pm-7:59pm,49,Not Applicable (Not Transported),Not Applicable (Not Transported),1,Twilight,Clear,1,0,['Driver'],['None_Used'],0,0,Invalid,0.0,0.0,35.0,35.0,['Male'],1,0,5,4,5,Dry,Straight,Level,Lowest,No
520,1,Alabama,10527,0,1,1,0,1,NOT APPLICABLE,August,15,Tuesday,14,20,Rural,High Speed (Arterial),Yes,34.08132222,-86.02029444,Non-Intersection,Daylight,Clear,2:00pm-2:59pm,20,2:00pm-2:59pm,34,Not Applicable (Not Transported),Not Applicable (Not Transported),1,Daylight,Clear,1,0,['Driver'],['Shoulder_Lapbelt'],0,0,Valid,0.0,0.0,70.0,70.0,['Male'],0,0,4,4,3,Dry,Straight,Level,Lowest,Yes
521,1,Alabama,10528,0,1,1,0,1,PINCKARD,August,15,Tuesday,5,20,Urban,Low Speed (Local),No,31.31529444,-85.55222778,Non-Intersection,Dark - Lighted,Clear,5:00am-5:59am,23,5:00am-5:59am,39,6:00am-6:59am,25,1,Dark - Lighted,Clear,1,0,['Driver'],['None_Used'],0,0,Valid,0.0,0.0,76.0,76.0,['Male'],1,0,3,4,3,Dry,Straight,Grade/Hillcrest,Lowest,No
522,1,Alabama,10529,0,1,1,0,2,NOT APPLICABLE,August,15,Tuesday,15,22,Rural,Medium Speed (Collector),No,32.33598333,-85.019375,Non-Intersection,Daylight,Rain,3:00pm-3:59pm,22,3:00pm-3:59pm,45,Unknown,Unknown EMS Hospital Arrival Time,1,Daylight,Rain/Wind/Minor,1,1,['Driver'],['Shoulder_Lapbelt'],0,0,Valid,0.0,0.0,70.0,70.0,['Female'],2,0,2,4,3,Wet/Standing Water,Curve,Grade/Hillcrest,Lowest,No
523,1,Alabama,10530,0,3,3,0,4,NOT APPLICABLE,August,15,Tuesday,19,50,Rural,High Speed (Arterial),Yes,33.43371389,-86.73968333,Non-Intersection,Dark - Not Lighted,Clear,7:00pm-7:59pm,59,8:00pm-8:59pm,16,8:00pm-8:59pm,54,2,Dark - Unlighted,Clear,2,2,"['Driver', 'Front_Passenger']","['Shoulder_Lapbelt', 'Shoulder_Lapbelt']",0,0,Valid,1.0,0.0,58.0,29.0,"['Female', 'Female', 'Female']",0,0,4,4,5,Dry,Straight,Level,Medium,No
524,1,Alabama,10531,0,1,1,0,1,NOT APPLICABLE,August,16,Wednesday,22,0,Rural,Medium Speed (Collector),No,31.27951667,-86.13459444,Non-Intersection,Dark - Not Lighted,Cloudy,Unknown,Unknown,6:00am-6:59am,28,Not Applicable (Not Transported),Not Applicable (Not Transported),1,Dark - Unlighted,Reduced Visibility,1,0,['Driver'],['None_Used'],1,1,Invalid,0.0,0.0,40.0,40.0,['Male'],0,0,3,4,3,Dry,Straight,Level,Lowest,No
525,1,Alabama,10532,0,2,2,0,2,RAGLAND,August,16,Wednesday,6,25,Urban,Medium Speed (Collector),No,33.75016944,-86.12122778,Non-Intersection,Daylight,Clear,6:00am-6:59am,27,7:00am-7:59am,0,Not Applicable (Not Transported),Not Applicable (Not Transported),1,Daylight,Clear,1,1,['Driver'],['Shoulder_Lapbelt'],0,0,Invalid,0.0,1.0,59.0,50.0,"['Male', 'Female']",0,0,3,4,5,Dry,Straight,Grade/Hillcrest,Lowest,No
526,1,Alabama,10533,1,1,1,0,2,CLANTON,August,18,Friday,21,45,Urban,Medium Speed (Collector),No,32.81217222,-86.60163056,Non-Intersection,Dark - Not Lighted,Clear,9:00pm-9:59pm,45,9:00pm-9:59pm,51,Not Applicable (Not Transported),Not Applicable (Not Transported),1,Dark - Unlighted,Clear,0,2,[],[],0,0,Valid,2.0,1.0,17.0,17.0,['Male'],0,0,3,2,4,Dry,Straight,Level,Lowest,No
527,1,Alabama,10534,0,2,2,0,3,NOT APPLICABLE,August,18,Friday,17,50,Rural,Medium Speed (Collector),No,30.461125,-87.58142778,Non-Intersection,Daylight,Clear,Unknown,Unknown,6:00pm-6:59pm,10,Unknown,Unknown EMS Hospital Arrival Time,1,Daylight,Clear,1,2,['Driver'],['Shoulder_Lapbelt'],0,0,Valid,0.0,0.0,40.0,21.0,"['Male', 'Male']",1,0,3,4,5,Dry,Straight,Level,Lowest,No
528,1,Alabama,10535,0,1,1,0,1,NOT APPLICABLE,August,18,Friday,23,20,Rural,Medium Speed (Collector),No,32.98960833,-85.841475,Non-Intersection,Dark - Not Lighted,Clear,11:00pm-11:59pm,32,11:00pm-11:59pm,41,Not Applicable (Not Transported),Not Applicable (Not Transported),1,Dark - Unlighted,Clear,1,0,['Driver'],['None_Used'],1,1,Valid,0.0,0.0,17.0,17.0,['Male'],0,0,3,4,3,Dry,Curve,Grade/Hillcrest,Medium,No
529,1,Alabama,10536,0,1,1,0,1,PRICHARD,August,19,Saturday,7,20,Urban,High Speed (Arterial),Yes,30.75186667,-88.09501944,Non-Intersection,Dark - Lighted,Clear,7:00am-7:59am,20,7:00am-7:59am,32,Not Applicable (Not Transported),Not Applicable (Not Transported),1,Dark - Lighted,Clear,1,0,['Driver'],['None_Used'],1,1,Valid,0.0,0.0,55.0,55.0,['Male'],0,0,2,4,3,Dry,Curve,Grade/Hillcrest,Medium,No
530,1,Alabama,10537,0,3,3,0,3,NOT APPLICABLE,August,20,Sunday,18,22,Rural,High Speed (Arterial),Yes,33.17248611,-87.44298611,Non-Intersection,Daylight,Clear,6:00pm-6:59pm,22,6:00pm-6:59pm,28,Not Applicable (Not Transported),Not Applicable (Not Transported),2,Daylight,Clear,2,1,"['Driver', 'Driver']","['Shoulder_Lapbelt', 'Shoulder_Lapbelt']",1,1,Valid,0.0,1.0,59.0,28.0,"['Male', 'Female', 'Male']",0,0,3,4,5,Dry,Straight,Level,Lowest,No
531,1,Alabama,10538,0,2,2,0,2,NOT APPLICABLE,August,20,Sunday,19,30,Rural,Medium Speed (Collector),No,32.75620833,-88.16759167,Non-Intersection,Dusk,Clear,7:00pm-7:59pm,30,7:00pm-7:59pm,55,Unknown,Unknown EMS Hospital Arrival Time,1,Twilight,Clear,1,1,['Driver'],['None_Used'],1,1,Valid,0.0,0.0,34.0,31.0,"['Male', 'Male']",1,0,3,4,5,Dry,Straight,Grade/Hillcrest,Lowest,No
532,1,Alabama,10539,0,1,1,0,1,NOT APPLICABLE,August,20,Sunday,6,5,Rural,Medium Speed (Collector),No,34.26953333,-85.6811,Non-Intersection,Dawn,Clear,6:00am-6:59am,13,6:00am-6:59am,30,Unknown,Unknown EMS Hospital Arrival Time,1,Twilight,Clear,1,0,['Driver'],['Shoulder_Lapbelt'],0,0,Valid,0.0,0.0,32.0,32.0,['Male'],0,0,3,4,3,Dry,Curve,Grade/Hillcrest,Lowest,No
533,1,Alabama,10540,0,2,2,0,6,NOT APPLICABLE,August,20,Sunday,10,15,Rural,Medium Speed (Collector),No,31.95946111,-85.71106667,Non-Intersection,Daylight,Clear,10:00am-10:59am,54,11:00am-11:59am,25,12:00pm-12:59pm,35,2,Daylight,Clear,2,4,"['Driver', 'Front_Passenger']","['None_Used', 'Shoulder_Lapbelt']",0,0,Invalid,1.0,2.0,23.0,20.0,"['Female', 'Male']",0,0,3,4,5,Dry,Curve,Grade/Hillcrest,Lowest,No
534,1,Alabama,10541,0,2,2,0,3,NOT APPLICABLE,August,21,Monday,6,40,Rural,Medium Speed (Collector),No,32.77322222,-86.54117778,Non-Intersection,Daylight,Clear,6:00am-6:59am,40,7:00am-7:59am,0,8:00am-8:59am,8,1,Daylight,Clear,1,2,['Driver'],['Shoulder_Lapbelt'],0,0,Valid,1.0,1.0,48.0,31.0,"['Female', 'Male']",0,0,3,4,5,Dry,Curve,Level,Lowest,No
535,1,Alabama,10542,0,1,1,0,1,HUNTSVILLE,August,21,Monday,9,22,Urban,Medium Speed (Collector),No,34.665925,-86.45288333,Non-Intersection,Daylight,Clear,9:00am-9:59am,22,9:00am-9:59am,31,9:00am-9:59am,47,1,Daylight,Clear,1,0,['Driver'],['Shoulder_Lapbelt'],0,0,Valid,0.0,0.0,62.0,62.0,['Female'],0,0,3,4,3,Dry,Straight,Level,Lowest,No
536,1,Alabama,10543,0,1,1,0,1,NOT APPLICABLE,August,21,Monday,22,55,Rural,Medium Speed (Collector),No,33.67675833,-86.28186667,Non-Intersection,Daylight,Clear,Unknown,Unknown,Unknown EMS Scene Arrival Hour,Unknown EMS Scene Arrival Minutes,Not Applicable (Not Transported),Not Applicable (Not Transported),1,Daylight,Clear,1,0,['Driver'],['Shoulder_Lapbelt'],0,0,Valid,5.0,0.0,41.0,41.0,['Female'],0,0,2,4,3,Dry,Curve,Level,Lowest,No
537,1,Alabama,10544,0,1,1,0,1,ENTERPRISE,August,22,Tuesday,6,58,Rural,Medium Speed (Collector),No,31.36715833,-85.85160278,Non-Intersection,Daylight,Clear,6:00am-6:59am,59,7:00am-7:59am,6,Not Applicable (Not Transported),Not Applicable (Not Transported),1,Daylight,Clear,1,0,['Driver'],['Shoulder_Lapbelt'],0,0,Valid,0.0,0.0,56.0,56.0,['Male'],0,0,4,4,3,Dry,Curve,Grade/Hillcrest,Lowest,No
538,1,Alabama,10545,0,1,1,0,4,NOT APPLICABLE,August,22,Tuesday,11,20,Rural,High Speed (Arterial),Yes,32.24664167,-86.37063889,Non-Intersection,Daylight,Clear,11:00am-11:59am,31,12:00pm-12:59pm,15,1:00pm-1:59pm,3,2,Daylight,Clear,2,2,"['Driver', 'Front_Passenger']","['None_Used', 'None_Used']",0,0,Invalid,0.0,0.0,31.0,31.0,['Female'],0,0,3,4,3,Dry,Straight,Level,Lowest,Yes
539,1,Alabama,10546,0,3,3,0,3,NOT APPLICABLE,August,22,Tuesday,15,15,Rural,High Speed (Arterial),Yes,34.69568889,-86.51437778,Non-Intersection,Daylight,Clear,3:00pm-3:59pm,18,3:00pm-3:59pm,28,3:00pm-3:59pm,55,1,Daylight,Clear,1,2,['Driver'],['None_Used'],0,0,Valid,2.0,1.0,45.0,19.0,"['Male', 'Male', 'Male']",0,0,3,4,5,Dry,Curve,Grade/Hillcrest,Lowest,No
540,1,Alabama,10547,0,2,2,0,2,NOT APPLICABLE,August,23,Wednesday,11,57,Rural,Low Speed (Local),No,33.68296944,-85.85832222,Non-Intersection,Daylight,Clear,12:00pm-12:59pm,12,12:00pm-12:59pm,13,12:00pm-12:59pm,24,1,Daylight,Clear,1,1,['Driver'],['None_Used'],0,0,Invalid,0.0,0.0,55.0,54.0,"['Male', 'Male']",1,0,5,4,5,Dry,Straight,Grade/Hillcrest,Lowest,No
541,1,Alabama,10548,0,2,2,0,2,NOT APPLICABLE,August,23,Wednesday,23,25,Urban,Medium Speed (Collector),No,33.28170278,-86.44990556,Non-Intersection,Dark - Not Lighted,Clear,11:00pm-11:59pm,22,11:00pm-11:59pm,42,Not Applicable (Not Transported),Not Applicable (Not Transported),1,Dark - Unlighted,Clear,1,1,['Driver'],['None_Used'],0,0,Valid,0.0,2.0,82.0,40.0,"['Male', 'Male']",1,0,4,4,5,Dry,Straight,Level,Lowest,No
542,1,Alabama,10549,0,2,2,0,2,DOTHAN,August,24,Thursday,20,18,Urban,High Speed (Arterial),Yes,31.19105556,-85.45192222,Complex/Circle,Dark - Lighted,Clear,8:00pm-8:59pm,20,8:00pm-8:59pm,36,8:00pm-8:59pm,43,1,Dark - Lighted,Clear,1,1,['Driver'],['None_Used'],1,1,Valid,0.0,0.0,70.0,34.0,"['Male', 'Female']",0,0,5,4,5,Dry,Straight,Level,Lowest,No
543,1,Alabama,10550,0,1,1,0,3,VALLEY,August,25,Friday,4,20,Urban,High Speed (Arterial),Yes,32.82791667,-85.20784167,Non-Intersection,Dark - Not Lighted,Clear,4:00am-4:59am,21,4:00am-4:59am,35,4:00am-4:59am,49,2,Dark - Unlighted,Clear,2,1,"['Driver', 'Rear_Seat']","['Shoulder_Lapbelt', 'Shoulder_Lapbelt']",1,1,Valid,1.0,1.0,19.0,19.0,['Male'],3,0,2,4,3,Dry,Straight,Level,Lowest,No
544,1,Alabama,10551,0,1,1,0,1,NOT APPLICABLE,August,25,Friday,7,10,Rural,Low Speed (Local),No,34.57855833,-87.17166389,Non-Intersection,Daylight,Clear,7:00am-7:59am,10,7:00am-7:59am,21,Unknown,Unknown EMS Hospital Arrival Time,1,Daylight,Clear,1,0,['Driver'],['None_Used'],0,0,Invalid,0.0,0.0,48.0,48.0,['Male'],1,0,5,4,3,Dry,Straight,Grade/Hillcrest,Lowest,No
545,1,Alabama,10552,0,2,2,0,5,PHENIX CITY,August,26,Saturday,17,39,Urban,High Speed (Arterial),Yes,32.49820556,-85.01919444,Non-Intersection,Daylight,Clear,5:00pm-5:59pm,40,5:00pm-5:59pm,49,6:00pm-6:59pm,3,3,Daylight,Clear,3,2,"['Driver', 'Front_Passenger', 'Rear_Seat']","['None_Used', 'None_Used', 'Child_Safety']",0,0,Valid,0.0,2.0,32.0,31.0,"['Female', 'Male']",0,0,4,4,5,Dry,Straight,Level,Lowest,No
546,1,Alabama,10553,0,1,1,0,1,NOT APPLICABLE,August,27,Sunday,2,46,Urban,Medium Speed (Collector),No,32.44158056,-86.3058,Non-Intersection,Dark - Not Lighted,Clear,2:00am-2:59am,46,2:00am-2:59am,58,Not Applicable (Not Transported),Not Applicable (Not Transported),1,Dark - Unlighted,Clear,1,0,['Driver'],['Shoulder_Lapbelt'],1,1,Valid,1.0,0.0,33.0,33.0,['Male'],1,0,2,4,3,Dry,Curve,Level,Lowest,No
547,1,Alabama,10554,0,2,2,0,6,Other,August,27,Sunday,18,10,Urban,Medium Speed (Collector),No,33.19405278,-86.86126111,Simple Junction,Daylight,Clear,6:00pm-6:59pm,10,6:00pm-6:59pm,12,6:00pm-6:59pm,29,1,Daylight,Clear,1,5,['Rear_Seat'],['Shoulder_Lapbelt'],1,1,Invalid,0.0,0.0,56.0,20.0,"['Male', 'Female']",5,0,3,4,5,Dry,Straight,Level,Lowest,No
548,1,Alabama,10555,1,1,1,0,1,NOT APPLICABLE,August,29,Tuesday,15,15,Rural,Medium Speed (Collector),No,34.04350556,-86.75470278,Non-Intersection,Daylight,Clear,3:00pm-3:59pm,6,3:00pm-3:59pm,14,Not Applicable (Not Transported),Not Applicable (Not Transported),1,Daylight,Clear,0,1,[],[],0,0,Valid,0.0,0.0,24.0,24.0,['Female'],0,0,3,4,4,Dry,Straight,Level,Lowest,No
549,1,Alabama,10556,0,1,1,0,1,NOT APPLICABLE,August,29,Tuesday,17,49,Rural,Medium Speed (Collector),No,33.80823056,-87.80151389,Non-Intersection,Daylight,Clear,Unknown,Unknown,Unknown EMS Scene Arrival Hour,Unknown EMS Scene Arrival Minutes,Not Applicable (Not Transported),Not Applicable (Not Transported),1,Daylight,Clear,1,0,['Driver'],['None_Used'],0,0,Valid,0.0,0.0,65.0,65.0,['Male'],0,0,5,4,3,Dry,Straight,Level,Lowest,No
550,1,Alabama,10557,1,1,1,0,1,NOT APPLICABLE,August,30,Wednesday,8,35,Rural,High Speed (Arterial),Yes,33.28039167,-87.79145,Non-Intersection,Daylight,Clear,8:00am-8:59am,39,8:00am-8:59am,53,Unknown,Unknown EMS Hospital Arrival Time,1,Daylight,Clear,0,1,[],[],0,0,Valid,0.0,0.0,27.0,27.0,['Female'],0,0,2,3,4,Dry,Straight,Level,Lowest,No
551,1,Alabama,10558,0,2,2,0,3,HUNTSVILLE,August,30,Wednesday,12,0,Urban,High Speed (Arterial),Yes,34.72008056,-86.60786667,Complex/Circle,Daylight,Clear,12:00pm-12:59pm,2,12:00pm-12:59pm,7,12:00pm-12:59pm,24,1,Daylight,Clear,1,2,['Front_Passenger'],['Shoulder_Lapbelt'],0,0,Valid,0.0,0.0,81.0,62.0,"['Male', 'Male']",0,0,3,4,5,Dry,Straight,Level,Lowest,No
552,1,Alabama,10559,0,2,2,0,4,NOT APPLICABLE,August,31,Thursday,11,15,Rural,Medium Speed (Collector),No,34.14727222,-85.961375,Non-Intersection,Daylight,Clear,11:00am-11:59am,22,11:00am-11:59am,36,12:00pm-12:59pm,28,1,Daylight,Clear,1,3,['Driver'],['Shoulder_Lapbelt'],0,0,Invalid,0.0,0.0,76.0,50.0,"['Male', 'Male']",0,0,3,4,5,Dry,Straight,Level,Lowest,No
553,1,Alabama,10560,0,1,1,0,1,NOT APPLICABLE,August,31,Thursday,14,20,Rural,Medium Speed (Collector),No,32.31389722,-87.22647778,Non-Intersection,Daylight,Clear,2:00pm-2:59pm,20,2:00pm-2:59pm,45,Not Applicable (Not Transported),Not Applicable (Not Transported),1,Daylight,Clear,1,0,['Driver'],['None_Used'],0,0,Valid,1.0,0.0,69.0,69.0,['Female'],1,0,3,4,3,Dry,Straight,Level,Lowest,No
554,1,Alabama,10561,0,2,2,0,4,NOT APPLICABLE,September,1,Friday,17,53,Rural,Medium Speed (Collector),No,32.15068889,-86.24192222,Non-Intersection,Daylight,Rain,6:00pm-6:59pm,5,6:00pm-6:59pm,50,8:00pm-8:59pm,2,1,Daylight,Rain/Wind/Minor,1,3,['Rear_Seat'],['None_Used'],0,0,Valid,0.0,0.0,72.0,17.0,"['Male', 'Female']",0,0,3,4,5,Wet/Standing Water,Straight,Level,Lowest,No
555,1,Alabama,10562,0,1,1,0,3,SHEFFIELD,September,2,Saturday,3,8,Urban,High Speed (Arterial),Yes,34.77116944,-87.66757222,Non-Intersection,Dark - Lighted,Clear,3:00am-3:59am,11,3:00am-3:59am,21,Not Applicable (Not Transported),Not Applicable (Not Transported),3,Dark - Lighted,Clear,3,0,"['Driver', 'Front_Passenger', 'Front_Passenger']","['None_Used', 'None_Used', 'None_Used']",1,1,Valid,0.0,1.0,28.0,28.0,['Female'],0,0,3,4,3,Dry,Curve,Level,Lowest,No
556,1,Alabama,10563,0,1,1,0,2,NOT APPLICABLE,September,2,Saturday,1,50,Rural,Medium Speed (Collector),No,34.28888333,-86.282225,Non-Intersection,Dark - Not Lighted,Cloudy,1:00am-1:59am,51,2:00am-2:59am,11,2:00am-2:59am,58,1,Dark - Unlighted,Reduced Visibility,1,1,['Front_Passenger'],['None_Used'],1,1,Valid,1.0,3.0,25.0,25.0,['Male'],2,0,3,4,3,Dry,Curve,Grade/Hillcrest,Lowest,No
557,1,Alabama,10564,0,1,1,0,1,NOT APPLICABLE,September,2,Saturday,7,30,Rural,High Speed (Arterial),Yes,33.9565,-87.64647778,Non-Intersection,Daylight,Cloudy,7:00am-7:59am,33,7:00am-7:59am,53,Not Applicable (Not Transported),Not Applicable (Not Transported),1,Daylight,Reduced Visibility,1,0,['Driver'],['Shoulder_Lapbelt'],0,0,Valid,0.0,0.0,63.0,63.0,['Female'],0,0,1,4,3,Dry,Curve,Grade/Hillcrest,Medium,No
558,1,Alabama,10565,0,1,1,0,1,NOT APPLICABLE,September,2,Saturday,16,45,Rural,Low Speed (Local),No,31.57903889,-88.30443611,Non-Intersection,Daylight,Clear,4:00pm-4:59pm,44,4:00pm-4:59pm,56,Not Applicable (Not Transported),Not Applicable (Not Transported),1,Daylight,Clear,1,0,['Driver'],['Shoulder_Lapbelt'],0,0,Valid,0.0,0.0,43.0,43.0,['Male'],1,0,3,4,3,Dry,Straight,Level,Lowest,No
559,1,Alabama,10566,0,1,1,0,1,CALERA,September,3,Sunday,0,30,Urban,Medium Speed (Collector),No,33.15843333,-86.72491944,Non-Intersection,Dark - Not Lighted,Clear,0:00am-0:59am,29,0:00am-0:59am,37,Not Applicable (Not Transported),Not Applicable (Not Transported),1,Dark - Unlighted,Clear,1,0,['Driver'],['None_Used'],0,0,Invalid,0.0,0.0,15.0,15.0,['Male'],0,0,2,4,3,Dry,Curve,Level,Lowest,No
560,1,Alabama,10567,0,1,1,0,2,NOT APPLICABLE,September,4,Monday,0,29,Rural,Low Speed (Local),No,33.25746667,-85.5755,Non-Intersection,Dark - Not Lighted,Clear,0:00am-0:59am,29,0:00am-0:59am,56,Not Applicable (Not Transported),Not Applicable (Not Transported),1,Dark - Unlighted,Clear,1,1,['Front_Passenger'],['None_Used'],1,1,Valid,0.0,1.0,47.0,47.0,['Male'],0,0,5,2,3,Dry,Straight,Grade/Hillcrest,Lowest,No
561,1,Alabama,10568,0,1,1,0,1,ALBERTVILLE,September,4,Monday,6,53,Urban,Medium Speed (Collector),No,34.27778889,-86.25536389,Non-Intersection,Daylight,Cloudy,6:00am-6:59am,53,6:00am-6:59am,53,Not Applicable (Not Transported),Not Applicable (Not Transported),1,Daylight,Reduced Visibility,1,0,['Driver'],['None_Used'],0,0,Valid,0.0,0.0,16.0,16.0,['Male'],0,0,3,4,3,Dry,Straight,Level,Lowest,No
562,1,Alabama,10569,0,1,1,0,1,NOT APPLICABLE,September,4,Monday,22,45,Rural,Low Speed (Local),No,33.229625,-87.73856389,Non-Intersection,Dark - Not Lighted,Clear,10:00pm-10:59pm,58,11:00pm-11:59pm,17,Unknown,Unknown EMS Hospital Arrival Time,1,Dark - Unlighted,Clear,1,0,['Driver'],['None_Used'],0,0,Valid,3.0,0.0,47.0,47.0,['Male'],0,0,5,4,2,Dry,Curve,Grade/Hillcrest,Lowest,No
563,1,Alabama,10570,0,1,1,0,1,NOT APPLICABLE,September,5,Tuesday,0,30,Rural,Medium Speed (Collector),No,33.46080833,-86.59345556,Non-Intersection,Dark - Not Lighted,Clear,0:00am-0:59am,30,0:00am-0:59am,45,Not Applicable (Not Transported),Not Applicable (Not Transported),1,Dark - Unlighted,Clear,1,0,['Driver'],['Shoulder_Lapbelt'],1,1,Valid,0.0,0.0,17.0,17.0,['Female'],1,0,2,4,3,Dry,Straight,Level,Lowest,No
564,1,Alabama,10571,0,2,2,0,2,NOT APPLICABLE,September,5,Tuesday,17,45,Rural,Medium Speed (Collector),No,33.04237222,-85.48496389,Non-Intersection,Daylight,Clear,5:00pm-5:59pm,41,5:00pm-5:59pm,51,Not Applicable (Not Transported),Not Applicable (Not Transported),1,Daylight,Clear,1,1,['Driver'],['None_Used'],0,0,Invalid,0.0,0.0,69.0,58.0,"['Male', 'Male']",0,0,3,4,5,Dry,Straight,Level,Lowest,No
565,1,Alabama,10572,0,2,2,0,2,HUNTSVILLE,September,5,Tuesday,13,59,Urban,Medium Speed (Collector),No,34.7925,-86.55312778,Non-Intersection,Daylight,Clear,1:00pm-1:59pm,58,2:00pm-2:59pm,9,2:00pm-2:59pm,28,1,Daylight,Clear,1,1,['Driver'],['Shoulder_Lapbelt'],0,0,Invalid,1.0,1.0,60.0,33.0,"['Female', 'Female']",0,0,2,4,5,Dry,Straight,Level,Lowest,No
566,1,Alabama,10573,1,1,1,0,1,MONTGOMERY,September,6,Wednesday,22,7,Urban,High Speed (Arterial),Yes,32.32675278,-86.29798056,Non-Intersection,Dark - Lighted,Clear,10:00pm-10:59pm,10,10:00pm-10:59pm,14,Not Applicable (Not Transported),Not Applicable (Not Transported),1,Dark - Lighted,Clear,0,1,[],[],0,0,Invalid,0.0,0.0,999.0,999.0,['Other'],0,0,1,0,4,Dry,Straight,Level,Lowest,No
567,1,Alabama,10574,0,1,1,0,1,NOT APPLICABLE,September,8,Friday,15,15,Rural,Medium Speed (Collector),No,34.55170556,-86.14253611,Non-Intersection,Daylight,Clear,2:00pm-2:59pm,57,3:00pm-3:59pm,23,Not Applicable (Not Transported),Not Applicable (Not Transported),1,Daylight,Clear,1,0,['Driver'],['None_Used'],1,1,Invalid,0.0,0.0,41.0,41.0,['Male'],0,0,2,4,3,Dry,Straight,Grade/Hillcrest,Lowest,No
568,1,Alabama,10575,0,1,1,0,1,NOT APPLICABLE,September,8,Friday,21,40,Urban,Medium Speed (Collector),No,33.39338611,-86.03761111,Non-Intersection,Dark - Not Lighted,Clear,9:00pm-9:59pm,39,9:00pm-9:59pm,54,Not Applicable (Not Transported),Not Applicable (Not Transported),1,Dark - Unlighted,Clear,1,0,['Driver'],['None_Used'],1,1,Invalid,1.0,0.0,50.0,50.0,['Male'],1,0,3,4,3,Dry,Curve,Grade/Hillcrest,Lowest,No