,State_Code,State_Name,Crash_ID,Count_Non_Motorists,Count_Vehicles_Total,Count_Vehicle_Forms,Count_PVH_Involved,Count_Occupants_MV,City_Name,Month_Name,Day_of_Month,Day_of_Week,Crash_Hour,Crash_Minute,Area_Rural_Urban,Road_Functional_Class,On_NHS_Road,Latitude,Longitude,Intersection_Type,Light_Condition,Weather_Condition,Notif_Hour,Notif_Minute,Arrival_Hour,Arrival_Minute,Hospital_Hour,Hospital_Minute,Fatalities_Count,Clean_Light_Condition,Clean_Weather_Condition,Total_Killed,Total_Alive,Fatal_Seats_List,Killed_Restraint_List,Any_Driver_Drinking,Total_Drinking_Drivers,Driver_License_Category,Driver_Max_Prev_Accident_Count,Driver_Max_Prev_Speeding_Count,Max_Driver_Age,Min_Driver_Age,Driver_Sex_List,Total_Exceeding_Limit_Vehicles,Total_Too_Fast_Vehicles,Max_Vehicle_Type_Severity_5,Max_Vehicle_Damage_Rank,Max_Harmful_Event_Severity,Crash_Road_Surface_Condition,Crash_Horizontal_Alignment,Crash_Vertical_Profile,Crash_Impairment_Category,Crash_Vehicle_Defect
569,1,Alabama,10576,0,1,1,0,1,NOT APPLICABLE,September,9,Saturday,15,25,Urban,Medium Speed (Collector),No,34.32049167,-86.20526389,Non-Intersection,Daylight,Clear,3:00pm-3:59pm,27,3:00pm-3:59pm,33,Not Applicable (Not Transported),Not Applicable (Not Transported),1,Daylight,Clear,1,0,['Driver'],['None_Used'],0,0,Valid,1.0,0.0,18.0,18.0,['Male'],1,0,3,4,4,Dry,Curve,Grade/Hillcrest,Lowest,No
570,1,Alabama,10577,0,1,1,0,3,NOT APPLICABLE,September,9,Saturday,18,25,Rural,Medium Speed (Collector),No,33.77821111,-86.63815833,Non-Intersection,Daylight,Clear,6:00pm-6:59pm,39,6:00pm-6:59pm,52,Not Applicable (Not Transported),Not Applicable (Not Transported),1,Daylight,Clear,1,2,['Rear_Seat'],['None_Used'],0,0,Valid,0.0,1.0,19.0,19.0,['Male'],3,0,2,4,3,Dry,Curve,Grade/Hillcrest,Lowest,No
571,1,Alabama,10578,0,1,1,0,1,NOT APPLICABLE,September,9,Saturday,19,10,Rural,High Speed (Arterial),Yes,33.543025,-86.64128056,Non-Intersection,Dusk,Clear,Unknown,Unknown,2:00pm-2:59pm,18,Not Applicable (Not Transported),Not Applicable (Not Transported),1,Twilight,Clear,1,0,['Driver'],['None_Used'],0,0,Valid,2.0,0.0,26.0,26.0,['Male'],1,0,3,4,3,Dry,Curve,Level,Lowest,No
572,1,Alabama,10579,0,1,1,0,1,HEFLIN,September,10,Sunday,1,51,Rural,Medium Speed (Collector),No,33.66826111,-85.56990278,Non-Intersection,Dark - Not Lighted,Clear,1:00am-1:59am,51,1:00am-1:59am,55,Unknown,Unknown EMS Hospital Arrival Time,1,Dark - Unlighted,Clear,1,0,['Driver'],['None_Used'],1,1,Invalid,0.0,0.0,43.0,43.0,['Male'],1,0,5,4,3,Dry,Curve,Grade/Hillcrest,Lowest,No
573,1,Alabama,10580,0,2,2,0,2,NOT APPLICABLE,September,11,Monday,15,38,Rural,High Speed (Arterial),Yes,33.49478333,-86.70429722,Non-Intersection,Daylight,Clear,3:00pm-3:59pm,40,3:00pm-3:59pm,47,Not Applicable (Not Transported),Not Applicable (Not Transported),1,Daylight,Clear,1,1,['Driver'],['Shoulder_Lapbelt'],0,0,Valid,0.0,1.0,42.0,21.0,"['Male', 'Male']",0,0,4,4,5,Dry,Straight,Grade/Hillcrest,Lowest,Yes
574,1,Alabama,10581,0,3,3,0,4,MOBILE,September,10,Sunday,20,11,Urban,High Speed (Arterial),Yes,30.71728611,-88.22551944,Complex/Circle,Dark - Lighted,Clear,8:00pm-8:59pm,13,8:00pm-8:59pm,18,8:00pm-8:59pm,39,1,Dark - Lighted,Clear,1,3,['Driver'],['None_Used'],1,1,Valid,2.0,1.0,71.0,24.0,"['Male', 'Female', 'Male']",0,0,3,4,5,Dry,Straight,Level,Lowest,No
575,1,Alabama,10582,0,2,2,0,4,NOT APPLICABLE,September,11,Monday,15,54,Rural,High Speed (Arterial),Yes,34.704725,-86.39535278,Simple Junction,Daylight,Clear,3:00pm-3:59pm,59,4:00pm-4:59pm,16,4:00pm-4:59pm,40,1,Daylight,Clear,1,3,['Driver'],['Shoulder_Lapbelt'],0,0,Valid,0.0,0.0,67.0,17.0,"['Female', 'Male']",0,0,4,4,5,Dry,Straight,Level,Lowest,No
576,1,Alabama,10583,0,3,3,0,5,BESSEMER,September,7,Thursday,19,49,Urban,High Speed (Arterial),Yes,33.34008056,-86.91732778,Non-Intersection,Dark - Not Lighted,Clear,7:00pm-7:59pm,47,8:00pm-8:59pm,2,Not Applicable (Not Transported),Not Applicable (Not Transported),1,Dark - Unlighted,Clear,1,4,['Driver'],['None_Used'],0,0,Valid,2.0,3.0,37.0,24.0,"['Male', 'Male', 'Male']",0,0,5,4,5,Dry,Straight,Level,Lowest,No
577,1,Alabama,10584,1,1,1,0,1,MONTGOMERY,May,14,Sunday,4,40,Urban,Low Speed (Local),No,32.36708889,-86.24833333,Non-Intersection,Dark - Not Lighted,Clear,4:00am-4:59am,41,4:00am-4:59am,47,Not Applicable (Not Transported),Not Applicable (Not Transported),1,Dark - Unlighted,Clear,0,0,[],[],0,0,Invalid,0.0,0.0,999.0,999.0,['Other'],0,0,1,0,4,Dry,Straight,Level,Lowest,No
578,1,Alabama,10585,0,2,2,0,2,TUSCALOOSA,August,15,Tuesday,20,11,Urban,High Speed (Arterial),Yes,33.17502778,-87.55556389,Non-Intersection,Dark - Lighted,Clear,8:00pm-8:59pm,9,8:00pm-8:59pm,22,Not Applicable (Not Transported),Not Applicable (Not Transported),1,Dark - Lighted,Clear,1,1,['Driver'],['None_Used'],1,1,Valid,1.0,1.0,44.0,29.0,"['Male', 'Male']",0,0,5,4,5,Dry,Straight,Level,Lowest,No
579,1,Alabama,10586,0,2,2,0,2,RIVER FALLS,September,8,Friday,9,57,Urban,Medium Speed (Collector),No,31.3581,-86.55723889,Non-Intersection,Daylight,Clear,Unknown,Unknown,10:00am-10:59am,6,Not Applicable (Not Transported),Not Applicable (Not Transported),1,Daylight,Clear,1,1,['Driver'],['None_Used'],0,0,Valid,3.0,3.0,35.0,32.0,"['Female', 'Male']",0,0,3,4,5,Dry,Straight,Level,Lowest,No
580,1,Alabama,10587,0,2,2,0,2,BIRMINGHAM,September,10,Sunday,1,9,Urban,Medium Speed (Collector),No,33.61828056,-86.67154167,Non-Intersection,Dark - Lighted,Clear,1:00am-1:59am,12,1:00am-1:59am,23,2:00am-2:59am,6,2,Dark - Lighted,Clear,2,0,"['Driver', 'Driver']","['Shoulder_Lapbelt', 'Shoulder_Lapbelt']",0,0,Invalid,0.0,0.0,30.0,28.0,"['Male', 'Female']",0,0,2,4,5,Dry,Curve,Level,Lowest,No
581,1,Alabama,10589,0,3,3,0,4,MONTGOMERY,September,12,Tuesday,13,14,Urban,Medium Speed (Collector),No,32.33490278,-86.34201944,Non-Intersection,Daylight,Clear,1:00pm-1:59pm,19,1:00pm-1:59pm,33,1:00pm-1:59pm,48,1,Daylight,Clear,1,3,['Driver'],['Shoulder_Lapbelt'],0,0,Invalid,0.0,1.0,52.0,20.0,"['Male', 'Male', 'Male']",0,0,3,4,5,Dry,Straight,Level,Lowest,No
582,1,Alabama,10590,0,2,2,0,3,NOT APPLICABLE,September,11,Monday,11,48,Urban,Medium Speed (Collector),No,33.31734722,-87.03873056,Complex/Circle,Daylight,Clear,11:00am-11:59am,49,11:00am-11:59am,51,12:00pm-12:59pm,30,1,Daylight,Clear,1,2,['Driver'],['Shoulder_Lapbelt'],0,0,Valid,1.0,0.0,61.0,36.0,"['Male', 'Male']",0,0,4,4,5,Dry,Straight,Level,Lowest,No
583,1,Alabama,10591,0,2,2,0,2,FLOMATON,September,13,Wednesday,9,6,Rural,Medium Speed (Collector),No,31.00642222,-87.27034167,Non-Intersection,Daylight,Clear,9:00am-9:59am,5,9:00am-9:59am,7,Not Applicable (Not Transported),Not Applicable (Not Transported),1,Daylight,Clear,1,1,['Driver'],['Shoulder_Lapbelt'],0,0,Valid,3.0,1.0,68.0,49.0,"['Male', 'Male']",0,0,4,4,5,Dry,Curve,Level,Lowest,No
584,1,Alabama,10592,0,1,1,0,1,Other,September,14,Thursday,13,50,Rural,High Speed (Arterial),Yes,34.23334722,-87.63547778,Non-Intersection,Daylight,Clear,Unknown,Unknown,2:00pm-2:59pm,5,Not Applicable (Not Transported),Not Applicable (Not Transported),1,Daylight,Clear,1,0,['Driver'],['None_Used'],0,0,Valid,0.0,0.0,79.0,79.0,['Male'],0,0,3,4,3,Dry,Curve,Grade/Hillcrest,Lowest,No
585,1,Alabama,10593,0,1,1,0,2,NOT APPLICABLE,September,14,Thursday,23,32,Rural,High Speed (Arterial),Yes,34.17409444,-86.87586111,Non-Intersection,Dark - Lighted,Clear,11:00pm-11:59pm,31,11:00pm-11:59pm,42,Unknown,Unknown EMS Hospital Arrival Time,1,Dark - Lighted,Clear,1,1,['Front_Passenger'],['None_Used'],1,1,Invalid,1.0,1.0,39.0,39.0,['Male'],0,0,5,4,3,Dry,Straight,Level,Lowest,No
586,1,Alabama,10594,0,2,2,0,2,FULTONDALE,September,14,Thursday,20,12,Urban,Low Speed (Local),No,33.59828611,-86.80842222,Non-Intersection,Dark - Not Lighted,Clear,8:00pm-8:59pm,13,8:00pm-8:59pm,26,9:00pm-9:59pm,1,1,Dark - Unlighted,Clear,1,1,['Driver'],['None_Used'],1,1,Valid,1.0,4.0,26.0,20.0,"['Male', 'Female']",0,0,2,4,5,Dry,Curve,Grade/Hillcrest,Lowest,No
587,1,Alabama,10595,0,3,3,0,3,NOT APPLICABLE,September,6,Wednesday,22,12,Rural,High Speed (Arterial),Yes,33.18306667,-87.35993889,Non-Intersection,Dark - Not Lighted,Clear,10:00pm-10:59pm,4,10:00pm-10:59pm,20,Unknown,Unknown EMS Hospital Arrival Time,1,Dark - Unlighted,Clear,1,2,['Driver'],['Shoulder_Lapbelt'],0,0,Valid,1.0,0.0,68.0,21.0,"['Male', 'Female', 'Female']",1,0,3,4,5,Dry,Straight,Grade/Hillcrest,Lowest,No
588,1,Alabama,10596,0,2,2,0,4,NOT APPLICABLE,September,15,Friday,14,47,Rural,Low Speed (Local),No,33.93524167,-85.84497778,Non-Intersection,Daylight,Cloudy,2:00pm-2:59pm,47,2:00pm-2:59pm,55,Unknown,Unknown EMS Hospital Arrival Time,2,Daylight,Reduced Visibility,2,2,"['Driver', 'Front_Passenger']","['None_Used', 'None_Used']",0,0,Valid,1.0,2.0,40.0,32.0,"['Male', 'Male']",2,0,5,3,5,Dry,Curve,Grade/Hillcrest,Lowest,No
589,1,Alabama,10597,0,2,2,0,5,NOT APPLICABLE,September,15,Friday,17,30,Rural,Medium Speed (Collector),No,34.36078611,-86.38975278,Non-Intersection,Daylight,Clear,5:00pm-5:59pm,40,5:00pm-5:59pm,50,6:00pm-6:59pm,1,1,Daylight,Clear,1,4,['Front_Passenger'],['None_Used'],0,0,Valid,2.0,0.0,61.0,20.0,"['Female', 'Male']",0,0,3,4,5,Dry,Straight,Grade/Hillcrest,Lowest,No
590,1,Alabama,10598,0,2,2,0,2,NOT APPLICABLE,September,16,Saturday,10,45,Rural,Medium Speed (Collector),No,33.49563889,-87.11563333,Non-Intersection,Daylight,Clear,10:00am-10:59am,46,10:00am-10:59am,55,11:00am-11:59am,36,1,Daylight,Clear,1,1,['Driver'],['None_Used'],0,0,Invalid,1.0,1.0,46.0,39.0,"['Male', 'Female']",0,0,3,4,5,Dry,Straight,Grade/Hillcrest,Lowest,No
591,1,Alabama,10599,0,2,2,0,2,NOT APPLICABLE,September,16,Saturday,5,30,Rural,Medium Speed (Collector),No,33.96918611,-86.83478611,Non-Intersection,Dark - Not Lighted,Rain,5:00am-5:59am,42,8:00am-8:59am,7,Not Applicable (Not Transported),Not Applicable (Not Transported),2,Dark - Unlighted,Rain/Wind/Minor,2,0,"['Driver', 'Driver']","['Shoulder_Lapbelt', 'Shoulder_Lapbelt']",0,0,Valid,1.0,1.0,22.0,20.0,"['Female', 'Female']",0,0,3,4,5,Wet/Standing Water,Straight,Level,Medium,No
592,1,Alabama,10600,0,1,1,0,1,ECLECTIC,September,16,Saturday,7,17,Urban,Low Speed (Local),No,32.61234444,-86.00059722,Non-Intersection,Dawn,Rain,7:00am-7:59am,19,7:00am-7:59am,30,Not Applicable (Not Transported),Not Applicable (Not Transported),1,Twilight,Rain/Wind/Minor,1,0,['Driver'],['None_Used'],0,0,Valid,0.0,5.0,37.0,37.0,['Male'],1,0,3,4,3,Wet/Standing Water,Curve,Grade/Hillcrest,Lowest,No
593,1,Alabama,10601,0,1,1,0,3,NOT APPLICABLE,September,17,Sunday,1,53,Rural,Medium Speed (Collector),No,33.44089167,-85.60441111,Non-Intersection,Dark - Not Lighted,Cloudy,Unknown,Unknown,2:00am-2:59am,22,Unknown,Unknown EMS Hospital Arrival Time,1,Dark - Unlighted,Reduced Visibility,1,2,['Front_Passenger'],['None_Used'],1,1,Invalid,0.0,1.0,23.0,23.0,['Male'],3,0,2,4,3,Wet/Standing Water,Curve,Grade/Hillcrest,Lowest,No
594,1,Alabama,10602,1,1,1,0,2,SCOTTSBORO,September,17,Sunday,19,42,Rural,Medium Speed (Collector),No,34.80629722,-86.11972222,Non-Intersection,Dark - Not Lighted,Clear,7:00pm-7:59pm,46,7:00pm-7:59pm,58,Not Applicable (Not Transported),Not Applicable (Not Transported),1,Dark - Unlighted,Clear,0,2,[],[],0,0,Valid,0.0,0.0,52.0,52.0,['Male'],0,0,3,2,4,Dry,Straight,Level,Lowest,No
595,1,Alabama,10603,0,2,2,0,2,BIRMINGHAM,September,18,Monday,13,10,Urban,High Speed (Arterial),No,33.52997778,-86.72673889,Non-Intersection,Daylight,Clear,1:00pm-1:59pm,10,1:00pm-1:59pm,19,Unknown,Unknown EMS Hospital Arrival Time,1,Daylight,Clear,1,1,['Driver'],['None_Used'],0,0,Valid,2.0,0.0,74.0,27.0,"['Female', 'Male']",0,0,3,4,5,Dry,Straight,Grade/Hillcrest,Lowest,No
596,1,Alabama,10604,0,2,2,0,2,NOT APPLICABLE,September,18,Monday,6,2,Rural,High Speed (Arterial),Yes,30.93848889,-87.89763889,Non-Intersection,Dawn,Clear,6:00am-6:59am,2,6:00am-6:59am,22,Not Applicable (Not Transported),Not Applicable (Not Transported),1,Twilight,Clear,1,1,['Driver'],['None_Used'],0,0,Valid,2.0,4.0,62.0,34.0,"['Male', 'Male']",0,0,4,4,5,Dry,Straight,Grade/Hillcrest,Lowest,No
597,1,Alabama,10605,0,1,1,0,1,AUBURN,September,18,Monday,5,23,Urban,Medium Speed (Collector),No,32.61254444,-85.42624722,Non-Intersection,Dark - Lighted,Clear,5:00am-5:59am,37,5:00am-5:59am,46,Not Applicable (Not Transported),Not Applicable (Not Transported),1,Dark - Lighted,Clear,1,0,['Driver'],['Shoulder_Lapbelt'],0,0,Valid,0.0,0.0,25.0,25.0,['Male'],0,0,3,4,3,Dry,Straight,Level,Lowest,No
598,1,Alabama,10606,0,1,1,0,2,NOT APPLICABLE,September,18,Monday,14,14,Rural,Low Speed (Local),No,33.71373056,-85.60825,Non-Intersection,Daylight,Clear,2:00pm-2:59pm,36,2:00pm-2:59pm,54,3:00pm-3:59pm,44,1,Daylight,Clear,1,1,['Front_Passenger'],['None_Used'],1,1,Invalid,0.0,0.0,36.0,36.0,['Female'],2,0,3,4,3,Dry,Curve,Grade/Hillcrest,Lowest,No
599,1,Alabama,10607,0,1,1,0,1,NOT APPLICABLE,September,19,Tuesday,1,0,Rural,Low Speed (Local),No,34.55891667,-86.83699444,Non-Intersection,Dark - Not Lighted,Clear,Unknown,Unknown,Unknown EMS Scene Arrival Hour,Unknown EMS Scene Arrival Minutes,Not Applicable (Not Transported),Not Applicable (Not Transported),1,Dark - Unlighted,Clear,1,0,['Driver'],['None_Used'],1,1,Invalid,0.0,0.0,39.0,39.0,['Male'],1,0,3,4,4,Dry,Straight,Level,Lowest,No
600,1,Alabama,10608,0,1,1,0,1,AUBURN,September,19,Tuesday,23,4,Urban,High Speed (Arterial),Yes,32.58363889,-85.50201667,Non-Intersection,Dark - Not Lighted,Clear,11:00pm-11:59pm,11,11:00pm-11:59pm,28,Not Applicable (Not Transported),Not Applicable (Not Transported),1,Dark - Unlighted,Clear,1,0,['Driver'],['Shoulder_Lapbelt'],0,0,Invalid,0.0,0.0,35.0,35.0,['Female'],0,0,3,4,3,Dry,Straight,Level,Lowest,No
601,1,Alabama,10609,0,1,1,0,1,NOT APPLICABLE,September,19,Tuesday,7,50,Rural,Medium Speed (Collector),No,32.59916944,-85.57893889,Non-Intersection,Daylight,Clear,7:00am-7:59am,58,8:00am-8:59am,4,Not Applicable (Not Transported),Not Applicable (Not Transported),1,Daylight,Clear,1,0,['Driver'],['None_Used'],0,0,Valid,2.0,0.0,54.0,54.0,['Male'],0,0,4,4,4,Dry,Straight,Level,Lowest,No
602,1,Alabama,10610,0,2,2,0,2,NOT APPLICABLE,September,19,Tuesday,23,9,Rural,High Speed (Arterial),Yes,34.85966111,-86.7225,Complex/Circle,Dark - Not Lighted,Clear,11:00pm-11:59pm,8,11:00pm-11:59pm,38,Unknown,Unknown EMS Hospital Arrival Time,1,Dark - Unlighted,Clear,1,1,['Driver'],['Shoulder_Lapbelt'],0,0,Valid,1.0,1.0,65.0,48.0,"['Male', 'Male']",0,0,2,4,3,Dry,Straight,Level,Lowest,No
603,1,Alabama,10611,0,1,1,0,1,NOT APPLICABLE,September,20,Wednesday,16,57,Rural,High Speed (Arterial),Yes,34.18005278,-88.08001667,Non-Intersection,Daylight,Clear,Unknown,Unknown,5:00pm-5:59pm,23,Not Applicable (Not Transported),Not Applicable (Not Transported),1,Daylight,Clear,1,0,['Driver'],['Shoulder_Lapbelt'],0,0,Valid,0.0,0.0,64.0,64.0,['Male'],0,0,4,4,3,Dry,Straight,Grade/Hillcrest,Lowest,Yes
604,1,Alabama,10612,0,2,2,0,2,NOT APPLICABLE,September,21,Thursday,12,43,Urban,Medium Speed (Collector),No,33.57472778,-86.88771944,Complex/Circle,Daylight,Clear,12:00pm-12:59pm,40,12:00pm-12:59pm,48,1:00pm-1:59pm,27,1,Daylight,Clear,1,1,['Driver'],['Shoulder_Lapbelt'],0,0,Valid,2.0,0.0,75.0,57.0,"['Male', 'Female']",0,0,3,4,5,Dry,Straight,Level,Lowest,No
605,1,Alabama,10614,0,2,2,0,3,NOT APPLICABLE,September,22,Friday,8,35,Rural,Medium Speed (Collector),No,32.89022778,-86.08428889,Non-Intersection,Daylight,Clear,8:00am-8:59am,35,8:00am-8:59am,45,Unknown,Unknown EMS Hospital Arrival Time,1,Daylight,Clear,1,2,['Driver'],['None_Used'],0,0,Valid,1.0,3.0,69.0,22.0,"['Female', 'Male']",0,0,2,4,5,Dry,Curve,Grade/Hillcrest,Lowest,No
606,1,Alabama,10615,0,1,1,0,1,NOT APPLICABLE,September,22,Friday,15,53,Rural,Medium Speed (Collector),No,30.56769444,-87.61928611,Non-Intersection,Daylight,Clear,Unknown,Unknown,4:00pm-4:59pm,2,Not Applicable (Not Transported),Not Applicable (Not Transported),1,Daylight,Clear,1,0,['Driver'],['Shoulder_Lapbelt'],0,0,Invalid,0.0,0.0,47.0,47.0,['Male'],1,0,3,4,3,Dry,Straight,Level,Lowest,No
607,1,Alabama,10616,0,1,1,0,1,BIRMINGHAM,September,22,Friday,21,35,Urban,Medium Speed (Collector),No,33.53634167,-86.87992778,Non-Intersection,Dark - Lighted,Clear,9:00pm-9:59pm,35,9:00pm-9:59pm,43,Unknown,Unknown EMS Hospital Arrival Time,1,Dark - Lighted,Clear,1,0,['Driver'],['None_Used'],0,0,Valid,0.0,0.0,60.0,60.0,['Male'],0,0,5,2,2,Dry,Straight,Level,Lowest,No
608,1,Alabama,10617,0,1,1,0,1,NOT APPLICABLE,September,23,Saturday,11,0,Rural,Medium Speed (Collector),No,31.657375,-85.48156389,Non-Intersection,Daylight,Clear,11:00am-11:59am,26,12:00pm-12:59pm,10,Not Applicable (Not Transported),Not Applicable (Not Transported),1,Daylight,Clear,1,0,['Driver'],['None_Used'],0,0,Invalid,1.0,0.0,46.0,46.0,['Male'],0,0,5,2,3,Dry,Straight,Grade/Hillcrest,Lowest,No
609,1,Alabama,10618,1,2,2,0,2,NOT APPLICABLE,September,23,Saturday,15,20,Rural,Low Speed (Local),No,34.89547222,-86.47336389,Non-Intersection,Daylight,Cloudy,3:00pm-3:59pm,20,3:00pm-3:59pm,35,4:00pm-4:59pm,31,1,Daylight,Reduced Visibility,0,2,[],[],1,1,Valid,0.0,1.0,57.0,48.0,"['Male', 'Male']",1,0,2,4,5,Dry,Curve,Grade/Hillcrest,Lowest,No
610,1,Alabama,10619,1,1,1,0,1,Other,September,23,Saturday,19,6,Rural,Medium Speed (Collector),No,34.02359167,-86.33111944,Non-Intersection,Dark - Not Lighted,Clear,7:00pm-7:59pm,6,7:00pm-7:59pm,10,Not Applicable (Not Transported),Not Applicable (Not Transported),1,Dark - Unlighted,Clear,0,1,[],[],0,0,Valid,0.0,1.0,64.0,64.0,['Female'],0,0,3,2,4,Dry,Straight,Level,Lowest,No
611,1,Alabama,10620,0,1,1,0,4,NOT APPLICABLE,September,23,Saturday,22,25,Rural,High Speed (Arterial),Yes,33.06873056,-87.57001389,Non-Intersection,Dark - Lighted,Clear,10:00pm-10:59pm,40,10:00pm-10:59pm,56,11:00pm-11:59pm,18,2,Dark - Lighted,Clear,2,2,"['Driver', 'Front_Passenger']","['None_Used', 'None_Used']",1,1,Valid,0.0,1.0,17.0,17.0,['Male'],4,0,2,4,3,Dry,Straight,Grade/Hillcrest,Lowest,No
612,1,Alabama,10621,0,2,2,0,3,NOT APPLICABLE,September,24,Sunday,15,30,Rural,Low Speed (Local),No,32.94543333,-85.39601389,Non-Intersection,Daylight,Clear,3:00pm-3:59pm,30,3:00pm-3:59pm,48,Unknown,Unknown EMS Hospital Arrival Time,1,Daylight,Clear,1,2,['Driver'],['None_Used'],0,0,Valid,0.0,0.0,35.0,29.0,"['Male', 'Female']",0,0,5,4,5,Dry,Curve,Level,Lowest,No
613,1,Alabama,10622,0,1,1,0,1,NOT APPLICABLE,September,25,Monday,20,50,Rural,Medium Speed (Collector),No,34.01733056,-86.74763056,Simple Junction,Dark - Lighted,Clear,Unknown,Unknown,9:00pm-9:59pm,2,Not Applicable (Not Transported),Not Applicable (Not Transported),1,Dark - Lighted,Clear,1,0,['Driver'],['None_Used'],0,0,Invalid,0.0,0.0,35.0,35.0,['Male'],0,0,2,4,2,Dry,Straight,Level,Lowest,No
614,1,Alabama,10623,0,1,1,0,1,NOT APPLICABLE,September,26,Tuesday,17,10,Rural,Medium Speed (Collector),No,32.08463611,-86.93296111,Non-Intersection,Daylight,Clear,Unknown,Unknown,6:00pm-6:59pm,0,Not Applicable (Not Transported),Not Applicable (Not Transported),1,Daylight,Clear,1,0,['Driver'],['None_Used'],0,0,Valid,0.0,0.0,63.0,63.0,['Male'],1,0,3,4,3,Dry,Curve,Level,Lowest,No
615,1,Alabama,10624,1,1,1,0,1,BIRMINGHAM,September,26,Tuesday,19,17,Urban,High Speed (Arterial),Yes,33.50488611,-86.81672778,Non-Intersection,Dark - Lighted,Clear,7:00pm-7:59pm,17,7:00pm-7:59pm,25,Not Applicable (Not Transported),Not Applicable (Not Transported),1,Dark - Lighted,Clear,0,0,[],[],0,0,Invalid,0.0,0.0,999.0,999.0,['Other'],0,0,1,0,4,Dry,Straight,Level,Lowest,No
616,1,Alabama,10625,0,1,1,0,1,MONTGOMERY,September,27,Wednesday,1,37,Urban,Medium Speed (Collector),No,32.38952778,-86.21615833,Non-Intersection,Dark - Lighted,Clear,2:00am-2:59am,6,2:00am-2:59am,13,Not Applicable (Not Transported),Not Applicable (Not Transported),1,Dark - Lighted,Clear,1,0,['Driver'],['Shoulder_Lapbelt'],1,1,Valid,1.0,1.0,33.0,33.0,['Male'],0,0,2,4,3,Dry,Straight,Level,Lowest,No
617,1,Alabama,10626,0,2,2,0,5,RUSSELLVILLE,September,27,Wednesday,22,13,Rural,High Speed (Arterial),Yes,34.54559167,-87.70026389,Non-Intersection,Dark - Lighted,Clear,10:00pm-10:59pm,24,10:00pm-10:59pm,40,11:00pm-11:59pm,29,2,Dark - Lighted,Clear,2,3,"['Driver', 'Rear_Seat']","['Shoulder_Lapbelt', 'None_Used']",0,0,Valid,1.0,0.0,65.0,38.0,"['Female', 'Female']",0,0,3,4,5,Dry,Straight,Grade/Hillcrest,Lowest,No
618,1,Alabama,10627,1,1,1,0,1,BIRMINGHAM,September,27,Wednesday,22,38,Urban,Medium Speed (Collector),No,33.48299444,-86.83084167,Simple Junction,Dark - Lighted,Clear,10:00pm-10:59pm,38,10:00pm-10:59pm,45,11:00pm-11:59pm,1,1,Dark - Lighted,Clear,0,0,[],[],0,0,Invalid,0.0,0.0,999.0,999.0,['Other'],0,0,1,0,4,Dry,Straight,Grade/Hillcrest,Lowest,No
619,1,Alabama,10628,0,1,1,0,1,NOT APPLICABLE,September,28,Thursday,15,30,Rural,Low Speed (Local),No,32.85746389,-86.46566389,Non-Intersection,Daylight,Clear,Unknown,Unknown,4:00pm-4:59pm,0,Not Applicable (Not Transported),Not Applicable (Not Transported),1,Daylight,Clear,1,0,['Driver'],['None_Used'],1,1,Valid,1.0,0.0,44.0,44.0,['Male'],1,0,5,2,3,Dry,Curve,Grade/Hillcrest,Lowest,No
620,1,Alabama,10629,0,2,2,0,3,OPELIKA,September,28,Thursday,14,39,Urban,Medium Speed (Collector),No,32.631,-85.372075,Non-Intersection,Daylight,Clear,2:00pm-2:59pm,39,2:00pm-2:59pm,48,3:00pm-3:59pm,15,1,Daylight,Clear,1,2,['Driver'],['Shoulder_Lapbelt'],0,0,Valid,0.0,0.0,77.0,28.0,"['Male', 'Male']",0,0,3,4,5,Dry,Straight,Level,Lowest,No
621,1,Alabama,10630,0,1,1,0,1,NOT APPLICABLE,September,28,Thursday,23,30,Rural,High Speed (Arterial),Yes,32.69996389,-85.52074167,Non-Intersection,Dark - Not Lighted,Cloudy,11:00pm-11:59pm,44,11:00pm-11:59pm,55,0:00am-0:59am,2,1,Dark - Unlighted,Reduced Visibility,1,0,['Driver'],['None_Used'],1,1,Valid,0.0,0.0,19.0,19.0,['Male'],0,0,2,4,3,Dry,Curve,Grade/Hillcrest,Lowest,No
622,1,Alabama,10631,0,2,2,0,2,OXFORD,September,29,Friday,0,52,Rural,Medium Speed (Collector),No,33.63810833,-85.67036667,Non-Intersection,Dark - Not Lighted,Clear,0:00am-0:59am,52,1:00am-1:59am,1,1:00am-1:59am,28,1,Dark - Unlighted,Clear,1,1,['Driver'],['None_Used'],0,0,Valid,0.0,1.0,56.0,22.0,"['Female', 'Male']",0,0,5,4,5,Dry,Straight,Level,Lowest,No
623,1,Alabama,10632,0,1,1,0,1,MONTGOMERY,October,3,Tuesday,4,57,Urban,High Speed (Arterial),Yes,32.400975,-86.33704722,Non-Intersection,Dark - Not Lighted,Clear,Unknown,Unknown,Unknown EMS Scene Arrival Hour,Unknown EMS Scene Arrival Minutes,Not Applicable (Not Transported),Not Applicable (Not Transported),1,Dark - Unlighted,Clear,1,0,['Driver'],['None_Used'],0,0,Valid,0.0,1.0,61.0,61.0,['Male'],0,0,5,4,3,Dry,Straight,Level,Lowest,No
624,1,Alabama,10633,0,1,1,0,2,NOT APPLICABLE,October,1,Sunday,2,0,Rural,Low Speed (Local),No,32.03443889,-85.11848056,Non-Intersection,Dark - Not Lighted,Clear,2:00am-2:59am,6,2:00am-2:59am,25,3:00am-3:59am,40,1,Dark - Unlighted,Clear,1,1,['Driver'],['None_Used'],0,0,Invalid,0.0,0.0,23.0,23.0,['Male'],0,0,2,4,3,Dry,Straight,Level,Lowest,No
625,1,Alabama,10634,0,1,1,0,2,AUBURN,October,1,Sunday,1,37,Urban,High Speed (Arterial),No,32.58076944,-85.49531944,Non-Intersection,Dark - Lighted,Clear,1:00am-1:59am,46,1:00am-1:59am,46,Not Applicable (Not Transported),Not Applicable (Not Transported),2,Dark - Lighted,Clear,2,0,"['Driver', 'Front_Passenger']","['None_Used', 'Shoulder_Lapbelt']",1,1,Valid,0.0,0.0,26.0,26.0,['Female'],0,0,3,4,3,Dry,Straight,Level,Lowest,No