,State_Code,State_Name,Crash_ID,Count_Non_Motorists,Count_Vehicles_Total,Count_Vehicle_Forms,Count_PVH_Involved,Count_Occupants_MV,City_Name,Month_Name,Day_of_Month,Day_of_Week,Crash_Hour,Crash_Minute,Area_Rural_Urban,Road_Functional_Class,On_NHS_Road,Latitude,Longitude,Intersection_Type,Light_Condition,Weather_Condition,Notif_Hour,Notif_Minute,Arrival_Hour,Arrival_Minute,Hospital_Hour,Hospital_Minute,Fatalities_Count,Clean_Light_Condition,Clean_Weather_Condition,Total_Killed,Total_Alive,Fatal_Seats_List,Killed_Restraint_List,Any_Driver_Drinking,Total_Drinking_Drivers,Driver_License_Category,Driver_Max_Prev_Accident_Count,Driver_Max_Prev_Speeding_Count,Max_Driver_Age,Min_Driver_Age,Driver_Sex_List,Total_Exceeding_Limit_Vehicles,Total_Too_Fast_Vehicles,Max_Vehicle_Type_Severity_5,Max_Vehicle_Damage_Rank,Max_Harmful_Event_Severity,Crash_Road_Surface_Condition,Crash_Horizontal_Alignment,Crash_Vertical_Profile,Crash_Impairment_Category,Crash_Vehicle_Defect
626,1,Alabama,10635,0,3,1,2,1,MADISON,September,30,Saturday,21,9,Urban,High Speed (Arterial),Yes,34.75443056,-86.73775556,Non-Intersection,Dark - Lighted,Clear,9:00pm-9:59pm,10,9:00pm-9:59pm,17,9:00pm-9:59pm,40,1,Dark - Lighted,Clear,1,0,['Driver'],['Shoulder_Lapbelt'],0,0,Invalid,0.0,2.0,59.0,59.0,['Female'],0,0,2,2,3,Dry,Straight,Level,Lowest,No
627,1,Alabama,10636,0,1,1,0,2,NOT APPLICABLE,September,29,Friday,23,45,Rural,Low Speed (Local),No,33.38111389,-85.34877778,Non-Intersection,Dark - Not Lighted,Clear,11:00pm-11:59pm,45,11:00pm-11:59pm,53,Unknown,Unknown EMS Hospital Arrival Time,1,Dark - Unlighted,Clear,1,1,['Driver'],['None_Used'],1,1,Invalid,0.0,0.0,40.0,40.0,['Male'],0,0,5,4,3,Dry,Straight,Grade/Hillcrest,Lowest,No
628,1,Alabama,10637,0,2,1,1,2,BESSEMER,September,29,Friday,20,32,Urban,Medium Speed (Collector),No,33.39607222,-86.95068333,Non-Intersection,Dusk,Clear,8:00pm-8:59pm,34,8:00pm-8:59pm,45,9:00pm-9:59pm,10,1,Twilight,Clear,1,1,['Driver'],['None_Used'],0,0,Valid,1.0,0.0,19.0,19.0,['Male'],0,0,2,4,3,Dry,Straight,Level,Medium,No
629,1,Alabama,10638,0,3,3,0,4,BIRMINGHAM,September,30,Saturday,23,6,Urban,High Speed (Arterial),Yes,33.56350278,-86.73193611,Non-Intersection,Dark - Not Lighted,Clear,11:00pm-11:59pm,6,11:00pm-11:59pm,15,Unknown,Unknown EMS Hospital Arrival Time,1,Dark - Unlighted,Clear,1,3,['Driver'],['Shoulder_Lapbelt'],0,0,Invalid,0.0,0.0,61.0,46.0,"['Male', 'Male', 'Male']",0,0,3,4,5,Dry,Straight,Level,Lowest,No
630,1,Alabama,10639,1,2,1,1,1,NOT APPLICABLE,September,29,Friday,10,1,Rural,Medium Speed (Collector),No,31.58975833,-86.73474722,Non-Intersection,Daylight,Clear,10:00am-10:59am,15,10:00am-10:59am,29,11:00am-11:59am,30,1,Daylight,Clear,0,1,[],[],0,0,Valid,3.0,2.0,22.0,22.0,['Male'],0,0,3,4,5,Dry,Straight,Level,Medium,No
631,1,Alabama,10640,0,2,2,0,2,PRICEVILLE,September,28,Thursday,4,59,Urban,High Speed (Arterial),Yes,34.50587778,-86.86876944,Non-Intersection,Dark - Lighted,Clear,Unknown,Unknown,5:00am-5:59am,12,Not Applicable (Not Transported),Not Applicable (Not Transported),1,Dark - Lighted,Clear,1,1,['Driver'],['Shoulder_Lapbelt'],0,0,Valid,1.0,1.0,45.0,43.0,"['Male', 'Male']",0,0,4,4,5,Dry,Straight,Grade/Hillcrest,Lowest,No
632,1,Alabama,10641,0,2,2,0,2,DOTHAN,October,2,Monday,14,45,Urban,Medium Speed (Collector),No,31.157525,-85.40895278,Complex/Circle,Daylight,Clear,2:00pm-2:59pm,44,2:00pm-2:59pm,53,Not Applicable (Not Transported),Not Applicable (Not Transported),1,Daylight,Clear,1,1,['Driver'],['None_Used'],0,0,Valid,0.0,0.0,63.0,52.0,"['Male', 'Male']",0,0,5,4,5,Dry,Straight,Level,Lowest,No
633,1,Alabama,10642,1,2,2,0,1,NOT APPLICABLE,October,1,Sunday,5,55,Rural,Medium Speed (Collector),No,31.16744444,-85.63398889,Non-Intersection,Dark - Not Lighted,Clear,5:00am-5:59am,55,6:00am-6:59am,9,Not Applicable (Not Transported),Not Applicable (Not Transported),1,Dark - Unlighted,Clear,0,1,[],[],0,0,Valid,0.0,0.0,70.0,70.0,['Male'],0,0,5,4,5,Dry,Straight,Grade/Hillcrest,Lowest,No
634,1,Alabama,10643,1,1,1,0,2,ENTERPRISE,October,1,Sunday,21,51,Rural,Medium Speed (Collector),No,31.342525,-85.838925,Non-Intersection,Dark - Not Lighted,Clear,9:00pm-9:59pm,52,9:00pm-9:59pm,58,Not Applicable (Not Transported),Not Applicable (Not Transported),1,Dark - Unlighted,Clear,0,2,[],[],0,0,Valid,0.0,0.0,55.0,55.0,['Male'],0,0,3,2,4,Dry,Straight,Level,Lowest,No
635,1,Alabama,10644,0,2,2,0,3,NOT APPLICABLE,October,3,Tuesday,12,40,Rural,High Speed (Arterial),Yes,34.17656389,-86.87626111,Non-Intersection,Daylight,Clear,12:00pm-12:59pm,41,12:00pm-12:59pm,48,1:00pm-1:59pm,10,1,Daylight,Clear,1,2,['Driver'],['None_Used'],0,0,Valid,0.0,1.0,50.0,18.0,"['Male', 'Male']",0,0,5,4,5,Dry,Straight,Grade/Hillcrest,Lowest,No
636,1,Alabama,10645,0,1,1,0,1,NOT APPLICABLE,October,4,Wednesday,16,40,Rural,Medium Speed (Collector),No,33.03492222,-85.43294167,Non-Intersection,Reported as Unknown,Reported as Unknown,Not Applicable (Not Notified),Not Applicable (Not Notified),Not Applicable,Not Applicable,Not Applicable (Not Transported),Not Applicable (Not Transported),1,Dark - Unlighted,Clear,1,0,['Driver'],['None_Used'],0,0,Valid,2.0,0.0,53.0,53.0,['Male'],0,0,5,4,3,Dry,Straight,Level,Lowest,No
637,1,Alabama,10646,0,1,1,0,1,NOT APPLICABLE,October,11,Wednesday,14,30,Rural,High Speed (Arterial),Yes,34.67977222,-87.35336111,Non-Intersection,Daylight,Cloudy,2:00pm-2:59pm,30,2:00pm-2:59pm,48,Not Applicable (Not Transported),Not Applicable (Not Transported),1,Daylight,Reduced Visibility,1,0,['Driver'],['Shoulder_Lapbelt'],0,0,Valid,0.0,0.0,42.0,42.0,['Male'],0,0,3,4,2,Dry,Straight,Level,Lowest,No
638,1,Alabama,10647,1,1,1,0,1,NOT APPLICABLE,October,5,Thursday,7,15,Rural,Medium Speed (Collector),No,33.90976944,-86.34265,Non-Intersection,Daylight,Clear,7:00am-7:59am,15,7:00am-7:59am,28,Not Applicable (Not Transported),Not Applicable (Not Transported),1,Daylight,Clear,0,1,[],[],0,0,Valid,4.0,1.0,31.0,31.0,['Male'],1,0,3,4,4,Dry,Curve,Grade/Hillcrest,Lowest,No
639,1,Alabama,10648,0,2,2,0,2,EUFAULA,October,5,Thursday,14,30,Urban,High Speed (Arterial),Yes,31.86926389,-85.15795,Complex/Circle,Daylight,Cloudy,2:00pm-2:59pm,30,2:00pm-2:59pm,36,Unknown,Unknown EMS Hospital Arrival Time,1,Daylight,Reduced Visibility,1,1,['Driver'],['None_Used'],0,0,Valid,1.0,0.0,63.0,18.0,"['Male', 'Male']",0,0,5,4,5,Dry,Straight,Level,Lowest,No
640,1,Alabama,10649,0,1,1,0,1,NOT APPLICABLE,October,6,Friday,14,11,Rural,High Speed (Arterial),Yes,34.04753333,-86.17580278,Non-Intersection,Daylight,Cloudy,2:00pm-2:59pm,12,2:00pm-2:59pm,25,Not Applicable (Not Transported),Not Applicable (Not Transported),1,Daylight,Reduced Visibility,1,0,['Driver'],['None_Used'],0,0,Valid,1.0,0.0,61.0,61.0,['Male'],1,0,5,4,3,Dry,Curve,Grade/Hillcrest,Lowest,No
641,1,Alabama,10650,0,1,1,0,3,EUTAW,October,7,Saturday,3,10,Rural,High Speed (Arterial),Yes,32.84018056,-87.88694444,Simple Junction,Dark - Unknown Lighting,Clear,3:00am-3:59am,10,3:00am-3:59am,17,4:00am-4:59am,16,1,Dark - Unlighted,Clear,1,2,['Rear_Seat'],['None_Used'],0,0,Invalid,0.0,1.0,23.0,23.0,['Female'],3,0,2,4,3,Dry,Curve,Level,Lowest,No
642,1,Alabama,10651,0,2,2,0,5,BRIDGEPORT,October,7,Saturday,15,3,Rural,High Speed (Arterial),Yes,34.98092778,-85.730175,Non-Intersection,Daylight,Clear,3:00pm-3:59pm,3,3:00pm-3:59pm,35,Unknown,Unknown EMS Hospital Arrival Time,2,Daylight,Clear,2,3,"['Driver', 'Front_Passenger']","['Shoulder_Lapbelt', 'None_Used']",0,0,Valid,0.0,1.0,59.0,38.0,"['Female', 'Female']",0,0,3,4,5,Dry,Straight,Level,Lowest,No
643,1,Alabama,10652,0,3,3,0,4,BIRMINGHAM,October,7,Saturday,2,8,Urban,High Speed (Arterial),Yes,33.49784444,-86.87528333,Complex/Circle,Dark - Lighted,Clear,2:00am-2:59am,11,2:00am-2:59am,36,2:00am-2:59am,52,1,Dark - Lighted,Clear,1,3,['Front_Passenger'],['Shoulder_Lapbelt'],0,0,Invalid,0.0,0.0,29.0,26.0,"['Male', 'Male', 'Male']",0,0,2,4,5,Dry,Straight,Level,Lowest,No
644,1,Alabama,10653,1,1,1,0,1,BIRMINGHAM,October,3,Tuesday,21,15,Urban,Medium Speed (Collector),No,33.56097222,-86.85865556,Non-Intersection,Dark - Not Lighted,Clear,9:00pm-9:59pm,15,9:00pm-9:59pm,27,Not Applicable (Not Transported),Not Applicable (Not Transported),1,Dark - Unlighted,Clear,0,1,[],[],0,0,Valid,0.0,1.0,38.0,38.0,['Male'],0,0,2,3,4,Dry,Straight,Level,Lowest,No
645,1,Alabama,10654,0,2,2,0,6,MOBILE,October,6,Friday,17,40,Urban,High Speed (Arterial),Yes,30.74816111,-88.09924167,Non-Intersection,Daylight,Rain,5:00pm-5:59pm,54,6:00pm-6:59pm,6,6:00pm-6:59pm,46,1,Daylight,Rain/Wind/Minor,1,5,['Front_Passenger'],['None_Used'],0,0,Valid,3.0,1.0,21.0,18.0,"['Male', 'Female']",2,0,3,4,5,Wet/Standing Water,Curve,Grade/Hillcrest,Lowest,No
646,1,Alabama,10655,1,1,1,0,2,BIRMINGHAM,October,8,Sunday,23,25,Urban,High Speed (Arterial),Yes,33.48849444,-86.88748889,Non-Intersection,Dark - Lighted,Clear,11:00pm-11:59pm,25,11:00pm-11:59pm,40,Not Applicable (Not Transported),Not Applicable (Not Transported),1,Dark - Lighted,Clear,0,2,[],[],0,0,Valid,0.0,0.0,20.0,20.0,['Male'],2,0,2,3,4,Dry,Straight,Level,Lowest,No
647,1,Alabama,10656,0,2,2,0,3,HOOVER,October,9,Monday,18,2,Urban,Medium Speed (Collector),No,33.35433889,-86.77926944,Non-Intersection,Dusk,Clear,6:00pm-6:59pm,2,6:00pm-6:59pm,22,6:00pm-6:59pm,43,1,Twilight,Clear,1,2,['Front_Passenger'],['Shoulder_Lapbelt'],0,0,Valid,3.0,0.0,60.0,44.0,"['Male', 'Male']",0,0,3,4,5,Dry,Straight,Level,Lowest,No
648,1,Alabama,10657,1,1,1,0,1,HOOVER,October,9,Monday,18,2,Urban,High Speed (Arterial),Yes,33.35393611,-86.77951944,Non-Intersection,Dusk,Clear,6:00pm-6:59pm,2,6:00pm-6:59pm,21,6:00pm-6:59pm,45,1,Twilight,Clear,0,1,[],[],0,0,Valid,0.0,4.0,31.0,31.0,['Female'],0,0,3,3,4,Dry,Straight,Level,Lowest,No
649,1,Alabama,10658,0,2,2,0,2,MADISON,October,10,Tuesday,6,49,Urban,Low Speed (Local),No,34.68138333,-86.85903056,Simple Junction,Daylight,Clear,Unknown,Unknown,7:00am-7:59am,3,Unknown,Unknown EMS Hospital Arrival Time,1,Daylight,Clear,1,1,['Driver'],['None_Used'],0,0,Valid,0.0,2.0,30.0,29.0,"['Female', 'Male']",0,0,2,4,5,Dry,Straight,Level,Lowest,No
650,1,Alabama,10659,0,2,2,0,2,NOT APPLICABLE,October,10,Tuesday,21,58,Rural,High Speed (Arterial),Yes,32.59743889,-85.23826111,Simple Junction,Dark - Not Lighted,Clear,10:00pm-10:59pm,4,10:00pm-10:59pm,10,11:00pm-11:59pm,22,1,Dark - Unlighted,Clear,1,1,['Driver'],['Shoulder_Lapbelt'],0,0,Valid,1.0,0.0,51.0,38.0,"['Male', 'Male']",0,0,4,4,5,Dry,Straight,Grade/Hillcrest,Lowest,No
651,1,Alabama,10660,0,2,2,0,4,CALERA,October,6,Friday,15,14,Urban,Medium Speed (Collector),No,33.15370833,-86.77668611,Simple Junction,Daylight,Clear,3:00pm-3:59pm,14,3:00pm-3:59pm,34,3:00pm-3:59pm,55,1,Daylight,Clear,1,3,['Driver'],['None_Used'],0,0,Valid,1.0,0.0,65.0,62.0,"['Female', 'Male']",0,0,4,4,5,Dry,Straight,Level,Lowest,No
652,1,Alabama,10661,1,1,1,0,1,AUBURN,October,4,Wednesday,17,48,Urban,High Speed (Arterial),Yes,32.57586389,-85.47696667,Non-Intersection,Daylight,Clear,5:00pm-5:59pm,57,6:00pm-6:59pm,18,Not Applicable (Not Transported),Not Applicable (Not Transported),1,Daylight,Clear,0,1,[],[],0,0,Valid,0.0,0.0,58.0,58.0,['Male'],0,0,4,2,4,Dry,Straight,Level,Lowest,No
653,1,Alabama,10662,0,2,2,0,2,NOT APPLICABLE,October,5,Thursday,21,0,Rural,High Speed (Arterial),Yes,30.55469722,-88.16065833,Non-Intersection,Dark - Not Lighted,Clear,9:00pm-9:59pm,0,9:00pm-9:59pm,11,Not Applicable (Not Transported),Not Applicable (Not Transported),1,Dark - Unlighted,Clear,1,1,['Driver'],['Shoulder_Lapbelt'],0,0,Valid,0.0,0.0,80.0,42.0,"['Male', 'Male']",0,0,4,4,5,Dry,Straight,Level,Lowest,No
654,1,Alabama,10663,0,2,2,0,2,NOT APPLICABLE,October,11,Wednesday,21,15,Rural,High Speed (Arterial),Yes,34.17590833,-86.71983889,Non-Intersection,Dark - Not Lighted,Rain,9:00pm-9:59pm,19,9:00pm-9:59pm,31,10:00pm-10:59pm,7,1,Dark - Unlighted,Rain/Wind/Minor,1,1,['Driver'],['Shoulder_Lapbelt'],0,0,Valid,2.0,0.0,74.0,17.0,"['Female', 'Female']",0,0,2,4,5,Wet/Standing Water,Straight,Level,Lowest,No
655,1,Alabama,10664,0,2,2,0,2,GUNTERSVILLE,October,11,Wednesday,17,40,Urban,High Speed (Arterial),Yes,34.41865,-86.26573056,Non-Intersection,Dusk,Rain,5:00pm-5:59pm,41,5:00pm-5:59pm,55,6:00pm-6:59pm,28,1,Twilight,Rain/Wind/Minor,1,1,['Driver'],['Shoulder_Lapbelt'],0,0,Valid,1.0,2.0,37.0,25.0,"['Male', 'Male']",0,0,3,4,5,Wet/Standing Water,Straight,Level,Lowest,No
656,1,Alabama,10665,0,2,2,0,2,BESSEMER,October,13,Friday,0,41,Urban,Medium Speed (Collector),No,33.34170556,-86.92813056,Non-Intersection,Dark - Lighted,Cloudy,0:00am-0:59am,43,0:00am-0:59am,59,1:00am-1:59am,44,1,Dark - Lighted,Reduced Visibility,1,1,['Driver'],['None_Used'],1,1,Invalid,0.0,0.0,37.0,16.0,"['Male', 'Female']",1,0,3,4,5,Icy/Snowy,Straight,Grade/Hillcrest,Lowest,No
657,1,Alabama,10666,0,2,2,0,2,ATHENS,October,13,Friday,9,0,Urban,High Speed (Arterial),Yes,34.77839444,-86.91944722,Non-Intersection,Daylight,Clear,8:00am-8:59am,58,9:00am-9:59am,4,Not Applicable (Not Transported),Not Applicable (Not Transported),1,Daylight,Clear,1,1,['Driver'],['None_Used'],0,0,Invalid,0.0,0.0,56.0,49.0,"['Female', 'Male']",0,0,4,4,5,Dry,Straight,Level,Lowest,No
658,1,Alabama,10667,0,3,3,0,4,Other,October,13,Friday,11,37,Urban,Medium Speed (Collector),No,33.70761389,-86.51768611,Non-Intersection,Daylight,Cloudy,11:00am-11:59am,38,11:00am-11:59am,45,Unknown,Unknown EMS Hospital Arrival Time,1,Daylight,Reduced Visibility,1,3,['Driver'],['None_Used'],0,0,Valid,1.0,0.0,77.0,21.0,"['Male', 'Male', 'Female']",1,0,3,4,5,Dry,Straight,Grade/Hillcrest,Lowest,No
659,1,Alabama,10668,0,2,2,0,2,NOT APPLICABLE,October,13,Friday,13,10,Rural,Medium Speed (Collector),No,31.62645833,-86.50176111,Non-Intersection,Daylight,Cloudy,Unknown,Unknown,Unknown EMS Scene Arrival Hour,Unknown EMS Scene Arrival Minutes,Unknown,Unknown EMS Hospital Arrival Time,1,Daylight,Reduced Visibility,1,1,['Driver'],['Shoulder_Lapbelt'],0,0,Invalid,0.0,0.0,48.0,38.0,"['Male', 'Male']",0,0,3,4,5,Dry,Straight,Grade/Hillcrest,Lowest,No
660,1,Alabama,10669,0,1,1,0,1,NOT APPLICABLE,October,14,Saturday,5,34,Rural,Medium Speed (Collector),No,33.55147222,-88.22271389,Non-Intersection,Dark - Not Lighted,Clear,Unknown,Unknown,6:00am-6:59am,1,Not Applicable (Not Transported),Not Applicable (Not Transported),1,Dark - Unlighted,Clear,1,0,['Driver'],['None_Used'],0,0,Valid,0.0,1.0,28.0,28.0,['Male'],0,0,3,4,3,Dry,Straight,Level,Medium,No
661,1,Alabama,10670,0,2,2,0,2,NOT APPLICABLE,October,14,Saturday,8,14,Rural,Medium Speed (Collector),No,32.887025,-85.57469444,Non-Intersection,Daylight,Cloudy,8:00am-8:59am,14,8:00am-8:59am,20,Not Applicable (Not Transported),Not Applicable (Not Transported),1,Daylight,Reduced Visibility,1,1,['Driver'],['None_Used'],0,0,Valid,1.0,0.0,62.0,61.0,"['Female', 'Male']",0,0,4,4,5,Dry,Straight,Level,Medium,No
662,1,Alabama,10671,0,2,2,0,2,NOT APPLICABLE,October,14,Saturday,0,49,Rural,High Speed (Arterial),Yes,33.55467778,-86.12661389,Simple Junction,Dark - Not Lighted,Rain,0:00am-0:59am,50,0:00am-0:59am,59,Not Applicable (Not Transported),Not Applicable (Not Transported),1,Dark - Unlighted,Rain/Wind/Minor,1,1,['Driver'],['None_Used'],0,0,Invalid,1.0,0.0,55.0,20.0,"['Male', 'Female']",0,0,5,4,5,Dry,Straight,Level,Lowest,No
663,1,Alabama,10672,0,1,1,0,2,SAMSON,October,14,Saturday,7,49,Rural,Medium Speed (Collector),No,31.11299444,-86.06701111,Non-Intersection,Daylight,Clear,7:00am-7:59am,49,8:00am-8:59am,6,Not Applicable (Not Transported),Not Applicable (Not Transported),1,Daylight,Clear,1,1,['Rear_Seat'],['None_Used'],0,0,Invalid,0.0,0.0,35.0,35.0,['Male'],0,0,3,4,3,Wet/Standing Water,Straight,Grade/Hillcrest,Lowest,No
664,1,Alabama,10673,0,1,1,0,1,MOBILE,October,15,Sunday,13,15,Urban,High Speed (Arterial),Yes,30.56838611,-88.19031944,Non-Intersection,Daylight,Cloudy,1:00pm-1:59pm,18,1:00pm-1:59pm,28,1:00pm-1:59pm,58,1,Daylight,Reduced Visibility,1,0,['Driver'],['None_Used'],0,0,Valid,0.0,1.0,56.0,56.0,['Male'],0,0,5,4,3,Dry,Straight,Grade/Hillcrest,Lowest,Yes
665,1,Alabama,10674,1,1,1,0,3,NOT APPLICABLE,October,15,Sunday,14,20,Rural,High Speed (Arterial),Yes,33.64437778,-85.45209722,Non-Intersection,Daylight,Rain,2:00pm-2:59pm,20,2:00pm-2:59pm,30,Not Applicable (Not Transported),Not Applicable (Not Transported),1,Daylight,Rain/Wind/Minor,0,3,[],[],0,0,Valid,0.0,0.0,39.0,39.0,['Male'],0,0,2,2,4,Wet/Standing Water,Straight,Grade/Hillcrest,Lowest,No
666,1,Alabama,10675,0,1,1,0,1,NOT APPLICABLE,October,15,Sunday,23,0,Rural,Low Speed (Local),No,34.25661944,-87.57655556,Non-Intersection,Dark - Not Lighted,Cloudy,11:00pm-11:59pm,0,11:00pm-11:59pm,23,Not Applicable (Not Transported),Not Applicable (Not Transported),1,Dark - Unlighted,Reduced Visibility,1,0,['Driver'],['None_Used'],0,0,Valid,0.0,1.0,42.0,42.0,['Female'],1,0,2,4,3,Dry,Straight,Grade/Hillcrest,Lowest,No
667,1,Alabama,10676,1,1,1,0,1,NOT APPLICABLE,October,17,Tuesday,5,50,Rural,Medium Speed (Collector),No,33.89004444,-87.36519167,Non-Intersection,Dark - Not Lighted,Clear,Unknown,Unknown,6:00am-6:59am,12,Not Applicable (Not Transported),Not Applicable (Not Transported),1,Dark - Unlighted,Clear,0,1,[],[],0,0,Valid,3.0,1.0,51.0,51.0,['Male'],0,0,3,1,4,Dry,Curve,Grade/Hillcrest,Lowest,No
668,1,Alabama,10677,0,1,1,0,2,NOT APPLICABLE,October,16,Monday,20,2,Urban,Medium Speed (Collector),No,33.7491,-86.81368889,Non-Intersection,Dark - Not Lighted,Clear,8:00pm-8:59pm,14,8:00pm-8:59pm,45,9:00pm-9:59pm,1,1,Dark - Unlighted,Clear,1,1,['Driver'],['None_Used'],0,0,Invalid,1.0,4.0,20.0,20.0,['Male'],2,0,3,4,3,Dry,Straight,Level,Lowest,No
669,1,Alabama,10678,0,2,2,0,3,DAPHNE,October,18,Wednesday,15,50,Urban,Medium Speed (Collector),No,30.65509444,-87.90715278,Complex/Circle,Daylight,Clear,3:00pm-3:59pm,56,4:00pm-4:59pm,5,Unknown,Unknown EMS Hospital Arrival Time,1,Daylight,Clear,1,2,['Front_Passenger'],['None_Used'],0,0,Valid,1.0,0.0,51.0,46.0,"['Female', 'Male']",0,0,3,4,5,Dry,Straight,Level,Lowest,No
670,1,Alabama,10679,0,1,1,0,1,NOT APPLICABLE,October,18,Wednesday,0,25,Rural,Medium Speed (Collector),No,34.35272222,-86.36102222,Non-Intersection,Dark - Not Lighted,Clear,0:00am-0:59am,22,0:00am-0:59am,38,Not Applicable (Not Transported),Not Applicable (Not Transported),1,Dark - Unlighted,Clear,1,0,['Driver'],['None_Used'],0,0,Valid,0.0,0.0,17.0,17.0,['Male'],1,0,2,4,3,Dry,Curve,Level,Lowest,No
671,1,Alabama,10680,1,1,1,0,1,NOT APPLICABLE,October,18,Wednesday,17,35,Rural,Low Speed (Local),No,34.86810556,-86.9233,Non-Intersection,Daylight,Clear,5:00pm-5:59pm,38,5:00pm-5:59pm,56,6:00pm-6:59pm,33,1,Daylight,Clear,0,1,[],[],0,0,Invalid,1.0,0.0,32.0,32.0,['Male'],0,0,3,3,4,Dry,Straight,Level,Lowest,No
672,1,Alabama,10681,0,2,2,0,2,SUMMERDALE,October,19,Thursday,10,41,Rural,Medium Speed (Collector),No,30.47277222,-87.641825,Non-Intersection,Daylight,Clear,10:00am-10:59am,44,11:00am-11:59am,15,11:00am-11:59am,49,1,Daylight,Clear,1,1,['Driver'],['Shoulder_Lapbelt'],0,0,Valid,0.0,0.0,25.0,25.0,"['Male', 'Female']",0,0,4,4,5,Dry,Straight,Grade/Hillcrest,Lowest,No
673,1,Alabama,10682,0,1,1,0,5,SARALAND,October,20,Friday,0,57,Rural,Medium Speed (Collector),No,30.92100833,-88.12820833,Non-Intersection,Dark - Not Lighted,Clear,0:00am-0:59am,59,1:00am-1:59am,30,2:00am-2:59am,5,1,Dark - Unlighted,Clear,1,4,['Driver'],['None_Used'],1,1,Valid,0.0,0.0,18.0,18.0,['Female'],0,0,3,4,3,Dry,Curve,Level,Lowest,No
674,1,Alabama,10683,0,2,2,0,2,NOT APPLICABLE,October,20,Friday,5,40,Rural,High Speed (Arterial),Yes,33.67286944,-87.07588056,Non-Intersection,Dark - Not Lighted,Clear,5:00am-5:59am,41,6:00am-6:59am,15,6:00am-6:59am,54,1,Dark - Unlighted,Clear,1,1,['Driver'],['Shoulder_Lapbelt'],0,0,Valid,2.0,0.0,83.0,66.0,"['Male', 'Female']",0,0,3,4,5,Dry,Straight,Level,Lowest,No
675,1,Alabama,10684,1,1,1,0,1,BIRMINGHAM,October,21,Saturday,1,0,Urban,High Speed (Arterial),Yes,33.50513889,-86.85976944,Non-Intersection,Dark - Lighted,Clear,1:00am-1:59am,11,1:00am-1:59am,16,Not Applicable (Not Transported),Not Applicable (Not Transported),1,Dark - Lighted,Clear,0,1,[],[],0,0,Invalid,0.0,0.0,999.0,999.0,['Other'],0,0,1,0,4,Dry,Straight,Level,Lowest,No
676,1,Alabama,10685,0,2,2,0,3,BRUNDIDGE,October,21,Saturday,10,54,Urban,High Speed (Arterial),Yes,31.69936389,-85.82279167,Non-Intersection,Daylight,Clear,10:00am-10:59am,55,11:00am-11:59am,9,12:00pm-12:59pm,3,1,Daylight,Clear,1,2,['Driver'],['Shoulder_Lapbelt'],0,0,Valid,0.0,0.0,80.0,52.0,"['Male', 'Male']",0,0,4,4,5,Dry,Straight,Level,Lowest,No
677,1,Alabama,10686,0,2,1,1,2,SELMA,October,21,Saturday,12,38,Urban,Medium Speed (Collector),No,32.41450278,-87.05204167,Non-Intersection,Daylight,Clear,12:00pm-12:59pm,40,12:00pm-12:59pm,48,1:00pm-1:59pm,0,1,Daylight,Clear,1,1,['Driver'],['Shoulder_Lapbelt'],0,0,Valid,0.0,0.0,50.0,50.0,['Male'],0,0,3,4,3,Dry,Curve,Grade/Hillcrest,Lowest,No
678,1,Alabama,10687,0,1,1,0,1,NOT APPLICABLE,October,21,Saturday,15,0,Rural,Low Speed (Local),No,33.51906667,-88.21330556,Non-Intersection,Daylight,Clear,3:00pm-3:59pm,0,3:00pm-3:59pm,30,Not Applicable (Not Transported),Not Applicable (Not Transported),1,Daylight,Clear,1,0,['Driver'],['None_Used'],0,0,Valid,0.0,0.0,32.0,32.0,['Male'],0,0,3,4,3,Dry,Curve,Level,Lowest,No
679,1,Alabama,10688,0,1,1,0,1,TALLASSEE,October,22,Sunday,4,59,Rural,Low Speed (Local),No,32.51544167,-85.86377222,Non-Intersection,Dark - Not Lighted,Clear,5:00am-5:59am,25,5:00am-5:59am,50,6:00am-6:59am,29,1,Dark - Unlighted,Clear,1,0,['Driver'],['None_Used'],0,0,Valid,3.0,1.0,25.0,25.0,['Male'],0,0,2,4,3,Dry,Curve,Grade/Hillcrest,Lowest,No
680,1,Alabama,10689,1,2,2,0,2,DADEVILLE,October,22,Sunday,18,26,Urban,High Speed (Arterial),Yes,32.83372778,-85.75496111,Non-Intersection,Dark - Lighted,Clear,6:00pm-6:59pm,32,6:00pm-6:59pm,51,Not Applicable (Not Transported),Not Applicable (Not Transported),1,Dark - Lighted,Clear,0,2,[],[],0,0,Valid,0.0,0.0,75.0,25.0,"['Female', 'Female']",0,0,3,4,4,Dry,Straight,Level,Lowest,No
681,1,Alabama,10690,0,1,1,0,1,BIRMINGHAM,October,22,Sunday,1,5,Urban,Low Speed (Local),No,33.48696389,-86.8555,Non-Intersection,Dark - Lighted,Clear,1:00am-1:59am,13,1:00am-1:59am,21,Not Applicable (Not Transported),Not Applicable (Not Transported),1,Dark - Lighted,Clear,1,0,['Driver'],['None_Used'],1,1,Valid,0.0,1.0,52.0,52.0,['Male'],0,0,2,4,4,Dry,Straight,Level,Lowest,No
682,1,Alabama,10691,2,2,2,0,2,SELMA,October,22,Sunday,0,50,Urban,Medium Speed (Collector),No,32.40551389,-87.01863056,Non-Intersection,Dark - Lighted,Clear,Unknown,Unknown,1:00am-1:59am,10,Unknown,Unknown EMS Hospital Arrival Time,2,Dark - Lighted,Clear,0,2,[],[],0,0,Valid,0.0,1.0,53.0,25.0,"['Male', 'Female']",1,0,2,4,5,Dry,Straight,Grade/Hillcrest,Lowest,No
683,1,Alabama,10692,0,1,1,0,1,NOT APPLICABLE,October,23,Monday,12,40,Rural,Low Speed (Local),No,30.52061667,-88.22118889,Non-Intersection,Daylight,Clear,12:00pm-12:59pm,49,1:00pm-1:59pm,11,1:00pm-1:59pm,41,1,Daylight,Clear,1,0,['Driver'],['None_Used'],0,0,Invalid,0.0,0.0,45.0,45.0,['Female'],0,0,2,4,2,Dry,Straight,Grade/Hillcrest,Lowest,No