,State_Code,State_Name,Crash_ID,Count_Non_Motorists,Count_Vehicles_Total,Count_Vehicle_Forms,Count_PVH_Involved,Count_Occupants_MV,City_Name,Month_Name,Day_of_Month,Day_of_Week,Crash_Hour,Crash_Minute,Area_Rural_Urban,Road_Functional_Class,On_NHS_Road,Latitude,Longitude,Intersection_Type,Light_Condition,Weather_Condition,Notif_Hour,Notif_Minute,Arrival_Hour,Arrival_Minute,Hospital_Hour,Hospital_Minute,Fatalities_Count,Clean_Light_Condition,Clean_Weather_Condition,Total_Killed,Total_Alive,Fatal_Seats_List,Killed_Restraint_List,Any_Driver_Drinking,Total_Drinking_Drivers,Driver_License_Category,Driver_Max_Prev_Accident_Count,Driver_Max_Prev_Speeding_Count,Max_Driver_Age,Min_Driver_Age,Driver_Sex_List,Total_Exceeding_Limit_Vehicles,Total_Too_Fast_Vehicles,Max_Vehicle_Type_Severity_5,Max_Vehicle_Damage_Rank,Max_Harmful_Event_Severity,Crash_Road_Surface_Condition,Crash_Horizontal_Alignment,Crash_Vertical_Profile,Crash_Impairment_Category,Crash_Vehicle_Defect
684,1,Alabama,10693,0,2,2,0,2,NOT APPLICABLE,October,23,Monday,17,10,Rural,Medium Speed (Collector),No,32.48853333,-87.42040278,Non-Intersection,Daylight,Clear,5:00pm-5:59pm,10,5:00pm-5:59pm,27,Not Applicable (Not Transported),Not Applicable (Not Transported),1,Daylight,Clear,1,1,['Driver'],['None_Used'],0,0,Valid,0.0,0.0,69.0,65.0,"['Male', 'Male']",0,0,4,4,5,Dry,Straight,Non-Trafficway,Lowest,No
685,1,Alabama,10694,0,2,2,0,2,NOT APPLICABLE,October,23,Monday,19,28,Rural,High Speed (Arterial),Yes,32.42874444,-85.43871667,Non-Intersection,Dark - Not Lighted,Clear,7:00pm-7:59pm,28,7:00pm-7:59pm,43,Not Applicable (Not Transported),Not Applicable (Not Transported),2,Dark - Unlighted,Clear,2,0,"['Driver', 'Driver']","['Shoulder_Lapbelt', 'Shoulder_Lapbelt']",0,0,Valid,1.0,1.0,56.0,33.0,"['Female', 'Male']",0,0,3,4,5,Dry,Straight,Level,Lowest,No
686,1,Alabama,10695,0,1,1,0,1,NOT APPLICABLE,October,24,Tuesday,15,0,Urban,High Speed (Arterial),Yes,33.52393611,-86.66445833,Non-Intersection,Daylight,Clear,3:00pm-3:59pm,3,3:00pm-3:59pm,11,3:00pm-3:59pm,40,1,Daylight,Clear,1,0,['Driver'],['Shoulder_Lapbelt'],0,0,Valid,4.0,0.0,72.0,72.0,['Male'],0,0,2,4,3,Dry,Straight,Level,Medium,No
687,1,Alabama,10696,0,2,2,0,4,Other,October,25,Wednesday,8,35,Urban,Medium Speed (Collector),No,32.52285833,-85.03087222,Non-Intersection,Daylight,Clear,8:00am-8:59am,35,8:00am-8:59am,46,Unknown,Unknown EMS Hospital Arrival Time,1,Daylight,Clear,1,3,['Rear_Seat'],['None_Used'],0,0,Invalid,0.0,0.0,79.0,30.0,"['Male', 'Male']",0,0,2,4,5,Dry,Straight,Level,Lowest,No
688,1,Alabama,10697,0,3,3,0,4,BIRMINGHAM,October,26,Thursday,0,29,Urban,High Speed (Arterial),Yes,33.58206667,-86.70629167,Non-Intersection,Dark - Lighted,Clear,0:00am-0:59am,29,0:00am-0:59am,36,Unknown,Unknown EMS Hospital Arrival Time,1,Dark - Lighted,Clear,1,3,['Rear_Seat'],['None_Used'],0,0,Valid,1.0,0.0,41.0,20.0,"['Male', 'Male', 'Male']",0,0,3,4,5,Dry,Straight,Level,Lowest,No
689,1,Alabama,10698,0,2,2,0,3,NOT APPLICABLE,October,26,Thursday,6,50,Rural,High Speed (Arterial),Yes,32.60544167,-87.83381667,Non-Intersection,Dawn,Clear,Unknown,Unknown,7:00am-7:59am,10,Not Applicable (Not Transported),Not Applicable (Not Transported),2,Twilight,Clear,2,1,"['Driver', 'Driver']","['Shoulder_Lapbelt', 'Shoulder_Lapbelt']",0,0,Valid,0.0,0.0,55.0,44.0,"['Female', 'Male']",0,0,3,4,5,Dry,Straight,Grade/Hillcrest,Lowest,No
690,1,Alabama,10699,0,1,1,0,1,NOT APPLICABLE,October,26,Thursday,11,0,Rural,Medium Speed (Collector),No,34.41344722,-87.30879167,Non-Intersection,Daylight,Clear,Unknown,Unknown,Unknown EMS Scene Arrival Hour,Unknown EMS Scene Arrival Minutes,Not Applicable (Not Transported),Not Applicable (Not Transported),1,Daylight,Clear,1,0,['Driver'],['None_Used'],0,0,Valid,0.0,0.0,44.0,44.0,['Male'],1,0,2,4,3,Dry,Curve,Grade/Hillcrest,Lowest,No
691,1,Alabama,10700,0,2,2,0,2,NOT APPLICABLE,October,26,Thursday,16,20,Rural,High Speed (Arterial),Yes,33.80632222,-86.67831111,Complex/Circle,Daylight,Clear,4:00pm-4:59pm,25,4:00pm-4:59pm,54,5:00pm-5:59pm,37,1,Daylight,Clear,1,1,['Driver'],['Shoulder_Lapbelt'],0,0,Valid,3.0,1.0,58.0,34.0,"['Female', 'Male']",1,0,3,4,5,Dry,Straight,Grade/Hillcrest,Lowest,No
692,1,Alabama,10701,1,1,1,0,1,AUBURN,October,26,Thursday,15,50,Rural,Medium Speed (Collector),No,32.51803611,-85.53148333,Non-Intersection,Daylight,Clear,3:00pm-3:59pm,50,3:00pm-3:59pm,55,Not Applicable (Not Transported),Not Applicable (Not Transported),1,Daylight,Clear,0,1,[],[],0,0,Valid,0.0,0.0,29.0,29.0,['Male'],0,0,3,3,4,Dry,Straight,Grade/Hillcrest,Lowest,No
693,1,Alabama,10702,1,1,1,0,3,BRIDGEPORT,October,27,Friday,11,59,Urban,Low Speed (Local),No,34.98486389,-85.72789722,Non-Intersection,Daylight,Clear,Unknown,Unknown,12:00pm-12:59pm,21,Unknown,Unknown EMS Hospital Arrival Time,1,Daylight,Clear,0,3,[],[],0,0,Invalid,0.0,1.0,35.0,35.0,['Female'],0,0,2,4,4,Dry,Straight,Level,Lowest,No
694,1,Alabama,10703,0,2,2,0,2,NOT APPLICABLE,October,27,Friday,7,39,Rural,High Speed (Arterial),Yes,31.63736111,-87.67487778,Non-Intersection,Daylight,Clear,7:00am-7:59am,39,7:00am-7:59am,53,Not Applicable (Not Transported),Not Applicable (Not Transported),1,Daylight,Clear,1,1,['Driver'],['None_Used'],0,0,Valid,2.0,1.0,50.0,45.0,"['Female', 'Male']",0,0,4,4,5,Dry,Straight,Grade/Hillcrest,Lowest,No
695,1,Alabama,10704,0,2,2,0,2,NOT APPLICABLE,October,28,Saturday,15,51,Rural,High Speed (Arterial),Yes,32.83380556,-87.25488056,Non-Intersection,Daylight,Clear,3:00pm-3:59pm,55,4:00pm-4:59pm,10,5:00pm-5:59pm,17,1,Daylight,Clear,1,1,['Driver'],['Shoulder_Lapbelt'],1,1,Valid,0.0,2.0,59.0,38.0,"['Male', 'Male']",1,0,2,4,5,Dry,Straight,Level,Lowest,No
696,1,Alabama,10705,0,2,2,0,2,BIRMINGHAM,October,28,Saturday,22,1,Urban,High Speed (Arterial),Yes,33.50388333,-86.86764444,Simple Junction,Dark - Lighted,Clear,10:00pm-10:59pm,1,10:00pm-10:59pm,6,Unknown,Unknown EMS Hospital Arrival Time,1,Dark - Lighted,Clear,1,1,['Driver'],['None_Used'],1,2,Valid,0.0,2.0,55.0,36.0,"['Male', 'Female']",0,0,5,4,5,Dry,Curve,Level,Lowest,No
697,1,Alabama,10706,0,1,1,0,2,NOT APPLICABLE,October,29,Sunday,0,11,Rural,Low Speed (Local),No,34.53218889,-86.37239722,Non-Intersection,Dark - Not Lighted,Clear,0:00am-0:59am,12,0:00am-0:59am,41,1:00am-1:59am,24,1,Dark - Unlighted,Clear,1,1,['Driver'],['None_Used'],0,0,Valid,1.0,1.0,68.0,68.0,['Male'],0,0,5,4,1,Dry,Curve,Level,Lowest,No
698,1,Alabama,10708,0,2,2,0,2,OPELIKA,October,30,Monday,10,3,Urban,Medium Speed (Collector),No,32.62665278,-85.37139167,Non-Intersection,Daylight,Clear,10:00am-10:59am,5,10:00am-10:59am,9,Not Applicable (Not Transported),Not Applicable (Not Transported),1,Daylight,Clear,1,1,['Driver'],['Shoulder_Lapbelt'],0,0,Valid,0.0,0.0,44.0,31.0,"['Male', 'Female']",0,0,4,4,5,Dry,Straight,Grade/Hillcrest,Lowest,No
699,1,Alabama,10709,1,1,1,0,2,WINFIELD,October,31,Tuesday,19,15,Rural,Medium Speed (Collector),No,33.94443889,-87.85228611,Non-Intersection,Dark - Not Lighted,Clear,7:00pm-7:59pm,15,7:00pm-7:59pm,18,Not Applicable (Not Transported),Not Applicable (Not Transported),1,Dark - Unlighted,Clear,0,2,[],[],0,0,Valid,0.0,0.0,28.0,28.0,['Female'],0,0,3,4,4,Dry,Straight,Level,Lowest,No
700,1,Alabama,10710,0,2,2,0,4,HOOVER,October,31,Tuesday,6,18,Urban,High Speed (Arterial),Yes,33.35420833,-86.84298889,Non-Intersection,Dark - Not Lighted,Cloudy,6:00am-6:59am,18,6:00am-6:59am,26,Unknown,Unknown EMS Hospital Arrival Time,2,Dark - Unlighted,Reduced Visibility,2,2,"['Driver', 'Front_Passenger']","['Lapbelt_Only', 'None_Used']",0,0,Valid,1.0,2.0,64.0,34.0,"['Female', 'Female']",0,0,3,4,5,Dry,Curve,Grade/Hillcrest,Lowest,No
701,1,Alabama,10711,0,4,4,0,6,BIRMINGHAM,October,31,Tuesday,12,32,Urban,Medium Speed (Collector),No,33.51182222,-86.84918056,Complex/Circle,Daylight,Clear,12:00pm-12:59pm,32,12:00pm-12:59pm,41,1:00pm-1:59pm,8,1,Daylight,Clear,1,5,['Driver'],['Shoulder_Lapbelt'],0,0,Invalid,0.0,0.0,70.0,35.0,"['Male', 'Male', 'Female', 'Female']",0,0,3,4,5,Dry,Straight,Grade/Hillcrest,Lowest,No
702,1,Alabama,10712,1,3,3,0,2,HUNTSVILLE,October,31,Tuesday,9,58,Urban,High Speed (Arterial),Yes,34.70351667,-86.68256944,Non-Intersection,Daylight,Clear,9:00am-9:59am,58,10:00am-10:59am,10,Not Applicable (Not Transported),Not Applicable (Not Transported),1,Daylight,Clear,0,2,[],[],0,0,Valid,1.0,0.0,58.0,35.0,"['Male', 'Male']",0,0,4,4,5,Dry,Straight,Level,Lowest,No
703,1,Alabama,10713,0,1,1,0,1,SECTION,October,31,Tuesday,16,10,Rural,Medium Speed (Collector),No,34.58294722,-85.96769167,Non-Intersection,Daylight,Clear,Unknown,Unknown,Unknown EMS Scene Arrival Hour,Unknown EMS Scene Arrival Minutes,Not Applicable (Not Transported),Not Applicable (Not Transported),1,Daylight,Clear,1,0,['Driver'],['None_Used'],1,1,Valid,0.0,0.0,56.0,56.0,['Male'],0,0,3,4,3,Dry,Straight,Level,Lowest,No
704,1,Alabama,10714,0,5,5,0,6,NOT APPLICABLE,October,31,Tuesday,15,30,Rural,High Speed (Arterial),Yes,31.76008889,-85.89196111,Non-Intersection,Daylight,Clear,3:00pm-3:59pm,30,3:00pm-3:59pm,47,4:00pm-4:59pm,13,2,Daylight,Clear,2,4,"['Driver', 'Front_Passenger']","['Shoulder_Lapbelt', 'None_Used']",0,0,Valid,2.0,1.0,58.0,19.0,"['Male', 'Female', 'Male', 'Male', 'Female']",0,0,3,4,5,Dry,Straight,Level,Medium,No
705,1,Alabama,10715,0,1,1,0,4,NOT APPLICABLE,November,1,Wednesday,16,42,Rural,High Speed (Arterial),Yes,32.71624722,-85.30409167,Non-Intersection,Daylight,Clear,4:00pm-4:59pm,42,4:00pm-4:59pm,53,Not Applicable (Not Transported),Not Applicable (Not Transported),1,Daylight,Clear,1,3,['Rear_Seat'],['None_Used'],0,0,Valid,0.0,0.0,37.0,37.0,['Male'],0,0,3,4,3,Dry,Straight,Level,Lowest,No
706,1,Alabama,10716,0,2,2,0,2,SARALAND,November,1,Wednesday,17,2,Urban,Medium Speed (Collector),No,30.89019722,-88.12428333,Non-Intersection,Daylight,Clear,5:00pm-5:59pm,3,5:00pm-5:59pm,40,6:00pm-6:59pm,4,1,Daylight,Clear,1,1,['Driver'],['Shoulder_Lapbelt'],1,1,Valid,1.0,0.0,50.0,43.0,"['Male', 'Female']",0,0,3,4,5,Dry,Straight,Level,Lowest,No
707,1,Alabama,10717,0,1,1,0,1,NOT APPLICABLE,November,2,Thursday,14,27,Rural,Low Speed (Local),No,33.61896389,-86.27065278,Non-Intersection,Daylight,Clear,2:00pm-2:59pm,27,2:00pm-2:59pm,45,Not Applicable (Not Transported),Not Applicable (Not Transported),1,Daylight,Clear,1,0,['Driver'],['None_Used'],1,1,Valid,0.0,1.0,27.0,27.0,['Male'],1,0,2,4,3,Dry,Curve,Grade/Hillcrest,Lowest,No
708,1,Alabama,10718,0,1,1,0,2,BIRMINGHAM,November,2,Thursday,2,51,Urban,High Speed (Arterial),Yes,33.6553,-86.71224722,Non-Intersection,Dark - Unknown Lighting,Clear,2:00am-2:59am,52,3:00am-3:59am,5,3:00am-3:59am,42,1,Dark - Unlighted,Clear,1,1,['Driver'],['Shoulder_Lapbelt'],0,0,Valid,0.0,0.0,44.0,44.0,['Male'],0,0,3,4,2,Dry,Straight,Level,Lowest,No
709,1,Alabama,10719,0,1,1,0,3,SYLACAUGA,November,3,Friday,5,31,Urban,High Speed (Arterial),Yes,33.14895556,-86.25426667,Non-Intersection,Dark - Lighted,Clear,5:00am-5:59am,30,5:00am-5:59am,36,6:00am-6:59am,58,2,Dark - Lighted,Clear,2,1,"['Driver', 'Front_Passenger']","['None_Used', 'None_Used']",1,1,Valid,0.0,0.0,26.0,26.0,['Female'],3,0,3,4,3,Dry,Straight,Level,Lowest,No
710,1,Alabama,10720,0,1,1,0,1,HUNTSVILLE,November,3,Friday,4,33,Urban,Medium Speed (Collector),Yes,34.82210278,-86.63303611,Non-Intersection,Dark - Lighted,Clear,4:00am-4:59am,33,4:00am-4:59am,49,Not Applicable (Not Transported),Not Applicable (Not Transported),1,Dark - Lighted,Clear,1,0,['Driver'],['None_Used'],0,0,Invalid,0.0,0.0,36.0,36.0,['Female'],0,0,2,4,3,Dry,Straight,Grade/Hillcrest,Lowest,No
711,1,Alabama,10721,0,1,1,0,1,NOT APPLICABLE,November,3,Friday,23,0,Rural,High Speed (Arterial),Yes,34.188075,-87.22025833,Non-Intersection,Dark - Not Lighted,Clear,11:00pm-11:59pm,0,11:00pm-11:59pm,28,0:00am-0:59am,23,1,Dark - Unlighted,Clear,1,0,['Driver'],['None_Used'],1,1,Valid,0.0,0.0,34.0,34.0,['Male'],0,0,3,4,3,Dry,Curve,Grade/Hillcrest,Lowest,No
712,1,Alabama,10722,1,1,1,0,1,NOT APPLICABLE,November,3,Friday,23,23,Urban,Medium Speed (Collector),No,33.47560278,-86.92440278,Non-Intersection,Dark - Not Lighted,Clear,11:00pm-11:59pm,23,11:00pm-11:59pm,35,Unknown,Unknown EMS Hospital Arrival Time,1,Dark - Unlighted,Clear,0,1,[],[],0,0,Valid,0.0,0.0,33.0,33.0,['Male'],0,0,5,2,4,Dry,Straight,Grade/Hillcrest,Lowest,No
713,1,Alabama,10723,0,1,1,0,1,NOT APPLICABLE,November,4,Saturday,6,0,Rural,Medium Speed (Collector),No,32.03602778,-85.40303056,Non-Intersection,Dark - Not Lighted,Clear,6:00am-6:59am,0,6:00am-6:59am,36,Not Applicable (Not Transported),Not Applicable (Not Transported),1,Dark - Unlighted,Clear,1,0,['Driver'],['Shoulder_Lapbelt'],0,0,Invalid,0.0,0.0,70.0,70.0,['Female'],0,0,3,4,3,Dry,Straight,Level,Lowest,No
714,1,Alabama,10724,0,1,1,0,1,NOT APPLICABLE,November,4,Saturday,18,30,Rural,Medium Speed (Collector),No,31.54403333,-87.16538889,Simple Junction,Dark - Not Lighted,Clear,Unknown,Unknown,7:00pm-7:59pm,35,Not Applicable (Not Transported),Not Applicable (Not Transported),1,Dark - Unlighted,Clear,1,0,['Driver'],['None_Used'],1,1,Valid,0.0,0.0,34.0,34.0,['Male'],0,0,3,4,3,Dry,Curve,Grade/Hillcrest,Lowest,No
715,1,Alabama,10725,1,1,1,0,1,MOBILE,November,4,Saturday,20,50,Urban,High Speed (Arterial),Yes,30.68023889,-88.12717778,Non-Intersection,Dark - Lighted,Clear,9:00pm-9:59pm,2,9:00pm-9:59pm,7,9:00pm-9:59pm,17,1,Dark - Lighted,Clear,0,1,[],[],0,0,Valid,1.0,0.0,45.0,45.0,['Male'],0,0,3,2,4,Dry,Straight,Level,Lowest,No
716,1,Alabama,10726,0,2,2,0,2,NOT APPLICABLE,November,4,Saturday,11,12,Rural,High Speed (Arterial),Yes,31.72639444,-87.90748056,Non-Intersection,Daylight,Clear,11:00am-11:59am,17,11:00am-11:59am,30,11:00am-11:59am,52,1,Daylight,Clear,1,1,['Driver'],['Shoulder_Lapbelt'],0,0,Invalid,0.0,0.0,65.0,29.0,"['Female', 'Male']",0,0,3,4,5,Dry,Curve,Grade/Hillcrest,Lowest,No
717,1,Alabama,10727,0,2,2,0,2,NOT APPLICABLE,November,5,Sunday,2,7,Rural,High Speed (Arterial),Yes,33.59028333,-86.428,Non-Intersection,Dark - Not Lighted,Cloudy,2:00am-2:59am,9,2:00am-2:59am,28,3:00am-3:59am,8,1,Dark - Unlighted,Reduced Visibility,1,1,['Driver'],['None_Used'],1,1,Valid,0.0,1.0,29.0,28.0,"['Male', 'Female']",0,0,2,4,5,Dry,Straight,Level,Lowest,No
718,1,Alabama,10728,0,2,2,0,2,NOT APPLICABLE,November,5,Sunday,11,45,Rural,Medium Speed (Collector),No,33.66827222,-86.24942222,Non-Intersection,Daylight,Clear,11:00am-11:59am,39,12:00pm-12:59pm,11,12:00pm-12:59pm,57,1,Daylight,Clear,1,1,['Driver'],['None_Used'],0,0,Valid,1.0,0.0,52.0,16.0,"['Female', 'Male']",0,0,5,4,5,Dry,Straight,Grade/Hillcrest,Lowest,No
719,1,Alabama,10729,1,1,1,0,1,NOT APPLICABLE,November,6,Monday,4,45,Rural,Medium Speed (Collector),No,33.64721667,-85.87366389,Non-Intersection,Dark - Not Lighted,Clear,4:00am-4:59am,51,5:00am-5:59am,0,Not Applicable (Not Transported),Not Applicable (Not Transported),1,Dark - Unlighted,Clear,0,1,[],[],0,0,Valid,0.0,0.0,53.0,53.0,['Male'],0,0,3,3,4,Dry,Curve,Grade/Hillcrest,Lowest,No
720,1,Alabama,10730,0,3,3,0,3,CULLMAN,November,7,Tuesday,17,6,Urban,Medium Speed (Collector),No,34.21015556,-86.85917778,Complex/Circle,Dark - Lighted,Clear,5:00pm-5:59pm,7,5:00pm-5:59pm,12,5:00pm-5:59pm,48,1,Dark - Lighted,Clear,1,2,['Driver'],['None_Used'],0,0,Valid,1.0,0.0,72.0,20.0,"['Male', 'Female', 'Male']",0,0,5,4,5,Dry,Straight,Level,Lowest,No
721,1,Alabama,10731,0,1,1,0,2,NOT APPLICABLE,November,7,Tuesday,16,40,Rural,Medium Speed (Collector),No,33.00783056,-86.75892778,Non-Intersection,Daylight,Clear,4:00pm-4:59pm,40,4:00pm-4:59pm,50,Unknown,Unknown EMS Hospital Arrival Time,1,Daylight,Clear,1,1,['Driver'],['None_Used'],1,1,Invalid,0.0,0.0,57.0,57.0,['Male'],2,0,2,4,3,Dry,Straight,Level,Lowest,No
722,1,Alabama,10732,0,2,2,0,2,NOT APPLICABLE,November,7,Tuesday,17,20,Rural,Medium Speed (Collector),No,33.94914444,-87.32798889,Non-Intersection,Dark - Not Lighted,Clear,5:00pm-5:59pm,31,5:00pm-5:59pm,48,6:00pm-6:59pm,1,1,Dark - Unlighted,Clear,1,1,['Driver'],['None_Used'],0,0,Valid,0.0,1.0,56.0,26.0,"['Male', 'Male']",0,0,3,4,5,Dry,Straight,Grade/Hillcrest,Lowest,No
723,1,Alabama,10733,0,1,1,0,1,GILBERTOWN,November,8,Wednesday,21,50,Rural,Medium Speed (Collector),No,31.86681389,-88.32176667,Non-Intersection,Dark - Not Lighted,Clear,10:00pm-10:59pm,2,10:00pm-10:59pm,4,10:00pm-10:59pm,54,1,Dark - Unlighted,Clear,1,0,['Driver'],['None_Used'],1,1,Valid,0.0,0.0,62.0,62.0,['Female'],0,0,2,4,3,Dry,Curve,Grade/Hillcrest,Lowest,No
724,1,Alabama,10734,0,1,1,0,2,NOT APPLICABLE,November,9,Thursday,13,30,Rural,Low Speed (Local),No,32.41535556,-85.24035833,Non-Intersection,Daylight,Clear,1:00pm-1:59pm,30,1:00pm-1:59pm,50,Not Applicable (Not Transported),Not Applicable (Not Transported),1,Daylight,Clear,1,1,['Driver'],['None_Used'],0,0,Valid,0.0,1.0,19.0,19.0,['Male'],0,0,5,2,3,Dry,Curve,Level,Lowest,No
725,1,Alabama,10735,1,1,1,0,1,NOT APPLICABLE,November,9,Thursday,18,46,Rural,Medium Speed (Collector),No,33.94819444,-86.85355833,Non-Intersection,Dark - Not Lighted,Clear,6:00pm-6:59pm,47,9:00pm-9:59pm,28,Not Applicable (Not Transported),Not Applicable (Not Transported),1,Dark - Unlighted,Clear,0,1,[],[],0,0,Valid,0.0,0.0,36.0,36.0,['Male'],0,0,3,0,4,Dry,Curve,Grade/Hillcrest,Lowest,No
726,1,Alabama,10736,0,2,2,0,3,MONTGOMERY,November,9,Thursday,21,46,Urban,Medium Speed (Collector),No,32.38956667,-86.21610278,Non-Intersection,Dark - Lighted,Clear,9:00pm-9:59pm,46,9:00pm-9:59pm,51,Not Applicable (Not Transported),Not Applicable (Not Transported),1,Dark - Lighted,Clear,1,2,['Driver'],['None_Used'],1,1,Valid,1.0,0.0,74.0,40.0,"['Male', 'Female']",0,0,5,4,5,Dry,Straight,Level,Lowest,No
727,1,Alabama,10738,0,2,2,0,3,NOT APPLICABLE,November,10,Friday,4,14,Rural,High Speed (Arterial),Yes,31.478275,-86.94781667,Non-Intersection,Dark - Not Lighted,Rain,4:00am-4:59am,14,4:00am-4:59am,55,Unknown,Unknown EMS Hospital Arrival Time,1,Dark - Unlighted,Rain/Wind/Minor,1,2,['Driver'],['Shoulder_Lapbelt'],0,0,Valid,0.0,0.0,42.0,41.0,"['Male', 'Male']",0,0,4,4,5,Wet/Standing Water,Straight,Grade/Hillcrest,Medium,No
728,1,Alabama,10739,0,2,2,0,4,ASHVILLE,November,10,Friday,17,47,Urban,Medium Speed (Collector),No,33.79803056,-86.24221389,Complex/Circle,Daylight,Clear,5:00pm-5:59pm,47,5:00pm-5:59pm,53,Unknown,Unknown EMS Hospital Arrival Time,1,Daylight,Clear,1,3,['Front_Passenger'],['Shoulder_Lapbelt'],0,0,Valid,1.0,0.0,69.0,23.0,"['Female', 'Male']",0,0,3,4,5,Dry,Straight,Level,Lowest,No
729,1,Alabama,10740,0,2,2,0,3,MOBILE,November,11,Saturday,4,0,Urban,High Speed (Arterial),Yes,30.67360833,-88.12738333,Non-Intersection,Dark - Lighted,Rain,4:00am-4:59am,7,4:00am-4:59am,13,Unknown,Unknown EMS Hospital Arrival Time,2,Dark - Lighted,Rain/Wind/Minor,2,1,"['Driver', 'Front_Passenger']","['Shoulder_Lapbelt', 'Shoulder_Lapbelt']",1,1,Valid,0.0,0.0,38.0,28.0,"['Male', 'Male']",2,0,3,4,5,Wet/Standing Water,Straight,Level,Lowest,No
730,1,Alabama,10741,0,2,2,0,2,NOT APPLICABLE,November,11,Saturday,9,10,Rural,Medium Speed (Collector),No,31.44743056,-85.18425,Non-Intersection,Daylight,Clear,9:00am-9:59am,10,9:00am-9:59am,30,10:00am-10:59am,13,1,Daylight,Clear,1,1,['Driver'],['Shoulder_Lapbelt'],0,0,Valid,1.0,3.0,58.0,26.0,"['Female', 'Male']",0,0,3,4,5,Dry,Straight,Grade/Hillcrest,Lowest,No
731,1,Alabama,10742,0,1,1,0,1,MOBILE,November,11,Saturday,20,29,Urban,Medium Speed (Collector),No,30.66676667,-88.12754722,Non-Intersection,Dark - Lighted,Clear,9:00pm-9:59pm,30,9:00pm-9:59pm,39,10:00pm-10:59pm,5,1,Dark - Lighted,Clear,1,0,['Driver'],['None_Used'],1,1,Valid,1.0,1.0,27.0,27.0,['Male'],0,0,3,4,3,Dry,Straight,Level,Lowest,No
732,1,Alabama,10743,0,2,2,0,2,OWENS CROSS ROADS,November,12,Sunday,16,20,Urban,High Speed (Arterial),Yes,34.59825278,-86.45301111,Complex/Circle,Daylight,Clear,4:00pm-4:59pm,21,4:00pm-4:59pm,38,5:00pm-5:59pm,2,1,Daylight,Clear,1,1,['Driver'],['Shoulder_Lapbelt'],0,0,Valid,0.0,1.0,79.0,35.0,"['Female', 'Male']",0,0,3,4,5,Dry,Straight,Level,Lowest,No
733,1,Alabama,10744,0,1,1,0,2,NOT APPLICABLE,November,12,Sunday,2,22,Rural,Medium Speed (Collector),No,31.74076944,-85.957525,Non-Intersection,Dark - Not Lighted,"Fog, Smog, Smoke",2:00am-2:59am,30,2:00am-2:59am,41,Unknown,Unknown EMS Hospital Arrival Time,1,Dark - Unlighted,Reduced Visibility,1,1,['Driver'],['None_Used'],1,1,Valid,0.0,4.0,41.0,41.0,['Female'],0,0,2,4,2,Dry,Curve,Grade/Hillcrest,Lowest,No
734,1,Alabama,10745,0,2,2,0,3,NOT APPLICABLE,November,13,Monday,14,20,Rural,Medium Speed (Collector),No,34.00539167,-86.44565278,Non-Intersection,Daylight,Cloudy,2:00pm-2:59pm,21,2:00pm-2:59pm,38,2:00pm-2:59pm,55,1,Daylight,Reduced Visibility,1,2,['Driver'],['Shoulder_Lapbelt'],0,0,Valid,0.0,0.0,72.0,45.0,"['Female', 'Female']",0,0,3,4,5,Dry,Curve,Grade/Hillcrest,Lowest,No
735,1,Alabama,10746,0,1,1,0,1,NOT APPLICABLE,November,13,Monday,13,15,Rural,High Speed (Arterial),Yes,33.49079722,-86.91773333,Non-Intersection,Daylight,Clear,1:00pm-1:59pm,15,1:00pm-1:59pm,28,Not Applicable (Not Transported),Not Applicable (Not Transported),1,Daylight,Clear,1,0,['Driver'],['Shoulder_Lapbelt'],0,0,Valid,0.0,0.0,56.0,56.0,['Male'],0,0,2,4,3,Dry,Curve,Level,Lowest,No
736,1,Alabama,10747,0,1,1,0,2,TRUSSVILLE,November,13,Monday,10,0,Urban,High Speed (Arterial),Yes,33.65525,-86.59831111,Non-Intersection,Daylight,Clear,10:00am-10:59am,0,10:00am-10:59am,3,Not Applicable (Not Transported),Not Applicable (Not Transported),2,Daylight,Clear,2,0,"['Driver', 'Front_Passenger']","['Shoulder_Lapbelt', 'None_Used']",0,0,Invalid,1.0,0.0,46.0,46.0,['Male'],0,0,3,4,3,Dry,Straight,Level,Lowest,No
737,1,Alabama,10748,0,2,2,0,5,NOT APPLICABLE,November,15,Wednesday,10,25,Rural,Low Speed (Local),No,33.20470833,-87.62948889,Simple Junction,Daylight,Clear,10:00am-10:59am,25,10:00am-10:59am,49,Not Applicable (Not Transported),Not Applicable (Not Transported),1,Daylight,Clear,1,4,['Driver'],['Shoulder_Lapbelt'],0,0,Valid,0.0,3.0,83.0,30.0,"['Female', 'Male']",0,0,3,4,5,Wet/Standing Water,Straight,Level,Lowest,No
738,1,Alabama,10749,0,1,1,0,1,NOT APPLICABLE,November,16,Thursday,10,55,Rural,Medium Speed (Collector),No,32.86014167,-87.72558611,Non-Intersection,Daylight,Clear,10:00am-10:59am,55,11:00am-11:59am,11,Not Applicable (Not Transported),Not Applicable (Not Transported),1,Daylight,Clear,1,0,['Driver'],['Shoulder_Lapbelt'],0,0,Valid,0.0,0.0,74.0,74.0,['Female'],0,0,3,4,3,Dry,Straight,Level,Lowest,No
739,1,Alabama,10750,0,1,1,0,1,NOT APPLICABLE,November,16,Thursday,16,5,Rural,Medium Speed (Collector),No,32.39693889,-87.60624167,Non-Intersection,Daylight,Clear,4:00pm-4:59pm,42,5:00pm-5:59pm,23,5:00pm-5:59pm,56,1,Daylight,Clear,1,0,['Driver'],['Shoulder_Lapbelt'],0,0,Valid,0.0,1.0,43.0,43.0,['Male'],0,0,3,4,3,Dry,Straight,Level,Medium,No
740,1,Alabama,10751,0,1,1,0,1,NOT APPLICABLE,November,23,Thursday,2,9,Rural,Medium Speed (Collector),No,34.60523056,-87.13941389,Non-Intersection,Dark - Not Lighted,Clear,2:00am-2:59am,9,2:00am-2:59am,33,Not Applicable (Not Transported),Not Applicable (Not Transported),1,Dark - Unlighted,Clear,1,0,['Driver'],['None_Used'],1,1,Valid,0.0,2.0,19.0,19.0,['Male'],1,0,2,4,3,Dry,Curve,Level,Lowest,No