,State_Code,State_Name,Crash_ID,Count_Non_Motorists,Count_Vehicles_Total,Count_Vehicle_Forms,Count_PVH_Involved,Count_Occupants_MV,City_Name,Month_Name,Day_of_Month,Day_of_Week,Crash_Hour,Crash_Minute,Area_Rural_Urban,Road_Functional_Class,On_NHS_Road,Latitude,Longitude,Intersection_Type,Light_Condition,Weather_Condition,Notif_Hour,Notif_Minute,Arrival_Hour,Arrival_Minute,Hospital_Hour,Hospital_Minute,Fatalities_Count,Clean_Light_Condition,Clean_Weather_Condition,Total_Killed,Total_Alive,Fatal_Seats_List,Killed_Restraint_List,Any_Driver_Drinking,Total_Drinking_Drivers,Driver_License_Category,Driver_Max_Prev_Accident_Count,Driver_Max_Prev_Speeding_Count,Max_Driver_Age,Min_Driver_Age,Driver_Sex_List,Total_Exceeding_Limit_Vehicles,Total_Too_Fast_Vehicles,Max_Vehicle_Type_Severity_5,Max_Vehicle_Damage_Rank,Max_Harmful_Event_Severity,Crash_Road_Surface_Condition,Crash_Horizontal_Alignment,Crash_Vertical_Profile,Crash_Impairment_Category,Crash_Vehicle_Defect
741,1,Alabama,10752,0,1,1,0,1,NOT APPLICABLE,November,23,Thursday,2,30,Urban,High Speed (Arterial),Yes,32.43294167,-87.86509167,Non-Intersection,Dark - Not Lighted,Clear,9:00am-9:59am,30,9:00am-9:59am,44,Not Applicable (Not Transported),Not Applicable (Not Transported),1,Dark - Unlighted,Clear,1,0,['Driver'],['None_Used'],0,0,Valid,0.0,2.0,19.0,19.0,['Male'],1,0,3,4,2,Dry,Curve,Level,Lowest,No
742,1,Alabama,10753,0,1,1,0,1,NOT APPLICABLE,November,22,Wednesday,19,5,Rural,Medium Speed (Collector),No,31.15153333,-85.24555,Non-Intersection,Dark - Not Lighted,Clear,7:00am-7:59am,9,7:00am-7:59am,24,Not Applicable (Not Transported),Not Applicable (Not Transported),1,Dark - Unlighted,Clear,1,0,['Driver'],['None_Used'],0,0,Valid,1.0,0.0,80.0,80.0,['Male'],0,0,2,4,3,Dry,Straight,Level,Lowest,No
743,1,Alabama,10754,0,1,1,0,1,NOT APPLICABLE,November,22,Wednesday,18,30,Rural,Low Speed (Local),No,33.60859167,-86.43429167,Non-Intersection,Dark - Not Lighted,Cloudy,6:00pm-6:59pm,18,6:00pm-6:59pm,30,Not Applicable (Not Transported),Not Applicable (Not Transported),1,Dark - Unlighted,Reduced Visibility,1,0,['Driver'],['None_Used'],0,0,Valid,0.0,2.0,25.0,25.0,['Female'],1,0,2,4,3,Dry,Straight,Grade/Hillcrest,Lowest,No
744,1,Alabama,10755,0,1,1,0,1,NOT APPLICABLE,November,20,Monday,22,0,Rural,Medium Speed (Collector),No,34.95316389,-85.63206667,Non-Intersection,Dark - Not Lighted,Cloudy,10:00pm-10:59pm,7,10:00pm-10:59pm,24,Not Applicable (Not Transported),Not Applicable (Not Transported),1,Dark - Unlighted,Reduced Visibility,1,0,['Driver'],['None_Used'],0,0,Valid,0.0,0.0,21.0,21.0,['Female'],1,0,2,4,3,Dry,Straight,Grade/Hillcrest,Lowest,No
745,1,Alabama,10756,0,1,1,0,1,NOT APPLICABLE,November,19,Sunday,5,40,Rural,Medium Speed (Collector),No,31.43316389,-86.46787778,Non-Intersection,Dark - Not Lighted,Clear,Unknown,Unknown,6:00am-6:59am,10,Not Applicable (Not Transported),Not Applicable (Not Transported),1,Dark - Unlighted,Clear,1,0,['Driver'],['None_Used'],0,0,Valid,1.0,3.0,26.0,26.0,['Male'],0,0,3,4,3,Dry,Straight,Level,Lowest,No
746,1,Alabama,10757,0,1,1,0,1,NOT APPLICABLE,November,19,Sunday,4,4,Rural,Medium Speed (Collector),No,30.86886111,-88.27365278,Non-Intersection,Dark - Not Lighted,Clear,4:00am-4:59am,4,4:00am-4:59am,40,4:00am-4:59am,54,1,Dark - Unlighted,Clear,1,0,['Driver'],['None_Used'],1,1,Valid,1.0,0.0,19.0,19.0,['Male'],0,0,2,4,3,Dry,Curve,Level,Lowest,No
747,1,Alabama,10758,0,1,1,0,1,MARION,November,17,Friday,9,55,Urban,Low Speed (Local),No,32.63823889,-87.32434167,Non-Intersection,Daylight,Rain,Unknown,Unknown,10:00am-10:59am,3,Unknown,Unknown EMS Hospital Arrival Time,1,Daylight,Rain/Wind/Minor,1,0,['Driver'],['None_Used'],0,0,Invalid,0.0,0.0,29.0,29.0,['Male'],0,0,2,2,3,Wet/Standing Water,Straight,Level,Lowest,No
748,1,Alabama,10759,0,2,2,0,3,NOT APPLICABLE,November,16,Thursday,17,40,Rural,Medium Speed (Collector),No,32.195375,-86.41804722,Non-Intersection,Dark - Lighted,Cloudy,6:00pm-6:59pm,5,6:00pm-6:59pm,20,6:00pm-6:59pm,58,1,Dark - Lighted,Reduced Visibility,1,2,['Driver'],['Shoulder_Lapbelt'],1,1,Valid,1.0,3.0,73.0,27.0,"['Male', 'Male']",0,0,4,4,5,Dry,Straight,Level,Lowest,No
749,1,Alabama,10761,0,3,3,0,5,NOT APPLICABLE,November,17,Friday,14,29,Rural,Medium Speed (Collector),No,32.84769167,-85.24704444,Simple Junction,Daylight,Clear,2:00pm-2:59pm,30,2:00pm-2:59pm,39,2:00pm-2:59pm,58,1,Daylight,Clear,1,4,['Rear_Seat'],['Child_Safety'],0,0,Valid,2.0,0.0,79.0,51.0,"['Male', 'Female', 'Female']",0,0,4,4,5,Dry,Straight,Grade/Hillcrest,Lowest,No
750,1,Alabama,10762,0,2,2,0,3,NOT APPLICABLE,November,18,Saturday,18,45,Rural,High Speed (Arterial),Yes,32.31598056,-86.883275,Complex/Circle,Dark - Not Lighted,Clear,Unknown,Unknown,7:00pm-7:59pm,19,Unknown,Unknown EMS Hospital Arrival Time,1,Dark - Unlighted,Clear,1,2,['Driver'],['None_Used'],1,1,Valid,0.0,3.0,69.0,37.0,"['Male', 'Male']",0,0,3,4,5,Dry,Straight,Level,Lowest,No
751,1,Alabama,10763,1,1,1,0,1,NOT APPLICABLE,November,20,Monday,17,12,Rural,Medium Speed (Collector),No,34.15333333,-86.36783333,Simple Junction,Dark - Not Lighted,Cloudy,5:00pm-5:59pm,12,5:00pm-5:59pm,17,Not Applicable (Not Transported),Not Applicable (Not Transported),1,Dark - Unlighted,Reduced Visibility,0,1,[],[],0,0,Valid,1.0,0.0,24.0,24.0,['Male'],0,0,2,4,4,Dry,Straight,Level,Lowest,No
752,1,Alabama,10764,0,2,2,0,3,PHENIX CITY,November,20,Monday,17,37,Urban,Medium Speed (Collector),No,32.42293889,-85.04009167,Simple Junction,Dusk,Clear,Unknown,Unknown,6:00pm-6:59pm,5,Unknown,Unknown EMS Hospital Arrival Time,1,Twilight,Clear,1,2,['Driver'],['None_Used'],0,0,Valid,2.0,1.0,36.0,19.0,"['Female', 'Male']",0,0,5,4,5,Dry,Curve,Grade/Hillcrest,Lowest,No
753,1,Alabama,10765,0,2,2,0,3,NOT APPLICABLE,November,21,Tuesday,0,45,Rural,High Speed (Arterial),Yes,34.648975,-87.21268056,Non-Intersection,Dark - Not Lighted,Rain,0:00am-0:59am,41,0:00am-0:59am,53,1:00am-1:59am,48,1,Dark - Unlighted,Rain/Wind/Minor,1,2,['Rear_Seat'],['None_Used'],0,0,Valid,1.0,0.0,53.0,28.0,"['Male', 'Male']",0,0,4,4,5,Wet/Standing Water,Straight,Level,Medium,No
754,1,Alabama,10766,0,6,6,0,11,HUNTSVILLE,November,21,Tuesday,8,10,Urban,High Speed (Arterial),Yes,34.71160556,-86.53840278,Non-Intersection,Daylight,Rain,8:00am-8:59am,11,8:00am-8:59am,20,8:00am-8:59am,52,2,Daylight,Rain/Wind/Minor,2,9,"['Driver', 'Driver']","['Shoulder_Lapbelt', 'Shoulder_Lapbelt']",0,0,Valid,2.0,3.0,67.0,33.0,"['Male', 'Male', 'Male', 'Male', 'Female', 'Male']",0,0,3,4,5,Wet/Standing Water,Straight,Grade/Hillcrest,Lowest,No
755,1,Alabama,10767,0,2,2,0,2,NOT APPLICABLE,November,21,Tuesday,17,41,Rural,Medium Speed (Collector),No,31.61818611,-85.87895278,Non-Intersection,Dark - Not Lighted,Rain,5:00pm-5:59pm,48,5:00pm-5:59pm,59,6:00pm-6:59pm,34,1,Dark - Unlighted,Rain/Wind/Minor,1,1,['Driver'],['None_Used'],0,0,Valid,0.0,2.0,42.0,21.0,"['Female', 'Female']",0,0,3,4,5,Wet/Standing Water,Straight,Level,Lowest,No
756,1,Alabama,10768,0,3,3,0,4,RAINBOW CITY,November,22,Wednesday,17,13,Urban,Medium Speed (Collector),No,33.93001944,-86.11376944,Non-Intersection,Dark - Lighted,Clear,5:00pm-5:59pm,20,5:00pm-5:59pm,30,5:00pm-5:59pm,58,1,Dark - Lighted,Clear,1,3,['Driver'],['None_Used'],0,0,Valid,1.0,1.0,83.0,37.0,"['Male', 'Male', 'Male']",0,0,4,4,5,Dry,Straight,Level,Lowest,No
757,1,Alabama,10769,0,2,2,0,2,NOT APPLICABLE,November,22,Wednesday,22,45,Rural,High Speed (Arterial),Yes,34.70353889,-87.649625,Non-Intersection,Dark - Lighted,Clear,10:00pm-10:59pm,41,10:00pm-10:59pm,44,11:00pm-11:59pm,16,1,Dark - Lighted,Clear,1,1,['Driver'],['Shoulder_Lapbelt'],1,2,Valid,2.0,1.0,76.0,24.0,"['Male', 'Female']",1,0,3,4,5,Dry,Straight,Non-Trafficway,Lowest,No
758,1,Alabama,10770,0,2,2,0,4,HOKES BLUFF,November,23,Thursday,17,24,Urban,Medium Speed (Collector),No,33.98552778,-85.87338333,Complex/Circle,Dark - Lighted,Cloudy,5:00pm-5:59pm,27,5:00pm-5:59pm,43,6:00pm-6:59pm,2,1,Dark - Lighted,Reduced Visibility,1,3,['Driver'],['None_Used'],0,0,Valid,1.0,1.0,78.0,24.0,"['Female', 'Male']",1,0,5,4,5,Dry,Straight,Level,Lowest,No
759,1,Alabama,10771,0,2,2,0,4,NOT APPLICABLE,November,23,Thursday,20,15,Rural,Medium Speed (Collector),No,32.75761111,-88.01830556,Complex/Circle,Dark - Not Lighted,Clear,8:00pm-8:59pm,19,8:00pm-8:59pm,49,9:00pm-9:59pm,36,1,Dark - Unlighted,Clear,1,3,['Driver'],['Shoulder_Lapbelt'],1,1,Valid,0.0,0.0,55.0,26.0,"['Male', 'Female']",0,0,3,4,5,Dry,Straight,Level,Lowest,No
760,1,Alabama,10772,0,1,1,0,1,NOT APPLICABLE,November,24,Friday,1,6,Rural,Low Speed (Local),No,31.13415556,-85.71693611,Non-Intersection,Dark - Not Lighted,Clear,1:00am-1:59am,6,1:00am-1:59am,15,Not Applicable (Not Transported),Not Applicable (Not Transported),1,Dark - Unlighted,Clear,1,0,['Driver'],['Shoulder_Lapbelt'],0,0,Valid,2.0,0.0,28.0,28.0,['Female'],0,0,2,4,3,Dry,Straight,Level,Lowest,No
761,1,Alabama,10773,0,2,2,0,3,NOT APPLICABLE,November,24,Friday,16,50,Rural,Medium Speed (Collector),No,30.44715,-87.79998333,Non-Intersection,Dusk,Cloudy,4:00pm-4:59pm,59,5:00pm-5:59pm,20,5:00pm-5:59pm,56,1,Twilight,Reduced Visibility,1,2,['Driver'],['Shoulder_Lapbelt'],1,1,Invalid,0.0,0.0,41.0,17.0,"['Male', 'Male']",0,0,2,4,5,Dry,Straight,Level,Lowest,No
762,1,Alabama,10774,0,1,1,0,1,NOT APPLICABLE,November,25,Saturday,1,20,Rural,Medium Speed (Collector),No,33.35195,-86.39132778,Non-Intersection,Dark - Not Lighted,Clear,1:00am-1:59am,20,1:00am-1:59am,57,Not Applicable (Not Transported),Not Applicable (Not Transported),1,Dark - Unlighted,Clear,1,0,['Driver'],['None_Used'],1,1,Valid,0.0,0.0,17.0,17.0,['Male'],0,0,5,4,3,Dry,Straight,Level,Lowest,No
763,1,Alabama,10775,0,2,2,0,2,NOT APPLICABLE,November,25,Saturday,4,16,Rural,High Speed (Arterial),Yes,31.06134722,-87.57190833,Non-Intersection,Dark - Not Lighted,Clear,Unknown,Unknown,Unknown EMS Scene Arrival Hour,Unknown EMS Scene Arrival Minutes,Not Applicable (Not Transported),Not Applicable (Not Transported),2,Dark - Unlighted,Clear,2,0,"['Driver', 'Driver']","['Shoulder_Lapbelt', 'Shoulder_Lapbelt']",1,1,Valid,0.0,0.0,49.0,29.0,"['Male', 'Male']",0,0,3,4,5,Dry,Curve,Level,Lowest,No
764,1,Alabama,10776,0,3,3,0,3,LINCOLN,November,26,Sunday,5,54,Rural,Medium Speed (Collector),No,33.605175,-86.17368333,Non-Intersection,Dawn,"Fog, Smog, Smoke",Unknown,Unknown,6:00am-6:59am,2,Unknown,Unknown EMS Hospital Arrival Time,1,Twilight,Reduced Visibility,1,2,['Driver'],['Shoulder_Lapbelt'],1,1,Valid,4.0,1.0,44.0,29.0,"['Male', 'Male', 'Male']",0,0,3,4,5,Dry,Straight,Level,Lowest,No
765,1,Alabama,10777,0,2,2,0,4,HUNTSVILLE,November,27,Monday,14,41,Urban,High Speed (Arterial),Yes,34.66695278,-86.48763333,Complex/Circle,Daylight,Clear,2:00pm-2:59pm,54,3:00pm-3:59pm,5,Unknown,Unknown EMS Hospital Arrival Time,1,Daylight,Clear,1,3,['Driver'],['Shoulder_Lapbelt'],0,0,Valid,0.0,0.0,91.0,45.0,"['Male', 'Male']",0,0,3,4,5,Dry,Straight,Level,Lowest,No
766,1,Alabama,10778,0,1,1,0,1,NOT APPLICABLE,November,26,Sunday,20,5,Rural,High Speed (Arterial),Yes,32.29871667,-86.44704444,Non-Intersection,Dark - Not Lighted,Clear,8:00pm-8:59pm,11,8:00pm-8:59pm,35,Not Applicable (Not Transported),Not Applicable (Not Transported),1,Dark - Unlighted,Clear,1,0,['Driver'],['None_Used'],0,0,Valid,0.0,0.0,43.0,43.0,['Male'],1,0,5,4,3,Dry,Straight,Level,Lowest,No
767,1,Alabama,10779,0,1,1,0,2,NOT APPLICABLE,November,26,Sunday,17,0,Rural,Medium Speed (Collector),No,31.88668333,-87.58488056,Non-Intersection,Dark - Not Lighted,Cloudy,5:00pm-5:59pm,28,5:00pm-5:59pm,46,6:00pm-6:59pm,2,2,Dark - Unlighted,Reduced Visibility,2,0,"['Driver', 'Rear_Seat']","['None_Used', 'Child_Safety']",0,0,Valid,0.0,0.0,20.0,20.0,['Female'],2,0,2,4,3,Wet/Standing Water,Straight,Level,Lowest,No
768,1,Alabama,10780,0,1,1,0,1,NOT APPLICABLE,July,9,Sunday,16,30,Rural,Medium Speed (Collector),No,31.4364,-85.69025556,Non-Intersection,Daylight,Rain,4:00pm-4:59pm,32,4:00pm-4:59pm,46,Not Applicable (Not Transported),Not Applicable (Not Transported),1,Daylight,Rain/Wind/Minor,1,0,['Driver'],['None_Used'],1,1,Valid,1.0,0.0,65.0,65.0,['Male'],0,0,3,4,3,Wet/Standing Water,Curve,Level,Lowest,No
769,1,Alabama,10781,3,2,1,1,1,NOT APPLICABLE,July,15,Saturday,22,0,Rural,Medium Speed (Collector),No,32.28824444,-87.24348056,Non-Intersection,Dark - Not Lighted,Clear,10:00pm-10:59pm,1,10:00pm-10:59pm,23,11:00pm-11:59pm,33,1,Dark - Unlighted,Clear,0,1,[],[],1,1,Invalid,0.0,0.0,44.0,44.0,['Male'],0,0,3,3,4,Dry,Straight,Level,Lowest,No
770,1,Alabama,10782,0,1,1,0,1,NOT APPLICABLE,July,4,Tuesday,14,48,Rural,Medium Speed (Collector),No,34.94376389,-87.738375,Non-Intersection,Daylight,Clear,2:00pm-2:59pm,51,3:00pm-3:59pm,23,4:00pm-4:59pm,21,1,Daylight,Clear,1,0,['Driver'],['None_Used'],1,1,Invalid,0.0,0.0,51.0,51.0,['Male'],1,0,5,4,3,Dry,Curve,Grade/Hillcrest,Lowest,No
771,1,Alabama,10783,0,1,1,0,1,NOT APPLICABLE,September,11,Monday,19,0,Rural,Medium Speed (Collector),No,30.47259722,-88.30971111,Non-Intersection,Daylight,Clear,7:00pm-7:59pm,2,7:00pm-7:59pm,17,Not Applicable (Not Transported),Not Applicable (Not Transported),1,Daylight,Clear,1,0,['Driver'],['None_Used'],1,1,Valid,0.0,0.0,44.0,44.0,['Male'],0,0,5,4,3,Dry,Curve,Level,Lowest,No
772,1,Alabama,10784,0,1,1,0,1,COURTLAND,September,4,Monday,3,0,Urban,Medium Speed (Collector),No,34.68224167,-87.35307222,Non-Intersection,Dark - Not Lighted,Clear,3:00am-3:59am,0,3:00am-3:59am,11,Not Applicable (Not Transported),Not Applicable (Not Transported),1,Dark - Unlighted,Clear,1,0,['Driver'],['None_Used'],0,0,Valid,0.0,0.0,16.0,16.0,['Male'],1,0,2,4,3,Dry,Straight,Level,Lowest,No
773,1,Alabama,10785,0,3,3,0,3,NOT APPLICABLE,September,7,Thursday,13,30,Rural,Medium Speed (Collector),No,32.89190833,-87.95095556,Non-Intersection,Daylight,Clear,1:00pm-1:59pm,45,2:00pm-2:59pm,32,3:00pm-3:59pm,23,1,Daylight,Clear,1,2,['Driver'],['Shoulder_Lapbelt'],0,0,Valid,1.0,0.0,69.0,22.0,"['Female', 'Male', 'Male']",0,0,4,4,5,Dry,Curve,Grade/Hillcrest,Lowest,No
774,1,Alabama,10786,0,1,1,0,3,NOT APPLICABLE,September,2,Saturday,0,1,Rural,Low Speed (Local),No,33.99570833,-87.01828056,Non-Intersection,Dark - Not Lighted,Cloudy,0:00am-0:59am,1,0:00am-0:59am,35,Unknown,Unknown EMS Hospital Arrival Time,1,Dark - Unlighted,Reduced Visibility,1,2,['Rear_Seat'],['None_Used'],1,1,Valid,0.0,1.0,23.0,23.0,['Male'],3,0,3,4,3,Wet/Standing Water,Curve,Grade/Hillcrest,Lowest,No
775,1,Alabama,10787,1,1,1,0,1,MOBILE,October,28,Saturday,20,10,Urban,Low Speed (Local),No,30.72637778,-88.11183889,Non-Intersection,Dark - Lighted,Cloudy,8:00pm-8:59pm,15,8:00pm-8:59pm,22,8:00pm-8:59pm,50,1,Dark - Lighted,Reduced Visibility,0,1,[],[],0,0,Invalid,0.0,0.0,999.0,999.0,['Other'],0,0,3,0,4,Dry,Straight,Level,Lowest,No
776,1,Alabama,10788,0,1,1,0,1,CITRONELLE,November,13,Monday,15,5,Rural,High Speed (Arterial),Yes,31.05612222,-88.23174167,Simple Junction,Reported as Unknown,Reported as Unknown,Not Applicable (Not Notified),Not Applicable (Not Notified),Not Applicable,Not Applicable,Not Applicable (Not Transported),Not Applicable (Not Transported),1,Dark - Unlighted,Clear,1,0,['Driver'],['Shoulder_Lapbelt'],0,0,Valid,1.0,2.0,59.0,59.0,['Male'],0,0,2,4,3,Wet/Standing Water,Straight,Level,Lowest,No
777,1,Alabama,10789,0,1,1,0,1,Other,November,29,Wednesday,22,45,Urban,Medium Speed (Collector),No,33.30860278,-86.90401111,Non-Intersection,Dark - Lighted,Clear,10:00pm-10:59pm,45,10:00pm-10:59pm,52,Not Applicable (Not Transported),Not Applicable (Not Transported),1,Dark - Lighted,Clear,1,0,['Driver'],['None_Used'],0,0,Valid,0.0,0.0,50.0,50.0,['Male'],0,0,2,4,3,Dry,Straight,Grade/Hillcrest,Lowest,No
778,1,Alabama,10790,1,2,2,0,2,NOT APPLICABLE,November,1,Wednesday,5,35,Rural,Low Speed (Local),No,31.53410278,-87.78973333,Non-Intersection,Dark - Not Lighted,Clear,5:00am-5:59am,41,6:00am-6:59am,2,Not Applicable (Not Transported),Not Applicable (Not Transported),1,Dark - Unlighted,Clear,0,2,[],[],0,0,Valid,0.0,3.0,20.0,20.0,"['Male', 'Male']",0,0,2,4,4,Dry,Curve,Grade/Hillcrest,Lowest,No
779,1,Alabama,10792,0,1,1,0,1,NOT APPLICABLE,November,28,Tuesday,23,46,Urban,Low Speed (Local),No,33.40276389,-87.16538611,Non-Intersection,Dark - Unknown Lighting,Clear,11:00pm-11:59pm,50,0:00am-0:59am,1,Not Applicable (Not Transported),Not Applicable (Not Transported),1,Dark - Unlighted,Clear,1,0,['Driver'],['None_Used'],0,0,Invalid,0.0,0.0,20.0,20.0,['Male'],0,0,3,4,3,Dry,Straight,Level,Lowest,No
780,1,Alabama,10793,0,2,2,0,2,ALBERTVILLE,November,29,Wednesday,22,20,Urban,Medium Speed (Collector),No,34.26503611,-86.18541389,Simple Junction,Dark - Lighted,Clear,10:00pm-10:59pm,20,10:00pm-10:59pm,32,Unknown,Unknown EMS Hospital Arrival Time,1,Dark - Lighted,Clear,1,1,['Driver'],['None_Used'],0,0,Invalid,0.0,1.0,999.0,53.0,"['Other', 'Male']",0,0,5,4,5,Dry,Straight,Level,Lowest,No
781,1,Alabama,10794,1,1,1,0,1,PRICHARD,November,16,Thursday,14,15,Urban,High Speed (Arterial),Yes,30.75071667,-88.09651667,Non-Intersection,Daylight,Clear,2:00pm-2:59pm,15,2:00pm-2:59pm,29,3:00pm-3:59pm,9,1,Daylight,Clear,0,1,[],[],0,0,Valid,1.0,0.0,18.0,18.0,['Male'],0,0,2,4,4,Dry,Straight,Grade/Hillcrest,Lowest,No
782,1,Alabama,10795,0,3,3,0,6,DOTHAN,November,29,Wednesday,14,5,Urban,High Speed (Arterial),Yes,31.19516389,-85.41049444,Non-Intersection,Daylight,Clear,2:00pm-2:59pm,12,2:00pm-2:59pm,19,2:00pm-2:59pm,28,1,Daylight,Clear,1,5,['Rear_Seat'],['Child_Safety'],0,0,Invalid,2.0,3.0,50.0,30.0,"['Female', 'Male', 'Female']",0,0,4,4,5,Dry,Straight,Non-Trafficway,Lowest,No
783,1,Alabama,10796,0,3,3,0,6,FORT PAYNE,November,30,Thursday,9,14,Urban,High Speed (Arterial),Yes,34.43853333,-85.76122778,Non-Intersection,Daylight,Clear,9:00am-9:59am,15,9:00am-9:59am,29,9:00am-9:59am,41,1,Daylight,Clear,1,5,['Driver'],['Shoulder_Lapbelt'],0,0,Invalid,1.0,0.0,68.0,21.0,"['Male', 'Male', 'Male']",1,0,3,4,5,Dry,Straight,Level,Lowest,No
784,1,Alabama,10797,0,1,1,0,1,NOT APPLICABLE,November,30,Thursday,18,56,Rural,Low Speed (Local),No,33.57761111,-86.797675,Non-Intersection,Dark - Not Lighted,Clear,Unknown,Unknown,7:00pm-7:59pm,7,Unknown,Unknown EMS Hospital Arrival Time,1,Dark - Unlighted,Clear,1,0,['Driver'],['None_Used'],1,1,Valid,1.0,0.0,62.0,62.0,['Male'],0,0,2,4,3,Dry,Curve,Grade/Hillcrest,Lowest,No
785,1,Alabama,10798,0,5,5,0,8,NOT APPLICABLE,December,1,Friday,9,37,Rural,High Speed (Arterial),Yes,32.69664167,-86.51948056,Non-Intersection,Daylight,Clear,9:00am-9:59am,37,9:00am-9:59am,52,Not Applicable (Not Transported),Not Applicable (Not Transported),2,Daylight,Clear,2,6,"['Driver', 'Front_Passenger']","['Shoulder_Lapbelt', 'Shoulder_Lapbelt']",0,0,Valid,1.0,0.0,75.0,31.0,"['Male', 'Male', 'Male', 'Male', 'Female']",0,0,4,4,5,Dry,Straight,Level,Medium,No
786,1,Alabama,10799,0,2,1,1,1,NOT APPLICABLE,December,1,Friday,5,20,Rural,High Speed (Arterial),Yes,32.94131944,-86.66445278,Non-Intersection,Dark - Not Lighted,Clear,5:00am-5:59am,24,5:00am-5:59am,26,Not Applicable (Not Transported),Not Applicable (Not Transported),1,Dark - Unlighted,Clear,1,0,['Driver'],['None_Used'],1,1,Valid,0.0,0.0,73.0,73.0,['Male'],0,0,3,4,5,Wet/Standing Water,Straight,Level,Medium,No
787,1,Alabama,10800,0,2,2,0,3,NOT APPLICABLE,December,1,Friday,4,55,Rural,High Speed (Arterial),Yes,31.41847222,-87.27333333,Non-Intersection,Dark - Not Lighted,Cloudy,5:00am-5:59am,7,5:00am-5:59am,15,5:00am-5:59am,53,1,Dark - Unlighted,Reduced Visibility,1,2,['Driver'],['Shoulder_Lapbelt'],0,0,Valid,0.0,1.0,51.0,34.0,"['Male', 'Male']",2,0,4,4,5,Dry,Curve,Grade/Hillcrest,Lowest,No
788,1,Alabama,10801,0,2,2,0,2,PRATTVILLE,December,1,Friday,19,13,Rural,High Speed (Arterial),Yes,32.43991944,-86.41959444,Non-Intersection,Dark - Lighted,Cloudy,7:00pm-7:59pm,13,7:00pm-7:59pm,20,Not Applicable (Not Transported),Not Applicable (Not Transported),1,Dark - Lighted,Reduced Visibility,1,1,['Driver'],['None_Used'],0,0,Valid,0.0,0.0,67.0,17.0,"['Female', 'Female']",0,0,3,4,5,Dry,Straight,Level,Lowest,No
789,1,Alabama,10802,0,2,2,0,2,NOT APPLICABLE,December,2,Saturday,20,19,Rural,Medium Speed (Collector),No,34.85901667,-86.59621944,Non-Intersection,Dark - Not Lighted,Rain,8:00pm-8:59pm,20,8:00pm-8:59pm,38,9:00pm-9:59pm,15,1,Dark - Unlighted,Rain/Wind/Minor,1,1,['Driver'],['None_Used'],1,1,Valid,0.0,1.0,44.0,34.0,"['Male', 'Female']",0,0,2,4,5,Wet/Standing Water,Straight,Level,Lowest,No
790,1,Alabama,10803,0,1,1,0,1,Other,December,2,Saturday,6,15,Urban,Medium Speed (Collector),No,34.664875,-86.78873889,Non-Intersection,Daylight,Rain,6:00am-6:59am,15,6:00am-6:59am,30,Not Applicable (Not Transported),Not Applicable (Not Transported),1,Daylight,Rain/Wind/Minor,1,0,['Driver'],['None_Used'],1,1,Invalid,0.0,0.0,45.0,45.0,['Male'],0,0,5,4,2,Wet/Standing Water,Curve,Level,Lowest,No
791,1,Alabama,10804,0,1,1,0,1,BIRMINGHAM,December,2,Saturday,2,20,Urban,High Speed (Arterial),Yes,33.54293056,-86.8737,Non-Intersection,Dark - Not Lighted,Rain,Unknown,Unknown,10:00am-10:59am,16,Not Applicable (Not Transported),Not Applicable (Not Transported),1,Dark - Unlighted,Rain/Wind/Minor,1,0,['Driver'],['None_Used'],0,0,Valid,0.0,1.0,48.0,48.0,['Female'],1,0,3,4,2,Wet/Standing Water,Straight,Level,Lowest,No
792,1,Alabama,10805,0,1,1,0,2,NOT APPLICABLE,December,2,Saturday,10,40,Rural,Medium Speed (Collector),No,32.50789444,-85.60959722,Non-Intersection,Daylight,Cloudy,10:00am-10:59am,57,11:00am-11:59am,13,12:00pm-12:59pm,17,1,Daylight,Reduced Visibility,1,1,['Driver'],['None_Used'],0,0,Invalid,1.0,1.0,33.0,33.0,['Male'],2,0,2,4,3,Wet/Standing Water,Curve,Grade/Hillcrest,Lowest,No
793,1,Alabama,10806,0,1,1,0,1,NOT APPLICABLE,December,2,Saturday,9,17,Rural,Medium Speed (Collector),No,32.47828611,-86.85381944,Non-Intersection,Daylight,Cloudy,9:00am-9:59am,17,9:00am-9:59am,45,Not Applicable (Not Transported),Not Applicable (Not Transported),1,Daylight,Reduced Visibility,1,0,['Driver'],['Shoulder_Lapbelt'],0,0,Valid,1.0,0.0,57.0,57.0,['Female'],1,0,3,4,3,Wet/Standing Water,Curve,Grade/Hillcrest,Lowest,No
794,1,Alabama,10807,0,1,1,0,1,MONTGOMERY,December,3,Sunday,1,51,Urban,High Speed (Arterial),Yes,32.32850833,-86.23471944,Non-Intersection,Dark - Lighted,Clear,1:00am-1:59am,51,1:00am-1:59am,56,Not Applicable (Not Transported),Not Applicable (Not Transported),1,Dark - Lighted,Clear,1,0,['Driver'],['Shoulder_Lapbelt'],1,1,Invalid,0.0,0.0,40.0,40.0,['Female'],0,0,2,4,3,Wet/Standing Water,Straight,Level,Lowest,No
795,1,Alabama,10808,0,1,1,0,1,NOT APPLICABLE,December,3,Sunday,0,21,Rural,Medium Speed (Collector),No,33.79241667,-85.4325,Non-Intersection,Dark - Not Lighted,Rain,0:00am-0:59am,24,0:00am-0:59am,51,Not Applicable (Not Transported),Not Applicable (Not Transported),1,Dark - Unlighted,Rain/Wind/Minor,1,0,['Driver'],['None_Used'],1,1,Valid,0.0,0.0,56.0,56.0,['Male'],1,0,3,4,3,Wet/Standing Water,Straight,Level,Lowest,No