,State_Code,State_Name,Crash_ID,Count_Non_Motorists,Count_Vehicles_Total,Count_Vehicle_Forms,Count_PVH_Involved,Count_Occupants_MV,City_Name,Month_Name,Day_of_Month,Day_of_Week,Crash_Hour,Crash_Minute,Area_Rural_Urban,Road_Functional_Class,On_NHS_Road,Latitude,Longitude,Intersection_Type,Light_Condition,Weather_Condition,Notif_Hour,Notif_Minute,Arrival_Hour,Arrival_Minute,Hospital_Hour,Hospital_Minute,Fatalities_Count,Clean_Light_Condition,Clean_Weather_Condition,Total_Killed,Total_Alive,Fatal_Seats_List,Killed_Restraint_List,Any_Driver_Drinking,Total_Drinking_Drivers,Driver_License_Category,Driver_Max_Prev_Accident_Count,Driver_Max_Prev_Speeding_Count,Max_Driver_Age,Min_Driver_Age,Driver_Sex_List,Total_Exceeding_Limit_Vehicles,Total_Too_Fast_Vehicles,Max_Vehicle_Type_Severity_5,Max_Vehicle_Damage_Rank,Max_Harmful_Event_Severity,Crash_Road_Surface_Condition,Crash_Horizontal_Alignment,Crash_Vertical_Profile,Crash_Impairment_Category,Crash_Vehicle_Defect
796,1,Alabama,10809,0,1,1,0,2,NOT APPLICABLE,March,27,Monday,13,3,Urban,High Speed (Arterial),Yes,34.49194444,-86.96512222,Non-Intersection,Daylight,Clear,1:00pm-1:59pm,3,1:00pm-1:59pm,13,Not Applicable (Not Transported),Not Applicable (Not Transported),1,Daylight,Clear,1,1,['Front_Passenger'],['None_Used'],0,0,Valid,0.0,2.0,21.0,21.0,['Male'],2,0,3,4,4,Dry,Straight,Level,Lowest,No
797,1,Alabama,10810,1,3,3,0,4,Other,December,3,Sunday,0,20,Urban,High Speed (Arterial),Yes,34.64125833,-86.84355278,Non-Intersection,Dark - Not Lighted,Cloudy,0:00am-0:59am,22,0:00am-0:59am,35,Not Applicable (Not Transported),Not Applicable (Not Transported),1,Dark - Unlighted,Reduced Visibility,0,4,[],[],0,0,Valid,1.0,7.0,43.0,21.0,"['Male', 'Female', 'Male']",0,0,3,2,5,Wet/Standing Water,Straight,Level,Lowest,No
798,1,Alabama,10811,0,1,1,0,1,NOT APPLICABLE,December,3,Sunday,17,30,Rural,Medium Speed (Collector),No,34.10109722,-86.08484722,Non-Intersection,Dark - Not Lighted,Clear,5:00pm-5:59pm,30,5:00pm-5:59pm,50,Not Applicable (Not Transported),Not Applicable (Not Transported),1,Dark - Unlighted,Clear,1,0,['Driver'],['None_Used'],1,1,Valid,0.0,1.0,66.0,66.0,['Male'],1,0,3,4,3,Dry,Straight,Level,Lowest,No
799,1,Alabama,10812,0,1,1,0,1,NOT APPLICABLE,December,3,Sunday,17,0,Rural,Medium Speed (Collector),No,32.80258333,-85.31155278,Non-Intersection,Dark - Not Lighted,Clear,Unknown,Unknown,Unknown EMS Scene Arrival Hour,Unknown EMS Scene Arrival Minutes,Unknown,Unknown EMS Hospital Arrival Time,1,Dark - Unlighted,Clear,1,0,['Driver'],['Shoulder_Lapbelt'],1,1,Invalid,0.0,0.0,19.0,19.0,['Male'],0,0,3,4,3,Dry,Curve,Grade/Hillcrest,Lowest,No
800,1,Alabama,10813,0,1,1,0,2,MONTGOMERY,December,4,Monday,17,51,Urban,High Speed (Arterial),Yes,32.34113333,-86.22524444,Complex/Circle,Dark - Lighted,Clear,5:00pm-5:59pm,53,6:00pm-6:59pm,12,6:00pm-6:59pm,33,1,Dark - Lighted,Clear,1,1,['Front_Passenger'],['None_Used'],0,0,Invalid,0.0,0.0,42.0,42.0,['Female'],0,0,3,4,3,Dry,Straight,Level,Lowest,No
801,1,Alabama,10814,1,1,1,0,1,TUSCALOOSA,December,4,Monday,4,6,Urban,High Speed (Arterial),Yes,33.178,-87.52484444,Non-Intersection,Dark - Lighted,Clear,4:00am-4:59am,6,4:00am-4:59am,13,Not Applicable (Not Transported),Not Applicable (Not Transported),1,Dark - Lighted,Clear,0,1,[],[],0,0,Valid,0.0,0.0,23.0,23.0,['Male'],0,0,3,3,4,Dry,Straight,Level,Lowest,No
802,1,Alabama,10815,1,1,1,0,1,FORT PAYNE,December,5,Tuesday,10,0,Rural,High Speed (Arterial),Yes,34.47519444,-85.69219167,Simple Junction,Daylight,Clear,10:00am-10:59am,5,10:00am-10:59am,10,Not Applicable (Not Transported),Not Applicable (Not Transported),1,Daylight,Clear,0,1,[],[],0,0,Valid,0.0,0.0,50.0,50.0,['Male'],0,0,4,1,4,Dry,Straight,Level,Lowest,No
803,1,Alabama,10816,1,1,1,0,1,NOT APPLICABLE,December,5,Tuesday,5,50,Rural,High Speed (Arterial),Yes,34.55275833,-87.12208056,Non-Intersection,Dark - Not Lighted,Clear,Unknown,Unknown,6:00am-6:59am,4,Not Applicable (Not Transported),Not Applicable (Not Transported),1,Dark - Unlighted,Clear,0,1,[],[],0,0,Valid,0.0,0.0,36.0,36.0,['Male'],0,0,3,4,4,Dry,Straight,Level,Lowest,No
804,1,Alabama,10817,0,2,2,0,2,NOT APPLICABLE,December,6,Wednesday,17,39,Rural,Medium Speed (Collector),No,34.87460556,-86.73216944,Complex/Circle,Dark - Lighted,Clear,5:00pm-5:59pm,39,Unknown EMS Scene Arrival Hour,Unknown EMS Scene Arrival Minutes,Unknown,Unknown EMS Hospital Arrival Time,1,Dark - Lighted,Clear,1,1,['Driver'],['None_Used'],0,0,Valid,2.0,3.0,45.0,37.0,"['Female', 'Male']",0,0,3,4,5,Dry,Straight,Level,Lowest,No
805,1,Alabama,10818,0,3,3,0,5,OPELIKA,December,6,Wednesday,19,15,Urban,Medium Speed (Collector),No,32.64437222,-85.43463611,Non-Intersection,Dark - Lighted,Clear,7:00pm-7:59pm,22,7:00pm-7:59pm,32,Unknown,Unknown EMS Hospital Arrival Time,1,Dark - Lighted,Clear,1,4,['Driver'],['Shoulder_Lapbelt'],1,2,Invalid,0.0,0.0,65.0,26.0,"['Male', 'Male', 'Female']",0,0,3,4,5,Dry,Curve,Grade/Hillcrest,Lowest,No
806,1,Alabama,10819,0,1,1,0,1,NOT APPLICABLE,December,7,Thursday,10,30,Rural,High Speed (Arterial),Yes,34.94971667,-86.57175556,Non-Intersection,Daylight,Clear,10:00am-10:59am,32,11:00am-11:59am,30,Not Applicable (Not Transported),Not Applicable (Not Transported),1,Daylight,Clear,1,0,['Driver'],['None_Used'],1,1,Valid,0.0,0.0,61.0,61.0,['Male'],1,0,2,4,4,Dry,Straight,Level,Lowest,No
807,1,Alabama,10820,0,2,2,0,2,NOT APPLICABLE,December,7,Thursday,7,30,Rural,High Speed (Arterial),Yes,34.1739,-87.11641944,Non-Intersection,Daylight,Clear,7:00am-7:59am,26,7:00am-7:59am,42,8:00am-8:59am,9,1,Daylight,Clear,1,1,['Driver'],['None_Used'],0,0,Valid,0.0,0.0,51.0,42.0,"['Female', 'Male']",0,0,4,4,5,Dry,Curve,Grade/Hillcrest,Lowest,No
808,1,Alabama,10821,0,1,1,0,1,NOT APPLICABLE,December,7,Thursday,17,35,Rural,Low Speed (Local),No,34.24985278,-86.85345278,Non-Intersection,Dark - Not Lighted,Clear,Unknown,Unknown,Unknown EMS Scene Arrival Hour,Unknown EMS Scene Arrival Minutes,Not Applicable (Not Transported),Not Applicable (Not Transported),1,Dark - Unlighted,Clear,1,0,['Driver'],['None_Used'],0,0,Valid,1.0,0.0,67.0,67.0,['Male'],0,0,3,4,3,Dry,Straight,Level,Lowest,No
809,1,Alabama,10822,0,1,1,0,5,NOT APPLICABLE,December,7,Thursday,15,20,Rural,Medium Speed (Collector),No,32.6541,-86.32607778,Non-Intersection,Daylight,Clear,3:00pm-3:59pm,31,4:00pm-4:59pm,9,5:00pm-5:59pm,2,1,Daylight,Clear,1,4,['Front_Passenger'],['None_Used'],0,0,Valid,0.0,0.0,16.0,16.0,['Male'],5,0,3,4,3,Dry,Curve,Grade/Hillcrest,Lowest,No
810,1,Alabama,10823,0,1,1,0,2,MONTGOMERY,December,8,Friday,1,20,Urban,Low Speed (Local),No,32.38038611,-86.29228056,Non-Intersection,Dark - Lighted,Clear,1:00am-1:59am,23,1:00am-1:59am,35,1:00am-1:59am,57,1,Dark - Lighted,Clear,1,1,['Front_Passenger'],['None_Used'],1,1,Valid,0.0,0.0,44.0,44.0,['Male'],0,0,2,4,3,Dry,Straight,Level,Lowest,No
811,1,Alabama,10824,0,1,1,0,1,MONTGOMERY,December,9,Saturday,6,56,Urban,High Speed (Arterial),Yes,32.42166944,-86.23345833,Non-Intersection,Daylight,Rain,Unknown,Unknown,7:00am-7:59am,0,Not Applicable (Not Transported),Not Applicable (Not Transported),1,Daylight,Rain/Wind/Minor,1,0,['Driver'],['None_Used'],1,1,Invalid,0.0,0.0,33.0,33.0,['Female'],0,0,3,4,3,Wet/Standing Water,Straight,Grade/Hillcrest,Lowest,No
812,1,Alabama,10826,0,2,2,0,4,NOT APPLICABLE,December,8,Friday,6,58,Rural,High Speed (Arterial),Yes,32.9381,-87.06611944,Complex/Circle,Daylight,Clear,7:00am-7:59am,17,8:00am-8:59am,21,8:00am-8:59am,53,1,Daylight,Clear,1,3,['Driver'],['Shoulder_Lapbelt'],0,0,Valid,0.0,0.0,53.0,34.0,"['Female', 'Male']",0,0,4,4,5,Dry,Straight,Grade/Hillcrest,Lowest,No
813,1,Alabama,10827,0,3,3,0,4,MOBILE,December,7,Thursday,18,12,Urban,High Speed (Arterial),Yes,30.70676667,-88.12191667,Complex/Circle,Dark - Lighted,Clear,6:00pm-6:59pm,18,6:00pm-6:59pm,22,Unknown,Unknown EMS Hospital Arrival Time,1,Dark - Lighted,Clear,1,3,['Driver'],['None_Used'],0,0,Valid,0.0,0.0,62.0,30.0,"['Male', 'Female', 'Male']",1,0,5,4,5,Dry,Straight,Level,Lowest,No
814,1,Alabama,10828,1,1,1,0,1,HUNTSVILLE,December,9,Saturday,22,20,Urban,High Speed (Arterial),Yes,34.74434444,-86.67791389,Complex/Circle,Dark - Lighted,Rain,10:00pm-10:59pm,25,10:00pm-10:59pm,29,11:00pm-11:59pm,3,1,Dark - Lighted,Rain/Wind/Minor,0,1,[],[],0,0,Invalid,0.0,0.0,23.0,23.0,['Male'],0,0,2,2,4,Wet/Standing Water,Straight,Level,Lowest,No
815,1,Alabama,10829,0,1,1,0,1,NOT APPLICABLE,December,9,Saturday,19,2,Rural,Medium Speed (Collector),No,32.40851944,-85.13092222,Simple Junction,Dark - Not Lighted,Cloudy,7:00pm-7:59pm,6,7:00pm-7:59pm,21,8:00pm-8:59pm,5,1,Dark - Unlighted,Reduced Visibility,1,0,['Driver'],['None_Used'],0,0,Valid,0.0,0.0,77.0,77.0,['Male'],0,0,3,4,3,Wet/Standing Water,Straight,Grade/Hillcrest,Lowest,No
816,1,Alabama,10830,0,3,3,0,5,NOT APPLICABLE,December,9,Saturday,6,35,Rural,High Speed (Arterial),Yes,31.6523,-87.80775,Non-Intersection,Daylight,Cloudy,6:00am-6:59am,30,6:00am-6:59am,49,Unknown,Unknown EMS Hospital Arrival Time,1,Daylight,Reduced Visibility,1,4,['Driver'],['Shoulder_Lapbelt'],0,0,Valid,1.0,1.0,77.0,23.0,"['Male', 'Female', 'Male']",0,0,2,4,5,Dry,Curve,Grade/Hillcrest,Lowest,No
817,1,Alabama,10831,0,1,1,0,3,NOT APPLICABLE,December,10,Sunday,17,0,Rural,Medium Speed (Collector),No,32.05586667,-87.76552778,Non-Intersection,Dusk,Clear,5:00pm-5:59pm,2,5:00pm-5:59pm,20,6:00pm-6:59pm,0,1,Twilight,Clear,1,2,['Front_Passenger'],['None_Used'],0,0,Invalid,0.0,0.0,15.0,15.0,['Female'],3,0,2,4,3,Dry,Straight,Grade/Hillcrest,Lowest,No
818,1,Alabama,10832,0,1,1,0,1,SEMMES,December,10,Sunday,3,49,Urban,Low Speed (Local),No,30.76396667,-88.2473,Non-Intersection,Dark - Lighted,Rain,3:00am-3:59am,49,3:00am-3:59am,58,Not Applicable (Not Transported),Not Applicable (Not Transported),1,Dark - Lighted,Rain/Wind/Minor,1,0,['Driver'],['None_Used'],1,1,Valid,0.0,0.0,38.0,38.0,['Male'],1,0,3,4,3,Wet/Standing Water,Curve,Grade/Hillcrest,Lowest,No
819,1,Alabama,10833,0,1,1,0,2,JACKSON,December,10,Sunday,1,0,Rural,High Speed (Arterial),Yes,31.53940278,-87.88650556,Complex/Circle,Dark - Not Lighted,Cloudy,1:00am-1:59am,10,1:00am-1:59am,31,2:00am-2:59am,8,1,Dark - Unlighted,Reduced Visibility,1,1,['Driver'],['None_Used'],0,0,Valid,0.0,1.0,28.0,28.0,['Male'],0,0,3,4,3,Wet/Standing Water,Straight,Grade/Hillcrest,Lowest,No
820,1,Alabama,10834,0,2,2,0,4,PHENIX CITY,December,11,Monday,16,50,Urban,Medium Speed (Collector),No,32.40376667,-85.03488333,Non-Intersection,Daylight,Clear,4:00pm-4:59pm,58,5:00pm-5:59pm,9,5:00pm-5:59pm,49,1,Daylight,Clear,1,3,['Rear_Seat'],['Shoulder_Lapbelt'],0,0,Valid,2.0,2.0,41.0,24.0,"['Male', 'Female']",0,0,3,4,5,Dry,Straight,Grade/Hillcrest,Lowest,No
821,1,Alabama,10835,0,3,3,0,5,DAPHNE,December,11,Monday,15,45,Urban,Medium Speed (Collector),No,30.603775,-87.85209444,Complex/Circle,Daylight,Clear,3:00pm-3:59pm,45,3:00pm-3:59pm,55,Unknown,Unknown EMS Hospital Arrival Time,1,Daylight,Clear,1,4,['Rear_Seat'],['None_Used'],0,0,Valid,0.0,1.0,50.0,33.0,"['Female', 'Female', 'Male']",0,0,3,4,5,Dry,Straight,Level,Lowest,No
822,1,Alabama,10836,0,2,2,0,5,NOT APPLICABLE,December,11,Monday,14,33,Rural,High Speed (Arterial),Yes,32.02523611,-85.11980278,Complex/Circle,Daylight,Clear,2:00pm-2:59pm,31,2:00pm-2:59pm,50,Unknown,Unknown EMS Hospital Arrival Time,1,Daylight,Clear,1,4,['Driver'],['Shoulder_Lapbelt'],1,1,Invalid,4.0,0.0,38.0,30.0,"['Male', 'Female']",0,0,3,4,5,Dry,Straight,Level,Lowest,No
823,1,Alabama,10837,0,2,2,0,3,NOT APPLICABLE,December,12,Tuesday,7,15,Rural,Medium Speed (Collector),No,30.61671667,-88.34317778,Non-Intersection,Daylight,Clear,7:00am-7:59am,18,7:00am-7:59am,36,8:00am-8:59am,43,1,Daylight,Clear,1,2,['Driver'],['Shoulder_Lapbelt'],0,0,Valid,0.0,0.0,49.0,48.0,"['Male', 'Female']",0,0,4,4,5,Dry,Straight,Level,Lowest,No
824,1,Alabama,10838,0,2,2,0,4,NOT APPLICABLE,December,12,Tuesday,12,10,Rural,Medium Speed (Collector),No,33.51280833,-86.21438056,Non-Intersection,Daylight,Clear,12:00pm-12:59pm,13,12:00pm-12:59pm,20,Unknown,Unknown EMS Hospital Arrival Time,1,Daylight,Clear,1,3,['Driver'],['Shoulder_Lapbelt'],0,0,Valid,0.0,0.0,71.0,63.0,"['Female', 'Female']",0,0,3,4,5,Dry,Curve,Grade/Hillcrest,Lowest,No
825,1,Alabama,10839,0,2,2,0,5,ASHFORD,December,13,Wednesday,16,40,Urban,High Speed (Arterial),Yes,31.17573611,-85.23885278,Complex/Circle,Dusk,Clear,4:00pm-4:59pm,43,4:00pm-4:59pm,47,5:00pm-5:59pm,13,1,Twilight,Clear,1,4,['Driver'],['Shoulder_Lapbelt'],0,0,Valid,1.0,1.0,63.0,20.0,"['Female', 'Male']",0,0,3,4,5,Dry,Straight,Level,Lowest,No
826,1,Alabama,10840,0,1,1,0,2,NOT APPLICABLE,December,13,Wednesday,23,47,Urban,Medium Speed (Collector),No,30.59494444,-88.26899167,Non-Intersection,Dark - Not Lighted,Cloudy,11:00pm-11:59pm,47,0:00am-0:59am,2,0:00am-0:59am,40,1,Dark - Unlighted,Reduced Visibility,1,1,['Driver'],['None_Used'],1,1,Valid,2.0,0.0,21.0,21.0,['Female'],0,0,2,4,3,Dry,Curve,Level,Lowest,No
827,1,Alabama,10842,0,1,1,0,1,PRICHARD,December,14,Thursday,12,6,Urban,High Speed (Arterial),Yes,30.69468056,-88.03107778,Non-Intersection,Daylight,Clear,12:00pm-12:59pm,4,12:00pm-12:59pm,12,Not Applicable (Not Transported),Not Applicable (Not Transported),1,Daylight,Clear,1,0,['Driver'],['Shoulder_Lapbelt'],0,0,Valid,1.0,2.0,23.0,23.0,['Male'],0,0,2,4,2,Dry,Curve,Grade/Hillcrest,Lowest,No
828,1,Alabama,10843,0,1,1,0,1,NOT APPLICABLE,December,14,Thursday,22,45,Rural,Medium Speed (Collector),No,32.06228056,-86.74359722,Non-Intersection,Dark - Not Lighted,Clear,10:00pm-10:59pm,53,11:00pm-11:59pm,14,Not Applicable (Not Transported),Not Applicable (Not Transported),1,Dark - Unlighted,Clear,1,0,['Driver'],['None_Used'],0,0,Invalid,0.0,0.0,37.0,37.0,['Male'],0,0,2,4,3,Dry,Straight,Level,Lowest,No
829,1,Alabama,10844,0,1,1,0,3,TRUSSVILLE,December,15,Friday,19,8,Urban,High Speed (Arterial),Yes,33.62773611,-86.62968889,Non-Intersection,Dark - Not Lighted,Clear,7:00pm-7:59pm,8,7:00pm-7:59pm,29,8:00pm-8:59pm,13,1,Dark - Unlighted,Clear,1,2,['Front_Passenger'],['Shoulder_Lapbelt'],0,0,Valid,0.0,1.0,36.0,36.0,['Male'],0,0,3,4,3,Dry,Straight,Level,Lowest,No
830,1,Alabama,10845,0,1,1,0,1,NOT APPLICABLE,December,15,Friday,5,55,Rural,High Speed (Arterial),Yes,34.72940833,-87.84612778,Non-Intersection,Dawn,Clear,Unknown,Unknown,6:00am-6:59am,11,Not Applicable (Not Transported),Not Applicable (Not Transported),1,Twilight,Clear,1,0,['Driver'],['Shoulder_Lapbelt'],0,0,Valid,0.0,0.0,71.0,71.0,['Male'],0,0,4,4,2,Dry,Straight,Grade/Hillcrest,Medium,No
831,1,Alabama,10846,0,1,1,0,2,NOT APPLICABLE,December,15,Friday,11,13,Rural,Low Speed (Local),No,32.52499722,-86.17118333,Non-Intersection,Daylight,Clear,11:00am-11:59am,9,11:00am-11:59am,22,Not Applicable (Not Transported),Not Applicable (Not Transported),1,Daylight,Clear,1,1,['Driver'],['None_Used'],0,0,Valid,0.0,0.0,17.0,17.0,['Male'],2,0,3,4,3,Dry,Curve,Grade/Hillcrest,Lowest,No
832,1,Alabama,10847,0,1,1,0,1,NOT APPLICABLE,December,16,Saturday,17,10,Rural,Medium Speed (Collector),No,32.04891944,-86.98849444,Non-Intersection,Dark - Not Lighted,Clear,Unknown,Unknown,6:00pm-6:59pm,20,Not Applicable (Not Transported),Not Applicable (Not Transported),1,Dark - Unlighted,Clear,1,0,['Driver'],['None_Used'],1,1,Invalid,0.0,0.0,35.0,35.0,['Male'],1,0,2,4,3,Dry,Curve,Grade/Hillcrest,Lowest,No
833,1,Alabama,10848,0,1,1,0,2,ATTALLA,December,16,Saturday,4,34,Urban,Medium Speed (Collector),No,34.01774722,-86.08373056,Non-Intersection,Dark - Lighted,Clear,4:00am-4:59am,42,4:00am-4:59am,43,Not Applicable (Not Transported),Not Applicable (Not Transported),2,Dark - Lighted,Clear,2,0,"['Driver', 'Front_Passenger']","['Shoulder_Lapbelt', 'Shoulder_Lapbelt']",1,1,Valid,1.0,1.0,46.0,46.0,['Male'],0,0,3,4,3,Dry,Curve,Level,Lowest,No
834,1,Alabama,10849,0,2,2,0,2,FULTONDALE,December,15,Friday,18,55,Urban,Medium Speed (Collector),No,33.60182222,-86.798425,Non-Intersection,Dark - Lighted,Clear,6:00pm-6:59pm,56,7:00pm-7:59pm,7,7:00pm-7:59pm,22,1,Dark - Lighted,Clear,1,1,['Driver'],['None_Used'],0,0,Valid,0.0,0.0,47.0,31.0,"['Male', 'Female']",0,0,3,4,5,Dry,Straight,Level,Lowest,No
835,1,Alabama,10850,0,2,2,0,2,NOT APPLICABLE,December,15,Friday,21,55,Rural,High Speed (Arterial),Yes,31.27853611,-87.2024,Non-Intersection,Dark - Not Lighted,Clear,Unknown,Unknown,10:00pm-10:59pm,15,Unknown,Unknown EMS Hospital Arrival Time,1,Dark - Unlighted,Clear,1,1,['Driver'],['None_Used'],0,0,Valid,0.0,1.0,66.0,51.0,"['Male', 'Male']",0,0,4,4,5,Dry,Straight,Level,Lowest,No
836,1,Alabama,10851,0,6,6,0,8,LANETT,December,11,Monday,7,0,Urban,High Speed (Arterial),Yes,32.81748056,-85.21699167,Non-Intersection,Dawn,Clear,7:00am-7:59am,19,7:00am-7:59am,41,7:00am-7:59am,55,1,Twilight,Clear,1,6,['Driver'],['Shoulder_Lapbelt'],0,0,Invalid,2.0,1.0,998.0,31.0,"['Male', 'Male', 'Male', 'Male', 'Male', 'Male']",0,0,4,4,5,Dry,Straight,Level,Lowest,No
837,1,Alabama,10852,0,4,4,0,6,HOLLYWOOD,December,14,Thursday,11,42,Urban,High Speed (Arterial),Yes,34.70799722,-85.97469167,Non-Intersection,Daylight,Clear,11:00am-11:59am,43,11:00am-11:59am,55,Not Applicable (Not Transported),Not Applicable (Not Transported),1,Daylight,Clear,1,5,['Driver'],['Shoulder_Lapbelt'],0,0,Valid,1.0,1.0,74.0,31.0,"['Male', 'Male', 'Male', 'Female']",0,0,4,4,5,Dry,Straight,Level,Lowest,No
838,1,Alabama,10853,0,2,2,0,4,NOT APPLICABLE,December,16,Saturday,2,5,Rural,High Speed (Arterial),Yes,33.61883333,-85.71036667,Non-Intersection,Dark - Not Lighted,Clear,2:00am-2:59am,5,2:00am-2:59am,20,Not Applicable (Not Transported),Not Applicable (Not Transported),2,Dark - Unlighted,Clear,2,2,"['Driver', 'Front_Passenger']","['None_Used', 'Shoulder_Lapbelt']",1,1,Valid,0.0,1.0,58.0,30.0,"['Male', 'Male']",0,0,3,4,5,Dry,Straight,Level,Medium,No
839,1,Alabama,10854,0,3,3,0,4,OXFORD,December,16,Saturday,9,15,Urban,High Speed (Arterial),Yes,33.61507222,-85.82763611,Complex/Circle,Daylight,Clear,9:00am-9:59am,15,9:00am-9:59am,58,Unknown,Unknown EMS Hospital Arrival Time,1,Daylight,Clear,1,3,['Driver'],['None_Used'],0,0,Valid,0.0,1.0,68.0,35.0,"['Male', 'Female', 'Female']",0,0,3,4,5,Dry,Straight,Level,Lowest,No
840,1,Alabama,10855,0,1,1,0,1,HUNTSVILLE,December,16,Saturday,1,45,Urban,High Speed (Arterial),Yes,34.70784444,-86.67301111,Non-Intersection,Dark - Lighted,Clear,Unknown,Unknown,Unknown EMS Scene Arrival Hour,Unknown EMS Scene Arrival Minutes,Not Applicable (Not Transported),Not Applicable (Not Transported),1,Dark - Lighted,Clear,1,0,['Driver'],['Shoulder_Lapbelt'],1,1,Valid,0.0,0.0,34.0,34.0,['Male'],1,0,3,4,3,Dry,Curve,Grade/Hillcrest,Lowest,No
841,1,Alabama,10856,0,1,1,0,1,TARRANT,December,17,Sunday,23,28,Urban,High Speed (Arterial),Yes,33.60826944,-86.74848889,Non-Intersection,Dark - Not Lighted,Clear,11:00pm-11:59pm,31,11:00pm-11:59pm,42,Not Applicable (Not Transported),Not Applicable (Not Transported),1,Dark - Unlighted,Clear,1,0,['Driver'],['None_Used'],0,0,Valid,1.0,0.0,68.0,68.0,['Male'],0,0,3,4,3,Dry,Straight,Level,Lowest,No
842,1,Alabama,10857,0,4,4,0,4,LANETT,December,11,Monday,6,47,Urban,High Speed (Arterial),Yes,32.817725,-85.21676111,Non-Intersection,Daylight,Clear,Unknown,Unknown,7:00am-7:59am,26,Not Applicable (Not Transported),Not Applicable (Not Transported),1,Daylight,Clear,1,3,['Driver'],['Shoulder_Lapbelt'],0,0,Valid,1.0,3.0,53.0,34.0,"['Male', 'Male', 'Male', 'Male']",1,0,4,4,5,Dry,Straight,Level,Lowest,No
843,1,Alabama,10858,0,1,1,0,1,NOT APPLICABLE,December,19,Tuesday,3,55,Rural,Medium Speed (Collector),No,30.37065278,-87.59899444,Non-Intersection,Dark - Not Lighted,Clear,4:00am-4:59am,18,4:00am-4:59am,30,Not Applicable (Not Transported),Not Applicable (Not Transported),1,Dark - Unlighted,Clear,1,0,['Driver'],['Shoulder_Lapbelt'],1,1,Valid,0.0,0.0,65.0,65.0,['Male'],1,0,3,4,3,Dry,Curve,Level,Lowest,No
844,1,Alabama,10859,0,2,2,0,3,DECATUR,December,19,Tuesday,10,0,Urban,High Speed (Arterial),Yes,34.51482222,-86.96884722,Non-Intersection,Daylight,Clear,10:00am-10:59am,0,10:00am-10:59am,20,11:00am-11:59am,7,1,Daylight,Clear,1,2,['Front_Passenger'],['Shoulder_Lapbelt'],0,0,Valid,0.0,1.0,55.0,22.0,"['Male', 'Male']",0,0,3,4,5,Dry,Curve,Grade/Hillcrest,Lowest,Yes
845,1,Alabama,10860,0,2,2,0,3,MOBILE,December,19,Tuesday,18,10,Urban,High Speed (Arterial),Yes,30.66348889,-88.10714167,Complex/Circle,Dark - Lighted,Clear,6:00pm-6:59pm,16,6:00pm-6:59pm,21,6:00pm-6:59pm,37,1,Dark - Lighted,Clear,1,2,['Driver'],['None_Used'],0,0,Invalid,0.0,0.0,63.0,20.0,"['Male', 'Male']",0,0,5,4,5,Dry,Straight,Level,Lowest,No
846,1,Alabama,10861,0,2,2,0,5,NOT APPLICABLE,December,20,Wednesday,16,45,Rural,Medium Speed (Collector),No,34.75421667,-87.42026389,Non-Intersection,Dusk,Clear,4:00pm-4:59pm,55,5:00pm-5:59pm,12,6:00pm-6:59pm,28,1,Twilight,Clear,1,4,['Driver'],['None_Used'],0,0,Valid,1.0,5.0,50.0,26.0,"['Female', 'Male']",0,0,3,4,5,Dry,Straight,Level,Lowest,No
847,1,Alabama,10862,0,4,4,0,5,NOT APPLICABLE,December,22,Friday,20,54,Urban,High Speed (Arterial),Yes,33.44606944,-86.92880556,Complex/Circle,Dark - Lighted,Clear,Unknown,Unknown,9:00pm-9:59pm,9,Not Applicable (Not Transported),Not Applicable (Not Transported),1,Dark - Lighted,Clear,1,4,['Driver'],['None_Used'],0,0,Valid,6.0,0.0,42.0,21.0,"['Female', 'Female', 'Male', 'Male']",0,0,3,4,5,Dry,Straight,Level,Lowest,No
848,1,Alabama,10863,0,1,1,0,2,NOT APPLICABLE,December,23,Saturday,2,45,Rural,High Speed (Arterial),Yes,32.06761389,-87.78740278,Non-Intersection,Dark - Not Lighted,Clear,2:00am-2:59am,55,3:00am-3:59am,17,3:00am-3:59am,56,2,Dark - Unlighted,Clear,2,0,"['Driver', 'Front_Passenger']","['None_Used', 'None_Used']",0,0,Invalid,1.0,1.0,62.0,62.0,['Female'],2,0,3,4,3,Dry,Curve,Level,Lowest,No
849,1,Alabama,10864,1,2,1,1,1,NOT APPLICABLE,December,23,Saturday,16,45,Rural,High Speed (Arterial),Yes,33.61996111,-86.81559444,Non-Intersection,Dark - Lighted,Clear,4:00pm-4:59pm,48,4:00pm-4:59pm,56,Not Applicable (Not Transported),Not Applicable (Not Transported),1,Dark - Lighted,Clear,1,0,['Driver'],['None_Used'],0,0,Valid,1.0,0.0,27.0,27.0,['Female'],0,0,2,4,5,Dry,Straight,Grade/Hillcrest,Lowest,No
850,1,Alabama,10865,0,1,1,0,1,NOT APPLICABLE,December,23,Saturday,17,44,Rural,High Speed (Arterial),Yes,33.59908611,-86.89940556,Non-Intersection,Dark - Not Lighted,Clear,5:00pm-5:59pm,44,5:00pm-5:59pm,48,Not Applicable (Not Transported),Not Applicable (Not Transported),1,Dark - Unlighted,Clear,1,0,['Driver'],['None_Used'],0,0,Valid,0.0,0.0,47.0,47.0,['Male'],0,0,3,4,2,Dry,Straight,Grade/Hillcrest,Medium,No
851,1,Alabama,10866,0,2,2,0,4,NOT APPLICABLE,December,23,Saturday,20,20,Rural,Medium Speed (Collector),No,31.16293333,-85.34798889,Non-Intersection,Dark - Not Lighted,Clear,8:00pm-8:59pm,23,8:00pm-8:59pm,39,8:00pm-8:59pm,46,1,Dark - Unlighted,Clear,1,3,['Rear_Seat'],['Shoulder_Lapbelt'],1,1,Valid,0.0,0.0,68.0,65.0,"['Male', 'Female']",0,0,3,4,5,Dry,Straight,Level,Lowest,No
852,1,Alabama,10867,0,1,1,0,1,NOT APPLICABLE,December,24,Sunday,14,20,Rural,Medium Speed (Collector),No,33.14959167,-86.433075,Non-Intersection,Daylight,Cloudy,2:00pm-2:59pm,29,2:00pm-2:59pm,41,3:00pm-3:59pm,24,1,Daylight,Reduced Visibility,1,0,['Driver'],['None_Used'],0,0,Valid,1.0,0.0,20.0,20.0,['Male'],1,0,5,4,3,Dry,Curve,Grade/Hillcrest,Lowest,No