,State_Code,State_Name,Crash_ID,Count_Non_Motorists,Count_Vehicles_Total,Count_Vehicle_Forms,Count_PVH_Involved,Count_Occupants_MV,City_Name,Month_Name,Day_of_Month,Day_of_Week,Crash_Hour,Crash_Minute,Area_Rural_Urban,Road_Functional_Class,On_NHS_Road,Latitude,Longitude,Intersection_Type,Light_Condition,Weather_Condition,Notif_Hour,Notif_Minute,Arrival_Hour,Arrival_Minute,Hospital_Hour,Hospital_Minute,Fatalities_Count,Clean_Light_Condition,Clean_Weather_Condition,Total_Killed,Total_Alive,Fatal_Seats_List,Killed_Restraint_List,Any_Driver_Drinking,Total_Drinking_Drivers,Driver_License_Category,Driver_Max_Prev_Accident_Count,Driver_Max_Prev_Speeding_Count,Max_Driver_Age,Min_Driver_Age,Driver_Sex_List,Total_Exceeding_Limit_Vehicles,Total_Too_Fast_Vehicles,Max_Vehicle_Type_Severity_5,Max_Vehicle_Damage_Rank,Max_Harmful_Event_Severity,Crash_Road_Surface_Condition,Crash_Horizontal_Alignment,Crash_Vertical_Profile,Crash_Impairment_Category,Crash_Vehicle_Defect
853,1,Alabama,10868,0,2,2,0,5,PIEDMONT,December,25,Monday,13,50,Urban,High Speed (Arterial),Yes,33.91299167,-85.63109444,Non-Intersection,Daylight,Rain,1:00pm-1:59pm,51,2:00pm-2:59pm,0,2:00pm-2:59pm,39,1,Daylight,Rain/Wind/Minor,1,4,['Driver'],['None_Used'],0,0,Valid,1.0,1.0,78.0,21.0,"['Male', 'Male']",0,0,3,4,5,Wet/Standing Water,Straight,Level,Lowest,No
854,1,Alabama,10869,0,2,2,0,2,Other,December,25,Monday,20,42,Urban,Medium Speed (Collector),No,33.71749722,-86.512775,Simple Junction,Dark - Not Lighted,Cloudy,8:00pm-8:59pm,43,8:00pm-8:59pm,49,Not Applicable (Not Transported),Not Applicable (Not Transported),1,Dark - Unlighted,Reduced Visibility,1,1,['Driver'],['None_Used'],0,0,Valid,2.0,0.0,43.0,21.0,"['Male', 'Male']",1,0,5,4,5,Wet/Standing Water,Straight,Level,Lowest,No
855,1,Alabama,10870,0,1,1,0,1,NOT APPLICABLE,December,27,Wednesday,22,5,Rural,Medium Speed (Collector),No,33.65425278,-85.88261944,Non-Intersection,Dark - Lighted,Clear,10:00pm-10:59pm,13,10:00pm-10:59pm,19,Not Applicable (Not Transported),Not Applicable (Not Transported),1,Dark - Lighted,Clear,1,0,['Driver'],['None_Used'],0,0,Invalid,0.0,0.0,24.0,24.0,['Male'],1,0,3,4,3,Dry,Straight,Level,Lowest,No
856,1,Alabama,10871,0,1,1,0,2,NOT APPLICABLE,December,27,Wednesday,14,30,Rural,Low Speed (Local),No,33.59842222,-86.44315278,Non-Intersection,Daylight,Clear,2:00pm-2:59pm,18,2:00pm-2:59pm,36,3:00pm-3:59pm,9,1,Daylight,Clear,1,1,['Driver'],['None_Used'],0,0,Valid,1.0,0.0,85.0,85.0,['Male'],2,0,3,4,3,Dry,Curve,Level,Lowest,No
857,1,Alabama,10872,0,2,2,0,2,PRICHARD,December,26,Tuesday,5,21,Urban,High Speed (Arterial),Yes,30.82028056,-88.16389722,Non-Intersection,Dark - Not Lighted,Clear,5:00am-5:59am,21,5:00am-5:59am,37,Not Applicable (Not Transported),Not Applicable (Not Transported),2,Dark - Unlighted,Clear,2,0,"['Driver', 'Driver']","['None_Used', 'Shoulder_Lapbelt']",1,1,Valid,3.0,1.0,27.0,25.0,"['Male', 'Male']",1,0,2,4,5,Dry,Curve,Level,Lowest,No
858,1,Alabama,10873,0,2,1,1,1,NOT APPLICABLE,December,27,Wednesday,11,50,Rural,High Speed (Arterial),Yes,32.27551944,-86.50065833,Non-Intersection,Daylight,Cloudy,Unknown,Unknown,12:00pm-12:59pm,0,Not Applicable (Not Transported),Not Applicable (Not Transported),1,Daylight,Reduced Visibility,1,0,['Driver'],['None_Used'],0,0,Valid,1.0,0.0,39.0,39.0,['Male'],0,0,4,4,5,Dry,Straight,Level,Lowest,No
859,1,Alabama,10874,0,2,2,0,3,BESSEMER,December,26,Tuesday,22,39,Urban,High Speed (Arterial),Yes,33.39579167,-86.96959167,Non-Intersection,Dark - Lighted,Cloudy,10:00pm-10:59pm,41,10:00pm-10:59pm,50,11:00pm-11:59pm,37,1,Dark - Lighted,Reduced Visibility,1,2,['Driver'],['Shoulder_Lapbelt'],0,0,Valid,0.0,0.0,50.0,17.0,"['Female', 'Male']",0,0,2,4,5,Dry,Straight,Non-Trafficway,Lowest,No
860,1,Alabama,10875,0,2,2,0,2,NOT APPLICABLE,December,26,Tuesday,18,58,Rural,High Speed (Arterial),No,32.46344722,-85.12219444,Simple Junction,Dark - Not Lighted,Cloudy,Unknown,Unknown,7:00pm-7:59pm,13,Not Applicable (Not Transported),Not Applicable (Not Transported),1,Dark - Unlighted,Reduced Visibility,1,1,['Driver'],['None_Used'],0,0,Valid,2.0,0.0,64.0,30.0,"['Female', 'Male']",0,0,3,4,5,Dry,Straight,Level,Lowest,No
861,1,Alabama,10876,0,2,2,0,3,MOBILE,December,27,Wednesday,21,54,Urban,High Speed (Arterial),Yes,30.59673333,-88.0784,Non-Intersection,Dark - Lighted,Clear,9:00pm-9:59pm,54,9:00pm-9:59pm,57,Unknown,Unknown EMS Hospital Arrival Time,1,Dark - Lighted,Clear,1,2,['Driver'],['None_Used'],0,0,Valid,1.0,0.0,71.0,34.0,"['Male', 'Female']",0,0,3,4,5,Dry,Straight,Level,Lowest,No
862,1,Alabama,10877,1,2,2,0,2,MOBILE,December,27,Wednesday,5,30,Urban,High Speed (Arterial),No,30.61036944,-88.16161389,Non-Intersection,Dark - Not Lighted,Clear,5:00am-5:59am,31,5:00am-5:59am,42,Not Applicable (Not Transported),Not Applicable (Not Transported),1,Dark - Unlighted,Clear,0,2,[],[],0,0,Valid,0.0,0.0,45.0,30.0,"['Male', 'Male']",0,0,3,4,4,Dry,Straight,Level,Lowest,No
863,1,Alabama,10878,0,2,2,0,4,VALLEY,December,28,Thursday,9,50,Urban,Medium Speed (Collector),No,32.78896667,-85.19151389,Non-Intersection,Daylight,Clear,Unknown,Unknown,10:00am-10:59am,0,Unknown,Unknown EMS Hospital Arrival Time,3,Daylight,Clear,3,1,"['Front_Passenger', 'Driver', 'Front_Passenger']","['None_Used', 'None_Used', 'None_Used']",0,0,Invalid,0.0,0.0,64.0,20.0,"['Male', 'Female']",2,0,2,4,5,Dry,Curve,Level,Lowest,No
864,1,Alabama,10879,0,3,3,0,4,LINCOLN,December,29,Friday,11,16,Urban,High Speed (Arterial),Yes,33.58543889,-86.126225,Non-Intersection,Daylight,Cloudy,11:00am-11:59am,16,11:00am-11:59am,23,Unknown,Unknown EMS Hospital Arrival Time,1,Daylight,Reduced Visibility,1,3,['Driver'],['None_Used'],0,0,Valid,2.0,2.0,59.0,28.0,"['Male', 'Female', 'Male']",0,0,4,4,5,Dry,Straight,Grade/Hillcrest,Lowest,No
865,1,Alabama,10880,1,2,2,0,2,PHENIX CITY,December,29,Friday,11,0,Urban,High Speed (Arterial),Yes,32.447975,-85.01706111,Complex/Circle,Daylight,Clear,11:00am-11:59am,12,11:00am-11:59am,19,12:00pm-12:59pm,9,1,Daylight,Clear,0,2,[],[],0,0,Valid,0.0,0.0,40.0,25.0,"['Male', 'Female']",0,0,3,4,5,Dry,Straight,Level,Lowest,No
866,1,Alabama,10881,1,1,1,0,2,NOT APPLICABLE,December,29,Friday,20,20,Rural,Medium Speed (Collector),No,33.56954444,-85.56106111,Non-Intersection,Dark - Not Lighted,Clear,8:00pm-8:59pm,20,8:00pm-8:59pm,31,Not Applicable (Not Transported),Not Applicable (Not Transported),1,Dark - Unlighted,Clear,0,2,[],[],0,0,Valid,0.0,0.0,59.0,59.0,['Male'],0,0,3,1,4,Dry,Straight,Level,Lowest,No
867,1,Alabama,10883,2,2,2,0,1,MOBILE,December,30,Saturday,19,2,Urban,High Speed (Arterial),Yes,30.71998889,-88.1507,Non-Intersection,Dark - Lighted,Clear,7:00pm-7:59pm,4,7:00pm-7:59pm,10,7:00pm-7:59pm,28,1,Dark - Lighted,Clear,0,1,[],[],1,1,Valid,2.0,0.0,35.0,35.0,['Male'],0,0,3,4,5,Dry,Straight,Grade/Hillcrest,Lowest,No
868,1,Alabama,10884,0,1,1,0,2,NOT APPLICABLE,December,30,Saturday,20,0,Rural,Low Speed (Local),No,34.87864444,-87.5414,Non-Intersection,Dark - Not Lighted,Clear,8:00pm-8:59pm,14,8:00pm-8:59pm,22,8:00pm-8:59pm,45,1,Dark - Unlighted,Clear,1,1,['Front_Passenger'],['Shoulder_Lapbelt'],1,1,Valid,0.0,0.0,57.0,57.0,['Male'],0,0,3,4,2,Wet/Standing Water,Curve,Grade/Hillcrest,Lowest,No
869,1,Alabama,10885,0,2,2,0,2,NOT APPLICABLE,December,31,Sunday,2,20,Rural,Medium Speed (Collector),No,32.41193056,-86.14133611,Non-Intersection,Dark - Not Lighted,Clear,2:00am-2:59am,34,3:00am-3:59am,15,Unknown,Unknown EMS Hospital Arrival Time,1,Dark - Unlighted,Clear,1,1,['Driver'],['None_Used'],0,0,Valid,0.0,1.0,28.0,26.0,"['Male', 'Female']",0,0,3,4,5,Dry,Straight,Level,Lowest,No
870,1,Alabama,10886,0,1,1,0,1,NOT APPLICABLE,December,31,Sunday,22,5,Rural,Medium Speed (Collector),No,32.00173611,-86.95622222,Non-Intersection,Dark - Not Lighted,Clear,Unknown,Unknown,11:00pm-11:59pm,15,Not Applicable (Not Transported),Not Applicable (Not Transported),1,Dark - Unlighted,Clear,1,0,['Driver'],['Shoulder_Lapbelt'],0,0,Valid,0.0,0.0,54.0,54.0,['Male'],1,0,3,4,3,Dry,Straight,Grade/Hillcrest,Lowest,No
871,1,Alabama,10887,0,1,1,0,1,NOT APPLICABLE,November,24,Friday,18,32,Rural,Medium Speed (Collector),No,34.97981944,-87.48449722,Non-Intersection,Dark - Not Lighted,Clear,6:00pm-6:59pm,32,6:00pm-6:59pm,55,Not Applicable (Not Transported),Not Applicable (Not Transported),1,Dark - Unlighted,Clear,1,0,['Driver'],['None_Used'],1,1,Valid,1.0,2.0,49.0,49.0,['Male'],1,0,3,4,3,Dry,Curve,Level,Lowest,No
872,1,Alabama,10888,0,4,4,0,5,NOT APPLICABLE,November,21,Tuesday,9,15,Rural,Low Speed (Local),No,33.41588333,-86.74021111,Non-Intersection,Daylight,Rain,9:00am-9:59am,15,9:00am-9:59am,30,Unknown,Unknown EMS Hospital Arrival Time,1,Daylight,Rain/Wind/Minor,1,4,['Front_Passenger'],['Shoulder_Lapbelt'],0,0,Valid,2.0,1.0,54.0,22.0,"['Female', 'Female', 'Female', 'Male']",2,0,3,4,5,Wet/Standing Water,Straight,Level,Lowest,No
873,1,Alabama,10889,0,1,1,0,2,NOT APPLICABLE,November,25,Saturday,6,53,Rural,Medium Speed (Collector),No,32.16129722,-85.65653611,Non-Intersection,Daylight,Clear,7:00am-7:59am,12,8:00am-8:59am,8,9:00am-9:59am,20,2,Daylight,Clear,2,0,"['Driver', 'Front_Passenger']","['Shoulder_Lapbelt', 'Shoulder_Lapbelt']",0,0,Invalid,0.0,0.0,19.0,19.0,['Male'],2,0,2,4,3,Dry,Curve,Grade/Hillcrest,Lowest,No
874,1,Alabama,10890,0,2,2,0,2,ALEXANDER CITY,June,16,Friday,15,57,Urban,High Speed (Arterial),No,32.90664167,-85.92098611,Non-Intersection,Daylight,Clear,3:00pm-3:59pm,59,4:00pm-4:59pm,0,4:00pm-4:59pm,56,1,Daylight,Clear,1,1,['Driver'],['Shoulder_Lapbelt'],0,0,Valid,0.0,0.0,88.0,44.0,"['Female', 'Male']",0,0,3,4,5,Dry,Straight,Non-Trafficway,Lowest,No
875,1,Alabama,10891,0,2,2,0,3,ALEXANDER CITY,December,18,Monday,5,22,Urban,High Speed (Arterial),No,32.90701389,-85.92734722,Complex/Circle,Dawn,Clear,5:00am-5:59am,24,5:00am-5:59am,33,6:00am-6:59am,7,1,Twilight,Clear,1,2,['Driver'],['Shoulder_Lapbelt'],0,0,Valid,0.0,0.0,79.0,38.0,"['Female', 'Female']",0,0,4,4,5,Dry,Straight,Grade/Hillcrest,Lowest,No
876,1,Alabama,10892,0,1,1,0,1,LIPSCOMB,January,15,Sunday,14,6,Urban,Low Speed (Local),No,33.42462778,-86.93107222,Non-Intersection,Daylight,Clear,2:00pm-2:59pm,24,2:00pm-2:59pm,35,Not Applicable (Not Transported),Not Applicable (Not Transported),1,Daylight,Clear,1,0,['Driver'],['Shoulder_Lapbelt'],0,0,Invalid,0.0,0.0,56.0,56.0,['Male'],0,0,2,4,4,Dry,Straight,Level,Lowest,No
877,1,Alabama,10893,0,2,2,0,2,NOT APPLICABLE,May,4,Thursday,17,57,Rural,Low Speed (Local),No,33.72123056,-87.24471389,Non-Intersection,Daylight,Clear,5:00pm-5:59pm,47,6:00pm-6:59pm,11,6:00pm-6:59pm,40,1,Daylight,Clear,1,1,['Driver'],['Shoulder_Lapbelt'],0,0,Invalid,0.0,0.0,81.0,50.0,"['Male', 'Male']",0,0,3,4,5,Dry,Straight,Grade/Hillcrest,Medium,No
878,1,Alabama,10894,0,1,1,0,4,BIRMINGHAM,July,2,Sunday,2,24,Urban,Low Speed (Local),No,33.527825,-86.76130833,Non-Intersection,Dark - Lighted,Clear,3:00am-3:59am,29,3:00am-3:59am,40,3:00am-3:59am,56,1,Dark - Lighted,Clear,1,3,['Driver'],['None_Used'],1,1,Valid,0.0,2.0,23.0,23.0,['Male'],0,0,2,4,3,Dry,Curve,Level,Lowest,No
879,1,Alabama,10895,1,1,1,0,2,MONTGOMERY,August,10,Thursday,8,57,Rural,Low Speed (Local),No,32.42215556,-86.28384167,Non-Intersection,Daylight,Cloudy,9:00am-9:59am,5,9:00am-9:59am,16,9:00am-9:59am,45,1,Daylight,Reduced Visibility,0,2,[],[],0,0,Valid,2.0,0.0,50.0,50.0,['Male'],0,0,3,1,4,Dry,Straight,Non-Trafficway,Lowest,No
880,1,Alabama,10896,1,1,1,0,2,BIRMINGHAM,August,20,Sunday,12,15,Urban,Medium Speed (Collector),No,33.46461944,-86.88665278,Non-Intersection,Daylight,Clear,12:00pm-12:59pm,15,12:00pm-12:59pm,20,Unknown,Unknown EMS Hospital Arrival Time,1,Daylight,Clear,0,2,[],[],0,0,Valid,1.0,3.0,48.0,48.0,['Male'],0,0,2,2,4,Dry,Straight,Level,Lowest,No
881,1,Alabama,10897,0,1,1,0,4,BIRMINGHAM,August,21,Monday,0,9,Urban,Medium Speed (Collector),No,33.55707778,-86.66101389,Non-Intersection,Dark - Not Lighted,Clear,0:00am-0:59am,29,0:00am-0:59am,36,1:00am-1:59am,11,1,Dark - Unlighted,Clear,1,3,['Rear_Seat'],['None_Used'],0,0,Invalid,0.0,0.0,29.0,29.0,['Male'],0,0,2,4,3,Dry,Straight,Level,Lowest,No
882,1,Alabama,10898,0,3,3,0,3,MOBILE,August,30,Wednesday,21,35,Urban,High Speed (Arterial),Yes,30.67768889,-88.08153611,Complex/Circle,Dark - Lighted,Clear,9:00pm-9:59pm,35,9:00pm-9:59pm,45,Unknown,Unknown EMS Hospital Arrival Time,1,Dark - Lighted,Clear,1,2,['Driver'],['Shoulder_Lapbelt'],0,0,Valid,2.0,0.0,69.0,23.0,"['Male', 'Male', 'Female']",0,0,2,4,5,Dry,Straight,Level,Lowest,No
883,1,Alabama,10899,0,2,1,1,1,MOBILE,September,12,Tuesday,20,35,Urban,High Speed (Arterial),Yes,30.58247222,-88.16779167,Non-Intersection,Dark - Lighted,Clear,8:00pm-8:59pm,38,8:00pm-8:59pm,45,Not Applicable (Not Transported),Not Applicable (Not Transported),1,Dark - Lighted,Clear,1,0,['Driver'],['None_Used'],0,0,Invalid,0.0,1.0,42.0,42.0,['Male'],0,0,2,4,5,Dry,Straight,Level,Lowest,No
884,1,Alabama,10900,0,3,3,0,4,CULLMAN,September,27,Wednesday,14,16,Urban,High Speed (Arterial),Yes,34.19870278,-86.80801944,Complex/Circle,Daylight,Cloudy,2:00pm-2:59pm,17,2:00pm-2:59pm,29,Unknown,Unknown EMS Hospital Arrival Time,1,Daylight,Reduced Visibility,1,3,['Driver'],['None_Used'],0,0,Valid,2.0,0.0,70.0,38.0,"['Female', 'Female', 'Female']",0,0,3,4,5,Dry,Straight,Grade/Hillcrest,Lowest,No
885,1,Alabama,10901,0,1,1,0,1,MONTGOMERY,October,14,Saturday,7,7,Urban,High Speed (Arterial),Yes,32.39523889,-86.31647222,Non-Intersection,Daylight,Clear,7:00am-7:59am,9,7:00am-7:59am,32,7:00am-7:59am,47,1,Daylight,Clear,1,0,['Driver'],['Shoulder_Lapbelt'],0,0,Valid,0.0,1.0,56.0,56.0,['Male'],0,0,2,4,2,Dry,Straight,Level,Lowest,No
886,1,Alabama,10902,0,2,2,0,3,GUNTERSVILLE,November,5,Sunday,10,56,Urban,High Speed (Arterial),Yes,34.31975833,-86.31149167,Simple Junction,Daylight,Cloudy,10:00am-10:59am,56,11:00am-11:59am,2,11:00am-11:59am,39,1,Daylight,Reduced Visibility,1,2,['Driver'],['None_Used'],0,0,Valid,1.0,0.0,75.0,59.0,"['Male', 'Male']",0,0,5,4,5,Dry,Straight,Grade/Hillcrest,Lowest,No
887,1,Alabama,10903,0,1,1,0,1,MIDLAND CITY,November,16,Thursday,20,45,Urban,High Speed (Arterial),Yes,31.29111111,-85.47344444,Non-Intersection,Dark - Lighted,Clear,8:00pm-8:59pm,54,9:00pm-9:59pm,9,Not Applicable (Not Transported),Not Applicable (Not Transported),1,Dark - Lighted,Clear,1,0,['Driver'],['None_Used'],0,0,Valid,0.0,2.0,60.0,60.0,['Male'],0,0,2,4,3,Dry,Straight,Level,Lowest,No
888,1,Alabama,10904,0,1,1,0,2,NOT APPLICABLE,November,19,Sunday,9,32,Rural,Low Speed (Local),No,33.14408889,-86.53257778,Non-Intersection,Daylight,Clear,9:00am-9:59am,39,10:00am-10:59am,0,10:00am-10:59am,36,1,Daylight,Clear,1,1,['Front_Passenger'],['None_Used'],0,0,Valid,0.0,0.0,21.0,21.0,['Male'],2,0,2,4,3,Dry,Curve,Level,Lowest,No
889,1,Alabama,10905,0,2,2,0,2,BIRMINGHAM,November,25,Saturday,19,50,Urban,High Speed (Arterial),Yes,33.520425,-86.81931111,Non-Intersection,Dark - Lighted,Clear,7:00pm-7:59pm,50,7:00pm-7:59pm,57,8:00pm-8:59pm,17,1,Dark - Lighted,Clear,1,1,['Driver'],['Shoulder_Lapbelt'],0,0,Invalid,1.0,0.0,999.0,72.0,"['Other', 'Male']",0,0,2,4,5,Dry,Curve,Level,Lowest,No
890,1,Alabama,10906,0,2,2,0,3,NOT APPLICABLE,December,1,Friday,15,7,Rural,High Speed (Arterial),Yes,34.41802222,-86.26616389,Non-Intersection,Daylight,"Fog, Smog, Smoke",3:00pm-3:59pm,5,3:00pm-3:59pm,8,3:00pm-3:59pm,52,1,Daylight,Reduced Visibility,1,2,['Driver'],['Shoulder_Lapbelt'],0,0,Valid,0.0,0.0,69.0,44.0,"['Female', 'Male']",0,0,3,4,5,Wet/Standing Water,Straight,Level,Lowest,No
891,1,Alabama,10907,1,1,1,0,1,ATHENS,December,14,Thursday,18,30,Rural,High Speed (Arterial),Yes,34.79041667,-86.98395833,Non-Intersection,Dark - Unknown Lighting,Not Reported,6:00pm-6:59pm,11,6:00pm-6:59pm,19,6:00pm-6:59pm,40,1,Dark - Unlighted,Clear,0,1,[],[],0,0,Invalid,0.0,0.0,999.0,999.0,['Other'],0,0,3,0,4,Dry,Straight,Level,Lowest,No
892,1,Alabama,10908,0,1,1,0,6,BIRMINGHAM,May,7,Sunday,5,17,Urban,Low Speed (Local),No,33.50826111,-86.84915833,Complex/Circle,Dawn,Cloudy,5:00am-5:59am,17,5:00am-5:59am,23,Unknown,Unknown EMS Hospital Arrival Time,2,Twilight,Reduced Visibility,2,4,"['Driver', 'Front_Passenger']","['None_Used', 'None_Used']",0,0,Invalid,0.0,0.0,25.0,25.0,['Male'],6,0,2,4,3,Dry,Straight,Grade/Hillcrest,Lowest,Yes
893,2,Alaska,20001,0,2,2,0,3,ANCHORAGE,January,1,Sunday,21,47,Urban,Medium Speed (Collector),No,61.16248611,-149.89235833,Non-Intersection,Dark - Lighted,Clear,9:00pm-9:59pm,52,10:00pm-10:59pm,0,10:00pm-10:59pm,28,1,Dark - Lighted,Clear,1,2,['Driver'],['None_Used'],0,0,Valid,0.0,0.0,54.0,52.0,"['Male', 'Female']",0,0,3,4,5,Icy/Snowy,Curve,Level,Lowest,No
894,2,Alaska,20002,0,2,2,0,2,PALMER,January,12,Thursday,21,21,Urban,High Speed (Arterial),Yes,61.55810833,-149.16753056,Non-Intersection,Dark - Not Lighted,Clear,9:00pm-9:59pm,23,9:00pm-9:59pm,32,Not Applicable (Not Transported),Not Applicable (Not Transported),1,Dark - Unlighted,Clear,1,1,['Driver'],['Shoulder_Lapbelt'],0,0,Valid,0.0,0.0,46.0,26.0,"['Male', 'Male']",0,0,4,4,5,Dry,Straight,Level,Lowest,No
895,2,Alaska,20004,0,2,2,0,2,PALMER,January,21,Saturday,19,42,Rural,Medium Speed (Collector),No,61.60433056,-149.05351944,Simple Junction,Dark - Lighted,Clear,7:00pm-7:59pm,43,7:00pm-7:59pm,51,Not Applicable (Not Transported),Not Applicable (Not Transported),1,Dark - Lighted,Clear,1,1,['Driver'],['None_Used'],0,0,Valid,0.0,0.0,49.0,18.0,"['Female', 'Male']",1,0,3,4,5,Icy/Snowy,Straight,Level,Lowest,No
896,2,Alaska,20005,1,1,1,0,1,ANCHORAGE,January,23,Monday,0,20,Urban,Medium Speed (Collector),No,61.17723889,-149.94165556,Simple Junction,Dark - Lighted,Clear,0:00am-0:59am,24,0:00am-0:59am,29,0:00am-0:59am,46,1,Dark - Lighted,Clear,0,0,[],[],0,0,Invalid,0.0,0.0,999.0,999.0,['Other'],0,0,1,0,4,Icy/Snowy,Straight,Level,Lowest,No
897,2,Alaska,20006,0,2,2,0,2,WASILLA,January,28,Saturday,22,51,Urban,High Speed (Arterial),Yes,61.58349444,-149.55651111,Complex/Circle,Dark - Lighted,Clear,10:00pm-10:59pm,56,10:00pm-10:59pm,59,11:00pm-11:59pm,47,1,Dark - Lighted,Clear,1,1,['Driver'],['Shoulder_Lapbelt'],1,1,Valid,0.0,1.0,68.0,18.0,"['Male', 'Male']",1,0,3,4,5,Dry,Straight,Level,Lowest,No
898,2,Alaska,20007,0,2,2,0,3,ANCHORAGE,March,7,Tuesday,12,4,Urban,High Speed (Arterial),Yes,61.20043056,-149.91295556,Non-Intersection,Daylight,Clear,Not Applicable (Not Notified),Not Applicable (Not Notified),Not Applicable,Not Applicable,Not Applicable (Not Transported),Not Applicable (Not Transported),1,Daylight,Clear,1,2,['Driver'],['Shoulder_Lapbelt'],0,0,Valid,0.0,0.0,43.0,31.0,"['Male', 'Male']",0,0,4,4,1,Wet/Standing Water,Straight,Grade/Hillcrest,Lowest,No
899,2,Alaska,20008,0,2,2,0,2,HOUSTON,March,29,Wednesday,17,31,Rural,High Speed (Arterial),Yes,61.63526944,-149.84641389,Non-Intersection,Daylight,Cloudy,5:00pm-5:59pm,29,5:00pm-5:59pm,38,Not Applicable (Not Transported),Not Applicable (Not Transported),2,Daylight,Reduced Visibility,2,0,"['Driver', 'Driver']","['Shoulder_Lapbelt', 'Shoulder_Lapbelt']",0,0,Valid,0.0,0.0,71.0,53.0,"['Female', 'Male']",1,0,3,4,5,Dry,Straight,Grade/Hillcrest,Lowest,No
900,2,Alaska,20009,0,2,2,0,3,ANCHOR POINT,April,25,Tuesday,17,25,Rural,High Speed (Arterial),Yes,59.75682778,-151.78230833,Non-Intersection,Daylight,Cloudy,Unknown,Unknown,Unknown EMS Scene Arrival Hour,Unknown EMS Scene Arrival Minutes,Unknown,Unknown EMS Hospital Arrival Time,1,Daylight,Reduced Visibility,1,2,['Front_Passenger'],['None_Used'],0,0,Valid,0.0,0.0,57.0,53.0,"['Male', 'Male']",0,0,3,4,5,Dry,Curve,Level,Lowest,No
901,2,Alaska,20010,0,2,2,0,5,JUNEAU,April,26,Wednesday,17,10,Urban,Medium Speed (Collector),No,58.37020278,-134.58595556,Complex/Circle,Daylight,Cloudy,Unknown,Unknown,Unknown EMS Scene Arrival Hour,Unknown EMS Scene Arrival Minutes,Unknown,Unknown EMS Hospital Arrival Time,1,Daylight,Reduced Visibility,1,4,['Front_Passenger'],['Shoulder_Lapbelt'],0,0,Valid,0.0,2.0,55.0,18.0,"['Male', 'Male']",3,0,3,4,5,Dry,Curve,Level,Lowest,No
902,2,Alaska,20011,0,3,3,0,4,Other,February,23,Thursday,17,40,Rural,High Speed (Arterial),Yes,61.10069167,-146.22002778,Simple Junction,Dusk,Snow,5:00pm-5:59pm,Unknown,5:00pm-5:59pm,Unknown EMS Scene Arrival Minutes,Unknown,Unknown EMS Hospital Arrival Time,1,Twilight,Snow/Ice/Severe,1,3,['Front_Passenger'],['None_Used'],0,0,Valid,0.0,0.0,27.0,16.0,"['Male', 'Male', 'Female']",0,0,3,4,5,Icy/Snowy,Straight,Level,Lowest,No
903,2,Alaska,20013,0,2,2,0,2,WASILLA,May,4,Thursday,7,2,Urban,Medium Speed (Collector),No,61.61394722,-149.34190833,Non-Intersection,Daylight,Cloudy,7:00am-7:59am,6,7:00am-7:59am,15,Unknown,Unknown EMS Hospital Arrival Time,1,Daylight,Reduced Visibility,1,1,['Driver'],['None_Used'],0,0,Valid,0.0,1.0,62.0,42.0,"['Female', 'Male']",0,0,2,4,5,Dry,Straight,Level,Lowest,No
904,2,Alaska,20014,0,1,1,0,1,BIG LAKE,May,6,Saturday,11,8,Rural,Medium Speed (Collector),No,61.54011111,-149.75656111,Non-Intersection,Daylight,Clear,Unknown,Unknown,Unknown EMS Scene Arrival Hour,Unknown if Arrived,Not Applicable (Not Transported),Not Applicable (Not Transported),1,Daylight,Clear,1,0,['Driver'],['None_Used'],0,0,Valid,0.0,2.0,35.0,35.0,['Male'],1,0,3,4,3,Dry,Curve,Grade/Hillcrest,Lowest,No
905,2,Alaska,20015,1,1,1,0,2,ANCHORAGE,May,13,Saturday,23,16,Urban,High Speed (Arterial),Yes,61.40838333,-149.4477,Non-Intersection,Dark - Lighted,Clear,Unknown,Unknown,Unknown EMS Scene Arrival Hour,Unknown EMS Scene Arrival Minutes,Not Applicable (Not Transported),Not Applicable (Not Transported),1,Dark - Lighted,Clear,0,2,[],[],0,0,Valid,0.0,3.0,18.0,18.0,['Male'],0,0,3,2,4,Dry,Straight,Level,Lowest,No
906,2,Alaska,20016,0,1,1,0,2,WASILLA,June,2,Friday,23,6,Rural,Medium Speed (Collector),No,61.44181944,-149.77214167,Non-Intersection,Dark - Not Lighted,Rain,Unknown,Unknown,Unknown EMS Scene Arrival Hour,Unknown EMS Scene Arrival Minutes,Unknown,Unknown EMS Hospital Arrival Time,1,Dark - Unlighted,Rain/Wind/Minor,1,1,['Driver'],['Shoulder_Lapbelt'],1,1,Valid,0.0,0.0,32.0,32.0,['Male'],2,0,2,4,3,Wet/Standing Water,Curve,Level,Lowest,No
907,2,Alaska,20017,0,1,1,0,2,PORT NIKISKI,June,3,Saturday,23,17,Rural,Medium Speed (Collector),No,60.75465556,-151.18254722,Non-Intersection,Dusk,Not Reported,11:00pm-11:59pm,Unknown,11:00pm-11:59pm,Unknown EMS Scene Arrival Minutes,Not Applicable (Not Transported),Not Applicable (Not Transported),1,Twilight,Clear,1,1,['Non_Standard_Risk'],['None_Used'],0,0,Invalid,0.0,0.0,16.0,16.0,['Other'],0,0,3,1,1,Dry,Curve,Level,Lowest,No
908,2,Alaska,20018,0,1,1,0,1,ANCHORAGE,June,3,Saturday,22,6,Urban,Medium Speed (Collector),No,61.08629444,-149.83248333,Simple Junction,Dusk,Clear,10:00pm-10:59pm,Unknown,10:00pm-10:59pm,Unknown EMS Scene Arrival Minutes,10:00pm-10:59pm,Unknown EMS Hospital Arrival Time,1,Twilight,Clear,1,0,['Driver'],['None_Used'],1,1,Invalid,1.0,0.0,56.0,56.0,['Male'],0,0,5,4,2,Dry,Curve,Grade/Hillcrest,Lowest,No