,State_Code,State_Name,Crash_ID,Count_Non_Motorists,Count_Vehicles_Total,Count_Vehicle_Forms,Count_PVH_Involved,Count_Occupants_MV,City_Name,Month_Name,Day_of_Month,Day_of_Week,Crash_Hour,Crash_Minute,Area_Rural_Urban,Road_Functional_Class,On_NHS_Road,Latitude,Longitude,Intersection_Type,Light_Condition,Weather_Condition,Notif_Hour,Notif_Minute,Arrival_Hour,Arrival_Minute,Hospital_Hour,Hospital_Minute,Fatalities_Count,Clean_Light_Condition,Clean_Weather_Condition,Total_Killed,Total_Alive,Fatal_Seats_List,Killed_Restraint_List,Any_Driver_Drinking,Total_Drinking_Drivers,Driver_License_Category,Driver_Max_Prev_Accident_Count,Driver_Max_Prev_Speeding_Count,Max_Driver_Age,Min_Driver_Age,Driver_Sex_List,Total_Exceeding_Limit_Vehicles,Total_Too_Fast_Vehicles,Max_Vehicle_Type_Severity_5,Max_Vehicle_Damage_Rank,Max_Harmful_Event_Severity,Crash_Road_Surface_Condition,Crash_Horizontal_Alignment,Crash_Vertical_Profile,Crash_Impairment_Category,Crash_Vehicle_Defect
909,2,Alaska,20019,0,2,2,0,5,JUNEAU,June,10,Saturday,15,6,Urban,High Speed (Arterial),Yes,58.35833333,-134.5585,Simple Junction,Daylight,Cloudy,Unknown,Unknown,Unknown EMS Scene Arrival Hour,Unknown EMS Scene Arrival Minutes,Unknown,Unknown EMS Hospital Arrival Time,1,Daylight,Reduced Visibility,1,4,['Driver'],['Shoulder_Lapbelt'],0,0,Valid,0.0,1.0,59.0,37.0,"['Female', 'Male']",2,0,3,4,5,Dry,Straight,Level,Lowest,No
910,2,Alaska,20020,0,3,3,0,4,TALKEETNA,June,15,Thursday,14,0,Rural,High Speed (Arterial),Yes,62.04347778,-150.05976389,Non-Intersection,Daylight,Clear,Unknown,Unknown,Unknown EMS Scene Arrival Hour,Unknown EMS Scene Arrival Minutes,Unknown,Unknown EMS Hospital Arrival Time,1,Daylight,Clear,1,3,['Driver'],['Shoulder_Lapbelt'],0,0,Invalid,0.0,0.0,77.0,43.0,"['Male', 'Female', 'Male']",0,0,3,4,5,Dry,Straight,Grade/Hillcrest,Medium,No
911,2,Alaska,20021,0,1,1,0,1,CLAM GULCH,June,19,Monday,9,17,Rural,High Speed (Arterial),Yes,60.258075,-151.33656944,Non-Intersection,Daylight,Clear,Unknown,Unknown,Unknown EMS Scene Arrival Hour,Unknown EMS Scene Arrival Minutes,Not Applicable (Not Transported),Not Applicable (Not Transported),1,Daylight,Clear,1,0,['Driver'],['None_Used'],1,1,Valid,0.0,1.0,59.0,59.0,['Male'],1,0,5,4,3,Dry,Curve,Level,Lowest,No
912,2,Alaska,20022,0,3,3,0,3,TOK,June,22,Thursday,18,22,Rural,High Speed (Arterial),Yes,63.17861111,-143.13943611,Non-Intersection,Daylight,Clear,Unknown,Unknown,Unknown EMS Scene Arrival Hour,Unknown EMS Scene Arrival Minutes,Unknown,Unknown EMS Hospital Arrival Time,1,Daylight,Clear,1,2,['Driver'],['None_Used'],0,0,Valid,0.0,0.0,51.0,40.0,"['Male', 'Male', 'Male']",0,0,5,4,5,Dry,Straight,Level,Lowest,No
913,2,Alaska,20023,0,1,1,0,3,GLENNALLEN,June,23,Friday,8,54,Rural,High Speed (Arterial),Yes,61.81198611,-147.49573333,Non-Intersection,Daylight,Clear,Unknown,Unknown,Unknown EMS Scene Arrival Hour,Unknown EMS Scene Arrival Minutes,Unknown,Unknown EMS Hospital Arrival Time,1,Daylight,Clear,1,2,['Front_Passenger'],['Shoulder_Lapbelt'],0,0,Valid,0.0,0.0,61.0,61.0,['Male'],0,0,3,4,3,Dry,Straight,Level,Medium,No
914,2,Alaska,20024,0,1,1,0,1,ANCHORAGE,June,27,Tuesday,4,19,Rural,High Speed (Arterial),Yes,60.93011667,-149.35572778,Non-Intersection,Dawn,Rain,4:00am-4:59am,Unknown,4:00am-4:59am,Unknown EMS Scene Arrival Minutes,5:00am-5:59am,1,1,Twilight,Rain/Wind/Minor,1,0,['Driver'],['None_Used'],1,1,Valid,0.0,1.0,21.0,21.0,['Male'],1,0,2,4,3,Wet/Standing Water,Curve,Level,Lowest,No
915,2,Alaska,20025,1,1,1,0,1,ANCHORAGE,July,1,Saturday,19,9,Urban,High Speed (Arterial),Yes,61.19361389,-149.91183333,Complex/Circle,Daylight,Clear,7:00pm-7:59pm,Unknown,7:00pm-7:59pm,Unknown EMS Scene Arrival Minutes,Not Applicable (Not Transported),Not Applicable (Not Transported),1,Daylight,Clear,0,1,[],[],0,0,Invalid,0.0,0.0,68.0,68.0,['Male'],0,0,3,3,4,Dry,Straight,Level,Lowest,No
916,2,Alaska,20027,0,1,1,0,4,ANCHORAGE,July,14,Friday,18,23,Rural,High Speed (Arterial),Yes,61.28515833,-149.60553056,Non-Intersection,Daylight,Cloudy,6:00pm-6:59pm,28,6:00pm-6:59pm,38,6:00pm-6:59pm,59,1,Daylight,Reduced Visibility,1,3,['Front_Passenger'],['Shoulder_Lapbelt'],0,0,Invalid,0.0,0.0,58.0,58.0,['Female'],0,0,2,4,3,Dry,Straight,Level,Lowest,No
917,2,Alaska,20028,0,1,1,0,2,TANACROSS,July,15,Saturday,2,10,Rural,Medium Speed (Collector),No,63.37788333,-143.35278611,Non-Intersection,Dark - Not Lighted,Clear,Unknown,Unknown,Unknown EMS Scene Arrival Hour,Unknown EMS Scene Arrival Minutes,Unknown,Unknown EMS Hospital Arrival Time,1,Dark - Unlighted,Clear,1,1,['Driver'],['None_Used'],1,1,Valid,0.0,0.0,22.0,22.0,['Male'],2,0,5,4,3,Dry,Curve,Level,Lowest,No
918,2,Alaska,20029,1,1,1,0,1,KODIAK,July,15,Saturday,23,20,Urban,Medium Speed (Collector),No,57.79045278,-152.40241389,Non-Intersection,Dusk,Rain,Unknown,Unknown,Unknown EMS Scene Arrival Hour,Unknown EMS Scene Arrival Minutes,Not Applicable (Not Transported),Not Applicable (Not Transported),1,Twilight,Rain/Wind/Minor,0,1,[],[],0,0,Valid,0.0,0.0,44.0,44.0,['Male'],0,0,4,2,4,Wet/Standing Water,Straight,Grade/Hillcrest,Lowest,No
919,2,Alaska,20030,0,1,1,0,1,NOT APPLICABLE,July,18,Tuesday,14,13,Rural,High Speed (Arterial),Yes,63.0006,-143.3659,Non-Intersection,Daylight,Clear,Not Applicable (Not Notified),Not Applicable (Not Notified),Not Applicable,Not Applicable,Not Applicable (Not Transported),Not Applicable (Not Transported),1,Daylight,Clear,1,0,['Driver'],['None_Used'],0,0,Valid,0.0,0.0,50.0,50.0,['Male'],1,0,5,4,1,Dry,Straight,Level,Lowest,No
920,2,Alaska,20031,1,1,1,0,1,ANCHORAGE,July,30,Sunday,18,24,Urban,High Speed (Arterial),Yes,61.19838333,-149.86818889,Non-Intersection,Daylight,Clear,6:00pm-6:59pm,25,6:00pm-6:59pm,30,6:00pm-6:59pm,43,1,Daylight,Clear,0,1,[],[],0,0,Invalid,0.0,0.0,59.0,59.0,['Male'],0,0,3,3,4,Dry,Straight,Grade/Hillcrest,Lowest,No
921,2,Alaska,20032,0,3,3,0,3,NENANA,August,4,Friday,20,9,Rural,High Speed (Arterial),Yes,64.67657778,-148.89959167,Non-Intersection,Daylight,Clear,Unknown,Unknown,Unknown EMS Scene Arrival Hour,Unknown EMS Scene Arrival Minutes,Unknown,Unknown EMS Hospital Arrival Time,1,Daylight,Clear,1,2,['Driver'],['None_Used'],0,0,Valid,1.0,1.0,22.0,20.0,"['Male', 'Male', 'Male']",3,0,5,4,3,Dry,Curve,Grade/Hillcrest,Lowest,No
922,2,Alaska,20033,1,1,1,0,1,NINILCHIK,August,6,Sunday,3,37,Rural,High Speed (Arterial),Yes,59.94000833,-151.73606111,Non-Intersection,Dark - Not Lighted,Clear,Unknown,Unknown,Unknown EMS Scene Arrival Hour,Unknown EMS Scene Arrival Minutes,Not Applicable (Not Transported),Not Applicable (Not Transported),1,Dark - Unlighted,Clear,0,0,[],[],0,0,Valid,0.0,0.0,42.0,42.0,['Male'],0,0,2,3,4,Dry,Straight,Grade/Hillcrest,Lowest,No
923,2,Alaska,20034,1,1,1,0,1,Other,August,7,Monday,22,23,Rural,Medium Speed (Collector),No,77.7777,777.7777,Non-Intersection,Dark - Unknown Lighting,Not Reported,Unknown,Unknown,Unknown EMS Scene Arrival Hour,Unknown EMS Scene Arrival Minutes,Not Applicable (Not Transported),Not Applicable (Not Transported),1,Dark - Unlighted,Clear,0,1,[],[],0,0,Invalid,0.0,0.0,998.0,998.0,['Other'],0,0,1,0,4,Dry,Straight,Level,Lowest,No
924,2,Alaska,20035,0,1,1,0,3,ANCHORAGE,August,14,Monday,17,45,Urban,High Speed (Arterial),Yes,61.19510833,-149.78171389,Non-Intersection,Daylight,Rain,5:00pm-5:59pm,45,5:00pm-5:59pm,52,6:00pm-6:59pm,5,1,Daylight,Rain/Wind/Minor,1,2,['Non_Standard_Risk'],['None_Used'],0,0,Valid,0.0,0.0,21.0,21.0,['Male'],3,0,2,4,3,Wet/Standing Water,Straight,Level,Lowest,Yes
925,2,Alaska,20036,0,1,1,0,1,ANCHORAGE,August,16,Wednesday,19,33,Urban,High Speed (Arterial),Yes,61.14305,-149.85464444,Non-Intersection,Daylight,Clear,7:00pm-7:59pm,35,7:00pm-7:59pm,40,7:00pm-7:59pm,51,1,Daylight,Clear,1,0,['Driver'],['None_Used'],1,1,Invalid,0.0,2.0,34.0,34.0,['Male'],1,0,3,4,3,Dry,Curve,Level,Lowest,No
926,2,Alaska,20037,1,1,1,0,1,ANCHORAGE,August,24,Thursday,13,36,Urban,Medium Speed (Collector),No,61.18592222,-149.82326389,Non-Intersection,Daylight,Rain,1:00pm-1:59pm,39,1:00pm-1:59pm,43,1:00pm-1:59pm,49,1,Daylight,Rain/Wind/Minor,0,1,[],[],0,0,Valid,0.0,0.0,73.0,73.0,['Male'],0,0,3,1,4,Dry,Straight,Non-Trafficway,Lowest,No
927,2,Alaska,20038,0,1,1,0,1,FAIRBANKS,August,25,Friday,20,5,Rural,Medium Speed (Collector),No,64.82093333,-148.18346389,Non-Intersection,Daylight,Clear,Unknown,Unknown,Unknown EMS Scene Arrival Hour,Unknown EMS Scene Arrival Minutes,Unknown,Unknown EMS Hospital Arrival Time,1,Daylight,Clear,1,0,['Driver'],['None_Used'],0,0,Invalid,0.0,1.0,30.0,30.0,['Male'],0,0,5,4,3,Dry,Curve,Grade/Hillcrest,Lowest,No
928,2,Alaska,20039,0,1,1,0,1,KETCHIKAN,August,28,Monday,22,37,Rural,Medium Speed (Collector),No,55.31305833,-131.52338333,Non-Intersection,Dark - Not Lighted,Cloudy,Unknown,Unknown,Unknown EMS Scene Arrival Hour,Unknown EMS Scene Arrival Minutes,Not Applicable (Not Transported),Not Applicable (Not Transported),1,Dark - Unlighted,Reduced Visibility,1,0,['Driver'],['None_Used'],1,1,Valid,0.0,2.0,42.0,42.0,['Male'],0,0,3,4,3,Dry,Straight,Grade/Hillcrest,Lowest,No
929,2,Alaska,20040,1,1,1,0,1,DELTA JUNCTION,August,29,Tuesday,99,99,Rural,High Speed (Arterial),Yes,64.03033333,-145.70466667,Non-Intersection,Dusk,Clear,Unknown,Unknown,Unknown EMS Scene Arrival Hour,Unknown EMS Scene Arrival Minutes,Not Applicable (Not Transported),Not Applicable (Not Transported),1,Twilight,Clear,0,0,[],[],1,1,Valid,0.0,0.0,31.0,31.0,['Female'],0,0,3,3,4,Dry,Straight,Level,Lowest,No
930,2,Alaska,20041,0,2,2,0,7,STERLING,September,4,Monday,14,54,Rural,High Speed (Arterial),Yes,60.88666667,-150.74333333,Non-Intersection,Daylight,Clear,Unknown,Unknown,Unknown EMS Scene Arrival Hour,Unknown EMS Scene Arrival Minutes,Unknown,Unknown EMS Hospital Arrival Time,1,Daylight,Clear,1,6,['Rear_Seat'],['None_Used'],0,0,Valid,0.0,0.0,66.0,57.0,"['Male', 'Male']",0,0,3,4,5,Dry,Straight,Level,Medium,No
931,2,Alaska,20042,0,2,2,0,3,COOPER LANDING,September,8,Friday,13,33,Rural,High Speed (Arterial),Yes,60.48744444,-150.00618333,Non-Intersection,Daylight,Rain,Not Applicable (Not Notified),Not Applicable (Not Notified),Not Applicable,Not Applicable,Not Applicable (Not Transported),Not Applicable (Not Transported),2,Daylight,Rain/Wind/Minor,2,1,"['Driver', 'Rear_Seat']","['Shoulder_Lapbelt', 'Child_Safety']",0,0,Invalid,1.0,2.0,31.0,30.0,"['Female', 'Male']",0,0,4,4,5,Wet/Standing Water,Straight,Grade/Hillcrest,Lowest,No
932,2,Alaska,20043,0,3,3,0,5,KASILOF,September,14,Thursday,15,40,Rural,High Speed (Arterial),Yes,60.30801389,-151.26660278,Non-Intersection,Daylight,Cloudy,Unknown,Unknown,Unknown EMS Scene Arrival Hour,Unknown EMS Scene Arrival Minutes,Unknown,Unknown EMS Hospital Arrival Time,2,Daylight,Reduced Visibility,2,2,"['Driver', 'Front_Passenger']","['Shoulder_Lapbelt', 'Shoulder_Lapbelt']",0,0,Valid,0.0,1.0,81.0,37.0,"['Male', 'Male', 'Male']",1,0,3,4,5,Dry,Straight,Level,Lowest,No
933,2,Alaska,20044,0,2,2,0,3,WASILLA,September,16,Saturday,2,30,Urban,Medium Speed (Collector),No,61.54030556,-149.458625,Non-Intersection,Dark - Not Lighted,Rain,2:00am-2:59am,22,2:00am-2:59am,34,3:00am-3:59am,3,1,Dark - Unlighted,Rain/Wind/Minor,1,2,['Front_Passenger'],['Shoulder_Lapbelt'],1,1,Valid,0.0,1.0,41.0,25.0,"['Male', 'Male']",2,0,3,4,5,Wet/Standing Water,Curve,Grade/Hillcrest,Lowest,No
934,2,Alaska,20045,0,1,1,0,1,ANCHORAGE,September,17,Sunday,4,59,Rural,Low Speed (Local),No,61.25215278,-149.65879444,Non-Intersection,Dark - Not Lighted,Cloudy,5:00am-5:59am,4,5:00am-5:59am,9,Not Applicable (Not Transported),Not Applicable (Not Transported),1,Dark - Unlighted,Reduced Visibility,1,0,['Driver'],['None_Used'],1,1,Valid,0.0,2.0,39.0,39.0,['Female'],1,0,3,4,3,Wet/Standing Water,Curve,Level,Lowest,No
935,2,Alaska,20046,0,1,1,0,1,WASILLA,September,18,Monday,17,59,Rural,Medium Speed (Collector),No,61.48190833,-149.70865,Non-Intersection,Daylight,Clear,5:00pm-5:59pm,57,6:00pm-6:59pm,3,7:00pm-7:59pm,25,1,Daylight,Clear,1,0,['Driver'],['None_Used'],1,1,Valid,0.0,0.0,50.0,50.0,['Male'],1,0,5,4,2,Dry,Curve,Level,Lowest,No
936,2,Alaska,20047,0,2,2,0,2,WASILLA,October,29,Sunday,5,38,Urban,Medium Speed (Collector),No,61.58707778,-149.63208611,Non-Intersection,Dark - Not Lighted,Cloudy,5:00am-5:59am,37,5:00am-5:59am,50,6:00am-6:59am,17,1,Dark - Unlighted,Reduced Visibility,1,1,['Driver'],['None_Used'],1,1,Valid,0.0,0.0,64.0,17.0,"['Male', 'Female']",0,0,3,4,5,Icy/Snowy,Straight,Level,Medium,No
937,2,Alaska,20048,0,2,2,0,2,NORTH POLE,November,1,Wednesday,7,29,Urban,Medium Speed (Collector),No,64.78141111,-147.38706944,Non-Intersection,Dark - Not Lighted,Clear,Unknown,Unknown,Unknown EMS Scene Arrival Hour,Unknown EMS Scene Arrival Minutes,Unknown,Unknown EMS Hospital Arrival Time,1,Dark - Unlighted,Clear,1,1,['Driver'],['Shoulder_Lapbelt'],0,0,Valid,0.0,1.0,53.0,46.0,"['Female', 'Female']",0,0,3,4,5,Wet/Standing Water,Curve,Level,Lowest,No
938,2,Alaska,20049,0,2,2,0,3,NOT APPLICABLE,November,29,Wednesday,19,38,Rural,High Speed (Arterial),Yes,64.05259722,-145.73700556,Non-Intersection,Dark - Not Lighted,Clear,Unknown,Unknown,Unknown EMS Scene Arrival Hour,Unknown EMS Scene Arrival Minutes,Unknown,Unknown EMS Hospital Arrival Time,1,Dark - Unlighted,Clear,1,2,['Driver'],['Shoulder_Lapbelt'],0,0,Valid,0.0,0.0,67.0,41.0,"['Female', 'Male']",1,0,3,4,5,Dry,Straight,Level,Lowest,No
939,2,Alaska,20050,0,2,2,0,2,FAIRBANKS,December,20,Wednesday,4,50,Rural,High Speed (Arterial),Yes,64.79363611,-148.18596944,Non-Intersection,Dark - Not Lighted,Clear,Unknown,Unknown,Unknown EMS Scene Arrival Hour,Unknown EMS Scene Arrival Minutes,Not Applicable (Not Transported),Not Applicable (Not Transported),1,Dark - Unlighted,Clear,1,1,['Driver'],['None_Used'],0,0,Invalid,0.0,2.0,60.0,44.0,"['Male', 'Male']",0,0,4,4,5,Icy/Snowy,Curve,Level,Lowest,No
940,2,Alaska,20051,0,2,2,0,3,GLENNALLEN,December,23,Saturday,14,40,Rural,High Speed (Arterial),Yes,62.09997222,-146.05508611,Non-Intersection,Daylight,Cloudy,Unknown,Unknown,Unknown EMS Scene Arrival Hour,Unknown EMS Scene Arrival Minutes,Not Applicable (Not Transported),Not Applicable (Not Transported),2,Daylight,Reduced Visibility,2,1,"['Driver', 'Front_Passenger']","['Shoulder_Lapbelt', 'Shoulder_Lapbelt']",0,0,Invalid,0.0,2.0,72.0,26.0,"['Male', 'Male']",0,0,3,4,5,Icy/Snowy,Straight,Level,Lowest,No
941,2,Alaska,20052,1,1,1,0,1,WASILLA,December,28,Thursday,2,16,Rural,Medium Speed (Collector),No,61.54165833,-149.72901944,Non-Intersection,Dark - Not Lighted,Snow,2:00am-2:59am,15,2:00am-2:59am,31,Not Applicable (Not Transported),Not Applicable (Not Transported),1,Dark - Unlighted,Snow/Ice/Severe,0,1,[],[],1,1,Invalid,0.0,0.0,33.0,33.0,['Male'],1,0,3,3,4,Icy/Snowy,Straight,Level,Lowest,No
942,2,Alaska,20053,0,2,2,0,3,ANCHORAGE,December,23,Saturday,16,2,Urban,Medium Speed (Collector),No,61.21363056,-149.86690556,Complex/Circle,Dark - Lighted,Cloudy,4:00pm-4:59pm,4,4:00pm-4:59pm,9,4:00pm-4:59pm,37,1,Dark - Lighted,Reduced Visibility,1,2,['Front_Passenger'],['Shoulder_Lapbelt'],1,1,Invalid,1.0,0.0,73.0,44.0,"['Male', 'Male']",1,0,3,4,5,Icy/Snowy,Straight,Grade/Hillcrest,Lowest,No
943,2,Alaska,20054,1,1,1,0,1,ANCHORAGE,May,8,Monday,15,42,Urban,High Speed (Arterial),Yes,61.19417222,-149.89735278,Non-Intersection,Daylight,Cloudy,3:00pm-3:59pm,44,3:00pm-3:59pm,49,4:00pm-4:59pm,11,1,Daylight,Reduced Visibility,0,1,[],[],0,0,Valid,0.0,0.0,50.0,50.0,['Male'],0,0,3,1,4,Dry,Straight,Level,Lowest,No
944,2,Alaska,20055,0,1,1,0,2,OLD VALDEZ,July,1,Saturday,23,45,Rural,Medium Speed (Collector),No,61.12184444,-146.27315556,Simple Junction,Dusk,Cloudy,Unknown,Unknown,Unknown EMS Scene Arrival Hour,Unknown EMS Scene Arrival Minutes,Not Applicable (Not Transported),Not Applicable (Not Transported),1,Twilight,Reduced Visibility,1,1,['Driver'],['None_Used'],1,1,Valid,0.0,0.0,49.0,49.0,['Male'],2,0,5,4,3,Loose/Unpaved,Straight,Level,Lowest,No
945,2,Alaska,20056,0,2,2,0,5,FAIRBANKS,May,13,Saturday,14,50,Urban,High Speed (Arterial),Yes,64.82042778,-147.70669444,Non-Intersection,Daylight,Clear,Unknown,Unknown,Unknown EMS Scene Arrival Hour,Unknown EMS Scene Arrival Minutes,Unknown,Unknown EMS Hospital Arrival Time,1,Daylight,Clear,1,4,['Driver'],['None_Used'],0,0,Valid,0.0,0.0,73.0,25.0,"['Male', 'Female']",0,0,5,4,5,Dry,Straight,Grade/Hillcrest,Lowest,No
946,2,Alaska,20060,1,1,1,0,1,MCGRATH,March,27,Monday,99,99,Rural,Low Speed (Local),No,62.94283889,-155.60144722,Simple Junction,Daylight,Snow,2:00pm-2:59pm,Unknown,2:00pm-2:59pm,Unknown EMS Scene Arrival Minutes,Not Applicable (Not Transported),Not Applicable (Not Transported),1,Daylight,Snow/Ice/Severe,0,1,[],[],0,0,Valid,0.0,0.0,69.0,69.0,['Female'],0,0,3,1,4,Icy/Snowy,Curve,Level,Lowest,No
947,2,Alaska,20061,0,1,1,0,1,CORDOVA,October,26,Thursday,99,99,Rural,Low Speed (Local),No,77.7777,777.7777,Non-Intersection,Not Reported,Not Reported,Unknown,Unknown if Notified,Unknown EMS Scene Arrival Hour,Unknown if Arrived,Not Applicable (Not Transported),Not Applicable (Not Transported),1,Dark - Unlighted,Clear,1,0,['Driver'],['Shoulder_Lapbelt'],1,1,Invalid,0.0,0.0,24.0,24.0,['Male'],0,0,1,0,1,Dry,Straight,Level,Lowest,No
948,2,Alaska,20062,0,2,2,0,2,FAIRBANKS,January,8,Sunday,10,41,Urban,Medium Speed (Collector),No,64.85090556,-147.69448611,Simple Junction,Daylight,Snow,Unknown,Unknown,Unknown EMS Scene Arrival Hour,Unknown EMS Scene Arrival Minutes,Unknown,Unknown EMS Hospital Arrival Time,1,Daylight,Snow/Ice/Severe,1,0,['Driver'],['Shoulder_Lapbelt'],0,0,Invalid,0.0,0.0,998.0,69.0,"['Other', 'Male']",0,0,3,4,5,Icy/Snowy,Straight,Level,Lowest,No
949,4,Arizona,40001,0,3,3,0,12,PHOENIX,January,1,Sunday,15,40,Urban,High Speed (Arterial),Yes,33.49228611,-112.16899167,Complex/Circle,Daylight,Rain,Unknown,Unknown,Unknown EMS Scene Arrival Hour,Unknown EMS Scene Arrival Minutes,Unknown,Unknown EMS Hospital Arrival Time,1,Daylight,Rain/Wind/Minor,1,11,['Rear_Seat'],['Shoulder_Lapbelt'],0,0,Valid,0.0,1.0,55.0,17.0,"['Male', 'Male', 'Male']",0,0,3,4,5,Wet/Standing Water,Straight,Level,Lowest,Yes
950,4,Arizona,40002,0,2,2,0,4,WENDEN,January,1,Sunday,14,6,Rural,Medium Speed (Collector),No,33.82136389,-113.54343056,Non-Intersection,Daylight,Cloudy,2:00pm-2:59pm,9,2:00pm-2:59pm,28,Not Applicable (Not Transported),Not Applicable (Not Transported),2,Daylight,Reduced Visibility,2,2,"['Driver', 'Front_Passenger']","['Shoulder_Lapbelt', 'Shoulder_Lapbelt']",0,0,Valid,0.0,0.0,79.0,39.0,"['Male', 'Male']",0,0,3,4,5,Wet/Standing Water,Straight,Level,Lowest,No
951,4,Arizona,40003,0,1,1,0,1,TUCSON,January,2,Monday,1,12,Urban,High Speed (Arterial),Yes,32.19940556,-110.97938333,Non-Intersection,Dark - Lighted,Clear,1:00am-1:59am,21,1:00am-1:59am,27,Not Applicable (Not Transported),Not Applicable (Not Transported),1,Dark - Lighted,Clear,1,0,['Driver'],['None_Used'],1,1,Valid,0.0,0.0,58.0,58.0,['Male'],0,0,2,4,3,Wet/Standing Water,Straight,Level,Lowest,No
952,4,Arizona,40004,1,1,1,0,1,SCOTTSDALE,January,4,Wednesday,22,35,Urban,High Speed (Arterial),Yes,33.60850556,-111.92593056,Non-Intersection,Dark - Lighted,Clear,10:00pm-10:59pm,39,10:00pm-10:59pm,44,11:00pm-11:59pm,2,1,Dark - Lighted,Clear,0,1,[],[],0,0,Valid,0.0,0.0,23.0,23.0,['Male'],0,0,3,2,4,Dry,Straight,Level,Lowest,No
953,4,Arizona,40005,0,2,2,0,2,STANFIELD,January,2,Monday,18,9,Rural,High Speed (Arterial),Yes,99.9999,999.9999,Non-Intersection,Dark - Not Lighted,Cloudy,6:00pm-6:59pm,9,6:00pm-6:59pm,38,8:00pm-8:59pm,50,1,Dark - Unlighted,Reduced Visibility,1,1,['Driver'],['Shoulder_Lapbelt'],0,0,Valid,0.0,0.0,45.0,40.0,"['Male', 'Male']",0,0,4,4,5,Dry,Straight,Level,Lowest,No
955,4,Arizona,40007,0,2,2,0,2,HEBER,January,4,Wednesday,18,21,Rural,Medium Speed (Collector),No,34.58788333,-110.39896944,Non-Intersection,Dark - Not Lighted,Clear,6:00pm-6:59pm,23,6:00pm-6:59pm,45,Unknown,Unknown EMS Hospital Arrival Time,1,Dark - Unlighted,Clear,1,1,['Driver'],['Shoulder_Lapbelt'],0,0,Valid,0.0,0.0,51.0,49.0,"['Female', 'Male']",0,0,3,4,3,Dry,Straight,Level,Lowest,No
956,4,Arizona,40008,1,1,1,0,1,TUCSON,January,5,Thursday,6,30,Urban,High Speed (Arterial),No,32.33709722,-110.98594722,Non-Intersection,Dark - Not Lighted,Clear,6:00am-6:59am,31,6:00am-6:59am,35,Unknown,Unknown EMS Hospital Arrival Time,1,Dark - Unlighted,Clear,0,1,[],[],0,0,Valid,0.0,0.0,53.0,53.0,['Female'],0,0,3,2,4,Dry,Straight,Level,Lowest,No
959,4,Arizona,40011,0,2,2,0,2,SUN CITY,January,8,Sunday,15,51,Rural,High Speed (Arterial),Yes,33.755925,-112.50068889,Simple Junction,Daylight,Clear,3:00pm-3:59pm,52,3:00pm-3:59pm,54,4:00pm-4:59pm,19,1,Daylight,Clear,1,1,['Driver'],['Shoulder_Lapbelt'],0,0,Valid,0.0,1.0,64.0,20.0,"['Male', 'Female']",0,0,2,4,5,Dry,Straight,Level,Lowest,No
960,4,Arizona,40012,0,1,1,0,2,Unknown,January,9,Monday,0,47,Rural,Medium Speed (Collector),No,34.90716667,-110.84221944,Non-Intersection,Dark - Not Lighted,Clear,0:00am-0:59am,57,1:00am-1:59am,13,Unknown,Unknown EMS Hospital Arrival Time,1,Dark - Unlighted,Clear,1,1,['Front_Passenger'],['None_Used'],0,0,Valid,0.0,0.0,42.0,42.0,['Male'],0,0,3,4,3,Dry,Straight,Grade/Hillcrest,Lowest,No
962,4,Arizona,40014,1,1,1,0,1,SCOTTSDALE,January,10,Tuesday,19,32,Urban,High Speed (Arterial),No,33.60764722,-111.92591389,Non-Intersection,Dark - Lighted,Clear,7:00pm-7:59pm,32,7:00pm-7:59pm,38,Not Applicable (Not Transported),Not Applicable (Not Transported),1,Dark - Lighted,Clear,0,1,[],[],0,0,Valid,0.0,0.0,65.0,65.0,['Male'],0,0,4,1,4,Dry,Straight,Level,Lowest,No
963,4,Arizona,40015,1,2,2,0,6,TEEC NOS POS,January,11,Wednesday,8,48,Rural,High Speed (Arterial),Yes,36.92883056,-109.08122222,Non-Intersection,Daylight,Clear,8:00am-8:59am,46,9:00am-9:59am,2,Unknown,Unknown EMS Hospital Arrival Time,1,Daylight,Clear,0,1,[],[],0,0,Valid,0.0,0.0,36.0,24.0,"['Male', 'Female']",0,0,2,4,5,Dry,Straight,Level,Lowest,No
965,4,Arizona,40018,0,2,2,0,3,GREEN VALLEY,January,13,Friday,18,21,Urban,High Speed (Arterial),Yes,31.83151389,-111.00031944,Non-Intersection,Daylight,Clear,6:00pm-6:59pm,31,6:00pm-6:59pm,36,Unknown,Unknown EMS Hospital Arrival Time,1,Daylight,Clear,1,2,['Driver'],['Shoulder_Lapbelt'],0,0,Valid,0.0,0.0,79.0,69.0,"['Female', 'Male']",0,0,3,4,5,Dry,Straight,Level,Lowest,No
968,4,Arizona,40021,0,5,5,0,6,TUCSON,January,20,Friday,10,47,Urban,High Speed (Arterial),Yes,32.12199722,-110.86960833,Non-Intersection,Daylight,Clear,10:00am-10:59am,47,10:00am-10:59am,57,11:00am-11:59am,20,1,Daylight,Clear,1,5,['Driver'],['Shoulder_Lapbelt'],0,0,Valid,0.0,0.0,73.0,55.0,"['Male', 'Male', 'Female', 'Male', 'Male']",1,0,3,4,5,Dry,Straight,Level,Lowest,No
970,4,Arizona,40023,0,1,1,0,1,MESA,January,21,Saturday,3,18,Urban,Medium Speed (Collector),No,33.42658889,-111.72096667,Non-Intersection,Dark - Lighted,Clear,3:00am-3:59am,18,3:00am-3:59am,22,Not Applicable (Not Transported),Not Applicable (Not Transported),1,Dark - Lighted,Clear,1,0,['Driver'],['None_Used'],0,0,Valid,0.0,0.0,31.0,31.0,['Male'],1,0,5,3,3,Dry,Straight,Level,Lowest,No
971,4,Arizona,40024,0,4,4,0,10,PHOENIX,January,21,Saturday,18,36,Urban,High Speed (Arterial),Yes,33.46220556,-112.15389167,Non-Intersection,Dark - Lighted,Clear,6:00pm-6:59pm,36,6:00pm-6:59pm,45,7:00pm-7:59pm,0,1,Dark - Lighted,Clear,1,8,['Rear_Seat'],['Child_Safety'],0,0,Invalid,0.0,0.0,33.0,19.0,"['Male', 'Male', 'Male', 'Male']",1,0,3,4,5,Dry,Straight,Level,Lowest,No