,State_Code,State_Name,Crash_ID,Count_Non_Motorists,Count_Vehicles_Total,Count_Vehicle_Forms,Count_PVH_Involved,Count_Occupants_MV,City_Name,Month_Name,Day_of_Month,Day_of_Week,Crash_Hour,Crash_Minute,Area_Rural_Urban,Road_Functional_Class,On_NHS_Road,Latitude,Longitude,Intersection_Type,Light_Condition,Weather_Condition,Notif_Hour,Notif_Minute,Arrival_Hour,Arrival_Minute,Hospital_Hour,Hospital_Minute,Fatalities_Count,Clean_Light_Condition,Clean_Weather_Condition,Total_Killed,Total_Alive,Fatal_Seats_List,Killed_Restraint_List,Any_Driver_Drinking,Total_Drinking_Drivers,Driver_License_Category,Driver_Max_Prev_Accident_Count,Driver_Max_Prev_Speeding_Count,Max_Driver_Age,Min_Driver_Age,Driver_Sex_List,Total_Exceeding_Limit_Vehicles,Total_Too_Fast_Vehicles,Max_Vehicle_Type_Severity_5,Max_Vehicle_Damage_Rank,Max_Harmful_Event_Severity,Crash_Road_Surface_Condition,Crash_Horizontal_Alignment,Crash_Vertical_Profile,Crash_Impairment_Category,Crash_Vehicle_Defect
972,4,Arizona,40025,0,2,2,0,3,MESA,January,23,Monday,17,35,Urban,Medium Speed (Collector),No,33.32255833,-111.68071667,Complex/Circle,Daylight,Cloudy,5:00pm-5:59pm,35,5:00pm-5:59pm,45,6:00pm-6:59pm,15,1,Daylight,Reduced Visibility,1,2,['Driver'],['None_Used'],0,0,Valid,0.0,1.0,65.0,28.0,"['Male', 'Male']",0,0,5,4,5,Dry,Curve,Level,Lowest,No
973,4,Arizona,40026,0,2,2,0,4,APACHE JUNCTION,January,28,Saturday,17,13,Urban,High Speed (Arterial),No,33.41511111,-111.54609722,Simple Junction,Daylight,Clear,5:00pm-5:59pm,13,5:00pm-5:59pm,24,Not Applicable (Not Transported),Not Applicable (Not Transported),1,Daylight,Clear,1,3,['Driver'],['None_Used'],0,0,Valid,0.0,0.0,79.0,66.0,"['Male', 'Male']",1,0,5,4,5,Dry,Straight,Level,Lowest,No
975,4,Arizona,40028,1,1,1,0,2,MESA,January,30,Monday,17,19,Urban,Medium Speed (Collector),No,33.40065278,-111.84021667,Complex/Circle,Daylight,Clear,5:00pm-5:59pm,20,5:00pm-5:59pm,30,5:00pm-5:59pm,40,1,Daylight,Clear,0,2,[],[],0,0,Invalid,0.0,0.0,36.0,36.0,['Female'],0,0,3,4,4,Dry,Straight,Level,Lowest,No
976,4,Arizona,40029,0,3,3,0,3,TUCSON,January,31,Tuesday,4,1,Urban,High Speed (Arterial),Yes,32.15498611,-110.904525,Non-Intersection,Dark - Not Lighted,Clear,4:00am-4:59am,4,4:00am-4:59am,14,Not Applicable (Not Transported),Not Applicable (Not Transported),1,Dark - Unlighted,Clear,1,2,['Driver'],['None_Used'],0,0,Valid,0.0,0.0,36.0,31.0,"['Male', 'Male', 'Male']",0,0,4,4,5,Dry,Straight,Level,Lowest,No
977,4,Arizona,40030,0,1,1,0,2,MESA,January,30,Monday,4,35,Rural,Low Speed (Local),No,33.44572778,-111.70570833,Simple Junction,Dark - Lighted,Clear,4:00am-4:59am,38,4:00am-4:59am,53,5:00am-5:59am,20,1,Dark - Lighted,Clear,1,1,['Front_Passenger'],['None_Used'],0,0,Valid,0.0,0.0,67.0,67.0,['Male'],2,0,3,4,3,Dry,Straight,Level,Lowest,Yes
978,4,Arizona,40032,0,2,2,0,2,TUCSON,January,31,Tuesday,11,0,Urban,Medium Speed (Collector),No,32.16322222,-110.91765556,Complex/Circle,Daylight,Clear,11:00am-11:59am,6,11:00am-11:59am,9,Unknown,Unknown EMS Hospital Arrival Time,1,Daylight,Clear,1,1,['Driver'],['None_Used'],0,0,Valid,0.0,0.0,77.0,59.0,"['Male', 'Male']",0,0,5,4,5,Dry,Straight,Level,Lowest,No
979,4,Arizona,40033,0,1,1,0,4,TUCSON,January,7,Saturday,6,54,Urban,High Speed (Arterial),Yes,32.10848889,-110.84860278,Non-Intersection,Dawn,Clear,7:00am-7:59am,1,7:00am-7:59am,8,8:00am-8:59am,0,3,Twilight,Clear,3,1,"['Front_Passenger', 'Rear_Seat', 'Rear_Seat']","['Shoulder_Lapbelt', 'None_Used', 'None_Used']",0,0,Valid,0.0,0.0,59.0,59.0,['Male'],0,0,3,4,3,Dry,Straight,Level,Medium,No
980,4,Arizona,40034,0,6,6,0,11,CHANDLER,January,12,Thursday,6,15,Urban,High Speed (Arterial),Yes,33.31221667,-111.97209722,Non-Intersection,Dark - Lighted,Clear,6:00am-6:59am,18,6:00am-6:59am,24,Unknown,Unknown EMS Hospital Arrival Time,5,Dark - Lighted,Clear,5,5,"['Front_Passenger', 'Front_Passenger', 'Front_Passenger', 'Front_Passenger', 'Driver']","['Shoulder_Lapbelt', 'Shoulder_Lapbelt', 'Shoulder_Lapbelt', 'Shoulder_Lapbelt', 'Shoulder_Lapbelt']",0,0,Valid,0.0,1.0,999.0,23.0,"['Male', 'Other', 'Male', 'Male', 'Male', 'Male']",1,0,4,4,5,Dry,Straight,Level,Lowest,Yes
981,4,Arizona,40035,0,2,2,0,6,CONGRESS,January,20,Friday,13,1,Rural,High Speed (Arterial),Yes,34.018975,-112.80061944,Non-Intersection,Daylight,Cloudy,1:00pm-1:59pm,1,1:00pm-1:59pm,26,Unknown,Unknown EMS Hospital Arrival Time,2,Daylight,Reduced Visibility,2,4,"['Front_Passenger', 'Driver']","['Shoulder_Lapbelt', 'None_Used']",0,0,Valid,0.0,0.0,75.0,49.0,"['Female', 'Male']",0,0,3,4,5,Dry,Straight,Level,Lowest,No
982,4,Arizona,40036,0,1,1,0,2,PHOENIX,January,25,Wednesday,21,43,Urban,High Speed (Arterial),Yes,33.55748333,-112.03819722,Non-Intersection,Dark - Lighted,Cloudy,9:00pm-9:59pm,47,10:00pm-10:59pm,0,10:00pm-10:59pm,17,1,Dark - Lighted,Reduced Visibility,1,1,['Front_Passenger'],['Shoulder_Lapbelt'],0,0,Valid,0.0,0.0,18.0,18.0,['Male'],2,0,2,4,3,Dry,Curve,Grade/Hillcrest,Lowest,No
983,4,Arizona,40037,1,2,2,0,3,MARANA,February,1,Wednesday,1,17,Urban,High Speed (Arterial),Yes,32.34763333,-111.07769444,Non-Intersection,Dark - Not Lighted,Clear,1:00am-1:59am,26,1:00am-1:59am,26,Not Applicable (Not Transported),Not Applicable (Not Transported),1,Dark - Unlighted,Clear,0,3,[],[],0,0,Valid,0.0,1.0,51.0,42.0,"['Male', 'Male']",0,0,4,4,4,Dry,Straight,Level,Lowest,No
984,4,Arizona,40038,1,1,1,0,2,GILBERT,February,1,Wednesday,14,57,Urban,Medium Speed (Collector),No,33.26341944,-111.72042222,Non-Intersection,Daylight,Clear,2:00pm-2:59pm,57,3:00pm-3:59pm,5,3:00pm-3:59pm,30,1,Daylight,Clear,0,2,[],[],0,0,Valid,0.0,0.0,18.0,18.0,['Male'],0,0,2,4,4,Dry,Straight,Level,Lowest,No
985,4,Arizona,40039,0,2,1,1,2,PHOENIX,February,3,Friday,3,9,Urban,Medium Speed (Collector),No,33.63240833,-112.14536944,Non-Intersection,Dark - Lighted,Clear,3:00am-3:59am,12,3:00am-3:59am,18,3:00am-3:59am,40,1,Dark - Lighted,Clear,1,1,['Driver'],['Shoulder_Lapbelt'],0,0,Valid,0.0,1.0,23.0,23.0,['Male'],2,0,2,4,5,Dry,Straight,Level,Lowest,No
986,4,Arizona,40040,0,2,2,0,3,SCOTTSDALE,February,3,Friday,11,26,Urban,Medium Speed (Collector),No,33.46588611,-111.89179167,Complex/Circle,Daylight,Clear,11:00am-11:59am,26,11:00am-11:59am,31,11:00am-11:59am,45,1,Daylight,Clear,1,2,['Driver'],['Shoulder_Lapbelt'],1,1,Valid,0.0,1.0,80.0,19.0,"['Male', 'Male']",0,0,3,4,5,Dry,Straight,Level,Lowest,No
987,4,Arizona,40042,1,1,1,0,1,PHOENIX,February,4,Saturday,3,48,Urban,High Speed (Arterial),No,33.42961667,-112.06506944,Non-Intersection,Dark - Lighted,Clear,3:00am-3:59am,50,3:00am-3:59am,56,4:00am-4:59am,8,1,Dark - Lighted,Clear,0,1,[],[],0,0,Valid,0.0,0.0,60.0,60.0,['Male'],0,0,3,3,4,Dry,Straight,Level,Lowest,No
988,4,Arizona,40043,1,2,2,0,2,PHOENIX,February,7,Tuesday,4,25,Urban,Medium Speed (Collector),No,33.45332222,-112.08262778,Non-Intersection,Dark - Lighted,Clear,Unknown,Unknown,Unknown EMS Scene Arrival Hour,Unknown EMS Scene Arrival Minutes,Unknown,Unknown EMS Hospital Arrival Time,1,Dark - Lighted,Clear,0,2,[],[],0,0,Valid,0.0,0.0,998.0,59.0,"['Male', 'Male']",0,0,2,3,4,Dry,Straight,Level,Lowest,No
989,4,Arizona,40044,0,3,3,0,3,COOLIDGE,February,9,Thursday,5,29,Rural,Medium Speed (Collector),No,32.9678,-111.61861389,Non-Intersection,Dark - Not Lighted,Clear,5:00am-5:59am,29,5:00am-5:59am,49,Unknown,Unknown EMS Hospital Arrival Time,1,Dark - Unlighted,Clear,1,2,['Driver'],['Shoulder_Lapbelt'],0,0,Valid,0.0,1.0,60.0,33.0,"['Male', 'Female', 'Male']",0,0,3,4,5,Dry,Straight,Level,Lowest,No
990,4,Arizona,40045,0,2,2,0,5,GOODYEAR,February,11,Saturday,17,25,Urban,Medium Speed (Collector),No,33.42090833,-112.40951111,Complex/Circle,Daylight,Clear,5:00pm-5:59pm,25,5:00pm-5:59pm,31,Not Applicable (Not Transported),Not Applicable (Not Transported),1,Daylight,Clear,1,4,['Driver'],['None_Used'],0,0,Valid,1.0,0.0,50.0,21.0,"['Female', 'Male']",0,0,5,4,5,Dry,Straight,Level,Lowest,No
993,4,Arizona,40048,0,2,2,0,2,MESA,February,17,Friday,13,2,Urban,Medium Speed (Collector),No,33.32256667,-111.68064167,Complex/Circle,Daylight,Cloudy,Unknown,Unknown,Unknown EMS Scene Arrival Hour,Officially Cancelled,Unknown,Officially Canceled,1,Daylight,Reduced Visibility,1,1,['Driver'],['None_Used'],0,0,Valid,0.0,1.0,79.0,32.0,"['Male', 'Male']",0,0,5,4,5,Dry,Straight,Level,Lowest,No
994,4,Arizona,40049,0,2,2,0,4,GILBERT,February,21,Tuesday,16,19,Urban,Medium Speed (Collector),No,33.30668333,-111.77285278,Complex/Circle,Daylight,Cloudy,4:00pm-4:59pm,22,4:00pm-4:59pm,26,Not Applicable (Not Transported),Not Applicable (Not Transported),1,Daylight,Reduced Visibility,1,3,['Front_Passenger'],['None_Used'],0,0,Valid,0.0,1.0,49.0,45.0,"['Female', 'Male']",0,0,3,4,5,Dry,Straight,Level,Lowest,No
995,4,Arizona,40050,0,3,3,0,3,SURPRISE,January,1,Sunday,1,55,Rural,Low Speed (Local),No,33.63885556,-112.39416111,Non-Intersection,Dark - Lighted,Cloudy,Unknown,Unknown,Unknown EMS Scene Arrival Hour,Unknown EMS Scene Arrival Minutes,Not Applicable (Not Transported),Not Applicable (Not Transported),1,Dark - Lighted,Reduced Visibility,1,2,['Driver'],['Shoulder_Lapbelt'],1,1,Valid,0.0,0.0,57.0,29.0,"['Female', 'Male', 'Male']",1,0,3,4,5,Dry,Straight,Level,Lowest,No
996,4,Arizona,40051,0,1,1,0,1,EAGAR,January,2,Monday,12,20,Rural,Low Speed (Local),No,34.041775,-109.34848056,Non-Intersection,Daylight,Clear,Unknown,Unknown,Unknown EMS Scene Arrival Hour,Unknown EMS Scene Arrival Minutes,Not Applicable (Not Transported),Not Applicable (Not Transported),1,Daylight,Clear,1,0,['Driver'],['None_Used'],1,1,Valid,0.0,0.0,17.0,17.0,['Male'],0,0,3,4,3,Dry,Curve,Grade/Hillcrest,Lowest,No
998,4,Arizona,40053,0,1,1,0,1,GOODYEAR,January,7,Saturday,2,13,Urban,High Speed (Arterial),Yes,33.46226667,-112.42245556,Non-Intersection,Dark - Lighted,Clear,2:00am-2:59am,15,2:00am-2:59am,18,2:00am-2:59am,45,1,Dark - Lighted,Clear,1,0,['Driver'],['None_Used'],0,0,Valid,0.0,0.0,29.0,29.0,['Male'],0,0,2,4,3,Dry,Straight,Level,Lowest,No
999,4,Arizona,40054,1,1,1,0,1,SURPRISE,January,7,Saturday,21,45,Urban,High Speed (Arterial),Yes,33.71471667,-112.44790278,Non-Intersection,Dark - Not Lighted,Clear,9:00pm-9:59pm,51,10:00pm-10:59pm,3,Not Applicable (Not Transported),Not Applicable (Not Transported),1,Dark - Unlighted,Clear,0,1,[],[],0,0,Valid,0.0,0.0,25.0,25.0,['Male'],0,0,2,4,4,Dry,Straight,Level,Lowest,No
1000,4,Arizona,40055,0,2,2,0,3,COOLIDGE,January,9,Monday,5,50,Rural,Medium Speed (Collector),No,33.00249167,-111.54123889,Non-Intersection,Dark - Not Lighted,Clear,5:00am-5:59am,54,6:00am-6:59am,1,Unknown,Unknown EMS Hospital Arrival Time,1,Dark - Unlighted,Clear,1,2,['Driver'],['Shoulder_Lapbelt'],0,0,Valid,0.0,1.0,76.0,48.0,"['Female', 'Male']",0,0,4,4,5,Dry,Straight,Level,Lowest,No
1001,4,Arizona,40056,1,1,1,0,2,TUCSON,January,4,Wednesday,18,33,Urban,High Speed (Arterial),No,32.25356667,-110.87530833,Complex/Circle,Dark - Not Lighted,Reported as Unknown,6:00pm-6:59pm,33,6:00pm-6:59pm,40,Not Applicable (Not Transported),Not Applicable (Not Transported),1,Dark - Unlighted,Clear,0,2,[],[],0,0,Valid,0.0,1.0,61.0,61.0,['Female'],0,0,3,2,4,Dry,Straight,Level,Lowest,No
1002,4,Arizona,40057,0,2,2,0,2,TUCSON,January,19,Thursday,8,21,Urban,High Speed (Arterial),No,32.25075,-110.87534722,Complex/Circle,Daylight,Clear,8:00am-8:59am,0,8:00am-8:59am,20,8:00am-8:59am,40,1,Daylight,Clear,1,1,['Driver'],['Shoulder_Lapbelt'],0,0,Valid,0.0,0.0,69.0,18.0,"['Male', 'Male']",0,0,3,4,5,Dry,Straight,Level,Lowest,No
1003,4,Arizona,40058,0,3,3,0,5,CASA GRANDE,January,16,Monday,12,32,Rural,High Speed (Arterial),No,32.87978611,-111.63215278,Complex/Circle,Daylight,Clear,12:00pm-12:59pm,33,12:00pm-12:59pm,47,Unknown,Unknown EMS Hospital Arrival Time,1,Daylight,Clear,1,4,['Rear_Seat'],['Child_Safety'],0,0,Valid,0.0,0.0,36.0,23.0,"['Male', 'Female', 'Male']",0,0,3,4,5,Wet/Standing Water,Straight,Level,Lowest,No
1004,4,Arizona,40059,0,2,2,0,3,PHOENIX,January,20,Friday,2,56,Urban,High Speed (Arterial),Yes,33.44616667,-112.10816667,Non-Intersection,Dark - Lighted,Cloudy,2:00am-2:59am,56,3:00am-3:59am,8,Unknown,Unknown EMS Hospital Arrival Time,1,Dark - Lighted,Reduced Visibility,1,2,['Driver'],['None_Used'],1,1,Invalid,0.0,1.0,57.0,22.0,"['Female', 'Male']",2,0,2,4,5,Dry,Straight,Level,Lowest,No
1005,4,Arizona,40060,0,2,2,0,2,MESA,January,22,Sunday,11,51,Urban,Medium Speed (Collector),No,33.43724722,-111.74498056,Complex/Circle,Daylight,Clear,11:00am-11:59am,51,11:00am-11:59am,57,12:00pm-12:59pm,30,1,Daylight,Clear,1,1,['Driver'],['None_Used'],0,0,Valid,0.0,1.0,94.0,57.0,"['Male', 'Male']",0,0,3,4,5,Dry,Straight,Level,Lowest,No
1006,4,Arizona,40061,0,1,1,0,1,WIKIEUP,January,24,Tuesday,8,0,Rural,High Speed (Arterial),Yes,34.58946944,-113.51036667,Non-Intersection,Daylight,Clear,8:00am-8:59am,8,8:00am-8:59am,58,Not Applicable (Not Transported),Not Applicable (Not Transported),1,Daylight,Clear,1,0,['Driver'],['Shoulder_Lapbelt'],0,0,Valid,0.0,1.0,35.0,35.0,['Male'],0,0,4,4,3,Dry,Straight,Level,Lowest,No
1007,4,Arizona,40062,0,2,2,0,2,Other,January,22,Sunday,23,19,Urban,Medium Speed (Collector),No,33.058025,-112.04810556,Simple Junction,Dark - Lighted,Clear,11:00pm-11:59pm,19,11:00pm-11:59pm,26,0:00am-0:59am,10,1,Dark - Lighted,Clear,1,1,['Driver'],['None_Used'],0,0,Valid,0.0,0.0,37.0,28.0,"['Male', 'Female']",1,0,5,4,5,Dry,Straight,Grade/Hillcrest,Lowest,No
1008,4,Arizona,40063,1,1,1,0,1,GOODYEAR,January,14,Saturday,8,51,Urban,Medium Speed (Collector),No,33.48664167,-112.37334722,Simple Junction,Daylight,Clear,8:00am-8:59am,51,9:00am-9:59am,0,Not Applicable (Not Transported),Not Applicable (Not Transported),1,Daylight,Clear,0,1,[],[],0,0,Valid,0.0,0.0,24.0,24.0,['Female'],1,0,2,1,4,Dry,Straight,Level,Lowest,No
1009,4,Arizona,40064,0,2,2,0,2,TUCSON,January,23,Monday,7,22,Rural,Low Speed (Local),No,32.08396667,-110.75546389,Non-Intersection,Daylight,Cloudy,7:00am-7:59am,22,7:00am-7:59am,22,Not Applicable (Not Transported),Not Applicable (Not Transported),1,Daylight,Reduced Visibility,1,1,['Driver'],['Shoulder_Lapbelt'],0,0,Valid,0.0,0.0,34.0,16.0,"['Female', 'Male']",0,0,3,4,5,Dry,Curve,Level,Lowest,No
1010,4,Arizona,40065,0,2,2,0,2,FORT MCDOWELL,February,3,Friday,3,5,Rural,High Speed (Arterial),Yes,33.634,-111.54943611,Non-Intersection,Dark - Not Lighted,Clear,3:00am-3:59am,9,3:00am-3:59am,33,Not Applicable (Not Transported),Not Applicable (Not Transported),1,Dark - Unlighted,Clear,1,1,['Driver'],['None_Used'],0,0,Valid,0.0,2.0,67.0,48.0,"['Male', 'Female']",0,0,3,4,5,Dry,Straight,Level,Lowest,No
1011,4,Arizona,40066,0,2,2,0,5,WILLIAMS,February,3,Friday,8,2,Rural,High Speed (Arterial),Yes,35.28219167,-112.14601111,Non-Intersection,Daylight,Clear,8:00am-8:59am,4,8:00am-8:59am,15,Unknown,Unknown EMS Hospital Arrival Time,2,Daylight,Clear,2,3,"['Rear_Seat', 'Rear_Seat']","['None_Used', 'None_Used']",0,0,Valid,0.0,0.0,67.0,66.0,"['Male', 'Male']",0,0,4,4,5,Dry,Straight,Level,Lowest,No
1012,4,Arizona,40068,0,2,2,0,5,TUCSON,February,4,Saturday,21,45,Rural,Medium Speed (Collector),No,32.22098333,-111.11455556,Non-Intersection,Dark - Lighted,Clear,9:00pm-9:59pm,45,9:00pm-9:59pm,56,10:00pm-10:59pm,39,2,Dark - Lighted,Clear,2,3,"['Driver', 'Front_Passenger']","['Shoulder_Lapbelt', 'Shoulder_Lapbelt']",0,0,Valid,0.0,1.0,32.0,20.0,"['Male', 'Female']",2,0,3,4,5,Dry,Straight,Level,Lowest,No
1013,4,Arizona,40069,1,1,1,0,2,PHOENIX,February,4,Saturday,22,40,Urban,Medium Speed (Collector),No,33.46577778,-112.00803056,Non-Intersection,Dark - Lighted,Clear,Unknown,Unknown,Unknown EMS Scene Arrival Hour,Unknown EMS Scene Arrival Minutes,Unknown,Unknown EMS Hospital Arrival Time,1,Dark - Lighted,Clear,0,2,[],[],0,0,Valid,0.0,0.0,36.0,36.0,['Female'],0,0,3,3,4,Dry,Straight,Level,Lowest,No
1014,4,Arizona,40070,0,3,3,0,4,PHOENIX,February,4,Saturday,23,43,Urban,Medium Speed (Collector),No,33.46568333,-112.06078889,Complex/Circle,Dark - Lighted,Clear,Unknown,Unknown,Unknown EMS Scene Arrival Hour,Unknown EMS Scene Arrival Minutes,Unknown,Unknown EMS Hospital Arrival Time,1,Dark - Lighted,Clear,1,3,['Driver'],['None_Used'],1,1,Valid,0.0,0.0,43.0,36.0,"['Female', 'Female']",0,0,3,4,5,Dry,Straight,Level,Lowest,No
1015,4,Arizona,40071,1,3,3,0,6,PHOENIX,February,3,Friday,14,42,Urban,Medium Speed (Collector),No,33.48025278,-112.22055,Complex/Circle,Daylight,Clear,Unknown,Unknown,Unknown EMS Scene Arrival Hour,Unknown EMS Scene Arrival Minutes,Unknown,Unknown EMS Hospital Arrival Time,1,Daylight,Clear,1,5,['Driver'],['None_Used'],0,0,Valid,0.0,1.0,27.0,18.0,"['Male', 'Male', 'Male']",3,0,2,4,5,Dry,Straight,Level,Lowest,No
1016,4,Arizona,40073,0,2,2,0,2,TUCSON,February,7,Tuesday,1,8,Urban,High Speed (Arterial),Yes,32.20308333,-110.97963333,Non-Intersection,Dark - Lighted,Clear,1:00am-1:59am,8,1:00am-1:59am,18,Not Applicable (Not Transported),Not Applicable (Not Transported),1,Dark - Lighted,Clear,1,1,['Driver'],['Shoulder_Lapbelt'],1,1,Valid,0.0,0.0,47.0,41.0,"['Male', 'Male']",1,0,4,4,5,Dry,Straight,Level,Lowest,No
1017,4,Arizona,40074,0,1,1,0,1,SALOME,February,9,Thursday,0,28,Rural,Medium Speed (Collector),No,33.76910278,-113.79165,Non-Intersection,Dark - Not Lighted,Clear,0:00am-0:59am,32,0:00am-0:59am,55,Not Applicable (Not Transported),Not Applicable (Not Transported),1,Dark - Unlighted,Clear,1,0,['Driver'],['Shoulder_Lapbelt'],0,0,Invalid,0.0,0.0,27.0,27.0,['Male'],0,0,4,4,3,Dry,Straight,Level,Lowest,No
1018,4,Arizona,40075,0,1,1,0,1,CASA GRANDE,February,10,Friday,0,43,Rural,Medium Speed (Collector),No,32.82351667,-111.671025,Non-Intersection,Dark - Not Lighted,Clear,Unknown,Unknown,Unknown EMS Scene Arrival Hour,Officially Cancelled,Unknown,Officially Canceled,1,Dark - Unlighted,Clear,1,0,['Front_Passenger'],['None_Used'],0,0,Valid,0.0,0.0,49.0,34.0,Other,0,0,3,4,4,Dry,Straight,Level,Lowest,No
1019,4,Arizona,40076,2,1,1,0,1,CASA GRANDE,February,10,Friday,1,29,Rural,Medium Speed (Collector),No,32.95279722,-111.52193889,Non-Intersection,Dark - Not Lighted,Clear,1:00am-1:59am,31,1:00am-1:59am,41,Not Applicable (Not Transported),Not Applicable (Not Transported),2,Dark - Unlighted,Clear,0,1,[],[],0,0,Valid,0.0,0.0,53.0,53.0,['Male'],0,0,2,4,4,Dry,Straight,Level,Lowest,No
1021,4,Arizona,40078,1,1,1,0,1,PHOENIX,February,11,Saturday,17,5,Urban,Medium Speed (Collector),No,33.48296944,-112.20335556,Non-Intersection,Daylight,Clear,Unknown,Unknown,Unknown EMS Scene Arrival Hour,Unknown EMS Scene Arrival Minutes,Unknown,Unknown EMS Hospital Arrival Time,1,Daylight,Clear,0,1,[],[],0,0,Valid,0.0,2.0,28.0,28.0,['Male'],0,0,3,3,4,Dry,Straight,Level,Lowest,No
1022,4,Arizona,40079,0,1,1,0,3,ORACLE,February,11,Saturday,17,19,Rural,Low Speed (Local),No,32.53674444,-110.71611667,Non-Intersection,Daylight,Cloudy,Unknown,Unknown,Unknown EMS Scene Arrival Hour,Unknown EMS Scene Arrival Minutes,Unknown,Unknown EMS Hospital Arrival Time,1,Daylight,Reduced Visibility,1,2,['Driver'],['None_Used'],1,1,Valid,0.0,0.0,32.0,32.0,['Female'],0,0,3,4,3,Dry,Curve,Grade/Hillcrest,Lowest,No
1023,4,Arizona,40080,0,1,1,0,1,Other,February,11,Saturday,18,9,Urban,Medium Speed (Collector),No,33.16893056,-111.61689167,Non-Intersection,Daylight,Clear,6:00pm-6:59pm,10,6:00pm-6:59pm,19,Not Applicable (Not Transported),Not Applicable (Not Transported),1,Daylight,Clear,1,0,['Driver'],['None_Used'],1,1,Valid,0.0,0.0,19.0,19.0,['Male'],1,0,5,4,2,Dry,Straight,Level,Lowest,No
1024,4,Arizona,40081,0,2,2,0,2,CHANDLER,February,11,Saturday,20,3,Urban,High Speed (Arterial),Yes,33.30546944,-111.97353889,Non-Intersection,Dark - Lighted,Clear,8:00pm-8:59pm,5,8:00pm-8:59pm,18,Not Applicable (Not Transported),Not Applicable (Not Transported),1,Dark - Lighted,Clear,1,1,['Driver'],['None_Used'],0,0,Valid,0.0,0.0,49.0,34.0,"['Male', 'Male']",0,0,5,4,5,Dry,Straight,Level,Lowest,No
1025,4,Arizona,40082,1,1,1,0,1,PHOENIX,February,11,Saturday,20,34,Urban,Medium Speed (Collector),No,33.46533056,-112.23765556,Complex/Circle,Dark - Lighted,Clear,Unknown,Unknown,Unknown EMS Scene Arrival Hour,Unknown EMS Scene Arrival Minutes,Not Applicable (Not Transported),Not Applicable (Not Transported),1,Dark - Lighted,Clear,0,1,[],[],1,1,Valid,0.0,0.0,61.0,61.0,['Male'],0,0,3,3,4,Dry,Straight,Level,Lowest,No
1026,4,Arizona,40083,1,1,1,0,1,GLENDALE,February,12,Sunday,5,35,Urban,High Speed (Arterial),Yes,33.56969722,-112.16908611,Non-Intersection,Dark - Lighted,Clear,5:00am-5:59am,34,5:00am-5:59am,43,Not Applicable (Not Transported),Not Applicable (Not Transported),1,Dark - Lighted,Clear,0,1,[],[],1,1,Invalid,0.0,2.0,30.0,30.0,['Male'],0,0,3,3,4,Dry,Straight,Level,Lowest,No
1027,4,Arizona,40084,0,2,2,0,2,SCOTTSDALE,February,14,Tuesday,13,50,Urban,Medium Speed (Collector),No,33.62571944,-111.89498611,Non-Intersection,Daylight,Cloudy,1:00pm-1:59pm,51,1:00pm-1:59pm,58,2:00pm-2:59pm,26,1,Daylight,Reduced Visibility,1,1,['Driver'],['None_Used'],0,0,Valid,0.0,0.0,89.0,27.0,"['Male', 'Male']",0,0,5,4,5,Dry,Curve,Level,Lowest,No
1028,4,Arizona,40085,0,1,1,0,1,TUCSON,February,14,Tuesday,14,43,Urban,High Speed (Arterial),Yes,32.08772222,-110.81553611,Non-Intersection,Daylight,Clear,2:00pm-2:59pm,44,2:00pm-2:59pm,58,Not Applicable (Not Transported),Not Applicable (Not Transported),1,Daylight,Clear,1,0,['Driver'],['Shoulder_Lapbelt'],1,1,Valid,0.0,0.0,31.0,31.0,['Male'],0,0,4,4,3,Dry,Straight,Level,Lowest,No
1029,4,Arizona,40086,0,4,4,0,7,NOT APPLICABLE,February,15,Wednesday,6,33,Rural,High Speed (Arterial),Yes,35.15172222,-111.245075,Non-Intersection,Dawn,Cloudy,6:00am-6:59am,33,6:00am-6:59am,45,Unknown,Unknown EMS Hospital Arrival Time,1,Twilight,Reduced Visibility,1,6,['Front_Passenger'],['Shoulder_Lapbelt'],0,0,Valid,1.0,0.0,47.0,26.0,"['Male', 'Male', 'Male', 'Male']",2,0,4,4,5,Icy/Snowy,Straight,Level,Lowest,No
1030,4,Arizona,40087,0,6,6,0,9,TUCSON,February,15,Wednesday,8,6,Urban,High Speed (Arterial),Yes,32.12570833,-110.87609444,Non-Intersection,Daylight,Clear,8:00am-8:59am,6,8:00am-8:59am,26,Unknown,Unknown EMS Hospital Arrival Time,2,Daylight,Clear,2,7,"['Driver', 'Driver']","['Shoulder_Lapbelt', 'None_Used']",1,1,Valid,0.0,1.0,48.0,31.0,"['Male', 'Male', 'Female', 'Male', 'Male', 'Male']",1,0,4,4,5,Wet/Standing Water,Straight,Grade/Hillcrest,Lowest,No
1031,4,Arizona,40088,0,2,2,0,4,SONOITA,February,15,Wednesday,12,28,Rural,Medium Speed (Collector),No,31.68025,-110.64845833,Non-Intersection,Daylight,Clear,12:00pm-12:59pm,32,12:00pm-12:59pm,42,2:00pm-2:59pm,18,1,Daylight,Clear,1,3,['Front_Passenger'],['Shoulder_Lapbelt'],0,0,Valid,0.0,0.0,71.0,69.0,"['Male', 'Male']",0,0,3,4,5,Dry,Straight,Level,Lowest,No
1033,4,Arizona,40090,0,1,1,0,1,GOODYEAR,February,17,Friday,1,21,Urban,Medium Speed (Collector),No,33.50183889,-112.4442,Non-Intersection,Dark - Not Lighted,Clear,1:00am-1:59am,23,1:00am-1:59am,28,1:00am-1:59am,58,1,Dark - Unlighted,Clear,1,0,['Driver'],['None_Used'],1,1,Valid,0.0,0.0,17.0,17.0,['Male'],1,0,3,4,3,Dry,Straight,Level,Lowest,No