,State_Code,State_Name,Crash_ID,Count_Non_Motorists,Count_Vehicles_Total,Count_Vehicle_Forms,Count_PVH_Involved,Count_Occupants_MV,City_Name,Month_Name,Day_of_Month,Day_of_Week,Crash_Hour,Crash_Minute,Area_Rural_Urban,Road_Functional_Class,On_NHS_Road,Latitude,Longitude,Intersection_Type,Light_Condition,Weather_Condition,Notif_Hour,Notif_Minute,Arrival_Hour,Arrival_Minute,Hospital_Hour,Hospital_Minute,Fatalities_Count,Clean_Light_Condition,Clean_Weather_Condition,Total_Killed,Total_Alive,Fatal_Seats_List,Killed_Restraint_List,Any_Driver_Drinking,Total_Drinking_Drivers,Driver_License_Category,Driver_Max_Prev_Accident_Count,Driver_Max_Prev_Speeding_Count,Max_Driver_Age,Min_Driver_Age,Driver_Sex_List,Total_Exceeding_Limit_Vehicles,Total_Too_Fast_Vehicles,Max_Vehicle_Type_Severity_5,Max_Vehicle_Damage_Rank,Max_Harmful_Event_Severity,Crash_Road_Surface_Condition,Crash_Horizontal_Alignment,Crash_Vertical_Profile,Crash_Impairment_Category,Crash_Vehicle_Defect
1034,4,Arizona,40091,0,2,2,0,6,ELGIN,February,19,Sunday,15,50,Rural,Medium Speed (Collector),No,31.723975,-110.50463611,Non-Intersection,Daylight,Rain,3:00pm-3:59pm,50,4:00pm-4:59pm,6,5:00pm-5:59pm,6,4,Daylight,Rain/Wind/Minor,4,2,"['Driver', 'Driver', 'Front_Passenger', 'Rear_Seat']","['None_Used', 'Shoulder_Lapbelt', 'Shoulder_Lapbelt', 'Shoulder_Lapbelt']",1,1,Valid,0.0,1.0,34.0,30.0,"['Female', 'Female']",2,0,3,4,5,Wet/Standing Water,Straight,Level,Lowest,Yes
1035,4,Arizona,40092,0,2,2,0,3,MESA,February,19,Sunday,17,6,Urban,Medium Speed (Collector),No,33.39677778,-111.85716389,Non-Intersection,Daylight,Clear,5:00pm-5:59pm,6,5:00pm-5:59pm,8,5:00pm-5:59pm,45,1,Daylight,Clear,1,2,['Driver'],['None_Used'],0,0,Valid,0.0,1.0,30.0,25.0,"['Female', 'Male']",2,0,5,4,5,Dry,Straight,Level,Lowest,No
1036,4,Arizona,40093,0,2,2,0,2,MESA,February,20,Monday,18,10,Urban,Medium Speed (Collector),No,33.43735556,-111.73642778,Complex/Circle,Dusk,Clear,6:00pm-6:59pm,10,6:00pm-6:59pm,15,6:00pm-6:59pm,40,1,Twilight,Clear,1,1,['Driver'],['None_Used'],0,0,Valid,0.0,0.0,41.0,19.0,"['Male', 'Male']",1,0,5,4,5,Dry,Straight,Level,Lowest,No
1037,4,Arizona,40094,0,1,1,0,2,PHOENIX,February,21,Tuesday,17,4,Urban,High Speed (Arterial),Yes,33.39163889,-112.19215833,Non-Intersection,Daylight,Clear,5:00pm-5:59pm,6,5:00pm-5:59pm,12,Unknown,Unknown EMS Hospital Arrival Time,1,Daylight,Clear,1,1,['Driver'],['Shoulder_Lapbelt'],0,0,Valid,0.0,0.0,56.0,56.0,['Male'],0,0,3,4,3,Dry,Straight,Level,Lowest,Yes
1038,4,Arizona,40095,0,2,2,0,3,MESA,February,22,Wednesday,13,14,Urban,Medium Speed (Collector),No,33.32166389,-111.60465556,Simple Junction,Daylight,Cloudy,1:00pm-1:59pm,14,1:00pm-1:59pm,28,1:00pm-1:59pm,40,1,Daylight,Reduced Visibility,1,2,['Rear_Seat'],['None_Used'],0,0,Valid,0.0,0.0,40.0,16.0,"['Male', 'Male']",0,0,5,4,5,Dry,Straight,Level,Lowest,Yes
1039,4,Arizona,40096,1,1,1,0,1,PEORIA,February,23,Thursday,6,16,Urban,Medium Speed (Collector),No,33.74879167,-112.33104444,Complex/Circle,Dark - Lighted,Clear,6:00am-6:59am,16,6:00am-6:59am,23,Unknown,Unknown EMS Hospital Arrival Time,1,Dark - Lighted,Clear,0,1,[],[],0,0,Valid,0.0,0.0,35.0,35.0,['Female'],0,0,3,3,4,Dry,Straight,Level,Lowest,No
1040,4,Arizona,40097,0,2,2,0,4,PHOENIX,February,23,Thursday,19,47,Urban,High Speed (Arterial),Yes,33.617925,-112.16841944,Complex/Circle,Dark - Lighted,Clear,Unknown,Unknown,Unknown EMS Scene Arrival Hour,Unknown EMS Scene Arrival Minutes,Unknown,Unknown EMS Hospital Arrival Time,1,Dark - Lighted,Clear,1,3,['Driver'],['None_Used'],0,0,Valid,0.0,1.0,65.0,18.0,"['Male', 'Male']",0,0,2,4,5,Dry,Straight,Level,Lowest,No
1041,4,Arizona,40098,1,1,1,0,1,SAFFORD,February,23,Thursday,19,19,Urban,Medium Speed (Collector),No,32.80241944,-109.69822222,Non-Intersection,Dusk,Clear,Unknown,Unknown,Unknown EMS Scene Arrival Hour,Unknown EMS Scene Arrival Minutes,Unknown,Unknown EMS Hospital Arrival Time,1,Twilight,Clear,0,1,[],[],0,0,Valid,0.0,0.0,17.0,17.0,['Female'],0,0,2,4,4,Dry,Straight,Level,Lowest,No
1042,4,Arizona,40099,0,3,3,0,5,PHOENIX,February,23,Thursday,23,20,Urban,Medium Speed (Collector),No,33.67612222,-112.09989722,Non-Intersection,Dark - Lighted,Clear,11:00pm-11:59pm,20,11:00pm-11:59pm,30,11:00pm-11:59pm,45,3,Dark - Lighted,Clear,3,2,"['Driver', 'Front_Passenger', 'Driver']","['None_Used', 'None_Used', 'Shoulder_Lapbelt']",0,0,Invalid,0.0,4.0,28.0,18.0,"['Male', 'Female', 'Male']",0,0,2,4,5,Dry,Straight,Level,Lowest,No
1043,4,Arizona,40100,0,1,1,0,1,PHOENIX,February,25,Saturday,18,28,Urban,Medium Speed (Collector),No,33.66941667,-112.10833056,Non-Intersection,Dark - Lighted,Clear,Unknown,Unknown,Unknown EMS Scene Arrival Hour,Unknown EMS Scene Arrival Minutes,Unknown,Unknown EMS Hospital Arrival Time,1,Dark - Lighted,Clear,1,0,['Driver'],['None_Used'],0,0,Valid,0.0,0.0,18.0,18.0,['Male'],1,0,5,4,2,Dry,Straight,Level,Lowest,No
1044,4,Arizona,40101,0,2,2,0,2,TUCSON,January,16,Monday,21,34,Urban,Medium Speed (Collector),No,32.24337778,-110.8756,Complex/Circle,Dark - Lighted,Rain,9:00pm-9:59pm,34,9:00pm-9:59pm,38,Not Applicable (Not Transported),Not Applicable (Not Transported),1,Dark - Lighted,Rain/Wind/Minor,1,0,['Driver'],['Shoulder_Lapbelt'],0,0,Valid,0.0,0.0,58.0,21.0,"['Male', 'Male']",0,0,3,4,5,Wet/Standing Water,Straight,Level,Lowest,No
1045,4,Arizona,40102,1,1,1,0,1,TUCSON,January,23,Monday,0,5,Urban,Medium Speed (Collector),No,32.23991944,-110.87553333,Complex/Circle,Dark - Lighted,Clear,0:00am-0:59am,Unknown,0:00am-0:59am,5,0:00am-0:59am,10,1,Dark - Lighted,Clear,0,1,[],[],0,0,Valid,0.0,0.0,23.0,23.0,['Male'],0,0,2,3,4,Dry,Straight,Level,Lowest,No
1046,4,Arizona,40103,0,1,1,0,1,TUCSON,January,29,Sunday,1,16,Urban,Medium Speed (Collector),No,32.28165556,-110.96982778,Non-Intersection,Dark - Lighted,Clear,1:00am-1:59am,16,1:00am-1:59am,17,Not Applicable (Not Transported),Not Applicable (Not Transported),1,Dark - Lighted,Clear,1,0,['Driver'],['Shoulder_Lapbelt'],1,1,Valid,0.0,0.0,27.0,27.0,['Female'],0,0,2,4,2,Dry,Curve,Level,Lowest,No
1047,4,Arizona,40104,1,1,1,0,3,PHOENIX,February,7,Tuesday,7,52,Urban,High Speed (Arterial),Yes,33.61089722,-112.10696667,Simple Junction,Daylight,Clear,Unknown,Unknown,Unknown EMS Scene Arrival Hour,Unknown EMS Scene Arrival Minutes,Unknown,Unknown EMS Hospital Arrival Time,1,Daylight,Clear,0,3,[],[],0,0,Valid,0.0,0.0,33.0,33.0,['Male'],0,0,3,1,4,Dry,Straight,Level,Lowest,No
1048,4,Arizona,40105,0,2,2,0,5,WENDEN,March,1,Wednesday,15,24,Rural,Medium Speed (Collector),No,33.80346944,-113.57549167,Non-Intersection,Daylight,Rain,3:00pm-3:59pm,37,4:00pm-4:59pm,37,Unknown,Unknown EMS Hospital Arrival Time,3,Daylight,Rain/Wind/Minor,3,2,"['Driver', 'Front_Passenger', 'Rear_Seat']","['Shoulder_Lapbelt', 'Shoulder_Lapbelt', 'Shoulder_Lapbelt']",1,1,Valid,0.0,0.0,78.0,66.0,"['Male', 'Male']",1,0,4,4,5,Wet/Standing Water,Straight,Level,Lowest,No
1049,4,Arizona,40106,0,2,2,0,4,TUCSON,January,14,Saturday,17,17,Urban,Medium Speed (Collector),No,32.22889444,-110.86794722,Complex/Circle,Dusk,Clear,Unknown,Unknown,Unknown EMS Scene Arrival Hour,Unknown EMS Scene Arrival Minutes,Unknown,Unknown EMS Hospital Arrival Time,1,Twilight,Clear,1,3,['Rear_Seat'],['None_Used'],0,0,Invalid,0.0,2.0,48.0,30.0,"['Male', 'Male']",1,0,3,4,5,Dry,Straight,Level,Lowest,No
1050,4,Arizona,40107,1,1,1,0,1,TEMPE,February,14,Tuesday,5,38,Urban,Medium Speed (Collector),No,33.40011389,-111.93483333,Complex/Circle,Dark - Lighted,Clear,5:00am-5:59am,39,5:00am-5:59am,45,6:00am-6:59am,17,1,Dark - Lighted,Clear,0,1,[],[],0,0,Valid,0.0,0.0,62.0,62.0,['Male'],0,0,3,3,4,Dry,Straight,Level,Lowest,No
1051,4,Arizona,40108,0,1,1,0,3,GOLD CANYON,January,28,Saturday,15,50,Rural,High Speed (Arterial),Yes,33.32265,-111.42559722,Non-Intersection,Daylight,Clear,3:00pm-3:59pm,54,3:00pm-3:59pm,57,Not Applicable (Not Transported),Not Applicable (Not Transported),2,Daylight,Clear,2,0,"['Non_Standard_Risk', 'Non_Standard_Risk']","['None_Used', 'None_Used']",0,0,Valid,0.0,0.0,80.0,80.0,['Male'],0,0,3,4,3,Dry,Straight,Level,Lowest,No
1052,4,Arizona,40109,0,1,1,0,1,VERNON,February,2,Thursday,9,14,Rural,High Speed (Arterial),Yes,34.28009722,-109.80344444,Non-Intersection,Daylight,Clear,9:00am-9:59am,14,9:00am-9:59am,20,12:00pm-12:59pm,0,1,Daylight,Clear,1,0,['Driver'],['None_Used'],1,1,Valid,0.0,1.0,38.0,38.0,['Female'],0,0,3,4,3,Dry,Straight,Level,Lowest,No
1053,4,Arizona,40110,1,1,1,0,1,TUCSON,February,3,Friday,18,58,Urban,High Speed (Arterial),Yes,32.26109722,-110.99130556,Simple Junction,Dark - Lighted,Clear,6:00pm-6:59pm,58,7:00pm-7:59pm,2,Not Applicable (Not Transported),Not Applicable (Not Transported),1,Dark - Lighted,Clear,0,1,[],[],0,0,Valid,0.0,0.0,61.0,61.0,['Male'],0,0,2,3,4,Dry,Straight,Level,Lowest,Yes
1054,4,Arizona,40111,0,2,2,0,5,Other,February,10,Friday,10,30,Rural,Medium Speed (Collector),No,35.53392778,-113.24507222,Non-Intersection,Daylight,Clear,10:00am-10:59am,43,11:00am-11:59am,22,12:00pm-12:59pm,37,1,Daylight,Clear,1,4,['Rear_Seat'],['Shoulder_Lapbelt'],0,0,Valid,0.0,0.0,56.0,30.0,"['Male', 'Male']",2,0,3,4,5,Dry,Straight,Grade/Hillcrest,Lowest,No
1055,4,Arizona,40112,0,1,1,0,2,SCOTTSDALE,February,13,Monday,11,26,Urban,Medium Speed (Collector),No,33.65955556,-111.88972778,Non-Intersection,Daylight,Clear,11:00am-11:59am,26,11:00am-11:59am,30,11:00am-11:59am,50,1,Daylight,Clear,1,1,['Driver'],['Shoulder_Lapbelt'],0,0,Valid,0.0,0.0,82.0,82.0,['Male'],0,0,3,4,2,Dry,Curve,Level,Medium,No
1056,4,Arizona,40113,0,1,1,0,1,MESA,February,14,Tuesday,1,13,Urban,High Speed (Arterial),Yes,33.44518611,-111.85650556,Non-Intersection,Dark - Lighted,Clear,1:00am-1:59am,14,1:00am-1:59am,27,Not Applicable (Not Transported),Not Applicable (Not Transported),1,Dark - Lighted,Clear,1,0,['Driver'],['None_Used'],0,0,Valid,0.0,4.0,21.0,21.0,['Female'],0,0,2,4,3,Dry,Straight,Level,Lowest,No
1057,4,Arizona,40114,0,1,1,0,1,PHOENIX,February,17,Friday,23,59,Urban,High Speed (Arterial),Yes,33.56904167,-112.02726667,Non-Intersection,Dark - Lighted,Clear,0:00am-0:59am,22,0:00am-0:59am,30,Not Applicable (Not Transported),Not Applicable (Not Transported),1,Dark - Lighted,Clear,1,0,['Driver'],['None_Used'],0,0,Valid,0.0,0.0,51.0,51.0,['Male'],0,0,5,4,3,Dry,Curve,Grade/Hillcrest,Lowest,No
1058,4,Arizona,40115,0,2,2,0,2,TUCSON,February,19,Sunday,9,1,Urban,Medium Speed (Collector),No,32.24704167,-110.95953611,Non-Intersection,Daylight,Clear,9:00am-9:59am,1,9:00am-9:59am,8,Not Applicable (Not Transported),Not Applicable (Not Transported),1,Daylight,Clear,1,1,['Driver'],['None_Used'],0,0,Valid,0.0,0.0,46.0,42.0,"['Male', 'Male']",0,0,5,4,5,Dry,Curve,Level,Lowest,No
1059,4,Arizona,40116,0,2,2,0,5,PHOENIX,February,24,Friday,14,31,Urban,High Speed (Arterial),Yes,33.36995556,-112.18940556,Non-Intersection,Daylight,Clear,2:00pm-2:59pm,32,2:00pm-2:59pm,40,3:00pm-3:59pm,0,1,Daylight,Clear,1,4,['Front_Passenger'],['Shoulder_Lapbelt'],0,0,Valid,0.0,0.0,27.0,19.0,"['Male', 'Female']",3,0,2,4,5,Dry,Straight,Grade/Hillcrest,Lowest,Yes
1060,4,Arizona,40117,0,1,1,0,1,LITCHFIELD PARK,March,1,Wednesday,19,7,Urban,High Speed (Arterial),Yes,33.54920833,-112.41853889,Non-Intersection,Dark - Lighted,Rain,7:00pm-7:59pm,1,7:00pm-7:59pm,13,Not Applicable (Not Transported),Not Applicable (Not Transported),1,Dark - Lighted,Rain/Wind/Minor,1,0,['Driver'],['Shoulder_Lapbelt'],0,0,Valid,0.0,0.0,22.0,22.0,['Male'],0,0,2,4,3,Wet/Standing Water,Straight,Level,Lowest,No
1061,4,Arizona,40118,1,1,1,0,1,PHOENIX,January,18,Wednesday,18,34,Urban,Medium Speed (Collector),No,33.40700556,-112.02201389,Non-Intersection,Dark - Lighted,Clear,Unknown,Unknown,Unknown EMS Scene Arrival Hour,Officially Cancelled,Unknown,Officially Canceled,1,Dark - Lighted,Clear,0,1,[],[],0,0,Invalid,0.0,0.0,66.0,66.0,['Male'],0,0,3,2,4,Dry,Straight,Level,Lowest,No
1062,4,Arizona,40119,1,1,1,0,4,TUCSON,March,4,Saturday,23,1,Urban,Medium Speed (Collector),No,32.20226667,-110.87506944,Complex/Circle,Dark - Lighted,Clear,11:00pm-11:59pm,1,11:00pm-11:59pm,12,11:00pm-11:59pm,30,1,Dark - Lighted,Clear,0,4,[],[],0,0,Invalid,0.0,0.0,22.0,22.0,['Male'],0,0,2,4,4,Dry,Straight,Level,Lowest,No
1063,4,Arizona,40120,1,1,1,0,1,CHANDLER,February,11,Saturday,21,36,Urban,High Speed (Arterial),Yes,33.29685,-111.84151944,Complex/Circle,Dark - Lighted,Clear,9:00pm-9:59pm,37,9:00pm-9:59pm,38,9:00pm-9:59pm,51,1,Dark - Lighted,Clear,0,1,[],[],0,0,Valid,0.0,0.0,57.0,57.0,['Male'],0,0,1,4,4,Dry,Straight,Level,Lowest,No
1064,4,Arizona,40121,0,2,2,0,2,GOODYEAR,January,28,Saturday,19,53,Urban,Medium Speed (Collector),No,33.49361667,-112.38676667,Complex/Circle,Dark - Lighted,Clear,7:00pm-7:59pm,54,7:00pm-7:59pm,0,Not Applicable (Not Transported),Not Applicable (Not Transported),1,Dark - Lighted,Clear,1,1,['Driver'],['None_Used'],0,0,Invalid,0.0,0.0,25.0,20.0,"['Female', 'Male']",0,0,5,4,5,Dry,Straight,Level,Lowest,No
1065,4,Arizona,40122,0,2,2,0,5,TUCSON,February,21,Tuesday,21,50,Urban,Medium Speed (Collector),No,32.18133056,-110.95621111,Complex/Circle,Dark - Lighted,Rain,Unknown,Unknown,Unknown EMS Scene Arrival Hour,Unknown EMS Scene Arrival Minutes,Not Applicable (Not Transported),Not Applicable (Not Transported),1,Dark - Lighted,Rain/Wind/Minor,1,4,['Front_Passenger'],['Shoulder_Lapbelt'],0,0,Valid,0.0,0.0,31.0,19.0,"['Male', 'Male']",1,0,3,4,5,Wet/Standing Water,Straight,Level,Lowest,No
1066,4,Arizona,40123,0,2,2,0,3,SAINT JOHNS,March,7,Tuesday,17,5,Rural,Medium Speed (Collector),No,34.57298333,-109.52669722,Non-Intersection,Daylight,Cloudy,5:00pm-5:59pm,9,5:00pm-5:59pm,31,Unknown,Unknown EMS Hospital Arrival Time,3,Daylight,Reduced Visibility,3,0,"['Driver', 'Front_Passenger', 'Driver']","['Shoulder_Lapbelt', 'None_Used', 'Shoulder_Lapbelt']",0,0,Valid,0.0,0.0,69.0,25.0,"['Female', 'Female']",0,0,3,4,5,Dry,Curve,Grade/Hillcrest,Lowest,No
1067,4,Arizona,40124,0,1,1,0,5,BLACK CANYON CITY,February,7,Tuesday,13,20,Rural,High Speed (Arterial),Yes,34.097075,-112.14303333,Non-Intersection,Daylight,Clear,1:00pm-1:59pm,22,1:00pm-1:59pm,31,2:00pm-2:59pm,23,1,Daylight,Clear,1,4,['Rear_Seat'],['Shoulder_Lapbelt'],0,0,Valid,0.0,0.0,65.0,65.0,['Female'],0,0,2,4,3,Dry,Curve,Grade/Hillcrest,Lowest,No
1068,4,Arizona,40125,0,1,1,0,4,PEORIA,March,2,Thursday,5,29,Urban,High Speed (Arterial),No,33.6069,-112.24753056,Non-Intersection,Dark - Lighted,Cloudy,5:00am-5:59am,30,5:00am-5:59am,36,5:00am-5:59am,56,1,Dark - Lighted,Reduced Visibility,1,3,['Rear_Seat'],['None_Used'],1,1,Invalid,0.0,0.0,18.0,18.0,['Male'],0,0,2,4,3,Dry,Straight,Level,Lowest,No
1069,4,Arizona,40126,1,1,1,0,1,SCOTTSDALE,March,2,Thursday,8,50,Urban,Medium Speed (Collector),No,33.54160278,-111.90838611,Simple Junction,Daylight,Clear,8:00am-8:59am,50,8:00am-8:59am,55,Not Applicable (Not Transported),Not Applicable (Not Transported),1,Daylight,Clear,0,1,[],[],0,0,Valid,0.0,0.0,26.0,26.0,['Female'],0,0,3,3,4,Dry,Straight,Level,Lowest,No
1070,4,Arizona,40127,0,2,2,0,2,GLENDALE,March,2,Thursday,17,46,Urban,Medium Speed (Collector),No,33.52021667,-112.20316944,Simple Junction,Dusk,Clear,5:00pm-5:59pm,46,5:00pm-5:59pm,50,6:00pm-6:59pm,15,1,Twilight,Clear,1,1,['Driver'],['None_Used'],0,0,Valid,0.0,0.0,50.0,17.0,"['Male', 'Male']",0,0,5,4,5,Dry,Straight,Level,Lowest,No
1071,4,Arizona,40128,0,4,4,0,5,PHOENIX,March,2,Thursday,21,52,Urban,High Speed (Arterial),Yes,33.488225,-112.11293333,Non-Intersection,Dark - Lighted,Clear,9:00pm-9:59pm,57,10:00pm-10:59pm,11,10:00pm-10:59pm,30,1,Dark - Lighted,Clear,1,4,['Driver'],['None_Used'],1,1,Valid,0.0,3.0,60.0,22.0,"['Male', 'Female', 'Male', 'Male']",0,0,2,4,5,Dry,Straight,Level,Lowest,No
1072,4,Arizona,40129,0,1,1,0,2,Unknown,March,3,Friday,4,28,Urban,Medium Speed (Collector),No,33.21433056,-111.56319167,Complex/Circle,Dark - Lighted,Clear,Unknown,Unknown,Unknown EMS Scene Arrival Hour,Unknown EMS Scene Arrival Minutes,Unknown,Unknown EMS Hospital Arrival Time,1,Dark - Lighted,Clear,1,1,['Driver'],['None_Used'],0,0,Valid,0.0,1.0,35.0,35.0,['Male'],0,0,2,4,3,Dry,Straight,Level,Medium,No
1073,4,Arizona,40130,0,1,1,0,1,PEORIA,March,3,Friday,12,8,Urban,High Speed (Arterial),Yes,33.55100278,-112.29773333,Simple Junction,Daylight,Clear,12:00pm-12:59pm,10,12:00pm-12:59pm,20,12:00pm-12:59pm,40,1,Daylight,Clear,1,0,['Driver'],['None_Used'],0,0,Valid,0.0,0.0,64.0,64.0,['Male'],1,0,1,4,2,Dry,Straight,Level,Lowest,No
1074,4,Arizona,40131,0,2,2,0,3,TUCSON,March,3,Friday,18,43,Urban,Medium Speed (Collector),No,32.22963333,-110.989575,Complex/Circle,Dusk,Clear,6:00pm-6:59pm,43,6:00pm-6:59pm,47,7:00pm-7:59pm,7,1,Twilight,Clear,1,2,['Front_Passenger'],['Shoulder_Lapbelt'],0,0,Valid,0.0,0.0,71.0,42.0,"['Male', 'Male']",0,0,3,4,5,Dry,Straight,Level,Lowest,No
1075,4,Arizona,40132,0,1,1,0,2,TEMPE,March,4,Saturday,0,35,Urban,Medium Speed (Collector),No,33.35184444,-111.96313333,Non-Intersection,Dark - Lighted,Clear,0:00am-0:59am,37,0:00am-0:59am,43,Unknown,Unknown EMS Hospital Arrival Time,1,Dark - Lighted,Clear,1,1,['Front_Passenger'],['None_Used'],1,1,Valid,0.0,2.0,23.0,23.0,['Male'],2,0,2,4,3,Dry,Straight,Level,Lowest,Yes
1076,4,Arizona,40133,0,2,2,0,2,TUCSON,March,4,Saturday,13,48,Urban,Medium Speed (Collector),No,32.19963611,-110.94949444,Complex/Circle,Daylight,Clear,1:00pm-1:59pm,48,1:00pm-1:59pm,53,2:00pm-2:59pm,10,1,Daylight,Clear,1,1,['Driver'],['None_Used'],0,0,Invalid,0.0,0.0,76.0,34.0,"['Female', 'Male']",0,0,3,4,5,Dry,Straight,Level,Lowest,No
1077,4,Arizona,40134,0,1,1,0,4,APACHE JUNCTION,March,5,Sunday,0,17,Urban,Low Speed (Local),No,33.40205556,-111.53696111,Non-Intersection,Dark - Not Lighted,Clear,0:00am-0:59am,17,0:00am-0:59am,23,Unknown,Unknown EMS Hospital Arrival Time,1,Dark - Unlighted,Clear,1,3,['Driver'],['None_Used'],1,1,Valid,0.0,0.0,26.0,26.0,['Female'],0,0,5,2,3,Dry,Straight,Level,Lowest,No
1078,4,Arizona,40135,0,2,2,0,3,PHOENIX,March,5,Sunday,14,27,Urban,Medium Speed (Collector),No,33.49886111,-112.1,Non-Intersection,Daylight,Cloudy,2:00pm-2:59pm,28,2:00pm-2:59pm,32,2:00pm-2:59pm,51,1,Daylight,Reduced Visibility,1,2,['Front_Passenger'],['Shoulder_Lapbelt'],0,0,Valid,0.0,0.0,76.0,68.0,"['Female', 'Male']",0,0,2,4,5,Dry,Straight,Level,Lowest,No
1079,4,Arizona,40136,0,3,3,0,4,GILBERT,March,5,Sunday,22,25,Urban,Medium Speed (Collector),No,33.36458611,-111.77338056,Complex/Circle,Dark - Lighted,Cloudy,10:00pm-10:59pm,26,10:00pm-10:59pm,29,11:00pm-11:59pm,4,1,Dark - Lighted,Reduced Visibility,1,3,['Driver'],['None_Used'],0,0,Valid,0.0,2.0,43.0,40.0,"['Female', 'Male', 'Female']",0,0,2,4,5,Dry,Straight,Level,Lowest,No
1080,4,Arizona,40137,0,3,3,0,3,PRESCOTT,March,6,Monday,12,9,Urban,Medium Speed (Collector),No,34.61899444,-112.44361389,Complex/Circle,Daylight,Clear,12:00pm-12:59pm,9,12:00pm-12:59pm,12,12:00pm-12:59pm,41,1,Daylight,Clear,1,2,['Driver'],['None_Used'],0,0,Valid,0.0,2.0,24.0,18.0,"['Male', 'Male', 'Male']",1,0,5,4,5,Dry,Straight,Level,Lowest,No
1081,4,Arizona,40138,0,2,2,0,2,SCOTTSDALE,March,7,Tuesday,14,51,Urban,High Speed (Arterial),Yes,33.58221111,-111.93625,Complex/Circle,Daylight,Clear,2:00pm-2:59pm,51,2:00pm-2:59pm,56,Not Applicable (Not Transported),Not Applicable (Not Transported),1,Daylight,Clear,1,1,['Driver'],['None_Used'],0,0,Valid,0.0,2.0,46.0,21.0,"['Male', 'Male']",1,0,5,4,5,Dry,Straight,Level,Lowest,No
1082,4,Arizona,40139,0,1,1,0,1,MESA,March,8,Wednesday,3,39,Urban,Medium Speed (Collector),No,33.46843889,-111.75330278,Non-Intersection,Dark - Lighted,Clear,Unknown,Unknown,Unknown EMS Scene Arrival Hour,Officially Cancelled,Unknown,Officially Canceled,1,Dark - Lighted,Clear,1,0,['Driver'],['None_Used'],0,0,Valid,0.0,0.0,33.0,33.0,['Male'],1,0,5,4,2,Dry,Straight,Level,Lowest,No
1083,4,Arizona,40140,0,1,1,0,4,CHANDLER,March,8,Wednesday,15,22,Urban,High Speed (Arterial),Yes,33.30817778,-111.89414722,Non-Intersection,Daylight,Clear,3:00pm-3:59pm,25,3:00pm-3:59pm,35,4:00pm-4:59pm,0,1,Daylight,Clear,1,3,['Driver'],['Shoulder_Lapbelt'],0,0,Invalid,1.0,1.0,22.0,22.0,['Female'],0,0,3,4,3,Dry,Straight,Level,Lowest,No
1085,4,Arizona,40142,1,1,1,0,1,PEORIA,March,9,Thursday,6,51,Urban,Medium Speed (Collector),No,33.68165833,-112.27030278,Complex/Circle,Daylight,Clear,6:00am-6:59am,51,7:00am-7:59am,15,7:00am-7:59am,29,1,Daylight,Clear,0,1,[],[],0,0,Valid,0.0,0.0,68.0,68.0,['Female'],0,0,3,4,4,Dry,Straight,Level,Lowest,No
1086,4,Arizona,40143,0,2,2,0,2,PHOENIX,March,10,Friday,9,20,Urban,High Speed (Arterial),Yes,33.427125,-112.03262222,Non-Intersection,Daylight,Clear,9:00am-9:59am,25,9:00am-9:59am,30,Not Applicable (Not Transported),Not Applicable (Not Transported),1,Daylight,Clear,1,1,['Driver'],['None_Used'],0,0,Valid,0.0,1.0,44.0,38.0,"['Female', 'Male']",0,0,3,4,5,Dry,Straight,Level,Lowest,No
1088,4,Arizona,40145,0,1,1,0,2,AVONDALE,March,11,Saturday,5,23,Urban,Medium Speed (Collector),No,33.40260278,-112.32330278,Non-Intersection,Dark - Lighted,Clear,5:00am-5:59am,24,5:00am-5:59am,32,5:00am-5:59am,58,1,Dark - Lighted,Clear,1,1,['Driver'],['None_Used'],0,0,Valid,0.0,0.0,19.0,19.0,['Male'],2,0,2,4,3,Dry,Straight,Level,Lowest,No
1089,4,Arizona,40146,0,1,1,0,1,MESA,March,11,Saturday,14,39,Urban,Medium Speed (Collector),No,33.45533056,-111.63256389,Non-Intersection,Daylight,Cloudy,Unknown,Unknown,Unknown EMS Scene Arrival Hour,Officially Cancelled,Unknown,Officially Canceled,1,Daylight,Reduced Visibility,1,0,['Driver'],['None_Used'],0,0,Valid,0.0,0.0,79.0,79.0,['Male'],0,0,5,4,2,Dry,Curve,Level,Lowest,No
1090,4,Arizona,40147,0,1,1,0,2,WITTMANN,March,11,Saturday,17,50,Urban,Medium Speed (Collector),No,33.711375,-112.47936111,Non-Intersection,Daylight,Clear,5:00pm-5:59pm,12,5:00pm-5:59pm,22,6:00pm-6:59pm,30,1,Daylight,Clear,1,1,['Front_Passenger'],['None_Used'],0,0,Valid,0.0,0.0,64.0,64.0,['Female'],0,0,3,2,3,Dry,Straight,Level,Lowest,Yes
1091,4,Arizona,40148,0,1,1,0,1,PHOENIX,March,12,Sunday,6,22,Urban,High Speed (Arterial),Yes,33.49591111,-112.26428333,Non-Intersection,Daylight,Clear,6:00am-6:59am,24,6:00am-6:59am,43,Not Applicable (Not Transported),Not Applicable (Not Transported),1,Daylight,Clear,1,0,['Driver'],['None_Used'],1,1,Invalid,0.0,1.0,27.0,27.0,['Male'],1,0,3,4,3,Dry,Straight,Level,Lowest,No
1092,4,Arizona,40149,0,2,2,0,6,KINGMAN,March,12,Sunday,17,37,Rural,Medium Speed (Collector),No,35.39025278,-113.84503333,Non-Intersection,Daylight,Clear,5:00pm-5:59pm,39,5:00pm-5:59pm,51,Unknown,Unknown EMS Hospital Arrival Time,1,Daylight,Clear,1,5,['Rear_Seat'],['None_Used'],1,1,Valid,0.0,0.0,49.0,49.0,"['Male', 'Female']",0,0,3,4,5,Dry,Straight,Level,Lowest,No
1093,4,Arizona,40150,0,2,2,0,3,FOREST LAKES ESTATES,March,13,Monday,6,2,Rural,High Speed (Arterial),Yes,34.30051667,-110.87746944,Non-Intersection,Dark - Not Lighted,Clear,6:00am-6:59am,1,6:00am-6:59am,24,Unknown,Unknown EMS Hospital Arrival Time,1,Dark - Unlighted,Clear,1,2,['Driver'],['Shoulder_Lapbelt'],0,0,Invalid,0.0,0.0,44.0,26.0,"['Male', 'Male']",1,0,3,4,5,Dry,Curve,Grade/Hillcrest,Lowest,No