,State_Code,State_Name,Crash_ID,Count_Non_Motorists,Count_Vehicles_Total,Count_Vehicle_Forms,Count_PVH_Involved,Count_Occupants_MV,City_Name,Month_Name,Day_of_Month,Day_of_Week,Crash_Hour,Crash_Minute,Area_Rural_Urban,Road_Functional_Class,On_NHS_Road,Latitude,Longitude,Intersection_Type,Light_Condition,Weather_Condition,Notif_Hour,Notif_Minute,Arrival_Hour,Arrival_Minute,Hospital_Hour,Hospital_Minute,Fatalities_Count,Clean_Light_Condition,Clean_Weather_Condition,Total_Killed,Total_Alive,Fatal_Seats_List,Killed_Restraint_List,Any_Driver_Drinking,Total_Drinking_Drivers,Driver_License_Category,Driver_Max_Prev_Accident_Count,Driver_Max_Prev_Speeding_Count,Max_Driver_Age,Min_Driver_Age,Driver_Sex_List,Total_Exceeding_Limit_Vehicles,Total_Too_Fast_Vehicles,Max_Vehicle_Type_Severity_5,Max_Vehicle_Damage_Rank,Max_Harmful_Event_Severity,Crash_Road_Surface_Condition,Crash_Horizontal_Alignment,Crash_Vertical_Profile,Crash_Impairment_Category,Crash_Vehicle_Defect
1094,4,Arizona,40152,1,1,1,0,1,APACHE JUNCTION,March,14,Tuesday,18,11,Urban,Medium Speed (Collector),No,33.41481389,-111.55168611,Non-Intersection,Dusk,Clear,6:00pm-6:59pm,12,6:00pm-6:59pm,16,Not Applicable (Not Transported),Not Applicable (Not Transported),1,Twilight,Clear,0,1,[],[],0,0,Valid,0.0,0.0,31.0,31.0,['Male'],0,0,3,2,4,Dry,Straight,Level,Lowest,No
1095,4,Arizona,40153,0,1,1,0,1,GLENDALE,March,15,Wednesday,16,41,Urban,Medium Speed (Collector),No,33.65966667,-112.19563889,Non-Intersection,Daylight,Cloudy,4:00pm-4:59pm,42,4:00pm-4:59pm,46,5:00pm-5:59pm,3,1,Daylight,Reduced Visibility,1,0,['Driver'],['None_Used'],0,0,Invalid,0.0,0.0,58.0,58.0,['Male'],0,0,5,2,2,Dry,Straight,Level,Lowest,No
1096,4,Arizona,40154,0,2,2,0,2,PHOENIX,March,15,Wednesday,17,21,Urban,High Speed (Arterial),Yes,33.61077222,-112.15117222,Complex/Circle,Dark - Lighted,Clear,Unknown,Unknown,Unknown EMS Scene Arrival Hour,Unknown EMS Scene Arrival Minutes,Unknown,Unknown EMS Hospital Arrival Time,1,Dark - Lighted,Clear,1,1,['Driver'],['Shoulder_Lapbelt'],0,0,Valid,0.0,0.0,32.0,19.0,"['Male', 'Male']",0,0,3,4,5,Wet/Standing Water,Straight,Level,Lowest,No
1097,4,Arizona,40155,0,1,1,0,4,MESA,March,15,Wednesday,21,1,Urban,Medium Speed (Collector),No,33.364225,-111.60101111,Complex/Circle,Dark - Lighted,Rain,9:00pm-9:59pm,2,9:00pm-9:59pm,8,10:00pm-10:59pm,9,3,Dark - Lighted,Rain/Wind/Minor,3,1,"['Driver', 'Front_Passenger', 'Rear_Seat']","['Shoulder_Lapbelt', 'Shoulder_Lapbelt', 'Shoulder_Lapbelt']",0,0,Valid,0.0,0.0,16.0,16.0,['Female'],0,0,2,4,3,Wet/Standing Water,Straight,Level,Lowest,No
1098,4,Arizona,40156,0,1,1,0,1,WICKENBURG,March,15,Wednesday,23,13,Rural,High Speed (Arterial),Yes,33.92301389,-112.68203333,Non-Intersection,Dark - Lighted,Rain,11:00pm-11:59pm,17,11:00pm-11:59pm,29,Not Applicable (Not Transported),Not Applicable (Not Transported),1,Dark - Lighted,Rain/Wind/Minor,1,0,['Driver'],['None_Used'],0,0,Valid,0.0,3.0,38.0,38.0,['Female'],1,0,3,4,3,Wet/Standing Water,Straight,Level,Lowest,No
1099,4,Arizona,40157,0,2,2,0,6,GILBERT,March,16,Thursday,20,17,Urban,Medium Speed (Collector),No,33.32098056,-111.78976944,Complex/Circle,Dark - Lighted,Clear,Unknown,Unknown,Unknown EMS Scene Arrival Hour,Unknown EMS Scene Arrival Minutes,8:00pm-8:59pm,49,1,Dark - Lighted,Clear,1,5,['Driver'],['None_Used'],0,0,Valid,0.0,1.0,37.0,33.0,"['Male', 'Female']",1,0,5,0,5,Dry,Straight,Level,Lowest,No
1100,4,Arizona,40158,1,1,1,0,1,PHOENIX,March,17,Friday,5,23,Urban,Medium Speed (Collector),No,33.48045,-112.16482778,Non-Intersection,Dark - Lighted,Clear,Unknown,Unknown,Unknown EMS Scene Arrival Hour,Unknown EMS Scene Arrival Minutes,Unknown,Unknown EMS Hospital Arrival Time,1,Dark - Lighted,Clear,0,0,[],[],0,0,Valid,0.0,0.0,49.0,34.0,Other,0,0,1,0,4,Dry,Straight,Level,Lowest,No
1101,4,Arizona,40159,0,1,1,0,3,SNOWFLAKE,March,16,Thursday,23,42,Urban,High Speed (Arterial),No,34.48807222,-110.08994444,Non-Intersection,Dark - Not Lighted,Clear,11:00pm-11:59pm,42,11:00pm-11:59pm,50,0:00am-0:59am,17,1,Dark - Unlighted,Clear,1,2,['Front_Passenger'],['None_Used'],1,1,Invalid,0.0,1.0,19.0,19.0,['Male'],3,0,3,4,3,Dry,Curve,Grade/Hillcrest,Lowest,No
1102,4,Arizona,40160,0,5,5,0,11,PHOENIX,March,17,Friday,22,6,Urban,Medium Speed (Collector),No,33.465725,-112.008725,Complex/Circle,Dark - Lighted,Clear,10:00pm-10:59pm,7,10:00pm-10:59pm,15,Unknown,Unknown EMS Hospital Arrival Time,1,Dark - Lighted,Clear,1,9,['Rear_Seat'],['None_Used'],0,0,Valid,0.0,1.0,998.0,17.0,"['Male', 'Other', 'Female', 'Male', 'Female']",4,0,3,4,5,Dry,Straight,Level,Lowest,No
1103,4,Arizona,40161,0,2,2,0,2,FOUNTAIN HILLS,March,17,Friday,7,48,Urban,High Speed (Arterial),No,33.56652778,-111.707375,Simple Junction,Daylight,Clear,7:00am-7:59am,50,7:00am-7:59am,53,8:00am-8:59am,39,1,Daylight,Clear,1,1,['Driver'],['Shoulder_Lapbelt'],0,0,Valid,0.0,0.0,56.0,40.0,"['Female', 'Male']",0,0,3,4,5,Dry,Straight,Level,Lowest,No
1104,4,Arizona,40162,2,1,1,0,1,ORO VALLEY,March,17,Friday,12,53,Urban,Medium Speed (Collector),No,32.40973889,-110.98134167,Non-Intersection,Daylight,Cloudy,12:00pm-12:59pm,53,12:00pm-12:59pm,59,1:00pm-1:59pm,30,1,Daylight,Reduced Visibility,0,1,[],[],0,0,Valid,0.0,0.0,29.0,29.0,['Female'],0,0,2,4,4,Dry,Straight,Level,Lowest,No
1105,4,Arizona,40163,1,1,1,0,1,SAN TAN VALLEY,March,17,Friday,19,31,Urban,Medium Speed (Collector),No,33.217425,-111.52874722,Simple Junction,Dark - Not Lighted,Clear,7:00pm-7:59pm,34,7:00pm-7:59pm,42,7:00pm-7:59pm,58,1,Dark - Unlighted,Clear,0,1,[],[],0,0,Valid,0.0,0.0,25.0,25.0,['Female'],0,0,2,4,4,Dry,Straight,Level,Lowest,No
1106,4,Arizona,40164,0,1,1,0,3,PHOENIX,March,17,Friday,20,15,Urban,High Speed (Arterial),Yes,33.72593611,-112.12023333,Non-Intersection,Dark - Lighted,Clear,8:00pm-8:59pm,17,8:00pm-8:59pm,28,9:00pm-9:59pm,13,1,Dark - Lighted,Clear,1,2,['Front_Passenger'],['Shoulder_Lapbelt'],0,0,Valid,0.0,0.0,80.0,80.0,['Female'],0,0,3,4,3,Dry,Straight,Level,Lowest,No
1107,4,Arizona,40165,0,2,2,0,3,CONGRESS,March,18,Saturday,13,49,Rural,High Speed (Arterial),Yes,34.07605833,-112.88253056,Non-Intersection,Daylight,Cloudy,1:00pm-1:59pm,52,2:00pm-2:59pm,13,2:00pm-2:59pm,45,1,Daylight,Reduced Visibility,1,2,['Driver'],['None_Used'],0,0,Valid,0.0,0.0,61.0,45.0,"['Male', 'Female']",1,0,5,4,5,Dry,Straight,Level,Lowest,Yes
1108,4,Arizona,40167,0,2,2,0,2,TUCSON,March,19,Sunday,15,14,Urban,Low Speed (Local),No,32.19752778,-110.79353056,Complex/Circle,Daylight,Clear,3:00pm-3:59pm,47,3:00pm-3:59pm,52,4:00pm-4:59pm,33,1,Daylight,Clear,1,1,['Driver'],['None_Used'],0,0,Invalid,0.0,0.0,60.0,15.0,"['Male', 'Female']",1,0,5,4,5,Dry,Straight,Level,Lowest,No
1109,4,Arizona,40168,1,1,1,0,1,ARIZONA CITY,March,19,Sunday,15,46,Urban,Medium Speed (Collector),No,32.75550833,-111.67114722,Complex/Circle,Daylight,Clear,3:00pm-3:59pm,46,3:00pm-3:59pm,46,4:00pm-4:59pm,28,1,Daylight,Clear,0,1,[],[],0,0,Valid,0.0,0.0,57.0,57.0,['Female'],0,0,2,3,4,Dry,Straight,Level,Lowest,No
1110,4,Arizona,40169,0,2,2,0,6,PHOENIX,March,20,Monday,14,47,Urban,High Speed (Arterial),No,33.64019444,-112.07848056,Complex/Circle,Daylight,Clear,2:00pm-2:59pm,49,2:00pm-2:59pm,51,3:00pm-3:59pm,13,1,Daylight,Clear,1,5,['Rear_Seat'],['Shoulder_Lapbelt'],0,0,Valid,0.0,1.0,70.0,57.0,"['Male', 'Female']",3,0,3,4,5,Dry,Straight,Level,Lowest,No
1111,4,Arizona,40171,0,1,1,0,1,PINEDALE,March,21,Tuesday,12,44,Rural,High Speed (Arterial),Yes,34.31235833,-110.23533333,Non-Intersection,Daylight,Rain,12:00pm-12:59pm,59,1:00pm-1:59pm,8,Not Applicable (Not Transported),Not Applicable (Not Transported),1,Daylight,Rain/Wind/Minor,1,0,['Driver'],['None_Used'],0,0,Valid,0.0,0.0,34.0,34.0,['Female'],0,0,3,4,2,Wet/Standing Water,Straight,Grade/Hillcrest,Lowest,No
1112,4,Arizona,40172,1,2,2,0,3,TUCSON,March,21,Tuesday,22,2,Urban,High Speed (Arterial),No,32.23605833,-110.92680833,Complex/Circle,Dark - Lighted,Clear,10:00pm-10:59pm,2,10:00pm-10:59pm,8,Not Applicable (Not Transported),Not Applicable (Not Transported),1,Dark - Lighted,Clear,0,3,[],[],1,1,Invalid,0.0,1.0,52.0,23.0,"['Male', 'Male']",0,0,3,4,5,Dry,Straight,Level,Lowest,Yes
1113,4,Arizona,40174,0,1,1,0,2,CHANDLER,January,28,Saturday,2,8,Urban,High Speed (Arterial),Yes,33.29796667,-111.97163056,Non-Intersection,Dark - Not Lighted,Clear,2:00am-2:59am,0,2:00am-2:59am,8,Unknown,Unknown EMS Hospital Arrival Time,1,Dark - Unlighted,Clear,1,1,['Driver'],['None_Used'],1,1,Invalid,0.0,0.0,33.0,33.0,['Male'],0,0,3,4,3,Dry,Straight,Level,Lowest,No
1114,4,Arizona,40175,1,1,1,0,1,PHOENIX,January,14,Saturday,3,55,Urban,Medium Speed (Collector),No,33.53848889,-112.12870278,Simple Junction,Dark - Lighted,Clear,Unknown,Unknown,Unknown EMS Scene Arrival Hour,Officially Cancelled,Unknown,Officially Canceled,1,Dark - Lighted,Clear,0,1,[],[],0,0,Valid,0.0,0.0,37.0,37.0,['Male'],0,0,3,3,4,Dry,Straight,Level,Lowest,No
1115,4,Arizona,40176,0,2,2,0,2,PHOENIX,February,4,Saturday,22,30,Urban,Medium Speed (Collector),No,33.61576389,-112.09970833,Non-Intersection,Dark - Lighted,Clear,Unknown,Unknown,Unknown EMS Scene Arrival Hour,Unknown EMS Scene Arrival Minutes,Unknown,Unknown EMS Hospital Arrival Time,1,Dark - Lighted,Clear,1,1,['Driver'],['None_Used'],0,0,Invalid,0.0,3.0,34.0,32.0,"['Male', 'Male']",1,0,5,4,5,Dry,Straight,Level,Lowest,No
1116,4,Arizona,40177,0,2,2,0,6,BENSON,February,11,Saturday,17,45,Rural,High Speed (Arterial),Yes,31.98330833,-110.20434722,Non-Intersection,Daylight,Clear,5:00pm-5:59pm,49,6:00pm-6:59pm,5,7:00pm-7:59pm,30,1,Daylight,Clear,1,5,['Non_Standard_Risk'],['None_Used'],0,0,Valid,1.0,1.0,46.0,21.0,"['Male', 'Male']",5,0,2,4,5,Dry,Straight,Level,Lowest,No
1117,4,Arizona,40178,1,1,1,0,1,PHOENIX,February,17,Friday,18,44,Urban,Medium Speed (Collector),No,33.60429167,-112.09961944,Complex/Circle,Dark - Lighted,Clear,6:00pm-6:59pm,45,6:00pm-6:59pm,49,7:00pm-7:59pm,10,1,Dark - Lighted,Clear,0,1,[],[],0,0,Valid,0.0,0.0,59.0,59.0,['Male'],0,0,3,3,4,Dry,Straight,Level,Lowest,No
1118,4,Arizona,40179,0,1,1,0,1,GILA BEND,March,2,Thursday,21,45,Rural,High Speed (Arterial),Yes,32.85219444,-112.36384444,Non-Intersection,Dark - Not Lighted,Clear,9:00pm-9:59pm,49,10:00pm-10:59pm,27,Not Applicable (Not Transported),Not Applicable (Not Transported),1,Dark - Unlighted,Clear,1,0,['Driver'],['Shoulder_Lapbelt'],0,0,Valid,0.0,1.0,49.0,49.0,['Male'],0,0,2,4,3,Dry,Straight,Level,Lowest,No
1119,4,Arizona,40181,0,3,3,0,6,CONGRESS,March,24,Friday,14,42,Rural,High Speed (Arterial),Yes,34.30012222,-113.11824167,Non-Intersection,Daylight,Clear,2:00pm-2:59pm,45,3:00pm-3:59pm,52,Unknown,Unknown EMS Hospital Arrival Time,2,Daylight,Clear,2,4,"['Front_Passenger', 'Rear_Seat']","['Shoulder_Lapbelt', 'Shoulder_Lapbelt']",1,1,Invalid,0.0,0.0,74.0,31.0,"['Female', 'Male', 'Female']",1,0,3,4,5,Dry,Straight,Grade/Hillcrest,Lowest,No
1120,4,Arizona,40182,0,1,1,0,2,TUBAC,March,25,Saturday,8,3,Rural,High Speed (Arterial),Yes,31.60980556,-111.05239722,Non-Intersection,Daylight,Clear,8:00am-8:59am,10,8:00am-8:59am,14,Not Applicable (Not Transported),Not Applicable (Not Transported),1,Daylight,Clear,1,1,['Front_Passenger'],['None_Used'],1,1,Valid,0.0,0.0,35.0,35.0,['Male'],2,0,3,4,3,Dry,Straight,Grade/Hillcrest,Lowest,No
1122,4,Arizona,40184,0,2,2,0,2,TUCSON,March,30,Thursday,14,13,Urban,High Speed (Arterial),Yes,32.13431389,-110.90945278,Complex/Circle,Daylight,Clear,2:00pm-2:59pm,13,2:00pm-2:59pm,20,Not Applicable (Not Transported),Not Applicable (Not Transported),1,Daylight,Clear,1,1,['Driver'],['None_Used'],1,1,Valid,0.0,1.0,59.0,32.0,"['Male', 'Male']",0,0,5,4,5,Dry,Straight,Level,Lowest,Yes
1123,4,Arizona,40185,1,1,1,0,1,TUCSON,February,11,Saturday,20,56,Urban,High Speed (Arterial),No,32.20262222,-110.84093333,Non-Intersection,Dark - Lighted,Clear,8:00pm-8:59pm,56,9:00pm-9:59pm,1,9:00pm-9:59pm,20,1,Dark - Lighted,Clear,0,0,[],[],0,0,Valid,0.0,0.0,49.0,34.0,Other,0,0,1,2,4,Dry,Straight,Level,Lowest,No
1124,4,Arizona,40186,0,2,2,0,2,NOT APPLICABLE,March,3,Friday,10,43,Rural,High Speed (Arterial),Yes,33.88641667,-111.45248333,Non-Intersection,Daylight,Cloudy,11:00am-11:59am,34,12:00pm-12:59pm,3,1:00pm-1:59pm,10,1,Daylight,Reduced Visibility,1,1,['Driver'],['Shoulder_Lapbelt'],0,0,Valid,0.0,1.0,75.0,74.0,"['Male', 'Male']",1,0,3,4,5,Dry,Curve,Grade/Hillcrest,Lowest,No
1125,4,Arizona,40187,0,2,2,0,2,Other,February,11,Saturday,16,34,Rural,Medium Speed (Collector),No,33.22689444,-112.77367778,Non-Intersection,Daylight,Clear,4:00pm-4:59pm,36,4:00pm-4:59pm,54,Not Applicable (Not Transported),Not Applicable (Not Transported),1,Daylight,Clear,1,1,['Driver'],['None_Used'],1,1,Valid,0.0,0.0,56.0,50.0,"['Female', 'Male']",0,0,5,3,5,Dry,Curve,Grade/Hillcrest,Lowest,No
1126,4,Arizona,40188,0,1,1,0,1,NOT APPLICABLE,March,19,Sunday,22,25,Urban,Medium Speed (Collector),No,33.92318056,-112.14083889,Non-Intersection,Dark - Not Lighted,Clear,10:00pm-10:59pm,25,10:00pm-10:59pm,27,Not Applicable (Not Transported),Not Applicable (Not Transported),1,Dark - Unlighted,Clear,1,0,['Driver'],['Shoulder_Lapbelt'],1,1,Valid,0.0,0.0,31.0,31.0,['Male'],0,0,2,4,3,Dry,Straight,Level,Lowest,No
1127,4,Arizona,40189,0,1,1,0,1,GLENDALE,February,17,Friday,21,38,Urban,High Speed (Arterial),Yes,33.51719444,-112.16044722,Non-Intersection,Dark - Lighted,Clear,9:00pm-9:59pm,40,9:00pm-9:59pm,47,Not Applicable (Not Transported),Not Applicable (Not Transported),1,Dark - Lighted,Clear,1,0,['Driver'],['Shoulder_Lapbelt'],0,0,Valid,0.0,0.0,17.0,17.0,['Male'],1,0,2,4,3,Dry,Straight,Level,Lowest,No
1128,4,Arizona,40190,1,1,1,0,1,GLENDALE,March,14,Tuesday,22,57,Urban,Medium Speed (Collector),No,33.57178611,-112.18634722,Complex/Circle,Dark - Lighted,Cloudy,10:00pm-10:59pm,57,11:00pm-11:59pm,0,11:00pm-11:59pm,16,1,Dark - Lighted,Reduced Visibility,0,1,[],[],0,0,Valid,0.0,0.0,40.0,40.0,['Male'],0,0,3,2,4,Dry,Straight,Level,Lowest,No
1129,4,Arizona,40191,1,1,1,0,1,TUCSON,March,19,Sunday,0,35,Urban,High Speed (Arterial),Yes,32.19223889,-110.85776389,Complex/Circle,Dark - Lighted,Clear,0:00am-0:59am,35,0:00am-0:59am,40,0:00am-0:59am,45,1,Dark - Lighted,Clear,0,1,[],[],0,0,Valid,0.0,2.0,42.0,42.0,['Male'],0,0,2,3,4,Dry,Straight,Level,Lowest,No
1130,4,Arizona,40192,0,2,2,0,2,TUCSON,March,23,Thursday,6,0,Urban,Medium Speed (Collector),No,32.09973333,-110.95986667,Non-Intersection,Dawn,Clear,6:00am-6:59am,0,6:00am-6:59am,13,Not Applicable (Not Transported),Not Applicable (Not Transported),1,Twilight,Clear,1,1,['Driver'],['None_Used'],1,1,Invalid,0.0,2.0,42.0,30.0,"['Male', 'Male']",1,0,5,4,5,Dry,Straight,Level,Lowest,No
1131,4,Arizona,40193,0,2,2,0,3,TEMPE,March,23,Thursday,10,53,Urban,High Speed (Arterial),Yes,33.40216667,-111.89094722,Non-Intersection,Daylight,Clear,10:00am-10:59am,54,11:00am-11:59am,4,11:00am-11:59am,10,1,Daylight,Clear,1,2,['Driver'],['Shoulder_Lapbelt'],0,0,Valid,0.0,1.0,27.0,22.0,"['Male', 'Male']",2,0,3,4,5,Dry,Straight,Level,Lowest,No
1132,4,Arizona,40194,1,1,1,0,2,SCOTTSDALE,March,24,Friday,5,49,Urban,Medium Speed (Collector),No,33.74243056,-111.87674444,Non-Intersection,Dark - Not Lighted,Rain,5:00am-5:59am,49,5:00am-5:59am,55,Not Applicable (Not Transported),Not Applicable (Not Transported),1,Dark - Unlighted,Rain/Wind/Minor,0,2,[],[],0,0,Valid,0.0,1.0,43.0,43.0,['Male'],0,0,3,2,4,Wet/Standing Water,Straight,Grade/Hillcrest,Lowest,No
1133,4,Arizona,40195,1,1,1,0,1,TUCSON,March,24,Friday,21,47,Urban,High Speed (Arterial),Yes,32.16431389,-110.93727778,Simple Junction,Dark - Lighted,Clear,9:00pm-9:59pm,51,9:00pm-9:59pm,55,Not Applicable (Not Transported),Not Applicable (Not Transported),1,Dark - Lighted,Clear,0,1,[],[],0,0,Invalid,0.0,0.0,34.0,34.0,['Male'],0,0,3,2,4,Dry,Straight,Level,Lowest,No
1134,4,Arizona,40196,0,2,2,0,5,AVONDALE,March,25,Saturday,12,45,Urban,Medium Speed (Collector),No,33.46464444,-112.28127222,Complex/Circle,Daylight,Clear,12:00pm-12:59pm,49,12:00pm-12:59pm,51,1:00pm-1:59pm,31,1,Daylight,Clear,1,4,['Front_Passenger'],['Shoulder_Lapbelt'],0,0,Valid,0.0,0.0,19.0,19.0,"['Female', 'Male']",0,0,3,4,5,Dry,Straight,Level,Lowest,No
1135,4,Arizona,40197,0,1,1,0,3,PINETOP,March,25,Saturday,16,9,Rural,Medium Speed (Collector),No,34.10568056,-109.92938056,Non-Intersection,Daylight,Clear,4:00pm-4:59pm,9,4:00pm-4:59pm,19,Unknown,Unknown EMS Hospital Arrival Time,2,Daylight,Clear,2,1,"['Driver', 'Rear_Seat']","['None_Used', 'None_Used']",1,1,Invalid,0.0,0.0,19.0,19.0,['Female'],3,0,2,4,3,Dry,Curve,Grade/Hillcrest,Lowest,No
1136,4,Arizona,40198,0,2,2,0,3,SURPRISE,March,26,Sunday,11,46,Urban,High Speed (Arterial),Yes,33.63873056,-112.30766389,Simple Junction,Daylight,Cloudy,11:00am-11:59am,47,11:00am-11:59am,53,12:00pm-12:59pm,17,1,Daylight,Reduced Visibility,1,2,['Driver'],['None_Used'],0,0,Valid,0.0,1.0,998.0,57.0,"['Female', 'Male']",0,0,5,4,5,Dry,Straight,Level,Lowest,No
1137,4,Arizona,40199,0,2,2,0,5,DRAGOON,March,29,Wednesday,13,24,Rural,High Speed (Arterial),Yes,32.04303889,-110.09228889,Non-Intersection,Daylight,Clear,1:00pm-1:59pm,29,1:00pm-1:59pm,37,2:00pm-2:59pm,0,2,Daylight,Clear,2,3,"['Front_Passenger', 'Rear_Seat']","['Shoulder_Lapbelt', 'None_Used']",0,0,Valid,0.0,0.0,69.0,49.0,"['Male', 'Female']",0,0,3,4,5,Dry,Straight,Grade/Hillcrest,Lowest,No
1138,4,Arizona,40200,0,1,1,0,1,CAMP VERDE,March,26,Sunday,17,30,Urban,High Speed (Arterial),Yes,34.6079,-111.91093611,Non-Intersection,Daylight,Clear,5:00pm-5:59pm,30,5:00pm-5:59pm,36,Not Applicable (Not Transported),Not Applicable (Not Transported),1,Daylight,Clear,1,0,['Driver'],['Shoulder_Lapbelt'],0,0,Invalid,0.0,0.0,40.0,40.0,['Male'],0,0,3,4,2,Dry,Straight,Grade/Hillcrest,Lowest,No
1139,4,Arizona,40201,1,1,1,0,2,TUCSON,March,26,Sunday,21,6,Urban,Medium Speed (Collector),No,32.27937778,-110.95852222,Complex/Circle,Dark - Not Lighted,Clear,9:00pm-9:59pm,6,9:00pm-9:59pm,9,Not Applicable (Not Transported),Not Applicable (Not Transported),1,Dark - Unlighted,Clear,0,2,[],[],0,0,Valid,0.0,1.0,80.0,80.0,['Male'],0,0,3,3,4,Dry,Straight,Level,Lowest,No
1140,4,Arizona,40202,0,1,1,0,1,YARNELL,March,27,Monday,16,58,Rural,Medium Speed (Collector),No,34.20488056,-112.79378889,Non-Intersection,Daylight,Clear,5:00pm-5:59pm,2,5:00pm-5:59pm,20,Not Applicable (Not Transported),Not Applicable (Not Transported),1,Daylight,Clear,1,0,['Driver'],['Shoulder_Lapbelt'],0,0,Valid,0.0,0.0,79.0,79.0,['Male'],0,0,3,4,3,Dry,Curve,Grade/Hillcrest,Lowest,No
1141,4,Arizona,40203,0,2,2,0,6,CASA GRANDE,March,28,Tuesday,18,6,Urban,Medium Speed (Collector),No,32.84550556,-111.70553611,Non-Intersection,Daylight,Clear,6:00pm-6:59pm,11,6:00pm-6:59pm,35,Unknown,Unknown EMS Hospital Arrival Time,1,Daylight,Clear,1,5,['Front_Passenger'],['Shoulder_Lapbelt'],1,1,Valid,0.0,0.0,56.0,23.0,"['Female', 'Male']",0,0,3,4,5,Dry,Straight,Level,Medium,No
1142,4,Arizona,40204,1,1,1,0,1,TUCSON,March,28,Tuesday,19,11,Urban,Medium Speed (Collector),No,32.25785833,-110.916225,Complex/Circle,Dark - Lighted,Clear,7:00pm-7:59pm,11,7:00pm-7:59pm,18,7:00pm-7:59pm,27,1,Dark - Lighted,Clear,0,1,[],[],0,0,Valid,0.0,0.0,45.0,45.0,['Male'],0,0,3,2,4,Dry,Straight,Level,Lowest,No
1143,4,Arizona,40205,0,1,1,0,1,NOT APPLICABLE,March,28,Tuesday,22,15,Urban,High Speed (Arterial),Yes,35.09109722,-111.68578889,Non-Intersection,Dark - Not Lighted,Clear,10:00pm-10:59pm,19,10:00pm-10:59pm,23,Not Applicable (Not Transported),Not Applicable (Not Transported),1,Dark - Unlighted,Clear,1,0,['Driver'],['None_Used'],0,0,Valid,0.0,1.0,17.0,17.0,['Male'],0,0,2,4,3,Dry,Straight,Level,Lowest,No
1144,4,Arizona,40206,1,1,1,0,1,SCOTTSDALE,March,29,Wednesday,23,8,Urban,High Speed (Arterial),Yes,33.58020278,-111.92610278,Simple Junction,Dark - Lighted,Clear,11:00pm-11:59pm,8,11:00pm-11:59pm,12,11:00pm-11:59pm,35,1,Dark - Lighted,Clear,0,1,[],[],1,1,Valid,0.0,3.0,21.0,21.0,['Male'],0,0,2,2,4,Dry,Straight,Level,Lowest,No
1145,4,Arizona,40207,0,1,1,0,1,TUCSON,March,30,Thursday,13,41,Rural,Low Speed (Local),No,32.33876111,-111.00825278,Non-Intersection,Daylight,Clear,1:00pm-1:59pm,43,1:00pm-1:59pm,46,Not Applicable (Not Transported),Not Applicable (Not Transported),1,Daylight,Clear,1,0,['Driver'],['None_Used'],0,0,Valid,0.0,0.0,75.0,75.0,['Male'],1,0,3,4,2,Dry,Straight,Level,Lowest,No
1146,4,Arizona,40208,0,2,2,0,2,PHOENIX,March,30,Thursday,23,22,Urban,Medium Speed (Collector),No,33.49633333,-112.08360556,Non-Intersection,Dark - Lighted,Clear,11:00pm-11:59pm,23,11:00pm-11:59pm,28,11:00pm-11:59pm,43,1,Dark - Lighted,Clear,1,1,['Driver'],['Shoulder_Lapbelt'],0,0,Invalid,0.0,0.0,31.0,30.0,"['Male', 'Male']",0,0,3,4,5,Dry,Straight,Level,Lowest,No
1147,4,Arizona,40209,0,2,2,0,4,NOT APPLICABLE,March,31,Friday,14,39,Rural,Medium Speed (Collector),No,33.50016667,-111.46246944,Non-Intersection,Daylight,Clear,2:00pm-2:59pm,45,3:00pm-3:59pm,10,Unknown,Unknown EMS Hospital Arrival Time,1,Daylight,Clear,1,3,['Driver'],['None_Used'],0,0,Valid,0.0,0.0,69.0,61.0,"['Male', 'Male']",0,0,5,4,5,Dry,Curve,Grade/Hillcrest,Lowest,No
1148,4,Arizona,40210,0,1,1,0,1,WIKIEUP,March,31,Friday,15,4,Rural,High Speed (Arterial),Yes,34.54550556,-113.445875,Non-Intersection,Daylight,Cloudy,3:00pm-3:59pm,4,3:00pm-3:59pm,55,Not Applicable (Not Transported),Not Applicable (Not Transported),1,Daylight,Reduced Visibility,1,0,['Driver'],['None_Used'],0,0,Valid,0.0,0.0,44.0,44.0,['Female'],0,0,5,4,3,Dry,Curve,Grade/Hillcrest,Lowest,No
1149,4,Arizona,40211,0,2,2,0,2,GOODYEAR,March,31,Friday,15,33,Urban,High Speed (Arterial),Yes,33.51378056,-112.41885278,Non-Intersection,Daylight,Clear,3:00pm-3:59pm,39,3:00pm-3:59pm,46,4:00pm-4:59pm,11,1,Daylight,Clear,1,1,['Driver'],['None_Used'],0,0,Valid,0.0,0.0,56.0,28.0,"['Male', 'Male']",0,0,3,4,5,Dry,Straight,Level,Lowest,No
1150,4,Arizona,40212,0,5,5,0,6,CASA GRANDE,March,31,Friday,17,33,Rural,Medium Speed (Collector),No,32.8794,-111.8072,Non-Intersection,Daylight,Clear,5:00pm-5:59pm,35,5:00pm-5:59pm,40,Not Applicable (Not Transported),Not Applicable (Not Transported),1,Daylight,Clear,1,5,['Driver'],['None_Used'],0,0,Valid,0.0,3.0,69.0,21.0,"['Male', 'Female', 'Male', 'Male', 'Female']",2,0,5,4,5,Dry,Straight,Level,Lowest,No
1151,4,Arizona,40213,0,2,2,0,2,GLENDALE,March,31,Friday,19,32,Urban,Medium Speed (Collector),No,33.53800556,-112.22246389,Simple Junction,Dark - Lighted,Clear,7:00pm-7:59pm,32,7:00pm-7:59pm,35,8:00pm-8:59pm,2,1,Dark - Lighted,Clear,1,1,['Driver'],['None_Used'],0,0,Valid,0.0,1.0,32.0,28.0,"['Male', 'Male']",0,0,5,4,5,Dry,Straight,Level,Lowest,No
1152,4,Arizona,40214,1,1,1,0,1,GLENDALE,March,13,Monday,19,2,Urban,Medium Speed (Collector),No,33.53600833,-112.34105556,Non-Intersection,Dark - Not Lighted,Clear,7:00pm-7:59pm,2,7:00pm-7:59pm,8,7:00pm-7:59pm,20,1,Dark - Unlighted,Clear,0,1,[],[],0,0,Valid,0.0,0.0,40.0,40.0,['Female'],0,0,3,3,4,Dry,Straight,Level,Lowest,No
1153,4,Arizona,40215,0,2,2,0,2,TUCSON,March,28,Tuesday,15,13,Urban,High Speed (Arterial),No,32.26151389,-110.84118889,Complex/Circle,Daylight,Clear,3:00pm-3:59pm,14,3:00pm-3:59pm,21,Not Applicable (Not Transported),Not Applicable (Not Transported),1,Daylight,Clear,1,1,['Driver'],['None_Used'],0,0,Valid,0.0,1.0,79.0,32.0,"['Male', 'Female']",0,0,5,4,5,Dry,Straight,Level,Lowest,No