,State_Code,State_Name,Crash_ID,Count_Non_Motorists,Count_Vehicles_Total,Count_Vehicle_Forms,Count_PVH_Involved,Count_Occupants_MV,City_Name,Month_Name,Day_of_Month,Day_of_Week,Crash_Hour,Crash_Minute,Area_Rural_Urban,Road_Functional_Class,On_NHS_Road,Latitude,Longitude,Intersection_Type,Light_Condition,Weather_Condition,Notif_Hour,Notif_Minute,Arrival_Hour,Arrival_Minute,Hospital_Hour,Hospital_Minute,Fatalities_Count,Clean_Light_Condition,Clean_Weather_Condition,Total_Killed,Total_Alive,Fatal_Seats_List,Killed_Restraint_List,Any_Driver_Drinking,Total_Drinking_Drivers,Driver_License_Category,Driver_Max_Prev_Accident_Count,Driver_Max_Prev_Speeding_Count,Max_Driver_Age,Min_Driver_Age,Driver_Sex_List,Total_Exceeding_Limit_Vehicles,Total_Too_Fast_Vehicles,Max_Vehicle_Type_Severity_5,Max_Vehicle_Damage_Rank,Max_Harmful_Event_Severity,Crash_Road_Surface_Condition,Crash_Horizontal_Alignment,Crash_Vertical_Profile,Crash_Impairment_Category,Crash_Vehicle_Defect
1154,4,Arizona,40216,0,1,1,0,1,TEMPE,April,1,Saturday,2,55,Urban,Medium Speed (Collector),No,33.41575556,-111.93995,Non-Intersection,Dark - Lighted,Clear,2:00am-2:59am,55,3:00am-3:59am,1,Not Applicable (Not Transported),Not Applicable (Not Transported),1,Dark - Lighted,Clear,1,0,['Driver'],['None_Used'],1,1,Invalid,1.0,0.0,43.0,43.0,['Male'],0,0,5,4,2,Dry,Curve,Level,Lowest,No
1155,4,Arizona,40217,0,2,2,0,3,BUCKEYE,April,1,Saturday,11,10,Urban,Medium Speed (Collector),No,33.38687222,-112.47826667,Non-Intersection,Daylight,Clear,11:00am-11:59am,10,11:00am-11:59am,17,11:00am-11:59am,40,1,Daylight,Clear,1,2,['Rear_Seat'],['None_Used'],0,0,Valid,0.0,0.0,55.0,50.0,"['Male', 'Male']",2,0,5,3,5,Dry,Straight,Level,Lowest,No
1157,4,Arizona,40219,0,1,1,0,2,TUCSON,April,2,Sunday,1,8,Urban,High Speed (Arterial),Yes,32.22123333,-110.97963889,Complex/Circle,Dark - Lighted,Clear,1:00am-1:59am,8,1:00am-1:59am,13,Unknown,Unknown EMS Hospital Arrival Time,1,Dark - Lighted,Clear,1,1,['Driver'],['Shoulder_Lapbelt'],0,0,Valid,0.0,1.0,20.0,20.0,['Male'],2,0,2,4,2,Dry,Straight,Level,Lowest,No
1158,4,Arizona,40220,0,2,2,0,3,GLENDALE,April,8,Saturday,13,15,Urban,High Speed (Arterial),Yes,33.55520556,-112.20570833,Simple Junction,Daylight,Clear,1:00pm-1:59pm,15,1:00pm-1:59pm,22,Not Applicable (Not Transported),Not Applicable (Not Transported),1,Daylight,Clear,1,2,['Driver'],['None_Used'],0,0,Invalid,0.0,0.0,34.0,18.0,"['Male', 'Male']",0,0,5,4,5,Dry,Straight,Level,Lowest,No
1159,4,Arizona,40221,0,1,1,0,1,GREER,April,29,Saturday,14,28,Rural,Medium Speed (Collector),No,34.04480833,-109.45924722,Non-Intersection,Daylight,Clear,2:00pm-2:59pm,10,2:00pm-2:59pm,13,4:00pm-4:59pm,30,1,Daylight,Clear,1,0,['Driver'],['None_Used'],0,0,Valid,0.0,0.0,62.0,62.0,['Female'],0,0,5,4,3,Dry,Straight,Level,Lowest,No
1161,4,Arizona,40224,0,2,2,0,2,MUNDS PARK,April,6,Thursday,5,43,Rural,High Speed (Arterial),Yes,34.94966111,-111.66486944,Non-Intersection,Daylight,Clear,5:00am-5:59am,45,5:00am-5:59am,56,Not Applicable (Not Transported),Not Applicable (Not Transported),1,Daylight,Clear,1,1,['Driver'],['None_Used'],0,0,Valid,0.0,0.0,43.0,22.0,"['Male', 'Male']",0,0,4,4,5,Dry,Straight,Level,Lowest,No
1162,4,Arizona,40225,0,2,2,0,2,SACATON,April,6,Thursday,8,36,Rural,Medium Speed (Collector),No,33.0775,-111.70329444,Non-Intersection,Daylight,Clear,8:00am-8:59am,32,8:00am-8:59am,42,Not Applicable (Not Transported),Not Applicable (Not Transported),1,Daylight,Clear,1,1,['Driver'],['None_Used'],0,0,Valid,0.0,0.0,41.0,26.0,"['Male', 'Female']",0,0,5,4,5,Dry,Straight,Level,Lowest,No
1163,4,Arizona,40226,1,1,1,0,2,PHOENIX,April,6,Thursday,21,7,Urban,Medium Speed (Collector),No,33.48036944,-112.13429167,Simple Junction,Dark - Lighted,Clear,Unknown,Unknown,Unknown EMS Scene Arrival Hour,Unknown EMS Scene Arrival Minutes,Unknown,Unknown EMS Hospital Arrival Time,1,Dark - Lighted,Clear,0,2,[],[],0,0,Invalid,0.0,0.0,42.0,42.0,['Male'],0,0,3,3,4,Dry,Straight,Level,Lowest,No
1164,4,Arizona,40227,2,1,1,0,1,TUCSON,April,7,Friday,1,21,Urban,Medium Speed (Collector),No,32.22690556,-110.96553611,Non-Intersection,Dark - Lighted,Clear,10:00pm-10:59pm,21,10:00pm-10:59pm,31,10:00pm-10:59pm,55,1,Dark - Lighted,Clear,1,0,['Driver'],['None_Used'],1,1,Valid,0.0,0.0,50.0,50.0,['Male'],0,0,5,4,2,Dry,Straight,Level,Lowest,No
1165,4,Arizona,40228,0,2,2,0,2,GLENDALE,April,7,Friday,9,41,Urban,Medium Speed (Collector),No,33.63356944,-112.18588056,Complex/Circle,Daylight,Cloudy,9:00am-9:59am,39,9:00am-9:59am,45,10:00am-10:59am,2,1,Daylight,Reduced Visibility,1,1,['Driver'],['Shoulder_Lapbelt'],0,0,Valid,0.0,1.0,87.0,27.0,"['Male', 'Male']",0,0,2,3,5,Dry,Straight,Level,Lowest,No
1166,4,Arizona,40229,0,1,1,0,6,BUCKEYE,April,7,Friday,14,6,Rural,High Speed (Arterial),Yes,33.2316,-112.64232778,Non-Intersection,Daylight,Clear,2:00pm-2:59pm,13,2:00pm-2:59pm,26,Unknown,Unknown EMS Hospital Arrival Time,2,Daylight,Clear,2,4,"['Driver', 'Rear_Seat']","['None_Used', 'None_Used']",0,0,Valid,0.0,1.0,33.0,33.0,['Male'],6,0,3,4,3,Dry,Straight,Level,Lowest,Yes
1167,4,Arizona,40230,1,1,1,0,1,GLENDALE,April,7,Friday,22,4,Urban,Medium Speed (Collector),No,33.53848333,-112.15394167,Non-Intersection,Dark - Lighted,Clear,9:00pm-9:59pm,26,9:00pm-9:59pm,32,9:00pm-9:59pm,45,1,Dark - Lighted,Clear,0,1,[],[],0,0,Invalid,0.0,0.0,31.0,31.0,['Male'],0,0,3,4,4,Dry,Straight,Level,Lowest,No
1168,4,Arizona,40231,0,2,2,0,2,MESA,April,8,Saturday,20,2,Urban,High Speed (Arterial),Yes,33.48673056,-111.81822222,Non-Intersection,Dark - Not Lighted,Clear,8:00pm-8:59pm,2,8:00pm-8:59pm,9,9:00pm-9:59pm,13,1,Dark - Unlighted,Clear,1,1,['Driver'],['Shoulder_Lapbelt'],1,1,Invalid,0.0,0.0,29.0,28.0,"['Male', 'Male']",1,0,3,4,5,Dry,Straight,Level,Lowest,No
1169,4,Arizona,40232,1,1,1,0,1,FLAGSTAFF,April,8,Saturday,20,27,Urban,High Speed (Arterial),Yes,35.22352778,-111.584275,Complex/Circle,Dark - Lighted,Clear,8:00pm-8:59pm,28,8:00pm-8:59pm,30,Not Applicable (Not Transported),Not Applicable (Not Transported),1,Dark - Lighted,Clear,0,1,[],[],0,0,Valid,0.0,0.0,31.0,31.0,['Male'],0,0,2,3,4,Dry,Straight,Level,Lowest,No
1170,4,Arizona,40233,1,1,1,0,1,GOODYEAR,April,8,Saturday,23,14,Urban,High Speed (Arterial),Yes,33.45785556,-112.3531,Non-Intersection,Dark - Lighted,Clear,11:00pm-11:59pm,16,11:00pm-11:59pm,24,Not Applicable (Not Transported),Not Applicable (Not Transported),1,Dark - Lighted,Clear,0,1,[],[],0,0,Valid,0.0,0.0,22.0,22.0,['Male'],0,0,2,4,4,Dry,Straight,Level,Lowest,No
1171,4,Arizona,40234,0,1,1,0,2,LITTLEFIELD,April,9,Sunday,1,35,Rural,High Speed (Arterial),Yes,36.92956389,-113.82929722,Non-Intersection,Dark - Not Lighted,Clear,1:00am-1:59am,36,2:00am-2:59am,3,Unknown,Unknown EMS Hospital Arrival Time,1,Dark - Unlighted,Clear,1,1,['Driver'],['None_Used'],0,0,Valid,0.0,0.0,39.0,39.0,['Male'],2,0,2,4,3,Dry,Straight,Level,Lowest,No
1172,4,Arizona,40235,1,2,2,0,3,PHOENIX,April,9,Sunday,22,43,Urban,High Speed (Arterial),Yes,33.49476944,-112.078,Complex/Circle,Dark - Lighted,Clear,Unknown,Unknown,Unknown EMS Scene Arrival Hour,Unknown EMS Scene Arrival Minutes,Not Applicable (Not Transported),Not Applicable (Not Transported),1,Dark - Lighted,Clear,0,3,[],[],0,0,Invalid,0.0,2.0,57.0,38.0,"['Male', 'Male']",0,0,2,3,4,Dry,Straight,Level,Lowest,No
1173,4,Arizona,40236,0,2,2,0,2,TUCSON,April,11,Tuesday,19,12,Urban,High Speed (Arterial),No,32.22165278,-110.91801389,Complex/Circle,Dusk,Clear,7:00pm-7:59pm,12,7:00pm-7:59pm,18,Not Applicable (Not Transported),Not Applicable (Not Transported),1,Twilight,Clear,1,1,['Driver'],['None_Used'],1,1,Valid,0.0,0.0,51.0,37.0,"['Male', 'Male']",1,0,5,4,5,Dry,Straight,Level,Lowest,No
1174,4,Arizona,40237,0,2,2,0,2,PHOENIX,April,12,Wednesday,16,8,Urban,Medium Speed (Collector),No,33.67655556,-112.08291111,Simple Junction,Daylight,Clear,4:00pm-4:59pm,10,4:00pm-4:59pm,13,4:00pm-4:59pm,30,1,Daylight,Clear,1,1,['Driver'],['Shoulder_Lapbelt'],0,0,Valid,0.0,1.0,39.0,29.0,"['Male', 'Female']",0,0,4,4,5,Dry,Straight,Level,Lowest,No
1175,4,Arizona,40238,1,1,1,0,1,PHOENIX,April,12,Wednesday,19,52,Urban,Medium Speed (Collector),No,33.56390278,-112.09984444,Complex/Circle,Dark - Lighted,Clear,7:00pm-7:59pm,52,7:00pm-7:59pm,56,Not Applicable (Not Transported),Not Applicable (Not Transported),1,Dark - Lighted,Clear,0,1,[],[],0,0,Valid,0.0,2.0,20.0,20.0,['Male'],1,0,2,3,4,Dry,Straight,Level,Lowest,No
1176,4,Arizona,40239,0,1,1,0,5,KINGMAN,April,13,Thursday,22,0,Urban,Medium Speed (Collector),No,35.19930556,-113.99386944,Non-Intersection,Dark - Not Lighted,Clear,9:00pm-9:59pm,49,9:00pm-9:59pm,55,10:00pm-10:59pm,50,2,Dark - Unlighted,Clear,2,3,"['Front_Passenger', 'Rear_Seat']","['None_Used', 'None_Used']",0,0,Valid,0.0,0.0,16.0,16.0,['Male'],5,0,2,4,3,Dry,Straight,Level,Lowest,No
1177,4,Arizona,40240,0,1,1,0,1,MESA,April,14,Friday,18,53,Urban,High Speed (Arterial),Yes,33.38685,-111.70880278,Non-Intersection,Dark - Lighted,Clear,6:00pm-6:59pm,52,6:00pm-6:59pm,59,7:00pm-7:59pm,28,1,Dark - Lighted,Clear,1,0,['Driver'],['None_Used'],0,0,Valid,0.0,0.0,43.0,43.0,['Female'],0,0,3,4,3,Dry,Straight,Level,Lowest,Yes
1178,4,Arizona,40241,0,1,1,0,1,COOLIDGE,April,14,Friday,23,30,Rural,Medium Speed (Collector),No,32.88324722,-111.567225,Non-Intersection,Dark - Not Lighted,Clear,11:00pm-11:59pm,35,11:00pm-11:59pm,54,Not Applicable (Not Transported),Not Applicable (Not Transported),1,Dark - Unlighted,Clear,1,0,['Driver'],['Shoulder_Lapbelt'],1,1,Invalid,0.0,2.0,25.0,25.0,['Female'],1,0,2,4,3,Dry,Straight,Level,Lowest,No
1179,4,Arizona,40242,0,2,2,0,2,TUCSON,April,17,Monday,14,2,Urban,Medium Speed (Collector),No,32.19271111,-110.80964722,Non-Intersection,Daylight,Clear,2:00pm-2:59pm,2,2:00pm-2:59pm,8,2:00pm-2:59pm,20,1,Daylight,Clear,1,1,['Driver'],['None_Used'],1,1,Valid,0.0,0.0,62.0,32.0,"['Male', 'Male']",1,0,3,4,5,Dry,Straight,Level,Lowest,No
1180,4,Arizona,40243,0,2,2,0,2,QUEEN CREEK,April,18,Tuesday,7,2,Urban,Medium Speed (Collector),No,33.21698889,-111.58318333,Simple Junction,Daylight,Clear,7:00am-7:59am,5,7:00am-7:59am,11,7:00am-7:59am,49,1,Daylight,Clear,1,1,['Driver'],['None_Used'],0,0,Valid,0.0,2.0,65.0,27.0,"['Male', 'Male']",1,0,5,4,5,Dry,Straight,Level,Lowest,No
1181,4,Arizona,40244,0,1,1,0,1,TUCSON,April,18,Tuesday,12,50,Urban,Medium Speed (Collector),No,32.26179444,-110.90098889,Non-Intersection,Daylight,Clear,12:00pm-12:59pm,56,1:00pm-1:59pm,8,1:00pm-1:59pm,23,1,Daylight,Clear,1,0,['Driver'],['None_Used'],0,0,Valid,0.0,0.0,67.0,67.0,['Male'],0,0,5,2,2,Dry,Straight,Level,Lowest,No
1182,4,Arizona,40246,0,2,2,0,2,PHOENIX,April,19,Wednesday,14,2,Urban,High Speed (Arterial),Yes,33.46794722,-112.16908056,Simple Junction,Daylight,Clear,2:00pm-2:59pm,4,2:00pm-2:59pm,8,2:00pm-2:59pm,27,1,Daylight,Clear,1,1,['Driver'],['None_Used'],0,0,Valid,0.0,0.0,64.0,62.0,"['Female', 'Male']",0,0,5,4,5,Dry,Straight,Level,Lowest,No
1183,4,Arizona,40247,0,1,1,0,1,PHOENIX,January,15,Sunday,11,21,Urban,High Speed (Arterial),No,33.79926389,-111.991325,Non-Intersection,Daylight,Cloudy,11:00am-11:59am,21,11:00am-11:59am,27,Not Applicable (Not Transported),Not Applicable (Not Transported),1,Daylight,Reduced Visibility,1,0,['Driver'],['Shoulder_Lapbelt'],0,0,Valid,0.0,1.0,24.0,24.0,['Female'],1,0,2,4,3,Wet/Standing Water,Straight,Level,Lowest,No
1184,4,Arizona,40248,1,1,1,0,1,MESA,January,21,Saturday,19,41,Urban,Medium Speed (Collector),No,33.40779167,-111.62870556,Simple Junction,Dark - Lighted,Clear,7:00pm-7:59pm,41,7:00pm-7:59pm,47,Not Applicable (Not Transported),Not Applicable (Not Transported),1,Dark - Lighted,Clear,0,1,[],[],1,1,Valid,0.0,0.0,31.0,31.0,['Male'],0,0,2,4,4,Dry,Straight,Level,Lowest,No
1186,4,Arizona,40250,0,3,3,0,3,PHOENIX,April,20,Thursday,13,2,Urban,Medium Speed (Collector),No,33.68394722,-112.11601667,Simple Junction,Daylight,Clear,1:00pm-1:59pm,3,1:00pm-1:59pm,12,Not Applicable (Not Transported),Not Applicable (Not Transported),1,Daylight,Clear,1,2,['Driver'],['None_Used'],0,0,Valid,0.0,0.0,64.0,25.0,"['Male', 'Female', 'Male']",1,0,5,4,5,Dry,Straight,Level,Lowest,No
1187,4,Arizona,40251,0,1,1,0,1,PHOENIX,February,28,Tuesday,15,4,Urban,Medium Speed (Collector),No,33.59404167,-112.11985278,Non-Intersection,Daylight,Clear,Unknown,Unknown,Unknown EMS Scene Arrival Hour,Unknown EMS Scene Arrival Minutes,Unknown,Unknown EMS Hospital Arrival Time,1,Daylight,Clear,1,0,['Driver'],['None_Used'],0,0,Valid,0.0,0.0,24.0,24.0,['Female'],1,0,2,4,2,Dry,Curve,Level,Lowest,No
1188,4,Arizona,40252,0,2,2,0,2,PHOENIX,February,13,Monday,6,32,Urban,Medium Speed (Collector),No,33.48747778,-112.04764722,Complex/Circle,Dawn,Clear,Unknown,Unknown,Unknown EMS Scene Arrival Hour,Unknown EMS Scene Arrival Minutes,Unknown,Unknown EMS Hospital Arrival Time,1,Twilight,Clear,1,1,['Driver'],['None_Used'],0,0,Invalid,0.0,0.0,998.0,29.0,"['Other', 'Male']",1,0,5,1,5,Dry,Straight,Level,Lowest,No
1189,4,Arizona,40253,0,1,1,0,1,BUCKEYE,February,17,Friday,23,28,Rural,Medium Speed (Collector),No,33.28753611,-112.79855833,Non-Intersection,Dark - Not Lighted,Clear,11:00pm-11:59pm,28,11:00pm-11:59pm,43,Not Applicable (Not Transported),Not Applicable (Not Transported),1,Dark - Unlighted,Clear,1,0,['Driver'],['None_Used'],1,1,Valid,0.0,1.0,24.0,24.0,['Female'],0,0,3,4,3,Dry,Straight,Level,Lowest,No
1190,4,Arizona,40254,0,4,4,0,6,BENSON,March,10,Friday,20,9,Rural,High Speed (Arterial),Yes,31.96721389,-110.27636944,Non-Intersection,Dark - Lighted,Clear,8:00pm-8:59pm,9,8:00pm-8:59pm,4,Unknown,Unknown EMS Hospital Arrival Time,4,Dark - Lighted,Clear,4,2,"['Driver', 'Front_Passenger', 'Driver', 'Front_Passenger']","['Shoulder_Lapbelt', 'Shoulder_Lapbelt', 'Shoulder_Lapbelt', 'Shoulder_Lapbelt']",0,0,Valid,0.0,1.0,50.0,30.0,"['Male', 'Male', 'Male', 'Female']",0,0,4,4,5,Dry,Curve,Level,Lowest,Yes
1191,4,Arizona,40255,0,1,1,0,7,DRAGOON,March,18,Saturday,17,1,Rural,High Speed (Arterial),Yes,32.04251111,-110.09342222,Non-Intersection,Daylight,Clear,5:00pm-5:59pm,3,5:00pm-5:59pm,11,Unknown,Unknown EMS Hospital Arrival Time,2,Daylight,Clear,2,5,"['Driver', 'Rear_Seat']","['Shoulder_Lapbelt', 'None_Used']",0,0,Valid,0.0,0.0,37.0,37.0,['Female'],0,0,3,4,3,Dry,Straight,Level,Lowest,Yes
1192,4,Arizona,40256,0,1,1,0,1,DOUGLAS,March,30,Thursday,6,59,Rural,High Speed (Arterial),Yes,31.35662222,-109.62461944,Non-Intersection,Daylight,Clear,7:00am-7:59am,1,7:00am-7:59am,10,7:00am-7:59am,28,1,Daylight,Clear,1,0,['Driver'],['None_Used'],0,0,Valid,0.0,0.0,73.0,73.0,['Male'],0,0,3,4,3,Dry,Straight,Level,Lowest,No
1193,4,Arizona,40257,0,1,1,0,1,PEORIA,April,23,Sunday,23,56,Urban,High Speed (Arterial),Yes,33.55766111,-112.26029167,Non-Intersection,Dark - Lighted,Clear,0:00am-0:59am,1,0:00am-0:59am,9,Not Applicable (Not Transported),Not Applicable (Not Transported),1,Dark - Lighted,Clear,1,0,['Driver'],['None_Used'],1,1,Valid,0.0,0.0,33.0,33.0,['Male'],0,0,5,4,3,Dry,Straight,Level,Lowest,No
1194,4,Arizona,40258,0,1,1,0,1,QUEEN CREEK,April,23,Sunday,2,21,Urban,Medium Speed (Collector),No,33.24136667,-111.628575,Complex/Circle,Dark - Lighted,Clear,2:00am-2:59am,27,2:00am-2:59am,32,2:00am-2:59am,49,1,Dark - Lighted,Clear,1,0,['Driver'],['None_Used'],0,0,Valid,0.0,0.0,25.0,25.0,['Male'],1,0,5,4,2,Dry,Curve,Level,Lowest,No
1195,4,Arizona,40259,0,4,4,0,7,Sedona,April,23,Sunday,18,2,Rural,High Speed (Arterial),Yes,34.73375556,-111.70130556,Non-Intersection,Daylight,Clear,6:00pm-6:59pm,5,6:00pm-6:59pm,21,Not Applicable (Not Transported),Not Applicable (Not Transported),1,Daylight,Clear,1,6,['Driver'],['None_Used'],0,0,Valid,1.0,0.0,50.0,33.0,"['Male', 'Female', 'Male', 'Male']",1,0,4,4,5,Dry,Straight,Level,Lowest,No
1196,4,Arizona,40260,0,7,7,0,11,BUCKEYE,April,24,Monday,16,29,Rural,High Speed (Arterial),Yes,33.43615833,-112.66425,Non-Intersection,Daylight,Clear,4:00pm-4:59pm,32,4:00pm-4:59pm,42,Unknown,Unknown EMS Hospital Arrival Time,1,Daylight,Clear,1,10,['Driver'],['Shoulder_Lapbelt'],0,0,Valid,1.0,1.0,65.0,25.0,"['Male', 'Male', 'Female', 'Male', 'Male', 'Male', 'Male']",1,0,4,4,5,Dry,Straight,Level,Lowest,No
1197,4,Arizona,40261,0,2,2,0,2,BAGDAD,April,26,Wednesday,15,2,Rural,Medium Speed (Collector),No,34.56870833,-113.17555833,Simple Junction,Daylight,Clear,3:00pm-3:59pm,2,3:00pm-3:59pm,5,6:00pm-6:59pm,0,1,Daylight,Clear,1,1,['Driver'],['None_Used'],0,0,Valid,0.0,0.0,43.0,17.0,"['Male', 'Female']",0,0,5,2,5,Dry,Straight,Level,Lowest,No
1198,4,Arizona,40262,0,1,1,0,1,TUCSON,April,27,Thursday,23,45,Urban,Medium Speed (Collector),No,32.20702778,-110.94395833,Non-Intersection,Dark - Lighted,Clear,11:00pm-11:59pm,45,11:00pm-11:59pm,50,0:00am-0:59am,17,1,Dark - Lighted,Clear,1,0,['Driver'],['None_Used'],1,1,Valid,0.0,0.0,40.0,40.0,['Female'],1,0,2,4,2,Dry,Straight,Level,Lowest,Yes
1200,4,Arizona,40264,0,1,1,0,1,SNOWFLAKE,April,28,Friday,17,28,Rural,Medium Speed (Collector),No,34.51093611,-110.16245556,Simple Junction,Daylight,Clear,5:00pm-5:59pm,28,5:00pm-5:59pm,36,Not Applicable (Not Transported),Not Applicable (Not Transported),1,Daylight,Clear,1,0,['Driver'],['Shoulder_Lapbelt'],0,0,Valid,0.0,0.0,51.0,51.0,['Female'],1,0,3,4,3,Dry,Curve,Grade/Hillcrest,Lowest,No
1201,4,Arizona,40265,1,1,1,0,1,PHOENIX,April,28,Friday,19,59,Urban,Medium Speed (Collector),No,33.59556667,-112.09961389,Non-Intersection,Dark - Lighted,Clear,8:00pm-8:59pm,0,8:00pm-8:59pm,4,8:00pm-8:59pm,17,1,Dark - Lighted,Clear,0,1,[],[],0,0,Valid,0.0,1.0,65.0,65.0,['Male'],0,0,2,4,4,Dry,Straight,Level,Lowest,No
1202,4,Arizona,40266,1,1,1,0,1,MESA,April,28,Friday,20,38,Urban,Medium Speed (Collector),No,33.39518056,-111.8745,Non-Intersection,Dark - Lighted,Clear,8:00pm-8:59pm,39,8:00pm-8:59pm,50,Not Applicable (Not Transported),Not Applicable (Not Transported),1,Dark - Lighted,Clear,0,1,[],[],0,0,Valid,0.0,0.0,30.0,30.0,['Male'],0,0,2,3,4,Dry,Straight,Level,Lowest,No
1203,4,Arizona,40267,0,2,2,0,2,TOLLESON,April,28,Friday,20,54,Urban,Medium Speed (Collector),No,33.43725556,-112.23788611,Complex/Circle,Dark - Lighted,Clear,8:00pm-8:59pm,54,8:00pm-8:59pm,59,Not Applicable (Not Transported),Not Applicable (Not Transported),1,Dark - Lighted,Clear,1,1,['Driver'],['Shoulder_Lapbelt'],0,0,Valid,0.0,0.0,19.0,19.0,"['Female', 'Male']",1,0,4,4,3,Dry,Straight,Level,Lowest,No
1204,4,Arizona,40268,0,1,1,0,2,PHOENIX,April,29,Saturday,2,42,Urban,High Speed (Arterial),Yes,33.46155,-112.11965833,Non-Intersection,Dark - Lighted,Clear,2:00am-2:59am,42,2:00am-2:59am,49,3:00am-3:59am,10,1,Dark - Lighted,Clear,1,1,['Driver'],['None_Used'],1,1,Invalid,2.0,1.0,21.0,21.0,['Male'],2,0,3,4,3,Dry,Straight,Grade/Hillcrest,Lowest,No
1205,4,Arizona,40269,0,1,1,0,2,SELIGMAN,April,29,Saturday,14,34,Rural,High Speed (Arterial),Yes,35.27517778,-112.76576944,Non-Intersection,Daylight,Clear,2:00pm-2:59pm,37,2:00pm-2:59pm,55,4:00pm-4:59pm,20,1,Daylight,Clear,1,1,['Front_Passenger'],['Shoulder_Lapbelt'],0,0,Valid,0.0,1.0,73.0,73.0,['Female'],0,0,2,4,3,Dry,Straight,Level,Lowest,No
1206,4,Arizona,40270,0,2,2,0,3,SURPRISE,April,29,Saturday,18,14,Urban,High Speed (Arterial),Yes,33.63865556,-112.36816111,Complex/Circle,Daylight,Clear,6:00pm-6:59pm,14,6:00pm-6:59pm,20,6:00pm-6:59pm,45,1,Daylight,Clear,1,2,['Front_Passenger'],['Shoulder_Lapbelt'],0,0,Valid,0.0,0.0,73.0,23.0,"['Female', 'Male']",0,0,2,4,5,Dry,Straight,Level,Lowest,No
1207,4,Arizona,40271,0,1,1,0,2,TORTILLA FLAT,April,29,Saturday,22,7,Rural,Medium Speed (Collector),No,33.5383,-111.34566944,Non-Intersection,Dark - Not Lighted,Clear,10:00pm-10:59pm,15,11:00pm-11:59pm,11,Unknown,Unknown EMS Hospital Arrival Time,1,Dark - Unlighted,Clear,1,1,['Front_Passenger'],['None_Used'],0,0,Valid,0.0,0.0,21.0,21.0,['Male'],0,0,2,4,3,Dry,Curve,Grade/Hillcrest,Lowest,No
1209,4,Arizona,40273,0,3,3,0,4,PHOENIX,April,30,Sunday,21,1,Urban,Medium Speed (Collector),No,33.59743611,-111.97582778,Complex/Circle,Dark - Lighted,Clear,Unknown,Unknown,Unknown EMS Scene Arrival Hour,Unknown EMS Scene Arrival Minutes,Not Applicable (Not Transported),Not Applicable (Not Transported),1,Dark - Lighted,Clear,1,3,['Driver'],['None_Used'],0,0,Valid,0.0,2.0,67.0,24.0,"['Male', 'Male', 'Male']",1,0,5,4,5,Dry,Straight,Level,Lowest,No
1210,4,Arizona,40274,1,1,1,0,1,GLENDALE,January,24,Tuesday,3,37,Urban,Medium Speed (Collector),No,33.50881667,-112.25718333,Non-Intersection,Dark - Lighted,Clear,3:00am-3:59am,37,3:00am-3:59am,37,Not Applicable (Not Transported),Not Applicable (Not Transported),1,Dark - Lighted,Clear,0,1,[],[],0,0,Valid,0.0,0.0,28.0,28.0,['Female'],0,0,2,2,4,Dry,Straight,Level,Lowest,No
1211,4,Arizona,40276,0,2,2,0,3,GLENDALE,March,11,Saturday,18,57,Urban,Medium Speed (Collector),No,33.50904444,-112.22044444,Simple Junction,Dark - Lighted,Clear,6:00pm-6:59pm,54,6:00pm-6:59pm,59,7:00pm-7:59pm,24,1,Dark - Lighted,Clear,1,2,['Driver'],['None_Used'],0,0,Valid,0.0,0.0,27.0,24.0,"['Male', 'Male']",0,0,5,4,5,Dry,Straight,Level,Lowest,No
1212,4,Arizona,40277,0,1,1,0,3,MARANA,April,6,Thursday,10,14,Urban,High Speed (Arterial),Yes,32.43567778,-111.17916389,Non-Intersection,Daylight,Clear,10:00am-10:59am,16,10:00am-10:59am,26,Not Applicable (Not Transported),Not Applicable (Not Transported),3,Daylight,Clear,3,0,"['Driver', 'Front_Passenger', 'Front_Passenger']","['Shoulder_Lapbelt', 'Shoulder_Lapbelt', 'Shoulder_Lapbelt']",0,0,Valid,0.0,0.0,78.0,78.0,['Male'],0,0,3,4,3,Dry,Straight,Level,Lowest,Yes
1213,4,Arizona,40278,1,1,1,0,1,GLENDALE,April,17,Monday,16,58,Urban,Medium Speed (Collector),No,33.52703333,-112.20307778,Simple Junction,Daylight,Clear,4:00pm-4:59pm,59,4:00pm-4:59pm,59,5:00pm-5:59pm,22,1,Daylight,Clear,0,1,[],[],0,0,Valid,0.0,1.0,31.0,31.0,['Male'],0,0,2,3,4,Dry,Straight,Level,Lowest,No
1214,4,Arizona,40279,1,1,1,0,1,PHOENIX,April,23,Sunday,3,27,Urban,High Speed (Arterial),Yes,33.47571944,-112.11334444,Non-Intersection,Dark - Unknown Lighting,Clear,3:00am-3:59am,35,3:00am-3:59am,40,Not Applicable (Not Transported),Not Applicable (Not Transported),1,Dark - Unlighted,Clear,0,0,[],[],0,0,Invalid,0.0,0.0,998.0,998.0,['Other'],0,0,1,0,4,Dry,Straight,Level,Lowest,No
1215,4,Arizona,40280,0,2,2,0,4,CLIFTON,April,24,Monday,16,0,Rural,Medium Speed (Collector),No,33.01232222,-109.24858333,Non-Intersection,Daylight,Clear,4:00pm-4:59pm,25,4:00pm-4:59pm,51,6:00pm-6:59pm,27,1,Daylight,Clear,1,3,['Driver'],['None_Used'],1,1,Valid,0.0,0.0,74.0,73.0,"['Male', 'Male']",0,0,3,4,5,Dry,Straight,Grade/Hillcrest,Lowest,No
1216,4,Arizona,40281,0,5,5,0,7,FOREST LAKES ESTATES,April,23,Sunday,15,1,Rural,High Speed (Arterial),Yes,34.32403333,-110.83938889,Non-Intersection,Daylight,Clear,3:00pm-3:59pm,1,3:00pm-3:59pm,4,Unknown,Unknown EMS Hospital Arrival Time,1,Daylight,Clear,1,6,['Driver'],['Shoulder_Lapbelt'],0,0,Valid,0.0,0.0,70.0,46.0,"['Male', 'Male', 'Female', 'Female', 'Female']",0,0,3,4,5,Dry,Straight,Grade/Hillcrest,Lowest,No
1217,4,Arizona,40282,0,2,2,0,2,TEMPE,May,9,Tuesday,0,59,Urban,High Speed (Arterial),Yes,33.38568611,-111.95188333,Non-Intersection,Dark - Lighted,Clear,1:00am-1:59am,20,1:00am-1:59am,10,1:00am-1:59am,36,1,Dark - Lighted,Clear,1,1,['Driver'],['Shoulder_Lapbelt'],1,1,Valid,1.0,0.0,35.0,29.0,"['Male', 'Male']",0,0,3,4,5,Dry,Straight,Level,Lowest,Yes