,State_Code,State_Name,Crash_ID,Count_Non_Motorists,Count_Vehicles_Total,Count_Vehicle_Forms,Count_PVH_Involved,Count_Occupants_MV,City_Name,Month_Name,Day_of_Month,Day_of_Week,Crash_Hour,Crash_Minute,Area_Rural_Urban,Road_Functional_Class,On_NHS_Road,Latitude,Longitude,Intersection_Type,Light_Condition,Weather_Condition,Notif_Hour,Notif_Minute,Arrival_Hour,Arrival_Minute,Hospital_Hour,Hospital_Minute,Fatalities_Count,Clean_Light_Condition,Clean_Weather_Condition,Total_Killed,Total_Alive,Fatal_Seats_List,Killed_Restraint_List,Any_Driver_Drinking,Total_Drinking_Drivers,Driver_License_Category,Driver_Max_Prev_Accident_Count,Driver_Max_Prev_Speeding_Count,Max_Driver_Age,Min_Driver_Age,Driver_Sex_List,Total_Exceeding_Limit_Vehicles,Total_Too_Fast_Vehicles,Max_Vehicle_Type_Severity_5,Max_Vehicle_Damage_Rank,Max_Harmful_Event_Severity,Crash_Road_Surface_Condition,Crash_Horizontal_Alignment,Crash_Vertical_Profile,Crash_Impairment_Category,Crash_Vehicle_Defect
1218,4,Arizona,40283,0,1,1,0,9,GOLD CANYON,April,3,Monday,10,7,Rural,High Speed (Arterial),Yes,33.26360278,-111.26102778,Non-Intersection,Daylight,Clear,10:00am-10:59am,7,10:00am-10:59am,29,5:00pm-5:59pm,22,1,Daylight,Clear,1,7,['Front_Passenger'],['Shoulder_Lapbelt'],0,0,Invalid,0.0,0.0,999.0,999.0,['Other'],0,0,3,0,3,Dry,Curve,Grade/Hillcrest,Lowest,No
1219,4,Arizona,40284,0,1,1,0,1,NOT APPLICABLE,April,16,Sunday,21,46,Rural,High Speed (Arterial),Yes,35.05078611,-110.77793889,Non-Intersection,Dark - Not Lighted,Clear,9:00pm-9:59pm,47,9:00pm-9:59pm,53,Not Applicable (Not Transported),Not Applicable (Not Transported),1,Dark - Unlighted,Clear,1,0,['Driver'],['None_Used'],0,0,Invalid,0.0,0.0,23.0,23.0,['Male'],1,0,3,4,3,Dry,Straight,Level,Lowest,No
1220,4,Arizona,40285,0,1,1,0,1,GLENDALE,April,18,Tuesday,6,15,Urban,Medium Speed (Collector),No,33.52342778,-112.23345278,Non-Intersection,Daylight,Clear,6:00am-6:59am,16,6:00am-6:59am,19,6:00am-6:59am,47,1,Daylight,Clear,1,0,['Driver'],['None_Used'],1,1,Valid,0.0,1.0,33.0,33.0,['Male'],0,0,3,4,3,Dry,Straight,Grade/Hillcrest,Lowest,No
1221,4,Arizona,40286,0,2,2,0,2,PHOENIX,April,20,Thursday,22,40,Urban,High Speed (Arterial),No,33.55550278,-112.04335278,Non-Intersection,Dark - Lighted,Clear,Unknown,Unknown,Unknown EMS Scene Arrival Hour,Unknown EMS Scene Arrival Minutes,Unknown,Unknown EMS Hospital Arrival Time,1,Dark - Lighted,Clear,1,1,['Driver'],['None_Used'],0,0,Valid,0.0,2.0,27.0,24.0,"['Male', 'Male']",2,0,2,4,5,Dry,Curve,Level,Lowest,No
1222,4,Arizona,40287,0,2,2,0,2,ELFRIDA,April,21,Friday,7,0,Rural,Medium Speed (Collector),No,31.56621389,-109.66778333,Non-Intersection,Daylight,Clear,7:00am-7:59am,5,7:00am-7:59am,30,Not Applicable (Not Transported),Not Applicable (Not Transported),1,Daylight,Clear,1,1,['Driver'],['Shoulder_Lapbelt'],0,0,Valid,0.0,1.0,48.0,41.0,"['Female', 'Male']",0,0,4,4,5,Dry,Straight,Level,Lowest,No
1223,4,Arizona,40288,1,1,1,0,1,PHOENIX,April,22,Saturday,3,24,Urban,High Speed (Arterial),Yes,33.46027778,-112.01083611,Non-Intersection,Dark - Lighted,Clear,3:00am-3:59am,38,3:00am-3:59am,43,Not Applicable (Not Transported),Not Applicable (Not Transported),1,Dark - Lighted,Clear,0,1,[],[],0,0,Valid,0.0,0.0,50.0,50.0,['Female'],0,0,3,3,4,Dry,Straight,Level,Lowest,No
1224,4,Arizona,40290,18,1,1,0,1,GOODYEAR,February,25,Saturday,7,57,Urban,Medium Speed (Collector),No,33.39610833,-112.42708056,Non-Intersection,Daylight,Cloudy,7:00am-7:59am,57,8:00am-8:59am,6,Unknown,Unknown EMS Hospital Arrival Time,2,Daylight,Reduced Visibility,0,1,[],[],0,0,Valid,0.0,0.0,26.0,26.0,['Male'],0,0,3,3,4,Dry,Straight,Level,Lowest,No
1226,4,Arizona,40292,0,3,3,0,7,SURPRISE,March,25,Saturday,12,16,Urban,High Speed (Arterial),Yes,33.69533056,-112.42310833,Complex/Circle,Daylight,Clear,12:00pm-12:59pm,17,12:00pm-12:59pm,25,12:00pm-12:59pm,50,1,Daylight,Clear,1,6,['Driver'],['Shoulder_Lapbelt'],0,0,Valid,0.0,0.0,63.0,36.0,"['Male', 'Female', 'Female']",0,0,3,4,5,Dry,Straight,Level,Lowest,No
1227,4,Arizona,40293,0,2,2,0,2,PHOENIX,March,29,Wednesday,4,55,Urban,Medium Speed (Collector),No,33.39568056,-112.09931389,Non-Intersection,Dark - Lighted,Clear,4:00am-4:59am,56,5:00am-5:59am,0,5:00am-5:59am,26,1,Dark - Lighted,Clear,1,1,['Driver'],['None_Used'],0,0,Invalid,0.0,0.0,48.0,19.0,"['Male', 'Male']",0,0,3,4,5,Dry,Straight,Level,Lowest,No
1228,4,Arizona,40295,1,1,1,0,1,ARIZONA CITY,May,1,Monday,23,23,Urban,Medium Speed (Collector),No,32.76296111,-111.69549722,Non-Intersection,Dark - Not Lighted,Clear,11:00pm-11:59pm,25,11:00pm-11:59pm,35,0:00am-0:59am,1,1,Dark - Unlighted,Clear,0,1,[],[],0,0,Valid,0.0,0.0,39.0,39.0,['Female'],0,0,3,2,4,Dry,Straight,Level,Lowest,No
1229,4,Arizona,40296,0,1,1,0,1,PHOENIX,May,2,Tuesday,0,18,Urban,Medium Speed (Collector),No,33.79297222,-112.11732222,Non-Intersection,Dark - Lighted,Clear,0:00am-0:59am,18,0:00am-0:59am,24,0:00am-0:59am,47,1,Dark - Lighted,Clear,1,0,['Driver'],['None_Used'],1,1,Valid,0.0,0.0,57.0,57.0,['Male'],1,0,5,4,3,Dry,Straight,Level,Lowest,No
1230,4,Arizona,40297,0,2,2,0,2,BUCKEYE,May,2,Tuesday,10,57,Urban,High Speed (Arterial),Yes,33.37757222,-112.62656111,Complex/Circle,Daylight,Clear,10:00am-10:59am,59,11:00am-11:59am,6,11:00am-11:59am,32,1,Daylight,Clear,1,1,['Driver'],['None_Used'],0,0,Valid,0.0,0.0,80.0,18.0,"['Male', 'Male']",0,0,3,4,5,Dry,Straight,Level,Lowest,No
1231,4,Arizona,40298,0,1,1,0,1,WILLCOX,May,3,Wednesday,0,4,Rural,High Speed (Arterial),Yes,32.17662222,-109.94956667,Non-Intersection,Dark - Not Lighted,Clear,0:00am-0:59am,6,0:00am-0:59am,51,Not Applicable (Not Transported),Not Applicable (Not Transported),1,Dark - Unlighted,Clear,1,0,['Driver'],['Shoulder_Lapbelt'],0,0,Valid,0.0,1.0,23.0,23.0,['Male'],0,0,4,4,3,Dry,Straight,Level,Lowest,No
1232,4,Arizona,40299,1,1,1,0,1,PHOENIX,May,3,Wednesday,19,56,Urban,High Speed (Arterial),Yes,33.37769167,-112.16614444,Non-Intersection,Dusk,Clear,Unknown,Unknown,Unknown EMS Scene Arrival Hour,Unknown EMS Scene Arrival Minutes,Unknown,Unknown EMS Hospital Arrival Time,1,Twilight,Clear,0,1,[],[],0,0,Valid,0.0,0.0,59.0,59.0,['Male'],0,0,3,3,4,Dry,Straight,Level,Lowest,No
1234,4,Arizona,40301,0,2,2,0,2,PHOENIX,May,1,Monday,13,45,Urban,High Speed (Arterial),Yes,33.60940278,-112.09210278,Simple Junction,Daylight,Clear,Unknown,Unknown,Unknown EMS Scene Arrival Hour,Unknown EMS Scene Arrival Minutes,Unknown,Unknown EMS Hospital Arrival Time,1,Daylight,Clear,1,1,['Driver'],['Shoulder_Lapbelt'],0,0,Valid,0.0,3.0,50.0,41.0,"['Female', 'Male']",0,0,3,4,5,Dry,Straight,Level,Lowest,No
1235,4,Arizona,40302,0,2,2,0,2,TUCSON,May,4,Thursday,17,54,Urban,Medium Speed (Collector),No,32.29192778,-111.00366389,Non-Intersection,Daylight,Clear,5:00pm-5:59pm,54,6:00pm-6:59pm,6,6:00pm-6:59pm,14,1,Daylight,Clear,1,1,['Driver'],['None_Used'],0,0,Valid,0.0,0.0,75.0,51.0,"['Male', 'Male']",1,0,5,3,5,Dry,Straight,Level,Lowest,No
1236,4,Arizona,40303,0,1,1,0,1,ORACLE,May,5,Friday,11,3,Rural,High Speed (Arterial),No,32.55692778,-110.93290833,Simple Junction,Daylight,Clear,11:00am-11:59am,6,11:00am-11:59am,28,Not Applicable (Not Transported),Not Applicable (Not Transported),1,Daylight,Clear,1,0,['Driver'],['Shoulder_Lapbelt'],0,0,Valid,0.0,0.0,76.0,76.0,['Male'],1,0,3,4,3,Dry,Straight,Level,Lowest,No
1237,4,Arizona,40304,0,1,1,0,3,NOT APPLICABLE,May,5,Friday,11,44,Rural,High Speed (Arterial),Yes,35.05465833,-110.79229722,Non-Intersection,Daylight,Clear,11:00am-11:59am,48,11:00am-11:59am,56,Unknown,Unknown EMS Hospital Arrival Time,1,Daylight,Clear,1,2,['Rear_Seat'],['None_Used'],1,1,Valid,0.0,0.0,76.0,76.0,['Male'],0,0,2,4,2,Dry,Straight,Grade/Hillcrest,Lowest,No
1238,4,Arizona,40305,0,2,2,0,2,MESA,May,6,Saturday,11,31,Urban,High Speed (Arterial),Yes,33.45836667,-111.83039722,Non-Intersection,Daylight,Clear,11:00am-11:59am,31,11:00am-11:59am,36,Not Applicable (Not Transported),Not Applicable (Not Transported),1,Daylight,Clear,1,1,['Driver'],['None_Used'],1,1,Valid,0.0,0.0,24.0,21.0,"['Male', 'Male']",1,0,3,4,5,Dry,Straight,Level,Lowest,No
1239,4,Arizona,40306,0,1,1,0,1,BENSON,May,6,Saturday,13,15,Rural,High Speed (Arterial),Yes,31.97740278,-110.31332778,Non-Intersection,Daylight,Clear,1:00pm-1:59pm,19,1:00pm-1:59pm,32,Not Applicable (Not Transported),Not Applicable (Not Transported),1,Daylight,Clear,1,0,['Driver'],['None_Used'],0,0,Valid,0.0,0.0,41.0,41.0,['Male'],0,0,5,4,3,Dry,Straight,Grade/Hillcrest,Lowest,No
1240,4,Arizona,40307,0,2,2,0,2,GLENDALE,May,6,Saturday,17,8,Urban,Medium Speed (Collector),No,33.56742222,-112.19066389,Complex/Circle,Daylight,Clear,5:00pm-5:59pm,7,5:00pm-5:59pm,11,5:00pm-5:59pm,25,1,Daylight,Clear,1,1,['Driver'],['None_Used'],0,0,Valid,0.0,0.0,74.0,35.0,"['Male', 'Male']",0,0,5,4,5,Dry,Straight,Level,Lowest,No
1241,4,Arizona,40308,0,1,1,0,1,PHOENIX,May,7,Sunday,2,11,Urban,High Speed (Arterial),Yes,33.65906389,-111.93,Non-Intersection,Dark - Lighted,Clear,2:00am-2:59am,19,2:00am-2:59am,23,Not Applicable (Not Transported),Not Applicable (Not Transported),1,Dark - Lighted,Clear,1,0,['Driver'],['None_Used'],1,1,Invalid,0.0,2.0,30.0,30.0,['Male'],1,0,3,4,3,Dry,Straight,Level,Lowest,No
1242,4,Arizona,40309,0,4,4,0,6,PHOENIX,May,7,Sunday,3,22,Urban,High Speed (Arterial),Yes,33.46157778,-112.09411389,Non-Intersection,Dark - Lighted,Clear,3:00am-3:59am,24,3:00am-3:59am,30,Unknown,Unknown EMS Hospital Arrival Time,2,Dark - Lighted,Clear,2,4,"['Driver', 'Driver']","['Shoulder_Lapbelt', 'None_Used']",1,2,Valid,0.0,3.0,998.0,25.0,"['Male', 'Male', 'Female', 'Male']",0,0,3,4,5,Dry,Straight,Level,Lowest,No
1243,4,Arizona,40310,1,1,1,0,2,TONOPAH,May,7,Sunday,20,17,Urban,High Speed (Arterial),Yes,33.46161111,-112.09413056,Non-Intersection,Dark - Not Lighted,Clear,9:00pm-9:59pm,18,9:00pm-9:59pm,35,Not Applicable (Not Transported),Not Applicable (Not Transported),1,Dark - Unlighted,Clear,0,2,[],[],0,0,Valid,0.0,0.0,54.0,54.0,['Male'],0,0,4,3,4,Dry,Straight,Level,Lowest,No
1244,4,Arizona,40313,0,1,1,0,1,PEORIA,May,12,Friday,1,12,Rural,Medium Speed (Collector),No,33.85133611,-112.32045556,Non-Intersection,Dark - Not Lighted,Clear,1:00am-1:59am,12,1:00am-1:59am,52,Not Applicable (Not Transported),Not Applicable (Not Transported),1,Dark - Unlighted,Clear,1,0,['Driver'],['None_Used'],1,1,Valid,0.0,0.0,24.0,24.0,['Male'],1,0,3,4,2,Dry,Straight,Grade/Hillcrest,Lowest,No
1245,4,Arizona,40314,0,3,3,0,3,GLENDALE,May,12,Friday,5,42,Urban,High Speed (Arterial),Yes,33.66831667,-112.19801667,Non-Intersection,Dawn,Clear,5:00am-5:59am,43,5:00am-5:59am,47,Unknown,Unknown EMS Hospital Arrival Time,1,Twilight,Clear,1,2,['Driver'],['None_Used'],0,0,Valid,0.0,0.0,76.0,40.0,"['Female', 'Male', 'Female']",1,0,3,4,5,Dry,Straight,Level,Lowest,No
1246,4,Arizona,40315,0,1,1,0,1,NOT APPLICABLE,May,12,Friday,13,31,Rural,High Speed (Arterial),Yes,36.63465556,-111.63448889,Non-Intersection,Daylight,Clear,1:00pm-1:59pm,37,2:00pm-2:59pm,7,Not Applicable (Not Transported),Not Applicable (Not Transported),1,Daylight,Clear,1,0,['Driver'],['None_Used'],0,0,Valid,0.0,0.0,64.0,64.0,['Male'],1,0,5,4,1,Dry,Curve,Grade/Hillcrest,Lowest,No
1247,4,Arizona,40316,1,1,1,0,1,MESA,May,12,Friday,20,56,Urban,Medium Speed (Collector),No,33.40753056,-111.87359444,Non-Intersection,Dark - Lighted,Clear,8:00pm-8:59pm,56,9:00pm-9:59pm,2,Not Applicable (Not Transported),Not Applicable (Not Transported),1,Dark - Lighted,Clear,0,1,[],[],0,0,Valid,0.0,0.0,53.0,53.0,['Male'],0,0,3,3,4,Dry,Straight,Level,Lowest,No
1249,4,Arizona,40318,0,2,2,0,2,SAHUARITA,May,13,Saturday,0,7,Urban,Medium Speed (Collector),No,31.8963,-110.96401667,Non-Intersection,Dark - Not Lighted,Clear,0:00am-0:59am,12,0:00am-0:59am,15,Unknown,Unknown EMS Hospital Arrival Time,1,Dark - Unlighted,Clear,1,1,['Driver'],['None_Used'],1,1,Valid,0.0,1.0,24.0,20.0,"['Male', 'Male']",0,0,3,4,5,Dry,Straight,Level,Lowest,No
1250,4,Arizona,40319,1,1,1,0,1,TUCSON,April,8,Saturday,2,3,Urban,Medium Speed (Collector),No,32.24335278,-110.89239167,Non-Intersection,Dark - Not Lighted,Clear,1:00am-1:59am,59,2:00am-2:59am,6,2:00am-2:59am,19,1,Dark - Unlighted,Clear,0,1,[],[],1,1,Valid,0.0,0.0,34.0,34.0,['Female'],0,0,3,3,4,Dry,Straight,Level,Lowest,No
1252,4,Arizona,40321,0,2,2,0,2,CASA GRANDE,May,13,Saturday,0,56,Urban,Medium Speed (Collector),No,32.95409444,-111.75681667,Complex/Circle,Dark - Lighted,Clear,0:00am-0:59am,59,1:00am-1:59am,9,Not Applicable (Not Transported),Not Applicable (Not Transported),1,Dark - Lighted,Clear,1,1,['Driver'],['None_Used'],1,1,Valid,0.0,0.0,58.0,25.0,"['Male', 'Male']",0,0,5,4,5,Dry,Straight,Level,Lowest,No
1253,4,Arizona,40322,0,2,2,0,4,CHANDLER,May,13,Saturday,13,45,Urban,Medium Speed (Collector),No,33.33513889,-111.84178056,Complex/Circle,Daylight,Clear,1:00pm-1:59pm,48,1:00pm-1:59pm,51,2:00pm-2:59pm,15,1,Daylight,Clear,1,3,['Driver'],['None_Used'],0,0,Invalid,0.0,0.0,31.0,23.0,"['Male', 'Female']",0,0,5,4,5,Dry,Straight,Level,Lowest,No
1254,4,Arizona,40323,0,3,3,0,5,BUCKEYE,May,13,Saturday,19,59,Rural,High Speed (Arterial),Yes,33.43630556,-112.66490556,Non-Intersection,Dark - Not Lighted,Clear,8:00pm-8:59pm,1,8:00pm-8:59pm,8,Not Applicable (Not Transported),Not Applicable (Not Transported),1,Dark - Unlighted,Clear,1,4,['Driver'],['Shoulder_Lapbelt'],1,1,Valid,0.0,0.0,46.0,33.0,"['Male', 'Male', 'Female']",1,0,4,4,5,Dry,Straight,Level,Lowest,No
1255,4,Arizona,40324,1,1,1,0,1,GLOBE,January,7,Saturday,14,7,Urban,High Speed (Arterial),Yes,33.39268611,-110.76618889,Non-Intersection,Daylight,Clear,2:00pm-2:59pm,7,2:00pm-2:59pm,14,2:00pm-2:59pm,39,1,Daylight,Clear,0,1,[],[],0,0,Valid,0.0,0.0,66.0,66.0,['Male'],0,0,4,2,4,Dry,Straight,Level,Lowest,No
1256,4,Arizona,40325,1,1,1,0,1,TUCSON,March,24,Friday,20,50,Urban,High Speed (Arterial),No,32.25030278,-110.96348333,Simple Junction,Dark - Lighted,Clear,8:00pm-8:59pm,50,8:00pm-8:59pm,56,9:00pm-9:59pm,14,1,Dark - Lighted,Clear,0,1,[],[],0,0,Valid,0.0,0.0,19.0,19.0,['Male'],1,0,2,2,4,Dry,Straight,Level,Lowest,No
1257,4,Arizona,40326,0,2,2,0,5,SCOTTSDALE,April,7,Friday,19,34,Urban,Medium Speed (Collector),No,33.57850556,-111.92610278,Simple Junction,Dark - Lighted,Clear,7:00pm-7:59pm,35,7:00pm-7:59pm,38,8:00pm-8:59pm,0,2,Dark - Lighted,Clear,2,3,"['Rear_Seat', 'Rear_Seat']","['None_Used', 'None_Used']",1,1,Valid,0.0,2.0,57.0,34.0,"['Male', 'Male']",1,0,2,4,5,Dry,Straight,Level,Lowest,No
1258,4,Arizona,40327,0,2,2,0,2,TUCSON,May,2,Tuesday,7,42,Urban,Medium Speed (Collector),No,32.21781389,-110.92668056,Non-Intersection,Daylight,Clear,7:00am-7:59am,42,7:00am-7:59am,47,8:00am-8:59am,14,1,Daylight,Clear,1,0,['Driver'],['None_Used'],0,0,Valid,0.0,0.0,70.0,20.0,"['Male', 'Male']",0,0,5,4,5,Dry,Straight,Level,Lowest,No
1259,4,Arizona,40328,0,2,2,0,3,PHOENIX,May,14,Sunday,6,30,Urban,Medium Speed (Collector),No,33.53875,-112.09969722,Complex/Circle,Daylight,Clear,Unknown,Unknown,Unknown EMS Scene Arrival Hour,Unknown EMS Scene Arrival Minutes,Unknown,Unknown EMS Hospital Arrival Time,1,Daylight,Clear,1,2,['Driver'],['Shoulder_Lapbelt'],0,0,Invalid,0.0,0.0,20.0,19.0,"['Female', 'Male']",1,0,2,4,5,Dry,Straight,Level,Lowest,No
1260,4,Arizona,40329,0,1,1,0,1,MESA,May,14,Sunday,14,13,Urban,Medium Speed (Collector),No,33.408025,-111.79733333,Simple Junction,Daylight,Clear,2:00pm-2:59pm,15,2:00pm-2:59pm,19,Not Applicable (Not Transported),Not Applicable (Not Transported),1,Daylight,Clear,1,0,['Driver'],['None_Used'],0,0,Valid,0.0,0.0,61.0,61.0,['Male'],0,0,5,3,3,Dry,Straight,Level,Lowest,No
1261,4,Arizona,40330,0,2,2,0,2,MESA,May,14,Sunday,16,23,Urban,Medium Speed (Collector),No,33.44053889,-111.63268889,Complex/Circle,Daylight,Clear,4:00pm-4:59pm,25,4:00pm-4:59pm,31,Not Applicable (Not Transported),Not Applicable (Not Transported),1,Daylight,Clear,1,1,['Driver'],['None_Used'],1,1,Valid,0.0,2.0,50.0,20.0,"['Male', 'Male']",1,0,5,4,5,Dry,Straight,Level,Lowest,No
1263,4,Arizona,40332,0,1,1,0,1,MARANA,May,14,Sunday,18,40,Rural,Medium Speed (Collector),No,32.4294,-111.34909444,Non-Intersection,Dark - Not Lighted,Clear,6:00pm-6:59pm,43,6:00pm-6:59pm,51,Not Applicable (Not Transported),Not Applicable (Not Transported),1,Dark - Unlighted,Clear,1,0,['Driver'],['None_Used'],1,1,Valid,0.0,0.0,68.0,68.0,['Male'],1,0,3,4,3,Loose/Unpaved,Straight,Level,Lowest,No
1264,4,Arizona,40333,0,2,2,0,2,GILBERT,May,15,Monday,13,33,Urban,Medium Speed (Collector),No,33.30675,-111.75787222,Non-Intersection,Daylight,Clear,1:00pm-1:59pm,33,1:00pm-1:59pm,41,2:00pm-2:59pm,0,1,Daylight,Clear,1,1,['Driver'],['None_Used'],1,1,Valid,0.0,3.0,49.0,23.0,"['Female', 'Male']",0,0,5,4,5,Dry,Straight,Level,Lowest,No
1265,4,Arizona,40334,0,1,1,0,1,PHOENIX,May,15,Monday,16,17,Urban,Medium Speed (Collector),No,33.42728889,-112.09115556,Simple Junction,Daylight,Clear,4:00pm-4:59pm,19,4:00pm-4:59pm,23,4:00pm-4:59pm,37,1,Daylight,Clear,1,0,['Driver'],['Shoulder_Lapbelt'],0,0,Valid,0.0,1.0,64.0,64.0,['Male'],0,0,2,4,3,Dry,Straight,Level,Lowest,No
1266,4,Arizona,40335,0,2,2,0,2,NOT APPLICABLE,May,16,Tuesday,18,24,Urban,Medium Speed (Collector),No,32.51150278,-110.91031389,Simple Junction,Dusk,Cloudy,6:00pm-6:59pm,26,6:00pm-6:59pm,30,7:00pm-7:59pm,0,1,Twilight,Reduced Visibility,1,1,['Driver'],['None_Used'],0,0,Valid,0.0,3.0,36.0,24.0,"['Male', 'Female']",1,0,5,4,5,Dry,Straight,Level,Lowest,No
1267,4,Arizona,40336,1,1,1,0,1,PHOENIX,May,16,Tuesday,19,52,Urban,Medium Speed (Collector),No,33.57130833,-112.0607,Complex/Circle,Dark - Lighted,Clear,7:00pm-7:59pm,54,7:00pm-7:59pm,57,8:00pm-8:59pm,11,1,Dark - Lighted,Clear,0,1,[],[],0,0,Valid,0.0,2.0,32.0,32.0,['Male'],0,0,3,3,4,Dry,Straight,Level,Lowest,No
1268,4,Arizona,40337,0,4,4,0,4,TUCSON,May,17,Wednesday,9,38,Urban,Medium Speed (Collector),No,32.28648056,-110.978325,Complex/Circle,Daylight,Clear,Unknown,Unknown,Unknown EMS Scene Arrival Hour,Unknown EMS Scene Arrival Minutes,Unknown,Unknown EMS Hospital Arrival Time,1,Daylight,Clear,1,3,['Driver'],['None_Used'],0,0,Valid,0.0,0.0,88.0,20.0,"['Male', 'Male', 'Female', 'Female']",0,0,3,4,5,Dry,Straight,Level,Lowest,No
1269,4,Arizona,40338,0,2,2,0,2,TUBA CITY,May,17,Wednesday,17,49,Rural,High Speed (Arterial),Yes,36.10196944,-111.29540833,Non-Intersection,Daylight,Clear,5:00pm-5:59pm,51,5:00pm-5:59pm,57,Not Applicable (Not Transported),Not Applicable (Not Transported),1,Daylight,Clear,1,0,['Driver'],['Shoulder_Lapbelt'],0,0,Invalid,0.0,0.0,999.0,24.0,"['Other', 'Female']",1,0,3,4,5,Dry,Straight,Level,Lowest,No
1270,4,Arizona,40339,0,1,1,0,1,CASA GRANDE,May,17,Wednesday,18,4,Urban,Medium Speed (Collector),No,32.92393333,-111.72241944,Non-Intersection,Daylight,Clear,6:00pm-6:59pm,11,6:00pm-6:59pm,17,Not Applicable (Not Transported),Not Applicable (Not Transported),1,Daylight,Clear,1,0,['Driver'],['None_Used'],0,0,Valid,0.0,0.0,32.0,32.0,['Male'],1,0,3,4,3,Dry,Straight,Level,Lowest,No
1271,4,Arizona,40340,4,3,3,0,1,NOT APPLICABLE,March,26,Sunday,21,58,Rural,High Speed (Arterial),Yes,33.1186,-112.02028333,Non-Intersection,Dark - Not Lighted,Clear,9:00pm-9:59pm,58,10:00pm-10:59pm,10,10:00pm-10:59pm,50,1,Dark - Unlighted,Clear,0,1,[],[],0,0,Valid,0.0,0.0,18.0,18.0,['Male'],0,0,3,4,5,Dry,Straight,Level,Lowest,Yes
1272,4,Arizona,40341,1,2,2,0,1,GLENDALE,February,18,Saturday,23,13,Urban,Medium Speed (Collector),No,33.50953333,-112.17745,Complex/Circle,Dark - Lighted,Clear,11:00pm-11:59pm,16,11:00pm-11:59pm,21,11:00pm-11:59pm,47,1,Dark - Lighted,Clear,0,1,[],[],0,0,Valid,0.0,1.0,21.0,21.0,['Female'],0,0,2,2,4,Dry,Straight,Level,Lowest,No
1273,4,Arizona,40342,0,2,2,0,3,SUN CITY WEST,March,24,Friday,18,57,Urban,High Speed (Arterial),Yes,33.63866111,-112.33448333,Complex/Circle,Dark - Lighted,Clear,Unknown,Unknown,Unknown EMS Scene Arrival Hour,Unknown EMS Scene Arrival Minutes,Unknown,Unknown EMS Hospital Arrival Time,1,Dark - Lighted,Clear,1,2,['Front_Passenger'],['Shoulder_Lapbelt'],0,0,Invalid,0.0,0.0,81.0,41.0,"['Male', 'Male']",0,0,3,4,5,Dry,Straight,Level,Lowest,No
1274,4,Arizona,40343,0,3,3,0,4,FORT THOMAS,March,28,Tuesday,6,16,Rural,Medium Speed (Collector),No,33.04720833,-109.98585556,Non-Intersection,Daylight,Clear,6:00am-6:59am,17,6:00am-6:59am,22,Unknown,Unknown EMS Hospital Arrival Time,1,Daylight,Clear,1,3,['Driver'],['Shoulder_Lapbelt'],0,0,Valid,0.0,1.0,68.0,55.0,"['Male', 'Male', 'Female']",1,0,4,4,5,Dry,Straight,Level,Lowest,No
1275,4,Arizona,40344,0,2,2,0,3,PHOENIX,January,1,Sunday,0,32,Urban,Medium Speed (Collector),No,33.58203333,-112.14350833,Non-Intersection,Dark - Lighted,"Fog, Smog, Smoke",Unknown,Unknown,Unknown EMS Scene Arrival Hour,Unknown EMS Scene Arrival Minutes,Unknown,Unknown EMS Hospital Arrival Time,1,Dark - Lighted,Reduced Visibility,1,0,['Front_Passenger'],['None_Used'],0,0,Invalid,0.0,1.0,38.0,28.0,"['Male', 'Female']",2,0,3,4,5,Dry,Straight,Level,Lowest,No
1276,4,Arizona,40345,0,2,2,0,2,PHOENIX,March,29,Wednesday,14,29,Urban,High Speed (Arterial),Yes,33.64731944,-112.169025,Complex/Circle,Daylight,Clear,Unknown,Unknown,Unknown EMS Scene Arrival Hour,Unknown EMS Scene Arrival Minutes,Unknown,Unknown EMS Hospital Arrival Time,1,Daylight,Clear,1,1,['Driver'],['None_Used'],0,0,Valid,0.0,1.0,83.0,63.0,"['Female', 'Male']",0,0,5,4,5,Dry,Straight,Level,Lowest,No
1277,4,Arizona,40346,1,2,1,1,2,TUCSON,February,1,Wednesday,12,56,Urban,High Speed (Arterial),Yes,32.26741111,-111.00806667,Non-Intersection,Daylight,Cloudy,Unknown,Unknown,Unknown EMS Scene Arrival Hour,Unknown EMS Scene Arrival Minutes,Unknown,Unknown EMS Hospital Arrival Time,1,Daylight,Reduced Visibility,1,0,['Front_Passenger'],['None_Used'],0,0,Valid,0.0,0.0,22.0,22.0,['Female'],2,0,3,4,5,Dry,Straight,Grade/Hillcrest,Lowest,No
1278,4,Arizona,40347,1,1,1,0,1,TUCSON,May,11,Thursday,16,47,Urban,Medium Speed (Collector),No,32.13398611,-111.01271389,Non-Intersection,Reported as Unknown,Reported as Unknown,Unknown,Unknown,Unknown EMS Scene Arrival Hour,Unknown EMS Scene Arrival Minutes,Unknown,Unknown EMS Hospital Arrival Time,1,Dark - Unlighted,Clear,0,0,[],[],0,0,Invalid,0.0,0.0,998.0,998.0,['Other'],0,0,1,0,4,Dry,Straight,Level,Lowest,No
1279,4,Arizona,40348,0,2,2,0,6,GILA BEND,April,8,Saturday,23,14,Rural,High Speed (Arterial),Yes,32.96084444,-112.67976389,Non-Intersection,Dark - Not Lighted,Clear,11:00pm-11:59pm,11,11:00pm-11:59pm,20,0:00am-0:59am,15,2,Dark - Unlighted,Clear,2,4,"['Driver', 'Front_Passenger']","['Shoulder_Lapbelt', 'Shoulder_Lapbelt']",0,0,Invalid,0.0,1.0,55.0,55.0,"['Male', 'Female']",4,0,3,4,5,Dry,Curve,Level,Lowest,No
1280,4,Arizona,40349,0,2,2,0,2,TEMPE,April,27,Thursday,3,2,Urban,High Speed (Arterial),Yes,33.43624444,-111.921775,Non-Intersection,Dark - Lighted,Clear,3:00am-3:59am,4,3:00am-3:59am,12,Not Applicable (Not Transported),Not Applicable (Not Transported),1,Dark - Lighted,Clear,1,1,['Driver'],['Shoulder_Lapbelt'],0,0,Invalid,0.0,0.0,34.0,30.0,"['Male', 'Male']",1,0,4,4,5,Dry,Straight,Level,Lowest,No