,State_Code,State_Name,Crash_ID,Count_Non_Motorists,Count_Vehicles_Total,Count_Vehicle_Forms,Count_PVH_Involved,Count_Occupants_MV,City_Name,Month_Name,Day_of_Month,Day_of_Week,Crash_Hour,Crash_Minute,Area_Rural_Urban,Road_Functional_Class,On_NHS_Road,Latitude,Longitude,Intersection_Type,Light_Condition,Weather_Condition,Notif_Hour,Notif_Minute,Arrival_Hour,Arrival_Minute,Hospital_Hour,Hospital_Minute,Fatalities_Count,Clean_Light_Condition,Clean_Weather_Condition,Total_Killed,Total_Alive,Fatal_Seats_List,Killed_Restraint_List,Any_Driver_Drinking,Total_Drinking_Drivers,Driver_License_Category,Driver_Max_Prev_Accident_Count,Driver_Max_Prev_Speeding_Count,Max_Driver_Age,Min_Driver_Age,Driver_Sex_List,Total_Exceeding_Limit_Vehicles,Total_Too_Fast_Vehicles,Max_Vehicle_Type_Severity_5,Max_Vehicle_Damage_Rank,Max_Harmful_Event_Severity,Crash_Road_Surface_Condition,Crash_Horizontal_Alignment,Crash_Vertical_Profile,Crash_Impairment_Category,Crash_Vehicle_Defect
1281,4,Arizona,40350,0,2,2,0,3,MESA,May,6,Saturday,18,29,Urban,Medium Speed (Collector),No,33.41516389,-111.62843056,Non-Intersection,Dusk,Clear,6:00pm-6:59pm,31,6:00pm-6:59pm,35,6:00pm-6:59pm,54,1,Twilight,Clear,1,2,['Driver'],['None_Used'],0,0,Valid,0.0,0.0,84.0,62.0,"['Male', 'Male']",0,0,5,4,5,Dry,Straight,Level,Lowest,No
1282,4,Arizona,40351,0,2,2,0,8,PHOENIX,May,14,Sunday,8,2,Urban,Medium Speed (Collector),No,33.62632222,-112.01654444,Non-Intersection,Daylight,Clear,8:00am-8:59am,2,8:00am-8:59am,7,8:00am-8:59am,28,1,Daylight,Clear,1,7,['Rear_Seat'],['Shoulder_Lapbelt'],1,1,Invalid,0.0,0.0,45.0,36.0,"['Male', 'Male']",0,0,3,4,5,Dry,Straight,Level,Lowest,No
1283,4,Arizona,40352,1,2,1,1,1,PHOENIX,June,1,Thursday,6,10,Urban,High Speed (Arterial),Yes,33.60946389,-112.11650278,Non-Intersection,Dawn,Clear,6:00am-6:59am,25,6:00am-6:59am,27,Not Applicable (Not Transported),Not Applicable (Not Transported),1,Twilight,Clear,0,1,[],[],0,0,Valid,0.0,0.0,47.0,47.0,['Male'],0,0,4,2,4,Dry,Straight,Level,Medium,No
1284,4,Arizona,40353,0,2,2,0,3,TUCSON,May,17,Wednesday,19,5,Rural,Medium Speed (Collector),No,32.31842222,-111.15516111,Non-Intersection,Dusk,Cloudy,7:00pm-7:59pm,9,7:00pm-7:59pm,18,8:00pm-8:59pm,10,1,Twilight,Reduced Visibility,1,2,['Driver'],['None_Used'],0,0,Invalid,0.0,1.0,45.0,31.0,"['Female', 'Male']",2,0,2,4,5,Wet/Standing Water,Curve,Grade/Hillcrest,Lowest,No
1285,4,Arizona,40354,0,2,2,0,3,ASH FORK,June,1,Thursday,6,15,Rural,Medium Speed (Collector),No,35.07643056,-112.40296111,Non-Intersection,Dawn,Clear,6:00am-6:59am,18,6:00am-6:59am,46,Unknown,Unknown EMS Hospital Arrival Time,2,Twilight,Clear,2,1,"['Driver', 'Front_Passenger']","['Shoulder_Lapbelt', 'Shoulder_Lapbelt']",0,0,Valid,0.0,1.0,54.0,26.0,"['Male', 'Male']",0,0,4,4,5,Dry,Curve,Level,Medium,No
1286,4,Arizona,40355,0,1,1,0,1,CLIFTON,June,2,Friday,7,55,Rural,Medium Speed (Collector),No,33.105875,-109.05073611,Non-Intersection,Reported as Unknown,Clear,7:00am-7:59am,50,8:00am-8:59am,18,Not Applicable (Not Transported),Not Applicable (Not Transported),1,Dark - Unlighted,Clear,1,0,['Driver'],['None_Used'],0,0,Invalid,0.0,0.0,36.0,36.0,['Male'],0,0,3,4,3,Dry,Curve,Grade/Hillcrest,Lowest,No
1287,4,Arizona,40356,0,1,1,0,1,TUCSON,January,24,Tuesday,23,54,Urban,Low Speed (Local),No,32.16885556,-111.11627778,Non-Intersection,Dark - Not Lighted,Clear,Unknown,Unknown,Unknown EMS Scene Arrival Hour,Unknown EMS Scene Arrival Minutes,Unknown,Unknown EMS Hospital Arrival Time,1,Dark - Unlighted,Clear,1,0,['Driver'],['None_Used'],0,0,Valid,0.0,0.0,48.0,48.0,['Male'],0,0,5,4,1,Dry,Straight,Level,Lowest,No
1288,4,Arizona,40357,0,2,2,0,2,RIMROCK,March,10,Friday,17,41,Rural,High Speed (Arterial),Yes,34.62871667,-111.83441111,Non-Intersection,Daylight,Cloudy,5:00pm-5:59pm,41,5:00pm-5:59pm,54,Not Applicable (Not Transported),Not Applicable (Not Transported),1,Daylight,Reduced Visibility,1,1,['Driver'],['None_Used'],0,0,Invalid,0.0,2.0,31.0,20.0,"['Male', 'Male']",1,0,5,4,5,Dry,Curve,Grade/Hillcrest,Lowest,No
1289,4,Arizona,40358,0,2,2,0,2,GLENDALE,May,8,Monday,6,33,Urban,Medium Speed (Collector),No,33.53761389,-112.24833333,Non-Intersection,Daylight,Clear,6:00am-6:59am,34,6:00am-6:59am,37,7:00am-7:59am,3,1,Daylight,Clear,1,1,['Driver'],['None_Used'],0,0,Valid,0.0,1.0,57.0,30.0,"['Male', 'Male']",0,0,5,2,5,Dry,Straight,Level,Lowest,No
1290,4,Arizona,40359,0,2,2,0,3,TUCSON,May,11,Thursday,19,2,Urban,High Speed (Arterial),Yes,32.19198889,-110.84193611,Non-Intersection,Dusk,Clear,7:00pm-7:59pm,2,7:00pm-7:59pm,16,7:00pm-7:59pm,35,1,Twilight,Clear,1,2,['Driver'],['None_Used'],1,1,Valid,0.0,0.0,42.0,30.0,"['Female', 'Male']",0,0,5,4,5,Dry,Straight,Non-Trafficway,Lowest,No
1291,4,Arizona,40360,0,2,2,0,2,TUCSON,June,2,Friday,6,48,Urban,Medium Speed (Collector),No,32.06866667,-110.95817778,Non-Intersection,Daylight,Clear,6:00am-6:59am,49,6:00am-6:59am,57,Not Applicable (Not Transported),Not Applicable (Not Transported),1,Daylight,Clear,1,0,['Driver'],['None_Used'],0,0,Valid,0.0,2.0,27.0,26.0,"['Female', 'Male']",0,0,5,4,5,Dry,Straight,Level,Lowest,No
1292,4,Arizona,40361,0,2,2,0,2,TEMPE,March,15,Wednesday,9,24,Urban,High Speed (Arterial),Yes,33.34913889,-111.91482778,Complex/Circle,Daylight,Cloudy,9:00am-9:59am,24,9:00am-9:59am,28,9:00am-9:59am,58,1,Daylight,Reduced Visibility,1,1,['Driver'],['Shoulder_Lapbelt'],0,0,Valid,0.0,0.0,89.0,34.0,"['Male', 'Female']",0,0,2,4,5,Wet/Standing Water,Straight,Level,Lowest,No
1293,4,Arizona,40362,1,1,1,0,2,PHOENIX,May,19,Friday,5,0,Urban,High Speed (Arterial),Yes,33.42642778,-112.16941389,Non-Intersection,Dark - Lighted,Clear,Unknown,Unknown,Unknown EMS Scene Arrival Hour,Unknown EMS Scene Arrival Minutes,Not Applicable (Not Transported),Not Applicable (Not Transported),1,Dark - Lighted,Clear,0,2,[],[],0,0,Valid,0.0,2.0,28.0,28.0,['Female'],0,0,2,4,4,Dry,Straight,Level,Lowest,No
1294,4,Arizona,40363,0,3,3,0,4,CASA GRANDE,May,17,Wednesday,13,25,Rural,High Speed (Arterial),Yes,32.80273611,-111.66083889,Non-Intersection,Daylight,Clear,1:00pm-1:59pm,25,1:00pm-1:59pm,36,2:00pm-2:59pm,36,1,Daylight,Clear,1,3,['Front_Passenger'],['None_Used'],0,0,Invalid,1.0,2.0,61.0,28.0,"['Male', 'Female', 'Male']",3,0,4,4,5,Dry,Straight,Level,Lowest,No
1295,4,Arizona,40364,0,2,2,0,2,GUADALUPE,May,18,Thursday,1,45,Urban,High Speed (Arterial),Yes,33.36443333,-111.96847778,Non-Intersection,Dark - Lighted,Clear,1:00am-1:59am,45,1:00am-1:59am,54,2:00am-2:59am,18,1,Dark - Lighted,Clear,1,1,['Driver'],['None_Used'],0,0,Valid,0.0,1.0,40.0,37.0,"['Male', 'Male']",0,0,5,3,5,Dry,Straight,Level,Lowest,No
1296,4,Arizona,40365,0,2,2,0,2,LITCHFIELD PARK,May,19,Friday,21,30,Urban,Medium Speed (Collector),No,33.525075,-112.340975,Non-Intersection,Dark - Lighted,Clear,9:00pm-9:59pm,30,9:00pm-9:59pm,38,10:00pm-10:59pm,0,1,Dark - Lighted,Clear,1,0,['Driver'],['None_Used'],1,1,Valid,0.0,0.0,999.0,53.0,"['Male', 'Other']",1,0,5,4,5,Dry,Straight,Level,Lowest,No
1297,4,Arizona,40366,0,2,2,0,2,SURPRISE,May,18,Thursday,14,57,Urban,High Speed (Arterial),Yes,33.63878611,-112.30765556,Simple Junction,Daylight,Clear,2:00pm-2:59pm,57,3:00pm-3:59pm,2,3:00pm-3:59pm,31,1,Daylight,Clear,1,1,['Driver'],['None_Used'],0,0,Valid,0.0,0.0,30.0,30.0,"['Female', 'Male']",0,0,5,4,5,Dry,Straight,Level,Lowest,No
1298,4,Arizona,40367,1,2,2,0,3,PHOENIX,May,19,Friday,11,48,Urban,Medium Speed (Collector),No,33.61088056,-112.16429167,Complex/Circle,Daylight,Clear,Unknown,Unknown,Unknown EMS Scene Arrival Hour,Unknown EMS Scene Arrival Minutes,Unknown,Unknown EMS Hospital Arrival Time,1,Daylight,Clear,0,3,[],[],0,0,Valid,0.0,0.0,33.0,24.0,"['Male', 'Male']",0,0,3,2,4,Dry,Straight,Level,Lowest,No
1299,4,Arizona,40368,0,4,4,0,8,PRESCOTT VALLEY,May,19,Friday,14,20,Urban,High Speed (Arterial),Yes,34.63956389,-112.31255,Simple Junction,Daylight,Rain,2:00pm-2:59pm,21,2:00pm-2:59pm,26,2:00pm-2:59pm,48,1,Daylight,Rain/Wind/Minor,1,7,['Non_Standard_Risk'],['None_Used'],0,0,Valid,0.0,2.0,64.0,31.0,"['Male', 'Male', 'Male', 'Female']",2,0,3,4,5,Wet/Standing Water,Straight,Level,Lowest,Yes
1300,4,Arizona,40369,1,1,1,0,1,CHANDLER,May,20,Saturday,22,0,Urban,Medium Speed (Collector),No,33.34860556,-111.85901667,Non-Intersection,Dark - Lighted,Clear,10:00pm-10:59pm,1,10:00pm-10:59pm,5,10:00pm-10:59pm,17,1,Dark - Lighted,Clear,0,1,[],[],0,0,Valid,0.0,1.0,24.0,24.0,['Male'],0,0,3,2,4,Dry,Straight,Level,Lowest,No
1301,4,Arizona,40370,1,1,1,0,1,TUCSON,May,21,Sunday,14,47,Urban,Medium Speed (Collector),No,32.19980278,-110.90121111,Non-Intersection,Daylight,Clear,2:00pm-2:59pm,47,2:00pm-2:59pm,52,Not Applicable (Not Transported),Not Applicable (Not Transported),1,Daylight,Clear,0,1,[],[],1,1,Valid,0.0,0.0,40.0,40.0,['Male'],0,0,3,4,4,Dry,Straight,Level,Lowest,No
1302,4,Arizona,40371,0,1,1,0,1,SHOW LOW,June,3,Saturday,16,24,Urban,High Speed (Arterial),Yes,34.27129722,-110.02362222,Non-Intersection,Daylight,Cloudy,4:00pm-4:59pm,20,4:00pm-4:59pm,24,4:00pm-4:59pm,53,1,Daylight,Reduced Visibility,1,0,['Driver'],['None_Used'],0,0,Valid,0.0,0.0,84.0,84.0,['Male'],1,0,3,4,3,Dry,Straight,Grade/Hillcrest,Lowest,No
1303,4,Arizona,40372,0,2,2,0,5,PHOENIX,May,21,Sunday,16,35,Urban,High Speed (Arterial),Yes,33.29158056,-112.02061944,Non-Intersection,Daylight,Clear,4:00pm-4:59pm,35,4:00pm-4:59pm,45,5:00pm-5:59pm,5,1,Daylight,Clear,1,4,['Rear_Seat'],['Shoulder_Lapbelt'],1,1,Valid,0.0,1.0,34.0,27.0,"['Male', 'Female']",0,0,3,4,5,Dry,Straight,Level,Lowest,No
1305,4,Arizona,40374,1,1,1,0,1,MESA,May,22,Monday,16,56,Urban,Medium Speed (Collector),No,33.45039167,-111.63500556,Non-Intersection,Daylight,Clear,4:00pm-4:59pm,56,5:00pm-5:59pm,4,Not Applicable (Not Transported),Not Applicable (Not Transported),1,Daylight,Clear,0,1,[],[],0,0,Valid,0.0,1.0,46.0,46.0,['Male'],0,0,3,3,4,Dry,Straight,Grade/Hillcrest,Lowest,No
1306,4,Arizona,40375,0,1,1,0,1,TUCSON,June,9,Friday,22,41,Urban,Medium Speed (Collector),No,32.23535278,-110.77256667,Complex/Circle,Dark - Lighted,Clear,10:00pm-10:59pm,43,10:00pm-10:59pm,51,Not Applicable (Not Transported),Not Applicable (Not Transported),1,Dark - Lighted,Clear,1,0,['Driver'],['None_Used'],0,0,Valid,0.0,0.0,62.0,62.0,['Male'],1,0,3,4,3,Dry,Straight,Level,Lowest,No
1307,4,Arizona,40376,1,1,1,0,1,TUCSON,May,23,Tuesday,20,13,Urban,High Speed (Arterial),No,32.23604444,-110.85815556,Complex/Circle,Dark - Lighted,Clear,8:00pm-8:59pm,13,8:00pm-8:59pm,27,8:00pm-8:59pm,35,1,Dark - Lighted,Clear,0,1,[],[],0,0,Valid,0.0,0.0,26.0,26.0,['Female'],0,0,2,2,4,Dry,Straight,Level,Lowest,No
1308,4,Arizona,40377,0,1,1,0,1,PRESCOTT VALLEY,May,23,Tuesday,21,42,Urban,Medium Speed (Collector),No,34.570225,-112.32388611,Non-Intersection,Dark - Not Lighted,Clear,9:00pm-9:59pm,42,9:00pm-9:59pm,51,Not Applicable (Not Transported),Not Applicable (Not Transported),1,Dark - Unlighted,Clear,1,0,['Driver'],['None_Used'],1,1,Valid,0.0,0.0,46.0,46.0,['Male'],1,0,5,4,3,Dry,Straight,Level,Lowest,No
1309,4,Arizona,40378,0,2,2,0,2,TONOPAH,May,24,Wednesday,17,58,Rural,High Speed (Arterial),Yes,33.46418056,-112.78903889,Non-Intersection,Daylight,Clear,6:00pm-6:59pm,0,6:00pm-6:59pm,16,Not Applicable (Not Transported),Not Applicable (Not Transported),1,Daylight,Clear,1,1,['Driver'],['None_Used'],0,0,Valid,1.0,0.0,66.0,27.0,"['Male', 'Male']",1,0,4,4,5,Dry,Straight,Level,Lowest,No
1310,4,Arizona,40379,0,2,2,0,6,NOT APPLICABLE,April,15,Saturday,20,35,Rural,Medium Speed (Collector),No,33.29014167,-110.41215278,Non-Intersection,Dark - Unknown Lighting,Not Reported,Unknown,Unknown,Unknown EMS Scene Arrival Hour,Unknown EMS Scene Arrival Minutes,Unknown,Unknown EMS Hospital Arrival Time,5,Dark - Unlighted,Clear,5,0,"['Driver', 'Front_Passenger', 'Driver', 'Front_Passenger', 'Front_Passenger']","['Shoulder_Lapbelt', 'Shoulder_Lapbelt', 'Shoulder_Lapbelt', 'Shoulder_Lapbelt', 'None_Used']",1,1,Invalid,0.0,0.0,71.0,31.0,"['Male', 'Male']",0,0,1,4,5,Dry,Straight,Level,Lowest,No
1312,4,Arizona,40381,0,2,2,0,3,TUCSON,June,3,Saturday,19,53,Urban,Medium Speed (Collector),No,32.14492778,-110.96170278,Simple Junction,Dusk,Clear,7:00pm-7:59pm,53,7:00pm-7:59pm,55,Unknown,Unknown EMS Hospital Arrival Time,1,Twilight,Clear,1,2,['Driver'],['None_Used'],0,0,Invalid,0.0,0.0,20.0,19.0,"['Male', 'Male']",0,0,5,3,5,Dry,Straight,Level,Lowest,Yes
1314,4,Arizona,40383,0,2,2,0,5,GLENDALE,May,25,Thursday,19,18,Urban,High Speed (Arterial),Yes,33.52789722,-112.17309444,Simple Junction,Daylight,Clear,7:00pm-7:59pm,18,7:00pm-7:59pm,22,9:00pm-9:59pm,3,1,Daylight,Clear,1,4,['Front_Passenger'],['Shoulder_Lapbelt'],0,0,Invalid,0.0,0.0,998.0,998.0,"['Other', 'Male']",0,0,3,4,5,Dry,Straight,Level,Lowest,No
1315,4,Arizona,40384,0,3,3,0,4,FLAGSTAFF,May,25,Thursday,17,28,Urban,Medium Speed (Collector),No,35.24756944,-111.500475,Non-Intersection,Daylight,Clear,5:00pm-5:59pm,30,5:00pm-5:59pm,34,Unknown,Unknown EMS Hospital Arrival Time,1,Daylight,Clear,1,3,['Driver'],['None_Used'],0,0,Valid,0.0,0.0,58.0,40.0,"['Male', 'Female', 'Male']",0,0,5,4,5,Dry,Curve,Grade/Hillcrest,Lowest,No
1316,4,Arizona,40385,0,1,1,0,1,HUACHUCA CITY,May,26,Friday,15,1,Rural,Medium Speed (Collector),No,31.70554722,-110.28718056,Non-Intersection,Daylight,Clear,3:00pm-3:59pm,4,3:00pm-3:59pm,11,Not Applicable (Not Transported),Not Applicable (Not Transported),1,Daylight,Clear,1,0,['Driver'],['None_Used'],1,1,Valid,0.0,1.0,68.0,68.0,['Male'],0,0,3,4,3,Dry,Straight,Level,Lowest,No
1317,4,Arizona,40386,0,1,1,0,1,RIO RICO,May,26,Friday,15,25,Urban,High Speed (Arterial),Yes,31.46751389,-110.99656111,Non-Intersection,Daylight,Clear,3:00pm-3:59pm,25,3:00pm-3:59pm,25,Not Applicable (Not Transported),Not Applicable (Not Transported),1,Daylight,Clear,1,0,['Driver'],['None_Used'],0,0,Valid,0.0,1.0,25.0,25.0,['Male'],0,0,3,4,3,Dry,Straight,Level,Lowest,No
1318,4,Arizona,40387,1,1,1,0,1,TUCSON,April,13,Thursday,19,15,Urban,Medium Speed (Collector),No,32.20155556,-110.96854167,Complex/Circle,Dark - Lighted,Clear,Unknown,Unknown,Unknown EMS Scene Arrival Hour,Unknown EMS Scene Arrival Minutes,Not Applicable (Not Transported),Not Applicable (Not Transported),1,Dark - Lighted,Clear,0,0,[],[],0,0,Invalid,0.0,0.0,998.0,998.0,['Other'],0,0,1,1,4,Dry,Straight,Level,Lowest,Yes
1319,4,Arizona,40388,0,2,2,0,2,PHOENIX,April,29,Saturday,0,32,Urban,Medium Speed (Collector),No,33.53834167,-112.07378056,Complex/Circle,Dark - Lighted,Clear,Unknown,Unknown,Unknown EMS Scene Arrival Hour,Unknown EMS Scene Arrival Minutes,Unknown,Unknown EMS Hospital Arrival Time,1,Dark - Lighted,Clear,1,1,['Driver'],['None_Used'],0,0,Valid,0.0,1.0,48.0,20.0,"['Male', 'Male']",0,0,5,4,5,Dry,Straight,Level,Lowest,No
1320,4,Arizona,40389,0,1,1,0,2,CLARKDALE,June,8,Thursday,18,2,Rural,Medium Speed (Collector),No,34.75952778,-112.08086389,Non-Intersection,Daylight,Clear,6:00pm-6:59pm,9,6:00pm-6:59pm,20,Unknown,Unknown EMS Hospital Arrival Time,1,Daylight,Clear,1,1,['Front_Passenger'],['None_Used'],0,0,Valid,0.0,1.0,35.0,35.0,['Male'],0,0,3,4,3,Dry,Straight,Grade/Hillcrest,Lowest,No
1321,4,Arizona,40390,0,1,1,0,3,PHOENIX,April,1,Saturday,3,15,Urban,Medium Speed (Collector),No,33.48046667,-112.15504444,Non-Intersection,Dark - Lighted,Clear,3:00am-3:59am,13,3:00am-3:59am,18,3:00am-3:59am,41,1,Dark - Lighted,Clear,1,2,['Front_Passenger'],['None_Used'],1,1,Invalid,0.0,0.0,25.0,25.0,['Male'],3,0,2,4,3,Dry,Straight,Level,Lowest,No
1322,4,Arizona,40391,0,1,1,0,2,TUCSON,April,5,Wednesday,11,39,Urban,Medium Speed (Collector),No,32.25350278,-110.82324167,Non-Intersection,Daylight,Clear,11:00am-11:59am,39,11:00am-11:59am,41,Unknown,Unknown EMS Hospital Arrival Time,2,Daylight,Clear,2,0,"['Driver', 'Front_Passenger']","['Shoulder_Lapbelt', 'Shoulder_Lapbelt']",0,0,Valid,0.0,0.0,86.0,86.0,['Male'],2,0,2,4,3,Dry,Straight,Level,Lowest,No
1324,4,Arizona,40393,1,1,1,0,1,PHOENIX,January,8,Sunday,18,57,Urban,Medium Speed (Collector),No,33.48050556,-112.1583,Simple Junction,Reported as Unknown,Reported as Unknown,Unknown,Unknown,Unknown EMS Scene Arrival Hour,Unknown EMS Scene Arrival Minutes,Unknown,Unknown EMS Hospital Arrival Time,1,Dark - Unlighted,Clear,0,1,[],[],0,0,Invalid,0.0,0.0,998.0,998.0,['Other'],0,0,1,0,4,Dry,Straight,Level,Lowest,No
1325,4,Arizona,40394,1,1,1,0,1,ASH FORK,April,8,Saturday,23,30,Rural,High Speed (Arterial),Yes,35.22115556,-112.52435556,Non-Intersection,Dark - Not Lighted,Clear,10:00pm-10:59pm,30,10:00pm-10:59pm,52,Not Applicable (Not Transported),Not Applicable (Not Transported),1,Dark - Unlighted,Clear,0,1,[],[],0,0,Valid,0.0,1.0,37.0,37.0,['Male'],0,0,4,3,4,Dry,Straight,Level,Lowest,No
1326,4,Arizona,40395,0,4,4,0,5,LAVEEN,January,11,Wednesday,5,41,Urban,Medium Speed (Collector),No,33.39193611,-112.16900278,Complex/Circle,Dark - Lighted,Clear,Unknown,Unknown,Unknown EMS Scene Arrival Hour,Unknown EMS Scene Arrival Minutes,Unknown,Unknown EMS Hospital Arrival Time,1,Dark - Lighted,Clear,1,1,['Driver'],['Shoulder_Lapbelt'],0,0,Valid,0.0,0.0,75.0,21.0,"['Male', 'Female', 'Male', 'Male']",1,0,3,4,5,Dry,Straight,Level,Lowest,No
1327,4,Arizona,40396,0,2,2,0,3,GOODYEAR,April,17,Monday,13,3,Urban,Medium Speed (Collector),No,33.38784722,-112.39242778,Simple Junction,Daylight,Clear,1:00pm-1:59pm,4,1:00pm-1:59pm,10,1:00pm-1:59pm,30,1,Daylight,Clear,1,2,['Rear_Seat'],['None_Used'],0,0,Valid,0.0,0.0,49.0,24.0,"['Male', 'Male']",0,0,5,4,5,Dry,Straight,Level,Lowest,No
1328,4,Arizona,40397,0,2,2,0,2,PHOENIX,January,14,Saturday,3,1,Urban,High Speed (Arterial),Yes,33.49488333,-112.16029722,Complex/Circle,Dark - Lighted,Clear,3:00am-3:59am,4,3:00am-3:59am,7,Unknown,Unknown EMS Hospital Arrival Time,1,Dark - Lighted,Clear,1,1,['Driver'],['Shoulder_Lapbelt'],1,1,Valid,0.0,0.0,31.0,27.0,"['Female', 'Male']",0,0,3,4,5,Dry,Straight,Level,Lowest,No
1329,4,Arizona,40398,0,2,2,0,2,PHOENIX,May,22,Monday,16,6,Urban,High Speed (Arterial),Yes,33.42953333,-112.186475,Non-Intersection,Daylight,Clear,4:00pm-4:59pm,6,4:00pm-4:59pm,13,4:00pm-4:59pm,30,1,Daylight,Clear,1,1,['Driver'],['None_Used'],0,0,Valid,0.0,0.0,49.0,21.0,"['Male', 'Female']",0,0,5,4,5,Dry,Straight,Level,Medium,No
1330,4,Arizona,40399,1,1,1,0,1,PHOENIX,May,30,Tuesday,3,5,Urban,High Speed (Arterial),Yes,33.46662222,-112.11028333,Non-Intersection,Dark - Lighted,Clear,3:00am-3:59am,16,3:00am-3:59am,22,3:00am-3:59am,33,1,Dark - Lighted,Clear,0,1,[],[],0,0,Valid,0.0,0.0,53.0,53.0,['Male'],0,0,2,3,4,Dry,Straight,Level,Lowest,No
1331,4,Arizona,40400,1,1,1,0,1,TONOPAH,May,31,Wednesday,7,49,Rural,High Speed (Arterial),Yes,33.46310278,-112.78502222,Non-Intersection,Daylight,Clear,7:00am-7:59am,51,8:00am-8:59am,5,8:00am-8:59am,33,1,Daylight,Clear,0,0,[],[],0,0,Invalid,0.0,0.0,998.0,998.0,['Other'],0,0,1,0,4,Dry,Straight,Grade/Hillcrest,Lowest,No
1332,4,Arizona,40401,0,2,2,0,2,PHOENIX,January,16,Monday,8,33,Urban,High Speed (Arterial),Yes,99.9999,999.9999,Non-Intersection,Dark - Unknown Lighting,Reported as Unknown,Unknown,Unknown,Unknown EMS Scene Arrival Hour,Unknown EMS Scene Arrival Minutes,Unknown,Unknown EMS Hospital Arrival Time,1,Dark - Unlighted,Clear,1,1,['Driver'],['Shoulder_Lapbelt'],0,0,Valid,0.0,0.0,56.0,17.0,"['Male', 'Female']",0,0,3,0,5,Dry,Straight,Level,Lowest,No
1333,4,Arizona,40402,1,1,1,0,1,PHOENIX,January,16,Monday,20,36,Urban,High Speed (Arterial),No,99.9999,999.9999,Non-Intersection,Dark - Lighted,Rain,Unknown,Unknown,Unknown EMS Scene Arrival Hour,Unknown EMS Scene Arrival Minutes,Unknown,Unknown EMS Hospital Arrival Time,1,Dark - Lighted,Rain/Wind/Minor,0,1,[],[],0,0,Valid,0.0,0.0,48.0,48.0,['Male'],0,0,3,0,4,Wet/Standing Water,Straight,Level,Lowest,No
1334,4,Arizona,40403,1,1,1,0,1,PHOENIX,January,19,Thursday,4,44,Urban,Medium Speed (Collector),No,99.9999,999.9999,Non-Intersection,Dark - Lighted,Not Reported,Unknown,Unknown,Unknown EMS Scene Arrival Hour,Unknown EMS Scene Arrival Minutes,Unknown,Unknown EMS Hospital Arrival Time,1,Dark - Lighted,Clear,0,0,[],[],0,0,Invalid,0.0,0.0,998.0,998.0,['Other'],0,0,2,0,4,Dry,Straight,Level,Lowest,No
1335,4,Arizona,40404,1,1,1,0,1,PHOENIX,January,19,Thursday,23,34,Urban,Medium Speed (Collector),No,33.48043889,-112.02360278,Complex/Circle,Dark - Lighted,Reported as Unknown,Unknown,Unknown,Unknown EMS Scene Arrival Hour,Unknown EMS Scene Arrival Minutes,Not Applicable (Not Transported),Not Applicable (Not Transported),1,Dark - Lighted,Clear,0,1,[],[],0,0,Valid,0.0,0.0,29.0,29.0,['Male'],0,0,2,0,4,Dry,Straight,Level,Lowest,No
1336,4,Arizona,40405,0,1,1,0,2,MESA,January,22,Sunday,99,99,Rural,Low Speed (Local),No,99.9999,999.9999,Non-Intersection,Reported as Unknown,Reported as Unknown,Unknown,Unknown,Unknown EMS Scene Arrival Hour,Unknown EMS Scene Arrival Minutes,Unknown,Unknown EMS Hospital Arrival Time,1,Dark - Unlighted,Clear,1,0,['Front_Passenger'],['Shoulder_Lapbelt'],0,0,Invalid,0.0,0.0,998.0,998.0,['Other'],0,0,1,0,1,Dry,Straight,Level,Lowest,No
1337,4,Arizona,40406,0,2,2,0,3,PHOENIX,April,5,Wednesday,18,17,Urban,Medium Speed (Collector),No,33.37826389,-111.97838333,Complex/Circle,Daylight,Clear,Unknown,Unknown,Unknown EMS Scene Arrival Hour,Unknown EMS Scene Arrival Minutes,Unknown,Unknown EMS Hospital Arrival Time,1,Daylight,Clear,1,2,['Driver'],['None_Used'],0,0,Valid,0.0,1.0,72.0,23.0,"['Female', 'Male']",0,0,2,4,5,Dry,Straight,Level,Lowest,No
1338,4,Arizona,40407,0,3,3,0,6,PHOENIX,January,24,Tuesday,16,54,Urban,Medium Speed (Collector),No,33.38741667,-111.97845278,Simple Junction,Daylight,Reported as Unknown,Unknown,Unknown,Unknown EMS Scene Arrival Hour,Unknown EMS Scene Arrival Minutes,Unknown,Unknown EMS Hospital Arrival Time,1,Daylight,Clear,1,5,['Driver'],['Shoulder_Lapbelt'],0,0,Valid,0.0,3.0,45.0,24.0,"['Female', 'Male', 'Male']",0,0,3,0,5,Dry,Straight,Level,Lowest,No
1339,4,Arizona,40408,1,1,1,0,1,PHOENIX,April,8,Saturday,21,11,Urban,Medium Speed (Collector),No,33.46593611,-112.14908333,Non-Intersection,Dark - Lighted,Clear,Unknown,Unknown,Unknown EMS Scene Arrival Hour,Unknown EMS Scene Arrival Minutes,Unknown,Unknown EMS Hospital Arrival Time,1,Dark - Lighted,Clear,0,0,[],[],0,0,Valid,0.0,0.0,49.0,34.0,Other,0,0,1,0,4,Dry,Straight,Level,Lowest,No
1340,4,Arizona,40409,0,2,2,0,2,PHOENIX,February,1,Wednesday,17,9,Urban,Medium Speed (Collector),No,33.64138056,-112.09965556,Non-Intersection,Daylight,Reported as Unknown,Unknown,Unknown,Unknown EMS Scene Arrival Hour,Unknown EMS Scene Arrival Minutes,Not Applicable (Not Transported),Not Applicable (Not Transported),1,Daylight,Clear,1,1,['Driver'],['None_Used'],1,1,Invalid,0.0,0.0,44.0,19.0,"['Male', 'Male']",0,0,5,0,5,Dry,Straight,Non-Trafficway,Lowest,No
1341,4,Arizona,40410,1,2,2,0,2,AVONDALE,February,2,Thursday,11,50,Urban,Medium Speed (Collector),No,77.7777,777.7777,Simple Junction,Daylight,Clear,11:00am-11:59am,52,11:00am-11:59am,57,12:00pm-12:59pm,15,1,Daylight,Clear,0,2,[],[],0,0,Valid,0.0,1.0,19.0,19.0,"['Male', 'Male']",1,0,2,4,5,Dry,Straight,Level,Lowest,No