,State_Code,State_Name,Crash_ID,Count_Non_Motorists,Count_Vehicles_Total,Count_Vehicle_Forms,Count_PVH_Involved,Count_Occupants_MV,City_Name,Month_Name,Day_of_Month,Day_of_Week,Crash_Hour,Crash_Minute,Area_Rural_Urban,Road_Functional_Class,On_NHS_Road,Latitude,Longitude,Intersection_Type,Light_Condition,Weather_Condition,Notif_Hour,Notif_Minute,Arrival_Hour,Arrival_Minute,Hospital_Hour,Hospital_Minute,Fatalities_Count,Clean_Light_Condition,Clean_Weather_Condition,Total_Killed,Total_Alive,Fatal_Seats_List,Killed_Restraint_List,Any_Driver_Drinking,Total_Drinking_Drivers,Driver_License_Category,Driver_Max_Prev_Accident_Count,Driver_Max_Prev_Speeding_Count,Max_Driver_Age,Min_Driver_Age,Driver_Sex_List,Total_Exceeding_Limit_Vehicles,Total_Too_Fast_Vehicles,Max_Vehicle_Type_Severity_5,Max_Vehicle_Damage_Rank,Max_Harmful_Event_Severity,Crash_Road_Surface_Condition,Crash_Horizontal_Alignment,Crash_Vertical_Profile,Crash_Impairment_Category,Crash_Vehicle_Defect
1342,4,Arizona,40411,0,2,2,0,2,PHOENIX,June,2,Friday,1,20,Urban,High Speed (Arterial),No,33.55310556,-112.11955278,Complex/Circle,Dark - Lighted,Clear,Unknown,Unknown,Unknown EMS Scene Arrival Hour,Unknown EMS Scene Arrival Minutes,Not Applicable (Not Transported),Not Applicable (Not Transported),1,Dark - Lighted,Clear,1,1,['Driver'],['None_Used'],1,1,Valid,0.0,1.0,39.0,38.0,"['Male', 'Female']",1,0,5,3,5,Dry,Straight,Level,Lowest,No
1343,4,Arizona,40412,0,1,1,0,1,PHOENIX,February,2,Thursday,21,6,Urban,Medium Speed (Collector),No,33.393875,-112.01657778,Non-Intersection,Dark - Lighted,Reported as Unknown,Unknown,Unknown,Unknown EMS Scene Arrival Hour,Unknown EMS Scene Arrival Minutes,Not Applicable (Not Transported),Not Applicable (Not Transported),1,Dark - Lighted,Clear,1,0,['Driver'],['None_Used'],0,0,Valid,0.0,0.0,19.0,19.0,['Male'],1,0,3,0,3,Dry,Curve,Level,Lowest,No
1344,4,Arizona,40413,0,1,1,0,1,MORRISTOWN,February,3,Friday,16,13,Rural,High Speed (Arterial),Yes,77.7777,777.7777,Non-Intersection,Reported as Unknown,Reported as Unknown,Unknown,Unknown,Unknown EMS Scene Arrival Hour,Unknown EMS Scene Arrival Minutes,Not Applicable (Not Transported),Not Applicable (Not Transported),1,Dark - Unlighted,Clear,1,0,['Driver'],['None_Used'],0,0,Invalid,0.0,0.0,73.0,73.0,['Male'],0,0,5,0,3,Dry,Straight,Level,Lowest,No
1346,4,Arizona,40415,0,2,1,1,2,NOT APPLICABLE,June,6,Tuesday,22,46,Rural,Medium Speed (Collector),No,31.73062778,-111.06365,Non-Intersection,Dark - Not Lighted,Clear,10:00pm-10:59pm,49,10:00pm-10:59pm,55,10:00pm-10:59pm,55,1,Dark - Unlighted,Clear,1,1,['Rear_Seat'],['None_Used'],0,0,Invalid,0.0,0.0,15.0,15.0,['Female'],2,0,5,3,5,Dry,Straight,Level,Lowest,No
1347,4,Arizona,40416,0,2,2,0,5,SURPRISE,February,4,Saturday,21,35,Urban,Medium Speed (Collector),No,33.60922222,-112.35928333,Complex/Circle,Dark - Lighted,Clear,Unknown,Unknown,Unknown EMS Scene Arrival Hour,Unknown EMS Scene Arrival Minutes,Unknown,Unknown EMS Hospital Arrival Time,1,Dark - Lighted,Clear,1,4,['Rear_Seat'],['Shoulder_Lapbelt'],0,0,Valid,0.0,0.0,75.0,17.0,"['Male', 'Female']",0,0,3,4,5,Dry,Straight,Level,Lowest,No
1348,4,Arizona,40417,0,2,2,0,2,FLAGSTAFF,June,8,Thursday,17,30,Rural,Medium Speed (Collector),No,35.05849722,-111.46937222,Non-Intersection,Daylight,Clear,6:00pm-6:59pm,28,6:00pm-6:59pm,50,Not Applicable (Not Transported),Not Applicable (Not Transported),2,Daylight,Clear,2,0,"['Driver', 'Driver']","['None_Used', 'Shoulder_Lapbelt']",0,0,Valid,0.0,0.0,54.0,30.0,"['Male', 'Female']",1,0,2,4,5,Dry,Straight,Level,Lowest,No
1349,4,Arizona,40418,0,2,2,0,2,TOLLESON,June,8,Thursday,23,11,Urban,High Speed (Arterial),Yes,33.46217222,-112.24895278,Non-Intersection,Dark - Lighted,Clear,11:00pm-11:59pm,13,11:00pm-11:59pm,24,Not Applicable (Not Transported),Not Applicable (Not Transported),1,Dark - Lighted,Clear,1,1,['Driver'],['None_Used'],1,1,Valid,0.0,4.0,31.0,23.0,"['Male', 'Male']",1,0,4,4,5,Dry,Straight,Level,Lowest,No
1350,4,Arizona,40419,1,1,1,0,1,MESA,June,9,Friday,22,15,Urban,Medium Speed (Collector),No,33.40782222,-111.626975,Non-Intersection,Dark - Lighted,Clear,10:00pm-10:59pm,15,10:00pm-10:59pm,22,Not Applicable (Not Transported),Not Applicable (Not Transported),1,Dark - Lighted,Clear,0,1,[],[],0,0,Valid,0.0,0.0,22.0,22.0,['Female'],0,0,2,3,4,Dry,Straight,Level,Lowest,No
1351,4,Arizona,40420,0,2,2,0,2,TUCSON,June,9,Friday,17,11,Urban,Medium Speed (Collector),No,32.14887778,-110.91786389,Complex/Circle,Daylight,Clear,5:00pm-5:59pm,11,5:00pm-5:59pm,18,5:00pm-5:59pm,36,1,Daylight,Clear,1,1,['Driver'],['Shoulder_Lapbelt'],0,0,Valid,0.0,0.0,68.0,64.0,"['Male', 'Female']",0,0,3,4,5,Dry,Straight,Level,Lowest,No
1352,4,Arizona,40421,0,2,2,0,3,SUN CITY,June,9,Friday,19,57,Urban,Medium Speed (Collector),No,33.56578056,-112.28111944,Complex/Circle,Dusk,Clear,7:00pm-7:59pm,59,8:00pm-8:59pm,6,8:00pm-8:59pm,33,1,Twilight,Clear,1,2,['Driver'],['None_Used'],0,0,Valid,0.0,1.0,61.0,46.0,"['Female', 'Male']",0,0,5,4,5,Dry,Straight,Level,Lowest,No
1353,4,Arizona,40422,1,1,1,0,1,PHOENIX,June,9,Friday,23,1,Urban,Medium Speed (Collector),No,33.49071944,-112.11715833,Non-Intersection,Dark - Lighted,Clear,Unknown,Unknown,Unknown EMS Scene Arrival Hour,Unknown EMS Scene Arrival Minutes,Unknown,Unknown EMS Hospital Arrival Time,1,Dark - Lighted,Clear,0,0,[],[],0,0,Invalid,0.0,0.0,998.0,998.0,['Other'],0,0,1,1,4,Dry,Straight,Level,Lowest,No
1354,4,Arizona,40423,0,2,2,0,5,PHOENIX,June,10,Saturday,15,3,Urban,High Speed (Arterial),Yes,33.29114444,-112.05183611,Non-Intersection,Daylight,Clear,3:00pm-3:59pm,1,3:00pm-3:59pm,13,3:00pm-3:59pm,37,1,Daylight,Clear,1,4,['Driver'],['None_Used'],0,0,Valid,0.0,1.0,43.0,22.0,"['Male', 'Male']",0,0,3,4,5,Dry,Straight,Level,Lowest,No
1355,4,Arizona,40424,1,1,1,0,2,PHOENIX,June,10,Saturday,21,40,Urban,Medium Speed (Collector),No,33.53841389,-112.149325,Non-Intersection,Dark - Lighted,Clear,Unknown,Unknown,Unknown EMS Scene Arrival Hour,Unknown EMS Scene Arrival Minutes,Unknown,Unknown EMS Hospital Arrival Time,1,Dark - Lighted,Clear,0,2,[],[],0,0,Valid,0.0,2.0,47.0,47.0,['Male'],0,0,2,2,4,Dry,Straight,Level,Lowest,No
1357,4,Arizona,40426,1,1,1,0,1,PHOENIX,June,10,Saturday,21,33,Urban,Medium Speed (Collector),No,33.618425,-112.1252,Non-Intersection,Dark - Lighted,Clear,Unknown,Unknown,Unknown EMS Scene Arrival Hour,Unknown EMS Scene Arrival Minutes,Unknown,Unknown EMS Hospital Arrival Time,1,Dark - Lighted,Clear,0,1,[],[],0,0,Valid,0.0,1.0,30.0,30.0,['Female'],0,0,3,2,4,Dry,Straight,Level,Lowest,No
1358,4,Arizona,40427,0,1,1,0,1,MESA,June,11,Sunday,2,23,Urban,High Speed (Arterial),No,33.4341,-111.88594444,Non-Intersection,Dark - Lighted,Clear,2:00am-2:59am,25,2:00am-2:59am,37,Not Applicable (Not Transported),Not Applicable (Not Transported),1,Dark - Lighted,Clear,1,0,['Driver'],['None_Used'],1,1,Valid,0.0,0.0,25.0,25.0,['Female'],1,0,2,4,3,Dry,Curve,Level,Lowest,No
1360,4,Arizona,40429,0,2,2,0,2,TUCSON,June,11,Sunday,16,14,Rural,Medium Speed (Collector),No,32.34444722,-111.21655,Simple Junction,Daylight,Clear,4:00pm-4:59pm,14,4:00pm-4:59pm,17,5:00pm-5:59pm,0,1,Daylight,Clear,1,1,['Driver'],['None_Used'],0,0,Valid,0.0,0.0,42.0,17.0,"['Male', 'Male']",0,0,5,4,5,Dry,Straight,Level,Lowest,No
1361,4,Arizona,40430,0,1,1,0,1,MESA,February,5,Sunday,14,53,Urban,Medium Speed (Collector),No,77.7777,777.7777,Non-Intersection,Reported as Unknown,Reported as Unknown,Unknown,Unknown,Unknown EMS Scene Arrival Hour,Unknown EMS Scene Arrival Minutes,Unknown,Unknown EMS Hospital Arrival Time,1,Dark - Unlighted,Clear,1,0,['Driver'],['None_Used'],0,0,Invalid,0.0,0.0,30.0,30.0,['Male'],0,0,5,0,1,Dry,Straight,Level,Lowest,No
1362,4,Arizona,40431,0,1,1,0,2,PHOENIX,June,11,Sunday,19,28,Urban,Medium Speed (Collector),No,33.48920278,-112.23798889,Non-Intersection,Dusk,Clear,7:00pm-7:59pm,30,7:00pm-7:59pm,32,7:00pm-7:59pm,55,1,Twilight,Clear,1,1,['Driver'],['Shoulder_Lapbelt'],0,0,Valid,0.0,0.0,58.0,58.0,['Male'],0,0,3,4,3,Dry,Straight,Level,Lowest,No
1363,4,Arizona,40432,0,2,2,0,2,PHOENIX,February,5,Sunday,15,11,Urban,Medium Speed (Collector),No,33.40676667,-112.06508333,Non-Intersection,Daylight,Not Reported,Unknown,Unknown,Unknown EMS Scene Arrival Hour,Unknown EMS Scene Arrival Minutes,Unknown,Unknown EMS Hospital Arrival Time,1,Daylight,Clear,1,1,['Driver'],['Shoulder_Lapbelt'],0,0,Invalid,0.0,2.0,62.0,50.0,"['Male', 'Male']",0,0,2,1,5,Dry,Straight,Level,Lowest,Yes
1365,4,Arizona,40434,1,1,1,0,1,PEORIA,June,12,Monday,14,54,Urban,Medium Speed (Collector),No,33.58047778,-112.270425,Non-Intersection,Daylight,Clear,2:00pm-2:59pm,54,3:00pm-3:59pm,0,Not Applicable (Not Transported),Not Applicable (Not Transported),1,Daylight,Clear,0,1,[],[],0,0,Valid,0.0,0.0,45.0,45.0,['Male'],0,0,2,3,4,Dry,Straight,Level,Lowest,No
1366,4,Arizona,40435,0,2,2,0,2,PHOENIX,February,7,Tuesday,23,55,Urban,Medium Speed (Collector),No,33.50902778,-112.13427222,Non-Intersection,Dark - Lighted,Reported as Unknown,Unknown,Unknown,Unknown EMS Scene Arrival Hour,Unknown EMS Scene Arrival Minutes,Unknown,Unknown EMS Hospital Arrival Time,1,Dark - Lighted,Clear,1,1,['Driver'],['None_Used'],1,1,Valid,0.0,0.0,36.0,20.0,"['Male', 'Male']",0,0,5,0,5,Dry,Straight,Level,Lowest,No
1367,4,Arizona,40436,1,2,2,0,2,MESA,June,13,Tuesday,21,43,Urban,Medium Speed (Collector),No,33.42326667,-111.73637778,Complex/Circle,Dark - Not Lighted,Clear,Unknown,Unknown,Unknown EMS Scene Arrival Hour,Unknown EMS Scene Arrival Minutes,Not Applicable (Not Transported),Not Applicable (Not Transported),1,Dark - Unlighted,Clear,0,2,[],[],0,0,Valid,0.0,0.0,58.0,22.0,"['Male', 'Male']",0,0,3,2,4,Dry,Straight,Level,Lowest,No
1368,4,Arizona,40437,1,1,1,0,1,PHOENIX,June,14,Wednesday,20,34,Urban,Medium Speed (Collector),No,33.60368056,-112.119825,Complex/Circle,Dark - Lighted,Clear,Unknown,Unknown,Unknown EMS Scene Arrival Hour,Unknown EMS Scene Arrival Minutes,Unknown,Unknown EMS Hospital Arrival Time,1,Dark - Lighted,Clear,0,1,[],[],0,0,Valid,0.0,0.0,17.0,17.0,['Female'],0,0,2,3,4,Dry,Straight,Level,Lowest,No
1369,4,Arizona,40438,1,1,1,0,1,TUCSON,June,15,Thursday,22,50,Urban,Medium Speed (Collector),No,32.13353333,-111.06864722,Non-Intersection,Dark - Not Lighted,Clear,10:00pm-10:59pm,52,Unknown EMS Scene Arrival Hour,Unknown EMS Scene Arrival Minutes,Not Applicable (Not Transported),Not Applicable (Not Transported),1,Dark - Unlighted,Clear,0,0,[],[],0,0,Invalid,0.0,1.0,21.0,21.0,['Male'],1,0,3,3,4,Dry,Straight,Level,Lowest,No
1370,4,Arizona,40439,0,1,1,0,1,PHOENIX,June,16,Friday,9,8,Urban,High Speed (Arterial),Yes,33.56227222,-112.03745,Non-Intersection,Daylight,Clear,9:00am-9:59am,21,9:00am-9:59am,27,Not Applicable (Not Transported),Not Applicable (Not Transported),1,Daylight,Clear,1,0,['Driver'],['None_Used'],1,1,Valid,0.0,0.0,57.0,57.0,['Male'],1,0,4,4,3,Dry,Straight,Level,Lowest,No
1371,4,Arizona,40440,3,3,3,0,4,PHOENIX,February,8,Wednesday,13,1,Urban,High Speed (Arterial),No,33.55316944,-112.10830556,Complex/Circle,Daylight,Clear,Unknown,Unknown,Unknown EMS Scene Arrival Hour,Unknown EMS Scene Arrival Minutes,Unknown,Unknown EMS Hospital Arrival Time,1,Daylight,Clear,0,4,[],[],0,0,Valid,0.0,0.0,61.0,21.0,"['Female', 'Male', 'Male']",0,0,3,4,5,Dry,Straight,Level,Lowest,No
1372,4,Arizona,40441,0,2,2,0,3,PHOENIX,June,16,Friday,15,51,Urban,Medium Speed (Collector),No,33.46538611,-112.23350278,Simple Junction,Daylight,Clear,Unknown,Unknown,Unknown EMS Scene Arrival Hour,Unknown EMS Scene Arrival Minutes,Unknown,Unknown EMS Hospital Arrival Time,1,Daylight,Clear,1,2,['Driver'],['None_Used'],0,0,Valid,0.0,1.0,38.0,37.0,"['Male', 'Female']",0,0,5,4,5,Dry,Straight,Level,Lowest,No
1373,4,Arizona,40442,1,1,1,0,1,PHOENIX,February,9,Thursday,12,33,Urban,Medium Speed (Collector),No,33.56765833,-112.10285556,Complex/Circle,Daylight,Clear,Unknown,Unknown,Unknown EMS Scene Arrival Hour,Unknown EMS Scene Arrival Minutes,Not Applicable (Not Transported),Not Applicable (Not Transported),1,Daylight,Clear,0,1,[],[],0,0,Valid,0.0,0.0,40.0,40.0,['Male'],0,0,2,0,4,Dry,Straight,Level,Lowest,No
1374,4,Arizona,40443,1,2,2,0,3,PHOENIX,February,12,Sunday,19,32,Urban,Medium Speed (Collector),No,77.7777,777.7777,Non-Intersection,Daylight,Clear,Unknown,Unknown,Unknown EMS Scene Arrival Hour,Unknown EMS Scene Arrival Minutes,Not Applicable (Not Transported),Not Applicable (Not Transported),1,Daylight,Clear,0,3,[],[],0,0,Invalid,0.0,0.0,999.0,17.0,"['Other', 'Male']",0,0,2,1,4,Dry,Straight,Level,Lowest,No
1376,4,Arizona,40445,0,2,2,0,2,CHANDLER,June,17,Saturday,9,6,Urban,Medium Speed (Collector),No,33.24806389,-111.80662222,Complex/Circle,Daylight,Clear,9:00am-9:59am,7,9:00am-9:59am,11,9:00am-9:59am,50,1,Daylight,Clear,1,1,['Driver'],['Shoulder_Lapbelt'],0,0,Valid,0.0,0.0,75.0,26.0,"['Male', 'Female']",0,0,3,4,5,Dry,Straight,Level,Lowest,No
1377,4,Arizona,40446,1,1,1,0,1,MESA,February,14,Tuesday,21,30,Urban,Medium Speed (Collector),No,33.41503889,-111.61695556,Non-Intersection,Reported as Unknown,Reported as Unknown,Unknown,Unknown,Unknown EMS Scene Arrival Hour,Unknown EMS Scene Arrival Minutes,Not Applicable (Not Transported),Not Applicable (Not Transported),1,Dark - Unlighted,Clear,0,1,[],[],0,0,Invalid,0.0,0.0,998.0,998.0,['Other'],0,0,2,1,4,Oil/Contaminated,Straight,Level,Lowest,No
1378,4,Arizona,40447,0,1,1,0,1,WINSLOW,June,18,Sunday,16,36,Rural,Medium Speed (Collector),No,34.99393611,-110.67005833,Non-Intersection,Daylight,Clear,4:00pm-4:59pm,36,4:00pm-4:59pm,43,5:00pm-5:59pm,2,1,Daylight,Clear,1,0,['Driver'],['None_Used'],0,0,Valid,0.0,0.0,47.0,47.0,['Male'],1,0,5,4,3,Dry,Straight,Grade/Hillcrest,Lowest,No
1379,4,Arizona,40448,1,1,1,0,1,PHOENIX,February,15,Wednesday,5,28,Urban,Medium Speed (Collector),No,77.7777,777.7777,Non-Intersection,Dark - Not Lighted,Reported as Unknown,Unknown,Unknown,Unknown EMS Scene Arrival Hour,Unknown EMS Scene Arrival Minutes,Not Applicable (Not Transported),Not Applicable (Not Transported),1,Dark - Unlighted,Clear,0,1,[],[],0,0,Valid,0.0,0.0,54.0,54.0,['Female'],0,0,2,0,4,Dry,Straight,Level,Lowest,No
1380,4,Arizona,40449,1,1,1,0,1,MESA,June,18,Sunday,21,50,Urban,Medium Speed (Collector),No,33.39334722,-111.81195833,Non-Intersection,Dark - Lighted,Clear,9:00pm-9:59pm,50,9:00pm-9:59pm,55,Not Applicable (Not Transported),Not Applicable (Not Transported),1,Dark - Lighted,Clear,0,1,[],[],0,0,Invalid,0.0,0.0,17.0,17.0,['Male'],0,0,2,3,4,Dry,Straight,Level,Lowest,No
1381,4,Arizona,40450,0,1,1,0,1,NOT APPLICABLE,February,18,Saturday,99,99,Urban,Medium Speed (Collector),No,33.89341389,-109.93530833,Non-Intersection,Not Reported,Not Reported,Unknown,Unknown,Unknown EMS Scene Arrival Hour,Unknown EMS Scene Arrival Minutes,Not Applicable (Not Transported),Not Applicable (Not Transported),1,Dark - Unlighted,Clear,1,0,['Driver'],['Shoulder_Lapbelt'],1,1,Valid,0.0,0.0,32.0,32.0,['Male'],1,0,1,1,3,Dry,Straight,Level,Lowest,No
1382,4,Arizona,40451,0,1,1,0,1,NOT APPLICABLE,June,20,Tuesday,5,58,Rural,Low Speed (Local),No,32.89388889,-112.03221111,Non-Intersection,Dawn,Clear,6:00am-6:59am,0,6:00am-6:59am,14,Not Applicable (Not Transported),Not Applicable (Not Transported),1,Twilight,Clear,1,0,['Driver'],['None_Used'],1,1,Valid,0.0,0.0,45.0,45.0,['Male'],0,0,3,4,3,Loose/Unpaved,Straight,Level,Lowest,No
1383,4,Arizona,40452,1,2,2,0,3,MESA,June,19,Monday,20,12,Urban,Medium Speed (Collector),No,33.42281111,-111.74789722,Non-Intersection,Dark - Lighted,Clear,Unknown,Unknown,Unknown EMS Scene Arrival Hour,Unknown EMS Scene Arrival Minutes,Not Applicable (Not Transported),Not Applicable (Not Transported),1,Dark - Lighted,Clear,0,3,[],[],0,0,Valid,0.0,1.0,56.0,22.0,"['Male', 'Male']",0,0,2,4,4,Dry,Straight,Level,Lowest,No
1384,4,Arizona,40453,0,1,1,0,2,MESA,June,23,Friday,3,47,Urban,Medium Speed (Collector),No,33.35700556,-111.85915278,Non-Intersection,Dark - Lighted,Clear,3:00am-3:59am,55,4:00am-4:59am,2,4:00am-4:59am,21,2,Dark - Lighted,Clear,2,0,"['Driver', 'Front_Passenger']","['Shoulder_Lapbelt', 'None_Used']",0,0,Invalid,0.0,0.0,44.0,44.0,['Male'],0,0,2,4,3,Dry,Straight,Level,Lowest,No
1385,4,Arizona,40454,0,2,2,0,2,PEORIA,June,23,Friday,20,47,Rural,High Speed (Arterial),No,33.80364167,-112.24061667,Simple Junction,Dark - Lighted,Clear,8:00pm-8:59pm,47,8:00pm-8:59pm,59,Not Applicable (Not Transported),Not Applicable (Not Transported),1,Dark - Lighted,Clear,1,1,['Driver'],['None_Used'],0,0,Valid,0.0,1.0,63.0,16.0,"['Female', 'Male']",0,0,5,4,5,Dry,Straight,Level,Lowest,No
1386,4,Arizona,40455,0,1,1,0,5,TUBA CITY,June,23,Friday,23,14,Rural,High Speed (Arterial),Yes,36.06445833,-111.39367222,Non-Intersection,Dark - Lighted,Clear,11:00pm-11:59pm,17,11:00pm-11:59pm,33,Not Applicable (Not Transported),Not Applicable (Not Transported),1,Dark - Lighted,Clear,1,4,['Non_Standard_Risk'],['None_Used'],1,1,Valid,0.0,0.0,28.0,28.0,['Female'],0,0,3,1,1,Dry,Straight,Level,Lowest,No
1387,4,Arizona,40456,1,1,1,0,2,TUCSON,June,24,Saturday,0,13,Urban,Medium Speed (Collector),No,32.26999167,-110.96098889,Non-Intersection,Dark - Lighted,Clear,0:00am-0:59am,13,0:00am-0:59am,17,Not Applicable (Not Transported),Not Applicable (Not Transported),1,Dark - Lighted,Clear,0,2,[],[],1,1,Valid,0.0,1.0,26.0,26.0,['Male'],0,0,3,4,4,Dry,Straight,Level,Lowest,No
1388,4,Arizona,40457,0,1,1,0,1,CHANDLER,June,24,Saturday,8,57,Urban,Medium Speed (Collector),No,33.31415833,-111.81820833,Non-Intersection,Daylight,Clear,8:00am-8:59am,58,9:00am-9:59am,1,Not Applicable (Not Transported),Not Applicable (Not Transported),1,Daylight,Clear,1,0,['Driver'],['None_Used'],0,0,Valid,0.0,0.0,32.0,32.0,['Male'],1,0,5,3,2,Dry,Curve,Level,Lowest,No
1389,4,Arizona,40458,0,2,2,0,3,SCOTTSDALE,June,25,Sunday,18,41,Urban,High Speed (Arterial),Yes,33.57336667,-111.88894444,Non-Intersection,Daylight,Clear,6:00pm-6:59pm,41,6:00pm-6:59pm,50,Unknown,Unknown EMS Hospital Arrival Time,1,Daylight,Clear,1,2,['Driver'],['Shoulder_Lapbelt'],0,0,Valid,0.0,0.0,53.0,21.0,"['Male', 'Male']",1,0,3,4,5,Dry,Straight,Grade/Hillcrest,Lowest,No
1390,4,Arizona,40459,0,2,2,0,2,TUCSON,June,24,Saturday,17,0,Urban,Medium Speed (Collector),No,32.16321389,-111.00644167,Complex/Circle,Daylight,Clear,5:00pm-5:59pm,3,5:00pm-5:59pm,6,Not Applicable (Not Transported),Not Applicable (Not Transported),1,Daylight,Clear,1,1,['Driver'],['Shoulder_Lapbelt'],0,0,Invalid,0.0,0.0,88.0,52.0,"['Male', 'Female']",0,0,3,4,5,Dry,Straight,Level,Lowest,No
1391,4,Arizona,40460,1,1,1,0,1,PHOENIX,February,18,Saturday,1,30,Urban,Medium Speed (Collector),No,33.52142222,-112.11691944,Non-Intersection,Dark - Lighted,Clear,Unknown,Unknown,Unknown EMS Scene Arrival Hour,Unknown EMS Scene Arrival Minutes,Unknown,Unknown EMS Hospital Arrival Time,1,Dark - Lighted,Clear,0,0,[],[],0,0,Invalid,0.0,0.0,998.0,998.0,['Other'],0,0,2,1,4,Dry,Straight,Level,Lowest,No
1392,4,Arizona,40461,0,2,2,0,2,PHOENIX,February,18,Saturday,19,15,Urban,High Speed (Arterial),Yes,33.63935278,-112.03094722,Non-Intersection,Dark - Lighted,Clear,7:00pm-7:59pm,18,7:00pm-7:59pm,22,7:00pm-7:59pm,40,1,Dark - Lighted,Clear,1,1,['Driver'],['None_Used'],0,0,Valid,0.0,0.0,52.0,36.0,"['Female', 'Male']",0,0,5,4,5,Dry,Straight,Non-Trafficway,Lowest,No
1393,4,Arizona,40462,0,1,1,0,1,PAYSON,June,25,Sunday,22,15,Rural,High Speed (Arterial),Yes,34.26713889,-111.19083056,Non-Intersection,Dark - Not Lighted,Clear,10:00pm-10:59pm,21,10:00pm-10:59pm,35,11:00pm-11:59pm,45,1,Dark - Unlighted,Clear,1,0,['Driver'],['Shoulder_Lapbelt'],1,1,Valid,0.0,0.0,29.0,29.0,['Male'],1,0,3,4,3,Dry,Straight,Level,Lowest,No
1394,4,Arizona,40463,1,1,1,0,1,PHOENIX,June,27,Tuesday,0,49,Urban,Medium Speed (Collector),No,33.492025,-112.15175,Non-Intersection,Dark - Lighted,Clear,Unknown,Unknown,Unknown EMS Scene Arrival Hour,Unknown EMS Scene Arrival Minutes,Not Applicable (Not Transported),Not Applicable (Not Transported),1,Dark - Lighted,Clear,0,1,[],[],0,0,Valid,0.0,1.0,21.0,21.0,['Female'],0,0,3,3,4,Dry,Straight,Level,Lowest,No
1395,4,Arizona,40464,1,3,3,0,4,PHOENIX,June,26,Monday,4,15,Urban,Medium Speed (Collector),No,33.48026111,-112.04763056,Complex/Circle,Dark - Lighted,Clear,Unknown,Unknown,Unknown EMS Scene Arrival Hour,Unknown EMS Scene Arrival Minutes,Unknown,Unknown EMS Hospital Arrival Time,1,Dark - Lighted,Clear,0,4,[],[],0,0,Valid,0.0,0.0,59.0,42.0,"['Male', 'Female', 'Male']",0,0,3,4,5,Dry,Straight,Level,Lowest,No
1396,4,Arizona,40465,0,2,2,0,4,PHOENIX,February,22,Wednesday,17,30,Urban,Medium Speed (Collector),No,33.35591111,-112.10049444,Complex/Circle,Reported as Unknown,Reported as Unknown,Unknown,Unknown,Unknown EMS Scene Arrival Hour,Unknown EMS Scene Arrival Minutes,Unknown,Unknown EMS Hospital Arrival Time,1,Dark - Unlighted,Clear,1,3,['Driver'],['Shoulder_Lapbelt'],0,0,Invalid,0.0,0.0,998.0,58.0,"['Other', 'Male']",1,0,1,0,5,Dry,Straight,Level,Lowest,No
1397,4,Arizona,40466,0,1,1,0,1,CHANDLER,February,25,Saturday,19,2,Urban,Medium Speed (Collector),No,33.30979444,-111.94033056,Simple Junction,Not Reported,Not Reported,Unknown,Unknown,Unknown EMS Scene Arrival Hour,Unknown EMS Scene Arrival Minutes,Unknown,Unknown EMS Hospital Arrival Time,1,Dark - Unlighted,Clear,1,0,['Driver'],['None_Used'],0,0,Valid,0.0,1.0,36.0,36.0,['Male'],1,0,5,0,3,Dry,Curve,Level,Lowest,No
1398,4,Arizona,40467,1,2,2,0,2,CHANDLER,February,28,Tuesday,21,22,Urban,High Speed (Arterial),No,33.57213611,-112.05974722,Non-Intersection,Dark - Lighted,Clear,Unknown,Unknown,Unknown EMS Scene Arrival Hour,Unknown EMS Scene Arrival Minutes,Unknown,Unknown EMS Hospital Arrival Time,1,Dark - Lighted,Clear,0,2,[],[],0,0,Valid,0.0,0.0,76.0,75.0,"['Female', 'Male']",0,0,3,1,4,Dry,Straight,Level,Lowest,No
1399,4,Arizona,40468,1,1,1,0,1,GLENDALE,June,27,Tuesday,2,30,Urban,High Speed (Arterial),No,33.55304722,-112.16904444,Complex/Circle,Dark - Lighted,Clear,2:00am-2:59am,26,2:00am-2:59am,31,2:00am-2:59am,47,1,Dark - Lighted,Clear,0,1,[],[],0,0,Valid,0.0,2.0,28.0,28.0,['Female'],0,0,2,3,4,Dry,Straight,Level,Lowest,No
1400,4,Arizona,40469,0,1,1,0,2,PAULDEN,March,17,Friday,20,41,Rural,Medium Speed (Collector),No,34.89543611,-112.47761111,Non-Intersection,Dark - Lighted,Clear,Unknown,Unknown,Unknown EMS Scene Arrival Hour,Unknown EMS Scene Arrival Minutes,Unknown,Unknown EMS Hospital Arrival Time,1,Dark - Lighted,Clear,1,1,['Driver'],['None_Used'],1,1,Valid,0.0,0.0,39.0,39.0,['Male'],2,0,5,1,2,Dry,Curve,Level,Lowest,No
1401,4,Arizona,40470,0,2,2,0,3,TUCSON,May,27,Saturday,21,53,Urban,High Speed (Arterial),No,32.250725,-110.88400278,Complex/Circle,Dark - Lighted,Clear,9:00pm-9:59pm,55,10:00pm-10:59pm,17,Not Applicable (Not Transported),Not Applicable (Not Transported),1,Dark - Lighted,Clear,1,2,['Front_Passenger'],['Shoulder_Lapbelt'],1,1,Invalid,0.0,2.0,50.0,27.0,"['Female', 'Female']",0,0,3,4,5,Dry,Straight,Level,Lowest,No
1402,4,Arizona,40472,0,2,2,0,2,TEMPE,March,3,Friday,17,30,Urban,Medium Speed (Collector),No,33.42203333,-111.91764722,Complex/Circle,Daylight,Clear,5:00pm-5:59pm,31,5:00pm-5:59pm,35,5:00pm-5:59pm,52,1,Daylight,Clear,1,1,['Driver'],['None_Used'],0,0,Invalid,0.0,2.0,36.0,24.0,"['Female', 'Male']",0,0,5,4,5,Dry,Straight,Level,Lowest,No