,State_Code,State_Name,Crash_ID,Count_Non_Motorists,Count_Vehicles_Total,Count_Vehicle_Forms,Count_PVH_Involved,Count_Occupants_MV,City_Name,Month_Name,Day_of_Month,Day_of_Week,Crash_Hour,Crash_Minute,Area_Rural_Urban,Road_Functional_Class,On_NHS_Road,Latitude,Longitude,Intersection_Type,Light_Condition,Weather_Condition,Notif_Hour,Notif_Minute,Arrival_Hour,Arrival_Minute,Hospital_Hour,Hospital_Minute,Fatalities_Count,Clean_Light_Condition,Clean_Weather_Condition,Total_Killed,Total_Alive,Fatal_Seats_List,Killed_Restraint_List,Any_Driver_Drinking,Total_Drinking_Drivers,Driver_License_Category,Driver_Max_Prev_Accident_Count,Driver_Max_Prev_Speeding_Count,Max_Driver_Age,Min_Driver_Age,Driver_Sex_List,Total_Exceeding_Limit_Vehicles,Total_Too_Fast_Vehicles,Max_Vehicle_Type_Severity_5,Max_Vehicle_Damage_Rank,Max_Harmful_Event_Severity,Crash_Road_Surface_Condition,Crash_Horizontal_Alignment,Crash_Vertical_Profile,Crash_Impairment_Category,Crash_Vehicle_Defect
1529,4,Arizona,40602,0,1,1,0,1,TUCSON,August,15,Tuesday,1,53,Rural,High Speed (Arterial),Yes,31.85132778,-110.99458611,Complex/Circle,Dark - Lighted,Clear,1:00am-1:59am,57,2:00am-2:59am,4,Not Applicable (Not Transported),Not Applicable (Not Transported),1,Dark - Lighted,Clear,1,0,['Driver'],['Shoulder_Lapbelt'],0,0,Valid,0.0,1.0,38.0,38.0,['Female'],1,0,3,4,3,Dry,Straight,Level,Lowest,No
1530,4,Arizona,40603,0,2,2,0,2,CHAMBERS,August,17,Thursday,5,39,Rural,Medium Speed (Collector),No,35.43596111,-109.52288611,Non-Intersection,Daylight,Cloudy,5:00am-5:59am,39,6:00am-6:59am,6,Unknown,Unknown EMS Hospital Arrival Time,1,Daylight,Reduced Visibility,1,1,['Driver'],['Shoulder_Lapbelt'],0,0,Valid,0.0,0.0,70.0,58.0,"['Female', 'Male']",0,0,3,4,5,Dry,Curve,Grade/Hillcrest,Lowest,Yes
1532,4,Arizona,40606,0,2,2,0,2,SANDERS,August,18,Friday,7,20,Rural,High Speed (Arterial),Yes,35.03395,-109.82780278,Non-Intersection,Daylight,Clear,7:00am-7:59am,35,7:00am-7:59am,50,9:00am-9:59am,16,1,Daylight,Clear,1,1,['Driver'],['None_Used'],0,0,Invalid,0.0,1.0,76.0,37.0,"['Male', 'Male']",1,0,4,4,5,Dry,Straight,Level,Medium,No
1533,4,Arizona,40607,0,2,2,0,3,FLAGSTAFF,August,21,Monday,9,9,Urban,High Speed (Arterial),Yes,35.20106389,-111.60882778,Non-Intersection,Daylight,Rain,9:00am-9:59am,10,9:00am-9:59am,17,Not Applicable (Not Transported),Not Applicable (Not Transported),1,Daylight,Rain/Wind/Minor,1,2,['Driver'],['None_Used'],0,0,Valid,0.0,0.0,49.0,43.0,"['Male', 'Male']",2,0,4,4,3,Wet/Standing Water,Straight,Level,Lowest,Yes
1534,4,Arizona,40608,0,2,2,0,2,TUCSON,August,21,Monday,20,5,Rural,Medium Speed (Collector),No,32.4439,-111.30425,Non-Intersection,Dark - Not Lighted,Cloudy,8:00pm-8:59pm,2,8:00pm-8:59pm,3,8:00pm-8:59pm,45,1,Dark - Unlighted,Reduced Visibility,1,1,['Driver'],['Shoulder_Lapbelt'],1,1,Valid,0.0,0.0,76.0,60.0,"['Male', 'Male']",0,0,2,4,5,Wet/Standing Water,Straight,Level,Lowest,No
1535,4,Arizona,40609,0,2,2,0,2,TUCSON,August,23,Wednesday,12,38,Urban,High Speed (Arterial),Yes,32.08985278,-110.81834167,Non-Intersection,Daylight,Clear,12:00pm-12:59pm,45,12:00pm-12:59pm,50,Unknown,Unknown EMS Hospital Arrival Time,1,Daylight,Clear,1,1,['Driver'],['Shoulder_Lapbelt'],0,0,Valid,0.0,0.0,82.0,22.0,"['Male', 'Male']",0,0,3,4,5,Dry,Straight,Level,Medium,No
1536,4,Arizona,40610,0,2,2,0,4,PHOENIX,February,26,Sunday,13,7,Urban,Medium Speed (Collector),No,33.65458056,-112.09156111,Complex/Circle,Daylight,Clear,Unknown,Unknown,Unknown EMS Scene Arrival Hour,Unknown EMS Scene Arrival Minutes,Unknown,Unknown EMS Hospital Arrival Time,1,Daylight,Clear,1,3,['Driver'],['None_Used'],0,0,Invalid,0.0,2.0,28.0,23.0,"['Male', 'Male']",3,0,2,4,5,Dry,Straight,Level,Lowest,No
1537,4,Arizona,40611,0,2,2,0,3,STANFIELD,April,10,Monday,10,6,Rural,Medium Speed (Collector),No,32.93721389,-111.9974,Non-Intersection,Daylight,Clear,10:00am-10:59am,16,10:00am-10:59am,52,Unknown,Unknown EMS Hospital Arrival Time,1,Daylight,Clear,1,2,['Driver'],['None_Used'],0,0,Valid,0.0,2.0,23.0,19.0,"['Female', 'Male']",1,0,2,4,5,Dry,Straight,Level,Medium,No
1538,4,Arizona,40612,1,3,3,0,3,PHOENIX,May,29,Monday,22,5,Urban,High Speed (Arterial),Yes,33.42681389,-112.03244722,Non-Intersection,Dark - Lighted,Clear,10:00pm-10:59pm,15,10:00pm-10:59pm,25,Not Applicable (Not Transported),Not Applicable (Not Transported),1,Dark - Lighted,Clear,0,3,[],[],0,0,Valid,0.0,0.0,68.0,30.0,"['Male', 'Male', 'Male']",0,0,4,2,4,Dry,Curve,Grade/Hillcrest,Lowest,No
1539,4,Arizona,40613,0,2,2,0,3,TEMPE,June,17,Saturday,15,54,Urban,Medium Speed (Collector),No,33.42201111,-111.91646667,Non-Intersection,Daylight,Clear,3:00pm-3:59pm,54,4:00pm-4:59pm,0,4:00pm-4:59pm,22,1,Daylight,Clear,1,2,['Driver'],['Shoulder_Lapbelt'],0,0,Invalid,0.0,0.0,43.0,20.0,"['Male', 'Female']",2,0,2,4,5,Dry,Straight,Level,Lowest,No
1540,4,Arizona,40614,0,2,2,0,2,PHOENIX,June,19,Monday,11,25,Urban,Medium Speed (Collector),No,33.49467778,-112.237875,Non-Intersection,Daylight,Clear,Unknown,Unknown,Unknown EMS Scene Arrival Hour,Unknown EMS Scene Arrival Minutes,Unknown,Unknown EMS Hospital Arrival Time,1,Daylight,Clear,1,1,['Driver'],['None_Used'],0,0,Invalid,0.0,1.0,54.0,27.0,"['Male', 'Male']",0,0,5,4,5,Dry,Straight,Non-Trafficway,Lowest,No
1541,4,Arizona,40615,0,3,3,0,4,PHOENIX,July,7,Friday,15,0,Urban,High Speed (Arterial),No,33.65931944,-111.92935278,Non-Intersection,Daylight,Clear,3:00pm-3:59pm,2,3:00pm-3:59pm,6,Not Applicable (Not Transported),Not Applicable (Not Transported),1,Daylight,Clear,1,3,['Driver'],['None_Used'],0,0,Valid,0.0,0.0,66.0,36.0,"['Male', 'Male', 'Female']",0,0,5,4,5,Dry,Straight,Level,Lowest,No
1542,4,Arizona,40616,0,2,2,0,2,TUCSON,July,9,Sunday,2,1,Urban,Medium Speed (Collector),No,32.15289167,-110.94340556,Complex/Circle,Dark - Lighted,Clear,2:00am-2:59am,1,2:00am-2:59am,8,Unknown,Unknown EMS Hospital Arrival Time,1,Dark - Lighted,Clear,1,1,['Driver'],['None_Used'],1,1,Valid,0.0,0.0,33.0,22.0,"['Male', 'Male']",0,0,3,4,5,Dry,Straight,Level,Lowest,No
1543,4,Arizona,40617,0,1,1,0,1,PEORIA,July,23,Sunday,23,23,Urban,High Speed (Arterial),No,33.552475,-112.26727222,Non-Intersection,Dark - Lighted,Clear,11:00pm-11:59pm,40,11:00pm-11:59pm,48,Not Applicable (Not Transported),Not Applicable (Not Transported),1,Dark - Lighted,Clear,1,0,['Driver'],['Shoulder_Lapbelt'],1,1,Valid,0.0,0.0,61.0,61.0,['Male'],1,0,2,4,3,Dry,Straight,Level,Lowest,No
1544,4,Arizona,40618,0,2,2,0,2,SURPRISE,July,28,Friday,14,17,Urban,Medium Speed (Collector),No,33.64961389,-112.33739167,Complex/Circle,Daylight,Clear,2:00pm-2:59pm,17,2:00pm-2:59pm,23,2:00pm-2:59pm,50,1,Daylight,Clear,1,1,['Driver'],['None_Used'],1,1,Valid,0.0,0.0,94.0,57.0,"['Female', 'Male']",0,0,5,4,5,Dry,Straight,Level,Lowest,No
1545,4,Arizona,40619,0,2,2,0,2,SALOME,August,4,Friday,9,58,Rural,Medium Speed (Collector),No,33.75124167,-113.67090556,Non-Intersection,Daylight,Clear,10:00am-10:59am,6,10:00am-10:59am,20,Not Applicable (Not Transported),Not Applicable (Not Transported),1,Daylight,Clear,1,1,['Driver'],['Shoulder_Lapbelt'],0,0,Valid,0.0,0.0,79.0,60.0,"['Male', 'Male']",0,0,4,4,5,Dry,Curve,Grade/Hillcrest,Lowest,No
1546,4,Arizona,40620,1,1,1,0,3,GLENDALE,August,11,Friday,21,30,Urban,Medium Speed (Collector),No,33.52336111,-112.22863889,Simple Junction,Dark - Not Lighted,Clear,9:00pm-9:59pm,30,9:00pm-9:59pm,35,9:00pm-9:59pm,50,1,Dark - Unlighted,Clear,0,3,[],[],0,0,Valid,0.0,0.0,44.0,44.0,['Female'],0,0,3,2,4,Dry,Straight,Level,Lowest,No
1547,4,Arizona,40621,0,3,3,0,3,PHOENIX,August,12,Saturday,3,17,Urban,High Speed (Arterial),Yes,33.436575,-112.16918611,Complex/Circle,Dark - Lighted,Clear,Unknown,Unknown,Unknown EMS Scene Arrival Hour,Unknown EMS Scene Arrival Minutes,Unknown,Unknown EMS Hospital Arrival Time,1,Dark - Lighted,Clear,1,2,['Driver'],['Shoulder_Lapbelt'],1,1,Valid,0.0,0.0,63.0,28.0,"['Male', 'Male', 'Male']",1,0,3,4,5,Dry,Straight,Level,Lowest,No
1548,4,Arizona,40623,1,1,1,0,1,TUCSON,August,20,Sunday,5,49,Urban,Medium Speed (Collector),No,32.17013333,-110.97765833,Non-Intersection,Daylight,Clear,5:00am-5:59am,48,5:00am-5:59am,53,Not Applicable (Not Transported),Not Applicable (Not Transported),1,Daylight,Clear,0,1,[],[],1,1,Invalid,0.0,0.0,22.0,22.0,['Male'],0,0,2,4,4,Dry,Straight,Level,Lowest,No
1549,4,Arizona,40624,0,2,2,0,7,FLAGSTAFF,August,20,Sunday,9,12,Urban,High Speed (Arterial),Yes,35.17453056,-111.66824167,Non-Intersection,Daylight,Cloudy,9:00am-9:59am,13,9:00am-9:59am,17,Unknown,Unknown EMS Hospital Arrival Time,2,Daylight,Reduced Visibility,2,5,"['Front_Passenger', 'Front_Passenger']","['Shoulder_Lapbelt', 'Shoulder_Lapbelt']",0,0,Valid,0.0,0.0,40.0,26.0,"['Male', 'Male']",0,0,4,4,5,Dry,Straight,Grade/Hillcrest,Lowest,No
1550,4,Arizona,40625,0,2,2,0,2,PHOENIX,October,2,Monday,16,13,Urban,Medium Speed (Collector),No,33.47647222,-112.10003333,Simple Junction,Daylight,Clear,Unknown,Unknown,Unknown EMS Scene Arrival Hour,Unknown EMS Scene Arrival Minutes,Unknown,Unknown EMS Hospital Arrival Time,1,Daylight,Clear,1,1,['Driver'],['Shoulder_Lapbelt'],0,0,Valid,0.0,0.0,82.0,30.0,"['Male', 'Female']",0,0,3,4,5,Dry,Straight,Level,Lowest,No
1551,4,Arizona,40626,0,6,6,0,5,TEMPE,August,21,Monday,5,10,Urban,High Speed (Arterial),Yes,33.43606389,-111.90782778,Non-Intersection,Dark - Lighted,Rain,5:00am-5:59am,17,5:00am-5:59am,35,Not Applicable (Not Transported),Not Applicable (Not Transported),1,Dark - Lighted,Rain/Wind/Minor,1,4,['Driver'],['None_Used'],0,0,Valid,0.0,0.0,67.0,20.0,"['Male', 'Male', 'Male', 'Female', 'Male']",0,0,5,4,5,Wet/Standing Water,Straight,Level,Lowest,Yes
1552,4,Arizona,40627,0,3,3,0,4,CAMERON,June,2,Friday,15,7,Rural,High Speed (Arterial),Yes,35.91054444,-111.40400278,Non-Intersection,Daylight,Cloudy,3:00pm-3:59pm,8,3:00pm-3:59pm,31,Not Applicable (Not Transported),Not Applicable (Not Transported),1,Daylight,Reduced Visibility,1,3,['Driver'],['None_Used'],0,0,Valid,0.0,0.0,62.0,18.0,"['Male', 'Male', 'Male']",0,0,5,4,5,Dry,Straight,Level,Lowest,No
1553,4,Arizona,40628,0,2,2,0,3,TUCSON,September,2,Saturday,2,16,Urban,High Speed (Arterial),No,32.25034167,-110.97190556,Complex/Circle,Dark - Lighted,Clear,2:00am-2:59am,16,2:00am-2:59am,23,Unknown,Unknown EMS Hospital Arrival Time,1,Dark - Lighted,Clear,1,2,['Driver'],['Shoulder_Lapbelt'],1,1,Valid,0.0,3.0,37.0,26.0,"['Male', 'Male']",2,0,4,4,5,Dry,Straight,Level,Lowest,No
1554,4,Arizona,40629,0,2,2,0,2,SACATON,September,7,Thursday,18,50,Rural,Medium Speed (Collector),No,33.15975278,-111.78069444,Non-Intersection,Dusk,Clear,6:00pm-6:59pm,52,6:00pm-6:59pm,55,Not Applicable (Not Transported),Not Applicable (Not Transported),1,Twilight,Clear,1,1,['Driver'],['Shoulder_Lapbelt'],0,0,Invalid,0.0,0.0,25.0,24.0,"['Female', 'Male']",0,0,4,4,3,Dry,Straight,Level,Lowest,No
1555,4,Arizona,40630,0,3,3,0,3,HOLBROOK,September,10,Sunday,13,42,Rural,Medium Speed (Collector),No,34.79201111,-110.21867778,Non-Intersection,Daylight,Cloudy,1:00pm-1:59pm,46,1:00pm-1:59pm,58,Not Applicable (Not Transported),Not Applicable (Not Transported),1,Daylight,Reduced Visibility,1,2,['Driver'],['None_Used'],0,0,Valid,0.0,0.0,68.0,55.0,"['Male', 'Female', 'Male']",0,0,5,4,5,Dry,Straight,Level,Lowest,No
1556,4,Arizona,40631,0,2,2,0,2,GLENDALE,September,11,Monday,18,1,Urban,High Speed (Arterial),No,33.54899722,-112.26976944,Non-Intersection,Daylight,Clear,6:00pm-6:59pm,9,6:00pm-6:59pm,11,6:00pm-6:59pm,31,1,Daylight,Clear,1,1,['Driver'],['None_Used'],0,0,Valid,0.0,3.0,57.0,25.0,"['Male', 'Male']",1,0,5,4,5,Dry,Straight,Grade/Hillcrest,Lowest,No
1558,4,Arizona,40633,0,2,2,0,7,TUCSON,September,23,Saturday,3,24,Urban,High Speed (Arterial),No,32.25047778,-110.91831111,Complex/Circle,Dark - Lighted,Clear,3:00am-3:59am,24,3:00am-3:59am,29,3:00am-3:59am,46,3,Dark - Lighted,Clear,3,3,"['Front_Passenger', 'Driver', 'Front_Passenger']","['Shoulder_Lapbelt', 'Shoulder_Lapbelt', 'Shoulder_Lapbelt']",0,0,Valid,0.0,1.0,31.0,19.0,"['Male', 'Male']",5,0,2,4,5,Dry,Straight,Level,Lowest,No
1559,4,Arizona,40634,1,1,1,0,1,TUCSON,September,26,Tuesday,4,19,Urban,High Speed (Arterial),Yes,32.13379444,-110.98628611,Complex/Circle,Dark - Lighted,Clear,4:00am-4:59am,26,4:00am-4:59am,26,Not Applicable (Not Transported),Not Applicable (Not Transported),1,Dark - Lighted,Clear,0,0,[],[],0,0,Invalid,0.0,0.0,998.0,998.0,['Other'],0,0,1,0,4,Dry,Straight,Level,Lowest,No
1560,4,Arizona,40635,1,1,1,0,1,AVONDALE,July,24,Monday,4,59,Urban,Medium Speed (Collector),No,33.43691389,-112.06447222,Non-Intersection,Dark - Not Lighted,Clear,4:00am-4:59am,59,5:00am-5:59am,5,5:00am-5:59am,45,1,Dark - Unlighted,Clear,0,1,[],[],0,0,Invalid,0.0,0.0,998.0,998.0,['Other'],0,0,1,0,4,Dry,Straight,Level,Lowest,No
1561,4,Arizona,40636,0,1,1,0,4,BENSON,July,26,Wednesday,14,50,Rural,Medium Speed (Collector),No,31.95411667,-110.28605278,Non-Intersection,Daylight,Clear,2:00pm-2:59pm,56,3:00pm-3:59pm,1,3:00pm-3:59pm,41,1,Daylight,Clear,1,2,['Front_Passenger'],['None_Used'],0,0,Invalid,0.0,0.0,998.0,998.0,['Male'],4,0,3,4,3,Dry,Straight,Level,Lowest,No
1562,4,Arizona,40637,0,3,3,0,5,PHOENIX,March,5,Sunday,7,45,Urban,Medium Speed (Collector),No,33.408425,-112.20413889,Complex/Circle,Daylight,Clear,Unknown,Unknown,Unknown EMS Scene Arrival Hour,Unknown EMS Scene Arrival Minutes,Unknown,Unknown EMS Hospital Arrival Time,1,Daylight,Clear,1,4,['Front_Passenger'],['Shoulder_Lapbelt'],0,0,Valid,0.0,0.0,71.0,21.0,"['Male', 'Female', 'Male']",0,0,3,4,5,Dry,Straight,Level,Lowest,No
1564,4,Arizona,40639,0,3,3,0,6,CHANDLER,March,8,Wednesday,16,43,Urban,Medium Speed (Collector),No,77.7777,777.7777,Complex/Circle,Not Reported,Not Reported,Unknown,Unknown,Unknown EMS Scene Arrival Hour,Unknown EMS Scene Arrival Minutes,Unknown,Unknown EMS Hospital Arrival Time,1,Dark - Unlighted,Clear,1,5,['Front_Passenger'],['Shoulder_Lapbelt'],0,0,Valid,0.0,0.0,69.0,46.0,"['Male', 'Female', 'Female']",0,0,3,1,5,Dry,Straight,Level,Lowest,No
1565,4,Arizona,40640,1,1,1,0,1,PHOENIX,August,10,Thursday,21,55,Urban,High Speed (Arterial),Yes,33.67316389,-111.98666667,Non-Intersection,Dark - Lighted,Clear,9:00pm-9:59pm,57,10:00pm-10:59pm,2,Not Applicable (Not Transported),Not Applicable (Not Transported),1,Dark - Lighted,Clear,0,1,[],[],0,0,Valid,0.0,0.0,27.0,27.0,['Male'],0,0,2,3,4,Dry,Straight,Level,Lowest,No
1566,4,Arizona,40641,0,2,2,0,3,PHOENIX,April,1,Saturday,21,5,Urban,Medium Speed (Collector),No,33.48038611,-112.08298056,Complex/Circle,Dark - Lighted,Clear,Unknown,Unknown,Unknown EMS Scene Arrival Hour,Unknown EMS Scene Arrival Minutes,Unknown,Unknown EMS Hospital Arrival Time,1,Dark - Lighted,Clear,1,2,['Driver'],['None_Used'],0,0,Valid,0.0,0.0,32.0,31.0,"['Male', 'Male']",0,0,5,4,5,Dry,Straight,Level,Lowest,No
1568,4,Arizona,40643,0,3,3,0,3,PHOENIX,April,1,Saturday,23,0,Urban,Medium Speed (Collector),No,33.65470833,-112.13454444,Complex/Circle,Dark - Lighted,Clear,Unknown,Unknown,Unknown EMS Scene Arrival Hour,Unknown EMS Scene Arrival Minutes,Unknown,Unknown EMS Hospital Arrival Time,1,Dark - Lighted,Clear,1,2,['Driver'],['Shoulder_Lapbelt'],0,0,Valid,0.0,2.0,60.0,17.0,"['Male', 'Male', 'Male']",0,0,3,4,5,Dry,Straight,Level,Lowest,No
1569,4,Arizona,40644,0,1,1,0,1,SNOWFLAKE,April,4,Tuesday,16,38,Rural,High Speed (Arterial),Yes,34.55444444,-110.08065556,Non-Intersection,Daylight,Clear,Unknown,Unknown,Unknown EMS Scene Arrival Hour,Unknown EMS Scene Arrival Minutes,Unknown,Unknown EMS Hospital Arrival Time,1,Daylight,Clear,1,0,['Driver'],['None_Used'],1,1,Invalid,0.0,0.0,27.0,27.0,['Male'],1,0,3,4,3,Dry,Straight,Level,Lowest,No
1570,4,Arizona,40645,0,2,2,0,2,SIERRA VISTA,June,1,Thursday,10,24,Urban,Medium Speed (Collector),No,31.49638611,-110.25745,Complex/Circle,Daylight,Clear,10:00am-10:59am,24,10:00am-10:59am,28,Unknown,Unknown EMS Hospital Arrival Time,2,Daylight,Clear,2,0,"['Driver', 'Driver']","['Shoulder_Lapbelt', 'Shoulder_Lapbelt']",0,0,Valid,0.0,0.0,71.0,35.0,"['Female', 'Male']",0,0,3,4,5,Dry,Straight,Level,Lowest,No
1571,4,Arizona,40646,0,1,1,0,1,SURPRISE,July,17,Monday,22,5,Urban,Medium Speed (Collector),No,33.595125,-112.46791944,Non-Intersection,Dark - Not Lighted,Clear,0:00am-0:59am,0,0:00am-0:59am,0,Not Applicable (Not Transported),Not Applicable (Not Transported),1,Dark - Unlighted,Clear,1,0,['Driver'],['None_Used'],1,1,Valid,0.0,0.0,41.0,41.0,['Male'],0,0,5,4,2,Dry,Straight,Level,Lowest,No
1572,4,Arizona,40647,1,1,1,0,1,PHOENIX,November,1,Wednesday,5,36,Urban,High Speed (Arterial),Yes,33.61072778,-112.11977778,Complex/Circle,Dark - Lighted,Clear,Unknown,Unknown,Unknown EMS Scene Arrival Hour,Unknown EMS Scene Arrival Minutes,Unknown,Unknown EMS Hospital Arrival Time,1,Dark - Lighted,Clear,0,1,[],[],0,0,Valid,0.0,0.0,59.0,59.0,['Female'],0,0,3,2,4,Dry,Straight,Level,Lowest,No
1573,4,Arizona,40648,0,2,2,0,4,MIAMI,November,2,Thursday,9,5,Urban,High Speed (Arterial),Yes,33.3803,-110.89984722,Non-Intersection,Daylight,Clear,9:00am-9:59am,10,9:00am-9:59am,13,9:00am-9:59am,41,2,Daylight,Clear,2,2,"['Front_Passenger', 'Rear_Seat']","['None_Used', 'Shoulder_Lapbelt']",0,0,Valid,0.0,0.0,70.0,20.0,"['Male', 'Female']",0,0,2,4,5,Dry,Curve,Grade/Hillcrest,Lowest,No
1574,4,Arizona,40649,0,2,2,0,3,TUCSON,July,24,Monday,5,9,Urban,High Speed (Arterial),Yes,32.14164167,-110.87503056,Simple Junction,Daylight,Clear,5:00am-5:59am,9,5:00am-5:59am,15,Unknown,Unknown EMS Hospital Arrival Time,1,Daylight,Clear,1,1,['Driver'],['None_Used'],0,0,Valid,0.0,0.0,35.0,29.0,"['Male', 'Male']",0,0,5,4,5,Dry,Straight,Grade/Hillcrest,Lowest,No
1575,4,Arizona,40650,0,2,2,0,3,PEORIA,November,4,Saturday,20,0,Urban,Medium Speed (Collector),No,33.55320278,-112.27251667,Non-Intersection,Dark - Lighted,Clear,8:00pm-8:59pm,1,8:00pm-8:59pm,15,8:00pm-8:59pm,28,1,Dark - Lighted,Clear,1,2,['Driver'],['None_Used'],0,0,Valid,0.0,2.0,44.0,20.0,"['Male', 'Male']",0,0,5,4,5,Dry,Straight,Level,Lowest,No
1577,4,Arizona,40652,0,2,2,0,2,PHOENIX,November,10,Friday,6,22,Urban,Medium Speed (Collector),No,33.68381944,-112.11818056,Non-Intersection,Daylight,Clear,Unknown,Unknown,Unknown EMS Scene Arrival Hour,Unknown EMS Scene Arrival Minutes,Unknown,Unknown EMS Hospital Arrival Time,1,Daylight,Clear,1,1,['Driver'],['None_Used'],0,0,Valid,0.0,1.0,60.0,46.0,"['Male', 'Female']",0,0,3,4,5,Dry,Straight,Level,Lowest,No
1578,4,Arizona,40653,0,2,2,0,2,NOT APPLICABLE,November,10,Friday,15,47,Rural,Medium Speed (Collector),No,32.98320278,-111.928625,Non-Intersection,Daylight,Clear,3:00pm-3:59pm,12,3:00pm-3:59pm,17,4:00pm-4:59pm,0,1,Daylight,Clear,1,1,['Driver'],['None_Used'],0,0,Valid,0.0,0.0,44.0,33.0,"['Male', 'Male']",0,0,4,4,5,Dry,Straight,Level,Lowest,No
1579,4,Arizona,40654,2,2,2,0,4,CHANDLER,November,11,Saturday,10,34,Urban,Medium Speed (Collector),No,33.32048889,-111.88953056,Complex/Circle,Daylight,Clear,10:00am-10:59am,36,10:00am-10:59am,40,10:00am-10:59am,58,1,Daylight,Clear,0,4,[],[],0,0,Valid,0.0,0.0,42.0,28.0,"['Female', 'Female']",0,0,3,4,5,Dry,Straight,Level,Lowest,No
1580,4,Arizona,40655,0,2,2,0,2,PHOENIX,November,14,Tuesday,16,13,Urban,Medium Speed (Collector),No,33.50760833,-112.13410556,Simple Junction,Daylight,Clear,Unknown,Unknown,Unknown EMS Scene Arrival Hour,Unknown EMS Scene Arrival Minutes,Unknown,Unknown EMS Hospital Arrival Time,1,Daylight,Clear,1,1,['Driver'],['None_Used'],0,0,Valid,0.0,0.0,79.0,52.0,"['Male', 'Male']",0,0,5,4,5,Dry,Straight,Level,Lowest,No
1581,4,Arizona,40656,0,1,1,0,2,KAYENTA,November,15,Wednesday,5,56,Rural,High Speed (Arterial),Yes,36.77780833,-110.00646667,Non-Intersection,Dark - Not Lighted,Cloudy,5:00am-5:59am,57,6:00am-6:59am,20,Unknown,Unknown EMS Hospital Arrival Time,1,Dark - Unlighted,Reduced Visibility,1,1,['Driver'],['None_Used'],1,1,Invalid,0.0,0.0,34.0,34.0,['Male'],0,0,3,4,3,Dry,Straight,Level,Lowest,No
1582,4,Arizona,40657,1,1,1,0,1,PHOENIX,November,23,Thursday,18,23,Urban,Medium Speed (Collector),No,33.48038333,-112.03357778,Non-Intersection,Dark - Lighted,Clear,6:00pm-6:59pm,24,6:00pm-6:59pm,26,6:00pm-6:59pm,40,1,Dark - Lighted,Clear,0,1,[],[],0,0,Valid,0.0,0.0,18.0,18.0,['Male'],0,0,2,2,4,Dry,Straight,Level,Lowest,No
1583,4,Arizona,40658,0,1,1,0,2,PHOENIX,September,15,Friday,4,25,Urban,High Speed (Arterial),Yes,33.46223333,-112.031775,Non-Intersection,Dark - Lighted,Clear,4:00am-4:59am,39,4:00am-4:59am,47,5:00am-5:59am,1,1,Dark - Lighted,Clear,1,1,['Driver'],['None_Used'],1,1,Invalid,0.0,0.0,52.0,52.0,['Male'],0,0,2,4,3,Dry,Straight,Level,Lowest,No
1584,4,Arizona,40659,2,1,1,0,1,TEMPE,February,8,Wednesday,20,7,Urban,Medium Speed (Collector),No,33.42190278,-111.89288889,Non-Intersection,Dark - Not Lighted,Clear,Unknown,Unknown,Unknown EMS Scene Arrival Hour,Unknown EMS Scene Arrival Minutes,Unknown,Unknown EMS Hospital Arrival Time,1,Dark - Unlighted,Clear,0,1,[],[],0,0,Valid,0.0,0.0,38.0,38.0,['Female'],0,0,3,0,4,Dry,Straight,Level,Lowest,No
1585,4,Arizona,40660,0,1,1,0,2,PAGE,September,8,Friday,1,0,Rural,Medium Speed (Collector),No,36.64896111,-111.43847778,Non-Intersection,Dark - Not Lighted,Clear,1:00am-1:59am,0,1:00am-1:59am,30,Unknown,Unknown EMS Hospital Arrival Time,1,Dark - Unlighted,Clear,1,1,['Front_Passenger'],['Shoulder_Lapbelt'],0,0,Valid,0.0,0.0,58.0,58.0,['Female'],0,0,3,4,3,Dry,Straight,Level,Lowest,No
1586,4,Arizona,40661,0,1,1,0,1,FORT MCDOWELL,February,11,Saturday,12,56,Rural,Medium Speed (Collector),No,33.60911944,-111.54902778,Non-Intersection,Reported as Unknown,Not Reported,Unknown,Unknown,Unknown EMS Scene Arrival Hour,Unknown EMS Scene Arrival Minutes,Unknown,Unknown EMS Hospital Arrival Time,1,Dark - Unlighted,Clear,1,0,['Driver'],['Shoulder_Lapbelt'],0,0,Valid,0.0,0.0,86.0,86.0,['Female'],0,0,1,0,1,Dry,Straight,Level,Lowest,No
1587,4,Arizona,40662,1,1,1,0,1,TEMPE,February,18,Saturday,19,55,Urban,Low Speed (Local),No,77.7777,777.7777,Non-Intersection,Reported as Unknown,Reported as Unknown,Unknown,Unknown,Unknown EMS Scene Arrival Hour,Unknown EMS Scene Arrival Minutes,Unknown,Unknown EMS Hospital Arrival Time,1,Dark - Unlighted,Clear,0,0,[],[],0,0,Invalid,0.0,0.0,998.0,998.0,['Other'],0,0,1,0,4,Dry,Straight,Level,Lowest,No
1588,4,Arizona,40664,1,1,1,0,1,SCOTTSDALE,September,18,Monday,18,22,Urban,Medium Speed (Collector),No,33.59709722,-111.87570278,Non-Intersection,Dusk,Clear,6:00pm-6:59pm,22,6:00pm-6:59pm,27,6:00pm-6:59pm,45,1,Twilight,Clear,0,1,[],[],0,0,Valid,0.0,0.0,35.0,35.0,['Female'],0,0,2,4,4,Dry,Straight,Level,Lowest,No
1589,4,Arizona,40665,0,1,1,0,7,AK CHIN,September,18,Monday,19,43,Rural,Medium Speed (Collector),No,33.02867222,-112.11716667,Non-Intersection,Dusk,Clear,7:00pm-7:59pm,44,7:00pm-7:59pm,57,8:00pm-8:59pm,13,1,Twilight,Clear,1,6,['Rear_Seat'],['None_Used'],0,0,Valid,0.0,0.0,31.0,31.0,['Male'],0,0,3,4,3,Dry,Straight,Level,Lowest,No
1590,4,Arizona,40666,4,2,1,1,1,SNOWFLAKE,September,19,Tuesday,17,45,Urban,Low Speed (Local),No,34.51268056,-110.083975,Non-Intersection,Dusk,Clear,5:00pm-5:59pm,45,5:00pm-5:59pm,49,6:00pm-6:59pm,18,1,Twilight,Clear,0,1,[],[],0,0,Valid,0.0,0.0,18.0,18.0,['Male'],0,0,2,2,4,Dry,Straight,Level,Lowest,No