,State_Code,State_Name,Crash_ID,Count_Non_Motorists,Count_Vehicles_Total,Count_Vehicle_Forms,Count_PVH_Involved,Count_Occupants_MV,City_Name,Month_Name,Day_of_Month,Day_of_Week,Crash_Hour,Crash_Minute,Area_Rural_Urban,Road_Functional_Class,On_NHS_Road,Latitude,Longitude,Intersection_Type,Light_Condition,Weather_Condition,Notif_Hour,Notif_Minute,Arrival_Hour,Arrival_Minute,Hospital_Hour,Hospital_Minute,Fatalities_Count,Clean_Light_Condition,Clean_Weather_Condition,Total_Killed,Total_Alive,Fatal_Seats_List,Killed_Restraint_List,Any_Driver_Drinking,Total_Drinking_Drivers,Driver_License_Category,Driver_Max_Prev_Accident_Count,Driver_Max_Prev_Speeding_Count,Max_Driver_Age,Min_Driver_Age,Driver_Sex_List,Total_Exceeding_Limit_Vehicles,Total_Too_Fast_Vehicles,Max_Vehicle_Type_Severity_5,Max_Vehicle_Damage_Rank,Max_Harmful_Event_Severity,Crash_Road_Surface_Condition,Crash_Horizontal_Alignment,Crash_Vertical_Profile,Crash_Impairment_Category,Crash_Vehicle_Defect
1591,4,Arizona,40667,1,1,1,0,1,TEMPE,February,19,Sunday,9,22,Rural,Low Speed (Local),No,33.42849167,-111.86690556,Non-Intersection,Daylight,Not Reported,Unknown,Unknown,Unknown EMS Scene Arrival Hour,Unknown EMS Scene Arrival Minutes,Not Applicable (Not Transported),Not Applicable (Not Transported),1,Daylight,Clear,0,0,[],[],0,0,Invalid,0.0,0.0,998.0,998.0,['Other'],0,0,1,0,4,Dry,Straight,Level,Lowest,No
1592,4,Arizona,40668,0,2,2,0,4,TEMPE,March,12,Sunday,18,6,Urban,Medium Speed (Collector),No,33.39301667,-111.90055278,Complex/Circle,Dark - Not Lighted,Clear,6:00pm-6:59pm,6,6:00pm-6:59pm,10,Unknown,Unknown EMS Hospital Arrival Time,1,Dark - Unlighted,Clear,1,3,['Driver'],['Shoulder_Lapbelt'],0,0,Valid,0.0,2.0,37.0,21.0,"['Male', 'Female']",3,0,3,4,5,Dry,Straight,Level,Lowest,No
1593,4,Arizona,40669,1,2,2,0,2,GLENDALE,September,9,Saturday,23,49,Urban,High Speed (Arterial),Yes,33.52012222,-112.26899722,Non-Intersection,Dark - Lighted,Clear,11:00pm-11:59pm,49,11:00pm-11:59pm,53,Not Applicable (Not Transported),Not Applicable (Not Transported),1,Dark - Lighted,Clear,0,2,[],[],0,0,Valid,0.0,0.0,51.0,35.0,"['Female', 'Male']",0,0,3,4,4,Dry,Straight,Level,Lowest,No
1594,4,Arizona,40670,1,1,1,0,3,PHOENIX,March,16,Thursday,20,57,Rural,Low Speed (Local),No,33.37271944,-112.17590556,Non-Intersection,Dark - Lighted,Not Reported,Unknown,Unknown,Unknown EMS Scene Arrival Hour,Unknown EMS Scene Arrival Minutes,Not Applicable (Not Transported),Not Applicable (Not Transported),1,Dark - Lighted,Clear,0,3,[],[],0,0,Valid,0.0,0.0,36.0,36.0,['Male'],0,0,3,0,4,Dry,Straight,Level,Lowest,No
1595,4,Arizona,40671,1,1,1,0,1,CHINO VALLEY,March,17,Friday,6,3,Urban,High Speed (Arterial),Yes,34.77408056,-112.45299167,Non-Intersection,Not Reported,Not Reported,Unknown,Unknown,Unknown EMS Scene Arrival Hour,Unknown EMS Scene Arrival Minutes,Not Applicable (Not Transported),Not Applicable (Not Transported),1,Dark - Unlighted,Clear,0,0,[],[],0,0,Invalid,0.0,0.0,24.0,24.0,['Other'],0,0,1,0,4,Dry,Straight,Level,Lowest,No
1596,4,Arizona,40672,0,1,1,0,1,PHOENIX,March,18,Saturday,16,4,Urban,Medium Speed (Collector),No,33.41919167,-112.004375,Complex/Circle,Daylight,Clear,Unknown,Unknown,Unknown EMS Scene Arrival Hour,Unknown EMS Scene Arrival Minutes,Not Applicable (Not Transported),Not Applicable (Not Transported),1,Daylight,Clear,1,0,['Driver'],['None_Used'],1,1,Valid,0.0,0.0,55.0,55.0,['Male'],0,0,5,0,3,Dry,Straight,Level,Lowest,No
1597,4,Arizona,40673,0,6,6,0,6,MESA,August,23,Wednesday,12,54,Urban,Medium Speed (Collector),No,33.393275,-111.80562778,Complex/Circle,Daylight,Cloudy,12:00pm-12:59pm,54,12:00pm-12:59pm,55,Unknown,Unknown EMS Hospital Arrival Time,1,Daylight,Reduced Visibility,1,5,['Driver'],['Shoulder_Lapbelt'],0,0,Valid,0.0,0.0,56.0,22.0,"['Male', 'Female', 'Male', 'Male', 'Female', 'Male']",1,0,4,4,5,Dry,Straight,Level,Lowest,No
1598,4,Arizona,40674,1,1,1,0,1,GANADO,August,23,Wednesday,18,45,Rural,Medium Speed (Collector),No,35.78204444,-109.66265833,Non-Intersection,Dark - Not Lighted,Cloudy,6:00pm-6:59pm,51,6:00pm-6:59pm,57,Not Applicable (Not Transported),Not Applicable (Not Transported),1,Dark - Unlighted,Reduced Visibility,0,1,[],[],0,0,Valid,0.0,0.0,44.0,44.0,['Male'],0,0,3,3,4,Dry,Straight,Level,Lowest,No
1599,4,Arizona,40675,0,2,2,0,2,TEMPE,March,18,Saturday,19,17,Urban,High Speed (Arterial),Yes,77.7777,777.7777,Complex/Circle,Not Reported,Not Reported,Unknown,Unknown,Unknown EMS Scene Arrival Hour,Unknown EMS Scene Arrival Minutes,Unknown,Unknown EMS Hospital Arrival Time,1,Dark - Unlighted,Clear,1,0,['Driver'],['None_Used'],1,1,Valid,0.0,0.0,998.0,58.0,"['Male', 'Other']",0,0,5,0,5,Dry,Straight,Level,Lowest,No
1600,4,Arizona,40676,0,1,1,0,1,FLAGSTAFF,August,24,Thursday,9,15,Rural,High Speed (Arterial),Yes,35.19739722,-111.74255278,Non-Intersection,Daylight,Other,9:00am-9:59am,18,9:00am-9:59am,27,Not Applicable (Not Transported),Not Applicable (Not Transported),1,Daylight,Reduced Visibility,1,0,['Driver'],['None_Used'],0,0,Valid,0.0,0.0,86.0,86.0,['Male'],0,0,2,4,3,Wet/Standing Water,Curve,Grade/Hillcrest,Lowest,No
1601,4,Arizona,40677,1,1,1,0,1,MESA,August,24,Thursday,22,0,Urban,Medium Speed (Collector),No,33.39520833,-111.87468889,Non-Intersection,Dark - Lighted,Clear,10:00pm-10:59pm,1,10:00pm-10:59pm,12,10:00pm-10:59pm,35,1,Dark - Lighted,Clear,0,1,[],[],0,0,Valid,0.0,0.0,33.0,33.0,['Female'],0,0,2,2,4,Dry,Straight,Level,Lowest,No
1602,4,Arizona,40678,0,1,1,0,2,HEBER,August,25,Friday,13,8,Rural,Low Speed (Local),No,34.30405556,-110.74622778,Non-Intersection,Daylight,Clear,1:00pm-1:59pm,8,1:00pm-1:59pm,24,3:00pm-3:59pm,25,1,Daylight,Clear,1,1,['Driver'],['None_Used'],0,0,Valid,0.0,0.0,53.0,53.0,['Female'],0,0,5,3,3,Dry,Straight,Level,Lowest,No
1603,4,Arizona,40679,0,1,1,0,1,MARBLE CANYON,August,26,Saturday,11,0,Rural,Medium Speed (Collector),No,36.77814722,-111.69479444,Non-Intersection,Daylight,Clear,11:00am-11:59am,2,11:00am-11:59am,40,Not Applicable (Not Transported),Not Applicable (Not Transported),1,Daylight,Clear,1,0,['Driver'],['None_Used'],0,0,Valid,0.0,0.0,66.0,66.0,['Male'],0,0,5,4,3,Dry,Curve,Grade/Hillcrest,Lowest,No
1604,4,Arizona,40680,0,2,2,0,2,PHOENIX,August,27,Sunday,5,34,Urban,Medium Speed (Collector),No,33.49363611,-112.1518,Non-Intersection,Dawn,Clear,Unknown,Unknown,Unknown EMS Scene Arrival Hour,Unknown EMS Scene Arrival Minutes,Unknown,Unknown EMS Hospital Arrival Time,1,Twilight,Clear,1,1,['Driver'],['None_Used'],0,0,Valid,0.0,0.0,62.0,18.0,"['Female', 'Male']",0,0,5,4,5,Dry,Straight,Level,Lowest,No
1605,4,Arizona,40681,1,1,1,0,1,TUCSON,September,16,Saturday,23,53,Urban,Medium Speed (Collector),No,32.264675,-110.97669167,Non-Intersection,Dark - Not Lighted,Clear,11:00pm-11:59pm,52,11:00pm-11:59pm,57,0:00am-0:59am,18,1,Dark - Unlighted,Clear,0,1,[],[],0,0,Invalid,0.0,0.0,60.0,60.0,['Male'],0,0,5,2,4,Dry,Straight,Level,Lowest,No
1606,4,Arizona,40682,1,1,1,0,2,HOUCK,August,28,Monday,0,29,Rural,High Speed (Arterial),Yes,35.28277778,-109.22374167,Non-Intersection,Dark - Not Lighted,Clear,0:00am-0:59am,36,0:00am-0:59am,51,Not Applicable (Not Transported),Not Applicable (Not Transported),1,Dark - Unlighted,Clear,0,2,[],[],0,0,Valid,0.0,0.0,22.0,22.0,['Male'],0,0,3,2,4,Dry,Straight,Level,Lowest,No
1607,4,Arizona,40683,0,2,2,0,2,TUCSON,August,28,Monday,8,52,Urban,High Speed (Arterial),No,32.17790278,-110.96438056,Complex/Circle,Daylight,Clear,8:00am-8:59am,53,8:00am-8:59am,58,9:00am-9:59am,25,1,Daylight,Clear,1,1,['Driver'],['Shoulder_Lapbelt'],0,0,Valid,0.0,0.0,66.0,40.0,"['Male', 'Female']",0,0,3,4,5,Dry,Straight,Level,Lowest,No
1608,4,Arizona,40684,0,2,2,0,2,TEMPE,March,18,Saturday,22,11,Urban,High Speed (Arterial),Yes,33.38133611,-111.92751111,Non-Intersection,Dark - Unknown Lighting,Not Reported,Unknown,Unknown,Unknown EMS Scene Arrival Hour,Unknown EMS Scene Arrival Minutes,Unknown,Unknown EMS Hospital Arrival Time,1,Dark - Unlighted,Clear,1,0,['Driver'],['None_Used'],0,0,Valid,0.0,0.0,998.0,41.0,"['Male', 'Other']",1,0,5,1,5,Dry,Straight,Level,Lowest,Yes
1609,4,Arizona,40685,1,2,2,0,2,PHOENIX,March,23,Thursday,6,0,Urban,High Speed (Arterial),Yes,33.55299167,-112.11186667,Complex/Circle,Not Reported,Not Reported,Unknown,Unknown,Unknown EMS Scene Arrival Hour,Unknown EMS Scene Arrival Minutes,Unknown,Unknown EMS Hospital Arrival Time,1,Dark - Unlighted,Clear,0,0,[],[],0,0,Invalid,0.0,0.0,998.0,998.0,"['Other', 'Other']",0,0,1,0,5,Dry,Straight,Level,Lowest,No
1610,4,Arizona,40686,0,2,2,0,2,WILLIAMS,August,29,Tuesday,7,24,Rural,Medium Speed (Collector),No,35.24798056,-112.20063056,Non-Intersection,Daylight,Clear,7:00am-7:59am,25,7:00am-7:59am,30,9:00am-9:59am,5,1,Daylight,Clear,1,1,['Driver'],['None_Used'],0,0,Valid,0.0,2.0,72.0,18.0,"['Male', 'Male']",1,0,5,4,5,Dry,Curve,Grade/Hillcrest,Lowest,Yes
1611,4,Arizona,40687,0,1,1,0,1,MARANA,August,30,Wednesday,8,22,Urban,High Speed (Arterial),Yes,32.419,-111.15647222,Non-Intersection,Daylight,Clear,8:00am-8:59am,22,8:00am-8:59am,29,Unknown,Unknown EMS Hospital Arrival Time,1,Daylight,Clear,1,0,['Driver'],['None_Used'],0,0,Valid,0.0,1.0,62.0,62.0,['Male'],0,0,5,1,1,Dry,Straight,Level,Lowest,No
1612,4,Arizona,40688,0,2,2,0,2,PHOENIX,April,2,Sunday,14,25,Urban,High Speed (Arterial),Yes,33.42020556,-112.06485,Non-Intersection,Daylight,Clear,Unknown,Unknown,Unknown EMS Scene Arrival Hour,Unknown EMS Scene Arrival Minutes,Unknown,Unknown EMS Hospital Arrival Time,1,Daylight,Clear,1,1,['Driver'],['None_Used'],1,1,Invalid,0.0,1.0,47.0,31.0,"['Male', 'Female']",0,0,2,4,5,Dry,Straight,Level,Lowest,No
1613,4,Arizona,40689,1,2,2,0,2,PHOENIX,April,3,Monday,11,0,Urban,Medium Speed (Collector),No,77.7777,777.7777,Complex/Circle,Daylight,Not Reported,Unknown,Unknown,Unknown EMS Scene Arrival Hour,Unknown EMS Scene Arrival Minutes,Not Applicable (Not Transported),Not Applicable (Not Transported),1,Daylight,Clear,0,0,[],[],0,0,Invalid,0.0,0.0,998.0,998.0,"['Other', 'Other']",1,0,1,0,4,Dry,Straight,Level,Lowest,No
1614,4,Arizona,40690,0,2,2,0,2,TUCSON,September,21,Thursday,7,10,Urban,High Speed (Arterial),No,32.23564722,-110.84499722,Simple Junction,Daylight,Clear,7:00am-7:59am,10,7:00am-7:59am,10,7:00am-7:59am,43,1,Daylight,Clear,1,1,['Driver'],['None_Used'],0,0,Valid,0.0,0.0,78.0,37.0,"['Female', 'Male']",0,0,5,4,5,Dry,Straight,Level,Lowest,No
1615,4,Arizona,40692,0,2,2,0,4,PHOENIX,April,9,Sunday,3,7,Urban,Medium Speed (Collector),No,33.58213611,-112.09093056,Non-Intersection,Dark - Lighted,Clear,Unknown,Unknown,Unknown EMS Scene Arrival Hour,Unknown EMS Scene Arrival Minutes,Unknown,Unknown EMS Hospital Arrival Time,1,Dark - Lighted,Clear,1,3,['Driver'],['Shoulder_Lapbelt'],1,2,Valid,0.0,0.0,46.0,29.0,"['Male', 'Male']",1,0,3,1,5,Dry,Straight,Level,Lowest,No
1616,4,Arizona,40693,0,2,2,0,2,PHOENIX,April,14,Friday,23,58,Urban,Medium Speed (Collector),No,33.49065278,-112.04768333,Simple Junction,Dark - Unknown Lighting,Not Reported,Unknown,Unknown,Unknown EMS Scene Arrival Hour,Unknown EMS Scene Arrival Minutes,Not Applicable (Not Transported),Not Applicable (Not Transported),1,Dark - Unlighted,Clear,1,0,['Driver'],['None_Used'],1,1,Invalid,0.0,0.0,998.0,55.0,"['Other', 'Male']",0,0,5,0,5,Dry,Straight,Level,Lowest,No
1617,4,Arizona,40694,0,4,4,0,5,PHOENIX,April,16,Sunday,2,30,Urban,High Speed (Arterial),Yes,33.462175,-112.16925278,Complex/Circle,Dark - Unknown Lighting,Not Reported,Unknown,Unknown,Unknown EMS Scene Arrival Hour,Unknown EMS Scene Arrival Minutes,Unknown,Unknown EMS Hospital Arrival Time,1,Dark - Unlighted,Clear,1,4,['Driver'],['Shoulder_Lapbelt'],1,1,Invalid,0.0,1.0,998.0,21.0,"['Other', 'Male', 'Other', 'Other']",0,0,2,0,5,Dry,Straight,Level,Lowest,No
1618,4,Arizona,40695,1,1,1,0,1,TEMPE,April,21,Friday,18,0,Urban,Medium Speed (Collector),No,33.43843056,-111.90973333,Non-Intersection,Dusk,Clear,6:00pm-6:59pm,17,6:00pm-6:59pm,17,Not Applicable (Not Transported),Not Applicable (Not Transported),1,Twilight,Clear,0,1,[],[],0,0,Valid,0.0,0.0,23.0,23.0,['Female'],0,0,1,4,4,Dry,Straight,Level,Lowest,No
1619,4,Arizona,40696,0,3,3,0,3,BUCKEYE,April,24,Monday,6,30,Rural,Medium Speed (Collector),No,33.37760556,-112.64580556,Non-Intersection,Not Reported,Not Reported,Unknown,Unknown,Unknown EMS Scene Arrival Hour,Unknown EMS Scene Arrival Minutes,Unknown,Unknown EMS Hospital Arrival Time,1,Dark - Unlighted,Clear,1,2,['Driver'],['Shoulder_Lapbelt'],0,0,Valid,0.0,2.0,55.0,25.0,"['Male', 'Female', 'Male']",0,0,3,0,5,Dry,Straight,Level,Lowest,No
1621,4,Arizona,40698,0,3,3,0,3,PHOENIX,September,20,Wednesday,10,17,Urban,Medium Speed (Collector),No,33.50759167,-112.31679167,Non-Intersection,Daylight,Clear,10:00am-10:59am,18,10:00am-10:59am,30,Unknown,Unknown EMS Hospital Arrival Time,1,Daylight,Clear,1,2,['Driver'],['None_Used'],0,0,Valid,1.0,0.0,29.0,23.0,"['Male', 'Female', 'Female']",1,0,2,4,5,Dry,Straight,Level,Lowest,No
1622,4,Arizona,40699,0,2,2,0,2,ASH FORK,September,20,Wednesday,12,5,Rural,High Speed (Arterial),Yes,35.25614167,-112.70648889,Non-Intersection,Daylight,Clear,12:00pm-12:59pm,11,12:00pm-12:59pm,21,Not Applicable (Not Transported),Not Applicable (Not Transported),1,Daylight,Clear,1,1,['Driver'],['None_Used'],0,0,Invalid,0.0,1.0,56.0,47.0,"['Male', 'Male']",1,0,5,4,5,Dry,Straight,Grade/Hillcrest,Lowest,No
1623,4,Arizona,40700,0,1,1,0,2,GOODYEAR,September,22,Friday,20,26,Rural,Medium Speed (Collector),No,33.29141944,-112.4483,Non-Intersection,Dark - Not Lighted,Clear,8:00pm-8:59pm,26,8:00pm-8:59pm,35,Not Applicable (Not Transported),Not Applicable (Not Transported),2,Dark - Unlighted,Clear,2,0,"['Driver', 'Front_Passenger']","['Shoulder_Lapbelt', 'Shoulder_Lapbelt']",0,0,Valid,0.0,1.0,25.0,25.0,['Male'],2,0,3,4,3,Dry,Curve,Level,Lowest,No
1624,4,Arizona,40702,0,2,2,0,4,TUCSON,September,26,Tuesday,19,40,Urban,High Speed (Arterial),No,32.22090833,-110.81240556,Simple Junction,Dusk,Clear,7:00pm-7:59pm,40,7:00pm-7:59pm,45,8:00pm-8:59pm,6,1,Twilight,Clear,1,2,['Driver'],['Shoulder_Lapbelt'],0,0,Valid,0.0,0.0,77.0,49.0,"['Male', 'Male']",0,0,3,4,5,Dry,Straight,Level,Lowest,No
1625,4,Arizona,40703,0,2,2,0,2,PAULDEN,September,27,Wednesday,5,47,Rural,High Speed (Arterial),Yes,34.87058889,-112.46981667,Non-Intersection,Dawn,Clear,5:00am-5:59am,47,5:00am-5:59am,49,Not Applicable (Not Transported),Not Applicable (Not Transported),1,Twilight,Clear,1,1,['Driver'],['None_Used'],0,0,Valid,0.0,1.0,56.0,29.0,"['Male', 'Male']",0,0,4,4,5,Dry,Straight,Level,Lowest,No
1626,4,Arizona,40704,0,2,2,0,2,BUCKEYE,September,28,Thursday,5,37,Urban,High Speed (Arterial),Yes,33.39238611,-112.62536389,Complex/Circle,Dawn,Clear,5:00am-5:59am,42,5:00am-5:59am,51,Not Applicable (Not Transported),Not Applicable (Not Transported),1,Twilight,Clear,1,1,['Driver'],['None_Used'],0,0,Invalid,0.0,1.0,48.0,43.0,"['Male', 'Male']",0,0,4,4,5,Dry,Straight,Level,Lowest,No
1627,4,Arizona,40705,0,1,1,0,3,NOT APPLICABLE,April,26,Wednesday,99,99,Rural,Medium Speed (Collector),No,32.17610556,-112.26096944,Non-Intersection,Reported as Unknown,Not Reported,Unknown,Unknown,Unknown EMS Scene Arrival Hour,Unknown EMS Scene Arrival Minutes,Unknown,Unknown EMS Hospital Arrival Time,2,Dark - Unlighted,Clear,2,0,"['Front_Passenger', 'Front_Passenger']","['None_Used', 'None_Used']",0,0,Invalid,0.0,0.0,998.0,998.0,['Other'],0,0,1,0,3,Dry,Straight,Level,Lowest,No
1629,4,Arizona,40707,0,2,2,0,2,TUCSON,September,30,Saturday,21,26,Rural,Medium Speed (Collector),No,32.08210556,-110.65401667,Non-Intersection,Dark - Not Lighted,Clear,7:00pm-7:59pm,46,7:00pm-7:59pm,58,Unknown,Unknown EMS Hospital Arrival Time,1,Dark - Unlighted,Clear,1,1,['Driver'],['None_Used'],0,0,Valid,0.0,0.0,57.0,44.0,"['Male', 'Male']",0,0,5,4,5,Dry,Curve,Grade/Hillcrest,Lowest,No
1630,4,Arizona,40708,2,4,4,0,3,PHOENIX,September,24,Sunday,3,56,Urban,High Speed (Arterial),Yes,33.46118333,-112.0148,Non-Intersection,Dark - Lighted,Clear,4:00am-4:59am,2,4:00am-4:59am,11,Unknown,Unknown EMS Hospital Arrival Time,1,Dark - Lighted,Clear,0,3,[],[],1,1,Invalid,0.0,0.0,49.0,20.0,"['Male', 'Male', 'Male']",1,0,3,4,5,Dry,Straight,Level,Lowest,Yes
1631,4,Arizona,40709,0,1,1,0,2,PEORIA,June,28,Wednesday,19,47,Urban,Medium Speed (Collector),No,33.62866111,-112.23849722,Non-Intersection,Dark - Lighted,Clear,Unknown,Unknown,Unknown EMS Scene Arrival Hour,Unknown EMS Scene Arrival Minutes,Unknown,Unknown EMS Hospital Arrival Time,1,Dark - Lighted,Clear,1,1,['Driver'],['None_Used'],0,0,Valid,0.0,0.0,57.0,57.0,['Male'],2,0,5,4,2,Dry,Curve,Level,Lowest,No
1632,4,Arizona,40710,0,2,2,0,3,TEMPE,April,26,Wednesday,3,4,Urban,Medium Speed (Collector),No,33.42938889,-111.92253333,Non-Intersection,Dark - Unknown Lighting,Not Reported,Unknown,Unknown,Unknown EMS Scene Arrival Hour,Unknown EMS Scene Arrival Minutes,Not Applicable (Not Transported),Not Applicable (Not Transported),1,Dark - Unlighted,Clear,1,2,['Front_Passenger'],['Shoulder_Lapbelt'],1,1,Valid,0.0,1.0,21.0,19.0,"['Female', 'Female']",0,0,2,0,5,Dry,Straight,Level,Lowest,No
1633,4,Arizona,40711,0,3,3,0,4,GLENDALE,June,30,Friday,17,17,Urban,High Speed (Arterial),No,33.71274722,-112.13503333,Complex/Circle,Dusk,Clear,Unknown,Unknown,Unknown EMS Scene Arrival Hour,Unknown EMS Scene Arrival Minutes,Unknown,Unknown EMS Hospital Arrival Time,1,Twilight,Clear,1,3,['Driver'],['None_Used'],0,0,Valid,0.0,1.0,50.0,19.0,"['Female', 'Male', 'Male']",0,0,5,1,5,Dry,Straight,Level,Lowest,No
1634,4,Arizona,40712,1,1,1,0,1,PHOENIX,July,4,Tuesday,22,44,Urban,Medium Speed (Collector),No,77.7777,777.7777,Non-Intersection,Reported as Unknown,Reported as Unknown,Unknown,Unknown,Unknown EMS Scene Arrival Hour,Unknown EMS Scene Arrival Minutes,Unknown,Unknown EMS Hospital Arrival Time,1,Dark - Unlighted,Clear,0,0,[],[],0,0,Invalid,0.0,0.0,998.0,998.0,['Other'],0,0,1,0,4,Dry,Straight,Level,Lowest,No
1635,4,Arizona,40713,3,1,1,0,1,PHOENIX,July,5,Wednesday,22,18,Urban,High Speed (Arterial),Yes,33.49525556,-112.13450278,Non-Intersection,Dark - Lighted,Clear,Unknown,Unknown,Unknown EMS Scene Arrival Hour,Unknown EMS Scene Arrival Minutes,Unknown,Unknown EMS Hospital Arrival Time,2,Dark - Lighted,Clear,0,0,[],[],1,1,Valid,0.0,0.0,26.0,26.0,['Female'],0,0,3,4,4,Dry,Straight,Level,Lowest,No
1636,4,Arizona,40714,1,1,1,0,1,GLENDALE,July,16,Sunday,1,50,Urban,High Speed (Arterial),Yes,33.54204167,-112.19003889,Non-Intersection,Dark - Lighted,Clear,1:00am-1:59am,55,2:00am-2:59am,2,Not Applicable (Not Transported),Not Applicable (Not Transported),1,Dark - Lighted,Clear,0,0,[],[],1,1,Valid,0.0,0.0,33.0,33.0,['Other'],1,0,2,3,4,Dry,Straight,Level,Lowest,No
1637,4,Arizona,40715,1,1,1,0,1,MESA,November,6,Monday,16,41,Urban,Medium Speed (Collector),No,33.42228333,-111.85647222,Complex/Circle,Daylight,Clear,4:00pm-4:59pm,42,4:00pm-4:59pm,53,5:00pm-5:59pm,3,1,Daylight,Clear,0,1,[],[],0,0,Valid,0.0,0.0,57.0,57.0,['Female'],0,0,3,2,4,Dry,Straight,Level,Lowest,No
1638,4,Arizona,40717,0,1,1,0,2,TUCSON,September,26,Tuesday,14,0,Urban,Medium Speed (Collector),No,32.12017222,-110.909325,Non-Intersection,Daylight,Clear,2:00pm-2:59pm,12,2:00pm-2:59pm,15,Unknown,Unknown EMS Hospital Arrival Time,1,Daylight,Clear,1,1,['Front_Passenger'],['None_Used'],0,0,Valid,0.0,0.0,38.0,38.0,['Male'],2,0,4,4,3,Dry,Straight,Level,Medium,No
1639,4,Arizona,40718,2,3,1,2,2,CHANDLER,July,22,Saturday,5,47,Urban,High Speed (Arterial),Yes,33.29086111,-111.88657778,Non-Intersection,Daylight,Clear,5:00am-5:59am,54,6:00am-6:59am,0,Unknown,Unknown EMS Hospital Arrival Time,1,Daylight,Clear,1,1,['Front_Passenger'],['None_Used'],1,1,Valid,0.0,0.0,25.0,25.0,['Male'],2,0,2,4,5,Dry,Straight,Level,Lowest,No
1640,4,Arizona,40719,0,2,2,0,3,PHOENIX,November,9,Thursday,15,30,Urban,Medium Speed (Collector),No,33.65471389,-112.13879722,Simple Junction,Daylight,Clear,8:00pm-8:59pm,47,8:00pm-8:59pm,53,9:00pm-9:59pm,5,1,Daylight,Clear,1,2,['Driver'],['None_Used'],0,0,Invalid,0.0,0.0,66.0,23.0,"['Male', 'Male']",1,0,5,4,5,Dry,Straight,Level,Lowest,No
1641,4,Arizona,40720,0,2,2,0,6,GLENDALE,November,11,Saturday,23,53,Urban,Medium Speed (Collector),No,33.71148333,-112.20306111,Complex/Circle,Dark - Lighted,Clear,Unknown,Unknown,Unknown EMS Scene Arrival Hour,Unknown EMS Scene Arrival Minutes,Unknown,Unknown EMS Hospital Arrival Time,1,Dark - Lighted,Clear,1,5,['Driver'],['None_Used'],1,1,Valid,0.0,0.0,58.0,16.0,"['Male', 'Male']",0,0,3,4,5,Dry,Straight,Level,Lowest,No
1642,4,Arizona,40722,0,1,1,0,1,TUCSON,October,1,Sunday,16,32,Urban,High Speed (Arterial),No,32.19180556,-110.79863889,Simple Junction,Daylight,Clear,4:00pm-4:59pm,32,4:00pm-4:59pm,39,Not Applicable (Not Transported),Not Applicable (Not Transported),1,Daylight,Clear,1,0,['Driver'],['None_Used'],0,0,Invalid,0.0,0.0,62.0,62.0,['Male'],0,0,2,4,2,Dry,Straight,Level,Lowest,No
1643,4,Arizona,40723,0,1,1,0,1,SANDERS,October,10,Tuesday,14,40,Rural,Medium Speed (Collector),No,35.11087222,-109.31879167,Non-Intersection,Daylight,Cloudy,2:00pm-2:59pm,40,2:00pm-2:59pm,55,Not Applicable (Not Transported),Not Applicable (Not Transported),1,Daylight,Reduced Visibility,1,0,['Driver'],['None_Used'],1,1,Invalid,0.0,0.0,42.0,42.0,['Female'],1,0,3,4,3,Dry,Curve,Grade/Hillcrest,Lowest,No
1644,4,Arizona,40724,0,2,2,0,2,TONOPAH,October,12,Thursday,7,23,Rural,High Speed (Arterial),Yes,33.53208889,-113.13205556,Non-Intersection,Daylight,Clear,7:00am-7:59am,27,7:00am-7:59am,40,8:00am-8:59am,17,1,Daylight,Clear,1,1,['Driver'],['Shoulder_Lapbelt'],0,0,Valid,0.0,0.0,50.0,27.0,"['Male', 'Male']",1,0,4,4,5,Dry,Straight,Level,Lowest,No
1645,4,Arizona,40725,0,2,2,0,3,SUN CITY WEST,May,25,Thursday,16,29,Rural,Low Speed (Local),No,33.66599167,-112.375275,Complex/Circle,Daylight,Clear,3:00pm-3:59pm,59,4:00pm-4:59pm,10,5:00pm-5:59pm,0,1,Daylight,Clear,1,2,['Driver'],['None_Used'],0,0,Valid,0.0,0.0,93.0,21.0,"['Male', 'Male']",1,0,5,4,5,Dry,Straight,Level,Lowest,No
1646,4,Arizona,40726,0,2,2,0,3,PHOENIX,May,27,Saturday,4,30,Rural,Low Speed (Local),No,33.59710833,-112.01990833,Simple Junction,Dawn,Clear,4:00am-4:59am,33,4:00am-4:59am,37,4:00am-4:59am,53,1,Twilight,Clear,1,2,['Front_Passenger'],['None_Used'],0,0,Valid,0.0,6.0,54.0,23.0,"['Male', 'Male']",2,0,3,4,5,Dry,Straight,Level,Lowest,No
1647,4,Arizona,40727,0,1,1,0,3,AJO,June,2,Friday,19,31,Rural,Medium Speed (Collector),No,31.97346944,-112.80616389,Non-Intersection,Dark - Not Lighted,Clear,7:00pm-7:59pm,31,7:00pm-7:59pm,31,Unknown,Unknown EMS Hospital Arrival Time,1,Dark - Unlighted,Clear,1,2,['Rear_Seat'],['None_Used'],0,0,Valid,0.0,0.0,57.0,57.0,['Male'],0,0,3,4,3,Dry,Curve,Grade/Hillcrest,Lowest,No
1648,4,Arizona,40728,0,1,1,0,1,PHOENIX,June,25,Sunday,10,53,Urban,Medium Speed (Collector),No,33.48035278,-112.21877778,Complex/Circle,Daylight,Clear,Unknown,Unknown,Unknown EMS Scene Arrival Hour,Unknown EMS Scene Arrival Minutes,Unknown,Unknown EMS Hospital Arrival Time,1,Daylight,Clear,1,0,['Driver'],['Shoulder_Lapbelt'],0,0,Valid,0.0,0.0,20.0,20.0,['Male'],1,0,3,4,3,Dry,Straight,Level,Lowest,No