,State_Code,State_Name,Crash_ID,Count_Non_Motorists,Count_Vehicles_Total,Count_Vehicle_Forms,Count_PVH_Involved,Count_Occupants_MV,City_Name,Month_Name,Day_of_Month,Day_of_Week,Crash_Hour,Crash_Minute,Area_Rural_Urban,Road_Functional_Class,On_NHS_Road,Latitude,Longitude,Intersection_Type,Light_Condition,Weather_Condition,Notif_Hour,Notif_Minute,Arrival_Hour,Arrival_Minute,Hospital_Hour,Hospital_Minute,Fatalities_Count,Clean_Light_Condition,Clean_Weather_Condition,Total_Killed,Total_Alive,Fatal_Seats_List,Killed_Restraint_List,Any_Driver_Drinking,Total_Drinking_Drivers,Driver_License_Category,Driver_Max_Prev_Accident_Count,Driver_Max_Prev_Speeding_Count,Max_Driver_Age,Min_Driver_Age,Driver_Sex_List,Total_Exceeding_Limit_Vehicles,Total_Too_Fast_Vehicles,Max_Vehicle_Type_Severity_5,Max_Vehicle_Damage_Rank,Max_Harmful_Event_Severity,Crash_Road_Surface_Condition,Crash_Horizontal_Alignment,Crash_Vertical_Profile,Crash_Impairment_Category,Crash_Vehicle_Defect
1649,4,Arizona,40729,0,2,2,0,5,PHOENIX,July,8,Saturday,13,51,Urban,High Speed (Arterial),Yes,33.66148889,-111.99988889,Non-Intersection,Daylight,Clear,1:00pm-1:59pm,53,2:00pm-2:59pm,1,2:00pm-2:59pm,30,1,Daylight,Clear,1,4,['Driver'],['Shoulder_Lapbelt'],0,0,Invalid,0.0,1.0,87.0,34.0,"['Female', 'Male']",0,0,2,4,5,Dry,Straight,Level,Lowest,No
1650,4,Arizona,40731,0,1,1,0,1,GLENDALE,July,31,Monday,1,0,Rural,Low Speed (Local),No,33.54096667,-112.38428056,Non-Intersection,Dark - Lighted,Clear,6:00am-6:59am,16,6:00am-6:59am,30,Not Applicable (Not Transported),Not Applicable (Not Transported),1,Dark - Lighted,Clear,1,0,['Driver'],['None_Used'],1,1,Valid,0.0,0.0,48.0,48.0,['Female'],1,0,5,4,3,Dry,Straight,Level,Lowest,No
1651,4,Arizona,40732,1,1,1,0,2,PINEDALE,October,19,Thursday,18,29,Rural,High Speed (Arterial),Yes,34.31928333,-110.249175,Non-Intersection,Dark - Not Lighted,Clear,6:00pm-6:59pm,29,6:00pm-6:59pm,44,Not Applicable (Not Transported),Not Applicable (Not Transported),1,Dark - Unlighted,Clear,0,2,[],[],0,0,Valid,0.0,0.0,62.0,62.0,['Male'],0,0,3,3,4,Dry,Curve,Level,Lowest,No
1652,4,Arizona,40733,0,2,2,0,2,SCOTTSDALE,July,26,Wednesday,13,28,Urban,High Speed (Arterial),Yes,33.65297778,-111.90103611,Non-Intersection,Daylight,Clear,1:00pm-1:59pm,32,1:00pm-1:59pm,42,Not Applicable (Not Transported),Not Applicable (Not Transported),1,Daylight,Clear,1,1,['Driver'],['Shoulder_Lapbelt'],0,0,Valid,0.0,0.0,42.0,37.0,"['Male', 'Female']",1,0,3,4,5,Dry,Straight,Level,Lowest,No
1653,4,Arizona,40734,0,3,3,0,6,TUCSON,August,4,Friday,4,12,Urban,Medium Speed (Collector),No,32.13416944,-110.92609167,Complex/Circle,Dawn,Clear,4:00am-4:59am,15,4:00am-4:59am,23,4:00am-4:59am,50,1,Twilight,Clear,1,4,['Rear_Seat'],['Shoulder_Lapbelt'],0,0,Invalid,0.0,1.0,43.0,28.0,"['Male', 'Male', 'Male']",4,0,4,4,5,Dry,Straight,Level,Lowest,No
1654,4,Arizona,40735,0,1,1,0,1,TONOPAH,August,12,Saturday,6,48,Rural,Medium Speed (Collector),No,33.33473056,-112.74896667,Non-Intersection,Daylight,Clear,6:00am-6:59am,48,7:00am-7:59am,20,Not Applicable (Not Transported),Not Applicable (Not Transported),1,Daylight,Clear,1,0,['Driver'],['Shoulder_Lapbelt'],1,1,Valid,0.0,0.0,19.0,19.0,['Male'],1,0,3,4,3,Dry,Straight,Level,Lowest,No
1655,4,Arizona,40736,0,1,1,0,1,QUEEN CREEK,August,20,Sunday,0,4,Urban,Medium Speed (Collector),No,33.28033056,-111.67435833,Non-Intersection,Dark - Lighted,Clear,0:00am-0:59am,4,0:00am-0:59am,15,0:00am-0:59am,55,1,Dark - Lighted,Clear,1,0,['Driver'],['None_Used'],1,1,Invalid,0.0,0.0,42.0,42.0,['Male'],1,0,5,4,2,Dry,Curve,Level,Lowest,No
1656,4,Arizona,40737,1,1,1,0,1,PEORIA,August,21,Monday,15,0,Urban,High Speed (Arterial),Yes,33.55111944,-112.29251944,Non-Intersection,Daylight,Clear,Unknown,Unknown,Unknown EMS Scene Arrival Hour,Unknown EMS Scene Arrival Minutes,Unknown,Unknown EMS Hospital Arrival Time,1,Daylight,Clear,0,1,[],[],0,0,Valid,0.0,0.0,19.0,19.0,['Female'],0,0,3,1,4,Dry,Straight,Level,Lowest,No
1657,4,Arizona,40738,0,3,3,0,5,GLOBE,October,2,Monday,19,18,Urban,High Speed (Arterial),Yes,33.38413889,-110.75641111,Complex/Circle,Dark - Lighted,Clear,7:00pm-7:59pm,20,7:00pm-7:59pm,25,7:00pm-7:59pm,49,1,Dark - Lighted,Clear,1,4,['Driver'],['Shoulder_Lapbelt'],0,0,Valid,0.0,0.0,80.0,41.0,"['Male', 'Female', 'Male']",0,0,3,4,5,Dry,Straight,Level,Lowest,No
1658,4,Arizona,40739,0,1,1,0,1,WILLIAMS,September,1,Friday,20,29,Rural,High Speed (Arterial),Yes,35.21573056,-112.40154722,Non-Intersection,Dark - Not Lighted,Rain,8:00pm-8:59pm,35,8:00pm-8:59pm,45,10:00pm-10:59pm,56,1,Dark - Unlighted,Rain/Wind/Minor,1,0,['Driver'],['Shoulder_Lapbelt'],0,0,Valid,1.0,0.0,26.0,26.0,['Male'],0,0,4,4,1,Wet/Standing Water,Curve,Grade/Hillcrest,Lowest,No
1660,4,Arizona,40741,1,1,1,0,1,GLENDALE,September,15,Friday,19,37,Urban,High Speed (Arterial),Yes,33.55121944,-112.34671944,Non-Intersection,Dark - Lighted,Clear,8:00pm-8:59pm,6,8:00pm-8:59pm,15,Not Applicable (Not Transported),Not Applicable (Not Transported),1,Dark - Lighted,Clear,0,1,[],[],0,0,Valid,0.0,0.0,41.0,41.0,['Female'],0,0,3,2,4,Dry,Straight,Level,Lowest,No
1661,4,Arizona,40742,0,1,1,0,7,LITTLEFIELD,September,16,Saturday,13,37,Rural,High Speed (Arterial),Yes,36.9571,-113.78935278,Non-Intersection,Daylight,Clear,1:00pm-1:59pm,38,1:00pm-1:59pm,55,Unknown,Unknown EMS Hospital Arrival Time,2,Daylight,Clear,2,5,"['Rear_Seat', 'Rear_Seat']","['None_Used', 'None_Used']",0,0,Valid,0.0,0.0,21.0,21.0,['Female'],7,0,3,4,3,Dry,Curve,Grade/Hillcrest,Lowest,Yes
1662,4,Arizona,40743,0,1,1,0,2,BUCKEYE,September,17,Sunday,11,57,Urban,Medium Speed (Collector),No,33.44585278,-112.46154167,Non-Intersection,Daylight,Clear,11:00am-11:59am,57,12:00pm-12:59pm,4,Unknown,Unknown EMS Hospital Arrival Time,1,Daylight,Clear,1,1,['Front_Passenger'],['None_Used'],0,0,Valid,0.0,1.0,30.0,30.0,['Male'],2,0,2,4,3,Dry,Straight,Level,Lowest,No
1663,4,Arizona,40744,0,4,4,0,9,PHOENIX,August,30,Wednesday,21,30,Urban,High Speed (Arterial),Yes,33.52579722,-112.11216667,Non-Intersection,Dark - Lighted,Clear,9:00pm-9:59pm,33,9:00pm-9:59pm,44,10:00pm-10:59pm,0,1,Dark - Lighted,Clear,1,8,['Rear_Seat'],['Shoulder_Lapbelt'],0,0,Valid,0.0,1.0,80.0,16.0,"['Male', 'Male', 'Female', 'Female']",2,0,3,4,5,Dry,Straight,Level,Lowest,No
1664,4,Arizona,40746,0,2,2,0,3,PHOENIX,September,19,Tuesday,17,28,Urban,Medium Speed (Collector),No,33.46576389,-111.989875,Complex/Circle,Daylight,Clear,5:00pm-5:59pm,27,5:00pm-5:59pm,33,5:00pm-5:59pm,51,1,Daylight,Clear,1,2,['Driver'],['None_Used'],0,0,Valid,0.0,1.0,46.0,19.0,"['Male', 'Male']",2,0,5,3,5,Dry,Straight,Level,Lowest,No
1665,4,Arizona,40747,1,1,1,0,1,TUCSON,September,19,Tuesday,20,4,Urban,High Speed (Arterial),No,32.22158611,-110.91361111,Non-Intersection,Dark - Lighted,Clear,8:00pm-8:59pm,6,8:00pm-8:59pm,10,8:00pm-8:59pm,20,1,Dark - Lighted,Clear,0,1,[],[],0,0,Valid,0.0,0.0,27.0,27.0,['Female'],0,0,3,3,4,Dry,Straight,Level,Lowest,No
1668,4,Arizona,40750,0,1,1,0,1,CHANDLER,October,4,Wednesday,20,58,Urban,Medium Speed (Collector),No,33.26303056,-111.77720278,Non-Intersection,Dark - Lighted,Clear,9:00pm-9:59pm,0,9:00pm-9:59pm,4,9:00pm-9:59pm,26,1,Dark - Lighted,Clear,1,0,['Driver'],['None_Used'],0,0,Valid,0.0,0.0,19.0,19.0,['Male'],1,0,5,4,2,Dry,Straight,Level,Lowest,No
1669,4,Arizona,40751,0,2,2,0,3,GLENDALE,September,21,Thursday,11,27,Urban,Medium Speed (Collector),No,33.53839444,-112.20310833,Complex/Circle,Daylight,Clear,11:00am-11:59am,29,11:00am-11:59am,34,11:00am-11:59am,55,1,Daylight,Clear,1,2,['Front_Passenger'],['Shoulder_Lapbelt'],0,0,Valid,0.0,0.0,73.0,54.0,"['Male', 'Female']",0,0,3,4,5,Dry,Straight,Level,Lowest,No
1670,4,Arizona,40752,0,2,2,0,2,TUCSON,September,23,Saturday,1,6,Urban,Medium Speed (Collector),No,32.20640556,-110.84800833,Simple Junction,Dark - Not Lighted,Clear,1:00am-1:59am,6,1:00am-1:59am,12,1:00am-1:59am,17,1,Dark - Unlighted,Clear,1,1,['Driver'],['None_Used'],1,2,Valid,0.0,1.0,59.0,29.0,"['Male', 'Male']",1,0,5,4,5,Dry,Straight,Level,Lowest,No
1671,4,Arizona,40753,0,2,2,0,2,PHOENIX,September,23,Saturday,2,30,Urban,High Speed (Arterial),Yes,33.66868333,-112.07750833,Non-Intersection,Dark - Lighted,Clear,2:00am-2:59am,34,2:00am-2:59am,36,Not Applicable (Not Transported),Not Applicable (Not Transported),1,Dark - Lighted,Clear,1,1,['Driver'],['Shoulder_Lapbelt'],0,0,Valid,0.0,0.0,40.0,38.0,"['Male', 'Male']",0,0,4,4,5,Dry,Straight,Level,Lowest,No
1672,4,Arizona,40754,0,2,2,0,2,SCOTTSDALE,January,28,Saturday,17,20,Urban,Medium Speed (Collector),No,33.67495833,-111.90232222,Complex/Circle,Dusk,Clear,5:00pm-5:59pm,22,5:00pm-5:59pm,33,Unknown,Unknown EMS Hospital Arrival Time,1,Twilight,Clear,1,1,['Driver'],['Shoulder_Lapbelt'],0,0,Valid,0.0,0.0,52.0,26.0,"['Male', 'Male']",1,0,2,1,5,Dry,Straight,Level,Lowest,No
1673,4,Arizona,40755,0,2,2,0,3,PHOENIX,October,7,Saturday,4,1,Urban,High Speed (Arterial),Yes,33.78593611,-112.132925,Non-Intersection,Dark - Lighted,Clear,4:00am-4:59am,1,4:00am-4:59am,11,Unknown,Unknown EMS Hospital Arrival Time,1,Dark - Lighted,Clear,1,2,['Driver'],['None_Used'],1,1,Valid,0.0,2.0,60.0,20.0,"['Male', 'Male']",0,0,3,4,5,Dry,Straight,Level,Lowest,No
1674,4,Arizona,40756,0,1,1,0,1,SAN TAN VALLEY,October,4,Wednesday,22,15,Urban,Low Speed (Local),No,33.23666111,-111.54240833,Non-Intersection,Dark - Not Lighted,Clear,10:00pm-10:59pm,17,10:00pm-10:59pm,26,11:00pm-11:59pm,59,1,Dark - Unlighted,Clear,1,0,['Driver'],['None_Used'],0,0,Valid,0.0,1.0,44.0,44.0,['Male'],1,0,5,4,3,Dry,Straight,Level,Lowest,No
1675,4,Arizona,40757,0,2,2,0,4,GILBERT,October,6,Friday,21,27,Urban,Medium Speed (Collector),No,33.37929444,-111.70494444,Complex/Circle,Dark - Lighted,Clear,9:00pm-9:59pm,28,9:00pm-9:59pm,33,9:00pm-9:59pm,51,1,Dark - Lighted,Clear,1,3,['Driver'],['None_Used'],0,0,Valid,0.0,0.0,42.0,18.0,"['Male', 'Male']",0,0,5,4,5,Dry,Straight,Level,Lowest,No
1676,4,Arizona,40758,0,2,2,0,2,TOLLESON,November,17,Friday,12,42,Urban,High Speed (Arterial),Yes,33.46228889,-112.27268611,Complex/Circle,Daylight,Clear,12:00pm-12:59pm,42,12:00pm-12:59pm,49,1:00pm-1:59pm,5,1,Daylight,Clear,1,1,['Driver'],['None_Used'],0,0,Valid,0.0,1.0,52.0,29.0,"['Male', 'Male']",1,0,5,4,5,Dry,Straight,Level,Lowest,No
1677,4,Arizona,40759,0,1,1,0,1,NOGALES,October,7,Saturday,14,31,Urban,High Speed (Arterial),Yes,31.33990278,-110.93762778,Non-Intersection,Daylight,Clear,2:00pm-2:59pm,31,2:00pm-2:59pm,39,2:00pm-2:59pm,48,1,Daylight,Clear,1,0,['Driver'],['None_Used'],0,0,Valid,0.0,0.0,35.0,35.0,['Male'],1,0,2,4,3,Dry,Curve,Level,Lowest,No
1678,4,Arizona,40761,0,2,2,0,5,SEDONA,October,8,Sunday,8,42,Rural,Medium Speed (Collector),No,35.01195833,-111.73810833,Non-Intersection,Daylight,Cloudy,8:00am-8:59am,47,9:00am-9:59am,3,9:00am-9:59am,52,1,Daylight,Reduced Visibility,1,4,['Driver'],['None_Used'],0,0,Valid,0.0,0.0,76.0,40.0,"['Male', 'Male']",0,0,5,4,5,Dry,Straight,Grade/Hillcrest,Lowest,No
1679,4,Arizona,40762,3,2,1,1,1,TEMPE,November,3,Friday,7,14,Urban,High Speed (Arterial),Yes,33.43608889,-111.9277,Non-Intersection,Daylight,Clear,7:00am-7:59am,17,7:00am-7:59am,27,Not Applicable (Not Transported),Not Applicable (Not Transported),1,Daylight,Clear,1,0,['Driver'],['Shoulder_Lapbelt'],0,0,Valid,0.0,2.0,19.0,19.0,['Male'],0,0,2,4,3,Dry,Straight,Level,Lowest,No
1680,4,Arizona,40763,0,1,1,0,2,PHOENIX,November,4,Saturday,8,26,Urban,Medium Speed (Collector),No,33.46865556,-112.23798056,Non-Intersection,Daylight,Clear,Unknown,Unknown,Unknown EMS Scene Arrival Hour,Unknown EMS Scene Arrival Minutes,Unknown,Unknown EMS Hospital Arrival Time,1,Daylight,Clear,1,1,['Driver'],['None_Used'],0,0,Invalid,0.0,0.0,51.0,51.0,['Male'],0,0,2,4,3,Dry,Straight,Level,Lowest,No
1682,4,Arizona,40765,0,2,2,0,2,MAYER,October,8,Sunday,11,34,Rural,High Speed (Arterial),Yes,34.44358611,-112.26546667,Non-Intersection,Daylight,Rain,11:00am-11:59am,34,11:00am-11:59am,40,Unknown,Unknown EMS Hospital Arrival Time,1,Daylight,Rain/Wind/Minor,1,1,['Driver'],['None_Used'],0,0,Valid,0.0,0.0,53.0,51.0,"['Female', 'Female']",2,0,5,2,5,Wet/Standing Water,Straight,Grade/Hillcrest,Lowest,No
1683,4,Arizona,40766,0,1,1,0,1,TUCSON,November,8,Wednesday,8,6,Urban,High Speed (Arterial),Yes,32.08047778,-110.80368889,Non-Intersection,Daylight,Clear,8:00am-8:59am,1,8:00am-8:59am,22,Not Applicable (Not Transported),Not Applicable (Not Transported),1,Daylight,Clear,1,0,['Driver'],['None_Used'],0,0,Valid,0.0,0.0,36.0,36.0,['Male'],1,0,2,4,3,Dry,Straight,Level,Lowest,No
1684,4,Arizona,40767,1,1,1,0,1,PHOENIX,November,8,Wednesday,20,45,Urban,High Speed (Arterial),Yes,33.63973611,-112.13007778,Complex/Circle,Dark - Lighted,Clear,Unknown,Unknown,Unknown EMS Scene Arrival Hour,Unknown EMS Scene Arrival Minutes,Unknown,Unknown EMS Hospital Arrival Time,1,Dark - Lighted,Clear,0,1,[],[],0,0,Valid,0.0,0.0,25.0,25.0,['Male'],0,0,3,3,4,Dry,Straight,Level,Lowest,No
1685,4,Arizona,40768,1,1,1,0,1,PHOENIX,November,8,Wednesday,16,16,Urban,Medium Speed (Collector),Yes,33.48042222,-112.11263889,Complex/Circle,Daylight,Cloudy,4:00pm-4:59pm,15,4:00pm-4:59pm,25,4:00pm-4:59pm,36,1,Daylight,Reduced Visibility,0,1,[],[],0,0,Valid,0.0,0.0,23.0,23.0,['Male'],0,0,3,1,4,Dry,Straight,Level,Lowest,No
1686,4,Arizona,40769,0,2,2,0,3,PHOENIX,November,9,Thursday,11,29,Urban,High Speed (Arterial),Yes,33.63879444,-111.97783611,Complex/Circle,Daylight,Clear,Unknown,Unknown,Unknown EMS Scene Arrival Hour,Unknown EMS Scene Arrival Minutes,Unknown,Unknown EMS Hospital Arrival Time,1,Daylight,Clear,1,2,['Driver'],['None_Used'],0,0,Valid,0.0,1.0,70.0,30.0,"['Female', 'Male']",0,0,5,4,5,Dry,Straight,Level,Lowest,No
1687,4,Arizona,40770,1,1,1,0,1,PHOENIX,November,10,Friday,23,55,Urban,High Speed (Arterial),Yes,33.62391667,-112.11646111,Non-Intersection,Dark - Lighted,Clear,11:00pm-11:59pm,48,11:00pm-11:59pm,52,Not Applicable (Not Transported),Not Applicable (Not Transported),1,Dark - Lighted,Clear,0,1,[],[],0,0,Valid,0.0,0.0,66.0,66.0,['Male'],0,0,3,2,4,Dry,Straight,Grade/Hillcrest,Lowest,No
1688,4,Arizona,40771,0,2,2,0,5,KAIBITO,October,8,Sunday,11,46,Rural,High Speed (Arterial),Yes,36.43976944,-110.75165,Non-Intersection,Daylight,Clear,11:00am-11:59am,46,12:00pm-12:59pm,15,12:00pm-12:59pm,58,2,Daylight,Clear,2,3,"['Front_Passenger', 'Rear_Seat']","['Shoulder_Lapbelt', 'Shoulder_Lapbelt']",0,0,Valid,0.0,0.0,35.0,26.0,"['Female', 'Female']",0,0,3,4,5,Dry,Curve,Level,Lowest,No
1689,4,Arizona,40772,0,1,1,0,1,TUCSON,November,11,Saturday,10,34,Urban,High Speed (Arterial),Yes,32.19194444,-110.84517222,Simple Junction,Daylight,Clear,10:00am-10:59am,34,10:00am-10:59am,41,Not Applicable (Not Transported),Not Applicable (Not Transported),1,Daylight,Clear,1,0,['Driver'],['None_Used'],1,1,Valid,0.0,1.0,19.0,19.0,['Male'],1,0,2,4,3,Dry,Straight,Level,Lowest,No
1690,4,Arizona,40773,0,1,1,0,1,CAMP VERDE,November,11,Saturday,15,47,Rural,High Speed (Arterial),Yes,34.53895833,-111.92247778,Non-Intersection,Daylight,Clear,3:00pm-3:59pm,48,3:00pm-3:59pm,55,Not Applicable (Not Transported),Not Applicable (Not Transported),1,Daylight,Clear,1,0,['Driver'],['None_Used'],0,0,Valid,0.0,0.0,51.0,51.0,['Male'],1,0,5,4,3,Dry,Curve,Grade/Hillcrest,Lowest,No
1691,4,Arizona,40774,0,1,1,0,1,KIRKLAND,November,12,Sunday,0,6,Rural,Medium Speed (Collector),No,34.37624722,-112.66069722,Non-Intersection,Dark - Not Lighted,Clear,0:00am-0:59am,10,0:00am-0:59am,25,Not Applicable (Not Transported),Not Applicable (Not Transported),1,Dark - Unlighted,Clear,1,0,['Driver'],['None_Used'],0,0,Valid,0.0,0.0,35.0,35.0,['Male'],0,0,3,4,3,Dry,Straight,Level,Lowest,No
1693,4,Arizona,40776,0,3,3,0,4,PHOENIX,November,13,Monday,20,11,Urban,High Speed (Arterial),Yes,33.46181389,-112.05455,Non-Intersection,Dark - Lighted,Clear,8:00pm-8:59pm,11,8:00pm-8:59pm,18,8:00pm-8:59pm,35,2,Dark - Lighted,Clear,2,2,"['Driver', 'Front_Passenger']","['Shoulder_Lapbelt', 'Shoulder_Lapbelt']",0,0,Valid,0.0,1.0,61.0,19.0,"['Male', 'Male', 'Male']",0,0,2,4,5,Dry,Straight,Level,Lowest,No
1696,4,Arizona,40779,0,2,2,0,2,SAN CARLOS,November,15,Wednesday,9,26,Rural,Medium Speed (Collector),No,33.78773889,-110.49373333,Non-Intersection,Daylight,Clear,9:00am-9:59am,36,10:00am-10:59am,20,Not Applicable (Not Transported),Not Applicable (Not Transported),1,Daylight,Clear,1,1,['Driver'],['None_Used'],0,0,Valid,0.0,0.0,65.0,61.0,"['Male', 'Male']",0,0,5,2,5,Dry,Curve,Grade/Hillcrest,Lowest,No
1697,4,Arizona,40780,0,1,1,0,1,GOODYEAR,November,17,Friday,4,14,Urban,Medium Speed (Collector),Yes,33.46923889,-112.358,Non-Intersection,Dark - Lighted,Clear,4:00am-4:59am,14,4:00am-4:59am,18,4:00am-4:59am,36,1,Dark - Lighted,Clear,1,0,['Driver'],['None_Used'],1,1,Valid,0.0,0.0,28.0,28.0,['Female'],1,0,3,4,2,Dry,Straight,Level,Lowest,No
1698,4,Arizona,40781,0,1,1,0,1,CASA GRANDE,October,10,Tuesday,14,50,Urban,Medium Speed (Collector),No,32.85037778,-111.68029444,Non-Intersection,Daylight,Clear,2:00pm-2:59pm,57,3:00pm-3:59pm,3,Not Applicable (Not Transported),Not Applicable (Not Transported),1,Daylight,Clear,1,0,['Driver'],['None_Used'],0,0,Valid,0.0,0.0,46.0,46.0,['Male'],1,0,2,4,3,Dry,Straight,Level,Lowest,No
1699,4,Arizona,40782,1,1,1,0,1,GLENDALE,November,21,Tuesday,9,34,Urban,Medium Speed (Collector),No,33.58192222,-112.15689167,Non-Intersection,Daylight,Clear,9:00am-9:59am,35,9:00am-9:59am,37,10:00am-10:59am,31,1,Daylight,Clear,0,1,[],[],0,0,Valid,0.0,1.0,29.0,29.0,['Male'],0,0,3,2,4,Dry,Straight,Level,Lowest,No
1700,4,Arizona,40783,0,2,2,0,2,SCOTTSDALE,November,22,Wednesday,15,56,Urban,High Speed (Arterial),Yes,33.58222222,-111.9322,Non-Intersection,Daylight,Clear,3:00pm-3:59pm,57,4:00pm-4:59pm,1,4:00pm-4:59pm,36,1,Daylight,Clear,1,1,['Driver'],['None_Used'],0,0,Valid,0.0,0.0,83.0,41.0,"['Male', 'Male']",1,0,2,4,5,Dry,Straight,Level,Lowest,No
1701,4,Arizona,40784,0,1,1,0,1,GLOBE,November,23,Thursday,16,39,Rural,Medium Speed (Collector),No,33.15034444,-110.80310278,Non-Intersection,Daylight,Clear,4:00pm-4:59pm,50,5:00pm-5:59pm,21,Not Applicable (Not Transported),Not Applicable (Not Transported),1,Daylight,Clear,1,0,['Driver'],['None_Used'],1,1,Valid,0.0,0.0,59.0,59.0,['Male'],0,0,3,4,3,Dry,Straight,Grade/Hillcrest,Lowest,No
1702,4,Arizona,40785,0,2,2,0,3,TUCSON,November,25,Saturday,11,25,Urban,Medium Speed (Collector),No,32.29436944,-111.01859444,Non-Intersection,Daylight,Clear,11:00am-11:59am,25,11:00am-11:59am,37,Unknown,Unknown EMS Hospital Arrival Time,1,Daylight,Clear,1,2,['Driver'],['None_Used'],0,0,Invalid,0.0,0.0,72.0,58.0,"['Male', 'Male']",0,0,3,4,5,Wet/Standing Water,Straight,Level,Lowest,No
1703,4,Arizona,40786,1,1,1,0,1,MESA,December,4,Monday,18,0,Urban,Medium Speed (Collector),No,33.407575,-111.90064444,Complex/Circle,Dusk,Clear,6:00pm-6:59pm,1,6:00pm-6:59pm,5,6:00pm-6:59pm,15,1,Twilight,Clear,0,1,[],[],0,0,Valid,0.0,1.0,47.0,47.0,['Male'],0,0,2,4,4,Dry,Straight,Level,Lowest,No
1704,4,Arizona,40788,0,2,2,0,2,MESA,December,6,Wednesday,19,17,Urban,Medium Speed (Collector),No,33.37901944,-111.77866389,Non-Intersection,Dark - Lighted,Clear,7:00pm-7:59pm,17,7:00pm-7:59pm,17,Not Applicable (Not Transported),Not Applicable (Not Transported),1,Dark - Lighted,Clear,1,0,['Driver'],['None_Used'],0,0,Valid,0.0,4.0,56.0,30.0,"['Male', 'Female']",1,0,5,4,5,Dry,Straight,Level,Lowest,No
1705,4,Arizona,40789,0,1,1,0,1,KINGMAN,December,8,Friday,19,21,Urban,Low Speed (Local),No,35.21033333,-113.97034444,Non-Intersection,Dark - Not Lighted,Clear,7:00pm-7:59pm,21,7:00pm-7:59pm,45,Not Applicable (Not Transported),Not Applicable (Not Transported),1,Dark - Unlighted,Clear,1,0,['Driver'],['None_Used'],1,1,Valid,0.0,0.0,27.0,27.0,['Male'],1,0,3,4,3,Dry,Straight,Level,Lowest,No
1706,4,Arizona,40790,0,2,2,0,2,WITTMANN,December,9,Saturday,21,25,Rural,Low Speed (Local),No,33.76860833,-112.51733889,Non-Intersection,Dark - Not Lighted,Clear,6:00pm-6:59pm,27,6:00pm-6:59pm,27,7:00pm-7:59pm,28,1,Dark - Unlighted,Clear,1,1,['Driver'],['None_Used'],0,0,Valid,0.0,0.0,57.0,38.0,"['Female', 'Male']",0,0,1,2,5,Dry,Straight,Level,Lowest,No
1707,4,Arizona,40791,0,2,2,0,3,PHOENIX,December,13,Wednesday,14,34,Urban,Medium Speed (Collector),No,33.56284444,-112.151525,Complex/Circle,Daylight,Clear,Unknown,Unknown,Unknown EMS Scene Arrival Hour,Unknown EMS Scene Arrival Minutes,Unknown,Unknown EMS Hospital Arrival Time,2,Daylight,Clear,2,1,"['Driver', 'Front_Passenger']","['Shoulder_Lapbelt', 'Shoulder_Lapbelt']",0,0,Valid,0.0,0.0,80.0,24.0,"['Male', 'Male']",1,0,2,4,5,Dry,Straight,Level,Lowest,No
1708,4,Arizona,40792,0,1,1,0,1,CAMERON,October,10,Tuesday,17,7,Rural,High Speed (Arterial),Yes,35.97566111,-111.39523333,Non-Intersection,Daylight,Clear,5:00pm-5:59pm,10,5:00pm-5:59pm,21,Not Applicable (Not Transported),Not Applicable (Not Transported),1,Daylight,Clear,1,0,['Driver'],['None_Used'],0,0,Invalid,0.0,0.0,83.0,83.0,['Male'],0,0,3,4,3,Dry,Straight,Level,Medium,No
1709,4,Arizona,40793,0,1,1,0,2,YOUNGTOWN,December,13,Wednesday,17,25,Urban,Medium Speed (Collector),No,33.58919722,-112.29593611,Non-Intersection,Dusk,Clear,5:00pm-5:59pm,26,5:00pm-5:59pm,38,Unknown,Unknown EMS Hospital Arrival Time,1,Twilight,Clear,1,1,['Front_Passenger'],['None_Used'],1,1,Invalid,0.0,0.0,58.0,58.0,['Female'],2,0,3,4,3,Dry,Curve,Level,Lowest,No
1710,4,Arizona,40794,0,4,4,0,7,CHANDLER,December,16,Saturday,20,23,Urban,High Speed (Arterial),Yes,33.31750278,-111.84162778,Simple Junction,Dark - Lighted,Clear,8:00pm-8:59pm,26,8:00pm-8:59pm,30,Not Applicable (Not Transported),Not Applicable (Not Transported),1,Dark - Lighted,Clear,1,6,['Driver'],['None_Used'],0,0,Invalid,0.0,1.0,40.0,21.0,"['Male', 'Male', 'Female', 'Female']",0,0,5,4,5,Dry,Straight,Level,Lowest,No
1711,4,Arizona,40795,0,1,1,0,2,PEORIA,November,26,Sunday,16,12,Urban,Medium Speed (Collector),No,33.76405,-112.34925,Non-Intersection,Dark - Lighted,Clear,4:00pm-4:59pm,13,4:00pm-4:59pm,22,4:00pm-4:59pm,55,1,Dark - Lighted,Clear,1,1,['Non_Standard_Risk'],['None_Used'],0,0,Valid,0.0,0.0,55.0,55.0,['Male'],0,0,3,1,1,Dry,Straight,Grade/Hillcrest,Lowest,No
1712,4,Arizona,40796,1,2,2,0,4,CHANDLER,November,27,Monday,7,2,Urban,Medium Speed (Collector),No,33.24776944,-111.82924167,Simple Junction,Daylight,Clear,Unknown,Unknown,Unknown EMS Scene Arrival Hour,Unknown EMS Scene Arrival Minutes,Not Applicable (Not Transported),Not Applicable (Not Transported),1,Daylight,Clear,0,4,[],[],1,1,Valid,0.0,1.0,51.0,26.0,"['Male', 'Female']",2,0,3,3,5,Dry,Straight,Level,Lowest,No
1713,4,Arizona,40797,1,2,2,0,2,FLAGSTAFF,November,20,Monday,19,20,Urban,Medium Speed (Collector),No,35.19168333,-111.66310833,Simple Junction,Dark - Lighted,Clear,6:00pm-6:59pm,6,6:00pm-6:59pm,7,6:00pm-6:59pm,26,1,Dark - Lighted,Clear,0,2,[],[],0,0,Valid,0.0,0.0,46.0,18.0,"['Male', 'Male']",0,0,3,4,5,Dry,Straight,Grade/Hillcrest,Lowest,No
1714,4,Arizona,40798,0,1,1,0,1,Other,October,9,Monday,14,50,Rural,Medium Speed (Collector),No,33.51669444,-111.45756944,Non-Intersection,Daylight,Clear,2:00pm-2:59pm,35,3:00pm-3:59pm,6,3:00pm-3:59pm,40,1,Daylight,Clear,1,0,['Driver'],['None_Used'],0,0,Valid,0.0,0.0,71.0,71.0,['Male'],1,0,5,2,3,Dry,Curve,Grade/Hillcrest,Lowest,No