,State_Code,State_Name,Crash_ID,Count_Non_Motorists,Count_Vehicles_Total,Count_Vehicle_Forms,Count_PVH_Involved,Count_Occupants_MV,City_Name,Month_Name,Day_of_Month,Day_of_Week,Crash_Hour,Crash_Minute,Area_Rural_Urban,Road_Functional_Class,On_NHS_Road,Latitude,Longitude,Intersection_Type,Light_Condition,Weather_Condition,Notif_Hour,Notif_Minute,Arrival_Hour,Arrival_Minute,Hospital_Hour,Hospital_Minute,Fatalities_Count,Clean_Light_Condition,Clean_Weather_Condition,Total_Killed,Total_Alive,Fatal_Seats_List,Killed_Restraint_List,Any_Driver_Drinking,Total_Drinking_Drivers,Driver_License_Category,Driver_Max_Prev_Accident_Count,Driver_Max_Prev_Speeding_Count,Max_Driver_Age,Min_Driver_Age,Driver_Sex_List,Total_Exceeding_Limit_Vehicles,Total_Too_Fast_Vehicles,Max_Vehicle_Type_Severity_5,Max_Vehicle_Damage_Rank,Max_Harmful_Event_Severity,Crash_Road_Surface_Condition,Crash_Horizontal_Alignment,Crash_Vertical_Profile,Crash_Impairment_Category,Crash_Vehicle_Defect
1715,4,Arizona,40799,0,2,2,0,6,DOUGLAS,September,7,Thursday,10,5,Urban,Medium Speed (Collector),No,31.34960556,-109.545475,Complex/Circle,Daylight,Clear,10:00am-10:59am,5,10:00am-10:59am,9,10:00am-10:59am,27,2,Daylight,Clear,2,4,"['Driver', 'Rear_Seat']","['None_Used', 'None_Used']",0,0,Invalid,0.0,1.0,32.0,18.0,"['Male', 'Male']",5,0,3,4,3,Dry,Straight,Level,Lowest,No
1716,4,Arizona,40800,1,2,2,0,3,MARANA,September,9,Saturday,2,16,Urban,High Speed (Arterial),Yes,32.46024444,-111.21430556,Non-Intersection,Dark - Not Lighted,Clear,2:00am-2:59am,16,2:00am-2:59am,30,Not Applicable (Not Transported),Not Applicable (Not Transported),1,Dark - Unlighted,Clear,0,3,[],[],0,0,Valid,1.0,1.0,29.0,22.0,"['Female', 'Male']",0,0,4,4,4,Dry,Straight,Level,Lowest,No
1717,4,Arizona,40801,0,2,2,0,2,CASA GRANDE,October,6,Friday,18,7,Rural,High Speed (Arterial),Yes,32.82839167,-111.92163056,Non-Intersection,Dusk,Clear,6:00pm-6:59pm,9,6:00pm-6:59pm,32,Not Applicable (Not Transported),Not Applicable (Not Transported),1,Twilight,Clear,1,1,['Driver'],['None_Used'],0,0,Valid,0.0,0.0,58.0,50.0,"['Male', 'Female']",1,0,4,4,5,Dry,Straight,Level,Lowest,No
1718,4,Arizona,40802,0,2,2,0,3,NOT APPLICABLE,October,9,Monday,16,55,Rural,Low Speed (Local),No,33.11829722,-111.49513056,Simple Junction,Daylight,Clear,Unknown,Unknown,Unknown EMS Scene Arrival Hour,Unknown EMS Scene Arrival Minutes,6:00pm-6:59pm,15,2,Daylight,Clear,2,1,"['Driver', 'Rear_Seat']","['None_Used', 'None_Used']",0,0,Valid,0.0,0.0,55.0,43.0,"['Male', 'Male']",0,0,5,1,5,Dry,Straight,Level,Lowest,No
1720,4,Arizona,40804,0,2,2,0,6,KAYENTA,October,10,Tuesday,20,38,Rural,High Speed (Arterial),Yes,36.69395278,-110.36124444,Non-Intersection,Dark - Not Lighted,Clear,8:00pm-8:59pm,39,8:00pm-8:59pm,49,Unknown,Unknown EMS Hospital Arrival Time,2,Dark - Unlighted,Clear,2,4,"['Driver', 'Front_Passenger']","['Shoulder_Lapbelt', 'Shoulder_Lapbelt']",0,0,Valid,1.0,0.0,44.0,26.0,"['Male', 'Male']",0,0,4,4,5,Dry,Curve,Grade/Hillcrest,Lowest,Yes
1721,4,Arizona,40805,0,2,2,0,5,SURPRISE,October,14,Saturday,2,11,Urban,Medium Speed (Collector),No,33.68882778,-112.4311,Simple Junction,Dark - Not Lighted,Clear,2:00am-2:59am,15,2:00am-2:59am,21,Not Applicable (Not Transported),Not Applicable (Not Transported),2,Dark - Unlighted,Clear,2,3,"['Driver', 'Front_Passenger']","['Shoulder_Lapbelt', 'Shoulder_Lapbelt']",1,1,Valid,0.0,1.0,22.0,19.0,"['Male', 'Female']",3,0,3,4,5,Dry,Straight,Level,Lowest,No
1722,4,Arizona,40806,0,1,1,0,1,TUCSON,October,15,Sunday,20,47,Urban,Medium Speed (Collector),No,32.20065833,-110.99579444,Non-Intersection,Dusk,Clear,8:00pm-8:59pm,46,8:00pm-8:59pm,50,Unknown,Unknown EMS Hospital Arrival Time,1,Twilight,Clear,1,0,['Driver'],['None_Used'],1,1,Invalid,0.0,0.0,57.0,57.0,['Male'],1,0,5,4,3,Dry,Straight,Level,Lowest,No
1724,4,Arizona,40808,1,1,1,0,1,TUCSON,November,20,Monday,20,29,Urban,Medium Speed (Collector),No,32.26481389,-110.97415833,Simple Junction,Dark - Not Lighted,Clear,8:00pm-8:59pm,29,8:00pm-8:59pm,33,8:00pm-8:59pm,50,1,Dark - Unlighted,Clear,0,1,[],[],0,0,Valid,0.0,0.0,30.0,30.0,['Male'],0,0,2,2,4,Dry,Straight,Level,Lowest,No
1725,4,Arizona,40809,0,2,2,0,3,FLAGSTAFF,November,14,Tuesday,18,16,Rural,High Speed (Arterial),Yes,35.50429722,-111.54925833,Non-Intersection,Dark - Not Lighted,Clear,6:00pm-6:59pm,24,6:00pm-6:59pm,41,Unknown,Unknown EMS Hospital Arrival Time,1,Dark - Unlighted,Clear,1,2,['Front_Passenger'],['Shoulder_Lapbelt'],1,1,Valid,0.0,0.0,35.0,25.0,"['Female', 'Female']",1,0,3,4,3,Dry,Straight,Grade/Hillcrest,Lowest,No
1726,4,Arizona,40810,1,1,1,0,1,TUCSON,October,5,Thursday,6,21,Urban,High Speed (Arterial),Yes,32.23627778,-110.91353611,Simple Junction,Daylight,Clear,6:00am-6:59am,23,6:00am-6:59am,23,Not Applicable (Not Transported),Not Applicable (Not Transported),1,Daylight,Clear,0,0,[],[],0,0,Valid,0.0,0.0,66.0,66.0,['Male'],1,0,3,3,4,Dry,Straight,Level,Lowest,No
1727,4,Arizona,40811,0,1,1,0,8,SCOTTSDALE,December,2,Saturday,0,55,Urban,Medium Speed (Collector),No,33.72695278,-111.90868056,Complex/Circle,Dark - Not Lighted,Clear,0:00am-0:59am,55,1:00am-1:59am,0,1:00am-1:59am,30,1,Dark - Unlighted,Clear,1,7,['Front_Passenger'],['Shoulder_Lapbelt'],0,0,Invalid,0.0,0.0,14.0,14.0,['Male'],8,0,5,2,3,Dry,Straight,Grade/Hillcrest,Lowest,No
1728,4,Arizona,40812,1,1,1,0,1,MANY FARMS,January,7,Saturday,19,53,Rural,Medium Speed (Collector),No,36.37287778,-109.61282222,Non-Intersection,Reported as Unknown,Reported as Unknown,Unknown,Unknown,Unknown EMS Scene Arrival Hour,Unknown EMS Scene Arrival Minutes,0:00am-0:59am,0,1,Dark - Unlighted,Clear,0,0,[],[],0,0,Invalid,0.0,0.0,998.0,998.0,['Other'],0,0,1,0,4,Dry,Straight,Level,Lowest,No
1729,4,Arizona,40813,0,2,2,0,3,WINSLOW,December,2,Saturday,21,23,Rural,Medium Speed (Collector),No,35.11234722,-110.51953611,Non-Intersection,Dark - Not Lighted,Cloudy,9:00pm-9:59pm,31,9:00pm-9:59pm,50,Unknown,Unknown EMS Hospital Arrival Time,2,Dark - Unlighted,Reduced Visibility,2,1,"['Driver', 'Driver']","['None_Used', 'Shoulder_Lapbelt']",1,2,Valid,0.0,1.0,52.0,26.0,"['Male', 'Male']",0,0,3,4,3,Dry,Straight,Level,Lowest,No
1730,4,Arizona,40814,0,1,1,0,2,SAN MANUEL,January,11,Wednesday,9,23,Rural,Low Speed (Local),No,32.597325,-110.63193333,Non-Intersection,Daylight,Reported as Unknown,Unknown,Unknown,Unknown EMS Scene Arrival Hour,Unknown EMS Scene Arrival Minutes,Not Applicable (Not Transported),Not Applicable (Not Transported),1,Daylight,Clear,1,1,['Front_Passenger'],['None_Used'],0,0,Invalid,0.0,0.0,998.0,998.0,['Other'],0,0,1,1,1,Dry,Straight,Level,Lowest,No
1731,4,Arizona,40815,0,1,1,0,1,QUEEN CREEK,December,3,Sunday,17,26,Urban,Medium Speed (Collector),No,33.23726111,-111.60466944,Non-Intersection,Dusk,Clear,5:00pm-5:59pm,26,5:00pm-5:59pm,37,Not Applicable (Not Transported),Not Applicable (Not Transported),1,Twilight,Clear,1,0,['Driver'],['None_Used'],0,0,Valid,0.0,1.0,19.0,19.0,['Male'],1,0,5,4,2,Dry,Straight,Level,Lowest,No
1734,4,Arizona,40818,1,1,1,0,1,PRESCOTT,December,10,Sunday,1,25,Urban,Medium Speed (Collector),No,34.54244444,-112.45689444,Simple Junction,Dark - Lighted,Clear,1:00am-1:59am,25,1:00am-1:59am,32,2:00am-2:59am,27,1,Dark - Lighted,Clear,0,1,[],[],0,0,Valid,0.0,1.0,30.0,30.0,['Male'],0,0,2,2,4,Dry,Straight,Level,Lowest,No
1735,4,Arizona,40819,0,1,1,0,1,GOODYEAR,December,12,Tuesday,8,38,Rural,Low Speed (Local),No,33.18781111,-112.37617222,Non-Intersection,Daylight,Clear,8:00am-8:59am,38,9:00am-9:59am,1,10:00am-10:59am,21,1,Daylight,Clear,1,0,['Driver'],['Shoulder_Lapbelt'],0,0,Valid,0.0,0.0,69.0,69.0,['Male'],1,0,3,4,3,Dry,Curve,Level,Lowest,No
1736,4,Arizona,40820,0,2,2,0,3,GILBERT,December,13,Wednesday,18,5,Urban,Medium Speed (Collector),No,33.33366389,-111.80706111,Complex/Circle,Dark - Lighted,Clear,6:00pm-6:59pm,5,6:00pm-6:59pm,8,Unknown,Unknown EMS Hospital Arrival Time,1,Dark - Lighted,Clear,1,2,['Driver'],['None_Used'],1,1,Valid,0.0,0.0,76.0,31.0,"['Female', 'Male']",0,0,5,4,5,Dry,Straight,Level,Lowest,No
1737,4,Arizona,40821,0,3,3,0,3,PHOENIX,December,14,Thursday,21,5,Urban,Medium Speed (Collector),No,33.46381111,-111.97844444,Simple Junction,Dark - Lighted,Clear,Unknown,Unknown,Unknown EMS Scene Arrival Hour,Unknown EMS Scene Arrival Minutes,Unknown,Unknown EMS Hospital Arrival Time,1,Dark - Lighted,Clear,1,1,['Driver'],['None_Used'],0,0,Invalid,0.0,1.0,998.0,44.0,"['Other', 'Male', 'Female']",0,0,5,4,5,Dry,Straight,Level,Lowest,No
1738,4,Arizona,40822,0,2,2,0,5,GLENDALE,October,6,Friday,19,32,Urban,Medium Speed (Collector),No,33.59640278,-112.18596944,Complex/Circle,Dark - Lighted,Clear,7:00pm-7:59pm,32,7:00pm-7:59pm,35,7:00pm-7:59pm,44,1,Dark - Lighted,Clear,1,4,['Driver'],['None_Used'],0,0,Valid,0.0,0.0,38.0,17.0,"['Female', 'Male']",0,0,5,4,5,Dry,Straight,Level,Lowest,No
1739,4,Arizona,40823,1,1,1,0,1,AVONDALE,December,16,Saturday,12,43,Urban,Medium Speed (Collector),No,33.49272222,-112.29850833,Non-Intersection,Daylight,Clear,Unknown,Unknown,Unknown EMS Scene Arrival Hour,Unknown EMS Scene Arrival Minutes,Unknown,Unknown EMS Hospital Arrival Time,1,Daylight,Clear,0,1,[],[],0,0,Valid,0.0,0.0,49.0,49.0,['Male'],0,0,3,3,4,Dry,Straight,Level,Lowest,No
1740,4,Arizona,40824,0,2,2,0,2,MESA,December,23,Saturday,5,32,Urban,Medium Speed (Collector),No,33.42231389,-111.5964,Simple Junction,Dark - Not Lighted,Rain,5:00am-5:59am,32,5:00am-5:59am,39,Not Applicable (Not Transported),Not Applicable (Not Transported),1,Dark - Unlighted,Rain/Wind/Minor,1,1,['Driver'],['None_Used'],1,1,Invalid,0.0,0.0,43.0,22.0,"['Male', 'Male']",0,0,5,4,5,Wet/Standing Water,Straight,Level,Lowest,No
1741,4,Arizona,40825,0,2,2,0,2,PEORIA,December,25,Monday,12,27,Urban,Medium Speed (Collector),No,33.55183611,-112.25505278,Simple Junction,Daylight,Clear,12:00pm-12:59pm,27,Unknown EMS Scene Arrival Hour,Unknown EMS Scene Arrival Minutes,Unknown,Unknown EMS Hospital Arrival Time,1,Daylight,Clear,1,1,['Driver'],['None_Used'],0,0,Invalid,0.0,1.0,75.0,68.0,"['Female', 'Male']",0,0,3,4,5,Dry,Straight,Level,Lowest,No
1742,4,Arizona,40826,0,1,1,0,1,NOT APPLICABLE,January,15,Sunday,8,12,Rural,Medium Speed (Collector),No,34.352525,-109.83066944,Non-Intersection,Not Reported,Not Reported,Unknown,Unknown,Unknown EMS Scene Arrival Hour,Unknown EMS Scene Arrival Minutes,Not Applicable (Not Transported),Not Applicable (Not Transported),1,Dark - Unlighted,Clear,1,0,['Driver'],['None_Used'],0,0,Valid,0.0,0.0,27.0,27.0,['Male'],0,0,1,0,3,Dry,Straight,Level,Lowest,No
1743,4,Arizona,40827,0,1,1,0,2,COOLIDGE,January,15,Sunday,6,27,Rural,Medium Speed (Collector),No,32.99666667,-111.61848611,Non-Intersection,Dawn,Cloudy,6:00am-6:59am,27,6:00am-6:59am,31,Unknown,Unknown EMS Hospital Arrival Time,1,Twilight,Reduced Visibility,1,1,['Front_Passenger'],['None_Used'],1,1,Valid,0.0,0.0,28.0,28.0,['Female'],2,0,2,4,3,Dry,Curve,Level,Lowest,No
1744,4,Arizona,40828,0,2,2,0,6,SELLS,March,2,Thursday,23,21,Rural,Medium Speed (Collector),No,32.18377222,-112.35769167,Simple Junction,Dark - Unknown Lighting,Not Reported,Unknown,Unknown,Unknown EMS Scene Arrival Hour,Unknown EMS Scene Arrival Minutes,Unknown,Unknown EMS Hospital Arrival Time,4,Dark - Unlighted,Clear,4,0,"['Front_Passenger', 'Front_Passenger', 'Front_Passenger', 'Front_Passenger']","['Shoulder_Lapbelt', 'Shoulder_Lapbelt', 'Shoulder_Lapbelt', 'Shoulder_Lapbelt']",0,0,Invalid,0.0,0.0,998.0,998.0,"['Other', 'Other']",0,0,1,0,5,Dry,Straight,Level,Lowest,No
1745,4,Arizona,40829,1,3,3,0,2,RIMROCK,November,27,Monday,17,4,Rural,High Speed (Arterial),Yes,34.63739444,-111.82235556,Non-Intersection,Dusk,Clear,5:00pm-5:59pm,8,5:00pm-5:59pm,9,Not Applicable (Not Transported),Not Applicable (Not Transported),1,Twilight,Clear,0,2,[],[],0,0,Valid,0.0,0.0,75.0,75.0,['Male'],1,0,3,4,5,Dry,Straight,Grade/Hillcrest,Lowest,No
1746,4,Arizona,40830,0,2,2,0,2,PHOENIX,November,27,Monday,18,52,Urban,High Speed (Arterial),Yes,33.64047778,-111.96001389,Complex/Circle,Dark - Lighted,Clear,Unknown,Unknown,Unknown EMS Scene Arrival Hour,Unknown EMS Scene Arrival Minutes,Unknown,Unknown EMS Hospital Arrival Time,1,Dark - Lighted,Clear,1,1,['Driver'],['None_Used'],1,1,Valid,1.0,0.0,47.0,31.0,"['Female', 'Male']",0,0,5,4,5,Dry,Straight,Level,Lowest,No
1747,4,Arizona,40832,1,1,1,0,1,BUCKEYE,September,21,Thursday,6,30,Rural,Medium Speed (Collector),No,33.66053611,-112.61634167,Complex/Circle,Dawn,Clear,6:00am-6:59am,30,6:00am-6:59am,45,7:00am-7:59am,15,1,Twilight,Clear,0,1,[],[],0,0,Valid,0.0,0.0,47.0,47.0,['Female'],0,0,3,0,4,Dry,Straight,Level,Lowest,No
1748,4,Arizona,40833,0,3,3,0,5,NEW RIVER,December,17,Sunday,16,48,Urban,High Speed (Arterial),Yes,33.87280278,-112.1464,Non-Intersection,Daylight,Clear,4:00pm-4:59pm,48,4:00pm-4:59pm,56,5:00pm-5:59pm,32,1,Daylight,Clear,1,4,['Driver'],['Shoulder_Lapbelt'],0,0,Valid,0.0,2.0,69.0,22.0,"['Male', 'Female', 'Male']",1,0,3,4,5,Dry,Straight,Level,Lowest,No
1749,4,Arizona,40834,1,1,1,0,1,LAVEEN,January,26,Thursday,21,42,Urban,Medium Speed (Collector),No,33.32722778,-112.16915,Non-Intersection,Dark - Lighted,Clear,9:00pm-9:59pm,42,9:00pm-9:59pm,46,Not Applicable (Not Transported),Not Applicable (Not Transported),1,Dark - Lighted,Clear,0,1,[],[],0,0,Valid,0.0,0.0,29.0,29.0,['Male'],0,0,2,3,4,Dry,Straight,Level,Lowest,No
1750,4,Arizona,40835,1,1,1,0,1,PHOENIX,May,17,Wednesday,7,19,Urban,Medium Speed (Collector),No,33.43510833,-111.99985278,Non-Intersection,Dark - Lighted,Clear,7:00am-7:59am,20,7:00am-7:59am,37,7:00am-7:59am,51,1,Dark - Lighted,Clear,0,1,[],[],0,0,Valid,0.0,0.0,22.0,22.0,['Female'],0,0,3,3,4,Dry,Straight,Level,Lowest,No
1751,4,Arizona,40836,0,1,1,0,3,BLACK CANYON CITY,July,28,Friday,20,29,Rural,High Speed (Arterial),Yes,34.09038333,-112.143725,Non-Intersection,Dark - Not Lighted,Clear,8:00pm-8:59pm,32,8:00pm-8:59pm,37,9:00pm-9:59pm,23,1,Dark - Unlighted,Clear,1,2,['Front_Passenger'],['None_Used'],0,0,Valid,0.0,0.0,20.0,20.0,['Male'],3,0,2,4,3,Dry,Curve,Level,Medium,No
1752,4,Arizona,40837,0,2,2,0,3,PHOENIX,October,11,Wednesday,18,41,Urban,Medium Speed (Collector),No,33.509525,-112.11753889,Non-Intersection,Dark - Lighted,Clear,6:00pm-6:59pm,44,6:00pm-6:59pm,48,7:00pm-7:59pm,6,1,Dark - Lighted,Clear,1,2,['Front_Passenger'],['None_Used'],0,0,Invalid,0.0,0.0,47.0,25.0,"['Male', 'Male']",0,0,2,4,5,Dry,Straight,Level,Medium,No
1753,4,Arizona,40838,0,2,2,0,3,SUN CITY,July,29,Saturday,10,30,Urban,Medium Speed (Collector),No,33.5923,-112.281275,Simple Junction,Daylight,Clear,10:00am-10:59am,30,10:00am-10:59am,40,Not Applicable (Not Transported),Not Applicable (Not Transported),1,Daylight,Clear,1,2,['Driver'],['None_Used'],0,0,Valid,0.0,0.0,82.0,69.0,"['Male', 'Male']",0,0,5,4,5,Dry,Straight,Level,Lowest,No
1754,4,Arizona,40840,0,1,1,0,1,PHOENIX,March,3,Friday,2,10,Rural,Low Speed (Local),No,33.47081944,-112.16861944,Non-Intersection,Dark - Unknown Lighting,Not Reported,Unknown,Unknown,Unknown EMS Scene Arrival Hour,Unknown EMS Scene Arrival Minutes,Unknown,Unknown EMS Hospital Arrival Time,1,Dark - Unlighted,Clear,1,0,['Driver'],['Shoulder_Lapbelt'],0,0,Valid,0.0,0.0,21.0,21.0,['Male'],0,0,1,0,1,Dry,Straight,Level,Lowest,No
1755,4,Arizona,40841,0,2,2,0,6,MESA,April,15,Saturday,13,40,Rural,Medium Speed (Collector),No,33.57568056,-111.54158056,Simple Junction,Daylight,Clear,1:00pm-1:59pm,40,1:00pm-1:59pm,55,2:00pm-2:59pm,20,2,Daylight,Clear,2,4,"['Driver', 'Rear_Seat']","['None_Used', 'None_Used']",1,1,Valid,0.0,1.0,41.0,17.0,"['Male', 'Male']",0,0,5,4,5,Dry,Straight,Level,Lowest,No
1756,4,Arizona,40842,0,3,3,0,4,TEMPE,March,29,Wednesday,14,30,Urban,Medium Speed (Collector),No,99.9999,999.9999,Non-Intersection,Daylight,Not Reported,Unknown,Unknown,Unknown EMS Scene Arrival Hour,Unknown EMS Scene Arrival Minutes,Unknown,Unknown EMS Hospital Arrival Time,1,Daylight,Clear,1,3,['Front_Passenger'],['Shoulder_Lapbelt'],1,1,Invalid,0.0,1.0,998.0,22.0,"['Male', 'Other', 'Other']",2,0,3,4,5,Dry,Straight,Grade/Hillcrest,Lowest,No
1757,4,Arizona,40843,1,1,1,0,1,PHOENIX,August,15,Tuesday,20,8,Urban,Medium Speed (Collector),No,33.46605278,-112.17232778,Non-Intersection,Dark - Lighted,Clear,Unknown,Unknown,Unknown EMS Scene Arrival Hour,Unknown EMS Scene Arrival Minutes,Unknown,Unknown EMS Hospital Arrival Time,1,Dark - Lighted,Clear,0,0,[],[],0,0,Invalid,0.0,0.0,998.0,998.0,['Other'],0,0,1,0,4,Dry,Straight,Level,Lowest,No
1758,4,Arizona,40844,1,2,2,0,3,PHOENIX,August,31,Thursday,23,53,Urban,High Speed (Arterial),Yes,33.64026111,-112.091275,Complex/Circle,Dark - Lighted,Rain,11:00pm-11:59pm,55,1:00am-1:59am,0,Not Applicable (Not Transported),Not Applicable (Not Transported),1,Dark - Lighted,Rain/Wind/Minor,0,3,[],[],0,0,Valid,0.0,1.0,52.0,19.0,"['Female', 'Male']",0,0,3,3,4,Wet/Standing Water,Straight,Level,Lowest,No
1759,4,Arizona,40845,0,3,3,0,5,GLENDALE,April,18,Tuesday,17,42,Urban,High Speed (Arterial),Yes,33.65986111,-112.16900833,Non-Intersection,Daylight,Clear,Unknown,Unknown,Unknown EMS Scene Arrival Hour,Unknown EMS Scene Arrival Minutes,Unknown,Unknown EMS Hospital Arrival Time,1,Daylight,Clear,1,4,['Driver'],['Shoulder_Lapbelt'],0,0,Valid,0.0,1.0,66.0,26.0,"['Male', 'Female', 'Female']",0,0,3,4,5,Dry,Straight,Level,Lowest,No
1760,4,Arizona,40846,1,1,1,0,1,AVONDALE,October,11,Wednesday,19,56,Urban,Medium Speed (Collector),No,33.43551389,-112.29398611,Non-Intersection,Dark - Lighted,Clear,7:00pm-7:59pm,59,8:00pm-8:59pm,1,Not Applicable (Not Transported),Not Applicable (Not Transported),1,Dark - Lighted,Clear,0,1,[],[],0,0,Invalid,0.0,0.0,41.0,41.0,['Male'],0,0,2,3,4,Dry,Straight,Level,Lowest,No
1761,4,Arizona,40847,0,3,3,0,3,TEMPE,September,2,Saturday,21,32,Urban,High Speed (Arterial),Yes,33.436175,-111.91921389,Non-Intersection,Dark - Lighted,Clear,9:00pm-9:59pm,40,9:00pm-9:59pm,45,10:00pm-10:59pm,3,1,Dark - Lighted,Clear,1,2,['Driver'],['Shoulder_Lapbelt'],1,1,Invalid,0.0,1.0,998.0,28.0,"['Other', 'Male', 'Female']",1,0,3,4,5,Dry,Straight,Level,Lowest,No
1762,4,Arizona,40848,0,2,2,0,3,HOLBROOK,September,3,Sunday,17,16,Rural,Medium Speed (Collector),No,34.67700278,-110.31440833,Non-Intersection,Daylight,Clear,5:00pm-5:59pm,19,5:00pm-5:59pm,35,Unknown,Unknown EMS Hospital Arrival Time,2,Daylight,Clear,2,1,"['Driver', 'Front_Passenger']","['Shoulder_Lapbelt', 'Shoulder_Lapbelt']",0,0,Valid,0.0,0.0,62.0,32.0,"['Male', 'Male']",0,0,4,4,5,Dry,Straight,Level,Lowest,No
1763,4,Arizona,40849,1,1,1,0,1,PHOENIX,June,29,Thursday,6,44,Urban,Medium Speed (Collector),No,33.508675,-112.04760833,Non-Intersection,Not Reported,Not Reported,Unknown,Unknown,Unknown EMS Scene Arrival Hour,Unknown EMS Scene Arrival Minutes,Unknown,Unknown EMS Hospital Arrival Time,1,Dark - Unlighted,Clear,0,1,[],[],0,0,Valid,0.0,0.0,60.0,60.0,['Male'],0,0,4,1,4,Dry,Straight,Level,Lowest,No
1764,4,Arizona,40850,0,3,3,0,4,SCOTTSDALE,September,4,Monday,2,47,Urban,High Speed (Arterial),Yes,33.53098611,-111.88471389,Non-Intersection,Dark - Not Lighted,Clear,2:00am-2:59am,52,3:00am-3:59am,11,Unknown,Unknown EMS Hospital Arrival Time,1,Dark - Unlighted,Clear,1,3,['Driver'],['None_Used'],1,1,Valid,0.0,1.0,56.0,21.0,"['Female', 'Male', 'Male']",0,0,5,4,5,Dry,Straight,Level,Lowest,No
1765,4,Arizona,40851,1,1,1,0,1,PHOENIX,June,29,Thursday,10,19,Urban,Medium Speed (Collector),No,33.52743889,-112.04757222,Complex/Circle,Daylight,Clear,Unknown,Unknown,Unknown EMS Scene Arrival Hour,Unknown EMS Scene Arrival Minutes,Unknown,Unknown EMS Hospital Arrival Time,1,Daylight,Clear,0,1,[],[],0,0,Invalid,0.0,0.0,33.0,33.0,['Female'],0,0,3,1,4,Dry,Straight,Level,Lowest,No
1766,4,Arizona,40852,0,1,1,0,1,TEMPE,October,11,Wednesday,22,12,Urban,Medium Speed (Collector),No,33.42914722,-111.93332778,Non-Intersection,Dark - Lighted,Clear,Unknown,Unknown,Unknown EMS Scene Arrival Hour,Unknown EMS Scene Arrival Minutes,Not Applicable (Not Transported),Not Applicable (Not Transported),1,Dark - Lighted,Clear,1,0,['Driver'],['None_Used'],1,1,Valid,0.0,0.0,52.0,52.0,['Male'],0,0,5,4,2,Dry,Curve,Level,Lowest,No
1767,4,Arizona,40853,0,1,1,0,1,BUCKEYE,September,7,Thursday,14,23,Rural,Medium Speed (Collector),No,33.22065,-112.74242778,Non-Intersection,Daylight,Clear,2:00pm-2:59pm,24,2:00pm-2:59pm,44,Not Applicable (Not Transported),Not Applicable (Not Transported),1,Daylight,Clear,1,0,['Driver'],['None_Used'],1,1,Invalid,0.0,0.0,26.0,26.0,['Male'],1,0,2,4,2,Dry,Curve,Level,Lowest,No
1768,4,Arizona,40854,0,2,2,0,3,VAIL,September,24,Sunday,21,40,Rural,High Speed (Arterial),Yes,31.98821389,-110.58725833,Non-Intersection,Dark - Not Lighted,Clear,9:00pm-9:59pm,21,9:00pm-9:59pm,35,Unknown,Unknown EMS Hospital Arrival Time,1,Dark - Unlighted,Clear,1,2,['Driver'],['Shoulder_Lapbelt'],0,0,Valid,0.0,0.0,84.0,18.0,"['Male', 'Male']",0,0,3,4,3,Dry,Straight,Level,Lowest,No
1769,4,Arizona,40856,0,2,2,0,4,TUCSON,September,29,Friday,18,37,Urban,Medium Speed (Collector),No,32.20843333,-110.79561944,Non-Intersection,Dark - Not Lighted,Clear,6:00pm-6:59pm,37,6:00pm-6:59pm,40,Unknown,Unknown EMS Hospital Arrival Time,1,Dark - Unlighted,Clear,1,3,['Front_Passenger'],['Shoulder_Lapbelt'],1,1,Valid,0.0,1.0,72.0,21.0,"['Male', 'Female']",0,0,2,4,5,Dry,Straight,Level,Lowest,No
1770,4,Arizona,40857,1,1,1,0,1,TUCSON,October,3,Tuesday,18,28,Urban,Medium Speed (Collector),No,32.23552778,-111.006375,Non-Intersection,Dark - Not Lighted,Clear,6:00pm-6:59pm,27,6:00pm-6:59pm,32,Not Applicable (Not Transported),Not Applicable (Not Transported),1,Dark - Unlighted,Clear,0,1,[],[],0,0,Valid,0.0,0.0,60.0,60.0,['Female'],0,0,3,2,4,Dry,Straight,Level,Lowest,No
1771,4,Arizona,40858,0,2,2,0,4,PHOENIX,October,16,Monday,19,0,Urban,High Speed (Arterial),No,33.45865556,-111.99544722,Complex/Circle,Dark - Not Lighted,Clear,7:00pm-7:59pm,3,7:00pm-7:59pm,5,7:00pm-7:59pm,30,2,Dark - Unlighted,Clear,2,2,"['Driver', 'Front_Passenger']","['Shoulder_Lapbelt', 'Shoulder_Lapbelt']",0,0,Valid,0.0,0.0,49.0,31.0,"['Female', 'Male']",1,0,3,4,5,Dry,Straight,Grade/Hillcrest,Lowest,No
1772,4,Arizona,40859,0,1,1,0,1,Other,October,11,Wednesday,23,30,Rural,High Speed (Arterial),Yes,35.08682778,-110.898675,Non-Intersection,Dark - Not Lighted,Clear,11:00pm-11:59pm,42,11:00pm-11:59pm,57,Not Applicable (Not Transported),Not Applicable (Not Transported),1,Dark - Unlighted,Clear,1,0,['Driver'],['None_Used'],0,0,Valid,0.0,0.0,52.0,52.0,['Female'],0,0,3,4,3,Dry,Straight,Level,Lowest,No
1773,4,Arizona,40860,1,1,1,0,1,PHOENIX,October,19,Thursday,11,44,Urban,High Speed (Arterial),Yes,33.63942778,-112.15260278,Non-Intersection,Daylight,Clear,Unknown,Unknown,Unknown EMS Scene Arrival Hour,Unknown EMS Scene Arrival Minutes,Not Applicable (Not Transported),Not Applicable (Not Transported),1,Daylight,Clear,0,1,[],[],0,0,Valid,0.0,0.0,69.0,69.0,['Male'],0,0,3,2,4,Dry,Straight,Level,Lowest,No
1774,4,Arizona,40861,0,1,1,0,1,AVONDALE,October,21,Saturday,17,28,Urban,Medium Speed (Collector),No,33.46359444,-112.32117222,Non-Intersection,Daylight,Clear,5:00pm-5:59pm,28,5:00pm-5:59pm,33,Not Applicable (Not Transported),Not Applicable (Not Transported),1,Daylight,Clear,1,0,['Driver'],['None_Used'],1,1,Valid,0.0,0.0,61.0,61.0,['Male'],1,0,5,4,2,Dry,Curve,Level,Lowest,No