,State_Code,State_Name,Crash_ID,Count_Non_Motorists,Count_Vehicles_Total,Count_Vehicle_Forms,Count_PVH_Involved,Count_Occupants_MV,City_Name,Month_Name,Day_of_Month,Day_of_Week,Crash_Hour,Crash_Minute,Area_Rural_Urban,Road_Functional_Class,On_NHS_Road,Latitude,Longitude,Intersection_Type,Light_Condition,Weather_Condition,Notif_Hour,Notif_Minute,Arrival_Hour,Arrival_Minute,Hospital_Hour,Hospital_Minute,Fatalities_Count,Clean_Light_Condition,Clean_Weather_Condition,Total_Killed,Total_Alive,Fatal_Seats_List,Killed_Restraint_List,Any_Driver_Drinking,Total_Drinking_Drivers,Driver_License_Category,Driver_Max_Prev_Accident_Count,Driver_Max_Prev_Speeding_Count,Max_Driver_Age,Min_Driver_Age,Driver_Sex_List,Total_Exceeding_Limit_Vehicles,Total_Too_Fast_Vehicles,Max_Vehicle_Type_Severity_5,Max_Vehicle_Damage_Rank,Max_Harmful_Event_Severity,Crash_Road_Surface_Condition,Crash_Horizontal_Alignment,Crash_Vertical_Profile,Crash_Impairment_Category,Crash_Vehicle_Defect
1775,4,Arizona,40862,0,3,3,0,4,TUCSON,October,22,Sunday,14,1,Urban,High Speed (Arterial),Yes,32.11025278,-110.85144722,Non-Intersection,Daylight,Clear,2:00pm-2:59pm,5,2:00pm-2:59pm,10,Unknown,Unknown EMS Hospital Arrival Time,1,Daylight,Clear,1,3,['Driver'],['None_Used'],0,0,Valid,0.0,3.0,56.0,26.0,"['Male', 'Female', 'Male']",0,0,4,4,5,Dry,Straight,Level,Lowest,No
1777,4,Arizona,40865,2,1,1,0,1,TUCSON,October,22,Sunday,18,41,Urban,Medium Speed (Collector),No,32.13388333,-111.00097778,Non-Intersection,Dark - Not Lighted,Clear,6:00pm-6:59pm,41,6:00pm-6:59pm,45,Unknown,Unknown EMS Hospital Arrival Time,1,Dark - Unlighted,Clear,0,1,[],[],0,0,Valid,0.0,0.0,24.0,24.0,['Male'],0,0,3,3,4,Dry,Straight,Level,Lowest,No
1778,4,Arizona,40866,0,1,1,0,1,MAYER,October,26,Thursday,16,33,Rural,High Speed (Arterial),Yes,34.47013611,-112.02349722,Non-Intersection,Daylight,Clear,4:00pm-4:59pm,43,4:00pm-4:59pm,52,Not Applicable (Not Transported),Not Applicable (Not Transported),1,Daylight,Clear,1,0,['Driver'],['None_Used'],0,0,Valid,0.0,0.0,63.0,63.0,['Male'],0,0,5,4,2,Dry,Curve,Level,Lowest,No
1779,4,Arizona,40867,0,2,2,0,4,BUCKEYE,October,27,Friday,11,26,Rural,Medium Speed (Collector),No,33.34797222,-112.72319444,Non-Intersection,Daylight,Clear,11:00am-11:59am,28,11:00am-11:59am,45,Unknown,Unknown EMS Hospital Arrival Time,1,Daylight,Clear,1,3,['Driver'],['None_Used'],0,0,Valid,0.0,0.0,63.0,36.0,"['Female', 'Male']",0,0,3,4,5,Dry,Curve,Level,Lowest,No
1780,4,Arizona,40868,0,1,1,0,1,NOT APPLICABLE,October,28,Saturday,99,99,Urban,High Speed (Arterial),Yes,33.83788889,-112.14418889,Non-Intersection,Dark - Lighted,Clear,0:00am-0:59am,13,0:00am-0:59am,22,Not Applicable (Not Transported),Not Applicable (Not Transported),1,Dark - Lighted,Clear,1,0,['Driver'],['None_Used'],0,0,Valid,0.0,0.0,19.0,19.0,['Male'],1,0,3,4,3,Dry,Straight,Level,Lowest,No
1781,4,Arizona,40869,0,2,2,0,2,TUCSON,November,3,Friday,14,14,Urban,Medium Speed (Collector),No,32.14862222,-110.96174444,Complex/Circle,Daylight,Clear,2:00pm-2:59pm,13,2:00pm-2:59pm,16,2:00pm-2:59pm,30,1,Daylight,Clear,1,1,['Driver'],['Shoulder_Lapbelt'],0,0,Valid,0.0,2.0,68.0,19.0,"['Male', 'Male']",0,0,3,4,5,Dry,Straight,Level,Lowest,No
1782,4,Arizona,40870,0,2,2,0,2,PHOENIX,November,4,Saturday,19,12,Urban,Medium Speed (Collector),No,33.62526667,-112.13361111,Complex/Circle,Dark - Lighted,Clear,Unknown,Unknown,Unknown EMS Scene Arrival Hour,Unknown EMS Scene Arrival Minutes,Unknown,Unknown EMS Hospital Arrival Time,1,Dark - Lighted,Clear,1,1,['Driver'],['None_Used'],0,0,Valid,0.0,0.0,68.0,30.0,"['Male', 'Male']",0,0,5,4,5,Dry,Straight,Level,Lowest,No
1783,4,Arizona,40871,0,3,3,0,5,KIRKLAND,November,5,Sunday,15,34,Rural,Medium Speed (Collector),No,34.28023611,-112.72274167,Non-Intersection,Daylight,Clear,3:00pm-3:59pm,34,3:00pm-3:59pm,35,Not Applicable (Not Transported),Not Applicable (Not Transported),1,Daylight,Clear,1,4,['Driver'],['None_Used'],0,0,Invalid,0.0,0.0,32.0,24.0,"['Male', 'Male', 'Male']",1,0,5,4,5,Dry,Curve,Level,Lowest,No
1784,4,Arizona,40872,1,1,1,0,2,COTTONWOOD,October,12,Thursday,19,29,Urban,Medium Speed (Collector),No,34.73386667,-112.00986111,Simple Junction,Dark - Not Lighted,Clear,7:00pm-7:59pm,29,7:00pm-7:59pm,37,Not Applicable (Not Transported),Not Applicable (Not Transported),1,Dark - Unlighted,Clear,0,2,[],[],1,1,Valid,0.0,1.0,27.0,27.0,['Male'],2,0,3,3,4,Dry,Straight,Level,Lowest,No
1785,4,Arizona,40873,1,1,1,0,1,GLENDALE,November,5,Sunday,16,29,Urban,Medium Speed (Collector),No,33.58195833,-112.15733056,Non-Intersection,Dusk,Clear,4:00pm-4:59pm,29,4:00pm-4:59pm,32,4:00pm-4:59pm,53,1,Twilight,Clear,0,1,[],[],0,0,Valid,0.0,0.0,48.0,48.0,['Female'],0,0,3,3,4,Dry,Straight,Level,Lowest,No
1786,4,Arizona,40874,0,3,3,0,3,AVONDALE,November,9,Thursday,10,25,Urban,High Speed (Arterial),Yes,33.45841111,-112.31285,Non-Intersection,Daylight,Clear,10:00am-10:59am,31,10:00am-10:59am,40,10:00am-10:59am,49,1,Daylight,Clear,1,2,['Driver'],['Shoulder_Lapbelt'],0,0,Valid,0.0,2.0,68.0,30.0,"['Male', 'Male', 'Male']",1,0,3,4,5,Dry,Straight,Level,Lowest,No
1787,4,Arizona,40875,0,2,2,0,2,GLENDALE,November,9,Thursday,16,4,Urban,High Speed (Arterial),Yes,33.54569444,-112.19454722,Complex/Circle,Daylight,Clear,4:00pm-4:59pm,5,4:00pm-4:59pm,5,Not Applicable (Not Transported),Not Applicable (Not Transported),1,Daylight,Clear,1,1,['Driver'],['None_Used'],0,0,Invalid,0.0,0.0,35.0,27.0,"['Female', 'Male']",1,0,5,4,5,Dry,Straight,Level,Lowest,No
1788,4,Arizona,40876,0,2,2,0,3,TUCSON,November,11,Saturday,11,38,Urban,Medium Speed (Collector),No,32.16305556,-110.94346944,Non-Intersection,Daylight,Clear,11:00am-11:59am,38,11:00am-11:59am,44,Unknown,Unknown EMS Hospital Arrival Time,1,Daylight,Clear,1,2,['Driver'],['None_Used'],1,1,Valid,0.0,0.0,61.0,22.0,"['Male', 'Female']",0,0,3,4,5,Dry,Straight,Level,Lowest,No
1789,4,Arizona,40877,0,1,1,0,1,ORO VALLEY,November,12,Sunday,5,44,Urban,Medium Speed (Collector),No,32.43918056,-110.97146667,Simple Junction,Dark - Not Lighted,Clear,5:00am-5:59am,45,5:00am-5:59am,50,Not Applicable (Not Transported),Not Applicable (Not Transported),1,Dark - Unlighted,Clear,1,0,['Driver'],['None_Used'],1,1,Valid,0.0,0.0,46.0,46.0,['Male'],1,0,5,4,3,Dry,Curve,Level,Lowest,No
1790,4,Arizona,40878,0,2,2,0,2,PHOENIX,October,13,Friday,7,23,Urban,High Speed (Arterial),Yes,33.49499444,-112.09985278,Complex/Circle,Dawn,Clear,Unknown,Unknown,Unknown EMS Scene Arrival Hour,Unknown EMS Scene Arrival Minutes,Unknown,Unknown EMS Hospital Arrival Time,1,Twilight,Clear,1,1,['Driver'],['Shoulder_Lapbelt'],0,0,Valid,0.0,0.0,68.0,18.0,"['Male', 'Male']",1,0,3,4,5,Dry,Straight,Level,Lowest,No
1791,4,Arizona,40879,0,2,2,0,2,NOT APPLICABLE,November,15,Wednesday,5,35,Rural,Medium Speed (Collector),No,31.69385,-110.41145278,Non-Intersection,Dark - Not Lighted,Clear,5:00am-5:59am,35,5:00am-5:59am,53,Unknown,Unknown EMS Hospital Arrival Time,1,Dark - Unlighted,Clear,1,1,['Driver'],['None_Used'],0,0,Valid,0.0,1.0,56.0,20.0,"['Male', 'Male']",0,0,3,4,5,Dry,Straight,Level,Lowest,No
1792,4,Arizona,40880,0,3,3,0,6,BENSON,November,24,Friday,16,41,Rural,High Speed (Arterial),Yes,31.97841111,-110.30645833,Non-Intersection,Dusk,Clear,4:00pm-4:59pm,44,4:00pm-4:59pm,48,Unknown,Unknown EMS Hospital Arrival Time,1,Twilight,Clear,1,5,['Driver'],['Shoulder_Lapbelt'],1,1,Valid,0.0,4.0,70.0,21.0,"['Male', 'Male', 'Male']",2,0,3,4,5,Dry,Straight,Level,Lowest,No
1793,4,Arizona,40881,0,2,2,0,2,TEMPE,November,25,Saturday,5,15,Urban,High Speed (Arterial),Yes,33.407425,-111.97063056,Non-Intersection,Dawn,Clear,5:00am-5:59am,19,5:00am-5:59am,29,5:00am-5:59am,45,1,Twilight,Clear,1,1,['Driver'],['None_Used'],0,0,Valid,0.0,1.0,57.0,37.0,"['Male', 'Male']",0,0,3,4,5,Dry,Straight,Level,Lowest,No
1794,4,Arizona,40882,0,2,2,0,4,PHOENIX,November,25,Saturday,19,38,Urban,High Speed (Arterial),Yes,33.3863,-112.06463333,Simple Junction,Dark - Lighted,Clear,Unknown,Unknown,Unknown EMS Scene Arrival Hour,Unknown EMS Scene Arrival Minutes,Unknown,Unknown EMS Hospital Arrival Time,1,Dark - Lighted,Clear,1,3,['Driver'],['None_Used'],0,0,Valid,0.0,2.0,28.0,19.0,"['Female', 'Male']",0,0,5,4,5,Dry,Straight,Level,Lowest,No
1795,4,Arizona,40883,0,2,2,0,2,TUCSON,December,7,Thursday,16,50,Urban,Medium Speed (Collector),No,32.10310833,-110.69380833,Simple Junction,Daylight,Clear,4:00pm-4:59pm,57,5:00pm-5:59pm,3,Not Applicable (Not Transported),Not Applicable (Not Transported),1,Daylight,Clear,1,1,['Driver'],['None_Used'],0,0,Valid,0.0,0.0,71.0,17.0,"['Male', 'Male']",0,0,5,4,5,Dry,Straight,Level,Lowest,No
1796,4,Arizona,40884,0,2,2,0,2,PINE,December,9,Saturday,14,16,Rural,Medium Speed (Collector),No,34.36824722,-111.43728611,Non-Intersection,Daylight,Clear,2:00pm-2:59pm,15,2:00pm-2:59pm,20,4:00pm-4:59pm,25,1,Daylight,Clear,1,1,['Driver'],['Shoulder_Lapbelt'],1,1,Valid,0.0,1.0,42.0,20.0,"['Male', 'Female']",0,0,3,4,5,Dry,Straight,Level,Lowest,No
1797,4,Arizona,40885,0,1,1,0,1,FLAGSTAFF,December,11,Monday,11,58,Rural,Medium Speed (Collector),No,35.53967778,-111.45898611,Non-Intersection,Daylight,Cloudy,11:00am-11:59am,13,11:00am-11:59am,30,Not Applicable (Not Transported),Not Applicable (Not Transported),1,Daylight,Reduced Visibility,1,0,['Driver'],['None_Used'],0,0,Valid,0.0,0.0,51.0,51.0,['Male'],0,0,3,4,3,Dry,Curve,Level,Lowest,No
1798,4,Arizona,40886,0,2,2,0,5,MESA,December,13,Wednesday,2,19,Urban,High Speed (Arterial),Yes,33.41504722,-111.840025,Complex/Circle,Dark - Lighted,Clear,2:00am-2:59am,19,Unknown EMS Scene Arrival Hour,Unknown EMS Scene Arrival Minutes,Unknown,Unknown EMS Hospital Arrival Time,2,Dark - Lighted,Clear,2,3,"['Driver', 'Front_Passenger']","['None_Used', 'None_Used']",1,1,Invalid,0.0,0.0,30.0,13.0,"['Male', 'Male']",2,0,3,4,5,Dry,Straight,Level,Lowest,No
1799,4,Arizona,40887,0,1,1,0,2,WINSLOW,December,14,Thursday,12,41,Urban,High Speed (Arterial),Yes,35.01276389,-110.65564167,Non-Intersection,Daylight,Clear,12:00pm-12:59pm,47,12:00pm-12:59pm,53,Unknown,Unknown EMS Hospital Arrival Time,2,Daylight,Clear,2,0,"['Driver', 'Front_Passenger']","['Shoulder_Lapbelt', 'Shoulder_Lapbelt']",0,0,Valid,0.0,0.0,20.0,20.0,['Female'],0,0,3,4,3,Dry,Straight,Grade/Hillcrest,Lowest,No
1800,4,Arizona,40888,0,1,1,0,1,PHOENIX,December,19,Tuesday,15,7,Urban,Medium Speed (Collector),No,33.47846389,-112.22076944,Complex/Circle,Daylight,Clear,3:00pm-3:59pm,9,3:00pm-3:59pm,9,3:00pm-3:59pm,32,1,Daylight,Clear,1,0,['Driver'],['None_Used'],0,0,Valid,0.0,0.0,56.0,56.0,['Male'],0,0,5,0,3,Dry,Straight,Level,Lowest,No
1801,4,Arizona,40889,0,2,2,0,3,TUCSON,December,23,Saturday,22,41,Urban,Medium Speed (Collector),No,32.15761667,-110.92635,Complex/Circle,Dark - Lighted,Clear,10:00pm-10:59pm,43,10:00pm-10:59pm,57,Unknown,Unknown EMS Hospital Arrival Time,1,Dark - Lighted,Clear,1,2,['Driver'],['None_Used'],1,1,Invalid,0.0,0.0,23.0,22.0,"['Male', 'Female']",2,0,2,4,5,Dry,Straight,Level,Lowest,No
1802,4,Arizona,40890,1,1,1,0,2,GLOBE,December,24,Sunday,20,4,Urban,High Speed (Arterial),Yes,33.419,-110.81521111,Non-Intersection,Dark - Not Lighted,Clear,8:00pm-8:59pm,4,8:00pm-8:59pm,11,Not Applicable (Not Transported),Not Applicable (Not Transported),1,Dark - Unlighted,Clear,0,2,[],[],0,0,Valid,0.0,0.0,45.0,45.0,['Male'],0,0,2,3,4,Dry,Straight,Grade/Hillcrest,Lowest,No
1803,4,Arizona,40891,1,1,1,0,1,TUCSON,December,27,Wednesday,18,47,Urban,Medium Speed (Collector),No,32.20674722,-110.97619444,Complex/Circle,Dark - Not Lighted,Clear,6:00pm-6:59pm,47,6:00pm-6:59pm,54,7:00pm-7:59pm,5,1,Dark - Unlighted,Clear,0,1,[],[],0,0,Invalid,0.0,0.0,998.0,998.0,['Other'],0,0,1,0,4,Dry,Straight,Level,Lowest,No
1804,4,Arizona,40892,0,2,2,0,3,PHOENIX,October,13,Friday,11,57,Urban,Medium Speed (Collector),No,33.406825,-112.04718611,Complex/Circle,Daylight,Clear,Unknown,Unknown,Unknown EMS Scene Arrival Hour,Unknown EMS Scene Arrival Minutes,Unknown,Unknown EMS Hospital Arrival Time,1,Daylight,Clear,1,2,['Driver'],['None_Used'],0,0,Valid,0.0,1.0,47.0,23.0,"['Male', 'Male']",1,0,5,4,5,Dry,Straight,Level,Lowest,No
1805,4,Arizona,40893,1,1,1,0,1,PHOENIX,October,14,Saturday,18,37,Urban,Medium Speed (Collector),No,33.59471389,-112.0996,Non-Intersection,Dark - Lighted,Clear,Unknown,Unknown,Unknown EMS Scene Arrival Hour,Unknown EMS Scene Arrival Minutes,Unknown,Unknown EMS Hospital Arrival Time,1,Dark - Lighted,Clear,0,1,[],[],0,0,Valid,0.0,0.0,72.0,72.0,['Male'],0,0,2,2,4,Dry,Straight,Level,Lowest,No
1806,4,Arizona,40894,1,1,1,0,1,PHOENIX,September,22,Friday,1,15,Urban,High Speed (Arterial),Yes,33.49433056,-112.25569722,Non-Intersection,Dark - Lighted,Clear,Unknown,Unknown,Unknown EMS Scene Arrival Hour,Unknown EMS Scene Arrival Minutes,Unknown,Unknown EMS Hospital Arrival Time,1,Dark - Lighted,Clear,0,0,[],[],0,0,Invalid,0.0,0.0,998.0,998.0,['Other'],0,0,1,0,4,Dry,Straight,Level,Lowest,No
1807,4,Arizona,40895,1,1,1,0,1,PHOENIX,November,5,Sunday,18,32,Urban,Medium Speed (Collector),No,33.48021667,-111.98121944,Non-Intersection,Dark - Lighted,Clear,Unknown,Unknown,Unknown EMS Scene Arrival Hour,Unknown EMS Scene Arrival Minutes,Not Applicable (Not Transported),Not Applicable (Not Transported),1,Dark - Lighted,Clear,0,0,[],[],0,0,Invalid,0.0,0.0,998.0,998.0,['Other'],0,0,1,0,4,Dry,Straight,Level,Lowest,No
1808,4,Arizona,40896,0,2,2,0,2,FLAGSTAFF,October,15,Sunday,7,18,Urban,Medium Speed (Collector),No,35.24989167,-111.53116944,Non-Intersection,Daylight,Clear,7:00am-7:59am,18,7:00am-7:59am,22,7:00am-7:59am,34,1,Daylight,Clear,1,1,['Driver'],['None_Used'],0,0,Valid,0.0,0.0,64.0,60.0,"['Male', 'Male']",0,0,3,4,5,Dry,Curve,Level,Lowest,No
1809,4,Arizona,40897,0,3,3,0,4,MESA,January,31,Tuesday,16,45,Urban,High Speed (Arterial),Yes,33.36507778,-111.68776944,Complex/Circle,Daylight,Clear,4:00pm-4:59pm,45,4:00pm-4:59pm,55,5:00pm-5:59pm,10,1,Daylight,Clear,1,3,['Driver'],['None_Used'],1,1,Valid,0.0,0.0,61.0,16.0,"['Male', 'Female', 'Female']",1,0,3,4,5,Dry,Straight,Level,Lowest,No
1810,4,Arizona,40898,0,2,2,0,2,GLENDALE,March,30,Thursday,2,57,Urban,Medium Speed (Collector),No,33.53845,-112.08235,Complex/Circle,Dark - Lighted,Cloudy,2:00am-2:59am,59,3:00am-3:59am,3,3:00am-3:59am,20,1,Dark - Lighted,Reduced Visibility,1,1,['Driver'],['Shoulder_Lapbelt'],1,1,Valid,0.0,2.0,37.0,36.0,"['Male', 'Male']",0,0,2,4,5,Dry,Straight,Level,Lowest,No
1811,4,Arizona,40899,1,1,1,0,1,GLENDALE,May,28,Sunday,5,37,Urban,Medium Speed (Collector),No,33.50915278,-112.21793333,Non-Intersection,Dark - Unknown Lighting,Clear,5:00am-5:59am,39,5:00am-5:59am,45,Not Applicable (Not Transported),Not Applicable (Not Transported),1,Dark - Unlighted,Clear,0,0,[],[],0,0,Invalid,0.0,0.0,998.0,998.0,['Other'],0,0,1,0,4,Dry,Straight,Level,Lowest,No
1812,4,Arizona,40900,1,2,2,0,2,GLENDALE,June,2,Friday,4,28,Urban,Medium Speed (Collector),No,33.50956389,-112.17393889,Non-Intersection,Dark - Lighted,Clear,4:00am-4:59am,29,4:00am-4:59am,41,5:00am-5:59am,5,1,Dark - Lighted,Clear,0,1,[],[],0,0,Invalid,0.0,0.0,998.0,70.0,"['Other', 'Male']",1,0,2,2,4,Dry,Straight,Level,Lowest,No
1813,4,Arizona,40901,0,1,1,0,1,PHOENIX,October,15,Sunday,17,27,Rural,Low Speed (Local),No,33.50550833,-112.15418333,Non-Intersection,Dark - Lighted,Clear,Unknown,Unknown,Unknown EMS Scene Arrival Hour,Unknown EMS Scene Arrival Minutes,Unknown,Unknown EMS Hospital Arrival Time,1,Dark - Lighted,Clear,1,0,['Driver'],['None_Used'],1,1,Valid,0.0,0.0,48.0,48.0,['Male'],1,0,5,3,3,Dry,Straight,Level,Lowest,No
1815,4,Arizona,40903,0,2,2,0,3,GLENDALE,September,26,Tuesday,4,9,Urban,Medium Speed (Collector),No,33.55314722,-112.16019167,Complex/Circle,Dark - Lighted,Clear,4:00am-4:59am,9,4:00am-4:59am,15,4:00am-4:59am,43,2,Dark - Lighted,Clear,2,1,"['Driver', 'Front_Passenger']","['None_Used', 'None_Used']",1,1,Valid,0.0,1.0,66.0,34.0,"['Female', 'Male']",2,0,3,4,5,Dry,Straight,Level,Lowest,No
1816,4,Arizona,40904,0,1,1,0,2,TUCSON,October,1,Sunday,1,0,Rural,Medium Speed (Collector),No,32.07631111,-111.31609167,Non-Intersection,Dark - Not Lighted,Clear,1:00am-1:59am,2,1:00am-1:59am,14,Unknown,Unknown EMS Hospital Arrival Time,1,Dark - Unlighted,Clear,1,1,['Front_Passenger'],['None_Used'],0,0,Invalid,0.0,0.0,29.0,29.0,['Male'],0,0,2,4,3,Dry,Straight,Level,Medium,No
1817,4,Arizona,40905,0,2,2,0,2,PHOENIX,October,8,Sunday,7,7,Urban,High Speed (Arterial),Yes,33.64173889,-112.06544444,Non-Intersection,Daylight,Clear,7:00am-7:59am,9,7:00am-7:59am,14,7:00am-7:59am,28,1,Daylight,Clear,1,1,['Driver'],['None_Used'],0,0,Valid,0.0,0.0,63.0,55.0,"['Male', 'Female']",1,0,5,4,5,Dry,Straight,Level,Lowest,No
1818,4,Arizona,40906,0,2,2,0,2,QUEEN CREEK,October,12,Thursday,8,20,Urban,Medium Speed (Collector),No,33.21213056,-111.68170833,Complex/Circle,Daylight,Clear,8:00am-8:59am,21,8:00am-8:59am,28,9:00am-9:59am,17,1,Daylight,Clear,1,1,['Driver'],['None_Used'],1,1,Valid,0.0,0.0,46.0,28.0,"['Male', 'Male']",1,0,5,4,5,Dry,Straight,Level,Lowest,No
1819,4,Arizona,40907,0,3,3,0,3,SUN CITY,October,16,Monday,3,16,Urban,High Speed (Arterial),Yes,33.60010833,-112.28126944,Complex/Circle,Dark - Lighted,Clear,3:00am-3:59am,19,3:00am-3:59am,23,Not Applicable (Not Transported),Not Applicable (Not Transported),1,Dark - Lighted,Clear,1,2,['Driver'],['None_Used'],0,0,Invalid,0.0,1.0,57.0,22.0,"['Male', 'Male', 'Female']",0,0,5,4,5,Dry,Straight,Level,Lowest,No
1820,4,Arizona,40908,1,1,1,0,1,PHOENIX,October,23,Monday,20,2,Urban,High Speed (Arterial),Yes,33.37818333,-111.99224167,Non-Intersection,Dark - Lighted,Clear,Unknown,Unknown,Unknown EMS Scene Arrival Hour,Unknown EMS Scene Arrival Minutes,Not Applicable (Not Transported),Not Applicable (Not Transported),1,Dark - Lighted,Clear,0,1,[],[],0,0,Valid,0.0,1.0,38.0,38.0,['Male'],0,0,3,3,4,Dry,Straight,Level,Lowest,No
1821,4,Arizona,40909,0,2,2,0,2,PHOENIX,October,28,Saturday,4,36,Urban,Medium Speed (Collector),No,33.42506667,-112.13445833,Non-Intersection,Dark - Lighted,Clear,4:00am-4:59am,42,4:00am-4:59am,45,Not Applicable (Not Transported),Not Applicable (Not Transported),1,Dark - Lighted,Clear,1,1,['Driver'],['Shoulder_Lapbelt'],1,1,Invalid,0.0,0.0,61.0,24.0,"['Male', 'Male']",0,0,4,4,5,Dry,Straight,Level,Lowest,No
1822,4,Arizona,40910,1,1,1,0,3,PHOENIX,November,10,Friday,18,7,Urban,Medium Speed (Collector),No,33.487075,-112.23775833,Complex/Circle,Dusk,Clear,Unknown,Unknown,Unknown EMS Scene Arrival Hour,Unknown EMS Scene Arrival Minutes,Not Applicable (Not Transported),Not Applicable (Not Transported),1,Twilight,Clear,0,3,[],[],0,0,Invalid,0.0,0.0,19.0,19.0,['Male'],0,0,2,4,4,Dry,Straight,Level,Lowest,No
1823,4,Arizona,40911,0,1,1,0,1,PHOENIX,November,12,Sunday,2,45,Urban,High Speed (Arterial),Yes,33.46217778,-112.15441667,Non-Intersection,Dark - Lighted,Clear,2:00am-2:59am,48,2:00am-2:59am,54,3:00am-3:59am,12,1,Dark - Lighted,Clear,1,0,['Driver'],['None_Used'],1,1,Valid,0.0,0.0,32.0,32.0,['Male'],0,0,2,4,3,Dry,Straight,Level,Lowest,No
1824,4,Arizona,40912,0,3,3,0,7,SAN TAN VALLEY,November,12,Sunday,14,49,Urban,Medium Speed (Collector),No,33.16753611,-111.56863333,Simple Junction,Daylight,Clear,2:00pm-2:59pm,51,2:00pm-2:59pm,57,Unknown,Unknown EMS Hospital Arrival Time,1,Daylight,Clear,1,6,['Driver'],['None_Used'],0,0,Valid,0.0,0.0,76.0,50.0,"['Male', 'Male', 'Female']",0,0,3,4,5,Dry,Straight,Level,Lowest,No
1825,4,Arizona,40913,1,1,1,0,1,PHOENIX,November,17,Friday,1,21,Urban,Medium Speed (Collector),No,33.51021944,-112.11706944,Non-Intersection,Dark - Lighted,Clear,1:00am-1:59am,26,1:00am-1:59am,31,1:00am-1:59am,41,1,Dark - Lighted,Clear,0,1,[],[],0,0,Valid,0.0,0.0,51.0,51.0,['Male'],0,0,3,2,4,Dry,Straight,Level,Lowest,No
1826,4,Arizona,40914,1,1,1,0,1,ELOY,November,17,Friday,18,29,Rural,Medium Speed (Collector),No,32.78644722,-111.56762222,Non-Intersection,Dark - Not Lighted,Cloudy,6:00pm-6:59pm,29,6:00pm-6:59pm,35,Not Applicable (Not Transported),Not Applicable (Not Transported),1,Dark - Unlighted,Reduced Visibility,0,1,[],[],0,0,Valid,0.0,0.0,22.0,22.0,['Female'],0,0,2,4,4,Dry,Straight,Level,Lowest,No
1827,4,Arizona,40915,0,2,2,0,2,PHOENIX,November,18,Saturday,17,31,Urban,High Speed (Arterial),Yes,33.62253889,-112.03077778,Non-Intersection,Daylight,Clear,Unknown,Unknown,Unknown EMS Scene Arrival Hour,Unknown EMS Scene Arrival Minutes,Unknown,Unknown EMS Hospital Arrival Time,1,Daylight,Clear,1,0,['Driver'],['None_Used'],0,0,Valid,0.0,1.0,48.0,19.0,"['Male', 'Female']",0,0,5,4,5,Dry,Straight,Level,Lowest,No
1828,4,Arizona,40916,0,1,1,0,1,SAN TAN VALLEY,November,27,Monday,3,26,Urban,Medium Speed (Collector),No,33.13283611,-111.55191111,Complex/Circle,Dark - Not Lighted,Clear,3:00am-3:59am,34,3:00am-3:59am,43,Not Applicable (Not Transported),Not Applicable (Not Transported),1,Dark - Unlighted,Clear,1,0,['Driver'],['None_Used'],0,0,Valid,0.0,0.0,18.0,18.0,['Female'],1,0,2,4,3,Dry,Curve,Level,Lowest,No
1829,4,Arizona,40917,0,3,2,1,2,SUN CITY,November,30,Thursday,9,14,Urban,Medium Speed (Collector),No,33.58040833,-112.27318056,Simple Junction,Daylight,Cloudy,9:00am-9:59am,17,9:00am-9:59am,24,Not Applicable (Not Transported),Not Applicable (Not Transported),1,Daylight,Reduced Visibility,1,1,['Driver'],['Shoulder_Lapbelt'],0,0,Valid,0.0,0.0,75.0,22.0,"['Female', 'Female']",1,0,3,4,5,Dry,Straight,Level,Lowest,No
1830,4,Arizona,40918,0,2,2,0,2,TUCSON,December,2,Saturday,16,30,Urban,Medium Speed (Collector),No,32.25105,-110.73953333,Simple Junction,Daylight,Clear,4:00pm-4:59pm,33,4:00pm-4:59pm,37,Not Applicable (Not Transported),Not Applicable (Not Transported),1,Daylight,Clear,1,1,['Driver'],['Shoulder_Lapbelt'],0,0,Valid,0.0,0.0,58.0,23.0,"['Male', 'Female']",1,0,2,4,5,Dry,Straight,Level,Lowest,No
1831,4,Arizona,40919,1,2,2,0,2,PHOENIX,October,16,Monday,5,20,Urban,Medium Speed (Collector),No,33.50225,-112.115925,Simple Junction,Dark - Lighted,Clear,Unknown,Unknown,Unknown EMS Scene Arrival Hour,Unknown EMS Scene Arrival Minutes,Unknown,Unknown EMS Hospital Arrival Time,1,Dark - Lighted,Clear,0,0,[],[],0,0,Invalid,0.0,0.0,999.0,998.0,"['Other', 'Other']",0,0,1,0,4,Dry,Straight,Level,Lowest,No
1832,4,Arizona,40920,0,2,2,0,2,AVONDALE,December,4,Monday,7,10,Urban,Medium Speed (Collector),No,33.4354,-112.34963611,Complex/Circle,Daylight,Clear,7:00am-7:59am,11,7:00am-7:59am,18,7:00am-7:59am,39,1,Daylight,Clear,1,1,['Driver'],['Shoulder_Lapbelt'],0,0,Valid,0.0,0.0,62.0,19.0,"['Male', 'Female']",0,0,3,4,5,Dry,Straight,Level,Lowest,No
1833,4,Arizona,40921,0,2,2,0,5,CONGRESS,December,8,Friday,19,10,Rural,High Speed (Arterial),Yes,34.24941111,-113.08139444,Non-Intersection,Dark - Not Lighted,Clear,7:00pm-7:59pm,10,7:00pm-7:59pm,56,Not Applicable (Not Transported),Not Applicable (Not Transported),1,Dark - Unlighted,Clear,1,4,['Driver'],['None_Used'],0,0,Valid,0.0,1.0,33.0,25.0,"['Male', 'Male']",0,0,5,4,5,Dry,Straight,Level,Lowest,No