,State_Code,State_Name,Crash_ID,Count_Non_Motorists,Count_Vehicles_Total,Count_Vehicle_Forms,Count_PVH_Involved,Count_Occupants_MV,City_Name,Month_Name,Day_of_Month,Day_of_Week,Crash_Hour,Crash_Minute,Area_Rural_Urban,Road_Functional_Class,On_NHS_Road,Latitude,Longitude,Intersection_Type,Light_Condition,Weather_Condition,Notif_Hour,Notif_Minute,Arrival_Hour,Arrival_Minute,Hospital_Hour,Hospital_Minute,Fatalities_Count,Clean_Light_Condition,Clean_Weather_Condition,Total_Killed,Total_Alive,Fatal_Seats_List,Killed_Restraint_List,Any_Driver_Drinking,Total_Drinking_Drivers,Driver_License_Category,Driver_Max_Prev_Accident_Count,Driver_Max_Prev_Speeding_Count,Max_Driver_Age,Min_Driver_Age,Driver_Sex_List,Total_Exceeding_Limit_Vehicles,Total_Too_Fast_Vehicles,Max_Vehicle_Type_Severity_5,Max_Vehicle_Damage_Rank,Max_Harmful_Event_Severity,Crash_Road_Surface_Condition,Crash_Horizontal_Alignment,Crash_Vertical_Profile,Crash_Impairment_Category,Crash_Vehicle_Defect
1834,4,Arizona,40922,0,1,1,0,1,GOODYEAR,December,12,Tuesday,21,19,Urban,High Speed (Arterial),Yes,33.48749444,-112.42153333,Non-Intersection,Dark - Not Lighted,Clear,9:00pm-9:59pm,19,9:00pm-9:59pm,28,9:00pm-9:59pm,43,1,Dark - Unlighted,Clear,1,0,['Driver'],['None_Used'],0,0,Valid,0.0,0.0,20.0,20.0,['Female'],1,0,2,4,3,Dry,Straight,Level,Lowest,No
1835,4,Arizona,40923,0,2,2,0,3,CASA GRANDE,December,13,Wednesday,16,30,Rural,Medium Speed (Collector),No,32.91631389,-111.65330278,Complex/Circle,Daylight,Clear,4:00pm-4:59pm,32,4:00pm-4:59pm,47,Unknown,Unknown EMS Hospital Arrival Time,1,Daylight,Clear,1,1,['Driver'],['Shoulder_Lapbelt'],0,0,Valid,0.0,3.0,84.0,54.0,"['Female', 'Male']",0,0,3,4,5,Dry,Straight,Level,Lowest,No
1836,4,Arizona,40924,1,1,1,0,1,GLENDALE,December,16,Saturday,10,40,Urban,Medium Speed (Collector),No,33.5675,-112.17753889,Complex/Circle,Daylight,Clear,10:00am-10:59am,41,10:00am-10:59am,46,11:00am-11:59am,3,1,Daylight,Clear,0,1,[],[],0,0,Valid,0.0,0.0,27.0,27.0,['Male'],1,0,3,2,4,Dry,Straight,Level,Lowest,No
1837,4,Arizona,40925,0,4,4,0,4,NEW RIVER,December,20,Wednesday,15,2,Urban,High Speed (Arterial),Yes,33.862375,-112.14496944,Non-Intersection,Daylight,Clear,3:00pm-3:59pm,8,3:00pm-3:59pm,15,3:00pm-3:59pm,40,1,Daylight,Clear,1,3,['Driver'],['Shoulder_Lapbelt'],0,0,Valid,0.0,0.0,66.0,25.0,"['Female', 'Male', 'Male', 'Male']",1,0,3,4,5,Dry,Straight,Level,Lowest,No
1838,4,Arizona,40926,0,2,2,0,2,QUEEN CREEK,December,26,Tuesday,20,5,Urban,High Speed (Arterial),No,33.26332222,-111.63475,Complex/Circle,Dark - Lighted,Clear,Unknown,Unknown,Unknown EMS Scene Arrival Hour,Unknown EMS Scene Arrival Minutes,Not Applicable (Not Transported),Not Applicable (Not Transported),1,Dark - Lighted,Clear,1,1,['Driver'],['None_Used'],0,0,Invalid,0.0,2.0,25.0,24.0,"['Female', 'Male']",0,0,5,4,5,Dry,Straight,Level,Medium,No
1839,4,Arizona,40927,0,1,1,0,1,SURPRISE,December,29,Friday,15,40,Urban,Medium Speed (Collector),No,33.650425,-112.37968611,Non-Intersection,Daylight,Cloudy,3:00pm-3:59pm,40,3:00pm-3:59pm,42,4:00pm-4:59pm,1,1,Daylight,Reduced Visibility,1,0,['Driver'],['None_Used'],0,0,Valid,0.0,0.0,20.0,20.0,['Male'],1,0,5,4,3,Dry,Curve,Level,Lowest,No
1841,4,Arizona,40929,0,1,1,0,1,WILHOIT,December,31,Sunday,2,18,Rural,Medium Speed (Collector),No,34.42845278,-112.55060556,Non-Intersection,Dark - Not Lighted,Cloudy,2:00am-2:59am,21,2:00am-2:59am,40,Not Applicable (Not Transported),Not Applicable (Not Transported),1,Dark - Unlighted,Reduced Visibility,1,0,['Driver'],['Shoulder_Lapbelt'],0,0,Valid,0.0,0.0,74.0,74.0,['Male'],1,0,2,4,3,Dry,Curve,Grade/Hillcrest,Lowest,No
1842,4,Arizona,40931,1,1,1,0,1,MESA,October,17,Tuesday,12,30,Urban,Medium Speed (Collector),No,33.41413889,-111.73653611,Non-Intersection,Daylight,Clear,12:00pm-12:59pm,31,12:00pm-12:59pm,35,1:00pm-1:59pm,0,1,Daylight,Clear,0,1,[],[],0,0,Valid,0.0,0.0,20.0,20.0,['Male'],1,0,2,3,4,Dry,Straight,Level,Lowest,No
1843,4,Arizona,40932,0,1,1,0,1,MAYER,October,17,Tuesday,19,36,Rural,High Speed (Arterial),Yes,34.22110556,-112.11187778,Non-Intersection,Dark - Not Lighted,Clear,7:00pm-7:59pm,39,8:00pm-8:59pm,0,9:00pm-9:59pm,12,1,Dark - Unlighted,Clear,1,0,['Driver'],['None_Used'],1,1,Valid,0.0,0.0,35.0,35.0,['Male'],1,0,3,4,3,Dry,Straight,Grade/Hillcrest,Lowest,No
1844,4,Arizona,40933,1,1,1,0,1,TUCSON,October,17,Tuesday,4,32,Urban,High Speed (Arterial),Yes,32.25078611,-110.8709,Simple Junction,Dark - Lighted,Clear,4:00am-4:59am,32,4:00am-4:59am,40,Not Applicable (Not Transported),Not Applicable (Not Transported),1,Dark - Lighted,Clear,0,1,[],[],0,0,Invalid,0.0,0.0,998.0,998.0,['Other'],0,0,1,0,4,Dry,Straight,Level,Lowest,No
1845,4,Arizona,40934,0,2,2,0,3,LITCHFIELD PARK,November,20,Monday,13,16,Urban,Medium Speed (Collector),No,33.52592778,-112.34103611,Complex/Circle,Daylight,Clear,1:00pm-1:59pm,18,1:00pm-1:59pm,29,Unknown,Unknown EMS Hospital Arrival Time,1,Daylight,Clear,1,2,['Driver'],['Shoulder_Lapbelt'],0,0,Valid,0.0,1.0,62.0,40.0,"['Male', 'Male']",0,0,3,4,5,Dry,Straight,Level,Medium,No
1846,4,Arizona,40935,0,2,2,0,2,RIMROCK,October,19,Thursday,7,21,Rural,High Speed (Arterial),Yes,34.63898056,-111.81521667,Non-Intersection,Daylight,Clear,7:00am-7:59am,23,7:00am-7:59am,30,Not Applicable (Not Transported),Not Applicable (Not Transported),1,Daylight,Clear,1,1,['Driver'],['Shoulder_Lapbelt'],0,0,Valid,0.0,1.0,68.0,31.0,"['Female', 'Male']",0,0,4,4,5,Dry,Curve,Grade/Hillcrest,Lowest,No
1847,4,Arizona,40937,0,2,2,0,2,GLENDALE,November,30,Thursday,17,56,Urban,Medium Speed (Collector),No,33.54513889,-112.22042222,Complex/Circle,Dark - Lighted,Rain,5:00pm-5:59pm,58,6:00pm-6:59pm,4,6:00pm-6:59pm,27,1,Dark - Lighted,Rain/Wind/Minor,1,1,['Driver'],['Shoulder_Lapbelt'],0,0,Valid,0.0,0.0,68.0,45.0,"['Male', 'Female']",0,0,3,4,5,Wet/Standing Water,Straight,Level,Lowest,No
1849,4,Arizona,40939,0,2,2,0,2,GILBERT,December,17,Sunday,15,33,Urban,Medium Speed (Collector),No,33.31987222,-111.72108889,Non-Intersection,Daylight,Clear,3:00pm-3:59pm,37,3:00pm-3:59pm,41,Not Applicable (Not Transported),Not Applicable (Not Transported),1,Daylight,Clear,1,1,['Driver'],['None_Used'],0,0,Valid,0.0,1.0,32.0,21.0,"['Male', 'Female']",1,0,5,4,5,Dry,Straight,Level,Lowest,No
1850,4,Arizona,40940,1,2,1,1,1,Other,November,11,Saturday,12,25,Rural,Medium Speed (Collector),No,36.90165278,-113.93948889,Non-Intersection,Daylight,Clear,12:00pm-12:59pm,27,12:00pm-12:59pm,30,1:00pm-1:59pm,50,1,Daylight,Clear,1,0,['Driver'],['None_Used'],0,0,Valid,0.0,2.0,32.0,32.0,['Male'],1,0,1,4,5,Dry,Straight,Level,Lowest,No
1851,4,Arizona,40941,0,2,2,0,2,MESA,October,19,Thursday,11,52,Urban,Medium Speed (Collector),No,33.42276111,-111.75735,Non-Intersection,Daylight,Clear,11:00am-11:59am,54,12:00pm-12:59pm,5,12:00pm-12:59pm,45,1,Daylight,Clear,1,1,['Driver'],['None_Used'],1,1,Valid,0.0,4.0,64.0,50.0,"['Female', 'Male']",0,0,5,4,5,Dry,Straight,Level,Lowest,No
1852,4,Arizona,40942,1,1,1,0,1,BUCKEYE,March,1,Wednesday,99,99,Urban,High Speed (Arterial),Yes,99.9999,999.9999,Non-Intersection,Not Reported,Not Reported,Unknown,Unknown,Unknown EMS Scene Arrival Hour,Unknown EMS Scene Arrival Minutes,Not Applicable (Not Transported),Not Applicable (Not Transported),1,Dark - Unlighted,Clear,0,0,[],[],0,0,Invalid,0.0,0.0,998.0,998.0,['Other'],0,0,1,0,4,Dry,Straight,Level,Lowest,No
1853,4,Arizona,40943,1,1,1,0,1,FLAGSTAFF,October,20,Friday,18,39,Urban,High Speed (Arterial),Yes,35.27037222,-111.54505278,Non-Intersection,Dark - Not Lighted,Clear,6:00pm-6:59pm,39,6:00pm-6:59pm,43,Not Applicable (Not Transported),Not Applicable (Not Transported),1,Dark - Unlighted,Clear,0,1,[],[],0,0,Valid,0.0,0.0,73.0,73.0,['Male'],0,0,3,2,4,Dry,Straight,Level,Lowest,No
1854,4,Arizona,40944,1,1,1,0,2,PHOENIX,October,22,Sunday,19,30,Urban,Medium Speed (Collector),No,33.4669,-112.030275,Non-Intersection,Dark - Lighted,Clear,Unknown,Unknown,Unknown EMS Scene Arrival Hour,Unknown EMS Scene Arrival Minutes,Not Applicable (Not Transported),Not Applicable (Not Transported),1,Dark - Lighted,Clear,0,2,[],[],0,0,Invalid,0.0,0.0,46.0,46.0,['Male'],0,0,3,2,4,Dry,Straight,Level,Lowest,No
1855,4,Arizona,40945,0,2,2,0,2,PHOENIX,December,16,Saturday,7,26,Urban,Medium Speed (Collector),No,33.53819444,-112.05635833,Complex/Circle,Daylight,Cloudy,Unknown,Unknown,Unknown EMS Scene Arrival Hour,Unknown EMS Scene Arrival Minutes,Unknown,Unknown EMS Hospital Arrival Time,1,Daylight,Reduced Visibility,1,1,['Driver'],['Shoulder_Lapbelt'],0,0,Valid,0.0,0.0,43.0,42.0,"['Male', 'Female']",1,0,3,4,5,Dry,Straight,Level,Lowest,No
1856,4,Arizona,40946,0,1,1,0,2,TOMBSTONE,October,17,Tuesday,10,14,Rural,Medium Speed (Collector),No,31.61960278,-110.05153611,Non-Intersection,Daylight,Clear,10:00am-10:59am,19,10:00am-10:59am,40,11:00am-11:59am,35,1,Daylight,Clear,1,1,['Rear_Seat'],['None_Used'],0,0,Valid,0.0,2.0,70.0,70.0,['Female'],0,0,3,4,3,Dry,Curve,Grade/Hillcrest,Lowest,No
1857,4,Arizona,40947,0,2,2,0,5,PHOENIX,October,7,Saturday,3,8,Urban,High Speed (Arterial),Yes,33.48401389,-112.26369722,Non-Intersection,Dark - Lighted,Clear,3:00am-3:59am,9,3:00am-3:59am,17,3:00am-3:59am,47,1,Dark - Lighted,Clear,1,4,['Rear_Seat'],['None_Used'],1,2,Valid,0.0,0.0,30.0,26.0,"['Female', 'Female']",1,0,2,4,5,Dry,Straight,Level,Lowest,No
1858,4,Arizona,40948,0,1,1,0,1,CIBECUE,October,21,Saturday,21,0,Rural,Medium Speed (Collector),No,34.07344722,-110.19341111,Non-Intersection,Dark - Not Lighted,Clear,10:00pm-10:59pm,40,11:00pm-11:59pm,2,11:00pm-11:59pm,45,1,Dark - Unlighted,Clear,1,0,['Driver'],['None_Used'],0,0,Valid,0.0,1.0,50.0,50.0,['Male'],0,0,5,4,3,Dry,Straight,Level,Lowest,No
1859,4,Arizona,40949,1,1,1,0,1,PHOENIX,October,27,Friday,3,33,Urban,Medium Speed (Collector),No,33.40698889,-112.02500278,Non-Intersection,Dark - Lighted,Clear,3:00am-3:59am,34,3:00am-3:59am,45,3:00am-3:59am,58,1,Dark - Lighted,Clear,0,1,[],[],0,0,Valid,0.0,1.0,33.0,33.0,['Male'],0,0,3,3,4,Dry,Straight,Level,Lowest,No
1860,4,Arizona,40950,0,3,3,0,4,COOLIDGE,October,30,Monday,11,53,Rural,High Speed (Arterial),No,32.93905833,-111.51499167,Non-Intersection,Daylight,Clear,11:00am-11:59am,53,12:00pm-12:59pm,0,Unknown,Unknown EMS Hospital Arrival Time,1,Daylight,Clear,1,3,['Driver'],['Lapbelt_Only'],1,1,Valid,0.0,0.0,61.0,44.0,"['Male', 'Male', 'Female']",0,0,4,4,5,Dry,Straight,Level,Lowest,No
1861,4,Arizona,40951,0,1,1,0,1,GILBERT,December,2,Saturday,14,40,Urban,High Speed (Arterial),Yes,33.328475,-111.68730278,Non-Intersection,Daylight,Clear,2:00pm-2:59pm,44,2:00pm-2:59pm,49,Not Applicable (Not Transported),Not Applicable (Not Transported),1,Daylight,Clear,1,0,['Driver'],['None_Used'],0,0,Valid,0.0,0.0,48.0,48.0,['Male'],0,0,5,4,3,Dry,Straight,Level,Lowest,No
1862,4,Arizona,40952,0,2,2,0,2,COOLIDGE,December,5,Tuesday,15,58,Urban,High Speed (Arterial),No,32.95217778,-111.521575,Non-Intersection,Daylight,Clear,3:00pm-3:59pm,59,4:00pm-4:59pm,13,5:00pm-5:59pm,2,1,Daylight,Clear,1,1,['Driver'],['None_Used'],0,0,Valid,0.0,0.0,59.0,57.0,"['Male', 'Female']",1,0,5,4,5,Dry,Straight,Level,Lowest,No
1863,4,Arizona,40953,1,1,1,0,1,PHOENIX,December,11,Monday,13,0,Urban,High Speed (Arterial),Yes,33.4108,-111.99075278,Non-Intersection,Daylight,Clear,1:00pm-1:59pm,2,1:00pm-1:59pm,14,Not Applicable (Not Transported),Not Applicable (Not Transported),1,Daylight,Clear,0,1,[],[],0,0,Valid,0.0,0.0,59.0,59.0,['Male'],0,0,4,2,4,Dry,Straight,Level,Lowest,No
1864,4,Arizona,40954,0,2,2,0,4,TUCSON,October,4,Wednesday,1,13,Urban,Medium Speed (Collector),No,32.27206667,-111.01018889,Complex/Circle,Dark - Lighted,Clear,1:00am-1:59am,13,1:00am-1:59am,17,Unknown,Unknown EMS Hospital Arrival Time,1,Dark - Lighted,Clear,1,3,['Driver'],['None_Used'],1,1,Valid,0.0,0.0,22.0,18.0,"['Male', 'Male']",1,0,2,4,5,Dry,Straight,Grade/Hillcrest,Lowest,No
1865,4,Arizona,40955,0,1,1,0,1,WILLIAMS,December,23,Saturday,9,28,Rural,High Speed (Arterial),Yes,35.29061667,-112.14244444,Non-Intersection,Daylight,Rain,9:00am-9:59am,35,10:00am-10:59am,18,10:00am-10:59am,41,1,Daylight,Rain/Wind/Minor,1,0,['Driver'],['Shoulder_Lapbelt'],0,0,Valid,0.0,0.0,58.0,58.0,['Male'],0,0,3,4,3,Wet/Standing Water,Straight,Level,Lowest,No
1868,4,Arizona,40958,0,1,1,0,1,TUCSON,October,12,Thursday,6,40,Urban,High Speed (Arterial),Yes,32.26106111,-110.98541389,Non-Intersection,Daylight,Clear,7:00am-7:59am,11,7:00am-7:59am,14,7:00am-7:59am,20,1,Daylight,Clear,1,0,['Driver'],['Shoulder_Lapbelt'],0,0,Valid,0.0,2.0,49.0,49.0,['Male'],0,0,2,4,2,Dry,Straight,Level,Lowest,No
1869,4,Arizona,40959,1,2,2,0,2,TEMPE,November,11,Saturday,18,4,Urban,High Speed (Arterial),Yes,33.37230556,-111.92856944,Complex/Circle,Dark - Lighted,Clear,6:00pm-6:59pm,6,6:00pm-6:59pm,11,6:00pm-6:59pm,26,1,Dark - Lighted,Clear,0,2,[],[],0,0,Valid,0.0,1.0,25.0,23.0,"['Female', 'Male']",0,0,3,3,4,Dry,Straight,Level,Lowest,No
1870,4,Arizona,40960,0,1,1,0,1,COOLIDGE,December,3,Sunday,6,46,Rural,Medium Speed (Collector),No,32.97385556,-111.48529167,Non-Intersection,Dark - Not Lighted,Clear,6:00am-6:59am,48,Unknown EMS Scene Arrival Hour,Unknown EMS Scene Arrival Minutes,Not Applicable (Not Transported),Not Applicable (Not Transported),1,Dark - Unlighted,Clear,1,0,['Driver'],['None_Used'],1,1,Valid,0.0,0.0,43.0,43.0,['Male'],1,0,3,4,3,Dry,Straight,Level,Lowest,No
1871,4,Arizona,40961,0,2,2,0,8,CHANDLER,May,6,Saturday,3,29,Urban,Medium Speed (Collector),No,33.20407222,-111.84111389,Complex/Circle,Dark - Not Lighted,Clear,3:00am-3:59am,30,3:00am-3:59am,39,4:00am-4:59am,4,1,Dark - Unlighted,Clear,1,7,['Non_Standard_Risk'],['None_Used'],1,1,Invalid,0.0,1.0,49.0,20.0,"['Male', 'Male']",0,0,3,4,5,Dry,Straight,Level,Lowest,No
1872,4,Arizona,40962,0,2,2,0,3,TEMPE,May,7,Sunday,9,22,Urban,Medium Speed (Collector),No,33.36376389,-111.91128056,Complex/Circle,Daylight,Clear,9:00am-9:59am,30,9:00am-9:59am,31,9:00am-9:59am,46,1,Daylight,Clear,1,2,['Front_Passenger'],['Shoulder_Lapbelt'],0,0,Invalid,0.0,0.0,82.0,17.0,"['Male', 'Female']",0,0,2,4,5,Dry,Straight,Level,Lowest,No
1873,4,Arizona,40963,0,1,1,0,1,PHOENIX,May,19,Friday,12,34,Urban,Medium Speed (Collector),No,33.60006111,-112.10047222,Non-Intersection,Daylight,Clear,Unknown,Unknown,Unknown EMS Scene Arrival Hour,Unknown EMS Scene Arrival Minutes,Unknown,Unknown EMS Hospital Arrival Time,1,Daylight,Clear,1,0,['Driver'],['None_Used'],0,0,Valid,0.0,0.0,52.0,52.0,['Male'],1,0,5,4,2,Dry,Curve,Level,Lowest,No
1874,4,Arizona,40964,1,1,1,0,1,TUCSON,August,3,Thursday,3,40,Urban,Medium Speed (Collector),No,32.20686111,-110.86298333,Non-Intersection,Dark - Lighted,Clear,3:00am-3:59am,41,3:00am-3:59am,45,Not Applicable (Not Transported),Not Applicable (Not Transported),1,Dark - Lighted,Clear,0,1,[],[],0,0,Invalid,0.0,0.0,998.0,998.0,['Other'],1,0,1,2,4,Dry,Straight,Level,Lowest,No
1875,4,Arizona,40965,1,2,2,0,4,PHOENIX,September,9,Saturday,22,2,Urban,Medium Speed (Collector),No,33.50943611,-112.18634444,Complex/Circle,Dark - Lighted,Clear,10:00pm-10:59pm,4,10:00pm-10:59pm,14,Unknown,Unknown EMS Hospital Arrival Time,1,Dark - Lighted,Clear,0,2,[],[],0,0,Invalid,0.0,0.0,36.0,20.0,"['Male', 'Female']",0,0,3,4,5,Dry,Straight,Level,Lowest,No
1876,4,Arizona,40968,0,1,1,0,7,HOLBROOK,October,21,Saturday,4,2,Rural,Medium Speed (Collector),No,34.83590833,-110.18451667,Non-Intersection,Dark - Not Lighted,Clear,4:00am-4:59am,2,4:00am-4:59am,11,Unknown,Unknown EMS Hospital Arrival Time,2,Dark - Unlighted,Clear,2,5,"['Driver', 'Front_Passenger']","['Shoulder_Only', 'None_Used']",1,1,Valid,0.0,0.0,39.0,39.0,['Female'],0,0,3,4,3,Dry,Straight,Level,Lowest,No
1877,4,Arizona,40969,0,1,1,0,1,CLIFTON,October,29,Sunday,16,25,Rural,Medium Speed (Collector),No,33.03380278,-109.13461667,Non-Intersection,Daylight,Clear,3:00pm-3:59pm,59,4:00pm-4:59pm,23,Not Applicable (Not Transported),Not Applicable (Not Transported),1,Daylight,Clear,1,0,['Driver'],['None_Used'],0,0,Valid,0.0,0.0,20.0,20.0,['Male'],1,0,5,4,2,Dry,Curve,Level,Lowest,No
1878,4,Arizona,40970,1,1,1,0,1,PHOENIX,November,1,Wednesday,5,45,Rural,Low Speed (Local),No,33.50455833,-112.12280833,Non-Intersection,Dark - Lighted,Clear,Unknown,Unknown,Unknown EMS Scene Arrival Hour,Unknown EMS Scene Arrival Minutes,Not Applicable (Not Transported),Not Applicable (Not Transported),1,Dark - Lighted,Clear,0,0,[],[],0,0,Invalid,0.0,0.0,998.0,998.0,['Other'],0,0,1,2,4,Dry,Straight,Level,Lowest,No
1879,4,Arizona,40971,0,1,1,0,1,SACATON,November,2,Thursday,10,21,Rural,Medium Speed (Collector),No,33.04365278,-111.72232778,Non-Intersection,Daylight,Clear,10:00am-10:59am,21,10:00am-10:59am,22,11:00am-11:59am,2,1,Daylight,Clear,1,0,['Driver'],['None_Used'],0,0,Valid,0.0,0.0,72.0,72.0,['Male'],1,0,5,2,1,Dry,Straight,Level,Lowest,No
1880,4,Arizona,40973,0,1,1,0,5,CASA GRANDE,November,9,Thursday,19,42,Urban,High Speed (Arterial),Yes,32.95828056,-111.71671944,Non-Intersection,Dark - Not Lighted,Clear,7:00pm-7:59pm,46,8:00pm-8:59pm,5,8:00pm-8:59pm,59,1,Dark - Unlighted,Clear,1,4,['Rear_Seat'],['Shoulder_Lapbelt'],0,0,Invalid,0.0,0.0,20.0,20.0,['Male'],0,0,2,0,3,Dry,Straight,Level,Lowest,No
1881,4,Arizona,40974,1,1,1,0,1,PEORIA,November,11,Saturday,9,16,Urban,Medium Speed (Collector),No,33.56598056,-112.271275,Complex/Circle,Daylight,Clear,9:00am-9:59am,16,9:00am-9:59am,18,Not Applicable (Not Transported),Not Applicable (Not Transported),1,Daylight,Clear,0,1,[],[],0,0,Valid,0.0,0.0,90.0,90.0,['Female'],0,0,3,2,4,Dry,Straight,Level,Lowest,No
1882,4,Arizona,40975,1,1,1,0,1,PHOENIX,November,15,Wednesday,19,43,Urban,Medium Speed (Collector),No,33.43731944,-112.20481111,Non-Intersection,Dark - Lighted,Clear,7:00pm-7:59pm,45,7:00pm-7:59pm,49,Not Applicable (Not Transported),Not Applicable (Not Transported),1,Dark - Lighted,Clear,0,0,[],[],0,0,Invalid,0.0,0.0,998.0,998.0,['Other'],0,0,1,2,4,Dry,Straight,Level,Lowest,No
1883,4,Arizona,40977,0,1,1,0,1,TUCSON,November,30,Thursday,22,7,Urban,Medium Speed (Collector),No,32.24704167,-110.914,Complex/Circle,Dark - Lighted,Cloudy,10:00pm-10:59pm,0,10:00pm-10:59pm,11,Unknown,Unknown EMS Hospital Arrival Time,1,Dark - Lighted,Reduced Visibility,1,0,['Driver'],['None_Used'],0,0,Valid,0.0,0.0,56.0,56.0,['Male'],1,0,5,4,2,Dry,Straight,Level,Lowest,No
1884,4,Arizona,40978,0,2,2,0,2,SUN CITY WEST,December,5,Tuesday,15,59,Urban,Medium Speed (Collector),No,33.67258889,-112.35335556,Complex/Circle,Daylight,Clear,3:00pm-3:59pm,59,3:00pm-3:59pm,59,4:00pm-4:59pm,35,1,Daylight,Clear,1,1,['Driver'],['None_Used'],0,0,Valid,0.0,0.0,87.0,79.0,"['Female', 'Male']",0,0,5,3,5,Dry,Straight,Level,Lowest,No
1885,4,Arizona,40979,2,2,2,0,3,PHOENIX,December,7,Thursday,12,27,Urban,High Speed (Arterial),Yes,33.61160278,-111.97795833,Complex/Circle,Daylight,Clear,Unknown,Unknown,Unknown EMS Scene Arrival Hour,Unknown EMS Scene Arrival Minutes,Unknown,Unknown EMS Hospital Arrival Time,1,Daylight,Clear,0,3,[],[],0,0,Valid,0.0,0.0,78.0,29.0,"['Male', 'Male']",0,0,3,4,5,Dry,Straight,Level,Lowest,No
1887,4,Arizona,40981,0,2,2,0,2,PHOENIX,December,14,Thursday,16,52,Urban,High Speed (Arterial),Yes,33.60520833,-112.05475556,Simple Junction,Daylight,Clear,Unknown,Unknown,Unknown EMS Scene Arrival Hour,Unknown EMS Scene Arrival Minutes,Unknown,Unknown EMS Hospital Arrival Time,1,Daylight,Clear,1,1,['Driver'],['None_Used'],0,0,Valid,0.0,0.0,73.0,31.0,"['Female', 'Female']",0,0,5,4,5,Dry,Straight,Level,Lowest,No
1888,4,Arizona,40982,0,1,1,0,1,TOLLESON,December,17,Sunday,12,18,Urban,High Speed (Arterial),Yes,33.46152222,-112.26868056,Non-Intersection,Daylight,Clear,12:00pm-12:59pm,18,12:00pm-12:59pm,28,Not Applicable (Not Transported),Not Applicable (Not Transported),1,Daylight,Clear,1,0,['Driver'],['None_Used'],0,0,Valid,0.0,0.0,24.0,24.0,['Male'],1,0,5,4,3,Dry,Curve,Level,Lowest,No
1889,4,Arizona,40983,0,1,1,0,1,SALOME,October,2,Monday,14,15,Rural,Medium Speed (Collector),No,33.72356667,-113.70310833,Simple Junction,Daylight,Clear,2:00pm-2:59pm,18,2:00pm-2:59pm,24,Not Applicable (Not Transported),Not Applicable (Not Transported),1,Daylight,Clear,1,0,['Driver'],['None_Used'],0,0,Invalid,0.0,0.0,83.0,83.0,['Male'],0,0,5,4,2,Dry,Curve,Level,Lowest,No
1890,4,Arizona,40984,1,1,1,0,1,MESA,December,30,Saturday,11,54,Rural,Medium Speed (Collector),No,33.54349444,-111.61088611,Non-Intersection,Daylight,Cloudy,11:00am-11:59am,54,12:00pm-12:59pm,10,Not Applicable (Not Transported),Not Applicable (Not Transported),1,Daylight,Reduced Visibility,0,1,[],[],0,0,Valid,0.0,1.0,66.0,66.0,['Female'],0,0,3,3,4,Dry,Straight,Level,Lowest,No
1891,4,Arizona,40985,0,1,1,0,1,TUCSON,October,28,Saturday,12,17,Urban,Medium Speed (Collector),No,32.05371944,-110.95365,Non-Intersection,Daylight,Clear,12:00pm-12:59pm,18,12:00pm-12:59pm,29,Not Applicable (Not Transported),Not Applicable (Not Transported),1,Daylight,Clear,1,0,['Driver'],['None_Used'],0,0,Valid,0.0,0.0,37.0,37.0,['Male'],0,0,2,4,3,Dry,Straight,Level,Lowest,No
1892,4,Arizona,40986,0,2,2,0,2,PHOENIX,April,1,Saturday,17,29,Urban,Medium Speed (Collector),No,33.39388333,-112.01713056,Simple Junction,Daylight,Clear,Unknown,Unknown,Unknown EMS Scene Arrival Hour,Unknown EMS Scene Arrival Minutes,Unknown,Unknown EMS Hospital Arrival Time,1,Daylight,Clear,1,1,['Driver'],['None_Used'],1,1,Valid,0.0,0.0,50.0,16.0,"['Male', 'Male']",1,0,5,4,5,Dry,Curve,Level,Lowest,No
1893,4,Arizona,40987,0,1,1,0,1,BLACK CANYON CITY,October,28,Saturday,13,5,Rural,High Speed (Arterial),Yes,34.12818889,-112.14999444,Non-Intersection,Daylight,Cloudy,1:00pm-1:59pm,15,1:00pm-1:59pm,23,Not Applicable (Not Transported),Not Applicable (Not Transported),1,Daylight,Reduced Visibility,1,0,['Driver'],['None_Used'],0,0,Valid,0.0,1.0,69.0,69.0,['Male'],0,0,5,4,1,Dry,Curve,Grade/Hillcrest,Lowest,No
1894,4,Arizona,40988,1,2,2,0,3,PHOENIX,December,31,Sunday,4,16,Urban,High Speed (Arterial),Yes,33.46188333,-112.0489,Non-Intersection,Dark - Lighted,Clear,4:00am-4:59am,24,4:00am-4:59am,25,Not Applicable (Not Transported),Not Applicable (Not Transported),1,Dark - Lighted,Clear,0,3,[],[],0,0,Valid,1.0,1.0,59.0,37.0,"['Male', 'Male']",0,0,2,3,4,Dry,Straight,Level,Lowest,No
1895,4,Arizona,40989,1,1,1,0,1,CHANDLER,October,29,Sunday,19,38,Urban,Medium Speed (Collector),No,33.306525,-111.80244444,Non-Intersection,Dark - Lighted,Clear,7:00pm-7:59pm,44,7:00pm-7:59pm,48,Not Applicable (Not Transported),Not Applicable (Not Transported),1,Dark - Lighted,Clear,0,1,[],[],0,0,Valid,0.0,0.0,26.0,26.0,['Male'],0,0,2,4,4,Dry,Straight,Level,Lowest,No
1896,4,Arizona,40990,1,1,1,0,1,PHOENIX,September,14,Thursday,2,48,Urban,Medium Speed (Collector),No,33.58192778,-112.10964167,Simple Junction,Dark - Lighted,Clear,2:00am-2:59am,51,2:00am-2:59am,55,Not Applicable (Not Transported),Not Applicable (Not Transported),1,Dark - Lighted,Clear,0,1,[],[],0,0,Valid,0.0,0.0,25.0,25.0,['Male'],0,0,2,4,4,Dry,Straight,Level,Lowest,No
1897,4,Arizona,40991,1,2,1,1,4,TONOPAH,December,17,Sunday,4,37,Rural,High Speed (Arterial),Yes,33.55175278,-113.24095556,Non-Intersection,Dark - Not Lighted,Clear,4:00am-4:59am,41,5:00am-5:59am,11,Unknown,Unknown EMS Hospital Arrival Time,3,Dark - Unlighted,Clear,2,2,"['Driver', 'Rear_Seat']","['Shoulder_Lapbelt', 'Lapbelt_Only']",0,0,Valid,0.0,0.0,63.0,63.0,['Male'],0,0,3,4,3,Dry,Straight,Level,Lowest,No