,State_Code,State_Name,Crash_ID,Count_Non_Motorists,Count_Vehicles_Total,Count_Vehicle_Forms,Count_PVH_Involved,Count_Occupants_MV,City_Name,Month_Name,Day_of_Month,Day_of_Week,Crash_Hour,Crash_Minute,Area_Rural_Urban,Road_Functional_Class,On_NHS_Road,Latitude,Longitude,Intersection_Type,Light_Condition,Weather_Condition,Notif_Hour,Notif_Minute,Arrival_Hour,Arrival_Minute,Hospital_Hour,Hospital_Minute,Fatalities_Count,Clean_Light_Condition,Clean_Weather_Condition,Total_Killed,Total_Alive,Fatal_Seats_List,Killed_Restraint_List,Any_Driver_Drinking,Total_Drinking_Drivers,Driver_License_Category,Driver_Max_Prev_Accident_Count,Driver_Max_Prev_Speeding_Count,Max_Driver_Age,Min_Driver_Age,Driver_Sex_List,Total_Exceeding_Limit_Vehicles,Total_Too_Fast_Vehicles,Max_Vehicle_Type_Severity_5,Max_Vehicle_Damage_Rank,Max_Harmful_Event_Severity,Crash_Road_Surface_Condition,Crash_Horizontal_Alignment,Crash_Vertical_Profile,Crash_Impairment_Category,Crash_Vehicle_Defect
1898,4,Arizona,40992,0,1,1,0,1,TUCSON,December,18,Monday,23,54,Urban,High Speed (Arterial),Yes,32.1343,-110.93902778,Simple Junction,Dark - Lighted,Clear,11:00pm-11:59pm,54,0:00am-0:59am,1,Not Applicable (Not Transported),Not Applicable (Not Transported),1,Dark - Lighted,Clear,1,0,['Driver'],['Shoulder_Lapbelt'],1,1,Valid,0.0,0.0,23.0,23.0,['Male'],0,0,2,4,3,Dry,Straight,Level,Lowest,No
1899,4,Arizona,40993,0,1,1,0,1,Other,October,31,Tuesday,0,14,Rural,High Speed (Arterial),Yes,33.9769,-112.12867778,Non-Intersection,Dark - Not Lighted,Clear,0:00am-0:59am,19,0:00am-0:59am,30,1:00am-1:59am,18,1,Dark - Unlighted,Clear,1,0,['Driver'],['None_Used'],0,0,Valid,0.0,0.0,69.0,69.0,['Male'],1,0,3,4,3,Dry,Straight,Level,Lowest,No
1900,4,Arizona,40994,0,2,2,0,3,GLENDALE,December,14,Thursday,17,57,Urban,High Speed (Arterial),Yes,33.52949722,-112.17503611,Non-Intersection,Dark - Lighted,Clear,5:00pm-5:59pm,58,6:00pm-6:59pm,3,6:00pm-6:59pm,28,2,Dark - Lighted,Clear,2,1,"['Driver', 'Front_Passenger']","['None_Used', 'None_Used']",1,1,Invalid,0.0,0.0,28.0,22.0,"['Male', 'Male']",1,0,5,4,5,Dry,Straight,Level,Lowest,No
1901,4,Arizona,40995,1,1,1,0,1,PHOENIX,September,7,Thursday,99,99,Urban,Medium Speed (Collector),No,77.7777,777.7777,Non-Intersection,Not Reported,Not Reported,Unknown,Unknown,Unknown EMS Scene Arrival Hour,Unknown EMS Scene Arrival Minutes,Unknown,Unknown EMS Hospital Arrival Time,1,Dark - Unlighted,Clear,0,0,[],[],0,0,Invalid,0.0,0.0,998.0,998.0,['Other'],0,0,1,0,4,Dry,Straight,Level,Lowest,No
1902,4,Arizona,40996,0,2,2,0,3,SAN TAN VALLEY,November,4,Saturday,22,57,Urban,Medium Speed (Collector),No,33.19571667,-111.58206944,Simple Junction,Dark - Lighted,Clear,10:00pm-10:59pm,58,11:00pm-11:59pm,8,Not Applicable (Not Transported),Not Applicable (Not Transported),1,Dark - Lighted,Clear,1,2,['Driver'],['None_Used'],1,2,Valid,0.0,0.0,37.0,31.0,"['Female', 'Female']",0,0,5,4,5,Dry,Straight,Level,Lowest,No
1903,4,Arizona,40997,0,2,2,0,12,CHANDLER,December,6,Wednesday,14,47,Rural,Medium Speed (Collector),No,33.21926389,-111.98016944,Non-Intersection,Daylight,Clear,2:00pm-2:59pm,48,2:00pm-2:59pm,58,Unknown,Unknown EMS Hospital Arrival Time,1,Daylight,Clear,1,11,['Driver'],['None_Used'],0,0,Valid,0.0,0.0,44.0,18.0,"['Male', 'Male']",0,0,3,4,5,Dry,Straight,Level,Lowest,No
1904,4,Arizona,40998,0,2,2,0,2,CHANDLER,December,11,Monday,5,29,Urban,Medium Speed (Collector),No,33.26136944,-111.89296944,Non-Intersection,Dark - Not Lighted,Clear,5:00am-5:59am,29,5:00am-5:59am,49,6:00am-6:59am,4,1,Dark - Unlighted,Clear,1,1,['Driver'],['Shoulder_Lapbelt'],0,0,Valid,0.0,0.0,46.0,24.0,"['Male', 'Male']",1,0,4,4,5,Dry,Straight,Level,Lowest,No
1905,4,Arizona,40999,0,3,3,0,3,HOLBROOK,December,18,Monday,18,11,Rural,Medium Speed (Collector),No,34.78736389,-110.22429167,Non-Intersection,Dark - Not Lighted,Cloudy,6:00pm-6:59pm,26,6:00pm-6:59pm,44,Not Applicable (Not Transported),Not Applicable (Not Transported),1,Dark - Unlighted,Reduced Visibility,1,2,['Driver'],['Shoulder_Lapbelt'],0,0,Invalid,0.0,2.0,39.0,21.0,"['Male', 'Male', 'Male']",0,0,4,4,5,Dry,Straight,Level,Lowest,No
1906,4,Arizona,41000,1,1,1,0,3,BAPCHULE,December,26,Tuesday,20,27,Rural,Medium Speed (Collector),No,33.11774722,-111.90547222,Non-Intersection,Dark - Not Lighted,Clear,8:00pm-8:59pm,27,8:00pm-8:59pm,27,Not Applicable (Not Transported),Not Applicable (Not Transported),1,Dark - Unlighted,Clear,0,3,[],[],0,0,Valid,0.0,1.0,71.0,71.0,['Female'],0,0,3,4,4,Dry,Straight,Level,Lowest,No
1907,4,Arizona,41001,0,2,2,0,3,BUCKEYE,April,30,Sunday,18,3,Urban,Medium Speed (Collector),No,33.43539444,-112.59520278,Simple Junction,Dusk,Clear,6:00pm-6:59pm,10,6:00pm-6:59pm,19,Unknown,Unknown EMS Hospital Arrival Time,1,Twilight,Clear,1,2,['Front_Passenger'],['None_Used'],1,1,Valid,0.0,0.0,44.0,40.0,"['Male', 'Male']",0,0,5,4,5,Dry,Straight,Level,Lowest,No
1908,4,Arizona,41002,0,1,1,0,1,PHOENIX,October,15,Sunday,12,52,Urban,High Speed (Arterial),Yes,33.51073333,-112.11248889,Non-Intersection,Daylight,Clear,12:00pm-12:59pm,54,1:00pm-1:59pm,3,1:00pm-1:59pm,15,1,Daylight,Clear,1,0,['Driver'],['None_Used'],0,0,Valid,0.0,0.0,40.0,40.0,['Male'],1,0,5,2,3,Dry,Straight,Grade/Hillcrest,Lowest,No
1909,4,Arizona,41003,1,1,1,0,1,TEMPE,March,30,Thursday,11,7,Urban,Medium Speed (Collector),No,33.44465556,-111.954675,Complex/Circle,Daylight,Clear,Unknown,Unknown,Unknown EMS Scene Arrival Hour,Unknown EMS Scene Arrival Minutes,Not Applicable (Not Transported),Not Applicable (Not Transported),1,Daylight,Clear,0,1,[],[],0,0,Valid,0.0,1.0,53.0,53.0,['Male'],0,0,4,1,4,Dry,Straight,Level,Lowest,No
1910,4,Arizona,41004,0,1,1,0,1,NOT APPLICABLE,March,1,Wednesday,21,19,Rural,Low Speed (Local),No,77.7777,777.7777,Non-Intersection,Reported as Unknown,Reported as Unknown,Unknown,Unknown,Unknown EMS Scene Arrival Hour,Unknown EMS Scene Arrival Minutes,Not Applicable (Not Transported),Not Applicable (Not Transported),1,Dark - Unlighted,Clear,1,0,['Driver'],['Shoulder_Lapbelt'],0,0,Valid,0.0,0.0,38.0,38.0,['Male'],0,0,1,0,3,Dry,Straight,Level,Lowest,No
1911,4,Arizona,41005,0,1,1,0,1,GOLD CANYON,April,1,Saturday,99,99,Rural,Low Speed (Local),No,77.7777,777.7777,Non-Intersection,Not Reported,Not Reported,Unknown,Unknown,Unknown EMS Scene Arrival Hour,Unknown EMS Scene Arrival Minutes,Unknown,Unknown EMS Hospital Arrival Time,1,Dark - Unlighted,Clear,1,0,['Driver'],['None_Used'],0,0,Invalid,0.0,0.0,59.0,59.0,['Male'],0,0,5,0,1,Dry,Straight,Level,Lowest,No
1912,4,Arizona,41006,1,1,1,0,1,SURPRISE,April,3,Monday,99,99,Urban,Medium Speed (Collector),No,77.7777,777.7777,Non-Intersection,Not Reported,Not Reported,Unknown,Unknown,Unknown EMS Scene Arrival Hour,Unknown EMS Scene Arrival Minutes,Unknown,Unknown EMS Hospital Arrival Time,1,Dark - Unlighted,Clear,0,0,[],[],0,0,Invalid,0.0,0.0,998.0,998.0,['Other'],0,0,1,0,4,Dry,Straight,Level,Lowest,No
1913,4,Arizona,41007,1,1,1,0,1,TUCSON,December,30,Saturday,22,30,Urban,Medium Speed (Collector),No,32.17735556,-110.83253333,Complex/Circle,Dark - Lighted,Clear,10:00pm-10:59pm,30,10:00pm-10:59pm,34,Unknown,Unknown EMS Hospital Arrival Time,1,Dark - Lighted,Clear,0,0,[],[],0,0,Invalid,0.0,0.0,998.0,998.0,['Other'],0,0,1,0,4,Dry,Straight,Level,Lowest,No
1914,4,Arizona,41008,1,1,1,0,1,TUCSON,October,22,Sunday,0,2,Urban,Medium Speed (Collector),No,32.20684722,-110.96833056,Complex/Circle,Dark - Lighted,Clear,0:00am-0:59am,2,0:00am-0:59am,8,0:00am-0:59am,19,1,Dark - Lighted,Clear,0,1,[],[],0,0,Valid,0.0,0.0,22.0,22.0,['Female'],1,0,2,3,4,Dry,Straight,Level,Lowest,No
1915,4,Arizona,41009,1,1,1,0,1,TUCSON,November,26,Sunday,18,32,Urban,Medium Speed (Collector),No,32.26488611,-110.96110278,Complex/Circle,Dark - Lighted,Clear,6:00pm-6:59pm,32,6:00pm-6:59pm,38,Not Applicable (Not Transported),Not Applicable (Not Transported),1,Dark - Lighted,Clear,0,0,[],[],0,0,Invalid,0.0,0.0,998.0,998.0,['Other'],0,0,1,0,4,Dry,Straight,Level,Lowest,No
1916,4,Arizona,41010,0,1,1,0,1,SCOTTSDALE,April,3,Monday,21,44,Urban,High Speed (Arterial),Yes,33.45143889,-111.89058056,Non-Intersection,Reported as Unknown,Reported as Unknown,Unknown,Unknown,Unknown EMS Scene Arrival Hour,Unknown EMS Scene Arrival Minutes,Not Applicable (Not Transported),Not Applicable (Not Transported),1,Dark - Unlighted,Clear,1,0,['Driver'],['None_Used'],0,0,Invalid,0.0,0.0,42.0,42.0,['Male'],0,0,1,0,1,Dry,Straight,Level,Lowest,No
1917,4,Arizona,41011,0,2,2,0,2,SCOTTSDALE,April,16,Sunday,99,99,Urban,Medium Speed (Collector),No,33.45132222,-111.87464167,Non-Intersection,Not Reported,Not Reported,Unknown,Unknown,Unknown EMS Scene Arrival Hour,Unknown EMS Scene Arrival Minutes,Unknown,Unknown EMS Hospital Arrival Time,2,Dark - Unlighted,Clear,2,0,"['Driver', 'Driver']","['None_Used', 'Shoulder_Lapbelt']",0,0,Invalid,0.0,0.0,60.0,50.0,"['Male', 'Female']",0,0,1,0,5,Dry,Straight,Level,Lowest,No
1919,4,Arizona,41013,0,1,1,0,1,SCOTTSDALE,April,17,Monday,99,99,Urban,High Speed (Arterial),Yes,33.45179167,-111.89053611,Non-Intersection,Not Reported,Not Reported,Unknown,Unknown,Unknown EMS Scene Arrival Hour,Unknown EMS Scene Arrival Minutes,Not Applicable (Not Transported),Not Applicable (Not Transported),1,Dark - Unlighted,Clear,1,0,['Driver'],['Shoulder_Lapbelt'],0,0,Invalid,0.0,0.0,61.0,61.0,['Male'],0,0,1,0,1,Dry,Straight,Level,Lowest,No
1920,4,Arizona,41014,0,2,2,0,4,TOLLESON,July,31,Monday,20,33,Urban,Medium Speed (Collector),No,33.43580278,-112.25511667,Complex/Circle,Daylight,Cloudy,8:00pm-8:59pm,33,8:00pm-8:59pm,38,Unknown,Unknown EMS Hospital Arrival Time,1,Daylight,Reduced Visibility,1,3,['Front_Passenger'],['None_Used'],1,2,Valid,0.0,0.0,63.0,24.0,"['Male', 'Male']",2,0,2,4,5,Dry,Straight,Level,Lowest,Yes
1922,4,Arizona,41017,0,1,1,0,4,SAFFORD,December,5,Tuesday,11,4,Rural,Medium Speed (Collector),No,32.76445833,-109.45284444,Non-Intersection,Daylight,Clear,11:00am-11:59am,17,11:00am-11:59am,37,Unknown,Unknown EMS Hospital Arrival Time,2,Daylight,Clear,2,2,"['Driver', 'Front_Passenger']","['None_Used', 'None_Used']",0,0,Valid,0.0,2.0,28.0,28.0,['Male'],0,0,3,4,3,Dry,Straight,Level,Lowest,No
1923,4,Arizona,41018,1,1,1,0,1,TUCSON,December,18,Monday,21,43,Urban,Medium Speed (Collector),No,32.163525,-111.09784722,Non-Intersection,Dark - Not Lighted,Clear,9:00pm-9:59pm,49,Unknown EMS Scene Arrival Hour,Unknown EMS Scene Arrival Minutes,Not Applicable (Not Transported),Not Applicable (Not Transported),1,Dark - Unlighted,Clear,0,1,[],[],0,0,Valid,0.0,3.0,31.0,31.0,['Male'],0,0,2,3,4,Dry,Straight,Level,Lowest,No
1924,4,Arizona,41019,0,2,2,0,3,NOT APPLICABLE,December,20,Wednesday,20,18,Rural,High Speed (Arterial),Yes,34.04808056,-112.84231389,Non-Intersection,Dark - Not Lighted,Clear,8:00pm-8:59pm,20,8:00pm-8:59pm,29,10:00pm-10:59pm,0,2,Dark - Unlighted,Clear,2,1,"['Driver', 'Front_Passenger']","['Shoulder_Lapbelt', 'Shoulder_Lapbelt']",0,0,Valid,0.0,1.0,39.0,26.0,"['Male', 'Male']",0,0,4,4,5,Dry,Straight,Level,Lowest,No
1925,4,Arizona,41020,0,1,1,0,1,KAIBITO,October,4,Wednesday,2,52,Rural,Medium Speed (Collector),No,77.7777,777.7777,Non-Intersection,Dark - Unknown Lighting,Not Reported,Unknown,Unknown,Unknown EMS Scene Arrival Hour,Unknown EMS Scene Arrival Minutes,Not Applicable (Not Transported),Not Applicable (Not Transported),1,Dark - Unlighted,Clear,1,0,['Driver'],['None_Used'],0,0,Invalid,0.0,0.0,32.0,32.0,['Other'],0,0,1,0,1,Dry,Straight,Level,Lowest,No
1926,4,Arizona,41021,0,2,2,0,2,PHOENIX,October,23,Monday,99,99,Urban,High Speed (Arterial),Yes,33.55272778,-112.06522222,Non-Intersection,Reported as Unknown,Not Reported,Unknown,Unknown,Unknown EMS Scene Arrival Hour,Unknown EMS Scene Arrival Minutes,Unknown,Unknown EMS Hospital Arrival Time,1,Dark - Unlighted,Clear,1,0,['Driver'],['Shoulder_Lapbelt'],0,0,Valid,0.0,0.0,998.0,76.0,"['Male', 'Other']",0,0,1,0,5,Dry,Straight,Level,Lowest,No
1927,4,Arizona,41022,1,1,1,0,1,PHOENIX,October,30,Monday,14,52,Urban,Medium Speed (Collector),No,33.50918889,-112.11708333,Complex/Circle,Daylight,Clear,2:00pm-2:59pm,53,2:00pm-2:59pm,57,3:00pm-3:59pm,12,1,Daylight,Clear,0,1,[],[],0,0,Invalid,0.0,0.0,998.0,998.0,['Other'],0,0,1,0,4,Dry,Straight,Level,Lowest,No
1928,4,Arizona,41023,0,1,1,0,1,LAVEEN,November,2,Thursday,21,37,Rural,Low Speed (Local),No,33.31222778,-112.15386111,Non-Intersection,Dark - Not Lighted,Clear,9:00pm-9:59pm,39,9:00pm-9:59pm,55,10:00pm-10:59pm,30,1,Dark - Unlighted,Clear,1,0,['Driver'],['None_Used'],1,1,Valid,0.0,0.0,36.0,36.0,['Female'],0,0,2,4,3,Dry,Curve,Level,Lowest,No
1929,4,Arizona,41024,0,2,2,0,2,PHOENIX,November,15,Wednesday,5,58,Urban,Medium Speed (Collector),No,33.48048889,-112.15168333,Non-Intersection,Dark - Unknown Lighting,Not Reported,Unknown,Unknown,Unknown EMS Scene Arrival Hour,Unknown EMS Scene Arrival Minutes,Unknown,Unknown EMS Hospital Arrival Time,1,Dark - Unlighted,Clear,1,0,['Driver'],['Shoulder_Lapbelt'],0,0,Valid,0.0,0.0,998.0,57.0,"['Male', 'Other']",0,0,1,0,5,Dry,Straight,Level,Lowest,No
1930,4,Arizona,41025,1,1,1,0,1,APACHE JUNCTION,November,17,Friday,10,2,Urban,Medium Speed (Collector),No,33.40785278,-111.57191111,Complex/Circle,Daylight,Clear,Unknown,Unknown,Unknown EMS Scene Arrival Hour,Unknown EMS Scene Arrival Minutes,Unknown,Unknown EMS Hospital Arrival Time,1,Daylight,Clear,0,1,[],[],0,0,Valid,0.0,0.0,85.0,85.0,['Female'],0,0,1,2,4,Dry,Straight,Level,Lowest,No
1931,4,Arizona,41026,0,2,2,0,2,PHOENIX,November,18,Saturday,7,59,Urban,Medium Speed (Collector),No,33.34740556,-111.99010556,Complex/Circle,Daylight,Rain,Unknown,Unknown,Unknown EMS Scene Arrival Hour,Unknown EMS Scene Arrival Minutes,Unknown,Unknown EMS Hospital Arrival Time,1,Daylight,Rain/Wind/Minor,1,1,['Driver'],['Shoulder_Lapbelt'],0,0,Valid,0.0,0.0,81.0,44.0,"['Male', 'Male']",0,0,3,4,5,Wet/Standing Water,Straight,Level,Lowest,No
1932,4,Arizona,41027,0,2,2,0,2,TEMPE,April,7,Friday,14,55,Urban,Medium Speed (Collector),No,33.39301111,-111.88327222,Complex/Circle,Daylight,Clear,Unknown,Unknown,Unknown EMS Scene Arrival Hour,Unknown EMS Scene Arrival Minutes,Unknown,Unknown EMS Hospital Arrival Time,1,Daylight,Clear,1,1,['Driver'],['Shoulder_Lapbelt'],0,0,Valid,0.0,0.0,88.0,20.0,"['Female', 'Male']",0,0,3,4,5,Dry,Straight,Level,Lowest,No
1933,4,Arizona,41028,0,2,2,0,2,TEMPE,November,30,Thursday,17,13,Urban,Medium Speed (Collector),No,33.37831389,-111.94950833,Non-Intersection,Dark - Lighted,Rain,5:00pm-5:59pm,13,5:00pm-5:59pm,18,5:00pm-5:59pm,34,1,Dark - Lighted,Rain/Wind/Minor,1,1,['Driver'],['None_Used'],0,0,Valid,0.0,0.0,57.0,31.0,"['Male', 'Male']",1,0,5,4,5,Wet/Standing Water,Straight,Level,Lowest,No
1934,4,Arizona,41029,1,1,1,0,2,PHOENIX,November,8,Wednesday,19,53,Urban,Medium Speed (Collector),No,33.39326944,-112.04726667,Non-Intersection,Dark - Lighted,Clear,7:00pm-7:59pm,54,7:00pm-7:59pm,57,8:00pm-8:59pm,8,1,Dark - Lighted,Clear,0,2,[],[],0,0,Valid,0.0,0.0,43.0,43.0,['Male'],0,0,2,4,4,Dry,Straight,Level,Lowest,No
1937,4,Arizona,41032,1,1,1,0,1,TUCSON,October,29,Sunday,13,9,Urban,Medium Speed (Collector),No,32.13776944,-110.97756944,Complex/Circle,Daylight,Clear,1:00pm-1:59pm,9,1:00pm-1:59pm,12,Unknown,Unknown EMS Hospital Arrival Time,1,Daylight,Clear,0,1,[],[],0,0,Valid,0.0,0.0,88.0,88.0,['Male'],0,0,2,3,4,Dry,Straight,Level,Lowest,No
1938,4,Arizona,41033,0,2,2,0,2,GOODYEAR,December,6,Wednesday,8,23,Urban,High Speed (Arterial),Yes,33.45773056,-112.36243333,Non-Intersection,Daylight,Clear,8:00am-8:59am,24,8:00am-8:59am,28,Not Applicable (Not Transported),Not Applicable (Not Transported),1,Daylight,Clear,1,1,['Driver'],['Shoulder_Lapbelt'],1,1,Valid,0.0,0.0,38.0,38.0,"['Female', 'Male']",0,0,4,4,5,Dry,Straight,Level,Lowest,No
1939,4,Arizona,41034,0,4,4,0,5,SACATON,April,13,Thursday,15,50,Rural,Medium Speed (Collector),No,33.121325,-111.73768611,Simple Junction,Daylight,Clear,4:00pm-4:59pm,49,4:00pm-4:59pm,55,5:00pm-5:59pm,51,1,Daylight,Clear,1,4,['Driver'],['None_Used'],0,0,Invalid,0.0,0.0,53.0,26.0,"['Male', 'Male', 'Male', 'Male']",0,0,5,4,5,Dry,Straight,Level,Lowest,No
1940,4,Arizona,41035,0,2,2,0,2,PHOENIX,April,13,Thursday,15,17,Urban,Medium Speed (Collector),No,33.62519722,-112.14671667,Complex/Circle,Daylight,Clear,Unknown,Unknown,Unknown EMS Scene Arrival Hour,Unknown EMS Scene Arrival Minutes,Unknown,Unknown if Transported,1,Daylight,Clear,1,1,['Driver'],['None_Used'],1,1,Valid,0.0,2.0,25.0,17.0,"['Male', 'Male']",1,0,5,4,5,Dry,Straight,Level,Lowest,No
1941,4,Arizona,41036,0,5,5,0,9,PHOENIX,June,3,Saturday,12,45,Urban,Medium Speed (Collector),No,33.50530556,-112.20310833,Non-Intersection,Daylight,Clear,12:00pm-12:59pm,47,12:00pm-12:59pm,53,1:00pm-1:59pm,12,1,Daylight,Clear,1,8,['Front_Passenger'],['Shoulder_Lapbelt'],1,1,Valid,0.0,2.0,55.0,19.0,"['Male', 'Male', 'Male', 'Female', 'Female']",1,0,3,4,5,Dry,Straight,Level,Lowest,No
1942,4,Arizona,41037,0,5,5,0,7,GILBERT,October,4,Wednesday,10,39,Urban,Medium Speed (Collector),No,33.32984722,-111.72131944,Complex/Circle,Daylight,Clear,10:00am-10:59am,39,10:00am-10:59am,45,Unknown,Unknown EMS Hospital Arrival Time,1,Daylight,Clear,1,6,['Front_Passenger'],['Shoulder_Lapbelt'],0,0,Valid,0.0,0.0,77.0,21.0,"['Male', 'Male', 'Male', 'Male', 'Female']",2,0,3,4,5,Dry,Straight,Level,Lowest,No
1943,4,Arizona,41039,1,1,1,0,1,MESA,November,2,Thursday,16,8,Urban,Medium Speed (Collector),No,33.39294722,-111.87162778,Simple Junction,Daylight,Clear,Unknown,Unknown,Unknown EMS Scene Arrival Hour,Unknown EMS Scene Arrival Minutes,Unknown,Unknown EMS Hospital Arrival Time,1,Daylight,Clear,0,1,[],[],0,0,Valid,0.0,0.0,62.0,62.0,['Male'],0,0,3,2,4,Dry,Straight,Level,Lowest,No
1944,4,Arizona,41040,1,1,1,0,4,TUCSON,October,24,Tuesday,22,43,Urban,High Speed (Arterial),Yes,32.27391944,-110.97821111,Simple Junction,Dark - Lighted,Clear,9:00pm-9:59pm,36,9:00pm-9:59pm,40,9:00pm-9:59pm,55,1,Dark - Lighted,Clear,0,4,[],[],0,0,Valid,0.0,1.0,33.0,33.0,['Male'],0,0,2,3,4,Dry,Straight,Level,Lowest,No
1946,4,Arizona,41042,0,2,2,0,3,PHOENIX,December,21,Thursday,8,51,Urban,High Speed (Arterial),Yes,33.610775,-112.13385833,Complex/Circle,Daylight,Clear,8:00am-8:59am,51,8:00am-8:59am,52,Unknown,Unknown EMS Hospital Arrival Time,1,Daylight,Clear,1,2,['Driver'],['Shoulder_Lapbelt'],0,0,Valid,0.0,0.0,998.0,19.0,"['Female', 'Male']",1,0,3,4,5,Dry,Straight,Level,Lowest,No
1947,4,Arizona,41043,0,2,2,0,4,FLAGSTAFF,December,28,Thursday,0,58,Rural,High Speed (Arterial),Yes,35.20160278,-111.47752778,Non-Intersection,Dark - Not Lighted,Clear,0:00am-0:59am,58,1:00am-1:59am,10,Unknown,Unknown EMS Hospital Arrival Time,1,Dark - Unlighted,Clear,1,3,['Front_Passenger'],['Shoulder_Lapbelt'],0,0,Valid,0.0,0.0,32.0,30.0,"['Male', 'Male']",2,0,4,4,5,Dry,Curve,Level,Lowest,No
1948,4,Arizona,41044,0,3,3,0,3,PHOENIX,July,15,Saturday,20,5,Urban,High Speed (Arterial),Yes,33.49499722,-112.12135,Simple Junction,Dark - Lighted,Clear,Unknown,Unknown,Unknown EMS Scene Arrival Hour,Unknown EMS Scene Arrival Minutes,Unknown,Unknown EMS Hospital Arrival Time,1,Dark - Lighted,Clear,1,2,['Driver'],['None_Used'],1,1,Valid,0.0,1.0,31.0,26.0,"['Male', 'Male', 'Male']",1,0,5,4,5,Dry,Straight,Level,Lowest,No
1949,4,Arizona,41045,0,2,2,0,2,PHOENIX,December,19,Tuesday,14,32,Urban,Medium Speed (Collector),No,33.42300556,-112.22617222,Non-Intersection,Daylight,Clear,Unknown,Unknown,Unknown EMS Scene Arrival Hour,Unknown EMS Scene Arrival Minutes,Unknown,Unknown EMS Hospital Arrival Time,1,Daylight,Clear,1,1,['Driver'],['None_Used'],0,0,Valid,0.0,1.0,46.0,25.0,"['Male', 'Female']",1,0,5,4,5,Dry,Straight,Level,Lowest,No
1950,4,Arizona,41046,1,1,1,0,1,SIERRA VISTA,September,9,Saturday,22,15,Urban,High Speed (Arterial),Yes,31.56747222,-110.25793889,Non-Intersection,Dark - Not Lighted,Clear,10:00pm-10:59pm,21,10:00pm-10:59pm,27,Not Applicable (Not Transported),Not Applicable (Not Transported),1,Dark - Unlighted,Clear,0,1,[],[],0,0,Valid,0.0,0.0,38.0,38.0,['Male'],0,0,2,4,4,Dry,Curve,Level,Lowest,No
1951,4,Arizona,41047,0,2,2,0,4,TUCSON,October,17,Tuesday,21,42,Urban,High Speed (Arterial),No,32.27205833,-110.94373056,Complex/Circle,Dark - Lighted,Clear,9:00pm-9:59pm,42,9:00pm-9:59pm,47,Not Applicable (Not Transported),Not Applicable (Not Transported),1,Dark - Lighted,Clear,1,3,['Driver'],['None_Used'],1,1,Valid,0.0,0.0,40.0,31.0,"['Male', 'Male']",0,0,5,4,5,Dry,Straight,Level,Lowest,No
1952,4,Arizona,41048,1,1,1,0,1,TUCSON,October,28,Saturday,3,54,Urban,Medium Speed (Collector),No,32.15278611,-111.00883056,Non-Intersection,Dark - Not Lighted,Clear,3:00am-3:59am,54,4:00am-4:59am,0,4:00am-4:59am,35,1,Dark - Unlighted,Clear,0,0,[],[],1,1,Valid,0.0,0.0,16.0,16.0,['Male'],1,0,2,4,2,Dry,Straight,Level,Lowest,No
1953,4,Arizona,41049,0,2,2,0,4,TUCSON,October,20,Friday,19,35,Urban,Medium Speed (Collector),No,32.1402,-111.15264167,Non-Intersection,Dark - Lighted,Clear,7:00pm-7:59pm,40,7:00pm-7:59pm,50,8:00pm-8:59pm,9,1,Dark - Lighted,Clear,1,3,['Rear_Seat'],['Shoulder_Lapbelt'],1,2,Valid,0.0,0.0,20.0,18.0,"['Male', 'Female']",0,0,2,4,5,Dry,Straight,Level,Lowest,No
1954,4,Arizona,41050,0,2,2,0,3,PEORIA,October,29,Sunday,3,43,Urban,High Speed (Arterial),Yes,33.61372222,-112.24060833,Non-Intersection,Dark - Lighted,Clear,3:00am-3:59am,55,4:00am-4:59am,5,4:00am-4:59am,20,1,Dark - Lighted,Clear,1,2,['Driver'],['Shoulder_Lapbelt'],0,0,Invalid,0.0,0.0,48.0,27.0,"['Male', 'Male']",0,0,4,4,5,Dry,Straight,Level,Lowest,No
1955,4,Arizona,41051,2,1,1,0,2,PAGE,December,16,Saturday,17,42,Urban,Medium Speed (Collector),No,36.91078611,-111.45666944,Non-Intersection,Dark - Not Lighted,Clear,5:00pm-5:59pm,59,6:00pm-6:59pm,1,6:00pm-6:59pm,12,2,Dark - Unlighted,Clear,0,2,[],[],0,0,Valid,0.0,0.0,59.0,59.0,['Female'],2,0,3,2,4,Dry,Straight,Level,Lowest,No
1956,4,Arizona,41052,0,2,2,0,2,BAGDAD,October,29,Sunday,14,57,Rural,Medium Speed (Collector),No,34.47500278,-112.88823611,Non-Intersection,Daylight,Clear,3:00pm-3:59pm,3,3:00pm-3:59pm,45,Not Applicable (Not Transported),Not Applicable (Not Transported),1,Daylight,Clear,1,1,['Driver'],['None_Used'],0,0,Valid,0.0,1.0,79.0,40.0,"['Female', 'Male']",1,0,5,4,5,Dry,Straight,Level,Lowest,No
1957,4,Arizona,41053,1,1,1,0,1,PHOENIX,July,1,Saturday,12,0,Urban,Medium Speed (Collector),No,33.39223333,-112.08222778,Non-Intersection,Daylight,Clear,12:00pm-12:59pm,1,12:00pm-12:59pm,7,12:00pm-12:59pm,22,1,Daylight,Clear,0,1,[],[],0,0,Valid,0.0,0.0,30.0,30.0,['Male'],0,0,1,1,4,Dry,Straight,Level,Lowest,No
1958,4,Arizona,41054,0,2,2,0,2,TUCSON,September,2,Saturday,20,33,Urban,Medium Speed (Collector),No,32.14136667,-110.93485278,Complex/Circle,Dark - Not Lighted,Clear,8:00pm-8:59pm,31,8:00pm-8:59pm,36,Not Applicable (Not Transported),Not Applicable (Not Transported),1,Dark - Unlighted,Clear,1,0,['Driver'],['Shoulder_Lapbelt'],0,0,Invalid,0.0,0.0,998.0,69.0,"['Other', 'Female']",0,0,3,4,5,Dry,Straight,Level,Lowest,No