,State_Code,State_Name,Crash_ID,Count_Non_Motorists,Count_Vehicles_Total,Count_Vehicle_Forms,Count_PVH_Involved,Count_Occupants_MV,City_Name,Month_Name,Day_of_Month,Day_of_Week,Crash_Hour,Crash_Minute,Area_Rural_Urban,Road_Functional_Class,On_NHS_Road,Latitude,Longitude,Intersection_Type,Light_Condition,Weather_Condition,Notif_Hour,Notif_Minute,Arrival_Hour,Arrival_Minute,Hospital_Hour,Hospital_Minute,Fatalities_Count,Clean_Light_Condition,Clean_Weather_Condition,Total_Killed,Total_Alive,Fatal_Seats_List,Killed_Restraint_List,Any_Driver_Drinking,Total_Drinking_Drivers,Driver_License_Category,Driver_Max_Prev_Accident_Count,Driver_Max_Prev_Speeding_Count,Max_Driver_Age,Min_Driver_Age,Driver_Sex_List,Total_Exceeding_Limit_Vehicles,Total_Too_Fast_Vehicles,Max_Vehicle_Type_Severity_5,Max_Vehicle_Damage_Rank,Max_Harmful_Event_Severity,Crash_Road_Surface_Condition,Crash_Horizontal_Alignment,Crash_Vertical_Profile,Crash_Impairment_Category,Crash_Vehicle_Defect
1959,4,Arizona,41056,0,2,2,0,2,PHOENIX,May,20,Saturday,10,17,Urban,Medium Speed (Collector),No,33.47771111,-112.00423611,Simple Junction,Daylight,Clear,Unknown,Unknown,Unknown EMS Scene Arrival Hour,Unknown EMS Scene Arrival Minutes,Unknown,Unknown EMS Hospital Arrival Time,1,Daylight,Clear,1,0,['Driver'],['None_Used'],0,0,Invalid,0.0,1.0,998.0,34.0,"['Other', 'Male']",0,0,5,4,5,Dry,Straight,Level,Lowest,No
1960,4,Arizona,41057,0,1,1,0,1,LITTLEFIELD,August,5,Saturday,14,57,Rural,High Speed (Arterial),Yes,36.915225,-113.84178611,Non-Intersection,Daylight,Clear,3:00pm-3:59pm,2,3:00pm-3:59pm,21,Not Applicable (Not Transported),Not Applicable (Not Transported),1,Daylight,Clear,1,0,['Driver'],['None_Used'],0,0,Invalid,0.0,3.0,29.0,29.0,['Male'],1,0,5,4,2,Dry,Straight,Level,Lowest,No
1961,4,Arizona,41058,0,2,2,0,3,WILLCOX,October,10,Tuesday,7,12,Rural,High Speed (Arterial),Yes,32.36280833,-109.63835833,Non-Intersection,Daylight,Clear,7:00am-7:59am,15,7:00am-7:59am,28,Unknown,Unknown EMS Hospital Arrival Time,1,Daylight,Clear,1,2,['Front_Passenger'],['Shoulder_Lapbelt'],0,0,Valid,0.0,0.0,44.0,39.0,"['Male', 'Male']",1,0,4,4,5,Dry,Straight,Level,Lowest,No
1962,4,Arizona,41059,0,1,1,0,1,WILLIAMS,October,18,Wednesday,16,34,Rural,High Speed (Arterial),Yes,35.21674167,-112.39359167,Non-Intersection,Daylight,Clear,4:00pm-4:59pm,38,4:00pm-4:59pm,57,7:00pm-7:59pm,50,1,Daylight,Clear,1,0,['Driver'],['None_Used'],0,0,Invalid,0.0,0.0,49.0,49.0,['Female'],0,0,3,4,3,Dry,Curve,Grade/Hillcrest,Lowest,No
1963,4,Arizona,41060,0,2,2,0,4,EAGAR,October,27,Friday,18,56,Urban,Medium Speed (Collector),No,34.11101944,-109.26490833,Non-Intersection,Dark - Not Lighted,Clear,6:00pm-6:59pm,55,7:00pm-7:59pm,4,7:00pm-7:59pm,24,1,Dark - Unlighted,Clear,1,3,['Driver'],['None_Used'],0,0,Valid,0.0,0.0,82.0,38.0,"['Female', 'Male']",0,0,3,4,5,Dry,Straight,Level,Lowest,No
1964,4,Arizona,41061,0,3,3,0,3,PHOENIX,October,28,Saturday,18,10,Urban,Medium Speed (Collector),No,33.46993056,-112.25528611,Simple Junction,Dark - Lighted,Clear,Unknown,Unknown,Unknown EMS Scene Arrival Hour,Unknown EMS Scene Arrival Minutes,Not Applicable (Not Transported),Not Applicable (Not Transported),1,Dark - Lighted,Clear,1,2,['Driver'],['None_Used'],0,0,Valid,0.0,0.0,40.0,26.0,"['Female', 'Male', 'Male']",0,0,5,4,5,Dry,Straight,Level,Lowest,No
1965,4,Arizona,41062,0,3,3,0,7,TONOPAH,June,4,Sunday,17,59,Rural,Medium Speed (Collector),No,33.42106944,-112.78141389,Complex/Circle,Daylight,Clear,5:00pm-5:59pm,7,5:00pm-5:59pm,20,5:00pm-5:59pm,48,1,Daylight,Clear,1,6,['Driver'],['None_Used'],1,1,Invalid,0.0,4.0,22.0,16.0,"['Male', 'Male', 'Male']",1,0,3,4,5,Dry,Straight,Level,Lowest,No
1966,4,Arizona,41063,1,1,1,0,1,PINETOP-LAKESIDE,November,23,Thursday,3,30,Rural,Medium Speed (Collector),No,34.05308333,-109.91866389,Non-Intersection,Dark - Not Lighted,Clear,3:00am-3:59am,37,3:00am-3:59am,45,Not Applicable (Not Transported),Not Applicable (Not Transported),1,Dark - Unlighted,Clear,0,1,[],[],0,0,Valid,0.0,0.0,49.0,49.0,['Male'],0,0,3,3,4,Dry,Straight,Grade/Hillcrest,Lowest,No
1967,4,Arizona,41064,0,1,1,0,1,TUCSON,November,30,Thursday,23,33,Urban,Medium Speed (Collector),No,32.16127222,-110.92635833,Simple Junction,Dark - Lighted,Clear,11:00pm-11:59pm,45,11:00pm-11:59pm,45,Not Applicable (Not Transported),Not Applicable (Not Transported),1,Dark - Lighted,Clear,1,0,['Driver'],['Shoulder_Lapbelt'],1,1,Valid,0.0,1.0,36.0,36.0,['Male'],0,0,3,4,3,Dry,Straight,Level,Lowest,No
1968,4,Arizona,41065,0,1,1,0,2,TUCSON,December,29,Friday,14,58,Urban,Medium Speed (Collector),No,32.27206944,-110.98895556,Non-Intersection,Daylight,Clear,2:00pm-2:59pm,57,2:00pm-2:59pm,58,3:00pm-3:59pm,15,1,Daylight,Clear,1,1,['Driver'],['None_Used'],0,0,Invalid,0.0,0.0,43.0,43.0,['Male'],2,0,5,3,3,Dry,Straight,Level,Lowest,No
1969,4,Arizona,41066,1,1,1,0,2,TUCSON,November,5,Sunday,22,5,Urban,Medium Speed (Collector),No,32.13311944,-110.97786389,Non-Intersection,Dark - Lighted,Clear,Unknown,Unknown,Unknown EMS Scene Arrival Hour,Unknown EMS Scene Arrival Minutes,Unknown,Unknown EMS Hospital Arrival Time,1,Dark - Lighted,Clear,0,1,[],[],0,0,Invalid,0.0,1.0,18.0,18.0,['Male'],2,0,3,3,4,Dry,Straight,Level,Lowest,No
1970,4,Arizona,41067,1,1,1,0,1,PHOENIX,October,31,Tuesday,4,52,Urban,Medium Speed (Collector),No,33.43686389,-112.08336944,Non-Intersection,Dark - Lighted,Clear,Unknown,Unknown,Unknown EMS Scene Arrival Hour,Unknown EMS Scene Arrival Minutes,Unknown,Unknown EMS Hospital Arrival Time,1,Dark - Lighted,Clear,0,1,[],[],0,0,Invalid,0.0,0.0,28.0,28.0,['Male'],0,0,3,3,4,Dry,Straight,Level,Lowest,No
1971,4,Arizona,41068,0,1,1,0,2,MESA,December,10,Sunday,19,1,Urban,High Speed (Arterial),Yes,33.38615556,-111.69356389,Simple Junction,Dark - Lighted,Clear,7:00pm-7:59pm,4,7:00pm-7:59pm,13,Not Applicable (Not Transported),Not Applicable (Not Transported),2,Dark - Lighted,Clear,2,0,"['Driver', 'Front_Passenger']","['None_Used', 'None_Used']",0,0,Valid,0.0,0.0,20.0,20.0,['Male'],2,0,3,4,3,Dry,Straight,Grade/Hillcrest,Lowest,No
1972,4,Arizona,41069,0,2,2,0,3,PHOENIX,December,13,Wednesday,20,40,Urban,High Speed (Arterial),Yes,33.58265833,-112.00039444,Non-Intersection,Dark - Lighted,Clear,Unknown,Unknown,Unknown EMS Scene Arrival Hour,Unknown EMS Scene Arrival Minutes,Unknown,Unknown EMS Hospital Arrival Time,1,Dark - Lighted,Clear,1,2,['Driver'],['None_Used'],0,0,Valid,0.0,0.0,50.0,50.0,"['Female', 'Male']",0,0,2,4,5,Dry,Straight,Level,Lowest,No
1973,4,Arizona,41070,0,3,3,0,5,PHOENIX,December,30,Saturday,18,0,Urban,Medium Speed (Collector),No,33.46958611,-112.15177222,Simple Junction,Dark - Not Lighted,Clear,Unknown,Unknown,Unknown EMS Scene Arrival Hour,Unknown EMS Scene Arrival Minutes,Unknown,Unknown EMS Hospital Arrival Time,1,Dark - Unlighted,Clear,1,4,['Driver'],['Shoulder_Lapbelt'],0,0,Valid,0.0,1.0,30.0,22.0,"['Male', 'Male', 'Male']",2,0,3,4,5,Dry,Straight,Level,Lowest,No
1974,4,Arizona,41071,0,2,2,0,3,CAREFREE,December,10,Sunday,12,54,Urban,Medium Speed (Collector),No,33.81828889,-111.89123333,Complex/Circle,Daylight,Clear,12:00pm-12:59pm,54,1:00pm-1:59pm,2,1:00pm-1:59pm,27,1,Daylight,Clear,1,2,['Driver'],['None_Used'],0,0,Invalid,0.0,0.0,28.0,27.0,"['Male', 'Male']",0,0,5,4,5,Dry,Straight,Level,Lowest,No
1976,4,Arizona,41073,0,2,2,0,4,FORT MCDOWELL,September,1,Friday,23,26,Rural,Medium Speed (Collector),No,33.55290833,-111.579675,Non-Intersection,Dark - Not Lighted,Cloudy,11:00pm-11:59pm,26,11:00pm-11:59pm,40,Unknown,Unknown EMS Hospital Arrival Time,2,Dark - Unlighted,Reduced Visibility,2,2,"['Driver', 'Driver']","['Shoulder_Lapbelt', 'Shoulder_Lapbelt']",0,0,Invalid,0.0,2.0,19.0,18.0,"['Female', 'Male']",2,0,2,4,5,Dry,Straight,Grade/Hillcrest,Lowest,No
1977,4,Arizona,41074,0,2,2,0,3,PHOENIX,September,14,Thursday,8,1,Urban,Medium Speed (Collector),No,33.423,-112.22743056,Non-Intersection,Daylight,Clear,Unknown,Unknown,Unknown EMS Scene Arrival Hour,Unknown EMS Scene Arrival Minutes,Unknown,Unknown EMS Hospital Arrival Time,1,Daylight,Clear,1,2,['Front_Passenger'],['Shoulder_Lapbelt'],0,0,Valid,0.0,0.0,42.0,20.0,"['Male', 'Female']",1,0,3,4,5,Dry,Straight,Level,Lowest,No
1978,4,Arizona,41075,0,2,2,0,2,PHOENIX,October,5,Thursday,18,54,Urban,Medium Speed (Collector),No,33.42182778,-111.986775,Simple Junction,Dark - Not Lighted,Clear,Unknown,Unknown,Unknown EMS Scene Arrival Hour,Unknown EMS Scene Arrival Minutes,Unknown,Unknown EMS Hospital Arrival Time,1,Dark - Unlighted,Clear,1,1,['Driver'],['Shoulder_Lapbelt'],1,1,Valid,0.0,0.0,61.0,50.0,"['Male', 'Male']",1,0,4,4,5,Dry,Straight,Level,Lowest,No
1979,4,Arizona,41076,0,3,3,0,4,CHANDLER,October,20,Friday,14,20,Urban,High Speed (Arterial),Yes,33.22520556,-111.92458333,Non-Intersection,Daylight,Clear,2:00pm-2:59pm,22,2:00pm-2:59pm,43,3:00pm-3:59pm,11,1,Daylight,Clear,1,3,['Driver'],['Shoulder_Lapbelt'],1,1,Valid,0.0,1.0,52.0,30.0,"['Female', 'Male', 'Male']",0,0,3,4,5,Dry,Straight,Level,Lowest,No
1980,4,Arizona,41077,0,1,1,0,2,TUCSON,October,27,Friday,13,13,Urban,Medium Speed (Collector),No,32.12987222,-111.02463056,Non-Intersection,Daylight,Clear,1:00pm-1:59pm,14,1:00pm-1:59pm,20,Unknown,Unknown EMS Hospital Arrival Time,1,Daylight,Clear,1,1,['Driver'],['None_Used'],0,0,Valid,0.0,0.0,73.0,73.0,['Male'],0,0,3,4,3,Dry,Curve,Level,Lowest,No
1981,4,Arizona,41078,0,2,2,0,3,PHOENIX,November,3,Friday,21,53,Urban,Medium Speed (Collector),No,33.668075,-112.08281667,Complex/Circle,Dark - Lighted,Clear,Unknown,Unknown,Unknown EMS Scene Arrival Hour,Unknown EMS Scene Arrival Minutes,Not Applicable (Not Transported),Not Applicable (Not Transported),1,Dark - Lighted,Clear,1,2,['Driver'],['Shoulder_Lapbelt'],1,1,Valid,0.0,1.0,77.0,36.0,"['Male', 'Female']",2,0,3,4,5,Dry,Straight,Level,Lowest,No
1982,4,Arizona,41079,1,1,1,0,1,BUCKEYE,November,16,Thursday,1,28,Urban,High Speed (Arterial),Yes,33.45854444,-112.51288889,Non-Intersection,Dark - Lighted,Rain,1:00am-1:59am,42,1:00am-1:59am,52,Not Applicable (Not Transported),Not Applicable (Not Transported),1,Dark - Lighted,Rain/Wind/Minor,0,0,[],[],0,0,Invalid,0.0,0.0,998.0,998.0,['Other'],0,0,1,0,4,Wet/Standing Water,Straight,Level,Lowest,No
1983,4,Arizona,41080,1,1,1,0,1,PHOENIX,November,22,Wednesday,5,32,Urban,Medium Speed (Collector),No,33.45149167,-112.11760278,Non-Intersection,Dark - Lighted,Clear,Unknown,Unknown,Unknown EMS Scene Arrival Hour,Unknown EMS Scene Arrival Minutes,Unknown,Unknown EMS Hospital Arrival Time,1,Dark - Lighted,Clear,0,1,[],[],0,0,Valid,0.0,0.0,35.0,35.0,['Male'],0,0,2,3,4,Dry,Straight,Level,Lowest,No
1984,4,Arizona,41081,0,3,3,0,4,TEMPE,December,15,Friday,14,8,Urban,High Speed (Arterial),Yes,33.43596389,-111.90462222,Non-Intersection,Daylight,Clear,2:00pm-2:59pm,10,2:00pm-2:59pm,15,2:00pm-2:59pm,33,2,Daylight,Clear,2,2,"['Driver', 'Rear_Seat']","['None_Used', 'None_Used']",0,0,Valid,0.0,1.0,49.0,22.0,"['Male', 'Male', 'Female']",0,0,5,4,5,Dry,Straight,Level,Lowest,Yes
1985,4,Arizona,41082,1,1,1,0,1,PHOENIX,December,19,Tuesday,21,49,Urban,Medium Speed (Collector),No,33.39269167,-111.98267222,Non-Intersection,Dark - Lighted,Rain,Unknown,Unknown,Unknown EMS Scene Arrival Hour,Unknown EMS Scene Arrival Minutes,Unknown,Unknown EMS Hospital Arrival Time,1,Dark - Lighted,Rain/Wind/Minor,0,1,[],[],0,0,Valid,0.0,0.0,60.0,60.0,['Male'],0,0,2,3,4,Wet/Standing Water,Straight,Level,Lowest,No
1986,4,Arizona,41083,1,1,1,0,1,PHOENIX,December,31,Sunday,23,38,Urban,Medium Speed (Collector),No,33.46533889,-112.24365556,Non-Intersection,Dark - Lighted,Clear,11:00pm-11:59pm,38,11:00pm-11:59pm,45,0:00am-0:59am,5,1,Dark - Lighted,Clear,0,0,[],[],0,0,Invalid,0.0,0.0,998.0,998.0,['Other'],0,0,1,3,4,Dry,Straight,Level,Lowest,No
1987,4,Arizona,41084,1,1,1,0,1,PARKER,August,23,Wednesday,20,21,Rural,Medium Speed (Collector),No,77.7777,777.7777,Non-Intersection,Not Reported,Not Reported,Unknown,Unknown,Unknown EMS Scene Arrival Hour,Unknown EMS Scene Arrival Minutes,Not Applicable (Not Transported),Not Applicable (Not Transported),1,Dark - Unlighted,Clear,0,0,[],[],0,0,Invalid,0.0,0.0,998.0,998.0,['Other'],0,0,1,0,4,Dry,Straight,Level,Lowest,No
1988,4,Arizona,41085,0,1,1,0,1,PHOENIX,August,24,Thursday,18,53,Urban,High Speed (Arterial),Yes,33.65104444,-112.11436389,Non-Intersection,Reported as Unknown,Reported as Unknown,Unknown,Unknown,Unknown EMS Scene Arrival Hour,Unknown EMS Scene Arrival Minutes,Unknown,Unknown EMS Hospital Arrival Time,1,Dark - Unlighted,Clear,1,0,['Driver'],['Shoulder_Lapbelt'],0,0,Valid,0.0,0.0,40.0,40.0,['Male'],1,0,2,1,3,Dry,Straight,Level,Lowest,No
1989,4,Arizona,41086,0,2,2,0,2,PHOENIX,July,8,Saturday,4,36,Urban,Medium Speed (Collector),No,77.7777,777.7777,Complex/Circle,Not Reported,Not Reported,Unknown,Unknown,Unknown EMS Scene Arrival Hour,Unknown EMS Scene Arrival Minutes,Unknown,Unknown EMS Hospital Arrival Time,1,Dark - Unlighted,Clear,1,0,['Driver'],['Shoulder_Lapbelt'],0,0,Valid,0.0,0.0,998.0,74.0,"['Male', 'Other']",0,0,1,1,5,Dry,Straight,Level,Lowest,No
1990,4,Arizona,41087,2,1,1,0,1,PHOENIX,July,11,Tuesday,4,45,Urban,High Speed (Arterial),No,77.7777,777.7777,Non-Intersection,Not Reported,Not Reported,Unknown,Unknown,Unknown EMS Scene Arrival Hour,Unknown EMS Scene Arrival Minutes,Unknown,Unknown EMS Hospital Arrival Time,1,Dark - Unlighted,Clear,0,1,[],[],0,0,Invalid,0.0,0.0,998.0,998.0,['Other'],0,0,2,0,4,Dry,Straight,Level,Lowest,No
1991,4,Arizona,41088,1,1,1,0,1,PHOENIX,August,22,Tuesday,5,10,Urban,Medium Speed (Collector),No,33.55128056,-112.11696667,Non-Intersection,Dawn,Not Reported,Unknown,Unknown,Unknown EMS Scene Arrival Hour,Unknown EMS Scene Arrival Minutes,Unknown,Unknown EMS Hospital Arrival Time,1,Twilight,Clear,0,0,[],[],0,0,Invalid,0.0,0.0,998.0,998.0,['Other'],0,0,3,0,4,Dry,Straight,Level,Lowest,No
1993,4,Arizona,41091,0,1,1,0,2,PRESCOTT,August,26,Saturday,99,99,Urban,Medium Speed (Collector),No,34.62761111,-112.49597778,Non-Intersection,Not Reported,Not Reported,Unknown,Unknown,Unknown EMS Scene Arrival Hour,Unknown EMS Scene Arrival Minutes,Unknown,Unknown EMS Hospital Arrival Time,1,Dark - Unlighted,Clear,1,1,['Front_Passenger'],['Shoulder_Lapbelt'],0,0,Invalid,0.0,0.0,998.0,998.0,['Other'],0,0,1,0,3,Dry,Straight,Level,Lowest,No
1994,4,Arizona,41092,0,1,1,0,1,CASA GRANDE,August,27,Sunday,2,30,Urban,High Speed (Arterial),No,32.94764722,-111.75656944,Non-Intersection,Dark - Unknown Lighting,Not Reported,Unknown,Unknown,Unknown EMS Scene Arrival Hour,Unknown EMS Scene Arrival Minutes,Not Applicable (Not Transported),Not Applicable (Not Transported),1,Dark - Unlighted,Clear,1,0,['Driver'],['Shoulder_Lapbelt'],0,0,Valid,0.0,0.0,52.0,52.0,['Male'],0,0,1,0,1,Dry,Straight,Level,Lowest,No
1995,4,Arizona,41093,1,1,1,0,1,PHOENIX,July,19,Wednesday,2,0,Urban,High Speed (Arterial),Yes,77.7777,777.7777,Non-Intersection,Not Reported,Not Reported,Unknown,Unknown,Unknown EMS Scene Arrival Hour,Unknown EMS Scene Arrival Minutes,Unknown,Unknown EMS Hospital Arrival Time,1,Dark - Unlighted,Clear,0,0,[],[],0,0,Invalid,0.0,0.0,998.0,998.0,['Other'],0,0,2,0,4,Dry,Straight,Level,Lowest,No
1996,4,Arizona,41094,1,1,1,0,1,SCOTTSDALE,August,29,Tuesday,21,46,Urban,High Speed (Arterial),Yes,33.46620278,-111.88866944,Non-Intersection,Dark - Unknown Lighting,Not Reported,Unknown,Unknown,Unknown EMS Scene Arrival Hour,Unknown EMS Scene Arrival Minutes,Not Applicable (Not Transported),Not Applicable (Not Transported),1,Dark - Unlighted,Clear,0,0,[],[],0,0,Invalid,0.0,0.0,998.0,998.0,['Other'],0,0,1,3,4,Dry,Straight,Level,Lowest,No
1997,4,Arizona,41095,0,1,1,0,2,TUCSON,August,30,Wednesday,99,99,Urban,Medium Speed (Collector),No,77.7777,777.7777,Non-Intersection,Not Reported,Not Reported,Unknown,Unknown,Unknown EMS Scene Arrival Hour,Unknown EMS Scene Arrival Minutes,Unknown,Unknown EMS Hospital Arrival Time,1,Dark - Unlighted,Clear,1,0,['Front_Passenger'],['Shoulder_Lapbelt'],0,0,Invalid,0.0,0.0,998.0,998.0,['Other'],0,0,1,0,1,Dry,Straight,Level,Lowest,No
1998,4,Arizona,41096,0,2,2,0,6,PHOENIX,September,9,Saturday,2,0,Urban,High Speed (Arterial),Yes,33.58276944,-111.97802222,Non-Intersection,Dark - Unknown Lighting,Not Reported,Unknown,Unknown,Unknown EMS Scene Arrival Hour,Unknown EMS Scene Arrival Minutes,Unknown,Unknown EMS Hospital Arrival Time,1,Dark - Unlighted,Clear,1,4,['Front_Passenger'],['Shoulder_Lapbelt'],0,0,Invalid,0.0,0.0,998.0,998.0,"['Other', 'Other']",0,0,1,0,5,Dry,Straight,Level,Lowest,No
1999,4,Arizona,41097,1,1,1,0,1,PHOENIX,September,10,Sunday,19,30,Urban,High Speed (Arterial),Yes,33.46576389,-112.06516667,Complex/Circle,Not Reported,Not Reported,Unknown,Unknown,Unknown EMS Scene Arrival Hour,Unknown EMS Scene Arrival Minutes,Unknown,Unknown EMS Hospital Arrival Time,1,Dark - Unlighted,Clear,0,0,[],[],0,0,Invalid,0.0,0.0,998.0,998.0,['Other'],1,0,1,0,4,Dry,Straight,Level,Lowest,No
2001,4,Arizona,41099,0,2,2,0,3,MESA,September,17,Sunday,7,51,Urban,Medium Speed (Collector),No,33.35001111,-111.60114444,Complex/Circle,Daylight,Clear,Unknown,Unknown,Unknown EMS Scene Arrival Hour,Unknown EMS Scene Arrival Minutes,Unknown,Unknown EMS Hospital Arrival Time,1,Daylight,Clear,1,2,['Driver'],['None_Used'],0,0,Valid,0.0,0.0,67.0,17.0,"['Male', 'Male']",0,0,5,4,5,Dry,Straight,Level,Lowest,No
2002,4,Arizona,41100,0,1,1,0,2,PEACH SPRINGS,January,21,Saturday,6,0,Rural,Medium Speed (Collector),No,35.52268056,-113.46364167,Non-Intersection,Reported as Unknown,Not Reported,Unknown,Unknown,Unknown EMS Scene Arrival Hour,Unknown EMS Scene Arrival Minutes,Unknown,Unknown EMS Hospital Arrival Time,1,Dark - Unlighted,Clear,1,0,['Front_Passenger'],['None_Used'],0,0,Invalid,0.0,0.0,998.0,998.0,['Other'],0,0,3,0,1,Dry,Straight,Level,Lowest,No
2003,4,Arizona,41101,1,1,1,0,1,PHOENIX,September,21,Thursday,19,31,Urban,High Speed (Arterial),Yes,33.43463333,-112.065025,Non-Intersection,Dark - Not Lighted,Not Reported,Unknown,Unknown,Unknown EMS Scene Arrival Hour,Unknown EMS Scene Arrival Minutes,Not Applicable (Not Transported),Not Applicable (Not Transported),1,Dark - Unlighted,Clear,0,0,[],[],0,0,Invalid,0.0,0.0,998.0,998.0,['Other'],0,0,1,0,4,Dry,Straight,Level,Lowest,No
2004,4,Arizona,41102,1,1,1,0,1,PHOENIX,May,1,Monday,5,0,Urban,Medium Speed (Collector),No,77.7777,777.7777,Non-Intersection,Not Reported,Not Reported,Unknown,Unknown,Unknown EMS Scene Arrival Hour,Unknown EMS Scene Arrival Minutes,Not Applicable (Not Transported),Not Applicable (Not Transported),1,Dark - Unlighted,Clear,0,0,[],[],0,0,Invalid,0.0,0.0,998.0,998.0,['Other'],0,0,1,0,4,Dry,Straight,Level,Lowest,No
2006,4,Arizona,41104,1,1,1,0,1,KAYENTA,May,1,Monday,21,18,Rural,Medium Speed (Collector),No,36.92700278,-110.22363333,Non-Intersection,Not Reported,Not Reported,Unknown,Unknown,Unknown EMS Scene Arrival Hour,Unknown EMS Scene Arrival Minutes,Unknown,Unknown if Transported,1,Dark - Unlighted,Clear,0,0,[],[],0,0,Invalid,0.0,0.0,998.0,998.0,['Other'],0,0,1,0,4,Dry,Straight,Level,Lowest,No
2007,4,Arizona,41105,0,2,2,0,2,FLAGSTAFF,May,1,Monday,14,15,Urban,High Speed (Arterial),Yes,35.23321667,-111.57590833,Simple Junction,Daylight,Clear,Unknown,Unknown,Unknown EMS Scene Arrival Hour,Unknown EMS Scene Arrival Minutes,Unknown,Unknown EMS Hospital Arrival Time,1,Daylight,Clear,1,1,['Driver'],['Shoulder_Lapbelt'],0,0,Valid,0.0,0.0,72.0,34.0,"['Male', 'Male']",0,0,3,1,5,Dry,Straight,Level,Lowest,No
2008,4,Arizona,41106,1,1,1,0,1,PHOENIX,September,25,Monday,7,23,Urban,High Speed (Arterial),Yes,33.63796389,-112.06540556,Non-Intersection,Daylight,Clear,Unknown,Unknown,Unknown EMS Scene Arrival Hour,Unknown EMS Scene Arrival Minutes,Unknown,Unknown EMS Hospital Arrival Time,1,Daylight,Clear,0,1,[],[],0,0,Valid,0.0,0.0,23.0,23.0,['Other'],0,0,3,1,4,Dry,Straight,Level,Lowest,No
2009,4,Arizona,41107,0,1,1,0,1,SELLS,July,2,Sunday,18,10,Rural,Low Speed (Local),No,77.7777,777.7777,Non-Intersection,Daylight,Not Reported,Unknown,Unknown,Unknown EMS Scene Arrival Hour,Unknown EMS Scene Arrival Minutes,Not Applicable (Not Transported),Not Applicable (Not Transported),1,Daylight,Clear,1,0,['Front_Passenger'],['Shoulder_Lapbelt'],0,0,Valid,0.0,0.0,49.0,34.0,Other,0,0,1,0,3,Dry,Straight,Level,Lowest,No
2010,4,Arizona,41108,0,2,2,0,2,SIERRA VISTA,June,24,Saturday,18,54,Urban,Medium Speed (Collector),No,31.53287778,-110.25769722,Complex/Circle,Daylight,Cloudy,Unknown,Unknown,Unknown EMS Scene Arrival Hour,Unknown EMS Scene Arrival Minutes,Unknown,Unknown EMS Hospital Arrival Time,1,Daylight,Reduced Visibility,1,1,['Driver'],['None_Used'],0,0,Valid,0.0,0.0,65.0,54.0,"['Male', 'Male']",0,0,3,4,5,Dry,Straight,Level,Lowest,No
2011,4,Arizona,41109,1,1,1,0,1,CORONA DE TUCSON,May,2,Tuesday,10,48,Urban,Medium Speed (Collector),No,77.7777,777.7777,Non-Intersection,Not Reported,Not Reported,Unknown,Unknown,Unknown EMS Scene Arrival Hour,Unknown EMS Scene Arrival Minutes,Not Applicable (Not Transported),Not Applicable (Not Transported),1,Dark - Unlighted,Clear,0,1,[],[],0,0,Valid,0.0,0.0,21.0,21.0,['Male'],0,0,2,0,4,Dry,Straight,Level,Lowest,No
2012,4,Arizona,41110,1,2,2,0,2,PHOENIX,August,6,Sunday,21,4,Urban,High Speed (Arterial),Yes,77.7777,777.7777,Non-Intersection,Dark - Lighted,Not Reported,Unknown,Unknown,Unknown EMS Scene Arrival Hour,Unknown EMS Scene Arrival Minutes,Not Applicable (Not Transported),Not Applicable (Not Transported),1,Dark - Lighted,Clear,0,2,[],[],0,0,Invalid,0.0,0.0,998.0,998.0,"['Other', 'Other']",0,0,1,0,4,Dry,Straight,Level,Lowest,No
2013,4,Arizona,41111,0,1,1,0,1,KEAMS CANYON,May,6,Saturday,1,36,Rural,Medium Speed (Collector),No,35.82520833,-110.22061389,Non-Intersection,Dark - Unknown Lighting,Not Reported,Unknown,Unknown,Unknown EMS Scene Arrival Hour,Unknown EMS Scene Arrival Minutes,Unknown,Unknown if Transported,1,Dark - Unlighted,Clear,1,0,['Driver'],['None_Used'],0,0,Valid,0.0,0.0,42.0,42.0,['Male'],0,0,1,1,3,Dry,Straight,Level,Lowest,No
2014,4,Arizona,41112,1,1,1,0,1,Not Reported,November,16,Thursday,99,99,Rural,Low Speed (Local),No,77.7777,777.7777,Non-Intersection,Not Reported,Not Reported,Unknown,Unknown,Unknown EMS Scene Arrival Hour,Unknown EMS Scene Arrival Minutes,Unknown,Unknown EMS Hospital Arrival Time,1,Dark - Unlighted,Clear,0,0,[],[],0,0,Invalid,0.0,0.0,998.0,998.0,['Other'],0,0,1,0,4,Dry,Straight,Level,Lowest,No
2015,4,Arizona,41113,0,1,1,0,1,SELLS,July,18,Tuesday,11,38,Rural,Medium Speed (Collector),No,77.7777,777.7777,Non-Intersection,Daylight,Not Reported,Unknown,Unknown,Unknown EMS Scene Arrival Hour,Unknown EMS Scene Arrival Minutes,Unknown,Unknown EMS Hospital Arrival Time,1,Daylight,Clear,1,0,['Driver'],['Shoulder_Lapbelt'],0,0,Valid,0.0,0.0,40.0,40.0,['Male'],0,0,1,0,3,Dry,Straight,Level,Lowest,No
2016,4,Arizona,41114,1,1,1,0,2,TUCSON,July,24,Monday,22,39,Urban,Medium Speed (Collector),No,32.28728056,-111.01199722,Non-Intersection,Not Reported,Not Reported,Unknown,Unknown,Unknown EMS Scene Arrival Hour,Unknown EMS Scene Arrival Minutes,Unknown,Unknown EMS Hospital Arrival Time,1,Dark - Unlighted,Clear,0,0,[],[],0,0,Valid,0.0,0.0,49.0,34.0,Other,0,0,1,0,4,Dry,Straight,Level,Lowest,No