,State_Code,State_Name,Crash_ID,Count_Non_Motorists,Count_Vehicles_Total,Count_Vehicle_Forms,Count_PVH_Involved,Count_Occupants_MV,City_Name,Month_Name,Day_of_Month,Day_of_Week,Crash_Hour,Crash_Minute,Area_Rural_Urban,Road_Functional_Class,On_NHS_Road,Latitude,Longitude,Intersection_Type,Light_Condition,Weather_Condition,Notif_Hour,Notif_Minute,Arrival_Hour,Arrival_Minute,Hospital_Hour,Hospital_Minute,Fatalities_Count,Clean_Light_Condition,Clean_Weather_Condition,Total_Killed,Total_Alive,Fatal_Seats_List,Killed_Restraint_List,Any_Driver_Drinking,Total_Drinking_Drivers,Driver_License_Category,Driver_Max_Prev_Accident_Count,Driver_Max_Prev_Speeding_Count,Max_Driver_Age,Min_Driver_Age,Driver_Sex_List,Total_Exceeding_Limit_Vehicles,Total_Too_Fast_Vehicles,Max_Vehicle_Type_Severity_5,Max_Vehicle_Damage_Rank,Max_Harmful_Event_Severity,Crash_Road_Surface_Condition,Crash_Horizontal_Alignment,Crash_Vertical_Profile,Crash_Impairment_Category,Crash_Vehicle_Defect
2017,4,Arizona,41115,0,1,1,0,2,SELLS,September,18,Monday,99,99,Rural,Medium Speed (Collector),No,32.18643333,-112.37948333,Non-Intersection,Not Reported,Not Reported,Unknown,Unknown,Unknown EMS Scene Arrival Hour,Unknown EMS Scene Arrival Minutes,Not Applicable (Not Transported),Not Applicable (Not Transported),2,Dark - Unlighted,Clear,2,0,"['Driver', 'Front_Passenger']","['Shoulder_Lapbelt', 'Shoulder_Lapbelt']",1,1,Invalid,0.0,0.0,56.0,56.0,['Male'],0,0,1,0,3,Dry,Straight,Level,Lowest,No
2018,4,Arizona,41117,1,1,1,0,1,FORT APACHE,December,21,Thursday,1,1,Rural,Medium Speed (Collector),No,34.07987222,-109.88072778,Non-Intersection,Dark - Unknown Lighting,Not Reported,Unknown,Unknown,Unknown EMS Scene Arrival Hour,Unknown EMS Scene Arrival Minutes,Not Applicable (Not Transported),Not Applicable (Not Transported),1,Dark - Unlighted,Clear,0,0,[],[],0,0,Invalid,0.0,0.0,998.0,998.0,['Other'],0,0,1,0,4,Dry,Straight,Level,Lowest,No
2019,4,Arizona,41118,0,1,1,0,1,SAFFORD,December,23,Saturday,1,10,Urban,Medium Speed (Collector),No,32.80209167,-109.63988889,Non-Intersection,Dark - Unknown Lighting,Not Reported,Unknown,Unknown,Unknown EMS Scene Arrival Hour,Unknown EMS Scene Arrival Minutes,Not Applicable (Not Transported),Not Applicable (Not Transported),1,Dark - Unlighted,Clear,1,0,['Driver'],['Shoulder_Lapbelt'],0,0,Valid,0.0,0.0,43.0,43.0,['Male'],0,0,1,0,3,Dry,Straight,Level,Lowest,No
2020,4,Arizona,41119,0,1,1,0,2,SALOME,December,23,Saturday,17,15,Rural,Low Speed (Local),No,33.72530833,-113.60081389,Non-Intersection,Not Reported,Not Reported,Unknown,Unknown,Unknown EMS Scene Arrival Hour,Unknown EMS Scene Arrival Minutes,Not Applicable (Not Transported),Not Applicable (Not Transported),1,Dark - Unlighted,Clear,1,0,['Rear_Seat'],['Shoulder_Lapbelt'],0,0,Invalid,0.0,0.0,998.0,998.0,['Other'],0,0,1,0,1,Dry,Straight,Level,Lowest,No
2021,4,Arizona,41120,0,2,2,0,2,PHOENIX,May,7,Sunday,3,0,Urban,Medium Speed (Collector),No,33.45488889,-112.1518,Complex/Circle,Dark - Unknown Lighting,Not Reported,Unknown,Unknown,Unknown EMS Scene Arrival Hour,Unknown EMS Scene Arrival Minutes,Unknown,Unknown EMS Hospital Arrival Time,1,Dark - Unlighted,Clear,1,0,['Driver'],['None_Used'],0,0,Invalid,0.0,0.0,998.0,31.0,"['Male', 'Other']",0,0,5,0,5,Dry,Straight,Level,Lowest,No
2022,4,Arizona,41121,0,1,1,0,1,PHOENIX,May,13,Saturday,17,26,Urban,Medium Speed (Collector),No,77.7777,777.7777,Non-Intersection,Not Reported,Not Reported,Unknown,Unknown,Unknown EMS Scene Arrival Hour,Unknown EMS Scene Arrival Minutes,Unknown,Unknown EMS Hospital Arrival Time,1,Dark - Unlighted,Clear,1,0,['Driver'],['None_Used'],0,0,Valid,0.0,0.0,29.0,29.0,['Male'],0,0,5,0,1,Dry,Straight,Level,Lowest,No
2023,4,Arizona,41122,0,2,2,0,3,PHOENIX,May,14,Sunday,2,56,Urban,Medium Speed (Collector),No,33.48851389,-111.99553611,Non-Intersection,Dark - Lighted,Clear,Unknown,Unknown,Unknown EMS Scene Arrival Hour,Unknown EMS Scene Arrival Minutes,Unknown,Unknown EMS Hospital Arrival Time,1,Dark - Lighted,Clear,1,2,['Driver'],['None_Used'],1,1,Valid,0.0,1.0,26.0,17.0,"['Female', 'Female']",0,0,3,4,5,Dry,Straight,Level,Lowest,No
2024,4,Arizona,41123,1,1,1,0,1,PHOENIX,May,16,Tuesday,21,30,Urban,Medium Speed (Collector),No,77.7777,777.7777,Non-Intersection,Not Reported,Not Reported,Unknown,Unknown,Unknown EMS Scene Arrival Hour,Unknown EMS Scene Arrival Minutes,Unknown,Unknown EMS Hospital Arrival Time,1,Dark - Unlighted,Clear,0,0,[],[],0,0,Invalid,0.0,0.0,999.0,999.0,['Other'],0,0,1,0,4,Dry,Straight,Level,Lowest,No
2025,4,Arizona,41124,1,1,1,0,1,PHOENIX,June,2,Friday,4,26,Urban,Medium Speed (Collector),No,33.37759444,-112.17176944,Non-Intersection,Dark - Lighted,Clear,Unknown,Unknown,Unknown EMS Scene Arrival Hour,Unknown EMS Scene Arrival Minutes,Unknown,Unknown EMS Hospital Arrival Time,1,Dark - Lighted,Clear,0,1,[],[],0,0,Valid,0.0,0.0,33.0,33.0,['Male'],0,0,2,1,4,Dry,Straight,Level,Lowest,No
2027,4,Arizona,41126,0,2,2,0,2,PHOENIX,June,3,Saturday,14,47,Urban,High Speed (Arterial),Yes,33.62628611,-112.03079444,Complex/Circle,Daylight,Not Reported,Unknown,Unknown,Unknown EMS Scene Arrival Hour,Unknown EMS Scene Arrival Minutes,Unknown,Unknown EMS Hospital Arrival Time,1,Daylight,Clear,1,1,['Driver'],['None_Used'],0,0,Valid,0.0,2.0,46.0,23.0,"['Male', 'Male']",0,0,5,0,5,Dry,Straight,Level,Lowest,No
2028,4,Arizona,41127,1,1,1,0,1,QUEEN CREEK,June,5,Monday,21,0,Rural,Low Speed (Local),No,77.7777,777.7777,Non-Intersection,Dark - Unknown Lighting,Not Reported,Unknown,Unknown,Unknown EMS Scene Arrival Hour,Unknown EMS Scene Arrival Minutes,Unknown,Unknown if Transported,1,Dark - Unlighted,Clear,0,0,[],[],0,0,Invalid,0.0,0.0,998.0,998.0,['Other'],0,0,1,0,4,Dry,Straight,Level,Lowest,No
2029,4,Arizona,41128,0,1,1,0,2,NOT APPLICABLE,June,11,Sunday,9,23,Rural,Low Speed (Local),No,77.7777,777.7777,Non-Intersection,Daylight,Not Reported,Unknown,Unknown,Unknown EMS Scene Arrival Hour,Unknown EMS Scene Arrival Minutes,Unknown,Unknown EMS Hospital Arrival Time,1,Daylight,Clear,1,0,['Front_Passenger'],['Shoulder_Lapbelt'],0,0,Invalid,0.0,0.0,998.0,998.0,['Other'],2,0,1,0,1,Oil/Contaminated,Straight,Level,Lowest,No
2030,4,Arizona,41129,0,1,1,0,2,SAHUARITA,June,14,Wednesday,14,0,Rural,Low Speed (Local),No,31.88967778,-111.19001111,Non-Intersection,Daylight,Not Reported,Unknown,Unknown,Unknown EMS Scene Arrival Hour,Unknown EMS Scene Arrival Minutes,Unknown,Unknown EMS Hospital Arrival Time,1,Daylight,Clear,1,1,['Front_Passenger'],['None_Used'],0,0,Invalid,0.0,0.0,15.0,15.0,['Other'],0,0,5,0,3,Dry,Straight,Level,Lowest,No
2031,4,Arizona,41130,1,1,1,0,1,PHOENIX,June,22,Thursday,21,33,Urban,Medium Speed (Collector),No,33.48041389,-112.00620556,Non-Intersection,Dark - Lighted,Not Reported,Unknown,Unknown,Unknown EMS Scene Arrival Hour,Unknown EMS Scene Arrival Minutes,Unknown,Unknown EMS Hospital Arrival Time,1,Dark - Lighted,Clear,0,1,[],[],0,0,Valid,0.0,0.0,31.0,31.0,['Male'],0,0,3,0,4,Dry,Straight,Level,Lowest,No
2032,4,Arizona,41131,1,1,1,0,1,PHOENIX,June,23,Friday,21,38,Urban,Medium Speed (Collector),No,33.62494444,-112.09975833,Non-Intersection,Dark - Lighted,Clear,Unknown,Unknown,Unknown EMS Scene Arrival Hour,Unknown EMS Scene Arrival Minutes,Unknown,Unknown EMS Hospital Arrival Time,1,Dark - Lighted,Clear,0,1,[],[],0,0,Valid,0.0,1.0,33.0,33.0,['Female'],0,0,2,1,4,Dry,Straight,Level,Lowest,No
2033,4,Arizona,41132,1,1,1,0,1,PHOENIX,June,25,Sunday,3,18,Urban,Medium Speed (Collector),No,33.51354444,-112.08256944,Non-Intersection,Dark - Lighted,Not Reported,Unknown,Unknown,Unknown EMS Scene Arrival Hour,Unknown EMS Scene Arrival Minutes,Unknown,Unknown EMS Hospital Arrival Time,1,Dark - Lighted,Clear,0,0,[],[],0,0,Invalid,0.0,0.0,999.0,999.0,['Other'],0,0,3,1,4,Dry,Straight,Level,Lowest,No
2034,4,Arizona,41133,1,1,1,0,1,PHOENIX,June,29,Thursday,21,8,Urban,Medium Speed (Collector),No,33.44715,-112.08705556,Non-Intersection,Dark - Lighted,Not Reported,Unknown,Unknown,Unknown EMS Scene Arrival Hour,Unknown EMS Scene Arrival Minutes,Not Applicable (Not Transported),Not Applicable (Not Transported),1,Dark - Lighted,Clear,0,1,[],[],0,0,Invalid,0.0,0.0,22.0,22.0,['Male'],0,0,3,0,4,Dry,Straight,Level,Lowest,No
2035,4,Arizona,41134,0,2,2,0,2,PHOENIX,September,29,Friday,21,35,Urban,Medium Speed (Collector),No,33.48034167,-112.20513056,Non-Intersection,Dark - Lighted,Clear,Unknown,Unknown,Unknown EMS Scene Arrival Hour,Unknown EMS Scene Arrival Minutes,Not Applicable (Not Transported),Not Applicable (Not Transported),1,Dark - Lighted,Clear,1,1,['Driver'],['None_Used'],1,1,Invalid,0.0,1.0,26.0,18.0,"['Male', 'Female']",0,0,3,4,5,Dry,Straight,Level,Lowest,No
2036,4,Arizona,41135,1,1,1,0,1,PHOENIX,January,18,Wednesday,8,39,Urban,Medium Speed (Collector),No,33.50923889,-112.11293333,Complex/Circle,Daylight,Clear,Unknown,Unknown,Unknown EMS Scene Arrival Hour,Unknown EMS Scene Arrival Minutes,Unknown,Unknown EMS Hospital Arrival Time,1,Daylight,Clear,0,1,[],[],0,0,Valid,0.0,0.0,73.0,73.0,['Male'],0,0,3,1,4,Dry,Straight,Level,Lowest,No
2037,4,Arizona,41136,0,1,1,0,1,DOUGLAS,August,1,Tuesday,7,8,Rural,Medium Speed (Collector),No,31.49056389,-109.42378889,Non-Intersection,Daylight,Cloudy,Unknown,Unknown,Unknown EMS Scene Arrival Hour,Unknown EMS Scene Arrival Minutes,Unknown,Unknown EMS Hospital Arrival Time,1,Daylight,Reduced Visibility,1,0,['Driver'],['Shoulder_Lapbelt'],0,0,Valid,0.0,0.0,69.0,69.0,['Male'],0,0,3,4,3,Dry,Curve,Level,Lowest,No
2038,4,Arizona,41137,0,2,2,0,2,TUCSON,May,23,Tuesday,1,23,Urban,High Speed (Arterial),No,32.32329444,-111.01206667,Complex/Circle,Dark - Lighted,Clear,Unknown,Unknown,Unknown EMS Scene Arrival Hour,Unknown EMS Scene Arrival Minutes,Unknown,Unknown EMS Hospital Arrival Time,1,Dark - Lighted,Clear,1,1,['Driver'],['Shoulder_Lapbelt'],1,1,Valid,0.0,0.0,71.0,29.0,"['Male', 'Male']",1,0,3,4,5,Dry,Straight,Grade/Hillcrest,Lowest,No
2039,4,Arizona,41138,0,1,1,0,1,PHOENIX,July,11,Tuesday,10,27,Urban,High Speed (Arterial),Yes,33.45136111,-111.9688,Non-Intersection,Daylight,Clear,10:00am-10:59am,28,10:00am-10:59am,41,Unknown,Unknown EMS Hospital Arrival Time,1,Daylight,Clear,1,0,['Driver'],['None_Used'],0,0,Valid,0.0,1.0,22.0,22.0,['Male'],1,0,5,1,3,Dry,Curve,Level,Lowest,No
2040,4,Arizona,41139,1,1,1,0,1,MESA,August,9,Wednesday,12,56,Urban,Medium Speed (Collector),No,33.38893611,-111.83809722,Non-Intersection,Daylight,Clear,Unknown,Unknown,Unknown EMS Scene Arrival Hour,Unknown EMS Scene Arrival Minutes,Unknown,Unknown EMS Hospital Arrival Time,1,Daylight,Clear,0,1,[],[],0,0,Valid,0.0,0.0,33.0,33.0,['Female'],0,0,2,1,4,Dry,Straight,Level,Lowest,No
2041,4,Arizona,41140,0,2,2,0,2,PERIDOT,August,7,Monday,9,6,Rural,Medium Speed (Collector),No,77.7777,777.7777,Non-Intersection,Not Reported,Not Reported,Unknown,Unknown,Unknown EMS Scene Arrival Hour,Unknown EMS Scene Arrival Minutes,Unknown,Unknown EMS Hospital Arrival Time,1,Dark - Unlighted,Clear,1,0,['Driver'],['Shoulder_Lapbelt'],0,0,Invalid,0.0,0.0,998.0,19.0,"['Female', 'Other']",0,0,1,0,5,Dry,Straight,Level,Lowest,No
2042,4,Arizona,41141,0,1,1,0,3,FORT THOMAS,May,27,Saturday,13,40,Rural,Medium Speed (Collector),No,33.03452222,-109.97061667,Non-Intersection,Daylight,Not Reported,Unknown,Unknown,Unknown EMS Scene Arrival Hour,Unknown EMS Scene Arrival Minutes,Unknown,Unknown EMS Hospital Arrival Time,1,Daylight,Clear,1,2,['Front_Passenger'],['None_Used'],0,0,Invalid,0.0,0.0,998.0,998.0,['Other'],0,0,1,0,3,Dry,Straight,Level,Lowest,No
2043,4,Arizona,41142,0,1,1,0,1,TUCSON,May,27,Saturday,17,41,Rural,Medium Speed (Collector),No,32.01836111,-111.07455833,Non-Intersection,Not Reported,Not Reported,Unknown,Unknown,Unknown EMS Scene Arrival Hour,Unknown EMS Scene Arrival Minutes,Unknown,Unknown EMS Hospital Arrival Time,1,Dark - Unlighted,Clear,1,0,['Driver'],['None_Used'],0,0,Valid,0.0,0.0,69.0,69.0,['Male'],0,0,1,0,1,Dry,Straight,Level,Lowest,No
2044,4,Arizona,41143,0,1,1,0,2,SELLS,August,10,Thursday,14,37,Rural,Low Speed (Local),No,77.7777,777.7777,Non-Intersection,Not Reported,Not Reported,Unknown,Unknown,Unknown EMS Scene Arrival Hour,Unknown EMS Scene Arrival Minutes,Unknown,Unknown if Transported,1,Dark - Unlighted,Clear,1,0,['Front_Passenger'],['Shoulder_Lapbelt'],0,0,Invalid,0.0,0.0,998.0,998.0,['Other'],0,0,1,0,3,Dry,Straight,Level,Lowest,No
2045,4,Arizona,41144,1,1,1,0,1,PHOENIX,October,3,Tuesday,99,99,Urban,Medium Speed (Collector),No,77.7777,777.7777,Non-Intersection,Not Reported,Not Reported,Unknown,Unknown,Unknown EMS Scene Arrival Hour,Unknown EMS Scene Arrival Minutes,Unknown,Unknown EMS Hospital Arrival Time,1,Dark - Unlighted,Clear,0,0,[],[],0,0,Invalid,0.0,0.0,998.0,998.0,['Other'],0,0,1,0,4,Dry,Straight,Level,Lowest,No
2046,4,Arizona,41145,0,2,2,0,2,MESA,October,5,Thursday,15,48,Urban,Medium Speed (Collector),No,33.43733333,-111.718075,Non-Intersection,Daylight,Clear,Unknown,Unknown,Unknown EMS Scene Arrival Hour,Unknown EMS Scene Arrival Minutes,Unknown,Unknown EMS Hospital Arrival Time,1,Daylight,Clear,1,1,['Driver'],['Shoulder_Lapbelt'],0,0,Valid,0.0,0.0,81.0,49.0,"['Male', 'Male']",0,0,3,1,5,Dry,Straight,Level,Lowest,No
2047,4,Arizona,41146,1,1,1,0,1,GILBERT,June,14,Wednesday,18,7,Urban,High Speed (Arterial),Yes,33.32793889,-111.72771389,Non-Intersection,Daylight,Not Reported,Unknown,Unknown,Unknown EMS Scene Arrival Hour,Unknown EMS Scene Arrival Minutes,Unknown,Unknown EMS Hospital Arrival Time,1,Daylight,Clear,0,0,[],[],0,0,Invalid,0.0,0.0,998.0,998.0,['Other'],0,0,1,2,4,Dry,Straight,Level,Lowest,No
2048,4,Arizona,41147,0,1,1,0,1,PHOENIX,October,8,Sunday,1,33,Urban,High Speed (Arterial),Yes,33.65209444,-112.03107778,Non-Intersection,Dark - Lighted,Clear,Unknown,Unknown,Unknown EMS Scene Arrival Hour,Unknown EMS Scene Arrival Minutes,Not Applicable (Not Transported),Not Applicable (Not Transported),1,Dark - Lighted,Clear,1,0,['Driver'],['None_Used'],0,0,Invalid,0.0,0.0,23.0,23.0,['Male'],1,0,3,4,3,Dry,Straight,Grade/Hillcrest,Lowest,No
2049,4,Arizona,41148,0,1,1,0,2,CIBECUE,June,18,Sunday,99,99,Rural,Medium Speed (Collector),No,34.03574444,-110.47895278,Non-Intersection,Not Reported,Not Reported,Unknown,Unknown,Unknown EMS Scene Arrival Hour,Unknown EMS Scene Arrival Minutes,Not Applicable (Not Transported),Not Applicable (Not Transported),1,Dark - Unlighted,Clear,1,0,['Front_Passenger'],['None_Used'],0,0,Invalid,0.0,0.0,998.0,998.0,['Male'],0,0,1,4,3,Dry,Straight,Level,Lowest,No
2050,4,Arizona,41149,1,1,1,0,1,NOT APPLICABLE,October,9,Monday,22,14,Rural,High Speed (Arterial),Yes,36.92704167,-109.16956389,Non-Intersection,Dark - Unknown Lighting,Not Reported,Unknown,Unknown,Unknown EMS Scene Arrival Hour,Unknown EMS Scene Arrival Minutes,Not Applicable (Not Transported),Not Applicable (Not Transported),1,Dark - Unlighted,Clear,0,0,[],[],0,0,Invalid,0.0,0.0,998.0,998.0,['Other'],0,0,1,0,4,Dry,Straight,Level,Lowest,No
2051,4,Arizona,41150,0,1,1,0,1,PHOENIX,October,14,Saturday,99,99,Rural,Low Speed (Local),No,99.9999,999.9999,Non-Intersection,Not Reported,Not Reported,Unknown,Unknown,Unknown EMS Scene Arrival Hour,Unknown EMS Scene Arrival Minutes,Unknown,Unknown EMS Hospital Arrival Time,1,Dark - Unlighted,Clear,1,0,['Driver'],['None_Used'],0,0,Valid,0.0,0.0,58.0,58.0,['Male'],0,0,5,0,1,Dry,Straight,Level,Lowest,No
2052,4,Arizona,41151,1,1,1,0,1,SELLS,June,28,Wednesday,99,99,Rural,Low Speed (Local),No,32.09550278,-112.57970833,Non-Intersection,Not Reported,Not Reported,Unknown,Unknown,Unknown EMS Scene Arrival Hour,Unknown EMS Scene Arrival Minutes,Not Applicable (Not Transported),Not Applicable (Not Transported),1,Dark - Unlighted,Clear,0,0,[],[],0,0,Invalid,0.0,0.0,998.0,998.0,['Other'],0,0,1,2,4,Dry,Straight,Level,Lowest,No
2053,4,Arizona,41152,0,1,1,0,2,MANY FARMS,October,14,Saturday,17,46,Rural,Medium Speed (Collector),No,36.33656944,-109.62454722,Non-Intersection,Not Reported,Not Reported,Unknown,Unknown,Unknown EMS Scene Arrival Hour,Unknown EMS Scene Arrival Minutes,Unknown,Unknown if Transported,1,Dark - Unlighted,Clear,1,0,['Front_Passenger'],['None_Used'],0,0,Invalid,0.0,0.0,998.0,998.0,['Other'],0,0,1,0,3,Dry,Straight,Level,Lowest,No
2054,4,Arizona,41153,0,1,1,0,1,NOT APPLICABLE,October,16,Monday,22,11,Rural,Medium Speed (Collector),No,36.57376667,-109.54976111,Non-Intersection,Dark - Unknown Lighting,Not Reported,Unknown,Unknown,Unknown EMS Scene Arrival Hour,Unknown EMS Scene Arrival Minutes,Not Applicable (Not Transported),Not Applicable (Not Transported),1,Dark - Unlighted,Clear,1,0,['Driver'],['Shoulder_Lapbelt'],0,0,Valid,0.0,0.0,31.0,31.0,['Male'],0,0,1,0,3,Dry,Straight,Level,Lowest,No
2055,4,Arizona,41154,1,1,1,0,1,SELLS,July,21,Friday,99,99,Rural,Medium Speed (Collector),No,32.22132222,-112.66573333,Non-Intersection,Not Reported,Not Reported,Unknown,Unknown,Unknown EMS Scene Arrival Hour,Unknown EMS Scene Arrival Minutes,Not Applicable (Not Transported),Not Applicable (Not Transported),1,Dark - Unlighted,Clear,0,0,[],[],0,0,Invalid,0.0,0.0,998.0,998.0,['Other'],0,0,1,0,4,Dry,Straight,Level,Lowest,No
2056,4,Arizona,41155,1,1,1,0,1,AMADO,August,6,Sunday,99,99,Rural,Low Speed (Local),No,77.7777,777.7777,Non-Intersection,Not Reported,Not Reported,Unknown,Unknown,Unknown EMS Scene Arrival Hour,Unknown EMS Scene Arrival Minutes,Unknown,Unknown EMS Hospital Arrival Time,1,Dark - Unlighted,Clear,0,0,[],[],0,0,Invalid,0.0,0.0,998.0,998.0,['Other'],0,0,1,0,4,Dry,Straight,Level,Lowest,No
2057,4,Arizona,41156,0,4,4,0,8,CHANDLER,October,21,Saturday,17,21,Urban,High Speed (Arterial),Yes,33.303125,-111.89440833,Non-Intersection,Daylight,Clear,Unknown,Unknown,Unknown EMS Scene Arrival Hour,Unknown EMS Scene Arrival Minutes,Unknown,Unknown EMS Hospital Arrival Time,1,Daylight,Clear,1,7,['Front_Passenger'],['Shoulder_Lapbelt'],0,0,Valid,0.0,1.0,77.0,19.0,"['Other', 'Male', 'Male', 'Female']",2,0,3,1,5,Dry,Straight,Level,Lowest,No
2058,4,Arizona,41157,0,2,2,0,2,MARANA,September,28,Thursday,8,27,Urban,Medium Speed (Collector),No,32.37518611,-111.12741111,Complex/Circle,Daylight,Not Reported,Unknown,Unknown,Unknown EMS Scene Arrival Hour,Unknown EMS Scene Arrival Minutes,Unknown,Unknown EMS Hospital Arrival Time,1,Daylight,Clear,1,1,['Driver'],['Shoulder_Lapbelt'],0,0,Valid,0.0,0.0,81.0,18.0,"['Female', 'Female']",0,0,3,0,5,Dry,Straight,Level,Lowest,No
2059,4,Arizona,41158,0,2,2,0,2,PHOENIX,September,28,Thursday,22,0,Urban,Medium Speed (Collector),No,33.49507778,-112.09994722,Complex/Circle,Dark - Unknown Lighting,Not Reported,Unknown,Unknown,Unknown EMS Scene Arrival Hour,Unknown EMS Scene Arrival Minutes,Unknown,Unknown EMS Hospital Arrival Time,1,Dark - Unlighted,Clear,1,0,['Driver'],['None_Used'],1,1,Invalid,0.0,1.0,998.0,33.0,"['Other', 'Male']",0,0,1,0,5,Dry,Straight,Level,Lowest,No
2060,4,Arizona,41159,0,2,2,0,2,NOT APPLICABLE,October,24,Tuesday,11,20,Rural,Medium Speed (Collector),No,77.7777,777.7777,Non-Intersection,Daylight,Not Reported,Unknown,Unknown,Unknown EMS Scene Arrival Hour,Unknown EMS Scene Arrival Minutes,Unknown,Unknown if Transported,1,Daylight,Clear,1,0,['Driver'],['Shoulder_Lapbelt'],0,0,Invalid,0.0,0.0,998.0,24.0,"['Female', 'Other']",0,0,1,0,5,Dry,Straight,Level,Lowest,No
2061,4,Arizona,41160,1,1,1,0,1,PHOENIX,October,27,Friday,99,99,Urban,Medium Speed (Collector),No,77.7777,777.7777,Non-Intersection,Not Reported,Not Reported,Unknown,Unknown,Unknown EMS Scene Arrival Hour,Unknown EMS Scene Arrival Minutes,Unknown,Unknown EMS Hospital Arrival Time,1,Dark - Unlighted,Clear,0,0,[],[],0,0,Invalid,0.0,0.0,998.0,998.0,['Other'],0,0,1,0,4,Dry,Straight,Level,Lowest,No
2063,4,Arizona,41162,0,1,1,0,1,SCOTTSDALE,November,17,Friday,11,0,Urban,Medium Speed (Collector),No,33.48062222,-111.84585,Non-Intersection,Not Reported,Not Reported,Unknown,Unknown,Unknown EMS Scene Arrival Hour,Unknown EMS Scene Arrival Minutes,Unknown,Unknown EMS Hospital Arrival Time,1,Dark - Unlighted,Clear,1,0,['Driver'],['Shoulder_Lapbelt'],0,0,Valid,0.0,1.0,39.0,39.0,['Male'],0,0,1,0,1,Dry,Straight,Level,Lowest,No
2064,4,Arizona,41163,0,1,1,0,1,Unknown,December,8,Friday,22,0,Rural,Low Speed (Local),No,99.9999,999.9999,Non-Intersection,Dark - Unknown Lighting,Not Reported,Unknown,Unknown,Unknown EMS Scene Arrival Hour,Unknown EMS Scene Arrival Minutes,Unknown,Unknown EMS Hospital Arrival Time,1,Dark - Unlighted,Clear,1,0,['Driver'],['Shoulder_Lapbelt'],0,0,Valid,0.0,0.0,41.0,41.0,['Male'],0,0,1,0,1,Dry,Straight,Level,Lowest,No
2065,4,Arizona,41164,0,1,1,0,2,PHOENIX,December,24,Sunday,0,5,Urban,High Speed (Arterial),Yes,33.37793889,-112.00531111,Non-Intersection,Dark - Lighted,Clear,Unknown,Unknown,Unknown EMS Scene Arrival Hour,Unknown EMS Scene Arrival Minutes,Unknown,Unknown EMS Hospital Arrival Time,1,Dark - Lighted,Clear,1,1,['Driver'],['None_Used'],1,1,Valid,0.0,0.0,25.0,25.0,['Female'],2,0,2,4,3,Dry,Straight,Level,Lowest,No
2066,4,Arizona,41165,0,3,3,0,4,PHOENIX,October,3,Tuesday,18,19,Urban,Medium Speed (Collector),No,33.48019722,-112.20752222,Complex/Circle,Daylight,Not Reported,Unknown,Unknown,Unknown EMS Scene Arrival Hour,Unknown EMS Scene Arrival Minutes,Unknown,Unknown EMS Hospital Arrival Time,1,Daylight,Clear,1,3,['Front_Passenger'],['Shoulder_Lapbelt'],0,0,Valid,0.0,1.0,26.0,21.0,"['Male', 'Male', 'Male']",3,0,3,4,5,Dry,Straight,Level,Lowest,No
2067,4,Arizona,41166,0,3,3,0,3,PHOENIX,July,1,Saturday,19,2,Urban,High Speed (Arterial),Yes,33.61721389,-112.16854444,Non-Intersection,Daylight,Clear,Unknown,Unknown,Unknown EMS Scene Arrival Hour,Unknown EMS Scene Arrival Minutes,Unknown,Unknown EMS Hospital Arrival Time,1,Daylight,Clear,1,2,['Driver'],['None_Used'],1,1,Valid,0.0,0.0,49.0,25.0,"['Male', 'Male', 'Male']",1,0,5,1,5,Dry,Straight,Level,Lowest,No
2068,4,Arizona,41167,1,2,2,0,2,PHOENIX,October,3,Tuesday,19,14,Urban,Medium Speed (Collector),No,33.53803056,-112.151425,Non-Intersection,Daylight,Not Reported,Unknown,Unknown,Unknown EMS Scene Arrival Hour,Unknown EMS Scene Arrival Minutes,Not Applicable (Not Transported),Not Applicable (Not Transported),1,Daylight,Clear,0,0,[],[],0,0,Valid,0.0,0.0,77.0,38.0,"['Male', 'Male']",0,0,3,4,5,Dry,Straight,Level,Lowest,No
2069,4,Arizona,41168,1,1,1,0,1,SELLS,October,14,Saturday,4,54,Rural,Medium Speed (Collector),No,32.10852778,-112.072275,Non-Intersection,Dark - Unknown Lighting,Not Reported,Unknown,Unknown,Unknown EMS Scene Arrival Hour,Unknown EMS Scene Arrival Minutes,Not Applicable (Not Transported),Not Applicable (Not Transported),1,Dark - Unlighted,Clear,0,1,[],[],0,0,Valid,0.0,0.0,31.0,31.0,['Male'],0,0,1,0,4,Dry,Straight,Level,Lowest,No
2070,4,Arizona,41169,0,1,1,0,1,PHOENIX,October,6,Friday,6,20,Urban,High Speed (Arterial),Yes,33.49493889,-112.16859444,Complex/Circle,Daylight,Clear,Unknown,Unknown,Unknown EMS Scene Arrival Hour,Unknown EMS Scene Arrival Minutes,Unknown,Unknown EMS Hospital Arrival Time,1,Daylight,Clear,1,0,['Driver'],['None_Used'],0,0,Valid,0.0,0.0,24.0,24.0,['Male'],1,0,5,4,2,Dry,Straight,Level,Lowest,No