,State_Code,State_Name,Crash_ID,Count_Non_Motorists,Count_Vehicles_Total,Count_Vehicle_Forms,Count_PVH_Involved,Count_Occupants_MV,City_Name,Month_Name,Day_of_Month,Day_of_Week,Crash_Hour,Crash_Minute,Area_Rural_Urban,Road_Functional_Class,On_NHS_Road,Latitude,Longitude,Intersection_Type,Light_Condition,Weather_Condition,Notif_Hour,Notif_Minute,Arrival_Hour,Arrival_Minute,Hospital_Hour,Hospital_Minute,Fatalities_Count,Clean_Light_Condition,Clean_Weather_Condition,Total_Killed,Total_Alive,Fatal_Seats_List,Killed_Restraint_List,Any_Driver_Drinking,Total_Drinking_Drivers,Driver_License_Category,Driver_Max_Prev_Accident_Count,Driver_Max_Prev_Speeding_Count,Max_Driver_Age,Min_Driver_Age,Driver_Sex_List,Total_Exceeding_Limit_Vehicles,Total_Too_Fast_Vehicles,Max_Vehicle_Type_Severity_5,Max_Vehicle_Damage_Rank,Max_Harmful_Event_Severity,Crash_Road_Surface_Condition,Crash_Horizontal_Alignment,Crash_Vertical_Profile,Crash_Impairment_Category,Crash_Vehicle_Defect
2071,4,Arizona,41170,0,2,2,0,2,PHOENIX,October,19,Thursday,16,7,Urban,Medium Speed (Collector),No,33.49356944,-112.29333889,Simple Junction,Daylight,Clear,Unknown,Unknown,Unknown EMS Scene Arrival Hour,Unknown EMS Scene Arrival Minutes,Unknown,Unknown EMS Hospital Arrival Time,1,Daylight,Clear,1,1,['Driver'],['None_Used'],0,0,Valid,0.0,1.0,77.0,20.0,"['Female', 'Male']",0,0,5,1,5,Dry,Straight,Level,Lowest,No
2072,4,Arizona,41171,0,2,2,0,5,PHOENIX,October,8,Sunday,1,15,Urban,Medium Speed (Collector),No,33.46598333,-112.15185278,Complex/Circle,Dark - Unknown Lighting,Not Reported,Unknown,Unknown,Unknown EMS Scene Arrival Hour,Unknown EMS Scene Arrival Minutes,Unknown,Unknown EMS Hospital Arrival Time,1,Dark - Unlighted,Clear,1,4,['Front_Passenger'],['Shoulder_Lapbelt'],0,0,Invalid,0.0,0.0,998.0,998.0,"['Other', 'Other']",0,0,1,0,5,Dry,Straight,Level,Lowest,No
2073,4,Arizona,41172,0,2,2,0,2,PHOENIX,October,21,Saturday,10,0,Urban,High Speed (Arterial),Yes,77.7777,777.7777,Non-Intersection,Not Reported,Not Reported,Unknown,Unknown,Unknown EMS Scene Arrival Hour,Unknown EMS Scene Arrival Minutes,Unknown,Unknown EMS Hospital Arrival Time,1,Dark - Unlighted,Clear,1,1,['Driver'],['None_Used'],1,1,Invalid,0.0,2.0,998.0,25.0,"['Other', 'Male']",0,0,5,0,5,Dry,Straight,Level,Lowest,No
2074,4,Arizona,41173,0,2,2,0,2,MESA,October,25,Wednesday,14,48,Urban,Medium Speed (Collector),No,33.45154444,-111.80244444,Non-Intersection,Daylight,Clear,Unknown,Unknown,Unknown EMS Scene Arrival Hour,Unknown EMS Scene Arrival Minutes,Unknown,Unknown EMS Hospital Arrival Time,1,Daylight,Clear,1,1,['Driver'],['None_Used'],0,0,Valid,0.0,0.0,73.0,18.0,"['Male', 'Male']",0,0,5,1,5,Dry,Straight,Level,Lowest,No
2075,4,Arizona,41174,0,2,2,0,3,PHOENIX,October,8,Sunday,2,15,Urban,Medium Speed (Collector),No,33.458725,-112.13472222,Complex/Circle,Dark - Unknown Lighting,Not Reported,Unknown,Unknown,Unknown EMS Scene Arrival Hour,Unknown EMS Scene Arrival Minutes,Unknown,Unknown EMS Hospital Arrival Time,1,Dark - Unlighted,Clear,1,2,['Driver'],['Shoulder_Lapbelt'],1,1,Valid,0.0,0.0,998.0,24.0,"['Male', 'Female']",0,0,1,0,5,Dry,Straight,Level,Lowest,No
2076,4,Arizona,41175,0,1,1,0,1,PHOENIX,December,30,Saturday,99,99,Urban,Medium Speed (Collector),No,77.7777,777.7777,Non-Intersection,Not Reported,Not Reported,Unknown,Unknown,Unknown EMS Scene Arrival Hour,Unknown EMS Scene Arrival Minutes,Unknown,Unknown EMS Hospital Arrival Time,1,Dark - Unlighted,Clear,1,0,['Driver'],['None_Used'],0,0,Valid,0.0,0.0,25.0,25.0,['Male'],0,0,5,0,1,Dry,Straight,Level,Lowest,No
2077,4,Arizona,41176,1,1,1,0,1,PHOENIX,October,27,Friday,18,21,Urban,Medium Speed (Collector),No,33.629875,-112.01333889,Non-Intersection,Dark - Lighted,Clear,Unknown,Unknown,Unknown EMS Scene Arrival Hour,Unknown EMS Scene Arrival Minutes,Unknown,Unknown EMS Hospital Arrival Time,1,Dark - Lighted,Clear,0,1,[],[],0,0,Valid,0.0,1.0,52.0,52.0,['Male'],0,0,3,0,4,Dry,Straight,Level,Lowest,No
2078,4,Arizona,41177,2,1,1,0,1,LAVEEN,August,13,Sunday,22,51,Urban,Medium Speed (Collector),No,33.39213056,-112.14519167,Complex/Circle,Dark - Lighted,Clear,10:00pm-10:59pm,53,10:00pm-10:59pm,58,11:00pm-11:59pm,26,1,Dark - Lighted,Clear,0,0,[],[],0,0,Invalid,0.0,0.0,998.0,998.0,['Other'],0,0,1,2,4,Dry,Straight,Level,Lowest,No
2079,4,Arizona,41178,1,1,1,0,1,PHOENIX,November,8,Wednesday,4,36,Urban,Medium Speed (Collector),No,77.7777,777.7777,Non-Intersection,Dark - Not Lighted,Not Reported,Unknown,Unknown,Unknown EMS Scene Arrival Hour,Unknown EMS Scene Arrival Minutes,Unknown,Unknown EMS Hospital Arrival Time,1,Dark - Unlighted,Clear,0,1,[],[],0,0,Invalid,0.0,0.0,54.0,54.0,['Female'],0,0,3,1,4,Dry,Straight,Level,Lowest,No
2080,4,Arizona,41179,0,1,1,0,1,NOT APPLICABLE,November,14,Tuesday,19,15,Urban,Low Speed (Local),No,77.7777,777.7777,Non-Intersection,Not Reported,Not Reported,Unknown,Unknown,Unknown EMS Scene Arrival Hour,Unknown EMS Scene Arrival Minutes,Unknown,Unknown EMS Hospital Arrival Time,1,Dark - Unlighted,Clear,1,0,['Driver'],['None_Used'],0,0,Valid,0.0,0.0,44.0,44.0,['Male'],0,0,5,0,3,Dry,Straight,Level,Lowest,No
2081,4,Arizona,41180,0,1,1,0,1,CASA GRANDE,November,18,Saturday,21,22,Rural,Low Speed (Local),No,32.72222778,-111.78086111,Non-Intersection,Dark - Unknown Lighting,Not Reported,Unknown,Unknown,Unknown EMS Scene Arrival Hour,Unknown EMS Scene Arrival Minutes,Unknown,Unknown if Transported,1,Dark - Unlighted,Clear,1,0,['Driver'],['None_Used'],1,1,Invalid,0.0,0.0,27.0,27.0,['Female'],0,0,1,0,3,Dry,Straight,Level,Lowest,No
2082,4,Arizona,41181,0,2,2,0,2,PHOENIX,August,18,Friday,20,50,Urban,Medium Speed (Collector),No,77.7777,777.7777,Complex/Circle,Not Reported,Not Reported,Unknown,Unknown,Unknown EMS Scene Arrival Hour,Unknown EMS Scene Arrival Minutes,Unknown,Unknown EMS Hospital Arrival Time,1,Dark - Unlighted,Clear,1,0,['Driver'],['Shoulder_Lapbelt'],0,0,Invalid,0.0,1.0,998.0,35.0,"['Male', 'Female']",0,0,1,4,5,Dry,Straight,Level,Lowest,No
2083,4,Arizona,41182,0,2,2,0,2,PHOENIX,November,19,Sunday,14,48,Urban,High Speed (Arterial),Yes,33.64045278,-112.02870556,Simple Junction,Daylight,Clear,Unknown,Unknown,Unknown EMS Scene Arrival Hour,Unknown EMS Scene Arrival Minutes,Unknown,Unknown EMS Hospital Arrival Time,1,Daylight,Clear,1,0,['Driver'],['None_Used'],0,0,Valid,0.0,0.0,70.0,28.0,"['Male', 'Female']",1,0,5,4,5,Dry,Straight,Level,Lowest,No
2084,4,Arizona,41183,0,1,1,0,3,TEMPE,November,25,Saturday,1,36,Urban,High Speed (Arterial),Yes,33.40439167,-111.92602778,Non-Intersection,Dark - Lighted,Clear,1:00am-1:59am,38,1:00am-1:59am,42,Unknown,Unknown EMS Hospital Arrival Time,2,Dark - Lighted,Clear,2,1,"['Front_Passenger', 'Rear_Seat']","['Shoulder_Lapbelt', 'Shoulder_Lapbelt']",1,1,Valid,0.0,0.0,32.0,32.0,['Male'],3,0,2,4,3,Dry,Straight,Level,Lowest,No
2085,4,Arizona,41184,0,2,2,0,3,PHOENIX,December,30,Saturday,22,35,Urban,Medium Speed (Collector),No,33.62746944,-112.09964167,Non-Intersection,Dark - Lighted,Clear,Unknown,Unknown,Unknown EMS Scene Arrival Hour,Unknown EMS Scene Arrival Minutes,Unknown,Unknown EMS Hospital Arrival Time,1,Dark - Lighted,Clear,1,2,['Driver'],['Shoulder_Lapbelt'],0,0,Valid,0.0,3.0,26.0,21.0,"['Male', 'Male']",1,0,2,4,5,Dry,Straight,Level,Lowest,No
2086,4,Arizona,41185,0,1,1,0,1,MESA,May,16,Tuesday,99,99,Urban,Medium Speed (Collector),No,77.7777,777.7777,Non-Intersection,Not Reported,Not Reported,Unknown,Unknown,Unknown EMS Scene Arrival Hour,Unknown EMS Scene Arrival Minutes,Unknown,Unknown EMS Hospital Arrival Time,1,Dark - Unlighted,Clear,1,0,['Driver'],['None_Used'],0,0,Valid,0.0,0.0,61.0,61.0,['Male'],0,0,5,0,1,Dry,Straight,Level,Lowest,No
2087,4,Arizona,41186,0,2,2,0,2,FLAGSTAFF,May,17,Wednesday,13,20,Urban,High Speed (Arterial),Yes,35.2395,-111.57095278,Non-Intersection,Daylight,Cloudy,Unknown,Unknown,Unknown EMS Scene Arrival Hour,Unknown EMS Scene Arrival Minutes,Unknown,Unknown EMS Hospital Arrival Time,1,Daylight,Reduced Visibility,1,1,['Driver'],['None_Used'],0,0,Valid,0.0,0.0,74.0,37.0,"['Male', 'Male']",1,0,5,4,5,Dry,Straight,Level,Lowest,No
2088,4,Arizona,41187,0,2,2,0,2,PHOENIX,December,4,Monday,20,47,Urban,Medium Speed (Collector),No,33.47307778,-112.00418889,Complex/Circle,Dark - Lighted,Clear,Unknown,Unknown,Unknown EMS Scene Arrival Hour,Unknown EMS Scene Arrival Minutes,Unknown,Unknown EMS Hospital Arrival Time,1,Dark - Lighted,Clear,1,1,['Driver'],['None_Used'],0,0,Invalid,0.0,0.0,50.0,29.0,"['Male', 'Female']",0,0,5,4,5,Dry,Straight,Level,Lowest,No
2089,4,Arizona,41188,0,2,2,0,5,COOLIDGE,May,23,Tuesday,15,42,Rural,Medium Speed (Collector),No,77.7777,777.7777,Non-Intersection,Daylight,Clear,Unknown,Unknown,Unknown EMS Scene Arrival Hour,Unknown EMS Scene Arrival Minutes,Unknown,Unknown EMS Hospital Arrival Time,1,Daylight,Clear,1,4,['Front_Passenger'],['None_Used'],0,0,Valid,0.0,0.0,57.0,17.0,"['Male', 'Female']",0,0,3,4,5,Dry,Straight,Level,Medium,No
2090,4,Arizona,41189,0,2,2,0,2,PHOENIX,May,27,Saturday,13,4,Urban,Medium Speed (Collector),No,33.48037778,-111.99249722,Non-Intersection,Daylight,Clear,Unknown,Unknown,Unknown EMS Scene Arrival Hour,Unknown EMS Scene Arrival Minutes,Unknown,Unknown EMS Hospital Arrival Time,1,Daylight,Clear,1,1,['Driver'],['Shoulder_Lapbelt'],0,0,Valid,0.0,0.0,57.0,40.0,"['Male', 'Male']",0,0,3,4,5,Dry,Straight,Non-Trafficway,Lowest,No
2091,4,Arizona,41190,0,2,2,0,3,PHOENIX,June,5,Monday,4,35,Urban,Medium Speed (Collector),No,77.7777,777.7777,Non-Intersection,Not Reported,Not Reported,Unknown,Unknown,Unknown EMS Scene Arrival Hour,Unknown EMS Scene Arrival Minutes,Unknown,Unknown EMS Hospital Arrival Time,1,Dark - Unlighted,Clear,1,2,['Driver'],['Shoulder_Lapbelt'],1,1,Invalid,0.0,0.0,998.0,34.0,"['Male', 'Other']",0,0,3,0,5,Dry,Straight,Level,Lowest,No
2092,4,Arizona,41191,0,2,2,0,3,PHOENIX,June,7,Wednesday,21,38,Urban,Medium Speed (Collector),No,33.56683611,-112.13435833,Non-Intersection,Dark - Lighted,Clear,Unknown,Unknown,Unknown EMS Scene Arrival Hour,Unknown EMS Scene Arrival Minutes,Unknown,Unknown EMS Hospital Arrival Time,1,Dark - Lighted,Clear,1,2,['Driver'],['None_Used'],0,0,Valid,0.0,0.0,61.0,22.0,"['Male', 'Male']",2,0,5,4,5,Dry,Straight,Level,Lowest,No
2093,4,Arizona,41192,0,2,2,0,2,NOT APPLICABLE,June,11,Sunday,12,3,Rural,Medium Speed (Collector),No,36.93098889,-110.22088889,Complex/Circle,Daylight,Not Reported,Unknown,Unknown,Unknown EMS Scene Arrival Hour,Unknown EMS Scene Arrival Minutes,Unknown,Unknown EMS Hospital Arrival Time,1,Daylight,Clear,1,1,['Driver'],['None_Used'],0,0,Valid,0.0,0.0,67.0,67.0,"['Male', 'Female']",1,0,5,1,5,Dry,Straight,Grade/Hillcrest,Lowest,No
2094,4,Arizona,41193,0,1,1,0,1,NOT APPLICABLE,June,25,Sunday,4,57,Urban,Low Speed (Local),No,77.7777,777.7777,Non-Intersection,Not Reported,Not Reported,Unknown,Unknown,Unknown EMS Scene Arrival Hour,Unknown EMS Scene Arrival Minutes,Not Applicable (Not Transported),Not Applicable (Not Transported),1,Dark - Unlighted,Clear,1,0,['Driver'],['Shoulder_Lapbelt'],0,0,Valid,0.0,0.0,36.0,36.0,['Male'],0,0,3,0,3,Dry,Straight,Level,Lowest,No
2095,4,Arizona,41194,0,1,1,0,1,NOT APPLICABLE,July,28,Friday,99,99,Rural,Low Speed (Local),No,99.9999,999.9999,Non-Intersection,Not Reported,Not Reported,Unknown,Unknown,Unknown EMS Scene Arrival Hour,Unknown EMS Scene Arrival Minutes,Unknown,Unknown if Transported,1,Dark - Unlighted,Clear,1,0,['Driver'],['Shoulder_Lapbelt'],0,0,Invalid,0.0,0.0,24.0,24.0,['Male'],0,0,1,0,1,Dry,Straight,Level,Lowest,No
2096,4,Arizona,41195,1,1,1,0,1,ARIZONA CITY,September,20,Wednesday,99,99,Urban,Medium Speed (Collector),No,77.7777,777.7777,Non-Intersection,Not Reported,Not Reported,Unknown,Unknown,Unknown EMS Scene Arrival Hour,Unknown EMS Scene Arrival Minutes,Unknown,Unknown EMS Hospital Arrival Time,1,Dark - Unlighted,Clear,0,0,[],[],0,0,Invalid,0.0,0.0,998.0,998.0,['Other'],0,0,1,0,4,Dry,Straight,Level,Lowest,No
2097,4,Arizona,41196,0,1,1,0,1,NOT APPLICABLE,September,28,Thursday,22,8,Rural,Low Speed (Local),No,32.55826111,-110.70730833,Non-Intersection,Dark - Not Lighted,Clear,Unknown,Unknown,Unknown EMS Scene Arrival Hour,Unknown EMS Scene Arrival Minutes,Unknown,Unknown EMS Hospital Arrival Time,1,Dark - Unlighted,Clear,1,0,['Driver'],['None_Used'],0,0,Invalid,0.0,0.0,42.0,42.0,['Male'],0,0,5,1,1,Dry,Curve,Grade/Hillcrest,Lowest,No
2098,4,Arizona,41197,0,2,2,0,2,PHOENIX,November,3,Friday,4,31,Urban,Medium Speed (Collector),No,33.42246111,-112.13462222,Complex/Circle,Dark - Not Lighted,Clear,4:00am-4:59am,34,4:00am-4:59am,37,Unknown,Unknown EMS Hospital Arrival Time,1,Dark - Unlighted,Clear,1,1,['Driver'],['Shoulder_Lapbelt'],0,0,Valid,0.0,0.0,58.0,37.0,"['Male', 'Male']",0,0,3,4,5,Dry,Straight,Level,Lowest,No
2099,4,Arizona,41198,0,1,1,0,1,SAHUARITA,November,19,Sunday,13,15,Urban,Medium Speed (Collector),No,31.95420833,-110.99406111,Non-Intersection,Not Reported,Not Reported,Unknown,Unknown,Unknown EMS Scene Arrival Hour,Unknown EMS Scene Arrival Minutes,Not Applicable (Not Transported),Not Applicable (Not Transported),1,Dark - Unlighted,Clear,1,0,['Driver'],['None_Used'],0,0,Valid,0.0,2.0,33.0,33.0,['Male'],0,0,5,0,1,Dry,Straight,Level,Lowest,No
2100,4,Arizona,41199,1,1,1,0,3,PHOENIX,August,14,Monday,21,31,Urban,Medium Speed (Collector),No,33.49505833,-112.22049167,Non-Intersection,Dark - Lighted,Clear,Unknown,Unknown,Unknown EMS Scene Arrival Hour,Unknown EMS Scene Arrival Minutes,Unknown,Unknown EMS Hospital Arrival Time,1,Dark - Lighted,Clear,0,3,[],[],0,0,Valid,0.0,0.0,17.0,17.0,['Male'],0,0,3,3,4,Dry,Straight,Level,Lowest,No
2101,4,Arizona,41200,1,1,1,0,1,NOT APPLICABLE,November,29,Wednesday,99,99,Urban,Medium Speed (Collector),No,33.87653056,-109.95631944,Non-Intersection,Not Reported,Not Reported,Unknown,Unknown,Unknown EMS Scene Arrival Hour,Unknown EMS Scene Arrival Minutes,Unknown,Unknown EMS Hospital Arrival Time,1,Dark - Unlighted,Clear,0,0,[],[],0,0,Invalid,0.0,0.0,998.0,998.0,['Other'],0,0,1,0,4,Dry,Straight,Level,Lowest,No
2102,4,Arizona,41201,0,2,2,0,2,NOT APPLICABLE,December,1,Friday,19,38,Rural,High Speed (Arterial),Yes,33.58258333,-113.445,Non-Intersection,Dark - Not Lighted,Clear,7:00pm-7:59pm,39,8:00pm-8:59pm,17,Not Applicable (Not Transported),Not Applicable (Not Transported),1,Dark - Unlighted,Clear,1,1,['Driver'],['None_Used'],1,1,Invalid,0.0,0.0,51.0,49.0,"['Male', 'Male']",1,0,4,4,5,Dry,Straight,Level,Lowest,No
2103,4,Arizona,41202,0,2,2,0,5,LAVEEN,August,19,Saturday,21,21,Urban,Medium Speed (Collector),No,77.7777,777.7777,Complex/Circle,Not Reported,Not Reported,Unknown,Unknown,Unknown EMS Scene Arrival Hour,Unknown EMS Scene Arrival Minutes,Unknown,Unknown EMS Hospital Arrival Time,1,Dark - Unlighted,Clear,1,4,['Front_Passenger'],['Shoulder_Lapbelt'],0,0,Invalid,0.0,0.0,998.0,998.0,"['Male', 'Other']",5,0,1,4,5,Dry,Straight,Level,Lowest,No
2104,4,Arizona,41203,1,1,1,0,1,PHOENIX,December,2,Saturday,18,40,Urban,Medium Speed (Collector),No,77.7777,777.7777,Non-Intersection,Not Reported,Not Reported,Unknown,Unknown,Unknown EMS Scene Arrival Hour,Unknown EMS Scene Arrival Minutes,Not Applicable (Not Transported),Not Applicable (Not Transported),1,Dark - Unlighted,Clear,0,0,[],[],0,0,Invalid,0.0,0.0,998.0,998.0,['Other'],0,0,1,0,4,Dry,Straight,Level,Lowest,No
2105,4,Arizona,41204,0,2,2,0,4,BUCKEYE,August,26,Saturday,2,52,Urban,High Speed (Arterial),Yes,33.44930278,-112.54283056,Non-Intersection,Dark - Not Lighted,Clear,Unknown,Unknown,Unknown EMS Scene Arrival Hour,Unknown EMS Scene Arrival Minutes,Unknown,Unknown EMS Hospital Arrival Time,1,Dark - Unlighted,Clear,1,3,['Driver'],['None_Used'],1,1,Valid,0.0,1.0,35.0,23.0,"['Male', 'Male']",2,0,4,4,5,Dry,Straight,Level,Lowest,No
2106,4,Arizona,41205,0,2,2,0,2,PHOENIX,July,15,Saturday,14,58,Urban,Medium Speed (Collector),No,33.45083056,-112.22118889,Non-Intersection,Daylight,Clear,Unknown,Unknown,Unknown EMS Scene Arrival Hour,Unknown EMS Scene Arrival Minutes,Unknown,Unknown EMS Hospital Arrival Time,1,Daylight,Clear,1,1,['Driver'],['None_Used'],0,0,Valid,0.0,1.0,38.0,28.0,"['Male', 'Male']",1,0,2,4,5,Dry,Straight,Level,Lowest,No
2107,4,Arizona,41206,0,2,2,0,3,PHOENIX,September,1,Friday,14,23,Urban,High Speed (Arterial),Yes,33.64034167,-111.94292778,Simple Junction,Daylight,Cloudy,Unknown,Unknown,Unknown EMS Scene Arrival Hour,Unknown EMS Scene Arrival Minutes,Unknown,Unknown EMS Hospital Arrival Time,1,Daylight,Reduced Visibility,1,2,['Front_Passenger'],['Lapbelt_Only'],0,0,Valid,0.0,0.0,63.0,17.0,"['Female', 'Female']",0,0,2,4,5,Dry,Straight,Level,Lowest,No
2108,4,Arizona,41207,1,1,1,0,6,NOT APPLICABLE,September,2,Saturday,19,30,Urban,High Speed (Arterial),Yes,34.1691,-109.99902778,Non-Intersection,Dark - Not Lighted,Clear,Unknown,Unknown,Unknown EMS Scene Arrival Hour,Unknown EMS Scene Arrival Minutes,Unknown,Unknown EMS Hospital Arrival Time,1,Dark - Unlighted,Clear,0,6,[],[],0,0,Valid,0.0,0.0,35.0,35.0,['Male'],0,0,3,1,4,Dry,Straight,Grade/Hillcrest,Lowest,No
2109,4,Arizona,41208,0,4,4,0,4,PHOENIX,July,28,Friday,16,14,Urban,High Speed (Arterial),Yes,33.61076111,-112.12424444,Non-Intersection,Daylight,Clear,Unknown,Unknown,Unknown EMS Scene Arrival Hour,Unknown EMS Scene Arrival Minutes,Unknown,Unknown EMS Hospital Arrival Time,1,Daylight,Clear,1,1,['Driver'],['Shoulder_Lapbelt'],0,0,Valid,0.0,1.0,54.0,31.0,"['Male', 'Male', 'Female', 'Male']",0,0,3,4,5,Dry,Straight,Level,Lowest,Yes
2110,4,Arizona,41209,1,4,4,0,4,PHOENIX,December,11,Monday,6,18,Urban,High Speed (Arterial),Yes,33.41083889,-111.98590833,Non-Intersection,Dark - Not Lighted,Clear,6:00am-6:59am,20,6:00am-6:59am,32,Not Applicable (Not Transported),Not Applicable (Not Transported),1,Dark - Unlighted,Clear,0,4,[],[],0,0,Invalid,0.0,0.0,999.0,34.0,"['Other', 'Other', 'Male', 'Male']",0,0,3,4,4,Dry,Straight,Level,Lowest,No
2111,4,Arizona,41210,0,2,2,0,7,MESA,October,26,Thursday,15,34,Urban,Medium Speed (Collector),No,33.437,-111.65839722,Simple Junction,Daylight,Clear,Unknown,Unknown,Unknown EMS Scene Arrival Hour,Unknown EMS Scene Arrival Minutes,Unknown,Unknown EMS Hospital Arrival Time,1,Daylight,Clear,1,6,['Driver'],['Shoulder_Lapbelt'],0,0,Valid,0.0,1.0,75.0,40.0,"['Male', 'Female']",2,0,3,4,5,Dry,Straight,Level,Lowest,No
2113,4,Arizona,41212,0,2,2,0,2,TEMPE,September,29,Friday,99,99,Urban,High Speed (Arterial),Yes,99.9999,999.9999,Non-Intersection,Not Reported,Not Reported,Unknown,Unknown,Unknown EMS Scene Arrival Hour,Unknown EMS Scene Arrival Minutes,Unknown,Unknown EMS Hospital Arrival Time,1,Dark - Unlighted,Clear,1,0,['Driver'],['None_Used'],0,0,Invalid,0.0,0.0,998.0,58.0,"['Other', 'Male']",0,0,1,0,5,Dry,Straight,Level,Lowest,No
2114,4,Arizona,41213,0,2,2,0,3,PHOENIX,December,9,Saturday,17,39,Urban,Medium Speed (Collector),No,77.7777,777.7777,Non-Intersection,Dusk,Not Reported,Unknown,Unknown,Unknown EMS Scene Arrival Hour,Unknown EMS Scene Arrival Minutes,Unknown,Unknown EMS Hospital Arrival Time,1,Twilight,Clear,1,2,['Driver'],['Shoulder_Lapbelt'],1,1,Valid,0.0,0.0,55.0,16.0,"['Male', 'Male']",0,0,3,0,5,Dry,Straight,Level,Lowest,No
2115,4,Arizona,41214,0,2,2,0,2,PHOENIX,October,28,Saturday,99,99,Urban,Low Speed (Local),No,77.7777,777.7777,Non-Intersection,Not Reported,Not Reported,Unknown,Unknown,Unknown EMS Scene Arrival Hour,Unknown EMS Scene Arrival Minutes,Unknown,Unknown EMS Hospital Arrival Time,1,Dark - Unlighted,Clear,1,0,['Driver'],['None_Used'],0,0,Valid,0.0,0.0,998.0,25.0,"['Male', 'Other']",0,0,5,0,5,Dry,Straight,Level,Lowest,No
2116,4,Arizona,41215,1,1,1,0,1,Not Reported,July,2,Sunday,99,99,Rural,Low Speed (Local),No,77.7777,777.7777,Non-Intersection,Not Reported,Not Reported,Unknown,Unknown,Unknown EMS Scene Arrival Hour,Unknown EMS Scene Arrival Minutes,Unknown,Unknown EMS Hospital Arrival Time,1,Dark - Unlighted,Clear,0,0,[],[],0,0,Invalid,0.0,0.0,998.0,998.0,['Other'],0,0,1,0,4,Dry,Straight,Level,Lowest,No
2117,4,Arizona,41216,0,1,1,0,2,PHOENIX,August,4,Friday,99,99,Rural,Low Speed (Local),No,77.7777,777.7777,Non-Intersection,Not Reported,Not Reported,Unknown,Unknown,Unknown EMS Scene Arrival Hour,Unknown EMS Scene Arrival Minutes,Unknown,Unknown EMS Hospital Arrival Time,1,Dark - Unlighted,Clear,1,0,['Front_Passenger'],['Shoulder_Lapbelt'],0,0,Invalid,0.0,0.0,998.0,998.0,['Other'],0,0,1,0,1,Dry,Straight,Level,Lowest,No
2118,4,Arizona,41217,1,1,1,0,1,PHOENIX,September,22,Friday,99,99,Rural,Low Speed (Local),No,77.7777,777.7777,Non-Intersection,Not Reported,Not Reported,Unknown,Unknown,Unknown EMS Scene Arrival Hour,Unknown EMS Scene Arrival Minutes,Unknown,Unknown EMS Hospital Arrival Time,1,Dark - Unlighted,Clear,0,0,[],[],0,0,Invalid,0.0,0.0,998.0,998.0,['Other'],0,0,1,0,4,Dry,Straight,Level,Lowest,No
2119,4,Arizona,41218,1,1,1,0,1,PHOENIX,December,31,Sunday,19,20,Urban,High Speed (Arterial),No,33.37772222,-112.12696389,Non-Intersection,Dark - Lighted,Clear,Unknown,Unknown,Unknown EMS Scene Arrival Hour,Unknown EMS Scene Arrival Minutes,Unknown,Unknown EMS Hospital Arrival Time,1,Dark - Lighted,Clear,0,1,[],[],0,0,Valid,0.0,0.0,38.0,38.0,['Male'],0,0,2,2,4,Dry,Straight,Level,Lowest,No
2120,4,Arizona,41219,1,1,1,0,1,Not Reported,September,26,Tuesday,99,99,Rural,Low Speed (Local),No,77.7777,777.7777,Non-Intersection,Not Reported,Not Reported,Unknown,Unknown,Unknown EMS Scene Arrival Hour,Unknown EMS Scene Arrival Minutes,Unknown,Unknown EMS Hospital Arrival Time,1,Dark - Unlighted,Clear,0,0,[],[],0,0,Invalid,0.0,0.0,998.0,998.0,['Other'],0,0,1,0,4,Dry,Straight,Level,Lowest,No
2121,4,Arizona,41220,0,1,1,0,1,Not Reported,October,6,Friday,99,99,Rural,Low Speed (Local),No,77.7777,777.7777,Non-Intersection,Not Reported,Not Reported,Unknown,Unknown,Unknown EMS Scene Arrival Hour,Unknown EMS Scene Arrival Minutes,Unknown,Unknown EMS Hospital Arrival Time,1,Dark - Unlighted,Clear,1,0,['Driver'],['None_Used'],0,0,Valid,0.0,0.0,80.0,80.0,['Male'],0,0,1,0,1,Dry,Straight,Level,Lowest,No
2122,4,Arizona,41221,0,2,2,0,5,SHOW LOW,December,12,Tuesday,5,29,Rural,Medium Speed (Collector),No,34.20298611,-110.08201944,Non-Intersection,Not Reported,Not Reported,Unknown,Unknown,Unknown EMS Scene Arrival Hour,Unknown EMS Scene Arrival Minutes,Unknown,Unknown EMS Hospital Arrival Time,3,Dark - Unlighted,Clear,3,0,"['Front_Passenger', 'Front_Passenger', 'Front_Passenger']","['Shoulder_Lapbelt', 'Shoulder_Lapbelt', 'Shoulder_Lapbelt']",0,0,Invalid,0.0,0.0,998.0,998.0,"['Other', 'Other']",0,0,1,0,5,Dry,Straight,Level,Lowest,No
2123,4,Arizona,41222,0,1,1,0,1,PHOENIX,December,28,Thursday,23,40,Urban,Medium Speed (Collector),No,33.46970833,-112.11726111,Simple Junction,Not Reported,Not Reported,Unknown,Unknown,Unknown EMS Scene Arrival Hour,Unknown EMS Scene Arrival Minutes,Unknown,Unknown EMS Hospital Arrival Time,1,Dark - Unlighted,Clear,1,0,['Driver'],['Shoulder_Lapbelt'],0,0,Valid,0.0,0.0,42.0,42.0,['Male'],0,0,1,0,3,Dry,Straight,Level,Lowest,No