,State_Code,State_Name,Crash_ID,Count_Non_Motorists,Count_Vehicles_Total,Count_Vehicle_Forms,Count_PVH_Involved,Count_Occupants_MV,City_Name,Month_Name,Day_of_Month,Day_of_Week,Crash_Hour,Crash_Minute,Area_Rural_Urban,Road_Functional_Class,On_NHS_Road,Latitude,Longitude,Intersection_Type,Light_Condition,Weather_Condition,Notif_Hour,Notif_Minute,Arrival_Hour,Arrival_Minute,Hospital_Hour,Hospital_Minute,Fatalities_Count,Clean_Light_Condition,Clean_Weather_Condition,Total_Killed,Total_Alive,Fatal_Seats_List,Killed_Restraint_List,Any_Driver_Drinking,Total_Drinking_Drivers,Driver_License_Category,Driver_Max_Prev_Accident_Count,Driver_Max_Prev_Speeding_Count,Max_Driver_Age,Min_Driver_Age,Driver_Sex_List,Total_Exceeding_Limit_Vehicles,Total_Too_Fast_Vehicles,Max_Vehicle_Type_Severity_5,Max_Vehicle_Damage_Rank,Max_Harmful_Event_Severity,Crash_Road_Surface_Condition,Crash_Horizontal_Alignment,Crash_Vertical_Profile,Crash_Impairment_Category,Crash_Vehicle_Defect
2124,4,Arizona,41224,1,1,1,0,1,Not Reported,November,12,Sunday,99,99,Rural,Low Speed (Local),No,77.7777,777.7777,Non-Intersection,Not Reported,Not Reported,Unknown,Unknown,Unknown EMS Scene Arrival Hour,Unknown EMS Scene Arrival Minutes,Unknown,Unknown EMS Hospital Arrival Time,1,Dark - Unlighted,Clear,0,0,[],[],0,0,Invalid,0.0,0.0,998.0,998.0,['Other'],0,0,1,0,4,Dry,Straight,Level,Lowest,No
2125,4,Arizona,41225,1,1,1,0,1,PHOENIX,November,20,Monday,99,99,Urban,Medium Speed (Collector),No,77.7777,777.7777,Non-Intersection,Not Reported,Not Reported,Unknown,Unknown,Unknown EMS Scene Arrival Hour,Unknown EMS Scene Arrival Minutes,Unknown,Unknown EMS Hospital Arrival Time,1,Dark - Unlighted,Clear,0,0,[],[],0,0,Invalid,0.0,0.0,998.0,998.0,['Other'],0,0,1,0,4,Dry,Straight,Level,Lowest,No
2126,4,Arizona,41226,0,2,2,0,4,MESA,December,30,Saturday,16,24,Urban,Medium Speed (Collector),No,33.42234444,-111.61880556,Simple Junction,Daylight,Cloudy,4:00pm-4:59pm,25,4:00pm-4:59pm,30,4:00pm-4:59pm,45,1,Daylight,Reduced Visibility,1,3,['Driver'],['None_Used'],1,1,Valid,0.0,0.0,38.0,26.0,"['Male', 'Male']",0,0,5,4,5,Dry,Straight,Level,Lowest,No
2127,4,Arizona,41227,0,1,1,0,1,SURPRISE,December,9,Saturday,99,99,Rural,Low Speed (Local),No,77.7777,777.7777,Non-Intersection,Not Reported,Not Reported,Unknown,Unknown,Unknown EMS Scene Arrival Hour,Unknown EMS Scene Arrival Minutes,Unknown,Unknown if Transported,1,Dark - Unlighted,Clear,1,0,['Driver'],['Shoulder_Lapbelt'],0,0,Invalid,0.0,0.0,36.0,36.0,['Male'],0,0,1,0,1,Dry,Straight,Level,Lowest,No
2128,4,Arizona,41228,1,1,1,0,1,PHOENIX,November,28,Tuesday,18,58,Urban,Medium Speed (Collector),No,33.43683889,-112.06634444,Non-Intersection,Not Reported,Not Reported,Unknown,Unknown,Unknown EMS Scene Arrival Hour,Unknown EMS Scene Arrival Minutes,Unknown,Unknown EMS Hospital Arrival Time,1,Dark - Unlighted,Clear,0,0,[],[],0,0,Invalid,0.0,0.0,998.0,998.0,['Other'],0,0,1,0,4,Dry,Straight,Level,Lowest,No
2129,4,Arizona,41229,1,1,1,0,1,PHOENIX,November,28,Tuesday,9,4,Urban,Medium Speed (Collector),No,33.37752222,-112.16804722,Non-Intersection,Not Reported,Not Reported,Unknown,Unknown,Unknown EMS Scene Arrival Hour,Unknown EMS Scene Arrival Minutes,Unknown,Unknown EMS Hospital Arrival Time,1,Dark - Unlighted,Clear,0,0,[],[],0,0,Invalid,0.0,0.0,998.0,998.0,['Other'],0,0,1,0,4,Dry,Straight,Level,Lowest,No
2130,4,Arizona,41230,0,1,1,0,1,PEORIA,December,24,Sunday,99,99,Rural,Low Speed (Local),No,77.7777,777.7777,Non-Intersection,Not Reported,Not Reported,Unknown,Unknown,Unknown EMS Scene Arrival Hour,Unknown EMS Scene Arrival Minutes,Unknown,Unknown if Transported,1,Dark - Unlighted,Clear,1,0,['Driver'],['Shoulder_Lapbelt'],0,0,Invalid,0.0,0.0,60.0,60.0,['Male'],0,0,1,0,1,Dry,Straight,Level,Lowest,No
2131,4,Arizona,41231,0,2,2,0,2,MESA,November,23,Thursday,9,36,Urban,Medium Speed (Collector),No,33.39371111,-111.73666111,Complex/Circle,Daylight,Clear,Unknown,Unknown,Unknown EMS Scene Arrival Hour,Unknown EMS Scene Arrival Minutes,Unknown,Unknown EMS Hospital Arrival Time,1,Daylight,Clear,1,1,['Driver'],['Shoulder_Lapbelt'],0,0,Valid,0.0,2.0,84.0,42.0,"['Female', 'Female']",0,0,3,4,5,Dry,Straight,Level,Lowest,No
2132,4,Arizona,41232,0,1,1,0,1,SHOW LOW,November,14,Tuesday,4,21,Rural,Medium Speed (Collector),No,34.28014444,-109.93761111,Non-Intersection,Dark - Not Lighted,Clear,Unknown,Unknown,Unknown EMS Scene Arrival Hour,Unknown EMS Scene Arrival Minutes,Unknown,Unknown EMS Hospital Arrival Time,1,Dark - Unlighted,Clear,1,0,['Driver'],['None_Used'],0,0,Valid,0.0,0.0,18.0,18.0,['Male'],1,0,2,1,3,Dry,Curve,Level,Lowest,No
2133,4,Arizona,41233,0,2,2,0,3,SURPRISE,December,4,Monday,17,57,Urban,Medium Speed (Collector),No,33.66611389,-112.39309444,Complex/Circle,Dark - Lighted,Clear,Unknown,Unknown,Unknown EMS Scene Arrival Hour,Unknown EMS Scene Arrival Minutes,Unknown,Unknown EMS Hospital Arrival Time,1,Dark - Lighted,Clear,1,2,['Front_Passenger'],['Shoulder_Lapbelt'],0,0,Valid,0.0,0.0,70.0,47.0,"['Female', 'Male']",0,0,4,4,5,Dry,Straight,Level,Lowest,No
2134,4,Arizona,41234,1,1,1,0,2,PHOENIX,December,18,Monday,5,49,Urban,Medium Speed (Collector),No,33.46578889,-112.21954444,Non-Intersection,Dark - Lighted,Clear,Unknown,Unknown,Unknown EMS Scene Arrival Hour,Unknown EMS Scene Arrival Minutes,Unknown,Unknown EMS Hospital Arrival Time,1,Dark - Lighted,Clear,0,2,[],[],0,0,Valid,0.0,0.0,25.0,25.0,['Female'],0,0,2,1,4,Dry,Straight,Level,Lowest,No
2136,4,Arizona,41236,0,2,2,0,3,PHOENIX,December,20,Wednesday,16,28,Urban,Medium Speed (Collector),No,33.65398333,-112.0999,Non-Intersection,Daylight,Clear,Unknown,Unknown,Unknown EMS Scene Arrival Hour,Unknown EMS Scene Arrival Minutes,Unknown,Unknown EMS Hospital Arrival Time,1,Daylight,Clear,1,2,['Driver'],['Shoulder_Lapbelt'],0,0,Valid,0.0,1.0,88.0,16.0,"['Male', 'Male']",1,0,3,4,5,Dry,Straight,Level,Lowest,No
2137,4,Arizona,41237,0,2,2,0,2,SACATON,December,14,Thursday,0,21,Rural,Medium Speed (Collector),No,33.12727778,-111.74761111,Non-Intersection,Dark - Not Lighted,Clear,0:00am-0:59am,21,0:00am-0:59am,30,Not Applicable (Not Transported),Not Applicable (Not Transported),1,Dark - Unlighted,Clear,1,1,['Driver'],['None_Used'],1,1,Invalid,0.0,0.0,28.0,28.0,"['Male', 'Male']",1,0,4,4,5,Dry,Straight,Level,Lowest,No
2138,4,Arizona,41238,1,2,2,0,2,CASA GRANDE,January,2,Monday,20,15,Urban,High Speed (Arterial),Yes,32.87964167,-111.69538889,Non-Intersection,Dark - Lighted,Cloudy,8:00pm-8:59pm,15,8:00pm-8:59pm,28,Not Applicable (Not Transported),Not Applicable (Not Transported),1,Dark - Lighted,Reduced Visibility,0,1,[],[],0,0,Invalid,0.0,0.0,998.0,998.0,"['Other', 'Other']",0,0,1,1,4,Wet/Standing Water,Straight,Level,Lowest,No
2139,4,Arizona,41241,0,2,2,0,2,GLOBE,July,15,Saturday,7,59,Urban,High Speed (Arterial),Yes,33.39541389,-110.76961667,Non-Intersection,Daylight,Not Reported,7:00am-7:59am,59,8:00am-8:59am,5,8:00am-8:59am,31,1,Daylight,Clear,1,1,['Driver'],['None_Used'],0,0,Valid,0.0,1.0,70.0,47.0,"['Male', 'Female']",0,0,5,4,5,Dry,Straight,Non-Trafficway,Lowest,No
2141,4,Arizona,41244,0,1,1,0,1,MESA,August,8,Tuesday,20,12,Urban,Medium Speed (Collector),No,33.39345278,-111.75361944,Complex/Circle,Dark - Lighted,Clear,8:00pm-8:59pm,15,8:00pm-8:59pm,26,8:00pm-8:59pm,46,1,Dark - Lighted,Clear,1,0,['Driver'],['Shoulder_Lapbelt'],0,0,Valid,0.0,0.0,49.0,49.0,['Male'],0,0,3,4,3,Dry,Straight,Level,Lowest,No
2142,4,Arizona,41245,1,2,1,1,1,PHOENIX,August,17,Thursday,16,30,Urban,Medium Speed (Collector),No,33.66393889,-112.03213056,Non-Intersection,Daylight,Clear,Unknown,Unknown,Unknown EMS Scene Arrival Hour,Unknown EMS Scene Arrival Minutes,Unknown,Unknown EMS Hospital Arrival Time,1,Daylight,Clear,0,0,[],[],0,0,Valid,0.0,0.0,55.0,55.0,['Female'],0,0,3,1,4,Dry,Straight,Non-Trafficway,Lowest,No
2143,4,Arizona,41246,0,1,1,0,2,SACATON,December,6,Wednesday,12,54,Rural,Low Speed (Local),No,33.13484722,-111.76788056,Non-Intersection,Daylight,Clear,12:00pm-12:59pm,54,1:00pm-1:59pm,2,Unknown,Unknown EMS Hospital Arrival Time,1,Daylight,Clear,1,1,['Driver'],['None_Used'],0,0,Invalid,0.0,0.0,49.0,49.0,['Male'],0,0,5,4,2,Dry,Straight,Level,Lowest,No
2144,5,Arkansas,50001,0,2,2,0,3,NOT APPLICABLE,January,3,Tuesday,16,57,Rural,High Speed (Arterial),Yes,33.95151111,-93.23276389,Non-Intersection,Daylight,Clear,4:00pm-4:59pm,57,5:00pm-5:59pm,7,Unknown,Unknown EMS Hospital Arrival Time,1,Daylight,Clear,1,2,['Driver'],['None_Used'],0,0,Valid,0.0,0.0,51.0,50.0,"['Male', 'Male']",0,0,4,4,5,Dry,Straight,Level,Lowest,No
2145,5,Arkansas,50002,0,1,1,0,1,NOT APPLICABLE,January,7,Saturday,9,19,Rural,Medium Speed (Collector),No,34.07624722,-93.971425,Non-Intersection,Daylight,Cloudy,9:00am-9:59am,26,9:00am-9:59am,26,Not Applicable (Not Transported),Not Applicable (Not Transported),1,Daylight,Reduced Visibility,1,0,['Driver'],['None_Used'],0,0,Valid,0.0,1.0,50.0,50.0,['Male'],0,0,3,4,3,Dry,Curve,Grade/Hillcrest,Lowest,No
2146,5,Arkansas,50003,0,2,2,0,3,JONESBORO,January,7,Saturday,21,43,Rural,Medium Speed (Collector),No,35.86545278,-90.65840833,Non-Intersection,Dark - Not Lighted,Cloudy,9:00pm-9:59pm,44,9:00pm-9:59pm,48,Unknown,Unknown EMS Hospital Arrival Time,2,Dark - Unlighted,Reduced Visibility,2,1,"['Driver', 'Front_Passenger']","['Shoulder_Lapbelt', 'Shoulder_Lapbelt']",1,1,Valid,2.0,0.0,37.0,22.0,"['Male', 'Female']",2,0,2,4,5,Wet/Standing Water,Straight,Grade/Hillcrest,Lowest,No
2147,5,Arkansas,50004,0,1,1,0,3,NOT APPLICABLE,January,3,Tuesday,13,18,Rural,Medium Speed (Collector),No,33.75715556,-93.903775,Non-Intersection,Daylight,Clear,1:00pm-1:59pm,20,1:00pm-1:59pm,33,Unknown,Unknown EMS Hospital Arrival Time,1,Daylight,Clear,1,2,['Rear_Seat'],['None_Used'],1,1,Valid,0.0,1.0,39.0,39.0,['Male'],0,0,3,4,3,Dry,Curve,Grade/Hillcrest,Lowest,No
2148,5,Arkansas,50005,1,1,1,0,2,ROGERS,January,8,Sunday,17,21,Urban,High Speed (Arterial),Yes,36.30050833,-94.12656389,Non-Intersection,Dusk,Clear,5:00pm-5:59pm,21,5:00pm-5:59pm,28,Unknown,Unknown EMS Hospital Arrival Time,1,Twilight,Clear,0,2,[],[],0,0,Valid,0.0,0.0,42.0,42.0,['Male'],0,0,3,2,4,Dry,Straight,Level,Lowest,No
2149,5,Arkansas,50006,0,2,2,0,4,NOT APPLICABLE,January,10,Tuesday,7,40,Rural,High Speed (Arterial),Yes,36.08616389,-92.94971111,Non-Intersection,Daylight,Clear,7:00am-7:59am,43,8:00am-8:59am,0,Unknown,Unknown EMS Hospital Arrival Time,1,Daylight,Clear,1,3,['Driver'],['Shoulder_Lapbelt'],0,0,Valid,0.0,0.0,45.0,41.0,"['Male', 'Female']",0,0,3,4,5,Dry,Curve,Level,Lowest,No
2150,5,Arkansas,50007,0,2,2,0,2,NOT APPLICABLE,January,10,Tuesday,18,53,Rural,Medium Speed (Collector),No,34.50845833,-92.538925,Non-Intersection,Dark - Not Lighted,Clear,6:00pm-6:59pm,54,7:00pm-7:59pm,15,Unknown,Unknown EMS Hospital Arrival Time,1,Dark - Unlighted,Clear,1,1,['Driver'],['None_Used'],0,0,Valid,0.0,0.0,60.0,57.0,"['Male', 'Male']",0,0,5,4,5,Dry,Curve,Level,Lowest,No
2151,5,Arkansas,50008,0,2,2,0,3,NOT APPLICABLE,January,6,Friday,3,25,Rural,High Speed (Arterial),Yes,34.40029444,-92.37386389,Non-Intersection,Dark - Not Lighted,Clear,3:00am-3:59am,33,4:00am-4:59am,1,Unknown,Unknown EMS Hospital Arrival Time,2,Dark - Unlighted,Clear,2,1,"['Front_Passenger', 'Driver']","['Shoulder_Lapbelt', 'Shoulder_Lapbelt']",0,0,Invalid,0.0,0.0,61.0,32.0,"['Male', 'Male']",2,0,3,4,5,Dry,Straight,Grade/Hillcrest,Lowest,No
2152,5,Arkansas,50009,0,1,1,0,2,MENA,January,12,Thursday,8,25,Urban,Medium Speed (Collector),No,34.57853333,-94.22258611,Non-Intersection,Daylight,Cloudy,8:00am-8:59am,30,8:00am-8:59am,36,Unknown,Unknown EMS Hospital Arrival Time,1,Daylight,Reduced Visibility,1,1,['Driver'],['None_Used'],1,1,Valid,0.0,0.0,46.0,46.0,['Male'],0,0,5,4,2,Dry,Curve,Level,Lowest,No
2153,5,Arkansas,50010,0,1,1,0,1,NOT APPLICABLE,January,14,Saturday,14,15,Rural,Medium Speed (Collector),No,36.27154444,-93.81089722,Non-Intersection,Daylight,Clear,2:00pm-2:59pm,18,2:00pm-2:59pm,41,Not Applicable (Not Transported),Not Applicable (Not Transported),1,Daylight,Clear,1,0,['Driver'],['None_Used'],0,0,Valid,0.0,0.0,74.0,74.0,['Male'],0,0,5,4,3,Dry,Curve,Level,Lowest,No
2154,5,Arkansas,50011,0,1,1,0,2,TEXARKANA,January,9,Monday,3,15,Urban,High Speed (Arterial),Yes,33.43998611,-94.04308611,Non-Intersection,Dark - Lighted,Clear,3:00am-3:59am,17,3:00am-3:59am,20,Unknown,Unknown EMS Hospital Arrival Time,2,Dark - Lighted,Clear,2,0,"['Driver', 'Front_Passenger']","['None_Used', 'Shoulder_Lapbelt']",1,1,Valid,0.0,0.0,20.0,20.0,['Male'],2,0,2,4,2,Dry,Straight,Grade/Hillcrest,Lowest,No
2155,5,Arkansas,50012,1,1,1,0,1,JONESBORO,January,15,Sunday,14,20,Urban,High Speed (Arterial),Yes,35.84520556,-90.68538333,Complex/Circle,Daylight,Clear,2:00pm-2:59pm,24,2:00pm-2:59pm,31,Unknown,Unknown EMS Hospital Arrival Time,1,Daylight,Clear,0,1,[],[],0,0,Valid,0.0,2.0,62.0,62.0,['Male'],0,0,3,3,4,Dry,Straight,Level,Lowest,No
2156,5,Arkansas,50013,0,1,1,0,1,NOT APPLICABLE,January,12,Thursday,20,27,Urban,High Speed (Arterial),Yes,34.88474722,-92.37811389,Non-Intersection,Dark - Not Lighted,Clear,Unknown,Unknown,Unknown EMS Scene Arrival Hour,Unknown EMS Scene Arrival Minutes,Not Applicable (Not Transported),Not Applicable (Not Transported),1,Dark - Unlighted,Clear,1,0,['Driver'],['Shoulder_Lapbelt'],1,1,Invalid,1.0,0.0,37.0,37.0,['Male'],1,0,3,4,3,Dry,Curve,Level,Lowest,No
2157,5,Arkansas,50014,0,2,2,0,5,LITTLE ROCK,January,16,Monday,19,20,Urban,Medium Speed (Collector),No,34.67719444,-92.40892778,Non-Intersection,Dark - Not Lighted,Clear,7:00pm-7:59pm,21,7:00pm-7:59pm,30,Unknown,Unknown EMS Hospital Arrival Time,2,Dark - Unlighted,Clear,2,3,"['Driver', 'Rear_Seat']","['None_Used', 'None_Used']",0,0,Valid,1.0,0.0,46.0,34.0,"['Female', 'Male']",0,0,5,4,5,Dry,Straight,Non-Trafficway,Lowest,Yes
2158,5,Arkansas,50015,0,1,1,0,1,CENTERTON,January,21,Saturday,12,31,Urban,Medium Speed (Collector),No,36.37346389,-94.26615,Non-Intersection,Daylight,Cloudy,12:00pm-12:59pm,33,12:00pm-12:59pm,39,Not Applicable (Not Transported),Not Applicable (Not Transported),1,Daylight,Reduced Visibility,1,0,['Driver'],['Shoulder_Lapbelt'],0,0,Valid,0.0,0.0,70.0,70.0,['Male'],1,0,4,4,3,Dry,Curve,Grade/Hillcrest,Lowest,No
2159,5,Arkansas,50016,1,1,1,0,1,LITTLE ROCK,January,10,Tuesday,19,35,Urban,Medium Speed (Collector),No,34.75493056,-92.35878056,Non-Intersection,Dark - Not Lighted,Clear,Unknown,Unknown,Unknown EMS Scene Arrival Hour,Unknown EMS Scene Arrival Minutes,Not Applicable (Not Transported),Not Applicable (Not Transported),1,Dark - Unlighted,Clear,0,1,[],[],0,0,Valid,0.0,0.0,28.0,28.0,['Female'],0,0,3,4,4,Dry,Straight,Grade/Hillcrest,Lowest,No
2160,5,Arkansas,50017,0,2,2,0,3,BRYANT,January,3,Tuesday,13,29,Urban,High Speed (Arterial),Yes,34.61756667,-92.50135,Non-Intersection,Daylight,Clear,1:00pm-1:59pm,30,1:00pm-1:59pm,37,Unknown,Unknown EMS Hospital Arrival Time,1,Daylight,Clear,1,2,['Front_Passenger'],['Shoulder_Lapbelt'],0,0,Valid,1.0,0.0,55.0,30.0,"['Male', 'Female']",0,0,2,4,5,Dry,Straight,Level,Medium,No
2161,5,Arkansas,50018,0,2,2,0,5,NOT APPLICABLE,January,13,Friday,17,39,Rural,Medium Speed (Collector),No,34.73818889,-92.56904722,Complex/Circle,Dusk,Clear,5:00pm-5:59pm,44,5:00pm-5:59pm,53,Unknown,Unknown EMS Hospital Arrival Time,1,Twilight,Clear,1,4,['Rear_Seat'],['Shoulder_Lapbelt'],0,0,Valid,0.0,0.0,30.0,18.0,"['Male', 'Male']",0,0,3,4,5,Dry,Straight,Level,Lowest,No
2162,5,Arkansas,50019,0,1,1,0,1,NOT APPLICABLE,January,17,Tuesday,20,50,Rural,Medium Speed (Collector),No,35.47781389,-93.40551111,Non-Intersection,Dark - Not Lighted,Clear,Unknown,Unknown,Unknown EMS Scene Arrival Hour,Unknown EMS Scene Arrival Minutes,Unknown,Unknown EMS Hospital Arrival Time,1,Dark - Unlighted,Clear,1,0,['Driver'],['None_Used'],0,0,Valid,0.0,0.0,16.0,16.0,['Female'],0,0,3,4,3,Dry,Straight,Level,Lowest,No
2163,5,Arkansas,50020,0,1,1,0,1,NOT APPLICABLE,January,23,Monday,11,22,Rural,Medium Speed (Collector),No,35.99127222,-94.00754722,Non-Intersection,Daylight,Clear,11:00am-11:59am,28,11:00am-11:59am,39,Unknown,Unknown EMS Hospital Arrival Time,1,Daylight,Clear,1,0,['Driver'],['Shoulder_Lapbelt'],0,0,Valid,0.0,0.0,83.0,83.0,['Female'],0,0,2,4,3,Dry,Straight,Level,Lowest,No
2164,5,Arkansas,50021,1,3,3,0,4,LITTLE ROCK,January,25,Wednesday,18,49,Urban,Medium Speed (Collector),No,34.66868056,-92.33333889,Simple Junction,Dark - Lighted,Clear,6:00pm-6:59pm,49,6:00pm-6:59pm,49,Unknown,Unknown EMS Hospital Arrival Time,1,Dark - Lighted,Clear,0,4,[],[],0,0,Invalid,0.0,0.0,57.0,18.0,"['Male', 'Male', 'Male']",0,0,3,4,5,Dry,Straight,Level,Lowest,No
2165,5,Arkansas,50022,0,2,2,0,2,NOT APPLICABLE,January,14,Saturday,4,50,Rural,High Speed (Arterial),Yes,35.14350278,-90.11496111,Non-Intersection,Dark - Not Lighted,Clear,4:00am-4:59am,55,5:00am-5:59am,10,Unknown,Unknown EMS Hospital Arrival Time,1,Dark - Unlighted,Clear,1,1,['Driver'],['Shoulder_Lapbelt'],1,1,Valid,0.0,0.0,50.0,40.0,"['Male', 'Male']",0,0,4,4,5,Dry,Straight,Grade/Hillcrest,Lowest,No
2166,5,Arkansas,50023,0,1,1,0,1,NOT APPLICABLE,January,16,Monday,1,33,Rural,Medium Speed (Collector),No,33.77273333,-91.27514167,Non-Intersection,Dark - Not Lighted,Clear,Not Applicable (Not Notified),Not Applicable (Not Notified),Not Applicable,Not Applicable,Not Applicable (Not Transported),Not Applicable (Not Transported),1,Dark - Unlighted,Clear,1,0,['Driver'],['None_Used'],0,0,Valid,0.0,2.0,39.0,39.0,['Male'],1,0,3,4,3,Dry,Straight,Level,Lowest,No
2167,5,Arkansas,50024,0,1,1,0,1,PINE BLUFF,January,26,Thursday,18,30,Urban,Low Speed (Local),No,34.24487222,-92.02568056,Non-Intersection,Dark - Lighted,Clear,7:00pm-7:59pm,18,7:00pm-7:59pm,24,Not Applicable (Not Transported),Not Applicable (Not Transported),1,Dark - Lighted,Clear,1,0,['Driver'],['None_Used'],1,1,Valid,0.0,0.0,43.0,43.0,['Male'],0,0,3,4,2,Dry,Straight,Level,Lowest,No
2168,5,Arkansas,50025,0,2,2,0,2,NOT APPLICABLE,January,20,Friday,19,35,Rural,High Speed (Arterial),Yes,34.15606944,-92.4041,Non-Intersection,Dark - Not Lighted,Clear,7:00pm-7:59pm,38,7:00pm-7:59pm,43,Unknown,Unknown EMS Hospital Arrival Time,2,Dark - Unlighted,Clear,2,0,"['Driver', 'Driver']","['Shoulder_Lapbelt', 'Shoulder_Lapbelt']",0,0,Valid,1.0,0.0,76.0,61.0,"['Female', 'Female']",0,0,3,4,5,Dry,Straight,Level,Lowest,No
2169,5,Arkansas,50026,0,1,1,0,1,NOT APPLICABLE,January,27,Friday,6,2,Rural,High Speed (Arterial),Yes,35.43259167,-92.39014167,Non-Intersection,Dark - Not Lighted,Clear,Unknown,Unknown,Unknown EMS Scene Arrival Hour,Unknown EMS Scene Arrival Minutes,Not Applicable (Not Transported),Not Applicable (Not Transported),1,Dark - Unlighted,Clear,1,0,['Driver'],['None_Used'],0,0,Valid,0.0,1.0,19.0,19.0,['Male'],0,0,3,4,3,Dry,Straight,Level,Lowest,No
2170,5,Arkansas,50027,0,1,1,0,1,NOT APPLICABLE,January,21,Saturday,11,15,Rural,Medium Speed (Collector),No,34.47455,-92.53835556,Non-Intersection,Daylight,Clear,Unknown,Unknown,Unknown EMS Scene Arrival Hour,Unknown EMS Scene Arrival Minutes,Not Applicable (Not Transported),Not Applicable (Not Transported),1,Daylight,Clear,1,0,['Driver'],['None_Used'],1,1,Invalid,0.0,0.0,21.0,21.0,['Male'],0,0,3,4,3,Dry,Curve,Level,Lowest,No
2171,5,Arkansas,50028,0,1,1,0,1,NOT APPLICABLE,January,30,Monday,4,35,Rural,Medium Speed (Collector),No,36.39941944,-94.03473333,Non-Intersection,Dark - Not Lighted,Freezing Rain or Drizzle,4:00am-4:59am,40,4:00am-4:59am,56,Not Applicable (Not Transported),Not Applicable (Not Transported),1,Dark - Unlighted,Snow/Ice/Severe,1,0,['Driver'],['Shoulder_Lapbelt'],0,0,Valid,0.0,0.0,60.0,60.0,['Male'],1,0,4,4,3,Icy/Snowy,Curve,Level,Lowest,No
2172,5,Arkansas,50029,0,2,2,0,2,LITTLE ROCK,January,30,Monday,21,40,Urban,Medium Speed (Collector),No,34.78463056,-92.40196389,Non-Intersection,Dark - Unknown Lighting,Rain,9:00pm-9:59pm,43,9:00pm-9:59pm,45,Unknown,Unknown EMS Hospital Arrival Time,1,Dark - Unlighted,Rain/Wind/Minor,1,1,['Driver'],['Shoulder_Lapbelt'],1,1,Valid,0.0,0.0,53.0,18.0,"['Male', 'Male']",0,0,3,4,5,Wet/Standing Water,Straight,Level,Lowest,No
2173,5,Arkansas,50030,1,1,1,0,1,TUCKERMAN,January,7,Saturday,12,5,Rural,Medium Speed (Collector),No,35.70995833,-91.21238611,Non-Intersection,Daylight,Rain,12:00pm-12:59pm,17,12:00pm-12:59pm,24,Unknown,Unknown EMS Hospital Arrival Time,1,Daylight,Rain/Wind/Minor,0,1,[],[],0,0,Valid,1.0,0.0,16.0,16.0,['Male'],0,0,3,2,4,Wet/Standing Water,Straight,Level,Lowest,No
2174,5,Arkansas,50031,0,2,2,0,3,CLARKSVILLE,February,1,Wednesday,10,32,Urban,Medium Speed (Collector),No,35.426175,-93.52953056,Complex/Circle,Daylight,Cloudy,Unknown,Unknown,Unknown EMS Scene Arrival Hour,Unknown EMS Scene Arrival Minutes,Not Applicable (Not Transported),Not Applicable (Not Transported),2,Daylight,Reduced Visibility,2,1,"['Driver', 'Front_Passenger']","['None_Used', 'None_Used']",0,0,Valid,0.0,1.0,46.0,33.0,"['Male', 'Male']",0,0,4,4,5,Wet/Standing Water,Straight,Level,Lowest,No
2175,5,Arkansas,50032,0,1,1,0,1,BELLA VISTA,January,15,Sunday,21,0,Urban,Medium Speed (Collector),No,36.47313611,-94.29229444,Non-Intersection,Dark - Not Lighted,Cloudy,9:00pm-9:59pm,8,9:00pm-9:59pm,11,Not Applicable (Not Transported),Not Applicable (Not Transported),1,Dark - Unlighted,Reduced Visibility,1,0,['Driver'],['Shoulder_Lapbelt'],1,1,Valid,0.0,0.0,51.0,51.0,['Male'],0,0,3,4,2,Dry,Curve,Level,Lowest,No
2176,5,Arkansas,50033,0,1,1,0,1,NOT APPLICABLE,February,4,Saturday,5,0,Rural,Medium Speed (Collector),No,34.01801667,-93.9778,Non-Intersection,Dark - Not Lighted,Clear,5:00am-5:59am,12,5:00am-5:59am,28,Not Applicable (Not Transported),Not Applicable (Not Transported),1,Dark - Unlighted,Clear,1,0,['Driver'],['None_Used'],1,1,Valid,0.0,0.0,34.0,34.0,['Female'],0,0,2,4,3,Dry,Curve,Grade/Hillcrest,Lowest,No
2177,5,Arkansas,50034,1,1,1,0,1,LITTLE ROCK,February,4,Saturday,23,5,Urban,Medium Speed (Collector),No,34.73998333,-92.30571667,Complex/Circle,Dark - Lighted,Cloudy,11:00pm-11:59pm,5,11:00pm-11:59pm,10,Unknown,Unknown EMS Hospital Arrival Time,1,Dark - Lighted,Reduced Visibility,0,1,[],[],1,1,Valid,0.0,0.0,70.0,70.0,['Male'],0,0,3,2,4,Dry,Straight,Level,Lowest,No
2178,5,Arkansas,50035,0,3,3,0,4,NOT APPLICABLE,February,4,Saturday,17,20,Rural,High Speed (Arterial),Yes,36.13237778,-93.67961111,Simple Junction,Dusk,Clear,5:00pm-5:59pm,26,5:00pm-5:59pm,34,Not Applicable (Not Transported),Not Applicable (Not Transported),1,Twilight,Clear,1,3,['Driver'],['Shoulder_Lapbelt'],0,0,Valid,0.0,0.0,63.0,33.0,"['Male', 'Male', 'Female']",0,0,4,4,5,Dry,Curve,Grade/Hillcrest,Lowest,No
2179,5,Arkansas,50036,0,1,1,0,1,LITTLE ROCK,February,6,Monday,9,8,Urban,Medium Speed (Collector),No,34.70813611,-92.28105,Non-Intersection,Daylight,Clear,9:00am-9:59am,10,9:00am-9:59am,15,Unknown,Unknown EMS Hospital Arrival Time,1,Daylight,Clear,1,0,['Driver'],['None_Used'],0,0,Valid,0.0,0.0,43.0,43.0,['Male'],0,0,2,4,3,Dry,Straight,Level,Lowest,No