,State_Code,State_Name,Crash_ID,Count_Non_Motorists,Count_Vehicles_Total,Count_Vehicle_Forms,Count_PVH_Involved,Count_Occupants_MV,City_Name,Month_Name,Day_of_Month,Day_of_Week,Crash_Hour,Crash_Minute,Area_Rural_Urban,Road_Functional_Class,On_NHS_Road,Latitude,Longitude,Intersection_Type,Light_Condition,Weather_Condition,Notif_Hour,Notif_Minute,Arrival_Hour,Arrival_Minute,Hospital_Hour,Hospital_Minute,Fatalities_Count,Clean_Light_Condition,Clean_Weather_Condition,Total_Killed,Total_Alive,Fatal_Seats_List,Killed_Restraint_List,Any_Driver_Drinking,Total_Drinking_Drivers,Driver_License_Category,Driver_Max_Prev_Accident_Count,Driver_Max_Prev_Speeding_Count,Max_Driver_Age,Min_Driver_Age,Driver_Sex_List,Total_Exceeding_Limit_Vehicles,Total_Too_Fast_Vehicles,Max_Vehicle_Type_Severity_5,Max_Vehicle_Damage_Rank,Max_Harmful_Event_Severity,Crash_Road_Surface_Condition,Crash_Horizontal_Alignment,Crash_Vertical_Profile,Crash_Impairment_Category,Crash_Vehicle_Defect
2180,5,Arkansas,50037,0,1,1,0,1,NOT APPLICABLE,February,7,Tuesday,13,5,Rural,Medium Speed (Collector),No,34.979275,-91.58783889,Non-Intersection,Daylight,Cloudy,1:00pm-1:59pm,5,1:00pm-1:59pm,12,Not Applicable (Not Transported),Not Applicable (Not Transported),1,Daylight,Reduced Visibility,1,0,['Driver'],['Shoulder_Lapbelt'],0,0,Valid,0.0,1.0,64.0,64.0,['Male'],0,0,3,4,3,Dry,Curve,Level,Lowest,No
2181,5,Arkansas,50038,0,2,2,0,2,NOT APPLICABLE,January,11,Wednesday,12,12,Rural,High Speed (Arterial),Yes,36.41186111,-90.66710833,Non-Intersection,Daylight,Clear,12:00pm-12:59pm,18,12:00pm-12:59pm,26,Unknown,Unknown EMS Hospital Arrival Time,1,Daylight,Clear,1,1,['Driver'],['Shoulder_Lapbelt'],0,0,Valid,0.0,0.0,88.0,72.0,"['Male', 'Male']",0,0,3,4,5,Dry,Straight,Level,Lowest,No
2182,5,Arkansas,50039,0,1,1,0,1,JONESBORO,January,24,Tuesday,1,40,Urban,Medium Speed (Collector),No,35.82683889,-90.65902222,Non-Intersection,Dark - Not Lighted,Clear,1:00am-1:59am,50,1:00am-1:59am,57,Not Applicable (Not Transported),Not Applicable (Not Transported),1,Dark - Unlighted,Clear,1,0,['Driver'],['None_Used'],0,0,Valid,0.0,0.0,67.0,67.0,['Male'],0,0,3,4,3,Dry,Straight,Level,Lowest,No
2183,5,Arkansas,50040,0,1,1,0,1,NOT APPLICABLE,February,5,Sunday,0,30,Rural,High Speed (Arterial),Yes,36.11772778,-90.50989722,Non-Intersection,Dark - Lighted,Clear,0:00am-0:59am,33,0:00am-0:59am,38,Not Applicable (Not Transported),Not Applicable (Not Transported),1,Dark - Lighted,Clear,1,0,['Driver'],['None_Used'],0,0,Invalid,0.0,0.0,28.0,28.0,['Male'],1,0,3,4,3,Dry,Curve,Level,Lowest,No
2184,5,Arkansas,50041,1,1,1,0,6,SPRINGDALE,February,10,Friday,18,40,Urban,High Speed (Arterial),Yes,36.17188056,-94.13905556,Non-Intersection,Dark - Lighted,Clear,6:00pm-6:59pm,45,6:00pm-6:59pm,51,Unknown,Unknown EMS Hospital Arrival Time,1,Dark - Lighted,Clear,0,6,[],[],0,0,Valid,0.0,0.0,46.0,46.0,['Female'],0,0,3,3,4,Dry,Straight,Level,Lowest,No
2185,5,Arkansas,50042,0,1,1,0,1,NOT APPLICABLE,January,20,Friday,22,33,Rural,Medium Speed (Collector),No,34.61458333,-92.55933333,Non-Intersection,Dark - Not Lighted,Clear,10:00pm-10:59pm,34,10:00pm-10:59pm,42,Not Applicable (Not Transported),Not Applicable (Not Transported),1,Dark - Unlighted,Clear,1,0,['Driver'],['Shoulder_Lapbelt'],1,1,Valid,0.0,1.0,23.0,23.0,['Male'],1,0,3,4,2,Wet/Standing Water,Straight,Grade/Hillcrest,Lowest,No
2186,5,Arkansas,50043,0,1,1,0,2,NOT APPLICABLE,January,29,Sunday,22,27,Rural,Medium Speed (Collector),No,34.57821944,-92.32678056,Non-Intersection,Dark - Not Lighted,Rain,10:00pm-10:59pm,28,10:00pm-10:59pm,36,Unknown,Unknown EMS Hospital Arrival Time,1,Dark - Unlighted,Rain/Wind/Minor,1,1,['Driver'],['None_Used'],0,0,Valid,0.0,0.0,21.0,21.0,['Male'],2,0,3,4,3,Wet/Standing Water,Curve,Grade/Hillcrest,Lowest,No
2187,5,Arkansas,50044,1,1,1,0,1,NOT APPLICABLE,February,7,Tuesday,6,34,Rural,High Speed (Arterial),Yes,33.64769167,-94.10553889,Non-Intersection,Dark - Lighted,Clear,Unknown,Unknown,Unknown EMS Scene Arrival Hour,Unknown EMS Scene Arrival Minutes,Not Applicable (Not Transported),Not Applicable (Not Transported),1,Dark - Lighted,Clear,0,1,[],[],0,0,Valid,0.0,0.0,61.0,61.0,['Male'],0,0,1,4,4,Dry,Straight,Level,Lowest,No
2188,5,Arkansas,50045,0,2,2,0,3,NOT APPLICABLE,January,26,Thursday,18,35,Rural,High Speed (Arterial),Yes,35.79611944,-94.18950278,Non-Intersection,Dark - Not Lighted,Cloudy,6:00pm-6:59pm,35,6:00pm-6:59pm,52,Unknown,Unknown EMS Hospital Arrival Time,1,Dark - Unlighted,Reduced Visibility,1,2,['Front_Passenger'],['None_Used'],1,1,Valid,0.0,0.0,28.0,22.0,"['Male', 'Male']",1,0,3,4,5,Wet/Standing Water,Straight,Level,Lowest,No
2189,5,Arkansas,50047,0,1,1,0,1,NOT APPLICABLE,February,8,Wednesday,21,15,Rural,Medium Speed (Collector),No,34.47869167,-91.51534722,Non-Intersection,Dark - Not Lighted,Reported as Unknown,0:00am-0:59am,59,1:00am-1:59am,10,Not Applicable (Not Transported),Not Applicable (Not Transported),1,Dark - Unlighted,Clear,1,0,['Driver'],['Shoulder_Lapbelt'],1,1,Valid,1.0,0.0,18.0,18.0,['Female'],0,0,3,4,3,Wet/Standing Water,Straight,Level,Lowest,No
2190,5,Arkansas,50048,0,1,1,0,1,WEST MEMPHIS,February,15,Wednesday,17,25,Urban,Medium Speed (Collector),No,35.136075,-90.19362778,Non-Intersection,Daylight,Clear,5:00pm-5:59pm,30,5:00pm-5:59pm,34,Unknown,Unknown EMS Hospital Arrival Time,1,Daylight,Clear,1,0,['Driver'],['None_Used'],0,0,Valid,1.0,1.0,44.0,44.0,['Male'],0,0,5,4,2,Dry,Straight,Level,Lowest,No
2191,5,Arkansas,50049,0,2,2,0,5,NOT APPLICABLE,January,10,Tuesday,10,20,Rural,High Speed (Arterial),Yes,35.153,-90.07174444,Non-Intersection,Daylight,Clear,10:00am-10:59am,41,10:00am-10:59am,52,Unknown,Unknown EMS Hospital Arrival Time,1,Daylight,Clear,1,4,['Rear_Seat'],['Child_Safety'],0,0,Valid,0.0,2.0,29.0,24.0,"['Female', 'Male']",0,0,2,4,5,Dry,Straight,Grade/Hillcrest,Lowest,Yes
2192,5,Arkansas,50050,1,1,1,0,1,NOT APPLICABLE,January,16,Monday,19,10,Rural,High Speed (Arterial),Yes,35.54348611,-90.49573889,Non-Intersection,Dark - Not Lighted,Clear,Not Applicable (Not Notified),Not Applicable (Not Notified),Not Applicable,Not Applicable,Not Applicable (Not Transported),Not Applicable (Not Transported),1,Dark - Unlighted,Clear,0,1,[],[],0,0,Valid,0.0,1.0,35.0,35.0,['Male'],0,0,2,3,4,Dry,Straight,Level,Lowest,No
2193,5,Arkansas,50051,0,2,2,0,2,NOT APPLICABLE,February,4,Saturday,7,43,Rural,Medium Speed (Collector),No,35.83069444,-91.73391944,Non-Intersection,Daylight,Cloudy,7:00am-7:59am,45,8:00am-8:59am,1,Unknown,Unknown EMS Hospital Arrival Time,1,Daylight,Reduced Visibility,1,1,['Driver'],['Shoulder_Lapbelt'],0,0,Valid,0.0,0.0,69.0,32.0,"['Male', 'Male']",0,0,3,4,5,Dry,Curve,Level,Lowest,No
2194,5,Arkansas,50052,0,1,1,0,1,LITTLE ROCK,February,19,Sunday,8,49,Urban,Medium Speed (Collector),No,34.65391667,-92.42707778,Non-Intersection,Daylight,Clear,Not Applicable (Not Notified),Not Applicable (Not Notified),Not Applicable,Not Applicable,Not Applicable (Not Transported),Not Applicable (Not Transported),1,Daylight,Clear,1,0,['Driver'],['Shoulder_Lapbelt'],0,0,Invalid,0.0,0.0,68.0,68.0,['Female'],0,0,3,4,3,Dry,Curve,Level,Lowest,No
2195,5,Arkansas,50053,0,1,1,0,1,NOT APPLICABLE,February,16,Thursday,6,45,Rural,High Speed (Arterial),Yes,34.82091667,-92.33844722,Non-Intersection,Dawn,Rain,Unknown,Unknown,Unknown EMS Scene Arrival Hour,Unknown EMS Scene Arrival Minutes,Not Applicable (Not Transported),Not Applicable (Not Transported),1,Twilight,Rain/Wind/Minor,1,0,['Driver'],['None_Used'],0,0,Invalid,0.0,0.0,26.0,26.0,['Male'],0,0,3,4,3,Wet/Standing Water,Straight,Grade/Hillcrest,Lowest,No
2196,5,Arkansas,50054,0,1,1,0,1,NOT APPLICABLE,January,18,Wednesday,11,38,Rural,Medium Speed (Collector),No,35.96666111,-91.52125278,Non-Intersection,Daylight,Rain,11:00am-11:59am,40,11:00am-11:59am,52,Unknown,Unknown EMS Hospital Arrival Time,1,Daylight,Rain/Wind/Minor,1,0,['Driver'],['None_Used'],0,0,Valid,0.0,0.0,31.0,31.0,['Male'],1,0,1,4,3,Wet/Standing Water,Curve,Level,Lowest,No
2197,5,Arkansas,50055,0,2,2,0,2,NOT APPLICABLE,February,5,Sunday,10,13,Rural,High Speed (Arterial),No,34.94041389,-92.16456111,Complex/Circle,Daylight,Clear,10:00am-10:59am,14,10:00am-10:59am,23,Unknown,Unknown EMS Hospital Arrival Time,1,Daylight,Clear,1,1,['Driver'],['Shoulder_Lapbelt'],0,0,Valid,0.0,0.0,80.0,66.0,"['Male', 'Male']",0,0,3,4,5,Dry,Straight,Level,Lowest,No
2198,5,Arkansas,50056,1,1,1,0,1,LITTLE ROCK,February,8,Wednesday,5,50,Urban,High Speed (Arterial),Yes,34.74700556,-92.40101944,Complex/Circle,Dawn,Rain,5:00am-5:59am,53,5:00am-5:59am,55,Unknown,Unknown EMS Hospital Arrival Time,1,Twilight,Rain/Wind/Minor,0,1,[],[],0,0,Valid,0.0,0.0,39.0,39.0,['Male'],0,0,2,3,4,Wet/Standing Water,Curve,Grade/Hillcrest,Lowest,No
2199,5,Arkansas,50058,1,1,1,0,3,BENTON,January,15,Sunday,5,35,Urban,High Speed (Arterial),Yes,34.59867778,-92.552,Non-Intersection,Dark - Not Lighted,Clear,6:00am-6:59am,51,7:00am-7:59am,0,Not Applicable (Not Transported),Not Applicable (Not Transported),1,Dark - Unlighted,Clear,0,3,[],[],0,0,Valid,0.0,1.0,28.0,28.0,['Female'],0,0,3,3,4,Dry,Straight,Level,Lowest,No
2200,5,Arkansas,50059,0,1,1,0,2,NOT APPLICABLE,January,10,Tuesday,2,18,Rural,Medium Speed (Collector),No,34.83891667,-91.295125,Non-Intersection,Dark - Not Lighted,Clear,2:00am-2:59am,22,3:00am-3:59am,0,Unknown,Unknown EMS Hospital Arrival Time,1,Dark - Unlighted,Clear,1,1,['Driver'],['None_Used'],0,0,Valid,1.0,0.0,25.0,25.0,['Female'],0,0,3,4,3,Dry,Straight,Level,Lowest,No
2201,5,Arkansas,50060,0,1,1,0,1,NOT APPLICABLE,February,17,Friday,4,31,Rural,High Speed (Arterial),Yes,35.28523611,-91.65696944,Non-Intersection,Dark - Not Lighted,Clear,4:00am-4:59am,50,4:00am-4:59am,58,Not Applicable (Not Transported),Not Applicable (Not Transported),1,Dark - Unlighted,Clear,1,0,['Driver'],['Shoulder_Lapbelt'],0,0,Valid,1.0,0.0,31.0,31.0,['Male'],0,0,4,4,3,Dry,Straight,Grade/Hillcrest,Lowest,No
2202,5,Arkansas,50061,1,1,1,0,1,NEWPORT,February,21,Tuesday,18,12,Urban,Medium Speed (Collector),No,35.60930556,-91.26000278,Non-Intersection,Dusk,Clear,6:00pm-6:59pm,12,6:00pm-6:59pm,16,Unknown,Unknown EMS Hospital Arrival Time,1,Twilight,Clear,0,1,[],[],0,0,Valid,0.0,0.0,40.0,40.0,['Male'],0,0,3,3,4,Dry,Straight,Level,Lowest,No
2203,5,Arkansas,50062,0,1,1,0,1,NOT APPLICABLE,February,22,Wednesday,12,10,Rural,High Speed (Arterial),Yes,34.44193333,-92.77479167,Non-Intersection,Daylight,Rain,Unknown,Unknown,Unknown EMS Scene Arrival Hour,Unknown EMS Scene Arrival Minutes,Not Applicable (Not Transported),Not Applicable (Not Transported),1,Daylight,Rain/Wind/Minor,1,0,['Driver'],['None_Used'],0,0,Valid,0.0,0.0,44.0,44.0,['Male'],1,0,4,4,3,Wet/Standing Water,Straight,Level,Lowest,No
2204,5,Arkansas,50063,1,1,1,0,3,HOPE,February,19,Sunday,2,7,Urban,High Speed (Arterial),Yes,33.67914722,-93.61386111,Non-Intersection,Dark - Not Lighted,Clear,2:00am-2:59am,8,2:00am-2:59am,19,Unknown,Unknown EMS Hospital Arrival Time,1,Dark - Unlighted,Clear,0,3,[],[],0,0,Valid,0.0,0.0,59.0,59.0,['Female'],0,0,2,4,4,Dry,Straight,Level,Lowest,No
2205,5,Arkansas,50064,0,1,1,0,1,NOT APPLICABLE,February,19,Sunday,23,35,Urban,Medium Speed (Collector),No,36.41464444,-94.1205,Non-Intersection,Dark - Not Lighted,Clear,11:00pm-11:59pm,39,11:00pm-11:59pm,53,Unknown,Unknown EMS Hospital Arrival Time,1,Dark - Unlighted,Clear,1,0,['Driver'],['None_Used'],1,1,Valid,0.0,0.0,43.0,43.0,['Male'],0,0,3,4,2,Dry,Curve,Grade/Hillcrest,Lowest,No
2206,5,Arkansas,50065,0,2,2,0,3,NOT APPLICABLE,February,17,Friday,15,15,Rural,Medium Speed (Collector),No,33.89590556,-93.24035,Non-Intersection,Daylight,Clear,3:00pm-3:59pm,19,3:00pm-3:59pm,30,Unknown,Unknown EMS Hospital Arrival Time,1,Daylight,Clear,1,2,['Front_Passenger'],['Shoulder_Lapbelt'],1,1,Invalid,3.0,0.0,58.0,49.0,"['Female', 'Male']",0,0,4,4,5,Dry,Straight,Non-Trafficway,Lowest,No
2207,5,Arkansas,50066,0,1,1,0,2,NOT APPLICABLE,February,17,Friday,22,38,Rural,Medium Speed (Collector),No,34.306625,-93.20235556,Non-Intersection,Dark - Not Lighted,Clear,10:00pm-10:59pm,38,10:00pm-10:59pm,50,Not Applicable (Not Transported),Not Applicable (Not Transported),2,Dark - Unlighted,Clear,2,0,"['Driver', 'Front_Passenger']","['None_Used', 'None_Used']",1,1,Valid,0.0,1.0,43.0,43.0,['Male'],2,0,2,4,3,Dry,Curve,Level,Lowest,No
2208,5,Arkansas,50067,0,1,1,0,1,NOT APPLICABLE,February,22,Wednesday,5,5,Rural,High Speed (Arterial),Yes,34.83912778,-92.16117778,Non-Intersection,Dark - Not Lighted,Clear,Unknown,Unknown,Unknown EMS Scene Arrival Hour,Unknown EMS Scene Arrival Minutes,Not Applicable (Not Transported),Not Applicable (Not Transported),1,Dark - Unlighted,Clear,1,0,['Driver'],['None_Used'],1,1,Valid,0.0,0.0,41.0,41.0,['Male'],0,0,2,4,3,Dry,Straight,Level,Lowest,No
2209,5,Arkansas,50068,0,2,2,0,3,NOT APPLICABLE,January,5,Thursday,1,59,Rural,High Speed (Arterial),Yes,35.061575,-90.68076111,Non-Intersection,Dark - Not Lighted,Clear,1:00am-1:59am,59,2:00am-2:59am,15,Unknown,Unknown EMS Hospital Arrival Time,2,Dark - Unlighted,Clear,2,1,"['Driver', 'Front_Passenger']","['Shoulder_Lapbelt', 'Shoulder_Lapbelt']",1,1,Valid,1.0,0.0,31.0,18.0,"['Male', 'Female']",0,0,3,4,5,Dry,Straight,Level,Lowest,No
2210,5,Arkansas,50070,0,1,1,0,2,NOT APPLICABLE,February,26,Sunday,21,2,Rural,Medium Speed (Collector),No,34.58721389,-93.14547778,Non-Intersection,Dark - Not Lighted,"Fog, Smog, Smoke",9:00pm-9:59pm,2,9:00pm-9:59pm,18,Unknown,Unknown EMS Hospital Arrival Time,1,Dark - Unlighted,Reduced Visibility,1,1,['Driver'],['None_Used'],1,1,Valid,0.0,0.0,33.0,33.0,['Male'],2,0,3,4,3,Wet/Standing Water,Straight,Level,Lowest,Yes
2211,5,Arkansas,50071,0,2,2,0,3,NOT APPLICABLE,February,10,Friday,19,8,Rural,High Speed (Arterial),Yes,36.300075,-92.44715556,Non-Intersection,Dark - Not Lighted,Clear,7:00pm-7:59pm,8,7:00pm-7:59pm,21,Unknown,Unknown EMS Hospital Arrival Time,1,Dark - Unlighted,Clear,1,2,['Front_Passenger'],['Shoulder_Lapbelt'],0,0,Invalid,0.0,1.0,45.0,39.0,"['Male', 'Male']",0,0,3,4,5,Dry,Straight,Level,Lowest,No
2212,5,Arkansas,50072,0,1,1,0,1,FORT SMITH,January,11,Wednesday,3,51,Urban,High Speed (Arterial),No,35.38626389,-94.413725,Complex/Circle,Dark - Lighted,"Fog, Smog, Smoke",3:00am-3:59am,53,3:00am-3:59am,57,Not Applicable (Not Transported),Not Applicable (Not Transported),1,Dark - Lighted,Reduced Visibility,1,0,['Driver'],['None_Used'],1,1,Valid,0.0,0.0,37.0,37.0,['Male'],0,0,3,4,3,Dry,Straight,Level,Lowest,No
2213,5,Arkansas,50073,0,3,3,0,3,LITTLE ROCK,February,23,Thursday,18,59,Urban,Medium Speed (Collector),No,34.66889444,-92.33763611,Non-Intersection,Dark - Lighted,Clear,Unknown,Unknown,Unknown EMS Scene Arrival Hour,Unknown EMS Scene Arrival Minutes,Not Applicable (Not Transported),Not Applicable (Not Transported),1,Dark - Lighted,Clear,1,2,['Driver'],['None_Used'],0,0,Invalid,0.0,0.0,29.0,18.0,"['Male', 'Female', 'Female']",1,0,5,4,5,Dry,Straight,Grade/Hillcrest,Lowest,No
2214,5,Arkansas,50074,0,1,1,0,1,NOT APPLICABLE,March,4,Saturday,13,5,Rural,Low Speed (Local),No,36.32368056,-93.09098056,Non-Intersection,Daylight,Clear,1:00pm-1:59pm,7,1:00pm-1:59pm,19,Not Applicable (Not Transported),Not Applicable (Not Transported),1,Daylight,Clear,1,0,['Driver'],['None_Used'],0,0,Valid,0.0,0.0,29.0,29.0,['Male'],1,0,5,4,3,Dry,Curve,Grade/Hillcrest,Lowest,No
2215,5,Arkansas,50075,0,2,2,0,3,PARAGOULD,February,17,Friday,19,50,Urban,High Speed (Arterial),No,36.02706944,-90.55676389,Complex/Circle,Dark - Not Lighted,Clear,7:00pm-7:59pm,54,8:00pm-8:59pm,0,Unknown,Unknown EMS Hospital Arrival Time,1,Dark - Unlighted,Clear,1,2,['Front_Passenger'],['Shoulder_Lapbelt'],0,0,Valid,0.0,0.0,58.0,46.0,"['Female', 'Male']",0,0,4,4,5,Dry,Straight,Level,Lowest,No
2216,5,Arkansas,50076,0,1,1,0,1,NOT APPLICABLE,February,26,Sunday,14,0,Rural,Medium Speed (Collector),No,34.44976111,-90.78556944,Non-Intersection,Daylight,Cloudy,2:00pm-2:59pm,6,2:00pm-2:59pm,22,Not Applicable (Not Transported),Not Applicable (Not Transported),1,Daylight,Reduced Visibility,1,0,['Driver'],['None_Used'],0,0,Valid,0.0,0.0,46.0,46.0,['Male'],0,0,3,4,3,Dry,Straight,Level,Lowest,No
2217,5,Arkansas,50077,0,1,1,0,2,NOT APPLICABLE,March,2,Thursday,10,46,Rural,High Speed (Arterial),Yes,34.15529444,-92.40440833,Non-Intersection,Daylight,Cloudy,10:00am-10:59am,48,11:00am-11:59am,8,Unknown,Unknown EMS Hospital Arrival Time,1,Daylight,Reduced Visibility,1,1,['Driver'],['Shoulder_Lapbelt'],0,0,Valid,0.0,0.0,77.0,77.0,['Male'],0,0,3,4,3,Dry,Curve,Grade/Hillcrest,Lowest,No
2218,5,Arkansas,50078,0,2,2,0,3,NOT APPLICABLE,January,2,Monday,2,30,Rural,High Speed (Arterial),Yes,33.27381389,-91.18227778,Non-Intersection,Dark - Not Lighted,Cloudy,2:00am-2:59am,34,2:00am-2:59am,46,Unknown,Unknown EMS Hospital Arrival Time,1,Dark - Unlighted,Reduced Visibility,1,2,['Front_Passenger'],['None_Used'],1,2,Invalid,0.0,1.0,47.0,35.0,"['Male', 'Male']",0,0,3,4,5,Wet/Standing Water,Straight,Level,Lowest,No
2219,5,Arkansas,50079,0,2,2,0,4,LONOKE,March,2,Thursday,19,55,Rural,High Speed (Arterial),Yes,34.69666111,-92.09646944,Complex/Circle,Dark - Not Lighted,Rain,7:00pm-7:59pm,55,8:00pm-8:59pm,9,Unknown,Unknown EMS Hospital Arrival Time,1,Dark - Unlighted,Rain/Wind/Minor,1,3,['Rear_Seat'],['Shoulder_Lapbelt'],0,0,Invalid,0.0,0.0,46.0,21.0,"['Male', 'Male']",3,0,3,4,5,Wet/Standing Water,Curve,Level,Lowest,No
2220,5,Arkansas,50080,0,1,1,0,1,NOT APPLICABLE,February,24,Friday,10,57,Rural,Medium Speed (Collector),No,35.76502222,-91.93123333,Non-Intersection,Daylight,Cloudy,Not Applicable (Not Notified),Not Applicable (Not Notified),Not Applicable,Not Applicable,Not Applicable (Not Transported),Not Applicable (Not Transported),1,Daylight,Reduced Visibility,1,0,['Driver'],['None_Used'],0,0,Valid,0.0,0.0,74.0,74.0,['Male'],0,0,3,4,3,Dry,Curve,Grade/Hillcrest,Lowest,No
2221,5,Arkansas,50081,0,1,1,0,1,NOT APPLICABLE,March,6,Monday,13,22,Rural,Low Speed (Local),No,33.86623333,-94.17649167,Non-Intersection,Daylight,Clear,1:00pm-1:59pm,23,1:00pm-1:59pm,45,Not Applicable (Not Transported),Not Applicable (Not Transported),1,Daylight,Clear,1,0,['Driver'],['None_Used'],0,0,Valid,0.0,0.0,56.0,56.0,['Male'],0,0,5,4,3,Dry,Curve,Level,Lowest,No
2222,5,Arkansas,50082,0,2,2,0,4,BRYANT,March,8,Wednesday,19,50,Urban,Low Speed (Local),No,34.61486944,-92.507075,Simple Junction,Dark - Not Lighted,Clear,7:00pm-7:59pm,59,8:00pm-8:59pm,6,Unknown,Unknown EMS Hospital Arrival Time,1,Dark - Unlighted,Clear,1,3,['Driver'],['None_Used'],1,1,Valid,0.0,0.0,31.0,27.0,"['Female', 'Male']",1,0,2,4,5,Dry,Straight,Level,Lowest,No
2223,5,Arkansas,50083,1,1,1,0,1,NOT APPLICABLE,March,9,Thursday,5,56,Rural,High Speed (Arterial),Yes,33.36750556,-93.51618889,Non-Intersection,Dark - Not Lighted,Clear,Unknown,Unknown,Unknown EMS Scene Arrival Hour,Unknown EMS Scene Arrival Minutes,Not Applicable (Not Transported),Not Applicable (Not Transported),1,Dark - Unlighted,Clear,0,1,[],[],0,0,Valid,0.0,0.0,49.0,49.0,['Male'],0,0,3,0,4,Dry,Straight,Level,Lowest,No
2224,5,Arkansas,50084,0,2,2,0,2,FAYETTEVILLE,February,18,Saturday,17,30,Urban,Low Speed (Local),No,36.05639167,-94.16205833,Non-Intersection,Daylight,Clear,5:00pm-5:59pm,30,5:00pm-5:59pm,35,Unknown,Unknown EMS Hospital Arrival Time,1,Daylight,Clear,1,1,['Driver'],['Shoulder_Lapbelt'],0,0,Valid,1.0,3.0,23.0,20.0,"['Male', 'Female']",0,0,3,4,5,Dry,Straight,Level,Lowest,No
2225,5,Arkansas,50085,0,2,2,0,5,HOT SPRINGS,February,21,Tuesday,21,51,Urban,High Speed (Arterial),No,34.45247222,-93.07061944,Non-Intersection,Dark - Lighted,Clear,9:00pm-9:59pm,53,9:00pm-9:59pm,59,Unknown,Unknown EMS Hospital Arrival Time,1,Dark - Lighted,Clear,1,4,['Rear_Seat'],['None_Used'],0,0,Valid,0.0,4.0,40.0,25.0,"['Female', 'Male']",0,0,5,4,5,Dry,Straight,Level,Lowest,No
2226,5,Arkansas,50086,2,2,1,1,1,NOT APPLICABLE,February,17,Friday,18,46,Rural,High Speed (Arterial),Yes,34.83565833,-91.47237778,Non-Intersection,Dark - Lighted,Clear,6:00pm-6:59pm,46,6:00pm-6:59pm,58,Not Applicable (Not Transported),Not Applicable (Not Transported),1,Dark - Lighted,Clear,1,0,['Driver'],['None_Used'],0,0,Valid,0.0,0.0,18.0,18.0,['Male'],1,0,2,4,5,Dry,Curve,Level,Lowest,Yes
2227,5,Arkansas,50087,0,2,2,0,2,NOT APPLICABLE,March,10,Friday,23,40,Rural,High Speed (Arterial),Yes,34.84869444,-92.146275,Non-Intersection,Dark - Not Lighted,Clear,11:00pm-11:59pm,42,11:00pm-11:59pm,44,Unknown,Unknown EMS Hospital Arrival Time,1,Dark - Unlighted,Clear,1,1,['Driver'],['Shoulder_Lapbelt'],1,1,Valid,0.0,1.0,66.0,29.0,"['Female', 'Male']",0,0,3,4,5,Dry,Straight,Level,Lowest,No
2228,5,Arkansas,50088,0,1,1,0,1,HAZEN,March,17,Friday,15,16,Urban,High Speed (Arterial),Yes,34.81799167,-91.61930556,Non-Intersection,Daylight,Clear,3:00pm-3:59pm,22,3:00pm-3:59pm,34,Not Applicable (Not Transported),Not Applicable (Not Transported),1,Daylight,Clear,1,0,['Driver'],['Shoulder_Lapbelt'],0,0,Valid,0.0,0.0,34.0,34.0,['Male'],0,0,3,4,3,Dry,Straight,Level,Lowest,No
2229,5,Arkansas,50089,0,2,2,0,2,SPRINGDALE,March,11,Saturday,19,3,Urban,Low Speed (Local),No,36.15343056,-94.17260556,Non-Intersection,Dark - Not Lighted,Rain,7:00pm-7:59pm,5,7:00pm-7:59pm,10,Unknown,Unknown EMS Hospital Arrival Time,1,Dark - Unlighted,Rain/Wind/Minor,1,1,['Driver'],['Shoulder_Lapbelt'],1,1,Invalid,1.0,0.0,76.0,31.0,"['Male', 'Female']",0,0,3,4,5,Wet/Standing Water,Straight,Grade/Hillcrest,Lowest,No
2230,5,Arkansas,50090,0,1,1,0,1,NOT APPLICABLE,March,22,Wednesday,12,45,Rural,High Speed (Arterial),Yes,34.19265556,-92.40319444,Non-Intersection,Daylight,Clear,Unknown,Unknown,Unknown EMS Scene Arrival Hour,Unknown EMS Scene Arrival Minutes,Not Applicable (Not Transported),Not Applicable (Not Transported),1,Daylight,Clear,1,0,['Driver'],['None_Used'],0,0,Valid,0.0,1.0,56.0,56.0,['Male'],1,0,4,4,3,Dry,Straight,Level,Lowest,No
2231,5,Arkansas,50091,0,3,3,0,7,LITTLE ROCK,February,18,Saturday,21,15,Urban,High Speed (Arterial),Yes,34.67602222,-92.36533333,Non-Intersection,Dark - Not Lighted,Clear,9:00pm-9:59pm,19,9:00pm-9:59pm,33,Unknown,Unknown EMS Hospital Arrival Time,1,Dark - Unlighted,Clear,1,6,['Rear_Seat'],['None_Used'],0,0,Invalid,0.0,0.0,49.0,21.0,"['Male', 'Male', 'Male']",0,0,3,4,5,Dry,Straight,Level,Lowest,Yes
2232,5,Arkansas,50092,0,1,1,0,3,NOT APPLICABLE,February,25,Saturday,1,27,Urban,High Speed (Arterial),Yes,34.83666111,-92.34784167,Non-Intersection,Dark - Not Lighted,Cloudy,1:00am-1:59am,27,1:00am-1:59am,32,Unknown,Unknown EMS Hospital Arrival Time,1,Dark - Unlighted,Reduced Visibility,1,2,['Rear_Seat'],['None_Used'],1,1,Invalid,0.0,0.0,31.0,31.0,['Female'],3,0,2,4,3,Wet/Standing Water,Straight,Level,Lowest,No
2233,5,Arkansas,50093,0,1,1,0,1,NOT APPLICABLE,March,14,Tuesday,17,50,Rural,Medium Speed (Collector),No,35.64926667,-91.05156944,Non-Intersection,Daylight,Clear,6:00pm-6:59pm,0,6:00pm-6:59pm,24,Not Applicable (Not Transported),Not Applicable (Not Transported),1,Daylight,Clear,1,0,['Driver'],['Shoulder_Lapbelt'],1,1,Valid,0.0,1.0,23.0,23.0,['Male'],0,0,2,4,4,Dry,Straight,Level,Lowest,No