,State_Code,State_Name,Crash_ID,Count_Non_Motorists,Count_Vehicles_Total,Count_Vehicle_Forms,Count_PVH_Involved,Count_Occupants_MV,City_Name,Month_Name,Day_of_Month,Day_of_Week,Crash_Hour,Crash_Minute,Area_Rural_Urban,Road_Functional_Class,On_NHS_Road,Latitude,Longitude,Intersection_Type,Light_Condition,Weather_Condition,Notif_Hour,Notif_Minute,Arrival_Hour,Arrival_Minute,Hospital_Hour,Hospital_Minute,Fatalities_Count,Clean_Light_Condition,Clean_Weather_Condition,Total_Killed,Total_Alive,Fatal_Seats_List,Killed_Restraint_List,Any_Driver_Drinking,Total_Drinking_Drivers,Driver_License_Category,Driver_Max_Prev_Accident_Count,Driver_Max_Prev_Speeding_Count,Max_Driver_Age,Min_Driver_Age,Driver_Sex_List,Total_Exceeding_Limit_Vehicles,Total_Too_Fast_Vehicles,Max_Vehicle_Type_Severity_5,Max_Vehicle_Damage_Rank,Max_Harmful_Event_Severity,Crash_Road_Surface_Condition,Crash_Horizontal_Alignment,Crash_Vertical_Profile,Crash_Impairment_Category,Crash_Vehicle_Defect
2234,5,Arkansas,50094,0,1,1,0,2,NOT APPLICABLE,March,21,Tuesday,8,47,Rural,Medium Speed (Collector),No,34.32928333,-92.92395,Non-Intersection,Daylight,Rain,8:00am-8:59am,48,9:00am-9:59am,11,Unknown,Unknown EMS Hospital Arrival Time,1,Daylight,Rain/Wind/Minor,1,1,['Front_Passenger'],['Shoulder_Lapbelt'],0,0,Invalid,1.0,0.0,57.0,57.0,['Female'],2,0,2,4,3,Wet/Standing Water,Straight,Level,Lowest,No
2235,5,Arkansas,50095,0,2,2,0,4,NOT APPLICABLE,January,13,Friday,11,30,Rural,Medium Speed (Collector),No,35.36779722,-93.53074722,Non-Intersection,Daylight,Clear,11:00am-11:59am,30,11:00am-11:59am,46,Unknown,Unknown EMS Hospital Arrival Time,1,Daylight,Clear,1,3,['Rear_Seat'],['Shoulder_Lapbelt'],1,1,Valid,0.0,0.0,33.0,22.0,"['Male', 'Male']",1,0,4,4,5,Dry,Curve,Level,Lowest,No
2236,5,Arkansas,50096,0,2,2,0,2,NOT APPLICABLE,February,13,Monday,10,8,Rural,Low Speed (Local),No,36.45136667,-90.85651667,Non-Intersection,Daylight,Clear,10:00am-10:59am,9,10:00am-10:59am,30,Unknown,Unknown EMS Hospital Arrival Time,1,Daylight,Clear,1,1,['Driver'],['None_Used'],1,1,Valid,0.0,0.0,72.0,55.0,"['Male', 'Male']",0,0,5,4,5,Dry,Curve,Level,Lowest,No
2237,5,Arkansas,50097,0,1,1,0,1,MAYFLOWER,March,24,Friday,10,31,Urban,High Speed (Arterial),Yes,34.99401389,-92.41487778,Non-Intersection,Daylight,Rain,10:00am-10:59am,40,10:00am-10:59am,49,Not Applicable (Not Transported),Not Applicable (Not Transported),1,Daylight,Rain/Wind/Minor,1,0,['Driver'],['Shoulder_Lapbelt'],0,0,Valid,0.0,0.0,22.0,22.0,['Male'],0,0,3,4,3,Wet/Standing Water,Straight,Level,Lowest,No
2238,5,Arkansas,50098,0,1,1,0,1,NOT APPLICABLE,March,21,Tuesday,16,45,Rural,High Speed (Arterial),Yes,33.74426944,-93.51428333,Non-Intersection,Daylight,Cloudy,4:00pm-4:59pm,54,5:00pm-5:59pm,3,Unknown,Unknown EMS Hospital Arrival Time,1,Daylight,Reduced Visibility,1,0,['Driver'],['None_Used'],0,0,Valid,0.0,1.0,59.0,59.0,['Male'],0,0,5,4,3,Dry,Straight,Level,Lowest,Yes
2239,5,Arkansas,50099,0,2,2,0,4,NOT APPLICABLE,March,25,Saturday,11,32,Rural,Medium Speed (Collector),No,34.40423611,-93.16914722,Complex/Circle,Daylight,Clear,11:00am-11:59am,35,11:00am-11:59am,43,Not Applicable (Not Transported),Not Applicable (Not Transported),1,Daylight,Clear,1,3,['Driver'],['Shoulder_Lapbelt'],1,1,Valid,0.0,0.0,73.0,46.0,"['Male', 'Male']",1,0,2,4,5,Dry,Straight,Level,Lowest,No
2240,5,Arkansas,50100,1,1,1,0,1,LITTLE ROCK,March,26,Sunday,1,20,Urban,High Speed (Arterial),Yes,34.72213056,-92.32763611,Non-Intersection,Dark - Not Lighted,Clear,1:00am-1:59am,20,1:00am-1:59am,25,Unknown,Unknown EMS Hospital Arrival Time,1,Dark - Unlighted,Clear,0,1,[],[],0,0,Valid,0.0,0.0,33.0,33.0,['Male'],0,0,3,2,4,Dry,Straight,Level,Lowest,No
2241,5,Arkansas,50101,1,1,1,0,1,NOT APPLICABLE,January,28,Saturday,6,11,Rural,Medium Speed (Collector),No,34.74519167,-92.54986944,Non-Intersection,Dark - Not Lighted,Clear,Unknown,Unknown,Unknown EMS Scene Arrival Hour,Unknown EMS Scene Arrival Minutes,Unknown,Unknown EMS Hospital Arrival Time,1,Dark - Unlighted,Clear,0,1,[],[],0,0,Valid,0.0,0.0,24.0,24.0,['Male'],0,0,2,0,4,Dry,Straight,Level,Lowest,No
2242,5,Arkansas,50102,1,1,1,0,1,NOT APPLICABLE,March,16,Thursday,16,9,Rural,High Speed (Arterial),Yes,34.66846389,-92.26436111,Non-Intersection,Daylight,Rain,Not Applicable (Not Notified),Not Applicable (Not Notified),Not Applicable,Not Applicable,Not Applicable (Not Transported),Not Applicable (Not Transported),1,Daylight,Rain/Wind/Minor,0,1,[],[],0,0,Valid,0.0,1.0,44.0,44.0,['Male'],0,0,3,4,4,Wet/Standing Water,Straight,Grade/Hillcrest,Lowest,No
2243,5,Arkansas,50103,0,1,1,0,1,NOT APPLICABLE,March,28,Tuesday,17,44,Rural,Medium Speed (Collector),No,34.97731111,-92.12875278,Non-Intersection,Daylight,Clear,5:00pm-5:59pm,44,5:00pm-5:59pm,55,Not Applicable (Not Transported),Not Applicable (Not Transported),1,Daylight,Clear,1,0,['Driver'],['None_Used'],1,1,Valid,0.0,0.0,48.0,48.0,['Male'],0,0,3,4,3,Dry,Curve,Grade/Hillcrest,Lowest,No
2244,5,Arkansas,50104,0,2,2,0,3,NOT APPLICABLE,March,10,Friday,12,59,Rural,Medium Speed (Collector),No,36.45561944,-93.16467222,Non-Intersection,Daylight,Clear,1:00pm-1:59pm,4,1:00pm-1:59pm,23,Unknown,Unknown EMS Hospital Arrival Time,1,Daylight,Clear,1,2,['Driver'],['None_Used'],0,0,Valid,0.0,1.0,70.0,20.0,"['Male', 'Female']",0,0,3,4,5,Dry,Straight,Level,Lowest,No
2245,5,Arkansas,50105,2,3,2,1,2,SUMMIT,February,12,Sunday,18,5,Rural,Medium Speed (Collector),No,36.24934722,-92.68852778,Non-Intersection,Dusk,Clear,6:00pm-6:59pm,5,6:00pm-6:59pm,11,Unknown,Unknown EMS Hospital Arrival Time,1,Twilight,Clear,0,2,[],[],0,0,Valid,0.0,0.0,83.0,76.0,"['Female', 'Female']",0,0,3,4,5,Dry,Straight,Grade/Hillcrest,Lowest,No
2246,5,Arkansas,50106,0,2,2,0,6,TEXARKANA,March,28,Tuesday,18,31,Urban,High Speed (Arterial),Yes,33.47534167,-94.01043333,Non-Intersection,Daylight,Clear,6:00pm-6:59pm,31,6:00pm-6:59pm,42,Unknown,Unknown EMS Hospital Arrival Time,3,Daylight,Clear,3,3,"['Front_Passenger', 'Rear_Seat', 'Rear_Seat']","['None_Used', 'None_Used', 'None_Used']",0,0,Invalid,0.0,0.0,43.0,28.0,"['Male', 'Female']",1,0,2,4,5,Dry,Straight,Level,Lowest,No
2247,5,Arkansas,50108,0,2,2,0,3,CADDO VALLEY,March,27,Monday,15,20,Rural,Medium Speed (Collector),No,34.21461111,-93.08373611,Simple Junction,Daylight,Clear,3:00pm-3:59pm,22,3:00pm-3:59pm,29,Unknown,Unknown EMS Hospital Arrival Time,1,Daylight,Clear,1,2,['Front_Passenger'],['Shoulder_Lapbelt'],0,0,Valid,0.0,1.0,53.0,30.0,"['Female', 'Female']",0,0,3,4,5,Dry,Straight,Grade/Hillcrest,Lowest,No
2248,5,Arkansas,50109,0,1,1,0,2,NOT APPLICABLE,April,5,Wednesday,14,50,Rural,Medium Speed (Collector),No,34.385125,-92.75004167,Non-Intersection,Daylight,Cloudy,2:00pm-2:59pm,52,3:00pm-3:59pm,4,Unknown,Unknown EMS Hospital Arrival Time,1,Daylight,Reduced Visibility,1,1,['Driver'],['None_Used'],0,0,Valid,0.0,0.0,59.0,59.0,['Female'],0,0,3,4,3,Wet/Standing Water,Straight,Grade/Hillcrest,Lowest,No
2249,5,Arkansas,50110,0,1,1,0,2,HOT SPRINGS,March,17,Friday,23,59,Urban,High Speed (Arterial),Yes,34.48774167,-93.09140278,Non-Intersection,Dark - Lighted,Clear,0:00am-0:59am,1,0:00am-0:59am,5,Unknown,Unknown EMS Hospital Arrival Time,1,Dark - Lighted,Clear,1,1,['Rear_Seat'],['Child_Safety'],0,0,Invalid,0.0,1.0,21.0,21.0,['Female'],2,0,2,4,3,Dry,Straight,Level,Lowest,No
2250,5,Arkansas,50111,0,2,2,0,2,GREEN FOREST,April,6,Thursday,16,50,Urban,Medium Speed (Collector),No,36.33758056,-93.451425,Non-Intersection,Daylight,Clear,4:00pm-4:59pm,55,4:00pm-4:59pm,57,Unknown,Unknown EMS Hospital Arrival Time,1,Daylight,Clear,1,1,['Driver'],['None_Used'],0,0,Valid,0.0,0.0,66.0,51.0,"['Male', 'Female']",0,0,5,4,5,Dry,Curve,Grade/Hillcrest,Lowest,No
2251,5,Arkansas,50112,1,1,1,0,1,LITTLE ROCK,February,8,Wednesday,20,55,Urban,Medium Speed (Collector),No,34.73259167,-92.30611944,Non-Intersection,Dark - Not Lighted,Rain,8:00pm-8:59pm,54,8:00pm-8:59pm,58,Unknown,Unknown EMS Hospital Arrival Time,1,Dark - Unlighted,Rain/Wind/Minor,0,1,[],[],0,0,Valid,0.0,1.0,27.0,27.0,['Male'],0,0,2,3,4,Wet/Standing Water,Straight,Grade/Hillcrest,Lowest,No
2252,5,Arkansas,50113,0,1,1,0,2,NOT APPLICABLE,March,31,Friday,18,35,Rural,Medium Speed (Collector),No,35.2134,-92.69416667,Non-Intersection,Daylight,Clear,Unknown,Unknown,Unknown EMS Scene Arrival Hour,Unknown EMS Scene Arrival Minutes,Unknown,Unknown EMS Hospital Arrival Time,1,Daylight,Clear,1,1,['Driver'],['None_Used'],0,0,Invalid,0.0,0.0,17.0,17.0,['Female'],2,0,2,4,3,Dry,Straight,Level,Lowest,No
2253,5,Arkansas,50114,0,2,2,0,4,NOT APPLICABLE,April,4,Tuesday,8,39,Rural,Medium Speed (Collector),No,35.41744444,-93.13493056,Non-Intersection,Daylight,Clear,8:00am-8:59am,39,8:00am-8:59am,50,Unknown,Unknown EMS Hospital Arrival Time,2,Daylight,Clear,2,2,"['Driver', 'Driver']","['None_Used', 'None_Used']",0,0,Valid,0.0,1.0,45.0,44.0,"['Male', 'Male']",2,0,3,4,5,Dry,Straight,Level,Lowest,No
2254,5,Arkansas,50115,0,1,1,0,2,NOT APPLICABLE,February,15,Wednesday,23,57,Rural,Low Speed (Local),No,36.38105278,-92.02985278,Non-Intersection,Dark - Unknown Lighting,Cloudy,Unknown,Unknown,Unknown EMS Scene Arrival Hour,Unknown EMS Scene Arrival Minutes,Not Applicable (Not Transported),Not Applicable (Not Transported),1,Dark - Unlighted,Reduced Visibility,1,1,['Driver'],['None_Used'],1,1,Valid,0.0,0.0,26.0,26.0,['Male'],2,0,5,0,4,Wet/Standing Water,Straight,Level,Lowest,No
2255,5,Arkansas,50116,0,2,2,0,4,LITTLE ROCK,April,8,Saturday,13,14,Urban,High Speed (Arterial),Yes,34.71917222,-92.40121111,Non-Intersection,Daylight,Clear,1:00pm-1:59pm,29,1:00pm-1:59pm,39,Unknown,Unknown EMS Hospital Arrival Time,1,Daylight,Clear,1,3,['Driver'],['Shoulder_Lapbelt'],0,0,Invalid,0.0,0.0,84.0,20.0,"['Male', 'Male']",0,0,2,4,5,Dry,Straight,Grade/Hillcrest,Lowest,No
2256,5,Arkansas,50117,0,2,2,0,2,NOT APPLICABLE,February,17,Friday,9,15,Rural,Medium Speed (Collector),No,35.68933333,-90.53143056,Complex/Circle,Daylight,Clear,9:00am-9:59am,18,9:00am-9:59am,22,Unknown,Unknown EMS Hospital Arrival Time,1,Daylight,Clear,1,1,['Driver'],['Shoulder_Lapbelt'],0,0,Valid,0.0,1.0,56.0,44.0,"['Male', 'Male']",0,0,4,4,5,Dry,Straight,Level,Lowest,No
2257,5,Arkansas,50118,1,1,1,0,1,LITTLE ROCK,April,3,Monday,23,40,Urban,Medium Speed (Collector),No,34.74815833,-92.28588611,Non-Intersection,Dark - Not Lighted,Clear,11:00pm-11:59pm,44,11:00pm-11:59pm,55,Not Applicable (Not Transported),Not Applicable (Not Transported),1,Dark - Unlighted,Clear,0,1,[],[],0,0,Valid,0.0,0.0,58.0,58.0,['Male'],0,0,3,3,4,Dry,Straight,Grade/Hillcrest,Lowest,No
2258,5,Arkansas,50119,0,2,2,0,3,CONWAY,February,20,Monday,12,5,Urban,High Speed (Arterial),No,35.06608611,-92.43418333,Non-Intersection,Daylight,Clear,12:00pm-12:59pm,6,12:00pm-12:59pm,12,Unknown,Unknown EMS Hospital Arrival Time,1,Daylight,Clear,1,2,['Front_Passenger'],['Shoulder_Lapbelt'],0,0,Valid,0.0,0.0,60.0,55.0,"['Female', 'Female']",0,0,3,4,5,Dry,Straight,Non-Trafficway,Lowest,No
2259,5,Arkansas,50120,0,2,2,0,2,NOT APPLICABLE,February,21,Tuesday,17,0,Rural,Medium Speed (Collector),No,33.61328889,-92.77738889,Simple Junction,Daylight,Clear,5:00pm-5:59pm,5,5:00pm-5:59pm,9,Not Applicable (Not Transported),Not Applicable (Not Transported),1,Daylight,Clear,1,1,['Driver'],['None_Used'],0,0,Valid,0.0,0.0,58.0,55.0,"['Male', 'Male']",0,0,5,4,5,Dry,Straight,Level,Lowest,No
2260,5,Arkansas,50121,0,1,1,0,1,NORTH LITTLE ROCK,March,17,Friday,23,35,Urban,High Speed (Arterial),Yes,34.81980278,-92.34069167,Non-Intersection,Dark - Not Lighted,Clear,Unknown,Unknown,Unknown EMS Scene Arrival Hour,Unknown EMS Scene Arrival Minutes,Not Applicable (Not Transported),Not Applicable (Not Transported),1,Dark - Unlighted,Clear,1,0,['Driver'],['Shoulder_Lapbelt'],1,1,Valid,0.0,0.0,17.0,17.0,['Female'],0,0,3,4,3,Dry,Curve,Level,Lowest,No
2261,5,Arkansas,50122,0,1,1,0,1,NOT APPLICABLE,April,14,Friday,8,50,Rural,Medium Speed (Collector),No,34.56554444,-93.61988056,Non-Intersection,Daylight,Clear,8:00am-8:59am,53,9:00am-9:59am,0,Not Applicable (Not Transported),Not Applicable (Not Transported),1,Daylight,Clear,1,0,['Driver'],['None_Used'],0,0,Valid,2.0,1.0,62.0,62.0,['Male'],0,0,4,4,3,Dry,Curve,Level,Lowest,No
2262,5,Arkansas,50123,0,1,1,0,3,LONOKE,March,18,Saturday,21,42,Rural,Low Speed (Local),No,34.91906389,-91.80375278,Non-Intersection,Dark - Not Lighted,Clear,9:00pm-9:59pm,43,9:00pm-9:59pm,52,Unknown,Unknown EMS Hospital Arrival Time,1,Dark - Unlighted,Clear,1,2,['Driver'],['None_Used'],0,0,Invalid,0.0,0.0,12.0,12.0,['Female'],0,0,5,4,3,Loose/Unpaved,Straight,Level,Lowest,No
2263,5,Arkansas,50124,0,1,1,0,1,LONOKE,March,25,Saturday,16,36,Rural,Low Speed (Local),No,34.89563611,-92.02756944,Non-Intersection,Daylight,Clear,4:00pm-4:59pm,36,4:00pm-4:59pm,51,Not Applicable (Not Transported),Not Applicable (Not Transported),1,Daylight,Clear,1,0,['Driver'],['Shoulder_Lapbelt'],0,0,Valid,0.0,0.0,61.0,61.0,['Female'],0,0,3,4,3,Dry,Straight,Level,Lowest,No
2264,5,Arkansas,50125,0,3,3,0,5,LITTLE ROCK,April,16,Sunday,13,28,Urban,Medium Speed (Collector),No,34.67999722,-92.34377222,Complex/Circle,Daylight,Clear,1:00pm-1:59pm,28,1:00pm-1:59pm,28,Unknown,Unknown EMS Hospital Arrival Time,1,Daylight,Clear,1,4,['Driver'],['Shoulder_Lapbelt'],1,1,Invalid,1.0,1.0,46.0,18.0,"['Male', 'Female', 'Female']",0,0,3,4,5,Dry,Straight,Level,Lowest,No
2265,5,Arkansas,50126,0,1,1,0,1,NOT APPLICABLE,April,11,Tuesday,17,50,Rural,Medium Speed (Collector),No,35.031075,-91.80275833,Non-Intersection,Daylight,Clear,5:00pm-5:59pm,54,6:00pm-6:59pm,6,Not Applicable (Not Transported),Not Applicable (Not Transported),1,Daylight,Clear,1,0,['Driver'],['None_Used'],0,0,Valid,0.0,1.0,58.0,58.0,['Male'],0,0,3,4,4,Dry,Curve,Level,Lowest,No
2266,5,Arkansas,50127,0,1,1,0,1,BENTON,April,1,Saturday,14,58,Urban,Medium Speed (Collector),No,34.59696667,-92.60264444,Non-Intersection,Daylight,Clear,2:00pm-2:59pm,59,3:00pm-3:59pm,8,Not Applicable (Not Transported),Not Applicable (Not Transported),1,Daylight,Clear,1,0,['Driver'],['None_Used'],0,0,Valid,0.0,0.0,19.0,19.0,['Female'],1,0,3,4,3,Dry,Curve,Level,Lowest,No
2267,5,Arkansas,50128,0,1,1,0,1,NOT APPLICABLE,April,5,Wednesday,18,40,Rural,Medium Speed (Collector),No,34.61563056,-92.91898889,Non-Intersection,Dusk,Cloudy,Unknown,Unknown,Unknown EMS Scene Arrival Hour,Unknown EMS Scene Arrival Minutes,Not Applicable (Not Transported),Not Applicable (Not Transported),1,Twilight,Reduced Visibility,1,0,['Driver'],['None_Used'],1,1,Invalid,0.0,0.0,63.0,63.0,['Male'],0,0,5,4,3,Dry,Curve,Level,Lowest,No
2268,5,Arkansas,50129,0,2,2,0,2,BROOKLAND,April,19,Wednesday,11,21,Rural,High Speed (Arterial),Yes,35.91051111,-90.58800833,Non-Intersection,Daylight,Clear,11:00am-11:59am,21,11:00am-11:59am,27,Not Applicable (Not Transported),Not Applicable (Not Transported),1,Daylight,Clear,1,1,['Driver'],['Shoulder_Lapbelt'],1,1,Valid,1.0,1.0,58.0,34.0,"['Male', 'Male']",0,0,4,4,5,Dry,Straight,Level,Lowest,No
2269,5,Arkansas,50130,0,2,2,0,2,LITTLE ROCK,February,24,Friday,2,6,Urban,High Speed (Arterial),Yes,34.74364167,-92.288525,Non-Intersection,Dark - Not Lighted,Rain,2:00am-2:59am,13,2:00am-2:59am,19,Not Applicable (Not Transported),Not Applicable (Not Transported),1,Dark - Unlighted,Rain/Wind/Minor,1,1,['Driver'],['None_Used'],0,0,Valid,2.0,1.0,76.0,27.0,"['Female', 'Male']",0,0,2,4,5,Wet/Standing Water,Straight,Level,Lowest,No
2270,5,Arkansas,50131,0,2,2,0,2,SEARCY,April,21,Friday,20,31,Urban,Medium Speed (Collector),No,35.24903889,-91.68088333,Complex/Circle,Dark - Not Lighted,Clear,8:00pm-8:59pm,33,8:00pm-8:59pm,39,Unknown,Unknown EMS Hospital Arrival Time,1,Dark - Unlighted,Clear,1,1,['Driver'],['Shoulder_Lapbelt'],0,0,Valid,0.0,1.0,68.0,23.0,"['Male', 'Male']",0,0,4,4,5,Dry,Straight,Level,Lowest,No
2271,5,Arkansas,50133,0,3,3,0,3,HOT SPRINGS,April,12,Wednesday,20,17,Urban,High Speed (Arterial),Yes,34.48076944,-93.05982222,Simple Junction,Dark - Lighted,Clear,8:00pm-8:59pm,18,8:00pm-8:59pm,24,Not Applicable (Not Transported),Not Applicable (Not Transported),1,Dark - Lighted,Clear,1,2,['Driver'],['None_Used'],0,0,Invalid,1.0,0.0,66.0,30.0,"['Male', 'Female', 'Male']",1,0,5,4,5,Dry,Straight,Level,Lowest,No
2272,5,Arkansas,50134,0,2,2,0,1,SPRINGTOWN,April,14,Friday,17,26,Urban,Medium Speed (Collector),No,36.22511389,-94.14440278,Non-Intersection,Daylight,Clear,5:00pm-5:59pm,26,5:00pm-5:59pm,40,Unknown,Unknown EMS Hospital Arrival Time,1,Daylight,Clear,1,0,['Driver'],['None_Used'],0,0,Valid,0.0,0.0,52.0,52.0,['Female'],0,0,5,4,5,Dry,Straight,Level,Lowest,No
2273,5,Arkansas,50135,0,1,1,0,2,NOT APPLICABLE,April,17,Monday,20,35,Rural,Medium Speed (Collector),No,34.40058611,-93.23795,Non-Intersection,Dark - Not Lighted,Clear,Unknown,Unknown,Unknown EMS Scene Arrival Hour,Unknown EMS Scene Arrival Minutes,Not Applicable (Not Transported),Not Applicable (Not Transported),2,Dark - Unlighted,Clear,2,0,"['Driver', 'Front_Passenger']","['None_Used', 'None_Used']",1,1,Invalid,0.0,0.0,36.0,36.0,['Female'],2,0,2,4,3,Dry,Straight,Level,Lowest,No
2274,5,Arkansas,50136,0,1,1,0,1,NOT APPLICABLE,April,19,Wednesday,12,42,Rural,Medium Speed (Collector),No,34.37561667,-92.47751389,Non-Intersection,Daylight,Clear,Unknown,Unknown,Unknown EMS Scene Arrival Hour,Unknown EMS Scene Arrival Minutes,Not Applicable (Not Transported),Not Applicable (Not Transported),1,Daylight,Clear,1,0,['Driver'],['Shoulder_Lapbelt'],0,0,Invalid,0.0,0.0,36.0,36.0,['Female'],0,0,2,4,3,Dry,Curve,Grade/Hillcrest,Lowest,No
2275,5,Arkansas,50137,0,1,1,0,1,NOT APPLICABLE,April,22,Saturday,6,19,Rural,Medium Speed (Collector),No,33.98191389,-94.33094444,Non-Intersection,Daylight,Clear,6:00am-6:59am,23,6:00am-6:59am,32,Not Applicable (Not Transported),Not Applicable (Not Transported),1,Daylight,Clear,1,0,['Driver'],['None_Used'],1,1,Invalid,0.0,0.0,22.0,22.0,['Male'],1,0,2,4,3,Dry,Curve,Level,Lowest,No
2276,5,Arkansas,50138,0,2,2,0,2,FORT SMITH,February,12,Sunday,14,5,Urban,High Speed (Arterial),No,35.37490833,-94.38582222,Non-Intersection,Daylight,Clear,2:00pm-2:59pm,9,2:00pm-2:59pm,12,Not Applicable (Not Transported),Not Applicable (Not Transported),1,Daylight,Clear,1,1,['Driver'],['None_Used'],1,2,Valid,0.0,0.0,69.0,46.0,"['Female', 'Male']",0,0,5,4,5,Dry,Straight,Level,Lowest,No
2277,5,Arkansas,50139,0,2,2,0,3,NOT APPLICABLE,March,22,Wednesday,15,40,Rural,Medium Speed (Collector),No,35.4459,-93.74837222,Non-Intersection,Daylight,Clear,3:00pm-3:59pm,43,4:00pm-4:59pm,10,Unknown,Unknown EMS Hospital Arrival Time,1,Daylight,Clear,1,2,['Driver'],['Shoulder_Lapbelt'],0,0,Valid,0.0,0.0,58.0,44.0,"['Male', 'Male']",0,0,3,4,5,Dry,Curve,Level,Lowest,No
2278,5,Arkansas,50140,1,1,1,0,2,NOT APPLICABLE,February,15,Wednesday,21,4,Rural,Medium Speed (Collector),No,35.31903056,-92.94339722,Non-Intersection,Dark - Not Lighted,Clear,Not Applicable (Not Notified),Not Applicable (Not Notified),Not Applicable,Not Applicable,Not Applicable (Not Transported),Not Applicable (Not Transported),1,Dark - Unlighted,Clear,0,2,[],[],0,0,Valid,1.0,0.0,25.0,25.0,['Female'],0,0,3,4,4,Dry,Straight,Grade/Hillcrest,Lowest,No
2279,5,Arkansas,50141,1,1,1,0,1,JACKSONVILLE,April,5,Wednesday,2,45,Urban,High Speed (Arterial),Yes,34.85240278,-92.141,Non-Intersection,Dark - Not Lighted,Cloudy,2:00am-2:59am,47,2:00am-2:59am,54,Unknown,Unknown EMS Hospital Arrival Time,1,Dark - Unlighted,Reduced Visibility,0,1,[],[],0,0,Valid,0.0,0.0,47.0,47.0,['Male'],0,0,3,3,4,Dry,Straight,Level,Lowest,No
2280,5,Arkansas,50142,0,1,1,0,1,SEARCY,April,21,Friday,6,20,Urban,High Speed (Arterial),Yes,35.23593056,-91.70151111,Non-Intersection,Dawn,Clear,6:00am-6:59am,29,6:00am-6:59am,36,Not Applicable (Not Transported),Not Applicable (Not Transported),1,Twilight,Clear,1,0,['Driver'],['None_Used'],0,0,Valid,0.0,3.0,22.0,22.0,['Male'],0,0,3,4,3,Dry,Straight,Level,Lowest,No
2281,5,Arkansas,50143,1,1,1,0,1,LITTLE ROCK,April,23,Sunday,1,25,Urban,High Speed (Arterial),Yes,34.77431111,-92.38983889,Non-Intersection,Dark - Not Lighted,Rain,1:00am-1:59am,28,1:00am-1:59am,39,Not Applicable (Not Transported),Not Applicable (Not Transported),1,Dark - Unlighted,Rain/Wind/Minor,0,1,[],[],0,0,Valid,0.0,0.0,49.0,49.0,['Male'],0,0,3,3,4,Wet/Standing Water,Curve,Level,Lowest,No
2282,5,Arkansas,50144,0,1,1,0,1,NOT APPLICABLE,April,21,Friday,6,50,Rural,High Speed (Arterial),Yes,34.60893611,-91.41621389,Non-Intersection,Dawn,Rain,6:00am-6:59am,56,7:00am-7:59am,10,Not Applicable (Not Transported),Not Applicable (Not Transported),1,Twilight,Rain/Wind/Minor,1,0,['Driver'],['None_Used'],0,0,Valid,0.0,2.0,35.0,35.0,['Male'],0,0,3,4,3,Wet/Standing Water,Straight,Level,Lowest,No
2283,5,Arkansas,50145,0,1,1,0,1,PINE BLUFF,April,26,Wednesday,19,19,Urban,Medium Speed (Collector),No,34.18278056,-92.02440278,Non-Intersection,Dark - Not Lighted,Cloudy,7:00pm-7:59pm,22,7:00pm-7:59pm,29,Not Applicable (Not Transported),Not Applicable (Not Transported),1,Dark - Unlighted,Reduced Visibility,1,0,['Driver'],['None_Used'],0,0,Valid,0.0,1.0,45.0,45.0,['Male'],1,0,2,4,3,Wet/Standing Water,Straight,Level,Lowest,No
2284,5,Arkansas,50146,0,1,1,0,2,LITTLE ROCK,April,22,Saturday,18,15,Urban,High Speed (Arterial),Yes,34.70019444,-92.27037778,Non-Intersection,Daylight,Clear,Unknown,Unknown,Unknown EMS Scene Arrival Hour,Unknown EMS Scene Arrival Minutes,Not Applicable (Not Transported),Not Applicable (Not Transported),1,Daylight,Clear,1,1,['Front_Passenger'],['Shoulder_Lapbelt'],0,0,Valid,1.0,0.0,19.0,19.0,['Female'],0,0,3,4,2,Dry,Straight,Level,Lowest,No
2285,5,Arkansas,50147,0,2,2,0,3,GRAVETTE,April,18,Tuesday,12,58,Rural,Medium Speed (Collector),No,36.43043333,-94.37491111,Non-Intersection,Daylight,Clear,1:00pm-1:59pm,0,1:00pm-1:59pm,13,Unknown,Unknown EMS Hospital Arrival Time,2,Daylight,Clear,2,1,"['Driver', 'Front_Passenger']","['None_Used', 'Shoulder_Lapbelt']",0,0,Valid,0.0,0.0,48.0,37.0,"['Female', 'Male']",0,0,4,4,5,Dry,Straight,Level,Lowest,No
2286,5,Arkansas,50148,0,1,1,0,1,NOT APPLICABLE,April,27,Thursday,7,50,Rural,Medium Speed (Collector),No,34.080575,-92.54806389,Non-Intersection,Daylight,Cloudy,7:00am-7:59am,52,8:00am-8:59am,16,Unknown,Unknown EMS Hospital Arrival Time,1,Daylight,Reduced Visibility,1,0,['Driver'],['Shoulder_Lapbelt'],0,0,Invalid,0.0,1.0,28.0,28.0,['Female'],1,0,3,4,3,Wet/Standing Water,Curve,Level,Lowest,No
2287,5,Arkansas,50149,0,2,2,0,3,PARAGOULD,May,1,Monday,16,47,Urban,Low Speed (Local),No,36.06733611,-90.45794167,Complex/Circle,Daylight,Clear,4:00pm-4:59pm,47,4:00pm-4:59pm,50,Unknown,Unknown EMS Hospital Arrival Time,1,Daylight,Clear,1,2,['Driver'],['None_Used'],0,0,Invalid,0.0,0.0,36.0,33.0,"['Male', 'Male']",0,0,3,4,5,Dry,Straight,Level,Lowest,No
2288,5,Arkansas,50150,0,1,1,0,1,NOT APPLICABLE,March,23,Thursday,3,5,Rural,High Speed (Arterial),Yes,34.49425278,-92.20901944,Non-Intersection,Dark - Not Lighted,Clear,3:00am-3:59am,18,3:00am-3:59am,39,Not Applicable (Not Transported),Not Applicable (Not Transported),1,Dark - Unlighted,Clear,1,0,['Driver'],['None_Used'],1,1,Invalid,0.0,0.0,40.0,40.0,['Male'],1,0,2,4,3,Dry,Curve,Level,Lowest,No