,State_Code,State_Name,Crash_ID,Count_Non_Motorists,Count_Vehicles_Total,Count_Vehicle_Forms,Count_PVH_Involved,Count_Occupants_MV,City_Name,Month_Name,Day_of_Month,Day_of_Week,Crash_Hour,Crash_Minute,Area_Rural_Urban,Road_Functional_Class,On_NHS_Road,Latitude,Longitude,Intersection_Type,Light_Condition,Weather_Condition,Notif_Hour,Notif_Minute,Arrival_Hour,Arrival_Minute,Hospital_Hour,Hospital_Minute,Fatalities_Count,Clean_Light_Condition,Clean_Weather_Condition,Total_Killed,Total_Alive,Fatal_Seats_List,Killed_Restraint_List,Any_Driver_Drinking,Total_Drinking_Drivers,Driver_License_Category,Driver_Max_Prev_Accident_Count,Driver_Max_Prev_Speeding_Count,Max_Driver_Age,Min_Driver_Age,Driver_Sex_List,Total_Exceeding_Limit_Vehicles,Total_Too_Fast_Vehicles,Max_Vehicle_Type_Severity_5,Max_Vehicle_Damage_Rank,Max_Harmful_Event_Severity,Crash_Road_Surface_Condition,Crash_Horizontal_Alignment,Crash_Vertical_Profile,Crash_Impairment_Category,Crash_Vehicle_Defect
2289,5,Arkansas,50151,0,1,1,0,1,NOT APPLICABLE,April,13,Thursday,16,46,Rural,Medium Speed (Collector),No,34.54488333,-92.19963333,Non-Intersection,Daylight,Clear,Unknown,Unknown,Unknown EMS Scene Arrival Hour,Unknown EMS Scene Arrival Minutes,Not Applicable (Not Transported),Not Applicable (Not Transported),1,Daylight,Clear,1,0,['Driver'],['Shoulder_Lapbelt'],1,1,Valid,0.0,2.0,26.0,26.0,['Male'],0,0,3,4,3,Dry,Curve,Level,Lowest,No
2290,5,Arkansas,50152,0,1,1,0,3,NOT APPLICABLE,April,22,Saturday,18,13,Rural,Medium Speed (Collector),No,33.90595833,-92.14504167,Non-Intersection,Daylight,Cloudy,6:00pm-6:59pm,14,6:00pm-6:59pm,23,Unknown,Unknown EMS Hospital Arrival Time,2,Daylight,Reduced Visibility,2,1,"['Driver', 'Front_Passenger']","['None_Used', 'None_Used']",0,0,Invalid,0.0,0.0,18.0,18.0,['Male'],3,0,3,4,3,Wet/Standing Water,Curve,Grade/Hillcrest,Lowest,No
2291,5,Arkansas,50153,1,1,1,0,1,PINE BLUFF,April,30,Sunday,0,27,Urban,High Speed (Arterial),No,34.21313056,-91.98045833,Non-Intersection,Dark - Lighted,Clear,0:00am-0:59am,29,0:00am-0:59am,31,Unknown,Unknown EMS Hospital Arrival Time,1,Dark - Lighted,Clear,0,1,[],[],0,0,Valid,0.0,0.0,81.0,81.0,['Male'],0,0,3,3,4,Dry,Straight,Level,Lowest,No
2292,5,Arkansas,50154,0,2,2,0,2,NOT APPLICABLE,April,17,Monday,5,0,Rural,High Speed (Arterial),Yes,34.70672222,-94.17928333,Non-Intersection,Dark - Not Lighted,Clear,5:00am-5:59am,3,5:00am-5:59am,32,Unknown,Unknown EMS Hospital Arrival Time,1,Dark - Unlighted,Clear,1,1,['Driver'],['Shoulder_Lapbelt'],0,0,Valid,0.0,0.0,50.0,50.0,"['Male', 'Male']",0,0,4,4,5,Dry,Straight,Level,Lowest,No
2293,5,Arkansas,50155,0,3,3,0,6,NOT APPLICABLE,April,29,Saturday,19,23,Rural,Medium Speed (Collector),No,36.26225556,-93.77679722,Non-Intersection,Daylight,Clear,7:00pm-7:59pm,23,7:00pm-7:59pm,40,Unknown,Unknown EMS Hospital Arrival Time,1,Daylight,Clear,1,5,['Driver'],['Shoulder_Lapbelt'],0,0,Valid,0.0,0.0,57.0,35.0,"['Female', 'Male', 'Male']",0,0,3,4,5,Dry,Straight,Level,Lowest,No
2294,5,Arkansas,50156,0,2,2,0,2,NOT APPLICABLE,March,20,Monday,16,0,Rural,High Speed (Arterial),Yes,35.14815,-93.16279722,Non-Intersection,Daylight,Clear,Unknown,Unknown,Unknown EMS Scene Arrival Hour,Unknown EMS Scene Arrival Minutes,Not Applicable (Not Transported),Not Applicable (Not Transported),2,Daylight,Clear,2,0,"['Driver', 'Driver']","['None_Used', 'Shoulder_Lapbelt']",0,0,Valid,0.0,3.0,47.0,46.0,"['Male', 'Male']",0,0,3,4,5,Dry,Straight,Level,Lowest,No
2295,5,Arkansas,50157,0,2,2,0,2,LITTLE ROCK,May,5,Friday,21,5,Urban,High Speed (Arterial),Yes,34.79829722,-92.41568333,Non-Intersection,Dark - Lighted,Clear,9:00pm-9:59pm,6,9:00pm-9:59pm,11,Unknown,Unknown EMS Hospital Arrival Time,1,Dark - Lighted,Clear,1,1,['Driver'],['None_Used'],0,0,Valid,0.0,0.0,37.0,26.0,"['Male', 'Male']",0,0,5,4,5,Dry,Straight,Level,Lowest,No
2296,5,Arkansas,50158,0,1,1,0,1,NOT APPLICABLE,May,5,Friday,20,50,Rural,Low Speed (Local),No,35.90394722,-93.932875,Non-Intersection,Dark - Not Lighted,Clear,8:00pm-8:59pm,51,9:00pm-9:59pm,24,Not Applicable (Not Transported),Not Applicable (Not Transported),1,Dark - Unlighted,Clear,1,0,['Driver'],['None_Used'],1,1,Valid,0.0,0.0,49.0,49.0,['Male'],0,0,3,4,3,Dry,Curve,Grade/Hillcrest,Lowest,No
2297,5,Arkansas,50159,0,1,1,0,3,LITTLE ROCK,May,2,Tuesday,17,30,Urban,Low Speed (Local),No,34.71371667,-92.28584722,Non-Intersection,Daylight,Clear,5:00pm-5:59pm,33,5:00pm-5:59pm,45,Unknown,Unknown EMS Hospital Arrival Time,1,Daylight,Clear,1,2,['Front_Passenger'],['Shoulder_Lapbelt'],0,0,Valid,0.0,0.0,35.0,35.0,['Female'],0,0,3,4,3,Dry,Curve,Grade/Hillcrest,Lowest,No
2298,5,Arkansas,50161,1,1,1,0,1,PINE BLUFF,May,3,Wednesday,21,1,Urban,Medium Speed (Collector),No,34.20557222,-92.00698333,Non-Intersection,Dark - Lighted,Clear,9:00pm-9:59pm,7,9:00pm-9:59pm,9,Not Applicable (Not Transported),Not Applicable (Not Transported),1,Dark - Lighted,Clear,0,1,[],[],0,0,Invalid,0.0,0.0,999.0,999.0,['Other'],0,0,3,0,4,Dry,Straight,Level,Lowest,No
2299,5,Arkansas,50162,0,4,4,0,6,VILONIA,May,1,Monday,18,26,Rural,Medium Speed (Collector),No,35.08225556,-92.22524722,Complex/Circle,Daylight,Clear,6:00pm-6:59pm,28,6:00pm-6:59pm,30,Not Applicable (Not Transported),Not Applicable (Not Transported),1,Daylight,Clear,1,5,['Driver'],['None_Used'],0,0,Valid,1.0,0.0,52.0,21.0,"['Male', 'Male', 'Female', 'Male']",0,0,5,4,5,Dry,Straight,Level,Lowest,No
2300,5,Arkansas,50163,0,1,1,0,2,NOT APPLICABLE,May,6,Saturday,14,45,Rural,Medium Speed (Collector),No,36.19911389,-93.71871944,Non-Intersection,Daylight,Clear,2:00pm-2:59pm,45,3:00pm-3:59pm,0,Unknown,Unknown EMS Hospital Arrival Time,1,Daylight,Clear,1,1,['Driver'],['None_Used'],1,1,Valid,0.0,0.0,52.0,52.0,['Male'],0,0,5,4,3,Dry,Curve,Level,Lowest,No
2301,5,Arkansas,50164,0,2,2,0,3,NOT APPLICABLE,March,16,Thursday,8,30,Rural,Medium Speed (Collector),No,34.85698056,-94.06693056,Non-Intersection,Daylight,Cloudy,8:00am-8:59am,34,8:00am-8:59am,40,Unknown,Unknown EMS Hospital Arrival Time,1,Daylight,Reduced Visibility,1,2,['Driver'],['None_Used'],1,1,Valid,0.0,0.0,85.0,18.0,"['Male', 'Male']",0,0,3,4,5,Dry,Curve,Grade/Hillcrest,Lowest,No
2302,5,Arkansas,50165,0,2,2,0,2,FORT SMITH,March,23,Thursday,17,3,Urban,Medium Speed (Collector),No,35.29436667,-94.39903889,Non-Intersection,Daylight,Cloudy,3:00pm-3:59pm,6,3:00pm-3:59pm,14,Unknown,Unknown EMS Hospital Arrival Time,1,Daylight,Reduced Visibility,1,1,['Driver'],['Shoulder_Lapbelt'],1,1,Valid,0.0,0.0,66.0,46.0,"['Female', 'Male']",0,0,3,4,5,Dry,Curve,Level,Lowest,No
2303,5,Arkansas,50166,0,1,1,0,1,NOT APPLICABLE,May,1,Monday,15,2,Rural,High Speed (Arterial),Yes,35.97540556,-90.97881111,Non-Intersection,Daylight,Severe Crosswinds,3:00pm-3:59pm,9,3:00pm-3:59pm,12,Not Applicable (Not Transported),Not Applicable (Not Transported),1,Daylight,Rain/Wind/Minor,1,0,['Driver'],['None_Used'],0,0,Valid,0.0,0.0,41.0,41.0,['Male'],0,0,5,4,3,Dry,Straight,Level,Lowest,No
2304,5,Arkansas,50167,0,2,2,0,2,NOT APPLICABLE,May,2,Tuesday,4,0,Rural,Medium Speed (Collector),No,35.24624167,-92.73323611,Non-Intersection,Dark - Not Lighted,Clear,4:00am-4:59am,1,4:00am-4:59am,12,Not Applicable (Not Transported),Not Applicable (Not Transported),1,Dark - Unlighted,Clear,1,1,['Driver'],['Shoulder_Lapbelt'],0,0,Valid,1.0,2.0,21.0,18.0,"['Male', 'Male']",0,0,3,4,5,Dry,Straight,Grade/Hillcrest,Lowest,No
2305,5,Arkansas,50168,0,1,1,0,1,NOT APPLICABLE,May,6,Saturday,13,4,Rural,Medium Speed (Collector),No,35.11283333,-92.95415,Non-Intersection,Daylight,Clear,1:00pm-1:59pm,4,1:00pm-1:59pm,24,Unknown,Unknown EMS Hospital Arrival Time,1,Daylight,Clear,1,0,['Driver'],['None_Used'],0,0,Valid,0.0,0.0,75.0,75.0,['Male'],0,0,5,4,1,Dry,Straight,Level,Lowest,No
2306,5,Arkansas,50169,0,2,2,0,3,FORT SMITH,March,16,Thursday,22,21,Urban,Medium Speed (Collector),No,35.36291944,-94.39065,Simple Junction,Dark - Not Lighted,Clear,Not Applicable (Not Notified),Not Applicable (Not Notified),Not Applicable,Not Applicable,Not Applicable (Not Transported),Not Applicable (Not Transported),1,Dark - Unlighted,Clear,1,2,['Driver'],['None_Used'],0,0,Valid,1.0,0.0,22.0,20.0,"['Male', 'Male']",1,0,3,4,5,Dry,Straight,Grade/Hillcrest,Lowest,No
2307,5,Arkansas,50170,0,1,1,0,1,PROCTOR,March,24,Friday,20,57,Urban,Medium Speed (Collector),No,35.10424722,-90.22945278,Non-Intersection,Dark - Unknown Lighting,Rain,Unknown,Unknown,Unknown EMS Scene Arrival Hour,Unknown EMS Scene Arrival Minutes,Not Applicable (Not Transported),Not Applicable (Not Transported),1,Dark - Unlighted,Rain/Wind/Minor,1,0,['Driver'],['Shoulder_Lapbelt'],0,0,Valid,0.0,0.0,83.0,83.0,['Male'],0,0,3,4,3,Wet/Standing Water,Straight,Level,Lowest,No
2308,5,Arkansas,50171,0,1,1,0,2,NOT APPLICABLE,April,16,Sunday,2,0,Rural,Medium Speed (Collector),No,34.97746944,-91.56320833,Simple Junction,Dark - Not Lighted,Clear,2:00am-2:59am,0,2:00am-2:59am,9,Not Applicable (Not Transported),Not Applicable (Not Transported),1,Dark - Unlighted,Clear,1,1,['Front_Passenger'],['None_Used'],1,1,Invalid,0.0,1.0,20.0,20.0,['Male'],0,0,2,4,2,Dry,Straight,Level,Lowest,No
2309,5,Arkansas,50172,0,1,1,0,1,NOT APPLICABLE,April,22,Saturday,21,0,Rural,Low Speed (Local),No,35.714475,-92.33513333,Non-Intersection,Dark - Not Lighted,Clear,9:00pm-9:59pm,4,9:00pm-9:59pm,19,Not Applicable (Not Transported),Not Applicable (Not Transported),1,Dark - Unlighted,Clear,1,0,['Driver'],['None_Used'],1,1,Valid,0.0,0.0,59.0,59.0,['Male'],1,0,3,4,2,Dry,Curve,Level,Lowest,No
2310,5,Arkansas,50173,0,2,2,0,4,SEARCY,April,17,Monday,9,16,Urban,High Speed (Arterial),Yes,35.22385833,-91.71503889,Non-Intersection,Daylight,Clear,9:00am-9:59am,19,9:00am-9:59am,20,Unknown,Unknown EMS Hospital Arrival Time,1,Daylight,Clear,1,3,['Driver'],['None_Used'],0,0,Valid,0.0,0.0,79.0,66.0,"['Male', 'Male']",0,0,3,4,5,Dry,Straight,Level,Lowest,No
2311,5,Arkansas,50174,0,3,3,0,5,NOT APPLICABLE,March,30,Thursday,16,15,Rural,High Speed (Arterial),Yes,36.38448611,-91.86147222,Non-Intersection,Daylight,Clear,4:00pm-4:59pm,15,4:00pm-4:59pm,30,Unknown,Unknown EMS Hospital Arrival Time,1,Daylight,Clear,1,4,['Driver'],['Shoulder_Lapbelt'],0,0,Valid,0.0,0.0,87.0,45.0,"['Male', 'Male', 'Male']",0,0,3,4,5,Dry,Straight,Grade/Hillcrest,Lowest,No
2312,5,Arkansas,50175,0,2,2,0,2,NOT APPLICABLE,May,17,Wednesday,7,10,Rural,Medium Speed (Collector),No,34.29659167,-93.63140833,Non-Intersection,Daylight,Cloudy,7:00am-7:59am,12,7:00am-7:59am,21,Not Applicable (Not Transported),Not Applicable (Not Transported),1,Daylight,Reduced Visibility,1,1,['Driver'],['Shoulder_Lapbelt'],0,0,Valid,0.0,0.0,58.0,49.0,"['Male', 'Male']",0,0,4,4,5,Dry,Curve,Level,Lowest,No
2313,5,Arkansas,50176,0,2,2,0,3,NOT APPLICABLE,May,13,Saturday,18,27,Rural,High Speed (Arterial),Yes,36.055925,-90.57135556,Complex/Circle,Daylight,Clear,6:00pm-6:59pm,37,6:00pm-6:59pm,44,Unknown,Unknown EMS Hospital Arrival Time,1,Daylight,Clear,1,2,['Driver'],['Shoulder_Lapbelt'],0,0,Valid,0.0,0.0,72.0,48.0,"['Female', 'Male']",0,0,3,4,5,Dry,Straight,Level,Lowest,No
2314,5,Arkansas,50177,0,2,2,0,2,NOT APPLICABLE,May,18,Thursday,15,45,Rural,Medium Speed (Collector),No,36.37082778,-93.75308056,Simple Junction,Daylight,Clear,Unknown,Unknown,Unknown EMS Scene Arrival Hour,Unknown EMS Scene Arrival Minutes,Not Applicable (Not Transported),Not Applicable (Not Transported),1,Daylight,Clear,1,1,['Driver'],['None_Used'],1,1,Valid,0.0,0.0,84.0,46.0,"['Male', 'Male']",1,0,5,4,5,Dry,Straight,Grade/Hillcrest,Lowest,No
2315,5,Arkansas,50178,0,3,3,0,4,NOT APPLICABLE,April,29,Saturday,18,50,Rural,Medium Speed (Collector),No,35.270675,-91.90578056,Simple Junction,Daylight,Clear,6:00pm-6:59pm,52,7:00pm-7:59pm,1,Unknown,Unknown EMS Hospital Arrival Time,1,Daylight,Clear,1,3,['Driver'],['None_Used'],0,0,Valid,1.0,3.0,63.0,31.0,"['Male', 'Female', 'Male']",0,0,5,4,5,Dry,Straight,Level,Lowest,No
2316,5,Arkansas,50179,1,1,1,0,1,WEST MEMPHIS,May,10,Wednesday,20,0,Urban,High Speed (Arterial),No,35.14651667,-90.17243889,Non-Intersection,Dark - Lighted,Rain,8:00pm-8:59pm,6,8:00pm-8:59pm,10,Unknown,Unknown EMS Hospital Arrival Time,1,Dark - Lighted,Rain/Wind/Minor,0,1,[],[],0,0,Valid,0.0,0.0,37.0,37.0,['Male'],0,0,2,3,4,Wet/Standing Water,Straight,Level,Lowest,No
2317,5,Arkansas,50180,0,2,2,0,2,JACKSONVILLE,May,18,Thursday,14,51,Urban,Medium Speed (Collector),No,34.86696111,-92.09781389,Simple Junction,Daylight,Clear,Unknown,Unknown,Unknown EMS Scene Arrival Hour,Unknown EMS Scene Arrival Minutes,Not Applicable (Not Transported),Not Applicable (Not Transported),1,Daylight,Clear,1,1,['Driver'],['None_Used'],1,1,Invalid,0.0,0.0,55.0,47.0,"['Male', 'Male']",0,0,5,4,5,Dry,Straight,Level,Lowest,No
2318,5,Arkansas,50181,0,1,1,0,1,NOT APPLICABLE,April,4,Tuesday,11,55,Rural,Medium Speed (Collector),No,35.17364167,-90.89220833,Non-Intersection,Daylight,Cloudy,12:00pm-12:59pm,1,12:00pm-12:59pm,10,Unknown,Unknown EMS Hospital Arrival Time,1,Daylight,Reduced Visibility,1,0,['Driver'],['Shoulder_Lapbelt'],0,0,Valid,0.0,0.0,67.0,67.0,['Male'],1,0,3,4,3,Dry,Curve,Level,Lowest,No
2319,5,Arkansas,50182,0,1,1,0,1,NOT APPLICABLE,May,14,Sunday,8,32,Rural,High Speed (Arterial),Yes,35.24484444,-92.95385556,Non-Intersection,Daylight,Clear,8:00am-8:59am,38,8:00am-8:59am,39,Not Applicable (Not Transported),Not Applicable (Not Transported),1,Daylight,Clear,1,0,['Driver'],['None_Used'],0,0,Valid,1.0,0.0,41.0,41.0,['Male'],0,0,4,4,3,Dry,Curve,Level,Lowest,No
2320,5,Arkansas,50183,0,2,2,0,3,NOT APPLICABLE,April,3,Monday,21,53,Rural,High Speed (Arterial),Yes,33.24436389,-91.79648333,Non-Intersection,Dark - Not Lighted,Clear,9:00pm-9:59pm,57,10:00pm-10:59pm,2,Unknown,Unknown EMS Hospital Arrival Time,2,Dark - Unlighted,Clear,2,1,"['Driver', 'Front_Passenger']","['None_Used', 'None_Used']",1,1,Invalid,0.0,0.0,58.0,36.0,"['Male', 'Female']",0,0,3,4,5,Dry,Curve,Level,Lowest,No
2321,5,Arkansas,50184,0,1,1,0,1,NOT APPLICABLE,April,6,Thursday,9,0,Rural,Medium Speed (Collector),No,35.14741389,-90.30195556,Non-Intersection,Daylight,Clear,Unknown,Unknown,Unknown EMS Scene Arrival Hour,Unknown EMS Scene Arrival Minutes,Not Applicable (Not Transported),Not Applicable (Not Transported),1,Daylight,Clear,1,0,['Driver'],['Shoulder_Lapbelt'],1,1,Valid,0.0,0.0,72.0,72.0,['Male'],0,0,3,4,3,Dry,Straight,Level,Lowest,No
2322,5,Arkansas,50185,0,1,1,0,2,NOT APPLICABLE,May,7,Sunday,19,53,Rural,Low Speed (Local),No,35.31271667,-91.76156667,Non-Intersection,Daylight,Clear,7:00pm-7:59pm,57,8:00pm-8:59pm,7,Unknown,Unknown EMS Hospital Arrival Time,1,Daylight,Clear,1,1,['Driver'],['None_Used'],1,1,Valid,0.0,2.0,30.0,30.0,['Male'],0,0,5,4,3,Dry,Straight,Level,Lowest,Yes
2323,5,Arkansas,50186,1,1,1,0,1,LITTLE ROCK,May,8,Monday,14,18,Urban,High Speed (Arterial),Yes,34.78026667,-92.39044722,Non-Intersection,Daylight,Clear,Unknown,Unknown,Unknown EMS Scene Arrival Hour,Unknown EMS Scene Arrival Minutes,Not Applicable (Not Transported),Not Applicable (Not Transported),1,Daylight,Clear,0,1,[],[],0,0,Valid,0.0,1.0,67.0,67.0,['Male'],0,0,3,4,4,Dry,Straight,Level,Lowest,No
2324,5,Arkansas,50187,0,1,1,0,2,NOT APPLICABLE,May,18,Thursday,19,35,Rural,Medium Speed (Collector),No,33.84145,-93.89247222,Non-Intersection,Daylight,Clear,7:00pm-7:59pm,43,7:00pm-7:59pm,56,Unknown,Unknown EMS Hospital Arrival Time,1,Daylight,Clear,1,1,['Driver'],['Shoulder_Lapbelt'],1,1,Valid,1.0,0.0,52.0,52.0,['Male'],0,0,3,4,3,Dry,Straight,Level,Lowest,No
2325,5,Arkansas,50188,0,1,1,0,1,NOT APPLICABLE,May,21,Sunday,21,0,Rural,Medium Speed (Collector),No,36.25691944,-93.90896111,Non-Intersection,Dark - Not Lighted,Clear,9:00pm-9:59pm,1,9:00pm-9:59pm,19,Unknown,Unknown EMS Hospital Arrival Time,1,Dark - Unlighted,Clear,1,0,['Driver'],['None_Used'],1,1,Valid,0.0,0.0,34.0,34.0,['Male'],0,0,5,3,3,Dry,Curve,Grade/Hillcrest,Lowest,No
2326,5,Arkansas,50189,0,1,1,0,1,NOT APPLICABLE,May,11,Thursday,18,39,Rural,Medium Speed (Collector),No,33.02856667,-92.58867222,Non-Intersection,Daylight,Cloudy,6:00pm-6:59pm,39,7:00pm-7:59pm,0,Not Applicable (Not Transported),Not Applicable (Not Transported),1,Daylight,Reduced Visibility,1,0,['Driver'],['Shoulder_Lapbelt'],0,0,Valid,0.0,0.0,63.0,63.0,['Male'],0,0,3,4,3,Wet/Standing Water,Straight,Grade/Hillcrest,Lowest,No
2327,5,Arkansas,50190,0,1,1,0,1,BRINKLEY,March,29,Wednesday,0,40,Rural,High Speed (Arterial),Yes,34.89986667,-91.19445556,Non-Intersection,Dark - Unknown Lighting,Clear,0:00am-0:59am,Unknown,0:00am-0:59am,50,Not Applicable (Not Transported),Not Applicable (Not Transported),1,Dark - Unlighted,Clear,1,0,['Driver'],['Shoulder_Lapbelt'],1,1,Invalid,0.0,1.0,29.0,29.0,['Male'],1,0,2,4,3,Dry,Curve,Level,Lowest,No
2328,5,Arkansas,50191,0,3,3,0,6,BENTONVILLE,March,29,Wednesday,15,51,Urban,High Speed (Arterial),No,36.39904167,-94.21635,Non-Intersection,Daylight,Clear,4:00pm-4:59pm,4,4:00pm-4:59pm,8,Unknown,Unknown EMS Hospital Arrival Time,3,Daylight,Clear,3,3,"['Driver', 'Front_Passenger', 'Rear_Seat']","['Shoulder_Lapbelt', 'Shoulder_Lapbelt', 'None_Used']",0,0,Valid,0.0,0.0,63.0,16.0,"['Female', 'Male', 'Male']",0,0,3,4,5,Dry,Curve,Level,Lowest,No
2329,5,Arkansas,50192,0,1,1,0,1,NOT APPLICABLE,May,24,Wednesday,10,6,Rural,Medium Speed (Collector),No,34.24448611,-93.71881389,Non-Intersection,Daylight,Clear,10:00am-10:59am,6,10:00am-10:59am,27,Unknown,Unknown EMS Hospital Arrival Time,1,Daylight,Clear,1,0,['Driver'],['Shoulder_Lapbelt'],0,0,Valid,0.0,0.0,76.0,76.0,['Male'],0,0,4,4,3,Dry,Straight,Level,Lowest,No
2330,5,Arkansas,50193,0,2,2,0,2,JACKSONVILLE,May,21,Sunday,12,7,Urban,High Speed (Arterial),Yes,34.82415278,-92.15145556,Non-Intersection,Daylight,Clear,Unknown,Unknown if Notified,Unknown EMS Scene Arrival Hour,Unknown if Arrived,Not Applicable (Not Transported),Not Applicable (Not Transported),1,Daylight,Clear,1,1,['Driver'],['None_Used'],0,0,Valid,0.0,0.0,38.0,23.0,"['Male', 'Male']",0,0,5,4,5,Dry,Curve,Grade/Hillcrest,Lowest,No
2331,5,Arkansas,50194,0,3,3,0,3,WEST MEMPHIS,April,10,Monday,16,38,Urban,High Speed (Arterial),Yes,35.15096111,-90.138825,Non-Intersection,Dark - Not Lighted,Clear,5:00am-5:59am,10,5:00am-5:59am,15,Unknown,Unknown EMS Hospital Arrival Time,1,Dark - Unlighted,Clear,1,2,['Driver'],['Shoulder_Lapbelt'],0,0,Valid,0.0,0.0,31.0,24.0,"['Male', 'Female', 'Male']",0,0,4,4,5,Dry,Straight,Level,Medium,No
2332,5,Arkansas,50195,0,1,1,0,1,MARION,April,11,Tuesday,21,38,Urban,Low Speed (Local),No,35.23666111,-90.21,Non-Intersection,Dark - Unknown Lighting,Clear,9:00pm-9:59pm,40,9:00pm-9:59pm,44,Unknown,Unknown EMS Hospital Arrival Time,1,Dark - Unlighted,Clear,1,0,['Driver'],['None_Used'],0,0,Invalid,0.0,0.0,60.0,60.0,['Male'],0,0,5,3,3,Dry,Straight,Level,Lowest,No
2333,5,Arkansas,50196,0,1,1,0,1,Not Reported,May,2,Tuesday,18,30,Rural,Medium Speed (Collector),No,35.23845833,-94.00498889,Non-Intersection,Daylight,Clear,12:00pm-12:59pm,29,12:00pm-12:59pm,38,Not Applicable (Not Transported),Not Applicable (Not Transported),1,Daylight,Clear,1,0,['Driver'],['None_Used'],1,1,Valid,0.0,0.0,53.0,53.0,['Male'],0,0,5,4,3,Dry,Curve,Level,Lowest,No
2334,5,Arkansas,50197,0,1,1,0,2,WEST MEMPHIS,April,14,Friday,16,46,Urban,High Speed (Arterial),Yes,35.16757222,-90.20238611,Non-Intersection,Daylight,Clear,4:00pm-4:59pm,46,4:00pm-4:59pm,52,Not Applicable (Not Transported),Not Applicable (Not Transported),2,Daylight,Clear,2,0,"['Driver', 'Front_Passenger']","['Shoulder_Lapbelt', 'Shoulder_Lapbelt']",1,1,Invalid,0.0,1.0,30.0,30.0,['Female'],0,0,2,4,3,Dry,Straight,Level,Lowest,No
2335,5,Arkansas,50198,0,2,2,0,2,MOUNTAIN HOME,May,28,Sunday,11,51,Urban,Medium Speed (Collector),No,36.34010556,-92.38063056,Complex/Circle,Daylight,Clear,11:00am-11:59am,51,11:00am-11:59am,55,Unknown,Unknown EMS Hospital Arrival Time,1,Daylight,Clear,1,1,['Driver'],['None_Used'],0,0,Valid,0.0,0.0,64.0,16.0,"['Female', 'Female']",0,0,5,4,5,Dry,Straight,Level,Lowest,No
2336,5,Arkansas,50199,0,2,2,0,2,NOT APPLICABLE,April,17,Monday,11,25,Rural,Medium Speed (Collector),No,35.38903056,-93.53004722,Non-Intersection,Daylight,Clear,11:00am-11:59am,28,11:00am-11:59am,51,Unknown,Unknown EMS Hospital Arrival Time,1,Daylight,Clear,1,1,['Driver'],['Shoulder_Lapbelt'],0,0,Valid,0.0,0.0,75.0,38.0,"['Male', 'Male']",0,0,3,4,5,Dry,Straight,Level,Lowest,No
2337,5,Arkansas,50200,1,2,2,0,1,LITTLE ROCK,May,20,Saturday,2,8,Urban,High Speed (Arterial),Yes,34.68410833,-92.40602778,Non-Intersection,Dark - Not Lighted,Cloudy,2:00am-2:59am,10,2:00am-2:59am,12,Unknown,Unknown EMS Hospital Arrival Time,1,Dark - Unlighted,Reduced Visibility,0,1,[],[],1,1,Invalid,0.0,0.0,29.0,29.0,['Male'],1,0,3,4,5,Wet/Standing Water,Straight,Level,Lowest,No
2338,5,Arkansas,50201,1,1,1,0,1,NORTH LITTLE ROCK,May,30,Tuesday,20,7,Urban,High Speed (Arterial),Yes,34.81576111,-92.23956944,Complex/Circle,Dark - Lighted,Clear,Unknown,Unknown,Unknown EMS Scene Arrival Hour,Unknown EMS Scene Arrival Minutes,Not Applicable (Not Transported),Not Applicable (Not Transported),1,Dark - Lighted,Clear,0,1,[],[],0,0,Valid,1.0,1.0,66.0,66.0,['Male'],0,0,3,4,4,Dry,Straight,Grade/Hillcrest,Lowest,No
2339,5,Arkansas,50202,0,2,2,0,3,NOT APPLICABLE,May,24,Wednesday,3,48,Rural,High Speed (Arterial),Yes,34.37965278,-92.851325,Non-Intersection,Dark - Not Lighted,Clear,3:00am-3:59am,48,4:00am-4:59am,0,Unknown,Unknown EMS Hospital Arrival Time,1,Dark - Unlighted,Clear,1,2,['Front_Passenger'],['Shoulder_Lapbelt'],1,1,Valid,0.0,0.0,46.0,21.0,"['Male', 'Male']",0,0,4,4,5,Dry,Straight,Level,Lowest,No
2340,5,Arkansas,50203,0,1,1,0,1,NOT APPLICABLE,June,3,Saturday,1,16,Rural,Medium Speed (Collector),No,34.62043611,-94.39596389,Non-Intersection,Dark - Not Lighted,Clear,Not Applicable (Not Notified),Not Applicable (Not Notified),Not Applicable,Not Applicable,Not Applicable (Not Transported),Not Applicable (Not Transported),1,Dark - Unlighted,Clear,1,0,['Driver'],['None_Used'],1,1,Invalid,1.0,6.0,49.0,49.0,['Male'],0,0,5,4,2,Dry,Curve,Grade/Hillcrest,Lowest,No
2341,5,Arkansas,50204,0,1,1,0,1,NOT APPLICABLE,May,16,Tuesday,2,0,Rural,Low Speed (Local),No,36.39388611,-94.08071389,Non-Intersection,Dark - Not Lighted,Reported as Unknown,2:00am-2:59am,4,2:00am-2:59am,13,Not Applicable (Not Transported),Not Applicable (Not Transported),1,Dark - Unlighted,Clear,1,0,['Driver'],['None_Used'],1,1,Valid,0.0,0.0,31.0,31.0,['Male'],1,0,3,4,3,Wet/Standing Water,Curve,Level,Lowest,No
2342,5,Arkansas,50205,0,1,1,0,1,NOT APPLICABLE,May,28,Sunday,6,30,Rural,Medium Speed (Collector),No,35.11257778,-92.52067222,Non-Intersection,Dark - Not Lighted,Clear,10:00am-10:59am,51,11:00am-11:59am,0,Not Applicable (Not Transported),Not Applicable (Not Transported),1,Dark - Unlighted,Clear,1,0,['Driver'],['None_Used'],1,1,Invalid,0.0,1.0,31.0,31.0,['Male'],1,0,3,4,3,Dry,Straight,Level,Lowest,No
2343,5,Arkansas,50206,0,1,1,0,3,WHITE HALL,June,3,Saturday,2,10,Urban,High Speed (Arterial),Yes,34.2475,-92.09980833,Non-Intersection,Dark - Not Lighted,Clear,2:00am-2:59am,14,2:00am-2:59am,25,Not Applicable (Not Transported),Not Applicable (Not Transported),1,Dark - Unlighted,Clear,1,2,['Driver'],['None_Used'],1,1,Invalid,0.0,0.0,36.0,36.0,['Female'],0,0,3,4,3,Dry,Curve,Level,Lowest,No