,State_Code,State_Name,Crash_ID,Count_Non_Motorists,Count_Vehicles_Total,Count_Vehicle_Forms,Count_PVH_Involved,Count_Occupants_MV,City_Name,Month_Name,Day_of_Month,Day_of_Week,Crash_Hour,Crash_Minute,Area_Rural_Urban,Road_Functional_Class,On_NHS_Road,Latitude,Longitude,Intersection_Type,Light_Condition,Weather_Condition,Notif_Hour,Notif_Minute,Arrival_Hour,Arrival_Minute,Hospital_Hour,Hospital_Minute,Fatalities_Count,Clean_Light_Condition,Clean_Weather_Condition,Total_Killed,Total_Alive,Fatal_Seats_List,Killed_Restraint_List,Any_Driver_Drinking,Total_Drinking_Drivers,Driver_License_Category,Driver_Max_Prev_Accident_Count,Driver_Max_Prev_Speeding_Count,Max_Driver_Age,Min_Driver_Age,Driver_Sex_List,Total_Exceeding_Limit_Vehicles,Total_Too_Fast_Vehicles,Max_Vehicle_Type_Severity_5,Max_Vehicle_Damage_Rank,Max_Harmful_Event_Severity,Crash_Road_Surface_Condition,Crash_Horizontal_Alignment,Crash_Vertical_Profile,Crash_Impairment_Category,Crash_Vehicle_Defect
2344,5,Arkansas,50207,0,2,2,0,6,ROGERS,June,3,Saturday,16,50,Urban,High Speed (Arterial),Yes,36.28501389,-94.15801389,Non-Intersection,Daylight,Rain,4:00pm-4:59pm,51,4:00pm-4:59pm,56,Unknown,Unknown EMS Hospital Arrival Time,1,Daylight,Rain/Wind/Minor,1,5,['Driver'],['None_Used'],0,0,Valid,0.0,0.0,51.0,39.0,"['Female', 'Female']",0,0,5,4,5,Wet/Standing Water,Straight,Level,Lowest,No
2345,5,Arkansas,50208,0,1,1,0,1,GREENWOOD,June,8,Thursday,13,35,Urban,Medium Speed (Collector),No,35.20804167,-94.24366944,Non-Intersection,Daylight,Clear,1:00pm-1:59pm,40,1:00pm-1:59pm,45,Unknown,Unknown EMS Hospital Arrival Time,1,Daylight,Clear,1,0,['Driver'],['None_Used'],0,0,Valid,0.0,0.0,70.0,70.0,['Female'],0,0,3,4,3,Dry,Curve,Level,Lowest,No
2346,5,Arkansas,50209,0,3,3,0,5,NOT APPLICABLE,May,7,Sunday,14,19,Rural,High Speed (Arterial),Yes,35.24548333,-92.99526389,Non-Intersection,Daylight,Cloudy,2:00pm-2:59pm,24,2:00pm-2:59pm,33,Unknown,Unknown EMS Hospital Arrival Time,1,Daylight,Reduced Visibility,1,4,['Front_Passenger'],['Shoulder_Lapbelt'],0,0,Valid,0.0,0.0,999.0,26.0,"['Female', 'Female', 'Other']",0,0,4,4,5,Dry,Straight,Level,Lowest,No
2347,5,Arkansas,50210,0,1,1,0,3,DIAZ,May,17,Wednesday,20,36,Urban,Medium Speed (Collector),No,35.65772222,-91.2485,Non-Intersection,Dark - Not Lighted,Clear,8:00pm-8:59pm,36,8:00pm-8:59pm,42,Unknown,Unknown EMS Hospital Arrival Time,1,Dark - Unlighted,Clear,1,2,['Driver'],['None_Used'],0,0,Valid,0.0,0.0,34.0,34.0,['Male'],3,0,3,4,3,Dry,Straight,Level,Lowest,No
2348,5,Arkansas,50211,0,2,2,0,2,NOT APPLICABLE,May,19,Friday,17,15,Rural,High Speed (Arterial),Yes,35.56996944,-90.14198333,Non-Intersection,Daylight,Cloudy,5:00pm-5:59pm,18,5:00pm-5:59pm,33,Unknown,Unknown EMS Hospital Arrival Time,1,Daylight,Reduced Visibility,1,1,['Driver'],['Shoulder_Lapbelt'],0,0,Valid,0.0,1.0,47.0,21.0,"['Male', 'Male']",0,0,4,4,5,Dry,Straight,Level,Lowest,No
2349,5,Arkansas,50212,0,2,2,0,2,NOT APPLICABLE,May,30,Tuesday,8,20,Rural,High Speed (Arterial),Yes,35.83850278,-90.40917778,Non-Intersection,Daylight,Clear,8:00am-8:59am,20,8:00am-8:59am,22,Unknown,Unknown EMS Hospital Arrival Time,1,Daylight,Clear,1,1,['Driver'],['Shoulder_Lapbelt'],0,0,Valid,0.0,0.0,59.0,38.0,"['Male', 'Male']",0,0,3,4,5,Dry,Straight,Level,Lowest,No
2350,5,Arkansas,50213,0,2,2,0,3,BLACK OAK,June,2,Friday,8,18,Rural,High Speed (Arterial),Yes,35.83985833,-90.37076111,Simple Junction,Daylight,Clear,8:00am-8:59am,24,8:00am-8:59am,33,Not Applicable (Not Transported),Not Applicable (Not Transported),1,Daylight,Clear,1,2,['Driver'],['Shoulder_Lapbelt'],0,0,Valid,0.0,0.0,55.0,25.0,"['Female', 'Male']",0,0,3,4,5,Dry,Straight,Level,Lowest,No
2351,5,Arkansas,50214,1,1,1,0,1,LITTLE ROCK,April,17,Monday,3,37,Urban,Medium Speed (Collector),No,34.74973333,-92.28100278,Non-Intersection,Dark - Lighted,Clear,3:00am-3:59am,37,3:00am-3:59am,37,Unknown,Unknown EMS Hospital Arrival Time,1,Dark - Lighted,Clear,0,1,[],[],0,0,Valid,0.0,0.0,86.0,86.0,['Male'],0,0,3,3,4,Dry,Straight,Level,Lowest,No
2352,5,Arkansas,50215,0,1,1,0,4,NOT APPLICABLE,June,12,Monday,8,49,Rural,High Speed (Arterial),Yes,34.62919444,-92.26895833,Non-Intersection,Daylight,Clear,Unknown,Unknown,Unknown EMS Scene Arrival Hour,Unknown EMS Scene Arrival Minutes,Unknown,Unknown EMS Hospital Arrival Time,1,Daylight,Clear,1,3,['Driver'],['Shoulder_Lapbelt'],0,0,Valid,0.0,0.0,62.0,62.0,['Male'],0,0,2,4,3,Dry,Straight,Level,Lowest,No
2353,5,Arkansas,50217,0,2,2,0,5,NOT APPLICABLE,May,5,Friday,8,20,Rural,High Speed (Arterial),Yes,34.55499167,-90.71118056,Non-Intersection,Daylight,Rain,8:00am-8:59am,26,8:00am-8:59am,36,Unknown,Unknown EMS Hospital Arrival Time,2,Daylight,Rain/Wind/Minor,2,3,"['Driver', 'Front_Passenger']","['None_Used', 'None_Used']",0,0,Valid,0.0,1.0,34.0,27.0,"['Female', 'Female']",0,0,3,4,5,Wet/Standing Water,Straight,Level,Lowest,No
2354,5,Arkansas,50218,1,1,1,0,1,FAYETTEVILLE,June,10,Saturday,22,48,Urban,High Speed (Arterial),Yes,36.04008056,-94.18953611,Non-Intersection,Dark - Not Lighted,Clear,10:00pm-10:59pm,49,10:00pm-10:59pm,57,Not Applicable (Not Transported),Not Applicable (Not Transported),1,Dark - Unlighted,Clear,0,1,[],[],0,0,Valid,0.0,0.0,40.0,40.0,['Male'],0,0,2,4,4,Dry,Straight,Level,Lowest,No
2355,5,Arkansas,50219,0,2,2,0,2,HOPE,June,15,Thursday,20,20,Urban,Medium Speed (Collector),No,33.65855278,-93.57511389,Complex/Circle,Dark - Lighted,Clear,8:00pm-8:59pm,27,8:00pm-8:59pm,33,Not Applicable (Not Transported),Not Applicable (Not Transported),1,Dark - Lighted,Clear,1,1,['Driver'],['None_Used'],0,0,Valid,0.0,0.0,73.0,44.0,"['Male', 'Male']",0,0,5,4,5,Dry,Straight,Level,Lowest,No
2356,5,Arkansas,50220,0,2,2,0,6,NOT APPLICABLE,April,21,Friday,23,36,Rural,High Speed (Arterial),Yes,36.23417222,-91.24114444,Non-Intersection,Dark - Not Lighted,Clear,11:00pm-11:59pm,38,0:00am-0:59am,1,Unknown,Unknown EMS Hospital Arrival Time,1,Dark - Unlighted,Clear,1,5,['Rear_Seat'],['None_Used'],0,0,Valid,0.0,0.0,62.0,32.0,"['Female', 'Male']",0,0,3,4,5,Dry,Straight,Level,Lowest,No
2357,5,Arkansas,50221,0,2,2,0,3,FAYETTEVILLE,April,22,Saturday,12,37,Urban,High Speed (Arterial),Yes,36.07206667,-94.12601389,Non-Intersection,Daylight,Clear,12:00pm-12:59pm,39,12:00pm-12:59pm,40,Unknown,Unknown EMS Hospital Arrival Time,1,Daylight,Clear,1,2,['Front_Passenger'],['Shoulder_Lapbelt'],0,0,Invalid,1.0,1.0,48.0,25.0,"['Female', 'Male']",0,0,3,4,5,Dry,Curve,Grade/Hillcrest,Lowest,No
2358,5,Arkansas,50222,0,1,1,0,2,NOT APPLICABLE,May,26,Friday,19,15,Rural,Low Speed (Local),No,36.09209722,-93.79290556,Non-Intersection,Daylight,Clear,7:00pm-7:59pm,15,7:00pm-7:59pm,26,Not Applicable (Not Transported),Not Applicable (Not Transported),1,Daylight,Clear,1,1,['Driver'],['None_Used'],0,0,Invalid,0.0,0.0,21.0,21.0,['Female'],2,0,5,3,3,Dry,Straight,Grade/Hillcrest,Lowest,No
2359,5,Arkansas,50223,0,1,1,0,1,NOT APPLICABLE,June,4,Sunday,0,30,Rural,High Speed (Arterial),Yes,33.86880278,-92.27514722,Non-Intersection,Dark - Not Lighted,Clear,Not Applicable (Not Notified),Not Applicable (Not Notified),Not Applicable,Not Applicable,Not Applicable (Not Transported),Not Applicable (Not Transported),1,Dark - Unlighted,Clear,1,0,['Driver'],['None_Used'],0,0,Invalid,0.0,0.0,46.0,46.0,['Female'],0,0,2,4,3,Dry,Straight,Level,Lowest,No
2360,5,Arkansas,50224,0,2,2,0,2,NOT APPLICABLE,June,19,Monday,12,25,Rural,Medium Speed (Collector),No,34.091875,-94.101925,Non-Intersection,Daylight,Clear,12:00pm-12:59pm,30,12:00pm-12:59pm,47,Unknown,Unknown EMS Hospital Arrival Time,1,Daylight,Clear,1,1,['Driver'],['Shoulder_Lapbelt'],1,1,Valid,0.0,0.0,69.0,40.0,"['Male', 'Male']",0,0,4,4,5,Dry,Straight,Level,Lowest,No
2361,5,Arkansas,50225,1,1,1,0,1,JONESBORO,June,22,Thursday,9,40,Urban,High Speed (Arterial),Yes,35.8212,-90.66889167,Complex/Circle,Daylight,Clear,9:00am-9:59am,42,9:00am-9:59am,46,Not Applicable (Not Transported),Not Applicable (Not Transported),1,Daylight,Clear,0,1,[],[],0,0,Valid,0.0,0.0,43.0,43.0,['Male'],0,0,4,1,4,Dry,Straight,Level,Lowest,No
2362,5,Arkansas,50226,0,2,2,0,2,NOT APPLICABLE,April,23,Sunday,10,50,Rural,High Speed (Arterial),Yes,35.09712778,-91.99043056,Non-Intersection,Daylight,Clear,10:00am-10:59am,51,11:00am-11:59am,1,Unknown,Unknown EMS Hospital Arrival Time,1,Daylight,Clear,1,1,['Driver'],['Shoulder_Lapbelt'],0,0,Valid,1.0,0.0,85.0,18.0,"['Female', 'Male']",0,0,2,4,5,Dry,Straight,Non-Trafficway,Lowest,No
2363,5,Arkansas,50227,0,2,2,0,2,NOT APPLICABLE,June,24,Saturday,5,50,Rural,High Speed (Arterial),Yes,34.555,-92.80227222,Non-Intersection,Daylight,Clear,5:00am-5:59am,57,6:00am-6:59am,12,Unknown,Unknown EMS Hospital Arrival Time,1,Daylight,Clear,1,1,['Driver'],['Shoulder_Lapbelt'],1,2,Invalid,1.0,2.0,46.0,21.0,"['Female', 'Male']",0,0,3,4,5,Dry,Straight,Level,Lowest,No
2364,5,Arkansas,50228,0,1,1,0,4,NOT APPLICABLE,May,25,Thursday,13,50,Rural,Medium Speed (Collector),No,34.03705278,-93.08533056,Non-Intersection,Daylight,Clear,1:00pm-1:59pm,50,2:00pm-2:59pm,0,Unknown,Unknown EMS Hospital Arrival Time,2,Daylight,Clear,2,2,"['Front_Passenger', 'Rear_Seat']","['Shoulder_Lapbelt', 'None_Used']",0,0,Valid,0.0,0.0,37.0,37.0,['Male'],0,0,1,4,4,Dry,Straight,Level,Lowest,No
2365,5,Arkansas,50229,0,2,2,0,4,LITTLE ROCK,June,3,Saturday,0,0,Urban,High Speed (Arterial),Yes,34.68079444,-92.35305833,Simple Junction,Dark - Lighted,Clear,0:00am-0:59am,10,0:00am-0:59am,15,Not Applicable (Not Transported),Not Applicable (Not Transported),2,Dark - Lighted,Clear,2,2,"['Driver', 'Front_Passenger']","['Shoulder_Lapbelt', 'Shoulder_Lapbelt']",0,0,Invalid,0.0,0.0,999.0,23.0,"['Other', 'Male']",0,0,3,4,5,Dry,Straight,Level,Lowest,No
2366,5,Arkansas,50230,1,1,1,0,1,LITTLE ROCK,June,19,Monday,0,10,Urban,High Speed (Arterial),Yes,34.67898056,-92.34682778,Non-Intersection,Dark - Not Lighted,Clear,Not Applicable (Not Notified),Not Applicable (Not Notified),Not Applicable,Not Applicable,Not Applicable (Not Transported),Not Applicable (Not Transported),1,Dark - Unlighted,Clear,0,1,[],[],0,0,Valid,0.0,0.0,33.0,33.0,['Male'],0,0,2,4,4,Dry,Straight,Grade/Hillcrest,Lowest,No
2367,5,Arkansas,50231,0,1,1,0,1,NOT APPLICABLE,June,6,Tuesday,9,19,Rural,High Speed (Arterial),Yes,33.34215278,-93.97659167,Non-Intersection,Daylight,Clear,9:00am-9:59am,22,9:00am-9:59am,37,Unknown,Unknown EMS Hospital Arrival Time,1,Daylight,Clear,1,0,['Driver'],['Shoulder_Lapbelt'],0,0,Valid,0.0,0.0,48.0,48.0,['Male'],0,0,3,4,2,Dry,Straight,Level,Lowest,No
2368,5,Arkansas,50232,0,2,2,0,3,NOT APPLICABLE,May,23,Tuesday,8,20,Rural,Medium Speed (Collector),No,35.14811944,-90.39025,Non-Intersection,Daylight,Cloudy,8:00am-8:59am,26,8:00am-8:59am,42,Unknown,Unknown EMS Hospital Arrival Time,1,Daylight,Reduced Visibility,1,2,['Driver'],['Shoulder_Lapbelt'],0,0,Valid,0.0,1.0,60.0,37.0,"['Male', 'Female']",2,0,3,4,5,Dry,Straight,Level,Lowest,No
2369,5,Arkansas,50233,0,1,1,0,2,MONROE,June,16,Friday,17,30,Rural,Medium Speed (Collector),No,34.83302222,-91.36885,Non-Intersection,Daylight,Rain,5:00pm-5:59pm,39,5:00pm-5:59pm,57,Not Applicable (Not Transported),Not Applicable (Not Transported),2,Daylight,Rain/Wind/Minor,2,0,"['Driver', 'Front_Passenger']","['Shoulder_Lapbelt', 'Shoulder_Lapbelt']",0,0,Valid,0.0,0.0,71.0,71.0,['Male'],0,0,3,4,3,Wet/Standing Water,Straight,Level,Lowest,No
2370,5,Arkansas,50234,0,1,1,0,6,LONDON,June,19,Monday,12,23,Rural,High Speed (Arterial),Yes,35.33317778,-93.23814167,Non-Intersection,Daylight,Clear,12:00pm-12:59pm,28,12:00pm-12:59pm,40,Unknown,Unknown EMS Hospital Arrival Time,3,Daylight,Clear,3,3,"['Driver', 'Rear_Seat', 'Front_Passenger']","['None_Used', 'Child_Safety', 'Shoulder_Lapbelt']",0,0,Valid,1.0,1.0,28.0,28.0,['Female'],0,0,3,4,3,Dry,Straight,Grade/Hillcrest,Lowest,No
2371,5,Arkansas,50235,0,1,1,0,1,NOT APPLICABLE,June,20,Tuesday,13,12,Rural,High Speed (Arterial),No,33.68467222,-92.04349167,Non-Intersection,Daylight,Clear,1:00pm-1:59pm,18,1:00pm-1:59pm,35,Not Applicable (Not Transported),Not Applicable (Not Transported),1,Daylight,Clear,1,0,['Driver'],['None_Used'],0,0,Valid,1.0,0.0,64.0,64.0,['Male'],0,0,2,4,2,Dry,Straight,Level,Lowest,No
2372,5,Arkansas,50236,0,1,1,0,2,NOT APPLICABLE,June,24,Saturday,19,19,Rural,High Speed (Arterial),Yes,33.35424444,-93.68115556,Non-Intersection,Daylight,Clear,7:00pm-7:59pm,23,7:00pm-7:59pm,32,Unknown,Unknown EMS Hospital Arrival Time,1,Daylight,Clear,1,1,['Driver'],['None_Used'],0,0,Valid,0.0,0.0,21.0,21.0,['Male'],2,0,2,4,3,Dry,Straight,Level,Lowest,No
2373,5,Arkansas,50237,0,1,1,0,1,NOT APPLICABLE,May,17,Wednesday,18,35,Rural,Medium Speed (Collector),No,35.32206111,-91.64291944,Non-Intersection,Daylight,Clear,6:00pm-6:59pm,40,6:00pm-6:59pm,50,Unknown,Unknown EMS Hospital Arrival Time,1,Daylight,Clear,1,0,['Driver'],['None_Used'],1,1,Invalid,0.0,1.0,25.0,25.0,['Male'],1,0,3,4,3,Dry,Curve,Grade/Hillcrest,Lowest,No
2374,5,Arkansas,50238,0,2,2,0,3,NOT APPLICABLE,June,24,Saturday,21,48,Rural,Medium Speed (Collector),No,33.52524167,-91.45996111,Non-Intersection,Dark - Not Lighted,Clear,9:00pm-9:59pm,51,9:00pm-9:59pm,54,Unknown,Unknown EMS Hospital Arrival Time,1,Dark - Unlighted,Clear,1,2,['Driver'],['None_Used'],1,2,Invalid,0.0,0.0,65.0,29.0,"['Female', 'Male']",0,0,3,4,5,Dry,Curve,Level,Lowest,No
2375,5,Arkansas,50239,0,1,1,0,2,NOT APPLICABLE,July,2,Sunday,1,25,Urban,Medium Speed (Collector),No,35.18217222,-92.742525,Non-Intersection,Dark - Not Lighted,Clear,1:00am-1:59am,47,1:00am-1:59am,53,Unknown,Unknown EMS Hospital Arrival Time,1,Dark - Unlighted,Clear,1,1,['Driver'],['None_Used'],1,1,Valid,1.0,3.0,21.0,21.0,['Male'],2,0,2,4,3,Dry,Curve,Level,Lowest,No
2376,5,Arkansas,50240,0,2,2,0,2,POCAHONTAS,June,28,Wednesday,5,25,Urban,High Speed (Arterial),Yes,36.26999444,-90.96106667,Non-Intersection,Dawn,Clear,5:00am-5:59am,26,5:00am-5:59am,30,Unknown,Unknown EMS Hospital Arrival Time,1,Twilight,Clear,1,1,['Driver'],['Shoulder_Lapbelt'],0,0,Valid,0.0,0.0,26.0,25.0,"['Male', 'Male']",0,0,3,4,5,Dry,Straight,Level,Lowest,No
2377,5,Arkansas,50241,0,2,2,0,2,NOT APPLICABLE,June,19,Monday,12,23,Rural,Medium Speed (Collector),No,35.165575,-91.81925,Non-Intersection,Daylight,Clear,12:00pm-12:59pm,27,12:00pm-12:59pm,36,Not Applicable (Not Transported),Not Applicable (Not Transported),1,Daylight,Clear,1,1,['Driver'],['Lapbelt_Only'],0,0,Valid,0.0,1.0,46.0,22.0,"['Female', 'Male']",0,0,3,4,5,Dry,Curve,Level,Lowest,No
2378,5,Arkansas,50242,1,1,1,0,1,NORTH LITTLE ROCK,June,19,Monday,20,45,Urban,High Speed (Arterial),Yes,34.78665556,-92.28982778,Non-Intersection,Dark - Not Lighted,Clear,8:00pm-8:59pm,52,9:00pm-9:59pm,0,Unknown,Unknown EMS Hospital Arrival Time,1,Dark - Unlighted,Clear,0,1,[],[],0,0,Valid,0.0,0.0,30.0,30.0,['Male'],0,0,2,3,4,Dry,Straight,Level,Lowest,No
2379,5,Arkansas,50243,0,1,1,0,3,CAMDEN,July,4,Tuesday,11,27,Urban,High Speed (Arterial),Yes,33.56581944,-92.82996389,Complex/Circle,Daylight,Clear,11:00am-11:59am,29,11:00am-11:59am,31,Unknown,Unknown EMS Hospital Arrival Time,1,Daylight,Clear,1,2,['Driver'],['None_Used'],0,0,Valid,0.0,0.0,21.0,21.0,['Male'],0,0,3,4,3,Dry,Straight,Grade/Hillcrest,Lowest,No
2380,5,Arkansas,50244,0,2,2,0,3,NOT APPLICABLE,April,30,Sunday,21,43,Rural,Medium Speed (Collector),No,35.34255556,-91.62360556,Non-Intersection,Dark - Not Lighted,Clear,9:00pm-9:59pm,45,9:00pm-9:59pm,58,Unknown,Unknown EMS Hospital Arrival Time,2,Dark - Unlighted,Clear,2,1,"['Front_Passenger', 'Driver']","['Shoulder_Lapbelt', 'None_Used']",1,1,Valid,2.0,2.0,55.0,19.0,"['Male', 'Male']",0,0,3,4,5,Dry,Straight,Grade/Hillcrest,Lowest,No
2381,5,Arkansas,50245,2,1,1,0,1,LITTLE ROCK,April,30,Sunday,22,57,Urban,Medium Speed (Collector),No,34.74144444,-92.342825,Non-Intersection,Dark - Lighted,Clear,10:00pm-10:59pm,57,10:00pm-10:59pm,57,Unknown,Unknown EMS Hospital Arrival Time,1,Dark - Lighted,Clear,0,1,[],[],0,0,Invalid,1.0,0.0,26.0,26.0,['Male'],0,0,2,3,4,Dry,Straight,Grade/Hillcrest,Lowest,No
2382,5,Arkansas,50246,0,2,2,0,7,NOT APPLICABLE,July,5,Wednesday,9,28,Rural,Medium Speed (Collector),No,36.32278889,-93.380175,Non-Intersection,Daylight,Clear,9:00am-9:59am,29,9:00am-9:59am,51,Unknown,Unknown EMS Hospital Arrival Time,3,Daylight,Clear,3,4,"['Front_Passenger', 'Driver', 'Front_Passenger']","['Lapbelt_Only', 'Shoulder_Lapbelt', 'Shoulder_Lapbelt']",0,0,Valid,0.0,0.0,46.0,18.0,"['Male', 'Male']",0,0,3,4,5,Dry,Curve,Level,Lowest,No
2383,5,Arkansas,50247,0,1,1,0,1,NOT APPLICABLE,July,7,Friday,18,19,Rural,Medium Speed (Collector),No,34.6072,-94.38593056,Non-Intersection,Daylight,Cloudy,6:00pm-6:59pm,19,6:00pm-6:59pm,34,Unknown,Unknown EMS Hospital Arrival Time,1,Daylight,Reduced Visibility,1,0,['Driver'],['None_Used'],1,1,Invalid,0.0,0.0,44.0,44.0,['Male'],0,0,5,4,3,Dry,Curve,Grade/Hillcrest,Lowest,No
2384,5,Arkansas,50248,1,2,1,1,3,OGDEN,June,28,Wednesday,16,32,Rural,High Speed (Arterial),Yes,33.59193333,-94.05074722,Non-Intersection,Daylight,Clear,4:00pm-4:59pm,32,4:00pm-4:59pm,51,Unknown,Unknown EMS Hospital Arrival Time,3,Daylight,Clear,2,1,"['Front_Passenger', 'Rear_Seat']","['Shoulder_Lapbelt', 'None_Used']",0,0,Invalid,0.0,0.0,35.0,35.0,['Male'],0,0,3,4,4,Dry,Straight,Level,Lowest,No
2385,5,Arkansas,50249,0,2,2,0,3,NOT APPLICABLE,May,17,Wednesday,12,59,Rural,High Speed (Arterial),Yes,35.13921667,-90.09971111,Non-Intersection,Daylight,Clear,1:00pm-1:59pm,6,1:00pm-1:59pm,16,Unknown,Unknown EMS Hospital Arrival Time,1,Daylight,Clear,1,2,['Driver'],['None_Used'],0,0,Valid,0.0,0.0,76.0,49.0,"['Female', 'Male']",0,0,4,4,5,Dry,Straight,Level,Lowest,No
2386,5,Arkansas,50250,1,3,3,0,3,NOT APPLICABLE,May,29,Monday,16,13,Rural,High Speed (Arterial),Yes,35.15303056,-90.06937222,Non-Intersection,Daylight,Clear,4:00pm-4:59pm,16,4:00pm-4:59pm,26,Unknown,Unknown EMS Hospital Arrival Time,1,Daylight,Clear,1,2,['Front_Passenger'],['None_Used'],0,0,Valid,0.0,0.0,24.0,23.0,"['Male', 'Male']",0,0,4,4,5,Dry,Straight,Grade/Hillcrest,Lowest,Yes
2387,5,Arkansas,50251,0,3,3,0,3,NOT APPLICABLE,June,7,Wednesday,11,40,Rural,High Speed (Arterial),Yes,35.136675,-90.09141389,Non-Intersection,Daylight,Clear,Unknown,Unknown,Unknown EMS Scene Arrival Hour,Unknown EMS Scene Arrival Minutes,Not Applicable (Not Transported),Not Applicable (Not Transported),1,Daylight,Clear,1,2,['Driver'],['Shoulder_Lapbelt'],0,0,Valid,0.0,0.0,57.0,33.0,"['Female', 'Male', 'Male']",1,0,4,4,5,Dry,Straight,Level,Lowest,No
2388,5,Arkansas,50252,0,2,2,0,2,LITTLE ROCK,July,4,Tuesday,16,21,Urban,High Speed (Arterial),Yes,34.72399167,-92.267325,Complex/Circle,Daylight,Clear,Unknown,Unknown,Unknown EMS Scene Arrival Hour,Unknown EMS Scene Arrival Minutes,Not Applicable (Not Transported),Not Applicable (Not Transported),1,Daylight,Clear,1,1,['Driver'],['None_Used'],0,0,Invalid,0.0,2.0,25.0,25.0,"['Male', 'Female']",0,0,5,4,5,Dry,Straight,Level,Lowest,No
2389,5,Arkansas,50253,0,2,2,0,2,NOT APPLICABLE,July,2,Sunday,20,16,Rural,High Speed (Arterial),Yes,35.00490833,-92.14548056,Non-Intersection,Daylight,Clear,8:00pm-8:59pm,16,8:00pm-8:59pm,20,Not Applicable (Not Transported),Not Applicable (Not Transported),1,Daylight,Clear,1,1,['Driver'],['None_Used'],1,1,Invalid,0.0,1.0,64.0,53.0,"['Male', 'Male']",0,0,4,4,5,Dry,Straight,Grade/Hillcrest,Lowest,No
2390,5,Arkansas,50254,0,3,3,0,5,CONWAY,June,24,Saturday,22,50,Urban,High Speed (Arterial),Yes,35.06087222,-92.20796667,Complex/Circle,Dark - Not Lighted,Clear,10:00pm-10:59pm,55,11:00pm-11:59pm,7,Unknown,Unknown EMS Hospital Arrival Time,1,Dark - Unlighted,Clear,1,4,['Driver'],['Shoulder_Lapbelt'],1,1,Valid,0.0,0.0,24.0,20.0,"['Male', 'Male', 'Male']",0,0,3,4,5,Dry,Straight,Level,Lowest,No
2391,5,Arkansas,50255,0,1,1,0,1,CARTHAGE,July,1,Saturday,18,11,Rural,Medium Speed (Collector),No,34.07496389,-92.56483611,Non-Intersection,Daylight,Clear,6:00pm-6:59pm,11,6:00pm-6:59pm,28,Unknown,Unknown EMS Hospital Arrival Time,1,Daylight,Clear,1,0,['Driver'],['None_Used'],1,1,Valid,1.0,2.0,24.0,24.0,['Male'],1,0,3,4,3,Dry,Curve,Level,Lowest,No
2392,5,Arkansas,50256,0,1,1,0,1,NOT APPLICABLE,July,10,Monday,14,15,Rural,High Speed (Arterial),Yes,33.62921389,-93.73225833,Non-Intersection,Daylight,Clear,2:00pm-2:59pm,15,2:00pm-2:59pm,27,Unknown,Unknown EMS Hospital Arrival Time,1,Daylight,Clear,1,0,['Driver'],['Shoulder_Lapbelt'],0,0,Valid,0.0,0.0,29.0,29.0,['Female'],1,0,2,4,3,Dry,Straight,Level,Lowest,No
2393,5,Arkansas,50257,1,1,1,0,2,BENTON,July,7,Friday,2,0,Urban,High Speed (Arterial),Yes,34.59946389,-92.55109167,Non-Intersection,Dark - Not Lighted,Clear,Unknown,Unknown if Notified,Unknown EMS Scene Arrival Hour,Unknown if Arrived,Not Applicable (Not Transported),Not Applicable (Not Transported),1,Dark - Unlighted,Clear,0,2,[],[],0,0,Valid,0.0,0.0,46.0,46.0,['Male'],0,0,4,4,4,Dry,Straight,Level,Lowest,No
2394,5,Arkansas,50258,0,1,1,0,1,MAGNOLIA,July,9,Sunday,0,20,Urban,Low Speed (Local),No,33.26618333,-93.19902222,Non-Intersection,Dark - Not Lighted,Clear,1:00am-1:59am,5,1:00am-1:59am,13,Not Applicable (Not Transported),Not Applicable (Not Transported),1,Dark - Unlighted,Clear,1,0,['Driver'],['None_Used'],1,1,Valid,0.0,0.0,17.0,17.0,['Male'],1,0,3,4,3,Dry,Straight,Level,Lowest,No
2395,5,Arkansas,50259,0,1,1,0,1,NOT APPLICABLE,June,9,Friday,15,30,Rural,Low Speed (Local),No,36.29125556,-94.403875,Non-Intersection,Daylight,Cloudy,3:00pm-3:59pm,31,3:00pm-3:59pm,40,Unknown,Unknown EMS Hospital Arrival Time,1,Daylight,Reduced Visibility,1,0,['Driver'],['None_Used'],0,0,Valid,0.0,0.0,21.0,21.0,['Male'],0,0,3,4,3,Loose/Unpaved,Straight,Level,Lowest,No
2396,5,Arkansas,50260,0,2,2,0,2,NOT APPLICABLE,June,27,Tuesday,10,8,Rural,Low Speed (Local),No,36.45373611,-92.31440556,Non-Intersection,Daylight,Clear,10:00am-10:59am,12,10:00am-10:59am,32,Not Applicable (Not Transported),Not Applicable (Not Transported),1,Daylight,Clear,1,1,['Driver'],['None_Used'],1,1,Valid,0.0,0.0,42.0,31.0,"['Male', 'Male']",0,0,5,4,5,Dry,Straight,Grade/Hillcrest,Lowest,No
2397,5,Arkansas,50261,0,1,1,0,1,NOT APPLICABLE,July,7,Friday,16,30,Rural,Low Speed (Local),No,33.78466667,-93.40276111,Non-Intersection,Daylight,Clear,Unknown,Unknown,Unknown EMS Scene Arrival Hour,Unknown EMS Scene Arrival Minutes,Not Applicable (Not Transported),Not Applicable (Not Transported),1,Daylight,Clear,1,0,['Driver'],['Shoulder_Lapbelt'],0,0,Valid,0.0,2.0,26.0,26.0,['Male'],0,0,3,4,4,Dry,Straight,Grade/Hillcrest,Lowest,No
2398,5,Arkansas,50262,0,2,2,0,4,NOT APPLICABLE,July,8,Saturday,12,30,Rural,High Speed (Arterial),Yes,34.53803056,-91.57038056,Non-Intersection,Daylight,Clear,12:00pm-12:59pm,35,12:00pm-12:59pm,39,Unknown,Unknown EMS Hospital Arrival Time,1,Daylight,Clear,1,3,['Driver'],['Shoulder_Lapbelt'],0,0,Valid,0.0,4.0,25.0,23.0,"['Female', 'Male']",1,0,3,4,5,Dry,Straight,Level,Lowest,No