,State_Code,State_Name,Crash_ID,Count_Non_Motorists,Count_Vehicles_Total,Count_Vehicle_Forms,Count_PVH_Involved,Count_Occupants_MV,City_Name,Month_Name,Day_of_Month,Day_of_Week,Crash_Hour,Crash_Minute,Area_Rural_Urban,Road_Functional_Class,On_NHS_Road,Latitude,Longitude,Intersection_Type,Light_Condition,Weather_Condition,Notif_Hour,Notif_Minute,Arrival_Hour,Arrival_Minute,Hospital_Hour,Hospital_Minute,Fatalities_Count,Clean_Light_Condition,Clean_Weather_Condition,Total_Killed,Total_Alive,Fatal_Seats_List,Killed_Restraint_List,Any_Driver_Drinking,Total_Drinking_Drivers,Driver_License_Category,Driver_Max_Prev_Accident_Count,Driver_Max_Prev_Speeding_Count,Max_Driver_Age,Min_Driver_Age,Driver_Sex_List,Total_Exceeding_Limit_Vehicles,Total_Too_Fast_Vehicles,Max_Vehicle_Type_Severity_5,Max_Vehicle_Damage_Rank,Max_Harmful_Event_Severity,Crash_Road_Surface_Condition,Crash_Horizontal_Alignment,Crash_Vertical_Profile,Crash_Impairment_Category,Crash_Vehicle_Defect
2399,5,Arkansas,50263,0,1,1,0,2,NOT APPLICABLE,July,8,Saturday,17,10,Rural,Low Speed (Local),No,34.30668611,-92.81135556,Non-Intersection,Daylight,Clear,5:00pm-5:59pm,17,5:00pm-5:59pm,29,Unknown,Unknown EMS Hospital Arrival Time,1,Daylight,Clear,1,1,['Front_Passenger'],['None_Used'],0,0,Invalid,0.0,0.0,13.0,13.0,['Male'],0,0,5,4,3,Dry,Curve,Grade/Hillcrest,Lowest,No
2400,5,Arkansas,50264,0,1,1,0,1,KEO,June,30,Friday,16,45,Rural,High Speed (Arterial),Yes,34.60095,-92.00808056,Non-Intersection,Daylight,Clear,4:00pm-4:59pm,59,5:00pm-5:59pm,5,Unknown,Unknown EMS Hospital Arrival Time,1,Daylight,Clear,1,0,['Driver'],['None_Used'],0,0,Valid,0.0,0.0,58.0,58.0,['Male'],0,0,5,3,2,Dry,Curve,Level,Lowest,No
2401,5,Arkansas,50265,0,1,1,0,2,NOT APPLICABLE,May,2,Tuesday,13,37,Rural,Medium Speed (Collector),No,33.96679167,-92.62020833,Non-Intersection,Daylight,Clear,1:00pm-1:59pm,42,1:00pm-1:59pm,50,Not Applicable (Not Transported),Not Applicable (Not Transported),1,Daylight,Clear,1,1,['Front_Passenger'],['None_Used'],0,0,Valid,2.0,0.0,57.0,57.0,['Female'],2,0,2,4,3,Dry,Curve,Level,Lowest,No
2402,5,Arkansas,50266,1,1,1,0,2,NOT APPLICABLE,April,20,Thursday,23,34,Rural,Medium Speed (Collector),No,34.61787778,-92.27698889,Non-Intersection,Dark - Unknown Lighting,Not Reported,Unknown,Unknown,Unknown EMS Scene Arrival Hour,Unknown EMS Scene Arrival Minutes,Unknown,Unknown EMS Hospital Arrival Time,1,Dark - Unlighted,Clear,0,2,[],[],0,0,Invalid,0.0,1.0,47.0,47.0,['Male'],0,0,4,0,4,Dry,Straight,Level,Lowest,No
2403,5,Arkansas,50267,0,1,1,0,1,NOT APPLICABLE,July,10,Monday,14,35,Rural,Medium Speed (Collector),No,35.8412,-92.85686389,Non-Intersection,Daylight,Clear,Unknown,Unknown,Unknown EMS Scene Arrival Hour,Unknown EMS Scene Arrival Minutes,Not Applicable (Not Transported),Not Applicable (Not Transported),1,Daylight,Clear,1,0,['Driver'],['None_Used'],0,0,Valid,0.0,0.0,69.0,69.0,['Male'],0,0,5,3,3,Dry,Curve,Grade/Hillcrest,Lowest,No
2404,5,Arkansas,50268,0,1,1,0,1,FAYETTEVILLE,July,15,Saturday,10,33,Urban,High Speed (Arterial),Yes,36.1173,-94.14579167,Non-Intersection,Daylight,Clear,10:00am-10:59am,38,10:00am-10:59am,45,Not Applicable (Not Transported),Not Applicable (Not Transported),1,Daylight,Clear,1,0,['Driver'],['Shoulder_Lapbelt'],0,0,Valid,0.0,0.0,75.0,75.0,['Male'],0,0,2,4,3,Dry,Curve,Level,Lowest,No
2405,5,Arkansas,50269,0,4,4,0,4,NOT APPLICABLE,July,13,Thursday,7,28,Urban,High Speed (Arterial),Yes,35.08929444,-92.37707778,Non-Intersection,Daylight,Rain,7:00am-7:59am,30,7:00am-7:59am,37,Unknown,Unknown EMS Hospital Arrival Time,1,Daylight,Rain/Wind/Minor,1,3,['Driver'],['Shoulder_Lapbelt'],1,1,Valid,1.0,0.0,56.0,23.0,"['Male', 'Male', 'Female', 'Male']",1,0,3,4,5,Wet/Standing Water,Curve,Grade/Hillcrest,Lowest,No
2406,5,Arkansas,50270,0,2,2,0,2,NOT APPLICABLE,July,22,Saturday,12,25,Rural,Medium Speed (Collector),No,36.39844722,-93.70246389,Non-Intersection,Daylight,Clear,12:00pm-12:59pm,28,12:00pm-12:59pm,34,Unknown,Unknown EMS Hospital Arrival Time,1,Daylight,Clear,1,1,['Driver'],['None_Used'],0,0,Valid,0.0,1.0,58.0,54.0,"['Male', 'Male']",0,0,5,3,5,Dry,Curve,Level,Lowest,No
2407,5,Arkansas,50271,0,3,3,0,6,NOT APPLICABLE,July,22,Saturday,21,20,Rural,High Speed (Arterial),Yes,36.13665,-93.64913889,Non-Intersection,Dark - Not Lighted,Clear,9:00pm-9:59pm,20,9:00pm-9:59pm,28,Unknown,Unknown EMS Hospital Arrival Time,3,Dark - Unlighted,Clear,3,3,"['Driver', 'Front_Passenger', 'Front_Passenger']","['Shoulder_Lapbelt', 'Shoulder_Lapbelt', 'None_Used']",0,0,Valid,0.0,1.0,40.0,18.0,"['Female', 'Male', 'Female']",2,0,3,4,5,Dry,Straight,Level,Lowest,No
2408,5,Arkansas,50272,0,2,2,0,2,NOT APPLICABLE,June,29,Thursday,20,55,Rural,High Speed (Arterial),No,34.60740278,-92.65535556,Non-Intersection,Dark - Not Lighted,Clear,8:00pm-8:59pm,56,8:00pm-8:59pm,58,Not Applicable (Not Transported),Not Applicable (Not Transported),1,Dark - Unlighted,Clear,1,1,['Driver'],['None_Used'],1,1,Valid,0.0,0.0,59.0,43.0,"['Male', 'Male']",0,0,5,4,5,Dry,Curve,Grade/Hillcrest,Lowest,No
2409,5,Arkansas,50273,0,1,1,0,1,NOT APPLICABLE,July,16,Sunday,10,45,Rural,Low Speed (Local),No,35.22176667,-93.03136111,Non-Intersection,Daylight,Clear,10:00am-10:59am,47,10:00am-10:59am,58,Not Applicable (Not Transported),Not Applicable (Not Transported),1,Daylight,Clear,1,0,['Driver'],['None_Used'],0,0,Valid,0.0,0.0,52.0,52.0,['Male'],1,0,5,4,2,Dry,Straight,Non-Trafficway,Lowest,No
2410,5,Arkansas,50274,1,1,1,0,1,NOT APPLICABLE,July,19,Wednesday,6,40,Rural,High Speed (Arterial),Yes,35.90091944,-92.62060556,Non-Intersection,Daylight,Clear,Unknown,Unknown,Unknown EMS Scene Arrival Hour,Unknown EMS Scene Arrival Minutes,Not Applicable (Not Transported),Not Applicable (Not Transported),1,Daylight,Clear,0,1,[],[],0,0,Valid,0.0,0.0,18.0,18.0,['Female'],0,0,2,4,4,Dry,Curve,Grade/Hillcrest,Lowest,No
2411,5,Arkansas,50275,0,2,2,0,2,NOT APPLICABLE,July,19,Wednesday,5,7,Rural,High Speed (Arterial),Yes,34.31692222,-92.48661667,Complex/Circle,Daylight,Clear,Not Applicable (Not Notified),Not Applicable (Not Notified),Not Applicable,Not Applicable,Not Applicable (Not Transported),Not Applicable (Not Transported),1,Daylight,Clear,1,1,['Driver'],['Shoulder_Lapbelt'],0,0,Valid,0.0,1.0,80.0,43.0,"['Male', 'Male']",0,0,4,4,5,Dry,Straight,Grade/Hillcrest,Lowest,No
2412,5,Arkansas,50276,0,1,1,0,1,NOT APPLICABLE,July,19,Wednesday,17,43,Rural,Medium Speed (Collector),No,34.58264444,-93.92203611,Non-Intersection,Daylight,Clear,5:00pm-5:59pm,43,6:00pm-6:59pm,7,Unknown,Unknown EMS Hospital Arrival Time,1,Daylight,Clear,1,0,['Driver'],['None_Used'],0,0,Valid,0.0,0.0,72.0,72.0,['Male'],0,0,1,4,3,Dry,Straight,Level,Lowest,No
2413,5,Arkansas,50277,0,2,2,0,3,NOT APPLICABLE,July,22,Saturday,18,9,Rural,Medium Speed (Collector),No,34.02364722,-93.75998333,Non-Intersection,Daylight,Clear,6:00pm-6:59pm,9,6:00pm-6:59pm,21,Unknown,Unknown EMS Hospital Arrival Time,1,Daylight,Clear,1,2,['Rear_Seat'],['None_Used'],0,0,Valid,0.0,2.0,63.0,28.0,"['Male', 'Male']",0,0,5,4,5,Dry,Curve,Level,Lowest,No
2414,5,Arkansas,50278,0,2,2,0,4,NOT APPLICABLE,July,23,Sunday,7,26,Rural,High Speed (Arterial),Yes,34.459425,-92.75335,Non-Intersection,Daylight,Clear,7:00am-7:59am,28,7:00am-7:59am,40,Unknown,Unknown EMS Hospital Arrival Time,1,Daylight,Clear,1,3,['Non_Standard_Risk'],['None_Used'],0,0,Valid,0.0,0.0,64.0,33.0,"['Male', 'Male']",0,0,4,4,5,Dry,Straight,Level,Lowest,No
2415,5,Arkansas,50279,0,2,2,0,3,NOT APPLICABLE,June,1,Thursday,9,11,Rural,Medium Speed (Collector),No,35.29913889,-93.82888611,Simple Junction,Daylight,Clear,9:00am-9:59am,8,9:00am-9:59am,17,Unknown,Unknown EMS Hospital Arrival Time,1,Daylight,Clear,1,2,['Driver'],['None_Used'],0,0,Valid,0.0,1.0,75.0,40.0,"['Male', 'Male']",1,0,5,4,5,Dry,Straight,Level,Lowest,No
2416,5,Arkansas,50280,2,1,1,0,1,MONTICELLO,July,26,Wednesday,21,24,Urban,Low Speed (Local),No,33.63329722,-91.78355278,Non-Intersection,Dark - Not Lighted,Clear,9:00pm-9:59pm,26,9:00pm-9:59pm,34,Unknown,Unknown EMS Hospital Arrival Time,1,Dark - Unlighted,Clear,0,1,[],[],1,1,Invalid,0.0,0.0,34.0,34.0,['Male'],0,0,3,3,4,Dry,Straight,Level,Lowest,No
2417,5,Arkansas,50281,0,2,2,0,3,RUSSELLVILLE,July,27,Thursday,10,17,Urban,Medium Speed (Collector),No,35.25825,-93.10336944,Non-Intersection,Daylight,Clear,10:00am-10:59am,18,10:00am-10:59am,23,Unknown,Unknown EMS Hospital Arrival Time,1,Daylight,Clear,1,2,['Front_Passenger'],['None_Used'],0,0,Valid,0.0,0.0,55.0,35.0,"['Male', 'Female']",0,0,4,4,5,Dry,Straight,Level,Lowest,No
2418,5,Arkansas,50282,0,2,2,0,3,LITTLE ROCK,July,20,Thursday,17,5,Urban,High Speed (Arterial),Yes,34.73278056,-92.39963889,Non-Intersection,Daylight,Cloudy,5:00pm-5:59pm,9,5:00pm-5:59pm,19,Not Applicable (Not Transported),Not Applicable (Not Transported),1,Daylight,Reduced Visibility,1,2,['Front_Passenger'],['Shoulder_Lapbelt'],1,1,Valid,0.0,0.0,37.0,35.0,"['Male', 'Male']",0,0,3,4,5,Dry,Curve,Level,Lowest,No
2419,5,Arkansas,50283,0,1,1,0,1,NOT APPLICABLE,July,27,Thursday,6,11,Rural,Medium Speed (Collector),No,34.53391389,-92.41596944,Non-Intersection,Daylight,Clear,Unknown,Unknown if Notified,Unknown EMS Scene Arrival Hour,Unknown if Arrived,Not Applicable (Not Transported),Not Applicable (Not Transported),1,Daylight,Clear,1,0,['Driver'],['Shoulder_Lapbelt'],0,0,Valid,0.0,1.0,59.0,59.0,['Male'],0,0,4,4,3,Dry,Straight,Grade/Hillcrest,Lowest,No
2420,5,Arkansas,50284,0,1,1,0,3,PIKE CITY,July,17,Monday,11,31,Rural,Medium Speed (Collector),No,34.32428333,-93.58612222,Non-Intersection,Daylight,Clear,11:00am-11:59am,33,11:00am-11:59am,39,Unknown,Unknown EMS Hospital Arrival Time,1,Daylight,Clear,1,2,['Rear_Seat'],['Child_Safety'],0,0,Valid,0.0,0.0,40.0,40.0,['Female'],0,0,3,4,3,Dry,Curve,Level,Medium,No
2421,5,Arkansas,50285,1,2,2,0,2,NOT APPLICABLE,July,29,Saturday,5,0,Urban,High Speed (Arterial),Yes,34.81987222,-92.33524444,Non-Intersection,Dark - Not Lighted,Clear,5:00am-5:59am,4,5:00am-5:59am,9,Not Applicable (Not Transported),Not Applicable (Not Transported),1,Dark - Unlighted,Clear,0,2,[],[],0,0,Valid,0.0,0.0,78.0,23.0,"['Male', 'Female']",0,0,3,1,4,Dry,Straight,Level,Lowest,No
2422,5,Arkansas,50286,0,1,1,0,1,ELKINS,July,1,Saturday,21,3,Rural,Medium Speed (Collector),No,36.03653333,-94.04343889,Non-Intersection,Dusk,Clear,9:00pm-9:59pm,4,9:00pm-9:59pm,14,Unknown,Unknown EMS Hospital Arrival Time,1,Twilight,Clear,1,0,['Driver'],['None_Used'],0,0,Valid,0.0,0.0,61.0,61.0,['Male'],0,0,5,4,3,Dry,Straight,Level,Lowest,No
2423,5,Arkansas,50287,0,1,1,0,1,CONWAY,July,23,Sunday,14,25,Urban,High Speed (Arterial),Yes,35.09910556,-92.43055556,Non-Intersection,Daylight,Clear,2:00pm-2:59pm,35,2:00pm-2:59pm,41,Unknown,Unknown EMS Hospital Arrival Time,1,Daylight,Clear,1,0,['Driver'],['None_Used'],1,1,Valid,0.0,0.0,58.0,58.0,['Male'],0,0,3,4,3,Dry,Straight,Level,Lowest,No
2424,5,Arkansas,50288,0,1,1,0,1,CARLISLE,July,31,Monday,16,13,Rural,High Speed (Arterial),Yes,34.8011,-91.74818889,Non-Intersection,Daylight,Clear,Unknown,Unknown,Unknown EMS Scene Arrival Hour,Unknown EMS Scene Arrival Minutes,Not Applicable (Not Transported),Not Applicable (Not Transported),1,Daylight,Clear,1,0,['Driver'],['Shoulder_Lapbelt'],0,0,Valid,0.0,0.0,68.0,68.0,['Male'],1,0,4,4,3,Dry,Curve,Level,Lowest,No
2425,5,Arkansas,50289,0,1,1,0,1,PARAGOULD,July,29,Saturday,19,25,Urban,Medium Speed (Collector),No,36.04191667,-90.54091111,Non-Intersection,Daylight,Clear,7:00pm-7:59pm,25,7:00pm-7:59pm,27,Unknown,Unknown EMS Hospital Arrival Time,1,Daylight,Clear,1,0,['Driver'],['None_Used'],0,0,Valid,1.0,0.0,27.0,27.0,['Male'],0,0,5,4,3,Dry,Straight,Level,Lowest,No
2426,5,Arkansas,50290,1,1,1,0,1,BLYTHEVILLE,June,4,Sunday,4,27,Rural,High Speed (Arterial),Yes,35.85739167,-90.03519167,Non-Intersection,Dark - Not Lighted,Clear,4:00am-4:59am,32,4:00am-4:59am,39,Not Applicable (Not Transported),Not Applicable (Not Transported),1,Dark - Unlighted,Clear,0,1,[],[],0,0,Valid,1.0,1.0,26.0,26.0,['Female'],0,0,3,2,4,Dry,Straight,Level,Lowest,No
2427,5,Arkansas,50291,0,2,2,0,2,NOT APPLICABLE,June,14,Wednesday,16,20,Rural,Medium Speed (Collector),No,35.70238056,-91.78489722,Non-Intersection,Daylight,Clear,4:00pm-4:59pm,20,4:00pm-4:59pm,36,Unknown,Unknown EMS Hospital Arrival Time,1,Daylight,Clear,1,1,['Driver'],['Shoulder_Lapbelt'],0,0,Valid,0.0,1.0,59.0,19.0,"['Male', 'Male']",0,0,3,4,5,Dry,Curve,Level,Medium,No
2428,5,Arkansas,50292,0,2,2,0,3,NOT APPLICABLE,June,6,Tuesday,18,10,Urban,High Speed (Arterial),Yes,35.2976,-94.42332778,Simple Junction,Daylight,Clear,6:00pm-6:59pm,11,6:00pm-6:59pm,18,Not Applicable (Not Transported),Not Applicable (Not Transported),1,Daylight,Clear,1,2,['Driver'],['None_Used'],0,0,Valid,0.0,0.0,27.0,26.0,"['Male', 'Female']",1,0,5,4,5,Dry,Straight,Level,Lowest,No
2429,5,Arkansas,50293,0,1,1,0,1,NOT APPLICABLE,July,5,Wednesday,14,50,Rural,Medium Speed (Collector),No,35.14757222,-93.88255,Non-Intersection,Daylight,Cloudy,2:00pm-2:59pm,55,2:00pm-2:59pm,57,Not Applicable (Not Transported),Not Applicable (Not Transported),1,Daylight,Reduced Visibility,1,0,['Driver'],['None_Used'],0,0,Valid,0.0,0.0,89.0,89.0,['Male'],0,0,3,4,3,Wet/Standing Water,Straight,Level,Lowest,No
2430,5,Arkansas,50294,0,1,1,0,1,NOT APPLICABLE,June,18,Sunday,14,35,Rural,Medium Speed (Collector),No,35.25137222,-91.84788333,Non-Intersection,Daylight,Cloudy,2:00pm-2:59pm,36,2:00pm-2:59pm,43,Unknown,Unknown EMS Hospital Arrival Time,1,Daylight,Reduced Visibility,1,0,['Driver'],['None_Used'],0,0,Valid,0.0,0.0,36.0,36.0,['Male'],0,0,3,4,3,Dry,Straight,Level,Lowest,Yes
2431,5,Arkansas,50295,0,2,2,0,2,VAN BUREN,August,2,Wednesday,12,10,Urban,High Speed (Arterial),Yes,35.45645556,-94.32540278,Non-Intersection,Daylight,Clear,12:00pm-12:59pm,12,12:00pm-12:59pm,23,Unknown,Unknown EMS Hospital Arrival Time,1,Daylight,Clear,1,1,['Driver'],['Shoulder_Lapbelt'],0,0,Valid,0.0,0.0,84.0,73.0,"['Male', 'Male']",0,0,3,4,5,Dry,Straight,Grade/Hillcrest,Lowest,No
2432,5,Arkansas,50296,2,1,1,0,1,SPRINGDALE,July,25,Tuesday,21,46,Urban,High Speed (Arterial),Yes,36.16335556,-94.14363611,Complex/Circle,Dark - Lighted,Clear,9:00pm-9:59pm,55,9:00pm-9:59pm,58,Unknown,Unknown EMS Hospital Arrival Time,2,Dark - Lighted,Clear,0,1,[],[],0,0,Valid,0.0,0.0,19.0,19.0,['Male'],0,0,2,3,4,Dry,Straight,Level,Lowest,No
2433,5,Arkansas,50297,1,1,1,0,1,LITTLE ROCK,June,18,Sunday,22,42,Urban,High Speed (Arterial),Yes,34.64063889,-92.44445556,Non-Intersection,Dark - Not Lighted,Clear,10:00pm-10:59pm,42,10:00pm-10:59pm,47,Not Applicable (Not Transported),Not Applicable (Not Transported),1,Dark - Unlighted,Clear,0,1,[],[],0,0,Valid,0.0,0.0,43.0,43.0,['Male'],0,0,4,3,4,Dry,Straight,Level,Lowest,No
2434,5,Arkansas,50298,0,1,1,0,3,NOT APPLICABLE,August,6,Sunday,14,35,Rural,High Speed (Arterial),Yes,35.25355278,-92.93550556,Non-Intersection,Daylight,Cloudy,3:00pm-3:59pm,0,3:00pm-3:59pm,14,Unknown,Unknown EMS Hospital Arrival Time,2,Daylight,Reduced Visibility,2,1,"['Driver', 'Front_Passenger']","['Shoulder_Lapbelt', 'Shoulder_Lapbelt']",0,0,Valid,0.0,2.0,22.0,22.0,['Male'],0,0,2,4,3,Dry,Straight,Level,Lowest,No
2435,5,Arkansas,50299,0,1,1,0,1,WEST MEMPHIS,July,31,Monday,21,28,Urban,High Speed (Arterial),Yes,35.15545833,-90.14978889,Non-Intersection,Dark - Not Lighted,Clear,9:00pm-9:59pm,38,9:00pm-9:59pm,45,Not Applicable (Not Transported),Not Applicable (Not Transported),1,Dark - Unlighted,Clear,1,0,['Driver'],['Shoulder_Lapbelt'],0,0,Valid,1.0,0.0,44.0,44.0,['Female'],0,0,3,4,3,Dry,Curve,Grade/Hillcrest,Lowest,Yes
2436,5,Arkansas,50300,0,2,2,0,2,NOT APPLICABLE,July,19,Wednesday,9,49,Rural,High Speed (Arterial),Yes,36.22537222,-92.67203889,Non-Intersection,Daylight,Cloudy,9:00am-9:59am,49,9:00am-9:59am,52,Unknown,Unknown EMS Hospital Arrival Time,1,Daylight,Reduced Visibility,1,1,['Driver'],['None_Used'],0,0,Valid,0.0,1.0,61.0,52.0,"['Male', 'Male']",0,0,2,4,5,Dry,Straight,Grade/Hillcrest,Lowest,No
2437,5,Arkansas,50301,1,1,1,0,1,LITTLE ROCK,August,1,Tuesday,3,0,Urban,High Speed (Arterial),Yes,34.71170833,-92.38648611,Non-Intersection,Dark - Not Lighted,Clear,Unknown,Unknown if Notified,Unknown EMS Scene Arrival Hour,Unknown if Arrived,Not Applicable (Not Transported),Not Applicable (Not Transported),1,Dark - Unlighted,Clear,0,1,[],[],0,0,Invalid,0.0,0.0,999.0,999.0,['Other'],0,0,3,0,4,Dry,Curve,Level,Lowest,No
2438,5,Arkansas,50302,0,1,1,0,1,NOT APPLICABLE,August,5,Saturday,1,57,Rural,High Speed (Arterial),Yes,35.89745,-94.18885,Non-Intersection,Dark - Not Lighted,Clear,Unknown,Unknown,Unknown EMS Scene Arrival Hour,Unknown EMS Scene Arrival Minutes,Not Applicable (Not Transported),Not Applicable (Not Transported),1,Dark - Unlighted,Clear,1,0,['Driver'],['Shoulder_Lapbelt'],1,1,Valid,0.0,1.0,22.0,22.0,['Male'],1,0,2,4,3,Dry,Straight,Level,Lowest,No
2439,5,Arkansas,50303,0,1,1,0,1,PARAGOULD,August,4,Friday,10,52,Urban,Medium Speed (Collector),No,36.05458056,-90.49903611,Non-Intersection,Daylight,Cloudy,10:00am-10:59am,52,10:00am-10:59am,53,Unknown,Unknown EMS Hospital Arrival Time,1,Daylight,Reduced Visibility,1,0,['Driver'],['Shoulder_Lapbelt'],0,0,Valid,0.0,0.0,80.0,80.0,['Male'],0,0,3,4,3,Wet/Standing Water,Straight,Grade/Hillcrest,Lowest,No
2440,5,Arkansas,50304,1,1,1,0,1,SEARCY,August,5,Saturday,2,0,Urban,Medium Speed (Collector),No,35.24727222,-91.79739722,Non-Intersection,Dark - Not Lighted,Clear,2:00am-2:59am,0,2:00am-2:59am,2,Unknown,Unknown EMS Hospital Arrival Time,1,Dark - Unlighted,Clear,0,1,[],[],0,0,Valid,0.0,1.0,25.0,25.0,['Male'],0,0,3,3,4,Dry,Straight,Level,Lowest,No
2441,5,Arkansas,50305,0,1,1,0,1,NOT APPLICABLE,August,7,Monday,19,44,Rural,Low Speed (Local),No,35.77426389,-91.76966944,Non-Intersection,Daylight,Clear,7:00pm-7:59pm,44,8:00pm-8:59pm,0,Not Applicable (Not Transported),Not Applicable (Not Transported),1,Daylight,Clear,1,0,['Driver'],['None_Used'],0,0,Valid,0.0,0.0,17.0,17.0,['Male'],0,0,5,2,3,Dry,Curve,Level,Lowest,No
2442,5,Arkansas,50306,0,2,2,0,5,NOT APPLICABLE,July,24,Monday,1,12,Rural,High Speed (Arterial),Yes,35.15329444,-90.10265556,Non-Intersection,Dark - Not Lighted,Clear,1:00am-1:59am,14,1:00am-1:59am,29,Unknown,Unknown EMS Hospital Arrival Time,1,Dark - Unlighted,Clear,1,4,['Driver'],['None_Used'],0,0,Invalid,0.0,0.0,34.0,25.0,"['Male', 'Male']",0,0,3,4,5,Dry,Curve,Grade/Hillcrest,Lowest,No
2443,5,Arkansas,50307,0,1,1,0,1,NOT APPLICABLE,August,6,Sunday,18,9,Rural,Medium Speed (Collector),No,34.58055,-90.82127778,Non-Intersection,Daylight,Clear,6:00pm-6:59pm,10,6:00pm-6:59pm,25,Not Applicable (Not Transported),Not Applicable (Not Transported),1,Daylight,Clear,1,0,['Driver'],['Lapbelt_Only'],1,1,Valid,0.0,0.0,55.0,55.0,['Male'],0,0,3,4,3,Dry,Straight,Level,Lowest,No
2444,5,Arkansas,50308,0,2,2,0,3,SPRINGDALE,August,7,Monday,6,32,Urban,Low Speed (Local),No,36.21025556,-94.13340833,Simple Junction,Daylight,Cloudy,6:00am-6:59am,34,6:00am-6:59am,37,Unknown,Unknown EMS Hospital Arrival Time,1,Daylight,Reduced Visibility,1,2,['Driver'],['None_Used'],0,0,Valid,0.0,0.0,49.0,35.0,"['Female', 'Male']",0,0,5,4,5,Wet/Standing Water,Straight,Level,Lowest,No
2445,5,Arkansas,50309,0,2,2,0,3,PINE BLUFF,August,10,Thursday,9,21,Urban,High Speed (Arterial),Yes,34.19482222,-91.93661111,Non-Intersection,Daylight,Cloudy,9:00am-9:59am,27,9:00am-9:59am,34,Unknown,Unknown EMS Hospital Arrival Time,1,Daylight,Reduced Visibility,1,2,['Driver'],['None_Used'],0,0,Valid,0.0,4.0,55.0,23.0,"['Male', 'Male']",0,0,5,4,5,Dry,Straight,Level,Lowest,No
2446,5,Arkansas,50310,0,2,2,0,2,VILONIA,August,14,Monday,5,15,Rural,Medium Speed (Collector),No,35.08188056,-92.23428056,Non-Intersection,Dark - Lighted,Clear,5:00am-5:59am,25,5:00am-5:59am,30,Unknown,Unknown EMS Hospital Arrival Time,2,Dark - Lighted,Clear,2,0,"['Driver', 'Driver']","['None_Used', 'Shoulder_Lapbelt']",0,0,Invalid,3.0,2.0,45.0,33.0,"['Female', 'Male']",0,0,3,4,5,Dry,Straight,Level,Lowest,No
2447,5,Arkansas,50311,0,2,2,0,3,NOT APPLICABLE,August,4,Friday,17,20,Rural,Medium Speed (Collector),No,34.04565556,-93.41036667,Non-Intersection,Daylight,Clear,5:00pm-5:59pm,27,5:00pm-5:59pm,50,Unknown,Unknown EMS Hospital Arrival Time,1,Daylight,Clear,1,2,['Driver'],['Shoulder_Lapbelt'],1,1,Valid,0.0,0.0,56.0,17.0,"['Male', 'Male']",0,0,4,4,5,Dry,Straight,Grade/Hillcrest,Lowest,No
2448,5,Arkansas,50312,1,1,1,0,1,LITTLE ROCK,August,16,Wednesday,1,20,Urban,High Speed (Arterial),Yes,34.7147,-92.34266389,Complex/Circle,Dark - Lighted,Clear,1:00am-1:59am,21,1:00am-1:59am,25,Unknown,Unknown EMS Hospital Arrival Time,1,Dark - Lighted,Clear,0,1,[],[],0,0,Valid,0.0,0.0,76.0,76.0,['Male'],0,0,3,2,4,Dry,Straight,Level,Lowest,No
2449,5,Arkansas,50313,0,2,2,0,2,MARION,August,3,Thursday,6,17,Urban,Medium Speed (Collector),No,35.18333056,-90.18450556,Non-Intersection,Daylight,Clear,6:00am-6:59am,23,6:00am-6:59am,27,Unknown,Unknown EMS Hospital Arrival Time,1,Daylight,Clear,1,1,['Driver'],['None_Used'],0,0,Invalid,0.0,0.0,49.0,32.0,"['Male', 'Male']",0,0,5,4,5,Dry,Straight,Level,Lowest,No
2450,5,Arkansas,50314,1,2,1,1,1,NOT APPLICABLE,August,9,Wednesday,22,32,Urban,High Speed (Arterial),Yes,35.853975,-94.18045833,Non-Intersection,Dark - Not Lighted,Cloudy,10:00pm-10:59pm,34,10:00pm-10:59pm,51,Unknown,Unknown EMS Hospital Arrival Time,1,Dark - Unlighted,Reduced Visibility,0,1,[],[],0,0,Valid,0.0,0.0,78.0,78.0,['Male'],0,0,3,4,4,Dry,Straight,Grade/Hillcrest,Lowest,No
2451,5,Arkansas,50315,0,1,1,0,1,PINE BLUFF,August,17,Thursday,21,37,Urban,High Speed (Arterial),Yes,34.20566389,-92.04381111,Non-Intersection,Dark - Lighted,Clear,9:00pm-9:59pm,43,9:00pm-9:59pm,49,Not Applicable (Not Transported),Not Applicable (Not Transported),1,Dark - Lighted,Clear,1,0,['Driver'],['Shoulder_Lapbelt'],1,1,Valid,0.0,0.0,31.0,31.0,['Male'],1,0,3,4,3,Dry,Curve,Level,Lowest,No
2452,5,Arkansas,50316,1,2,2,0,2,LITTLE ROCK,August,10,Thursday,1,27,Urban,High Speed (Arterial),Yes,34.747275,-92.37730556,Non-Intersection,Dark - Lighted,Cloudy,1:00am-1:59am,31,1:00am-1:59am,39,Unknown,Unknown EMS Hospital Arrival Time,1,Dark - Lighted,Reduced Visibility,0,2,[],[],0,0,Valid,0.0,1.0,67.0,23.0,"['Female', 'Male']",0,0,2,4,5,Dry,Straight,Level,Lowest,Yes
2453,5,Arkansas,50317,0,3,3,0,3,RUSSELLVILLE,August,15,Tuesday,18,8,Urban,High Speed (Arterial),Yes,35.29687778,-93.13129722,Non-Intersection,Daylight,Clear,6:00pm-6:59pm,8,6:00pm-6:59pm,12,Unknown,Unknown EMS Hospital Arrival Time,1,Daylight,Clear,1,2,['Driver'],['None_Used'],0,0,Valid,1.0,0.0,61.0,27.0,"['Female', 'Male', 'Male']",0,0,5,4,5,Dry,Curve,Level,Lowest,No
2454,5,Arkansas,50318,1,1,1,0,1,NOT APPLICABLE,August,15,Tuesday,23,35,Urban,High Speed (Arterial),Yes,34.47168889,-92.98400278,Non-Intersection,Dark - Not Lighted,Clear,Not Applicable (Not Notified),Not Applicable (Not Notified),Not Applicable,Not Applicable,Not Applicable (Not Transported),Not Applicable (Not Transported),1,Dark - Unlighted,Clear,0,1,[],[],0,0,Valid,1.0,0.0,40.0,40.0,['Male'],0,0,3,3,4,Dry,Curve,Grade/Hillcrest,Lowest,No