,State_Code,State_Name,Crash_ID,Count_Non_Motorists,Count_Vehicles_Total,Count_Vehicle_Forms,Count_PVH_Involved,Count_Occupants_MV,City_Name,Month_Name,Day_of_Month,Day_of_Week,Crash_Hour,Crash_Minute,Area_Rural_Urban,Road_Functional_Class,On_NHS_Road,Latitude,Longitude,Intersection_Type,Light_Condition,Weather_Condition,Notif_Hour,Notif_Minute,Arrival_Hour,Arrival_Minute,Hospital_Hour,Hospital_Minute,Fatalities_Count,Clean_Light_Condition,Clean_Weather_Condition,Total_Killed,Total_Alive,Fatal_Seats_List,Killed_Restraint_List,Any_Driver_Drinking,Total_Drinking_Drivers,Driver_License_Category,Driver_Max_Prev_Accident_Count,Driver_Max_Prev_Speeding_Count,Max_Driver_Age,Min_Driver_Age,Driver_Sex_List,Total_Exceeding_Limit_Vehicles,Total_Too_Fast_Vehicles,Max_Vehicle_Type_Severity_5,Max_Vehicle_Damage_Rank,Max_Harmful_Event_Severity,Crash_Road_Surface_Condition,Crash_Horizontal_Alignment,Crash_Vertical_Profile,Crash_Impairment_Category,Crash_Vehicle_Defect
2455,5,Arkansas,50319,0,2,2,0,4,BERRYVILLE,July,22,Saturday,19,20,Rural,Medium Speed (Collector),No,36.35147222,-93.56212222,Simple Junction,Daylight,Clear,7:00pm-7:59pm,22,7:00pm-7:59pm,25,Not Applicable (Not Transported),Not Applicable (Not Transported),1,Daylight,Clear,1,3,['Driver'],['None_Used'],1,2,Invalid,0.0,1.0,29.0,29.0,"['Male', 'Male']",1,0,5,4,5,Dry,Straight,Level,Lowest,No
2456,5,Arkansas,50320,0,2,2,0,2,NOT APPLICABLE,July,1,Saturday,16,25,Rural,Medium Speed (Collector),No,35.10961111,-92.08783333,Complex/Circle,Daylight,Clear,4:00pm-4:59pm,30,4:00pm-4:59pm,42,Unknown,Unknown EMS Hospital Arrival Time,1,Daylight,Clear,1,1,['Driver'],['None_Used'],0,0,Valid,0.0,2.0,66.0,20.0,"['Female', 'Female']",0,0,5,4,5,Dry,Straight,Level,Lowest,No
2457,5,Arkansas,50321,1,1,1,0,2,NOT APPLICABLE,August,12,Saturday,21,22,Rural,High Speed (Arterial),Yes,35.13845556,-90.09708056,Non-Intersection,Dark - Not Lighted,Clear,Not Applicable (Not Notified),Not Applicable (Not Notified),Not Applicable,Not Applicable,Not Applicable (Not Transported),Not Applicable (Not Transported),1,Dark - Unlighted,Clear,0,2,[],[],0,0,Valid,0.0,0.0,24.0,24.0,['Male'],0,0,3,4,4,Dry,Straight,Grade/Hillcrest,Lowest,No
2458,5,Arkansas,50322,0,1,1,0,1,NOT APPLICABLE,August,19,Saturday,7,45,Rural,Low Speed (Local),No,35.58905833,-94.27821667,Non-Intersection,Daylight,Clear,8:00am-8:59am,10,8:00am-8:59am,30,Not Applicable (Not Transported),Not Applicable (Not Transported),1,Daylight,Clear,1,0,['Driver'],['None_Used'],0,0,Valid,0.0,0.0,40.0,40.0,['Male'],1,0,5,4,2,Dry,Curve,Level,Lowest,No
2459,5,Arkansas,50323,0,2,2,0,3,HARDY,July,1,Saturday,21,35,Rural,High Speed (Arterial),Yes,36.32049722,-91.48855833,Simple Junction,Dark - Not Lighted,Clear,9:00pm-9:59pm,35,9:00pm-9:59pm,40,Unknown,Unknown EMS Hospital Arrival Time,1,Dark - Unlighted,Clear,1,2,['Driver'],['None_Used'],0,0,Valid,0.0,0.0,55.0,18.0,"['Male', 'Female']",0,0,5,3,5,Dry,Straight,Level,Lowest,Yes
2460,5,Arkansas,50324,0,1,1,0,2,NOT APPLICABLE,August,19,Saturday,18,0,Rural,Medium Speed (Collector),No,36.11118889,-92.31170556,Non-Intersection,Daylight,Clear,6:00pm-6:59pm,10,6:00pm-6:59pm,35,Unknown,Unknown EMS Hospital Arrival Time,1,Daylight,Clear,1,1,['Rear_Seat'],['None_Used'],1,1,Valid,0.0,1.0,55.0,55.0,['Male'],0,0,5,4,3,Dry,Curve,Grade/Hillcrest,Lowest,No
2461,5,Arkansas,50325,0,1,1,0,1,NOT APPLICABLE,August,21,Monday,17,42,Rural,Medium Speed (Collector),No,33.29291944,-93.75559722,Non-Intersection,Daylight,Clear,5:00pm-5:59pm,42,6:00pm-6:59pm,10,Not Applicable (Not Transported),Not Applicable (Not Transported),1,Daylight,Clear,1,0,['Driver'],['Shoulder_Lapbelt'],1,1,Invalid,0.0,1.0,55.0,55.0,['Male'],0,0,3,4,3,Dry,Straight,Level,Lowest,No
2462,5,Arkansas,50326,0,2,2,0,3,NOT APPLICABLE,August,5,Saturday,4,39,Rural,Medium Speed (Collector),No,34.85239722,-92.10644444,Non-Intersection,Dark - Not Lighted,Clear,4:00am-4:59am,41,4:00am-4:59am,49,Unknown,Unknown EMS Hospital Arrival Time,1,Dark - Unlighted,Clear,1,2,['Driver'],['None_Used'],1,1,Valid,0.0,0.0,35.0,31.0,"['Male', 'Male']",0,0,5,4,5,Dry,Straight,Level,Lowest,No
2463,5,Arkansas,50327,0,1,1,0,1,NOT APPLICABLE,July,8,Saturday,17,49,Rural,Low Speed (Local),No,36.252375,-91.00019444,Non-Intersection,Daylight,Cloudy,5:00pm-5:59pm,49,6:00pm-6:59pm,3,Unknown,Unknown EMS Hospital Arrival Time,1,Daylight,Reduced Visibility,1,0,['Driver'],['None_Used'],0,0,Valid,0.0,0.0,45.0,45.0,['Male'],1,0,5,4,2,Dry,Curve,Grade/Hillcrest,Lowest,No
2464,5,Arkansas,50328,0,1,1,0,2,GREENLAND,July,30,Sunday,10,42,Urban,Medium Speed (Collector),No,35.994125,-94.17433056,Non-Intersection,Daylight,Clear,10:00am-10:59am,42,10:00am-10:59am,54,Unknown,Unknown EMS Hospital Arrival Time,1,Daylight,Clear,1,1,['Front_Passenger'],['Shoulder_Lapbelt'],0,0,Valid,1.0,0.0,75.0,75.0,['Female'],0,0,3,4,3,Dry,Straight,Grade/Hillcrest,Lowest,No
2465,5,Arkansas,50329,1,1,1,0,1,NOT APPLICABLE,August,24,Thursday,6,43,Rural,Low Speed (Local),No,35.96267222,-90.67522778,Non-Intersection,Daylight,Clear,6:00am-6:59am,45,7:00am-7:59am,2,Unknown,Unknown EMS Hospital Arrival Time,1,Daylight,Clear,0,1,[],[],0,0,Valid,1.0,0.0,41.0,41.0,['Male'],0,0,3,3,4,Dry,Straight,Level,Lowest,No
2466,5,Arkansas,50330,0,3,3,0,3,JACKSONVILLE,August,25,Friday,20,56,Urban,Low Speed (Local),No,34.8977,-92.09200278,Non-Intersection,Dark - Not Lighted,Clear,8:00pm-8:59pm,57,9:00pm-9:59pm,3,Not Applicable (Not Transported),Not Applicable (Not Transported),1,Dark - Unlighted,Clear,1,2,['Driver'],['None_Used'],1,2,Valid,0.0,1.0,48.0,26.0,"['Male', 'Male', 'Male']",0,0,5,4,5,Dry,Curve,Level,Lowest,No
2467,5,Arkansas,50331,0,1,1,0,1,NOT APPLICABLE,August,11,Friday,18,25,Rural,Medium Speed (Collector),No,36.02281389,-94.36855556,Non-Intersection,Daylight,Clear,6:00pm-6:59pm,26,6:00pm-6:59pm,35,Unknown,Unknown EMS Hospital Arrival Time,1,Daylight,Clear,1,0,['Driver'],['None_Used'],0,0,Valid,0.0,0.0,26.0,26.0,['Male'],1,0,5,4,3,Dry,Curve,Level,Lowest,No
2468,5,Arkansas,50332,0,1,1,0,3,NOT APPLICABLE,July,11,Tuesday,15,5,Rural,Medium Speed (Collector),No,34.04758889,-92.04131944,Non-Intersection,Daylight,Cloudy,3:00pm-3:59pm,15,3:00pm-3:59pm,28,Unknown,Unknown EMS Hospital Arrival Time,1,Daylight,Reduced Visibility,1,2,['Rear_Seat'],['None_Used'],0,0,Valid,0.0,1.0,18.0,18.0,['Female'],3,0,2,4,3,Wet/Standing Water,Straight,Level,Lowest,No
2469,5,Arkansas,50333,0,1,1,0,1,NOT APPLICABLE,August,26,Saturday,6,30,Rural,High Speed (Arterial),Yes,33.308975,-91.37608333,Non-Intersection,Dark - Not Lighted,Clear,7:00am-7:59am,44,7:00am-7:59am,55,Not Applicable (Not Transported),Not Applicable (Not Transported),1,Dark - Unlighted,Clear,1,0,['Driver'],['None_Used'],1,1,Valid,0.0,0.0,18.0,18.0,['Male'],1,0,3,4,3,Dry,Straight,Level,Lowest,No
2470,5,Arkansas,50334,0,1,1,0,1,HELENA-WEST HELENA,July,22,Saturday,18,8,Urban,Low Speed (Local),No,34.56244722,-90.64300278,Non-Intersection,Daylight,Clear,6:00pm-6:59pm,15,6:00pm-6:59pm,35,Unknown,Unknown EMS Hospital Arrival Time,1,Daylight,Clear,1,0,['Driver'],['Shoulder_Lapbelt'],0,0,Valid,0.0,0.0,35.0,35.0,['Male'],0,0,3,4,3,Dry,Straight,Level,Lowest,No
2471,5,Arkansas,50335,0,1,1,0,3,NOT APPLICABLE,August,17,Thursday,17,17,Rural,High Speed (Arterial),Yes,34.24429167,-92.99809444,Non-Intersection,Daylight,Clear,5:00pm-5:59pm,17,5:00pm-5:59pm,44,Unknown,Unknown EMS Hospital Arrival Time,1,Daylight,Clear,1,2,['Front_Passenger'],['None_Used'],0,0,Invalid,0.0,0.0,17.0,17.0,['Male'],0,0,3,4,3,Dry,Straight,Level,Lowest,No
2472,5,Arkansas,50336,0,2,2,0,2,LITTLE ROCK,August,24,Thursday,20,44,Urban,Low Speed (Local),No,34.65521111,-92.369975,Non-Intersection,Dark - Lighted,Clear,8:00pm-8:59pm,44,8:00pm-8:59pm,44,Unknown,Unknown EMS Hospital Arrival Time,1,Dark - Lighted,Clear,1,1,['Driver'],['None_Used'],1,1,Invalid,0.0,1.0,43.0,39.0,"['Female', 'Male']",0,0,3,4,5,Dry,Straight,Level,Lowest,No
2473,5,Arkansas,50337,0,1,1,0,1,NOT APPLICABLE,August,25,Friday,12,25,Urban,High Speed (Arterial),Yes,33.25418611,-92.64468056,Non-Intersection,Daylight,Clear,12:00pm-12:59pm,30,12:00pm-12:59pm,36,Unknown,Unknown EMS Hospital Arrival Time,1,Daylight,Clear,1,0,['Driver'],['None_Used'],0,0,Invalid,0.0,0.0,60.0,60.0,['Male'],0,0,5,4,2,Dry,Curve,Grade/Hillcrest,Lowest,No
2474,5,Arkansas,50338,1,2,2,0,2,SILOAM SPRINGS,August,26,Saturday,20,40,Urban,Medium Speed (Collector),No,36.19411111,-94.53210556,Non-Intersection,Dark - Lighted,Clear,8:00pm-8:59pm,44,8:00pm-8:59pm,45,Unknown,Unknown EMS Hospital Arrival Time,1,Dark - Lighted,Clear,0,2,[],[],0,0,Invalid,0.0,0.0,999.0,999.0,"['Other', 'Other']",0,0,1,0,4,Dry,Straight,Level,Lowest,No
2475,5,Arkansas,50339,0,3,3,0,5,BENTONVILLE,July,24,Monday,8,46,Urban,Medium Speed (Collector),No,36.33596111,-94.23665,Complex/Circle,Daylight,Clear,8:00am-8:59am,47,8:00am-8:59am,55,Unknown,Unknown EMS Hospital Arrival Time,1,Daylight,Clear,1,4,['Driver'],['Shoulder_Lapbelt'],0,0,Valid,0.0,0.0,41.0,32.0,"['Female', 'Male', 'Female']",0,0,3,4,5,Dry,Straight,Level,Lowest,No
2476,5,Arkansas,50340,0,2,2,0,3,BATESVILLE,August,29,Tuesday,16,57,Urban,High Speed (Arterial),Yes,35.78690833,-91.64185556,Simple Junction,Daylight,Clear,4:00pm-4:59pm,59,5:00pm-5:59pm,0,Unknown,Unknown EMS Hospital Arrival Time,1,Daylight,Clear,1,2,['Driver'],['None_Used'],0,0,Valid,0.0,1.0,30.0,22.0,"['Male', 'Male']",0,0,5,4,5,Dry,Curve,Level,Lowest,No
2477,5,Arkansas,50341,0,2,2,0,3,RUSSELLVILLE,August,29,Tuesday,9,31,Urban,High Speed (Arterial),No,35.29360556,-93.13295,Complex/Circle,Daylight,Clear,9:00am-9:59am,32,9:00am-9:59am,36,Unknown,Unknown EMS Hospital Arrival Time,1,Daylight,Clear,1,2,['Rear_Seat'],['None_Used'],0,0,Valid,0.0,0.0,37.0,23.0,"['Female', 'Male']",2,0,5,4,5,Dry,Straight,Level,Lowest,No
2478,5,Arkansas,50342,0,2,2,0,2,LITTLE ROCK,September,1,Friday,16,24,Urban,Low Speed (Local),No,34.73685,-92.32266667,Complex/Circle,Daylight,Clear,4:00pm-4:59pm,25,4:00pm-4:59pm,29,Unknown,Unknown EMS Hospital Arrival Time,1,Daylight,Clear,1,1,['Driver'],['None_Used'],0,0,Invalid,1.0,0.0,66.0,30.0,"['Male', 'Female']",0,0,5,4,5,Dry,Straight,Level,Lowest,No
2479,5,Arkansas,50344,1,1,1,0,1,FORT SMITH,July,26,Wednesday,22,23,Urban,Medium Speed (Collector),No,35.40533889,-94.37606667,Complex/Circle,Dark - Lighted,Clear,Unknown,Unknown,Unknown EMS Scene Arrival Hour,Unknown EMS Scene Arrival Minutes,Not Applicable (Not Transported),Not Applicable (Not Transported),1,Dark - Lighted,Clear,0,1,[],[],0,0,Invalid,0.0,0.0,43.0,43.0,['Male'],0,0,3,0,4,Dry,Straight,Level,Lowest,No
2480,5,Arkansas,50345,0,2,2,0,2,CROSSETT,September,1,Friday,22,40,Urban,High Speed (Arterial),Yes,33.13779722,-91.943475,Non-Intersection,Dark - Lighted,Clear,10:00pm-10:59pm,40,10:00pm-10:59pm,42,Unknown,Unknown EMS Hospital Arrival Time,1,Dark - Lighted,Clear,1,1,['Driver'],['None_Used'],0,0,Valid,0.0,1.0,60.0,19.0,"['Male', 'Male']",0,0,5,4,5,Dry,Curve,Level,Lowest,No
2481,5,Arkansas,50346,0,1,1,0,1,NOT APPLICABLE,September,1,Friday,20,51,Rural,Medium Speed (Collector),No,35.46661389,-93.11011111,Non-Intersection,Dark - Not Lighted,Clear,8:00pm-8:59pm,52,9:00pm-9:59pm,1,Unknown,Unknown EMS Hospital Arrival Time,1,Dark - Unlighted,Clear,1,0,['Driver'],['None_Used'],1,1,Valid,0.0,0.0,48.0,48.0,['Male'],0,0,5,4,3,Dry,Curve,Grade/Hillcrest,Lowest,No
2482,5,Arkansas,50347,0,1,1,0,1,NOT APPLICABLE,September,3,Sunday,0,50,Rural,Medium Speed (Collector),No,33.05837778,-92.90135278,Non-Intersection,Dark - Not Lighted,Clear,Not Applicable (Not Notified),Not Applicable (Not Notified),Not Applicable,Not Applicable,Not Applicable (Not Transported),Not Applicable (Not Transported),1,Dark - Unlighted,Clear,1,0,['Driver'],['None_Used'],1,1,Invalid,0.0,1.0,21.0,21.0,['Male'],1,0,3,4,3,Dry,Straight,Level,Lowest,No
2483,5,Arkansas,50348,0,3,3,0,6,NOT APPLICABLE,September,3,Sunday,22,6,Rural,High Speed (Arterial),Yes,33.635725,-93.71123889,Non-Intersection,Dark - Not Lighted,Rain,10:00pm-10:59pm,14,10:00pm-10:59pm,30,Unknown,Unknown EMS Hospital Arrival Time,2,Dark - Unlighted,Rain/Wind/Minor,2,4,"['Driver', 'Front_Passenger']","['None_Used', 'None_Used']",0,0,Valid,0.0,0.0,63.0,40.0,"['Female', 'Male', 'Male']",3,0,4,4,5,Wet/Standing Water,Straight,Level,Lowest,No
2484,5,Arkansas,50349,0,1,1,0,2,NOT APPLICABLE,August,25,Friday,11,20,Rural,High Speed (Arterial),Yes,35.67410278,-94.1648,Non-Intersection,Daylight,Clear,11:00am-11:59am,23,11:00am-11:59am,51,Unknown,Unknown EMS Hospital Arrival Time,1,Daylight,Clear,1,1,['Driver'],['None_Used'],0,0,Valid,0.0,0.0,52.0,52.0,['Male'],0,0,5,3,3,Dry,Straight,Grade/Hillcrest,Medium,No
2485,5,Arkansas,50350,0,1,1,0,1,NOT APPLICABLE,August,21,Monday,14,12,Rural,High Speed (Arterial),Yes,36.38389167,-91.85997222,Non-Intersection,Daylight,Clear,2:00pm-2:59pm,14,2:00pm-2:59pm,22,Unknown,Unknown EMS Hospital Arrival Time,1,Daylight,Clear,1,0,['Driver'],['None_Used'],0,0,Valid,0.0,0.0,68.0,68.0,['Male'],0,0,4,4,3,Dry,Straight,Grade/Hillcrest,Lowest,No
2486,5,Arkansas,50352,0,1,1,0,2,NOT APPLICABLE,September,3,Sunday,14,45,Rural,Low Speed (Local),No,36.352575,-90.77171667,Non-Intersection,Daylight,Clear,3:00pm-3:59pm,11,3:00pm-3:59pm,28,Not Applicable (Not Transported),Not Applicable (Not Transported),1,Daylight,Clear,1,1,['Front_Passenger'],['None_Used'],1,1,Invalid,0.0,0.0,52.0,52.0,['Female'],0,0,2,4,3,Dry,Straight,Level,Lowest,No
2487,5,Arkansas,50353,0,2,2,0,3,FORT SMITH,July,6,Thursday,19,40,Urban,High Speed (Arterial),Yes,35.35188889,-94.42221111,Complex/Circle,Daylight,Clear,7:00pm-7:59pm,42,7:00pm-7:59pm,46,Unknown,Unknown EMS Hospital Arrival Time,1,Daylight,Clear,1,2,['Driver'],['None_Used'],0,0,Valid,0.0,0.0,35.0,31.0,"['Male', 'Male']",0,0,5,4,5,Dry,Straight,Level,Lowest,No
2488,5,Arkansas,50354,0,1,1,0,1,NOT APPLICABLE,August,8,Tuesday,15,13,Rural,Medium Speed (Collector),No,36.32454167,-92.476825,Non-Intersection,Daylight,Clear,3:00pm-3:59pm,13,3:00pm-3:59pm,24,Unknown,Unknown EMS Hospital Arrival Time,1,Daylight,Clear,1,0,['Driver'],['None_Used'],0,0,Valid,0.0,0.0,60.0,60.0,['Male'],0,0,5,4,2,Dry,Curve,Grade/Hillcrest,Lowest,No
2489,5,Arkansas,50355,0,1,1,0,1,NOT APPLICABLE,August,28,Monday,15,20,Rural,High Speed (Arterial),Yes,34.75281667,-90.76721667,Non-Intersection,Daylight,Clear,3:00pm-3:59pm,27,3:00pm-3:59pm,32,Unknown,Unknown EMS Hospital Arrival Time,1,Daylight,Clear,1,0,['Driver'],['None_Used'],0,0,Invalid,0.0,0.0,58.0,58.0,['Male'],0,0,3,4,3,Dry,Straight,Level,Lowest,No
2490,5,Arkansas,50356,0,2,2,0,4,NOT APPLICABLE,September,2,Saturday,20,50,Rural,Medium Speed (Collector),No,34.59755556,-92.95629167,Non-Intersection,Dark - Not Lighted,Clear,8:00pm-8:59pm,50,8:00pm-8:59pm,58,Unknown,Unknown EMS Hospital Arrival Time,1,Dark - Unlighted,Clear,1,3,['Driver'],['Shoulder_Lapbelt'],0,0,Invalid,1.0,1.0,38.0,21.0,"['Female', 'Male']",0,0,3,4,5,Dry,Curve,Level,Lowest,Yes
2491,5,Arkansas,50357,0,2,2,0,2,NOT APPLICABLE,September,8,Friday,5,25,Rural,Medium Speed (Collector),No,36.21215833,-91.16806111,Simple Junction,Dark - Not Lighted,Clear,Unknown,Unknown,Unknown EMS Scene Arrival Hour,Unknown EMS Scene Arrival Minutes,Not Applicable (Not Transported),Not Applicable (Not Transported),1,Dark - Unlighted,Clear,1,1,['Driver'],['Shoulder_Lapbelt'],0,0,Valid,0.0,0.0,70.0,65.0,"['Male', 'Male']",0,0,4,4,5,Dry,Straight,Grade/Hillcrest,Lowest,No
2492,5,Arkansas,50358,0,2,2,0,2,SEARCY,July,29,Saturday,21,31,Urban,Medium Speed (Collector),No,35.24883611,-91.79338889,Non-Intersection,Dark - Not Lighted,Clear,9:00pm-9:59pm,34,9:00pm-9:59pm,40,Unknown,Unknown EMS Hospital Arrival Time,1,Dark - Unlighted,Clear,1,1,['Driver'],['None_Used'],0,0,Valid,1.0,0.0,55.0,27.0,"['Male', 'Female']",0,0,3,4,5,Dry,Straight,Level,Lowest,No
2493,5,Arkansas,50359,0,6,6,0,6,NOT APPLICABLE,August,29,Tuesday,7,48,Rural,High Speed (Arterial),Yes,34.79901944,-91.81499722,Non-Intersection,Daylight,Clear,7:00am-7:59am,55,8:00am-8:59am,23,Not Applicable (Not Transported),Not Applicable (Not Transported),1,Daylight,Clear,1,5,['Driver'],['Shoulder_Lapbelt'],0,0,Valid,1.0,0.0,63.0,29.0,"['Male', 'Male', 'Female', 'Male', 'Male', 'Male']",0,0,4,4,5,Dry,Straight,Level,Lowest,No
2494,5,Arkansas,50360,0,2,2,0,2,CONWAY,September,11,Monday,4,8,Urban,High Speed (Arterial),No,35.07059444,-92.47226667,Complex/Circle,Dark - Lighted,Clear,4:00am-4:59am,15,4:00am-4:59am,23,Not Applicable (Not Transported),Not Applicable (Not Transported),1,Dark - Lighted,Clear,1,1,['Driver'],['Shoulder_Lapbelt'],0,0,Valid,0.0,0.0,52.0,43.0,"['Male', 'Male']",0,0,3,4,5,Dry,Straight,Level,Medium,No
2495,5,Arkansas,50361,0,2,2,0,3,MENA,May,12,Friday,12,6,Urban,High Speed (Arterial),Yes,34.58633333,-94.21406667,Non-Intersection,Daylight,Clear,12:00pm-12:59pm,8,12:00pm-12:59pm,10,Unknown,Unknown EMS Hospital Arrival Time,1,Daylight,Clear,1,2,['Driver'],['Shoulder_Lapbelt'],0,0,Valid,0.0,0.0,71.0,58.0,"['Male', 'Male']",0,0,3,4,5,Dry,Straight,Level,Lowest,No
2496,5,Arkansas,50362,1,2,2,0,10,NOT APPLICABLE,September,12,Tuesday,23,30,Rural,Medium Speed (Collector),No,35.89752222,-93.92924722,Non-Intersection,Dark - Not Lighted,"Fog, Smog, Smoke",Unknown,Unknown,Unknown EMS Scene Arrival Hour,Unknown EMS Scene Arrival Minutes,Not Applicable (Not Transported),Not Applicable (Not Transported),1,Dark - Unlighted,Reduced Visibility,0,10,[],[],0,0,Valid,1.0,0.0,69.0,36.0,"['Male', 'Female']",0,0,3,3,4,Wet/Standing Water,Straight,Level,Lowest,No
2497,5,Arkansas,50363,0,2,2,0,2,NOT APPLICABLE,August,26,Saturday,12,24,Rural,High Speed (Arterial),Yes,34.94169167,-91.06061111,Non-Intersection,Daylight,Clear,12:00pm-12:59pm,29,12:00pm-12:59pm,51,Unknown,Unknown EMS Hospital Arrival Time,1,Daylight,Clear,1,1,['Driver'],['Shoulder_Lapbelt'],1,1,Valid,0.0,1.0,55.0,45.0,"['Female', 'Male']",0,0,3,4,5,Dry,Straight,Level,Lowest,Yes
2498,5,Arkansas,50364,1,3,2,1,3,NOT APPLICABLE,September,17,Sunday,9,38,Rural,High Speed (Arterial),Yes,35.8276,-92.56215556,Simple Junction,Daylight,Clear,9:00am-9:59am,44,10:00am-10:59am,15,Unknown,Unknown EMS Hospital Arrival Time,1,Daylight,Clear,1,2,['Driver'],['Shoulder_Lapbelt'],0,0,Valid,0.0,0.0,84.0,53.0,"['Female', 'Female']",0,0,3,4,5,Dry,Straight,Level,Lowest,No
2499,5,Arkansas,50365,0,2,2,0,3,NOT APPLICABLE,September,18,Monday,7,15,Rural,Medium Speed (Collector),No,36.38248056,-92.46114722,Simple Junction,Daylight,"Fog, Smog, Smoke",7:00am-7:59am,17,7:00am-7:59am,27,Not Applicable (Not Transported),Not Applicable (Not Transported),2,Daylight,Reduced Visibility,2,1,"['Driver', 'Front_Passenger']","['Shoulder_Lapbelt', 'Shoulder_Lapbelt']",0,0,Valid,0.0,0.0,61.0,39.0,"['Male', 'Female']",0,0,4,4,5,Dry,Curve,Level,Lowest,No
2500,5,Arkansas,50366,0,1,1,0,1,NOT APPLICABLE,August,31,Thursday,22,1,Rural,Medium Speed (Collector),No,34.59840556,-90.66853333,Non-Intersection,Dark - Not Lighted,Clear,10:00pm-10:59pm,6,10:00pm-10:59pm,13,Not Applicable (Not Transported),Not Applicable (Not Transported),1,Dark - Unlighted,Clear,1,0,['Driver'],['None_Used'],1,1,Valid,0.0,0.0,19.0,19.0,['Male'],0,0,3,4,3,Dry,Straight,Level,Lowest,No
2501,5,Arkansas,50367,0,1,1,0,1,NOT APPLICABLE,September,17,Sunday,15,32,Urban,High Speed (Arterial),Yes,34.52324722,-93.33176667,Non-Intersection,Daylight,Clear,Unknown,Unknown,Unknown EMS Scene Arrival Hour,Unknown EMS Scene Arrival Minutes,Not Applicable (Not Transported),Not Applicable (Not Transported),1,Daylight,Clear,1,0,['Driver'],['None_Used'],0,0,Valid,0.0,0.0,90.0,90.0,['Male'],0,0,3,4,3,Dry,Curve,Level,Lowest,No
2502,5,Arkansas,50368,0,1,1,0,2,HARRISON,September,15,Friday,13,25,Rural,Medium Speed (Collector),No,36.25542222,-93.09321944,Non-Intersection,Daylight,Clear,1:00pm-1:59pm,29,1:00pm-1:59pm,42,Unknown,Unknown EMS Hospital Arrival Time,1,Daylight,Clear,1,1,['Front_Passenger'],['Shoulder_Lapbelt'],0,0,Valid,0.0,0.0,69.0,69.0,['Female'],2,0,3,4,3,Dry,Straight,Grade/Hillcrest,Lowest,No
2503,5,Arkansas,50369,0,1,1,0,1,LAVACA,September,3,Sunday,7,2,Rural,Medium Speed (Collector),No,35.33724722,-94.21945278,Non-Intersection,Daylight,Clear,7:00am-7:59am,2,7:00am-7:59am,20,Not Applicable (Not Transported),Not Applicable (Not Transported),1,Daylight,Clear,1,0,['Driver'],['None_Used'],1,1,Valid,0.0,0.0,34.0,34.0,['Male'],0,0,5,4,3,Dry,Curve,Level,Lowest,No
2504,5,Arkansas,50370,0,1,1,0,1,NOT APPLICABLE,September,12,Tuesday,0,9,Rural,Medium Speed (Collector),No,33.73394444,-91.29045278,Simple Junction,Dark - Not Lighted,Clear,0:00am-0:59am,10,0:00am-0:59am,27,Not Applicable (Not Transported),Not Applicable (Not Transported),1,Dark - Unlighted,Clear,1,0,['Driver'],['None_Used'],0,0,Valid,0.0,0.0,59.0,59.0,['Male'],1,0,4,4,3,Dry,Straight,Level,Lowest,No
2505,5,Arkansas,50371,0,4,4,0,6,NOT APPLICABLE,September,18,Monday,16,3,Rural,High Speed (Arterial),Yes,34.046275,-94.21520833,Non-Intersection,Daylight,Clear,4:00pm-4:59pm,3,4:00pm-4:59pm,16,Unknown,Unknown EMS Hospital Arrival Time,1,Daylight,Clear,1,5,['Driver'],['None_Used'],1,1,Valid,0.0,1.0,60.0,19.0,"['Male', 'Male', 'Male', 'Male']",1,0,3,4,5,Dry,Straight,Grade/Hillcrest,Lowest,No
2506,5,Arkansas,50372,1,1,1,0,1,LOCKESBURG,September,20,Wednesday,5,30,Urban,High Speed (Arterial),Yes,33.96719444,-94.1685,Complex/Circle,Dark - Not Lighted,Cloudy,5:00am-5:59am,31,5:00am-5:59am,54,Unknown,Unknown EMS Hospital Arrival Time,1,Dark - Unlighted,Reduced Visibility,0,1,[],[],0,0,Valid,0.0,1.0,53.0,53.0,['Male'],0,0,4,2,4,Dry,Straight,Level,Lowest,No
2507,5,Arkansas,50373,0,1,1,0,1,WEST MEMPHIS,September,23,Saturday,22,45,Urban,Low Speed (Local),No,35.15849444,-90.15799167,Non-Intersection,Dark - Not Lighted,Clear,10:00pm-10:59pm,50,10:00pm-10:59pm,52,Not Applicable (Not Transported),Not Applicable (Not Transported),1,Dark - Unlighted,Clear,1,0,['Driver'],['None_Used'],0,0,Valid,1.0,0.0,44.0,44.0,['Male'],1,0,3,4,2,Dry,Curve,Level,Lowest,No
2508,5,Arkansas,50374,0,1,1,0,1,BRYANT,September,18,Monday,15,20,Urban,Medium Speed (Collector),No,34.63152222,-92.48678333,Non-Intersection,Daylight,Clear,3:00pm-3:59pm,23,3:00pm-3:59pm,27,Unknown,Unknown EMS Hospital Arrival Time,1,Daylight,Clear,1,0,['Driver'],['None_Used'],1,1,Invalid,0.0,0.0,34.0,34.0,['Female'],0,0,3,4,3,Dry,Straight,Level,Lowest,No
2509,5,Arkansas,50375,0,1,1,0,1,BRYANT,September,23,Saturday,12,12,Urban,Medium Speed (Collector),No,34.64241111,-92.45916667,Non-Intersection,Daylight,Clear,Unknown,Unknown,Unknown EMS Scene Arrival Hour,Unknown EMS Scene Arrival Minutes,Unknown,Unknown EMS Hospital Arrival Time,1,Daylight,Clear,1,0,['Driver'],['None_Used'],0,0,Valid,0.0,0.0,21.0,21.0,['Male'],1,0,2,4,3,Dry,Straight,Level,Lowest,No
2510,5,Arkansas,50376,1,1,1,0,1,BENTON,August,10,Thursday,9,31,Urban,High Speed (Arterial),Yes,34.58332778,-92.57510833,Non-Intersection,Daylight,Clear,Unknown,Unknown,Unknown EMS Scene Arrival Hour,Unknown EMS Scene Arrival Minutes,Not Applicable (Not Transported),Not Applicable (Not Transported),1,Daylight,Clear,0,1,[],[],0,0,Valid,0.0,0.0,43.0,43.0,['Female'],0,0,3,3,4,Dry,Straight,Level,Lowest,No