,State_Code,State_Name,Crash_ID,Count_Non_Motorists,Count_Vehicles_Total,Count_Vehicle_Forms,Count_PVH_Involved,Count_Occupants_MV,City_Name,Month_Name,Day_of_Month,Day_of_Week,Crash_Hour,Crash_Minute,Area_Rural_Urban,Road_Functional_Class,On_NHS_Road,Latitude,Longitude,Intersection_Type,Light_Condition,Weather_Condition,Notif_Hour,Notif_Minute,Arrival_Hour,Arrival_Minute,Hospital_Hour,Hospital_Minute,Fatalities_Count,Clean_Light_Condition,Clean_Weather_Condition,Total_Killed,Total_Alive,Fatal_Seats_List,Killed_Restraint_List,Any_Driver_Drinking,Total_Drinking_Drivers,Driver_License_Category,Driver_Max_Prev_Accident_Count,Driver_Max_Prev_Speeding_Count,Max_Driver_Age,Min_Driver_Age,Driver_Sex_List,Total_Exceeding_Limit_Vehicles,Total_Too_Fast_Vehicles,Max_Vehicle_Type_Severity_5,Max_Vehicle_Damage_Rank,Max_Harmful_Event_Severity,Crash_Road_Surface_Condition,Crash_Horizontal_Alignment,Crash_Vertical_Profile,Crash_Impairment_Category,Crash_Vehicle_Defect
2511,5,Arkansas,50377,0,2,2,0,4,FORT SMITH,July,29,Saturday,18,6,Urban,High Speed (Arterial),Yes,35.41305278,-94.38955833,Complex/Circle,Daylight,Clear,6:00pm-6:59pm,12,6:00pm-6:59pm,18,Unknown,Unknown EMS Hospital Arrival Time,1,Daylight,Clear,1,3,['Rear_Seat'],['None_Used'],0,0,Invalid,0.0,0.0,53.0,31.0,"['Male', 'Male']",0,0,5,4,5,Dry,Straight,Level,Lowest,No
2512,5,Arkansas,50378,1,3,3,0,2,NOT APPLICABLE,September,13,Wednesday,5,36,Rural,High Speed (Arterial),Yes,36.17939167,-93.96900833,Complex/Circle,Dark - Lighted,"Fog, Smog, Smoke",5:00am-5:59am,36,5:00am-5:59am,48,Not Applicable (Not Transported),Not Applicable (Not Transported),2,Dark - Lighted,Reduced Visibility,1,1,['Driver'],['Shoulder_Lapbelt'],0,0,Valid,0.0,1.0,72.0,23.0,"['Male', 'Male']",0,0,4,4,5,Dry,Straight,Level,Lowest,Yes
2513,5,Arkansas,50379,0,2,2,0,3,MURFREESBORO,September,19,Tuesday,14,25,Rural,Medium Speed (Collector),No,34.07264167,-93.667225,Non-Intersection,Daylight,Clear,2:00pm-2:59pm,38,2:00pm-2:59pm,51,Unknown,Unknown EMS Hospital Arrival Time,1,Daylight,Clear,1,2,['Driver'],['None_Used'],0,0,Valid,0.0,0.0,57.0,42.0,"['Female', 'Female']",0,0,3,4,5,Dry,Straight,Level,Lowest,No
2514,5,Arkansas,50380,0,3,3,0,5,FAYETTEVILLE,September,18,Monday,19,6,Urban,High Speed (Arterial),Yes,36.04795,-94.144925,Simple Junction,Daylight,Clear,7:00pm-7:59pm,6,7:00pm-7:59pm,11,Unknown,Unknown EMS Hospital Arrival Time,1,Daylight,Clear,1,4,['Driver'],['None_Used'],0,0,Valid,1.0,0.0,78.0,26.0,"['Male', 'Male', 'Male']",0,0,5,4,5,Dry,Straight,Level,Lowest,No
2515,5,Arkansas,50381,0,1,1,0,1,NOT APPLICABLE,September,23,Saturday,11,0,Rural,Medium Speed (Collector),No,34.91126667,-92.64867778,Non-Intersection,Daylight,Clear,Unknown,Unknown,Unknown EMS Scene Arrival Hour,Unknown EMS Scene Arrival Minutes,Not Applicable (Not Transported),Not Applicable (Not Transported),1,Daylight,Clear,1,0,['Driver'],['None_Used'],1,1,Valid,0.0,0.0,66.0,66.0,['Male'],0,0,5,4,2,Dry,Curve,Grade/Hillcrest,Lowest,No
2516,5,Arkansas,50382,0,1,1,0,2,NOT APPLICABLE,September,11,Monday,9,14,Rural,Medium Speed (Collector),No,36.05241389,-91.31113333,Non-Intersection,Daylight,Clear,9:00am-9:59am,16,9:00am-9:59am,36,Unknown,Unknown EMS Hospital Arrival Time,1,Daylight,Clear,1,1,['Driver'],['Shoulder_Lapbelt'],0,0,Valid,0.0,0.0,72.0,72.0,['Male'],0,0,3,4,3,Dry,Straight,Level,Lowest,No
2517,5,Arkansas,50383,0,1,1,0,1,MONROE,September,16,Saturday,6,55,Rural,High Speed (Arterial),Yes,34.85307222,-91.33557222,Non-Intersection,Daylight,Clear,7:00am-7:59am,8,7:00am-7:59am,24,Unknown,Unknown EMS Hospital Arrival Time,1,Daylight,Clear,1,0,['Driver'],['None_Used'],0,0,Valid,0.0,0.0,60.0,60.0,['Male'],0,0,4,4,3,Dry,Straight,Level,Medium,No
2518,5,Arkansas,50384,0,1,1,0,1,NOT APPLICABLE,September,21,Thursday,22,25,Rural,Low Speed (Local),No,35.18831389,-93.29613611,Non-Intersection,Dark - Not Lighted,Rain,10:00pm-10:59pm,28,10:00pm-10:59pm,43,Not Applicable (Not Transported),Not Applicable (Not Transported),1,Dark - Unlighted,Rain/Wind/Minor,1,0,['Driver'],['None_Used'],1,1,Invalid,0.0,0.0,35.0,35.0,['Male'],0,0,5,3,3,Wet/Standing Water,Straight,Level,Lowest,No
2519,5,Arkansas,50385,0,4,4,0,5,FAYETTEVILLE,September,9,Saturday,18,8,Urban,Low Speed (Local),No,36.09275278,-94.20019722,Non-Intersection,Daylight,Clear,Unknown,Unknown,Unknown EMS Scene Arrival Hour,Unknown EMS Scene Arrival Minutes,Not Applicable (Not Transported),Not Applicable (Not Transported),1,Daylight,Clear,1,4,['Driver'],['None_Used'],0,0,Invalid,0.0,0.0,43.0,20.0,"['Male', 'Female', 'Male', 'Male']",0,0,5,4,5,Dry,Straight,Level,Lowest,No
2520,5,Arkansas,50386,0,1,1,0,1,NOT APPLICABLE,September,28,Thursday,8,12,Rural,High Speed (Arterial),Yes,33.08283056,-93.89734722,Non-Intersection,Daylight,Clear,8:00am-8:59am,16,8:00am-8:59am,46,Not Applicable (Not Transported),Not Applicable (Not Transported),1,Daylight,Clear,1,0,['Driver'],['Shoulder_Lapbelt'],0,0,Valid,0.0,0.0,35.0,35.0,['Male'],0,0,4,4,3,Dry,Curve,Level,Lowest,No
2521,5,Arkansas,50387,0,2,2,0,3,NOT APPLICABLE,September,11,Monday,15,39,Rural,High Speed (Arterial),Yes,34.77468889,-90.85365,Non-Intersection,Daylight,Clear,3:00pm-3:59pm,40,3:00pm-3:59pm,45,Unknown,Unknown EMS Hospital Arrival Time,1,Daylight,Clear,1,2,['Driver'],['Shoulder_Lapbelt'],0,0,Valid,0.0,0.0,85.0,62.0,"['Female', 'Male']",0,0,4,4,5,Dry,Straight,Level,Lowest,No
2522,5,Arkansas,50388,0,2,2,0,2,NOT APPLICABLE,September,27,Wednesday,12,50,Rural,High Speed (Arterial),Yes,33.39788056,-91.85024167,Non-Intersection,Daylight,Clear,12:00pm-12:59pm,55,1:00pm-1:59pm,11,Not Applicable (Not Transported),Not Applicable (Not Transported),1,Daylight,Clear,1,1,['Driver'],['Shoulder_Lapbelt'],0,0,Valid,0.0,2.0,65.0,22.0,"['Male', 'Male']",0,0,4,4,5,Dry,Straight,Level,Lowest,No
2523,5,Arkansas,50389,0,2,2,0,2,NOT APPLICABLE,September,22,Friday,10,40,Rural,High Speed (Arterial),Yes,34.77511111,-90.81071667,Non-Intersection,Daylight,Cloudy,10:00am-10:59am,43,10:00am-10:59am,50,Unknown,Unknown EMS Hospital Arrival Time,1,Daylight,Reduced Visibility,1,1,['Driver'],['Shoulder_Lapbelt'],0,0,Valid,0.0,1.0,86.0,85.0,"['Male', 'Male']",0,0,4,4,5,Dry,Straight,Level,Lowest,No
2524,5,Arkansas,50390,0,1,1,0,1,NOT APPLICABLE,September,28,Thursday,21,19,Rural,Medium Speed (Collector),No,36.35074444,-94.48473056,Non-Intersection,Dark - Not Lighted,Clear,9:00pm-9:59pm,19,9:00pm-9:59pm,31,Not Applicable (Not Transported),Not Applicable (Not Transported),1,Dark - Unlighted,Clear,1,0,['Driver'],['None_Used'],1,1,Invalid,0.0,0.0,41.0,41.0,['Male'],0,0,3,4,3,Dry,Straight,Level,Lowest,No
2525,5,Arkansas,50391,0,1,1,0,1,NOT APPLICABLE,October,1,Sunday,17,40,Rural,Medium Speed (Collector),No,36.43215278,-93.50925,Non-Intersection,Daylight,Clear,Unknown,Unknown,Unknown EMS Scene Arrival Hour,Unknown EMS Scene Arrival Minutes,Not Applicable (Not Transported),Not Applicable (Not Transported),1,Daylight,Clear,1,0,['Driver'],['Shoulder_Lapbelt'],0,0,Valid,0.0,0.0,81.0,81.0,['Female'],0,0,2,4,3,Dry,Curve,Level,Lowest,No
2526,5,Arkansas,50392,0,1,1,0,1,NOT APPLICABLE,September,26,Tuesday,19,4,Rural,Medium Speed (Collector),No,36.09767222,-94.33903056,Non-Intersection,Daylight,Clear,7:00pm-7:59pm,5,7:00pm-7:59pm,15,Unknown,Unknown EMS Hospital Arrival Time,1,Daylight,Clear,1,0,['Driver'],['Shoulder_Lapbelt'],1,1,Valid,0.0,0.0,54.0,54.0,['Male'],1,0,3,4,3,Dry,Curve,Grade/Hillcrest,Lowest,No
2527,5,Arkansas,50393,0,3,3,0,5,NOT APPLICABLE,September,29,Friday,9,25,Rural,High Speed (Arterial),Yes,35.14118333,-92.40206944,Non-Intersection,Daylight,Clear,9:00am-9:59am,27,9:00am-9:59am,39,Unknown,Unknown EMS Hospital Arrival Time,1,Daylight,Clear,1,4,['Driver'],['Shoulder_Lapbelt'],0,0,Valid,0.0,0.0,70.0,48.0,"['Male', 'Male', 'Male']",0,0,4,4,5,Dry,Straight,Level,Medium,No
2528,5,Arkansas,50394,0,1,1,0,1,NOT APPLICABLE,October,2,Monday,14,0,Rural,Medium Speed (Collector),No,35.04520556,-92.33850833,Non-Intersection,Daylight,Clear,2:00pm-2:59pm,2,2:00pm-2:59pm,19,Unknown,Unknown EMS Hospital Arrival Time,1,Daylight,Clear,1,0,['Driver'],['None_Used'],0,0,Valid,0.0,2.0,45.0,45.0,['Male'],0,0,3,4,3,Dry,Curve,Level,Lowest,No
2529,5,Arkansas,50395,1,1,1,0,1,FORT SMITH,August,9,Wednesday,16,20,Urban,Low Speed (Local),No,35.37143611,-94.41091111,Non-Intersection,Daylight,Cloudy,Unknown,Unknown,Unknown EMS Scene Arrival Hour,Unknown EMS Scene Arrival Minutes,Unknown,Unknown EMS Hospital Arrival Time,1,Daylight,Reduced Visibility,0,1,[],[],0,0,Valid,0.0,0.0,52.0,52.0,['Male'],0,0,3,2,4,Dry,Straight,Level,Lowest,No
2530,5,Arkansas,50396,0,2,2,0,4,PIKE CITY,October,4,Wednesday,13,41,Rural,Medium Speed (Collector),No,34.16294167,-93.62975556,Non-Intersection,Daylight,Reported as Unknown,1:00pm-1:59pm,42,1:00pm-1:59pm,53,Unknown,Unknown EMS Hospital Arrival Time,2,Daylight,Clear,2,2,"['Driver', 'Rear_Seat']","['Shoulder_Lapbelt', 'Shoulder_Lapbelt']",0,0,Valid,0.0,2.0,44.0,31.0,"['Male', 'Female']",0,0,4,4,5,Wet/Standing Water,Curve,Grade/Hillcrest,Lowest,No
2531,5,Arkansas,50397,1,1,1,0,1,LITTLE ROCK,September,22,Friday,23,55,Urban,High Speed (Arterial),Yes,34.70600556,-92.34426389,Non-Intersection,Dark - Not Lighted,Clear,0:00am-0:59am,0,0:00am-0:59am,6,Not Applicable (Not Transported),Not Applicable (Not Transported),1,Dark - Unlighted,Clear,0,1,[],[],0,0,Invalid,0.0,0.0,999.0,999.0,['Other'],0,0,1,0,4,Dry,Straight,Level,Lowest,No
2532,5,Arkansas,50398,0,1,1,0,2,NOT APPLICABLE,October,6,Friday,18,45,Rural,Medium Speed (Collector),No,33.9142,-93.602475,Non-Intersection,Dark - Not Lighted,Clear,6:00pm-6:59pm,52,7:00pm-7:59pm,12,Unknown,Unknown EMS Hospital Arrival Time,1,Dark - Unlighted,Clear,1,1,['Front_Passenger'],['Shoulder_Lapbelt'],0,0,Valid,0.0,0.0,62.0,62.0,['Male'],0,0,2,4,3,Dry,Curve,Level,Lowest,No
2533,5,Arkansas,50399,0,2,2,0,5,HOPE,October,3,Tuesday,17,42,Urban,Medium Speed (Collector),No,33.66805833,-93.57166111,Non-Intersection,Daylight,Clear,5:00pm-5:59pm,58,6:00pm-6:59pm,1,6:00pm-6:59pm,32,1,Daylight,Clear,1,4,['Front_Passenger'],['Shoulder_Lapbelt'],0,0,Valid,0.0,0.0,65.0,41.0,"['Female', 'Male']",0,0,4,4,5,Dry,Straight,Level,Lowest,No
2534,5,Arkansas,50400,1,1,1,0,1,LITTLE ROCK,October,8,Sunday,1,45,Urban,High Speed (Arterial),Yes,34.7206,-92.33140833,Simple Junction,Dark - Lighted,Clear,Unknown,Unknown,Unknown EMS Scene Arrival Hour,Unknown EMS Scene Arrival Minutes,Not Applicable (Not Transported),Not Applicable (Not Transported),1,Dark - Lighted,Clear,0,1,[],[],0,0,Invalid,0.0,0.0,999.0,999.0,['Other'],0,0,3,0,4,Dry,Straight,Level,Lowest,No
2535,5,Arkansas,50401,0,1,1,0,1,BEARDEN,October,3,Tuesday,7,30,Urban,Low Speed (Local),No,33.72661944,-92.61013056,Non-Intersection,Daylight,Clear,Unknown,Unknown,Unknown EMS Scene Arrival Hour,Unknown EMS Scene Arrival Minutes,Not Applicable (Not Transported),Not Applicable (Not Transported),1,Daylight,Clear,1,0,['Driver'],['None_Used'],0,0,Invalid,0.0,2.0,49.0,49.0,['Male'],0,0,3,4,4,Dry,Straight,Level,Lowest,No
2536,5,Arkansas,50402,0,2,2,0,3,NOT APPLICABLE,September,19,Tuesday,12,50,Rural,High Speed (Arterial),Yes,34.59300833,-92.26830278,Non-Intersection,Daylight,Clear,12:00pm-12:59pm,54,1:00pm-1:59pm,5,Unknown,Unknown EMS Hospital Arrival Time,1,Daylight,Clear,1,2,['Front_Passenger'],['Shoulder_Lapbelt'],0,0,Valid,0.0,1.0,42.0,24.0,"['Female', 'Male']",2,0,3,4,5,Dry,Straight,Level,Lowest,No
2537,5,Arkansas,50403,0,2,2,0,3,NOT APPLICABLE,August,17,Thursday,8,45,Rural,Medium Speed (Collector),No,35.85613056,-91.74763889,Non-Intersection,Daylight,Clear,Unknown,Unknown,Unknown EMS Scene Arrival Hour,Unknown EMS Scene Arrival Minutes,Not Applicable (Not Transported),Not Applicable (Not Transported),1,Daylight,Clear,1,2,['Driver'],['None_Used'],0,0,Valid,0.0,0.0,67.0,46.0,"['Female', 'Male']",2,0,5,4,5,Dry,Straight,Grade/Hillcrest,Lowest,No
2538,5,Arkansas,50404,0,1,1,0,1,NOT APPLICABLE,September,24,Sunday,1,0,Rural,Low Speed (Local),No,36.12110833,-94.26269722,Non-Intersection,Dark - Not Lighted,Rain,Unknown,Unknown if Notified,Unknown EMS Scene Arrival Hour,Unknown if Arrived,Not Applicable (Not Transported),Not Applicable (Not Transported),1,Dark - Unlighted,Rain/Wind/Minor,1,0,['Driver'],['Shoulder_Lapbelt'],0,0,Valid,0.0,0.0,27.0,27.0,['Female'],1,0,3,4,3,Wet/Standing Water,Curve,Level,Lowest,No
2539,5,Arkansas,50405,1,1,1,0,2,NOT APPLICABLE,August,14,Monday,7,40,Urban,High Speed (Arterial),Yes,34.76854167,-92.32144444,Non-Intersection,Daylight,Clear,Unknown,Unknown,Unknown EMS Scene Arrival Hour,Unknown EMS Scene Arrival Minutes,Unknown,Unknown EMS Hospital Arrival Time,1,Daylight,Clear,0,2,[],[],0,0,Valid,0.0,0.0,55.0,55.0,['Male'],0,0,3,3,4,Dry,Straight,Level,Lowest,No
2540,5,Arkansas,50406,0,1,1,0,1,TEXARKANA,October,6,Friday,19,0,Urban,High Speed (Arterial),Yes,33.38504444,-94.03369167,Non-Intersection,Dark - Not Lighted,Clear,7:00pm-7:59pm,0,7:00pm-7:59pm,10,Unknown,Unknown EMS Hospital Arrival Time,1,Dark - Unlighted,Clear,1,0,['Driver'],['None_Used'],1,1,Valid,0.0,0.0,36.0,36.0,['Male'],0,0,3,4,3,Dry,Straight,Level,Lowest,No
2541,5,Arkansas,50407,0,2,2,0,3,LITTLE ROCK,October,9,Monday,16,25,Urban,Medium Speed (Collector),No,34.72703333,-92.31530556,Complex/Circle,Daylight,Clear,4:00pm-4:59pm,25,4:00pm-4:59pm,30,Unknown,Unknown EMS Hospital Arrival Time,1,Daylight,Clear,1,2,['Driver'],['None_Used'],1,1,Invalid,0.0,0.0,40.0,39.0,"['Male', 'Female']",0,0,5,4,5,Dry,Straight,Grade/Hillcrest,Lowest,No
2542,5,Arkansas,50408,1,1,1,0,1,LITTLE ROCK,October,5,Thursday,23,55,Urban,Medium Speed (Collector),No,34.68023889,-92.34377778,Non-Intersection,Dark - Not Lighted,Clear,11:00pm-11:59pm,56,11:00pm-11:59pm,59,0:00am-0:59am,12,1,Dark - Unlighted,Clear,0,1,[],[],0,0,Invalid,0.0,0.0,999.0,999.0,['Other'],0,0,1,0,4,Dry,Straight,Grade/Hillcrest,Lowest,No
2543,5,Arkansas,50409,0,1,1,0,3,NOT APPLICABLE,October,18,Wednesday,5,50,Rural,Low Speed (Local),No,34.48200278,-92.05246111,Simple Junction,Dark - Not Lighted,"Fog, Smog, Smoke",5:00am-5:59am,50,6:00am-6:59am,0,Unknown,Unknown EMS Hospital Arrival Time,1,Dark - Unlighted,Reduced Visibility,1,2,['Driver'],['None_Used'],0,0,Valid,0.0,0.0,54.0,54.0,['Male'],0,0,3,2,3,Loose/Unpaved,Curve,Level,Lowest,No
2544,5,Arkansas,50410,0,1,1,0,1,NOT APPLICABLE,October,18,Wednesday,10,47,Rural,High Speed (Arterial),Yes,34.61719444,-92.26631944,Non-Intersection,Daylight,Clear,10:00am-10:59am,50,11:00am-11:59am,4,11:00am-11:59am,33,1,Daylight,Clear,1,0,['Driver'],['Shoulder_Lapbelt'],0,0,Invalid,0.0,1.0,71.0,71.0,['Female'],0,0,3,4,3,Dry,Curve,Level,Lowest,No
2545,5,Arkansas,50412,0,1,1,0,1,NOT APPLICABLE,October,9,Monday,11,58,Rural,Medium Speed (Collector),No,35.85868333,-93.04211944,Non-Intersection,Daylight,Clear,Unknown,Unknown,Unknown EMS Scene Arrival Hour,Unknown EMS Scene Arrival Minutes,Not Applicable (Not Transported),Not Applicable (Not Transported),1,Daylight,Clear,1,0,['Driver'],['None_Used'],0,0,Valid,0.0,0.0,82.0,82.0,['Male'],0,0,5,3,2,Dry,Curve,Grade/Hillcrest,Lowest,No
2546,5,Arkansas,50413,0,2,2,0,2,NORTH LITTLE ROCK,October,14,Saturday,5,27,Urban,High Speed (Arterial),Yes,34.80213611,-92.37154444,Non-Intersection,Dark - Lighted,Clear,5:00am-5:59am,34,5:00am-5:59am,47,Not Applicable (Not Transported),Not Applicable (Not Transported),2,Dark - Lighted,Clear,2,0,"['Driver', 'Driver']","['Shoulder_Lapbelt', 'None_Used']",1,1,Valid,1.0,4.0,41.0,24.0,"['Male', 'Male']",0,0,2,4,5,Dry,Straight,Level,Lowest,No
2547,5,Arkansas,50414,0,2,2,0,3,NOT APPLICABLE,August,25,Friday,19,58,Rural,Medium Speed (Collector),No,34.96303611,-92.09613056,Non-Intersection,Dark - Unknown Lighting,Clear,Unknown,Unknown,Unknown EMS Scene Arrival Hour,Unknown EMS Scene Arrival Minutes,Unknown,Unknown EMS Hospital Arrival Time,1,Dark - Unlighted,Clear,1,2,['Driver'],['Shoulder_Lapbelt'],0,0,Valid,0.0,1.0,38.0,16.0,"['Male', 'Female']",0,0,3,4,5,Dry,Straight,Level,Lowest,No
2548,5,Arkansas,50415,0,2,2,0,2,NOT APPLICABLE,October,21,Saturday,15,6,Rural,Medium Speed (Collector),No,34.61660833,-92.90501389,Non-Intersection,Daylight,Clear,3:00pm-3:59pm,6,3:00pm-3:59pm,15,Unknown,Unknown EMS Hospital Arrival Time,1,Daylight,Clear,1,1,['Driver'],['None_Used'],0,0,Valid,0.0,0.0,70.0,64.0,"['Male', 'Male']",0,0,5,4,5,Dry,Straight,Level,Lowest,No
2549,5,Arkansas,50416,0,2,2,0,6,NOT APPLICABLE,September,2,Saturday,4,5,Rural,Medium Speed (Collector),No,34.76948333,-92.11650556,Simple Junction,Dark - Not Lighted,Clear,4:00am-4:59am,12,4:00am-4:59am,22,Unknown,Unknown EMS Hospital Arrival Time,1,Dark - Unlighted,Clear,1,5,['Rear_Seat'],['None_Used'],1,1,Valid,0.0,0.0,36.0,19.0,"['Male', 'Male']",0,0,4,4,5,Dry,Straight,Level,Lowest,No
2550,5,Arkansas,50417,0,3,3,0,4,LITTLE ROCK,October,23,Monday,18,2,Urban,Medium Speed (Collector),No,34.73231111,-92.40769167,Non-Intersection,Dusk,Clear,6:00pm-6:59pm,18,6:00pm-6:59pm,33,6:00pm-6:59pm,56,1,Twilight,Clear,1,3,['Driver'],['None_Used'],0,0,Valid,0.0,0.0,62.0,25.0,"['Female', 'Male', 'Female']",0,0,3,4,5,Dry,Straight,Level,Lowest,No
2551,5,Arkansas,50418,0,1,1,0,1,NOT APPLICABLE,October,19,Thursday,14,26,Rural,High Speed (Arterial),Yes,33.65571389,-93.65712778,Non-Intersection,Daylight,Clear,Not Applicable (Not Notified),Not Applicable (Not Notified),Not Applicable,Not Applicable,Not Applicable (Not Transported),Not Applicable (Not Transported),1,Daylight,Clear,1,0,['Driver'],['Shoulder_Lapbelt'],0,0,Valid,0.0,0.0,34.0,34.0,['Male'],0,0,4,4,3,Dry,Straight,Level,Lowest,No
2552,5,Arkansas,50419,0,2,2,0,2,NOT APPLICABLE,September,4,Monday,15,55,Rural,High Speed (Arterial),Yes,35.823475,-91.59348333,Non-Intersection,Daylight,Cloudy,3:00pm-3:59pm,58,4:00pm-4:59pm,10,Unknown,Unknown EMS Hospital Arrival Time,1,Daylight,Reduced Visibility,1,1,['Driver'],['None_Used'],0,0,Valid,0.0,0.0,62.0,36.0,"['Male', 'Male']",1,0,5,4,5,Dry,Straight,Grade/Hillcrest,Lowest,No
2553,5,Arkansas,50420,0,1,1,0,1,NOT APPLICABLE,October,1,Sunday,18,35,Rural,High Speed (Arterial),Yes,34.21891111,-92.07133889,Non-Intersection,Daylight,Clear,Unknown,Unknown,Unknown EMS Scene Arrival Hour,Unknown EMS Scene Arrival Minutes,Not Applicable (Not Transported),Not Applicable (Not Transported),1,Daylight,Clear,1,0,['Driver'],['Shoulder_Lapbelt'],1,1,Valid,0.0,1.0,21.0,21.0,['Female'],0,0,2,4,3,Dry,Curve,Grade/Hillcrest,Lowest,No
2554,5,Arkansas,50421,0,1,1,0,3,CONWAY,October,15,Sunday,4,59,Urban,High Speed (Arterial),No,35.06606944,-92.43431944,Non-Intersection,Dark - Lighted,Clear,5:00am-5:59am,10,5:00am-5:59am,19,5:00am-5:59am,38,2,Dark - Lighted,Clear,2,1,"['Front_Passenger', 'Front_Passenger']","['Shoulder_Lapbelt', 'Shoulder_Lapbelt']",1,1,Valid,0.0,0.0,38.0,38.0,['Male'],0,0,2,4,3,Dry,Curve,Grade/Hillcrest,Lowest,No
2555,5,Arkansas,50422,0,1,1,0,1,NOT APPLICABLE,October,21,Saturday,7,2,Rural,Low Speed (Local),No,35.25074444,-94.29223333,Non-Intersection,Dark - Not Lighted,Clear,7:00am-7:59am,2,7:00am-7:59am,15,Unknown,Unknown EMS Hospital Arrival Time,1,Dark - Unlighted,Clear,1,0,['Driver'],['None_Used'],1,1,Valid,0.0,1.0,33.0,33.0,['Female'],0,0,3,4,3,Dry,Curve,Level,Lowest,No
2556,5,Arkansas,50423,0,2,2,0,2,NOT APPLICABLE,September,2,Saturday,6,4,Rural,Low Speed (Local),No,35.30530833,-94.37060278,Non-Intersection,Dark - Lighted,Clear,6:00am-6:59am,7,6:00am-6:59am,9,Unknown,Unknown EMS Hospital Arrival Time,1,Dark - Lighted,Clear,1,1,['Driver'],['None_Used'],0,0,Valid,0.0,1.0,35.0,22.0,"['Male', 'Male']",1,0,5,4,5,Dry,Straight,Level,Lowest,No
2557,5,Arkansas,50424,0,2,2,0,3,NEWPORT,September,5,Tuesday,18,15,Urban,Medium Speed (Collector),No,35.61823889,-91.25184444,Non-Intersection,Daylight,Clear,6:00pm-6:59pm,15,6:00pm-6:59pm,17,Unknown,Unknown EMS Hospital Arrival Time,1,Daylight,Clear,1,2,['Front_Passenger'],['Shoulder_Lapbelt'],1,1,Valid,0.0,3.0,40.0,26.0,"['Male', 'Male']",0,0,3,4,5,Dry,Straight,Level,Lowest,Yes
2558,5,Arkansas,50425,0,1,1,0,1,FORT SMITH,September,6,Wednesday,23,54,Urban,Medium Speed (Collector),No,35.42848333,-94.36921389,Non-Intersection,Dark - Not Lighted,Clear,11:00pm-11:59pm,54,11:00pm-11:59pm,58,Not Applicable (Not Transported),Not Applicable (Not Transported),1,Dark - Unlighted,Clear,1,0,['Driver'],['Shoulder_Lapbelt'],1,1,Valid,0.0,0.0,63.0,63.0,['Male'],0,0,3,4,3,Dry,Curve,Level,Lowest,No
2559,5,Arkansas,50426,1,4,4,0,5,NOT APPLICABLE,September,21,Thursday,22,30,Rural,High Speed (Arterial),Yes,35.73395,-90.02566389,Non-Intersection,Dark - Not Lighted,Clear,10:00pm-10:59pm,36,10:00pm-10:59pm,50,Not Applicable (Not Transported),Not Applicable (Not Transported),1,Dark - Unlighted,Clear,0,5,[],[],0,0,Valid,0.0,0.0,42.0,37.0,"['Male', 'Male', 'Male', 'Male']",0,0,4,2,4,Dry,Straight,Level,Lowest,No
2560,5,Arkansas,50427,0,2,2,0,2,NOT APPLICABLE,September,23,Saturday,12,5,Rural,Medium Speed (Collector),No,35.44481111,-92.13876111,Non-Intersection,Daylight,Clear,12:00pm-12:59pm,7,12:00pm-12:59pm,17,Unknown,Unknown EMS Hospital Arrival Time,1,Daylight,Clear,1,1,['Driver'],['None_Used'],0,0,Invalid,0.0,0.0,86.0,42.0,"['Male', 'Male']",0,0,5,4,5,Dry,Straight,Grade/Hillcrest,Lowest,No
2561,5,Arkansas,50428,0,2,2,0,2,NOT APPLICABLE,September,28,Thursday,8,45,Rural,Medium Speed (Collector),No,35.69940278,-90.227175,Non-Intersection,Daylight,Clear,8:00am-8:59am,50,9:00am-9:59am,0,Unknown,Unknown EMS Hospital Arrival Time,1,Daylight,Clear,1,1,['Driver'],['Shoulder_Lapbelt'],0,0,Valid,0.0,0.0,64.0,33.0,"['Male', 'Male']",0,0,4,4,5,Dry,Straight,Level,Lowest,No
2562,5,Arkansas,50429,0,1,1,0,1,NOT APPLICABLE,October,7,Saturday,19,32,Rural,Low Speed (Local),No,33.27312778,-92.80040278,Non-Intersection,Dark - Not Lighted,Clear,Unknown,Unknown,Unknown EMS Scene Arrival Hour,Unknown EMS Scene Arrival Minutes,Not Applicable (Not Transported),Not Applicable (Not Transported),1,Dark - Unlighted,Clear,1,0,['Driver'],['Shoulder_Lapbelt'],0,0,Invalid,0.0,0.0,33.0,33.0,['Male'],1,0,3,4,3,Dry,Curve,Level,Lowest,No
2563,5,Arkansas,50430,0,1,1,0,1,NOT APPLICABLE,October,16,Monday,4,46,Rural,Medium Speed (Collector),No,34.22169722,-91.44146389,Non-Intersection,Dark - Not Lighted,Clear,4:00am-4:59am,46,5:00am-5:59am,5,Not Applicable (Not Transported),Not Applicable (Not Transported),1,Dark - Unlighted,Clear,1,0,['Driver'],['Shoulder_Lapbelt'],0,0,Valid,1.0,1.0,63.0,63.0,['Male'],0,0,4,4,3,Dry,Straight,Level,Lowest,No
2564,5,Arkansas,50431,1,1,1,0,1,ROGERS,October,21,Saturday,21,24,Urban,Medium Speed (Collector),No,36.31144444,-94.10233333,Non-Intersection,Dark - Not Lighted,Clear,9:00pm-9:59pm,27,9:00pm-9:59pm,32,Unknown,Unknown EMS Hospital Arrival Time,1,Dark - Unlighted,Clear,0,1,[],[],0,0,Valid,0.0,0.0,52.0,52.0,['Male'],0,0,3,4,4,Dry,Straight,Level,Lowest,No
2565,5,Arkansas,50432,0,2,2,0,2,NOT APPLICABLE,September,3,Sunday,13,27,Rural,Medium Speed (Collector),No,35.33151111,-93.25383333,Simple Junction,Daylight,Clear,1:00pm-1:59pm,31,1:00pm-1:59pm,41,Not Applicable (Not Transported),Not Applicable (Not Transported),1,Daylight,Clear,1,1,['Driver'],['None_Used'],0,0,Invalid,1.0,2.0,20.0,19.0,"['Male', 'Male']",0,0,5,4,5,Dry,Straight,Level,Lowest,No