,State_Code,State_Name,Crash_ID,Count_Non_Motorists,Count_Vehicles_Total,Count_Vehicle_Forms,Count_PVH_Involved,Count_Occupants_MV,City_Name,Month_Name,Day_of_Month,Day_of_Week,Crash_Hour,Crash_Minute,Area_Rural_Urban,Road_Functional_Class,On_NHS_Road,Latitude,Longitude,Intersection_Type,Light_Condition,Weather_Condition,Notif_Hour,Notif_Minute,Arrival_Hour,Arrival_Minute,Hospital_Hour,Hospital_Minute,Fatalities_Count,Clean_Light_Condition,Clean_Weather_Condition,Total_Killed,Total_Alive,Fatal_Seats_List,Killed_Restraint_List,Any_Driver_Drinking,Total_Drinking_Drivers,Driver_License_Category,Driver_Max_Prev_Accident_Count,Driver_Max_Prev_Speeding_Count,Max_Driver_Age,Min_Driver_Age,Driver_Sex_List,Total_Exceeding_Limit_Vehicles,Total_Too_Fast_Vehicles,Max_Vehicle_Type_Severity_5,Max_Vehicle_Damage_Rank,Max_Harmful_Event_Severity,Crash_Road_Surface_Condition,Crash_Horizontal_Alignment,Crash_Vertical_Profile,Crash_Impairment_Category,Crash_Vehicle_Defect
2566,5,Arkansas,50433,0,3,3,0,5,LITTLE ROCK,October,18,Wednesday,8,0,Urban,Medium Speed (Collector),No,34.67014444,-92.36468056,Non-Intersection,Daylight,Clear,8:00am-8:59am,2,8:00am-8:59am,4,8:00am-8:59am,35,1,Daylight,Clear,1,4,['Driver'],['None_Used'],0,0,Valid,2.0,0.0,60.0,35.0,"['Male', 'Female', 'Female']",0,0,3,4,5,Dry,Curve,Grade/Hillcrest,Lowest,No
2567,5,Arkansas,50434,0,2,2,0,2,NOT APPLICABLE,October,4,Wednesday,13,50,Rural,Medium Speed (Collector),No,35.3669,-90.38754167,Non-Intersection,Daylight,Cloudy,1:00pm-1:59pm,56,2:00pm-2:59pm,10,3:00pm-3:59pm,33,1,Daylight,Reduced Visibility,1,1,['Driver'],['Shoulder_Lapbelt'],0,0,Valid,0.0,0.0,34.0,33.0,"['Female', 'Male']",0,0,4,4,5,Dry,Curve,Level,Lowest,No
2568,5,Arkansas,50435,0,1,1,0,1,NOT APPLICABLE,October,26,Thursday,19,24,Rural,Medium Speed (Collector),No,34.35308889,-93.18369722,Non-Intersection,Dark - Not Lighted,Clear,7:00pm-7:59pm,32,7:00pm-7:59pm,44,Not Applicable (Not Transported),Not Applicable (Not Transported),1,Dark - Unlighted,Clear,1,0,['Driver'],['None_Used'],1,1,Valid,0.0,0.0,45.0,45.0,['Male'],0,0,3,4,3,Wet/Standing Water,Curve,Level,Lowest,No
2569,5,Arkansas,50436,1,2,2,0,4,LITTLE ROCK,October,28,Saturday,15,2,Urban,High Speed (Arterial),Yes,34.77896389,-92.3904,Non-Intersection,Daylight,Rain,3:00pm-3:59pm,4,3:00pm-3:59pm,13,Unknown,Unknown EMS Hospital Arrival Time,1,Daylight,Rain/Wind/Minor,0,4,[],[],0,0,Valid,0.0,0.0,23.0,16.0,"['Male', 'Male']",1,0,3,4,5,Wet/Standing Water,Straight,Grade/Hillcrest,Lowest,No
2570,5,Arkansas,50437,0,2,2,0,3,FORT SMITH,September,12,Tuesday,18,14,Urban,High Speed (Arterial),No,35.39539167,-94.41135556,Non-Intersection,Dusk,Clear,6:00pm-6:59pm,28,6:00pm-6:59pm,36,Unknown,Unknown EMS Hospital Arrival Time,1,Twilight,Clear,1,2,['Driver'],['None_Used'],1,2,Valid,0.0,0.0,34.0,33.0,"['Male', 'Male']",0,0,5,4,5,Dry,Straight,Level,Lowest,No
2571,5,Arkansas,50438,0,2,2,0,2,NOT APPLICABLE,October,18,Wednesday,6,20,Rural,Medium Speed (Collector),No,36.17019722,-90.60553056,Non-Intersection,Dark - Not Lighted,Clear,6:00am-6:59am,34,6:00am-6:59am,56,Unknown,Unknown EMS Hospital Arrival Time,1,Dark - Unlighted,Clear,1,1,['Driver'],['None_Used'],0,0,Valid,0.0,2.0,58.0,33.0,"['Male', 'Male']",1,0,3,4,5,Dry,Curve,Level,Lowest,No
2572,5,Arkansas,50439,0,1,1,0,1,NOT APPLICABLE,October,27,Friday,15,30,Rural,Medium Speed (Collector),No,36.06134444,-93.91307222,Non-Intersection,Daylight,Cloudy,Unknown,Unknown,Unknown EMS Scene Arrival Hour,Unknown EMS Scene Arrival Minutes,Not Applicable (Not Transported),Not Applicable (Not Transported),1,Daylight,Reduced Visibility,1,0,['Driver'],['None_Used'],1,1,Valid,0.0,0.0,40.0,40.0,['Male'],1,0,5,4,2,Dry,Curve,Grade/Hillcrest,Lowest,No
2573,5,Arkansas,50440,1,1,1,0,1,WEST MEMPHIS,October,29,Sunday,21,15,Urban,Medium Speed (Collector),No,35.14284167,-90.193525,Non-Intersection,Dark - Not Lighted,Rain,9:00pm-9:59pm,23,9:00pm-9:59pm,28,9:00pm-9:59pm,48,1,Dark - Unlighted,Rain/Wind/Minor,0,1,[],[],1,1,Invalid,0.0,0.0,37.0,37.0,['Male'],0,0,3,3,4,Wet/Standing Water,Straight,Level,Lowest,No
2574,5,Arkansas,50441,0,1,1,0,1,NOT APPLICABLE,October,25,Wednesday,18,0,Rural,Low Speed (Local),No,35.87035278,-92.43984722,Non-Intersection,Dusk,Clear,6:00pm-6:59pm,20,6:00pm-6:59pm,57,Not Applicable (Not Transported),Not Applicable (Not Transported),1,Twilight,Clear,1,0,['Driver'],['None_Used'],0,0,Valid,0.0,0.0,16.0,16.0,['Male'],0,0,1,0,3,Loose/Unpaved,Curve,Grade/Hillcrest,Lowest,No
2575,5,Arkansas,50442,0,2,2,0,2,NOT APPLICABLE,October,14,Saturday,2,44,Rural,High Speed (Arterial),Yes,34.18068333,-91.87463333,Non-Intersection,Dark - Not Lighted,Clear,2:00am-2:59am,44,3:00am-3:59am,3,3:00am-3:59am,31,1,Dark - Unlighted,Clear,1,1,['Driver'],['Shoulder_Lapbelt'],0,0,Valid,0.0,2.0,61.0,20.0,"['Male', 'Female']",0,0,4,4,5,Dry,Curve,Level,Lowest,No
2576,5,Arkansas,50443,0,1,1,0,1,NORTH LITTLE ROCK,October,13,Friday,17,16,Urban,High Speed (Arterial),Yes,34.80658889,-92.36328889,Non-Intersection,Dark - Lighted,Cloudy,5:00pm-5:59pm,16,5:00pm-5:59pm,22,Not Applicable (Not Transported),Not Applicable (Not Transported),1,Dark - Lighted,Reduced Visibility,1,0,['Driver'],['None_Used'],1,1,Valid,2.0,0.0,25.0,25.0,['Male'],1,0,5,4,3,Wet/Standing Water,Straight,Level,Lowest,No
2577,5,Arkansas,50444,0,1,1,0,1,NOT APPLICABLE,November,1,Wednesday,21,12,Rural,High Speed (Arterial),Yes,33.6224,-93.77445833,Non-Intersection,Dark - Not Lighted,Clear,Not Applicable (Not Notified),Not Applicable (Not Notified),Not Applicable,Not Applicable,Not Applicable (Not Transported),Not Applicable (Not Transported),1,Dark - Unlighted,Clear,1,0,['Driver'],['None_Used'],1,1,Invalid,0.0,0.0,35.0,35.0,['Male'],1,0,3,4,3,Dry,Straight,Level,Lowest,No
2578,5,Arkansas,50445,0,1,1,0,1,NOT APPLICABLE,October,27,Friday,17,20,Rural,Medium Speed (Collector),No,36.444225,-94.45073056,Non-Intersection,Daylight,Cloudy,5:00pm-5:59pm,22,5:00pm-5:59pm,24,Not Applicable (Not Transported),Not Applicable (Not Transported),1,Daylight,Reduced Visibility,1,0,['Driver'],['None_Used'],1,1,Invalid,0.0,0.0,32.0,32.0,['Male'],0,0,3,4,2,Wet/Standing Water,Curve,Grade/Hillcrest,Lowest,No
2579,5,Arkansas,50446,0,1,1,0,1,NOT APPLICABLE,September,15,Friday,16,13,Rural,Medium Speed (Collector),No,35.05620833,-92.12005833,Non-Intersection,Reported as Unknown,Clear,4:00pm-4:59pm,14,4:00pm-4:59pm,25,Not Applicable (Not Transported),Not Applicable (Not Transported),1,Dark - Unlighted,Clear,1,0,['Driver'],['None_Used'],1,1,Valid,0.0,0.0,41.0,41.0,['Male'],0,0,3,4,3,Dry,Curve,Level,Lowest,No
2580,5,Arkansas,50447,1,1,1,0,2,HEBER SPRINGS,October,31,Tuesday,22,6,Urban,Medium Speed (Collector),No,35.51728889,-92.01243889,Non-Intersection,Dark - Not Lighted,Clear,10:00pm-10:59pm,11,10:00pm-10:59pm,14,Not Applicable (Not Transported),Not Applicable (Not Transported),1,Dark - Unlighted,Clear,0,2,[],[],0,0,Valid,0.0,0.0,17.0,17.0,['Male'],0,0,3,3,4,Dry,Straight,Level,Lowest,No
2581,5,Arkansas,50448,0,2,2,0,3,WEST MEMPHIS,November,4,Saturday,4,15,Urban,Low Speed (Local),No,35.16970278,-90.19338056,Non-Intersection,Dark - Lighted,Clear,4:00am-4:59am,26,4:00am-4:59am,38,5:00am-5:59am,6,1,Dark - Lighted,Clear,1,2,['Driver'],['None_Used'],1,1,Invalid,1.0,5.0,65.0,30.0,"['Female', 'Female']",0,0,3,4,5,Dry,Curve,Level,Lowest,No
2582,5,Arkansas,50449,0,1,1,0,1,NOT APPLICABLE,October,11,Wednesday,14,20,Rural,Medium Speed (Collector),No,35.95381667,-91.04274722,Non-Intersection,Daylight,Clear,2:00pm-2:59pm,20,2:00pm-2:59pm,39,Not Applicable (Not Transported),Not Applicable (Not Transported),1,Daylight,Clear,1,0,['Driver'],['Shoulder_Lapbelt'],0,0,Valid,0.0,0.0,66.0,66.0,['Male'],0,0,2,4,3,Dry,Straight,Level,Lowest,No
2583,5,Arkansas,50450,0,1,1,0,1,NOT APPLICABLE,October,1,Sunday,20,45,Rural,High Speed (Arterial),Yes,35.04024167,-91.95535833,Non-Intersection,Dark - Not Lighted,Clear,Unknown,Unknown,Unknown EMS Scene Arrival Hour,Unknown EMS Scene Arrival Minutes,Not Applicable (Not Transported),Not Applicable (Not Transported),1,Dark - Unlighted,Clear,1,0,['Driver'],['None_Used'],0,0,Invalid,0.0,2.0,32.0,32.0,['Male'],0,0,3,4,3,Dry,Straight,Level,Lowest,No
2584,5,Arkansas,50451,1,1,1,0,1,BENTONVILLE,September,30,Saturday,20,4,Urban,Medium Speed (Collector),No,36.33566944,-94.22518889,Non-Intersection,Dark - Not Lighted,Clear,8:00pm-8:59pm,5,8:00pm-8:59pm,9,Unknown,Unknown EMS Hospital Arrival Time,1,Dark - Unlighted,Clear,0,1,[],[],0,0,Valid,0.0,0.0,29.0,29.0,['Male'],0,0,3,3,4,Dry,Straight,Level,Lowest,No
2585,5,Arkansas,50452,0,1,1,0,2,NOT APPLICABLE,October,15,Sunday,2,20,Rural,Medium Speed (Collector),No,34.61876111,-92.87833611,Non-Intersection,Dark - Not Lighted,Clear,2:00am-2:59am,23,2:00am-2:59am,28,Not Applicable (Not Transported),Not Applicable (Not Transported),1,Dark - Unlighted,Clear,1,1,['Non_Standard_Risk'],['None_Used'],0,0,Valid,0.0,1.0,53.0,53.0,['Male'],0,0,3,0,1,Dry,Straight,Level,Lowest,No
2586,5,Arkansas,50453,0,2,2,0,2,LONOKE,October,23,Monday,13,24,Rural,High Speed (Arterial),Yes,34.54611111,-91.88200556,Simple Junction,Daylight,Clear,1:00pm-1:59pm,38,1:00pm-1:59pm,38,Not Applicable (Not Transported),Not Applicable (Not Transported),1,Daylight,Clear,1,1,['Driver'],['None_Used'],0,0,Valid,0.0,1.0,73.0,64.0,"['Male', 'Male']",0,0,4,4,5,Dry,Straight,Level,Lowest,No
2587,5,Arkansas,50454,1,1,1,0,1,NOT APPLICABLE,October,31,Tuesday,22,30,Rural,High Speed (Arterial),Yes,35.08572222,-92.33423889,Simple Junction,Dark - Not Lighted,Clear,Unknown,Unknown,Unknown EMS Scene Arrival Hour,Unknown EMS Scene Arrival Minutes,Not Applicable (Not Transported),Not Applicable (Not Transported),1,Dark - Unlighted,Clear,0,1,[],[],0,0,Valid,0.0,0.0,52.0,52.0,['Male'],0,0,3,4,4,Dry,Straight,Level,Lowest,No
2588,5,Arkansas,50455,0,1,1,0,1,CONWAY,November,5,Sunday,12,10,Urban,Medium Speed (Collector),No,35.04825,-92.44881389,Non-Intersection,Daylight,Clear,12:00pm-12:59pm,13,12:00pm-12:59pm,20,Unknown,Unknown EMS Hospital Arrival Time,1,Daylight,Clear,1,0,['Driver'],['None_Used'],0,0,Valid,1.0,1.0,23.0,23.0,['Male'],1,0,5,4,3,Dry,Straight,Grade/Hillcrest,Lowest,No
2589,5,Arkansas,50456,1,1,1,0,1,LITTLE ROCK,November,7,Tuesday,5,45,Urban,Low Speed (Local),No,34.72646389,-92.33511111,Non-Intersection,Reported as Unknown,Reported as Unknown,Unknown,Unknown,Unknown EMS Scene Arrival Hour,Unknown EMS Scene Arrival Minutes,Not Applicable (Not Transported),Not Applicable (Not Transported),1,Dark - Unlighted,Clear,0,1,[],[],0,0,Invalid,0.0,0.0,999.0,999.0,['Other'],0,0,1,0,4,Dry,Straight,Level,Lowest,No
2590,5,Arkansas,50457,0,1,1,0,1,NOT APPLICABLE,November,7,Tuesday,21,42,Rural,Medium Speed (Collector),No,34.02889167,-93.10590278,Non-Intersection,Dark - Not Lighted,Clear,9:00pm-9:59pm,48,9:00pm-9:59pm,55,Unknown,Unknown EMS Hospital Arrival Time,1,Dark - Unlighted,Clear,1,0,['Driver'],['None_Used'],0,0,Valid,0.0,0.0,75.0,75.0,['Male'],0,0,3,4,3,Dry,Straight,Grade/Hillcrest,Lowest,No
2591,5,Arkansas,50458,0,3,3,0,4,SPRINGDALE,November,6,Monday,9,45,Urban,High Speed (Arterial),Yes,36.18398611,-94.13850278,Non-Intersection,Daylight,Clear,9:00am-9:59am,48,9:00am-9:59am,54,10:00am-10:59am,10,2,Daylight,Clear,2,2,"['Driver', 'Front_Passenger']","['Shoulder_Lapbelt', 'Shoulder_Lapbelt']",1,1,Invalid,0.0,1.0,69.0,26.0,"['Male', 'Male', 'Male']",0,0,3,4,5,Dry,Straight,Level,Lowest,No
2592,5,Arkansas,50459,0,2,2,0,2,NOT APPLICABLE,November,7,Tuesday,4,30,Rural,High Speed (Arterial),Yes,36.17565,-94.35741111,Non-Intersection,Dark - Not Lighted,Clear,4:00am-4:59am,45,4:00am-4:59am,57,Not Applicable (Not Transported),Not Applicable (Not Transported),1,Dark - Unlighted,Clear,1,1,['Driver'],['Shoulder_Lapbelt'],0,0,Valid,0.0,0.0,51.0,40.0,"['Male', 'Male']",0,0,1,4,5,Dry,Straight,Grade/Hillcrest,Medium,No
2593,5,Arkansas,50460,0,1,1,0,1,LITTLE ROCK,October,28,Saturday,11,0,Urban,High Speed (Arterial),Yes,34.76381389,-92.39092778,Non-Intersection,Daylight,Rain,11:00am-11:59am,8,11:00am-11:59am,17,Unknown,Unknown EMS Hospital Arrival Time,1,Daylight,Rain/Wind/Minor,1,0,['Driver'],['Shoulder_Lapbelt'],0,0,Valid,0.0,0.0,56.0,56.0,['Male'],1,0,3,4,3,Wet/Standing Water,Straight,Level,Lowest,No
2594,5,Arkansas,50461,0,2,2,0,2,NOT APPLICABLE,October,23,Monday,10,0,Rural,High Speed (Arterial),Yes,35.141225,-90.10674167,Non-Intersection,Daylight,Clear,Not Applicable (Not Notified),Not Applicable (Not Notified),Not Applicable,Not Applicable,Not Applicable (Not Transported),Not Applicable (Not Transported),1,Daylight,Clear,1,1,['Driver'],['Shoulder_Lapbelt'],0,0,Valid,0.0,0.0,60.0,58.0,"['Male', 'Male']",0,0,4,4,5,Dry,Straight,Level,Lowest,No
2595,5,Arkansas,50462,1,1,1,0,1,NOT APPLICABLE,November,11,Saturday,20,22,Urban,Medium Speed (Collector),No,34.67143333,-92.23469167,Non-Intersection,Dark - Not Lighted,Clear,8:00pm-8:59pm,20,8:00pm-8:59pm,28,Not Applicable (Not Transported),Not Applicable (Not Transported),1,Dark - Unlighted,Clear,0,1,[],[],0,0,Invalid,0.0,0.0,999.0,999.0,['Male'],0,0,1,0,4,Dry,Straight,Level,Lowest,No
2596,5,Arkansas,50463,0,1,1,0,1,NOT APPLICABLE,November,7,Tuesday,14,47,Rural,Medium Speed (Collector),No,34.61664444,-92.707725,Non-Intersection,Daylight,Clear,Unknown,Unknown,Unknown EMS Scene Arrival Hour,Unknown EMS Scene Arrival Minutes,Not Applicable (Not Transported),Not Applicable (Not Transported),1,Daylight,Clear,1,0,['Driver'],['Shoulder_Lapbelt'],0,0,Valid,1.0,0.0,55.0,55.0,['Male'],0,0,3,4,3,Dry,Curve,Level,Medium,No
2597,5,Arkansas,50464,1,1,1,0,2,FORT SMITH,September,28,Thursday,19,33,Urban,High Speed (Arterial),Yes,35.373525,-94.42136389,Complex/Circle,Dark - Lighted,Clear,7:00pm-7:59pm,36,7:00pm-7:59pm,42,Unknown,Unknown EMS Hospital Arrival Time,1,Dark - Lighted,Clear,0,2,[],[],0,0,Valid,0.0,0.0,75.0,75.0,['Male'],0,0,2,3,4,Dry,Straight,Grade/Hillcrest,Lowest,No
2598,5,Arkansas,50465,0,1,1,0,1,NOT APPLICABLE,October,4,Wednesday,17,45,Rural,Medium Speed (Collector),No,34.9394,-94.15603056,Non-Intersection,Daylight,Cloudy,Unknown,Unknown,Unknown EMS Scene Arrival Hour,Unknown EMS Scene Arrival Minutes,Not Applicable (Not Transported),Not Applicable (Not Transported),1,Daylight,Reduced Visibility,1,0,['Driver'],['None_Used'],1,1,Valid,0.0,0.0,58.0,58.0,['Male'],0,0,3,4,3,Dry,Straight,Level,Lowest,No
2599,5,Arkansas,50466,0,2,2,0,3,OZARK,October,9,Monday,16,56,Rural,Medium Speed (Collector),No,35.51901111,-93.86528611,Non-Intersection,Daylight,Clear,4:00pm-4:59pm,56,5:00pm-5:59pm,3,5:00pm-5:59pm,40,1,Daylight,Clear,1,2,['Driver'],['None_Used'],0,0,Invalid,0.0,0.0,50.0,17.0,"['Male', 'Female']",0,0,5,4,5,Dry,Straight,Level,Lowest,No
2600,5,Arkansas,50467,0,2,2,0,2,NOT APPLICABLE,October,22,Sunday,13,10,Rural,High Speed (Arterial),Yes,34.50555833,-92.69947222,Non-Intersection,Daylight,Clear,1:00pm-1:59pm,22,1:00pm-1:59pm,33,1:00pm-1:59pm,55,1,Daylight,Clear,1,1,['Driver'],['Shoulder_Lapbelt'],0,0,Valid,0.0,0.0,56.0,23.0,"['Male', 'Male']",0,0,4,4,5,Dry,Straight,Level,Lowest,No
2601,5,Arkansas,50468,0,2,2,0,2,NOT APPLICABLE,November,14,Tuesday,12,10,Rural,Medium Speed (Collector),No,33.135,-92.79523611,Non-Intersection,Daylight,Clear,12:00pm-12:59pm,16,12:00pm-12:59pm,36,Unknown,Unknown EMS Hospital Arrival Time,1,Daylight,Clear,1,1,['Driver'],['None_Used'],0,0,Valid,0.0,0.0,80.0,58.0,"['Male', 'Male']",0,0,4,4,5,Dry,Straight,Grade/Hillcrest,Lowest,No
2602,5,Arkansas,50469,0,16,16,0,21,NOT APPLICABLE,October,3,Tuesday,14,15,Rural,High Speed (Arterial),Yes,35.75208056,-91.06898056,Non-Intersection,Daylight,"Fog, Smog, Smoke",2:00pm-2:59pm,16,2:00pm-2:59pm,33,3:00pm-3:59pm,15,2,Daylight,Reduced Visibility,2,19,"['Driver', 'Front_Passenger']","['Shoulder_Lapbelt', 'Shoulder_Lapbelt']",0,0,Valid,2.0,1.0,74.0,21.0,"['Male', 'Male', 'Male', 'Male', 'Male', 'Male', 'Male', 'Male', 'Male', 'Female', 'Female', 'Male', 'Male', 'Male', 'Male', 'Male']",0,0,4,4,5,Dry,Straight,Level,Lowest,No
2603,5,Arkansas,50470,1,1,1,0,1,BRINKLEY,November,10,Friday,15,25,Urban,High Speed (Arterial),Yes,34.89237778,-91.19451667,Non-Intersection,Daylight,Clear,3:00pm-3:59pm,27,3:00pm-3:59pm,31,Unknown,Unknown EMS Hospital Arrival Time,1,Daylight,Clear,0,1,[],[],0,0,Valid,0.0,0.0,50.0,50.0,['Male'],0,0,2,3,4,Dry,Straight,Level,Lowest,No
2604,5,Arkansas,50471,1,1,1,0,1,PARAGOULD,November,17,Friday,19,16,Urban,High Speed (Arterial),Yes,36.019725,-90.52586667,Non-Intersection,Dark - Not Lighted,Clear,7:00pm-7:59pm,16,7:00pm-7:59pm,19,Unknown,Unknown EMS Hospital Arrival Time,1,Dark - Unlighted,Clear,0,1,[],[],0,0,Valid,0.0,0.0,50.0,50.0,['Female'],0,0,3,3,4,Dry,Straight,Level,Lowest,No
2605,5,Arkansas,50472,0,1,1,0,1,LITTLE ROCK,November,19,Sunday,20,30,Urban,Medium Speed (Collector),No,34.69035556,-92.33347778,Non-Intersection,Dark - Lighted,Rain,8:00pm-8:59pm,30,8:00pm-8:59pm,30,Unknown,Unknown EMS Hospital Arrival Time,1,Dark - Lighted,Rain/Wind/Minor,1,0,['Driver'],['None_Used'],0,0,Invalid,0.0,0.0,24.0,24.0,['Male'],0,0,2,4,3,Wet/Standing Water,Straight,Level,Lowest,No
2606,5,Arkansas,50473,1,1,1,0,1,NOT APPLICABLE,November,11,Saturday,23,11,Rural,Medium Speed (Collector),No,36.0156,-90.59487222,Non-Intersection,Dark - Not Lighted,Clear,Unknown,Unknown,Unknown EMS Scene Arrival Hour,Unknown EMS Scene Arrival Minutes,Not Applicable (Not Transported),Not Applicable (Not Transported),1,Dark - Unlighted,Clear,0,1,[],[],0,0,Valid,0.0,0.0,17.0,17.0,['Male'],0,0,3,3,4,Dry,Straight,Level,Lowest,No
2607,5,Arkansas,50474,0,2,2,0,3,ASH FLAT,November,20,Monday,15,52,Urban,High Speed (Arterial),No,36.23619167,-91.59960833,Simple Junction,Daylight,Rain,3:00pm-3:59pm,52,3:00pm-3:59pm,55,Unknown,Unknown EMS Hospital Arrival Time,1,Daylight,Rain/Wind/Minor,1,2,['Front_Passenger'],['Shoulder_Lapbelt'],0,0,Valid,0.0,0.0,67.0,30.0,"['Male', 'Male']",0,0,3,4,5,Wet/Standing Water,Straight,Grade/Hillcrest,Lowest,No
2608,5,Arkansas,50475,0,2,2,0,2,NOT APPLICABLE,November,10,Friday,18,0,Rural,Medium Speed (Collector),No,34.35536944,-92.44298611,Non-Intersection,Dark - Not Lighted,Clear,6:00pm-6:59pm,2,6:00pm-6:59pm,11,Unknown,Unknown EMS Hospital Arrival Time,1,Dark - Unlighted,Clear,1,1,['Driver'],['Shoulder_Lapbelt'],0,0,Valid,0.0,0.0,54.0,17.0,"['Male', 'Male']",0,0,3,4,5,Dry,Straight,Level,Lowest,No
2609,5,Arkansas,50476,1,1,1,0,1,FORT SMITH,October,4,Wednesday,12,26,Urban,Low Speed (Local),No,35.3119,-94.41306667,Complex/Circle,Daylight,Clear,12:00pm-12:59pm,26,12:00pm-12:59pm,34,12:00pm-12:59pm,52,1,Daylight,Clear,0,1,[],[],0,0,Valid,0.0,0.0,83.0,83.0,['Male'],0,0,2,2,4,Dry,Straight,Level,Lowest,No
2610,5,Arkansas,50477,0,1,1,0,1,NOT APPLICABLE,November,21,Tuesday,18,59,Urban,High Speed (Arterial),Yes,33.67523889,-94.13255,Non-Intersection,Dark - Lighted,Clear,7:00pm-7:59pm,4,7:00pm-7:59pm,9,7:00pm-7:59pm,33,1,Dark - Lighted,Clear,1,0,['Driver'],['None_Used'],0,0,Valid,0.0,0.0,78.0,78.0,['Male'],0,0,3,4,4,Dry,Straight,Level,Lowest,No
2611,5,Arkansas,50478,0,2,2,0,3,NOT APPLICABLE,November,7,Tuesday,10,46,Rural,Medium Speed (Collector),No,35.80459167,-91.88907222,Non-Intersection,Daylight,Clear,10:00am-10:59am,46,10:00am-10:59am,50,Unknown,Unknown EMS Hospital Arrival Time,1,Daylight,Clear,1,2,['Driver'],['None_Used'],0,0,Valid,1.0,0.0,75.0,36.0,"['Male', 'Male']",0,0,3,4,5,Dry,Straight,Level,Lowest,Yes
2612,5,Arkansas,50479,1,1,1,0,1,NOT APPLICABLE,November,13,Monday,5,55,Rural,Medium Speed (Collector),No,36.43038056,-94.154475,Non-Intersection,Dark - Not Lighted,Clear,5:00am-5:59am,57,6:00am-6:59am,6,Unknown,Unknown EMS Hospital Arrival Time,1,Dark - Unlighted,Clear,0,1,[],[],0,0,Valid,0.0,0.0,18.0,18.0,['Male'],0,0,3,3,4,Dry,Straight,Level,Lowest,No
2613,5,Arkansas,50480,0,2,2,0,5,LITTLE ROCK,October,15,Sunday,23,16,Urban,Medium Speed (Collector),No,34.66914167,-92.34466111,Complex/Circle,Dark - Lighted,Clear,10:00pm-10:59pm,30,10:00pm-10:59pm,37,Unknown,Unknown EMS Hospital Arrival Time,1,Dark - Lighted,Clear,1,4,['Rear_Seat'],['Shoulder_Lapbelt'],0,0,Invalid,0.0,0.0,34.0,24.0,"['Male', 'Male']",0,0,3,4,5,Dry,Straight,Level,Lowest,No
2614,5,Arkansas,50481,0,3,3,0,5,NOT APPLICABLE,October,8,Sunday,12,41,Urban,Medium Speed (Collector),No,35.11628333,-92.46088611,Non-Intersection,Daylight,Clear,12:00pm-12:59pm,42,12:00pm-12:59pm,50,Unknown,Unknown EMS Hospital Arrival Time,1,Daylight,Clear,1,4,['Front_Passenger'],['Shoulder_Lapbelt'],1,1,Invalid,1.0,0.0,67.0,34.0,"['Male', 'Female', 'Male']",0,0,3,4,5,Dry,Straight,Level,Lowest,No
2615,5,Arkansas,50482,0,3,3,0,3,LITTLE ROCK,October,18,Wednesday,12,45,Urban,High Speed (Arterial),Yes,34.74970833,-92.40956389,Simple Junction,Daylight,Clear,12:00pm-12:59pm,42,12:00pm-12:59pm,46,Unknown,Unknown EMS Hospital Arrival Time,1,Daylight,Clear,1,2,['Driver'],['Shoulder_Lapbelt'],0,0,Valid,0.0,1.0,87.0,17.0,"['Male', 'Male', 'Female']",0,0,3,4,5,Dry,Straight,Grade/Hillcrest,Lowest,No
2616,5,Arkansas,50483,0,2,2,0,3,NOT APPLICABLE,November,3,Friday,22,30,Rural,High Speed (Arterial),Yes,34.51096111,-92.97470278,Non-Intersection,Dark - Not Lighted,Clear,10:00pm-10:59pm,35,10:00pm-10:59pm,44,Unknown,Unknown EMS Hospital Arrival Time,1,Dark - Unlighted,Clear,1,2,['Front_Passenger'],['None_Used'],1,2,Invalid,0.0,0.0,39.0,28.0,"['Female', 'Male']",0,0,3,4,5,Dry,Curve,Grade/Hillcrest,Lowest,No
2617,5,Arkansas,50484,0,1,1,0,1,EL DORADO,November,20,Monday,20,10,Rural,Medium Speed (Collector),No,33.01454444,-92.71596111,Non-Intersection,Dark - Not Lighted,Cloudy,8:00pm-8:59pm,16,8:00pm-8:59pm,31,Unknown,Unknown EMS Hospital Arrival Time,1,Dark - Unlighted,Reduced Visibility,1,0,['Driver'],['None_Used'],0,0,Valid,0.0,1.0,71.0,71.0,['Male'],1,0,3,4,3,Wet/Standing Water,Curve,Level,Lowest,No
2618,5,Arkansas,50485,0,2,2,0,2,LITTLE ROCK,December,1,Friday,19,34,Urban,Low Speed (Local),No,34.67973889,-92.3194,Complex/Circle,Dark - Lighted,Clear,7:00pm-7:59pm,35,7:00pm-7:59pm,39,8:00pm-8:59pm,8,1,Dark - Lighted,Clear,1,1,['Driver'],['None_Used'],1,1,Valid,1.0,2.0,67.0,54.0,"['Male', 'Male']",0,0,5,4,5,Dry,Straight,Level,Lowest,No
2619,5,Arkansas,50486,0,1,1,0,1,NOT APPLICABLE,December,1,Friday,15,30,Rural,Medium Speed (Collector),No,33.82803333,-94.39023333,Non-Intersection,Daylight,Clear,3:00pm-3:59pm,35,4:00pm-4:59pm,0,Not Applicable (Not Transported),Not Applicable (Not Transported),1,Daylight,Clear,1,0,['Driver'],['None_Used'],1,1,Invalid,0.0,0.0,34.0,34.0,['Male'],0,0,3,4,3,Dry,Curve,Level,Lowest,No
2620,5,Arkansas,50489,0,2,2,0,3,NOT APPLICABLE,November,26,Sunday,15,32,Rural,Medium Speed (Collector),No,36.01131667,-94.49609167,Non-Intersection,Daylight,Clear,Not Applicable (Not Notified),Not Applicable (Not Notified),Not Applicable,Not Applicable,Not Applicable (Not Transported),Not Applicable (Not Transported),3,Daylight,Clear,3,0,"['Driver', 'Driver', 'Front_Passenger']","['None_Used', 'Shoulder_Lapbelt', 'Shoulder_Lapbelt']",0,0,Valid,0.0,0.0,76.0,46.0,"['Female', 'Male']",0,0,3,4,5,Dry,Curve,Level,Lowest,No