,State_Code,State_Name,Crash_ID,Count_Non_Motorists,Count_Vehicles_Total,Count_Vehicle_Forms,Count_PVH_Involved,Count_Occupants_MV,City_Name,Month_Name,Day_of_Month,Day_of_Week,Crash_Hour,Crash_Minute,Area_Rural_Urban,Road_Functional_Class,On_NHS_Road,Latitude,Longitude,Intersection_Type,Light_Condition,Weather_Condition,Notif_Hour,Notif_Minute,Arrival_Hour,Arrival_Minute,Hospital_Hour,Hospital_Minute,Fatalities_Count,Clean_Light_Condition,Clean_Weather_Condition,Total_Killed,Total_Alive,Fatal_Seats_List,Killed_Restraint_List,Any_Driver_Drinking,Total_Drinking_Drivers,Driver_License_Category,Driver_Max_Prev_Accident_Count,Driver_Max_Prev_Speeding_Count,Max_Driver_Age,Min_Driver_Age,Driver_Sex_List,Total_Exceeding_Limit_Vehicles,Total_Too_Fast_Vehicles,Max_Vehicle_Type_Severity_5,Max_Vehicle_Damage_Rank,Max_Harmful_Event_Severity,Crash_Road_Surface_Condition,Crash_Horizontal_Alignment,Crash_Vertical_Profile,Crash_Impairment_Category,Crash_Vehicle_Defect
2621,5,Arkansas,50490,0,2,2,0,4,NOT APPLICABLE,October,27,Friday,6,9,Rural,High Speed (Arterial),Yes,35.89056667,-89.97935278,Non-Intersection,Dawn,Cloudy,6:00am-6:59am,10,6:00am-6:59am,22,6:00am-6:59am,58,2,Twilight,Reduced Visibility,2,2,"['Driver', 'Rear_Seat']","['Shoulder_Lapbelt', 'Lapbelt_Only']",0,0,Valid,0.0,0.0,39.0,34.0,"['Male', 'Female']",0,0,3,4,5,Dry,Straight,Level,Lowest,No
2622,5,Arkansas,50491,0,1,1,0,1,NOT APPLICABLE,December,3,Sunday,14,16,Rural,Low Speed (Local),No,34.38162222,-92.29134722,Non-Intersection,Daylight,Clear,2:00pm-2:59pm,20,2:00pm-2:59pm,33,3:00pm-3:59pm,12,1,Daylight,Clear,1,0,['Driver'],['None_Used'],1,1,Valid,0.0,0.0,69.0,69.0,['Male'],0,0,5,0,1,Dry,Straight,Level,Lowest,No
2623,5,Arkansas,50492,0,3,3,0,3,NOT APPLICABLE,November,10,Friday,13,5,Rural,High Speed (Arterial),Yes,34.83720278,-94.04573889,Non-Intersection,Daylight,Clear,1:00pm-1:59pm,5,1:00pm-1:59pm,11,Unknown,Unknown EMS Hospital Arrival Time,1,Daylight,Clear,1,2,['Driver'],['Shoulder_Lapbelt'],0,0,Valid,0.0,2.0,68.0,26.0,"['Female', 'Male', 'Male']",0,0,3,4,5,Dry,Curve,Level,Lowest,No
2624,5,Arkansas,50493,0,1,1,0,1,NOT APPLICABLE,November,6,Monday,10,22,Rural,Medium Speed (Collector),No,35.25369167,-93.77315,Non-Intersection,Daylight,Clear,10:00am-10:59am,23,10:00am-10:59am,44,Unknown,Unknown EMS Hospital Arrival Time,1,Daylight,Clear,1,0,['Driver'],['None_Used'],0,0,Valid,0.0,0.0,67.0,67.0,['Male'],0,0,5,4,3,Dry,Straight,Level,Lowest,No
2625,5,Arkansas,50494,0,1,1,0,1,NOT APPLICABLE,December,3,Sunday,20,49,Rural,Medium Speed (Collector),No,33.50551111,-91.41754722,Non-Intersection,Dark - Not Lighted,Clear,8:00pm-8:59pm,49,8:00pm-8:59pm,57,Not Applicable (Not Transported),Not Applicable (Not Transported),1,Dark - Unlighted,Clear,1,0,['Driver'],['None_Used'],0,0,Valid,0.0,1.0,31.0,31.0,['Male'],1,0,2,4,2,Dry,Curve,Level,Lowest,Yes
2626,5,Arkansas,50495,1,1,1,0,2,NOT APPLICABLE,December,3,Sunday,20,9,Rural,High Speed (Arterial),Yes,34.23869167,-93.00373611,Non-Intersection,Dark - Not Lighted,Clear,8:00pm-8:59pm,11,8:00pm-8:59pm,27,Not Applicable (Not Transported),Not Applicable (Not Transported),1,Dark - Unlighted,Clear,0,2,[],[],0,0,Valid,0.0,0.0,24.0,24.0,['Male'],0,0,4,3,4,Dry,Straight,Level,Lowest,No
2627,5,Arkansas,50496,0,1,1,0,1,NOT APPLICABLE,November,21,Tuesday,14,10,Rural,High Speed (Arterial),Yes,35.34706944,-91.56448611,Non-Intersection,Daylight,Clear,2:00pm-2:59pm,12,2:00pm-2:59pm,25,2:00pm-2:59pm,58,1,Daylight,Clear,1,0,['Driver'],['None_Used'],0,0,Valid,0.0,0.0,87.0,87.0,['Male'],0,0,2,4,3,Dry,Straight,Level,Lowest,No
2628,5,Arkansas,50497,0,2,2,0,6,CONWAY,November,30,Thursday,17,32,Urban,High Speed (Arterial),No,35.09131111,-92.41313889,Simple Junction,Dark - Lighted,Rain,Unknown,Unknown,Unknown EMS Scene Arrival Hour,Unknown EMS Scene Arrival Minutes,Unknown,Unknown EMS Hospital Arrival Time,1,Dark - Lighted,Rain/Wind/Minor,1,5,['Driver'],['None_Used'],0,0,Valid,0.0,1.0,45.0,21.0,"['Male', 'Male']",0,0,5,4,5,Wet/Standing Water,Straight,Level,Lowest,No
2629,5,Arkansas,50498,0,1,1,0,4,OZARK,October,28,Saturday,11,0,Rural,High Speed (Arterial),Yes,35.52210556,-93.85736111,Non-Intersection,Daylight,Rain,11:00am-11:59am,12,11:00am-11:59am,38,12:00pm-12:59pm,43,1,Daylight,Rain/Wind/Minor,1,3,['Driver'],['Shoulder_Lapbelt'],0,0,Invalid,0.0,0.0,29.0,29.0,['Male'],0,0,2,4,3,Wet/Standing Water,Curve,Grade/Hillcrest,Lowest,No
2630,5,Arkansas,50499,2,1,1,0,1,FAYETTEVILLE,November,20,Monday,18,8,Urban,High Speed (Arterial),Yes,36.05547222,-94.18991111,Non-Intersection,Dark - Lighted,Rain,6:00pm-6:59pm,9,6:00pm-6:59pm,14,Not Applicable (Not Transported),Not Applicable (Not Transported),1,Dark - Lighted,Rain/Wind/Minor,0,1,[],[],0,0,Valid,0.0,0.0,31.0,31.0,['Male'],0,0,3,3,4,Wet/Standing Water,Straight,Level,Lowest,No
2631,5,Arkansas,50500,0,2,2,0,3,NOT APPLICABLE,October,28,Saturday,23,0,Rural,High Speed (Arterial),Yes,33.66946111,-92.73974444,Non-Intersection,Dark - Not Lighted,Cloudy,11:00pm-11:59pm,3,11:00pm-11:59pm,29,0:00am-0:59am,15,1,Dark - Unlighted,Reduced Visibility,1,2,['Driver'],['None_Used'],1,2,Invalid,1.0,0.0,40.0,27.0,"['Male', 'Male']",0,0,3,4,5,Dry,Straight,Grade/Hillcrest,Lowest,No
2632,5,Arkansas,50501,0,1,1,0,1,NOT APPLICABLE,December,4,Monday,3,40,Urban,High Speed (Arterial),Yes,33.83375833,-92.39645556,Non-Intersection,Dark - Not Lighted,Clear,3:00am-3:59am,44,3:00am-3:59am,52,4:00am-4:59am,45,1,Dark - Unlighted,Clear,1,0,['Driver'],['None_Used'],0,0,Valid,0.0,0.0,62.0,62.0,['Female'],0,0,3,4,2,Dry,Straight,Level,Lowest,No
2633,5,Arkansas,50502,0,2,2,0,3,NOT APPLICABLE,December,3,Sunday,13,18,Rural,Medium Speed (Collector),No,36.49845556,-94.18123889,Non-Intersection,Daylight,Clear,1:00pm-1:59pm,18,1:00pm-1:59pm,29,2:00pm-2:59pm,16,1,Daylight,Clear,1,2,['Front_Passenger'],['Shoulder_Lapbelt'],0,0,Valid,0.0,0.0,75.0,47.0,"['Male', 'Male']",0,0,3,4,5,Dry,Curve,Level,Lowest,No
2634,5,Arkansas,50503,0,1,1,0,1,NOT APPLICABLE,December,7,Thursday,22,13,Rural,Medium Speed (Collector),No,34.09783333,-94.38572778,Non-Intersection,Dark - Not Lighted,Clear,Unknown,Unknown,Unknown EMS Scene Arrival Hour,Unknown EMS Scene Arrival Minutes,Not Applicable (Not Transported),Not Applicable (Not Transported),1,Dark - Unlighted,Clear,1,0,['Driver'],['Shoulder_Lapbelt'],1,1,Invalid,0.0,0.0,61.0,61.0,['Male'],0,0,3,4,3,Dry,Curve,Level,Lowest,No
2635,5,Arkansas,50505,0,3,3,0,2,FORT SMITH,October,31,Tuesday,17,34,Urban,High Speed (Arterial),Yes,35.41015278,-94.36452778,Non-Intersection,Daylight,Clear,5:00pm-5:59pm,39,5:00pm-5:59pm,49,Not Applicable (Not Transported),Not Applicable (Not Transported),1,Daylight,Clear,1,1,['Driver'],['Shoulder_Lapbelt'],0,0,Valid,0.0,0.0,48.0,38.0,"['Male', 'Female']",0,0,3,4,5,Dry,Curve,Level,Lowest,No
2636,5,Arkansas,50506,0,1,1,0,2,NOT APPLICABLE,December,7,Thursday,16,0,Rural,Medium Speed (Collector),No,36.37699444,-93.514175,Non-Intersection,Daylight,Clear,4:00pm-4:59pm,1,4:00pm-4:59pm,6,4:00pm-4:59pm,23,1,Daylight,Clear,1,1,['Rear_Seat'],['None_Used'],0,0,Valid,0.0,0.0,59.0,59.0,['Male'],0,0,5,4,3,Dry,Curve,Grade/Hillcrest,Lowest,No
2637,5,Arkansas,50507,0,1,1,0,1,NOT APPLICABLE,November,19,Sunday,22,0,Rural,Medium Speed (Collector),No,34.73089722,-90.94480833,Non-Intersection,Dark - Not Lighted,Clear,10:00pm-10:59pm,22,10:00pm-10:59pm,50,Not Applicable (Not Transported),Not Applicable (Not Transported),1,Dark - Unlighted,Clear,1,0,['Driver'],['None_Used'],0,0,Valid,0.0,0.0,52.0,52.0,['Female'],0,0,2,4,3,Dry,Curve,Level,Lowest,No
2638,5,Arkansas,50508,0,2,2,0,3,HEBER SPRINGS,November,3,Friday,9,14,Rural,Medium Speed (Collector),No,35.49744167,-91.99832778,Non-Intersection,Daylight,Clear,9:00am-9:59am,18,9:00am-9:59am,23,9:00am-9:59am,56,1,Daylight,Clear,1,2,['Driver'],['None_Used'],0,0,Valid,0.0,0.0,59.0,40.0,"['Female', 'Male']",0,0,3,4,5,Dry,Straight,Grade/Hillcrest,Medium,No
2639,5,Arkansas,50509,0,2,2,0,3,DERMOTT,December,1,Friday,15,20,Rural,Medium Speed (Collector),No,33.53796389,-91.39451389,Non-Intersection,Daylight,Clear,3:00pm-3:59pm,23,3:00pm-3:59pm,30,4:00pm-4:59pm,4,3,Daylight,Clear,3,0,"['Driver', 'Driver', 'Rear_Seat']","['Shoulder_Lapbelt', 'Shoulder_Lapbelt', 'Child_Safety']",0,0,Valid,0.0,0.0,56.0,28.0,"['Male', 'Female']",0,0,3,4,5,Dry,Straight,Level,Lowest,No
2640,5,Arkansas,50510,0,2,2,0,2,NOT APPLICABLE,November,18,Saturday,6,20,Rural,Medium Speed (Collector),No,35.23471389,-93.99741389,Non-Intersection,Dark - Not Lighted,"Fog, Smog, Smoke",6:00am-6:59am,23,6:00am-6:59am,37,7:00am-7:59am,33,1,Dark - Unlighted,Reduced Visibility,1,1,['Driver'],['None_Used'],0,0,Valid,2.0,0.0,63.0,55.0,"['Male', 'Male']",0,0,3,4,5,Dry,Straight,Level,Lowest,No
2641,5,Arkansas,50511,0,3,3,0,3,NOT APPLICABLE,November,9,Thursday,11,45,Rural,High Speed (Arterial),Yes,36.274275,-91.34113056,Simple Junction,Daylight,Clear,11:00am-11:59am,46,12:00pm-12:59pm,5,Not Applicable (Not Transported),Not Applicable (Not Transported),1,Daylight,Clear,1,2,['Driver'],['None_Used'],1,1,Valid,0.0,0.0,63.0,26.0,"['Female', 'Male', 'Male']",0,0,5,4,5,Dry,Straight,Grade/Hillcrest,Lowest,No
2642,5,Arkansas,50512,0,3,3,0,4,NOT APPLICABLE,December,7,Thursday,12,35,Rural,High Speed (Arterial),Yes,34.51616944,-92.34268611,Non-Intersection,Daylight,Clear,12:00pm-12:59pm,38,12:00pm-12:59pm,45,Unknown,Unknown EMS Hospital Arrival Time,2,Daylight,Clear,2,2,"['Driver', 'Front_Passenger']","['Shoulder_Lapbelt', 'Shoulder_Lapbelt']",0,0,Valid,0.0,2.0,73.0,20.0,"['Male', 'Female', 'Female']",0,0,3,4,5,Dry,Straight,Level,Lowest,No
2643,5,Arkansas,50513,0,2,2,0,3,NOT APPLICABLE,October,4,Wednesday,16,35,Rural,Medium Speed (Collector),No,34.46482778,-91.94855556,Non-Intersection,Daylight,Cloudy,4:00pm-4:59pm,39,4:00pm-4:59pm,48,Unknown,Unknown EMS Hospital Arrival Time,1,Daylight,Reduced Visibility,1,2,['Driver'],['None_Used'],0,0,Valid,0.0,0.0,55.0,15.0,"['Male', 'Female']",0,0,2,4,5,Wet/Standing Water,Straight,Level,Lowest,No
2644,5,Arkansas,50514,0,1,1,0,1,SEARCY,December,16,Saturday,2,42,Urban,Medium Speed (Collector),No,35.26338056,-91.74480556,Non-Intersection,Dark - Lighted,Rain,Unknown,Unknown,Unknown EMS Scene Arrival Hour,Unknown EMS Scene Arrival Minutes,Not Applicable (Not Transported),Not Applicable (Not Transported),1,Dark - Lighted,Rain/Wind/Minor,1,0,['Driver'],['Shoulder_Lapbelt'],1,1,Invalid,0.0,1.0,39.0,39.0,['Male'],1,0,3,4,3,Wet/Standing Water,Curve,Grade/Hillcrest,Lowest,No
2645,5,Arkansas,50515,1,1,1,0,3,MULBERRY,December,14,Thursday,6,8,Rural,High Speed (Arterial),Yes,35.52840556,-94.05903333,Non-Intersection,Dark - Not Lighted,Clear,6:00am-6:59am,13,6:00am-6:59am,25,7:00am-7:59am,30,1,Dark - Unlighted,Clear,0,3,[],[],0,0,Valid,0.0,0.0,24.0,24.0,['Male'],0,0,2,4,4,Dry,Straight,Level,Lowest,No
2646,5,Arkansas,50516,0,2,2,0,3,HOT SPRINGS,December,15,Friday,10,5,Urban,High Speed (Arterial),No,34.471525,-92.99008333,Simple Junction,Daylight,Cloudy,10:00am-10:59am,7,10:00am-10:59am,15,Not Applicable (Not Transported),Not Applicable (Not Transported),1,Daylight,Reduced Visibility,1,2,['Driver'],['None_Used'],0,0,Valid,0.0,0.0,52.0,19.0,"['Male', 'Male']",1,0,5,4,5,Dry,Straight,Level,Lowest,No
2647,5,Arkansas,50517,0,2,2,0,3,NOT APPLICABLE,November,3,Friday,12,23,Rural,Medium Speed (Collector),No,34.06395,-92.04098611,Non-Intersection,Daylight,Clear,12:00pm-12:59pm,25,12:00pm-12:59pm,43,Unknown,Unknown EMS Hospital Arrival Time,2,Daylight,Clear,2,1,"['Driver', 'Front_Passenger']","['Shoulder_Lapbelt', 'Shoulder_Lapbelt']",1,1,Valid,0.0,0.0,63.0,44.0,"['Female', 'Male']",0,0,3,4,5,Dry,Curve,Level,Lowest,No
2648,5,Arkansas,50518,0,2,1,1,1,NOT APPLICABLE,December,6,Wednesday,10,47,Rural,High Speed (Arterial),Yes,34.62323333,-92.26923889,Non-Intersection,Daylight,Clear,10:00am-10:59am,50,10:00am-10:59am,52,Unknown,Unknown EMS Hospital Arrival Time,1,Daylight,Clear,1,0,['Driver'],['Shoulder_Lapbelt'],0,0,Valid,0.0,0.0,75.0,75.0,['Male'],0,0,3,4,5,Dry,Straight,Level,Lowest,No
2649,5,Arkansas,50519,0,2,2,0,2,NOT APPLICABLE,December,17,Sunday,21,59,Rural,Medium Speed (Collector),No,33.69005556,-93.63300833,Simple Junction,Dark - Not Lighted,Clear,10:00pm-10:59pm,1,10:00pm-10:59pm,10,10:00pm-10:59pm,42,1,Dark - Unlighted,Clear,1,1,['Driver'],['None_Used'],1,1,Valid,0.0,0.0,52.0,20.0,"['Male', 'Male']",0,0,5,4,5,Dry,Straight,Level,Lowest,No
2650,5,Arkansas,50520,0,1,1,0,2,NOT APPLICABLE,November,13,Monday,16,46,Rural,Low Speed (Local),No,35.62486389,-89.9917,Non-Intersection,Daylight,Clear,4:00pm-4:59pm,50,5:00pm-5:59pm,37,Unknown,Unknown EMS Hospital Arrival Time,1,Daylight,Clear,1,1,['Driver'],['Shoulder_Lapbelt'],0,0,Invalid,0.0,0.0,999.0,999.0,['Male'],0,0,2,4,4,Dry,Straight,Grade/Hillcrest,Lowest,No
2651,5,Arkansas,50521,0,1,1,0,2,PARAGOULD,December,10,Sunday,18,44,Urban,Low Speed (Local),No,36.08866111,-90.49368889,Non-Intersection,Dark - Lighted,Clear,6:00pm-6:59pm,46,6:00pm-6:59pm,53,Not Applicable (Not Transported),Not Applicable (Not Transported),2,Dark - Lighted,Clear,2,0,"['Driver', 'Front_Passenger']","['None_Used', 'None_Used']",0,0,Valid,0.0,1.0,37.0,37.0,['Female'],0,0,2,4,3,Dry,Curve,Level,Lowest,No
2652,5,Arkansas,50522,0,1,1,0,1,NOT APPLICABLE,November,14,Tuesday,13,22,Rural,High Speed (Arterial),Yes,34.55453333,-90.70581111,Non-Intersection,Daylight,Clear,1:00pm-1:59pm,25,1:00pm-1:59pm,34,Unknown,Unknown EMS Hospital Arrival Time,1,Daylight,Clear,1,0,['Driver'],['Shoulder_Lapbelt'],0,0,Valid,0.0,0.0,71.0,71.0,['Male'],0,0,4,4,4,Dry,Straight,Level,Lowest,No
2653,5,Arkansas,50523,0,2,2,0,3,FORT SMITH,November,16,Thursday,23,45,Urban,High Speed (Arterial),Yes,35.36183333,-94.37019444,Non-Intersection,Dark - Lighted,Clear,11:00pm-11:59pm,47,0:00am-0:59am,2,0:00am-0:59am,23,1,Dark - Lighted,Clear,1,2,['Driver'],['None_Used'],0,0,Invalid,0.0,0.0,999.0,21.0,"['Other', 'Male']",0,0,5,4,5,Dry,Straight,Level,Lowest,No
2654,5,Arkansas,50524,0,1,1,0,2,LITTLE ROCK,December,15,Friday,10,59,Urban,High Speed (Arterial),Yes,34.70816111,-92.27796667,Non-Intersection,Daylight,Clear,11:00am-11:59am,1,11:00am-11:59am,7,11:00am-11:59am,40,1,Daylight,Clear,1,1,['Front_Passenger'],['None_Used'],0,0,Valid,1.0,1.0,19.0,19.0,['Female'],0,0,2,4,3,Dry,Curve,Level,Lowest,Yes
2655,5,Arkansas,50526,0,1,1,0,1,SPRINGDALE,December,25,Monday,1,27,Urban,Medium Speed (Collector),No,36.18391389,-94.09643611,Non-Intersection,Dark - Not Lighted,Rain,Unknown,Unknown,Unknown EMS Scene Arrival Hour,Unknown EMS Scene Arrival Minutes,Not Applicable (Not Transported),Not Applicable (Not Transported),1,Dark - Unlighted,Rain/Wind/Minor,1,0,['Driver'],['None_Used'],1,1,Invalid,0.0,0.0,20.0,20.0,['Male'],1,0,3,4,3,Wet/Standing Water,Curve,Level,Lowest,No
2656,5,Arkansas,50527,0,1,1,0,1,PINE BLUFF,December,25,Monday,2,52,Urban,Medium Speed (Collector),No,34.20620833,-92.05985278,Non-Intersection,Dark - Lighted,Rain,3:00am-3:59am,2,3:00am-3:59am,12,3:00am-3:59am,41,1,Dark - Lighted,Rain/Wind/Minor,1,0,['Driver'],['None_Used'],1,1,Valid,0.0,0.0,42.0,42.0,['Male'],0,0,3,4,2,Wet/Standing Water,Straight,Level,Lowest,No
2657,5,Arkansas,50528,1,1,1,0,1,FAYETTEVILLE,November,18,Saturday,11,8,Urban,High Speed (Arterial),No,36.05385,-94.19593611,Simple Junction,Daylight,Clear,11:00am-11:59am,9,11:00am-11:59am,12,11:00am-11:59am,38,1,Daylight,Clear,0,1,[],[],0,0,Valid,0.0,0.0,42.0,42.0,['Male'],0,0,3,2,4,Dry,Curve,Level,Lowest,No
2658,5,Arkansas,50529,1,1,1,0,1,BLYTHEVILLE,November,18,Saturday,13,37,Urban,High Speed (Arterial),Yes,35.92743056,-89.896225,Non-Intersection,Daylight,Clear,12:00pm-12:59pm,32,12:00pm-12:59pm,35,Unknown,Unknown EMS Hospital Arrival Time,1,Daylight,Clear,0,1,[],[],0,0,Valid,1.0,0.0,40.0,40.0,['Male'],0,0,3,3,4,Dry,Straight,Level,Lowest,No
2659,5,Arkansas,50530,0,1,1,0,1,NOT APPLICABLE,December,22,Friday,8,32,Rural,Medium Speed (Collector),No,34.51685556,-92.41006111,Non-Intersection,Daylight,Clear,8:00am-8:59am,35,8:00am-8:59am,42,Not Applicable (Not Transported),Not Applicable (Not Transported),1,Daylight,Clear,1,0,['Driver'],['Shoulder_Lapbelt'],0,0,Valid,0.0,0.0,21.0,21.0,['Male'],1,0,2,4,3,Dry,Straight,Level,Lowest,No
2660,5,Arkansas,50531,0,1,1,0,2,NOT APPLICABLE,December,15,Friday,1,49,Rural,Low Speed (Local),No,35.42833056,-92.13618056,Non-Intersection,Dark - Not Lighted,Clear,1:00am-1:59am,54,2:00am-2:59am,7,Unknown,Unknown EMS Hospital Arrival Time,1,Dark - Unlighted,Clear,1,1,['Driver'],['None_Used'],1,1,Valid,0.0,0.0,45.0,45.0,['Male'],0,0,5,4,3,Dry,Straight,Level,Lowest,No
2661,5,Arkansas,50532,0,2,2,0,4,JEFFERSON,December,12,Tuesday,17,38,Rural,High Speed (Arterial),Yes,34.29483611,-92.18290833,Non-Intersection,Dark - Not Lighted,Clear,5:00pm-5:59pm,40,5:00pm-5:59pm,49,5:00pm-5:59pm,50,2,Dark - Unlighted,Clear,2,2,"['Driver', 'Front_Passenger']","['None_Used', 'None_Used']",1,1,Valid,0.0,0.0,46.0,31.0,"['Female', 'Female']",0,0,3,4,5,Dry,Straight,Grade/Hillcrest,Lowest,No
2662,5,Arkansas,50533,1,2,2,0,2,CABOT,December,27,Wednesday,20,4,Urban,Medium Speed (Collector),No,34.95799167,-92.01995833,Non-Intersection,Dark - Lighted,Clear,8:00pm-8:59pm,7,8:00pm-8:59pm,12,Not Applicable (Not Transported),Not Applicable (Not Transported),1,Dark - Lighted,Clear,0,2,[],[],0,0,Valid,0.0,0.0,86.0,28.0,"['Female', 'Male']",0,0,2,3,5,Dry,Straight,Level,Lowest,No
2663,5,Arkansas,50534,5,1,1,0,1,BARLING,November,22,Wednesday,16,30,Urban,High Speed (Arterial),Yes,35.32401111,-94.29861111,Non-Intersection,Daylight,Clear,4:00pm-4:59pm,30,4:00pm-4:59pm,47,5:00pm-5:59pm,24,1,Daylight,Clear,0,1,[],[],1,1,Valid,0.0,0.0,66.0,66.0,['Male'],0,0,3,3,3,Dry,Straight,Grade/Hillcrest,Lowest,No
2664,5,Arkansas,50535,0,2,2,0,3,NOT APPLICABLE,December,4,Monday,12,21,Rural,Medium Speed (Collector),No,33.69173889,-94.37714444,Non-Intersection,Daylight,Clear,12:00pm-12:59pm,40,12:00pm-12:59pm,47,2:00pm-2:59pm,16,1,Daylight,Clear,1,2,['Front_Passenger'],['Shoulder_Lapbelt'],0,0,Valid,0.0,0.0,78.0,66.0,"['Male', 'Male']",0,0,3,4,5,Dry,Straight,Level,Lowest,No
2665,5,Arkansas,50536,0,2,2,0,2,WALDRON,November,30,Thursday,5,20,Rural,High Speed (Arterial),No,34.91161111,-94.10719167,Non-Intersection,Dark - Not Lighted,Rain,6:00am-6:59am,2,6:00am-6:59am,7,Not Applicable (Not Transported),Not Applicable (Not Transported),1,Dark - Unlighted,Rain/Wind/Minor,1,1,['Driver'],['Shoulder_Lapbelt'],0,0,Valid,0.0,1.0,38.0,24.0,"['Male', 'Male']",0,0,4,4,5,Wet/Standing Water,Straight,Level,Lowest,No
2666,5,Arkansas,50537,0,1,1,0,1,MALVERN,December,29,Friday,11,22,Urban,High Speed (Arterial),Yes,34.3965,-92.82764167,Non-Intersection,Daylight,Cloudy,11:00am-11:59am,22,11:00am-11:59am,23,Unknown,Unknown EMS Hospital Arrival Time,1,Daylight,Reduced Visibility,1,0,['Driver'],['None_Used'],1,1,Valid,0.0,0.0,25.0,25.0,['Male'],1,0,2,4,3,Dry,Curve,Level,Lowest,No
2667,5,Arkansas,50538,0,2,2,0,4,NOT APPLICABLE,November,29,Wednesday,20,53,Rural,Medium Speed (Collector),No,35.81333889,-91.49000833,Non-Intersection,Dark - Not Lighted,Clear,8:00pm-8:59pm,54,9:00pm-9:59pm,5,Unknown,Unknown EMS Hospital Arrival Time,1,Dark - Unlighted,Clear,1,3,['Driver'],['Shoulder_Lapbelt'],0,0,Valid,0.0,0.0,56.0,27.0,"['Female', 'Male']",0,0,3,4,5,Dry,Straight,Grade/Hillcrest,Medium,No
2668,5,Arkansas,50539,0,2,2,0,3,NOT APPLICABLE,November,30,Thursday,7,30,Rural,High Speed (Arterial),No,33.49694722,-92.94528611,Non-Intersection,Dawn,Rain,7:00am-7:59am,40,7:00am-7:59am,54,Unknown,Unknown EMS Hospital Arrival Time,2,Twilight,Rain/Wind/Minor,2,1,"['Front_Passenger', 'Driver']","['Shoulder_Lapbelt', 'None_Used']",1,1,Valid,0.0,0.0,48.0,28.0,"['Male', 'Female']",2,0,2,4,5,Wet/Standing Water,Curve,Grade/Hillcrest,Lowest,No
2669,5,Arkansas,50540,0,1,1,0,1,GRUBBS,December,9,Saturday,16,50,Rural,Medium Speed (Collector),No,35.64984167,-91.07441111,Non-Intersection,Daylight,Clear,4:00pm-4:59pm,50,5:00pm-5:59pm,8,Unknown,Unknown EMS Hospital Arrival Time,1,Daylight,Clear,1,0,['Driver'],['None_Used'],1,1,Valid,0.0,0.0,40.0,40.0,['Male'],1,0,5,3,3,Dry,Straight,Level,Lowest,No
2670,5,Arkansas,50541,0,4,4,0,8,GRAVETTE,December,26,Tuesday,12,19,Urban,Medium Speed (Collector),No,36.42494444,-94.38547222,Non-Intersection,Daylight,Cloudy,12:00pm-12:59pm,19,12:00pm-12:59pm,27,1:00pm-1:59pm,5,1,Daylight,Reduced Visibility,1,7,['Driver'],['Shoulder_Lapbelt'],0,0,Valid,0.0,0.0,51.0,31.0,"['Male', 'Female', 'Female', 'Male']",0,0,3,4,5,Dry,Straight,Level,Lowest,No
2671,5,Arkansas,50542,0,2,2,0,3,NOT APPLICABLE,December,15,Friday,8,10,Rural,Medium Speed (Collector),No,35.99144722,-90.61520278,Complex/Circle,Daylight,Clear,8:00am-8:59am,26,8:00am-8:59am,37,Unknown,Unknown EMS Hospital Arrival Time,2,Daylight,Clear,2,1,"['Driver', 'Front_Passenger']","['Shoulder_Lapbelt', 'Shoulder_Lapbelt']",0,0,Valid,0.0,0.0,39.0,16.0,"['Male', 'Male']",0,0,3,4,5,Dry,Straight,Level,Lowest,No
2672,5,Arkansas,50543,0,3,3,0,5,NOT APPLICABLE,December,31,Sunday,13,5,Rural,High Speed (Arterial),Yes,34.36466111,-92.17614722,Non-Intersection,Daylight,Clear,1:00pm-1:59pm,7,1:00pm-1:59pm,12,Not Applicable (Not Transported),Not Applicable (Not Transported),1,Daylight,Clear,1,4,['Driver'],['Shoulder_Lapbelt'],0,0,Invalid,0.0,1.0,44.0,27.0,"['Male', 'Male', 'Male']",0,0,3,4,5,Dry,Straight,Level,Lowest,No
2673,5,Arkansas,50544,0,2,2,0,2,NOT APPLICABLE,December,16,Saturday,6,18,Rural,Medium Speed (Collector),No,35.56327778,-90.70759167,Non-Intersection,Dawn,Cloudy,6:00am-6:59am,20,6:00am-6:59am,21,Unknown,Unknown EMS Hospital Arrival Time,1,Twilight,Reduced Visibility,1,1,['Driver'],['Shoulder_Lapbelt'],1,1,Valid,1.0,1.0,28.0,24.0,"['Male', 'Male']",0,0,3,4,5,Dry,Straight,Level,Lowest,No
2674,5,Arkansas,50545,0,2,2,0,4,NOT APPLICABLE,December,18,Monday,7,30,Rural,High Speed (Arterial),Yes,33.13392222,-91.82050278,Complex/Circle,Daylight,Clear,7:00am-7:59am,38,7:00am-7:59am,47,Not Applicable (Not Transported),Not Applicable (Not Transported),1,Daylight,Clear,1,3,['Rear_Seat'],['None_Used'],0,0,Invalid,0.0,3.0,24.0,18.0,"['Female', 'Female']",0,0,2,4,5,Dry,Straight,Level,Lowest,No
2675,5,Arkansas,50546,1,1,1,0,1,OSCEOLA,December,9,Saturday,17,28,Rural,High Speed (Arterial),No,35.69793611,-89.98966111,Non-Intersection,Dark - Lighted,Cloudy,5:00pm-5:59pm,30,5:00pm-5:59pm,40,Unknown,Unknown EMS Hospital Arrival Time,1,Dark - Lighted,Reduced Visibility,0,1,[],[],0,0,Valid,0.0,0.0,29.0,29.0,['Male'],0,0,3,3,4,Wet/Standing Water,Straight,Level,Lowest,No
2676,5,Arkansas,50547,0,1,1,0,1,NOT APPLICABLE,December,23,Saturday,5,58,Rural,Medium Speed (Collector),No,33.28334722,-93.20143056,Non-Intersection,Dark - Not Lighted,Clear,Unknown,Unknown,Unknown EMS Scene Arrival Hour,Unknown EMS Scene Arrival Minutes,Not Applicable (Not Transported),Not Applicable (Not Transported),1,Dark - Unlighted,Clear,1,0,['Driver'],['None_Used'],0,0,Valid,0.0,0.0,30.0,30.0,['Male'],0,0,3,4,3,Dry,Straight,Level,Lowest,No
2677,5,Arkansas,50548,0,1,1,0,3,LITTLE ROCK,December,16,Saturday,2,48,Urban,High Speed (Arterial),Yes,34.77365278,-92.360875,Non-Intersection,Dark - Lighted,Rain,3:00am-3:59am,2,3:00am-3:59am,8,3:00am-3:59am,36,1,Dark - Lighted,Rain/Wind/Minor,1,2,['Front_Passenger'],['Shoulder_Lapbelt'],0,0,Invalid,0.0,1.0,21.0,21.0,['Male'],0,0,3,4,3,Wet/Standing Water,Curve,Level,Lowest,No