,State_Code,State_Name,Crash_ID,Count_Non_Motorists,Count_Vehicles_Total,Count_Vehicle_Forms,Count_PVH_Involved,Count_Occupants_MV,City_Name,Month_Name,Day_of_Month,Day_of_Week,Crash_Hour,Crash_Minute,Area_Rural_Urban,Road_Functional_Class,On_NHS_Road,Latitude,Longitude,Intersection_Type,Light_Condition,Weather_Condition,Notif_Hour,Notif_Minute,Arrival_Hour,Arrival_Minute,Hospital_Hour,Hospital_Minute,Fatalities_Count,Clean_Light_Condition,Clean_Weather_Condition,Total_Killed,Total_Alive,Fatal_Seats_List,Killed_Restraint_List,Any_Driver_Drinking,Total_Drinking_Drivers,Driver_License_Category,Driver_Max_Prev_Accident_Count,Driver_Max_Prev_Speeding_Count,Max_Driver_Age,Min_Driver_Age,Driver_Sex_List,Total_Exceeding_Limit_Vehicles,Total_Too_Fast_Vehicles,Max_Vehicle_Type_Severity_5,Max_Vehicle_Damage_Rank,Max_Harmful_Event_Severity,Crash_Road_Surface_Condition,Crash_Horizontal_Alignment,Crash_Vertical_Profile,Crash_Impairment_Category,Crash_Vehicle_Defect
2678,5,Arkansas,50549,0,2,2,0,2,JONESBORO,December,23,Saturday,3,21,Urban,High Speed (Arterial),Yes,35.80700278,-90.64313611,Simple Junction,Dark - Not Lighted,Cloudy,3:00am-3:59am,25,3:00am-3:59am,33,Unknown,Unknown EMS Hospital Arrival Time,1,Dark - Unlighted,Reduced Visibility,1,1,['Driver'],['Shoulder_Lapbelt'],0,0,Valid,0.0,0.0,71.0,24.0,"['Male', 'Male']",0,0,2,4,5,Wet/Standing Water,Curve,Level,Lowest,No
2679,5,Arkansas,50550,0,4,4,0,5,TYRONZA,December,24,Sunday,20,40,Rural,High Speed (Arterial),Yes,35.47990833,-90.35563056,Non-Intersection,Dark - Not Lighted,Rain,8:00pm-8:59pm,52,9:00pm-9:59pm,12,Not Applicable (Not Transported),Not Applicable (Not Transported),1,Dark - Unlighted,Rain/Wind/Minor,1,4,['Driver'],['Shoulder_Lapbelt'],0,0,Invalid,0.0,0.0,52.0,18.0,"['Male', 'Male', 'Female', 'Male']",0,0,3,4,5,Wet/Standing Water,Straight,Level,Lowest,No
2680,5,Arkansas,50551,1,2,2,0,2,NORTH LITTLE ROCK,December,26,Tuesday,19,57,Urban,High Speed (Arterial),Yes,34.78360278,-92.27492778,Non-Intersection,Dark - Not Lighted,Clear,Unknown,Unknown,Unknown EMS Scene Arrival Hour,Unknown EMS Scene Arrival Minutes,Not Applicable (Not Transported),Not Applicable (Not Transported),1,Dark - Unlighted,Clear,0,2,[],[],0,0,Valid,0.0,1.0,48.0,21.0,"['Male', 'Male']",0,0,3,4,4,Dry,Straight,Grade/Hillcrest,Lowest,No
2681,5,Arkansas,50553,1,1,1,0,1,LITTLE ROCK,December,27,Wednesday,18,20,Urban,High Speed (Arterial),Yes,34.67243333,-92.37394444,Non-Intersection,Dark - Not Lighted,Clear,Unknown,Unknown,Unknown EMS Scene Arrival Hour,Unknown EMS Scene Arrival Minutes,Not Applicable (Not Transported),Not Applicable (Not Transported),1,Dark - Unlighted,Clear,0,1,[],[],0,0,Valid,0.0,0.0,53.0,53.0,['Female'],0,0,2,3,4,Dry,Straight,Level,Lowest,No
2682,5,Arkansas,50554,0,3,3,0,3,NOT APPLICABLE,December,31,Sunday,10,23,Rural,High Speed (Arterial),Yes,34.35684444,-92.88191667,Non-Intersection,Daylight,Clear,10:00am-10:59am,26,10:00am-10:59am,43,11:00am-11:59am,40,1,Daylight,Clear,1,2,['Driver'],['None_Used'],0,0,Valid,0.0,0.0,67.0,55.0,"['Male', 'Female', 'Male']",1,0,4,4,5,Dry,Straight,Level,Lowest,No
2683,5,Arkansas,50555,1,1,1,0,1,JEFFERSON,December,28,Thursday,19,16,Rural,High Speed (Arterial),Yes,34.34585556,-92.17166667,Non-Intersection,Dark - Not Lighted,Clear,Not Applicable (Not Notified),Not Applicable (Not Notified),Not Applicable,Not Applicable,Not Applicable (Not Transported),Not Applicable (Not Transported),1,Dark - Unlighted,Clear,0,1,[],[],0,0,Invalid,0.0,0.0,999.0,999.0,['Other'],0,0,1,0,4,Dry,Straight,Level,Lowest,No
2684,5,Arkansas,50556,0,3,3,0,4,BELLA VISTA,December,6,Wednesday,19,55,Rural,High Speed (Arterial),Yes,36.47762222,-94.24868333,Non-Intersection,Dark - Not Lighted,Clear,7:00pm-7:59pm,56,8:00pm-8:59pm,3,8:00pm-8:59pm,42,1,Dark - Unlighted,Clear,1,3,['Driver'],['Shoulder_Lapbelt'],1,1,Valid,0.0,1.0,82.0,37.0,"['Male', 'Female', 'Male']",0,0,3,4,5,Dry,Straight,Grade/Hillcrest,Lowest,No
2685,5,Arkansas,50557,1,1,1,0,1,LITTLE ROCK,December,4,Monday,17,26,Urban,Medium Speed (Collector),No,34.67751111,-92.34388056,Non-Intersection,Dark - Lighted,Clear,5:00pm-5:59pm,36,5:00pm-5:59pm,50,Not Applicable (Not Transported),Not Applicable (Not Transported),1,Dark - Lighted,Clear,0,1,[],[],0,0,Invalid,0.0,0.0,999.0,999.0,['Other'],0,0,3,0,4,Dry,Straight,Level,Lowest,No
6413,8,Colorado,80001,1,1,1,0,1,NOT APPLICABLE,January,1,Sunday,3,1,Urban,Medium Speed (Collector),No,38.73736944,-104.70623611,Non-Intersection,Dark - Not Lighted,Clear,Unknown,Unknown,Unknown EMS Scene Arrival Hour,Unknown EMS Scene Arrival Minutes,Not Applicable (Not Transported),Not Applicable (Not Transported),1,Dark - Unlighted,Clear,0,1,[],[],0,0,Invalid,0.0,0.0,998.0,998.0,['Other'],0,0,3,2,4,Dry,Straight,Grade/Hillcrest,Lowest,No
6414,8,Colorado,80002,1,1,1,0,3,NOT APPLICABLE,January,2,Monday,21,49,Urban,Medium Speed (Collector),No,38.76863333,-104.76158333,Non-Intersection,Dark - Lighted,Cloudy,Unknown,Unknown,Unknown EMS Scene Arrival Hour,Unknown EMS Scene Arrival Minutes,Not Applicable (Not Transported),Not Applicable (Not Transported),1,Dark - Lighted,Reduced Visibility,0,3,[],[],0,0,Valid,0.0,2.0,30.0,30.0,['Male'],0,0,3,3,4,Dry,Straight,Level,Lowest,No
6415,8,Colorado,80003,0,2,2,0,1,DENVER,January,3,Tuesday,1,28,Urban,High Speed (Arterial),Yes,39.63058611,-104.90523333,Non-Intersection,Dark - Lighted,Clear,1:00am-1:59am,28,1:00am-1:59am,35,Not Applicable (Not Transported),Not Applicable (Not Transported),1,Dark - Lighted,Clear,1,0,['Driver'],['Shoulder_Lapbelt'],1,1,Valid,0.0,0.0,26.0,26.0,['Male'],1,0,3,4,5,Icy/Snowy,Straight,Level,Lowest,Yes
6416,8,Colorado,80004,0,2,2,0,4,DENVER,January,4,Wednesday,19,40,Urban,High Speed (Arterial),Yes,39.75107778,-104.94076667,Complex/Circle,Dark - Lighted,Clear,Unknown,Unknown,Unknown EMS Scene Arrival Hour,Unknown EMS Scene Arrival Minutes,Unknown,Unknown EMS Hospital Arrival Time,1,Dark - Lighted,Clear,1,3,['Front_Passenger'],['None_Used'],0,0,Invalid,0.0,0.0,26.0,16.0,"['Male', 'Male']",2,0,2,4,5,Dry,Straight,Level,Lowest,No
6417,8,Colorado,80005,1,2,2,0,4,THORNTON,January,1,Sunday,0,35,Urban,High Speed (Arterial),Yes,39.97580278,-104.98800278,Non-Intersection,Dark - Lighted,Clear,Unknown,Unknown,Unknown EMS Scene Arrival Hour,Unknown EMS Scene Arrival Minutes,Not Applicable (Not Transported),Not Applicable (Not Transported),1,Dark - Lighted,Clear,0,4,[],[],0,0,Valid,0.0,0.0,34.0,33.0,"['Male', 'Male']",0,0,3,3,5,Dry,Straight,Level,Lowest,No
6418,8,Colorado,80006,0,2,2,0,2,NOT APPLICABLE,January,7,Saturday,3,10,Urban,High Speed (Arterial),Yes,39.79723333,-105.05308889,Complex/Circle,Dark - Lighted,Clear,Unknown,Unknown,Unknown EMS Scene Arrival Hour,Unknown EMS Scene Arrival Minutes,Not Applicable (Not Transported),Not Applicable (Not Transported),1,Dark - Lighted,Clear,1,1,['Driver'],['None_Used'],1,1,Valid,0.0,1.0,37.0,31.0,"['Male', 'Male']",1,0,3,4,5,Dry,Straight,Level,Lowest,No
6419,8,Colorado,80007,0,2,2,0,3,NOT APPLICABLE,January,9,Monday,17,2,Rural,High Speed (Arterial),Yes,40.05883889,-105.10273333,Non-Intersection,Dark - Lighted,Clear,4:00pm-4:59pm,59,5:00pm-5:59pm,8,5:00pm-5:59pm,38,2,Dark - Lighted,Clear,2,1,"['Driver', 'Front_Passenger']","['Shoulder_Lapbelt', 'Shoulder_Lapbelt']",0,0,Valid,0.0,1.0,71.0,29.0,"['Male', 'Male']",0,0,3,4,5,Dry,Straight,Level,Medium,No
6420,8,Colorado,80008,0,1,1,0,2,NOT APPLICABLE,January,11,Wednesday,11,25,Urban,High Speed (Arterial),Yes,38.74756944,-104.75565278,Non-Intersection,Daylight,Severe Crosswinds,Unknown,Unknown,Unknown EMS Scene Arrival Hour,Unknown EMS Scene Arrival Minutes,Unknown,Unknown EMS Hospital Arrival Time,1,Daylight,Rain/Wind/Minor,1,1,['Front_Passenger'],['Shoulder_Lapbelt'],0,0,Valid,0.0,1.0,41.0,41.0,['Male'],0,0,4,4,2,Dry,Straight,Level,Lowest,No
6421,8,Colorado,80009,0,2,2,0,3,ARVADA,January,10,Tuesday,18,13,Urban,Medium Speed (Collector),No,39.7911,-105.06867222,Complex/Circle,Dark - Lighted,Clear,6:00pm-6:59pm,13,6:00pm-6:59pm,20,6:00pm-6:59pm,37,1,Dark - Lighted,Clear,1,2,['Driver'],['Shoulder_Lapbelt'],1,1,Invalid,0.0,0.0,36.0,34.0,"['Male', 'Male']",0,0,3,4,5,Dry,Straight,Level,Lowest,No
6422,8,Colorado,80010,0,2,2,0,2,NOT APPLICABLE,January,13,Friday,9,29,Rural,High Speed (Arterial),Yes,40.94911111,-103.68790556,Non-Intersection,Daylight,Cloudy,9:00am-9:59am,32,10:00am-10:59am,5,Not Applicable (Not Transported),Not Applicable (Not Transported),1,Daylight,Reduced Visibility,1,1,['Driver'],['None_Used'],0,0,Valid,0.0,1.0,40.0,31.0,"['Female', 'Male']",0,0,4,4,5,Dry,Straight,Grade/Hillcrest,Lowest,No
6423,8,Colorado,80011,0,1,1,0,5,NOT APPLICABLE,January,15,Sunday,17,30,Rural,High Speed (Arterial),Yes,39.49365278,-105.34302778,Non-Intersection,Dusk,Snow,5:00pm-5:59pm,33,5:00pm-5:59pm,57,6:00pm-6:59pm,55,1,Twilight,Snow/Ice/Severe,1,4,['Rear_Seat'],['None_Used'],1,1,Valid,0.0,1.0,70.0,70.0,['Male'],5,0,3,4,3,Icy/Snowy,Curve,Grade/Hillcrest,Lowest,No
6424,8,Colorado,80012,1,1,1,0,1,NOT APPLICABLE,January,17,Tuesday,8,15,Urban,Low Speed (Local),No,39.58270556,-105.13448333,Non-Intersection,Daylight,Clear,8:00am-8:59am,15,8:00am-8:59am,24,8:00am-8:59am,47,1,Daylight,Clear,0,1,[],[],0,0,Valid,1.0,1.0,24.0,24.0,['Male'],1,0,2,3,4,Dry,Straight,Level,Lowest,No
6425,8,Colorado,80013,0,3,3,0,3,NOT APPLICABLE,January,17,Tuesday,17,31,Urban,High Speed (Arterial),Yes,40.40685,-104.93741111,Complex/Circle,Dusk,Clear,5:00pm-5:59pm,35,5:00pm-5:59pm,44,Unknown,Unknown EMS Hospital Arrival Time,1,Twilight,Clear,1,2,['Driver'],['Shoulder_Lapbelt'],0,0,Valid,0.0,0.0,29.0,16.0,"['Male', 'Male', 'Male']",0,0,3,4,5,Dry,Straight,Level,Lowest,No
6426,8,Colorado,80014,0,2,2,0,2,NOT APPLICABLE,January,17,Tuesday,14,15,Rural,Medium Speed (Collector),No,39.66542778,-104.60356944,Non-Intersection,Daylight,Cloudy,2:00pm-2:59pm,15,Unknown EMS Scene Arrival Hour,Unknown EMS Scene Arrival Minutes,Unknown,Unknown EMS Hospital Arrival Time,1,Daylight,Reduced Visibility,1,1,['Driver'],['None_Used'],0,0,Valid,0.0,2.0,45.0,33.0,"['Male', 'Male']",0,0,4,4,5,Dry,Straight,Grade/Hillcrest,Lowest,No
6427,8,Colorado,80015,0,5,5,0,7,PAGOSA SPRINGS,January,9,Monday,18,38,Rural,High Speed (Arterial),Yes,37.26963889,-107.04549444,Non-Intersection,Dark - Not Lighted,Clear,6:00pm-6:59pm,41,6:00pm-6:59pm,45,Unknown,Unknown EMS Hospital Arrival Time,1,Dark - Unlighted,Clear,1,6,['Driver'],['Shoulder_Lapbelt'],0,0,Valid,0.0,1.0,91.0,17.0,"['Female', 'Male', 'Male', 'Female', 'Male']",0,0,3,4,5,Dry,Straight,Grade/Hillcrest,Lowest,No
6428,8,Colorado,80016,0,2,2,0,3,NOT APPLICABLE,January,11,Wednesday,6,36,Rural,High Speed (Arterial),Yes,40.319,-104.73461944,Complex/Circle,Dark - Not Lighted,Clear,6:00am-6:59am,38,6:00am-6:59am,45,7:00am-7:59am,8,1,Dark - Unlighted,Clear,1,2,['Front_Passenger'],['Shoulder_Lapbelt'],0,0,Valid,0.0,0.0,23.0,18.0,"['Male', 'Female']",0,0,3,4,5,Dry,Straight,Level,Lowest,No
6429,8,Colorado,80017,0,2,2,0,4,LOVELAND,January,14,Saturday,22,4,Urban,High Speed (Arterial),Yes,40.40725833,-105.04456111,Complex/Circle,Dark - Lighted,Clear,10:00pm-10:59pm,5,10:00pm-10:59pm,13,10:00pm-10:59pm,24,2,Dark - Lighted,Clear,2,2,"['Driver', 'Rear_Seat']","['None_Used', 'None_Used']",1,1,Valid,0.0,1.0,33.0,27.0,"['Male', 'Male']",1,0,3,4,5,Dry,Straight,Level,Lowest,No
6430,8,Colorado,80018,1,1,1,0,1,GRAND JUNCTION,January,14,Saturday,17,51,Urban,Medium Speed (Collector),No,39.09181111,-108.56102778,Non-Intersection,Dark - Lighted,Clear,5:00pm-5:59pm,54,5:00pm-5:59pm,58,6:00pm-6:59pm,8,1,Dark - Lighted,Clear,0,1,[],[],0,0,Valid,0.0,0.0,45.0,45.0,['Female'],0,0,3,3,4,Dry,Straight,Level,Lowest,No
6431,8,Colorado,80019,0,1,1,0,1,DENVER,January,16,Monday,23,17,Urban,High Speed (Arterial),Yes,39.78222778,-104.900175,Non-Intersection,Dark - Lighted,Clear,11:00pm-11:59pm,18,11:00pm-11:59pm,28,11:00pm-11:59pm,39,1,Dark - Lighted,Clear,1,0,['Driver'],['Shoulder_Lapbelt'],1,1,Invalid,0.0,0.0,27.0,27.0,['Male'],0,0,2,4,3,Dry,Straight,Level,Lowest,No
6432,8,Colorado,80020,1,1,1,0,1,PUEBLO,January,16,Monday,18,54,Urban,High Speed (Arterial),Yes,38.28674444,-104.59695,Complex/Circle,Dark - Lighted,Clear,6:00pm-6:59pm,57,6:00pm-6:59pm,57,7:00pm-7:59pm,8,1,Dark - Lighted,Clear,0,1,[],[],0,0,Valid,0.0,0.0,20.0,20.0,['Male'],0,0,2,4,4,Dry,Straight,Grade/Hillcrest,Lowest,No
6433,8,Colorado,80021,0,4,4,0,8,NOT APPLICABLE,January,18,Wednesday,17,33,Rural,High Speed (Arterial),Yes,38.29593333,-107.772125,Non-Intersection,Dusk,Snow,Unknown,Unknown,Unknown EMS Scene Arrival Hour,Unknown EMS Scene Arrival Minutes,Unknown,Unknown EMS Hospital Arrival Time,1,Twilight,Snow/Ice/Severe,1,7,['Driver'],['Shoulder_Lapbelt'],1,1,Invalid,0.0,1.0,43.0,22.0,"['Male', 'Male', 'Male', 'Female']",0,0,3,4,5,Icy/Snowy,Straight,Level,Lowest,No
6434,8,Colorado,80022,0,2,2,0,4,NOT APPLICABLE,January,15,Sunday,21,56,Rural,Medium Speed (Collector),No,40.6011,-106.92125,Non-Intersection,Dark - Not Lighted,Snow,Unknown,Unknown,Unknown EMS Scene Arrival Hour,Unknown EMS Scene Arrival Minutes,Unknown,Unknown EMS Hospital Arrival Time,1,Dark - Unlighted,Snow/Ice/Severe,1,3,['Front_Passenger'],['Shoulder_Lapbelt'],1,1,Valid,0.0,1.0,32.0,30.0,"['Male', 'Male']",0,0,3,4,5,Icy/Snowy,Curve,Grade/Hillcrest,Lowest,No
6435,8,Colorado,80023,0,1,1,0,4,WESTMINSTER,January,24,Tuesday,1,23,Urban,High Speed (Arterial),Yes,39.88787222,-105.07115278,Non-Intersection,Dark - Lighted,Clear,1:00am-1:59am,23,1:00am-1:59am,23,Unknown,Unknown EMS Hospital Arrival Time,1,Dark - Lighted,Clear,1,3,['Rear_Seat'],['Shoulder_Lapbelt'],0,0,Invalid,0.0,1.0,25.0,25.0,['Female'],4,0,2,4,3,Dry,Curve,Grade/Hillcrest,Lowest,No
6436,8,Colorado,80024,0,2,2,0,2,NOT APPLICABLE,January,26,Thursday,18,5,Rural,Low Speed (Local),No,39.3277,-104.88038333,Non-Intersection,Dark - Not Lighted,Clear,6:00pm-6:59pm,6,6:00pm-6:59pm,14,6:00pm-6:59pm,38,1,Dark - Unlighted,Clear,1,1,['Driver'],['Shoulder_Lapbelt'],1,1,Valid,0.0,0.0,60.0,39.0,"['Male', 'Female']",0,0,3,4,5,Dry,Straight,Level,Lowest,No
6437,8,Colorado,80025,0,4,4,0,5,BOULDER,January,26,Thursday,15,48,Urban,High Speed (Arterial),Yes,40.037525,-105.24485,Non-Intersection,Daylight,Clear,3:00pm-3:59pm,48,3:00pm-3:59pm,53,4:00pm-4:59pm,5,1,Daylight,Clear,1,4,['Driver'],['Shoulder_Lapbelt'],0,0,Valid,4.0,0.0,65.0,27.0,"['Male', 'Male', 'Male', 'Female']",1,0,3,4,5,Dry,Straight,Grade/Hillcrest,Lowest,No
6438,8,Colorado,80026,1,1,1,0,1,DENVER,January,12,Thursday,15,44,Urban,High Speed (Arterial),Yes,39.75823889,-104.94065556,Complex/Circle,Daylight,Clear,3:00pm-3:59pm,44,3:00pm-3:59pm,46,4:00pm-4:59pm,4,1,Daylight,Clear,0,1,[],[],0,0,Valid,0.0,0.0,28.0,28.0,['Female'],0,0,3,2,4,Dry,Straight,Level,Lowest,No
6439,8,Colorado,80027,1,1,1,0,1,DENVER,January,25,Wednesday,22,15,Urban,Medium Speed (Collector),No,39.82173889,-104.77186667,Complex/Circle,Dark - Lighted,Clear,10:00pm-10:59pm,15,10:00pm-10:59pm,21,10:00pm-10:59pm,51,1,Dark - Lighted,Clear,0,1,[],[],0,0,Valid,0.0,0.0,32.0,32.0,['Male'],0,0,2,3,4,Dry,Straight,Level,Lowest,No
6440,8,Colorado,80028,0,1,1,0,1,NOT APPLICABLE,January,30,Monday,16,40,Urban,High Speed (Arterial),Yes,39.64356389,-106.03747222,Non-Intersection,Daylight,Cloudy,4:00pm-4:59pm,40,Unknown EMS Scene Arrival Hour,Unknown EMS Scene Arrival Minutes,Not Applicable (Not Transported),Not Applicable (Not Transported),1,Daylight,Reduced Visibility,1,0,['Driver'],['None_Used'],0,0,Valid,0.0,0.0,37.0,37.0,['Male'],0,0,3,4,3,Icy/Snowy,Straight,Grade/Hillcrest,Lowest,No
6441,8,Colorado,80029,1,1,1,0,1,CASTLE ROCK,January,14,Saturday,20,55,Urban,High Speed (Arterial),Yes,39.41053611,-104.87216667,Complex/Circle,Dark - Lighted,Clear,8:00pm-8:59pm,55,8:00pm-8:59pm,58,9:00pm-9:59pm,4,1,Dark - Lighted,Clear,0,1,[],[],0,0,Valid,0.0,0.0,29.0,29.0,['Female'],0,0,3,2,4,Dry,Straight,Grade/Hillcrest,Lowest,No
6442,8,Colorado,80030,0,1,1,0,1,NOT APPLICABLE,January,27,Friday,11,5,Rural,Medium Speed (Collector),No,39.03972222,-104.60756667,Non-Intersection,Daylight,Clear,Unknown,Unknown,Unknown EMS Scene Arrival Hour,Unknown EMS Scene Arrival Minutes,Unknown,Unknown EMS Hospital Arrival Time,1,Daylight,Clear,1,0,['Driver'],['Shoulder_Lapbelt'],0,0,Valid,0.0,0.0,69.0,69.0,['Male'],0,0,3,4,3,Dry,Straight,Grade/Hillcrest,Lowest,No
6443,8,Colorado,80031,0,7,7,0,7,COLORADO SPRINGS,January,20,Friday,11,33,Urban,High Speed (Arterial),Yes,38.92019444,-104.73802778,Complex/Circle,Daylight,Cloudy,11:00am-11:59am,34,11:00am-11:59am,39,12:00pm-12:59pm,12,1,Daylight,Reduced Visibility,1,6,['Driver'],['Shoulder_Lapbelt'],0,0,Valid,0.0,0.0,77.0,42.0,"['Male', 'Male', 'Female', 'Male', 'Female', 'Male', 'Male']",0,0,3,4,5,Dry,Straight,Level,Medium,No
6444,8,Colorado,80032,1,1,1,0,1,Other,January,21,Saturday,17,52,Urban,High Speed (Arterial),Yes,39.77957222,-105.05329722,Non-Intersection,Dark - Lighted,Clear,Unknown,Unknown,Unknown EMS Scene Arrival Hour,Unknown EMS Scene Arrival Minutes,Not Applicable (Not Transported),Not Applicable (Not Transported),1,Dark - Lighted,Clear,0,1,[],[],0,0,Valid,0.0,0.0,44.0,44.0,['Male'],0,0,3,3,4,Dry,Straight,Level,Lowest,No
6445,8,Colorado,80033,0,2,2,0,4,LITTLETON,January,26,Thursday,18,22,Urban,Medium Speed (Collector),No,39.58052778,-104.98748333,Non-Intersection,Dark - Lighted,Clear,6:00pm-6:59pm,23,6:00pm-6:59pm,26,Not Applicable (Not Transported),Not Applicable (Not Transported),1,Dark - Lighted,Clear,1,3,['Driver'],['Shoulder_Lapbelt'],1,1,Valid,1.0,0.0,51.0,18.0,"['Male', 'Male']",0,0,2,4,5,Dry,Straight,Grade/Hillcrest,Lowest,No
6446,8,Colorado,80034,0,2,2,0,3,CASTLE ROCK,January,17,Tuesday,21,43,Urban,High Speed (Arterial),Yes,39.39823611,-104.83040278,Simple Junction,Dark - Lighted,Clear,9:00pm-9:59pm,43,9:00pm-9:59pm,48,Not Applicable (Not Transported),Not Applicable (Not Transported),1,Dark - Lighted,Clear,1,2,['Driver'],['None_Used'],1,1,Valid,0.0,0.0,42.0,17.0,"['Male', 'Male']",2,0,2,4,5,Dry,Straight,Grade/Hillcrest,Lowest,No
6447,8,Colorado,80035,0,2,2,0,3,DENVER,January,28,Saturday,13,35,Urban,High Speed (Arterial),Yes,39.74012778,-104.98590556,Complex/Circle,Daylight,Cloudy,Unknown,Unknown,Unknown EMS Scene Arrival Hour,Unknown EMS Scene Arrival Minutes,Unknown,Unknown EMS Hospital Arrival Time,1,Daylight,Reduced Visibility,1,2,['Driver'],['Shoulder_Lapbelt'],0,0,Valid,3.0,1.0,73.0,34.0,"['Male', 'Female']",0,0,3,4,5,Dry,Straight,Grade/Hillcrest,Medium,No
6448,8,Colorado,80036,0,2,2,0,3,DENVER,January,29,Sunday,6,38,Urban,High Speed (Arterial),Yes,39.70909167,-104.87524167,Simple Junction,Dawn,Clear,6:00am-6:59am,46,6:00am-6:59am,49,6:00am-6:59am,57,2,Twilight,Clear,2,1,"['Driver', 'Front_Passenger']","['Shoulder_Lapbelt', 'Shoulder_Lapbelt']",1,1,Invalid,0.0,0.0,28.0,27.0,"['Male', 'Male']",2,0,3,4,5,Dry,Straight,Level,Lowest,No
6449,8,Colorado,80037,0,2,2,0,2,WESTMINSTER,January,11,Wednesday,13,27,Urban,High Speed (Arterial),Yes,39.89041111,-105.02513333,Simple Junction,Daylight,Sleet or Hail,Unknown,Unknown,Unknown EMS Scene Arrival Hour,Unknown EMS Scene Arrival Minutes,Unknown,Unknown EMS Hospital Arrival Time,1,Daylight,Snow/Ice/Severe,1,1,['Driver'],['Shoulder_Lapbelt'],0,0,Valid,0.0,0.0,88.0,17.0,"['Male', 'Female']",0,0,3,4,5,Wet/Standing Water,Straight,Level,Medium,No
6450,8,Colorado,80038,0,2,2,0,3,DENVER,January,22,Sunday,1,54,Urban,High Speed (Arterial),Yes,39.68273611,-104.95936667,Complex/Circle,Dark - Lighted,Clear,1:00am-1:59am,54,2:00am-2:59am,3,Unknown,Unknown EMS Hospital Arrival Time,1,Dark - Lighted,Clear,1,2,['Driver'],['Shoulder_Lapbelt'],1,1,Invalid,1.0,2.0,42.0,21.0,"['Male', 'Female']",0,0,3,4,5,Dry,Straight,Level,Lowest,No
6451,8,Colorado,80039,1,1,1,0,2,AURORA,January,26,Thursday,5,55,Urban,High Speed (Arterial),Yes,39.74555556,-104.84702222,Complex/Circle,Dark - Lighted,Cloudy,5:00am-5:59am,55,5:00am-5:59am,59,6:00am-6:59am,9,1,Dark - Lighted,Reduced Visibility,0,2,[],[],0,0,Valid,0.0,1.0,27.0,27.0,['Male'],0,0,3,3,4,Dry,Straight,Level,Lowest,No
6452,8,Colorado,80040,0,2,2,0,3,AURORA,January,28,Saturday,12,47,Urban,High Speed (Arterial),Yes,39.69815556,-104.80995833,Non-Intersection,Daylight,Cloudy,12:00pm-12:59pm,47,12:00pm-12:59pm,52,1:00pm-1:59pm,15,1,Daylight,Reduced Visibility,1,2,['Front_Passenger'],['Shoulder_Lapbelt'],0,0,Invalid,0.0,0.0,998.0,41.0,"['Other', 'Female']",0,0,2,3,5,Dry,Straight,Non-Trafficway,Lowest,No
6453,8,Colorado,80041,0,1,1,0,1,AURORA,January,10,Tuesday,19,54,Urban,Low Speed (Local),No,39.74767778,-104.82927222,Simple Junction,Dark - Lighted,Clear,8:00pm-8:59pm,1,8:00pm-8:59pm,5,8:00pm-8:59pm,7,1,Dark - Lighted,Clear,1,0,['Driver'],['Shoulder_Lapbelt'],1,1,Invalid,0.0,2.0,35.0,35.0,['Male'],1,0,3,4,3,Dry,Straight,Level,Lowest,No
6454,8,Colorado,80042,0,2,2,0,2,NOT APPLICABLE,February,1,Wednesday,21,35,Urban,High Speed (Arterial),Yes,38.87073333,-104.71515,Non-Intersection,Dark - Lighted,Clear,Unknown,Unknown,Unknown EMS Scene Arrival Hour,Unknown EMS Scene Arrival Minutes,Unknown,Unknown EMS Hospital Arrival Time,1,Dark - Lighted,Clear,1,1,['Driver'],['None_Used'],0,0,Valid,0.0,0.0,998.0,18.0,"['Male', 'Other']",1,0,5,4,5,Dry,Straight,Level,Lowest,No
6455,8,Colorado,80043,0,2,2,0,4,NOT APPLICABLE,February,3,Friday,19,56,Urban,High Speed (Arterial),Yes,38.73743889,-104.68296111,Complex/Circle,Dark - Lighted,Clear,Unknown,Unknown,Unknown EMS Scene Arrival Hour,Unknown EMS Scene Arrival Minutes,Unknown,Unknown EMS Hospital Arrival Time,1,Dark - Lighted,Clear,1,3,['Front_Passenger'],['Shoulder_Lapbelt'],0,0,Valid,0.0,0.0,19.0,16.0,"['Female', 'Female']",1,0,3,4,5,Dry,Straight,Level,Lowest,No
6456,8,Colorado,80044,1,1,1,0,1,GREELEY,February,4,Saturday,20,22,Urban,Medium Speed (Collector),No,40.42999167,-104.73511944,Complex/Circle,Dark - Lighted,Clear,8:00pm-8:59pm,20,8:00pm-8:59pm,26,8:00pm-8:59pm,55,1,Dark - Lighted,Clear,0,1,[],[],0,0,Invalid,0.0,0.0,998.0,998.0,['Other'],0,0,3,2,4,Dry,Straight,Level,Lowest,No
6457,8,Colorado,80045,0,1,1,0,1,NOT APPLICABLE,February,8,Wednesday,17,59,Urban,High Speed (Arterial),Yes,38.73430556,-104.80946944,Non-Intersection,Dusk,Clear,Unknown,Unknown,Unknown EMS Scene Arrival Hour,Unknown EMS Scene Arrival Minutes,Not Applicable (Not Transported),Not Applicable (Not Transported),1,Twilight,Clear,1,0,['Driver'],['Shoulder_Lapbelt'],1,1,Valid,0.0,0.0,60.0,60.0,['Female'],1,0,3,4,3,Dry,Curve,Grade/Hillcrest,Lowest,No
6458,8,Colorado,80046,0,2,1,1,1,NOT APPLICABLE,February,8,Wednesday,18,34,Rural,High Speed (Arterial),Yes,40.6297,-102.30150833,Non-Intersection,Dark - Not Lighted,Clear,6:00pm-6:59pm,41,6:00pm-6:59pm,56,Not Applicable (Not Transported),Not Applicable (Not Transported),1,Dark - Unlighted,Clear,1,0,['Driver'],['Shoulder_Lapbelt'],1,1,Valid,0.0,0.0,78.0,78.0,['Male'],0,0,3,4,5,Dry,Straight,Level,Lowest,No