,State_Code,State_Name,Crash_ID,Count_Non_Motorists,Count_Vehicles_Total,Count_Vehicle_Forms,Count_PVH_Involved,Count_Occupants_MV,City_Name,Month_Name,Day_of_Month,Day_of_Week,Crash_Hour,Crash_Minute,Area_Rural_Urban,Road_Functional_Class,On_NHS_Road,Latitude,Longitude,Intersection_Type,Light_Condition,Weather_Condition,Notif_Hour,Notif_Minute,Arrival_Hour,Arrival_Minute,Hospital_Hour,Hospital_Minute,Fatalities_Count,Clean_Light_Condition,Clean_Weather_Condition,Total_Killed,Total_Alive,Fatal_Seats_List,Killed_Restraint_List,Any_Driver_Drinking,Total_Drinking_Drivers,Driver_License_Category,Driver_Max_Prev_Accident_Count,Driver_Max_Prev_Speeding_Count,Max_Driver_Age,Min_Driver_Age,Driver_Sex_List,Total_Exceeding_Limit_Vehicles,Total_Too_Fast_Vehicles,Max_Vehicle_Type_Severity_5,Max_Vehicle_Damage_Rank,Max_Harmful_Event_Severity,Crash_Road_Surface_Condition,Crash_Horizontal_Alignment,Crash_Vertical_Profile,Crash_Impairment_Category,Crash_Vehicle_Defect
6459,8,Colorado,80047,0,2,2,0,5,NOT APPLICABLE,February,9,Thursday,18,35,Rural,High Speed (Arterial),Yes,39.02626667,-104.35839167,Non-Intersection,Dark - Not Lighted,Snow,Unknown,Unknown,Unknown EMS Scene Arrival Hour,Unknown EMS Scene Arrival Minutes,Unknown,Unknown EMS Hospital Arrival Time,1,Dark - Unlighted,Snow/Ice/Severe,1,4,['Driver'],['Shoulder_Lapbelt'],0,0,Valid,0.0,0.0,58.0,41.0,"['Male', 'Female']",4,0,3,4,5,Icy/Snowy,Straight,Grade/Hillcrest,Lowest,No
6460,8,Colorado,80048,0,2,2,0,2,NOT APPLICABLE,February,9,Thursday,2,20,Urban,High Speed (Arterial),Yes,40.47754722,-105.07752778,Non-Intersection,Dark - Not Lighted,Clear,2:00am-2:59am,20,2:00am-2:59am,29,Not Applicable (Not Transported),Not Applicable (Not Transported),1,Dark - Unlighted,Clear,1,1,['Driver'],['Shoulder_Lapbelt'],1,1,Valid,0.0,1.0,29.0,21.0,"['Female', 'Male']",1,0,4,4,5,Dry,Straight,Level,Lowest,No
6461,8,Colorado,80049,1,2,1,1,2,NOT APPLICABLE,February,9,Thursday,13,2,Rural,High Speed (Arterial),Yes,39.26703056,-103.62289167,Non-Intersection,Daylight,Blowing Snow,1:00pm-1:59pm,5,1:00pm-1:59pm,29,2:00pm-2:59pm,15,1,Daylight,Snow/Ice/Severe,1,1,['Front_Passenger'],['Shoulder_Lapbelt'],0,0,Valid,0.0,0.0,61.0,61.0,['Male'],2,0,3,4,5,Icy/Snowy,Curve,Grade/Hillcrest,Lowest,No
6462,8,Colorado,80050,0,1,1,0,1,NOT APPLICABLE,February,3,Friday,23,7,Urban,High Speed (Arterial),Yes,38.84981944,-104.68236389,Non-Intersection,Dark - Not Lighted,Clear,6:00pm-6:59pm,39,Unknown EMS Scene Arrival Hour,Unknown EMS Scene Arrival Minutes,Not Applicable (Not Transported),Not Applicable (Not Transported),1,Dark - Unlighted,Clear,1,0,['Driver'],['None_Used'],1,1,Valid,0.0,0.0,22.0,22.0,['Male'],1,0,5,4,2,Dry,Curve,Grade/Hillcrest,Lowest,No
6463,8,Colorado,80051,0,2,2,0,9,COLORADO SPRINGS,February,5,Sunday,1,23,Urban,High Speed (Arterial),Yes,38.854325,-104.75649167,Complex/Circle,Dark - Lighted,Clear,1:00am-1:59am,27,1:00am-1:59am,27,Unknown,Unknown EMS Hospital Arrival Time,1,Dark - Lighted,Clear,1,8,['Rear_Seat'],['None_Used'],1,1,Invalid,0.0,0.0,34.0,17.0,"['Male', 'Female']",0,0,2,4,5,Dry,Straight,Level,Lowest,No
6464,8,Colorado,80052,0,2,2,0,3,NOT APPLICABLE,February,6,Monday,15,5,Rural,High Speed (Arterial),Yes,40.48734167,-106.96734444,Non-Intersection,Daylight,Cloudy,Unknown,Unknown,Unknown EMS Scene Arrival Hour,Unknown EMS Scene Arrival Minutes,Unknown,Unknown EMS Hospital Arrival Time,1,Daylight,Reduced Visibility,1,2,['Front_Passenger'],['Shoulder_Lapbelt'],0,0,Valid,1.0,1.0,21.0,19.0,"['Male', 'Female']",0,0,3,4,5,Dry,Straight,Level,Medium,No
6465,8,Colorado,80053,0,1,1,0,1,COLORADO SPRINGS,February,6,Monday,20,56,Urban,High Speed (Arterial),Yes,38.90027778,-104.76484444,Non-Intersection,Dark - Lighted,Clear,9:00pm-9:59pm,0,9:00pm-9:59pm,8,Not Applicable (Not Transported),Not Applicable (Not Transported),1,Dark - Lighted,Clear,1,0,['Driver'],['None_Used'],0,0,Invalid,1.0,1.0,21.0,21.0,['Male'],1,0,5,4,2,Dry,Curve,Level,Lowest,No
6466,8,Colorado,80054,0,2,2,0,3,NOT APPLICABLE,February,11,Saturday,2,10,Urban,High Speed (Arterial),Yes,40.47258889,-104.69796667,Non-Intersection,Dark - Not Lighted,Clear,Unknown,Unknown,Unknown EMS Scene Arrival Hour,Unknown EMS Scene Arrival Minutes,Unknown,Unknown EMS Hospital Arrival Time,1,Dark - Unlighted,Clear,1,2,['Driver'],['None_Used'],1,1,Valid,0.0,2.0,34.0,33.0,"['Male', 'Male']",2,0,4,4,5,Dry,Straight,Level,Lowest,No
6467,8,Colorado,80055,0,1,1,0,1,COMMERCE CITY,February,13,Monday,1,33,Urban,High Speed (Arterial),Yes,39.79633333,-104.92808889,Non-Intersection,Dark - Lighted,Clear,1:00am-1:59am,33,1:00am-1:59am,42,Not Applicable (Not Transported),Not Applicable (Not Transported),1,Dark - Lighted,Clear,1,0,['Driver'],['None_Used'],1,1,Valid,0.0,0.0,19.0,19.0,['Male'],0,0,2,4,3,Dry,Curve,Level,Lowest,No
6468,8,Colorado,80056,1,1,1,0,1,COLORADO SPRINGS,February,4,Saturday,7,56,Urban,High Speed (Arterial),Yes,38.80683333,-104.82220556,Complex/Circle,Daylight,Clear,7:00am-7:59am,56,8:00am-8:59am,0,8:00am-8:59am,15,1,Daylight,Clear,0,1,[],[],0,0,Valid,0.0,0.0,40.0,40.0,['Male'],0,0,3,1,4,Dry,Straight,Level,Lowest,No
6469,8,Colorado,80057,1,3,3,0,3,COLORADO SPRINGS,February,8,Wednesday,5,31,Urban,High Speed (Arterial),Yes,38.80869167,-104.74149444,Complex/Circle,Dark - Lighted,Clear,5:00am-5:59am,40,5:00am-5:59am,42,Not Applicable (Not Transported),Not Applicable (Not Transported),1,Dark - Lighted,Clear,0,3,[],[],0,0,Valid,0.0,0.0,52.0,22.0,"['Male', 'Male', 'Male']",0,0,3,2,4,Dry,Straight,Level,Lowest,No
6470,8,Colorado,80058,1,1,1,0,0,NOT APPLICABLE,February,14,Tuesday,17,27,Urban,High Speed (Arterial),Yes,39.59958889,-105.10996667,Non-Intersection,Daylight,Clear,5:00pm-5:59pm,27,5:00pm-5:59pm,31,Not Applicable (Not Transported),Not Applicable (Not Transported),1,Daylight,Clear,0,0,[],[],0,0,Valid,0.0,0.0,49.0,34.0,Other,0,0,1,1,4,Dry,Straight,Grade/Hillcrest,Lowest,Yes
6471,8,Colorado,80059,0,4,4,0,5,NOT APPLICABLE,February,14,Tuesday,9,11,Urban,High Speed (Arterial),Yes,39.97074722,-105.23696944,Non-Intersection,Daylight,Not Reported,9:00am-9:59am,11,9:00am-9:59am,16,Unknown,Unknown EMS Hospital Arrival Time,1,Daylight,Clear,1,4,['Driver'],['None_Used'],0,0,Valid,0.0,0.0,50.0,31.0,"['Female', 'Male', 'Female', 'Female']",0,0,3,4,5,Dry,Curve,Grade/Hillcrest,Lowest,No
6472,8,Colorado,80060,0,2,2,0,3,COLORADO SPRINGS,February,11,Saturday,13,38,Urban,High Speed (Arterial),Yes,38.86956667,-104.78655556,Simple Junction,Daylight,Cloudy,1:00pm-1:59pm,38,1:00pm-1:59pm,43,Not Applicable (Not Transported),Not Applicable (Not Transported),1,Daylight,Reduced Visibility,1,2,['Driver'],['None_Used'],0,0,Valid,0.0,0.0,59.0,53.0,"['Male', 'Female']",1,0,5,4,5,Dry,Straight,Level,Lowest,No
6473,8,Colorado,80061,1,1,1,0,1,DENVER,February,8,Wednesday,18,13,Urban,High Speed (Arterial),Yes,39.7375,-105.02532222,Non-Intersection,Dark - Lighted,Clear,6:00pm-6:59pm,16,6:00pm-6:59pm,22,6:00pm-6:59pm,31,1,Dark - Lighted,Clear,0,1,[],[],0,0,Valid,0.0,0.0,22.0,22.0,['Male'],0,0,2,3,4,Dry,Straight,Level,Lowest,No
6474,8,Colorado,80062,1,1,1,0,1,CENTENNIAL,February,14,Tuesday,18,49,Urban,Low Speed (Local),No,39.61666667,-104.74096111,Simple Junction,Dark - Not Lighted,Cloudy,6:00pm-6:59pm,50,6:00pm-6:59pm,55,Not Applicable (Not Transported),Not Applicable (Not Transported),1,Dark - Unlighted,Reduced Visibility,0,1,[],[],0,0,Valid,0.0,0.0,47.0,47.0,['Male'],0,0,3,3,4,Dry,Straight,Level,Lowest,No
6475,8,Colorado,80063,0,1,1,0,1,NOT APPLICABLE,February,14,Tuesday,23,59,Rural,Medium Speed (Collector),No,40.37782222,-104.92040556,Non-Intersection,Dark - Not Lighted,Cloudy,2:00pm-2:59pm,12,2:00pm-2:59pm,23,Not Applicable (Not Transported),Not Applicable (Not Transported),1,Dark - Unlighted,Reduced Visibility,1,0,['Driver'],['None_Used'],1,1,Invalid,1.0,0.0,31.0,31.0,['Male'],0,0,3,4,3,Dry,Straight,Grade/Hillcrest,Lowest,No
6476,8,Colorado,80064,0,2,2,0,4,NOT APPLICABLE,February,16,Thursday,19,21,Rural,High Speed (Arterial),Yes,39.27712778,-103.75146111,Non-Intersection,Dark - Not Lighted,Clear,Unknown,Unknown,Unknown EMS Scene Arrival Hour,Unknown EMS Scene Arrival Minutes,Unknown,Unknown EMS Hospital Arrival Time,2,Dark - Unlighted,Clear,2,2,"['Driver', 'Front_Passenger']","['Shoulder_Lapbelt', 'Shoulder_Lapbelt']",0,0,Valid,0.0,0.0,46.0,39.0,"['Female', 'Male']",0,0,4,4,5,Dry,Straight,Level,Medium,No
6477,8,Colorado,80065,1,1,1,0,1,CHERRY HILLS VILLAGE,February,21,Tuesday,23,17,Urban,High Speed (Arterial),Yes,39.65293333,-104.95913333,Complex/Circle,Dark - Lighted,Cloudy,11:00pm-11:59pm,17,Unknown EMS Scene Arrival Hour,Unknown EMS Scene Arrival Minutes,Not Applicable (Not Transported),Not Applicable (Not Transported),1,Dark - Lighted,Reduced Visibility,0,1,[],[],0,0,Valid,0.0,0.0,62.0,62.0,['Male'],0,0,3,3,4,Dry,Straight,Level,Lowest,No
6478,8,Colorado,80066,2,1,1,0,4,AURORA,February,1,Wednesday,20,29,Urban,High Speed (Arterial),Yes,39.74008333,-104.85417222,Complex/Circle,Dark - Lighted,Clear,8:00pm-8:59pm,29,8:00pm-8:59pm,34,8:00pm-8:59pm,38,1,Dark - Lighted,Clear,0,4,[],[],0,0,Invalid,0.0,0.0,34.0,34.0,['Male'],0,0,3,2,4,Dry,Straight,Level,Lowest,No
6479,8,Colorado,80067,0,3,3,0,4,NOT APPLICABLE,February,21,Tuesday,16,47,Rural,High Speed (Arterial),Yes,40.51361111,-107.39005556,Non-Intersection,Daylight,Rain,Unknown,Unknown,Unknown EMS Scene Arrival Hour,Unknown EMS Scene Arrival Minutes,Unknown,Unknown EMS Hospital Arrival Time,1,Daylight,Rain/Wind/Minor,1,3,['Front_Passenger'],['None_Used'],0,0,Invalid,0.0,1.0,64.0,16.0,"['Male', 'Female', 'Male']",0,0,3,4,5,Wet/Standing Water,Straight,Level,Lowest,Yes
6480,8,Colorado,80068,0,2,2,0,5,NOT APPLICABLE,February,23,Thursday,8,20,Rural,Medium Speed (Collector),No,40.98833333,-106.21931667,Non-Intersection,Daylight,Blowing Snow,Unknown,Unknown,Unknown EMS Scene Arrival Hour,Unknown EMS Scene Arrival Minutes,Unknown,Unknown EMS Hospital Arrival Time,2,Daylight,Snow/Ice/Severe,2,3,"['Front_Passenger', 'Rear_Seat']","['Shoulder_Lapbelt', 'Shoulder_Lapbelt']",0,0,Invalid,0.0,0.0,78.0,29.0,"['Male', 'Male']",3,0,3,4,5,Icy/Snowy,Curve,Grade/Hillcrest,Lowest,No
6481,8,Colorado,80069,0,3,3,0,5,COLORADO SPRINGS,February,11,Saturday,17,55,Urban,High Speed (Arterial),Yes,38.89690556,-104.73855,Complex/Circle,Dark - Lighted,Clear,Unknown,Unknown,Unknown EMS Scene Arrival Hour,Unknown EMS Scene Arrival Minutes,Unknown,Unknown EMS Hospital Arrival Time,1,Dark - Lighted,Clear,1,4,['Front_Passenger'],['None_Used'],0,0,Valid,0.0,0.0,69.0,21.0,"['Female', 'Male', 'Female']",0,0,3,4,5,Dry,Straight,Level,Lowest,No
6482,8,Colorado,80070,0,1,1,0,1,PUEBLO,February,16,Thursday,6,19,Urban,High Speed (Arterial),Yes,38.33696111,-104.61946667,Non-Intersection,Dawn,Clear,6:00am-6:59am,19,6:00am-6:59am,25,Not Applicable (Not Transported),Not Applicable (Not Transported),1,Twilight,Clear,1,0,['Driver'],['Shoulder_Lapbelt'],0,0,Valid,0.0,1.0,69.0,69.0,['Male'],1,0,3,4,3,Icy/Snowy,Curve,Level,Lowest,No
6483,8,Colorado,80071,0,1,1,0,1,PUEBLO WEST,February,19,Sunday,2,0,Urban,Medium Speed (Collector),No,38.31540556,-104.81433611,Non-Intersection,Dark - Not Lighted,Clear,3:00am-3:59am,21,3:00am-3:59am,26,Not Applicable (Not Transported),Not Applicable (Not Transported),1,Dark - Unlighted,Clear,1,0,['Driver'],['Shoulder_Lapbelt'],1,1,Valid,0.0,0.0,34.0,34.0,['Female'],0,0,3,4,3,Dry,Curve,Grade/Hillcrest,Lowest,No
6484,8,Colorado,80072,0,2,2,0,3,LAKEWOOD,February,19,Sunday,18,43,Urban,High Speed (Arterial),Yes,39.72554444,-105.06504444,Non-Intersection,Dusk,Clear,6:00pm-6:59pm,45,6:00pm-6:59pm,51,Not Applicable (Not Transported),Not Applicable (Not Transported),1,Twilight,Clear,1,2,['Driver'],['None_Used'],0,0,Valid,0.0,0.0,58.0,41.0,"['Male', 'Male']",0,0,5,4,5,Dry,Straight,Level,Lowest,No
6485,8,Colorado,80073,0,2,2,0,2,COLORADO SPRINGS,February,21,Tuesday,13,15,Urban,High Speed (Arterial),Yes,38.80472222,-104.80215,Non-Intersection,Daylight,Clear,Unknown,Unknown,Unknown EMS Scene Arrival Hour,Unknown EMS Scene Arrival Minutes,Not Applicable (Not Transported),Not Applicable (Not Transported),1,Daylight,Clear,1,1,['Driver'],['Shoulder_Lapbelt'],0,0,Valid,0.0,0.0,84.0,57.0,"['Male', 'Male']",0,0,4,4,5,Dry,Curve,Level,Lowest,No
6486,8,Colorado,80074,0,1,1,0,2,GRAND JUNCTION,February,19,Sunday,18,11,Urban,Low Speed (Local),No,39.10861111,-108.50143611,Non-Intersection,Dark - Not Lighted,Clear,6:00pm-6:59pm,11,6:00pm-6:59pm,18,7:00pm-7:59pm,2,1,Dark - Unlighted,Clear,1,1,['Driver'],['None_Used'],1,1,Invalid,0.0,0.0,20.0,20.0,['Male'],0,0,2,4,3,Dry,Straight,Level,Medium,No
6487,8,Colorado,80075,0,1,1,0,3,GRAND JUNCTION,February,28,Tuesday,0,40,Urban,Medium Speed (Collector),No,39.07728333,-108.49277778,Non-Intersection,Dark - Not Lighted,Clear,0:00am-0:59am,43,0:00am-0:59am,52,Unknown,Unknown EMS Hospital Arrival Time,1,Dark - Unlighted,Clear,1,2,['Rear_Seat'],['None_Used'],1,1,Invalid,0.0,0.0,18.0,18.0,['Male'],0,0,2,4,3,Dry,Curve,Level,Lowest,No
6488,8,Colorado,80076,0,2,2,0,3,LAFAYETTE,February,8,Wednesday,23,53,Urban,High Speed (Arterial),Yes,40.01471111,-105.12555556,Non-Intersection,Dark - Not Lighted,Not Reported,Unknown,Unknown,Unknown EMS Scene Arrival Hour,Unknown EMS Scene Arrival Minutes,Unknown,Unknown EMS Hospital Arrival Time,1,Dark - Unlighted,Clear,1,2,['Driver'],['None_Used'],0,0,Valid,0.0,0.0,39.0,25.0,"['Male', 'Male']",0,0,2,4,5,Dry,Straight,Grade/Hillcrest,Lowest,No
6489,8,Colorado,80077,1,1,1,0,1,GREELEY,February,25,Saturday,18,38,Urban,High Speed (Arterial),Yes,40.42298056,-104.72228889,Complex/Circle,Dark - Lighted,Clear,6:00pm-6:59pm,39,Unknown EMS Scene Arrival Hour,Unknown EMS Scene Arrival Minutes,Unknown,Unknown EMS Hospital Arrival Time,1,Dark - Lighted,Clear,0,1,[],[],0,0,Valid,0.0,0.0,60.0,60.0,['Female'],0,0,2,2,4,Dry,Straight,Level,Lowest,No
6490,8,Colorado,80078,0,1,1,0,1,LONGMONT,February,5,Sunday,16,15,Urban,Medium Speed (Collector),No,40.1804,-105.11654167,Non-Intersection,Daylight,Clear,4:00pm-4:59pm,15,4:00pm-4:59pm,18,4:00pm-4:59pm,26,1,Daylight,Clear,1,0,['Driver'],['None_Used'],0,0,Valid,0.0,0.0,48.0,48.0,['Male'],0,0,5,4,3,Dry,Straight,Level,Lowest,Yes
6491,8,Colorado,80079,0,1,1,0,4,COLORADO SPRINGS,February,24,Friday,18,49,Urban,High Speed (Arterial),Yes,38.91702778,-104.71984722,Non-Intersection,Dark - Lighted,Clear,Unknown,Unknown,Unknown EMS Scene Arrival Hour,Unknown EMS Scene Arrival Minutes,Not Applicable (Not Transported),Not Applicable (Not Transported),1,Dark - Lighted,Clear,1,3,['Front_Passenger'],['None_Used'],0,0,Valid,0.0,0.0,17.0,17.0,['Male'],0,0,3,4,3,Dry,Straight,Grade/Hillcrest,Lowest,No
6492,8,Colorado,80080,0,4,4,0,10,AURORA,February,11,Saturday,18,23,Urban,Medium Speed (Collector),No,39.69518889,-104.82771667,Complex/Circle,Dark - Lighted,Clear,6:00pm-6:59pm,23,6:00pm-6:59pm,33,6:00pm-6:59pm,44,1,Dark - Lighted,Clear,1,9,['Driver'],['Shoulder_Lapbelt'],1,1,Valid,0.0,0.0,51.0,25.0,"['Male', 'Male', 'Female', 'Male']",0,0,3,4,5,Dry,Curve,Level,Lowest,No
6493,8,Colorado,80081,1,1,1,0,4,FORT COLLINS,February,13,Monday,11,39,Urban,Medium Speed (Collector),No,40.52355556,-105.04890833,Complex/Circle,Daylight,Cloudy,11:00am-11:59am,39,11:00am-11:59am,39,12:00pm-12:59pm,0,1,Daylight,Reduced Visibility,0,4,[],[],0,0,Valid,0.0,0.0,41.0,41.0,['Male'],0,0,3,3,4,Dry,Straight,Level,Lowest,No
6494,8,Colorado,80082,1,1,1,0,1,PUEBLO,February,26,Sunday,20,15,Urban,Medium Speed (Collector),No,38.27838333,-104.57323611,Non-Intersection,Dark - Not Lighted,Not Reported,8:00pm-8:59pm,18,8:00pm-8:59pm,22,8:00pm-8:59pm,31,1,Dark - Unlighted,Clear,0,1,[],[],0,0,Valid,0.0,0.0,18.0,18.0,['Male'],0,0,2,3,4,Dry,Straight,Level,Lowest,No
6495,8,Colorado,80083,0,2,2,0,2,COLORADO SPRINGS,February,27,Monday,16,21,Urban,Medium Speed (Collector),No,38.84494444,-104.78726667,Complex/Circle,Daylight,Clear,4:00pm-4:59pm,21,4:00pm-4:59pm,28,Not Applicable (Not Transported),Not Applicable (Not Transported),1,Daylight,Clear,1,1,['Driver'],['None_Used'],0,0,Invalid,0.0,1.0,78.0,26.0,"['Male', 'Female']",1,0,5,4,5,Dry,Straight,Level,Lowest,No
6496,8,Colorado,80084,0,1,1,0,1,COLORADO SPRINGS,February,27,Monday,21,8,Urban,High Speed (Arterial),Yes,38.88557778,-104.73651389,Non-Intersection,Dark - Lighted,Clear,9:00pm-9:59pm,11,9:00pm-9:59pm,16,Not Applicable (Not Transported),Not Applicable (Not Transported),1,Dark - Lighted,Clear,1,0,['Driver'],['None_Used'],1,1,Valid,0.0,0.0,38.0,38.0,['Male'],1,0,2,4,3,Dry,Straight,Grade/Hillcrest,Lowest,No
6497,8,Colorado,80085,0,1,1,0,1,DENVER,February,18,Saturday,15,48,Urban,Low Speed (Local),No,39.72715833,-104.98011111,Complex/Circle,Daylight,Clear,3:00pm-3:59pm,48,3:00pm-3:59pm,52,3:00pm-3:59pm,57,1,Daylight,Clear,1,0,['Driver'],['Shoulder_Lapbelt'],0,0,Valid,0.0,0.0,94.0,94.0,['Female'],0,0,2,4,3,Dry,Straight,Grade/Hillcrest,Medium,No
6498,8,Colorado,80086,1,1,1,0,1,DENVER,February,2,Thursday,21,15,Urban,High Speed (Arterial),Yes,39.734,-104.99361111,Complex/Circle,Dark - Lighted,Clear,9:00pm-9:59pm,16,9:00pm-9:59pm,20,9:00pm-9:59pm,25,1,Dark - Lighted,Clear,0,1,[],[],0,0,Invalid,0.0,0.0,18.0,18.0,['Male'],0,0,3,3,4,Dry,Straight,Level,Lowest,No
6499,8,Colorado,80087,0,2,2,0,2,AURORA,March,4,Saturday,20,20,Urban,High Speed (Arterial),Yes,39.66361111,-104.809875,Complex/Circle,Dark - Lighted,Cloudy,Unknown,Unknown,Unknown EMS Scene Arrival Hour,Unknown EMS Scene Arrival Minutes,Unknown,Unknown EMS Hospital Arrival Time,1,Dark - Lighted,Reduced Visibility,1,1,['Driver'],['None_Used'],0,0,Valid,1.0,1.0,44.0,25.0,"['Male', 'Male']",1,0,3,4,5,Dry,Straight,Level,Lowest,No
6500,8,Colorado,80088,0,2,2,0,2,AURORA,March,1,Wednesday,23,18,Urban,Medium Speed (Collector),No,39.74747778,-104.87169444,Complex/Circle,Dark - Lighted,Clear,11:00pm-11:59pm,18,11:00pm-11:59pm,20,11:00pm-11:59pm,25,1,Dark - Lighted,Clear,1,1,['Driver'],['None_Used'],1,1,Valid,0.0,0.0,39.0,16.0,"['Male', 'Male']",1,0,3,4,5,Dry,Straight,Level,Lowest,No
6501,8,Colorado,80089,0,4,4,0,6,NOT APPLICABLE,March,6,Monday,6,50,Rural,Medium Speed (Collector),No,38.83866111,-104.48694444,Non-Intersection,Daylight,Clear,Unknown,Unknown,Unknown EMS Scene Arrival Hour,Unknown EMS Scene Arrival Minutes,Unknown,Unknown EMS Hospital Arrival Time,2,Daylight,Clear,2,4,"['Front_Passenger', 'Rear_Seat']","['Shoulder_Lapbelt', 'Shoulder_Lapbelt']",0,0,Valid,0.0,1.0,40.0,16.0,"['Male', 'Male', 'Female', 'Male']",0,0,3,4,5,Dry,Straight,Level,Lowest,No
6502,8,Colorado,80090,0,1,1,0,6,NOT APPLICABLE,March,7,Tuesday,7,59,Rural,High Speed (Arterial),Yes,39.94979167,-103.59193333,Non-Intersection,Daylight,Cloudy,Unknown,Unknown,Unknown EMS Scene Arrival Hour,Unknown EMS Scene Arrival Minutes,Unknown,Unknown EMS Hospital Arrival Time,1,Daylight,Reduced Visibility,1,5,['Rear_Seat'],['None_Used'],0,0,Valid,1.0,0.0,32.0,32.0,['Female'],6,0,3,4,3,Icy/Snowy,Straight,Level,Lowest,No
6503,8,Colorado,80091,1,1,1,0,1,NOT APPLICABLE,March,8,Wednesday,18,48,Rural,High Speed (Arterial),Yes,37.65407222,-105.8704,Non-Intersection,Dark - Not Lighted,Clear,Unknown,Unknown,Unknown EMS Scene Arrival Hour,Unknown EMS Scene Arrival Minutes,Not Applicable (Not Transported),Not Applicable (Not Transported),1,Dark - Unlighted,Clear,0,1,[],[],0,0,Valid,0.0,1.0,35.0,35.0,['Male'],0,0,3,3,4,Dry,Straight,Level,Lowest,No
6504,8,Colorado,80092,0,2,2,0,2,DENVER,March,4,Saturday,14,39,Urban,High Speed (Arterial),Yes,39.78370278,-105.04458333,Non-Intersection,Daylight,Clear,2:00pm-2:59pm,39,2:00pm-2:59pm,50,Not Applicable (Not Transported),Not Applicable (Not Transported),1,Daylight,Clear,1,1,['Driver'],['None_Used'],0,0,Valid,1.0,0.0,39.0,20.0,"['Male', 'Male']",0,0,5,3,5,Dry,Curve,Level,Lowest,No
6505,8,Colorado,80093,0,2,2,0,6,NOT APPLICABLE,March,11,Saturday,10,57,Rural,High Speed (Arterial),Yes,38.074425,-105.91685278,Non-Intersection,Daylight,Sleet or Hail,Unknown,Unknown,Unknown EMS Scene Arrival Hour,Unknown EMS Scene Arrival Minutes,Unknown,Unknown EMS Hospital Arrival Time,2,Daylight,Snow/Ice/Severe,2,4,"['Driver', 'Front_Passenger']","['Shoulder_Lapbelt', 'Shoulder_Lapbelt']",0,0,Valid,0.0,1.0,45.0,33.0,"['Female', 'Male']",4,0,3,4,5,Icy/Snowy,Straight,Level,Lowest,No
6506,8,Colorado,80094,0,2,1,1,1,CENTENNIAL,March,11,Saturday,14,42,Urban,Low Speed (Local),No,39.59015278,-104.91144444,Non-Intersection,Daylight,Cloudy,2:00pm-2:59pm,42,2:00pm-2:59pm,47,Not Applicable (Not Transported),Not Applicable (Not Transported),1,Daylight,Reduced Visibility,1,0,['Driver'],['None_Used'],1,1,Valid,0.0,0.0,19.0,19.0,['Male'],1,0,5,4,3,Dry,Curve,Grade/Hillcrest,Lowest,No
6507,8,Colorado,80095,0,2,2,0,2,AURORA,March,12,Sunday,1,55,Urban,Medium Speed (Collector),No,39.72554722,-104.86990556,Non-Intersection,Dark - Lighted,Clear,1:00am-1:59am,57,3:00am-3:59am,0,3:00am-3:59am,15,1,Dark - Lighted,Clear,1,1,['Driver'],['None_Used'],1,1,Valid,1.0,0.0,58.0,42.0,"['Male', 'Male']",0,0,3,4,5,Dry,Straight,Level,Lowest,No
6508,8,Colorado,80096,0,1,1,0,2,NOT APPLICABLE,March,13,Monday,20,50,Rural,High Speed (Arterial),Yes,40.23072222,-105.28602222,Non-Intersection,Dark - Not Lighted,Clear,8:00pm-8:59pm,50,9:00pm-9:59pm,9,9:00pm-9:59pm,43,1,Dark - Unlighted,Clear,1,1,['Driver'],['None_Used'],1,1,Valid,0.0,1.0,35.0,35.0,['Female'],2,0,3,4,3,Dry,Curve,Grade/Hillcrest,Lowest,No
6509,8,Colorado,80097,0,2,2,0,3,NOT APPLICABLE,March,14,Tuesday,7,55,Rural,Medium Speed (Collector),No,40.18912222,-105.25158333,Simple Junction,Daylight,Clear,8:00am-8:59am,3,8:00am-8:59am,13,Not Applicable (Not Transported),Not Applicable (Not Transported),1,Daylight,Clear,1,2,['Driver'],['Shoulder_Lapbelt'],0,0,Valid,0.0,4.0,78.0,32.0,"['Female', 'Male']",0,0,4,4,5,Dry,Straight,Grade/Hillcrest,Lowest,No
6510,8,Colorado,80098,0,1,1,0,1,NOT APPLICABLE,March,14,Tuesday,23,48,Rural,High Speed (Arterial),Yes,40.3025,-104.34480556,Non-Intersection,Dark - Not Lighted,Clear,11:00pm-11:59pm,48,0:00am-0:59am,3,Not Applicable (Not Transported),Not Applicable (Not Transported),1,Dark - Unlighted,Clear,1,0,['Driver'],['Shoulder_Lapbelt'],0,0,Valid,0.0,2.0,29.0,29.0,['Male'],0,0,4,4,3,Dry,Straight,Grade/Hillcrest,Lowest,No
6511,8,Colorado,80099,0,2,2,0,3,AURORA,March,14,Tuesday,15,54,Urban,Medium Speed (Collector),No,39.68201667,-104.72533333,Complex/Circle,Daylight,Clear,3:00pm-3:59pm,54,4:00pm-4:59pm,1,4:00pm-4:59pm,31,1,Daylight,Clear,1,2,['Driver'],['Shoulder_Lapbelt'],0,0,Valid,0.0,0.0,48.0,40.0,"['Female', 'Male']",0,0,3,1,5,Dry,Straight,Level,Lowest,No
6512,8,Colorado,80100,1,1,1,0,1,FOUNTAIN,March,9,Thursday,21,0,Urban,High Speed (Arterial),Yes,38.76493889,-104.77683333,Non-Intersection,Dark - Not Lighted,Clear,Unknown,Unknown,Unknown EMS Scene Arrival Hour,Unknown EMS Scene Arrival Minutes,Unknown,Unknown EMS Hospital Arrival Time,1,Dark - Unlighted,Clear,0,1,[],[],0,0,Invalid,0.0,0.0,34.0,34.0,['Male'],0,0,3,3,4,Dry,Straight,Grade/Hillcrest,Lowest,No