,State_Code,State_Name,Crash_ID,Count_Non_Motorists,Count_Vehicles_Total,Count_Vehicle_Forms,Count_PVH_Involved,Count_Occupants_MV,City_Name,Month_Name,Day_of_Month,Day_of_Week,Crash_Hour,Crash_Minute,Area_Rural_Urban,Road_Functional_Class,On_NHS_Road,Latitude,Longitude,Intersection_Type,Light_Condition,Weather_Condition,Notif_Hour,Notif_Minute,Arrival_Hour,Arrival_Minute,Hospital_Hour,Hospital_Minute,Fatalities_Count,Clean_Light_Condition,Clean_Weather_Condition,Total_Killed,Total_Alive,Fatal_Seats_List,Killed_Restraint_List,Any_Driver_Drinking,Total_Drinking_Drivers,Driver_License_Category,Driver_Max_Prev_Accident_Count,Driver_Max_Prev_Speeding_Count,Max_Driver_Age,Min_Driver_Age,Driver_Sex_List,Total_Exceeding_Limit_Vehicles,Total_Too_Fast_Vehicles,Max_Vehicle_Type_Severity_5,Max_Vehicle_Damage_Rank,Max_Harmful_Event_Severity,Crash_Road_Surface_Condition,Crash_Horizontal_Alignment,Crash_Vertical_Profile,Crash_Impairment_Category,Crash_Vehicle_Defect
6513,8,Colorado,80101,0,2,2,0,2,NOT APPLICABLE,March,17,Friday,18,16,Rural,High Speed (Arterial),Yes,38.14655833,-104.06694722,Non-Intersection,Daylight,Clear,Unknown,Unknown,Unknown EMS Scene Arrival Hour,Unknown EMS Scene Arrival Minutes,Unknown,Unknown EMS Hospital Arrival Time,1,Daylight,Clear,1,1,['Driver'],['Shoulder_Lapbelt'],0,0,Valid,0.0,2.0,41.0,34.0,"['Male', 'Male']",0,0,2,4,5,Dry,Straight,Level,Lowest,No
6514,8,Colorado,80102,0,1,1,0,2,NOT APPLICABLE,March,18,Saturday,19,36,Rural,Low Speed (Local),No,39.78150833,-104.33827778,Non-Intersection,Dark - Not Lighted,Clear,Unknown,Unknown,Unknown EMS Scene Arrival Hour,Unknown EMS Scene Arrival Minutes,Unknown,Unknown EMS Hospital Arrival Time,1,Dark - Unlighted,Clear,1,1,['Front_Passenger'],['None_Used'],1,1,Invalid,0.0,0.0,17.0,17.0,['Male'],2,0,2,4,3,Dry,Straight,Grade/Hillcrest,Lowest,No
6515,8,Colorado,80103,1,1,1,0,1,DENVER,March,24,Friday,20,7,Urban,High Speed (Arterial),Yes,39.73787222,-105.02528611,Complex/Circle,Dark - Lighted,Clear,8:00pm-8:59pm,7,8:00pm-8:59pm,20,Not Applicable (Not Transported),Not Applicable (Not Transported),1,Dark - Lighted,Clear,0,1,[],[],1,1,Invalid,0.0,1.0,42.0,42.0,['Male'],0,0,3,1,4,Dry,Straight,Level,Lowest,No
6516,8,Colorado,80104,0,1,1,0,1,NOT APPLICABLE,March,20,Monday,0,30,Rural,High Speed (Arterial),Yes,39.29319444,-102.88055556,Non-Intersection,Dark - Not Lighted,Clear,Unknown,Unknown,Unknown EMS Scene Arrival Hour,Unknown EMS Scene Arrival Minutes,Not Applicable (Not Transported),Not Applicable (Not Transported),1,Dark - Unlighted,Clear,1,0,['Driver'],['None_Used'],1,1,Valid,0.0,0.0,29.0,29.0,['Female'],0,0,2,4,3,Dry,Curve,Level,Medium,No
6517,8,Colorado,80105,0,4,1,3,1,LAKEWOOD,March,18,Saturday,2,12,Urban,High Speed (Arterial),Yes,39.691025,-105.08168333,Non-Intersection,Dark - Lighted,Clear,2:00am-2:59am,14,2:00am-2:59am,19,Not Applicable (Not Transported),Not Applicable (Not Transported),1,Dark - Lighted,Clear,1,0,['Driver'],['None_Used'],1,1,Valid,0.0,0.0,27.0,27.0,['Male'],1,0,2,4,5,Dry,Straight,Level,Lowest,No
6518,8,Colorado,80106,1,1,1,0,1,GREELEY,March,15,Wednesday,20,51,Urban,High Speed (Arterial),Yes,40.39232778,-104.72923611,Non-Intersection,Dark - Not Lighted,Rain,8:00pm-8:59pm,51,8:00pm-8:59pm,57,9:00pm-9:59pm,7,1,Dark - Unlighted,Rain/Wind/Minor,0,1,[],[],0,0,Valid,0.0,0.0,28.0,28.0,['Male'],0,0,3,3,4,Wet/Standing Water,Straight,Grade/Hillcrest,Lowest,No
6519,8,Colorado,80107,1,1,1,0,3,GREELEY,March,22,Wednesday,0,36,Urban,High Speed (Arterial),Yes,40.39221389,-104.76568056,Non-Intersection,Dark - Not Lighted,Clear,0:00am-0:59am,38,0:00am-0:59am,42,Not Applicable (Not Transported),Not Applicable (Not Transported),1,Dark - Unlighted,Clear,0,3,[],[],0,0,Valid,0.0,0.0,29.0,29.0,['Male'],0,0,4,3,4,Dry,Straight,Level,Lowest,No
6520,8,Colorado,80108,1,1,1,0,1,COLORADO SPRINGS,March,22,Wednesday,7,21,Urban,High Speed (Arterial),Yes,38.89686667,-104.74506667,Non-Intersection,Dawn,Clear,7:00am-7:59am,21,Unknown EMS Scene Arrival Hour,Unknown EMS Scene Arrival Minutes,Not Applicable (Not Transported),Not Applicable (Not Transported),1,Twilight,Clear,0,1,[],[],0,0,Valid,0.0,0.0,17.0,17.0,['Female'],0,0,3,3,4,Dry,Straight,Level,Lowest,No
6521,8,Colorado,80109,0,2,2,0,2,AURORA,March,25,Saturday,22,50,Urban,High Speed (Arterial),Yes,39.69743889,-104.82942222,Non-Intersection,Dark - Lighted,Clear,10:00pm-10:59pm,50,10:00pm-10:59pm,55,Not Applicable (Not Transported),Not Applicable (Not Transported),1,Dark - Lighted,Clear,1,1,['Driver'],['None_Used'],1,1,Valid,0.0,0.0,54.0,47.0,"['Male', 'Male']",0,0,4,4,5,Dry,Straight,Grade/Hillcrest,Lowest,No
6522,8,Colorado,80110,0,2,2,0,2,NOT APPLICABLE,March,24,Friday,15,34,Rural,Medium Speed (Collector),No,38.14076111,-103.85684444,Non-Intersection,Daylight,Sleet or Hail,Unknown,Unknown,Unknown EMS Scene Arrival Hour,Unknown EMS Scene Arrival Minutes,Unknown,Unknown EMS Hospital Arrival Time,1,Daylight,Snow/Ice/Severe,1,1,['Driver'],['None_Used'],0,0,Valid,0.0,0.0,54.0,52.0,"['Female', 'Male']",1,0,3,4,5,Icy/Snowy,Curve,Level,Lowest,No
6523,8,Colorado,80112,0,1,1,0,1,AURORA,March,18,Saturday,19,29,Urban,Low Speed (Local),No,39.58078889,-104.67611111,Non-Intersection,Dusk,Clear,7:00pm-7:59pm,29,7:00pm-7:59pm,37,8:00pm-8:59pm,0,1,Twilight,Clear,1,0,['Driver'],['None_Used'],0,0,Valid,0.0,0.0,26.0,26.0,['Male'],1,0,3,4,3,Dry,Straight,Grade/Hillcrest,Lowest,No
6524,8,Colorado,80113,0,1,1,0,1,NOT APPLICABLE,March,30,Thursday,8,47,Rural,Low Speed (Local),No,40.35021111,-103.76217222,Non-Intersection,Daylight,"Fog, Smog, Smoke",8:00am-8:59am,53,9:00am-9:59am,1,9:00am-9:59am,35,1,Daylight,Reduced Visibility,1,0,['Driver'],['None_Used'],0,0,Invalid,0.0,0.0,24.0,24.0,['Male'],1,0,2,4,3,Dry,Curve,Level,Lowest,No
6525,8,Colorado,80114,0,2,2,0,2,NOT APPLICABLE,March,31,Friday,12,45,Rural,Medium Speed (Collector),No,40.11126111,-108.88615833,Non-Intersection,Daylight,Clear,Unknown,Unknown,Unknown EMS Scene Arrival Hour,Unknown EMS Scene Arrival Minutes,Unknown,Unknown EMS Hospital Arrival Time,1,Daylight,Clear,1,1,['Driver'],['Shoulder_Lapbelt'],1,1,Valid,0.0,1.0,60.0,58.0,"['Male', 'Male']",0,0,4,4,5,Dry,Straight,Level,Lowest,No
6526,8,Colorado,80115,0,2,2,0,2,THORNTON,March,31,Friday,22,19,Urban,High Speed (Arterial),Yes,39.88490278,-104.95900278,Simple Junction,Dark - Lighted,Clear,10:00pm-10:59pm,19,10:00pm-10:59pm,25,Unknown,Unknown EMS Hospital Arrival Time,1,Dark - Lighted,Clear,1,1,['Driver'],['None_Used'],1,1,Valid,0.0,0.0,62.0,24.0,"['Female', 'Female']",1,0,5,4,5,Dry,Straight,Grade/Hillcrest,Lowest,No
6527,8,Colorado,80116,0,2,2,0,2,NOT APPLICABLE,March,29,Wednesday,10,42,Rural,High Speed (Arterial),Yes,38.83520833,-104.64606111,Non-Intersection,Daylight,Clear,10:00am-10:59am,51,11:00am-11:59am,0,Unknown,Unknown EMS Hospital Arrival Time,1,Daylight,Clear,1,1,['Driver'],['Shoulder_Lapbelt'],0,0,Valid,0.0,2.0,42.0,37.0,"['Male', 'Male']",0,0,3,4,5,Dry,Straight,Level,Lowest,No
6528,8,Colorado,80117,1,1,1,0,1,DENVER,March,27,Monday,22,41,Urban,High Speed (Arterial),Yes,39.73297778,-105.05318611,Complex/Circle,Dark - Lighted,Clear,10:00pm-10:59pm,43,10:00pm-10:59pm,45,Not Applicable (Not Transported),Not Applicable (Not Transported),1,Dark - Lighted,Clear,0,1,[],[],1,1,Invalid,0.0,3.0,20.0,20.0,['Male'],0,0,2,4,4,Dry,Straight,Level,Lowest,No
6529,8,Colorado,80118,0,2,2,0,2,COLORADO SPRINGS,March,29,Wednesday,19,57,Urban,High Speed (Arterial),Yes,38.89441667,-104.71480556,Complex/Circle,Dark - Lighted,Clear,7:00pm-7:59pm,59,8:00pm-8:59pm,4,10:00pm-10:59pm,24,1,Dark - Lighted,Clear,1,1,['Driver'],['None_Used'],0,0,Valid,0.0,0.0,36.0,20.0,"['Male', 'Male']",1,0,5,4,5,Dry,Straight,Level,Lowest,No
6530,8,Colorado,80119,0,1,1,0,1,COLORADO SPRINGS,March,30,Thursday,18,49,Urban,High Speed (Arterial),Yes,38.91205,-104.7025,Non-Intersection,Daylight,Severe Crosswinds,6:00pm-6:59pm,52,6:00pm-6:59pm,53,Not Applicable (Not Transported),Not Applicable (Not Transported),1,Daylight,Rain/Wind/Minor,1,0,['Driver'],['None_Used'],1,1,Valid,1.0,1.0,62.0,62.0,['Male'],0,0,5,4,2,Dry,Curve,Grade/Hillcrest,Lowest,No
6531,8,Colorado,80120,0,1,1,0,1,COLORADO SPRINGS,March,25,Saturday,21,55,Urban,High Speed (Arterial),Yes,38.95454167,-104.73083333,Non-Intersection,Dark - Lighted,Clear,10:00pm-10:59pm,11,10:00pm-10:59pm,13,Not Applicable (Not Transported),Not Applicable (Not Transported),1,Dark - Lighted,Clear,1,0,['Driver'],['None_Used'],1,1,Valid,0.0,0.0,61.0,61.0,['Female'],0,0,3,4,3,Dry,Curve,Grade/Hillcrest,Lowest,No
6532,8,Colorado,80121,0,2,2,0,2,AURORA,March,31,Friday,20,13,Urban,Medium Speed (Collector),No,39.68568333,-104.8075,Complex/Circle,Dark - Lighted,Clear,8:00pm-8:59pm,15,8:00pm-8:59pm,20,Not Applicable (Not Transported),Not Applicable (Not Transported),1,Dark - Lighted,Clear,1,1,['Driver'],['None_Used'],1,1,Valid,0.0,1.0,59.0,18.0,"['Male', 'Male']",1,0,5,4,5,Dry,Straight,Level,Lowest,No
6533,8,Colorado,80122,0,1,1,0,1,DENVER,March,30,Thursday,9,20,Urban,High Speed (Arterial),Yes,39.75417778,-104.98752222,Complex/Circle,Daylight,Clear,9:00am-9:59am,20,9:00am-9:59am,26,9:00am-9:59am,33,1,Daylight,Clear,1,0,['Driver'],['None_Used'],0,0,Invalid,0.0,0.0,54.0,54.0,['Male'],0,0,5,2,3,Dry,Straight,Level,Lowest,No
6534,8,Colorado,80123,0,2,2,0,3,FORT LUPTON,March,7,Tuesday,11,10,Urban,High Speed (Arterial),Yes,40.08027778,-104.77281389,Simple Junction,Daylight,Clear,11:00am-11:59am,10,11:00am-11:59am,10,Unknown,Unknown EMS Hospital Arrival Time,1,Daylight,Clear,1,2,['Driver'],['Shoulder_Lapbelt'],0,0,Invalid,0.0,2.0,27.0,21.0,"['Female', 'Male']",0,0,4,4,5,Dry,Straight,Level,Lowest,No
6535,8,Colorado,80124,0,2,2,0,3,LAFAYETTE,March,20,Monday,12,57,Urban,High Speed (Arterial),Yes,39.96734444,-105.09010556,Complex/Circle,Daylight,Clear,Unknown,Unknown,Unknown EMS Scene Arrival Hour,Unknown EMS Scene Arrival Minutes,Unknown,Unknown EMS Hospital Arrival Time,1,Daylight,Clear,1,2,['Front_Passenger'],['None_Used'],0,0,Valid,0.0,0.0,79.0,66.0,"['Male', 'Female']",0,0,3,4,5,Dry,Straight,Level,Lowest,No
6536,8,Colorado,80125,0,1,1,0,4,DENVER,March,5,Sunday,1,19,Urban,High Speed (Arterial),Yes,39.79171111,-104.78816111,Non-Intersection,Dark - Lighted,Clear,1:00am-1:59am,22,1:00am-1:59am,26,2:00am-2:59am,0,1,Dark - Lighted,Clear,1,3,['Driver'],['Shoulder_Lapbelt'],1,1,Valid,0.0,0.0,32.0,32.0,['Male'],0,0,3,4,3,Dry,Straight,Level,Medium,No
6537,8,Colorado,80126,1,2,2,0,2,DENVER,February,12,Sunday,19,59,Urban,High Speed (Arterial),Yes,39.78345833,-105.01075,Non-Intersection,Dark - Lighted,Clear,8:00pm-8:59pm,10,8:00pm-8:59pm,18,Not Applicable (Not Transported),Not Applicable (Not Transported),1,Dark - Lighted,Clear,0,2,[],[],0,0,Valid,0.0,2.0,998.0,20.0,"['Male', 'Other']",0,0,3,3,4,Dry,Straight,Level,Lowest,No
6538,8,Colorado,80127,0,2,2,0,2,NOT APPLICABLE,April,1,Saturday,10,25,Rural,Medium Speed (Collector),No,40.54330556,-106.39760278,Non-Intersection,Daylight,Not Reported,Unknown,Unknown,Unknown EMS Scene Arrival Hour,Unknown EMS Scene Arrival Minutes,Not Applicable (Not Transported),Not Applicable (Not Transported),1,Daylight,Clear,1,1,['Driver'],['Shoulder_Lapbelt'],0,0,Valid,0.0,0.0,82.0,65.0,"['Male', 'Male']",0,0,4,4,5,Dry,Curve,Level,Lowest,No
6539,8,Colorado,80128,0,1,1,0,1,NOT APPLICABLE,April,2,Sunday,2,33,Rural,High Speed (Arterial),Yes,39.70676667,-106.72138889,Non-Intersection,Dark - Not Lighted,Clear,2:00am-2:59am,33,2:00am-2:59am,43,Not Applicable (Not Transported),Not Applicable (Not Transported),1,Dark - Unlighted,Clear,1,0,['Driver'],['None_Used'],1,1,Valid,0.0,2.0,57.0,57.0,['Male'],1,0,2,4,3,Dry,Curve,Level,Lowest,No
6540,8,Colorado,80129,0,1,1,0,1,WESTMINSTER,April,2,Sunday,18,35,Urban,Low Speed (Local),No,39.88078056,-105.111725,Non-Intersection,Daylight,Clear,6:00pm-6:59pm,37,6:00pm-6:59pm,40,7:00pm-7:59pm,0,1,Daylight,Clear,1,0,['Driver'],['None_Used'],1,1,Valid,0.0,0.0,58.0,58.0,['Male'],1,0,5,4,3,Dry,Straight,Level,Lowest,No
6541,8,Colorado,80130,0,2,2,0,2,NOT APPLICABLE,April,2,Sunday,12,38,Rural,High Speed (Arterial),Yes,37.35419444,-108.25675278,Non-Intersection,Daylight,Clear,12:00pm-12:59pm,40,12:00pm-12:59pm,44,Not Applicable (Not Transported),Not Applicable (Not Transported),1,Daylight,Clear,1,1,['Driver'],['None_Used'],0,0,Valid,1.0,0.0,53.0,18.0,"['Male', 'Male']",0,0,3,4,5,Dry,Curve,Level,Lowest,No
6542,8,Colorado,80131,0,2,2,0,6,COLORADO SPRINGS,April,2,Sunday,14,12,Urban,High Speed (Arterial),Yes,38.83803611,-104.82146111,Complex/Circle,Daylight,Clear,2:00pm-2:59pm,12,2:00pm-2:59pm,15,2:00pm-2:59pm,24,1,Daylight,Clear,1,5,['Driver'],['None_Used'],0,0,Valid,0.0,1.0,67.0,24.0,"['Male', 'Male']",0,0,5,4,5,Dry,Straight,Level,Lowest,No
6543,8,Colorado,80132,0,1,1,0,1,AURORA,April,2,Sunday,9,48,Urban,Medium Speed (Collector),No,39.69460556,-104.77245556,Non-Intersection,Daylight,Clear,9:00am-9:59am,48,9:00am-9:59am,50,10:00am-10:59am,8,1,Daylight,Clear,1,0,['Driver'],['None_Used'],0,0,Valid,0.0,0.0,73.0,73.0,['Male'],0,0,5,3,3,Dry,Straight,Grade/Hillcrest,Lowest,No
6544,8,Colorado,80133,0,1,1,0,5,NOT APPLICABLE,April,4,Tuesday,17,36,Rural,Medium Speed (Collector),No,37.36629722,-103.04666944,Non-Intersection,Daylight,Not Reported,Unknown,Unknown,Unknown EMS Scene Arrival Hour,Unknown EMS Scene Arrival Minutes,Unknown,Unknown EMS Hospital Arrival Time,1,Daylight,Clear,1,4,['Rear_Seat'],['None_Used'],0,0,Invalid,0.0,0.0,36.0,36.0,['Male'],5,0,2,4,3,Dry,Straight,Grade/Hillcrest,Lowest,No
6545,8,Colorado,80134,0,1,1,0,3,NOT APPLICABLE,April,4,Tuesday,7,48,Rural,High Speed (Arterial),Yes,40.24004444,-104.07144167,Non-Intersection,Daylight,Snow,7:00am-7:59am,48,Unknown EMS Scene Arrival Hour,Unknown EMS Scene Arrival Minutes,Unknown,Unknown EMS Hospital Arrival Time,1,Daylight,Snow/Ice/Severe,1,2,['Driver'],['Shoulder_Lapbelt'],0,0,Valid,0.0,2.0,62.0,62.0,['Male'],3,0,3,4,3,Wet/Standing Water,Straight,Level,Lowest,No
6546,8,Colorado,80135,0,1,1,0,1,LONGMONT,April,4,Tuesday,7,33,Urban,Medium Speed (Collector),No,40.15305556,-105.13055,Non-Intersection,Daylight,Snow,7:00am-7:59am,34,7:00am-7:59am,40,Not Applicable (Not Transported),Not Applicable (Not Transported),1,Daylight,Snow/Ice/Severe,1,0,['Driver'],['None_Used'],1,1,Invalid,0.0,0.0,59.0,59.0,['Male'],0,0,3,4,3,Icy/Snowy,Straight,Level,Lowest,No
6547,8,Colorado,80136,0,1,1,0,3,THORNTON,April,4,Tuesday,23,48,Urban,High Speed (Arterial),Yes,39.89472222,-104.94015278,Non-Intersection,Dark - Lighted,Clear,Unknown,Unknown,Unknown EMS Scene Arrival Hour,Unknown EMS Scene Arrival Minutes,Unknown,Unknown EMS Hospital Arrival Time,1,Dark - Lighted,Clear,1,2,['Rear_Seat'],['None_Used'],0,0,Valid,0.0,0.0,18.0,18.0,['Male'],3,0,2,4,2,Dry,Straight,Grade/Hillcrest,Lowest,No
6548,8,Colorado,80137,1,1,1,0,1,DENVER,April,6,Thursday,5,57,Rural,Low Speed (Local),No,39.74233889,-104.98674444,Non-Intersection,Dark - Not Lighted,Clear,5:00am-5:59am,58,6:00am-6:59am,3,Not Applicable (Not Transported),Not Applicable (Not Transported),1,Dark - Unlighted,Clear,0,1,[],[],0,0,Valid,0.0,0.0,52.0,52.0,['Male'],0,0,4,1,4,Dry,Straight,Level,Lowest,No
6549,8,Colorado,80138,0,2,2,0,2,LAKEWOOD,April,4,Tuesday,12,19,Urban,High Speed (Arterial),Yes,39.69767222,-105.08143056,Non-Intersection,Daylight,Snow,12:00pm-12:59pm,21,12:00pm-12:59pm,25,Unknown,Unknown EMS Hospital Arrival Time,1,Daylight,Snow/Ice/Severe,1,1,['Driver'],['None_Used'],1,1,Invalid,1.0,0.0,54.0,23.0,"['Male', 'Male']",1,0,2,4,5,Wet/Standing Water,Straight,Level,Lowest,No
6550,8,Colorado,80139,0,1,1,0,2,NOT APPLICABLE,April,6,Thursday,13,15,Rural,Medium Speed (Collector),No,38.13145,-108.22960278,Non-Intersection,Daylight,Clear,Unknown,Unknown,Unknown EMS Scene Arrival Hour,Unknown EMS Scene Arrival Minutes,Unknown,Unknown EMS Hospital Arrival Time,1,Daylight,Clear,1,1,['Driver'],['None_Used'],0,0,Valid,0.0,0.0,41.0,41.0,['Male'],0,0,3,4,3,Dry,Curve,Grade/Hillcrest,Lowest,No
6551,8,Colorado,80140,0,2,2,0,3,NOT APPLICABLE,April,8,Saturday,13,48,Rural,High Speed (Arterial),Yes,39.48182222,-104.99401111,Complex/Circle,Daylight,Clear,1:00pm-1:59pm,49,1:00pm-1:59pm,55,2:00pm-2:59pm,15,1,Daylight,Clear,1,2,['Driver'],['None_Used'],0,0,Valid,0.0,3.0,81.0,45.0,"['Male', 'Male']",0,0,5,4,5,Dry,Straight,Level,Lowest,No
6552,8,Colorado,80141,1,1,1,0,1,LAKEWOOD,April,7,Friday,21,54,Urban,High Speed (Arterial),Yes,39.72604444,-105.08165556,Non-Intersection,Dark - Lighted,Clear,9:00pm-9:59pm,55,9:00pm-9:59pm,57,Unknown,Unknown EMS Hospital Arrival Time,1,Dark - Lighted,Clear,0,1,[],[],1,1,Valid,0.0,1.0,30.0,30.0,['Male'],0,0,3,3,4,Dry,Straight,Level,Lowest,No
6553,8,Colorado,80142,1,1,1,0,2,AURORA,April,4,Tuesday,12,14,Urban,High Speed (Arterial),Yes,39.70641944,-104.79065,Complex/Circle,Daylight,Snow,12:00pm-12:59pm,14,12:00pm-12:59pm,16,12:00pm-12:59pm,26,1,Daylight,Snow/Ice/Severe,0,2,[],[],0,0,Valid,0.0,0.0,24.0,24.0,['Male'],0,0,1,2,4,Wet/Standing Water,Straight,Level,Lowest,No
6554,8,Colorado,80143,0,2,2,0,2,LOVELAND,April,6,Thursday,1,38,Urban,High Speed (Arterial),Yes,40.40709722,-104.99361944,Non-Intersection,Dark - Lighted,Clear,1:00am-1:59am,40,1:00am-1:59am,49,Unknown,Unknown EMS Hospital Arrival Time,1,Dark - Lighted,Clear,1,1,['Driver'],['Shoulder_Lapbelt'],1,1,Valid,0.0,0.0,33.0,17.0,"['Male', 'Female']",0,0,3,4,5,Dry,Straight,Level,Lowest,No
6555,8,Colorado,80144,0,2,2,0,4,NOT APPLICABLE,April,10,Monday,14,27,Rural,Medium Speed (Collector),No,40.52400833,-104.77490556,Complex/Circle,Daylight,Clear,Unknown,Unknown,Unknown EMS Scene Arrival Hour,Unknown EMS Scene Arrival Minutes,Unknown,Unknown EMS Hospital Arrival Time,1,Daylight,Clear,1,3,['Driver'],['Shoulder_Lapbelt'],0,0,Valid,0.0,0.0,75.0,29.0,"['Female', 'Male']",0,0,3,4,5,Dry,Straight,Level,Lowest,No
6556,8,Colorado,80145,0,1,1,0,1,NOT APPLICABLE,April,10,Monday,22,30,Rural,Medium Speed (Collector),No,40.2037,-104.66045,Simple Junction,Dark - Not Lighted,Clear,6:00am-6:59am,12,6:00am-6:59am,30,Not Applicable (Not Transported),Not Applicable (Not Transported),1,Dark - Unlighted,Clear,1,0,['Driver'],['None_Used'],1,1,Valid,0.0,0.0,34.0,34.0,['Male'],1,0,3,4,3,Dry,Straight,Level,Lowest,No
6557,8,Colorado,80146,1,1,1,0,1,NOT APPLICABLE,April,11,Tuesday,19,30,Urban,Low Speed (Local),No,39.83445,-104.914575,Simple Junction,Daylight,Clear,7:00pm-7:59pm,30,Unknown EMS Scene Arrival Hour,Unknown EMS Scene Arrival Minutes,Not Applicable (Not Transported),Not Applicable (Not Transported),1,Daylight,Clear,0,1,[],[],0,0,Valid,0.0,0.0,38.0,38.0,['Male'],1,0,3,3,4,Dry,Straight,Level,Lowest,No
6558,8,Colorado,80147,0,1,1,0,1,NOT APPLICABLE,April,10,Monday,2,8,Rural,High Speed (Arterial),Yes,37.45024167,-106.88811111,Non-Intersection,Dark - Not Lighted,Clear,2:00pm-2:59pm,38,3:00pm-3:59pm,1,Not Applicable (Not Transported),Not Applicable (Not Transported),1,Dark - Unlighted,Clear,1,0,['Driver'],['Shoulder_Lapbelt'],0,0,Valid,0.0,0.0,40.0,40.0,['Male'],1,0,4,4,3,Dry,Curve,Grade/Hillcrest,Lowest,No
6559,8,Colorado,80148,1,1,1,0,1,LOVELAND,April,6,Thursday,13,19,Rural,Low Speed (Local),No,40.45726667,-105.080175,Non-Intersection,Daylight,Clear,1:00pm-1:59pm,19,1:00pm-1:59pm,23,Not Applicable (Not Transported),Not Applicable (Not Transported),1,Daylight,Clear,0,1,[],[],0,0,Valid,0.0,0.0,83.0,83.0,['Female'],0,0,3,2,4,Dry,Straight,Non-Trafficway,Lowest,No
6560,8,Colorado,80149,0,1,1,0,1,NOT APPLICABLE,April,17,Monday,15,45,Rural,High Speed (Arterial),Yes,40.7638,-102.95451111,Non-Intersection,Daylight,Clear,3:00pm-3:59pm,47,4:00pm-4:59pm,1,Not Applicable (Not Transported),Not Applicable (Not Transported),1,Daylight,Clear,1,0,['Driver'],['Shoulder_Lapbelt'],0,0,Valid,0.0,0.0,77.0,77.0,['Female'],1,0,3,4,3,Dry,Straight,Level,Medium,No
6561,8,Colorado,80150,0,2,2,0,2,NOT APPLICABLE,April,12,Wednesday,7,25,Rural,Medium Speed (Collector),No,39.04785,-105.56642222,Non-Intersection,Daylight,Clear,Unknown,Unknown,Unknown EMS Scene Arrival Hour,Unknown EMS Scene Arrival Minutes,Unknown,Unknown EMS Hospital Arrival Time,1,Daylight,Clear,1,1,['Driver'],['None_Used'],0,0,Valid,0.0,1.0,57.0,23.0,"['Male', 'Male']",1,0,3,4,5,Dry,Straight,Grade/Hillcrest,Lowest,No
6562,8,Colorado,80151,0,3,3,0,3,NOT APPLICABLE,April,13,Thursday,8,55,Rural,High Speed (Arterial),Yes,40.32867222,-104.42208333,Non-Intersection,Daylight,Clear,8:00am-8:59am,54,9:00am-9:59am,4,9:00am-9:59am,28,1,Daylight,Clear,1,2,['Driver'],['None_Used'],1,1,Valid,0.0,0.0,43.0,30.0,"['Male', 'Male', 'Male']",0,0,3,4,5,Dry,Straight,Grade/Hillcrest,Lowest,No
6563,8,Colorado,80152,1,1,1,0,2,NOT APPLICABLE,April,12,Wednesday,14,58,Urban,Medium Speed (Collector),No,38.85798333,-104.7004,Complex/Circle,Daylight,Clear,Unknown,Unknown,Unknown EMS Scene Arrival Hour,Unknown EMS Scene Arrival Minutes,Unknown,Unknown EMS Hospital Arrival Time,1,Daylight,Clear,0,2,[],[],0,0,Valid,0.0,0.0,56.0,56.0,['Male'],0,0,3,1,4,Dry,Straight,Level,Lowest,No
6564,8,Colorado,80153,0,1,1,0,7,NOT APPLICABLE,April,13,Thursday,17,26,Urban,Medium Speed (Collector),No,39.04845833,-108.44889444,Non-Intersection,Daylight,Clear,Unknown,Unknown,Unknown EMS Scene Arrival Hour,Unknown EMS Scene Arrival Minutes,Unknown,Unknown EMS Hospital Arrival Time,1,Daylight,Clear,1,6,['Front_Passenger'],['None_Used'],1,1,Valid,0.0,0.0,18.0,18.0,['Female'],7,0,2,4,3,Dry,Straight,Level,Lowest,No
6565,8,Colorado,80154,0,2,2,0,6,NOT APPLICABLE,April,14,Friday,17,0,Rural,High Speed (Arterial),Yes,37.19083333,-107.75584167,Non-Intersection,Daylight,Clear,Unknown,Unknown,Unknown EMS Scene Arrival Hour,Unknown EMS Scene Arrival Minutes,Unknown,Unknown EMS Hospital Arrival Time,1,Daylight,Clear,1,5,['Driver'],['Shoulder_Lapbelt'],1,1,Valid,0.0,0.0,30.0,22.0,"['Female', 'Male']",0,0,3,4,5,Dry,Curve,Grade/Hillcrest,Lowest,No
6566,8,Colorado,80155,0,1,1,0,2,NOT APPLICABLE,April,15,Saturday,0,49,Rural,High Speed (Arterial),Yes,39.73172222,-105.42680833,Non-Intersection,Dark - Not Lighted,Snow,0:00am-0:59am,49,0:00am-0:59am,57,1:00am-1:59am,30,1,Dark - Unlighted,Snow/Ice/Severe,1,1,['Front_Passenger'],['None_Used'],0,0,Invalid,1.0,0.0,33.0,33.0,['Male'],2,0,3,4,3,Icy/Snowy,Straight,Grade/Hillcrest,Lowest,No
6567,8,Colorado,80156,0,1,1,0,2,NOT APPLICABLE,April,16,Sunday,18,32,Rural,Medium Speed (Collector),No,37.26644444,-104.46758889,Non-Intersection,Daylight,Clear,Unknown,Unknown,Unknown EMS Scene Arrival Hour,Unknown EMS Scene Arrival Minutes,Unknown,Unknown EMS Hospital Arrival Time,1,Daylight,Clear,1,1,['Front_Passenger'],['None_Used'],1,1,Invalid,0.0,0.0,37.0,37.0,['Male'],2,0,3,4,3,Dry,Straight,Grade/Hillcrest,Lowest,No
6568,8,Colorado,80157,0,2,2,0,2,BRIGHTON,April,16,Sunday,21,28,Urban,Medium Speed (Collector),No,40.00043611,-104.77231667,Simple Junction,Dark - Not Lighted,Clear,9:00pm-9:59pm,29,Unknown EMS Scene Arrival Hour,Unknown EMS Scene Arrival Minutes,Unknown,Unknown EMS Hospital Arrival Time,1,Dark - Unlighted,Clear,1,1,['Driver'],['None_Used'],1,1,Invalid,1.0,0.0,63.0,39.0,"['Male', 'Male']",0,0,5,4,5,Dry,Straight,Level,Lowest,No