,State_Code,State_Name,Crash_ID,Count_Non_Motorists,Count_Vehicles_Total,Count_Vehicle_Forms,Count_PVH_Involved,Count_Occupants_MV,City_Name,Month_Name,Day_of_Month,Day_of_Week,Crash_Hour,Crash_Minute,Area_Rural_Urban,Road_Functional_Class,On_NHS_Road,Latitude,Longitude,Intersection_Type,Light_Condition,Weather_Condition,Notif_Hour,Notif_Minute,Arrival_Hour,Arrival_Minute,Hospital_Hour,Hospital_Minute,Fatalities_Count,Clean_Light_Condition,Clean_Weather_Condition,Total_Killed,Total_Alive,Fatal_Seats_List,Killed_Restraint_List,Any_Driver_Drinking,Total_Drinking_Drivers,Driver_License_Category,Driver_Max_Prev_Accident_Count,Driver_Max_Prev_Speeding_Count,Max_Driver_Age,Min_Driver_Age,Driver_Sex_List,Total_Exceeding_Limit_Vehicles,Total_Too_Fast_Vehicles,Max_Vehicle_Type_Severity_5,Max_Vehicle_Damage_Rank,Max_Harmful_Event_Severity,Crash_Road_Surface_Condition,Crash_Horizontal_Alignment,Crash_Vertical_Profile,Crash_Impairment_Category,Crash_Vehicle_Defect
6569,8,Colorado,80158,0,1,1,0,1,COMMERCE CITY,April,8,Saturday,13,53,Urban,Medium Speed (Collector),No,39.83068889,-104.92691667,Non-Intersection,Daylight,Cloudy,Unknown,Unknown,Unknown EMS Scene Arrival Hour,Unknown EMS Scene Arrival Minutes,Unknown,Unknown EMS Hospital Arrival Time,1,Daylight,Reduced Visibility,1,0,['Driver'],['None_Used'],1,1,Valid,0.0,0.0,76.0,76.0,['Male'],0,0,3,4,3,Dry,Straight,Level,Lowest,No
6570,8,Colorado,80159,0,2,2,0,2,NOT APPLICABLE,April,12,Wednesday,10,14,Rural,High Speed (Arterial),Yes,37.27100833,-108.00561111,Non-Intersection,Daylight,Clear,10:00am-10:59am,16,10:00am-10:59am,27,10:00am-10:59am,57,2,Daylight,Clear,2,0,"['Driver', 'Driver']","['Shoulder_Lapbelt', 'Shoulder_Lapbelt']",0,0,Invalid,0.0,0.0,58.0,46.0,"['Male', 'Female']",0,0,3,4,5,Dry,Curve,Grade/Hillcrest,Medium,No
6571,8,Colorado,80160,0,1,1,0,1,PUEBLO,April,15,Saturday,7,23,Urban,High Speed (Arterial),Yes,38.21854722,-104.63081944,Non-Intersection,Daylight,Clear,7:00am-7:59am,24,7:00am-7:59am,27,Not Applicable (Not Transported),Not Applicable (Not Transported),1,Daylight,Clear,1,0,['Driver'],['None_Used'],1,1,Valid,0.0,0.0,23.0,23.0,['Male'],1,0,2,4,2,Dry,Straight,Level,Lowest,No
6572,8,Colorado,80161,1,1,1,0,1,ENGLEWOOD,April,12,Wednesday,6,12,Urban,High Speed (Arterial),Yes,39.65315556,-104.99961944,Complex/Circle,Dawn,Clear,6:00am-6:59am,12,6:00am-6:59am,15,Not Applicable (Not Transported),Not Applicable (Not Transported),1,Twilight,Clear,0,1,[],[],0,0,Valid,0.0,0.0,47.0,47.0,['Male'],0,0,3,3,4,Dry,Straight,Grade/Hillcrest,Lowest,No
6573,8,Colorado,80162,0,2,2,0,3,NOT APPLICABLE,April,19,Wednesday,15,5,Rural,Medium Speed (Collector),No,40.37172222,-104.48863333,Non-Intersection,Daylight,Rain,3:00pm-3:59pm,3,3:00pm-3:59pm,13,Not Applicable (Not Transported),Not Applicable (Not Transported),1,Daylight,Rain/Wind/Minor,1,2,['Front_Passenger'],['None_Used'],0,0,Valid,1.0,2.0,33.0,32.0,"['Male', 'Male']",0,0,4,4,5,Wet/Standing Water,Straight,Level,Lowest,No
6574,8,Colorado,80163,1,1,1,0,1,ARVADA,April,17,Monday,22,46,Urban,High Speed (Arterial),Yes,39.81277222,-105.05320278,Complex/Circle,Daylight,Clear,10:00pm-10:59pm,46,10:00pm-10:59pm,53,11:00pm-11:59pm,10,1,Daylight,Clear,0,1,[],[],0,0,Valid,0.0,0.0,60.0,60.0,['Male'],0,0,3,3,4,Dry,Straight,Level,Lowest,No
6575,8,Colorado,80164,0,1,1,0,1,NOT APPLICABLE,April,20,Thursday,21,50,Rural,High Speed (Arterial),Yes,40.14249167,-107.821725,Non-Intersection,Dark - Not Lighted,Cloudy,7:00am-7:59am,30,Unknown EMS Scene Arrival Hour,Unknown EMS Scene Arrival Minutes,Not Applicable (Not Transported),Not Applicable (Not Transported),1,Dark - Unlighted,Reduced Visibility,1,0,['Driver'],['None_Used'],1,1,Valid,0.0,1.0,19.0,19.0,['Male'],1,0,3,4,3,Dry,Straight,Grade/Hillcrest,Lowest,No
6576,8,Colorado,80165,0,1,1,0,1,NOT APPLICABLE,April,21,Friday,10,30,Rural,High Speed (Arterial),Yes,37.55019444,-106.77602778,Non-Intersection,Daylight,Clear,Unknown,Unknown,Unknown EMS Scene Arrival Hour,Unknown EMS Scene Arrival Minutes,Not Applicable (Not Transported),Not Applicable (Not Transported),1,Daylight,Clear,1,0,['Driver'],['None_Used'],0,0,Valid,0.0,0.0,59.0,59.0,['Female'],1,0,3,4,3,Icy/Snowy,Curve,Grade/Hillcrest,Lowest,No
6577,8,Colorado,80166,1,1,1,0,1,WESTMINSTER,April,22,Saturday,3,16,Urban,High Speed (Arterial),Yes,39.94759444,-104.98828333,Non-Intersection,Dark - Lighted,Snow,3:00am-3:59am,16,3:00am-3:59am,20,3:00am-3:59am,50,1,Dark - Lighted,Snow/Ice/Severe,0,1,[],[],1,1,Valid,0.0,1.0,23.0,23.0,['Male'],0,0,3,4,4,Wet/Standing Water,Straight,Level,Lowest,No
6578,8,Colorado,80167,0,1,1,0,3,NOT APPLICABLE,April,25,Tuesday,5,21,Urban,High Speed (Arterial),Yes,39.03572222,-104.83980556,Non-Intersection,Dark - Not Lighted,Clear,Unknown,Unknown,Unknown EMS Scene Arrival Hour,Unknown EMS Scene Arrival Minutes,Unknown,Unknown EMS Hospital Arrival Time,1,Dark - Unlighted,Clear,1,2,['Rear_Seat'],['None_Used'],0,0,Valid,0.0,0.0,18.0,18.0,['Male'],0,0,2,4,3,Dry,Curve,Level,Medium,No
6579,8,Colorado,80168,0,1,1,0,2,AURORA,April,25,Tuesday,1,47,Urban,High Speed (Arterial),Yes,39.674825,-104.84480556,Non-Intersection,Dark - Lighted,Cloudy,1:00am-1:59am,48,1:00am-1:59am,52,2:00am-2:59am,10,1,Dark - Lighted,Reduced Visibility,1,1,['Driver'],['None_Used'],1,1,Invalid,1.0,0.0,26.0,26.0,['Female'],0,0,2,4,3,Dry,Straight,Level,Lowest,No
6580,8,Colorado,80169,1,1,1,0,1,GRAND JUNCTION,April,22,Saturday,13,31,Urban,Medium Speed (Collector),No,39.07724444,-108.52095,Simple Junction,Daylight,Clear,1:00pm-1:59pm,34,1:00pm-1:59pm,37,1:00pm-1:59pm,57,1,Daylight,Clear,0,1,[],[],0,0,Valid,0.0,0.0,57.0,57.0,['Male'],0,0,3,1,4,Dry,Straight,Level,Lowest,No
6581,8,Colorado,80170,0,2,2,0,3,NOT APPLICABLE,April,26,Wednesday,15,17,Urban,Medium Speed (Collector),No,39.57820833,-104.82312778,Simple Junction,Daylight,Clear,3:00pm-3:59pm,17,3:00pm-3:59pm,18,3:00pm-3:59pm,42,2,Daylight,Clear,2,1,"['Driver', 'Front_Passenger']","['Shoulder_Lapbelt', 'Shoulder_Lapbelt']",0,0,Valid,0.0,0.0,69.0,58.0,"['Male', 'Male']",1,0,3,4,5,Dry,Straight,Level,Lowest,No
6582,8,Colorado,80171,0,3,3,0,3,COMMERCE CITY,April,26,Wednesday,21,47,Urban,Medium Speed (Collector),No,39.79103611,-104.93579444,Non-Intersection,Dark - Lighted,Clear,9:00pm-9:59pm,28,9:00pm-9:59pm,32,9:00pm-9:59pm,48,1,Dark - Lighted,Clear,1,2,['Driver'],['None_Used'],1,1,Valid,0.0,0.0,998.0,34.0,"['Male', 'Other', 'Male']",0,0,5,4,5,Dry,Straight,Grade/Hillcrest,Lowest,No
6583,8,Colorado,80172,0,1,1,0,2,NOT APPLICABLE,April,30,Sunday,21,38,Rural,High Speed (Arterial),Yes,37.74095556,-104.83083333,Non-Intersection,Dark - Not Lighted,Clear,Unknown,Unknown,Unknown EMS Scene Arrival Hour,Unknown EMS Scene Arrival Minutes,Not Applicable (Not Transported),Not Applicable (Not Transported),2,Dark - Unlighted,Clear,2,0,"['Driver', 'Front_Passenger']","['None_Used', 'None_Used']",1,1,Valid,1.0,0.0,42.0,42.0,['Female'],0,0,3,4,3,Dry,Straight,Level,Lowest,No
6584,8,Colorado,80173,0,3,2,1,3,AURORA,April,5,Wednesday,21,0,Urban,High Speed (Arterial),Yes,39.72830556,-104.84727778,Non-Intersection,Dark - Lighted,Clear,9:00pm-9:59pm,0,9:00pm-9:59pm,15,9:00pm-9:59pm,25,1,Dark - Lighted,Clear,1,2,['Driver'],['None_Used'],0,0,Invalid,0.0,0.0,22.0,22.0,"['Male', 'Female']",0,0,3,4,5,Dry,Straight,Level,Lowest,No
6585,8,Colorado,80174,0,2,2,0,4,AURORA,April,27,Thursday,19,20,Urban,Medium Speed (Collector),No,39.69653889,-104.77614444,Simple Junction,Dusk,Rain,7:00pm-7:59pm,21,7:00pm-7:59pm,26,7:00pm-7:59pm,35,1,Twilight,Rain/Wind/Minor,1,3,['Driver'],['None_Used'],1,1,Invalid,0.0,0.0,41.0,36.0,"['Male', 'Female']",1,0,5,4,5,Wet/Standing Water,Straight,Level,Lowest,No
6586,8,Colorado,80175,0,1,1,0,1,NOT APPLICABLE,April,29,Saturday,15,19,Rural,High Speed (Arterial),Yes,37.90678333,-104.82878056,Non-Intersection,Daylight,Clear,Unknown,Unknown,Unknown EMS Scene Arrival Hour,Unknown EMS Scene Arrival Minutes,Not Applicable (Not Transported),Not Applicable (Not Transported),1,Daylight,Clear,1,0,['Driver'],['Shoulder_Lapbelt'],0,0,Valid,0.0,0.0,75.0,75.0,['Male'],0,0,3,4,3,Dry,Straight,Grade/Hillcrest,Medium,No
6587,8,Colorado,80176,0,1,1,0,1,PUEBLO,April,21,Friday,18,0,Urban,High Speed (Arterial),Yes,38.25295,-104.66196667,Non-Intersection,Daylight,Clear,6:00pm-6:59pm,1,6:00pm-6:59pm,4,6:00pm-6:59pm,16,1,Daylight,Clear,1,0,['Driver'],['Shoulder_Lapbelt'],0,0,Invalid,0.0,0.0,36.0,36.0,['Male'],0,0,2,4,2,Dry,Straight,Level,Lowest,No
6588,8,Colorado,80177,0,2,2,0,2,COLORADO SPRINGS,April,27,Thursday,15,16,Urban,High Speed (Arterial),No,38.80542222,-104.84079167,Non-Intersection,Daylight,Clear,3:00pm-3:59pm,17,3:00pm-3:59pm,20,Not Applicable (Not Transported),Not Applicable (Not Transported),1,Daylight,Clear,1,1,['Driver'],['None_Used'],1,1,Valid,0.0,0.0,36.0,23.0,"['Male', 'Male']",1,0,5,4,5,Dry,Straight,Level,Lowest,No
6589,8,Colorado,80178,0,3,3,0,6,LAKEWOOD,April,28,Friday,17,28,Urban,High Speed (Arterial),Yes,39.67894444,-105.08156944,Complex/Circle,Daylight,Clear,5:00pm-5:59pm,29,5:00pm-5:59pm,33,Unknown,Unknown EMS Hospital Arrival Time,1,Daylight,Clear,1,5,['Front_Passenger'],['Shoulder_Lapbelt'],0,0,Valid,0.0,1.0,74.0,20.0,"['Male', 'Female', 'Male']",3,0,3,4,5,Dry,Straight,Level,Lowest,No
6590,8,Colorado,80179,0,1,1,0,2,COLORADO SPRINGS,April,30,Sunday,0,15,Urban,Medium Speed (Collector),No,38.87763889,-104.73666667,Non-Intersection,Dark - Lighted,Clear,0:00am-0:59am,18,0:00am-0:59am,25,0:00am-0:59am,54,1,Dark - Lighted,Clear,1,1,['Driver'],['Shoulder_Lapbelt'],1,1,Valid,0.0,0.0,20.0,20.0,['Male'],2,0,2,4,3,Dry,Curve,Grade/Hillcrest,Lowest,No
6591,8,Colorado,80180,0,1,1,0,2,AURORA,April,30,Sunday,23,38,Urban,High Speed (Arterial),Yes,39.71901389,-104.826375,Non-Intersection,Dark - Lighted,Clear,11:00pm-11:59pm,38,11:00pm-11:59pm,45,0:00am-0:59am,17,1,Dark - Lighted,Clear,1,1,['Driver'],['Shoulder_Lapbelt'],1,1,Invalid,0.0,2.0,21.0,21.0,['Male'],2,0,2,4,3,Dry,Curve,Grade/Hillcrest,Lowest,No
6592,8,Colorado,80181,1,1,1,0,1,ARVADA,April,29,Saturday,23,21,Urban,High Speed (Arterial),Yes,39.81413333,-105.05323333,Non-Intersection,Dark - Lighted,Clear,11:00pm-11:59pm,21,11:00pm-11:59pm,35,11:00pm-11:59pm,40,1,Dark - Lighted,Clear,0,1,[],[],0,0,Valid,0.0,0.0,19.0,19.0,['Male'],0,0,2,2,4,Dry,Straight,Grade/Hillcrest,Lowest,No
6593,8,Colorado,80182,1,1,1,0,1,COLORADO SPRINGS,April,11,Tuesday,19,10,Urban,Low Speed (Local),No,38.82594444,-104.76506667,Simple Junction,Daylight,Clear,7:00pm-7:59pm,12,7:00pm-7:59pm,16,7:00pm-7:59pm,26,1,Daylight,Clear,0,1,[],[],0,0,Valid,0.0,0.0,23.0,23.0,['Female'],0,0,3,2,4,Dry,Straight,Level,Lowest,No
6594,8,Colorado,80183,1,1,1,0,1,FORT COLLINS,April,18,Tuesday,23,39,Urban,High Speed (Arterial),Yes,40.58135,-105.05978889,Non-Intersection,Dark - Lighted,Clear,11:00pm-11:59pm,39,11:00pm-11:59pm,42,Not Applicable (Not Transported),Not Applicable (Not Transported),1,Dark - Lighted,Clear,0,1,[],[],0,0,Valid,0.0,0.0,25.0,25.0,['Male'],0,0,3,2,4,Dry,Straight,Level,Lowest,No
6595,8,Colorado,80184,0,2,2,0,4,PUEBLO,April,22,Saturday,18,51,Urban,High Speed (Arterial),Yes,38.23449167,-104.66237222,Non-Intersection,Daylight,Clear,6:00pm-6:59pm,51,6:00pm-6:59pm,57,7:00pm-7:59pm,24,1,Daylight,Clear,1,3,['Driver'],['Shoulder_Lapbelt'],0,0,Invalid,0.0,0.0,998.0,71.0,"['Other', 'Male']",2,0,3,4,5,Dry,Straight,Level,Lowest,No
6596,8,Colorado,80185,0,2,2,0,4,NOT APPLICABLE,April,15,Saturday,3,30,Rural,Medium Speed (Collector),No,38.85195556,-103.70043889,Complex/Circle,Dark - Not Lighted,Cloudy,3:00am-3:59am,45,4:00am-4:59am,5,5:00am-5:59am,0,1,Dark - Unlighted,Reduced Visibility,1,3,['Front_Passenger'],['Shoulder_Lapbelt'],0,0,Valid,0.0,1.0,62.0,48.0,"['Male', 'Male']",0,0,4,4,5,Dry,Straight,Level,Lowest,No
6597,8,Colorado,80186,0,1,1,0,1,CASTLE ROCK,April,16,Sunday,2,5,Urban,Low Speed (Local),No,39.37493333,-104.86503889,Simple Junction,Dark - Not Lighted,Clear,7:00am-7:59am,15,7:00am-7:59am,19,Not Applicable (Not Transported),Not Applicable (Not Transported),1,Dark - Unlighted,Clear,1,0,['Driver'],['None_Used'],1,1,Valid,0.0,0.0,42.0,42.0,['Male'],0,0,2,4,3,Dry,Curve,Grade/Hillcrest,Lowest,No
6598,8,Colorado,80187,1,1,1,0,1,DENVER,April,24,Monday,19,45,Urban,Medium Speed (Collector),No,39.76531389,-104.97495278,Complex/Circle,Dusk,Clear,7:00pm-7:59pm,45,7:00pm-7:59pm,48,7:00pm-7:59pm,59,1,Twilight,Clear,0,1,[],[],0,0,Valid,0.0,1.0,24.0,24.0,['Female'],0,0,3,2,4,Dry,Straight,Level,Lowest,No
6599,8,Colorado,80188,0,2,2,0,2,NOT APPLICABLE,April,29,Saturday,20,6,Urban,Medium Speed (Collector),No,39.80554444,-105.04405556,Simple Junction,Dark - Lighted,Cloudy,Unknown,Unknown,Unknown EMS Scene Arrival Hour,Unknown EMS Scene Arrival Minutes,Unknown,Unknown EMS Hospital Arrival Time,1,Dark - Lighted,Reduced Visibility,1,1,['Driver'],['None_Used'],1,1,Valid,1.0,0.0,65.0,36.0,"['Male', 'Male']",0,0,5,4,5,Dry,Straight,Level,Lowest,No
6600,8,Colorado,80189,1,1,1,0,1,DENVER,April,16,Sunday,20,32,Urban,High Speed (Arterial),Yes,39.73766111,-105.02531111,Non-Intersection,Dark - Lighted,Clear,8:00pm-8:59pm,32,8:00pm-8:59pm,35,8:00pm-8:59pm,40,1,Dark - Lighted,Clear,0,1,[],[],0,0,Valid,0.0,0.0,55.0,55.0,['Male'],1,0,3,3,4,Dry,Straight,Level,Lowest,No
6601,8,Colorado,80190,0,1,1,0,1,DELTA,April,26,Wednesday,13,25,Urban,High Speed (Arterial),Yes,38.76257778,-108.09715833,Non-Intersection,Daylight,Clear,1:00pm-1:59pm,27,1:00pm-1:59pm,33,1:00pm-1:59pm,46,1,Daylight,Clear,1,0,['Driver'],['Shoulder_Lapbelt'],0,0,Valid,0.0,0.0,82.0,82.0,['Male'],0,0,2,4,3,Dry,Straight,Level,Medium,No
6602,8,Colorado,80191,1,1,1,0,3,DENVER,January,7,Saturday,22,51,Urban,High Speed (Arterial),Yes,39.72152778,-105.02521389,Non-Intersection,Dark - Lighted,Clear,10:00pm-10:59pm,51,10:00pm-10:59pm,55,11:00pm-11:59pm,1,1,Dark - Lighted,Clear,0,3,[],[],0,0,Valid,0.0,0.0,34.0,34.0,['Male'],0,0,3,3,4,Dry,Straight,Level,Lowest,No
6603,8,Colorado,80192,1,1,1,0,1,FORT COLLINS,February,12,Sunday,12,51,Urban,Medium Speed (Collector),No,40.54696111,-105.05798333,Simple Junction,Daylight,Clear,12:00pm-12:59pm,51,12:00pm-12:59pm,54,1:00pm-1:59pm,8,1,Daylight,Clear,0,1,[],[],0,0,Valid,0.0,2.0,30.0,30.0,['Male'],0,0,3,3,4,Dry,Straight,Level,Lowest,No
6604,8,Colorado,80193,0,1,1,0,2,HUDSON,April,9,Sunday,5,0,Rural,High Speed (Arterial),Yes,40.06615556,-104.65076111,Non-Intersection,Dark - Not Lighted,Clear,5:00am-5:59am,0,5:00am-5:59am,3,Unknown,Unknown EMS Hospital Arrival Time,1,Dark - Unlighted,Clear,1,1,['Driver'],['None_Used'],1,1,Valid,0.0,6.0,31.0,31.0,['Female'],2,0,3,4,3,Dry,Curve,Level,Lowest,No
6605,8,Colorado,80194,0,1,1,0,5,NOT APPLICABLE,May,2,Tuesday,1,33,Rural,Medium Speed (Collector),No,40.00355556,-105.40161667,Non-Intersection,Dark - Not Lighted,Clear,1:00am-1:59am,31,1:00am-1:59am,41,2:00am-2:59am,12,1,Dark - Unlighted,Clear,1,4,['Driver'],['None_Used'],1,1,Valid,0.0,0.0,19.0,19.0,['Male'],0,0,2,4,3,Dry,Curve,Grade/Hillcrest,Lowest,No
6606,8,Colorado,80195,0,1,1,0,3,NOT APPLICABLE,May,4,Thursday,22,1,Rural,Medium Speed (Collector),No,40.075525,-105.28436111,Non-Intersection,Dark - Not Lighted,Clear,10:00pm-10:59pm,3,10:00pm-10:59pm,12,10:00pm-10:59pm,35,2,Dark - Unlighted,Clear,2,1,"['Driver', 'Front_Passenger']","['None_Used', 'None_Used']",1,1,Valid,0.0,0.0,48.0,48.0,['Male'],0,0,2,4,3,Dry,Straight,Grade/Hillcrest,Lowest,No
6607,8,Colorado,80196,1,1,1,0,4,NOT APPLICABLE,May,4,Thursday,21,12,Urban,High Speed (Arterial),Yes,38.24489167,-104.506,Complex/Circle,Dark - Lighted,Clear,Unknown,Unknown,Unknown EMS Scene Arrival Hour,Unknown EMS Scene Arrival Minutes,Not Applicable (Not Transported),Not Applicable (Not Transported),1,Dark - Lighted,Clear,0,4,[],[],0,0,Valid,0.0,0.0,51.0,51.0,['Male'],0,0,3,3,4,Dry,Straight,Level,Lowest,No
6608,8,Colorado,80197,0,2,2,0,2,NOT APPLICABLE,May,4,Thursday,6,20,Rural,High Speed (Arterial),Yes,39.81597778,-107.95617778,Non-Intersection,Daylight,Clear,Unknown,Unknown,Unknown EMS Scene Arrival Hour,Unknown EMS Scene Arrival Minutes,Unknown,Unknown EMS Hospital Arrival Time,1,Daylight,Clear,1,1,['Driver'],['Shoulder_Lapbelt'],1,1,Valid,0.0,0.0,38.0,34.0,"['Female', 'Male']",0,0,4,4,5,Dry,Straight,Level,Medium,No
6609,8,Colorado,80198,1,1,1,0,1,AURORA,May,4,Thursday,23,13,Urban,Medium Speed (Collector),No,39.73424444,-104.86590556,Complex/Circle,Dark - Lighted,Clear,11:00pm-11:59pm,13,11:00pm-11:59pm,18,11:00pm-11:59pm,24,1,Dark - Lighted,Clear,0,1,[],[],0,0,Valid,0.0,0.0,18.0,18.0,['Female'],0,0,3,3,4,Dry,Straight,Level,Lowest,No
6610,8,Colorado,80199,0,2,2,0,2,NOT APPLICABLE,May,5,Friday,12,43,Rural,Low Speed (Local),No,39.47388889,-104.86066111,Non-Intersection,Daylight,Clear,12:00pm-12:59pm,51,12:00pm-12:59pm,54,Unknown,Unknown EMS Hospital Arrival Time,1,Daylight,Clear,1,1,['Driver'],['Shoulder_Lapbelt'],0,0,Valid,0.0,0.0,70.0,63.0,"['Male', 'Female']",0,0,3,4,5,Dry,Straight,Grade/Hillcrest,Lowest,No
6611,8,Colorado,80200,0,3,3,0,5,NOT APPLICABLE,May,8,Monday,13,16,Rural,High Speed (Arterial),Yes,37.74325,-108.87455,Non-Intersection,Daylight,Clear,Unknown,Unknown,Unknown EMS Scene Arrival Hour,Unknown EMS Scene Arrival Minutes,Unknown,Unknown EMS Hospital Arrival Time,1,Daylight,Clear,1,4,['Front_Passenger'],['Shoulder_Lapbelt'],1,1,Valid,0.0,0.0,39.0,29.0,"['Female', 'Female', 'Female']",1,0,3,4,5,Dry,Straight,Level,Lowest,No
6612,8,Colorado,80201,1,2,2,0,3,LAKEWOOD,May,4,Thursday,20,34,Urban,High Speed (Arterial),Yes,39.72288889,-105.08150556,Non-Intersection,Dark - Lighted,Clear,8:00pm-8:59pm,34,8:00pm-8:59pm,39,Not Applicable (Not Transported),Not Applicable (Not Transported),1,Dark - Lighted,Clear,0,3,[],[],0,0,Valid,0.0,3.0,64.0,24.0,"['Female', 'Male']",0,0,3,3,4,Dry,Straight,Level,Lowest,No
6613,8,Colorado,80202,0,3,3,0,5,THORNTON,May,8,Monday,20,29,Urban,High Speed (Arterial),Yes,39.86346111,-105.00607222,Complex/Circle,Dark - Lighted,Clear,8:00pm-8:59pm,34,8:00pm-8:59pm,38,8:00pm-8:59pm,51,1,Dark - Lighted,Clear,1,4,['Driver'],['None_Used'],1,1,Invalid,0.0,0.0,52.0,29.0,"['Female', 'Male', 'Male']",2,0,3,4,5,Dry,Straight,Grade/Hillcrest,Lowest,No
6614,8,Colorado,80203,0,1,1,0,1,NOT APPLICABLE,May,8,Monday,3,0,Rural,Medium Speed (Collector),No,39.97777778,-105.45813889,Non-Intersection,Dark - Not Lighted,Clear,6:00am-6:59am,28,6:00am-6:59am,50,Not Applicable (Not Transported),Not Applicable (Not Transported),1,Dark - Unlighted,Clear,1,0,['Driver'],['Shoulder_Lapbelt'],1,1,Valid,0.0,0.0,33.0,33.0,['Male'],1,0,2,4,3,Dry,Curve,Grade/Hillcrest,Lowest,No
6615,8,Colorado,80204,0,2,2,0,2,BRIGHTON,May,13,Saturday,4,47,Urban,High Speed (Arterial),Yes,39.92488333,-104.85118056,Non-Intersection,Dark - Not Lighted,Clear,4:00am-4:59am,47,4:00am-4:59am,54,Not Applicable (Not Transported),Not Applicable (Not Transported),1,Dark - Unlighted,Clear,1,1,['Driver'],['Shoulder_Lapbelt'],1,1,Valid,0.0,0.0,58.0,19.0,"['Male', 'Male']",1,0,3,4,5,Dry,Straight,Level,Lowest,No
6616,8,Colorado,80205,0,2,2,0,2,AURORA,May,13,Saturday,4,29,Urban,High Speed (Arterial),Yes,39.73790833,-104.7913,Non-Intersection,Dark - Lighted,Clear,4:00am-4:59am,29,4:00am-4:59am,35,4:00am-4:59am,55,1,Dark - Lighted,Clear,1,1,['Driver'],['None_Used'],1,2,Valid,0.0,2.0,44.0,32.0,"['Male', 'Male']",0,0,3,4,5,Dry,Straight,Level,Lowest,No
6617,8,Colorado,80206,1,1,1,0,1,PUEBLO,May,8,Monday,22,1,Urban,High Speed (Arterial),Yes,38.26669722,-104.62745833,Non-Intersection,Dark - Lighted,Clear,10:00pm-10:59pm,9,10:00pm-10:59pm,13,Not Applicable (Not Transported),Not Applicable (Not Transported),1,Dark - Lighted,Clear,0,1,[],[],0,0,Invalid,0.0,0.0,998.0,998.0,['Other'],0,0,3,4,4,Dry,Curve,Level,Lowest,No
6618,8,Colorado,80207,0,1,1,0,4,NOT APPLICABLE,May,5,Friday,16,20,Urban,Low Speed (Local),No,39.52108333,-104.9,Non-Intersection,Daylight,Clear,Unknown,Unknown,Unknown EMS Scene Arrival Hour,Unknown EMS Scene Arrival Minutes,Unknown,Unknown EMS Hospital Arrival Time,1,Daylight,Clear,1,3,['Rear_Seat'],['None_Used'],0,0,Valid,0.0,0.0,16.0,16.0,['Male'],4,0,2,4,3,Dry,Curve,Grade/Hillcrest,Lowest,No
6619,8,Colorado,80208,0,2,2,0,3,AURORA,May,14,Sunday,1,28,Urban,High Speed (Arterial),Yes,39.77032222,-104.81000556,Complex/Circle,Dark - Lighted,Rain,1:00am-1:59am,30,1:00am-1:59am,40,Unknown,Unknown EMS Hospital Arrival Time,1,Dark - Lighted,Rain/Wind/Minor,1,2,['Driver'],['None_Used'],1,2,Valid,1.0,0.0,58.0,18.0,"['Male', 'Male']",0,0,3,4,5,Wet/Standing Water,Straight,Grade/Hillcrest,Lowest,No
6620,8,Colorado,80209,0,1,1,0,1,GREELEY,May,21,Sunday,20,11,Urban,High Speed (Arterial),Yes,40.40644444,-104.82652778,Non-Intersection,Dark - Not Lighted,Clear,8:00pm-8:59pm,11,8:00pm-8:59pm,16,Not Applicable (Not Transported),Not Applicable (Not Transported),1,Dark - Unlighted,Clear,1,0,['Driver'],['None_Used'],1,1,Valid,0.0,3.0,35.0,35.0,['Male'],0,0,5,4,3,Dry,Curve,Level,Lowest,No
6621,8,Colorado,80210,0,2,2,0,2,BROOMFIELD,May,17,Wednesday,8,8,Urban,High Speed (Arterial),Yes,39.91434444,-105.07723333,Simple Junction,Daylight,Clear,8:00am-8:59am,12,8:00am-8:59am,13,8:00am-8:59am,37,1,Daylight,Clear,1,1,['Driver'],['Shoulder_Lapbelt'],0,0,Valid,0.0,1.0,69.0,27.0,"['Female', 'Female']",1,0,3,4,5,Dry,Straight,Level,Lowest,No
6622,8,Colorado,80211,0,2,2,0,2,FORT COLLINS,May,16,Tuesday,11,39,Urban,Medium Speed (Collector),No,40.55643889,-105.05793611,Complex/Circle,Daylight,Clear,11:00am-11:59am,39,11:00am-11:59am,43,12:00pm-12:59pm,10,1,Daylight,Clear,1,1,['Driver'],['Shoulder_Lapbelt'],0,0,Valid,0.0,0.0,86.0,53.0,"['Female', 'Male']",0,0,3,4,5,Dry,Straight,Level,Lowest,No
6623,8,Colorado,80212,0,4,4,0,5,NOT APPLICABLE,May,19,Friday,16,58,Rural,High Speed (Arterial),Yes,40.25640833,-105.10280556,Non-Intersection,Daylight,Clear,4:00pm-4:59pm,58,5:00pm-5:59pm,4,5:00pm-5:59pm,43,2,Daylight,Clear,2,3,"['Driver', 'Front_Passenger']","['None_Used', 'None_Used']",0,0,Valid,0.0,0.0,63.0,25.0,"['Male', 'Male', 'Male', 'Female']",0,0,3,4,5,Dry,Straight,Level,Lowest,No
6624,8,Colorado,80213,0,1,1,0,1,NOT APPLICABLE,May,19,Friday,12,25,Rural,Medium Speed (Collector),No,37.17535556,-105.86510556,Non-Intersection,Daylight,Cloudy,Unknown,Unknown,Unknown EMS Scene Arrival Hour,Unknown EMS Scene Arrival Minutes,Not Applicable (Not Transported),Not Applicable (Not Transported),1,Daylight,Reduced Visibility,1,0,['Driver'],['None_Used'],0,0,Valid,0.0,3.0,52.0,52.0,['Female'],1,0,3,4,3,Dry,Straight,Level,Lowest,No
6625,8,Colorado,80214,0,1,1,0,1,AURORA,May,19,Friday,23,58,Urban,Low Speed (Local),No,39.71738889,-104.79838889,Non-Intersection,Dark - Not Lighted,Cloudy,11:00pm-11:59pm,58,0:00am-0:59am,4,Not Applicable (Not Transported),Not Applicable (Not Transported),1,Dark - Unlighted,Reduced Visibility,1,0,['Driver'],['None_Used'],1,1,Valid,0.0,0.0,32.0,32.0,['Male'],0,0,5,4,2,Dry,Curve,Level,Lowest,No
6626,8,Colorado,80215,0,1,1,0,1,NOT APPLICABLE,May,20,Saturday,12,26,Rural,High Speed (Arterial),Yes,39.55027778,-103.61228889,Non-Intersection,Daylight,Clear,12:00pm-12:59pm,27,12:00pm-12:59pm,47,Not Applicable (Not Transported),Not Applicable (Not Transported),1,Daylight,Clear,1,0,['Driver'],['Shoulder_Lapbelt'],0,0,Valid,0.0,0.0,58.0,58.0,['Male'],0,0,4,4,3,Dry,Straight,Level,Lowest,No