,State_Code,State_Name,Crash_ID,Count_Non_Motorists,Count_Vehicles_Total,Count_Vehicle_Forms,Count_PVH_Involved,Count_Occupants_MV,City_Name,Month_Name,Day_of_Month,Day_of_Week,Crash_Hour,Crash_Minute,Area_Rural_Urban,Road_Functional_Class,On_NHS_Road,Latitude,Longitude,Intersection_Type,Light_Condition,Weather_Condition,Notif_Hour,Notif_Minute,Arrival_Hour,Arrival_Minute,Hospital_Hour,Hospital_Minute,Fatalities_Count,Clean_Light_Condition,Clean_Weather_Condition,Total_Killed,Total_Alive,Fatal_Seats_List,Killed_Restraint_List,Any_Driver_Drinking,Total_Drinking_Drivers,Driver_License_Category,Driver_Max_Prev_Accident_Count,Driver_Max_Prev_Speeding_Count,Max_Driver_Age,Min_Driver_Age,Driver_Sex_List,Total_Exceeding_Limit_Vehicles,Total_Too_Fast_Vehicles,Max_Vehicle_Type_Severity_5,Max_Vehicle_Damage_Rank,Max_Harmful_Event_Severity,Crash_Road_Surface_Condition,Crash_Horizontal_Alignment,Crash_Vertical_Profile,Crash_Impairment_Category,Crash_Vehicle_Defect
6627,8,Colorado,80216,0,1,1,0,4,CENTENNIAL,May,23,Tuesday,0,34,Urban,High Speed (Arterial),Yes,39.56617222,-104.87071667,Non-Intersection,Dark - Lighted,Clear,0:00am-0:59am,37,0:00am-0:59am,47,1:00am-1:59am,0,1,Dark - Lighted,Clear,1,3,['Driver'],['None_Used'],1,1,Invalid,0.0,0.0,16.0,16.0,['Male'],4,0,3,4,3,Dry,Curve,Grade/Hillcrest,Lowest,No
6628,8,Colorado,80217,0,1,1,0,1,LAKEWOOD,May,14,Sunday,20,34,Urban,Medium Speed (Collector),No,39.69647778,-105.10611111,Non-Intersection,Dusk,Clear,8:00pm-8:59pm,34,8:00pm-8:59pm,39,Unknown,Unknown EMS Hospital Arrival Time,1,Twilight,Clear,1,0,['Driver'],['None_Used'],0,0,Valid,1.0,1.0,26.0,26.0,['Male'],1,0,2,4,3,Dry,Straight,Level,Lowest,No
6629,8,Colorado,80218,0,2,2,0,2,GRAND JUNCTION,May,20,Saturday,21,19,Urban,Medium Speed (Collector),No,39.09175556,-108.5152,Complex/Circle,Dark - Lighted,Clear,9:00pm-9:59pm,19,9:00pm-9:59pm,22,9:00pm-9:59pm,29,1,Dark - Lighted,Clear,1,1,['Driver'],['None_Used'],1,1,Valid,0.0,0.0,56.0,53.0,"['Male', 'Male']",0,0,5,4,5,Dry,Straight,Level,Lowest,No
6630,8,Colorado,80219,1,1,1,0,1,AURORA,May,24,Wednesday,23,10,Urban,High Speed (Arterial),Yes,39.77127222,-104.81295556,Non-Intersection,Dark - Lighted,Cloudy,11:00pm-11:59pm,12,11:00pm-11:59pm,12,11:00pm-11:59pm,25,1,Dark - Lighted,Reduced Visibility,0,1,[],[],0,0,Valid,0.0,0.0,56.0,56.0,['Female'],0,0,2,2,4,Dry,Straight,Level,Lowest,No
6631,8,Colorado,80220,0,2,2,0,5,LAKEWOOD,May,24,Wednesday,18,40,Urban,High Speed (Arterial),Yes,39.68322222,-105.15896667,Non-Intersection,Daylight,Cloudy,6:00pm-6:59pm,41,Unknown EMS Scene Arrival Hour,Unknown EMS Scene Arrival Minutes,Unknown,Unknown EMS Hospital Arrival Time,1,Daylight,Reduced Visibility,1,4,['Driver'],['None_Used'],0,0,Invalid,1.0,4.0,55.0,21.0,"['Male', 'Male']",0,0,3,4,5,Dry,Curve,Grade/Hillcrest,Medium,No
6632,8,Colorado,80221,0,1,1,0,1,NOT APPLICABLE,May,25,Thursday,11,25,Urban,High Speed (Arterial),Yes,40.24853333,-103.60396111,Non-Intersection,Daylight,Clear,11:00am-11:59am,26,11:00am-11:59am,31,12:00pm-12:59pm,16,1,Daylight,Clear,1,0,['Driver'],['None_Used'],0,0,Valid,0.0,3.0,36.0,36.0,['Male'],1,0,5,4,3,Dry,Curve,Grade/Hillcrest,Lowest,No
6633,8,Colorado,80222,0,1,1,0,1,NOT APPLICABLE,May,25,Thursday,15,18,Rural,High Speed (Arterial),Yes,37.45686111,-106.88297222,Non-Intersection,Daylight,Clear,Unknown,Unknown,Unknown EMS Scene Arrival Hour,Unknown EMS Scene Arrival Minutes,Not Applicable (Not Transported),Not Applicable (Not Transported),1,Daylight,Clear,1,0,['Driver'],['None_Used'],0,0,Valid,0.0,2.0,49.0,49.0,['Male'],1,0,5,4,3,Dry,Curve,Grade/Hillcrest,Lowest,No
6634,8,Colorado,80223,1,1,1,0,1,AURORA,May,25,Thursday,1,48,Urban,High Speed (Arterial),Yes,39.71123056,-104.82789722,Non-Intersection,Dark - Lighted,Clear,1:00am-1:59am,49,1:00am-1:59am,54,2:00am-2:59am,0,1,Dark - Lighted,Clear,0,1,[],[],0,0,Valid,0.0,0.0,52.0,52.0,['Female'],0,0,2,2,4,Dry,Straight,Level,Lowest,No
6635,8,Colorado,80224,1,1,1,0,1,AURORA,May,25,Thursday,23,12,Urban,High Speed (Arterial),Yes,39.74008611,-104.86097222,Non-Intersection,Dark - Lighted,Clear,11:00pm-11:59pm,12,11:00pm-11:59pm,15,Not Applicable (Not Transported),Not Applicable (Not Transported),1,Dark - Lighted,Clear,0,1,[],[],1,1,Valid,0.0,1.0,21.0,21.0,['Male'],0,0,2,2,4,Dry,Straight,Level,Lowest,No
6636,8,Colorado,80225,0,2,2,0,3,NOT APPLICABLE,May,27,Saturday,21,40,Urban,High Speed (Arterial),Yes,39.60983333,-105.05698889,Complex/Circle,Dark - Lighted,Clear,9:00pm-9:59pm,42,9:00pm-9:59pm,49,10:00pm-10:59pm,14,1,Dark - Lighted,Clear,1,2,['Front_Passenger'],['Shoulder_Lapbelt'],0,0,Valid,1.0,2.0,20.0,17.0,"['Female', 'Male']",0,0,3,4,5,Dry,Straight,Level,Lowest,No
6637,8,Colorado,80226,0,2,2,0,2,NOT APPLICABLE,May,27,Saturday,23,27,Urban,High Speed (Arterial),Yes,39.59751389,-105.09152778,Non-Intersection,Dark - Not Lighted,Clear,11:00pm-11:59pm,32,11:00pm-11:59pm,41,Not Applicable (Not Transported),Not Applicable (Not Transported),1,Dark - Unlighted,Clear,1,1,['Driver'],['None_Used'],0,0,Valid,0.0,1.0,53.0,22.0,"['Male', 'Male']",0,0,5,4,5,Dry,Straight,Level,Lowest,No
6638,8,Colorado,80227,0,2,2,0,2,AURORA,May,27,Saturday,10,14,Urban,Medium Speed (Collector),No,39.75893333,-104.80836667,Non-Intersection,Daylight,Clear,10:00am-10:59am,14,10:00am-10:59am,18,Not Applicable (Not Transported),Not Applicable (Not Transported),1,Daylight,Clear,1,1,['Driver'],['None_Used'],1,1,Valid,0.0,1.0,66.0,25.0,"['Male', 'Male']",1,0,5,4,5,Dry,Straight,Level,Lowest,No
6639,8,Colorado,80228,0,1,1,0,1,AURORA,May,28,Sunday,21,6,Rural,Low Speed (Local),No,39.72652778,-104.67847222,Non-Intersection,Dark - Not Lighted,Clear,9:00pm-9:59pm,6,9:00pm-9:59pm,13,Not Applicable (Not Transported),Not Applicable (Not Transported),1,Dark - Unlighted,Clear,1,0,['Driver'],['None_Used'],1,1,Valid,0.0,1.0,22.0,22.0,['Male'],1,0,3,4,3,Dry,Curve,Level,Lowest,No
6640,8,Colorado,80229,0,2,2,0,2,NOT APPLICABLE,May,29,Monday,8,53,Rural,Medium Speed (Collector),No,39.54643333,-107.62612222,Simple Junction,Daylight,Clear,8:00am-8:59am,54,9:00am-9:59am,4,Not Applicable (Not Transported),Not Applicable (Not Transported),1,Daylight,Clear,1,1,['Driver'],['None_Used'],0,0,Valid,0.0,0.0,79.0,50.0,"['Male', 'Male']",0,0,5,4,5,Dry,Straight,Grade/Hillcrest,Lowest,Yes
6641,8,Colorado,80230,0,1,1,0,1,NOT APPLICABLE,May,30,Tuesday,15,30,Rural,High Speed (Arterial),Yes,38.17752222,-104.63389444,Non-Intersection,Daylight,Rain,Unknown,Unknown,Unknown EMS Scene Arrival Hour,Unknown EMS Scene Arrival Minutes,Not Applicable (Not Transported),Not Applicable (Not Transported),1,Daylight,Rain/Wind/Minor,1,0,['Driver'],['None_Used'],0,0,Valid,0.0,0.0,68.0,68.0,['Male'],0,0,5,2,1,Wet/Standing Water,Straight,Level,Lowest,No
6642,8,Colorado,80231,1,2,2,0,2,LAKEWOOD,May,28,Sunday,21,10,Urban,High Speed (Arterial),Yes,39.72541944,-105.06665278,Non-Intersection,Dark - Not Lighted,Clear,9:00pm-9:59pm,14,9:00pm-9:59pm,25,9:00pm-9:59pm,52,1,Dark - Unlighted,Clear,0,2,[],[],1,1,Invalid,0.0,0.0,998.0,30.0,"['Other', 'Male']",0,0,2,2,4,Dry,Straight,Level,Lowest,No
6643,8,Colorado,80232,0,2,2,0,2,NOT APPLICABLE,May,30,Tuesday,16,6,Rural,High Speed (Arterial),Yes,40.58150556,-104.65839722,Complex/Circle,Daylight,Clear,4:00pm-4:59pm,9,4:00pm-4:59pm,17,4:00pm-4:59pm,56,1,Daylight,Clear,1,1,['Driver'],['Shoulder_Lapbelt'],0,0,Valid,0.0,1.0,73.0,36.0,"['Male', 'Male']",0,0,3,4,5,Dry,Straight,Level,Lowest,No
6644,8,Colorado,80233,1,1,1,0,1,FLAGLER,May,30,Tuesday,15,20,Rural,Low Speed (Local),No,39.29245556,-103.06564167,Non-Intersection,Daylight,Clear,Unknown,Unknown,Unknown EMS Scene Arrival Hour,Unknown EMS Scene Arrival Minutes,Not Applicable (Not Transported),Not Applicable (Not Transported),1,Daylight,Clear,0,1,[],[],0,0,Valid,0.0,0.0,65.0,65.0,['Female'],0,0,3,2,4,Dry,Straight,Level,Lowest,No
6645,8,Colorado,80234,0,2,2,0,4,NOT APPLICABLE,May,21,Sunday,17,39,Rural,Medium Speed (Collector),No,40.38443889,-105.19226667,Simple Junction,Daylight,Clear,5:00pm-5:59pm,36,5:00pm-5:59pm,47,6:00pm-6:59pm,16,1,Daylight,Clear,1,3,['Driver'],['None_Used'],0,0,Valid,0.0,0.0,28.0,25.0,"['Male', 'Male']",2,0,5,3,5,Dry,Straight,Level,Lowest,No
6646,8,Colorado,80235,0,1,1,0,2,GRAND JUNCTION,May,27,Saturday,12,48,Urban,High Speed (Arterial),Yes,39.11455833,-108.65394167,Non-Intersection,Daylight,Cloudy,12:00pm-12:59pm,56,1:00pm-1:59pm,3,1:00pm-1:59pm,28,1,Daylight,Reduced Visibility,1,1,['Driver'],['None_Used'],0,0,Valid,0.0,0.0,73.0,73.0,['Male'],0,0,5,4,3,Dry,Straight,Level,Lowest,Yes
6647,8,Colorado,80236,1,2,2,0,1,PAGOSA SPRINGS,May,9,Tuesday,15,47,Rural,Low Speed (Local),No,37.26906944,-107.01027778,Non-Intersection,Daylight,Clear,3:00pm-3:59pm,49,3:00pm-3:59pm,54,6:00pm-6:59pm,0,1,Daylight,Clear,0,1,[],[],0,0,Valid,0.0,0.0,61.0,61.0,['Male'],0,0,4,1,4,Dry,Straight,Grade/Hillcrest,Lowest,No
6648,8,Colorado,80237,0,1,1,0,1,NOT APPLICABLE,May,5,Friday,15,20,Urban,High Speed (Arterial),Yes,39.08200556,-108.4594,Non-Intersection,Daylight,Clear,Unknown,Unknown,Unknown EMS Scene Arrival Hour,Unknown EMS Scene Arrival Minutes,Unknown,Unknown EMS Hospital Arrival Time,1,Daylight,Clear,1,0,['Driver'],['None_Used'],0,0,Valid,0.0,0.0,41.0,41.0,['Male'],1,0,5,4,3,Dry,Straight,Level,Lowest,No
6649,8,Colorado,80238,0,1,1,0,2,DENVER,May,18,Thursday,6,30,Urban,Medium Speed (Collector),No,39.74358611,-104.95915833,Complex/Circle,Daylight,Clear,6:00am-6:59am,30,6:00am-6:59am,35,Not Applicable (Not Transported),Not Applicable (Not Transported),2,Daylight,Clear,2,0,"['Driver', 'Rear_Seat']","['None_Used', 'None_Used']",0,0,Valid,0.0,0.0,63.0,63.0,['Male'],0,0,2,4,3,Dry,Straight,Level,Medium,No
6650,8,Colorado,80239,0,1,1,0,1,NOT APPLICABLE,May,26,Friday,20,1,Rural,Medium Speed (Collector),No,39.43401111,-104.61431111,Non-Intersection,Dusk,Clear,8:00pm-8:59pm,1,8:00pm-8:59pm,9,Not Applicable (Not Transported),Not Applicable (Not Transported),1,Twilight,Clear,1,0,['Driver'],['None_Used'],1,1,Valid,0.0,2.0,40.0,40.0,['Male'],1,0,3,4,3,Dry,Straight,Grade/Hillcrest,Lowest,No
6651,8,Colorado,80240,0,1,1,0,3,DENVER,May,28,Sunday,22,45,Urban,High Speed (Arterial),Yes,39.66936111,-104.92718056,Non-Intersection,Dark - Lighted,Clear,10:00pm-10:59pm,45,10:00pm-10:59pm,55,11:00pm-11:59pm,25,2,Dark - Lighted,Clear,2,1,"['Driver', 'Front_Passenger']","['Shoulder_Lapbelt', 'Shoulder_Lapbelt']",1,1,Invalid,0.0,0.0,51.0,51.0,['Male'],0,0,2,4,3,Dry,Straight,Level,Lowest,No
6652,8,Colorado,80241,1,1,1,0,2,DENVER,May,5,Friday,21,24,Urban,Medium Speed (Collector),No,39.74881667,-104.9921,Non-Intersection,Dark - Lighted,Clear,9:00pm-9:59pm,25,9:00pm-9:59pm,30,9:00pm-9:59pm,32,1,Dark - Lighted,Clear,0,2,[],[],0,0,Valid,0.0,1.0,57.0,57.0,['Male'],0,0,3,3,4,Dry,Straight,Level,Lowest,No
6653,8,Colorado,80242,0,2,2,0,2,DENVER,May,29,Monday,0,7,Urban,High Speed (Arterial),Yes,39.72561111,-104.94078333,Complex/Circle,Dark - Lighted,Clear,0:00am-0:59am,8,0:00am-0:59am,13,0:00am-0:59am,26,1,Dark - Lighted,Clear,1,1,['Driver'],['None_Used'],1,1,Invalid,0.0,0.0,33.0,24.0,"['Female', 'Male']",0,0,5,4,5,Dry,Straight,Level,Lowest,No
6654,8,Colorado,80243,0,2,2,0,2,AURORA,May,30,Tuesday,9,58,Urban,High Speed (Arterial),Yes,39.76255556,-104.81011111,Simple Junction,Daylight,Clear,9:00am-9:59am,58,10:00am-10:59am,3,10:00am-10:59am,15,1,Daylight,Clear,1,1,['Driver'],['None_Used'],0,0,Valid,0.0,3.0,59.0,21.0,"['Male', 'Male']",1,0,5,4,5,Dry,Straight,Level,Lowest,No
6655,8,Colorado,80244,0,2,1,1,1,LAMAR,May,27,Saturday,99,99,Urban,Medium Speed (Collector),No,38.10143056,-102.61335,Non-Intersection,Dark - Not Lighted,Clear,7:00am-7:59am,59,8:00am-8:59am,5,Not Applicable (Not Transported),Not Applicable (Not Transported),1,Dark - Unlighted,Clear,1,0,['Driver'],['None_Used'],1,1,Valid,0.0,1.0,26.0,26.0,['Female'],1,0,3,4,5,Dry,Curve,Level,Lowest,No
6656,8,Colorado,80245,0,1,1,0,1,NOT APPLICABLE,June,1,Thursday,1,33,Urban,High Speed (Arterial),Yes,39.58135,-105.143,Non-Intersection,Dark - Lighted,Clear,1:00am-1:59am,34,1:00am-1:59am,42,Not Applicable (Not Transported),Not Applicable (Not Transported),1,Dark - Lighted,Clear,1,0,['Driver'],['None_Used'],1,1,Valid,0.0,0.0,19.0,19.0,['Female'],0,0,3,4,3,Dry,Straight,Grade/Hillcrest,Medium,No
6657,8,Colorado,80246,0,1,1,0,1,NOT APPLICABLE,June,1,Thursday,12,0,Rural,High Speed (Arterial),Yes,39.55880556,-105.23914722,Non-Intersection,Daylight,Rain,12:00pm-12:59pm,32,12:00pm-12:59pm,51,1:00pm-1:59pm,15,1,Daylight,Rain/Wind/Minor,1,0,['Driver'],['None_Used'],0,0,Invalid,0.0,0.0,43.0,43.0,['Male'],0,0,3,4,3,Wet/Standing Water,Curve,Grade/Hillcrest,Lowest,No
6658,8,Colorado,80247,1,1,1,0,2,LAKEWOOD,June,1,Thursday,1,54,Urban,High Speed (Arterial),Yes,39.71266389,-105.19363333,Non-Intersection,Dark - Lighted,Clear,1:00am-1:59am,54,2:00am-2:59am,3,Not Applicable (Not Transported),Not Applicable (Not Transported),1,Dark - Lighted,Clear,0,2,[],[],0,0,Valid,0.0,1.0,60.0,60.0,['Male'],0,0,3,3,4,Dry,Straight,Grade/Hillcrest,Lowest,No
6659,8,Colorado,80248,0,1,1,0,1,COLORADO SPRINGS,June,3,Saturday,19,17,Urban,High Speed (Arterial),Yes,38.89863333,-104.70705556,Non-Intersection,Daylight,Cloudy,7:00pm-7:59pm,18,7:00pm-7:59pm,22,Unknown,Unknown EMS Hospital Arrival Time,1,Daylight,Reduced Visibility,1,0,['Driver'],['None_Used'],0,0,Valid,0.0,0.0,33.0,33.0,['Male'],0,0,5,3,3,Dry,Curve,Level,Lowest,No
6660,8,Colorado,80249,0,2,2,0,5,Other,June,4,Sunday,19,7,Urban,Medium Speed (Collector),No,39.406175,-106.04842778,Non-Intersection,Daylight,Sleet or Hail,7:00pm-7:59pm,7,Unknown EMS Scene Arrival Hour,Unknown EMS Scene Arrival Minutes,Unknown,Unknown EMS Hospital Arrival Time,1,Daylight,Snow/Ice/Severe,1,4,['Driver'],['Shoulder_Lapbelt'],1,1,Valid,1.0,0.0,34.0,22.0,"['Male', 'Female']",1,0,3,4,5,Wet/Standing Water,Straight,Level,Lowest,No
6661,8,Colorado,80250,0,1,1,0,2,NOT APPLICABLE,June,5,Monday,19,25,Rural,Medium Speed (Collector),No,40.87653611,-103.03945278,Non-Intersection,Dusk,Clear,8:00pm-8:59pm,16,8:00pm-8:59pm,30,8:00pm-8:59pm,46,1,Twilight,Clear,1,1,['Driver'],['None_Used'],1,1,Invalid,0.0,0.0,16.0,16.0,['Female'],0,0,2,4,3,Dry,Straight,Level,Lowest,No
6662,8,Colorado,80251,1,1,1,0,4,NOT APPLICABLE,June,6,Tuesday,19,55,Urban,Low Speed (Local),No,39.03832222,-108.49671111,Non-Intersection,Daylight,Clear,Unknown,Unknown,Unknown EMS Scene Arrival Hour,Unknown EMS Scene Arrival Minutes,Not Applicable (Not Transported),Not Applicable (Not Transported),1,Daylight,Clear,0,4,[],[],0,0,Valid,0.0,0.0,17.0,17.0,['Male'],4,0,3,2,4,Dry,Straight,Level,Lowest,No
6663,8,Colorado,80252,0,2,2,0,3,NOT APPLICABLE,June,7,Wednesday,6,40,Rural,High Speed (Arterial),Yes,40.83883333,-105.24965833,Non-Intersection,Daylight,Clear,6:00am-6:59am,48,7:00am-7:59am,20,7:00am-7:59am,44,2,Daylight,Clear,2,1,"['Driver', 'Driver']","['Shoulder_Lapbelt', 'Shoulder_Lapbelt']",0,0,Invalid,0.0,0.0,57.0,36.0,"['Male', 'Female']",0,0,3,4,5,Dry,Straight,Grade/Hillcrest,Medium,No
6664,8,Colorado,80253,0,1,1,0,1,COLORADO SPRINGS,June,5,Monday,23,56,Urban,High Speed (Arterial),Yes,38.94096111,-104.63155,Complex/Circle,Dark - Lighted,Cloudy,11:00pm-11:59pm,56,0:00am-0:59am,1,Not Applicable (Not Transported),Not Applicable (Not Transported),1,Dark - Lighted,Reduced Visibility,1,0,['Driver'],['Shoulder_Lapbelt'],0,0,Valid,0.0,1.0,18.0,18.0,['Male'],1,0,3,4,3,Wet/Standing Water,Straight,Level,Lowest,No
6665,8,Colorado,80254,0,2,2,0,2,AULT,June,1,Thursday,17,34,Rural,High Speed (Arterial),Yes,40.58250833,-104.75456111,Complex/Circle,Daylight,Cloudy,5:00pm-5:59pm,34,5:00pm-5:59pm,39,6:00pm-6:59pm,27,1,Daylight,Reduced Visibility,1,1,['Driver'],['None_Used'],0,0,Valid,0.0,1.0,51.0,35.0,"['Male', 'Female']",0,0,3,4,5,Dry,Straight,Level,Lowest,No
6666,8,Colorado,80255,0,1,1,0,1,NOT APPLICABLE,June,8,Thursday,19,10,Rural,Medium Speed (Collector),No,40.3495,-103.49401111,Simple Junction,Daylight,Cloudy,7:00pm-7:59pm,13,7:00pm-7:59pm,29,7:00pm-7:59pm,52,1,Daylight,Reduced Visibility,1,0,['Driver'],['None_Used'],0,0,Valid,0.0,0.0,32.0,32.0,['Male'],0,0,5,4,3,Dry,Curve,Level,Lowest,No
6667,8,Colorado,80256,0,2,2,0,2,NOT APPLICABLE,June,9,Friday,5,4,Rural,Medium Speed (Collector),No,39.71615278,-104.22166667,Complex/Circle,Dawn,Clear,5:00am-5:59am,6,5:00am-5:59am,11,Not Applicable (Not Transported),Not Applicable (Not Transported),1,Twilight,Clear,1,1,['Driver'],['None_Used'],1,1,Valid,0.0,3.0,27.0,25.0,"['Male', 'Female']",1,0,5,4,5,Dry,Straight,Level,Lowest,No
6668,8,Colorado,80257,0,2,2,0,2,DENVER,June,9,Friday,17,54,Urban,High Speed (Arterial),Yes,39.78420278,-105.02397222,Non-Intersection,Daylight,Clear,Unknown,Unknown,Unknown EMS Scene Arrival Hour,Unknown EMS Scene Arrival Minutes,Not Applicable (Not Transported),Not Applicable (Not Transported),1,Daylight,Clear,1,1,['Driver'],['None_Used'],1,1,Valid,1.0,0.0,64.0,39.0,"['Male', 'Male']",0,0,4,4,5,Dry,Curve,Grade/Hillcrest,Lowest,No
6669,8,Colorado,80258,0,2,2,0,3,PUEBLO,June,3,Saturday,22,50,Urban,High Speed (Arterial),Yes,38.22903333,-104.66243333,Complex/Circle,Dark - Lighted,Clear,10:00pm-10:59pm,54,10:00pm-10:59pm,56,Not Applicable (Not Transported),Not Applicable (Not Transported),2,Dark - Lighted,Clear,2,1,"['Driver', 'Front_Passenger']","['None_Used', 'Shoulder_Lapbelt']",0,0,Valid,1.0,2.0,21.0,20.0,"['Male', 'Male']",1,0,5,4,5,Dry,Straight,Level,Lowest,No
6670,8,Colorado,80259,0,1,1,0,5,NOT APPLICABLE,June,13,Tuesday,20,34,Rural,Medium Speed (Collector),No,40.67616667,-105.49658333,Non-Intersection,Dusk,Cloudy,8:00pm-8:59pm,35,9:00pm-9:59pm,40,11:00pm-11:59pm,51,2,Twilight,Reduced Visibility,2,3,"['Driver', 'Front_Passenger']","['None_Used', 'None_Used']",0,0,Invalid,1.0,0.0,47.0,47.0,['Male'],0,0,4,4,3,Dry,Curve,Grade/Hillcrest,Lowest,No
6671,8,Colorado,80260,0,4,2,2,5,DENVER,June,5,Monday,3,29,Urban,Medium Speed (Collector),No,39.82185278,-104.77185278,Complex/Circle,Dark - Lighted,Cloudy,3:00am-3:59am,29,3:00am-3:59am,38,Unknown,Unknown EMS Hospital Arrival Time,1,Dark - Lighted,Reduced Visibility,1,4,['Driver'],['None_Used'],1,1,Invalid,0.0,1.0,55.0,29.0,"['Male', 'Male']",4,0,3,4,5,Dry,Straight,Level,Lowest,No
6672,8,Colorado,80261,0,1,1,0,1,LAKEWOOD,June,10,Saturday,19,40,Urban,High Speed (Arterial),Yes,39.68333333,-105.17961667,Non-Intersection,Daylight,Clear,7:00pm-7:59pm,40,7:00pm-7:59pm,42,Not Applicable (Not Transported),Not Applicable (Not Transported),1,Daylight,Clear,1,0,['Driver'],['None_Used'],1,1,Valid,0.0,0.0,35.0,35.0,['Male'],1,0,5,4,2,Dry,Curve,Grade/Hillcrest,Lowest,No
6673,8,Colorado,80262,0,2,2,0,2,NOT APPLICABLE,June,13,Tuesday,11,26,Rural,High Speed (Arterial),Yes,37.27286667,-108.00888889,Non-Intersection,Daylight,Clear,Unknown,Unknown,Unknown EMS Scene Arrival Hour,Unknown EMS Scene Arrival Minutes,Not Applicable (Not Transported),Not Applicable (Not Transported),1,Daylight,Clear,1,1,['Driver'],['None_Used'],0,0,Valid,0.0,0.0,79.0,63.0,"['Male', 'Male']",0,0,5,4,5,Dry,Straight,Non-Trafficway,Lowest,No
6674,8,Colorado,80263,0,2,2,0,2,AURORA,June,14,Wednesday,15,56,Urban,Medium Speed (Collector),No,39.75840556,-104.77210833,Complex/Circle,Daylight,Clear,3:00pm-3:59pm,56,4:00pm-4:59pm,1,4:00pm-4:59pm,21,1,Daylight,Clear,1,1,['Driver'],['None_Used'],0,0,Valid,0.0,0.0,58.0,31.0,"['Male', 'Male']",0,0,5,4,5,Dry,Straight,Grade/Hillcrest,Lowest,No
6675,8,Colorado,80264,0,3,3,0,6,LOVELAND,June,2,Friday,13,37,Urban,High Speed (Arterial),Yes,40.44126944,-104.99241944,Non-Intersection,Daylight,Rain,1:00pm-1:59pm,36,1:00pm-1:59pm,47,2:00pm-2:59pm,7,1,Daylight,Rain/Wind/Minor,1,5,['Rear_Seat'],['Child_Safety'],0,0,Valid,0.0,1.0,57.0,28.0,"['Male', 'Female', 'Male']",0,0,4,4,5,Wet/Standing Water,Straight,Grade/Hillcrest,Lowest,No
6676,8,Colorado,80265,1,1,1,0,1,DENVER,June,14,Wednesday,23,35,Urban,High Speed (Arterial),Yes,39.74041111,-105.02413889,Non-Intersection,Dark - Lighted,Clear,11:00pm-11:59pm,36,11:00pm-11:59pm,39,Not Applicable (Not Transported),Not Applicable (Not Transported),1,Dark - Lighted,Clear,0,1,[],[],0,0,Valid,0.0,0.0,24.0,24.0,['Male'],0,0,3,2,4,Dry,Straight,Level,Lowest,No
6677,8,Colorado,80266,1,1,1,0,3,AURORA,June,16,Friday,21,53,Urban,High Speed (Arterial),Yes,39.69820556,-104.86584444,Non-Intersection,Dark - Lighted,Cloudy,9:00pm-9:59pm,53,10:00pm-10:59pm,1,Not Applicable (Not Transported),Not Applicable (Not Transported),1,Dark - Lighted,Reduced Visibility,0,3,[],[],0,0,Invalid,0.0,0.0,36.0,36.0,['Female'],0,0,3,3,4,Dry,Straight,Level,Lowest,No
6678,8,Colorado,80267,0,1,1,0,2,CENTENNIAL,June,18,Sunday,13,26,Urban,High Speed (Arterial),Yes,39.58047222,-104.88459444,Non-Intersection,Daylight,Clear,1:00pm-1:59pm,27,1:00pm-1:59pm,32,1:00pm-1:59pm,55,2,Daylight,Clear,2,0,"['Driver', 'Front_Passenger']","['Shoulder_Lapbelt', 'Shoulder_Lapbelt']",0,0,Invalid,0.0,0.0,39.0,39.0,['Male'],2,0,2,4,3,Dry,Straight,Grade/Hillcrest,Lowest,No
6679,8,Colorado,80268,0,1,1,0,1,NOT APPLICABLE,June,18,Sunday,18,40,Urban,Medium Speed (Collector),No,39.60175,-105.15053333,Non-Intersection,Daylight,Clear,6:00pm-6:59pm,40,6:00pm-6:59pm,43,Not Applicable (Not Transported),Not Applicable (Not Transported),1,Daylight,Clear,1,0,['Driver'],['None_Used'],1,1,Valid,0.0,0.0,29.0,29.0,['Male'],1,0,5,4,2,Dry,Curve,Level,Lowest,No
6680,8,Colorado,80269,0,1,1,0,1,NOT APPLICABLE,June,18,Sunday,21,33,Urban,High Speed (Arterial),Yes,39.58075,-105.0927,Non-Intersection,Dark - Not Lighted,Clear,9:00pm-9:59pm,34,9:00pm-9:59pm,37,Unknown,Unknown EMS Hospital Arrival Time,1,Dark - Unlighted,Clear,1,0,['Driver'],['None_Used'],1,1,Valid,0.0,0.0,55.0,55.0,['Male'],0,0,5,4,3,Dry,Curve,Grade/Hillcrest,Lowest,No
6681,8,Colorado,80270,0,2,2,0,2,NOT APPLICABLE,June,18,Sunday,3,30,Rural,Medium Speed (Collector),No,40.29060556,-104.69663333,Complex/Circle,Dark - Not Lighted,Clear,3:00am-3:59am,35,3:00am-3:59am,42,Not Applicable (Not Transported),Not Applicable (Not Transported),1,Dark - Unlighted,Clear,1,1,['Driver'],['None_Used'],1,1,Invalid,1.0,0.0,32.0,30.0,"['Male', 'Male']",1,0,4,4,5,Dry,Straight,Level,Lowest,No
6682,8,Colorado,80271,0,1,1,0,1,NOT APPLICABLE,June,6,Tuesday,21,39,Rural,Medium Speed (Collector),No,39.07018333,-104.41765,Non-Intersection,Dark - Not Lighted,Rain,9:00pm-9:59pm,38,9:00pm-9:59pm,52,10:00pm-10:59pm,58,1,Dark - Unlighted,Rain/Wind/Minor,1,0,['Driver'],['None_Used'],0,0,Valid,0.0,0.0,40.0,40.0,['Male'],1,0,2,4,3,Wet/Standing Water,Straight,Grade/Hillcrest,Lowest,No
6683,8,Colorado,80272,0,2,2,0,2,NOT APPLICABLE,June,20,Tuesday,5,21,Rural,High Speed (Arterial),Yes,38.45966667,-105.84433889,Non-Intersection,Dawn,Clear,Unknown,Unknown,Unknown EMS Scene Arrival Hour,Unknown EMS Scene Arrival Minutes,Unknown,Unknown EMS Hospital Arrival Time,1,Twilight,Clear,1,1,['Driver'],['None_Used'],1,1,Valid,0.0,0.0,50.0,18.0,"['Male', 'Male']",1,0,3,4,5,Dry,Curve,Level,Medium,No