,State_Code,State_Name,Crash_ID,Count_Non_Motorists,Count_Vehicles_Total,Count_Vehicle_Forms,Count_PVH_Involved,Count_Occupants_MV,City_Name,Month_Name,Day_of_Month,Day_of_Week,Crash_Hour,Crash_Minute,Area_Rural_Urban,Road_Functional_Class,On_NHS_Road,Latitude,Longitude,Intersection_Type,Light_Condition,Weather_Condition,Notif_Hour,Notif_Minute,Arrival_Hour,Arrival_Minute,Hospital_Hour,Hospital_Minute,Fatalities_Count,Clean_Light_Condition,Clean_Weather_Condition,Total_Killed,Total_Alive,Fatal_Seats_List,Killed_Restraint_List,Any_Driver_Drinking,Total_Drinking_Drivers,Driver_License_Category,Driver_Max_Prev_Accident_Count,Driver_Max_Prev_Speeding_Count,Max_Driver_Age,Min_Driver_Age,Driver_Sex_List,Total_Exceeding_Limit_Vehicles,Total_Too_Fast_Vehicles,Max_Vehicle_Type_Severity_5,Max_Vehicle_Damage_Rank,Max_Harmful_Event_Severity,Crash_Road_Surface_Condition,Crash_Horizontal_Alignment,Crash_Vertical_Profile,Crash_Impairment_Category,Crash_Vehicle_Defect
6684,8,Colorado,80273,0,2,2,0,3,NOT APPLICABLE,June,21,Wednesday,10,50,Rural,High Speed (Arterial),Yes,37.21032222,-107.26343056,Simple Junction,Daylight,Clear,10:00am-10:59am,53,11:00am-11:59am,6,Not Applicable (Not Transported),Not Applicable (Not Transported),2,Daylight,Clear,2,1,"['Driver', 'Rear_Seat']","['None_Used', 'None_Used']",0,0,Valid,0.0,0.0,71.0,49.0,"['Male', 'Male']",0,0,5,4,5,Dry,Straight,Level,Lowest,No
6685,8,Colorado,80274,0,2,2,0,2,DENVER,June,17,Saturday,18,43,Urban,High Speed (Arterial),Yes,39.76568889,-105.05318889,Complex/Circle,Daylight,Clear,6:00pm-6:59pm,45,6:00pm-6:59pm,47,7:00pm-7:59pm,6,1,Daylight,Clear,1,1,['Driver'],['Shoulder_Lapbelt'],0,0,Valid,1.0,1.0,72.0,19.0,"['Male', 'Male']",1,0,3,4,5,Dry,Straight,Level,Lowest,No
6686,8,Colorado,80275,0,1,1,0,1,NOT APPLICABLE,June,23,Friday,1,15,Rural,Low Speed (Local),No,37.98727222,-105.70171111,Non-Intersection,Dark - Not Lighted,Clear,Unknown,Unknown,Unknown EMS Scene Arrival Hour,Unknown EMS Scene Arrival Minutes,Not Applicable (Not Transported),Not Applicable (Not Transported),1,Dark - Unlighted,Clear,1,0,['Driver'],['None_Used'],1,1,Valid,0.0,1.0,35.0,35.0,['Male'],0,0,5,2,3,Dry,Curve,Level,Lowest,Yes
6687,8,Colorado,80276,0,1,1,0,2,COLORADO SPRINGS,June,12,Monday,11,51,Urban,High Speed (Arterial),Yes,38.8375,-104.83018056,Non-Intersection,Daylight,Rain,11:00am-11:59am,51,11:00am-11:59am,53,12:00pm-12:59pm,13,1,Daylight,Rain/Wind/Minor,1,1,['Front_Passenger'],['None_Used'],0,0,Valid,2.0,0.0,87.0,87.0,['Male'],2,0,3,4,3,Wet/Standing Water,Straight,Level,Lowest,No
6688,8,Colorado,80277,1,4,1,3,1,PUEBLO,June,13,Tuesday,16,10,Urban,Medium Speed (Collector),No,38.25725,-104.62204167,Non-Intersection,Daylight,Clear,4:00pm-4:59pm,11,4:00pm-4:59pm,14,Not Applicable (Not Transported),Not Applicable (Not Transported),1,Daylight,Clear,0,1,[],[],1,1,Valid,0.0,0.0,40.0,40.0,['Male'],0,0,3,4,4,Dry,Straight,Level,Lowest,No
6689,8,Colorado,80278,1,1,1,0,1,PUEBLO,June,15,Thursday,3,41,Urban,Medium Speed (Collector),No,38.24781111,-104.62130278,Complex/Circle,Dark - Lighted,Clear,3:00am-3:59am,42,3:00am-3:59am,45,3:00am-3:59am,54,1,Dark - Lighted,Clear,0,1,[],[],0,0,Invalid,0.0,0.0,998.0,998.0,['Other'],0,0,3,2,4,Dry,Straight,Level,Lowest,No
6690,8,Colorado,80279,0,1,1,0,1,NOT APPLICABLE,June,18,Sunday,6,15,Rural,High Speed (Arterial),Yes,38.75663611,-108.02993611,Non-Intersection,Dawn,Clear,Unknown,Unknown,Unknown EMS Scene Arrival Hour,Unknown EMS Scene Arrival Minutes,Unknown,Unknown EMS Hospital Arrival Time,1,Twilight,Clear,1,0,['Driver'],['None_Used'],0,0,Invalid,0.0,0.0,20.0,20.0,['Male'],0,0,3,4,3,Dry,Straight,Level,Lowest,No
6691,8,Colorado,80280,0,1,1,0,1,COLORADO SPRINGS,June,20,Tuesday,21,52,Urban,High Speed (Arterial),Yes,38.92605556,-104.70478333,Non-Intersection,Dark - Lighted,Clear,9:00pm-9:59pm,52,9:00pm-9:59pm,58,Not Applicable (Not Transported),Not Applicable (Not Transported),1,Dark - Lighted,Clear,1,0,['Driver'],['Shoulder_Lapbelt'],1,1,Valid,0.0,0.0,45.0,45.0,['Male'],1,0,2,4,3,Dry,Straight,Grade/Hillcrest,Lowest,No
6692,8,Colorado,80281,0,2,2,0,6,NOT APPLICABLE,June,26,Monday,15,49,Rural,High Speed (Arterial),Yes,37.80205,-106.14816667,Non-Intersection,Daylight,Clear,Unknown,Unknown,Unknown EMS Scene Arrival Hour,Unknown EMS Scene Arrival Minutes,Unknown,Unknown EMS Hospital Arrival Time,2,Daylight,Clear,2,4,"['Driver', 'Rear_Seat']","['Shoulder_Lapbelt', 'Shoulder_Lapbelt']",0,0,Valid,0.0,0.0,72.0,37.0,"['Female', 'Male']",0,0,3,4,5,Dry,Straight,Level,Medium,No
6693,8,Colorado,80282,0,1,1,0,1,NOT APPLICABLE,June,27,Tuesday,20,48,Rural,Medium Speed (Collector),No,40.49010278,-105.19933889,Non-Intersection,Dark - Not Lighted,Clear,8:00pm-8:59pm,48,9:00pm-9:59pm,0,9:00pm-9:59pm,40,1,Dark - Unlighted,Clear,1,0,['Driver'],['None_Used'],0,0,Valid,1.0,2.0,30.0,30.0,['Male'],1,0,5,4,2,Dry,Curve,Level,Lowest,No
6694,8,Colorado,80283,1,1,1,0,1,DENVER,June,15,Thursday,21,31,Urban,Medium Speed (Collector),No,39.69505556,-104.90346111,Non-Intersection,Dark - Lighted,Rain,9:00pm-9:59pm,31,9:00pm-9:59pm,39,Not Applicable (Not Transported),Not Applicable (Not Transported),1,Dark - Lighted,Rain/Wind/Minor,0,1,[],[],0,0,Valid,0.0,1.0,47.0,47.0,['Male'],0,0,3,3,4,Wet/Standing Water,Straight,Level,Lowest,No
6695,8,Colorado,80284,0,1,1,0,1,DENVER,June,14,Wednesday,14,43,Urban,High Speed (Arterial),Yes,39.72625,-105.01283611,Non-Intersection,Daylight,Clear,2:00pm-2:59pm,44,2:00pm-2:59pm,55,Not Applicable (Not Transported),Not Applicable (Not Transported),1,Daylight,Clear,1,0,['Driver'],['None_Used'],1,1,Valid,0.0,0.0,46.0,46.0,['Male'],0,0,2,4,3,Dry,Curve,Grade/Hillcrest,Lowest,No
6696,8,Colorado,80285,1,1,1,0,3,PUEBLO,June,21,Wednesday,21,56,Urban,High Speed (Arterial),Yes,38.25846111,-104.64304444,Non-Intersection,Dark - Lighted,Clear,9:00pm-9:59pm,57,9:00pm-9:59pm,58,10:00pm-10:59pm,16,1,Dark - Lighted,Clear,0,3,[],[],0,0,Valid,0.0,0.0,18.0,18.0,['Female'],3,0,2,4,4,Dry,Straight,Level,Lowest,No
6697,8,Colorado,80286,0,1,1,0,1,COLORADO SPRINGS,June,25,Sunday,14,38,Urban,High Speed (Arterial),Yes,38.8275,-104.83516111,Non-Intersection,Daylight,Clear,2:00pm-2:59pm,38,3:00pm-3:59pm,3,3:00pm-3:59pm,10,1,Daylight,Clear,1,0,['Driver'],['None_Used'],1,1,Invalid,0.0,0.0,69.0,69.0,['Male'],0,0,2,4,3,Dry,Straight,Grade/Hillcrest,Lowest,No
6698,8,Colorado,80287,0,2,2,0,3,GREELEY,June,11,Sunday,1,33,Urban,High Speed (Arterial),Yes,40.39210556,-104.75618889,Complex/Circle,Dark - Lighted,Clear,1:00am-1:59am,33,1:00am-1:59am,44,1:00am-1:59am,56,1,Dark - Lighted,Clear,1,2,['Driver'],['None_Used'],0,0,Valid,0.0,1.0,19.0,17.0,"['Male', 'Male']",0,0,5,4,5,Dry,Straight,Level,Lowest,No
6699,8,Colorado,80288,0,1,1,0,1,NOT APPLICABLE,June,30,Friday,14,46,Rural,Medium Speed (Collector),No,38.19006667,-106.51133889,Non-Intersection,Daylight,Clear,Unknown,Unknown,Unknown EMS Scene Arrival Hour,Unknown EMS Scene Arrival Minutes,Not Applicable (Not Transported),Not Applicable (Not Transported),1,Daylight,Clear,1,0,['Driver'],['None_Used'],0,0,Valid,0.0,0.0,62.0,62.0,['Male'],0,0,5,4,2,Dry,Straight,Level,Lowest,No
6700,8,Colorado,80289,0,1,1,0,3,NOT APPLICABLE,June,30,Friday,20,44,Urban,High Speed (Arterial),Yes,39.54429444,-104.92111111,Non-Intersection,Dusk,Clear,8:00pm-8:59pm,45,8:00pm-8:59pm,50,Unknown,Unknown EMS Hospital Arrival Time,2,Twilight,Clear,2,1,"['Driver', 'Rear_Seat']","['None_Used', 'None_Used']",1,1,Valid,0.0,0.0,18.0,18.0,['Female'],3,0,2,4,3,Dry,Curve,Grade/Hillcrest,Lowest,No
6701,8,Colorado,80290,0,2,2,0,2,AULT,June,19,Monday,16,7,Rural,High Speed (Arterial),Yes,40.58254444,-104.75893333,Non-Intersection,Daylight,Clear,4:00pm-4:59pm,11,4:00pm-4:59pm,22,5:00pm-5:59pm,16,1,Daylight,Clear,1,1,['Driver'],['Shoulder_Lapbelt'],0,0,Valid,0.0,0.0,42.0,19.0,"['Male', 'Male']",0,0,3,4,5,Dry,Straight,Level,Lowest,No
6702,8,Colorado,80291,0,2,2,0,4,DENVER,June,9,Friday,22,12,Urban,High Speed (Arterial),Yes,39.74022778,-104.90340556,Complex/Circle,Dark - Lighted,Clear,10:00pm-10:59pm,12,10:00pm-10:59pm,15,10:00pm-10:59pm,24,1,Dark - Lighted,Clear,1,3,['Driver'],['None_Used'],1,1,Invalid,0.0,0.0,71.0,34.0,"['Male', 'Male']",1,0,5,4,5,Dry,Straight,Level,Lowest,No
6703,8,Colorado,80292,0,1,1,0,1,DENVER,June,17,Saturday,20,7,Urban,High Speed (Arterial),Yes,39.78402222,-105.04552778,Non-Intersection,Daylight,Clear,7:00pm-7:59pm,58,8:00pm-8:59pm,6,Not Applicable (Not Transported),Not Applicable (Not Transported),1,Daylight,Clear,1,0,['Driver'],['None_Used'],0,0,Valid,0.0,0.0,42.0,42.0,['Male'],1,0,5,4,3,Dry,Curve,Level,Lowest,No
6704,8,Colorado,80293,1,1,1,0,1,DENVER,June,8,Thursday,12,51,Urban,High Speed (Arterial),Yes,39.71091111,-104.86607778,Complex/Circle,Daylight,Clear,12:00pm-12:59pm,51,12:00pm-12:59pm,57,1:00pm-1:59pm,8,1,Daylight,Clear,0,1,[],[],0,0,Invalid,0.0,0.0,59.0,59.0,['Female'],0,0,3,1,4,Dry,Straight,Level,Lowest,No
6705,8,Colorado,80294,0,2,2,0,2,FRUITA,June,23,Friday,1,15,Urban,High Speed (Arterial),Yes,39.14441389,-108.71404167,Non-Intersection,Dark - Not Lighted,Clear,1:00am-1:59am,15,1:00am-1:59am,19,Unknown,Unknown EMS Hospital Arrival Time,1,Dark - Unlighted,Clear,1,1,['Driver'],['Shoulder_Lapbelt'],1,1,Invalid,0.0,1.0,26.0,17.0,"['Male', 'Male']",0,0,3,4,5,Dry,Straight,Level,Lowest,No
6706,8,Colorado,80295,0,1,1,0,2,DENVER,June,29,Thursday,2,17,Urban,High Speed (Arterial),Yes,39.63388889,-104.90388889,Non-Intersection,Dark - Lighted,Clear,2:00am-2:59am,20,2:00am-2:59am,44,3:00am-3:59am,4,1,Dark - Lighted,Clear,1,1,['Front_Passenger'],['Shoulder_Lapbelt'],1,1,Valid,0.0,0.0,36.0,36.0,['Male'],2,0,2,4,2,Dry,Curve,Grade/Hillcrest,Lowest,No
6707,8,Colorado,80296,1,1,1,0,1,LONGMONT,June,24,Saturday,10,45,Urban,Low Speed (Local),No,40.15273889,-105.11200833,Complex/Circle,Daylight,Clear,10:00am-10:59am,44,10:00am-10:59am,49,11:00am-11:59am,0,1,Daylight,Clear,0,1,[],[],1,1,Valid,1.0,0.0,46.0,46.0,['Male'],0,0,3,3,4,Dry,Straight,Level,Lowest,No
6708,8,Colorado,80297,0,3,3,0,5,MONTROSE,June,29,Thursday,13,20,Urban,High Speed (Arterial),Yes,38.50404444,-107.90558056,Complex/Circle,Daylight,Clear,1:00pm-1:59pm,20,1:00pm-1:59pm,27,1:00pm-1:59pm,43,1,Daylight,Clear,1,4,['Front_Passenger'],['Shoulder_Lapbelt'],0,0,Valid,1.0,2.0,84.0,53.0,"['Female', 'Female', 'Male']",0,0,3,4,5,Dry,Straight,Level,Lowest,No
6709,8,Colorado,80298,0,2,2,0,2,LOCHBUIE,June,24,Saturday,10,28,Rural,Low Speed (Local),No,40.01503333,-104.73244444,Non-Intersection,Daylight,Clear,10:00am-10:59am,29,10:00am-10:59am,31,Not Applicable (Not Transported),Not Applicable (Not Transported),1,Daylight,Clear,1,1,['Driver'],['None_Used'],0,0,Valid,0.0,0.0,63.0,19.0,"['Male', 'Male']",0,0,5,4,5,Dry,Straight,Level,Lowest,No
6710,8,Colorado,80299,0,2,2,0,4,DELTA,June,10,Saturday,9,16,Urban,Medium Speed (Collector),No,38.74310833,-108.05911111,Simple Junction,Daylight,Clear,9:00am-9:59am,17,9:00am-9:59am,22,9:00am-9:59am,39,1,Daylight,Clear,1,3,['Driver'],['None_Used'],0,0,Valid,0.0,1.0,58.0,51.0,"['Male', 'Male']",1,0,5,4,5,Dry,Straight,Level,Lowest,No
6711,8,Colorado,80300,0,1,1,0,2,DENVER,June,5,Monday,2,49,Urban,High Speed (Arterial),Yes,39.79055556,-105.05335556,Non-Intersection,Dark - Not Lighted,Clear,2:00am-2:59am,52,3:00am-3:59am,6,Unknown,Unknown EMS Hospital Arrival Time,1,Dark - Unlighted,Clear,1,1,['Front_Passenger'],['Shoulder_Lapbelt'],1,1,Invalid,0.0,0.0,16.0,16.0,['Male'],2,0,3,4,3,Dry,Straight,Grade/Hillcrest,Lowest,No
6712,8,Colorado,80301,0,1,1,0,1,NOT APPLICABLE,June,4,Sunday,3,33,Rural,High Speed (Arterial),Yes,37.72133333,-108.03096667,Non-Intersection,Dark - Not Lighted,Clear,Unknown,Unknown,Unknown EMS Scene Arrival Hour,Unknown EMS Scene Arrival Minutes,Not Applicable (Not Transported),Not Applicable (Not Transported),1,Dark - Unlighted,Clear,1,0,['Driver'],['None_Used'],1,1,Valid,0.0,0.0,74.0,74.0,['Male'],0,0,3,4,2,Dry,Curve,Grade/Hillcrest,Lowest,No
6713,8,Colorado,80302,0,2,2,0,5,NOT APPLICABLE,June,21,Wednesday,15,12,Rural,High Speed (Arterial),Yes,38.48701111,-105.37153333,Simple Junction,Daylight,Clear,Unknown,Unknown,Unknown EMS Scene Arrival Hour,Unknown EMS Scene Arrival Minutes,Not Applicable (Not Transported),Not Applicable (Not Transported),1,Daylight,Clear,1,4,['Driver'],['None_Used'],0,0,Invalid,0.0,4.0,60.0,51.0,"['Male', 'Male']",1,0,5,4,5,Dry,Straight,Grade/Hillcrest,Lowest,No
6714,8,Colorado,80303,0,4,4,0,9,NOT APPLICABLE,July,2,Sunday,16,29,Urban,High Speed (Arterial),Yes,40.35989444,-104.69668611,Complex/Circle,Daylight,Clear,Unknown,Unknown,Unknown EMS Scene Arrival Hour,Unknown EMS Scene Arrival Minutes,Unknown,Unknown EMS Hospital Arrival Time,1,Daylight,Clear,1,8,['Driver'],['Shoulder_Lapbelt'],1,1,Invalid,0.0,0.0,65.0,23.0,"['Male', 'Male', 'Female', 'Female']",1,0,3,4,5,Dry,Straight,Level,Lowest,No
6715,8,Colorado,80304,0,1,1,0,1,FORT COLLINS,July,2,Sunday,7,48,Urban,High Speed (Arterial),Yes,40.55736111,-105.00141667,Non-Intersection,Daylight,Clear,7:00am-7:59am,48,7:00am-7:59am,55,Not Applicable (Not Transported),Not Applicable (Not Transported),1,Daylight,Clear,1,0,['Driver'],['None_Used'],0,0,Valid,0.0,0.0,16.0,16.0,['Male'],0,0,3,4,3,Dry,Straight,Level,Lowest,No
6716,8,Colorado,80305,1,1,1,0,1,FEDERAL HEIGHTS,July,2,Sunday,21,23,Urban,Low Speed (Local),No,39.86535278,-105.02268333,Non-Intersection,Dark - Lighted,Clear,Unknown,Unknown,Unknown EMS Scene Arrival Hour,Unknown EMS Scene Arrival Minutes,Unknown,Unknown EMS Hospital Arrival Time,1,Dark - Lighted,Clear,0,1,[],[],0,0,Valid,0.0,1.0,21.0,21.0,['Male'],1,0,3,4,4,Dry,Straight,Level,Lowest,No
6717,8,Colorado,80306,0,3,3,0,4,NOT APPLICABLE,July,3,Monday,11,47,Rural,Medium Speed (Collector),No,39.94007222,-105.50386111,Simple Junction,Daylight,Clear,11:00am-11:59am,49,11:00am-11:59am,56,Not Applicable (Not Transported),Not Applicable (Not Transported),1,Daylight,Clear,1,3,['Driver'],['None_Used'],0,0,Valid,0.0,1.0,60.0,19.0,"['Male', 'Male', 'Female']",0,0,5,4,5,Dry,Straight,Grade/Hillcrest,Lowest,No
6718,8,Colorado,80307,0,2,2,0,2,AURORA,July,3,Monday,21,13,Urban,High Speed (Arterial),Yes,39.74029444,-104.78686389,Simple Junction,Dark - Lighted,Rain,9:00pm-9:59pm,13,9:00pm-9:59pm,15,Not Applicable (Not Transported),Not Applicable (Not Transported),1,Dark - Lighted,Rain/Wind/Minor,1,1,['Driver'],['Shoulder_Lapbelt'],1,1,Valid,0.0,0.0,69.0,20.0,"['Female', 'Male']",1,0,3,4,5,Wet/Standing Water,Straight,Level,Lowest,No
6719,8,Colorado,80308,0,1,1,0,4,NOT APPLICABLE,July,4,Tuesday,5,56,Rural,Medium Speed (Collector),No,40.44941667,-103.00772222,Non-Intersection,Daylight,Clear,5:00am-5:59am,57,6:00am-6:59am,18,6:00am-6:59am,58,2,Daylight,Clear,2,2,"['Front_Passenger', 'Rear_Seat']","['Shoulder_Lapbelt', 'None_Used']",0,0,Valid,0.0,0.0,18.0,18.0,['Male'],0,0,3,4,3,Dry,Straight,Level,Medium,No
6720,8,Colorado,80309,0,1,1,0,2,THORNTON,July,2,Sunday,1,51,Urban,Low Speed (Local),No,39.92022222,-104.94961389,Non-Intersection,Dark - Lighted,Clear,1:00am-1:59am,58,2:00am-2:59am,1,Unknown,Unknown EMS Hospital Arrival Time,1,Dark - Lighted,Clear,1,1,['Driver'],['Shoulder_Lapbelt'],1,1,Valid,0.0,0.0,18.0,18.0,['Male'],2,0,3,4,3,Dry,Straight,Level,Lowest,No
6721,8,Colorado,80310,0,2,2,0,3,AURORA,July,6,Thursday,13,21,Urban,High Speed (Arterial),Yes,39.63842778,-104.80451389,Simple Junction,Daylight,Clear,1:00pm-1:59pm,21,1:00pm-1:59pm,24,1:00pm-1:59pm,40,1,Daylight,Clear,1,2,['Driver'],['None_Used'],0,0,Valid,0.0,1.0,51.0,19.0,"['Male', 'Female']",1,0,5,4,5,Dry,Straight,Level,Lowest,No
6722,8,Colorado,80311,0,1,1,0,1,NOT APPLICABLE,July,8,Saturday,14,2,Rural,Medium Speed (Collector),No,39.73589167,-105.24438056,Non-Intersection,Daylight,Cloudy,2:00pm-2:59pm,2,2:00pm-2:59pm,9,Not Applicable (Not Transported),Not Applicable (Not Transported),1,Daylight,Reduced Visibility,1,0,['Driver'],['None_Used'],0,0,Valid,0.0,0.0,27.0,27.0,['Male'],1,0,5,3,2,Dry,Curve,Grade/Hillcrest,Lowest,No
6723,8,Colorado,80312,0,1,1,0,1,NOT APPLICABLE,July,8,Saturday,13,36,Rural,Medium Speed (Collector),No,39.18430833,-105.53521944,Non-Intersection,Daylight,Clear,Unknown,Unknown,Unknown EMS Scene Arrival Hour,Unknown EMS Scene Arrival Minutes,Not Applicable (Not Transported),Not Applicable (Not Transported),1,Daylight,Clear,1,0,['Driver'],['None_Used'],0,0,Valid,0.0,0.0,63.0,63.0,['Male'],1,0,3,4,3,Dry,Curve,Grade/Hillcrest,Lowest,No
6724,8,Colorado,80313,0,2,2,0,2,NOT APPLICABLE,July,8,Saturday,10,45,Rural,High Speed (Arterial),Yes,40.9817,-105.39402222,Non-Intersection,Daylight,Cloudy,10:00am-10:59am,46,11:00am-11:59am,9,Unknown,Unknown EMS Hospital Arrival Time,1,Daylight,Reduced Visibility,1,1,['Driver'],['None_Used'],0,0,Valid,0.0,1.0,70.0,47.0,"['Male', 'Male']",0,0,5,4,5,Dry,Curve,Grade/Hillcrest,Lowest,No
6725,8,Colorado,80314,0,1,1,0,1,NOT APPLICABLE,July,8,Saturday,10,20,Rural,High Speed (Arterial),Yes,39.22018056,-108.95821389,Non-Intersection,Daylight,Clear,10:00am-10:59am,21,Unknown EMS Scene Arrival Hour,Unknown EMS Scene Arrival Minutes,Not Applicable (Not Transported),Not Applicable (Not Transported),1,Daylight,Clear,1,0,['Driver'],['None_Used'],0,0,Invalid,0.0,0.0,70.0,70.0,['Male'],0,0,5,4,3,Dry,Curve,Grade/Hillcrest,Lowest,No
6726,8,Colorado,80315,0,1,1,0,1,NOT APPLICABLE,July,8,Saturday,22,38,Rural,High Speed (Arterial),Yes,37.56391667,-106.10393889,Non-Intersection,Dark - Not Lighted,Clear,Unknown,Unknown,Unknown EMS Scene Arrival Hour,Unknown EMS Scene Arrival Minutes,Not Applicable (Not Transported),Not Applicable (Not Transported),1,Dark - Unlighted,Clear,1,0,['Driver'],['None_Used'],1,1,Valid,0.0,0.0,27.0,27.0,['Female'],1,0,2,4,3,Dry,Straight,Level,Lowest,No
6727,8,Colorado,80316,0,2,2,0,2,ORCHARD CITY,July,8,Saturday,10,4,Rural,Medium Speed (Collector),No,38.82927778,-107.97120278,Simple Junction,Daylight,Clear,Unknown,Unknown,Unknown EMS Scene Arrival Hour,Unknown EMS Scene Arrival Minutes,Unknown,Unknown EMS Hospital Arrival Time,1,Daylight,Clear,1,1,['Driver'],['None_Used'],0,0,Valid,0.0,0.0,57.0,37.0,"['Male', 'Male']",0,0,3,4,5,Dry,Straight,Level,Lowest,No
6728,8,Colorado,80317,0,2,2,0,6,DENVER,July,8,Saturday,23,52,Urban,High Speed (Arterial),Yes,39.79835278,-104.86136111,Simple Junction,Dark - Not Lighted,Rain,Unknown,Unknown,Unknown EMS Scene Arrival Hour,Unknown EMS Scene Arrival Minutes,Unknown,Unknown EMS Hospital Arrival Time,1,Dark - Unlighted,Rain/Wind/Minor,1,5,['Driver'],['None_Used'],1,1,Invalid,1.0,0.0,27.0,23.0,"['Male', 'Male']",2,0,3,4,5,Wet/Standing Water,Straight,Level,Lowest,No
6729,8,Colorado,80318,0,3,3,0,5,NOT APPLICABLE,July,9,Sunday,15,9,Rural,Medium Speed (Collector),No,39.13361111,-104.90970556,Non-Intersection,Daylight,Clear,3:00pm-3:59pm,9,3:00pm-3:59pm,30,Unknown,Unknown EMS Hospital Arrival Time,1,Daylight,Clear,1,4,['Driver'],['None_Used'],0,0,Valid,0.0,1.0,82.0,47.0,"['Male', 'Female', 'Female']",4,0,3,4,5,Dry,Straight,Grade/Hillcrest,Lowest,No
6730,8,Colorado,80319,0,1,1,0,1,MEAD,July,3,Monday,19,1,Rural,Medium Speed (Collector),No,40.21878611,-104.94183333,Non-Intersection,Daylight,Clear,7:00pm-7:59pm,5,7:00pm-7:59pm,10,Not Applicable (Not Transported),Not Applicable (Not Transported),1,Daylight,Clear,1,0,['Driver'],['None_Used'],1,1,Valid,0.0,0.0,48.0,48.0,['Male'],0,0,3,4,3,Dry,Straight,Level,Lowest,No
6731,8,Colorado,80320,0,2,2,0,3,AURORA,July,10,Monday,2,3,Urban,High Speed (Arterial),Yes,39.77008889,-104.80977222,Complex/Circle,Dark - Lighted,Clear,2:00am-2:59am,3,2:00am-2:59am,9,Unknown,Unknown EMS Hospital Arrival Time,1,Dark - Lighted,Clear,1,2,['Driver'],['None_Used'],1,1,Invalid,1.0,0.0,57.0,26.0,"['Male', 'Male']",0,0,3,4,5,Dry,Straight,Level,Lowest,No
6732,8,Colorado,80321,1,1,1,0,1,WESTMINSTER,July,4,Tuesday,22,37,Urban,High Speed (Arterial),Yes,39.89089444,-105.05315278,Non-Intersection,Dark - Lighted,Cloudy,10:00pm-10:59pm,37,10:00pm-10:59pm,37,Not Applicable (Not Transported),Not Applicable (Not Transported),1,Dark - Lighted,Reduced Visibility,0,1,[],[],0,0,Valid,0.0,0.0,29.0,29.0,['Male'],0,0,3,3,4,Dry,Straight,Grade/Hillcrest,Lowest,No
6733,8,Colorado,80322,0,1,1,0,3,NOT APPLICABLE,July,10,Monday,17,28,Urban,High Speed (Arterial),Yes,39.11955556,-108.3648,Non-Intersection,Daylight,Cloudy,Unknown,Unknown,Unknown EMS Scene Arrival Hour,Unknown EMS Scene Arrival Minutes,Unknown,Unknown EMS Hospital Arrival Time,1,Daylight,Reduced Visibility,1,2,['Front_Passenger'],['Shoulder_Lapbelt'],0,0,Valid,0.0,0.0,29.0,29.0,['Female'],0,0,2,4,3,Dry,Curve,Grade/Hillcrest,Lowest,Yes
6734,8,Colorado,80323,0,2,2,0,2,NOT APPLICABLE,July,11,Tuesday,5,24,Rural,High Speed (Arterial),Yes,40.253875,-104.80846944,Non-Intersection,Dawn,Clear,5:00am-5:59am,26,5:00am-5:59am,31,6:00am-6:59am,13,1,Twilight,Clear,1,1,['Driver'],['Shoulder_Lapbelt'],1,1,Valid,1.0,2.0,44.0,26.0,"['Male', 'Male']",0,0,3,4,5,Dry,Straight,Level,Lowest,No
6735,8,Colorado,80324,0,1,1,0,1,NOT APPLICABLE,July,9,Sunday,1,50,Urban,High Speed (Arterial),Yes,39.81426667,-104.98244722,Non-Intersection,Dark - Lighted,Cloudy,Unknown,Unknown,Unknown EMS Scene Arrival Hour,Unknown EMS Scene Arrival Minutes,Unknown,Unknown EMS Hospital Arrival Time,1,Dark - Lighted,Reduced Visibility,1,0,['Driver'],['None_Used'],1,1,Valid,0.0,0.0,34.0,34.0,['Male'],1,0,3,4,3,Dry,Straight,Level,Lowest,No
6736,8,Colorado,80325,0,1,1,0,1,NOT APPLICABLE,July,13,Thursday,13,5,Rural,High Speed (Arterial),Yes,37.91199167,-107.70248056,Non-Intersection,Daylight,Clear,Unknown,Unknown,Unknown EMS Scene Arrival Hour,Unknown EMS Scene Arrival Minutes,Not Applicable (Not Transported),Not Applicable (Not Transported),1,Daylight,Clear,1,0,['Driver'],['None_Used'],1,1,Invalid,0.0,0.0,31.0,31.0,['Male'],1,0,2,4,3,Dry,Curve,Grade/Hillcrest,Lowest,No
6737,8,Colorado,80326,0,2,2,0,3,NOT APPLICABLE,July,13,Thursday,1,20,Rural,High Speed (Arterial),Yes,38.68991111,-102.77581667,Non-Intersection,Dark - Not Lighted,Cloudy,Unknown,Unknown,Unknown EMS Scene Arrival Hour,Unknown EMS Scene Arrival Minutes,Not Applicable (Not Transported),Not Applicable (Not Transported),3,Dark - Unlighted,Reduced Visibility,3,0,"['Driver', 'Driver', 'Front_Passenger']","['Shoulder_Lapbelt', 'Shoulder_Lapbelt', 'None_Used']",1,2,Valid,0.0,0.0,62.0,19.0,"['Male', 'Male']",1,0,3,4,5,Dry,Curve,Level,Lowest,No
6738,8,Colorado,80327,0,1,1,0,2,NOT APPLICABLE,July,13,Thursday,15,15,Rural,Medium Speed (Collector),No,37.78602778,-105.17823333,Non-Intersection,Daylight,Clear,Unknown,Unknown,Unknown EMS Scene Arrival Hour,Unknown EMS Scene Arrival Minutes,Unknown,Unknown EMS Hospital Arrival Time,1,Daylight,Clear,1,1,['Driver'],['Shoulder_Lapbelt'],0,0,Invalid,0.0,0.0,31.0,31.0,['Male'],2,0,4,4,3,Dry,Curve,Level,Lowest,No
6739,8,Colorado,80328,0,3,3,0,4,NOT APPLICABLE,July,13,Thursday,17,47,Urban,High Speed (Arterial),Yes,39.55756667,-104.9578,Non-Intersection,Daylight,Clear,5:00pm-5:59pm,57,6:00pm-6:59pm,20,Not Applicable (Not Transported),Not Applicable (Not Transported),1,Daylight,Clear,1,3,['Driver'],['None_Used'],0,0,Valid,0.0,1.0,29.0,20.0,"['Male', 'Male', 'Female']",1,0,5,4,5,Dry,Straight,Grade/Hillcrest,Lowest,No