,State_Code,State_Name,Crash_ID,Count_Non_Motorists,Count_Vehicles_Total,Count_Vehicle_Forms,Count_PVH_Involved,Count_Occupants_MV,City_Name,Month_Name,Day_of_Month,Day_of_Week,Crash_Hour,Crash_Minute,Area_Rural_Urban,Road_Functional_Class,On_NHS_Road,Latitude,Longitude,Intersection_Type,Light_Condition,Weather_Condition,Notif_Hour,Notif_Minute,Arrival_Hour,Arrival_Minute,Hospital_Hour,Hospital_Minute,Fatalities_Count,Clean_Light_Condition,Clean_Weather_Condition,Total_Killed,Total_Alive,Fatal_Seats_List,Killed_Restraint_List,Any_Driver_Drinking,Total_Drinking_Drivers,Driver_License_Category,Driver_Max_Prev_Accident_Count,Driver_Max_Prev_Speeding_Count,Max_Driver_Age,Min_Driver_Age,Driver_Sex_List,Total_Exceeding_Limit_Vehicles,Total_Too_Fast_Vehicles,Max_Vehicle_Type_Severity_5,Max_Vehicle_Damage_Rank,Max_Harmful_Event_Severity,Crash_Road_Surface_Condition,Crash_Horizontal_Alignment,Crash_Vertical_Profile,Crash_Impairment_Category,Crash_Vehicle_Defect
6740,8,Colorado,80329,0,2,2,0,4,WESTMINSTER,July,7,Friday,16,8,Urban,Medium Speed (Collector),No,39.94320278,-104.99298611,Complex/Circle,Daylight,Cloudy,4:00pm-4:59pm,17,4:00pm-4:59pm,34,5:00pm-5:59pm,3,1,Daylight,Reduced Visibility,1,3,['Front_Passenger'],['Shoulder_Lapbelt'],0,0,Valid,0.0,0.0,71.0,66.0,"['Male', 'Male']",0,0,3,4,5,Dry,Straight,Level,Lowest,No
6741,8,Colorado,80330,0,2,2,0,2,NOT APPLICABLE,July,14,Friday,16,34,Urban,Medium Speed (Collector),No,39.80195,-104.97505556,Complex/Circle,Daylight,Clear,Unknown,Unknown,Unknown EMS Scene Arrival Hour,Unknown EMS Scene Arrival Minutes,Not Applicable (Not Transported),Not Applicable (Not Transported),1,Daylight,Clear,1,1,['Driver'],['None_Used'],0,0,Valid,0.0,0.0,44.0,32.0,"['Male', 'Male']",1,0,5,4,5,Dry,Straight,Level,Lowest,No
6742,8,Colorado,80331,0,1,1,0,2,NOT APPLICABLE,July,15,Saturday,15,36,Rural,Medium Speed (Collector),No,38.03077222,-108.88486111,Non-Intersection,Daylight,Clear,Unknown,Unknown,Unknown EMS Scene Arrival Hour,Unknown EMS Scene Arrival Minutes,Unknown,Unknown EMS Hospital Arrival Time,1,Daylight,Clear,1,1,['Rear_Seat'],['None_Used'],0,0,Valid,0.0,0.0,56.0,56.0,['Male'],2,0,5,4,2,Dry,Curve,Grade/Hillcrest,Lowest,No
6743,8,Colorado,80332,0,1,1,0,1,NOT APPLICABLE,July,16,Sunday,16,55,Rural,Medium Speed (Collector),No,38.91011667,-104.38702778,Non-Intersection,Daylight,Clear,Unknown,Unknown,Unknown EMS Scene Arrival Hour,Unknown EMS Scene Arrival Minutes,Not Applicable (Not Transported),Not Applicable (Not Transported),1,Daylight,Clear,1,0,['Driver'],['None_Used'],1,1,Valid,0.0,0.0,50.0,50.0,['Male'],1,0,3,4,3,Dry,Straight,Level,Lowest,No
6744,8,Colorado,80333,0,2,2,0,2,NOT APPLICABLE,July,13,Thursday,10,30,Rural,Medium Speed (Collector),No,39.14981111,-108.6825,Complex/Circle,Daylight,Clear,10:00am-10:59am,35,10:00am-10:59am,38,Not Applicable (Not Transported),Not Applicable (Not Transported),1,Daylight,Clear,1,1,['Driver'],['None_Used'],0,0,Valid,0.0,1.0,65.0,43.0,"['Male', 'Male']",0,0,5,4,5,Dry,Straight,Level,Lowest,No
6745,8,Colorado,80334,0,3,3,0,3,AURORA,July,13,Thursday,7,29,Urban,Medium Speed (Collector),No,39.73286111,-104.73494167,Simple Junction,Daylight,Clear,7:00am-7:59am,33,7:00am-7:59am,40,Unknown,Unknown EMS Hospital Arrival Time,1,Daylight,Clear,1,2,['Driver'],['Shoulder_Lapbelt'],1,1,Valid,1.0,2.0,51.0,29.0,"['Male', 'Male', 'Male']",0,0,4,4,5,Dry,Straight,Level,Lowest,No
6746,8,Colorado,80335,0,1,1,0,3,AURORA,July,16,Sunday,3,30,Urban,High Speed (Arterial),Yes,39.71986111,-104.826475,Non-Intersection,Dark - Lighted,Clear,3:00am-3:59am,35,3:00am-3:59am,42,3:00am-3:59am,48,2,Dark - Lighted,Clear,2,1,"['Driver', 'Rear_Seat']","['None_Used', 'None_Used']",1,1,Invalid,0.0,0.0,35.0,35.0,['Male'],3,0,3,4,3,Dry,Curve,Level,Lowest,No
6747,8,Colorado,80336,0,2,1,1,3,NOT APPLICABLE,July,18,Tuesday,14,8,Rural,High Speed (Arterial),Yes,40.87273056,-104.95602222,Non-Intersection,Daylight,Clear,2:00pm-2:59pm,11,2:00pm-2:59pm,27,Not Applicable (Not Transported),Not Applicable (Not Transported),3,Daylight,Clear,3,0,"['Driver', 'Front_Passenger', 'Rear_Seat']","['None_Used', 'None_Used', 'None_Used']",0,0,Valid,0.0,0.0,18.0,18.0,['Male'],0,0,3,4,5,Dry,Straight,Level,Lowest,No
6748,8,Colorado,80337,0,2,2,0,2,NOT APPLICABLE,July,17,Monday,10,15,Rural,High Speed (Arterial),Yes,40.35712778,-103.59745,Non-Intersection,Daylight,Clear,10:00am-10:59am,16,10:00am-10:59am,22,11:00am-11:59am,23,1,Daylight,Clear,1,1,['Driver'],['None_Used'],0,0,Valid,0.0,0.0,87.0,45.0,"['Male', 'Male']",0,0,3,4,5,Dry,Straight,Level,Lowest,No
6749,8,Colorado,80338,0,2,2,0,3,NOT APPLICABLE,July,13,Thursday,20,44,Urban,High Speed (Arterial),Yes,39.46846111,-107.26543333,Non-Intersection,Dark - Not Lighted,Clear,Unknown,Unknown,Unknown EMS Scene Arrival Hour,Unknown EMS Scene Arrival Minutes,Unknown,Unknown EMS Hospital Arrival Time,1,Dark - Unlighted,Clear,1,1,['Rear_Seat'],['Shoulder_Lapbelt'],0,0,Invalid,0.0,0.0,998.0,76.0,"['Male', 'Female']",0,0,3,4,5,Dry,Straight,Non-Trafficway,Lowest,No
6750,8,Colorado,80339,1,1,1,0,1,COLORADO SPRINGS,July,12,Wednesday,4,7,Urban,High Speed (Arterial),Yes,38.83777778,-104.75726667,Non-Intersection,Dark - Lighted,Clear,Unknown,Unknown,Unknown EMS Scene Arrival Hour,Unknown EMS Scene Arrival Minutes,Not Applicable (Not Transported),Not Applicable (Not Transported),1,Dark - Lighted,Clear,0,1,[],[],0,0,Valid,0.0,0.0,60.0,60.0,['Male'],0,0,3,4,4,Dry,Straight,Grade/Hillcrest,Lowest,No
6751,8,Colorado,80340,0,1,1,0,1,NOT APPLICABLE,July,21,Friday,20,6,Urban,High Speed (Arterial),Yes,39.02939167,-104.83712222,Non-Intersection,Dark - Lighted,Clear,Unknown,Unknown,Unknown EMS Scene Arrival Hour,Unknown EMS Scene Arrival Minutes,Not Applicable (Not Transported),Not Applicable (Not Transported),1,Dark - Lighted,Clear,1,0,['Driver'],['None_Used'],0,0,Valid,0.0,1.0,43.0,43.0,['Male'],0,0,3,4,3,Dry,Straight,Grade/Hillcrest,Lowest,No
6752,8,Colorado,80341,0,2,2,0,2,NOT APPLICABLE,July,21,Friday,18,51,Rural,High Speed (Arterial),Yes,38.09936667,-103.14275556,Complex/Circle,Daylight,Clear,Unknown,Unknown,Unknown EMS Scene Arrival Hour,Unknown EMS Scene Arrival Minutes,Unknown,Unknown EMS Hospital Arrival Time,1,Daylight,Clear,1,1,['Driver'],['Shoulder_Lapbelt'],0,0,Valid,0.0,0.0,73.0,20.0,"['Female', 'Female']",1,0,3,4,5,Dry,Straight,Level,Lowest,No
6753,8,Colorado,80342,0,1,1,0,1,NOT APPLICABLE,July,21,Friday,15,6,Rural,High Speed (Arterial),Yes,37.61126667,-105.20918056,Non-Intersection,Daylight,Clear,Unknown,Unknown,Unknown EMS Scene Arrival Hour,Unknown EMS Scene Arrival Minutes,Unknown,Unknown EMS Hospital Arrival Time,1,Daylight,Clear,1,0,['Driver'],['None_Used'],0,0,Valid,0.0,0.0,53.0,53.0,['Male'],1,0,5,4,3,Dry,Curve,Grade/Hillcrest,Lowest,No
6754,8,Colorado,80343,0,1,1,0,1,NOT APPLICABLE,July,22,Saturday,12,48,Rural,High Speed (Arterial),Yes,38.87607778,-104.93603333,Non-Intersection,Daylight,Clear,Unknown,Unknown,Unknown EMS Scene Arrival Hour,Unknown EMS Scene Arrival Minutes,Not Applicable (Not Transported),Not Applicable (Not Transported),1,Daylight,Clear,1,0,['Driver'],['None_Used'],0,0,Valid,0.0,0.0,26.0,26.0,['Male'],1,0,5,2,2,Dry,Curve,Grade/Hillcrest,Lowest,No
6755,8,Colorado,80344,0,1,1,0,1,NOT APPLICABLE,July,22,Saturday,17,0,Rural,Medium Speed (Collector),No,39.56336667,-104.42228333,Simple Junction,Daylight,Clear,Unknown,Unknown,Unknown EMS Scene Arrival Hour,Unknown EMS Scene Arrival Minutes,Not Applicable (Not Transported),Not Applicable (Not Transported),1,Daylight,Clear,1,0,['Driver'],['None_Used'],1,1,Valid,1.0,0.0,58.0,58.0,['Male'],0,0,5,4,3,Dry,Straight,Level,Lowest,No
6756,8,Colorado,80345,0,1,1,0,1,NOT APPLICABLE,July,23,Sunday,23,40,Rural,Medium Speed (Collector),No,40.16271944,-104.60261667,Non-Intersection,Dark - Not Lighted,Clear,11:00pm-11:59pm,42,11:00pm-11:59pm,52,Not Applicable (Not Transported),Not Applicable (Not Transported),1,Dark - Unlighted,Clear,1,0,['Driver'],['None_Used'],1,1,Invalid,0.0,0.0,27.0,27.0,['Female'],0,0,3,4,3,Dry,Straight,Grade/Hillcrest,Lowest,No
6757,8,Colorado,80346,0,2,2,0,3,BRIGHTON,July,23,Sunday,0,3,Urban,High Speed (Arterial),Yes,39.98683333,-104.75230556,Complex/Circle,Dark - Lighted,Clear,0:00am-0:59am,3,0:00am-0:59am,9,Not Applicable (Not Transported),Not Applicable (Not Transported),1,Dark - Lighted,Clear,1,2,['Driver'],['None_Used'],1,2,Invalid,0.0,0.0,35.0,31.0,"['Male', 'Male']",1,0,5,4,5,Dry,Straight,Level,Lowest,No
6758,8,Colorado,80347,0,1,1,0,1,NOT APPLICABLE,July,22,Saturday,20,17,Urban,Low Speed (Local),No,39.42803889,-108.05065,Simple Junction,Dark - Lighted,Clear,Unknown,Unknown,Unknown EMS Scene Arrival Hour,Unknown EMS Scene Arrival Minutes,Not Applicable (Not Transported),Not Applicable (Not Transported),1,Dark - Lighted,Clear,1,0,['Driver'],['None_Used'],1,1,Valid,0.0,0.0,34.0,34.0,['Male'],1,0,5,4,3,Dry,Curve,Level,Lowest,No
6759,8,Colorado,80348,0,1,1,0,1,LAFAYETTE,July,3,Monday,21,13,Urban,High Speed (Arterial),Yes,39.98063889,-105.09834722,Non-Intersection,Dark - Lighted,Clear,9:00pm-9:59pm,13,9:00pm-9:59pm,16,Unknown,Unknown EMS Hospital Arrival Time,1,Dark - Lighted,Clear,1,0,['Driver'],['None_Used'],1,1,Invalid,0.0,0.0,50.0,50.0,['Male'],0,0,5,4,3,Dry,Curve,Level,Lowest,Yes
6760,8,Colorado,80349,0,2,2,0,3,NOT APPLICABLE,July,23,Sunday,12,9,Rural,High Speed (Arterial),Yes,40.50042222,-106.93,Non-Intersection,Daylight,Cloudy,Unknown,Unknown,Unknown EMS Scene Arrival Hour,Unknown EMS Scene Arrival Minutes,Unknown,Unknown EMS Hospital Arrival Time,1,Daylight,Reduced Visibility,1,2,['Front_Passenger'],['Shoulder_Lapbelt'],0,0,Valid,0.0,0.0,65.0,36.0,"['Male', 'Male']",0,0,3,4,5,Dry,Curve,Level,Lowest,No
6761,8,Colorado,80350,0,2,2,0,2,DENVER,July,18,Tuesday,14,19,Urban,Low Speed (Local),No,39.82511111,-104.69138889,Non-Intersection,Daylight,Clear,2:00pm-2:59pm,20,2:00pm-2:59pm,27,Not Applicable (Not Transported),Not Applicable (Not Transported),1,Daylight,Clear,1,1,['Driver'],['None_Used'],0,0,Valid,1.0,0.0,49.0,43.0,"['Male', 'Male']",0,0,4,4,5,Dry,Curve,Level,Lowest,No
6762,8,Colorado,80351,1,1,1,0,1,PUEBLO,July,20,Thursday,21,13,Urban,Medium Speed (Collector),No,38.25486111,-104.64410556,Complex/Circle,Dark - Lighted,Clear,9:00pm-9:59pm,14,9:00pm-9:59pm,16,9:00pm-9:59pm,25,1,Dark - Lighted,Clear,0,1,[],[],0,0,Invalid,0.0,0.0,998.0,998.0,['Other'],0,0,3,0,4,Dry,Straight,Level,Lowest,No
6763,8,Colorado,80352,0,2,2,0,2,FORT COLLINS,July,23,Sunday,12,33,Urban,Medium Speed (Collector),No,40.561825,-105.05804722,Simple Junction,Daylight,Clear,12:00pm-12:59pm,33,12:00pm-12:59pm,35,12:00pm-12:59pm,58,1,Daylight,Clear,1,1,['Driver'],['None_Used'],0,0,Valid,0.0,0.0,84.0,43.0,"['Male', 'Female']",0,0,5,4,5,Dry,Straight,Level,Lowest,No
6764,8,Colorado,80353,0,2,2,0,3,NOT APPLICABLE,July,24,Monday,16,15,Rural,Medium Speed (Collector),No,38.32305,-107.10038333,Non-Intersection,Daylight,Clear,Unknown,Unknown,Unknown EMS Scene Arrival Hour,Unknown EMS Scene Arrival Minutes,Unknown,Unknown EMS Hospital Arrival Time,1,Daylight,Clear,1,2,['Rear_Seat'],['None_Used'],0,0,Valid,0.0,0.0,63.0,32.0,"['Male', 'Male']",0,0,5,4,5,Dry,Curve,Grade/Hillcrest,Lowest,No
6765,8,Colorado,80354,0,2,2,0,3,NOT APPLICABLE,July,25,Tuesday,8,34,Rural,High Speed (Arterial),Yes,39.69840556,-105.86916111,Non-Intersection,Daylight,Clear,8:00am-8:59am,34,8:00am-8:59am,45,Not Applicable (Not Transported),Not Applicable (Not Transported),1,Daylight,Clear,1,2,['Driver'],['Shoulder_Lapbelt'],0,0,Invalid,0.0,1.0,40.0,26.0,"['Male', 'Male']",1,0,4,4,5,Dry,Straight,Grade/Hillcrest,Lowest,No
6766,8,Colorado,80355,0,1,1,0,1,VAIL,July,6,Thursday,6,34,Urban,High Speed (Arterial),Yes,39.64132778,-106.35944444,Non-Intersection,Daylight,Clear,6:00am-6:59am,35,6:00am-6:59am,39,Not Applicable (Not Transported),Not Applicable (Not Transported),1,Daylight,Clear,1,0,['Driver'],['None_Used'],0,0,Invalid,0.0,0.0,40.0,40.0,['Male'],0,0,3,4,3,Dry,Curve,Level,Medium,No
6767,8,Colorado,80356,0,1,1,0,1,FORT COLLINS,July,13,Thursday,15,18,Urban,Medium Speed (Collector),No,40.53798889,-105.02011667,Complex/Circle,Daylight,Clear,3:00pm-3:59pm,18,3:00pm-3:59pm,22,3:00pm-3:59pm,40,1,Daylight,Clear,1,0,['Driver'],['None_Used'],0,0,Valid,0.0,3.0,24.0,24.0,['Male'],0,0,5,1,3,Dry,Curve,Level,Lowest,No
6768,8,Colorado,80357,0,2,2,0,2,FORT COLLINS,July,28,Friday,5,2,Urban,Medium Speed (Collector),No,40.56711111,-105.05789444,Complex/Circle,Dawn,Rain,5:00am-5:59am,3,5:00am-5:59am,8,Not Applicable (Not Transported),Not Applicable (Not Transported),1,Twilight,Rain/Wind/Minor,1,1,['Driver'],['None_Used'],0,0,Invalid,0.0,0.0,35.0,31.0,"['Male', 'Female']",0,0,5,4,5,Wet/Standing Water,Straight,Level,Lowest,No
6769,8,Colorado,80358,2,1,1,0,1,NOT APPLICABLE,July,29,Saturday,12,8,Rural,Medium Speed (Collector),No,40.06216389,-105.4651,Non-Intersection,Daylight,Clear,12:00pm-12:59pm,5,12:00pm-12:59pm,18,Unknown,Unknown EMS Hospital Arrival Time,2,Daylight,Clear,1,0,['Driver'],['None_Used'],0,0,Valid,0.0,0.0,58.0,58.0,['Male'],0,0,5,4,4,Dry,Curve,Level,Lowest,No
6770,8,Colorado,80359,0,2,2,0,4,NOT APPLICABLE,July,30,Sunday,17,59,Rural,Medium Speed (Collector),No,40.80143056,-106.93549722,Non-Intersection,Daylight,Clear,Unknown,Unknown,Unknown EMS Scene Arrival Hour,Unknown EMS Scene Arrival Minutes,Not Applicable (Not Transported),Not Applicable (Not Transported),1,Daylight,Clear,1,3,['Driver'],['None_Used'],1,1,Valid,0.0,0.0,33.0,29.0,"['Male', 'Male']",1,0,5,4,5,Dry,Straight,Grade/Hillcrest,Lowest,No
6771,8,Colorado,80360,0,1,1,0,1,NOT APPLICABLE,July,29,Saturday,14,0,Rural,Medium Speed (Collector),No,39.15439167,-105.15261389,Non-Intersection,Daylight,Cloudy,Unknown,Unknown,Unknown EMS Scene Arrival Hour,Unknown EMS Scene Arrival Minutes,Unknown,Unknown EMS Hospital Arrival Time,1,Daylight,Reduced Visibility,1,0,['Driver'],['None_Used'],0,0,Valid,0.0,0.0,57.0,57.0,['Male'],0,0,5,4,3,Dry,Curve,Grade/Hillcrest,Lowest,No
6772,8,Colorado,80361,1,1,1,0,1,NOT APPLICABLE,July,29,Saturday,12,30,Urban,High Speed (Arterial),Yes,40.07076111,-105.21117778,Non-Intersection,Daylight,Clear,12:00pm-12:59pm,30,12:00pm-12:59pm,33,1:00pm-1:59pm,15,1,Daylight,Clear,0,1,[],[],0,0,Valid,0.0,0.0,23.0,23.0,['Female'],0,0,2,4,4,Dry,Straight,Level,Lowest,No
6773,8,Colorado,80362,0,2,2,0,2,ENGLEWOOD,July,30,Sunday,14,50,Urban,High Speed (Arterial),Yes,39.65284444,-104.99002222,Non-Intersection,Daylight,Clear,2:00pm-2:59pm,50,2:00pm-2:59pm,54,Not Applicable (Not Transported),Not Applicable (Not Transported),1,Daylight,Clear,1,1,['Driver'],['None_Used'],0,0,Valid,0.0,0.0,63.0,26.0,"['Male', 'Male']",0,0,5,4,5,Dry,Curve,Grade/Hillcrest,Lowest,No
6774,8,Colorado,80363,0,1,1,0,1,NOT APPLICABLE,July,29,Saturday,15,0,Rural,High Speed (Arterial),Yes,39.7446,-105.43527778,Non-Intersection,Daylight,Clear,3:00pm-3:59pm,0,3:00pm-3:59pm,7,3:00pm-3:59pm,50,1,Daylight,Clear,1,0,['Driver'],['None_Used'],0,0,Valid,0.0,0.0,59.0,59.0,['Male'],0,0,5,3,3,Dry,Straight,Grade/Hillcrest,Lowest,No
6775,8,Colorado,80364,1,1,1,0,3,AURORA,July,29,Saturday,20,50,Urban,Medium Speed (Collector),No,39.73090833,-104.87527778,Non-Intersection,Dark - Lighted,Clear,8:00pm-8:59pm,50,8:00pm-8:59pm,55,9:00pm-9:59pm,20,1,Dark - Lighted,Clear,0,3,[],[],0,0,Invalid,0.0,0.0,23.0,23.0,['Male'],0,0,2,3,4,Dry,Straight,Level,Lowest,No
6776,8,Colorado,80365,1,1,1,0,1,NOT APPLICABLE,July,30,Sunday,21,5,Rural,Medium Speed (Collector),No,38.78100278,-104.64024167,Non-Intersection,Dark - Not Lighted,Clear,Unknown,Unknown,Unknown EMS Scene Arrival Hour,Unknown EMS Scene Arrival Minutes,Not Applicable (Not Transported),Not Applicable (Not Transported),1,Dark - Unlighted,Clear,0,1,[],[],0,0,Invalid,1.0,0.0,53.0,53.0,['Male'],0,0,3,3,4,Dry,Straight,Level,Lowest,No
6777,8,Colorado,80366,0,1,1,0,1,MORRISON,July,31,Monday,3,0,Urban,Medium Speed (Collector),No,39.63916667,-105.19326667,Non-Intersection,Dark - Not Lighted,Clear,5:00am-5:59am,50,5:00am-5:59am,57,Not Applicable (Not Transported),Not Applicable (Not Transported),1,Dark - Unlighted,Clear,1,0,['Driver'],['None_Used'],1,1,Valid,0.0,0.0,23.0,23.0,['Female'],0,0,3,4,3,Dry,Straight,Grade/Hillcrest,Lowest,No
6778,8,Colorado,80367,0,2,2,0,2,WHEAT RIDGE,July,15,Saturday,12,36,Urban,Medium Speed (Collector),No,39.76211111,-105.07677222,Complex/Circle,Daylight,Clear,12:00pm-12:59pm,36,12:00pm-12:59pm,40,Unknown,Unknown EMS Hospital Arrival Time,1,Daylight,Clear,1,1,['Driver'],['Shoulder_Lapbelt'],0,0,Valid,1.0,0.0,88.0,49.0,"['Female', 'Male']",0,0,2,4,5,Dry,Straight,Grade/Hillcrest,Lowest,No
6779,8,Colorado,80368,0,1,1,0,1,NOT APPLICABLE,July,23,Sunday,14,5,Rural,Medium Speed (Collector),No,37.13006111,-107.62317222,Non-Intersection,Daylight,Clear,2:00pm-2:59pm,6,2:00pm-2:59pm,14,Not Applicable (Not Transported),Not Applicable (Not Transported),1,Daylight,Clear,1,0,['Driver'],['None_Used'],1,1,Valid,0.0,0.0,24.0,24.0,['Male'],0,0,3,4,3,Dry,Curve,Level,Lowest,No
6780,8,Colorado,80369,1,1,1,0,1,DENVER,July,27,Thursday,20,40,Urban,High Speed (Arterial),Yes,39.78335,-104.84697778,Non-Intersection,Dark - Lighted,Clear,8:00pm-8:59pm,40,8:00pm-8:59pm,43,8:00pm-8:59pm,50,1,Dark - Lighted,Clear,0,1,[],[],0,0,Valid,0.0,0.0,43.0,43.0,['Male'],0,0,2,2,4,Dry,Straight,Level,Lowest,No
6781,8,Colorado,80370,0,2,2,0,2,COLORADO SPRINGS,July,29,Saturday,0,7,Urban,High Speed (Arterial),Yes,38.80875,-104.74132222,Complex/Circle,Dark - Lighted,Clear,0:00am-0:59am,10,0:00am-0:59am,15,Not Applicable (Not Transported),Not Applicable (Not Transported),1,Dark - Lighted,Clear,1,1,['Driver'],['None_Used'],1,1,Valid,0.0,1.0,28.0,19.0,"['Male', 'Female']",1,0,3,4,5,Dry,Straight,Level,Lowest,Yes
6782,8,Colorado,80371,0,2,2,0,2,LOVELAND,July,23,Sunday,22,7,Urban,High Speed (Arterial),Yes,40.45706111,-105.07752222,Non-Intersection,Dark - Lighted,Clear,10:00pm-10:59pm,7,10:00pm-10:59pm,11,10:00pm-10:59pm,41,1,Dark - Lighted,Clear,1,1,['Driver'],['None_Used'],1,1,Valid,1.0,0.0,42.0,36.0,"['Male', 'Male']",0,0,5,4,5,Dry,Straight,Level,Lowest,No
6783,8,Colorado,80372,0,1,1,0,5,AURORA,July,16,Sunday,23,18,Urban,High Speed (Arterial),Yes,39.72047222,-104.8263,Non-Intersection,Dark - Lighted,Clear,11:00pm-11:59pm,18,11:00pm-11:59pm,22,11:00pm-11:59pm,25,3,Dark - Lighted,Clear,3,2,"['Driver', 'Front_Passenger', 'Rear_Seat']","['None_Used', 'None_Used', 'None_Used']",1,1,Valid,0.0,0.0,18.0,18.0,['Male'],5,0,2,4,3,Dry,Curve,Level,Lowest,No
6784,8,Colorado,80373,0,1,1,0,1,NOT APPLICABLE,July,20,Thursday,10,12,Rural,Medium Speed (Collector),No,39.59093333,-105.23886667,Non-Intersection,Daylight,Cloudy,10:00am-10:59am,10,10:00am-10:59am,20,Not Applicable (Not Transported),Not Applicable (Not Transported),1,Daylight,Reduced Visibility,1,0,['Driver'],['None_Used'],0,0,Invalid,1.0,2.0,49.0,49.0,['Male'],0,0,3,4,3,Dry,Straight,Level,Medium,No
6785,8,Colorado,80374,0,2,2,0,5,WESTMINSTER,July,22,Saturday,12,0,Urban,Medium Speed (Collector),No,39.96466667,-104.99651667,Simple Junction,Daylight,Clear,Unknown,Unknown,Unknown EMS Scene Arrival Hour,Unknown EMS Scene Arrival Minutes,Unknown,Unknown EMS Hospital Arrival Time,1,Daylight,Clear,1,4,['Front_Passenger'],['Shoulder_Lapbelt'],0,0,Valid,0.0,0.0,78.0,36.0,"['Male', 'Female']",0,0,3,4,5,Dry,Straight,Level,Lowest,No
6786,8,Colorado,80375,0,3,3,0,3,NOT APPLICABLE,July,31,Monday,8,29,Rural,High Speed (Arterial),Yes,40.58250833,-104.77334167,Complex/Circle,Daylight,Clear,Unknown,Unknown,Unknown EMS Scene Arrival Hour,Unknown EMS Scene Arrival Minutes,Unknown,Unknown EMS Hospital Arrival Time,1,Daylight,Clear,1,2,['Driver'],['None_Used'],0,0,Valid,0.0,0.0,78.0,21.0,"['Female', 'Male', 'Female']",0,0,3,4,5,Dry,Straight,Level,Lowest,No
6787,8,Colorado,80376,0,2,2,0,2,MEAD,July,26,Wednesday,21,57,Rural,High Speed (Arterial),Yes,40.203725,-105.04526111,Non-Intersection,Dark - Not Lighted,Clear,9:00pm-9:59pm,57,10:00pm-10:59pm,0,Not Applicable (Not Transported),Not Applicable (Not Transported),1,Dark - Unlighted,Clear,1,1,['Driver'],['None_Used'],1,1,Invalid,0.0,1.0,42.0,38.0,"['Male', 'Male']",0,0,5,4,5,Dry,Straight,Grade/Hillcrest,Lowest,No
6788,8,Colorado,80377,0,1,1,0,1,DACONO,July,29,Saturday,17,9,Urban,Low Speed (Local),No,40.04861111,-104.98004444,Non-Intersection,Daylight,Clear,Unknown,Unknown,Unknown EMS Scene Arrival Hour,Unknown EMS Scene Arrival Minutes,Unknown,Unknown EMS Hospital Arrival Time,1,Daylight,Clear,1,0,['Driver'],['None_Used'],1,1,Valid,0.0,0.0,72.0,72.0,['Male'],0,0,5,4,3,Dry,Curve,Level,Lowest,No
6789,8,Colorado,80378,1,1,1,0,1,DENVER,July,31,Monday,20,49,Urban,Medium Speed (Collector),No,39.77834167,-104.98058056,Non-Intersection,Dark - Lighted,Rain,8:00pm-8:59pm,50,8:00pm-8:59pm,54,Not Applicable (Not Transported),Not Applicable (Not Transported),1,Dark - Lighted,Rain/Wind/Minor,0,1,[],[],0,0,Invalid,0.0,0.0,998.0,998.0,['Other'],0,0,1,0,4,Wet/Standing Water,Straight,Level,Lowest,No
6790,8,Colorado,80379,0,1,1,0,2,DENVER,July,21,Friday,1,53,Urban,Low Speed (Local),No,39.79133333,-104.81719444,Non-Intersection,Dark - Lighted,Clear,1:00am-1:59am,53,2:00am-2:59am,0,Not Applicable (Not Transported),Not Applicable (Not Transported),2,Dark - Lighted,Clear,2,0,"['Driver', 'Front_Passenger']","['Shoulder_Lapbelt', 'Shoulder_Lapbelt']",1,1,Valid,0.0,0.0,17.0,17.0,['Male'],2,0,2,4,3,Dry,Curve,Level,Lowest,No
6791,8,Colorado,80380,1,1,1,0,1,COLORADO SPRINGS,July,22,Saturday,23,55,Urban,High Speed (Arterial),Yes,38.93805556,-104.81312778,Non-Intersection,Dark - Lighted,Clear,11:00pm-11:59pm,55,0:00am-0:59am,4,Unknown,Unknown EMS Hospital Arrival Time,1,Dark - Lighted,Clear,0,1,[],[],0,0,Valid,0.0,3.0,30.0,30.0,['Male'],0,0,2,3,4,Dry,Straight,Level,Lowest,No
6792,8,Colorado,80381,1,1,1,0,1,DENVER,July,16,Sunday,5,0,Urban,Medium Speed (Collector),No,39.69298611,-104.93633889,Complex/Circle,Dawn,Clear,5:00am-5:59am,4,5:00am-5:59am,20,5:00am-5:59am,32,1,Twilight,Clear,0,1,[],[],0,0,Invalid,0.0,0.0,998.0,998.0,['Other'],0,0,1,0,4,Dry,Straight,Level,Lowest,No
6793,8,Colorado,80382,0,1,1,0,1,NOT APPLICABLE,August,2,Wednesday,1,10,Rural,High Speed (Arterial),Yes,38.494975,-105.29379444,Non-Intersection,Dark - Not Lighted,Clear,Unknown,Unknown,Unknown EMS Scene Arrival Hour,Unknown EMS Scene Arrival Minutes,Not Applicable (Not Transported),Not Applicable (Not Transported),1,Dark - Unlighted,Clear,1,0,['Driver'],['Shoulder_Lapbelt'],0,0,Valid,0.0,0.0,81.0,81.0,['Male'],1,0,3,4,3,Dry,Curve,Grade/Hillcrest,Medium,No
6794,8,Colorado,80383,0,1,1,0,2,NOT APPLICABLE,August,2,Wednesday,14,35,Rural,High Speed (Arterial),Yes,40.36033333,-106.77718333,Non-Intersection,Daylight,Clear,Unknown,Unknown,Unknown EMS Scene Arrival Hour,Unknown EMS Scene Arrival Minutes,Not Applicable (Not Transported),Not Applicable (Not Transported),2,Daylight,Clear,2,0,"['Driver', 'Front_Passenger']","['None_Used', 'None_Used']",0,0,Valid,0.0,0.0,51.0,51.0,['Male'],2,0,4,4,3,Dry,Curve,Grade/Hillcrest,Lowest,Yes