,State_Code,State_Name,Crash_ID,Count_Non_Motorists,Count_Vehicles_Total,Count_Vehicle_Forms,Count_PVH_Involved,Count_Occupants_MV,City_Name,Month_Name,Day_of_Month,Day_of_Week,Crash_Hour,Crash_Minute,Area_Rural_Urban,Road_Functional_Class,On_NHS_Road,Latitude,Longitude,Intersection_Type,Light_Condition,Weather_Condition,Notif_Hour,Notif_Minute,Arrival_Hour,Arrival_Minute,Hospital_Hour,Hospital_Minute,Fatalities_Count,Clean_Light_Condition,Clean_Weather_Condition,Total_Killed,Total_Alive,Fatal_Seats_List,Killed_Restraint_List,Any_Driver_Drinking,Total_Drinking_Drivers,Driver_License_Category,Driver_Max_Prev_Accident_Count,Driver_Max_Prev_Speeding_Count,Max_Driver_Age,Min_Driver_Age,Driver_Sex_List,Total_Exceeding_Limit_Vehicles,Total_Too_Fast_Vehicles,Max_Vehicle_Type_Severity_5,Max_Vehicle_Damage_Rank,Max_Harmful_Event_Severity,Crash_Road_Surface_Condition,Crash_Horizontal_Alignment,Crash_Vertical_Profile,Crash_Impairment_Category,Crash_Vehicle_Defect
6795,8,Colorado,80384,0,1,1,0,1,NOT APPLICABLE,August,3,Thursday,5,0,Rural,High Speed (Arterial),Yes,38.66141944,-107.99383333,Non-Intersection,Dark - Not Lighted,Clear,Unknown,Unknown,Unknown EMS Scene Arrival Hour,Unknown EMS Scene Arrival Minutes,Not Applicable (Not Transported),Not Applicable (Not Transported),1,Dark - Unlighted,Clear,1,0,['Driver'],['None_Used'],0,0,Valid,0.0,0.0,26.0,26.0,['Male'],0,0,2,4,3,Dry,Curve,Level,Medium,No
6796,8,Colorado,80385,1,1,1,0,1,TIMNATH,August,2,Wednesday,17,48,Rural,Low Speed (Local),No,40.50857222,-104.95811667,Complex/Circle,Daylight,Clear,5:00pm-5:59pm,49,5:00pm-5:59pm,52,6:00pm-6:59pm,21,1,Daylight,Clear,0,1,[],[],0,0,Valid,0.0,0.0,53.0,53.0,['Female'],0,0,3,2,4,Dry,Straight,Level,Lowest,No
6797,8,Colorado,80386,0,2,2,0,5,NOT APPLICABLE,August,5,Saturday,20,16,Urban,High Speed (Arterial),Yes,39.81767222,-105.02528333,Non-Intersection,Dark - Lighted,Clear,8:00pm-8:59pm,17,Unknown EMS Scene Arrival Hour,Unknown EMS Scene Arrival Minutes,Unknown,Unknown EMS Hospital Arrival Time,1,Dark - Lighted,Clear,1,4,['Driver'],['None_Used'],1,1,Invalid,0.0,0.0,16.0,14.0,"['Male', 'Female']",1,0,3,4,5,Dry,Straight,Grade/Hillcrest,Lowest,No
6798,8,Colorado,80387,0,2,2,0,2,NOT APPLICABLE,August,6,Sunday,14,17,Rural,High Speed (Arterial),Yes,39.74002222,-103.59345278,Complex/Circle,Daylight,Clear,2:00pm-2:59pm,19,2:00pm-2:59pm,33,Not Applicable (Not Transported),Not Applicable (Not Transported),1,Daylight,Clear,1,1,['Driver'],['None_Used'],0,0,Valid,1.0,0.0,67.0,54.0,"['Male', 'Male']",0,0,5,4,5,Dry,Straight,Level,Lowest,No
6799,8,Colorado,80388,0,3,3,0,3,LOVELAND,August,6,Sunday,15,40,Urban,High Speed (Arterial),Yes,40.40726667,-105.00736111,Simple Junction,Daylight,Clear,3:00pm-3:59pm,40,3:00pm-3:59pm,46,4:00pm-4:59pm,18,1,Daylight,Clear,1,2,['Driver'],['None_Used'],0,0,Valid,0.0,0.0,56.0,26.0,"['Female', 'Male', 'Female']",0,0,5,4,5,Dry,Straight,Level,Lowest,No
6800,8,Colorado,80389,0,1,1,0,5,PUEBLO,August,2,Wednesday,9,36,Urban,High Speed (Arterial),Yes,38.21770833,-104.61987222,Non-Intersection,Daylight,Clear,9:00am-9:59am,40,9:00am-9:59am,46,Unknown,Unknown EMS Hospital Arrival Time,1,Daylight,Clear,1,4,['Driver'],['None_Used'],0,0,Invalid,0.0,0.0,48.0,48.0,['Female'],0,0,3,4,3,Dry,Straight,Level,Medium,No
6801,8,Colorado,80390,0,2,1,1,1,AURORA,August,3,Thursday,2,41,Urban,Medium Speed (Collector),No,39.69403611,-104.77233611,Non-Intersection,Dark - Lighted,Rain,2:00am-2:59am,41,2:00am-2:59am,46,Not Applicable (Not Transported),Not Applicable (Not Transported),1,Dark - Lighted,Rain/Wind/Minor,1,0,['Driver'],['None_Used'],1,1,Invalid,0.0,0.0,24.0,24.0,['Male'],1,0,3,4,3,Wet/Standing Water,Straight,Grade/Hillcrest,Lowest,No
6802,8,Colorado,80391,0,2,2,0,2,BOULDER,August,3,Thursday,19,22,Urban,Medium Speed (Collector),No,40.03121111,-105.25376389,Simple Junction,Daylight,Clear,7:00pm-7:59pm,22,7:00pm-7:59pm,23,Not Applicable (Not Transported),Not Applicable (Not Transported),1,Daylight,Clear,1,1,['Driver'],['None_Used'],0,0,Valid,0.0,1.0,27.0,19.0,"['Male', 'Female']",1,0,5,4,5,Dry,Straight,Level,Lowest,No
6803,8,Colorado,80392,0,3,3,0,6,GREELEY,August,11,Friday,15,12,Urban,High Speed (Arterial),Yes,40.42125833,-104.77521667,Complex/Circle,Daylight,Clear,3:00pm-3:59pm,12,3:00pm-3:59pm,15,3:00pm-3:59pm,21,1,Daylight,Clear,1,5,['Rear_Seat'],['Shoulder_Lapbelt'],0,0,Valid,0.0,0.0,53.0,32.0,"['Male', 'Male', 'Male']",0,0,3,4,5,Dry,Straight,Level,Lowest,No
6804,8,Colorado,80393,0,1,1,0,1,NOT APPLICABLE,August,10,Thursday,21,30,Rural,Medium Speed (Collector),No,37.20979167,-107.61869444,Non-Intersection,Dark - Not Lighted,Clear,Unknown,Unknown,Unknown EMS Scene Arrival Hour,Unknown EMS Scene Arrival Minutes,Unknown,Unknown EMS Hospital Arrival Time,1,Dark - Unlighted,Clear,1,0,['Driver'],['None_Used'],1,1,Valid,0.0,0.0,50.0,50.0,['Male'],1,0,3,4,3,Dry,Curve,Grade/Hillcrest,Lowest,No
6805,8,Colorado,80394,0,2,2,0,2,BOULDER,August,12,Saturday,14,24,Urban,High Speed (Arterial),Yes,39.98575556,-105.23954722,Simple Junction,Daylight,Clear,2:00pm-2:59pm,24,2:00pm-2:59pm,30,Unknown,Unknown EMS Hospital Arrival Time,1,Daylight,Clear,1,1,['Driver'],['None_Used'],0,0,Valid,0.0,1.0,57.0,45.0,"['Male', 'Male']",1,0,5,4,5,Dry,Straight,Grade/Hillcrest,Lowest,No
6806,8,Colorado,80395,0,2,2,0,2,NOT APPLICABLE,August,3,Thursday,15,32,Rural,High Speed (Arterial),Yes,40.25161111,-105.10277222,Non-Intersection,Daylight,Rain,3:00pm-3:59pm,34,3:00pm-3:59pm,40,Unknown,Unknown EMS Hospital Arrival Time,1,Daylight,Rain/Wind/Minor,1,1,['Driver'],['Shoulder_Lapbelt'],0,0,Valid,0.0,0.0,79.0,36.0,"['Male', 'Male']",1,0,3,4,5,Wet/Standing Water,Straight,Level,Lowest,No
6807,8,Colorado,80396,1,1,1,0,1,PUEBLO,August,3,Thursday,18,3,Urban,High Speed (Arterial),Yes,38.30754444,-104.61323889,Complex/Circle,Daylight,Cloudy,Unknown,Unknown,Unknown EMS Scene Arrival Hour,Unknown EMS Scene Arrival Minutes,Unknown,Unknown EMS Hospital Arrival Time,1,Daylight,Reduced Visibility,0,1,[],[],0,0,Valid,0.0,0.0,26.0,26.0,['Male'],0,0,3,1,4,Wet/Standing Water,Straight,Level,Lowest,No
6808,8,Colorado,80397,0,1,1,0,4,NOT APPLICABLE,August,12,Saturday,19,23,Rural,High Speed (Arterial),Yes,39.57988333,-106.24904444,Non-Intersection,Dark - Not Lighted,Cloudy,Unknown,Unknown,Unknown EMS Scene Arrival Hour,Unknown EMS Scene Arrival Minutes,Unknown,Unknown EMS Hospital Arrival Time,3,Dark - Unlighted,Reduced Visibility,3,1,"['Front_Passenger', 'Rear_Seat', 'Rear_Seat']","['Shoulder_Lapbelt', 'None_Used', 'None_Used']",0,0,Invalid,0.0,0.0,29.0,29.0,['Male'],4,0,2,4,3,Dry,Curve,Grade/Hillcrest,Lowest,No
6809,8,Colorado,80398,0,2,2,0,2,CASTLE ROCK,August,12,Saturday,17,25,Urban,Medium Speed (Collector),No,39.36490556,-104.86117222,Complex/Circle,Daylight,Clear,5:00pm-5:59pm,26,5:00pm-5:59pm,29,Not Applicable (Not Transported),Not Applicable (Not Transported),1,Daylight,Clear,1,1,['Driver'],['None_Used'],0,0,Valid,0.0,0.0,29.0,28.0,"['Male', 'Male']",1,0,5,4,5,Dry,Straight,Grade/Hillcrest,Lowest,No
6810,8,Colorado,80399,1,1,1,0,1,ARVADA,August,12,Saturday,5,42,Urban,High Speed (Arterial),Yes,39.81343889,-105.05328056,Non-Intersection,Dawn,Clear,5:00am-5:59am,46,5:00am-5:59am,52,Not Applicable (Not Transported),Not Applicable (Not Transported),1,Twilight,Clear,0,1,[],[],0,0,Valid,0.0,0.0,54.0,54.0,['Female'],0,0,3,3,4,Dry,Straight,Grade/Hillcrest,Lowest,No
6811,8,Colorado,80400,1,1,1,0,1,GRAND JUNCTION,August,1,Tuesday,6,0,Urban,Medium Speed (Collector),No,39.07746111,-108.55707778,Non-Intersection,Dawn,Clear,Unknown,Unknown,Unknown EMS Scene Arrival Hour,Unknown EMS Scene Arrival Minutes,Unknown,Unknown EMS Hospital Arrival Time,1,Twilight,Clear,0,1,[],[],0,0,Valid,2.0,0.0,20.0,20.0,['Male'],0,0,3,2,4,Dry,Straight,Level,Lowest,No
6812,8,Colorado,80401,0,1,1,0,1,NOT APPLICABLE,August,2,Wednesday,5,50,Rural,Medium Speed (Collector),No,37.70547222,-104.91688333,Non-Intersection,Dawn,Clear,Not Applicable (Not Notified),Not Applicable (Not Notified),Not Applicable,Not Applicable,Not Applicable (Not Transported),Not Applicable (Not Transported),1,Twilight,Clear,1,0,['Driver'],['Shoulder_Lapbelt'],0,0,Valid,0.0,0.0,67.0,67.0,['Male'],0,0,3,4,3,Dry,Straight,Level,Lowest,No
6813,8,Colorado,80402,0,2,1,1,1,FORT COLLINS,August,12,Saturday,3,50,Urban,Low Speed (Local),No,40.57184167,-105.10092778,Non-Intersection,Dark - Lighted,Clear,3:00am-3:59am,53,3:00am-3:59am,57,4:00am-4:59am,42,1,Dark - Lighted,Clear,1,0,['Driver'],['None_Used'],1,1,Valid,0.0,2.0,22.0,22.0,['Male'],0,0,5,4,5,Dry,Straight,Level,Lowest,No
6814,8,Colorado,80403,0,1,1,0,1,COLORADO SPRINGS,August,6,Sunday,16,59,Urban,High Speed (Arterial),Yes,38.78583333,-104.79031667,Non-Intersection,Daylight,Clear,Unknown,Unknown,Unknown EMS Scene Arrival Hour,Unknown EMS Scene Arrival Minutes,Unknown,Unknown EMS Hospital Arrival Time,1,Daylight,Clear,1,0,['Driver'],['None_Used'],0,0,Valid,0.0,0.0,46.0,46.0,['Male'],0,0,5,3,2,Dry,Straight,Level,Lowest,No
6815,8,Colorado,80404,0,1,1,0,1,COLORADO SPRINGS,August,16,Wednesday,14,32,Urban,High Speed (Arterial),Yes,38.79891667,-104.78258889,Non-Intersection,Daylight,Clear,2:00pm-2:59pm,32,2:00pm-2:59pm,40,Not Applicable (Not Transported),Not Applicable (Not Transported),1,Daylight,Clear,1,0,['Driver'],['None_Used'],0,0,Valid,0.0,0.0,19.0,19.0,['Female'],0,0,3,4,3,Dry,Curve,Grade/Hillcrest,Lowest,Yes
6816,8,Colorado,80405,0,1,1,0,1,NOT APPLICABLE,August,10,Thursday,1,30,Rural,Medium Speed (Collector),No,37.31236111,-104.76694444,Non-Intersection,Dark - Not Lighted,Clear,Unknown,Unknown,Unknown EMS Scene Arrival Hour,Unknown EMS Scene Arrival Minutes,Not Applicable (Not Transported),Not Applicable (Not Transported),1,Dark - Unlighted,Clear,1,0,['Driver'],['None_Used'],0,0,Invalid,0.0,0.0,28.0,28.0,['Male'],1,0,5,4,3,Dry,Curve,Grade/Hillcrest,Lowest,No
6817,8,Colorado,80406,0,2,2,0,2,NOT APPLICABLE,August,18,Friday,7,6,Rural,High Speed (Arterial),Yes,38.12603056,-104.67027222,Non-Intersection,Daylight,Clear,Unknown,Unknown,Unknown EMS Scene Arrival Hour,Unknown EMS Scene Arrival Minutes,Not Applicable (Not Transported),Not Applicable (Not Transported),1,Daylight,Clear,1,1,['Driver'],['Shoulder_Lapbelt'],0,0,Valid,0.0,0.0,33.0,26.0,"['Male', 'Male']",0,0,4,4,5,Dry,Curve,Grade/Hillcrest,Medium,No
6818,8,Colorado,80407,0,1,1,0,1,NOT APPLICABLE,August,18,Friday,8,0,Rural,High Speed (Arterial),Yes,39.67463333,-105.95926111,Non-Intersection,Daylight,Clear,Unknown,Unknown,Unknown EMS Scene Arrival Hour,Unknown EMS Scene Arrival Minutes,Not Applicable (Not Transported),Not Applicable (Not Transported),1,Daylight,Clear,1,0,['Driver'],['None_Used'],0,0,Valid,0.0,0.0,63.0,63.0,['Male'],0,0,5,4,3,Oil/Contaminated,Curve,Grade/Hillcrest,Lowest,No
6819,8,Colorado,80408,0,1,1,0,1,NOT APPLICABLE,August,18,Friday,16,35,Rural,Medium Speed (Collector),No,39.06903889,-103.05123889,Non-Intersection,Daylight,Clear,4:00pm-4:59pm,41,4:00pm-4:59pm,59,Not Applicable (Not Transported),Not Applicable (Not Transported),1,Daylight,Clear,1,0,['Driver'],['None_Used'],0,0,Valid,0.0,1.0,39.0,39.0,['Male'],1,0,3,4,3,Dry,Straight,Grade/Hillcrest,Lowest,No
6820,8,Colorado,80409,0,1,1,0,1,PLATTEVILLE,August,9,Wednesday,7,5,Rural,High Speed (Arterial),Yes,40.20365,-104.85963333,Non-Intersection,Dark - Not Lighted,Clear,7:00am-7:59am,4,Unknown EMS Scene Arrival Hour,Unknown EMS Scene Arrival Minutes,Not Applicable (Not Transported),Not Applicable (Not Transported),1,Dark - Unlighted,Clear,1,0,['Driver'],['None_Used'],1,1,Valid,0.0,1.0,38.0,38.0,['Female'],1,0,3,4,3,Dry,Straight,Level,Lowest,No
6821,8,Colorado,80410,1,1,1,0,2,PARKER,August,12,Saturday,21,25,Urban,High Speed (Arterial),Yes,39.51901111,-104.76526111,Complex/Circle,Dark - Lighted,Clear,9:00pm-9:59pm,25,9:00pm-9:59pm,30,9:00pm-9:59pm,44,1,Dark - Lighted,Clear,0,2,[],[],0,0,Valid,0.0,0.0,54.0,54.0,['Female'],0,0,3,3,4,Dry,Straight,Level,Lowest,No
6822,8,Colorado,80411,0,2,2,0,2,NOT APPLICABLE,August,8,Tuesday,16,59,Rural,Medium Speed (Collector),No,39.53551667,-107.64575278,Simple Junction,Daylight,Clear,4:00pm-4:59pm,59,5:00pm-5:59pm,1,5:00pm-5:59pm,14,1,Daylight,Clear,1,1,['Driver'],['None_Used'],1,1,Invalid,0.0,1.0,60.0,31.0,"['Male', 'Male']",1,0,5,4,5,Dry,Straight,Grade/Hillcrest,Lowest,No
6823,8,Colorado,80412,0,1,1,0,1,NOT APPLICABLE,August,21,Monday,6,27,Rural,High Speed (Arterial),Yes,37.91229167,-104.82783333,Non-Intersection,Dawn,Clear,Unknown,Unknown,Unknown EMS Scene Arrival Hour,Unknown EMS Scene Arrival Minutes,Not Applicable (Not Transported),Not Applicable (Not Transported),1,Twilight,Clear,1,0,['Driver'],['None_Used'],0,0,Valid,0.0,2.0,27.0,27.0,['Male'],0,0,2,4,3,Dry,Curve,Grade/Hillcrest,Medium,No
6824,8,Colorado,80413,1,1,1,0,1,DENVER,August,21,Monday,5,17,Urban,Medium Speed (Collector),No,39.73844444,-104.98112222,Complex/Circle,Dark - Lighted,Clear,5:00am-5:59am,17,5:00am-5:59am,22,Not Applicable (Not Transported),Not Applicable (Not Transported),1,Dark - Lighted,Clear,0,1,[],[],0,0,Valid,0.0,0.0,35.0,35.0,['Male'],0,0,2,2,4,Dry,Straight,Level,Lowest,No
6825,8,Colorado,80414,0,2,2,0,3,NOT APPLICABLE,August,22,Tuesday,13,22,Rural,High Speed (Arterial),Yes,37.35291667,-108.22051111,Non-Intersection,Daylight,Rain,Unknown,Unknown,Unknown EMS Scene Arrival Hour,Unknown EMS Scene Arrival Minutes,Unknown,Unknown EMS Hospital Arrival Time,1,Daylight,Rain/Wind/Minor,1,2,['Driver'],['None_Used'],0,0,Valid,0.0,0.0,65.0,19.0,"['Female', 'Female']",1,0,2,4,5,Wet/Standing Water,Straight,Grade/Hillcrest,Lowest,No
6826,8,Colorado,80415,0,1,1,0,1,LAKEWOOD,August,18,Friday,17,13,Urban,Medium Speed (Collector),No,39.70277778,-105.19567778,Non-Intersection,Daylight,Cloudy,5:00pm-5:59pm,13,5:00pm-5:59pm,23,Unknown,Unknown EMS Hospital Arrival Time,1,Daylight,Reduced Visibility,1,0,['Driver'],['None_Used'],0,0,Valid,0.0,0.0,68.0,68.0,['Male'],0,0,5,2,3,Wet/Standing Water,Straight,Level,Medium,No
6827,8,Colorado,80416,0,1,1,0,3,NOT APPLICABLE,August,23,Wednesday,0,27,Urban,Low Speed (Local),No,38.42126667,-105.21661667,Non-Intersection,Dark - Not Lighted,Clear,Unknown,Unknown,Unknown EMS Scene Arrival Hour,Unknown EMS Scene Arrival Minutes,Unknown,Unknown EMS Hospital Arrival Time,1,Dark - Unlighted,Clear,1,2,['Rear_Seat'],['None_Used'],1,1,Valid,0.0,0.0,17.0,17.0,['Male'],3,0,2,4,3,Dry,Straight,Grade/Hillcrest,Lowest,No
6828,8,Colorado,80417,0,1,1,0,1,NOT APPLICABLE,August,24,Thursday,1,0,Rural,Low Speed (Local),No,37.37840556,-108.49777778,Non-Intersection,Dark - Not Lighted,Rain,Unknown,Unknown,Unknown EMS Scene Arrival Hour,Unknown EMS Scene Arrival Minutes,Unknown,Unknown EMS Hospital Arrival Time,1,Dark - Unlighted,Rain/Wind/Minor,1,0,['Driver'],['None_Used'],0,0,Valid,0.0,0.0,42.0,42.0,['Female'],1,0,3,4,3,Loose/Unpaved,Curve,Grade/Hillcrest,Lowest,No
6829,8,Colorado,80418,0,2,2,0,2,CASTLE ROCK,August,9,Wednesday,6,33,Urban,High Speed (Arterial),Yes,39.40816667,-104.84954444,Non-Intersection,Daylight,Clear,6:00am-6:59am,33,6:00am-6:59am,38,7:00am-7:59am,25,1,Daylight,Clear,1,1,['Driver'],['Shoulder_Lapbelt'],0,0,Valid,0.0,0.0,82.0,64.0,"['Female', 'Male']",0,0,3,4,5,Dry,Straight,Grade/Hillcrest,Lowest,No
6830,8,Colorado,80419,0,1,1,0,1,EVANS,August,19,Saturday,18,42,Urban,High Speed (Arterial),Yes,40.39022222,-104.68772222,Non-Intersection,Daylight,Cloudy,6:00pm-6:59pm,42,6:00pm-6:59pm,50,7:00pm-7:59pm,6,1,Daylight,Reduced Visibility,1,0,['Driver'],['None_Used'],0,0,Valid,0.0,3.0,29.0,29.0,['Male'],1,0,5,4,2,Dry,Curve,Level,Lowest,No
6831,8,Colorado,80420,0,1,1,0,2,NOT APPLICABLE,August,25,Friday,0,46,Urban,High Speed (Arterial),Yes,39.55361944,-105.08622222,Non-Intersection,Dark - Lighted,Cloudy,0:00am-0:59am,42,0:00am-0:59am,50,1:00am-1:59am,8,1,Dark - Lighted,Reduced Visibility,1,1,['Driver'],['None_Used'],1,1,Valid,0.0,0.0,21.0,21.0,['Male'],2,0,2,4,3,Dry,Curve,Grade/Hillcrest,Lowest,No
6832,8,Colorado,80421,0,1,1,0,2,NOT APPLICABLE,August,26,Saturday,1,25,Urban,High Speed (Arterial),Yes,39.55459444,-104.87277778,Non-Intersection,Dark - Not Lighted,Clear,1:00am-1:59am,56,2:00am-2:59am,2,2:00am-2:59am,24,1,Dark - Unlighted,Clear,1,1,['Driver'],['Shoulder_Lapbelt'],1,1,Valid,1.0,2.0,23.0,23.0,['Male'],2,0,2,4,3,Dry,Curve,Grade/Hillcrest,Lowest,No
6833,8,Colorado,80422,0,2,2,0,4,PUEBLO WEST,August,26,Saturday,19,56,Urban,Medium Speed (Collector),No,38.36344444,-104.68397778,Non-Intersection,Dark - Not Lighted,Severe Crosswinds,7:00pm-7:59pm,57,8:00pm-8:59pm,1,8:00pm-8:59pm,15,3,Dark - Unlighted,Rain/Wind/Minor,3,1,"['Driver', 'Front_Passenger', 'Rear_Seat']","['Shoulder_Lapbelt', 'Shoulder_Lapbelt', 'None_Used']",1,1,Valid,0.0,0.0,56.0,32.0,"['Male', 'Female']",1,0,3,4,5,Dry,Curve,Grade/Hillcrest,Lowest,No
6834,8,Colorado,80423,0,2,2,0,4,NOT APPLICABLE,August,27,Sunday,11,16,Rural,Medium Speed (Collector),No,39.37968333,-104.71627222,Simple Junction,Daylight,Clear,11:00am-11:59am,38,Unknown EMS Scene Arrival Hour,Unknown EMS Scene Arrival Minutes,Unknown,Unknown EMS Hospital Arrival Time,1,Daylight,Clear,1,3,['Driver'],['Shoulder_Lapbelt'],0,0,Valid,0.0,2.0,84.0,20.0,"['Female', 'Male']",0,0,3,4,5,Dry,Straight,Level,Lowest,No
6835,8,Colorado,80424,1,1,1,0,1,PUEBLO,August,3,Thursday,23,17,Urban,Medium Speed (Collector),No,38.24407222,-104.61611111,Complex/Circle,Dark - Lighted,Clear,Unknown,Unknown,Unknown EMS Scene Arrival Hour,Unknown EMS Scene Arrival Minutes,Unknown,Unknown EMS Hospital Arrival Time,1,Dark - Lighted,Clear,0,1,[],[],0,0,Valid,0.0,0.0,35.0,35.0,['Male'],0,0,3,0,4,Dry,Straight,Level,Lowest,No
6836,8,Colorado,80425,1,1,1,0,1,PUEBLO,August,26,Saturday,1,14,Urban,High Speed (Arterial),Yes,38.28674444,-104.59695,Complex/Circle,Dark - Lighted,Clear,1:00am-1:59am,15,1:00am-1:59am,16,1:00am-1:59am,27,1,Dark - Lighted,Clear,0,1,[],[],0,0,Valid,0.0,0.0,50.0,50.0,['Male'],0,0,2,2,4,Dry,Straight,Grade/Hillcrest,Lowest,No
6837,8,Colorado,80426,0,1,1,0,1,NOT APPLICABLE,August,27,Sunday,11,35,Rural,High Speed (Arterial),Yes,39.41113889,-105.50333333,Non-Intersection,Daylight,Cloudy,11:00am-11:59am,40,11:00am-11:59am,48,Unknown,Unknown EMS Hospital Arrival Time,1,Daylight,Reduced Visibility,1,0,['Driver'],['None_Used'],0,0,Valid,0.0,2.0,80.0,80.0,['Male'],0,0,5,4,3,Dry,Straight,Level,Lowest,No
6838,8,Colorado,80427,1,1,1,0,1,NOT APPLICABLE,August,29,Tuesday,21,27,Urban,High Speed (Arterial),Yes,38.31679722,-104.67499167,Non-Intersection,Dark - Not Lighted,Clear,Unknown,Unknown,Unknown EMS Scene Arrival Hour,Unknown EMS Scene Arrival Minutes,Not Applicable (Not Transported),Not Applicable (Not Transported),1,Dark - Unlighted,Clear,0,1,[],[],1,1,Valid,0.0,0.0,34.0,34.0,['Male'],0,0,3,4,4,Dry,Straight,Level,Lowest,No
6839,8,Colorado,80428,1,1,1,0,1,LAKEWOOD,August,11,Friday,21,21,Urban,High Speed (Arterial),Yes,39.65567222,-105.08128889,Complex/Circle,Dark - Lighted,Cloudy,Unknown,Unknown,Unknown EMS Scene Arrival Hour,Unknown EMS Scene Arrival Minutes,Unknown,Unknown EMS Hospital Arrival Time,1,Dark - Lighted,Reduced Visibility,0,1,[],[],0,0,Valid,0.0,0.0,55.0,55.0,['Male'],0,0,2,2,4,Dry,Straight,Level,Lowest,No
6840,8,Colorado,80429,1,1,1,0,1,DENVER,August,20,Sunday,9,25,Urban,High Speed (Arterial),Yes,39.70516667,-104.997,Non-Intersection,Daylight,Clear,9:00am-9:59am,29,9:00am-9:59am,33,Not Applicable (Not Transported),Not Applicable (Not Transported),1,Daylight,Clear,0,1,[],[],0,0,Valid,0.0,1.0,36.0,36.0,['Male'],0,0,2,3,4,Dry,Curve,Level,Lowest,No
6841,8,Colorado,80430,1,1,1,0,1,NOT APPLICABLE,August,28,Monday,14,29,Urban,High Speed (Arterial),Yes,37.30944444,-108.61125,Non-Intersection,Daylight,Clear,2:00pm-2:59pm,33,2:00pm-2:59pm,39,2:00pm-2:59pm,57,1,Daylight,Clear,0,1,[],[],0,0,Valid,0.0,0.0,71.0,71.0,['Male'],0,0,2,3,4,Dry,Straight,Level,Lowest,No
6842,8,Colorado,80431,0,2,2,0,2,NOT APPLICABLE,August,30,Wednesday,5,22,Urban,High Speed (Arterial),Yes,37.32268333,-108.60873056,Non-Intersection,Dark - Not Lighted,Clear,Unknown,Unknown,Unknown EMS Scene Arrival Hour,Unknown EMS Scene Arrival Minutes,Unknown,Unknown EMS Hospital Arrival Time,1,Dark - Unlighted,Clear,1,1,['Driver'],['Shoulder_Lapbelt'],0,0,Invalid,0.0,0.0,76.0,38.0,"['Male', 'Male']",1,0,4,4,5,Dry,Straight,Grade/Hillcrest,Lowest,No
6843,8,Colorado,80432,0,3,3,0,5,NOT APPLICABLE,August,30,Wednesday,9,1,Rural,High Speed (Arterial),Yes,37.25098056,-107.08373056,Non-Intersection,Daylight,Clear,Unknown,Unknown,Unknown EMS Scene Arrival Hour,Unknown EMS Scene Arrival Minutes,Unknown,Unknown EMS Hospital Arrival Time,1,Daylight,Clear,1,4,['Driver'],['None_Used'],0,0,Valid,0.0,1.0,42.0,26.0,"['Male', 'Female', 'Male']",0,0,3,4,5,Dry,Straight,Level,Lowest,No
6844,8,Colorado,80433,0,2,2,0,2,NOT APPLICABLE,August,31,Thursday,12,10,Urban,Medium Speed (Collector),No,39.549675,-105.13153611,Non-Intersection,Daylight,Clear,12:00pm-12:59pm,13,12:00pm-12:59pm,20,Not Applicable (Not Transported),Not Applicable (Not Transported),1,Daylight,Clear,1,1,['Driver'],['None_Used'],0,0,Valid,0.0,0.0,47.0,40.0,"['Male', 'Male']",1,0,5,4,5,Dry,Curve,Level,Lowest,No
6845,8,Colorado,80434,0,1,1,0,1,NOT APPLICABLE,August,30,Wednesday,15,34,Rural,Medium Speed (Collector),No,40.61206667,-106.09274444,Non-Intersection,Daylight,Clear,3:00pm-3:59pm,35,3:00pm-3:59pm,56,Not Applicable (Not Transported),Not Applicable (Not Transported),1,Daylight,Clear,1,0,['Driver'],['None_Used'],1,1,Valid,0.0,0.0,69.0,69.0,['Male'],0,0,5,4,3,Dry,Curve,Level,Medium,No
6846,8,Colorado,80435,1,1,1,0,1,DENVER,August,15,Tuesday,0,24,Urban,Low Speed (Local),No,39.77140278,-104.84799444,Non-Intersection,Dark - Lighted,Clear,0:00am-0:59am,25,0:00am-0:59am,34,0:00am-0:59am,37,1,Dark - Lighted,Clear,0,1,[],[],0,0,Invalid,0.0,0.0,998.0,998.0,['Other'],0,0,1,0,4,Dry,Straight,Level,Lowest,No
6847,8,Colorado,80436,0,1,1,0,1,NOT APPLICABLE,August,17,Thursday,23,20,Rural,High Speed (Arterial),Yes,39.29468333,-102.61333333,Non-Intersection,Dark - Not Lighted,Clear,Unknown,Unknown,Unknown EMS Scene Arrival Hour,Unknown EMS Scene Arrival Minutes,Unknown,Unknown EMS Hospital Arrival Time,1,Dark - Unlighted,Clear,1,0,['Driver'],['None_Used'],0,0,Valid,1.0,0.0,25.0,25.0,['Male'],0,0,4,4,2,Dry,Straight,Level,Medium,No
6848,8,Colorado,80437,0,1,1,0,1,HUDSON,August,27,Sunday,16,7,Rural,High Speed (Arterial),Yes,40.08756111,-104.62363611,Non-Intersection,Daylight,Clear,Unknown,Unknown,Unknown EMS Scene Arrival Hour,Unknown EMS Scene Arrival Minutes,Unknown,Unknown EMS Hospital Arrival Time,1,Daylight,Clear,1,0,['Driver'],['None_Used'],1,1,Valid,0.0,2.0,35.0,35.0,['Male'],0,0,5,4,3,Dry,Straight,Level,Lowest,No
6849,8,Colorado,80438,0,2,2,0,3,DENVER,August,4,Friday,22,31,Urban,High Speed (Arterial),Yes,39.74031111,-105.03677222,Non-Intersection,Dark - Lighted,Clear,10:00pm-10:59pm,34,10:00pm-10:59pm,40,11:00pm-11:59pm,7,1,Dark - Lighted,Clear,1,2,['Driver'],['None_Used'],1,1,Invalid,0.0,0.0,72.0,41.0,"['Female', 'Male']",0,0,3,4,5,Dry,Straight,Level,Lowest,No
6850,8,Colorado,80439,1,1,1,0,4,DENVER,August,28,Monday,19,34,Urban,High Speed (Arterial),Yes,39.67854722,-104.97596111,Non-Intersection,Daylight,Rain,7:00pm-7:59pm,34,7:00pm-7:59pm,36,7:00pm-7:59pm,53,1,Daylight,Rain/Wind/Minor,0,4,[],[],0,0,Valid,0.0,0.0,47.0,47.0,['Female'],0,0,3,3,4,Wet/Standing Water,Straight,Level,Lowest,No