,State_Code,State_Name,Crash_ID,Count_Non_Motorists,Count_Vehicles_Total,Count_Vehicle_Forms,Count_PVH_Involved,Count_Occupants_MV,City_Name,Month_Name,Day_of_Month,Day_of_Week,Crash_Hour,Crash_Minute,Area_Rural_Urban,Road_Functional_Class,On_NHS_Road,Latitude,Longitude,Intersection_Type,Light_Condition,Weather_Condition,Notif_Hour,Notif_Minute,Arrival_Hour,Arrival_Minute,Hospital_Hour,Hospital_Minute,Fatalities_Count,Clean_Light_Condition,Clean_Weather_Condition,Total_Killed,Total_Alive,Fatal_Seats_List,Killed_Restraint_List,Any_Driver_Drinking,Total_Drinking_Drivers,Driver_License_Category,Driver_Max_Prev_Accident_Count,Driver_Max_Prev_Speeding_Count,Max_Driver_Age,Min_Driver_Age,Driver_Sex_List,Total_Exceeding_Limit_Vehicles,Total_Too_Fast_Vehicles,Max_Vehicle_Type_Severity_5,Max_Vehicle_Damage_Rank,Max_Harmful_Event_Severity,Crash_Road_Surface_Condition,Crash_Horizontal_Alignment,Crash_Vertical_Profile,Crash_Impairment_Category,Crash_Vehicle_Defect
6851,8,Colorado,80440,1,1,1,0,2,PARKER,August,21,Monday,20,31,Urban,High Speed (Arterial),Yes,39.53697778,-104.76799444,Complex/Circle,Dark - Lighted,Clear,8:00pm-8:59pm,34,8:00pm-8:59pm,37,8:00pm-8:59pm,47,1,Dark - Lighted,Clear,0,2,[],[],0,0,Invalid,0.0,0.0,44.0,44.0,['Male'],0,0,2,3,4,Dry,Straight,Level,Lowest,No
6852,8,Colorado,80441,0,1,1,0,1,WHEAT RIDGE,August,29,Tuesday,8,56,Urban,High Speed (Arterial),Yes,39.78277778,-105.08128611,Non-Intersection,Daylight,Clear,8:00am-8:59am,56,9:00am-9:59am,0,Not Applicable (Not Transported),Not Applicable (Not Transported),1,Daylight,Clear,1,0,['Driver'],['None_Used'],0,0,Valid,0.0,0.0,37.0,37.0,['Female'],0,0,2,4,3,Dry,Curve,Grade/Hillcrest,Lowest,No
6853,8,Colorado,80442,0,1,1,0,1,FORT LUPTON,July,31,Monday,0,19,Rural,High Speed (Arterial),Yes,40.15349167,-104.81261944,Non-Intersection,Dark - Not Lighted,Clear,0:00am-0:59am,20,0:00am-0:59am,28,0:00am-0:59am,57,1,Dark - Unlighted,Clear,1,0,['Driver'],['None_Used'],1,1,Invalid,0.0,0.0,22.0,22.0,['Male'],0,0,3,4,3,Dry,Straight,Level,Lowest,No
6854,8,Colorado,80443,0,2,2,0,2,NOT APPLICABLE,September,1,Friday,16,2,Rural,High Speed (Arterial),Yes,40.87581944,-104.79481944,Non-Intersection,Daylight,Clear,4:00pm-4:59pm,4,4:00pm-4:59pm,27,Unknown,Unknown EMS Hospital Arrival Time,1,Daylight,Clear,1,1,['Driver'],['Shoulder_Lapbelt'],0,0,Valid,0.0,1.0,59.0,22.0,"['Male', 'Male']",0,0,3,4,5,Dry,Straight,Level,Lowest,Yes
6855,8,Colorado,80444,0,2,2,0,3,NOT APPLICABLE,September,1,Friday,16,21,Rural,High Speed (Arterial),Yes,40.88491667,-102.58006111,Non-Intersection,Daylight,Clear,4:00pm-4:59pm,23,4:00pm-4:59pm,46,5:00pm-5:59pm,12,1,Daylight,Clear,1,2,['Driver'],['Shoulder_Lapbelt'],0,0,Valid,0.0,0.0,60.0,33.0,"['Male', 'Male']",0,0,4,4,5,Dry,Straight,Level,Lowest,No
6856,8,Colorado,80445,0,3,3,0,7,AURORA,September,2,Saturday,23,40,Urban,High Speed (Arterial),Yes,39.67489167,-104.81006667,Complex/Circle,Dark - Lighted,Cloudy,11:00pm-11:59pm,41,11:00pm-11:59pm,42,0:00am-0:59am,4,1,Dark - Lighted,Reduced Visibility,1,6,['Driver'],['Shoulder_Lapbelt'],1,1,Valid,1.0,0.0,31.0,23.0,"['Male', 'Male', 'Male']",3,0,3,4,5,Dry,Straight,Level,Lowest,No
6857,8,Colorado,80446,0,2,2,0,2,NOT APPLICABLE,September,4,Monday,13,10,Rural,High Speed (Arterial),Yes,39.26293889,-105.95805556,Non-Intersection,Daylight,Clear,Unknown,Unknown,Unknown EMS Scene Arrival Hour,Unknown EMS Scene Arrival Minutes,Not Applicable (Not Transported),Not Applicable (Not Transported),1,Daylight,Clear,1,1,['Driver'],['None_Used'],0,0,Valid,0.0,0.0,54.0,47.0,"['Male', 'Female']",0,0,5,4,5,Dry,Curve,Grade/Hillcrest,Lowest,No
6858,8,Colorado,80447,0,2,2,0,2,LAKEWOOD,September,2,Saturday,20,4,Urban,High Speed (Arterial),Yes,39.68593889,-105.05325833,Complex/Circle,Dark - Lighted,Clear,8:00pm-8:59pm,5,8:00pm-8:59pm,9,Not Applicable (Not Transported),Not Applicable (Not Transported),1,Dark - Lighted,Clear,1,1,['Driver'],['None_Used'],1,1,Valid,0.0,1.0,72.0,33.0,"['Male', 'Male']",0,0,5,3,5,Dry,Straight,Level,Lowest,No
6859,8,Colorado,80448,0,2,2,0,4,WESTMINSTER,September,2,Saturday,2,44,Urban,High Speed (Arterial),Yes,39.84327778,-105.04093333,Non-Intersection,Dark - Lighted,Clear,2:00am-2:59am,44,2:00am-2:59am,53,Not Applicable (Not Transported),Not Applicable (Not Transported),1,Dark - Lighted,Clear,1,3,['Driver'],['None_Used'],1,1,Valid,0.0,0.0,53.0,24.0,"['Male', 'Male']",0,0,3,4,5,Dry,Straight,Level,Lowest,No
6860,8,Colorado,80449,0,1,1,0,1,NOT APPLICABLE,September,6,Wednesday,20,40,Rural,Low Speed (Local),No,38.37248611,-104.96166667,Non-Intersection,Daylight,Clear,Unknown,Unknown,Unknown EMS Scene Arrival Hour,Unknown EMS Scene Arrival Minutes,Not Applicable (Not Transported),Not Applicable (Not Transported),1,Daylight,Clear,1,0,['Driver'],['None_Used'],0,0,Invalid,0.0,1.0,27.0,27.0,['Female'],1,0,2,4,3,Dry,Curve,Grade/Hillcrest,Lowest,No
6861,8,Colorado,80450,0,1,1,0,1,NOT APPLICABLE,September,7,Thursday,12,28,Rural,Medium Speed (Collector),No,38.7117,-107.632075,Non-Intersection,Daylight,Clear,Unknown,Unknown,Unknown EMS Scene Arrival Hour,Unknown EMS Scene Arrival Minutes,Not Applicable (Not Transported),Not Applicable (Not Transported),1,Daylight,Clear,1,0,['Driver'],['None_Used'],0,0,Valid,0.0,0.0,84.0,84.0,['Male'],0,0,5,4,3,Dry,Straight,Level,Lowest,No
6862,8,Colorado,80451,0,2,2,0,2,NOT APPLICABLE,September,7,Thursday,7,0,Rural,Medium Speed (Collector),No,37.28350833,-106.11302778,Non-Intersection,Daylight,Clear,7:00am-7:59am,5,7:00am-7:59am,18,7:00am-7:59am,47,1,Daylight,Clear,1,1,['Driver'],['Shoulder_Lapbelt'],0,0,Invalid,0.0,0.0,89.0,50.0,"['Male', 'Male']",0,0,3,4,5,Dry,Straight,Level,Lowest,No
6863,8,Colorado,80452,0,3,3,0,3,WESTMINSTER,September,7,Thursday,15,33,Urban,High Speed (Arterial),Yes,39.914275,-105.02588333,Non-Intersection,Daylight,Clear,3:00pm-3:59pm,34,3:00pm-3:59pm,42,3:00pm-3:59pm,52,1,Daylight,Clear,1,2,['Driver'],['None_Used'],1,1,Valid,0.0,0.0,62.0,20.0,"['Male', 'Male', 'Male']",0,0,5,4,5,Dry,Straight,Level,Lowest,No
6864,8,Colorado,80453,1,1,1,0,1,WESTMINSTER,September,8,Friday,6,2,Urban,High Speed (Arterial),Yes,39.85906111,-105.05533611,Complex/Circle,Dark - Lighted,Clear,6:00am-6:59am,5,6:00am-6:59am,11,6:00am-6:59am,29,1,Dark - Lighted,Clear,0,1,[],[],0,0,Valid,0.0,0.0,49.0,49.0,['Male'],0,0,3,4,4,Dry,Straight,Grade/Hillcrest,Lowest,No
6865,8,Colorado,80454,0,2,2,0,2,NOT APPLICABLE,September,8,Friday,16,39,Urban,High Speed (Arterial),Yes,39.34121111,-107.00179722,Simple Junction,Daylight,Clear,Unknown,Unknown,Unknown EMS Scene Arrival Hour,Unknown EMS Scene Arrival Minutes,Unknown,Unknown EMS Hospital Arrival Time,1,Daylight,Clear,1,1,['Driver'],['Shoulder_Lapbelt'],0,0,Valid,0.0,0.0,73.0,42.0,"['Male', 'Male']",0,0,3,4,5,Dry,Straight,Level,Lowest,No
6866,8,Colorado,80455,0,3,3,0,3,NOT APPLICABLE,September,8,Friday,18,20,Urban,High Speed (Arterial),Yes,39.63068611,-106.06184167,Non-Intersection,Daylight,Clear,Unknown,Unknown,Unknown EMS Scene Arrival Hour,Unknown EMS Scene Arrival Minutes,Not Applicable (Not Transported),Not Applicable (Not Transported),1,Daylight,Clear,1,2,['Driver'],['None_Used'],0,0,Valid,0.0,0.0,71.0,58.0,"['Female', 'Male', 'Male']",0,0,3,4,5,Dry,Straight,Grade/Hillcrest,Lowest,No
6867,8,Colorado,80456,0,2,2,0,2,NOT APPLICABLE,September,9,Saturday,12,4,Rural,Medium Speed (Collector),No,39.03896667,-105.52666667,Non-Intersection,Daylight,Clear,Unknown,Unknown,Unknown EMS Scene Arrival Hour,Unknown EMS Scene Arrival Minutes,Not Applicable (Not Transported),Not Applicable (Not Transported),1,Daylight,Clear,1,1,['Driver'],['None_Used'],0,0,Valid,0.0,0.0,50.0,42.0,"['Male', 'Male']",1,0,5,4,5,Dry,Curve,Grade/Hillcrest,Lowest,No
6868,8,Colorado,80457,0,1,1,0,1,NOT APPLICABLE,September,9,Saturday,18,49,Rural,High Speed (Arterial),Yes,40.49194444,-107.30174444,Non-Intersection,Dusk,Clear,Unknown,Unknown,Unknown EMS Scene Arrival Hour,Unknown EMS Scene Arrival Minutes,Not Applicable (Not Transported),Not Applicable (Not Transported),1,Twilight,Clear,1,0,['Driver'],['None_Used'],0,0,Valid,1.0,2.0,31.0,31.0,['Male'],0,0,3,4,3,Dry,Straight,Level,Medium,No
6869,8,Colorado,80458,0,1,1,0,4,PUEBLO,September,4,Monday,2,10,Urban,Medium Speed (Collector),No,38.24422778,-104.62913333,Non-Intersection,Dark - Lighted,Clear,2:00am-2:59am,12,2:00am-2:59am,14,Unknown,Unknown EMS Hospital Arrival Time,1,Dark - Lighted,Clear,1,3,['Rear_Seat'],['Shoulder_Lapbelt'],1,1,Invalid,0.0,0.0,40.0,40.0,['Male'],0,0,3,4,3,Dry,Straight,Level,Lowest,No
6870,8,Colorado,80459,0,1,1,0,4,NOT APPLICABLE,September,11,Monday,21,54,Rural,Low Speed (Local),No,37.29385278,-107.940075,Non-Intersection,Dark - Not Lighted,Clear,Unknown,Unknown,Unknown EMS Scene Arrival Hour,Unknown EMS Scene Arrival Minutes,Unknown,Unknown EMS Hospital Arrival Time,2,Dark - Unlighted,Clear,2,2,"['Driver', 'Rear_Seat']","['None_Used', 'None_Used']",1,1,Invalid,0.0,0.0,31.0,31.0,['Male'],4,0,3,4,3,Dry,Curve,Level,Lowest,No
6871,8,Colorado,80460,0,2,2,0,2,AURORA,September,8,Friday,16,26,Urban,Medium Speed (Collector),No,39.70654444,-104.82741667,Non-Intersection,Daylight,Clear,4:00pm-4:59pm,27,4:00pm-4:59pm,28,4:00pm-4:59pm,41,1,Daylight,Clear,1,1,['Driver'],['None_Used'],0,0,Valid,0.0,0.0,42.0,21.0,"['Male', 'Male']",0,0,5,4,5,Dry,Straight,Non-Trafficway,Lowest,No
6872,8,Colorado,80461,0,3,3,0,3,NOT APPLICABLE,September,13,Wednesday,14,27,Rural,Medium Speed (Collector),No,40.31433333,-104.60214444,Non-Intersection,Daylight,Clear,2:00pm-2:59pm,25,2:00pm-2:59pm,41,Unknown,Unknown EMS Hospital Arrival Time,1,Daylight,Clear,1,2,['Driver'],['Shoulder_Lapbelt'],0,0,Valid,1.0,1.0,67.0,20.0,"['Male', 'Male', 'Male']",0,0,4,4,5,Dry,Straight,Level,Medium,No
6873,8,Colorado,80462,0,1,1,0,4,NOT APPLICABLE,September,13,Wednesday,23,20,Rural,Medium Speed (Collector),No,40.37697222,-104.65591944,Non-Intersection,Dark - Not Lighted,Clear,Unknown,Unknown,Unknown EMS Scene Arrival Hour,Unknown EMS Scene Arrival Minutes,Unknown,Unknown EMS Hospital Arrival Time,1,Dark - Unlighted,Clear,1,3,['Driver'],['None_Used'],0,0,Valid,0.0,0.0,19.0,19.0,['Male'],4,0,2,4,3,Dry,Curve,Level,Lowest,No
6874,8,Colorado,80463,0,2,2,0,3,NOT APPLICABLE,September,14,Thursday,20,15,Rural,High Speed (Arterial),Yes,40.64065278,-104.06810556,Complex/Circle,Dark - Not Lighted,Rain,8:00pm-8:59pm,32,8:00pm-8:59pm,46,10:00pm-10:59pm,30,1,Dark - Unlighted,Rain/Wind/Minor,1,2,['Driver'],['Shoulder_Lapbelt'],0,0,Valid,1.0,2.0,45.0,22.0,"['Male', 'Male']",0,0,4,4,5,Wet/Standing Water,Straight,Level,Lowest,No
6875,8,Colorado,80464,0,2,2,0,3,NOT APPLICABLE,September,3,Sunday,17,41,Rural,Medium Speed (Collector),No,40.25396111,-103.71349444,Non-Intersection,Daylight,Clear,Unknown,Unknown,Unknown EMS Scene Arrival Hour,Unknown EMS Scene Arrival Minutes,Unknown,Unknown EMS Hospital Arrival Time,1,Daylight,Clear,1,2,['Driver'],['Shoulder_Lapbelt'],0,0,Valid,0.0,3.0,47.0,33.0,"['Female', 'Female']",0,0,3,4,5,Dry,Straight,Non-Trafficway,Lowest,No
6876,8,Colorado,80465,0,1,1,0,2,NOT APPLICABLE,September,16,Saturday,18,28,Rural,Low Speed (Local),No,40.79857222,-104.13128056,Non-Intersection,Daylight,Clear,6:00pm-6:59pm,30,7:00pm-7:59pm,2,Not Applicable (Not Transported),Not Applicable (Not Transported),1,Daylight,Clear,1,1,['Front_Passenger'],['None_Used'],0,0,Valid,0.0,1.0,21.0,21.0,['Male'],0,0,1,4,3,Dry,Curve,Grade/Hillcrest,Lowest,No
6877,8,Colorado,80466,1,1,1,0,1,AURORA,September,10,Sunday,22,19,Urban,High Speed (Arterial),Yes,39.74729444,-104.84710556,Complex/Circle,Dark - Lighted,Cloudy,10:00pm-10:59pm,23,10:00pm-10:59pm,24,10:00pm-10:59pm,37,1,Dark - Lighted,Reduced Visibility,0,1,[],[],0,0,Invalid,0.0,0.0,21.0,21.0,['Male'],1,0,3,3,4,Wet/Standing Water,Straight,Level,Lowest,No
6878,8,Colorado,80467,0,2,2,0,4,COMMERCE CITY,September,15,Friday,23,27,Urban,High Speed (Arterial),Yes,39.82726111,-104.91551111,Complex/Circle,Dark - Lighted,Clear,11:00pm-11:59pm,27,11:00pm-11:59pm,30,Unknown,Unknown EMS Hospital Arrival Time,2,Dark - Lighted,Clear,2,2,"['Driver', 'Front_Passenger']","['Shoulder_Lapbelt', 'Shoulder_Lapbelt']",1,1,Valid,2.0,0.0,38.0,17.0,"['Male', 'Female']",1,0,3,4,5,Dry,Straight,Level,Lowest,No
6879,8,Colorado,80468,0,2,2,0,3,AURORA,September,16,Saturday,10,35,Urban,High Speed (Arterial),Yes,39.67393333,-104.785725,Complex/Circle,Daylight,Clear,10:00am-10:59am,35,10:00am-10:59am,43,10:00am-10:59am,54,1,Daylight,Clear,1,2,['Driver'],['None_Used'],0,0,Invalid,4.0,4.0,45.0,20.0,"['Male', 'Male']",1,0,5,4,5,Dry,Straight,Level,Lowest,No
6880,8,Colorado,80469,2,2,1,1,6,NOT APPLICABLE,September,14,Thursday,17,1,Rural,High Speed (Arterial),Yes,39.73813056,-104.45386111,Non-Intersection,Daylight,Sleet or Hail,5:00pm-5:59pm,3,5:00pm-5:59pm,10,5:00pm-5:59pm,50,1,Daylight,Snow/Ice/Severe,1,5,['Rear_Seat'],['None_Used'],0,0,Invalid,0.0,0.0,24.0,24.0,['Male'],6,0,3,4,5,Icy/Snowy,Straight,Level,Lowest,No
6881,8,Colorado,80470,0,1,1,0,3,COLORADO SPRINGS,September,17,Sunday,2,1,Urban,High Speed (Arterial),Yes,38.83767778,-104.81027778,Non-Intersection,Dark - Lighted,Clear,2:00am-2:59am,2,2:00am-2:59am,2,2:00am-2:59am,17,2,Dark - Lighted,Clear,2,1,"['Front_Passenger', 'Rear_Seat']","['Shoulder_Lapbelt', 'None_Used']",1,1,Valid,0.0,3.0,23.0,23.0,['Male'],0,0,2,4,3,Dry,Straight,Level,Lowest,No
6882,8,Colorado,80471,0,3,3,0,3,COLORADO SPRINGS,September,6,Wednesday,10,31,Urban,High Speed (Arterial),Yes,38.83910556,-104.71822222,Simple Junction,Daylight,Clear,10:00am-10:59am,31,10:00am-10:59am,37,Not Applicable (Not Transported),Not Applicable (Not Transported),1,Daylight,Clear,1,2,['Driver'],['None_Used'],0,0,Valid,0.0,1.0,64.0,39.0,"['Male', 'Male', 'Male']",0,0,3,4,5,Dry,Straight,Grade/Hillcrest,Lowest,No
6883,8,Colorado,80472,1,1,1,0,1,COLORADO SPRINGS,September,6,Wednesday,22,46,Urban,Medium Speed (Collector),No,38.7925,-104.75975556,Non-Intersection,Dark - Not Lighted,Clear,10:00pm-10:59pm,49,10:00pm-10:59pm,51,Not Applicable (Not Transported),Not Applicable (Not Transported),1,Dark - Unlighted,Clear,0,1,[],[],0,0,Valid,0.0,1.0,28.0,28.0,['Female'],0,0,3,3,4,Dry,Curve,Grade/Hillcrest,Lowest,No
6884,8,Colorado,80473,1,1,1,0,1,DURANGO,September,14,Thursday,19,46,Urban,Medium Speed (Collector),No,37.318625,-107.85113611,Non-Intersection,Dark - Not Lighted,Rain,7:00pm-7:59pm,49,7:00pm-7:59pm,57,8:00pm-8:59pm,35,1,Dark - Unlighted,Rain/Wind/Minor,0,1,[],[],0,0,Valid,1.0,0.0,66.0,66.0,['Female'],0,0,3,2,4,Wet/Standing Water,Curve,Level,Lowest,No
6885,8,Colorado,80474,0,1,1,0,1,LAKEWOOD,September,17,Sunday,0,1,Urban,Low Speed (Local),No,39.70043611,-105.10820833,Simple Junction,Dark - Lighted,Clear,0:00am-0:59am,12,0:00am-0:59am,17,Not Applicable (Not Transported),Not Applicable (Not Transported),1,Dark - Lighted,Clear,1,0,['Driver'],['None_Used'],1,1,Valid,0.0,1.0,17.0,17.0,['Male'],1,0,3,4,3,Dry,Curve,Level,Lowest,No
6886,8,Colorado,80475,0,2,2,0,11,PLATTEVILLE,September,10,Sunday,1,15,Rural,High Speed (Arterial),Yes,40.2066,-104.82073889,Simple Junction,Dark - Lighted,Clear,1:00am-1:59am,15,1:00am-1:59am,25,Unknown,Unknown EMS Hospital Arrival Time,1,Dark - Lighted,Clear,1,10,['Rear_Seat'],['None_Used'],1,1,Invalid,0.0,0.0,65.0,39.0,"['Male', 'Male']",0,0,4,4,5,Dry,Straight,Level,Lowest,No
6887,8,Colorado,80476,1,1,1,0,1,GRAND JUNCTION,September,13,Wednesday,19,39,Urban,Medium Speed (Collector),No,39.08946111,-108.55244167,Non-Intersection,Dusk,Cloudy,7:00pm-7:59pm,45,7:00pm-7:59pm,49,7:00pm-7:59pm,59,1,Twilight,Reduced Visibility,0,1,[],[],0,0,Valid,0.0,0.0,28.0,28.0,['Male'],0,0,2,3,4,Dry,Straight,Level,Lowest,No
6888,8,Colorado,80477,0,1,1,0,1,NOT APPLICABLE,September,4,Monday,13,50,Rural,High Speed (Arterial),Yes,40.42244444,-105.23816667,Non-Intersection,Daylight,Severe Crosswinds,1:00pm-1:59pm,54,2:00pm-2:59pm,4,2:00pm-2:59pm,39,1,Daylight,Rain/Wind/Minor,1,0,['Driver'],['None_Used'],0,0,Valid,0.0,0.0,72.0,72.0,['Male'],0,0,5,4,2,Dry,Curve,Level,Lowest,No
6889,8,Colorado,80478,1,1,1,0,1,NOT APPLICABLE,September,13,Wednesday,2,57,Urban,High Speed (Arterial),Yes,39.80312222,-105.02522222,Complex/Circle,Dark - Lighted,Clear,2:00am-2:59am,57,2:00am-2:59am,57,Not Applicable (Not Transported),Not Applicable (Not Transported),1,Dark - Lighted,Clear,0,1,[],[],0,0,Valid,0.0,0.0,28.0,28.0,['Male'],0,0,3,2,4,Dry,Straight,Level,Lowest,No
6890,8,Colorado,80479,0,2,2,0,3,LOVELAND,September,16,Saturday,21,59,Urban,Medium Speed (Collector),No,40.38567222,-105.09714444,Complex/Circle,Dark - Lighted,Clear,9:00pm-9:59pm,59,10:00pm-10:59pm,5,10:00pm-10:59pm,22,1,Dark - Lighted,Clear,1,2,['Driver'],['None_Used'],0,0,Valid,1.0,0.0,40.0,19.0,"['Female', 'Male']",0,0,5,4,5,Dry,Straight,Level,Lowest,No
6891,8,Colorado,80480,1,1,1,0,4,AURORA,September,19,Tuesday,21,27,Urban,High Speed (Arterial),Yes,39.74022222,-104.88203056,Non-Intersection,Dark - Lighted,Clear,9:00pm-9:59pm,27,9:00pm-9:59pm,31,9:00pm-9:59pm,56,1,Dark - Lighted,Clear,0,4,[],[],0,0,Valid,0.0,0.0,72.0,72.0,['Male'],0,0,3,2,4,Dry,Straight,Level,Lowest,No
6892,8,Colorado,80481,1,1,1,0,1,COLORADO SPRINGS,September,21,Thursday,2,5,Urban,High Speed (Arterial),Yes,38.81122778,-104.74725,Non-Intersection,Dark - Lighted,Clear,2:00am-2:59am,10,2:00am-2:59am,16,Not Applicable (Not Transported),Not Applicable (Not Transported),1,Dark - Lighted,Clear,0,1,[],[],0,0,Invalid,0.0,0.0,998.0,998.0,['Other'],0,0,3,3,4,Dry,Straight,Level,Lowest,No
6893,8,Colorado,80482,0,2,2,0,2,NOT APPLICABLE,September,24,Sunday,10,0,Rural,High Speed (Arterial),Yes,40.08039722,-104.71613611,Complex/Circle,Daylight,Clear,10:00am-10:59am,6,10:00am-10:59am,22,Not Applicable (Not Transported),Not Applicable (Not Transported),1,Daylight,Clear,1,1,['Driver'],['Shoulder_Lapbelt'],0,0,Valid,1.0,0.0,77.0,30.0,"['Male', 'Male']",0,0,3,4,5,Dry,Straight,Level,Lowest,No
6894,8,Colorado,80483,0,2,2,0,3,NOT APPLICABLE,September,2,Saturday,15,12,Urban,Medium Speed (Collector),No,39.09184167,-108.46317222,Non-Intersection,Daylight,Clear,Unknown,Unknown,Unknown EMS Scene Arrival Hour,Unknown EMS Scene Arrival Minutes,Unknown,Unknown EMS Hospital Arrival Time,1,Daylight,Clear,1,2,['Driver'],['None_Used'],0,0,Valid,0.0,0.0,58.0,27.0,"['Female', 'Male']",0,0,5,4,5,Dry,Straight,Level,Lowest,No
6895,8,Colorado,80484,0,1,1,0,1,NOT APPLICABLE,September,26,Tuesday,21,16,Urban,Medium Speed (Collector),No,39.96072222,-104.8605,Non-Intersection,Dark - Not Lighted,Clear,9:00pm-9:59pm,19,9:00pm-9:59pm,25,Not Applicable (Not Transported),Not Applicable (Not Transported),1,Dark - Unlighted,Clear,1,0,['Driver'],['None_Used'],1,1,Valid,0.0,0.0,30.0,30.0,['Male'],1,0,5,4,3,Dry,Curve,Level,Lowest,No
6896,8,Colorado,80485,0,2,2,0,4,NOT APPLICABLE,September,26,Tuesday,15,25,Rural,Medium Speed (Collector),No,37.44327778,-108.47451389,Complex/Circle,Daylight,Clear,Unknown,Unknown,Unknown EMS Scene Arrival Hour,Unknown EMS Scene Arrival Minutes,Unknown,Unknown EMS Hospital Arrival Time,1,Daylight,Clear,1,3,['Driver'],['Shoulder_Lapbelt'],0,0,Invalid,0.0,0.0,73.0,41.0,"['Female', 'Female']",0,0,3,4,5,Dry,Straight,Level,Lowest,No
6897,8,Colorado,80486,0,1,1,0,1,NOT APPLICABLE,September,26,Tuesday,10,50,Rural,Medium Speed (Collector),No,38.74128333,-107.04114444,Non-Intersection,Daylight,Clear,Unknown,Unknown,Unknown EMS Scene Arrival Hour,Unknown EMS Scene Arrival Minutes,Not Applicable (Not Transported),Not Applicable (Not Transported),1,Daylight,Clear,1,0,['Driver'],['None_Used'],1,1,Invalid,0.0,0.0,29.0,29.0,['Male'],0,0,3,4,3,Dry,Straight,Level,Lowest,No
6898,8,Colorado,80487,0,1,1,0,1,NOT APPLICABLE,September,27,Wednesday,1,50,Rural,High Speed (Arterial),Yes,39.74405,-105.43390833,Non-Intersection,Dark - Not Lighted,Clear,1:00am-1:59am,50,2:00am-2:59am,1,4:00am-4:59am,17,1,Dark - Unlighted,Clear,1,0,['Driver'],['None_Used'],0,0,Valid,2.0,1.0,59.0,59.0,['Male'],1,0,4,4,3,Dry,Curve,Grade/Hillcrest,Lowest,No
6899,8,Colorado,80488,1,2,2,0,2,AURORA,September,23,Saturday,3,30,Urban,High Speed (Arterial),Yes,39.74016944,-104.83649444,Non-Intersection,Dark - Lighted,Clear,3:00am-3:59am,44,3:00am-3:59am,47,Not Applicable (Not Transported),Not Applicable (Not Transported),1,Dark - Lighted,Clear,0,2,[],[],0,0,Valid,0.0,1.0,36.0,34.0,"['Male', 'Male']",2,0,3,3,4,Dry,Straight,Level,Lowest,No
6900,8,Colorado,80489,1,1,1,0,1,AURORA,September,27,Wednesday,22,4,Urban,High Speed (Arterial),Yes,39.6347,-104.81025556,Complex/Circle,Dark - Not Lighted,Clear,10:00pm-10:59pm,4,10:00pm-10:59pm,4,10:00pm-10:59pm,15,1,Dark - Unlighted,Clear,0,1,[],[],0,0,Invalid,0.0,1.0,20.0,20.0,['Male'],0,0,2,2,4,Dry,Straight,Level,Lowest,No
6901,8,Colorado,80490,1,1,1,0,1,NOT APPLICABLE,September,28,Thursday,7,47,Urban,Medium Speed (Collector),No,39.61425,-105.05801667,Non-Intersection,Daylight,Clear,7:00am-7:59am,47,7:00am-7:59am,52,Not Applicable (Not Transported),Not Applicable (Not Transported),1,Daylight,Clear,0,1,[],[],0,0,Valid,0.0,0.0,77.0,77.0,['Female'],0,0,2,2,4,Dry,Curve,Grade/Hillcrest,Lowest,No
6902,8,Colorado,80491,0,2,2,0,2,THORNTON,September,13,Wednesday,13,30,Urban,High Speed (Arterial),Yes,39.98626111,-104.92201667,Complex/Circle,Daylight,Clear,1:00pm-1:59pm,31,1:00pm-1:59pm,36,1:00pm-1:59pm,55,1,Daylight,Clear,1,1,['Driver'],['Shoulder_Lapbelt'],0,0,Valid,0.0,0.0,49.0,26.0,"['Female', 'Male']",0,0,4,4,5,Dry,Straight,Level,Lowest,No
6903,8,Colorado,80492,0,2,2,0,5,AURORA,September,29,Friday,18,0,Urban,High Speed (Arterial),Yes,39.70378333,-104.8659,Complex/Circle,Daylight,Clear,6:00pm-6:59pm,0,6:00pm-6:59pm,3,6:00pm-6:59pm,14,2,Daylight,Clear,2,3,"['Driver', 'Rear_Seat']","['Shoulder_Lapbelt', 'Child_Safety']",1,1,Valid,0.0,1.0,43.0,21.0,"['Male', 'Male']",1,0,3,4,5,Dry,Straight,Level,Lowest,No
6904,8,Colorado,80493,0,1,1,0,1,LAKEWOOD,September,30,Saturday,0,49,Urban,Medium Speed (Collector),No,39.68218056,-105.07185,Non-Intersection,Dark - Lighted,Clear,0:00am-0:59am,50,0:00am-0:59am,58,Not Applicable (Not Transported),Not Applicable (Not Transported),1,Dark - Lighted,Clear,1,0,['Driver'],['None_Used'],1,1,Valid,0.0,1.0,33.0,33.0,['Male'],1,0,5,4,3,Dry,Straight,Grade/Hillcrest,Lowest,No
6905,8,Colorado,80494,0,2,2,0,2,NOT APPLICABLE,September,30,Saturday,8,30,Urban,High Speed (Arterial),Yes,40.71295,-104.994225,Non-Intersection,Daylight,Clear,8:00am-8:59am,34,8:00am-8:59am,39,Unknown,Unknown EMS Hospital Arrival Time,1,Daylight,Clear,1,1,['Driver'],['Shoulder_Lapbelt'],0,0,Valid,0.0,0.0,66.0,62.0,"['Male', 'Male']",0,0,4,4,5,Dry,Curve,Level,Medium,No
6906,8,Colorado,80495,0,2,2,0,4,DENVER,September,30,Saturday,12,27,Urban,Low Speed (Local),No,39.78526111,-104.96354444,Complex/Circle,Daylight,Clear,12:00pm-12:59pm,29,12:00pm-12:59pm,35,12:00pm-12:59pm,55,1,Daylight,Clear,1,3,['Rear_Seat'],['Shoulder_Lapbelt'],0,0,Valid,1.0,1.0,59.0,55.0,"['Male', 'Female']",0,0,4,4,5,Dry,Straight,Level,Lowest,No