,State_Code,State_Name,Crash_ID,Count_Non_Motorists,Count_Vehicles_Total,Count_Vehicle_Forms,Count_PVH_Involved,Count_Occupants_MV,City_Name,Month_Name,Day_of_Month,Day_of_Week,Crash_Hour,Crash_Minute,Area_Rural_Urban,Road_Functional_Class,On_NHS_Road,Latitude,Longitude,Intersection_Type,Light_Condition,Weather_Condition,Notif_Hour,Notif_Minute,Arrival_Hour,Arrival_Minute,Hospital_Hour,Hospital_Minute,Fatalities_Count,Clean_Light_Condition,Clean_Weather_Condition,Total_Killed,Total_Alive,Fatal_Seats_List,Killed_Restraint_List,Any_Driver_Drinking,Total_Drinking_Drivers,Driver_License_Category,Driver_Max_Prev_Accident_Count,Driver_Max_Prev_Speeding_Count,Max_Driver_Age,Min_Driver_Age,Driver_Sex_List,Total_Exceeding_Limit_Vehicles,Total_Too_Fast_Vehicles,Max_Vehicle_Type_Severity_5,Max_Vehicle_Damage_Rank,Max_Harmful_Event_Severity,Crash_Road_Surface_Condition,Crash_Horizontal_Alignment,Crash_Vertical_Profile,Crash_Impairment_Category,Crash_Vehicle_Defect
6907,8,Colorado,80496,0,2,2,0,2,PUEBLO,September,25,Monday,5,45,Urban,Medium Speed (Collector),No,38.24608611,-104.61618333,Complex/Circle,Dark - Not Lighted,Clear,5:00am-5:59am,49,5:00am-5:59am,53,Not Applicable (Not Transported),Not Applicable (Not Transported),1,Dark - Unlighted,Clear,1,1,['Driver'],['None_Used'],0,0,Invalid,0.0,0.0,60.0,35.0,"['Male', 'Female']",0,0,5,4,5,Dry,Straight,Level,Lowest,Yes
6908,8,Colorado,80497,0,2,2,0,4,AURORA,September,30,Saturday,12,12,Urban,High Speed (Arterial),Yes,39.64016667,-104.82875,Non-Intersection,Daylight,Clear,12:00pm-12:59pm,12,12:00pm-12:59pm,15,12:00pm-12:59pm,37,1,Daylight,Clear,1,3,['Driver'],['None_Used'],0,0,Invalid,1.0,0.0,55.0,36.0,"['Male', 'Female']",0,0,3,4,5,Dry,Straight,Level,Lowest,No
6909,8,Colorado,80498,1,1,1,0,1,AURORA,September,5,Tuesday,15,18,Urban,Medium Speed (Collector),No,39.77291111,-104.79577778,Complex/Circle,Daylight,Clear,2:00pm-2:59pm,54,2:00pm-2:59pm,54,3:00pm-3:59pm,12,1,Daylight,Clear,0,1,[],[],0,0,Valid,0.0,2.0,44.0,44.0,['Female'],0,0,4,1,4,Dry,Straight,Level,Lowest,No
6910,8,Colorado,80499,0,2,2,0,2,NOT APPLICABLE,September,30,Saturday,20,42,Urban,Medium Speed (Collector),No,38.42484444,-105.21352222,Non-Intersection,Dark - Not Lighted,Clear,Unknown,Unknown,Unknown EMS Scene Arrival Hour,Unknown EMS Scene Arrival Minutes,Unknown,Unknown EMS Hospital Arrival Time,1,Dark - Unlighted,Clear,1,1,['Driver'],['None_Used'],1,1,Valid,0.0,3.0,74.0,29.0,"['Male', 'Male']",1,0,5,3,5,Dry,Straight,Level,Lowest,No
6911,8,Colorado,80500,0,2,2,0,3,DENVER,September,16,Saturday,2,35,Urban,High Speed (Arterial),Yes,39.73138889,-105.01553889,Non-Intersection,Dark - Lighted,Clear,2:00am-2:59am,37,2:00am-2:59am,40,3:00am-3:59am,7,1,Dark - Lighted,Clear,1,2,['Driver'],['Shoulder_Lapbelt'],1,2,Valid,0.0,1.0,39.0,23.0,"['Female', 'Male']",0,0,3,4,5,Dry,Straight,Level,Lowest,No
6912,8,Colorado,80501,1,1,1,0,1,LITTLETON,September,24,Sunday,3,37,Urban,High Speed (Arterial),Yes,39.61318333,-105.02241667,Non-Intersection,Dark - Not Lighted,Cloudy,3:00am-3:59am,38,3:00am-3:59am,20,Not Applicable (Not Transported),Not Applicable (Not Transported),1,Dark - Unlighted,Reduced Visibility,0,1,[],[],0,0,Valid,0.0,0.0,33.0,33.0,['Male'],0,0,3,3,4,Dry,Straight,Grade/Hillcrest,Lowest,No
6913,8,Colorado,80502,0,1,1,0,1,COLORADO SPRINGS,September,29,Friday,22,24,Urban,High Speed (Arterial),Yes,38.90497778,-104.86348333,Non-Intersection,Dark - Lighted,Clear,10:00pm-10:59pm,25,10:00pm-10:59pm,31,Not Applicable (Not Transported),Not Applicable (Not Transported),1,Dark - Lighted,Clear,1,0,['Driver'],['None_Used'],1,1,Valid,0.0,1.0,27.0,27.0,['Male'],0,0,5,4,3,Dry,Curve,Grade/Hillcrest,Lowest,No
6914,8,Colorado,80503,0,3,3,0,4,DENVER,September,21,Thursday,11,45,Urban,Medium Speed (Collector),No,39.63848611,-105.03727778,Simple Junction,Daylight,Clear,11:00am-11:59am,46,11:00am-11:59am,53,12:00pm-12:59pm,22,1,Daylight,Clear,1,3,['Driver'],['Shoulder_Lapbelt'],0,0,Valid,0.0,1.0,88.0,29.0,"['Male', 'Male', 'Male']",0,0,3,4,5,Dry,Straight,Level,Lowest,No
6915,8,Colorado,80504,0,2,2,0,2,DENVER,September,14,Thursday,1,17,Urban,High Speed (Arterial),Yes,39.77668333,-105.02519444,Complex/Circle,Dark - Lighted,Clear,1:00am-1:59am,17,1:00am-1:59am,25,1:00am-1:59am,39,1,Dark - Lighted,Clear,1,1,['Driver'],['None_Used'],1,1,Valid,0.0,0.0,59.0,24.0,"['Male', 'Male']",1,0,5,4,5,Dry,Straight,Level,Lowest,No
6916,8,Colorado,80505,0,2,2,0,2,DENVER,September,24,Sunday,15,40,Urban,Medium Speed (Collector),No,39.78511111,-104.8098,Non-Intersection,Daylight,Clear,3:00pm-3:59pm,31,3:00pm-3:59pm,39,Not Applicable (Not Transported),Not Applicable (Not Transported),1,Daylight,Clear,1,1,['Driver'],['Shoulder_Lapbelt'],1,1,Invalid,0.0,1.0,36.0,25.0,"['Male', 'Male']",1,0,3,4,5,Dry,Straight,Grade/Hillcrest,Lowest,No
6917,8,Colorado,80506,0,2,2,0,4,CENTENNIAL,September,23,Saturday,23,16,Urban,High Speed (Arterial),Yes,39.59513889,-104.85676944,Non-Intersection,Dark - Not Lighted,Clear,11:00pm-11:59pm,18,11:00pm-11:59pm,22,11:00pm-11:59pm,49,1,Dark - Unlighted,Clear,1,3,['Non_Standard_Risk'],['None_Used'],0,0,Valid,1.0,2.0,47.0,19.0,"['Male', 'Male']",0,0,3,4,5,Dry,Straight,Grade/Hillcrest,Lowest,No
6918,8,Colorado,80507,1,1,1,0,2,DENVER,September,23,Saturday,19,52,Urban,High Speed (Arterial),Yes,39.69621667,-105.05321944,Non-Intersection,Dark - Lighted,Clear,8:00pm-8:59pm,8,8:00pm-8:59pm,11,8:00pm-8:59pm,22,1,Dark - Lighted,Clear,0,2,[],[],0,0,Valid,0.0,1.0,26.0,26.0,['Male'],0,0,3,2,4,Dry,Straight,Level,Lowest,No
6919,8,Colorado,80508,1,1,1,0,2,DENVER,September,24,Sunday,20,56,Urban,High Speed (Arterial),Yes,39.77271944,-104.9404,Complex/Circle,Dark - Lighted,Clear,8:00pm-8:59pm,57,9:00pm-9:59pm,3,9:00pm-9:59pm,29,1,Dark - Lighted,Clear,0,2,[],[],0,0,Valid,0.0,1.0,24.0,24.0,['Female'],0,0,3,3,4,Dry,Straight,Level,Lowest,No
6920,8,Colorado,80509,0,1,1,0,1,NOT APPLICABLE,September,21,Thursday,12,0,Urban,Low Speed (Local),No,39.11576111,-108.34687222,Non-Intersection,Daylight,Clear,Unknown,Unknown,Unknown EMS Scene Arrival Hour,Unknown EMS Scene Arrival Minutes,Not Applicable (Not Transported),Not Applicable (Not Transported),1,Daylight,Clear,1,0,['Driver'],['Shoulder_Lapbelt'],0,0,Valid,0.0,0.0,77.0,77.0,['Female'],0,0,2,4,4,Dry,Curve,Level,Lowest,No
6921,8,Colorado,80510,0,3,3,0,6,DENVER,September,19,Tuesday,13,15,Urban,High Speed (Arterial),Yes,39.83111111,-104.74707778,Non-Intersection,Daylight,Clear,1:00pm-1:59pm,19,1:00pm-1:59pm,23,1:00pm-1:59pm,55,1,Daylight,Clear,1,5,['Driver'],['Shoulder_Lapbelt'],0,0,Invalid,0.0,2.0,62.0,38.0,"['Male', 'Male', 'Male']",0,0,4,4,5,Dry,Straight,Level,Lowest,Yes
6922,8,Colorado,80511,0,2,2,0,3,NOT APPLICABLE,October,1,Sunday,13,0,Rural,High Speed (Arterial),Yes,40.65045,-105.17123889,Complex/Circle,Daylight,Clear,1:00pm-1:59pm,0,1:00pm-1:59pm,7,Unknown,Unknown EMS Hospital Arrival Time,2,Daylight,Clear,2,1,"['Driver', 'Front_Passenger']","['Shoulder_Lapbelt', 'Shoulder_Lapbelt']",0,0,Valid,0.0,0.0,84.0,21.0,"['Female', 'Male']",1,0,3,4,5,Dry,Straight,Grade/Hillcrest,Lowest,No
6923,8,Colorado,80512,1,1,1,0,1,DURANGO,October,1,Sunday,6,40,Urban,High Speed (Arterial),Yes,37.22585833,-107.85874444,Non-Intersection,Dark - Not Lighted,Clear,11:00am-11:59am,2,11:00am-11:59am,6,Not Applicable (Not Transported),Not Applicable (Not Transported),1,Dark - Unlighted,Clear,0,1,[],[],0,0,Valid,0.0,0.0,75.0,75.0,['Male'],0,0,2,3,4,Dry,Straight,Level,Lowest,No
6924,8,Colorado,80513,0,1,1,0,3,NOT APPLICABLE,October,3,Tuesday,12,20,Rural,Medium Speed (Collector),No,38.57302778,-104.93570278,Non-Intersection,Daylight,Clear,Unknown,Unknown,Unknown EMS Scene Arrival Hour,Unknown EMS Scene Arrival Minutes,Unknown,Unknown EMS Hospital Arrival Time,1,Daylight,Clear,1,2,['Front_Passenger'],['None_Used'],0,0,Valid,0.0,0.0,16.0,16.0,['Male'],0,0,3,4,3,Dry,Straight,Level,Medium,No
6925,8,Colorado,80514,0,2,2,0,2,NOT APPLICABLE,October,4,Wednesday,8,30,Rural,Medium Speed (Collector),No,38.77808889,-107.99952222,Non-Intersection,Daylight,Clear,Unknown,Unknown,Unknown EMS Scene Arrival Hour,Unknown EMS Scene Arrival Minutes,Unknown,Unknown EMS Hospital Arrival Time,1,Daylight,Clear,1,1,['Driver'],['Shoulder_Lapbelt'],0,0,Invalid,1.0,1.0,90.0,30.0,"['Male', 'Male']",0,0,3,4,5,Dry,Curve,Grade/Hillcrest,Lowest,No
6926,8,Colorado,80515,0,1,1,0,2,NOT APPLICABLE,October,4,Wednesday,14,21,Rural,Medium Speed (Collector),No,38.00141111,-107.29329167,Non-Intersection,Daylight,Clear,Unknown,Unknown,Unknown EMS Scene Arrival Hour,Unknown EMS Scene Arrival Minutes,Not Applicable (Not Transported),Not Applicable (Not Transported),2,Daylight,Clear,2,0,"['Driver', 'Front_Passenger']","['None_Used', 'None_Used']",0,0,Invalid,0.0,0.0,52.0,52.0,['Male'],2,0,4,4,3,Dry,Curve,Grade/Hillcrest,Lowest,No
6927,8,Colorado,80516,0,2,2,0,2,NOT APPLICABLE,October,3,Tuesday,16,45,Rural,Low Speed (Local),No,38.76608333,-104.61663889,Non-Intersection,Daylight,Clear,Unknown,Unknown,Unknown EMS Scene Arrival Hour,Unknown EMS Scene Arrival Minutes,Unknown,Unknown EMS Hospital Arrival Time,1,Daylight,Clear,1,1,['Driver'],['Shoulder_Lapbelt'],0,0,Valid,0.0,1.0,60.0,39.0,"['Female', 'Male']",0,0,3,4,5,Dry,Straight,Level,Lowest,No
6928,8,Colorado,80517,4,2,1,1,1,BROOMFIELD,October,6,Friday,22,14,Urban,High Speed (Arterial),Yes,39.98531111,-104.98781389,Non-Intersection,Dark - Lighted,Clear,10:00pm-10:59pm,14,10:00pm-10:59pm,28,Unknown,Unknown EMS Hospital Arrival Time,2,Dark - Lighted,Clear,0,1,[],[],1,1,Valid,0.0,0.0,42.0,42.0,['Female'],1,0,3,4,4,Dry,Curve,Grade/Hillcrest,Lowest,No
6929,8,Colorado,80518,0,1,1,0,2,NOT APPLICABLE,October,7,Saturday,19,34,Rural,Medium Speed (Collector),No,38.88798333,-104.09201667,Non-Intersection,Dusk,Clear,Unknown,Unknown,Unknown EMS Scene Arrival Hour,Unknown EMS Scene Arrival Minutes,Unknown,Unknown EMS Hospital Arrival Time,1,Twilight,Clear,1,1,['Driver'],['None_Used'],1,1,Invalid,0.0,0.0,58.0,58.0,['Male'],0,0,3,4,3,Dry,Straight,Level,Lowest,No
6930,8,Colorado,80519,0,1,1,0,1,AURORA,October,7,Saturday,2,10,Urban,High Speed (Arterial),Yes,39.770625,-104.81095833,Non-Intersection,Dark - Not Lighted,Clear,2:00am-2:59am,10,2:00am-2:59am,13,Not Applicable (Not Transported),Not Applicable (Not Transported),1,Dark - Unlighted,Clear,1,0,['Driver'],['None_Used'],1,1,Valid,0.0,0.0,67.0,67.0,['Male'],0,0,3,4,3,Dry,Straight,Grade/Hillcrest,Lowest,No
6931,8,Colorado,80520,0,1,1,0,6,ARVADA,October,7,Saturday,0,20,Urban,High Speed (Arterial),Yes,39.78646667,-105.076575,Non-Intersection,Dark - Lighted,Clear,0:00am-0:59am,26,0:00am-0:59am,34,0:00am-0:59am,55,1,Dark - Lighted,Clear,1,5,['Rear_Seat'],['None_Used'],1,1,Invalid,0.0,0.0,17.0,17.0,['Female'],6,0,2,4,3,Dry,Curve,Level,Lowest,No
6932,8,Colorado,80521,0,1,1,0,1,FOUNTAIN,October,8,Sunday,17,20,Urban,High Speed (Arterial),Yes,38.7301,-104.72501667,Simple Junction,Daylight,Clear,5:00pm-5:59pm,20,5:00pm-5:59pm,23,Not Applicable (Not Transported),Not Applicable (Not Transported),1,Daylight,Clear,1,0,['Driver'],['None_Used'],1,1,Valid,0.0,0.0,18.0,18.0,['Male'],1,0,3,4,3,Dry,Straight,Level,Lowest,No
6933,8,Colorado,80522,0,2,2,0,2,DENVER,October,8,Sunday,19,9,Urban,Medium Speed (Collector),No,39.75068333,-104.95971389,Complex/Circle,Dark - Lighted,Clear,7:00pm-7:59pm,10,7:00pm-7:59pm,18,Not Applicable (Not Transported),Not Applicable (Not Transported),1,Dark - Lighted,Clear,1,1,['Driver'],['None_Used'],1,1,Valid,1.0,0.0,45.0,39.0,"['Male', 'Male']",1,0,5,4,5,Dry,Straight,Level,Lowest,No
6934,8,Colorado,80523,0,1,1,0,1,NOT APPLICABLE,October,9,Monday,7,28,Rural,Low Speed (Local),No,40.71178333,-104.30693333,Non-Intersection,Daylight,Clear,7:00am-7:59am,29,8:00am-8:59am,0,Not Applicable (Not Transported),Not Applicable (Not Transported),1,Daylight,Clear,1,0,['Driver'],['None_Used'],0,0,Valid,0.0,0.0,17.0,17.0,['Male'],1,0,3,4,3,Wet/Standing Water,Straight,Grade/Hillcrest,Lowest,No
6935,8,Colorado,80524,0,2,2,0,2,NOT APPLICABLE,October,9,Monday,18,1,Rural,Medium Speed (Collector),No,39.30126389,-102.59547222,Simple Junction,Dusk,Clear,Unknown,Unknown,Unknown EMS Scene Arrival Hour,Unknown EMS Scene Arrival Minutes,Not Applicable (Not Transported),Not Applicable (Not Transported),1,Twilight,Clear,1,1,['Driver'],['Shoulder_Lapbelt'],1,1,Valid,0.0,0.0,45.0,40.0,"['Male', 'Female']",0,0,4,4,5,Dry,Straight,Level,Lowest,No
6936,8,Colorado,80525,1,1,1,0,1,PUEBLO,October,6,Friday,9,16,Urban,High Speed (Arterial),Yes,38.30786944,-104.61876111,Non-Intersection,Daylight,Clear,9:00am-9:59am,17,9:00am-9:59am,22,9:00am-9:59am,35,1,Daylight,Clear,0,1,[],[],0,0,Valid,0.0,0.0,31.0,31.0,['Male'],0,0,3,3,4,Dry,Straight,Level,Lowest,No
6937,8,Colorado,80526,1,1,1,0,2,NOT APPLICABLE,October,13,Friday,0,26,Urban,High Speed (Arterial),Yes,39.98358889,-105.228375,Non-Intersection,Dark - Lighted,Clear,0:00am-0:59am,29,0:00am-0:59am,32,Not Applicable (Not Transported),Not Applicable (Not Transported),1,Dark - Lighted,Clear,0,2,[],[],0,0,Valid,0.0,0.0,36.0,36.0,['Male'],0,0,2,3,4,Dry,Straight,Grade/Hillcrest,Lowest,No
6938,8,Colorado,80527,0,2,2,0,2,NOT APPLICABLE,October,11,Wednesday,8,14,Rural,High Speed (Arterial),Yes,37.62744167,-106.14927778,Non-Intersection,Daylight,Clear,Unknown,Unknown,Unknown EMS Scene Arrival Hour,Unknown EMS Scene Arrival Minutes,Unknown,Unknown EMS Hospital Arrival Time,1,Daylight,Clear,1,1,['Driver'],['None_Used'],0,0,Valid,0.0,2.0,70.0,34.0,"['Male', 'Male']",0,0,3,4,5,Dry,Straight,Level,Medium,No
6939,8,Colorado,80528,1,1,1,0,1,LAKEWOOD,October,11,Wednesday,1,28,Urban,High Speed (Arterial),Yes,39.71111944,-105.08805556,Non-Intersection,Dark - Not Lighted,Clear,1:00am-1:59am,28,1:00am-1:59am,33,Not Applicable (Not Transported),Not Applicable (Not Transported),1,Dark - Unlighted,Clear,0,1,[],[],0,0,Invalid,0.0,0.0,998.0,998.0,['Other'],0,0,1,0,4,Dry,Straight,Level,Lowest,No
6940,8,Colorado,80529,0,2,2,0,3,COLORADO SPRINGS,October,5,Thursday,16,12,Urban,High Speed (Arterial),Yes,38.78175556,-104.7576,Complex/Circle,Daylight,Clear,4:00pm-4:59pm,12,4:00pm-4:59pm,20,4:00pm-4:59pm,58,1,Daylight,Clear,1,2,['Front_Passenger'],['None_Used'],1,1,Invalid,1.0,0.0,52.0,26.0,"['Male', 'Male']",0,0,4,4,5,Dry,Straight,Level,Lowest,No
6941,8,Colorado,80530,0,2,2,0,2,COLORADO SPRINGS,October,5,Thursday,7,11,Urban,High Speed (Arterial),Yes,38.94078889,-104.67994444,Complex/Circle,Daylight,Clear,7:00am-7:59am,12,7:00am-7:59am,21,7:00am-7:59am,47,1,Daylight,Clear,1,1,['Driver'],['None_Used'],0,0,Valid,0.0,0.0,54.0,17.0,"['Male', 'Male']",0,0,5,4,5,Dry,Straight,Level,Lowest,No
6942,8,Colorado,80531,0,1,1,0,1,NOT APPLICABLE,October,11,Wednesday,9,40,Rural,Medium Speed (Collector),No,38.16319444,-103.85697778,Simple Junction,Daylight,Clear,Unknown,Unknown,Unknown EMS Scene Arrival Hour,Unknown EMS Scene Arrival Minutes,Unknown,Unknown EMS Hospital Arrival Time,1,Daylight,Clear,1,0,['Driver'],['Shoulder_Lapbelt'],0,0,Valid,0.0,0.0,94.0,94.0,['Female'],0,0,3,4,3,Dry,Straight,Level,Lowest,No
6943,8,Colorado,80532,0,1,1,0,2,NOT APPLICABLE,October,14,Saturday,10,20,Rural,High Speed (Arterial),Yes,37.74907222,-104.83427778,Non-Intersection,Daylight,Clear,Unknown,Unknown,Unknown EMS Scene Arrival Hour,Unknown EMS Scene Arrival Minutes,Unknown,Unknown EMS Hospital Arrival Time,1,Daylight,Clear,1,1,['Driver'],['None_Used'],0,0,Invalid,0.0,0.0,24.0,24.0,['Male'],0,0,3,4,3,Dry,Straight,Level,Lowest,No
6944,8,Colorado,80533,0,2,2,0,3,NOT APPLICABLE,October,14,Saturday,8,47,Rural,Medium Speed (Collector),No,40.98256667,-102.29011111,Non-Intersection,Daylight,Cloudy,8:00am-8:59am,50,8:00am-8:59am,53,9:00am-9:59am,19,1,Daylight,Reduced Visibility,1,2,['Driver'],['Shoulder_Lapbelt'],0,0,Valid,0.0,0.0,81.0,17.0,"['Female', 'Female']",0,0,2,4,5,Dry,Straight,Level,Lowest,No
6945,8,Colorado,80534,0,1,1,0,1,NOT APPLICABLE,October,19,Thursday,18,0,Rural,Medium Speed (Collector),No,37.42451111,-107.79316111,Non-Intersection,Dusk,Clear,Unknown,Unknown,Unknown EMS Scene Arrival Hour,Unknown EMS Scene Arrival Minutes,Unknown,Unknown EMS Hospital Arrival Time,1,Twilight,Clear,1,0,['Driver'],['Shoulder_Lapbelt'],0,0,Invalid,0.0,0.0,76.0,76.0,['Female'],0,0,3,4,3,Dry,Curve,Grade/Hillcrest,Lowest,No
6946,8,Colorado,80535,0,1,1,0,2,NOT APPLICABLE,October,14,Saturday,21,20,Rural,Medium Speed (Collector),No,40.01832222,-107.81836944,Non-Intersection,Dark - Not Lighted,Clear,Unknown,Unknown,Unknown EMS Scene Arrival Hour,Unknown EMS Scene Arrival Minutes,Unknown,Unknown EMS Hospital Arrival Time,1,Dark - Unlighted,Clear,1,1,['Front_Passenger'],['None_Used'],0,0,Valid,0.0,0.0,16.0,16.0,['Male'],2,0,2,4,3,Dry,Straight,Level,Lowest,No
6947,8,Colorado,80536,0,1,1,0,1,NOT APPLICABLE,October,15,Sunday,13,0,Rural,Medium Speed (Collector),No,38.23911111,-103.63709444,Non-Intersection,Daylight,Clear,Unknown,Unknown,Unknown EMS Scene Arrival Hour,Unknown EMS Scene Arrival Minutes,Not Applicable (Not Transported),Not Applicable (Not Transported),1,Daylight,Clear,1,0,['Driver'],['None_Used'],0,0,Valid,0.0,0.0,16.0,16.0,['Male'],0,0,1,4,3,Dry,Straight,Level,Lowest,No
6948,8,Colorado,80537,0,2,2,0,3,NOT APPLICABLE,October,13,Friday,1,50,Urban,Medium Speed (Collector),No,39.09174722,-108.47177778,Simple Junction,Dark - Lighted,Clear,Unknown,Unknown,Unknown EMS Scene Arrival Hour,Unknown EMS Scene Arrival Minutes,Unknown,Unknown EMS Hospital Arrival Time,1,Dark - Lighted,Clear,1,2,['Driver'],['None_Used'],1,1,Valid,1.0,3.0,36.0,26.0,"['Male', 'Female']",1,0,5,4,5,Dry,Straight,Level,Lowest,No
6949,8,Colorado,80538,0,2,2,0,2,FORT COLLINS,October,10,Tuesday,19,45,Urban,Medium Speed (Collector),No,40.53818056,-105.09141111,Simple Junction,Dark - Lighted,Clear,7:00pm-7:59pm,45,7:00pm-7:59pm,46,Not Applicable (Not Transported),Not Applicable (Not Transported),1,Dark - Lighted,Clear,1,1,['Driver'],['None_Used'],0,0,Valid,0.0,0.0,48.0,21.0,"['Male', 'Female']",1,0,5,4,5,Dry,Straight,Level,Lowest,No
6950,8,Colorado,80539,0,2,2,0,2,NOT APPLICABLE,October,16,Monday,1,10,Rural,High Speed (Arterial),Yes,39.18588333,-104.85007222,Non-Intersection,Dark - Lighted,Clear,Unknown,Unknown,Unknown EMS Scene Arrival Hour,Unknown EMS Scene Arrival Minutes,Not Applicable (Not Transported),Not Applicable (Not Transported),1,Dark - Lighted,Clear,1,1,['Driver'],['Shoulder_Lapbelt'],1,1,Valid,0.0,3.0,67.0,26.0,"['Male', 'Male']",0,0,4,4,5,Dry,Curve,Level,Lowest,No
6951,8,Colorado,80540,1,3,3,0,1,WHEAT RIDGE,October,29,Sunday,21,25,Urban,High Speed (Arterial),Yes,39.78371389,-105.09081667,Non-Intersection,Dark - Lighted,Cloudy,9:00pm-9:59pm,25,9:00pm-9:59pm,32,Not Applicable (Not Transported),Not Applicable (Not Transported),1,Dark - Lighted,Reduced Visibility,0,1,[],[],0,0,Valid,0.0,0.0,40.0,40.0,['Male'],0,0,3,4,5,Dry,Curve,Grade/Hillcrest,Lowest,Yes
6952,8,Colorado,80541,0,2,2,0,2,NOT APPLICABLE,October,17,Tuesday,7,55,Rural,Medium Speed (Collector),No,39.32527778,-106.33585556,Non-Intersection,Daylight,Clear,7:00am-7:59am,56,8:00am-8:59am,13,Unknown,Unknown EMS Hospital Arrival Time,1,Daylight,Clear,1,1,['Driver'],['None_Used'],0,0,Valid,0.0,1.0,33.0,29.0,"['Female', 'Female']",1,0,3,4,3,Dry,Curve,Level,Lowest,No
6953,8,Colorado,80542,0,1,1,0,1,FORT COLLINS,October,14,Saturday,0,40,Urban,Medium Speed (Collector),No,40.52384444,-105.058275,Complex/Circle,Dark - Lighted,Clear,0:00am-0:59am,40,0:00am-0:59am,44,Not Applicable (Not Transported),Not Applicable (Not Transported),1,Dark - Lighted,Clear,1,0,['Driver'],['Shoulder_Lapbelt'],0,0,Valid,0.0,0.0,18.0,18.0,['Male'],1,0,3,4,3,Dry,Straight,Level,Lowest,No
6954,8,Colorado,80543,1,1,1,0,1,AURORA,October,3,Tuesday,7,45,Urban,Medium Speed (Collector),No,39.74740556,-104.848125,Simple Junction,Dawn,Clear,Unknown,Unknown,Unknown EMS Scene Arrival Hour,Unknown EMS Scene Arrival Minutes,Unknown,Unknown EMS Hospital Arrival Time,1,Twilight,Clear,0,1,[],[],0,0,Valid,0.0,0.0,20.0,20.0,['Female'],0,0,2,3,4,Dry,Straight,Level,Lowest,No
6955,8,Colorado,80544,0,2,2,0,2,NOT APPLICABLE,October,18,Wednesday,19,29,Rural,Medium Speed (Collector),No,38.15672222,-104.79163889,Non-Intersection,Dusk,Clear,Unknown,Unknown,Unknown EMS Scene Arrival Hour,Unknown EMS Scene Arrival Minutes,Not Applicable (Not Transported),Not Applicable (Not Transported),1,Twilight,Clear,1,1,['Driver'],['None_Used'],0,0,Invalid,1.0,1.0,65.0,42.0,"['Male', 'Male']",0,0,3,4,5,Dry,Curve,Level,Lowest,No
6956,8,Colorado,80545,0,1,1,0,1,NOT APPLICABLE,October,18,Wednesday,4,30,Rural,Medium Speed (Collector),No,40.414825,-103.217,Non-Intersection,Dark - Not Lighted,Clear,5:00am-5:59am,47,5:00am-5:59am,51,Not Applicable (Not Transported),Not Applicable (Not Transported),1,Dark - Unlighted,Clear,1,0,['Driver'],['None_Used'],1,1,Valid,0.0,0.0,61.0,61.0,['Male'],0,0,3,4,3,Dry,Straight,Level,Medium,No
6957,8,Colorado,80546,0,2,2,0,3,NOT APPLICABLE,October,20,Friday,19,20,Rural,Medium Speed (Collector),No,39.30880833,-106.24533333,Simple Junction,Dark - Not Lighted,Clear,Unknown,Unknown,Unknown EMS Scene Arrival Hour,Unknown EMS Scene Arrival Minutes,Unknown,Unknown EMS Hospital Arrival Time,2,Dark - Unlighted,Clear,2,1,"['Driver', 'Front_Passenger']","['None_Used', 'None_Used']",1,1,Invalid,0.0,0.0,52.0,32.0,"['Male', 'Female']",0,0,3,4,5,Dry,Straight,Grade/Hillcrest,Lowest,No
6958,8,Colorado,80547,0,2,2,0,3,BROOMFIELD,October,20,Friday,11,55,Urban,Medium Speed (Collector),No,39.92893056,-105.13696111,Complex/Circle,Daylight,Clear,11:00am-11:59am,55,12:00pm-12:59pm,1,12:00pm-12:59pm,17,1,Daylight,Clear,1,2,['Front_Passenger'],['Shoulder_Lapbelt'],0,0,Valid,0.0,0.0,72.0,34.0,"['Female', 'Male']",0,0,3,4,5,Dry,Straight,Level,Lowest,No
6959,8,Colorado,80548,0,2,1,1,1,AURORA,October,20,Friday,22,6,Urban,Low Speed (Local),No,39.72715556,-104.804425,Non-Intersection,Dark - Lighted,Clear,10:00pm-10:59pm,7,10:00pm-10:59pm,11,10:00pm-10:59pm,25,1,Dark - Lighted,Clear,1,0,['Driver'],['None_Used'],1,1,Valid,0.0,0.0,27.0,27.0,['Male'],0,0,5,2,2,Dry,Straight,Level,Lowest,No
6960,8,Colorado,80549,0,2,2,0,2,COLORADO SPRINGS,October,18,Wednesday,17,38,Urban,High Speed (Arterial),Yes,38.87397222,-104.80408333,Non-Intersection,Dusk,Clear,Unknown,Unknown,8:00pm-8:59pm,24,Not Applicable (Not Transported),Not Applicable (Not Transported),1,Twilight,Clear,1,1,['Driver'],['None_Used'],0,0,Valid,0.0,0.0,51.0,20.0,"['Female', 'Male']",0,0,5,4,5,Dry,Straight,Level,Lowest,No
6961,8,Colorado,80550,0,1,1,0,2,GREELEY,October,22,Sunday,0,49,Urban,High Speed (Arterial),Yes,40.41693611,-104.69109444,Non-Intersection,Dark - Lighted,Clear,0:00am-0:59am,49,0:00am-0:59am,54,1:00am-1:59am,0,1,Dark - Lighted,Clear,1,1,['Driver'],['None_Used'],1,1,Invalid,0.0,0.0,27.0,27.0,['Male'],2,0,2,4,3,Dry,Straight,Level,Lowest,No
6962,8,Colorado,80551,1,1,1,0,1,FORT COLLINS,October,18,Wednesday,19,28,Urban,High Speed (Arterial),Yes,40.52219444,-105.07727222,Non-Intersection,Dark - Lighted,Clear,7:00pm-7:59pm,28,7:00pm-7:59pm,31,Not Applicable (Not Transported),Not Applicable (Not Transported),1,Dark - Lighted,Clear,0,1,[],[],0,0,Valid,0.0,0.0,44.0,44.0,['Male'],0,0,3,2,4,Dry,Straight,Level,Lowest,No