,State_Code,State_Name,Crash_ID,Count_Non_Motorists,Count_Vehicles_Total,Count_Vehicle_Forms,Count_PVH_Involved,Count_Occupants_MV,City_Name,Month_Name,Day_of_Month,Day_of_Week,Crash_Hour,Crash_Minute,Area_Rural_Urban,Road_Functional_Class,On_NHS_Road,Latitude,Longitude,Intersection_Type,Light_Condition,Weather_Condition,Notif_Hour,Notif_Minute,Arrival_Hour,Arrival_Minute,Hospital_Hour,Hospital_Minute,Fatalities_Count,Clean_Light_Condition,Clean_Weather_Condition,Total_Killed,Total_Alive,Fatal_Seats_List,Killed_Restraint_List,Any_Driver_Drinking,Total_Drinking_Drivers,Driver_License_Category,Driver_Max_Prev_Accident_Count,Driver_Max_Prev_Speeding_Count,Max_Driver_Age,Min_Driver_Age,Driver_Sex_List,Total_Exceeding_Limit_Vehicles,Total_Too_Fast_Vehicles,Max_Vehicle_Type_Severity_5,Max_Vehicle_Damage_Rank,Max_Harmful_Event_Severity,Crash_Road_Surface_Condition,Crash_Horizontal_Alignment,Crash_Vertical_Profile,Crash_Impairment_Category,Crash_Vehicle_Defect
6963,8,Colorado,80552,0,1,1,0,1,NOT APPLICABLE,October,3,Tuesday,10,49,Rural,Low Speed (Local),No,38.56195556,-107.97766667,Non-Intersection,Daylight,Clear,Unknown,Unknown,Unknown EMS Scene Arrival Hour,Unknown EMS Scene Arrival Minutes,Unknown,Unknown EMS Hospital Arrival Time,1,Daylight,Clear,1,0,['Driver'],['None_Used'],0,0,Valid,0.0,0.0,34.0,34.0,['Male'],1,0,3,4,3,Dry,Curve,Level,Lowest,No
6964,8,Colorado,80553,0,1,1,0,1,NOT APPLICABLE,October,22,Sunday,14,50,Rural,Medium Speed (Collector),No,39.29261667,-104.9673,Non-Intersection,Daylight,Clear,3:00pm-3:59pm,14,3:00pm-3:59pm,16,3:00pm-3:59pm,56,1,Daylight,Clear,1,0,['Driver'],['None_Used'],1,1,Invalid,1.0,2.0,34.0,34.0,['Male'],1,0,5,4,3,Dry,Curve,Level,Lowest,No
6965,8,Colorado,80554,0,2,2,0,2,WESTMINSTER,October,23,Monday,16,51,Urban,High Speed (Arterial),Yes,39.87675556,-105.064,Non-Intersection,Daylight,Clear,4:00pm-4:59pm,52,4:00pm-4:59pm,58,5:00pm-5:59pm,15,1,Daylight,Clear,1,1,['Driver'],['None_Used'],0,0,Invalid,0.0,0.0,39.0,24.0,"['Male', 'Male']",1,0,3,4,5,Dry,Straight,Grade/Hillcrest,Lowest,No
6966,8,Colorado,80555,0,2,2,0,4,CHERRY HILLS VILLAGE,October,21,Saturday,2,0,Urban,High Speed (Arterial),Yes,39.62433889,-104.95804444,Non-Intersection,Dark - Not Lighted,Clear,Unknown,Unknown,Unknown EMS Scene Arrival Hour,Unknown EMS Scene Arrival Minutes,Unknown,Unknown EMS Hospital Arrival Time,2,Dark - Unlighted,Clear,2,2,"['Driver', 'Front_Passenger']","['None_Used', 'None_Used']",1,1,Invalid,0.0,0.0,34.0,23.0,"['Male', 'Male']",2,0,3,4,5,Dry,Straight,Grade/Hillcrest,Lowest,No
6967,8,Colorado,80556,1,1,1,0,1,COLORADO SPRINGS,October,13,Friday,17,5,Urban,Medium Speed (Collector),No,38.80748056,-104.79522222,Non-Intersection,Daylight,Clear,Unknown,Unknown,Unknown EMS Scene Arrival Hour,Unknown EMS Scene Arrival Minutes,Unknown,Unknown EMS Hospital Arrival Time,1,Daylight,Clear,0,1,[],[],0,0,Valid,0.0,0.0,43.0,43.0,['Male'],0,0,3,2,4,Dry,Straight,Level,Lowest,No
6968,8,Colorado,80557,0,1,1,0,3,GREELEY,October,24,Tuesday,22,38,Urban,High Speed (Arterial),Yes,40.39833333,-104.80947222,Non-Intersection,Dark - Not Lighted,Clear,10:00pm-10:59pm,38,10:00pm-10:59pm,46,11:00pm-11:59pm,15,1,Dark - Unlighted,Clear,1,2,['Driver'],['None_Used'],0,0,Invalid,0.0,0.0,54.0,54.0,['Female'],0,0,2,4,3,Dry,Straight,Level,Lowest,Yes
6969,8,Colorado,80558,0,1,1,0,1,DENVER,October,1,Sunday,22,31,Urban,Medium Speed (Collector),No,39.72538889,-104.92854444,Non-Intersection,Dark - Lighted,Clear,10:00pm-10:59pm,31,10:00pm-10:59pm,37,10:00pm-10:59pm,50,1,Dark - Lighted,Clear,1,0,['Driver'],['Shoulder_Lapbelt'],1,1,Invalid,0.0,0.0,44.0,44.0,['Male'],1,0,2,4,3,Dry,Straight,Level,Lowest,No
6970,8,Colorado,80559,0,1,1,0,1,NOT APPLICABLE,October,31,Tuesday,22,30,Rural,High Speed (Arterial),Yes,38.48956944,-107.05885,Simple Junction,Dark - Not Lighted,Clear,Unknown,Unknown,Unknown EMS Scene Arrival Hour,Unknown EMS Scene Arrival Minutes,Not Applicable (Not Transported),Not Applicable (Not Transported),1,Dark - Unlighted,Clear,1,0,['Driver'],['None_Used'],0,0,Valid,0.0,0.0,76.0,76.0,['Male'],1,0,3,4,2,Dry,Straight,Level,Lowest,No
6971,8,Colorado,80560,1,1,1,0,1,COLORADO SPRINGS,October,20,Friday,19,24,Urban,Medium Speed (Collector),No,38.81458889,-104.82476111,Complex/Circle,Dark - Lighted,Clear,7:00pm-7:59pm,24,7:00pm-7:59pm,30,Not Applicable (Not Transported),Not Applicable (Not Transported),1,Dark - Lighted,Clear,0,1,[],[],0,0,Invalid,0.0,0.0,998.0,998.0,['Male'],0,0,1,2,4,Dry,Straight,Level,Lowest,No
6972,8,Colorado,80561,0,2,2,0,2,PARKER,October,21,Saturday,8,22,Urban,High Speed (Arterial),Yes,39.53415556,-104.76717222,Complex/Circle,Daylight,Clear,8:00am-8:59am,25,8:00am-8:59am,27,8:00am-8:59am,43,1,Daylight,Clear,1,1,['Driver'],['Shoulder_Lapbelt'],1,1,Valid,1.0,0.0,73.0,53.0,"['Male', 'Male']",1,0,3,4,5,Dry,Straight,Level,Lowest,No
6973,8,Colorado,80562,0,7,7,0,8,AURORA,October,23,Monday,6,3,Urban,High Speed (Arterial),Yes,39.74017222,-104.82393889,Non-Intersection,Dark - Lighted,Clear,6:00am-6:59am,3,6:00am-6:59am,10,6:00am-6:59am,29,1,Dark - Lighted,Clear,1,7,['Driver'],['Shoulder_Lapbelt'],0,0,Valid,0.0,0.0,998.0,42.0,"['Male', 'Other', 'Male', 'Male', 'Male', 'Male', 'Male']",1,0,4,4,5,Dry,Straight,Level,Medium,No
6974,8,Colorado,80563,0,1,1,0,1,NOT APPLICABLE,October,30,Monday,6,0,Rural,High Speed (Arterial),Yes,38.46517778,-105.86261111,Non-Intersection,Dark - Not Lighted,Clear,Unknown,Unknown,Unknown EMS Scene Arrival Hour,Unknown EMS Scene Arrival Minutes,Not Applicable (Not Transported),Not Applicable (Not Transported),1,Dark - Unlighted,Clear,1,0,['Driver'],['Shoulder_Lapbelt'],0,0,Valid,0.0,0.0,60.0,60.0,['Male'],0,0,3,4,3,Dry,Straight,Level,Lowest,No
6975,8,Colorado,80564,0,3,3,0,4,NOT APPLICABLE,October,30,Monday,22,32,Rural,High Speed (Arterial),Yes,40.40657778,-104.90742222,Complex/Circle,Dark - Lighted,Clear,10:00pm-10:59pm,35,10:00pm-10:59pm,47,10:00pm-10:59pm,57,1,Dark - Lighted,Clear,1,3,['Front_Passenger'],['Shoulder_Lapbelt'],1,2,Valid,0.0,0.0,37.0,21.0,"['Male', 'Male', 'Male']",0,0,3,4,5,Dry,Straight,Level,Lowest,No
6976,8,Colorado,80565,0,1,1,0,1,NOT APPLICABLE,October,31,Tuesday,6,27,Rural,Low Speed (Local),No,39.72841389,-105.4301,Non-Intersection,Dark - Not Lighted,Cloudy,Unknown,Unknown,Unknown EMS Scene Arrival Hour,Unknown EMS Scene Arrival Minutes,Not Applicable (Not Transported),Not Applicable (Not Transported),1,Dark - Unlighted,Reduced Visibility,1,0,['Driver'],['None_Used'],0,0,Valid,0.0,0.0,61.0,61.0,['Female'],0,0,3,4,3,Icy/Snowy,Curve,Grade/Hillcrest,Lowest,Yes
6977,8,Colorado,80566,0,2,2,0,3,AURORA,October,23,Monday,19,14,Rural,Medium Speed (Collector),No,39.566,-104.66065,Complex/Circle,Dusk,Clear,Unknown,Unknown,Unknown EMS Scene Arrival Hour,Unknown EMS Scene Arrival Minutes,Unknown,Unknown EMS Hospital Arrival Time,1,Twilight,Clear,1,2,['Driver'],['Shoulder_Lapbelt'],0,0,Valid,0.0,0.0,74.0,55.0,"['Female', 'Male']",3,0,3,4,5,Dry,Straight,Grade/Hillcrest,Lowest,No
6978,8,Colorado,80567,0,2,1,1,1,COLORADO SPRINGS,October,22,Sunday,5,17,Urban,High Speed (Arterial),Yes,38.82535,-104.75151389,Non-Intersection,Dark - Not Lighted,Clear,9:00am-9:59am,35,9:00am-9:59am,35,Not Applicable (Not Transported),Not Applicable (Not Transported),1,Dark - Unlighted,Clear,1,0,['Driver'],['None_Used'],1,1,Invalid,0.0,0.0,22.0,22.0,['Male'],1,0,2,4,5,Dry,Straight,Level,Lowest,No
6979,8,Colorado,80568,1,1,1,0,1,LITTLETON,October,17,Tuesday,8,4,Urban,Medium Speed (Collector),No,39.59513889,-104.99766111,Complex/Circle,Daylight,Clear,8:00am-8:59am,5,8:00am-8:59am,8,Not Applicable (Not Transported),Not Applicable (Not Transported),1,Daylight,Clear,0,1,[],[],0,0,Valid,0.0,0.0,39.0,39.0,['Female'],0,0,3,2,4,Dry,Straight,Grade/Hillcrest,Lowest,No
6980,8,Colorado,80569,1,1,1,0,1,PUEBLO,October,10,Tuesday,16,50,Urban,Medium Speed (Collector),No,38.244,-104.6149,Complex/Circle,Daylight,Clear,4:00pm-4:59pm,50,4:00pm-4:59pm,53,5:00pm-5:59pm,0,1,Daylight,Clear,0,1,[],[],0,0,Valid,0.0,0.0,22.0,22.0,['Male'],0,0,2,2,4,Dry,Straight,Level,Lowest,No
6981,8,Colorado,80570,1,1,1,0,3,NOT APPLICABLE,October,20,Friday,20,0,Rural,Medium Speed (Collector),No,37.09682222,-107.72320278,Non-Intersection,Dark - Not Lighted,Clear,8:00pm-8:59pm,0,8:00pm-8:59pm,11,Not Applicable (Not Transported),Not Applicable (Not Transported),1,Dark - Unlighted,Clear,0,3,[],[],0,0,Invalid,0.0,0.0,60.0,60.0,['Male'],0,0,2,3,4,Dry,Straight,Level,Lowest,No
6982,8,Colorado,80571,0,2,2,0,6,COLORADO SPRINGS,October,28,Saturday,23,8,Urban,High Speed (Arterial),Yes,38.84037778,-104.75753333,Complex/Circle,Dark - Lighted,Snow,11:00pm-11:59pm,11,11:00pm-11:59pm,15,Unknown,Unknown EMS Hospital Arrival Time,1,Dark - Lighted,Snow/Ice/Severe,1,5,['Rear_Seat'],['None_Used'],0,0,Invalid,0.0,1.0,23.0,22.0,"['Male', 'Female']",1,0,3,4,5,Icy/Snowy,Straight,Level,Lowest,No
6983,8,Colorado,80572,0,1,1,0,1,NOT APPLICABLE,October,22,Sunday,0,1,Rural,High Speed (Arterial),Yes,40.39071667,-106.80645278,Non-Intersection,Dark - Not Lighted,Clear,9:00am-9:59am,42,9:00am-9:59am,49,11:00am-11:59am,16,1,Dark - Unlighted,Clear,1,0,['Driver'],['Shoulder_Lapbelt'],0,0,Valid,0.0,0.0,32.0,32.0,['Male'],0,0,2,4,3,Dry,Curve,Grade/Hillcrest,Medium,No
6984,8,Colorado,80573,0,2,2,0,3,COLORADO SPRINGS,October,13,Friday,17,36,Urban,High Speed (Arterial),Yes,38.82533889,-104.73929167,Complex/Circle,Daylight,Clear,5:00pm-5:59pm,36,5:00pm-5:59pm,41,Not Applicable (Not Transported),Not Applicable (Not Transported),1,Daylight,Clear,1,2,['Driver'],['None_Used'],0,0,Valid,0.0,1.0,49.0,38.0,"['Male', 'Female']",0,0,5,4,5,Dry,Straight,Level,Lowest,No
6985,8,Colorado,80574,0,2,1,1,2,DENVER,July,30,Sunday,0,1,Urban,High Speed (Arterial),Yes,39.77738889,-104.88696111,Non-Intersection,Dark - Lighted,Clear,0:00am-0:59am,1,0:00am-0:59am,6,0:00am-0:59am,25,1,Dark - Lighted,Clear,1,1,['Front_Passenger'],['None_Used'],1,1,Invalid,0.0,0.0,26.0,26.0,['Female'],2,0,3,4,5,Dry,Straight,Level,Lowest,No
6986,8,Colorado,80575,1,1,1,0,1,LOUISVILLE,August,24,Thursday,7,33,Urban,Medium Speed (Collector),No,39.96515,-105.14730278,Non-Intersection,Daylight,Clear,7:00am-7:59am,33,7:00am-7:59am,37,7:00am-7:59am,45,1,Daylight,Clear,0,1,[],[],0,0,Valid,0.0,0.0,22.0,22.0,['Female'],0,0,2,2,4,Dry,Straight,Level,Lowest,No
6987,8,Colorado,80576,0,1,1,0,2,Other,September,8,Friday,0,33,Urban,Low Speed (Local),No,40.38831111,-104.96451389,Non-Intersection,Dark - Not Lighted,Clear,0:00am-0:59am,34,0:00am-0:59am,40,Not Applicable (Not Transported),Not Applicable (Not Transported),2,Dark - Unlighted,Clear,2,0,"['Driver', 'Rear_Seat']","['None_Used', 'None_Used']",1,1,Valid,0.0,4.0,23.0,23.0,['Male'],0,0,5,4,3,Dry,Curve,Level,Lowest,No
6988,8,Colorado,80577,0,2,2,0,4,NOT APPLICABLE,November,17,Friday,15,19,Rural,Medium Speed (Collector),No,38.83861944,-104.46113333,Complex/Circle,Daylight,Clear,Unknown,Unknown,Unknown EMS Scene Arrival Hour,Unknown EMS Scene Arrival Minutes,Unknown,Unknown EMS Hospital Arrival Time,1,Daylight,Clear,1,3,['Driver'],['Shoulder_Lapbelt'],0,0,Valid,0.0,2.0,72.0,23.0,"['Male', 'Male']",0,0,3,4,5,Dry,Straight,Level,Lowest,No
6989,8,Colorado,80578,1,1,1,0,1,BRIGHTON,November,3,Friday,9,31,Urban,Medium Speed (Collector),No,39.95779444,-104.80478611,Non-Intersection,Daylight,Clear,9:00am-9:59am,32,9:00am-9:59am,38,Not Applicable (Not Transported),Not Applicable (Not Transported),1,Daylight,Clear,0,1,[],[],0,0,Valid,0.0,0.0,46.0,46.0,['Male'],0,0,4,1,4,Dry,Straight,Level,Lowest,No
6990,8,Colorado,80579,0,1,1,0,1,NOT APPLICABLE,November,4,Saturday,18,1,Rural,Low Speed (Local),No,40.17426111,-105.22936667,Non-Intersection,Dark - Not Lighted,Clear,6:00pm-6:59pm,1,6:00pm-6:59pm,5,6:00pm-6:59pm,15,1,Dark - Unlighted,Clear,1,0,['Driver'],['None_Used'],1,1,Invalid,0.0,0.0,72.0,72.0,['Male'],0,0,3,4,3,Dry,Straight,Level,Lowest,No
6991,8,Colorado,80580,0,2,2,0,3,NOT APPLICABLE,November,5,Sunday,15,49,Urban,High Speed (Arterial),Yes,38.73741667,-104.68271111,Complex/Circle,Daylight,Clear,Unknown,Unknown,Unknown EMS Scene Arrival Hour,Unknown EMS Scene Arrival Minutes,Unknown,Unknown EMS Hospital Arrival Time,1,Daylight,Clear,1,2,['Driver'],['None_Used'],0,0,Valid,0.0,0.0,42.0,22.0,"['Male', 'Female']",2,0,2,4,5,Dry,Straight,Level,Lowest,No
6992,8,Colorado,80581,0,1,1,0,2,NOT APPLICABLE,November,5,Sunday,14,11,Rural,High Speed (Arterial),Yes,39.72063333,-104.242875,Non-Intersection,Daylight,Clear,Unknown,Unknown,Unknown EMS Scene Arrival Hour,Unknown EMS Scene Arrival Minutes,Unknown,Unknown EMS Hospital Arrival Time,1,Daylight,Clear,1,1,['Front_Passenger'],['Shoulder_Lapbelt'],0,0,Valid,0.0,0.0,47.0,47.0,['Male'],0,0,3,4,3,Dry,Straight,Level,Lowest,Yes
6993,8,Colorado,80582,1,1,1,0,2,AURORA,November,5,Sunday,22,12,Urban,High Speed (Arterial),Yes,39.65960556,-104.85138889,Non-Intersection,Dark - Lighted,Clear,10:00pm-10:59pm,12,10:00pm-10:59pm,18,10:00pm-10:59pm,30,1,Dark - Lighted,Clear,0,2,[],[],0,0,Valid,0.0,0.0,67.0,67.0,['Male'],0,0,3,2,4,Dry,Straight,Level,Lowest,No
6994,8,Colorado,80583,0,2,2,0,6,NOT APPLICABLE,November,6,Monday,18,37,Rural,Medium Speed (Collector),No,38.78411667,-108.70604167,Non-Intersection,Dark - Not Lighted,Cloudy,6:00pm-6:59pm,37,Unknown EMS Scene Arrival Hour,Unknown EMS Scene Arrival Minutes,Unknown,Unknown EMS Hospital Arrival Time,1,Dark - Unlighted,Reduced Visibility,1,5,['Driver'],['Shoulder_Lapbelt'],1,1,Valid,1.0,0.0,31.0,30.0,"['Female', 'Male']",4,0,3,4,5,Dry,Curve,Grade/Hillcrest,Lowest,No
6995,8,Colorado,80584,0,3,3,0,3,GREELEY,November,6,Monday,12,47,Urban,High Speed (Arterial),Yes,40.421425,-104.76253333,Non-Intersection,Daylight,Clear,12:00pm-12:59pm,48,12:00pm-12:59pm,50,1:00pm-1:59pm,16,1,Daylight,Clear,1,2,['Driver'],['Shoulder_Lapbelt'],0,0,Valid,0.0,4.0,81.0,35.0,"['Male', 'Female', 'Female']",0,0,3,4,5,Dry,Straight,Level,Lowest,No
6996,8,Colorado,80585,1,1,1,0,2,AURORA,November,7,Tuesday,7,57,Urban,Medium Speed (Collector),No,39.74749444,-104.87473056,Non-Intersection,Daylight,Clear,7:00am-7:59am,57,7:00am-7:59am,59,8:00am-8:59am,16,1,Daylight,Clear,0,2,[],[],0,0,Valid,0.0,0.0,63.0,63.0,['Male'],0,0,2,2,4,Dry,Straight,Level,Lowest,No
6997,8,Colorado,80586,0,1,1,0,2,NOT APPLICABLE,November,9,Thursday,21,30,Rural,Medium Speed (Collector),No,39.51816667,-107.08821111,Non-Intersection,Dark - Not Lighted,Clear,Unknown,Unknown,Unknown EMS Scene Arrival Hour,Unknown EMS Scene Arrival Minutes,Not Applicable (Not Transported),Not Applicable (Not Transported),2,Dark - Unlighted,Clear,2,0,"['Driver', 'Front_Passenger']","['None_Used', 'None_Used']",1,1,Valid,0.0,1.0,30.0,30.0,['Female'],0,0,3,4,3,Dry,Curve,Grade/Hillcrest,Lowest,No
6998,8,Colorado,80587,0,1,1,0,2,NOT APPLICABLE,November,10,Friday,8,25,Rural,High Speed (Arterial),Yes,39.14743056,-108.31416667,Non-Intersection,Daylight,Clear,Unknown,Unknown,Unknown EMS Scene Arrival Hour,Unknown EMS Scene Arrival Minutes,Unknown,Unknown EMS Hospital Arrival Time,1,Daylight,Clear,1,1,['Rear_Seat'],['None_Used'],0,0,Valid,0.0,0.0,52.0,52.0,['Male'],0,0,3,4,3,Dry,Curve,Level,Lowest,No
6999,8,Colorado,80588,1,1,1,0,1,NOT APPLICABLE,November,12,Sunday,0,33,Urban,Medium Speed (Collector),No,38.77059444,-104.76368056,Non-Intersection,Dark - Not Lighted,Clear,Unknown,Unknown,Unknown EMS Scene Arrival Hour,Unknown EMS Scene Arrival Minutes,Not Applicable (Not Transported),Not Applicable (Not Transported),1,Dark - Unlighted,Clear,0,1,[],[],0,0,Valid,0.0,0.0,46.0,46.0,['Male'],0,0,3,3,4,Dry,Straight,Level,Lowest,No
7000,8,Colorado,80589,1,2,2,0,2,COMMERCE CITY,November,12,Sunday,21,41,Urban,High Speed (Arterial),Yes,39.83293611,-104.92546944,Non-Intersection,Dark - Not Lighted,Clear,9:00pm-9:59pm,41,9:00pm-9:59pm,47,Not Applicable (Not Transported),Not Applicable (Not Transported),1,Dark - Unlighted,Clear,0,2,[],[],0,0,Invalid,0.0,0.0,998.0,998.0,"['Other', 'Other']",0,0,1,0,4,Dry,Straight,Level,Lowest,No
7001,8,Colorado,80590,0,2,2,0,2,COLORADO SPRINGS,November,12,Sunday,16,7,Urban,High Speed (Arterial),Yes,38.8895,-104.81896944,Complex/Circle,Daylight,Clear,4:00pm-4:59pm,7,4:00pm-4:59pm,13,4:00pm-4:59pm,25,1,Daylight,Clear,1,1,['Driver'],['None_Used'],0,0,Valid,0.0,0.0,68.0,33.0,"['Male', 'Male']",1,0,5,4,5,Dry,Straight,Level,Lowest,No
7002,8,Colorado,80591,0,3,3,0,3,LAKEWOOD,November,1,Wednesday,6,10,Urban,High Speed (Arterial),Yes,39.71093889,-105.08165556,Complex/Circle,Dark - Lighted,Clear,Unknown,Unknown,Unknown EMS Scene Arrival Hour,Unknown EMS Scene Arrival Minutes,Unknown,Unknown EMS Hospital Arrival Time,1,Dark - Lighted,Clear,1,2,['Driver'],['Shoulder_Lapbelt'],0,0,Valid,1.0,1.0,64.0,20.0,"['Female', 'Male', 'Male']",0,0,3,4,5,Dry,Straight,Level,Medium,No
7003,8,Colorado,80592,0,3,3,0,3,NOT APPLICABLE,November,15,Wednesday,14,55,Rural,Medium Speed (Collector),No,38.99541944,-104.60766944,Non-Intersection,Daylight,Clear,Unknown,Unknown,Unknown EMS Scene Arrival Hour,Unknown EMS Scene Arrival Minutes,Unknown,Unknown EMS Hospital Arrival Time,1,Daylight,Clear,1,2,['Driver'],['Shoulder_Lapbelt'],0,0,Valid,0.0,3.0,46.0,25.0,"['Male', 'Male', 'Male']",0,0,3,4,5,Dry,Straight,Grade/Hillcrest,Lowest,No
7004,8,Colorado,80593,0,1,1,0,1,NOT APPLICABLE,November,9,Thursday,20,36,Rural,High Speed (Arterial),Yes,37.95636111,-107.93400556,Non-Intersection,Dark - Not Lighted,Clear,8:00pm-8:59pm,33,8:00pm-8:59pm,36,Unknown,Unknown EMS Hospital Arrival Time,1,Dark - Unlighted,Clear,1,0,['Driver'],['None_Used'],0,0,Valid,0.0,0.0,31.0,31.0,['Female'],1,0,3,4,3,Dry,Curve,Grade/Hillcrest,Lowest,No
7005,8,Colorado,80594,0,2,2,0,2,NOT APPLICABLE,November,19,Sunday,9,25,Rural,High Speed (Arterial),Yes,37.53155556,-108.71748056,Non-Intersection,Daylight,Snow,Unknown,Unknown,Unknown EMS Scene Arrival Hour,Unknown EMS Scene Arrival Minutes,Not Applicable (Not Transported),Not Applicable (Not Transported),1,Daylight,Snow/Ice/Severe,1,1,['Driver'],['Shoulder_Lapbelt'],0,0,Valid,0.0,0.0,60.0,40.0,"['Female', 'Male']",1,0,4,4,5,Icy/Snowy,Straight,Level,Lowest,No
7006,8,Colorado,80595,0,2,2,0,4,NOT APPLICABLE,November,17,Friday,16,37,Urban,High Speed (Arterial),Yes,38.94068333,-104.60772222,Complex/Circle,Dusk,Clear,Unknown,Unknown,Unknown EMS Scene Arrival Hour,Unknown EMS Scene Arrival Minutes,Unknown,Unknown EMS Hospital Arrival Time,1,Twilight,Clear,1,3,['Driver'],['None_Used'],0,0,Valid,0.0,0.0,34.0,17.0,"['Male', 'Male']",2,0,5,4,5,Dry,Straight,Level,Lowest,No
7007,8,Colorado,80596,1,1,1,0,1,PUEBLO WEST,November,16,Thursday,20,17,Urban,Medium Speed (Collector),No,38.30638056,-104.71909167,Complex/Circle,Dark - Not Lighted,Clear,8:00pm-8:59pm,18,8:00pm-8:59pm,23,Not Applicable (Not Transported),Not Applicable (Not Transported),1,Dark - Unlighted,Clear,0,1,[],[],0,0,Valid,0.0,0.0,26.0,26.0,['Female'],0,0,3,3,4,Dry,Straight,Level,Lowest,No
7008,8,Colorado,80597,0,1,1,0,3,NOT APPLICABLE,November,21,Tuesday,15,21,Rural,Medium Speed (Collector),No,38.08664444,-104.93068056,Non-Intersection,Daylight,Clear,Unknown,Unknown,Unknown EMS Scene Arrival Hour,Unknown EMS Scene Arrival Minutes,Not Applicable (Not Transported),Not Applicable (Not Transported),3,Daylight,Clear,3,0,"['Driver', 'Front_Passenger', 'Front_Passenger']","['Shoulder_Lapbelt', 'Shoulder_Lapbelt', 'Shoulder_Lapbelt']",1,1,Valid,0.0,0.0,43.0,43.0,['Female'],3,0,3,4,3,Dry,Curve,Grade/Hillcrest,Lowest,No
7009,8,Colorado,80598,0,1,1,0,1,NOT APPLICABLE,November,21,Tuesday,7,7,Rural,High Speed (Arterial),Yes,40.91098889,-104.937775,Non-Intersection,Daylight,Clear,7:00am-7:59am,9,7:00am-7:59am,23,Not Applicable (Not Transported),Not Applicable (Not Transported),1,Daylight,Clear,1,0,['Driver'],['None_Used'],1,1,Invalid,0.0,0.0,38.0,38.0,['Male'],0,0,3,4,3,Dry,Straight,Level,Lowest,No
7010,8,Colorado,80599,0,2,2,0,2,BROOMFIELD,November,21,Tuesday,5,21,Urban,High Speed (Arterial),Yes,40.00033333,-105.02652778,Simple Junction,Dark - Lighted,Clear,Unknown,Unknown,5:00am-5:59am,32,Unknown,Unknown EMS Hospital Arrival Time,1,Dark - Lighted,Clear,1,1,['Driver'],['Shoulder_Lapbelt'],0,0,Valid,0.0,1.0,55.0,20.0,"['Male', 'Female']",0,0,3,4,5,Dry,Straight,Level,Lowest,No
7011,8,Colorado,80600,0,2,2,0,6,BRIGHTON,November,19,Sunday,23,5,Urban,Medium Speed (Collector),No,39.96186111,-104.78982222,Non-Intersection,Dark - Lighted,Clear,11:00pm-11:59pm,6,11:00pm-11:59pm,12,Unknown,Unknown EMS Hospital Arrival Time,1,Dark - Lighted,Clear,1,5,['Driver'],['None_Used'],1,1,Invalid,1.0,0.0,38.0,29.0,"['Male', 'Female']",0,0,3,4,5,Dry,Straight,Level,Lowest,No
7012,8,Colorado,80601,0,2,2,0,3,NOT APPLICABLE,November,22,Wednesday,17,5,Urban,Low Speed (Local),No,38.93821389,-104.61017222,Non-Intersection,Dark - Lighted,Clear,Unknown,Unknown,Unknown EMS Scene Arrival Hour,Unknown EMS Scene Arrival Minutes,Unknown,Unknown EMS Hospital Arrival Time,1,Dark - Lighted,Clear,1,2,['Front_Passenger'],['Shoulder_Lapbelt'],0,0,Valid,0.0,0.0,72.0,37.0,"['Male', 'Female']",0,0,3,4,5,Dry,Straight,Level,Lowest,No
7013,8,Colorado,80602,0,1,1,0,1,NOT APPLICABLE,November,22,Wednesday,13,10,Rural,High Speed (Arterial),Yes,40.64182222,-103.15176667,Non-Intersection,Daylight,Clear,1:00pm-1:59pm,10,Unknown EMS Scene Arrival Hour,Unknown EMS Scene Arrival Minutes,Not Applicable (Not Transported),Not Applicable (Not Transported),1,Daylight,Clear,1,0,['Driver'],['None_Used'],1,1,Valid,0.0,0.0,37.0,37.0,['Male'],0,0,3,4,3,Dry,Curve,Grade/Hillcrest,Lowest,No
7014,8,Colorado,80603,0,2,2,0,5,NOT APPLICABLE,November,22,Wednesday,17,50,Rural,Medium Speed (Collector),No,39.65478889,-105.87277778,Non-Intersection,Dark - Not Lighted,Clear,5:00pm-5:59pm,53,Unknown EMS Scene Arrival Hour,Unknown EMS Scene Arrival Minutes,Unknown,Unknown EMS Hospital Arrival Time,1,Dark - Unlighted,Clear,1,4,['Driver'],['None_Used'],0,0,Valid,0.0,0.0,58.0,52.0,"['Male', 'Male']",1,0,3,4,5,Dry,Straight,Grade/Hillcrest,Lowest,No
7015,8,Colorado,80604,1,1,1,0,1,NOT APPLICABLE,November,23,Thursday,3,0,Urban,High Speed (Arterial),Yes,39.80305556,-105.02522778,Complex/Circle,Dark - Lighted,Clear,3:00am-3:59am,10,3:00am-3:59am,12,Not Applicable (Not Transported),Not Applicable (Not Transported),1,Dark - Lighted,Clear,0,1,[],[],0,0,Invalid,0.0,1.0,27.0,27.0,['Male'],0,0,3,3,4,Dry,Straight,Level,Lowest,No
7016,8,Colorado,80605,0,2,2,0,6,NOT APPLICABLE,November,24,Friday,17,56,Rural,High Speed (Arterial),Yes,37.67565833,-106.14901389,Complex/Circle,Dark - Not Lighted,Clear,Unknown,Unknown,Unknown EMS Scene Arrival Hour,Unknown EMS Scene Arrival Minutes,Unknown,Unknown EMS Hospital Arrival Time,1,Dark - Unlighted,Clear,1,5,['Rear_Seat'],['None_Used'],0,0,Valid,0.0,0.0,50.0,28.0,"['Male', 'Female']",0,0,3,4,5,Dry,Straight,Level,Lowest,No