,State_Code,State_Name,Crash_ID,Count_Non_Motorists,Count_Vehicles_Total,Count_Vehicle_Forms,Count_PVH_Involved,Count_Occupants_MV,City_Name,Month_Name,Day_of_Month,Day_of_Week,Crash_Hour,Crash_Minute,Area_Rural_Urban,Road_Functional_Class,On_NHS_Road,Latitude,Longitude,Intersection_Type,Light_Condition,Weather_Condition,Notif_Hour,Notif_Minute,Arrival_Hour,Arrival_Minute,Hospital_Hour,Hospital_Minute,Fatalities_Count,Clean_Light_Condition,Clean_Weather_Condition,Total_Killed,Total_Alive,Fatal_Seats_List,Killed_Restraint_List,Any_Driver_Drinking,Total_Drinking_Drivers,Driver_License_Category,Driver_Max_Prev_Accident_Count,Driver_Max_Prev_Speeding_Count,Max_Driver_Age,Min_Driver_Age,Driver_Sex_List,Total_Exceeding_Limit_Vehicles,Total_Too_Fast_Vehicles,Max_Vehicle_Type_Severity_5,Max_Vehicle_Damage_Rank,Max_Harmful_Event_Severity,Crash_Road_Surface_Condition,Crash_Horizontal_Alignment,Crash_Vertical_Profile,Crash_Impairment_Category,Crash_Vehicle_Defect
7017,8,Colorado,80606,0,1,1,0,4,NOT APPLICABLE,November,25,Saturday,10,12,Rural,Low Speed (Local),No,40.62591944,-104.74808333,Non-Intersection,Daylight,Snow,10:00am-10:59am,15,10:00am-10:59am,23,Unknown,Unknown EMS Hospital Arrival Time,1,Daylight,Snow/Ice/Severe,1,3,['Rear_Seat'],['Child_Safety'],0,0,Valid,0.0,1.0,26.0,26.0,['Female'],0,0,3,4,4,Icy/Snowy,Straight,Level,Lowest,No
7018,8,Colorado,80607,0,2,2,0,2,AURORA,November,26,Sunday,7,9,Urban,High Speed (Arterial),Yes,39.67484167,-104.86605556,Complex/Circle,Dawn,Clear,7:00am-7:59am,9,7:00am-7:59am,12,Not Applicable (Not Transported),Not Applicable (Not Transported),1,Twilight,Clear,1,1,['Driver'],['Shoulder_Lapbelt'],0,0,Invalid,0.0,0.0,28.0,28.0,"['Male', 'Male']",0,0,2,4,5,Dry,Straight,Level,Lowest,No
7019,8,Colorado,80608,1,1,1,0,1,NOT APPLICABLE,November,15,Wednesday,18,0,Urban,Medium Speed (Collector),No,39.56638333,-107.51672222,Complex/Circle,Dark - Lighted,Clear,Unknown,Unknown,Unknown EMS Scene Arrival Hour,Unknown EMS Scene Arrival Minutes,Unknown,Unknown EMS Hospital Arrival Time,1,Dark - Lighted,Clear,0,1,[],[],0,0,Valid,1.0,1.0,28.0,28.0,['Male'],0,0,2,3,4,Dry,Straight,Grade/Hillcrest,Lowest,No
7020,8,Colorado,80609,0,1,1,0,1,NOT APPLICABLE,November,8,Wednesday,6,0,Rural,Medium Speed (Collector),No,38.79374167,-106.14651944,Non-Intersection,Dark - Not Lighted,Clear,6:00am-6:59am,15,6:00am-6:59am,22,7:00am-7:59am,19,1,Dark - Unlighted,Clear,1,0,['Driver'],['Shoulder_Lapbelt'],0,0,Valid,0.0,0.0,40.0,40.0,['Female'],0,0,2,4,1,Dry,Straight,Level,Lowest,No
7021,8,Colorado,80610,0,2,2,0,2,THORNTON,November,23,Thursday,10,44,Urban,Medium Speed (Collector),No,39.98663889,-104.97847778,Complex/Circle,Daylight,Clear,10:00am-10:59am,44,10:00am-10:59am,54,10:00am-10:59am,57,1,Daylight,Clear,1,1,['Driver'],['Shoulder_Lapbelt'],0,0,Valid,0.0,0.0,41.0,34.0,"['Female', 'Female']",0,0,3,4,5,Dry,Straight,Level,Lowest,No
7022,8,Colorado,80611,1,1,1,0,3,DENVER,November,19,Sunday,2,33,Urban,High Speed (Arterial),Yes,39.77289444,-104.83383056,Non-Intersection,Dark - Lighted,Clear,2:00am-2:59am,33,2:00am-2:59am,33,Not Applicable (Not Transported),Not Applicable (Not Transported),1,Dark - Lighted,Clear,0,3,[],[],1,1,Valid,0.0,1.0,27.0,27.0,['Male'],3,0,3,3,4,Dry,Straight,Level,Lowest,No
7023,8,Colorado,80612,1,1,1,0,1,DENVER,November,30,Thursday,11,59,Urban,High Speed (Arterial),Yes,39.733075,-105.02515278,Complex/Circle,Daylight,Clear,11:00am-11:59am,59,12:00pm-12:59pm,2,Not Applicable (Not Transported),Not Applicable (Not Transported),1,Daylight,Clear,0,1,[],[],0,0,Valid,1.0,1.0,41.0,41.0,['Male'],0,0,4,2,4,Dry,Straight,Level,Lowest,No
7024,8,Colorado,80613,1,1,1,0,1,COLORADO SPRINGS,November,22,Wednesday,18,33,Urban,High Speed (Arterial),Yes,38.83966667,-104.75555556,Non-Intersection,Dark - Lighted,Clear,6:00pm-6:59pm,33,6:00pm-6:59pm,37,7:00pm-7:59pm,6,1,Dark - Lighted,Clear,0,1,[],[],0,0,Valid,0.0,0.0,49.0,49.0,['Male'],0,0,2,3,4,Dry,Straight,Level,Lowest,No
7025,8,Colorado,80614,0,1,1,0,1,PUEBLO,November,18,Saturday,9,59,Urban,High Speed (Arterial),Yes,38.24122222,-104.6125,Non-Intersection,Daylight,Clear,10:00am-10:59am,0,10:00am-10:59am,4,10:00am-10:59am,19,1,Daylight,Clear,1,0,['Driver'],['None_Used'],0,0,Valid,0.0,0.0,51.0,51.0,['Male'],0,0,5,4,3,Dry,Curve,Grade/Hillcrest,Lowest,No
7026,8,Colorado,80615,1,1,1,0,1,DENVER,November,19,Sunday,18,36,Urban,High Speed (Arterial),Yes,39.78366111,-104.94063333,Complex/Circle,Dark - Lighted,Clear,6:00pm-6:59pm,36,6:00pm-6:59pm,41,6:00pm-6:59pm,57,1,Dark - Lighted,Clear,0,1,[],[],0,0,Valid,0.0,0.0,60.0,60.0,['Male'],0,0,3,3,4,Dry,Straight,Level,Lowest,No
7027,8,Colorado,80616,0,1,1,0,1,DENVER,November,25,Saturday,22,0,Urban,Medium Speed (Collector),No,39.73627778,-104.903425,Non-Intersection,Dark - Lighted,Clear,10:00pm-10:59pm,3,10:00pm-10:59pm,12,10:00pm-10:59pm,27,1,Dark - Lighted,Clear,1,0,['Driver'],['Shoulder_Lapbelt'],1,1,Invalid,0.0,0.0,22.0,22.0,['Male'],1,0,2,4,3,Icy/Snowy,Straight,Grade/Hillcrest,Lowest,No
7028,8,Colorado,80617,1,2,2,0,1,DENVER,October,22,Sunday,22,48,Urban,High Speed (Arterial),Yes,39.77732778,-104.88375278,Non-Intersection,Dark - Lighted,Clear,10:00pm-10:59pm,48,10:00pm-10:59pm,58,Not Applicable (Not Transported),Not Applicable (Not Transported),1,Dark - Lighted,Clear,0,1,[],[],1,1,Valid,0.0,0.0,55.0,55.0,['Male'],1,0,3,4,5,Dry,Straight,Level,Lowest,Yes
7029,8,Colorado,80618,1,1,1,0,1,GREELEY,December,4,Monday,0,3,Urban,Medium Speed (Collector),No,40.39951389,-104.69114722,Non-Intersection,Dark - Lighted,Clear,0:00am-0:59am,3,0:00am-0:59am,8,0:00am-0:59am,19,1,Dark - Lighted,Clear,0,1,[],[],0,0,Invalid,0.0,0.0,998.0,998.0,['Other'],0,0,3,3,4,Dry,Straight,Level,Lowest,No
7030,8,Colorado,80619,0,3,3,0,4,AURORA,December,3,Sunday,22,5,Urban,High Speed (Arterial),Yes,39.67455556,-104.86588056,Complex/Circle,Dark - Lighted,Clear,10:00pm-10:59pm,5,10:00pm-10:59pm,8,Not Applicable (Not Transported),Not Applicable (Not Transported),1,Dark - Lighted,Clear,1,3,['Driver'],['None_Used'],0,0,Invalid,4.0,4.0,49.0,21.0,"['Male', 'Female', 'Female']",0,0,5,3,5,Dry,Straight,Level,Lowest,No
7031,8,Colorado,80620,0,1,1,0,3,AURORA,December,3,Sunday,21,1,Urban,Low Speed (Local),No,39.60253889,-104.69381389,Non-Intersection,Dark - Not Lighted,Cloudy,9:00pm-9:59pm,5,9:00pm-9:59pm,9,9:00pm-9:59pm,49,1,Dark - Unlighted,Reduced Visibility,1,2,['Rear_Seat'],['None_Used'],0,0,Valid,0.0,0.0,18.0,18.0,['Male'],3,0,3,4,3,Dry,Curve,Level,Lowest,No
7032,8,Colorado,80621,0,2,2,0,3,NOT APPLICABLE,December,5,Tuesday,17,0,Rural,High Speed (Arterial),Yes,38.27553333,-107.76643889,Non-Intersection,Dark - Not Lighted,Clear,Unknown,Unknown,Unknown EMS Scene Arrival Hour,Unknown EMS Scene Arrival Minutes,Not Applicable (Not Transported),Not Applicable (Not Transported),1,Dark - Unlighted,Clear,1,2,['Driver'],['Shoulder_Lapbelt'],1,1,Invalid,1.0,7.0,31.0,23.0,"['Male', 'Male']",0,0,3,4,5,Dry,Curve,Level,Lowest,No
7033,8,Colorado,80622,0,2,2,0,2,LONGMONT,December,5,Tuesday,7,20,Urban,Medium Speed (Collector),No,40.15633333,-105.055325,Complex/Circle,Daylight,Clear,7:00am-7:59am,33,7:00am-7:59am,30,Not Applicable (Not Transported),Not Applicable (Not Transported),1,Daylight,Clear,1,1,['Driver'],['Shoulder_Lapbelt'],0,0,Valid,1.0,1.0,33.0,26.0,"['Male', 'Male']",0,0,4,4,5,Dry,Straight,Grade/Hillcrest,Lowest,No
7034,8,Colorado,80623,1,1,1,0,1,LAKEWOOD,December,3,Sunday,23,39,Urban,High Speed (Arterial),Yes,39.72956111,-105.10975,Non-Intersection,Dark - Lighted,Clear,11:00pm-11:59pm,39,Unknown EMS Scene Arrival Hour,Unknown EMS Scene Arrival Minutes,Not Applicable (Not Transported),Not Applicable (Not Transported),1,Dark - Lighted,Clear,0,1,[],[],0,0,Valid,0.0,0.0,26.0,26.0,['Female'],0,0,2,4,4,Dry,Straight,Level,Lowest,No
7035,8,Colorado,80624,1,1,1,0,1,LAKEWOOD,December,7,Thursday,12,21,Urban,High Speed (Arterial),Yes,39.74021111,-105.07683889,Complex/Circle,Daylight,Clear,12:00pm-12:59pm,22,12:00pm-12:59pm,26,Unknown,Unknown EMS Hospital Arrival Time,1,Daylight,Clear,0,1,[],[],0,0,Valid,0.0,0.0,40.0,40.0,['Male'],0,0,3,1,4,Dry,Straight,Level,Lowest,No
7036,8,Colorado,80625,0,2,2,0,3,PUEBLO WEST,December,9,Saturday,15,59,Urban,Low Speed (Local),No,38.32436944,-104.83279722,Non-Intersection,Daylight,Clear,4:00pm-4:59pm,0,4:00pm-4:59pm,12,Unknown,Unknown EMS Hospital Arrival Time,1,Daylight,Clear,1,2,['Driver'],['None_Used'],1,1,Valid,0.0,1.0,64.0,35.0,"['Male', 'Male']",0,0,3,4,5,Dry,Curve,Grade/Hillcrest,Lowest,No
7037,8,Colorado,80626,1,1,1,0,1,NOT APPLICABLE,December,10,Sunday,18,42,Urban,High Speed (Arterial),Yes,40.58119167,-105.00609722,Non-Intersection,Dark - Not Lighted,Clear,6:00pm-6:59pm,42,6:00pm-6:59pm,44,7:00pm-7:59pm,55,1,Dark - Unlighted,Clear,0,1,[],[],0,0,Valid,0.0,0.0,27.0,27.0,['Female'],0,0,3,3,4,Dry,Straight,Grade/Hillcrest,Lowest,No
7038,8,Colorado,80627,0,2,2,0,3,NOT APPLICABLE,December,9,Saturday,7,47,Rural,Medium Speed (Collector),No,39.04791944,-105.59951944,Non-Intersection,Daylight,Clear,Unknown,Unknown,Unknown EMS Scene Arrival Hour,Unknown EMS Scene Arrival Minutes,Unknown,Unknown EMS Hospital Arrival Time,2,Daylight,Clear,2,1,"['Driver', 'Front_Passenger']","['Shoulder_Lapbelt', 'Shoulder_Lapbelt']",0,0,Valid,0.0,0.0,83.0,52.0,"['Female', 'Male']",2,0,3,4,5,Icy/Snowy,Straight,Level,Lowest,No
7039,8,Colorado,80628,1,1,1,0,1,DENVER,December,5,Tuesday,18,15,Urban,Medium Speed (Collector),No,39.78253333,-104.86581111,Complex/Circle,Dark - Lighted,Clear,6:00pm-6:59pm,10,6:00pm-6:59pm,10,6:00pm-6:59pm,20,1,Dark - Lighted,Clear,0,1,[],[],0,0,Valid,0.0,0.0,65.0,65.0,['Male'],0,0,3,3,4,Dry,Straight,Level,Lowest,No
7040,8,Colorado,80629,0,2,2,0,2,NOT APPLICABLE,December,8,Friday,11,33,Rural,Medium Speed (Collector),No,40.47968889,-104.85461667,Non-Intersection,Daylight,Cloudy,11:00am-11:59am,36,11:00am-11:59am,40,12:00pm-12:59pm,26,1,Daylight,Reduced Visibility,1,1,['Driver'],['None_Used'],0,0,Valid,0.0,0.0,57.0,29.0,"['Male', 'Male']",0,0,3,4,5,Dry,Straight,Level,Lowest,No
7041,8,Colorado,80630,1,1,1,0,1,PUEBLO,December,11,Monday,20,0,Urban,High Speed (Arterial),Yes,38.21865556,-104.62526111,Complex/Circle,Dark - Lighted,Clear,8:00pm-8:59pm,1,8:00pm-8:59pm,8,8:00pm-8:59pm,31,1,Dark - Lighted,Clear,0,1,[],[],0,0,Valid,0.0,2.0,25.0,25.0,['Female'],0,0,3,3,4,Dry,Straight,Level,Lowest,No
7042,8,Colorado,80631,0,2,2,0,2,COMMERCE CITY,December,15,Friday,13,39,Urban,Medium Speed (Collector),No,39.87077222,-104.87474444,Non-Intersection,Daylight,Clear,1:00pm-1:59pm,39,1:00pm-1:59pm,43,Not Applicable (Not Transported),Not Applicable (Not Transported),1,Daylight,Clear,1,1,['Driver'],['None_Used'],0,0,Valid,0.0,3.0,60.0,24.0,"['Male', 'Male']",1,0,5,4,5,Dry,Straight,Level,Lowest,No
7043,8,Colorado,80632,0,1,1,0,1,NOT APPLICABLE,December,16,Saturday,8,30,Rural,Medium Speed (Collector),No,38.22236111,-108.50359722,Non-Intersection,Daylight,Clear,Unknown,Unknown,Unknown EMS Scene Arrival Hour,Unknown EMS Scene Arrival Minutes,Not Applicable (Not Transported),Not Applicable (Not Transported),1,Daylight,Clear,1,0,['Driver'],['None_Used'],1,1,Valid,0.0,0.0,46.0,46.0,['Male'],0,0,3,4,3,Dry,Straight,Grade/Hillcrest,Lowest,No
7044,8,Colorado,80633,0,1,1,0,1,NOT APPLICABLE,December,16,Saturday,2,12,Urban,High Speed (Arterial),Yes,39.84959722,-104.747175,Non-Intersection,Dark - Not Lighted,Clear,Unknown,Unknown,Unknown EMS Scene Arrival Hour,Unknown EMS Scene Arrival Minutes,Not Applicable (Not Transported),Not Applicable (Not Transported),1,Dark - Unlighted,Clear,1,0,['Driver'],['None_Used'],0,0,Valid,0.0,1.0,21.0,21.0,['Male'],1,0,3,4,3,Dry,Straight,Grade/Hillcrest,Lowest,No
7045,8,Colorado,80634,0,2,2,0,3,BROOMFIELD,December,12,Tuesday,13,19,Urban,Medium Speed (Collector),No,39.93272778,-105.07192222,Simple Junction,Daylight,Clear,1:00pm-1:59pm,24,1:00pm-1:59pm,25,1:00pm-1:59pm,40,2,Daylight,Clear,2,1,"['Driver', 'Front_Passenger']","['Shoulder_Lapbelt', 'Shoulder_Lapbelt']",1,1,Invalid,0.0,0.0,46.0,37.0,"['Male', 'Female']",1,0,3,4,5,Dry,Straight,Grade/Hillcrest,Lowest,No
7046,8,Colorado,80635,0,2,2,0,2,WINDSOR,December,20,Wednesday,5,22,Urban,Medium Speed (Collector),No,40.450725,-104.94423611,Complex/Circle,Dark - Lighted,Clear,5:00am-5:59am,19,5:00am-5:59am,29,5:00am-5:59am,48,1,Dark - Lighted,Clear,1,1,['Driver'],['None_Used'],0,0,Valid,0.0,0.0,58.0,46.0,"['Male', 'Male']",0,0,3,4,5,Dry,Straight,Level,Lowest,No
7047,8,Colorado,80636,1,1,1,0,1,NOT APPLICABLE,December,21,Thursday,3,46,Urban,Medium Speed (Collector),No,39.59519444,-105.04801389,Non-Intersection,Dark - Not Lighted,Clear,3:00am-3:59am,43,3:00am-3:59am,48,3:00am-3:59am,58,1,Dark - Unlighted,Clear,0,1,[],[],0,0,Valid,0.0,0.0,81.0,81.0,['Male'],0,0,3,3,4,Dry,Straight,Level,Lowest,No
7048,8,Colorado,80637,0,2,2,0,2,NOT APPLICABLE,December,21,Thursday,6,55,Rural,High Speed (Arterial),Yes,37.47504722,-105.59908333,Non-Intersection,Dark - Not Lighted,Freezing Rain or Drizzle,Unknown,Unknown,Unknown EMS Scene Arrival Hour,Unknown EMS Scene Arrival Minutes,Not Applicable (Not Transported),Not Applicable (Not Transported),1,Dark - Unlighted,Snow/Ice/Severe,1,1,['Driver'],['None_Used'],0,0,Invalid,0.0,1.0,45.0,25.0,"['Female', 'Male']",1,0,3,4,5,Icy/Snowy,Straight,Level,Lowest,No
7049,8,Colorado,80638,1,1,1,0,1,DENVER,December,26,Tuesday,13,30,Urban,High Speed (Arterial),Yes,39.67843889,-104.93656111,Complex/Circle,Daylight,Cloudy,1:00pm-1:59pm,31,1:00pm-1:59pm,35,1:00pm-1:59pm,47,1,Daylight,Reduced Visibility,0,1,[],[],0,0,Valid,1.0,0.0,52.0,52.0,['Male'],0,0,3,1,4,Dry,Straight,Level,Lowest,No
7050,8,Colorado,80639,1,1,1,0,1,NOT APPLICABLE,December,21,Thursday,19,3,Urban,Medium Speed (Collector),No,39.80186111,-104.98129167,Simple Junction,Dark - Lighted,Clear,7:00pm-7:59pm,5,7:00pm-7:59pm,7,7:00pm-7:59pm,23,1,Dark - Lighted,Clear,0,1,[],[],0,0,Invalid,0.0,0.0,998.0,998.0,['Other'],0,0,2,0,4,Dry,Straight,Level,Lowest,No
7051,8,Colorado,80640,0,2,2,0,4,NOT APPLICABLE,December,24,Sunday,17,21,Rural,Medium Speed (Collector),No,40.27426111,-104.60236667,Non-Intersection,Dark - Not Lighted,Clear,5:00pm-5:59pm,22,5:00pm-5:59pm,33,Unknown,Unknown EMS Hospital Arrival Time,1,Dark - Unlighted,Clear,1,3,['Driver'],['Shoulder_Lapbelt'],0,0,Invalid,0.0,0.0,36.0,31.0,"['Female', 'Male']",0,0,3,4,5,Dry,Straight,Level,Lowest,No
7052,8,Colorado,80641,0,1,1,0,1,NOT APPLICABLE,December,25,Monday,3,16,Urban,High Speed (Arterial),Yes,40.47482778,-104.99151389,Non-Intersection,Dark - Lighted,Clear,3:00am-3:59am,18,3:00am-3:59am,26,Not Applicable (Not Transported),Not Applicable (Not Transported),1,Dark - Lighted,Clear,1,0,['Driver'],['Shoulder_Lapbelt'],0,0,Valid,0.0,0.0,25.0,25.0,['Male'],0,0,3,4,3,Dry,Straight,Level,Lowest,No
7053,8,Colorado,80642,1,1,1,0,2,AURORA,December,25,Monday,1,18,Urban,Medium Speed (Collector),No,39.74115556,-104.88462778,Non-Intersection,Dark - Lighted,Clear,1:00am-1:59am,18,1:00am-1:59am,20,1:00am-1:59am,42,1,Dark - Lighted,Clear,0,2,[],[],0,0,Invalid,0.0,0.0,998.0,998.0,['Other'],0,0,3,0,4,Dry,Straight,Level,Lowest,No
7054,8,Colorado,80643,1,1,1,0,2,FORT COLLINS,December,21,Thursday,20,56,Urban,Medium Speed (Collector),No,40.55779167,-105.115,Non-Intersection,Dark - Lighted,Clear,8:00pm-8:59pm,56,9:00pm-9:59pm,0,9:00pm-9:59pm,25,1,Dark - Lighted,Clear,0,2,[],[],0,0,Valid,0.0,0.0,22.0,22.0,['Male'],0,0,3,3,4,Dry,Straight,Level,Lowest,No
7055,8,Colorado,80644,1,1,1,0,2,NOT APPLICABLE,December,15,Friday,21,5,Urban,Medium Speed (Collector),No,39.68928333,-104.8847,Non-Intersection,Dark - Not Lighted,Clear,9:00pm-9:59pm,7,9:00pm-9:59pm,13,Not Applicable (Not Transported),Not Applicable (Not Transported),1,Dark - Unlighted,Clear,0,2,[],[],0,0,Valid,1.0,0.0,44.0,44.0,['Male'],0,0,2,3,4,Dry,Straight,Level,Lowest,No
7056,8,Colorado,80645,0,2,2,0,3,DENVER,December,17,Sunday,19,11,Urban,High Speed (Arterial),Yes,39.68285,-105.05317222,Non-Intersection,Dark - Lighted,Clear,7:00pm-7:59pm,13,7:00pm-7:59pm,22,7:00pm-7:59pm,40,2,Dark - Lighted,Clear,2,1,"['Driver', 'Front_Passenger']","['Shoulder_Lapbelt', 'Shoulder_Lapbelt']",1,1,Valid,1.0,0.0,57.0,26.0,"['Male', 'Male']",0,0,3,4,5,Dry,Straight,Grade/Hillcrest,Lowest,No
7057,8,Colorado,80646,0,4,4,0,8,NOT APPLICABLE,December,27,Wednesday,16,30,Urban,High Speed (Arterial),Yes,39.97618611,-104.96080556,Non-Intersection,Daylight,Clear,4:00pm-4:59pm,32,4:00pm-4:59pm,37,4:00pm-4:59pm,54,1,Daylight,Clear,1,7,['Driver'],['None_Used'],0,0,Valid,1.0,0.0,86.0,27.0,"['Male', 'Male', 'Female', 'Female']",0,0,3,4,5,Dry,Curve,Grade/Hillcrest,Lowest,No
7058,8,Colorado,80647,0,1,1,0,1,NOT APPLICABLE,December,27,Wednesday,22,30,Urban,Low Speed (Local),No,39.86097778,-104.90945556,Non-Intersection,Dark - Lighted,Clear,Unknown,Unknown,Unknown EMS Scene Arrival Hour,Unknown EMS Scene Arrival Minutes,Not Applicable (Not Transported),Not Applicable (Not Transported),1,Dark - Lighted,Clear,1,0,['Driver'],['None_Used'],1,1,Valid,0.0,0.0,19.0,19.0,['Male'],1,0,3,4,3,Dry,Straight,Level,Lowest,No
7059,8,Colorado,80648,0,2,2,0,3,NOT APPLICABLE,December,28,Thursday,17,11,Rural,High Speed (Arterial),Yes,40.59656944,-103.90376111,Non-Intersection,Daylight,Clear,5:00pm-5:59pm,12,5:00pm-5:59pm,24,6:00pm-6:59pm,34,2,Daylight,Clear,2,1,"['Driver', 'Front_Passenger']","['None_Used', 'Shoulder_Lapbelt']",0,0,Valid,0.0,0.0,64.0,50.0,"['Male', 'Male']",0,0,3,4,5,Dry,Straight,Level,Lowest,No
7060,8,Colorado,80649,1,1,1,0,1,LOCHBUIE,December,17,Sunday,2,15,Rural,Low Speed (Local),No,40.0241,-104.72075556,Non-Intersection,Dark - Lighted,Clear,2:00am-2:59am,13,2:00am-2:59am,24,2:00am-2:59am,42,1,Dark - Lighted,Clear,0,1,[],[],1,1,Valid,0.0,1.0,34.0,34.0,['Male'],0,0,3,3,4,Dry,Straight,Non-Trafficway,Lowest,No
7061,8,Colorado,80650,0,1,1,0,4,BRIGHTON,December,28,Thursday,13,54,Urban,High Speed (Arterial),Yes,39.99,-104.73079444,Non-Intersection,Daylight,Clear,1:00pm-1:59pm,54,2:00pm-2:59pm,2,Unknown,Unknown EMS Hospital Arrival Time,2,Daylight,Clear,2,2,"['Rear_Seat', 'Rear_Seat']","['None_Used', 'None_Used']",0,0,Valid,2.0,0.0,40.0,40.0,['Male'],0,0,3,4,3,Dry,Straight,Level,Lowest,No
7062,8,Colorado,80651,1,1,1,0,1,AURORA,December,29,Friday,22,37,Urban,High Speed (Arterial),Yes,39.70864722,-104.81311944,Simple Junction,Dark - Not Lighted,Cloudy,10:00pm-10:59pm,37,10:00pm-10:59pm,40,Not Applicable (Not Transported),Not Applicable (Not Transported),1,Dark - Unlighted,Reduced Visibility,0,1,[],[],0,0,Invalid,0.0,0.0,999.0,999.0,['Other'],0,0,1,3,4,Dry,Curve,Grade/Hillcrest,Lowest,No
7063,8,Colorado,80652,1,1,1,0,1,DENVER,December,30,Saturday,19,48,Urban,Medium Speed (Collector),No,39.79854167,-104.76276389,Complex/Circle,Dark - Lighted,Clear,7:00pm-7:59pm,49,7:00pm-7:59pm,55,8:00pm-8:59pm,14,1,Dark - Lighted,Clear,0,1,[],[],0,0,Valid,0.0,0.0,25.0,25.0,['Male'],0,0,3,3,4,Dry,Straight,Level,Lowest,No
7064,8,Colorado,80653,0,2,2,0,2,NOT APPLICABLE,December,20,Wednesday,11,56,Rural,Low Speed (Local),No,40.62941389,-102.32074722,Complex/Circle,Daylight,Clear,Unknown,Unknown,Unknown EMS Scene Arrival Hour,Unknown EMS Scene Arrival Minutes,12:00pm-12:59pm,20,1,Daylight,Clear,1,1,['Driver'],['Shoulder_Lapbelt'],0,0,Valid,0.0,1.0,58.0,51.0,"['Male', 'Male']",0,0,3,4,5,Dry,Straight,Level,Lowest,No
7065,8,Colorado,80654,0,3,3,0,11,PARKER,December,12,Tuesday,15,43,Urban,Medium Speed (Collector),No,39.518425,-104.77074444,Complex/Circle,Daylight,Cloudy,Unknown,Unknown,Unknown EMS Scene Arrival Hour,Unknown EMS Scene Arrival Minutes,Unknown,Unknown EMS Hospital Arrival Time,1,Daylight,Reduced Visibility,1,10,['Driver'],['None_Used'],0,0,Valid,0.0,0.0,81.0,39.0,"['Male', 'Female', 'Male']",0,0,3,4,5,Dry,Straight,Level,Lowest,No
7066,8,Colorado,80655,0,2,2,0,2,LOVELAND,December,29,Friday,14,12,Urban,Low Speed (Local),No,40.46473889,-104.99234722,Simple Junction,Daylight,Clear,2:00pm-2:59pm,12,2:00pm-2:59pm,20,2:00pm-2:59pm,40,1,Daylight,Clear,1,1,['Driver'],['None_Used'],0,0,Valid,0.0,2.0,65.0,22.0,"['Female', 'Male']",1,0,5,4,5,Dry,Straight,Level,Lowest,No
7067,8,Colorado,80656,0,1,1,0,1,COLORADO SPRINGS,December,29,Friday,16,25,Urban,High Speed (Arterial),Yes,38.84240556,-104.82117222,Complex/Circle,Dusk,Clear,4:00pm-4:59pm,27,4:00pm-4:59pm,30,4:00pm-4:59pm,40,1,Twilight,Clear,1,0,['Driver'],['None_Used'],0,0,Invalid,0.0,1.0,40.0,40.0,['Male'],1,0,5,3,2,Dry,Straight,Level,Lowest,No
7068,8,Colorado,80657,0,1,1,0,1,COLORADO SPRINGS,December,30,Saturday,13,17,Urban,High Speed (Arterial),Yes,38.9349,-104.81258889,Non-Intersection,Daylight,Clear,1:00pm-1:59pm,17,1:00pm-1:59pm,26,Not Applicable (Not Transported),Not Applicable (Not Transported),1,Daylight,Clear,1,0,['Driver'],['None_Used'],0,0,Valid,0.0,1.0,19.0,19.0,['Male'],1,0,5,4,3,Dry,Straight,Level,Lowest,No
7069,8,Colorado,80658,0,1,1,0,1,GRAND JUNCTION,December,31,Sunday,21,39,Urban,High Speed (Arterial),Yes,39.11119444,-108.64335833,Non-Intersection,Dark - Lighted,Clear,9:00pm-9:59pm,39,9:00pm-9:59pm,51,10:00pm-10:59pm,13,1,Dark - Lighted,Clear,1,0,['Driver'],['None_Used'],1,1,Invalid,0.0,0.0,25.0,25.0,['Male'],1,0,3,4,3,Dry,Curve,Level,Lowest,No
7070,8,Colorado,80659,0,1,1,0,1,DENVER,December,30,Saturday,20,3,Urban,High Speed (Arterial),Yes,39.63994167,-104.88357778,Non-Intersection,Dark - Lighted,Clear,8:00pm-8:59pm,3,8:00pm-8:59pm,5,Not Applicable (Not Transported),Not Applicable (Not Transported),1,Dark - Lighted,Clear,1,0,['Driver'],['None_Used'],1,1,Valid,0.0,0.0,20.0,20.0,['Male'],1,0,2,4,2,Dry,Straight,Level,Lowest,No
7071,8,Colorado,80660,0,1,1,0,1,DENVER,December,26,Tuesday,7,3,Urban,Medium Speed (Collector),No,39.66797222,-104.93747222,Non-Intersection,Dark - Lighted,Snow,7:00am-7:59am,5,7:00am-7:59am,26,8:00am-8:59am,2,1,Dark - Lighted,Snow/Ice/Severe,1,0,['Driver'],['Shoulder_Lapbelt'],0,0,Invalid,0.0,0.0,47.0,47.0,['Male'],1,0,3,4,3,Icy/Snowy,Straight,Level,Lowest,No
7072,8,Colorado,80661,0,1,1,0,1,NOT APPLICABLE,December,20,Wednesday,14,25,Rural,High Speed (Arterial),Yes,40.76949722,-102.94098056,Non-Intersection,Daylight,Cloudy,2:00pm-2:59pm,26,2:00pm-2:59pm,43,3:00pm-3:59pm,3,1,Daylight,Reduced Visibility,1,0,['Driver'],['Shoulder_Lapbelt'],0,0,Valid,0.0,0.0,53.0,53.0,['Male'],0,0,1,4,3,Dry,Straight,Level,Lowest,Yes
7073,8,Colorado,80662,0,2,2,0,3,AURORA,December,19,Tuesday,19,47,Urban,Medium Speed (Collector),No,39.58044444,-104.72506111,Non-Intersection,Dark - Lighted,Clear,Unknown,Unknown,Unknown EMS Scene Arrival Hour,Unknown EMS Scene Arrival Minutes,Unknown,Unknown EMS Hospital Arrival Time,1,Dark - Lighted,Clear,1,2,['Driver'],['Shoulder_Lapbelt'],0,0,Valid,0.0,0.0,78.0,59.0,"['Male', 'Male']",0,0,3,4,5,Dry,Straight,Level,Lowest,No
7074,8,Colorado,80663,1,1,1,0,1,COLORADO SPRINGS,December,8,Friday,14,48,Urban,High Speed (Arterial),Yes,38.825425,-104.76858611,Non-Intersection,Daylight,Cloudy,2:00pm-2:59pm,48,2:00pm-2:59pm,50,3:00pm-3:59pm,2,1,Daylight,Reduced Visibility,0,1,[],[],0,0,Invalid,0.0,0.0,998.0,998.0,['Other'],1,0,2,0,4,Dry,Straight,Level,Lowest,No