,State_Code,State_Name,Crash_ID,Count_Non_Motorists,Count_Vehicles_Total,Count_Vehicle_Forms,Count_PVH_Involved,Count_Occupants_MV,City_Name,Month_Name,Day_of_Month,Day_of_Week,Crash_Hour,Crash_Minute,Area_Rural_Urban,Road_Functional_Class,On_NHS_Road,Latitude,Longitude,Intersection_Type,Light_Condition,Weather_Condition,Notif_Hour,Notif_Minute,Arrival_Hour,Arrival_Minute,Hospital_Hour,Hospital_Minute,Fatalities_Count,Clean_Light_Condition,Clean_Weather_Condition,Total_Killed,Total_Alive,Fatal_Seats_List,Killed_Restraint_List,Any_Driver_Drinking,Total_Drinking_Drivers,Driver_License_Category,Driver_Max_Prev_Accident_Count,Driver_Max_Prev_Speeding_Count,Max_Driver_Age,Min_Driver_Age,Driver_Sex_List,Total_Exceeding_Limit_Vehicles,Total_Too_Fast_Vehicles,Max_Vehicle_Type_Severity_5,Max_Vehicle_Damage_Rank,Max_Harmful_Event_Severity,Crash_Road_Surface_Condition,Crash_Horizontal_Alignment,Crash_Vertical_Profile,Crash_Impairment_Category,Crash_Vehicle_Defect
7075,8,Colorado,80664,1,1,1,0,1,GOLDEN,December,27,Wednesday,6,5,Urban,High Speed (Arterial),No,39.72183333,-105.19700556,Complex/Circle,Dark - Not Lighted,Clear,6:00am-6:59am,10,6:00am-6:59am,15,6:00am-6:59am,30,1,Dark - Unlighted,Clear,0,1,[],[],0,0,Valid,0.0,0.0,34.0,34.0,['Female'],0,0,3,3,4,Dry,Straight,Level,Lowest,No
7076,8,Colorado,80665,1,1,1,0,1,DENVER,February,13,Monday,9,43,Urban,High Speed (Arterial),Yes,39.74005,-104.99288889,Complex/Circle,Daylight,Clear,9:00am-9:59am,44,9:00am-9:59am,52,10:00am-10:59am,0,1,Daylight,Clear,0,1,[],[],0,0,Valid,0.0,0.0,43.0,43.0,['Female'],0,0,2,2,4,Dry,Straight,Level,Lowest,No
7077,8,Colorado,80666,0,2,2,0,2,DENVER,November,18,Saturday,0,7,Urban,Medium Speed (Collector),No,39.76106667,-105.02682222,Simple Junction,Dark - Lighted,Clear,0:00am-0:59am,7,0:00am-0:59am,10,0:00am-0:59am,15,1,Dark - Lighted,Clear,1,1,['Driver'],['None_Used'],0,0,Invalid,0.0,0.0,998.0,46.0,"['Other', 'Male']",0,0,5,4,5,Dry,Straight,Grade/Hillcrest,Lowest,No
7078,8,Colorado,80667,0,1,1,0,2,NUNN,December,29,Friday,10,34,Rural,Low Speed (Local),No,40.69624444,-104.77595833,Non-Intersection,Daylight,Clear,10:00am-10:59am,30,10:00am-10:59am,38,Unknown,Unknown EMS Hospital Arrival Time,1,Daylight,Clear,1,1,['Front_Passenger'],['Shoulder_Lapbelt'],0,0,Valid,0.0,0.0,51.0,51.0,['Male'],0,0,3,4,4,Dry,Straight,Level,Lowest,No
7079,9,Connecticut,90001,0,2,2,0,2,WALLINGFORD,January,5,Thursday,8,10,Urban,High Speed (Arterial),Yes,41.47624722,-72.77170556,Non-Intersection,Daylight,Cloudy,8:00am-8:59am,10,8:00am-8:59am,18,Unknown,Unknown EMS Hospital Arrival Time,1,Daylight,Reduced Visibility,1,1,['Driver'],['Shoulder_Lapbelt'],0,0,Valid,0.0,0.0,39.0,31.0,"['Female', 'Female']",0,0,3,4,5,Wet/Standing Water,Straight,Level,Lowest,No
7080,9,Connecticut,90002,0,1,1,0,1,BRISTOL,January,2,Monday,1,4,Urban,High Speed (Arterial),Yes,41.691475,-72.92011389,Non-Intersection,Dark - Lighted,Clear,1:00am-1:59am,6,1:00am-1:59am,13,1:00am-1:59am,42,1,Dark - Lighted,Clear,1,0,['Driver'],['None_Used'],0,0,Valid,0.0,0.0,57.0,57.0,['Female'],0,0,3,4,3,Dry,Straight,Level,Lowest,No
7081,9,Connecticut,90003,0,1,1,0,1,MIDDLETOWN,January,3,Tuesday,15,11,Urban,High Speed (Arterial),Yes,41.553225,-72.63343889,Non-Intersection,Daylight,"Fog, Smog, Smoke",3:00pm-3:59pm,11,3:00pm-3:59pm,15,Not Applicable (Not Transported),Not Applicable (Not Transported),1,Daylight,Reduced Visibility,1,0,['Driver'],['None_Used'],0,0,Valid,0.0,0.0,33.0,33.0,['Male'],0,0,3,4,3,Wet/Standing Water,Curve,Grade/Hillcrest,Lowest,No
7082,9,Connecticut,90004,1,1,1,0,1,KILLINGLY CENTER,January,17,Tuesday,2,22,Rural,Medium Speed (Collector),No,41.84868333,-71.80598889,Non-Intersection,Dark - Not Lighted,Clear,Unknown,Unknown,Unknown EMS Scene Arrival Hour,Unknown EMS Scene Arrival Minutes,Not Applicable (Not Transported),Not Applicable (Not Transported),1,Dark - Unlighted,Clear,0,1,[],[],0,0,Valid,0.0,0.0,49.0,49.0,['Male'],0,0,2,2,4,Dry,Straight,Level,Lowest,No
7083,9,Connecticut,90005,0,3,3,0,3,DURHAM,January,12,Thursday,16,47,Urban,High Speed (Arterial),Yes,41.45470833,-72.69486111,Non-Intersection,Dusk,Rain,4:00pm-4:59pm,52,4:00pm-4:59pm,59,5:00pm-5:59pm,18,1,Twilight,Rain/Wind/Minor,1,2,['Driver'],['None_Used'],0,0,Valid,0.0,0.0,60.0,18.0,"['Female', 'Male', 'Male']",1,0,3,4,5,Wet/Standing Water,Curve,Level,Lowest,No
7084,9,Connecticut,90006,1,2,2,0,1,SHELTON,January,18,Wednesday,0,13,Urban,High Speed (Arterial),Yes,41.30363333,-73.09979167,Non-Intersection,Dark - Lighted,Clear,0:00am-0:59am,13,0:00am-0:59am,27,Not Applicable (Not Transported),Not Applicable (Not Transported),1,Dark - Lighted,Clear,0,1,[],[],0,0,Valid,0.0,0.0,32.0,32.0,['Male'],0,0,3,4,5,Dry,Curve,Level,Lowest,No
7085,9,Connecticut,90007,0,1,1,0,1,LITCHFIELD,January,16,Monday,20,47,Rural,Low Speed (Local),No,41.72634167,-73.11198333,Non-Intersection,Dark - Not Lighted,Clear,8:00pm-8:59pm,48,9:00pm-9:59pm,0,Not Applicable (Not Transported),Not Applicable (Not Transported),1,Dark - Unlighted,Clear,1,0,['Driver'],['None_Used'],1,1,Valid,0.0,0.0,24.0,24.0,['Male'],1,0,3,4,3,Dry,Curve,Grade/Hillcrest,Lowest,No
7086,9,Connecticut,90008,0,6,3,3,5,BRIDGEPORT,January,20,Friday,18,26,Urban,Low Speed (Local),No,41.18544444,-73.20028611,Non-Intersection,Dark - Lighted,Clear,6:00pm-6:59pm,26,Unknown EMS Scene Arrival Hour,Unknown EMS Scene Arrival Minutes,Unknown,Unknown EMS Hospital Arrival Time,1,Dark - Lighted,Clear,1,4,['Driver'],['Shoulder_Lapbelt'],1,1,Invalid,0.0,0.0,74.0,22.0,"['Male', 'Female', 'Male']",3,0,3,4,5,Dry,Straight,Level,Lowest,No
7087,9,Connecticut,90009,1,1,1,0,2,NEW HAVEN,January,23,Monday,18,12,Urban,High Speed (Arterial),Yes,41.31609167,-72.94083889,Non-Intersection,Dark - Lighted,Rain,6:00pm-6:59pm,12,Unknown EMS Scene Arrival Hour,Unknown EMS Scene Arrival Minutes,Unknown,Unknown EMS Hospital Arrival Time,1,Dark - Lighted,Rain/Wind/Minor,0,2,[],[],0,0,Valid,0.0,0.0,38.0,38.0,['Male'],0,0,3,2,4,Wet/Standing Water,Straight,Level,Lowest,No
7088,9,Connecticut,90010,0,1,1,0,1,WESTBROOK,January,7,Saturday,4,9,Urban,High Speed (Arterial),Yes,41.29178889,-72.44679167,Non-Intersection,Dark - Lighted,Clear,4:00am-4:59am,14,4:00am-4:59am,24,5:00am-5:59am,50,1,Dark - Lighted,Clear,1,0,['Driver'],['Shoulder_Lapbelt'],0,0,Valid,1.0,0.0,35.0,35.0,['Male'],0,0,2,4,3,Dry,Straight,Level,Lowest,No
7089,9,Connecticut,90011,0,1,1,0,2,NOROTON,January,16,Monday,5,1,Urban,High Speed (Arterial),Yes,41.07563611,-73.46576389,Non-Intersection,Dark - Lighted,Clear,5:00am-5:59am,1,5:00am-5:59am,9,5:00am-5:59am,30,1,Dark - Lighted,Clear,1,1,['Driver'],['Shoulder_Lapbelt'],1,1,Valid,0.0,0.0,40.0,40.0,['Male'],2,0,2,4,2,Dry,Curve,Grade/Hillcrest,Lowest,No
7090,9,Connecticut,90012,1,1,1,0,1,EAST HARTFORD,January,18,Wednesday,21,30,Urban,High Speed (Arterial),Yes,41.76378611,-72.64645278,Simple Junction,Dark - Lighted,Clear,9:00pm-9:59pm,30,Unknown EMS Scene Arrival Hour,Unknown EMS Scene Arrival Minutes,Unknown,Unknown EMS Hospital Arrival Time,1,Dark - Lighted,Clear,0,1,[],[],0,0,Invalid,0.0,0.0,999.0,999.0,['Other'],0,0,2,0,4,Dry,Straight,Level,Lowest,No
7091,9,Connecticut,90013,0,1,1,0,1,SHELTON,January,29,Sunday,16,54,Urban,High Speed (Arterial),Yes,41.29615278,-73.10526944,Non-Intersection,Dark - Lighted,Clear,4:00pm-4:59pm,54,5:00pm-5:59pm,13,Not Applicable (Not Transported),Not Applicable (Not Transported),1,Dark - Lighted,Clear,1,0,['Driver'],['Shoulder_Lapbelt'],0,0,Invalid,0.0,0.0,51.0,51.0,['Male'],0,0,3,4,3,Dry,Curve,Level,Lowest,No
7092,9,Connecticut,90014,1,1,1,0,1,BRIDGEPORT,January,17,Tuesday,10,44,Urban,Medium Speed (Collector),No,41.183675,-73.18096111,Non-Intersection,Daylight,Clear,10:00am-10:59am,44,Unknown EMS Scene Arrival Hour,Unknown EMS Scene Arrival Minutes,Unknown,Unknown EMS Hospital Arrival Time,1,Daylight,Clear,0,1,[],[],0,0,Valid,0.0,0.0,20.0,20.0,['Male'],0,0,2,3,4,Dry,Straight,Level,Lowest,No
7093,9,Connecticut,90015,0,2,2,0,3,OLD LYME (LYME),February,8,Wednesday,15,42,Rural,Medium Speed (Collector),No,41.3676,-72.34580278,Non-Intersection,Daylight,Clear,3:00pm-3:59pm,39,3:00pm-3:59pm,45,Not Applicable (Not Transported),Not Applicable (Not Transported),1,Daylight,Clear,1,2,['Driver'],['Shoulder_Lapbelt'],1,1,Valid,0.0,0.0,45.0,35.0,"['Male', 'Male']",0,0,4,4,5,Dry,Curve,Level,Lowest,No
7094,9,Connecticut,90016,0,2,2,0,2,WINDSOR,February,9,Thursday,6,58,Urban,High Speed (Arterial),Yes,41.87,-72.66259167,Non-Intersection,Daylight,Clear,6:00am-6:59am,58,7:00am-7:59am,4,Not Applicable (Not Transported),Not Applicable (Not Transported),1,Daylight,Clear,1,1,['Driver'],['Shoulder_Lapbelt'],0,0,Valid,0.0,0.0,66.0,42.0,"['Male', 'Male']",0,0,3,4,3,Dry,Straight,Grade/Hillcrest,Lowest,Yes
7095,9,Connecticut,90018,0,1,1,0,1,WATERTOWN,January,23,Monday,12,59,Rural,High Speed (Arterial),Yes,41.64452778,-73.08252778,Non-Intersection,Daylight,Snow,Unknown,Unknown,Unknown EMS Scene Arrival Hour,Unknown EMS Scene Arrival Minutes,Unknown,Unknown EMS Hospital Arrival Time,1,Daylight,Snow/Ice/Severe,1,0,['Driver'],['None_Used'],0,0,Valid,0.0,0.0,50.0,50.0,['Male'],0,0,3,4,3,Wet/Standing Water,Curve,Level,Lowest,No
7096,9,Connecticut,90019,0,2,2,0,4,WINCHESTER CENTER,January,31,Tuesday,19,32,Rural,High Speed (Arterial),Yes,41.93174722,-73.08550278,Non-Intersection,Dark - Not Lighted,Clear,7:00pm-7:59pm,32,Unknown EMS Scene Arrival Hour,Unknown EMS Scene Arrival Minutes,Unknown,Unknown EMS Hospital Arrival Time,2,Dark - Unlighted,Clear,2,2,"['Driver', 'Front_Passenger']","['Shoulder_Lapbelt', 'Shoulder_Lapbelt']",0,0,Valid,0.0,0.0,84.0,23.0,"['Male', 'Male']",2,0,3,4,5,Dry,Curve,Grade/Hillcrest,Lowest,No
7097,9,Connecticut,90020,0,1,1,0,1,MERIDEN,February,3,Friday,18,50,Urban,Low Speed (Local),No,41.53375,-72.82035833,Non-Intersection,Dark - Lighted,Blowing Snow,6:00pm-6:59pm,50,Unknown EMS Scene Arrival Hour,Unknown EMS Scene Arrival Minutes,Unknown,Unknown EMS Hospital Arrival Time,1,Dark - Lighted,Snow/Ice/Severe,1,0,['Driver'],['Shoulder_Lapbelt'],0,0,Valid,0.0,0.0,63.0,63.0,['Male'],0,0,3,4,3,Icy/Snowy,Straight,Level,Lowest,No
7098,9,Connecticut,90021,0,1,1,0,3,JORDAN,February,18,Saturday,4,25,Urban,Medium Speed (Collector),No,41.37778611,-72.16058333,Non-Intersection,Dark - Lighted,Clear,5:00am-5:59am,31,5:00am-5:59am,41,6:00am-6:59am,2,2,Dark - Lighted,Clear,2,1,"['Front_Passenger', 'Rear_Seat']","['Shoulder_Lapbelt', 'None_Used']",1,1,Invalid,1.0,1.0,21.0,21.0,['Male'],3,0,2,4,3,Dry,Straight,Grade/Hillcrest,Lowest,No
7099,9,Connecticut,90022,1,1,1,0,2,OXFORD,February,3,Friday,18,8,Urban,High Speed (Arterial),Yes,41.36976111,-73.14829167,Non-Intersection,Dark - Not Lighted,Clear,6:00pm-6:59pm,9,6:00pm-6:59pm,19,6:00pm-6:59pm,58,1,Dark - Unlighted,Clear,0,2,[],[],0,0,Valid,0.0,0.0,57.0,57.0,['Male'],0,0,2,3,4,Dry,Straight,Level,Lowest,No
7100,9,Connecticut,90023,0,1,1,0,2,STAMFORD,January,1,Sunday,6,14,Urban,Medium Speed (Collector),No,41.04476111,-73.54605833,Non-Intersection,Dark - Lighted,"Fog, Smog, Smoke",6:00am-6:59am,9,6:00am-6:59am,14,Unknown,Unknown EMS Hospital Arrival Time,1,Dark - Lighted,Reduced Visibility,1,1,['Driver'],['None_Used'],1,1,Valid,0.0,0.0,31.0,31.0,['Female'],2,0,2,4,3,Wet/Standing Water,Straight,Level,Lowest,No
7101,9,Connecticut,90024,0,3,3,0,4,WOODBURY,March,4,Saturday,20,48,Urban,Medium Speed (Collector),No,41.52971667,-73.204375,Non-Intersection,Dark - Lighted,Clear,Unknown,Unknown,Unknown EMS Scene Arrival Hour,Unknown EMS Scene Arrival Minutes,Unknown,Unknown EMS Hospital Arrival Time,1,Dark - Lighted,Clear,1,3,['Driver'],['Shoulder_Lapbelt'],1,1,Valid,0.0,0.0,57.0,17.0,"['Male', 'Female', 'Female']",0,0,3,4,5,Dry,Straight,Grade/Hillcrest,Lowest,No
7102,9,Connecticut,90025,1,1,1,0,1,WESTPORT,March,4,Saturday,23,29,Urban,Medium Speed (Collector),No,41.12152222,-73.37037778,Non-Intersection,Dark - Unknown Lighting,Clear,Unknown,Unknown,11:00pm-11:59pm,38,0:00am-0:59am,5,1,Dark - Unlighted,Clear,0,1,[],[],0,0,Invalid,0.0,0.0,20.0,20.0,['Female'],0,0,3,3,4,Dry,Straight,Level,Lowest,No
7103,9,Connecticut,90026,0,2,2,0,4,CANAAN,March,13,Monday,16,36,Rural,High Speed (Arterial),Yes,41.98061111,-73.33217222,Non-Intersection,Daylight,Rain,4:00pm-4:59pm,34,4:00pm-4:59pm,40,5:00pm-5:59pm,18,1,Daylight,Rain/Wind/Minor,1,3,['Rear_Seat'],['None_Used'],0,0,Valid,0.0,0.0,69.0,35.0,"['Male', 'Female']",0,0,4,4,5,Wet/Standing Water,Curve,Level,Lowest,No
7104,9,Connecticut,90027,1,1,1,0,1,STRATFORD,February,15,Wednesday,17,55,Urban,High Speed (Arterial),Yes,41.20497778,-73.13180556,Non-Intersection,Dark - Lighted,Clear,5:00pm-5:59pm,55,Unknown EMS Scene Arrival Hour,Unknown EMS Scene Arrival Minutes,Not Applicable (Not Transported),Not Applicable (Not Transported),1,Dark - Lighted,Clear,0,1,[],[],0,0,Valid,0.0,0.0,33.0,33.0,['Male'],1,0,2,2,4,Dry,Straight,Level,Lowest,No
7105,9,Connecticut,90028,0,2,2,0,5,BRIDGEPORT,March,6,Monday,15,28,Urban,High Speed (Arterial),Yes,41.19553611,-73.17645556,Complex/Circle,Daylight,Clear,Unknown,Unknown,Unknown EMS Scene Arrival Hour,Unknown EMS Scene Arrival Minutes,Unknown,Unknown EMS Hospital Arrival Time,2,Daylight,Clear,2,3,"['Driver', 'Rear_Seat']","['Shoulder_Lapbelt', 'Shoulder_Lapbelt']",0,0,Valid,0.0,0.0,40.0,24.0,"['Male', 'Female']",1,0,3,4,5,Dry,Straight,Level,Lowest,No
7106,9,Connecticut,90029,0,2,2,0,2,MERIDEN,March,12,Sunday,3,28,Urban,Medium Speed (Collector),No,41.51903611,-72.830275,Non-Intersection,Dark - Lighted,Clear,3:00am-3:59am,28,Unknown EMS Scene Arrival Hour,Unknown EMS Scene Arrival Minutes,Unknown,Unknown EMS Hospital Arrival Time,1,Dark - Lighted,Clear,1,1,['Driver'],['Shoulder_Only'],1,1,Valid,0.0,0.0,53.0,32.0,"['Male', 'Female']",0,0,2,4,5,Dry,Straight,Level,Lowest,No
7107,9,Connecticut,90030,0,1,1,0,1,STRATFORD,March,17,Friday,4,30,Urban,High Speed (Arterial),Yes,41.24633889,-73.09928056,Non-Intersection,Dark - Not Lighted,Clear,4:00am-4:59am,25,4:00am-4:59am,36,Not Applicable (Not Transported),Not Applicable (Not Transported),1,Dark - Unlighted,Clear,1,0,['Driver'],['None_Used'],1,1,Valid,0.0,0.0,22.0,22.0,['Male'],0,0,5,3,0,Dry,Curve,Grade/Hillcrest,Lowest,No
7108,9,Connecticut,90031,1,1,1,0,2,MERIDEN,February,1,Wednesday,23,34,Urban,Medium Speed (Collector),No,41.54882778,-72.80433611,Complex/Circle,Dark - Not Lighted,Clear,11:00pm-11:59pm,34,Unknown EMS Scene Arrival Hour,Unknown EMS Scene Arrival Minutes,Unknown,Unknown EMS Hospital Arrival Time,1,Dark - Unlighted,Clear,0,2,[],[],0,0,Valid,0.0,0.0,18.0,18.0,['Female'],0,0,2,2,4,Dry,Straight,Grade/Hillcrest,Lowest,No
7109,9,Connecticut,90032,0,3,3,0,4,MERIDEN,April,3,Monday,19,11,Urban,High Speed (Arterial),Yes,41.53106944,-72.79470833,Simple Junction,Dark - Lighted,Clear,7:00pm-7:59pm,11,Unknown EMS Scene Arrival Hour,Unknown EMS Scene Arrival Minutes,Not Applicable (Not Transported),Not Applicable (Not Transported),1,Dark - Lighted,Clear,1,3,['Driver'],['None_Used'],0,0,Valid,0.0,0.0,55.0,40.0,"['Male', 'Male', 'Male']",1,0,5,4,5,Dry,Straight,Level,Lowest,No
7110,9,Connecticut,90034,0,1,1,0,1,NEW HAVEN,March,31,Friday,18,52,Urban,High Speed (Arterial),Yes,41.29425278,-72.90174444,Non-Intersection,Dusk,Clear,6:00pm-6:59pm,56,7:00pm-7:59pm,0,7:00pm-7:59pm,23,1,Twilight,Clear,1,0,['Driver'],['None_Used'],1,1,Valid,0.0,0.0,38.0,38.0,['Female'],1,0,2,4,3,Dry,Curve,Level,Lowest,No
7111,9,Connecticut,90035,1,2,1,1,1,NEW HAVEN,April,2,Sunday,20,34,Urban,High Speed (Arterial),Yes,41.29300556,-72.90111667,Non-Intersection,Dark - Lighted,Clear,8:00pm-8:59pm,34,Unknown EMS Scene Arrival Hour,Unknown EMS Scene Arrival Minutes,Unknown,Unknown EMS Hospital Arrival Time,1,Dark - Lighted,Clear,1,0,['Driver'],['Shoulder_Lapbelt'],1,1,Valid,0.0,0.0,57.0,57.0,['Male'],0,0,4,4,3,Dry,Curve,Level,Lowest,No
7112,9,Connecticut,90036,0,2,2,0,3,WOODSTOCK,April,14,Friday,20,18,Rural,Medium Speed (Collector),No,41.93800278,-71.98944167,Non-Intersection,Dark - Not Lighted,Clear,8:00pm-8:59pm,18,8:00pm-8:59pm,20,Unknown,Unknown EMS Hospital Arrival Time,1,Dark - Unlighted,Clear,1,2,['Driver'],['Shoulder_Lapbelt'],0,0,Valid,0.0,0.0,43.0,38.0,"['Male', 'Male']",0,0,3,4,5,Dry,Curve,Level,Lowest,No
7113,9,Connecticut,90037,0,1,1,0,1,WEST HAVEN,April,10,Monday,10,18,Urban,High Speed (Arterial),Yes,41.28070833,-72.95801667,Non-Intersection,Daylight,Clear,10:00am-10:59am,18,Unknown EMS Scene Arrival Hour,Unknown EMS Scene Arrival Minutes,Unknown,Unknown EMS Hospital Arrival Time,1,Daylight,Clear,1,0,['Driver'],['None_Used'],0,0,Valid,0.0,0.0,73.0,73.0,['Female'],0,0,3,4,3,Dry,Straight,Grade/Hillcrest,Lowest,No
7114,9,Connecticut,90038,0,1,1,0,1,NEWTOWN,April,20,Thursday,20,22,Rural,Medium Speed (Collector),No,41.40095833,-73.24710833,Non-Intersection,Dark - Not Lighted,Clear,8:00pm-8:59pm,21,8:00pm-8:59pm,39,Not Applicable (Not Transported),Not Applicable (Not Transported),1,Dark - Unlighted,Clear,1,0,['Driver'],['Shoulder_Lapbelt'],1,1,Valid,0.0,0.0,26.0,26.0,['Female'],0,0,2,4,3,Dry,Curve,Grade/Hillcrest,Lowest,No
7115,9,Connecticut,90039,0,1,1,0,1,SEYMOUR,April,17,Monday,22,23,Urban,Medium Speed (Collector),No,41.37431667,-73.06094444,Non-Intersection,Dark - Lighted,Clear,10:00pm-10:59pm,23,Unknown EMS Scene Arrival Hour,Unknown EMS Scene Arrival Minutes,Unknown,Unknown EMS Hospital Arrival Time,1,Dark - Lighted,Clear,1,0,['Driver'],['None_Used'],1,1,Valid,0.0,0.0,24.0,24.0,['Male'],1,0,2,4,3,Dry,Curve,Level,Lowest,No
7116,9,Connecticut,90040,0,2,2,0,2,CROMWELL,January,5,Thursday,0,48,Urban,High Speed (Arterial),Yes,41.58422778,-72.64824722,Non-Intersection,Dark - Lighted,Rain,0:00am-0:59am,48,1:00am-1:59am,0,Not Applicable (Not Transported),Not Applicable (Not Transported),2,Dark - Lighted,Rain/Wind/Minor,2,0,"['Driver', 'Driver']","['Shoulder_Lapbelt', 'Shoulder_Lapbelt']",1,2,Valid,0.0,0.0,39.0,27.0,"['Male', 'Female']",0,0,2,4,5,Wet/Standing Water,Curve,Level,Lowest,No
7117,9,Connecticut,90041,0,1,1,0,1,FARMINGTON,February,14,Tuesday,22,26,Urban,High Speed (Arterial),Yes,41.72719167,-72.76622778,Non-Intersection,Dark - Lighted,Clear,Unknown,Unknown,Unknown EMS Scene Arrival Hour,Unknown EMS Scene Arrival Minutes,Unknown,Unknown EMS Hospital Arrival Time,1,Dark - Lighted,Clear,1,0,['Driver'],['None_Used'],1,1,Valid,3.0,0.0,33.0,33.0,['Female'],1,0,3,4,3,Dry,Straight,Level,Lowest,No
7118,9,Connecticut,90042,0,2,2,0,3,WATERBURY,March,30,Thursday,1,7,Urban,Medium Speed (Collector),No,41.563075,-73.05846389,Non-Intersection,Dark - Lighted,Clear,1:00am-1:59am,7,1:00am-1:59am,8,1:00am-1:59am,30,1,Dark - Lighted,Clear,1,2,['Driver'],['None_Used'],1,1,Invalid,0.0,0.0,33.0,30.0,"['Male', 'Male']",0,0,3,4,5,Wet/Standing Water,Straight,Level,Lowest,No
7119,9,Connecticut,90043,0,2,2,0,2,MANSFIELD CENTER,April,11,Tuesday,10,25,Urban,Medium Speed (Collector),No,41.7712,-72.27128889,Non-Intersection,Daylight,Clear,10:00am-10:59am,23,10:00am-10:59am,32,10:00am-10:59am,50,1,Daylight,Clear,1,1,['Driver'],['None_Used'],0,0,Valid,0.0,0.0,42.0,39.0,"['Male', 'Female']",0,0,3,4,5,Dry,Curve,Level,Lowest,No
7120,9,Connecticut,90044,0,2,2,0,5,HARTFORD,April,26,Wednesday,18,14,Urban,High Speed (Arterial),Yes,41.769675,-72.670675,Non-Intersection,Daylight,Clear,Unknown,Unknown,Unknown EMS Scene Arrival Hour,Unknown EMS Scene Arrival Minutes,Unknown,Unknown EMS Hospital Arrival Time,1,Daylight,Clear,1,4,['Driver'],['None_Used'],1,1,Invalid,0.0,0.0,44.0,28.0,"['Male', 'Male']",1,0,5,4,5,Dry,Straight,Level,Lowest,No
7121,9,Connecticut,90045,1,1,1,0,1,MIDDLETOWN,April,30,Sunday,3,43,Urban,High Speed (Arterial),Yes,41.51661667,-72.60224167,Non-Intersection,Dark - Lighted,Rain,4:00am-4:59am,3,4:00am-4:59am,11,4:00am-4:59am,48,1,Dark - Lighted,Rain/Wind/Minor,0,1,[],[],0,0,Invalid,0.0,0.0,29.0,29.0,['Female'],0,0,2,3,4,Wet/Standing Water,Straight,Grade/Hillcrest,Lowest,No
7122,9,Connecticut,90046,0,2,2,0,3,MERIDEN,April,30,Sunday,21,14,Urban,High Speed (Arterial),Yes,41.55101944,-72.83180833,Non-Intersection,Dark - Lighted,Rain,9:00pm-9:59pm,14,9:00pm-9:59pm,19,Unknown,Unknown EMS Hospital Arrival Time,1,Dark - Lighted,Rain/Wind/Minor,1,2,['Front_Passenger'],['Shoulder_Lapbelt'],1,1,Valid,0.0,0.0,42.0,31.0,"['Male', 'Female']",0,0,3,4,5,Wet/Standing Water,Curve,Grade/Hillcrest,Lowest,No
7123,9,Connecticut,90048,0,2,2,0,4,TOLLAND,May,7,Sunday,13,25,Urban,High Speed (Arterial),Yes,41.86185,-72.35871944,Non-Intersection,Daylight,Clear,1:00pm-1:59pm,25,1:00pm-1:59pm,27,Unknown,Unknown EMS Hospital Arrival Time,2,Daylight,Clear,2,2,"['Driver', 'Driver']","['Shoulder_Lapbelt', 'Shoulder_Lapbelt']",0,0,Valid,0.0,0.0,66.0,64.0,"['Male', 'Female']",0,0,3,4,5,Dry,Curve,Grade/Hillcrest,Lowest,No
7124,9,Connecticut,90049,0,2,2,0,3,BURLINGTON,May,6,Saturday,11,12,Urban,High Speed (Arterial),Yes,41.77158611,-72.954375,Complex/Circle,Daylight,Clear,Unknown,Unknown,Unknown EMS Scene Arrival Hour,Unknown EMS Scene Arrival Minutes,Unknown,Unknown EMS Hospital Arrival Time,1,Daylight,Clear,1,2,['Rear_Seat'],['None_Used'],0,0,Valid,0.0,0.0,57.0,25.0,"['Female', 'Male']",0,0,5,4,5,Dry,Straight,Grade/Hillcrest,Lowest,No
7125,9,Connecticut,90051,0,1,1,0,2,NEWTOWN,May,6,Saturday,2,8,Urban,High Speed (Arterial),Yes,41.39454167,-73.29193056,Non-Intersection,Dark - Not Lighted,Clear,2:00am-2:59am,15,2:00am-2:59am,29,3:00am-3:59am,21,1,Dark - Unlighted,Clear,1,1,['Front_Passenger'],['None_Used'],1,1,Invalid,0.0,0.0,23.0,23.0,['Male'],0,0,3,4,3,Dry,Curve,Level,Lowest,No
7126,9,Connecticut,90052,0,2,2,0,2,JORDAN,April,21,Friday,12,47,Urban,High Speed (Arterial),Yes,41.42411389,-72.11964444,Non-Intersection,Daylight,Clear,12:00pm-12:59pm,47,1:00pm-1:59pm,0,Unknown,Unknown EMS Hospital Arrival Time,1,Daylight,Clear,1,1,['Driver'],['Shoulder_Lapbelt'],0,0,Valid,0.0,0.0,71.0,52.0,"['Male', 'Male']",0,0,3,4,5,Dry,Straight,Level,Lowest,No
7127,9,Connecticut,90053,0,1,1,0,1,WEST TORRINGTON,February,15,Wednesday,15,21,Urban,High Speed (Arterial),Yes,41.78631944,-73.14515,Simple Junction,Daylight,Clear,3:00pm-3:59pm,51,Unknown EMS Scene Arrival Hour,Unknown EMS Scene Arrival Minutes,Unknown,Unknown EMS Hospital Arrival Time,1,Daylight,Clear,1,0,['Driver'],['Shoulder_Lapbelt'],0,0,Valid,0.0,0.0,70.0,70.0,['Female'],1,0,3,4,3,Dry,Curve,Grade/Hillcrest,Lowest,No
7128,9,Connecticut,90054,0,2,2,0,3,GROTON,April,28,Friday,18,20,Urban,Medium Speed (Collector),No,41.37510556,-72.04448056,Non-Intersection,Daylight,Cloudy,6:00pm-6:59pm,20,Unknown EMS Scene Arrival Hour,Unknown EMS Scene Arrival Minutes,Unknown,Unknown EMS Hospital Arrival Time,1,Daylight,Reduced Visibility,1,2,['Driver'],['None_Used'],1,1,Valid,0.0,0.0,38.0,30.0,"['Female', 'Female']",0,0,3,4,5,Dry,Curve,Level,Lowest,No
7129,9,Connecticut,90055,0,2,2,0,3,GROTON,May,6,Saturday,10,18,Urban,Medium Speed (Collector),No,41.35077778,-72.04469167,Non-Intersection,Daylight,Clear,10:00am-10:59am,18,Unknown EMS Scene Arrival Hour,Unknown EMS Scene Arrival Minutes,Unknown,Unknown EMS Hospital Arrival Time,1,Daylight,Clear,1,2,['Driver'],['None_Used'],1,1,Valid,0.0,0.0,41.0,40.0,"['Male', 'Female']",0,0,3,4,5,Dry,Curve,Level,Lowest,No