,State_Code,State_Name,Crash_ID,Count_Non_Motorists,Count_Vehicles_Total,Count_Vehicle_Forms,Count_PVH_Involved,Count_Occupants_MV,City_Name,Month_Name,Day_of_Month,Day_of_Week,Crash_Hour,Crash_Minute,Area_Rural_Urban,Road_Functional_Class,On_NHS_Road,Latitude,Longitude,Intersection_Type,Light_Condition,Weather_Condition,Notif_Hour,Notif_Minute,Arrival_Hour,Arrival_Minute,Hospital_Hour,Hospital_Minute,Fatalities_Count,Clean_Light_Condition,Clean_Weather_Condition,Total_Killed,Total_Alive,Fatal_Seats_List,Killed_Restraint_List,Any_Driver_Drinking,Total_Drinking_Drivers,Driver_License_Category,Driver_Max_Prev_Accident_Count,Driver_Max_Prev_Speeding_Count,Max_Driver_Age,Min_Driver_Age,Driver_Sex_List,Total_Exceeding_Limit_Vehicles,Total_Too_Fast_Vehicles,Max_Vehicle_Type_Severity_5,Max_Vehicle_Damage_Rank,Max_Harmful_Event_Severity,Crash_Road_Surface_Condition,Crash_Horizontal_Alignment,Crash_Vertical_Profile,Crash_Impairment_Category,Crash_Vehicle_Defect
7130,9,Connecticut,90056,0,2,2,0,5,STAMFORD,May,13,Saturday,3,5,Urban,High Speed (Arterial),Yes,41.0481,-73.54017778,Non-Intersection,Dark - Lighted,Clear,3:00am-3:59am,6,3:00am-3:59am,11,Not Applicable (Not Transported),Not Applicable (Not Transported),4,Dark - Lighted,Clear,4,1,"['Driver', 'Rear_Seat', 'Front_Passenger', 'Rear_Seat']","['Shoulder_Lapbelt', 'None_Used', 'Shoulder_Lapbelt', 'None_Used']",0,0,Valid,0.0,0.0,49.0,45.0,"['Male', 'Male']",0,0,4,4,5,Dry,Straight,Level,Lowest,No
7131,9,Connecticut,90057,0,1,1,0,1,SHELTON,May,14,Sunday,5,32,Urban,High Speed (Arterial),Yes,41.26239722,-73.13209444,Non-Intersection,Dark - Not Lighted,Clear,5:00am-5:59am,32,5:00am-5:59am,44,Not Applicable (Not Transported),Not Applicable (Not Transported),1,Dark - Unlighted,Clear,1,0,['Driver'],['Shoulder_Lapbelt'],1,1,Invalid,0.0,0.0,22.0,22.0,['Male'],0,0,2,4,3,Dry,Straight,Level,Lowest,No
7132,9,Connecticut,90058,0,1,1,0,1,BERLIN,May,12,Friday,17,55,Urban,High Speed (Arterial),Yes,41.64105278,-72.73355556,Complex/Circle,Daylight,Clear,5:00pm-5:59pm,55,Unknown EMS Scene Arrival Hour,Unknown EMS Scene Arrival Minutes,Unknown,Unknown EMS Hospital Arrival Time,1,Daylight,Clear,1,0,['Driver'],['None_Used'],0,0,Valid,0.0,0.0,23.0,23.0,['Male'],0,0,5,4,3,Dry,Straight,Level,Lowest,No
7133,9,Connecticut,90059,0,1,1,0,2,BURLINGTON,May,21,Sunday,99,99,Rural,Low Speed (Local),No,41.75729444,-73.00514167,Non-Intersection,Dark - Not Lighted,Clear,Not Applicable (Not Notified),Not Applicable (Not Notified),Not Applicable,Not Applicable,Not Applicable (Not Transported),Not Applicable (Not Transported),1,Dark - Unlighted,Clear,1,1,['Front_Passenger'],['None_Used'],0,0,Valid,0.0,0.0,18.0,18.0,['Male'],0,0,3,0,1,Dry,Straight,Level,Lowest,No
7134,9,Connecticut,90060,0,2,2,0,4,WOLCOTT,May,7,Sunday,16,9,Urban,Medium Speed (Collector),No,41.57418889,-72.94455833,Non-Intersection,Daylight,Clear,4:00pm-4:59pm,11,4:00pm-4:59pm,12,Unknown,Unknown EMS Hospital Arrival Time,1,Daylight,Clear,1,3,['Driver'],['None_Used'],0,0,Valid,0.0,0.0,57.0,39.0,"['Male', 'Male']",0,0,5,4,5,Dry,Curve,Level,Lowest,No
7135,9,Connecticut,90061,0,2,2,0,2,BROOKLYN,May,29,Monday,20,8,Urban,High Speed (Arterial),Yes,41.80003056,-71.89865,Complex/Circle,Dusk,Clear,8:00pm-8:59pm,10,8:00pm-8:59pm,12,Unknown,Unknown EMS Hospital Arrival Time,1,Twilight,Clear,1,1,['Driver'],['None_Used'],1,1,Valid,0.0,0.0,81.0,62.0,"['Male', 'Male']",0,0,3,4,5,Dry,Straight,Level,Lowest,No
7136,9,Connecticut,90062,0,3,1,2,2,WATERBURY,March,5,Sunday,23,9,Urban,Medium Speed (Collector),No,41.56218056,-73.02100556,Complex/Circle,Dark - Lighted,Clear,11:00pm-11:59pm,10,11:00pm-11:59pm,21,11:00pm-11:59pm,39,2,Dark - Lighted,Clear,2,0,"['Driver', 'Front_Passenger']","['None_Used', 'None_Used']",0,0,Valid,0.0,0.0,24.0,24.0,['Male'],2,0,2,4,3,Loose/Unpaved,Curve,Grade/Hillcrest,Lowest,Yes
7137,9,Connecticut,90063,0,1,1,0,2,GREENWICH,May,26,Friday,17,33,Urban,High Speed (Arterial),Yes,41.09043611,-73.71821667,Non-Intersection,Daylight,Clear,5:00pm-5:59pm,35,5:00pm-5:59pm,46,6:00pm-6:59pm,25,1,Daylight,Clear,1,1,['Front_Passenger'],['Shoulder_Lapbelt'],0,0,Invalid,0.0,0.0,47.0,47.0,['Male'],2,0,3,4,3,Dry,Straight,Level,Lowest,No
7138,9,Connecticut,90064,0,1,1,0,1,GLASTONBURY,January,21,Saturday,1,17,Urban,High Speed (Arterial),Yes,41.70783611,-72.57985,Non-Intersection,Dark - Not Lighted,Clear,1:00am-1:59am,17,1:00am-1:59am,24,Not Applicable (Not Transported),Not Applicable (Not Transported),1,Dark - Unlighted,Clear,1,0,['Driver'],['None_Used'],1,1,Valid,0.0,0.0,33.0,33.0,['Female'],1,0,3,4,3,Dry,Curve,Grade/Hillcrest,Lowest,No
7139,9,Connecticut,90065,1,1,1,0,1,STONINGTON,March,6,Monday,22,44,Urban,Medium Speed (Collector),No,41.36565,-71.86621111,Non-Intersection,Dark - Not Lighted,Clear,10:00pm-10:59pm,44,Unknown EMS Scene Arrival Hour,Unknown EMS Scene Arrival Minutes,Unknown,Unknown EMS Hospital Arrival Time,1,Dark - Unlighted,Clear,0,1,[],[],0,0,Valid,0.0,0.0,41.0,41.0,['Male'],0,0,3,3,4,Dry,Straight,Level,Lowest,No
7140,9,Connecticut,90066,0,2,2,0,4,CROMWELL,February,11,Saturday,12,44,Urban,High Speed (Arterial),Yes,41.61893056,-72.6827,Non-Intersection,Daylight,Clear,12:00pm-12:59pm,44,12:00pm-12:59pm,48,1:00pm-1:59pm,22,1,Daylight,Clear,1,3,['Driver'],['Shoulder_Lapbelt'],0,0,Valid,0.0,0.0,81.0,39.0,"['Male', 'Female']",0,0,3,4,5,Dry,Straight,Level,Lowest,No
7141,9,Connecticut,90067,0,1,1,0,1,HARTFORD,February,24,Friday,2,17,Urban,High Speed (Arterial),Yes,41.72864722,-72.66507222,Non-Intersection,Dark - Lighted,Cloudy,2:00am-2:59am,17,2:00am-2:59am,33,Not Applicable (Not Transported),Not Applicable (Not Transported),1,Dark - Lighted,Reduced Visibility,1,0,['Driver'],['Shoulder_Lapbelt'],1,1,Valid,0.0,0.0,25.0,25.0,['Male'],0,0,2,4,3,Wet/Standing Water,Curve,Grade/Hillcrest,Lowest,No
7142,9,Connecticut,90068,1,1,1,0,1,HARTFORD,March,31,Friday,18,27,Urban,High Speed (Arterial),Yes,41.79688611,-72.66303333,Non-Intersection,Dusk,Other,6:00pm-6:59pm,27,6:00pm-6:59pm,27,Unknown,Unknown EMS Hospital Arrival Time,1,Twilight,Reduced Visibility,0,1,[],[],0,0,Valid,0.0,0.0,41.0,41.0,['Male'],1,0,3,0,4,Wet/Standing Water,Straight,Level,Lowest,No
7143,9,Connecticut,90069,0,1,1,0,1,WEST HARTFORD,May,7,Sunday,6,31,Urban,High Speed (Arterial),Yes,41.73504722,-72.74575,Non-Intersection,Daylight,Clear,Unknown,Unknown,Unknown EMS Scene Arrival Hour,Unknown EMS Scene Arrival Minutes,Not Applicable (Not Transported),Not Applicable (Not Transported),1,Daylight,Clear,1,0,['Driver'],['None_Used'],1,1,Invalid,0.0,0.0,22.0,22.0,['Male'],1,0,3,4,3,Dry,Straight,Level,Lowest,No
7144,9,Connecticut,90070,0,2,2,0,3,SOUTHINGTON,April,19,Wednesday,16,25,Urban,High Speed (Arterial),Yes,41.58336667,-72.89866667,Non-Intersection,Daylight,Clear,Unknown,Unknown,Unknown EMS Scene Arrival Hour,Unknown EMS Scene Arrival Minutes,Not Applicable (Not Transported),Not Applicable (Not Transported),1,Daylight,Clear,1,2,['Driver'],['Shoulder_Lapbelt'],0,0,Valid,0.0,0.0,47.0,24.0,"['Male', 'Male']",0,0,3,4,5,Dry,Curve,Grade/Hillcrest,Lowest,No
7145,9,Connecticut,90071,0,2,2,0,2,MIDDLEBURY,May,28,Sunday,3,9,Urban,High Speed (Arterial),Yes,41.51959167,-73.09915278,Non-Intersection,Dark - Not Lighted,Clear,3:00am-3:59am,12,3:00am-3:59am,20,4:00am-4:59am,5,2,Dark - Unlighted,Clear,2,0,"['Driver', 'Driver']","['Shoulder_Lapbelt', 'Shoulder_Lapbelt']",1,1,Invalid,0.0,0.0,45.0,22.0,"['Female', 'Male']",0,0,2,4,5,Dry,Curve,Level,Lowest,No
7146,9,Connecticut,90072,0,2,2,0,2,LEBANON,May,4,Thursday,12,50,Rural,Medium Speed (Collector),No,41.66534722,-72.225875,Non-Intersection,Daylight,Clear,12:00pm-12:59pm,51,12:00pm-12:59pm,59,1:00pm-1:59pm,25,1,Daylight,Clear,1,1,['Driver'],['Shoulder_Lapbelt'],0,0,Valid,0.0,0.0,71.0,36.0,"['Female', 'Male']",0,0,2,4,5,Dry,Straight,Grade/Hillcrest,Lowest,No
7147,9,Connecticut,90073,1,1,1,0,1,WEST TORRINGTON,June,2,Friday,9,5,Urban,Medium Speed (Collector),No,41.85625,-73.09333056,Non-Intersection,Daylight,Clear,9:00am-9:59am,6,9:00am-9:59am,11,10:00am-10:59am,22,1,Daylight,Clear,0,1,[],[],0,0,Valid,0.0,0.0,70.0,70.0,['Female'],0,0,2,2,4,Dry,Straight,Level,Lowest,No
7148,9,Connecticut,90074,0,2,2,0,2,WEST TORRINGTON,June,10,Saturday,22,11,Urban,Medium Speed (Collector),No,41.86121667,-73.08943889,Non-Intersection,Dark - Not Lighted,Clear,10:00pm-10:59pm,13,10:00pm-10:59pm,17,11:00pm-11:59pm,15,1,Dark - Unlighted,Clear,1,1,['Driver'],['None_Used'],1,1,Valid,0.0,0.0,27.0,22.0,"['Male', 'Male']",0,0,5,4,5,Dry,Straight,Level,Lowest,No
7149,9,Connecticut,90075,0,3,3,0,4,STONINGTON,April,4,Tuesday,9,5,Urban,High Speed (Arterial),Yes,41.37929167,-71.90462222,Non-Intersection,Daylight,Clear,9:00am-9:59am,11,9:00am-9:59am,18,10:00am-10:59am,15,1,Daylight,Clear,1,3,['Driver'],['Shoulder_Lapbelt'],0,0,Valid,0.0,0.0,54.0,33.0,"['Female', 'Male', 'Male']",1,0,3,4,5,Dry,Straight,Level,Lowest,No
7150,9,Connecticut,90076,0,2,2,0,3,GROTON,April,21,Friday,11,17,Urban,High Speed (Arterial),Yes,41.36458611,-72.08435556,Non-Intersection,Daylight,Clear,11:00am-11:59am,17,11:00am-11:59am,29,12:00pm-12:59pm,0,1,Daylight,Clear,1,2,['Driver'],['Shoulder_Lapbelt'],0,0,Valid,0.0,0.0,58.0,42.0,"['Male', 'Male']",0,0,4,4,5,Dry,Straight,Grade/Hillcrest,Lowest,Yes
7151,9,Connecticut,90077,0,3,3,0,5,NEW HAVEN,June,16,Friday,23,47,Urban,High Speed (Arterial),Yes,41.29729444,-72.94875278,Complex/Circle,Dark - Lighted,Clear,11:00pm-11:59pm,47,Unknown EMS Scene Arrival Hour,Unknown EMS Scene Arrival Minutes,Not Applicable (Not Transported),Not Applicable (Not Transported),1,Dark - Lighted,Clear,1,4,['Driver'],['Shoulder_Lapbelt'],1,1,Invalid,0.0,0.0,61.0,27.0,"['Male', 'Male', 'Female']",1,0,4,4,5,Dry,Straight,Level,Lowest,No
7152,9,Connecticut,90078,0,1,1,0,1,NORWICH,June,4,Sunday,1,53,Urban,Medium Speed (Collector),No,41.51973056,-72.05816667,Non-Intersection,Dark - Lighted,Clear,1:00am-1:59am,53,Unknown EMS Scene Arrival Hour,Unknown EMS Scene Arrival Minutes,Unknown,Unknown EMS Hospital Arrival Time,1,Dark - Lighted,Clear,1,0,['Driver'],['None_Used'],1,1,Valid,0.0,0.0,23.0,23.0,['Male'],1,0,2,4,3,Dry,Curve,Grade/Hillcrest,Lowest,No
7153,9,Connecticut,90079,0,1,1,0,1,NEW MILFORD,March,24,Friday,21,55,Urban,High Speed (Arterial),Yes,41.50402778,-73.41858611,Non-Intersection,Dark - Not Lighted,Clear,9:00pm-9:59pm,57,10:00pm-10:59pm,8,10:00pm-10:59pm,26,1,Dark - Unlighted,Clear,1,0,['Driver'],['None_Used'],1,1,Valid,0.0,0.0,40.0,40.0,['Male'],1,0,3,4,3,Dry,Straight,Level,Lowest,No
7154,9,Connecticut,90080,0,1,1,0,1,GLASTONBURY,May,21,Sunday,0,55,Urban,Low Speed (Local),No,41.6646,-72.58326667,Simple Junction,Dark - Lighted,Rain,0:00am-0:59am,59,1:00am-1:59am,12,Not Applicable (Not Transported),Not Applicable (Not Transported),1,Dark - Lighted,Rain/Wind/Minor,1,0,['Driver'],['Shoulder_Lapbelt'],1,1,Valid,0.0,0.0,39.0,39.0,['Male'],1,0,3,4,3,Wet/Standing Water,Curve,Grade/Hillcrest,Lowest,No
7155,9,Connecticut,90081,0,1,1,0,1,STAMFORD,June,1,Thursday,0,24,Urban,High Speed (Arterial),Yes,41.05276389,-73.52963333,Non-Intersection,Dark - Lighted,Clear,0:00am-0:59am,25,0:00am-0:59am,31,0:00am-0:59am,47,1,Dark - Lighted,Clear,1,0,['Driver'],['None_Used'],1,1,Invalid,0.0,1.0,26.0,26.0,['Male'],0,0,3,4,3,Dry,Straight,Level,Lowest,No
7156,9,Connecticut,90082,0,1,1,0,1,SALISBURY,June,17,Saturday,6,56,Rural,High Speed (Arterial),Yes,41.91936944,-73.36538611,Non-Intersection,Daylight,Clear,6:00am-6:59am,55,7:00am-7:59am,13,7:00am-7:59am,38,1,Daylight,Clear,1,0,['Driver'],['None_Used'],0,0,Valid,0.0,0.0,18.0,18.0,['Male'],0,0,3,4,3,Dry,Straight,Level,Lowest,No
7157,9,Connecticut,90083,0,1,1,0,5,BROOKLYN,June,25,Sunday,4,39,Urban,Medium Speed (Collector),No,41.75845833,-71.92615556,Complex/Circle,Dark - Not Lighted,Clear,4:00am-4:59am,39,4:00am-4:59am,47,5:00am-5:59am,48,2,Dark - Unlighted,Clear,2,3,"['Rear_Seat', 'Rear_Seat']","['Shoulder_Lapbelt', 'Shoulder_Lapbelt']",1,1,Valid,0.0,0.0,17.0,17.0,['Male'],5,0,2,4,3,Dry,Straight,Level,Lowest,No
7158,9,Connecticut,90084,0,1,1,0,1,CHAPLIN,June,22,Thursday,19,43,Rural,Medium Speed (Collector),No,41.75221111,-72.12546667,Non-Intersection,Dusk,Clear,7:00pm-7:59pm,43,7:00pm-7:59pm,55,8:00pm-8:59pm,56,1,Twilight,Clear,1,0,['Driver'],['None_Used'],1,1,Invalid,0.0,0.0,33.0,33.0,['Male'],0,0,2,4,3,Dry,Curve,Level,Lowest,Yes
7159,9,Connecticut,90085,0,2,2,0,3,STRATFORD,April,13,Thursday,16,52,Urban,Medium Speed (Collector),No,41.18952222,-73.13058333,Simple Junction,Daylight,Clear,Unknown,Unknown,Unknown EMS Scene Arrival Hour,Unknown EMS Scene Arrival Minutes,Unknown,Unknown EMS Hospital Arrival Time,1,Daylight,Clear,1,2,['Driver'],['None_Used'],0,0,Valid,0.0,0.0,30.0,18.0,"['Male', 'Male']",0,0,5,4,5,Dry,Straight,Level,Lowest,No
7160,9,Connecticut,90086,0,4,4,0,4,SEYMOUR,June,16,Friday,20,31,Urban,Medium Speed (Collector),No,41.47257222,-73.03990278,Non-Intersection,Dark - Lighted,Clear,8:00pm-8:59pm,31,8:00pm-8:59pm,34,8:00pm-8:59pm,52,1,Dark - Lighted,Clear,1,3,['Driver'],['None_Used'],0,0,Valid,0.0,0.0,76.0,20.0,"['Female', 'Male', 'Male', 'Male']",0,0,5,4,5,Dry,Straight,Grade/Hillcrest,Lowest,No
7161,9,Connecticut,90087,0,2,2,0,6,ORANGE,June,25,Sunday,16,50,Urban,High Speed (Arterial),Yes,41.29927222,-73.01708056,Complex/Circle,Daylight,Clear,4:00pm-4:59pm,54,5:00pm-5:59pm,2,5:00pm-5:59pm,17,1,Daylight,Clear,1,5,['Rear_Seat'],['None_Used'],1,1,Valid,0.0,0.0,42.0,19.0,"['Male', 'Male']",4,0,3,4,5,Dry,Straight,Grade/Hillcrest,Lowest,No
7162,9,Connecticut,90088,0,3,2,1,2,NEW HARTFORD,June,22,Thursday,11,23,Urban,High Speed (Arterial),Yes,41.87751667,-72.97077222,Non-Intersection,Daylight,Clear,11:00am-11:59am,23,11:00am-11:59am,31,12:00pm-12:59pm,52,1,Daylight,Clear,1,1,['Driver'],['Shoulder_Lapbelt'],0,0,Valid,0.0,0.0,48.0,41.0,"['Female', 'Male']",0,0,4,4,5,Dry,Curve,Level,Lowest,No
7163,9,Connecticut,90089,0,3,3,0,4,NEW BRITAIN,June,11,Sunday,20,21,Urban,High Speed (Arterial),Yes,41.68793611,-72.81489444,Non-Intersection,Dark - Lighted,Clear,8:00pm-8:59pm,21,8:00pm-8:59pm,45,8:00pm-8:59pm,55,1,Dark - Lighted,Clear,1,3,['Driver'],['None_Used'],0,0,Valid,0.0,0.0,49.0,17.0,"['Male', 'Female', 'Male']",0,0,3,4,5,Dry,Straight,Level,Lowest,No
7164,9,Connecticut,90090,0,1,1,0,1,PLAINFIELD,June,29,Thursday,20,38,Urban,Medium Speed (Collector),No,41.685725,-71.93313056,Non-Intersection,Dusk,Clear,8:00pm-8:59pm,38,Unknown EMS Scene Arrival Hour,Unknown EMS Scene Arrival Minutes,Unknown,Unknown EMS Hospital Arrival Time,1,Twilight,Clear,1,0,['Driver'],['None_Used'],1,1,Valid,0.0,0.0,38.0,38.0,['Male'],1,0,5,4,3,Dry,Curve,Level,Lowest,No
7165,9,Connecticut,90091,1,1,1,0,4,FAIRFIELD,June,23,Friday,14,54,Urban,Medium Speed (Collector),No,41.16826667,-73.29537222,Non-Intersection,Daylight,Cloudy,Unknown,Unknown,Unknown EMS Scene Arrival Hour,Unknown EMS Scene Arrival Minutes,Unknown,Unknown EMS Hospital Arrival Time,1,Daylight,Reduced Visibility,0,4,[],[],0,0,Valid,0.0,0.0,51.0,51.0,['Female'],4,0,3,3,4,Dry,Straight,Level,Lowest,No
7166,9,Connecticut,90092,0,1,1,0,1,ANDOVER,June,13,Tuesday,14,18,Rural,High Speed (Arterial),Yes,41.74577222,-72.38633056,Non-Intersection,Daylight,Clear,2:00pm-2:59pm,15,2:00pm-2:59pm,25,3:00pm-3:59pm,3,1,Daylight,Clear,1,0,['Driver'],['Shoulder_Lapbelt'],0,0,Valid,0.0,0.0,53.0,53.0,['Male'],0,0,3,4,3,Dry,Curve,Grade/Hillcrest,Lowest,No
7167,9,Connecticut,90093,1,1,1,0,1,WATERBURY,March,8,Wednesday,18,20,Urban,Medium Speed (Collector),No,41.5538,-72.96900833,Non-Intersection,Dark - Not Lighted,Clear,6:00pm-6:59pm,20,6:00pm-6:59pm,25,6:00pm-6:59pm,40,1,Dark - Unlighted,Clear,0,1,[],[],0,0,Valid,0.0,0.0,43.0,43.0,['Male'],0,0,2,3,4,Dry,Straight,Level,Lowest,No
7168,9,Connecticut,90094,0,2,2,0,2,NEW HAVEN,June,7,Wednesday,20,30,Urban,Medium Speed (Collector),No,41.31006111,-72.90436667,Simple Junction,Daylight,Clear,8:00pm-8:59pm,30,Unknown EMS Scene Arrival Hour,Unknown EMS Scene Arrival Minutes,Unknown,Unknown EMS Hospital Arrival Time,1,Daylight,Clear,1,1,['Driver'],['None_Used'],1,1,Invalid,0.0,0.0,999.0,41.0,"['Other', 'Male']",0,0,5,4,5,Dry,Straight,Level,Lowest,No
7169,9,Connecticut,90095,0,1,1,0,1,SALISBURY,July,15,Saturday,18,33,Rural,Medium Speed (Collector),No,42.02399444,-73.35401944,Non-Intersection,Daylight,Clear,6:00pm-6:59pm,33,6:00pm-6:59pm,46,Not Applicable (Not Transported),Not Applicable (Not Transported),1,Daylight,Clear,1,0,['Driver'],['None_Used'],1,1,Valid,0.0,0.0,19.0,19.0,['Female'],0,0,2,4,3,Dry,Straight,Level,Lowest,No
7170,9,Connecticut,90096,0,1,1,0,1,WESTBROOK,July,4,Tuesday,12,21,Urban,Medium Speed (Collector),No,41.29000278,-72.47315556,Non-Intersection,Daylight,Rain,12:00pm-12:59pm,20,12:00pm-12:59pm,23,Not Applicable (Not Transported),Not Applicable (Not Transported),1,Daylight,Rain/Wind/Minor,1,0,['Driver'],['Shoulder_Lapbelt'],0,0,Valid,0.0,0.0,19.0,19.0,['Male'],1,0,2,4,3,Wet/Standing Water,Straight,Grade/Hillcrest,Lowest,No
7171,9,Connecticut,90097,0,2,2,0,3,ROCKY HILL,July,6,Thursday,14,33,Urban,Medium Speed (Collector),No,41.64475,-72.67761944,Complex/Circle,Daylight,Clear,Unknown,Unknown,Unknown EMS Scene Arrival Hour,Unknown EMS Scene Arrival Minutes,Unknown,Unknown EMS Hospital Arrival Time,1,Daylight,Clear,1,2,['Driver'],['None_Used'],0,0,Valid,0.0,0.0,34.0,24.0,"['Female', 'Male']",0,0,5,4,5,Dry,Straight,Non-Trafficway,Lowest,No
7172,9,Connecticut,90098,0,1,1,0,2,SALISBURY,July,6,Thursday,18,21,Rural,High Speed (Arterial),Yes,42.00693889,-73.36177778,Non-Intersection,Daylight,Rain,6:00pm-6:59pm,21,6:00pm-6:59pm,36,6:00pm-6:59pm,58,1,Daylight,Rain/Wind/Minor,1,1,['Front_Passenger'],['Shoulder_Lapbelt'],0,0,Valid,0.0,0.0,19.0,19.0,['Male'],2,0,3,4,3,Wet/Standing Water,Curve,Level,Lowest,No
7173,9,Connecticut,90099,0,2,2,0,2,GUILFORD,July,17,Monday,16,48,Urban,Medium Speed (Collector),No,41.31546389,-72.69598333,Simple Junction,Daylight,Clear,4:00pm-4:59pm,46,4:00pm-4:59pm,49,5:00pm-5:59pm,11,1,Daylight,Clear,1,1,['Driver'],['None_Used'],0,0,Valid,0.0,0.0,70.0,21.0,"['Female', 'Male']",0,0,5,4,5,Dry,Straight,Grade/Hillcrest,Lowest,No
7174,9,Connecticut,90100,0,1,1,0,1,HARWINTON,July,4,Tuesday,20,20,Rural,High Speed (Arterial),Yes,41.75497778,-73.1146,Non-Intersection,Daylight,Clear,Unknown,Unknown,Unknown EMS Scene Arrival Hour,Unknown EMS Scene Arrival Minutes,Not Applicable (Not Transported),Not Applicable (Not Transported),1,Daylight,Clear,1,0,['Driver'],['Shoulder_Lapbelt'],1,1,Valid,0.0,0.0,26.0,26.0,['Male'],1,0,3,4,3,Dry,Curve,Level,Lowest,No
7175,9,Connecticut,90101,0,1,1,0,1,PUTNAM,July,21,Friday,3,49,Urban,High Speed (Arterial),Yes,41.89891111,-71.89886389,Non-Intersection,Dark - Not Lighted,"Fog, Smog, Smoke",3:00am-3:59am,49,3:00am-3:59am,53,Not Applicable (Not Transported),Not Applicable (Not Transported),1,Dark - Unlighted,Reduced Visibility,1,0,['Driver'],['Shoulder_Lapbelt'],0,0,Valid,0.0,0.0,56.0,56.0,['Male'],0,0,4,4,3,Dry,Curve,Level,Lowest,No
7176,9,Connecticut,90102,0,2,2,0,3,WALLINGFORD,July,23,Sunday,2,6,Urban,High Speed (Arterial),Yes,41.45964722,-72.77830556,Non-Intersection,Dark - Not Lighted,Clear,2:00am-2:59am,6,2:00am-2:59am,25,Unknown,Unknown EMS Hospital Arrival Time,1,Dark - Unlighted,Clear,1,2,['Driver'],['None_Used'],1,1,Valid,0.0,0.0,37.0,28.0,"['Male', 'Male']",0,0,5,4,5,Dry,Straight,Level,Lowest,No
7177,9,Connecticut,90103,0,1,1,0,1,CHESTER,July,23,Sunday,20,41,Urban,High Speed (Arterial),Yes,41.40022778,-72.47291667,Non-Intersection,Dark - Not Lighted,Clear,8:00pm-8:59pm,39,9:00pm-9:59pm,8,9:00pm-9:59pm,51,1,Dark - Unlighted,Clear,1,0,['Driver'],['None_Used'],1,1,Valid,0.0,0.0,39.0,39.0,['Male'],0,0,5,4,3,Dry,Straight,Grade/Hillcrest,Lowest,No
7178,9,Connecticut,90104,0,1,1,0,1,BARKHAMSTED,July,11,Tuesday,19,44,Rural,Medium Speed (Collector),No,41.96681944,-73.00160278,Non-Intersection,Daylight,Clear,Unknown,Unknown,Unknown EMS Scene Arrival Hour,Unknown EMS Scene Arrival Minutes,Unknown,Unknown EMS Hospital Arrival Time,1,Daylight,Clear,1,0,['Driver'],['None_Used'],0,0,Valid,0.0,0.0,37.0,37.0,['Male'],0,0,5,2,2,Dry,Straight,Level,Lowest,Yes
7179,9,Connecticut,90105,0,1,1,0,1,CANTERBURY,July,19,Wednesday,21,26,Urban,Medium Speed (Collector),No,41.64598056,-71.96302778,Non-Intersection,Dark - Not Lighted,Clear,9:00pm-9:59pm,26,9:00pm-9:59pm,42,Not Applicable (Not Transported),Not Applicable (Not Transported),1,Dark - Unlighted,Clear,1,0,['Driver'],['None_Used'],0,0,Invalid,0.0,0.0,24.0,24.0,['Male'],0,0,5,4,2,Dry,Curve,Grade/Hillcrest,Lowest,No
7180,9,Connecticut,90106,0,1,1,0,1,COLCHESTER,July,19,Wednesday,18,19,Rural,Medium Speed (Collector),No,41.59568056,-72.35156944,Non-Intersection,Daylight,Clear,6:00pm-6:59pm,19,6:00pm-6:59pm,25,7:00pm-7:59pm,23,1,Daylight,Clear,1,0,['Driver'],['Shoulder_Lapbelt'],0,0,Invalid,0.0,0.0,56.0,56.0,['Male'],1,0,3,4,3,Dry,Curve,Grade/Hillcrest,Medium,No
7181,9,Connecticut,90107,0,1,1,0,1,SHELTON,July,19,Wednesday,0,23,Urban,High Speed (Arterial),Yes,41.29618056,-73.10525556,Non-Intersection,Dark - Not Lighted,Clear,0:00am-0:59am,23,0:00am-0:59am,24,Not Applicable (Not Transported),Not Applicable (Not Transported),1,Dark - Unlighted,Clear,1,0,['Driver'],['None_Used'],1,1,Valid,0.0,0.0,22.0,22.0,['Male'],0,0,2,4,3,Dry,Straight,Level,Lowest,No
7182,9,Connecticut,90108,1,1,1,0,1,EAST HAVEN,July,16,Sunday,22,14,Urban,High Speed (Arterial),Yes,41.32179722,-72.85945833,Non-Intersection,Dark - Unknown Lighting,Rain,10:00pm-10:59pm,14,Unknown EMS Scene Arrival Hour,Unknown EMS Scene Arrival Minutes,Unknown,Unknown EMS Hospital Arrival Time,1,Dark - Unlighted,Rain/Wind/Minor,0,1,[],[],0,0,Valid,0.0,0.0,34.0,34.0,['Male'],0,0,3,3,4,Wet/Standing Water,Straight,Grade/Hillcrest,Lowest,No
7183,9,Connecticut,90109,0,2,2,0,2,RIDGEFIELD,July,20,Thursday,22,53,Urban,High Speed (Arterial),Yes,41.29176389,-73.45078333,Non-Intersection,Dark - Lighted,Clear,10:00pm-10:59pm,53,Unknown EMS Scene Arrival Hour,Unknown EMS Scene Arrival Minutes,Not Applicable (Not Transported),Not Applicable (Not Transported),1,Dark - Lighted,Clear,1,1,['Driver'],['None_Used'],1,1,Valid,0.0,0.0,48.0,36.0,"['Female', 'Male']",1,0,5,4,5,Dry,Straight,Level,Lowest,No
7184,9,Connecticut,90110,0,2,2,0,2,PRESTON,July,24,Monday,14,29,Urban,Medium Speed (Collector),No,41.48605833,-72.05973889,Non-Intersection,Daylight,Clear,2:00pm-2:59pm,29,2:00pm-2:59pm,33,Unknown,Unknown EMS Hospital Arrival Time,1,Daylight,Clear,1,1,['Driver'],['Shoulder_Lapbelt'],1,1,Valid,0.0,0.0,72.0,45.0,"['Female', 'Female']",0,0,2,4,5,Dry,Straight,Grade/Hillcrest,Lowest,No
7185,9,Connecticut,90111,0,2,2,0,2,FORT GRISWOLD (HISTORICAL),June,26,Monday,9,22,Urban,Medium Speed (Collector),No,41.59201944,-71.95791667,Non-Intersection,Daylight,Clear,9:00am-9:59am,23,9:00am-9:59am,26,10:00am-10:59am,0,1,Daylight,Clear,1,1,['Driver'],['Shoulder_Lapbelt'],0,0,Valid,1.0,1.0,73.0,29.0,"['Male', 'Male']",0,0,3,4,5,Dry,Curve,Level,Lowest,No