,State_Code,State_Name,Crash_ID,Count_Non_Motorists,Count_Vehicles_Total,Count_Vehicle_Forms,Count_PVH_Involved,Count_Occupants_MV,City_Name,Month_Name,Day_of_Month,Day_of_Week,Crash_Hour,Crash_Minute,Area_Rural_Urban,Road_Functional_Class,On_NHS_Road,Latitude,Longitude,Intersection_Type,Light_Condition,Weather_Condition,Notif_Hour,Notif_Minute,Arrival_Hour,Arrival_Minute,Hospital_Hour,Hospital_Minute,Fatalities_Count,Clean_Light_Condition,Clean_Weather_Condition,Total_Killed,Total_Alive,Fatal_Seats_List,Killed_Restraint_List,Any_Driver_Drinking,Total_Drinking_Drivers,Driver_License_Category,Driver_Max_Prev_Accident_Count,Driver_Max_Prev_Speeding_Count,Max_Driver_Age,Min_Driver_Age,Driver_Sex_List,Total_Exceeding_Limit_Vehicles,Total_Too_Fast_Vehicles,Max_Vehicle_Type_Severity_5,Max_Vehicle_Damage_Rank,Max_Harmful_Event_Severity,Crash_Road_Surface_Condition,Crash_Horizontal_Alignment,Crash_Vertical_Profile,Crash_Impairment_Category,Crash_Vehicle_Defect
7186,9,Connecticut,90112,1,1,1,0,1,STAMFORD,July,26,Wednesday,16,12,Urban,Medium Speed (Collector),No,41.11295278,-73.55407778,Non-Intersection,Daylight,Clear,4:00pm-4:59pm,15,4:00pm-4:59pm,15,4:00pm-4:59pm,31,1,Daylight,Clear,0,1,[],[],0,0,Valid,0.0,0.0,24.0,24.0,['Male'],1,0,3,2,4,Dry,Curve,Level,Lowest,No
7187,9,Connecticut,90113,0,1,1,0,2,GLASTONBURY,July,16,Sunday,1,52,Urban,Medium Speed (Collector),No,41.70976667,-72.52771667,Non-Intersection,Dark - Not Lighted,Rain,1:00am-1:59am,54,2:00am-2:59am,2,Not Applicable (Not Transported),Not Applicable (Not Transported),2,Dark - Unlighted,Rain/Wind/Minor,2,0,"['Driver', 'Front_Passenger']","['Shoulder_Lapbelt', 'None_Used']",1,1,Invalid,0.0,0.0,20.0,20.0,['Male'],2,0,3,4,3,Wet/Standing Water,Curve,Grade/Hillcrest,Lowest,No
7188,9,Connecticut,90114,0,2,2,0,3,WOODBURY,July,29,Saturday,10,2,Urban,Medium Speed (Collector),No,41.51079167,-73.20490278,Non-Intersection,Daylight,Clear,10:00am-10:59am,2,Unknown EMS Scene Arrival Hour,Unknown EMS Scene Arrival Minutes,Unknown,Unknown EMS Hospital Arrival Time,1,Daylight,Clear,1,2,['Driver'],['None_Used'],1,1,Valid,0.0,0.0,56.0,24.0,"['Male', 'Male']",0,0,3,4,5,Dry,Straight,Level,Lowest,No
7189,9,Connecticut,90115,0,2,2,0,4,WATERBURY,April,29,Saturday,2,0,Urban,Medium Speed (Collector),No,41.55489722,-72.9917,Non-Intersection,Dark - Lighted,Rain,2:00am-2:59am,3,2:00am-2:59am,5,Unknown,Unknown EMS Hospital Arrival Time,1,Dark - Lighted,Rain/Wind/Minor,1,3,['Driver'],['None_Used'],1,1,Valid,0.0,1.0,31.0,26.0,"['Male', 'Female']",2,0,3,4,5,Wet/Standing Water,Curve,Level,Lowest,No
7190,9,Connecticut,90116,0,1,1,0,1,NORTH CANAAN,July,1,Saturday,2,30,Rural,Medium Speed (Collector),No,42.04194167,-73.25581389,Non-Intersection,Dark - Not Lighted,Clear,2:00am-2:59am,31,2:00am-2:59am,39,Not Applicable (Not Transported),Not Applicable (Not Transported),1,Dark - Unlighted,Clear,1,0,['Driver'],['Shoulder_Lapbelt'],1,1,Valid,0.0,0.0,44.0,44.0,['Male'],0,0,3,4,3,Dry,Curve,Grade/Hillcrest,Lowest,No
7191,9,Connecticut,90117,0,1,1,0,1,SEYMOUR,August,6,Sunday,19,25,Urban,Medium Speed (Collector),No,41.37303611,-73.12399167,Non-Intersection,Daylight,Clear,7:00pm-7:59pm,25,Unknown EMS Scene Arrival Hour,Unknown EMS Scene Arrival Minutes,Unknown,Unknown EMS Hospital Arrival Time,1,Daylight,Clear,1,0,['Driver'],['None_Used'],1,1,Valid,0.0,0.0,28.0,28.0,['Male'],1,0,5,4,3,Dry,Curve,Grade/Hillcrest,Lowest,No
7192,9,Connecticut,90118,0,1,1,0,1,NEW HAVEN,August,11,Friday,13,57,Urban,Medium Speed (Collector),No,41.32520278,-72.96858333,Non-Intersection,Daylight,Clear,1:00pm-1:59pm,57,Unknown EMS Scene Arrival Hour,Unknown EMS Scene Arrival Minutes,Unknown,Unknown EMS Hospital Arrival Time,1,Daylight,Clear,1,0,['Driver'],['None_Used'],0,0,Valid,0.0,0.0,80.0,80.0,['Male'],0,0,2,4,3,Dry,Straight,Level,Lowest,No
7193,9,Connecticut,90119,0,1,1,0,1,WOODBRIDGE,January,20,Friday,18,29,Urban,Medium Speed (Collector),No,41.33850833,-73.02690833,Non-Intersection,Dark - Not Lighted,Clear,6:00pm-6:59pm,29,6:00pm-6:59pm,34,Not Applicable (Not Transported),Not Applicable (Not Transported),1,Dark - Unlighted,Clear,1,0,['Driver'],['None_Used'],1,1,Valid,0.0,0.0,21.0,21.0,['Male'],1,0,2,4,3,Wet/Standing Water,Straight,Level,Lowest,No
7194,9,Connecticut,90120,0,1,1,0,1,NEW HAVEN,March,25,Saturday,16,40,Rural,Low Speed (Local),No,41.26901944,-72.90099444,Simple Junction,Daylight,Rain,4:00pm-4:59pm,40,4:00pm-4:59pm,44,Not Applicable (Not Transported),Not Applicable (Not Transported),1,Daylight,Rain/Wind/Minor,1,0,['Driver'],['Shoulder_Lapbelt'],0,0,Invalid,0.0,0.0,68.0,68.0,['Male'],0,0,3,2,3,Wet/Standing Water,Straight,Level,Lowest,No
7195,9,Connecticut,90121,0,3,3,0,3,MILFORD,March,25,Saturday,12,53,Urban,High Speed (Arterial),Yes,41.20425556,-73.09616389,Simple Junction,Daylight,Rain,12:00pm-12:59pm,53,12:00pm-12:59pm,56,1:00pm-1:59pm,26,1,Daylight,Rain/Wind/Minor,1,2,['Driver'],['None_Used'],0,0,Valid,0.0,0.0,73.0,24.0,"['Male', 'Male', 'Male']",0,0,3,4,5,Wet/Standing Water,Straight,Level,Lowest,No
7196,9,Connecticut,90122,0,2,2,0,6,BLOOMFIELD,May,5,Friday,5,16,Urban,Medium Speed (Collector),No,41.85385,-72.70401111,Non-Intersection,Dark - Lighted,Clear,5:00am-5:59am,16,5:00am-5:59am,23,Unknown,Unknown EMS Hospital Arrival Time,1,Dark - Lighted,Clear,1,5,['Rear_Seat'],['None_Used'],1,1,Invalid,0.0,0.0,33.0,27.0,"['Male', 'Male']",6,0,2,4,5,Dry,Straight,Level,Lowest,No
7197,9,Connecticut,90124,0,2,2,0,4,VERNON,April,2,Sunday,18,59,Urban,Medium Speed (Collector),No,41.83826667,-72.46613611,Complex/Circle,Daylight,Clear,Unknown,Unknown,Unknown EMS Scene Arrival Hour,Unknown EMS Scene Arrival Minutes,Unknown,Unknown EMS Hospital Arrival Time,1,Daylight,Clear,1,3,['Front_Passenger'],['Shoulder_Lapbelt'],1,1,Valid,0.0,0.0,33.0,26.0,"['Male', 'Male']",0,0,3,4,5,Dry,Straight,Level,Lowest,No
7198,9,Connecticut,90125,0,2,2,0,3,NEW BRITAIN,June,9,Friday,14,17,Urban,Medium Speed (Collector),No,41.70146944,-72.79402222,Non-Intersection,Daylight,Clear,2:00pm-2:59pm,17,2:00pm-2:59pm,24,3:00pm-3:59pm,24,1,Daylight,Clear,1,2,['Driver'],['Shoulder_Lapbelt'],0,0,Valid,0.0,0.0,40.0,34.0,"['Female', 'Female']",0,0,4,4,5,Dry,Straight,Grade/Hillcrest,Lowest,No
7199,9,Connecticut,90126,0,2,2,0,2,BRIDGEPORT,August,6,Sunday,22,29,Urban,Medium Speed (Collector),No,41.17324167,-73.21003056,Complex/Circle,Dark - Lighted,Clear,10:00pm-10:59pm,29,Unknown EMS Scene Arrival Hour,Unknown EMS Scene Arrival Minutes,Unknown,Unknown EMS Hospital Arrival Time,1,Dark - Lighted,Clear,1,1,['Driver'],['None_Used'],0,0,Valid,0.0,0.0,43.0,41.0,"['Male', 'Male']",0,0,5,4,5,Dry,Straight,Level,Lowest,No
7200,9,Connecticut,90127,0,2,2,0,2,GREENWICH,June,30,Friday,1,44,Urban,High Speed (Arterial),Yes,41.03863056,-73.586425,Non-Intersection,Dark - Lighted,Clear,1:00am-1:59am,50,1:00am-1:59am,55,2:00am-2:59am,14,1,Dark - Lighted,Clear,1,1,['Driver'],['None_Used'],1,2,Valid,0.0,0.0,46.0,39.0,"['Male', 'Female']",1,0,2,4,5,Dry,Straight,Level,Lowest,No
7201,9,Connecticut,90128,1,2,2,0,2,STRATFORD,August,10,Thursday,17,37,Urban,Medium Speed (Collector),No,41.17417222,-73.15874167,Simple Junction,Dusk,Cloudy,Unknown,Unknown,Unknown EMS Scene Arrival Hour,Unknown EMS Scene Arrival Minutes,Unknown,Unknown EMS Hospital Arrival Time,1,Twilight,Reduced Visibility,0,2,[],[],1,1,Invalid,0.0,1.0,59.0,32.0,"['Male', 'Male']",1,0,3,4,5,Wet/Standing Water,Curve,Level,Lowest,No
7202,9,Connecticut,90130,0,2,2,0,2,NEW MILFORD,January,27,Friday,15,45,Urban,High Speed (Arterial),Yes,41.51685,-73.42235556,Non-Intersection,Daylight,Clear,Unknown,Unknown,Unknown EMS Scene Arrival Hour,Unknown EMS Scene Arrival Minutes,Unknown,Unknown EMS Hospital Arrival Time,1,Daylight,Clear,1,1,['Driver'],['Shoulder_Lapbelt'],0,0,Valid,0.0,0.0,85.0,41.0,"['Male', 'Male']",0,0,3,4,5,Dry,Straight,Level,Lowest,No
7203,9,Connecticut,90131,1,1,1,0,1,NEW HAVEN,February,1,Wednesday,3,3,Urban,Medium Speed (Collector),No,41.32767778,-72.93717222,Non-Intersection,Dark - Lighted,Clear,3:00am-3:59am,3,Unknown EMS Scene Arrival Hour,Unknown EMS Scene Arrival Minutes,Unknown,Unknown EMS Hospital Arrival Time,1,Dark - Lighted,Clear,0,1,[],[],0,0,Invalid,0.0,0.0,999.0,999.0,['Female'],0,0,1,0,4,Dry,Straight,Level,Lowest,No
7204,9,Connecticut,90132,0,2,2,0,3,ENFIELD,January,30,Monday,14,18,Urban,Medium Speed (Collector),No,41.95181944,-72.56258333,Non-Intersection,Daylight,Clear,2:00pm-2:59pm,20,2:00pm-2:59pm,25,2:00pm-2:59pm,59,1,Daylight,Clear,1,2,['Driver'],['None_Used'],0,0,Valid,0.0,0.0,71.0,63.0,"['Male', 'Male']",0,0,3,4,5,Dry,Straight,Level,Lowest,No
7205,9,Connecticut,90133,1,1,1,0,1,BRIDGEPORT,February,14,Tuesday,16,27,Urban,Medium Speed (Collector),No,41.17893611,-73.19099444,Non-Intersection,Daylight,Clear,4:00pm-4:59pm,27,Unknown EMS Scene Arrival Hour,Unknown EMS Scene Arrival Minutes,Unknown,Unknown EMS Hospital Arrival Time,1,Daylight,Clear,0,1,[],[],0,0,Valid,0.0,0.0,37.0,37.0,['Female'],0,0,2,2,4,Dry,Straight,Level,Lowest,No
7206,9,Connecticut,90134,0,3,3,0,4,WEST TORRINGTON,February,14,Tuesday,17,26,Urban,High Speed (Arterial),Yes,41.80634722,-73.11282222,Complex/Circle,Dusk,Clear,Unknown,Unknown,Unknown EMS Scene Arrival Hour,Unknown EMS Scene Arrival Minutes,Unknown,Unknown EMS Hospital Arrival Time,1,Twilight,Clear,1,3,['Front_Passenger'],['None_Used'],0,0,Valid,0.0,0.0,67.0,54.0,"['Male', 'Male', 'Male']",0,0,3,4,5,Dry,Straight,Level,Medium,No
7207,9,Connecticut,90136,0,1,1,0,1,SOUTHINGTON,April,20,Thursday,14,30,Urban,Medium Speed (Collector),No,41.61697222,-72.873775,Non-Intersection,Daylight,Clear,2:00pm-2:59pm,31,2:00pm-2:59pm,42,3:00pm-3:59pm,11,1,Daylight,Clear,1,0,['Driver'],['None_Used'],0,0,Valid,0.0,0.0,86.0,86.0,['Female'],0,0,2,4,3,Dry,Curve,Level,Lowest,No
7208,9,Connecticut,90138,0,2,2,0,6,WESTPORT,August,5,Saturday,6,37,Urban,High Speed (Arterial),Yes,41.12304444,-73.34533056,Non-Intersection,Daylight,Clear,6:00am-6:59am,37,6:00am-6:59am,48,7:00am-7:59am,22,1,Daylight,Clear,1,5,['Driver'],['None_Used'],1,1,Valid,0.0,0.0,45.0,35.0,"['Male', 'Male']",1,0,5,4,5,Dry,Straight,Level,Lowest,No
7209,9,Connecticut,90139,1,1,1,0,1,MILFORD,April,7,Friday,16,9,Urban,High Speed (Arterial),Yes,41.230475,-73.064575,Non-Intersection,Daylight,Clear,4:00pm-4:59pm,8,4:00pm-4:59pm,11,4:00pm-4:59pm,33,1,Daylight,Clear,0,1,[],[],0,0,Valid,0.0,0.0,58.0,58.0,['Male'],0,0,2,3,4,Dry,Straight,Level,Lowest,No
7210,9,Connecticut,90140,0,2,2,0,2,MILFORD,May,13,Saturday,15,10,Urban,Medium Speed (Collector),No,41.22861944,-73.00710278,Non-Intersection,Daylight,Clear,3:00pm-3:59pm,10,3:00pm-3:59pm,16,Not Applicable (Not Transported),Not Applicable (Not Transported),1,Daylight,Clear,1,1,['Driver'],['None_Used'],0,0,Valid,0.0,0.0,45.0,30.0,"['Male', 'Female']",0,0,5,4,5,Dry,Straight,Level,Lowest,No
7211,9,Connecticut,90141,0,2,2,0,3,GROTON,August,28,Monday,21,27,Urban,High Speed (Arterial),Yes,41.35020833,-72.05614444,Complex/Circle,Dark - Lighted,Clear,9:00pm-9:59pm,27,9:00pm-9:59pm,31,Unknown,Unknown EMS Hospital Arrival Time,1,Dark - Lighted,Clear,1,2,['Rear_Seat'],['None_Used'],1,1,Valid,0.0,0.0,25.0,24.0,"['Female', 'Male']",2,0,5,4,5,Dry,Straight,Level,Lowest,No
7212,9,Connecticut,90142,0,2,2,0,2,JORDAN,August,28,Monday,11,34,Urban,High Speed (Arterial),Yes,41.39114444,-72.17652222,Non-Intersection,Daylight,Clear,11:00am-11:59am,32,11:00am-11:59am,45,12:00pm-12:59pm,10,1,Daylight,Clear,1,1,['Driver'],['None_Used'],0,0,Valid,0.0,0.0,60.0,36.0,"['Female', 'Male']",1,0,5,4,5,Dry,Straight,Grade/Hillcrest,Lowest,No
7213,9,Connecticut,90143,0,1,1,0,1,OLD LYME,September,5,Tuesday,16,7,Urban,Medium Speed (Collector),No,41.29711667,-72.32046389,Non-Intersection,Daylight,Clear,Unknown,Unknown,Unknown EMS Scene Arrival Hour,Unknown EMS Scene Arrival Minutes,Unknown,Unknown EMS Hospital Arrival Time,1,Daylight,Clear,1,0,['Driver'],['None_Used'],0,0,Valid,0.0,0.0,78.0,78.0,['Male'],0,0,5,4,3,Dry,Straight,Level,Lowest,No
7214,9,Connecticut,90144,0,2,2,0,2,DANBURY,September,10,Sunday,1,57,Urban,High Speed (Arterial),Yes,41.36794167,-73.47435278,Non-Intersection,Dark - Lighted,Rain,1:00am-1:59am,58,2:00am-2:59am,6,2:00am-2:59am,25,1,Dark - Lighted,Rain/Wind/Minor,1,1,['Driver'],['None_Used'],1,2,Valid,0.0,0.0,33.0,25.0,"['Female', 'Male']",1,0,2,4,5,Wet/Standing Water,Straight,Grade/Hillcrest,Lowest,No
7215,9,Connecticut,90145,0,2,2,0,4,NEW HAVEN,June,28,Wednesday,2,15,Urban,High Speed (Arterial),Yes,41.29747222,-72.90244444,Non-Intersection,Dark - Lighted,Clear,2:00am-2:59am,15,2:00am-2:59am,20,2:00am-2:59am,50,1,Dark - Lighted,Clear,1,3,['Driver'],['Shoulder_Lapbelt'],1,1,Valid,0.0,0.0,41.0,38.0,"['Male', 'Male']",0,0,2,4,5,Dry,Curve,Level,Lowest,Yes
7216,9,Connecticut,90146,0,2,2,0,1,WETHERSFIELD,September,3,Sunday,22,26,Urban,High Speed (Arterial),Yes,41.71311667,-72.69576389,Non-Intersection,Dark - Lighted,Clear,Unknown,Unknown,Unknown EMS Scene Arrival Hour,Unknown EMS Scene Arrival Minutes,Unknown,Unknown EMS Hospital Arrival Time,1,Dark - Lighted,Clear,1,0,['Driver'],['None_Used'],1,1,Valid,0.0,0.0,36.0,36.0,['Male'],0,0,5,4,5,Dry,Straight,Grade/Hillcrest,Lowest,Yes
7217,9,Connecticut,90147,0,1,1,0,1,NEW BRITAIN,August,20,Sunday,1,30,Urban,Medium Speed (Collector),No,41.68083611,-72.78788056,Simple Junction,Dark - Not Lighted,Clear,1:00am-1:59am,33,1:00am-1:59am,37,2:00am-2:59am,11,1,Dark - Unlighted,Clear,1,0,['Driver'],['None_Used'],1,1,Valid,0.0,0.0,41.0,41.0,['Male'],1,0,5,4,2,Dry,Straight,Grade/Hillcrest,Lowest,No
7218,9,Connecticut,90148,0,3,3,0,3,TOLLAND,July,20,Thursday,16,37,Urban,High Speed (Arterial),Yes,41.87661389,-72.33346667,Non-Intersection,Daylight,Clear,4:00pm-4:59pm,37,Unknown EMS Scene Arrival Hour,Unknown EMS Scene Arrival Minutes,Unknown,Unknown EMS Hospital Arrival Time,1,Daylight,Clear,1,2,['Driver'],['None_Used'],0,0,Valid,0.0,0.0,53.0,26.0,"['Male', 'Male', 'Male']",0,0,5,4,5,Dry,Straight,Grade/Hillcrest,Lowest,No
7219,9,Connecticut,90149,0,2,2,0,6,FARMINGTON,September,4,Monday,18,2,Urban,High Speed (Arterial),Yes,41.69243056,-72.81222778,Non-Intersection,Daylight,Clear,Unknown,Unknown,Unknown EMS Scene Arrival Hour,Unknown EMS Scene Arrival Minutes,Not Applicable (Not Transported),Not Applicable (Not Transported),1,Daylight,Clear,1,5,['Driver'],['None_Used'],1,1,Valid,0.0,1.0,37.0,35.0,"['Male', 'Male']",0,0,5,4,5,Dry,Straight,Level,Lowest,No
7220,9,Connecticut,90150,0,2,2,0,3,HARTFORD,September,6,Wednesday,22,23,Urban,Medium Speed (Collector),No,41.76848889,-72.68602778,Complex/Circle,Dark - Lighted,Clear,10:00pm-10:59pm,23,Unknown EMS Scene Arrival Hour,Unknown EMS Scene Arrival Minutes,Unknown,Unknown EMS Hospital Arrival Time,1,Dark - Lighted,Clear,1,2,['Front_Passenger'],['None_Used'],0,0,Valid,0.0,0.0,36.0,18.0,"['Male', 'Male']",0,0,2,4,5,Dry,Straight,Grade/Hillcrest,Lowest,No
7221,9,Connecticut,90151,1,1,1,0,1,HARTFORD,June,16,Friday,11,6,Urban,Low Speed (Local),No,41.77570833,-72.68093889,Non-Intersection,Daylight,Clear,11:00am-11:59am,8,11:00am-11:59am,9,11:00am-11:59am,27,1,Daylight,Clear,0,1,[],[],0,0,Invalid,0.0,1.0,23.0,23.0,['Male'],0,0,2,3,4,Dry,Straight,Level,Lowest,No
7222,9,Connecticut,90152,1,1,1,0,1,NEW BRITAIN,September,21,Thursday,1,10,Urban,Medium Speed (Collector),No,41.66566111,-72.79211389,Non-Intersection,Dark - Lighted,Clear,1:00am-1:59am,11,1:00am-1:59am,17,Unknown,Unknown EMS Hospital Arrival Time,1,Dark - Lighted,Clear,0,1,[],[],0,0,Valid,0.0,0.0,26.0,26.0,['Male'],0,0,3,3,4,Dry,Straight,Grade/Hillcrest,Lowest,No
7223,9,Connecticut,90153,0,1,1,0,1,HARTLAND,August,29,Tuesday,18,16,Rural,Medium Speed (Collector),No,42.00659167,-72.97085556,Non-Intersection,Daylight,Clear,6:00pm-6:59pm,16,6:00pm-6:59pm,20,Not Applicable (Not Transported),Not Applicable (Not Transported),1,Daylight,Clear,1,0,['Driver'],['None_Used'],1,1,Valid,0.0,0.0,61.0,61.0,['Male'],0,0,5,4,3,Dry,Curve,Level,Lowest,No
7224,9,Connecticut,90154,0,1,1,0,2,GREENWICH,February,14,Tuesday,14,42,Urban,Low Speed (Local),No,41.07371944,-73.60386667,Non-Intersection,Daylight,Clear,2:00pm-2:59pm,44,2:00pm-2:59pm,50,3:00pm-3:59pm,27,1,Daylight,Clear,1,1,['Front_Passenger'],['Shoulder_Lapbelt'],0,0,Valid,0.0,0.0,79.0,79.0,['Female'],0,0,3,4,3,Dry,Straight,Level,Lowest,Yes
7225,9,Connecticut,90155,0,1,1,0,1,HAMDEN,March,26,Sunday,22,6,Urban,Medium Speed (Collector),No,41.38060278,-72.91742778,Simple Junction,Dark - Lighted,Clear,10:00pm-10:59pm,6,Unknown EMS Scene Arrival Hour,Unknown EMS Scene Arrival Minutes,Unknown,Unknown EMS Hospital Arrival Time,1,Dark - Lighted,Clear,1,0,['Driver'],['None_Used'],1,1,Valid,0.0,0.0,49.0,49.0,['Male'],1,0,2,4,3,Dry,Curve,Grade/Hillcrest,Lowest,No
7226,9,Connecticut,90156,1,1,1,0,2,FORT GRISWOLD (HISTORICAL),September,22,Friday,19,53,Urban,Medium Speed (Collector),No,41.60965278,-71.98033056,Non-Intersection,Dark - Lighted,Clear,7:00pm-7:59pm,53,Unknown EMS Scene Arrival Hour,Unknown EMS Scene Arrival Minutes,Unknown,Unknown EMS Hospital Arrival Time,1,Dark - Lighted,Clear,0,2,[],[],1,1,Valid,0.0,0.0,34.0,34.0,['Male'],2,0,2,2,4,Dry,Straight,Level,Lowest,No
7227,9,Connecticut,90157,0,1,1,0,1,WILLINGTON HILL,January,4,Wednesday,11,36,Rural,Medium Speed (Collector),No,41.87406944,-72.24482778,Non-Intersection,Daylight,Cloudy,11:00am-11:59am,36,11:00am-11:59am,40,12:00pm-12:59pm,31,1,Daylight,Reduced Visibility,1,0,['Driver'],['Shoulder_Lapbelt'],0,0,Valid,0.0,0.0,67.0,67.0,['Male'],0,0,2,4,3,Wet/Standing Water,Curve,Grade/Hillcrest,Medium,No
7228,9,Connecticut,90158,0,2,2,0,2,SOUTH WINDSOR,May,7,Sunday,18,55,Urban,High Speed (Arterial),Yes,41.81067222,-72.61254167,Non-Intersection,Daylight,Clear,6:00pm-6:59pm,55,Unknown EMS Scene Arrival Hour,Unknown EMS Scene Arrival Minutes,Unknown,Unknown EMS Hospital Arrival Time,1,Daylight,Clear,1,1,['Driver'],['None_Used'],1,1,Valid,1.0,0.0,60.0,58.0,"['Male', 'Male']",0,0,5,4,5,Dry,Straight,Level,Lowest,No
7229,9,Connecticut,90159,0,2,2,0,2,HAMDEN,June,1,Thursday,3,28,Urban,Low Speed (Local),No,41.33683056,-72.924775,Complex/Circle,Dark - Lighted,Clear,3:00am-3:59am,28,Unknown EMS Scene Arrival Hour,Unknown EMS Scene Arrival Minutes,Unknown,Unknown EMS Hospital Arrival Time,1,Dark - Lighted,Clear,1,1,['Driver'],['None_Used'],0,0,Valid,0.0,0.0,36.0,32.0,"['Male', 'Female']",1,0,5,4,5,Dry,Straight,Level,Lowest,No
7230,9,Connecticut,90160,1,1,1,0,1,BLOOMFIELD,August,11,Friday,20,15,Urban,Medium Speed (Collector),No,41.80874722,-72.69549444,Simple Junction,Daylight,Clear,8:00pm-8:59pm,15,8:00pm-8:59pm,21,8:00pm-8:59pm,38,1,Daylight,Clear,0,1,[],[],0,0,Valid,0.0,0.0,68.0,68.0,['Male'],0,0,3,2,4,Dry,Straight,Level,Lowest,No
7231,9,Connecticut,90161,0,1,1,0,1,BLOOMFIELD,August,4,Friday,20,59,Urban,Medium Speed (Collector),No,41.83470833,-72.71375278,Non-Intersection,Dark - Not Lighted,Clear,8:00pm-8:59pm,59,Unknown EMS Scene Arrival Hour,Unknown EMS Scene Arrival Minutes,Not Applicable (Not Transported),Not Applicable (Not Transported),1,Dark - Unlighted,Clear,1,0,['Driver'],['None_Used'],1,1,Valid,0.0,0.0,36.0,36.0,['Male'],1,0,2,4,3,Dry,Straight,Level,Lowest,No
7232,9,Connecticut,90162,0,2,2,0,2,EAST GRANBY,September,14,Thursday,9,26,Urban,Medium Speed (Collector),No,41.92863333,-72.78051667,Non-Intersection,Daylight,Clear,9:00am-9:59am,26,9:00am-9:59am,26,Not Applicable (Not Transported),Not Applicable (Not Transported),1,Daylight,Clear,1,1,['Driver'],['Lapbelt_Only'],0,0,Valid,0.0,1.0,33.0,20.0,"['Female', 'Male']",0,0,5,4,5,Dry,Straight,Level,Lowest,No
7233,9,Connecticut,90163,0,2,2,0,2,BETHANY,March,16,Thursday,9,56,Urban,Medium Speed (Collector),No,41.412575,-72.97374722,Complex/Circle,Daylight,Cloudy,9:00am-9:59am,56,10:00am-10:59am,2,Unknown,Unknown EMS Hospital Arrival Time,2,Daylight,Reduced Visibility,2,0,"['Driver', 'Driver']","['Shoulder_Lapbelt', 'Shoulder_Lapbelt']",0,0,Valid,0.0,0.0,61.0,59.0,"['Male', 'Male']",0,0,3,4,5,Dry,Straight,Level,Lowest,No
7234,9,Connecticut,90164,0,2,2,0,2,STAMFORD,April,14,Friday,19,27,Urban,Medium Speed (Collector),No,41.12893611,-73.54341944,Non-Intersection,Daylight,Clear,7:00pm-7:59pm,29,7:00pm-7:59pm,33,Not Applicable (Not Transported),Not Applicable (Not Transported),1,Daylight,Clear,1,1,['Driver'],['None_Used'],1,1,Invalid,0.0,0.0,63.0,22.0,"['Male', 'Male']",1,0,5,4,5,Dry,Curve,Level,Lowest,No
7235,9,Connecticut,90165,0,2,2,0,2,WOODSTOCK,March,29,Wednesday,7,26,Rural,Medium Speed (Collector),No,41.926425,-72.04523333,Complex/Circle,Daylight,Clear,7:00am-7:59am,28,7:00am-7:59am,47,8:00am-8:59am,16,1,Daylight,Clear,1,1,['Driver'],['Shoulder_Lapbelt'],0,0,Valid,0.0,0.0,53.0,18.0,"['Male', 'Female']",0,0,3,4,5,Dry,Straight,Level,Lowest,Yes
7236,9,Connecticut,90166,0,1,1,0,1,HEBRON,May,1,Monday,21,3,Urban,Medium Speed (Collector),No,41.65016111,-72.39723056,Non-Intersection,Dark - Not Lighted,Clear,9:00pm-9:59pm,3,9:00pm-9:59pm,8,9:00pm-9:59pm,21,1,Dark - Unlighted,Clear,1,0,['Driver'],['None_Used'],1,1,Valid,0.0,0.0,28.0,28.0,['Male'],1,0,5,4,3,Dry,Curve,Grade/Hillcrest,Lowest,No
7237,9,Connecticut,90167,0,3,3,0,6,NORWICH,July,31,Monday,12,13,Urban,High Speed (Arterial),Yes,41.58452778,-72.05663056,Non-Intersection,Daylight,Clear,12:00pm-12:59pm,13,12:00pm-12:59pm,34,1:00pm-1:59pm,10,1,Daylight,Clear,1,5,['Front_Passenger'],['Shoulder_Lapbelt'],0,0,Valid,0.0,0.0,89.0,27.0,"['Female', 'Male', 'Female']",0,0,3,4,5,Dry,Straight,Level,Lowest,No
7238,9,Connecticut,90168,0,1,1,0,2,WINDSOR,October,4,Wednesday,9,10,Urban,Medium Speed (Collector),No,41.84137222,-72.64898056,Non-Intersection,Daylight,Clear,9:00am-9:59am,27,9:00am-9:59am,35,Unknown,Unknown EMS Hospital Arrival Time,1,Daylight,Clear,1,1,['Driver'],['None_Used'],0,0,Valid,0.0,0.0,33.0,33.0,['Male'],2,0,2,4,3,Dry,Curve,Grade/Hillcrest,Lowest,No
7239,9,Connecticut,90169,0,2,2,0,2,NIANTIC,September,14,Thursday,11,4,Urban,Medium Speed (Collector),No,41.32368056,-72.17811667,Non-Intersection,Daylight,Clear,11:00am-11:59am,4,Unknown EMS Scene Arrival Hour,Unknown EMS Scene Arrival Minutes,Unknown,Unknown EMS Hospital Arrival Time,1,Daylight,Clear,1,1,['Driver'],['Shoulder_Lapbelt'],1,1,Valid,0.0,0.0,74.0,65.0,"['Male', 'Female']",0,0,3,4,5,Dry,Straight,Grade/Hillcrest,Lowest,No
7240,9,Connecticut,90170,0,1,1,0,2,POMFRET,October,9,Monday,20,24,Rural,Medium Speed (Collector),No,41.912425,-71.95622222,Non-Intersection,Dark - Not Lighted,Clear,8:00pm-8:59pm,24,8:00pm-8:59pm,36,Unknown,Unknown EMS Hospital Arrival Time,1,Dark - Unlighted,Clear,1,1,['Front_Passenger'],['Shoulder_Lapbelt'],1,1,Valid,0.0,0.0,34.0,34.0,['Male'],0,0,2,4,3,Dry,Curve,Level,Lowest,No
7241,9,Connecticut,90171,0,2,2,0,2,OLD LYME,September,29,Friday,13,37,Urban,High Speed (Arterial),Yes,41.32185,-72.26285556,Non-Intersection,Daylight,Rain,1:00pm-1:59pm,37,1:00pm-1:59pm,43,Not Applicable (Not Transported),Not Applicable (Not Transported),1,Daylight,Rain/Wind/Minor,1,1,['Driver'],['None_Used'],0,0,Valid,0.0,0.0,63.0,62.0,"['Male', 'Male']",0,0,4,4,5,Wet/Standing Water,Straight,Level,Lowest,No