,State_Code,State_Name,Crash_ID,Count_Non_Motorists,Count_Vehicles_Total,Count_Vehicle_Forms,Count_PVH_Involved,Count_Occupants_MV,City_Name,Month_Name,Day_of_Month,Day_of_Week,Crash_Hour,Crash_Minute,Area_Rural_Urban,Road_Functional_Class,On_NHS_Road,Latitude,Longitude,Intersection_Type,Light_Condition,Weather_Condition,Notif_Hour,Notif_Minute,Arrival_Hour,Arrival_Minute,Hospital_Hour,Hospital_Minute,Fatalities_Count,Clean_Light_Condition,Clean_Weather_Condition,Total_Killed,Total_Alive,Fatal_Seats_List,Killed_Restraint_List,Any_Driver_Drinking,Total_Drinking_Drivers,Driver_License_Category,Driver_Max_Prev_Accident_Count,Driver_Max_Prev_Speeding_Count,Max_Driver_Age,Min_Driver_Age,Driver_Sex_List,Total_Exceeding_Limit_Vehicles,Total_Too_Fast_Vehicles,Max_Vehicle_Type_Severity_5,Max_Vehicle_Damage_Rank,Max_Harmful_Event_Severity,Crash_Road_Surface_Condition,Crash_Horizontal_Alignment,Crash_Vertical_Profile,Crash_Impairment_Category,Crash_Vehicle_Defect
7242,9,Connecticut,90172,0,1,1,0,1,BRISTOL,September,2,Saturday,2,5,Urban,Medium Speed (Collector),No,41.66984444,-72.92153889,Non-Intersection,Dark - Lighted,Clear,2:00am-2:59am,5,Unknown EMS Scene Arrival Hour,Unknown EMS Scene Arrival Minutes,Unknown,Unknown EMS Hospital Arrival Time,1,Dark - Lighted,Clear,1,0,['Driver'],['None_Used'],1,1,Valid,0.0,0.0,53.0,53.0,['Male'],0,0,5,4,2,Dry,Curve,Level,Lowest,No
7243,9,Connecticut,90173,1,1,1,0,1,FAIRFIELD,October,11,Wednesday,7,12,Urban,Low Speed (Local),No,41.18433889,-73.23958611,Non-Intersection,Daylight,Clear,7:00am-7:59am,12,7:00am-7:59am,19,Not Applicable (Not Transported),Not Applicable (Not Transported),1,Daylight,Clear,0,1,[],[],0,0,Valid,0.0,0.0,52.0,52.0,['Male'],0,0,4,1,4,Dry,Straight,Level,Lowest,No
7244,9,Connecticut,90174,0,2,2,0,2,MERIDEN,October,2,Monday,5,47,Urban,Medium Speed (Collector),No,41.54335,-72.799225,Simple Junction,Dark - Lighted,Clear,5:00am-5:59am,47,Unknown EMS Scene Arrival Hour,Unknown EMS Scene Arrival Minutes,Unknown,Unknown EMS Hospital Arrival Time,1,Dark - Lighted,Clear,1,1,['Driver'],['None_Used'],0,0,Invalid,0.0,0.0,38.0,32.0,"['Female', 'Male']",1,0,5,4,5,Dry,Straight,Level,Lowest,No
7245,9,Connecticut,90175,0,2,2,0,2,HAMPTON,October,19,Thursday,14,52,Rural,High Speed (Arterial),Yes,41.78121944,-72.02268333,Non-Intersection,Daylight,Clear,Unknown,Unknown,Unknown EMS Scene Arrival Hour,Unknown EMS Scene Arrival Minutes,Unknown,Unknown EMS Hospital Arrival Time,1,Daylight,Clear,1,1,['Driver'],['None_Used'],0,0,Valid,0.0,0.0,65.0,22.0,"['Male', 'Female']",1,0,5,4,5,Dry,Straight,Level,Lowest,No
7246,9,Connecticut,90176,0,1,1,0,1,WATERBURY,July,18,Tuesday,20,56,Urban,Medium Speed (Collector),No,41.5756,-73.08540833,Non-Intersection,Dark - Lighted,Clear,8:00pm-8:59pm,57,9:00pm-9:59pm,9,9:00pm-9:59pm,36,1,Dark - Lighted,Clear,1,0,['Driver'],['None_Used'],1,1,Valid,0.0,0.0,63.0,63.0,['Male'],1,0,2,4,3,Dry,Curve,Grade/Hillcrest,Lowest,No
7247,9,Connecticut,90177,1,1,1,0,1,STRATFORD,July,1,Saturday,0,51,Urban,Medium Speed (Collector),No,41.18435,-73.15115278,Non-Intersection,Dark - Lighted,Clear,0:00am-0:59am,51,Unknown EMS Scene Arrival Hour,Unknown EMS Scene Arrival Minutes,Unknown,Unknown EMS Hospital Arrival Time,1,Dark - Lighted,Clear,0,1,[],[],0,0,Valid,0.0,0.0,28.0,28.0,['Male'],0,0,2,3,4,Dry,Straight,Level,Lowest,No
7248,9,Connecticut,90178,0,2,2,0,2,CROMWELL,October,12,Thursday,16,45,Urban,Medium Speed (Collector),No,41.60269444,-72.69785278,Non-Intersection,Daylight,Clear,4:00pm-4:59pm,46,4:00pm-4:59pm,49,5:00pm-5:59pm,36,1,Daylight,Clear,1,1,['Driver'],['None_Used'],0,0,Valid,0.0,1.0,58.0,24.0,"['Male', 'Male']",0,0,5,4,5,Dry,Straight,Level,Lowest,No
7249,9,Connecticut,90179,0,1,1,0,1,STAMFORD,May,26,Friday,23,42,Urban,High Speed (Arterial),Yes,41.05991667,-73.50988333,Simple Junction,Dark - Lighted,Clear,Unknown,Unknown,Unknown EMS Scene Arrival Hour,Unknown EMS Scene Arrival Minutes,Not Applicable (Not Transported),Not Applicable (Not Transported),1,Dark - Lighted,Clear,1,0,['Driver'],['None_Used'],1,1,Valid,0.0,0.0,47.0,47.0,['Male'],1,0,3,4,3,Dry,Straight,Grade/Hillcrest,Lowest,No
7250,9,Connecticut,90180,0,3,3,0,5,NEW HAVEN,May,24,Wednesday,19,34,Urban,High Speed (Arterial),Yes,41.2909,-72.94146667,Complex/Circle,Daylight,Clear,7:00pm-7:59pm,40,7:00pm-7:59pm,43,7:00pm-7:59pm,55,1,Daylight,Clear,1,4,['Driver'],['Shoulder_Lapbelt'],0,0,Valid,0.0,0.0,43.0,22.0,"['Male', 'Female', 'Female']",0,0,2,4,5,Dry,Straight,Level,Lowest,No
7251,9,Connecticut,90181,0,1,1,0,1,SOUTH WINDSOR,July,12,Wednesday,1,16,Urban,Medium Speed (Collector),No,41.86363333,-72.54889722,Non-Intersection,Dark - Lighted,Clear,Unknown,Unknown,Unknown EMS Scene Arrival Hour,Unknown EMS Scene Arrival Minutes,Not Applicable (Not Transported),Not Applicable (Not Transported),1,Dark - Lighted,Clear,1,0,['Driver'],['Shoulder_Lapbelt'],1,1,Valid,0.0,0.0,24.0,24.0,['Male'],1,0,2,4,3,Dry,Curve,Grade/Hillcrest,Lowest,No
7252,9,Connecticut,90182,0,2,2,0,2,BRIDGEPORT,October,24,Tuesday,6,5,Urban,Medium Speed (Collector),No,41.18564167,-73.17299722,Non-Intersection,Dark - Lighted,Clear,Unknown,Unknown,Unknown EMS Scene Arrival Hour,Unknown EMS Scene Arrival Minutes,Unknown,Unknown EMS Hospital Arrival Time,1,Dark - Lighted,Clear,1,1,['Driver'],['None_Used'],0,0,Invalid,0.0,0.0,999.0,24.0,"['Other', 'Male']",0,0,5,3,5,Dry,Straight,Level,Lowest,No
7253,9,Connecticut,90183,1,1,1,0,1,STAMFORD,September,17,Sunday,20,17,Urban,High Speed (Arterial),Yes,41.0511,-73.53228056,Non-Intersection,Dark - Lighted,Clear,8:00pm-8:59pm,21,8:00pm-8:59pm,25,8:00pm-8:59pm,45,1,Dark - Lighted,Clear,0,1,[],[],0,0,Valid,0.0,0.0,28.0,28.0,['Male'],0,0,4,3,4,Dry,Straight,Grade/Hillcrest,Lowest,No
7254,9,Connecticut,90184,0,2,2,0,2,MILFORD,September,22,Friday,19,20,Urban,High Speed (Arterial),Yes,41.23627222,-73.049225,Non-Intersection,Dark - Lighted,Clear,7:00pm-7:59pm,20,7:00pm-7:59pm,29,Not Applicable (Not Transported),Not Applicable (Not Transported),1,Dark - Lighted,Clear,1,1,['Driver'],['None_Used'],0,0,Valid,0.0,0.0,42.0,33.0,"['Male', 'Male']",0,0,5,4,5,Dry,Straight,Level,Lowest,No
7255,9,Connecticut,90185,3,2,2,0,2,WATERBURY,March,16,Thursday,21,17,Urban,Medium Speed (Collector),No,41.55896389,-73.01238333,Non-Intersection,Dark - Lighted,Clear,9:00pm-9:59pm,17,9:00pm-9:59pm,26,9:00pm-9:59pm,34,1,Dark - Lighted,Clear,0,2,[],[],0,0,Valid,0.0,0.0,35.0,35.0,['Female'],2,0,2,4,5,Dry,Straight,Grade/Hillcrest,Lowest,Yes
7256,9,Connecticut,90186,0,1,1,0,1,WATERBURY,July,29,Saturday,20,13,Urban,Medium Speed (Collector),No,41.57829722,-73.04995833,Non-Intersection,Dusk,Rain,8:00pm-8:59pm,16,8:00pm-8:59pm,21,Not Applicable (Not Transported),Not Applicable (Not Transported),1,Twilight,Rain/Wind/Minor,1,0,['Driver'],['None_Used'],1,1,Valid,0.0,0.0,29.0,29.0,['Female'],1,0,2,4,3,Wet/Standing Water,Straight,Level,Lowest,No
7257,9,Connecticut,90187,1,1,1,0,2,SALEM,October,29,Sunday,18,56,Rural,Medium Speed (Collector),No,41.51015833,-72.24842778,Non-Intersection,Dark - Not Lighted,Rain,6:00pm-6:59pm,56,6:00pm-6:59pm,56,Unknown,Unknown EMS Hospital Arrival Time,1,Dark - Unlighted,Rain/Wind/Minor,0,2,[],[],0,0,Valid,0.0,1.0,43.0,43.0,['Female'],0,0,3,3,4,Wet/Standing Water,Straight,Level,Lowest,No
7258,9,Connecticut,90188,0,2,2,0,2,STAFFORD,October,22,Sunday,11,52,Urban,Medium Speed (Collector),No,41.95181389,-72.26987222,Non-Intersection,Daylight,Cloudy,11:00am-11:59am,52,11:00am-11:59am,59,Not Applicable (Not Transported),Not Applicable (Not Transported),1,Daylight,Reduced Visibility,1,1,['Driver'],['None_Used'],0,0,Valid,0.0,0.0,52.0,32.0,"['Male', 'Female']",0,0,5,2,5,Dry,Curve,Level,Lowest,No
7259,9,Connecticut,90189,0,2,2,0,3,NORWALK,October,28,Saturday,18,6,Urban,Medium Speed (Collector),No,41.156375,-73.41403889,Simple Junction,Dusk,Cloudy,6:00pm-6:59pm,6,Unknown EMS Scene Arrival Hour,Unknown EMS Scene Arrival Minutes,Unknown,Unknown EMS Hospital Arrival Time,1,Twilight,Reduced Visibility,1,2,['Rear_Seat'],['None_Used'],0,0,Invalid,0.0,0.0,61.0,36.0,"['Male', 'Male']",1,0,5,4,5,Dry,Straight,Grade/Hillcrest,Lowest,Yes
7260,9,Connecticut,90190,0,1,1,0,1,MERIDEN,November,4,Saturday,14,49,Urban,High Speed (Arterial),Yes,41.53465,-72.75675833,Non-Intersection,Daylight,Clear,2:00pm-2:59pm,49,2:00pm-2:59pm,52,Not Applicable (Not Transported),Not Applicable (Not Transported),1,Daylight,Clear,1,0,['Driver'],['Shoulder_Lapbelt'],0,0,Valid,0.0,0.0,19.0,19.0,['Male'],0,0,3,4,3,Dry,Curve,Level,Lowest,No
7261,9,Connecticut,90191,0,1,1,0,1,NEW MILFORD,July,2,Sunday,0,29,Urban,Medium Speed (Collector),No,41.581025,-73.37098056,Non-Intersection,Dark - Not Lighted,Cloudy,0:00am-0:59am,34,0:00am-0:59am,44,Not Applicable (Not Transported),Not Applicable (Not Transported),1,Dark - Unlighted,Reduced Visibility,1,0,['Driver'],['None_Used'],1,1,Valid,0.0,0.0,51.0,51.0,['Male'],1,0,5,4,2,Dry,Curve,Grade/Hillcrest,Lowest,No
7262,9,Connecticut,90192,0,1,1,0,1,NEW LONDON,October,4,Wednesday,22,36,Urban,High Speed (Arterial),Yes,41.35759167,-72.11395278,Non-Intersection,Dark - Lighted,Clear,10:00pm-10:59pm,36,10:00pm-10:59pm,43,10:00pm-10:59pm,55,1,Dark - Lighted,Clear,1,0,['Driver'],['None_Used'],1,1,Valid,0.0,0.0,33.0,33.0,['Male'],1,0,5,3,3,Dry,Curve,Level,Lowest,No
7263,9,Connecticut,90193,0,1,1,0,2,CHESHIRE,November,11,Saturday,4,1,Urban,Low Speed (Local),No,41.53313333,-72.96518611,Non-Intersection,Dark - Not Lighted,Clear,4:00am-4:59am,7,4:00am-4:59am,17,Unknown,Unknown EMS Hospital Arrival Time,1,Dark - Unlighted,Clear,1,1,['Driver'],['None_Used'],1,1,Valid,0.0,0.0,21.0,21.0,['Male'],2,0,2,4,3,Dry,Curve,Level,Lowest,Yes
7264,9,Connecticut,90194,0,1,1,0,1,HIGGANUM,October,18,Wednesday,16,43,Rural,High Speed (Arterial),Yes,41.48158889,-72.56104167,Non-Intersection,Daylight,Clear,4:00pm-4:59pm,45,4:00pm-4:59pm,55,Not Applicable (Not Transported),Not Applicable (Not Transported),1,Daylight,Clear,1,0,['Driver'],['Shoulder_Lapbelt'],0,0,Valid,0.0,0.0,40.0,40.0,['Male'],0,0,2,4,3,Dry,Straight,Level,Lowest,No
7265,9,Connecticut,90195,0,2,2,0,3,HARTFORD,July,1,Saturday,23,4,Urban,Medium Speed (Collector),No,41.75321667,-72.69340556,Non-Intersection,Dark - Lighted,Clear,11:00pm-11:59pm,7,11:00pm-11:59pm,9,11:00pm-11:59pm,26,1,Dark - Lighted,Clear,1,2,['Driver'],['None_Used'],1,1,Valid,0.0,0.0,50.0,40.0,"['Female', 'Male']",0,0,5,4,5,Dry,Straight,Level,Lowest,No
7266,9,Connecticut,90196,0,1,1,0,1,WOODBRIDGE,November,25,Saturday,0,10,Urban,Medium Speed (Collector),No,41.36363333,-72.99758056,Complex/Circle,Dark - Not Lighted,Clear,11:00am-11:59am,30,11:00am-11:59am,32,Not Applicable (Not Transported),Not Applicable (Not Transported),1,Dark - Unlighted,Clear,1,0,['Driver'],['Shoulder_Lapbelt'],1,1,Valid,0.0,0.0,46.0,46.0,['Female'],1,0,3,4,3,Dry,Straight,Level,Lowest,No
7267,9,Connecticut,90197,0,2,2,0,2,HAMDEN,May,7,Sunday,16,26,Urban,Medium Speed (Collector),No,41.36701111,-72.94191111,Simple Junction,Daylight,Clear,4:00pm-4:59pm,26,Unknown EMS Scene Arrival Hour,Unknown EMS Scene Arrival Minutes,Unknown,Unknown EMS Hospital Arrival Time,1,Daylight,Clear,1,1,['Driver'],['Shoulder_Lapbelt'],0,0,Valid,0.0,0.0,80.0,55.0,"['Male', 'Male']",1,0,3,4,5,Dry,Straight,Level,Lowest,No
7268,9,Connecticut,90198,0,1,1,0,1,EAST HAVEN,May,27,Saturday,1,33,Urban,Medium Speed (Collector),No,41.32465278,-72.82731667,Non-Intersection,Dark - Lighted,Clear,1:00am-1:59am,33,Unknown EMS Scene Arrival Hour,Unknown EMS Scene Arrival Minutes,Unknown,Unknown EMS Hospital Arrival Time,1,Dark - Lighted,Clear,1,0,['Driver'],['None_Used'],1,1,Valid,0.0,0.0,20.0,20.0,['Male'],1,0,3,4,3,Dry,Curve,Level,Lowest,No
7269,9,Connecticut,90199,0,2,2,0,2,MIDDLETOWN,June,4,Sunday,17,49,Urban,High Speed (Arterial),Yes,41.56664167,-72.65159722,Non-Intersection,Daylight,Cloudy,5:00pm-5:59pm,49,5:00pm-5:59pm,55,Unknown,Unknown EMS Hospital Arrival Time,1,Daylight,Reduced Visibility,1,1,['Driver'],['None_Used'],1,1,Valid,0.0,0.0,61.0,54.0,"['Male', 'Female']",0,0,5,4,5,Dry,Curve,Grade/Hillcrest,Lowest,No
7270,9,Connecticut,90200,0,1,1,0,1,WEST REDDING,July,15,Saturday,14,17,Rural,Medium Speed (Collector),No,41.307925,-73.36925556,Non-Intersection,Daylight,Clear,2:00pm-2:59pm,17,2:00pm-2:59pm,24,2:00pm-2:59pm,50,1,Daylight,Clear,1,0,['Driver'],['None_Used'],0,0,Valid,0.0,0.0,46.0,46.0,['Male'],1,0,5,4,2,Dry,Curve,Grade/Hillcrest,Lowest,No
7271,9,Connecticut,90201,0,1,1,0,1,PORTLAND,September,8,Friday,11,10,Urban,Medium Speed (Collector),No,41.58892778,-72.60285833,Non-Intersection,Daylight,Clear,11:00am-11:59am,10,Unknown EMS Scene Arrival Hour,Unknown EMS Scene Arrival Minutes,Unknown,Unknown EMS Hospital Arrival Time,1,Daylight,Clear,1,0,['Driver'],['None_Used'],1,1,Valid,0.0,0.0,36.0,36.0,['Male'],1,0,3,4,3,Dry,Straight,Grade/Hillcrest,Lowest,No
7272,9,Connecticut,90202,0,1,1,0,1,HEBRON,November,26,Sunday,2,8,Rural,Medium Speed (Collector),No,41.67253889,-72.38675,Non-Intersection,Dark - Not Lighted,Clear,2:00am-2:59am,8,2:00am-2:59am,19,Not Applicable (Not Transported),Not Applicable (Not Transported),1,Dark - Unlighted,Clear,1,0,['Driver'],['Shoulder_Lapbelt'],1,1,Valid,0.0,0.0,23.0,23.0,['Female'],0,0,3,4,3,Dry,Straight,Grade/Hillcrest,Lowest,No
7273,9,Connecticut,90203,0,1,1,0,1,CANAAN,June,14,Wednesday,16,46,Rural,Medium Speed (Collector),No,41.97734444,-73.33214444,Non-Intersection,Daylight,Cloudy,4:00pm-4:59pm,45,4:00pm-4:59pm,50,6:00pm-6:59pm,27,1,Daylight,Reduced Visibility,1,0,['Driver'],['Shoulder_Lapbelt'],0,0,Valid,0.0,0.0,50.0,50.0,['Female'],1,0,3,4,3,Wet/Standing Water,Curve,Grade/Hillcrest,Lowest,No
7274,9,Connecticut,90204,0,1,1,0,1,STRATFORD,July,10,Monday,17,7,Urban,Low Speed (Local),No,41.17134444,-73.13639167,Non-Intersection,Daylight,Clear,5:00pm-5:59pm,7,Unknown EMS Scene Arrival Hour,Unknown EMS Scene Arrival Minutes,Unknown,Unknown EMS Hospital Arrival Time,1,Daylight,Clear,1,0,['Driver'],['None_Used'],1,1,Valid,0.0,0.0,42.0,42.0,['Male'],1,0,5,4,2,Dry,Curve,Level,Lowest,Yes
7275,9,Connecticut,90205,0,2,2,0,3,BERLIN,July,15,Saturday,22,47,Urban,High Speed (Arterial),Yes,41.62251389,-72.74171389,Complex/Circle,Dark - Lighted,Clear,10:00pm-10:59pm,47,Unknown EMS Scene Arrival Hour,Unknown EMS Scene Arrival Minutes,Unknown,Unknown EMS Hospital Arrival Time,1,Dark - Lighted,Clear,1,2,['Driver'],['Shoulder_Lapbelt'],1,1,Valid,0.0,0.0,54.0,28.0,"['Male', 'Female']",0,0,3,4,5,Dry,Straight,Level,Lowest,No
7276,9,Connecticut,90206,0,2,2,0,3,GREENWICH,July,28,Friday,23,51,Urban,High Speed (Arterial),Yes,41.03933611,-73.58519722,Non-Intersection,Dark - Lighted,Clear,11:00pm-11:59pm,56,11:00pm-11:59pm,59,0:00am-0:59am,22,1,Dark - Lighted,Clear,1,2,['Driver'],['Shoulder_Lapbelt'],0,0,Valid,2.0,0.0,65.0,19.0,"['Female', 'Male']",0,0,3,4,5,Dry,Straight,Level,Lowest,No
7277,9,Connecticut,90207,0,1,1,0,3,NORTH HAVEN,July,8,Saturday,16,44,Urban,High Speed (Arterial),Yes,41.40342222,-72.86366944,Non-Intersection,Daylight,Clear,4:00pm-4:59pm,44,5:00pm-5:59pm,2,Unknown,Unknown EMS Hospital Arrival Time,1,Daylight,Clear,1,2,['Rear_Seat'],['Shoulder_Lapbelt'],0,0,Valid,0.0,1.0,63.0,63.0,['Male'],0,0,2,4,3,Dry,Straight,Level,Lowest,No
7278,9,Connecticut,90208,1,1,1,0,1,NEW HAVEN,July,20,Thursday,12,18,Urban,Medium Speed (Collector),No,41.29885,-72.91905278,Simple Junction,Daylight,Clear,Unknown,Unknown,Unknown EMS Scene Arrival Hour,Unknown EMS Scene Arrival Minutes,Unknown,Unknown EMS Hospital Arrival Time,1,Daylight,Clear,0,1,[],[],0,0,Valid,0.0,0.0,51.0,51.0,['Male'],0,0,2,3,4,Dry,Straight,Level,Lowest,No
7279,9,Connecticut,90209,0,2,2,0,2,EAST WINDSOR (HISTORICAL),November,18,Saturday,17,21,Urban,High Speed (Arterial),Yes,41.89141944,-72.60816944,Non-Intersection,Dark - Lighted,Clear,5:00pm-5:59pm,21,Unknown EMS Scene Arrival Hour,Unknown EMS Scene Arrival Minutes,Unknown,Unknown EMS Hospital Arrival Time,1,Dark - Lighted,Clear,1,1,['Driver'],['Shoulder_Lapbelt'],0,0,Valid,0.0,0.0,83.0,58.0,"['Male', 'Female']",0,0,2,4,5,Dry,Straight,Non-Trafficway,Lowest,No
7280,9,Connecticut,90210,1,1,1,0,1,WINDHAM,August,1,Tuesday,10,58,Urban,High Speed (Arterial),Yes,41.72455556,-72.24067778,Simple Junction,Daylight,Clear,10:00am-10:59am,58,Unknown EMS Scene Arrival Hour,Unknown EMS Scene Arrival Minutes,Unknown,Unknown EMS Hospital Arrival Time,1,Daylight,Clear,0,1,[],[],0,0,Valid,0.0,0.0,43.0,43.0,['Male'],0,0,4,2,4,Dry,Straight,Level,Lowest,No
7281,9,Connecticut,90211,0,2,2,0,2,BRIDGEPORT,August,8,Tuesday,19,5,Urban,Low Speed (Local),No,41.20098889,-73.16121667,Non-Intersection,Daylight,Cloudy,7:00pm-7:59pm,5,Unknown EMS Scene Arrival Hour,Unknown EMS Scene Arrival Minutes,Unknown,Unknown EMS Hospital Arrival Time,1,Daylight,Reduced Visibility,1,1,['Driver'],['None_Used'],0,0,Valid,0.0,0.0,58.0,30.0,"['Male', 'Male']",0,0,5,4,5,Dry,Straight,Level,Lowest,No
7282,9,Connecticut,90212,1,1,1,0,1,NEW HAVEN,August,22,Tuesday,10,57,Urban,High Speed (Arterial),Yes,41.33795833,-72.97656111,Simple Junction,Daylight,Clear,10:00am-10:59am,57,Unknown EMS Scene Arrival Hour,Unknown EMS Scene Arrival Minutes,Unknown,Unknown EMS Hospital Arrival Time,1,Daylight,Clear,0,1,[],[],0,0,Invalid,0.0,0.0,30.0,30.0,['Female'],0,0,2,4,4,Dry,Straight,Level,Lowest,No
7283,9,Connecticut,90213,0,1,1,0,1,HARTLAND,August,27,Sunday,6,28,Rural,Medium Speed (Collector),No,42.02161111,-72.889175,Non-Intersection,Dawn,Clear,Not Applicable (Not Notified),Not Applicable (Not Notified),Not Applicable,Not Applicable,Not Applicable (Not Transported),Not Applicable (Not Transported),1,Twilight,Clear,1,0,['Driver'],['Shoulder_Lapbelt'],0,0,Valid,0.0,0.0,27.0,27.0,['Female'],0,0,3,4,3,Dry,Straight,Grade/Hillcrest,Lowest,No
7284,9,Connecticut,90214,0,1,1,0,5,BRISTOL,November,23,Thursday,19,13,Urban,Medium Speed (Collector),No,41.71729167,-72.89713333,Non-Intersection,Dark - Lighted,Clear,7:00pm-7:59pm,18,7:00pm-7:59pm,27,Unknown,Unknown EMS Hospital Arrival Time,2,Dark - Lighted,Clear,2,3,"['Driver', 'Front_Passenger']","['Shoulder_Lapbelt', 'Shoulder_Lapbelt']",0,0,Valid,0.0,0.0,40.0,40.0,['Male'],5,0,3,4,3,Dry,Curve,Level,Lowest,No
7285,9,Connecticut,90215,1,1,1,0,1,NEW HAVEN,October,18,Wednesday,23,8,Urban,High Speed (Arterial),Yes,41.33480556,-72.97684444,Complex/Circle,Dark - Lighted,Clear,11:00pm-11:59pm,8,Unknown EMS Scene Arrival Hour,Unknown EMS Scene Arrival Minutes,Unknown,Unknown EMS Hospital Arrival Time,1,Dark - Lighted,Clear,0,1,[],[],0,0,Invalid,0.0,0.0,999.0,999.0,['Other'],0,0,1,0,4,Dry,Straight,Level,Lowest,No
7286,9,Connecticut,90216,0,2,2,0,1,SOUTH WINDSOR,September,20,Wednesday,13,58,Urban,Medium Speed (Collector),No,41.83675,-72.55485556,Non-Intersection,Daylight,Clear,1:00pm-1:59pm,58,Unknown EMS Scene Arrival Hour,Unknown EMS Scene Arrival Minutes,Unknown,Unknown EMS Hospital Arrival Time,1,Daylight,Clear,1,0,['Driver'],['Shoulder_Lapbelt'],0,0,Valid,0.0,0.0,81.0,81.0,['Male'],0,0,3,4,5,Dry,Straight,Grade/Hillcrest,Lowest,No
7287,9,Connecticut,90217,0,5,5,0,7,ROCKY HILL,October,5,Thursday,16,38,Urban,Medium Speed (Collector),No,41.64913611,-72.67859722,Complex/Circle,Daylight,Clear,4:00pm-4:59pm,38,Unknown EMS Scene Arrival Hour,Unknown EMS Scene Arrival Minutes,Unknown,Unknown EMS Hospital Arrival Time,1,Daylight,Clear,1,6,['Driver'],['Shoulder_Lapbelt'],0,0,Valid,0.0,0.0,85.0,32.0,"['Female', 'Female', 'Female', 'Male', 'Male']",0,0,3,4,5,Dry,Straight,Level,Lowest,No
7288,9,Connecticut,90218,0,1,1,0,1,PLYMOUTH,October,1,Sunday,20,54,Urban,High Speed (Arterial),Yes,41.69099167,-73.00451667,Non-Intersection,Dark - Not Lighted,Clear,8:00pm-8:59pm,54,8:00pm-8:59pm,59,9:00pm-9:59pm,22,1,Dark - Unlighted,Clear,1,0,['Driver'],['None_Used'],1,1,Valid,0.0,0.0,47.0,47.0,['Male'],0,0,5,4,2,Dry,Curve,Level,Lowest,No
7289,9,Connecticut,90219,0,1,1,0,2,MIDDLETOWN,October,27,Friday,17,19,Urban,Low Speed (Local),No,41.59396389,-72.68077778,Non-Intersection,Daylight,Clear,5:00pm-5:59pm,22,Unknown EMS Scene Arrival Hour,Unknown EMS Scene Arrival Minutes,Unknown,Unknown EMS Hospital Arrival Time,1,Daylight,Clear,1,1,['Front_Passenger'],['Shoulder_Lapbelt'],0,0,Valid,0.0,0.0,61.0,61.0,['Male'],0,0,3,4,3,Dry,Straight,Level,Lowest,No
7290,9,Connecticut,90220,0,2,2,0,3,PRESTON,December,10,Sunday,17,8,Rural,Medium Speed (Collector),No,41.55386389,-71.97039167,Non-Intersection,Dark - Not Lighted,Rain,5:00pm-5:59pm,8,Unknown EMS Scene Arrival Hour,Unknown EMS Scene Arrival Minutes,Unknown,Unknown EMS Hospital Arrival Time,1,Dark - Unlighted,Rain/Wind/Minor,1,2,['Driver'],['Shoulder_Lapbelt'],0,0,Valid,0.0,0.0,39.0,21.0,"['Female', 'Male']",1,0,3,4,5,Wet/Standing Water,Curve,Grade/Hillcrest,Lowest,Yes
7291,9,Connecticut,90221,0,1,1,0,1,NEW FAIRFIELD,December,7,Thursday,13,56,Urban,Medium Speed (Collector),No,41.45789444,-73.47827778,Non-Intersection,Daylight,Cloudy,1:00pm-1:59pm,55,2:00pm-2:59pm,0,Unknown,Unknown EMS Hospital Arrival Time,1,Daylight,Reduced Visibility,1,0,['Driver'],['Shoulder_Lapbelt'],0,0,Valid,0.0,0.0,90.0,90.0,['Male'],0,0,2,4,3,Dry,Straight,Level,Lowest,No
7292,9,Connecticut,90222,0,1,1,0,1,WATERBURY,September,2,Saturday,5,36,Urban,Medium Speed (Collector),No,41.58593889,-73.04203889,Simple Junction,Dawn,Clear,5:00am-5:59am,39,5:00am-5:59am,43,Not Applicable (Not Transported),Not Applicable (Not Transported),1,Twilight,Clear,1,0,['Driver'],['Shoulder_Lapbelt'],1,1,Valid,0.0,0.0,60.0,60.0,['Male'],0,0,3,4,3,Dry,Straight,Grade/Hillcrest,Lowest,No
7293,9,Connecticut,90223,0,2,2,0,2,WETHERSFIELD,November,25,Saturday,2,41,Urban,Medium Speed (Collector),No,41.69163889,-72.656175,Non-Intersection,Dark - Lighted,Clear,2:00am-2:59am,41,Unknown EMS Scene Arrival Hour,Unknown EMS Scene Arrival Minutes,Unknown,Unknown EMS Hospital Arrival Time,1,Dark - Lighted,Clear,1,1,['Driver'],['Shoulder_Lapbelt'],1,1,Valid,0.0,0.0,55.0,23.0,"['Male', 'Male']",1,0,4,4,5,Dry,Straight,Level,Lowest,No
7294,9,Connecticut,90224,0,2,2,0,2,BRIDGEPORT,December,14,Thursday,22,27,Urban,Medium Speed (Collector),No,41.192525,-73.19318333,Simple Junction,Dark - Lighted,Clear,10:00pm-10:59pm,27,Unknown EMS Scene Arrival Hour,Unknown EMS Scene Arrival Minutes,Unknown,Unknown EMS Hospital Arrival Time,1,Dark - Lighted,Clear,1,1,['Driver'],['None_Used'],1,1,Valid,0.0,1.0,44.0,37.0,"['Male', 'Male']",0,0,5,4,5,Dry,Straight,Level,Lowest,No
7295,9,Connecticut,90225,0,1,1,0,1,SHELTON,December,2,Saturday,3,41,Urban,High Speed (Arterial),Yes,41.31022778,-73.09393333,Non-Intersection,Dark - Lighted,Reported as Unknown,3:00am-3:59am,41,3:00am-3:59am,45,Not Applicable (Not Transported),Not Applicable (Not Transported),1,Dark - Lighted,Clear,1,0,['Driver'],['Shoulder_Lapbelt'],1,1,Valid,0.0,0.0,34.0,34.0,['Male'],0,0,3,4,3,Wet/Standing Water,Curve,Level,Lowest,No
7296,9,Connecticut,90226,0,2,2,0,2,WETHERSFIELD,November,25,Saturday,14,32,Urban,Medium Speed (Collector),No,41.68565833,-72.65483056,Non-Intersection,Daylight,Clear,2:00pm-2:59pm,32,Unknown EMS Scene Arrival Hour,Unknown EMS Scene Arrival Minutes,Unknown,Unknown EMS Hospital Arrival Time,2,Daylight,Clear,2,0,"['Driver', 'Driver']","['None_Used', 'Shoulder_Lapbelt']",0,0,Valid,0.0,0.0,76.0,35.0,"['Male', 'Female']",0,0,3,4,5,Dry,Straight,Level,Lowest,No