,State_Code,State_Name,Crash_ID,Count_Non_Motorists,Count_Vehicles_Total,Count_Vehicle_Forms,Count_PVH_Involved,Count_Occupants_MV,City_Name,Month_Name,Day_of_Month,Day_of_Week,Crash_Hour,Crash_Minute,Area_Rural_Urban,Road_Functional_Class,On_NHS_Road,Latitude,Longitude,Intersection_Type,Light_Condition,Weather_Condition,Notif_Hour,Notif_Minute,Arrival_Hour,Arrival_Minute,Hospital_Hour,Hospital_Minute,Fatalities_Count,Clean_Light_Condition,Clean_Weather_Condition,Total_Killed,Total_Alive,Fatal_Seats_List,Killed_Restraint_List,Any_Driver_Drinking,Total_Drinking_Drivers,Driver_License_Category,Driver_Max_Prev_Accident_Count,Driver_Max_Prev_Speeding_Count,Max_Driver_Age,Min_Driver_Age,Driver_Sex_List,Total_Exceeding_Limit_Vehicles,Total_Too_Fast_Vehicles,Max_Vehicle_Type_Severity_5,Max_Vehicle_Damage_Rank,Max_Harmful_Event_Severity,Crash_Road_Surface_Condition,Crash_Horizontal_Alignment,Crash_Vertical_Profile,Crash_Impairment_Category,Crash_Vehicle_Defect
7297,9,Connecticut,90227,0,3,3,0,7,WATERBURY,December,10,Sunday,18,21,Urban,High Speed (Arterial),Yes,41.54761389,-73.068725,Non-Intersection,Dark - Lighted,Rain,6:00pm-6:59pm,31,6:00pm-6:59pm,39,6:00pm-6:59pm,53,1,Dark - Lighted,Rain/Wind/Minor,1,6,['Front_Passenger'],['Shoulder_Lapbelt'],1,1,Valid,0.0,0.0,46.0,32.0,"['Male', 'Male', 'Male']",0,0,3,4,5,Wet/Standing Water,Curve,Level,Lowest,No
7298,9,Connecticut,90228,0,1,1,0,1,WILTON,December,20,Wednesday,20,4,Urban,High Speed (Arterial),Yes,41.23612222,-73.43068611,Non-Intersection,Dark - Not Lighted,Clear,8:00pm-8:59pm,4,Unknown EMS Scene Arrival Hour,Unknown EMS Scene Arrival Minutes,Not Applicable (Not Transported),Not Applicable (Not Transported),1,Dark - Unlighted,Clear,1,0,['Driver'],['None_Used'],0,0,Valid,0.0,1.0,28.0,28.0,['Male'],0,0,3,4,3,Dry,Straight,Level,Lowest,Yes
7299,9,Connecticut,90229,0,1,1,0,1,FRANKLIN,December,22,Friday,6,44,Rural,Low Speed (Local),No,41.58875278,-72.15454167,Non-Intersection,Dark - Not Lighted,Clear,6:00am-6:59am,45,7:00am-7:59am,12,7:00am-7:59am,41,1,Dark - Unlighted,Clear,1,0,['Driver'],['Shoulder_Lapbelt'],0,0,Valid,0.0,0.0,61.0,61.0,['Male'],0,0,4,4,2,Dry,Straight,Level,Lowest,No
7300,9,Connecticut,90230,1,1,1,0,1,HARTFORD,July,17,Monday,20,57,Urban,High Speed (Arterial),Yes,41.77767222,-72.68495833,Non-Intersection,Dark - Lighted,Clear,8:00pm-8:59pm,59,9:00pm-9:59pm,3,9:00pm-9:59pm,19,1,Dark - Lighted,Clear,0,1,[],[],0,0,Valid,0.0,0.0,28.0,28.0,['Female'],0,0,3,3,4,Dry,Straight,Level,Lowest,No
7301,9,Connecticut,90231,0,2,2,0,2,WESTPORT,August,21,Monday,0,28,Urban,High Speed (Arterial),Yes,41.12051667,-73.37189444,Non-Intersection,Dark - Lighted,Clear,0:00am-0:59am,28,0:00am-0:59am,36,Not Applicable (Not Transported),Not Applicable (Not Transported),1,Dark - Lighted,Clear,1,1,['Driver'],['Shoulder_Lapbelt'],0,0,Valid,0.0,0.0,44.0,35.0,"['Male', 'Female']",0,0,4,4,5,Dry,Straight,Level,Lowest,No
7302,9,Connecticut,90232,0,2,2,0,6,WATERBURY,July,21,Friday,2,25,Urban,Medium Speed (Collector),No,41.55448889,-73.03454722,Complex/Circle,Dark - Lighted,Clear,2:00am-2:59am,25,2:00am-2:59am,25,2:00am-2:59am,36,1,Dark - Lighted,Clear,1,5,['Front_Passenger'],['None_Used'],0,0,Invalid,0.0,0.0,38.0,36.0,"['Male', 'Female']",4,0,3,4,5,Dry,Straight,Grade/Hillcrest,Lowest,No
7303,9,Connecticut,90233,0,1,1,0,2,EASTON,October,8,Sunday,6,39,Urban,Medium Speed (Collector),No,41.27596111,-73.29439167,Non-Intersection,Dawn,Clear,6:00am-6:59am,39,Unknown EMS Scene Arrival Hour,Unknown EMS Scene Arrival Minutes,Not Applicable (Not Transported),Not Applicable (Not Transported),2,Twilight,Clear,2,0,"['Driver', 'Front_Passenger']","['None_Used', 'None_Used']",1,1,Valid,0.0,0.0,35.0,35.0,['Male'],2,0,3,4,4,Dry,Curve,Level,Lowest,No
7304,9,Connecticut,90234,0,2,2,0,3,ORANGE,October,30,Monday,3,53,Urban,Medium Speed (Collector),No,41.30216667,-73.02635278,Complex/Circle,Dark - Unknown Lighting,Cloudy,3:00am-3:59am,53,4:00am-4:59am,2,Unknown,Unknown EMS Hospital Arrival Time,1,Dark - Unlighted,Reduced Visibility,1,2,['Front_Passenger'],['Shoulder_Lapbelt'],0,0,Invalid,0.0,0.0,999.0,68.0,"['Other', 'Male']",0,0,2,4,5,Wet/Standing Water,Straight,Level,Lowest,No
7305,9,Connecticut,90235,0,1,1,0,1,SHELTON,August,15,Tuesday,10,1,Urban,Medium Speed (Collector),No,41.30425278,-73.13017222,Non-Intersection,Daylight,Clear,10:00am-10:59am,1,Unknown EMS Scene Arrival Hour,Unknown EMS Scene Arrival Minutes,Unknown,Unknown EMS Hospital Arrival Time,1,Daylight,Clear,1,0,['Driver'],['Shoulder_Lapbelt'],0,0,Valid,0.0,0.0,32.0,32.0,['Male'],1,0,2,4,3,Dry,Straight,Level,Lowest,No
7306,9,Connecticut,90236,1,1,1,0,3,ORANGE,November,14,Tuesday,18,22,Urban,High Speed (Arterial),Yes,41.27825833,-72.98756389,Non-Intersection,Dark - Lighted,Clear,6:00pm-6:59pm,22,6:00pm-6:59pm,24,Unknown,Unknown EMS Hospital Arrival Time,1,Dark - Lighted,Clear,0,3,[],[],0,0,Valid,0.0,0.0,49.0,49.0,['Female'],0,0,3,2,4,Dry,Straight,Level,Lowest,No
7307,9,Connecticut,90237,0,2,2,0,2,EASTON,November,20,Monday,9,0,Rural,Medium Speed (Collector),No,41.29554722,-73.28803333,Non-Intersection,Daylight,Clear,9:00am-9:59am,0,Unknown EMS Scene Arrival Hour,Unknown EMS Scene Arrival Minutes,Unknown,Unknown EMS Hospital Arrival Time,1,Daylight,Clear,1,1,['Driver'],['Shoulder_Lapbelt'],0,0,Valid,0.0,0.0,63.0,47.0,"['Male', 'Female']",0,0,3,4,5,Dry,Straight,Grade/Hillcrest,Lowest,No
7308,9,Connecticut,90238,1,1,1,0,1,NEW BRITAIN,November,1,Wednesday,21,14,Urban,High Speed (Arterial),Yes,41.66050278,-72.77918333,Non-Intersection,Dark - Lighted,Clear,9:00pm-9:59pm,14,Unknown EMS Scene Arrival Hour,Unknown EMS Scene Arrival Minutes,Unknown,Unknown EMS Hospital Arrival Time,1,Dark - Lighted,Clear,0,1,[],[],0,0,Valid,0.0,0.0,25.0,25.0,['Male'],1,0,2,3,4,Dry,Straight,Level,Lowest,Yes
7309,9,Connecticut,90239,1,2,1,1,1,NEW HAVEN,December,5,Tuesday,5,31,Urban,High Speed (Arterial),Yes,41.29161944,-72.921325,Non-Intersection,Dark - Lighted,Clear,5:00am-5:59am,34,5:00am-5:59am,41,5:00am-5:59am,57,1,Dark - Lighted,Clear,0,1,[],[],0,0,Valid,0.0,0.0,41.0,41.0,['Male'],0,0,4,3,4,Dry,Straight,Level,Lowest,No
7310,9,Connecticut,90240,0,1,1,0,1,EAST HARTFORD,December,25,Monday,2,6,Urban,Low Speed (Local),No,41.784775,-72.59884722,Simple Junction,Dark - Lighted,Rain,2:00am-2:59am,10,2:00am-2:59am,12,2:00am-2:59am,29,1,Dark - Lighted,Rain/Wind/Minor,1,0,['Driver'],['Shoulder_Lapbelt'],1,1,Valid,0.0,0.0,26.0,26.0,['Male'],0,0,2,4,3,Wet/Standing Water,Straight,Level,Lowest,No
7311,9,Connecticut,90241,1,1,1,0,1,GREENWICH,March,9,Thursday,99,99,Urban,Low Speed (Local),No,41.03648889,-73.66153056,Simple Junction,Daylight,Clear,3:00pm-3:59pm,16,3:00pm-3:59pm,21,3:00pm-3:59pm,51,1,Daylight,Clear,0,1,[],[],0,0,Valid,0.0,0.0,70.0,70.0,['Female'],0,0,2,4,4,Dry,Curve,Grade/Hillcrest,Medium,No
7312,9,Connecticut,90242,1,1,1,0,1,STAMFORD,December,19,Tuesday,6,50,Urban,Medium Speed (Collector),No,41.09124444,-73.54791389,Non-Intersection,Dawn,Clear,6:00am-6:59am,52,6:00am-6:59am,52,7:00am-7:59am,14,1,Twilight,Clear,0,1,[],[],0,0,Valid,0.0,0.0,58.0,58.0,['Male'],0,0,3,3,4,Dry,Straight,Level,Lowest,No
7313,9,Connecticut,90243,0,1,1,0,2,SALISBURY,December,25,Monday,15,3,Rural,High Speed (Arterial),Yes,42.00669722,-73.36345556,Non-Intersection,Daylight,Clear,3:00pm-3:59pm,0,3:00pm-3:59pm,9,3:00pm-3:59pm,43,1,Daylight,Clear,1,1,['Front_Passenger'],['Shoulder_Lapbelt'],0,0,Valid,0.0,0.0,20.0,20.0,['Male'],0,0,2,4,3,Dry,Straight,Level,Lowest,No
7314,9,Connecticut,90244,0,1,1,0,1,VERNON,July,8,Saturday,23,9,Urban,Medium Speed (Collector),No,41.83116944,-72.46580556,Simple Junction,Dark - Not Lighted,Clear,Unknown,Unknown,Unknown EMS Scene Arrival Hour,Unknown EMS Scene Arrival Minutes,Unknown,Unknown EMS Hospital Arrival Time,1,Dark - Unlighted,Clear,1,0,['Driver'],['None_Used'],1,1,Valid,0.0,0.0,21.0,21.0,['Male'],1,0,5,4,3,Dry,Straight,Level,Lowest,No
7315,9,Connecticut,90245,0,2,2,0,3,TRUMBULL,October,15,Sunday,15,22,Urban,Medium Speed (Collector),No,41.24236667,-73.19055278,Simple Junction,Daylight,Clear,3:00pm-3:59pm,25,3:00pm-3:59pm,34,3:00pm-3:59pm,53,1,Daylight,Clear,1,2,['Front_Passenger'],['None_Used'],0,0,Valid,0.0,0.0,46.0,22.0,"['Male', 'Male']",2,0,2,4,5,Dry,Straight,Level,Lowest,No
7316,9,Connecticut,90246,0,2,2,0,2,WATERBURY,June,13,Tuesday,5,39,Urban,Medium Speed (Collector),No,41.57650833,-73.02004444,Non-Intersection,Dawn,Clear,5:00am-5:59am,40,5:00am-5:59am,43,6:00am-6:59am,0,1,Twilight,Clear,1,1,['Driver'],['Shoulder_Lapbelt'],0,0,Valid,0.0,0.0,50.0,46.0,"['Female', 'Male']",1,0,4,4,5,Wet/Standing Water,Curve,Grade/Hillcrest,Lowest,No
7317,9,Connecticut,90247,0,2,2,0,2,WATERBURY,September,17,Sunday,3,41,Urban,Medium Speed (Collector),No,41.55661667,-73.04342778,Non-Intersection,Dark - Lighted,Clear,3:00am-3:59am,41,3:00am-3:59am,45,4:00am-4:59am,0,1,Dark - Lighted,Clear,1,1,['Driver'],['Shoulder_Lapbelt'],1,1,Valid,0.0,0.0,43.0,41.0,"['Male', 'Male']",1,0,3,4,5,Dry,Curve,Level,Lowest,No
7318,9,Connecticut,90248,0,2,2,0,3,TRUMBULL,November,4,Saturday,12,7,Urban,High Speed (Arterial),Yes,41.25815833,-73.20748889,Non-Intersection,Daylight,Clear,12:00pm-12:59pm,9,12:00pm-12:59pm,29,12:00pm-12:59pm,46,1,Daylight,Clear,1,2,['Driver'],['None_Used'],0,0,Valid,0.0,0.0,52.0,37.0,"['Male', 'Male']",0,0,4,4,5,Dry,Curve,Level,Lowest,No
7319,9,Connecticut,90249,0,2,2,0,2,BRISTOL,December,22,Friday,16,32,Urban,High Speed (Arterial),Yes,41.652225,-72.96631667,Non-Intersection,Dusk,Clear,4:00pm-4:59pm,35,4:00pm-4:59pm,39,5:00pm-5:59pm,8,1,Twilight,Clear,1,1,['Driver'],['None_Used'],0,0,Valid,0.0,0.0,62.0,21.0,"['Female', 'Male']",0,0,3,4,5,Wet/Standing Water,Straight,Grade/Hillcrest,Lowest,No
7320,9,Connecticut,90250,0,2,2,0,2,NORWALK,July,21,Friday,21,58,Urban,High Speed (Arterial),Yes,41.11176389,-73.4197,Complex/Circle,Dark - Not Lighted,Clear,9:00pm-9:59pm,58,Unknown EMS Scene Arrival Hour,Unknown EMS Scene Arrival Minutes,Unknown,Unknown EMS Hospital Arrival Time,1,Dark - Unlighted,Clear,1,1,['Driver'],['None_Used'],1,1,Valid,0.0,0.0,45.0,24.0,"['Male', 'Male']",0,0,5,4,5,Dry,Straight,Level,Lowest,No
7321,9,Connecticut,90251,1,1,1,0,1,BERLIN,December,11,Monday,5,6,Urban,High Speed (Arterial),Yes,41.59941111,-72.75405,Simple Junction,Dark - Lighted,Rain,Unknown,Unknown,Unknown EMS Scene Arrival Hour,Unknown EMS Scene Arrival Minutes,Unknown,Unknown EMS Hospital Arrival Time,1,Dark - Lighted,Rain/Wind/Minor,0,1,[],[],0,0,Valid,0.0,0.0,66.0,66.0,['Female'],0,0,3,4,4,Wet/Standing Water,Straight,Grade/Hillcrest,Lowest,No
7322,9,Connecticut,90252,0,1,1,0,1,NORWALK,June,14,Wednesday,11,24,Urban,Low Speed (Local),No,41.11676111,-73.41179722,Non-Intersection,Daylight,Clear,11:00am-11:59am,24,Unknown EMS Scene Arrival Hour,Unknown EMS Scene Arrival Minutes,Unknown,Unknown EMS Hospital Arrival Time,1,Daylight,Clear,1,0,['Driver'],['Shoulder_Lapbelt'],0,0,Valid,0.0,0.0,71.0,71.0,['Male'],0,0,3,4,4,Dry,Straight,Level,Lowest,No
7323,9,Connecticut,90253,0,2,2,0,2,THOMPSON,December,23,Saturday,15,57,Rural,Low Speed (Local),No,41.97090278,-71.820175,Non-Intersection,Daylight,Clear,Unknown,Unknown,Unknown EMS Scene Arrival Hour,Unknown EMS Scene Arrival Minutes,Unknown,Unknown EMS Hospital Arrival Time,1,Daylight,Clear,1,1,['Driver'],['None_Used'],1,1,Valid,1.0,2.0,22.0,21.0,"['Male', 'Male']",0,0,5,4,5,Loose/Unpaved,Straight,Level,Lowest,No
7324,9,Connecticut,90254,1,1,1,0,1,HARTFORD,April,22,Saturday,22,56,Urban,Medium Speed (Collector),No,41.767625,-72.70088889,Non-Intersection,Dark - Lighted,Rain,10:00pm-10:59pm,56,11:00pm-11:59pm,2,11:00pm-11:59pm,34,1,Dark - Lighted,Rain/Wind/Minor,0,1,[],[],0,0,Invalid,0.0,0.0,38.0,38.0,['Male'],0,0,3,2,4,Wet/Standing Water,Straight,Level,Lowest,No
7325,9,Connecticut,90255,0,2,2,0,2,NORTH HAVEN,April,24,Monday,3,13,Urban,High Speed (Arterial),Yes,41.36385,-72.86918611,Non-Intersection,Dark - Lighted,"Fog, Smog, Smoke",3:00am-3:59am,13,3:00am-3:59am,19,Unknown,Unknown EMS Hospital Arrival Time,1,Dark - Lighted,Reduced Visibility,1,1,['Driver'],['Shoulder_Lapbelt'],0,0,Valid,0.0,0.0,62.0,44.0,"['Male', 'Male']",0,0,2,4,5,Dry,Straight,Grade/Hillcrest,Lowest,No
7326,9,Connecticut,90256,0,1,1,0,1,LEDYARD,December,8,Friday,15,49,Rural,Medium Speed (Collector),No,41.43377222,-72.01429722,Non-Intersection,Daylight,Clear,3:00pm-3:59pm,49,Unknown EMS Scene Arrival Hour,Unknown EMS Scene Arrival Minutes,Unknown,Unknown EMS Hospital Arrival Time,1,Daylight,Clear,1,0,['Driver'],['Shoulder_Lapbelt'],0,0,Valid,0.0,0.0,66.0,66.0,['Female'],0,0,2,4,3,Dry,Curve,Level,Lowest,No
7327,9,Connecticut,90257,0,2,2,0,2,STAMFORD,December,27,Wednesday,14,28,Urban,High Speed (Arterial),Yes,41.07873056,-73.55359722,Simple Junction,Daylight,Rain,2:00pm-2:59pm,28,Unknown EMS Scene Arrival Hour,Unknown EMS Scene Arrival Minutes,Unknown,Unknown EMS Hospital Arrival Time,1,Daylight,Rain/Wind/Minor,1,1,['Driver'],['Shoulder_Lapbelt'],0,0,Valid,0.0,0.0,77.0,51.0,"['Female', 'Female']",0,0,3,4,5,Wet/Standing Water,Straight,Level,Lowest,No
7328,9,Connecticut,90258,0,1,1,0,1,MIDDLETOWN,December,6,Wednesday,23,36,Urban,Low Speed (Local),No,41.59646111,-72.73164444,Non-Intersection,Dark - Not Lighted,Clear,11:00pm-11:59pm,44,11:00pm-11:59pm,47,Not Applicable (Not Transported),Not Applicable (Not Transported),1,Dark - Unlighted,Clear,1,0,['Driver'],['Shoulder_Lapbelt'],1,1,Valid,0.0,0.0,30.0,30.0,['Male'],1,0,2,4,3,Dry,Straight,Grade/Hillcrest,Lowest,No
7329,9,Connecticut,90259,0,2,2,0,3,MIDDLETOWN,December,11,Monday,19,46,Urban,Medium Speed (Collector),No,41.50380278,-72.67255278,Non-Intersection,Dark - Lighted,Clear,7:00pm-7:59pm,49,7:00pm-7:59pm,57,Unknown,Unknown EMS Hospital Arrival Time,1,Dark - Lighted,Clear,1,2,['Driver'],['None_Used'],1,1,Valid,0.0,0.0,53.0,23.0,"['Female', 'Male']",2,0,2,4,5,Dry,Straight,Level,Lowest,No
7330,9,Connecticut,90261,0,2,2,0,3,TRUMBULL,December,6,Wednesday,20,23,Urban,High Speed (Arterial),Yes,41.22716389,-73.16423056,Non-Intersection,Dark - Lighted,Clear,8:00pm-8:59pm,24,8:00pm-8:59pm,33,Unknown,Unknown EMS Hospital Arrival Time,1,Dark - Lighted,Clear,1,2,['Driver'],['Shoulder_Lapbelt'],0,0,Valid,0.0,0.0,34.0,26.0,"['Male', 'Male']",0,0,3,4,5,Dry,Straight,Level,Lowest,No
7331,9,Connecticut,90262,1,2,2,0,2,WESTPORT,December,23,Saturday,22,38,Urban,High Speed (Arterial),Yes,41.168525,-73.34201944,Non-Intersection,Dark - Lighted,Clear,10:00pm-10:59pm,50,11:00pm-11:59pm,0,11:00pm-11:59pm,42,1,Dark - Lighted,Clear,0,2,[],[],0,0,Valid,0.0,0.0,70.0,70.0,['Male'],0,0,2,4,5,Dry,Straight,Grade/Hillcrest,Lowest,No
7332,9,Connecticut,90263,0,2,2,0,2,WILLINGTON HILL,November,28,Tuesday,4,30,Rural,Medium Speed (Collector),No,41.92421389,-72.30387778,Non-Intersection,Dark - Not Lighted,Clear,4:00am-4:59am,31,4:00am-4:59am,43,5:00am-5:59am,37,1,Dark - Unlighted,Clear,1,1,['Driver'],['Shoulder_Lapbelt'],0,0,Valid,0.0,0.0,55.0,18.0,"['Male', 'Male']",0,0,3,4,5,Dry,Curve,Level,Lowest,No
7333,9,Connecticut,90264,1,1,1,0,1,STAMFORD,November,21,Tuesday,6,13,Urban,High Speed (Arterial),No,41.04880833,-73.56293333,Complex/Circle,Dawn,Clear,6:00am-6:59am,15,6:00am-6:59am,18,Not Applicable (Not Transported),Not Applicable (Not Transported),1,Twilight,Clear,0,1,[],[],0,0,Valid,0.0,0.0,57.0,57.0,['Male'],0,0,2,4,4,Dry,Straight,Level,Lowest,No
7334,9,Connecticut,90265,0,2,2,0,3,VERNON,June,17,Saturday,17,48,Urban,High Speed (Arterial),Yes,41.85218889,-72.43438611,Non-Intersection,Daylight,Clear,5:00pm-5:59pm,47,5:00pm-5:59pm,53,Not Applicable (Not Transported),Not Applicable (Not Transported),1,Daylight,Clear,1,2,['Driver'],['None_Used'],1,1,Valid,0.0,0.0,54.0,27.0,"['Male', 'Male']",0,0,3,4,5,Dry,Curve,Level,Lowest,No
7335,9,Connecticut,90266,1,1,1,0,1,VERNON,September,7,Thursday,5,12,Urban,Medium Speed (Collector),No,41.83004722,-72.4955,Non-Intersection,Dark - Lighted,Clear,5:00am-5:59am,12,5:00am-5:59am,24,Not Applicable (Not Transported),Not Applicable (Not Transported),1,Dark - Lighted,Clear,0,1,[],[],0,0,Valid,0.0,0.0,54.0,54.0,['Male'],0,0,2,4,4,Dry,Straight,Level,Lowest,No
7336,9,Connecticut,90267,0,1,1,0,2,ENFIELD,December,10,Sunday,1,57,Urban,High Speed (Arterial),Yes,41.94345556,-72.60630833,Non-Intersection,Dark - Lighted,"Fog, Smog, Smoke",Unknown,Unknown,Unknown EMS Scene Arrival Hour,Unknown EMS Scene Arrival Minutes,Unknown,Unknown EMS Hospital Arrival Time,1,Dark - Lighted,Reduced Visibility,1,1,['Rear_Seat'],['Shoulder_Lapbelt'],0,0,Valid,0.0,0.0,30.0,30.0,['Female'],2,0,2,4,3,Dry,Straight,Level,Lowest,No
7337,9,Connecticut,90268,0,2,2,0,4,NORWICH,December,1,Friday,21,29,Urban,Medium Speed (Collector),No,41.53658056,-72.08291389,Simple Junction,Dark - Lighted,Rain,9:00pm-9:59pm,40,9:00pm-9:59pm,43,9:00pm-9:59pm,59,1,Dark - Lighted,Rain/Wind/Minor,1,3,['Front_Passenger'],['Shoulder_Lapbelt'],0,0,Valid,0.0,0.0,65.0,34.0,"['Female', 'Female']",0,0,3,4,5,Wet/Standing Water,Straight,Level,Lowest,Yes
7338,9,Connecticut,90269,0,3,3,0,4,WEST HARTFORD,September,6,Wednesday,20,8,Urban,High Speed (Arterial),Yes,41.749925,-72.71948333,Non-Intersection,Dark - Lighted,Clear,Unknown,Unknown,Unknown EMS Scene Arrival Hour,Unknown EMS Scene Arrival Minutes,Unknown,Unknown EMS Hospital Arrival Time,2,Dark - Lighted,Clear,2,2,"['Driver', 'Rear_Seat']","['Shoulder_Lapbelt', 'Child_Safety']",1,1,Valid,0.0,1.0,30.0,26.0,"['Female', 'Male', 'Female']",3,0,4,4,5,Dry,Straight,Level,Lowest,No
7339,9,Connecticut,90270,1,1,1,0,1,MANSFIELD CENTER,October,23,Monday,6,44,Urban,High Speed (Arterial),Yes,41.80886111,-72.2996,Complex/Circle,Dark - Unknown Lighting,Clear,6:00am-6:59am,44,6:00am-6:59am,51,7:00am-7:59am,57,1,Dark - Unlighted,Clear,0,1,[],[],0,0,Valid,0.0,0.0,29.0,29.0,['Male'],0,0,3,3,4,Dry,Straight,Grade/Hillcrest,Lowest,No
7340,9,Connecticut,90271,0,1,1,0,1,WINDSOR,October,1,Sunday,17,7,Urban,Medium Speed (Collector),No,41.88015278,-72.708725,Non-Intersection,Daylight,Clear,5:00pm-5:59pm,8,5:00pm-5:59pm,13,Not Applicable (Not Transported),Not Applicable (Not Transported),1,Daylight,Clear,1,0,['Driver'],['None_Used'],0,0,Valid,0.0,0.0,20.0,20.0,['Male'],1,0,5,4,1,Wet/Standing Water,Straight,Level,Lowest,No
7341,9,Connecticut,90272,1,1,1,0,1,WATERBURY,December,21,Thursday,17,24,Urban,Medium Speed (Collector),No,41.58435556,-73.07521944,Non-Intersection,Dark - Lighted,Clear,5:00pm-5:59pm,24,5:00pm-5:59pm,34,5:00pm-5:59pm,40,1,Dark - Lighted,Clear,0,1,[],[],0,0,Valid,0.0,0.0,24.0,24.0,['Male'],0,0,2,3,4,Dry,Straight,Level,Lowest,No
7342,9,Connecticut,90273,0,1,1,0,1,BERLIN,August,8,Tuesday,19,30,Urban,High Speed (Arterial),Yes,41.62885556,-72.75036667,Non-Intersection,Dusk,Clear,Unknown,Unknown,Unknown EMS Scene Arrival Hour,Unknown EMS Scene Arrival Minutes,Not Applicable (Not Transported),Not Applicable (Not Transported),1,Twilight,Clear,1,0,['Driver'],['None_Used'],1,1,Invalid,0.0,0.0,46.0,46.0,['Male'],0,0,5,4,2,Dry,Curve,Grade/Hillcrest,Lowest,No
7343,9,Connecticut,90274,0,3,3,0,5,NEW MILFORD,September,22,Friday,14,25,Urban,High Speed (Arterial),Yes,41.54534444,-73.42102778,Non-Intersection,Daylight,Clear,2:00pm-2:59pm,27,2:00pm-2:59pm,33,2:00pm-2:59pm,50,1,Daylight,Clear,1,4,['Front_Passenger'],['None_Used'],0,0,Valid,0.0,0.0,62.0,17.0,"['Male', 'Male', 'Female']",2,0,3,4,5,Dry,Straight,Level,Lowest,No
7344,9,Connecticut,90275,0,2,2,0,2,TOLLAND,January,23,Monday,13,16,Urban,High Speed (Arterial),Yes,41.88073333,-72.32365556,Non-Intersection,Daylight,Snow,1:00pm-1:59pm,16,1:00pm-1:59pm,20,2:00pm-2:59pm,11,1,Daylight,Snow/Ice/Severe,1,1,['Driver'],['Shoulder_Lapbelt'],0,0,Valid,0.0,1.0,59.0,50.0,"['Male', 'Male']",0,0,4,4,5,Icy/Snowy,Straight,Grade/Hillcrest,Lowest,No
7345,9,Connecticut,90276,0,2,2,0,5,DERBY,September,8,Friday,19,14,Urban,High Speed (Arterial),Yes,41.33700833,-73.11592778,Non-Intersection,Dusk,Cloudy,7:00pm-7:59pm,22,7:00pm-7:59pm,24,8:00pm-8:59pm,20,1,Twilight,Reduced Visibility,1,4,['Driver'],['Shoulder_Lapbelt'],1,1,Valid,0.0,0.0,55.0,55.0,"['Male', 'Female']",1,0,3,4,5,Wet/Standing Water,Curve,Level,Lowest,No
7346,9,Connecticut,90277,0,3,3,0,5,NEW MILFORD,August,13,Sunday,18,33,Urban,High Speed (Arterial),Yes,41.64653333,-73.48405278,Simple Junction,Daylight,Clear,6:00pm-6:59pm,37,6:00pm-6:59pm,47,7:00pm-7:59pm,20,1,Daylight,Clear,1,4,['Driver'],['None_Used'],1,1,Valid,0.0,0.0,45.0,34.0,"['Male', 'Male', 'Male']",1,0,5,4,5,Dry,Straight,Level,Lowest,No
7347,9,Connecticut,90278,0,1,1,0,4,MIDDLETOWN,September,30,Saturday,22,16,Urban,Low Speed (Local),No,41.53791111,-72.61113611,Non-Intersection,Dark - Lighted,Clear,10:00pm-10:59pm,16,Unknown EMS Scene Arrival Hour,Unknown EMS Scene Arrival Minutes,Unknown,Unknown EMS Hospital Arrival Time,1,Dark - Lighted,Clear,1,3,['Front_Passenger'],['None_Used'],0,0,Valid,0.0,0.0,20.0,20.0,['Male'],4,0,3,1,1,Dry,Straight,Grade/Hillcrest,Lowest,Yes
7348,9,Connecticut,90279,0,2,2,0,4,PALMERTOWN,August,19,Saturday,20,12,Urban,Medium Speed (Collector),No,41.453525,-72.10665833,Non-Intersection,Dusk,Clear,8:00pm-8:59pm,10,8:00pm-8:59pm,13,Not Applicable (Not Transported),Not Applicable (Not Transported),1,Twilight,Clear,1,3,['Driver'],['None_Used'],0,0,Valid,0.0,0.0,50.0,36.0,"['Male', 'Male']",0,0,5,4,5,Dry,Straight,Level,Lowest,No
7349,9,Connecticut,90280,0,1,1,0,1,MILFORD,September,2,Saturday,17,5,Urban,Medium Speed (Collector),No,41.2361,-72.99775,Simple Junction,Daylight,Clear,5:00pm-5:59pm,4,5:00pm-5:59pm,10,5:00pm-5:59pm,36,1,Daylight,Clear,1,0,['Driver'],['None_Used'],1,1,Valid,0.0,0.0,37.0,37.0,['Male'],0,0,5,3,3,Dry,Straight,Level,Lowest,No
7350,9,Connecticut,90281,0,2,2,0,3,HARTFORD,July,19,Wednesday,20,24,Urban,Medium Speed (Collector),No,41.78621667,-72.67027222,Simple Junction,Daylight,Clear,8:00pm-8:59pm,24,8:00pm-8:59pm,24,Not Applicable (Not Transported),Not Applicable (Not Transported),1,Daylight,Clear,1,2,['Driver'],['None_Used'],0,0,Valid,0.0,0.0,31.0,22.0,"['Male', 'Female']",2,0,5,4,5,Dry,Straight,Level,Lowest,No
7351,9,Connecticut,90282,1,1,1,0,1,SIMSBURY,September,21,Thursday,9,47,Urban,High Speed (Arterial),Yes,41.88516944,-72.798575,Complex/Circle,Daylight,Clear,9:00am-9:59am,47,9:00am-9:59am,53,10:00am-10:59am,16,1,Daylight,Clear,0,1,[],[],0,0,Valid,0.0,0.0,77.0,77.0,['Male'],0,0,3,2,4,Dry,Straight,Level,Lowest,No
7352,9,Connecticut,90283,0,3,3,0,5,EAST HARTFORD,November,16,Thursday,17,45,Urban,High Speed (Arterial),Yes,41.76476389,-72.64609722,Non-Intersection,Dark - Lighted,Clear,5:00pm-5:59pm,45,5:00pm-5:59pm,52,Unknown,Unknown EMS Hospital Arrival Time,1,Dark - Lighted,Clear,1,4,['Rear_Seat'],['Shoulder_Lapbelt'],0,0,Valid,1.0,1.0,57.0,21.0,"['Male', 'Male', 'Male']",0,0,4,4,5,Dry,Straight,Grade/Hillcrest,Lowest,No