,State_Code,State_Name,Crash_ID,Count_Non_Motorists,Count_Vehicles_Total,Count_Vehicle_Forms,Count_PVH_Involved,Count_Occupants_MV,City_Name,Month_Name,Day_of_Month,Day_of_Week,Crash_Hour,Crash_Minute,Area_Rural_Urban,Road_Functional_Class,On_NHS_Road,Latitude,Longitude,Intersection_Type,Light_Condition,Weather_Condition,Notif_Hour,Notif_Minute,Arrival_Hour,Arrival_Minute,Hospital_Hour,Hospital_Minute,Fatalities_Count,Clean_Light_Condition,Clean_Weather_Condition,Total_Killed,Total_Alive,Fatal_Seats_List,Killed_Restraint_List,Any_Driver_Drinking,Total_Drinking_Drivers,Driver_License_Category,Driver_Max_Prev_Accident_Count,Driver_Max_Prev_Speeding_Count,Max_Driver_Age,Min_Driver_Age,Driver_Sex_List,Total_Exceeding_Limit_Vehicles,Total_Too_Fast_Vehicles,Max_Vehicle_Type_Severity_5,Max_Vehicle_Damage_Rank,Max_Harmful_Event_Severity,Crash_Road_Surface_Condition,Crash_Horizontal_Alignment,Crash_Vertical_Profile,Crash_Impairment_Category,Crash_Vehicle_Defect
7353,9,Connecticut,90284,0,1,1,0,1,EAST HARTFORD,December,6,Wednesday,21,42,Urban,High Speed (Arterial),Yes,41.76604167,-72.65793611,Non-Intersection,Dark - Lighted,Clear,Unknown,Unknown,Unknown EMS Scene Arrival Hour,Unknown EMS Scene Arrival Minutes,Not Applicable (Not Transported),Not Applicable (Not Transported),1,Dark - Lighted,Clear,1,0,['Driver'],['Shoulder_Lapbelt'],1,1,Valid,0.0,0.0,58.0,58.0,['Male'],0,0,3,4,3,Dry,Curve,Level,Lowest,No
7354,9,Connecticut,90285,0,1,1,0,2,WINDSOR,December,15,Friday,22,19,Rural,High Speed (Arterial),Yes,41.914975,-72.673125,Non-Intersection,Dark - Lighted,Clear,10:00pm-10:59pm,19,10:00pm-10:59pm,24,Unknown,Unknown EMS Hospital Arrival Time,1,Dark - Lighted,Clear,1,1,['Front_Passenger'],['None_Used'],0,0,Valid,0.0,0.0,27.0,27.0,['Male'],0,0,2,4,3,Dry,Straight,Level,Lowest,No
7355,9,Connecticut,90286,0,2,2,0,4,MIDDLETOWN,December,25,Monday,9,4,Urban,High Speed (Arterial),Yes,41.55718611,-72.74166944,Non-Intersection,Daylight,"Fog, Smog, Smoke",9:00am-9:59am,4,Unknown EMS Scene Arrival Hour,Unknown EMS Scene Arrival Minutes,Unknown,Unknown EMS Hospital Arrival Time,1,Daylight,Reduced Visibility,1,3,['Rear_Seat'],['Shoulder_Lapbelt'],0,0,Valid,0.0,0.0,53.0,19.0,"['Male', 'Male']",0,0,2,4,3,Wet/Standing Water,Curve,Level,Lowest,No
7356,9,Connecticut,90287,1,2,1,1,1,HARTFORD,October,5,Thursday,22,39,Urban,Medium Speed (Collector),No,41.75291111,-72.69722778,Non-Intersection,Dark - Lighted,Clear,10:00pm-10:59pm,40,10:00pm-10:59pm,46,11:00pm-11:59pm,3,1,Dark - Lighted,Clear,0,1,[],[],0,0,Invalid,0.0,0.0,999.0,999.0,['Other'],1,0,2,3,4,Dry,Straight,Grade/Hillcrest,Lowest,Yes
7357,9,Connecticut,90288,0,1,1,0,1,WATERBURY,December,13,Wednesday,20,49,Urban,Low Speed (Local),No,41.58383056,-73.03514167,Non-Intersection,Dark - Unknown Lighting,Reported as Unknown,8:00pm-8:59pm,49,8:00pm-8:59pm,53,9:00pm-9:59pm,53,1,Dark - Unlighted,Clear,1,0,['Driver'],['Shoulder_Lapbelt'],0,0,Valid,0.0,0.0,54.0,54.0,['Male'],0,0,3,0,2,Dry,Straight,Level,Lowest,No
7358,9,Connecticut,90289,0,1,1,0,1,BRANFORD,December,19,Tuesday,10,4,Urban,High Speed (Arterial),Yes,41.291675,-72.80825,Non-Intersection,Daylight,Clear,10:00am-10:59am,4,10:00am-10:59am,13,10:00am-10:59am,30,1,Daylight,Clear,1,0,['Driver'],['None_Used'],0,0,Valid,0.0,0.0,77.0,77.0,['Male'],0,0,3,4,3,Dry,Straight,Level,Lowest,No
7359,9,Connecticut,90290,0,2,2,0,3,DERBY,December,22,Friday,15,33,Urban,Medium Speed (Collector),No,41.32078889,-73.08067222,Non-Intersection,Daylight,Clear,3:00pm-3:59pm,34,3:00pm-3:59pm,41,4:00pm-4:59pm,13,1,Daylight,Clear,1,2,['Driver'],['Shoulder_Lapbelt'],1,1,Valid,0.0,0.0,58.0,18.0,"['Male', 'Male']",0,0,3,4,5,Dry,Straight,Level,Lowest,No
7360,9,Connecticut,90291,1,1,1,0,1,SOUTHINGTON,October,3,Tuesday,1,46,Urban,High Speed (Arterial),Yes,41.59883333,-72.90265556,Non-Intersection,Dark - Not Lighted,Clear,1:00am-1:59am,46,Unknown EMS Scene Arrival Hour,Unknown EMS Scene Arrival Minutes,Not Applicable (Not Transported),Not Applicable (Not Transported),1,Dark - Unlighted,Clear,0,1,[],[],0,0,Valid,0.0,0.0,59.0,59.0,['Male'],0,0,4,4,4,Dry,Straight,Level,Lowest,No
7361,9,Connecticut,90292,1,2,1,1,6,WETHERSFIELD,October,22,Sunday,4,53,Urban,High Speed (Arterial),Yes,41.71158611,-72.64696389,Non-Intersection,Dark - Lighted,Clear,4:00am-4:59am,53,4:00am-4:59am,59,5:00am-5:59am,27,3,Dark - Lighted,Clear,3,3,"['Driver', 'Rear_Seat', 'Front_Passenger']","['Shoulder_Lapbelt', 'Shoulder_Lapbelt', 'Shoulder_Lapbelt']",0,0,Invalid,0.0,0.0,40.0,40.0,['Male'],0,0,3,4,5,Dry,Straight,Level,Lowest,No
7362,9,Connecticut,90293,0,1,1,0,1,SALEM,February,18,Saturday,19,0,Rural,Low Speed (Local),No,41.50941944,-72.31248611,Non-Intersection,Dark - Not Lighted,Clear,Unknown,Unknown,Unknown EMS Scene Arrival Hour,Unknown EMS Scene Arrival Minutes,Unknown,Unknown EMS Hospital Arrival Time,1,Dark - Unlighted,Clear,1,0,['Driver'],['None_Used'],0,0,Valid,0.0,0.0,79.0,79.0,['Female'],0,0,2,1,1,Dry,Straight,Grade/Hillcrest,Lowest,No
7363,9,Connecticut,90294,0,2,2,0,2,HARTFORD,October,17,Tuesday,0,27,Urban,High Speed (Arterial),Yes,41.74776944,-72.66005833,Non-Intersection,Dark - Lighted,Clear,0:00am-0:59am,27,0:00am-0:59am,38,Not Applicable (Not Transported),Not Applicable (Not Transported),1,Dark - Lighted,Clear,1,1,['Driver'],['Shoulder_Lapbelt'],0,0,Valid,1.0,0.0,77.0,37.0,"['Male', 'Male']",0,0,4,4,5,Dry,Curve,Grade/Hillcrest,Lowest,No
7364,9,Connecticut,90295,1,2,2,0,3,HARTFORD,October,7,Saturday,2,59,Urban,High Speed (Arterial),Yes,41.76948056,-72.66786944,Non-Intersection,Dark - Lighted,Clear,Unknown,Unknown,Unknown EMS Scene Arrival Hour,Unknown EMS Scene Arrival Minutes,Unknown,Unknown EMS Hospital Arrival Time,1,Dark - Lighted,Clear,0,3,[],[],0,0,Invalid,0.0,0.0,21.0,21.0,['Female'],1,0,2,4,5,Dry,Straight,Grade/Hillcrest,Lowest,Yes
7365,9,Connecticut,90296,1,1,1,0,2,STRATFORD,October,2,Monday,19,17,Urban,Medium Speed (Collector),No,41.20517778,-73.13191111,Simple Junction,Dark - Lighted,Clear,7:00pm-7:59pm,17,7:00pm-7:59pm,23,7:00pm-7:59pm,43,1,Dark - Lighted,Clear,0,2,[],[],0,0,Valid,0.0,0.0,39.0,39.0,['Male'],0,0,3,3,4,Dry,Straight,Level,Lowest,No
7366,9,Connecticut,90297,1,1,1,0,1,ENFIELD,February,20,Monday,99,99,Urban,High Speed (Arterial),Yes,41.76948056,-72.66786667,Non-Intersection,Dark - Lighted,Clear,10:00pm-10:59pm,23,10:00pm-10:59pm,34,Not Applicable (Not Transported),Not Applicable (Not Transported),1,Dark - Lighted,Clear,0,1,[],[],0,0,Invalid,0.0,0.0,999.0,999.0,['Other'],0,0,1,0,4,Dry,Curve,Level,Lowest,No
7367,9,Connecticut,90298,0,1,1,0,1,BRANFORD,August,29,Tuesday,99,99,Urban,High Speed (Arterial),Yes,41.28644722,-72.83340556,Non-Intersection,Not Reported,Not Reported,Unknown,Unknown,Unknown EMS Scene Arrival Hour,Unknown EMS Scene Arrival Minutes,Unknown,Unknown EMS Hospital Arrival Time,1,Dark - Unlighted,Clear,1,0,['Driver'],['Shoulder_Lapbelt'],0,0,Valid,0.0,0.0,76.0,76.0,['Male'],0,0,2,3,3,Dry,Straight,Level,Medium,No
7368,10,Delaware,100001,2,1,1,0,2,WILMINGTON,January,1,Sunday,1,18,Urban,High Speed (Arterial),No,39.7504,-75.55421944,Non-Intersection,Dark - Lighted,"Fog, Smog, Smoke",1:00am-1:59am,18,1:00am-1:59am,19,1:00am-1:59am,41,1,Dark - Lighted,Reduced Visibility,0,2,[],[],1,1,Valid,0.0,1.0,27.0,27.0,['Female'],0,0,2,3,4,Wet/Standing Water,Straight,Level,Lowest,No
7369,10,Delaware,100002,0,2,2,0,4,NOT APPLICABLE,January,7,Saturday,14,44,Rural,High Speed (Arterial),Yes,38.9022,-75.57086944,Non-Intersection,Daylight,Clear,2:00pm-2:59pm,46,2:00pm-2:59pm,51,3:00pm-3:59pm,29,1,Daylight,Clear,1,3,['Rear_Seat'],['Child_Safety'],0,0,Valid,0.0,1.0,49.0,27.0,"['Female', 'Male']",2,0,3,4,5,Dry,Straight,Level,Lowest,No
7370,10,Delaware,100003,0,2,1,1,2,NOT APPLICABLE,January,14,Saturday,21,11,Rural,Medium Speed (Collector),No,38.49110278,-75.17985,Non-Intersection,Dark - Not Lighted,Clear,9:00pm-9:59pm,9,9:00pm-9:59pm,21,10:00pm-10:59pm,16,2,Dark - Unlighted,Clear,2,0,"['Driver', 'Front_Passenger']","['None_Used', 'None_Used']",1,1,Valid,0.0,1.0,28.0,28.0,['Male'],2,0,3,4,3,Dry,Straight,Level,Lowest,No
7371,10,Delaware,100004,1,2,2,0,2,NOT APPLICABLE,January,16,Monday,17,42,Rural,High Speed (Arterial),Yes,38.91476667,-75.56899167,Complex/Circle,Dark - Lighted,Cloudy,5:00pm-5:59pm,44,5:00pm-5:59pm,48,Not Applicable (Not Transported),Not Applicable (Not Transported),1,Dark - Lighted,Reduced Visibility,0,2,[],[],0,0,Valid,0.0,0.0,65.0,30.0,"['Male', 'Male']",0,0,3,2,4,Dry,Straight,Level,Lowest,No
7372,10,Delaware,100005,0,2,2,0,4,NOT APPLICABLE,January,17,Tuesday,17,9,Rural,Medium Speed (Collector),No,38.53513889,-75.45848889,Non-Intersection,Daylight,Clear,5:00pm-5:59pm,9,5:00pm-5:59pm,23,6:00pm-6:59pm,20,2,Daylight,Clear,2,2,"['Driver', 'Driver']","['None_Used', 'Shoulder_Lapbelt']",1,1,Valid,0.0,1.0,38.0,27.0,"['Male', 'Female']",0,0,3,4,5,Wet/Standing Water,Straight,Level,Lowest,No
7373,10,Delaware,100006,1,1,1,0,2,NOT APPLICABLE,January,22,Sunday,19,23,Rural,High Speed (Arterial),No,38.71266944,-75.10211111,Non-Intersection,Dark - Unknown Lighting,Rain,7:00pm-7:59pm,19,7:00pm-7:59pm,26,7:00pm-7:59pm,52,1,Dark - Unlighted,Rain/Wind/Minor,0,2,[],[],1,1,Valid,0.0,0.0,40.0,40.0,['Male'],0,0,2,2,4,Wet/Standing Water,Straight,Level,Lowest,Yes
7374,10,Delaware,100007,0,1,1,0,1,NOT APPLICABLE,January,23,Monday,0,17,Urban,Medium Speed (Collector),No,39.29238611,-75.59690833,Non-Intersection,Dark - Unknown Lighting,Rain,0:00am-0:59am,14,0:00am-0:59am,17,Not Applicable (Not Transported),Not Applicable (Not Transported),1,Dark - Unlighted,Rain/Wind/Minor,1,0,['Driver'],['Shoulder_Lapbelt'],0,0,Invalid,0.0,0.0,36.0,36.0,['Male'],1,0,2,4,3,Wet/Standing Water,Straight,Level,Lowest,No
7375,10,Delaware,100008,0,2,2,0,2,NOT APPLICABLE,January,23,Monday,7,9,Rural,High Speed (Arterial),Yes,38.62893889,-75.59188889,Non-Intersection,Dawn,Rain,7:00am-7:59am,11,7:00am-7:59am,17,7:00am-7:59am,43,1,Twilight,Rain/Wind/Minor,1,1,['Driver'],['None_Used'],0,0,Valid,0.0,0.0,69.0,18.0,"['Male', 'Male']",1,0,2,4,5,Wet/Standing Water,Straight,Level,Lowest,No
7376,10,Delaware,100009,0,2,2,0,14,NOT APPLICABLE,January,23,Monday,15,46,Rural,Medium Speed (Collector),No,38.60468611,-75.44677778,Complex/Circle,Daylight,Clear,3:00pm-3:59pm,46,3:00pm-3:59pm,54,5:00pm-5:59pm,49,1,Daylight,Clear,1,13,['Driver'],['None_Used'],0,0,Valid,0.0,2.0,34.0,21.0,"['Male', 'Female']",1,0,4,4,5,Dry,Straight,Level,Lowest,No
7377,10,Delaware,100010,1,1,1,0,1,NEW CASTLE,February,1,Wednesday,7,31,Urban,Low Speed (Local),No,39.76975,-75.73151944,Complex/Circle,Dawn,Clear,7:00am-7:59am,47,8:00am-8:59am,2,8:00am-8:59am,24,1,Twilight,Clear,0,1,[],[],0,0,Valid,0.0,0.0,31.0,31.0,['Male'],1,0,2,4,4,Wet/Standing Water,Straight,Level,Lowest,No
7378,10,Delaware,100011,0,2,2,0,2,NOT APPLICABLE,February,3,Friday,18,46,Urban,Medium Speed (Collector),No,39.71763056,-75.70984167,Simple Junction,Dark - Lighted,Clear,Unknown,Unknown,Unknown EMS Scene Arrival Hour,Unknown EMS Scene Arrival Minutes,Unknown,Unknown EMS Hospital Arrival Time,1,Dark - Lighted,Clear,1,1,['Driver'],['None_Used'],1,1,Valid,0.0,1.0,57.0,26.0,"['Male', 'Male']",0,0,3,4,5,Dry,Curve,Level,Lowest,No
7379,10,Delaware,100012,0,2,2,0,9,NOT APPLICABLE,February,3,Friday,20,54,Urban,High Speed (Arterial),Yes,39.71352778,-75.61397778,Simple Junction,Dark - Not Lighted,Clear,8:00pm-8:59pm,56,8:00pm-8:59pm,58,9:00pm-9:59pm,34,1,Dark - Unlighted,Clear,1,6,['Rear_Seat'],['Child_Safety'],1,1,Valid,0.0,0.0,29.0,19.0,"['Female', 'Female']",6,0,3,4,5,Dry,Curve,Grade/Hillcrest,Lowest,No
7380,10,Delaware,100013,0,2,1,1,1,NOT APPLICABLE,February,4,Saturday,0,35,Rural,Medium Speed (Collector),No,38.74787778,-75.2906,Complex/Circle,Dark - Not Lighted,Clear,0:00am-0:59am,32,0:00am-0:59am,45,1:00am-1:59am,38,1,Dark - Unlighted,Clear,1,0,['Driver'],['Shoulder_Lapbelt'],1,1,Valid,0.0,0.0,20.0,20.0,['Male'],1,0,2,4,3,Dry,Curve,Level,Lowest,No
7381,10,Delaware,100014,1,1,1,0,1,NOT APPLICABLE,February,10,Friday,21,17,Urban,Medium Speed (Collector),No,39.80404167,-75.50348056,Non-Intersection,Dark - Unknown Lighting,Clear,9:00pm-9:59pm,Unknown,9:00pm-9:59pm,Unknown EMS Scene Arrival Minutes,9:00pm-9:59pm,Unknown EMS Hospital Arrival Time,1,Dark - Unlighted,Clear,0,1,[],[],0,0,Valid,0.0,0.0,58.0,58.0,['Male'],0,0,2,4,4,Dry,Straight,Level,Lowest,No
7382,10,Delaware,100015,0,2,2,0,3,FELTON,February,11,Saturday,10,29,Urban,High Speed (Arterial),Yes,39.00675556,-75.56897222,Complex/Circle,Daylight,Clear,10:00am-10:59am,32,10:00am-10:59am,34,11:00am-11:59am,24,1,Daylight,Clear,1,2,['Front_Passenger'],['Shoulder_Lapbelt'],0,0,Valid,0.0,2.0,66.0,25.0,"['Male', 'Female']",0,0,2,4,5,Dry,Straight,Level,Lowest,No
7383,10,Delaware,100016,0,2,2,0,2,NOT APPLICABLE,February,15,Wednesday,21,41,Urban,High Speed (Arterial),Yes,39.65779167,-75.61302222,Simple Junction,Dark - Unknown Lighting,Clear,9:00pm-9:59pm,42,9:00pm-9:59pm,46,10:00pm-10:59pm,6,1,Dark - Unlighted,Clear,1,0,['Driver'],['None_Used'],1,1,Invalid,0.0,1.0,999.0,31.0,"['Male', 'Male']",0,0,5,1,5,Dry,Straight,Level,Lowest,No
7384,10,Delaware,100017,1,1,1,0,1,NOT APPLICABLE,February,15,Wednesday,23,46,Urban,Medium Speed (Collector),No,39.70091667,-75.55187778,Non-Intersection,Dark - Not Lighted,Clear,11:00pm-11:59pm,46,11:00pm-11:59pm,50,Not Applicable (Not Transported),Not Applicable (Not Transported),1,Dark - Unlighted,Clear,0,1,[],[],0,0,Valid,0.0,0.0,32.0,32.0,['Male'],0,0,3,3,4,Dry,Straight,Level,Lowest,No
7385,10,Delaware,100018,0,2,2,0,5,NEW CASTLE,February,17,Friday,21,44,Urban,Medium Speed (Collector),No,39.68996944,-75.56728333,Non-Intersection,Dark - Lighted,Clear,9:00pm-9:59pm,50,9:00pm-9:59pm,53,10:00pm-10:59pm,12,1,Dark - Lighted,Clear,1,4,['Front_Passenger'],['Shoulder_Lapbelt'],0,0,Valid,0.0,0.0,53.0,21.0,"['Female', 'Female']",0,0,3,4,5,Dry,Straight,Level,Lowest,No
7386,10,Delaware,100019,0,2,2,0,3,NOT APPLICABLE,February,24,Friday,19,25,Rural,High Speed (Arterial),Yes,39.08098056,-75.4586,Non-Intersection,Dark - Not Lighted,Cloudy,7:00pm-7:59pm,28,7:00pm-7:59pm,32,8:00pm-8:59pm,1,1,Dark - Unlighted,Reduced Visibility,1,2,['Driver'],['Shoulder_Lapbelt'],0,0,Valid,0.0,1.0,78.0,58.0,"['Male', 'Male']",0,0,3,4,5,Dry,Straight,Level,Lowest,No
7387,10,Delaware,100020,1,2,2,0,2,NOT APPLICABLE,March,1,Wednesday,18,34,Urban,High Speed (Arterial),Yes,38.73004722,-75.591025,Non-Intersection,Dark - Not Lighted,Clear,6:00pm-6:59pm,34,6:00pm-6:59pm,41,7:00pm-7:59pm,1,1,Dark - Unlighted,Clear,0,2,[],[],0,0,Valid,0.0,0.0,63.0,20.0,"['Male', 'Female']",0,0,2,4,5,Dry,Straight,Level,Lowest,No
7388,10,Delaware,100021,0,1,1,0,1,NOT APPLICABLE,March,2,Thursday,14,44,Rural,Medium Speed (Collector),No,39.00121667,-75.48971944,Non-Intersection,Daylight,Cloudy,2:00pm-2:59pm,47,2:00pm-2:59pm,49,3:00pm-3:59pm,36,1,Daylight,Reduced Visibility,1,0,['Driver'],['Shoulder_Lapbelt'],0,0,Valid,0.0,2.0,75.0,75.0,['Male'],0,0,2,4,3,Dry,Curve,Level,Lowest,No
7389,10,Delaware,100022,0,1,1,0,2,NOT APPLICABLE,March,2,Thursday,21,17,Urban,Medium Speed (Collector),No,39.62473611,-75.62267778,Non-Intersection,Dark - Not Lighted,Clear,9:00pm-9:59pm,21,9:00pm-9:59pm,28,Not Applicable (Not Transported),Not Applicable (Not Transported),1,Dark - Unlighted,Clear,1,1,['Driver'],['None_Used'],1,1,Invalid,0.0,1.0,18.0,18.0,['Male'],2,0,2,4,3,Dry,Straight,Grade/Hillcrest,Lowest,No
7390,10,Delaware,100023,0,1,1,0,4,NOT APPLICABLE,March,4,Saturday,22,24,Urban,High Speed (Arterial),Yes,39.65135278,-75.71808889,Non-Intersection,Dark - Not Lighted,Clear,10:00pm-10:59pm,24,10:00pm-10:59pm,31,10:00pm-10:59pm,46,1,Dark - Unlighted,Clear,1,3,['Rear_Seat'],['Shoulder_Lapbelt'],0,0,Invalid,0.0,0.0,24.0,24.0,['Male'],0,0,3,4,3,Dry,Straight,Level,Lowest,No
7391,10,Delaware,100024,0,1,1,0,1,NOT APPLICABLE,March,10,Friday,20,53,Rural,Low Speed (Local),No,39.12945833,-75.67347222,Non-Intersection,Dark - Not Lighted,Rain,9:00pm-9:59pm,19,9:00pm-9:59pm,27,Not Applicable (Not Transported),Not Applicable (Not Transported),1,Dark - Unlighted,Rain/Wind/Minor,1,0,['Driver'],['None_Used'],1,1,Invalid,0.0,0.0,21.0,21.0,['Male'],1,0,3,4,3,Wet/Standing Water,Curve,Level,Lowest,No
7392,10,Delaware,100025,1,1,1,0,1,WILMINGTON,March,12,Sunday,3,21,Urban,Medium Speed (Collector),No,39.77088056,-75.545175,Simple Junction,Dark - Not Lighted,Clear,3:00am-3:59am,33,3:00am-3:59am,38,Not Applicable (Not Transported),Not Applicable (Not Transported),1,Dark - Unlighted,Clear,0,0,[],[],0,0,Invalid,0.0,0.0,998.0,998.0,['Other'],0,0,3,3,4,Dry,Curve,Level,Lowest,No
7393,10,Delaware,100026,0,3,3,0,4,NOT APPLICABLE,March,23,Thursday,6,47,Rural,High Speed (Arterial),Yes,38.82153056,-75.30660833,Simple Junction,Dawn,Cloudy,6:00am-6:59am,48,6:00am-6:59am,56,7:00am-7:59am,18,1,Twilight,Reduced Visibility,1,3,['Driver'],['None_Used'],0,0,Valid,0.0,0.0,81.0,30.0,"['Male', 'Female', 'Male']",1,0,3,4,5,Dry,Straight,Level,Lowest,No
7394,10,Delaware,100027,0,1,1,0,1,LAUREL,March,11,Saturday,99,99,Urban,Medium Speed (Collector),No,38.55895,-75.57181111,Non-Intersection,Dark - Not Lighted,Clear,8:00pm-8:59pm,45,8:00pm-8:59pm,55,Not Applicable (Not Transported),Not Applicable (Not Transported),1,Dark - Unlighted,Clear,1,0,['Driver'],['Shoulder_Lapbelt'],1,1,Valid,0.0,1.0,44.0,44.0,['Male'],0,0,3,4,4,Dry,Straight,Level,Lowest,No
7395,10,Delaware,100028,1,1,1,0,1,NOT APPLICABLE,March,24,Friday,19,59,Urban,High Speed (Arterial),Yes,39.72682222,-75.65255556,Simple Junction,Dark - Not Lighted,Clear,8:00pm-8:59pm,0,8:00pm-8:59pm,4,8:00pm-8:59pm,14,1,Dark - Unlighted,Clear,0,1,[],[],0,0,Valid,0.0,0.0,39.0,39.0,['Female'],0,0,2,3,4,Dry,Straight,Level,Lowest,No
7396,10,Delaware,100029,0,1,1,0,1,NOT APPLICABLE,March,26,Sunday,17,34,Urban,High Speed (Arterial),Yes,39.79014167,-75.46578056,Non-Intersection,Daylight,Clear,5:00pm-5:59pm,34,5:00pm-5:59pm,41,Not Applicable (Not Transported),Not Applicable (Not Transported),1,Daylight,Clear,1,0,['Driver'],['Shoulder_Lapbelt'],0,0,Valid,0.0,0.0,60.0,60.0,['Male'],0,0,2,4,3,Dry,Straight,Level,Lowest,No
7397,10,Delaware,100030,0,2,2,0,2,NOT APPLICABLE,March,29,Wednesday,0,51,Urban,High Speed (Arterial),No,39.72416111,-75.65767222,Complex/Circle,Dark - Lighted,Clear,0:00am-0:59am,53,0:00am-0:59am,56,1:00am-1:59am,9,1,Dark - Lighted,Clear,1,1,['Driver'],['None_Used'],1,1,Valid,0.0,0.0,44.0,25.0,"['Male', 'Male']",0,0,3,4,5,Dry,Straight,Level,Lowest,No
7398,10,Delaware,100031,0,1,1,0,1,NOT APPLICABLE,April,1,Saturday,1,52,Rural,Low Speed (Local),No,38.963925,-75.61666667,Non-Intersection,Dark - Not Lighted,Cloudy,1:00am-1:59am,53,2:00am-2:59am,1,Not Applicable (Not Transported),Not Applicable (Not Transported),1,Dark - Unlighted,Reduced Visibility,1,0,['Driver'],['Shoulder_Lapbelt'],1,1,Valid,0.0,4.0,28.0,28.0,['Male'],0,0,3,4,3,Dry,Curve,Level,Lowest,No
7399,10,Delaware,100032,0,3,2,1,4,NOT APPLICABLE,April,3,Monday,16,41,Urban,Medium Speed (Collector),No,39.76402778,-75.51509167,Non-Intersection,Daylight,Clear,4:00pm-4:59pm,Unknown,4:00pm-4:59pm,46,5:00pm-5:59pm,17,2,Daylight,Clear,2,2,"['Driver', 'Front_Passenger']","['None_Used', 'None_Used']",0,0,Valid,1.0,0.0,42.0,29.0,"['Male', 'Male']",2,0,3,4,5,Dry,Straight,Grade/Hillcrest,Lowest,No
7400,10,Delaware,100033,0,2,2,0,2,NOT APPLICABLE,April,4,Tuesday,19,6,Urban,Medium Speed (Collector),No,39.57483056,-75.69341944,Simple Junction,Daylight,Clear,7:00pm-7:59pm,5,7:00pm-7:59pm,9,7:00pm-7:59pm,53,1,Daylight,Clear,1,1,['Driver'],['None_Used'],0,0,Valid,0.0,3.0,31.0,28.0,"['Male', 'Male']",0,0,5,4,5,Dry,Straight,Level,Lowest,No
7401,10,Delaware,100034,0,2,2,0,2,DOVER,April,2,Sunday,18,48,Urban,Medium Speed (Collector),No,39.16347778,-75.5292,Complex/Circle,Daylight,Clear,6:00am-6:59am,47,6:00am-6:59am,50,7:00am-7:59am,0,1,Daylight,Clear,1,1,['Driver'],['None_Used'],1,1,Valid,0.0,1.0,68.0,45.0,"['Male', 'Male']",0,0,5,4,5,Dry,Straight,Level,Lowest,No
7402,10,Delaware,100035,0,2,2,0,3,NOT APPLICABLE,April,7,Friday,22,37,Urban,Medium Speed (Collector),No,38.70871667,-75.67839167,Complex/Circle,Dark - Not Lighted,Clear,10:00pm-10:59pm,36,10:00pm-10:59pm,46,11:00pm-11:59pm,4,1,Dark - Unlighted,Clear,1,2,['Driver'],['Shoulder_Lapbelt'],0,0,Valid,0.0,0.0,59.0,26.0,"['Male', 'Male']",0,0,4,4,5,Dry,Straight,Level,Lowest,No
7403,10,Delaware,100036,0,1,1,0,1,NOT APPLICABLE,April,8,Saturday,21,20,Urban,High Speed (Arterial),Yes,38.72518333,-75.28480278,Non-Intersection,Dark - Not Lighted,Cloudy,9:00pm-9:59pm,20,9:00pm-9:59pm,27,Not Applicable (Not Transported),Not Applicable (Not Transported),1,Dark - Unlighted,Reduced Visibility,1,0,['Driver'],['None_Used'],0,0,Valid,0.0,1.0,47.0,47.0,['Male'],1,0,3,4,3,Dry,Straight,Level,Lowest,No
7404,10,Delaware,100037,1,1,1,0,1,NOT APPLICABLE,April,5,Wednesday,2,23,Urban,Medium Speed (Collector),No,39.72074167,-75.54956944,Non-Intersection,Dark - Lighted,Clear,2:00am-2:59am,37,2:00am-2:59am,41,2:00am-2:59am,57,1,Dark - Lighted,Clear,0,1,[],[],0,0,Valid,0.0,0.0,24.0,24.0,['Female'],0,0,3,3,4,Dry,Curve,Level,Lowest,No
7405,10,Delaware,100038,0,1,1,0,2,NOT APPLICABLE,April,11,Tuesday,1,31,Urban,High Speed (Arterial),Yes,39.70513889,-75.60178889,Non-Intersection,Dark - Not Lighted,Clear,1:00am-1:59am,42,1:00am-1:59am,50,2:00am-2:59am,2,1,Dark - Unlighted,Clear,1,1,['Driver'],['None_Used'],1,1,Valid,0.0,2.0,25.0,25.0,['Female'],0,0,2,4,2,Dry,Straight,Level,Lowest,No
7406,10,Delaware,100039,0,3,3,0,3,NOT APPLICABLE,March,23,Thursday,9,53,Urban,Medium Speed (Collector),No,39.41768056,-75.70521111,Simple Junction,Daylight,Rain,9:00am-9:59am,54,10:00am-10:59am,4,10:00am-10:59am,56,1,Daylight,Rain/Wind/Minor,1,2,['Driver'],['Shoulder_Lapbelt'],0,0,Valid,0.0,1.0,84.0,41.0,"['Female', 'Male', 'Male']",0,0,3,4,5,Wet/Standing Water,Straight,Level,Lowest,No
7407,10,Delaware,100040,1,2,2,0,3,NOT APPLICABLE,April,13,Thursday,22,9,Urban,Medium Speed (Collector),No,39.64886667,-75.77996111,Non-Intersection,Dark - Not Lighted,Clear,10:00pm-10:59pm,9,10:00pm-10:59pm,15,Not Applicable (Not Transported),Not Applicable (Not Transported),1,Dark - Unlighted,Clear,0,2,[],[],0,0,Valid,0.0,2.0,24.0,24.0,"['Male', 'Male']",0,0,3,4,4,Dry,Straight,Level,Lowest,No
7408,10,Delaware,100041,0,3,3,0,4,NOT APPLICABLE,April,13,Thursday,15,58,Urban,High Speed (Arterial),Yes,39.81666389,-75.54897222,Non-Intersection,Daylight,Clear,4:00pm-4:59pm,7,4:00pm-4:59pm,9,4:00pm-4:59pm,41,1,Daylight,Clear,1,3,['Rear_Seat'],['Shoulder_Lapbelt'],0,0,Valid,0.0,3.0,61.0,22.0,"['Male', 'Female', 'Female']",0,0,3,4,5,Dry,Straight,Level,Lowest,No
7409,10,Delaware,100042,0,1,1,0,1,NOT APPLICABLE,April,17,Monday,22,50,Rural,Medium Speed (Collector),No,38.65376389,-75.451675,Non-Intersection,Dark - Not Lighted,Cloudy,10:00pm-10:59pm,49,11:00pm-11:59pm,0,Not Applicable (Not Transported),Not Applicable (Not Transported),1,Dark - Unlighted,Reduced Visibility,1,0,['Driver'],['None_Used'],1,1,Valid,0.0,6.0,36.0,36.0,['Male'],1,0,3,4,3,Dry,Curve,Level,Lowest,No
7410,10,Delaware,100043,0,1,1,0,1,NOT APPLICABLE,April,17,Monday,16,22,Urban,Low Speed (Local),No,38.89497778,-75.421675,Non-Intersection,Daylight,Cloudy,4:00pm-4:59pm,22,4:00pm-4:59pm,27,5:00pm-5:59pm,29,1,Daylight,Reduced Visibility,1,0,['Driver'],['None_Used'],0,0,Valid,0.0,0.0,79.0,79.0,['Female'],0,0,3,4,3,Dry,Straight,Level,Lowest,No