,State_Code,State_Name,Crash_ID,Count_Non_Motorists,Count_Vehicles_Total,Count_Vehicle_Forms,Count_PVH_Involved,Count_Occupants_MV,City_Name,Month_Name,Day_of_Month,Day_of_Week,Crash_Hour,Crash_Minute,Area_Rural_Urban,Road_Functional_Class,On_NHS_Road,Latitude,Longitude,Intersection_Type,Light_Condition,Weather_Condition,Notif_Hour,Notif_Minute,Arrival_Hour,Arrival_Minute,Hospital_Hour,Hospital_Minute,Fatalities_Count,Clean_Light_Condition,Clean_Weather_Condition,Total_Killed,Total_Alive,Fatal_Seats_List,Killed_Restraint_List,Any_Driver_Drinking,Total_Drinking_Drivers,Driver_License_Category,Driver_Max_Prev_Accident_Count,Driver_Max_Prev_Speeding_Count,Max_Driver_Age,Min_Driver_Age,Driver_Sex_List,Total_Exceeding_Limit_Vehicles,Total_Too_Fast_Vehicles,Max_Vehicle_Type_Severity_5,Max_Vehicle_Damage_Rank,Max_Harmful_Event_Severity,Crash_Road_Surface_Condition,Crash_Horizontal_Alignment,Crash_Vertical_Profile,Crash_Impairment_Category,Crash_Vehicle_Defect
7411,10,Delaware,100044,0,1,1,0,1,NOT APPLICABLE,April,14,Friday,10,56,Rural,Medium Speed (Collector),No,38.67651111,-75.24081111,Non-Intersection,Daylight,Clear,10:00am-10:59am,57,11:00am-11:59am,2,11:00am-11:59am,36,1,Daylight,Clear,1,0,['Driver'],['Shoulder_Lapbelt'],1,1,Valid,0.0,1.0,40.0,40.0,['Male'],1,0,2,4,3,Dry,Straight,Level,Lowest,No
7412,10,Delaware,100045,0,2,2,0,3,MIDDLETOWN,April,24,Monday,1,55,Rural,High Speed (Arterial),Yes,39.44075833,-75.74699167,Complex/Circle,Dark - Lighted,Cloudy,1:00am-1:59am,58,2:00am-2:59am,4,Not Applicable (Not Transported),Not Applicable (Not Transported),1,Dark - Lighted,Reduced Visibility,1,2,['Driver'],['None_Used'],1,1,Valid,0.0,0.0,26.0,26.0,"['Male', 'Male']",1,0,5,4,5,Dry,Straight,Level,Lowest,No
7413,10,Delaware,100046,1,2,1,1,2,NOT APPLICABLE,April,26,Wednesday,11,43,Urban,High Speed (Arterial),Yes,39.29697222,-75.59326111,Non-Intersection,Daylight,Cloudy,11:00am-11:59am,47,11:00am-11:59am,52,12:00pm-12:59pm,26,1,Daylight,Reduced Visibility,1,1,['Front_Passenger'],['Shoulder_Lapbelt'],0,0,Valid,0.0,2.0,24.0,24.0,['Male'],0,0,4,1,5,Dry,Straight,Level,Medium,No
7414,10,Delaware,100047,0,2,1,1,1,NOT APPLICABLE,April,27,Thursday,3,56,Urban,High Speed (Arterial),Yes,39.55978056,-75.66343056,Non-Intersection,Dark - Lighted,Clear,3:00am-3:59am,57,4:00am-4:59am,10,Not Applicable (Not Transported),Not Applicable (Not Transported),1,Dark - Lighted,Clear,1,0,['Driver'],['None_Used'],0,0,Valid,0.0,0.0,36.0,36.0,['Male'],0,0,3,4,5,Dry,Curve,Level,Lowest,No
7415,10,Delaware,100048,0,2,2,0,5,NOT APPLICABLE,April,22,Saturday,20,3,Urban,Medium Speed (Collector),No,39.4142,-75.64848889,Non-Intersection,Dark - Not Lighted,Rain,8:00pm-8:59pm,6,8:00pm-8:59pm,18,8:00pm-8:59pm,30,1,Dark - Unlighted,Rain/Wind/Minor,1,4,['Rear_Seat'],['Shoulder_Lapbelt'],1,1,Valid,0.0,1.0,63.0,45.0,"['Female', 'Male']",1,0,3,4,5,Wet/Standing Water,Straight,Level,Lowest,No
7416,10,Delaware,100049,0,2,2,0,6,NEWARK,April,28,Friday,22,33,Urban,Medium Speed (Collector),No,39.67856944,-75.73593056,Complex/Circle,Dark - Lighted,Rain,10:00pm-10:59pm,34,10:00pm-10:59pm,39,11:00pm-11:59pm,5,1,Dark - Lighted,Rain/Wind/Minor,1,5,['Front_Passenger'],['Shoulder_Lapbelt'],0,0,Valid,0.0,0.0,19.0,17.0,"['Female', 'Male']",0,0,3,4,5,Wet/Standing Water,Straight,Level,Lowest,No
7417,10,Delaware,100050,0,1,1,0,1,NOT APPLICABLE,May,3,Wednesday,18,40,Urban,Low Speed (Local),No,39.00496111,-75.46971111,Non-Intersection,Daylight,Clear,6:00pm-6:59pm,39,6:00pm-6:59pm,43,Not Applicable (Not Transported),Not Applicable (Not Transported),1,Daylight,Clear,1,0,['Driver'],['None_Used'],1,1,Invalid,0.0,0.0,40.0,40.0,['Male'],1,0,2,4,3,Dry,Straight,Level,Lowest,No
7418,10,Delaware,100051,0,3,3,0,3,NOT APPLICABLE,May,6,Saturday,8,46,Urban,High Speed (Arterial),Yes,38.76483333,-75.21060833,Non-Intersection,Daylight,Clear,8:00am-8:59am,47,8:00am-8:59am,51,9:00am-9:59am,14,2,Daylight,Clear,2,1,"['Driver', 'Driver']","['Shoulder_Lapbelt', 'Shoulder_Lapbelt']",0,0,Valid,0.0,1.0,65.0,52.0,"['Female', 'Female', 'Female']",0,0,3,4,5,Dry,Straight,Level,Lowest,No
7419,10,Delaware,100052,1,1,1,0,1,NOT APPLICABLE,May,7,Sunday,20,40,Urban,High Speed (Arterial),Yes,39.68831111,-75.58345,Non-Intersection,Dark - Lighted,Clear,8:00pm-8:59pm,42,8:00pm-8:59pm,45,9:00pm-9:59pm,0,1,Dark - Lighted,Clear,0,1,[],[],0,0,Valid,0.0,0.0,31.0,31.0,['Male'],0,0,3,4,4,Dry,Straight,Level,Lowest,No
7420,10,Delaware,100053,0,2,2,0,4,NOT APPLICABLE,April,20,Thursday,15,50,Urban,High Speed (Arterial),Yes,39.67443056,-75.59573056,Non-Intersection,Daylight,Clear,3:00pm-3:59pm,50,3:00pm-3:59pm,51,4:00pm-4:59pm,19,1,Daylight,Clear,1,3,['Front_Passenger'],['None_Used'],0,0,Valid,0.0,0.0,71.0,24.0,"['Male', 'Male']",0,0,5,4,5,Dry,Straight,Level,Lowest,No
7421,10,Delaware,100054,0,2,2,0,2,NOT APPLICABLE,May,10,Wednesday,22,44,Urban,High Speed (Arterial),Yes,39.78413611,-75.47213611,Non-Intersection,Dark - Not Lighted,Clear,11:00pm-11:59pm,0,11:00pm-11:59pm,2,11:00pm-11:59pm,42,1,Dark - Unlighted,Clear,1,1,['Driver'],['None_Used'],1,1,Invalid,0.0,1.0,30.0,26.0,"['Male', 'Male']",0,0,2,4,5,Dry,Straight,Level,Lowest,Yes
7422,10,Delaware,100055,0,1,1,0,1,NOT APPLICABLE,May,13,Saturday,17,2,Rural,High Speed (Arterial),Yes,38.72013333,-75.30243333,Non-Intersection,Daylight,Rain,5:00pm-5:59pm,2,5:00pm-5:59pm,10,Not Applicable (Not Transported),Not Applicable (Not Transported),1,Daylight,Rain/Wind/Minor,1,0,['Driver'],['Shoulder_Lapbelt'],0,0,Valid,0.0,0.0,27.0,27.0,['Male'],1,0,3,4,3,Wet/Standing Water,Curve,Level,Lowest,No
7423,10,Delaware,100056,0,1,1,0,1,NOT APPLICABLE,May,13,Saturday,21,37,Urban,High Speed (Arterial),Yes,38.69529444,-75.59003056,Non-Intersection,Dark - Not Lighted,Rain,9:00pm-9:59pm,36,9:00pm-9:59pm,46,10:00pm-10:59pm,3,1,Dark - Unlighted,Rain/Wind/Minor,1,0,['Driver'],['None_Used'],0,0,Valid,0.0,2.0,38.0,38.0,['Male'],0,0,3,4,3,Wet/Standing Water,Straight,Level,Lowest,No
7424,10,Delaware,100057,0,1,1,0,1,NOT APPLICABLE,May,14,Sunday,5,34,Urban,Low Speed (Local),No,38.68455278,-75.61867222,Non-Intersection,Dawn,Cloudy,5:00am-5:59am,51,5:00am-5:59am,59,Not Applicable (Not Transported),Not Applicable (Not Transported),1,Twilight,Reduced Visibility,1,0,['Driver'],['None_Used'],0,0,Valid,0.0,1.0,33.0,33.0,['Male'],1,0,2,4,3,Wet/Standing Water,Straight,Grade/Hillcrest,Lowest,No
7425,10,Delaware,100058,0,2,2,0,2,NOT APPLICABLE,May,22,Monday,9,33,Urban,High Speed (Arterial),Yes,39.60668056,-75.73156111,Non-Intersection,Daylight,Clear,9:00am-9:59am,35,9:00am-9:59am,43,9:00am-9:59am,58,1,Daylight,Clear,1,1,['Driver'],['Shoulder_Lapbelt'],0,0,Valid,0.0,0.0,59.0,31.0,"['Female', 'Male']",1,0,4,4,5,Dry,Straight,Level,Lowest,No
7426,10,Delaware,100059,0,2,2,0,4,NOT APPLICABLE,May,25,Thursday,20,18,Rural,Medium Speed (Collector),No,39.42656944,-75.76266111,Non-Intersection,Dark - Not Lighted,Clear,8:00pm-8:59pm,17,8:00pm-8:59pm,26,9:00pm-9:59pm,2,1,Dark - Unlighted,Clear,1,3,['Front_Passenger'],['Shoulder_Lapbelt'],0,0,Invalid,0.0,1.0,57.0,24.0,"['Female', 'Male']",0,0,3,4,5,Dry,Curve,Level,Lowest,No
7427,10,Delaware,100060,0,2,2,0,2,NOT APPLICABLE,May,31,Wednesday,10,30,Urban,High Speed (Arterial),Yes,39.77526944,-75.59526111,Non-Intersection,Daylight,Clear,10:00am-10:59am,30,10:00am-10:59am,36,10:00am-10:59am,52,1,Daylight,Clear,1,1,['Driver'],['Shoulder_Lapbelt'],0,0,Valid,0.0,0.0,91.0,24.0,"['Male', 'Male']",0,0,4,4,5,Dry,Straight,Level,Lowest,No
7428,10,Delaware,100061,0,1,1,0,1,NOT APPLICABLE,June,10,Saturday,23,50,Rural,Medium Speed (Collector),No,38.56456389,-75.49313333,Non-Intersection,Dark - Not Lighted,Clear,11:00pm-11:59pm,49,11:00pm-11:59pm,57,Not Applicable (Not Transported),Not Applicable (Not Transported),1,Dark - Unlighted,Clear,1,0,['Driver'],['None_Used'],0,0,Valid,0.0,0.0,27.0,27.0,['Male'],0,0,3,1,3,Dry,Curve,Level,Lowest,No
7429,10,Delaware,100062,0,1,1,0,2,NOT APPLICABLE,June,11,Sunday,1,33,Rural,Medium Speed (Collector),No,38.65478333,-75.2392,Non-Intersection,Dark - Not Lighted,Clear,1:00am-1:59am,32,1:00am-1:59am,44,2:00am-2:59am,37,1,Dark - Unlighted,Clear,1,1,['Driver'],['Shoulder_Lapbelt'],1,1,Valid,0.0,3.0,26.0,26.0,['Male'],2,0,2,4,3,Dry,Curve,Level,Lowest,No
7430,10,Delaware,100063,0,1,1,0,1,NOT APPLICABLE,June,14,Wednesday,21,21,Rural,Medium Speed (Collector),No,39.05277778,-75.64073889,Non-Intersection,Dark - Unknown Lighting,Clear,9:00pm-9:59pm,23,9:00pm-9:59pm,31,Not Applicable (Not Transported),Not Applicable (Not Transported),1,Dark - Unlighted,Clear,1,0,['Driver'],['Shoulder_Lapbelt'],1,1,Invalid,0.0,0.0,29.0,29.0,['Male'],1,0,2,4,3,Dry,Curve,Level,Lowest,No
7431,10,Delaware,100064,0,1,1,0,2,NOT APPLICABLE,June,17,Saturday,22,43,Rural,High Speed (Arterial),Yes,38.82431944,-75.43875,Non-Intersection,Dark - Not Lighted,Clear,10:00pm-10:59pm,43,10:00pm-10:59pm,52,11:00pm-11:59pm,7,2,Dark - Unlighted,Clear,2,0,"['Driver', 'Front_Passenger']","['None_Used', 'None_Used']",1,1,Valid,0.0,0.0,30.0,30.0,['Male'],2,0,3,4,3,Dry,Straight,Level,Lowest,No
7432,10,Delaware,100065,0,1,1,0,1,NOT APPLICABLE,June,19,Monday,3,56,Rural,Medium Speed (Collector),No,39.21271944,-75.50490833,Non-Intersection,Dark - Not Lighted,Clear,3:00am-3:59am,56,4:00am-4:59am,3,Not Applicable (Not Transported),Not Applicable (Not Transported),1,Dark - Unlighted,Clear,1,0,['Driver'],['Shoulder_Lapbelt'],0,0,Valid,0.0,0.0,17.0,17.0,['Male'],1,0,3,4,3,Dry,Curve,Level,Lowest,No
7433,10,Delaware,100066,0,3,3,0,5,NOT APPLICABLE,June,23,Friday,23,53,Rural,High Speed (Arterial),Yes,38.79551111,-75.69598889,Non-Intersection,Dark - Not Lighted,Clear,11:00pm-11:59pm,49,0:00am-0:59am,2,Unknown,Unknown EMS Hospital Arrival Time,1,Dark - Unlighted,Clear,1,4,['Driver'],['Shoulder_Lapbelt'],0,0,Valid,0.0,1.0,49.0,20.0,"['Female', 'Male', 'Male']",0,0,3,4,5,Wet/Standing Water,Curve,Level,Medium,No
7434,10,Delaware,100067,0,2,2,0,3,NOT APPLICABLE,June,24,Saturday,17,37,Rural,Low Speed (Local),No,39.33105,-75.70696944,Non-Intersection,Daylight,Clear,5:00pm-5:59pm,41,5:00pm-5:59pm,55,6:00pm-6:59pm,15,1,Daylight,Clear,1,2,['Rear_Seat'],['None_Used'],0,0,Valid,0.0,0.0,23.0,20.0,"['Female', 'Male']",0,0,5,4,5,Dry,Straight,Level,Lowest,No
7435,10,Delaware,100068,0,2,2,0,3,NOT APPLICABLE,June,26,Monday,16,41,Urban,High Speed (Arterial),Yes,39.73588333,-75.52163333,Non-Intersection,Daylight,Cloudy,4:00pm-4:59pm,41,4:00pm-4:59pm,46,Not Applicable (Not Transported),Not Applicable (Not Transported),2,Daylight,Reduced Visibility,2,1,"['Driver', 'Front_Passenger']","['Shoulder_Lapbelt', 'None_Used']",1,1,Valid,0.0,0.0,45.0,35.0,"['Male', 'Male']",2,0,4,4,5,Dry,Straight,Level,Lowest,No
7436,10,Delaware,100069,0,1,1,0,1,NOT APPLICABLE,June,27,Tuesday,17,34,Rural,Low Speed (Local),No,39.07758889,-75.63136111,Non-Intersection,Daylight,Cloudy,5:00pm-5:59pm,36,5:00pm-5:59pm,45,6:00pm-6:59pm,4,1,Daylight,Reduced Visibility,1,0,['Driver'],['None_Used'],0,0,Valid,0.0,1.0,23.0,23.0,['Male'],1,0,5,4,2,Dry,Curve,Level,Lowest,No
7437,10,Delaware,100070,1,2,2,0,4,NOT APPLICABLE,July,1,Saturday,23,1,Urban,High Speed (Arterial),Yes,39.68405,-75.68546111,Non-Intersection,Dark - Not Lighted,Clear,11:00pm-11:59pm,1,11:00pm-11:59pm,2,Not Applicable (Not Transported),Not Applicable (Not Transported),1,Dark - Unlighted,Clear,0,4,[],[],0,0,Valid,0.0,0.0,27.0,19.0,"['Male', 'Female']",0,0,2,3,5,Dry,Straight,Level,Lowest,No
7438,10,Delaware,100071,0,2,2,0,7,NOT APPLICABLE,July,2,Sunday,19,12,Urban,High Speed (Arterial),Yes,38.9934,-75.56846111,Non-Intersection,Daylight,Cloudy,7:00pm-7:59pm,13,7:00pm-7:59pm,26,8:00pm-8:59pm,2,2,Daylight,Reduced Visibility,2,5,"['Driver', 'Rear_Seat']","['Shoulder_Lapbelt', 'Shoulder_Lapbelt']",0,0,Valid,0.0,0.0,70.0,26.0,"['Female', 'Male']",0,0,3,4,5,Dry,Straight,Level,Lowest,No
7439,10,Delaware,100072,0,3,2,1,6,WILMINGTON,July,18,Tuesday,16,59,Urban,Medium Speed (Collector),No,39.7478,-75.56943056,Complex/Circle,Daylight,Clear,5:00pm-5:59pm,1,5:00pm-5:59pm,4,5:00pm-5:59pm,23,1,Daylight,Clear,1,5,['Front_Passenger'],['Shoulder_Lapbelt'],0,0,Valid,0.0,1.0,26.0,26.0,"['Female', 'Female']",0,0,2,4,5,Dry,Straight,Level,Lowest,No
7440,10,Delaware,100073,0,1,1,0,1,NOT APPLICABLE,July,23,Sunday,2,16,Rural,Medium Speed (Collector),No,38.56471111,-75.61986944,Non-Intersection,Dark - Not Lighted,Clear,2:00am-2:59am,16,2:00am-2:59am,28,2:00am-2:59am,48,1,Dark - Unlighted,Clear,1,0,['Driver'],['None_Used'],1,1,Valid,0.0,1.0,27.0,27.0,['Male'],1,0,2,4,3,Dry,Curve,Level,Lowest,No
7441,10,Delaware,100074,0,3,3,0,4,NOT APPLICABLE,July,28,Friday,0,21,Urban,High Speed (Arterial),Yes,39.45628889,-75.67446944,Non-Intersection,Dark - Lighted,Cloudy,0:00am-0:59am,21,0:00am-0:59am,32,Not Applicable (Not Transported),Not Applicable (Not Transported),1,Dark - Lighted,Reduced Visibility,1,3,['Driver'],['None_Used'],1,1,Valid,0.0,5.0,62.0,38.0,"['Male', 'Male', 'Male']",1,0,5,4,5,Dry,Curve,Level,Lowest,No
7442,10,Delaware,100075,0,1,1,0,1,NOT APPLICABLE,July,29,Saturday,20,39,Urban,Low Speed (Local),No,39.7292,-75.70510833,Non-Intersection,Dark - Not Lighted,Clear,8:00pm-8:59pm,41,8:00pm-8:59pm,51,Not Applicable (Not Transported),Not Applicable (Not Transported),1,Dark - Unlighted,Clear,1,0,['Driver'],['None_Used'],0,0,Valid,0.0,1.0,26.0,26.0,['Male'],1,0,5,2,3,Wet/Standing Water,Curve,Grade/Hillcrest,Lowest,Yes
7443,10,Delaware,100076,0,3,3,0,4,NOT APPLICABLE,July,31,Monday,6,15,Rural,High Speed (Arterial),Yes,38.48471944,-75.55753333,Non-Intersection,Dawn,Rain,6:00am-6:59am,16,6:00am-6:59am,22,6:00am-6:59am,49,1,Twilight,Rain/Wind/Minor,1,3,['Driver'],['Shoulder_Lapbelt'],0,0,Valid,0.0,0.0,64.0,19.0,"['Male', 'Female', 'Male']",1,0,2,4,5,Wet/Standing Water,Straight,Level,Lowest,No
7444,10,Delaware,100077,1,1,1,0,1,NOT APPLICABLE,August,8,Tuesday,16,4,Urban,Medium Speed (Collector),No,39.10150833,-75.51365,Non-Intersection,Daylight,Clear,4:00pm-4:59pm,5,4:00pm-4:59pm,11,4:00pm-4:59pm,24,1,Daylight,Clear,0,1,[],[],0,0,Valid,0.0,0.0,18.0,18.0,['Male'],0,0,3,1,4,Dry,Straight,Level,Lowest,No
7445,10,Delaware,100078,0,2,2,0,2,NOT APPLICABLE,August,8,Tuesday,22,53,Rural,High Speed (Arterial),Yes,39.48046944,-75.72025278,Complex/Circle,Dark - Unknown Lighting,Clear,10:00pm-10:59pm,54,10:00pm-10:59pm,57,11:00pm-11:59pm,25,1,Dark - Unlighted,Clear,1,1,['Driver'],['None_Used'],1,1,Valid,1.0,2.0,24.0,17.0,"['Male', 'Male']",1,0,5,4,5,Dry,Straight,Level,Lowest,No
7446,10,Delaware,100079,0,1,1,0,1,NOT APPLICABLE,August,15,Tuesday,14,23,Urban,Low Speed (Local),No,38.716825,-75.09820833,Non-Intersection,Daylight,Clear,2:00pm-2:59pm,23,2:00pm-2:59pm,31,2:00pm-2:59pm,55,1,Daylight,Clear,1,0,['Driver'],['None_Used'],0,0,Valid,0.0,0.0,49.0,49.0,['Female'],0,0,5,2,2,Dry,Curve,Level,Lowest,No
7447,10,Delaware,100080,0,1,1,0,1,NOT APPLICABLE,August,25,Friday,18,16,Rural,Medium Speed (Collector),No,38.89395278,-75.64008889,Non-Intersection,Daylight,Cloudy,6:00pm-6:59pm,17,6:00pm-6:59pm,24,6:00pm-6:59pm,41,1,Daylight,Reduced Visibility,1,0,['Driver'],['Shoulder_Lapbelt'],0,0,Valid,0.0,0.0,77.0,77.0,['Male'],0,0,3,1,3,Dry,Straight,Level,Lowest,No
7448,10,Delaware,100081,0,2,2,0,5,NOT APPLICABLE,August,27,Sunday,11,38,Rural,High Speed (Arterial),Yes,38.7564,-75.43758056,Non-Intersection,Daylight,Clear,11:00am-11:59am,39,11:00am-11:59am,45,12:00pm-12:59pm,6,1,Daylight,Clear,1,4,['Front_Passenger'],['Shoulder_Lapbelt'],0,0,Valid,0.0,0.0,58.0,39.0,"['Female', 'Male']",0,0,3,4,5,Dry,Curve,Level,Lowest,No
7449,10,Delaware,100082,1,1,1,0,1,NOT APPLICABLE,August,29,Tuesday,20,46,Urban,High Speed (Arterial),Yes,39.65083889,-75.62251389,Simple Junction,Dark - Not Lighted,Clear,8:00pm-8:59pm,44,8:00pm-8:59pm,52,Not Applicable (Not Transported),Not Applicable (Not Transported),1,Dark - Unlighted,Clear,0,1,[],[],0,0,Valid,0.0,1.0,47.0,47.0,['Male'],0,0,2,4,4,Dry,Straight,Level,Lowest,No
7450,10,Delaware,100083,0,2,2,0,2,NOT APPLICABLE,August,30,Wednesday,12,22,Urban,High Speed (Arterial),Yes,38.95936944,-75.42904167,Non-Intersection,Daylight,Clear,7:00am-7:59am,37,7:00am-7:59am,42,Unknown,Unknown EMS Hospital Arrival Time,1,Daylight,Clear,1,1,['Driver'],['None_Used'],0,0,Valid,0.0,1.0,87.0,45.0,"['Male', 'Male']",0,0,5,4,5,Dry,Straight,Level,Lowest,No
7451,10,Delaware,100084,1,1,1,0,2,NOT APPLICABLE,September,2,Saturday,21,2,Urban,High Speed (Arterial),Yes,39.65067778,-75.62243333,Simple Junction,Dark - Lighted,Clear,9:00pm-9:59pm,1,9:00pm-9:59pm,3,9:00pm-9:59pm,29,1,Dark - Lighted,Clear,0,2,[],[],0,0,Valid,0.0,4.0,30.0,30.0,['Male'],2,0,2,4,4,Dry,Straight,Level,Lowest,No
7452,10,Delaware,100085,0,2,2,0,3,NOT APPLICABLE,August,30,Wednesday,7,43,Urban,High Speed (Arterial),Yes,39.63658056,-75.65326389,Non-Intersection,Daylight,Rain,7:00am-7:59am,48,7:00am-7:59am,56,8:00am-8:59am,10,1,Daylight,Rain/Wind/Minor,1,2,['Driver'],['Shoulder_Lapbelt'],0,0,Valid,1.0,0.0,49.0,27.0,"['Male', 'Male']",2,0,2,4,5,Wet/Standing Water,Straight,Level,Lowest,No
7453,10,Delaware,100086,0,4,4,0,6,NOT APPLICABLE,September,5,Tuesday,7,35,Rural,Medium Speed (Collector),No,39.25008056,-75.64166111,Simple Junction,Daylight,Clear,7:00am-7:59am,35,7:00am-7:59am,40,8:00am-8:59am,10,1,Daylight,Clear,1,5,['Driver'],['Shoulder_Lapbelt'],0,0,Valid,0.0,1.0,34.0,25.0,"['Male', 'Female', 'Female', 'Male']",0,0,3,4,5,Dry,Straight,Level,Lowest,No
7454,10,Delaware,100087,1,1,1,0,2,NOT APPLICABLE,September,7,Thursday,17,51,Urban,Medium Speed (Collector),No,38.48241944,-75.57083056,Non-Intersection,Daylight,Clear,5:00pm-5:59pm,51,5:00pm-5:59pm,56,6:00pm-6:59pm,25,1,Daylight,Clear,0,2,[],[],0,0,Valid,0.0,0.0,21.0,21.0,['Female'],0,0,3,4,4,Dry,Straight,Level,Lowest,No
7455,10,Delaware,100088,0,2,2,0,5,NOT APPLICABLE,September,9,Saturday,17,19,Urban,Medium Speed (Collector),No,39.06265,-75.47091944,Non-Intersection,Daylight,Cloudy,1:00am-1:59am,17,1:00am-1:59am,52,Unknown,Unknown EMS Hospital Arrival Time,1,Daylight,Reduced Visibility,1,4,['Driver'],['None_Used'],1,1,Valid,0.0,2.0,63.0,16.0,"['Male', 'Female']",0,0,3,4,5,Dry,Straight,Level,Medium,No
7456,10,Delaware,100089,0,1,1,0,1,NOT APPLICABLE,September,10,Sunday,14,44,Rural,Medium Speed (Collector),No,38.48081389,-75.13854444,Non-Intersection,Daylight,Clear,2:00pm-2:59pm,39,2:00pm-2:59pm,46,3:00pm-3:59pm,Unknown EMS Hospital Arrival Time,1,Daylight,Clear,1,0,['Driver'],['None_Used'],0,0,Valid,0.0,1.0,78.0,78.0,['Male'],0,0,5,1,3,Dry,Curve,Level,Lowest,No
7457,10,Delaware,100090,0,2,2,0,2,DOVER,September,6,Wednesday,7,59,Urban,Low Speed (Local),No,39.15683056,-75.49746111,Simple Junction,Daylight,Clear,8:00am-8:59am,0,8:00am-8:59am,5,8:00am-8:59am,38,1,Daylight,Clear,1,1,['Driver'],['None_Used'],0,0,Valid,0.0,0.0,59.0,28.0,"['Female', 'Female']",0,0,3,4,5,Dry,Straight,Level,Lowest,No
7458,10,Delaware,100091,0,2,2,0,2,NOT APPLICABLE,September,13,Wednesday,7,36,Rural,Medium Speed (Collector),No,39.00453889,-75.6122,Simple Junction,Daylight,Cloudy,7:00am-7:59am,39,7:00am-7:59am,50,Not Applicable (Not Transported),Not Applicable (Not Transported),1,Daylight,Reduced Visibility,1,1,['Driver'],['Shoulder_Lapbelt'],0,0,Valid,0.0,1.0,48.0,44.0,"['Male', 'Male']",0,0,4,4,5,Dry,Straight,Level,Lowest,No
7459,10,Delaware,100092,1,1,1,0,1,MIDDLETOWN,September,20,Wednesday,19,42,Urban,Medium Speed (Collector),No,39.4509,-75.73115,Complex/Circle,Dark - Lighted,Clear,7:00pm-7:59pm,44,7:00pm-7:59pm,48,8:00pm-8:59pm,4,1,Dark - Lighted,Clear,0,1,[],[],0,0,Valid,0.0,0.0,58.0,58.0,['Male'],0,0,3,3,4,Dry,Straight,Level,Lowest,No
7460,10,Delaware,100093,0,2,2,0,2,NOT APPLICABLE,September,21,Thursday,16,51,Urban,Medium Speed (Collector),No,39.63638889,-75.77873889,Non-Intersection,Daylight,Clear,4:00pm-4:59pm,51,4:00pm-4:59pm,57,5:00pm-5:59pm,19,1,Daylight,Clear,1,1,['Driver'],['Shoulder_Lapbelt'],0,0,Valid,0.0,3.0,66.0,55.0,"['Male', 'Male']",1,0,3,4,5,Dry,Straight,Level,Lowest,No
7461,10,Delaware,100094,0,1,1,0,2,NOT APPLICABLE,September,22,Friday,23,38,Rural,Medium Speed (Collector),No,39.14606111,-75.74158056,Non-Intersection,Dark - Not Lighted,Cloudy,11:00pm-11:59pm,40,11:00pm-11:59pm,44,0:00am-0:59am,30,1,Dark - Unlighted,Reduced Visibility,1,1,['Driver'],['Shoulder_Lapbelt'],0,0,Valid,0.0,0.0,45.0,45.0,['Female'],0,0,2,4,2,Dry,Straight,Level,Lowest,No
7462,10,Delaware,100095,0,1,1,0,1,NOT APPLICABLE,September,24,Sunday,1,18,Rural,Low Speed (Local),No,38.51285,-75.4265,Non-Intersection,Dark - Not Lighted,Rain,1:00am-1:59am,17,1:00am-1:59am,52,Not Applicable (Not Transported),Not Applicable (Not Transported),1,Dark - Unlighted,Rain/Wind/Minor,1,0,['Driver'],['Shoulder_Lapbelt'],1,1,Valid,0.0,1.0,20.0,20.0,['Male'],0,0,3,4,3,Wet/Standing Water,Curve,Level,Lowest,No
7463,10,Delaware,100096,0,2,2,0,4,NOT APPLICABLE,September,2,Saturday,17,42,Urban,High Speed (Arterial),Yes,38.72091111,-75.11923889,Non-Intersection,Daylight,Clear,5:00pm-5:59pm,43,5:00pm-5:59pm,47,6:00pm-6:59pm,5,1,Daylight,Clear,1,3,['Driver'],['None_Used'],0,0,Valid,0.0,0.0,81.0,55.0,"['Male', 'Male']",0,0,5,4,5,Dry,Straight,Level,Lowest,No
7464,10,Delaware,100097,1,1,1,0,1,NOT APPLICABLE,September,26,Tuesday,22,0,Urban,Medium Speed (Collector),No,39.65681111,-75.62988611,Complex/Circle,Dark - Not Lighted,Clear,Not Applicable (Not Notified),Not Applicable (Not Notified),Not Applicable,Not Applicable,Not Applicable (Not Transported),Not Applicable (Not Transported),1,Dark - Unlighted,Clear,0,1,[],[],0,0,Valid,0.0,0.0,21.0,21.0,['Female'],0,0,3,3,4,Dry,Curve,Level,Lowest,No
7465,10,Delaware,100098,1,1,1,0,1,NOT APPLICABLE,September,28,Thursday,2,2,Urban,High Speed (Arterial),Yes,39.69786111,-75.61153889,Non-Intersection,Dark - Unknown Lighting,Clear,2:00am-2:59am,3,2:00am-2:59am,8,Not Applicable (Not Transported),Not Applicable (Not Transported),1,Dark - Unlighted,Clear,0,1,[],[],0,0,Invalid,0.0,0.0,998.0,998.0,['Other'],0,0,1,3,4,Dry,Straight,Level,Lowest,No
7466,10,Delaware,100099,1,1,1,0,1,NEWARK,September,29,Friday,2,49,Urban,High Speed (Arterial),Yes,39.68166111,-75.75356111,Complex/Circle,Dark - Lighted,Other,2:00am-2:59am,Unknown,2:00am-2:59am,Unknown EMS Scene Arrival Minutes,Not Applicable (Not Transported),Not Applicable (Not Transported),1,Dark - Lighted,Reduced Visibility,0,1,[],[],0,0,Valid,0.0,0.0,24.0,24.0,['Male'],0,0,3,3,4,Dry,Straight,Level,Lowest,No
7467,10,Delaware,100100,1,1,1,0,1,NOT APPLICABLE,October,3,Tuesday,10,47,Urban,High Speed (Arterial),Yes,38.58673889,-75.06186944,Non-Intersection,Daylight,Clear,10:00am-10:59am,46,10:00am-10:59am,57,12:00pm-12:59pm,12,1,Daylight,Clear,0,1,[],[],0,0,Valid,0.0,0.0,62.0,62.0,['Male'],0,0,3,3,4,Dry,Straight,Level,Lowest,No
7468,10,Delaware,100101,1,1,1,0,2,NOT APPLICABLE,October,7,Saturday,23,16,Rural,High Speed (Arterial),Yes,38.8066,-75.43885,Complex/Circle,Dark - Lighted,Clear,11:00pm-11:59pm,15,11:00pm-11:59pm,24,Not Applicable (Not Transported),Not Applicable (Not Transported),1,Dark - Lighted,Clear,0,2,[],[],0,0,Valid,0.0,1.0,32.0,32.0,['Male'],0,0,2,4,4,Dry,Straight,Level,Lowest,No