,State_Code,State_Name,Crash_ID,Count_Non_Motorists,Count_Vehicles_Total,Count_Vehicle_Forms,Count_PVH_Involved,Count_Occupants_MV,City_Name,Month_Name,Day_of_Month,Day_of_Week,Crash_Hour,Crash_Minute,Area_Rural_Urban,Road_Functional_Class,On_NHS_Road,Latitude,Longitude,Intersection_Type,Light_Condition,Weather_Condition,Notif_Hour,Notif_Minute,Arrival_Hour,Arrival_Minute,Hospital_Hour,Hospital_Minute,Fatalities_Count,Clean_Light_Condition,Clean_Weather_Condition,Total_Killed,Total_Alive,Fatal_Seats_List,Killed_Restraint_List,Any_Driver_Drinking,Total_Drinking_Drivers,Driver_License_Category,Driver_Max_Prev_Accident_Count,Driver_Max_Prev_Speeding_Count,Max_Driver_Age,Min_Driver_Age,Driver_Sex_List,Total_Exceeding_Limit_Vehicles,Total_Too_Fast_Vehicles,Max_Vehicle_Type_Severity_5,Max_Vehicle_Damage_Rank,Max_Harmful_Event_Severity,Crash_Road_Surface_Condition,Crash_Horizontal_Alignment,Crash_Vertical_Profile,Crash_Impairment_Category,Crash_Vehicle_Defect
7469,10,Delaware,100102,0,2,2,0,2,DOVER,October,17,Tuesday,17,16,Rural,Low Speed (Local),No,39.13373889,-75.60363056,Non-Intersection,Daylight,Clear,5:00pm-5:59pm,15,5:00pm-5:59pm,21,Not Applicable (Not Transported),Not Applicable (Not Transported),1,Daylight,Clear,1,1,['Driver'],['None_Used'],0,0,Valid,0.0,0.0,57.0,18.0,"['Male', 'Male']",2,0,5,4,5,Dry,Straight,Level,Lowest,No
7470,10,Delaware,100103,0,2,2,0,2,NOT APPLICABLE,October,30,Monday,2,6,Rural,Medium Speed (Collector),No,39.23791944,-75.65218056,Non-Intersection,Dark - Not Lighted,"Fog, Smog, Smoke",2:00am-2:59am,9,2:00am-2:59am,21,2:00am-2:59am,53,1,Dark - Unlighted,Reduced Visibility,1,1,['Driver'],['Shoulder_Lapbelt'],0,0,Valid,0.0,0.0,71.0,23.0,"['Male', 'Male']",0,0,3,4,5,Dry,Straight,Level,Lowest,No
7471,10,Delaware,100104,0,1,1,0,1,NOT APPLICABLE,October,28,Saturday,3,19,Rural,Low Speed (Local),No,39.40643056,-75.6605,Non-Intersection,Dark - Not Lighted,Clear,3:00am-3:59am,21,3:00am-3:59am,27,Not Applicable (Not Transported),Not Applicable (Not Transported),1,Dark - Unlighted,Clear,1,0,['Driver'],['Shoulder_Lapbelt'],1,1,Valid,0.0,0.0,21.0,21.0,['Male'],0,0,2,4,3,Dry,Straight,Level,Lowest,No
7472,10,Delaware,100105,1,1,1,0,1,FARMINGTON,November,2,Thursday,18,47,Rural,High Speed (Arterial),Yes,38.86868056,-75.57536111,Non-Intersection,Dark - Not Lighted,Clear,6:00pm-6:59pm,47,6:00pm-6:59pm,55,Not Applicable (Not Transported),Not Applicable (Not Transported),1,Dark - Unlighted,Clear,0,0,[],[],0,0,Invalid,0.0,0.0,998.0,998.0,['Other'],0,0,1,0,4,Dry,Straight,Level,Lowest,No
7473,10,Delaware,100106,1,2,2,0,3,NOT APPLICABLE,October,25,Wednesday,21,22,Urban,Medium Speed (Collector),No,38.6306,-75.17506944,Non-Intersection,Dark - Not Lighted,Clear,9:00pm-9:59pm,23,9:00pm-9:59pm,29,10:00pm-10:59pm,21,1,Dark - Unlighted,Clear,0,3,[],[],0,0,Invalid,0.0,1.0,37.0,23.0,"['Female', 'Female']",0,0,3,4,5,Dry,Straight,Level,Lowest,No
7474,10,Delaware,100107,0,1,1,0,1,NOT APPLICABLE,November,2,Thursday,23,56,Urban,Medium Speed (Collector),No,39.59985,-75.71121944,Non-Intersection,Dark - Not Lighted,Clear,11:00pm-11:59pm,57,0:00am-0:59am,4,Not Applicable (Not Transported),Not Applicable (Not Transported),1,Dark - Unlighted,Clear,1,0,['Driver'],['Shoulder_Lapbelt'],0,0,Valid,0.0,0.0,18.0,18.0,['Male'],0,0,3,4,3,Dry,Straight,Level,Medium,No
7475,10,Delaware,100108,0,1,1,0,1,NOT APPLICABLE,November,4,Saturday,21,19,Rural,Medium Speed (Collector),No,39.26146111,-75.63253889,Simple Junction,Dark - Not Lighted,Clear,9:00pm-9:59pm,21,9:00pm-9:59pm,24,10:00pm-10:59pm,6,1,Dark - Unlighted,Clear,1,0,['Driver'],['None_Used'],1,1,Valid,0.0,0.0,47.0,47.0,['Female'],1,0,2,4,3,Dry,Curve,Level,Lowest,No
7476,10,Delaware,100109,0,1,1,0,3,NOT APPLICABLE,October,16,Monday,3,13,Urban,High Speed (Arterial),Yes,39.643675,-75.76821389,Non-Intersection,Dark - Lighted,Clear,3:00am-3:59am,21,3:00am-3:59am,28,3:00am-3:59am,51,1,Dark - Lighted,Clear,1,2,['Rear_Seat'],['Shoulder_Lapbelt'],0,0,Invalid,0.0,0.0,32.0,32.0,['Male'],0,0,2,4,3,Dry,Curve,Level,Medium,No
7477,10,Delaware,100110,0,1,1,0,1,NOT APPLICABLE,November,7,Tuesday,13,31,Urban,High Speed (Arterial),Yes,38.51313056,-75.23783611,Simple Junction,Daylight,Clear,1:00pm-1:59pm,29,1:00pm-1:59pm,38,2:00pm-2:59pm,57,1,Daylight,Clear,1,0,['Driver'],['Shoulder_Lapbelt'],0,0,Valid,0.0,0.0,75.0,75.0,['Female'],1,0,3,4,3,Dry,Curve,Level,Lowest,No
7478,10,Delaware,100111,0,1,1,0,2,NOT APPLICABLE,November,11,Saturday,23,34,Rural,Medium Speed (Collector),No,38.46953889,-75.42236111,Non-Intersection,Dark - Not Lighted,Clear,11:00pm-11:59pm,33,11:00pm-11:59pm,42,1:00am-1:59am,11,1,Dark - Unlighted,Clear,1,1,['Driver'],['None_Used'],1,1,Invalid,0.0,1.0,35.0,35.0,['Male'],2,0,2,4,3,Dry,Straight,Level,Lowest,No
7479,10,Delaware,100112,0,2,2,0,2,DOVER,November,17,Friday,23,30,Urban,Medium Speed (Collector),No,39.18248056,-75.53103889,Non-Intersection,Dark - Lighted,Clear,11:00pm-11:59pm,31,11:00pm-11:59pm,38,0:00am-0:59am,1,1,Dark - Lighted,Clear,1,1,['Driver'],['Shoulder_Lapbelt'],1,1,Valid,0.0,1.0,50.0,20.0,"['Male', 'Female']",1,0,2,4,5,Dry,Straight,Level,Lowest,No
7480,10,Delaware,100113,0,3,3,0,7,NOT APPLICABLE,November,19,Sunday,16,17,Urban,High Speed (Arterial),Yes,39.63326111,-75.65958056,Complex/Circle,Daylight,Clear,4:00pm-4:59pm,21,4:00pm-4:59pm,23,4:00pm-4:59pm,43,1,Daylight,Clear,1,6,['Front_Passenger'],['Shoulder_Lapbelt'],0,0,Valid,0.0,0.0,61.0,42.0,"['Male', 'Female', 'Male']",0,0,3,4,5,Dry,Straight,Level,Lowest,No
7481,10,Delaware,100114,0,1,1,0,1,NOT APPLICABLE,November,26,Sunday,1,17,Rural,High Speed (Arterial),No,38.72188056,-75.29665,Non-Intersection,Dark - Not Lighted,Clear,1:00am-1:59am,18,1:00am-1:59am,31,Not Applicable (Not Transported),Not Applicable (Not Transported),1,Dark - Unlighted,Clear,1,0,['Driver'],['Shoulder_Only'],1,1,Invalid,0.0,0.0,26.0,26.0,['Male'],0,0,3,4,3,Dry,Straight,Level,Lowest,No
7482,10,Delaware,100115,1,1,1,0,1,WILMINGTON,November,27,Monday,5,44,Urban,Low Speed (Local),No,39.7414,-75.55991111,Non-Intersection,Dark - Lighted,Rain,5:00am-5:59am,51,5:00am-5:59am,54,Not Applicable (Not Transported),Not Applicable (Not Transported),1,Dark - Lighted,Rain/Wind/Minor,0,1,[],[],0,0,Valid,1.0,2.0,27.0,27.0,['Male'],0,0,4,1,4,Dry,Straight,Non-Trafficway,Lowest,No
7483,10,Delaware,100116,1,3,3,0,5,NOT APPLICABLE,November,29,Wednesday,17,33,Rural,Medium Speed (Collector),No,39.35646944,-75.64483889,Simple Junction,Dark - Not Lighted,Clear,5:00pm-5:59pm,33,5:00pm-5:59pm,38,Not Applicable (Not Transported),Not Applicable (Not Transported),1,Dark - Unlighted,Clear,0,5,[],[],0,0,Valid,0.0,2.0,51.0,39.0,"['Female', 'Male', 'Female']",0,0,3,3,4,Dry,Straight,Level,Lowest,No
7484,10,Delaware,100117,1,1,1,0,1,NOT APPLICABLE,February,3,Friday,12,44,Rural,Low Speed (Local),No,38.62578333,-75.19485,Non-Intersection,Daylight,Clear,12:00pm-12:59pm,43,12:00pm-12:59pm,48,1:00pm-1:59pm,33,1,Daylight,Clear,0,1,[],[],0,0,Valid,0.0,0.0,60.0,60.0,['Female'],0,0,3,1,4,Dry,Straight,Non-Trafficway,Lowest,No
7485,10,Delaware,100119,1,1,1,0,1,NOT APPLICABLE,December,4,Monday,21,15,Urban,High Speed (Arterial),Yes,38.62017778,-75.58953056,Non-Intersection,Dark - Not Lighted,Cloudy,9:00pm-9:59pm,16,9:00pm-9:59pm,21,Not Applicable (Not Transported),Not Applicable (Not Transported),1,Dark - Unlighted,Reduced Visibility,0,1,[],[],0,0,Valid,0.0,2.0,68.0,68.0,['Male'],0,0,2,3,4,Dry,Straight,Level,Lowest,No
7486,10,Delaware,100120,1,1,1,0,1,DOVER,December,5,Tuesday,21,42,Urban,High Speed (Arterial),Yes,39.16786111,-75.51708889,Complex/Circle,Dark - Lighted,Clear,9:00pm-9:59pm,55,10:00pm-10:59pm,0,10:00pm-10:59pm,9,1,Dark - Lighted,Clear,0,1,[],[],0,0,Valid,1.0,1.0,82.0,82.0,['Male'],0,0,2,3,4,Dry,Straight,Level,Lowest,No
7487,10,Delaware,100121,0,1,1,0,1,NOT APPLICABLE,December,6,Wednesday,16,43,Urban,High Speed (Arterial),Yes,39.76233889,-75.64171944,Non-Intersection,Reported as Unknown,Reported as Unknown,Not Applicable (Not Notified),Not Applicable (Not Notified),Not Applicable,Not Applicable,Not Applicable (Not Transported),Not Applicable (Not Transported),1,Dark - Unlighted,Clear,1,0,['Driver'],['None_Used'],1,1,Valid,1.0,0.0,42.0,42.0,['Male'],0,0,3,4,3,Dry,Curve,Grade/Hillcrest,Lowest,No
7488,10,Delaware,100123,0,1,1,0,3,NOT APPLICABLE,December,15,Friday,13,35,Rural,Medium Speed (Collector),No,38.78578889,-75.34793889,Non-Intersection,Daylight,Clear,1:00pm-1:59pm,33,1:00pm-1:59pm,41,1:00pm-1:59pm,55,1,Daylight,Clear,1,2,['Front_Passenger'],['Shoulder_Lapbelt'],0,0,Valid,0.0,0.0,57.0,57.0,['Male'],0,0,1,4,3,Dry,Straight,Level,Lowest,No
7489,10,Delaware,100124,1,3,3,0,3,SMYRNA,December,16,Saturday,19,30,Urban,Medium Speed (Collector),No,39.24565,-75.58805,Non-Intersection,Dark - Not Lighted,Clear,7:00pm-7:59pm,31,7:00pm-7:59pm,37,Not Applicable (Not Transported),Not Applicable (Not Transported),1,Dark - Unlighted,Clear,0,3,[],[],0,0,Valid,0.0,1.0,32.0,23.0,"['Male', 'Male', 'Female']",0,0,3,4,4,Dry,Straight,Level,Lowest,No
7490,10,Delaware,100125,1,1,1,0,1,WILMINGTON,December,21,Thursday,18,50,Urban,Medium Speed (Collector),No,39.73869722,-75.54708056,Non-Intersection,Dark - Lighted,Clear,6:00pm-6:59pm,51,6:00pm-6:59pm,56,7:00pm-7:59pm,15,1,Dark - Lighted,Clear,0,1,[],[],0,0,Invalid,0.0,3.0,24.0,24.0,['Male'],0,0,2,2,4,Dry,Straight,Level,Lowest,No
7491,10,Delaware,100126,1,1,1,0,1,NOT APPLICABLE,December,21,Thursday,19,52,Urban,High Speed (Arterial),Yes,39.62991111,-75.66535,Non-Intersection,Dark - Lighted,Clear,7:00pm-7:59pm,52,7:00pm-7:59pm,56,8:00pm-8:59pm,15,1,Dark - Lighted,Clear,0,1,[],[],0,0,Valid,0.0,2.0,50.0,50.0,['Female'],0,0,2,4,4,Dry,Straight,Level,Lowest,No
7492,10,Delaware,100127,0,1,1,0,1,NOT APPLICABLE,January,23,Monday,0,13,Rural,Low Speed (Local),No,39.7072,-75.66458889,Non-Intersection,Dark - Lighted,Rain,0:00am-0:59am,Unknown,0:00am-0:59am,Unknown EMS Scene Arrival Minutes,0:00am-0:59am,Unknown EMS Hospital Arrival Time,1,Dark - Lighted,Rain/Wind/Minor,1,0,['Driver'],['Shoulder_Lapbelt'],0,0,Valid,0.0,0.0,67.0,67.0,['Female'],1,0,3,4,3,Dry,Straight,Non-Trafficway,Medium,No
7493,10,Delaware,100128,1,1,1,0,4,NOT APPLICABLE,April,6,Thursday,20,57,Urban,High Speed (Arterial),Yes,39.77666111,-75.47911944,Non-Intersection,Dark - Unknown Lighting,Rain,8:00pm-8:59pm,56,9:00pm-9:59pm,2,Not Applicable (Not Transported),Not Applicable (Not Transported),1,Dark - Unlighted,Rain/Wind/Minor,0,4,[],[],0,0,Valid,0.0,0.0,51.0,51.0,['Male'],0,0,3,4,4,Wet/Standing Water,Straight,Level,Lowest,No
7494,10,Delaware,100129,0,2,2,0,2,NOT APPLICABLE,December,1,Friday,15,11,Urban,Medium Speed (Collector),No,39.21131111,-75.57085,Simple Junction,Daylight,Rain,3:00pm-3:59pm,13,3:00pm-3:59pm,20,3:00pm-3:59pm,42,1,Daylight,Rain/Wind/Minor,1,1,['Driver'],['Shoulder_Lapbelt'],0,0,Valid,0.0,2.0,59.0,21.0,"['Female', 'Female']",0,0,2,4,5,Wet/Standing Water,Straight,Level,Lowest,No
7495,10,Delaware,100130,0,2,2,0,2,SEAFORD,December,3,Sunday,16,18,Urban,High Speed (Arterial),Yes,38.64837222,-75.59392778,Complex/Circle,Dark - Lighted,Rain,4:00pm-4:59pm,18,4:00pm-4:59pm,23,4:00pm-4:59pm,46,1,Dark - Lighted,Rain/Wind/Minor,1,1,['Driver'],['None_Used'],0,0,Valid,0.0,0.0,74.0,47.0,"['Female', 'Female']",0,0,3,4,5,Wet/Standing Water,Straight,Level,Lowest,No
7496,11,District of Columbia,110001,0,2,2,0,10,WASHINGTON,January,15,Sunday,18,12,Urban,High Speed (Arterial),Yes,38.906525,-77.03452222,Complex/Circle,Dark - Lighted,Clear,6:00pm-6:59pm,13,6:00pm-6:59pm,16,6:00pm-6:59pm,28,1,Dark - Lighted,Clear,1,9,['Rear_Seat'],['Shoulder_Lapbelt'],1,1,Valid,0.0,0.0,54.0,30.0,"['Male', 'Male']",7,0,3,4,5,Dry,Straight,Level,Lowest,No
7497,11,District of Columbia,110002,0,2,1,1,1,WASHINGTON,February,3,Friday,23,48,Urban,Medium Speed (Collector),No,38.92855278,-76.97620833,Non-Intersection,Dark - Lighted,Clear,Unknown,Unknown,Unknown EMS Scene Arrival Hour,Unknown EMS Scene Arrival Minutes,Not Applicable (Not Transported),Not Applicable (Not Transported),1,Dark - Lighted,Clear,1,0,['Driver'],['None_Used'],1,1,Valid,0.0,0.0,22.0,22.0,['Male'],1,0,2,4,5,Dry,Straight,Grade/Hillcrest,Lowest,No
7498,11,District of Columbia,110003,1,1,1,0,1,WASHINGTON,February,8,Wednesday,17,54,Urban,High Speed (Arterial),Yes,38.92114167,-76.99683056,Non-Intersection,Dark - Lighted,Clear,5:00pm-5:59pm,56,6:00pm-6:59pm,1,Not Applicable (Not Transported),Not Applicable (Not Transported),1,Dark - Lighted,Clear,0,1,[],[],0,0,Valid,0.0,0.0,65.0,65.0,['Male'],0,0,3,4,4,Dry,Straight,Level,Lowest,No
7499,11,District of Columbia,110004,0,2,2,0,3,WASHINGTON,February,11,Saturday,2,38,Urban,High Speed (Arterial),Yes,38.95407222,-77.02771944,Complex/Circle,Dark - Lighted,Clear,2:00am-2:59am,39,2:00am-2:59am,42,Not Applicable (Not Transported),Not Applicable (Not Transported),1,Dark - Lighted,Clear,1,2,['Driver'],['None_Used'],1,2,Valid,0.0,0.0,49.0,42.0,"['Male', 'Male']",0,0,2,4,5,Dry,Straight,Level,Lowest,No
7500,11,District of Columbia,110005,1,1,1,0,1,WASHINGTON,February,13,Monday,20,9,Urban,Medium Speed (Collector),No,38.84727778,-76.99606667,Non-Intersection,Dark - Lighted,Clear,8:00pm-8:59pm,12,8:00pm-8:59pm,16,Not Applicable (Not Transported),Not Applicable (Not Transported),1,Dark - Lighted,Clear,0,1,[],[],1,1,Valid,0.0,0.0,44.0,44.0,['Male'],0,0,2,2,4,Dry,Straight,Level,Lowest,No
7501,11,District of Columbia,110006,0,4,4,0,9,WASHINGTON,February,21,Tuesday,7,50,Urban,High Speed (Arterial),Yes,38.930225,-77.05538611,Non-Intersection,Daylight,Clear,7:00am-7:59am,51,7:00am-7:59am,56,Unknown,Unknown EMS Hospital Arrival Time,1,Daylight,Clear,1,8,['Driver'],['None_Used'],0,0,Valid,0.0,0.0,66.0,21.0,"['Male', 'Male', 'Male', 'Male']",5,0,3,4,5,Dry,Straight,Grade/Hillcrest,Lowest,No
7502,11,District of Columbia,110007,0,2,2,0,5,WASHINGTON,March,15,Wednesday,1,40,Urban,High Speed (Arterial),Yes,38.90919167,-77.05091389,Non-Intersection,Dark - Lighted,Clear,Unknown,Unknown,Unknown EMS Scene Arrival Hour,Unknown EMS Scene Arrival Minutes,Unknown,Unknown EMS Hospital Arrival Time,3,Dark - Lighted,Clear,3,2,"['Driver', 'Front_Passenger', 'Front_Passenger']","['Shoulder_Lapbelt', 'None_Used', 'None_Used']",1,2,Valid,0.0,1.0,43.0,42.0,"['Female', 'Male']",2,0,3,4,5,Dry,Curve,Level,Lowest,No
7503,11,District of Columbia,110008,0,1,1,0,1,WASHINGTON,March,31,Friday,0,20,Urban,Medium Speed (Collector),No,38.85291389,-76.96991389,Non-Intersection,Dark - Lighted,Clear,0:00am-0:59am,21,0:00am-0:59am,23,Not Applicable (Not Transported),Not Applicable (Not Transported),1,Dark - Lighted,Clear,1,0,['Driver'],['Shoulder_Lapbelt'],1,1,Valid,0.0,0.0,35.0,35.0,['Female'],1,0,3,4,3,Dry,Curve,Level,Lowest,No
7504,11,District of Columbia,110010,0,1,1,0,3,WASHINGTON,April,20,Thursday,23,45,Urban,Low Speed (Local),No,38.87598333,-76.97719167,Non-Intersection,Dark - Lighted,Clear,10:00pm-10:59pm,31,10:00pm-10:59pm,34,Not Applicable (Not Transported),Not Applicable (Not Transported),3,Dark - Lighted,Clear,3,0,"['Front_Passenger', 'Front_Passenger', 'Front_Passenger']","['None_Used', 'None_Used', 'None_Used']",0,0,Valid,0.0,0.0,49.0,34.0,Other,0,0,2,4,4,Dry,Curve,Level,Lowest,No
7505,11,District of Columbia,110011,0,2,2,0,2,WASHINGTON,April,21,Friday,5,45,Urban,Medium Speed (Collector),No,38.97234722,-77.02356944,Complex/Circle,Daylight,Clear,5:00am-5:59am,45,5:00am-5:59am,51,Not Applicable (Not Transported),Not Applicable (Not Transported),1,Daylight,Clear,1,1,['Driver'],['None_Used'],0,0,Valid,0.0,0.0,68.0,32.0,"['Male', 'Female']",0,0,5,4,5,Dry,Straight,Level,Lowest,No
7506,11,District of Columbia,110012,1,2,1,1,1,WASHINGTON,April,26,Wednesday,17,25,Urban,Medium Speed (Collector),No,38.872925,-76.93499444,Non-Intersection,Daylight,Clear,7:00pm-7:59pm,20,7:00pm-7:59pm,25,Unknown,Unknown EMS Hospital Arrival Time,1,Daylight,Clear,1,0,['Driver'],['Shoulder_Lapbelt'],0,0,Invalid,0.0,0.0,50.0,50.0,['Male'],1,0,2,4,5,Dry,Straight,Grade/Hillcrest,Lowest,No
7507,11,District of Columbia,110013,1,1,1,0,1,WASHINGTON,May,1,Monday,3,22,Urban,High Speed (Arterial),Yes,38.81557222,-77.01916389,Non-Intersection,Dark - Unknown Lighting,Clear,3:00am-3:59am,22,3:00am-3:59am,29,Not Applicable (Not Transported),Not Applicable (Not Transported),1,Dark - Unlighted,Clear,0,0,[],[],0,0,Invalid,0.0,0.0,999.0,999.0,['Other'],0,0,1,0,4,Dry,Straight,Level,Lowest,No
7508,11,District of Columbia,110014,1,1,1,0,1,WASHINGTON,May,18,Thursday,7,23,Urban,Medium Speed (Collector),No,38.89978056,-77.01880278,Complex/Circle,Daylight,Clear,7:00am-7:59am,25,7:00am-7:59am,28,7:00am-7:59am,34,1,Daylight,Clear,0,1,[],[],0,0,Valid,0.0,0.0,57.0,57.0,['Male'],0,0,4,1,4,Dry,Straight,Level,Lowest,No
7509,11,District of Columbia,110015,1,1,1,0,1,WASHINGTON,May,27,Saturday,3,10,Urban,High Speed (Arterial),Yes,38.87452778,-77.00901389,Complex/Circle,Dark - Lighted,Clear,3:00am-3:59am,10,3:00am-3:59am,14,Not Applicable (Not Transported),Not Applicable (Not Transported),1,Dark - Lighted,Clear,0,1,[],[],1,1,Invalid,0.0,1.0,35.0,35.0,['Female'],0,0,2,4,4,Dry,Straight,Level,Lowest,No
7510,11,District of Columbia,110016,0,3,3,0,4,WASHINGTON,June,4,Sunday,19,45,Urban,High Speed (Arterial),Yes,38.88254722,-77.02449722,Non-Intersection,Dark - Lighted,Clear,7:00pm-7:59pm,55,7:00pm-7:59pm,59,8:00pm-8:59pm,14,1,Dark - Lighted,Clear,1,3,['Driver'],['None_Used'],0,0,Valid,0.0,0.0,65.0,28.0,"['Male', 'Male', 'Female']",0,0,3,4,5,Dry,Curve,Level,Lowest,No
7511,11,District of Columbia,110017,0,2,2,0,5,WASHINGTON,June,8,Thursday,0,24,Urban,High Speed (Arterial),Yes,38.88264444,-76.99150556,Complex/Circle,Dark - Lighted,Clear,0:00am-0:59am,24,0:00am-0:59am,28,0:00am-0:59am,58,1,Dark - Lighted,Clear,1,4,['Rear_Seat'],['Shoulder_Lapbelt'],0,0,Valid,0.0,0.0,30.0,18.0,"['Male', 'Male']",2,0,2,4,5,Dry,Straight,Level,Lowest,No
7512,11,District of Columbia,110018,0,2,2,0,2,WASHINGTON,June,22,Thursday,15,22,Urban,Medium Speed (Collector),No,38.90764167,-76.986775,Complex/Circle,Daylight,Clear,3:00pm-3:59pm,22,3:00pm-3:59pm,26,3:00pm-3:59pm,48,1,Daylight,Clear,1,1,['Driver'],['None_Used'],0,0,Valid,0.0,0.0,64.0,29.0,"['Male', 'Female']",0,0,5,4,5,Dry,Straight,Level,Lowest,No
7513,11,District of Columbia,110019,1,1,1,0,1,WASHINGTON,June,24,Saturday,3,0,Urban,High Speed (Arterial),Yes,38.89550556,-76.95263611,Non-Intersection,Dark - Lighted,Cloudy,3:00am-3:59am,12,Unknown EMS Scene Arrival Hour,Unknown EMS Scene Arrival Minutes,Unknown,Unknown EMS Hospital Arrival Time,1,Dark - Lighted,Reduced Visibility,0,0,[],[],0,0,Invalid,0.0,0.0,999.0,999.0,['Other'],0,0,1,0,4,Wet/Standing Water,Straight,Grade/Hillcrest,Lowest,No
7514,11,District of Columbia,110020,0,1,1,0,1,WASHINGTON,June,26,Monday,23,21,Urban,Medium Speed (Collector),No,38.91867222,-76.99218889,Non-Intersection,Dark - Lighted,Clear,11:00pm-11:59pm,22,11:00pm-11:59pm,26,11:00pm-11:59pm,50,1,Dark - Lighted,Clear,1,0,['Driver'],['None_Used'],1,1,Invalid,0.0,1.0,49.0,49.0,['Male'],0,0,5,2,3,Dry,Straight,Grade/Hillcrest,Lowest,No
7515,11,District of Columbia,110021,1,1,1,0,1,WASHINGTON,July,4,Tuesday,0,37,Urban,High Speed (Arterial),No,38.90365833,-76.92319167,Non-Intersection,Dark - Lighted,Clear,0:00am-0:59am,41,0:00am-0:59am,42,Not Applicable (Not Transported),Not Applicable (Not Transported),1,Dark - Lighted,Clear,0,0,[],[],0,0,Invalid,0.0,0.0,999.0,999.0,['Other'],0,0,1,0,4,Dry,Straight,Level,Lowest,No
7516,11,District of Columbia,110022,1,2,2,0,2,WASHINGTON,July,12,Wednesday,13,32,Urban,High Speed (Arterial),Yes,38.892075,-77.039475,Complex/Circle,Daylight,Clear,Unknown,Unknown,Unknown EMS Scene Arrival Hour,Unknown EMS Scene Arrival Minutes,Unknown,Unknown EMS Hospital Arrival Time,1,Daylight,Clear,0,2,[],[],0,0,Invalid,0.0,0.0,999.0,36.0,"['Other', 'Male']",0,0,3,2,5,Dry,Straight,Level,Lowest,No
7517,11,District of Columbia,110023,1,1,1,0,1,WASHINGTON,July,23,Sunday,3,15,Urban,High Speed (Arterial),Yes,38.89831111,-76.97360278,Non-Intersection,Dark - Lighted,Clear,3:00am-3:59am,14,3:00am-3:59am,21,Not Applicable (Not Transported),Not Applicable (Not Transported),1,Dark - Lighted,Clear,0,0,[],[],0,0,Invalid,0.0,0.0,999.0,999.0,['Other'],0,0,1,0,4,Dry,Straight,Level,Lowest,No
7518,11,District of Columbia,110024,1,1,1,0,1,WASHINGTON,August,16,Wednesday,21,0,Urban,High Speed (Arterial),Yes,38.89442778,-77.02618889,Complex/Circle,Dark - Lighted,Clear,9:00pm-9:59pm,0,9:00pm-9:59pm,5,9:00pm-9:59pm,22,1,Dark - Lighted,Clear,0,1,[],[],1,1,Valid,0.0,0.0,49.0,49.0,['Male'],0,0,3,2,4,Dry,Straight,Level,Lowest,No
7519,11,District of Columbia,110025,0,2,2,0,2,WASHINGTON,August,3,Thursday,8,0,Urban,High Speed (Arterial),Yes,38.86165556,-77.00186944,Non-Intersection,Daylight,Clear,8:00am-8:59am,21,8:00am-8:59am,24,8:00am-8:59am,58,1,Daylight,Clear,1,1,['Driver'],['None_Used'],0,0,Valid,0.0,1.0,38.0,25.0,"['Male', 'Male']",1,0,5,4,5,Dry,Curve,Level,Lowest,No
7520,11,District of Columbia,110026,0,1,1,0,1,WASHINGTON,September,10,Sunday,0,4,Urban,High Speed (Arterial),Yes,38.87895,-77.03865556,Non-Intersection,Dark - Lighted,Clear,0:00am-0:59am,4,0:00am-0:59am,11,Not Applicable (Not Transported),Not Applicable (Not Transported),1,Dark - Lighted,Clear,1,0,['Driver'],['None_Used'],0,0,Valid,0.0,0.0,32.0,32.0,['Male'],1,0,5,3,2,Dry,Straight,Level,Lowest,No
7521,11,District of Columbia,110027,1,1,1,0,1,WASHINGTON,September,20,Wednesday,3,54,Urban,Medium Speed (Collector),No,38.90415833,-76.92380833,Complex/Circle,Dark - Lighted,Clear,4:00am-4:59am,13,4:00am-4:59am,19,Not Applicable (Not Transported),Not Applicable (Not Transported),1,Dark - Lighted,Clear,0,1,[],[],0,0,Valid,0.0,1.0,49.0,49.0,['Male'],0,0,3,1,4,Dry,Straight,Level,Lowest,No
7522,11,District of Columbia,110028,0,2,2,0,2,WASHINGTON,September,21,Thursday,17,32,Urban,High Speed (Arterial),Yes,38.86840278,-76.95826111,Non-Intersection,Daylight,Clear,5:00pm-5:59pm,34,5:00pm-5:59pm,36,6:00pm-6:59pm,8,1,Daylight,Clear,1,1,['Driver'],['Shoulder_Lapbelt'],1,1,Valid,0.0,0.0,48.0,34.0,"['Male', 'Male']",1,0,3,4,5,Dry,Straight,Grade/Hillcrest,Lowest,No
7523,11,District of Columbia,110029,1,1,1,0,1,WASHINGTON,September,26,Tuesday,22,7,Urban,Medium Speed (Collector),No,38.90429722,-76.978975,Complex/Circle,Dark - Lighted,Clear,10:00pm-10:59pm,10,10:00pm-10:59pm,16,10:00pm-10:59pm,45,1,Dark - Lighted,Clear,0,0,[],[],0,0,Invalid,0.0,0.0,999.0,999.0,['Other'],0,0,1,2,4,Dry,Straight,Level,Lowest,No
7524,11,District of Columbia,110030,0,1,1,0,1,WASHINGTON,October,12,Thursday,1,0,Urban,High Speed (Arterial),Yes,38.87024167,-76.98767222,Non-Intersection,Dark - Lighted,Clear,1:00am-1:59am,5,1:00am-1:59am,13,Not Applicable (Not Transported),Not Applicable (Not Transported),1,Dark - Lighted,Clear,1,0,['Driver'],['None_Used'],0,0,Valid,0.0,0.0,59.0,59.0,['Male'],0,0,5,2,0,Dry,Curve,Grade/Hillcrest,Lowest,No