,State_Code,State_Name,Crash_ID,Count_Non_Motorists,Count_Vehicles_Total,Count_Vehicle_Forms,Count_PVH_Involved,Count_Occupants_MV,City_Name,Month_Name,Day_of_Month,Day_of_Week,Crash_Hour,Crash_Minute,Area_Rural_Urban,Road_Functional_Class,On_NHS_Road,Latitude,Longitude,Intersection_Type,Light_Condition,Weather_Condition,Notif_Hour,Notif_Minute,Arrival_Hour,Arrival_Minute,Hospital_Hour,Hospital_Minute,Fatalities_Count,Clean_Light_Condition,Clean_Weather_Condition,Total_Killed,Total_Alive,Fatal_Seats_List,Killed_Restraint_List,Any_Driver_Drinking,Total_Drinking_Drivers,Driver_License_Category,Driver_Max_Prev_Accident_Count,Driver_Max_Prev_Speeding_Count,Max_Driver_Age,Min_Driver_Age,Driver_Sex_List,Total_Exceeding_Limit_Vehicles,Total_Too_Fast_Vehicles,Max_Vehicle_Type_Severity_5,Max_Vehicle_Damage_Rank,Max_Harmful_Event_Severity,Crash_Road_Surface_Condition,Crash_Horizontal_Alignment,Crash_Vertical_Profile,Crash_Impairment_Category,Crash_Vehicle_Defect
7525,11,District of Columbia,110031,1,1,1,0,1,WASHINGTON,October,12,Thursday,14,21,Urban,High Speed (Arterial),Yes,38.953925,-77.02779722,Complex/Circle,Daylight,Clear,2:00pm-2:59pm,22,2:00pm-2:59pm,24,2:00pm-2:59pm,54,1,Daylight,Clear,0,1,[],[],0,0,Valid,0.0,1.0,35.0,35.0,['Male'],0,0,3,2,4,Dry,Straight,Grade/Hillcrest,Lowest,No
7526,11,District of Columbia,110032,1,1,1,0,1,WASHINGTON,October,17,Tuesday,0,44,Urban,High Speed (Arterial),Yes,38.90369444,-77.04010556,Complex/Circle,Dark - Lighted,Reported as Unknown,0:00am-0:59am,47,0:00am-0:59am,51,1:00am-1:59am,6,1,Dark - Lighted,Clear,0,1,[],[],0,0,Valid,0.0,1.0,60.0,60.0,['Male'],0,0,2,3,4,Dry,Straight,Level,Lowest,No
7527,11,District of Columbia,110033,0,2,1,1,1,WASHINGTON,October,26,Thursday,1,47,Urban,Low Speed (Local),No,38.92103889,-76.98925,Complex/Circle,Dark - Lighted,Clear,1:00am-1:59am,48,1:00am-1:59am,50,Not Applicable (Not Transported),Not Applicable (Not Transported),1,Dark - Lighted,Clear,1,0,['Driver'],['None_Used'],0,0,Invalid,0.0,0.0,16.0,16.0,['Female'],1,0,3,4,3,Dry,Straight,Grade/Hillcrest,Lowest,No
7528,11,District of Columbia,110034,0,2,2,0,3,WASHINGTON,November,5,Sunday,13,17,Urban,Medium Speed (Collector),No,38.93016667,-76.95869444,Non-Intersection,Daylight,Clear,1:00pm-1:59pm,19,1:00pm-1:59pm,27,Not Applicable (Not Transported),Not Applicable (Not Transported),2,Daylight,Clear,2,1,"['Driver', 'Front_Passenger']","['None_Used', 'None_Used']",1,1,Valid,0.0,2.0,28.0,27.0,"['Male', 'Female']",2,0,2,4,5,Dry,Straight,Level,Lowest,No
7529,11,District of Columbia,110035,1,1,1,0,1,WASHINGTON,November,11,Saturday,18,46,Urban,Medium Speed (Collector),No,38.88356667,-76.94148333,Simple Junction,Dark - Lighted,Clear,6:00pm-6:59pm,47,6:00pm-6:59pm,52,Not Applicable (Not Transported),Not Applicable (Not Transported),1,Dark - Lighted,Clear,0,1,[],[],0,0,Valid,0.0,0.0,76.0,76.0,['Male'],0,0,2,2,4,Dry,Straight,Grade/Hillcrest,Lowest,No
7530,11,District of Columbia,110036,1,1,1,0,1,WASHINGTON,December,14,Thursday,0,55,Urban,High Speed (Arterial),Yes,38.89786111,-76.96998333,Non-Intersection,Dark - Lighted,Clear,0:00am-0:59am,58,1:00am-1:59am,3,Not Applicable (Not Transported),Not Applicable (Not Transported),1,Dark - Lighted,Clear,0,0,[],[],0,0,Invalid,0.0,0.0,999.0,999.0,['Other'],0,0,1,0,4,Dry,Straight,Level,Lowest,No
7531,11,District of Columbia,110037,0,1,1,0,1,WASHINGTON,December,24,Sunday,20,30,Urban,Low Speed (Local),No,38.87048611,-76.98955833,Non-Intersection,Reported as Unknown,Clear,1:00pm-1:59pm,25,1:00pm-1:59pm,38,Not Applicable (Not Transported),Not Applicable (Not Transported),1,Dark - Unlighted,Clear,1,0,['Driver'],['None_Used'],0,0,Valid,0.0,0.0,38.0,38.0,['Male'],0,0,3,4,4,Dry,Curve,Level,Lowest,No
7532,11,District of Columbia,110038,0,1,1,0,1,WASHINGTON,December,22,Friday,0,20,Urban,High Speed (Arterial),Yes,38.88813333,-77.05220833,Non-Intersection,Dark - Lighted,Clear,0:00am-0:59am,6,0:00am-0:59am,13,1:00am-1:59am,11,1,Dark - Lighted,Clear,1,0,['Driver'],['Shoulder_Lapbelt'],0,0,Invalid,0.0,0.0,43.0,43.0,['Male'],0,0,2,4,2,Dry,Curve,Level,Lowest,No
7533,11,District of Columbia,110039,1,1,1,0,1,WASHINGTON,December,19,Tuesday,21,45,Urban,Medium Speed (Collector),No,38.90648333,-77.01511667,Complex/Circle,Dark - Not Lighted,Clear,9:00pm-9:59pm,48,9:00pm-9:59pm,53,10:00pm-10:59pm,4,1,Dark - Unlighted,Clear,0,0,[],[],0,0,Invalid,0.0,0.0,999.0,999.0,['Other'],0,0,1,0,4,Dry,Straight,Level,Lowest,No
7534,11,District of Columbia,110040,0,5,4,1,5,WASHINGTON,December,29,Friday,18,25,Urban,Medium Speed (Collector),No,38.86960278,-76.960375,Non-Intersection,Dusk,Clear,6:00pm-6:59pm,28,6:00pm-6:59pm,32,6:00pm-6:59pm,50,1,Twilight,Clear,1,4,['Driver'],['Shoulder_Lapbelt'],0,0,Valid,0.0,1.0,49.0,31.0,"['Male', 'Male', 'Male', 'Male']",2,0,3,4,5,Dry,Straight,Grade/Hillcrest,Lowest,No
7535,12,Florida,120002,0,2,2,0,4,NOT APPLICABLE,January,1,Sunday,3,33,Urban,High Speed (Arterial),Yes,27.62891111,-82.53989444,Non-Intersection,Dark - Not Lighted,"Fog, Smog, Smoke",Unknown,Unknown,Unknown EMS Scene Arrival Hour,Unknown EMS Scene Arrival Minutes,Unknown,Unknown EMS Hospital Arrival Time,1,Dark - Unlighted,Reduced Visibility,1,3,['Rear_Seat'],['None_Used'],1,1,Invalid,0.0,0.0,58.0,36.0,"['Female', 'Male']",0,0,3,4,5,Wet/Standing Water,Straight,Level,Lowest,No
7536,12,Florida,120003,1,1,1,0,1,NOT APPLICABLE,January,2,Monday,9,9,Urban,High Speed (Arterial),No,27.4403,-82.50545833,Complex/Circle,Daylight,Clear,Unknown,Unknown,Unknown EMS Scene Arrival Hour,Officially Cancelled,Unknown,Officially Canceled,1,Daylight,Clear,0,1,[],[],0,0,Valid,0.0,0.0,80.0,80.0,['Female'],0,0,2,4,4,Dry,Straight,Level,Lowest,No
7537,12,Florida,120004,0,2,2,0,6,NOT APPLICABLE,January,2,Monday,12,47,Urban,High Speed (Arterial),Yes,26.75483611,-81.08151667,Non-Intersection,Daylight,Cloudy,Unknown,Unknown,Unknown EMS Scene Arrival Hour,Unknown EMS Scene Arrival Minutes,Unknown,Unknown EMS Hospital Arrival Time,1,Daylight,Reduced Visibility,1,5,['Driver'],['None_Used'],0,0,Invalid,0.0,0.0,60.0,42.0,"['Male', 'Male']",0,0,5,4,5,Dry,Curve,Level,Lowest,No
7538,12,Florida,120005,1,2,1,1,1,GAINESVILLE,January,2,Monday,21,14,Urban,Low Speed (Local),No,29.65563333,-82.32790556,Simple Junction,Dark - Lighted,Clear,Unknown,Unknown,Unknown EMS Scene Arrival Hour,Unknown EMS Scene Arrival Minutes,Not Applicable (Not Transported),Not Applicable (Not Transported),1,Dark - Lighted,Clear,1,0,['Driver'],['None_Used'],0,0,Valid,0.0,0.0,24.0,24.0,['Male'],0,0,2,4,3,Dry,Straight,Level,Lowest,No
7539,12,Florida,120006,1,2,2,0,2,FORT MYERS,January,3,Tuesday,6,45,Urban,High Speed (Arterial),Yes,26.62762222,-81.86208889,Non-Intersection,Dawn,Clear,Unknown,Unknown if Notified,Unknown EMS Scene Arrival Hour,Unknown if Arrived,Not Applicable (Not Transported),Not Applicable (Not Transported),1,Twilight,Clear,0,2,[],[],0,0,Valid,0.0,1.0,62.0,41.0,"['Male', 'Female']",0,0,3,4,4,Dry,Straight,Level,Lowest,No
7540,12,Florida,120007,1,1,1,0,1,JACKSONVILLE,January,1,Sunday,21,57,Urban,High Speed (Arterial),Yes,30.46018056,-81.66505278,Non-Intersection,Dark - Not Lighted,Clear,Unknown,Unknown,Unknown EMS Scene Arrival Hour,Unknown EMS Scene Arrival Minutes,Not Applicable (Not Transported),Not Applicable (Not Transported),1,Dark - Unlighted,Clear,0,1,[],[],1,1,Valid,0.0,1.0,65.0,65.0,['Male'],0,0,2,3,4,Dry,Straight,Level,Lowest,No
7541,12,Florida,120008,1,1,1,0,1,NOT APPLICABLE,January,3,Tuesday,2,50,Rural,High Speed (Arterial),Yes,28.40040278,-80.94697778,Non-Intersection,Dark - Not Lighted,"Fog, Smog, Smoke",Unknown,Unknown,Unknown EMS Scene Arrival Hour,Unknown EMS Scene Arrival Minutes,Not Applicable (Not Transported),Not Applicable (Not Transported),1,Dark - Unlighted,Reduced Visibility,0,1,[],[],0,0,Valid,0.0,0.0,68.0,68.0,['Male'],0,0,3,4,4,Dry,Straight,Level,Lowest,No
7542,12,Florida,120009,0,2,2,0,4,NOT APPLICABLE,January,3,Tuesday,11,11,Rural,Medium Speed (Collector),No,27.11920833,-81.99907222,Non-Intersection,Daylight,Clear,Unknown,Unknown,Unknown EMS Scene Arrival Hour,Unknown EMS Scene Arrival Minutes,Not Applicable (Not Transported),Not Applicable (Not Transported),1,Daylight,Clear,1,3,['Driver'],['None_Used'],0,0,Valid,0.0,1.0,71.0,39.0,"['Male', 'Male']",0,0,5,4,5,Dry,Curve,Level,Lowest,No
7543,12,Florida,120010,0,2,2,0,2,Other,January,1,Sunday,3,30,Urban,High Speed (Arterial),Yes,25.98438889,-80.20018611,Non-Intersection,Dark - Lighted,Clear,Unknown,Unknown,Unknown EMS Scene Arrival Hour,Unknown EMS Scene Arrival Minutes,Not Applicable (Not Transported),Not Applicable (Not Transported),1,Dark - Lighted,Clear,1,1,['Driver'],['None_Used'],0,0,Invalid,0.0,0.0,53.0,39.0,"['Male', 'Male']",0,0,5,4,5,Dry,Straight,Level,Lowest,No
7544,12,Florida,120011,1,1,1,0,1,NOT APPLICABLE,January,5,Thursday,20,0,Urban,Medium Speed (Collector),No,28.01074444,-82.38778333,Non-Intersection,Dark - Not Lighted,Clear,Unknown,Unknown,Unknown EMS Scene Arrival Hour,Unknown EMS Scene Arrival Minutes,Not Applicable (Not Transported),Not Applicable (Not Transported),1,Dark - Unlighted,Clear,0,1,[],[],0,0,Valid,0.0,1.0,24.0,24.0,['Male'],1,0,2,3,4,Dry,Straight,Level,Lowest,No
7545,12,Florida,120012,0,3,3,0,3,NOT APPLICABLE,January,8,Sunday,19,28,Urban,Medium Speed (Collector),No,28.03698056,-82.50693333,Complex/Circle,Dark - Lighted,Clear,Unknown,Unknown,Unknown EMS Scene Arrival Hour,Unknown EMS Scene Arrival Minutes,Not Applicable (Not Transported),Not Applicable (Not Transported),1,Dark - Lighted,Clear,1,2,['Driver'],['None_Used'],1,1,Valid,0.0,0.0,70.0,52.0,"['Male', 'Male', 'Female']",0,0,5,4,5,Dry,Straight,Level,Lowest,No
7546,12,Florida,120013,0,1,1,0,2,NOT APPLICABLE,January,1,Sunday,23,58,Urban,High Speed (Arterial),Yes,26.10133056,-81.74249444,Non-Intersection,Dark - Lighted,Clear,Unknown,Unknown,Unknown EMS Scene Arrival Hour,Unknown EMS Scene Arrival Minutes,Unknown,Unknown EMS Hospital Arrival Time,2,Dark - Lighted,Clear,2,0,"['Driver', 'Front_Passenger']","['None_Used', 'Shoulder_Lapbelt']",0,0,Valid,0.0,1.0,20.0,20.0,['Female'],0,0,2,4,3,Dry,Straight,Level,Lowest,No
7547,12,Florida,120014,0,2,2,0,3,NOT APPLICABLE,January,1,Sunday,4,30,Rural,High Speed (Arterial),Yes,30.47985,-82.98428889,Non-Intersection,Dark - Not Lighted,"Fog, Smog, Smoke",Unknown,Unknown,Unknown EMS Scene Arrival Hour,Unknown EMS Scene Arrival Minutes,Unknown,Unknown EMS Hospital Arrival Time,1,Dark - Unlighted,Reduced Visibility,1,2,['Front_Passenger'],['None_Used'],1,1,Valid,2.0,2.0,25.0,21.0,"['Male', 'Female']",0,0,3,4,5,Dry,Straight,Level,Lowest,No
7548,12,Florida,120016,1,2,2,0,2,NOT APPLICABLE,January,1,Sunday,18,20,Urban,Medium Speed (Collector),Yes,30.63423056,-81.46041944,Non-Intersection,Dark - Not Lighted,Cloudy,Unknown,Unknown,Unknown EMS Scene Arrival Hour,Unknown EMS Scene Arrival Minutes,Unknown,Unknown EMS Hospital Arrival Time,1,Dark - Unlighted,Reduced Visibility,0,2,[],[],0,0,Valid,0.0,1.0,65.0,36.0,"['Male', 'Male']",0,0,3,2,4,Dry,Straight,Level,Lowest,No
7549,12,Florida,120017,1,1,1,0,1,NOT APPLICABLE,January,1,Sunday,20,5,Urban,High Speed (Arterial),Yes,28.02091944,-82.18673611,Non-Intersection,Dark - Lighted,Clear,Unknown,Unknown,Unknown EMS Scene Arrival Hour,Unknown EMS Scene Arrival Minutes,Unknown,Unknown EMS Hospital Arrival Time,1,Dark - Lighted,Clear,0,1,[],[],0,0,Invalid,0.0,0.0,999.0,999.0,['Other'],0,0,1,0,4,Dry,Straight,Level,Lowest,No
7550,12,Florida,120018,0,5,5,0,6,HIALEAH,January,7,Saturday,4,58,Urban,High Speed (Arterial),No,25.86660833,-80.29073611,Complex/Circle,Dark - Lighted,Clear,Unknown,Unknown,Unknown EMS Scene Arrival Hour,Unknown EMS Scene Arrival Minutes,Unknown,Unknown EMS Hospital Arrival Time,1,Dark - Lighted,Clear,1,5,['Driver'],['None_Used'],1,1,Invalid,0.0,0.0,58.0,28.0,"['Male', 'Male', 'Male', 'Male', 'Male']",0,0,3,4,5,Dry,Straight,Level,Lowest,No
7551,12,Florida,120019,0,2,2,0,4,NOT APPLICABLE,January,1,Sunday,3,10,Urban,Medium Speed (Collector),No,25.96457222,-80.17117222,Simple Junction,Dark - Lighted,Clear,Unknown,Unknown,Unknown EMS Scene Arrival Hour,Unknown EMS Scene Arrival Minutes,Unknown,Unknown EMS Hospital Arrival Time,1,Dark - Lighted,Clear,1,3,['Front_Passenger'],['Shoulder_Lapbelt'],0,0,Valid,1.0,0.0,998.0,25.0,"['Male', 'Male']",1,0,3,4,5,Dry,Straight,Level,Lowest,No
7552,12,Florida,120020,1,1,1,0,1,NOT APPLICABLE,January,9,Monday,1,4,Urban,Low Speed (Local),No,27.73521944,-82.43817778,Non-Intersection,Dark - Not Lighted,Clear,Unknown,Unknown,Unknown EMS Scene Arrival Hour,Unknown EMS Scene Arrival Minutes,Not Applicable (Not Transported),Not Applicable (Not Transported),1,Dark - Unlighted,Clear,0,1,[],[],0,0,Valid,0.0,0.0,41.0,41.0,['Female'],0,0,2,3,4,Dry,Straight,Level,Lowest,No
7553,12,Florida,120021,1,1,1,0,1,NOT APPLICABLE,January,3,Tuesday,23,19,Urban,High Speed (Arterial),Yes,28.33301667,-81.58725556,Complex/Circle,Dark - Lighted,Clear,Unknown,Unknown,Unknown EMS Scene Arrival Hour,Unknown EMS Scene Arrival Minutes,Unknown,Unknown EMS Hospital Arrival Time,1,Dark - Lighted,Clear,0,1,[],[],0,0,Valid,0.0,0.0,27.0,27.0,['Male'],0,0,2,3,4,Dry,Straight,Level,Lowest,No
7554,12,Florida,120022,0,2,1,1,1,DAVENPORT,January,4,Wednesday,2,20,Urban,High Speed (Arterial),Yes,77.7777,777.7777,Non-Intersection,Dark - Not Lighted,Clear,Unknown,Unknown,Unknown EMS Scene Arrival Hour,Officially Cancelled,Unknown,Officially Canceled,1,Dark - Unlighted,Clear,1,0,['Driver'],['None_Used'],0,0,Valid,0.0,1.0,87.0,87.0,['Female'],0,0,2,4,5,Dry,Straight,Level,Lowest,No
7555,12,Florida,120023,0,1,1,0,1,NOT APPLICABLE,January,7,Saturday,1,10,Rural,Medium Speed (Collector),No,29.12728611,-81.88748611,Non-Intersection,Dark - Not Lighted,Clear,Unknown,Unknown,Unknown EMS Scene Arrival Hour,Unknown EMS Scene Arrival Minutes,Unknown,Unknown EMS Hospital Arrival Time,1,Dark - Unlighted,Clear,1,0,['Driver'],['None_Used'],1,1,Valid,0.0,2.0,19.0,19.0,['Male'],0,0,5,4,3,Dry,Curve,Level,Lowest,No
7556,12,Florida,120025,0,2,2,0,2,JACKSONVILLE,January,11,Wednesday,18,47,Urban,Medium Speed (Collector),No,30.36211667,-81.50273333,Non-Intersection,Dark - Lighted,Clear,Unknown,Unknown,Unknown EMS Scene Arrival Hour,Unknown EMS Scene Arrival Minutes,Unknown,Unknown EMS Hospital Arrival Time,1,Dark - Lighted,Clear,1,1,['Driver'],['Shoulder_Lapbelt'],1,1,Valid,0.0,0.0,61.0,22.0,"['Male', 'Male']",0,0,3,4,5,Dry,Straight,Level,Lowest,No
7557,12,Florida,120026,0,2,2,0,3,NOT APPLICABLE,January,2,Monday,17,27,Urban,High Speed (Arterial),Yes,27.76922778,-80.44500278,Complex/Circle,Dusk,Clear,Unknown,Unknown,Unknown EMS Scene Arrival Hour,Unknown EMS Scene Arrival Minutes,Unknown,Unknown EMS Hospital Arrival Time,1,Twilight,Clear,1,2,['Driver'],['None_Used'],1,1,Valid,0.0,0.0,62.0,49.0,"['Female', 'Male']",0,0,5,4,5,Dry,Straight,Level,Lowest,No
7558,12,Florida,120027,0,2,2,0,2,NOT APPLICABLE,January,3,Tuesday,6,33,Rural,Medium Speed (Collector),No,30.914075,-85.11877778,Non-Intersection,Daylight,Clear,Unknown,Unknown,Unknown EMS Scene Arrival Hour,Unknown EMS Scene Arrival Minutes,Unknown,Unknown EMS Hospital Arrival Time,1,Daylight,Clear,1,1,['Driver'],['Shoulder_Lapbelt'],0,0,Valid,0.0,0.0,70.0,58.0,"['Male', 'Male']",0,0,4,4,5,Dry,Curve,Level,Lowest,No
7559,12,Florida,120028,0,2,2,0,3,NOT APPLICABLE,January,6,Friday,22,50,Urban,High Speed (Arterial),Yes,25.70663889,-80.33431944,Non-Intersection,Dark - Lighted,Clear,Unknown,Unknown,Unknown EMS Scene Arrival Hour,Unknown EMS Scene Arrival Minutes,Unknown,Unknown EMS Hospital Arrival Time,1,Dark - Lighted,Clear,1,2,['Driver'],['None_Used'],1,1,Valid,1.0,0.0,62.0,28.0,"['Male', 'Female']",1,0,5,4,5,Dry,Straight,Level,Lowest,No
7560,12,Florida,120029,0,2,2,0,2,NOT APPLICABLE,January,6,Friday,15,45,Rural,High Speed (Arterial),Yes,30.44070278,-84.45051111,Non-Intersection,Daylight,Clear,Unknown,Unknown,Unknown EMS Scene Arrival Hour,Unknown EMS Scene Arrival Minutes,Unknown,Unknown EMS Hospital Arrival Time,1,Daylight,Clear,1,1,['Driver'],['None_Used'],0,0,Valid,0.0,0.0,79.0,42.0,"['Female', 'Male']",0,0,3,4,5,Dry,Straight,Level,Lowest,Yes
7561,12,Florida,120031,0,1,1,0,1,ALTAMONTE SPRINGS,January,10,Tuesday,4,13,Urban,High Speed (Arterial),No,28.66209722,-81.41014167,Non-Intersection,Dark - Lighted,Clear,Unknown,Unknown,Unknown EMS Scene Arrival Hour,Unknown EMS Scene Arrival Minutes,Not Applicable (Not Transported),Not Applicable (Not Transported),1,Dark - Lighted,Clear,1,0,['Driver'],['Shoulder_Lapbelt'],1,1,Valid,0.0,1.0,28.0,28.0,['Male'],0,0,3,4,4,Dry,Curve,Level,Lowest,No
7562,12,Florida,120032,0,2,2,0,2,PEMBROKE PINES,January,10,Tuesday,3,8,Urban,High Speed (Arterial),No,25.99601111,-80.16553889,Complex/Circle,Dark - Lighted,Clear,Unknown,Unknown,Unknown EMS Scene Arrival Hour,Unknown EMS Scene Arrival Minutes,Unknown,Unknown EMS Hospital Arrival Time,1,Dark - Lighted,Clear,1,1,['Driver'],['Shoulder_Lapbelt'],0,0,Valid,0.0,0.0,47.0,33.0,"['Male', 'Male']",0,0,3,4,5,Dry,Straight,Level,Lowest,No
7563,12,Florida,120034,0,2,2,0,2,NOT APPLICABLE,January,8,Sunday,1,53,Urban,Medium Speed (Collector),No,28.396,-81.37538889,Non-Intersection,Dark - Lighted,Clear,Unknown,Unknown,Unknown EMS Scene Arrival Hour,Unknown EMS Scene Arrival Minutes,Unknown,Unknown EMS Hospital Arrival Time,1,Dark - Lighted,Clear,1,1,['Driver'],['None_Used'],0,0,Invalid,0.0,0.0,26.0,22.0,"['Male', 'Male']",0,0,5,4,5,Dry,Straight,Level,Lowest,No
7564,12,Florida,120035,0,2,2,0,2,NOT APPLICABLE,January,9,Monday,22,28,Urban,High Speed (Arterial),No,26.46500833,-80.14705,Complex/Circle,Dark - Lighted,Clear,Unknown,Unknown,Unknown EMS Scene Arrival Hour,Unknown EMS Scene Arrival Minutes,Unknown,Unknown EMS Hospital Arrival Time,1,Dark - Lighted,Clear,1,1,['Driver'],['Shoulder_Lapbelt'],1,1,Valid,0.0,0.0,83.0,34.0,"['Female', 'Female']",0,0,2,4,5,Dry,Straight,Level,Lowest,No
7565,12,Florida,120036,0,1,1,0,3,JACKSONVILLE,January,12,Thursday,14,20,Urban,Medium Speed (Collector),No,30.50864444,-81.5829,Non-Intersection,Daylight,Clear,Unknown,Unknown,Unknown EMS Scene Arrival Hour,Unknown EMS Scene Arrival Minutes,Unknown,Unknown EMS Hospital Arrival Time,1,Daylight,Clear,1,0,['Rear_Seat'],['Shoulder_Lapbelt'],0,0,Valid,0.0,0.0,49.0,34.0,Other,0,0,3,4,3,Dry,Straight,Level,Lowest,No
7566,12,Florida,120037,0,1,1,0,1,NOT APPLICABLE,January,1,Sunday,3,20,Rural,Low Speed (Local),No,77.7777,777.7777,Non-Intersection,Dark - Not Lighted,"Fog, Smog, Smoke",Unknown,Unknown,Unknown EMS Scene Arrival Hour,Officially Cancelled,Unknown,Officially Canceled,1,Dark - Unlighted,Reduced Visibility,1,0,['Driver'],['None_Used'],1,1,Valid,0.0,0.0,36.0,36.0,['Male'],1,0,5,3,2,Loose/Unpaved,Curve,Level,Lowest,No
7567,12,Florida,120038,2,1,1,0,1,SAINT PETE BEACH,January,3,Tuesday,18,13,Urban,Medium Speed (Collector),No,27.71993333,-82.73968889,Non-Intersection,Dark - Lighted,Clear,Unknown,Unknown,Unknown EMS Scene Arrival Hour,Unknown EMS Scene Arrival Minutes,Unknown,Unknown EMS Hospital Arrival Time,2,Dark - Lighted,Clear,0,1,[],[],0,0,Valid,0.0,0.0,51.0,51.0,['Female'],0,0,3,2,4,Dry,Straight,Level,Lowest,No
7568,12,Florida,120039,1,1,1,0,1,NOT APPLICABLE,January,6,Friday,0,37,Urban,Medium Speed (Collector),No,29.11439167,-82.02336389,Non-Intersection,Dark - Not Lighted,Clear,Unknown,Unknown,Unknown EMS Scene Arrival Hour,Officially Cancelled,Unknown,Officially Canceled,1,Dark - Unlighted,Clear,0,1,[],[],0,0,Valid,0.0,0.0,38.0,38.0,['Male'],0,0,3,3,4,Dry,Straight,Level,Lowest,No
7569,12,Florida,120040,2,1,1,0,2,DUNEDIN,January,7,Saturday,18,49,Urban,Low Speed (Local),No,28.01228889,-82.791275,Simple Junction,Dark - Lighted,Clear,Unknown,Unknown,Unknown EMS Scene Arrival Hour,Unknown EMS Scene Arrival Minutes,Unknown,Unknown EMS Hospital Arrival Time,1,Dark - Lighted,Clear,0,2,[],[],0,0,Valid,0.0,1.0,52.0,52.0,['Female'],0,0,3,2,4,Dry,Straight,Level,Lowest,No
7570,12,Florida,120041,1,1,1,0,1,NOT APPLICABLE,January,8,Sunday,10,47,Urban,High Speed (Arterial),Yes,26.63066389,-80.20428056,Complex/Circle,Daylight,Clear,Unknown,Unknown,Unknown EMS Scene Arrival Hour,Unknown EMS Scene Arrival Minutes,Unknown,Unknown EMS Hospital Arrival Time,1,Daylight,Clear,0,1,[],[],0,0,Valid,0.0,0.0,30.0,30.0,['Male'],0,0,2,3,4,Dry,Straight,Level,Lowest,No
7571,12,Florida,120042,1,1,1,0,1,LAKE WORTH,January,7,Saturday,14,29,Urban,Low Speed (Local),No,26.60896667,-80.07165833,Complex/Circle,Daylight,Clear,Unknown,Unknown,Unknown EMS Scene Arrival Hour,Unknown EMS Scene Arrival Minutes,Unknown,Unknown EMS Hospital Arrival Time,1,Daylight,Clear,0,1,[],[],0,0,Valid,0.0,0.0,56.0,56.0,['Male'],0,0,3,1,4,Dry,Straight,Level,Lowest,No
7572,12,Florida,120043,0,2,2,0,2,NOT APPLICABLE,January,9,Monday,13,57,Urban,Medium Speed (Collector),No,26.628375,-80.08409167,Complex/Circle,Daylight,Clear,Unknown,Unknown,Unknown EMS Scene Arrival Hour,Unknown if Arrived,Not Applicable (Not Transported),Not Applicable (Not Transported),1,Daylight,Clear,1,1,['Driver'],['None_Used'],0,0,Invalid,0.0,3.0,74.0,52.0,"['Male', 'Female']",1,0,5,4,5,Dry,Straight,Level,Lowest,No
7573,12,Florida,120044,0,1,1,0,1,NOT APPLICABLE,January,6,Friday,23,43,Urban,Low Speed (Local),No,27.47071389,-82.57495556,Non-Intersection,Dark - Lighted,Clear,Unknown,Unknown,Unknown EMS Scene Arrival Hour,Unknown EMS Scene Arrival Minutes,Unknown,Unknown EMS Hospital Arrival Time,1,Dark - Lighted,Clear,1,0,['Driver'],['None_Used'],0,0,Invalid,0.0,0.0,35.0,35.0,['Female'],0,0,3,4,3,Dry,Straight,Level,Lowest,No
7574,12,Florida,120045,1,1,1,0,1,NOT APPLICABLE,January,9,Monday,19,36,Urban,High Speed (Arterial),Yes,27.57515278,-81.51451667,Non-Intersection,Dark - Not Lighted,Clear,Unknown,Unknown,Unknown EMS Scene Arrival Hour,Unknown EMS Scene Arrival Minutes,Not Applicable (Not Transported),Not Applicable (Not Transported),1,Dark - Unlighted,Clear,0,1,[],[],0,0,Valid,0.0,0.0,78.0,78.0,['Other'],0,0,3,4,4,Dry,Straight,Level,Lowest,No
7575,12,Florida,120046,0,1,1,0,1,NOT APPLICABLE,January,7,Saturday,8,30,Rural,Medium Speed (Collector),No,28.588925,-81.96071389,Non-Intersection,Daylight,Clear,8:00am-8:59am,34,8:00am-8:59am,47,Unknown,Unknown EMS Hospital Arrival Time,1,Daylight,Clear,1,0,['Driver'],['None_Used'],0,0,Valid,0.0,0.0,50.0,50.0,['Female'],0,0,3,4,3,Dry,Straight,Level,Lowest,No
7576,12,Florida,120047,0,3,3,0,8,NOT APPLICABLE,January,5,Thursday,22,28,Urban,Medium Speed (Collector),No,30.16728889,-81.84901944,Simple Junction,Dark - Lighted,Clear,Unknown,Unknown,Unknown EMS Scene Arrival Hour,Unknown EMS Scene Arrival Minutes,Unknown,Unknown EMS Hospital Arrival Time,1,Dark - Lighted,Clear,1,7,['Rear_Seat'],['Child_Safety'],0,0,Valid,0.0,0.0,27.0,17.0,"['Female', 'Female', 'Female']",0,0,2,4,5,Dry,Straight,Level,Lowest,No
7577,12,Florida,120048,0,2,2,0,5,NOT APPLICABLE,January,4,Wednesday,22,57,Urban,High Speed (Arterial),No,25.86899722,-80.21402222,Complex/Circle,Dark - Unknown Lighting,Clear,Unknown,Unknown,Unknown EMS Scene Arrival Hour,Unknown EMS Scene Arrival Minutes,Unknown,Unknown EMS Hospital Arrival Time,1,Dark - Unlighted,Clear,1,4,['Front_Passenger'],['None_Used'],0,0,Valid,1.0,0.0,57.0,40.0,"['Male', 'Male']",0,0,3,4,5,Dry,Straight,Level,Lowest,No