,State_Code,State_Name,Crash_ID,Count_Non_Motorists,Count_Vehicles_Total,Count_Vehicle_Forms,Count_PVH_Involved,Count_Occupants_MV,City_Name,Month_Name,Day_of_Month,Day_of_Week,Crash_Hour,Crash_Minute,Area_Rural_Urban,Road_Functional_Class,On_NHS_Road,Latitude,Longitude,Intersection_Type,Light_Condition,Weather_Condition,Notif_Hour,Notif_Minute,Arrival_Hour,Arrival_Minute,Hospital_Hour,Hospital_Minute,Fatalities_Count,Clean_Light_Condition,Clean_Weather_Condition,Total_Killed,Total_Alive,Fatal_Seats_List,Killed_Restraint_List,Any_Driver_Drinking,Total_Drinking_Drivers,Driver_License_Category,Driver_Max_Prev_Accident_Count,Driver_Max_Prev_Speeding_Count,Max_Driver_Age,Min_Driver_Age,Driver_Sex_List,Total_Exceeding_Limit_Vehicles,Total_Too_Fast_Vehicles,Max_Vehicle_Type_Severity_5,Max_Vehicle_Damage_Rank,Max_Harmful_Event_Severity,Crash_Road_Surface_Condition,Crash_Horizontal_Alignment,Crash_Vertical_Profile,Crash_Impairment_Category,Crash_Vehicle_Defect
7578,12,Florida,120049,2,1,1,0,1,NOT APPLICABLE,January,9,Monday,5,55,Rural,Low Speed (Local),No,27.33715556,-82.4268,Non-Intersection,Dark - Not Lighted,Clear,Unknown,Unknown,Unknown EMS Scene Arrival Hour,Unknown EMS Scene Arrival Minutes,Unknown,Unknown EMS Hospital Arrival Time,1,Dark - Unlighted,Clear,0,1,[],[],0,0,Valid,0.0,0.0,54.0,54.0,['Male'],0,0,4,1,4,Dry,Straight,Level,Lowest,No
7579,12,Florida,120050,0,2,2,0,2,MIAMI,January,9,Monday,22,42,Urban,High Speed (Arterial),Yes,25.78731667,-80.17934444,Non-Intersection,Dark - Lighted,Clear,Unknown,Unknown,Unknown EMS Scene Arrival Hour,Unknown EMS Scene Arrival Minutes,Unknown,Unknown EMS Hospital Arrival Time,1,Dark - Lighted,Clear,1,1,['Driver'],['None_Used'],0,0,Invalid,0.0,0.0,999.0,28.0,"['Other', 'Male']",0,0,5,4,5,Dry,Straight,Grade/Hillcrest,Lowest,No
7580,12,Florida,120051,1,1,1,0,1,MIAMI,January,11,Wednesday,21,41,Urban,High Speed (Arterial),Yes,25.75762778,-80.23858333,Complex/Circle,Dark - Lighted,Clear,Unknown,Unknown,Unknown EMS Scene Arrival Hour,Unknown EMS Scene Arrival Minutes,Unknown,Unknown EMS Hospital Arrival Time,1,Dark - Lighted,Clear,0,1,[],[],0,0,Valid,0.0,0.0,33.0,33.0,['Male'],0,0,2,3,4,Dry,Straight,Level,Lowest,No
7581,12,Florida,120052,0,2,2,0,2,SANFORD,January,13,Friday,18,15,Urban,High Speed (Arterial),Yes,28.75083889,-81.29051111,Complex/Circle,Dusk,Clear,Unknown,Unknown,Unknown EMS Scene Arrival Hour,Unknown EMS Scene Arrival Minutes,Not Applicable (Not Transported),Not Applicable (Not Transported),1,Twilight,Clear,1,1,['Driver'],['None_Used'],0,0,Valid,1.0,0.0,70.0,32.0,"['Female', 'Male']",1,0,5,4,5,Dry,Curve,Level,Lowest,No
7582,12,Florida,120053,1,1,1,0,1,NOT APPLICABLE,January,5,Thursday,2,12,Rural,Low Speed (Local),No,30.54018333,-84.70921667,Non-Intersection,Dark - Not Lighted,"Fog, Smog, Smoke",Unknown,Unknown,Unknown EMS Scene Arrival Hour,Unknown EMS Scene Arrival Minutes,Not Applicable (Not Transported),Not Applicable (Not Transported),1,Dark - Unlighted,Reduced Visibility,0,0,[],[],0,0,Invalid,0.0,0.0,998.0,998.0,['Other'],0,0,1,0,4,Dry,Straight,Level,Lowest,No
7583,12,Florida,120054,0,3,3,0,4,JACKSONVILLE,January,9,Monday,16,35,Urban,High Speed (Arterial),Yes,30.343475,-81.66807778,Non-Intersection,Daylight,Clear,Unknown,Unknown,Unknown EMS Scene Arrival Hour,Unknown EMS Scene Arrival Minutes,Unknown,Unknown EMS Hospital Arrival Time,1,Daylight,Clear,1,3,['Front_Passenger'],['None_Used'],1,1,Invalid,1.0,1.0,40.0,19.0,"['Male', 'Male', 'Female']",0,0,3,4,5,Dry,Straight,Grade/Hillcrest,Lowest,No
7584,12,Florida,120055,1,1,1,0,1,NOT APPLICABLE,January,9,Monday,5,10,Urban,High Speed (Arterial),Yes,29.33938333,-81.13568611,Non-Intersection,Dark - Not Lighted,Clear,Unknown,Unknown,Unknown EMS Scene Arrival Hour,Officially Cancelled,Unknown,Officially Canceled,1,Dark - Unlighted,Clear,0,1,[],[],0,0,Valid,0.0,0.0,63.0,63.0,['Male'],0,0,3,4,4,Dry,Straight,Level,Lowest,No
7585,12,Florida,120056,1,1,1,0,1,GAINESVILLE,January,10,Tuesday,12,20,Urban,High Speed (Arterial),Yes,29.62428333,-82.37372778,Non-Intersection,Daylight,Clear,Unknown,Unknown,Unknown EMS Scene Arrival Hour,Unknown EMS Scene Arrival Minutes,Unknown,Unknown EMS Hospital Arrival Time,1,Daylight,Clear,0,1,[],[],0,0,Invalid,0.0,0.0,999.0,999.0,['Male'],0,0,3,3,4,Dry,Straight,Level,Lowest,No
7586,12,Florida,120057,0,2,2,0,2,NOT APPLICABLE,January,12,Thursday,21,29,Urban,High Speed (Arterial),Yes,28.4843,-82.60583056,Complex/Circle,Dark - Lighted,Clear,9:00pm-9:59pm,30,9:00pm-9:59pm,38,Unknown,Unknown EMS Hospital Arrival Time,1,Dark - Lighted,Clear,1,1,['Driver'],['None_Used'],0,0,Valid,0.0,0.0,45.0,27.0,"['Male', 'Male']",0,0,5,4,5,Dry,Straight,Level,Lowest,No
7587,12,Florida,120059,0,2,2,0,2,NOT APPLICABLE,January,16,Monday,13,16,Rural,High Speed (Arterial),Yes,29.95993333,-83.46768333,Non-Intersection,Daylight,Clear,Unknown,Unknown,Unknown EMS Scene Arrival Hour,Unknown EMS Scene Arrival Minutes,Not Applicable (Not Transported),Not Applicable (Not Transported),1,Daylight,Clear,1,1,['Driver'],['Shoulder_Lapbelt'],0,0,Valid,0.0,1.0,68.0,36.0,"['Male', 'Male']",0,0,4,4,5,Dry,Straight,Level,Lowest,No
7588,12,Florida,120060,1,1,1,0,1,JACKSONVILLE,January,9,Monday,15,8,Urban,Medium Speed (Collector),No,30.18621667,-81.596275,Non-Intersection,Daylight,Clear,Unknown,Unknown,Unknown EMS Scene Arrival Hour,Unknown EMS Scene Arrival Minutes,Unknown,Unknown EMS Hospital Arrival Time,1,Daylight,Clear,0,1,[],[],0,0,Invalid,0.0,0.0,999.0,999.0,['Other'],0,0,1,3,4,Dry,Straight,Level,Lowest,No
7589,12,Florida,120061,0,1,1,0,1,HIALEAH GARDENS,January,11,Wednesday,5,25,Urban,High Speed (Arterial),Yes,25.85563333,-80.32501111,Simple Junction,Dark - Lighted,Clear,Unknown,Unknown,Unknown EMS Scene Arrival Hour,Unknown EMS Scene Arrival Minutes,Not Applicable (Not Transported),Not Applicable (Not Transported),1,Dark - Lighted,Clear,1,0,['Driver'],['None_Used'],0,0,Invalid,0.0,0.0,25.0,25.0,['Male'],1,0,3,4,3,Dry,Straight,Level,Lowest,No
7590,12,Florida,120062,1,1,1,0,1,NOT APPLICABLE,January,12,Thursday,3,15,Urban,High Speed (Arterial),Yes,25.81179167,-80.25107778,Non-Intersection,Dark - Lighted,Clear,3:00am-3:59am,27,3:00am-3:59am,38,Unknown,Unknown EMS Hospital Arrival Time,1,Dark - Lighted,Clear,0,1,[],[],0,0,Invalid,0.0,0.0,998.0,998.0,['Other'],0,0,2,0,4,Dry,Straight,Grade/Hillcrest,Lowest,No
7591,12,Florida,120063,1,1,1,0,2,JACKSONVILLE,January,9,Monday,5,20,Urban,High Speed (Arterial),Yes,30.29541111,-81.7756,Non-Intersection,Dark - Not Lighted,Cloudy,Unknown,Unknown,Unknown EMS Scene Arrival Hour,Unknown EMS Scene Arrival Minutes,Not Applicable (Not Transported),Not Applicable (Not Transported),1,Dark - Unlighted,Reduced Visibility,0,2,[],[],0,0,Valid,0.0,0.0,45.0,45.0,['Male'],0,0,3,3,4,Dry,Straight,Level,Lowest,No
7592,12,Florida,120064,1,1,1,0,1,NOT APPLICABLE,January,13,Friday,0,4,Urban,Medium Speed (Collector),No,28.02541944,-82.51308056,Complex/Circle,Dark - Lighted,Clear,Unknown,Unknown,Unknown EMS Scene Arrival Hour,Unknown EMS Scene Arrival Minutes,Unknown,Unknown EMS Hospital Arrival Time,1,Dark - Lighted,Clear,0,1,[],[],0,0,Valid,0.0,0.0,21.0,21.0,['Male'],0,0,2,4,4,Dry,Straight,Level,Lowest,No
7593,12,Florida,120066,0,2,2,0,3,NOT APPLICABLE,January,12,Thursday,14,4,Urban,Medium Speed (Collector),No,27.45066389,-82.30337778,Non-Intersection,Daylight,Clear,Unknown,Unknown,Unknown EMS Scene Arrival Hour,Unknown EMS Scene Arrival Minutes,Unknown,Unknown EMS Hospital Arrival Time,1,Daylight,Clear,1,2,['Driver'],['Shoulder_Lapbelt'],0,0,Valid,0.0,0.0,81.0,45.0,"['Male', 'Male']",0,0,3,4,5,Dry,Straight,Level,Lowest,No
7594,12,Florida,120067,0,2,2,0,2,NOT APPLICABLE,January,12,Thursday,18,1,Rural,Medium Speed (Collector),No,30.17381944,-83.01318056,Complex/Circle,Dusk,Clear,Unknown,Unknown,Unknown EMS Scene Arrival Hour,Unknown EMS Scene Arrival Minutes,Unknown,Unknown EMS Hospital Arrival Time,1,Twilight,Clear,1,1,['Driver'],['Shoulder_Lapbelt'],0,0,Valid,0.0,0.0,72.0,23.0,"['Female', 'Male']",0,0,3,4,5,Dry,Straight,Level,Lowest,No
7595,12,Florida,120068,0,2,2,0,2,NOT APPLICABLE,January,14,Saturday,16,1,Rural,High Speed (Arterial),Yes,28.78049444,-81.16790556,Complex/Circle,Daylight,Clear,Unknown,Unknown,Unknown EMS Scene Arrival Hour,Unknown EMS Scene Arrival Minutes,Unknown,Unknown EMS Hospital Arrival Time,1,Daylight,Clear,1,1,['Driver'],['Shoulder_Lapbelt'],0,0,Valid,1.0,1.0,34.0,33.0,"['Male', 'Male']",0,0,3,4,5,Dry,Straight,Level,Lowest,No
7596,12,Florida,120069,0,3,3,0,7,TAMPA,January,2,Monday,6,13,Urban,High Speed (Arterial),Yes,28.08831111,-82.4516,Complex/Circle,Dark - Lighted,"Fog, Smog, Smoke",Unknown,Unknown,Unknown EMS Scene Arrival Hour,Unknown EMS Scene Arrival Minutes,Unknown,Unknown EMS Hospital Arrival Time,1,Dark - Lighted,Reduced Visibility,1,6,['Driver'],['None_Used'],0,0,Valid,0.0,0.0,55.0,36.0,"['Male', 'Male', 'Male']",0,0,3,4,5,Dry,Straight,Level,Lowest,No
7597,12,Florida,120070,0,1,1,0,1,NOT APPLICABLE,January,15,Sunday,19,35,Urban,High Speed (Arterial),Yes,28.80098889,-81.58815,Non-Intersection,Dark - Lighted,Clear,Unknown,Unknown,Unknown EMS Scene Arrival Hour,Unknown EMS Scene Arrival Minutes,Not Applicable (Not Transported),Not Applicable (Not Transported),1,Dark - Lighted,Clear,1,0,['Driver'],['None_Used'],1,1,Valid,0.0,1.0,23.0,23.0,['Male'],0,0,1,4,3,Dry,Curve,Grade/Hillcrest,Lowest,No
7598,12,Florida,120072,0,2,2,0,6,MIAMI SHORES,January,1,Sunday,4,35,Urban,High Speed (Arterial),Yes,25.86411944,-80.20842778,Non-Intersection,Dark - Not Lighted,Clear,Unknown,Unknown,Unknown EMS Scene Arrival Hour,Unknown EMS Scene Arrival Minutes,Unknown,Unknown EMS Hospital Arrival Time,3,Dark - Unlighted,Clear,3,3,"['Driver', 'Front_Passenger', 'Rear_Seat']","['None_Used', 'None_Used', 'None_Used']",0,0,Valid,0.0,0.0,30.0,20.0,"['Male', 'Male']",0,0,2,4,5,Dry,Straight,Level,Lowest,No
7599,12,Florida,120073,0,2,2,0,3,MELBOURNE,January,5,Thursday,11,5,Urban,Medium Speed (Collector),No,28.12166389,-80.65492222,Complex/Circle,Daylight,Clear,Unknown,Unknown,Unknown EMS Scene Arrival Hour,Unknown EMS Scene Arrival Minutes,Unknown,Unknown EMS Hospital Arrival Time,1,Daylight,Clear,1,2,['Front_Passenger'],['Shoulder_Lapbelt'],1,1,Invalid,0.0,2.0,66.0,56.0,"['Male', 'Male']",0,0,3,4,5,Dry,Straight,Level,Lowest,No
7600,12,Florida,120074,1,1,1,0,1,NOT APPLICABLE,January,11,Wednesday,19,43,Urban,High Speed (Arterial),Yes,28.33998611,-81.49141944,Simple Junction,Dark - Not Lighted,Clear,Unknown,Unknown,Unknown EMS Scene Arrival Hour,Unknown EMS Scene Arrival Minutes,Not Applicable (Not Transported),Not Applicable (Not Transported),1,Dark - Unlighted,Clear,0,1,[],[],0,0,Valid,0.0,0.0,51.0,51.0,['Male'],0,0,2,4,4,Dry,Straight,Level,Lowest,No
7601,12,Florida,120076,0,1,1,0,2,BOCA RATON,January,18,Wednesday,13,23,Urban,Medium Speed (Collector),No,26.34425556,-80.12371111,Non-Intersection,Daylight,Clear,Unknown,Unknown,Unknown EMS Scene Arrival Hour,Unknown EMS Scene Arrival Minutes,Unknown,Unknown EMS Hospital Arrival Time,1,Daylight,Clear,1,1,['Front_Passenger'],['None_Used'],0,0,Valid,0.0,0.0,73.0,73.0,['Female'],0,0,3,4,3,Dry,Straight,Level,Lowest,No
7602,12,Florida,120077,0,1,1,0,1,PLANT CITY,January,19,Thursday,1,58,Urban,High Speed (Arterial),No,28.010675,-82.15930278,Non-Intersection,Dark - Lighted,Clear,Unknown,Unknown,Unknown EMS Scene Arrival Hour,Unknown EMS Scene Arrival Minutes,Not Applicable (Not Transported),Not Applicable (Not Transported),1,Dark - Lighted,Clear,1,0,['Driver'],['None_Used'],1,1,Valid,0.0,1.0,31.0,31.0,['Male'],0,0,3,4,3,Dry,Straight,Level,Lowest,No
7603,12,Florida,120078,0,2,2,0,2,NOT APPLICABLE,January,8,Sunday,4,53,Urban,Medium Speed (Collector),No,25.83124444,-80.23761944,Non-Intersection,Dark - Lighted,Clear,Unknown,Unknown,Unknown EMS Scene Arrival Hour,Unknown EMS Scene Arrival Minutes,Not Applicable (Not Transported),Not Applicable (Not Transported),1,Dark - Lighted,Clear,1,1,['Driver'],['None_Used'],0,0,Invalid,2.0,1.0,34.0,27.0,"['Male', 'Male']",0,0,5,4,5,Dry,Straight,Level,Lowest,No
7604,12,Florida,120079,0,2,2,0,2,OCALA,January,10,Tuesday,20,7,Urban,Medium Speed (Collector),No,29.16058056,-82.16616111,Non-Intersection,Dark - Lighted,Clear,Unknown,Unknown,Unknown EMS Scene Arrival Hour,Unknown EMS Scene Arrival Minutes,Unknown,Unknown EMS Hospital Arrival Time,1,Dark - Lighted,Clear,1,1,['Driver'],['None_Used'],0,0,Valid,0.0,1.0,45.0,29.0,"['Male', 'Male']",0,0,5,4,5,Dry,Straight,Level,Lowest,No
7605,12,Florida,120080,1,1,1,0,1,NOT APPLICABLE,January,17,Tuesday,3,50,Urban,Low Speed (Local),No,27.70583611,-82.41311389,Non-Intersection,Dark - Not Lighted,Clear,Unknown,Unknown,Unknown EMS Scene Arrival Hour,Unknown EMS Scene Arrival Minutes,Not Applicable (Not Transported),Not Applicable (Not Transported),1,Dark - Unlighted,Clear,0,1,[],[],0,0,Valid,0.0,0.0,39.0,39.0,['Female'],0,0,3,3,4,Dry,Straight,Level,Lowest,No
7606,12,Florida,120081,0,2,2,0,2,NOT APPLICABLE,January,17,Tuesday,16,20,Urban,High Speed (Arterial),Yes,30.27501944,-85.52025,Complex/Circle,Daylight,Clear,Unknown,Unknown,Unknown EMS Scene Arrival Hour,Unknown EMS Scene Arrival Minutes,Unknown,Unknown EMS Hospital Arrival Time,1,Daylight,Clear,1,1,['Driver'],['Shoulder_Lapbelt'],0,0,Valid,0.0,0.0,80.0,66.0,"['Male', 'Male']",0,0,4,4,5,Dry,Straight,Level,Lowest,No
7607,12,Florida,120082,1,1,1,0,2,NOT APPLICABLE,January,5,Thursday,20,0,Urban,High Speed (Arterial),Yes,30.13244444,-81.78351944,Complex/Circle,Dark - Lighted,Clear,Unknown,Unknown,Unknown EMS Scene Arrival Hour,Unknown EMS Scene Arrival Minutes,Unknown,Unknown EMS Hospital Arrival Time,1,Dark - Lighted,Clear,0,2,[],[],0,0,Valid,0.0,1.0,84.0,84.0,['Male'],0,0,2,4,4,Dry,Straight,Level,Lowest,No
7608,12,Florida,120083,0,2,2,0,2,NOT APPLICABLE,January,11,Wednesday,22,28,Urban,Medium Speed (Collector),No,28.472,-81.43318889,Simple Junction,Dark - Lighted,Clear,Unknown,Unknown,Unknown EMS Scene Arrival Hour,Unknown EMS Scene Arrival Minutes,Unknown,Unknown EMS Hospital Arrival Time,1,Dark - Lighted,Clear,1,1,['Driver'],['None_Used'],0,0,Invalid,2.0,4.0,32.0,28.0,"['Male', 'Male']",0,0,3,4,5,Dry,Straight,Level,Lowest,No
7609,12,Florida,120084,0,1,1,0,1,NOT APPLICABLE,January,11,Wednesday,1,25,Urban,Medium Speed (Collector),No,28.58188889,-81.25738889,Non-Intersection,Dark - Lighted,Clear,Unknown,Unknown,Unknown EMS Scene Arrival Hour,Unknown EMS Scene Arrival Minutes,Unknown,Unknown EMS Hospital Arrival Time,1,Dark - Lighted,Clear,1,0,['Driver'],['None_Used'],0,0,Valid,0.0,5.0,21.0,21.0,['Female'],0,0,2,4,3,Dry,Curve,Level,Lowest,No
7610,12,Florida,120086,0,3,3,0,3,NOT APPLICABLE,January,13,Friday,5,48,Urban,High Speed (Arterial),Yes,27.20483056,-80.33128889,Non-Intersection,Dark - Not Lighted,Clear,Unknown,Unknown,Unknown EMS Scene Arrival Hour,Unknown EMS Scene Arrival Minutes,Unknown,Unknown EMS Hospital Arrival Time,1,Dark - Unlighted,Clear,1,2,['Driver'],['Shoulder_Lapbelt'],0,0,Valid,1.0,0.0,67.0,29.0,"['Male', 'Male', 'Male']",0,0,4,4,5,Dry,Straight,Level,Lowest,No
7611,12,Florida,120087,0,1,1,0,1,LIVE OAK,January,14,Saturday,3,26,Urban,Medium Speed (Collector),Yes,30.29793056,-82.98336944,Complex/Circle,Dark - Lighted,Clear,Unknown,Unknown,Unknown EMS Scene Arrival Hour,Unknown EMS Scene Arrival Minutes,Not Applicable (Not Transported),Not Applicable (Not Transported),1,Dark - Lighted,Clear,1,0,['Driver'],['None_Used'],0,0,Valid,0.0,0.0,57.0,57.0,['Male'],0,0,3,4,3,Dry,Straight,Level,Lowest,No
7612,12,Florida,120088,0,2,2,0,5,WEST PALM BEACH,January,15,Sunday,1,26,Urban,High Speed (Arterial),Yes,26.70621667,-80.08439444,Simple Junction,Dark - Lighted,Clear,Unknown,Unknown,Unknown EMS Scene Arrival Hour,Unknown EMS Scene Arrival Minutes,Unknown,Unknown EMS Hospital Arrival Time,1,Dark - Lighted,Clear,1,4,['Front_Passenger'],['Shoulder_Lapbelt'],0,0,Invalid,0.0,0.0,32.0,21.0,"['Male', 'Female']",0,0,3,4,5,Dry,Straight,Level,Lowest,No
7613,12,Florida,120089,0,2,2,0,2,JACKSONVILLE,January,14,Saturday,1,7,Urban,High Speed (Arterial),Yes,30.34341389,-81.54454444,Non-Intersection,Dark - Lighted,Clear,Unknown,Unknown,Unknown EMS Scene Arrival Hour,Unknown EMS Scene Arrival Minutes,Unknown,Unknown EMS Hospital Arrival Time,1,Dark - Lighted,Clear,1,1,['Driver'],['Shoulder_Lapbelt'],1,2,Valid,0.0,1.0,48.0,21.0,"['Male', 'Female']",0,0,3,4,5,Dry,Straight,Level,Lowest,No
7614,12,Florida,120090,0,1,1,0,2,NOT APPLICABLE,January,15,Sunday,2,11,Urban,Low Speed (Local),No,26.70647778,-80.71785,Non-Intersection,Dark - Not Lighted,Clear,Unknown,Unknown if Notified,Unknown EMS Scene Arrival Hour,Unknown if Arrived,Not Applicable (Not Transported),Not Applicable (Not Transported),1,Dark - Unlighted,Clear,1,1,['Driver'],['None_Used'],0,0,Invalid,0.0,1.0,38.0,38.0,['Female'],0,0,2,4,4,Dry,Straight,Level,Lowest,No
7615,12,Florida,120091,0,4,4,0,6,NOT APPLICABLE,January,18,Wednesday,13,50,Urban,Medium Speed (Collector),No,30.56177778,-87.18930556,Non-Intersection,Daylight,Cloudy,Unknown,Unknown,Unknown EMS Scene Arrival Hour,Unknown EMS Scene Arrival Minutes,Unknown,Unknown EMS Hospital Arrival Time,1,Daylight,Reduced Visibility,1,5,['Driver'],['Shoulder_Lapbelt'],0,0,Valid,0.0,0.0,65.0,32.0,"['Male', 'Female', 'Male', 'Female']",0,0,3,4,5,Dry,Straight,Level,Lowest,No
7616,12,Florida,120092,2,1,1,0,1,GAINESVILLE,January,19,Thursday,19,35,Urban,Medium Speed (Collector),No,29.70321944,-82.34345833,Non-Intersection,Dark - Lighted,Clear,Unknown,Unknown,Unknown EMS Scene Arrival Hour,Unknown EMS Scene Arrival Minutes,Not Applicable (Not Transported),Not Applicable (Not Transported),1,Dark - Lighted,Clear,0,1,[],[],0,0,Invalid,0.0,0.0,35.0,35.0,['Other'],0,0,3,4,4,Dry,Straight,Level,Lowest,No
7617,12,Florida,120093,1,1,1,0,3,NOT APPLICABLE,January,15,Sunday,18,6,Urban,High Speed (Arterial),Yes,26.64906667,-80.11227222,Non-Intersection,Dusk,Clear,Unknown,Unknown,Unknown EMS Scene Arrival Hour,Unknown EMS Scene Arrival Minutes,Not Applicable (Not Transported),Not Applicable (Not Transported),1,Twilight,Clear,0,3,[],[],0,0,Valid,0.0,0.0,60.0,60.0,['Male'],0,0,3,4,4,Dry,Straight,Level,Lowest,No
7618,12,Florida,120094,0,2,2,0,3,NOT APPLICABLE,January,20,Friday,16,15,Urban,Medium Speed (Collector),No,28.72170556,-81.73168333,Non-Intersection,Dusk,Clear,Unknown,Unknown,Unknown EMS Scene Arrival Hour,Unknown EMS Scene Arrival Minutes,Unknown,Unknown EMS Hospital Arrival Time,1,Twilight,Clear,1,2,['Driver'],['Shoulder_Lapbelt'],1,1,Valid,0.0,0.0,50.0,36.0,"['Male', 'Male']",0,0,3,4,5,Dry,Straight,Level,Lowest,No
7619,12,Florida,120095,0,1,1,0,1,NOT APPLICABLE,January,14,Saturday,21,45,Urban,High Speed (Arterial),Yes,25.88186111,-80.27443056,Non-Intersection,Dark - Lighted,Clear,Unknown,Unknown,Unknown EMS Scene Arrival Hour,Unknown EMS Scene Arrival Minutes,Unknown,Unknown EMS Hospital Arrival Time,1,Dark - Lighted,Clear,1,0,['Driver'],['Shoulder_Lapbelt'],0,0,Valid,0.0,0.0,59.0,59.0,['Male'],0,0,2,4,3,Dry,Straight,Level,Lowest,No
7620,12,Florida,120096,0,2,2,0,3,MIAMI,January,22,Sunday,16,20,Urban,High Speed (Arterial),Yes,25.76295833,-80.30987778,Simple Junction,Daylight,Clear,Unknown,Unknown,Unknown EMS Scene Arrival Hour,Unknown EMS Scene Arrival Minutes,Unknown,Unknown EMS Hospital Arrival Time,1,Daylight,Clear,1,2,['Driver'],['None_Used'],0,0,Valid,0.0,0.0,28.0,27.0,"['Male', 'Male']",0,0,5,3,5,Dry,Straight,Level,Lowest,No
7621,12,Florida,120097,0,2,2,0,2,FORT MYERS,January,22,Sunday,1,20,Urban,High Speed (Arterial),No,26.64094444,-81.84975833,Simple Junction,Dark - Lighted,Clear,Unknown,Unknown,Unknown EMS Scene Arrival Hour,Unknown EMS Scene Arrival Minutes,Unknown,Unknown EMS Hospital Arrival Time,1,Dark - Lighted,Clear,1,1,['Driver'],['None_Used'],1,1,Valid,0.0,0.0,56.0,20.0,"['Male', 'Male']",1,0,5,4,5,Dry,Straight,Level,Lowest,No
7622,12,Florida,120098,0,2,2,0,3,BELLE GLADE,January,22,Sunday,17,43,Urban,Medium Speed (Collector),No,26.68226111,-80.67795556,Complex/Circle,Dusk,Clear,Unknown,Unknown,Unknown EMS Scene Arrival Hour,Unknown EMS Scene Arrival Minutes,Unknown,Unknown EMS Hospital Arrival Time,1,Twilight,Clear,1,2,['Driver'],['None_Used'],0,0,Invalid,0.0,1.0,52.0,34.0,"['Male', 'Male']",0,0,5,4,5,Dry,Straight,Level,Lowest,No
7623,12,Florida,120100,0,2,2,0,4,FORT LAUDERDALE,January,7,Saturday,3,17,Urban,High Speed (Arterial),Yes,26.10119722,-80.16921111,Non-Intersection,Dark - Lighted,Clear,Unknown,Unknown if Notified,Unknown EMS Scene Arrival Hour,Unknown if Arrived,Not Applicable (Not Transported),Not Applicable (Not Transported),2,Dark - Lighted,Clear,2,2,"['Driver', 'Rear_Seat']","['None_Used', 'None_Used']",0,0,Valid,0.0,0.0,36.0,30.0,"['Male', 'Male']",0,0,5,4,5,Dry,Straight,Level,Lowest,No
7624,12,Florida,120101,0,1,1,0,1,NOT APPLICABLE,January,15,Sunday,18,55,Rural,High Speed (Arterial),Yes,30.71202222,-81.93150556,Non-Intersection,Dark - Not Lighted,Clear,Unknown,Unknown,Unknown EMS Scene Arrival Hour,Unknown EMS Scene Arrival Minutes,Not Applicable (Not Transported),Not Applicable (Not Transported),1,Dark - Unlighted,Clear,1,0,['Driver'],['Shoulder_Lapbelt'],1,1,Valid,0.0,2.0,53.0,53.0,['Male'],0,0,3,4,3,Dry,Straight,Level,Lowest,No
7625,12,Florida,120102,0,2,2,0,4,SAINT PETERSBURG,January,16,Monday,19,26,Urban,Medium Speed (Collector),No,27.80646389,-82.68775833,Complex/Circle,Dark - Lighted,Clear,Unknown,Unknown,Unknown EMS Scene Arrival Hour,Unknown EMS Scene Arrival Minutes,Unknown,Unknown EMS Hospital Arrival Time,1,Dark - Lighted,Clear,1,3,['Driver'],['None_Used'],1,1,Valid,1.0,0.0,62.0,37.0,"['Male', 'Female']",0,0,3,4,5,Dry,Straight,Level,Lowest,No
7626,12,Florida,120103,1,1,1,0,2,NOT APPLICABLE,January,1,Sunday,18,6,Urban,Medium Speed (Collector),Yes,30.38095,-87.35108056,Complex/Circle,Dark - Not Lighted,"Fog, Smog, Smoke",Unknown,Unknown,Unknown EMS Scene Arrival Hour,Unknown EMS Scene Arrival Minutes,Unknown,Unknown EMS Hospital Arrival Time,1,Dark - Unlighted,Reduced Visibility,0,2,[],[],0,0,Valid,0.0,0.0,33.0,33.0,['Female'],0,0,3,4,4,Wet/Standing Water,Straight,Level,Lowest,No
7627,12,Florida,120104,0,21,21,0,47,NOT APPLICABLE,January,1,Sunday,0,37,Rural,High Speed (Arterial),Yes,30.00196944,-82.6012,Non-Intersection,Dark - Lighted,"Fog, Smog, Smoke",Unknown,Unknown,Unknown EMS Scene Arrival Hour,Unknown EMS Scene Arrival Minutes,Unknown,Unknown EMS Hospital Arrival Time,3,Dark - Lighted,Reduced Visibility,3,44,"['Driver', 'Front_Passenger', 'Driver']","['Shoulder_Lapbelt', 'Shoulder_Lapbelt', 'Shoulder_Lapbelt']",0,0,Valid,1.0,1.0,73.0,20.0,"['Male', 'Male', 'Female', 'Female', 'Female', 'Male', 'Male', 'Female', 'Male', 'Male', 'Male', 'Female', 'Female', 'Male', 'Male', 'Male', 'Male', 'Female', 'Male', 'Male', 'Male']",0,0,4,0,5,Dry,Straight,Level,Lowest,No