,State_Code,State_Name,Crash_ID,Count_Non_Motorists,Count_Vehicles_Total,Count_Vehicle_Forms,Count_PVH_Involved,Count_Occupants_MV,City_Name,Month_Name,Day_of_Month,Day_of_Week,Crash_Hour,Crash_Minute,Area_Rural_Urban,Road_Functional_Class,On_NHS_Road,Latitude,Longitude,Intersection_Type,Light_Condition,Weather_Condition,Notif_Hour,Notif_Minute,Arrival_Hour,Arrival_Minute,Hospital_Hour,Hospital_Minute,Fatalities_Count,Clean_Light_Condition,Clean_Weather_Condition,Total_Killed,Total_Alive,Fatal_Seats_List,Killed_Restraint_List,Any_Driver_Drinking,Total_Drinking_Drivers,Driver_License_Category,Driver_Max_Prev_Accident_Count,Driver_Max_Prev_Speeding_Count,Max_Driver_Age,Min_Driver_Age,Driver_Sex_List,Total_Exceeding_Limit_Vehicles,Total_Too_Fast_Vehicles,Max_Vehicle_Type_Severity_5,Max_Vehicle_Damage_Rank,Max_Harmful_Event_Severity,Crash_Road_Surface_Condition,Crash_Horizontal_Alignment,Crash_Vertical_Profile,Crash_Impairment_Category,Crash_Vehicle_Defect
7628,12,Florida,120105,0,2,2,0,3,NOT APPLICABLE,January,8,Sunday,2,10,Urban,Medium Speed (Collector),No,28.61166667,-81.27851111,Complex/Circle,Dark - Not Lighted,Clear,Unknown,Unknown,Unknown EMS Scene Arrival Hour,Unknown EMS Scene Arrival Minutes,Unknown,Unknown EMS Hospital Arrival Time,1,Dark - Unlighted,Clear,1,2,['Front_Passenger'],['None_Used'],1,1,Valid,1.0,1.0,34.0,22.0,"['Female', 'Male']",0,0,3,4,5,Dry,Straight,Level,Lowest,No
7629,12,Florida,120106,0,2,2,0,3,LOXAHATCHEE GROVES,January,14,Saturday,13,29,Rural,Low Speed (Local),No,26.81761944,-80.27776111,Complex/Circle,Daylight,Clear,Unknown,Unknown,Unknown EMS Scene Arrival Hour,Unknown EMS Scene Arrival Minutes,Not Applicable (Not Transported),Not Applicable (Not Transported),1,Daylight,Clear,1,2,['Driver'],['None_Used'],0,0,Invalid,0.0,0.0,52.0,14.0,"['Male', 'Male']",0,0,5,4,5,Dry,Straight,Level,Lowest,No
7630,12,Florida,120107,1,2,1,1,2,NOT APPLICABLE,January,15,Sunday,18,50,Urban,Medium Speed (Collector),No,28.38068611,-81.48725278,Non-Intersection,Dark - Not Lighted,Clear,Unknown,Unknown,Unknown EMS Scene Arrival Hour,Unknown EMS Scene Arrival Minutes,Unknown,Unknown EMS Hospital Arrival Time,1,Dark - Unlighted,Clear,0,2,[],[],0,0,Valid,0.0,0.0,68.0,68.0,['Female'],0,0,2,4,5,Dry,Straight,Level,Lowest,No
7631,12,Florida,120108,1,1,1,0,1,NOT APPLICABLE,January,17,Tuesday,9,21,Urban,Low Speed (Local),No,27.46844722,-82.58426389,Non-Intersection,Daylight,Clear,Unknown,Unknown,Unknown EMS Scene Arrival Hour,Unknown EMS Scene Arrival Minutes,Unknown,Unknown EMS Hospital Arrival Time,1,Daylight,Clear,0,1,[],[],0,0,Valid,0.0,0.0,58.0,58.0,['Male'],0,0,4,1,4,Dry,Straight,Level,Lowest,No
7632,12,Florida,120109,1,1,1,0,2,GREENACRES CITY,January,20,Friday,21,26,Urban,Medium Speed (Collector),No,26.63115556,-80.12598333,Non-Intersection,Dark - Lighted,Clear,Unknown,Unknown,Unknown EMS Scene Arrival Hour,Unknown EMS Scene Arrival Minutes,Not Applicable (Not Transported),Not Applicable (Not Transported),1,Dark - Lighted,Clear,0,2,[],[],0,0,Valid,0.0,0.0,28.0,28.0,['Male'],0,0,2,2,4,Dry,Straight,Level,Lowest,No
7633,12,Florida,120110,0,2,2,0,2,PANAMA CITY BEACH,January,21,Saturday,22,45,Urban,High Speed (Arterial),Yes,30.25659167,-85.94563889,Non-Intersection,Dark - Not Lighted,Rain,Unknown,Unknown,Unknown EMS Scene Arrival Hour,Unknown EMS Scene Arrival Minutes,Unknown,Unknown EMS Hospital Arrival Time,1,Dark - Unlighted,Rain/Wind/Minor,1,1,['Driver'],['Shoulder_Lapbelt'],0,0,Valid,0.0,0.0,68.0,41.0,"['Male', 'Male']",0,0,3,4,5,Wet/Standing Water,Straight,Level,Lowest,No
7634,12,Florida,120111,0,4,4,0,4,NOT APPLICABLE,January,17,Tuesday,17,53,Rural,High Speed (Arterial),No,26.70943611,-81.56181389,Non-Intersection,Dark - Not Lighted,Clear,Unknown,Unknown,Unknown EMS Scene Arrival Hour,Unknown EMS Scene Arrival Minutes,Unknown,Unknown EMS Hospital Arrival Time,1,Dark - Unlighted,Clear,1,3,['Driver'],['Shoulder_Lapbelt'],0,0,Valid,0.0,1.0,44.0,27.0,"['Male', 'Male', 'Female', 'Male']",0,0,3,4,5,Dry,Straight,Level,Lowest,No
7635,12,Florida,120113,0,2,2,0,2,PALM BAY,January,20,Friday,21,44,Urban,Medium Speed (Collector),No,27.91579722,-80.62311389,Simple Junction,Dark - Not Lighted,Clear,Unknown,Unknown,Unknown EMS Scene Arrival Hour,Unknown EMS Scene Arrival Minutes,Unknown,Unknown EMS Hospital Arrival Time,1,Dark - Unlighted,Clear,1,1,['Driver'],['None_Used'],0,0,Valid,1.0,1.0,32.0,19.0,"['Male', 'Female']",0,0,5,4,5,Dry,Straight,Level,Lowest,No
7636,12,Florida,120114,0,1,1,0,1,NOT APPLICABLE,January,20,Friday,5,48,Urban,High Speed (Arterial),Yes,28.54668333,-81.24543333,Non-Intersection,Dark - Lighted,Clear,Unknown,Unknown,Unknown EMS Scene Arrival Hour,Unknown EMS Scene Arrival Minutes,Not Applicable (Not Transported),Not Applicable (Not Transported),1,Dark - Lighted,Clear,1,0,['Driver'],['None_Used'],1,1,Valid,0.0,0.0,28.0,28.0,['Male'],0,0,5,3,2,Dry,Curve,Grade/Hillcrest,Lowest,No
7637,12,Florida,120115,1,1,1,0,1,NOT APPLICABLE,January,21,Saturday,4,15,Rural,High Speed (Arterial),Yes,25.7609,-80.48133056,Non-Intersection,Dark - Not Lighted,Clear,Unknown,Unknown,Unknown EMS Scene Arrival Hour,Unknown EMS Scene Arrival Minutes,Unknown,Unknown EMS Hospital Arrival Time,1,Dark - Unlighted,Clear,0,1,[],[],0,0,Valid,0.0,0.0,60.0,60.0,['Male'],0,0,3,4,4,Dry,Straight,Level,Lowest,No
7638,12,Florida,120116,0,3,3,0,3,WEST PALM BEACH,January,23,Monday,15,25,Urban,High Speed (Arterial),No,26.70626111,-80.07774167,Simple Junction,Daylight,Clear,Unknown,Unknown,Unknown EMS Scene Arrival Hour,Unknown EMS Scene Arrival Minutes,Unknown,Unknown EMS Hospital Arrival Time,1,Daylight,Clear,1,2,['Driver'],['Shoulder_Lapbelt'],0,0,Valid,0.0,0.0,72.0,51.0,"['Male', 'Female', 'Male']",0,0,2,4,5,Dry,Straight,Grade/Hillcrest,Medium,No
7639,12,Florida,120117,0,2,2,0,2,HOMESTEAD,January,10,Tuesday,6,36,Urban,High Speed (Arterial),Yes,25.47718611,-80.46504722,Complex/Circle,Dark - Lighted,Clear,Unknown,Unknown,Unknown EMS Scene Arrival Hour,Unknown EMS Scene Arrival Minutes,Not Applicable (Not Transported),Not Applicable (Not Transported),1,Dark - Lighted,Clear,1,1,['Driver'],['None_Used'],0,0,Valid,0.0,0.0,71.0,17.0,"['Male', 'Male']",0,0,5,3,5,Dry,Straight,Level,Lowest,No
7640,12,Florida,120118,1,1,1,0,1,TITUSVILLE,January,15,Sunday,20,42,Urban,Medium Speed (Collector),No,28.56464444,-80.802325,Complex/Circle,Dark - Lighted,Clear,Unknown,Unknown,Unknown EMS Scene Arrival Hour,Unknown EMS Scene Arrival Minutes,Unknown,Unknown EMS Hospital Arrival Time,1,Dark - Lighted,Clear,0,1,[],[],0,0,Invalid,0.0,0.0,26.0,26.0,['Male'],0,0,2,3,4,Dry,Straight,Level,Lowest,No
7641,12,Florida,120119,0,5,5,0,7,NOT APPLICABLE,January,17,Tuesday,17,30,Urban,Medium Speed (Collector),No,28.45077778,-82.59800278,Complex/Circle,Dark - Lighted,Clear,Unknown,Unknown,Unknown EMS Scene Arrival Hour,Unknown EMS Scene Arrival Minutes,Unknown,Unknown EMS Hospital Arrival Time,1,Dark - Lighted,Clear,1,6,['Driver'],['Shoulder_Lapbelt'],0,0,Valid,0.0,0.0,87.0,28.0,"['Male', 'Female', 'Female', 'Female', 'Male']",0,0,3,4,5,Dry,Straight,Level,Lowest,No
7642,12,Florida,120120,0,2,2,0,2,NOT APPLICABLE,January,17,Tuesday,7,12,Urban,Medium Speed (Collector),No,25.70825278,-80.36653889,Complex/Circle,Daylight,Clear,Unknown,Unknown,Unknown EMS Scene Arrival Hour,Unknown EMS Scene Arrival Minutes,Unknown,Unknown EMS Hospital Arrival Time,1,Daylight,Clear,1,1,['Driver'],['None_Used'],0,0,Valid,1.0,0.0,58.0,25.0,"['Female', 'Male']",0,0,5,4,5,Dry,Straight,Level,Lowest,No
7643,12,Florida,120121,0,3,3,0,5,NOT APPLICABLE,January,19,Thursday,8,31,Urban,High Speed (Arterial),No,26.67456389,-80.1451,Simple Junction,Daylight,Clear,Unknown,Unknown,Unknown EMS Scene Arrival Hour,Unknown EMS Scene Arrival Minutes,Unknown,Unknown EMS Hospital Arrival Time,1,Daylight,Clear,1,4,['Front_Passenger'],['Shoulder_Lapbelt'],0,0,Valid,0.0,0.0,80.0,58.0,"['Female', 'Female', 'Male']",0,0,3,4,5,Dry,Straight,Level,Lowest,No
7644,12,Florida,120122,0,2,2,0,2,DAVIE,January,4,Wednesday,16,18,Urban,High Speed (Arterial),No,26.07027778,-80.20722778,Simple Junction,Daylight,Clear,Unknown,Unknown,Unknown EMS Scene Arrival Hour,Unknown EMS Scene Arrival Minutes,Not Applicable (Not Transported),Not Applicable (Not Transported),1,Daylight,Clear,1,1,['Driver'],['None_Used'],0,0,Valid,0.0,0.0,75.0,29.0,"['Female', 'Male']",1,0,5,4,5,Dry,Straight,Level,Lowest,No
7645,12,Florida,120123,1,1,1,0,1,NOT APPLICABLE,January,11,Wednesday,13,36,Rural,Low Speed (Local),No,29.71636111,-85.01519167,Non-Intersection,Daylight,Clear,Unknown,Unknown,Unknown EMS Scene Arrival Hour,Unknown EMS Scene Arrival Minutes,Not Applicable (Not Transported),Not Applicable (Not Transported),1,Daylight,Clear,0,1,[],[],0,0,Valid,0.0,0.0,42.0,42.0,['Female'],0,0,3,1,4,Dry,Straight,Level,Lowest,No
7646,12,Florida,120124,0,2,2,0,5,JACKSONVILLE,January,12,Thursday,17,15,Urban,High Speed (Arterial),Yes,30.20035,-82.01526111,Simple Junction,Daylight,Clear,Unknown,Unknown,Unknown EMS Scene Arrival Hour,Unknown EMS Scene Arrival Minutes,Unknown,Unknown EMS Hospital Arrival Time,1,Daylight,Clear,1,4,['Rear_Seat'],['Child_Safety'],0,0,Valid,1.0,0.0,42.0,31.0,"['Female', 'Male']",0,0,3,4,5,Dry,Straight,Level,Lowest,No
7647,12,Florida,120125,0,2,2,0,2,NOT APPLICABLE,January,16,Monday,11,14,Urban,Medium Speed (Collector),No,28.23353889,-82.69296944,Simple Junction,Daylight,Clear,11:00am-11:59am,15,11:00am-11:59am,23,Unknown,Unknown EMS Hospital Arrival Time,1,Daylight,Clear,1,1,['Driver'],['None_Used'],0,0,Valid,0.0,0.0,69.0,24.0,"['Male', 'Male']",0,0,5,4,5,Dry,Straight,Level,Lowest,No
7648,12,Florida,120126,1,1,1,0,1,NOT APPLICABLE,January,15,Sunday,18,45,Urban,Medium Speed (Collector),No,28.80378611,-82.56100833,Non-Intersection,Dusk,Clear,6:00pm-6:59pm,45,6:00pm-6:59pm,51,Not Applicable (Not Transported),Not Applicable (Not Transported),1,Twilight,Clear,0,1,[],[],0,0,Valid,0.0,0.0,43.0,43.0,['Male'],0,0,3,3,4,Dry,Straight,Level,Lowest,No
7649,12,Florida,120127,0,3,3,0,4,NOT APPLICABLE,January,17,Tuesday,14,22,Rural,Medium Speed (Collector),No,30.70083056,-87.33356944,Simple Junction,Daylight,Cloudy,Unknown,Unknown,Unknown EMS Scene Arrival Hour,Unknown EMS Scene Arrival Minutes,Unknown,Unknown EMS Hospital Arrival Time,1,Daylight,Reduced Visibility,1,3,['Driver'],['None_Used'],0,0,Valid,0.0,1.0,63.0,57.0,"['Male', 'Female', 'Male']",0,0,5,4,5,Dry,Straight,Level,Lowest,No
7650,12,Florida,120128,0,2,2,0,3,NOT APPLICABLE,January,20,Friday,18,50,Urban,High Speed (Arterial),Yes,30.38585833,-84.311,Non-Intersection,Dark - Not Lighted,Clear,Unknown,Unknown,Unknown EMS Scene Arrival Hour,Unknown EMS Scene Arrival Minutes,Unknown,Unknown EMS Hospital Arrival Time,3,Dark - Unlighted,Clear,3,0,"['Driver', 'Driver', 'Front_Passenger']","['Shoulder_Lapbelt', 'Shoulder_Lapbelt', 'Shoulder_Lapbelt']",1,1,Valid,0.0,0.0,77.0,63.0,"['Male', 'Male']",0,0,3,4,5,Dry,Straight,Level,Lowest,No
7651,12,Florida,120129,0,2,2,0,3,JACKSONVILLE,January,6,Friday,9,15,Urban,High Speed (Arterial),Yes,30.21651944,-81.58326111,Complex/Circle,Daylight,Clear,Unknown,Unknown,Unknown EMS Scene Arrival Hour,Unknown EMS Scene Arrival Minutes,Unknown,Unknown EMS Hospital Arrival Time,2,Daylight,Clear,2,1,"['Driver', 'Front_Passenger']","['Shoulder_Lapbelt', 'Shoulder_Lapbelt']",0,0,Valid,0.0,0.0,79.0,43.0,"['Male', 'Female']",0,0,4,4,5,Dry,Straight,Level,Lowest,No
7652,12,Florida,120131,0,2,2,0,2,NOT APPLICABLE,January,18,Wednesday,21,0,Urban,High Speed (Arterial),Yes,27.92986667,-82.35093056,Complex/Circle,Dark - Lighted,Clear,Unknown,Unknown,Unknown EMS Scene Arrival Hour,Unknown EMS Scene Arrival Minutes,Not Applicable (Not Transported),Not Applicable (Not Transported),1,Dark - Lighted,Clear,1,1,['Driver'],['None_Used'],0,0,Invalid,0.0,0.0,998.0,49.0,"['Other', 'Male']",0,0,5,4,5,Dry,Straight,Level,Lowest,No
7653,12,Florida,120132,0,2,2,0,2,ENGLEWOOD,January,24,Tuesday,21,55,Urban,Medium Speed (Collector),No,26.93263889,-82.25686389,Complex/Circle,Dusk,Clear,Unknown,Unknown,Unknown EMS Scene Arrival Hour,Unknown EMS Scene Arrival Minutes,Unknown,Unknown EMS Hospital Arrival Time,1,Twilight,Clear,1,1,['Driver'],['None_Used'],0,0,Invalid,0.0,0.0,25.0,25.0,"['Male', 'Male']",0,0,5,4,5,Dry,Straight,Level,Lowest,Yes
7654,12,Florida,120133,1,1,1,0,1,NOT APPLICABLE,January,4,Wednesday,19,51,Urban,Medium Speed (Collector),No,28.55388889,-81.44753056,Non-Intersection,Dark - Lighted,Clear,Unknown,Unknown,Unknown EMS Scene Arrival Hour,Unknown EMS Scene Arrival Minutes,Unknown,Unknown EMS Hospital Arrival Time,1,Dark - Lighted,Clear,0,1,[],[],0,0,Valid,0.0,0.0,36.0,36.0,['Male'],0,0,3,3,4,Dry,Straight,Level,Lowest,No
7655,12,Florida,120134,0,3,3,0,3,NOT APPLICABLE,January,6,Friday,15,12,Urban,High Speed (Arterial),Yes,27.44749722,-80.38270278,Complex/Circle,Daylight,Cloudy,Unknown,Unknown,Unknown EMS Scene Arrival Hour,Unknown EMS Scene Arrival Minutes,Unknown,Unknown EMS Hospital Arrival Time,1,Daylight,Reduced Visibility,1,2,['Driver'],['None_Used'],0,0,Valid,0.0,0.0,65.0,37.0,"['Male', 'Male', 'Male']",0,0,3,4,5,Dry,Straight,Level,Lowest,No
7656,12,Florida,120135,1,1,1,0,2,NOT APPLICABLE,January,9,Monday,17,26,Urban,Low Speed (Local),No,28.23736111,-82.37541111,Simple Junction,Daylight,Clear,Unknown,Unknown,Unknown EMS Scene Arrival Hour,Unknown EMS Scene Arrival Minutes,Unknown,Unknown EMS Hospital Arrival Time,1,Daylight,Clear,0,2,[],[],0,0,Valid,0.0,0.0,63.0,63.0,['Female'],0,0,3,3,4,Dry,Straight,Level,Lowest,No
7657,12,Florida,120136,1,1,1,0,1,NOT APPLICABLE,January,16,Monday,15,32,Rural,Low Speed (Local),No,28.61798056,-82.45096944,Non-Intersection,Daylight,Clear,Unknown,Unknown,Unknown EMS Scene Arrival Hour,Unknown EMS Scene Arrival Minutes,Not Applicable (Not Transported),Not Applicable (Not Transported),1,Daylight,Clear,0,1,[],[],0,0,Invalid,0.0,0.0,998.0,998.0,['Other'],0,0,1,0,4,Dry,Straight,Level,Lowest,No
7658,12,Florida,120137,0,2,2,0,3,NOT APPLICABLE,January,6,Friday,15,49,Urban,Medium Speed (Collector),No,28.8663,-81.78351944,Simple Junction,Daylight,Clear,Unknown,Unknown,Unknown EMS Scene Arrival Hour,Unknown EMS Scene Arrival Minutes,Unknown,Unknown EMS Hospital Arrival Time,1,Daylight,Clear,1,2,['Driver'],['None_Used'],0,0,Valid,1.0,0.0,80.0,58.0,"['Male', 'Male']",0,0,5,4,5,Dry,Straight,Level,Lowest,No
7659,12,Florida,120138,1,1,1,0,1,NOT APPLICABLE,January,19,Thursday,6,47,Urban,Low Speed (Local),No,28.46161111,-81.40447222,Simple Junction,Dark - Not Lighted,Clear,Unknown,Unknown,Unknown EMS Scene Arrival Hour,Unknown EMS Scene Arrival Minutes,Not Applicable (Not Transported),Not Applicable (Not Transported),1,Dark - Unlighted,Clear,0,1,[],[],0,0,Valid,0.0,0.0,61.0,61.0,['Male'],0,0,4,1,4,Dry,Straight,Level,Lowest,No
7660,12,Florida,120140,0,2,2,0,3,NOT APPLICABLE,January,20,Friday,23,0,Urban,High Speed (Arterial),Yes,28.40768056,-81.62611944,Non-Intersection,Dark - Lighted,Clear,Unknown,Unknown,Unknown EMS Scene Arrival Hour,Unknown EMS Scene Arrival Minutes,Unknown,Unknown EMS Hospital Arrival Time,1,Dark - Lighted,Clear,1,2,['Driver'],['Shoulder_Lapbelt'],1,1,Valid,0.0,1.0,35.0,26.0,"['Female', 'Male']",0,0,3,4,5,Dry,Straight,Level,Lowest,No
7661,12,Florida,120141,1,1,1,0,1,ALACHUA,January,20,Friday,7,2,Rural,Low Speed (Local),No,29.79727222,-82.48645833,Non-Intersection,Dawn,"Fog, Smog, Smoke",Unknown,Unknown,Unknown EMS Scene Arrival Hour,Unknown EMS Scene Arrival Minutes,Unknown,Unknown EMS Hospital Arrival Time,1,Twilight,Reduced Visibility,0,1,[],[],0,0,Valid,1.0,1.0,30.0,30.0,['Male'],1,0,3,2,4,Dry,Straight,Level,Lowest,No
7662,12,Florida,120142,1,1,1,0,1,NOT APPLICABLE,January,21,Saturday,20,8,Urban,High Speed (Arterial),Yes,30.48753611,-84.31730833,Complex/Circle,Dark - Lighted,Clear,Unknown,Unknown,Unknown EMS Scene Arrival Hour,Unknown EMS Scene Arrival Minutes,Not Applicable (Not Transported),Not Applicable (Not Transported),1,Dark - Lighted,Clear,0,1,[],[],1,1,Valid,0.0,0.0,42.0,42.0,['Female'],0,0,2,3,4,Dry,Straight,Level,Lowest,No
7663,12,Florida,120143,1,1,1,0,1,NOT APPLICABLE,January,12,Thursday,20,45,Urban,Medium Speed (Collector),No,27.67506944,-80.42206944,Non-Intersection,Dark - Not Lighted,Clear,Unknown,Unknown,Unknown EMS Scene Arrival Hour,Unknown EMS Scene Arrival Minutes,Unknown,Unknown EMS Hospital Arrival Time,1,Dark - Unlighted,Clear,0,1,[],[],0,0,Valid,0.0,0.0,19.0,19.0,['Male'],0,0,3,4,4,Dry,Straight,Level,Lowest,No
7664,12,Florida,120144,1,1,1,0,1,NOT APPLICABLE,January,20,Friday,11,14,Urban,Medium Speed (Collector),No,27.53833889,-80.31653611,Non-Intersection,Daylight,Clear,Unknown,Unknown,Unknown EMS Scene Arrival Hour,Unknown EMS Scene Arrival Minutes,Not Applicable (Not Transported),Not Applicable (Not Transported),1,Daylight,Clear,0,1,[],[],0,0,Valid,0.0,0.0,80.0,80.0,['Female'],0,0,3,3,4,Dry,Straight,Level,Lowest,No
7665,12,Florida,120145,1,1,1,0,1,DELAND,January,22,Sunday,18,10,Urban,High Speed (Arterial),Yes,29.03193333,-81.30353056,Non-Intersection,Dark - Lighted,Clear,Unknown,Unknown,Unknown EMS Scene Arrival Hour,Unknown EMS Scene Arrival Minutes,Unknown,Unknown EMS Hospital Arrival Time,1,Dark - Lighted,Clear,0,1,[],[],0,0,Valid,0.0,0.0,33.0,33.0,['Female'],0,0,2,4,4,Dry,Straight,Level,Lowest,No
7666,12,Florida,120146,1,1,1,0,1,NOT APPLICABLE,January,25,Wednesday,4,1,Urban,High Speed (Arterial),Yes,27.89698611,-81.86433056,Non-Intersection,Dark - Not Lighted,Clear,Unknown,Unknown,Unknown EMS Scene Arrival Hour,Unknown EMS Scene Arrival Minutes,Not Applicable (Not Transported),Not Applicable (Not Transported),1,Dark - Unlighted,Clear,0,1,[],[],0,0,Valid,0.0,0.0,26.0,26.0,['Male'],0,0,3,3,4,Dry,Straight,Level,Lowest,No
7667,12,Florida,120147,0,2,2,0,4,NOT APPLICABLE,January,19,Thursday,17,35,Urban,Medium Speed (Collector),No,30.4028,-87.34260833,Non-Intersection,Dark - Lighted,Clear,Unknown,Unknown,Unknown EMS Scene Arrival Hour,Unknown EMS Scene Arrival Minutes,Unknown,Unknown EMS Hospital Arrival Time,1,Dark - Lighted,Clear,1,3,['Driver'],['None_Used'],0,0,Invalid,1.0,2.0,38.0,29.0,"['Male', 'Female']",0,0,5,4,5,Dry,Straight,Level,Lowest,Yes
7668,12,Florida,120148,1,2,2,0,3,MIDDLEBURG,January,26,Thursday,19,6,Urban,Medium Speed (Collector),No,30.06285833,-81.90341667,Simple Junction,Dark - Not Lighted,Clear,Unknown,Unknown,Unknown EMS Scene Arrival Hour,Unknown EMS Scene Arrival Minutes,Not Applicable (Not Transported),Not Applicable (Not Transported),1,Dark - Unlighted,Clear,0,3,[],[],0,0,Valid,0.0,3.0,35.0,18.0,"['Male', 'Male']",0,0,3,4,4,Dry,Straight,Level,Lowest,No
7669,12,Florida,120150,0,2,2,0,3,NOT APPLICABLE,January,6,Friday,21,3,Urban,High Speed (Arterial),Yes,28.22715,-81.63565833,Simple Junction,Dark - Not Lighted,Clear,Unknown,Unknown,Unknown EMS Scene Arrival Hour,Unknown EMS Scene Arrival Minutes,Unknown,Unknown EMS Hospital Arrival Time,2,Dark - Unlighted,Clear,2,1,"['Driver', 'Driver']","['Shoulder_Lapbelt', 'None_Used']",1,1,Valid,0.0,0.0,64.0,38.0,"['Female', 'Male']",0,0,3,4,5,Dry,Straight,Level,Lowest,No
7670,12,Florida,120151,0,2,2,0,2,PALM BAY,January,7,Saturday,21,48,Urban,High Speed (Arterial),Yes,28.02454444,-80.57455833,Simple Junction,Dark - Lighted,Clear,Unknown,Unknown,Unknown EMS Scene Arrival Hour,Unknown EMS Scene Arrival Minutes,Unknown,Unknown EMS Hospital Arrival Time,1,Dark - Lighted,Clear,1,1,['Driver'],['None_Used'],0,0,Valid,0.0,0.0,69.0,18.0,"['Male', 'Male']",0,0,5,4,5,Dry,Straight,Level,Lowest,No
7671,12,Florida,120152,1,1,1,0,1,CLEARWATER,January,19,Thursday,16,25,Urban,High Speed (Arterial),Yes,27.94607222,-82.78739167,Non-Intersection,Daylight,Cloudy,Unknown,Unknown,Unknown EMS Scene Arrival Hour,Unknown EMS Scene Arrival Minutes,Unknown,Unknown EMS Hospital Arrival Time,1,Daylight,Reduced Visibility,0,1,[],[],0,0,Valid,0.0,0.0,27.0,27.0,['Female'],0,0,2,3,4,Dry,Straight,Level,Lowest,No
7672,12,Florida,120153,1,1,1,0,1,ORLANDO,January,22,Sunday,6,56,Urban,Low Speed (Local),No,28.42843333,-81.44470278,Non-Intersection,Dawn,Clear,Unknown,Unknown,Unknown EMS Scene Arrival Hour,Unknown EMS Scene Arrival Minutes,Unknown,Unknown EMS Hospital Arrival Time,1,Twilight,Clear,0,1,[],[],0,0,Valid,0.0,0.0,59.0,59.0,['Male'],0,0,2,4,4,Dry,Straight,Level,Lowest,No
7673,12,Florida,120154,1,1,1,0,1,CAPE CORAL,January,23,Monday,17,9,Urban,High Speed (Arterial),Yes,77.7777,777.7777,Simple Junction,Daylight,Clear,Unknown,Unknown,Unknown EMS Scene Arrival Hour,Unknown EMS Scene Arrival Minutes,Unknown,Unknown EMS Hospital Arrival Time,1,Daylight,Clear,0,1,[],[],0,0,Valid,0.0,1.0,34.0,34.0,['Male'],0,0,2,4,4,Dry,Straight,Level,Lowest,No
7674,12,Florida,120155,1,1,1,0,1,NOT APPLICABLE,January,1,Sunday,22,30,Urban,Medium Speed (Collector),No,25.74026111,-80.33969167,Simple Junction,Dark - Lighted,Clear,Unknown,Unknown,Unknown EMS Scene Arrival Hour,Unknown EMS Scene Arrival Minutes,Not Applicable (Not Transported),Not Applicable (Not Transported),1,Dark - Lighted,Clear,0,1,[],[],1,1,Valid,0.0,0.0,60.0,60.0,['Male'],0,0,2,3,4,Dry,Straight,Level,Lowest,No
7675,12,Florida,120156,0,2,2,0,3,NOT APPLICABLE,January,10,Tuesday,17,28,Urban,High Speed (Arterial),No,25.62849722,-80.35458889,Complex/Circle,Daylight,Clear,Unknown,Unknown,Unknown EMS Scene Arrival Hour,Unknown EMS Scene Arrival Minutes,Unknown,Unknown EMS Hospital Arrival Time,1,Daylight,Clear,1,2,['Driver'],['None_Used'],0,0,Valid,0.0,0.0,46.0,39.0,"['Male', 'Male']",0,0,5,4,5,Dry,Straight,Level,Lowest,No
7676,12,Florida,120157,1,1,1,0,1,NORTH PALM BEACH,January,11,Wednesday,21,50,Urban,Medium Speed (Collector),No,26.83615833,-80.07236111,Non-Intersection,Dark - Not Lighted,Clear,Unknown,Unknown,Unknown EMS Scene Arrival Hour,Unknown EMS Scene Arrival Minutes,Unknown,Unknown EMS Hospital Arrival Time,1,Dark - Unlighted,Clear,0,1,[],[],0,0,Valid,0.0,0.0,25.0,25.0,['Male'],1,0,2,3,4,Dry,Straight,Level,Lowest,No
7677,12,Florida,120158,1,2,2,0,4,NOT APPLICABLE,January,14,Saturday,21,46,Urban,High Speed (Arterial),Yes,25.82028889,-80.24073611,Complex/Circle,Dark - Lighted,Clear,Unknown,Unknown,Unknown EMS Scene Arrival Hour,Unknown EMS Scene Arrival Minutes,Unknown,Unknown EMS Hospital Arrival Time,1,Dark - Lighted,Clear,0,4,[],[],0,0,Valid,0.0,0.0,30.0,29.0,"['Other', 'Male']",0,0,3,3,4,Dry,Straight,Level,Lowest,No
7678,12,Florida,120159,1,1,1,0,1,NOT APPLICABLE,January,19,Thursday,23,57,Urban,High Speed (Arterial),Yes,28.53978611,-82.35875278,Non-Intersection,Dark - Not Lighted,Cloudy,11:00pm-11:59pm,57,0:00am-0:59am,4,Not Applicable (Not Transported),Not Applicable (Not Transported),1,Dark - Unlighted,Reduced Visibility,0,1,[],[],0,0,Valid,0.0,0.0,51.0,51.0,['Male'],0,0,4,3,4,Wet/Standing Water,Straight,Level,Lowest,No
7679,12,Florida,120160,0,1,1,0,1,NOT APPLICABLE,January,20,Friday,6,27,Urban,High Speed (Arterial),Yes,28.30113056,-81.35913056,Non-Intersection,Dawn,Clear,Unknown,Unknown,Unknown EMS Scene Arrival Hour,Unknown EMS Scene Arrival Minutes,Unknown,Unknown EMS Hospital Arrival Time,1,Twilight,Clear,1,0,['Driver'],['Shoulder_Lapbelt'],0,0,Valid,0.0,0.0,57.0,57.0,['Male'],0,0,3,4,3,Dry,Straight,Level,Lowest,Yes