,State_Code,State_Name,Crash_ID,Count_Non_Motorists,Count_Vehicles_Total,Count_Vehicle_Forms,Count_PVH_Involved,Count_Occupants_MV,City_Name,Month_Name,Day_of_Month,Day_of_Week,Crash_Hour,Crash_Minute,Area_Rural_Urban,Road_Functional_Class,On_NHS_Road,Latitude,Longitude,Intersection_Type,Light_Condition,Weather_Condition,Notif_Hour,Notif_Minute,Arrival_Hour,Arrival_Minute,Hospital_Hour,Hospital_Minute,Fatalities_Count,Clean_Light_Condition,Clean_Weather_Condition,Total_Killed,Total_Alive,Fatal_Seats_List,Killed_Restraint_List,Any_Driver_Drinking,Total_Drinking_Drivers,Driver_License_Category,Driver_Max_Prev_Accident_Count,Driver_Max_Prev_Speeding_Count,Max_Driver_Age,Min_Driver_Age,Driver_Sex_List,Total_Exceeding_Limit_Vehicles,Total_Too_Fast_Vehicles,Max_Vehicle_Type_Severity_5,Max_Vehicle_Damage_Rank,Max_Harmful_Event_Severity,Crash_Road_Surface_Condition,Crash_Horizontal_Alignment,Crash_Vertical_Profile,Crash_Impairment_Category,Crash_Vehicle_Defect
7680,12,Florida,120161,1,1,1,0,1,LONGWOOD,January,24,Tuesday,9,30,Urban,High Speed (Arterial),Yes,28.68711944,-81.40088889,Complex/Circle,Daylight,Clear,Unknown,Unknown,Unknown EMS Scene Arrival Hour,Unknown EMS Scene Arrival Minutes,Unknown,Unknown EMS Hospital Arrival Time,1,Daylight,Clear,0,1,[],[],0,0,Valid,0.0,0.0,50.0,50.0,['Male'],0,0,3,3,4,Dry,Straight,Level,Lowest,No
7681,12,Florida,120162,0,2,2,0,3,NOT APPLICABLE,January,24,Tuesday,14,10,Urban,High Speed (Arterial),No,26.36803889,-80.16899444,Complex/Circle,Daylight,Clear,Unknown,Unknown,Unknown EMS Scene Arrival Hour,Unknown EMS Scene Arrival Minutes,Unknown,Unknown EMS Hospital Arrival Time,2,Daylight,Clear,2,1,"['Driver', 'Front_Passenger']","['Shoulder_Lapbelt', 'None_Used']",0,0,Valid,0.0,0.0,36.0,29.0,"['Male', 'Male']",1,0,3,4,5,Dry,Curve,Level,Lowest,No
7682,12,Florida,120163,1,1,1,0,1,PLANT CITY,January,26,Thursday,19,8,Urban,High Speed (Arterial),No,28.017225,-82.13802222,Non-Intersection,Dark - Lighted,Clear,Unknown,Unknown,Unknown EMS Scene Arrival Hour,Unknown EMS Scene Arrival Minutes,Not Applicable (Not Transported),Not Applicable (Not Transported),1,Dark - Lighted,Clear,0,1,[],[],0,0,Valid,0.0,1.0,46.0,46.0,['Male'],0,0,2,3,4,Dry,Straight,Level,Lowest,No
7683,12,Florida,120165,1,1,1,0,1,NOT APPLICABLE,January,27,Friday,3,30,Urban,Medium Speed (Collector),No,27.85715278,-82.32276667,Simple Junction,Dark - Not Lighted,Clear,Unknown,Unknown,Unknown EMS Scene Arrival Hour,Unknown EMS Scene Arrival Minutes,Unknown,Unknown EMS Hospital Arrival Time,1,Dark - Unlighted,Clear,0,1,[],[],0,0,Valid,0.0,0.0,38.0,38.0,['Female'],0,0,2,4,4,Dry,Straight,Level,Lowest,No
7684,12,Florida,120166,0,2,2,0,3,NOT APPLICABLE,January,28,Saturday,6,55,Rural,High Speed (Arterial),No,26.51094722,-81.53421111,Non-Intersection,Dark - Not Lighted,Cloudy,Unknown,Unknown,Unknown EMS Scene Arrival Hour,Unknown EMS Scene Arrival Minutes,Unknown,Unknown EMS Hospital Arrival Time,1,Dark - Unlighted,Reduced Visibility,1,2,['Driver'],['Shoulder_Lapbelt'],0,0,Valid,0.0,0.0,47.0,20.0,"['Male', 'Male']",0,0,3,4,5,Dry,Straight,Level,Medium,No
7685,12,Florida,120167,1,1,1,0,1,JACKSONVILLE,January,28,Saturday,3,53,Urban,Low Speed (Local),No,30.19433056,-81.80246111,Non-Intersection,Dark - Not Lighted,Clear,Unknown,Unknown,Unknown EMS Scene Arrival Hour,Unknown EMS Scene Arrival Minutes,Not Applicable (Not Transported),Not Applicable (Not Transported),1,Dark - Unlighted,Clear,0,1,[],[],0,0,Valid,0.0,0.0,30.0,30.0,['Male'],0,0,2,3,4,Dry,Curve,Level,Lowest,No
7686,12,Florida,120168,0,2,2,0,2,JACKSONVILLE,January,28,Saturday,1,8,Urban,Medium Speed (Collector),No,30.27253056,-81.75586944,Non-Intersection,Dark - Lighted,Clear,Unknown,Unknown,Unknown EMS Scene Arrival Hour,Unknown EMS Scene Arrival Minutes,Unknown,Unknown EMS Hospital Arrival Time,1,Dark - Lighted,Clear,1,1,['Driver'],['None_Used'],1,1,Invalid,1.0,2.0,43.0,29.0,"['Female', 'Female']",0,0,2,4,5,Dry,Straight,Level,Lowest,No
7687,12,Florida,120169,1,1,1,0,1,NOT APPLICABLE,January,30,Monday,20,59,Rural,High Speed (Arterial),Yes,30.61030278,-83.87237222,Non-Intersection,Dark - Not Lighted,"Fog, Smog, Smoke",Unknown,Unknown,Unknown EMS Scene Arrival Hour,Unknown EMS Scene Arrival Minutes,Not Applicable (Not Transported),Not Applicable (Not Transported),1,Dark - Unlighted,Reduced Visibility,0,1,[],[],0,0,Valid,1.0,0.0,29.0,29.0,['Male'],0,0,3,4,4,Wet/Standing Water,Straight,Grade/Hillcrest,Lowest,No
7688,12,Florida,120170,1,1,1,0,1,LAKE WORTH,January,30,Monday,0,5,Urban,Medium Speed (Collector),No,26.61553611,-80.04598611,Non-Intersection,Dark - Lighted,Clear,Unknown,Unknown,Unknown EMS Scene Arrival Hour,Unknown EMS Scene Arrival Minutes,Not Applicable (Not Transported),Not Applicable (Not Transported),1,Dark - Lighted,Clear,0,1,[],[],0,0,Valid,0.0,0.0,24.0,24.0,['Male'],0,0,2,3,4,Dry,Straight,Grade/Hillcrest,Lowest,No
7689,12,Florida,120171,0,2,2,0,3,NOT APPLICABLE,January,31,Tuesday,8,27,Rural,Low Speed (Local),No,29.40365,-82.28916111,Non-Intersection,Daylight,"Fog, Smog, Smoke",Unknown,Unknown,Unknown EMS Scene Arrival Hour,Unknown EMS Scene Arrival Minutes,Unknown,Unknown EMS Hospital Arrival Time,1,Daylight,Reduced Visibility,1,2,['Driver'],['None_Used'],0,0,Valid,0.0,0.0,32.0,18.0,"['Male', 'Female']",0,0,5,4,5,Dry,Straight,Level,Lowest,No
7690,12,Florida,120172,1,1,1,0,1,NOT APPLICABLE,February,1,Wednesday,19,41,Urban,High Speed (Arterial),Yes,26.70748056,-80.13369722,Complex/Circle,Dark - Lighted,Clear,Unknown,Unknown,Unknown EMS Scene Arrival Hour,Unknown EMS Scene Arrival Minutes,Unknown,Unknown EMS Hospital Arrival Time,1,Dark - Lighted,Clear,0,1,[],[],0,0,Valid,0.0,0.0,85.0,85.0,['Male'],0,0,2,2,4,Dry,Straight,Level,Lowest,No
7691,12,Florida,120173,0,2,2,0,4,SANFORD,January,17,Tuesday,11,35,Urban,Medium Speed (Collector),No,28.78646111,-81.32346667,Complex/Circle,Daylight,Clear,Unknown,Unknown,Unknown EMS Scene Arrival Hour,Unknown EMS Scene Arrival Minutes,Unknown,Unknown EMS Hospital Arrival Time,1,Daylight,Clear,1,3,['Rear_Seat'],['Shoulder_Lapbelt'],0,0,Valid,0.0,0.0,73.0,19.0,"['Male', 'Male']",0,0,3,4,5,Dry,Straight,Level,Lowest,No
7692,12,Florida,120174,0,2,2,0,2,NOT APPLICABLE,January,22,Sunday,5,10,Urban,Medium Speed (Collector),No,28.02347222,-81.81493056,Non-Intersection,Dark - Not Lighted,Clear,Unknown,Unknown,Unknown EMS Scene Arrival Hour,Unknown EMS Scene Arrival Minutes,Unknown,Unknown EMS Hospital Arrival Time,1,Dark - Unlighted,Clear,1,1,['Driver'],['Shoulder_Lapbelt'],0,0,Valid,0.0,0.0,63.0,37.0,"['Male', 'Male']",0,0,3,4,5,Dry,Curve,Level,Lowest,No
7693,12,Florida,120175,0,3,3,0,8,NOT APPLICABLE,January,23,Monday,10,20,Urban,High Speed (Arterial),Yes,26.79940556,-81.95003056,Simple Junction,Daylight,Clear,Unknown,Unknown,Unknown EMS Scene Arrival Hour,Unknown EMS Scene Arrival Minutes,Unknown,Unknown EMS Hospital Arrival Time,1,Daylight,Clear,1,7,['Rear_Seat'],['Lapbelt_Only'],0,0,Valid,0.0,0.0,48.0,28.0,"['Male', 'Female', 'Female']",0,0,3,4,5,Dry,Straight,Level,Lowest,No
7694,12,Florida,120176,1,1,1,0,2,JACKSONVILLE,January,19,Thursday,18,0,Urban,High Speed (Arterial),Yes,30.35591111,-81.68124167,Simple Junction,Dark - Lighted,Cloudy,Unknown,Unknown,Unknown EMS Scene Arrival Hour,Unknown EMS Scene Arrival Minutes,Unknown,Unknown EMS Hospital Arrival Time,1,Dark - Lighted,Reduced Visibility,0,2,[],[],0,0,Valid,0.0,0.0,29.0,29.0,['Female'],0,0,2,3,4,Dry,Curve,Level,Lowest,No
7695,12,Florida,120177,1,1,1,0,2,NOT APPLICABLE,January,20,Friday,22,4,Urban,High Speed (Arterial),Yes,29.33158889,-81.05891111,Non-Intersection,Dark - Lighted,Clear,Unknown,Unknown,Unknown EMS Scene Arrival Hour,Unknown EMS Scene Arrival Minutes,Unknown,Unknown EMS Hospital Arrival Time,1,Dark - Lighted,Clear,0,2,[],[],0,0,Valid,0.0,0.0,75.0,75.0,['Male'],0,0,3,3,4,Dry,Straight,Level,Lowest,No
7696,12,Florida,120178,1,1,1,0,1,NOT APPLICABLE,January,24,Tuesday,14,43,Urban,High Speed (Arterial),Yes,27.17969444,-82.48198611,Complex/Circle,Daylight,Clear,Unknown,Unknown,Unknown EMS Scene Arrival Hour,Unknown EMS Scene Arrival Minutes,Unknown,Unknown EMS Hospital Arrival Time,1,Daylight,Clear,0,1,[],[],0,0,Valid,0.0,0.0,95.0,95.0,['Female'],0,0,2,3,4,Dry,Straight,Level,Lowest,No
7697,12,Florida,120179,0,2,2,0,2,NOT APPLICABLE,January,25,Wednesday,14,45,Urban,High Speed (Arterial),Yes,28.39758333,-81.69495278,Complex/Circle,Daylight,Clear,Unknown,Unknown,Unknown EMS Scene Arrival Hour,Unknown EMS Scene Arrival Minutes,Unknown,Unknown EMS Hospital Arrival Time,1,Daylight,Clear,1,1,['Driver'],['None_Used'],0,0,Valid,0.0,0.0,51.0,51.0,"['Male', 'Female']",0,0,5,4,5,Dry,Straight,Level,Lowest,No
7698,12,Florida,120181,0,4,4,0,8,NOT APPLICABLE,January,25,Wednesday,13,27,Urban,High Speed (Arterial),No,28.156375,-81.44274167,Non-Intersection,Daylight,Clear,Unknown,Unknown,Unknown EMS Scene Arrival Hour,Unknown EMS Scene Arrival Minutes,Unknown,Unknown EMS Hospital Arrival Time,1,Daylight,Clear,1,7,['Driver'],['Shoulder_Lapbelt'],0,0,Valid,0.0,0.0,56.0,30.0,"['Male', 'Male', 'Female', 'Female']",0,0,3,4,5,Dry,Curve,Level,Lowest,No
7699,12,Florida,120182,0,2,2,0,7,NOT APPLICABLE,January,25,Wednesday,14,26,Urban,High Speed (Arterial),Yes,30.41052778,-86.78001944,Simple Junction,Daylight,Clear,Unknown,Unknown,Unknown EMS Scene Arrival Hour,Unknown EMS Scene Arrival Minutes,Unknown,Unknown EMS Hospital Arrival Time,1,Daylight,Clear,1,6,['Driver'],['None_Used'],0,0,Valid,0.0,0.0,64.0,28.0,"['Male', 'Male']",0,0,5,4,5,Dry,Straight,Level,Lowest,No
7700,12,Florida,120183,0,2,2,0,2,POMPANO BEACH,January,28,Saturday,19,15,Urban,High Speed (Arterial),Yes,26.244825,-80.16761944,Non-Intersection,Dusk,Cloudy,Unknown,Unknown,Unknown EMS Scene Arrival Hour,Unknown EMS Scene Arrival Minutes,Not Applicable (Not Transported),Not Applicable (Not Transported),1,Twilight,Reduced Visibility,1,1,['Driver'],['None_Used'],0,0,Invalid,0.0,0.0,63.0,28.0,"['Male', 'Male']",0,0,5,4,5,Dry,Straight,Level,Lowest,No
7701,12,Florida,120184,0,2,2,0,3,TAMPA,January,29,Sunday,18,34,Urban,Medium Speed (Collector),No,27.90063333,-82.51838889,Simple Junction,Dark - Lighted,Clear,Unknown,Unknown,Unknown EMS Scene Arrival Hour,Unknown EMS Scene Arrival Minutes,Unknown,Unknown EMS Hospital Arrival Time,1,Dark - Lighted,Clear,1,2,['Driver'],['None_Used'],0,0,Valid,0.0,0.0,86.0,28.0,"['Male', 'Female']",2,0,3,4,5,Dry,Straight,Level,Lowest,No
7702,12,Florida,120185,0,2,2,0,2,NOT APPLICABLE,January,30,Monday,14,58,Urban,Medium Speed (Collector),No,27.20382222,-80.84466111,Simple Junction,Daylight,Clear,Unknown,Unknown,Unknown EMS Scene Arrival Hour,Unknown EMS Scene Arrival Minutes,Not Applicable (Not Transported),Not Applicable (Not Transported),1,Daylight,Clear,1,1,['Driver'],['None_Used'],0,0,Invalid,0.0,0.0,80.0,41.0,"['Male', 'Female']",0,0,5,4,5,Dry,Straight,Level,Lowest,No
7703,12,Florida,120186,1,1,1,0,2,SAINT PETERSBURG,January,30,Monday,18,32,Urban,Medium Speed (Collector),No,27.79184722,-82.70420556,Complex/Circle,Dark - Lighted,Clear,Unknown,Unknown,Unknown EMS Scene Arrival Hour,Unknown EMS Scene Arrival Minutes,Unknown,Unknown EMS Hospital Arrival Time,1,Dark - Lighted,Clear,0,2,[],[],0,0,Valid,0.0,0.0,26.0,26.0,['Male'],0,0,3,4,4,Dry,Straight,Level,Lowest,No
7704,12,Florida,120187,1,1,1,0,1,SAINT CLOUD,February,1,Wednesday,21,1,Urban,High Speed (Arterial),Yes,28.25074722,-81.3124,Non-Intersection,Dark - Lighted,Clear,Unknown,Unknown,Unknown EMS Scene Arrival Hour,Unknown EMS Scene Arrival Minutes,Not Applicable (Not Transported),Not Applicable (Not Transported),1,Dark - Lighted,Clear,0,1,[],[],0,0,Valid,0.0,0.0,36.0,36.0,['Male'],0,0,3,4,4,Dry,Straight,Level,Lowest,No
7705,12,Florida,120189,0,2,2,0,3,SARASOTA,January,10,Tuesday,16,53,Urban,High Speed (Arterial),Yes,27.31143333,-82.529875,Simple Junction,Daylight,Clear,Unknown,Unknown,Unknown EMS Scene Arrival Hour,Unknown EMS Scene Arrival Minutes,Unknown,Unknown EMS Hospital Arrival Time,1,Daylight,Clear,1,2,['Driver'],['Shoulder_Lapbelt'],0,0,Valid,0.0,0.0,85.0,32.0,"['Female', 'Female']",0,0,3,4,5,Dry,Straight,Level,Lowest,No
7706,12,Florida,120191,1,2,2,0,4,ORLANDO,January,27,Friday,22,29,Urban,High Speed (Arterial),Yes,28.511375,-81.39690833,Non-Intersection,Dark - Lighted,Clear,Unknown,Unknown,Unknown EMS Scene Arrival Hour,Unknown EMS Scene Arrival Minutes,Not Applicable (Not Transported),Not Applicable (Not Transported),1,Dark - Lighted,Clear,0,4,[],[],0,0,Valid,0.0,0.0,34.0,21.0,"['Male', 'Male']",0,0,4,1,4,Dry,Straight,Level,Lowest,No
7707,12,Florida,120192,0,1,1,0,1,CAPE CORAL,February,3,Friday,9,36,Urban,Medium Speed (Collector),No,26.62292778,-81.98436944,Non-Intersection,Daylight,Clear,Unknown,Unknown,Unknown EMS Scene Arrival Hour,Unknown EMS Scene Arrival Minutes,Unknown,Unknown EMS Hospital Arrival Time,1,Daylight,Clear,1,0,['Driver'],['None_Used'],0,0,Valid,0.0,0.0,57.0,57.0,['Male'],0,0,3,4,3,Dry,Straight,Level,Lowest,No
7708,12,Florida,120193,0,1,1,0,1,NOT APPLICABLE,January,3,Tuesday,4,0,Urban,Medium Speed (Collector),No,28.59314444,-81.45145,Non-Intersection,Dark - Not Lighted,Clear,Unknown,Unknown,Unknown EMS Scene Arrival Hour,Officially Cancelled,Unknown,Officially Canceled,1,Dark - Unlighted,Clear,1,0,['Driver'],['Shoulder_Lapbelt'],0,0,Invalid,0.0,0.0,47.0,47.0,['Male'],0,0,3,4,3,Dry,Straight,Level,Lowest,No
7709,12,Florida,120194,1,1,1,0,1,LARGO,January,9,Monday,19,9,Urban,High Speed (Arterial),Yes,27.89460833,-82.76449722,Non-Intersection,Dark - Lighted,Clear,Unknown,Unknown,Unknown EMS Scene Arrival Hour,Unknown EMS Scene Arrival Minutes,Unknown,Unknown EMS Hospital Arrival Time,1,Dark - Lighted,Clear,0,1,[],[],0,0,Valid,2.0,1.0,24.0,24.0,['Male'],0,0,3,4,4,Dry,Straight,Level,Lowest,No
7710,12,Florida,120195,1,1,1,0,1,NOT APPLICABLE,January,17,Tuesday,20,35,Rural,Low Speed (Local),No,28.37745833,-82.20052222,Complex/Circle,Dark - Not Lighted,Clear,8:00pm-8:59pm,38,8:00pm-8:59pm,43,Unknown,Unknown EMS Hospital Arrival Time,1,Dark - Unlighted,Clear,0,0,[],[],0,0,Invalid,0.0,0.0,998.0,998.0,['Other'],0,0,1,0,4,Dry,Straight,Level,Lowest,No
7711,12,Florida,120196,0,2,2,0,3,LARGO,January,19,Thursday,18,21,Urban,High Speed (Arterial),Yes,27.93702778,-82.78743333,Complex/Circle,Dark - Lighted,Clear,Unknown,Unknown,Unknown EMS Scene Arrival Hour,Unknown EMS Scene Arrival Minutes,Unknown,Unknown EMS Hospital Arrival Time,1,Dark - Lighted,Clear,1,2,['Rear_Seat'],['None_Used'],0,0,Valid,0.0,0.0,74.0,55.0,"['Female', 'Female']",0,0,5,4,5,Dry,Straight,Level,Lowest,No
7712,12,Florida,120197,0,2,2,0,2,NOT APPLICABLE,January,24,Tuesday,23,15,Rural,Low Speed (Local),No,27.60178333,-82.504875,Non-Intersection,Dark - Not Lighted,Clear,Unknown,Unknown,Unknown EMS Scene Arrival Hour,Unknown EMS Scene Arrival Minutes,Unknown,Unknown EMS Hospital Arrival Time,1,Dark - Unlighted,Clear,1,1,['Driver'],['None_Used'],1,1,Valid,0.0,0.0,61.0,53.0,"['Male', 'Male']",0,0,2,4,5,Dry,Curve,Level,Lowest,No
7713,12,Florida,120198,1,1,1,0,2,NOT APPLICABLE,January,28,Saturday,20,55,Urban,High Speed (Arterial),No,27.46233889,-82.58335833,Non-Intersection,Dark - Lighted,Clear,Unknown,Unknown,Unknown EMS Scene Arrival Hour,Unknown EMS Scene Arrival Minutes,Unknown,Unknown EMS Hospital Arrival Time,1,Dark - Lighted,Clear,0,2,[],[],0,0,Valid,0.0,0.0,53.0,53.0,['Male'],0,0,3,2,4,Dry,Straight,Level,Lowest,No
7714,12,Florida,120199,0,2,2,0,4,NOT APPLICABLE,January,11,Wednesday,7,1,Urban,Medium Speed (Collector),No,28.07257778,-81.90805556,Simple Junction,Dawn,Clear,Unknown,Unknown,Unknown EMS Scene Arrival Hour,Unknown EMS Scene Arrival Minutes,Not Applicable (Not Transported),Not Applicable (Not Transported),1,Twilight,Clear,1,3,['Driver'],['None_Used'],0,0,Valid,0.0,1.0,39.0,37.0,"['Male', 'Female']",0,0,3,4,5,Dry,Straight,Level,Lowest,No
7715,12,Florida,120200,0,1,1,0,1,SUNRISE,January,12,Thursday,12,3,Urban,High Speed (Arterial),No,26.16847778,-80.31113889,Non-Intersection,Daylight,Clear,Unknown,Unknown,Unknown EMS Scene Arrival Hour,Unknown EMS Scene Arrival Minutes,Unknown,Unknown EMS Hospital Arrival Time,1,Daylight,Clear,1,0,['Driver'],['None_Used'],0,0,Valid,0.0,0.0,72.0,72.0,['Male'],0,0,2,4,3,Dry,Curve,Level,Medium,Yes
7716,12,Florida,120201,0,2,2,0,2,NOT APPLICABLE,January,31,Tuesday,16,15,Urban,High Speed (Arterial),Yes,28.85561944,-82.39848889,Simple Junction,Daylight,Clear,Unknown,Unknown,Unknown EMS Scene Arrival Hour,Unknown EMS Scene Arrival Minutes,Unknown,Unknown EMS Hospital Arrival Time,1,Daylight,Clear,1,1,['Driver'],['Shoulder_Lapbelt'],0,0,Valid,0.0,0.0,88.0,50.0,"['Male', 'Female']",0,0,3,4,5,Dry,Straight,Level,Lowest,No
7717,12,Florida,120202,1,1,1,0,1,DELAND,February,3,Friday,19,8,Urban,Medium Speed (Collector),Yes,29.04186667,-81.3039,Complex/Circle,Dark - Not Lighted,Clear,Unknown,Unknown,Unknown EMS Scene Arrival Hour,Unknown EMS Scene Arrival Minutes,Unknown,Unknown EMS Hospital Arrival Time,1,Dark - Unlighted,Clear,0,1,[],[],0,0,Valid,0.0,0.0,59.0,59.0,['Male'],0,0,2,3,4,Dry,Straight,Level,Lowest,No
7718,12,Florida,120203,0,1,1,0,1,NOT APPLICABLE,January,21,Saturday,15,33,Rural,High Speed (Arterial),No,27.4961,-81.82723889,Non-Intersection,Daylight,Clear,Unknown,Unknown,Unknown EMS Scene Arrival Hour,Unknown EMS Scene Arrival Minutes,Not Applicable (Not Transported),Not Applicable (Not Transported),1,Daylight,Clear,1,0,['Driver'],['Shoulder_Lapbelt'],1,1,Valid,0.0,0.0,26.0,26.0,['Male'],0,0,3,4,3,Dry,Straight,Level,Lowest,No
7719,12,Florida,120204,0,1,1,0,1,NOT APPLICABLE,January,15,Sunday,14,2,Urban,Medium Speed (Collector),No,28.61425556,-81.426425,Non-Intersection,Daylight,Clear,Unknown,Unknown,Unknown EMS Scene Arrival Hour,Unknown EMS Scene Arrival Minutes,Unknown,Unknown EMS Hospital Arrival Time,1,Daylight,Clear,1,0,['Driver'],['None_Used'],0,0,Valid,0.0,0.0,50.0,50.0,['Male'],0,0,5,1,2,Dry,Curve,Level,Lowest,No
7720,12,Florida,120205,2,1,1,0,1,SAINT PETERSBURG,January,29,Sunday,0,34,Urban,Medium Speed (Collector),No,27.87036667,-82.67161667,Non-Intersection,Dark - Lighted,Clear,Unknown,Unknown,Unknown EMS Scene Arrival Hour,Unknown EMS Scene Arrival Minutes,Unknown,Unknown EMS Hospital Arrival Time,1,Dark - Lighted,Clear,0,1,[],[],0,0,Valid,3.0,0.0,20.0,20.0,['Male'],1,0,5,4,4,Dry,Straight,Level,Lowest,No
7721,12,Florida,120206,1,1,1,0,1,TAMPA,January,30,Monday,18,55,Urban,Medium Speed (Collector),No,28.02269167,-82.45957778,Simple Junction,Dark - Lighted,Clear,Unknown,Unknown,Unknown EMS Scene Arrival Hour,Unknown EMS Scene Arrival Minutes,Unknown,Unknown EMS Hospital Arrival Time,1,Dark - Lighted,Clear,0,1,[],[],0,0,Valid,0.0,0.0,72.0,72.0,['Male'],0,0,3,2,4,Dry,Straight,Grade/Hillcrest,Lowest,No
7722,12,Florida,120207,0,3,3,0,3,NOT APPLICABLE,February,2,Thursday,4,58,Urban,High Speed (Arterial),Yes,25.75749722,-80.32081944,Non-Intersection,Dawn,Clear,Unknown,Unknown,Unknown EMS Scene Arrival Hour,Unknown EMS Scene Arrival Minutes,Unknown,Unknown EMS Hospital Arrival Time,1,Twilight,Clear,1,2,['Driver'],['None_Used'],0,0,Valid,0.0,0.0,85.0,16.0,"['Female', 'Male', 'Male']",0,0,3,4,5,Dry,Straight,Level,Lowest,No
7723,12,Florida,120208,1,1,1,0,1,PEMBROKE PINES,February,2,Thursday,6,14,Urban,Low Speed (Local),No,26.00451111,-80.32833056,Non-Intersection,Dawn,Clear,Unknown,Unknown,Unknown EMS Scene Arrival Hour,Unknown EMS Scene Arrival Minutes,Unknown,Unknown EMS Hospital Arrival Time,1,Twilight,Clear,0,1,[],[],0,0,Valid,0.0,0.0,61.0,61.0,['Female'],0,0,2,3,4,Dry,Straight,Level,Lowest,No
7724,12,Florida,120209,4,5,1,4,1,NOT APPLICABLE,January,24,Tuesday,16,22,Urban,Medium Speed (Collector),No,26.67348056,-80.10395278,Complex/Circle,Daylight,Clear,Unknown,Unknown,Unknown EMS Scene Arrival Hour,Unknown EMS Scene Arrival Minutes,Unknown,Unknown EMS Hospital Arrival Time,1,Daylight,Clear,1,0,['Driver'],['None_Used'],0,0,Invalid,0.0,0.0,29.0,29.0,['Other'],1,0,3,4,3,Dry,Straight,Level,Lowest,No
7725,12,Florida,120210,0,2,2,0,4,NOT APPLICABLE,February,1,Wednesday,10,31,Urban,High Speed (Arterial),Yes,26.38276667,-80.20374722,Complex/Circle,Daylight,Clear,Unknown,Unknown,Unknown EMS Scene Arrival Hour,Unknown EMS Scene Arrival Minutes,Unknown,Unknown EMS Hospital Arrival Time,2,Daylight,Clear,2,2,"['Driver', 'Front_Passenger']","['Shoulder_Lapbelt', 'Shoulder_Lapbelt']",1,1,Valid,0.0,0.0,82.0,35.0,"['Male', 'Male']",0,0,3,4,5,Dry,Straight,Level,Lowest,No
7726,12,Florida,120211,1,1,1,0,1,NOT APPLICABLE,February,3,Friday,19,48,Urban,Medium Speed (Collector),No,28.025925,-82.55984167,Non-Intersection,Dark - Lighted,Clear,Unknown,Unknown,Unknown EMS Scene Arrival Hour,Unknown EMS Scene Arrival Minutes,Unknown,Unknown EMS Hospital Arrival Time,1,Dark - Lighted,Clear,0,1,[],[],0,0,Valid,0.0,0.0,51.0,51.0,['Male'],0,0,3,3,4,Dry,Straight,Level,Lowest,No
7727,12,Florida,120212,1,1,1,0,1,LARGO,February,4,Saturday,18,19,Urban,Medium Speed (Collector),No,27.90598333,-82.76238611,Non-Intersection,Daylight,Cloudy,Unknown,Unknown,Unknown EMS Scene Arrival Hour,Unknown EMS Scene Arrival Minutes,Unknown,Unknown EMS Hospital Arrival Time,1,Daylight,Reduced Visibility,0,1,[],[],0,0,Valid,0.0,0.0,81.0,81.0,['Female'],0,0,2,3,4,Dry,Straight,Level,Lowest,No
7728,12,Florida,120213,0,1,1,0,1,HIALEAH,February,4,Saturday,23,4,Urban,Low Speed (Local),No,25.87702778,-80.327075,Non-Intersection,Dark - Lighted,Rain,Unknown,Unknown,Unknown EMS Scene Arrival Hour,Unknown EMS Scene Arrival Minutes,Not Applicable (Not Transported),Not Applicable (Not Transported),1,Dark - Lighted,Rain/Wind/Minor,1,0,['Driver'],['Shoulder_Lapbelt'],0,0,Valid,0.0,0.0,82.0,82.0,['Male'],0,0,3,4,3,Wet/Standing Water,Straight,Level,Lowest,No
7729,12,Florida,120214,0,2,2,0,7,CAPE CORAL,February,5,Sunday,18,34,Urban,High Speed (Arterial),No,26.65968889,-81.95738333,Simple Junction,Dusk,Clear,Unknown,Unknown,Unknown EMS Scene Arrival Hour,Unknown EMS Scene Arrival Minutes,Unknown,Unknown EMS Hospital Arrival Time,1,Twilight,Clear,1,6,['Driver'],['None_Used'],0,0,Valid,0.0,1.0,68.0,33.0,"['Male', 'Male']",0,0,5,4,5,Dry,Straight,Level,Lowest,No
7730,12,Florida,120215,0,2,2,0,3,PALM BEACH GARDENS,January,26,Thursday,6,22,Urban,Medium Speed (Collector),No,26.81223333,-80.22181111,Complex/Circle,Dark - Lighted,Cloudy,Unknown,Unknown,Unknown EMS Scene Arrival Hour,Unknown EMS Scene Arrival Minutes,Unknown,Unknown EMS Hospital Arrival Time,1,Dark - Lighted,Reduced Visibility,1,2,['Driver'],['Shoulder_Lapbelt'],0,0,Valid,0.0,1.0,84.0,47.0,"['Male', 'Male']",0,0,3,4,5,Dry,Straight,Level,Lowest,No
7731,12,Florida,120216,1,1,1,0,4,NOT APPLICABLE,January,28,Saturday,18,59,Urban,Medium Speed (Collector),No,29.95369722,-81.30503333,Non-Intersection,Dark - Not Lighted,Cloudy,Unknown,Unknown,Unknown EMS Scene Arrival Hour,Unknown EMS Scene Arrival Minutes,Unknown,Unknown EMS Hospital Arrival Time,1,Dark - Unlighted,Reduced Visibility,0,4,[],[],0,0,Valid,0.0,0.0,66.0,66.0,['Male'],0,0,2,3,4,Dry,Straight,Level,Lowest,No