,State_Code,State_Name,Crash_ID,Count_Non_Motorists,Count_Vehicles_Total,Count_Vehicle_Forms,Count_PVH_Involved,Count_Occupants_MV,City_Name,Month_Name,Day_of_Month,Day_of_Week,Crash_Hour,Crash_Minute,Area_Rural_Urban,Road_Functional_Class,On_NHS_Road,Latitude,Longitude,Intersection_Type,Light_Condition,Weather_Condition,Notif_Hour,Notif_Minute,Arrival_Hour,Arrival_Minute,Hospital_Hour,Hospital_Minute,Fatalities_Count,Clean_Light_Condition,Clean_Weather_Condition,Total_Killed,Total_Alive,Fatal_Seats_List,Killed_Restraint_List,Any_Driver_Drinking,Total_Drinking_Drivers,Driver_License_Category,Driver_Max_Prev_Accident_Count,Driver_Max_Prev_Speeding_Count,Max_Driver_Age,Min_Driver_Age,Driver_Sex_List,Total_Exceeding_Limit_Vehicles,Total_Too_Fast_Vehicles,Max_Vehicle_Type_Severity_5,Max_Vehicle_Damage_Rank,Max_Harmful_Event_Severity,Crash_Road_Surface_Condition,Crash_Horizontal_Alignment,Crash_Vertical_Profile,Crash_Impairment_Category,Crash_Vehicle_Defect
7732,12,Florida,120217,0,2,2,0,2,NOT APPLICABLE,January,30,Monday,7,50,Urban,Medium Speed (Collector),No,28.28058333,-82.70146389,Non-Intersection,Daylight,Clear,7:00am-7:59am,53,8:00am-8:59am,2,Unknown,Unknown EMS Hospital Arrival Time,1,Daylight,Clear,1,1,['Driver'],['None_Used'],0,0,Valid,0.0,0.0,21.0,20.0,"['Female', 'Male']",0,0,5,4,5,Dry,Straight,Level,Lowest,No
7733,12,Florida,120218,0,1,1,0,5,NOT APPLICABLE,February,2,Thursday,8,28,Urban,High Speed (Arterial),Yes,29.33575,-81.13083889,Non-Intersection,Daylight,Clear,Unknown,Unknown,Unknown EMS Scene Arrival Hour,Unknown EMS Scene Arrival Minutes,Unknown,Unknown EMS Hospital Arrival Time,1,Daylight,Clear,1,4,['Rear_Seat'],['None_Used'],0,0,Valid,0.0,0.0,33.0,33.0,['Male'],0,0,3,4,3,Dry,Curve,Grade/Hillcrest,Lowest,No
7734,12,Florida,120219,0,3,2,1,2,MIAMI GARDENS,February,3,Friday,10,55,Urban,Medium Speed (Collector),No,25.91898056,-80.26039722,Simple Junction,Daylight,Clear,Unknown,Unknown,Unknown EMS Scene Arrival Hour,Unknown EMS Scene Arrival Minutes,Unknown,Unknown EMS Hospital Arrival Time,1,Daylight,Clear,1,1,['Driver'],['None_Used'],0,0,Valid,0.0,0.0,85.0,22.0,"['Male', 'Male']",1,0,2,4,5,Dry,Straight,Level,Lowest,No
7735,12,Florida,120220,0,2,2,0,3,MIAMI GARDENS,February,3,Friday,22,0,Rural,Low Speed (Local),No,25.97096944,-80.273775,Non-Intersection,Dark - Lighted,Cloudy,Unknown,Unknown,Unknown EMS Scene Arrival Hour,Unknown EMS Scene Arrival Minutes,Unknown,Unknown EMS Hospital Arrival Time,2,Dark - Lighted,Reduced Visibility,2,1,"['Driver', 'Front_Passenger']","['None_Used', 'None_Used']",1,1,Valid,2.0,0.0,45.0,38.0,"['Male', 'Male']",2,0,3,4,5,Dry,Straight,Level,Lowest,No
7736,12,Florida,120221,0,2,2,0,4,NOT APPLICABLE,January,21,Saturday,10,52,Urban,Medium Speed (Collector),No,28.94736667,-81.21018611,Non-Intersection,Daylight,Cloudy,Unknown,Unknown,Unknown EMS Scene Arrival Hour,Unknown EMS Scene Arrival Minutes,Unknown,Unknown EMS Hospital Arrival Time,1,Daylight,Reduced Visibility,1,3,['Front_Passenger'],['None_Used'],0,0,Valid,0.0,0.0,74.0,40.0,"['Male', 'Female']",0,0,3,4,5,Dry,Curve,Grade/Hillcrest,Medium,No
7737,12,Florida,120222,0,1,1,0,1,NOT APPLICABLE,January,25,Wednesday,1,25,Urban,Medium Speed (Collector),No,29.80691944,-82.01170556,Non-Intersection,Dark - Not Lighted,Cloudy,Unknown,Unknown,Unknown EMS Scene Arrival Hour,Unknown EMS Scene Arrival Minutes,Unknown,Unknown EMS Hospital Arrival Time,1,Dark - Unlighted,Reduced Visibility,1,0,['Driver'],['None_Used'],1,1,Valid,0.0,0.0,67.0,67.0,['Male'],0,0,5,4,3,Dry,Straight,Level,Lowest,No
7738,12,Florida,120223,0,2,2,0,3,NEW PORT RICHEY,February,6,Monday,20,12,Urban,High Speed (Arterial),Yes,28.253375,-82.727875,Non-Intersection,Dark - Lighted,Clear,Unknown,Unknown,Unknown EMS Scene Arrival Hour,Unknown EMS Scene Arrival Minutes,Unknown,Unknown EMS Hospital Arrival Time,1,Dark - Lighted,Clear,1,2,['Driver'],['None_Used'],0,0,Valid,0.0,1.0,43.0,39.0,"['Female', 'Male']",0,0,5,4,5,Dry,Straight,Level,Lowest,No
7739,12,Florida,120224,0,1,1,0,1,PANAMA CITY,February,6,Monday,0,22,Urban,Low Speed (Local),No,30.22175278,-85.66696111,Non-Intersection,Dark - Lighted,Clear,Unknown,Unknown,Unknown EMS Scene Arrival Hour,Unknown EMS Scene Arrival Minutes,Not Applicable (Not Transported),Not Applicable (Not Transported),1,Dark - Lighted,Clear,1,0,['Driver'],['Shoulder_Lapbelt'],1,1,Valid,0.0,0.0,43.0,43.0,['Male'],0,0,3,4,2,Dry,Curve,Level,Lowest,No
7740,12,Florida,120225,0,3,3,0,3,LAKELAND,February,8,Wednesday,6,10,Urban,Medium Speed (Collector),No,28.02815833,-81.95713333,Non-Intersection,Dark - Lighted,Clear,Unknown,Unknown,Unknown EMS Scene Arrival Hour,Unknown EMS Scene Arrival Minutes,Unknown,Unknown EMS Hospital Arrival Time,1,Dark - Lighted,Clear,1,2,['Driver'],['Shoulder_Lapbelt'],0,0,Valid,0.0,0.0,59.0,32.0,"['Male', 'Female', 'Female']",1,0,3,4,5,Dry,Straight,Level,Lowest,No
7741,12,Florida,120226,0,2,2,0,2,NOT APPLICABLE,January,25,Wednesday,5,3,Rural,High Speed (Arterial),Yes,27.3461,-80.82198056,Non-Intersection,Dark - Not Lighted,"Fog, Smog, Smoke",Unknown,Unknown,Unknown EMS Scene Arrival Hour,Officially Cancelled,Unknown,Officially Canceled,1,Dark - Unlighted,Reduced Visibility,1,1,['Driver'],['Shoulder_Lapbelt'],0,0,Valid,0.0,1.0,75.0,38.0,"['Male', 'Male']",0,0,4,4,5,Dry,Curve,Level,Lowest,No
7742,12,Florida,120227,0,2,2,0,2,NOT APPLICABLE,January,29,Sunday,21,21,Urban,High Speed (Arterial),Yes,28.02039167,-81.63301389,Non-Intersection,Dark - Lighted,Clear,Unknown,Unknown,Unknown EMS Scene Arrival Hour,Unknown EMS Scene Arrival Minutes,Not Applicable (Not Transported),Not Applicable (Not Transported),1,Dark - Lighted,Clear,1,1,['Driver'],['Shoulder_Lapbelt'],1,1,Valid,0.0,0.0,36.0,28.0,"['Male', 'Male']",1,0,4,4,5,Dry,Straight,Level,Lowest,No
7743,12,Florida,120228,0,2,2,0,2,CAPE CORAL,February,3,Friday,6,18,Urban,High Speed (Arterial),Yes,26.65211944,-81.9743,Complex/Circle,Dark - Lighted,Clear,Unknown,Unknown,Unknown EMS Scene Arrival Hour,Unknown EMS Scene Arrival Minutes,Unknown,Unknown EMS Hospital Arrival Time,1,Dark - Lighted,Clear,1,1,['Driver'],['Shoulder_Lapbelt'],0,0,Valid,0.0,0.0,91.0,17.0,"['Male', 'Female']",0,0,3,4,5,Dry,Straight,Level,Lowest,No
7744,12,Florida,120229,0,1,1,0,2,NOT APPLICABLE,February,7,Tuesday,14,31,Rural,Medium Speed (Collector),No,29.99179722,-85.32788889,Non-Intersection,Daylight,Clear,Unknown,Unknown,Unknown EMS Scene Arrival Hour,Unknown EMS Scene Arrival Minutes,Unknown,Unknown EMS Hospital Arrival Time,1,Daylight,Clear,1,1,['Driver'],['None_Used'],0,0,Valid,0.0,0.0,50.0,50.0,['Male'],0,0,4,4,3,Dry,Curve,Level,Lowest,No
7745,12,Florida,120230,0,2,2,0,2,TITUSVILLE,January,27,Friday,13,48,Urban,Medium Speed (Collector),No,28.61258056,-80.81871667,Complex/Circle,Daylight,Clear,Unknown,Unknown,Unknown EMS Scene Arrival Hour,Unknown EMS Scene Arrival Minutes,Unknown,Unknown EMS Hospital Arrival Time,1,Daylight,Clear,1,1,['Driver'],['Shoulder_Lapbelt'],0,0,Valid,1.0,0.0,88.0,33.0,"['Male', 'Male']",0,0,4,4,5,Dry,Straight,Level,Lowest,No
7746,12,Florida,120231,1,1,1,0,1,NOT APPLICABLE,February,1,Wednesday,16,15,Urban,Medium Speed (Collector),No,27.23841944,-82.52549167,Non-Intersection,Daylight,Clear,Unknown,Unknown,Unknown EMS Scene Arrival Hour,Unknown EMS Scene Arrival Minutes,Unknown,Unknown EMS Hospital Arrival Time,1,Daylight,Clear,0,1,[],[],0,0,Valid,0.0,1.0,40.0,40.0,['Male'],0,0,3,2,4,Dry,Straight,Level,Lowest,No
7747,12,Florida,120232,0,2,2,0,2,NOT APPLICABLE,February,8,Wednesday,7,16,Rural,Medium Speed (Collector),No,30.74968889,-86.25758056,Simple Junction,Daylight,Clear,Unknown,Unknown,Unknown EMS Scene Arrival Hour,Unknown EMS Scene Arrival Minutes,Unknown,Unknown EMS Hospital Arrival Time,1,Daylight,Clear,1,1,['Driver'],['Shoulder_Lapbelt'],0,0,Valid,0.0,0.0,50.0,45.0,"['Female', 'Male']",0,0,4,4,5,Dry,Straight,Level,Lowest,No
7748,12,Florida,120233,0,2,2,0,2,NOT APPLICABLE,February,3,Friday,13,20,Rural,High Speed (Arterial),Yes,30.71696944,-87.34968889,Non-Intersection,Daylight,Clear,Unknown,Unknown,Unknown EMS Scene Arrival Hour,Unknown EMS Scene Arrival Minutes,Unknown,Unknown EMS Hospital Arrival Time,1,Daylight,Clear,1,1,['Driver'],['Shoulder_Only'],0,0,Valid,1.0,0.0,88.0,23.0,"['Female', 'Male']",0,0,3,4,5,Dry,Straight,Grade/Hillcrest,Lowest,No
7749,12,Florida,120234,0,1,1,0,1,NOT APPLICABLE,January,30,Monday,6,13,Urban,High Speed (Arterial),Yes,28.54925833,-81.20349444,Simple Junction,Daylight,Clear,Unknown,Unknown,Unknown EMS Scene Arrival Hour,Unknown EMS Scene Arrival Minutes,Unknown,Unknown EMS Hospital Arrival Time,1,Daylight,Clear,1,0,['Driver'],['Shoulder_Lapbelt'],1,1,Valid,0.0,0.0,41.0,41.0,['Male'],0,0,3,4,4,Dry,Curve,Level,Lowest,No
7750,12,Florida,120235,1,1,1,0,1,NOT APPLICABLE,February,3,Friday,21,0,Urban,Medium Speed (Collector),No,27.79171389,-82.34171944,Complex/Circle,Dark - Lighted,Clear,Unknown,Unknown,Unknown EMS Scene Arrival Hour,Unknown EMS Scene Arrival Minutes,Unknown,Unknown EMS Hospital Arrival Time,1,Dark - Lighted,Clear,0,1,[],[],0,0,Valid,0.0,0.0,25.0,25.0,['Male'],0,0,3,3,4,Dry,Straight,Level,Lowest,No
7751,12,Florida,120236,1,1,1,0,1,SAINT PETERSBURG,February,1,Wednesday,7,15,Urban,Medium Speed (Collector),No,27.75175833,-82.64660833,Non-Intersection,Daylight,Clear,Unknown,Unknown,Unknown EMS Scene Arrival Hour,Unknown EMS Scene Arrival Minutes,Unknown,Unknown EMS Hospital Arrival Time,1,Daylight,Clear,0,1,[],[],0,0,Valid,0.0,0.0,33.0,33.0,['Male'],0,0,2,2,4,Dry,Straight,Level,Lowest,No
7752,12,Florida,120237,1,1,1,0,1,NOT APPLICABLE,January,4,Wednesday,19,51,Urban,High Speed (Arterial),Yes,27.99831111,-82.32068889,Non-Intersection,Dark - Not Lighted,Cloudy,Unknown,Unknown,Unknown EMS Scene Arrival Hour,Unknown EMS Scene Arrival Minutes,Not Applicable (Not Transported),Not Applicable (Not Transported),1,Dark - Unlighted,Reduced Visibility,0,1,[],[],0,0,Valid,0.0,0.0,30.0,30.0,['Female'],0,0,2,3,4,Dry,Straight,Level,Lowest,No
7753,12,Florida,120238,0,4,4,0,8,NOT APPLICABLE,January,19,Thursday,11,0,Rural,High Speed (Arterial),No,27.73343889,-81.02341111,Non-Intersection,Daylight,Clear,Unknown,Unknown,Unknown EMS Scene Arrival Hour,Unknown EMS Scene Arrival Minutes,Unknown,Unknown EMS Hospital Arrival Time,3,Daylight,Clear,3,5,"['Driver', 'Rear_Seat', 'Rear_Seat']","['Shoulder_Lapbelt', 'Child_Safety', 'Child_Safety']",0,0,Valid,0.0,0.0,62.0,22.0,"['Female', 'Male', 'Male', 'Female']",0,0,3,4,5,Dry,Straight,Level,Lowest,No
7754,12,Florida,120239,0,2,2,0,2,NOT APPLICABLE,January,22,Sunday,1,45,Urban,High Speed (Arterial),Yes,28.51458889,-81.397,Complex/Circle,Dark - Lighted,Clear,Unknown,Unknown,Unknown EMS Scene Arrival Hour,Unknown EMS Scene Arrival Minutes,Not Applicable (Not Transported),Not Applicable (Not Transported),1,Dark - Lighted,Clear,1,1,['Driver'],['None_Used'],1,1,Valid,0.0,0.0,38.0,34.0,"['Male', 'Male']",0,0,5,4,5,Dry,Straight,Level,Lowest,No
7755,12,Florida,120240,1,1,1,0,2,NOT APPLICABLE,January,22,Sunday,20,15,Urban,Medium Speed (Collector),No,28.45056944,-81.41646944,Non-Intersection,Dark - Not Lighted,Clear,Unknown,Unknown,Unknown EMS Scene Arrival Hour,Unknown EMS Scene Arrival Minutes,Not Applicable (Not Transported),Not Applicable (Not Transported),1,Dark - Unlighted,Clear,0,2,[],[],0,0,Valid,0.0,0.0,16.0,16.0,['Male'],0,0,2,3,4,Dry,Straight,Grade/Hillcrest,Lowest,No
7756,12,Florida,120241,1,1,1,0,2,NOT APPLICABLE,January,23,Monday,1,55,Rural,High Speed (Arterial),Yes,29.34642222,-82.21904444,Non-Intersection,Dark - Not Lighted,Cloudy,Unknown,Unknown,Unknown EMS Scene Arrival Hour,Unknown EMS Scene Arrival Minutes,Not Applicable (Not Transported),Not Applicable (Not Transported),1,Dark - Unlighted,Reduced Visibility,0,2,[],[],0,0,Valid,0.0,0.0,33.0,33.0,['Female'],0,0,2,4,4,Wet/Standing Water,Straight,Grade/Hillcrest,Lowest,No
7757,12,Florida,120242,0,2,2,0,4,NOT APPLICABLE,January,21,Saturday,18,12,Urban,High Speed (Arterial),Yes,25.88260556,-80.25124722,Complex/Circle,Dusk,Clear,Unknown,Unknown,Unknown EMS Scene Arrival Hour,Unknown EMS Scene Arrival Minutes,Unknown,Unknown EMS Hospital Arrival Time,1,Twilight,Clear,1,3,['Front_Passenger'],['Lapbelt_Only'],1,1,Valid,0.0,0.0,46.0,19.0,"['Male', 'Male']",0,0,2,4,5,Dry,Straight,Level,Lowest,No
7758,12,Florida,120243,1,1,1,0,1,NOT APPLICABLE,January,25,Wednesday,18,35,Urban,High Speed (Arterial),Yes,29.06323056,-81.26293889,Complex/Circle,Dark - Not Lighted,Clear,Unknown,Unknown,Unknown EMS Scene Arrival Hour,Unknown EMS Scene Arrival Minutes,Not Applicable (Not Transported),Not Applicable (Not Transported),1,Dark - Unlighted,Clear,0,1,[],[],0,0,Valid,0.0,0.0,67.0,67.0,['Male'],0,0,3,3,4,Dry,Straight,Level,Lowest,No
7759,12,Florida,120244,0,2,2,0,4,NOT APPLICABLE,January,27,Friday,19,20,Rural,Medium Speed (Collector),No,28.64773889,-82.35966944,Complex/Circle,Dark - Not Lighted,Clear,7:00pm-7:59pm,21,7:00pm-7:59pm,27,Unknown,Unknown EMS Hospital Arrival Time,1,Dark - Unlighted,Clear,1,3,['Driver'],['Shoulder_Lapbelt'],0,0,Valid,0.0,1.0,76.0,26.0,"['Female', 'Male']",0,0,3,4,5,Dry,Straight,Level,Lowest,No
7760,12,Florida,120245,0,2,2,0,2,NOT APPLICABLE,January,27,Friday,21,30,Urban,Medium Speed (Collector),No,29.65995556,-82.983975,Non-Intersection,Dark - Not Lighted,Clear,Unknown,Unknown,Unknown EMS Scene Arrival Hour,Unknown EMS Scene Arrival Minutes,Unknown,Unknown EMS Hospital Arrival Time,1,Dark - Unlighted,Clear,1,1,['Driver'],['None_Used'],1,1,Valid,0.0,0.0,68.0,33.0,"['Male', 'Male']",1,0,5,4,5,Dry,Straight,Level,Lowest,No
7761,12,Florida,120246,0,1,1,0,1,NOT APPLICABLE,January,28,Saturday,20,10,Urban,High Speed (Arterial),Yes,27.71229167,-81.56071944,Non-Intersection,Dark - Not Lighted,Clear,Unknown,Unknown,Unknown EMS Scene Arrival Hour,Unknown EMS Scene Arrival Minutes,Unknown,Unknown EMS Hospital Arrival Time,1,Dark - Unlighted,Clear,1,0,['Driver'],['None_Used'],1,1,Valid,0.0,1.0,38.0,38.0,['Male'],0,0,3,4,3,Dry,Curve,Level,Lowest,No
7762,12,Florida,120247,0,2,2,0,3,NOT APPLICABLE,January,28,Saturday,23,55,Urban,High Speed (Arterial),Yes,28.03189444,-82.03666389,Non-Intersection,Dark - Lighted,Clear,Unknown,Unknown,Unknown EMS Scene Arrival Hour,Unknown EMS Scene Arrival Minutes,Unknown,Unknown EMS Hospital Arrival Time,1,Dark - Lighted,Clear,1,2,['Driver'],['Shoulder_Lapbelt'],1,2,Invalid,0.0,0.0,51.0,25.0,"['Male', 'Male']",0,0,3,4,5,Dry,Straight,Level,Lowest,No
7763,12,Florida,120248,1,1,1,0,2,NOT APPLICABLE,January,29,Sunday,3,7,Rural,High Speed (Arterial),Yes,30.56341111,-87.3797,Non-Intersection,Dark - Not Lighted,Clear,Unknown,Unknown,Unknown EMS Scene Arrival Hour,Unknown EMS Scene Arrival Minutes,Not Applicable (Not Transported),Not Applicable (Not Transported),1,Dark - Unlighted,Clear,0,2,[],[],0,0,Valid,0.0,1.0,18.0,18.0,['Female'],0,0,2,4,4,Dry,Straight,Level,Medium,No
7764,12,Florida,120249,1,1,1,0,2,HIALEAH,January,29,Sunday,18,15,Urban,High Speed (Arterial),Yes,25.85953056,-80.32274722,Non-Intersection,Dark - Lighted,Clear,Unknown,Unknown,Unknown EMS Scene Arrival Hour,Unknown EMS Scene Arrival Minutes,Not Applicable (Not Transported),Not Applicable (Not Transported),1,Dark - Lighted,Clear,0,2,[],[],0,0,Valid,0.0,0.0,62.0,62.0,['Male'],0,0,2,3,4,Dry,Straight,Level,Lowest,No
7765,12,Florida,120250,0,2,2,0,3,KEY LARGO,January,30,Monday,18,23,Urban,High Speed (Arterial),Yes,25.04635,-80.48917222,Non-Intersection,Dark - Lighted,Clear,Unknown,Unknown,Unknown EMS Scene Arrival Hour,Unknown EMS Scene Arrival Minutes,Unknown,Unknown EMS Hospital Arrival Time,1,Dark - Lighted,Clear,1,2,['Driver'],['Shoulder_Lapbelt'],0,0,Valid,1.0,0.0,29.0,27.0,"['Male', 'Male']",0,0,4,2,5,Dry,Straight,Level,Lowest,No
7766,12,Florida,120251,1,1,1,0,1,NOT APPLICABLE,January,31,Tuesday,22,52,Urban,Medium Speed (Collector),No,28.44602778,-81.46645833,Non-Intersection,Dark - Not Lighted,Clear,Unknown,Unknown,Unknown EMS Scene Arrival Hour,Unknown EMS Scene Arrival Minutes,Not Applicable (Not Transported),Not Applicable (Not Transported),1,Dark - Unlighted,Clear,0,1,[],[],0,0,Valid,0.0,0.0,71.0,71.0,['Male'],0,0,4,2,4,Dry,Straight,Level,Lowest,No
7767,12,Florida,120252,0,1,1,0,2,NOT APPLICABLE,January,31,Tuesday,22,0,Rural,Medium Speed (Collector),No,29.0785,-81.89691944,Non-Intersection,Dark - Not Lighted,Clear,Unknown,Unknown,Unknown EMS Scene Arrival Hour,Unknown EMS Scene Arrival Minutes,Not Applicable (Not Transported),Not Applicable (Not Transported),2,Dark - Unlighted,Clear,2,0,"['Driver', 'Front_Passenger']","['Shoulder_Lapbelt', 'Shoulder_Lapbelt']",1,1,Valid,0.0,0.0,56.0,56.0,['Male'],0,0,2,4,3,Dry,Curve,Grade/Hillcrest,Lowest,No
7768,12,Florida,120253,1,1,1,0,2,NOT APPLICABLE,February,2,Thursday,6,29,Rural,Medium Speed (Collector),No,28.34848056,-81.56513889,Non-Intersection,Dark - Lighted,Clear,Unknown,Unknown,Unknown EMS Scene Arrival Hour,Unknown EMS Scene Arrival Minutes,Unknown,Unknown EMS Hospital Arrival Time,1,Dark - Lighted,Clear,0,2,[],[],0,0,Valid,0.0,0.0,53.0,53.0,['Male'],0,0,3,4,4,Dry,Curve,Grade/Hillcrest,Lowest,No
7769,12,Florida,120254,0,2,2,0,4,NOT APPLICABLE,February,2,Thursday,18,45,Rural,Medium Speed (Collector),No,29.58160556,-81.71765278,Non-Intersection,Dark - Not Lighted,Clear,Unknown,Unknown,Unknown EMS Scene Arrival Hour,Unknown EMS Scene Arrival Minutes,Unknown,Unknown EMS Hospital Arrival Time,1,Dark - Unlighted,Clear,1,3,['Driver'],['None_Used'],0,0,Valid,0.0,0.0,37.0,34.0,"['Male', 'Male']",0,0,3,4,5,Dry,Straight,Level,Lowest,No
7770,12,Florida,120255,0,2,2,0,2,NOT APPLICABLE,February,3,Friday,21,54,Urban,Medium Speed (Collector),No,26.39599444,-81.78453333,Complex/Circle,Dark - Lighted,Clear,Unknown,Unknown,Unknown EMS Scene Arrival Hour,Unknown EMS Scene Arrival Minutes,Unknown,Unknown EMS Hospital Arrival Time,1,Dark - Lighted,Clear,1,1,['Driver'],['None_Used'],1,1,Valid,2.0,2.0,61.0,23.0,"['Male', 'Male']",0,0,5,4,5,Dry,Straight,Level,Lowest,No
7771,12,Florida,120256,0,2,2,0,4,NOT APPLICABLE,February,3,Friday,15,55,Urban,Medium Speed (Collector),No,26.49401111,-81.94328889,Complex/Circle,Daylight,Cloudy,Unknown,Unknown,Unknown EMS Scene Arrival Hour,Unknown EMS Scene Arrival Minutes,Unknown,Unknown EMS Hospital Arrival Time,1,Daylight,Reduced Visibility,1,3,['Driver'],['None_Used'],1,1,Invalid,0.0,0.0,77.0,52.0,"['Male', 'Male']",0,0,4,4,5,Dry,Straight,Level,Lowest,No
7772,12,Florida,120257,0,2,2,0,2,NOT APPLICABLE,February,3,Friday,0,24,Rural,High Speed (Arterial),No,28.45339722,-80.98000833,Complex/Circle,Dark - Not Lighted,Clear,Unknown,Unknown,Unknown EMS Scene Arrival Hour,Unknown EMS Scene Arrival Minutes,Unknown,Unknown EMS Hospital Arrival Time,1,Dark - Unlighted,Clear,1,1,['Driver'],['Shoulder_Lapbelt'],0,0,Valid,1.0,1.0,63.0,46.0,"['Male', 'Male']",0,0,3,4,5,Dry,Straight,Level,Lowest,No
7773,12,Florida,120258,0,2,2,0,2,NOT APPLICABLE,February,4,Saturday,7,8,Rural,High Speed (Arterial),No,27.56514444,-81.63726667,Non-Intersection,Dawn,Clear,Unknown,Unknown,Unknown EMS Scene Arrival Hour,Unknown EMS Scene Arrival Minutes,Not Applicable (Not Transported),Not Applicable (Not Transported),1,Twilight,Clear,1,1,['Driver'],['Shoulder_Lapbelt'],1,1,Valid,0.0,0.0,63.0,32.0,"['Male', 'Male']",0,0,3,4,5,Dry,Curve,Level,Lowest,No
7774,12,Florida,120259,1,1,1,0,1,NOT APPLICABLE,February,4,Saturday,19,55,Rural,High Speed (Arterial),Yes,30.22201944,-82.8229,Complex/Circle,Dark - Not Lighted,Clear,Unknown,Unknown,Unknown EMS Scene Arrival Hour,Unknown EMS Scene Arrival Minutes,Unknown,Unknown EMS Hospital Arrival Time,1,Dark - Unlighted,Clear,0,1,[],[],0,0,Valid,0.0,0.0,58.0,58.0,['Male'],0,0,3,3,4,Dry,Straight,Level,Lowest,No
7775,12,Florida,120260,0,2,2,0,4,NOT APPLICABLE,February,3,Friday,8,8,Rural,High Speed (Arterial),Yes,30.53511389,-84.47553056,Complex/Circle,Daylight,Rain,Unknown,Unknown,Unknown EMS Scene Arrival Hour,Unknown EMS Scene Arrival Minutes,Unknown,Unknown EMS Hospital Arrival Time,1,Daylight,Rain/Wind/Minor,1,3,['Rear_Seat'],['Shoulder_Lapbelt'],0,0,Valid,0.0,0.0,72.0,56.0,"['Female', 'Male']",0,0,3,4,5,Wet/Standing Water,Straight,Level,Lowest,No
7776,12,Florida,120262,1,1,1,0,1,JACKSONVILLE,February,9,Thursday,22,10,Urban,Medium Speed (Collector),No,30.27724167,-81.75537222,Non-Intersection,Dark - Lighted,Clear,Unknown,Unknown,Unknown EMS Scene Arrival Hour,Unknown EMS Scene Arrival Minutes,Unknown,Unknown EMS Hospital Arrival Time,1,Dark - Lighted,Clear,0,1,[],[],0,0,Valid,0.0,0.0,27.0,27.0,['Female'],0,0,3,3,4,Dry,Straight,Level,Lowest,No
7777,12,Florida,120263,0,1,1,0,2,HIALEAH,February,11,Saturday,13,10,Rural,High Speed (Arterial),Yes,25.89823611,-80.33174722,Non-Intersection,Daylight,Clear,1:00pm-1:59pm,16,1:00pm-1:59pm,29,Unknown,Unknown EMS Hospital Arrival Time,1,Daylight,Clear,1,1,['Front_Passenger'],['Shoulder_Lapbelt'],0,0,Valid,0.0,0.0,51.0,51.0,['Male'],0,0,3,4,3,Dry,Straight,Level,Lowest,No
7778,12,Florida,120264,0,1,1,0,1,COCONUT CREEK,January,6,Friday,0,49,Urban,Medium Speed (Collector),No,26.232,-80.18522222,Non-Intersection,Dark - Not Lighted,Clear,Unknown,Unknown,Unknown EMS Scene Arrival Hour,Unknown EMS Scene Arrival Minutes,Not Applicable (Not Transported),Not Applicable (Not Transported),1,Dark - Unlighted,Clear,1,0,['Driver'],['None_Used'],1,1,Valid,0.0,0.0,31.0,31.0,['Male'],0,0,3,4,3,Dry,Curve,Level,Lowest,No
7779,12,Florida,120265,0,1,1,0,1,NOT APPLICABLE,January,17,Tuesday,23,10,Urban,Medium Speed (Collector),No,25.74467778,-80.39208056,Non-Intersection,Dark - Lighted,Clear,Unknown,Unknown,Unknown EMS Scene Arrival Hour,Unknown EMS Scene Arrival Minutes,Not Applicable (Not Transported),Not Applicable (Not Transported),1,Dark - Lighted,Clear,1,0,['Driver'],['Shoulder_Lapbelt'],0,0,Valid,0.0,0.0,19.0,19.0,['Male'],0,0,2,4,3,Dry,Straight,Level,Lowest,No
7780,12,Florida,120266,0,3,3,0,6,NOT APPLICABLE,January,26,Thursday,21,11,Urban,Medium Speed (Collector),No,25.642275,-80.38295278,Non-Intersection,Dark - Lighted,Clear,Unknown,Unknown,Unknown EMS Scene Arrival Hour,Unknown EMS Scene Arrival Minutes,Unknown,Unknown EMS Hospital Arrival Time,2,Dark - Lighted,Clear,2,4,"['Driver', 'Rear_Seat']","['None_Used', 'None_Used']",1,1,Valid,0.0,0.0,57.0,22.0,"['Male', 'Male', 'Male']",0,0,5,4,5,Dry,Straight,Level,Lowest,No
7781,12,Florida,120267,0,1,1,0,1,NOT APPLICABLE,January,27,Friday,3,5,Urban,Medium Speed (Collector),No,25.78974167,-80.31429722,Simple Junction,Dark - Lighted,Clear,Unknown,Unknown,Unknown EMS Scene Arrival Hour,Unknown EMS Scene Arrival Minutes,Not Applicable (Not Transported),Not Applicable (Not Transported),1,Dark - Lighted,Clear,1,0,['Driver'],['None_Used'],0,0,Valid,0.0,0.0,20.0,20.0,['Male'],0,0,2,4,3,Dry,Curve,Level,Lowest,No
7782,12,Florida,120268,0,1,1,0,4,NOT APPLICABLE,January,28,Saturday,13,30,Rural,Medium Speed (Collector),No,30.7907,-85.3601,Non-Intersection,Daylight,Clear,Unknown,Unknown,Unknown EMS Scene Arrival Hour,Unknown EMS Scene Arrival Minutes,Unknown,Unknown EMS Hospital Arrival Time,1,Daylight,Clear,1,3,['Rear_Seat'],['Shoulder_Lapbelt'],1,1,Invalid,0.0,0.0,33.0,33.0,['Female'],0,0,2,4,3,Dry,Straight,Level,Lowest,No