,State_Code,State_Name,Crash_ID,Count_Non_Motorists,Count_Vehicles_Total,Count_Vehicle_Forms,Count_PVH_Involved,Count_Occupants_MV,City_Name,Month_Name,Day_of_Month,Day_of_Week,Crash_Hour,Crash_Minute,Area_Rural_Urban,Road_Functional_Class,On_NHS_Road,Latitude,Longitude,Intersection_Type,Light_Condition,Weather_Condition,Notif_Hour,Notif_Minute,Arrival_Hour,Arrival_Minute,Hospital_Hour,Hospital_Minute,Fatalities_Count,Clean_Light_Condition,Clean_Weather_Condition,Total_Killed,Total_Alive,Fatal_Seats_List,Killed_Restraint_List,Any_Driver_Drinking,Total_Drinking_Drivers,Driver_License_Category,Driver_Max_Prev_Accident_Count,Driver_Max_Prev_Speeding_Count,Max_Driver_Age,Min_Driver_Age,Driver_Sex_List,Total_Exceeding_Limit_Vehicles,Total_Too_Fast_Vehicles,Max_Vehicle_Type_Severity_5,Max_Vehicle_Damage_Rank,Max_Harmful_Event_Severity,Crash_Road_Surface_Condition,Crash_Horizontal_Alignment,Crash_Vertical_Profile,Crash_Impairment_Category,Crash_Vehicle_Defect
7783,12,Florida,120269,0,2,2,0,2,NOT APPLICABLE,January,30,Monday,15,45,Rural,High Speed (Arterial),Yes,29.71721944,-81.49196389,Complex/Circle,Daylight,Clear,Unknown,Unknown,Unknown EMS Scene Arrival Hour,Unknown EMS Scene Arrival Minutes,Unknown,Unknown EMS Hospital Arrival Time,1,Daylight,Clear,1,1,['Driver'],['None_Used'],0,0,Valid,0.0,1.0,75.0,33.0,"['Male', 'Male']",0,0,5,4,5,Dry,Straight,Level,Lowest,No
7784,12,Florida,120271,1,1,1,0,1,NOT APPLICABLE,February,1,Wednesday,18,45,Urban,Low Speed (Local),No,25.75340556,-80.39597222,Simple Junction,Dark - Not Lighted,Clear,Unknown,Unknown,Unknown EMS Scene Arrival Hour,Unknown EMS Scene Arrival Minutes,Unknown,Unknown EMS Hospital Arrival Time,1,Dark - Unlighted,Clear,0,1,[],[],0,0,Valid,0.0,0.0,56.0,56.0,['Male'],0,0,3,2,4,Dry,Curve,Level,Lowest,No
7785,12,Florida,120272,0,2,2,0,3,NOT APPLICABLE,February,2,Thursday,17,48,Urban,Medium Speed (Collector),No,25.71723333,-80.32683056,Non-Intersection,Daylight,Clear,Unknown,Unknown,Unknown EMS Scene Arrival Hour,Unknown EMS Scene Arrival Minutes,Unknown,Unknown EMS Hospital Arrival Time,1,Daylight,Clear,1,2,['Driver'],['None_Used'],0,0,Valid,1.0,0.0,41.0,22.0,"['Male', 'Male']",0,0,5,4,5,Dry,Straight,Level,Lowest,No
7786,12,Florida,120273,0,1,1,0,1,NOT APPLICABLE,February,4,Saturday,17,52,Urban,Medium Speed (Collector),No,30.15334444,-81.73046944,Non-Intersection,Daylight,Clear,Unknown,Unknown,Unknown EMS Scene Arrival Hour,Unknown EMS Scene Arrival Minutes,Unknown,Unknown EMS Hospital Arrival Time,1,Daylight,Clear,1,0,['Driver'],['Shoulder_Lapbelt'],1,1,Valid,0.0,1.0,26.0,26.0,['Male'],0,0,3,4,3,Dry,Curve,Level,Lowest,No
7787,12,Florida,120275,0,1,1,0,1,MIAMI GARDENS,January,20,Friday,0,25,Urban,High Speed (Arterial),Yes,25.96093056,-80.22916944,Non-Intersection,Dark - Lighted,Clear,Unknown,Unknown,Unknown EMS Scene Arrival Hour,Unknown EMS Scene Arrival Minutes,Not Applicable (Not Transported),Not Applicable (Not Transported),1,Dark - Lighted,Clear,1,0,['Driver'],['None_Used'],1,1,Valid,0.0,0.0,28.0,28.0,['Male'],0,0,5,3,3,Dry,Curve,Grade/Hillcrest,Lowest,No
7788,12,Florida,120276,0,1,1,0,2,NOT APPLICABLE,January,21,Saturday,1,55,Urban,Medium Speed (Collector),No,28.40423333,-80.82621944,Non-Intersection,Dark - Not Lighted,Clear,Unknown,Unknown,Unknown EMS Scene Arrival Hour,Unknown EMS Scene Arrival Minutes,Unknown,Unknown EMS Hospital Arrival Time,1,Dark - Unlighted,Clear,1,1,['Driver'],['Shoulder_Lapbelt'],1,1,Valid,0.0,0.0,30.0,30.0,['Male'],2,0,3,4,2,Dry,Curve,Level,Lowest,No
7789,12,Florida,120277,1,2,2,0,4,NOT APPLICABLE,January,25,Wednesday,20,15,Urban,Medium Speed (Collector),No,28.55098611,-81.28591111,Non-Intersection,Dark - Lighted,Clear,Unknown,Unknown,Unknown EMS Scene Arrival Hour,Unknown EMS Scene Arrival Minutes,Unknown,Unknown EMS Hospital Arrival Time,1,Dark - Lighted,Clear,0,3,[],[],0,0,Valid,0.0,1.0,998.0,29.0,"['Female', 'Other']",0,0,3,3,4,Dry,Straight,Level,Lowest,No
7790,12,Florida,120278,0,1,1,0,1,NOT APPLICABLE,January,28,Saturday,2,0,Rural,Low Speed (Local),No,30.08823889,-83.07546667,Non-Intersection,Dark - Not Lighted,Clear,Unknown,Unknown,Unknown EMS Scene Arrival Hour,Unknown EMS Scene Arrival Minutes,Not Applicable (Not Transported),Not Applicable (Not Transported),1,Dark - Unlighted,Clear,1,0,['Driver'],['Shoulder_Lapbelt'],0,0,Valid,0.0,0.0,63.0,63.0,['Male'],0,0,3,4,3,Dry,Curve,Level,Lowest,No
7791,12,Florida,120279,0,1,1,0,1,NOT APPLICABLE,January,28,Saturday,1,50,Urban,High Speed (Arterial),No,27.99718333,-81.68870278,Non-Intersection,Dark - Lighted,Clear,Unknown,Unknown,Unknown EMS Scene Arrival Hour,Unknown EMS Scene Arrival Minutes,Not Applicable (Not Transported),Not Applicable (Not Transported),1,Dark - Lighted,Clear,1,0,['Driver'],['None_Used'],1,1,Valid,0.0,1.0,26.0,26.0,['Male'],1,0,5,4,2,Dry,Curve,Level,Lowest,No
7792,12,Florida,120280,0,1,1,0,1,NOT APPLICABLE,January,29,Sunday,19,10,Rural,Medium Speed (Collector),No,30.98851667,-85.53823611,Non-Intersection,Dark - Not Lighted,Rain,Unknown,Unknown,Unknown EMS Scene Arrival Hour,Unknown EMS Scene Arrival Minutes,Not Applicable (Not Transported),Not Applicable (Not Transported),1,Dark - Unlighted,Rain/Wind/Minor,1,0,['Driver'],['Shoulder_Lapbelt'],0,0,Valid,1.0,1.0,59.0,59.0,['Male'],0,0,3,4,3,Wet/Standing Water,Straight,Grade/Hillcrest,Lowest,No
7793,12,Florida,120281,0,1,1,0,1,OPA-LOCKA,January,30,Monday,8,31,Urban,High Speed (Arterial),Yes,25.926625,-80.232525,Non-Intersection,Daylight,Clear,Unknown,Unknown,Unknown EMS Scene Arrival Hour,Unknown EMS Scene Arrival Minutes,Unknown,Unknown EMS Hospital Arrival Time,1,Daylight,Clear,1,0,['Driver'],['Shoulder_Lapbelt'],0,0,Valid,1.0,1.0,42.0,42.0,['Male'],0,0,3,3,2,Dry,Straight,Level,Lowest,No
7794,12,Florida,120282,1,1,1,0,1,FROSTPROOF,January,31,Tuesday,6,11,Rural,High Speed (Arterial),Yes,27.77300833,-81.59708611,Non-Intersection,Dark - Not Lighted,Clear,Unknown,Unknown,Unknown EMS Scene Arrival Hour,Unknown EMS Scene Arrival Minutes,Unknown,Unknown EMS Hospital Arrival Time,1,Dark - Unlighted,Clear,0,1,[],[],0,0,Valid,0.0,0.0,61.0,61.0,['Male'],0,0,3,3,4,Dry,Curve,Level,Lowest,No
7795,12,Florida,120283,0,1,1,0,2,NOT APPLICABLE,February,4,Saturday,19,30,Urban,High Speed (Arterial),Yes,30.59005,-84.62620556,Non-Intersection,Dark - Not Lighted,Clear,Unknown,Unknown,Unknown EMS Scene Arrival Hour,Unknown EMS Scene Arrival Minutes,Not Applicable (Not Transported),Not Applicable (Not Transported),2,Dark - Unlighted,Clear,2,0,"['Driver', 'Front_Passenger']","['None_Used', 'Shoulder_Lapbelt']",1,1,Valid,0.0,2.0,62.0,62.0,['Male'],2,0,3,4,3,Dry,Curve,Level,Lowest,No
7796,12,Florida,120284,0,2,2,0,2,NOT APPLICABLE,February,5,Sunday,16,40,Rural,High Speed (Arterial),Yes,30.33519444,-82.82409167,Non-Intersection,Daylight,Clear,Unknown,Unknown,Unknown EMS Scene Arrival Hour,Unknown EMS Scene Arrival Minutes,Not Applicable (Not Transported),Not Applicable (Not Transported),1,Daylight,Clear,1,1,['Driver'],['Shoulder_Lapbelt'],1,1,Valid,0.0,0.0,61.0,36.0,"['Male', 'Male']",0,0,4,4,5,Dry,Straight,Level,Lowest,No
7797,12,Florida,120285,0,1,1,0,1,NOT APPLICABLE,February,5,Sunday,20,44,Urban,High Speed (Arterial),Yes,28.41035,-81.47513889,Non-Intersection,Dark - Lighted,Clear,Unknown,Unknown,Unknown EMS Scene Arrival Hour,Unknown EMS Scene Arrival Minutes,Unknown,Unknown EMS Hospital Arrival Time,1,Dark - Lighted,Clear,1,0,['Driver'],['None_Used'],0,0,Valid,1.0,0.0,56.0,56.0,['Female'],0,0,2,4,3,Dry,Straight,Level,Lowest,No
7798,12,Florida,120286,0,1,1,0,2,NOT APPLICABLE,February,11,Saturday,8,0,Rural,Medium Speed (Collector),No,28.92908889,-81.5935,Non-Intersection,Daylight,Clear,Unknown,Unknown,Unknown EMS Scene Arrival Hour,Unknown EMS Scene Arrival Minutes,Not Applicable (Not Transported),Not Applicable (Not Transported),2,Daylight,Clear,2,0,"['Driver', 'Front_Passenger']","['None_Used', 'None_Used']",0,0,Valid,0.0,0.0,24.0,24.0,['Female'],0,0,2,4,3,Dry,Straight,Level,Lowest,No
7799,12,Florida,120287,0,2,2,0,2,GAINESVILLE,February,13,Monday,11,47,Urban,Medium Speed (Collector),No,29.68140278,-82.31935,Simple Junction,Daylight,Clear,Unknown,Unknown,Unknown EMS Scene Arrival Hour,Unknown EMS Scene Arrival Minutes,Not Applicable (Not Transported),Not Applicable (Not Transported),1,Daylight,Clear,1,1,['Driver'],['None_Used'],0,0,Valid,0.0,0.0,68.0,32.0,"['Female', 'Male']",0,0,5,4,5,Dry,Straight,Level,Lowest,No
7800,12,Florida,120288,0,1,1,0,1,JACKSONVILLE,February,5,Sunday,15,3,Urban,High Speed (Arterial),Yes,30.43430556,-81.58081389,Non-Intersection,Daylight,Clear,Unknown,Unknown,Unknown EMS Scene Arrival Hour,Unknown EMS Scene Arrival Minutes,Not Applicable (Not Transported),Not Applicable (Not Transported),1,Daylight,Clear,1,0,['Driver'],['None_Used'],0,0,Valid,0.0,0.0,19.0,19.0,['Male'],0,0,2,4,3,Dry,Curve,Level,Lowest,No
7801,12,Florida,120289,1,1,1,0,1,NOT APPLICABLE,January,10,Tuesday,18,15,Urban,High Speed (Arterial),Yes,25.93301111,-80.29361944,Complex/Circle,Dusk,Clear,Unknown,Unknown,Unknown EMS Scene Arrival Hour,Unknown EMS Scene Arrival Minutes,Unknown,Unknown EMS Hospital Arrival Time,1,Twilight,Clear,0,1,[],[],0,0,Valid,0.0,0.0,29.0,29.0,['Female'],0,0,2,3,4,Dry,Straight,Level,Lowest,No
7802,12,Florida,120290,1,1,1,0,2,BOCA RATON,January,19,Thursday,7,5,Urban,High Speed (Arterial),Yes,26.40795278,-80.08981389,Non-Intersection,Daylight,Clear,Unknown,Unknown,Unknown EMS Scene Arrival Hour,Unknown EMS Scene Arrival Minutes,Not Applicable (Not Transported),Not Applicable (Not Transported),1,Daylight,Clear,0,2,[],[],0,0,Valid,0.0,0.0,27.0,27.0,['Male'],0,0,3,3,4,Dry,Straight,Level,Lowest,No
7803,12,Florida,120291,0,2,2,0,3,NOT APPLICABLE,January,23,Monday,18,8,Urban,High Speed (Arterial),Yes,27.83506944,-82.38181944,Complex/Circle,Dusk,Cloudy,Unknown,Unknown,Unknown EMS Scene Arrival Hour,Unknown EMS Scene Arrival Minutes,Unknown,Unknown EMS Hospital Arrival Time,1,Twilight,Reduced Visibility,1,2,['Front_Passenger'],['None_Used'],0,0,Invalid,0.0,0.0,58.0,46.0,"['Male', 'Male']",0,0,3,4,5,Dry,Straight,Level,Lowest,No
7804,12,Florida,120292,1,2,2,0,5,LANTANA,January,24,Tuesday,10,0,Urban,High Speed (Arterial),Yes,26.59378889,-80.06929722,Non-Intersection,Daylight,Clear,Unknown,Unknown,Unknown EMS Scene Arrival Hour,Officially Cancelled,Unknown,Officially Canceled,1,Daylight,Clear,0,5,[],[],0,0,Valid,0.0,1.0,22.0,17.0,"['Male', 'Male']",0,0,2,4,5,Dry,Straight,Level,Lowest,No
7805,12,Florida,120293,0,2,2,0,4,NOT APPLICABLE,January,29,Sunday,1,9,Urban,High Speed (Arterial),Yes,26.97046389,-81.31695556,Non-Intersection,Dark - Not Lighted,Clear,Unknown,Unknown,Unknown EMS Scene Arrival Hour,Unknown EMS Scene Arrival Minutes,Unknown,Unknown EMS Hospital Arrival Time,3,Dark - Unlighted,Clear,3,1,"['Front_Passenger', 'Driver', 'Rear_Seat']","['Shoulder_Lapbelt', 'Shoulder_Lapbelt', 'Shoulder_Lapbelt']",1,1,Valid,0.0,0.0,37.0,25.0,"['Male', 'Male']",0,0,3,4,5,Dry,Curve,Level,Lowest,No
7806,12,Florida,120294,0,2,2,0,3,NOT APPLICABLE,January,30,Monday,13,44,Urban,Medium Speed (Collector),No,28.48501944,-82.54355,Complex/Circle,Daylight,Clear,Unknown,Unknown,Unknown EMS Scene Arrival Hour,Unknown EMS Scene Arrival Minutes,Unknown,Unknown EMS Hospital Arrival Time,1,Daylight,Clear,1,2,['Driver'],['None_Used'],0,0,Valid,0.0,0.0,80.0,19.0,"['Male', 'Male']",0,0,5,4,5,Dry,Straight,Level,Lowest,No
7807,12,Florida,120295,0,2,2,0,2,NOT APPLICABLE,January,31,Tuesday,19,22,Rural,High Speed (Arterial),Yes,28.41736111,-82.29326111,Non-Intersection,Dark - Lighted,Clear,Unknown,Unknown,Unknown EMS Scene Arrival Hour,Unknown EMS Scene Arrival Minutes,Not Applicable (Not Transported),Not Applicable (Not Transported),1,Dark - Lighted,Clear,1,1,['Driver'],['None_Used'],0,0,Valid,0.0,1.0,70.0,47.0,"['Male', 'Male']",0,0,5,4,5,Dry,Curve,Level,Lowest,No
7808,12,Florida,120296,0,1,1,0,2,NOT APPLICABLE,February,2,Thursday,11,50,Rural,Low Speed (Local),No,29.23759167,-82.79530833,Non-Intersection,Daylight,Clear,Unknown,Unknown,Unknown EMS Scene Arrival Hour,Unknown EMS Scene Arrival Minutes,Unknown,Unknown EMS Hospital Arrival Time,1,Daylight,Clear,1,1,['Driver'],['Shoulder_Lapbelt'],1,1,Valid,0.0,0.0,57.0,57.0,['Male'],0,0,3,4,3,Dry,Curve,Level,Lowest,No
7809,12,Florida,120298,1,2,1,1,1,NOT APPLICABLE,February,5,Sunday,19,15,Urban,Medium Speed (Collector),No,28.46986111,-82.54166944,Non-Intersection,Dark - Lighted,Clear,7:00pm-7:59pm,15,7:00pm-7:59pm,22,Unknown,Unknown EMS Hospital Arrival Time,1,Dark - Lighted,Clear,0,1,[],[],0,0,Invalid,0.0,0.0,998.0,998.0,['Other'],0,0,1,0,4,Dry,Straight,Level,Lowest,No
7810,12,Florida,120299,1,1,1,0,2,NOT APPLICABLE,February,3,Friday,20,57,Urban,High Speed (Arterial),Yes,25.80926944,-80.31709722,Non-Intersection,Dark - Lighted,Clear,Unknown,Unknown,Unknown EMS Scene Arrival Hour,Unknown EMS Scene Arrival Minutes,Unknown,Unknown EMS Hospital Arrival Time,1,Dark - Lighted,Clear,0,2,[],[],0,0,Valid,4.0,1.0,23.0,23.0,['Male'],0,0,2,2,4,Dry,Straight,Level,Lowest,No
7811,12,Florida,120300,0,1,1,0,2,NOT APPLICABLE,February,3,Friday,3,44,Urban,High Speed (Arterial),Yes,25.96154722,-80.16743611,Non-Intersection,Dark - Lighted,Clear,Unknown,Unknown,Unknown EMS Scene Arrival Hour,Unknown EMS Scene Arrival Minutes,Unknown,Unknown EMS Hospital Arrival Time,1,Dark - Lighted,Clear,1,1,['Front_Passenger'],['Shoulder_Lapbelt'],0,0,Valid,1.0,1.0,30.0,30.0,['Male'],0,0,2,4,3,Dry,Curve,Level,Lowest,No
7812,12,Florida,120301,0,2,2,0,3,NOT APPLICABLE,February,7,Tuesday,14,52,Urban,High Speed (Arterial),Yes,24.66973333,-81.35963333,Simple Junction,Daylight,Cloudy,Unknown,Unknown,Unknown EMS Scene Arrival Hour,Unknown EMS Scene Arrival Minutes,Unknown,Unknown EMS Hospital Arrival Time,1,Daylight,Reduced Visibility,1,2,['Driver'],['None_Used'],0,0,Valid,0.0,0.0,68.0,31.0,"['Female', 'Male']",0,0,5,4,5,Dry,Straight,Level,Lowest,No
7813,12,Florida,120302,1,1,1,0,1,FERNANDINA BEACH,February,9,Thursday,12,23,Urban,Medium Speed (Collector),No,30.65595278,-81.44097222,Non-Intersection,Daylight,Clear,Unknown,Unknown,Unknown EMS Scene Arrival Hour,Unknown EMS Scene Arrival Minutes,Unknown,Unknown EMS Hospital Arrival Time,2,Daylight,Clear,1,0,['Driver'],['None_Used'],0,0,Valid,0.0,2.0,36.0,36.0,['Male'],0,0,5,4,4,Dry,Straight,Level,Lowest,No
7814,12,Florida,120303,0,1,1,0,2,BUNNELL,February,9,Thursday,16,15,Urban,Low Speed (Local),No,29.44630278,-81.39022222,Simple Junction,Daylight,Clear,Unknown,Unknown,Unknown EMS Scene Arrival Hour,Unknown EMS Scene Arrival Minutes,Unknown,Unknown EMS Hospital Arrival Time,1,Daylight,Clear,1,1,['Non_Standard_Risk'],['None_Used'],0,0,Invalid,0.0,0.0,14.0,14.0,['Male'],0,0,3,3,1,Loose/Unpaved,Straight,Level,Lowest,No
7815,12,Florida,120304,1,1,1,0,2,NOT APPLICABLE,February,10,Friday,6,48,Rural,Medium Speed (Collector),No,28.98173056,-81.54226944,Non-Intersection,Daylight,Clear,Unknown,Unknown,Unknown EMS Scene Arrival Hour,Unknown EMS Scene Arrival Minutes,Unknown,Unknown EMS Hospital Arrival Time,1,Daylight,Clear,0,2,[],[],0,0,Valid,0.0,0.0,38.0,38.0,['Male'],0,0,2,3,4,Dry,Straight,Level,Lowest,No
7816,12,Florida,120305,0,2,2,0,3,NOT APPLICABLE,February,11,Saturday,18,32,Urban,High Speed (Arterial),Yes,27.52396111,-81.4985,Simple Junction,Dark - Lighted,Cloudy,Unknown,Unknown,Unknown EMS Scene Arrival Hour,Unknown EMS Scene Arrival Minutes,Unknown,Unknown EMS Hospital Arrival Time,3,Dark - Lighted,Reduced Visibility,3,0,"['Driver', 'Driver', 'Front_Passenger']","['None_Used', 'Shoulder_Lapbelt', 'Shoulder_Lapbelt']",0,0,Valid,0.0,0.0,81.0,31.0,"['Male', 'Male']",1,0,5,4,5,Dry,Straight,Level,Lowest,No
7817,12,Florida,120306,0,2,2,0,2,PEMBROKE PINES,February,11,Saturday,4,50,Urban,High Speed (Arterial),Yes,26.014775,-80.43254722,Non-Intersection,Dark - Lighted,Clear,Unknown,Unknown,Unknown EMS Scene Arrival Hour,Unknown EMS Scene Arrival Minutes,Not Applicable (Not Transported),Not Applicable (Not Transported),1,Dark - Lighted,Clear,1,1,['Driver'],['None_Used'],1,1,Valid,0.0,0.0,53.0,23.0,"['Male', 'Male']",0,0,4,4,5,Wet/Standing Water,Straight,Level,Lowest,No
7818,12,Florida,120307,0,2,2,0,5,NOT APPLICABLE,February,10,Friday,16,12,Rural,High Speed (Arterial),Yes,30.48526944,-84.39763333,Non-Intersection,Daylight,Rain,Unknown,Unknown,Unknown EMS Scene Arrival Hour,Unknown EMS Scene Arrival Minutes,Unknown,Unknown EMS Hospital Arrival Time,1,Daylight,Rain/Wind/Minor,1,4,['Front_Passenger'],['Shoulder_Lapbelt'],0,0,Valid,1.0,0.0,48.0,19.0,"['Male', 'Male']",0,0,4,4,5,Wet/Standing Water,Straight,Level,Lowest,Yes
7819,12,Florida,120308,0,2,2,0,3,ORLANDO,February,10,Friday,22,20,Urban,Low Speed (Local),No,28.53658889,-81.38895556,Complex/Circle,Dark - Lighted,Clear,Unknown,Unknown,Unknown EMS Scene Arrival Hour,Unknown EMS Scene Arrival Minutes,Unknown,Unknown EMS Hospital Arrival Time,1,Dark - Lighted,Clear,1,2,['Driver'],['None_Used'],0,0,Invalid,1.0,0.0,28.0,27.0,"['Male', 'Female']",0,0,2,4,5,Wet/Standing Water,Straight,Level,Lowest,No
7820,12,Florida,120309,3,1,1,0,1,NOT APPLICABLE,February,15,Wednesday,19,55,Urban,Medium Speed (Collector),No,27.18018611,-81.84355833,Non-Intersection,Dark - Not Lighted,Clear,Unknown,Unknown,Unknown EMS Scene Arrival Hour,Unknown EMS Scene Arrival Minutes,Not Applicable (Not Transported),Not Applicable (Not Transported),2,Dark - Unlighted,Clear,0,1,[],[],0,0,Valid,0.0,0.0,25.0,25.0,['Female'],0,0,3,4,4,Dry,Straight,Level,Lowest,No
7821,12,Florida,120311,0,2,2,0,2,NOT APPLICABLE,February,9,Thursday,10,52,Rural,Medium Speed (Collector),No,27.42698889,-81.58351111,Complex/Circle,Daylight,Clear,Unknown,Unknown,Unknown EMS Scene Arrival Hour,Unknown EMS Scene Arrival Minutes,Unknown,Unknown EMS Hospital Arrival Time,1,Daylight,Clear,1,1,['Driver'],['None_Used'],0,0,Valid,0.0,0.0,63.0,62.0,"['Male', 'Male']",0,0,5,4,5,Dry,Straight,Level,Lowest,No
7822,12,Florida,120313,1,1,1,0,1,NOT APPLICABLE,January,23,Monday,16,49,Urban,Medium Speed (Collector),No,27.82053056,-82.66825556,Simple Junction,Daylight,Clear,Unknown,Unknown,Unknown EMS Scene Arrival Hour,Unknown EMS Scene Arrival Minutes,Unknown,Unknown EMS Hospital Arrival Time,1,Daylight,Clear,0,1,[],[],0,0,Valid,0.0,0.0,35.0,35.0,['Female'],0,0,3,3,4,Dry,Straight,Level,Lowest,No
7823,12,Florida,120314,0,1,1,0,3,JACKSONVILLE,January,29,Sunday,4,55,Urban,High Speed (Arterial),Yes,30.41200278,-81.564625,Non-Intersection,Dark - Lighted,Clear,Unknown,Unknown,Unknown EMS Scene Arrival Hour,Unknown EMS Scene Arrival Minutes,Unknown,Unknown EMS Hospital Arrival Time,1,Dark - Lighted,Clear,1,2,['Front_Passenger'],['Shoulder_Lapbelt'],0,0,Invalid,0.0,0.0,18.0,18.0,['Male'],0,0,3,4,3,Dry,Straight,Level,Lowest,No
7824,12,Florida,120315,1,1,1,0,1,NOT APPLICABLE,February,2,Thursday,19,40,Urban,High Speed (Arterial),Yes,27.32614167,-80.32039444,Non-Intersection,Dark - Lighted,Clear,Unknown,Unknown,Unknown EMS Scene Arrival Hour,Unknown EMS Scene Arrival Minutes,Unknown,Unknown EMS Hospital Arrival Time,1,Dark - Lighted,Clear,0,1,[],[],0,0,Valid,0.0,0.0,51.0,51.0,['Female'],0,0,2,4,4,Dry,Straight,Level,Lowest,No
7825,12,Florida,120316,1,1,1,0,2,JUPITER,February,3,Friday,21,57,Urban,Medium Speed (Collector),No,26.94150833,-80.0986,Non-Intersection,Dark - Lighted,Cloudy,Unknown,Unknown,Unknown EMS Scene Arrival Hour,Unknown EMS Scene Arrival Minutes,Not Applicable (Not Transported),Not Applicable (Not Transported),1,Dark - Lighted,Reduced Visibility,0,2,[],[],0,0,Invalid,0.0,0.0,998.0,998.0,['Male'],0,0,2,3,4,Dry,Straight,Level,Lowest,No
7826,12,Florida,120317,0,2,2,0,2,NOT APPLICABLE,February,5,Sunday,19,50,Urban,High Speed (Arterial),Yes,28.40938056,-82.65166944,Simple Junction,Dark - Lighted,Clear,7:00pm-7:59pm,50,8:00pm-8:59pm,0,Unknown,Unknown EMS Hospital Arrival Time,1,Dark - Lighted,Clear,1,1,['Driver'],['None_Used'],0,0,Valid,0.0,0.0,40.0,18.0,"['Female', 'Male']",0,0,5,4,5,Dry,Straight,Level,Lowest,No
7827,12,Florida,120318,0,3,3,0,3,NOT APPLICABLE,February,6,Monday,10,24,Urban,High Speed (Arterial),No,30.18261944,-81.73933056,Simple Junction,Daylight,Cloudy,Unknown,Unknown,Unknown EMS Scene Arrival Hour,Unknown EMS Scene Arrival Minutes,Unknown,Unknown EMS Hospital Arrival Time,1,Daylight,Reduced Visibility,1,2,['Driver'],['None_Used'],0,0,Invalid,0.0,0.0,38.0,22.0,"['Male', 'Male', 'Female']",0,0,3,4,5,Dry,Straight,Grade/Hillcrest,Lowest,No
7828,12,Florida,120319,0,1,1,0,2,OCALA,February,11,Saturday,23,19,Rural,Low Speed (Local),No,29.00564167,-82.24073889,Non-Intersection,Dark - Not Lighted,Rain,Unknown,Unknown,Unknown EMS Scene Arrival Hour,Unknown EMS Scene Arrival Minutes,Unknown,Unknown EMS Hospital Arrival Time,1,Dark - Unlighted,Rain/Wind/Minor,1,1,['Driver'],['None_Used'],1,1,Valid,1.0,1.0,32.0,32.0,['Male'],0,0,5,4,3,Wet/Standing Water,Curve,Level,Lowest,No
7829,12,Florida,120320,1,1,1,0,1,NOT APPLICABLE,February,11,Saturday,21,43,Urban,High Speed (Arterial),Yes,27.89397222,-82.679525,Non-Intersection,Dark - Lighted,Rain,Unknown,Unknown,Unknown EMS Scene Arrival Hour,Unknown EMS Scene Arrival Minutes,Unknown,Unknown EMS Hospital Arrival Time,1,Dark - Lighted,Rain/Wind/Minor,0,1,[],[],0,0,Valid,0.0,0.0,52.0,52.0,['Male'],0,0,2,3,4,Wet/Standing Water,Straight,Level,Lowest,No
7830,12,Florida,120321,0,1,1,0,1,NOT APPLICABLE,February,15,Wednesday,5,50,Rural,High Speed (Arterial),Yes,28.84328056,-82.09044722,Non-Intersection,Dawn,Clear,Unknown,Unknown,Unknown EMS Scene Arrival Hour,Officially Cancelled,Unknown,Officially Canceled,1,Twilight,Clear,1,0,['Driver'],['Shoulder_Lapbelt'],1,1,Valid,0.0,0.0,72.0,72.0,['Male'],0,0,3,4,3,Dry,Straight,Level,Lowest,No
7831,12,Florida,120323,0,2,2,0,3,DELRAY BEACH,February,1,Wednesday,14,30,Urban,High Speed (Arterial),Yes,26.45680556,-80.08947222,Non-Intersection,Daylight,Clear,Unknown,Unknown,Unknown EMS Scene Arrival Hour,Unknown EMS Scene Arrival Minutes,Unknown,Unknown EMS Hospital Arrival Time,1,Daylight,Clear,1,2,['Driver'],['Shoulder_Lapbelt'],0,0,Valid,0.0,0.0,91.0,31.0,"['Male', 'Male']",0,0,4,4,5,Dry,Straight,Level,Lowest,No
7832,12,Florida,120324,0,2,2,0,2,NOT APPLICABLE,February,3,Friday,7,16,Urban,High Speed (Arterial),Yes,28.32515556,-82.32359167,Complex/Circle,Daylight,Cloudy,Unknown,Unknown,Unknown EMS Scene Arrival Hour,Unknown EMS Scene Arrival Minutes,Unknown,Unknown EMS Hospital Arrival Time,1,Daylight,Reduced Visibility,1,1,['Driver'],['None_Used'],0,0,Valid,0.0,0.0,50.0,32.0,"['Male', 'Male']",1,0,5,4,5,Dry,Straight,Level,Lowest,No
7833,12,Florida,120325,0,1,1,0,1,NOT APPLICABLE,February,8,Wednesday,7,25,Rural,High Speed (Arterial),Yes,28.32550556,-82.30425556,Non-Intersection,Daylight,Clear,Unknown,Unknown,Unknown EMS Scene Arrival Hour,Unknown EMS Scene Arrival Minutes,Unknown,Unknown EMS Hospital Arrival Time,1,Daylight,Clear,1,0,['Driver'],['Shoulder_Lapbelt'],0,0,Valid,0.0,0.0,84.0,84.0,['Male'],0,0,3,4,0,Dry,Curve,Level,Medium,No