,State_Code,State_Name,Crash_ID,Count_Non_Motorists,Count_Vehicles_Total,Count_Vehicle_Forms,Count_PVH_Involved,Count_Occupants_MV,City_Name,Month_Name,Day_of_Month,Day_of_Week,Crash_Hour,Crash_Minute,Area_Rural_Urban,Road_Functional_Class,On_NHS_Road,Latitude,Longitude,Intersection_Type,Light_Condition,Weather_Condition,Notif_Hour,Notif_Minute,Arrival_Hour,Arrival_Minute,Hospital_Hour,Hospital_Minute,Fatalities_Count,Clean_Light_Condition,Clean_Weather_Condition,Total_Killed,Total_Alive,Fatal_Seats_List,Killed_Restraint_List,Any_Driver_Drinking,Total_Drinking_Drivers,Driver_License_Category,Driver_Max_Prev_Accident_Count,Driver_Max_Prev_Speeding_Count,Max_Driver_Age,Min_Driver_Age,Driver_Sex_List,Total_Exceeding_Limit_Vehicles,Total_Too_Fast_Vehicles,Max_Vehicle_Type_Severity_5,Max_Vehicle_Damage_Rank,Max_Harmful_Event_Severity,Crash_Road_Surface_Condition,Crash_Horizontal_Alignment,Crash_Vertical_Profile,Crash_Impairment_Category,Crash_Vehicle_Defect
7834,12,Florida,120326,0,2,2,0,5,DELRAY BEACH,February,8,Wednesday,20,6,Urban,Medium Speed (Collector),No,26.42540278,-80.0761,Non-Intersection,Dark - Lighted,Clear,Unknown,Unknown,Unknown EMS Scene Arrival Hour,Unknown EMS Scene Arrival Minutes,Not Applicable (Not Transported),Not Applicable (Not Transported),2,Dark - Lighted,Clear,2,3,"['Driver', 'Front_Passenger']","['None_Used', 'Shoulder_Lapbelt']",0,0,Invalid,0.0,0.0,82.0,54.0,"['Male', 'Female']",0,0,3,4,4,Dry,Straight,Level,Lowest,No
7835,12,Florida,120327,0,1,1,0,1,PEMBROKE PINES,February,9,Thursday,11,48,Urban,Medium Speed (Collector),No,26.02410833,-80.38838056,Non-Intersection,Daylight,Clear,Unknown,Unknown,Unknown EMS Scene Arrival Hour,Unknown EMS Scene Arrival Minutes,Unknown,Unknown EMS Hospital Arrival Time,1,Daylight,Clear,1,0,['Driver'],['None_Used'],0,0,Valid,0.0,0.0,54.0,54.0,['Male'],0,0,5,4,1,Dry,Straight,Level,Lowest,No
7836,12,Florida,120328,0,2,2,0,5,DELRAY BEACH,February,13,Monday,5,4,Urban,High Speed (Arterial),No,26.45792222,-80.12259444,Complex/Circle,Dark - Lighted,Clear,Unknown,Unknown,Unknown EMS Scene Arrival Hour,Unknown EMS Scene Arrival Minutes,Unknown,Unknown EMS Hospital Arrival Time,1,Dark - Lighted,Clear,1,4,['Driver'],['Shoulder_Lapbelt'],1,1,Valid,0.0,1.0,30.0,28.0,"['Male', 'Female']",0,0,3,4,5,Dry,Straight,Level,Lowest,No
7837,12,Florida,120330,0,1,1,0,3,SAINT PETERSBURG,February,16,Thursday,3,14,Urban,High Speed (Arterial),Yes,27.76563611,-82.65711389,Non-Intersection,Dark - Lighted,Clear,Unknown,Unknown,Unknown EMS Scene Arrival Hour,Unknown EMS Scene Arrival Minutes,Unknown,Unknown EMS Hospital Arrival Time,2,Dark - Lighted,Clear,2,1,"['Driver', 'Rear_Seat']","['None_Used', 'None_Used']",1,1,Valid,0.0,4.0,35.0,35.0,['Male'],0,0,3,4,3,Dry,Curve,Level,Lowest,No
7838,12,Florida,120331,0,1,1,0,1,NOT APPLICABLE,February,16,Thursday,1,40,Urban,Medium Speed (Collector),No,27.92286111,-82.33679722,Non-Intersection,Dark - Lighted,Clear,Unknown,Unknown,Unknown EMS Scene Arrival Hour,Unknown EMS Scene Arrival Minutes,Unknown,Unknown EMS Hospital Arrival Time,1,Dark - Lighted,Clear,1,0,['Driver'],['Shoulder_Lapbelt'],0,0,Valid,2.0,1.0,51.0,51.0,['Female'],0,0,2,4,3,Dry,Straight,Grade/Hillcrest,Lowest,No
7839,12,Florida,120332,0,2,2,0,3,JACKSONVILLE,February,18,Saturday,22,23,Urban,High Speed (Arterial),Yes,30.55123056,-81.62100278,Non-Intersection,Dark - Not Lighted,Clear,Unknown,Unknown,Unknown EMS Scene Arrival Hour,Unknown EMS Scene Arrival Minutes,Unknown,Unknown EMS Hospital Arrival Time,1,Dark - Unlighted,Clear,1,2,['Driver'],['None_Used'],1,1,Valid,0.0,0.0,31.0,29.0,"['Male', 'Male']",0,0,2,4,5,Dry,Straight,Level,Lowest,No
7840,12,Florida,120333,0,1,1,0,1,NOT APPLICABLE,February,8,Wednesday,20,31,Rural,Low Speed (Local),No,30.96013611,-87.45508056,Non-Intersection,Dark - Not Lighted,Clear,Unknown,Unknown,Unknown EMS Scene Arrival Hour,Unknown EMS Scene Arrival Minutes,Unknown,Unknown EMS Hospital Arrival Time,1,Dark - Unlighted,Clear,1,0,['Driver'],['None_Used'],0,0,Valid,0.0,0.0,40.0,40.0,['Male'],0,0,5,4,3,Dry,Curve,Level,Lowest,No
7841,12,Florida,120334,1,1,1,0,1,NOT APPLICABLE,February,11,Saturday,23,15,Urban,High Speed (Arterial),Yes,30.4101,-87.26509444,Non-Intersection,Dark - Not Lighted,Clear,Unknown,Unknown,Unknown EMS Scene Arrival Hour,Unknown EMS Scene Arrival Minutes,Unknown,Unknown EMS Hospital Arrival Time,1,Dark - Unlighted,Clear,0,1,[],[],0,0,Valid,0.0,0.0,21.0,21.0,['Female'],0,0,3,3,4,Dry,Straight,Level,Lowest,No
7842,12,Florida,120335,0,1,1,0,1,NOT APPLICABLE,January,8,Sunday,18,24,Rural,High Speed (Arterial),Yes,29.60938056,-82.01956111,Non-Intersection,Dark - Not Lighted,Cloudy,Unknown,Unknown,Unknown EMS Scene Arrival Hour,Unknown EMS Scene Arrival Minutes,Not Applicable (Not Transported),Not Applicable (Not Transported),1,Dark - Unlighted,Reduced Visibility,1,0,['Driver'],['Shoulder_Lapbelt'],0,0,Valid,0.0,0.0,22.0,22.0,['Male'],0,0,2,4,3,Dry,Curve,Level,Lowest,Yes
7843,12,Florida,120336,1,2,2,0,3,NOT APPLICABLE,February,6,Monday,21,2,Urban,High Speed (Arterial),Yes,27.45065833,-82.575375,Non-Intersection,Dark - Not Lighted,Clear,Unknown,Unknown,Unknown EMS Scene Arrival Hour,Unknown EMS Scene Arrival Minutes,Not Applicable (Not Transported),Not Applicable (Not Transported),1,Dark - Unlighted,Clear,0,3,[],[],0,0,Invalid,0.0,1.0,79.0,31.0,"['Female', 'Male']",0,0,3,2,4,Dry,Straight,Level,Lowest,No
7844,12,Florida,120337,0,2,2,0,2,NOT APPLICABLE,February,7,Tuesday,3,42,Urban,High Speed (Arterial),Yes,27.99613889,-82.37306111,Complex/Circle,Dark - Lighted,Clear,Unknown,Unknown,Unknown EMS Scene Arrival Hour,Unknown EMS Scene Arrival Minutes,Unknown,Unknown EMS Hospital Arrival Time,1,Dark - Lighted,Clear,1,1,['Driver'],['Shoulder_Lapbelt'],1,1,Invalid,0.0,0.0,48.0,47.0,"['Female', 'Male']",0,0,4,4,5,Dry,Straight,Level,Lowest,No
7845,12,Florida,120338,0,2,2,0,3,SOUTH BAY,February,3,Friday,18,16,Urban,High Speed (Arterial),Yes,26.66416111,-80.70933333,Non-Intersection,Dark - Lighted,Clear,Unknown,Unknown,Unknown EMS Scene Arrival Hour,Unknown EMS Scene Arrival Minutes,Unknown,Unknown EMS Hospital Arrival Time,1,Dark - Lighted,Clear,1,2,['Driver'],['Shoulder_Lapbelt'],0,0,Valid,0.0,0.0,69.0,68.0,"['Male', 'Male']",0,0,3,4,5,Dry,Straight,Level,Lowest,No
7846,12,Florida,120339,0,3,3,0,3,NOT APPLICABLE,February,7,Tuesday,12,21,Urban,High Speed (Arterial),No,26.73245,-80.10996389,Complex/Circle,Daylight,Clear,Unknown,Unknown,Unknown EMS Scene Arrival Hour,Unknown EMS Scene Arrival Minutes,Unknown,Unknown EMS Hospital Arrival Time,1,Daylight,Clear,1,2,['Driver'],['Shoulder_Lapbelt'],0,0,Valid,0.0,0.0,72.0,22.0,"['Male', 'Male', 'Male']",1,0,3,4,5,Dry,Straight,Level,Lowest,No
7847,12,Florida,120340,2,2,1,1,1,NOT APPLICABLE,February,8,Wednesday,2,15,Rural,Medium Speed (Collector),No,29.71568611,-81.65220556,Non-Intersection,Dark - Not Lighted,Clear,Unknown,Unknown,Unknown EMS Scene Arrival Hour,Unknown EMS Scene Arrival Minutes,Unknown,Unknown EMS Hospital Arrival Time,1,Dark - Unlighted,Clear,0,1,[],[],0,0,Valid,0.0,0.0,54.0,54.0,['Male'],0,0,2,4,4,Dry,Straight,Level,Lowest,No
7848,12,Florida,120341,1,1,1,0,1,KEY LARGO,February,13,Monday,12,30,Urban,High Speed (Arterial),Yes,25.07718889,-80.46005278,Non-Intersection,Daylight,Clear,Unknown,Unknown,Unknown EMS Scene Arrival Hour,Unknown EMS Scene Arrival Minutes,Not Applicable (Not Transported),Not Applicable (Not Transported),1,Daylight,Clear,0,1,[],[],0,0,Valid,0.0,0.0,28.0,28.0,['Male'],0,0,2,3,4,Dry,Straight,Level,Lowest,No
7849,12,Florida,120342,2,2,2,0,2,JACKSONVILLE,February,15,Wednesday,20,5,Urban,Medium Speed (Collector),No,30.370375,-81.69896111,Non-Intersection,Dark - Lighted,Clear,Unknown,Unknown,Unknown EMS Scene Arrival Hour,Unknown EMS Scene Arrival Minutes,Unknown,Unknown EMS Hospital Arrival Time,1,Dark - Lighted,Clear,0,2,[],[],0,0,Valid,0.0,0.0,51.0,24.0,"['Male', 'Female']",0,0,2,3,4,Dry,Straight,Level,Lowest,No
7850,12,Florida,120343,0,1,1,0,1,NOT APPLICABLE,February,15,Wednesday,8,21,Urban,Low Speed (Local),No,27.26209722,-82.51656667,Non-Intersection,Daylight,Clear,Unknown,Unknown,Unknown EMS Scene Arrival Hour,Unknown EMS Scene Arrival Minutes,Unknown,Unknown EMS Hospital Arrival Time,1,Daylight,Clear,1,0,['Driver'],['None_Used'],0,0,Valid,1.0,0.0,72.0,72.0,['Male'],0,0,5,4,3,Dry,Curve,Grade/Hillcrest,Lowest,No
7851,12,Florida,120344,1,1,1,0,2,JACKSONVILLE,February,16,Thursday,20,27,Urban,High Speed (Arterial),Yes,30.28422222,-81.63128056,Non-Intersection,Dark - Not Lighted,Clear,Unknown,Unknown,Unknown EMS Scene Arrival Hour,Unknown EMS Scene Arrival Minutes,Not Applicable (Not Transported),Not Applicable (Not Transported),1,Dark - Unlighted,Clear,0,2,[],[],0,0,Valid,1.0,2.0,39.0,39.0,['Female'],0,0,3,2,4,Dry,Straight,Level,Lowest,No
7852,12,Florida,120345,1,1,1,0,1,NOT APPLICABLE,February,13,Monday,17,15,Urban,Medium Speed (Collector),No,26.96420833,-82.07708611,Non-Intersection,Daylight,Clear,Unknown,Unknown,Unknown EMS Scene Arrival Hour,Unknown EMS Scene Arrival Minutes,Unknown,Unknown EMS Hospital Arrival Time,1,Daylight,Clear,0,1,[],[],0,0,Invalid,0.0,0.0,22.0,22.0,['Female'],0,0,3,3,4,Dry,Straight,Level,Lowest,No
7853,12,Florida,120346,1,1,1,0,4,NOT APPLICABLE,January,21,Saturday,23,11,Urban,Medium Speed (Collector),No,25.59836944,-80.36186389,Non-Intersection,Dark - Lighted,Clear,Unknown,Unknown,Unknown EMS Scene Arrival Hour,Unknown EMS Scene Arrival Minutes,Not Applicable (Not Transported),Not Applicable (Not Transported),1,Dark - Lighted,Clear,0,4,[],[],0,0,Valid,0.0,0.0,23.0,23.0,['Female'],0,0,2,3,4,Dry,Straight,Level,Lowest,No
7854,12,Florida,120347,1,2,1,1,1,NOT APPLICABLE,February,9,Thursday,18,52,Rural,Low Speed (Local),No,28.72507222,-81.81540556,Non-Intersection,Dark - Not Lighted,Cloudy,Unknown,Unknown,Unknown EMS Scene Arrival Hour,Unknown EMS Scene Arrival Minutes,Unknown,Unknown EMS Hospital Arrival Time,1,Dark - Unlighted,Reduced Visibility,0,1,[],[],0,0,Valid,0.0,0.0,65.0,65.0,['Male'],0,0,2,4,5,Dry,Straight,Grade/Hillcrest,Lowest,No
7855,12,Florida,120348,1,1,1,0,1,NOT APPLICABLE,February,15,Wednesday,19,40,Urban,Medium Speed (Collector),No,27.82249444,-82.27563056,Non-Intersection,Dark - Not Lighted,Clear,Unknown,Unknown,Unknown EMS Scene Arrival Hour,Unknown EMS Scene Arrival Minutes,Unknown,Unknown EMS Hospital Arrival Time,1,Dark - Unlighted,Clear,0,1,[],[],0,0,Invalid,0.0,0.0,999.0,999.0,['Other'],0,0,1,0,4,Dry,Straight,Level,Lowest,No
7856,12,Florida,120349,0,2,2,0,3,HOLLYWOOD,February,21,Tuesday,1,55,Urban,High Speed (Arterial),Yes,25.97215556,-80.25763056,Non-Intersection,Dark - Lighted,Clear,Unknown,Unknown,Unknown EMS Scene Arrival Hour,Unknown EMS Scene Arrival Minutes,Unknown,Unknown EMS Hospital Arrival Time,1,Dark - Lighted,Clear,1,2,['Front_Passenger'],['None_Used'],0,0,Valid,0.0,0.0,38.0,26.0,"['Male', 'Male']",0,0,4,4,5,Dry,Straight,Level,Lowest,No
7857,12,Florida,120350,0,2,2,0,4,NOT APPLICABLE,January,28,Saturday,1,17,Urban,High Speed (Arterial),Yes,26.14583611,-80.44228889,Non-Intersection,Dark - Not Lighted,Clear,Unknown,Unknown,Unknown EMS Scene Arrival Hour,Unknown EMS Scene Arrival Minutes,Unknown,Unknown EMS Hospital Arrival Time,1,Dark - Unlighted,Clear,1,3,['Driver'],['None_Used'],0,0,Valid,1.0,0.0,32.0,26.0,"['Male', 'Female']",0,0,5,4,5,Dry,Straight,Level,Lowest,No
7858,12,Florida,120351,0,2,2,0,2,NOT APPLICABLE,February,8,Wednesday,6,37,Urban,Low Speed (Local),No,28.54388056,-81.19998889,Complex/Circle,Dark - Lighted,Clear,Unknown,Unknown,Unknown EMS Scene Arrival Hour,Unknown EMS Scene Arrival Minutes,Unknown,Unknown EMS Hospital Arrival Time,1,Dark - Lighted,Clear,1,1,['Driver'],['Shoulder_Lapbelt'],0,0,Valid,0.0,0.0,61.0,54.0,"['Male', 'Male']",0,0,2,4,5,Dry,Straight,Level,Lowest,No
7859,12,Florida,120352,1,2,2,0,2,BOCA RATON,February,12,Sunday,6,30,Urban,High Speed (Arterial),Yes,26.38426944,-80.10754167,Non-Intersection,Dawn,Clear,Unknown,Unknown,Unknown EMS Scene Arrival Hour,Unknown EMS Scene Arrival Minutes,Not Applicable (Not Transported),Not Applicable (Not Transported),1,Twilight,Clear,0,2,[],[],0,0,Valid,0.0,0.0,36.0,28.0,"['Male', 'Male']",0,0,2,3,4,Dry,Straight,Level,Lowest,No
7860,12,Florida,120353,0,2,2,0,5,NOT APPLICABLE,February,8,Wednesday,21,20,Rural,High Speed (Arterial),Yes,27.06728889,-80.24463333,Non-Intersection,Dark - Not Lighted,Clear,Unknown,Unknown,Unknown EMS Scene Arrival Hour,Unknown EMS Scene Arrival Minutes,Unknown,Unknown EMS Hospital Arrival Time,1,Dark - Unlighted,Clear,1,4,['Front_Passenger'],['Shoulder_Lapbelt'],0,0,Valid,0.0,0.0,49.0,29.0,"['Male', 'Female']",0,0,3,4,5,Dry,Straight,Level,Lowest,No
7861,12,Florida,120354,1,1,1,0,1,JACKSONVILLE,February,17,Friday,19,31,Urban,Medium Speed (Collector),No,30.26596111,-81.61848333,Complex/Circle,Dark - Lighted,Cloudy,Unknown,Unknown,Unknown EMS Scene Arrival Hour,Unknown EMS Scene Arrival Minutes,Not Applicable (Not Transported),Not Applicable (Not Transported),1,Dark - Lighted,Reduced Visibility,0,0,[],[],0,0,Invalid,0.0,0.0,998.0,998.0,['Other'],0,0,1,0,4,Wet/Standing Water,Straight,Grade/Hillcrest,Lowest,No
7862,12,Florida,120355,0,1,1,0,1,JACKSONVILLE,February,19,Sunday,1,37,Urban,Low Speed (Local),No,30.32740278,-81.58373056,Non-Intersection,Dark - Lighted,Clear,Unknown,Unknown,Unknown EMS Scene Arrival Hour,Unknown EMS Scene Arrival Minutes,Not Applicable (Not Transported),Not Applicable (Not Transported),1,Dark - Lighted,Clear,1,0,['Driver'],['None_Used'],1,1,Valid,0.0,0.0,57.0,57.0,['Male'],0,0,5,4,2,Dry,Straight,Level,Lowest,No
7863,12,Florida,120356,0,4,4,0,7,JACKSONVILLE,February,19,Sunday,19,28,Urban,High Speed (Arterial),No,30.24589722,-81.59769722,Complex/Circle,Dark - Lighted,Cloudy,Unknown,Unknown,Unknown EMS Scene Arrival Hour,Unknown EMS Scene Arrival Minutes,Unknown,Unknown EMS Hospital Arrival Time,1,Dark - Lighted,Reduced Visibility,1,6,['Front_Passenger'],['Shoulder_Lapbelt'],0,0,Invalid,1.0,3.0,48.0,26.0,"['Male', 'Female', 'Male', 'Female']",0,0,3,4,5,Dry,Straight,Level,Lowest,No
7864,12,Florida,120357,0,1,1,0,3,NOT APPLICABLE,January,18,Wednesday,4,10,Urban,Medium Speed (Collector),No,25.48170556,-80.41203333,Non-Intersection,Dark - Lighted,Clear,Unknown,Unknown,Unknown EMS Scene Arrival Hour,Unknown EMS Scene Arrival Minutes,Not Applicable (Not Transported),Not Applicable (Not Transported),3,Dark - Lighted,Clear,3,0,"['Driver', 'Front_Passenger', 'Rear_Seat']","['None_Used', 'None_Used', 'None_Used']",0,0,Valid,0.0,0.0,19.0,19.0,['Male'],0,0,3,4,3,Dry,Straight,Level,Lowest,Yes
7865,12,Florida,120358,0,1,1,0,1,NOT APPLICABLE,January,19,Thursday,12,48,Urban,High Speed (Arterial),No,27.71263889,-82.36486111,Non-Intersection,Daylight,Clear,Unknown,Unknown,Unknown EMS Scene Arrival Hour,Unknown EMS Scene Arrival Minutes,Unknown,Unknown EMS Hospital Arrival Time,1,Daylight,Clear,1,0,['Driver'],['None_Used'],0,0,Valid,0.0,0.0,88.0,88.0,['Female'],0,0,5,2,2,Dry,Straight,Level,Lowest,No
7866,12,Florida,120359,0,2,2,0,2,NOT APPLICABLE,January,30,Monday,8,47,Urban,Medium Speed (Collector),No,28.31788056,-81.3406,Complex/Circle,Daylight,Clear,Unknown,Unknown,Unknown EMS Scene Arrival Hour,Unknown EMS Scene Arrival Minutes,Unknown,Unknown EMS Hospital Arrival Time,1,Daylight,Clear,1,1,['Driver'],['Shoulder_Lapbelt'],0,0,Valid,0.0,1.0,92.0,21.0,"['Female', 'Female']",0,0,2,4,5,Dry,Straight,Level,Lowest,No
7867,12,Florida,120360,0,1,1,0,1,NOT APPLICABLE,February,14,Tuesday,1,44,Urban,Medium Speed (Collector),No,25.84576389,-80.24927222,Simple Junction,Dark - Lighted,Clear,Unknown,Unknown,Unknown EMS Scene Arrival Hour,Unknown EMS Scene Arrival Minutes,Unknown,Unknown EMS Hospital Arrival Time,1,Dark - Lighted,Clear,1,0,['Driver'],['None_Used'],0,0,Valid,0.0,0.0,43.0,43.0,['Male'],0,0,2,4,3,Dry,Straight,Level,Lowest,No
7868,12,Florida,120361,1,1,1,0,1,OCOEE,February,16,Thursday,16,24,Urban,Medium Speed (Collector),No,28.56273889,-81.5174,Complex/Circle,Daylight,Clear,Unknown,Unknown,Unknown EMS Scene Arrival Hour,Unknown EMS Scene Arrival Minutes,Unknown,Unknown EMS Hospital Arrival Time,1,Daylight,Clear,0,1,[],[],0,0,Valid,0.0,1.0,35.0,35.0,['Male'],0,0,3,2,4,Dry,Straight,Level,Lowest,No
7869,12,Florida,120362,0,1,1,0,1,NOT APPLICABLE,February,19,Sunday,13,10,Urban,High Speed (Arterial),No,28.26008889,-80.60491111,Non-Intersection,Daylight,Clear,Unknown,Unknown,Unknown EMS Scene Arrival Hour,Unknown EMS Scene Arrival Minutes,Unknown,Unknown EMS Hospital Arrival Time,1,Daylight,Clear,1,0,['Driver'],['None_Used'],0,0,Valid,0.0,0.0,75.0,75.0,['Male'],0,0,5,3,2,Dry,Straight,Level,Lowest,No
7870,12,Florida,120363,1,1,1,0,1,NOT APPLICABLE,February,20,Monday,18,57,Urban,Medium Speed (Collector),No,27.39000278,-82.51383056,Non-Intersection,Dark - Not Lighted,Clear,Unknown,Unknown,Unknown EMS Scene Arrival Hour,Unknown EMS Scene Arrival Minutes,Unknown,Unknown EMS Hospital Arrival Time,1,Dark - Unlighted,Clear,0,1,[],[],0,0,Valid,0.0,0.0,53.0,53.0,['Female'],0,0,3,3,4,Dry,Straight,Level,Lowest,No
7871,12,Florida,120364,0,1,1,0,1,NOT APPLICABLE,February,21,Tuesday,10,5,Rural,Low Speed (Local),No,27.91218056,-82.21958333,Non-Intersection,Daylight,Clear,Unknown,Unknown,Unknown EMS Scene Arrival Hour,Unknown EMS Scene Arrival Minutes,Not Applicable (Not Transported),Not Applicable (Not Transported),1,Daylight,Clear,1,0,['Driver'],['None_Used'],0,0,Valid,0.0,0.0,55.0,55.0,['Male'],0,0,2,4,3,Dry,Straight,Level,Lowest,No
7872,12,Florida,120365,0,1,1,0,2,NOT APPLICABLE,February,11,Saturday,4,56,Rural,High Speed (Arterial),Yes,29.53839722,-82.89253889,Non-Intersection,Dark - Not Lighted,Rain,Unknown,Unknown,Unknown EMS Scene Arrival Hour,Unknown EMS Scene Arrival Minutes,Unknown,Unknown EMS Hospital Arrival Time,1,Dark - Unlighted,Rain/Wind/Minor,1,1,['Driver'],['None_Used'],0,0,Valid,0.0,0.0,67.0,67.0,['Female'],2,0,3,4,3,Wet/Standing Water,Straight,Level,Lowest,No
7873,12,Florida,120366,1,1,1,0,1,NOT APPLICABLE,February,16,Thursday,19,6,Rural,Medium Speed (Collector),No,29.52869167,-82.40457778,Non-Intersection,Dark - Not Lighted,Cloudy,Unknown,Unknown,Unknown EMS Scene Arrival Hour,Unknown EMS Scene Arrival Minutes,Not Applicable (Not Transported),Not Applicable (Not Transported),1,Dark - Unlighted,Reduced Visibility,0,1,[],[],0,0,Valid,0.0,0.0,55.0,55.0,['Female'],0,0,3,3,4,Dry,Straight,Level,Lowest,No
7874,12,Florida,120367,0,2,2,0,2,PENSACOLA,February,16,Thursday,14,40,Urban,Medium Speed (Collector),No,30.46316111,-87.21426944,Non-Intersection,Daylight,Cloudy,Unknown,Unknown,Unknown EMS Scene Arrival Hour,Unknown EMS Scene Arrival Minutes,Unknown,Unknown EMS Hospital Arrival Time,1,Daylight,Reduced Visibility,1,1,['Driver'],['None_Used'],0,0,Valid,0.0,1.0,84.0,58.0,"['Male', 'Male']",0,0,3,4,5,Dry,Straight,Grade/Hillcrest,Lowest,No
7875,12,Florida,120368,0,2,2,0,4,NOT APPLICABLE,February,18,Saturday,14,50,Rural,High Speed (Arterial),Yes,29.85328889,-82.64133056,Simple Junction,Daylight,Clear,Unknown,Unknown,Unknown EMS Scene Arrival Hour,Unknown EMS Scene Arrival Minutes,Unknown,Unknown EMS Hospital Arrival Time,1,Daylight,Clear,1,3,['Rear_Seat'],['None_Used'],0,0,Valid,0.0,0.0,88.0,71.0,"['Female', 'Male']",0,0,3,4,5,Dry,Straight,Level,Lowest,No
7876,12,Florida,120369,1,1,1,0,1,JACKSONVILLE,February,22,Wednesday,5,2,Urban,Medium Speed (Collector),No,30.36336389,-81.60673333,Non-Intersection,Dark - Lighted,Clear,Unknown,Unknown,Unknown EMS Scene Arrival Hour,Unknown EMS Scene Arrival Minutes,Not Applicable (Not Transported),Not Applicable (Not Transported),1,Dark - Lighted,Clear,0,1,[],[],0,0,Valid,0.0,1.0,24.0,24.0,['Male'],0,0,2,3,4,Dry,Straight,Level,Lowest,No
7877,12,Florida,120370,0,2,2,0,3,NOT APPLICABLE,January,22,Sunday,0,29,Rural,Medium Speed (Collector),No,25.56595,-80.41380278,Non-Intersection,Dark - Not Lighted,Clear,Unknown,Unknown,Unknown EMS Scene Arrival Hour,Unknown EMS Scene Arrival Minutes,Unknown,Unknown EMS Hospital Arrival Time,1,Dark - Unlighted,Clear,1,2,['Driver'],['None_Used'],0,0,Valid,1.0,0.0,34.0,18.0,"['Male', 'Male']",0,0,5,4,5,Dry,Straight,Non-Trafficway,Lowest,No
7878,12,Florida,120371,0,1,1,0,1,NOT APPLICABLE,January,25,Wednesday,12,41,Urban,Low Speed (Local),No,25.62121111,-80.35229722,Non-Intersection,Daylight,Clear,Unknown,Unknown,Unknown EMS Scene Arrival Hour,Unknown EMS Scene Arrival Minutes,Unknown,Unknown EMS Hospital Arrival Time,1,Daylight,Clear,1,0,['Driver'],['Shoulder_Lapbelt'],0,0,Invalid,0.0,0.0,36.0,36.0,['Male'],0,0,2,4,3,Dry,Straight,Level,Lowest,No
7879,12,Florida,120372,0,2,2,0,4,NOT APPLICABLE,February,6,Monday,23,31,Urban,High Speed (Arterial),No,25.67625833,-80.41659444,Simple Junction,Dark - Unknown Lighting,Clear,Unknown,Unknown,Unknown EMS Scene Arrival Hour,Unknown EMS Scene Arrival Minutes,Not Applicable (Not Transported),Not Applicable (Not Transported),1,Dark - Unlighted,Clear,1,3,['Driver'],['None_Used'],0,0,Valid,0.0,0.0,24.0,20.0,"['Male', 'Female']",0,0,5,4,5,Dry,Straight,Level,Lowest,No
7880,12,Florida,120373,0,1,1,0,1,NOT APPLICABLE,February,17,Friday,7,8,Rural,Low Speed (Local),No,29.09576667,-82.2738,Non-Intersection,Daylight,Clear,Unknown,Unknown,Unknown EMS Scene Arrival Hour,Unknown EMS Scene Arrival Minutes,Unknown,Unknown EMS Hospital Arrival Time,1,Daylight,Clear,1,0,['Driver'],['Shoulder_Lapbelt'],0,0,Valid,1.0,0.0,78.0,78.0,['Female'],0,0,2,4,2,Dry,Curve,Level,Lowest,No
7881,12,Florida,120374,0,1,1,0,1,OAKLAND PARK,February,21,Tuesday,22,57,Urban,High Speed (Arterial),Yes,26.18044444,-80.11988056,Non-Intersection,Dark - Lighted,Clear,Unknown,Unknown,Unknown EMS Scene Arrival Hour,Unknown EMS Scene Arrival Minutes,Not Applicable (Not Transported),Not Applicable (Not Transported),1,Dark - Lighted,Clear,1,0,['Driver'],['Lapbelt_Only'],0,0,Valid,0.0,0.0,26.0,26.0,['Female'],0,0,2,4,3,Dry,Straight,Level,Lowest,No
7882,12,Florida,120375,0,2,2,0,3,NOT APPLICABLE,February,2,Thursday,12,20,Urban,High Speed (Arterial),No,26.34930556,-80.19481667,Simple Junction,Daylight,Clear,Unknown,Unknown,Unknown EMS Scene Arrival Hour,Unknown EMS Scene Arrival Minutes,Unknown,Unknown EMS Hospital Arrival Time,1,Daylight,Clear,1,2,['Driver'],['None_Used'],0,0,Invalid,0.0,0.0,73.0,43.0,"['Male', 'Male']",0,0,5,3,5,Dry,Straight,Level,Lowest,No
7883,12,Florida,120376,0,1,1,0,1,FORT LAUDERDALE,February,11,Saturday,2,35,Urban,High Speed (Arterial),Yes,26.14600556,-80.16933333,Non-Intersection,Dark - Lighted,Clear,Unknown,Unknown,Unknown EMS Scene Arrival Hour,Unknown EMS Scene Arrival Minutes,Unknown,Unknown EMS Hospital Arrival Time,1,Dark - Lighted,Clear,1,0,['Driver'],['None_Used'],1,1,Valid,0.0,0.0,57.0,57.0,['Male'],0,0,3,4,3,Dry,Straight,Level,Lowest,No