,State_Code,State_Name,Crash_ID,Count_Non_Motorists,Count_Vehicles_Total,Count_Vehicle_Forms,Count_PVH_Involved,Count_Occupants_MV,City_Name,Month_Name,Day_of_Month,Day_of_Week,Crash_Hour,Crash_Minute,Area_Rural_Urban,Road_Functional_Class,On_NHS_Road,Latitude,Longitude,Intersection_Type,Light_Condition,Weather_Condition,Notif_Hour,Notif_Minute,Arrival_Hour,Arrival_Minute,Hospital_Hour,Hospital_Minute,Fatalities_Count,Clean_Light_Condition,Clean_Weather_Condition,Total_Killed,Total_Alive,Fatal_Seats_List,Killed_Restraint_List,Any_Driver_Drinking,Total_Drinking_Drivers,Driver_License_Category,Driver_Max_Prev_Accident_Count,Driver_Max_Prev_Speeding_Count,Max_Driver_Age,Min_Driver_Age,Driver_Sex_List,Total_Exceeding_Limit_Vehicles,Total_Too_Fast_Vehicles,Max_Vehicle_Type_Severity_5,Max_Vehicle_Damage_Rank,Max_Harmful_Event_Severity,Crash_Road_Surface_Condition,Crash_Horizontal_Alignment,Crash_Vertical_Profile,Crash_Impairment_Category,Crash_Vehicle_Defect
7884,12,Florida,120377,0,2,2,0,4,NOT APPLICABLE,February,17,Friday,20,15,Rural,High Speed (Arterial),No,27.43921944,-81.60966667,Non-Intersection,Dark - Not Lighted,Clear,Unknown,Unknown,Unknown EMS Scene Arrival Hour,Unknown EMS Scene Arrival Minutes,Unknown,Unknown EMS Hospital Arrival Time,2,Dark - Unlighted,Clear,2,2,"['Driver', 'Rear_Seat']","['None_Used', 'None_Used']",1,1,Valid,0.0,0.0,52.0,47.0,"['Male', 'Male']",0,0,2,4,5,Dry,Straight,Level,Lowest,No
7885,12,Florida,120379,1,1,1,0,1,MIAMI,February,16,Thursday,7,45,Urban,High Speed (Arterial),Yes,25.89833056,-80.2099,Non-Intersection,Daylight,Clear,Unknown,Unknown,Unknown EMS Scene Arrival Hour,Unknown EMS Scene Arrival Minutes,Unknown,Unknown EMS Hospital Arrival Time,1,Daylight,Clear,0,1,[],[],0,0,Valid,0.0,1.0,39.0,39.0,['Female'],0,0,2,2,4,Dry,Straight,Level,Lowest,No
7886,12,Florida,120380,0,1,1,0,2,NOT APPLICABLE,February,19,Sunday,16,45,Urban,High Speed (Arterial),Yes,28.24561111,-82.34635,Non-Intersection,Daylight,Clear,Unknown,Unknown,Unknown EMS Scene Arrival Hour,Unknown EMS Scene Arrival Minutes,Unknown,Unknown EMS Hospital Arrival Time,1,Daylight,Clear,1,1,['Driver'],['Shoulder_Lapbelt'],0,0,Valid,0.0,0.0,75.0,75.0,['Male'],0,0,3,4,3,Dry,Straight,Level,Medium,No
7887,12,Florida,120381,1,1,1,0,1,CAPE CORAL,February,22,Wednesday,12,42,Urban,Low Speed (Local),No,26.66416667,-81.98036667,Non-Intersection,Daylight,Clear,Unknown,Unknown,Unknown EMS Scene Arrival Hour,Unknown EMS Scene Arrival Minutes,Unknown,Unknown EMS Hospital Arrival Time,1,Daylight,Clear,0,1,[],[],0,0,Valid,0.0,0.0,70.0,70.0,['Male'],0,0,2,2,4,Dry,Straight,Non-Trafficway,Lowest,No
7888,12,Florida,120382,0,2,2,0,2,NOT APPLICABLE,February,22,Wednesday,21,37,Urban,High Speed (Arterial),No,28.18613889,-82.42765,Complex/Circle,Dark - Not Lighted,Clear,Unknown,Unknown,Unknown EMS Scene Arrival Hour,Unknown EMS Scene Arrival Minutes,Unknown,Unknown EMS Hospital Arrival Time,1,Dark - Unlighted,Clear,1,1,['Driver'],['None_Used'],0,0,Valid,0.0,0.0,62.0,43.0,"['Male', 'Male']",0,0,5,4,5,Dry,Straight,Level,Lowest,No
7889,12,Florida,120383,0,2,2,0,2,NOT APPLICABLE,February,7,Tuesday,14,23,Urban,High Speed (Arterial),No,27.98276111,-82.27766944,Complex/Circle,Daylight,Clear,Unknown,Unknown,Unknown EMS Scene Arrival Hour,Unknown EMS Scene Arrival Minutes,Unknown,Unknown EMS Hospital Arrival Time,2,Daylight,Clear,2,0,"['Driver', 'Driver']","['Shoulder_Lapbelt', 'Shoulder_Lapbelt']",0,0,Valid,0.0,0.0,66.0,36.0,"['Female', 'Male']",0,0,3,4,5,Dry,Straight,Level,Lowest,No
7890,12,Florida,120384,1,1,1,0,1,NOT APPLICABLE,February,15,Wednesday,20,23,Urban,High Speed (Arterial),Yes,28.0188,-82.23251111,Non-Intersection,Dark - Not Lighted,Clear,Unknown,Unknown,Unknown EMS Scene Arrival Hour,Unknown EMS Scene Arrival Minutes,Not Applicable (Not Transported),Not Applicable (Not Transported),1,Dark - Unlighted,Clear,0,1,[],[],0,0,Valid,0.0,0.0,17.0,17.0,['Male'],0,0,3,3,4,Dry,Straight,Level,Lowest,No
7891,12,Florida,120385,1,3,2,1,2,NOT APPLICABLE,February,21,Tuesday,15,48,Rural,Low Speed (Local),No,26.19266667,-81.69404444,Non-Intersection,Daylight,Clear,Unknown,Unknown,Unknown EMS Scene Arrival Hour,Unknown EMS Scene Arrival Minutes,Not Applicable (Not Transported),Not Applicable (Not Transported),1,Daylight,Clear,1,1,['Driver'],['None_Used'],0,0,Valid,0.0,0.0,46.0,27.0,"['Male', 'Male']",0,0,5,4,5,Dry,Curve,Level,Lowest,No
7892,12,Florida,120386,0,2,2,0,5,NOT APPLICABLE,February,21,Tuesday,7,11,Rural,Medium Speed (Collector),No,26.52947778,-80.9812,Non-Intersection,Daylight,"Fog, Smog, Smoke",Unknown,Unknown,Unknown EMS Scene Arrival Hour,Unknown EMS Scene Arrival Minutes,Unknown,Unknown EMS Hospital Arrival Time,1,Daylight,Reduced Visibility,1,4,['Front_Passenger'],['None_Used'],0,0,Valid,0.0,0.0,42.0,38.0,"['Male', 'Male']",0,0,3,4,5,Dry,Straight,Level,Lowest,No
7893,12,Florida,120387,1,1,1,0,1,JACKSONVILLE,February,23,Thursday,21,24,Urban,High Speed (Arterial),Yes,30.31411389,-81.56633056,Non-Intersection,Dark - Lighted,Clear,Unknown,Unknown,Unknown EMS Scene Arrival Hour,Unknown EMS Scene Arrival Minutes,Not Applicable (Not Transported),Not Applicable (Not Transported),1,Dark - Lighted,Clear,0,1,[],[],0,0,Invalid,0.0,0.0,998.0,998.0,['Other'],0,0,1,0,4,Dry,Straight,Level,Lowest,No
7894,12,Florida,120389,1,1,1,0,1,KISSIMMEE,February,22,Wednesday,18,53,Urban,Medium Speed (Collector),No,28.29720833,-81.41320278,Simple Junction,Dark - Lighted,Clear,Unknown,Unknown,Unknown EMS Scene Arrival Hour,Unknown EMS Scene Arrival Minutes,Unknown,Unknown EMS Hospital Arrival Time,1,Dark - Lighted,Clear,0,1,[],[],0,0,Valid,0.0,0.0,45.0,45.0,['Male'],0,0,3,3,4,Dry,Straight,Level,Lowest,No
7895,12,Florida,120390,1,1,1,0,1,NOT APPLICABLE,February,24,Friday,22,29,Urban,High Speed (Arterial),Yes,26.09382222,-81.73566389,Non-Intersection,Dark - Lighted,Clear,Unknown,Unknown,Unknown EMS Scene Arrival Hour,Unknown EMS Scene Arrival Minutes,Not Applicable (Not Transported),Not Applicable (Not Transported),1,Dark - Lighted,Clear,0,1,[],[],0,0,Invalid,0.0,0.0,71.0,71.0,['Male'],0,0,3,3,4,Dry,Straight,Level,Lowest,No
7896,12,Florida,120391,0,2,2,0,4,THONOTOSASSA,February,5,Sunday,1,29,Rural,High Speed (Arterial),Yes,28.14456944,-82.22438056,Complex/Circle,Dark - Not Lighted,Cloudy,Unknown,Unknown,Unknown EMS Scene Arrival Hour,Unknown EMS Scene Arrival Minutes,Unknown,Unknown EMS Hospital Arrival Time,1,Dark - Unlighted,Reduced Visibility,1,3,['Front_Passenger'],['None_Used'],1,1,Valid,0.0,1.0,42.0,18.0,"['Female', 'Male']",0,0,3,4,5,Dry,Straight,Level,Lowest,No
7897,12,Florida,120392,0,2,2,0,2,NOT APPLICABLE,February,6,Monday,19,32,Urban,High Speed (Arterial),No,28.06896389,-81.48473056,Non-Intersection,Dark - Not Lighted,Cloudy,Unknown,Unknown,Unknown EMS Scene Arrival Hour,Unknown EMS Scene Arrival Minutes,Unknown,Unknown EMS Hospital Arrival Time,1,Dark - Unlighted,Reduced Visibility,1,1,['Driver'],['None_Used'],1,1,Valid,0.0,1.0,61.0,25.0,"['Male', 'Male']",0,0,5,4,5,Dry,Straight,Level,Lowest,No
7898,12,Florida,120393,0,2,2,0,2,NOT APPLICABLE,February,17,Friday,5,44,Rural,High Speed (Arterial),No,27.38016111,-80.47285,Complex/Circle,Dark - Not Lighted,Clear,Unknown,Unknown,Unknown EMS Scene Arrival Hour,Unknown EMS Scene Arrival Minutes,Unknown,Unknown EMS Hospital Arrival Time,1,Dark - Unlighted,Clear,1,1,['Driver'],['Shoulder_Lapbelt'],1,1,Valid,1.0,0.0,58.0,51.0,"['Male', 'Male']",0,0,3,4,5,Dry,Straight,Grade/Hillcrest,Lowest,No
7899,12,Florida,120394,1,1,1,0,2,INDIAN RIVER SHORES,February,18,Saturday,14,15,Urban,Medium Speed (Collector),No,27.68305278,-80.36730556,Non-Intersection,Daylight,Cloudy,Unknown,Unknown,Unknown EMS Scene Arrival Hour,Unknown EMS Scene Arrival Minutes,Unknown,Unknown EMS Hospital Arrival Time,1,Daylight,Reduced Visibility,0,2,[],[],0,0,Valid,0.0,0.0,31.0,31.0,['Male'],0,0,2,3,4,Dry,Straight,Level,Lowest,No
7900,12,Florida,120395,0,2,2,0,5,NOT APPLICABLE,February,17,Friday,20,50,Urban,High Speed (Arterial),Yes,29.56296667,-81.22459444,Non-Intersection,Dark - Lighted,Rain,Unknown,Unknown,Unknown EMS Scene Arrival Hour,Unknown EMS Scene Arrival Minutes,Unknown,Unknown EMS Hospital Arrival Time,1,Dark - Lighted,Rain/Wind/Minor,1,4,['Front_Passenger'],['None_Used'],0,0,Valid,0.0,0.0,55.0,49.0,"['Male', 'Male']",0,0,4,4,5,Wet/Standing Water,Straight,Level,Lowest,No
7901,12,Florida,120396,1,2,2,0,3,NOT APPLICABLE,February,20,Monday,19,30,Urban,Medium Speed (Collector),No,28.25564722,-82.67448333,Non-Intersection,Dark - Not Lighted,Clear,7:00pm-7:59pm,30,7:00pm-7:59pm,34,Not Applicable (Not Transported),Not Applicable (Not Transported),1,Dark - Unlighted,Clear,0,3,[],[],0,0,Valid,0.0,0.0,998.0,52.0,"['Female', 'Other']",0,0,2,3,4,Dry,Straight,Level,Lowest,No
7902,12,Florida,120397,1,1,1,0,1,NOT APPLICABLE,February,15,Wednesday,8,45,Urban,Low Speed (Local),No,30.43346944,-86.63511111,Non-Intersection,Daylight,Clear,Unknown,Unknown,Unknown EMS Scene Arrival Hour,Unknown EMS Scene Arrival Minutes,Unknown,Unknown EMS Hospital Arrival Time,1,Daylight,Clear,0,1,[],[],0,0,Valid,0.0,0.0,64.0,64.0,['Male'],0,0,3,1,4,Dry,Straight,Level,Lowest,No
7903,12,Florida,120398,1,1,1,0,4,NOT APPLICABLE,January,25,Wednesday,18,48,Urban,High Speed (Arterial),Yes,28.22995278,-82.21643889,Non-Intersection,Dusk,Clear,6:00pm-6:59pm,48,6:00pm-6:59pm,55,Unknown,Unknown EMS Hospital Arrival Time,1,Twilight,Clear,0,4,[],[],0,0,Invalid,0.0,0.0,74.0,74.0,['Male'],0,0,3,3,4,Dry,Straight,Level,Lowest,No
7904,12,Florida,120399,0,1,1,0,4,HAMMONDVILLE,February,6,Monday,1,33,Urban,Medium Speed (Collector),No,26.23086667,-80.22169167,Non-Intersection,Dark - Lighted,Clear,Unknown,Unknown,Unknown EMS Scene Arrival Hour,Unknown EMS Scene Arrival Minutes,Unknown,Unknown EMS Hospital Arrival Time,1,Dark - Lighted,Clear,1,3,['Front_Passenger'],['None_Used'],0,0,Invalid,0.0,1.0,20.0,20.0,['Male'],0,0,2,4,3,Wet/Standing Water,Curve,Level,Lowest,No
7905,12,Florida,120401,1,1,1,0,1,AVENTURA,February,24,Friday,19,48,Urban,Low Speed (Local),No,25.96012222,-80.14511667,Simple Junction,Dark - Lighted,Clear,Unknown,Unknown,Unknown EMS Scene Arrival Hour,Unknown EMS Scene Arrival Minutes,Not Applicable (Not Transported),Not Applicable (Not Transported),1,Dark - Lighted,Clear,0,1,[],[],0,0,Valid,0.0,0.0,50.0,50.0,['Male'],0,0,4,1,4,Dry,Straight,Level,Lowest,No
7906,12,Florida,120402,1,1,1,0,1,MIAMI,January,30,Monday,11,14,Urban,Medium Speed (Collector),No,25.78027222,-80.21498889,Complex/Circle,Daylight,Clear,Unknown,Unknown,Unknown EMS Scene Arrival Hour,Unknown EMS Scene Arrival Minutes,Not Applicable (Not Transported),Not Applicable (Not Transported),1,Daylight,Clear,0,1,[],[],0,0,Valid,0.0,0.0,59.0,59.0,['Male'],0,0,1,1,4,Dry,Straight,Level,Lowest,No
7907,12,Florida,120403,1,1,1,0,1,MELBOURNE,February,3,Friday,21,57,Urban,Medium Speed (Collector),No,28.12159444,-80.66979444,Non-Intersection,Dark - Lighted,Clear,Unknown,Unknown,Unknown EMS Scene Arrival Hour,Unknown EMS Scene Arrival Minutes,Unknown,Unknown EMS Hospital Arrival Time,1,Dark - Lighted,Clear,0,1,[],[],0,0,Valid,0.0,0.0,62.0,62.0,['Male'],0,0,3,4,4,Dry,Straight,Level,Lowest,No
7908,12,Florida,120404,0,2,2,0,3,NOT APPLICABLE,February,3,Friday,11,35,Urban,Medium Speed (Collector),No,29.09173333,-82.16905556,Complex/Circle,Daylight,Clear,Unknown,Unknown,Unknown EMS Scene Arrival Hour,Unknown EMS Scene Arrival Minutes,Unknown,Unknown EMS Hospital Arrival Time,1,Daylight,Clear,1,2,['Driver'],['Shoulder_Lapbelt'],0,0,Valid,1.0,0.0,81.0,52.0,"['Male', 'Female']",0,0,3,4,5,Dry,Straight,Level,Lowest,No
7909,12,Florida,120405,0,2,2,0,2,NOT APPLICABLE,February,21,Tuesday,5,45,Urban,High Speed (Arterial),Yes,30.18875833,-81.73951389,Non-Intersection,Dark - Lighted,Clear,Unknown,Unknown,Unknown EMS Scene Arrival Hour,Unknown EMS Scene Arrival Minutes,Unknown,Unknown EMS Hospital Arrival Time,1,Dark - Lighted,Clear,1,1,['Driver'],['None_Used'],1,1,Invalid,0.0,0.0,50.0,19.0,"['Male', 'Male']",0,0,5,4,5,Dry,Straight,Level,Lowest,Yes
7910,12,Florida,120406,0,2,2,0,2,NOT APPLICABLE,February,12,Sunday,15,24,Urban,Medium Speed (Collector),No,30.32706111,-87.37593889,Simple Junction,Daylight,Clear,Unknown,Unknown,Unknown EMS Scene Arrival Hour,Unknown EMS Scene Arrival Minutes,Unknown,Unknown EMS Hospital Arrival Time,1,Daylight,Clear,1,1,['Driver'],['Shoulder_Lapbelt'],0,0,Valid,0.0,0.0,80.0,71.0,"['Male', 'Male']",0,0,3,4,5,Dry,Straight,Grade/Hillcrest,Lowest,No
7911,12,Florida,120407,1,1,1,0,1,CAPE CORAL,January,31,Tuesday,15,58,Urban,Medium Speed (Collector),No,26.62561111,-81.95638611,Non-Intersection,Daylight,Clear,Unknown,Unknown,Unknown EMS Scene Arrival Hour,Unknown EMS Scene Arrival Minutes,Unknown,Unknown EMS Hospital Arrival Time,1,Daylight,Clear,0,1,[],[],0,0,Valid,0.0,0.0,39.0,39.0,['Male'],0,0,1,1,4,Dry,Straight,Level,Lowest,No
7912,12,Florida,120408,0,2,2,0,4,NOT APPLICABLE,February,16,Thursday,16,15,Urban,Medium Speed (Collector),No,29.10134444,-82.00948333,Non-Intersection,Daylight,Clear,Unknown,Unknown,Unknown EMS Scene Arrival Hour,Unknown EMS Scene Arrival Minutes,Unknown,Unknown EMS Hospital Arrival Time,1,Daylight,Clear,1,3,['Front_Passenger'],['None_Used'],0,0,Valid,0.0,1.0,21.0,16.0,"['Female', 'Male']",0,0,3,4,5,Dry,Straight,Level,Lowest,No
7913,12,Florida,120409,0,2,2,0,4,BRADENTON,January,16,Monday,12,0,Urban,High Speed (Arterial),Yes,27.49843611,-82.50448056,Complex/Circle,Daylight,Clear,Unknown,Unknown,Unknown EMS Scene Arrival Hour,Unknown EMS Scene Arrival Minutes,Unknown,Unknown EMS Hospital Arrival Time,1,Daylight,Clear,1,3,['Rear_Seat'],['Shoulder_Lapbelt'],0,0,Valid,0.0,1.0,61.0,33.0,"['Female', 'Female']",0,0,3,4,5,Dry,Curve,Level,Lowest,No
7914,12,Florida,120410,1,1,1,0,1,NOT APPLICABLE,March,1,Wednesday,19,50,Urban,Medium Speed (Collector),No,27.26742778,-82.51595,Non-Intersection,Dark - Lighted,Clear,Unknown,Unknown,Unknown EMS Scene Arrival Hour,Unknown EMS Scene Arrival Minutes,Unknown,Unknown EMS Hospital Arrival Time,1,Dark - Lighted,Clear,0,1,[],[],0,0,Valid,0.0,1.0,23.0,23.0,['Female'],0,0,3,3,4,Dry,Straight,Level,Lowest,No
7915,12,Florida,120411,0,1,1,0,1,SAINT AUGUSTINE,January,22,Sunday,10,35,Rural,Medium Speed (Collector),No,29.93521944,-81.56876389,Non-Intersection,Daylight,Clear,Unknown,Unknown,Unknown EMS Scene Arrival Hour,Unknown EMS Scene Arrival Minutes,Not Applicable (Not Transported),Not Applicable (Not Transported),1,Daylight,Clear,1,0,['Driver'],['Shoulder_Lapbelt'],0,0,Valid,0.0,0.0,19.0,19.0,['Male'],1,0,2,4,3,Dry,Straight,Level,Lowest,No
7916,12,Florida,120412,0,3,2,1,4,NOT APPLICABLE,February,10,Friday,23,10,Urban,High Speed (Arterial),Yes,25.87542222,-80.24270833,Simple Junction,Dark - Lighted,Clear,Unknown,Unknown,Unknown EMS Scene Arrival Hour,Unknown EMS Scene Arrival Minutes,Unknown,Unknown EMS Hospital Arrival Time,2,Dark - Lighted,Clear,2,2,"['Driver', 'Front_Passenger']","['None_Used', 'None_Used']",0,0,Invalid,0.0,0.0,53.0,19.0,"['Male', 'Female']",3,0,3,4,5,Dry,Straight,Level,Lowest,No
7917,12,Florida,120413,0,2,2,0,3,NOT APPLICABLE,March,1,Wednesday,7,50,Urban,High Speed (Arterial),Yes,29.91266111,-82.13391667,Non-Intersection,Daylight,Clear,Unknown,Unknown,Unknown EMS Scene Arrival Hour,Unknown EMS Scene Arrival Minutes,Unknown,Unknown EMS Hospital Arrival Time,1,Daylight,Clear,1,2,['Front_Passenger'],['Shoulder_Lapbelt'],0,0,Valid,0.0,0.0,70.0,29.0,"['Male', 'Male']",0,0,3,4,5,Dry,Straight,Level,Lowest,No
7918,12,Florida,120414,0,2,2,0,2,NOT APPLICABLE,February,25,Saturday,22,30,Urban,High Speed (Arterial),Yes,28.3429,-81.41934722,Non-Intersection,Dark - Lighted,Clear,Unknown,Unknown,Unknown EMS Scene Arrival Hour,Unknown EMS Scene Arrival Minutes,Unknown,Unknown EMS Hospital Arrival Time,1,Dark - Lighted,Clear,1,1,['Driver'],['None_Used'],0,0,Invalid,0.0,0.0,58.0,21.0,"['Male', 'Female']",0,0,5,4,5,Dry,Curve,Level,Lowest,No
7919,12,Florida,120415,0,1,1,0,1,PLANTATION,February,28,Tuesday,2,12,Urban,Low Speed (Local),No,26.12411111,-80.23847222,Non-Intersection,Dark - Not Lighted,Clear,Unknown,Unknown,Unknown EMS Scene Arrival Hour,Unknown EMS Scene Arrival Minutes,Not Applicable (Not Transported),Not Applicable (Not Transported),1,Dark - Unlighted,Clear,1,0,['Driver'],['Shoulder_Lapbelt'],1,1,Valid,0.0,0.0,25.0,25.0,['Female'],1,0,2,4,3,Dry,Curve,Level,Lowest,No
7920,12,Florida,120416,0,1,1,0,1,HOLLYWOOD,March,1,Wednesday,2,48,Urban,High Speed (Arterial),Yes,25.99623889,-80.16723889,Non-Intersection,Dark - Lighted,Clear,Unknown,Unknown,Unknown EMS Scene Arrival Hour,Unknown EMS Scene Arrival Minutes,Not Applicable (Not Transported),Not Applicable (Not Transported),1,Dark - Lighted,Clear,1,0,['Driver'],['None_Used'],0,0,Valid,0.0,0.0,55.0,55.0,['Male'],0,0,3,4,4,Dry,Straight,Level,Lowest,No
7921,12,Florida,120417,0,2,2,0,4,BELLE GLADE,March,1,Wednesday,16,56,Urban,Medium Speed (Collector),No,26.94249444,-80.23115,Complex/Circle,Daylight,Clear,Unknown,Unknown,Unknown EMS Scene Arrival Hour,Unknown EMS Scene Arrival Minutes,Unknown,Unknown EMS Hospital Arrival Time,1,Daylight,Clear,1,3,['Front_Passenger'],['Shoulder_Lapbelt'],0,0,Valid,0.0,0.0,72.0,16.0,"['Female', 'Male']",0,0,3,4,5,Dry,Straight,Level,Lowest,No
7922,12,Florida,120418,1,1,1,0,1,PAHOKEE,March,1,Wednesday,15,32,Urban,Medium Speed (Collector),No,26.82276944,-80.6668,Non-Intersection,Daylight,Clear,Unknown,Unknown,Unknown EMS Scene Arrival Hour,Unknown EMS Scene Arrival Minutes,Not Applicable (Not Transported),Not Applicable (Not Transported),1,Daylight,Clear,0,1,[],[],0,0,Invalid,0.0,0.0,33.0,33.0,['Male'],0,0,3,3,4,Dry,Straight,Level,Lowest,No
7923,12,Florida,120419,1,1,1,0,2,NOT APPLICABLE,March,1,Wednesday,20,19,Urban,Medium Speed (Collector),No,28.61382222,-81.48053333,Simple Junction,Dark - Lighted,Clear,Unknown,Unknown,Unknown EMS Scene Arrival Hour,Unknown EMS Scene Arrival Minutes,Not Applicable (Not Transported),Not Applicable (Not Transported),1,Dark - Lighted,Clear,0,2,[],[],0,0,Valid,0.0,3.0,39.0,39.0,['Male'],0,0,2,3,4,Dry,Straight,Level,Lowest,No
7924,12,Florida,120420,0,2,2,0,3,JACKSONVILLE,March,2,Thursday,4,19,Urban,High Speed (Arterial),Yes,30.10516944,-81.51605278,Non-Intersection,Dark - Lighted,Cloudy,Unknown,Unknown,Unknown EMS Scene Arrival Hour,Unknown EMS Scene Arrival Minutes,Unknown,Unknown EMS Hospital Arrival Time,1,Dark - Lighted,Reduced Visibility,1,2,['Front_Passenger'],['Shoulder_Lapbelt'],0,0,Valid,0.0,0.0,36.0,22.0,"['Male', 'Male']",0,0,4,4,5,Dry,Straight,Level,Lowest,No
7925,12,Florida,120421,1,1,1,0,2,NOT APPLICABLE,March,2,Thursday,20,50,Urban,High Speed (Arterial),Yes,28.55345278,-81.10626111,Complex/Circle,Dark - Lighted,Clear,Unknown,Unknown,Unknown EMS Scene Arrival Hour,Unknown EMS Scene Arrival Minutes,Unknown,Unknown EMS Hospital Arrival Time,1,Dark - Lighted,Clear,0,2,[],[],0,0,Valid,0.0,0.0,37.0,37.0,['Male'],0,0,3,4,4,Dry,Straight,Level,Lowest,No
7926,12,Florida,120422,1,1,1,0,1,CLEARWATER,February,7,Tuesday,21,17,Urban,High Speed (Arterial),Yes,27.96045,-82.74552778,Non-Intersection,Dark - Lighted,Clear,Unknown,Unknown,Unknown EMS Scene Arrival Hour,Unknown EMS Scene Arrival Minutes,Unknown,Unknown EMS Hospital Arrival Time,1,Dark - Lighted,Clear,0,1,[],[],0,0,Invalid,0.0,0.0,998.0,998.0,['Other'],0,0,1,0,4,Dry,Straight,Level,Lowest,No
7927,12,Florida,120423,0,1,1,0,1,BOCA RATON,February,17,Friday,12,44,Urban,Medium Speed (Collector),No,26.38657222,-80.10999167,Non-Intersection,Daylight,Cloudy,Unknown,Unknown,Unknown EMS Scene Arrival Hour,Unknown EMS Scene Arrival Minutes,Not Applicable (Not Transported),Not Applicable (Not Transported),1,Daylight,Reduced Visibility,1,0,['Driver'],['None_Used'],0,0,Valid,1.0,0.0,34.0,34.0,['Female'],0,0,2,4,3,Dry,Straight,Grade/Hillcrest,Lowest,No
7928,12,Florida,120424,1,1,1,0,1,NOT APPLICABLE,February,26,Sunday,19,20,Urban,Medium Speed (Collector),No,28.2014,-82.39836389,Non-Intersection,Dark - Not Lighted,Clear,7:00pm-7:59pm,12,7:00pm-7:59pm,22,Not Applicable (Not Transported),Not Applicable (Not Transported),1,Dark - Unlighted,Clear,0,1,[],[],0,0,Valid,0.0,0.0,61.0,61.0,['Female'],0,0,3,3,4,Dry,Curve,Level,Lowest,No
7929,12,Florida,120425,0,3,3,0,3,NOT APPLICABLE,March,4,Saturday,19,20,Urban,Medium Speed (Collector),No,28.109275,-81.9268,Non-Intersection,Dark - Not Lighted,Clear,Unknown,Unknown,Unknown EMS Scene Arrival Hour,Unknown EMS Scene Arrival Minutes,Unknown,Unknown EMS Hospital Arrival Time,1,Dark - Unlighted,Clear,1,2,['Driver'],['None_Used'],1,1,Valid,0.0,0.0,45.0,35.0,"['Male', 'Male', 'Female']",1,0,5,4,5,Dry,Straight,Level,Lowest,No
7930,12,Florida,120426,1,1,1,0,2,ORMOND BEACH,March,5,Sunday,20,30,Urban,High Speed (Arterial),Yes,29.25316389,-81.11481667,Non-Intersection,Dark - Not Lighted,Clear,Unknown,Unknown,Unknown EMS Scene Arrival Hour,Unknown EMS Scene Arrival Minutes,Not Applicable (Not Transported),Not Applicable (Not Transported),1,Dark - Unlighted,Clear,0,2,[],[],0,0,Valid,0.0,1.0,24.0,24.0,['Male'],0,0,2,4,4,Dry,Straight,Level,Lowest,No
7931,12,Florida,120427,1,3,3,0,4,LAKELAND,March,5,Sunday,17,38,Urban,High Speed (Arterial),Yes,28.077575,-81.96253056,Non-Intersection,Daylight,Clear,Unknown,Unknown,Unknown EMS Scene Arrival Hour,Unknown EMS Scene Arrival Minutes,Unknown,Unknown EMS Hospital Arrival Time,1,Daylight,Clear,0,4,[],[],0,0,Valid,1.0,1.0,44.0,25.0,"['Male', 'Male', 'Male']",0,0,3,4,5,Dry,Straight,Level,Lowest,No
7932,12,Florida,120428,1,1,1,0,2,BOCA RATON,March,3,Friday,8,10,Urban,High Speed (Arterial),Yes,26.35041111,-80.08629722,Complex/Circle,Daylight,Clear,Unknown,Unknown,Unknown EMS Scene Arrival Hour,Unknown EMS Scene Arrival Minutes,Unknown,Unknown EMS Hospital Arrival Time,1,Daylight,Clear,0,2,[],[],0,0,Valid,0.0,0.0,52.0,52.0,['Male'],0,0,3,3,4,Dry,Straight,Level,Lowest,No
7933,12,Florida,120429,1,1,1,0,1,MIAMI,March,3,Friday,5,34,Urban,High Speed (Arterial),Yes,25.80870556,-80.25472778,Non-Intersection,Dawn,Clear,Unknown,Unknown,Unknown EMS Scene Arrival Hour,Unknown EMS Scene Arrival Minutes,Unknown,Unknown EMS Hospital Arrival Time,1,Twilight,Clear,0,1,[],[],0,0,Valid,0.0,0.0,56.0,56.0,['Male'],0,0,3,2,4,Dry,Straight,Level,Lowest,No
7934,12,Florida,120430,0,2,2,0,4,NOT APPLICABLE,March,3,Friday,3,25,Urban,High Speed (Arterial),Yes,28.44748889,-81.41886667,Non-Intersection,Dark - Lighted,Clear,Unknown,Unknown,Unknown EMS Scene Arrival Hour,Unknown EMS Scene Arrival Minutes,Unknown,Unknown EMS Hospital Arrival Time,1,Dark - Lighted,Clear,1,3,['Driver'],['None_Used'],0,0,Valid,0.0,0.0,28.0,27.0,"['Female', 'Male']",0,0,3,4,5,Dry,Straight,Level,Lowest,No
7935,12,Florida,120431,0,1,1,0,1,NOT APPLICABLE,March,3,Friday,14,38,Urban,Medium Speed (Collector),No,28.39665278,-80.82076389,Non-Intersection,Daylight,Cloudy,Unknown,Unknown,Unknown EMS Scene Arrival Hour,Unknown EMS Scene Arrival Minutes,Unknown,Unknown EMS Hospital Arrival Time,1,Daylight,Reduced Visibility,1,0,['Driver'],['None_Used'],0,0,Valid,0.0,0.0,26.0,26.0,['Male'],0,0,3,4,3,Dry,Straight,Level,Lowest,No