,State_Code,State_Name,Crash_ID,Count_Non_Motorists,Count_Vehicles_Total,Count_Vehicle_Forms,Count_PVH_Involved,Count_Occupants_MV,City_Name,Month_Name,Day_of_Month,Day_of_Week,Crash_Hour,Crash_Minute,Area_Rural_Urban,Road_Functional_Class,On_NHS_Road,Latitude,Longitude,Intersection_Type,Light_Condition,Weather_Condition,Notif_Hour,Notif_Minute,Arrival_Hour,Arrival_Minute,Hospital_Hour,Hospital_Minute,Fatalities_Count,Clean_Light_Condition,Clean_Weather_Condition,Total_Killed,Total_Alive,Fatal_Seats_List,Killed_Restraint_List,Any_Driver_Drinking,Total_Drinking_Drivers,Driver_License_Category,Driver_Max_Prev_Accident_Count,Driver_Max_Prev_Speeding_Count,Max_Driver_Age,Min_Driver_Age,Driver_Sex_List,Total_Exceeding_Limit_Vehicles,Total_Too_Fast_Vehicles,Max_Vehicle_Type_Severity_5,Max_Vehicle_Damage_Rank,Max_Harmful_Event_Severity,Crash_Road_Surface_Condition,Crash_Horizontal_Alignment,Crash_Vertical_Profile,Crash_Impairment_Category,Crash_Vehicle_Defect
7936,12,Florida,120432,1,1,1,0,1,NOT APPLICABLE,March,3,Friday,23,47,Urban,Medium Speed (Collector),No,29.091775,-81.32088333,Non-Intersection,Dark - Not Lighted,Clear,Unknown,Unknown,Unknown EMS Scene Arrival Hour,Unknown EMS Scene Arrival Minutes,Not Applicable (Not Transported),Not Applicable (Not Transported),1,Dark - Unlighted,Clear,0,1,[],[],0,0,Valid,0.0,0.0,62.0,62.0,['Male'],0,0,3,2,4,Dry,Straight,Level,Lowest,No
7937,12,Florida,120433,0,1,1,0,1,JUPITER,March,4,Saturday,1,31,Urban,Medium Speed (Collector),No,26.91105556,-80.12808333,Complex/Circle,Dark - Lighted,Clear,Unknown,Unknown,Unknown EMS Scene Arrival Hour,Unknown EMS Scene Arrival Minutes,Unknown,Unknown EMS Hospital Arrival Time,1,Dark - Lighted,Clear,1,0,['Driver'],['Shoulder_Lapbelt'],0,0,Valid,0.0,2.0,22.0,22.0,['Male'],0,0,2,4,3,Wet/Standing Water,Curve,Level,Lowest,No
7938,12,Florida,120434,0,2,2,0,2,NOT APPLICABLE,March,4,Saturday,13,6,Urban,Medium Speed (Collector),No,27.26935556,-82.48928333,Complex/Circle,Daylight,Clear,Unknown,Unknown,Unknown EMS Scene Arrival Hour,Unknown EMS Scene Arrival Minutes,Unknown,Unknown EMS Hospital Arrival Time,1,Daylight,Clear,1,1,['Driver'],['None_Used'],0,0,Valid,0.0,0.0,67.0,20.0,"['Male', 'Female']",1,0,5,4,5,Dry,Straight,Level,Lowest,No
7939,12,Florida,120435,0,2,2,0,2,NOT APPLICABLE,March,4,Saturday,6,39,Urban,Medium Speed (Collector),No,27.29881389,-82.449325,Complex/Circle,Dark - Not Lighted,Clear,Unknown,Unknown,Unknown EMS Scene Arrival Hour,Unknown EMS Scene Arrival Minutes,Unknown,Unknown EMS Hospital Arrival Time,1,Dark - Unlighted,Clear,1,1,['Driver'],['None_Used'],0,0,Valid,0.0,1.0,31.0,20.0,"['Female', 'Male']",0,0,5,4,5,Dry,Straight,Level,Lowest,No
7940,12,Florida,120436,0,1,1,0,5,NOT APPLICABLE,March,4,Saturday,10,36,Rural,High Speed (Arterial),Yes,30.07455556,-82.06602778,Non-Intersection,Daylight,Rain,Unknown,Unknown,Unknown EMS Scene Arrival Hour,Unknown EMS Scene Arrival Minutes,Unknown,Unknown EMS Hospital Arrival Time,2,Daylight,Rain/Wind/Minor,2,3,"['Driver', 'Front_Passenger']","['Shoulder_Only', 'None_Used']",0,0,Valid,0.0,1.0,40.0,40.0,['Female'],0,0,3,4,3,Wet/Standing Water,Straight,Level,Lowest,No
7941,12,Florida,120437,0,1,1,0,1,NOT APPLICABLE,March,4,Saturday,5,1,Urban,Medium Speed (Collector),No,27.95265,-82.043275,Non-Intersection,Dark - Not Lighted,Clear,Unknown,Unknown,Unknown EMS Scene Arrival Hour,Unknown EMS Scene Arrival Minutes,Unknown,Unknown EMS Hospital Arrival Time,1,Dark - Unlighted,Clear,1,0,['Driver'],['None_Used'],1,1,Valid,0.0,0.0,25.0,25.0,['Male'],0,0,3,4,3,Dry,Straight,Level,Lowest,No
7942,12,Florida,120438,0,2,2,0,3,BOYNTON BEACH,February,17,Friday,9,42,Urban,Medium Speed (Collector),No,26.52396389,-80.07925278,Non-Intersection,Daylight,Clear,Unknown,Unknown,Unknown EMS Scene Arrival Hour,Unknown EMS Scene Arrival Minutes,Unknown,Unknown EMS Hospital Arrival Time,1,Daylight,Clear,1,2,['Driver'],['Shoulder_Lapbelt'],0,0,Valid,0.0,1.0,45.0,27.0,"['Male', 'Female']",0,0,2,4,5,Dry,Curve,Level,Lowest,No
7943,12,Florida,120439,0,2,2,0,2,PLANT CITY,March,12,Sunday,5,23,Urban,High Speed (Arterial),Yes,27.92710278,-82.07041389,Non-Intersection,Dark - Not Lighted,Clear,Unknown,Unknown,Unknown EMS Scene Arrival Hour,Unknown EMS Scene Arrival Minutes,Not Applicable (Not Transported),Not Applicable (Not Transported),1,Dark - Unlighted,Clear,1,1,['Driver'],['None_Used'],1,1,Invalid,0.0,1.0,35.0,31.0,"['Male', 'Male']",0,0,4,4,5,Dry,Straight,Level,Lowest,No
7944,12,Florida,120440,0,3,3,0,3,PANAMA CITY,February,27,Monday,20,2,Urban,High Speed (Arterial),Yes,30.182925,-85.65005556,Complex/Circle,Dark - Lighted,Cloudy,Unknown,Unknown,Unknown EMS Scene Arrival Hour,Unknown EMS Scene Arrival Minutes,Unknown,Unknown EMS Hospital Arrival Time,1,Dark - Lighted,Reduced Visibility,1,2,['Driver'],['None_Used'],1,1,Invalid,0.0,1.0,51.0,36.0,"['Male', 'Male', 'Male']",0,0,3,4,5,Dry,Straight,Level,Lowest,No
7945,12,Florida,120441,0,3,3,0,4,NOT APPLICABLE,March,1,Wednesday,18,30,Urban,Medium Speed (Collector),No,30.06298056,-81.53118611,Non-Intersection,Dusk,Clear,Unknown,Unknown,Unknown EMS Scene Arrival Hour,Unknown EMS Scene Arrival Minutes,Unknown,Unknown EMS Hospital Arrival Time,1,Twilight,Clear,1,3,['Driver'],['None_Used'],1,1,Valid,1.0,2.0,52.0,26.0,"['Female', 'Female', 'Male']",0,0,3,4,5,Dry,Straight,Level,Lowest,No
7946,12,Florida,120442,2,3,1,2,1,NOT APPLICABLE,March,1,Wednesday,6,20,Rural,Medium Speed (Collector),No,27.87641111,-82.07808333,Non-Intersection,Dark - Not Lighted,"Fog, Smog, Smoke",Unknown,Unknown,Unknown EMS Scene Arrival Hour,Unknown EMS Scene Arrival Minutes,Unknown,Unknown EMS Hospital Arrival Time,1,Dark - Unlighted,Reduced Visibility,0,1,[],[],0,0,Valid,0.0,0.0,48.0,48.0,['Male'],0,0,3,3,5,Wet/Standing Water,Straight,Level,Lowest,No
7947,12,Florida,120443,0,2,2,0,2,NOT APPLICABLE,March,7,Tuesday,0,34,Urban,High Speed (Arterial),Yes,28.17726389,-82.39142222,Non-Intersection,Dark - Lighted,Clear,0:00am-0:59am,34,0:00am-0:59am,43,Unknown,Unknown EMS Hospital Arrival Time,1,Dark - Lighted,Clear,1,1,['Driver'],['None_Used'],0,0,Valid,0.0,1.0,56.0,22.0,"['Male', 'Male']",0,0,5,4,5,Dry,Straight,Level,Lowest,No
7948,12,Florida,120444,1,1,1,0,1,NOT APPLICABLE,March,7,Tuesday,21,10,Rural,Low Speed (Local),No,30.43150278,-87.26431111,Non-Intersection,Dark - Not Lighted,Clear,Unknown,Unknown,Unknown EMS Scene Arrival Hour,Unknown EMS Scene Arrival Minutes,Not Applicable (Not Transported),Not Applicable (Not Transported),1,Dark - Unlighted,Clear,0,1,[],[],0,0,Invalid,0.0,0.0,25.0,25.0,['Male'],0,0,3,4,4,Dry,Straight,Level,Lowest,No
7949,12,Florida,120445,1,1,1,0,1,NOT APPLICABLE,March,7,Tuesday,21,30,Urban,Low Speed (Local),No,26.575675,-80.08975556,Simple Junction,Dark - Lighted,Clear,Unknown,Unknown,Unknown EMS Scene Arrival Hour,Unknown EMS Scene Arrival Minutes,Not Applicable (Not Transported),Not Applicable (Not Transported),1,Dark - Lighted,Clear,0,1,[],[],0,0,Valid,0.0,0.0,45.0,45.0,['Female'],0,0,3,2,4,Dry,Straight,Level,Lowest,No
7950,12,Florida,120446,0,1,1,0,1,PORT ORANGE,March,7,Tuesday,21,52,Urban,High Speed (Arterial),Yes,29.12950556,-80.98110833,Non-Intersection,Dark - Lighted,Clear,Unknown,Unknown,Unknown EMS Scene Arrival Hour,Unknown EMS Scene Arrival Minutes,Not Applicable (Not Transported),Not Applicable (Not Transported),1,Dark - Lighted,Clear,1,0,['Driver'],['None_Used'],1,1,Valid,0.0,0.0,69.0,69.0,['Male'],0,0,5,4,2,Dry,Straight,Level,Lowest,No
7951,12,Florida,120448,1,1,1,0,1,NOT APPLICABLE,March,6,Monday,3,23,Rural,High Speed (Arterial),Yes,28.14043056,-81.8971,Non-Intersection,Dark - Lighted,"Fog, Smog, Smoke",Unknown,Unknown,Unknown EMS Scene Arrival Hour,Unknown EMS Scene Arrival Minutes,Not Applicable (Not Transported),Not Applicable (Not Transported),1,Dark - Lighted,Reduced Visibility,0,1,[],[],0,0,Valid,0.0,0.0,39.0,39.0,['Male'],0,0,4,3,4,Dry,Straight,Level,Lowest,No
7952,12,Florida,120449,1,1,1,0,1,NOT APPLICABLE,March,2,Thursday,11,35,Urban,Medium Speed (Collector),No,28.02533611,-82.50329722,Non-Intersection,Daylight,Cloudy,Unknown,Unknown,Unknown EMS Scene Arrival Hour,Unknown EMS Scene Arrival Minutes,Unknown,Unknown EMS Hospital Arrival Time,1,Daylight,Reduced Visibility,0,1,[],[],0,0,Valid,0.0,0.0,74.0,74.0,['Female'],0,0,2,3,4,Dry,Straight,Level,Lowest,No
7953,12,Florida,120450,1,1,1,0,1,NOT APPLICABLE,March,6,Monday,6,24,Urban,High Speed (Arterial),Yes,26.45627222,-81.82438889,Non-Intersection,Dawn,Clear,Unknown,Unknown,Unknown EMS Scene Arrival Hour,Unknown EMS Scene Arrival Minutes,Not Applicable (Not Transported),Not Applicable (Not Transported),1,Twilight,Clear,0,1,[],[],0,0,Valid,0.0,0.0,28.0,28.0,['Male'],0,0,2,4,4,Dry,Straight,Level,Lowest,No
7954,12,Florida,120451,1,1,1,0,1,NOT APPLICABLE,March,6,Monday,2,40,Rural,High Speed (Arterial),Yes,29.61551667,-83.093375,Non-Intersection,Dark - Not Lighted,Clear,Unknown,Unknown,Unknown EMS Scene Arrival Hour,Unknown EMS Scene Arrival Minutes,Unknown,Unknown EMS Hospital Arrival Time,1,Dark - Unlighted,Clear,0,1,[],[],0,0,Invalid,0.0,0.0,999.0,999.0,['Other'],0,0,1,0,4,Dry,Straight,Level,Lowest,No
7955,12,Florida,120452,0,3,3,0,3,NOT APPLICABLE,March,2,Thursday,17,18,Urban,High Speed (Arterial),Yes,28.03543056,-80.65686111,Non-Intersection,Daylight,Clear,Unknown,Unknown,Unknown EMS Scene Arrival Hour,Unknown EMS Scene Arrival Minutes,Unknown,Unknown EMS Hospital Arrival Time,1,Daylight,Clear,1,2,['Driver'],['None_Used'],0,0,Valid,0.0,0.0,34.0,17.0,"['Male', 'Male', 'Male']",0,0,5,4,5,Dry,Straight,Level,Lowest,No
7956,12,Florida,120453,1,1,1,0,1,TAMPA,March,8,Wednesday,6,44,Urban,High Speed (Arterial),Yes,27.89499444,-82.36792778,Non-Intersection,Dark - Lighted,Clear,Unknown,Unknown,Unknown EMS Scene Arrival Hour,Unknown EMS Scene Arrival Minutes,Not Applicable (Not Transported),Not Applicable (Not Transported),1,Dark - Lighted,Clear,0,1,[],[],0,0,Valid,0.0,0.0,37.0,37.0,['Male'],0,0,3,3,4,Dry,Straight,Level,Lowest,No
7957,12,Florida,120454,0,2,2,0,4,NOT APPLICABLE,March,8,Wednesday,20,41,Urban,High Speed (Arterial),Yes,28.34813611,-81.23196667,Simple Junction,Dark - Lighted,Clear,Unknown,Unknown,Unknown EMS Scene Arrival Hour,Unknown EMS Scene Arrival Minutes,Unknown,Unknown EMS Hospital Arrival Time,1,Dark - Lighted,Clear,1,3,['Front_Passenger'],['Shoulder_Lapbelt'],0,0,Valid,1.0,0.0,73.0,71.0,"['Male', 'Male']",0,0,3,4,5,Dry,Straight,Level,Lowest,No
7958,12,Florida,120455,1,1,1,0,1,DAVIE,March,5,Sunday,5,42,Urban,High Speed (Arterial),Yes,26.08317778,-80.20363056,Non-Intersection,Dark - Unknown Lighting,Clear,Unknown,Unknown,Unknown EMS Scene Arrival Hour,Unknown EMS Scene Arrival Minutes,Not Applicable (Not Transported),Not Applicable (Not Transported),1,Dark - Unlighted,Clear,0,1,[],[],0,0,Valid,0.0,0.0,25.0,25.0,['Female'],0,0,2,4,4,Dry,Straight,Level,Lowest,No
7959,12,Florida,120456,1,1,1,0,1,NOT APPLICABLE,March,3,Friday,19,39,Urban,Medium Speed (Collector),No,27.28105278,-80.20986111,Non-Intersection,Dark - Not Lighted,Clear,Unknown,Unknown,Unknown EMS Scene Arrival Hour,Unknown EMS Scene Arrival Minutes,Unknown,Unknown EMS Hospital Arrival Time,1,Dark - Unlighted,Clear,0,1,[],[],0,0,Invalid,0.0,0.0,999.0,999.0,['Other'],0,0,1,0,4,Dry,Straight,Level,Lowest,No
7960,12,Florida,120457,0,1,1,0,2,JACKSONVILLE,March,9,Thursday,18,18,Urban,High Speed (Arterial),Yes,30.5176,-81.63522222,Non-Intersection,Daylight,Clear,Unknown,Unknown,Unknown EMS Scene Arrival Hour,Unknown EMS Scene Arrival Minutes,Unknown,Unknown EMS Hospital Arrival Time,1,Daylight,Clear,1,1,['Front_Passenger'],['None_Used'],0,0,Valid,0.0,0.0,53.0,53.0,['Male'],0,0,2,4,3,Dry,Straight,Level,Lowest,No
7961,12,Florida,120458,0,1,1,0,1,NOT APPLICABLE,March,9,Thursday,7,27,Rural,Low Speed (Local),No,29.95971944,-83.58129444,Non-Intersection,Daylight,Clear,Unknown,Unknown,Unknown EMS Scene Arrival Hour,Unknown EMS Scene Arrival Minutes,Not Applicable (Not Transported),Not Applicable (Not Transported),1,Daylight,Clear,1,0,['Driver'],['None_Used'],0,0,Invalid,0.0,0.0,52.0,52.0,['Female'],0,0,2,4,3,Dry,Curve,Level,Lowest,No
7962,12,Florida,120459,1,1,1,0,1,NOT APPLICABLE,March,6,Monday,17,4,Urban,Medium Speed (Collector),No,28.51258889,-81.28433611,Simple Junction,Daylight,Clear,Unknown,Unknown,Unknown EMS Scene Arrival Hour,Unknown EMS Scene Arrival Minutes,Not Applicable (Not Transported),Not Applicable (Not Transported),1,Daylight,Clear,0,1,[],[],0,0,Valid,0.0,0.0,40.0,40.0,['Male'],0,0,2,4,4,Dry,Straight,Level,Lowest,No
7963,12,Florida,120460,0,2,2,0,2,CAPE CORAL,March,9,Thursday,12,2,Urban,Low Speed (Local),No,26.65173056,-82.05601667,Simple Junction,Daylight,Clear,Unknown,Unknown,Unknown EMS Scene Arrival Hour,Unknown EMS Scene Arrival Minutes,Unknown,Unknown EMS Hospital Arrival Time,1,Daylight,Clear,1,1,['Driver'],['None_Used'],0,0,Valid,1.0,0.0,72.0,58.0,"['Female', 'Male']",0,0,5,4,5,Dry,Straight,Level,Lowest,No
7964,12,Florida,120461,0,1,1,0,2,NOT APPLICABLE,March,7,Tuesday,2,57,Rural,Medium Speed (Collector),No,29.45387778,-81.13723889,Non-Intersection,Dark - Not Lighted,Clear,Unknown,Unknown,Unknown EMS Scene Arrival Hour,Unknown EMS Scene Arrival Minutes,Not Applicable (Not Transported),Not Applicable (Not Transported),1,Dark - Unlighted,Clear,1,1,['Driver'],['None_Used'],1,1,Valid,1.0,2.0,21.0,21.0,['Male'],0,0,5,4,3,Dry,Curve,Level,Lowest,No
7965,12,Florida,120462,0,1,1,0,1,NOT APPLICABLE,February,22,Wednesday,22,49,Urban,Medium Speed (Collector),No,25.81118889,-80.23210833,Simple Junction,Dark - Lighted,Clear,Unknown,Unknown,Unknown EMS Scene Arrival Hour,Unknown EMS Scene Arrival Minutes,Not Applicable (Not Transported),Not Applicable (Not Transported),1,Dark - Lighted,Clear,1,0,['Driver'],['None_Used'],0,0,Invalid,0.0,1.0,27.0,27.0,['Male'],0,0,5,2,3,Dry,Straight,Level,Lowest,No
7966,12,Florida,120463,0,2,2,0,4,NOT APPLICABLE,March,4,Saturday,10,40,Urban,High Speed (Arterial),Yes,28.30886111,-81.46483611,Non-Intersection,Daylight,Clear,Unknown,Unknown,Unknown EMS Scene Arrival Hour,Unknown EMS Scene Arrival Minutes,Unknown,Unknown EMS Hospital Arrival Time,3,Daylight,Clear,3,1,"['Driver', 'Rear_Seat', 'Front_Passenger']","['Shoulder_Lapbelt', 'None_Used', 'Shoulder_Lapbelt']",0,0,Valid,0.0,0.0,71.0,32.0,"['Male', 'Male']",0,0,2,4,5,Dry,Curve,Level,Lowest,No
7967,12,Florida,120464,1,2,2,0,5,NOT APPLICABLE,March,6,Monday,21,18,Urban,High Speed (Arterial),No,27.94350556,-82.33387778,Non-Intersection,Dark - Not Lighted,Clear,Unknown,Unknown,Unknown EMS Scene Arrival Hour,Unknown EMS Scene Arrival Minutes,Not Applicable (Not Transported),Not Applicable (Not Transported),1,Dark - Unlighted,Clear,0,5,[],[],0,0,Valid,0.0,0.0,26.0,22.0,"['Male', 'Male']",0,0,2,3,4,Dry,Straight,Level,Lowest,No
7968,12,Florida,120465,0,2,2,0,4,NOT APPLICABLE,March,6,Monday,16,28,Rural,High Speed (Arterial),Yes,29.56577778,-81.65225,Non-Intersection,Daylight,Clear,Unknown,Unknown,Unknown EMS Scene Arrival Hour,Unknown EMS Scene Arrival Minutes,Unknown,Unknown EMS Hospital Arrival Time,1,Daylight,Clear,1,3,['Driver'],['Shoulder_Lapbelt'],0,0,Valid,0.0,0.0,38.0,19.0,"['Male', 'Male']",0,0,3,4,5,Dry,Straight,Level,Lowest,No
7969,12,Florida,120466,0,3,3,0,3,JACKSONVILLE,February,24,Friday,23,54,Urban,Medium Speed (Collector),No,30.24813333,-81.77735833,Complex/Circle,Dark - Lighted,Cloudy,Unknown,Unknown,Unknown EMS Scene Arrival Hour,Unknown EMS Scene Arrival Minutes,Unknown,Unknown EMS Hospital Arrival Time,1,Dark - Lighted,Reduced Visibility,1,2,['Driver'],['Shoulder_Lapbelt'],0,0,Invalid,0.0,0.0,75.0,33.0,"['Male', 'Male', 'Female']",0,0,3,4,5,Dry,Straight,Level,Medium,No
7970,12,Florida,120467,1,1,1,0,1,CAPE CANAVERAL,February,24,Friday,10,25,Urban,Medium Speed (Collector),No,28.40498889,-80.60584722,Non-Intersection,Daylight,Clear,Unknown,Unknown,Unknown EMS Scene Arrival Hour,Unknown EMS Scene Arrival Minutes,Not Applicable (Not Transported),Not Applicable (Not Transported),1,Daylight,Clear,0,1,[],[],0,0,Valid,0.0,0.0,65.0,65.0,['Male'],0,0,3,2,4,Dry,Straight,Level,Lowest,No
7971,12,Florida,120468,0,2,2,0,2,NOT APPLICABLE,March,6,Monday,13,2,Urban,Medium Speed (Collector),No,29.08636944,-82.05357222,Complex/Circle,Daylight,Clear,Unknown,Unknown,Unknown EMS Scene Arrival Hour,Unknown EMS Scene Arrival Minutes,Unknown,Unknown EMS Hospital Arrival Time,1,Daylight,Clear,1,1,['Driver'],['Shoulder_Lapbelt'],0,0,Valid,0.0,0.0,81.0,37.0,"['Male', 'Female']",1,0,3,4,5,Dry,Straight,Level,Lowest,No
7972,12,Florida,120469,0,2,2,0,4,NOT APPLICABLE,March,6,Monday,19,37,Rural,Medium Speed (Collector),No,30.55086944,-86.50015,Non-Intersection,Dark - Not Lighted,Clear,Unknown,Unknown,Unknown EMS Scene Arrival Hour,Unknown EMS Scene Arrival Minutes,Unknown,Unknown EMS Hospital Arrival Time,1,Dark - Unlighted,Clear,1,3,['Driver'],['None_Used'],0,0,Valid,1.0,0.0,31.0,22.0,"['Female', 'Male']",0,0,2,4,5,Dry,Straight,Level,Lowest,No
7973,12,Florida,120470,0,2,2,0,2,PLANT CITY,February,24,Friday,17,40,Urban,High Speed (Arterial),Yes,27.96698333,-82.12154722,Complex/Circle,Dusk,Cloudy,Unknown,Unknown,Unknown EMS Scene Arrival Hour,Unknown EMS Scene Arrival Minutes,Unknown,Unknown EMS Hospital Arrival Time,1,Twilight,Reduced Visibility,1,1,['Driver'],['Shoulder_Lapbelt'],0,0,Valid,0.0,0.0,63.0,19.0,"['Female', 'Male']",0,0,3,4,5,Dry,Straight,Level,Lowest,No
7974,12,Florida,120471,0,2,2,0,2,NOT APPLICABLE,March,8,Wednesday,7,19,Urban,High Speed (Arterial),Yes,26.94788889,-82.00077222,Complex/Circle,Daylight,Clear,Unknown,Unknown,Unknown EMS Scene Arrival Hour,Unknown EMS Scene Arrival Minutes,Not Applicable (Not Transported),Not Applicable (Not Transported),1,Daylight,Clear,1,1,['Driver'],['None_Used'],0,0,Valid,0.0,0.0,48.0,31.0,"['Male', 'Female']",0,0,5,4,5,Dry,Straight,Level,Lowest,No
7975,12,Florida,120472,0,2,2,0,4,NOT APPLICABLE,March,7,Tuesday,20,53,Rural,Medium Speed (Collector),No,29.36633611,-81.81425556,Non-Intersection,Dark - Not Lighted,Clear,Unknown,Unknown,Unknown EMS Scene Arrival Hour,Unknown EMS Scene Arrival Minutes,Unknown,Unknown EMS Hospital Arrival Time,1,Dark - Unlighted,Clear,1,3,['Driver'],['Shoulder_Lapbelt'],1,1,Valid,0.0,0.0,61.0,22.0,"['Male', 'Male']",0,0,4,4,5,Dry,Straight,Grade/Hillcrest,Lowest,No
7976,12,Florida,120473,0,1,1,0,1,FORT LAUDERDALE,March,3,Friday,17,43,Urban,Low Speed (Local),No,26.13748333,-80.16656389,Non-Intersection,Dusk,Clear,Unknown,Unknown,Unknown EMS Scene Arrival Hour,Unknown EMS Scene Arrival Minutes,Unknown,Unknown EMS Hospital Arrival Time,1,Twilight,Clear,1,0,['Driver'],['Shoulder_Lapbelt'],0,0,Valid,0.0,0.0,69.0,69.0,['Male'],0,0,3,4,3,Dry,Curve,Level,Lowest,No
7977,12,Florida,120474,1,1,1,0,1,NOT APPLICABLE,March,9,Thursday,10,47,Urban,Medium Speed (Collector),No,28.07360278,-82.76710556,Complex/Circle,Daylight,Clear,Unknown,Unknown,Unknown EMS Scene Arrival Hour,Unknown EMS Scene Arrival Minutes,Unknown,Unknown EMS Hospital Arrival Time,1,Daylight,Clear,0,1,[],[],0,0,Valid,0.0,1.0,41.0,41.0,['Male'],0,0,3,3,4,Dry,Straight,Grade/Hillcrest,Lowest,No
7978,12,Florida,120475,0,2,2,0,2,NOT APPLICABLE,March,9,Thursday,9,25,Urban,High Speed (Arterial),Yes,27.97630833,-81.63046111,Non-Intersection,Daylight,Clear,Unknown,Unknown,Unknown EMS Scene Arrival Hour,Unknown EMS Scene Arrival Minutes,Not Applicable (Not Transported),Not Applicable (Not Transported),1,Daylight,Clear,1,1,['Driver'],['None_Used'],0,0,Valid,0.0,0.0,51.0,49.0,"['Male', 'Male']",0,0,4,4,5,Dry,Straight,Level,Lowest,No
7979,12,Florida,120476,0,2,2,0,3,ORLANDO,March,4,Saturday,2,19,Urban,Medium Speed (Collector),No,28.51639444,-81.46943889,Complex/Circle,Dark - Lighted,Clear,Unknown,Unknown,Unknown EMS Scene Arrival Hour,Unknown EMS Scene Arrival Minutes,Unknown,Unknown EMS Hospital Arrival Time,1,Dark - Lighted,Clear,1,2,['Front_Passenger'],['Shoulder_Lapbelt'],0,0,Valid,0.0,0.0,52.0,32.0,"['Male', 'Female']",0,0,3,4,5,Dry,Straight,Level,Lowest,No
7980,12,Florida,120477,2,1,1,0,2,SUNRISE,March,6,Monday,5,3,Urban,High Speed (Arterial),Yes,26.03610556,-80.24855833,Simple Junction,Dark - Lighted,Clear,Unknown,Unknown,Unknown EMS Scene Arrival Hour,Unknown EMS Scene Arrival Minutes,Unknown,Unknown EMS Hospital Arrival Time,1,Dark - Lighted,Clear,0,2,[],[],1,1,Valid,0.0,0.0,26.0,26.0,['Female'],0,0,2,4,3,Dry,Straight,Level,Lowest,No
7981,12,Florida,120478,0,2,2,0,2,PALM COAST,March,10,Friday,14,9,Urban,High Speed (Arterial),Yes,29.47552778,-81.20695278,Complex/Circle,Daylight,Clear,Unknown,Unknown,Unknown EMS Scene Arrival Hour,Unknown EMS Scene Arrival Minutes,Unknown,Unknown EMS Hospital Arrival Time,1,Daylight,Clear,1,1,['Driver'],['None_Used'],1,1,Valid,0.0,2.0,68.0,18.0,"['Male', 'Male']",0,0,5,4,5,Dry,Straight,Level,Lowest,No
7982,12,Florida,120479,0,2,2,0,2,TAMPA,March,11,Saturday,15,32,Urban,Medium Speed (Collector),No,27.86255278,-82.53347222,Simple Junction,Daylight,Clear,Unknown,Unknown,Unknown EMS Scene Arrival Hour,Unknown EMS Scene Arrival Minutes,Unknown,Unknown EMS Hospital Arrival Time,1,Daylight,Clear,1,1,['Driver'],['None_Used'],0,0,Valid,1.0,1.0,68.0,28.0,"['Male', 'Male']",1,0,5,2,5,Dry,Straight,Level,Lowest,No
7983,12,Florida,120480,1,1,1,0,1,NOT APPLICABLE,March,11,Saturday,9,50,Urban,High Speed (Arterial),Yes,26.10063611,-81.74186111,Non-Intersection,Daylight,Clear,Unknown,Unknown,Unknown EMS Scene Arrival Hour,Unknown EMS Scene Arrival Minutes,Not Applicable (Not Transported),Not Applicable (Not Transported),1,Daylight,Clear,0,1,[],[],0,0,Valid,0.0,0.0,54.0,54.0,['Male'],0,0,2,4,4,Dry,Straight,Level,Lowest,No
7984,12,Florida,120481,0,2,2,0,2,JACKSONVILLE,March,3,Friday,12,55,Urban,High Speed (Arterial),Yes,30.12809444,-81.52731111,Non-Intersection,Daylight,Cloudy,Unknown,Unknown,Unknown EMS Scene Arrival Hour,Unknown EMS Scene Arrival Minutes,Unknown,Unknown EMS Hospital Arrival Time,1,Daylight,Reduced Visibility,1,1,['Driver'],['None_Used'],0,0,Invalid,0.0,0.0,999.0,62.0,"['Other', 'Male']",0,0,5,4,5,Dry,Straight,Level,Lowest,No
7985,12,Florida,120482,0,2,2,0,2,NOT APPLICABLE,March,8,Wednesday,0,50,Rural,High Speed (Arterial),Yes,30.42621944,-85.16273333,Non-Intersection,Dark - Not Lighted,"Fog, Smog, Smoke",Unknown,Unknown,Unknown EMS Scene Arrival Hour,Unknown EMS Scene Arrival Minutes,Unknown,Unknown EMS Hospital Arrival Time,1,Dark - Unlighted,Reduced Visibility,1,1,['Driver'],['None_Used'],1,1,Valid,0.0,0.0,51.0,45.0,"['Male', 'Male']",0,0,3,4,5,Dry,Curve,Level,Lowest,No
7986,12,Florida,120483,0,1,1,0,1,NOT APPLICABLE,March,9,Thursday,17,45,Rural,High Speed (Arterial),Yes,28.8161,-81.49538889,Non-Intersection,Dusk,Clear,Unknown,Unknown,Unknown EMS Scene Arrival Hour,Unknown EMS Scene Arrival Minutes,Unknown,Unknown EMS Hospital Arrival Time,1,Twilight,Clear,1,0,['Driver'],['None_Used'],0,0,Valid,0.0,2.0,35.0,35.0,['Male'],0,0,3,4,3,Dry,Straight,Level,Lowest,No