,State_Code,State_Name,Crash_ID,Count_Non_Motorists,Count_Vehicles_Total,Count_Vehicle_Forms,Count_PVH_Involved,Count_Occupants_MV,City_Name,Month_Name,Day_of_Month,Day_of_Week,Crash_Hour,Crash_Minute,Area_Rural_Urban,Road_Functional_Class,On_NHS_Road,Latitude,Longitude,Intersection_Type,Light_Condition,Weather_Condition,Notif_Hour,Notif_Minute,Arrival_Hour,Arrival_Minute,Hospital_Hour,Hospital_Minute,Fatalities_Count,Clean_Light_Condition,Clean_Weather_Condition,Total_Killed,Total_Alive,Fatal_Seats_List,Killed_Restraint_List,Any_Driver_Drinking,Total_Drinking_Drivers,Driver_License_Category,Driver_Max_Prev_Accident_Count,Driver_Max_Prev_Speeding_Count,Max_Driver_Age,Min_Driver_Age,Driver_Sex_List,Total_Exceeding_Limit_Vehicles,Total_Too_Fast_Vehicles,Max_Vehicle_Type_Severity_5,Max_Vehicle_Damage_Rank,Max_Harmful_Event_Severity,Crash_Road_Surface_Condition,Crash_Horizontal_Alignment,Crash_Vertical_Profile,Crash_Impairment_Category,Crash_Vehicle_Defect
7987,12,Florida,120484,1,1,1,0,2,NOT APPLICABLE,March,10,Friday,22,39,Urban,Medium Speed (Collector),No,28.40718889,-81.45548889,Non-Intersection,Dark - Lighted,Clear,Unknown,Unknown,Unknown EMS Scene Arrival Hour,Unknown EMS Scene Arrival Minutes,Unknown,Unknown EMS Hospital Arrival Time,1,Dark - Lighted,Clear,0,2,[],[],0,0,Valid,0.0,0.0,41.0,41.0,['Male'],0,0,3,2,4,Dry,Straight,Level,Lowest,No
7988,12,Florida,120485,1,1,1,0,1,NOT APPLICABLE,February,15,Wednesday,5,14,Urban,Medium Speed (Collector),No,27.39581667,-80.36864444,Non-Intersection,Dark - Not Lighted,Clear,Unknown,Unknown,Unknown EMS Scene Arrival Hour,Unknown EMS Scene Arrival Minutes,Not Applicable (Not Transported),Not Applicable (Not Transported),1,Dark - Unlighted,Clear,0,1,[],[],0,0,Valid,0.0,0.0,30.0,30.0,['Male'],0,0,3,4,4,Dry,Straight,Level,Lowest,No
7989,12,Florida,120486,1,1,1,0,1,PORT ORANGE,March,7,Tuesday,20,4,Urban,High Speed (Arterial),Yes,29.14119167,-80.98613056,Non-Intersection,Dark - Not Lighted,Clear,Unknown,Unknown,Unknown EMS Scene Arrival Hour,Unknown EMS Scene Arrival Minutes,Not Applicable (Not Transported),Not Applicable (Not Transported),1,Dark - Unlighted,Clear,0,1,[],[],0,0,Valid,0.0,0.0,66.0,66.0,['Male'],0,0,3,3,4,Dry,Straight,Level,Lowest,No
7990,12,Florida,120487,0,2,2,0,2,NOT APPLICABLE,February,16,Thursday,7,42,Urban,High Speed (Arterial),Yes,27.98114722,-82.32618333,Non-Intersection,Daylight,Clear,Unknown,Unknown,Unknown EMS Scene Arrival Hour,Unknown EMS Scene Arrival Minutes,Unknown,Unknown EMS Hospital Arrival Time,1,Daylight,Clear,1,1,['Driver'],['Shoulder_Lapbelt'],0,0,Valid,0.0,0.0,65.0,37.0,"['Male', 'Male']",0,0,3,4,5,Dry,Straight,Level,Lowest,No
7991,12,Florida,120488,0,2,2,0,3,NOT APPLICABLE,March,7,Tuesday,4,48,Urban,Medium Speed (Collector),No,26.49268056,-81.82520556,Complex/Circle,Dark - Lighted,Clear,Unknown,Unknown,Unknown EMS Scene Arrival Hour,Unknown EMS Scene Arrival Minutes,Unknown,Unknown EMS Hospital Arrival Time,1,Dark - Lighted,Clear,1,2,['Front_Passenger'],['Shoulder_Lapbelt'],0,0,Invalid,0.0,0.0,57.0,25.0,"['Male', 'Male']",0,0,3,4,5,Dry,Straight,Level,Lowest,No
7992,12,Florida,120489,0,1,1,0,1,NOT APPLICABLE,March,6,Monday,9,25,Urban,High Speed (Arterial),Yes,29.73621944,-82.24135833,Non-Intersection,Daylight,"Fog, Smog, Smoke",Unknown,Unknown,Unknown EMS Scene Arrival Hour,Officially Cancelled,Unknown,Officially Canceled,1,Daylight,Reduced Visibility,1,0,['Driver'],['None_Used'],1,1,Valid,0.0,0.0,79.0,79.0,['Female'],0,0,2,4,2,Dry,Straight,Grade/Hillcrest,Lowest,No
7993,12,Florida,120490,2,1,1,0,1,NOT APPLICABLE,February,18,Saturday,3,9,Urban,High Speed (Arterial),Yes,28.02438333,-82.07230556,Non-Intersection,Dark - Lighted,Clear,Unknown,Unknown,Unknown EMS Scene Arrival Hour,Unknown EMS Scene Arrival Minutes,Unknown,Unknown EMS Hospital Arrival Time,1,Dark - Lighted,Clear,0,0,[],[],0,0,Invalid,0.0,0.0,999.0,999.0,['Other'],0,0,1,0,4,Dry,Straight,Level,Lowest,No
7994,12,Florida,120491,0,2,2,0,2,PORT ORANGE,February,17,Friday,19,7,Urban,High Speed (Arterial),Yes,29.12790833,-80.97984722,Complex/Circle,Dusk,Clear,Unknown,Unknown,Unknown EMS Scene Arrival Hour,Unknown EMS Scene Arrival Minutes,Unknown,Unknown EMS Hospital Arrival Time,1,Twilight,Clear,1,1,['Driver'],['None_Used'],0,0,Valid,0.0,2.0,86.0,28.0,"['Male', 'Male']",0,0,5,4,5,Dry,Straight,Level,Lowest,No
7995,12,Florida,120492,0,2,2,0,2,NOT APPLICABLE,February,27,Monday,23,20,Urban,High Speed (Arterial),No,26.54710278,-81.80464444,Complex/Circle,Dark - Lighted,Clear,Unknown,Unknown,Unknown EMS Scene Arrival Hour,Unknown EMS Scene Arrival Minutes,Unknown,Unknown EMS Hospital Arrival Time,1,Dark - Lighted,Clear,1,1,['Driver'],['None_Used'],1,1,Valid,0.0,0.0,47.0,36.0,"['Male', 'Male']",0,0,4,4,5,Dry,Straight,Level,Lowest,No
7996,12,Florida,120493,0,1,1,0,1,NOT APPLICABLE,February,9,Thursday,11,15,Rural,Medium Speed (Collector),No,27.128875,-80.48187222,Non-Intersection,Daylight,Clear,Unknown,Unknown,Unknown EMS Scene Arrival Hour,Unknown EMS Scene Arrival Minutes,Not Applicable (Not Transported),Not Applicable (Not Transported),1,Daylight,Clear,1,0,['Driver'],['None_Used'],0,0,Valid,0.0,0.0,69.0,69.0,['Female'],0,0,5,2,4,Dry,Straight,Level,Lowest,No
7997,12,Florida,120494,0,2,2,0,2,OCALA,February,22,Wednesday,15,55,Urban,High Speed (Arterial),Yes,29.20646667,-82.14188056,Simple Junction,Daylight,Clear,Unknown,Unknown,Unknown EMS Scene Arrival Hour,Unknown EMS Scene Arrival Minutes,Unknown,Unknown EMS Hospital Arrival Time,1,Daylight,Clear,1,1,['Driver'],['Shoulder_Lapbelt'],0,0,Valid,1.0,0.0,64.0,26.0,"['Male', 'Female']",0,0,4,4,5,Dry,Straight,Grade/Hillcrest,Lowest,No
7998,12,Florida,120495,0,1,1,0,2,NOT APPLICABLE,February,17,Friday,16,41,Urban,Low Speed (Local),No,26.44274722,-80.153175,Simple Junction,Daylight,Clear,Unknown,Unknown,Unknown EMS Scene Arrival Hour,Unknown EMS Scene Arrival Minutes,Unknown,Unknown EMS Hospital Arrival Time,2,Daylight,Clear,2,0,"['Driver', 'Front_Passenger']","['Shoulder_Lapbelt', 'Shoulder_Lapbelt']",0,0,Valid,0.0,0.0,76.0,76.0,['Male'],0,0,2,4,2,Dry,Straight,Level,Lowest,No
7999,12,Florida,120496,1,1,1,0,1,MIRAMAR,February,28,Tuesday,22,31,Urban,High Speed (Arterial),Yes,25.99472778,-80.20701389,Non-Intersection,Dark - Lighted,Clear,Unknown,Unknown,Unknown EMS Scene Arrival Hour,Unknown EMS Scene Arrival Minutes,Unknown,Unknown EMS Hospital Arrival Time,1,Dark - Lighted,Clear,0,1,[],[],0,0,Valid,0.0,0.0,21.0,21.0,['Male'],0,0,2,4,4,Dry,Straight,Level,Lowest,No
8000,12,Florida,120497,1,1,1,0,1,NOT APPLICABLE,February,18,Saturday,19,22,Urban,High Speed (Arterial),Yes,28.01305,-82.25761111,Non-Intersection,Dark - Not Lighted,Clear,Unknown,Unknown,Unknown EMS Scene Arrival Hour,Unknown EMS Scene Arrival Minutes,Not Applicable (Not Transported),Not Applicable (Not Transported),1,Dark - Unlighted,Clear,0,1,[],[],0,0,Invalid,0.0,0.0,999.0,999.0,['Other'],0,0,1,0,4,Dry,Straight,Level,Lowest,No
8001,12,Florida,120498,1,1,1,0,1,DAVIE,March,2,Thursday,16,5,Urban,High Speed (Arterial),Yes,26.042625,-80.251225,Non-Intersection,Daylight,Clear,Unknown,Unknown,Unknown EMS Scene Arrival Hour,Unknown EMS Scene Arrival Minutes,Not Applicable (Not Transported),Not Applicable (Not Transported),1,Daylight,Clear,0,1,[],[],0,0,Valid,0.0,0.0,65.0,65.0,['Male'],0,0,2,4,4,Dry,Straight,Level,Lowest,No
8002,12,Florida,120499,0,2,2,0,2,NOT APPLICABLE,February,20,Monday,15,59,Rural,High Speed (Arterial),Yes,26.91396667,-80.61284444,Non-Intersection,Daylight,Clear,Unknown,Unknown,Unknown EMS Scene Arrival Hour,Unknown EMS Scene Arrival Minutes,Not Applicable (Not Transported),Not Applicable (Not Transported),1,Daylight,Clear,1,1,['Driver'],['None_Used'],1,1,Valid,0.0,1.0,28.0,26.0,"['Male', 'Male']",0,0,5,4,5,Dry,Straight,Level,Lowest,No
8003,12,Florida,120500,0,2,2,0,2,ORMOND BEACH,February,11,Saturday,15,58,Urban,High Speed (Arterial),Yes,29.28073889,-81.082675,Simple Junction,Daylight,Cloudy,Unknown,Unknown,Unknown EMS Scene Arrival Hour,Unknown EMS Scene Arrival Minutes,Unknown,Unknown EMS Hospital Arrival Time,1,Daylight,Reduced Visibility,1,1,['Driver'],['None_Used'],0,0,Invalid,0.0,0.0,88.0,60.0,"['Male', 'Male']",0,0,5,4,5,Dry,Curve,Level,Lowest,No
8004,12,Florida,120501,0,2,2,0,2,NOT APPLICABLE,February,23,Thursday,15,45,Rural,Medium Speed (Collector),No,29.81987778,-81.99613611,Simple Junction,Daylight,Clear,Unknown,Unknown,Unknown EMS Scene Arrival Hour,Unknown EMS Scene Arrival Minutes,Unknown,Unknown EMS Hospital Arrival Time,1,Daylight,Clear,1,1,['Driver'],['None_Used'],0,0,Valid,0.0,0.0,89.0,31.0,"['Male', 'Female']",0,0,5,4,5,Dry,Straight,Level,Lowest,No
8005,12,Florida,120502,1,1,1,0,1,NOT APPLICABLE,February,23,Thursday,20,27,Urban,Medium Speed (Collector),No,30.46088056,-87.29050833,Complex/Circle,Dark - Lighted,Cloudy,Unknown,Unknown,Unknown EMS Scene Arrival Hour,Unknown EMS Scene Arrival Minutes,Unknown,Unknown EMS Hospital Arrival Time,1,Dark - Lighted,Reduced Visibility,0,1,[],[],0,0,Valid,0.0,3.0,39.0,39.0,['Male'],0,0,3,3,4,Dry,Straight,Level,Lowest,No
8006,12,Florida,120503,0,2,2,0,3,SANFORD,February,20,Monday,6,0,Urban,Medium Speed (Collector),No,28.78488889,-81.26763611,Non-Intersection,Dark - Lighted,Clear,Unknown,Unknown,Unknown EMS Scene Arrival Hour,Unknown EMS Scene Arrival Minutes,Unknown,Unknown EMS Hospital Arrival Time,1,Dark - Lighted,Clear,1,2,['Front_Passenger'],['None_Used'],0,0,Valid,0.0,0.0,48.0,28.0,"['Male', 'Male']",0,0,4,4,5,Dry,Straight,Level,Lowest,No
8007,12,Florida,120504,1,1,1,0,2,ISLAMORADA,February,17,Friday,15,41,Urban,High Speed (Arterial),Yes,24.95306389,-80.58557222,Non-Intersection,Daylight,Clear,Unknown,Unknown,Unknown EMS Scene Arrival Hour,Unknown EMS Scene Arrival Minutes,Unknown,Unknown EMS Hospital Arrival Time,1,Daylight,Clear,0,2,[],[],0,0,Valid,0.0,0.0,70.0,70.0,['Male'],0,0,3,2,4,Dry,Straight,Grade/Hillcrest,Lowest,No
8008,12,Florida,120505,0,2,2,0,2,NOT APPLICABLE,February,24,Friday,8,20,Urban,High Speed (Arterial),Yes,27.45621667,-81.42460278,Non-Intersection,Daylight,Clear,Unknown,Unknown,Unknown EMS Scene Arrival Hour,Unknown EMS Scene Arrival Minutes,Unknown,Unknown EMS Hospital Arrival Time,1,Daylight,Clear,1,1,['Driver'],['Shoulder_Lapbelt'],0,0,Valid,3.0,0.0,85.0,40.0,"['Male', 'Male']",0,0,3,4,5,Dry,Straight,Level,Lowest,No
8009,12,Florida,120506,1,1,1,0,1,NOT APPLICABLE,February,23,Thursday,4,0,Urban,High Speed (Arterial),Yes,25.84371389,-80.20665278,Non-Intersection,Dark - Lighted,Clear,Unknown,Unknown,Unknown EMS Scene Arrival Hour,Unknown EMS Scene Arrival Minutes,Not Applicable (Not Transported),Not Applicable (Not Transported),1,Dark - Lighted,Clear,0,1,[],[],0,0,Valid,0.0,1.0,31.0,31.0,['Male'],0,0,3,3,4,Dry,Straight,Grade/Hillcrest,Lowest,No
8010,12,Florida,120508,0,2,2,0,2,NOT APPLICABLE,February,23,Thursday,20,45,Urban,Medium Speed (Collector),No,26.81241944,-81.37232222,Non-Intersection,Dark - Not Lighted,Clear,Unknown,Unknown,Unknown EMS Scene Arrival Hour,Unknown EMS Scene Arrival Minutes,Unknown,Unknown EMS Hospital Arrival Time,1,Dark - Unlighted,Clear,1,1,['Driver'],['Shoulder_Lapbelt'],0,0,Valid,0.0,1.0,57.0,29.0,"['Male', 'Male']",0,0,3,4,5,Dry,Straight,Level,Lowest,No
8011,12,Florida,120509,0,2,2,0,2,OCALA,February,24,Friday,19,12,Urban,Medium Speed (Collector),No,29.20978611,-82.15232778,Simple Junction,Dark - Lighted,Clear,Unknown,Unknown,Unknown EMS Scene Arrival Hour,Unknown EMS Scene Arrival Minutes,Not Applicable (Not Transported),Not Applicable (Not Transported),1,Dark - Lighted,Clear,1,1,['Driver'],['None_Used'],0,0,Valid,1.0,1.0,76.0,24.0,"['Male', 'Male']",0,0,5,2,5,Dry,Straight,Level,Lowest,No
8012,12,Florida,120510,0,2,2,0,4,NOT APPLICABLE,February,19,Sunday,19,24,Rural,High Speed (Arterial),Yes,30.35090556,-83.05259444,Non-Intersection,Dark - Not Lighted,Clear,Unknown,Unknown,Unknown EMS Scene Arrival Hour,Unknown EMS Scene Arrival Minutes,Unknown,Unknown EMS Hospital Arrival Time,1,Dark - Unlighted,Clear,1,3,['Driver'],['Shoulder_Lapbelt'],0,0,Valid,1.0,0.0,80.0,50.0,"['Male', 'Male']",0,0,3,4,5,Dry,Straight,Level,Lowest,Yes
8013,12,Florida,120511,1,1,1,0,1,CLEARWATER,February,13,Monday,19,55,Urban,High Speed (Arterial),Yes,27.89385833,-82.66540556,Non-Intersection,Dark - Lighted,Clear,Unknown,Unknown,Unknown EMS Scene Arrival Hour,Unknown EMS Scene Arrival Minutes,Not Applicable (Not Transported),Not Applicable (Not Transported),1,Dark - Lighted,Clear,0,1,[],[],0,0,Valid,0.0,1.0,29.0,29.0,['Male'],0,0,2,3,4,Dry,Straight,Level,Lowest,No
8014,12,Florida,120512,1,1,1,0,1,NOT APPLICABLE,February,25,Saturday,22,49,Urban,High Speed (Arterial),Yes,28.41288333,-82.19139722,Non-Intersection,Dark - Not Lighted,Clear,Unknown,Unknown,Unknown EMS Scene Arrival Hour,Unknown EMS Scene Arrival Minutes,Not Applicable (Not Transported),Not Applicable (Not Transported),1,Dark - Unlighted,Clear,0,1,[],[],0,0,Valid,0.0,0.0,44.0,44.0,['Male'],1,0,2,4,4,Dry,Curve,Grade/Hillcrest,Lowest,No
8015,12,Florida,120513,0,1,1,0,1,NOT APPLICABLE,February,22,Wednesday,6,40,Urban,High Speed (Arterial),Yes,30.81736111,-86.53879722,Non-Intersection,Daylight,Cloudy,Unknown,Unknown,Unknown EMS Scene Arrival Hour,Unknown EMS Scene Arrival Minutes,Not Applicable (Not Transported),Not Applicable (Not Transported),1,Daylight,Reduced Visibility,1,0,['Driver'],['Shoulder_Lapbelt'],1,1,Invalid,0.0,0.0,44.0,44.0,['Male'],0,0,3,4,3,Dry,Straight,Level,Lowest,No
8016,12,Florida,120514,1,1,1,0,1,NOT APPLICABLE,March,7,Tuesday,6,34,Urban,Medium Speed (Collector),No,26.956575,-82.35309444,Non-Intersection,Daylight,Clear,Unknown,Unknown,Unknown EMS Scene Arrival Hour,Unknown EMS Scene Arrival Minutes,Unknown,Unknown EMS Hospital Arrival Time,1,Daylight,Clear,0,1,[],[],0,0,Valid,0.0,0.0,76.0,76.0,['Male'],0,0,2,3,4,Dry,Straight,Level,Lowest,No
8017,12,Florida,120515,0,4,4,0,4,NOT APPLICABLE,February,26,Sunday,22,8,Urban,High Speed (Arterial),Yes,30.57337778,-87.41088611,Non-Intersection,Dark - Not Lighted,Clear,Unknown,Unknown,Unknown EMS Scene Arrival Hour,Unknown EMS Scene Arrival Minutes,Unknown,Unknown EMS Hospital Arrival Time,1,Dark - Unlighted,Clear,1,3,['Driver'],['None_Used'],0,0,Valid,0.0,2.0,77.0,24.0,"['Male', 'Male', 'Female', 'Male']",0,0,4,4,5,Dry,Straight,Level,Lowest,No
8018,12,Florida,120516,0,2,2,0,2,DAVIE,March,2,Thursday,9,10,Urban,Medium Speed (Collector),No,26.07955,-80.23099444,Non-Intersection,Daylight,Clear,Unknown,Unknown,Unknown EMS Scene Arrival Hour,Officially Cancelled,Unknown,Officially Canceled,1,Daylight,Clear,1,1,['Driver'],['None_Used'],0,0,Valid,1.0,0.0,65.0,27.0,"['Male', 'Male']",1,0,5,4,5,Dry,Straight,Level,Lowest,No
8019,12,Florida,120517,1,1,1,0,1,MIAMI,February,27,Monday,6,10,Urban,High Speed (Arterial),Yes,25.81002222,-80.2403,Complex/Circle,Dawn,Clear,Unknown,Unknown,Unknown EMS Scene Arrival Hour,Unknown EMS Scene Arrival Minutes,Not Applicable (Not Transported),Not Applicable (Not Transported),1,Twilight,Clear,0,0,[],[],0,0,Invalid,0.0,0.0,999.0,999.0,['Other'],0,0,1,3,4,Dry,Straight,Level,Lowest,No
8020,12,Florida,120518,1,1,1,0,4,NOT APPLICABLE,February,25,Saturday,19,40,Urban,Medium Speed (Collector),No,28.51681389,-81.40118056,Non-Intersection,Dark - Lighted,Clear,Unknown,Unknown,Unknown EMS Scene Arrival Hour,Unknown EMS Scene Arrival Minutes,Unknown,Unknown EMS Hospital Arrival Time,1,Dark - Lighted,Clear,0,4,[],[],0,0,Valid,0.0,0.0,43.0,43.0,['Male'],0,0,2,2,4,Dry,Straight,Level,Lowest,No
8021,12,Florida,120519,0,2,2,0,2,WELLINGTON,March,9,Thursday,13,9,Urban,Medium Speed (Collector),No,26.65897222,-80.267225,Simple Junction,Daylight,Clear,Unknown,Unknown,Unknown EMS Scene Arrival Hour,Unknown EMS Scene Arrival Minutes,Unknown,Unknown EMS Hospital Arrival Time,1,Daylight,Clear,1,1,['Driver'],['Shoulder_Lapbelt'],0,0,Valid,0.0,0.0,71.0,18.0,"['Male', 'Male']",1,0,3,4,5,Dry,Straight,Level,Lowest,No
8022,12,Florida,120520,0,2,2,0,2,NOT APPLICABLE,March,11,Saturday,19,45,Rural,High Speed (Arterial),Yes,29.37439167,-82.46550556,Non-Intersection,Dark - Not Lighted,Clear,Unknown,Unknown,Unknown EMS Scene Arrival Hour,Unknown EMS Scene Arrival Minutes,Unknown,Unknown EMS Hospital Arrival Time,1,Dark - Unlighted,Clear,1,1,['Driver'],['Shoulder_Lapbelt'],1,1,Valid,0.0,0.0,55.0,25.0,"['Male', 'Male']",0,0,3,4,5,Dry,Straight,Level,Lowest,No
8023,12,Florida,120521,0,1,1,0,2,JACKSONVILLE,March,11,Saturday,6,33,Urban,High Speed (Arterial),Yes,30.29003056,-81.9645,Non-Intersection,Dawn,Cloudy,Unknown,Unknown,Unknown EMS Scene Arrival Hour,Unknown EMS Scene Arrival Minutes,Unknown,Unknown EMS Hospital Arrival Time,1,Twilight,Reduced Visibility,1,1,['Front_Passenger'],['Shoulder_Lapbelt'],0,0,Valid,0.0,0.0,16.0,16.0,['Male'],0,0,2,4,3,Wet/Standing Water,Straight,Level,Lowest,No
8024,12,Florida,120522,0,2,2,0,8,NOT APPLICABLE,March,5,Sunday,23,37,Urban,High Speed (Arterial),Yes,27.94754444,-82.36450278,Non-Intersection,Dark - Lighted,Clear,Unknown,Unknown,Unknown EMS Scene Arrival Hour,Unknown EMS Scene Arrival Minutes,Unknown,Unknown EMS Hospital Arrival Time,1,Dark - Lighted,Clear,1,7,['Rear_Seat'],['None_Used'],0,0,Valid,0.0,0.0,47.0,20.0,"['Female', 'Female']",0,0,3,4,5,Dry,Straight,Level,Lowest,Yes
8025,12,Florida,120523,0,1,1,0,1,BOCA RATON,March,12,Sunday,10,40,Urban,High Speed (Arterial),Yes,26.41805556,-80.08960833,Non-Intersection,Daylight,Clear,Unknown,Unknown,Unknown EMS Scene Arrival Hour,Unknown EMS Scene Arrival Minutes,Unknown,Unknown EMS Hospital Arrival Time,1,Daylight,Clear,1,0,['Driver'],['None_Used'],1,1,Valid,1.0,0.0,55.0,55.0,['Male'],0,0,2,4,3,Dry,Straight,Level,Lowest,No
8026,12,Florida,120524,0,3,3,0,3,NOT APPLICABLE,March,2,Thursday,9,19,Urban,High Speed (Arterial),Yes,27.96235833,-82.4531,Non-Intersection,Daylight,Clear,Unknown,Unknown,Unknown EMS Scene Arrival Hour,Unknown EMS Scene Arrival Minutes,Unknown,Unknown EMS Hospital Arrival Time,1,Daylight,Clear,1,2,['Driver'],['None_Used'],0,0,Valid,0.0,0.0,57.0,50.0,"['Male', 'Female', 'Male']",0,0,5,4,5,Dry,Straight,Grade/Hillcrest,Lowest,No
8027,12,Florida,120525,0,1,1,0,1,LAKELAND,March,6,Monday,12,49,Urban,Medium Speed (Collector),No,28.021,-81.97371667,Non-Intersection,Daylight,Clear,Unknown,Unknown,Unknown EMS Scene Arrival Hour,Unknown EMS Scene Arrival Minutes,Not Applicable (Not Transported),Not Applicable (Not Transported),1,Daylight,Clear,1,0,['Driver'],['None_Used'],0,0,Valid,0.0,1.0,69.0,69.0,['Male'],0,0,3,4,3,Dry,Straight,Level,Lowest,No
8028,12,Florida,120526,0,3,3,0,4,NOT APPLICABLE,March,3,Friday,20,10,Rural,High Speed (Arterial),Yes,26.84385556,-81.96801389,Non-Intersection,Dark - Not Lighted,Clear,Unknown,Unknown,Unknown EMS Scene Arrival Hour,Unknown EMS Scene Arrival Minutes,Unknown,Unknown EMS Hospital Arrival Time,1,Dark - Unlighted,Clear,1,3,['Driver'],['Shoulder_Lapbelt'],0,0,Valid,1.0,0.0,67.0,25.0,"['Male', 'Male', 'Male']",0,0,3,4,5,Dry,Straight,Level,Lowest,No
8029,12,Florida,120527,0,2,2,0,2,NOT APPLICABLE,March,11,Saturday,9,49,Rural,Medium Speed (Collector),No,27.00493056,-81.05379444,Non-Intersection,Daylight,Clear,Unknown,Unknown,Unknown EMS Scene Arrival Hour,Unknown EMS Scene Arrival Minutes,Not Applicable (Not Transported),Not Applicable (Not Transported),1,Daylight,Clear,1,1,['Driver'],['None_Used'],0,0,Invalid,0.0,0.0,90.0,74.0,"['Female', 'Male']",0,0,3,4,5,Dry,Straight,Non-Trafficway,Lowest,No
8030,12,Florida,120528,0,2,2,0,4,LARGO,March,9,Thursday,17,36,Urban,High Speed (Arterial),Yes,27.92631111,-82.73039444,Non-Intersection,Daylight,Clear,Unknown,Unknown,Unknown EMS Scene Arrival Hour,Unknown EMS Scene Arrival Minutes,Unknown,Unknown EMS Hospital Arrival Time,1,Daylight,Clear,1,3,['Driver'],['Shoulder_Lapbelt'],0,0,Valid,0.0,1.0,40.0,33.0,"['Female', 'Male']",0,0,3,4,5,Dry,Straight,Level,Lowest,No
8031,12,Florida,120529,0,2,2,0,2,NOT APPLICABLE,March,11,Saturday,5,55,Rural,Medium Speed (Collector),No,30.47294444,-83.26634167,Complex/Circle,Dawn,"Fog, Smog, Smoke",Unknown,Unknown,Unknown EMS Scene Arrival Hour,Unknown EMS Scene Arrival Minutes,Unknown,Unknown EMS Hospital Arrival Time,1,Twilight,Reduced Visibility,1,1,['Driver'],['None_Used'],0,0,Valid,0.0,0.0,60.0,52.0,"['Male', 'Male']",0,0,4,4,5,Dry,Curve,Level,Lowest,No
8032,12,Florida,120530,0,2,2,0,2,NOT APPLICABLE,March,11,Saturday,18,17,Urban,High Speed (Arterial),Yes,27.25491389,-81.84325,Non-Intersection,Dusk,Clear,Unknown,Unknown,Unknown EMS Scene Arrival Hour,Unknown EMS Scene Arrival Minutes,Unknown,Unknown EMS Hospital Arrival Time,1,Twilight,Clear,1,1,['Driver'],['None_Used'],1,1,Valid,0.0,0.0,78.0,33.0,"['Male', 'Male']",0,0,5,4,5,Dry,Straight,Level,Lowest,No
8033,12,Florida,120531,0,1,1,0,2,NOT APPLICABLE,March,1,Wednesday,12,0,Rural,Medium Speed (Collector),No,28.83439722,-82.65620278,Non-Intersection,Daylight,Clear,Unknown,Unknown,Unknown EMS Scene Arrival Hour,Unknown EMS Scene Arrival Minutes,Unknown,Unknown EMS Hospital Arrival Time,1,Daylight,Clear,1,1,['Driver'],['Shoulder_Lapbelt'],0,0,Valid,0.0,0.0,26.0,26.0,['Female'],0,0,2,4,2,Dry,Curve,Level,Medium,No
8034,12,Florida,120532,0,4,4,0,7,NOT APPLICABLE,March,9,Thursday,21,28,Rural,High Speed (Arterial),Yes,28.22268333,-81.662625,Non-Intersection,Dark - Not Lighted,Clear,Unknown,Unknown,Unknown EMS Scene Arrival Hour,Unknown EMS Scene Arrival Minutes,Unknown,Unknown EMS Hospital Arrival Time,1,Dark - Unlighted,Clear,1,6,['Driver'],['None_Used'],0,0,Invalid,0.0,0.0,58.0,22.0,"['Male', 'Male', 'Female', 'Male']",0,0,5,4,5,Dry,Straight,Level,Lowest,No
8035,12,Florida,120533,0,1,1,0,1,NOT APPLICABLE,March,1,Wednesday,0,58,Urban,Low Speed (Local),No,28.96730833,-81.92091389,Non-Intersection,Dark - Not Lighted,Clear,Unknown,Unknown,Unknown EMS Scene Arrival Hour,Officially Cancelled,Unknown,Officially Canceled,1,Dark - Unlighted,Clear,1,0,['Driver'],['None_Used'],1,1,Invalid,0.0,0.0,27.0,27.0,['Male'],0,0,3,4,2,Dry,Straight,Grade/Hillcrest,Lowest,No
8036,12,Florida,120534,1,1,1,0,1,SAN ANTONIO,March,10,Friday,16,49,Rural,Low Speed (Local),No,28.32916389,-82.27162778,Non-Intersection,Daylight,Clear,4:00pm-4:59pm,49,4:00pm-4:59pm,56,Unknown,Unknown EMS Hospital Arrival Time,1,Daylight,Clear,0,1,[],[],0,0,Valid,0.0,0.0,58.0,58.0,['Female'],0,0,3,2,4,Loose/Unpaved,Straight,Grade/Hillcrest,Lowest,No
8037,12,Florida,120535,0,2,2,0,2,NOT APPLICABLE,March,11,Saturday,18,47,Rural,Medium Speed (Collector),No,28.61422778,-82.49891111,Simple Junction,Dark - Not Lighted,Clear,Unknown,Unknown,Unknown EMS Scene Arrival Hour,Unknown EMS Scene Arrival Minutes,Unknown,Unknown EMS Hospital Arrival Time,1,Dark - Unlighted,Clear,1,1,['Driver'],['Shoulder_Lapbelt'],0,0,Valid,0.0,0.0,59.0,16.0,"['Male', 'Female']",0,0,3,4,5,Dry,Straight,Level,Lowest,No
8038,12,Florida,120536,0,2,2,0,3,NOT APPLICABLE,March,11,Saturday,0,28,Urban,Low Speed (Local),No,28.33208056,-81.64851389,Complex/Circle,Dark - Lighted,Clear,Unknown,Unknown,Unknown EMS Scene Arrival Hour,Unknown EMS Scene Arrival Minutes,Unknown,Unknown EMS Hospital Arrival Time,1,Dark - Lighted,Clear,1,2,['Rear_Seat'],['Child_Safety'],0,0,Valid,0.0,0.0,53.0,29.0,"['Female', 'Male']",0,0,4,4,5,Dry,Straight,Level,Lowest,No