,State_Code,State_Name,Crash_ID,Count_Non_Motorists,Count_Vehicles_Total,Count_Vehicle_Forms,Count_PVH_Involved,Count_Occupants_MV,City_Name,Month_Name,Day_of_Month,Day_of_Week,Crash_Hour,Crash_Minute,Area_Rural_Urban,Road_Functional_Class,On_NHS_Road,Latitude,Longitude,Intersection_Type,Light_Condition,Weather_Condition,Notif_Hour,Notif_Minute,Arrival_Hour,Arrival_Minute,Hospital_Hour,Hospital_Minute,Fatalities_Count,Clean_Light_Condition,Clean_Weather_Condition,Total_Killed,Total_Alive,Fatal_Seats_List,Killed_Restraint_List,Any_Driver_Drinking,Total_Drinking_Drivers,Driver_License_Category,Driver_Max_Prev_Accident_Count,Driver_Max_Prev_Speeding_Count,Max_Driver_Age,Min_Driver_Age,Driver_Sex_List,Total_Exceeding_Limit_Vehicles,Total_Too_Fast_Vehicles,Max_Vehicle_Type_Severity_5,Max_Vehicle_Damage_Rank,Max_Harmful_Event_Severity,Crash_Road_Surface_Condition,Crash_Horizontal_Alignment,Crash_Vertical_Profile,Crash_Impairment_Category,Crash_Vehicle_Defect
8039,12,Florida,120537,0,3,3,0,4,WEST PALM BEACH,March,7,Tuesday,21,25,Urban,High Speed (Arterial),Yes,26.65174722,-80.06865278,Non-Intersection,Dark - Lighted,Clear,Unknown,Unknown,Unknown EMS Scene Arrival Hour,Unknown EMS Scene Arrival Minutes,Unknown,Unknown EMS Hospital Arrival Time,1,Dark - Lighted,Clear,1,3,['Front_Passenger'],['None_Used'],1,1,Invalid,0.0,3.0,50.0,31.0,"['Male', 'Male', 'Female']",0,0,3,4,5,Dry,Straight,Level,Lowest,No
8040,12,Florida,120538,0,4,4,0,8,NOT APPLICABLE,March,3,Friday,21,15,Urban,Medium Speed (Collector),No,26.48928333,-81.78381944,Complex/Circle,Dark - Lighted,Clear,Unknown,Unknown,Unknown EMS Scene Arrival Hour,Unknown EMS Scene Arrival Minutes,Unknown,Unknown EMS Hospital Arrival Time,1,Dark - Lighted,Clear,1,7,['Driver'],['None_Used'],0,0,Valid,0.0,1.0,49.0,20.0,"['Male', 'Female', 'Male', 'Male']",1,0,5,4,5,Dry,Straight,Level,Lowest,No
8041,12,Florida,120539,0,5,5,0,6,NOT APPLICABLE,February,27,Monday,18,58,Urban,High Speed (Arterial),Yes,27.81645278,-81.596625,Non-Intersection,Dark - Not Lighted,Clear,Unknown,Unknown,Unknown EMS Scene Arrival Hour,Unknown EMS Scene Arrival Minutes,Unknown,Unknown EMS Hospital Arrival Time,1,Dark - Unlighted,Clear,1,5,['Driver'],['Shoulder_Lapbelt'],0,0,Valid,1.0,3.0,49.0,26.0,"['Male', 'Female', 'Female', 'Male', 'Female']",1,0,3,4,5,Dry,Straight,Level,Lowest,No
8042,12,Florida,120540,0,2,2,0,2,POMPANO BEACH,February,28,Tuesday,21,39,Urban,Medium Speed (Collector),No,26.27416667,-80.11938333,Non-Intersection,Dark - Lighted,Clear,Unknown,Unknown,Unknown EMS Scene Arrival Hour,Unknown EMS Scene Arrival Minutes,Unknown,Unknown EMS Hospital Arrival Time,1,Dark - Lighted,Clear,1,1,['Driver'],['None_Used'],0,0,Valid,0.0,0.0,57.0,17.0,"['Male', 'Male']",0,0,5,4,5,Dry,Straight,Level,Lowest,No
8043,12,Florida,120541,1,1,1,0,2,DAVENPORT,February,28,Tuesday,21,1,Urban,High Speed (Arterial),Yes,28.20128333,-81.63968889,Complex/Circle,Dark - Not Lighted,Clear,Unknown,Unknown,Unknown EMS Scene Arrival Hour,Unknown EMS Scene Arrival Minutes,Not Applicable (Not Transported),Not Applicable (Not Transported),1,Dark - Unlighted,Clear,0,2,[],[],0,0,Valid,0.0,0.0,68.0,68.0,['Male'],0,0,3,4,4,Dry,Straight,Level,Lowest,No
8044,12,Florida,120542,0,2,2,0,2,NOT APPLICABLE,February,22,Wednesday,5,46,Rural,High Speed (Arterial),Yes,28.83131944,-81.99834167,Simple Junction,Dark - Not Lighted,Clear,Unknown,Unknown,Unknown EMS Scene Arrival Hour,Unknown EMS Scene Arrival Minutes,Not Applicable (Not Transported),Not Applicable (Not Transported),1,Dark - Unlighted,Clear,1,1,['Driver'],['None_Used'],0,0,Valid,0.0,0.0,65.0,44.0,"['Male', 'Male']",0,0,5,4,5,Dry,Straight,Level,Lowest,No
8045,12,Florida,120543,0,1,1,0,1,JACKSONVILLE,March,11,Saturday,20,15,Urban,Medium Speed (Collector),Yes,30.33294722,-81.83509444,Non-Intersection,Dark - Not Lighted,Clear,Unknown,Unknown,Unknown EMS Scene Arrival Hour,Unknown EMS Scene Arrival Minutes,Not Applicable (Not Transported),Not Applicable (Not Transported),1,Dark - Unlighted,Clear,1,0,['Driver'],['None_Used'],1,1,Valid,0.0,1.0,24.0,24.0,['Male'],0,0,3,4,3,Dry,Curve,Level,Lowest,No
8046,12,Florida,120544,0,1,1,0,3,BOCA RATON,March,11,Saturday,21,31,Urban,Medium Speed (Collector),No,26.34352222,-80.08866111,Non-Intersection,Dark - Lighted,Clear,Unknown,Unknown,Unknown EMS Scene Arrival Hour,Unknown EMS Scene Arrival Minutes,Not Applicable (Not Transported),Not Applicable (Not Transported),3,Dark - Lighted,Clear,3,0,"['Driver', 'Front_Passenger', 'Rear_Seat']","['None_Used', 'None_Used', 'None_Used']",1,1,Valid,1.0,0.0,20.0,20.0,['Male'],0,0,2,4,3,Dry,Straight,Level,Lowest,No
8047,12,Florida,120545,1,1,1,0,1,NOT APPLICABLE,March,12,Sunday,2,0,Rural,High Speed (Arterial),Yes,30.01650278,-81.39553611,Non-Intersection,Dark - Unknown Lighting,Reported as Unknown,Unknown,Unknown,Unknown EMS Scene Arrival Hour,Unknown EMS Scene Arrival Minutes,Not Applicable (Not Transported),Not Applicable (Not Transported),1,Dark - Unlighted,Clear,0,0,[],[],0,0,Invalid,0.0,0.0,74.0,74.0,['Male'],0,0,1,0,4,Dry,Straight,Level,Lowest,No
8048,12,Florida,120546,0,2,2,0,2,NOT APPLICABLE,February,25,Saturday,18,15,Urban,Medium Speed (Collector),No,29.607825,-82.40448333,Non-Intersection,Daylight,Clear,Unknown,Unknown,Unknown EMS Scene Arrival Hour,Unknown EMS Scene Arrival Minutes,Unknown,Unknown EMS Hospital Arrival Time,1,Daylight,Clear,1,1,['Driver'],['None_Used'],1,1,Valid,0.0,1.0,61.0,25.0,"['Male', 'Male']",0,0,5,4,5,Dry,Straight,Level,Lowest,No
8049,12,Florida,120547,2,1,1,0,1,MIAMI GARDENS,February,12,Sunday,23,35,Urban,Medium Speed (Collector),No,25.92199444,-80.26850278,Non-Intersection,Dark - Lighted,Clear,Unknown,Unknown,Unknown EMS Scene Arrival Hour,Unknown EMS Scene Arrival Minutes,Unknown,Unknown EMS Hospital Arrival Time,2,Dark - Lighted,Clear,0,1,[],[],1,1,Valid,0.0,0.0,35.0,35.0,['Male'],0,0,2,4,4,Dry,Straight,Level,Lowest,No
8050,12,Florida,120548,0,1,1,0,2,NOT APPLICABLE,February,15,Wednesday,3,50,Urban,High Speed (Arterial),Yes,25.78545556,-80.26281944,Non-Intersection,Dark - Lighted,Clear,Unknown,Unknown,Unknown EMS Scene Arrival Hour,Unknown EMS Scene Arrival Minutes,Unknown,Unknown EMS Hospital Arrival Time,2,Dark - Lighted,Clear,2,0,"['Driver', 'Front_Passenger']","['None_Used', 'Shoulder_Lapbelt']",0,0,Valid,0.0,0.0,33.0,33.0,['Male'],0,0,2,4,3,Dry,Curve,Level,Lowest,No
8051,12,Florida,120549,0,2,2,0,2,GROVELAND,February,22,Wednesday,13,46,Urban,Medium Speed (Collector),No,28.58742222,-81.85180833,Simple Junction,Daylight,Clear,Unknown,Unknown,Unknown EMS Scene Arrival Hour,Unknown EMS Scene Arrival Minutes,Not Applicable (Not Transported),Not Applicable (Not Transported),1,Daylight,Clear,1,1,['Driver'],['Shoulder_Lapbelt'],0,0,Valid,0.0,0.0,39.0,31.0,"['Female', 'Male']",0,0,4,4,5,Dry,Curve,Level,Lowest,No
8052,12,Florida,120550,1,1,1,0,1,BARTOW,February,22,Wednesday,19,10,Urban,High Speed (Arterial),Yes,27.91428333,-81.84458333,Non-Intersection,Dark - Lighted,Clear,Unknown,Unknown,Unknown EMS Scene Arrival Hour,Unknown EMS Scene Arrival Minutes,Unknown,Unknown EMS Hospital Arrival Time,1,Dark - Lighted,Clear,0,1,[],[],0,0,Valid,0.0,0.0,24.0,24.0,['Male'],0,0,2,3,4,Dry,Straight,Level,Lowest,No
8053,12,Florida,120551,0,2,2,0,3,JACKSONVILLE,February,23,Thursday,17,10,Urban,Medium Speed (Collector),No,30.24841667,-81.76831111,Simple Junction,Daylight,Clear,Unknown,Unknown,Unknown EMS Scene Arrival Hour,Unknown EMS Scene Arrival Minutes,Unknown,Unknown EMS Hospital Arrival Time,1,Daylight,Clear,1,2,['Driver'],['None_Used'],0,0,Valid,0.0,0.0,61.0,35.0,"['Male', 'Male']",0,0,5,4,5,Dry,Straight,Level,Lowest,No
8054,12,Florida,120552,0,2,2,0,2,NOT APPLICABLE,February,24,Friday,9,45,Rural,High Speed (Arterial),No,28.66624444,-80.87321111,Non-Intersection,Daylight,Clear,Unknown,Unknown,Unknown EMS Scene Arrival Hour,Unknown EMS Scene Arrival Minutes,Unknown,Unknown EMS Hospital Arrival Time,1,Daylight,Clear,1,1,['Driver'],['None_Used'],1,1,Invalid,2.0,1.0,48.0,39.0,"['Male', 'Female']",0,0,3,4,5,Dry,Straight,Level,Lowest,No
8055,12,Florida,120553,0,1,1,0,1,NOT APPLICABLE,February,25,Saturday,6,52,Urban,Medium Speed (Collector),No,27.44747778,-80.49751111,Simple Junction,Dark - Not Lighted,Clear,Unknown,Unknown,Unknown EMS Scene Arrival Hour,Officially Cancelled,Unknown,Officially Canceled,1,Dark - Unlighted,Clear,1,0,['Driver'],['Shoulder_Lapbelt'],1,1,Valid,0.0,0.0,33.0,33.0,['Male'],1,0,3,4,2,Dry,Straight,Level,Lowest,No
8056,12,Florida,120555,0,1,1,0,1,NOT APPLICABLE,February,25,Saturday,17,10,Rural,Low Speed (Local),No,28.81901111,-81.9238,Non-Intersection,Daylight,Clear,5:00pm-5:59pm,12,5:00pm-5:59pm,19,Not Applicable (Not Transported),Not Applicable (Not Transported),1,Daylight,Clear,1,0,['Driver'],['None_Used'],1,1,Valid,0.0,0.0,21.0,21.0,['Male'],0,0,5,4,3,Dry,Curve,Level,Lowest,No
8057,12,Florida,120556,0,2,2,0,2,NOT APPLICABLE,March,4,Saturday,18,58,Urban,Medium Speed (Collector),No,25.95761944,-80.19525278,Complex/Circle,Dark - Lighted,Clear,Unknown,Unknown,Unknown EMS Scene Arrival Hour,Unknown EMS Scene Arrival Minutes,Unknown,Unknown EMS Hospital Arrival Time,1,Dark - Lighted,Clear,1,1,['Driver'],['None_Used'],0,0,Valid,0.0,0.0,55.0,39.0,"['Male', 'Male']",0,0,3,4,5,Dry,Straight,Level,Lowest,No
8058,12,Florida,120557,0,1,1,0,1,NOT APPLICABLE,January,26,Thursday,0,5,Urban,Medium Speed (Collector),No,30.34385833,-87.15038056,Non-Intersection,Dark - Not Lighted,Clear,Unknown,Unknown,Unknown EMS Scene Arrival Hour,Unknown EMS Scene Arrival Minutes,Not Applicable (Not Transported),Not Applicable (Not Transported),1,Dark - Unlighted,Clear,1,0,['Driver'],['Shoulder_Lapbelt'],1,1,Invalid,0.0,0.0,24.0,24.0,['Male'],0,0,2,4,3,Dry,Straight,Level,Lowest,No
8059,12,Florida,120558,1,2,2,0,2,LARGO,February,15,Wednesday,22,41,Urban,High Speed (Arterial),Yes,27.89843611,-82.78722778,Non-Intersection,Dark - Lighted,Clear,Unknown,Unknown,Unknown EMS Scene Arrival Hour,Unknown EMS Scene Arrival Minutes,Unknown,Unknown EMS Hospital Arrival Time,1,Dark - Lighted,Clear,0,2,[],[],0,0,Valid,1.0,0.0,21.0,19.0,"['Female', 'Other']",0,0,2,4,4,Dry,Straight,Level,Lowest,No
8060,12,Florida,120559,0,2,2,0,2,NOT APPLICABLE,February,21,Tuesday,6,17,Rural,High Speed (Arterial),Yes,30.04313333,-81.41978889,Complex/Circle,Dark - Not Lighted,Clear,Unknown,Unknown,Unknown EMS Scene Arrival Hour,Unknown EMS Scene Arrival Minutes,Not Applicable (Not Transported),Not Applicable (Not Transported),1,Dark - Unlighted,Clear,1,1,['Driver'],['Shoulder_Lapbelt'],0,0,Valid,0.0,0.0,84.0,27.0,"['Male', 'Male']",0,0,4,4,5,Dry,Straight,Level,Lowest,No
8061,12,Florida,120560,1,1,1,0,2,WEST PALM BEACH,February,25,Saturday,17,59,Urban,Medium Speed (Collector),No,26.71819444,-80.08113056,Non-Intersection,Daylight,Clear,Unknown,Unknown,Unknown EMS Scene Arrival Hour,Unknown EMS Scene Arrival Minutes,Not Applicable (Not Transported),Not Applicable (Not Transported),1,Daylight,Clear,0,2,[],[],0,0,Valid,0.0,0.0,46.0,46.0,['Female'],0,0,3,4,4,Dry,Straight,Level,Lowest,No
8062,12,Florida,120561,0,1,1,0,1,OCOEE,February,26,Sunday,22,13,Urban,Medium Speed (Collector),No,28.57443611,-81.50895278,Non-Intersection,Dark - Lighted,Clear,Unknown,Unknown,Unknown EMS Scene Arrival Hour,Officially Cancelled,Unknown,Officially Canceled,1,Dark - Lighted,Clear,1,0,['Driver'],['None_Used'],1,1,Valid,0.0,0.0,34.0,34.0,['Female'],0,0,2,4,3,Dry,Curve,Level,Lowest,No
8063,12,Florida,120562,1,2,2,0,3,NOT APPLICABLE,February,3,Friday,5,40,Urban,Low Speed (Local),No,28.32497778,-81.483225,Simple Junction,Dark - Not Lighted,Clear,Unknown,Unknown,Unknown EMS Scene Arrival Hour,Officially Cancelled,Unknown,Officially Canceled,1,Dark - Unlighted,Clear,0,2,[],[],0,0,Invalid,0.0,0.0,998.0,31.0,"['Other', 'Female']",0,0,3,1,4,Dry,Straight,Level,Lowest,No
8064,12,Florida,120563,0,1,1,0,1,NOT APPLICABLE,February,22,Wednesday,17,23,Rural,Medium Speed (Collector),No,28.13723333,-82.63654722,Non-Intersection,Daylight,Clear,Unknown,Unknown,Unknown EMS Scene Arrival Hour,Unknown EMS Scene Arrival Minutes,Unknown,Unknown EMS Hospital Arrival Time,1,Daylight,Clear,1,0,['Driver'],['None_Used'],0,0,Valid,0.0,0.0,53.0,53.0,['Male'],0,0,5,3,2,Dry,Curve,Level,Lowest,No
8065,12,Florida,120564,0,1,1,0,1,NOT APPLICABLE,February,23,Thursday,16,15,Rural,High Speed (Arterial),Yes,30.67946944,-81.671,Non-Intersection,Daylight,Clear,Unknown,Unknown,Unknown EMS Scene Arrival Hour,Unknown EMS Scene Arrival Minutes,Not Applicable (Not Transported),Not Applicable (Not Transported),1,Daylight,Clear,1,0,['Driver'],['Shoulder_Lapbelt'],0,0,Valid,0.0,0.0,35.0,35.0,['Male'],0,0,4,4,3,Dry,Straight,Level,Lowest,No
8066,12,Florida,120565,0,2,2,0,2,NOT APPLICABLE,March,12,Sunday,3,42,Rural,High Speed (Arterial),Yes,29.24042778,-81.23105833,Non-Intersection,Dark - Not Lighted,Clear,Unknown,Unknown,Unknown EMS Scene Arrival Hour,Unknown EMS Scene Arrival Minutes,Unknown,Unknown EMS Hospital Arrival Time,1,Dark - Unlighted,Clear,1,1,['Driver'],['None_Used'],1,1,Valid,0.0,1.0,32.0,26.0,"['Male', 'Male']",0,0,3,4,5,Dry,Curve,Level,Lowest,No
8067,12,Florida,120566,0,3,3,0,5,NOT APPLICABLE,February,22,Wednesday,11,24,Rural,Medium Speed (Collector),No,28.46403889,-81.83344722,Non-Intersection,Daylight,Clear,Unknown,Unknown,Unknown EMS Scene Arrival Hour,Unknown EMS Scene Arrival Minutes,Unknown,Unknown EMS Hospital Arrival Time,1,Daylight,Clear,1,4,['Driver'],['Shoulder_Lapbelt'],0,0,Valid,0.0,1.0,34.0,22.0,"['Male', 'Male', 'Female']",0,0,4,4,5,Dry,Curve,Level,Lowest,No
8068,12,Florida,120567,1,1,1,0,1,NOT APPLICABLE,February,23,Thursday,0,34,Urban,High Speed (Arterial),Yes,28.53662778,-81.31042778,Non-Intersection,Dark - Lighted,Clear,Unknown,Unknown,Unknown EMS Scene Arrival Hour,Unknown EMS Scene Arrival Minutes,Not Applicable (Not Transported),Not Applicable (Not Transported),1,Dark - Lighted,Clear,0,1,[],[],0,0,Valid,0.0,0.0,72.0,72.0,['Male'],0,0,2,3,4,Dry,Straight,Level,Lowest,No
8069,12,Florida,120568,0,2,2,0,2,NOT APPLICABLE,February,26,Sunday,3,38,Urban,High Speed (Arterial),Yes,29.39628056,-81.19266389,Non-Intersection,Dark - Not Lighted,Clear,Unknown,Unknown,Unknown EMS Scene Arrival Hour,Unknown EMS Scene Arrival Minutes,Unknown,Unknown EMS Hospital Arrival Time,1,Dark - Unlighted,Clear,1,1,['Driver'],['None_Used'],1,2,Valid,1.0,1.0,43.0,27.0,"['Male', 'Female']",0,0,3,4,5,Dry,Straight,Level,Lowest,No
8070,12,Florida,120569,0,6,6,0,8,NOT APPLICABLE,February,24,Friday,7,10,Rural,High Speed (Arterial),Yes,28.65449444,-81.81216389,Non-Intersection,Daylight,Clear,Unknown,Unknown,Unknown EMS Scene Arrival Hour,Unknown EMS Scene Arrival Minutes,Unknown,Unknown EMS Hospital Arrival Time,2,Daylight,Clear,2,6,"['Driver', 'Front_Passenger']","['Shoulder_Lapbelt', 'Shoulder_Lapbelt']",0,0,Valid,0.0,2.0,69.0,23.0,"['Female', 'Male', 'Female', 'Male', 'Male', 'Male']",1,0,4,4,5,Dry,Straight,Level,Lowest,No
8071,12,Florida,120570,1,1,1,0,1,VENICE,March,6,Monday,7,45,Urban,Low Speed (Local),No,27.10081389,-82.44539167,Complex/Circle,Daylight,Clear,Unknown,Unknown,Unknown EMS Scene Arrival Hour,Unknown EMS Scene Arrival Minutes,Unknown,Unknown EMS Hospital Arrival Time,1,Daylight,Clear,0,1,[],[],0,0,Valid,0.0,3.0,32.0,32.0,['Male'],0,0,3,2,4,Dry,Straight,Level,Lowest,No
8072,12,Florida,120571,1,1,1,0,1,JACKSONVILLE,February,26,Sunday,19,40,Urban,High Speed (Arterial),Yes,30.32751111,-81.59253611,Non-Intersection,Dark - Lighted,Clear,Unknown,Unknown,Unknown EMS Scene Arrival Hour,Unknown EMS Scene Arrival Minutes,Not Applicable (Not Transported),Not Applicable (Not Transported),1,Dark - Lighted,Clear,0,1,[],[],0,0,Valid,0.0,0.0,66.0,66.0,['Female'],0,0,2,4,4,Dry,Straight,Grade/Hillcrest,Lowest,No
8073,12,Florida,120572,0,1,1,0,1,NOT APPLICABLE,March,12,Sunday,20,26,Urban,High Speed (Arterial),Yes,27.75836389,-82.67531667,Non-Intersection,Dark - Lighted,Clear,Unknown,Unknown,Unknown EMS Scene Arrival Hour,Unknown EMS Scene Arrival Minutes,Not Applicable (Not Transported),Not Applicable (Not Transported),1,Dark - Lighted,Clear,1,0,['Driver'],['None_Used'],1,1,Valid,0.0,0.0,22.0,22.0,['Female'],0,0,3,4,3,Dry,Curve,Level,Lowest,No
8074,12,Florida,120573,0,3,3,0,3,NOT APPLICABLE,February,24,Friday,19,33,Rural,Medium Speed (Collector),No,29.47696944,-81.67138333,Non-Intersection,Dark - Not Lighted,Clear,Unknown,Unknown,Unknown EMS Scene Arrival Hour,Unknown EMS Scene Arrival Minutes,Unknown,Unknown EMS Hospital Arrival Time,1,Dark - Unlighted,Clear,1,2,['Driver'],['None_Used'],1,1,Valid,1.0,0.0,59.0,52.0,"['Male', 'Female', 'Male']",0,0,5,4,5,Dry,Straight,Level,Lowest,No
8075,12,Florida,120574,0,2,2,0,3,THONOTOSASSA,February,26,Sunday,6,27,Rural,High Speed (Arterial),Yes,28.13836111,-82.22845,Non-Intersection,Dawn,"Fog, Smog, Smoke",Unknown,Unknown,Unknown EMS Scene Arrival Hour,Unknown EMS Scene Arrival Minutes,Unknown,Unknown EMS Hospital Arrival Time,1,Twilight,Reduced Visibility,1,2,['Driver'],['None_Used'],0,0,Valid,0.0,0.0,57.0,21.0,"['Male', 'Female']",0,0,3,4,5,Dry,Straight,Level,Lowest,No
8076,12,Florida,120575,0,2,2,0,2,POMPANO BEACH,March,12,Sunday,18,32,Urban,High Speed (Arterial),Yes,25.99583333,-80.142625,Simple Junction,Daylight,Clear,Unknown,Unknown,Unknown EMS Scene Arrival Hour,Unknown EMS Scene Arrival Minutes,Unknown,Unknown EMS Hospital Arrival Time,1,Daylight,Clear,1,1,['Driver'],['None_Used'],0,0,Valid,0.0,0.0,76.0,17.0,"['Female', 'Male']",0,0,5,4,5,Dry,Straight,Level,Lowest,No
8077,12,Florida,120576,0,2,2,0,2,NOT APPLICABLE,February,27,Monday,15,15,Rural,High Speed (Arterial),Yes,30.38616944,-83.17680278,Non-Intersection,Daylight,Clear,Unknown,Unknown,Unknown EMS Scene Arrival Hour,Unknown EMS Scene Arrival Minutes,Unknown,Unknown EMS Hospital Arrival Time,1,Daylight,Clear,1,1,['Driver'],['None_Used'],0,0,Invalid,0.0,0.0,54.0,17.0,"['Male', 'Female']",0,0,3,4,5,Dry,Straight,Level,Lowest,No
8078,12,Florida,120578,0,1,1,0,1,NOT APPLICABLE,March,13,Monday,14,30,Rural,Medium Speed (Collector),No,30.66133333,-86.05550833,Non-Intersection,Daylight,Clear,Unknown,Unknown,Unknown EMS Scene Arrival Hour,Unknown EMS Scene Arrival Minutes,Not Applicable (Not Transported),Not Applicable (Not Transported),1,Daylight,Clear,1,0,['Driver'],['None_Used'],0,0,Valid,0.0,0.0,54.0,54.0,['Male'],1,0,4,4,3,Dry,Curve,Grade/Hillcrest,Lowest,No
8079,12,Florida,120579,0,1,1,0,1,NOT APPLICABLE,March,6,Monday,1,18,Urban,High Speed (Arterial),Yes,29.17001111,-82.13940833,Non-Intersection,Dark - Not Lighted,Clear,Unknown,Unknown,Unknown EMS Scene Arrival Hour,Unknown EMS Scene Arrival Minutes,Unknown,Unknown EMS Hospital Arrival Time,1,Dark - Unlighted,Clear,1,0,['Driver'],['None_Used'],1,1,Valid,0.0,0.0,60.0,60.0,['Male'],0,0,3,4,3,Dry,Curve,Grade/Hillcrest,Lowest,No
8080,12,Florida,120580,0,1,1,0,1,NOT APPLICABLE,March,13,Monday,7,23,Urban,Medium Speed (Collector),No,28.47539167,-82.49103056,Non-Intersection,Dawn,Cloudy,Unknown,Unknown,Unknown EMS Scene Arrival Hour,Unknown EMS Scene Arrival Minutes,Unknown,Unknown EMS Hospital Arrival Time,1,Twilight,Reduced Visibility,1,0,['Driver'],['None_Used'],0,0,Valid,0.0,0.0,24.0,24.0,['Male'],0,0,2,4,3,Wet/Standing Water,Straight,Level,Lowest,No
8081,12,Florida,120581,1,1,1,0,2,NOT APPLICABLE,March,14,Tuesday,16,16,Urban,High Speed (Arterial),Yes,27.43914444,-82.45258056,Non-Intersection,Daylight,Clear,Unknown,Unknown,Unknown EMS Scene Arrival Hour,Unknown EMS Scene Arrival Minutes,Unknown,Unknown EMS Hospital Arrival Time,1,Daylight,Clear,0,2,[],[],0,0,Invalid,0.0,0.0,62.0,62.0,['Male'],0,0,5,4,4,Dry,Straight,Level,Lowest,No
8082,12,Florida,120582,0,2,2,0,4,FRUITLAND PARK,February,25,Saturday,16,5,Urban,High Speed (Arterial),Yes,28.83770556,-81.89189722,Non-Intersection,Daylight,Clear,Unknown,Unknown,Unknown EMS Scene Arrival Hour,Unknown EMS Scene Arrival Minutes,Unknown,Unknown EMS Hospital Arrival Time,1,Daylight,Clear,1,3,['Driver'],['None_Used'],0,0,Invalid,0.0,0.0,43.0,35.0,"['Male', 'Female']",0,0,3,4,5,Dry,Curve,Grade/Hillcrest,Lowest,No
8083,12,Florida,120583,0,2,2,0,4,NOT APPLICABLE,February,19,Sunday,0,22,Rural,High Speed (Arterial),Yes,27.21888611,-81.32873333,Non-Intersection,Dark - Not Lighted,Clear,Unknown,Unknown,Unknown EMS Scene Arrival Hour,Unknown EMS Scene Arrival Minutes,Unknown,Unknown EMS Hospital Arrival Time,1,Dark - Unlighted,Clear,1,3,['Front_Passenger'],['None_Used'],0,0,Valid,0.0,0.0,41.0,23.0,"['Female', 'Male']",0,0,2,4,5,Dry,Straight,Level,Lowest,No
8084,12,Florida,120584,0,1,1,0,1,NOT APPLICABLE,February,27,Monday,2,1,Urban,High Speed (Arterial),Yes,27.98858889,-82.39288056,Simple Junction,Dark - Lighted,"Fog, Smog, Smoke",Unknown,Unknown,Unknown EMS Scene Arrival Hour,Unknown EMS Scene Arrival Minutes,Not Applicable (Not Transported),Not Applicable (Not Transported),1,Dark - Lighted,Reduced Visibility,1,0,['Driver'],['Shoulder_Lapbelt'],1,1,Valid,0.0,0.0,34.0,34.0,['Female'],0,0,2,4,3,Wet/Standing Water,Curve,Level,Lowest,No
8085,12,Florida,120585,0,3,3,0,4,NOT APPLICABLE,February,24,Friday,13,19,Urban,High Speed (Arterial),Yes,30.59149444,-81.59963611,Non-Intersection,Daylight,Clear,Unknown,Unknown,Unknown EMS Scene Arrival Hour,Unknown EMS Scene Arrival Minutes,Unknown,Unknown EMS Hospital Arrival Time,2,Daylight,Clear,2,2,"['Driver', 'Rear_Seat']","['None_Used', 'None_Used']",0,0,Valid,0.0,0.0,68.0,31.0,"['Male', 'Male', 'Female']",0,0,3,4,5,Dry,Straight,Level,Lowest,No
8086,12,Florida,120586,0,2,2,0,3,NOT APPLICABLE,March,15,Wednesday,3,14,Urban,High Speed (Arterial),Yes,26.86080556,-81.99113333,Simple Junction,Dark - Not Lighted,Clear,Unknown,Unknown,Unknown EMS Scene Arrival Hour,Unknown EMS Scene Arrival Minutes,Unknown,Unknown EMS Hospital Arrival Time,1,Dark - Unlighted,Clear,1,2,['Driver'],['Shoulder_Lapbelt'],1,1,Valid,0.0,0.0,59.0,18.0,"['Male', 'Male']",0,0,2,4,5,Dry,Straight,Level,Lowest,No
8087,12,Florida,120587,0,1,1,0,1,NOT APPLICABLE,February,26,Sunday,2,55,Urban,High Speed (Arterial),Yes,28.61588056,-81.25841667,Non-Intersection,Dark - Lighted,Clear,Unknown,Unknown,Unknown EMS Scene Arrival Hour,Unknown EMS Scene Arrival Minutes,Not Applicable (Not Transported),Not Applicable (Not Transported),1,Dark - Lighted,Clear,1,0,['Driver'],['None_Used'],1,1,Valid,0.0,0.0,36.0,36.0,['Male'],0,0,2,4,3,Dry,Curve,Level,Lowest,No
8088,12,Florida,120588,0,2,2,0,2,NOT APPLICABLE,February,23,Thursday,22,10,Rural,High Speed (Arterial),No,29.19835833,-81.43446667,Non-Intersection,Dark - Not Lighted,Clear,Unknown,Unknown,Unknown EMS Scene Arrival Hour,Unknown EMS Scene Arrival Minutes,Unknown,Unknown EMS Hospital Arrival Time,1,Dark - Unlighted,Clear,1,1,['Driver'],['None_Used'],1,1,Invalid,0.0,2.0,27.0,24.0,"['Male', 'Male']",0,0,2,4,5,Dry,Straight,Level,Lowest,No