,State_Code,State_Name,Crash_ID,Count_Non_Motorists,Count_Vehicles_Total,Count_Vehicle_Forms,Count_PVH_Involved,Count_Occupants_MV,City_Name,Month_Name,Day_of_Month,Day_of_Week,Crash_Hour,Crash_Minute,Area_Rural_Urban,Road_Functional_Class,On_NHS_Road,Latitude,Longitude,Intersection_Type,Light_Condition,Weather_Condition,Notif_Hour,Notif_Minute,Arrival_Hour,Arrival_Minute,Hospital_Hour,Hospital_Minute,Fatalities_Count,Clean_Light_Condition,Clean_Weather_Condition,Total_Killed,Total_Alive,Fatal_Seats_List,Killed_Restraint_List,Any_Driver_Drinking,Total_Drinking_Drivers,Driver_License_Category,Driver_Max_Prev_Accident_Count,Driver_Max_Prev_Speeding_Count,Max_Driver_Age,Min_Driver_Age,Driver_Sex_List,Total_Exceeding_Limit_Vehicles,Total_Too_Fast_Vehicles,Max_Vehicle_Type_Severity_5,Max_Vehicle_Damage_Rank,Max_Harmful_Event_Severity,Crash_Road_Surface_Condition,Crash_Horizontal_Alignment,Crash_Vertical_Profile,Crash_Impairment_Category,Crash_Vehicle_Defect
8089,12,Florida,120589,1,1,1,0,2,NOT APPLICABLE,March,15,Wednesday,6,10,Rural,High Speed (Arterial),Yes,29.61325556,-82.84163889,Non-Intersection,Dark - Not Lighted,Clear,Unknown,Unknown,Unknown EMS Scene Arrival Hour,Unknown EMS Scene Arrival Minutes,Unknown,Unknown EMS Hospital Arrival Time,1,Dark - Unlighted,Clear,0,2,[],[],0,0,Valid,1.0,0.0,45.0,45.0,['Male'],0,0,2,3,4,Dry,Straight,Level,Lowest,No
8090,12,Florida,120590,0,3,3,0,5,TAMPA,February,26,Sunday,2,45,Urban,High Speed (Arterial),Yes,27.95650833,-82.46020556,Non-Intersection,Dark - Lighted,Clear,Unknown,Unknown,Unknown EMS Scene Arrival Hour,Unknown EMS Scene Arrival Minutes,Not Applicable (Not Transported),Not Applicable (Not Transported),1,Dark - Lighted,Clear,1,4,['Front_Passenger'],['Shoulder_Lapbelt'],1,1,Valid,0.0,0.0,46.0,29.0,"['Male', 'Male', 'Male']",0,0,3,4,5,Dry,Straight,Level,Lowest,No
8091,12,Florida,120591,1,1,1,0,1,MIAMI,March,15,Wednesday,14,27,Urban,Medium Speed (Collector),No,25.849725,-80.19695833,Complex/Circle,Daylight,Cloudy,Unknown,Unknown,Unknown EMS Scene Arrival Hour,Unknown EMS Scene Arrival Minutes,Not Applicable (Not Transported),Not Applicable (Not Transported),1,Daylight,Reduced Visibility,0,1,[],[],0,0,Valid,0.0,0.0,33.0,33.0,['Male'],0,0,3,1,4,Dry,Straight,Level,Lowest,No
8092,12,Florida,120592,0,1,1,0,1,JUPITER,March,16,Thursday,19,15,Urban,Medium Speed (Collector),No,26.88361111,-80.12548333,Non-Intersection,Daylight,Clear,Unknown,Unknown,Unknown EMS Scene Arrival Hour,Unknown EMS Scene Arrival Minutes,Unknown,Unknown EMS Hospital Arrival Time,1,Daylight,Clear,1,0,['Driver'],['None_Used'],1,1,Valid,0.0,1.0,33.0,33.0,['Female'],1,0,2,4,3,Dry,Curve,Level,Lowest,No
8093,12,Florida,120593,0,2,2,0,3,JACKSONVILLE,February,24,Friday,19,45,Urban,High Speed (Arterial),Yes,30.23383333,-81.73925,Complex/Circle,Dark - Lighted,Clear,Unknown,Unknown,Unknown EMS Scene Arrival Hour,Unknown EMS Scene Arrival Minutes,Unknown,Unknown EMS Hospital Arrival Time,1,Dark - Lighted,Clear,1,2,['Driver'],['None_Used'],0,0,Valid,3.0,1.0,42.0,28.0,"['Male', 'Female']",0,0,5,4,5,Dry,Straight,Level,Lowest,No
8094,12,Florida,120594,0,2,2,0,2,NOT APPLICABLE,March,16,Thursday,13,58,Rural,Medium Speed (Collector),No,28.97454167,-81.55398056,Non-Intersection,Daylight,Clear,Unknown,Unknown,Unknown EMS Scene Arrival Hour,Unknown EMS Scene Arrival Minutes,Unknown,Unknown EMS Hospital Arrival Time,1,Daylight,Clear,1,1,['Driver'],['None_Used'],0,0,Invalid,0.0,1.0,72.0,23.0,"['Male', 'Male']",0,0,5,4,5,Dry,Curve,Level,Lowest,No
8095,12,Florida,120595,1,1,1,0,1,MELBOURNE,March,6,Monday,19,18,Urban,Medium Speed (Collector),No,28.08334722,-80.62140833,Non-Intersection,Dark - Lighted,Clear,Unknown,Unknown,Unknown EMS Scene Arrival Hour,Unknown EMS Scene Arrival Minutes,Unknown,Unknown EMS Hospital Arrival Time,1,Dark - Lighted,Clear,0,1,[],[],0,0,Invalid,0.0,0.0,45.0,45.0,['Male'],0,0,3,3,4,Dry,Straight,Level,Lowest,No
8096,12,Florida,120596,0,1,1,0,1,NOT APPLICABLE,March,6,Monday,2,25,Rural,High Speed (Arterial),Yes,29.98218056,-81.45980833,Non-Intersection,Dark - Lighted,Clear,Unknown,Unknown,Unknown EMS Scene Arrival Hour,Unknown EMS Scene Arrival Minutes,Not Applicable (Not Transported),Not Applicable (Not Transported),1,Dark - Lighted,Clear,1,0,['Driver'],['None_Used'],1,1,Invalid,0.0,1.0,38.0,38.0,['Male'],1,0,2,4,3,Dry,Curve,Level,Lowest,No
8097,12,Florida,120597,0,2,2,0,3,NOT APPLICABLE,February,28,Tuesday,17,44,Urban,High Speed (Arterial),Yes,27.54416944,-82.56435556,Non-Intersection,Daylight,Clear,Unknown,Unknown,Unknown EMS Scene Arrival Hour,Unknown EMS Scene Arrival Minutes,Unknown,Unknown EMS Hospital Arrival Time,1,Daylight,Clear,1,2,['Driver'],['None_Used'],0,0,Valid,0.0,2.0,58.0,20.0,"['Male', 'Female']",0,0,3,4,5,Dry,Straight,Level,Lowest,No
8098,12,Florida,120598,0,2,2,0,3,NOT APPLICABLE,February,28,Tuesday,22,50,Urban,High Speed (Arterial),Yes,28.04910833,-80.67155278,Non-Intersection,Dark - Lighted,Clear,Unknown,Unknown,Unknown EMS Scene Arrival Hour,Unknown EMS Scene Arrival Minutes,Not Applicable (Not Transported),Not Applicable (Not Transported),1,Dark - Lighted,Clear,1,2,['Driver'],['None_Used'],0,0,Valid,1.0,2.0,40.0,23.0,"['Male', 'Male']",0,0,5,4,5,Dry,Straight,Grade/Hillcrest,Lowest,No
8099,12,Florida,120599,0,2,2,0,2,NOT APPLICABLE,February,15,Wednesday,19,56,Rural,High Speed (Arterial),Yes,30.74021111,-85.24498056,Non-Intersection,Dark - Not Lighted,Clear,Unknown,Unknown,Unknown EMS Scene Arrival Hour,Unknown EMS Scene Arrival Minutes,Unknown,Unknown EMS Hospital Arrival Time,1,Dark - Unlighted,Clear,1,1,['Driver'],['Shoulder_Lapbelt'],0,0,Valid,0.0,1.0,60.0,48.0,"['Male', 'Male']",0,0,4,4,5,Dry,Straight,Level,Lowest,No
8100,12,Florida,120600,1,1,1,0,1,KENDALL,March,1,Wednesday,7,9,Urban,Medium Speed (Collector),No,25.82622778,-80.36981944,Complex/Circle,Daylight,Clear,Unknown,Unknown,Unknown EMS Scene Arrival Hour,Unknown EMS Scene Arrival Minutes,Unknown,Unknown EMS Hospital Arrival Time,1,Daylight,Clear,0,1,[],[],0,0,Valid,0.0,1.0,40.0,40.0,['Female'],0,0,3,2,4,Dry,Straight,Level,Lowest,No
8101,12,Florida,120601,0,1,1,0,2,NOT APPLICABLE,February,15,Wednesday,16,10,Rural,High Speed (Arterial),Yes,30.72065833,-85.18255278,Non-Intersection,Daylight,Clear,Unknown,Unknown,Unknown EMS Scene Arrival Hour,Unknown EMS Scene Arrival Minutes,Not Applicable (Not Transported),Not Applicable (Not Transported),2,Daylight,Clear,2,0,"['Driver', 'Front_Passenger']","['Shoulder_Lapbelt', 'Shoulder_Lapbelt']",0,0,Valid,0.0,0.0,73.0,73.0,['Male'],0,0,1,4,3,Dry,Straight,Level,Lowest,Yes
8102,12,Florida,120602,0,2,2,0,2,NOT APPLICABLE,February,28,Tuesday,17,52,Rural,High Speed (Arterial),Yes,30.74958611,-86.25241111,Simple Junction,Dusk,Clear,Unknown,Unknown,Unknown EMS Scene Arrival Hour,Unknown EMS Scene Arrival Minutes,Unknown,Unknown EMS Hospital Arrival Time,1,Twilight,Clear,1,1,['Driver'],['None_Used'],0,0,Valid,1.0,0.0,52.0,50.0,"['Male', 'Male']",0,0,2,4,5,Dry,Straight,Level,Lowest,Yes
8103,12,Florida,120603,0,1,1,0,1,NOT APPLICABLE,March,11,Saturday,19,34,Rural,Low Speed (Local),No,30.96405278,-86.45063333,Non-Intersection,Dark - Not Lighted,Clear,Unknown,Unknown,Unknown EMS Scene Arrival Hour,Unknown EMS Scene Arrival Minutes,Unknown,Unknown EMS Hospital Arrival Time,1,Dark - Unlighted,Clear,1,0,['Driver'],['Shoulder_Lapbelt'],1,1,Valid,0.0,1.0,31.0,31.0,['Female'],1,0,3,4,3,Dry,Straight,Grade/Hillcrest,Lowest,No
8104,12,Florida,120604,0,1,1,0,1,PENSACOLA,February,22,Wednesday,23,0,Urban,Medium Speed (Collector),No,30.43324444,-87.20938611,Non-Intersection,Dark - Lighted,Cloudy,Unknown,Unknown,Unknown EMS Scene Arrival Hour,Unknown EMS Scene Arrival Minutes,Unknown,Unknown EMS Hospital Arrival Time,1,Dark - Lighted,Reduced Visibility,1,0,['Driver'],['None_Used'],0,0,Valid,0.0,2.0,25.0,25.0,['Male'],0,0,3,4,3,Dry,Straight,Grade/Hillcrest,Lowest,No
8105,12,Florida,120605,1,1,1,0,4,NOT APPLICABLE,March,1,Wednesday,0,6,Rural,High Speed (Arterial),Yes,29.04675,-81.20439444,Non-Intersection,Dark - Not Lighted,Clear,Unknown,Unknown,Unknown EMS Scene Arrival Hour,Unknown EMS Scene Arrival Minutes,Unknown,Unknown EMS Hospital Arrival Time,1,Dark - Unlighted,Clear,0,4,[],[],0,0,Valid,0.0,1.0,30.0,30.0,['Male'],0,0,2,4,4,Dry,Straight,Level,Lowest,No
8106,12,Florida,120606,0,2,2,0,2,TALLAHASSEE,February,9,Thursday,15,14,Urban,High Speed (Arterial),Yes,30.40465833,-84.28066111,Non-Intersection,Daylight,Clear,Unknown,Unknown,Unknown EMS Scene Arrival Hour,Unknown EMS Scene Arrival Minutes,Unknown,Unknown EMS Hospital Arrival Time,1,Daylight,Clear,1,1,['Driver'],['None_Used'],0,0,Valid,0.0,0.0,45.0,33.0,"['Male', 'Male']",0,0,5,4,5,Dry,Straight,Grade/Hillcrest,Lowest,No
8107,12,Florida,120607,0,1,1,0,1,NOT APPLICABLE,February,9,Thursday,13,46,Urban,Low Speed (Local),No,28.22961111,-80.73266111,Complex/Circle,Daylight,Clear,Unknown,Unknown,Unknown EMS Scene Arrival Hour,Unknown EMS Scene Arrival Minutes,Unknown,Unknown EMS Hospital Arrival Time,1,Daylight,Clear,1,0,['Driver'],['None_Used'],0,0,Valid,0.0,0.0,83.0,83.0,['Female'],0,0,5,1,1,Dry,Straight,Level,Lowest,No
8108,12,Florida,120608,1,1,1,0,1,HOLLYWOOD,February,14,Tuesday,20,4,Urban,Medium Speed (Collector),No,26.02475833,-80.21667778,Non-Intersection,Dark - Lighted,Clear,Unknown,Unknown,Unknown EMS Scene Arrival Hour,Unknown EMS Scene Arrival Minutes,Unknown,Unknown EMS Hospital Arrival Time,1,Dark - Lighted,Clear,0,1,[],[],0,0,Valid,0.0,0.0,30.0,30.0,['Female'],0,0,2,4,4,Dry,Straight,Level,Lowest,No
8109,12,Florida,120609,0,2,2,0,3,POMPANO BEACH,February,18,Saturday,4,5,Urban,High Speed (Arterial),Yes,26.22196944,-80.13624167,Non-Intersection,Dark - Lighted,Clear,Unknown,Unknown,Unknown EMS Scene Arrival Hour,Unknown EMS Scene Arrival Minutes,Unknown,Unknown EMS Hospital Arrival Time,1,Dark - Lighted,Clear,1,2,['Driver'],['None_Used'],0,0,Valid,0.0,0.0,55.0,19.0,"['Male', 'Male']",0,0,3,4,5,Dry,Straight,Level,Medium,No
8110,12,Florida,120610,1,1,1,0,2,NOT APPLICABLE,February,24,Friday,23,36,Urban,High Speed (Arterial),Yes,27.59459722,-81.82217222,Non-Intersection,Dark - Not Lighted,Clear,Unknown,Unknown,Unknown EMS Scene Arrival Hour,Unknown EMS Scene Arrival Minutes,Not Applicable (Not Transported),Not Applicable (Not Transported),1,Dark - Unlighted,Clear,0,2,[],[],0,0,Valid,0.0,0.0,27.0,27.0,['Male'],0,0,2,4,4,Dry,Straight,Level,Lowest,No
8111,12,Florida,120611,0,2,2,0,2,NOT APPLICABLE,February,27,Monday,11,2,Urban,High Speed (Arterial),Yes,27.23964167,-81.85191944,Non-Intersection,Daylight,Clear,Unknown,Unknown,Unknown EMS Scene Arrival Hour,Unknown EMS Scene Arrival Minutes,Not Applicable (Not Transported),Not Applicable (Not Transported),1,Daylight,Clear,1,1,['Driver'],['None_Used'],0,0,Valid,1.0,0.0,59.0,19.0,"['Male', 'Male']",0,0,5,4,5,Dry,Curve,Level,Lowest,No
8112,12,Florida,120612,0,2,2,0,3,NOT APPLICABLE,February,25,Saturday,10,0,Rural,Medium Speed (Collector),No,28.52893889,-81.84783056,Simple Junction,Daylight,Clear,Unknown,Unknown,Unknown EMS Scene Arrival Hour,Unknown EMS Scene Arrival Minutes,Unknown,Unknown EMS Hospital Arrival Time,1,Daylight,Clear,1,2,['Driver'],['Shoulder_Lapbelt'],0,0,Valid,0.0,0.0,74.0,61.0,"['Female', 'Male']",0,0,3,4,5,Dry,Straight,Level,Lowest,No
8113,12,Florida,120613,1,1,1,0,1,NOT APPLICABLE,February,28,Tuesday,10,30,Urban,Low Speed (Local),No,28.20976111,-82.740575,Non-Intersection,Daylight,Cloudy,10:00am-10:59am,29,10:00am-10:59am,33,Unknown,Unknown EMS Hospital Arrival Time,1,Daylight,Reduced Visibility,0,1,[],[],0,0,Valid,2.0,1.0,47.0,47.0,['Female'],0,0,3,4,4,Dry,Straight,Level,Lowest,No
8114,12,Florida,120614,1,1,1,0,1,LARGO,February,28,Tuesday,19,3,Urban,Medium Speed (Collector),No,27.75204444,-82.65901667,Non-Intersection,Dark - Lighted,Clear,Unknown,Unknown,Unknown EMS Scene Arrival Hour,Unknown EMS Scene Arrival Minutes,Unknown,Unknown EMS Hospital Arrival Time,1,Dark - Lighted,Clear,0,1,[],[],0,0,Valid,1.0,0.0,26.0,26.0,['Male'],0,0,2,4,4,Dry,Straight,Level,Lowest,No
8115,12,Florida,120615,1,1,1,0,1,NOT APPLICABLE,February,23,Thursday,22,35,Urban,Medium Speed (Collector),No,28.83556667,-81.77334444,Non-Intersection,Dark - Not Lighted,Clear,Unknown,Unknown,Unknown EMS Scene Arrival Hour,Unknown EMS Scene Arrival Minutes,Not Applicable (Not Transported),Not Applicable (Not Transported),1,Dark - Unlighted,Clear,0,1,[],[],0,0,Valid,0.0,0.0,38.0,38.0,['Male'],0,0,3,3,4,Dry,Straight,Level,Lowest,No
8116,12,Florida,120616,0,1,1,0,1,NOT APPLICABLE,March,12,Sunday,3,50,Urban,High Speed (Arterial),Yes,26.67939722,-81.90064722,Non-Intersection,Dark - Lighted,Clear,Unknown,Unknown,Unknown EMS Scene Arrival Hour,Unknown EMS Scene Arrival Minutes,Unknown,Unknown EMS Hospital Arrival Time,1,Dark - Lighted,Clear,1,0,['Driver'],['None_Used'],1,1,Valid,0.0,0.0,33.0,33.0,['Male'],0,0,5,4,0,Dry,Curve,Level,Lowest,No
8117,12,Florida,120617,2,2,2,0,2,NOT APPLICABLE,February,25,Saturday,20,40,Urban,High Speed (Arterial),Yes,28.55224167,-81.46671944,Non-Intersection,Dark - Lighted,Clear,Unknown,Unknown,Unknown EMS Scene Arrival Hour,Unknown EMS Scene Arrival Minutes,Unknown,Unknown EMS Hospital Arrival Time,2,Dark - Lighted,Clear,0,1,[],[],0,0,Valid,0.0,0.0,999.0,39.0,"['Male', 'Other']",0,0,2,3,4,Dry,Straight,Level,Lowest,No
8118,12,Florida,120618,0,2,2,0,4,BELLE GLADE,March,13,Monday,4,20,Urban,Medium Speed (Collector),No,26.71135,-80.68399444,Non-Intersection,Dark - Not Lighted,Clear,Unknown,Unknown,Unknown EMS Scene Arrival Hour,Unknown EMS Scene Arrival Minutes,Unknown,Unknown EMS Hospital Arrival Time,1,Dark - Unlighted,Clear,1,3,['Driver'],['None_Used'],0,0,Valid,0.0,0.0,63.0,61.0,"['Male', 'Male']",0,0,4,4,5,Dry,Straight,Level,Lowest,No
8119,12,Florida,120619,0,2,2,0,2,NOT APPLICABLE,March,12,Sunday,16,53,Urban,High Speed (Arterial),Yes,30.42612222,-85.15911667,Non-Intersection,Daylight,Rain,Unknown,Unknown,Unknown EMS Scene Arrival Hour,Unknown EMS Scene Arrival Minutes,Unknown,Unknown EMS Hospital Arrival Time,1,Daylight,Rain/Wind/Minor,1,1,['Driver'],['None_Used'],0,0,Valid,1.0,1.0,66.0,19.0,"['Male', 'Male']",0,0,3,4,5,Wet/Standing Water,Straight,Level,Lowest,No
8120,12,Florida,120620,0,2,2,0,5,DELTONA,March,12,Sunday,19,27,Urban,Medium Speed (Collector),No,28.89991944,-81.23813611,Complex/Circle,Daylight,Clear,Unknown,Unknown,Unknown EMS Scene Arrival Hour,Unknown EMS Scene Arrival Minutes,Unknown,Unknown EMS Hospital Arrival Time,1,Daylight,Clear,1,4,['Driver'],['None_Used'],0,0,Invalid,0.0,0.0,30.0,21.0,"['Male', 'Male']",0,0,5,4,5,Dry,Straight,Level,Lowest,No
8121,12,Florida,120621,0,2,2,0,2,NOT APPLICABLE,March,14,Tuesday,16,15,Rural,Medium Speed (Collector),No,30.31335278,-82.66154167,Complex/Circle,Daylight,Clear,Unknown,Unknown,Unknown EMS Scene Arrival Hour,Unknown EMS Scene Arrival Minutes,Unknown,Unknown EMS Hospital Arrival Time,1,Daylight,Clear,1,1,['Driver'],['None_Used'],0,0,Invalid,1.0,1.0,53.0,47.0,"['Male', 'Male']",0,0,2,4,5,Dry,Straight,Level,Lowest,No
8122,12,Florida,120622,0,2,2,0,2,JACKSONVILLE,March,14,Tuesday,11,58,Urban,Medium Speed (Collector),No,30.37368056,-81.7537,Non-Intersection,Daylight,Clear,Unknown,Unknown,Unknown EMS Scene Arrival Hour,Unknown EMS Scene Arrival Minutes,Unknown,Unknown EMS Hospital Arrival Time,1,Daylight,Clear,1,1,['Driver'],['None_Used'],1,1,Valid,1.0,1.0,76.0,56.0,"['Male', 'Male']",1,0,4,4,5,Dry,Straight,Level,Lowest,No
8123,12,Florida,120623,0,2,2,0,2,NOT APPLICABLE,February,16,Thursday,17,33,Urban,Low Speed (Local),No,25.62107222,-80.35520278,Simple Junction,Daylight,Clear,Unknown,Unknown,Unknown EMS Scene Arrival Hour,Unknown EMS Scene Arrival Minutes,Not Applicable (Not Transported),Not Applicable (Not Transported),1,Daylight,Clear,1,1,['Driver'],['None_Used'],0,0,Valid,2.0,0.0,61.0,45.0,"['Male', 'Male']",0,0,5,4,5,Dry,Straight,Level,Lowest,No
8124,12,Florida,120624,0,2,2,0,2,NOT APPLICABLE,March,15,Wednesday,0,0,Urban,High Speed (Arterial),Yes,25.47720278,-80.43987778,Non-Intersection,Dark - Not Lighted,Clear,Unknown,Unknown,Unknown EMS Scene Arrival Hour,Unknown EMS Scene Arrival Minutes,Unknown,Unknown EMS Hospital Arrival Time,1,Dark - Unlighted,Clear,1,1,['Driver'],['Shoulder_Lapbelt'],0,0,Valid,1.0,0.0,88.0,51.0,"['Male', 'Male']",0,0,2,4,5,Dry,Straight,Level,Lowest,No
8125,12,Florida,120625,1,1,1,0,1,NOT APPLICABLE,March,5,Sunday,18,43,Urban,High Speed (Arterial),Yes,25.8825,-80.24313611,Non-Intersection,Dark - Not Lighted,Clear,Unknown,Unknown,Unknown EMS Scene Arrival Hour,Unknown EMS Scene Arrival Minutes,Not Applicable (Not Transported),Not Applicable (Not Transported),1,Dark - Unlighted,Clear,0,1,[],[],0,0,Valid,0.0,0.0,19.0,19.0,['Female'],0,0,2,4,4,Dry,Straight,Level,Lowest,No
8126,12,Florida,120626,1,1,1,0,1,NOT APPLICABLE,March,15,Wednesday,5,3,Urban,High Speed (Arterial),Yes,28.33265278,-81.57593889,Non-Intersection,Dark - Not Lighted,Clear,Unknown,Unknown,Unknown EMS Scene Arrival Hour,Unknown EMS Scene Arrival Minutes,Not Applicable (Not Transported),Not Applicable (Not Transported),1,Dark - Unlighted,Clear,0,1,[],[],0,0,Valid,0.0,0.0,22.0,22.0,['Female'],0,0,2,3,4,Dry,Straight,Level,Lowest,No
8127,12,Florida,120627,1,1,1,0,1,HIALEAH,March,13,Monday,18,44,Urban,Medium Speed (Collector),No,25.84556111,-80.25895,Non-Intersection,Daylight,Clear,Unknown,Unknown,Unknown EMS Scene Arrival Hour,Unknown EMS Scene Arrival Minutes,Not Applicable (Not Transported),Not Applicable (Not Transported),1,Daylight,Clear,0,1,[],[],0,0,Invalid,0.0,0.0,60.0,60.0,['Male'],0,0,3,2,4,Dry,Straight,Level,Lowest,No
8128,12,Florida,120628,0,1,1,0,1,EDGEWATER,March,13,Monday,12,40,Urban,Medium Speed (Collector),No,28.96521667,-80.91580833,Non-Intersection,Daylight,Rain,Unknown,Unknown,Unknown EMS Scene Arrival Hour,Unknown EMS Scene Arrival Minutes,Not Applicable (Not Transported),Not Applicable (Not Transported),1,Daylight,Rain/Wind/Minor,1,0,['Driver'],['Shoulder_Lapbelt'],0,0,Valid,0.0,2.0,23.0,23.0,['Male'],1,0,2,4,3,Wet/Standing Water,Straight,Level,Lowest,No
8129,12,Florida,120629,0,1,1,0,1,FORT MYERS,March,14,Tuesday,21,15,Urban,Medium Speed (Collector),No,26.60307778,-81.78513611,Non-Intersection,Dark - Lighted,Clear,Unknown,Unknown,Unknown EMS Scene Arrival Hour,Unknown EMS Scene Arrival Minutes,Not Applicable (Not Transported),Not Applicable (Not Transported),1,Dark - Lighted,Clear,1,0,['Driver'],['None_Used'],0,0,Valid,0.0,1.0,23.0,23.0,['Male'],1,0,5,4,2,Dry,Curve,Level,Lowest,No
8130,12,Florida,120631,1,1,1,0,1,LARGO,March,14,Tuesday,8,26,Urban,Low Speed (Local),No,27.91476111,-82.77069722,Non-Intersection,Daylight,Clear,Unknown,Unknown,Unknown EMS Scene Arrival Hour,Unknown EMS Scene Arrival Minutes,Unknown,Unknown EMS Hospital Arrival Time,1,Daylight,Clear,0,1,[],[],0,0,Valid,0.0,0.0,38.0,38.0,['Male'],0,0,3,2,4,Dry,Straight,Level,Lowest,No
8131,12,Florida,120632,0,2,2,0,3,NOT APPLICABLE,March,15,Wednesday,15,43,Urban,Medium Speed (Collector),No,28.26021944,-81.58021667,Simple Junction,Daylight,Clear,Unknown,Unknown,Unknown EMS Scene Arrival Hour,Unknown EMS Scene Arrival Minutes,Unknown,Unknown EMS Hospital Arrival Time,1,Daylight,Clear,1,2,['Driver'],['Shoulder_Lapbelt'],0,0,Valid,0.0,0.0,59.0,31.0,"['Female', 'Male']",0,0,4,4,5,Dry,Straight,Level,Lowest,No
8132,12,Florida,120633,1,1,1,0,1,DAYTONA BEACH,March,16,Thursday,5,8,Urban,High Speed (Arterial),Yes,29.17765,-81.08156944,Simple Junction,Dark - Lighted,Clear,Unknown,Unknown,Unknown EMS Scene Arrival Hour,Unknown EMS Scene Arrival Minutes,Not Applicable (Not Transported),Not Applicable (Not Transported),1,Dark - Lighted,Clear,0,1,[],[],0,0,Valid,0.0,0.0,58.0,58.0,['Female'],0,0,3,4,4,Dry,Straight,Level,Lowest,No
8133,12,Florida,120634,1,3,2,1,2,FORT LAUDERDALE,March,17,Friday,5,25,Urban,Medium Speed (Collector),No,26.15216389,-80.10096944,Non-Intersection,Dark - Lighted,Clear,Unknown,Unknown,Unknown EMS Scene Arrival Hour,Unknown EMS Scene Arrival Minutes,Unknown,Unknown EMS Hospital Arrival Time,1,Dark - Lighted,Clear,1,1,['Driver'],['None_Used'],1,1,Invalid,0.0,0.0,46.0,42.0,"['Male', 'Male']",0,0,5,4,5,Dry,Straight,Level,Lowest,No
8134,12,Florida,120635,0,2,2,0,2,NOT APPLICABLE,March,15,Wednesday,1,56,Urban,High Speed (Arterial),Yes,26.72370278,-80.43823333,Non-Intersection,Dark - Not Lighted,Clear,Unknown,Unknown,Unknown EMS Scene Arrival Hour,Unknown EMS Scene Arrival Minutes,Not Applicable (Not Transported),Not Applicable (Not Transported),1,Dark - Unlighted,Clear,1,1,['Driver'],['None_Used'],1,1,Invalid,1.0,0.0,52.0,47.0,"['Male', 'Female']",0,0,5,4,5,Dry,Straight,Level,Lowest,No
8135,12,Florida,120636,0,2,2,0,2,JACKSONVILLE,March,17,Friday,4,20,Urban,High Speed (Arterial),Yes,30.53548611,-81.62145556,Non-Intersection,Dark - Lighted,Clear,Unknown,Unknown,Unknown EMS Scene Arrival Hour,Unknown EMS Scene Arrival Minutes,Not Applicable (Not Transported),Not Applicable (Not Transported),1,Dark - Lighted,Clear,1,1,['Driver'],['None_Used'],0,0,Invalid,0.0,0.0,58.0,35.0,"['Female', 'Female']",0,0,4,4,5,Dry,Straight,Level,Lowest,No
8136,12,Florida,120637,1,1,1,0,1,LAKELAND,February,25,Saturday,23,5,Urban,Medium Speed (Collector),No,28.06235,-81.97213056,Non-Intersection,Dark - Lighted,Clear,Unknown,Unknown,Unknown EMS Scene Arrival Hour,Unknown EMS Scene Arrival Minutes,Not Applicable (Not Transported),Not Applicable (Not Transported),1,Dark - Lighted,Clear,0,0,[],[],0,0,Invalid,0.0,0.0,999.0,999.0,['Other'],0,0,1,0,4,Dry,Straight,Level,Lowest,No
8137,12,Florida,120638,0,1,1,0,3,NOT APPLICABLE,March,18,Saturday,1,0,Rural,High Speed (Arterial),Yes,30.33838611,-82.97341944,Non-Intersection,Dark - Not Lighted,Cloudy,Unknown,Unknown,Unknown EMS Scene Arrival Hour,Unknown EMS Scene Arrival Minutes,Unknown,Unknown EMS Hospital Arrival Time,1,Dark - Unlighted,Reduced Visibility,1,2,['Rear_Seat'],['None_Used'],0,0,Valid,0.0,0.0,40.0,40.0,['Female'],0,0,3,4,3,Dry,Straight,Level,Lowest,No
8138,12,Florida,120639,0,2,2,0,3,JUPITER,March,18,Saturday,11,41,Urban,High Speed (Arterial),No,26.92625,-80.09369444,Simple Junction,Daylight,Clear,Unknown,Unknown,Unknown EMS Scene Arrival Hour,Unknown EMS Scene Arrival Minutes,Unknown,Unknown EMS Hospital Arrival Time,1,Daylight,Clear,1,2,['Driver'],['Shoulder_Only'],0,0,Valid,0.0,2.0,87.0,19.0,"['Male', 'Female']",2,0,2,4,5,Dry,Straight,Level,Lowest,No
8139,12,Florida,120640,0,1,1,0,1,TAMPA,March,2,Thursday,10,4,Urban,High Speed (Arterial),Yes,27.89346944,-82.50957222,Non-Intersection,Daylight,Clear,Unknown,Unknown,Unknown EMS Scene Arrival Hour,Unknown EMS Scene Arrival Minutes,Not Applicable (Not Transported),Not Applicable (Not Transported),1,Daylight,Clear,1,0,['Driver'],['Shoulder_Lapbelt'],0,0,Valid,0.0,0.0,58.0,58.0,['Male'],0,0,2,4,3,Dry,Curve,Level,Lowest,No
8140,12,Florida,120641,0,2,2,0,2,JACKSONVILLE,February,28,Tuesday,3,17,Urban,High Speed (Arterial),Yes,30.18784167,-81.643625,Non-Intersection,Dark - Lighted,Clear,Unknown,Unknown,Unknown EMS Scene Arrival Hour,Unknown EMS Scene Arrival Minutes,Not Applicable (Not Transported),Not Applicable (Not Transported),1,Dark - Lighted,Clear,1,1,['Driver'],['Shoulder_Lapbelt'],0,0,Valid,0.0,2.0,61.0,23.0,"['Male', 'Male']",0,0,3,4,5,Dry,Straight,Level,Lowest,No