,State_Code,State_Name,Crash_ID,Count_Non_Motorists,Count_Vehicles_Total,Count_Vehicle_Forms,Count_PVH_Involved,Count_Occupants_MV,City_Name,Month_Name,Day_of_Month,Day_of_Week,Crash_Hour,Crash_Minute,Area_Rural_Urban,Road_Functional_Class,On_NHS_Road,Latitude,Longitude,Intersection_Type,Light_Condition,Weather_Condition,Notif_Hour,Notif_Minute,Arrival_Hour,Arrival_Minute,Hospital_Hour,Hospital_Minute,Fatalities_Count,Clean_Light_Condition,Clean_Weather_Condition,Total_Killed,Total_Alive,Fatal_Seats_List,Killed_Restraint_List,Any_Driver_Drinking,Total_Drinking_Drivers,Driver_License_Category,Driver_Max_Prev_Accident_Count,Driver_Max_Prev_Speeding_Count,Max_Driver_Age,Min_Driver_Age,Driver_Sex_List,Total_Exceeding_Limit_Vehicles,Total_Too_Fast_Vehicles,Max_Vehicle_Type_Severity_5,Max_Vehicle_Damage_Rank,Max_Harmful_Event_Severity,Crash_Road_Surface_Condition,Crash_Horizontal_Alignment,Crash_Vertical_Profile,Crash_Impairment_Category,Crash_Vehicle_Defect
8141,12,Florida,120642,0,2,2,0,6,NOT APPLICABLE,March,17,Friday,21,6,Urban,Medium Speed (Collector),No,26.18455833,-81.68716667,Simple Junction,Dark - Lighted,Clear,Unknown,Unknown,Unknown EMS Scene Arrival Hour,Unknown EMS Scene Arrival Minutes,Unknown,Unknown EMS Hospital Arrival Time,1,Dark - Lighted,Clear,1,5,['Rear_Seat'],['Shoulder_Lapbelt'],0,0,Valid,0.0,2.0,31.0,17.0,"['Female', 'Male']",0,0,3,4,5,Dry,Straight,Level,Lowest,No
8142,12,Florida,120643,1,1,1,0,1,NEW SMYRNA BEACH,February,2,Thursday,1,14,Urban,High Speed (Arterial),Yes,29.03380833,-80.93038611,Non-Intersection,Dark - Lighted,Clear,Unknown,Unknown,Unknown EMS Scene Arrival Hour,Unknown EMS Scene Arrival Minutes,Not Applicable (Not Transported),Not Applicable (Not Transported),1,Dark - Lighted,Clear,0,1,[],[],0,0,Valid,0.0,0.0,56.0,56.0,['Male'],0,0,3,4,4,Dry,Straight,Level,Lowest,No
8143,12,Florida,120644,1,1,1,0,1,NOT APPLICABLE,February,5,Sunday,18,45,Urban,Low Speed (Local),No,28.56751944,-81.09738056,Non-Intersection,Dark - Not Lighted,Clear,Unknown,Unknown,Unknown EMS Scene Arrival Hour,Unknown EMS Scene Arrival Minutes,Unknown,Unknown EMS Hospital Arrival Time,1,Dark - Unlighted,Clear,0,0,[],[],0,0,Invalid,0.0,0.0,998.0,998.0,['Other'],0,0,1,0,4,Dry,Straight,Level,Lowest,No
8144,12,Florida,120645,1,1,1,0,1,FORT MYERS,February,5,Sunday,19,12,Urban,Medium Speed (Collector),No,26.61907222,-81.86193056,Non-Intersection,Dark - Lighted,Clear,Unknown,Unknown,Unknown EMS Scene Arrival Hour,Unknown EMS Scene Arrival Minutes,Not Applicable (Not Transported),Not Applicable (Not Transported),1,Dark - Lighted,Clear,0,1,[],[],0,0,Valid,0.0,0.0,70.0,70.0,['Male'],0,0,2,3,4,Dry,Straight,Level,Lowest,No
8145,12,Florida,120646,1,1,1,0,1,HIALEAH,February,7,Tuesday,19,21,Urban,Medium Speed (Collector),No,25.88413611,-80.32738333,Non-Intersection,Dark - Lighted,Clear,Unknown,Unknown,Unknown EMS Scene Arrival Hour,Unknown EMS Scene Arrival Minutes,Unknown,Unknown EMS Hospital Arrival Time,1,Dark - Lighted,Clear,0,1,[],[],0,0,Invalid,0.0,0.0,998.0,998.0,['Other'],0,0,1,0,4,Dry,Straight,Level,Lowest,No
8146,12,Florida,120647,0,1,1,0,1,NOT APPLICABLE,February,16,Thursday,6,8,Urban,Medium Speed (Collector),No,28.64722222,-81.50500278,Non-Intersection,Dark - Lighted,Clear,Unknown,Unknown,Unknown EMS Scene Arrival Hour,Unknown EMS Scene Arrival Minutes,Unknown,Unknown EMS Hospital Arrival Time,1,Dark - Lighted,Clear,1,0,['Driver'],['None_Used'],0,0,Valid,0.0,0.0,33.0,33.0,['Male'],0,0,3,4,3,Dry,Straight,Level,Lowest,No
8147,12,Florida,120648,1,2,2,0,2,NOT APPLICABLE,February,18,Saturday,6,18,Urban,Medium Speed (Collector),No,26.51563056,-81.94708889,Non-Intersection,Dark - Not Lighted,Clear,Unknown,Unknown,Unknown EMS Scene Arrival Hour,Unknown EMS Scene Arrival Minutes,Not Applicable (Not Transported),Not Applicable (Not Transported),1,Dark - Unlighted,Clear,0,1,[],[],0,0,Valid,0.0,0.0,998.0,62.0,"['Male', 'Other']",0,0,3,3,4,Dry,Curve,Level,Lowest,No
8148,12,Florida,120649,0,3,2,1,3,FORT MYERS,February,20,Monday,18,18,Urban,High Speed (Arterial),Yes,26.66514444,-81.83255,Complex/Circle,Dusk,Clear,Unknown,Unknown,Unknown EMS Scene Arrival Hour,Unknown EMS Scene Arrival Minutes,Unknown,Unknown EMS Hospital Arrival Time,1,Twilight,Clear,1,2,['Driver'],['Shoulder_Lapbelt'],0,0,Valid,0.0,0.0,62.0,49.0,"['Male', 'Male']",0,0,3,3,5,Dry,Straight,Level,Lowest,No
8149,12,Florida,120650,0,1,1,0,1,MIAMI GARDENS,February,17,Friday,5,46,Urban,High Speed (Arterial),Yes,25.95738889,-80.24611111,Non-Intersection,Dark - Lighted,Clear,Unknown,Unknown,Unknown EMS Scene Arrival Hour,Unknown EMS Scene Arrival Minutes,Unknown,Unknown EMS Hospital Arrival Time,1,Dark - Lighted,Clear,1,0,['Driver'],['None_Used'],0,0,Valid,0.0,0.0,57.0,57.0,['Male'],0,0,5,4,2,Dry,Straight,Level,Lowest,No
8150,12,Florida,120651,0,2,2,0,4,NOT APPLICABLE,January,14,Saturday,1,50,Urban,Medium Speed (Collector),No,28.18868333,-81.49980278,Complex/Circle,Dark - Lighted,Clear,Unknown,Unknown,Unknown EMS Scene Arrival Hour,Unknown EMS Scene Arrival Minutes,Unknown,Unknown EMS Hospital Arrival Time,1,Dark - Lighted,Clear,1,3,['Driver'],['Shoulder_Lapbelt'],1,1,Valid,0.0,0.0,27.0,27.0,['Male'],0,0,3,4,5,Dry,Straight,Level,Lowest,No
8151,12,Florida,120652,0,2,2,0,3,NOT APPLICABLE,February,19,Sunday,3,55,Rural,High Speed (Arterial),Yes,30.52625,-84.47083611,Non-Intersection,Dark - Not Lighted,Clear,Unknown,Unknown,Unknown EMS Scene Arrival Hour,Unknown EMS Scene Arrival Minutes,Unknown,Unknown EMS Hospital Arrival Time,1,Dark - Unlighted,Clear,1,2,['Driver'],['Shoulder_Lapbelt'],1,1,Valid,0.0,0.0,32.0,18.0,"['Male', 'Male']",0,0,3,4,5,Dry,Straight,Level,Lowest,No
8152,12,Florida,120653,0,2,2,0,2,JACKSONVILLE,March,17,Friday,18,18,Rural,Medium Speed (Collector),No,30.49593611,-81.74160833,Non-Intersection,Daylight,Clear,Unknown,Unknown,Unknown EMS Scene Arrival Hour,Unknown EMS Scene Arrival Minutes,Unknown,Unknown EMS Hospital Arrival Time,1,Daylight,Clear,1,1,['Driver'],['Shoulder_Lapbelt'],0,0,Valid,0.0,0.0,67.0,31.0,"['Male', 'Male']",0,0,3,4,5,Dry,Straight,Level,Lowest,No
8153,12,Florida,120654,0,2,2,0,2,NOT APPLICABLE,March,17,Friday,0,41,Urban,High Speed (Arterial),Yes,30.64862778,-87.35050278,Non-Intersection,Dark - Not Lighted,Clear,Unknown,Unknown,Unknown EMS Scene Arrival Hour,Unknown EMS Scene Arrival Minutes,Not Applicable (Not Transported),Not Applicable (Not Transported),2,Dark - Unlighted,Clear,2,0,"['Driver', 'Driver']","['None_Used', 'Shoulder_Lapbelt']",1,1,Invalid,0.0,0.0,24.0,18.0,"['Male', 'Female']",0,0,3,4,5,Dry,Curve,Level,Lowest,No
8154,12,Florida,120655,0,2,2,0,2,NOT APPLICABLE,March,18,Saturday,21,5,Rural,High Speed (Arterial),Yes,29.65031389,-83.16513333,Non-Intersection,Dark - Not Lighted,Rain,Unknown,Unknown,Unknown EMS Scene Arrival Hour,Unknown EMS Scene Arrival Minutes,Unknown,Unknown EMS Hospital Arrival Time,1,Dark - Unlighted,Rain/Wind/Minor,1,1,['Driver'],['None_Used'],1,2,Valid,0.0,0.0,54.0,45.0,"['Female', 'Male']",0,0,3,4,5,Wet/Standing Water,Straight,Level,Lowest,No
8155,12,Florida,120656,0,1,1,0,1,NOT APPLICABLE,February,3,Friday,0,21,Urban,High Speed (Arterial),Yes,28.0153,-82.247725,Non-Intersection,Dark - Not Lighted,Cloudy,Unknown,Unknown,Unknown EMS Scene Arrival Hour,Unknown EMS Scene Arrival Minutes,Not Applicable (Not Transported),Not Applicable (Not Transported),1,Dark - Unlighted,Reduced Visibility,1,0,['Driver'],['None_Used'],0,0,Valid,0.0,0.0,30.0,30.0,['Male'],0,0,5,3,2,Dry,Straight,Level,Lowest,No
8156,12,Florida,120657,0,2,2,0,2,NOT APPLICABLE,March,19,Sunday,0,12,Urban,High Speed (Arterial),Yes,27.79188333,-82.35645278,Non-Intersection,Dark - Not Lighted,Cloudy,Unknown,Unknown,Unknown EMS Scene Arrival Hour,Unknown EMS Scene Arrival Minutes,Unknown,Unknown EMS Hospital Arrival Time,1,Dark - Unlighted,Reduced Visibility,1,1,['Driver'],['None_Used'],1,1,Invalid,1.0,0.0,25.0,20.0,"['Female', 'Female']",0,0,2,4,5,Dry,Straight,Level,Lowest,No
8157,12,Florida,120658,0,2,2,0,2,NOT APPLICABLE,February,14,Tuesday,9,20,Urban,High Speed (Arterial),Yes,28.30475278,-81.23930278,Complex/Circle,Daylight,Clear,Unknown,Unknown,Unknown EMS Scene Arrival Hour,Unknown EMS Scene Arrival Minutes,Unknown,Unknown EMS Hospital Arrival Time,1,Daylight,Clear,1,1,['Driver'],['None_Used'],1,1,Valid,0.0,1.0,55.0,45.0,"['Female', 'Male']",0,0,5,3,5,Dry,Straight,Level,Lowest,No
8158,12,Florida,120660,0,2,2,0,3,WINTER SPRINGS,February,17,Friday,14,46,Urban,High Speed (Arterial),Yes,28.67033333,-81.208425,Complex/Circle,Daylight,Clear,Unknown,Unknown,Unknown EMS Scene Arrival Hour,Unknown EMS Scene Arrival Minutes,Unknown,Unknown EMS Hospital Arrival Time,1,Daylight,Clear,1,2,['Front_Passenger'],['Shoulder_Lapbelt'],0,0,Valid,0.0,0.0,76.0,54.0,"['Male', 'Male']",0,0,4,4,5,Dry,Straight,Grade/Hillcrest,Medium,No
8159,12,Florida,120661,1,1,1,0,1,MIAMI,February,14,Tuesday,7,29,Urban,High Speed (Arterial),Yes,25.68673611,-80.37585833,Non-Intersection,Daylight,Clear,Unknown,Unknown,Unknown EMS Scene Arrival Hour,Officially Cancelled,Unknown,Officially Canceled,1,Daylight,Clear,0,1,[],[],0,0,Invalid,0.0,0.0,998.0,998.0,['Female'],0,0,1,0,4,Dry,Straight,Level,Lowest,No
8160,12,Florida,120662,0,1,1,0,3,PLANTATION,February,10,Friday,17,35,Urban,Low Speed (Local),No,26.11646944,-80.28711111,Non-Intersection,Daylight,Clear,Unknown,Unknown,Unknown EMS Scene Arrival Hour,Unknown EMS Scene Arrival Minutes,Unknown,Unknown EMS Hospital Arrival Time,1,Daylight,Clear,1,2,['Non_Standard_Risk'],['None_Used'],0,0,Valid,0.0,0.0,71.0,71.0,['Male'],0,0,4,1,2,Dry,Curve,Level,Lowest,No
8161,12,Florida,120663,0,3,3,0,3,NOT APPLICABLE,February,16,Thursday,14,29,Urban,Medium Speed (Collector),No,28.17299444,-82.75290556,Complex/Circle,Daylight,Clear,Unknown,Unknown,Unknown EMS Scene Arrival Hour,Unknown EMS Scene Arrival Minutes,Unknown,Unknown EMS Hospital Arrival Time,1,Daylight,Clear,1,2,['Driver'],['None_Used'],0,0,Valid,0.0,1.0,83.0,24.0,"['Male', 'Male', 'Male']",0,0,5,4,5,Dry,Straight,Level,Lowest,No
8162,12,Florida,120664,1,1,1,0,1,NOT APPLICABLE,February,18,Saturday,3,20,Urban,Low Speed (Local),No,28.57435556,-81.18714722,Non-Intersection,Dark - Not Lighted,Clear,Unknown,Unknown,Unknown EMS Scene Arrival Hour,Unknown EMS Scene Arrival Minutes,Not Applicable (Not Transported),Not Applicable (Not Transported),1,Dark - Unlighted,Clear,0,1,[],[],0,0,Invalid,0.0,0.0,999.0,999.0,['Other'],0,0,1,0,4,Dry,Straight,Level,Lowest,No
8163,12,Florida,120665,0,1,1,0,2,NOT APPLICABLE,February,21,Tuesday,9,33,Urban,High Speed (Arterial),Yes,26.64189444,-81.80062222,Non-Intersection,Daylight,Cloudy,Unknown,Unknown,Unknown EMS Scene Arrival Hour,Unknown EMS Scene Arrival Minutes,Unknown,Unknown EMS Hospital Arrival Time,1,Daylight,Reduced Visibility,1,1,['Front_Passenger'],['Shoulder_Lapbelt'],0,0,Valid,0.0,0.0,39.0,39.0,['Male'],0,0,3,4,3,Dry,Straight,Level,Lowest,No
8164,12,Florida,120666,0,2,2,0,4,NOT APPLICABLE,February,16,Thursday,17,40,Urban,High Speed (Arterial),Yes,29.11128611,-81.34896389,Simple Junction,Daylight,Clear,Unknown,Unknown,Unknown EMS Scene Arrival Hour,Unknown EMS Scene Arrival Minutes,Unknown,Unknown EMS Hospital Arrival Time,1,Daylight,Clear,1,3,['Front_Passenger'],['None_Used'],0,0,Invalid,0.0,0.0,41.0,22.0,"['Male', 'Male']",0,0,2,4,5,Dry,Straight,Grade/Hillcrest,Lowest,No
8165,12,Florida,120667,1,1,1,0,1,CLEARWATER,February,17,Friday,7,21,Urban,High Speed (Arterial),Yes,27.96048611,-82.73395833,Complex/Circle,Daylight,Clear,Unknown,Unknown,Unknown EMS Scene Arrival Hour,Unknown EMS Scene Arrival Minutes,Unknown,Unknown EMS Hospital Arrival Time,1,Daylight,Clear,0,1,[],[],0,0,Valid,1.0,0.0,35.0,35.0,['Male'],0,0,4,3,4,Dry,Straight,Level,Lowest,No
8166,12,Florida,120668,0,1,1,0,1,NOT APPLICABLE,March,5,Sunday,18,7,Rural,Medium Speed (Collector),No,28.78048889,-82.25014444,Non-Intersection,Dusk,Cloudy,6:00pm-6:59pm,7,6:00pm-6:59pm,20,Not Applicable (Not Transported),Not Applicable (Not Transported),1,Twilight,Reduced Visibility,1,0,['Driver'],['None_Used'],1,1,Valid,0.0,1.0,65.0,65.0,['Male'],0,0,5,4,3,Dry,Curve,Level,Lowest,Yes
8167,12,Florida,120669,0,1,1,0,1,KEYSTONE HEIGHTS,February,18,Saturday,0,43,Urban,Low Speed (Local),No,29.78385556,-82.03642222,Simple Junction,Dark - Lighted,Clear,Unknown,Unknown,Unknown EMS Scene Arrival Hour,Unknown EMS Scene Arrival Minutes,Not Applicable (Not Transported),Not Applicable (Not Transported),1,Dark - Lighted,Clear,1,0,['Driver'],['None_Used'],1,1,Valid,0.0,0.0,46.0,46.0,['Male'],0,0,5,4,3,Dry,Curve,Grade/Hillcrest,Lowest,No
8168,12,Florida,120670,0,3,3,0,3,NOT APPLICABLE,March,6,Monday,0,10,Rural,High Speed (Arterial),Yes,27.77388889,-82.36223056,Non-Intersection,Dark - Not Lighted,Clear,Unknown,Unknown,Unknown EMS Scene Arrival Hour,Unknown EMS Scene Arrival Minutes,Unknown,Unknown EMS Hospital Arrival Time,1,Dark - Unlighted,Clear,1,2,['Driver'],['Lapbelt_Only'],0,0,Valid,0.0,0.0,84.0,28.0,"['Female', 'Male', 'Male']",0,0,3,4,5,Dry,Straight,Level,Lowest,No
8169,12,Florida,120671,0,1,1,0,1,NOT APPLICABLE,February,21,Tuesday,16,47,Urban,Medium Speed (Collector),No,27.4345,-82.46909444,Non-Intersection,Daylight,Clear,Unknown,Unknown,Unknown EMS Scene Arrival Hour,Unknown EMS Scene Arrival Minutes,Not Applicable (Not Transported),Not Applicable (Not Transported),1,Daylight,Clear,1,0,['Driver'],['None_Used'],0,0,Valid,0.0,0.0,42.0,42.0,['Male'],0,0,2,4,3,Dry,Curve,Level,Lowest,No
8170,12,Florida,120672,1,1,1,0,2,HOLLYWOOD,March,6,Monday,19,50,Urban,High Speed (Arterial),Yes,26.00541944,-80.20746111,Non-Intersection,Dark - Lighted,Clear,Unknown,Unknown,Unknown EMS Scene Arrival Hour,Unknown EMS Scene Arrival Minutes,Unknown,Unknown EMS Hospital Arrival Time,1,Dark - Lighted,Clear,0,2,[],[],0,0,Valid,0.0,0.0,59.0,59.0,['Female'],0,0,3,3,4,Dry,Straight,Level,Lowest,No
8171,12,Florida,120673,0,3,3,0,3,NOT APPLICABLE,March,7,Tuesday,11,16,Urban,Medium Speed (Collector),No,27.94946389,-81.97366944,Non-Intersection,Daylight,Clear,Unknown,Unknown,Unknown EMS Scene Arrival Hour,Unknown EMS Scene Arrival Minutes,Unknown,Unknown EMS Hospital Arrival Time,1,Daylight,Clear,1,2,['Driver'],['None_Used'],0,0,Valid,0.0,0.0,77.0,45.0,"['Male', 'Female', 'Male']",0,0,3,4,5,Dry,Straight,Level,Lowest,No
8172,12,Florida,120674,0,3,3,0,3,APOPKA,March,6,Monday,18,54,Urban,Medium Speed (Collector),No,28.70588333,-81.509225,Complex/Circle,Dark - Lighted,Clear,Unknown,Unknown,Unknown EMS Scene Arrival Hour,Unknown EMS Scene Arrival Minutes,Unknown,Unknown EMS Hospital Arrival Time,1,Dark - Lighted,Clear,1,2,['Driver'],['None_Used'],0,0,Valid,1.0,0.0,39.0,20.0,"['Male', 'Male', 'Female']",0,0,5,4,5,Dry,Straight,Level,Lowest,No
8173,12,Florida,120675,1,1,1,0,2,MIAMI,March,11,Saturday,19,55,Urban,Medium Speed (Collector),No,25.80675833,-80.23190278,Non-Intersection,Dark - Not Lighted,Clear,Unknown,Unknown,Unknown EMS Scene Arrival Hour,Unknown EMS Scene Arrival Minutes,Unknown,Unknown EMS Hospital Arrival Time,1,Dark - Unlighted,Clear,0,2,[],[],0,0,Valid,0.0,0.0,23.0,23.0,['Male'],0,0,2,2,4,Dry,Straight,Level,Lowest,No
8174,12,Florida,120676,1,1,1,0,1,KISSIMMEE,March,17,Friday,7,5,Urban,Medium Speed (Collector),No,28.29986111,-81.44555833,Non-Intersection,Dawn,Clear,Unknown,Unknown,Unknown EMS Scene Arrival Hour,Unknown EMS Scene Arrival Minutes,Not Applicable (Not Transported),Not Applicable (Not Transported),1,Twilight,Clear,0,1,[],[],0,0,Valid,0.0,0.0,20.0,20.0,['Female'],0,0,2,3,4,Dry,Straight,Level,Lowest,No
8175,12,Florida,120677,1,1,1,0,1,NOT APPLICABLE,March,9,Thursday,20,34,Urban,Medium Speed (Collector),No,27.45750278,-82.58761111,Non-Intersection,Dark - Not Lighted,Clear,Unknown,Unknown,Unknown EMS Scene Arrival Hour,Unknown EMS Scene Arrival Minutes,Unknown,Unknown EMS Hospital Arrival Time,1,Dark - Unlighted,Clear,0,1,[],[],0,0,Valid,0.0,0.0,34.0,34.0,['Female'],0,0,2,3,4,Dry,Straight,Level,Lowest,No
8176,12,Florida,120678,1,2,2,0,3,DAYTONA BEACH,March,10,Friday,18,33,Urban,High Speed (Arterial),Yes,29.19314167,-81.01335278,Non-Intersection,Dark - Lighted,Rain,Unknown,Unknown,Unknown EMS Scene Arrival Hour,Unknown EMS Scene Arrival Minutes,Unknown,Unknown EMS Hospital Arrival Time,1,Dark - Lighted,Rain/Wind/Minor,0,3,[],[],0,0,Valid,1.0,1.0,48.0,29.0,"['Male', 'Male']",0,0,5,3,5,Wet/Standing Water,Straight,Level,Lowest,No
8177,12,Florida,120679,0,1,1,0,1,LAKELAND,February,14,Tuesday,0,40,Urban,Medium Speed (Collector),No,28.06928333,-81.98251389,Non-Intersection,Dark - Lighted,Clear,Unknown,Unknown,Unknown EMS Scene Arrival Hour,Officially Cancelled,Unknown,Officially Canceled,1,Dark - Lighted,Clear,1,0,['Driver'],['None_Used'],0,0,Invalid,1.0,1.0,37.0,37.0,['Female'],0,0,2,4,3,Dry,Straight,Level,Lowest,No
8178,12,Florida,120680,0,2,2,0,2,SANFORD,March,3,Friday,14,43,Urban,Medium Speed (Collector),No,28.79187778,-81.34356944,Complex/Circle,Daylight,Clear,Unknown,Unknown,Unknown EMS Scene Arrival Hour,Unknown EMS Scene Arrival Minutes,Unknown,Unknown EMS Hospital Arrival Time,1,Daylight,Clear,1,1,['Driver'],['Shoulder_Lapbelt'],0,0,Valid,0.0,0.0,74.0,18.0,"['Female', 'Male']",0,0,2,4,5,Dry,Straight,Level,Lowest,No
8179,12,Florida,120681,1,1,1,0,1,ALTAMONTE SPRINGS,February,10,Friday,18,39,Urban,High Speed (Arterial),Yes,28.67060556,-81.41908889,Non-Intersection,Dark - Not Lighted,Other,Unknown,Unknown,Unknown EMS Scene Arrival Hour,Unknown EMS Scene Arrival Minutes,Unknown,Unknown EMS Hospital Arrival Time,1,Dark - Unlighted,Reduced Visibility,0,1,[],[],0,0,Valid,0.0,0.0,36.0,36.0,['Male'],0,0,3,2,4,Wet/Standing Water,Straight,Grade/Hillcrest,Lowest,No
8180,12,Florida,120682,0,2,2,0,3,MELBOURNE,March,14,Tuesday,15,12,Urban,High Speed (Arterial),Yes,28.09632222,-80.61127222,Simple Junction,Daylight,Clear,Unknown,Unknown,Unknown EMS Scene Arrival Hour,Unknown EMS Scene Arrival Minutes,Unknown,Unknown EMS Hospital Arrival Time,1,Daylight,Clear,1,2,['Rear_Seat'],['None_Used'],0,0,Valid,0.0,0.0,56.0,20.0,"['Female', 'Male']",0,0,5,4,5,Dry,Straight,Level,Lowest,No
8181,12,Florida,120683,1,4,4,0,13,NOT APPLICABLE,March,16,Thursday,23,18,Rural,High Speed (Arterial),Yes,30.43151389,-83.45628333,Non-Intersection,Dark - Lighted,Clear,Unknown,Unknown,Unknown EMS Scene Arrival Hour,Unknown EMS Scene Arrival Minutes,Not Applicable (Not Transported),Not Applicable (Not Transported),1,Dark - Lighted,Clear,0,13,[],[],1,1,Invalid,0.0,2.0,999.0,20.0,"['Other', 'Female', 'Male', 'Male']",0,0,3,3,4,Dry,Straight,Level,Lowest,No
8182,12,Florida,120684,0,2,2,0,2,SAINT PETERSBURG,March,12,Sunday,3,46,Urban,Medium Speed (Collector),No,27.77105833,-82.66024444,Complex/Circle,Dark - Lighted,Clear,Unknown,Unknown,Unknown EMS Scene Arrival Hour,Unknown EMS Scene Arrival Minutes,Unknown,Unknown EMS Hospital Arrival Time,1,Dark - Lighted,Clear,1,1,['Driver'],['None_Used'],0,0,Valid,1.0,0.0,49.0,28.0,"['Male', 'Male']",0,0,5,4,5,Dry,Straight,Level,Lowest,No
8183,12,Florida,120686,1,1,1,0,1,MIAMI,March,19,Sunday,17,55,Urban,Medium Speed (Collector),No,25.80945,-80.2261,Complex/Circle,Daylight,Cloudy,Unknown,Unknown,Unknown EMS Scene Arrival Hour,Unknown EMS Scene Arrival Minutes,Unknown,Unknown EMS Hospital Arrival Time,1,Daylight,Reduced Visibility,0,1,[],[],0,0,Invalid,0.0,0.0,999.0,999.0,['Other'],0,0,2,0,4,Dry,Straight,Level,Lowest,No
8184,12,Florida,120687,0,1,1,0,3,LEESBURG,March,20,Monday,0,44,Urban,High Speed (Arterial),Yes,28.82489444,-81.88731944,Non-Intersection,Dark - Lighted,Cloudy,Unknown,Unknown,Unknown EMS Scene Arrival Hour,Unknown EMS Scene Arrival Minutes,Unknown,Unknown EMS Hospital Arrival Time,1,Dark - Lighted,Reduced Visibility,1,2,['Rear_Seat'],['None_Used'],0,0,Valid,0.0,0.0,40.0,40.0,['Male'],0,0,3,4,3,Wet/Standing Water,Curve,Level,Lowest,No
8185,12,Florida,120688,0,1,1,0,1,WEST PALM BEACH,March,20,Monday,3,49,Urban,Medium Speed (Collector),No,26.70045278,-80.06167222,Non-Intersection,Dark - Not Lighted,Rain,Unknown,Unknown,Unknown EMS Scene Arrival Hour,Unknown EMS Scene Arrival Minutes,Unknown,Unknown EMS Hospital Arrival Time,1,Dark - Unlighted,Rain/Wind/Minor,1,0,['Driver'],['None_Used'],0,0,Valid,0.0,0.0,22.0,22.0,['Male'],0,0,2,4,3,Wet/Standing Water,Straight,Level,Lowest,No
8186,12,Florida,120689,0,2,2,0,3,NOT APPLICABLE,March,21,Tuesday,20,29,Urban,High Speed (Arterial),Yes,27.75577778,-81.53058611,Complex/Circle,Dark - Lighted,Clear,Unknown,Unknown,Unknown EMS Scene Arrival Hour,Unknown EMS Scene Arrival Minutes,Not Applicable (Not Transported),Not Applicable (Not Transported),1,Dark - Lighted,Clear,1,2,['Front_Passenger'],['Shoulder_Lapbelt'],0,0,Invalid,0.0,0.0,66.0,36.0,"['Male', 'Male']",0,0,3,4,5,Dry,Straight,Level,Lowest,No
8187,12,Florida,120690,1,1,1,0,1,NOT APPLICABLE,March,21,Tuesday,15,41,Urban,Medium Speed (Collector),Yes,30.47668056,-87.24304444,Non-Intersection,Daylight,Clear,Unknown,Unknown,Unknown EMS Scene Arrival Hour,Unknown EMS Scene Arrival Minutes,Unknown,Unknown EMS Hospital Arrival Time,1,Daylight,Clear,0,1,[],[],1,1,Valid,0.0,0.0,59.0,59.0,['Male'],0,0,3,4,4,Dry,Straight,Level,Lowest,No
8188,12,Florida,120691,0,2,2,0,2,NOT APPLICABLE,March,17,Friday,20,42,Urban,High Speed (Arterial),Yes,28.53341389,-82.52431389,Simple Junction,Dark - Lighted,Clear,8:00pm-8:59pm,43,8:00pm-8:59pm,47,Unknown,Unknown EMS Hospital Arrival Time,1,Dark - Lighted,Clear,1,1,['Driver'],['None_Used'],0,0,Valid,0.0,0.0,58.0,52.0,"['Male', 'Male']",0,0,5,4,5,Dry,Straight,Level,Lowest,No
8189,12,Florida,120692,0,2,2,0,4,ORMOND BEACH,February,18,Saturday,21,8,Urban,High Speed (Arterial),Yes,29.33334444,-81.12778889,Non-Intersection,Dark - Lighted,Clear,Unknown,Unknown,Unknown EMS Scene Arrival Hour,Officially Cancelled,Unknown,Officially Canceled,1,Dark - Lighted,Clear,1,3,['Front_Passenger'],['Shoulder_Lapbelt'],0,0,Valid,1.0,0.0,70.0,33.0,"['Female', 'Male']",0,0,2,4,5,Dry,Straight,Level,Lowest,No
8190,12,Florida,120693,0,2,2,0,2,NOT APPLICABLE,March,18,Saturday,1,56,Urban,High Speed (Arterial),Yes,28.33299167,-81.49565,Complex/Circle,Dark - Lighted,Clear,Unknown,Unknown,Unknown EMS Scene Arrival Hour,Unknown EMS Scene Arrival Minutes,Unknown,Unknown EMS Hospital Arrival Time,1,Dark - Lighted,Clear,1,1,['Driver'],['Shoulder_Lapbelt'],0,0,Valid,0.0,0.0,29.0,25.0,"['Female', 'Female']",0,0,2,4,5,Dry,Straight,Level,Lowest,No
8191,12,Florida,120694,1,1,1,0,1,SANFORD,March,16,Thursday,7,16,Urban,Medium Speed (Collector),No,28.77547778,-81.29313056,Non-Intersection,Dawn,Clear,Unknown,Unknown,Unknown EMS Scene Arrival Hour,Unknown EMS Scene Arrival Minutes,Unknown,Unknown EMS Hospital Arrival Time,1,Twilight,Clear,0,1,[],[],0,0,Valid,0.0,0.0,56.0,56.0,['Female'],0,0,2,2,4,Dry,Straight,Level,Lowest,No