,State_Code,State_Name,Crash_ID,Count_Non_Motorists,Count_Vehicles_Total,Count_Vehicle_Forms,Count_PVH_Involved,Count_Occupants_MV,City_Name,Month_Name,Day_of_Month,Day_of_Week,Crash_Hour,Crash_Minute,Area_Rural_Urban,Road_Functional_Class,On_NHS_Road,Latitude,Longitude,Intersection_Type,Light_Condition,Weather_Condition,Notif_Hour,Notif_Minute,Arrival_Hour,Arrival_Minute,Hospital_Hour,Hospital_Minute,Fatalities_Count,Clean_Light_Condition,Clean_Weather_Condition,Total_Killed,Total_Alive,Fatal_Seats_List,Killed_Restraint_List,Any_Driver_Drinking,Total_Drinking_Drivers,Driver_License_Category,Driver_Max_Prev_Accident_Count,Driver_Max_Prev_Speeding_Count,Max_Driver_Age,Min_Driver_Age,Driver_Sex_List,Total_Exceeding_Limit_Vehicles,Total_Too_Fast_Vehicles,Max_Vehicle_Type_Severity_5,Max_Vehicle_Damage_Rank,Max_Harmful_Event_Severity,Crash_Road_Surface_Condition,Crash_Horizontal_Alignment,Crash_Vertical_Profile,Crash_Impairment_Category,Crash_Vehicle_Defect
8192,12,Florida,120695,0,2,2,0,2,MIAMI,March,19,Sunday,22,15,Urban,Medium Speed (Collector),No,25.77836389,-80.28001111,Non-Intersection,Dark - Lighted,Cloudy,Unknown,Unknown,Unknown EMS Scene Arrival Hour,Unknown EMS Scene Arrival Minutes,Unknown,Unknown EMS Hospital Arrival Time,1,Dark - Lighted,Reduced Visibility,1,1,['Driver'],['None_Used'],0,0,Valid,0.0,0.0,55.0,29.0,"['Male', 'Male']",1,0,5,4,5,Dry,Straight,Level,Lowest,No
8193,12,Florida,120697,0,2,2,0,2,NOT APPLICABLE,March,20,Monday,4,55,Rural,High Speed (Arterial),Yes,26.51990833,-81.43519167,Non-Intersection,Dark - Not Lighted,Cloudy,Unknown,Unknown,Unknown EMS Scene Arrival Hour,Unknown EMS Scene Arrival Minutes,Unknown,Unknown EMS Hospital Arrival Time,1,Dark - Unlighted,Reduced Visibility,1,1,['Driver'],['Shoulder_Lapbelt'],0,0,Valid,0.0,0.0,50.0,27.0,"['Male', 'Male']",0,0,3,4,5,Wet/Standing Water,Straight,Level,Lowest,No
8194,12,Florida,120698,0,4,3,1,3,TAMPA,February,27,Monday,7,1,Urban,High Speed (Arterial),Yes,28.01755278,-82.45123889,Complex/Circle,Daylight,Clear,Unknown,Unknown,Unknown EMS Scene Arrival Hour,Unknown EMS Scene Arrival Minutes,Unknown,Unknown EMS Hospital Arrival Time,1,Daylight,Clear,1,2,['Driver'],['None_Used'],0,0,Valid,1.0,0.0,66.0,24.0,"['Female', 'Female', 'Male']",0,0,3,4,5,Dry,Straight,Level,Medium,No
8195,12,Florida,120699,0,2,2,0,3,NOT APPLICABLE,March,15,Wednesday,8,11,Urban,Medium Speed (Collector),No,30.45826944,-86.63546389,Simple Junction,Daylight,Clear,Unknown,Unknown,Unknown EMS Scene Arrival Hour,Unknown EMS Scene Arrival Minutes,Unknown,Unknown EMS Hospital Arrival Time,1,Daylight,Clear,1,2,['Driver'],['Shoulder_Lapbelt'],0,0,Valid,0.0,0.0,81.0,27.0,"['Female', 'Male']",0,0,3,4,5,Dry,Straight,Level,Lowest,No
8196,12,Florida,120700,1,1,1,0,1,NOT APPLICABLE,March,16,Thursday,22,9,Urban,High Speed (Arterial),Yes,27.87917778,-82.69209722,Complex/Circle,Dark - Lighted,Clear,Unknown,Unknown,Unknown EMS Scene Arrival Hour,Unknown EMS Scene Arrival Minutes,Unknown,Unknown EMS Hospital Arrival Time,1,Dark - Lighted,Clear,0,1,[],[],0,0,Valid,0.0,0.0,77.0,77.0,['Male'],0,0,3,3,4,Dry,Straight,Level,Lowest,No
8197,12,Florida,120701,1,1,1,0,1,SAINT PETERSBURG,March,20,Monday,8,17,Urban,Low Speed (Local),No,27.77510278,-82.63970556,Complex/Circle,Daylight,Clear,Unknown,Unknown,Unknown EMS Scene Arrival Hour,Unknown EMS Scene Arrival Minutes,Unknown,Unknown EMS Hospital Arrival Time,1,Daylight,Clear,0,1,[],[],0,0,Valid,0.0,0.0,33.0,33.0,['Female'],0,0,2,3,4,Dry,Straight,Level,Lowest,No
8198,12,Florida,120702,0,3,3,0,4,NOT APPLICABLE,March,21,Tuesday,8,22,Urban,High Speed (Arterial),Yes,28.22329444,-80.7166,Non-Intersection,Daylight,Clear,Unknown,Unknown,Unknown EMS Scene Arrival Hour,Unknown EMS Scene Arrival Minutes,Unknown,Unknown EMS Hospital Arrival Time,1,Daylight,Clear,1,3,['Driver'],['Shoulder_Lapbelt'],0,0,Valid,0.0,0.0,70.0,42.0,"['Male', 'Male', 'Female']",0,0,4,4,5,Dry,Straight,Level,Lowest,No
8199,12,Florida,120703,0,1,1,0,2,NOT APPLICABLE,March,17,Friday,0,25,Urban,Medium Speed (Collector),No,26.26162778,-81.54497778,Non-Intersection,Dark - Not Lighted,Clear,Unknown,Unknown,Unknown EMS Scene Arrival Hour,Unknown EMS Scene Arrival Minutes,Unknown,Unknown EMS Hospital Arrival Time,1,Dark - Unlighted,Clear,1,1,['Front_Passenger'],['None_Used'],1,1,Valid,0.0,0.0,27.0,27.0,['Male'],0,0,2,4,2,Dry,Straight,Level,Lowest,No
8200,12,Florida,120704,0,2,2,0,2,NOT APPLICABLE,March,17,Friday,14,10,Rural,Low Speed (Local),No,29.9141,-82.73117222,Non-Intersection,Daylight,Cloudy,Unknown,Unknown,Unknown EMS Scene Arrival Hour,Unknown EMS Scene Arrival Minutes,Unknown,Unknown EMS Hospital Arrival Time,1,Daylight,Reduced Visibility,1,1,['Driver'],['None_Used'],0,0,Invalid,0.0,0.0,50.0,20.0,"['Male', 'Male']",0,0,5,4,5,Dry,Straight,Level,Lowest,No
8201,12,Florida,120705,1,1,1,0,1,ORLANDO,March,21,Tuesday,17,45,Urban,Medium Speed (Collector),No,28.58949444,-81.37330833,Complex/Circle,Daylight,Clear,Unknown,Unknown,Unknown EMS Scene Arrival Hour,Unknown EMS Scene Arrival Minutes,Unknown,Unknown EMS Hospital Arrival Time,1,Daylight,Clear,0,1,[],[],0,0,Valid,0.0,0.0,29.0,29.0,['Female'],0,0,3,2,4,Dry,Straight,Level,Lowest,No
8202,12,Florida,120706,0,2,2,0,2,NOT APPLICABLE,March,21,Tuesday,23,31,Rural,High Speed (Arterial),Yes,27.97734444,-81.59479722,Simple Junction,Dark - Lighted,Clear,Unknown,Unknown,Unknown EMS Scene Arrival Hour,Unknown EMS Scene Arrival Minutes,Unknown,Unknown EMS Hospital Arrival Time,1,Dark - Lighted,Clear,1,1,['Driver'],['None_Used'],0,0,Valid,1.0,1.0,53.0,19.0,"['Female', 'Male']",0,0,3,4,5,Dry,Straight,Level,Lowest,No
8203,12,Florida,120707,0,1,1,0,1,SOUTH DAYTONA,March,22,Wednesday,19,55,Urban,High Speed (Arterial),Yes,29.15902222,-81.02239444,Non-Intersection,Dark - Not Lighted,Clear,Unknown,Unknown,Unknown EMS Scene Arrival Hour,Unknown EMS Scene Arrival Minutes,Not Applicable (Not Transported),Not Applicable (Not Transported),1,Dark - Unlighted,Clear,1,0,['Driver'],['None_Used'],0,0,Valid,0.0,0.0,34.0,34.0,['Male'],0,0,5,4,2,Dry,Straight,Level,Lowest,No
8204,12,Florida,120708,2,1,1,0,1,TAMPA,March,21,Tuesday,20,59,Urban,High Speed (Arterial),Yes,28.054625,-82.43886389,Simple Junction,Dark - Lighted,Clear,Unknown,Unknown,Unknown EMS Scene Arrival Hour,Unknown EMS Scene Arrival Minutes,Unknown,Unknown EMS Hospital Arrival Time,1,Dark - Lighted,Clear,0,1,[],[],0,0,Valid,0.0,1.0,68.0,68.0,['Male'],0,0,3,2,4,Dry,Straight,Level,Lowest,No
8205,12,Florida,120709,0,2,2,0,5,NOT APPLICABLE,March,23,Thursday,6,36,Rural,Medium Speed (Collector),No,27.55143333,-81.74578889,Non-Intersection,Dark - Not Lighted,Clear,Unknown,Unknown,Unknown EMS Scene Arrival Hour,Unknown EMS Scene Arrival Minutes,Not Applicable (Not Transported),Not Applicable (Not Transported),1,Dark - Unlighted,Clear,1,4,['Driver'],['None_Used'],1,1,Valid,0.0,2.0,67.0,25.0,"['Male', 'Male']",0,0,3,4,5,Dry,Straight,Level,Lowest,No
8206,12,Florida,120710,0,2,2,0,2,NOT APPLICABLE,March,14,Tuesday,17,5,Urban,Medium Speed (Collector),No,30.45594722,-86.64264444,Complex/Circle,Daylight,Cloudy,Unknown,Unknown,Unknown EMS Scene Arrival Hour,Unknown EMS Scene Arrival Minutes,Unknown,Unknown EMS Hospital Arrival Time,1,Daylight,Reduced Visibility,1,1,['Driver'],['Shoulder_Lapbelt'],0,0,Valid,0.0,1.0,64.0,24.0,"['Male', 'Male']",1,0,3,4,5,Dry,Straight,Level,Lowest,No
8207,12,Florida,120711,0,2,2,0,3,DAYTONA BEACH,March,24,Friday,20,39,Urban,High Speed (Arterial),Yes,29.21113056,-81.04388611,Complex/Circle,Dark - Lighted,Clear,Unknown,Unknown,Unknown EMS Scene Arrival Hour,Unknown EMS Scene Arrival Minutes,Not Applicable (Not Transported),Not Applicable (Not Transported),1,Dark - Lighted,Clear,1,2,['Driver'],['None_Used'],0,0,Valid,0.0,0.0,36.0,28.0,"['Male', 'Male']",0,0,5,4,5,Dry,Straight,Level,Lowest,No
8208,12,Florida,120712,1,1,1,0,1,NOT APPLICABLE,March,24,Friday,8,20,Urban,Medium Speed (Collector),No,28.84930556,-81.99099722,Simple Junction,Daylight,Clear,8:00am-8:59am,21,8:00am-8:59am,29,Unknown,Unknown EMS Hospital Arrival Time,1,Daylight,Clear,0,1,[],[],0,0,Valid,0.0,0.0,69.0,69.0,['Female'],0,0,5,3,4,Dry,Straight,Level,Lowest,No
8209,12,Florida,120713,0,1,1,0,1,NOT APPLICABLE,March,24,Friday,3,5,Urban,Medium Speed (Collector),No,28.40238611,-82.67371111,Non-Intersection,Dark - Not Lighted,Clear,Unknown,Unknown if Notified,Unknown EMS Scene Arrival Hour,Unknown if Arrived,Not Applicable (Not Transported),Not Applicable (Not Transported),1,Dark - Unlighted,Clear,1,0,['Driver'],['None_Used'],0,0,Valid,0.0,0.0,37.0,37.0,['Male'],0,0,5,4,2,Dry,Curve,Grade/Hillcrest,Lowest,No
8210,12,Florida,120714,0,3,3,0,4,NOT APPLICABLE,March,20,Monday,16,15,Rural,Medium Speed (Collector),No,28.88695833,-81.14391111,Simple Junction,Daylight,Clear,Unknown,Unknown,Unknown EMS Scene Arrival Hour,Unknown EMS Scene Arrival Minutes,Unknown,Unknown EMS Hospital Arrival Time,1,Daylight,Clear,1,3,['Driver'],['Shoulder_Lapbelt'],0,0,Valid,0.0,0.0,66.0,51.0,"['Male', 'Male', 'Male']",0,0,3,4,5,Dry,Straight,Level,Lowest,No
8211,12,Florida,120715,0,1,1,0,1,SOUTH DAYTONA,March,23,Thursday,0,13,Urban,High Speed (Arterial),Yes,29.17361111,-81.02766667,Non-Intersection,Dark - Lighted,Clear,Unknown,Unknown,Unknown EMS Scene Arrival Hour,Unknown EMS Scene Arrival Minutes,Unknown,Unknown EMS Hospital Arrival Time,1,Dark - Lighted,Clear,1,0,['Driver'],['None_Used'],0,0,Invalid,0.0,0.0,21.0,21.0,['Male'],0,0,2,4,3,Dry,Straight,Level,Lowest,No
8212,12,Florida,120716,0,2,2,0,2,NOT APPLICABLE,February,13,Monday,9,16,Rural,Low Speed (Local),No,28.25890278,-81.92231111,Simple Junction,Daylight,Clear,Unknown,Unknown,Unknown EMS Scene Arrival Hour,Unknown EMS Scene Arrival Minutes,Not Applicable (Not Transported),Not Applicable (Not Transported),1,Daylight,Clear,1,1,['Driver'],['None_Used'],0,0,Valid,0.0,1.0,68.0,63.0,"['Male', 'Male']",0,0,5,4,5,Dry,Straight,Level,Lowest,No
8213,12,Florida,120717,0,2,2,0,2,NOT APPLICABLE,March,11,Saturday,16,1,Urban,Medium Speed (Collector),No,28.24154444,-82.21324722,Complex/Circle,Daylight,Clear,Unknown,Unknown,Unknown EMS Scene Arrival Hour,Unknown EMS Scene Arrival Minutes,Unknown,Unknown EMS Hospital Arrival Time,1,Daylight,Clear,1,1,['Driver'],['None_Used'],0,0,Valid,0.0,0.0,82.0,36.0,"['Female', 'Male']",0,0,5,4,5,Dry,Straight,Level,Lowest,No
8214,12,Florida,120718,0,1,1,0,1,FORT PIERCE,March,24,Friday,18,15,Urban,Medium Speed (Collector),No,27.45122778,-80.34167222,Complex/Circle,Daylight,Clear,Unknown,Unknown,Unknown EMS Scene Arrival Hour,Unknown EMS Scene Arrival Minutes,Unknown,Unknown EMS Hospital Arrival Time,1,Daylight,Clear,1,0,['Driver'],['None_Used'],0,0,Invalid,0.0,0.0,46.0,46.0,['Male'],0,0,2,4,4,Dry,Straight,Level,Lowest,No
8215,12,Florida,120719,0,1,1,0,1,POMPANO BEACH,March,17,Friday,21,13,Urban,High Speed (Arterial),Yes,26.27502778,-80.11981389,Non-Intersection,Dark - Lighted,Clear,Unknown,Unknown,Unknown EMS Scene Arrival Hour,Unknown EMS Scene Arrival Minutes,Unknown,Unknown EMS Hospital Arrival Time,1,Dark - Lighted,Clear,1,0,['Driver'],['None_Used'],0,0,Valid,1.0,0.0,25.0,25.0,['Male'],0,0,5,4,3,Dry,Straight,Level,Lowest,No
8216,12,Florida,120720,0,2,2,0,2,NOT APPLICABLE,March,25,Saturday,14,23,Urban,High Speed (Arterial),Yes,26.07425,-81.71656111,Complex/Circle,Daylight,Clear,Unknown,Unknown,Unknown EMS Scene Arrival Hour,Unknown EMS Scene Arrival Minutes,Unknown,Unknown EMS Hospital Arrival Time,1,Daylight,Clear,1,1,['Driver'],['Shoulder_Lapbelt'],1,1,Valid,0.0,0.0,74.0,68.0,"['Female', 'Male']",0,0,3,4,5,Dry,Straight,Level,Lowest,No
8217,12,Florida,120721,0,2,2,0,3,NOT APPLICABLE,March,21,Tuesday,18,18,Urban,Low Speed (Local),No,29.00452778,-81.31105833,Complex/Circle,Daylight,Clear,Unknown,Unknown,Unknown EMS Scene Arrival Hour,Unknown EMS Scene Arrival Minutes,Unknown,Unknown EMS Hospital Arrival Time,1,Daylight,Clear,1,2,['Non_Standard_Risk'],['None_Used'],0,0,Valid,1.0,0.0,38.0,29.0,"['Female', 'Male']",0,0,3,4,5,Dry,Straight,Level,Lowest,No
8218,12,Florida,120722,2,1,1,0,3,SAINT AUGUSTINE,March,24,Friday,22,45,Urban,Medium Speed (Collector),No,29.86999167,-81.28383611,Non-Intersection,Dark - Not Lighted,Clear,Unknown,Unknown,Unknown EMS Scene Arrival Hour,Unknown EMS Scene Arrival Minutes,Unknown,Unknown EMS Hospital Arrival Time,2,Dark - Unlighted,Clear,0,3,[],[],1,1,Valid,0.0,0.0,64.0,64.0,['Female'],0,0,3,3,4,Dry,Straight,Level,Lowest,No
8219,12,Florida,120723,0,3,3,0,5,JACKSONVILLE,March,22,Wednesday,23,56,Urban,Medium Speed (Collector),No,30.21831667,-81.79799167,Complex/Circle,Dark - Lighted,Clear,Unknown,Unknown,Unknown EMS Scene Arrival Hour,Unknown EMS Scene Arrival Minutes,Unknown,Unknown EMS Hospital Arrival Time,1,Dark - Lighted,Clear,1,4,['Front_Passenger'],['Shoulder_Lapbelt'],0,0,Valid,1.0,1.0,46.0,28.0,"['Female', 'Female', 'Female']",0,0,2,4,5,Dry,Straight,Level,Lowest,No
8220,12,Florida,120724,0,3,3,0,4,VENICE,March,22,Wednesday,9,24,Urban,High Speed (Arterial),Yes,27.09987778,-82.43334722,Complex/Circle,Daylight,Clear,Unknown,Unknown,Unknown EMS Scene Arrival Hour,Unknown EMS Scene Arrival Minutes,Unknown,Unknown EMS Hospital Arrival Time,1,Daylight,Clear,1,3,['Driver'],['Shoulder_Lapbelt'],0,0,Valid,1.0,1.0,76.0,23.0,"['Male', 'Male', 'Male']",1,0,3,4,5,Dry,Straight,Level,Lowest,No
8221,12,Florida,120725,1,1,1,0,1,NOT APPLICABLE,March,25,Saturday,22,0,Urban,High Speed (Arterial),Yes,26.40528333,-81.394025,Non-Intersection,Dark - Not Lighted,Clear,Unknown,Unknown,Unknown EMS Scene Arrival Hour,Unknown EMS Scene Arrival Minutes,Not Applicable (Not Transported),Not Applicable (Not Transported),1,Dark - Unlighted,Clear,0,1,[],[],0,0,Valid,0.0,0.0,54.0,54.0,['Male'],0,0,4,2,4,Dry,Straight,Level,Lowest,No
8222,12,Florida,120726,0,1,1,0,1,NOT APPLICABLE,March,22,Wednesday,22,30,Rural,Medium Speed (Collector),No,29.49365278,-81.67028611,Non-Intersection,Dark - Not Lighted,Clear,Unknown,Unknown,Unknown EMS Scene Arrival Hour,Unknown EMS Scene Arrival Minutes,Not Applicable (Not Transported),Not Applicable (Not Transported),1,Dark - Unlighted,Clear,1,0,['Driver'],['None_Used'],1,1,Valid,0.0,0.0,35.0,35.0,['Male'],0,0,3,4,3,Dry,Curve,Level,Lowest,No
8223,12,Florida,120727,1,1,1,0,1,NOT APPLICABLE,March,15,Wednesday,4,24,Urban,Medium Speed (Collector),No,25.846375,-80.23384444,Complex/Circle,Dark - Lighted,Clear,Unknown,Unknown,Unknown EMS Scene Arrival Hour,Unknown EMS Scene Arrival Minutes,Unknown,Unknown EMS Hospital Arrival Time,1,Dark - Lighted,Clear,0,1,[],[],0,0,Invalid,0.0,0.0,999.0,999.0,['Other'],0,0,1,0,4,Dry,Straight,Level,Lowest,No
8224,12,Florida,120728,0,2,2,0,2,NOT APPLICABLE,March,10,Friday,17,43,Rural,Low Speed (Local),No,26.63526667,-81.65794722,Complex/Circle,Daylight,Clear,Unknown,Unknown,Unknown EMS Scene Arrival Hour,Unknown EMS Scene Arrival Minutes,Unknown,Unknown EMS Hospital Arrival Time,1,Daylight,Clear,1,1,['Driver'],['None_Used'],0,0,Valid,0.0,0.0,84.0,40.0,"['Male', 'Male']",0,0,3,4,5,Dry,Straight,Level,Lowest,No
8225,12,Florida,120729,0,2,2,0,4,NOT APPLICABLE,March,26,Sunday,3,2,Rural,Medium Speed (Collector),No,28.37626111,-81.82325833,Simple Junction,Dark - Unknown Lighting,"Fog, Smog, Smoke",Unknown,Unknown,Unknown EMS Scene Arrival Hour,Unknown EMS Scene Arrival Minutes,Not Applicable (Not Transported),Not Applicable (Not Transported),1,Dark - Unlighted,Reduced Visibility,1,3,['Driver'],['Shoulder_Lapbelt'],0,0,Valid,0.0,0.0,51.0,35.0,"['Male', 'Male']",0,0,3,4,5,Dry,Straight,Level,Lowest,No
8226,12,Florida,120730,0,2,2,0,2,CLEARWATER,March,22,Wednesday,18,30,Urban,High Speed (Arterial),Yes,27.96046667,-82.74370556,Non-Intersection,Daylight,Clear,Unknown,Unknown,Unknown EMS Scene Arrival Hour,Unknown EMS Scene Arrival Minutes,Unknown,Unknown EMS Hospital Arrival Time,1,Daylight,Clear,1,1,['Driver'],['None_Used'],0,0,Valid,0.0,0.0,50.0,22.0,"['Female', 'Male']",0,0,5,4,5,Dry,Straight,Level,Lowest,No
8227,12,Florida,120731,0,2,2,0,2,NOT APPLICABLE,March,26,Sunday,19,12,Urban,High Speed (Arterial),Yes,27.42256111,-82.57550556,Complex/Circle,Daylight,Clear,Unknown,Unknown,Unknown EMS Scene Arrival Hour,Unknown EMS Scene Arrival Minutes,Unknown,Unknown EMS Hospital Arrival Time,1,Daylight,Clear,1,1,['Driver'],['None_Used'],0,0,Valid,0.0,0.0,68.0,48.0,"['Male', 'Female']",0,0,5,4,5,Dry,Straight,Level,Lowest,No
8228,12,Florida,120732,0,2,2,0,3,NOT APPLICABLE,March,17,Friday,12,16,Urban,High Speed (Arterial),Yes,28.60582222,-81.399075,Complex/Circle,Daylight,Clear,Unknown,Unknown,Unknown EMS Scene Arrival Hour,Unknown EMS Scene Arrival Minutes,Unknown,Unknown EMS Hospital Arrival Time,1,Daylight,Clear,1,2,['Driver'],['Shoulder_Lapbelt'],0,0,Valid,0.0,4.0,84.0,55.0,"['Female', 'Male']",0,0,3,4,5,Dry,Straight,Level,Lowest,No
8229,12,Florida,120733,0,2,2,0,6,NOT APPLICABLE,March,26,Sunday,13,50,Urban,High Speed (Arterial),Yes,28.35689444,-82.69819167,Complex/Circle,Daylight,Clear,Unknown,Unknown,Unknown EMS Scene Arrival Hour,Unknown EMS Scene Arrival Minutes,Not Applicable (Not Transported),Not Applicable (Not Transported),1,Daylight,Clear,1,5,['Driver'],['None_Used'],1,1,Valid,0.0,1.0,79.0,35.0,"['Male', 'Male']",0,0,3,4,5,Dry,Straight,Level,Lowest,No
8230,12,Florida,120734,0,6,6,0,14,NOT APPLICABLE,March,9,Thursday,19,11,Urban,High Speed (Arterial),Yes,28.61594167,-81.73918889,Non-Intersection,Dark - Not Lighted,Clear,Unknown,Unknown,Unknown EMS Scene Arrival Hour,Unknown EMS Scene Arrival Minutes,Unknown,Unknown EMS Hospital Arrival Time,1,Dark - Unlighted,Clear,1,13,['Front_Passenger'],['Shoulder_Lapbelt'],0,0,Valid,0.0,0.0,83.0,17.0,"['Male', 'Male', 'Male', 'Female', 'Female', 'Male']",0,0,3,4,5,Dry,Straight,Level,Lowest,No
8231,12,Florida,120735,0,2,2,0,2,NOT APPLICABLE,March,9,Thursday,9,55,Urban,Medium Speed (Collector),No,30.53502222,-87.08728611,Complex/Circle,Daylight,Cloudy,Unknown,Unknown,Unknown EMS Scene Arrival Hour,Unknown EMS Scene Arrival Minutes,Unknown,Unknown EMS Hospital Arrival Time,1,Daylight,Reduced Visibility,1,1,['Driver'],['Shoulder_Lapbelt'],0,0,Valid,0.0,0.0,86.0,22.0,"['Female', 'Male']",0,0,3,4,5,Dry,Straight,Level,Lowest,No
8232,12,Florida,120736,0,1,1,0,1,NOT APPLICABLE,March,24,Friday,21,0,Rural,High Speed (Arterial),Yes,27.38606667,-81.00809167,Non-Intersection,Dark - Not Lighted,Clear,Unknown,Unknown,Unknown EMS Scene Arrival Hour,Unknown EMS Scene Arrival Minutes,Unknown,Unknown EMS Hospital Arrival Time,1,Dark - Unlighted,Clear,1,0,['Driver'],['None_Used'],0,0,Invalid,0.0,0.0,49.0,49.0,['Female'],0,0,3,4,3,Dry,Curve,Level,Lowest,No
8233,12,Florida,120737,0,2,2,0,3,NOT APPLICABLE,March,22,Wednesday,22,37,Urban,Medium Speed (Collector),No,26.96427778,-82.088725,Complex/Circle,Dark - Lighted,Clear,Unknown,Unknown,Unknown EMS Scene Arrival Hour,Unknown EMS Scene Arrival Minutes,Unknown,Unknown EMS Hospital Arrival Time,1,Dark - Lighted,Clear,1,2,['Driver'],['None_Used'],0,0,Valid,1.0,1.0,52.0,28.0,"['Male', 'Male']",0,0,5,4,5,Dry,Straight,Level,Lowest,No
8234,12,Florida,120738,0,1,1,0,1,NOT APPLICABLE,January,5,Thursday,3,25,Urban,High Speed (Arterial),Yes,28.00841944,-82.32801389,Non-Intersection,Dark - Lighted,Cloudy,Unknown,Unknown,Unknown EMS Scene Arrival Hour,Unknown EMS Scene Arrival Minutes,Not Applicable (Not Transported),Not Applicable (Not Transported),1,Dark - Lighted,Reduced Visibility,1,0,['Driver'],['Shoulder_Lapbelt'],0,0,Valid,0.0,0.0,23.0,23.0,['Female'],1,0,2,4,3,Dry,Straight,Level,Lowest,No
8235,12,Florida,120739,1,1,1,0,1,GAINESVILLE,January,13,Friday,22,31,Rural,Low Speed (Local),No,29.64833889,-82.31508611,Complex/Circle,Dark - Lighted,Clear,Unknown,Unknown,Unknown EMS Scene Arrival Hour,Unknown EMS Scene Arrival Minutes,Unknown,Unknown EMS Hospital Arrival Time,1,Dark - Lighted,Clear,0,1,[],[],0,0,Invalid,0.0,0.0,999.0,999.0,['Other'],0,0,1,0,4,Dry,Straight,Level,Lowest,No
8236,12,Florida,120740,0,2,2,0,2,FORT PIERCE,January,30,Monday,9,50,Urban,High Speed (Arterial),Yes,27.41073611,-80.32593889,Complex/Circle,Daylight,Clear,Unknown,Unknown,Unknown EMS Scene Arrival Hour,Unknown EMS Scene Arrival Minutes,Not Applicable (Not Transported),Not Applicable (Not Transported),1,Daylight,Clear,1,1,['Driver'],['None_Used'],0,0,Valid,2.0,1.0,65.0,20.0,"['Male', 'Male']",0,0,5,4,5,Dry,Straight,Level,Lowest,No
8237,12,Florida,120741,1,1,1,0,1,TAMPA,February,2,Thursday,6,15,Urban,High Speed (Arterial),Yes,28.03300278,-82.45903611,Complex/Circle,Dark - Lighted,Clear,Unknown,Unknown,Unknown EMS Scene Arrival Hour,Unknown EMS Scene Arrival Minutes,Not Applicable (Not Transported),Not Applicable (Not Transported),1,Dark - Lighted,Clear,0,1,[],[],0,0,Valid,0.0,0.0,71.0,71.0,['Male'],0,0,3,3,4,Dry,Straight,Level,Lowest,No
8238,12,Florida,120742,1,1,1,0,2,STUART,March,4,Saturday,21,59,Urban,High Speed (Arterial),Yes,27.21804722,-80.26210278,Simple Junction,Dark - Lighted,Clear,Unknown,Unknown,Unknown EMS Scene Arrival Hour,Unknown EMS Scene Arrival Minutes,Unknown,Unknown EMS Hospital Arrival Time,1,Dark - Lighted,Clear,0,2,[],[],0,0,Valid,0.0,0.0,26.0,26.0,['Male'],0,0,3,1,4,Dry,Straight,Level,Lowest,No
8239,12,Florida,120743,1,1,1,0,1,NOT APPLICABLE,March,16,Thursday,8,10,Rural,High Speed (Arterial),No,28.55228056,-81.464725,Non-Intersection,Daylight,Clear,Unknown,Unknown,Unknown EMS Scene Arrival Hour,Unknown EMS Scene Arrival Minutes,Unknown,Unknown EMS Hospital Arrival Time,1,Daylight,Clear,0,1,[],[],0,0,Valid,0.0,0.0,35.0,35.0,['Female'],0,0,2,3,4,Dry,Straight,Level,Lowest,No
8240,12,Florida,120744,0,2,2,0,3,NOT APPLICABLE,February,23,Thursday,15,45,Rural,High Speed (Arterial),Yes,29.21581667,-81.34000278,Non-Intersection,Daylight,Clear,Unknown,Unknown,Unknown EMS Scene Arrival Hour,Unknown EMS Scene Arrival Minutes,Unknown,Unknown EMS Hospital Arrival Time,1,Daylight,Clear,1,2,['Front_Passenger'],['None_Used'],1,1,Valid,1.0,1.0,30.0,18.0,"['Male', 'Male']",0,0,3,4,5,Dry,Straight,Level,Lowest,No
8241,12,Florida,120745,0,2,2,0,2,HOLLY HILL,March,16,Thursday,4,7,Urban,High Speed (Arterial),Yes,29.25713056,-81.04744167,Non-Intersection,Dark - Lighted,Clear,Unknown,Unknown,Unknown EMS Scene Arrival Hour,Unknown EMS Scene Arrival Minutes,Unknown,Unknown EMS Hospital Arrival Time,1,Dark - Lighted,Clear,1,1,['Driver'],['Shoulder_Lapbelt'],0,0,Valid,0.0,0.0,51.0,19.0,"['Male', 'Male']",0,0,3,4,5,Dry,Straight,Level,Lowest,No
8242,12,Florida,120746,0,2,2,0,2,DAYTONA BEACH,March,18,Saturday,6,0,Urban,Medium Speed (Collector),No,29.2094,-81.07411667,Complex/Circle,Dark - Not Lighted,Clear,Unknown,Unknown,Unknown EMS Scene Arrival Hour,Unknown EMS Scene Arrival Minutes,Unknown,Unknown EMS Hospital Arrival Time,1,Dark - Unlighted,Clear,1,1,['Driver'],['None_Used'],0,0,Valid,0.0,0.0,28.0,22.0,"['Male', 'Male']",0,0,3,4,5,Dry,Straight,Level,Lowest,No
8243,12,Florida,120747,0,1,1,0,1,ORMOND BEACH,March,11,Saturday,19,0,Rural,Medium Speed (Collector),No,29.40385,-81.13535,Non-Intersection,Dark - Not Lighted,Clear,Unknown,Unknown,Unknown EMS Scene Arrival Hour,Unknown EMS Scene Arrival Minutes,Unknown,Unknown EMS Hospital Arrival Time,1,Dark - Unlighted,Clear,1,0,['Driver'],['None_Used'],0,0,Invalid,0.0,0.0,62.0,62.0,['Male'],1,0,5,3,3,Dry,Straight,Level,Lowest,No