,State_Code,State_Name,Crash_ID,Count_Non_Motorists,Count_Vehicles_Total,Count_Vehicle_Forms,Count_PVH_Involved,Count_Occupants_MV,City_Name,Month_Name,Day_of_Month,Day_of_Week,Crash_Hour,Crash_Minute,Area_Rural_Urban,Road_Functional_Class,On_NHS_Road,Latitude,Longitude,Intersection_Type,Light_Condition,Weather_Condition,Notif_Hour,Notif_Minute,Arrival_Hour,Arrival_Minute,Hospital_Hour,Hospital_Minute,Fatalities_Count,Clean_Light_Condition,Clean_Weather_Condition,Total_Killed,Total_Alive,Fatal_Seats_List,Killed_Restraint_List,Any_Driver_Drinking,Total_Drinking_Drivers,Driver_License_Category,Driver_Max_Prev_Accident_Count,Driver_Max_Prev_Speeding_Count,Max_Driver_Age,Min_Driver_Age,Driver_Sex_List,Total_Exceeding_Limit_Vehicles,Total_Too_Fast_Vehicles,Max_Vehicle_Type_Severity_5,Max_Vehicle_Damage_Rank,Max_Harmful_Event_Severity,Crash_Road_Surface_Condition,Crash_Horizontal_Alignment,Crash_Vertical_Profile,Crash_Impairment_Category,Crash_Vehicle_Defect
8244,12,Florida,120748,0,3,3,0,6,BELLE GLADE,March,17,Friday,20,9,Urban,Medium Speed (Collector),No,26.71122778,-80.68401111,Complex/Circle,Dark - Not Lighted,Clear,Unknown,Unknown,Unknown EMS Scene Arrival Hour,Unknown EMS Scene Arrival Minutes,Unknown,Unknown EMS Hospital Arrival Time,1,Dark - Unlighted,Clear,1,5,['Driver'],['Shoulder_Lapbelt'],1,1,Invalid,0.0,1.0,34.0,23.0,"['Male', 'Female', 'Male']",0,0,4,4,5,Dry,Straight,Level,Lowest,No
8245,12,Florida,120749,1,1,1,0,1,NOT APPLICABLE,March,15,Wednesday,12,48,Rural,Medium Speed (Collector),No,30.42758056,-83.38466944,Non-Intersection,Daylight,Clear,Unknown,Unknown,Unknown EMS Scene Arrival Hour,Unknown EMS Scene Arrival Minutes,Unknown,Unknown EMS Hospital Arrival Time,1,Daylight,Clear,0,1,[],[],0,0,Valid,0.0,0.0,52.0,52.0,['Male'],0,0,3,2,4,Dry,Straight,Level,Lowest,No
8246,12,Florida,120750,0,2,2,0,3,GAINESVILLE,March,20,Monday,19,37,Urban,High Speed (Arterial),Yes,29.71258611,-82.27041111,Non-Intersection,Daylight,Cloudy,Unknown,Unknown,Unknown EMS Scene Arrival Hour,Unknown EMS Scene Arrival Minutes,Unknown,Unknown EMS Hospital Arrival Time,1,Daylight,Reduced Visibility,1,2,['Front_Passenger'],['None_Used'],0,0,Valid,0.0,0.0,37.0,19.0,"['Male', 'Female']",0,0,3,4,5,Dry,Straight,Level,Lowest,No
8247,12,Florida,120751,0,2,2,0,2,DAVIE,March,29,Wednesday,9,23,Urban,High Speed (Arterial),Yes,26.10260278,-80.21781111,Non-Intersection,Daylight,Clear,Unknown,Unknown,Unknown EMS Scene Arrival Hour,Unknown EMS Scene Arrival Minutes,Not Applicable (Not Transported),Not Applicable (Not Transported),1,Daylight,Clear,1,1,['Driver'],['None_Used'],0,0,Invalid,0.0,0.0,33.0,30.0,"['Male', 'Female']",0,0,5,4,5,Dry,Straight,Level,Lowest,No
8248,12,Florida,120752,0,1,1,0,1,JACKSONVILLE,March,27,Monday,8,33,Urban,Medium Speed (Collector),No,30.43786944,-81.74579722,Non-Intersection,Daylight,Clear,Unknown,Unknown,Unknown EMS Scene Arrival Hour,Unknown EMS Scene Arrival Minutes,Not Applicable (Not Transported),Not Applicable (Not Transported),1,Daylight,Clear,1,0,['Driver'],['None_Used'],1,1,Valid,0.0,0.0,48.0,48.0,['Male'],0,0,4,4,3,Dry,Straight,Level,Lowest,No
8249,12,Florida,120753,0,3,3,0,4,PINELLAS PARK,March,26,Sunday,19,39,Urban,High Speed (Arterial),Yes,27.84917222,-82.69068889,Non-Intersection,Dark - Lighted,Clear,Unknown,Unknown,Unknown EMS Scene Arrival Hour,Unknown EMS Scene Arrival Minutes,Unknown,Unknown EMS Hospital Arrival Time,2,Dark - Lighted,Clear,2,2,"['Driver', 'Front_Passenger']","['Shoulder_Lapbelt', 'Shoulder_Lapbelt']",0,0,Valid,0.0,0.0,66.0,25.0,"['Male', 'Female', 'Male']",0,0,3,4,5,Dry,Straight,Level,Lowest,No
8250,12,Florida,120754,0,2,2,0,4,NOT APPLICABLE,March,2,Thursday,19,21,Urban,Medium Speed (Collector),No,28.26646667,-82.16472778,Non-Intersection,Daylight,Clear,Unknown,Unknown,Unknown EMS Scene Arrival Hour,Unknown EMS Scene Arrival Minutes,Unknown,Unknown EMS Hospital Arrival Time,1,Daylight,Clear,1,3,['Driver'],['None_Used'],1,2,Valid,1.0,1.0,74.0,43.0,"['Male', 'Male']",0,0,5,4,5,Dry,Straight,Level,Lowest,No
8251,12,Florida,120755,1,1,1,0,1,NOT APPLICABLE,March,6,Monday,13,11,Urban,High Speed (Arterial),Yes,28.07398611,-82.73748611,Non-Intersection,Daylight,Clear,Unknown,Unknown,Unknown EMS Scene Arrival Hour,Unknown EMS Scene Arrival Minutes,Unknown,Unknown EMS Hospital Arrival Time,1,Daylight,Clear,0,1,[],[],0,0,Valid,0.0,0.0,33.0,33.0,['Female'],0,0,3,2,4,Dry,Straight,Level,Lowest,No
8252,12,Florida,120756,0,7,2,5,3,MIAMI GARDENS,March,15,Wednesday,3,13,Urban,High Speed (Arterial),Yes,25.96944722,-80.20610556,Non-Intersection,Dark - Lighted,Clear,Unknown,Unknown,Unknown EMS Scene Arrival Hour,Unknown EMS Scene Arrival Minutes,Not Applicable (Not Transported),Not Applicable (Not Transported),1,Dark - Lighted,Clear,1,2,['Driver'],['None_Used'],1,1,Valid,1.0,0.0,23.0,21.0,"['Female', 'Female']",3,0,2,4,5,Dry,Straight,Level,Lowest,No
8253,12,Florida,120757,0,2,2,0,3,NOT APPLICABLE,March,17,Friday,16,0,Urban,High Speed (Arterial),Yes,29.14635,-82.1144,Non-Intersection,Daylight,Clear,Unknown,Unknown,Unknown EMS Scene Arrival Hour,Unknown EMS Scene Arrival Minutes,Unknown,Unknown EMS Hospital Arrival Time,2,Daylight,Clear,2,1,"['Driver', 'Front_Passenger']","['None_Used', 'Shoulder_Lapbelt']",1,1,Valid,0.0,0.0,62.0,30.0,"['Male', 'Female']",0,0,3,4,5,Dry,Straight,Grade/Hillcrest,Lowest,No
8254,12,Florida,120758,0,1,1,0,2,JUPITER,March,26,Sunday,2,38,Rural,Medium Speed (Collector),No,26.91656389,-80.13410833,Non-Intersection,Dark - Lighted,Clear,Unknown,Unknown,Unknown EMS Scene Arrival Hour,Unknown EMS Scene Arrival Minutes,Unknown,Unknown EMS Hospital Arrival Time,1,Dark - Lighted,Clear,1,1,['Driver'],['None_Used'],0,0,Valid,0.0,0.0,19.0,19.0,['Male'],2,0,3,4,3,Dry,Curve,Level,Lowest,No
8255,12,Florida,120759,0,1,1,0,1,NOT APPLICABLE,March,18,Saturday,0,1,Urban,Medium Speed (Collector),No,28.403875,-80.82085833,Simple Junction,Dark - Unknown Lighting,Reported as Unknown,Unknown,Unknown,Unknown EMS Scene Arrival Hour,Unknown EMS Scene Arrival Minutes,Not Applicable (Not Transported),Not Applicable (Not Transported),1,Dark - Unlighted,Clear,1,0,['Driver'],['None_Used'],1,1,Valid,0.0,1.0,25.0,25.0,['Male'],1,0,5,4,2,Dry,Curve,Level,Lowest,No
8256,12,Florida,120760,0,2,2,0,2,Other,March,21,Tuesday,6,30,Urban,Medium Speed (Collector),No,25.674525,-80.29451111,Simple Junction,Dark - Not Lighted,Clear,Unknown,Unknown,Unknown EMS Scene Arrival Hour,Unknown EMS Scene Arrival Minutes,Unknown,Unknown EMS Hospital Arrival Time,1,Dark - Unlighted,Clear,1,1,['Driver'],['Shoulder_Lapbelt'],1,1,Valid,0.0,0.0,58.0,40.0,"['Male', 'Male']",1,0,3,4,5,Dry,Straight,Level,Lowest,No
8257,12,Florida,120761,0,2,2,0,2,JACKSONVILLE,March,24,Friday,14,13,Rural,Low Speed (Local),No,30.27019444,-81.59786667,Simple Junction,Daylight,Clear,Unknown,Unknown,Unknown EMS Scene Arrival Hour,Unknown EMS Scene Arrival Minutes,Unknown,Unknown EMS Hospital Arrival Time,1,Daylight,Clear,1,1,['Driver'],['None_Used'],0,0,Valid,0.0,0.0,26.0,18.0,"['Male', 'Female']",1,0,5,4,5,Dry,Straight,Level,Lowest,No
8258,12,Florida,120762,0,1,1,0,1,Other,March,21,Tuesday,8,0,Urban,Medium Speed (Collector),No,29.08881944,-81.996325,Non-Intersection,Daylight,Clear,Unknown,Unknown,Unknown EMS Scene Arrival Hour,Unknown EMS Scene Arrival Minutes,Unknown,Unknown EMS Hospital Arrival Time,1,Daylight,Clear,1,0,['Driver'],['Shoulder_Lapbelt'],0,0,Valid,0.0,0.0,31.0,31.0,['Male'],0,0,3,4,3,Dry,Straight,Grade/Hillcrest,Medium,No
8259,12,Florida,120763,1,1,1,0,1,NOT APPLICABLE,March,27,Monday,20,58,Urban,Medium Speed (Collector),No,28.25993889,-81.55095,Non-Intersection,Dark - Not Lighted,Clear,Unknown,Unknown,Unknown EMS Scene Arrival Hour,Unknown EMS Scene Arrival Minutes,Unknown,Unknown EMS Hospital Arrival Time,1,Dark - Unlighted,Clear,0,1,[],[],0,0,Valid,0.0,0.0,32.0,32.0,['Female'],0,0,2,4,4,Dry,Straight,Level,Lowest,No
8260,12,Florida,120764,1,1,1,0,1,ORLANDO,March,25,Saturday,9,14,Urban,High Speed (Arterial),Yes,28.55306667,-81.37978333,Non-Intersection,Daylight,Clear,Unknown,Unknown,Unknown EMS Scene Arrival Hour,Unknown EMS Scene Arrival Minutes,Unknown,Unknown EMS Hospital Arrival Time,1,Daylight,Clear,0,1,[],[],0,0,Valid,0.0,0.0,40.0,40.0,['Male'],0,0,3,3,4,Dry,Straight,Level,Lowest,No
8261,12,Florida,120765,0,1,1,0,2,NOT APPLICABLE,March,26,Sunday,6,15,Urban,Medium Speed (Collector),No,30.2857,-85.62225833,Non-Intersection,Dawn,Cloudy,Unknown,Unknown,Unknown EMS Scene Arrival Hour,Unknown EMS Scene Arrival Minutes,Unknown,Unknown EMS Hospital Arrival Time,1,Twilight,Reduced Visibility,1,1,['Front_Passenger'],['None_Used'],0,0,Valid,0.0,1.0,18.0,18.0,['Male'],0,0,3,4,2,Dry,Straight,Level,Lowest,No
8262,12,Florida,120766,0,2,2,0,2,MELBOURNE,March,25,Saturday,19,35,Urban,High Speed (Arterial),Yes,28.10934444,-80.61781389,Simple Junction,Dusk,Clear,Unknown,Unknown,Unknown EMS Scene Arrival Hour,Unknown EMS Scene Arrival Minutes,Unknown,Unknown EMS Hospital Arrival Time,1,Twilight,Clear,1,1,['Driver'],['Shoulder_Lapbelt'],1,1,Valid,0.0,0.0,67.0,61.0,"['Male', 'Female']",0,0,3,4,5,Dry,Straight,Level,Lowest,No
8263,12,Florida,120767,0,2,2,0,3,NOT APPLICABLE,March,27,Monday,6,45,Rural,Medium Speed (Collector),No,29.98588889,-82.81052778,Non-Intersection,Dawn,"Fog, Smog, Smoke",Unknown,Unknown,Unknown EMS Scene Arrival Hour,Unknown EMS Scene Arrival Minutes,Unknown,Unknown EMS Hospital Arrival Time,1,Twilight,Reduced Visibility,1,2,['Driver'],['None_Used'],0,0,Valid,0.0,2.0,46.0,41.0,"['Male', 'Female']",0,0,2,4,5,Dry,Straight,Level,Lowest,No
8264,12,Florida,120768,1,1,1,0,1,NOT APPLICABLE,March,27,Monday,6,35,Urban,High Speed (Arterial),Yes,28.75728889,-80.87487222,Non-Intersection,Dawn,Clear,Unknown,Unknown,Unknown EMS Scene Arrival Hour,Unknown EMS Scene Arrival Minutes,Unknown,Unknown EMS Hospital Arrival Time,1,Twilight,Clear,0,1,[],[],0,0,Valid,0.0,0.0,58.0,58.0,['Male'],0,0,3,3,4,Dry,Straight,Level,Lowest,No
8265,12,Florida,120769,0,2,2,0,2,NOT APPLICABLE,March,28,Tuesday,18,16,Urban,Low Speed (Local),No,29.04226667,-82.017625,Complex/Circle,Daylight,Cloudy,Unknown,Unknown,Unknown EMS Scene Arrival Hour,Unknown EMS Scene Arrival Minutes,Unknown,Unknown EMS Hospital Arrival Time,1,Daylight,Reduced Visibility,1,1,['Driver'],['None_Used'],1,1,Valid,0.0,0.0,53.0,30.0,"['Female', 'Male']",0,0,5,4,5,Dry,Straight,Level,Lowest,No
8266,12,Florida,120770,0,2,2,0,2,NOT APPLICABLE,March,28,Tuesday,10,36,Urban,High Speed (Arterial),Yes,30.40332778,-86.97603056,Complex/Circle,Daylight,"Fog, Smog, Smoke",Unknown,Unknown,Unknown EMS Scene Arrival Hour,Unknown EMS Scene Arrival Minutes,Not Applicable (Not Transported),Not Applicable (Not Transported),1,Daylight,Reduced Visibility,1,1,['Driver'],['Shoulder_Lapbelt'],0,0,Valid,0.0,0.0,64.0,60.0,"['Female', 'Male']",0,0,4,4,5,Dry,Straight,Level,Lowest,No
8267,12,Florida,120771,0,2,2,0,1,NOT APPLICABLE,March,28,Tuesday,17,40,Rural,Low Speed (Local),No,28.47851944,-81.32745278,Non-Intersection,Daylight,Clear,Unknown,Unknown,Unknown EMS Scene Arrival Hour,Unknown EMS Scene Arrival Minutes,Unknown,Unknown EMS Hospital Arrival Time,1,Daylight,Clear,1,0,['Driver'],['None_Used'],0,0,Valid,0.0,0.0,69.0,69.0,['Male'],1,0,5,4,5,Dry,Straight,Level,Lowest,No
8268,12,Florida,120772,1,1,1,0,2,NOT APPLICABLE,March,29,Wednesday,20,39,Urban,High Speed (Arterial),No,28.56547778,-81.16180556,Simple Junction,Dark - Not Lighted,Clear,Unknown,Unknown,Unknown EMS Scene Arrival Hour,Unknown EMS Scene Arrival Minutes,Not Applicable (Not Transported),Not Applicable (Not Transported),1,Dark - Unlighted,Clear,0,2,[],[],0,0,Valid,0.0,0.0,45.0,45.0,['Male'],0,0,3,4,4,Dry,Straight,Level,Lowest,No
8269,12,Florida,120773,1,1,1,0,1,TAMPA,March,23,Thursday,7,57,Urban,Medium Speed (Collector),No,27.95228056,-82.44745556,Non-Intersection,Daylight,Clear,Unknown,Unknown,Unknown EMS Scene Arrival Hour,Unknown EMS Scene Arrival Minutes,Unknown,Unknown EMS Hospital Arrival Time,1,Daylight,Clear,0,1,[],[],0,0,Valid,0.0,0.0,59.0,59.0,['Male'],1,0,3,2,4,Dry,Straight,Level,Lowest,No
8270,12,Florida,120774,0,2,2,0,2,KISSIMMEE,March,29,Wednesday,6,40,Urban,High Speed (Arterial),Yes,28.31185556,-81.4161,Simple Junction,Dawn,Clear,Unknown,Unknown,Unknown EMS Scene Arrival Hour,Unknown EMS Scene Arrival Minutes,Unknown,Unknown EMS Hospital Arrival Time,1,Twilight,Clear,1,1,['Driver'],['None_Used'],0,0,Valid,0.0,1.0,32.0,30.0,"['Female', 'Male']",0,0,5,4,5,Dry,Straight,Level,Lowest,No
8271,12,Florida,120775,1,1,1,0,1,NOT APPLICABLE,March,29,Wednesday,6,35,Urban,High Speed (Arterial),Yes,27.82358889,-82.72843056,Non-Intersection,Dark - Lighted,Clear,Unknown,Unknown,Unknown EMS Scene Arrival Hour,Unknown EMS Scene Arrival Minutes,Not Applicable (Not Transported),Not Applicable (Not Transported),1,Dark - Lighted,Clear,0,1,[],[],0,0,Valid,0.0,0.0,57.0,57.0,['Male'],0,0,3,3,4,Dry,Straight,Level,Lowest,No
8272,12,Florida,120776,0,1,1,0,2,NOT APPLICABLE,March,28,Tuesday,18,34,Urban,High Speed (Arterial),Yes,27.74926389,-80.43585,Non-Intersection,Daylight,Clear,Unknown,Unknown,Unknown EMS Scene Arrival Hour,Unknown EMS Scene Arrival Minutes,Unknown,Unknown EMS Hospital Arrival Time,1,Daylight,Clear,1,1,['Driver'],['Shoulder_Lapbelt'],0,0,Valid,0.0,0.0,58.0,58.0,['Female'],0,0,3,4,3,Dry,Straight,Level,Lowest,No
8273,12,Florida,120777,0,2,2,0,2,NOT APPLICABLE,February,21,Tuesday,23,15,Urban,High Speed (Arterial),Yes,28.56533611,-81.15879167,Non-Intersection,Dark - Not Lighted,Clear,Unknown,Unknown,Unknown EMS Scene Arrival Hour,Unknown EMS Scene Arrival Minutes,Unknown,Unknown EMS Hospital Arrival Time,1,Dark - Unlighted,Clear,1,1,['Driver'],['None_Used'],0,0,Valid,0.0,0.0,998.0,56.0,"['Male', 'Other']",0,0,5,4,5,Dry,Straight,Level,Lowest,No
8274,12,Florida,120778,0,2,2,0,3,NOT APPLICABLE,March,10,Friday,15,2,Urban,High Speed (Arterial),Yes,28.36013056,-80.82623056,Simple Junction,Daylight,Clear,Unknown,Unknown,Unknown EMS Scene Arrival Hour,Unknown EMS Scene Arrival Minutes,Unknown,Unknown EMS Hospital Arrival Time,1,Daylight,Clear,1,2,['Driver'],['Shoulder_Lapbelt'],0,0,Valid,0.0,1.0,76.0,66.0,"['Male', 'Male']",0,0,3,4,5,Dry,Straight,Level,Lowest,No
8275,12,Florida,120779,0,2,2,0,2,PEMBROKE PINES,March,21,Tuesday,10,30,Urban,Medium Speed (Collector),No,25.99520278,-80.231275,Simple Junction,Daylight,Clear,Unknown,Unknown,Unknown EMS Scene Arrival Hour,Unknown EMS Scene Arrival Minutes,Unknown,Unknown EMS Hospital Arrival Time,1,Daylight,Clear,1,1,['Driver'],['Shoulder_Lapbelt'],0,0,Valid,0.0,0.0,48.0,20.0,"['Male', 'Female']",0,0,2,4,5,Dry,Straight,Level,Lowest,No
8276,12,Florida,120780,0,2,2,0,2,NORTH PORT,March,15,Wednesday,10,47,Rural,Medium Speed (Collector),No,27.01310556,-82.29545,Non-Intersection,Daylight,Clear,Unknown,Unknown,Unknown EMS Scene Arrival Hour,Unknown EMS Scene Arrival Minutes,Unknown,Unknown EMS Hospital Arrival Time,1,Daylight,Clear,1,1,['Driver'],['Shoulder_Lapbelt'],0,0,Valid,0.0,1.0,51.0,51.0,"['Male', 'Male']",0,0,3,4,5,Dry,Straight,Level,Lowest,No
8277,12,Florida,120781,0,4,2,2,2,TAMPA,March,29,Wednesday,16,55,Urban,Medium Speed (Collector),No,28.02533056,-82.46373056,Non-Intersection,Daylight,Clear,Unknown,Unknown,Unknown EMS Scene Arrival Hour,Unknown EMS Scene Arrival Minutes,Not Applicable (Not Transported),Not Applicable (Not Transported),1,Daylight,Clear,1,1,['Driver'],['None_Used'],0,0,Valid,1.0,1.0,43.0,21.0,"['Male', 'Male']",1,0,5,4,5,Dry,Straight,Level,Lowest,No
8278,12,Florida,120782,0,2,2,0,2,DEBARY,March,17,Friday,18,1,Urban,Medium Speed (Collector),No,28.87896667,-81.24435833,Simple Junction,Dusk,Clear,Unknown,Unknown,Unknown EMS Scene Arrival Hour,Unknown EMS Scene Arrival Minutes,Not Applicable (Not Transported),Not Applicable (Not Transported),1,Twilight,Clear,1,1,['Driver'],['None_Used'],0,0,Valid,1.0,0.0,72.0,22.0,"['Male', 'Male']",0,0,5,4,5,Dry,Curve,Level,Lowest,No
8279,12,Florida,120783,1,2,2,0,3,NOT APPLICABLE,March,27,Monday,8,10,Urban,Medium Speed (Collector),No,26.54646111,-81.83939167,Complex/Circle,Daylight,Clear,Unknown,Unknown,Unknown EMS Scene Arrival Hour,Unknown EMS Scene Arrival Minutes,Unknown,Unknown EMS Hospital Arrival Time,1,Daylight,Clear,0,3,[],[],0,0,Valid,0.0,0.0,70.0,43.0,"['Female', 'Male']",0,0,3,3,4,Dry,Straight,Level,Lowest,No
8280,12,Florida,120784,1,1,1,0,1,CLEARWATER,March,28,Tuesday,5,0,Urban,Medium Speed (Collector),No,27.99005833,-82.77694167,Non-Intersection,Dark - Not Lighted,"Fog, Smog, Smoke",Unknown,Unknown,Unknown EMS Scene Arrival Hour,Unknown EMS Scene Arrival Minutes,Unknown,Unknown EMS Hospital Arrival Time,1,Dark - Unlighted,Reduced Visibility,0,1,[],[],0,0,Invalid,0.0,0.0,998.0,998.0,['Other'],0,0,1,0,4,Dry,Straight,Level,Lowest,No
8281,12,Florida,120785,1,1,1,0,1,NOT APPLICABLE,March,26,Sunday,9,30,Urban,High Speed (Arterial),Yes,27.47957778,-82.56296111,Non-Intersection,Daylight,Cloudy,Unknown,Unknown,Unknown EMS Scene Arrival Hour,Unknown EMS Scene Arrival Minutes,Unknown,Unknown EMS Hospital Arrival Time,1,Daylight,Reduced Visibility,0,1,[],[],0,0,Valid,0.0,0.0,31.0,31.0,['Female'],0,0,3,3,4,Dry,Straight,Level,Lowest,No
8282,12,Florida,120786,1,1,1,0,1,NOT APPLICABLE,March,29,Wednesday,7,37,Urban,Medium Speed (Collector),No,26.51396944,-81.949175,Complex/Circle,Dawn,Clear,Unknown,Unknown,Unknown EMS Scene Arrival Hour,Unknown EMS Scene Arrival Minutes,Unknown,Unknown EMS Hospital Arrival Time,1,Twilight,Clear,0,1,[],[],0,0,Valid,0.0,0.0,74.0,74.0,['Female'],0,0,3,2,4,Dry,Straight,Level,Lowest,No
8283,12,Florida,120787,0,3,3,0,3,NOT APPLICABLE,March,30,Thursday,4,30,Rural,Medium Speed (Collector),No,25.89076389,-80.37210833,Simple Junction,Dark - Lighted,Cloudy,Unknown,Unknown,Unknown EMS Scene Arrival Hour,Unknown EMS Scene Arrival Minutes,Not Applicable (Not Transported),Not Applicable (Not Transported),1,Dark - Lighted,Reduced Visibility,1,2,['Driver'],['None_Used'],0,0,Valid,1.0,0.0,64.0,50.0,"['Male', 'Male', 'Male']",0,0,3,4,5,Dry,Straight,Level,Lowest,No
8284,12,Florida,120788,0,1,1,0,1,NOT APPLICABLE,March,26,Sunday,14,55,Rural,Medium Speed (Collector),No,28.93615833,-81.71552778,Non-Intersection,Daylight,Clear,Unknown,Unknown,Unknown EMS Scene Arrival Hour,Unknown EMS Scene Arrival Minutes,Unknown,Unknown EMS Hospital Arrival Time,1,Daylight,Clear,1,0,['Driver'],['Shoulder_Lapbelt'],0,0,Valid,0.0,0.0,55.0,55.0,['Male'],0,0,2,4,3,Dry,Curve,Level,Lowest,No
8285,12,Florida,120789,1,1,1,0,1,SANFORD,March,24,Friday,19,43,Rural,High Speed (Arterial),Yes,28.74216389,-81.29886111,Complex/Circle,Dusk,Clear,Unknown,Unknown,Unknown EMS Scene Arrival Hour,Unknown EMS Scene Arrival Minutes,Unknown,Unknown EMS Hospital Arrival Time,1,Twilight,Clear,0,1,[],[],0,0,Valid,0.0,0.0,58.0,58.0,['Male'],0,0,3,2,4,Dry,Straight,Level,Lowest,No
8286,12,Florida,120790,1,2,1,1,4,NOT APPLICABLE,March,11,Saturday,3,18,Urban,Low Speed (Local),No,25.93861111,-80.39842778,Non-Intersection,Dark - Not Lighted,Clear,Unknown,Unknown,Unknown EMS Scene Arrival Hour,Unknown EMS Scene Arrival Minutes,Unknown,Unknown EMS Hospital Arrival Time,3,Dark - Unlighted,Clear,3,1,"['Driver', 'Front_Passenger', 'Rear_Seat']","['None_Used', 'None_Used', 'None_Used']",0,0,Valid,0.0,0.0,21.0,21.0,['Male'],0,0,5,4,5,Loose/Unpaved,Straight,Level,Lowest,No
8287,12,Florida,120791,1,1,1,0,2,NOT APPLICABLE,March,28,Tuesday,22,20,Rural,High Speed (Arterial),Yes,24.57409722,-81.73925278,Non-Intersection,Dark - Lighted,Clear,Unknown,Unknown,Unknown EMS Scene Arrival Hour,Unknown EMS Scene Arrival Minutes,Unknown,Unknown EMS Hospital Arrival Time,1,Dark - Lighted,Clear,0,2,[],[],0,0,Valid,0.0,0.0,53.0,53.0,['Male'],0,0,3,2,4,Dry,Straight,Level,Lowest,No
8288,12,Florida,120792,0,1,1,0,1,NOT APPLICABLE,April,2,Sunday,19,43,Urban,High Speed (Arterial),No,28.83607222,-82.34211389,Non-Intersection,Dusk,Clear,7:00pm-7:59pm,44,7:00pm-7:59pm,54,Not Applicable (Not Transported),Not Applicable (Not Transported),1,Twilight,Clear,1,0,['Driver'],['None_Used'],1,1,Valid,1.0,0.0,59.0,59.0,['Male'],0,0,5,4,2,Dry,Straight,Level,Lowest,No
8289,12,Florida,120793,1,1,1,0,2,NOT APPLICABLE,April,4,Tuesday,21,39,Urban,High Speed (Arterial),Yes,28.36058889,-82.69653889,Simple Junction,Dark - Lighted,Clear,Unknown,Unknown,Unknown EMS Scene Arrival Hour,Unknown EMS Scene Arrival Minutes,Unknown,Unknown EMS Hospital Arrival Time,1,Dark - Lighted,Clear,0,2,[],[],0,0,Valid,0.0,0.0,72.0,72.0,['Male'],0,0,2,3,4,Dry,Curve,Level,Lowest,No
8290,12,Florida,120794,1,1,1,0,1,NOT APPLICABLE,March,30,Thursday,17,11,Rural,Medium Speed (Collector),No,29.04922778,-81.63785833,Non-Intersection,Daylight,Clear,Unknown,Unknown,Unknown EMS Scene Arrival Hour,Unknown EMS Scene Arrival Minutes,Not Applicable (Not Transported),Not Applicable (Not Transported),1,Daylight,Clear,0,1,[],[],0,0,Valid,0.0,0.0,33.0,33.0,['Male'],0,0,3,2,4,Dry,Straight,Level,Lowest,No
8291,12,Florida,120795,1,1,1,0,1,SARASOTA,April,6,Thursday,21,18,Urban,High Speed (Arterial),Yes,27.3267,-82.52997222,Non-Intersection,Dark - Lighted,Clear,Unknown,Unknown,Unknown EMS Scene Arrival Hour,Unknown EMS Scene Arrival Minutes,Unknown,Unknown EMS Hospital Arrival Time,1,Dark - Lighted,Clear,0,1,[],[],0,0,Valid,0.0,0.0,52.0,52.0,['Female'],0,0,3,3,4,Dry,Straight,Level,Lowest,No
8292,12,Florida,120796,1,1,1,0,2,PANAMA CITY BEACH,April,6,Thursday,22,59,Urban,High Speed (Arterial),Yes,30.19996667,-85.818725,Non-Intersection,Dark - Not Lighted,Cloudy,Unknown,Unknown,Unknown EMS Scene Arrival Hour,Unknown EMS Scene Arrival Minutes,Not Applicable (Not Transported),Not Applicable (Not Transported),1,Dark - Unlighted,Reduced Visibility,0,2,[],[],0,0,Valid,0.0,0.0,38.0,38.0,['Male'],0,0,1,3,4,Dry,Straight,Level,Lowest,No
8293,12,Florida,120797,1,1,1,0,1,NOT APPLICABLE,March,28,Tuesday,5,48,Rural,High Speed (Arterial),Yes,26.67998889,-80.73228056,Non-Intersection,Dark - Not Lighted,"Fog, Smog, Smoke",Unknown,Unknown,Unknown EMS Scene Arrival Hour,Officially Cancelled,Unknown,Officially Canceled,1,Dark - Unlighted,Reduced Visibility,0,1,[],[],0,0,Invalid,0.0,0.0,999.0,999.0,['Other'],0,0,1,0,4,Dry,Straight,Level,Lowest,No
8294,12,Florida,120798,1,1,1,0,4,MIAMI,April,5,Wednesday,20,57,Urban,Medium Speed (Collector),No,25.80489167,-80.21551944,Complex/Circle,Dusk,Not Reported,Unknown,Unknown,Unknown EMS Scene Arrival Hour,Unknown EMS Scene Arrival Minutes,Unknown,Unknown EMS Hospital Arrival Time,1,Twilight,Clear,0,4,[],[],0,0,Invalid,0.0,1.0,30.0,30.0,['Male'],0,0,2,2,4,Dry,Straight,Level,Lowest,No
8295,12,Florida,120799,1,1,1,0,1,NOT APPLICABLE,April,7,Friday,5,30,Urban,Medium Speed (Collector),No,29.84438056,-82.39864444,Non-Intersection,Dark - Not Lighted,"Fog, Smog, Smoke",Unknown,Unknown,Unknown EMS Scene Arrival Hour,Unknown EMS Scene Arrival Minutes,Not Applicable (Not Transported),Not Applicable (Not Transported),1,Dark - Unlighted,Reduced Visibility,0,1,[],[],0,0,Valid,0.0,0.0,23.0,23.0,['Male'],0,0,3,4,3,Dry,Straight,Level,Lowest,No