,State_Code,State_Name,Crash_ID,Count_Non_Motorists,Count_Vehicles_Total,Count_Vehicle_Forms,Count_PVH_Involved,Count_Occupants_MV,City_Name,Month_Name,Day_of_Month,Day_of_Week,Crash_Hour,Crash_Minute,Area_Rural_Urban,Road_Functional_Class,On_NHS_Road,Latitude,Longitude,Intersection_Type,Light_Condition,Weather_Condition,Notif_Hour,Notif_Minute,Arrival_Hour,Arrival_Minute,Hospital_Hour,Hospital_Minute,Fatalities_Count,Clean_Light_Condition,Clean_Weather_Condition,Total_Killed,Total_Alive,Fatal_Seats_List,Killed_Restraint_List,Any_Driver_Drinking,Total_Drinking_Drivers,Driver_License_Category,Driver_Max_Prev_Accident_Count,Driver_Max_Prev_Speeding_Count,Max_Driver_Age,Min_Driver_Age,Driver_Sex_List,Total_Exceeding_Limit_Vehicles,Total_Too_Fast_Vehicles,Max_Vehicle_Type_Severity_5,Max_Vehicle_Damage_Rank,Max_Harmful_Event_Severity,Crash_Road_Surface_Condition,Crash_Horizontal_Alignment,Crash_Vertical_Profile,Crash_Impairment_Category,Crash_Vehicle_Defect
8296,12,Florida,120800,1,1,1,0,2,NOT APPLICABLE,April,7,Friday,20,51,Rural,High Speed (Arterial),Yes,27.93767222,-82.21538611,Non-Intersection,Dark - Not Lighted,Cloudy,Unknown,Unknown,Unknown EMS Scene Arrival Hour,Unknown EMS Scene Arrival Minutes,Not Applicable (Not Transported),Not Applicable (Not Transported),1,Dark - Unlighted,Reduced Visibility,0,2,[],[],0,0,Valid,0.0,0.0,17.0,17.0,['Female'],0,0,2,4,4,Dry,Straight,Level,Lowest,No
8297,12,Florida,120801,0,2,2,0,5,NOT APPLICABLE,April,7,Friday,10,37,Urban,High Speed (Arterial),Yes,28.21878056,-82.24616389,Complex/Circle,Daylight,Clear,Unknown,Unknown,Unknown EMS Scene Arrival Hour,Unknown EMS Scene Arrival Minutes,Unknown,Unknown EMS Hospital Arrival Time,2,Daylight,Clear,2,3,"['Driver', 'Front_Passenger']","['Shoulder_Lapbelt', 'Lapbelt_Only']",0,0,Valid,0.0,0.0,81.0,45.0,"['Female', 'Male']",0,0,4,4,5,Dry,Straight,Level,Lowest,No
8298,12,Florida,120802,3,4,1,3,1,NOT APPLICABLE,March,31,Friday,21,45,Urban,Low Speed (Local),No,26.57149722,-81.86451667,Non-Intersection,Dark - Lighted,Clear,Unknown,Unknown,Unknown EMS Scene Arrival Hour,Unknown EMS Scene Arrival Minutes,Unknown,Unknown EMS Hospital Arrival Time,1,Dark - Lighted,Clear,0,0,[],[],0,0,Invalid,0.0,0.0,999.0,999.0,['Other'],0,0,3,4,3,Dry,Straight,Level,Lowest,No
8299,12,Florida,120803,1,1,1,0,1,NOT APPLICABLE,April,7,Friday,20,53,Urban,High Speed (Arterial),No,26.80796389,-80.074825,Non-Intersection,Dark - Lighted,Clear,Unknown,Unknown,Unknown EMS Scene Arrival Hour,Unknown EMS Scene Arrival Minutes,Not Applicable (Not Transported),Not Applicable (Not Transported),1,Dark - Lighted,Clear,0,1,[],[],0,0,Valid,0.0,0.0,57.0,57.0,['Female'],0,0,2,4,4,Dry,Straight,Level,Lowest,No
8300,12,Florida,120804,0,1,1,0,1,NOT APPLICABLE,April,8,Saturday,19,27,Rural,Low Speed (Local),No,28.2342,-81.15115833,Non-Intersection,Dusk,Clear,Unknown,Unknown,Unknown EMS Scene Arrival Hour,Unknown EMS Scene Arrival Minutes,Not Applicable (Not Transported),Not Applicable (Not Transported),1,Twilight,Clear,1,0,['Driver'],['None_Used'],1,1,Valid,2.0,0.0,35.0,35.0,['Male'],0,0,5,4,3,Dry,Straight,Level,Lowest,No
8301,12,Florida,120805,0,2,2,0,3,NOT APPLICABLE,April,5,Wednesday,23,8,Urban,High Speed (Arterial),Yes,28.29428333,-81.24160833,Non-Intersection,Dark - Not Lighted,Clear,Unknown,Unknown,Unknown EMS Scene Arrival Hour,Unknown EMS Scene Arrival Minutes,Unknown,Unknown EMS Hospital Arrival Time,2,Dark - Unlighted,Clear,2,1,"['Driver', 'Rear_Seat']","['None_Used', 'None_Used']",1,1,Valid,0.0,0.0,60.0,56.0,"['Male', 'Male']",0,0,5,4,3,Dry,Straight,Level,Lowest,No
8302,12,Florida,120806,1,1,1,0,1,NOT APPLICABLE,April,7,Friday,4,15,Rural,Low Speed (Local),No,28.23739167,-82.161625,Non-Intersection,Dark - Not Lighted,Clear,4:00am-4:59am,17,4:00am-4:59am,28,Not Applicable (Not Transported),Not Applicable (Not Transported),1,Dark - Unlighted,Clear,0,1,[],[],0,0,Valid,0.0,0.0,65.0,65.0,['Male'],0,0,2,2,4,Dry,Straight,Level,Lowest,No
8303,12,Florida,120807,0,2,2,0,2,ALACHUA,April,7,Friday,8,20,Rural,High Speed (Arterial),Yes,29.65122778,-82.33932778,Simple Junction,Daylight,Clear,Unknown,Unknown,Unknown EMS Scene Arrival Hour,Unknown EMS Scene Arrival Minutes,Not Applicable (Not Transported),Not Applicable (Not Transported),1,Daylight,Clear,1,1,['Driver'],['Shoulder_Lapbelt'],0,0,Valid,0.0,1.0,38.0,37.0,"['Male', 'Male']",0,0,4,4,5,Dry,Straight,Level,Lowest,No
8304,12,Florida,120808,0,1,1,0,1,NOT APPLICABLE,March,19,Sunday,6,40,Rural,High Speed (Arterial),Yes,27.77861389,-81.59730833,Non-Intersection,Dark - Not Lighted,Clear,Unknown,Unknown,Unknown EMS Scene Arrival Hour,Unknown EMS Scene Arrival Minutes,Not Applicable (Not Transported),Not Applicable (Not Transported),1,Dark - Unlighted,Clear,1,0,['Driver'],['Shoulder_Lapbelt'],0,0,Valid,0.0,0.0,75.0,75.0,['Male'],0,0,3,4,3,Dry,Straight,Level,Lowest,No
8305,12,Florida,120810,0,1,1,0,1,NOT APPLICABLE,March,22,Wednesday,3,44,Urban,Medium Speed (Collector),Yes,30.47353333,-87.30712778,Non-Intersection,Dark - Lighted,Clear,Unknown,Unknown,Unknown EMS Scene Arrival Hour,Unknown EMS Scene Arrival Minutes,Unknown,Unknown EMS Hospital Arrival Time,1,Dark - Lighted,Clear,1,0,['Driver'],['None_Used'],0,0,Valid,0.0,0.0,29.0,29.0,['Female'],0,0,5,4,3,Dry,Straight,Level,Lowest,No
8306,12,Florida,120811,0,1,1,0,1,MELBOURNE,March,21,Tuesday,20,30,Urban,High Speed (Arterial),Yes,28.16101389,-80.64196667,Non-Intersection,Dark - Lighted,Clear,Unknown,Unknown,Unknown EMS Scene Arrival Hour,Unknown EMS Scene Arrival Minutes,Not Applicable (Not Transported),Not Applicable (Not Transported),1,Dark - Lighted,Clear,1,0,['Driver'],['Shoulder_Lapbelt'],0,0,Valid,0.0,0.0,38.0,38.0,['Male'],0,0,3,4,3,Dry,Straight,Level,Lowest,No
8307,12,Florida,120812,0,4,4,0,8,BOCA RATON,March,18,Saturday,2,22,Urban,High Speed (Arterial),Yes,26.35052778,-80.08766389,Complex/Circle,Dark - Lighted,Clear,Unknown,Unknown,Unknown EMS Scene Arrival Hour,Unknown EMS Scene Arrival Minutes,Unknown,Unknown EMS Hospital Arrival Time,1,Dark - Lighted,Clear,1,7,['Rear_Seat'],['None_Used'],1,1,Invalid,1.0,0.0,33.0,16.0,"['Male', 'Female', 'Male', 'Male']",0,0,3,4,5,Dry,Straight,Level,Lowest,No
8308,12,Florida,120813,1,1,1,0,1,NOT APPLICABLE,April,6,Thursday,4,41,Urban,High Speed (Arterial),Yes,30.45429444,-87.29666389,Non-Intersection,Dark - Not Lighted,Clear,Unknown,Unknown,Unknown EMS Scene Arrival Hour,Unknown EMS Scene Arrival Minutes,Not Applicable (Not Transported),Not Applicable (Not Transported),1,Dark - Unlighted,Clear,0,1,[],[],0,0,Valid,0.0,1.0,42.0,42.0,['Male'],0,0,3,3,4,Dry,Straight,Grade/Hillcrest,Lowest,No
8309,12,Florida,120814,0,2,2,0,3,CHIEFLAND,April,6,Thursday,8,30,Rural,High Speed (Arterial),Yes,29.53297778,-82.8892,Complex/Circle,Daylight,Clear,Unknown,Unknown,Unknown EMS Scene Arrival Hour,Unknown EMS Scene Arrival Minutes,Unknown,Unknown EMS Hospital Arrival Time,1,Daylight,Clear,1,2,['Driver'],['None_Used'],1,1,Valid,0.0,0.0,57.0,24.0,"['Male', 'Female']",0,0,3,4,5,Dry,Straight,Level,Lowest,No
8310,12,Florida,120815,1,1,1,0,1,NOT APPLICABLE,April,7,Friday,15,7,Rural,High Speed (Arterial),Yes,29.65290278,-81.28698889,Non-Intersection,Daylight,Cloudy,Unknown,Unknown,Unknown EMS Scene Arrival Hour,Unknown EMS Scene Arrival Minutes,Not Applicable (Not Transported),Not Applicable (Not Transported),1,Daylight,Reduced Visibility,0,1,[],[],0,0,Valid,0.0,0.0,30.0,30.0,['Male'],0,0,3,3,4,Dry,Straight,Grade/Hillcrest,Lowest,No
8311,12,Florida,120816,0,1,1,0,2,NOT APPLICABLE,April,13,Thursday,21,52,Urban,High Speed (Arterial),Yes,27.92744444,-82.03792222,Non-Intersection,Dark - Not Lighted,Clear,Unknown,Unknown,Unknown EMS Scene Arrival Hour,Unknown EMS Scene Arrival Minutes,Unknown,Unknown EMS Hospital Arrival Time,1,Dark - Unlighted,Clear,1,1,['Front_Passenger'],['None_Used'],0,0,Invalid,2.0,0.0,32.0,32.0,['Male'],0,0,2,4,3,Dry,Curve,Level,Lowest,No
8312,12,Florida,120817,2,2,1,1,1,MAITLAND,April,8,Saturday,5,51,Urban,High Speed (Arterial),Yes,28.63110278,-81.38729444,Non-Intersection,Dark - Lighted,Clear,Unknown,Unknown,Unknown EMS Scene Arrival Hour,Unknown EMS Scene Arrival Minutes,Unknown,Unknown EMS Hospital Arrival Time,1,Dark - Lighted,Clear,0,1,[],[],0,0,Valid,0.0,0.0,26.0,26.0,['Male'],0,0,2,4,4,Dry,Straight,Level,Lowest,No
8313,12,Florida,120818,0,1,1,0,1,NOT APPLICABLE,April,13,Thursday,11,0,Rural,Low Speed (Local),No,29.96945278,-82.68289167,Non-Intersection,Daylight,Cloudy,Unknown,Unknown,Unknown EMS Scene Arrival Hour,Officially Cancelled,Unknown,Officially Canceled,1,Daylight,Reduced Visibility,1,0,['Driver'],['None_Used'],0,0,Valid,0.0,2.0,36.0,36.0,['Male'],0,0,2,4,3,Dry,Curve,Level,Lowest,No
8314,12,Florida,120819,0,2,2,0,2,RUSKIN,April,8,Saturday,2,41,Urban,High Speed (Arterial),Yes,27.70016667,-82.45583611,Non-Intersection,Dark - Not Lighted,Cloudy,Unknown,Unknown,Unknown EMS Scene Arrival Hour,Unknown EMS Scene Arrival Minutes,Unknown,Unknown EMS Hospital Arrival Time,1,Dark - Unlighted,Reduced Visibility,1,1,['Driver'],['Shoulder_Lapbelt'],1,1,Invalid,0.0,1.0,53.0,30.0,"['Male', 'Male']",0,0,3,4,5,Dry,Straight,Level,Lowest,No
8315,12,Florida,120820,0,2,2,0,3,NOT APPLICABLE,April,13,Thursday,14,36,Rural,High Speed (Arterial),Yes,28.19908333,-81.58240556,Simple Junction,Daylight,Cloudy,Unknown,Unknown,Unknown EMS Scene Arrival Hour,Officially Cancelled,Unknown,Officially Canceled,1,Daylight,Reduced Visibility,1,2,['Driver'],['Shoulder_Lapbelt'],0,0,Valid,1.0,0.0,56.0,43.0,"['Male', 'Male']",0,0,4,4,5,Dry,Straight,Level,Lowest,No
8316,12,Florida,120821,0,1,1,0,3,NOT APPLICABLE,April,8,Saturday,19,35,Rural,Medium Speed (Collector),No,26.72527222,-81.51809444,Non-Intersection,Dusk,Clear,Unknown,Unknown,Unknown EMS Scene Arrival Hour,Unknown EMS Scene Arrival Minutes,Unknown,Unknown EMS Hospital Arrival Time,1,Twilight,Clear,1,2,['Rear_Seat'],['None_Used'],1,1,Invalid,0.0,0.0,24.0,24.0,['Male'],0,0,2,4,3,Dry,Straight,Level,Lowest,No
8317,12,Florida,120822,1,1,1,0,1,HOLLYWOOD,March,21,Tuesday,13,4,Urban,High Speed (Arterial),Yes,26.01096111,-80.16322222,Complex/Circle,Daylight,Clear,Unknown,Unknown,Unknown EMS Scene Arrival Hour,Unknown EMS Scene Arrival Minutes,Unknown,Unknown EMS Hospital Arrival Time,1,Daylight,Clear,0,1,[],[],0,0,Invalid,0.0,0.0,54.0,54.0,['Male'],0,0,3,1,4,Dry,Straight,Level,Lowest,No
8318,12,Florida,120823,0,2,2,0,2,NOT APPLICABLE,April,8,Saturday,11,7,Urban,Medium Speed (Collector),No,28.25991389,-81.58153889,Non-Intersection,Daylight,Clear,Unknown,Unknown,Unknown EMS Scene Arrival Hour,Unknown EMS Scene Arrival Minutes,Unknown,Unknown EMS Hospital Arrival Time,1,Daylight,Clear,1,1,['Driver'],['Shoulder_Lapbelt'],1,1,Valid,0.0,0.0,73.0,41.0,"['Male', 'Male']",0,0,3,4,5,Dry,Curve,Level,Lowest,No
8319,12,Florida,120824,0,2,2,0,2,JACKSONVILLE,March,1,Wednesday,16,30,Urban,Low Speed (Local),No,30.22017778,-81.74780556,Non-Intersection,Daylight,Clear,Unknown,Unknown,Unknown EMS Scene Arrival Hour,Unknown EMS Scene Arrival Minutes,Unknown,Unknown EMS Hospital Arrival Time,1,Daylight,Clear,1,1,['Driver'],['None_Used'],0,0,Valid,0.0,1.0,45.0,44.0,"['Female', 'Male']",0,0,5,4,5,Dry,Straight,Level,Lowest,No
8320,12,Florida,120825,1,1,1,0,5,NOT APPLICABLE,March,30,Thursday,8,10,Urban,Low Speed (Local),No,25.69144167,-80.42446111,Complex/Circle,Daylight,Clear,Unknown,Unknown,Unknown EMS Scene Arrival Hour,Unknown EMS Scene Arrival Minutes,Unknown,Unknown EMS Hospital Arrival Time,1,Daylight,Clear,0,5,[],[],0,0,Valid,0.0,0.0,75.0,75.0,['Male'],0,0,3,2,4,Dry,Straight,Level,Lowest,No
8321,12,Florida,120826,1,1,1,0,3,BRADENTON,April,1,Saturday,6,39,Urban,High Speed (Arterial),Yes,27.52561667,-82.58973056,Complex/Circle,Dark - Lighted,Clear,Unknown,Unknown,Unknown EMS Scene Arrival Hour,Unknown EMS Scene Arrival Minutes,Not Applicable (Not Transported),Not Applicable (Not Transported),1,Dark - Lighted,Clear,0,3,[],[],0,0,Valid,1.0,0.0,24.0,24.0,['Male'],0,0,2,3,4,Dry,Straight,Level,Lowest,No
8322,12,Florida,120827,0,1,1,0,1,NOT APPLICABLE,March,26,Sunday,6,13,Rural,High Speed (Arterial),No,27.49615833,-80.34960556,Non-Intersection,Dark - Not Lighted,Clear,Unknown,Unknown,Unknown EMS Scene Arrival Hour,Unknown EMS Scene Arrival Minutes,Unknown,Unknown EMS Hospital Arrival Time,1,Dark - Unlighted,Clear,1,0,['Driver'],['None_Used'],0,0,Valid,0.0,1.0,56.0,56.0,['Male'],0,0,5,4,3,Dry,Curve,Level,Lowest,No
8323,12,Florida,120828,1,1,1,0,1,JACKSONVILLE,April,9,Sunday,20,30,Urban,Medium Speed (Collector),No,30.34690833,-81.66530278,Complex/Circle,Dark - Lighted,Rain,Unknown,Unknown,Unknown EMS Scene Arrival Hour,Unknown EMS Scene Arrival Minutes,Unknown,Unknown EMS Hospital Arrival Time,1,Dark - Lighted,Rain/Wind/Minor,0,1,[],[],0,0,Invalid,0.0,0.0,998.0,998.0,['Other'],0,0,1,0,4,Wet/Standing Water,Straight,Level,Lowest,No
8324,12,Florida,120829,0,2,2,0,3,OAKLAND PARK,April,2,Sunday,19,31,Urban,Medium Speed (Collector),No,26.17126944,-80.18718889,Simple Junction,Daylight,Clear,Unknown,Unknown,Unknown EMS Scene Arrival Hour,Unknown EMS Scene Arrival Minutes,Unknown,Unknown EMS Hospital Arrival Time,1,Daylight,Clear,1,2,['Front_Passenger'],['Shoulder_Lapbelt'],1,1,Valid,1.0,0.0,45.0,44.0,"['Male', 'Male']",0,0,3,4,5,Dry,Straight,Level,Lowest,No
8325,12,Florida,120830,0,2,2,0,3,NOT APPLICABLE,April,12,Wednesday,18,0,Urban,Medium Speed (Collector),No,26.47224722,-80.12687222,Non-Intersection,Daylight,Rain,Unknown,Unknown,Unknown EMS Scene Arrival Hour,Unknown EMS Scene Arrival Minutes,Not Applicable (Not Transported),Not Applicable (Not Transported),1,Daylight,Rain/Wind/Minor,1,2,['Driver'],['Shoulder_Lapbelt'],0,0,Valid,0.0,0.0,62.0,40.0,"['Female', 'Male']",0,0,3,4,5,Wet/Standing Water,Curve,Level,Lowest,No
8326,12,Florida,120831,2,1,1,0,2,DELTONA,April,2,Sunday,12,41,Urban,Medium Speed (Collector),No,28.88505556,-81.24166111,Non-Intersection,Daylight,Clear,Unknown,Unknown,Unknown EMS Scene Arrival Hour,Unknown EMS Scene Arrival Minutes,Unknown,Unknown EMS Hospital Arrival Time,1,Daylight,Clear,0,2,[],[],0,0,Valid,0.0,0.0,67.0,67.0,['Male'],0,0,2,4,4,Dry,Straight,Level,Lowest,No
8327,12,Florida,120832,0,2,2,0,2,NOT APPLICABLE,April,15,Saturday,15,49,Urban,High Speed (Arterial),Yes,27.74858056,-82.33510833,Simple Junction,Daylight,Clear,Unknown,Unknown,Unknown EMS Scene Arrival Hour,Unknown EMS Scene Arrival Minutes,Unknown,Unknown EMS Hospital Arrival Time,1,Daylight,Clear,1,1,['Driver'],['Shoulder_Lapbelt'],0,0,Valid,0.0,0.0,93.0,19.0,"['Male', 'Male']",0,0,3,4,5,Dry,Straight,Level,Lowest,No
8328,12,Florida,120833,0,2,2,0,2,NOT APPLICABLE,April,8,Saturday,23,11,Rural,High Speed (Arterial),Yes,30.52671667,-85.40366111,Non-Intersection,Dark - Not Lighted,Clear,Unknown,Unknown,Unknown EMS Scene Arrival Hour,Unknown EMS Scene Arrival Minutes,Not Applicable (Not Transported),Not Applicable (Not Transported),2,Dark - Unlighted,Clear,2,0,"['Driver', 'Driver']","['None_Used', 'None_Used']",0,0,Valid,1.0,2.0,66.0,20.0,"['Male', 'Male']",0,0,2,4,5,Dry,Straight,Grade/Hillcrest,Lowest,No
8329,12,Florida,120834,1,1,1,0,1,NOT APPLICABLE,April,6,Thursday,22,14,Rural,High Speed (Arterial),Yes,29.15852222,-81.59255833,Non-Intersection,Dark - Not Lighted,Clear,Unknown,Unknown,Unknown EMS Scene Arrival Hour,Unknown EMS Scene Arrival Minutes,Unknown,Unknown EMS Hospital Arrival Time,1,Dark - Unlighted,Clear,0,1,[],[],0,0,Valid,1.0,0.0,57.0,57.0,['Female'],0,0,2,3,4,Dry,Straight,Level,Lowest,No
8330,12,Florida,120835,0,2,2,0,3,NOT APPLICABLE,March,22,Wednesday,16,26,Urban,Low Speed (Local),No,27.79852222,-82.31846389,Complex/Circle,Daylight,Clear,Unknown,Unknown,Unknown EMS Scene Arrival Hour,Unknown EMS Scene Arrival Minutes,Unknown,Unknown EMS Hospital Arrival Time,1,Daylight,Clear,1,2,['Driver'],['None_Used'],0,0,Valid,0.0,0.0,84.0,37.0,"['Female', 'Female']",0,0,3,4,5,Dry,Straight,Level,Lowest,No
8331,12,Florida,120836,0,2,2,0,4,NOT APPLICABLE,April,15,Saturday,15,31,Urban,Medium Speed (Collector),No,28.33869722,-81.4858,Simple Junction,Daylight,Clear,Unknown,Unknown,Unknown EMS Scene Arrival Hour,Unknown EMS Scene Arrival Minutes,Unknown,Unknown EMS Hospital Arrival Time,1,Daylight,Clear,1,3,['Driver'],['None_Used'],0,0,Valid,0.0,0.0,64.0,56.0,"['Male', 'Male']",0,0,5,4,5,Dry,Straight,Level,Lowest,No
8332,12,Florida,120837,0,2,2,0,2,ROYAL PALM BEACH,April,13,Thursday,4,39,Urban,High Speed (Arterial),Yes,26.68166667,-80.24706111,Complex/Circle,Dark - Lighted,Cloudy,Unknown,Unknown,Unknown EMS Scene Arrival Hour,Unknown EMS Scene Arrival Minutes,Unknown,Unknown EMS Hospital Arrival Time,1,Dark - Lighted,Reduced Visibility,1,1,['Driver'],['Shoulder_Lapbelt'],0,0,Valid,0.0,0.0,48.0,30.0,"['Male', 'Male']",0,0,4,4,5,Wet/Standing Water,Straight,Level,Lowest,No
8333,12,Florida,120838,1,2,2,0,2,NOT APPLICABLE,April,16,Sunday,16,35,Urban,Medium Speed (Collector),No,26.61715278,-81.67987222,Non-Intersection,Daylight,Clear,Unknown,Unknown,Unknown EMS Scene Arrival Hour,Unknown EMS Scene Arrival Minutes,Unknown,Unknown EMS Hospital Arrival Time,1,Daylight,Clear,0,2,[],[],0,0,Valid,0.0,1.0,999.0,24.0,"['Male', 'Other']",1,0,5,4,4,Dry,Straight,Level,Lowest,No
8334,12,Florida,120839,1,1,1,0,1,NOT APPLICABLE,April,13,Thursday,23,6,Urban,High Speed (Arterial),Yes,30.40198889,-86.9037,Non-Intersection,Dark - Lighted,Clear,Unknown,Unknown,Unknown EMS Scene Arrival Hour,Unknown EMS Scene Arrival Minutes,Not Applicable (Not Transported),Not Applicable (Not Transported),1,Dark - Lighted,Clear,0,1,[],[],1,1,Valid,0.0,1.0,30.0,30.0,['Male'],0,0,3,1,4,Dry,Straight,Level,Lowest,No
8335,12,Florida,120840,0,2,2,0,3,NOT APPLICABLE,April,14,Friday,16,21,Urban,Medium Speed (Collector),No,26.61730556,-81.6705,Complex/Circle,Daylight,Cloudy,Unknown,Unknown,Unknown EMS Scene Arrival Hour,Unknown EMS Scene Arrival Minutes,Unknown,Unknown EMS Hospital Arrival Time,1,Daylight,Reduced Visibility,1,2,['Driver'],['Shoulder_Lapbelt'],0,0,Valid,0.0,1.0,88.0,47.0,"['Female', 'Male']",0,0,4,4,5,Dry,Straight,Level,Lowest,No
8336,12,Florida,120841,3,5,4,1,9,NOT APPLICABLE,April,3,Monday,12,20,Urban,High Speed (Arterial),Yes,27.48489444,-80.51800278,Non-Intersection,Daylight,Clear,Unknown,Unknown,Unknown EMS Scene Arrival Hour,Unknown EMS Scene Arrival Minutes,Unknown,Unknown EMS Hospital Arrival Time,1,Daylight,Clear,1,8,['Driver'],['None_Used'],0,0,Valid,0.0,1.0,51.0,22.0,"['Male', 'Female', 'Male', 'Male']",0,0,4,4,5,Dry,Straight,Level,Lowest,No
8337,12,Florida,120842,0,1,1,0,1,NOT APPLICABLE,April,13,Thursday,5,25,Urban,High Speed (Arterial),Yes,25.94590833,-80.35095278,Non-Intersection,Dark - Lighted,Cloudy,Unknown,Unknown,Unknown EMS Scene Arrival Hour,Unknown EMS Scene Arrival Minutes,Unknown,Unknown EMS Hospital Arrival Time,1,Dark - Lighted,Reduced Visibility,1,0,['Driver'],['Shoulder_Lapbelt'],0,0,Invalid,0.0,0.0,44.0,44.0,['Male'],0,0,3,4,2,Wet/Standing Water,Straight,Level,Lowest,No
8338,12,Florida,120843,1,1,1,0,2,FORT PIERCE,April,16,Sunday,20,10,Urban,High Speed (Arterial),Yes,27.38100833,-80.32584167,Non-Intersection,Dark - Lighted,Rain,Unknown,Unknown,Unknown EMS Scene Arrival Hour,Unknown EMS Scene Arrival Minutes,Unknown,Unknown EMS Hospital Arrival Time,1,Dark - Lighted,Rain/Wind/Minor,0,2,[],[],0,0,Valid,0.0,0.0,20.0,20.0,['Male'],0,0,3,3,4,Wet/Standing Water,Straight,Level,Lowest,No
8339,12,Florida,120844,1,1,1,0,1,NOT APPLICABLE,April,16,Sunday,2,20,Rural,High Speed (Arterial),Yes,29.14572778,-82.44190833,Non-Intersection,Dark - Not Lighted,Clear,Unknown,Unknown,Unknown EMS Scene Arrival Hour,Unknown EMS Scene Arrival Minutes,Not Applicable (Not Transported),Not Applicable (Not Transported),1,Dark - Unlighted,Clear,0,1,[],[],0,0,Valid,0.0,0.0,58.0,58.0,['Male'],0,0,3,3,4,Dry,Straight,Level,Lowest,No
8340,12,Florida,120845,1,1,1,0,1,NOT APPLICABLE,April,16,Sunday,20,45,Urban,High Speed (Arterial),Yes,26.65849444,-81.88305278,Non-Intersection,Dark - Not Lighted,Rain,Unknown,Unknown,Unknown EMS Scene Arrival Hour,Unknown EMS Scene Arrival Minutes,Not Applicable (Not Transported),Not Applicable (Not Transported),1,Dark - Unlighted,Rain/Wind/Minor,0,1,[],[],0,0,Valid,0.0,0.0,43.0,43.0,['Male'],0,0,3,3,4,Wet/Standing Water,Straight,Level,Lowest,No
8341,12,Florida,120846,0,1,1,0,1,PALM COAST,April,16,Sunday,18,50,Urban,High Speed (Arterial),Yes,29.55105556,-81.21610833,Non-Intersection,Dusk,Clear,Unknown,Unknown,Unknown EMS Scene Arrival Hour,Unknown EMS Scene Arrival Minutes,Unknown,Unknown EMS Hospital Arrival Time,1,Twilight,Clear,1,0,['Driver'],['Shoulder_Lapbelt'],1,1,Valid,0.0,1.0,40.0,40.0,['Male'],0,0,3,4,4,Dry,Curve,Level,Lowest,No
8342,12,Florida,120847,0,2,2,0,3,NOT APPLICABLE,April,16,Sunday,12,10,Urban,High Speed (Arterial),Yes,26.07323056,-81.71505278,Non-Intersection,Daylight,Clear,Unknown,Unknown,Unknown EMS Scene Arrival Hour,Unknown EMS Scene Arrival Minutes,Unknown,Unknown EMS Hospital Arrival Time,1,Daylight,Clear,1,2,['Driver'],['None_Used'],1,1,Invalid,0.0,0.0,75.0,22.0,"['Male', 'Male']",0,0,3,4,5,Dry,Straight,Level,Lowest,No
8343,12,Florida,120848,0,2,2,0,5,PLANTATION,April,9,Sunday,18,33,Urban,High Speed (Arterial),Yes,26.13593889,-80.20988333,Complex/Circle,Daylight,Cloudy,Unknown,Unknown,Unknown EMS Scene Arrival Hour,Unknown EMS Scene Arrival Minutes,Unknown,Unknown EMS Hospital Arrival Time,1,Daylight,Reduced Visibility,1,4,['Front_Passenger'],['None_Used'],0,0,Valid,0.0,0.0,36.0,21.0,"['Male', 'Female']",0,0,3,4,5,Wet/Standing Water,Straight,Level,Lowest,No
8344,12,Florida,120849,1,2,1,1,1,ORLANDO,April,17,Monday,2,25,Urban,High Speed (Arterial),Yes,28.51468889,-81.39036111,Non-Intersection,Dark - Lighted,Rain,Unknown,Unknown,Unknown EMS Scene Arrival Hour,Unknown EMS Scene Arrival Minutes,Unknown,Unknown EMS Hospital Arrival Time,1,Dark - Lighted,Rain/Wind/Minor,0,1,[],[],0,0,Invalid,0.0,1.0,19.0,19.0,['Male'],0,0,2,4,5,Wet/Standing Water,Curve,Grade/Hillcrest,Lowest,No
8345,12,Florida,120850,0,2,2,0,3,PALM COAST,April,18,Tuesday,2,30,Urban,High Speed (Arterial),Yes,29.55756944,-81.22127778,Non-Intersection,Dark - Not Lighted,Clear,Unknown,Unknown,Unknown EMS Scene Arrival Hour,Unknown EMS Scene Arrival Minutes,Unknown,Unknown EMS Hospital Arrival Time,1,Dark - Unlighted,Clear,1,2,['Driver'],['None_Used'],0,0,Valid,0.0,1.0,52.0,33.0,"['Male', 'Male']",0,0,3,4,5,Dry,Straight,Level,Lowest,No
8346,12,Florida,120851,0,1,1,0,1,JACKSONVILLE,April,9,Sunday,18,30,Urban,High Speed (Arterial),Yes,30.33149444,-81.67388889,Non-Intersection,Dark - Lighted,Rain,Unknown,Unknown,Unknown EMS Scene Arrival Hour,Unknown EMS Scene Arrival Minutes,Unknown,Unknown EMS Hospital Arrival Time,1,Dark - Lighted,Rain/Wind/Minor,1,0,['Driver'],['None_Used'],1,1,Valid,0.0,1.0,29.0,29.0,['Male'],0,0,2,4,2,Wet/Standing Water,Straight,Level,Lowest,No