,State_Code,State_Name,Crash_ID,Count_Non_Motorists,Count_Vehicles_Total,Count_Vehicle_Forms,Count_PVH_Involved,Count_Occupants_MV,City_Name,Month_Name,Day_of_Month,Day_of_Week,Crash_Hour,Crash_Minute,Area_Rural_Urban,Road_Functional_Class,On_NHS_Road,Latitude,Longitude,Intersection_Type,Light_Condition,Weather_Condition,Notif_Hour,Notif_Minute,Arrival_Hour,Arrival_Minute,Hospital_Hour,Hospital_Minute,Fatalities_Count,Clean_Light_Condition,Clean_Weather_Condition,Total_Killed,Total_Alive,Fatal_Seats_List,Killed_Restraint_List,Any_Driver_Drinking,Total_Drinking_Drivers,Driver_License_Category,Driver_Max_Prev_Accident_Count,Driver_Max_Prev_Speeding_Count,Max_Driver_Age,Min_Driver_Age,Driver_Sex_List,Total_Exceeding_Limit_Vehicles,Total_Too_Fast_Vehicles,Max_Vehicle_Type_Severity_5,Max_Vehicle_Damage_Rank,Max_Harmful_Event_Severity,Crash_Road_Surface_Condition,Crash_Horizontal_Alignment,Crash_Vertical_Profile,Crash_Impairment_Category,Crash_Vehicle_Defect
8347,12,Florida,120852,1,1,1,0,2,MIAMI GARDENS,March,7,Tuesday,22,43,Urban,Medium Speed (Collector),No,25.95489444,-80.26075833,Complex/Circle,Dark - Lighted,Cloudy,Unknown,Unknown,Unknown EMS Scene Arrival Hour,Unknown EMS Scene Arrival Minutes,Not Applicable (Not Transported),Not Applicable (Not Transported),1,Dark - Lighted,Reduced Visibility,0,2,[],[],0,0,Valid,0.0,0.0,39.0,39.0,['Female'],0,0,3,2,4,Dry,Straight,Level,Lowest,No
8348,12,Florida,120853,0,1,1,0,1,AVENTURA,April,11,Tuesday,22,50,Urban,High Speed (Arterial),Yes,25.93421667,-80.12175833,Non-Intersection,Dark - Lighted,Cloudy,Unknown,Unknown,Unknown EMS Scene Arrival Hour,Unknown EMS Scene Arrival Minutes,Not Applicable (Not Transported),Not Applicable (Not Transported),1,Dark - Lighted,Reduced Visibility,1,0,['Driver'],['None_Used'],0,0,Valid,0.0,0.0,29.0,29.0,['Male'],1,0,2,4,3,Wet/Standing Water,Straight,Grade/Hillcrest,Lowest,No
8349,12,Florida,120854,1,2,2,0,2,NOT APPLICABLE,April,6,Thursday,20,21,Urban,High Speed (Arterial),Yes,28.22182222,-82.17996111,Simple Junction,Dark - Not Lighted,Clear,Unknown,Unknown,Unknown EMS Scene Arrival Hour,Unknown EMS Scene Arrival Minutes,Unknown,Unknown EMS Hospital Arrival Time,1,Dark - Unlighted,Clear,0,2,[],[],0,0,Valid,0.0,0.0,75.0,16.0,"['Female', 'Male']",0,0,5,4,5,Dry,Straight,Level,Lowest,No
8350,12,Florida,120855,0,1,1,0,5,DAYTONA BEACH,April,1,Saturday,5,8,Urban,High Speed (Arterial),Yes,29.20585833,-81.03404167,Non-Intersection,Dark - Lighted,Clear,Unknown,Unknown,Unknown EMS Scene Arrival Hour,Unknown EMS Scene Arrival Minutes,Unknown,Unknown EMS Hospital Arrival Time,3,Dark - Lighted,Clear,3,2,"['Front_Passenger', 'Rear_Seat', 'Rear_Seat']","['Shoulder_Lapbelt', 'Shoulder_Lapbelt', 'Shoulder_Lapbelt']",0,0,Valid,0.0,0.0,19.0,19.0,['Male'],5,0,3,4,3,Dry,Straight,Level,Lowest,No
8351,12,Florida,120856,0,2,2,0,2,NOT APPLICABLE,April,12,Wednesday,20,5,Urban,Medium Speed (Collector),No,27.83018056,-82.67728333,Complex/Circle,Dark - Not Lighted,Clear,Unknown,Unknown,Unknown EMS Scene Arrival Hour,Unknown EMS Scene Arrival Minutes,Unknown,Unknown EMS Hospital Arrival Time,1,Dark - Unlighted,Clear,1,1,['Driver'],['None_Used'],0,0,Valid,0.0,0.0,65.0,34.0,"['Male', 'Male']",0,0,5,4,5,Dry,Straight,Level,Lowest,No
8352,12,Florida,120857,0,1,1,0,1,NEW SMYRNA BEACH,April,1,Saturday,11,10,Urban,Medium Speed (Collector),No,28.99417222,-80.96664722,Non-Intersection,Daylight,Clear,Unknown,Unknown,Unknown EMS Scene Arrival Hour,Unknown EMS Scene Arrival Minutes,Unknown,Unknown EMS Hospital Arrival Time,1,Daylight,Clear,1,0,['Driver'],['None_Used'],0,0,Valid,0.0,0.0,78.0,78.0,['Male'],1,0,5,4,3,Dry,Curve,Level,Lowest,No
8353,12,Florida,120858,0,2,2,0,5,NOT APPLICABLE,April,14,Friday,18,43,Urban,Medium Speed (Collector),No,28.31425833,-81.59060833,Non-Intersection,Daylight,Clear,Unknown,Unknown,Unknown EMS Scene Arrival Hour,Unknown EMS Scene Arrival Minutes,Not Applicable (Not Transported),Not Applicable (Not Transported),1,Daylight,Clear,1,4,['Driver'],['None_Used'],0,0,Valid,0.0,0.0,48.0,19.0,"['Male', 'Male']",0,0,5,4,5,Dry,Straight,Non-Trafficway,Lowest,No
8354,12,Florida,120859,0,2,2,0,2,NORTH MIAMI,March,22,Wednesday,15,6,Urban,Medium Speed (Collector),No,25.89991667,-80.174725,Complex/Circle,Daylight,Clear,Unknown,Unknown,Unknown EMS Scene Arrival Hour,Unknown EMS Scene Arrival Minutes,Unknown,Unknown EMS Hospital Arrival Time,1,Daylight,Clear,1,1,['Driver'],['None_Used'],0,0,Valid,1.0,0.0,50.0,35.0,"['Male', 'Male']",0,0,5,4,5,Dry,Straight,Level,Lowest,No
8355,12,Florida,120860,1,1,1,0,3,TAMPA,April,1,Saturday,0,59,Urban,High Speed (Arterial),Yes,27.93064722,-82.42789444,Non-Intersection,Dark - Lighted,Clear,Unknown,Unknown,Unknown EMS Scene Arrival Hour,Unknown EMS Scene Arrival Minutes,Not Applicable (Not Transported),Not Applicable (Not Transported),1,Dark - Lighted,Clear,0,3,[],[],0,0,Valid,0.0,0.0,32.0,32.0,['Female'],0,0,3,4,4,Dry,Straight,Level,Lowest,No
8356,12,Florida,120861,0,2,2,0,3,ORLANDO,April,16,Sunday,3,20,Urban,High Speed (Arterial),No,28.43115,-81.30514722,Non-Intersection,Dark - Lighted,Clear,Unknown,Unknown,Unknown EMS Scene Arrival Hour,Unknown EMS Scene Arrival Minutes,Unknown,Unknown EMS Hospital Arrival Time,1,Dark - Lighted,Clear,1,2,['Driver'],['Shoulder_Lapbelt'],0,0,Invalid,0.0,0.0,46.0,34.0,"['Male', 'Male']",0,0,3,4,5,Dry,Curve,Level,Lowest,No
8357,12,Florida,120862,0,2,2,0,5,NOT APPLICABLE,April,15,Saturday,19,10,Urban,High Speed (Arterial),Yes,27.11093611,-82.34269722,Non-Intersection,Daylight,Clear,Unknown,Unknown,Unknown EMS Scene Arrival Hour,Unknown EMS Scene Arrival Minutes,Unknown,Unknown EMS Hospital Arrival Time,2,Daylight,Clear,2,3,"['Rear_Seat', 'Rear_Seat']","['None_Used', 'None_Used']",1,1,Valid,0.0,0.0,63.0,59.0,"['Male', 'Female']",0,0,3,4,5,Dry,Straight,Level,Lowest,No
8358,12,Florida,120863,0,2,2,0,2,TAMARAC,April,16,Sunday,3,34,Urban,High Speed (Arterial),Yes,26.19376111,-80.22374444,Complex/Circle,Dark - Lighted,Clear,Unknown,Unknown,Unknown EMS Scene Arrival Hour,Unknown EMS Scene Arrival Minutes,Not Applicable (Not Transported),Not Applicable (Not Transported),1,Dark - Lighted,Clear,1,1,['Driver'],['Shoulder_Lapbelt'],0,0,Invalid,0.0,0.0,33.0,27.0,"['Male', 'Male']",0,0,4,4,5,Dry,Straight,Level,Lowest,No
8359,12,Florida,120864,0,1,1,0,1,NOT APPLICABLE,April,17,Monday,1,49,Urban,Medium Speed (Collector),No,30.64489167,-87.31723056,Non-Intersection,Dark - Not Lighted,Clear,Unknown,Unknown,Unknown EMS Scene Arrival Hour,Unknown EMS Scene Arrival Minutes,Not Applicable (Not Transported),Not Applicable (Not Transported),1,Dark - Unlighted,Clear,1,0,['Driver'],['None_Used'],0,0,Valid,0.0,1.0,70.0,70.0,['Male'],1,0,2,4,2,Dry,Curve,Grade/Hillcrest,Lowest,No
8360,12,Florida,120865,0,1,1,0,1,NOT APPLICABLE,April,15,Saturday,17,50,Rural,High Speed (Arterial),Yes,26.15425833,-81.38688611,Non-Intersection,Daylight,Cloudy,Unknown,Unknown,Unknown EMS Scene Arrival Hour,Unknown EMS Scene Arrival Minutes,Unknown,Unknown EMS Hospital Arrival Time,1,Daylight,Reduced Visibility,1,0,['Driver'],['None_Used'],0,0,Valid,0.0,0.0,42.0,42.0,['Male'],0,0,5,4,2,Wet/Standing Water,Straight,Level,Lowest,No
8361,12,Florida,120866,0,2,2,0,2,EUSTIS,April,1,Saturday,20,24,Urban,High Speed (Arterial),Yes,28.82181944,-81.70772222,Non-Intersection,Dark - Lighted,Clear,Unknown,Unknown,Unknown EMS Scene Arrival Hour,Unknown EMS Scene Arrival Minutes,Unknown,Unknown EMS Hospital Arrival Time,1,Dark - Lighted,Clear,1,1,['Driver'],['None_Used'],0,0,Valid,0.0,1.0,78.0,33.0,"['Male', 'Male']",1,0,3,4,5,Dry,Straight,Level,Lowest,No
8362,12,Florida,120867,1,1,1,0,1,NOT APPLICABLE,April,16,Sunday,4,15,Urban,High Speed (Arterial),Yes,30.38289722,-84.28901389,Non-Intersection,Dark - Not Lighted,Cloudy,Unknown,Unknown,Unknown EMS Scene Arrival Hour,Unknown EMS Scene Arrival Minutes,Not Applicable (Not Transported),Not Applicable (Not Transported),1,Dark - Unlighted,Reduced Visibility,0,1,[],[],0,0,Invalid,0.0,1.0,33.0,33.0,['Male'],0,0,3,2,4,Dry,Straight,Grade/Hillcrest,Lowest,No
8363,12,Florida,120868,0,1,1,0,1,NOT APPLICABLE,April,18,Tuesday,18,25,Rural,Medium Speed (Collector),No,30.42097778,-83.09291389,Simple Junction,Daylight,Clear,Unknown,Unknown,Unknown EMS Scene Arrival Hour,Unknown EMS Scene Arrival Minutes,Not Applicable (Not Transported),Not Applicable (Not Transported),1,Daylight,Clear,1,0,['Driver'],['None_Used'],0,0,Invalid,0.0,0.0,41.0,41.0,['Male'],1,0,5,4,3,Dry,Curve,Grade/Hillcrest,Lowest,No
8364,12,Florida,120869,2,3,1,2,2,CALLAWAY,April,14,Friday,11,46,Urban,Medium Speed (Collector),No,30.14831389,-85.59953056,Non-Intersection,Daylight,Clear,Unknown,Unknown,Unknown EMS Scene Arrival Hour,Unknown EMS Scene Arrival Minutes,Unknown,Unknown EMS Hospital Arrival Time,1,Daylight,Clear,0,2,[],[],1,1,Valid,0.0,0.0,46.0,46.0,['Male'],2,0,2,4,5,Dry,Straight,Level,Lowest,No
8365,12,Florida,120870,0,1,1,0,2,NOT APPLICABLE,April,19,Wednesday,11,44,Rural,Low Speed (Local),No,28.86070278,-82.37093611,Non-Intersection,Daylight,Clear,11:00am-11:59am,44,11:00am-11:59am,53,Unknown,Unknown EMS Hospital Arrival Time,1,Daylight,Clear,1,1,['Driver'],['None_Used'],0,0,Invalid,0.0,0.0,36.0,36.0,['Female'],0,0,3,4,3,Dry,Curve,Level,Lowest,No
8366,12,Florida,120871,1,2,2,0,6,COTTONDALE,April,16,Sunday,19,55,Rural,High Speed (Arterial),Yes,30.80711111,-85.37669444,Non-Intersection,Dark - Lighted,Clear,Unknown,Unknown,Unknown EMS Scene Arrival Hour,Unknown EMS Scene Arrival Minutes,Not Applicable (Not Transported),Not Applicable (Not Transported),1,Dark - Lighted,Clear,0,6,[],[],0,0,Valid,0.0,2.0,25.0,25.0,"['Female', 'Male']",0,0,2,3,4,Dry,Straight,Level,Lowest,No
8367,12,Florida,120872,0,1,1,0,1,NOT APPLICABLE,April,20,Thursday,0,14,Rural,Medium Speed (Collector),No,28.884825,-82.11995,Non-Intersection,Dark - Unknown Lighting,Clear,Unknown,Unknown,Unknown EMS Scene Arrival Hour,Unknown EMS Scene Arrival Minutes,Not Applicable (Not Transported),Not Applicable (Not Transported),1,Dark - Unlighted,Clear,1,0,['Driver'],['None_Used'],0,0,Valid,1.0,0.0,66.0,66.0,['Male'],0,0,3,4,3,Dry,Straight,Level,Lowest,No
8368,12,Florida,120873,1,2,1,1,1,NOT APPLICABLE,April,20,Thursday,4,15,Urban,High Speed (Arterial),Yes,29.77582778,-84.78814722,Non-Intersection,Dark - Not Lighted,Clear,Unknown,Unknown,Unknown EMS Scene Arrival Hour,Unknown EMS Scene Arrival Minutes,Unknown,Unknown EMS Hospital Arrival Time,1,Dark - Unlighted,Clear,1,0,['Driver'],['Lapbelt_Only'],0,0,Valid,0.0,0.0,53.0,53.0,['Female'],0,0,2,4,5,Dry,Curve,Level,Lowest,No
8369,12,Florida,120874,0,2,2,0,2,JACKSONVILLE,April,20,Thursday,20,57,Urban,Low Speed (Local),No,30.29738333,-81.74334167,Non-Intersection,Daylight,Clear,Unknown,Unknown,Unknown EMS Scene Arrival Hour,Unknown EMS Scene Arrival Minutes,Unknown,Unknown EMS Hospital Arrival Time,1,Daylight,Clear,1,1,['Driver'],['None_Used'],1,1,Valid,0.0,3.0,60.0,60.0,"['Male', 'Male']",0,0,5,4,5,Dry,Straight,Level,Lowest,No
8370,12,Florida,120875,0,2,2,0,3,WINTER SPRINGS,April,16,Sunday,14,55,Urban,High Speed (Arterial),Yes,28.69784722,-81.32165833,Complex/Circle,Daylight,Clear,Unknown,Unknown,Unknown EMS Scene Arrival Hour,Unknown EMS Scene Arrival Minutes,Unknown,Unknown EMS Hospital Arrival Time,1,Daylight,Clear,1,2,['Driver'],['None_Used'],0,0,Valid,1.0,0.0,47.0,20.0,"['Male', 'Male']",0,0,5,4,5,Dry,Straight,Level,Lowest,No
8371,12,Florida,120876,1,1,1,0,1,NOT APPLICABLE,April,21,Friday,21,31,Urban,Medium Speed (Collector),No,28.28933056,-81.35362222,Non-Intersection,Dark - Not Lighted,Clear,Unknown,Unknown,Unknown EMS Scene Arrival Hour,Unknown EMS Scene Arrival Minutes,Not Applicable (Not Transported),Not Applicable (Not Transported),1,Dark - Unlighted,Clear,0,1,[],[],0,0,Invalid,0.0,0.0,998.0,998.0,['Other'],0,0,1,0,4,Dry,Straight,Level,Lowest,No
8372,12,Florida,120877,0,2,2,0,2,PINELLAS PARK,April,16,Sunday,22,7,Urban,High Speed (Arterial),Yes,27.84654444,-82.68906944,Complex/Circle,Dark - Lighted,Rain,Unknown,Unknown,Unknown EMS Scene Arrival Hour,Unknown EMS Scene Arrival Minutes,Unknown,Unknown EMS Hospital Arrival Time,1,Dark - Lighted,Rain/Wind/Minor,1,1,['Driver'],['None_Used'],0,0,Valid,0.0,0.0,67.0,22.0,"['Female', 'Male']",0,0,5,4,5,Wet/Standing Water,Straight,Level,Lowest,No
8373,12,Florida,120878,0,2,2,0,2,NOT APPLICABLE,April,14,Friday,6,58,Rural,Medium Speed (Collector),No,29.95468889,-82.71298611,Complex/Circle,Dawn,"Fog, Smog, Smoke",Unknown,Unknown,Unknown EMS Scene Arrival Hour,Unknown EMS Scene Arrival Minutes,Not Applicable (Not Transported),Not Applicable (Not Transported),1,Twilight,Reduced Visibility,1,1,['Driver'],['Shoulder_Lapbelt'],0,0,Valid,0.0,0.0,29.0,16.0,"['Female', 'Male']",0,0,3,4,5,Dry,Straight,Level,Lowest,No
8374,12,Florida,120879,0,2,2,0,2,DELRAY BEACH,April,18,Tuesday,11,5,Urban,High Speed (Arterial),Yes,26.45634444,-80.08986389,Non-Intersection,Daylight,Clear,Unknown,Unknown,Unknown EMS Scene Arrival Hour,Unknown EMS Scene Arrival Minutes,Unknown,Unknown EMS Hospital Arrival Time,1,Daylight,Clear,1,1,['Driver'],['None_Used'],0,0,Valid,1.0,0.0,51.0,25.0,"['Male', 'Female']",0,0,3,4,5,Dry,Straight,Level,Lowest,No
8375,12,Florida,120880,0,2,2,0,4,NOT APPLICABLE,April,15,Saturday,14,40,Rural,High Speed (Arterial),Yes,27.38558889,-82.246025,Non-Intersection,Daylight,Clear,Unknown,Unknown,Unknown EMS Scene Arrival Hour,Unknown EMS Scene Arrival Minutes,Unknown,Unknown EMS Hospital Arrival Time,1,Daylight,Clear,1,3,['Driver'],['Shoulder_Lapbelt'],0,0,Valid,0.0,1.0,80.0,57.0,"['Male', 'Male']",0,0,3,4,5,Dry,Straight,Level,Lowest,No
8376,12,Florida,120881,1,2,2,0,2,NOT APPLICABLE,April,6,Thursday,14,58,Urban,Medium Speed (Collector),No,27.53584722,-82.49174167,Non-Intersection,Daylight,Clear,Unknown,Unknown,Unknown EMS Scene Arrival Hour,Unknown EMS Scene Arrival Minutes,Unknown,Unknown EMS Hospital Arrival Time,1,Daylight,Clear,0,2,[],[],0,0,Valid,0.0,0.0,67.0,49.0,"['Female', 'Male']",0,0,3,3,5,Dry,Straight,Non-Trafficway,Lowest,No
8377,12,Florida,120882,1,1,1,0,1,NOT APPLICABLE,April,20,Thursday,21,19,Urban,Medium Speed (Collector),No,28.08798056,-82.45730278,Non-Intersection,Dark - Lighted,Clear,Unknown,Unknown,Unknown EMS Scene Arrival Hour,Unknown EMS Scene Arrival Minutes,Unknown,Unknown EMS Hospital Arrival Time,1,Dark - Lighted,Clear,0,1,[],[],0,0,Valid,0.0,0.0,36.0,36.0,['Female'],0,0,3,3,4,Dry,Straight,Level,Lowest,No
8378,12,Florida,120883,0,1,1,0,3,NOT APPLICABLE,April,21,Friday,9,4,Rural,Medium Speed (Collector),No,30.52183889,-84.44949444,Non-Intersection,Daylight,Clear,Unknown,Unknown,Unknown EMS Scene Arrival Hour,Unknown EMS Scene Arrival Minutes,Unknown,Unknown EMS Hospital Arrival Time,1,Daylight,Clear,1,2,['Rear_Seat'],['None_Used'],0,0,Invalid,0.0,0.0,19.0,19.0,['Female'],0,0,2,4,3,Dry,Straight,Grade/Hillcrest,Lowest,Yes
8379,12,Florida,120884,1,1,1,0,2,Other,April,6,Thursday,21,40,Urban,Low Speed (Local),No,25.46465556,-80.48746667,Non-Intersection,Dark - Lighted,Clear,Unknown,Unknown,Unknown EMS Scene Arrival Hour,Unknown EMS Scene Arrival Minutes,Unknown,Unknown EMS Hospital Arrival Time,1,Dark - Lighted,Clear,0,2,[],[],0,0,Invalid,0.0,0.0,25.0,25.0,['Female'],0,0,3,2,4,Dry,Straight,Level,Lowest,No
8380,12,Florida,120885,1,1,1,0,1,NOT APPLICABLE,April,14,Friday,22,25,Urban,Medium Speed (Collector),No,28.80374444,-82.57275833,Non-Intersection,Dark - Not Lighted,Clear,Unknown,Unknown,Unknown EMS Scene Arrival Hour,Unknown EMS Scene Arrival Minutes,Unknown,Unknown EMS Hospital Arrival Time,1,Dark - Unlighted,Clear,0,1,[],[],0,0,Invalid,0.0,0.0,999.0,999.0,['Other'],0,0,1,0,4,Dry,Straight,Level,Lowest,No
8381,12,Florida,120886,0,2,2,0,2,JACKSONVILLE,April,18,Tuesday,23,0,Urban,High Speed (Arterial),Yes,30.31392778,-81.59939167,Complex/Circle,Dark - Lighted,Clear,Unknown,Unknown,Unknown EMS Scene Arrival Hour,Unknown EMS Scene Arrival Minutes,Unknown,Unknown EMS Hospital Arrival Time,1,Dark - Lighted,Clear,1,1,['Driver'],['None_Used'],0,0,Valid,1.0,0.0,42.0,20.0,"['Male', 'Female']",1,0,5,4,5,Dry,Straight,Level,Lowest,No
8382,12,Florida,120887,0,1,1,0,1,EUSTIS,April,13,Thursday,23,30,Urban,Medium Speed (Collector),No,28.82700278,-81.6854,Non-Intersection,Dark - Lighted,Clear,Unknown,Unknown,Unknown EMS Scene Arrival Hour,Unknown EMS Scene Arrival Minutes,Unknown,Unknown EMS Hospital Arrival Time,1,Dark - Lighted,Clear,1,0,['Driver'],['None_Used'],1,1,Valid,0.0,0.0,44.0,44.0,['Male'],1,0,5,4,2,Dry,Straight,Level,Lowest,No
8383,12,Florida,120888,0,2,2,0,2,NOT APPLICABLE,April,19,Wednesday,15,57,Rural,Medium Speed (Collector),No,30.4723,-83.33529722,Non-Intersection,Daylight,Clear,Unknown,Unknown,Unknown EMS Scene Arrival Hour,Unknown EMS Scene Arrival Minutes,Unknown,Unknown EMS Hospital Arrival Time,1,Daylight,Clear,1,1,['Driver'],['Shoulder_Lapbelt'],0,0,Valid,0.0,0.0,79.0,16.0,"['Male', 'Female']",0,0,3,4,5,Dry,Straight,Grade/Hillcrest,Lowest,No
8384,12,Florida,120889,1,1,1,0,1,NOT APPLICABLE,March,28,Tuesday,20,40,Urban,High Speed (Arterial),Yes,29.63436111,-82.27060556,Non-Intersection,Dark - Lighted,Cloudy,Unknown,Unknown,Unknown EMS Scene Arrival Hour,Unknown EMS Scene Arrival Minutes,Unknown,Unknown EMS Hospital Arrival Time,1,Dark - Lighted,Reduced Visibility,0,1,[],[],0,0,Valid,0.0,0.0,28.0,28.0,['Female'],0,0,3,2,4,Wet/Standing Water,Straight,Level,Lowest,No
8385,12,Florida,120890,0,2,2,0,3,NOT APPLICABLE,March,31,Friday,21,39,Rural,Low Speed (Local),No,29.96955278,-85.09155,Non-Intersection,Dark - Not Lighted,Clear,Unknown,Unknown,Unknown EMS Scene Arrival Hour,Unknown EMS Scene Arrival Minutes,Not Applicable (Not Transported),Not Applicable (Not Transported),1,Dark - Unlighted,Clear,1,2,['Driver'],['None_Used'],0,0,Invalid,1.0,1.0,37.0,33.0,"['Male', 'Female']",0,0,3,4,5,Dry,Curve,Level,Lowest,No
8386,12,Florida,120891,0,3,3,0,4,NOT APPLICABLE,April,20,Thursday,6,25,Rural,Medium Speed (Collector),No,30.07379444,-81.335075,Non-Intersection,Dark - Not Lighted,Clear,Unknown,Unknown,Unknown EMS Scene Arrival Hour,Unknown EMS Scene Arrival Minutes,Unknown,Unknown EMS Hospital Arrival Time,2,Dark - Unlighted,Clear,2,2,"['Driver', 'Front_Passenger']","['Shoulder_Lapbelt', 'Shoulder_Lapbelt']",1,1,Valid,0.0,0.0,57.0,28.0,"['Male', 'Male', 'Female']",0,0,3,4,5,Dry,Straight,Level,Lowest,No
8387,12,Florida,120892,0,2,2,0,5,NOT APPLICABLE,April,3,Monday,17,39,Urban,Medium Speed (Collector),No,26.62082222,-81.75794722,Simple Junction,Daylight,Clear,Unknown,Unknown,Unknown EMS Scene Arrival Hour,Unknown EMS Scene Arrival Minutes,Unknown,Unknown EMS Hospital Arrival Time,1,Daylight,Clear,1,4,['Driver'],['Shoulder_Lapbelt'],1,1,Valid,0.0,0.0,60.0,47.0,"['Male', 'Female']",1,0,3,4,5,Dry,Straight,Level,Lowest,No
8388,12,Florida,120893,0,1,1,0,2,NOT APPLICABLE,April,16,Sunday,18,12,Urban,High Speed (Arterial),Yes,25.78235556,-80.33892222,Non-Intersection,Daylight,Clear,Unknown,Unknown,Unknown EMS Scene Arrival Hour,Unknown EMS Scene Arrival Minutes,Unknown,Unknown EMS Hospital Arrival Time,1,Daylight,Clear,1,1,['Driver'],['None_Used'],1,1,Valid,0.0,0.0,45.0,45.0,['Male'],0,0,5,4,3,Dry,Curve,Grade/Hillcrest,Lowest,No
8389,12,Florida,120894,1,1,1,0,1,JACKSONVILLE,April,20,Thursday,23,31,Urban,Medium Speed (Collector),No,30.31750556,-81.48944167,Non-Intersection,Dark - Lighted,Clear,Unknown,Unknown,Unknown EMS Scene Arrival Hour,Unknown EMS Scene Arrival Minutes,Unknown,Unknown EMS Hospital Arrival Time,1,Dark - Lighted,Clear,0,1,[],[],0,0,Valid,0.0,0.0,72.0,72.0,['Male'],0,0,3,4,4,Dry,Straight,Level,Lowest,No
8390,12,Florida,120896,0,3,3,0,12,NOT APPLICABLE,April,8,Saturday,22,21,Urban,Medium Speed (Collector),No,25.97300278,-81.70653333,Non-Intersection,Dark - Not Lighted,Clear,Unknown,Unknown,Unknown EMS Scene Arrival Hour,Unknown EMS Scene Arrival Minutes,Unknown,Unknown EMS Hospital Arrival Time,1,Dark - Unlighted,Clear,1,11,['Rear_Seat'],['None_Used'],0,0,Valid,1.0,2.0,74.0,41.0,"['Male', 'Male', 'Male']",0,0,5,4,5,Dry,Straight,Level,Lowest,No
8391,12,Florida,120897,1,1,1,0,1,KENDALL,April,21,Friday,20,15,Urban,High Speed (Arterial),Yes,25.68654722,-80.37584167,Non-Intersection,Dark - Not Lighted,Clear,Unknown,Unknown,Unknown EMS Scene Arrival Hour,Unknown EMS Scene Arrival Minutes,Unknown,Unknown EMS Hospital Arrival Time,1,Dark - Unlighted,Clear,0,1,[],[],0,0,Invalid,0.0,0.0,46.0,46.0,['Female'],0,0,2,3,4,Dry,Straight,Level,Lowest,No
8392,12,Florida,120898,0,2,2,0,2,JACKSONVILLE,April,1,Saturday,2,58,Urban,High Speed (Arterial),Yes,30.15223611,-81.54754722,Non-Intersection,Dark - Not Lighted,Clear,Unknown,Unknown,Unknown EMS Scene Arrival Hour,Unknown EMS Scene Arrival Minutes,Not Applicable (Not Transported),Not Applicable (Not Transported),1,Dark - Unlighted,Clear,1,1,['Driver'],['None_Used'],1,1,Valid,0.0,0.0,53.0,30.0,"['Male', 'Male']",0,0,3,4,5,Dry,Straight,Level,Lowest,No
8393,12,Florida,120899,0,1,1,0,2,JACKSONVILLE,April,2,Sunday,5,30,Urban,Low Speed (Local),No,30.308575,-81.57198333,Non-Intersection,Dark - Not Lighted,Clear,Unknown,Unknown,Unknown EMS Scene Arrival Hour,Unknown EMS Scene Arrival Minutes,Unknown,Unknown EMS Hospital Arrival Time,1,Dark - Unlighted,Clear,1,1,['Driver'],['None_Used'],1,1,Valid,0.0,1.0,25.0,25.0,['Male'],0,0,2,4,3,Dry,Curve,Level,Lowest,No
8394,12,Florida,120900,0,3,3,0,4,GAINESVILLE,April,2,Sunday,8,18,Urban,High Speed (Arterial),Yes,29.64175833,-82.33949167,Complex/Circle,Daylight,Clear,Unknown,Unknown,Unknown EMS Scene Arrival Hour,Unknown EMS Scene Arrival Minutes,Unknown,Unknown EMS Hospital Arrival Time,1,Daylight,Clear,1,3,['Driver'],['None_Used'],0,0,Valid,0.0,0.0,71.0,36.0,"['Male', 'Female', 'Male']",0,0,3,4,5,Dry,Straight,Level,Lowest,No
8395,12,Florida,120901,1,1,1,0,1,DAVIE,March,24,Friday,12,15,Urban,Medium Speed (Collector),No,26.14980833,-80.26775556,Non-Intersection,Daylight,Clear,Unknown,Unknown,Unknown EMS Scene Arrival Hour,Unknown EMS Scene Arrival Minutes,Not Applicable (Not Transported),Not Applicable (Not Transported),1,Daylight,Clear,0,1,[],[],0,0,Valid,0.0,0.0,28.0,28.0,['Male'],0,0,3,3,4,Dry,Straight,Level,Lowest,No
8396,12,Florida,120902,0,2,2,0,2,NOT APPLICABLE,March,25,Saturday,19,17,Urban,High Speed (Arterial),Yes,28.1071,-81.66295278,Non-Intersection,Daylight,Clear,Unknown,Unknown,Unknown EMS Scene Arrival Hour,Unknown EMS Scene Arrival Minutes,Unknown,Unknown EMS Hospital Arrival Time,1,Daylight,Clear,1,1,['Driver'],['None_Used'],0,0,Valid,0.0,0.0,66.0,45.0,"['Male', 'Male']",0,0,5,4,5,Dry,Straight,Level,Lowest,No
8397,12,Florida,120903,0,2,2,0,3,HAVANA,March,30,Thursday,21,10,Rural,Medium Speed (Collector),No,30.66947778,-84.36908333,Non-Intersection,Dark - Not Lighted,Clear,Unknown,Unknown,Unknown EMS Scene Arrival Hour,Unknown EMS Scene Arrival Minutes,Unknown,Unknown EMS Hospital Arrival Time,1,Dark - Unlighted,Clear,1,2,['Front_Passenger'],['None_Used'],0,0,Valid,0.0,1.0,51.0,39.0,"['Male', 'Female']",0,0,3,4,5,Dry,Straight,Level,Lowest,No