,State_Code,State_Name,Crash_ID,Count_Non_Motorists,Count_Vehicles_Total,Count_Vehicle_Forms,Count_PVH_Involved,Count_Occupants_MV,City_Name,Month_Name,Day_of_Month,Day_of_Week,Crash_Hour,Crash_Minute,Area_Rural_Urban,Road_Functional_Class,On_NHS_Road,Latitude,Longitude,Intersection_Type,Light_Condition,Weather_Condition,Notif_Hour,Notif_Minute,Arrival_Hour,Arrival_Minute,Hospital_Hour,Hospital_Minute,Fatalities_Count,Clean_Light_Condition,Clean_Weather_Condition,Total_Killed,Total_Alive,Fatal_Seats_List,Killed_Restraint_List,Any_Driver_Drinking,Total_Drinking_Drivers,Driver_License_Category,Driver_Max_Prev_Accident_Count,Driver_Max_Prev_Speeding_Count,Max_Driver_Age,Min_Driver_Age,Driver_Sex_List,Total_Exceeding_Limit_Vehicles,Total_Too_Fast_Vehicles,Max_Vehicle_Type_Severity_5,Max_Vehicle_Damage_Rank,Max_Harmful_Event_Severity,Crash_Road_Surface_Condition,Crash_Horizontal_Alignment,Crash_Vertical_Profile,Crash_Impairment_Category,Crash_Vehicle_Defect
8398,12,Florida,120904,1,1,1,0,2,NOT APPLICABLE,March,21,Tuesday,21,0,Urban,High Speed (Arterial),Yes,28.3314,-82.69915,Complex/Circle,Dark - Lighted,Clear,9:00pm-9:59pm,1,9:00pm-9:59pm,9,Unknown,Unknown EMS Hospital Arrival Time,1,Dark - Lighted,Clear,0,2,[],[],0,0,Valid,0.0,0.0,46.0,46.0,['Male'],0,0,3,3,4,Dry,Straight,Level,Lowest,No
8399,12,Florida,120905,0,3,3,0,5,NOT APPLICABLE,April,1,Saturday,2,0,Urban,High Speed (Arterial),Yes,26.70723333,-80.124925,Non-Intersection,Dark - Lighted,Cloudy,Unknown,Unknown,Unknown EMS Scene Arrival Hour,Unknown EMS Scene Arrival Minutes,Not Applicable (Not Transported),Not Applicable (Not Transported),1,Dark - Lighted,Reduced Visibility,1,4,['Driver'],['None_Used'],1,1,Invalid,1.0,0.0,46.0,29.0,"['Male', 'Male', 'Male']",0,0,5,4,5,Dry,Straight,Level,Lowest,No
8400,12,Florida,120906,0,2,2,0,3,NOT APPLICABLE,April,3,Monday,7,39,Rural,Medium Speed (Collector),No,29.41044167,-82.22146389,Non-Intersection,Daylight,Clear,Unknown,Unknown,Unknown EMS Scene Arrival Hour,Unknown EMS Scene Arrival Minutes,Unknown,Unknown EMS Hospital Arrival Time,1,Daylight,Clear,1,2,['Driver'],['None_Used'],0,0,Valid,0.0,0.0,45.0,44.0,"['Female', 'Female']",0,0,3,4,5,Dry,Straight,Level,Lowest,No
8401,12,Florida,120907,0,3,3,0,3,Not Reported,March,27,Monday,7,37,Urban,High Speed (Arterial),Yes,25.86919444,-80.20998056,Complex/Circle,Daylight,Clear,Unknown,Unknown,Unknown EMS Scene Arrival Hour,Unknown EMS Scene Arrival Minutes,Not Applicable (Not Transported),Not Applicable (Not Transported),1,Daylight,Clear,1,2,['Driver'],['None_Used'],0,0,Valid,0.0,0.0,59.0,48.0,"['Female', 'Male', 'Female']",0,0,5,4,5,Dry,Straight,Level,Lowest,No
8402,12,Florida,120908,1,1,1,0,1,WEST PALM BEACH,April,1,Saturday,22,30,Urban,Medium Speed (Collector),No,26.75727778,-80.05573611,Non-Intersection,Dark - Lighted,Clear,Unknown,Unknown,Unknown EMS Scene Arrival Hour,Unknown EMS Scene Arrival Minutes,Unknown,Unknown EMS Hospital Arrival Time,1,Dark - Lighted,Clear,0,0,[],[],0,0,Invalid,0.0,0.0,998.0,998.0,['Other'],0,0,3,0,4,Dry,Straight,Level,Lowest,No
8403,12,Florida,120909,0,1,1,0,1,NOT APPLICABLE,April,2,Sunday,0,0,Rural,High Speed (Arterial),Yes,29.17939722,-81.88398056,Non-Intersection,Dark - Not Lighted,Clear,Unknown,Unknown,Unknown EMS Scene Arrival Hour,Unknown EMS Scene Arrival Minutes,Unknown,Unknown EMS Hospital Arrival Time,1,Dark - Unlighted,Clear,1,0,['Driver'],['None_Used'],0,0,Valid,0.0,1.0,45.0,45.0,['Male'],0,0,5,4,3,Dry,Straight,Grade/Hillcrest,Lowest,No
8404,12,Florida,120910,0,2,2,0,2,NOT APPLICABLE,April,3,Monday,16,14,Rural,High Speed (Arterial),Yes,27.33408333,-81.38463333,Simple Junction,Daylight,Clear,Unknown,Unknown,Unknown EMS Scene Arrival Hour,Unknown EMS Scene Arrival Minutes,Not Applicable (Not Transported),Not Applicable (Not Transported),1,Daylight,Clear,1,1,['Driver'],['None_Used'],0,0,Valid,0.0,0.0,56.0,43.0,"['Male', 'Male']",0,0,5,4,5,Dry,Straight,Level,Lowest,No
8405,12,Florida,120911,2,1,1,0,1,WEST PALM BEACH,April,3,Monday,6,9,Urban,Medium Speed (Collector),No,26.73584167,-80.0917,Non-Intersection,Dark - Lighted,Clear,Unknown,Unknown,Unknown EMS Scene Arrival Hour,Unknown EMS Scene Arrival Minutes,Unknown,Unknown EMS Hospital Arrival Time,1,Dark - Lighted,Clear,0,1,[],[],0,0,Valid,0.0,1.0,67.0,67.0,['Female'],0,0,3,4,4,Dry,Straight,Level,Lowest,No
8406,12,Florida,120912,1,1,1,0,1,TARPON SPRINGS,March,28,Tuesday,4,55,Urban,High Speed (Arterial),Yes,28.12311944,-82.73995,Complex/Circle,Dark - Lighted,"Fog, Smog, Smoke",Unknown,Unknown,Unknown EMS Scene Arrival Hour,Unknown EMS Scene Arrival Minutes,Not Applicable (Not Transported),Not Applicable (Not Transported),1,Dark - Lighted,Reduced Visibility,0,1,[],[],0,0,Invalid,0.0,0.0,999.0,999.0,['Other'],0,0,1,0,4,Dry,Straight,Level,Lowest,No
8407,12,Florida,120913,0,1,1,0,1,NOT APPLICABLE,March,31,Friday,21,10,Rural,Medium Speed (Collector),No,29.00135556,-82.76168611,Non-Intersection,Dark - Not Lighted,Clear,Unknown,Unknown,Unknown EMS Scene Arrival Hour,Unknown EMS Scene Arrival Minutes,Unknown,Unknown EMS Hospital Arrival Time,1,Dark - Unlighted,Clear,1,0,['Driver'],['Shoulder_Lapbelt'],1,1,Valid,1.0,0.0,51.0,51.0,['Male'],0,0,2,4,4,Dry,Straight,Level,Lowest,No
8408,12,Florida,120914,0,2,2,0,4,WEST PALM BEACH,April,3,Monday,14,14,Urban,Medium Speed (Collector),Yes,26.76397222,-80.08760833,Complex/Circle,Daylight,Cloudy,Unknown,Unknown,Unknown EMS Scene Arrival Hour,Unknown EMS Scene Arrival Minutes,Unknown,Unknown EMS Hospital Arrival Time,1,Daylight,Reduced Visibility,1,3,['Front_Passenger'],['Shoulder_Lapbelt'],0,0,Valid,0.0,0.0,66.0,20.0,"['Male', 'Male']",0,0,4,4,5,Dry,Curve,Level,Lowest,No
8409,12,Florida,120915,0,2,2,0,2,LAUDERDALE LAKES,March,25,Saturday,3,20,Urban,High Speed (Arterial),Yes,26.26553611,-80.20156944,Complex/Circle,Dark - Lighted,Clear,Unknown,Unknown,Unknown EMS Scene Arrival Hour,Unknown EMS Scene Arrival Minutes,Unknown,Unknown EMS Hospital Arrival Time,1,Dark - Lighted,Clear,1,1,['Driver'],['None_Used'],0,0,Invalid,0.0,0.0,999.0,47.0,"['Other', 'Female']",0,0,5,4,5,Dry,Straight,Level,Lowest,No
8410,12,Florida,120916,0,2,2,0,3,MIAMI,March,31,Friday,11,47,Urban,Medium Speed (Collector),No,25.80173056,-80.23790556,Complex/Circle,Daylight,Clear,Unknown,Unknown,Unknown EMS Scene Arrival Hour,Unknown EMS Scene Arrival Minutes,Unknown,Unknown EMS Hospital Arrival Time,1,Daylight,Clear,1,2,['Driver'],['None_Used'],0,0,Valid,1.0,0.0,64.0,28.0,"['Male', 'Male']",2,0,4,4,5,Dry,Straight,Level,Lowest,No
8411,12,Florida,120917,0,2,2,0,2,MIAMI,April,3,Monday,15,33,Urban,Low Speed (Local),No,25.82694722,-80.20211944,Complex/Circle,Daylight,Clear,Unknown,Unknown,Unknown EMS Scene Arrival Hour,Unknown EMS Scene Arrival Minutes,Not Applicable (Not Transported),Not Applicable (Not Transported),1,Daylight,Clear,1,1,['Driver'],['None_Used'],0,0,Valid,0.0,1.0,44.0,37.0,"['Female', 'Male']",0,0,5,3,5,Dry,Straight,Level,Lowest,No
8412,12,Florida,120918,1,1,1,0,1,NOT APPLICABLE,April,4,Tuesday,21,2,Urban,Medium Speed (Collector),No,27.81440278,-82.67137222,Non-Intersection,Dark - Lighted,Clear,Unknown,Unknown,Unknown EMS Scene Arrival Hour,Unknown EMS Scene Arrival Minutes,Not Applicable (Not Transported),Not Applicable (Not Transported),1,Dark - Lighted,Clear,0,1,[],[],0,0,Valid,0.0,0.0,54.0,54.0,['Male'],0,0,3,2,4,Dry,Straight,Level,Lowest,No
8413,12,Florida,120919,1,1,1,0,1,NOT APPLICABLE,March,28,Tuesday,12,15,Urban,Low Speed (Local),No,27.81871667,-81.44168889,Non-Intersection,Daylight,Cloudy,Unknown,Unknown,Unknown EMS Scene Arrival Hour,Unknown EMS Scene Arrival Minutes,Unknown,Unknown EMS Hospital Arrival Time,1,Daylight,Reduced Visibility,0,1,[],[],0,0,Valid,0.0,0.0,34.0,34.0,['Male'],0,0,1,3,4,Dry,Curve,Level,Lowest,No
8414,12,Florida,120920,0,1,1,0,1,NOT APPLICABLE,April,5,Wednesday,17,15,Rural,Low Speed (Local),No,29.47671944,-82.88909167,Non-Intersection,Daylight,Clear,Unknown,Unknown,Unknown EMS Scene Arrival Hour,Unknown EMS Scene Arrival Minutes,Not Applicable (Not Transported),Not Applicable (Not Transported),1,Daylight,Clear,1,0,['Driver'],['None_Used'],1,1,Valid,0.0,2.0,43.0,43.0,['Male'],0,0,2,4,3,Dry,Curve,Level,Lowest,No
8415,12,Florida,120921,1,1,1,0,1,PORT SAINT LUCIE,March,27,Monday,8,6,Urban,Medium Speed (Collector),No,27.27933611,-80.44515278,Non-Intersection,Daylight,Clear,Unknown,Unknown,Unknown EMS Scene Arrival Hour,Unknown EMS Scene Arrival Minutes,Unknown,Unknown EMS Hospital Arrival Time,1,Daylight,Clear,0,1,[],[],0,0,Valid,0.0,0.0,36.0,36.0,['Female'],0,0,3,2,4,Dry,Straight,Level,Lowest,No
8416,12,Florida,120922,1,1,1,0,1,NOT APPLICABLE,April,6,Thursday,20,35,Urban,Medium Speed (Collector),No,30.11630278,-81.62593889,Non-Intersection,Dark - Lighted,Clear,Unknown,Unknown,Unknown EMS Scene Arrival Hour,Unknown EMS Scene Arrival Minutes,Not Applicable (Not Transported),Not Applicable (Not Transported),1,Dark - Lighted,Clear,0,1,[],[],0,0,Valid,0.0,0.0,34.0,34.0,['Male'],0,0,2,3,4,Dry,Straight,Level,Lowest,No
8417,12,Florida,120923,0,2,2,0,4,BELLE GLADE,April,3,Monday,16,4,Rural,Medium Speed (Collector),No,26.73361389,-80.68408333,Non-Intersection,Daylight,Clear,Unknown,Unknown,Unknown EMS Scene Arrival Hour,Unknown EMS Scene Arrival Minutes,Unknown,Unknown EMS Hospital Arrival Time,2,Daylight,Clear,2,2,"['Rear_Seat', 'Rear_Seat']","['None_Used', 'None_Used']",0,0,Valid,0.0,0.0,78.0,17.0,"['Male', 'Male']",3,0,3,4,5,Dry,Straight,Level,Lowest,No
8418,12,Florida,120924,0,2,2,0,2,NOT APPLICABLE,March,31,Friday,13,26,Urban,High Speed (Arterial),Yes,29.63490833,-81.58891111,Complex/Circle,Daylight,Clear,Unknown,Unknown,Unknown EMS Scene Arrival Hour,Unknown EMS Scene Arrival Minutes,Unknown,Unknown EMS Hospital Arrival Time,1,Daylight,Clear,1,1,['Driver'],['None_Used'],0,0,Valid,0.0,0.0,93.0,30.0,"['Male', 'Female']",0,0,3,4,5,Dry,Straight,Level,Lowest,No
8419,12,Florida,120925,1,1,1,0,1,NOT APPLICABLE,April,8,Saturday,5,15,Rural,Medium Speed (Collector),No,28.00545278,-82.05549722,Non-Intersection,Dark - Not Lighted,Clear,Unknown,Unknown,Unknown EMS Scene Arrival Hour,Unknown EMS Scene Arrival Minutes,Not Applicable (Not Transported),Not Applicable (Not Transported),1,Dark - Unlighted,Clear,0,1,[],[],0,0,Valid,0.0,2.0,32.0,32.0,['Male'],0,0,2,4,4,Dry,Straight,Level,Lowest,No
8420,12,Florida,120926,0,1,1,0,1,NOT APPLICABLE,April,5,Wednesday,7,53,Rural,High Speed (Arterial),Yes,26.91786111,-81.32172778,Simple Junction,Daylight,Clear,Unknown,Unknown,Unknown EMS Scene Arrival Hour,Unknown EMS Scene Arrival Minutes,Not Applicable (Not Transported),Not Applicable (Not Transported),1,Daylight,Clear,1,0,['Driver'],['Shoulder_Lapbelt'],0,0,Valid,0.0,0.0,55.0,55.0,['Male'],0,0,4,4,3,Dry,Straight,Level,Lowest,No
8421,12,Florida,120927,0,3,3,0,3,NOT APPLICABLE,April,5,Wednesday,18,47,Urban,Medium Speed (Collector),No,27.29888611,-82.52236667,Complex/Circle,Dusk,Clear,Unknown,Unknown,Unknown EMS Scene Arrival Hour,Unknown EMS Scene Arrival Minutes,Unknown,Unknown EMS Hospital Arrival Time,1,Twilight,Clear,1,2,['Driver'],['None_Used'],0,0,Valid,0.0,3.0,76.0,19.0,"['Female', 'Male', 'Male']",1,0,5,4,5,Dry,Straight,Level,Lowest,No
8422,12,Florida,120928,0,1,1,0,1,KENNETH CITY,April,4,Tuesday,2,53,Urban,Medium Speed (Collector),No,27.81366111,-82.72475833,Non-Intersection,Dark - Lighted,Clear,Unknown,Unknown,Unknown EMS Scene Arrival Hour,Officially Cancelled,Unknown,Officially Canceled,1,Dark - Lighted,Clear,1,0,['Driver'],['None_Used'],0,0,Valid,1.0,0.0,57.0,57.0,['Male'],0,0,5,4,2,Dry,Straight,Level,Lowest,No
8423,12,Florida,120929,0,1,1,0,2,NOT APPLICABLE,April,5,Wednesday,18,10,Urban,Medium Speed (Collector),No,30.33133333,-87.14484722,Non-Intersection,Daylight,Clear,Unknown,Unknown,Unknown EMS Scene Arrival Hour,Unknown EMS Scene Arrival Minutes,Unknown,Unknown EMS Hospital Arrival Time,1,Daylight,Clear,1,1,['Driver'],['None_Used'],1,1,Valid,0.0,0.0,23.0,23.0,['Male'],2,0,5,4,3,Dry,Curve,Level,Lowest,No
8424,12,Florida,120930,1,1,1,0,2,NOT APPLICABLE,April,1,Saturday,23,30,Rural,Medium Speed (Collector),No,28.74883611,-82.066875,Non-Intersection,Dark - Not Lighted,Clear,Unknown,Unknown,Unknown EMS Scene Arrival Hour,Unknown EMS Scene Arrival Minutes,Unknown,Unknown EMS Hospital Arrival Time,1,Dark - Unlighted,Clear,0,2,[],[],0,0,Valid,0.0,0.0,42.0,42.0,['Female'],0,0,3,3,4,Dry,Straight,Level,Lowest,No
8425,12,Florida,120932,0,2,2,0,3,WILTON MANORS,April,3,Monday,21,32,Urban,Medium Speed (Collector),No,26.15918611,-80.14439444,Simple Junction,Dark - Lighted,Clear,Unknown,Unknown,Unknown EMS Scene Arrival Hour,Unknown EMS Scene Arrival Minutes,Unknown,Unknown EMS Hospital Arrival Time,1,Dark - Lighted,Clear,1,2,['Driver'],['None_Used'],0,0,Valid,0.0,0.0,53.0,41.0,"['Male', 'Male']",0,0,5,4,5,Dry,Straight,Level,Lowest,No
8426,12,Florida,120933,0,3,3,0,4,DELAND,April,3,Monday,14,49,Urban,High Speed (Arterial),Yes,28.99898611,-81.30954444,Complex/Circle,Daylight,Clear,Unknown,Unknown,Unknown EMS Scene Arrival Hour,Unknown EMS Scene Arrival Minutes,Unknown,Unknown EMS Hospital Arrival Time,2,Daylight,Clear,2,2,"['Driver', 'Front_Passenger']","['Shoulder_Lapbelt', 'Shoulder_Lapbelt']",0,0,Valid,0.0,0.0,88.0,36.0,"['Male', 'Female', 'Male']",0,0,4,4,5,Dry,Straight,Level,Lowest,No
8427,12,Florida,120934,0,6,6,0,7,NOT APPLICABLE,March,27,Monday,8,9,Urban,Medium Speed (Collector),No,28.24453333,-82.21948611,Complex/Circle,Daylight,Clear,8:00am-8:59am,10,8:00am-8:59am,16,Unknown,Unknown EMS Hospital Arrival Time,1,Daylight,Clear,1,6,['Driver'],['Shoulder_Lapbelt'],0,0,Valid,1.0,0.0,79.0,24.0,"['Male', 'Male', 'Female', 'Female', 'Female', 'Female']",0,0,4,4,5,Dry,Straight,Level,Lowest,No
8428,12,Florida,120935,1,1,1,0,1,MIAMI,March,25,Saturday,6,33,Urban,Medium Speed (Collector),No,25.77239167,-80.19760833,Complex/Circle,Dark - Lighted,Clear,Unknown,Unknown,Unknown EMS Scene Arrival Hour,Unknown EMS Scene Arrival Minutes,Not Applicable (Not Transported),Not Applicable (Not Transported),1,Dark - Lighted,Clear,0,1,[],[],0,0,Valid,0.0,0.0,19.0,19.0,['Male'],0,0,2,3,4,Dry,Straight,Level,Lowest,No
8429,12,Florida,120936,0,1,1,0,1,NOT APPLICABLE,February,7,Tuesday,22,18,Rural,High Speed (Arterial),Yes,27.71754444,-80.95006111,Non-Intersection,Dark - Not Lighted,Clear,Unknown,Unknown,Unknown EMS Scene Arrival Hour,Unknown EMS Scene Arrival Minutes,Not Applicable (Not Transported),Not Applicable (Not Transported),1,Dark - Unlighted,Clear,1,0,['Driver'],['Shoulder_Lapbelt'],0,0,Valid,0.0,0.0,19.0,19.0,['Female'],0,0,2,4,3,Dry,Straight,Level,Lowest,No
8430,12,Florida,120937,0,1,1,0,2,NOT APPLICABLE,March,26,Sunday,3,42,Urban,High Speed (Arterial),Yes,30.60036944,-85.76260556,Non-Intersection,Dark - Not Lighted,Clear,Unknown,Unknown,Unknown EMS Scene Arrival Hour,Unknown EMS Scene Arrival Minutes,Unknown,Unknown EMS Hospital Arrival Time,1,Dark - Unlighted,Clear,1,1,['Driver'],['Shoulder_Lapbelt'],1,1,Invalid,0.0,0.0,18.0,18.0,['Male'],0,0,3,4,3,Dry,Straight,Level,Lowest,No
8431,12,Florida,120938,1,2,2,0,7,NOT APPLICABLE,March,28,Tuesday,20,57,Urban,High Speed (Arterial),Yes,28.09880278,-81.277375,Non-Intersection,Dark - Not Lighted,Clear,Unknown,Unknown,Unknown EMS Scene Arrival Hour,Unknown EMS Scene Arrival Minutes,Not Applicable (Not Transported),Not Applicable (Not Transported),1,Dark - Unlighted,Clear,0,7,[],[],0,0,Valid,0.0,0.0,46.0,23.0,"['Female', 'Female']",0,0,3,3,4,Dry,Straight,Level,Lowest,No
8432,12,Florida,120939,0,2,2,0,2,NOT APPLICABLE,March,28,Tuesday,15,4,Urban,Medium Speed (Collector),No,25.89035833,-80.22707222,Complex/Circle,Daylight,Clear,Unknown,Unknown,Unknown EMS Scene Arrival Hour,Unknown EMS Scene Arrival Minutes,Unknown,Unknown EMS Hospital Arrival Time,1,Daylight,Clear,1,1,['Driver'],['Shoulder_Lapbelt'],0,0,Valid,4.0,1.0,36.0,32.0,"['Female', 'Male']",0,0,2,4,5,Dry,Straight,Level,Lowest,No
8433,12,Florida,120940,0,4,3,1,3,DUNEDIN,April,5,Wednesday,22,46,Urban,Medium Speed (Collector),No,28.04878333,-82.74723056,Complex/Circle,Dark - Lighted,Clear,Unknown,Unknown,Unknown EMS Scene Arrival Hour,Unknown EMS Scene Arrival Minutes,Unknown,Unknown EMS Hospital Arrival Time,1,Dark - Lighted,Clear,1,2,['Driver'],['Shoulder_Lapbelt'],1,1,Valid,0.0,2.0,75.0,18.0,"['Male', 'Female', 'Female']",0,0,2,4,5,Dry,Straight,Level,Lowest,No
8434,12,Florida,120941,1,1,1,0,1,NOT APPLICABLE,April,7,Friday,5,0,Urban,High Speed (Arterial),Yes,30.514075,-87.29950278,Non-Intersection,Dark - Not Lighted,"Fog, Smog, Smoke",Unknown,Unknown,Unknown EMS Scene Arrival Hour,Unknown EMS Scene Arrival Minutes,Not Applicable (Not Transported),Not Applicable (Not Transported),1,Dark - Unlighted,Reduced Visibility,0,1,[],[],0,0,Invalid,0.0,0.0,999.0,999.0,['Other'],0,0,1,0,4,Dry,Straight,Level,Lowest,No
8435,12,Florida,120942,0,1,1,0,1,NOT APPLICABLE,April,9,Sunday,0,30,Urban,High Speed (Arterial),Yes,26.75400833,-80.98835556,Non-Intersection,Dark - Not Lighted,Clear,Unknown,Unknown,Unknown EMS Scene Arrival Hour,Unknown EMS Scene Arrival Minutes,Not Applicable (Not Transported),Not Applicable (Not Transported),1,Dark - Unlighted,Clear,1,0,['Driver'],['Shoulder_Lapbelt'],0,0,Valid,0.0,0.0,55.0,55.0,['Male'],0,0,2,4,4,Dry,Straight,Level,Lowest,No
8436,12,Florida,120943,0,2,2,0,2,NOT APPLICABLE,April,10,Monday,6,29,Urban,High Speed (Arterial),Yes,25.93746389,-80.2939,Non-Intersection,Dawn,Cloudy,Unknown,Unknown,Unknown EMS Scene Arrival Hour,Unknown EMS Scene Arrival Minutes,Not Applicable (Not Transported),Not Applicable (Not Transported),1,Twilight,Reduced Visibility,1,1,['Driver'],['None_Used'],1,1,Valid,0.0,0.0,35.0,26.0,"['Male', 'Male']",0,0,2,4,5,Dry,Straight,Level,Lowest,No
8437,12,Florida,120944,1,1,1,0,1,NOT APPLICABLE,March,29,Wednesday,22,25,Urban,Medium Speed (Collector),No,26.69189444,-80.11127222,Complex/Circle,Dark - Lighted,Cloudy,Unknown,Unknown,Unknown EMS Scene Arrival Hour,Unknown EMS Scene Arrival Minutes,Unknown,Unknown EMS Hospital Arrival Time,1,Dark - Lighted,Reduced Visibility,0,1,[],[],0,0,Valid,0.0,0.0,52.0,52.0,['Male'],0,0,2,3,4,Wet/Standing Water,Straight,Level,Lowest,No
8438,12,Florida,120945,1,1,1,0,1,NOT APPLICABLE,April,10,Monday,14,16,Urban,High Speed (Arterial),No,26.464825,-80.14711389,Complex/Circle,Daylight,Cloudy,Unknown,Unknown,Unknown EMS Scene Arrival Hour,Unknown EMS Scene Arrival Minutes,Unknown,Unknown EMS Hospital Arrival Time,1,Daylight,Reduced Visibility,0,1,[],[],0,0,Valid,0.0,0.0,68.0,68.0,['Female'],0,0,2,4,4,Dry,Straight,Level,Lowest,No
8439,12,Florida,120946,0,2,2,0,2,NOT APPLICABLE,April,1,Saturday,23,55,Rural,Medium Speed (Collector),No,28.95689167,-81.09290278,Non-Intersection,Dark - Not Lighted,Clear,Unknown,Unknown,Unknown EMS Scene Arrival Hour,Unknown EMS Scene Arrival Minutes,Unknown,Unknown EMS Hospital Arrival Time,1,Dark - Unlighted,Clear,1,1,['Driver'],['None_Used'],1,1,Valid,0.0,0.0,53.0,43.0,"['Male', 'Female']",0,0,5,4,5,Dry,Straight,Level,Lowest,No
8440,12,Florida,120947,0,1,1,0,2,NORTH PORT,April,1,Saturday,21,50,Urban,Medium Speed (Collector),No,27.065025,-82.18124444,Non-Intersection,Dark - Lighted,Clear,Unknown,Unknown,Unknown EMS Scene Arrival Hour,Unknown EMS Scene Arrival Minutes,Unknown,Unknown EMS Hospital Arrival Time,1,Dark - Lighted,Clear,1,1,['Front_Passenger'],['Shoulder_Lapbelt'],1,1,Valid,0.0,0.0,47.0,47.0,['Male'],0,0,5,4,3,Dry,Curve,Level,Lowest,No
8441,12,Florida,120948,0,1,1,0,1,SEMINOLE,April,11,Tuesday,23,3,Urban,High Speed (Arterial),Yes,27.81585,-82.78693333,Non-Intersection,Dark - Lighted,Clear,Unknown,Unknown,Unknown EMS Scene Arrival Hour,Unknown EMS Scene Arrival Minutes,Unknown,Unknown EMS Hospital Arrival Time,1,Dark - Lighted,Clear,1,0,['Driver'],['None_Used'],1,1,Valid,0.0,0.0,57.0,57.0,['Male'],1,0,5,3,2,Dry,Curve,Level,Lowest,No
8442,12,Florida,120949,0,1,1,0,7,NOT APPLICABLE,April,8,Saturday,0,35,Urban,High Speed (Arterial),Yes,25.55378889,-80.36298889,Non-Intersection,Dark - Lighted,Clear,Unknown,Unknown,Unknown EMS Scene Arrival Hour,Unknown EMS Scene Arrival Minutes,Unknown,Unknown EMS Hospital Arrival Time,1,Dark - Lighted,Clear,1,6,['Rear_Seat'],['None_Used'],0,0,Invalid,0.0,0.0,36.0,36.0,['Female'],0,0,3,4,3,Dry,Straight,Level,Lowest,No
8443,12,Florida,120950,0,1,1,0,1,NOT APPLICABLE,March,23,Thursday,18,45,Rural,High Speed (Arterial),Yes,29.62736111,-81.77732778,Non-Intersection,Daylight,Clear,Unknown,Unknown,Unknown EMS Scene Arrival Hour,Unknown EMS Scene Arrival Minutes,Unknown,Unknown EMS Hospital Arrival Time,1,Daylight,Clear,1,0,['Driver'],['None_Used'],0,0,Valid,0.0,0.0,67.0,67.0,['Male'],0,0,5,4,3,Dry,Straight,Level,Lowest,No
8444,12,Florida,120951,1,1,1,0,1,NOT APPLICABLE,April,6,Thursday,5,12,Urban,Low Speed (Local),No,27.90753333,-82.24413611,Non-Intersection,Dark - Lighted,Clear,Unknown,Unknown,Unknown EMS Scene Arrival Hour,Unknown EMS Scene Arrival Minutes,Not Applicable (Not Transported),Not Applicable (Not Transported),1,Dark - Lighted,Clear,0,1,[],[],0,0,Valid,0.0,0.0,40.0,40.0,['Male'],0,0,3,3,4,Dry,Straight,Grade/Hillcrest,Lowest,No
8445,12,Florida,120952,0,2,2,0,2,NOT APPLICABLE,March,29,Wednesday,13,24,Rural,High Speed (Arterial),Yes,26.50587222,-80.67011111,Non-Intersection,Daylight,Cloudy,Unknown,Unknown,Unknown EMS Scene Arrival Hour,Unknown EMS Scene Arrival Minutes,Unknown,Unknown EMS Hospital Arrival Time,1,Daylight,Reduced Visibility,1,1,['Driver'],['None_Used'],0,0,Valid,1.0,3.0,43.0,40.0,"['Male', 'Male']",0,0,4,4,5,Dry,Straight,Level,Lowest,No
8446,12,Florida,120953,0,2,2,0,3,NOT APPLICABLE,April,2,Sunday,18,6,Urban,High Speed (Arterial),Yes,26.16760278,-80.83541389,Non-Intersection,Daylight,Clear,Unknown,Unknown,Unknown EMS Scene Arrival Hour,Unknown EMS Scene Arrival Minutes,Unknown,Unknown EMS Hospital Arrival Time,1,Daylight,Clear,1,2,['Driver'],['None_Used'],0,0,Valid,0.0,0.0,57.0,56.0,"['Male', 'Male']",0,0,5,4,5,Dry,Straight,Level,Lowest,No
8447,12,Florida,120954,1,1,1,0,1,PENSACOLA,April,5,Wednesday,15,36,Urban,Low Speed (Local),No,30.41828611,-87.20738889,Non-Intersection,Daylight,Cloudy,Unknown,Unknown,Unknown EMS Scene Arrival Hour,Unknown EMS Scene Arrival Minutes,Unknown,Unknown EMS Hospital Arrival Time,1,Daylight,Reduced Visibility,0,1,[],[],0,0,Valid,0.0,0.0,37.0,37.0,['Female'],0,0,3,2,4,Dry,Straight,Level,Lowest,No
8448,12,Florida,120956,0,1,1,0,2,NOT APPLICABLE,April,11,Tuesday,1,22,Urban,Medium Speed (Collector),No,27.31374722,-82.49737222,Non-Intersection,Dark - Lighted,Clear,Unknown,Unknown,Unknown EMS Scene Arrival Hour,Unknown EMS Scene Arrival Minutes,Unknown,Unknown EMS Hospital Arrival Time,1,Dark - Lighted,Clear,1,1,['Driver'],['Shoulder_Lapbelt'],0,0,Valid,0.0,0.0,18.0,18.0,['Female'],0,0,3,4,3,Dry,Straight,Level,Lowest,No