,State_Code,State_Name,Crash_ID,Count_Non_Motorists,Count_Vehicles_Total,Count_Vehicle_Forms,Count_PVH_Involved,Count_Occupants_MV,City_Name,Month_Name,Day_of_Month,Day_of_Week,Crash_Hour,Crash_Minute,Area_Rural_Urban,Road_Functional_Class,On_NHS_Road,Latitude,Longitude,Intersection_Type,Light_Condition,Weather_Condition,Notif_Hour,Notif_Minute,Arrival_Hour,Arrival_Minute,Hospital_Hour,Hospital_Minute,Fatalities_Count,Clean_Light_Condition,Clean_Weather_Condition,Total_Killed,Total_Alive,Fatal_Seats_List,Killed_Restraint_List,Any_Driver_Drinking,Total_Drinking_Drivers,Driver_License_Category,Driver_Max_Prev_Accident_Count,Driver_Max_Prev_Speeding_Count,Max_Driver_Age,Min_Driver_Age,Driver_Sex_List,Total_Exceeding_Limit_Vehicles,Total_Too_Fast_Vehicles,Max_Vehicle_Type_Severity_5,Max_Vehicle_Damage_Rank,Max_Harmful_Event_Severity,Crash_Road_Surface_Condition,Crash_Horizontal_Alignment,Crash_Vertical_Profile,Crash_Impairment_Category,Crash_Vehicle_Defect
8449,12,Florida,120957,0,2,2,0,3,NOT APPLICABLE,April,2,Sunday,17,16,Urban,Low Speed (Local),No,26.97569444,-82.08910833,Complex/Circle,Daylight,Clear,Unknown,Unknown,Unknown EMS Scene Arrival Hour,Unknown EMS Scene Arrival Minutes,Unknown,Unknown EMS Hospital Arrival Time,1,Daylight,Clear,1,2,['Driver'],['Shoulder_Lapbelt'],0,0,Valid,0.0,0.0,26.0,18.0,"['Female', 'Female']",0,0,2,4,5,Dry,Straight,Grade/Hillcrest,Lowest,No
8450,12,Florida,120958,1,1,1,0,1,NOT APPLICABLE,April,3,Monday,17,15,Urban,High Speed (Arterial),Yes,28.17345,-82.74039722,Non-Intersection,Daylight,Clear,Unknown,Unknown,Unknown EMS Scene Arrival Hour,Unknown EMS Scene Arrival Minutes,Unknown,Unknown EMS Hospital Arrival Time,1,Daylight,Clear,0,1,[],[],0,0,Valid,1.0,2.0,27.0,27.0,['Male'],0,0,3,3,4,Dry,Straight,Level,Lowest,No
8451,12,Florida,120959,0,2,2,0,2,NOT APPLICABLE,April,3,Monday,21,55,Urban,High Speed (Arterial),Yes,25.77751944,-80.33675278,Complex/Circle,Dark - Lighted,Clear,Unknown,Unknown,Unknown EMS Scene Arrival Hour,Unknown EMS Scene Arrival Minutes,Unknown,Unknown EMS Hospital Arrival Time,1,Dark - Lighted,Clear,1,1,['Driver'],['None_Used'],0,0,Valid,1.0,0.0,59.0,20.0,"['Male', 'Male']",0,0,3,4,5,Dry,Straight,Level,Lowest,No
8452,12,Florida,120960,1,1,1,0,1,NORTH MIAMI,April,12,Wednesday,8,45,Urban,Medium Speed (Collector),No,25.90370278,-80.17475556,Non-Intersection,Daylight,Rain,Unknown,Unknown,Unknown EMS Scene Arrival Hour,Unknown EMS Scene Arrival Minutes,Unknown,Unknown EMS Hospital Arrival Time,1,Daylight,Rain/Wind/Minor,0,1,[],[],0,0,Invalid,0.0,0.0,35.0,35.0,['Male'],0,0,3,2,4,Wet/Standing Water,Straight,Level,Lowest,No
8453,12,Florida,120961,0,1,1,0,1,NOT APPLICABLE,April,3,Monday,2,26,Urban,Medium Speed (Collector),No,30.54732222,-87.21441111,Non-Intersection,Dark - Lighted,Clear,Unknown,Unknown,Unknown EMS Scene Arrival Hour,Unknown EMS Scene Arrival Minutes,Not Applicable (Not Transported),Not Applicable (Not Transported),1,Dark - Lighted,Clear,1,0,['Driver'],['Shoulder_Lapbelt'],1,1,Valid,0.0,0.0,21.0,21.0,['Male'],1,0,2,4,3,Dry,Curve,Grade/Hillcrest,Lowest,No
8454,12,Florida,120962,0,2,2,0,2,NOT APPLICABLE,April,4,Tuesday,21,51,Urban,Medium Speed (Collector),No,27.33863333,-82.43713056,Complex/Circle,Dark - Lighted,Clear,Unknown,Unknown,Unknown EMS Scene Arrival Hour,Unknown EMS Scene Arrival Minutes,Unknown,Unknown EMS Hospital Arrival Time,1,Dark - Lighted,Clear,1,0,['Driver'],['None_Used'],0,0,Invalid,0.0,0.0,999.0,21.0,"['Other', 'Male']",0,0,5,4,5,Dry,Straight,Level,Lowest,No
8455,12,Florida,120963,1,1,1,0,1,NOT APPLICABLE,April,5,Wednesday,20,18,Urban,Medium Speed (Collector),No,29.21882222,-82.12514444,Simple Junction,Dark - Not Lighted,Clear,Unknown,Unknown,Unknown EMS Scene Arrival Hour,Unknown EMS Scene Arrival Minutes,Unknown,Unknown EMS Hospital Arrival Time,1,Dark - Unlighted,Clear,0,1,[],[],0,0,Invalid,0.0,0.0,30.0,30.0,['Male'],0,0,3,0,4,Dry,Straight,Level,Lowest,No
8456,12,Florida,120964,0,2,2,0,4,NOT APPLICABLE,April,4,Tuesday,13,44,Rural,High Speed (Arterial),Yes,27.44875278,-80.42777222,Non-Intersection,Daylight,Cloudy,Unknown,Unknown,Unknown EMS Scene Arrival Hour,Unknown EMS Scene Arrival Minutes,Unknown,Unknown EMS Hospital Arrival Time,1,Daylight,Reduced Visibility,1,3,['Front_Passenger'],['Shoulder_Lapbelt'],0,0,Valid,0.0,0.0,46.0,38.0,"['Male', 'Female']",0,0,4,4,5,Dry,Straight,Level,Lowest,No
8457,12,Florida,120965,1,1,1,0,3,NOT APPLICABLE,March,17,Friday,21,49,Urban,Medium Speed (Collector),No,26.61735278,-81.67346667,Non-Intersection,Dark - Not Lighted,Clear,Unknown,Unknown,Unknown EMS Scene Arrival Hour,Unknown EMS Scene Arrival Minutes,Unknown,Unknown EMS Hospital Arrival Time,1,Dark - Unlighted,Clear,0,3,[],[],0,0,Valid,0.0,1.0,22.0,22.0,['Female'],0,0,3,3,4,Dry,Straight,Level,Lowest,No
8458,12,Florida,120966,0,2,2,0,2,NOT APPLICABLE,April,1,Saturday,2,4,Rural,Medium Speed (Collector),No,28.93873611,-82.58616944,Non-Intersection,Dark - Not Lighted,Clear,Unknown,Unknown,Unknown EMS Scene Arrival Hour,Unknown EMS Scene Arrival Minutes,Unknown,Unknown EMS Hospital Arrival Time,1,Dark - Unlighted,Clear,1,1,['Driver'],['None_Used'],1,1,Valid,1.0,2.0,33.0,27.0,"['Male', 'Female']",1,0,5,4,5,Dry,Curve,Level,Lowest,No
8459,12,Florida,120967,1,1,1,0,2,NOT APPLICABLE,April,1,Saturday,1,54,Urban,High Speed (Arterial),Yes,27.82140556,-82.331225,Complex/Circle,Dark - Lighted,Cloudy,Unknown,Unknown,Unknown EMS Scene Arrival Hour,Unknown EMS Scene Arrival Minutes,Unknown,Unknown EMS Hospital Arrival Time,1,Dark - Lighted,Reduced Visibility,0,2,[],[],0,0,Valid,0.0,0.0,18.0,18.0,['Male'],0,0,2,4,4,Dry,Straight,Level,Lowest,No
8460,12,Florida,120968,0,1,1,0,5,NOT APPLICABLE,April,22,Saturday,0,0,Rural,Medium Speed (Collector),No,28.66240556,-80.74843333,Non-Intersection,Dark - Not Lighted,Clear,Unknown,Unknown,Unknown EMS Scene Arrival Hour,Unknown EMS Scene Arrival Minutes,Unknown,Unknown EMS Hospital Arrival Time,1,Dark - Unlighted,Clear,1,4,['Driver'],['None_Used'],0,0,Valid,0.0,1.0,25.0,25.0,['Female'],0,0,3,4,3,Dry,Straight,Level,Lowest,No
8461,12,Florida,120969,0,1,1,0,2,NOT APPLICABLE,April,5,Wednesday,5,10,Rural,Low Speed (Local),No,26.77485833,-81.72969167,Non-Intersection,Dark - Lighted,Clear,Unknown,Unknown,Unknown EMS Scene Arrival Hour,Unknown EMS Scene Arrival Minutes,Unknown,Unknown EMS Hospital Arrival Time,1,Dark - Lighted,Clear,1,1,['Front_Passenger'],['None_Used'],0,0,Valid,0.0,0.0,16.0,16.0,['Male'],0,0,3,4,3,Dry,Curve,Level,Lowest,No
8462,12,Florida,120970,0,2,2,0,6,NOT APPLICABLE,April,2,Sunday,14,57,Urban,High Speed (Arterial),Yes,25.51348889,-80.43254444,Complex/Circle,Daylight,Cloudy,Unknown,Unknown,Unknown EMS Scene Arrival Hour,Unknown EMS Scene Arrival Minutes,Unknown,Unknown EMS Hospital Arrival Time,1,Daylight,Reduced Visibility,1,5,['Driver'],['None_Used'],1,1,Valid,0.0,0.0,77.0,35.0,"['Male', 'Male']",1,0,5,4,5,Dry,Straight,Level,Lowest,No
8463,12,Florida,120971,1,1,1,0,1,NOT APPLICABLE,April,3,Monday,23,17,Urban,Medium Speed (Collector),No,28.59740556,-81.28301389,Non-Intersection,Dark - Not Lighted,Clear,Unknown,Unknown,Unknown EMS Scene Arrival Hour,Unknown EMS Scene Arrival Minutes,Not Applicable (Not Transported),Not Applicable (Not Transported),1,Dark - Unlighted,Clear,0,1,[],[],0,0,Invalid,0.0,0.0,998.0,998.0,['Other'],0,0,1,0,4,Dry,Straight,Level,Lowest,No
8464,12,Florida,120972,1,1,1,0,1,PORT SAINT LUCIE,April,3,Monday,8,31,Urban,High Speed (Arterial),Yes,27.27875278,-80.42581944,Non-Intersection,Daylight,Clear,Unknown,Unknown,Unknown EMS Scene Arrival Hour,Unknown EMS Scene Arrival Minutes,Unknown,Unknown EMS Hospital Arrival Time,1,Daylight,Clear,0,1,[],[],0,0,Valid,0.0,0.0,74.0,74.0,['Male'],0,0,3,3,4,Dry,Curve,Level,Lowest,No
8465,12,Florida,120973,0,1,1,0,1,NOT APPLICABLE,April,1,Saturday,3,35,Urban,Medium Speed (Collector),No,25.57936389,-80.51696111,Simple Junction,Dark - Not Lighted,Clear,Unknown,Unknown,Unknown EMS Scene Arrival Hour,Unknown EMS Scene Arrival Minutes,Not Applicable (Not Transported),Not Applicable (Not Transported),1,Dark - Unlighted,Clear,1,0,['Driver'],['None_Used'],0,0,Valid,0.0,0.0,36.0,36.0,['Male'],0,0,2,4,2,Dry,Curve,Level,Lowest,No
8466,12,Florida,120974,1,1,1,0,1,NOT APPLICABLE,April,6,Thursday,0,4,Rural,High Speed (Arterial),Yes,28.53687778,-80.98801667,Non-Intersection,Dark - Not Lighted,Clear,Unknown,Unknown,Unknown EMS Scene Arrival Hour,Unknown EMS Scene Arrival Minutes,Not Applicable (Not Transported),Not Applicable (Not Transported),1,Dark - Unlighted,Clear,0,1,[],[],0,0,Valid,0.0,0.0,30.0,30.0,['Male'],0,0,3,3,4,Dry,Straight,Level,Lowest,No
8467,12,Florida,120975,1,7,7,0,19,APOPKA,April,1,Saturday,22,19,Urban,High Speed (Arterial),Yes,28.77614167,-81.53254444,Non-Intersection,Dark - Not Lighted,Clear,Unknown,Unknown,Unknown EMS Scene Arrival Hour,Unknown EMS Scene Arrival Minutes,Not Applicable (Not Transported),Not Applicable (Not Transported),1,Dark - Unlighted,Clear,0,19,[],[],0,0,Valid,1.0,2.0,57.0,35.0,"['Male', 'Male', 'Male', 'Female', 'Female', 'Male', 'Female']",0,0,4,3,4,Dry,Straight,Level,Lowest,No
8468,12,Florida,120976,0,2,2,0,6,NOT APPLICABLE,April,23,Sunday,20,0,Urban,Medium Speed (Collector),No,26.49724444,-81.94337778,Non-Intersection,Dusk,Clear,Unknown,Unknown,Unknown EMS Scene Arrival Hour,Unknown EMS Scene Arrival Minutes,Unknown,Unknown EMS Hospital Arrival Time,1,Twilight,Clear,1,5,['Driver'],['None_Used'],1,1,Valid,0.0,0.0,43.0,23.0,"['Male', 'Male']",0,0,5,4,5,Dry,Straight,Level,Lowest,No
8469,12,Florida,120977,0,1,1,0,1,NOT APPLICABLE,April,9,Sunday,1,10,Urban,Medium Speed (Collector),No,29.58733611,-82.44329722,Non-Intersection,Dark - Not Lighted,Cloudy,Unknown,Unknown,Unknown EMS Scene Arrival Hour,Unknown EMS Scene Arrival Minutes,Not Applicable (Not Transported),Not Applicable (Not Transported),1,Dark - Unlighted,Reduced Visibility,1,0,['Driver'],['None_Used'],1,1,Valid,0.0,0.0,32.0,32.0,['Male'],0,0,3,4,3,Dry,Straight,Level,Lowest,No
8470,12,Florida,120978,0,2,2,0,3,PAHOKEE,April,9,Sunday,6,53,Rural,Medium Speed (Collector),No,26.81341111,-80.56434444,Non-Intersection,Daylight,Clear,Unknown,Unknown,Unknown EMS Scene Arrival Hour,Unknown EMS Scene Arrival Minutes,Unknown,Unknown EMS Hospital Arrival Time,1,Daylight,Clear,1,2,['Driver'],['Shoulder_Lapbelt'],0,0,Valid,1.0,0.0,59.0,31.0,"['Female', 'Male']",0,0,3,4,5,Dry,Straight,Level,Lowest,No
8471,12,Florida,120979,0,1,1,0,7,NOT APPLICABLE,April,4,Tuesday,21,35,Rural,High Speed (Arterial),Yes,30.31210556,-82.93349167,Non-Intersection,Dark - Not Lighted,Clear,Unknown,Unknown,Unknown EMS Scene Arrival Hour,Unknown EMS Scene Arrival Minutes,Unknown,Unknown EMS Hospital Arrival Time,2,Dark - Unlighted,Clear,2,5,"['Front_Passenger', 'Rear_Seat']","['None_Used', 'None_Used']",0,0,Valid,0.0,1.0,26.0,26.0,['Male'],0,0,3,4,3,Dry,Straight,Level,Lowest,No
8472,12,Florida,120980,1,2,1,1,1,NOT APPLICABLE,April,10,Monday,22,25,Urban,High Speed (Arterial),Yes,29.68455,-82.44205,Non-Intersection,Dark - Lighted,Clear,Unknown,Unknown,Unknown EMS Scene Arrival Hour,Unknown EMS Scene Arrival Minutes,Unknown,Unknown EMS Hospital Arrival Time,1,Dark - Lighted,Clear,1,0,['Driver'],['Shoulder_Lapbelt'],1,1,Valid,0.0,0.0,66.0,66.0,['Female'],0,0,3,4,5,Dry,Straight,Level,Lowest,No
8473,12,Florida,120982,0,1,1,0,2,NOT APPLICABLE,April,10,Monday,18,5,Urban,Medium Speed (Collector),No,29.05850278,-82.05347778,Non-Intersection,Daylight,Cloudy,Unknown,Unknown,Unknown EMS Scene Arrival Hour,Unknown EMS Scene Arrival Minutes,Unknown,Unknown EMS Hospital Arrival Time,1,Daylight,Reduced Visibility,1,1,['Driver'],['None_Used'],0,0,Valid,0.0,0.0,53.0,53.0,['Male'],2,0,5,4,2,Dry,Curve,Level,Lowest,No
8474,12,Florida,120983,0,3,3,0,3,CLEARWATER,April,8,Saturday,15,59,Urban,High Speed (Arterial),Yes,28.01956111,-82.72506111,Complex/Circle,Daylight,Clear,Unknown,Unknown,Unknown EMS Scene Arrival Hour,Unknown EMS Scene Arrival Minutes,Unknown,Unknown EMS Hospital Arrival Time,1,Daylight,Clear,1,2,['Driver'],['None_Used'],0,0,Valid,0.0,0.0,69.0,17.0,"['Male', 'Male', 'Male']",0,0,3,4,5,Dry,Straight,Level,Lowest,No
8475,12,Florida,120984,0,2,2,0,2,TAVARES,April,22,Saturday,22,39,Urban,Medium Speed (Collector),No,28.780425,-81.746975,Non-Intersection,Dark - Not Lighted,Clear,Unknown,Unknown,Unknown EMS Scene Arrival Hour,Unknown EMS Scene Arrival Minutes,Not Applicable (Not Transported),Not Applicable (Not Transported),2,Dark - Unlighted,Clear,2,0,"['Driver', 'Driver']","['Shoulder_Lapbelt', 'Shoulder_Lapbelt']",0,0,Valid,0.0,1.0,29.0,26.0,"['Male', 'Female']",1,0,3,4,5,Dry,Straight,Level,Lowest,No
8476,12,Florida,120985,1,1,1,0,4,NOT APPLICABLE,April,11,Tuesday,22,5,Urban,Medium Speed (Collector),No,29.22305,-82.11461667,Non-Intersection,Dark - Not Lighted,Clear,Unknown,Unknown,Unknown EMS Scene Arrival Hour,Unknown EMS Scene Arrival Minutes,Not Applicable (Not Transported),Not Applicable (Not Transported),1,Dark - Unlighted,Clear,0,4,[],[],0,0,Valid,0.0,0.0,17.0,17.0,['Male'],0,0,2,4,4,Dry,Straight,Level,Lowest,No
8477,12,Florida,120986,0,3,3,0,4,JACKSONVILLE,April,11,Tuesday,14,57,Urban,High Speed (Arterial),Yes,30.28668889,-82.01612778,Non-Intersection,Daylight,Cloudy,Unknown,Unknown,Unknown EMS Scene Arrival Hour,Unknown EMS Scene Arrival Minutes,Unknown,Unknown EMS Hospital Arrival Time,1,Daylight,Reduced Visibility,1,3,['Driver'],['Shoulder_Lapbelt'],0,0,Invalid,1.0,1.0,65.0,20.0,"['Male', 'Male', 'Male']",0,0,3,4,5,Dry,Straight,Level,Lowest,No
8478,12,Florida,120987,0,1,1,0,1,NOT APPLICABLE,April,12,Wednesday,12,30,Rural,Medium Speed (Collector),No,26.652975,-80.90315833,Non-Intersection,Daylight,Rain,Unknown,Unknown,Unknown EMS Scene Arrival Hour,Unknown EMS Scene Arrival Minutes,Not Applicable (Not Transported),Not Applicable (Not Transported),1,Daylight,Rain/Wind/Minor,1,0,['Driver'],['Shoulder_Lapbelt'],0,0,Valid,0.0,0.0,47.0,47.0,['Male'],0,0,4,4,4,Wet/Standing Water,Curve,Level,Lowest,No
8479,12,Florida,120988,0,3,3,0,4,NOT APPLICABLE,March,29,Wednesday,5,47,Urban,High Speed (Arterial),Yes,27.65586667,-82.67708056,Non-Intersection,Dark - Lighted,Clear,Unknown,Unknown,Unknown EMS Scene Arrival Hour,Unknown EMS Scene Arrival Minutes,Unknown,Unknown EMS Hospital Arrival Time,1,Dark - Lighted,Clear,1,3,['Driver'],['None_Used'],0,0,Valid,0.0,1.0,69.0,20.0,"['Male', 'Female', 'Male']",0,0,4,4,5,Dry,Straight,Level,Lowest,No
8480,12,Florida,120989,0,2,2,0,4,NOT APPLICABLE,April,2,Sunday,4,40,Rural,Medium Speed (Collector),No,30.24655,-83.06374167,Non-Intersection,Dark - Not Lighted,"Fog, Smog, Smoke",Unknown,Unknown,Unknown EMS Scene Arrival Hour,Unknown EMS Scene Arrival Minutes,Unknown,Unknown EMS Hospital Arrival Time,1,Dark - Unlighted,Reduced Visibility,1,3,['Driver'],['Shoulder_Lapbelt'],0,0,Valid,1.0,0.0,27.0,27.0,"['Female', 'Male']",0,0,2,4,5,Dry,Straight,Level,Lowest,No
8481,12,Florida,120991,0,2,2,0,2,JACKSONVILLE,April,24,Monday,10,0,Urban,High Speed (Arterial),Yes,30.35686667,-81.68645556,Complex/Circle,Daylight,Cloudy,Unknown,Unknown,Unknown EMS Scene Arrival Hour,Unknown EMS Scene Arrival Minutes,Unknown,Unknown EMS Hospital Arrival Time,1,Daylight,Reduced Visibility,1,1,['Driver'],['None_Used'],0,0,Valid,0.0,1.0,89.0,20.0,"['Female', 'Male']",0,0,2,4,5,Dry,Straight,Level,Lowest,No
8482,12,Florida,120992,1,1,1,0,1,NOT APPLICABLE,April,12,Wednesday,21,39,Urban,Medium Speed (Collector),No,28.848525,-81.16216111,Non-Intersection,Dark - Not Lighted,Cloudy,Unknown,Unknown,Unknown EMS Scene Arrival Hour,Unknown EMS Scene Arrival Minutes,Not Applicable (Not Transported),Not Applicable (Not Transported),1,Dark - Unlighted,Reduced Visibility,0,0,[],[],0,0,Invalid,0.0,0.0,999.0,999.0,['Other'],0,0,1,0,4,Dry,Straight,Level,Lowest,No
8483,12,Florida,120993,1,1,1,0,2,NOT APPLICABLE,February,26,Sunday,22,35,Urban,High Speed (Arterial),Yes,25.57260556,-80.47826667,Non-Intersection,Dark - Lighted,Clear,Unknown,Unknown,Unknown EMS Scene Arrival Hour,Unknown EMS Scene Arrival Minutes,Not Applicable (Not Transported),Not Applicable (Not Transported),1,Dark - Lighted,Clear,0,2,[],[],0,0,Valid,0.0,0.0,32.0,32.0,['Male'],0,0,2,4,4,Dry,Straight,Level,Lowest,No
8484,12,Florida,120994,1,1,1,0,4,NOT APPLICABLE,March,26,Sunday,20,19,Rural,Low Speed (Local),No,24.66118889,-81.44235556,Non-Intersection,Dark - Not Lighted,Clear,Unknown,Unknown,Unknown EMS Scene Arrival Hour,Unknown EMS Scene Arrival Minutes,Unknown,Unknown EMS Hospital Arrival Time,1,Dark - Unlighted,Clear,0,4,[],[],0,0,Valid,0.0,0.0,68.0,68.0,['Male'],0,0,3,3,4,Dry,Straight,Level,Lowest,No
8485,12,Florida,120995,0,1,1,0,1,NOT APPLICABLE,April,20,Thursday,2,0,Rural,High Speed (Arterial),Yes,29.60001111,-81.22508056,Non-Intersection,Dark - Not Lighted,Cloudy,Unknown,Unknown,Unknown EMS Scene Arrival Hour,Unknown EMS Scene Arrival Minutes,Not Applicable (Not Transported),Not Applicable (Not Transported),1,Dark - Unlighted,Reduced Visibility,1,0,['Driver'],['Shoulder_Lapbelt'],1,1,Valid,0.0,0.0,49.0,49.0,['Female'],1,0,2,4,4,Wet/Standing Water,Curve,Level,Lowest,No
8486,12,Florida,120996,0,2,2,0,4,NOT APPLICABLE,April,21,Friday,21,55,Urban,High Speed (Arterial),No,28.64548333,-81.79473611,Non-Intersection,Dark - Not Lighted,Cloudy,Unknown,Unknown,Unknown EMS Scene Arrival Hour,Unknown EMS Scene Arrival Minutes,Unknown,Unknown EMS Hospital Arrival Time,1,Dark - Unlighted,Reduced Visibility,1,3,['Driver'],['None_Used'],1,1,Valid,0.0,1.0,47.0,44.0,"['Male', 'Male']",0,0,4,4,5,Dry,Straight,Level,Lowest,No
8487,12,Florida,120997,0,1,1,0,1,NOT APPLICABLE,April,1,Saturday,99,99,Rural,Low Speed (Local),No,26.67660833,-81.56601944,Simple Junction,Reported as Unknown,Clear,Unknown,Unknown,Unknown EMS Scene Arrival Hour,Unknown EMS Scene Arrival Minutes,Not Applicable (Not Transported),Not Applicable (Not Transported),1,Dark - Unlighted,Clear,1,0,['Driver'],['Shoulder_Lapbelt'],1,1,Valid,0.0,0.0,35.0,35.0,['Male'],0,0,2,4,4,Dry,Straight,Level,Lowest,No
8488,12,Florida,120998,1,2,2,0,5,NOT APPLICABLE,April,1,Saturday,22,4,Urban,High Speed (Arterial),Yes,28.04827778,-81.8544,Non-Intersection,Dark - Not Lighted,Clear,Unknown,Unknown,Unknown EMS Scene Arrival Hour,Unknown EMS Scene Arrival Minutes,Not Applicable (Not Transported),Not Applicable (Not Transported),1,Dark - Unlighted,Clear,0,5,[],[],1,1,Valid,0.0,0.0,29.0,24.0,"['Male', 'Male']",0,0,3,4,5,Dry,Straight,Level,Lowest,No
8489,12,Florida,120999,1,1,1,0,2,JACKSONVILLE,April,15,Saturday,21,0,Urban,High Speed (Arterial),Yes,30.28747778,-81.72018333,Non-Intersection,Dark - Lighted,Cloudy,Unknown,Unknown,Unknown EMS Scene Arrival Hour,Unknown EMS Scene Arrival Minutes,Unknown,Unknown EMS Hospital Arrival Time,1,Dark - Lighted,Reduced Visibility,0,2,[],[],0,0,Valid,0.0,1.0,46.0,46.0,['Male'],0,0,3,4,4,Dry,Straight,Level,Lowest,No
8490,12,Florida,121000,1,1,1,0,3,ORLANDO,April,21,Friday,23,4,Rural,Low Speed (Local),No,28.52883889,-81.43431389,Non-Intersection,Dark - Not Lighted,Clear,Unknown,Unknown,Unknown EMS Scene Arrival Hour,Unknown EMS Scene Arrival Minutes,Unknown,Unknown EMS Hospital Arrival Time,1,Dark - Unlighted,Clear,0,3,[],[],0,0,Valid,0.0,0.0,22.0,22.0,['Female'],0,0,2,2,4,Dry,Straight,Level,Lowest,No
8491,12,Florida,121001,1,1,1,0,1,NOT APPLICABLE,April,2,Sunday,15,21,Urban,Medium Speed (Collector),No,28.56164444,-81.44985833,Non-Intersection,Daylight,Clear,Unknown,Unknown,Unknown EMS Scene Arrival Hour,Unknown EMS Scene Arrival Minutes,Unknown,Unknown EMS Hospital Arrival Time,1,Daylight,Clear,0,1,[],[],0,0,Valid,0.0,0.0,36.0,36.0,['Male'],0,0,3,3,4,Dry,Curve,Level,Lowest,No
8492,12,Florida,121002,1,1,1,0,5,SARASOTA,April,9,Sunday,0,35,Urban,High Speed (Arterial),Yes,27.355725,-82.53038333,Non-Intersection,Dark - Lighted,Clear,Unknown,Unknown,Unknown EMS Scene Arrival Hour,Unknown EMS Scene Arrival Minutes,Unknown,Unknown EMS Hospital Arrival Time,1,Dark - Lighted,Clear,0,5,[],[],0,0,Valid,0.0,0.0,56.0,56.0,['Male'],0,0,2,3,4,Dry,Straight,Level,Lowest,No
8493,12,Florida,121003,0,2,2,0,2,NOT APPLICABLE,April,22,Saturday,15,16,Rural,High Speed (Arterial),Yes,29.26666667,-82.15215556,Simple Junction,Daylight,Clear,Unknown,Unknown,Unknown EMS Scene Arrival Hour,Unknown EMS Scene Arrival Minutes,Not Applicable (Not Transported),Not Applicable (Not Transported),1,Daylight,Clear,1,1,['Driver'],['Shoulder_Lapbelt'],0,0,Valid,1.0,0.0,41.0,32.0,"['Male', 'Female']",1,0,4,4,5,Dry,Straight,Level,Lowest,No
8494,12,Florida,121004,0,2,2,0,2,NOT APPLICABLE,April,22,Saturday,5,48,Urban,High Speed (Arterial),Yes,27.89378333,-82.40176667,Simple Junction,Dark - Lighted,Clear,Unknown,Unknown,Unknown EMS Scene Arrival Hour,Unknown EMS Scene Arrival Minutes,Not Applicable (Not Transported),Not Applicable (Not Transported),1,Dark - Lighted,Clear,1,1,['Driver'],['Shoulder_Lapbelt'],0,0,Valid,0.0,0.0,46.0,43.0,"['Male', 'Male']",0,0,3,4,5,Dry,Straight,Level,Lowest,No
8495,12,Florida,121005,0,1,1,0,1,GRETNA,April,23,Sunday,17,20,Rural,Medium Speed (Collector),No,30.53473889,-84.47545,Non-Intersection,Daylight,Clear,Unknown,Unknown,Unknown EMS Scene Arrival Hour,Unknown EMS Scene Arrival Minutes,Unknown,Unknown EMS Hospital Arrival Time,1,Daylight,Clear,1,0,['Driver'],['None_Used'],0,0,Valid,0.0,3.0,35.0,35.0,['Male'],0,0,5,4,3,Dry,Straight,Level,Lowest,No
8496,12,Florida,121006,1,1,1,0,2,PALM BAY,April,23,Sunday,1,49,Urban,High Speed (Arterial),Yes,28.03491667,-80.60454444,Non-Intersection,Dark - Not Lighted,Clear,Unknown,Unknown,Unknown EMS Scene Arrival Hour,Unknown EMS Scene Arrival Minutes,Not Applicable (Not Transported),Not Applicable (Not Transported),1,Dark - Unlighted,Clear,0,2,[],[],1,1,Valid,0.0,0.0,23.0,23.0,['Male'],0,0,2,3,4,Wet/Standing Water,Straight,Level,Lowest,No
8497,12,Florida,121007,1,1,1,0,1,NORTH LAUDERDALE,April,24,Monday,6,5,Urban,High Speed (Arterial),No,26.20836111,-80.22120833,Non-Intersection,Dark - Lighted,Clear,Unknown,Unknown,Unknown EMS Scene Arrival Hour,Unknown EMS Scene Arrival Minutes,Unknown,Unknown EMS Hospital Arrival Time,1,Dark - Lighted,Clear,0,1,[],[],0,0,Valid,0.0,0.0,77.0,77.0,['Male'],0,0,3,2,4,Dry,Straight,Level,Lowest,No
8498,12,Florida,121008,1,2,2,0,1,NOT APPLICABLE,April,22,Saturday,1,54,Urban,High Speed (Arterial),Yes,27.58140278,-81.81896667,Non-Intersection,Dark - Not Lighted,Clear,Unknown,Unknown,Unknown EMS Scene Arrival Hour,Unknown EMS Scene Arrival Minutes,Not Applicable (Not Transported),Not Applicable (Not Transported),1,Dark - Unlighted,Clear,0,1,[],[],0,0,Valid,0.0,1.0,30.0,30.0,['Female'],0,0,3,4,5,Dry,Straight,Level,Lowest,No
8499,12,Florida,121009,1,1,1,0,2,HAINES CITY,April,22,Saturday,22,26,Urban,Medium Speed (Collector),No,28.07645,-81.62014722,Non-Intersection,Dark - Not Lighted,Clear,Unknown,Unknown,Unknown EMS Scene Arrival Hour,Unknown EMS Scene Arrival Minutes,Not Applicable (Not Transported),Not Applicable (Not Transported),1,Dark - Unlighted,Clear,0,2,[],[],0,0,Valid,0.0,0.0,25.0,25.0,['Male'],0,0,2,4,4,Dry,Straight,Grade/Hillcrest,Lowest,No