,State_Code,State_Name,Crash_ID,Count_Non_Motorists,Count_Vehicles_Total,Count_Vehicle_Forms,Count_PVH_Involved,Count_Occupants_MV,City_Name,Month_Name,Day_of_Month,Day_of_Week,Crash_Hour,Crash_Minute,Area_Rural_Urban,Road_Functional_Class,On_NHS_Road,Latitude,Longitude,Intersection_Type,Light_Condition,Weather_Condition,Notif_Hour,Notif_Minute,Arrival_Hour,Arrival_Minute,Hospital_Hour,Hospital_Minute,Fatalities_Count,Clean_Light_Condition,Clean_Weather_Condition,Total_Killed,Total_Alive,Fatal_Seats_List,Killed_Restraint_List,Any_Driver_Drinking,Total_Drinking_Drivers,Driver_License_Category,Driver_Max_Prev_Accident_Count,Driver_Max_Prev_Speeding_Count,Max_Driver_Age,Min_Driver_Age,Driver_Sex_List,Total_Exceeding_Limit_Vehicles,Total_Too_Fast_Vehicles,Max_Vehicle_Type_Severity_5,Max_Vehicle_Damage_Rank,Max_Harmful_Event_Severity,Crash_Road_Surface_Condition,Crash_Horizontal_Alignment,Crash_Vertical_Profile,Crash_Impairment_Category,Crash_Vehicle_Defect
8500,12,Florida,121010,1,2,2,0,2,BOYNTON BEACH,April,22,Saturday,2,37,Urban,High Speed (Arterial),Yes,26.52535556,-80.07302778,Non-Intersection,Dark - Lighted,Clear,Unknown,Unknown,Unknown EMS Scene Arrival Hour,Unknown EMS Scene Arrival Minutes,Unknown,Unknown EMS Hospital Arrival Time,1,Dark - Lighted,Clear,0,2,[],[],0,0,Valid,0.0,0.0,19.0,19.0,['Female'],0,0,2,4,5,Dry,Straight,Level,Lowest,No
8501,12,Florida,121011,1,1,1,0,1,NOT APPLICABLE,April,3,Monday,6,40,Rural,High Speed (Arterial),Yes,29.13494167,-81.14516389,Non-Intersection,Dawn,Cloudy,Unknown,Unknown,Unknown EMS Scene Arrival Hour,Unknown EMS Scene Arrival Minutes,Not Applicable (Not Transported),Not Applicable (Not Transported),1,Twilight,Reduced Visibility,0,1,[],[],0,0,Valid,0.0,1.0,45.0,45.0,['Female'],1,0,3,4,4,Dry,Straight,Level,Lowest,No
8502,12,Florida,121012,0,2,2,0,8,NOT APPLICABLE,April,3,Monday,6,11,Rural,High Speed (Arterial),Yes,27.73347778,-81.701825,Non-Intersection,Dark - Not Lighted,"Fog, Smog, Smoke",Unknown,Unknown,Unknown EMS Scene Arrival Hour,Unknown EMS Scene Arrival Minutes,Unknown,Unknown EMS Hospital Arrival Time,1,Dark - Unlighted,Reduced Visibility,1,7,['Non_Standard_Risk'],['None_Used'],0,0,Valid,0.0,0.0,54.0,51.0,"['Male', 'Male']",0,0,4,4,5,Dry,Straight,Level,Lowest,No
8503,12,Florida,121013,0,2,2,0,2,NOT APPLICABLE,April,23,Sunday,20,34,Rural,Medium Speed (Collector),No,29.82634444,-82.42719722,Complex/Circle,Dark - Not Lighted,Clear,Unknown,Unknown,Unknown EMS Scene Arrival Hour,Unknown EMS Scene Arrival Minutes,Not Applicable (Not Transported),Not Applicable (Not Transported),1,Dark - Unlighted,Clear,1,1,['Driver'],['None_Used'],0,0,Valid,1.0,1.0,45.0,18.0,"['Male', 'Male']",0,0,5,4,5,Dry,Straight,Level,Lowest,No
8504,12,Florida,121014,0,1,1,0,2,NOT APPLICABLE,April,23,Sunday,14,25,Urban,High Speed (Arterial),Yes,28.34099167,-81.53733056,Non-Intersection,Daylight,Clear,Unknown,Unknown,Unknown EMS Scene Arrival Hour,Unknown EMS Scene Arrival Minutes,Not Applicable (Not Transported),Not Applicable (Not Transported),2,Daylight,Clear,2,0,"['Driver', 'Front_Passenger']","['Shoulder_Lapbelt', 'Shoulder_Lapbelt']",1,1,Valid,1.0,0.0,35.0,35.0,['Male'],0,0,2,4,3,Dry,Straight,Level,Lowest,No
8505,12,Florida,121015,0,1,1,0,1,NOT APPLICABLE,March,25,Saturday,21,15,Urban,High Speed (Arterial),Yes,24.64400556,-81.56858333,Non-Intersection,Dark - Not Lighted,Clear,Unknown,Unknown,Unknown EMS Scene Arrival Hour,Unknown EMS Scene Arrival Minutes,Unknown,Unknown EMS Hospital Arrival Time,1,Dark - Unlighted,Clear,1,0,['Driver'],['Shoulder_Lapbelt'],0,0,Valid,0.0,0.0,51.0,51.0,['Male'],0,0,3,4,3,Dry,Straight,Level,Medium,No
8506,12,Florida,121016,0,1,1,0,1,NOT APPLICABLE,April,3,Monday,0,26,Urban,Medium Speed (Collector),No,29.01589444,-82.23281111,Non-Intersection,Dark - Not Lighted,Clear,Unknown,Unknown,Unknown EMS Scene Arrival Hour,Unknown EMS Scene Arrival Minutes,Not Applicable (Not Transported),Not Applicable (Not Transported),1,Dark - Unlighted,Clear,1,0,['Driver'],['None_Used'],1,1,Invalid,0.0,0.0,22.0,22.0,['Male'],1,0,3,4,3,Dry,Curve,Grade/Hillcrest,Lowest,No
8507,12,Florida,121017,0,1,1,0,2,NOT APPLICABLE,April,13,Thursday,11,52,Urban,High Speed (Arterial),Yes,27.77660833,-82.33505,Non-Intersection,Daylight,Cloudy,Unknown,Unknown,Unknown EMS Scene Arrival Hour,Unknown EMS Scene Arrival Minutes,Unknown,Unknown EMS Hospital Arrival Time,1,Daylight,Reduced Visibility,1,1,['Rear_Seat'],['None_Used'],0,0,Valid,0.0,0.0,62.0,62.0,['Male'],0,0,5,1,1,Dry,Straight,Level,Lowest,No
8508,12,Florida,121018,0,3,3,0,3,DELRAY BEACH,April,12,Wednesday,16,52,Urban,Medium Speed (Collector),No,26.47301944,-80.11433611,Complex/Circle,Daylight,Rain,Unknown,Unknown,Unknown EMS Scene Arrival Hour,Unknown EMS Scene Arrival Minutes,Unknown,Unknown EMS Hospital Arrival Time,1,Daylight,Rain/Wind/Minor,1,2,['Driver'],['Shoulder_Lapbelt'],0,0,Valid,0.0,0.0,89.0,47.0,"['Female', 'Male', 'Male']",0,0,3,4,5,Wet/Standing Water,Straight,Level,Lowest,No
8509,12,Florida,121019,0,4,4,0,4,NOT APPLICABLE,April,14,Friday,16,20,Urban,Medium Speed (Collector),No,30.53448056,-87.32611111,Simple Junction,Daylight,Clear,Unknown,Unknown,Unknown EMS Scene Arrival Hour,Unknown EMS Scene Arrival Minutes,Unknown,Unknown EMS Hospital Arrival Time,1,Daylight,Clear,1,3,['Driver'],['Shoulder_Lapbelt'],0,0,Valid,0.0,1.0,54.0,20.0,"['Male', 'Male', 'Male', 'Female']",0,0,3,4,5,Dry,Straight,Level,Lowest,No
8510,12,Florida,121020,0,2,2,0,2,NOT APPLICABLE,April,17,Monday,18,50,Urban,Medium Speed (Collector),No,28.50020278,-82.56478611,Complex/Circle,Daylight,Clear,Unknown,Unknown,Unknown EMS Scene Arrival Hour,Unknown EMS Scene Arrival Minutes,Unknown,Unknown EMS Hospital Arrival Time,1,Daylight,Clear,1,1,['Driver'],['None_Used'],0,0,Valid,0.0,0.0,56.0,18.0,"['Male', 'Male']",0,0,5,4,5,Dry,Straight,Level,Lowest,No
8511,12,Florida,121021,0,1,1,0,1,NOT APPLICABLE,February,15,Wednesday,16,50,Urban,High Speed (Arterial),No,27.98156944,-82.29788056,Non-Intersection,Daylight,Clear,Unknown,Unknown,Unknown EMS Scene Arrival Hour,Unknown EMS Scene Arrival Minutes,Unknown,Unknown EMS Hospital Arrival Time,1,Daylight,Clear,1,0,['Driver'],['None_Used'],0,0,Valid,0.0,0.0,84.0,84.0,['Male'],0,0,5,4,3,Dry,Straight,Level,Lowest,No
8512,12,Florida,121022,0,2,2,0,3,JACKSONVILLE,April,17,Monday,6,36,Urban,Medium Speed (Collector),No,30.28775,-81.45884444,Complex/Circle,Dark - Lighted,Rain,Unknown,Unknown,Unknown EMS Scene Arrival Hour,Unknown EMS Scene Arrival Minutes,Unknown,Unknown EMS Hospital Arrival Time,1,Dark - Lighted,Rain/Wind/Minor,1,2,['Front_Passenger'],['None_Used'],0,0,Invalid,0.0,0.0,63.0,25.0,"['Male', 'Male']",0,0,3,4,5,Wet/Standing Water,Straight,Level,Lowest,No
8513,12,Florida,121023,0,1,1,0,2,NOT APPLICABLE,April,9,Sunday,0,35,Urban,Medium Speed (Collector),No,25.88031111,-80.210425,Non-Intersection,Dark - Lighted,Clear,Unknown,Unknown,Unknown EMS Scene Arrival Hour,Unknown EMS Scene Arrival Minutes,Unknown,Unknown EMS Hospital Arrival Time,1,Dark - Lighted,Clear,1,1,['Driver'],['None_Used'],0,0,Invalid,0.0,0.0,30.0,30.0,['Male'],0,0,5,4,2,Dry,Straight,Level,Lowest,No
8514,12,Florida,121024,0,3,3,0,9,NOT APPLICABLE,April,11,Tuesday,6,6,Urban,High Speed (Arterial),Yes,28.34350556,-81.67283333,Non-Intersection,Dark - Not Lighted,Clear,Unknown,Unknown,Unknown EMS Scene Arrival Hour,Unknown EMS Scene Arrival Minutes,Unknown,Unknown EMS Hospital Arrival Time,2,Dark - Unlighted,Clear,2,7,"['Driver', 'Front_Passenger']","['None_Used', 'None_Used']",0,0,Valid,0.0,1.0,53.0,28.0,"['Male', 'Male', 'Male']",0,0,3,4,5,Dry,Straight,Level,Lowest,No
8515,12,Florida,121025,0,1,1,0,1,NOT APPLICABLE,April,7,Friday,0,50,Urban,Medium Speed (Collector),No,28.10683056,-82.56381944,Non-Intersection,Dark - Not Lighted,Clear,Unknown,Unknown,Unknown EMS Scene Arrival Hour,Unknown EMS Scene Arrival Minutes,Unknown,Unknown EMS Hospital Arrival Time,1,Dark - Unlighted,Clear,1,0,['Driver'],['Shoulder_Lapbelt'],0,0,Valid,0.0,2.0,30.0,30.0,['Male'],0,0,3,4,3,Dry,Curve,Level,Lowest,No
8516,12,Florida,121026,0,2,2,0,4,SANFORD,February,24,Friday,19,31,Urban,Medium Speed (Collector),No,28.80075278,-81.285675,Simple Junction,Dark - Lighted,Clear,Unknown,Unknown,Unknown EMS Scene Arrival Hour,Unknown EMS Scene Arrival Minutes,Unknown,Unknown EMS Hospital Arrival Time,2,Dark - Lighted,Clear,2,2,"['Rear_Seat', 'Rear_Seat']","['None_Used', 'None_Used']",0,0,Valid,1.0,0.0,75.0,34.0,"['Male', 'Male']",3,0,5,4,5,Dry,Straight,Level,Lowest,Yes
8517,12,Florida,121027,0,2,2,0,2,NOT APPLICABLE,April,21,Friday,2,57,Urban,High Speed (Arterial),Yes,28.67941389,-81.85893333,Non-Intersection,Dark - Lighted,Clear,Unknown,Unknown,Unknown EMS Scene Arrival Hour,Unknown EMS Scene Arrival Minutes,Unknown,Unknown EMS Hospital Arrival Time,1,Dark - Lighted,Clear,1,1,['Driver'],['None_Used'],0,0,Invalid,0.0,0.0,39.0,27.0,"['Female', 'Male']",0,0,3,4,5,Dry,Straight,Level,Lowest,No
8518,12,Florida,121028,0,2,2,0,4,JACKSONVILLE,April,25,Tuesday,20,48,Urban,Medium Speed (Collector),No,30.39564722,-81.773175,Non-Intersection,Dark - Not Lighted,Clear,Unknown,Unknown,Unknown EMS Scene Arrival Hour,Unknown EMS Scene Arrival Minutes,Unknown,Unknown EMS Hospital Arrival Time,1,Dark - Unlighted,Clear,1,3,['Driver'],['None_Used'],0,0,Valid,0.0,6.0,42.0,33.0,"['Male', 'Female']",0,0,2,4,5,Dry,Straight,Level,Lowest,No
8519,12,Florida,121029,0,2,2,0,3,NOT APPLICABLE,April,7,Friday,22,10,Urban,High Speed (Arterial),Yes,25.88286944,-80.23071667,Complex/Circle,Dark - Lighted,Clear,Unknown,Unknown,Unknown EMS Scene Arrival Hour,Unknown EMS Scene Arrival Minutes,Not Applicable (Not Transported),Not Applicable (Not Transported),1,Dark - Lighted,Clear,1,2,['Driver'],['None_Used'],0,0,Valid,1.0,1.0,27.0,18.0,"['Male', 'Male']",0,0,5,4,5,Dry,Straight,Level,Lowest,No
8520,12,Florida,121030,0,2,2,0,3,STUART,April,17,Monday,20,48,Urban,Medium Speed (Collector),No,27.21072778,-80.26064722,Simple Junction,Dark - Lighted,Clear,Unknown,Unknown,Unknown EMS Scene Arrival Hour,Unknown EMS Scene Arrival Minutes,Not Applicable (Not Transported),Not Applicable (Not Transported),1,Dark - Lighted,Clear,1,2,['Driver'],['None_Used'],1,1,Valid,1.0,0.0,42.0,29.0,"['Male', 'Male']",0,0,5,4,5,Dry,Straight,Level,Lowest,No
8521,12,Florida,121031,0,2,2,0,4,NOT APPLICABLE,April,21,Friday,10,25,Urban,High Speed (Arterial),Yes,28.869525,-82.36005278,Complex/Circle,Daylight,Clear,Unknown,Unknown,Unknown EMS Scene Arrival Hour,Unknown EMS Scene Arrival Minutes,Unknown,Unknown EMS Hospital Arrival Time,1,Daylight,Clear,1,3,['Driver'],['Shoulder_Lapbelt'],0,0,Valid,1.0,0.0,78.0,67.0,"['Female', 'Female']",0,0,3,4,5,Dry,Straight,Level,Lowest,No
8522,12,Florida,121032,0,2,2,0,3,NOT APPLICABLE,April,17,Monday,6,50,Urban,Medium Speed (Collector),No,28.03309722,-81.81457222,Complex/Circle,Dawn,Rain,Unknown,Unknown,Unknown EMS Scene Arrival Hour,Unknown EMS Scene Arrival Minutes,Unknown,Unknown EMS Hospital Arrival Time,2,Twilight,Rain/Wind/Minor,2,1,"['Driver', 'Front_Passenger']","['Shoulder_Lapbelt', 'Shoulder_Lapbelt']",0,0,Valid,0.0,0.0,79.0,60.0,"['Female', 'Male']",0,0,3,4,5,Wet/Standing Water,Straight,Level,Lowest,No
8523,12,Florida,121033,0,2,2,0,2,NOT APPLICABLE,April,24,Monday,12,4,Urban,Medium Speed (Collector),No,27.91809722,-80.48047222,Simple Junction,Daylight,Clear,Unknown,Unknown,Unknown EMS Scene Arrival Hour,Unknown EMS Scene Arrival Minutes,Unknown,Unknown EMS Hospital Arrival Time,1,Daylight,Clear,1,1,['Driver'],['None_Used'],1,1,Valid,0.0,0.0,56.0,43.0,"['Male', 'Male']",0,0,5,4,5,Dry,Straight,Level,Lowest,No
8524,12,Florida,121034,0,3,3,0,5,MIAMI GARDENS,April,25,Tuesday,22,7,Urban,Medium Speed (Collector),No,25.94017778,-80.26939444,Complex/Circle,Dark - Lighted,Cloudy,Unknown,Unknown,Unknown EMS Scene Arrival Hour,Unknown EMS Scene Arrival Minutes,Unknown,Unknown EMS Hospital Arrival Time,1,Dark - Lighted,Reduced Visibility,1,4,['Driver'],['None_Used'],0,0,Valid,0.0,0.0,32.0,16.0,"['Male', 'Male', 'Male']",1,0,5,4,5,Wet/Standing Water,Straight,Level,Lowest,No
8525,12,Florida,121035,0,1,1,0,2,NOT APPLICABLE,January,13,Friday,11,54,Rural,High Speed (Arterial),Yes,27.65663889,-82.50639722,Non-Intersection,Daylight,Clear,Unknown,Unknown,Unknown EMS Scene Arrival Hour,Unknown EMS Scene Arrival Minutes,Unknown,Unknown EMS Hospital Arrival Time,1,Daylight,Clear,1,1,['Front_Passenger'],['Shoulder_Lapbelt'],0,0,Invalid,0.0,0.0,28.0,28.0,['Male'],0,0,2,4,2,Dry,Straight,Level,Lowest,No
8526,12,Florida,121036,0,3,3,0,8,NOT APPLICABLE,February,4,Saturday,1,0,Urban,High Speed (Arterial),Yes,27.24371944,-80.34591111,Non-Intersection,Dark - Not Lighted,Clear,Unknown,Unknown,Unknown EMS Scene Arrival Hour,Unknown EMS Scene Arrival Minutes,Not Applicable (Not Transported),Not Applicable (Not Transported),1,Dark - Unlighted,Clear,1,7,['Driver'],['None_Used'],0,0,Valid,1.0,1.0,64.0,19.0,"['Female', 'Male', 'Male']",0,0,4,4,5,Dry,Straight,Level,Lowest,No
8527,12,Florida,121037,1,1,1,0,2,NOT APPLICABLE,February,14,Tuesday,20,4,Urban,High Speed (Arterial),Yes,28.33494167,-81.41883889,Non-Intersection,Dark - Lighted,Cloudy,Unknown,Unknown,Unknown EMS Scene Arrival Hour,Unknown EMS Scene Arrival Minutes,Unknown,Unknown EMS Hospital Arrival Time,1,Dark - Lighted,Reduced Visibility,0,2,[],[],0,0,Valid,0.0,0.0,27.0,27.0,['Male'],0,0,2,4,4,Dry,Straight,Grade/Hillcrest,Lowest,No
8528,12,Florida,121038,0,2,2,0,2,NOT APPLICABLE,March,20,Monday,5,48,Urban,Medium Speed (Collector),No,25.53474167,-80.4128,Complex/Circle,Dark - Lighted,Rain,Unknown,Unknown,Unknown EMS Scene Arrival Hour,Officially Cancelled,Unknown,Officially Canceled,1,Dark - Lighted,Rain/Wind/Minor,1,1,['Driver'],['None_Used'],0,0,Invalid,0.0,0.0,46.0,19.0,"['Male', 'Male']",0,0,5,4,5,Wet/Standing Water,Straight,Level,Lowest,No
8529,12,Florida,121039,0,1,1,0,1,NOT APPLICABLE,January,6,Friday,11,59,Urban,Low Speed (Local),No,28.59655833,-81.20151667,Non-Intersection,Daylight,Clear,Unknown,Unknown,Unknown EMS Scene Arrival Hour,Unknown EMS Scene Arrival Minutes,Unknown,Unknown EMS Hospital Arrival Time,1,Daylight,Clear,1,0,['Driver'],['None_Used'],0,0,Valid,0.0,0.0,19.0,19.0,['Male'],1,0,5,4,2,Dry,Curve,Level,Lowest,No
8530,12,Florida,121040,0,1,1,0,1,NOT APPLICABLE,January,12,Thursday,22,20,Urban,Medium Speed (Collector),No,29.06375278,-82.01775,Complex/Circle,Dark - Not Lighted,Clear,Unknown,Unknown,Unknown EMS Scene Arrival Hour,Unknown EMS Scene Arrival Minutes,Unknown,Unknown EMS Hospital Arrival Time,1,Dark - Unlighted,Clear,1,0,['Driver'],['None_Used'],0,0,Valid,0.0,0.0,61.0,61.0,['Male'],0,0,2,4,2,Dry,Straight,Level,Lowest,No
8531,12,Florida,121041,1,1,1,0,2,LAKE WALES,February,3,Friday,6,13,Urban,Medium Speed (Collector),No,27.910325,-81.59768889,Non-Intersection,Dark - Not Lighted,Clear,Unknown,Unknown,Unknown EMS Scene Arrival Hour,Unknown EMS Scene Arrival Minutes,Unknown,Unknown EMS Hospital Arrival Time,1,Dark - Unlighted,Clear,0,2,[],[],0,0,Valid,0.0,0.0,47.0,47.0,['Female'],0,0,3,2,4,Dry,Straight,Grade/Hillcrest,Lowest,No
8532,12,Florida,121042,0,2,2,0,3,NOT APPLICABLE,February,15,Wednesday,6,48,Urban,High Speed (Arterial),Yes,28.02590556,-81.63405556,Simple Junction,Dawn,Clear,Unknown,Unknown,Unknown EMS Scene Arrival Hour,Unknown EMS Scene Arrival Minutes,Unknown,Unknown EMS Hospital Arrival Time,1,Twilight,Clear,1,2,['Driver'],['Shoulder_Lapbelt'],0,0,Valid,0.0,0.0,29.0,23.0,"['Female', 'Female']",0,0,3,4,5,Dry,Straight,Level,Lowest,No
8533,12,Florida,121043,0,2,2,0,2,DUNDEE,February,15,Wednesday,20,18,Urban,High Speed (Arterial),Yes,27.99139167,-81.63098889,Non-Intersection,Dark - Lighted,Clear,Unknown,Unknown,Unknown EMS Scene Arrival Hour,Unknown EMS Scene Arrival Minutes,Unknown,Unknown EMS Hospital Arrival Time,1,Dark - Lighted,Clear,1,1,['Driver'],['None_Used'],0,0,Valid,2.0,0.0,998.0,28.0,"['Male', 'Other']",1,0,5,4,5,Dry,Straight,Level,Lowest,No
8534,12,Florida,121044,0,2,2,0,4,LAKE WALES,February,25,Saturday,1,13,Urban,High Speed (Arterial),Yes,27.92925278,-81.6079,Non-Intersection,Dark - Lighted,Clear,Unknown,Unknown,Unknown EMS Scene Arrival Hour,Unknown EMS Scene Arrival Minutes,Unknown,Unknown EMS Hospital Arrival Time,1,Dark - Lighted,Clear,1,3,['Driver'],['None_Used'],0,0,Valid,0.0,0.0,54.0,37.0,"['Male', 'Male']",2,0,3,4,5,Oil/Contaminated,Straight,Level,Lowest,No
8535,12,Florida,121045,0,2,2,0,2,NOT APPLICABLE,March,2,Thursday,11,57,Urban,Medium Speed (Collector),No,28.0884,-82.48604722,Simple Junction,Daylight,Clear,Unknown,Unknown,Unknown EMS Scene Arrival Hour,Unknown EMS Scene Arrival Minutes,Not Applicable (Not Transported),Not Applicable (Not Transported),1,Daylight,Clear,1,1,['Driver'],['None_Used'],0,0,Valid,0.0,0.0,76.0,20.0,"['Male', 'Male']",1,0,5,4,5,Dry,Curve,Level,Lowest,No
8536,12,Florida,121047,0,1,1,0,1,MILTON,March,9,Thursday,7,8,Urban,Low Speed (Local),No,30.63466111,-87.06464722,Non-Intersection,Daylight,Clear,Unknown,Unknown,Unknown EMS Scene Arrival Hour,Unknown EMS Scene Arrival Minutes,Unknown,Unknown EMS Hospital Arrival Time,1,Daylight,Clear,1,0,['Driver'],['None_Used'],0,0,Valid,0.0,0.0,39.0,39.0,['Male'],0,0,2,4,3,Dry,Straight,Grade/Hillcrest,Medium,No
8537,12,Florida,121048,1,1,1,0,1,HOLLYWOOD,March,14,Tuesday,5,10,Urban,Low Speed (Local),No,26.03040833,-80.20436667,Complex/Circle,Dark - Not Lighted,Clear,Unknown,Unknown,Unknown EMS Scene Arrival Hour,Unknown EMS Scene Arrival Minutes,Unknown,Unknown EMS Hospital Arrival Time,1,Dark - Unlighted,Clear,0,0,[],[],0,0,Invalid,0.0,0.0,999.0,999.0,['Other'],0,0,1,0,4,Dry,Straight,Level,Lowest,No
8538,12,Florida,121049,0,2,2,0,3,FLORIDA CITY,March,28,Tuesday,21,8,Urban,High Speed (Arterial),Yes,25.45334722,-80.47511389,Simple Junction,Dark - Lighted,Clear,Unknown,Unknown,Unknown EMS Scene Arrival Hour,Unknown EMS Scene Arrival Minutes,Unknown,Unknown EMS Hospital Arrival Time,1,Dark - Lighted,Clear,1,2,['Front_Passenger'],['None_Used'],0,0,Valid,1.0,0.0,54.0,37.0,"['Female', 'Female']",0,0,3,4,5,Dry,Straight,Level,Lowest,No
8539,12,Florida,121050,1,1,1,0,1,CAPE CORAL,April,8,Saturday,20,6,Urban,Low Speed (Local),No,26.63403611,-81.941,Simple Junction,Dark - Lighted,Clear,Unknown,Unknown,Unknown EMS Scene Arrival Hour,Unknown EMS Scene Arrival Minutes,Unknown,Unknown EMS Hospital Arrival Time,1,Dark - Lighted,Clear,0,1,[],[],0,0,Valid,0.0,1.0,59.0,59.0,['Other'],0,0,3,3,4,Dry,Straight,Level,Lowest,No
8540,12,Florida,121051,0,1,1,0,1,SANFORD,April,15,Saturday,4,27,Urban,High Speed (Arterial),Yes,28.78064722,-81.27349722,Non-Intersection,Dark - Lighted,Clear,Unknown,Unknown,Unknown EMS Scene Arrival Hour,Unknown EMS Scene Arrival Minutes,Unknown,Unknown EMS Hospital Arrival Time,1,Dark - Lighted,Clear,1,0,['Driver'],['Shoulder_Lapbelt'],0,0,Invalid,0.0,0.0,53.0,53.0,['Male'],1,0,2,4,3,Dry,Curve,Level,Lowest,No
8541,12,Florida,121053,1,2,1,1,1,NOT APPLICABLE,April,26,Wednesday,21,0,Urban,High Speed (Arterial),Yes,29.23434167,-82.18956667,Non-Intersection,Dark - Not Lighted,Rain,Unknown,Unknown,Unknown EMS Scene Arrival Hour,Unknown EMS Scene Arrival Minutes,Not Applicable (Not Transported),Not Applicable (Not Transported),1,Dark - Unlighted,Rain/Wind/Minor,1,0,['Driver'],['Shoulder_Lapbelt'],0,0,Valid,0.0,1.0,19.0,19.0,['Female'],1,0,2,4,5,Wet/Standing Water,Curve,Level,Lowest,No
8542,12,Florida,121054,0,2,2,0,2,NOT APPLICABLE,April,26,Wednesday,4,22,Rural,High Speed (Arterial),Yes,28.50775,-82.119325,Non-Intersection,Dark - Not Lighted,Clear,Unknown,Unknown,Unknown EMS Scene Arrival Hour,Unknown EMS Scene Arrival Minutes,Unknown,Unknown EMS Hospital Arrival Time,1,Dark - Unlighted,Clear,1,1,['Driver'],['None_Used'],0,0,Valid,0.0,0.0,55.0,24.0,"['Male', 'Male']",0,0,2,4,5,Dry,Curve,Level,Lowest,No
8543,12,Florida,121055,0,2,2,0,2,MIAMI,April,27,Thursday,4,29,Urban,Medium Speed (Collector),No,25.77146667,-80.2717,Complex/Circle,Dark - Lighted,Clear,Unknown,Unknown,Unknown EMS Scene Arrival Hour,Unknown EMS Scene Arrival Minutes,Not Applicable (Not Transported),Not Applicable (Not Transported),1,Dark - Lighted,Clear,1,1,['Driver'],['None_Used'],0,0,Valid,3.0,0.0,50.0,46.0,"['Male', 'Male']",0,0,5,4,5,Dry,Straight,Level,Lowest,No
8544,12,Florida,121056,0,1,1,0,1,DEERFIELD BEACH,April,15,Saturday,19,31,Rural,Low Speed (Local),No,26.31108889,-80.16086389,Non-Intersection,Daylight,Clear,Unknown,Unknown,Unknown EMS Scene Arrival Hour,Unknown EMS Scene Arrival Minutes,Not Applicable (Not Transported),Not Applicable (Not Transported),1,Daylight,Clear,1,0,['Driver'],['None_Used'],0,0,Valid,0.0,0.0,54.0,54.0,['Male'],0,0,3,3,3,Dry,Curve,Level,Lowest,No
8545,12,Florida,121057,1,2,2,0,1,NOT APPLICABLE,April,28,Friday,2,55,Rural,Low Speed (Local),No,29.33029167,-82.39874444,Non-Intersection,Dark - Not Lighted,Cloudy,Unknown,Unknown,Unknown EMS Scene Arrival Hour,Unknown EMS Scene Arrival Minutes,Not Applicable (Not Transported),Not Applicable (Not Transported),1,Dark - Unlighted,Reduced Visibility,0,1,[],[],0,0,Valid,0.0,1.0,19.0,19.0,['Male'],0,0,3,4,5,Wet/Standing Water,Straight,Grade/Hillcrest,Lowest,No
8546,12,Florida,121058,1,1,1,0,1,NOT APPLICABLE,April,28,Friday,16,5,Urban,Medium Speed (Collector),No,28.06876111,-82.46843889,Non-Intersection,Daylight,Clear,Unknown,Unknown,Unknown EMS Scene Arrival Hour,Unknown EMS Scene Arrival Minutes,Unknown,Unknown EMS Hospital Arrival Time,1,Daylight,Clear,0,1,[],[],0,0,Valid,0.0,0.0,37.0,37.0,['Male'],0,0,3,1,4,Dry,Straight,Level,Lowest,No
8547,12,Florida,121059,0,2,2,0,3,DEERFIELD BEACH,April,19,Wednesday,17,59,Urban,High Speed (Arterial),Yes,26.31779444,-80.16043056,Complex/Circle,Daylight,Clear,Unknown,Unknown,Unknown EMS Scene Arrival Hour,Unknown EMS Scene Arrival Minutes,Unknown,Unknown EMS Hospital Arrival Time,1,Daylight,Clear,1,2,['Driver'],['None_Used'],0,0,Valid,0.0,0.0,36.0,24.0,"['Female', 'Male']",0,0,5,4,5,Dry,Straight,Level,Lowest,No
8548,12,Florida,121060,1,1,1,0,2,NOT APPLICABLE,April,26,Wednesday,20,42,Urban,Low Speed (Local),No,27.96752778,-82.28995556,Non-Intersection,Dark - Not Lighted,Clear,Unknown,Unknown,Unknown EMS Scene Arrival Hour,Unknown EMS Scene Arrival Minutes,Not Applicable (Not Transported),Not Applicable (Not Transported),1,Dark - Unlighted,Clear,0,2,[],[],0,0,Invalid,0.0,0.0,16.0,16.0,['Male'],0,0,2,3,4,Dry,Straight,Level,Lowest,No
8549,12,Florida,121062,1,2,2,0,2,NOT APPLICABLE,April,29,Saturday,0,10,Urban,High Speed (Arterial),Yes,28.60775278,-81.42455278,Non-Intersection,Dark - Lighted,Clear,Unknown,Unknown,Unknown EMS Scene Arrival Hour,Unknown EMS Scene Arrival Minutes,Not Applicable (Not Transported),Not Applicable (Not Transported),1,Dark - Lighted,Clear,0,1,[],[],0,0,Invalid,0.0,0.0,998.0,76.0,"['Other', 'Male']",0,0,3,3,4,Dry,Straight,Level,Lowest,No
8550,12,Florida,121063,0,1,1,0,3,NOT APPLICABLE,April,29,Saturday,14,19,Rural,Low Speed (Local),No,29.54035833,-81.81929722,Non-Intersection,Daylight,Cloudy,Unknown,Unknown,Unknown EMS Scene Arrival Hour,Unknown EMS Scene Arrival Minutes,Unknown,Unknown EMS Hospital Arrival Time,1,Daylight,Reduced Visibility,1,2,['Front_Passenger'],['None_Used'],1,1,Valid,0.0,2.0,21.0,21.0,['Male'],0,0,5,3,3,Loose/Unpaved,Curve,Level,Lowest,No