,State_Code,State_Name,Crash_ID,Count_Non_Motorists,Count_Vehicles_Total,Count_Vehicle_Forms,Count_PVH_Involved,Count_Occupants_MV,City_Name,Month_Name,Day_of_Month,Day_of_Week,Crash_Hour,Crash_Minute,Area_Rural_Urban,Road_Functional_Class,On_NHS_Road,Latitude,Longitude,Intersection_Type,Light_Condition,Weather_Condition,Notif_Hour,Notif_Minute,Arrival_Hour,Arrival_Minute,Hospital_Hour,Hospital_Minute,Fatalities_Count,Clean_Light_Condition,Clean_Weather_Condition,Total_Killed,Total_Alive,Fatal_Seats_List,Killed_Restraint_List,Any_Driver_Drinking,Total_Drinking_Drivers,Driver_License_Category,Driver_Max_Prev_Accident_Count,Driver_Max_Prev_Speeding_Count,Max_Driver_Age,Min_Driver_Age,Driver_Sex_List,Total_Exceeding_Limit_Vehicles,Total_Too_Fast_Vehicles,Max_Vehicle_Type_Severity_5,Max_Vehicle_Damage_Rank,Max_Harmful_Event_Severity,Crash_Road_Surface_Condition,Crash_Horizontal_Alignment,Crash_Vertical_Profile,Crash_Impairment_Category,Crash_Vehicle_Defect
8551,12,Florida,121064,0,2,2,0,5,NOT APPLICABLE,April,28,Friday,19,40,Rural,High Speed (Arterial),Yes,29.28313056,-82.15200556,Non-Intersection,Dusk,Clear,Unknown,Unknown,Unknown EMS Scene Arrival Hour,Unknown EMS Scene Arrival Minutes,Unknown,Unknown EMS Hospital Arrival Time,1,Twilight,Clear,1,4,['Driver'],['None_Used'],0,0,Valid,0.0,0.0,62.0,45.0,"['Male', 'Male']",0,0,3,4,5,Dry,Straight,Level,Lowest,No
8552,12,Florida,121065,1,1,1,0,1,LARGO,April,29,Saturday,0,34,Urban,Medium Speed (Collector),No,27.91670278,-82.78493889,Non-Intersection,Dark - Lighted,Clear,Unknown,Unknown,Unknown EMS Scene Arrival Hour,Unknown EMS Scene Arrival Minutes,Unknown,Unknown EMS Hospital Arrival Time,1,Dark - Lighted,Clear,0,1,[],[],0,0,Valid,0.0,0.0,26.0,26.0,['Female'],0,0,3,3,4,Dry,Straight,Level,Lowest,No
8553,12,Florida,121066,0,1,1,0,1,NOT APPLICABLE,April,28,Friday,6,35,Urban,Medium Speed (Collector),No,28.95403611,-81.65419722,Non-Intersection,Dark - Not Lighted,Rain,Unknown,Unknown,Unknown EMS Scene Arrival Hour,Unknown EMS Scene Arrival Minutes,Not Applicable (Not Transported),Not Applicable (Not Transported),1,Dark - Unlighted,Rain/Wind/Minor,1,0,['Driver'],['None_Used'],1,1,Valid,2.0,0.0,41.0,41.0,['Male'],0,0,1,4,3,Wet/Standing Water,Curve,Level,Lowest,No
8554,12,Florida,121067,0,2,2,0,3,NOT APPLICABLE,April,29,Saturday,18,19,Urban,High Speed (Arterial),Yes,27.40705,-82.56916667,Complex/Circle,Daylight,Cloudy,Unknown,Unknown,Unknown EMS Scene Arrival Hour,Unknown EMS Scene Arrival Minutes,Unknown,Unknown EMS Hospital Arrival Time,1,Daylight,Reduced Visibility,1,2,['Rear_Seat'],['Shoulder_Lapbelt'],0,0,Valid,0.0,2.0,72.0,30.0,"['Male', 'Male']",0,0,3,4,5,Wet/Standing Water,Straight,Level,Lowest,No
8555,12,Florida,121068,1,1,1,0,1,NOT APPLICABLE,April,29,Saturday,5,38,Urban,Medium Speed (Collector),No,26.33164167,-80.16686667,Non-Intersection,Dark - Not Lighted,Clear,Unknown,Unknown,Unknown EMS Scene Arrival Hour,Unknown EMS Scene Arrival Minutes,Unknown,Unknown EMS Hospital Arrival Time,1,Dark - Unlighted,Clear,0,1,[],[],0,0,Valid,0.0,1.0,25.0,25.0,['Male'],0,0,3,3,4,Dry,Straight,Level,Lowest,No
8556,12,Florida,121069,0,1,1,0,1,PLANTATION,April,29,Saturday,15,30,Urban,High Speed (Arterial),Yes,26.13920556,-80.21887778,Non-Intersection,Daylight,Clear,Unknown,Unknown,Unknown EMS Scene Arrival Hour,Unknown EMS Scene Arrival Minutes,Unknown,Unknown EMS Hospital Arrival Time,1,Daylight,Clear,1,0,['Driver'],['None_Used'],0,0,Valid,0.0,0.0,50.0,50.0,['Male'],0,0,5,3,3,Dry,Curve,Grade/Hillcrest,Lowest,No
8557,12,Florida,121070,0,2,2,0,2,JACKSONVILLE,April,30,Sunday,20,22,Urban,Medium Speed (Collector),No,30.26770833,-81.52383611,Complex/Circle,Dusk,Cloudy,Unknown,Unknown,Unknown EMS Scene Arrival Hour,Unknown EMS Scene Arrival Minutes,Not Applicable (Not Transported),Not Applicable (Not Transported),1,Twilight,Reduced Visibility,1,1,['Driver'],['None_Used'],0,0,Valid,0.0,0.0,34.0,19.0,"['Male', 'Male']",0,0,5,4,5,Dry,Straight,Level,Lowest,No
8558,12,Florida,121071,1,1,1,0,1,NOT APPLICABLE,April,21,Friday,20,46,Rural,Low Speed (Local),No,28.27321111,-82.71203889,Non-Intersection,Dark - Not Lighted,Clear,Unknown,Unknown,Unknown EMS Scene Arrival Hour,Unknown EMS Scene Arrival Minutes,Unknown,Unknown EMS Hospital Arrival Time,1,Dark - Unlighted,Clear,0,1,[],[],0,0,Valid,0.0,0.0,27.0,27.0,['Male'],0,0,2,4,4,Dry,Straight,Level,Lowest,No
8559,12,Florida,121074,0,2,2,0,3,NOT APPLICABLE,April,23,Sunday,5,27,Urban,High Speed (Arterial),Yes,28.48364167,-81.37206111,Complex/Circle,Dark - Not Lighted,Clear,Unknown,Unknown,Unknown EMS Scene Arrival Hour,Unknown EMS Scene Arrival Minutes,Unknown,Unknown EMS Hospital Arrival Time,1,Dark - Unlighted,Clear,1,2,['Driver'],['Shoulder_Lapbelt'],0,0,Valid,0.0,0.0,78.0,18.0,"['Male', 'Female']",0,0,3,4,5,Dry,Straight,Level,Lowest,No
8560,12,Florida,121075,0,2,2,0,2,MIAMI,April,19,Wednesday,18,14,Rural,Low Speed (Local),No,25.77195556,-80.25242778,Complex/Circle,Daylight,Clear,Unknown,Unknown,Unknown EMS Scene Arrival Hour,Unknown EMS Scene Arrival Minutes,Unknown,Unknown EMS Hospital Arrival Time,1,Daylight,Clear,1,1,['Driver'],['None_Used'],0,0,Valid,0.0,0.0,58.0,57.0,"['Male', 'Male']",0,0,5,4,5,Dry,Straight,Level,Lowest,No
8561,12,Florida,121076,1,1,1,0,1,NOT APPLICABLE,April,17,Monday,23,50,Urban,Medium Speed (Collector),No,28.21711111,-82.71536944,Complex/Circle,Dark - Lighted,Clear,Unknown,Unknown,Unknown EMS Scene Arrival Hour,Unknown EMS Scene Arrival Minutes,Unknown,Unknown EMS Hospital Arrival Time,1,Dark - Lighted,Clear,0,1,[],[],0,0,Valid,0.0,0.0,30.0,30.0,['Female'],0,0,3,3,4,Dry,Straight,Level,Lowest,No
8562,12,Florida,121077,0,2,2,0,3,NOT APPLICABLE,April,30,Sunday,13,9,Rural,High Speed (Arterial),Yes,26.71521667,-81.67808333,Non-Intersection,Daylight,Cloudy,Unknown,Unknown,Unknown EMS Scene Arrival Hour,Unknown EMS Scene Arrival Minutes,Not Applicable (Not Transported),Not Applicable (Not Transported),1,Daylight,Reduced Visibility,1,2,['Driver'],['Shoulder_Lapbelt'],1,1,Valid,0.0,0.0,57.0,33.0,"['Male', 'Male']",0,0,3,4,5,Dry,Straight,Level,Lowest,No
8563,12,Florida,121078,0,2,2,0,2,PENSACOLA,April,22,Saturday,4,0,Urban,High Speed (Arterial),Yes,30.41624167,-87.21116389,Non-Intersection,Dark - Lighted,Clear,Unknown,Unknown,Unknown EMS Scene Arrival Hour,Unknown EMS Scene Arrival Minutes,Unknown,Unknown EMS Hospital Arrival Time,1,Dark - Lighted,Clear,1,1,['Driver'],['None_Used'],1,1,Valid,0.0,1.0,39.0,24.0,"['Female', 'Male']",0,0,2,4,5,Dry,Curve,Grade/Hillcrest,Lowest,No
8564,12,Florida,121079,1,1,1,0,1,NOT APPLICABLE,April,13,Thursday,15,52,Urban,Low Speed (Local),No,25.60591389,-80.36118333,Non-Intersection,Daylight,Clear,Unknown,Unknown,Unknown EMS Scene Arrival Hour,Unknown EMS Scene Arrival Minutes,Not Applicable (Not Transported),Not Applicable (Not Transported),1,Daylight,Clear,0,1,[],[],0,0,Valid,0.0,0.0,82.0,82.0,['Male'],0,0,3,3,4,Dry,Straight,Non-Trafficway,Lowest,No
8565,12,Florida,121080,0,2,2,0,7,NOT APPLICABLE,April,23,Sunday,4,30,Urban,Medium Speed (Collector),No,28.54679167,-81.24442778,Complex/Circle,Dawn,Clear,Unknown,Unknown,Unknown EMS Scene Arrival Hour,Unknown EMS Scene Arrival Minutes,Unknown,Unknown EMS Hospital Arrival Time,1,Twilight,Clear,1,6,['Driver'],['Shoulder_Lapbelt'],0,0,Valid,0.0,0.0,23.0,15.0,"['Male', 'Male']",0,0,3,4,5,Dry,Straight,Level,Lowest,No
8566,12,Florida,121081,0,2,2,0,2,NOT APPLICABLE,April,30,Sunday,2,50,Urban,High Speed (Arterial),No,26.58173333,-81.71399167,Complex/Circle,Dark - Lighted,Clear,Unknown,Unknown,Unknown EMS Scene Arrival Hour,Unknown EMS Scene Arrival Minutes,Unknown,Unknown EMS Hospital Arrival Time,1,Dark - Lighted,Clear,1,1,['Driver'],['None_Used'],1,1,Valid,0.0,0.0,61.0,29.0,"['Male', 'Male']",0,0,5,4,5,Dry,Straight,Level,Lowest,No
8567,12,Florida,121082,0,2,2,0,2,LEESBURG,April,23,Sunday,20,18,Urban,High Speed (Arterial),No,28.80566667,-81.88324167,Non-Intersection,Dusk,Clear,Unknown,Unknown,Unknown EMS Scene Arrival Hour,Unknown EMS Scene Arrival Minutes,Unknown,Unknown EMS Hospital Arrival Time,1,Twilight,Clear,1,1,['Driver'],['None_Used'],1,1,Valid,0.0,1.0,73.0,41.0,"['Male', 'Male']",0,0,5,4,5,Dry,Curve,Level,Lowest,No
8568,12,Florida,121083,0,2,2,0,4,NOT APPLICABLE,April,30,Sunday,20,23,Rural,High Speed (Arterial),Yes,29.21394444,-81.97423611,Non-Intersection,Dark - Not Lighted,Clear,Unknown,Unknown,Unknown EMS Scene Arrival Hour,Unknown EMS Scene Arrival Minutes,Unknown,Unknown EMS Hospital Arrival Time,2,Dark - Unlighted,Clear,2,2,"['Driver', 'Front_Passenger']","['None_Used', 'None_Used']",0,0,Valid,0.0,1.0,58.0,52.0,"['Male', 'Female']",0,0,3,4,5,Dry,Straight,Level,Lowest,No
8569,12,Florida,121084,2,3,2,1,2,NOT APPLICABLE,April,25,Tuesday,5,50,Rural,Medium Speed (Collector),No,27.59487222,-81.93559722,Non-Intersection,Dark - Not Lighted,Clear,Unknown,Unknown,Unknown EMS Scene Arrival Hour,Unknown EMS Scene Arrival Minutes,Unknown,Unknown EMS Hospital Arrival Time,1,Dark - Unlighted,Clear,1,1,['Driver'],['Shoulder_Lapbelt'],0,0,Valid,0.0,0.0,44.0,31.0,"['Male', 'Male']",0,0,4,4,5,Dry,Straight,Grade/Hillcrest,Lowest,No
8570,12,Florida,121085,0,2,2,0,4,JACKSONVILLE,April,30,Sunday,3,30,Urban,High Speed (Arterial),Yes,30.29178889,-81.55913056,Non-Intersection,Dark - Lighted,Cloudy,Unknown,Unknown,Unknown EMS Scene Arrival Hour,Unknown EMS Scene Arrival Minutes,Unknown,Unknown EMS Hospital Arrival Time,1,Dark - Lighted,Reduced Visibility,1,3,['Driver'],['None_Used'],1,1,Valid,1.0,1.0,26.0,19.0,"['Male', 'Male']",0,0,2,4,5,Dry,Straight,Level,Lowest,No
8571,12,Florida,121086,1,1,1,0,1,HIALEAH,April,30,Sunday,1,35,Urban,High Speed (Arterial),Yes,25.84205556,-80.30633611,Complex/Circle,Dark - Lighted,Rain,Unknown,Unknown,Unknown EMS Scene Arrival Hour,Unknown EMS Scene Arrival Minutes,Not Applicable (Not Transported),Not Applicable (Not Transported),1,Dark - Lighted,Rain/Wind/Minor,0,1,[],[],0,0,Invalid,0.0,0.0,999.0,999.0,['Other'],0,0,1,0,4,Wet/Standing Water,Straight,Level,Lowest,No
8572,12,Florida,121087,1,1,1,0,1,NOT APPLICABLE,May,1,Monday,21,43,Urban,High Speed (Arterial),Yes,28.44213333,-81.40307778,Non-Intersection,Dark - Lighted,Clear,Unknown,Unknown,Unknown EMS Scene Arrival Hour,Unknown EMS Scene Arrival Minutes,Not Applicable (Not Transported),Not Applicable (Not Transported),1,Dark - Lighted,Clear,0,1,[],[],0,0,Invalid,0.0,0.0,999.0,999.0,['Other'],0,0,1,0,4,Dry,Straight,Level,Lowest,No
8573,12,Florida,121088,0,2,2,0,2,NOT APPLICABLE,May,1,Monday,8,43,Urban,Medium Speed (Collector),No,29.68893333,-82.45036944,Complex/Circle,Daylight,Clear,Unknown,Unknown,Unknown EMS Scene Arrival Hour,Unknown EMS Scene Arrival Minutes,Not Applicable (Not Transported),Not Applicable (Not Transported),1,Daylight,Clear,1,1,['Driver'],['None_Used'],0,0,Valid,0.0,1.0,61.0,21.0,"['Male', 'Male']",0,0,5,4,5,Dry,Straight,Level,Lowest,No
8574,12,Florida,121089,0,2,2,0,2,NOT APPLICABLE,May,1,Monday,21,12,Urban,High Speed (Arterial),Yes,29.99008889,-81.37197778,Simple Junction,Dark - Not Lighted,Clear,Unknown,Unknown,Unknown EMS Scene Arrival Hour,Unknown EMS Scene Arrival Minutes,Unknown,Unknown EMS Hospital Arrival Time,1,Dark - Unlighted,Clear,1,1,['Driver'],['None_Used'],0,0,Valid,0.0,1.0,32.0,19.0,"['Female', 'Male']",0,0,5,4,5,Dry,Straight,Level,Lowest,No
8575,12,Florida,121090,0,2,2,0,2,NOT APPLICABLE,April,23,Sunday,21,30,Urban,Medium Speed (Collector),No,25.89624444,-80.27870833,Non-Intersection,Dark - Not Lighted,Clear,Unknown,Unknown,Unknown EMS Scene Arrival Hour,Unknown EMS Scene Arrival Minutes,Not Applicable (Not Transported),Not Applicable (Not Transported),1,Dark - Unlighted,Clear,1,1,['Driver'],['None_Used'],0,0,Invalid,0.0,0.0,24.0,19.0,"['Male', 'Male']",0,0,5,4,5,Dry,Straight,Level,Lowest,No
8576,12,Florida,121091,0,1,1,0,1,PALM SPRINGS,April,21,Friday,21,37,Urban,High Speed (Arterial),Yes,26.65064722,-80.08068056,Non-Intersection,Dark - Lighted,Cloudy,Unknown,Unknown,Unknown EMS Scene Arrival Hour,Unknown EMS Scene Arrival Minutes,Unknown,Unknown EMS Hospital Arrival Time,1,Dark - Lighted,Reduced Visibility,1,0,['Driver'],['None_Used'],0,0,Valid,0.0,0.0,24.0,24.0,['Male'],0,0,5,4,2,Dry,Curve,Level,Lowest,No
8577,12,Florida,121092,0,2,2,0,9,NOT APPLICABLE,April,10,Monday,8,3,Rural,High Speed (Arterial),Yes,28.45268889,-80.94256389,Non-Intersection,Daylight,Clear,Unknown,Unknown,Unknown EMS Scene Arrival Hour,Unknown EMS Scene Arrival Minutes,Unknown,Unknown EMS Hospital Arrival Time,1,Daylight,Clear,1,8,['Rear_Seat'],['None_Used'],0,0,Valid,0.0,0.0,74.0,45.0,"['Female', 'Male']",0,0,3,4,5,Dry,Straight,Grade/Hillcrest,Lowest,Yes
8578,12,Florida,121094,1,1,1,0,2,NOT APPLICABLE,April,30,Sunday,21,18,Urban,Medium Speed (Collector),No,30.58932222,-87.30411111,Non-Intersection,Dark - Not Lighted,Clear,Unknown,Unknown,Unknown EMS Scene Arrival Hour,Unknown EMS Scene Arrival Minutes,Not Applicable (Not Transported),Not Applicable (Not Transported),1,Dark - Unlighted,Clear,0,2,[],[],0,0,Valid,0.0,0.0,42.0,42.0,['Male'],0,0,3,3,4,Dry,Straight,Level,Lowest,No
8579,12,Florida,121095,0,2,2,0,2,NOT APPLICABLE,April,28,Friday,15,9,Rural,Medium Speed (Collector),No,28.97910556,-81.78355833,Non-Intersection,Daylight,Clear,Unknown,Unknown,Unknown EMS Scene Arrival Hour,Unknown EMS Scene Arrival Minutes,Unknown,Unknown EMS Hospital Arrival Time,1,Daylight,Clear,1,1,['Driver'],['Shoulder_Lapbelt'],1,1,Invalid,0.0,1.0,66.0,24.0,"['Male', 'Female']",0,0,2,4,5,Dry,Curve,Level,Lowest,No
8580,12,Florida,121096,0,2,2,0,2,BONITA SPRINGS,May,2,Tuesday,7,6,Urban,Medium Speed (Collector),No,26.34925278,-81.77913889,Simple Junction,Daylight,Clear,Unknown,Unknown,Unknown EMS Scene Arrival Hour,Unknown EMS Scene Arrival Minutes,Not Applicable (Not Transported),Not Applicable (Not Transported),1,Daylight,Clear,1,1,['Driver'],['None_Used'],0,0,Valid,0.0,0.0,29.0,25.0,"['Male', 'Male']",1,0,5,4,5,Dry,Straight,Level,Lowest,No
8581,12,Florida,121097,0,2,1,1,2,HALLANDALE BEACH,April,22,Saturday,3,56,Urban,Medium Speed (Collector),No,25.98520278,-80.15785556,Non-Intersection,Dark - Lighted,Clear,Unknown,Unknown,Unknown EMS Scene Arrival Hour,Unknown EMS Scene Arrival Minutes,Unknown,Unknown EMS Hospital Arrival Time,1,Dark - Lighted,Clear,1,1,['Front_Passenger'],['None_Used'],0,0,Valid,0.0,0.0,28.0,28.0,['Female'],0,0,2,4,3,Dry,Straight,Level,Lowest,No
8582,12,Florida,121098,0,7,7,0,12,NOT APPLICABLE,April,21,Friday,22,9,Urban,High Speed (Arterial),Yes,29.24302222,-81.11129167,Non-Intersection,Dark - Lighted,Cloudy,Unknown,Unknown,Unknown EMS Scene Arrival Hour,Unknown EMS Scene Arrival Minutes,Unknown,Unknown EMS Hospital Arrival Time,1,Dark - Lighted,Reduced Visibility,1,11,['Front_Passenger'],['Shoulder_Lapbelt'],0,0,Valid,0.0,1.0,55.0,20.0,"['Female', 'Male', 'Male', 'Male', 'Female', 'Male', 'Male']",0,0,4,4,5,Dry,Straight,Level,Lowest,No
8583,12,Florida,121099,1,1,1,0,1,ORLANDO,May,2,Tuesday,20,49,Urban,High Speed (Arterial),Yes,28.46655278,-81.43841944,Non-Intersection,Daylight,Clear,Unknown,Unknown,Unknown EMS Scene Arrival Hour,Unknown EMS Scene Arrival Minutes,Not Applicable (Not Transported),Not Applicable (Not Transported),1,Daylight,Clear,0,1,[],[],0,0,Valid,0.0,0.0,36.0,36.0,['Male'],0,0,2,4,4,Dry,Straight,Level,Lowest,No
8584,12,Florida,121100,0,2,2,0,2,NOT APPLICABLE,April,21,Friday,14,49,Urban,High Speed (Arterial),Yes,28.07381944,-81.73697222,Non-Intersection,Daylight,Cloudy,Unknown,Unknown,Unknown EMS Scene Arrival Hour,Unknown EMS Scene Arrival Minutes,Unknown,Unknown EMS Hospital Arrival Time,1,Daylight,Reduced Visibility,1,1,['Driver'],['Shoulder_Lapbelt'],0,0,Valid,0.0,0.0,64.0,62.0,"['Male', 'Male']",0,0,4,4,5,Dry,Straight,Level,Lowest,No
8585,12,Florida,121101,0,2,2,0,2,NOT APPLICABLE,May,4,Thursday,12,23,Urban,High Speed (Arterial),Yes,30.39751667,-87.30435556,Non-Intersection,Daylight,Clear,Unknown,Unknown,Unknown EMS Scene Arrival Hour,Unknown EMS Scene Arrival Minutes,Unknown,Unknown EMS Hospital Arrival Time,1,Daylight,Clear,1,1,['Driver'],['Shoulder_Lapbelt'],0,0,Valid,0.0,0.0,92.0,45.0,"['Female', 'Male']",0,0,3,4,5,Dry,Straight,Non-Trafficway,Lowest,No
8586,12,Florida,121102,0,1,1,0,2,NOT APPLICABLE,May,1,Monday,20,12,Rural,High Speed (Arterial),Yes,29.72328889,-85.09648611,Non-Intersection,Dark - Not Lighted,Clear,Unknown,Unknown,Unknown EMS Scene Arrival Hour,Unknown EMS Scene Arrival Minutes,Not Applicable (Not Transported),Not Applicable (Not Transported),2,Dark - Unlighted,Clear,2,0,"['Driver', 'Front_Passenger']","['Shoulder_Lapbelt', 'Shoulder_Lapbelt']",0,0,Invalid,0.0,0.0,19.0,19.0,['Male'],0,0,2,4,3,Dry,Straight,Level,Lowest,Yes
8587,12,Florida,121103,1,1,1,0,1,NOT APPLICABLE,April,14,Friday,22,35,Urban,Medium Speed (Collector),No,30.28731111,-82.09314722,Non-Intersection,Dark - Not Lighted,Clear,Unknown,Unknown,Unknown EMS Scene Arrival Hour,Unknown EMS Scene Arrival Minutes,Unknown,Unknown EMS Hospital Arrival Time,1,Dark - Unlighted,Clear,0,1,[],[],0,0,Valid,0.0,2.0,33.0,33.0,['Male'],0,0,2,3,4,Dry,Straight,Level,Lowest,No
8588,12,Florida,121104,0,2,2,0,3,NOT APPLICABLE,April,22,Saturday,12,30,Urban,Medium Speed (Collector),No,27.95303056,-81.94841111,Complex/Circle,Daylight,Cloudy,Unknown,Unknown,Unknown EMS Scene Arrival Hour,Unknown EMS Scene Arrival Minutes,Unknown,Unknown EMS Hospital Arrival Time,1,Daylight,Reduced Visibility,1,2,['Driver'],['None_Used'],0,0,Valid,0.0,0.0,40.0,23.0,"['Male', 'Male']",0,0,5,4,5,Dry,Straight,Level,Lowest,No
8589,12,Florida,121105,0,2,2,0,2,NOT APPLICABLE,April,24,Monday,17,4,Urban,High Speed (Arterial),No,28.431825,-81.41157778,Non-Intersection,Daylight,Rain,Unknown,Unknown,Unknown EMS Scene Arrival Hour,Unknown EMS Scene Arrival Minutes,Unknown,Unknown EMS Hospital Arrival Time,1,Daylight,Rain/Wind/Minor,1,1,['Driver'],['None_Used'],0,0,Valid,0.0,0.0,45.0,38.0,"['Male', 'Female']",0,0,5,4,5,Wet/Standing Water,Straight,Grade/Hillcrest,Lowest,No
8590,12,Florida,121106,0,2,2,0,2,NOT APPLICABLE,April,24,Monday,9,18,Rural,High Speed (Arterial),Yes,29.76937778,-81.45569167,Complex/Circle,Daylight,Clear,Unknown,Unknown,Unknown EMS Scene Arrival Hour,Unknown EMS Scene Arrival Minutes,Unknown,Unknown EMS Hospital Arrival Time,1,Daylight,Clear,1,1,['Driver'],['Shoulder_Lapbelt'],0,0,Valid,0.0,0.0,56.0,51.0,"['Male', 'Male']",0,0,4,4,5,Dry,Straight,Level,Lowest,No
8591,12,Florida,121107,0,2,2,0,4,NOT APPLICABLE,April,28,Friday,15,26,Urban,Medium Speed (Collector),No,28.45208333,-82.37070278,Complex/Circle,Daylight,Cloudy,Unknown,Unknown,Unknown EMS Scene Arrival Hour,Unknown EMS Scene Arrival Minutes,Unknown,Unknown EMS Hospital Arrival Time,1,Daylight,Reduced Visibility,1,3,['Front_Passenger'],['Shoulder_Lapbelt'],0,0,Valid,0.0,0.0,77.0,50.0,"['Male', 'Female']",0,0,3,4,5,Dry,Straight,Level,Lowest,No
8592,12,Florida,121108,0,2,2,0,4,NOT APPLICABLE,April,28,Friday,19,56,Urban,Medium Speed (Collector),No,30.51880833,-87.38110556,Complex/Circle,Dusk,Clear,Unknown,Unknown,Unknown EMS Scene Arrival Hour,Unknown EMS Scene Arrival Minutes,Unknown,Unknown EMS Hospital Arrival Time,1,Twilight,Clear,1,3,['Driver'],['Shoulder_Lapbelt'],0,0,Valid,2.0,1.0,71.0,36.0,"['Male', 'Female']",0,0,3,4,5,Dry,Straight,Level,Lowest,No
8593,12,Florida,121109,0,1,1,0,1,PLANTATION,April,19,Wednesday,19,12,Urban,Medium Speed (Collector),No,26.12108056,-80.19809722,Non-Intersection,Dusk,Clear,Unknown,Unknown,Unknown EMS Scene Arrival Hour,Unknown EMS Scene Arrival Minutes,Unknown,Unknown EMS Hospital Arrival Time,1,Twilight,Clear,1,0,['Driver'],['None_Used'],0,0,Valid,2.0,0.0,43.0,43.0,['Male'],0,0,2,4,3,Dry,Straight,Level,Lowest,No
8594,12,Florida,121110,1,1,1,0,1,NOT APPLICABLE,April,22,Saturday,21,24,Rural,Medium Speed (Collector),Yes,28.01031944,-81.82113889,Complex/Circle,Dark - Unknown Lighting,Clear,Unknown,Unknown,Unknown EMS Scene Arrival Hour,Unknown EMS Scene Arrival Minutes,Unknown,Unknown EMS Hospital Arrival Time,1,Dark - Unlighted,Clear,0,1,[],[],0,0,Invalid,0.0,0.0,998.0,998.0,['Other'],0,0,1,0,4,Dry,Straight,Level,Lowest,No
8595,12,Florida,121111,1,1,1,0,1,HIALEAH,April,26,Wednesday,8,12,Urban,Medium Speed (Collector),No,25.85194722,-80.28248611,Non-Intersection,Daylight,Clear,Unknown,Unknown,Unknown EMS Scene Arrival Hour,Unknown EMS Scene Arrival Minutes,Unknown,Unknown EMS Hospital Arrival Time,1,Daylight,Clear,0,1,[],[],0,0,Valid,0.0,0.0,44.0,44.0,['Male'],0,0,3,3,4,Dry,Straight,Level,Lowest,No
8596,12,Florida,121112,0,2,2,0,2,JACKSONVILLE,May,3,Wednesday,8,55,Urban,Medium Speed (Collector),No,30.3561,-81.641175,Complex/Circle,Daylight,Clear,Unknown,Unknown,Unknown EMS Scene Arrival Hour,Unknown EMS Scene Arrival Minutes,Not Applicable (Not Transported),Not Applicable (Not Transported),1,Daylight,Clear,1,1,['Driver'],['Shoulder_Lapbelt'],0,0,Valid,0.0,2.0,57.0,31.0,"['Female', 'Female']",0,0,4,4,5,Dry,Straight,Grade/Hillcrest,Lowest,No
8597,12,Florida,121113,0,2,2,0,2,NOT APPLICABLE,May,2,Tuesday,5,15,Urban,High Speed (Arterial),Yes,28.67293333,-81.49271944,Complex/Circle,Dark - Lighted,Clear,Unknown,Unknown,Unknown EMS Scene Arrival Hour,Unknown EMS Scene Arrival Minutes,Unknown,Unknown EMS Hospital Arrival Time,1,Dark - Lighted,Clear,1,1,['Driver'],['None_Used'],0,0,Valid,1.0,0.0,57.0,51.0,"['Male', 'Male']",0,0,5,4,5,Dry,Straight,Level,Lowest,No
8598,12,Florida,121114,0,2,2,0,4,NOT APPLICABLE,May,5,Friday,9,46,Rural,High Speed (Arterial),Yes,27.22549167,-81.09473333,Simple Junction,Daylight,Clear,Unknown,Unknown,Unknown EMS Scene Arrival Hour,Unknown EMS Scene Arrival Minutes,Unknown,Unknown EMS Hospital Arrival Time,1,Daylight,Clear,1,3,['Front_Passenger'],['Shoulder_Lapbelt'],0,0,Valid,0.0,1.0,34.0,28.0,"['Male', 'Female']",0,0,3,4,5,Dry,Straight,Level,Lowest,No
8599,12,Florida,121115,1,1,1,0,1,NOT APPLICABLE,May,5,Friday,20,22,Urban,High Speed (Arterial),Yes,24.56056111,-81.78028333,Simple Junction,Dark - Not Lighted,Clear,Unknown,Unknown,Unknown EMS Scene Arrival Hour,Unknown EMS Scene Arrival Minutes,Unknown,Unknown EMS Hospital Arrival Time,1,Dark - Unlighted,Clear,0,1,[],[],0,0,Valid,0.0,0.0,27.0,27.0,['Female'],0,0,3,2,4,Dry,Straight,Level,Lowest,No
8600,12,Florida,121116,0,3,3,0,12,MIAMI GARDENS,March,18,Saturday,19,57,Urban,High Speed (Arterial),Yes,25.97156389,-80.22951944,Non-Intersection,Dark - Lighted,Clear,Unknown,Unknown,Unknown EMS Scene Arrival Hour,Unknown EMS Scene Arrival Minutes,Unknown,Unknown EMS Hospital Arrival Time,1,Dark - Lighted,Clear,1,11,['Rear_Seat'],['None_Used'],0,0,Valid,0.0,0.0,59.0,32.0,"['Female', 'Male', 'Female']",0,0,3,4,5,Dry,Straight,Level,Lowest,No