,State_Code,State_Name,Crash_ID,Count_Non_Motorists,Count_Vehicles_Total,Count_Vehicle_Forms,Count_PVH_Involved,Count_Occupants_MV,City_Name,Month_Name,Day_of_Month,Day_of_Week,Crash_Hour,Crash_Minute,Area_Rural_Urban,Road_Functional_Class,On_NHS_Road,Latitude,Longitude,Intersection_Type,Light_Condition,Weather_Condition,Notif_Hour,Notif_Minute,Arrival_Hour,Arrival_Minute,Hospital_Hour,Hospital_Minute,Fatalities_Count,Clean_Light_Condition,Clean_Weather_Condition,Total_Killed,Total_Alive,Fatal_Seats_List,Killed_Restraint_List,Any_Driver_Drinking,Total_Drinking_Drivers,Driver_License_Category,Driver_Max_Prev_Accident_Count,Driver_Max_Prev_Speeding_Count,Max_Driver_Age,Min_Driver_Age,Driver_Sex_List,Total_Exceeding_Limit_Vehicles,Total_Too_Fast_Vehicles,Max_Vehicle_Type_Severity_5,Max_Vehicle_Damage_Rank,Max_Harmful_Event_Severity,Crash_Road_Surface_Condition,Crash_Horizontal_Alignment,Crash_Vertical_Profile,Crash_Impairment_Category,Crash_Vehicle_Defect
8601,12,Florida,121117,1,1,1,0,1,ORLANDO,May,1,Monday,20,33,Urban,Medium Speed (Collector),No,28.56849444,-81.430625,Non-Intersection,Dark - Lighted,Clear,Unknown,Unknown,Unknown EMS Scene Arrival Hour,Unknown EMS Scene Arrival Minutes,Not Applicable (Not Transported),Not Applicable (Not Transported),1,Dark - Lighted,Clear,0,1,[],[],0,0,Valid,0.0,0.0,35.0,35.0,['Male'],0,0,2,2,4,Dry,Straight,Level,Lowest,No
8602,12,Florida,121118,0,2,2,0,2,NOT APPLICABLE,May,8,Monday,22,37,Urban,High Speed (Arterial),Yes,26.95510556,-82.06412778,Non-Intersection,Dark - Lighted,Clear,Unknown,Unknown,Unknown EMS Scene Arrival Hour,Unknown EMS Scene Arrival Minutes,Not Applicable (Not Transported),Not Applicable (Not Transported),1,Dark - Lighted,Clear,1,1,['Driver'],['None_Used'],1,1,Invalid,0.0,1.0,50.0,28.0,"['Male', 'Female']",0,0,5,4,5,Dry,Straight,Level,Lowest,No
8603,12,Florida,121119,0,1,1,0,2,NOT APPLICABLE,April,30,Sunday,17,50,Urban,Medium Speed (Collector),No,28.46269444,-82.62586944,Non-Intersection,Daylight,Clear,Unknown,Unknown,Unknown EMS Scene Arrival Hour,Unknown EMS Scene Arrival Minutes,Unknown,Unknown EMS Hospital Arrival Time,1,Daylight,Clear,1,1,['Rear_Seat'],['None_Used'],1,1,Valid,0.0,0.0,38.0,38.0,['Male'],0,0,2,4,2,Dry,Curve,Level,Lowest,No
8604,12,Florida,121120,0,2,2,0,3,NOT APPLICABLE,May,5,Friday,18,58,Rural,Medium Speed (Collector),No,30.54130556,-86.45458056,Non-Intersection,Daylight,Cloudy,Unknown,Unknown,Unknown EMS Scene Arrival Hour,Unknown EMS Scene Arrival Minutes,Unknown,Unknown EMS Hospital Arrival Time,3,Daylight,Reduced Visibility,3,0,"['Driver', 'Front_Passenger', 'Driver']","['Shoulder_Only', 'Shoulder_Lapbelt', 'Shoulder_Lapbelt']",1,1,Invalid,1.0,1.0,46.0,24.0,"['Male', 'Female']",0,0,3,4,5,Dry,Straight,Level,Lowest,No
8605,12,Florida,121121,2,1,1,0,1,NOT APPLICABLE,May,2,Tuesday,21,11,Urban,Medium Speed (Collector),No,27.63252778,-80.38764444,Non-Intersection,Dark - Not Lighted,Clear,Unknown,Unknown,Unknown EMS Scene Arrival Hour,Unknown EMS Scene Arrival Minutes,Unknown,Unknown EMS Hospital Arrival Time,1,Dark - Unlighted,Clear,0,0,[],[],0,0,Invalid,0.0,0.0,998.0,998.0,['Other'],0,0,3,3,4,Dry,Straight,Level,Lowest,No
8606,12,Florida,121123,1,1,1,0,1,HIALEAH,May,6,Saturday,5,22,Urban,High Speed (Arterial),No,25.84066944,-80.29031944,Complex/Circle,Dark - Lighted,Clear,Unknown,Unknown,Unknown EMS Scene Arrival Hour,Unknown EMS Scene Arrival Minutes,Not Applicable (Not Transported),Not Applicable (Not Transported),1,Dark - Lighted,Clear,0,1,[],[],0,0,Valid,0.0,0.0,22.0,22.0,['Male'],0,0,3,4,4,Dry,Straight,Level,Lowest,No
8607,12,Florida,121124,0,2,2,0,2,NOT APPLICABLE,May,2,Tuesday,8,16,Rural,High Speed (Arterial),Yes,30.59859722,-86.11073333,Simple Junction,Daylight,Clear,Unknown,Unknown,Unknown EMS Scene Arrival Hour,Unknown EMS Scene Arrival Minutes,Not Applicable (Not Transported),Not Applicable (Not Transported),1,Daylight,Clear,1,1,['Driver'],['Lapbelt_Only'],0,0,Valid,0.0,5.0,39.0,26.0,"['Male', 'Male']",0,0,4,4,5,Dry,Straight,Grade/Hillcrest,Lowest,No
8608,12,Florida,121125,0,2,2,0,2,NOT APPLICABLE,May,2,Tuesday,15,0,Rural,Medium Speed (Collector),No,26.812975,-81.31673611,Simple Junction,Daylight,Clear,Unknown,Unknown,Unknown EMS Scene Arrival Hour,Unknown EMS Scene Arrival Minutes,Unknown,Unknown EMS Hospital Arrival Time,1,Daylight,Clear,1,1,['Driver'],['None_Used'],0,0,Valid,0.0,0.0,37.0,31.0,"['Male', 'Male']",0,0,4,4,5,Dry,Straight,Level,Lowest,No
8609,12,Florida,121126,0,2,2,0,3,NOT APPLICABLE,May,3,Wednesday,13,30,Urban,High Speed (Arterial),Yes,27.04746111,-82.27147778,Simple Junction,Daylight,Clear,Unknown,Unknown,Unknown EMS Scene Arrival Hour,Unknown EMS Scene Arrival Minutes,Unknown,Unknown EMS Hospital Arrival Time,1,Daylight,Clear,1,2,['Front_Passenger'],['None_Used'],0,0,Valid,0.0,0.0,66.0,21.0,"['Female', 'Female']",0,0,2,4,5,Dry,Straight,Level,Lowest,No
8610,12,Florida,121127,0,1,1,0,1,WEST PALM BEACH,April,24,Monday,22,15,Urban,High Speed (Arterial),Yes,26.675925,-80.06955833,Non-Intersection,Dark - Lighted,Rain,Unknown,Unknown,Unknown EMS Scene Arrival Hour,Unknown EMS Scene Arrival Minutes,Not Applicable (Not Transported),Not Applicable (Not Transported),1,Dark - Lighted,Rain/Wind/Minor,1,0,['Driver'],['Shoulder_Lapbelt'],0,0,Valid,0.0,0.0,54.0,54.0,['Male'],0,0,2,4,3,Wet/Standing Water,Straight,Level,Lowest,No
8611,12,Florida,121128,0,2,2,0,3,NOT APPLICABLE,May,3,Wednesday,20,30,Urban,High Speed (Arterial),Yes,29.62401111,-81.91037778,Non-Intersection,Dark - Not Lighted,Clear,Unknown,Unknown,Unknown EMS Scene Arrival Hour,Unknown EMS Scene Arrival Minutes,Not Applicable (Not Transported),Not Applicable (Not Transported),1,Dark - Unlighted,Clear,1,2,['Driver'],['None_Used'],1,1,Valid,0.0,0.0,57.0,24.0,"['Male', 'Male']",0,0,5,4,5,Dry,Curve,Level,Lowest,No
8612,12,Florida,121129,0,2,2,0,3,DEERFIELD BEACH,May,1,Monday,10,0,Urban,Medium Speed (Collector),No,26.30495,-80.09754167,Simple Junction,Daylight,Clear,Unknown,Unknown,Unknown EMS Scene Arrival Hour,Unknown EMS Scene Arrival Minutes,Unknown,Unknown EMS Hospital Arrival Time,1,Daylight,Clear,1,2,['Driver'],['None_Used'],0,0,Valid,1.0,0.0,22.0,22.0,"['Male', 'Male']",1,0,5,4,5,Dry,Straight,Level,Lowest,No
8613,12,Florida,121130,0,3,3,0,3,NOT APPLICABLE,May,3,Wednesday,22,35,Urban,High Speed (Arterial),Yes,28.37420833,-80.70076111,Complex/Circle,Dark - Not Lighted,Clear,Unknown,Unknown,Unknown EMS Scene Arrival Hour,Unknown EMS Scene Arrival Minutes,Not Applicable (Not Transported),Not Applicable (Not Transported),1,Dark - Unlighted,Clear,1,2,['Driver'],['None_Used'],0,0,Valid,0.0,1.0,45.0,19.0,"['Female', 'Male', 'Male']",0,0,5,4,5,Dry,Straight,Grade/Hillcrest,Lowest,No
8614,12,Florida,121131,0,2,2,0,3,NOT APPLICABLE,May,3,Wednesday,20,22,Urban,Medium Speed (Collector),No,25.62815833,-80.36211944,Simple Junction,Dark - Lighted,Clear,Unknown,Unknown,Unknown EMS Scene Arrival Hour,Unknown EMS Scene Arrival Minutes,Unknown,Unknown EMS Hospital Arrival Time,1,Dark - Lighted,Clear,1,2,['Driver'],['None_Used'],0,0,Valid,0.0,0.0,41.0,32.0,"['Male', 'Male']",0,0,5,4,5,Dry,Straight,Level,Lowest,No
8615,12,Florida,121132,0,2,2,0,2,PEMBROKE PARK,April,28,Friday,15,55,Urban,High Speed (Arterial),Yes,25.99593056,-80.17110556,Simple Junction,Daylight,Clear,Unknown,Unknown,Unknown EMS Scene Arrival Hour,Unknown EMS Scene Arrival Minutes,Unknown,Unknown EMS Hospital Arrival Time,1,Daylight,Clear,1,1,['Driver'],['Shoulder_Lapbelt'],0,0,Valid,0.0,0.0,76.0,31.0,"['Female', 'Female']",0,0,3,4,5,Dry,Straight,Level,Lowest,Yes
8616,12,Florida,121133,0,3,2,1,4,NOT APPLICABLE,April,18,Tuesday,3,30,Urban,Medium Speed (Collector),No,25.92133333,-80.18566111,Non-Intersection,Dark - Not Lighted,Clear,Unknown,Unknown,Unknown EMS Scene Arrival Hour,Unknown EMS Scene Arrival Minutes,Unknown,Unknown EMS Hospital Arrival Time,1,Dark - Unlighted,Clear,1,3,['Front_Passenger'],['None_Used'],0,0,Invalid,1.0,0.0,999.0,32.0,"['Male', 'Male']",0,0,2,4,5,Dry,Straight,Level,Lowest,No
8617,12,Florida,121134,1,1,1,0,1,NOT APPLICABLE,May,4,Thursday,2,40,Rural,High Speed (Arterial),Yes,30.50015556,-86.1407,Non-Intersection,Dark - Not Lighted,Clear,Unknown,Unknown,Unknown EMS Scene Arrival Hour,Unknown EMS Scene Arrival Minutes,Not Applicable (Not Transported),Not Applicable (Not Transported),1,Dark - Unlighted,Clear,0,1,[],[],0,0,Valid,0.0,0.0,36.0,36.0,['Male'],0,0,3,3,4,Dry,Straight,Level,Lowest,No
8618,12,Florida,121135,0,1,1,0,1,NOT APPLICABLE,May,4,Thursday,2,0,Urban,High Speed (Arterial),Yes,27.44205278,-82.45903333,Non-Intersection,Dark - Lighted,Clear,Unknown,Unknown,Unknown EMS Scene Arrival Hour,Unknown EMS Scene Arrival Minutes,Not Applicable (Not Transported),Not Applicable (Not Transported),1,Dark - Lighted,Clear,1,0,['Driver'],['None_Used'],0,0,Valid,0.0,0.0,35.0,35.0,['Male'],0,0,5,4,4,Dry,Curve,Level,Lowest,No
8619,12,Florida,121136,0,2,2,0,2,NOT APPLICABLE,April,22,Saturday,22,55,Urban,High Speed (Arterial),Yes,28.12770833,-81.61539167,Non-Intersection,Dark - Not Lighted,Clear,Unknown,Unknown,Unknown EMS Scene Arrival Hour,Unknown EMS Scene Arrival Minutes,Unknown,Unknown EMS Hospital Arrival Time,1,Dark - Unlighted,Clear,1,1,['Driver'],['Shoulder_Lapbelt'],1,2,Invalid,0.0,0.0,43.0,24.0,"['Male', 'Male']",0,0,2,4,5,Dry,Straight,Level,Lowest,No
8620,12,Florida,121137,0,2,2,0,2,NOT APPLICABLE,May,4,Thursday,12,13,Urban,Medium Speed (Collector),No,27.93694444,-82.25273611,Non-Intersection,Daylight,Clear,Unknown,Unknown,Unknown EMS Scene Arrival Hour,Unknown EMS Scene Arrival Minutes,Unknown,Unknown EMS Hospital Arrival Time,1,Daylight,Clear,1,1,['Driver'],['None_Used'],0,0,Invalid,0.0,0.0,69.0,42.0,"['Male', 'Female']",0,0,5,3,5,Dry,Straight,Non-Trafficway,Lowest,No
8621,12,Florida,121138,1,1,1,0,2,NOT APPLICABLE,May,5,Friday,22,27,Urban,High Speed (Arterial),Yes,28.80813333,-81.5341,Non-Intersection,Dark - Lighted,Clear,Unknown,Unknown,Unknown EMS Scene Arrival Hour,Unknown EMS Scene Arrival Minutes,Not Applicable (Not Transported),Not Applicable (Not Transported),1,Dark - Lighted,Clear,0,2,[],[],0,0,Valid,0.0,0.0,28.0,28.0,['Male'],0,0,3,3,4,Dry,Straight,Level,Lowest,No
8622,12,Florida,121139,1,1,1,0,1,MIAMI GARDENS,May,1,Monday,5,31,Urban,High Speed (Arterial),Yes,25.95597778,-80.24593889,Non-Intersection,Dark - Not Lighted,Clear,Unknown,Unknown,Unknown EMS Scene Arrival Hour,Unknown EMS Scene Arrival Minutes,Not Applicable (Not Transported),Not Applicable (Not Transported),1,Dark - Unlighted,Clear,0,1,[],[],0,0,Valid,0.0,0.0,34.0,34.0,['Male'],0,0,3,3,4,Dry,Straight,Level,Lowest,No
8623,12,Florida,121140,0,2,2,0,2,NOT APPLICABLE,May,5,Friday,13,31,Urban,High Speed (Arterial),Yes,26.427875,-80.14660278,Complex/Circle,Daylight,Clear,Unknown,Unknown,Unknown EMS Scene Arrival Hour,Unknown EMS Scene Arrival Minutes,Unknown,Unknown EMS Hospital Arrival Time,1,Daylight,Clear,1,1,['Driver'],['Shoulder_Lapbelt'],0,0,Valid,0.0,0.0,82.0,30.0,"['Female', 'Male']",0,0,2,4,5,Dry,Straight,Level,Lowest,No
8624,12,Florida,121141,0,2,2,0,3,TALLAHASSEE,May,1,Monday,16,54,Urban,High Speed (Arterial),Yes,30.47806667,-84.29932778,Non-Intersection,Daylight,Cloudy,Unknown,Unknown,Unknown EMS Scene Arrival Hour,Unknown EMS Scene Arrival Minutes,Unknown,Unknown EMS Hospital Arrival Time,1,Daylight,Reduced Visibility,1,2,['Driver'],['Shoulder_Lapbelt'],0,0,Valid,0.0,0.0,72.0,19.0,"['Male', 'Male']",0,0,3,4,5,Dry,Straight,Level,Lowest,No
8625,12,Florida,121142,0,4,4,0,4,FORT LAUDERDALE,May,4,Thursday,13,47,Urban,Medium Speed (Collector),Yes,26.09268333,-80.14681944,Complex/Circle,Daylight,Clear,Unknown,Unknown,Unknown EMS Scene Arrival Hour,Unknown EMS Scene Arrival Minutes,Unknown,Unknown EMS Hospital Arrival Time,1,Daylight,Clear,1,3,['Driver'],['Shoulder_Lapbelt'],0,0,Valid,0.0,0.0,62.0,29.0,"['Male', 'Male', 'Female', 'Male']",0,0,3,4,5,Dry,Straight,Level,Lowest,No
8626,12,Florida,121143,0,2,2,0,4,NOT APPLICABLE,May,6,Saturday,3,53,Rural,Medium Speed (Collector),No,28.43981111,-82.05492222,Non-Intersection,Dark - Not Lighted,Clear,Unknown,Unknown,Unknown EMS Scene Arrival Hour,Unknown EMS Scene Arrival Minutes,Unknown,Unknown EMS Hospital Arrival Time,3,Dark - Unlighted,Clear,3,1,"['Driver', 'Driver', 'Rear_Seat']","['None_Used', 'Shoulder_Lapbelt', 'Shoulder_Lapbelt']",1,1,Valid,0.0,0.0,42.0,42.0,"['Male', 'Female']",0,0,2,4,5,Dry,Straight,Level,Lowest,No
8627,12,Florida,121144,0,1,1,0,1,NEW SMYRNA BEACH,May,6,Saturday,9,40,Urban,Medium Speed (Collector),No,29.02628333,-80.89502778,Non-Intersection,Daylight,Clear,Unknown,Unknown,Unknown EMS Scene Arrival Hour,Unknown EMS Scene Arrival Minutes,Unknown,Unknown EMS Hospital Arrival Time,1,Daylight,Clear,1,0,['Driver'],['None_Used'],0,0,Valid,0.0,0.0,76.0,76.0,['Male'],0,0,3,4,3,Dry,Straight,Level,Medium,No
8628,12,Florida,121145,0,2,2,0,2,NOT APPLICABLE,May,6,Saturday,23,49,Urban,Medium Speed (Collector),No,29.02637222,-81.98686389,Simple Junction,Dark - Not Lighted,Clear,Unknown,Unknown,Unknown EMS Scene Arrival Hour,Unknown EMS Scene Arrival Minutes,Unknown,Unknown EMS Hospital Arrival Time,1,Dark - Unlighted,Clear,1,1,['Driver'],['None_Used'],1,1,Valid,0.0,0.0,63.0,55.0,"['Male', 'Male']",0,0,5,4,5,Dry,Straight,Level,Lowest,No
8629,12,Florida,121146,1,1,1,0,1,PORT SAINT LUCIE,May,5,Friday,0,52,Urban,High Speed (Arterial),Yes,27.30561389,-80.308375,Complex/Circle,Dark - Lighted,Clear,Unknown,Unknown,Unknown EMS Scene Arrival Hour,Unknown EMS Scene Arrival Minutes,Not Applicable (Not Transported),Not Applicable (Not Transported),1,Dark - Lighted,Clear,0,1,[],[],0,0,Valid,0.0,0.0,26.0,26.0,['Male'],1,0,3,3,4,Dry,Straight,Level,Lowest,No
8630,12,Florida,121147,0,1,1,0,2,NOT APPLICABLE,May,5,Friday,22,5,Rural,High Speed (Arterial),Yes,30.29897222,-82.78623333,Non-Intersection,Dark - Not Lighted,Clear,Unknown,Unknown,Unknown EMS Scene Arrival Hour,Unknown EMS Scene Arrival Minutes,Not Applicable (Not Transported),Not Applicable (Not Transported),2,Dark - Unlighted,Clear,2,0,"['Driver', 'Rear_Seat']","['Shoulder_Lapbelt', 'None_Used']",0,0,Valid,0.0,0.0,50.0,50.0,['Male'],0,0,4,4,3,Dry,Straight,Level,Lowest,Yes
8631,12,Florida,121148,0,2,2,0,2,NOT APPLICABLE,April,28,Friday,20,16,Urban,Medium Speed (Collector),Yes,28.21880556,-82.24619167,Complex/Circle,Dark - Not Lighted,Clear,Unknown,Unknown,Unknown EMS Scene Arrival Hour,Unknown EMS Scene Arrival Minutes,Unknown,Unknown EMS Hospital Arrival Time,1,Dark - Unlighted,Clear,1,1,['Driver'],['Shoulder_Lapbelt'],0,0,Valid,0.0,0.0,67.0,41.0,"['Male', 'Male']",0,0,4,4,5,Dry,Straight,Level,Lowest,No
8632,12,Florida,121149,1,1,1,0,2,DAVIE,May,5,Friday,5,13,Urban,High Speed (Arterial),Yes,26.08226667,-80.21613056,Non-Intersection,Dark - Lighted,Clear,Unknown,Unknown,Unknown EMS Scene Arrival Hour,Unknown EMS Scene Arrival Minutes,Not Applicable (Not Transported),Not Applicable (Not Transported),1,Dark - Lighted,Clear,0,2,[],[],0,0,Valid,0.0,0.0,48.0,48.0,['Male'],0,0,4,3,4,Dry,Straight,Level,Lowest,No
8633,12,Florida,121150,1,1,1,0,2,NOT APPLICABLE,May,6,Saturday,16,55,Urban,Low Speed (Local),No,28.05998333,-82.39039444,Complex/Circle,Daylight,Cloudy,Unknown,Unknown,Unknown EMS Scene Arrival Hour,Unknown EMS Scene Arrival Minutes,Unknown,Unknown EMS Hospital Arrival Time,1,Daylight,Reduced Visibility,0,2,[],[],0,0,Valid,0.0,1.0,23.0,23.0,['Female'],0,0,3,3,4,Dry,Straight,Level,Lowest,No
8634,12,Florida,121151,0,1,1,0,2,JACKSONVILLE,May,6,Saturday,13,12,Urban,Medium Speed (Collector),No,30.28213333,-81.75525833,Non-Intersection,Daylight,Cloudy,Unknown,Unknown,Unknown EMS Scene Arrival Hour,Unknown EMS Scene Arrival Minutes,Unknown,Unknown EMS Hospital Arrival Time,1,Daylight,Reduced Visibility,1,1,['Front_Passenger'],['None_Used'],0,0,Invalid,0.0,0.0,43.0,43.0,['Female'],0,0,3,4,3,Dry,Straight,Level,Lowest,No
8635,12,Florida,121152,0,2,2,0,4,NOT APPLICABLE,May,6,Saturday,15,18,Rural,Medium Speed (Collector),No,30.59529444,-86.9412,Complex/Circle,Daylight,Cloudy,Unknown,Unknown,Unknown EMS Scene Arrival Hour,Unknown EMS Scene Arrival Minutes,Unknown,Unknown EMS Hospital Arrival Time,1,Daylight,Reduced Visibility,1,3,['Driver'],['Shoulder_Lapbelt'],0,0,Valid,0.0,0.0,62.0,54.0,"['Male', 'Male']",0,0,3,4,5,Dry,Straight,Level,Lowest,No
8636,12,Florida,121153,0,2,2,0,2,DELTONA,May,1,Monday,11,54,Urban,Medium Speed (Collector),No,28.88631389,-81.22043056,Non-Intersection,Daylight,Clear,Unknown,Unknown,Unknown EMS Scene Arrival Hour,Unknown EMS Scene Arrival Minutes,Unknown,Unknown EMS Hospital Arrival Time,2,Daylight,Clear,2,0,"['Driver', 'Driver']","['Shoulder_Lapbelt', 'None_Used']",0,0,Valid,1.0,0.0,57.0,57.0,"['Male', 'Male']",0,0,3,4,5,Dry,Straight,Level,Lowest,No
8637,12,Florida,121154,0,3,3,0,3,NOT APPLICABLE,May,5,Friday,14,25,Urban,High Speed (Arterial),Yes,25.832975,-80.20581944,Non-Intersection,Daylight,Clear,Unknown,Unknown,Unknown EMS Scene Arrival Hour,Unknown EMS Scene Arrival Minutes,Unknown,Unknown EMS Hospital Arrival Time,1,Daylight,Clear,1,2,['Driver'],['Shoulder_Lapbelt'],0,0,Valid,0.0,0.0,46.0,20.0,"['Female', 'Male', 'Female']",1,0,3,4,5,Dry,Straight,Level,Lowest,No
8638,12,Florida,121155,0,2,2,0,2,LAUDERHILL,January,24,Tuesday,17,41,Urban,Medium Speed (Collector),No,26.13182222,-80.18649167,Non-Intersection,Dark - Lighted,Clear,Unknown,Unknown,Unknown EMS Scene Arrival Hour,Unknown EMS Scene Arrival Minutes,Unknown,Unknown EMS Hospital Arrival Time,1,Dark - Lighted,Clear,1,1,['Driver'],['None_Used'],0,0,Valid,0.0,0.0,81.0,80.0,"['Male', 'Female']",0,0,5,4,5,Dry,Straight,Level,Lowest,No
8639,12,Florida,121157,0,2,2,0,3,NOT APPLICABLE,March,11,Saturday,21,20,Rural,High Speed (Arterial),Yes,28.76898056,-81.15482778,Non-Intersection,Dark - Not Lighted,Clear,Unknown,Unknown,Unknown EMS Scene Arrival Hour,Unknown EMS Scene Arrival Minutes,Unknown,Unknown EMS Hospital Arrival Time,1,Dark - Unlighted,Clear,1,2,['Driver'],['Lapbelt_Only'],1,1,Valid,0.0,0.0,82.0,37.0,"['Male', 'Male']",0,0,3,4,5,Dry,Straight,Level,Lowest,No
8640,12,Florida,121158,0,3,3,0,5,NOT APPLICABLE,April,28,Friday,20,17,Urban,High Speed (Arterial),Yes,30.42098889,-87.21726111,Non-Intersection,Dark - Not Lighted,Clear,Unknown,Unknown,Unknown EMS Scene Arrival Hour,Unknown EMS Scene Arrival Minutes,Unknown,Unknown EMS Hospital Arrival Time,1,Dark - Unlighted,Clear,1,4,['Rear_Seat'],['Shoulder_Lapbelt'],0,0,Valid,0.0,0.0,47.0,29.0,"['Male', 'Male', 'Female']",0,0,3,4,5,Dry,Straight,Level,Lowest,No
8641,12,Florida,121159,0,1,1,0,1,NOT APPLICABLE,May,11,Thursday,15,23,Rural,High Speed (Arterial),Yes,27.16778889,-82.432375,Non-Intersection,Daylight,Clear,Unknown,Unknown,Unknown EMS Scene Arrival Hour,Unknown EMS Scene Arrival Minutes,Not Applicable (Not Transported),Not Applicable (Not Transported),1,Daylight,Clear,1,0,['Driver'],['None_Used'],0,0,Valid,0.0,0.0,68.0,68.0,['Male'],0,0,5,4,2,Dry,Straight,Level,Lowest,No
8642,12,Florida,121160,1,1,1,0,1,NOT APPLICABLE,May,6,Saturday,16,1,Urban,Medium Speed (Collector),No,25.9409,-80.24435833,Complex/Circle,Daylight,Clear,Unknown,Unknown,Unknown EMS Scene Arrival Hour,Unknown EMS Scene Arrival Minutes,Unknown,Unknown EMS Hospital Arrival Time,1,Daylight,Clear,0,1,[],[],0,0,Valid,0.0,0.0,30.0,30.0,['Male'],0,0,2,3,4,Dry,Curve,Level,Lowest,No
8643,12,Florida,121161,1,1,1,0,1,SAFETY HARBOR,March,9,Thursday,21,9,Urban,Medium Speed (Collector),No,28.01213889,-82.70567222,Non-Intersection,Dark - Lighted,Clear,Unknown,Unknown,Unknown EMS Scene Arrival Hour,Unknown EMS Scene Arrival Minutes,Unknown,Unknown EMS Hospital Arrival Time,1,Dark - Lighted,Clear,0,1,[],[],0,0,Valid,0.0,0.0,86.0,86.0,['Male'],0,0,3,2,4,Dry,Straight,Level,Lowest,No
8644,12,Florida,121162,1,1,1,0,1,NOT APPLICABLE,May,6,Saturday,20,31,Urban,Medium Speed (Collector),No,25.84648611,-80.22435833,Simple Junction,Dark - Lighted,Clear,Unknown,Unknown,Unknown EMS Scene Arrival Hour,Unknown EMS Scene Arrival Minutes,Unknown,Unknown EMS Hospital Arrival Time,1,Dark - Lighted,Clear,0,1,[],[],0,0,Valid,0.0,0.0,66.0,66.0,['Female'],0,0,3,3,4,Dry,Straight,Level,Lowest,No
8645,12,Florida,121163,0,2,2,0,2,NOT APPLICABLE,May,7,Sunday,17,5,Urban,Low Speed (Local),No,29.24114167,-81.07045833,Simple Junction,Daylight,Clear,Unknown,Unknown,Unknown EMS Scene Arrival Hour,Unknown EMS Scene Arrival Minutes,Unknown,Unknown EMS Hospital Arrival Time,1,Daylight,Clear,1,1,['Driver'],['None_Used'],0,0,Valid,0.0,1.0,60.0,32.0,"['Male', 'Male']",1,0,5,4,5,Dry,Straight,Level,Lowest,No
8646,12,Florida,121164,0,1,1,0,1,PALM BEACH GARDENS,May,7,Sunday,18,15,Urban,High Speed (Arterial),Yes,26.8364,-80.09998333,Non-Intersection,Daylight,Clear,Unknown,Unknown,Unknown EMS Scene Arrival Hour,Unknown EMS Scene Arrival Minutes,Not Applicable (Not Transported),Not Applicable (Not Transported),1,Daylight,Clear,1,0,['Driver'],['None_Used'],0,0,Invalid,0.0,2.0,45.0,45.0,['Male'],0,0,2,4,3,Dry,Straight,Grade/Hillcrest,Lowest,No
8647,12,Florida,121165,0,3,3,0,6,NOT APPLICABLE,May,1,Monday,9,12,Rural,Medium Speed (Collector),No,28.66476111,-82.05481111,Complex/Circle,Daylight,Clear,Unknown,Unknown,Unknown EMS Scene Arrival Hour,Unknown EMS Scene Arrival Minutes,Not Applicable (Not Transported),Not Applicable (Not Transported),2,Daylight,Clear,2,4,"['Driver', 'Rear_Seat']","['Shoulder_Lapbelt', 'Child_Safety']",0,0,Valid,0.0,1.0,57.0,20.0,"['Female', 'Female', 'Male']",0,0,4,4,5,Dry,Straight,Level,Lowest,No
8648,12,Florida,121166,1,1,1,0,1,MIRAMAR,March,17,Friday,14,52,Rural,Medium Speed (Collector),No,25.97553333,-80.27873056,Non-Intersection,Daylight,Clear,Unknown,Unknown,Unknown EMS Scene Arrival Hour,Unknown EMS Scene Arrival Minutes,Unknown,Unknown EMS Hospital Arrival Time,1,Daylight,Clear,0,1,[],[],0,0,Valid,0.0,0.0,62.0,62.0,['Male'],0,0,3,2,4,Dry,Straight,Level,Lowest,No
8649,12,Florida,121167,0,2,2,0,3,TITUSVILLE,April,13,Thursday,9,44,Urban,Medium Speed (Collector),No,28.56263889,-80.84713333,Simple Junction,Daylight,Clear,Unknown,Unknown,Unknown EMS Scene Arrival Hour,Unknown EMS Scene Arrival Minutes,Unknown,Unknown EMS Hospital Arrival Time,1,Daylight,Clear,1,2,['Driver'],['Shoulder_Lapbelt'],0,0,Valid,1.0,0.0,86.0,48.0,"['Male', 'Male']",0,0,3,4,5,Dry,Straight,Level,Lowest,No
8650,12,Florida,121168,0,2,2,0,4,JACKSONVILLE,April,16,Sunday,16,2,Rural,High Speed (Arterial),Yes,30.32167222,-81.69920833,Non-Intersection,Daylight,Clear,Unknown,Unknown,Unknown EMS Scene Arrival Hour,Unknown EMS Scene Arrival Minutes,Unknown,Unknown EMS Hospital Arrival Time,1,Daylight,Clear,1,3,['Driver'],['None_Used'],0,0,Valid,1.0,0.0,65.0,25.0,"['Male', 'Male']",0,0,3,4,3,Dry,Straight,Level,Lowest,No
8651,12,Florida,121169,1,1,1,0,2,NOT APPLICABLE,April,17,Monday,14,2,Urban,Medium Speed (Collector),No,25.91667222,-80.18768333,Simple Junction,Daylight,Rain,Unknown,Unknown,Unknown EMS Scene Arrival Hour,Unknown EMS Scene Arrival Minutes,Unknown,Unknown EMS Hospital Arrival Time,1,Daylight,Rain/Wind/Minor,0,2,[],[],0,0,Invalid,1.0,1.0,24.0,24.0,['Male'],0,0,2,3,4,Wet/Standing Water,Straight,Level,Lowest,No