,State_Code,State_Name,Crash_ID,Count_Non_Motorists,Count_Vehicles_Total,Count_Vehicle_Forms,Count_PVH_Involved,Count_Occupants_MV,City_Name,Month_Name,Day_of_Month,Day_of_Week,Crash_Hour,Crash_Minute,Area_Rural_Urban,Road_Functional_Class,On_NHS_Road,Latitude,Longitude,Intersection_Type,Light_Condition,Weather_Condition,Notif_Hour,Notif_Minute,Arrival_Hour,Arrival_Minute,Hospital_Hour,Hospital_Minute,Fatalities_Count,Clean_Light_Condition,Clean_Weather_Condition,Total_Killed,Total_Alive,Fatal_Seats_List,Killed_Restraint_List,Any_Driver_Drinking,Total_Drinking_Drivers,Driver_License_Category,Driver_Max_Prev_Accident_Count,Driver_Max_Prev_Speeding_Count,Max_Driver_Age,Min_Driver_Age,Driver_Sex_List,Total_Exceeding_Limit_Vehicles,Total_Too_Fast_Vehicles,Max_Vehicle_Type_Severity_5,Max_Vehicle_Damage_Rank,Max_Harmful_Event_Severity,Crash_Road_Surface_Condition,Crash_Horizontal_Alignment,Crash_Vertical_Profile,Crash_Impairment_Category,Crash_Vehicle_Defect
8652,12,Florida,121170,0,1,1,0,2,DAYTONA BEACH,April,18,Tuesday,21,39,Urban,Medium Speed (Collector),No,29.23215,-81.01638611,Non-Intersection,Dark - Lighted,Clear,Unknown,Unknown,Unknown EMS Scene Arrival Hour,Unknown EMS Scene Arrival Minutes,Unknown,Unknown EMS Hospital Arrival Time,1,Dark - Lighted,Clear,1,1,['Driver'],['None_Used'],0,0,Valid,0.0,0.0,36.0,36.0,['Female'],0,0,5,4,0,Dry,Straight,Level,Lowest,No
8653,12,Florida,121171,0,2,2,0,2,FORT LAUDERDALE,April,20,Thursday,19,41,Rural,High Speed (Arterial),No,26.12217778,-80.15339167,Complex/Circle,Daylight,Clear,Unknown,Unknown,Unknown EMS Scene Arrival Hour,Unknown EMS Scene Arrival Minutes,Unknown,Unknown EMS Hospital Arrival Time,1,Daylight,Clear,1,1,['Driver'],['None_Used'],0,0,Valid,0.0,0.0,47.0,30.0,"['Male', 'Male']",0,0,5,4,5,Dry,Straight,Level,Lowest,No
8654,12,Florida,121172,1,1,1,0,1,HOLLYWOOD,April,27,Thursday,20,47,Urban,High Speed (Arterial),Yes,26.04278333,-80.20884167,Non-Intersection,Dark - Not Lighted,Clear,Unknown,Unknown,Unknown EMS Scene Arrival Hour,Unknown EMS Scene Arrival Minutes,Unknown,Unknown EMS Hospital Arrival Time,1,Dark - Unlighted,Clear,0,1,[],[],0,0,Valid,0.0,0.0,53.0,53.0,['Male'],0,0,2,3,4,Dry,Straight,Level,Lowest,No
8655,12,Florida,121173,0,2,2,0,2,NEW SMYRNA BEACH,April,28,Friday,23,55,Urban,High Speed (Arterial),Yes,29.01197778,-81.02208889,Complex/Circle,Dark - Not Lighted,Clear,Unknown,Unknown,Unknown EMS Scene Arrival Hour,Unknown EMS Scene Arrival Minutes,Unknown,Unknown EMS Hospital Arrival Time,1,Dark - Unlighted,Clear,1,1,['Driver'],['Shoulder_Lapbelt'],0,0,Valid,0.0,0.0,67.0,56.0,"['Male', 'Male']",0,0,3,4,5,Dry,Straight,Level,Lowest,No
8656,12,Florida,121174,0,2,2,0,2,FORT LAUDERDALE,May,2,Tuesday,7,47,Urban,High Speed (Arterial),Yes,26.16976389,-80.11861944,Complex/Circle,Daylight,Cloudy,Unknown,Unknown,Unknown EMS Scene Arrival Hour,Unknown EMS Scene Arrival Minutes,Unknown,Unknown EMS Hospital Arrival Time,1,Daylight,Reduced Visibility,1,1,['Driver'],['None_Used'],0,0,Valid,0.0,0.0,69.0,34.0,"['Male', 'Male']",0,0,5,4,5,Dry,Straight,Level,Lowest,No
8657,12,Florida,121175,0,2,2,0,2,SANFORD,May,3,Wednesday,7,8,Urban,Medium Speed (Collector),No,28.78665,-81.28743056,Complex/Circle,Daylight,Clear,Unknown,Unknown,Unknown EMS Scene Arrival Hour,Unknown EMS Scene Arrival Minutes,Unknown,Unknown EMS Hospital Arrival Time,1,Daylight,Clear,1,1,['Driver'],['Shoulder_Lapbelt'],0,0,Valid,0.0,0.0,71.0,17.0,"['Female', 'Female']",0,0,3,4,5,Dry,Straight,Level,Lowest,No
8658,12,Florida,121176,0,2,2,0,2,POMPANO BEACH,May,4,Thursday,15,54,Rural,Low Speed (Local),No,26.27536389,-80.10310278,Complex/Circle,Daylight,Clear,Unknown,Unknown,Unknown EMS Scene Arrival Hour,Unknown EMS Scene Arrival Minutes,Unknown,Unknown EMS Hospital Arrival Time,1,Daylight,Clear,1,1,['Driver'],['Shoulder_Lapbelt'],0,0,Valid,0.0,0.0,81.0,49.0,"['Female', 'Male']",0,0,3,4,5,Dry,Straight,Level,Lowest,No
8659,12,Florida,121177,0,1,1,0,1,LAKE HAMILTON,March,4,Saturday,23,15,Urban,Medium Speed (Collector),No,28.04698611,-81.62048889,Simple Junction,Dark - Not Lighted,Clear,Unknown,Unknown,Unknown EMS Scene Arrival Hour,Unknown EMS Scene Arrival Minutes,Not Applicable (Not Transported),Not Applicable (Not Transported),1,Dark - Unlighted,Clear,1,0,['Driver'],['None_Used'],0,0,Valid,0.0,1.0,30.0,30.0,['Male'],1,0,5,4,3,Dry,Curve,Level,Lowest,No
8660,12,Florida,121178,2,3,3,0,1,NOT APPLICABLE,April,9,Sunday,1,20,Rural,Low Speed (Local),No,28.44184444,-81.15733611,Non-Intersection,Dark - Lighted,Cloudy,Unknown,Unknown,Unknown EMS Scene Arrival Hour,Unknown EMS Scene Arrival Minutes,Unknown,Unknown EMS Hospital Arrival Time,1,Dark - Lighted,Reduced Visibility,0,1,[],[],0,0,Valid,0.0,0.0,34.0,34.0,['Male'],0,0,2,4,5,Dry,Curve,Level,Lowest,No
8661,12,Florida,121179,0,2,2,0,2,NOT APPLICABLE,April,11,Tuesday,12,28,Rural,Low Speed (Local),No,28.98315833,-82.01010556,Non-Intersection,Daylight,Clear,Unknown,Unknown,Unknown EMS Scene Arrival Hour,Unknown EMS Scene Arrival Minutes,Unknown,Unknown EMS Hospital Arrival Time,1,Daylight,Clear,1,1,['Driver'],['None_Used'],0,0,Valid,0.0,0.0,87.0,20.0,"['Female', 'Male']",0,0,5,4,5,Dry,Straight,Level,Lowest,No
8662,12,Florida,121180,1,1,1,0,1,NOT APPLICABLE,April,26,Wednesday,9,37,Urban,High Speed (Arterial),Yes,26.54426667,-81.87136111,Non-Intersection,Daylight,Clear,Unknown,Unknown,Unknown EMS Scene Arrival Hour,Unknown EMS Scene Arrival Minutes,Unknown,Unknown EMS Hospital Arrival Time,1,Daylight,Clear,0,1,[],[],0,0,Invalid,0.0,0.0,75.0,75.0,['Male'],0,0,3,2,4,Dry,Straight,Level,Lowest,No
8663,12,Florida,121181,0,2,2,0,2,SANFORD,May,2,Tuesday,20,30,Urban,High Speed (Arterial),Yes,28.78677222,-81.22039444,Non-Intersection,Dark - Not Lighted,Clear,Unknown,Unknown,Unknown EMS Scene Arrival Hour,Unknown EMS Scene Arrival Minutes,Not Applicable (Not Transported),Not Applicable (Not Transported),1,Dark - Unlighted,Clear,1,1,['Driver'],['None_Used'],0,0,Valid,0.0,0.0,32.0,31.0,"['Male', 'Male']",0,0,5,4,5,Dry,Straight,Level,Lowest,No
8664,12,Florida,121182,1,1,1,0,1,NOT APPLICABLE,May,9,Tuesday,23,30,Rural,High Speed (Arterial),Yes,28.77894167,-81.62456111,Non-Intersection,Dark - Not Lighted,Clear,Unknown,Unknown,Unknown EMS Scene Arrival Hour,Unknown EMS Scene Arrival Minutes,Unknown,Unknown EMS Hospital Arrival Time,1,Dark - Unlighted,Clear,0,1,[],[],0,0,Valid,0.0,0.0,62.0,62.0,['Female'],0,0,3,4,4,Dry,Straight,Level,Lowest,No
8665,12,Florida,121183,1,1,1,0,1,MIAMI,May,8,Monday,0,28,Urban,High Speed (Arterial),Yes,25.76512778,-80.24054167,Non-Intersection,Dark - Lighted,Clear,Unknown,Unknown,Unknown EMS Scene Arrival Hour,Unknown EMS Scene Arrival Minutes,Not Applicable (Not Transported),Not Applicable (Not Transported),1,Dark - Lighted,Clear,0,1,[],[],0,0,Valid,0.0,0.0,39.0,39.0,['Male'],0,0,2,4,4,Dry,Straight,Level,Lowest,Yes
8666,12,Florida,121184,1,1,1,0,2,NOT APPLICABLE,May,1,Monday,9,11,Rural,High Speed (Arterial),Yes,29.81820278,-84.71172778,Non-Intersection,Daylight,Clear,Unknown,Unknown,Unknown EMS Scene Arrival Hour,Unknown EMS Scene Arrival Minutes,Unknown,Unknown EMS Hospital Arrival Time,1,Daylight,Clear,0,2,[],[],0,0,Valid,0.0,0.0,79.0,79.0,['Male'],0,0,1,2,4,Dry,Straight,Level,Lowest,No
8667,12,Florida,121185,0,2,2,0,2,MIAMI,May,10,Wednesday,23,59,Urban,Medium Speed (Collector),No,25.78761944,-80.21506389,Complex/Circle,Dark - Lighted,Clear,Unknown,Unknown,Unknown EMS Scene Arrival Hour,Unknown EMS Scene Arrival Minutes,Unknown,Unknown EMS Hospital Arrival Time,1,Dark - Lighted,Clear,1,1,['Driver'],['None_Used'],0,0,Valid,2.0,0.0,58.0,24.0,"['Male', 'Male']",0,0,5,4,5,Dry,Straight,Level,Lowest,No
8668,12,Florida,121186,0,2,2,0,8,NOT APPLICABLE,May,9,Tuesday,5,40,Urban,High Speed (Arterial),Yes,27.9122,-82.017975,Simple Junction,Dark - Lighted,Clear,Unknown,Unknown,Unknown EMS Scene Arrival Hour,Unknown EMS Scene Arrival Minutes,Unknown,Unknown EMS Hospital Arrival Time,3,Dark - Lighted,Clear,3,5,"['Rear_Seat', 'Rear_Seat', 'Rear_Seat']","['None_Used', 'None_Used', 'None_Used']",0,0,Invalid,0.0,0.0,24.0,18.0,"['Male', 'Female']",0,0,3,4,5,Dry,Straight,Level,Lowest,No
8669,12,Florida,121187,0,2,2,0,2,NOT APPLICABLE,May,10,Wednesday,16,0,Urban,High Speed (Arterial),Yes,29.61343056,-82.83360833,Non-Intersection,Daylight,Cloudy,Unknown,Unknown,Unknown EMS Scene Arrival Hour,Unknown EMS Scene Arrival Minutes,Not Applicable (Not Transported),Not Applicable (Not Transported),1,Daylight,Reduced Visibility,1,1,['Driver'],['Shoulder_Lapbelt'],1,1,Valid,1.0,1.0,46.0,26.0,"['Male', 'Male']",0,0,4,4,5,Dry,Straight,Level,Lowest,No
8670,12,Florida,121188,0,3,3,0,3,DELRAY BEACH,May,9,Tuesday,5,20,Urban,High Speed (Arterial),Yes,26.454,-80.09029167,Non-Intersection,Dark - Lighted,Clear,Unknown,Unknown,Unknown EMS Scene Arrival Hour,Unknown EMS Scene Arrival Minutes,Not Applicable (Not Transported),Not Applicable (Not Transported),1,Dark - Lighted,Clear,1,2,['Driver'],['Shoulder_Lapbelt'],0,0,Valid,0.0,0.0,61.0,50.0,"['Male', 'Male', 'Male']",0,0,4,4,5,Dry,Straight,Grade/Hillcrest,Lowest,No
8671,12,Florida,121189,1,1,1,0,1,NOT APPLICABLE,May,7,Sunday,3,18,Rural,Medium Speed (Collector),No,30.56613333,-85.33929722,Non-Intersection,Dark - Not Lighted,Clear,Unknown,Unknown,Unknown EMS Scene Arrival Hour,Unknown EMS Scene Arrival Minutes,Unknown,Unknown EMS Hospital Arrival Time,1,Dark - Unlighted,Clear,0,1,[],[],0,0,Valid,0.0,2.0,35.0,35.0,['Female'],0,0,3,3,4,Dry,Straight,Grade/Hillcrest,Lowest,No
8672,12,Florida,121190,0,3,3,0,3,DAVIE,May,10,Wednesday,4,55,Urban,High Speed (Arterial),Yes,26.08821389,-80.21643333,Non-Intersection,Dark - Lighted,Clear,Unknown,Unknown,Unknown EMS Scene Arrival Hour,Unknown EMS Scene Arrival Minutes,Unknown,Unknown EMS Hospital Arrival Time,1,Dark - Lighted,Clear,1,1,['Driver'],['Shoulder_Lapbelt'],0,0,Invalid,0.0,0.0,999.0,35.0,"['Other', 'Male', 'Male']",0,0,4,4,5,Dry,Straight,Grade/Hillcrest,Lowest,No
8673,12,Florida,121191,0,1,1,0,1,NOT APPLICABLE,April,23,Sunday,15,50,Rural,Low Speed (Local),No,25.81171944,-80.41638056,Non-Intersection,Daylight,Clear,Unknown,Unknown,Unknown EMS Scene Arrival Hour,Unknown EMS Scene Arrival Minutes,Not Applicable (Not Transported),Not Applicable (Not Transported),1,Daylight,Clear,1,0,['Driver'],['Shoulder_Lapbelt'],0,0,Invalid,0.0,0.0,998.0,998.0,['Male'],0,0,1,4,3,Dry,Curve,Level,Lowest,No
8674,12,Florida,121192,0,1,1,0,1,NOT APPLICABLE,May,7,Sunday,21,30,Urban,Low Speed (Local),No,28.64469167,-80.83520833,Non-Intersection,Dark - Not Lighted,Clear,Unknown,Unknown,Unknown EMS Scene Arrival Hour,Unknown EMS Scene Arrival Minutes,Unknown,Unknown EMS Hospital Arrival Time,1,Dark - Unlighted,Clear,1,0,['Driver'],['None_Used'],0,0,Valid,0.0,0.0,22.0,22.0,['Male'],0,0,3,4,3,Dry,Straight,Level,Lowest,No
8675,12,Florida,121193,1,1,1,0,1,NOT APPLICABLE,May,8,Monday,11,4,Urban,Low Speed (Local),No,28.45939444,-81.60626944,Non-Intersection,Daylight,Clear,Unknown,Unknown,Unknown EMS Scene Arrival Hour,Unknown EMS Scene Arrival Minutes,Unknown,Unknown EMS Hospital Arrival Time,1,Daylight,Clear,0,1,[],[],0,0,Valid,0.0,0.0,22.0,22.0,['Male'],0,0,2,4,2,Dry,Curve,Level,Lowest,No
8676,12,Florida,121194,0,1,1,0,4,NOT APPLICABLE,May,11,Thursday,17,5,Urban,High Speed (Arterial),Yes,27.56998611,-82.57183889,Non-Intersection,Daylight,Clear,Unknown,Unknown,Unknown EMS Scene Arrival Hour,Unknown EMS Scene Arrival Minutes,Unknown,Unknown EMS Hospital Arrival Time,1,Daylight,Clear,1,3,['Rear_Seat'],['None_Used'],0,0,Valid,0.0,0.0,39.0,39.0,['Male'],0,0,2,4,3,Dry,Curve,Level,Lowest,No
8677,12,Florida,121195,1,1,1,0,1,MIAMI,May,11,Thursday,10,36,Urban,High Speed (Arterial),Yes,25.78768889,-80.23954167,Non-Intersection,Daylight,Clear,Unknown,Unknown,Unknown EMS Scene Arrival Hour,Unknown EMS Scene Arrival Minutes,Unknown,Unknown EMS Hospital Arrival Time,1,Daylight,Clear,0,1,[],[],0,0,Valid,1.0,0.0,66.0,66.0,['Male'],0,0,3,2,4,Dry,Straight,Level,Lowest,No
8678,12,Florida,121196,0,2,2,0,2,NOT APPLICABLE,January,6,Friday,21,10,Rural,Low Speed (Local),No,25.84285,-80.2242,Simple Junction,Daylight,Clear,Unknown,Unknown,Unknown EMS Scene Arrival Hour,Unknown EMS Scene Arrival Minutes,Unknown,Unknown EMS Hospital Arrival Time,1,Daylight,Clear,1,1,['Driver'],['None_Used'],0,0,Invalid,0.0,0.0,44.0,33.0,"['Male', 'Male']",0,0,5,4,5,Dry,Straight,Level,Lowest,No
8679,12,Florida,121197,1,1,1,0,1,SAINT PETERSBURG,May,6,Saturday,2,15,Urban,High Speed (Arterial),Yes,27.75555833,-82.67936389,Complex/Circle,Dark - Lighted,Clear,Unknown,Unknown,Unknown EMS Scene Arrival Hour,Unknown EMS Scene Arrival Minutes,Not Applicable (Not Transported),Not Applicable (Not Transported),1,Dark - Lighted,Clear,0,0,[],[],0,0,Valid,2.0,0.0,998.0,998.0,['Other'],0,0,3,4,4,Dry,Straight,Level,Lowest,No
8680,12,Florida,121198,0,3,3,0,3,NOT APPLICABLE,April,28,Friday,11,18,Urban,High Speed (Arterial),Yes,27.44773056,-82.56281389,Complex/Circle,Daylight,Clear,Unknown,Unknown,Unknown EMS Scene Arrival Hour,Unknown EMS Scene Arrival Minutes,Unknown,Unknown EMS Hospital Arrival Time,1,Daylight,Clear,1,2,['Driver'],['Shoulder_Lapbelt'],0,0,Valid,0.0,0.0,87.0,34.0,"['Male', 'Male', 'Male']",0,0,2,4,5,Dry,Straight,Level,Lowest,No
8681,12,Florida,121199,0,2,2,0,3,DEERFIELD BEACH,May,5,Friday,20,28,Urban,Medium Speed (Collector),No,26.30469722,-80.11167222,Simple Junction,Dark - Lighted,Clear,Unknown,Unknown,Unknown EMS Scene Arrival Hour,Unknown EMS Scene Arrival Minutes,Unknown,Unknown EMS Hospital Arrival Time,1,Dark - Lighted,Clear,1,2,['Driver'],['None_Used'],0,0,Valid,0.0,1.0,65.0,53.0,"['Female', 'Male']",0,0,5,4,5,Dry,Straight,Level,Lowest,No
8682,12,Florida,121200,0,2,2,0,2,JACKSONVILLE,May,9,Tuesday,1,4,Urban,Medium Speed (Collector),No,30.14161667,-81.54496111,Non-Intersection,Dark - Lighted,Clear,Unknown,Unknown,Unknown EMS Scene Arrival Hour,Unknown EMS Scene Arrival Minutes,Unknown,Unknown EMS Hospital Arrival Time,1,Dark - Lighted,Clear,1,1,['Driver'],['Shoulder_Lapbelt'],0,0,Valid,0.0,1.0,38.0,18.0,"['Male', 'Male']",0,0,3,4,5,Dry,Straight,Level,Lowest,No
8683,12,Florida,121201,0,2,2,0,2,NOT APPLICABLE,April,20,Thursday,9,5,Urban,Medium Speed (Collector),No,28.07348889,-81.89569722,Complex/Circle,Daylight,Clear,Unknown,Unknown,Unknown EMS Scene Arrival Hour,Unknown EMS Scene Arrival Minutes,Unknown,Unknown EMS Hospital Arrival Time,1,Daylight,Clear,1,1,['Driver'],['Shoulder_Lapbelt'],0,0,Valid,0.0,1.0,68.0,35.0,"['Male', 'Male']",0,0,4,4,5,Dry,Straight,Level,Lowest,No
8684,12,Florida,121202,0,2,2,0,5,NOT APPLICABLE,May,18,Thursday,5,6,Urban,High Speed (Arterial),Yes,27.978875,-81.63106111,Complex/Circle,Dark - Lighted,Clear,Unknown,Unknown,Unknown EMS Scene Arrival Hour,Unknown EMS Scene Arrival Minutes,Unknown,Unknown EMS Hospital Arrival Time,1,Dark - Lighted,Clear,1,4,['Rear_Seat'],['Shoulder_Lapbelt'],0,0,Valid,0.0,1.0,23.0,22.0,"['Male', 'Male']",0,0,4,4,5,Dry,Straight,Level,Lowest,No
8685,12,Florida,121203,1,1,1,0,2,JACKSONVILLE,May,11,Thursday,22,29,Urban,Medium Speed (Collector),No,30.35178056,-81.593725,Non-Intersection,Dark - Lighted,Clear,Unknown,Unknown,Unknown EMS Scene Arrival Hour,Unknown EMS Scene Arrival Minutes,Unknown,Unknown EMS Hospital Arrival Time,1,Dark - Lighted,Clear,0,2,[],[],0,0,Valid,0.0,0.0,36.0,36.0,['Male'],0,0,3,3,4,Dry,Straight,Level,Lowest,No
8686,12,Florida,121204,0,1,1,0,1,PLANT CITY,May,16,Tuesday,23,18,Urban,High Speed (Arterial),Yes,27.93710278,-82.08902778,Non-Intersection,Dark - Lighted,Clear,Unknown,Unknown,Unknown EMS Scene Arrival Hour,Unknown EMS Scene Arrival Minutes,Not Applicable (Not Transported),Not Applicable (Not Transported),1,Dark - Lighted,Clear,1,0,['Driver'],['None_Used'],1,1,Valid,0.0,0.0,51.0,51.0,['Male'],0,0,3,4,2,Dry,Curve,Level,Lowest,No
8687,12,Florida,121205,0,2,2,0,2,NOT APPLICABLE,May,12,Friday,15,18,Rural,Medium Speed (Collector),No,27.12416111,-81.99159167,Non-Intersection,Daylight,Clear,Unknown,Unknown,Unknown EMS Scene Arrival Hour,Unknown EMS Scene Arrival Minutes,Not Applicable (Not Transported),Not Applicable (Not Transported),1,Daylight,Clear,1,1,['Driver'],['Shoulder_Lapbelt'],0,0,Valid,0.0,0.0,63.0,29.0,"['Female', 'Male']",0,0,4,4,5,Dry,Straight,Level,Lowest,No
8688,12,Florida,121206,0,1,1,0,1,NOT APPLICABLE,May,11,Thursday,11,51,Urban,Medium Speed (Collector),No,28.36823611,-82.69904167,Simple Junction,Daylight,Cloudy,11:00am-11:59am,51,11:00am-11:59am,55,Unknown,Unknown EMS Hospital Arrival Time,1,Daylight,Reduced Visibility,1,0,['Driver'],['None_Used'],1,1,Valid,0.0,1.0,54.0,54.0,['Male'],0,0,5,4,3,Dry,Curve,Level,Lowest,No
8689,12,Florida,121207,0,2,2,0,2,NOT APPLICABLE,April,15,Saturday,21,55,Urban,Medium Speed (Collector),No,25.78243056,-80.40878889,Simple Junction,Dark - Lighted,Clear,Unknown,Unknown,Unknown EMS Scene Arrival Hour,Unknown EMS Scene Arrival Minutes,Unknown,Unknown EMS Hospital Arrival Time,1,Dark - Lighted,Clear,1,1,['Driver'],['None_Used'],0,0,Valid,0.0,0.0,57.0,27.0,"['Male', 'Male']",0,0,5,4,5,Dry,Straight,Level,Lowest,No
8690,12,Florida,121208,1,1,1,0,1,NOT APPLICABLE,May,12,Friday,4,0,Urban,High Speed (Arterial),Yes,29.01849722,-82.01421111,Non-Intersection,Dark - Not Lighted,Clear,Unknown,Unknown,Unknown EMS Scene Arrival Hour,Unknown EMS Scene Arrival Minutes,Not Applicable (Not Transported),Not Applicable (Not Transported),1,Dark - Unlighted,Clear,0,1,[],[],0,0,Invalid,0.0,0.0,999.0,999.0,['Other'],0,0,1,0,4,Dry,Straight,Level,Lowest,No
8691,12,Florida,121209,0,1,1,0,1,NOT APPLICABLE,May,21,Sunday,3,42,Urban,High Speed (Arterial),Yes,25.63624444,-80.38544444,Non-Intersection,Dark - Not Lighted,Clear,Unknown,Unknown,Unknown EMS Scene Arrival Hour,Unknown EMS Scene Arrival Minutes,Not Applicable (Not Transported),Not Applicable (Not Transported),1,Dark - Unlighted,Clear,1,0,['Driver'],['None_Used'],1,1,Valid,0.0,0.0,18.0,18.0,['Male'],0,0,2,4,3,Dry,Curve,Level,Lowest,No
8692,12,Florida,121210,0,2,2,0,2,NOT APPLICABLE,May,9,Tuesday,14,40,Urban,High Speed (Arterial),Yes,30.31983056,-85.65799444,Non-Intersection,Daylight,Clear,Unknown,Unknown,Unknown EMS Scene Arrival Hour,Unknown EMS Scene Arrival Minutes,Not Applicable (Not Transported),Not Applicable (Not Transported),1,Daylight,Clear,1,1,['Driver'],['Shoulder_Lapbelt'],0,0,Valid,0.0,0.0,80.0,70.0,"['Male', 'Male']",0,0,4,4,5,Dry,Straight,Level,Lowest,No
8693,12,Florida,121211,1,2,2,0,2,NOT APPLICABLE,May,12,Friday,23,36,Urban,High Speed (Arterial),Yes,25.76101667,-80.42027778,Non-Intersection,Dark - Lighted,Cloudy,Unknown,Unknown,Unknown EMS Scene Arrival Hour,Unknown EMS Scene Arrival Minutes,Not Applicable (Not Transported),Not Applicable (Not Transported),1,Dark - Lighted,Reduced Visibility,0,2,[],[],0,0,Valid,0.0,0.0,65.0,57.0,"['Male', 'Male']",0,0,2,3,5,Dry,Straight,Level,Lowest,No
8694,12,Florida,121212,0,2,2,0,2,NOT APPLICABLE,May,13,Saturday,15,4,Urban,High Speed (Arterial),Yes,28.35621944,-82.69863056,Non-Intersection,Daylight,Clear,Unknown,Unknown,Unknown EMS Scene Arrival Hour,Unknown EMS Scene Arrival Minutes,Not Applicable (Not Transported),Not Applicable (Not Transported),1,Daylight,Clear,1,1,['Driver'],['None_Used'],0,0,Invalid,0.0,0.0,59.0,22.0,"['Male', 'Female']",0,0,5,4,5,Dry,Straight,Level,Lowest,No
8695,12,Florida,121214,0,2,2,0,4,BOCA RATON,May,8,Monday,11,38,Urban,Medium Speed (Collector),No,26.34533611,-80.08853611,Simple Junction,Daylight,Clear,Unknown,Unknown,Unknown EMS Scene Arrival Hour,Unknown EMS Scene Arrival Minutes,Unknown,Unknown EMS Hospital Arrival Time,3,Daylight,Clear,3,1,"['Driver', 'Front_Passenger', 'Rear_Seat']","['Shoulder_Lapbelt', 'Shoulder_Lapbelt', 'Shoulder_Lapbelt']",0,0,Valid,0.0,0.0,69.0,61.0,"['Male', 'Male']",1,0,3,4,5,Dry,Straight,Level,Lowest,No
8696,12,Florida,121215,1,1,1,0,1,NOT APPLICABLE,May,4,Thursday,4,35,Urban,High Speed (Arterial),Yes,27.46920278,-82.53610278,Non-Intersection,Dark - Not Lighted,Clear,Unknown,Unknown,Unknown EMS Scene Arrival Hour,Unknown EMS Scene Arrival Minutes,Unknown,Unknown EMS Hospital Arrival Time,1,Dark - Unlighted,Clear,0,1,[],[],0,0,Valid,0.0,0.0,55.0,55.0,['Male'],0,0,4,2,4,Dry,Straight,Level,Lowest,No
8697,12,Florida,121216,0,2,2,0,2,CLEARWATER,May,8,Monday,12,15,Urban,High Speed (Arterial),Yes,28.01949444,-82.7165,Complex/Circle,Daylight,Cloudy,Unknown,Unknown,Unknown EMS Scene Arrival Hour,Unknown EMS Scene Arrival Minutes,Unknown,Unknown EMS Hospital Arrival Time,1,Daylight,Reduced Visibility,1,1,['Driver'],['Shoulder_Lapbelt'],0,0,Valid,0.0,0.0,81.0,29.0,"['Female', 'Female']",0,0,3,4,5,Dry,Straight,Level,Lowest,No
8698,12,Florida,121217,0,3,2,1,2,BRADENTON,April,23,Sunday,10,42,Urban,Medium Speed (Collector),No,27.47111111,-82.598475,Complex/Circle,Daylight,Clear,Unknown,Unknown,Unknown EMS Scene Arrival Hour,Unknown EMS Scene Arrival Minutes,Unknown,Unknown EMS Hospital Arrival Time,1,Daylight,Clear,1,1,['Driver'],['None_Used'],0,0,Valid,0.0,0.0,76.0,65.0,"['Male', 'Female']",0,0,3,4,5,Dry,Straight,Level,Lowest,No
8699,12,Florida,121218,0,1,1,0,2,NOT APPLICABLE,May,14,Sunday,15,14,Urban,High Speed (Arterial),Yes,30.42163611,-87.251475,Non-Intersection,Daylight,Clear,Unknown,Unknown,Unknown EMS Scene Arrival Hour,Unknown EMS Scene Arrival Minutes,Unknown,Unknown EMS Hospital Arrival Time,1,Daylight,Clear,1,1,['Driver'],['Shoulder_Lapbelt'],0,0,Invalid,1.0,0.0,28.0,28.0,['Male'],2,0,2,4,2,Dry,Straight,Level,Lowest,No
8700,12,Florida,121220,2,1,1,0,1,HOLMES BEACH,May,12,Friday,13,45,Urban,Medium Speed (Collector),No,27.50586111,-82.71425278,Simple Junction,Daylight,Clear,Unknown,Unknown,Unknown EMS Scene Arrival Hour,Unknown EMS Scene Arrival Minutes,Unknown,Unknown EMS Hospital Arrival Time,1,Daylight,Clear,0,1,[],[],0,0,Valid,0.0,0.0,43.0,43.0,['Male'],0,0,3,1,4,Dry,Straight,Level,Lowest,No
8701,12,Florida,121221,0,1,1,0,1,NOT APPLICABLE,May,5,Friday,8,50,Rural,High Speed (Arterial),Yes,28.09228611,-80.79896111,Non-Intersection,Daylight,Clear,Unknown,Unknown,Unknown EMS Scene Arrival Hour,Unknown EMS Scene Arrival Minutes,Not Applicable (Not Transported),Not Applicable (Not Transported),1,Daylight,Clear,1,0,['Driver'],['Shoulder_Lapbelt'],1,1,Valid,0.0,0.0,29.0,29.0,['Male'],0,0,2,4,3,Dry,Straight,Level,Lowest,No
8702,12,Florida,121222,1,1,1,0,1,TAMPA,May,13,Saturday,19,2,Urban,High Speed (Arterial),Yes,28.03691667,-82.45485,Non-Intersection,Daylight,Cloudy,Unknown,Unknown,Unknown EMS Scene Arrival Hour,Unknown EMS Scene Arrival Minutes,Not Applicable (Not Transported),Not Applicable (Not Transported),1,Daylight,Reduced Visibility,0,1,[],[],0,0,Valid,0.0,0.0,64.0,64.0,['Male'],0,0,2,2,4,Wet/Standing Water,Straight,Grade/Hillcrest,Lowest,No
8703,12,Florida,121223,1,1,1,0,4,NOT APPLICABLE,May,13,Saturday,22,39,Urban,High Speed (Arterial),Yes,28.02090278,-82.18684722,Non-Intersection,Dark - Not Lighted,Clear,Unknown,Unknown,Unknown EMS Scene Arrival Hour,Unknown EMS Scene Arrival Minutes,Not Applicable (Not Transported),Not Applicable (Not Transported),1,Dark - Unlighted,Clear,0,4,[],[],0,0,Invalid,0.0,0.0,20.0,20.0,['Male'],0,0,2,3,4,Dry,Straight,Level,Lowest,No