,State_Code,State_Name,Crash_ID,Count_Non_Motorists,Count_Vehicles_Total,Count_Vehicle_Forms,Count_PVH_Involved,Count_Occupants_MV,City_Name,Month_Name,Day_of_Month,Day_of_Week,Crash_Hour,Crash_Minute,Area_Rural_Urban,Road_Functional_Class,On_NHS_Road,Latitude,Longitude,Intersection_Type,Light_Condition,Weather_Condition,Notif_Hour,Notif_Minute,Arrival_Hour,Arrival_Minute,Hospital_Hour,Hospital_Minute,Fatalities_Count,Clean_Light_Condition,Clean_Weather_Condition,Total_Killed,Total_Alive,Fatal_Seats_List,Killed_Restraint_List,Any_Driver_Drinking,Total_Drinking_Drivers,Driver_License_Category,Driver_Max_Prev_Accident_Count,Driver_Max_Prev_Speeding_Count,Max_Driver_Age,Min_Driver_Age,Driver_Sex_List,Total_Exceeding_Limit_Vehicles,Total_Too_Fast_Vehicles,Max_Vehicle_Type_Severity_5,Max_Vehicle_Damage_Rank,Max_Harmful_Event_Severity,Crash_Road_Surface_Condition,Crash_Horizontal_Alignment,Crash_Vertical_Profile,Crash_Impairment_Category,Crash_Vehicle_Defect
8704,12,Florida,121224,0,3,3,0,3,CAPE CORAL,May,12,Friday,10,31,Urban,Medium Speed (Collector),Yes,26.56281111,-81.98237222,Complex/Circle,Daylight,Clear,Unknown,Unknown,Unknown EMS Scene Arrival Hour,Unknown EMS Scene Arrival Minutes,Unknown,Unknown EMS Hospital Arrival Time,1,Daylight,Clear,1,2,['Driver'],['Shoulder_Lapbelt'],0,0,Valid,0.0,1.0,79.0,19.0,"['Female', 'Male', 'Male']",0,0,3,4,5,Dry,Straight,Level,Lowest,No
8705,12,Florida,121225,0,2,2,0,3,NOT APPLICABLE,May,13,Saturday,13,25,Rural,High Speed (Arterial),Yes,26.80040556,-81.42323889,Non-Intersection,Daylight,Clear,Unknown,Unknown,Unknown EMS Scene Arrival Hour,Unknown EMS Scene Arrival Minutes,Unknown,Unknown EMS Hospital Arrival Time,2,Daylight,Clear,2,1,"['Driver', 'Rear_Seat']","['None_Used', 'None_Used']",0,0,Valid,0.0,0.0,75.0,72.0,"['Female', 'Male']",0,0,5,4,5,Dry,Straight,Level,Lowest,No
8706,12,Florida,121226,0,2,2,0,6,DUNDEE,May,13,Saturday,19,57,Urban,High Speed (Arterial),Yes,28.02140278,-81.63321111,Non-Intersection,Dusk,Clear,Unknown,Unknown,Unknown EMS Scene Arrival Hour,Unknown EMS Scene Arrival Minutes,Unknown,Unknown EMS Hospital Arrival Time,1,Twilight,Clear,1,5,['Driver'],['None_Used'],0,0,Valid,0.0,0.0,60.0,24.0,"['Male', 'Male']",1,0,5,4,5,Dry,Straight,Level,Lowest,No
8707,12,Florida,121227,0,3,3,0,5,NOT APPLICABLE,May,2,Tuesday,13,15,Urban,High Speed (Arterial),No,30.17206944,-81.74646111,Complex/Circle,Daylight,Clear,Unknown,Unknown,Unknown EMS Scene Arrival Hour,Unknown EMS Scene Arrival Minutes,Unknown,Unknown EMS Hospital Arrival Time,1,Daylight,Clear,1,4,['Driver'],['Shoulder_Lapbelt'],0,0,Valid,1.0,0.0,44.0,18.0,"['Female', 'Female', 'Female']",0,0,3,4,5,Dry,Straight,Level,Lowest,No
8708,12,Florida,121228,1,1,1,0,1,PLANTATION,May,1,Monday,20,53,Urban,Medium Speed (Collector),No,26.12074722,-80.27075,Complex/Circle,Dark - Lighted,Clear,Unknown,Unknown,Unknown EMS Scene Arrival Hour,Unknown EMS Scene Arrival Minutes,Unknown,Unknown EMS Hospital Arrival Time,1,Dark - Lighted,Clear,0,1,[],[],0,0,Valid,0.0,0.0,26.0,26.0,['Male'],0,0,2,4,4,Dry,Straight,Level,Lowest,No
8709,12,Florida,121229,0,2,1,1,2,CLEARWATER,May,18,Thursday,23,44,Urban,High Speed (Arterial),Yes,27.94713889,-82.73003611,Non-Intersection,Dark - Lighted,Clear,Unknown,Unknown,Unknown EMS Scene Arrival Hour,Unknown EMS Scene Arrival Minutes,Unknown,Unknown EMS Hospital Arrival Time,1,Dark - Lighted,Clear,1,1,['Front_Passenger'],['Shoulder_Lapbelt'],1,1,Valid,1.0,0.0,46.0,46.0,['Male'],0,0,3,4,5,Dry,Straight,Level,Lowest,No
8710,12,Florida,121230,0,2,2,0,2,NOT APPLICABLE,May,2,Tuesday,18,23,Urban,Medium Speed (Collector),No,25.84666111,-80.21919722,Non-Intersection,Daylight,Clear,Unknown,Unknown,Unknown EMS Scene Arrival Hour,Unknown EMS Scene Arrival Minutes,Unknown,Unknown EMS Hospital Arrival Time,1,Daylight,Clear,1,1,['Driver'],['None_Used'],0,0,Valid,0.0,0.0,37.0,31.0,"['Male', 'Male']",0,0,5,4,5,Dry,Straight,Level,Lowest,No
8711,12,Florida,121231,0,2,2,0,3,FLORIDA CITY,May,13,Saturday,2,30,Urban,High Speed (Arterial),Yes,25.44786944,-80.47518889,Non-Intersection,Dark - Lighted,Clear,Unknown,Unknown,Unknown EMS Scene Arrival Hour,Unknown EMS Scene Arrival Minutes,Not Applicable (Not Transported),Not Applicable (Not Transported),2,Dark - Lighted,Clear,2,1,"['Driver', 'Front_Passenger']","['None_Used', 'None_Used']",0,0,Valid,1.0,0.0,41.0,22.0,"['Male', 'Male']",0,0,3,4,5,Dry,Straight,Level,Lowest,No
8712,12,Florida,121232,0,1,1,0,2,NOT APPLICABLE,May,16,Tuesday,22,27,Rural,Low Speed (Local),No,28.65880556,-81.07963889,Non-Intersection,Dark - Not Lighted,Clear,Unknown,Unknown,Unknown EMS Scene Arrival Hour,Unknown EMS Scene Arrival Minutes,Unknown,Unknown EMS Hospital Arrival Time,1,Dark - Unlighted,Clear,1,1,['Front_Passenger'],['Shoulder_Lapbelt'],0,0,Valid,0.0,1.0,20.0,20.0,['Male'],0,0,2,4,3,Dry,Curve,Level,Lowest,No
8713,12,Florida,121233,0,2,2,0,2,NOT APPLICABLE,May,6,Saturday,2,53,Urban,High Speed (Arterial),Yes,27.89396111,-82.40197778,Non-Intersection,Dark - Not Lighted,Clear,Unknown,Unknown,Unknown EMS Scene Arrival Hour,Officially Cancelled,Unknown,Officially Canceled,1,Dark - Unlighted,Clear,1,1,['Driver'],['Shoulder_Lapbelt'],1,1,Valid,0.0,1.0,49.0,23.0,"['Male', 'Male']",0,0,4,4,5,Dry,Curve,Level,Lowest,No
8714,12,Florida,121234,0,2,2,0,3,NOT APPLICABLE,May,12,Friday,19,45,Rural,High Speed (Arterial),Yes,30.80939722,-86.20045833,Complex/Circle,Dark - Not Lighted,Cloudy,Unknown,Unknown,Unknown EMS Scene Arrival Hour,Unknown EMS Scene Arrival Minutes,Unknown,Unknown EMS Hospital Arrival Time,1,Dark - Unlighted,Reduced Visibility,1,2,['Driver'],['Shoulder_Lapbelt'],0,0,Valid,0.0,0.0,83.0,64.0,"['Female', 'Male']",0,0,3,4,5,Dry,Straight,Grade/Hillcrest,Lowest,No
8715,12,Florida,121235,0,1,1,0,2,NOT APPLICABLE,May,15,Monday,11,31,Rural,Medium Speed (Collector),No,30.49016667,-83.122975,Non-Intersection,Daylight,Clear,Unknown,Unknown,Unknown EMS Scene Arrival Hour,Unknown EMS Scene Arrival Minutes,Unknown,Unknown EMS Hospital Arrival Time,1,Daylight,Clear,1,1,['Driver'],['None_Used'],0,0,Valid,0.0,0.0,38.0,38.0,['Female'],0,0,2,4,3,Dry,Straight,Level,Lowest,No
8716,12,Florida,121236,0,2,2,0,2,CORAL SPRINGS,May,15,Monday,15,28,Urban,High Speed (Arterial),Yes,26.23475833,-80.25400556,Complex/Circle,Daylight,Clear,Unknown,Unknown,Unknown EMS Scene Arrival Hour,Unknown EMS Scene Arrival Minutes,Unknown,Unknown EMS Hospital Arrival Time,1,Daylight,Clear,1,1,['Driver'],['None_Used'],0,0,Valid,0.0,0.0,52.0,34.0,"['Male', 'Female']",0,0,2,4,5,Dry,Straight,Level,Lowest,No
8717,12,Florida,121237,0,2,2,0,5,NOT APPLICABLE,May,17,Wednesday,15,35,Urban,High Speed (Arterial),Yes,29.82780833,-81.38015556,Non-Intersection,Daylight,Rain,Unknown,Unknown,Unknown EMS Scene Arrival Hour,Unknown EMS Scene Arrival Minutes,Unknown,Unknown EMS Hospital Arrival Time,1,Daylight,Rain/Wind/Minor,1,4,['Front_Passenger'],['Shoulder_Lapbelt'],0,0,Valid,0.0,2.0,34.0,28.0,"['Female', 'Male']",0,0,4,4,5,Wet/Standing Water,Straight,Level,Lowest,No
8718,12,Florida,121238,1,1,1,0,1,NOT APPLICABLE,May,15,Monday,19,25,Urban,Medium Speed (Collector),No,27.98338333,-82.33495833,Simple Junction,Daylight,Clear,Unknown,Unknown,Unknown EMS Scene Arrival Hour,Unknown EMS Scene Arrival Minutes,Unknown,Unknown EMS Hospital Arrival Time,1,Daylight,Clear,0,1,[],[],0,0,Valid,0.0,0.0,22.0,22.0,['Male'],0,0,3,4,4,Dry,Straight,Level,Lowest,No
8719,12,Florida,121240,0,2,2,0,2,OLDSMAR,May,16,Tuesday,7,47,Urban,Medium Speed (Collector),No,28.05300556,-82.70000833,Complex/Circle,Daylight,Clear,Unknown,Unknown,Unknown EMS Scene Arrival Hour,Unknown EMS Scene Arrival Minutes,Unknown,Unknown EMS Hospital Arrival Time,1,Daylight,Clear,1,1,['Driver'],['None_Used'],0,0,Valid,0.0,1.0,69.0,19.0,"['Male', 'Male']",1,0,5,4,5,Dry,Straight,Level,Lowest,No
8720,12,Florida,121241,0,2,2,0,3,NOT APPLICABLE,May,8,Monday,15,45,Urban,Medium Speed (Collector),No,28.21330833,-82.7567,Non-Intersection,Daylight,Clear,Unknown,Unknown,Unknown EMS Scene Arrival Hour,Unknown EMS Scene Arrival Minutes,Unknown,Unknown EMS Hospital Arrival Time,1,Daylight,Clear,1,2,['Driver'],['None_Used'],1,1,Invalid,1.0,0.0,67.0,49.0,"['Male', 'Male']",0,0,5,4,5,Dry,Curve,Level,Lowest,No
8721,12,Florida,121242,0,2,2,0,2,NOT APPLICABLE,May,9,Tuesday,14,30,Urban,High Speed (Arterial),Yes,27.54585833,-82.56434167,Non-Intersection,Daylight,Clear,Unknown,Unknown,Unknown EMS Scene Arrival Hour,Unknown EMS Scene Arrival Minutes,Unknown,Unknown EMS Hospital Arrival Time,1,Daylight,Clear,1,1,['Driver'],['Shoulder_Lapbelt'],0,0,Valid,0.0,0.0,58.0,22.0,"['Male', 'Male']",0,0,2,4,5,Dry,Straight,Level,Lowest,No
8722,12,Florida,121243,0,2,2,0,3,PANAMA CITY,May,4,Thursday,16,10,Urban,Low Speed (Local),No,30.21244722,-85.66641111,Non-Intersection,Daylight,Clear,Unknown,Unknown,Unknown EMS Scene Arrival Hour,Unknown EMS Scene Arrival Minutes,Not Applicable (Not Transported),Not Applicable (Not Transported),1,Daylight,Clear,1,2,['Driver'],['None_Used'],0,0,Valid,0.0,2.0,58.0,22.0,"['Male', 'Male']",0,0,5,4,5,Dry,Straight,Level,Lowest,No
8723,12,Florida,121244,0,2,2,0,4,PEMBROKE PARK,May,7,Sunday,4,27,Urban,High Speed (Arterial),Yes,25.98461389,-80.17520278,Complex/Circle,Dark - Lighted,Clear,Unknown,Unknown,Unknown EMS Scene Arrival Hour,Unknown EMS Scene Arrival Minutes,Unknown,Unknown EMS Hospital Arrival Time,1,Dark - Lighted,Clear,1,3,['Front_Passenger'],['Shoulder_Lapbelt'],1,1,Valid,0.0,0.0,28.0,21.0,"['Male', 'Male']",0,0,2,4,5,Dry,Straight,Level,Lowest,No
8724,12,Florida,121245,0,2,2,0,4,DAVIE,May,11,Thursday,16,28,Urban,High Speed (Arterial),Yes,26.03470278,-80.35249722,Non-Intersection,Daylight,Clear,Unknown,Unknown,Unknown EMS Scene Arrival Hour,Unknown EMS Scene Arrival Minutes,Unknown,Unknown EMS Hospital Arrival Time,1,Daylight,Clear,1,3,['Non_Standard_Risk'],['None_Used'],0,0,Valid,2.0,0.0,35.0,29.0,"['Male', 'Female']",0,0,3,4,5,Dry,Straight,Level,Lowest,No
8725,12,Florida,121246,0,2,2,0,3,NOT APPLICABLE,May,17,Wednesday,10,54,Urban,High Speed (Arterial),Yes,29.25945,-82.10339167,Complex/Circle,Daylight,Clear,Unknown,Unknown,Unknown EMS Scene Arrival Hour,Unknown EMS Scene Arrival Minutes,Unknown,Unknown EMS Hospital Arrival Time,1,Daylight,Clear,1,2,['Driver'],['None_Used'],0,0,Valid,1.0,0.0,66.0,61.0,"['Male', 'Male']",0,0,5,4,5,Dry,Straight,Level,Lowest,No
8726,12,Florida,121247,0,2,2,0,4,NOT APPLICABLE,May,13,Saturday,15,54,Urban,Medium Speed (Collector),No,27.85705833,-82.33239444,Non-Intersection,Daylight,Cloudy,Unknown,Unknown,Unknown EMS Scene Arrival Hour,Unknown EMS Scene Arrival Minutes,Unknown,Unknown EMS Hospital Arrival Time,1,Daylight,Reduced Visibility,1,3,['Driver'],['None_Used'],1,1,Valid,0.0,0.0,71.0,37.0,"['Male', 'Female']",0,0,5,4,5,Dry,Straight,Level,Lowest,No
8727,12,Florida,121248,1,1,1,0,1,LAKELAND,May,18,Thursday,4,38,Urban,Low Speed (Local),No,28.047775,-81.95623611,Complex/Circle,Dark - Lighted,Clear,Unknown,Unknown,Unknown EMS Scene Arrival Hour,Unknown EMS Scene Arrival Minutes,Not Applicable (Not Transported),Not Applicable (Not Transported),1,Dark - Lighted,Clear,0,1,[],[],0,0,Valid,0.0,0.0,57.0,57.0,['Male'],0,0,4,1,4,Dry,Straight,Level,Lowest,No
8728,12,Florida,121249,1,1,1,0,1,NOT APPLICABLE,May,10,Wednesday,23,26,Urban,Medium Speed (Collector),No,28.51318889,-81.36174722,Complex/Circle,Dark - Not Lighted,Clear,Unknown,Unknown,Unknown EMS Scene Arrival Hour,Unknown EMS Scene Arrival Minutes,Unknown,Unknown EMS Hospital Arrival Time,1,Dark - Unlighted,Clear,0,1,[],[],0,0,Valid,0.0,0.0,45.0,45.0,['Male'],0,0,3,3,4,Dry,Straight,Level,Lowest,No
8729,12,Florida,121250,1,1,1,0,2,NOT APPLICABLE,May,18,Thursday,21,21,Rural,Low Speed (Local),No,28.51634167,-82.18508889,Non-Intersection,Dark - Not Lighted,Clear,Unknown,Unknown,Unknown EMS Scene Arrival Hour,Unknown EMS Scene Arrival Minutes,Not Applicable (Not Transported),Not Applicable (Not Transported),1,Dark - Unlighted,Clear,0,2,[],[],0,0,Valid,0.0,1.0,30.0,30.0,['Male'],0,0,2,4,4,Dry,Straight,Level,Lowest,No
8730,12,Florida,121251,0,1,1,0,1,NOT APPLICABLE,May,20,Saturday,18,20,Rural,High Speed (Arterial),Yes,30.63163056,-84.862975,Non-Intersection,Daylight,Clear,Unknown,Unknown,Unknown EMS Scene Arrival Hour,Unknown EMS Scene Arrival Minutes,Not Applicable (Not Transported),Not Applicable (Not Transported),1,Daylight,Clear,1,0,['Driver'],['None_Used'],1,1,Valid,0.0,0.0,47.0,47.0,['Male'],0,0,3,4,3,Dry,Curve,Grade/Hillcrest,Lowest,No
8731,12,Florida,121252,1,1,1,0,1,NOT APPLICABLE,April,23,Sunday,0,1,Rural,Medium Speed (Collector),No,30.80605556,-84.94415,Non-Intersection,Dark - Not Lighted,Clear,Unknown,Unknown,Unknown EMS Scene Arrival Hour,Officially Cancelled,Unknown,Officially Canceled,1,Dark - Unlighted,Clear,0,1,[],[],0,0,Invalid,0.0,0.0,999.0,999.0,['Other'],0,0,1,0,4,Dry,Straight,Level,Lowest,No
8732,12,Florida,121254,0,2,2,0,4,LAKE WALES,May,8,Monday,2,45,Urban,High Speed (Arterial),Yes,27.91346944,-81.60332222,Complex/Circle,Dark - Lighted,Clear,Unknown,Unknown,Unknown EMS Scene Arrival Hour,Unknown EMS Scene Arrival Minutes,Unknown,Unknown EMS Hospital Arrival Time,2,Dark - Lighted,Clear,2,2,"['Rear_Seat', 'Front_Passenger']","['None_Used', 'None_Used']",1,1,Valid,0.0,0.0,62.0,40.0,"['Male', 'Male']",0,0,4,4,5,Dry,Straight,Level,Lowest,No
8733,12,Florida,121255,0,1,1,0,1,NOT APPLICABLE,May,20,Saturday,2,40,Urban,Low Speed (Local),No,28.46527222,-81.40083611,Simple Junction,Dark - Lighted,Clear,Unknown,Unknown,Unknown EMS Scene Arrival Hour,Unknown EMS Scene Arrival Minutes,Unknown,Unknown EMS Hospital Arrival Time,1,Dark - Lighted,Clear,1,0,['Driver'],['None_Used'],1,1,Valid,0.0,0.0,29.0,29.0,['Male'],0,0,5,4,3,Dry,Straight,Level,Lowest,No
8734,12,Florida,121256,2,1,1,0,2,LAKE WALES,May,13,Saturday,22,53,Urban,Medium Speed (Collector),No,27.96064167,-81.60102778,Non-Intersection,Dark - Not Lighted,Clear,Unknown,Unknown,Unknown EMS Scene Arrival Hour,Unknown EMS Scene Arrival Minutes,Unknown,Unknown EMS Hospital Arrival Time,1,Dark - Unlighted,Clear,0,2,[],[],0,0,Valid,0.0,0.0,68.0,68.0,['Male'],0,0,3,2,4,Dry,Straight,Level,Lowest,No
8735,12,Florida,121258,0,1,1,0,1,MIAMI,May,7,Sunday,2,0,Urban,High Speed (Arterial),Yes,25.75919444,-80.38358889,Non-Intersection,Dark - Lighted,Clear,Unknown,Unknown,Unknown EMS Scene Arrival Hour,Officially Cancelled,Unknown,Officially Canceled,1,Dark - Lighted,Clear,1,0,['Driver'],['None_Used'],1,1,Valid,0.0,0.0,20.0,20.0,['Male'],0,0,2,4,2,Dry,Curve,Grade/Hillcrest,Lowest,No
8736,12,Florida,121259,0,1,1,0,1,NOT APPLICABLE,May,15,Monday,3,15,Urban,Low Speed (Local),No,28.33908889,-81.34502222,Simple Junction,Dark - Lighted,Clear,Unknown,Unknown,Unknown EMS Scene Arrival Hour,Unknown EMS Scene Arrival Minutes,Not Applicable (Not Transported),Not Applicable (Not Transported),1,Dark - Lighted,Clear,1,0,['Driver'],['None_Used'],1,1,Valid,0.0,0.0,36.0,36.0,['Male'],1,0,2,4,4,Dry,Curve,Level,Lowest,No
8737,12,Florida,121260,1,1,1,0,1,LONGWOOD,May,9,Tuesday,7,18,Urban,High Speed (Arterial),Yes,28.70615278,-81.32648056,Non-Intersection,Daylight,Clear,Unknown,Unknown,Unknown EMS Scene Arrival Hour,Unknown EMS Scene Arrival Minutes,Unknown,Unknown EMS Hospital Arrival Time,1,Daylight,Clear,0,1,[],[],0,0,Valid,0.0,0.0,24.0,24.0,['Female'],0,0,2,3,4,Dry,Straight,Level,Lowest,No
8738,12,Florida,121261,0,2,2,0,3,NOT APPLICABLE,May,18,Thursday,14,24,Urban,Medium Speed (Collector),No,26.78051667,-80.227525,Non-Intersection,Daylight,Clear,Unknown,Unknown,Unknown EMS Scene Arrival Hour,Unknown EMS Scene Arrival Minutes,Unknown,Unknown EMS Hospital Arrival Time,2,Daylight,Clear,2,1,"['Driver', 'Front_Passenger']","['Shoulder_Lapbelt', 'None_Used']",0,0,Valid,0.0,0.0,40.0,40.0,"['Female', 'Male']",0,0,3,4,5,Dry,Curve,Level,Lowest,No
8739,12,Florida,121262,0,2,2,0,3,JUPITER,May,18,Thursday,21,29,Urban,Medium Speed (Collector),No,26.92327778,-80.10207222,Complex/Circle,Dark - Lighted,Clear,Unknown,Unknown,Unknown EMS Scene Arrival Hour,Unknown EMS Scene Arrival Minutes,Unknown,Unknown EMS Hospital Arrival Time,1,Dark - Lighted,Clear,1,2,['Driver'],['Shoulder_Lapbelt'],0,0,Valid,0.0,0.0,68.0,26.0,"['Female', 'Male']",0,0,3,4,5,Dry,Straight,Level,Lowest,No
8740,12,Florida,121263,0,2,2,0,2,POMPANO BEACH,May,20,Saturday,18,51,Urban,High Speed (Arterial),Yes,26.26723611,-80.12759722,Non-Intersection,Dusk,Clear,Unknown,Unknown,Unknown EMS Scene Arrival Hour,Unknown EMS Scene Arrival Minutes,Unknown,Unknown EMS Hospital Arrival Time,1,Twilight,Clear,1,1,['Driver'],['None_Used'],0,0,Valid,0.0,0.0,66.0,54.0,"['Male', 'Male']",0,0,3,4,5,Dry,Straight,Level,Lowest,No
8741,12,Florida,121264,0,2,2,0,3,CALLAWAY,April,30,Sunday,12,20,Urban,High Speed (Arterial),Yes,30.14302778,-85.59113611,Non-Intersection,Daylight,Rain,Unknown,Unknown,Unknown EMS Scene Arrival Hour,Unknown EMS Scene Arrival Minutes,Not Applicable (Not Transported),Not Applicable (Not Transported),1,Daylight,Rain/Wind/Minor,1,2,['Driver'],['None_Used'],0,0,Valid,0.0,0.0,62.0,28.0,"['Male', 'Female']",0,0,5,4,2,Wet/Standing Water,Straight,Level,Lowest,No
8742,12,Florida,121265,1,1,1,0,1,TALLAHASSEE,May,13,Saturday,18,32,Rural,Low Speed (Local),No,30.3984,-84.28425556,Non-Intersection,Daylight,Clear,Unknown,Unknown,Unknown EMS Scene Arrival Hour,Unknown EMS Scene Arrival Minutes,Unknown,Unknown EMS Hospital Arrival Time,1,Daylight,Clear,0,1,[],[],0,0,Invalid,0.0,0.0,35.0,35.0,['Male'],0,0,3,3,4,Dry,Straight,Level,Lowest,No
8743,12,Florida,121266,0,4,2,2,2,JACKSONVILLE,May,14,Sunday,12,54,Urban,High Speed (Arterial),Yes,30.39774722,-81.73933056,Simple Junction,Daylight,Clear,Unknown,Unknown,Unknown EMS Scene Arrival Hour,Unknown EMS Scene Arrival Minutes,Unknown,Unknown EMS Hospital Arrival Time,1,Daylight,Clear,1,1,['Driver'],['Shoulder_Lapbelt'],0,0,Invalid,2.0,0.0,84.0,52.0,"['Male', 'Male']",0,0,2,4,5,Dry,Straight,Level,Lowest,No
8744,12,Florida,121268,0,2,2,0,2,NOT APPLICABLE,May,11,Thursday,21,47,Urban,High Speed (Arterial),Yes,29.06281111,-82.27404722,Complex/Circle,Dark - Not Lighted,Clear,Unknown,Unknown,Unknown EMS Scene Arrival Hour,Unknown EMS Scene Arrival Minutes,Unknown,Unknown EMS Hospital Arrival Time,1,Dark - Unlighted,Clear,1,1,['Driver'],['Shoulder_Lapbelt'],0,0,Valid,1.0,1.0,33.0,23.0,"['Female', 'Female']",0,0,2,4,5,Dry,Straight,Level,Lowest,No
8745,12,Florida,121269,0,2,2,0,2,NOT APPLICABLE,May,14,Sunday,13,23,Rural,Medium Speed (Collector),Yes,30.62205556,-81.64093056,Complex/Circle,Daylight,Clear,Unknown,Unknown,Unknown EMS Scene Arrival Hour,Unknown EMS Scene Arrival Minutes,Unknown,Unknown EMS Hospital Arrival Time,1,Daylight,Clear,1,1,['Driver'],['Shoulder_Lapbelt'],0,0,Valid,0.0,1.0,31.0,27.0,"['Male', 'Male']",1,0,3,4,5,Dry,Straight,Level,Lowest,No
8746,12,Florida,121270,1,1,1,0,1,NOT APPLICABLE,May,13,Saturday,22,2,Urban,High Speed (Arterial),Yes,28.55220833,-81.45937222,Complex/Circle,Dark - Lighted,Clear,Unknown,Unknown,Unknown EMS Scene Arrival Hour,Unknown EMS Scene Arrival Minutes,Unknown,Unknown EMS Hospital Arrival Time,1,Dark - Lighted,Clear,0,1,[],[],0,0,Valid,1.0,0.0,18.0,18.0,['Male'],0,0,2,4,4,Dry,Straight,Level,Lowest,No
8747,12,Florida,121271,0,3,3,0,3,NOT APPLICABLE,May,1,Monday,8,17,Urban,Medium Speed (Collector),No,77.7777,777.7777,Simple Junction,Daylight,Clear,Unknown,Unknown,Unknown EMS Scene Arrival Hour,Unknown EMS Scene Arrival Minutes,Unknown,Unknown EMS Hospital Arrival Time,1,Daylight,Clear,1,2,['Driver'],['Shoulder_Lapbelt'],0,0,Valid,1.0,0.0,87.0,34.0,"['Female', 'Female', 'Male']",0,0,3,4,5,Dry,Straight,Level,Lowest,No
8748,12,Florida,121272,0,2,2,0,2,MIAMI,May,7,Sunday,1,44,Urban,High Speed (Arterial),Yes,25.62531944,-80.37886944,Non-Intersection,Dark - Lighted,Clear,Unknown,Unknown,Unknown EMS Scene Arrival Hour,Unknown EMS Scene Arrival Minutes,Not Applicable (Not Transported),Not Applicable (Not Transported),1,Dark - Lighted,Clear,1,1,['Driver'],['None_Used'],1,1,Valid,0.0,0.0,37.0,30.0,"['Female', 'Female']",0,0,5,4,5,Dry,Straight,Level,Lowest,Yes
8749,12,Florida,121273,0,2,2,0,2,SAINT PETERSBURG,May,13,Saturday,15,32,Urban,Medium Speed (Collector),No,27.74833056,-82.69403889,Complex/Circle,Daylight,Clear,Unknown,Unknown,Unknown EMS Scene Arrival Hour,Unknown EMS Scene Arrival Minutes,Unknown,Unknown EMS Hospital Arrival Time,1,Daylight,Clear,1,1,['Driver'],['None_Used'],0,0,Valid,0.0,0.0,57.0,20.0,"['Male', 'Male']",0,0,5,4,5,Dry,Straight,Level,Lowest,No
8750,12,Florida,121274,0,1,1,0,1,LARGO,May,14,Sunday,7,23,Urban,Medium Speed (Collector),No,27.90416111,-82.76226111,Non-Intersection,Daylight,Clear,Unknown,Unknown,Unknown EMS Scene Arrival Hour,Unknown EMS Scene Arrival Minutes,Unknown,Unknown EMS Hospital Arrival Time,1,Daylight,Clear,1,0,['Driver'],['None_Used'],0,0,Valid,1.0,0.0,59.0,59.0,['Male'],0,0,5,3,3,Dry,Straight,Non-Trafficway,Lowest,No
8751,12,Florida,121275,1,1,1,0,2,OCALA,May,8,Monday,20,8,Urban,High Speed (Arterial),Yes,29.13653889,-82.19881389,Complex/Circle,Dusk,Clear,Unknown,Unknown,Unknown EMS Scene Arrival Hour,Unknown EMS Scene Arrival Minutes,Unknown,Unknown EMS Hospital Arrival Time,1,Twilight,Clear,0,2,[],[],0,0,Valid,0.0,0.0,44.0,44.0,['Female'],0,0,2,4,4,Dry,Straight,Level,Lowest,No
8752,12,Florida,121276,1,1,1,0,1,MELBOURNE,May,9,Tuesday,22,15,Urban,High Speed (Arterial),Yes,28.15447778,-80.67192778,Non-Intersection,Dark - Lighted,Clear,Unknown,Unknown,Unknown EMS Scene Arrival Hour,Unknown EMS Scene Arrival Minutes,Unknown,Unknown EMS Hospital Arrival Time,1,Dark - Lighted,Clear,0,1,[],[],0,0,Valid,0.0,0.0,41.0,41.0,['Male'],0,0,3,2,4,Dry,Straight,Level,Lowest,No
8753,12,Florida,121277,0,2,2,0,2,DELTONA,May,10,Wednesday,12,19,Urban,Medium Speed (Collector),No,28.87942778,-81.27495278,Simple Junction,Daylight,Cloudy,Unknown,Unknown if Notified,Unknown EMS Scene Arrival Hour,Unknown if Arrived,Not Applicable (Not Transported),Not Applicable (Not Transported),1,Daylight,Reduced Visibility,1,1,['Driver'],['None_Used'],0,0,Valid,1.0,0.0,35.0,33.0,"['Female', 'Male']",0,0,5,4,5,Dry,Straight,Grade/Hillcrest,Lowest,No
8754,12,Florida,121278,0,2,2,0,2,FORT LAUDERDALE,May,14,Sunday,12,11,Urban,Medium Speed (Collector),No,26.11515,-80.17798889,Non-Intersection,Daylight,Cloudy,Unknown,Unknown,Unknown EMS Scene Arrival Hour,Unknown EMS Scene Arrival Minutes,Unknown,Unknown EMS Hospital Arrival Time,1,Daylight,Reduced Visibility,1,1,['Driver'],['None_Used'],0,0,Valid,0.0,0.0,81.0,31.0,"['Female', 'Male']",0,0,5,4,5,Dry,Straight,Level,Lowest,No
8755,12,Florida,121279,0,2,2,0,2,ESTERO,May,9,Tuesday,22,34,Urban,Medium Speed (Collector),No,26.43933056,-81.77141111,Complex/Circle,Dark - Lighted,Clear,Unknown,Unknown,Unknown EMS Scene Arrival Hour,Unknown EMS Scene Arrival Minutes,Unknown,Unknown EMS Hospital Arrival Time,1,Dark - Lighted,Clear,1,1,['Driver'],['None_Used'],0,0,Valid,0.0,0.0,35.0,23.0,"['Female', 'Male']",0,0,3,4,5,Dry,Straight,Level,Lowest,No