,State_Code,State_Name,Crash_ID,Count_Non_Motorists,Count_Vehicles_Total,Count_Vehicle_Forms,Count_PVH_Involved,Count_Occupants_MV,City_Name,Month_Name,Day_of_Month,Day_of_Week,Crash_Hour,Crash_Minute,Area_Rural_Urban,Road_Functional_Class,On_NHS_Road,Latitude,Longitude,Intersection_Type,Light_Condition,Weather_Condition,Notif_Hour,Notif_Minute,Arrival_Hour,Arrival_Minute,Hospital_Hour,Hospital_Minute,Fatalities_Count,Clean_Light_Condition,Clean_Weather_Condition,Total_Killed,Total_Alive,Fatal_Seats_List,Killed_Restraint_List,Any_Driver_Drinking,Total_Drinking_Drivers,Driver_License_Category,Driver_Max_Prev_Accident_Count,Driver_Max_Prev_Speeding_Count,Max_Driver_Age,Min_Driver_Age,Driver_Sex_List,Total_Exceeding_Limit_Vehicles,Total_Too_Fast_Vehicles,Max_Vehicle_Type_Severity_5,Max_Vehicle_Damage_Rank,Max_Harmful_Event_Severity,Crash_Road_Surface_Condition,Crash_Horizontal_Alignment,Crash_Vertical_Profile,Crash_Impairment_Category,Crash_Vehicle_Defect
8756,12,Florida,121280,0,1,1,0,1,NOT APPLICABLE,May,12,Friday,10,20,Urban,Medium Speed (Collector),No,29.6742,-82.41031111,Non-Intersection,Daylight,Clear,Unknown,Unknown,Unknown EMS Scene Arrival Hour,Unknown EMS Scene Arrival Minutes,Unknown,Unknown EMS Hospital Arrival Time,1,Daylight,Clear,1,0,['Driver'],['Shoulder_Lapbelt'],0,0,Valid,0.0,0.0,78.0,78.0,['Male'],0,0,3,4,3,Dry,Straight,Level,Lowest,No
8757,12,Florida,121281,1,1,1,0,1,SAINT PETERSBURG,May,15,Monday,20,39,Urban,High Speed (Arterial),Yes,27.77781667,-82.67948889,Non-Intersection,Dark - Lighted,Clear,Unknown,Unknown,Unknown EMS Scene Arrival Hour,Unknown EMS Scene Arrival Minutes,Unknown,Unknown EMS Hospital Arrival Time,1,Dark - Lighted,Clear,0,1,[],[],0,0,Valid,0.0,0.0,39.0,39.0,['Female'],0,0,3,2,4,Dry,Straight,Level,Lowest,No
8758,12,Florida,121282,0,1,1,0,1,NOT APPLICABLE,April,8,Saturday,0,1,Rural,Low Speed (Local),No,25.52512222,-80.44524722,Simple Junction,Dark - Not Lighted,Clear,Unknown,Unknown,Unknown EMS Scene Arrival Hour,Unknown EMS Scene Arrival Minutes,Not Applicable (Not Transported),Not Applicable (Not Transported),1,Dark - Unlighted,Clear,1,0,['Driver'],['None_Used'],0,0,Valid,0.0,0.0,33.0,33.0,['Male'],0,0,3,4,3,Dry,Straight,Level,Lowest,No
8759,12,Florida,121283,0,2,2,0,2,DEERFIELD BEACH,May,16,Tuesday,7,7,Urban,High Speed (Arterial),Yes,26.31960833,-80.15288056,Non-Intersection,Dawn,Clear,Unknown,Unknown,Unknown EMS Scene Arrival Hour,Unknown EMS Scene Arrival Minutes,Unknown,Unknown EMS Hospital Arrival Time,1,Twilight,Clear,1,1,['Driver'],['None_Used'],0,0,Valid,0.0,1.0,47.0,42.0,"['Male', 'Male']",0,0,5,4,5,Dry,Straight,Level,Lowest,No
8760,12,Florida,121284,0,2,2,0,3,NOT APPLICABLE,May,20,Saturday,10,30,Urban,High Speed (Arterial),Yes,30.41859167,-84.14778056,Simple Junction,Daylight,Clear,Unknown,Unknown,Unknown EMS Scene Arrival Hour,Unknown EMS Scene Arrival Minutes,Unknown,Unknown EMS Hospital Arrival Time,1,Daylight,Clear,1,2,['Driver'],['Shoulder_Lapbelt'],0,0,Valid,0.0,0.0,84.0,52.0,"['Male', 'Male']",0,0,3,4,5,Dry,Straight,Level,Lowest,No
8761,12,Florida,121285,0,4,4,0,7,NOT APPLICABLE,May,1,Monday,19,30,Urban,High Speed (Arterial),Yes,27.48461944,-80.46883889,Non-Intersection,Daylight,Clear,Unknown,Unknown,Unknown EMS Scene Arrival Hour,Unknown EMS Scene Arrival Minutes,Unknown,Unknown EMS Hospital Arrival Time,2,Daylight,Clear,2,5,"['Rear_Seat', 'Driver']","['Shoulder_Lapbelt', 'Shoulder_Lapbelt']",0,0,Valid,0.0,0.0,57.0,33.0,"['Female', 'Male', 'Male', 'Male']",0,0,4,4,5,Dry,Straight,Level,Lowest,Yes
8762,12,Florida,121286,0,2,2,0,2,DAVIE,May,13,Saturday,3,15,Urban,Low Speed (Local),No,26.07743056,-80.20697222,Non-Intersection,Dark - Lighted,Clear,Unknown,Unknown,Unknown EMS Scene Arrival Hour,Unknown EMS Scene Arrival Minutes,Not Applicable (Not Transported),Not Applicable (Not Transported),1,Dark - Lighted,Clear,1,1,['Driver'],['None_Used'],0,0,Valid,1.0,0.0,66.0,40.0,"['Male', 'Male']",0,0,5,4,5,Dry,Curve,Level,Lowest,No
8763,12,Florida,121287,0,2,2,0,3,GAINESVILLE,May,16,Tuesday,23,33,Urban,High Speed (Arterial),Yes,29.62424167,-82.33948333,Complex/Circle,Dark - Lighted,Clear,Unknown,Unknown,Unknown EMS Scene Arrival Hour,Unknown EMS Scene Arrival Minutes,Unknown,Unknown EMS Hospital Arrival Time,1,Dark - Lighted,Clear,1,2,['Driver'],['None_Used'],1,1,Valid,0.0,1.0,36.0,24.0,"['Male', 'Female']",0,0,5,4,5,Dry,Straight,Level,Lowest,No
8764,12,Florida,121288,0,1,1,0,1,NOT APPLICABLE,May,13,Saturday,9,23,Rural,Low Speed (Local),No,30.35698611,-82.20079444,Non-Intersection,Daylight,Clear,Unknown,Unknown,Unknown EMS Scene Arrival Hour,Unknown EMS Scene Arrival Minutes,Unknown,Unknown EMS Hospital Arrival Time,1,Daylight,Clear,1,0,['Driver'],['None_Used'],0,0,Valid,0.0,0.0,47.0,47.0,['Male'],0,0,5,3,3,Loose/Unpaved,Straight,Level,Lowest,No
8765,12,Florida,121289,1,1,1,0,1,NOT APPLICABLE,May,5,Friday,10,54,Rural,Low Speed (Local),No,29.81639167,-81.31738611,Non-Intersection,Daylight,Cloudy,Unknown,Unknown,Unknown EMS Scene Arrival Hour,Unknown EMS Scene Arrival Minutes,Unknown,Unknown EMS Hospital Arrival Time,1,Daylight,Reduced Visibility,0,1,[],[],0,0,Valid,0.0,0.0,45.0,45.0,['Male'],0,0,1,3,4,Dry,Curve,Grade/Hillcrest,Lowest,No
8766,12,Florida,121290,1,1,1,0,1,NOT APPLICABLE,April,26,Wednesday,0,4,Urban,Medium Speed (Collector),No,25.92483333,-80.18815833,Non-Intersection,Dark - Lighted,Rain,Unknown,Unknown,Unknown EMS Scene Arrival Hour,Unknown EMS Scene Arrival Minutes,Unknown,Unknown EMS Hospital Arrival Time,1,Dark - Lighted,Rain/Wind/Minor,0,1,[],[],0,0,Invalid,0.0,0.0,32.0,32.0,['Female'],0,0,2,4,4,Wet/Standing Water,Straight,Level,Lowest,No
8767,12,Florida,121291,0,5,5,0,7,HALLANDALE BEACH,May,4,Thursday,10,11,Rural,Low Speed (Local),No,26.09891111,-80.10776944,Non-Intersection,Daylight,Clear,Unknown,Unknown,Unknown EMS Scene Arrival Hour,Unknown EMS Scene Arrival Minutes,Unknown,Unknown EMS Hospital Arrival Time,1,Daylight,Clear,1,6,['Driver'],['Shoulder_Lapbelt'],0,0,Valid,1.0,0.0,82.0,34.0,"['Other', 'Male', 'Male', 'Male', 'Male']",0,0,3,4,5,Dry,Straight,Level,Lowest,No
8768,12,Florida,121292,0,2,2,0,3,NOT APPLICABLE,May,21,Sunday,1,25,Urban,High Speed (Arterial),Yes,25.96298056,-80.16592222,Non-Intersection,Dark - Lighted,Clear,Unknown,Unknown,Unknown EMS Scene Arrival Hour,Unknown EMS Scene Arrival Minutes,Unknown,Unknown EMS Hospital Arrival Time,1,Dark - Lighted,Clear,1,2,['Driver'],['None_Used'],1,1,Invalid,1.0,1.0,25.0,24.0,"['Female', 'Male']",0,0,2,4,5,Dry,Straight,Level,Lowest,No
8769,12,Florida,121293,0,2,2,0,4,NOT APPLICABLE,May,15,Monday,13,53,Rural,Medium Speed (Collector),No,27.57143611,-82.38515833,Non-Intersection,Daylight,Cloudy,Unknown,Unknown,Unknown EMS Scene Arrival Hour,Unknown EMS Scene Arrival Minutes,Unknown,Unknown EMS Hospital Arrival Time,3,Daylight,Reduced Visibility,3,1,"['Driver', 'Front_Passenger', 'Rear_Seat']","['Shoulder_Lapbelt', 'Shoulder_Lapbelt', 'None_Used']",0,0,Valid,0.0,0.0,71.0,59.0,"['Male', 'Male']",0,0,4,4,5,Dry,Curve,Level,Lowest,No
8770,12,Florida,121294,0,2,2,0,8,NOT APPLICABLE,May,17,Wednesday,15,18,Rural,High Speed (Arterial),Yes,30.528925,-84.52195556,Non-Intersection,Daylight,Rain,Unknown,Unknown,Unknown EMS Scene Arrival Hour,Unknown EMS Scene Arrival Minutes,Unknown,Unknown EMS Hospital Arrival Time,1,Daylight,Rain/Wind/Minor,1,7,['Rear_Seat'],['Shoulder_Lapbelt'],0,0,Valid,0.0,2.0,64.0,43.0,"['Female', 'Male']",1,0,3,4,5,Wet/Standing Water,Straight,Grade/Hillcrest,Lowest,No
8771,12,Florida,121295,0,2,2,0,2,NOT APPLICABLE,May,20,Saturday,13,30,Urban,High Speed (Arterial),Yes,28.25569722,-81.47047222,Complex/Circle,Daylight,Clear,Unknown,Unknown,Unknown EMS Scene Arrival Hour,Unknown EMS Scene Arrival Minutes,Unknown,Unknown EMS Hospital Arrival Time,1,Daylight,Clear,1,1,['Driver'],['None_Used'],0,0,Valid,1.0,1.0,58.0,31.0,"['Male', 'Male']",0,0,5,4,5,Dry,Straight,Level,Lowest,No
8772,12,Florida,121296,0,1,1,0,2,NOT APPLICABLE,May,21,Sunday,3,35,Urban,High Speed (Arterial),Yes,28.97487778,-81.29926944,Non-Intersection,Dark - Not Lighted,Clear,Unknown,Unknown,Unknown EMS Scene Arrival Hour,Unknown EMS Scene Arrival Minutes,Unknown,Unknown EMS Hospital Arrival Time,1,Dark - Unlighted,Clear,1,1,['Driver'],['None_Used'],1,1,Valid,0.0,0.0,20.0,20.0,['Male'],0,0,3,4,2,Dry,Straight,Grade/Hillcrest,Lowest,No
8773,12,Florida,121297,0,1,1,0,1,DAVIE,May,5,Friday,7,57,Urban,Medium Speed (Collector),No,26.11700833,-80.33021944,Non-Intersection,Daylight,Cloudy,Unknown,Unknown,Unknown EMS Scene Arrival Hour,Unknown EMS Scene Arrival Minutes,Not Applicable (Not Transported),Not Applicable (Not Transported),1,Daylight,Reduced Visibility,1,0,['Driver'],['None_Used'],0,0,Valid,0.0,0.0,20.0,20.0,['Male'],0,0,3,4,3,Dry,Straight,Level,Lowest,No
8774,12,Florida,121298,0,2,2,0,3,NOT APPLICABLE,May,20,Saturday,20,34,Urban,Medium Speed (Collector),No,28.606275,-81.29975278,Complex/Circle,Dark - Lighted,Clear,Unknown,Unknown,Unknown EMS Scene Arrival Hour,Unknown EMS Scene Arrival Minutes,Unknown,Unknown EMS Hospital Arrival Time,1,Dark - Lighted,Clear,1,2,['Driver'],['Shoulder_Lapbelt'],0,0,Valid,1.0,0.0,77.0,25.0,"['Female', 'Male']",2,0,2,4,5,Dry,Straight,Level,Lowest,No
8775,12,Florida,121299,0,2,2,0,6,NOT APPLICABLE,May,21,Sunday,14,22,Urban,Medium Speed (Collector),No,26.43125,-81.79958333,Complex/Circle,Daylight,Clear,Unknown,Unknown,Unknown EMS Scene Arrival Hour,Unknown EMS Scene Arrival Minutes,Unknown,Unknown EMS Hospital Arrival Time,1,Daylight,Clear,1,5,['Front_Passenger'],['Shoulder_Lapbelt'],0,0,Valid,0.0,0.0,79.0,38.0,"['Female', 'Male']",0,0,3,4,5,Dry,Straight,Level,Lowest,No
8776,12,Florida,121300,0,2,2,0,2,NOT APPLICABLE,May,18,Thursday,6,55,Urban,High Speed (Arterial),Yes,27.06496111,-82.41844722,Complex/Circle,Daylight,Clear,Unknown,Unknown,Unknown EMS Scene Arrival Hour,Unknown EMS Scene Arrival Minutes,Unknown,Unknown EMS Hospital Arrival Time,1,Daylight,Clear,1,1,['Driver'],['None_Used'],0,0,Valid,0.0,0.0,40.0,29.0,"['Male', 'Male']",1,0,5,4,5,Dry,Straight,Level,Lowest,No
8777,12,Florida,121302,0,2,2,0,3,NOT APPLICABLE,May,20,Saturday,19,39,Urban,High Speed (Arterial),No,26.59033889,-80.16820278,Simple Junction,Dusk,Clear,Unknown,Unknown,Unknown EMS Scene Arrival Hour,Unknown EMS Scene Arrival Minutes,Unknown,Unknown EMS Hospital Arrival Time,1,Twilight,Clear,1,2,['Driver'],['Shoulder_Lapbelt'],0,0,Valid,0.0,0.0,65.0,20.0,"['Male', 'Male']",0,0,3,4,5,Dry,Straight,Level,Lowest,No
8778,12,Florida,121303,0,1,1,0,9,NOT APPLICABLE,May,19,Friday,17,50,Rural,High Speed (Arterial),Yes,30.34921667,-83.07476667,Non-Intersection,Daylight,Clear,Unknown,Unknown,Unknown EMS Scene Arrival Hour,Unknown EMS Scene Arrival Minutes,Unknown,Unknown EMS Hospital Arrival Time,1,Daylight,Clear,1,8,['Rear_Seat'],['None_Used'],0,0,Invalid,0.0,3.0,48.0,48.0,['Female'],0,0,3,4,3,Dry,Straight,Level,Lowest,Yes
8779,12,Florida,121304,0,2,2,0,2,NOT APPLICABLE,May,19,Friday,16,8,Urban,High Speed (Arterial),Yes,26.65885278,-80.11253889,Non-Intersection,Daylight,Clear,Unknown,Unknown,Unknown EMS Scene Arrival Hour,Unknown EMS Scene Arrival Minutes,Unknown,Unknown EMS Hospital Arrival Time,1,Daylight,Clear,1,1,['Driver'],['None_Used'],0,0,Valid,0.0,0.0,38.0,30.0,"['Male', 'Female']",1,0,5,4,5,Wet/Standing Water,Straight,Level,Lowest,No
8780,12,Florida,121305,0,1,1,0,2,NOT APPLICABLE,May,13,Saturday,22,15,Rural,Low Speed (Local),No,29.63675,-81.55946111,Non-Intersection,Dark - Not Lighted,Clear,Unknown,Unknown,Unknown EMS Scene Arrival Hour,Unknown EMS Scene Arrival Minutes,Unknown,Unknown EMS Hospital Arrival Time,1,Dark - Unlighted,Clear,1,1,['Front_Passenger'],['None_Used'],1,1,Invalid,0.0,1.0,23.0,23.0,['Male'],0,0,3,4,3,Dry,Straight,Level,Lowest,No
8781,12,Florida,121306,1,3,3,0,3,NOT APPLICABLE,May,16,Tuesday,8,32,Urban,High Speed (Arterial),Yes,30.14591111,-81.76078056,Complex/Circle,Daylight,Clear,Unknown,Unknown,Unknown EMS Scene Arrival Hour,Unknown EMS Scene Arrival Minutes,Unknown,Unknown EMS Hospital Arrival Time,1,Daylight,Clear,0,3,[],[],0,0,Valid,1.0,4.0,62.0,26.0,"['Female', 'Male', 'Female']",0,0,3,4,5,Dry,Straight,Level,Lowest,No
8782,12,Florida,121307,0,2,2,0,4,NOT APPLICABLE,May,18,Thursday,6,22,Rural,Medium Speed (Collector),No,30.73335,-86.35091111,Complex/Circle,Daylight,Clear,Unknown,Unknown,Unknown EMS Scene Arrival Hour,Unknown EMS Scene Arrival Minutes,Unknown,Unknown EMS Hospital Arrival Time,1,Daylight,Clear,1,3,['Driver'],['None_Used'],0,0,Valid,0.0,2.0,57.0,28.0,"['Female', 'Male']",0,0,5,4,5,Dry,Straight,Level,Lowest,No
8783,12,Florida,121308,1,1,1,0,1,MIAMI,May,17,Wednesday,16,2,Urban,Low Speed (Local),No,25.84725833,-80.20713056,Complex/Circle,Daylight,Rain,Unknown,Unknown,Unknown EMS Scene Arrival Hour,Unknown EMS Scene Arrival Minutes,Unknown,Unknown EMS Hospital Arrival Time,1,Daylight,Rain/Wind/Minor,0,1,[],[],0,0,Valid,0.0,0.0,33.0,33.0,['Female'],0,0,2,2,4,Wet/Standing Water,Straight,Level,Lowest,No
8784,12,Florida,121309,1,1,1,0,2,NOT APPLICABLE,May,13,Saturday,21,42,Urban,High Speed (Arterial),Yes,28.33565,-82.69933611,Non-Intersection,Dark - Lighted,Clear,Unknown,Unknown,Unknown EMS Scene Arrival Hour,Unknown EMS Scene Arrival Minutes,Not Applicable (Not Transported),Not Applicable (Not Transported),1,Dark - Lighted,Clear,0,2,[],[],0,0,Valid,0.0,0.0,52.0,52.0,['Female'],0,0,3,3,4,Dry,Straight,Level,Lowest,No
8785,12,Florida,121310,1,2,2,0,2,TALLAHASSEE,May,20,Saturday,4,54,Urban,Medium Speed (Collector),Yes,30.44672222,-84.26510278,Non-Intersection,Dark - Lighted,Clear,Unknown,Unknown,Unknown EMS Scene Arrival Hour,Unknown EMS Scene Arrival Minutes,Not Applicable (Not Transported),Not Applicable (Not Transported),1,Dark - Lighted,Clear,0,2,[],[],0,0,Valid,0.0,1.0,44.0,21.0,"['Male', 'Male']",0,0,2,4,4,Dry,Straight,Grade/Hillcrest,Lowest,No
8786,12,Florida,121311,0,2,2,0,2,NOT APPLICABLE,May,17,Wednesday,18,20,Urban,Medium Speed (Collector),No,29.65178611,-82.27243889,Simple Junction,Daylight,Clear,Unknown,Unknown,Unknown EMS Scene Arrival Hour,Unknown EMS Scene Arrival Minutes,Unknown,Unknown EMS Hospital Arrival Time,1,Daylight,Clear,1,1,['Driver'],['None_Used'],0,0,Valid,0.0,0.0,60.0,33.0,"['Male', 'Male']",0,0,5,4,5,Dry,Straight,Level,Lowest,No
8787,12,Florida,121312,0,1,1,0,1,NOT APPLICABLE,April,24,Monday,18,19,Urban,Medium Speed (Collector),No,25.57639444,-80.38040833,Non-Intersection,Daylight,Clear,Unknown,Unknown,Unknown EMS Scene Arrival Hour,Unknown EMS Scene Arrival Minutes,Unknown,Unknown EMS Hospital Arrival Time,1,Daylight,Clear,1,0,['Driver'],['None_Used'],0,0,Valid,0.0,0.0,22.0,22.0,['Male'],0,0,5,0,2,Dry,Straight,Level,Lowest,No
8788,12,Florida,121313,1,1,1,0,1,PALMETTO,May,22,Monday,16,47,Urban,High Speed (Arterial),Yes,27.52524722,-82.57293889,Simple Junction,Daylight,Clear,Unknown,Unknown,Unknown EMS Scene Arrival Hour,Unknown EMS Scene Arrival Minutes,Unknown,Unknown EMS Hospital Arrival Time,1,Daylight,Clear,0,1,[],[],0,0,Valid,0.0,0.0,61.0,61.0,['Male'],0,0,3,3,4,Dry,Straight,Level,Lowest,No
8789,12,Florida,121314,0,5,5,0,9,PALM BAY,May,17,Wednesday,18,14,Urban,High Speed (Arterial),Yes,28.01643056,-80.643375,Non-Intersection,Daylight,Cloudy,Unknown,Unknown,Unknown EMS Scene Arrival Hour,Unknown EMS Scene Arrival Minutes,Unknown,Unknown EMS Hospital Arrival Time,1,Daylight,Reduced Visibility,1,8,['Rear_Seat'],['Shoulder_Lapbelt'],0,0,Valid,0.0,0.0,80.0,31.0,"['Male', 'Male', 'Female', 'Male', 'Male']",0,0,3,4,5,Dry,Straight,Level,Lowest,No
8790,12,Florida,121315,1,1,1,0,1,FORT LAUDERDALE,May,22,Monday,15,2,Urban,High Speed (Arterial),Yes,26.06335278,-80.14225833,Non-Intersection,Daylight,Clear,Unknown,Unknown,Unknown EMS Scene Arrival Hour,Unknown EMS Scene Arrival Minutes,Unknown,Unknown EMS Hospital Arrival Time,1,Daylight,Clear,0,1,[],[],0,0,Valid,1.0,0.0,65.0,65.0,['Male'],0,0,2,2,4,Dry,Straight,Level,Lowest,No
8791,12,Florida,121316,1,1,1,0,2,NOT APPLICABLE,May,12,Friday,21,0,Urban,High Speed (Arterial),Yes,29.13811111,-81.13440556,Non-Intersection,Dark - Not Lighted,Clear,Unknown,Unknown,Unknown EMS Scene Arrival Hour,Unknown EMS Scene Arrival Minutes,Not Applicable (Not Transported),Not Applicable (Not Transported),1,Dark - Unlighted,Clear,0,2,[],[],0,0,Valid,0.0,1.0,64.0,64.0,['Male'],0,0,2,4,4,Dry,Straight,Level,Lowest,No
8792,12,Florida,121317,0,2,2,0,3,NOT APPLICABLE,May,21,Sunday,20,40,Urban,High Speed (Arterial),No,26.56792222,-81.68200556,Simple Junction,Dusk,Clear,Unknown,Unknown,Unknown EMS Scene Arrival Hour,Unknown EMS Scene Arrival Minutes,Not Applicable (Not Transported),Not Applicable (Not Transported),1,Twilight,Clear,1,2,['Driver'],['None_Used'],0,0,Valid,0.0,0.0,22.0,18.0,"['Male', 'Female']",1,0,5,4,5,Dry,Straight,Level,Lowest,No
8793,12,Florida,121318,1,1,1,0,3,TITUSVILLE,May,13,Saturday,21,21,Urban,High Speed (Arterial),No,28.61600278,-80.85173611,Complex/Circle,Dark - Lighted,Clear,Unknown,Unknown,Unknown EMS Scene Arrival Hour,Unknown EMS Scene Arrival Minutes,Unknown,Unknown EMS Hospital Arrival Time,1,Dark - Lighted,Clear,0,3,[],[],0,0,Valid,0.0,0.0,42.0,42.0,['Male'],0,0,3,3,4,Dry,Straight,Level,Lowest,No
8794,12,Florida,121319,0,2,2,0,2,NOT APPLICABLE,May,21,Sunday,5,9,Urban,High Speed (Arterial),Yes,26.76666389,-80.13342778,Non-Intersection,Dark - Not Lighted,Clear,Unknown,Unknown,Unknown EMS Scene Arrival Hour,Unknown EMS Scene Arrival Minutes,Not Applicable (Not Transported),Not Applicable (Not Transported),1,Dark - Unlighted,Clear,1,1,['Driver'],['None_Used'],0,0,Valid,2.0,0.0,72.0,33.0,"['Male', 'Male']",0,0,5,4,5,Dry,Straight,Level,Lowest,No
8795,12,Florida,121320,0,2,2,0,2,DELRAY BEACH,May,22,Monday,17,41,Urban,Medium Speed (Collector),No,26.43965,-80.09662222,Complex/Circle,Daylight,Clear,Unknown,Unknown,Unknown EMS Scene Arrival Hour,Unknown EMS Scene Arrival Minutes,Unknown,Unknown EMS Hospital Arrival Time,1,Daylight,Clear,1,1,['Driver'],['None_Used'],0,0,Valid,0.0,1.0,31.0,25.0,"['Male', 'Male']",0,0,5,3,5,Dry,Straight,Level,Lowest,No
8796,12,Florida,121321,0,2,2,0,4,BUSHNELL,May,18,Thursday,14,29,Rural,Medium Speed (Collector),No,28.68312778,-82.110775,Complex/Circle,Daylight,Clear,Unknown,Unknown,Unknown EMS Scene Arrival Hour,Unknown EMS Scene Arrival Minutes,Unknown,Unknown EMS Hospital Arrival Time,1,Daylight,Clear,1,3,['Driver'],['Shoulder_Lapbelt'],0,0,Valid,0.0,1.0,69.0,33.0,"['Male', 'Male']",0,0,3,4,5,Dry,Straight,Level,Lowest,No
8797,12,Florida,121322,0,2,2,0,5,LAUDERHILL,May,14,Sunday,17,45,Urban,High Speed (Arterial),Yes,26.12115556,-80.19611389,Simple Junction,Daylight,Clear,Unknown,Unknown,Unknown EMS Scene Arrival Hour,Unknown EMS Scene Arrival Minutes,Unknown,Unknown EMS Hospital Arrival Time,1,Daylight,Clear,1,4,['Front_Passenger'],['None_Used'],0,0,Valid,0.0,0.0,64.0,22.0,"['Male', 'Female']",0,0,3,4,5,Dry,Straight,Level,Lowest,No
8798,12,Florida,121323,0,2,2,0,4,CAPE CORAL,May,19,Friday,6,12,Urban,Medium Speed (Collector),No,26.63721944,-81.99238056,Simple Junction,Dark - Lighted,Clear,Unknown,Unknown,Unknown EMS Scene Arrival Hour,Unknown EMS Scene Arrival Minutes,Unknown,Unknown EMS Hospital Arrival Time,1,Dark - Lighted,Clear,1,3,['Driver'],['None_Used'],1,1,Valid,0.0,0.0,37.0,34.0,"['Female', 'Female']",0,0,2,4,5,Dry,Straight,Level,Lowest,No
8799,12,Florida,121324,1,1,1,0,1,LEESBURG,May,20,Saturday,2,25,Urban,High Speed (Arterial),Yes,28.8123,-81.88751389,Non-Intersection,Dark - Lighted,Cloudy,Unknown,Unknown,Unknown EMS Scene Arrival Hour,Unknown EMS Scene Arrival Minutes,Unknown,Unknown EMS Hospital Arrival Time,1,Dark - Lighted,Reduced Visibility,0,1,[],[],0,0,Valid,1.0,0.0,32.0,32.0,['Male'],0,0,2,3,4,Dry,Straight,Grade/Hillcrest,Lowest,No
8800,12,Florida,121325,0,2,2,0,3,POMPANO BEACH,May,21,Sunday,17,42,Urban,Medium Speed (Collector),No,26.26038611,-80.14063611,Complex/Circle,Daylight,Clear,Unknown,Unknown,Unknown EMS Scene Arrival Hour,Unknown EMS Scene Arrival Minutes,Unknown,Unknown EMS Hospital Arrival Time,1,Daylight,Clear,1,2,['Front_Passenger'],['Shoulder_Lapbelt'],0,0,Valid,2.0,2.0,24.0,24.0,"['Female', 'Female']",1,0,2,4,5,Dry,Straight,Level,Lowest,No
8801,12,Florida,121326,1,1,1,0,1,MIAMI,May,2,Tuesday,17,28,Urban,High Speed (Arterial),Yes,25.73263056,-80.254025,Complex/Circle,Daylight,Clear,Unknown,Unknown,Unknown EMS Scene Arrival Hour,Unknown EMS Scene Arrival Minutes,Unknown,Unknown EMS Hospital Arrival Time,1,Daylight,Clear,0,1,[],[],0,0,Valid,0.0,0.0,64.0,64.0,['Male'],0,0,3,2,4,Dry,Straight,Level,Lowest,No
8802,12,Florida,121327,1,1,1,0,2,NOT APPLICABLE,May,21,Sunday,20,28,Urban,High Speed (Arterial),Yes,26.65198611,-80.11237222,Complex/Circle,Dark - Lighted,Clear,Unknown,Unknown,Unknown EMS Scene Arrival Hour,Officially Cancelled,Unknown,Officially Canceled,1,Dark - Lighted,Clear,0,2,[],[],1,1,Valid,0.0,0.0,26.0,26.0,['Male'],2,0,2,4,4,Dry,Straight,Level,Lowest,No
8803,12,Florida,121328,0,2,2,0,7,NOT APPLICABLE,May,5,Friday,23,50,Urban,High Speed (Arterial),Yes,29.81486389,-81.32286667,Complex/Circle,Dark - Lighted,Clear,Unknown,Unknown,Unknown EMS Scene Arrival Hour,Unknown EMS Scene Arrival Minutes,Unknown,Unknown EMS Hospital Arrival Time,1,Dark - Lighted,Clear,1,6,['Driver'],['None_Used'],0,0,Valid,0.0,0.0,30.0,18.0,"['Male', 'Male']",0,0,3,4,5,Dry,Straight,Level,Lowest,No
8804,12,Florida,121329,0,2,2,0,2,JACKSONVILLE,May,24,Wednesday,18,0,Urban,Medium Speed (Collector),No,30.20369722,-81.78113333,Simple Junction,Daylight,Cloudy,Unknown,Unknown,Unknown EMS Scene Arrival Hour,Unknown EMS Scene Arrival Minutes,Unknown,Unknown EMS Hospital Arrival Time,1,Daylight,Reduced Visibility,1,1,['Driver'],['None_Used'],0,0,Valid,0.0,0.0,78.0,44.0,"['Female', 'Male']",0,0,5,4,5,Wet/Standing Water,Straight,Level,Lowest,No
8805,12,Florida,121330,1,1,1,0,1,MIAMI,May,24,Wednesday,23,0,Urban,High Speed (Arterial),Yes,25.84743611,-80.19606111,Non-Intersection,Dark - Not Lighted,Clear,Unknown,Unknown,Unknown EMS Scene Arrival Hour,Unknown EMS Scene Arrival Minutes,Not Applicable (Not Transported),Not Applicable (Not Transported),1,Dark - Unlighted,Clear,0,1,[],[],0,0,Valid,0.0,0.0,27.0,27.0,['Male'],0,0,2,2,4,Dry,Straight,Level,Lowest,No
8806,12,Florida,121331,0,2,2,0,3,DE FUNIAK SPRINGS,April,28,Friday,6,36,Urban,Medium Speed (Collector),No,30.721475,-86.100975,Non-Intersection,Daylight,Clear,Unknown,Unknown,Unknown EMS Scene Arrival Hour,Unknown EMS Scene Arrival Minutes,Unknown,Unknown EMS Hospital Arrival Time,1,Daylight,Clear,1,2,['Front_Passenger'],['Shoulder_Lapbelt'],0,0,Valid,0.0,0.0,65.0,38.0,"['Male', 'Male']",0,0,3,4,5,Dry,Straight,Level,Lowest,No
8807,12,Florida,121332,1,1,1,0,1,LAKE WORTH,May,21,Sunday,23,12,Urban,Medium Speed (Collector),No,26.61560833,-80.04733611,Non-Intersection,Dark - Lighted,Clear,Unknown,Unknown,Unknown EMS Scene Arrival Hour,Unknown EMS Scene Arrival Minutes,Unknown,Unknown EMS Hospital Arrival Time,1,Dark - Lighted,Clear,0,1,[],[],0,0,Valid,0.0,0.0,81.0,81.0,['Male'],0,0,2,3,4,Dry,Straight,Level,Lowest,No