,State_Code,State_Name,Crash_ID,Count_Non_Motorists,Count_Vehicles_Total,Count_Vehicle_Forms,Count_PVH_Involved,Count_Occupants_MV,City_Name,Month_Name,Day_of_Month,Day_of_Week,Crash_Hour,Crash_Minute,Area_Rural_Urban,Road_Functional_Class,On_NHS_Road,Latitude,Longitude,Intersection_Type,Light_Condition,Weather_Condition,Notif_Hour,Notif_Minute,Arrival_Hour,Arrival_Minute,Hospital_Hour,Hospital_Minute,Fatalities_Count,Clean_Light_Condition,Clean_Weather_Condition,Total_Killed,Total_Alive,Fatal_Seats_List,Killed_Restraint_List,Any_Driver_Drinking,Total_Drinking_Drivers,Driver_License_Category,Driver_Max_Prev_Accident_Count,Driver_Max_Prev_Speeding_Count,Max_Driver_Age,Min_Driver_Age,Driver_Sex_List,Total_Exceeding_Limit_Vehicles,Total_Too_Fast_Vehicles,Max_Vehicle_Type_Severity_5,Max_Vehicle_Damage_Rank,Max_Harmful_Event_Severity,Crash_Road_Surface_Condition,Crash_Horizontal_Alignment,Crash_Vertical_Profile,Crash_Impairment_Category,Crash_Vehicle_Defect
8808,12,Florida,121333,0,1,1,0,2,NOT APPLICABLE,May,20,Saturday,22,0,Rural,Medium Speed (Collector),No,30.01097778,-85.31956111,Non-Intersection,Dark - Not Lighted,Clear,Unknown,Unknown,Unknown EMS Scene Arrival Hour,Unknown EMS Scene Arrival Minutes,Not Applicable (Not Transported),Not Applicable (Not Transported),2,Dark - Unlighted,Clear,2,0,"['Driver', 'Front_Passenger']","['None_Used', 'None_Used']",0,0,Valid,0.0,0.0,16.0,16.0,['Male'],0,0,2,4,3,Dry,Straight,Level,Lowest,No
8809,12,Florida,121334,0,4,1,3,1,NOT APPLICABLE,May,23,Tuesday,7,31,Urban,High Speed (Arterial),Yes,27.60528333,-80.38255278,Non-Intersection,Daylight,Clear,Unknown,Unknown,Unknown EMS Scene Arrival Hour,Unknown EMS Scene Arrival Minutes,Unknown,Unknown EMS Hospital Arrival Time,1,Daylight,Clear,1,0,['Driver'],['None_Used'],0,0,Valid,0.0,0.0,75.0,75.0,['Male'],1,0,3,4,5,Dry,Straight,Level,Lowest,No
8810,12,Florida,121335,1,4,4,0,6,NOT APPLICABLE,May,22,Monday,16,31,Urban,High Speed (Arterial),Yes,27.46140556,-82.45932778,Non-Intersection,Daylight,Clear,Unknown,Unknown,Unknown EMS Scene Arrival Hour,Unknown EMS Scene Arrival Minutes,Not Applicable (Not Transported),Not Applicable (Not Transported),1,Daylight,Clear,0,6,[],[],0,0,Valid,0.0,0.0,40.0,20.0,"['Female', 'Female', 'Male']",0,0,3,4,5,Dry,Straight,Level,Lowest,Yes
8811,12,Florida,121336,0,2,2,0,3,NOT APPLICABLE,May,23,Tuesday,18,48,Urban,High Speed (Arterial),Yes,27.93423333,-82.33024167,Non-Intersection,Daylight,Cloudy,Unknown,Unknown,Unknown EMS Scene Arrival Hour,Unknown EMS Scene Arrival Minutes,Unknown,Unknown EMS Hospital Arrival Time,1,Daylight,Reduced Visibility,1,2,['Front_Passenger'],['None_Used'],1,1,Invalid,0.0,0.0,45.0,34.0,"['Male', 'Female']",0,0,2,4,5,Dry,Straight,Level,Lowest,No
8812,12,Florida,121337,0,1,1,0,1,NOT APPLICABLE,May,22,Monday,0,22,Urban,Medium Speed (Collector),No,28.53366944,-82.47506667,Non-Intersection,Dark - Not Lighted,Clear,Unknown,Unknown,Unknown EMS Scene Arrival Hour,Unknown EMS Scene Arrival Minutes,Not Applicable (Not Transported),Not Applicable (Not Transported),1,Dark - Unlighted,Clear,1,0,['Driver'],['Shoulder_Lapbelt'],0,0,Valid,0.0,0.0,18.0,18.0,['Male'],0,0,2,4,3,Dry,Straight,Level,Lowest,No
8813,12,Florida,121338,0,1,1,0,1,NOT APPLICABLE,May,19,Friday,4,48,Urban,High Speed (Arterial),Yes,26.54653611,-80.70184722,Non-Intersection,Dark - Not Lighted,Clear,Unknown,Unknown,Unknown EMS Scene Arrival Hour,Unknown EMS Scene Arrival Minutes,Not Applicable (Not Transported),Not Applicable (Not Transported),1,Dark - Unlighted,Clear,1,0,['Driver'],['None_Used'],0,0,Invalid,0.0,0.0,52.0,52.0,['Male'],0,0,3,4,3,Dry,Straight,Level,Lowest,No
8814,12,Florida,121339,0,2,2,0,3,DAYTONA BEACH,May,21,Sunday,17,30,Urban,Medium Speed (Collector),No,29.215425,-81.05757222,Non-Intersection,Dusk,Clear,Unknown,Unknown,Unknown EMS Scene Arrival Hour,Unknown EMS Scene Arrival Minutes,Unknown,Unknown EMS Hospital Arrival Time,1,Twilight,Clear,1,2,['Driver'],['None_Used'],0,0,Valid,0.0,1.0,41.0,20.0,"['Female', 'Male']",1,0,5,4,5,Dry,Straight,Non-Trafficway,Lowest,No
8815,12,Florida,121340,0,3,3,0,3,NOT APPLICABLE,May,23,Tuesday,13,16,Urban,High Speed (Arterial),Yes,27.9334,-82.40191667,Simple Junction,Daylight,Cloudy,Unknown,Unknown,Unknown EMS Scene Arrival Hour,Unknown EMS Scene Arrival Minutes,Unknown,Unknown EMS Hospital Arrival Time,1,Daylight,Reduced Visibility,1,2,['Driver'],['Shoulder_Lapbelt'],0,0,Valid,1.0,0.0,36.0,26.0,"['Male', 'Male', 'Male']",1,0,4,4,5,Dry,Straight,Level,Lowest,No
8816,12,Florida,121341,0,5,5,0,10,CLERMONT,May,23,Tuesday,14,47,Urban,High Speed (Arterial),Yes,28.51960833,-81.72826111,Complex/Circle,Daylight,Clear,Unknown,Unknown,Unknown EMS Scene Arrival Hour,Unknown EMS Scene Arrival Minutes,Unknown,Unknown EMS Hospital Arrival Time,2,Daylight,Clear,2,8,"['Driver', 'Front_Passenger']","['Shoulder_Lapbelt', 'Shoulder_Lapbelt']",0,0,Valid,0.0,0.0,85.0,33.0,"['Male', 'Male', 'Female', 'Male', 'Male']",0,0,3,4,5,Dry,Straight,Level,Lowest,No
8817,12,Florida,121342,0,1,1,0,1,NOT APPLICABLE,May,24,Wednesday,19,30,Rural,Medium Speed (Collector),No,30.75637222,-85.19521667,Non-Intersection,Dark - Lighted,Clear,Unknown,Unknown,Unknown EMS Scene Arrival Hour,Unknown EMS Scene Arrival Minutes,Unknown,Unknown EMS Hospital Arrival Time,1,Dark - Lighted,Clear,1,0,['Driver'],['None_Used'],0,0,Valid,0.0,0.0,75.0,75.0,['Male'],0,0,3,4,3,Dry,Straight,Level,Medium,No
8818,12,Florida,121343,0,2,2,0,2,NOT APPLICABLE,May,24,Wednesday,6,19,Urban,High Speed (Arterial),Yes,28.41488611,-81.22783611,Non-Intersection,Dawn,Cloudy,Unknown,Unknown,Unknown EMS Scene Arrival Hour,Unknown EMS Scene Arrival Minutes,Unknown,Unknown EMS Hospital Arrival Time,1,Twilight,Reduced Visibility,1,1,['Driver'],['None_Used'],0,0,Valid,0.0,0.0,69.0,18.0,"['Male', 'Male']",0,0,3,4,3,Wet/Standing Water,Curve,Grade/Hillcrest,Lowest,No
8819,12,Florida,121344,1,1,1,0,1,NOT APPLICABLE,May,15,Monday,5,30,Urban,High Speed (Arterial),Yes,28.46772778,-81.39656389,Non-Intersection,Dark - Lighted,Clear,Unknown,Unknown,Unknown EMS Scene Arrival Hour,Unknown EMS Scene Arrival Minutes,Unknown,Unknown EMS Hospital Arrival Time,1,Dark - Lighted,Clear,0,1,[],[],0,0,Valid,0.0,0.0,33.0,33.0,['Male'],0,0,3,3,4,Dry,Straight,Level,Lowest,No
8820,12,Florida,121345,0,2,2,0,2,NOT APPLICABLE,May,24,Wednesday,13,54,Rural,Medium Speed (Collector),No,27.82079167,-81.77733056,Non-Intersection,Daylight,Rain,Unknown,Unknown,Unknown EMS Scene Arrival Hour,Unknown EMS Scene Arrival Minutes,Not Applicable (Not Transported),Not Applicable (Not Transported),1,Daylight,Rain/Wind/Minor,1,1,['Driver'],['Shoulder_Lapbelt'],0,0,Valid,1.0,0.0,55.0,29.0,"['Male', 'Male']",0,0,4,4,5,Wet/Standing Water,Straight,Level,Lowest,No
8821,12,Florida,121346,0,2,2,0,3,NOT APPLICABLE,May,23,Tuesday,18,27,Rural,Medium Speed (Collector),No,30.05834444,-82.87843611,Complex/Circle,Daylight,Rain,Unknown,Unknown,Unknown EMS Scene Arrival Hour,Unknown EMS Scene Arrival Minutes,Unknown,Unknown EMS Hospital Arrival Time,1,Daylight,Rain/Wind/Minor,1,2,['Driver'],['None_Used'],1,1,Valid,0.0,2.0,45.0,28.0,"['Male', 'Male']",0,0,3,4,5,Wet/Standing Water,Straight,Level,Lowest,No
8822,12,Florida,121347,0,2,2,0,3,NOT APPLICABLE,May,24,Wednesday,13,27,Urban,Medium Speed (Collector),No,28.74868056,-81.27949444,Simple Junction,Daylight,Rain,Unknown,Unknown,Unknown EMS Scene Arrival Hour,Unknown EMS Scene Arrival Minutes,Unknown,Unknown EMS Hospital Arrival Time,1,Daylight,Rain/Wind/Minor,1,2,['Driver'],['None_Used'],0,0,Valid,0.0,0.0,70.0,19.0,"['Male', 'Female']",0,0,5,4,5,Wet/Standing Water,Straight,Level,Lowest,No
8823,12,Florida,121348,0,2,2,0,2,GAINESVILLE,May,28,Sunday,0,18,Rural,Medium Speed (Collector),No,29.74486389,-82.35461111,Non-Intersection,Dark - Not Lighted,Clear,Unknown,Unknown,Unknown EMS Scene Arrival Hour,Unknown EMS Scene Arrival Minutes,Not Applicable (Not Transported),Not Applicable (Not Transported),2,Dark - Unlighted,Clear,2,0,"['Driver', 'Driver']","['None_Used', 'Shoulder_Lapbelt']",0,0,Valid,0.0,1.0,33.0,18.0,"['Male', 'Male']",0,0,2,4,5,Dry,Straight,Level,Lowest,No
8824,12,Florida,121350,0,3,3,0,3,JACKSONVILLE,May,28,Sunday,4,29,Urban,Medium Speed (Collector),No,30.27749444,-81.60288611,Non-Intersection,Dark - Lighted,Clear,Unknown,Unknown,Unknown EMS Scene Arrival Hour,Unknown EMS Scene Arrival Minutes,Unknown,Unknown EMS Hospital Arrival Time,1,Dark - Lighted,Clear,1,1,['Driver'],['None_Used'],0,0,Invalid,0.0,0.0,998.0,18.0,"['Male', 'Male', 'Other']",0,0,5,4,3,Dry,Straight,Level,Lowest,No
8825,12,Florida,121351,0,2,2,0,4,MIAMI,May,23,Tuesday,16,45,Urban,Medium Speed (Collector),No,25.90928056,-80.21173889,Simple Junction,Daylight,Cloudy,Unknown,Unknown,Unknown EMS Scene Arrival Hour,Unknown EMS Scene Arrival Minutes,Unknown,Unknown EMS Hospital Arrival Time,1,Daylight,Reduced Visibility,1,3,['Front_Passenger'],['Shoulder_Lapbelt'],0,0,Valid,0.0,1.0,90.0,24.0,"['Male', 'Female']",0,0,2,4,5,Wet/Standing Water,Straight,Level,Lowest,No
8826,12,Florida,121352,1,1,1,0,1,NOT APPLICABLE,May,17,Wednesday,20,41,Rural,Medium Speed (Collector),No,27.83298333,-81.89966389,Non-Intersection,Dark - Not Lighted,Clear,Unknown,Unknown,Unknown EMS Scene Arrival Hour,Unknown EMS Scene Arrival Minutes,Unknown,Unknown EMS Hospital Arrival Time,1,Dark - Unlighted,Clear,0,1,[],[],0,0,Invalid,0.0,0.0,998.0,998.0,['Other'],0,0,1,0,4,Dry,Straight,Level,Lowest,No
8827,12,Florida,121353,0,2,2,0,3,MIMS,May,27,Saturday,16,18,Urban,High Speed (Arterial),Yes,28.66286389,-80.844,Complex/Circle,Daylight,Clear,Unknown,Unknown,Unknown EMS Scene Arrival Hour,Unknown EMS Scene Arrival Minutes,Unknown,Unknown EMS Hospital Arrival Time,2,Daylight,Clear,2,1,"['Driver', 'Driver']","['None_Used', 'Shoulder_Lapbelt']",0,0,Valid,0.0,0.0,89.0,78.0,"['Male', 'Female']",0,0,3,4,5,Dry,Straight,Level,Lowest,No
8828,12,Florida,121354,1,1,1,0,3,NOT APPLICABLE,May,27,Saturday,18,35,Rural,Low Speed (Local),No,27.45095,-82.52613889,Complex/Circle,Daylight,Clear,Unknown,Unknown,Unknown EMS Scene Arrival Hour,Unknown EMS Scene Arrival Minutes,Unknown,Unknown EMS Hospital Arrival Time,1,Daylight,Clear,0,3,[],[],0,0,Valid,0.0,0.0,37.0,37.0,['Female'],0,0,3,2,4,Dry,Straight,Level,Lowest,No
8829,12,Florida,121355,0,2,2,0,2,NOT APPLICABLE,May,29,Monday,6,19,Rural,Medium Speed (Collector),No,27.334075,-80.69700278,Non-Intersection,Daylight,Cloudy,Unknown,Unknown,Unknown EMS Scene Arrival Hour,Unknown EMS Scene Arrival Minutes,Unknown,Unknown EMS Hospital Arrival Time,1,Daylight,Reduced Visibility,1,1,['Driver'],['None_Used'],0,0,Valid,0.0,2.0,50.0,35.0,"['Male', 'Male']",0,0,4,4,5,Dry,Straight,Level,Lowest,No
8830,12,Florida,121356,0,2,2,0,2,ORLANDO,May,19,Friday,14,0,Rural,Low Speed (Local),No,28.36944444,-81.30941944,Non-Intersection,Daylight,Clear,Unknown,Unknown,Unknown EMS Scene Arrival Hour,Unknown EMS Scene Arrival Minutes,Unknown,Unknown EMS Hospital Arrival Time,1,Daylight,Clear,1,1,['Driver'],['None_Used'],0,0,Valid,0.0,1.0,66.0,62.0,"['Male', 'Male']",0,0,4,4,5,Dry,Straight,Level,Lowest,No
8831,12,Florida,121357,0,1,1,0,1,NOT APPLICABLE,May,20,Saturday,20,20,Urban,Medium Speed (Collector),No,30.14849722,-81.73356944,Non-Intersection,Dusk,Clear,Unknown,Unknown,Unknown EMS Scene Arrival Hour,Unknown EMS Scene Arrival Minutes,Unknown,Unknown EMS Hospital Arrival Time,1,Twilight,Clear,1,0,['Driver'],['Shoulder_Lapbelt'],0,0,Valid,0.0,1.0,20.0,20.0,['Male'],0,0,2,4,3,Dry,Straight,Level,Lowest,No
8832,12,Florida,121358,1,1,1,0,1,HIALEAH,May,24,Wednesday,14,40,Rural,Low Speed (Local),No,25.82376111,-80.27538611,Complex/Circle,Daylight,Cloudy,Unknown,Unknown,Unknown EMS Scene Arrival Hour,Unknown EMS Scene Arrival Minutes,Unknown,Unknown EMS Hospital Arrival Time,1,Daylight,Reduced Visibility,0,1,[],[],0,0,Valid,0.0,0.0,50.0,50.0,['Female'],0,0,3,3,4,Dry,Straight,Level,Lowest,No
8833,12,Florida,121359,0,2,2,0,2,RUSKIN,May,27,Saturday,4,32,Urban,High Speed (Arterial),Yes,27.69608611,-82.46019167,Non-Intersection,Dawn,Clear,Unknown,Unknown,Unknown EMS Scene Arrival Hour,Unknown EMS Scene Arrival Minutes,Unknown,Unknown EMS Hospital Arrival Time,1,Twilight,Clear,1,1,['Driver'],['Shoulder_Lapbelt'],1,1,Valid,0.0,0.0,48.0,48.0,"['Male', 'Male']",0,0,3,4,5,Dry,Straight,Level,Lowest,No
8834,12,Florida,121360,1,1,1,0,1,ORLANDO,May,25,Thursday,12,5,Urban,Medium Speed (Collector),No,28.48297778,-81.45210833,Non-Intersection,Daylight,Clear,Unknown,Unknown,Unknown EMS Scene Arrival Hour,Unknown EMS Scene Arrival Minutes,Unknown,Unknown EMS Hospital Arrival Time,1,Daylight,Clear,0,1,[],[],0,0,Valid,0.0,0.0,29.0,29.0,['Female'],0,0,3,2,4,Dry,Straight,Level,Lowest,No
8835,12,Florida,121361,0,1,1,0,1,JACKSONVILLE,May,21,Sunday,17,45,Urban,High Speed (Arterial),Yes,30.43557222,-81.64303611,Non-Intersection,Daylight,Clear,Unknown,Unknown,Unknown EMS Scene Arrival Hour,Unknown EMS Scene Arrival Minutes,Unknown,Unknown EMS Hospital Arrival Time,1,Daylight,Clear,1,0,['Driver'],['Shoulder_Lapbelt'],1,1,Valid,1.0,0.0,35.0,35.0,['Male'],0,0,3,4,3,Dry,Straight,Level,Lowest,No
8836,12,Florida,121362,0,1,1,0,1,NOT APPLICABLE,May,30,Tuesday,4,40,Urban,High Speed (Arterial),Yes,30.52211944,-87.31465556,Non-Intersection,Dark - Lighted,Clear,Unknown,Unknown,Unknown EMS Scene Arrival Hour,Unknown EMS Scene Arrival Minutes,Not Applicable (Not Transported),Not Applicable (Not Transported),1,Dark - Lighted,Clear,1,0,['Driver'],['Shoulder_Lapbelt'],1,1,Valid,0.0,0.0,43.0,43.0,['Male'],0,0,3,4,2,Dry,Straight,Grade/Hillcrest,Lowest,No
8837,12,Florida,121364,0,2,2,0,3,NOT APPLICABLE,May,21,Sunday,12,33,Urban,Medium Speed (Collector),No,28.00037778,-81.78453889,Non-Intersection,Daylight,Clear,Unknown,Unknown,Unknown EMS Scene Arrival Hour,Unknown EMS Scene Arrival Minutes,Unknown,Unknown EMS Hospital Arrival Time,1,Daylight,Clear,1,2,['Driver'],['Shoulder_Lapbelt'],0,0,Valid,0.0,0.0,83.0,31.0,"['Male', 'Male']",0,0,3,4,5,Dry,Straight,Level,Lowest,No
8838,12,Florida,121365,1,1,1,0,1,NOT APPLICABLE,July,26,Wednesday,8,6,Urban,Medium Speed (Collector),No,28.45020556,-81.34171667,Non-Intersection,Daylight,Clear,Unknown,Unknown,Unknown EMS Scene Arrival Hour,Unknown EMS Scene Arrival Minutes,Unknown,Unknown EMS Hospital Arrival Time,1,Daylight,Clear,0,1,[],[],0,0,Invalid,0.0,0.0,999.0,999.0,['Other'],0,0,1,1,4,Dry,Straight,Level,Lowest,No
8839,12,Florida,121366,1,1,1,0,1,NOT APPLICABLE,May,26,Friday,1,34,Rural,Low Speed (Local),No,28.38236944,-82.66071389,Non-Intersection,Dark - Not Lighted,Clear,Unknown,Unknown,Unknown EMS Scene Arrival Hour,Unknown EMS Scene Arrival Minutes,Not Applicable (Not Transported),Not Applicable (Not Transported),1,Dark - Unlighted,Clear,0,1,[],[],0,0,Invalid,0.0,0.0,30.0,30.0,['Male'],0,0,3,0,4,Dry,Straight,Level,Lowest,No
8840,12,Florida,121367,0,3,3,0,4,NOT APPLICABLE,May,27,Saturday,2,32,Rural,High Speed (Arterial),Yes,26.46889444,-81.43440278,Non-Intersection,Dark - Not Lighted,Cloudy,Unknown,Unknown,Unknown EMS Scene Arrival Hour,Unknown EMS Scene Arrival Minutes,Unknown,Unknown EMS Hospital Arrival Time,2,Dark - Unlighted,Reduced Visibility,2,2,"['Front_Passenger', 'Driver']","['None_Used', 'Shoulder_Lapbelt']",1,1,Valid,0.0,0.0,70.0,20.0,"['Male', 'Male', 'Female']",0,0,3,4,5,Dry,Straight,Level,Lowest,No
8841,12,Florida,121368,0,3,3,0,3,JACKSONVILLE,May,25,Thursday,19,12,Urban,High Speed (Arterial),Yes,30.28755278,-81.47994444,Non-Intersection,Daylight,Clear,Unknown,Unknown,Unknown EMS Scene Arrival Hour,Unknown EMS Scene Arrival Minutes,Unknown,Unknown EMS Hospital Arrival Time,1,Daylight,Clear,1,2,['Driver'],['None_Used'],0,0,Invalid,1.0,0.0,36.0,28.0,"['Male', 'Male', 'Male']",0,0,5,3,5,Dry,Straight,Level,Lowest,No
8842,12,Florida,121370,0,1,1,0,2,NOT APPLICABLE,May,28,Sunday,1,29,Rural,Medium Speed (Collector),No,29.00993056,-81.39671667,Non-Intersection,Dark - Not Lighted,Clear,Unknown,Unknown,Unknown EMS Scene Arrival Hour,Unknown EMS Scene Arrival Minutes,Not Applicable (Not Transported),Not Applicable (Not Transported),2,Dark - Unlighted,Clear,2,0,"['Driver', 'Front_Passenger']","['Shoulder_Lapbelt', 'Shoulder_Lapbelt']",0,0,Invalid,0.0,0.0,23.0,23.0,['Male'],0,0,2,4,3,Dry,Straight,Level,Lowest,No
8843,12,Florida,121371,1,1,1,0,1,NOT APPLICABLE,May,28,Sunday,23,12,Urban,Medium Speed (Collector),No,25.93927778,-80.29358611,Complex/Circle,Dark - Lighted,Clear,Unknown,Unknown,Unknown EMS Scene Arrival Hour,Officially Cancelled,Unknown,Officially Canceled,1,Dark - Lighted,Clear,0,1,[],[],0,0,Valid,0.0,0.0,61.0,61.0,['Male'],0,0,2,3,4,Dry,Straight,Level,Lowest,No
8844,12,Florida,121372,1,1,1,0,1,TALLAHASSEE,May,27,Saturday,3,0,Urban,Medium Speed (Collector),No,30.45783056,-84.36391111,Non-Intersection,Dark - Lighted,Clear,Unknown,Unknown,Unknown EMS Scene Arrival Hour,Unknown EMS Scene Arrival Minutes,Not Applicable (Not Transported),Not Applicable (Not Transported),1,Dark - Lighted,Clear,0,1,[],[],0,0,Valid,0.0,2.0,23.0,23.0,['Male'],0,0,2,3,4,Dry,Straight,Level,Lowest,No
8845,12,Florida,121373,0,1,1,0,1,BOCA RATON,May,26,Friday,5,40,Urban,High Speed (Arterial),Yes,26.42079722,-80.09051944,Non-Intersection,Dark - Lighted,Clear,Unknown,Unknown,Unknown EMS Scene Arrival Hour,Unknown EMS Scene Arrival Minutes,Not Applicable (Not Transported),Not Applicable (Not Transported),1,Dark - Lighted,Clear,1,0,['Driver'],['Shoulder_Lapbelt'],1,1,Valid,0.0,0.0,38.0,38.0,['Male'],0,0,3,4,3,Dry,Straight,Grade/Hillcrest,Lowest,No
8846,12,Florida,121374,1,3,3,0,3,NOT APPLICABLE,May,26,Friday,5,59,Urban,High Speed (Arterial),Yes,27.4477,-82.55232778,Non-Intersection,Dark - Not Lighted,Clear,Unknown,Unknown,Unknown EMS Scene Arrival Hour,Unknown EMS Scene Arrival Minutes,Not Applicable (Not Transported),Not Applicable (Not Transported),1,Dark - Unlighted,Clear,0,2,[],[],0,0,Valid,0.0,0.0,999.0,19.0,"['Male', 'Female', 'Other']",0,0,3,3,4,Dry,Straight,Level,Lowest,No
8847,12,Florida,121375,0,1,1,0,1,NOT APPLICABLE,May,27,Saturday,15,30,Rural,High Speed (Arterial),Yes,28.39693889,-82.31871111,Non-Intersection,Daylight,Clear,3:00pm-3:59pm,32,3:00pm-3:59pm,44,Not Applicable (Not Transported),Not Applicable (Not Transported),1,Daylight,Clear,1,0,['Driver'],['Shoulder_Lapbelt'],1,1,Valid,0.0,0.0,72.0,72.0,['Male'],0,0,3,4,3,Dry,Curve,Level,Lowest,No
8848,12,Florida,121376,1,1,1,0,2,MIAMI,May,31,Wednesday,7,40,Urban,Medium Speed (Collector),No,25.77387778,-80.20770278,Complex/Circle,Daylight,Clear,Unknown,Unknown,Unknown EMS Scene Arrival Hour,Unknown EMS Scene Arrival Minutes,Not Applicable (Not Transported),Not Applicable (Not Transported),1,Daylight,Clear,0,2,[],[],0,0,Valid,2.0,0.0,53.0,53.0,['Male'],0,0,4,1,4,Dry,Straight,Level,Lowest,No
8849,12,Florida,121377,0,2,2,0,2,NOT APPLICABLE,May,29,Monday,16,49,Urban,Medium Speed (Collector),Yes,29.47795556,-82.28202222,Non-Intersection,Daylight,Clear,Unknown,Unknown,Unknown EMS Scene Arrival Hour,Unknown EMS Scene Arrival Minutes,Not Applicable (Not Transported),Not Applicable (Not Transported),1,Daylight,Clear,1,1,['Driver'],['None_Used'],0,0,Valid,1.0,0.0,36.0,20.0,"['Male', 'Male']",0,0,5,4,5,Dry,Straight,Level,Lowest,No
8850,12,Florida,121378,0,2,2,0,3,NOT APPLICABLE,May,21,Sunday,19,43,Urban,High Speed (Arterial),Yes,25.95813611,-80.147275,Non-Intersection,Daylight,Clear,Unknown,Unknown,Unknown EMS Scene Arrival Hour,Unknown EMS Scene Arrival Minutes,Unknown,Unknown EMS Hospital Arrival Time,1,Daylight,Clear,1,2,['Driver'],['None_Used'],0,0,Valid,0.0,0.0,32.0,17.0,"['Male', 'Male']",0,0,2,4,5,Dry,Straight,Level,Lowest,No
8851,12,Florida,121379,1,1,1,0,2,NOT APPLICABLE,May,29,Monday,21,17,Urban,Medium Speed (Collector),No,26.14405278,-81.76655833,Non-Intersection,Dark - Lighted,Clear,Unknown,Unknown,Unknown EMS Scene Arrival Hour,Officially Cancelled,Unknown,Officially Canceled,1,Dark - Lighted,Clear,0,2,[],[],0,0,Valid,0.0,0.0,20.0,20.0,['Male'],0,0,2,4,4,Dry,Straight,Level,Lowest,No
8852,12,Florida,121380,0,2,2,0,3,LARGO,May,27,Saturday,20,41,Urban,Medium Speed (Collector),No,27.93871389,-82.76251389,Complex/Circle,Dark - Lighted,Clear,Unknown,Unknown,Unknown EMS Scene Arrival Hour,Unknown EMS Scene Arrival Minutes,Unknown,Unknown EMS Hospital Arrival Time,1,Dark - Lighted,Clear,1,2,['Driver'],['Shoulder_Lapbelt'],1,1,Valid,0.0,0.0,63.0,38.0,"['Female', 'Male']",0,0,3,4,5,Dry,Straight,Level,Lowest,No
8853,12,Florida,121381,1,1,1,0,1,NOT APPLICABLE,May,16,Tuesday,4,8,Urban,High Speed (Arterial),Yes,28.21705278,-82.69238333,Complex/Circle,Dark - Lighted,Clear,Unknown,Unknown,Unknown EMS Scene Arrival Hour,Unknown EMS Scene Arrival Minutes,Not Applicable (Not Transported),Not Applicable (Not Transported),1,Dark - Lighted,Clear,0,1,[],[],0,0,Valid,0.0,0.0,27.0,27.0,['Female'],0,0,2,3,4,Dry,Straight,Level,Lowest,No
8854,12,Florida,121382,0,2,2,0,2,NOT APPLICABLE,May,30,Tuesday,22,27,Rural,Medium Speed (Collector),No,29.75666944,-81.29947222,Non-Intersection,Dark - Not Lighted,Cloudy,Unknown,Unknown,Unknown EMS Scene Arrival Hour,Unknown EMS Scene Arrival Minutes,Not Applicable (Not Transported),Not Applicable (Not Transported),1,Dark - Unlighted,Reduced Visibility,1,1,['Driver'],['None_Used'],1,1,Valid,0.0,0.0,72.0,39.0,"['Male', 'Female']",0,0,3,4,5,Dry,Straight,Level,Lowest,No
8855,12,Florida,121383,0,1,1,0,1,NOT APPLICABLE,May,31,Wednesday,13,55,Urban,High Speed (Arterial),Yes,26.23016389,-80.4607,Non-Intersection,Daylight,Cloudy,Unknown,Unknown,Unknown EMS Scene Arrival Hour,Unknown EMS Scene Arrival Minutes,Not Applicable (Not Transported),Not Applicable (Not Transported),1,Daylight,Reduced Visibility,1,0,['Driver'],['None_Used'],0,0,Valid,0.0,0.0,40.0,40.0,['Male'],0,0,4,4,3,Dry,Curve,Level,Lowest,Yes
8856,12,Florida,121385,0,2,2,0,3,SARASOTA,June,1,Thursday,18,33,Urban,High Speed (Arterial),Yes,27.30965278,-82.52997222,Simple Junction,Daylight,Clear,Unknown,Unknown,Unknown EMS Scene Arrival Hour,Unknown EMS Scene Arrival Minutes,Unknown,Unknown EMS Hospital Arrival Time,1,Daylight,Clear,1,2,['Driver'],['None_Used'],0,0,Invalid,1.0,1.0,33.0,20.0,"['Male', 'Male']",0,0,5,4,5,Dry,Straight,Level,Lowest,No
8857,12,Florida,121387,0,1,1,0,3,JACKSONVILLE,June,2,Friday,3,2,Urban,Medium Speed (Collector),No,30.16011667,-81.59937222,Non-Intersection,Dark - Lighted,Clear,Unknown,Unknown,Unknown EMS Scene Arrival Hour,Unknown EMS Scene Arrival Minutes,Unknown,Unknown EMS Hospital Arrival Time,2,Dark - Lighted,Clear,2,1,"['Driver', 'Front_Passenger']","['Shoulder_Lapbelt', 'None_Used']",0,0,Valid,0.0,0.0,92.0,92.0,['Male'],0,0,2,4,3,Dry,Curve,Level,Lowest,No
8858,12,Florida,121388,1,1,1,0,1,TALLAHASSEE,June,2,Friday,10,56,Urban,High Speed (Arterial),Yes,30.42704722,-84.23479444,Non-Intersection,Daylight,Clear,Unknown,Unknown,Unknown EMS Scene Arrival Hour,Unknown EMS Scene Arrival Minutes,Not Applicable (Not Transported),Not Applicable (Not Transported),1,Daylight,Clear,0,1,[],[],0,0,Valid,0.0,0.0,24.0,24.0,['Female'],0,0,3,3,4,Dry,Straight,Level,Lowest,No