,State_Code,State_Name,Crash_ID,Count_Non_Motorists,Count_Vehicles_Total,Count_Vehicle_Forms,Count_PVH_Involved,Count_Occupants_MV,City_Name,Month_Name,Day_of_Month,Day_of_Week,Crash_Hour,Crash_Minute,Area_Rural_Urban,Road_Functional_Class,On_NHS_Road,Latitude,Longitude,Intersection_Type,Light_Condition,Weather_Condition,Notif_Hour,Notif_Minute,Arrival_Hour,Arrival_Minute,Hospital_Hour,Hospital_Minute,Fatalities_Count,Clean_Light_Condition,Clean_Weather_Condition,Total_Killed,Total_Alive,Fatal_Seats_List,Killed_Restraint_List,Any_Driver_Drinking,Total_Drinking_Drivers,Driver_License_Category,Driver_Max_Prev_Accident_Count,Driver_Max_Prev_Speeding_Count,Max_Driver_Age,Min_Driver_Age,Driver_Sex_List,Total_Exceeding_Limit_Vehicles,Total_Too_Fast_Vehicles,Max_Vehicle_Type_Severity_5,Max_Vehicle_Damage_Rank,Max_Harmful_Event_Severity,Crash_Road_Surface_Condition,Crash_Horizontal_Alignment,Crash_Vertical_Profile,Crash_Impairment_Category,Crash_Vehicle_Defect
8859,12,Florida,121389,0,2,2,0,2,NOT APPLICABLE,May,27,Saturday,13,32,Rural,High Speed (Arterial),Yes,29.62671111,-81.78710556,Non-Intersection,Daylight,Clear,Unknown,Unknown,Unknown EMS Scene Arrival Hour,Unknown EMS Scene Arrival Minutes,Not Applicable (Not Transported),Not Applicable (Not Transported),1,Daylight,Clear,1,1,['Driver'],['None_Used'],0,0,Valid,0.0,0.0,80.0,39.0,"['Male', 'Female']",0,0,5,4,5,Dry,Straight,Level,Lowest,No
8860,12,Florida,121390,1,1,1,0,1,NOT APPLICABLE,May,23,Tuesday,21,40,Urban,Medium Speed (Collector),No,28.57690833,-81.46001111,Non-Intersection,Dark - Lighted,Rain,Unknown,Unknown,Unknown EMS Scene Arrival Hour,Unknown EMS Scene Arrival Minutes,Unknown,Unknown EMS Hospital Arrival Time,1,Dark - Lighted,Rain/Wind/Minor,0,1,[],[],0,0,Invalid,0.0,0.0,29.0,29.0,['Male'],0,0,2,2,4,Wet/Standing Water,Straight,Level,Lowest,No
8861,12,Florida,121392,0,2,2,0,3,NORTH MIAMI,May,29,Monday,17,40,Urban,Medium Speed (Collector),No,25.90209167,-80.17488333,Simple Junction,Daylight,Clear,Unknown,Unknown,Unknown EMS Scene Arrival Hour,Unknown EMS Scene Arrival Minutes,Unknown,Unknown EMS Hospital Arrival Time,1,Daylight,Clear,1,2,['Driver'],['Shoulder_Lapbelt'],0,0,Valid,0.0,1.0,74.0,23.0,"['Male', 'Female']",0,0,3,4,5,Dry,Straight,Level,Lowest,No
8862,12,Florida,121393,1,1,1,0,1,NOT APPLICABLE,May,26,Friday,5,15,Urban,High Speed (Arterial),Yes,28.76347222,-82.55320556,Non-Intersection,Dark - Not Lighted,Cloudy,Unknown,Unknown,Unknown EMS Scene Arrival Hour,Unknown EMS Scene Arrival Minutes,Unknown,Unknown EMS Hospital Arrival Time,1,Dark - Unlighted,Reduced Visibility,0,1,[],[],0,0,Valid,0.0,0.0,24.0,24.0,['Male'],0,0,3,3,4,Dry,Straight,Level,Lowest,No
8863,12,Florida,121394,0,2,2,0,2,NOT APPLICABLE,May,30,Tuesday,11,55,Rural,High Speed (Arterial),Yes,26.1276,-80.43802222,Non-Intersection,Daylight,Clear,Unknown,Unknown,Unknown EMS Scene Arrival Hour,Unknown EMS Scene Arrival Minutes,Not Applicable (Not Transported),Not Applicable (Not Transported),1,Daylight,Clear,1,1,['Driver'],['None_Used'],0,0,Valid,0.0,0.0,55.0,18.0,"['Male', 'Male']",0,0,2,4,5,Dry,Straight,Level,Lowest,No
8864,12,Florida,121395,0,1,1,0,1,NOT APPLICABLE,May,29,Monday,12,52,Urban,Medium Speed (Collector),No,26.60903333,-80.06935,Non-Intersection,Daylight,Clear,Unknown,Unknown,Unknown EMS Scene Arrival Hour,Unknown EMS Scene Arrival Minutes,Not Applicable (Not Transported),Not Applicable (Not Transported),1,Daylight,Clear,1,0,['Driver'],['Shoulder_Lapbelt'],0,0,Invalid,0.0,0.0,42.0,42.0,['Female'],0,0,2,4,3,Dry,Straight,Level,Lowest,No
8865,12,Florida,121396,0,2,2,0,2,NOT APPLICABLE,May,28,Sunday,23,14,Urban,Medium Speed (Collector),No,28.48703889,-81.41578056,Non-Intersection,Dark - Lighted,Clear,Unknown,Unknown,Unknown EMS Scene Arrival Hour,Unknown EMS Scene Arrival Minutes,Unknown,Unknown EMS Hospital Arrival Time,1,Dark - Lighted,Clear,1,1,['Driver'],['None_Used'],0,0,Valid,0.0,0.0,39.0,39.0,"['Male', 'Male']",0,0,5,4,5,Dry,Straight,Level,Lowest,No
8866,12,Florida,121397,0,1,1,0,1,NOT APPLICABLE,June,4,Sunday,14,50,Rural,High Speed (Arterial),Yes,27.10666944,-82.29998056,Non-Intersection,Daylight,Clear,Unknown,Unknown,Unknown EMS Scene Arrival Hour,Unknown EMS Scene Arrival Minutes,Not Applicable (Not Transported),Not Applicable (Not Transported),1,Daylight,Clear,1,0,['Driver'],['None_Used'],0,0,Valid,1.0,1.0,19.0,19.0,['Male'],1,0,2,4,3,Dry,Straight,Level,Lowest,No
8867,12,Florida,121398,0,6,6,0,6,DAVIE,May,30,Tuesday,5,15,Urban,High Speed (Arterial),Yes,26.09002222,-80.21300556,Non-Intersection,Dark - Lighted,Clear,Unknown,Unknown,Unknown EMS Scene Arrival Hour,Unknown EMS Scene Arrival Minutes,Unknown,Unknown EMS Hospital Arrival Time,1,Dark - Lighted,Clear,1,5,['Driver'],['None_Used'],0,0,Invalid,0.0,0.0,999.0,21.0,"['Other', 'Male', 'Male', 'Male', 'Male', 'Male']",0,0,5,3,5,Dry,Straight,Level,Lowest,No
8868,12,Florida,121399,0,1,1,0,2,NOT APPLICABLE,May,28,Sunday,21,20,Rural,Medium Speed (Collector),No,29.05141667,-82.43926667,Non-Intersection,Dark - Not Lighted,Clear,Unknown,Unknown,Unknown EMS Scene Arrival Hour,Unknown EMS Scene Arrival Minutes,Unknown,Unknown EMS Hospital Arrival Time,2,Dark - Unlighted,Clear,2,0,"['Driver', 'Rear_Seat']","['None_Used', 'None_Used']",1,1,Valid,0.0,0.0,61.0,61.0,['Male'],0,0,5,4,3,Dry,Straight,Level,Lowest,No
8869,12,Florida,121400,0,1,1,0,3,NOT APPLICABLE,May,30,Tuesday,17,25,Urban,High Speed (Arterial),Yes,26.65611667,-81.79933611,Non-Intersection,Daylight,Rain,Unknown,Unknown,Unknown EMS Scene Arrival Hour,Unknown EMS Scene Arrival Minutes,Unknown,Unknown EMS Hospital Arrival Time,1,Daylight,Rain/Wind/Minor,1,2,['Front_Passenger'],['None_Used'],0,0,Invalid,0.0,0.0,50.0,50.0,['Male'],0,0,3,4,3,Wet/Standing Water,Straight,Level,Lowest,No
8870,12,Florida,121401,0,1,1,0,1,PORT ORANGE,May,31,Wednesday,17,29,Urban,High Speed (Arterial),Yes,29.11556389,-80.98744722,Non-Intersection,Daylight,Clear,Unknown,Unknown,Unknown EMS Scene Arrival Hour,Unknown EMS Scene Arrival Minutes,Not Applicable (Not Transported),Not Applicable (Not Transported),1,Daylight,Clear,1,0,['Driver'],['None_Used'],0,0,Valid,0.0,0.0,34.0,34.0,['Male'],0,0,5,4,2,Dry,Straight,Level,Lowest,No
8871,12,Florida,121402,0,1,1,0,2,NOT APPLICABLE,May,31,Wednesday,21,2,Rural,Medium Speed (Collector),No,28.18571111,-81.74576111,Non-Intersection,Dark - Not Lighted,Rain,Unknown,Unknown,Unknown EMS Scene Arrival Hour,Unknown EMS Scene Arrival Minutes,Unknown,Unknown EMS Hospital Arrival Time,1,Dark - Unlighted,Rain/Wind/Minor,1,1,['Driver'],['None_Used'],1,1,Valid,0.0,3.0,22.0,22.0,['Male'],2,0,3,4,3,Wet/Standing Water,Curve,Grade/Hillcrest,Lowest,No
8872,12,Florida,121403,0,2,2,0,6,NOT APPLICABLE,May,31,Wednesday,11,31,Rural,High Speed (Arterial),Yes,30.69146667,-86.113975,Non-Intersection,Daylight,Clear,Unknown,Unknown,Unknown EMS Scene Arrival Hour,Unknown EMS Scene Arrival Minutes,Unknown,Unknown EMS Hospital Arrival Time,1,Daylight,Clear,1,5,['Rear_Seat'],['Child_Safety'],0,0,Valid,1.0,2.0,52.0,23.0,"['Male', 'Male']",4,0,4,4,5,Dry,Straight,Grade/Hillcrest,Lowest,No
8873,12,Florida,121404,0,1,1,0,1,JACKSONVILLE,June,4,Sunday,15,0,Urban,Medium Speed (Collector),No,30.29249444,-81.75540278,Non-Intersection,Daylight,Cloudy,Unknown,Unknown,Unknown EMS Scene Arrival Hour,Unknown EMS Scene Arrival Minutes,Unknown,Unknown EMS Hospital Arrival Time,1,Daylight,Reduced Visibility,1,0,['Driver'],['None_Used'],0,0,Invalid,0.0,0.0,44.0,44.0,['Male'],0,0,5,0,2,Dry,Curve,Level,Lowest,No
8874,12,Florida,121405,0,2,2,0,2,NOT APPLICABLE,April,30,Sunday,0,21,Rural,Low Speed (Local),No,25.528375,-80.48607778,Complex/Circle,Dark - Lighted,Rain,Unknown,Unknown,Unknown EMS Scene Arrival Hour,Unknown EMS Scene Arrival Minutes,Unknown,Unknown EMS Hospital Arrival Time,1,Dark - Lighted,Rain/Wind/Minor,1,1,['Driver'],['None_Used'],0,0,Valid,1.0,1.0,52.0,36.0,"['Male', 'Male']",1,0,5,4,5,Wet/Standing Water,Straight,Level,Lowest,No
8875,12,Florida,121406,0,1,1,0,1,NOT APPLICABLE,May,30,Tuesday,21,35,Rural,Medium Speed (Collector),No,30.46471111,-83.09825,Non-Intersection,Dark - Not Lighted,Clear,Unknown,Unknown,Unknown EMS Scene Arrival Hour,Unknown EMS Scene Arrival Minutes,Unknown,Unknown EMS Hospital Arrival Time,1,Dark - Unlighted,Clear,1,0,['Driver'],['None_Used'],0,0,Valid,0.0,0.0,56.0,56.0,['Male'],0,0,5,2,3,Dry,Straight,Level,Lowest,No
8876,12,Florida,121407,0,1,1,0,1,NOT APPLICABLE,May,25,Thursday,15,35,Urban,Medium Speed (Collector),No,29.135075,-82.21854722,Non-Intersection,Daylight,Rain,Unknown,Unknown,Unknown EMS Scene Arrival Hour,Unknown EMS Scene Arrival Minutes,Unknown,Unknown EMS Hospital Arrival Time,1,Daylight,Rain/Wind/Minor,1,0,['Driver'],['None_Used'],1,1,Valid,1.0,0.0,60.0,60.0,['Male'],0,0,5,4,2,Wet/Standing Water,Straight,Level,Lowest,No
8877,12,Florida,121408,0,1,1,0,1,WEST PALM BEACH,June,4,Sunday,5,25,Urban,High Speed (Arterial),Yes,26.70605,-80.07626111,Non-Intersection,Dark - Not Lighted,Clear,Unknown,Unknown,Unknown EMS Scene Arrival Hour,Unknown EMS Scene Arrival Minutes,Unknown,Unknown EMS Hospital Arrival Time,1,Dark - Unlighted,Clear,1,0,['Driver'],['Shoulder_Lapbelt'],0,0,Invalid,0.0,1.0,29.0,29.0,['Male'],0,0,2,4,2,Dry,Curve,Level,Lowest,No
8878,12,Florida,121410,0,2,2,0,3,MARY ESTHER,February,22,Wednesday,21,18,Urban,High Speed (Arterial),Yes,30.4103,-86.67976111,Simple Junction,Dark - Lighted,Clear,Unknown,Unknown,Unknown EMS Scene Arrival Hour,Unknown EMS Scene Arrival Minutes,Unknown,Unknown EMS Hospital Arrival Time,1,Dark - Lighted,Clear,1,2,['Driver'],['None_Used'],0,0,Valid,0.0,2.0,69.0,20.0,"['Male', 'Male']",1,0,5,4,5,Dry,Straight,Level,Lowest,No
8879,12,Florida,121411,0,1,1,0,2,POLK CITY,May,27,Saturday,3,22,Rural,Medium Speed (Collector),No,28.2389,-81.82086944,Non-Intersection,Dark - Not Lighted,Clear,Unknown,Unknown,Unknown EMS Scene Arrival Hour,Unknown EMS Scene Arrival Minutes,Unknown,Unknown EMS Hospital Arrival Time,1,Dark - Unlighted,Clear,1,1,['Front_Passenger'],['None_Used'],1,1,Valid,0.0,0.0,29.0,29.0,['Male'],0,0,2,4,3,Dry,Straight,Level,Lowest,No
8880,12,Florida,121412,0,1,1,0,1,NOT APPLICABLE,May,28,Sunday,18,2,Urban,Low Speed (Local),No,25.5465,-80.3471,Non-Intersection,Daylight,Clear,Unknown,Unknown,Unknown EMS Scene Arrival Hour,Unknown EMS Scene Arrival Minutes,Unknown,Unknown EMS Hospital Arrival Time,1,Daylight,Clear,1,0,['Driver'],['None_Used'],0,0,Valid,0.0,0.0,53.0,53.0,['Male'],0,0,2,4,4,Dry,Straight,Level,Lowest,No
8881,12,Florida,121413,0,2,2,0,3,PANAMA CITY,May,31,Wednesday,20,33,Urban,High Speed (Arterial),Yes,30.27058333,-85.52620556,Simple Junction,Dark - Not Lighted,Cloudy,Unknown,Unknown,Unknown EMS Scene Arrival Hour,Unknown EMS Scene Arrival Minutes,Unknown,Unknown EMS Hospital Arrival Time,1,Dark - Unlighted,Reduced Visibility,1,2,['Driver'],['Shoulder_Lapbelt'],0,0,Valid,0.0,0.0,28.0,21.0,"['Male', 'Male']",0,0,2,4,5,Wet/Standing Water,Straight,Level,Lowest,No
8882,12,Florida,121414,0,1,1,0,2,NOT APPLICABLE,May,26,Friday,23,18,Urban,Low Speed (Local),No,28.98286667,-82.21275,Non-Intersection,Dark - Not Lighted,Clear,Unknown,Unknown,Unknown EMS Scene Arrival Hour,Unknown EMS Scene Arrival Minutes,Unknown,Unknown EMS Hospital Arrival Time,1,Dark - Unlighted,Clear,1,1,['Driver'],['None_Used'],1,1,Valid,0.0,0.0,41.0,41.0,['Male'],0,0,5,4,2,Dry,Straight,Level,Lowest,No
8883,12,Florida,121415,1,2,2,0,2,NOT APPLICABLE,June,6,Tuesday,5,3,Urban,Medium Speed (Collector),No,27.79203333,-82.33636389,Non-Intersection,Dark - Not Lighted,Clear,Unknown,Unknown,Unknown EMS Scene Arrival Hour,Unknown EMS Scene Arrival Minutes,Not Applicable (Not Transported),Not Applicable (Not Transported),1,Dark - Unlighted,Clear,0,1,[],[],0,0,Valid,0.0,1.0,998.0,62.0,"['Male', 'Other']",0,0,2,2,4,Dry,Straight,Level,Lowest,No
8884,12,Florida,121416,1,1,1,0,1,NOT APPLICABLE,June,4,Sunday,1,0,Rural,High Speed (Arterial),Yes,30.39206667,-86.17232778,Non-Intersection,Dark - Not Lighted,Clear,Unknown,Unknown,Unknown EMS Scene Arrival Hour,Unknown EMS Scene Arrival Minutes,Unknown,Unknown EMS Hospital Arrival Time,1,Dark - Unlighted,Clear,0,1,[],[],0,0,Valid,0.0,0.0,19.0,19.0,['Female'],0,0,2,4,4,Dry,Straight,Level,Lowest,No
8885,12,Florida,121417,0,2,2,0,5,NOT APPLICABLE,June,2,Friday,19,50,Urban,Medium Speed (Collector),No,26.40455278,-81.891275,Non-Intersection,Daylight,Clear,Unknown,Unknown,Unknown EMS Scene Arrival Hour,Unknown EMS Scene Arrival Minutes,Not Applicable (Not Transported),Not Applicable (Not Transported),1,Daylight,Clear,1,4,['Driver'],['None_Used'],0,0,Invalid,0.0,0.0,65.0,35.0,"['Male', 'Male']",0,0,5,4,5,Dry,Curve,Level,Lowest,No
8886,12,Florida,121418,1,1,1,0,2,OVIEDO,June,2,Friday,16,33,Urban,Medium Speed (Collector),No,28.65564167,-81.21007222,Non-Intersection,Daylight,Clear,Unknown,Unknown,Unknown EMS Scene Arrival Hour,Unknown EMS Scene Arrival Minutes,Not Applicable (Not Transported),Not Applicable (Not Transported),1,Daylight,Clear,0,2,[],[],0,0,Valid,0.0,0.0,25.0,25.0,['Male'],0,0,1,1,4,Dry,Straight,Grade/Hillcrest,Lowest,No
8887,12,Florida,121419,0,1,1,0,1,NOT APPLICABLE,May,31,Wednesday,15,40,Rural,Medium Speed (Collector),No,28.35793611,-82.321175,Non-Intersection,Daylight,Cloudy,3:00pm-3:59pm,40,3:00pm-3:59pm,48,Not Applicable (Not Transported),Not Applicable (Not Transported),1,Daylight,Reduced Visibility,1,0,['Driver'],['None_Used'],0,0,Valid,0.0,0.0,30.0,30.0,['Male'],0,0,3,4,3,Dry,Curve,Level,Lowest,No
8888,12,Florida,121420,0,3,3,0,3,NOT APPLICABLE,June,4,Sunday,21,5,Urban,High Speed (Arterial),No,29.07229444,-81.32534444,Non-Intersection,Dark - Lighted,Clear,Unknown,Unknown,Unknown EMS Scene Arrival Hour,Unknown EMS Scene Arrival Minutes,Unknown,Unknown EMS Hospital Arrival Time,1,Dark - Lighted,Clear,1,2,['Driver'],['None_Used'],1,1,Invalid,0.0,1.0,60.0,23.0,"['Male', 'Female', 'Male']",0,0,2,4,5,Dry,Straight,Level,Lowest,No
8889,12,Florida,121421,1,1,1,0,1,TALLAHASSEE,May,14,Sunday,21,5,Urban,High Speed (Arterial),Yes,30.47193889,-84.29108889,Complex/Circle,Dark - Lighted,Rain,Unknown,Unknown,Unknown EMS Scene Arrival Hour,Unknown EMS Scene Arrival Minutes,Unknown,Unknown EMS Hospital Arrival Time,1,Dark - Lighted,Rain/Wind/Minor,0,1,[],[],0,0,Invalid,0.0,0.0,22.0,22.0,['Male'],0,0,2,3,4,Wet/Standing Water,Straight,Level,Lowest,No
8890,12,Florida,121422,1,1,1,0,1,NOT APPLICABLE,May,24,Wednesday,21,50,Urban,Medium Speed (Collector),No,28.06530556,-81.77629722,Non-Intersection,Dark - Lighted,Clear,Unknown,Unknown,Unknown EMS Scene Arrival Hour,Unknown EMS Scene Arrival Minutes,Unknown,Unknown EMS Hospital Arrival Time,1,Dark - Lighted,Clear,0,1,[],[],0,0,Valid,0.0,0.0,37.0,37.0,['Male'],0,0,3,3,4,Wet/Standing Water,Straight,Level,Lowest,No
8891,12,Florida,121423,0,2,2,0,2,SARASOTA,June,1,Thursday,2,46,Urban,High Speed (Arterial),Yes,27.04974167,-82.40189444,Non-Intersection,Dark - Lighted,Clear,Unknown,Unknown,Unknown EMS Scene Arrival Hour,Unknown EMS Scene Arrival Minutes,Unknown,Unknown EMS Hospital Arrival Time,1,Dark - Lighted,Clear,1,1,['Driver'],['Shoulder_Lapbelt'],0,0,Valid,0.0,1.0,66.0,48.0,"['Female', 'Male']",1,0,3,4,5,Dry,Straight,Level,Lowest,No
8892,12,Florida,121424,0,2,1,1,1,NOT APPLICABLE,May,29,Monday,17,40,Urban,Medium Speed (Collector),No,25.736675,-80.34256389,Non-Intersection,Daylight,Clear,Unknown,Unknown,Unknown EMS Scene Arrival Hour,Unknown EMS Scene Arrival Minutes,Unknown,Unknown EMS Hospital Arrival Time,1,Daylight,Clear,1,0,['Driver'],['None_Used'],0,0,Valid,0.0,0.0,31.0,31.0,['Male'],0,0,5,4,3,Dry,Straight,Level,Lowest,No
8893,12,Florida,121425,0,2,2,0,2,NOT APPLICABLE,June,4,Sunday,10,52,Urban,Medium Speed (Collector),No,28.54413333,-81.27763333,Simple Junction,Daylight,Cloudy,Unknown,Unknown,Unknown EMS Scene Arrival Hour,Unknown EMS Scene Arrival Minutes,Unknown,Unknown EMS Hospital Arrival Time,1,Daylight,Reduced Visibility,1,0,['Driver'],['Shoulder_Lapbelt'],0,0,Valid,0.0,0.0,998.0,71.0,"['Female', 'Other']",1,0,3,4,5,Dry,Straight,Level,Lowest,No
8894,12,Florida,121426,0,1,1,0,3,NOT APPLICABLE,June,4,Sunday,17,51,Rural,High Speed (Arterial),Yes,29.98462778,-81.46009722,Non-Intersection,Daylight,Cloudy,Unknown,Unknown,Unknown EMS Scene Arrival Hour,Unknown EMS Scene Arrival Minutes,Unknown,Unknown EMS Hospital Arrival Time,1,Daylight,Reduced Visibility,1,2,['Front_Passenger'],['Shoulder_Lapbelt'],0,0,Invalid,0.0,0.0,17.0,17.0,['Male'],3,0,3,4,3,Dry,Curve,Level,Lowest,No
8895,12,Florida,121427,0,2,2,0,2,NOT APPLICABLE,June,4,Sunday,17,30,Urban,High Speed (Arterial),Yes,27.38166667,-82.53077222,Complex/Circle,Daylight,Clear,Unknown,Unknown,Unknown EMS Scene Arrival Hour,Unknown EMS Scene Arrival Minutes,Unknown,Unknown EMS Hospital Arrival Time,1,Daylight,Clear,1,1,['Driver'],['Shoulder_Lapbelt'],0,0,Valid,0.0,0.0,89.0,24.0,"['Male', 'Female']",0,0,3,4,5,Dry,Straight,Level,Lowest,No
8896,12,Florida,121428,0,2,2,0,3,BONIFAY,May,24,Wednesday,16,25,Rural,Medium Speed (Collector),No,30.89590556,-85.60370833,Non-Intersection,Daylight,Clear,Unknown,Unknown,Unknown EMS Scene Arrival Hour,Unknown EMS Scene Arrival Minutes,Unknown,Unknown EMS Hospital Arrival Time,1,Daylight,Clear,1,2,['Driver'],['None_Used'],0,0,Valid,0.0,1.0,26.0,16.0,"['Male', 'Female']",0,0,3,4,5,Dry,Curve,Level,Lowest,No
8897,12,Florida,121429,0,2,2,0,4,MIAMI,February,8,Wednesday,14,0,Urban,High Speed (Arterial),Yes,25.8479,-80.17270833,Non-Intersection,Daylight,Clear,Unknown,Unknown,Unknown EMS Scene Arrival Hour,Unknown EMS Scene Arrival Minutes,Unknown,Unknown EMS Hospital Arrival Time,1,Daylight,Clear,1,3,['Front_Passenger'],['Shoulder_Lapbelt'],1,1,Invalid,0.0,0.0,48.0,30.0,"['Male', 'Female']",0,0,3,4,5,Dry,Straight,Grade/Hillcrest,Lowest,No
8898,12,Florida,121430,0,2,2,0,2,NOT APPLICABLE,June,8,Thursday,22,10,Urban,Medium Speed (Collector),No,26.57248611,-80.16004722,Simple Junction,Dark - Lighted,Cloudy,Unknown,Unknown,Unknown EMS Scene Arrival Hour,Unknown EMS Scene Arrival Minutes,Unknown,Unknown EMS Hospital Arrival Time,1,Dark - Lighted,Reduced Visibility,1,1,['Driver'],['Shoulder_Lapbelt'],1,1,Valid,0.0,0.0,79.0,38.0,"['Female', 'Male']",1,0,3,4,5,Dry,Straight,Level,Lowest,No
8899,12,Florida,121431,0,1,1,0,1,NOT APPLICABLE,April,29,Saturday,8,56,Urban,High Speed (Arterial),Yes,28.08441389,-82.35401389,Non-Intersection,Daylight,Cloudy,Unknown,Unknown,Unknown EMS Scene Arrival Hour,Unknown EMS Scene Arrival Minutes,Not Applicable (Not Transported),Not Applicable (Not Transported),1,Daylight,Reduced Visibility,1,0,['Driver'],['None_Used'],0,0,Valid,0.0,0.0,78.0,78.0,['Male'],0,0,5,4,3,Dry,Curve,Level,Lowest,No
8900,12,Florida,121432,0,2,2,0,8,TAMPA,May,28,Sunday,22,40,Urban,High Speed (Arterial),Yes,27.93806944,-82.43608889,Non-Intersection,Dark - Lighted,Clear,Unknown,Unknown,Unknown EMS Scene Arrival Hour,Unknown EMS Scene Arrival Minutes,Not Applicable (Not Transported),Not Applicable (Not Transported),2,Dark - Lighted,Clear,2,6,"['Front_Passenger', 'Rear_Seat']","['None_Used', 'None_Used']",0,0,Invalid,0.0,0.0,18.0,17.0,"['Male', 'Male']",0,0,2,4,5,Dry,Curve,Level,Lowest,No
8901,12,Florida,121433,0,1,1,0,1,NOT APPLICABLE,June,5,Monday,22,0,Rural,Medium Speed (Collector),No,29.60672222,-82.52369167,Non-Intersection,Dark - Not Lighted,Cloudy,Unknown,Unknown,Unknown EMS Scene Arrival Hour,Officially Cancelled,Unknown,Officially Canceled,1,Dark - Unlighted,Reduced Visibility,1,0,['Driver'],['None_Used'],1,1,Valid,0.0,0.0,33.0,33.0,['Male'],0,0,3,4,3,Dry,Straight,Level,Lowest,No
8902,12,Florida,121434,0,1,1,0,1,NOT APPLICABLE,June,3,Saturday,16,23,Rural,Medium Speed (Collector),No,26.79443611,-82.03826389,Non-Intersection,Daylight,Rain,Unknown,Unknown,Unknown EMS Scene Arrival Hour,Unknown EMS Scene Arrival Minutes,Not Applicable (Not Transported),Not Applicable (Not Transported),1,Daylight,Rain/Wind/Minor,1,0,['Driver'],['None_Used'],1,1,Valid,0.0,0.0,45.0,45.0,['Male'],0,0,3,4,3,Wet/Standing Water,Straight,Level,Lowest,No
8903,12,Florida,121435,0,2,2,0,3,NOT APPLICABLE,June,4,Sunday,20,35,Urban,Medium Speed (Collector),No,28.10939167,-82.46015833,Complex/Circle,Dark - Lighted,Clear,Unknown,Unknown,Unknown EMS Scene Arrival Hour,Unknown EMS Scene Arrival Minutes,Unknown,Unknown EMS Hospital Arrival Time,2,Dark - Lighted,Clear,2,1,"['Driver', 'Front_Passenger']","['None_Used', 'None_Used']",1,1,Valid,1.0,0.0,46.0,33.0,"['Male', 'Male']",0,0,3,4,5,Wet/Standing Water,Straight,Level,Lowest,No
8904,12,Florida,121436,1,1,1,0,1,NOT APPLICABLE,May,22,Monday,18,38,Rural,Medium Speed (Collector),No,25.5375,-80.33531667,Non-Intersection,Daylight,Clear,Unknown,Unknown,Unknown EMS Scene Arrival Hour,Unknown EMS Scene Arrival Minutes,Unknown,Unknown EMS Hospital Arrival Time,1,Daylight,Clear,0,0,[],[],0,0,Invalid,0.0,0.0,999.0,999.0,['Other'],0,0,3,2,4,Dry,Straight,Level,Lowest,No
8905,12,Florida,121437,1,1,1,0,1,NOT APPLICABLE,June,7,Wednesday,23,4,Rural,High Speed (Arterial),Yes,30.06253333,-83.55651389,Non-Intersection,Dark - Not Lighted,Clear,Unknown,Unknown,Unknown EMS Scene Arrival Hour,Officially Cancelled,Unknown,Officially Canceled,1,Dark - Unlighted,Clear,0,1,[],[],0,0,Valid,0.0,0.0,33.0,33.0,['Female'],0,0,3,4,4,Dry,Straight,Level,Lowest,No
8906,12,Florida,121438,1,1,1,0,1,NOT APPLICABLE,June,4,Sunday,16,55,Urban,Medium Speed (Collector),No,28.60644722,-81.29896944,Simple Junction,Daylight,Clear,Unknown,Unknown,Unknown EMS Scene Arrival Hour,Unknown EMS Scene Arrival Minutes,Unknown,Unknown EMS Hospital Arrival Time,1,Daylight,Clear,0,1,[],[],0,0,Valid,0.0,0.0,44.0,44.0,['Female'],0,0,2,3,4,Dry,Straight,Level,Lowest,No
8907,12,Florida,121439,0,1,1,0,2,NOT APPLICABLE,June,7,Wednesday,2,7,Urban,Medium Speed (Collector),No,27.26726111,-82.55435278,Non-Intersection,Dark - Not Lighted,Clear,Unknown,Unknown,Unknown EMS Scene Arrival Hour,Unknown EMS Scene Arrival Minutes,Unknown,Unknown EMS Hospital Arrival Time,1,Dark - Unlighted,Clear,1,1,['Driver'],['None_Used'],1,1,Invalid,0.0,0.0,23.0,23.0,['Male'],2,0,2,4,3,Dry,Curve,Level,Lowest,No
8908,12,Florida,121440,0,2,2,0,7,NOT APPLICABLE,June,3,Saturday,20,44,Rural,Medium Speed (Collector),No,29.33050833,-82.18314167,Non-Intersection,Dusk,Clear,Unknown,Unknown,Unknown EMS Scene Arrival Hour,Unknown EMS Scene Arrival Minutes,Unknown,Unknown EMS Hospital Arrival Time,1,Twilight,Clear,1,6,['Driver'],['None_Used'],1,1,Valid,0.0,0.0,54.0,15.0,"['Male', 'Female']",0,0,3,4,5,Dry,Straight,Level,Lowest,No
8909,12,Florida,121441,0,2,2,0,3,HIALEAH,June,5,Monday,21,5,Urban,Low Speed (Local),No,25.85525556,-80.29073056,Complex/Circle,Dark - Lighted,Clear,Unknown,Unknown,Unknown EMS Scene Arrival Hour,Unknown EMS Scene Arrival Minutes,Not Applicable (Not Transported),Not Applicable (Not Transported),1,Dark - Lighted,Clear,1,2,['Driver'],['None_Used'],0,0,Invalid,2.0,0.0,66.0,56.0,"['Male', 'Female']",0,0,5,4,5,Dry,Straight,Level,Lowest,No