,State_Code,State_Name,Crash_ID,Count_Non_Motorists,Count_Vehicles_Total,Count_Vehicle_Forms,Count_PVH_Involved,Count_Occupants_MV,City_Name,Month_Name,Day_of_Month,Day_of_Week,Crash_Hour,Crash_Minute,Area_Rural_Urban,Road_Functional_Class,On_NHS_Road,Latitude,Longitude,Intersection_Type,Light_Condition,Weather_Condition,Notif_Hour,Notif_Minute,Arrival_Hour,Arrival_Minute,Hospital_Hour,Hospital_Minute,Fatalities_Count,Clean_Light_Condition,Clean_Weather_Condition,Total_Killed,Total_Alive,Fatal_Seats_List,Killed_Restraint_List,Any_Driver_Drinking,Total_Drinking_Drivers,Driver_License_Category,Driver_Max_Prev_Accident_Count,Driver_Max_Prev_Speeding_Count,Max_Driver_Age,Min_Driver_Age,Driver_Sex_List,Total_Exceeding_Limit_Vehicles,Total_Too_Fast_Vehicles,Max_Vehicle_Type_Severity_5,Max_Vehicle_Damage_Rank,Max_Harmful_Event_Severity,Crash_Road_Surface_Condition,Crash_Horizontal_Alignment,Crash_Vertical_Profile,Crash_Impairment_Category,Crash_Vehicle_Defect
8910,12,Florida,121442,0,2,2,0,3,NOT APPLICABLE,June,6,Tuesday,4,36,Urban,High Speed (Arterial),Yes,25.53433056,-80.41291111,Simple Junction,Dark - Not Lighted,Rain,Unknown,Unknown,Unknown EMS Scene Arrival Hour,Unknown EMS Scene Arrival Minutes,Not Applicable (Not Transported),Not Applicable (Not Transported),1,Dark - Unlighted,Rain/Wind/Minor,1,2,['Rear_Seat'],['None_Used'],0,0,Valid,1.0,0.0,49.0,35.0,"['Male', 'Male']",0,0,5,4,5,Wet/Standing Water,Straight,Level,Lowest,No
8911,12,Florida,121443,0,1,1,0,2,TAVARES,May,11,Thursday,23,52,Urban,High Speed (Arterial),Yes,28.81127222,-81.744875,Non-Intersection,Dark - Not Lighted,"Fog, Smog, Smoke",Unknown,Unknown,Unknown EMS Scene Arrival Hour,Unknown EMS Scene Arrival Minutes,Unknown,Unknown EMS Hospital Arrival Time,1,Dark - Unlighted,Reduced Visibility,1,1,['Driver'],['None_Used'],0,0,Valid,0.0,0.0,48.0,48.0,['Male'],0,0,5,4,2,Dry,Curve,Grade/Hillcrest,Lowest,No
8912,12,Florida,121444,0,2,2,0,2,PLANTATION,May,28,Sunday,5,8,Urban,High Speed (Arterial),Yes,26.135975,-80.20741944,Simple Junction,Dark - Not Lighted,Clear,Unknown,Unknown,Unknown EMS Scene Arrival Hour,Unknown EMS Scene Arrival Minutes,Unknown,Unknown EMS Hospital Arrival Time,1,Dark - Unlighted,Clear,1,1,['Driver'],['Shoulder_Lapbelt'],0,0,Valid,0.0,1.0,31.0,26.0,"['Female', 'Male']",0,0,3,4,5,Wet/Standing Water,Straight,Level,Lowest,No
8913,12,Florida,121446,0,2,2,0,2,NOT APPLICABLE,June,6,Tuesday,10,0,Urban,Medium Speed (Collector),Yes,28.22955,-82.67721944,Complex/Circle,Daylight,Clear,10:00am-10:59am,1,10:00am-10:59am,9,Unknown,Unknown EMS Hospital Arrival Time,1,Daylight,Clear,1,1,['Driver'],['None_Used'],0,0,Valid,1.0,1.0,80.0,49.0,"['Male', 'Male']",1,0,5,4,5,Dry,Straight,Level,Lowest,No
8914,12,Florida,121447,0,1,1,0,1,PANAMA CITY,June,6,Tuesday,17,11,Urban,Low Speed (Local),No,30.17305556,-85.689175,Non-Intersection,Daylight,Clear,Unknown,Unknown,Unknown EMS Scene Arrival Hour,Unknown EMS Scene Arrival Minutes,Not Applicable (Not Transported),Not Applicable (Not Transported),1,Daylight,Clear,1,0,['Driver'],['Shoulder_Lapbelt'],0,0,Valid,0.0,0.0,53.0,53.0,['Male'],0,0,3,4,3,Dry,Straight,Level,Lowest,No
8915,12,Florida,121448,0,3,3,0,3,NOT APPLICABLE,May,28,Sunday,20,35,Rural,High Speed (Arterial),Yes,28.32933333,-82.53673611,Non-Intersection,Dark - Not Lighted,Clear,Unknown,Unknown,Unknown EMS Scene Arrival Hour,Unknown EMS Scene Arrival Minutes,Unknown,Unknown EMS Hospital Arrival Time,1,Dark - Unlighted,Clear,1,2,['Driver'],['Shoulder_Lapbelt'],1,1,Valid,0.0,0.0,62.0,51.0,"['Male', 'Male', 'Male']",0,0,3,4,5,Dry,Straight,Level,Lowest,No
8916,12,Florida,121449,0,2,2,0,2,NAPLES,June,7,Wednesday,15,20,Urban,Medium Speed (Collector),No,26.15343056,-81.75893056,Simple Junction,Daylight,Clear,Unknown,Unknown,Unknown EMS Scene Arrival Hour,Unknown EMS Scene Arrival Minutes,Unknown,Unknown EMS Hospital Arrival Time,1,Daylight,Clear,1,1,['Driver'],['Shoulder_Lapbelt'],0,0,Valid,0.0,2.0,90.0,19.0,"['Female', 'Male']",0,0,2,4,5,Dry,Straight,Level,Lowest,No
8917,12,Florida,121450,0,2,2,0,2,NOT APPLICABLE,June,7,Wednesday,21,20,Urban,High Speed (Arterial),Yes,28.3376,-82.62340833,Non-Intersection,Dark - Lighted,Clear,Unknown,Unknown,Unknown EMS Scene Arrival Hour,Unknown EMS Scene Arrival Minutes,Unknown,Unknown EMS Hospital Arrival Time,1,Dark - Lighted,Clear,1,1,['Driver'],['Shoulder_Lapbelt'],0,0,Valid,0.0,0.0,30.0,26.0,"['Female', 'Male']",0,0,3,4,5,Dry,Straight,Level,Lowest,No
8918,12,Florida,121451,0,1,1,0,1,TAMPA,June,4,Sunday,22,35,Urban,High Speed (Arterial),Yes,27.91231667,-82.34801667,Non-Intersection,Dark - Lighted,Cloudy,Unknown,Unknown,Unknown EMS Scene Arrival Hour,Unknown EMS Scene Arrival Minutes,Not Applicable (Not Transported),Not Applicable (Not Transported),1,Dark - Lighted,Reduced Visibility,1,0,['Driver'],['Shoulder_Lapbelt'],0,0,Valid,0.0,0.0,46.0,46.0,['Male'],0,0,3,4,2,Dry,Straight,Level,Lowest,No
8919,12,Florida,121452,0,1,1,0,1,NOT APPLICABLE,June,8,Thursday,15,35,Rural,Medium Speed (Collector),No,29.62754722,-82.65626389,Non-Intersection,Daylight,Clear,Unknown,Unknown,Unknown EMS Scene Arrival Hour,Unknown EMS Scene Arrival Minutes,Not Applicable (Not Transported),Not Applicable (Not Transported),1,Daylight,Clear,1,0,['Driver'],['None_Used'],0,0,Valid,0.0,0.0,70.0,70.0,['Male'],0,0,2,4,3,Dry,Straight,Level,Lowest,No
8920,12,Florida,121453,0,1,1,0,1,HOLLYWOOD,May,28,Sunday,0,54,Urban,Medium Speed (Collector),No,25.99719167,-80.177125,Non-Intersection,Dark - Lighted,Clear,Unknown,Unknown,Unknown EMS Scene Arrival Hour,Unknown EMS Scene Arrival Minutes,Unknown,Unknown EMS Hospital Arrival Time,1,Dark - Lighted,Clear,1,0,['Driver'],['None_Used'],0,0,Valid,0.0,0.0,27.0,27.0,['Male'],1,0,2,4,3,Dry,Straight,Level,Lowest,No
8921,12,Florida,121454,1,1,1,0,1,NOT APPLICABLE,May,28,Sunday,21,4,Urban,High Speed (Arterial),Yes,26.13652778,-80.17889444,Non-Intersection,Dark - Lighted,Clear,Unknown,Unknown,Unknown EMS Scene Arrival Hour,Unknown EMS Scene Arrival Minutes,Not Applicable (Not Transported),Not Applicable (Not Transported),1,Dark - Lighted,Clear,0,1,[],[],0,0,Invalid,0.0,1.0,26.0,26.0,['Male'],1,0,3,3,4,Dry,Straight,Level,Lowest,No
8922,12,Florida,121455,0,2,2,0,3,NOT APPLICABLE,June,8,Thursday,19,14,Urban,Medium Speed (Collector),No,27.44899444,-82.58761111,Simple Junction,Daylight,Clear,Unknown,Unknown,Unknown EMS Scene Arrival Hour,Unknown EMS Scene Arrival Minutes,Unknown,Unknown EMS Hospital Arrival Time,1,Daylight,Clear,1,2,['Driver'],['None_Used'],0,0,Valid,2.0,0.0,47.0,32.0,"['Female', 'Female']",0,0,5,4,5,Dry,Straight,Level,Lowest,No
8923,12,Florida,121456,0,1,1,0,1,NOT APPLICABLE,June,9,Friday,12,57,Rural,Medium Speed (Collector),No,29.569675,-82.06821944,Non-Intersection,Daylight,Cloudy,Unknown,Unknown,Unknown EMS Scene Arrival Hour,Unknown EMS Scene Arrival Minutes,Unknown,Unknown EMS Hospital Arrival Time,1,Daylight,Reduced Visibility,1,0,['Driver'],['None_Used'],1,1,Invalid,0.0,0.0,39.0,39.0,['Male'],0,0,3,4,3,Dry,Straight,Level,Lowest,No
8924,12,Florida,121457,0,1,1,0,2,HOLLYWOOD,June,10,Saturday,3,12,Urban,High Speed (Arterial),Yes,25.99602222,-80.16594722,Complex/Circle,Dark - Lighted,Clear,Unknown,Unknown,Unknown EMS Scene Arrival Hour,Unknown EMS Scene Arrival Minutes,Unknown,Unknown EMS Hospital Arrival Time,1,Dark - Lighted,Clear,1,1,['Front_Passenger'],['None_Used'],1,1,Valid,0.0,0.0,22.0,22.0,['Female'],0,0,3,4,3,Dry,Straight,Level,Lowest,No
8925,12,Florida,121458,0,2,2,0,3,LARGO,June,2,Friday,21,35,Urban,Medium Speed (Collector),No,27.91135833,-82.82041111,Non-Intersection,Dusk,Clear,Unknown,Unknown,Unknown EMS Scene Arrival Hour,Unknown EMS Scene Arrival Minutes,Unknown,Unknown EMS Hospital Arrival Time,1,Twilight,Clear,1,2,['Driver'],['None_Used'],0,0,Valid,0.0,0.0,64.0,35.0,"['Male', 'Male']",0,0,5,4,5,Dry,Straight,Level,Lowest,No
8926,12,Florida,121459,0,2,2,0,3,TALLAHASSEE,June,10,Saturday,22,57,Urban,Medium Speed (Collector),No,30.44480833,-84.28516667,Non-Intersection,Dark - Lighted,Clear,Unknown,Unknown,Unknown EMS Scene Arrival Hour,Unknown EMS Scene Arrival Minutes,Unknown,Unknown EMS Hospital Arrival Time,1,Dark - Lighted,Clear,1,2,['Driver'],['None_Used'],0,0,Valid,0.0,0.0,40.0,35.0,"['Female', 'Male']",0,0,5,4,5,Dry,Straight,Grade/Hillcrest,Lowest,No
8927,12,Florida,121460,1,1,1,0,1,NOT APPLICABLE,June,10,Saturday,2,40,Urban,High Speed (Arterial),Yes,30.35478889,-87.37393889,Non-Intersection,Dark - Not Lighted,Clear,Unknown,Unknown,Unknown EMS Scene Arrival Hour,Unknown EMS Scene Arrival Minutes,Not Applicable (Not Transported),Not Applicable (Not Transported),1,Dark - Unlighted,Clear,0,1,[],[],0,0,Invalid,0.0,0.0,999.0,999.0,['Other'],0,0,1,0,4,Dry,Straight,Level,Lowest,No
8928,12,Florida,121461,0,1,1,0,1,NOT APPLICABLE,June,9,Friday,17,10,Urban,Medium Speed (Collector),No,25.613525,-80.35308333,Non-Intersection,Daylight,Cloudy,Unknown,Unknown,Unknown EMS Scene Arrival Hour,Officially Cancelled,Unknown,Officially Canceled,1,Daylight,Reduced Visibility,1,0,['Driver'],['Shoulder_Lapbelt'],0,0,Valid,0.0,0.0,71.0,71.0,['Male'],0,0,3,4,2,Dry,Straight,Level,Lowest,No
8929,12,Florida,121462,0,2,2,0,3,NOT APPLICABLE,June,3,Saturday,3,1,Urban,High Speed (Arterial),Yes,28.96026667,-81.26582222,Complex/Circle,Dark - Not Lighted,Clear,Unknown,Unknown,Unknown EMS Scene Arrival Hour,Unknown EMS Scene Arrival Minutes,Unknown,Unknown EMS Hospital Arrival Time,1,Dark - Unlighted,Clear,1,2,['Driver'],['None_Used'],1,1,Invalid,0.0,2.0,25.0,16.0,"['Male', 'Male']",0,0,5,4,5,Dry,Straight,Level,Lowest,No
8930,12,Florida,121463,0,1,1,0,1,NOT APPLICABLE,June,5,Monday,1,2,Urban,High Speed (Arterial),Yes,30.50314167,-87.16825833,Non-Intersection,Dark - Not Lighted,Clear,Unknown,Unknown,Unknown EMS Scene Arrival Hour,Unknown EMS Scene Arrival Minutes,Not Applicable (Not Transported),Not Applicable (Not Transported),1,Dark - Unlighted,Clear,1,0,['Driver'],['Shoulder_Lapbelt'],0,0,Valid,0.0,0.0,65.0,65.0,['Male'],0,0,3,4,3,Dry,Straight,Level,Lowest,No
8931,12,Florida,121464,1,1,1,0,1,NOT APPLICABLE,June,10,Saturday,12,40,Urban,Medium Speed (Collector),No,26.1744,-81.72743889,Complex/Circle,Daylight,Clear,Unknown,Unknown,Unknown EMS Scene Arrival Hour,Unknown EMS Scene Arrival Minutes,Unknown,Unknown EMS Hospital Arrival Time,1,Daylight,Clear,0,1,[],[],0,0,Valid,0.0,2.0,40.0,40.0,['Male'],0,0,3,3,4,Dry,Straight,Level,Lowest,No
8932,12,Florida,121465,1,1,1,0,1,NOT APPLICABLE,June,11,Sunday,20,30,Rural,Low Speed (Local),No,29.68123056,-82.71736111,Non-Intersection,Daylight,Clear,Unknown,Unknown,Unknown EMS Scene Arrival Hour,Officially Cancelled,Unknown,Officially Canceled,1,Daylight,Clear,0,1,[],[],1,1,Valid,0.0,0.0,20.0,20.0,['Male'],0,0,3,3,4,Dry,Straight,Level,Lowest,No
8933,12,Florida,121466,0,2,2,0,2,PORT ORANGE,June,6,Tuesday,22,10,Urban,High Speed (Arterial),Yes,29.11373611,-80.98239167,Complex/Circle,Daylight,Clear,Unknown,Unknown,Unknown EMS Scene Arrival Hour,Unknown EMS Scene Arrival Minutes,Unknown,Unknown EMS Hospital Arrival Time,1,Daylight,Clear,1,1,['Driver'],['None_Used'],0,0,Valid,0.0,1.0,44.0,38.0,"['Male', 'Male']",0,0,3,4,5,Dry,Straight,Level,Lowest,No
8934,12,Florida,121467,0,2,2,0,2,NOT APPLICABLE,June,6,Tuesday,9,0,Rural,Medium Speed (Collector),No,30.16784167,-82.18363889,Non-Intersection,Daylight,Clear,Unknown,Unknown,Unknown EMS Scene Arrival Hour,Unknown EMS Scene Arrival Minutes,Not Applicable (Not Transported),Not Applicable (Not Transported),1,Daylight,Clear,1,1,['Driver'],['Shoulder_Lapbelt'],0,0,Valid,1.0,0.0,51.0,45.0,"['Male', 'Male']",0,0,4,4,5,Dry,Curve,Level,Lowest,No
8935,12,Florida,121468,0,2,2,0,2,NOT APPLICABLE,June,9,Friday,9,31,Urban,Medium Speed (Collector),No,26.63625278,-81.59817778,Complex/Circle,Daylight,Clear,Unknown,Unknown,Unknown EMS Scene Arrival Hour,Unknown EMS Scene Arrival Minutes,Unknown,Unknown EMS Hospital Arrival Time,1,Daylight,Clear,1,1,['Driver'],['None_Used'],0,0,Valid,0.0,0.0,56.0,21.0,"['Male', 'Male']",0,0,3,4,5,Dry,Straight,Level,Lowest,No
8936,12,Florida,121469,0,3,3,0,4,NOT APPLICABLE,June,6,Tuesday,15,40,Rural,Medium Speed (Collector),No,26.27485,-81.63151944,Non-Intersection,Daylight,Rain,Unknown,Unknown,Unknown EMS Scene Arrival Hour,Unknown EMS Scene Arrival Minutes,Not Applicable (Not Transported),Not Applicable (Not Transported),1,Daylight,Rain/Wind/Minor,1,3,['Driver'],['None_Used'],1,1,Valid,0.0,1.0,52.0,34.0,"['Male', 'Male', 'Male']",0,0,3,4,5,Wet/Standing Water,Straight,Level,Lowest,No
8937,12,Florida,121470,0,1,1,0,1,NOT APPLICABLE,June,6,Tuesday,20,27,Rural,Medium Speed (Collector),No,24.69760833,-81.31811944,Non-Intersection,Dark - Not Lighted,Clear,Unknown,Unknown,Unknown EMS Scene Arrival Hour,Unknown EMS Scene Arrival Minutes,Not Applicable (Not Transported),Not Applicable (Not Transported),1,Dark - Unlighted,Clear,1,0,['Driver'],['None_Used'],1,1,Valid,0.0,0.0,35.0,35.0,['Male'],0,0,3,4,2,Dry,Straight,Level,Lowest,No
8938,12,Florida,121471,0,2,2,0,3,NOT APPLICABLE,June,5,Monday,19,18,Rural,Medium Speed (Collector),No,29.28244444,-82.29278611,Complex/Circle,Daylight,Cloudy,Unknown,Unknown,Unknown EMS Scene Arrival Hour,Unknown EMS Scene Arrival Minutes,Unknown,Unknown EMS Hospital Arrival Time,1,Daylight,Reduced Visibility,1,2,['Driver'],['None_Used'],0,0,Invalid,2.0,0.0,63.0,37.0,"['Male', 'Male']",0,0,5,4,5,Dry,Straight,Level,Lowest,No
8939,12,Florida,121472,0,1,1,0,1,NOT APPLICABLE,June,11,Sunday,6,8,Urban,Medium Speed (Collector),No,26.66333056,-80.12898333,Non-Intersection,Dawn,Clear,Unknown,Unknown,Unknown EMS Scene Arrival Hour,Officially Cancelled,Unknown,Officially Canceled,1,Twilight,Clear,1,0,['Driver'],['None_Used'],0,0,Valid,0.0,0.0,25.0,25.0,['Female'],0,0,2,4,2,Dry,Straight,Level,Lowest,No
8940,12,Florida,121473,0,2,2,0,2,NOT APPLICABLE,June,7,Wednesday,14,55,Rural,Medium Speed (Collector),No,30.36081111,-84.26368056,Simple Junction,Daylight,Cloudy,Unknown,Unknown,Unknown EMS Scene Arrival Hour,Unknown EMS Scene Arrival Minutes,Unknown,Unknown EMS Hospital Arrival Time,1,Daylight,Reduced Visibility,1,1,['Driver'],['Shoulder_Lapbelt'],0,0,Valid,0.0,0.0,63.0,45.0,"['Male', 'Male']",0,0,3,4,5,Wet/Standing Water,Straight,Level,Lowest,No
8941,12,Florida,121474,0,2,2,0,2,SARASOTA,June,7,Wednesday,17,0,Urban,Medium Speed (Collector),No,27.34501944,-82.54695278,Complex/Circle,Daylight,Clear,Unknown,Unknown,Unknown EMS Scene Arrival Hour,Unknown EMS Scene Arrival Minutes,Unknown,Unknown EMS Hospital Arrival Time,1,Daylight,Clear,1,1,['Driver'],['None_Used'],0,0,Valid,0.0,3.0,42.0,27.0,"['Female', 'Male']",1,0,5,4,5,Dry,Straight,Level,Lowest,No
8942,12,Florida,121475,1,3,3,0,4,COCOA,June,12,Monday,3,37,Urban,High Speed (Arterial),Yes,28.44291667,-80.76296389,Non-Intersection,Dark - Not Lighted,Clear,Unknown,Unknown,Unknown EMS Scene Arrival Hour,Officially Cancelled,Unknown,Officially Canceled,1,Dark - Unlighted,Clear,0,3,[],[],0,0,Valid,0.0,0.0,999.0,27.0,"['Male', 'Male', 'Other']",0,0,3,2,4,Dry,Curve,Level,Lowest,No
8943,12,Florida,121476,1,1,1,0,1,JACKSONVILLE,June,12,Monday,21,35,Urban,High Speed (Arterial),Yes,30.355675,-81.67305833,Simple Junction,Dark - Lighted,Cloudy,Unknown,Unknown,Unknown EMS Scene Arrival Hour,Unknown EMS Scene Arrival Minutes,Unknown,Unknown EMS Hospital Arrival Time,1,Dark - Lighted,Reduced Visibility,0,1,[],[],0,0,Valid,0.0,0.0,44.0,44.0,['Male'],0,0,3,3,4,Dry,Straight,Level,Lowest,No
8944,12,Florida,121478,0,2,2,0,2,NOT APPLICABLE,June,9,Friday,9,5,Rural,High Speed (Arterial),Yes,27.49490556,-82.47408056,Non-Intersection,Daylight,Cloudy,Unknown,Unknown,Unknown EMS Scene Arrival Hour,Unknown EMS Scene Arrival Minutes,Not Applicable (Not Transported),Not Applicable (Not Transported),1,Daylight,Reduced Visibility,1,1,['Driver'],['Shoulder_Lapbelt'],0,0,Valid,0.0,0.0,56.0,31.0,"['Male', 'Female']",0,0,3,4,5,Dry,Curve,Level,Lowest,No
8945,12,Florida,121479,1,1,1,0,1,FORT LAUDERDALE,June,14,Wednesday,2,12,Urban,High Speed (Arterial),Yes,26.12183333,-80.16798889,Non-Intersection,Dark - Lighted,Clear,Unknown,Unknown,Unknown EMS Scene Arrival Hour,Unknown EMS Scene Arrival Minutes,Not Applicable (Not Transported),Not Applicable (Not Transported),1,Dark - Lighted,Clear,0,1,[],[],0,0,Valid,0.0,0.0,25.0,25.0,['Female'],0,0,2,3,4,Dry,Straight,Grade/Hillcrest,Lowest,No
8946,12,Florida,121480,1,2,2,0,2,NOT APPLICABLE,June,10,Saturday,22,35,Rural,High Speed (Arterial),Yes,30.61875556,-86.117125,Non-Intersection,Dark - Not Lighted,Cloudy,Unknown,Unknown,Unknown EMS Scene Arrival Hour,Unknown EMS Scene Arrival Minutes,Not Applicable (Not Transported),Not Applicable (Not Transported),1,Dark - Unlighted,Reduced Visibility,0,2,[],[],0,0,Valid,0.0,0.0,26.0,25.0,"['Male', 'Male']",0,0,3,3,4,Wet/Standing Water,Curve,Level,Lowest,No
8947,12,Florida,121481,0,2,2,0,3,NOT APPLICABLE,June,10,Saturday,3,40,Urban,High Speed (Arterial),Yes,28.81463333,-81.39590278,Non-Intersection,Dark - Not Lighted,Clear,3:00am-3:59am,41,3:00am-3:59am,54,Unknown,Unknown EMS Hospital Arrival Time,1,Dark - Unlighted,Clear,1,2,['Driver'],['None_Used'],0,0,Valid,1.0,0.0,51.0,41.0,"['Female', 'Male']",0,0,3,4,5,Dry,Straight,Level,Lowest,No
8948,12,Florida,121482,0,1,1,0,1,JACKSONVILLE,June,11,Sunday,16,27,Urban,Medium Speed (Collector),No,30.53386944,-81.60089722,Non-Intersection,Daylight,Clear,Unknown,Unknown,Unknown EMS Scene Arrival Hour,Unknown EMS Scene Arrival Minutes,Not Applicable (Not Transported),Not Applicable (Not Transported),1,Daylight,Clear,1,0,['Driver'],['Shoulder_Lapbelt'],0,0,Valid,0.0,0.0,16.0,16.0,['Male'],0,0,2,4,3,Wet/Standing Water,Curve,Level,Lowest,No
8949,12,Florida,121483,0,1,1,0,1,NOT APPLICABLE,June,1,Thursday,0,11,Rural,Medium Speed (Collector),No,27.19586667,-80.83476667,Non-Intersection,Dark - Not Lighted,Clear,Unknown,Unknown,Unknown EMS Scene Arrival Hour,Unknown EMS Scene Arrival Minutes,Not Applicable (Not Transported),Not Applicable (Not Transported),1,Dark - Unlighted,Clear,1,0,['Driver'],['None_Used'],0,0,Valid,0.0,0.0,31.0,31.0,['Male'],0,0,5,3,1,Dry,Curve,Level,Lowest,No
8950,12,Florida,121484,0,2,2,0,3,NOT APPLICABLE,June,9,Friday,23,41,Urban,High Speed (Arterial),Yes,27.86357222,-82.32651111,Non-Intersection,Dark - Lighted,Clear,Unknown,Unknown,Unknown EMS Scene Arrival Hour,Unknown EMS Scene Arrival Minutes,Unknown,Unknown EMS Hospital Arrival Time,1,Dark - Lighted,Clear,1,2,['Driver'],['None_Used'],0,0,Valid,2.0,0.0,59.0,29.0,"['Male', 'Male']",2,0,5,4,5,Dry,Straight,Level,Lowest,No
8951,12,Florida,121485,1,1,1,0,1,NOT APPLICABLE,June,10,Saturday,22,17,Urban,High Speed (Arterial),Yes,26.64629167,-80.11247778,Non-Intersection,Dark - Lighted,Clear,Unknown,Unknown,Unknown EMS Scene Arrival Hour,Unknown EMS Scene Arrival Minutes,Not Applicable (Not Transported),Not Applicable (Not Transported),1,Dark - Lighted,Clear,0,1,[],[],0,0,Valid,0.0,0.0,59.0,59.0,['Male'],0,0,2,3,4,Dry,Straight,Level,Lowest,No
8952,12,Florida,121486,0,4,4,0,6,PALM BEACH GARDENS,June,11,Sunday,18,42,Urban,High Speed (Arterial),Yes,26.84018611,-80.10121944,Non-Intersection,Daylight,Clear,Unknown,Unknown,Unknown EMS Scene Arrival Hour,Unknown EMS Scene Arrival Minutes,Unknown,Unknown EMS Hospital Arrival Time,1,Daylight,Clear,1,5,['Front_Passenger'],['Shoulder_Lapbelt'],0,0,Valid,0.0,1.0,67.0,16.0,"['Female', 'Female', 'Male', 'Female']",0,0,3,4,5,Dry,Straight,Level,Lowest,No
8953,12,Florida,121487,0,3,3,0,3,NOT APPLICABLE,June,14,Wednesday,12,17,Urban,High Speed (Arterial),Yes,30.07360556,-81.86433056,Simple Junction,Daylight,Clear,Unknown,Unknown,Unknown EMS Scene Arrival Hour,Unknown EMS Scene Arrival Minutes,Not Applicable (Not Transported),Not Applicable (Not Transported),1,Daylight,Clear,1,2,['Driver'],['Shoulder_Lapbelt'],0,0,Valid,1.0,0.0,77.0,59.0,"['Female', 'Male', 'Male']",0,0,4,4,5,Dry,Straight,Level,Lowest,No
8954,12,Florida,121488,0,1,1,0,1,JASPER,June,11,Sunday,22,25,Rural,Medium Speed (Collector),No,30.47537778,-83.20740556,Non-Intersection,Dark - Not Lighted,Clear,Unknown,Unknown,Unknown EMS Scene Arrival Hour,Unknown EMS Scene Arrival Minutes,Not Applicable (Not Transported),Not Applicable (Not Transported),1,Dark - Unlighted,Clear,1,0,['Driver'],['None_Used'],0,0,Valid,0.0,0.0,43.0,43.0,['Male'],0,0,3,4,3,Dry,Straight,Level,Lowest,No
8955,12,Florida,121489,0,1,1,0,2,JACKSONVILLE,June,15,Thursday,22,12,Urban,High Speed (Arterial),Yes,30.25310833,-81.74315556,Non-Intersection,Dark - Lighted,Clear,Unknown,Unknown,Unknown EMS Scene Arrival Hour,Unknown EMS Scene Arrival Minutes,Unknown,Unknown EMS Hospital Arrival Time,1,Dark - Lighted,Clear,1,1,['Front_Passenger'],['None_Used'],0,0,Valid,0.0,0.0,74.0,74.0,['Female'],2,0,3,4,3,Wet/Standing Water,Straight,Level,Lowest,No
8956,12,Florida,121490,1,1,1,0,3,NOT APPLICABLE,June,11,Sunday,22,49,Urban,Medium Speed (Collector),No,28.23519167,-82.24655,Non-Intersection,Dark - Not Lighted,Clear,Unknown,Unknown,Unknown EMS Scene Arrival Hour,Unknown EMS Scene Arrival Minutes,Not Applicable (Not Transported),Not Applicable (Not Transported),1,Dark - Unlighted,Clear,0,3,[],[],0,0,Valid,1.0,0.0,28.0,28.0,['Female'],0,0,2,4,4,Dry,Straight,Level,Lowest,No
8957,12,Florida,121491,0,2,2,0,2,NOT APPLICABLE,June,6,Tuesday,22,26,Rural,High Speed (Arterial),Yes,30.70755278,-85.94991111,Non-Intersection,Dark - Not Lighted,Clear,Unknown,Unknown,Unknown EMS Scene Arrival Hour,Unknown EMS Scene Arrival Minutes,Unknown,Unknown EMS Hospital Arrival Time,1,Dark - Unlighted,Clear,1,1,['Driver'],['None_Used'],0,0,Valid,1.0,1.0,68.0,56.0,"['Male', 'Male']",0,0,4,4,5,Dry,Straight,Level,Lowest,No
8958,12,Florida,121492,0,2,2,0,4,NOT APPLICABLE,June,10,Saturday,10,25,Urban,High Speed (Arterial),Yes,24.70860833,-81.10713333,Non-Intersection,Daylight,Cloudy,Unknown,Unknown,Unknown EMS Scene Arrival Hour,Unknown EMS Scene Arrival Minutes,Unknown,Unknown EMS Hospital Arrival Time,1,Daylight,Reduced Visibility,1,3,['Driver'],['Shoulder_Lapbelt'],0,0,Valid,0.0,0.0,57.0,39.0,"['Female', 'Male']",0,0,3,4,5,Dry,Straight,Level,Medium,No
8959,12,Florida,121493,0,2,2,0,2,CAPE CORAL,June,16,Friday,23,23,Urban,High Speed (Arterial),No,26.63772222,-82.01608611,Non-Intersection,Dark - Not Lighted,Clear,Unknown,Unknown,Unknown EMS Scene Arrival Hour,Unknown EMS Scene Arrival Minutes,Unknown,Unknown EMS Hospital Arrival Time,1,Dark - Unlighted,Clear,1,1,['Driver'],['Shoulder_Lapbelt'],1,1,Valid,0.0,0.0,53.0,19.0,"['Male', 'Male']",0,0,2,4,5,Dry,Curve,Level,Lowest,No
8960,12,Florida,121494,0,1,1,0,1,NOT APPLICABLE,June,16,Friday,18,27,Urban,Medium Speed (Collector),No,27.66799722,-80.44966111,Non-Intersection,Dusk,Rain,Unknown,Unknown,Unknown EMS Scene Arrival Hour,Unknown EMS Scene Arrival Minutes,Unknown,Unknown EMS Hospital Arrival Time,1,Twilight,Rain/Wind/Minor,1,0,['Driver'],['Shoulder_Lapbelt'],1,1,Valid,0.0,1.0,25.0,25.0,['Male'],0,0,3,4,3,Wet/Standing Water,Straight,Level,Lowest,No