,State_Code,State_Name,Crash_ID,Count_Non_Motorists,Count_Vehicles_Total,Count_Vehicle_Forms,Count_PVH_Involved,Count_Occupants_MV,City_Name,Month_Name,Day_of_Month,Day_of_Week,Crash_Hour,Crash_Minute,Area_Rural_Urban,Road_Functional_Class,On_NHS_Road,Latitude,Longitude,Intersection_Type,Light_Condition,Weather_Condition,Notif_Hour,Notif_Minute,Arrival_Hour,Arrival_Minute,Hospital_Hour,Hospital_Minute,Fatalities_Count,Clean_Light_Condition,Clean_Weather_Condition,Total_Killed,Total_Alive,Fatal_Seats_List,Killed_Restraint_List,Any_Driver_Drinking,Total_Drinking_Drivers,Driver_License_Category,Driver_Max_Prev_Accident_Count,Driver_Max_Prev_Speeding_Count,Max_Driver_Age,Min_Driver_Age,Driver_Sex_List,Total_Exceeding_Limit_Vehicles,Total_Too_Fast_Vehicles,Max_Vehicle_Type_Severity_5,Max_Vehicle_Damage_Rank,Max_Harmful_Event_Severity,Crash_Road_Surface_Condition,Crash_Horizontal_Alignment,Crash_Vertical_Profile,Crash_Impairment_Category,Crash_Vehicle_Defect
8961,12,Florida,121495,0,2,2,0,2,NOT APPLICABLE,June,11,Sunday,20,42,Urban,High Speed (Arterial),Yes,27.99653889,-82.55656944,Simple Junction,Dusk,Clear,Unknown,Unknown,Unknown EMS Scene Arrival Hour,Unknown EMS Scene Arrival Minutes,Unknown,Unknown EMS Hospital Arrival Time,1,Twilight,Clear,1,1,['Driver'],['None_Used'],1,2,Valid,0.0,0.0,62.0,33.0,"['Male', 'Male']",0,0,5,4,5,Dry,Straight,Level,Lowest,No
8962,12,Florida,121496,1,1,1,0,1,JACKSONVILLE,June,12,Monday,4,22,Urban,High Speed (Arterial),Yes,30.29180278,-81.78344444,Non-Intersection,Dark - Lighted,Cloudy,Unknown,Unknown,Unknown EMS Scene Arrival Hour,Unknown EMS Scene Arrival Minutes,Not Applicable (Not Transported),Not Applicable (Not Transported),1,Dark - Lighted,Reduced Visibility,0,1,[],[],0,0,Valid,0.0,0.0,38.0,38.0,['Male'],0,0,2,3,4,Wet/Standing Water,Straight,Level,Lowest,No
8963,12,Florida,121497,0,2,2,0,2,NOT APPLICABLE,June,12,Monday,18,5,Urban,Medium Speed (Collector),No,28.03747778,-81.83016667,Simple Junction,Daylight,Cloudy,Unknown,Unknown,Unknown EMS Scene Arrival Hour,Unknown EMS Scene Arrival Minutes,Unknown,Unknown EMS Hospital Arrival Time,1,Daylight,Reduced Visibility,1,1,['Driver'],['None_Used'],0,0,Valid,1.0,0.0,38.0,31.0,"['Male', 'Male']",1,0,5,4,5,Dry,Straight,Level,Lowest,No
8964,12,Florida,121498,0,3,3,0,3,NOT APPLICABLE,June,13,Tuesday,7,5,Urban,High Speed (Arterial),Yes,29.08406111,-82.25212222,Complex/Circle,Daylight,Clear,Unknown,Unknown,Unknown EMS Scene Arrival Hour,Unknown EMS Scene Arrival Minutes,Unknown,Unknown EMS Hospital Arrival Time,1,Daylight,Clear,1,2,['Driver'],['None_Used'],0,0,Valid,0.0,1.0,83.0,38.0,"['Male', 'Female', 'Male']",0,0,3,4,5,Dry,Straight,Level,Lowest,No
8965,12,Florida,121499,0,2,2,0,2,ORLANDO,June,12,Monday,10,39,Rural,High Speed (Arterial),No,28.50495833,-81.45913611,Complex/Circle,Daylight,Clear,Unknown,Unknown,Unknown EMS Scene Arrival Hour,Unknown EMS Scene Arrival Minutes,Not Applicable (Not Transported),Not Applicable (Not Transported),1,Daylight,Clear,1,1,['Driver'],['None_Used'],0,0,Valid,0.0,0.0,71.0,34.0,"['Male', 'Female']",0,0,5,4,5,Dry,Straight,Level,Lowest,No
8966,12,Florida,121500,1,1,1,0,1,NORTH MIAMI,June,13,Tuesday,22,58,Urban,Medium Speed (Collector),No,25.90897222,-80.187325,Non-Intersection,Dark - Lighted,Clear,Unknown,Unknown,Unknown EMS Scene Arrival Hour,Unknown EMS Scene Arrival Minutes,Not Applicable (Not Transported),Not Applicable (Not Transported),1,Dark - Lighted,Clear,0,1,[],[],0,0,Valid,0.0,0.0,29.0,29.0,['Male'],0,0,2,2,4,Dry,Straight,Level,Lowest,No
8967,12,Florida,121501,1,1,1,0,1,NOT APPLICABLE,June,12,Monday,2,56,Urban,High Speed (Arterial),Yes,28.19943056,-82.73971944,Non-Intersection,Dark - Lighted,Clear,Unknown,Unknown,Unknown EMS Scene Arrival Hour,Unknown EMS Scene Arrival Minutes,Not Applicable (Not Transported),Not Applicable (Not Transported),1,Dark - Lighted,Clear,0,1,[],[],0,0,Valid,0.0,0.0,62.0,62.0,['Male'],0,0,2,4,4,Dry,Straight,Level,Lowest,No
8968,12,Florida,121502,1,1,1,0,2,NOT APPLICABLE,June,8,Thursday,20,5,Urban,High Speed (Arterial),Yes,26.47796389,-80.122475,Simple Junction,Dusk,Cloudy,Unknown,Unknown,Unknown EMS Scene Arrival Hour,Unknown EMS Scene Arrival Minutes,Unknown,Unknown EMS Hospital Arrival Time,1,Twilight,Reduced Visibility,0,2,[],[],0,0,Invalid,0.0,0.0,70.0,70.0,['Female'],0,0,2,4,4,Wet/Standing Water,Straight,Level,Lowest,No
8969,12,Florida,121503,0,1,1,0,1,BONITA SPRINGS,June,12,Monday,20,50,Urban,Medium Speed (Collector),No,26.36612222,-81.85610556,Non-Intersection,Dark - Not Lighted,Clear,Unknown,Unknown,Unknown EMS Scene Arrival Hour,Unknown EMS Scene Arrival Minutes,Unknown,Unknown EMS Hospital Arrival Time,1,Dark - Unlighted,Clear,1,0,['Driver'],['None_Used'],0,0,Valid,0.0,0.0,55.0,55.0,['Male'],0,0,2,4,3,Dry,Straight,Level,Lowest,No
8970,12,Florida,121504,1,1,1,0,1,TAMPA,May,29,Monday,11,51,Urban,Medium Speed (Collector),No,27.99823333,-82.50096389,Non-Intersection,Daylight,Clear,Unknown,Unknown,Unknown EMS Scene Arrival Hour,Unknown EMS Scene Arrival Minutes,Unknown,Unknown EMS Hospital Arrival Time,1,Daylight,Clear,0,1,[],[],0,0,Valid,0.0,0.0,37.0,37.0,['Male'],0,0,1,2,4,Dry,Straight,Level,Lowest,No
8971,12,Florida,121505,0,2,2,0,2,INDIANTOWN,June,10,Saturday,16,42,Rural,Low Speed (Local),No,27.0083,-80.44910556,Complex/Circle,Daylight,Clear,Unknown,Unknown,Unknown EMS Scene Arrival Hour,Unknown EMS Scene Arrival Minutes,Unknown,Unknown EMS Hospital Arrival Time,1,Daylight,Clear,1,1,['Driver'],['Shoulder_Lapbelt'],0,0,Valid,0.0,2.0,85.0,34.0,"['Female', 'Male']",0,0,3,4,5,Dry,Straight,Level,Lowest,No
8972,12,Florida,121506,1,1,1,0,1,POMPANO BEACH,May,31,Wednesday,11,35,Urban,Medium Speed (Collector),No,26.23190833,-80.09492778,Simple Junction,Daylight,Cloudy,Unknown,Unknown,Unknown EMS Scene Arrival Hour,Unknown EMS Scene Arrival Minutes,Unknown,Unknown EMS Hospital Arrival Time,1,Daylight,Reduced Visibility,0,1,[],[],0,0,Valid,0.0,0.0,48.0,48.0,['Female'],0,0,3,4,4,Dry,Straight,Level,Lowest,No
8973,12,Florida,121507,0,1,1,0,1,NORTH PORT,June,12,Monday,20,37,Urban,High Speed (Arterial),Yes,27.07229167,-82.15578611,Non-Intersection,Dusk,Clear,Unknown,Unknown,Unknown EMS Scene Arrival Hour,Unknown EMS Scene Arrival Minutes,Unknown,Unknown EMS Hospital Arrival Time,1,Twilight,Clear,1,0,['Driver'],['None_Used'],1,1,Valid,0.0,1.0,42.0,42.0,['Female'],0,0,3,4,3,Dry,Straight,Level,Lowest,No
8974,12,Florida,121508,0,1,1,0,1,OCALA,June,14,Wednesday,2,45,Urban,High Speed (Arterial),Yes,29.09239444,-82.18488333,Non-Intersection,Dark - Not Lighted,Clear,Unknown,Unknown,Unknown EMS Scene Arrival Hour,Unknown EMS Scene Arrival Minutes,Not Applicable (Not Transported),Not Applicable (Not Transported),1,Dark - Unlighted,Clear,1,0,['Driver'],['None_Used'],0,0,Valid,0.0,1.0,26.0,26.0,['Male'],0,0,2,4,2,Oil/Contaminated,Straight,Level,Lowest,No
8975,12,Florida,121509,0,2,2,0,4,NOT APPLICABLE,June,5,Monday,20,52,Rural,Medium Speed (Collector),No,28.12165278,-82.29576667,Non-Intersection,Dark - Not Lighted,Clear,Unknown,Unknown,Unknown EMS Scene Arrival Hour,Unknown EMS Scene Arrival Minutes,Unknown,Unknown EMS Hospital Arrival Time,2,Dark - Unlighted,Clear,2,2,"['Driver', 'Driver']","['Shoulder_Lapbelt', 'Shoulder_Lapbelt']",1,1,Valid,0.0,0.0,50.0,26.0,"['Male', 'Female']",1,0,2,4,5,Dry,Straight,Level,Lowest,No
8976,12,Florida,121510,0,2,2,0,2,NOT APPLICABLE,June,11,Sunday,9,0,Rural,Medium Speed (Collector),No,29.9527,-82.35298056,Non-Intersection,Daylight,Clear,Unknown,Unknown,Unknown EMS Scene Arrival Hour,Unknown EMS Scene Arrival Minutes,Unknown,Unknown EMS Hospital Arrival Time,1,Daylight,Clear,1,1,['Driver'],['Shoulder_Lapbelt'],0,0,Valid,0.0,0.0,73.0,38.0,"['Female', 'Male']",0,0,2,4,5,Dry,Curve,Level,Lowest,No
8977,12,Florida,121511,0,2,2,0,2,NOT APPLICABLE,June,11,Sunday,0,35,Rural,High Speed (Arterial),Yes,27.48498889,-81.97683333,Non-Intersection,Dark - Not Lighted,Clear,Unknown,Unknown,Unknown EMS Scene Arrival Hour,Unknown EMS Scene Arrival Minutes,Unknown,Unknown EMS Hospital Arrival Time,1,Dark - Unlighted,Clear,1,1,['Driver'],['None_Used'],1,1,Valid,0.0,1.0,53.0,37.0,"['Male', 'Male']",0,0,3,4,5,Dry,Straight,Level,Lowest,No
8978,12,Florida,121512,0,1,1,0,1,WILDWOOD,June,15,Thursday,5,42,Rural,High Speed (Arterial),Yes,28.85144444,-82.08489167,Non-Intersection,Dark - Not Lighted,Cloudy,5:00am-5:59am,47,5:00am-5:59am,56,Not Applicable (Not Transported),Not Applicable (Not Transported),1,Dark - Unlighted,Reduced Visibility,1,0,['Driver'],['None_Used'],0,0,Valid,1.0,0.0,40.0,40.0,['Male'],0,0,2,4,3,Wet/Standing Water,Straight,Level,Lowest,No
8979,12,Florida,121513,1,1,1,0,1,DELAND,June,14,Wednesday,12,49,Urban,Medium Speed (Collector),Yes,29.04556389,-81.303975,Non-Intersection,Daylight,Clear,Unknown,Unknown,Unknown EMS Scene Arrival Hour,Unknown EMS Scene Arrival Minutes,Not Applicable (Not Transported),Not Applicable (Not Transported),1,Daylight,Clear,0,1,[],[],0,0,Valid,0.0,0.0,50.0,50.0,['Female'],0,0,3,2,4,Dry,Straight,Level,Lowest,No
8980,12,Florida,121514,0,2,2,0,3,MIAMI,June,13,Tuesday,15,34,Rural,Low Speed (Local),No,25.79048611,-80.24376389,Complex/Circle,Daylight,Clear,Unknown,Unknown,Unknown EMS Scene Arrival Hour,Unknown EMS Scene Arrival Minutes,Unknown,Unknown EMS Hospital Arrival Time,1,Daylight,Clear,1,2,['Rear_Seat'],['None_Used'],0,0,Invalid,1.0,0.0,61.0,29.0,"['Female', 'Female']",0,0,5,4,5,Dry,Straight,Level,Lowest,No
8981,12,Florida,121515,1,1,1,0,1,NOT APPLICABLE,June,18,Sunday,6,0,Urban,Medium Speed (Collector),No,28.54886389,-82.50006944,Non-Intersection,Dusk,Cloudy,Unknown,Unknown,6:00am-6:59am,25,Not Applicable (Not Transported),Not Applicable (Not Transported),1,Twilight,Reduced Visibility,0,1,[],[],0,0,Valid,0.0,1.0,27.0,27.0,['Male'],0,0,2,4,4,Wet/Standing Water,Straight,Grade/Hillcrest,Lowest,No
8982,12,Florida,121516,0,1,1,0,2,NOT APPLICABLE,June,17,Saturday,14,12,Rural,High Speed (Arterial),Yes,29.57661944,-82.5483,Non-Intersection,Daylight,Cloudy,Unknown,Unknown,Unknown EMS Scene Arrival Hour,Unknown EMS Scene Arrival Minutes,Unknown,Unknown EMS Hospital Arrival Time,1,Daylight,Reduced Visibility,1,1,['Rear_Seat'],['None_Used'],0,0,Valid,0.0,0.0,69.0,69.0,['Male'],2,0,5,4,4,Wet/Standing Water,Straight,Level,Lowest,No
8983,12,Florida,121517,0,3,3,0,5,NOT APPLICABLE,June,9,Friday,5,30,Rural,Medium Speed (Collector),No,28.44505556,-81.83344444,Non-Intersection,Dark - Not Lighted,Clear,Unknown,Unknown,Unknown EMS Scene Arrival Hour,Unknown EMS Scene Arrival Minutes,Unknown,Unknown EMS Hospital Arrival Time,3,Dark - Unlighted,Clear,3,2,"['Driver', 'Front_Passenger', 'Rear_Seat']","['None_Used', 'None_Used', 'None_Used']",0,0,Valid,0.0,1.0,57.0,21.0,"['Female', 'Male', 'Male']",0,0,4,4,5,Dry,Straight,Level,Lowest,No
8984,12,Florida,121518,0,1,1,0,1,NOT APPLICABLE,June,15,Thursday,3,17,Urban,Medium Speed (Collector),No,27.61024722,-80.49614167,Non-Intersection,Dark - Not Lighted,Clear,Unknown,Unknown,Unknown EMS Scene Arrival Hour,Unknown EMS Scene Arrival Minutes,Not Applicable (Not Transported),Not Applicable (Not Transported),1,Dark - Unlighted,Clear,1,0,['Driver'],['None_Used'],1,1,Valid,0.0,0.0,35.0,35.0,['Female'],1,0,3,4,3,Dry,Straight,Level,Lowest,Yes
8985,12,Florida,121519,1,1,1,0,2,LAKELAND,June,19,Monday,16,14,Urban,Medium Speed (Collector),No,28.02578056,-81.91914167,Simple Junction,Daylight,Clear,Unknown,Unknown,Unknown EMS Scene Arrival Hour,Unknown EMS Scene Arrival Minutes,Not Applicable (Not Transported),Not Applicable (Not Transported),1,Daylight,Clear,0,2,[],[],1,1,Invalid,0.0,0.0,27.0,27.0,['Male'],0,0,3,4,3,Dry,Straight,Level,Lowest,No
8986,12,Florida,121521,0,2,2,0,3,NOT APPLICABLE,June,13,Tuesday,12,15,Rural,High Speed (Arterial),Yes,27.91986667,-80.99599722,Non-Intersection,Daylight,Clear,Unknown,Unknown,Unknown EMS Scene Arrival Hour,Unknown EMS Scene Arrival Minutes,Unknown,Unknown EMS Hospital Arrival Time,1,Daylight,Clear,1,2,['Driver'],['Shoulder_Lapbelt'],0,0,Valid,1.0,0.0,84.0,55.0,"['Male', 'Male']",0,0,4,4,5,Dry,Straight,Level,Lowest,No
8987,12,Florida,121522,1,1,1,0,1,DELRAY BEACH,June,17,Saturday,0,12,Urban,High Speed (Arterial),Yes,26.46170833,-80.07709167,Non-Intersection,Dark - Lighted,Clear,Unknown,Unknown,Unknown EMS Scene Arrival Hour,Unknown EMS Scene Arrival Minutes,Not Applicable (Not Transported),Not Applicable (Not Transported),1,Dark - Lighted,Clear,0,1,[],[],0,0,Invalid,0.0,0.0,998.0,998.0,['Other'],0,0,1,1,4,Dry,Straight,Level,Lowest,No
8988,12,Florida,121523,0,3,3,0,3,DEERFIELD BEACH,June,17,Saturday,11,20,Urban,High Speed (Arterial),Yes,26.30541667,-80.16127778,Complex/Circle,Daylight,Clear,Unknown,Unknown,Unknown EMS Scene Arrival Hour,Unknown EMS Scene Arrival Minutes,Unknown,Unknown EMS Hospital Arrival Time,1,Daylight,Clear,1,2,['Driver'],['None_Used'],0,0,Valid,0.0,2.0,53.0,26.0,"['Male', 'Female', 'Male']",0,0,5,4,5,Dry,Straight,Level,Lowest,No
8989,12,Florida,121524,0,2,2,0,3,NOT APPLICABLE,June,11,Sunday,17,56,Urban,Medium Speed (Collector),No,27.13840556,-82.44555833,Simple Junction,Daylight,Clear,Unknown,Unknown,Unknown EMS Scene Arrival Hour,Unknown EMS Scene Arrival Minutes,Unknown,Unknown EMS Hospital Arrival Time,1,Daylight,Clear,1,2,['Driver'],['Shoulder_Lapbelt'],1,1,Valid,0.0,0.0,61.0,22.0,"['Female', 'Male']",0,0,2,4,5,Dry,Straight,Level,Lowest,No
8990,12,Florida,121525,0,1,1,0,1,NOT APPLICABLE,June,15,Thursday,2,0,Rural,Low Speed (Local),No,28.17703889,-81.31748889,Non-Intersection,Dark - Not Lighted,Clear,Unknown,Unknown,Unknown EMS Scene Arrival Hour,Unknown EMS Scene Arrival Minutes,Not Applicable (Not Transported),Not Applicable (Not Transported),1,Dark - Unlighted,Clear,1,0,['Driver'],['Shoulder_Lapbelt'],0,0,Valid,0.0,0.0,23.0,23.0,['Male'],0,0,2,4,3,Dry,Straight,Level,Lowest,No
8991,12,Florida,121526,0,2,2,0,3,NOT APPLICABLE,June,16,Friday,15,52,Urban,Medium Speed (Collector),No,28.50173889,-81.40106111,Non-Intersection,Daylight,Clear,Unknown,Unknown,Unknown EMS Scene Arrival Hour,Unknown EMS Scene Arrival Minutes,Unknown,Unknown EMS Hospital Arrival Time,1,Daylight,Clear,1,2,['Driver'],['Shoulder_Lapbelt'],0,0,Invalid,0.0,0.0,57.0,57.0,"['Male', 'Male']",0,0,3,4,5,Dry,Straight,Level,Lowest,No
8992,12,Florida,121527,0,2,2,0,5,TALLAHASSEE,June,10,Saturday,3,29,Urban,Medium Speed (Collector),No,30.456125,-84.31766667,Non-Intersection,Dark - Lighted,Clear,Unknown,Unknown,Unknown EMS Scene Arrival Hour,Unknown EMS Scene Arrival Minutes,Unknown,Unknown EMS Hospital Arrival Time,1,Dark - Lighted,Clear,1,4,['Driver'],['Shoulder_Lapbelt'],1,1,Invalid,0.0,0.0,34.0,25.0,"['Male', 'Male']",4,0,2,4,5,Dry,Straight,Level,Lowest,No
8993,12,Florida,121529,0,2,1,1,1,CAPE CORAL,June,18,Sunday,21,4,Urban,Medium Speed (Collector),No,26.69686389,-81.98205,Non-Intersection,Dark - Not Lighted,Clear,Unknown,Unknown,Unknown EMS Scene Arrival Hour,Unknown EMS Scene Arrival Minutes,Unknown,Unknown EMS Hospital Arrival Time,1,Dark - Unlighted,Clear,1,0,['Driver'],['None_Used'],1,1,Valid,0.0,0.0,59.0,59.0,['Male'],0,0,2,4,5,Dry,Straight,Level,Lowest,No
8994,12,Florida,121530,0,2,2,0,3,KISSIMMEE,June,18,Sunday,21,57,Urban,Medium Speed (Collector),No,28.30425,-81.35373611,Non-Intersection,Dark - Not Lighted,Clear,Unknown,Unknown,Unknown EMS Scene Arrival Hour,Unknown EMS Scene Arrival Minutes,Unknown,Unknown EMS Hospital Arrival Time,1,Dark - Unlighted,Clear,1,2,['Driver'],['None_Used'],0,0,Valid,1.0,0.0,40.0,31.0,"['Male', 'Male']",0,0,5,4,5,Dry,Straight,Level,Lowest,No
8995,12,Florida,121531,0,5,5,0,9,NOT APPLICABLE,June,14,Wednesday,11,17,Rural,Medium Speed (Collector),No,27.15469722,-81.96739167,Non-Intersection,Daylight,Clear,Unknown,Unknown,Unknown EMS Scene Arrival Hour,Unknown EMS Scene Arrival Minutes,Unknown,Unknown EMS Hospital Arrival Time,1,Daylight,Clear,1,8,['Driver'],['Shoulder_Lapbelt'],0,0,Valid,0.0,0.0,54.0,41.0,"['Male', 'Female', 'Female', 'Male', 'Male']",0,0,3,4,5,Dry,Straight,Level,Lowest,Yes
8996,12,Florida,121532,0,2,2,0,4,JACKSONVILLE,June,20,Tuesday,1,34,Urban,Medium Speed (Collector),No,30.34811111,-81.60275833,Complex/Circle,Dark - Lighted,Clear,Unknown,Unknown,Unknown EMS Scene Arrival Hour,Unknown EMS Scene Arrival Minutes,Unknown,Unknown EMS Hospital Arrival Time,2,Dark - Lighted,Clear,2,2,"['Driver', 'Front_Passenger']","['Shoulder_Lapbelt', 'Shoulder_Lapbelt']",1,1,Valid,1.0,1.0,31.0,24.0,"['Male', 'Male']",0,0,2,4,5,Dry,Straight,Level,Lowest,No
8997,12,Florida,121533,0,1,1,0,1,TALLAHASSEE,June,17,Saturday,23,14,Urban,High Speed (Arterial),Yes,30.38343056,-84.3077,Simple Junction,Dark - Not Lighted,Clear,Unknown,Unknown,Unknown EMS Scene Arrival Hour,Unknown EMS Scene Arrival Minutes,Unknown,Unknown EMS Hospital Arrival Time,1,Dark - Unlighted,Clear,1,0,['Driver'],['None_Used'],0,0,Valid,0.0,1.0,28.0,28.0,['Male'],0,0,5,4,3,Dry,Straight,Level,Lowest,No
8998,12,Florida,121535,0,1,1,0,1,NOT APPLICABLE,June,20,Tuesday,16,44,Urban,High Speed (Arterial),Yes,26.67705833,-80.08178056,Non-Intersection,Daylight,Rain,Unknown,Unknown,Unknown EMS Scene Arrival Hour,Officially Cancelled,Unknown,Officially Canceled,1,Daylight,Rain/Wind/Minor,1,0,['Driver'],['None_Used'],0,0,Valid,1.0,0.0,28.0,28.0,['Male'],1,0,3,4,3,Wet/Standing Water,Curve,Grade/Hillcrest,Lowest,Yes
8999,12,Florida,121536,1,1,1,0,1,NOT APPLICABLE,June,7,Wednesday,20,34,Urban,Medium Speed (Collector),No,25.67040833,-80.42789444,Non-Intersection,Dark - Lighted,Clear,Unknown,Unknown,Unknown EMS Scene Arrival Hour,Unknown EMS Scene Arrival Minutes,Not Applicable (Not Transported),Not Applicable (Not Transported),1,Dark - Lighted,Clear,0,1,[],[],0,0,Valid,1.0,0.0,40.0,40.0,['Male'],0,0,3,2,4,Wet/Standing Water,Straight,Level,Lowest,No
9000,12,Florida,121537,0,1,1,0,2,NOT APPLICABLE,June,11,Sunday,20,44,Urban,Medium Speed (Collector),No,25.72904444,-80.42028611,Non-Intersection,Dark - Lighted,Clear,Unknown,Unknown,Unknown EMS Scene Arrival Hour,Unknown EMS Scene Arrival Minutes,Unknown,Unknown EMS Hospital Arrival Time,1,Dark - Lighted,Clear,1,1,['Driver'],['Shoulder_Lapbelt'],0,0,Invalid,0.0,0.0,25.0,25.0,['Male'],0,0,3,4,3,Dry,Straight,Level,Lowest,No
9001,12,Florida,121538,5,2,1,1,1,JACKSONVILLE,June,20,Tuesday,10,45,Urban,High Speed (Arterial),Yes,30.33216944,-81.67351389,Non-Intersection,Daylight,Rain,Unknown,Unknown,Unknown EMS Scene Arrival Hour,Unknown EMS Scene Arrival Minutes,Unknown,Unknown EMS Hospital Arrival Time,1,Daylight,Rain/Wind/Minor,0,1,[],[],0,0,Invalid,0.0,0.0,31.0,31.0,['Male'],0,0,2,3,4,Wet/Standing Water,Straight,Level,Lowest,No
9002,12,Florida,121539,0,3,2,1,3,VERO BEACH,June,12,Monday,14,23,Rural,Low Speed (Local),No,27.64001944,-80.38332222,Complex/Circle,Daylight,Clear,Unknown,Unknown,Unknown EMS Scene Arrival Hour,Unknown EMS Scene Arrival Minutes,Unknown,Unknown EMS Hospital Arrival Time,1,Daylight,Clear,1,2,['Driver'],['Shoulder_Lapbelt'],0,0,Invalid,0.0,0.0,91.0,30.0,"['Female', 'Male']",0,0,3,4,5,Dry,Straight,Level,Lowest,No
9003,12,Florida,121540,1,1,1,0,1,NOT APPLICABLE,June,11,Sunday,21,40,Rural,Medium Speed (Collector),No,27.04410278,-80.24559167,Non-Intersection,Dark - Not Lighted,Clear,Unknown,Unknown,Unknown EMS Scene Arrival Hour,Unknown EMS Scene Arrival Minutes,Unknown,Unknown EMS Hospital Arrival Time,1,Dark - Unlighted,Clear,0,1,[],[],0,0,Invalid,0.0,0.0,52.0,52.0,['Other'],0,0,3,2,4,Dry,Straight,Level,Lowest,No
9004,12,Florida,121541,0,2,2,0,3,NOT APPLICABLE,June,12,Monday,13,0,Urban,High Speed (Arterial),Yes,29.66982778,-81.58931389,Complex/Circle,Daylight,Clear,Unknown,Unknown,Unknown EMS Scene Arrival Hour,Unknown EMS Scene Arrival Minutes,Unknown,Unknown EMS Hospital Arrival Time,1,Daylight,Clear,1,2,['Driver'],['Shoulder_Lapbelt'],0,0,Invalid,1.0,0.0,76.0,19.0,"['Female', 'Male']",0,0,3,4,5,Dry,Straight,Level,Lowest,No
9005,12,Florida,121542,0,2,2,0,2,MELBOURNE,June,16,Friday,17,13,Urban,High Speed (Arterial),Yes,28.11608333,-80.62316389,Complex/Circle,Daylight,Cloudy,Unknown,Unknown,Unknown EMS Scene Arrival Hour,Unknown EMS Scene Arrival Minutes,Unknown,Unknown EMS Hospital Arrival Time,1,Daylight,Reduced Visibility,1,1,['Driver'],['None_Used'],0,0,Invalid,0.0,0.0,24.0,23.0,"['Male', 'Male']",0,0,3,4,5,Dry,Straight,Level,Lowest,No
9006,12,Florida,121543,1,1,1,0,3,NOT APPLICABLE,June,20,Tuesday,6,10,Urban,Medium Speed (Collector),No,30.46765556,-87.23983056,Non-Intersection,Dawn,Clear,Unknown,Unknown,Unknown EMS Scene Arrival Hour,Unknown EMS Scene Arrival Minutes,Unknown,Unknown EMS Hospital Arrival Time,1,Twilight,Clear,0,3,[],[],0,0,Valid,0.0,0.0,27.0,27.0,['Female'],0,0,3,3,4,Dry,Straight,Level,Lowest,No
9007,12,Florida,121544,0,1,1,0,1,HIALEAH,June,18,Sunday,4,5,Rural,High Speed (Arterial),No,25.86985833,-80.26699444,Complex/Circle,Dark - Lighted,Clear,Unknown,Unknown,Unknown EMS Scene Arrival Hour,Unknown EMS Scene Arrival Minutes,Unknown,Unknown EMS Hospital Arrival Time,1,Dark - Lighted,Clear,1,0,['Driver'],['Shoulder_Lapbelt'],0,0,Valid,0.0,0.0,58.0,58.0,['Male'],0,0,2,4,2,Dry,Straight,Level,Lowest,No
9008,12,Florida,121545,0,1,1,0,1,NOT APPLICABLE,June,17,Saturday,13,30,Rural,Medium Speed (Collector),No,30.45586111,-83.199,Non-Intersection,Daylight,Cloudy,Unknown,Unknown,Unknown EMS Scene Arrival Hour,Unknown EMS Scene Arrival Minutes,Not Applicable (Not Transported),Not Applicable (Not Transported),1,Daylight,Reduced Visibility,1,0,['Driver'],['None_Used'],0,0,Valid,0.0,0.0,60.0,60.0,['Female'],0,0,3,4,3,Dry,Straight,Level,Lowest,No
9009,12,Florida,121546,0,1,1,0,1,NOT APPLICABLE,June,10,Saturday,22,40,Rural,High Speed (Arterial),Yes,29.94114444,-81.43043611,Non-Intersection,Dark - Lighted,Clear,Unknown,Unknown,Unknown EMS Scene Arrival Hour,Unknown EMS Scene Arrival Minutes,Unknown,Unknown EMS Hospital Arrival Time,1,Dark - Lighted,Clear,1,0,['Driver'],['None_Used'],1,1,Valid,1.0,0.0,30.0,30.0,['Male'],0,0,3,4,3,Dry,Straight,Level,Lowest,No
9010,12,Florida,121547,0,2,2,0,2,HIALEAH,June,16,Friday,19,22,Urban,High Speed (Arterial),Yes,25.90023056,-80.32448611,Non-Intersection,Dusk,Clear,Unknown,Unknown,Unknown EMS Scene Arrival Hour,Unknown EMS Scene Arrival Minutes,Unknown,Unknown EMS Hospital Arrival Time,1,Twilight,Clear,1,1,['Driver'],['None_Used'],0,0,Invalid,0.0,0.0,999.0,50.0,"['Other', 'Male']",0,0,5,4,5,Dry,Curve,Level,Lowest,No
9011,12,Florida,121548,0,2,2,0,2,NOT APPLICABLE,June,17,Saturday,4,26,Urban,High Speed (Arterial),Yes,26.70755833,-80.14136111,Complex/Circle,Dark - Lighted,Clear,Unknown,Unknown,Unknown EMS Scene Arrival Hour,Unknown EMS Scene Arrival Minutes,Unknown,Unknown EMS Hospital Arrival Time,1,Dark - Lighted,Clear,1,1,['Driver'],['None_Used'],1,1,Valid,1.0,0.0,39.0,34.0,"['Male', 'Male']",0,0,5,4,5,Dry,Straight,Level,Lowest,No