,State_Code,State_Name,Crash_ID,Count_Non_Motorists,Count_Vehicles_Total,Count_Vehicle_Forms,Count_PVH_Involved,Count_Occupants_MV,City_Name,Month_Name,Day_of_Month,Day_of_Week,Crash_Hour,Crash_Minute,Area_Rural_Urban,Road_Functional_Class,On_NHS_Road,Latitude,Longitude,Intersection_Type,Light_Condition,Weather_Condition,Notif_Hour,Notif_Minute,Arrival_Hour,Arrival_Minute,Hospital_Hour,Hospital_Minute,Fatalities_Count,Clean_Light_Condition,Clean_Weather_Condition,Total_Killed,Total_Alive,Fatal_Seats_List,Killed_Restraint_List,Any_Driver_Drinking,Total_Drinking_Drivers,Driver_License_Category,Driver_Max_Prev_Accident_Count,Driver_Max_Prev_Speeding_Count,Max_Driver_Age,Min_Driver_Age,Driver_Sex_List,Total_Exceeding_Limit_Vehicles,Total_Too_Fast_Vehicles,Max_Vehicle_Type_Severity_5,Max_Vehicle_Damage_Rank,Max_Harmful_Event_Severity,Crash_Road_Surface_Condition,Crash_Horizontal_Alignment,Crash_Vertical_Profile,Crash_Impairment_Category,Crash_Vehicle_Defect
9012,12,Florida,121549,0,1,1,0,1,NOT APPLICABLE,June,17,Saturday,2,43,Urban,High Speed (Arterial),Yes,30.16367778,-81.74740278,Non-Intersection,Dark - Lighted,Cloudy,Unknown,Unknown,Unknown EMS Scene Arrival Hour,Unknown EMS Scene Arrival Minutes,Unknown,Unknown EMS Hospital Arrival Time,1,Dark - Lighted,Reduced Visibility,1,0,['Driver'],['None_Used'],0,0,Valid,0.0,0.0,32.0,32.0,['Male'],0,0,5,4,3,Dry,Straight,Level,Lowest,No
9013,12,Florida,121550,0,2,2,0,3,NOT APPLICABLE,June,21,Wednesday,17,3,Rural,High Speed (Arterial),Yes,30.71175556,-86.75836667,Complex/Circle,Daylight,Rain,Unknown,Unknown,Unknown EMS Scene Arrival Hour,Unknown EMS Scene Arrival Minutes,Unknown,Unknown EMS Hospital Arrival Time,1,Daylight,Rain/Wind/Minor,1,2,['Front_Passenger'],['None_Used'],0,0,Valid,0.0,1.0,69.0,34.0,"['Female', 'Male']",0,0,3,4,5,Wet/Standing Water,Straight,Level,Lowest,No
9014,12,Florida,121551,1,2,2,0,2,WESTON,June,18,Sunday,3,15,Urban,High Speed (Arterial),Yes,26.09390556,-80.36360278,Non-Intersection,Dark - Lighted,Cloudy,Unknown,Unknown,Unknown EMS Scene Arrival Hour,Officially Cancelled,Unknown,Officially Canceled,1,Dark - Lighted,Reduced Visibility,0,2,[],[],0,0,Invalid,0.0,0.0,999.0,999.0,"['Other', 'Other']",0,0,1,0,4,Wet/Standing Water,Curve,Level,Lowest,No
9015,12,Florida,121552,0,3,3,0,3,JACKSONVILLE,June,21,Wednesday,23,25,Urban,High Speed (Arterial),Yes,30.24573611,-81.60146111,Complex/Circle,Dark - Lighted,Cloudy,Unknown,Unknown,Unknown EMS Scene Arrival Hour,Unknown EMS Scene Arrival Minutes,Unknown,Unknown EMS Hospital Arrival Time,1,Dark - Lighted,Reduced Visibility,1,2,['Driver'],['None_Used'],1,1,Valid,0.0,1.0,63.0,46.0,"['Female', 'Male', 'Female']",0,0,5,4,5,Dry,Straight,Level,Lowest,No
9016,12,Florida,121553,0,2,2,0,3,NOT APPLICABLE,June,14,Wednesday,2,30,Rural,High Speed (Arterial),Yes,29.57236111,-82.35226944,Non-Intersection,Dark - Not Lighted,Clear,Unknown,Unknown,Unknown EMS Scene Arrival Hour,Unknown EMS Scene Arrival Minutes,Unknown,Unknown EMS Hospital Arrival Time,1,Dark - Unlighted,Clear,1,2,['Driver'],['Shoulder_Lapbelt'],0,0,Valid,0.0,1.0,55.0,34.0,"['Male', 'Male']",0,0,4,4,5,Dry,Straight,Level,Lowest,Yes
9017,12,Florida,121554,0,1,1,0,1,NOT APPLICABLE,January,26,Thursday,21,16,Urban,Medium Speed (Collector),No,27.89375556,-82.69,Non-Intersection,Dark - Lighted,Clear,Unknown,Unknown,Unknown EMS Scene Arrival Hour,Unknown EMS Scene Arrival Minutes,Unknown,Unknown EMS Hospital Arrival Time,1,Dark - Lighted,Clear,1,0,['Driver'],['None_Used'],0,0,Valid,0.0,1.0,19.0,19.0,['Male'],0,0,5,3,3,Dry,Curve,Grade/Hillcrest,Lowest,No
9018,12,Florida,121556,0,1,1,0,1,NOT APPLICABLE,February,4,Saturday,21,0,Urban,Medium Speed (Collector),No,28.89850833,-82.37782222,Non-Intersection,Dark - Not Lighted,Clear,9:00pm-9:59pm,2,9:00pm-9:59pm,2,Not Applicable (Not Transported),Not Applicable (Not Transported),1,Dark - Unlighted,Clear,1,0,['Driver'],['None_Used'],0,0,Valid,0.0,0.0,55.0,55.0,['Male'],0,0,5,4,3,Dry,Straight,Level,Lowest,No
9019,12,Florida,121558,0,2,2,0,2,NOT APPLICABLE,April,7,Friday,23,48,Rural,High Speed (Arterial),Yes,25.62498611,-80.47970278,Non-Intersection,Dark - Lighted,Clear,Unknown,Unknown,Unknown EMS Scene Arrival Hour,Unknown EMS Scene Arrival Minutes,Unknown,Unknown EMS Hospital Arrival Time,1,Dark - Lighted,Clear,1,1,['Driver'],['None_Used'],0,0,Valid,0.0,0.0,44.0,19.0,"['Male', 'Male']",0,0,5,4,5,Dry,Straight,Level,Lowest,No
9020,12,Florida,121559,2,1,1,0,4,SAINT PETERSBURG,June,3,Saturday,17,30,Urban,High Speed (Arterial),Yes,27.77120278,-82.63709722,Complex/Circle,Daylight,Cloudy,Unknown,Unknown,Unknown EMS Scene Arrival Hour,Unknown EMS Scene Arrival Minutes,Unknown,Unknown EMS Hospital Arrival Time,1,Daylight,Reduced Visibility,0,4,[],[],0,0,Valid,0.0,1.0,23.0,23.0,['Female'],0,0,3,2,4,Dry,Straight,Level,Lowest,No
9021,12,Florida,121560,1,1,1,0,1,NOT APPLICABLE,June,14,Wednesday,17,8,Rural,Medium Speed (Collector),No,26.528025,-80.18884444,Complex/Circle,Daylight,Clear,Unknown,Unknown,Unknown EMS Scene Arrival Hour,Unknown EMS Scene Arrival Minutes,Unknown,Unknown EMS Hospital Arrival Time,1,Daylight,Clear,0,1,[],[],0,0,Valid,0.0,0.0,61.0,61.0,['Female'],0,0,3,2,4,Dry,Straight,Level,Lowest,No
9022,12,Florida,121561,1,1,1,0,1,TAMPA,June,22,Thursday,6,33,Urban,High Speed (Arterial),Yes,27.95207222,-82.50555,Complex/Circle,Dark - Lighted,Clear,Unknown,Unknown,Unknown EMS Scene Arrival Hour,Unknown EMS Scene Arrival Minutes,Not Applicable (Not Transported),Not Applicable (Not Transported),1,Dark - Lighted,Clear,0,1,[],[],0,0,Valid,0.0,0.0,53.0,53.0,['Male'],0,0,3,3,4,Dry,Straight,Level,Lowest,No
9023,12,Florida,121562,1,2,2,0,2,NOT APPLICABLE,June,16,Friday,5,25,Urban,High Speed (Arterial),Yes,27.98138889,-82.37305,Complex/Circle,Dark - Lighted,Clear,Unknown,Unknown,Unknown EMS Scene Arrival Hour,Unknown EMS Scene Arrival Minutes,Unknown,Unknown EMS Hospital Arrival Time,1,Dark - Lighted,Clear,0,2,[],[],0,0,Invalid,0.0,0.0,998.0,38.0,"['Male', 'Male']",0,0,3,3,5,Dry,Straight,Level,Lowest,No
9024,12,Florida,121563,0,1,1,0,4,NOT APPLICABLE,June,17,Saturday,16,21,Rural,Medium Speed (Collector),No,28.89830278,-82.64268889,Non-Intersection,Daylight,Rain,4:00pm-4:59pm,21,4:00pm-4:59pm,22,Unknown,Unknown EMS Hospital Arrival Time,1,Daylight,Rain/Wind/Minor,1,3,['Driver'],['None_Used'],0,0,Valid,0.0,0.0,16.0,16.0,['Male'],4,0,3,4,3,Wet/Standing Water,Curve,Grade/Hillcrest,Lowest,No
9025,12,Florida,121564,1,1,1,0,1,NOT APPLICABLE,June,20,Tuesday,21,27,Rural,Low Speed (Local),No,26.688725,-80.11177222,Non-Intersection,Dark - Lighted,Rain,Unknown,Unknown,Unknown EMS Scene Arrival Hour,Unknown EMS Scene Arrival Minutes,Unknown,Unknown EMS Hospital Arrival Time,1,Dark - Lighted,Rain/Wind/Minor,0,1,[],[],0,0,Valid,0.0,0.0,53.0,53.0,['Female'],0,0,3,3,4,Wet/Standing Water,Straight,Level,Lowest,No
9026,12,Florida,121565,1,1,1,0,2,JACKSONVILLE,June,23,Friday,20,12,Rural,High Speed (Arterial),Yes,30.286975,-81.52791667,Complex/Circle,Dusk,Rain,Unknown,Unknown,Unknown EMS Scene Arrival Hour,Unknown EMS Scene Arrival Minutes,Unknown,Unknown EMS Hospital Arrival Time,2,Twilight,Rain/Wind/Minor,1,1,['Front_Passenger'],['Shoulder_Lapbelt'],0,0,Valid,0.0,0.0,16.0,16.0,['Male'],0,0,3,2,4,Wet/Standing Water,Straight,Level,Lowest,No
9027,12,Florida,121566,0,2,2,0,2,NOT APPLICABLE,April,21,Friday,22,5,Rural,Medium Speed (Collector),No,29.99282778,-81.42994444,Non-Intersection,Dark - Not Lighted,Clear,Unknown,Unknown,Unknown EMS Scene Arrival Hour,Unknown EMS Scene Arrival Minutes,Unknown,Unknown EMS Hospital Arrival Time,1,Dark - Unlighted,Clear,1,1,['Driver'],['None_Used'],0,0,Valid,0.0,0.0,40.0,18.0,"['Female', 'Female']",0,0,2,4,5,Dry,Straight,Level,Lowest,No
9028,12,Florida,121567,1,2,2,0,1,MIAMI,June,15,Thursday,2,10,Urban,High Speed (Arterial),Yes,25.81536111,-80.20625278,Non-Intersection,Dark - Lighted,Clear,Unknown,Unknown,Unknown EMS Scene Arrival Hour,Unknown EMS Scene Arrival Minutes,Unknown,Unknown EMS Hospital Arrival Time,1,Dark - Lighted,Clear,0,1,[],[],0,0,Valid,0.0,0.0,53.0,53.0,['Male'],0,0,2,4,5,Dry,Straight,Grade/Hillcrest,Lowest,No
9029,12,Florida,121568,1,1,1,0,1,NOT APPLICABLE,June,24,Saturday,20,31,Urban,High Speed (Arterial),Yes,26.58748611,-80.09410278,Non-Intersection,Dark - Not Lighted,Rain,Unknown,Unknown,Unknown EMS Scene Arrival Hour,Unknown EMS Scene Arrival Minutes,Unknown,Unknown EMS Hospital Arrival Time,1,Dark - Unlighted,Rain/Wind/Minor,0,1,[],[],0,0,Valid,0.0,0.0,25.0,25.0,['Male'],0,0,2,3,4,Wet/Standing Water,Straight,Level,Lowest,No
9030,12,Florida,121569,0,1,1,0,1,NOT APPLICABLE,June,22,Thursday,3,5,Urban,Medium Speed (Collector),No,29.72705278,-82.62128333,Non-Intersection,Dark - Not Lighted,Rain,Unknown,Unknown,Unknown EMS Scene Arrival Hour,Unknown EMS Scene Arrival Minutes,Not Applicable (Not Transported),Not Applicable (Not Transported),1,Dark - Unlighted,Rain/Wind/Minor,1,0,['Driver'],['None_Used'],1,1,Valid,0.0,1.0,23.0,23.0,['Male'],1,0,2,4,3,Wet/Standing Water,Straight,Level,Lowest,No
9031,12,Florida,121570,0,2,2,0,2,NOT APPLICABLE,June,16,Friday,2,5,Urban,High Speed (Arterial),Yes,28.45115278,-81.22551667,Non-Intersection,Dark - Lighted,Clear,Unknown,Unknown,Unknown EMS Scene Arrival Hour,Unknown EMS Scene Arrival Minutes,Not Applicable (Not Transported),Not Applicable (Not Transported),2,Dark - Lighted,Clear,2,0,"['Driver', 'Driver']","['Shoulder_Lapbelt', 'Shoulder_Lapbelt']",0,0,Valid,0.0,0.0,29.0,27.0,"['Male', 'Male']",0,0,2,4,5,Dry,Curve,Level,Lowest,No
9032,12,Florida,121571,0,2,2,0,2,TAMPA,June,23,Friday,17,33,Urban,High Speed (Arterial),Yes,27.96440833,-82.54633889,Non-Intersection,Daylight,Cloudy,Unknown,Unknown,Unknown EMS Scene Arrival Hour,Unknown EMS Scene Arrival Minutes,Unknown,Unknown EMS Hospital Arrival Time,1,Daylight,Reduced Visibility,1,1,['Driver'],['None_Used'],0,0,Valid,0.0,0.0,59.0,53.0,"['Male', 'Male']",0,0,5,4,5,Dry,Straight,Level,Lowest,No
9033,12,Florida,121572,0,2,2,0,3,WINTER HAVEN,June,18,Sunday,20,18,Urban,Medium Speed (Collector),No,28.03903611,-81.72690556,Simple Junction,Dark - Not Lighted,Cloudy,Unknown,Unknown,Unknown EMS Scene Arrival Hour,Unknown EMS Scene Arrival Minutes,Unknown,Unknown EMS Hospital Arrival Time,2,Dark - Unlighted,Reduced Visibility,2,1,"['Driver', 'Front_Passenger']","['None_Used', 'None_Used']",1,1,Valid,0.0,0.0,64.0,18.0,"['Male', 'Male']",0,0,3,4,5,Dry,Straight,Level,Lowest,No
9034,12,Florida,121573,0,2,2,0,3,RIVIERA BEACH,June,18,Sunday,1,3,Urban,Medium Speed (Collector),No,26.77380833,-80.070825,Complex/Circle,Dark - Lighted,Clear,Unknown,Unknown,Unknown EMS Scene Arrival Hour,Unknown EMS Scene Arrival Minutes,Unknown,Unknown EMS Hospital Arrival Time,2,Dark - Lighted,Clear,2,1,"['Driver', 'Front_Passenger']","['None_Used', 'None_Used']",1,1,Valid,0.0,1.0,43.0,32.0,"['Male', 'Male']",1,0,2,4,5,Dry,Straight,Level,Lowest,No
9035,12,Florida,121574,0,2,2,0,2,GROVELAND,June,17,Saturday,22,35,Rural,Medium Speed (Collector),No,28.61611944,-81.82862222,Non-Intersection,Dark - Not Lighted,Rain,Unknown,Unknown,Unknown EMS Scene Arrival Hour,Unknown EMS Scene Arrival Minutes,Not Applicable (Not Transported),Not Applicable (Not Transported),2,Dark - Unlighted,Rain/Wind/Minor,2,0,"['Driver', 'Driver']","['Shoulder_Lapbelt', 'None_Used']",0,0,Valid,0.0,0.0,35.0,32.0,"['Male', 'Male']",1,0,3,4,5,Wet/Standing Water,Straight,Level,Lowest,No
9036,12,Florida,121577,1,1,1,0,1,LAKELAND,June,25,Sunday,1,58,Urban,High Speed (Arterial),Yes,28.01422778,-81.91436667,Non-Intersection,Dark - Lighted,Clear,Unknown,Unknown,Unknown EMS Scene Arrival Hour,Unknown EMS Scene Arrival Minutes,Not Applicable (Not Transported),Not Applicable (Not Transported),1,Dark - Lighted,Clear,0,1,[],[],1,1,Valid,0.0,0.0,22.0,22.0,['Female'],0,0,2,3,4,Dry,Straight,Level,Lowest,No
9037,12,Florida,121578,0,2,2,0,2,LAKELAND,June,29,Thursday,20,54,Urban,Medium Speed (Collector),No,27.99665278,-81.99658056,Complex/Circle,Dark - Not Lighted,Cloudy,Unknown,Unknown,Unknown EMS Scene Arrival Hour,Unknown EMS Scene Arrival Minutes,Not Applicable (Not Transported),Not Applicable (Not Transported),1,Dark - Unlighted,Reduced Visibility,1,1,['Driver'],['None_Used'],0,0,Valid,0.0,1.0,26.0,20.0,"['Male', 'Female']",0,0,5,4,5,Dry,Straight,Level,Lowest,No
9038,12,Florida,121579,0,2,2,0,3,NOT APPLICABLE,June,22,Thursday,21,28,Rural,High Speed (Arterial),Yes,26.78385556,-81.94021667,Non-Intersection,Dark - Not Lighted,Clear,Unknown,Unknown,Unknown EMS Scene Arrival Hour,Unknown EMS Scene Arrival Minutes,Not Applicable (Not Transported),Not Applicable (Not Transported),1,Dark - Unlighted,Clear,1,2,['Driver'],['None_Used'],1,1,Valid,0.0,1.0,45.0,20.0,"['Male', 'Male']",1,0,5,4,5,Dry,Straight,Level,Lowest,No
9039,12,Florida,121580,1,1,1,0,1,NOT APPLICABLE,June,22,Thursday,2,25,Urban,High Speed (Arterial),Yes,28.18860278,-82.74012778,Non-Intersection,Dark - Lighted,Cloudy,Unknown,Unknown,Unknown EMS Scene Arrival Hour,Unknown EMS Scene Arrival Minutes,Unknown,Unknown EMS Hospital Arrival Time,1,Dark - Lighted,Reduced Visibility,0,1,[],[],0,0,Valid,0.0,0.0,56.0,56.0,['Male'],0,0,2,3,4,Wet/Standing Water,Straight,Level,Lowest,No
9040,12,Florida,121581,0,2,2,0,2,NOT APPLICABLE,June,21,Wednesday,21,0,Urban,High Speed (Arterial),Yes,28.23538889,-80.67536111,Simple Junction,Dark - Not Lighted,Rain,Unknown,Unknown,Unknown EMS Scene Arrival Hour,Unknown EMS Scene Arrival Minutes,Not Applicable (Not Transported),Not Applicable (Not Transported),1,Dark - Unlighted,Rain/Wind/Minor,1,1,['Driver'],['None_Used'],0,0,Valid,0.0,0.0,57.0,44.0,"['Female', 'Male']",0,0,5,4,5,Wet/Standing Water,Straight,Grade/Hillcrest,Lowest,No
9041,12,Florida,121583,0,1,1,0,2,NOT APPLICABLE,June,17,Saturday,17,55,Urban,Medium Speed (Collector),No,28.37147778,-81.31231389,Non-Intersection,Daylight,Clear,Unknown,Unknown,Unknown EMS Scene Arrival Hour,Unknown EMS Scene Arrival Minutes,Unknown,Unknown EMS Hospital Arrival Time,1,Daylight,Clear,1,1,['Front_Passenger'],['Shoulder_Lapbelt'],0,0,Valid,0.0,0.0,20.0,20.0,['Male'],2,0,2,4,3,Dry,Curve,Level,Lowest,No
9042,12,Florida,121584,0,2,2,0,3,NOT APPLICABLE,June,11,Sunday,17,18,Rural,Medium Speed (Collector),No,29.05639167,-82.50172778,Simple Junction,Daylight,Clear,Unknown,Unknown,Unknown EMS Scene Arrival Hour,Unknown EMS Scene Arrival Minutes,Unknown,Unknown EMS Hospital Arrival Time,1,Daylight,Clear,1,2,['Driver'],['None_Used'],0,0,Valid,0.0,0.0,69.0,61.0,"['Male', 'Male']",0,0,5,4,5,Dry,Straight,Level,Lowest,Yes
9043,12,Florida,121585,0,2,2,0,2,NOT APPLICABLE,June,20,Tuesday,1,22,Urban,High Speed (Arterial),Yes,28.30671111,-81.36439444,Non-Intersection,Dark - Unknown Lighting,Cloudy,Unknown,Unknown,Unknown EMS Scene Arrival Hour,Unknown EMS Scene Arrival Minutes,Unknown,Unknown EMS Hospital Arrival Time,1,Dark - Unlighted,Reduced Visibility,1,1,['Driver'],['Shoulder_Lapbelt'],0,0,Invalid,1.0,1.0,44.0,24.0,"['Male', 'Male']",0,0,4,4,5,Wet/Standing Water,Straight,Level,Lowest,No
9044,12,Florida,121586,0,2,2,0,4,NOT APPLICABLE,June,24,Saturday,7,7,Urban,Medium Speed (Collector),No,26.99460278,-82.19986389,Simple Junction,Daylight,Clear,Unknown,Unknown,Unknown EMS Scene Arrival Hour,Unknown EMS Scene Arrival Minutes,Not Applicable (Not Transported),Not Applicable (Not Transported),1,Daylight,Clear,1,3,['Driver'],['None_Used'],0,0,Valid,0.0,0.0,61.0,59.0,"['Female', 'Male']",0,0,5,4,5,Dry,Straight,Level,Lowest,No
9045,12,Florida,121587,1,1,1,0,1,NOT APPLICABLE,June,15,Thursday,0,59,Urban,Medium Speed (Collector),No,28.02377778,-81.69393056,Non-Intersection,Dark - Not Lighted,Clear,Unknown,Unknown,Unknown EMS Scene Arrival Hour,Unknown EMS Scene Arrival Minutes,Unknown,Unknown EMS Hospital Arrival Time,1,Dark - Unlighted,Clear,0,1,[],[],0,0,Valid,0.0,0.0,25.0,25.0,['Male'],0,0,2,4,4,Dry,Straight,Level,Lowest,No
9046,12,Florida,121588,0,2,2,0,2,NOT APPLICABLE,June,13,Tuesday,17,0,Rural,Low Speed (Local),No,30.41543611,-86.83776667,Complex/Circle,Daylight,Clear,Unknown,Unknown,Unknown EMS Scene Arrival Hour,Unknown EMS Scene Arrival Minutes,Unknown,Unknown EMS Hospital Arrival Time,1,Daylight,Clear,1,1,['Driver'],['None_Used'],0,0,Invalid,0.0,2.0,60.0,19.0,"['Male', 'Male']",1,0,5,4,5,Dry,Straight,Level,Lowest,No
9047,12,Florida,121590,0,2,2,0,4,NOT APPLICABLE,June,10,Saturday,8,47,Rural,Low Speed (Local),No,25.55034444,-80.50659167,Simple Junction,Daylight,Clear,Unknown,Unknown,Unknown EMS Scene Arrival Hour,Unknown EMS Scene Arrival Minutes,Unknown,Unknown EMS Hospital Arrival Time,1,Daylight,Clear,1,3,['Driver'],['None_Used'],0,0,Invalid,0.0,0.0,74.0,20.0,"['Male', 'Male']",0,0,5,4,5,Dry,Straight,Level,Lowest,No
9048,12,Florida,121591,1,1,1,0,1,NOT APPLICABLE,June,3,Saturday,22,26,Urban,Medium Speed (Collector),No,25.96478333,-80.17824167,Complex/Circle,Dark - Not Lighted,Clear,Unknown,Unknown,Unknown EMS Scene Arrival Hour,Unknown EMS Scene Arrival Minutes,Not Applicable (Not Transported),Not Applicable (Not Transported),1,Dark - Unlighted,Clear,0,1,[],[],0,0,Valid,0.0,0.0,41.0,41.0,['Female'],0,0,3,4,4,Dry,Straight,Level,Lowest,No
9049,12,Florida,121592,0,1,1,0,2,NOT APPLICABLE,June,20,Tuesday,21,57,Urban,Medium Speed (Collector),No,27.86723611,-82.76218889,Non-Intersection,Dark - Lighted,Clear,Unknown,Unknown,Unknown EMS Scene Arrival Hour,Unknown EMS Scene Arrival Minutes,Unknown,Unknown EMS Hospital Arrival Time,1,Dark - Lighted,Clear,1,1,['Front_Passenger'],['None_Used'],1,1,Valid,0.0,2.0,26.0,26.0,['Male'],0,0,2,4,3,Dry,Straight,Level,Lowest,No
9050,12,Florida,121593,0,2,2,0,2,FORT MYERS,June,22,Thursday,15,20,Urban,High Speed (Arterial),No,26.641175,-81.84006389,Complex/Circle,Daylight,Clear,Unknown,Unknown,Unknown EMS Scene Arrival Hour,Unknown EMS Scene Arrival Minutes,Unknown,Unknown EMS Hospital Arrival Time,1,Daylight,Clear,1,1,['Driver'],['None_Used'],0,0,Valid,0.0,0.0,64.0,43.0,"['Male', 'Male']",0,0,5,4,5,Dry,Straight,Level,Lowest,No
9051,12,Florida,121594,1,1,1,0,1,NOT APPLICABLE,June,12,Monday,21,50,Urban,Medium Speed (Collector),No,25.88855556,-80.22700556,Non-Intersection,Dark - Lighted,Clear,Unknown,Unknown,Unknown EMS Scene Arrival Hour,Unknown EMS Scene Arrival Minutes,Unknown,Unknown EMS Hospital Arrival Time,1,Dark - Lighted,Clear,0,1,[],[],0,0,Valid,0.0,0.0,63.0,63.0,['Male'],0,0,3,0,4,Wet/Standing Water,Straight,Level,Lowest,No
9052,12,Florida,121595,0,2,1,1,2,TITUSVILLE,June,23,Friday,23,26,Rural,Low Speed (Local),No,28.51731111,-80.791775,Non-Intersection,Dark - Not Lighted,Clear,Unknown,Unknown,Unknown EMS Scene Arrival Hour,Unknown EMS Scene Arrival Minutes,Unknown,Unknown EMS Hospital Arrival Time,2,Dark - Unlighted,Clear,2,0,"['Driver', 'Rear_Seat']","['None_Used', 'None_Used']",0,0,Valid,0.0,0.0,38.0,38.0,['Male'],0,0,5,4,5,Dry,Curve,Level,Lowest,No
9053,12,Florida,121596,0,1,1,0,4,NOT APPLICABLE,June,24,Saturday,6,50,Rural,High Speed (Arterial),Yes,29.70436389,-81.66406111,Non-Intersection,Daylight,Clear,Unknown,Unknown,Unknown EMS Scene Arrival Hour,Unknown EMS Scene Arrival Minutes,Unknown,Unknown EMS Hospital Arrival Time,1,Daylight,Clear,1,3,['Rear_Seat'],['None_Used'],0,0,Valid,0.0,0.0,44.0,44.0,['Female'],0,0,3,4,3,Dry,Curve,Level,Medium,No
9054,12,Florida,121597,1,1,1,0,1,NOT APPLICABLE,June,15,Thursday,2,19,Rural,Medium Speed (Collector),No,28.20158889,-81.59566111,Non-Intersection,Dark - Not Lighted,Cloudy,Unknown,Unknown,Unknown EMS Scene Arrival Hour,Unknown EMS Scene Arrival Minutes,Unknown,Unknown EMS Hospital Arrival Time,1,Dark - Unlighted,Reduced Visibility,0,1,[],[],0,0,Invalid,0.0,0.0,999.0,999.0,['Other'],0,0,1,0,4,Dry,Straight,Level,Lowest,No
9055,12,Florida,121598,1,1,1,0,1,MIAMI,May,7,Sunday,6,49,Urban,Medium Speed (Collector),No,25.74115278,-80.17051389,Non-Intersection,Daylight,Clear,Unknown,Unknown,Unknown EMS Scene Arrival Hour,Unknown EMS Scene Arrival Minutes,Unknown,Unknown EMS Hospital Arrival Time,1,Daylight,Clear,0,1,[],[],0,0,Valid,0.0,0.0,56.0,56.0,['Female'],0,0,4,2,4,Dry,Straight,Level,Lowest,No
9056,12,Florida,121599,0,1,1,0,1,NOT APPLICABLE,June,24,Saturday,6,46,Rural,Low Speed (Local),No,29.03895278,-82.07028056,Non-Intersection,Dawn,Clear,Unknown,Unknown,Unknown EMS Scene Arrival Hour,Unknown EMS Scene Arrival Minutes,Unknown,Unknown EMS Hospital Arrival Time,1,Twilight,Clear,1,0,['Driver'],['Shoulder_Lapbelt'],0,0,Valid,0.0,0.0,29.0,29.0,['Male'],0,0,2,4,3,Dry,Straight,Level,Lowest,No
9057,12,Florida,121601,0,2,2,0,4,BROOKSVILLE,June,22,Thursday,12,44,Rural,Medium Speed (Collector),No,28.45211389,-82.3707,Complex/Circle,Daylight,Clear,12:00pm-12:59pm,30,12:00pm-12:59pm,40,Unknown,Unknown EMS Hospital Arrival Time,1,Daylight,Clear,1,3,['Driver'],['None_Used'],0,0,Valid,0.0,0.0,80.0,47.0,"['Female', 'Male']",0,0,3,4,5,Dry,Straight,Level,Lowest,No
9058,12,Florida,121602,0,2,2,0,2,NOT APPLICABLE,June,23,Friday,15,23,Urban,High Speed (Arterial),Yes,27.77428889,-80.44773056,Complex/Circle,Daylight,Cloudy,Unknown,Unknown,Unknown EMS Scene Arrival Hour,Unknown EMS Scene Arrival Minutes,Unknown,Unknown EMS Hospital Arrival Time,1,Daylight,Reduced Visibility,1,1,['Driver'],['Lapbelt_Only'],0,0,Valid,0.0,0.0,68.0,46.0,"['Male', 'Male']",0,0,2,4,5,Dry,Straight,Level,Lowest,No
9059,12,Florida,121603,1,1,1,0,1,NOT APPLICABLE,June,24,Saturday,21,47,Urban,High Speed (Arterial),Yes,27.52179722,-82.530125,Complex/Circle,Dark - Not Lighted,Clear,Unknown,Unknown,Unknown EMS Scene Arrival Hour,Unknown EMS Scene Arrival Minutes,Unknown,Unknown EMS Hospital Arrival Time,1,Dark - Unlighted,Clear,0,1,[],[],0,0,Valid,0.0,0.0,32.0,32.0,['Male'],0,0,2,3,4,Dry,Straight,Level,Lowest,No
9060,12,Florida,121605,0,1,1,0,1,NOT APPLICABLE,June,29,Thursday,11,0,Rural,High Speed (Arterial),Yes,29.40226389,-82.51073056,Non-Intersection,Daylight,Clear,Unknown,Unknown,Unknown EMS Scene Arrival Hour,Unknown EMS Scene Arrival Minutes,Unknown,Unknown EMS Hospital Arrival Time,1,Daylight,Clear,1,0,['Driver'],['None_Used'],0,0,Valid,1.0,1.0,38.0,38.0,['Male'],0,0,3,4,3,Dry,Straight,Grade/Hillcrest,Lowest,No
9061,12,Florida,121606,0,2,2,0,2,DAVIE,June,24,Saturday,3,57,Urban,High Speed (Arterial),Yes,26.08397778,-80.21618611,Non-Intersection,Dark - Lighted,Clear,Unknown,Unknown,Unknown EMS Scene Arrival Hour,Unknown EMS Scene Arrival Minutes,Not Applicable (Not Transported),Not Applicable (Not Transported),1,Dark - Lighted,Clear,1,1,['Driver'],['None_Used'],0,0,Valid,0.0,0.0,47.0,41.0,"['Male', 'Male']",0,0,4,4,5,Dry,Straight,Level,Lowest,No
9062,12,Florida,121608,1,1,1,0,2,Other,June,26,Monday,4,35,Urban,Medium Speed (Collector),No,26.60857222,-80.06056389,Complex/Circle,Dark - Not Lighted,Clear,Unknown,Unknown,Unknown EMS Scene Arrival Hour,Unknown EMS Scene Arrival Minutes,Unknown,Unknown EMS Hospital Arrival Time,1,Dark - Unlighted,Clear,0,2,[],[],0,0,Valid,0.0,0.0,36.0,36.0,['Female'],0,0,3,2,4,Dry,Straight,Level,Lowest,No