,State_Code,State_Name,Crash_ID,Count_Non_Motorists,Count_Vehicles_Total,Count_Vehicle_Forms,Count_PVH_Involved,Count_Occupants_MV,City_Name,Month_Name,Day_of_Month,Day_of_Week,Crash_Hour,Crash_Minute,Area_Rural_Urban,Road_Functional_Class,On_NHS_Road,Latitude,Longitude,Intersection_Type,Light_Condition,Weather_Condition,Notif_Hour,Notif_Minute,Arrival_Hour,Arrival_Minute,Hospital_Hour,Hospital_Minute,Fatalities_Count,Clean_Light_Condition,Clean_Weather_Condition,Total_Killed,Total_Alive,Fatal_Seats_List,Killed_Restraint_List,Any_Driver_Drinking,Total_Drinking_Drivers,Driver_License_Category,Driver_Max_Prev_Accident_Count,Driver_Max_Prev_Speeding_Count,Max_Driver_Age,Min_Driver_Age,Driver_Sex_List,Total_Exceeding_Limit_Vehicles,Total_Too_Fast_Vehicles,Max_Vehicle_Type_Severity_5,Max_Vehicle_Damage_Rank,Max_Harmful_Event_Severity,Crash_Road_Surface_Condition,Crash_Horizontal_Alignment,Crash_Vertical_Profile,Crash_Impairment_Category,Crash_Vehicle_Defect
9063,12,Florida,121609,0,1,1,0,1,NOT APPLICABLE,June,27,Tuesday,20,0,Rural,High Speed (Arterial),Yes,25.50729444,-80.43861111,Non-Intersection,Dusk,Clear,Unknown,Unknown,Unknown EMS Scene Arrival Hour,Unknown EMS Scene Arrival Minutes,Not Applicable (Not Transported),Not Applicable (Not Transported),1,Twilight,Clear,1,0,['Driver'],['None_Used'],0,0,Valid,0.0,0.0,46.0,46.0,['Male'],0,0,5,4,3,Dry,Straight,Level,Lowest,No
9064,12,Florida,121610,1,1,1,0,1,WEST PALM BEACH,June,25,Sunday,2,41,Urban,Medium Speed (Collector),No,26.69226667,-80.16561944,Non-Intersection,Dark - Lighted,Clear,Unknown,Unknown,Unknown EMS Scene Arrival Hour,Unknown EMS Scene Arrival Minutes,Unknown,Unknown EMS Hospital Arrival Time,1,Dark - Lighted,Clear,0,1,[],[],0,0,Invalid,0.0,0.0,998.0,998.0,['Other'],0,0,1,0,4,Dry,Straight,Level,Lowest,No
9065,12,Florida,121611,0,3,3,0,6,NOT APPLICABLE,June,28,Wednesday,7,45,Rural,Medium Speed (Collector),No,30.02854444,-82.93930556,Non-Intersection,Daylight,Cloudy,Unknown,Unknown,Unknown EMS Scene Arrival Hour,Unknown EMS Scene Arrival Minutes,Unknown,Unknown EMS Hospital Arrival Time,1,Daylight,Reduced Visibility,1,5,['Front_Passenger'],['Shoulder_Lapbelt'],0,0,Valid,0.0,2.0,76.0,30.0,"['Female', 'Male', 'Male']",0,0,3,4,5,Wet/Standing Water,Straight,Level,Lowest,No
9066,12,Florida,121612,0,2,2,0,2,JACKSONVILLE,June,27,Tuesday,22,41,Urban,High Speed (Arterial),Yes,30.46008611,-81.66184167,Non-Intersection,Dark - Lighted,Clear,Unknown,Unknown,Unknown EMS Scene Arrival Hour,Unknown EMS Scene Arrival Minutes,Unknown,Unknown EMS Hospital Arrival Time,1,Dark - Lighted,Clear,1,1,['Driver'],['Shoulder_Lapbelt'],1,2,Valid,0.0,0.0,57.0,31.0,"['Male', 'Female']",0,0,3,4,5,Dry,Straight,Level,Lowest,No
9067,12,Florida,121613,0,1,1,0,2,NOT APPLICABLE,June,28,Wednesday,22,11,Rural,High Speed (Arterial),Yes,27.20904167,-81.4502,Non-Intersection,Dark - Not Lighted,Cloudy,Unknown,Unknown,Unknown EMS Scene Arrival Hour,Unknown EMS Scene Arrival Minutes,Unknown,Unknown EMS Hospital Arrival Time,1,Dark - Unlighted,Reduced Visibility,1,1,['Front_Passenger'],['None_Used'],1,1,Valid,0.0,0.0,27.0,27.0,['Male'],0,0,3,4,3,Dry,Straight,Level,Lowest,No
9068,12,Florida,121614,0,2,2,0,3,TICE,March,15,Wednesday,8,14,Urban,Medium Speed (Collector),No,26.67085833,-81.80293611,Simple Junction,Daylight,Cloudy,Unknown,Unknown,Unknown EMS Scene Arrival Hour,Unknown EMS Scene Arrival Minutes,Unknown,Unknown EMS Hospital Arrival Time,1,Daylight,Reduced Visibility,1,2,['Driver'],['None_Used'],0,0,Valid,0.0,3.0,63.0,19.0,"['Female', 'Male']",0,0,3,4,5,Dry,Straight,Level,Lowest,No
9069,12,Florida,121615,0,1,1,0,1,NOT APPLICABLE,May,28,Sunday,18,14,Urban,High Speed (Arterial),Yes,26.48885,-81.84294722,Non-Intersection,Daylight,Clear,Unknown,Unknown,Unknown EMS Scene Arrival Hour,Unknown EMS Scene Arrival Minutes,Unknown,Unknown EMS Hospital Arrival Time,1,Daylight,Clear,1,0,['Driver'],['None_Used'],0,0,Valid,0.0,1.0,55.0,55.0,['Male'],0,0,5,4,2,Dry,Curve,Level,Lowest,No
9070,12,Florida,121617,0,2,2,0,2,NOT APPLICABLE,June,30,Friday,17,32,Rural,High Speed (Arterial),Yes,27.36166667,-82.19785833,Non-Intersection,Daylight,Clear,Unknown,Unknown,Unknown EMS Scene Arrival Hour,Unknown EMS Scene Arrival Minutes,Unknown,Unknown EMS Hospital Arrival Time,1,Daylight,Clear,1,1,['Driver'],['None_Used'],1,1,Valid,0.0,1.0,57.0,42.0,"['Female', 'Female']",0,0,3,4,5,Dry,Straight,Level,Lowest,No
9071,12,Florida,121618,0,1,1,0,2,NOT APPLICABLE,June,30,Friday,2,0,Urban,Medium Speed (Collector),No,29.79685556,-82.34628056,Non-Intersection,Dark - Not Lighted,Clear,Unknown,Unknown,Unknown EMS Scene Arrival Hour,Unknown EMS Scene Arrival Minutes,Unknown,Unknown EMS Hospital Arrival Time,1,Dark - Unlighted,Clear,1,1,['Driver'],['None_Used'],0,0,Valid,0.0,0.0,30.0,30.0,['Male'],0,0,2,4,3,Dry,Straight,Level,Lowest,Yes
9072,12,Florida,121619,0,2,2,0,5,MELBOURNE,June,24,Saturday,2,0,Rural,High Speed (Arterial),Yes,28.07905556,-80.73933056,Non-Intersection,Dark - Not Lighted,Clear,Unknown,Unknown,Unknown EMS Scene Arrival Hour,Unknown EMS Scene Arrival Minutes,Unknown,Unknown EMS Hospital Arrival Time,1,Dark - Unlighted,Clear,1,4,['Rear_Seat'],['None_Used'],1,1,Valid,0.0,0.0,31.0,22.0,"['Female', 'Male']",0,0,2,4,5,Dry,Curve,Level,Lowest,No
9073,12,Florida,121620,0,1,1,0,5,FORT MYERS,June,25,Sunday,22,48,Urban,Low Speed (Local),No,26.60945556,-81.80101944,Non-Intersection,Dark - Not Lighted,Clear,Unknown,Unknown,Unknown EMS Scene Arrival Hour,Unknown EMS Scene Arrival Minutes,Not Applicable (Not Transported),Not Applicable (Not Transported),5,Dark - Unlighted,Clear,5,0,"['Driver', 'Rear_Seat', 'Rear_Seat', 'Rear_Seat', 'Front_Passenger']","['Shoulder_Lapbelt', 'None_Used', 'None_Used', 'None_Used', 'None_Used']",0,0,Valid,0.0,0.0,18.0,18.0,['Male'],5,0,2,4,4,Dry,Curve,Level,Lowest,No
9074,12,Florida,121621,1,1,1,0,1,NOT APPLICABLE,June,28,Wednesday,4,8,Rural,Medium Speed (Collector),No,30.20691667,-85.61648333,Non-Intersection,Dark - Not Lighted,Clear,Unknown,Unknown,Unknown EMS Scene Arrival Hour,Unknown EMS Scene Arrival Minutes,Not Applicable (Not Transported),Not Applicable (Not Transported),1,Dark - Unlighted,Clear,0,0,[],[],0,0,Invalid,0.0,0.0,999.0,999.0,['Other'],0,0,1,0,4,Dry,Straight,Level,Lowest,No
9075,12,Florida,121622,0,2,2,0,3,FORT MYERS,June,28,Wednesday,21,12,Urban,High Speed (Arterial),No,26.61303889,-81.78177778,Simple Junction,Dark - Lighted,Cloudy,Unknown,Unknown,Unknown EMS Scene Arrival Hour,Unknown EMS Scene Arrival Minutes,Unknown,Unknown EMS Hospital Arrival Time,1,Dark - Lighted,Reduced Visibility,1,2,['Driver'],['None_Used'],0,0,Valid,0.0,1.0,25.0,25.0,"['Male', 'Male']",0,0,3,4,5,Wet/Standing Water,Straight,Level,Lowest,No
9076,12,Florida,121623,1,1,1,0,1,NOT APPLICABLE,June,30,Friday,22,5,Urban,High Speed (Arterial),Yes,28.22992222,-82.21543056,Non-Intersection,Dark - Not Lighted,Clear,Unknown,Unknown,Unknown EMS Scene Arrival Hour,Unknown EMS Scene Arrival Minutes,Not Applicable (Not Transported),Not Applicable (Not Transported),1,Dark - Unlighted,Clear,0,1,[],[],0,0,Valid,0.0,0.0,62.0,62.0,['Female'],0,0,3,3,4,Dry,Straight,Level,Lowest,No
9077,12,Florida,121624,0,3,3,0,4,SANFORD,June,24,Saturday,7,21,Urban,High Speed (Arterial),Yes,28.811675,-81.33330278,Non-Intersection,Daylight,Clear,Unknown,Unknown,Unknown EMS Scene Arrival Hour,Unknown EMS Scene Arrival Minutes,Unknown,Unknown EMS Hospital Arrival Time,1,Daylight,Clear,1,3,['Driver'],['Shoulder_Lapbelt'],0,0,Valid,0.0,0.0,56.0,15.0,"['Female', 'Male', 'Male']",0,0,3,4,5,Dry,Straight,Non-Trafficway,Lowest,No
9078,12,Florida,121625,0,3,1,2,3,OAKLAND PARK,July,1,Saturday,3,1,Urban,Medium Speed (Collector),No,26.17371111,-80.17224444,Non-Intersection,Dark - Lighted,Clear,Unknown,Unknown,Unknown EMS Scene Arrival Hour,Unknown EMS Scene Arrival Minutes,Unknown,Unknown EMS Hospital Arrival Time,1,Dark - Lighted,Clear,1,2,['Front_Passenger'],['None_Used'],0,0,Valid,0.0,0.0,33.0,33.0,['Male'],0,0,2,4,5,Dry,Straight,Level,Lowest,No
9079,12,Florida,121626,0,1,1,0,1,NOT APPLICABLE,June,24,Saturday,2,25,Urban,Medium Speed (Collector),No,28.42550833,-81.46297222,Simple Junction,Dark - Lighted,Clear,Unknown,Unknown,Unknown EMS Scene Arrival Hour,Unknown EMS Scene Arrival Minutes,Unknown,Unknown EMS Hospital Arrival Time,1,Dark - Lighted,Clear,1,0,['Driver'],['None_Used'],1,1,Invalid,0.0,0.0,53.0,53.0,['Male'],0,0,5,4,2,Dry,Curve,Level,Lowest,No
9080,12,Florida,121627,0,2,2,0,3,NOT APPLICABLE,July,1,Saturday,16,13,Urban,High Speed (Arterial),Yes,28.26938611,-80.72994167,Non-Intersection,Daylight,Cloudy,Unknown,Unknown,Unknown EMS Scene Arrival Hour,Unknown EMS Scene Arrival Minutes,Not Applicable (Not Transported),Not Applicable (Not Transported),1,Daylight,Reduced Visibility,1,2,['Driver'],['None_Used'],0,0,Valid,0.0,0.0,46.0,39.0,"['Male', 'Male']",0,0,5,4,5,Dry,Straight,Level,Lowest,No
9081,12,Florida,121628,0,2,2,0,2,TALLAHASSEE,June,24,Saturday,17,41,Urban,Medium Speed (Collector),No,30.40348889,-84.30398056,Non-Intersection,Daylight,Clear,Unknown,Unknown,Unknown EMS Scene Arrival Hour,Unknown EMS Scene Arrival Minutes,Unknown,Unknown EMS Hospital Arrival Time,1,Daylight,Clear,1,1,['Driver'],['None_Used'],0,0,Invalid,0.0,0.0,61.0,33.0,"['Male', 'Male']",1,0,5,4,5,Dry,Straight,Level,Lowest,No
9082,12,Florida,121629,0,2,2,0,2,NOT APPLICABLE,June,23,Friday,17,40,Rural,High Speed (Arterial),No,28.45621944,-80.98325,Simple Junction,Daylight,Clear,Unknown,Unknown,Unknown EMS Scene Arrival Hour,Unknown EMS Scene Arrival Minutes,Unknown,Unknown EMS Hospital Arrival Time,1,Daylight,Clear,1,1,['Driver'],['Shoulder_Lapbelt'],0,0,Valid,0.0,1.0,78.0,54.0,"['Male', 'Male']",0,0,3,4,5,Dry,Curve,Level,Lowest,No
9083,12,Florida,121630,0,1,1,0,2,JACKSONVILLE,July,1,Saturday,15,21,Urban,High Speed (Arterial),Yes,30.3672,-81.66895833,Non-Intersection,Daylight,Clear,Unknown,Unknown,Unknown EMS Scene Arrival Hour,Unknown EMS Scene Arrival Minutes,Unknown,Unknown EMS Hospital Arrival Time,1,Daylight,Clear,1,1,['Driver'],['None_Used'],0,0,Valid,0.0,0.0,45.0,45.0,['Female'],0,0,3,4,3,Dry,Straight,Grade/Hillcrest,Lowest,No
9084,12,Florida,121631,0,2,2,0,2,NOT APPLICABLE,June,30,Friday,14,14,Urban,Medium Speed (Collector),No,28.888225,-82.45280833,Simple Junction,Daylight,Clear,Unknown,Unknown,Unknown EMS Scene Arrival Hour,Unknown EMS Scene Arrival Minutes,Unknown,Unknown EMS Hospital Arrival Time,1,Daylight,Clear,1,1,['Driver'],['None_Used'],1,1,Valid,0.0,0.0,61.0,48.0,"['Male', 'Male']",0,0,5,4,5,Dry,Straight,Grade/Hillcrest,Lowest,No
9085,12,Florida,121632,1,1,1,0,3,NOT APPLICABLE,July,1,Saturday,17,57,Urban,Medium Speed (Collector),No,27.81131944,-82.75383056,Simple Junction,Daylight,Clear,Unknown,Unknown,Unknown EMS Scene Arrival Hour,Unknown EMS Scene Arrival Minutes,Not Applicable (Not Transported),Not Applicable (Not Transported),1,Daylight,Clear,0,3,[],[],0,0,Valid,0.0,0.0,65.0,65.0,['Male'],0,0,2,4,4,Dry,Straight,Level,Lowest,No
9086,12,Florida,121634,0,2,2,0,4,ORMOND BEACH,June,30,Friday,14,43,Urban,High Speed (Arterial),Yes,29.32141111,-81.13136111,Non-Intersection,Daylight,Clear,Unknown,Unknown,Unknown EMS Scene Arrival Hour,Unknown EMS Scene Arrival Minutes,Unknown,Unknown EMS Hospital Arrival Time,1,Daylight,Clear,1,3,['Driver'],['Shoulder_Lapbelt'],0,0,Valid,0.0,0.0,53.0,18.0,"['Male', 'Male']",1,0,3,4,5,Dry,Straight,Level,Lowest,No
9087,12,Florida,121635,1,1,1,0,1,NOT APPLICABLE,July,2,Sunday,21,30,Rural,High Speed (Arterial),Yes,26.61302778,-81.72181944,Non-Intersection,Dark - Not Lighted,Clear,Unknown,Unknown,Unknown EMS Scene Arrival Hour,Unknown EMS Scene Arrival Minutes,Unknown,Unknown EMS Hospital Arrival Time,1,Dark - Unlighted,Clear,0,1,[],[],1,1,Valid,0.0,0.0,32.0,32.0,['Male'],0,0,3,3,4,Dry,Straight,Level,Lowest,No
9088,12,Florida,121636,0,1,1,0,2,NOT APPLICABLE,June,25,Sunday,11,28,Rural,Medium Speed (Collector),No,29.00714167,-81.38844444,Non-Intersection,Daylight,Clear,Unknown,Unknown,Unknown EMS Scene Arrival Hour,Unknown EMS Scene Arrival Minutes,Unknown,Unknown EMS Hospital Arrival Time,1,Daylight,Clear,1,1,['Driver'],['None_Used'],0,0,Invalid,0.0,0.0,27.0,27.0,['Female'],0,0,3,4,3,Dry,Straight,Level,Lowest,No
9089,12,Florida,121637,0,2,2,0,3,NOT APPLICABLE,July,2,Sunday,18,36,Urban,High Speed (Arterial),Yes,30.41196944,-86.72484722,Simple Junction,Daylight,Clear,Unknown,Unknown,Unknown EMS Scene Arrival Hour,Unknown EMS Scene Arrival Minutes,Unknown,Unknown EMS Hospital Arrival Time,1,Daylight,Clear,1,2,['Front_Passenger'],['Shoulder_Lapbelt'],0,0,Valid,0.0,1.0,56.0,34.0,"['Male', 'Male']",0,0,3,4,5,Dry,Straight,Level,Lowest,No
9090,12,Florida,121638,0,1,1,0,2,NOT APPLICABLE,June,27,Tuesday,23,25,Rural,High Speed (Arterial),Yes,29.93393056,-81.68850278,Non-Intersection,Dark - Not Lighted,Cloudy,Unknown,Unknown,Unknown EMS Scene Arrival Hour,Unknown EMS Scene Arrival Minutes,Unknown,Unknown EMS Hospital Arrival Time,1,Dark - Unlighted,Reduced Visibility,1,1,['Front_Passenger'],['Shoulder_Lapbelt'],0,0,Valid,0.0,0.0,21.0,21.0,['Male'],2,0,2,4,2,Wet/Standing Water,Curve,Level,Lowest,No
9091,12,Florida,121639,1,1,1,0,2,NOT APPLICABLE,July,1,Saturday,23,7,Rural,High Speed (Arterial),Yes,29.86831389,-81.66380278,Non-Intersection,Dark - Not Lighted,Clear,Unknown,Unknown,Unknown EMS Scene Arrival Hour,Unknown EMS Scene Arrival Minutes,Not Applicable (Not Transported),Not Applicable (Not Transported),1,Dark - Unlighted,Clear,0,2,[],[],0,0,Valid,0.0,1.0,35.0,35.0,['Male'],0,0,3,3,4,Dry,Straight,Level,Lowest,No
9092,12,Florida,121640,0,3,3,0,11,NOT APPLICABLE,July,1,Saturday,10,28,Rural,Medium Speed (Collector),No,29.05338611,-82.39726389,Non-Intersection,Daylight,Clear,Unknown,Unknown,Unknown EMS Scene Arrival Hour,Unknown EMS Scene Arrival Minutes,Unknown,Unknown EMS Hospital Arrival Time,1,Daylight,Clear,1,10,['Driver'],['Shoulder_Lapbelt'],0,0,Valid,0.0,0.0,74.0,31.0,"['Male', 'Male', 'Male']",0,0,3,4,5,Dry,Straight,Level,Lowest,No
9093,12,Florida,121641,0,1,1,0,1,RIVIERA BEACH,July,2,Sunday,2,7,Urban,High Speed (Arterial),Yes,26.55829722,-80.11505556,Non-Intersection,Dark - Lighted,Clear,Unknown,Unknown,Unknown EMS Scene Arrival Hour,Unknown EMS Scene Arrival Minutes,Not Applicable (Not Transported),Not Applicable (Not Transported),1,Dark - Lighted,Clear,1,0,['Driver'],['Shoulder_Lapbelt'],1,1,Valid,0.0,1.0,36.0,36.0,['Male'],0,0,3,4,3,Dry,Curve,Level,Lowest,No
9094,12,Florida,121642,0,3,3,0,4,JACKSONVILLE,July,3,Monday,19,6,Urban,High Speed (Arterial),No,30.28720833,-81.87893611,Non-Intersection,Daylight,Clear,Unknown,Unknown,Unknown EMS Scene Arrival Hour,Unknown EMS Scene Arrival Minutes,Unknown,Unknown EMS Hospital Arrival Time,1,Daylight,Clear,1,3,['Driver'],['None_Used'],0,0,Valid,0.0,1.0,45.0,30.0,"['Male', 'Male', 'Female']",0,0,3,4,5,Dry,Straight,Level,Lowest,No
9095,12,Florida,121643,0,1,1,0,1,JACKSONVILLE,July,2,Sunday,13,0,Urban,Medium Speed (Collector),No,30.41896667,-81.64577222,Non-Intersection,Daylight,Clear,Unknown,Unknown,Unknown EMS Scene Arrival Hour,Unknown EMS Scene Arrival Minutes,Unknown,Unknown EMS Hospital Arrival Time,1,Daylight,Clear,1,0,['Driver'],['None_Used'],0,0,Valid,0.0,1.0,42.0,42.0,['Male'],0,0,5,4,2,Dry,Curve,Level,Lowest,No
9096,12,Florida,121644,0,1,1,0,1,COTTONDALE,June,26,Monday,0,0,Rural,Low Speed (Local),No,30.79969167,-85.4002,Non-Intersection,Dark - Not Lighted,Clear,Unknown,Unknown,Unknown EMS Scene Arrival Hour,Officially Cancelled,Unknown,Officially Canceled,1,Dark - Unlighted,Clear,1,0,['Driver'],['None_Used'],0,0,Invalid,0.0,0.0,46.0,46.0,['Male'],0,0,5,4,1,Loose/Unpaved,Straight,Level,Lowest,No
9097,12,Florida,121645,0,1,1,0,1,NOT APPLICABLE,June,30,Friday,1,10,Urban,High Speed (Arterial),Yes,30.41152778,-87.2334,Non-Intersection,Dark - Not Lighted,Clear,Unknown,Unknown,Unknown EMS Scene Arrival Hour,Unknown EMS Scene Arrival Minutes,Unknown,Unknown EMS Hospital Arrival Time,1,Dark - Unlighted,Clear,1,0,['Driver'],['None_Used'],1,1,Valid,0.0,0.0,23.0,23.0,['Male'],0,0,3,4,3,Dry,Straight,Level,Lowest,No
9098,12,Florida,121646,0,2,2,0,2,NOT APPLICABLE,July,2,Sunday,16,54,Urban,Medium Speed (Collector),No,28.59975278,-81.27443056,Complex/Circle,Daylight,Clear,Unknown,Unknown,Unknown EMS Scene Arrival Hour,Unknown EMS Scene Arrival Minutes,Unknown,Unknown EMS Hospital Arrival Time,1,Daylight,Clear,1,1,['Driver'],['Shoulder_Lapbelt'],0,0,Valid,0.0,0.0,77.0,19.0,"['Female', 'Male']",0,0,2,4,5,Dry,Straight,Level,Lowest,No
9099,12,Florida,121647,0,2,2,0,2,NOT APPLICABLE,July,3,Monday,18,49,Urban,Medium Speed (Collector),No,30.34608056,-81.80700833,Complex/Circle,Daylight,Clear,Unknown,Unknown,Unknown EMS Scene Arrival Hour,Unknown EMS Scene Arrival Minutes,Unknown,Unknown EMS Hospital Arrival Time,1,Daylight,Clear,1,1,['Driver'],['None_Used'],0,0,Valid,1.0,1.0,63.0,39.0,"['Male', 'Male']",0,0,3,4,5,Dry,Straight,Level,Lowest,No
9100,12,Florida,121648,1,1,1,0,2,COCOA BEACH,July,1,Saturday,0,31,Urban,High Speed (Arterial),Yes,28.34343889,-80.60985556,Non-Intersection,Dark - Lighted,Clear,Unknown,Unknown,Unknown EMS Scene Arrival Hour,Unknown EMS Scene Arrival Minutes,Unknown,Unknown EMS Hospital Arrival Time,1,Dark - Lighted,Clear,0,2,[],[],0,0,Valid,0.0,0.0,25.0,25.0,['Male'],0,0,2,4,4,Dry,Straight,Level,Lowest,No
9101,12,Florida,121649,0,1,1,0,2,NOT APPLICABLE,July,2,Sunday,19,31,Rural,Medium Speed (Collector),No,30.43236944,-86.05463333,Non-Intersection,Daylight,Clear,Unknown,Unknown,Unknown EMS Scene Arrival Hour,Unknown EMS Scene Arrival Minutes,Unknown,Unknown EMS Hospital Arrival Time,1,Daylight,Clear,1,1,['Rear_Seat'],['None_Used'],1,1,Valid,0.0,0.0,50.0,50.0,['Male'],0,0,5,4,2,Dry,Curve,Level,Lowest,No
9102,12,Florida,121650,0,1,1,0,1,NOT APPLICABLE,July,2,Sunday,21,5,Urban,Low Speed (Local),No,28.71508889,-81.87897778,Non-Intersection,Dark - Lighted,Clear,Unknown,Unknown,Unknown EMS Scene Arrival Hour,Unknown EMS Scene Arrival Minutes,Unknown,Unknown EMS Hospital Arrival Time,1,Dark - Lighted,Clear,1,0,['Driver'],['None_Used'],1,1,Valid,0.0,0.0,60.0,60.0,['Male'],0,0,5,4,3,Dry,Curve,Level,Lowest,No
9103,12,Florida,121651,1,1,1,0,1,ORLANDO,July,2,Sunday,21,45,Urban,High Speed (Arterial),Yes,28.48044167,-81.31019444,Complex/Circle,Dark - Lighted,Clear,Unknown,Unknown,Unknown EMS Scene Arrival Hour,Unknown EMS Scene Arrival Minutes,Unknown,Unknown EMS Hospital Arrival Time,1,Dark - Lighted,Clear,0,1,[],[],0,0,Valid,0.0,0.0,18.0,18.0,['Male'],0,0,3,4,4,Dry,Straight,Level,Lowest,No
9104,12,Florida,121652,0,3,3,0,4,NOT APPLICABLE,July,2,Sunday,1,8,Urban,High Speed (Arterial),Yes,26.69378333,-80.11143056,Simple Junction,Dark - Lighted,Clear,Unknown,Unknown,Unknown EMS Scene Arrival Hour,Unknown EMS Scene Arrival Minutes,Unknown,Unknown EMS Hospital Arrival Time,1,Dark - Lighted,Clear,1,3,['Driver'],['None_Used'],0,0,Valid,0.0,0.0,43.0,24.0,"['Male', 'Female', 'Male']",3,0,2,4,5,Dry,Straight,Level,Lowest,No
9105,12,Florida,121653,0,2,2,0,3,WINTER HAVEN,June,28,Wednesday,7,27,Urban,Medium Speed (Collector),No,27.98341944,-81.6608,Complex/Circle,Daylight,Cloudy,Unknown,Unknown,Unknown EMS Scene Arrival Hour,Unknown EMS Scene Arrival Minutes,Unknown,Unknown EMS Hospital Arrival Time,1,Daylight,Reduced Visibility,1,2,['Rear_Seat'],['Shoulder_Lapbelt'],0,0,Valid,0.0,1.0,44.0,18.0,"['Male', 'Female']",0,0,3,4,5,Dry,Straight,Level,Lowest,No
9106,12,Florida,121654,1,1,1,0,1,NOT APPLICABLE,June,25,Sunday,22,51,Urban,Medium Speed (Collector),No,27.93521389,-82.25278333,Non-Intersection,Dark - Not Lighted,Clear,Unknown,Unknown,Unknown EMS Scene Arrival Hour,Unknown EMS Scene Arrival Minutes,Unknown,Unknown EMS Hospital Arrival Time,1,Dark - Unlighted,Clear,0,1,[],[],0,0,Valid,0.0,0.0,18.0,18.0,['Female'],0,0,2,4,4,Dry,Straight,Level,Lowest,No
9107,12,Florida,121655,0,3,3,0,6,VIRGINIA GARDENS,June,10,Saturday,2,41,Urban,High Speed (Arterial),Yes,25.80727778,-80.30095,Complex/Circle,Dark - Lighted,Clear,Unknown,Unknown,Unknown EMS Scene Arrival Hour,Unknown EMS Scene Arrival Minutes,Unknown,Unknown EMS Hospital Arrival Time,1,Dark - Lighted,Clear,1,5,['Driver'],['None_Used'],0,0,Valid,1.0,0.0,56.0,21.0,"['Male', 'Male', 'Male']",2,0,3,4,5,Dry,Straight,Level,Lowest,No
9108,12,Florida,121656,0,1,1,0,1,NOT APPLICABLE,May,13,Saturday,20,30,Rural,Low Speed (Local),No,28.18825556,-81.958575,Non-Intersection,Dark - Not Lighted,Clear,Unknown,Unknown,Unknown EMS Scene Arrival Hour,Unknown EMS Scene Arrival Minutes,Unknown,Unknown EMS Hospital Arrival Time,1,Dark - Unlighted,Clear,1,0,['Driver'],['None_Used'],0,0,Valid,1.0,0.0,35.0,35.0,['Male'],0,0,5,3,3,Dry,Straight,Level,Lowest,No
9109,12,Florida,121657,0,1,1,0,2,NOT APPLICABLE,June,28,Wednesday,14,0,Urban,High Speed (Arterial),Yes,28.50784167,-81.60987778,Non-Intersection,Daylight,Clear,Unknown,Unknown,Unknown EMS Scene Arrival Hour,Unknown EMS Scene Arrival Minutes,Unknown,Unknown EMS Hospital Arrival Time,1,Daylight,Clear,1,1,['Driver'],['None_Used'],0,0,Valid,1.0,1.0,43.0,43.0,['Male'],0,0,1,4,3,Dry,Straight,Level,Lowest,No
9110,12,Florida,121658,1,1,1,0,1,JACKSONVILLE,July,4,Tuesday,0,59,Urban,Medium Speed (Collector),No,30.27208889,-81.84866944,Non-Intersection,Dark - Not Lighted,Cloudy,Unknown,Unknown,Unknown EMS Scene Arrival Hour,Unknown EMS Scene Arrival Minutes,Not Applicable (Not Transported),Not Applicable (Not Transported),1,Dark - Unlighted,Reduced Visibility,0,1,[],[],0,0,Valid,0.0,0.0,53.0,53.0,['Male'],0,0,3,3,4,Dry,Straight,Level,Lowest,No
9111,12,Florida,121659,0,1,1,0,1,NOT APPLICABLE,July,4,Tuesday,17,39,Rural,High Speed (Arterial),Yes,26.14639444,-80.55455833,Non-Intersection,Daylight,Rain,Unknown,Unknown,Unknown EMS Scene Arrival Hour,Unknown EMS Scene Arrival Minutes,Not Applicable (Not Transported),Not Applicable (Not Transported),1,Daylight,Rain/Wind/Minor,1,0,['Driver'],['None_Used'],0,0,Valid,0.0,0.0,61.0,61.0,['Male'],0,0,2,4,3,Wet/Standing Water,Straight,Level,Lowest,No
9112,12,Florida,121661,0,1,1,0,3,NOT APPLICABLE,July,4,Tuesday,14,36,Urban,High Speed (Arterial),Yes,28.50917222,-81.24727778,Non-Intersection,Daylight,Clear,Unknown,Unknown,Unknown EMS Scene Arrival Hour,Unknown EMS Scene Arrival Minutes,Unknown,Unknown EMS Hospital Arrival Time,1,Daylight,Clear,1,2,['Driver'],['None_Used'],0,0,Invalid,0.0,1.0,26.0,26.0,['Male'],0,0,2,4,3,Dry,Straight,Level,Lowest,No
9113,12,Florida,121663,0,2,2,0,2,NOT APPLICABLE,July,1,Saturday,23,15,Urban,Medium Speed (Collector),No,28.25263889,-82.14681667,Non-Intersection,Dark - Not Lighted,Clear,Unknown,Unknown,Unknown EMS Scene Arrival Hour,Unknown EMS Scene Arrival Minutes,Unknown,Unknown EMS Hospital Arrival Time,1,Dark - Unlighted,Clear,1,1,['Driver'],['None_Used'],0,0,Valid,0.0,0.0,34.0,33.0,"['Female', 'Male']",0,0,5,4,5,Dry,Straight,Level,Lowest,No
9114,12,Florida,121664,1,1,1,0,1,NOT APPLICABLE,June,28,Wednesday,5,36,Urban,High Speed (Arterial),Yes,27.93760833,-82.31031944,Complex/Circle,Dawn,Clear,Unknown,Unknown,Unknown EMS Scene Arrival Hour,Unknown EMS Scene Arrival Minutes,Unknown,Unknown EMS Hospital Arrival Time,1,Twilight,Clear,0,1,[],[],0,0,Valid,0.0,1.0,26.0,26.0,['Male'],0,0,2,3,4,Dry,Straight,Level,Lowest,No