,State_Code,State_Name,Crash_ID,Count_Non_Motorists,Count_Vehicles_Total,Count_Vehicle_Forms,Count_PVH_Involved,Count_Occupants_MV,City_Name,Month_Name,Day_of_Month,Day_of_Week,Crash_Hour,Crash_Minute,Area_Rural_Urban,Road_Functional_Class,On_NHS_Road,Latitude,Longitude,Intersection_Type,Light_Condition,Weather_Condition,Notif_Hour,Notif_Minute,Arrival_Hour,Arrival_Minute,Hospital_Hour,Hospital_Minute,Fatalities_Count,Clean_Light_Condition,Clean_Weather_Condition,Total_Killed,Total_Alive,Fatal_Seats_List,Killed_Restraint_List,Any_Driver_Drinking,Total_Drinking_Drivers,Driver_License_Category,Driver_Max_Prev_Accident_Count,Driver_Max_Prev_Speeding_Count,Max_Driver_Age,Min_Driver_Age,Driver_Sex_List,Total_Exceeding_Limit_Vehicles,Total_Too_Fast_Vehicles,Max_Vehicle_Type_Severity_5,Max_Vehicle_Damage_Rank,Max_Harmful_Event_Severity,Crash_Road_Surface_Condition,Crash_Horizontal_Alignment,Crash_Vertical_Profile,Crash_Impairment_Category,Crash_Vehicle_Defect
9115,12,Florida,121665,0,1,1,0,2,NOT APPLICABLE,July,2,Sunday,14,30,Urban,High Speed (Arterial),Yes,27.70760278,-81.56245,Non-Intersection,Daylight,Cloudy,Unknown,Unknown,Unknown EMS Scene Arrival Hour,Unknown EMS Scene Arrival Minutes,Unknown,Unknown EMS Hospital Arrival Time,1,Daylight,Reduced Visibility,1,1,['Front_Passenger'],['None_Used'],1,1,Valid,0.0,0.0,46.0,46.0,['Male'],2,0,2,4,3,Dry,Straight,Grade/Hillcrest,Lowest,No
9116,12,Florida,121666,0,2,2,0,2,NOT APPLICABLE,July,2,Sunday,20,38,Urban,Medium Speed (Collector),No,27.71253611,-82.30233333,Complex/Circle,Dark - Lighted,Cloudy,Unknown,Unknown,Unknown EMS Scene Arrival Hour,Unknown EMS Scene Arrival Minutes,Not Applicable (Not Transported),Not Applicable (Not Transported),1,Dark - Lighted,Reduced Visibility,1,1,['Driver'],['None_Used'],1,1,Invalid,0.0,1.0,36.0,25.0,"['Male', 'Male']",1,0,5,4,5,Dry,Straight,Level,Lowest,No
9117,12,Florida,121667,0,2,2,0,2,NOT APPLICABLE,July,7,Friday,12,46,Rural,Medium Speed (Collector),No,30.18171389,-82.16931667,Non-Intersection,Daylight,Clear,Unknown,Unknown,Unknown EMS Scene Arrival Hour,Unknown EMS Scene Arrival Minutes,Unknown,Unknown EMS Hospital Arrival Time,1,Daylight,Clear,1,1,['Driver'],['Shoulder_Lapbelt'],0,0,Valid,1.0,0.0,73.0,71.0,"['Female', 'Female']",0,0,3,4,5,Dry,Curve,Level,Lowest,No
9118,12,Florida,121668,1,1,1,0,1,WEST PALM BEACH,July,8,Saturday,4,45,Urban,Medium Speed (Collector),No,26.75941389,-80.09733889,Non-Intersection,Dark - Lighted,Clear,Unknown,Unknown,Unknown EMS Scene Arrival Hour,Unknown EMS Scene Arrival Minutes,Not Applicable (Not Transported),Not Applicable (Not Transported),1,Dark - Lighted,Clear,0,1,[],[],0,0,Valid,0.0,0.0,998.0,998.0,['Other'],0,0,1,0,4,Dry,Straight,Level,Lowest,No
9119,12,Florida,121669,0,1,1,0,1,NOT APPLICABLE,July,9,Sunday,12,25,Urban,High Speed (Arterial),Yes,26.70483333,-80.07525278,Non-Intersection,Daylight,Clear,Unknown,Unknown,Unknown EMS Scene Arrival Hour,Unknown EMS Scene Arrival Minutes,Not Applicable (Not Transported),Not Applicable (Not Transported),1,Daylight,Clear,1,0,['Driver'],['None_Used'],0,0,Invalid,1.0,0.0,44.0,44.0,['Male'],0,0,3,4,3,Dry,Straight,Level,Lowest,No
9120,12,Florida,121670,0,2,2,0,6,JACKSONVILLE,July,3,Monday,23,17,Urban,High Speed (Arterial),No,30.26008333,-81.86111389,Non-Intersection,Dark - Lighted,Cloudy,Unknown,Unknown,Unknown EMS Scene Arrival Hour,Unknown EMS Scene Arrival Minutes,Unknown,Unknown EMS Hospital Arrival Time,1,Dark - Lighted,Reduced Visibility,1,5,['Front_Passenger'],['Shoulder_Lapbelt'],0,0,Valid,1.0,0.0,44.0,20.0,"['Male', 'Female']",0,0,2,4,5,Wet/Standing Water,Straight,Level,Lowest,No
9121,12,Florida,121671,0,1,1,0,2,NOT APPLICABLE,June,29,Thursday,10,49,Rural,High Speed (Arterial),Yes,30.73271111,-86.34613611,Complex/Circle,Daylight,Clear,Unknown,Unknown,Unknown EMS Scene Arrival Hour,Unknown EMS Scene Arrival Minutes,Unknown,Unknown EMS Hospital Arrival Time,2,Daylight,Clear,2,0,"['Driver', 'Front_Passenger']","['Shoulder_Lapbelt', 'Shoulder_Lapbelt']",0,0,Valid,0.0,0.0,78.0,78.0,['Female'],0,0,3,4,3,Dry,Curve,Level,Lowest,No
9122,12,Florida,121672,0,1,1,0,1,NOT APPLICABLE,July,4,Tuesday,5,25,Rural,High Speed (Arterial),Yes,30.76246667,-85.67528333,Non-Intersection,Dawn,Clear,Unknown,Unknown,Unknown EMS Scene Arrival Hour,Unknown EMS Scene Arrival Minutes,Not Applicable (Not Transported),Not Applicable (Not Transported),1,Twilight,Clear,1,0,['Driver'],['None_Used'],0,0,Valid,0.0,0.0,34.0,34.0,['Male'],0,0,2,4,3,Dry,Straight,Grade/Hillcrest,Lowest,No
9123,12,Florida,121673,0,1,1,0,1,NOT APPLICABLE,June,28,Wednesday,20,50,Rural,Low Speed (Local),No,29.40362778,-82.29461944,Non-Intersection,Dark - Not Lighted,Clear,Unknown,Unknown,Unknown EMS Scene Arrival Hour,Unknown EMS Scene Arrival Minutes,Unknown,Unknown EMS Hospital Arrival Time,1,Dark - Unlighted,Clear,1,0,['Driver'],['None_Used'],0,0,Valid,0.0,2.0,47.0,47.0,['Male'],0,0,5,4,3,Dry,Straight,Level,Lowest,No
9124,12,Florida,121674,0,2,2,0,6,JACKSONVILLE BEACH,July,2,Sunday,14,20,Urban,High Speed (Arterial),Yes,30.30119722,-81.39436667,Complex/Circle,Daylight,Clear,Unknown,Unknown,Unknown EMS Scene Arrival Hour,Unknown EMS Scene Arrival Minutes,Unknown,Unknown EMS Hospital Arrival Time,1,Daylight,Clear,1,5,['Driver'],['None_Used'],0,0,Invalid,0.0,3.0,68.0,23.0,"['Male', 'Female']",1,0,5,4,5,Dry,Straight,Level,Lowest,No
9125,12,Florida,121675,0,2,2,0,3,FORT LAUDERDALE,July,9,Sunday,13,0,Urban,High Speed (Arterial),Yes,26.13688056,-80.14506389,Non-Intersection,Daylight,Cloudy,Unknown,Unknown,Unknown EMS Scene Arrival Hour,Unknown EMS Scene Arrival Minutes,Unknown,Unknown EMS Hospital Arrival Time,1,Daylight,Reduced Visibility,1,2,['Driver'],['None_Used'],0,0,Valid,1.0,1.0,59.0,32.0,"['Male', 'Female']",0,0,5,4,5,Dry,Straight,Level,Lowest,No
9126,12,Florida,121676,0,2,2,0,4,NOT APPLICABLE,June,30,Friday,20,49,Urban,Medium Speed (Collector),No,29.09864722,-82.05357778,Simple Junction,Dark - Not Lighted,Clear,Unknown,Unknown,Unknown EMS Scene Arrival Hour,Unknown EMS Scene Arrival Minutes,Unknown,Unknown EMS Hospital Arrival Time,2,Dark - Unlighted,Clear,2,2,"['Front_Passenger', 'Front_Passenger']","['None_Used', 'None_Used']",1,1,Valid,0.0,1.0,84.0,55.0,"['Male', 'Female']",0,0,3,4,5,Dry,Straight,Level,Lowest,No
9127,12,Florida,121677,1,1,1,0,1,TAMPA,July,9,Sunday,5,32,Urban,High Speed (Arterial),Yes,27.96334167,-82.40183333,Non-Intersection,Dark - Lighted,Clear,Unknown,Unknown,Unknown EMS Scene Arrival Hour,Unknown EMS Scene Arrival Minutes,Unknown,Unknown EMS Hospital Arrival Time,1,Dark - Lighted,Clear,0,1,[],[],0,0,Valid,0.0,0.0,38.0,38.0,['Male'],0,0,2,2,4,Dry,Straight,Level,Lowest,No
9128,12,Florida,121678,1,1,1,0,1,NOT APPLICABLE,July,10,Monday,21,0,Rural,High Speed (Arterial),Yes,28.392975,-82.488275,Non-Intersection,Dark - Not Lighted,Clear,Unknown,Unknown,Unknown EMS Scene Arrival Hour,Unknown EMS Scene Arrival Minutes,Not Applicable (Not Transported),Not Applicable (Not Transported),1,Dark - Unlighted,Clear,0,1,[],[],0,0,Valid,0.0,0.0,53.0,53.0,['Female'],0,0,3,4,4,Dry,Curve,Level,Lowest,No
9129,12,Florida,121679,0,2,2,0,2,NOT APPLICABLE,July,12,Wednesday,7,52,Urban,Medium Speed (Collector),No,28.62376667,-81.24641111,Complex/Circle,Daylight,Clear,Unknown,Unknown,Unknown EMS Scene Arrival Hour,Unknown EMS Scene Arrival Minutes,Not Applicable (Not Transported),Not Applicable (Not Transported),1,Daylight,Clear,1,1,['Driver'],['None_Used'],0,0,Valid,0.0,0.0,70.0,31.0,"['Female', 'Male']",0,0,3,4,5,Dry,Straight,Level,Lowest,No
9130,12,Florida,121680,0,2,2,0,3,NOT APPLICABLE,June,30,Friday,23,46,Urban,High Speed (Arterial),Yes,28.21716944,-82.69716944,Non-Intersection,Dark - Lighted,Clear,Unknown,Unknown,Unknown EMS Scene Arrival Hour,Unknown EMS Scene Arrival Minutes,Not Applicable (Not Transported),Not Applicable (Not Transported),1,Dark - Lighted,Clear,1,2,['Driver'],['None_Used'],0,0,Valid,0.0,0.0,34.0,17.0,"['Female', 'Male']",0,0,5,4,5,Dry,Straight,Level,Lowest,No
9131,12,Florida,121681,1,1,1,0,1,JACKSONVILLE,July,4,Tuesday,21,10,Urban,High Speed (Arterial),Yes,30.29475556,-81.55861389,Complex/Circle,Dark - Lighted,Cloudy,Unknown,Unknown,Unknown EMS Scene Arrival Hour,Unknown EMS Scene Arrival Minutes,Unknown,Unknown EMS Hospital Arrival Time,1,Dark - Lighted,Reduced Visibility,0,1,[],[],0,0,Valid,0.0,0.0,32.0,32.0,['Male'],0,0,3,3,4,Dry,Straight,Level,Lowest,No
9132,12,Florida,121682,0,3,3,0,10,HIALEAH,June,30,Friday,20,57,Urban,High Speed (Arterial),Yes,25.863925,-80.30673333,Complex/Circle,Dark - Lighted,Cloudy,Unknown,Unknown,Unknown EMS Scene Arrival Hour,Unknown EMS Scene Arrival Minutes,Unknown,Unknown EMS Hospital Arrival Time,1,Dark - Lighted,Reduced Visibility,1,9,['Rear_Seat'],['None_Used'],0,0,Valid,0.0,0.0,47.0,40.0,"['Male', 'Male', 'Male']",0,0,5,3,5,Dry,Straight,Level,Lowest,No
9133,12,Florida,121683,0,1,1,0,3,NOT APPLICABLE,June,29,Thursday,22,29,Urban,Low Speed (Local),No,27.96079444,-81.59063889,Non-Intersection,Dark - Not Lighted,Clear,Unknown,Unknown,Unknown EMS Scene Arrival Hour,Unknown EMS Scene Arrival Minutes,Unknown,Unknown EMS Hospital Arrival Time,1,Dark - Unlighted,Clear,1,2,['Front_Passenger'],['None_Used'],0,0,Valid,1.0,0.0,19.0,19.0,['Male'],0,0,3,4,3,Dry,Straight,Level,Lowest,No
9134,12,Florida,121684,1,1,1,0,1,NOT APPLICABLE,July,6,Thursday,3,22,Urban,Medium Speed (Collector),No,28.00933333,-82.58316111,Non-Intersection,Dark - Not Lighted,Clear,Unknown,Unknown,Unknown EMS Scene Arrival Hour,Unknown EMS Scene Arrival Minutes,Unknown,Unknown EMS Hospital Arrival Time,1,Dark - Unlighted,Clear,0,1,[],[],0,0,Valid,0.0,0.0,38.0,38.0,['Male'],0,0,2,3,4,Dry,Straight,Level,Lowest,No
9135,12,Florida,121685,0,2,2,0,2,NOT APPLICABLE,July,2,Sunday,14,31,Rural,Medium Speed (Collector),No,30.84032778,-85.06384444,Non-Intersection,Daylight,Cloudy,Unknown,Unknown,Unknown EMS Scene Arrival Hour,Unknown EMS Scene Arrival Minutes,Unknown,Unknown EMS Hospital Arrival Time,1,Daylight,Reduced Visibility,1,1,['Driver'],['None_Used'],0,0,Valid,0.0,1.0,64.0,27.0,"['Male', 'Female']",0,0,3,4,5,Dry,Straight,Grade/Hillcrest,Medium,No
9136,12,Florida,121686,1,1,1,0,1,TAMARAC,July,7,Friday,20,42,Urban,High Speed (Arterial),Yes,26.18585556,-80.21601667,Non-Intersection,Dark - Lighted,Cloudy,Unknown,Unknown,Unknown EMS Scene Arrival Hour,Unknown EMS Scene Arrival Minutes,Not Applicable (Not Transported),Not Applicable (Not Transported),1,Dark - Lighted,Reduced Visibility,0,1,[],[],0,0,Valid,0.0,0.0,40.0,40.0,['Male'],0,0,2,4,4,Wet/Standing Water,Straight,Level,Lowest,No
9137,12,Florida,121687,0,1,1,0,1,NOT APPLICABLE,July,2,Sunday,15,22,Urban,Medium Speed (Collector),No,26.65976944,-81.89865556,Non-Intersection,Daylight,Rain,Unknown,Unknown,Unknown EMS Scene Arrival Hour,Unknown EMS Scene Arrival Minutes,Not Applicable (Not Transported),Not Applicable (Not Transported),1,Daylight,Rain/Wind/Minor,1,0,['Driver'],['Shoulder_Lapbelt'],1,1,Valid,0.0,0.0,36.0,36.0,['Male'],0,0,2,4,2,Wet/Standing Water,Straight,Level,Lowest,No
9138,12,Florida,121688,0,1,1,0,1,BOCA RATON,July,7,Friday,10,25,Urban,High Speed (Arterial),Yes,26.42081667,-80.09055278,Non-Intersection,Daylight,Clear,Unknown,Unknown,Unknown EMS Scene Arrival Hour,Unknown EMS Scene Arrival Minutes,Unknown,Unknown EMS Hospital Arrival Time,1,Daylight,Clear,1,0,['Driver'],['None_Used'],0,0,Valid,0.0,0.0,56.0,56.0,['Male'],0,0,2,4,3,Dry,Straight,Level,Lowest,No
9139,12,Florida,121689,1,1,1,0,1,NOT APPLICABLE,July,4,Tuesday,21,14,Urban,High Speed (Arterial),Yes,27.86872222,-82.62139444,Non-Intersection,Dark - Lighted,Clear,Unknown,Unknown,Unknown EMS Scene Arrival Hour,Unknown EMS Scene Arrival Minutes,Not Applicable (Not Transported),Not Applicable (Not Transported),1,Dark - Lighted,Clear,0,1,[],[],0,0,Valid,0.0,0.0,48.0,48.0,['Female'],0,0,3,3,4,Dry,Straight,Level,Lowest,No
9140,12,Florida,121690,0,1,1,0,1,MIDWAY,July,7,Friday,21,37,Rural,Medium Speed (Collector),No,30.49540278,-84.473025,Non-Intersection,Dark - Not Lighted,Clear,Unknown,Unknown,Unknown EMS Scene Arrival Hour,Unknown EMS Scene Arrival Minutes,Unknown,Unknown EMS Hospital Arrival Time,1,Dark - Unlighted,Clear,1,0,['Driver'],['Shoulder_Lapbelt'],0,0,Valid,0.0,0.0,48.0,48.0,['Male'],0,0,3,4,2,Dry,Curve,Level,Lowest,No
9141,12,Florida,121691,0,2,2,0,4,NOT APPLICABLE,July,5,Wednesday,19,3,Rural,High Speed (Arterial),Yes,27.93768056,-82.20323333,Non-Intersection,Daylight,Clear,Unknown,Unknown,Unknown EMS Scene Arrival Hour,Unknown EMS Scene Arrival Minutes,Unknown,Unknown EMS Hospital Arrival Time,1,Daylight,Clear,1,3,['Driver'],['None_Used'],0,0,Valid,0.0,0.0,58.0,35.0,"['Male', 'Female']",0,0,3,4,5,Dry,Straight,Level,Lowest,No
9142,12,Florida,121692,0,2,2,0,4,NOT APPLICABLE,July,8,Saturday,13,5,Urban,Medium Speed (Collector),No,28.05887778,-82.00696389,Non-Intersection,Daylight,Clear,Unknown,Unknown,Unknown EMS Scene Arrival Hour,Unknown EMS Scene Arrival Minutes,Unknown,Unknown EMS Hospital Arrival Time,1,Daylight,Clear,1,3,['Driver'],['None_Used'],0,0,Valid,0.0,0.0,62.0,34.0,"['Male', 'Male']",2,0,3,4,5,Dry,Curve,Level,Lowest,No
9143,12,Florida,121693,0,1,1,0,1,JACKSONVILLE,July,12,Wednesday,21,10,Rural,High Speed (Arterial),Yes,30.44273056,-81.59284722,Non-Intersection,Dark - Lighted,Clear,Unknown,Unknown,Unknown EMS Scene Arrival Hour,Unknown EMS Scene Arrival Minutes,Unknown,Unknown EMS Hospital Arrival Time,1,Dark - Lighted,Clear,1,0,['Driver'],['None_Used'],1,1,Valid,0.0,0.0,36.0,36.0,['Male'],0,0,2,4,3,Dry,Curve,Level,Lowest,Yes
9144,12,Florida,121694,1,1,1,0,1,NOT APPLICABLE,July,7,Friday,15,19,Urban,High Speed (Arterial),Yes,27.87291111,-82.78701111,Complex/Circle,Daylight,Clear,Unknown,Unknown,Unknown EMS Scene Arrival Hour,Unknown EMS Scene Arrival Minutes,Unknown,Unknown EMS Hospital Arrival Time,1,Daylight,Clear,0,1,[],[],0,0,Valid,0.0,0.0,45.0,45.0,['Male'],0,0,3,3,4,Dry,Straight,Level,Lowest,No
9145,12,Florida,121695,1,1,1,0,1,NOT APPLICABLE,July,9,Sunday,3,20,Urban,High Speed (Arterial),Yes,28.96916389,-81.28017778,Simple Junction,Dark - Not Lighted,Clear,Unknown,Unknown,Unknown EMS Scene Arrival Hour,Unknown EMS Scene Arrival Minutes,Not Applicable (Not Transported),Not Applicable (Not Transported),1,Dark - Unlighted,Clear,0,1,[],[],0,0,Invalid,0.0,0.0,999.0,999.0,['Other'],0,0,1,0,4,Dry,Straight,Level,Lowest,No
9146,12,Florida,121696,0,1,1,0,1,JACKSONVILLE,July,7,Friday,4,19,Urban,High Speed (Arterial),Yes,30.24991944,-81.55211389,Non-Intersection,Dark - Lighted,Clear,Unknown,Unknown,Unknown EMS Scene Arrival Hour,Unknown EMS Scene Arrival Minutes,Not Applicable (Not Transported),Not Applicable (Not Transported),1,Dark - Lighted,Clear,1,0,['Driver'],['None_Used'],1,1,Valid,0.0,0.0,38.0,38.0,['Male'],0,0,2,4,3,Dry,Curve,Grade/Hillcrest,Lowest,No
9147,12,Florida,121697,0,2,2,0,2,NOT APPLICABLE,July,14,Friday,7,0,Rural,Low Speed (Local),No,29.63830833,-81.43205556,Complex/Circle,Daylight,Clear,Unknown,Unknown,Unknown EMS Scene Arrival Hour,Unknown EMS Scene Arrival Minutes,Not Applicable (Not Transported),Not Applicable (Not Transported),1,Daylight,Clear,1,1,['Driver'],['None_Used'],1,1,Invalid,0.0,4.0,54.0,38.0,"['Male', 'Male']",0,0,5,4,5,Dry,Straight,Level,Lowest,No
9148,12,Florida,121698,0,3,3,0,3,NOT APPLICABLE,July,8,Saturday,20,44,Urban,Medium Speed (Collector),No,26.99813611,-82.37464167,Non-Intersection,Dark - Lighted,Clear,Unknown,Unknown,Unknown EMS Scene Arrival Hour,Unknown EMS Scene Arrival Minutes,Unknown,Unknown EMS Hospital Arrival Time,1,Dark - Lighted,Clear,1,2,['Driver'],['Shoulder_Lapbelt'],1,1,Valid,0.0,1.0,78.0,32.0,"['Female', 'Male', 'Male']",0,0,3,4,5,Dry,Straight,Level,Lowest,No
9149,12,Florida,121699,1,1,1,0,1,CLEARWATER,July,15,Saturday,0,38,Urban,High Speed (Arterial),Yes,27.95636389,-82.78753333,Non-Intersection,Dark - Lighted,Clear,Unknown,Unknown,Unknown EMS Scene Arrival Hour,Unknown EMS Scene Arrival Minutes,Not Applicable (Not Transported),Not Applicable (Not Transported),1,Dark - Lighted,Clear,0,1,[],[],1,1,Valid,1.0,0.0,22.0,22.0,['Male'],0,0,3,3,4,Dry,Straight,Level,Lowest,No
9150,12,Florida,121701,0,1,1,0,1,NORTH LAUDERDALE,July,10,Monday,17,48,Urban,High Speed (Arterial),Yes,26.20885278,-80.19655278,Non-Intersection,Daylight,Rain,Unknown,Unknown,Unknown EMS Scene Arrival Hour,Unknown EMS Scene Arrival Minutes,Not Applicable (Not Transported),Not Applicable (Not Transported),1,Daylight,Rain/Wind/Minor,1,0,['Driver'],['None_Used'],0,0,Valid,0.0,0.0,50.0,50.0,['Male'],0,0,3,4,3,Wet/Standing Water,Straight,Level,Lowest,No
9151,12,Florida,121702,1,1,1,0,1,DAYTONA BEACH SHORES,July,7,Friday,20,39,Urban,High Speed (Arterial),Yes,29.17182778,-80.98021667,Non-Intersection,Dusk,Rain,Unknown,Unknown,Unknown EMS Scene Arrival Hour,Unknown EMS Scene Arrival Minutes,Unknown,Unknown EMS Hospital Arrival Time,1,Twilight,Rain/Wind/Minor,0,1,[],[],0,0,Valid,0.0,0.0,71.0,71.0,['Male'],0,0,2,1,4,Wet/Standing Water,Straight,Level,Lowest,No
9152,12,Florida,121703,0,2,2,0,2,NOT APPLICABLE,July,9,Sunday,8,57,Rural,High Speed (Arterial),Yes,30.43478056,-83.46585,Non-Intersection,Daylight,Clear,Unknown,Unknown,Unknown EMS Scene Arrival Hour,Unknown EMS Scene Arrival Minutes,Unknown,Unknown EMS Hospital Arrival Time,1,Daylight,Clear,1,1,['Driver'],['None_Used'],0,0,Valid,2.0,0.0,78.0,22.0,"['Male', 'Male']",0,0,2,4,5,Dry,Straight,Grade/Hillcrest,Lowest,No
9153,12,Florida,121705,1,2,2,0,2,PEMBROKE PINES,July,10,Monday,22,50,Urban,High Speed (Arterial),Yes,26.00746111,-80.43284444,Non-Intersection,Dark - Not Lighted,Clear,Unknown,Unknown,Unknown EMS Scene Arrival Hour,Unknown EMS Scene Arrival Minutes,Not Applicable (Not Transported),Not Applicable (Not Transported),1,Dark - Unlighted,Clear,0,2,[],[],0,0,Valid,1.0,0.0,54.0,54.0,['Male'],0,0,3,3,5,Dry,Straight,Level,Lowest,No
9154,12,Florida,121706,0,2,2,0,2,NOT APPLICABLE,July,7,Friday,16,21,Urban,High Speed (Arterial),Yes,28.10184167,-82.25214722,Non-Intersection,Daylight,Rain,Unknown,Unknown,Unknown EMS Scene Arrival Hour,Officially Cancelled,Unknown,Officially Canceled,1,Daylight,Rain/Wind/Minor,1,1,['Driver'],['Shoulder_Lapbelt'],0,0,Invalid,1.0,0.0,45.0,39.0,"['Female', 'Male']",0,0,4,4,5,Wet/Standing Water,Straight,Level,Lowest,No
9155,12,Florida,121707,0,2,2,0,2,NOT APPLICABLE,July,10,Monday,16,40,Urban,High Speed (Arterial),Yes,29.553325,-82.90173889,Non-Intersection,Daylight,Cloudy,Unknown,Unknown,Unknown EMS Scene Arrival Hour,Unknown EMS Scene Arrival Minutes,Unknown,Unknown EMS Hospital Arrival Time,1,Daylight,Reduced Visibility,1,1,['Driver'],['None_Used'],1,1,Valid,1.0,0.0,35.0,27.0,"['Male', 'Male']",0,0,2,4,5,Dry,Straight,Non-Trafficway,Lowest,No
9156,12,Florida,121708,0,3,3,0,3,MIAMI,July,5,Wednesday,22,25,Urban,High Speed (Arterial),Yes,25.75210556,-80.20121667,Non-Intersection,Dark - Lighted,Clear,Unknown,Unknown,Unknown EMS Scene Arrival Hour,Unknown EMS Scene Arrival Minutes,Not Applicable (Not Transported),Not Applicable (Not Transported),1,Dark - Lighted,Clear,1,2,['Driver'],['None_Used'],0,0,Valid,0.0,0.0,56.0,29.0,"['Female', 'Male', 'Female']",1,0,5,4,5,Dry,Straight,Level,Lowest,No
9157,12,Florida,121709,0,1,1,0,1,NOT APPLICABLE,July,15,Saturday,4,30,Urban,Medium Speed (Collector),No,28.66099722,-81.29143333,Non-Intersection,Dark - Lighted,Clear,Unknown,Unknown,Unknown EMS Scene Arrival Hour,Unknown EMS Scene Arrival Minutes,Not Applicable (Not Transported),Not Applicable (Not Transported),1,Dark - Lighted,Clear,1,0,['Driver'],['None_Used'],0,0,Valid,0.0,0.0,34.0,34.0,['Male'],0,0,3,4,2,Dry,Straight,Level,Lowest,No
9158,12,Florida,121710,0,2,2,0,2,NOT APPLICABLE,July,10,Monday,15,15,Rural,High Speed (Arterial),No,27.81883333,-81.98071111,Non-Intersection,Daylight,Cloudy,Unknown,Unknown,Unknown EMS Scene Arrival Hour,Unknown EMS Scene Arrival Minutes,Unknown,Unknown EMS Hospital Arrival Time,1,Daylight,Reduced Visibility,1,1,['Driver'],['Shoulder_Lapbelt'],0,0,Valid,0.0,0.0,60.0,53.0,"['Male', 'Male']",0,0,3,4,5,Dry,Straight,Level,Lowest,No
9159,12,Florida,121711,0,1,1,0,1,JACKSONVILLE,July,16,Sunday,1,50,Rural,High Speed (Arterial),Yes,30.28723889,-81.52063056,Non-Intersection,Dark - Lighted,Clear,Unknown,Unknown,Unknown EMS Scene Arrival Hour,Unknown EMS Scene Arrival Minutes,Unknown,Unknown EMS Hospital Arrival Time,1,Dark - Lighted,Clear,1,0,['Driver'],['None_Used'],0,0,Valid,0.0,1.0,24.0,24.0,['Male'],0,0,5,4,2,Dry,Straight,Level,Lowest,No
9160,12,Florida,121712,1,1,1,0,1,NOT APPLICABLE,July,16,Sunday,10,31,Urban,High Speed (Arterial),Yes,30.59247222,-81.78150278,Non-Intersection,Daylight,Clear,Unknown,Unknown,Unknown EMS Scene Arrival Hour,Unknown EMS Scene Arrival Minutes,Not Applicable (Not Transported),Not Applicable (Not Transported),1,Daylight,Clear,0,1,[],[],0,0,Valid,0.0,0.0,44.0,44.0,['Male'],0,0,3,4,4,Dry,Straight,Level,Lowest,No
9161,12,Florida,121714,1,1,1,0,1,NOT APPLICABLE,July,12,Wednesday,6,44,Rural,Medium Speed (Collector),No,27.60883889,-80.38848056,Complex/Circle,Daylight,Clear,Unknown,Unknown,Unknown EMS Scene Arrival Hour,Unknown EMS Scene Arrival Minutes,Unknown,Unknown EMS Hospital Arrival Time,1,Daylight,Clear,0,1,[],[],0,0,Valid,0.0,0.0,44.0,44.0,['Female'],0,0,3,3,4,Dry,Straight,Level,Lowest,No
9162,12,Florida,121715,0,2,2,0,2,MIAMI GARDENS,July,18,Tuesday,9,55,Urban,High Speed (Arterial),Yes,25.92686944,-80.22786944,Non-Intersection,Daylight,Cloudy,Unknown,Unknown,Unknown EMS Scene Arrival Hour,Unknown EMS Scene Arrival Minutes,Unknown,Unknown EMS Hospital Arrival Time,1,Daylight,Reduced Visibility,1,1,['Driver'],['None_Used'],0,0,Valid,1.0,0.0,64.0,50.0,"['Male', 'Male']",0,0,3,4,5,Dry,Straight,Level,Lowest,No
9163,12,Florida,121716,0,2,2,0,3,NOT APPLICABLE,July,14,Friday,1,25,Rural,High Speed (Arterial),Yes,30.15834444,-83.99886389,Non-Intersection,Dark - Not Lighted,Clear,Unknown,Unknown,Unknown EMS Scene Arrival Hour,Unknown EMS Scene Arrival Minutes,Unknown,Unknown EMS Hospital Arrival Time,1,Dark - Unlighted,Clear,1,2,['Driver'],['Shoulder_Lapbelt'],1,1,Valid,0.0,0.0,65.0,27.0,"['Female', 'Male']",0,0,4,4,5,Dry,Curve,Level,Lowest,No
9164,12,Florida,121717,0,2,2,0,5,NOT APPLICABLE,July,18,Tuesday,2,19,Rural,Medium Speed (Collector),No,26.26651944,-81.76965278,Non-Intersection,Dark - Not Lighted,Clear,Unknown,Unknown,Unknown EMS Scene Arrival Hour,Unknown EMS Scene Arrival Minutes,Unknown,Unknown EMS Hospital Arrival Time,2,Dark - Unlighted,Clear,2,3,"['Driver', 'Rear_Seat']","['None_Used', 'None_Used']",1,1,Invalid,0.0,3.0,33.0,30.0,"['Male', 'Female']",2,0,5,4,5,Dry,Straight,Level,Lowest,No
9165,12,Florida,121718,0,2,2,0,2,CORAL SPRINGS,July,8,Saturday,16,35,Urban,High Speed (Arterial),Yes,26.24052778,-80.25833611,Non-Intersection,Daylight,Clear,Unknown,Unknown,Unknown EMS Scene Arrival Hour,Unknown EMS Scene Arrival Minutes,Unknown,Unknown EMS Hospital Arrival Time,1,Daylight,Clear,1,1,['Driver'],['Shoulder_Lapbelt'],0,0,Valid,0.0,0.0,62.0,18.0,"['Female', 'Male']",0,0,2,4,5,Dry,Straight,Non-Trafficway,Lowest,No