,State_Code,State_Name,Crash_ID,Count_Non_Motorists,Count_Vehicles_Total,Count_Vehicle_Forms,Count_PVH_Involved,Count_Occupants_MV,City_Name,Month_Name,Day_of_Month,Day_of_Week,Crash_Hour,Crash_Minute,Area_Rural_Urban,Road_Functional_Class,On_NHS_Road,Latitude,Longitude,Intersection_Type,Light_Condition,Weather_Condition,Notif_Hour,Notif_Minute,Arrival_Hour,Arrival_Minute,Hospital_Hour,Hospital_Minute,Fatalities_Count,Clean_Light_Condition,Clean_Weather_Condition,Total_Killed,Total_Alive,Fatal_Seats_List,Killed_Restraint_List,Any_Driver_Drinking,Total_Drinking_Drivers,Driver_License_Category,Driver_Max_Prev_Accident_Count,Driver_Max_Prev_Speeding_Count,Max_Driver_Age,Min_Driver_Age,Driver_Sex_List,Total_Exceeding_Limit_Vehicles,Total_Too_Fast_Vehicles,Max_Vehicle_Type_Severity_5,Max_Vehicle_Damage_Rank,Max_Harmful_Event_Severity,Crash_Road_Surface_Condition,Crash_Horizontal_Alignment,Crash_Vertical_Profile,Crash_Impairment_Category,Crash_Vehicle_Defect
9166,12,Florida,121719,0,1,1,0,1,NOT APPLICABLE,July,3,Monday,20,8,Rural,High Speed (Arterial),Yes,27.50398611,-81.77139167,Non-Intersection,Dusk,Clear,Unknown,Unknown,Unknown EMS Scene Arrival Hour,Unknown EMS Scene Arrival Minutes,Unknown,Unknown EMS Hospital Arrival Time,1,Twilight,Clear,1,0,['Driver'],['Shoulder_Lapbelt'],0,0,Valid,1.0,0.0,51.0,51.0,['Male'],0,0,2,4,2,Dry,Curve,Level,Lowest,No
9167,12,Florida,121720,0,1,1,0,1,ORLANDO,July,8,Saturday,14,15,Urban,High Speed (Arterial),Yes,28.41958056,-81.30698889,Non-Intersection,Daylight,Clear,Unknown,Unknown,Unknown EMS Scene Arrival Hour,Unknown EMS Scene Arrival Minutes,Unknown,Unknown EMS Hospital Arrival Time,1,Daylight,Clear,1,0,['Driver'],['Shoulder_Lapbelt'],0,0,Valid,0.0,0.0,33.0,33.0,['Male'],1,0,2,4,4,Dry,Curve,Level,Lowest,No
9168,12,Florida,121721,0,2,2,0,2,NOT APPLICABLE,July,14,Friday,9,53,Urban,High Speed (Arterial),Yes,27.97791944,-82.32619167,Non-Intersection,Daylight,Clear,Unknown,Unknown,Unknown EMS Scene Arrival Hour,Unknown EMS Scene Arrival Minutes,Unknown,Unknown EMS Hospital Arrival Time,1,Daylight,Clear,1,1,['Driver'],['None_Used'],0,0,Invalid,1.0,0.0,49.0,36.0,"['Male', 'Male']",0,0,3,4,5,Dry,Curve,Level,Lowest,No
9169,12,Florida,121722,0,2,2,0,2,NOT APPLICABLE,July,13,Thursday,22,54,Urban,High Speed (Arterial),Yes,28.37591111,-81.30942778,Non-Intersection,Dark - Not Lighted,Rain,Unknown,Unknown,Unknown EMS Scene Arrival Hour,Unknown EMS Scene Arrival Minutes,Unknown,Unknown EMS Hospital Arrival Time,1,Dark - Unlighted,Rain/Wind/Minor,1,1,['Driver'],['Shoulder_Lapbelt'],0,0,Valid,0.0,0.0,51.0,26.0,"['Female', 'Male']",0,0,4,4,5,Wet/Standing Water,Straight,Level,Lowest,No
9170,12,Florida,121723,0,2,2,0,3,KEY LARGO,July,30,Sunday,22,35,Rural,Medium Speed (Collector),No,25.209625,-80.34137778,Non-Intersection,Dark - Not Lighted,Clear,Unknown,Unknown,Unknown EMS Scene Arrival Hour,Unknown EMS Scene Arrival Minutes,Unknown,Unknown EMS Hospital Arrival Time,1,Dark - Unlighted,Clear,1,2,['Driver'],['Shoulder_Lapbelt'],1,1,Valid,0.0,0.0,39.0,32.0,"['Male', 'Male']",0,0,3,4,5,Dry,Straight,Level,Lowest,No
9171,12,Florida,121724,0,1,1,0,2,NOT APPLICABLE,July,14,Friday,19,18,Urban,High Speed (Arterial),Yes,27.34282222,-82.44556944,Non-Intersection,Dusk,Cloudy,Unknown,Unknown,Unknown EMS Scene Arrival Hour,Unknown EMS Scene Arrival Minutes,Unknown,Unknown EMS Hospital Arrival Time,1,Twilight,Reduced Visibility,1,1,['Driver'],['Shoulder_Lapbelt'],0,0,Invalid,0.0,0.0,43.0,43.0,['Male'],0,0,3,4,3,Dry,Straight,Level,Lowest,No
9172,12,Florida,121725,0,2,2,0,2,NOT APPLICABLE,July,26,Wednesday,3,22,Urban,High Speed (Arterial),Yes,28.30380556,-81.47770278,Complex/Circle,Dark - Lighted,Clear,Unknown,Unknown,Unknown EMS Scene Arrival Hour,Unknown EMS Scene Arrival Minutes,Unknown,Unknown EMS Hospital Arrival Time,1,Dark - Lighted,Clear,1,1,['Driver'],['None_Used'],0,0,Valid,0.0,0.0,53.0,31.0,"['Male', 'Male']",0,0,3,4,5,Dry,Straight,Level,Lowest,No
9173,12,Florida,121726,0,1,1,0,1,NOT APPLICABLE,July,7,Friday,19,22,Urban,High Speed (Arterial),Yes,27.32416389,-80.413225,Non-Intersection,Daylight,Rain,Unknown,Unknown,Unknown EMS Scene Arrival Hour,Unknown EMS Scene Arrival Minutes,Unknown,Unknown EMS Hospital Arrival Time,1,Daylight,Rain/Wind/Minor,1,0,['Driver'],['Shoulder_Lapbelt'],0,0,Valid,0.0,0.0,54.0,54.0,['Female'],0,0,3,4,3,Wet/Standing Water,Straight,Level,Lowest,No
9174,12,Florida,121727,0,2,2,0,3,NOT APPLICABLE,July,10,Monday,7,42,Urban,High Speed (Arterial),Yes,28.97550556,-82.36296111,Simple Junction,Daylight,Clear,Unknown,Unknown,Unknown EMS Scene Arrival Hour,Unknown EMS Scene Arrival Minutes,Unknown,Unknown EMS Hospital Arrival Time,1,Daylight,Clear,1,2,['Driver'],['Shoulder_Lapbelt'],0,0,Valid,0.0,6.0,60.0,45.0,"['Male', 'Male']",0,0,4,4,5,Dry,Straight,Level,Lowest,No
9175,12,Florida,121728,0,2,2,0,2,ORANGE CITY,July,15,Saturday,22,45,Urban,High Speed (Arterial),Yes,28.92203056,-81.29963611,Non-Intersection,Dark - Not Lighted,Clear,Unknown,Unknown,Unknown EMS Scene Arrival Hour,Unknown EMS Scene Arrival Minutes,Unknown,Unknown EMS Hospital Arrival Time,1,Dark - Unlighted,Clear,1,1,['Driver'],['None_Used'],0,0,Valid,1.0,0.0,61.0,37.0,"['Female', 'Male']",0,0,5,4,5,Wet/Standing Water,Straight,Level,Lowest,No
9176,12,Florida,121729,0,2,2,0,2,LAUDERHILL,June,24,Saturday,12,59,Urban,Low Speed (Local),No,26.13170833,-80.18990833,Simple Junction,Daylight,Clear,Unknown,Unknown,Unknown EMS Scene Arrival Hour,Unknown EMS Scene Arrival Minutes,Not Applicable (Not Transported),Not Applicable (Not Transported),1,Daylight,Clear,1,1,['Driver'],['None_Used'],0,0,Valid,0.0,0.0,40.0,34.0,"['Male', 'Male']",0,0,5,4,5,Dry,Straight,Level,Lowest,No
9177,12,Florida,121730,0,1,1,0,1,NOT APPLICABLE,July,15,Saturday,2,55,Urban,Medium Speed (Collector),No,29.79138333,-82.06321389,Non-Intersection,Dark - Not Lighted,Clear,Unknown,Unknown,Unknown EMS Scene Arrival Hour,Unknown EMS Scene Arrival Minutes,Not Applicable (Not Transported),Not Applicable (Not Transported),1,Dark - Unlighted,Clear,1,0,['Driver'],['None_Used'],1,1,Valid,0.0,0.0,39.0,39.0,['Male'],0,0,5,4,2,Dry,Curve,Level,Lowest,No
9178,12,Florida,121731,0,1,1,0,4,NOT APPLICABLE,July,15,Saturday,18,11,Rural,High Speed (Arterial),No,27.58954444,-82.14701944,Non-Intersection,Daylight,Cloudy,Unknown,Unknown,Unknown EMS Scene Arrival Hour,Unknown EMS Scene Arrival Minutes,Unknown,Unknown EMS Hospital Arrival Time,2,Daylight,Reduced Visibility,2,2,"['Rear_Seat', 'Rear_Seat']","['Shoulder_Lapbelt', 'Shoulder_Lapbelt']",0,0,Valid,1.0,0.0,42.0,42.0,['Male'],0,0,3,4,3,Dry,Straight,Level,Lowest,No
9179,12,Florida,121732,1,1,1,0,2,MIAMI GARDENS,June,29,Thursday,22,19,Urban,Medium Speed (Collector),No,25.95707778,-80.20624167,Non-Intersection,Dark - Lighted,Cloudy,Unknown,Unknown,Unknown EMS Scene Arrival Hour,Unknown EMS Scene Arrival Minutes,Unknown,Unknown EMS Hospital Arrival Time,1,Dark - Lighted,Reduced Visibility,0,2,[],[],0,0,Valid,0.0,0.0,38.0,38.0,['Male'],2,0,2,4,4,Dry,Straight,Level,Lowest,No
9180,12,Florida,121733,1,1,1,0,1,LAKELAND,July,16,Sunday,21,12,Urban,Low Speed (Local),No,28.09855833,-81.97508889,Non-Intersection,Dark - Lighted,Rain,Unknown,Unknown,Unknown EMS Scene Arrival Hour,Unknown EMS Scene Arrival Minutes,Not Applicable (Not Transported),Not Applicable (Not Transported),1,Dark - Lighted,Rain/Wind/Minor,0,1,[],[],0,0,Valid,0.0,0.0,32.0,32.0,['Male'],0,0,3,2,4,Wet/Standing Water,Straight,Level,Lowest,No
9181,12,Florida,121734,1,1,1,0,1,NOT APPLICABLE,July,2,Sunday,20,55,Urban,High Speed (Arterial),Yes,27.44811111,-82.57537222,Non-Intersection,Dark - Not Lighted,Clear,Unknown,Unknown,Unknown EMS Scene Arrival Hour,Unknown EMS Scene Arrival Minutes,Unknown,Unknown EMS Hospital Arrival Time,1,Dark - Unlighted,Clear,0,1,[],[],0,0,Valid,0.0,1.0,41.0,41.0,['Female'],0,0,2,4,4,Dry,Straight,Level,Lowest,No
9182,12,Florida,121735,0,1,1,0,1,NOT APPLICABLE,July,18,Tuesday,0,53,Urban,High Speed (Arterial),Yes,27.55629722,-82.44969722,Non-Intersection,Dark - Lighted,Clear,Unknown,Unknown,Unknown EMS Scene Arrival Hour,Unknown EMS Scene Arrival Minutes,Not Applicable (Not Transported),Not Applicable (Not Transported),1,Dark - Lighted,Clear,1,0,['Driver'],['Shoulder_Lapbelt'],0,0,Valid,1.0,0.0,62.0,62.0,['Male'],0,0,3,4,4,Dry,Straight,Level,Lowest,No
9183,12,Florida,121736,0,2,2,0,2,JACKSONVILLE,July,17,Monday,22,17,Urban,High Speed (Arterial),Yes,30.19158611,-81.71105278,Non-Intersection,Dark - Lighted,Cloudy,Unknown,Unknown,Unknown EMS Scene Arrival Hour,Unknown EMS Scene Arrival Minutes,Not Applicable (Not Transported),Not Applicable (Not Transported),1,Dark - Lighted,Reduced Visibility,1,1,['Driver'],['None_Used'],0,0,Invalid,0.0,0.0,57.0,43.0,"['Male', 'Male']",0,0,5,4,5,Wet/Standing Water,Straight,Level,Lowest,No
9184,12,Florida,121737,2,2,1,1,2,NOT APPLICABLE,July,5,Wednesday,7,0,Rural,Medium Speed (Collector),No,28.587525,-81.55082778,Non-Intersection,Daylight,Clear,Unknown,Unknown,Unknown EMS Scene Arrival Hour,Unknown EMS Scene Arrival Minutes,Unknown,Unknown EMS Hospital Arrival Time,1,Daylight,Clear,0,2,[],[],0,0,Valid,0.0,0.0,24.0,24.0,['Male'],0,0,3,4,3,Dry,Straight,Level,Lowest,No
9185,12,Florida,121738,1,1,1,0,1,PEMBROKE PARK,May,24,Wednesday,22,4,Urban,Medium Speed (Collector),No,25.97309167,-80.19836111,Non-Intersection,Dark - Not Lighted,Clear,Unknown,Unknown,Unknown EMS Scene Arrival Hour,Unknown EMS Scene Arrival Minutes,Not Applicable (Not Transported),Not Applicable (Not Transported),1,Dark - Unlighted,Clear,0,1,[],[],0,0,Invalid,0.0,0.0,999.0,999.0,['Other'],0,0,1,0,4,Dry,Straight,Level,Lowest,No
9186,12,Florida,121739,0,1,1,0,1,NOT APPLICABLE,July,6,Thursday,20,33,Rural,High Speed (Arterial),Yes,25.72017222,-80.43332222,Non-Intersection,Daylight,Clear,Unknown,Unknown,Unknown EMS Scene Arrival Hour,Unknown EMS Scene Arrival Minutes,Unknown,Unknown EMS Hospital Arrival Time,1,Daylight,Clear,1,0,['Driver'],['Shoulder_Lapbelt'],0,0,Valid,0.0,0.0,66.0,66.0,['Female'],0,0,3,4,3,Dry,Straight,Level,Lowest,No
9187,12,Florida,121740,0,2,2,0,3,NOT APPLICABLE,July,9,Sunday,23,10,Urban,Medium Speed (Collector),No,25.81673889,-80.23245278,Complex/Circle,Dark - Lighted,Clear,Unknown,Unknown,Unknown EMS Scene Arrival Hour,Unknown EMS Scene Arrival Minutes,Unknown,Unknown EMS Hospital Arrival Time,1,Dark - Lighted,Clear,1,2,['Driver'],['None_Used'],0,0,Valid,0.0,0.0,54.0,50.0,"['Male', 'Male']",0,0,5,4,5,Dry,Straight,Level,Lowest,No
9188,12,Florida,121741,0,1,1,0,1,NOT APPLICABLE,July,3,Monday,20,29,Urban,High Speed (Arterial),Yes,28.24394722,-81.55487778,Non-Intersection,Dark - Not Lighted,Clear,Unknown,Unknown,Unknown EMS Scene Arrival Hour,Unknown EMS Scene Arrival Minutes,Unknown,Unknown EMS Hospital Arrival Time,1,Dark - Unlighted,Clear,1,0,['Driver'],['None_Used'],1,1,Valid,0.0,0.0,59.0,59.0,['Male'],0,0,3,4,3,Dry,Straight,Level,Lowest,No
9189,12,Florida,121742,0,2,2,0,2,NOT APPLICABLE,July,5,Wednesday,23,55,Urban,High Speed (Arterial),Yes,29.07741667,-82.07510556,Non-Intersection,Dark - Not Lighted,Cloudy,Unknown,Unknown,Unknown EMS Scene Arrival Hour,Unknown EMS Scene Arrival Minutes,Not Applicable (Not Transported),Not Applicable (Not Transported),1,Dark - Unlighted,Reduced Visibility,1,1,['Driver'],['None_Used'],0,0,Invalid,0.0,0.0,30.0,19.0,"['Female', 'Female']",0,0,5,3,3,Wet/Standing Water,Straight,Grade/Hillcrest,Lowest,No
9190,12,Florida,121743,0,1,1,0,2,NOT APPLICABLE,July,14,Friday,3,4,Urban,High Speed (Arterial),Yes,27.52502222,-82.43081389,Non-Intersection,Dark - Lighted,Clear,Unknown,Unknown,Unknown EMS Scene Arrival Hour,Unknown EMS Scene Arrival Minutes,Not Applicable (Not Transported),Not Applicable (Not Transported),1,Dark - Lighted,Clear,1,1,['Front_Passenger'],['None_Used'],1,1,Valid,0.0,0.0,18.0,18.0,['Male'],0,0,2,4,4,Dry,Straight,Level,Lowest,No
9191,12,Florida,121744,0,2,2,0,2,NOT APPLICABLE,July,18,Tuesday,0,45,Urban,High Speed (Arterial),Yes,30.63053889,-81.58438056,Non-Intersection,Dark - Not Lighted,Clear,Unknown,Unknown,Unknown EMS Scene Arrival Hour,Unknown EMS Scene Arrival Minutes,Unknown,Unknown EMS Hospital Arrival Time,1,Dark - Unlighted,Clear,1,1,['Driver'],['Shoulder_Lapbelt'],1,1,Valid,1.0,4.0,28.0,25.0,"['Female', 'Male']",0,0,3,4,5,Dry,Straight,Level,Lowest,No
9192,12,Florida,121745,1,1,1,0,2,NOT APPLICABLE,July,14,Friday,12,10,Urban,Medium Speed (Collector),No,28.35581389,-80.68733889,Non-Intersection,Daylight,Clear,Unknown,Unknown,Unknown EMS Scene Arrival Hour,Unknown EMS Scene Arrival Minutes,Unknown,Unknown EMS Hospital Arrival Time,1,Daylight,Clear,0,2,[],[],0,0,Valid,1.0,0.0,48.0,48.0,['Male'],0,0,2,2,4,Dry,Straight,Level,Lowest,No
9193,12,Florida,121746,0,2,2,0,4,NOT APPLICABLE,July,15,Saturday,2,47,Urban,Medium Speed (Collector),No,28.36873611,-82.24552222,Non-Intersection,Dark - Not Lighted,Clear,Unknown,Unknown,Unknown EMS Scene Arrival Hour,Unknown EMS Scene Arrival Minutes,Not Applicable (Not Transported),Not Applicable (Not Transported),1,Dark - Unlighted,Clear,1,3,['Driver'],['Shoulder_Lapbelt'],0,0,Valid,1.0,0.0,63.0,20.0,"['Male', 'Male']",0,0,3,4,5,Dry,Straight,Level,Lowest,No
9194,12,Florida,121747,1,1,1,0,1,NOT APPLICABLE,July,16,Sunday,2,0,Urban,High Speed (Arterial),Yes,28.57627778,-81.55692778,Non-Intersection,Dark - Lighted,Clear,Unknown,Unknown,Unknown EMS Scene Arrival Hour,Unknown EMS Scene Arrival Minutes,Unknown,Unknown EMS Hospital Arrival Time,1,Dark - Lighted,Clear,0,1,[],[],0,0,Valid,0.0,0.0,19.0,19.0,['Male'],0,0,2,4,4,Dry,Straight,Level,Lowest,No
9195,12,Florida,121748,0,2,2,0,5,NOT APPLICABLE,July,17,Monday,5,19,Urban,High Speed (Arterial),Yes,30.31326944,-83.02335556,Non-Intersection,Dark - Not Lighted,"Fog, Smog, Smoke",Unknown,Unknown,Unknown EMS Scene Arrival Hour,Unknown EMS Scene Arrival Minutes,Unknown,Unknown EMS Hospital Arrival Time,2,Dark - Unlighted,Reduced Visibility,2,3,"['Front_Passenger', 'Rear_Seat']","['None_Used', 'None_Used']",1,1,Invalid,0.0,0.0,31.0,26.0,"['Male', 'Male']",0,0,3,4,5,Dry,Straight,Level,Lowest,No
9196,12,Florida,121749,0,3,1,2,1,BRADENTON,January,3,Tuesday,8,49,Urban,Low Speed (Local),No,27.47699722,-82.62654167,Non-Intersection,Daylight,Clear,Unknown,Unknown,Unknown EMS Scene Arrival Hour,Unknown EMS Scene Arrival Minutes,Unknown,Unknown EMS Hospital Arrival Time,1,Daylight,Clear,1,0,['Driver'],['Shoulder_Lapbelt'],0,0,Valid,0.0,0.0,67.0,67.0,['Female'],0,0,3,4,5,Dry,Straight,Level,Lowest,No
9197,12,Florida,121750,0,1,1,0,1,ORLANDO,January,22,Sunday,20,45,Urban,Medium Speed (Collector),No,28.53273333,-81.30640833,Non-Intersection,Dark - Lighted,Clear,Unknown,Unknown,Unknown EMS Scene Arrival Hour,Unknown EMS Scene Arrival Minutes,Unknown,Unknown EMS Hospital Arrival Time,1,Dark - Lighted,Clear,1,0,['Driver'],['None_Used'],1,1,Invalid,0.0,0.0,33.0,33.0,['Male'],0,0,5,0,3,Dry,Straight,Level,Lowest,No
9198,12,Florida,121751,0,1,1,0,1,SAINT JOHNS,May,21,Sunday,4,35,Urban,Medium Speed (Collector),No,30.12035833,-81.61909167,Non-Intersection,Dark - Not Lighted,Clear,Unknown,Unknown,Unknown EMS Scene Arrival Hour,Unknown EMS Scene Arrival Minutes,Unknown,Unknown EMS Hospital Arrival Time,1,Dark - Unlighted,Clear,1,0,['Driver'],['None_Used'],0,0,Valid,0.0,0.0,26.0,26.0,['Female'],0,0,2,4,3,Dry,Straight,Level,Lowest,No
9199,12,Florida,121752,0,3,3,0,4,NOT APPLICABLE,February,22,Wednesday,13,53,Urban,Medium Speed (Collector),No,28.04081389,-81.90792778,Non-Intersection,Daylight,Clear,Unknown,Unknown,Unknown EMS Scene Arrival Hour,Unknown EMS Scene Arrival Minutes,Unknown,Unknown EMS Hospital Arrival Time,1,Daylight,Clear,1,3,['Driver'],['Shoulder_Lapbelt'],0,0,Valid,0.0,1.0,67.0,41.0,"['Male', 'Male', 'Male']",0,0,3,4,5,Dry,Straight,Level,Lowest,No
9200,12,Florida,121753,0,1,1,0,1,DELRAY BEACH,July,16,Sunday,20,33,Urban,High Speed (Arterial),Yes,26.45944167,-80.06691667,Non-Intersection,Dark - Lighted,Rain,Unknown,Unknown,Unknown EMS Scene Arrival Hour,Unknown EMS Scene Arrival Minutes,Not Applicable (Not Transported),Not Applicable (Not Transported),1,Dark - Lighted,Rain/Wind/Minor,1,0,['Driver'],['Shoulder_Lapbelt'],0,0,Valid,0.0,2.0,45.0,45.0,['Male'],1,0,3,4,3,Wet/Standing Water,Straight,Level,Lowest,No
9201,12,Florida,121754,0,3,3,0,4,WEST PALM BEACH,July,17,Monday,16,52,Rural,Medium Speed (Collector),No,26.81148333,-80.19739444,Non-Intersection,Daylight,Rain,Unknown,Unknown,Unknown EMS Scene Arrival Hour,Unknown EMS Scene Arrival Minutes,Unknown,Unknown EMS Hospital Arrival Time,1,Daylight,Rain/Wind/Minor,1,3,['Driver'],['Shoulder_Lapbelt'],0,0,Valid,0.0,0.0,58.0,16.0,"['Male', 'Male', 'Male']",2,0,3,4,5,Wet/Standing Water,Straight,Level,Lowest,No
9202,12,Florida,121755,0,1,1,0,1,MIAMI,July,16,Sunday,22,0,Urban,High Speed (Arterial),Yes,25.75737778,-80.20538056,Non-Intersection,Dark - Lighted,Clear,Unknown,Unknown,Unknown EMS Scene Arrival Hour,Unknown EMS Scene Arrival Minutes,Unknown,Unknown EMS Hospital Arrival Time,1,Dark - Lighted,Clear,1,0,['Driver'],['Shoulder_Lapbelt'],0,0,Valid,0.0,0.0,29.0,29.0,['Male'],0,0,3,4,3,Wet/Standing Water,Straight,Level,Lowest,No
9203,12,Florida,121756,0,1,1,0,1,NOT APPLICABLE,May,15,Monday,3,48,Urban,High Speed (Arterial),Yes,27.89328056,-82.40170556,Non-Intersection,Dark - Not Lighted,Clear,Unknown,Unknown,Unknown EMS Scene Arrival Hour,Unknown EMS Scene Arrival Minutes,Not Applicable (Not Transported),Not Applicable (Not Transported),1,Dark - Unlighted,Clear,1,0,['Driver'],['None_Used'],1,1,Valid,3.0,1.0,58.0,58.0,['Male'],0,0,5,4,3,Dry,Curve,Level,Lowest,No
9204,12,Florida,121757,0,2,2,0,5,NOT APPLICABLE,June,25,Sunday,2,33,Rural,Medium Speed (Collector),No,27.76758611,-80.55940833,Non-Intersection,Dark - Not Lighted,Clear,Unknown,Unknown,Unknown EMS Scene Arrival Hour,Unknown EMS Scene Arrival Minutes,Unknown,Unknown EMS Hospital Arrival Time,1,Dark - Unlighted,Clear,1,4,['Rear_Seat'],['None_Used'],1,1,Valid,0.0,2.0,36.0,23.0,"['Male', 'Other']",0,0,2,4,5,Dry,Straight,Level,Lowest,No
9205,12,Florida,121758,0,1,1,0,1,LARGO,July,17,Monday,22,23,Rural,Medium Speed (Collector),No,27.93095833,-82.72196111,Simple Junction,Dark - Lighted,Clear,Unknown,Unknown,Unknown EMS Scene Arrival Hour,Unknown EMS Scene Arrival Minutes,Unknown,Unknown EMS Hospital Arrival Time,1,Dark - Lighted,Clear,1,0,['Driver'],['None_Used'],1,1,Valid,0.0,0.0,40.0,40.0,['Female'],1,0,2,4,2,Dry,Straight,Level,Lowest,No
9206,12,Florida,121759,1,1,1,0,1,NOT APPLICABLE,July,17,Monday,23,4,Urban,High Speed (Arterial),Yes,28.44823333,-82.18796944,Non-Intersection,Dark - Not Lighted,Rain,Unknown,Unknown,Unknown EMS Scene Arrival Hour,Unknown EMS Scene Arrival Minutes,Not Applicable (Not Transported),Not Applicable (Not Transported),1,Dark - Unlighted,Rain/Wind/Minor,0,1,[],[],0,0,Valid,0.0,0.0,52.0,52.0,['Male'],0,0,3,3,4,Wet/Standing Water,Straight,Level,Lowest,No
9207,12,Florida,121760,0,1,1,0,1,NOT APPLICABLE,July,2,Sunday,13,20,Rural,High Speed (Arterial),Yes,27.87893889,-80.59178611,Non-Intersection,Daylight,Clear,Unknown,Unknown,Unknown EMS Scene Arrival Hour,Unknown EMS Scene Arrival Minutes,Not Applicable (Not Transported),Not Applicable (Not Transported),1,Daylight,Clear,1,0,['Driver'],['None_Used'],1,1,Valid,0.0,0.0,64.0,64.0,['Male'],0,0,5,3,3,Dry,Curve,Level,Lowest,No
9208,12,Florida,121761,1,1,1,0,1,PORT ORANGE,July,21,Friday,20,50,Urban,High Speed (Arterial),Yes,29.09848333,-80.97069444,Non-Intersection,Dark - Not Lighted,Clear,Unknown,Unknown,Unknown EMS Scene Arrival Hour,Unknown EMS Scene Arrival Minutes,Not Applicable (Not Transported),Not Applicable (Not Transported),1,Dark - Unlighted,Clear,0,1,[],[],0,0,Valid,0.0,1.0,40.0,40.0,['Female'],0,0,3,3,4,Dry,Straight,Level,Lowest,No
9209,12,Florida,121762,0,2,2,0,3,BRADENTON,June,23,Friday,20,29,Urban,High Speed (Arterial),No,27.49606944,-82.63329167,Complex/Circle,Dusk,Clear,Unknown,Unknown,Unknown EMS Scene Arrival Hour,Unknown EMS Scene Arrival Minutes,Unknown,Unknown EMS Hospital Arrival Time,1,Twilight,Clear,1,2,['Driver'],['None_Used'],1,1,Valid,1.0,0.0,78.0,76.0,"['Male', 'Male']",0,0,5,4,5,Dry,Straight,Level,Lowest,No
9210,12,Florida,121763,1,1,1,0,1,NOT APPLICABLE,July,18,Tuesday,0,55,Urban,High Speed (Arterial),Yes,28.21878056,-82.24618333,Complex/Circle,Dark - Lighted,Cloudy,Unknown,Unknown,Unknown EMS Scene Arrival Hour,Unknown EMS Scene Arrival Minutes,Not Applicable (Not Transported),Not Applicable (Not Transported),1,Dark - Lighted,Reduced Visibility,0,1,[],[],0,0,Valid,0.0,0.0,18.0,18.0,['Female'],0,0,2,4,4,Wet/Standing Water,Straight,Level,Lowest,No
9211,12,Florida,121764,0,2,2,0,2,LARGO,July,4,Tuesday,8,43,Urban,Medium Speed (Collector),No,27.89111944,-82.79528333,Complex/Circle,Daylight,Cloudy,Unknown,Unknown,Unknown EMS Scene Arrival Hour,Unknown EMS Scene Arrival Minutes,Unknown,Unknown EMS Hospital Arrival Time,1,Daylight,Reduced Visibility,1,1,['Driver'],['Shoulder_Lapbelt'],0,0,Valid,0.0,1.0,88.0,47.0,"['Male', 'Male']",0,0,2,4,5,Dry,Straight,Level,Lowest,No
9212,12,Florida,121765,0,2,2,0,3,NOT APPLICABLE,July,11,Tuesday,20,42,Urban,Medium Speed (Collector),No,25.69190833,-80.45444722,Simple Junction,Dark - Lighted,Clear,Unknown,Unknown,Unknown EMS Scene Arrival Hour,Unknown EMS Scene Arrival Minutes,Unknown,Unknown EMS Hospital Arrival Time,1,Dark - Lighted,Clear,1,2,['Driver'],['None_Used'],0,0,Valid,0.0,0.0,89.0,18.0,"['Male', 'Male']",0,0,5,4,5,Dry,Straight,Level,Lowest,No
9213,12,Florida,121766,0,1,1,0,1,MIRAMAR,July,19,Wednesday,13,40,Urban,High Speed (Arterial),Yes,25.98002222,-80.35146111,Non-Intersection,Daylight,Clear,Unknown,Unknown,Unknown EMS Scene Arrival Hour,Unknown EMS Scene Arrival Minutes,Not Applicable (Not Transported),Not Applicable (Not Transported),1,Daylight,Clear,1,0,['Driver'],['None_Used'],0,0,Invalid,1.0,0.0,46.0,46.0,['Female'],0,0,2,4,3,Dry,Curve,Level,Lowest,No
9214,12,Florida,121768,0,2,2,0,2,NOT APPLICABLE,July,18,Tuesday,11,27,Urban,High Speed (Arterial),Yes,28.29385556,-80.69956944,Non-Intersection,Daylight,Cloudy,Unknown,Unknown,Unknown EMS Scene Arrival Hour,Unknown EMS Scene Arrival Minutes,Unknown,Unknown EMS Hospital Arrival Time,1,Daylight,Reduced Visibility,1,1,['Driver'],['None_Used'],1,1,Valid,1.0,1.0,69.0,56.0,"['Male', 'Female']",0,0,3,4,5,Dry,Straight,Level,Lowest,No
9215,12,Florida,121769,1,1,1,0,1,HIALEAH,July,20,Thursday,21,24,Urban,High Speed (Arterial),No,25.84395556,-80.26619444,Non-Intersection,Dark - Not Lighted,Clear,Unknown,Unknown,Unknown EMS Scene Arrival Hour,Unknown EMS Scene Arrival Minutes,Unknown,Unknown EMS Hospital Arrival Time,1,Dark - Unlighted,Clear,0,1,[],[],0,0,Valid,1.0,0.0,49.0,49.0,['Male'],0,0,1,3,4,Dry,Straight,Level,Lowest,No