,State_Code,State_Name,Crash_ID,Count_Non_Motorists,Count_Vehicles_Total,Count_Vehicle_Forms,Count_PVH_Involved,Count_Occupants_MV,City_Name,Month_Name,Day_of_Month,Day_of_Week,Crash_Hour,Crash_Minute,Area_Rural_Urban,Road_Functional_Class,On_NHS_Road,Latitude,Longitude,Intersection_Type,Light_Condition,Weather_Condition,Notif_Hour,Notif_Minute,Arrival_Hour,Arrival_Minute,Hospital_Hour,Hospital_Minute,Fatalities_Count,Clean_Light_Condition,Clean_Weather_Condition,Total_Killed,Total_Alive,Fatal_Seats_List,Killed_Restraint_List,Any_Driver_Drinking,Total_Drinking_Drivers,Driver_License_Category,Driver_Max_Prev_Accident_Count,Driver_Max_Prev_Speeding_Count,Max_Driver_Age,Min_Driver_Age,Driver_Sex_List,Total_Exceeding_Limit_Vehicles,Total_Too_Fast_Vehicles,Max_Vehicle_Type_Severity_5,Max_Vehicle_Damage_Rank,Max_Harmful_Event_Severity,Crash_Road_Surface_Condition,Crash_Horizontal_Alignment,Crash_Vertical_Profile,Crash_Impairment_Category,Crash_Vehicle_Defect
9216,12,Florida,121770,0,1,1,0,1,NOT APPLICABLE,July,5,Wednesday,8,54,Rural,High Speed (Arterial),Yes,25.83964722,-80.38911667,Non-Intersection,Daylight,Clear,Unknown,Unknown,Unknown EMS Scene Arrival Hour,Unknown EMS Scene Arrival Minutes,Unknown,Unknown EMS Hospital Arrival Time,1,Daylight,Clear,1,0,['Driver'],['None_Used'],0,0,Invalid,2.0,1.0,53.0,53.0,['Male'],0,0,2,4,2,Dry,Curve,Grade/Hillcrest,Lowest,No
9217,12,Florida,121771,0,1,1,0,4,NOT APPLICABLE,July,5,Wednesday,16,54,Rural,High Speed (Arterial),Yes,28.09228056,-80.79675556,Non-Intersection,Daylight,Cloudy,Unknown,Unknown,Unknown EMS Scene Arrival Hour,Unknown EMS Scene Arrival Minutes,Unknown,Unknown EMS Hospital Arrival Time,1,Daylight,Reduced Visibility,1,3,['Rear_Seat'],['None_Used'],0,0,Valid,0.0,0.0,38.0,38.0,['Female'],0,0,3,4,3,Dry,Straight,Level,Lowest,No
9218,12,Florida,121772,0,1,1,0,1,GREENACRES CITY,June,8,Thursday,6,38,Urban,High Speed (Arterial),Yes,26.641025,-80.14562778,Non-Intersection,Daylight,Clear,Unknown,Unknown,Unknown EMS Scene Arrival Hour,Unknown EMS Scene Arrival Minutes,Unknown,Unknown EMS Hospital Arrival Time,1,Daylight,Clear,1,0,['Driver'],['None_Used'],0,0,Valid,0.0,0.0,57.0,57.0,['Male'],0,0,5,3,3,Dry,Straight,Level,Lowest,No
9219,12,Florida,121773,0,1,1,0,1,NOT APPLICABLE,July,21,Friday,18,45,Rural,High Speed (Arterial),No,30.14488889,-82.70135833,Non-Intersection,Daylight,Clear,Unknown,Unknown,Unknown EMS Scene Arrival Hour,Unknown EMS Scene Arrival Minutes,Not Applicable (Not Transported),Not Applicable (Not Transported),1,Daylight,Clear,1,0,['Driver'],['None_Used'],1,1,Valid,0.0,0.0,28.0,28.0,['Male'],0,0,3,4,3,Dry,Straight,Level,Lowest,No
9220,12,Florida,121775,0,2,2,0,2,SUNRISE,June,24,Saturday,20,50,Urban,High Speed (Arterial),Yes,26.14306389,-80.16948333,Non-Intersection,Dark - Lighted,Rain,Unknown,Unknown,Unknown EMS Scene Arrival Hour,Unknown EMS Scene Arrival Minutes,Unknown,Unknown EMS Hospital Arrival Time,1,Dark - Lighted,Rain/Wind/Minor,1,1,['Driver'],['None_Used'],0,0,Valid,0.0,1.0,31.0,29.0,"['Male', 'Male']",0,0,3,4,5,Wet/Standing Water,Straight,Level,Lowest,No
9221,12,Florida,121776,0,2,2,0,10,NOT APPLICABLE,July,1,Saturday,4,0,Rural,High Speed (Arterial),Yes,30.70818056,-81.67328611,Non-Intersection,Dark - Lighted,Clear,Unknown,Unknown,Unknown EMS Scene Arrival Hour,Unknown EMS Scene Arrival Minutes,Unknown,Unknown EMS Hospital Arrival Time,4,Dark - Lighted,Clear,4,6,"['Rear_Seat', 'Rear_Seat', 'Rear_Seat', 'Rear_Seat']","['None_Used', 'None_Used', 'None_Used', 'None_Used']",0,0,Invalid,1.0,1.0,24.0,23.0,"['Male', 'Male']",0,0,3,4,5,Dry,Straight,Level,Lowest,No
9222,12,Florida,121777,0,1,1,0,2,JACKSONVILLE,July,22,Saturday,17,51,Urban,High Speed (Arterial),Yes,30.38260833,-81.67287222,Non-Intersection,Daylight,Rain,Unknown,Unknown,Unknown EMS Scene Arrival Hour,Unknown EMS Scene Arrival Minutes,Unknown,Unknown EMS Hospital Arrival Time,1,Daylight,Rain/Wind/Minor,1,1,['Driver'],['None_Used'],0,0,Invalid,0.0,0.0,39.0,39.0,['Male'],0,0,5,3,3,Wet/Standing Water,Curve,Level,Lowest,No
9223,12,Florida,121778,0,2,2,0,3,NOT APPLICABLE,July,14,Friday,15,0,Urban,High Speed (Arterial),Yes,30.30556111,-83.75031111,Non-Intersection,Daylight,Cloudy,Unknown,Unknown,Unknown EMS Scene Arrival Hour,Unknown EMS Scene Arrival Minutes,Unknown,Unknown EMS Hospital Arrival Time,1,Daylight,Reduced Visibility,1,2,['Front_Passenger'],['Shoulder_Lapbelt'],0,0,Valid,0.0,0.0,50.0,21.0,"['Male', 'Female']",2,0,3,4,5,Wet/Standing Water,Straight,Level,Lowest,No
9224,12,Florida,121779,1,1,1,0,1,POMPANO BEACH,February,20,Monday,3,17,Urban,High Speed (Arterial),Yes,26.23166389,-80.107175,Non-Intersection,Dark - Lighted,Clear,Unknown,Unknown,Unknown EMS Scene Arrival Hour,Unknown EMS Scene Arrival Minutes,Not Applicable (Not Transported),Not Applicable (Not Transported),1,Dark - Lighted,Clear,0,1,[],[],0,0,Valid,0.0,0.0,58.0,58.0,['Male'],0,0,3,1,4,Dry,Straight,Level,Lowest,No
9225,12,Florida,121780,0,2,2,0,2,NOT APPLICABLE,July,20,Thursday,12,40,Rural,Medium Speed (Collector),No,27.26288611,-82.49760556,Simple Junction,Daylight,Clear,Unknown,Unknown,Unknown EMS Scene Arrival Hour,Unknown EMS Scene Arrival Minutes,Unknown,Unknown EMS Hospital Arrival Time,1,Daylight,Clear,1,1,['Driver'],['Shoulder_Lapbelt'],0,0,Valid,0.0,1.0,74.0,18.0,"['Female', 'Male']",0,0,2,4,5,Dry,Straight,Level,Lowest,No
9226,12,Florida,121781,0,1,1,0,1,ORLANDO,July,13,Thursday,4,30,Urban,Medium Speed (Collector),No,28.37906667,-81.27715278,Non-Intersection,Dark - Lighted,Clear,Unknown,Unknown,Unknown EMS Scene Arrival Hour,Unknown EMS Scene Arrival Minutes,Not Applicable (Not Transported),Not Applicable (Not Transported),1,Dark - Lighted,Clear,1,0,['Driver'],['Shoulder_Lapbelt'],0,0,Invalid,0.0,0.0,27.0,27.0,['Female'],0,0,3,4,2,Dry,Straight,Level,Lowest,No
9227,12,Florida,121782,1,1,1,0,1,TALLAHASSEE,June,17,Saturday,23,25,Urban,High Speed (Arterial),Yes,30.45638333,-84.28068056,Complex/Circle,Dark - Lighted,Clear,Unknown,Unknown,Unknown EMS Scene Arrival Hour,Unknown EMS Scene Arrival Minutes,Not Applicable (Not Transported),Not Applicable (Not Transported),1,Dark - Lighted,Clear,0,1,[],[],1,1,Valid,0.0,0.0,24.0,24.0,['Female'],0,0,3,3,4,Dry,Straight,Level,Lowest,No
9228,12,Florida,121785,0,2,2,0,2,DAVIE,July,4,Tuesday,21,0,Urban,Low Speed (Local),No,26.05911111,-80.21009444,Non-Intersection,Dark - Not Lighted,Clear,Unknown,Unknown,Unknown EMS Scene Arrival Hour,Unknown EMS Scene Arrival Minutes,Not Applicable (Not Transported),Not Applicable (Not Transported),1,Dark - Unlighted,Clear,1,1,['Driver'],['None_Used'],0,0,Valid,0.0,2.0,36.0,30.0,"['Male', 'Male']",0,0,5,4,5,Dry,Straight,Level,Lowest,No
9229,12,Florida,121786,0,4,4,0,4,NOT APPLICABLE,June,23,Friday,4,40,Urban,High Speed (Arterial),No,25.90590556,-80.32472222,Non-Intersection,Dark - Lighted,Clear,Unknown,Unknown,Unknown EMS Scene Arrival Hour,Unknown EMS Scene Arrival Minutes,Unknown,Unknown EMS Hospital Arrival Time,1,Dark - Lighted,Clear,1,3,['Driver'],['Shoulder_Lapbelt'],0,0,Valid,2.0,0.0,69.0,34.0,"['Male', 'Male', 'Male', 'Female']",0,0,3,4,5,Dry,Straight,Level,Lowest,No
9230,12,Florida,121787,0,4,4,0,7,LEESBURG,June,14,Wednesday,8,10,Urban,High Speed (Arterial),Yes,28.82141667,-81.83625,Non-Intersection,Daylight,Clear,Unknown,Unknown,Unknown EMS Scene Arrival Hour,Unknown EMS Scene Arrival Minutes,Unknown,Unknown EMS Hospital Arrival Time,3,Daylight,Clear,3,4,"['Driver', 'Driver', 'Front_Passenger']","['None_Used', 'None_Used', 'None_Used']",0,0,Invalid,1.0,0.0,77.0,42.0,"['Male', 'Female', 'Male', 'Male']",0,0,3,4,5,Dry,Straight,Level,Lowest,No
9231,12,Florida,121789,0,1,1,0,1,NOT APPLICABLE,July,23,Sunday,14,30,Urban,High Speed (Arterial),Yes,27.51825833,-80.35456667,Non-Intersection,Daylight,Clear,Unknown,Unknown,Unknown EMS Scene Arrival Hour,Unknown EMS Scene Arrival Minutes,Unknown,Unknown EMS Hospital Arrival Time,1,Daylight,Clear,1,0,['Driver'],['Shoulder_Lapbelt'],0,0,Invalid,0.0,0.0,43.0,43.0,['Male'],0,0,3,4,3,Dry,Straight,Level,Lowest,No
9232,12,Florida,121790,1,1,1,0,1,SARASOTA,June,23,Friday,6,59,Rural,Low Speed (Local),No,27.337525,-82.52416667,Complex/Circle,Daylight,Clear,Unknown,Unknown,Unknown EMS Scene Arrival Hour,Unknown EMS Scene Arrival Minutes,Unknown,Unknown EMS Hospital Arrival Time,1,Daylight,Clear,0,1,[],[],0,0,Valid,0.0,0.0,24.0,24.0,['Male'],0,0,3,3,4,Dry,Straight,Level,Lowest,No
9233,12,Florida,121791,0,2,2,0,3,LAKELAND,July,23,Sunday,4,13,Urban,High Speed (Arterial),Yes,28.05100556,-82.01608333,Non-Intersection,Dark - Lighted,Clear,Unknown,Unknown,Unknown EMS Scene Arrival Hour,Unknown EMS Scene Arrival Minutes,Unknown,Unknown EMS Hospital Arrival Time,1,Dark - Lighted,Clear,1,2,['Driver'],['None_Used'],1,1,Invalid,0.0,0.0,36.0,31.0,"['Female', 'Female']",0,0,3,4,5,Dry,Straight,Level,Lowest,No
9234,12,Florida,121792,0,2,2,0,2,CALLAWAY,July,13,Thursday,10,45,Urban,High Speed (Arterial),Yes,30.13075278,-85.59124167,Non-Intersection,Daylight,Clear,Unknown,Unknown,Unknown EMS Scene Arrival Hour,Unknown EMS Scene Arrival Minutes,Unknown,Unknown EMS Hospital Arrival Time,1,Daylight,Clear,1,1,['Driver'],['Shoulder_Lapbelt'],0,0,Valid,0.0,1.0,68.0,52.0,"['Male', 'Male']",0,0,4,4,5,Dry,Straight,Level,Lowest,No
9235,12,Florida,121793,1,1,1,0,1,NOT APPLICABLE,July,24,Monday,5,45,Rural,Low Speed (Local),No,28.05525,-81.90980278,Non-Intersection,Dark - Not Lighted,Cloudy,Unknown,Unknown,Unknown EMS Scene Arrival Hour,Unknown EMS Scene Arrival Minutes,Unknown,Unknown EMS Hospital Arrival Time,1,Dark - Unlighted,Reduced Visibility,0,1,[],[],0,0,Valid,0.0,0.0,46.0,46.0,['Male'],0,0,2,4,4,Dry,Straight,Level,Lowest,No
9236,12,Florida,121794,0,2,2,0,5,NOT APPLICABLE,July,1,Saturday,19,15,Rural,Medium Speed (Collector),No,30.97620556,-85.02565833,Complex/Circle,Dark - Not Lighted,Clear,Unknown,Unknown,Unknown EMS Scene Arrival Hour,Unknown EMS Scene Arrival Minutes,Unknown,Unknown EMS Hospital Arrival Time,1,Dark - Unlighted,Clear,1,4,['Driver'],['Shoulder_Lapbelt'],0,0,Valid,1.0,0.0,58.0,29.0,"['Male', 'Male']",0,0,3,4,5,Dry,Straight,Level,Lowest,No
9237,12,Florida,121795,1,1,1,0,1,CRAWFORDVILLE,July,25,Tuesday,21,25,Rural,Low Speed (Local),No,30.20659722,-84.37226389,Non-Intersection,Dark - Not Lighted,Clear,Unknown,Unknown,Unknown EMS Scene Arrival Hour,Unknown EMS Scene Arrival Minutes,Unknown,Unknown EMS Hospital Arrival Time,1,Dark - Unlighted,Clear,0,1,[],[],0,0,Valid,1.0,1.0,32.0,32.0,['Male'],0,0,3,3,4,Dry,Straight,Level,Lowest,No
9238,12,Florida,121796,0,1,1,0,1,NOT APPLICABLE,July,27,Thursday,12,50,Urban,High Speed (Arterial),Yes,30.76523333,-86.59724722,Simple Junction,Daylight,Cloudy,Unknown,Unknown,Unknown EMS Scene Arrival Hour,Unknown EMS Scene Arrival Minutes,Not Applicable (Not Transported),Not Applicable (Not Transported),1,Daylight,Reduced Visibility,1,0,['Driver'],['None_Used'],0,0,Valid,0.0,0.0,75.0,75.0,['Male'],0,0,5,4,3,Dry,Straight,Grade/Hillcrest,Lowest,No
9239,12,Florida,121797,1,1,1,0,1,NOT APPLICABLE,July,28,Friday,4,50,Urban,High Speed (Arterial),Yes,30.40945833,-87.276425,Non-Intersection,Dark - Not Lighted,Clear,Unknown,Unknown,Unknown EMS Scene Arrival Hour,Unknown EMS Scene Arrival Minutes,Not Applicable (Not Transported),Not Applicable (Not Transported),1,Dark - Unlighted,Clear,0,1,[],[],0,0,Valid,0.0,0.0,48.0,48.0,['Female'],0,0,3,4,4,Dry,Straight,Grade/Hillcrest,Lowest,No
9240,12,Florida,121799,1,1,1,0,2,PALM BEACH GARDENS,July,28,Friday,5,25,Urban,High Speed (Arterial),Yes,26.83002778,-80.09756111,Non-Intersection,Dark - Lighted,Cloudy,Unknown,Unknown,Unknown EMS Scene Arrival Hour,Unknown EMS Scene Arrival Minutes,Not Applicable (Not Transported),Not Applicable (Not Transported),1,Dark - Lighted,Reduced Visibility,0,2,[],[],0,0,Valid,0.0,0.0,74.0,74.0,['Male'],0,0,3,3,4,Wet/Standing Water,Straight,Level,Lowest,No
9241,12,Florida,121800,1,1,1,0,1,NOT APPLICABLE,July,28,Friday,3,28,Urban,Medium Speed (Collector),No,27.01744167,-82.16387778,Non-Intersection,Dark - Not Lighted,Clear,Unknown,Unknown,Unknown EMS Scene Arrival Hour,Unknown EMS Scene Arrival Minutes,Unknown,Unknown EMS Hospital Arrival Time,1,Dark - Unlighted,Clear,0,1,[],[],0,0,Valid,0.0,2.0,29.0,29.0,['Male'],0,0,3,3,4,Dry,Straight,Level,Lowest,No
9242,12,Florida,121801,1,1,1,0,1,NOT APPLICABLE,July,25,Tuesday,22,0,Urban,High Speed (Arterial),Yes,28.10699167,-82.50251944,Non-Intersection,Dark - Lighted,Clear,Unknown,Unknown,Unknown EMS Scene Arrival Hour,Unknown EMS Scene Arrival Minutes,Unknown,Unknown EMS Hospital Arrival Time,1,Dark - Lighted,Clear,0,1,[],[],0,0,Valid,0.0,0.0,17.0,17.0,['Male'],0,0,2,3,4,Dry,Straight,Level,Lowest,No
9243,12,Florida,121802,0,3,3,0,5,NOT APPLICABLE,July,5,Wednesday,10,37,Urban,Medium Speed (Collector),No,25.49945,-80.42946667,Non-Intersection,Daylight,Clear,Unknown,Unknown,Unknown EMS Scene Arrival Hour,Unknown EMS Scene Arrival Minutes,Unknown,Unknown EMS Hospital Arrival Time,1,Daylight,Clear,1,4,['Rear_Seat'],['Shoulder_Lapbelt'],0,0,Valid,0.0,0.0,43.0,16.0,"['Male', 'Female', 'Female']",0,0,3,4,5,Dry,Straight,Level,Lowest,No
9244,12,Florida,121803,0,5,5,0,6,NOT APPLICABLE,July,6,Thursday,7,43,Urban,High Speed (Arterial),Yes,28.02724722,-82.16206111,Non-Intersection,Daylight,Clear,Unknown,Unknown,Unknown EMS Scene Arrival Hour,Unknown EMS Scene Arrival Minutes,Unknown,Unknown EMS Hospital Arrival Time,1,Daylight,Clear,1,5,['Driver'],['Shoulder_Lapbelt'],0,0,Valid,1.0,1.0,52.0,21.0,"['Male', 'Male', 'Female', 'Male', 'Male']",0,0,3,4,5,Dry,Straight,Level,Lowest,No
9245,12,Florida,121804,0,2,2,0,3,NOT APPLICABLE,July,9,Sunday,13,5,Urban,Medium Speed (Collector),No,28.54448611,-81.22218056,Complex/Circle,Daylight,Clear,Unknown,Unknown,Unknown EMS Scene Arrival Hour,Unknown EMS Scene Arrival Minutes,Unknown,Unknown EMS Hospital Arrival Time,2,Daylight,Clear,2,1,"['Driver', 'Front_Passenger']","['Shoulder_Lapbelt', 'Shoulder_Lapbelt']",1,1,Invalid,1.0,0.0,50.0,40.0,"['Female', 'Male']",1,0,3,4,5,Dry,Straight,Level,Lowest,No
9246,12,Florida,121805,0,2,2,0,5,NOT APPLICABLE,July,25,Tuesday,7,13,Rural,High Speed (Arterial),Yes,29.01651389,-81.37311389,Non-Intersection,Daylight,Clear,Unknown,Unknown,Unknown EMS Scene Arrival Hour,Unknown EMS Scene Arrival Minutes,Unknown,Unknown EMS Hospital Arrival Time,1,Daylight,Clear,1,4,['Driver'],['None_Used'],0,0,Valid,0.0,0.0,34.0,25.0,"['Male', 'Male']",0,0,4,4,5,Dry,Straight,Level,Lowest,No
9247,12,Florida,121806,0,2,2,0,6,NOT APPLICABLE,July,6,Thursday,21,3,Urban,High Speed (Arterial),Yes,30.02537222,-81.48563056,Non-Intersection,Dark - Not Lighted,Rain,Unknown,Unknown,Unknown EMS Scene Arrival Hour,Unknown EMS Scene Arrival Minutes,Unknown,Unknown EMS Hospital Arrival Time,1,Dark - Unlighted,Rain/Wind/Minor,1,5,['Rear_Seat'],['None_Used'],0,0,Invalid,1.0,1.0,36.0,32.0,"['Male', 'Male']",0,0,4,4,5,Wet/Standing Water,Straight,Level,Lowest,No
9248,12,Florida,121807,1,1,1,0,1,NOT APPLICABLE,July,25,Tuesday,23,4,Urban,High Speed (Arterial),Yes,30.45609722,-84.37255556,Non-Intersection,Dark - Not Lighted,Clear,Unknown,Unknown,Unknown EMS Scene Arrival Hour,Unknown EMS Scene Arrival Minutes,Unknown,Unknown EMS Hospital Arrival Time,1,Dark - Unlighted,Clear,0,1,[],[],1,1,Valid,0.0,1.0,27.0,27.0,['Male'],0,0,2,4,4,Dry,Straight,Level,Lowest,No
9249,12,Florida,121808,0,2,2,0,2,NOT APPLICABLE,July,21,Friday,14,25,Urban,Medium Speed (Collector),No,29.04619167,-81.05994722,Non-Intersection,Daylight,Clear,Unknown,Unknown,Unknown EMS Scene Arrival Hour,Unknown EMS Scene Arrival Minutes,Not Applicable (Not Transported),Not Applicable (Not Transported),1,Daylight,Clear,1,1,['Driver'],['Shoulder_Lapbelt'],0,0,Valid,0.0,0.0,68.0,62.0,"['Female', 'Male']",0,0,4,4,5,Dry,Straight,Level,Lowest,No
9250,12,Florida,121809,1,1,1,0,1,NOT APPLICABLE,July,9,Sunday,17,45,Rural,Low Speed (Local),No,26.36636111,-80.20017778,Non-Intersection,Daylight,Cloudy,Unknown,Unknown,Unknown EMS Scene Arrival Hour,Unknown EMS Scene Arrival Minutes,Unknown,Unknown EMS Hospital Arrival Time,1,Daylight,Reduced Visibility,0,1,[],[],0,0,Valid,0.0,0.0,50.0,50.0,['Female'],0,0,2,1,4,Dry,Straight,Level,Lowest,No
9251,12,Florida,121810,0,1,1,0,2,DAYTONA BEACH,July,22,Saturday,1,47,Urban,High Speed (Arterial),Yes,29.19296389,-81.05165278,Non-Intersection,Dark - Not Lighted,Clear,Unknown,Unknown,Unknown EMS Scene Arrival Hour,Unknown EMS Scene Arrival Minutes,Not Applicable (Not Transported),Not Applicable (Not Transported),2,Dark - Unlighted,Clear,2,0,"['Driver', 'Rear_Seat']","['None_Used', 'None_Used']",0,0,Valid,0.0,0.0,41.0,41.0,['Male'],0,0,5,4,3,Dry,Curve,Level,Lowest,No
9252,12,Florida,121811,1,1,1,0,1,HOMESTEAD,July,10,Monday,21,15,Rural,Low Speed (Local),No,25.46617778,-80.47434722,Simple Junction,Dark - Lighted,Clear,Unknown,Unknown,Unknown EMS Scene Arrival Hour,Unknown EMS Scene Arrival Minutes,Not Applicable (Not Transported),Not Applicable (Not Transported),1,Dark - Lighted,Clear,0,1,[],[],0,0,Valid,0.0,0.0,44.0,44.0,['Female'],0,0,2,3,4,Dry,Curve,Level,Lowest,No
9253,12,Florida,121812,0,2,2,0,4,MIAMI,July,21,Friday,11,29,Rural,Low Speed (Local),No,25.79712778,-80.18909167,Complex/Circle,Daylight,Clear,Unknown,Unknown,Unknown EMS Scene Arrival Hour,Unknown EMS Scene Arrival Minutes,Unknown,Unknown EMS Hospital Arrival Time,1,Daylight,Clear,1,3,['Driver'],['None_Used'],0,0,Valid,1.0,0.0,62.0,19.0,"['Female', 'Male']",0,0,5,4,5,Dry,Straight,Level,Lowest,No
9254,12,Florida,121813,0,2,2,0,3,NOT APPLICABLE,July,21,Friday,21,28,Urban,High Speed (Arterial),Yes,30.7517,-86.48614722,Simple Junction,Dark - Not Lighted,Clear,Unknown,Unknown,Unknown EMS Scene Arrival Hour,Unknown EMS Scene Arrival Minutes,Not Applicable (Not Transported),Not Applicable (Not Transported),1,Dark - Unlighted,Clear,1,2,['Driver'],['None_Used'],0,0,Valid,0.0,1.0,23.0,22.0,"['Male', 'Male']",0,0,5,4,5,Dry,Straight,Level,Lowest,No
9255,12,Florida,121814,0,5,5,0,8,NOT APPLICABLE,July,26,Wednesday,15,45,Urban,High Speed (Arterial),Yes,26.61990556,-81.80546667,Non-Intersection,Daylight,Clear,Unknown,Unknown,Unknown EMS Scene Arrival Hour,Unknown EMS Scene Arrival Minutes,Unknown,Unknown EMS Hospital Arrival Time,1,Daylight,Clear,1,7,['Driver'],['Shoulder_Lapbelt'],0,0,Valid,1.0,1.0,59.0,25.0,"['Male', 'Male', 'Female', 'Male', 'Male']",0,0,4,4,5,Dry,Straight,Level,Lowest,No
9256,12,Florida,121815,0,1,1,0,1,NOT APPLICABLE,July,21,Friday,19,43,Urban,Medium Speed (Collector),No,30.67253611,-87.25803889,Non-Intersection,Dark - Not Lighted,Clear,Unknown,Unknown,Unknown EMS Scene Arrival Hour,Unknown EMS Scene Arrival Minutes,Not Applicable (Not Transported),Not Applicable (Not Transported),1,Dark - Unlighted,Clear,1,0,['Driver'],['None_Used'],1,1,Valid,0.0,0.0,46.0,46.0,['Male'],0,0,3,4,3,Dry,Curve,Level,Lowest,No
9257,12,Florida,121816,1,2,2,0,3,TAMPA,July,24,Monday,21,59,Urban,High Speed (Arterial),No,27.96803333,-82.54772222,Non-Intersection,Dark - Not Lighted,Cloudy,Unknown,Unknown,Unknown EMS Scene Arrival Hour,Unknown EMS Scene Arrival Minutes,Not Applicable (Not Transported),Not Applicable (Not Transported),1,Dark - Unlighted,Reduced Visibility,0,3,[],[],0,0,Valid,1.0,0.0,998.0,60.0,"['Female', 'Other']",0,0,3,3,4,Wet/Standing Water,Straight,Level,Lowest,No
9258,12,Florida,121817,0,2,2,0,3,JACKSONVILLE,July,28,Friday,23,58,Urban,High Speed (Arterial),Yes,30.49476667,-81.63999444,Non-Intersection,Dark - Lighted,Clear,Unknown,Unknown,Unknown EMS Scene Arrival Hour,Unknown EMS Scene Arrival Minutes,Unknown,Unknown EMS Hospital Arrival Time,1,Dark - Lighted,Clear,1,2,['Rear_Seat'],['Shoulder_Lapbelt'],0,0,Valid,0.0,2.0,38.0,25.0,"['Male', 'Male']",0,0,4,4,5,Dry,Straight,Level,Lowest,No
9259,12,Florida,121818,1,2,2,0,2,KISSIMMEE,July,28,Friday,6,31,Rural,Low Speed (Local),No,28.30427778,-81.45346667,Simple Junction,Dark - Lighted,Clear,Unknown,Unknown,Unknown EMS Scene Arrival Hour,Unknown EMS Scene Arrival Minutes,Not Applicable (Not Transported),Not Applicable (Not Transported),1,Dark - Lighted,Clear,0,2,[],[],0,0,Valid,0.0,0.0,52.0,23.0,"['Male', 'Female']",0,0,3,4,5,Dry,Straight,Level,Lowest,No
9260,12,Florida,121819,0,1,1,0,1,MIAMI GARDENS,July,29,Saturday,7,35,Urban,High Speed (Arterial),Yes,25.96200833,-80.29459722,Non-Intersection,Daylight,Clear,Unknown,Unknown,Unknown EMS Scene Arrival Hour,Unknown EMS Scene Arrival Minutes,Not Applicable (Not Transported),Not Applicable (Not Transported),1,Daylight,Clear,1,0,['Driver'],['None_Used'],0,0,Valid,0.0,0.0,25.0,25.0,['Male'],1,0,2,4,3,Dry,Straight,Level,Lowest,No
9261,12,Florida,121820,0,2,2,0,5,NOT APPLICABLE,July,28,Friday,0,27,Urban,Medium Speed (Collector),No,26.76227222,-80.22688611,Non-Intersection,Dark - Not Lighted,Cloudy,Unknown,Unknown,Unknown EMS Scene Arrival Hour,Unknown EMS Scene Arrival Minutes,Unknown,Unknown EMS Hospital Arrival Time,1,Dark - Unlighted,Reduced Visibility,1,4,['Driver'],['None_Used'],1,1,Valid,0.0,0.0,43.0,23.0,"['Male', 'Male']",0,0,3,4,5,Wet/Standing Water,Straight,Level,Lowest,No
9262,12,Florida,121821,0,1,1,0,1,BUSHNELL,July,26,Wednesday,10,50,Urban,High Speed (Arterial),Yes,28.66846667,-82.14275833,Non-Intersection,Daylight,Clear,10:00am-10:59am,54,11:00am-11:59am,9,Not Applicable (Not Transported),Not Applicable (Not Transported),1,Daylight,Clear,1,0,['Driver'],['Shoulder_Lapbelt'],0,0,Valid,0.0,0.0,47.0,47.0,['Male'],0,0,4,4,3,Dry,Straight,Level,Lowest,No
9263,12,Florida,121822,1,3,3,0,8,NOT APPLICABLE,July,28,Friday,18,30,Urban,High Speed (Arterial),Yes,27.44777222,-82.57538333,Complex/Circle,Daylight,Clear,Unknown,Unknown,Unknown EMS Scene Arrival Hour,Unknown EMS Scene Arrival Minutes,Unknown,Unknown EMS Hospital Arrival Time,1,Daylight,Clear,0,8,[],[],0,0,Invalid,0.0,0.0,54.0,21.0,"['Male', 'Female', 'Male']",0,0,4,4,5,Dry,Straight,Level,Lowest,No
9264,12,Florida,121823,0,2,2,0,3,TAMPA,July,5,Wednesday,13,11,Urban,Medium Speed (Collector),No,28.14581944,-82.31188056,Non-Intersection,Daylight,Cloudy,Unknown,Unknown,Unknown EMS Scene Arrival Hour,Unknown EMS Scene Arrival Minutes,Unknown,Unknown EMS Hospital Arrival Time,1,Daylight,Reduced Visibility,1,2,['Driver'],['Shoulder_Lapbelt'],0,0,Valid,0.0,0.0,74.0,31.0,"['Male', 'Female']",0,0,3,4,5,Dry,Straight,Non-Trafficway,Lowest,No
9265,12,Florida,121824,0,2,2,0,3,NOT APPLICABLE,July,26,Wednesday,22,25,Urban,High Speed (Arterial),Yes,29.45788889,-81.17699167,Non-Intersection,Dark - Not Lighted,Clear,Unknown,Unknown,Unknown EMS Scene Arrival Hour,Unknown EMS Scene Arrival Minutes,Not Applicable (Not Transported),Not Applicable (Not Transported),1,Dark - Unlighted,Clear,1,2,['Driver'],['Shoulder_Lapbelt'],0,0,Valid,1.0,1.0,43.0,30.0,"['Male', 'Male']",0,0,4,4,5,Dry,Straight,Level,Lowest,No
9266,12,Florida,121825,0,1,1,0,1,NOT APPLICABLE,July,6,Thursday,10,20,Rural,Medium Speed (Collector),No,27.1622,-80.493975,Non-Intersection,Daylight,Clear,Unknown,Unknown,Unknown EMS Scene Arrival Hour,Unknown EMS Scene Arrival Minutes,Unknown,Unknown EMS Hospital Arrival Time,1,Daylight,Clear,1,0,['Driver'],['None_Used'],0,0,Valid,0.0,0.0,83.0,83.0,['Male'],0,0,5,4,3,Dry,Straight,Level,Lowest,No