,State_Code,State_Name,Crash_ID,Count_Non_Motorists,Count_Vehicles_Total,Count_Vehicle_Forms,Count_PVH_Involved,Count_Occupants_MV,City_Name,Month_Name,Day_of_Month,Day_of_Week,Crash_Hour,Crash_Minute,Area_Rural_Urban,Road_Functional_Class,On_NHS_Road,Latitude,Longitude,Intersection_Type,Light_Condition,Weather_Condition,Notif_Hour,Notif_Minute,Arrival_Hour,Arrival_Minute,Hospital_Hour,Hospital_Minute,Fatalities_Count,Clean_Light_Condition,Clean_Weather_Condition,Total_Killed,Total_Alive,Fatal_Seats_List,Killed_Restraint_List,Any_Driver_Drinking,Total_Drinking_Drivers,Driver_License_Category,Driver_Max_Prev_Accident_Count,Driver_Max_Prev_Speeding_Count,Max_Driver_Age,Min_Driver_Age,Driver_Sex_List,Total_Exceeding_Limit_Vehicles,Total_Too_Fast_Vehicles,Max_Vehicle_Type_Severity_5,Max_Vehicle_Damage_Rank,Max_Harmful_Event_Severity,Crash_Road_Surface_Condition,Crash_Horizontal_Alignment,Crash_Vertical_Profile,Crash_Impairment_Category,Crash_Vehicle_Defect
9267,12,Florida,121826,1,1,1,0,1,ORLANDO,July,15,Saturday,20,51,Urban,High Speed (Arterial),Yes,28.48338611,-81.45895278,Non-Intersection,Dark - Lighted,Clear,Unknown,Unknown,Unknown EMS Scene Arrival Hour,Unknown EMS Scene Arrival Minutes,Unknown,Unknown EMS Hospital Arrival Time,1,Dark - Lighted,Clear,0,1,[],[],0,0,Valid,0.0,0.0,35.0,35.0,['Male'],0,0,2,2,4,Dry,Straight,Level,Lowest,No
9268,12,Florida,121827,1,1,1,0,1,TAMPA,July,26,Wednesday,0,12,Urban,High Speed (Arterial),Yes,28.025175,-82.45946944,Complex/Circle,Dark - Lighted,Clear,Unknown,Unknown,Unknown EMS Scene Arrival Hour,Unknown EMS Scene Arrival Minutes,Unknown,Unknown EMS Hospital Arrival Time,1,Dark - Lighted,Clear,0,1,[],[],0,0,Valid,0.0,0.0,60.0,60.0,['Male'],0,0,3,2,4,Dry,Straight,Level,Lowest,No
9269,12,Florida,121828,0,2,2,0,2,PORT SAINT LUCIE,July,11,Tuesday,15,53,Urban,Low Speed (Local),No,27.26922222,-80.26676111,Non-Intersection,Daylight,Clear,Unknown,Unknown,Unknown EMS Scene Arrival Hour,Unknown EMS Scene Arrival Minutes,Unknown,Unknown EMS Hospital Arrival Time,1,Daylight,Clear,1,1,['Driver'],['None_Used'],0,0,Valid,0.0,0.0,26.0,17.0,"['Male', 'Male']",0,0,5,4,5,Dry,Straight,Non-Trafficway,Lowest,No
9270,12,Florida,121829,0,3,3,0,3,NOT APPLICABLE,July,24,Monday,12,16,Urban,High Speed (Arterial),Yes,25.76087778,-80.42488889,Simple Junction,Daylight,Cloudy,Unknown,Unknown,Unknown EMS Scene Arrival Hour,Unknown EMS Scene Arrival Minutes,Unknown,Unknown EMS Hospital Arrival Time,1,Daylight,Reduced Visibility,1,2,['Driver'],['None_Used'],0,0,Valid,1.0,0.0,75.0,55.0,"['Male', 'Male', 'Male']",0,0,3,4,5,Dry,Straight,Level,Lowest,No
9271,12,Florida,121830,0,2,2,0,2,NOT APPLICABLE,July,11,Tuesday,9,26,Rural,Medium Speed (Collector),No,27.77244444,-82.145625,Non-Intersection,Daylight,Clear,Unknown,Unknown,Unknown EMS Scene Arrival Hour,Officially Cancelled,Unknown,Officially Canceled,1,Daylight,Clear,1,1,['Driver'],['Shoulder_Lapbelt'],0,0,Valid,0.0,2.0,34.0,28.0,"['Male', 'Male']",1,0,4,4,5,Dry,Straight,Level,Lowest,No
9272,12,Florida,121831,0,3,3,0,6,PALM COAST,June,29,Thursday,17,45,Urban,Medium Speed (Collector),No,29.62568889,-81.20531111,Simple Junction,Daylight,Clear,Unknown,Unknown,Unknown EMS Scene Arrival Hour,Unknown EMS Scene Arrival Minutes,Unknown,Unknown EMS Hospital Arrival Time,1,Daylight,Clear,1,5,['Driver'],['None_Used'],0,0,Valid,0.0,0.0,56.0,42.0,"['Female', 'Female', 'Male']",0,0,5,4,5,Dry,Straight,Level,Lowest,No
9273,12,Florida,121832,0,2,2,0,2,NOT APPLICABLE,July,2,Sunday,13,32,Rural,Medium Speed (Collector),No,28.89520278,-81.62901944,Simple Junction,Daylight,Clear,Unknown,Unknown,Unknown EMS Scene Arrival Hour,Unknown EMS Scene Arrival Minutes,Unknown,Unknown EMS Hospital Arrival Time,1,Daylight,Clear,1,1,['Driver'],['None_Used'],0,0,Valid,0.0,0.0,51.0,19.0,"['Male', 'Male']",0,0,5,4,5,Dry,Straight,Level,Lowest,No
9274,12,Florida,121833,0,2,2,0,2,MIAMI GARDENS,July,17,Monday,3,23,Urban,High Speed (Arterial),Yes,25.94085833,-80.24540833,Complex/Circle,Dark - Lighted,Cloudy,Unknown,Unknown,Unknown EMS Scene Arrival Hour,Unknown EMS Scene Arrival Minutes,Unknown,Unknown EMS Hospital Arrival Time,1,Dark - Lighted,Reduced Visibility,1,1,['Driver'],['Shoulder_Lapbelt'],0,0,Invalid,0.0,0.0,17.0,16.0,"['Male', 'Female']",0,0,3,4,5,Dry,Straight,Level,Lowest,No
9275,12,Florida,121834,0,3,3,0,7,NOT APPLICABLE,July,2,Sunday,3,50,Urban,High Speed (Arterial),Yes,25.96575278,-80.16533056,Non-Intersection,Dark - Lighted,Clear,Unknown,Unknown,Unknown EMS Scene Arrival Hour,Unknown EMS Scene Arrival Minutes,Unknown,Unknown EMS Hospital Arrival Time,1,Dark - Lighted,Clear,1,6,['Rear_Seat'],['None_Used'],0,0,Valid,1.0,0.0,38.0,20.0,"['Male', 'Male', 'Male']",0,0,3,4,5,Dry,Straight,Level,Lowest,No
9276,12,Florida,121835,0,2,2,0,2,NOT APPLICABLE,July,21,Friday,6,20,Urban,High Speed (Arterial),Yes,28.69011667,-81.54693056,Complex/Circle,Dark - Lighted,Clear,Unknown,Unknown,Unknown EMS Scene Arrival Hour,Unknown EMS Scene Arrival Minutes,Unknown,Unknown EMS Hospital Arrival Time,1,Dark - Lighted,Clear,1,1,['Driver'],['None_Used'],0,0,Invalid,0.0,0.0,37.0,36.0,"['Male', 'Male']",0,0,4,4,5,Dry,Straight,Level,Lowest,No
9277,12,Florida,121836,0,3,3,0,3,NOT APPLICABLE,July,18,Tuesday,2,14,Rural,Medium Speed (Collector),No,27.07142222,-81.97048889,Non-Intersection,Dark - Not Lighted,Clear,Unknown,Unknown,Unknown EMS Scene Arrival Hour,Unknown EMS Scene Arrival Minutes,Not Applicable (Not Transported),Not Applicable (Not Transported),1,Dark - Unlighted,Clear,1,2,['Driver'],['Shoulder_Lapbelt'],0,0,Valid,0.0,1.0,48.0,35.0,"['Female', 'Male', 'Male']",0,0,4,4,5,Dry,Straight,Level,Lowest,No
9278,12,Florida,121837,0,1,1,0,1,NOT APPLICABLE,July,12,Wednesday,19,9,Rural,Medium Speed (Collector),No,28.72195833,-82.50741389,Non-Intersection,Daylight,Clear,7:00pm-7:59pm,10,7:00pm-7:59pm,18,Not Applicable (Not Transported),Not Applicable (Not Transported),1,Daylight,Clear,1,0,['Driver'],['None_Used'],1,1,Valid,0.0,0.0,47.0,47.0,['Male'],0,0,5,4,3,Dry,Curve,Level,Lowest,No
9279,12,Florida,121838,0,2,2,0,5,NOT APPLICABLE,May,26,Friday,13,33,Urban,High Speed (Arterial),Yes,28.51755,-81.25046944,Non-Intersection,Daylight,Rain,Unknown,Unknown,Unknown EMS Scene Arrival Hour,Unknown EMS Scene Arrival Minutes,Unknown,Unknown EMS Hospital Arrival Time,1,Daylight,Rain/Wind/Minor,1,4,['Driver'],['None_Used'],0,0,Valid,1.0,0.0,54.0,37.0,"['Female', 'Male']",4,0,4,4,5,Wet/Standing Water,Curve,Level,Lowest,No
9280,12,Florida,121839,1,1,1,0,1,ORLANDO,July,9,Sunday,16,21,Rural,Low Speed (Local),No,28.55243611,-81.43901667,Complex/Circle,Daylight,Clear,Unknown,Unknown,Unknown EMS Scene Arrival Hour,Unknown EMS Scene Arrival Minutes,Unknown,Unknown EMS Hospital Arrival Time,1,Daylight,Clear,0,1,[],[],0,0,Invalid,0.0,0.0,49.0,49.0,['Male'],0,0,5,4,4,Dry,Straight,Level,Lowest,No
9281,12,Florida,121840,0,1,1,0,2,NOT APPLICABLE,July,23,Sunday,10,44,Urban,High Speed (Arterial),Yes,26.94430833,-82.35079444,Complex/Circle,Daylight,Clear,Unknown,Unknown,Unknown EMS Scene Arrival Hour,Unknown EMS Scene Arrival Minutes,Unknown,Unknown EMS Hospital Arrival Time,1,Daylight,Clear,1,1,['Driver'],['Shoulder_Lapbelt'],0,0,Valid,0.0,0.0,72.0,72.0,['Male'],0,0,3,4,3,Dry,Straight,Level,Medium,No
9282,12,Florida,121841,0,1,1,0,1,TAMPA,July,24,Monday,23,27,Urban,Low Speed (Local),No,27.97560278,-82.53436389,Non-Intersection,Dark - Lighted,Clear,Unknown,Unknown,Unknown EMS Scene Arrival Hour,Officially Cancelled,Unknown,Officially Canceled,1,Dark - Lighted,Clear,1,0,['Driver'],['None_Used'],1,1,Valid,0.0,0.0,51.0,51.0,['Female'],1,0,3,4,2,Dry,Curve,Level,Lowest,No
9283,12,Florida,121842,0,2,2,0,5,NOT APPLICABLE,July,24,Monday,14,25,Urban,High Speed (Arterial),Yes,28.53665278,-81.01145278,Non-Intersection,Daylight,Rain,Unknown,Unknown,Unknown EMS Scene Arrival Hour,Unknown EMS Scene Arrival Minutes,Unknown,Unknown EMS Hospital Arrival Time,1,Daylight,Rain/Wind/Minor,1,4,['Driver'],['None_Used'],0,0,Valid,0.0,0.0,86.0,53.0,"['Male', 'Female']",0,0,5,4,5,Wet/Standing Water,Straight,Level,Lowest,No
9284,12,Florida,121843,1,1,1,0,1,JACKSONVILLE,July,26,Wednesday,8,52,Urban,High Speed (Arterial),Yes,30.29066389,-81.62142778,Non-Intersection,Daylight,Clear,Unknown,Unknown,Unknown EMS Scene Arrival Hour,Unknown EMS Scene Arrival Minutes,Unknown,Unknown EMS Hospital Arrival Time,1,Daylight,Clear,0,1,[],[],0,0,Valid,0.0,0.0,22.0,22.0,['Female'],0,0,2,2,4,Dry,Straight,Level,Lowest,No
9285,12,Florida,121844,0,2,2,0,6,JACKSONVILLE,July,23,Sunday,0,27,Urban,High Speed (Arterial),Yes,30.34856944,-81.69553611,Complex/Circle,Dark - Lighted,Clear,Unknown,Unknown,Unknown EMS Scene Arrival Hour,Unknown EMS Scene Arrival Minutes,Unknown,Unknown EMS Hospital Arrival Time,1,Dark - Lighted,Clear,1,5,['Front_Passenger'],['None_Used'],0,0,Valid,1.0,0.0,34.0,21.0,"['Male', 'Male']",0,0,4,4,5,Dry,Straight,Level,Lowest,No
9286,12,Florida,121845,1,1,1,0,1,NOT APPLICABLE,July,30,Sunday,2,29,Urban,High Speed (Arterial),Yes,27.81420833,-82.6796,Non-Intersection,Dark - Lighted,Clear,Unknown,Unknown,Unknown EMS Scene Arrival Hour,Unknown EMS Scene Arrival Minutes,Unknown,Unknown EMS Hospital Arrival Time,1,Dark - Lighted,Clear,0,1,[],[],0,0,Valid,0.0,1.0,56.0,56.0,['Male'],0,0,3,2,4,Dry,Straight,Level,Lowest,No
9287,12,Florida,121846,0,1,1,0,1,LAKELAND,July,30,Sunday,13,55,Urban,Medium Speed (Collector),No,28.03930278,-81.98469444,Non-Intersection,Daylight,Clear,Unknown,Unknown,Unknown EMS Scene Arrival Hour,Unknown EMS Scene Arrival Minutes,Not Applicable (Not Transported),Not Applicable (Not Transported),1,Daylight,Clear,1,0,['Driver'],['Shoulder_Lapbelt'],0,0,Invalid,0.0,0.0,23.0,23.0,['Male'],0,0,3,4,3,Dry,Straight,Level,Lowest,No
9288,12,Florida,121847,0,1,1,0,1,NOT APPLICABLE,July,25,Tuesday,17,33,Urban,Medium Speed (Collector),No,26.60691111,-80.10471111,Non-Intersection,Daylight,Clear,Unknown,Unknown,Unknown EMS Scene Arrival Hour,Unknown EMS Scene Arrival Minutes,Unknown,Unknown EMS Hospital Arrival Time,1,Daylight,Clear,1,0,['Driver'],['None_Used'],0,0,Invalid,0.0,0.0,44.0,44.0,['Male'],1,0,2,4,2,Dry,Straight,Level,Lowest,No
9289,12,Florida,121848,0,1,1,0,1,NOT APPLICABLE,July,25,Tuesday,22,0,Rural,Medium Speed (Collector),No,29.24233056,-82.38274444,Non-Intersection,Dark - Not Lighted,Clear,Unknown,Unknown,Unknown EMS Scene Arrival Hour,Unknown EMS Scene Arrival Minutes,Not Applicable (Not Transported),Not Applicable (Not Transported),1,Dark - Unlighted,Clear,1,0,['Driver'],['None_Used'],1,1,Valid,0.0,0.0,47.0,47.0,['Male'],0,0,5,4,3,Dry,Curve,Level,Lowest,No
9290,12,Florida,121849,1,1,1,0,1,NOT APPLICABLE,July,30,Sunday,20,50,Urban,High Speed (Arterial),Yes,26.67453889,-81.89645,Complex/Circle,Dark - Not Lighted,Clear,Unknown,Unknown,Unknown EMS Scene Arrival Hour,Unknown EMS Scene Arrival Minutes,Not Applicable (Not Transported),Not Applicable (Not Transported),1,Dark - Unlighted,Clear,0,1,[],[],0,0,Valid,0.0,0.0,26.0,26.0,['Female'],0,0,3,4,4,Dry,Straight,Level,Lowest,No
9291,12,Florida,121850,1,1,1,0,1,NOT APPLICABLE,July,26,Wednesday,4,54,Urban,High Speed (Arterial),Yes,30.53333333,-87.27410556,Non-Intersection,Dark - Lighted,Clear,Unknown,Unknown,Unknown EMS Scene Arrival Hour,Unknown EMS Scene Arrival Minutes,Not Applicable (Not Transported),Not Applicable (Not Transported),1,Dark - Lighted,Clear,0,1,[],[],0,0,Valid,0.0,0.0,64.0,64.0,['Male'],0,0,3,4,4,Dry,Straight,Level,Lowest,No
9292,12,Florida,121851,1,1,1,0,1,NOT APPLICABLE,July,29,Saturday,23,18,Urban,Low Speed (Local),No,28.18783056,-82.74608056,Simple Junction,Dark - Lighted,Clear,11:00pm-11:59pm,19,11:00pm-11:59pm,27,Not Applicable (Not Transported),Not Applicable (Not Transported),1,Dark - Lighted,Clear,0,1,[],[],0,0,Valid,0.0,0.0,54.0,54.0,['Male'],0,0,2,3,4,Dry,Straight,Level,Lowest,No
9293,12,Florida,121852,0,2,2,0,2,CRESTVIEW,July,26,Wednesday,0,0,Urban,High Speed (Arterial),Yes,30.71538333,-86.56969444,Non-Intersection,Dark - Unknown Lighting,Clear,Unknown,Unknown,Unknown EMS Scene Arrival Hour,Unknown EMS Scene Arrival Minutes,Unknown,Unknown EMS Hospital Arrival Time,1,Dark - Unlighted,Clear,1,1,['Driver'],['None_Used'],0,0,Valid,1.0,3.0,62.0,23.0,"['Female', 'Male']",0,0,5,4,5,Dry,Straight,Non-Trafficway,Lowest,No
9294,12,Florida,121853,1,1,1,0,1,WEST PALM BEACH,July,29,Saturday,2,59,Urban,High Speed (Arterial),Yes,26.73019167,-80.09112222,Non-Intersection,Dark - Lighted,Clear,Unknown,Unknown,Unknown EMS Scene Arrival Hour,Unknown EMS Scene Arrival Minutes,Not Applicable (Not Transported),Not Applicable (Not Transported),1,Dark - Lighted,Clear,0,1,[],[],0,0,Invalid,0.0,0.0,26.0,26.0,['Male'],0,0,2,4,3,Dry,Straight,Level,Lowest,No
9295,12,Florida,121854,1,1,1,0,1,BUNNELL,July,31,Monday,21,6,Urban,High Speed (Arterial),Yes,29.47532222,-81.24169167,Non-Intersection,Dark - Not Lighted,Cloudy,Unknown,Unknown,Unknown EMS Scene Arrival Hour,Unknown EMS Scene Arrival Minutes,Not Applicable (Not Transported),Not Applicable (Not Transported),1,Dark - Unlighted,Reduced Visibility,0,1,[],[],0,0,Valid,0.0,0.0,77.0,77.0,['Female'],0,0,2,4,4,Wet/Standing Water,Straight,Level,Lowest,No
9296,12,Florida,121855,0,2,2,0,3,NOT APPLICABLE,July,29,Saturday,19,50,Urban,High Speed (Arterial),Yes,25.86906944,-80.213975,Complex/Circle,Daylight,Clear,Unknown,Unknown,Unknown EMS Scene Arrival Hour,Unknown EMS Scene Arrival Minutes,Unknown,Unknown EMS Hospital Arrival Time,1,Daylight,Clear,1,2,['Driver'],['None_Used'],0,0,Valid,2.0,0.0,44.0,22.0,"['Male', 'Male']",1,0,5,4,5,Dry,Straight,Level,Lowest,No
9297,12,Florida,121856,0,1,1,0,1,NOT APPLICABLE,July,21,Friday,18,43,Rural,Low Speed (Local),No,30.91559444,-87.38090278,Non-Intersection,Dark - Not Lighted,Clear,Unknown,Unknown,Unknown EMS Scene Arrival Hour,Officially Cancelled,Unknown,Officially Canceled,1,Dark - Unlighted,Clear,1,0,['Driver'],['None_Used'],1,1,Valid,0.0,0.0,47.0,47.0,['Male'],1,0,5,4,3,Dry,Curve,Grade/Hillcrest,Lowest,No
9298,12,Florida,121857,0,2,2,0,2,NOT APPLICABLE,August,1,Tuesday,19,25,Urban,High Speed (Arterial),Yes,26.58930556,-81.87195,Simple Junction,Daylight,Clear,Unknown,Unknown,Unknown EMS Scene Arrival Hour,Unknown EMS Scene Arrival Minutes,Not Applicable (Not Transported),Not Applicable (Not Transported),1,Daylight,Clear,1,1,['Driver'],['None_Used'],0,0,Valid,1.0,3.0,27.0,25.0,"['Male', 'Male']",0,0,5,3,5,Dry,Straight,Level,Lowest,No
9299,12,Florida,121858,0,1,1,0,1,NOT APPLICABLE,July,29,Saturday,9,0,Urban,High Speed (Arterial),Yes,29.80891111,-82.54974722,Non-Intersection,Daylight,Clear,Unknown,Unknown,Unknown EMS Scene Arrival Hour,Unknown EMS Scene Arrival Minutes,Not Applicable (Not Transported),Not Applicable (Not Transported),1,Daylight,Clear,1,0,['Driver'],['None_Used'],0,0,Valid,0.0,0.0,46.0,46.0,['Female'],1,0,3,4,3,Dry,Straight,Level,Lowest,No
9300,12,Florida,121859,1,1,1,0,3,TITUSVILLE,July,23,Sunday,23,52,Urban,High Speed (Arterial),Yes,28.55071389,-80.86652778,Non-Intersection,Dark - Not Lighted,Clear,Unknown,Unknown,Unknown EMS Scene Arrival Hour,Officially Cancelled,Unknown,Officially Canceled,1,Dark - Unlighted,Clear,0,3,[],[],0,0,Valid,0.0,0.0,47.0,47.0,['Female'],0,0,3,4,4,Dry,Straight,Level,Lowest,No
9301,12,Florida,121860,0,3,3,0,8,NOT APPLICABLE,July,22,Saturday,17,0,Urban,High Speed (Arterial),Yes,30.24117222,-82.73943611,Non-Intersection,Daylight,Rain,Unknown,Unknown,Unknown EMS Scene Arrival Hour,Unknown EMS Scene Arrival Minutes,Unknown,Unknown EMS Hospital Arrival Time,2,Daylight,Rain/Wind/Minor,2,6,"['Driver', 'Rear_Seat']","['Shoulder_Lapbelt', 'Child_Safety']",0,0,Valid,0.0,0.0,54.0,28.0,"['Female', 'Female', 'Male']",4,0,3,4,5,Wet/Standing Water,Straight,Level,Lowest,No
9302,12,Florida,121861,0,1,1,0,2,SANFORD,July,22,Saturday,20,28,Rural,Low Speed (Local),No,28.78657778,-81.27198611,Simple Junction,Dark - Lighted,Cloudy,Unknown,Unknown,Unknown EMS Scene Arrival Hour,Unknown EMS Scene Arrival Minutes,Unknown,Unknown EMS Hospital Arrival Time,1,Dark - Lighted,Reduced Visibility,1,1,['Driver'],['Shoulder_Lapbelt'],0,0,Invalid,0.0,0.0,25.0,25.0,['Female'],0,0,2,4,3,Dry,Straight,Level,Lowest,No
9303,12,Florida,121862,0,3,3,0,3,NOT APPLICABLE,July,30,Sunday,20,47,Rural,Medium Speed (Collector),No,28.42048889,-81.42271111,Simple Junction,Dark - Lighted,Rain,Unknown,Unknown,Unknown EMS Scene Arrival Hour,Unknown EMS Scene Arrival Minutes,Unknown,Unknown EMS Hospital Arrival Time,1,Dark - Lighted,Rain/Wind/Minor,1,2,['Driver'],['Shoulder_Only'],0,0,Valid,0.0,1.0,65.0,23.0,"['Male', 'Male', 'Male']",0,0,4,4,5,Wet/Standing Water,Straight,Level,Lowest,No
9304,12,Florida,121863,0,1,1,0,2,LONGWOOD,July,22,Saturday,18,28,Urban,High Speed (Arterial),Yes,28.6936,-81.38379444,Simple Junction,Daylight,Clear,Unknown,Unknown,Unknown EMS Scene Arrival Hour,Unknown EMS Scene Arrival Minutes,Unknown,Unknown EMS Hospital Arrival Time,1,Daylight,Clear,1,1,['Front_Passenger'],['Shoulder_Lapbelt'],0,0,Valid,0.0,0.0,50.0,50.0,['Female'],0,0,3,4,3,Dry,Straight,Level,Lowest,No
9305,12,Florida,121864,0,2,2,0,3,NOT APPLICABLE,July,6,Thursday,20,52,Urban,High Speed (Arterial),Yes,28.87305278,-82.09050556,Non-Intersection,Dark - Lighted,Clear,Unknown,Unknown,Unknown EMS Scene Arrival Hour,Unknown EMS Scene Arrival Minutes,Unknown,Unknown EMS Hospital Arrival Time,1,Dark - Lighted,Clear,1,1,['Driver'],['None_Used'],0,0,Invalid,0.0,0.0,999.0,72.0,"['Other', 'Female']",2,0,3,4,5,Dry,Straight,Level,Lowest,No
9306,12,Florida,121865,1,1,1,0,1,NOT APPLICABLE,July,28,Friday,21,47,Urban,High Speed (Arterial),Yes,25.84246667,-80.241525,Non-Intersection,Dark - Not Lighted,Clear,Unknown,Unknown,Unknown EMS Scene Arrival Hour,Unknown EMS Scene Arrival Minutes,Not Applicable (Not Transported),Not Applicable (Not Transported),1,Dark - Unlighted,Clear,0,1,[],[],0,0,Invalid,0.0,0.0,999.0,999.0,['Other'],0,0,1,0,4,Dry,Straight,Level,Lowest,No
9307,12,Florida,121866,0,2,2,0,3,NOT APPLICABLE,July,9,Sunday,12,20,Rural,Low Speed (Local),No,28.48436667,-80.77360278,Complex/Circle,Daylight,Clear,Unknown,Unknown,Unknown EMS Scene Arrival Hour,Unknown EMS Scene Arrival Minutes,Unknown,Unknown EMS Hospital Arrival Time,1,Daylight,Clear,1,2,['Driver'],['Shoulder_Lapbelt'],0,0,Valid,0.0,0.0,84.0,18.0,"['Female', 'Male']",0,0,3,4,5,Dry,Straight,Level,Lowest,No
9308,12,Florida,121867,0,2,2,0,2,NOT APPLICABLE,July,14,Friday,12,10,Urban,Medium Speed (Collector),No,28.934875,-81.96106389,Complex/Circle,Daylight,Clear,Unknown,Unknown,Unknown EMS Scene Arrival Hour,Unknown EMS Scene Arrival Minutes,Unknown,Unknown EMS Hospital Arrival Time,1,Daylight,Clear,1,1,['Driver'],['None_Used'],0,0,Valid,0.0,0.0,88.0,65.0,"['Male', 'Male']",0,0,3,4,5,Dry,Curve,Level,Lowest,No
9309,12,Florida,121868,1,1,1,0,2,DAYTONA BEACH,July,26,Wednesday,21,52,Rural,Low Speed (Local),No,29.17975833,-81.01748889,Non-Intersection,Dark - Not Lighted,Clear,Unknown,Unknown,Unknown EMS Scene Arrival Hour,Unknown EMS Scene Arrival Minutes,Unknown,Unknown EMS Hospital Arrival Time,1,Dark - Unlighted,Clear,0,2,[],[],0,0,Valid,0.0,0.0,34.0,34.0,['Male'],0,0,2,2,4,Dry,Straight,Level,Lowest,No
9310,12,Florida,121869,0,1,1,0,2,NOT APPLICABLE,July,7,Friday,13,9,Rural,Low Speed (Local),No,27.96607778,-82.36504444,Non-Intersection,Daylight,Clear,Unknown,Unknown,Unknown EMS Scene Arrival Hour,Unknown EMS Scene Arrival Minutes,Unknown,Unknown EMS Hospital Arrival Time,1,Daylight,Clear,1,1,['Front_Passenger'],['Shoulder_Lapbelt'],0,0,Valid,0.0,1.0,48.0,48.0,['Female'],0,0,2,4,4,Dry,Straight,Level,Lowest,No
9311,12,Florida,121870,3,2,1,1,1,MIAMI GARDENS,July,27,Thursday,11,22,Urban,Low Speed (Local),No,25.92406944,-80.24165278,Non-Intersection,Daylight,Clear,Unknown,Unknown,Unknown EMS Scene Arrival Hour,Unknown EMS Scene Arrival Minutes,Unknown,Unknown EMS Hospital Arrival Time,1,Daylight,Clear,0,1,[],[],0,0,Invalid,0.0,1.0,62.0,62.0,['Female'],0,0,3,2,4,Dry,Straight,Level,Lowest,No
9312,12,Florida,121871,1,1,1,0,2,NOT APPLICABLE,July,29,Saturday,20,55,Urban,High Speed (Arterial),Yes,26.52076667,-81.86897222,Non-Intersection,Dark - Not Lighted,Clear,Unknown,Unknown,Unknown EMS Scene Arrival Hour,Unknown EMS Scene Arrival Minutes,Unknown,Unknown EMS Hospital Arrival Time,1,Dark - Unlighted,Clear,0,2,[],[],0,0,Valid,0.0,0.0,19.0,19.0,['Male'],0,0,1,2,4,Dry,Straight,Level,Lowest,No
9313,12,Florida,121872,0,2,2,0,4,NOT APPLICABLE,July,30,Sunday,11,40,Rural,Medium Speed (Collector),No,27.08844444,-80.31923056,Non-Intersection,Daylight,Clear,Unknown,Unknown,Unknown EMS Scene Arrival Hour,Unknown EMS Scene Arrival Minutes,Unknown,Unknown EMS Hospital Arrival Time,1,Daylight,Clear,1,3,['Driver'],['None_Used'],0,0,Valid,0.0,1.0,52.0,39.0,"['Male', 'Female']",0,0,5,4,5,Dry,Straight,Level,Lowest,No
9314,12,Florida,121874,0,3,3,0,3,NOT APPLICABLE,July,30,Sunday,10,47,Urban,High Speed (Arterial),Yes,28.49116944,-82.17442222,Non-Intersection,Daylight,Clear,Unknown,Unknown,Unknown EMS Scene Arrival Hour,Unknown EMS Scene Arrival Minutes,Unknown,Unknown EMS Hospital Arrival Time,1,Daylight,Clear,1,2,['Driver'],['None_Used'],1,1,Valid,1.0,0.0,29.0,19.0,"['Male', 'Male', 'Male']",0,0,3,4,5,Dry,Straight,Level,Lowest,No
9315,12,Florida,121875,1,1,1,0,1,NOT APPLICABLE,August,3,Thursday,5,8,Urban,High Speed (Arterial),Yes,28.56095556,-81.31076944,Non-Intersection,Dark - Lighted,Cloudy,Unknown,Unknown,Unknown EMS Scene Arrival Hour,Unknown EMS Scene Arrival Minutes,Unknown,Unknown EMS Hospital Arrival Time,1,Dark - Lighted,Reduced Visibility,0,1,[],[],0,0,Valid,0.0,0.0,44.0,44.0,['Male'],0,0,2,3,4,Dry,Straight,Level,Lowest,No
9316,12,Florida,121876,1,1,1,0,1,LAUDERHILL,July,28,Friday,1,22,Urban,High Speed (Arterial),Yes,26.19336111,-80.25214167,Non-Intersection,Dark - Lighted,Clear,Unknown,Unknown,Unknown EMS Scene Arrival Hour,Unknown EMS Scene Arrival Minutes,Not Applicable (Not Transported),Not Applicable (Not Transported),1,Dark - Lighted,Clear,0,1,[],[],0,0,Valid,0.0,2.0,26.0,26.0,['Male'],0,0,2,4,4,Dry,Straight,Level,Lowest,No
9317,12,Florida,121877,0,2,2,0,3,NOT APPLICABLE,July,29,Saturday,23,10,Urban,High Speed (Arterial),Yes,24.78953333,-80.88861667,Non-Intersection,Dark - Not Lighted,Clear,Unknown,Unknown,Unknown EMS Scene Arrival Hour,Unknown EMS Scene Arrival Minutes,Unknown,Unknown EMS Hospital Arrival Time,1,Dark - Unlighted,Clear,1,2,['Driver'],['None_Used'],0,0,Valid,0.0,0.0,45.0,29.0,"['Male', 'Male']",0,0,2,4,5,Dry,Straight,Level,Lowest,No
9318,12,Florida,121878,0,1,1,0,2,PORT SAINT LUCIE,July,16,Sunday,4,36,Urban,Medium Speed (Collector),No,27.22095833,-80.39919444,Non-Intersection,Dark - Not Lighted,Clear,Unknown,Unknown,Unknown EMS Scene Arrival Hour,Unknown EMS Scene Arrival Minutes,Not Applicable (Not Transported),Not Applicable (Not Transported),2,Dark - Unlighted,Clear,2,0,"['Driver', 'Front_Passenger']","['Shoulder_Lapbelt', 'Shoulder_Lapbelt']",0,0,Valid,0.0,0.0,18.0,18.0,['Male'],0,0,2,4,3,Dry,Curve,Level,Lowest,No