,State_Code,State_Name,Crash_ID,Count_Non_Motorists,Count_Vehicles_Total,Count_Vehicle_Forms,Count_PVH_Involved,Count_Occupants_MV,City_Name,Month_Name,Day_of_Month,Day_of_Week,Crash_Hour,Crash_Minute,Area_Rural_Urban,Road_Functional_Class,On_NHS_Road,Latitude,Longitude,Intersection_Type,Light_Condition,Weather_Condition,Notif_Hour,Notif_Minute,Arrival_Hour,Arrival_Minute,Hospital_Hour,Hospital_Minute,Fatalities_Count,Clean_Light_Condition,Clean_Weather_Condition,Total_Killed,Total_Alive,Fatal_Seats_List,Killed_Restraint_List,Any_Driver_Drinking,Total_Drinking_Drivers,Driver_License_Category,Driver_Max_Prev_Accident_Count,Driver_Max_Prev_Speeding_Count,Max_Driver_Age,Min_Driver_Age,Driver_Sex_List,Total_Exceeding_Limit_Vehicles,Total_Too_Fast_Vehicles,Max_Vehicle_Type_Severity_5,Max_Vehicle_Damage_Rank,Max_Harmful_Event_Severity,Crash_Road_Surface_Condition,Crash_Horizontal_Alignment,Crash_Vertical_Profile,Crash_Impairment_Category,Crash_Vehicle_Defect
9319,12,Florida,121879,0,2,2,0,2,NOT APPLICABLE,July,30,Sunday,20,57,Urban,High Speed (Arterial),Yes,27.89123333,-82.80982778,Complex/Circle,Dark - Lighted,Clear,Unknown,Unknown,Unknown EMS Scene Arrival Hour,Unknown EMS Scene Arrival Minutes,Unknown,Unknown EMS Hospital Arrival Time,1,Dark - Lighted,Clear,1,1,['Driver'],['None_Used'],0,0,Valid,0.0,1.0,22.0,20.0,"['Female', 'Male']",0,0,5,4,5,Dry,Straight,Level,Lowest,No
9320,12,Florida,121880,0,2,2,0,3,NOT APPLICABLE,July,30,Sunday,5,5,Urban,High Speed (Arterial),Yes,26.72328333,-81.82588056,Non-Intersection,Dark - Not Lighted,Clear,Unknown,Unknown,Unknown EMS Scene Arrival Hour,Unknown EMS Scene Arrival Minutes,Unknown,Unknown EMS Hospital Arrival Time,1,Dark - Unlighted,Clear,1,2,['Front_Passenger'],['None_Used'],1,1,Valid,0.0,0.0,56.0,27.0,"['Female', 'Female']",0,0,3,4,5,Dry,Straight,Level,Lowest,No
9321,12,Florida,121881,0,2,2,0,2,NOT APPLICABLE,August,4,Friday,7,47,Urban,High Speed (Arterial),Yes,27.74465833,-82.41820278,Non-Intersection,Daylight,Clear,Unknown,Unknown,Unknown EMS Scene Arrival Hour,Unknown EMS Scene Arrival Minutes,Not Applicable (Not Transported),Not Applicable (Not Transported),1,Daylight,Clear,1,1,['Driver'],['None_Used'],1,1,Invalid,2.0,1.0,51.0,26.0,"['Male', 'Male']",0,0,5,4,5,Dry,Straight,Level,Lowest,No
9322,12,Florida,121882,0,2,2,0,3,NOT APPLICABLE,July,26,Wednesday,17,5,Urban,Medium Speed (Collector),No,27.73415,-82.26130556,Non-Intersection,Dusk,Clear,Unknown,Unknown,Unknown EMS Scene Arrival Hour,Unknown EMS Scene Arrival Minutes,Unknown,Unknown EMS Hospital Arrival Time,2,Twilight,Clear,2,1,"['Front_Passenger', 'Driver']","['None_Used', 'Shoulder_Lapbelt']",1,1,Valid,0.0,0.0,58.0,48.0,"['Female', 'Female']",0,0,3,4,5,Dry,Curve,Level,Lowest,No
9323,12,Florida,121883,1,1,1,0,1,NOT APPLICABLE,July,13,Thursday,22,0,Urban,High Speed (Arterial),Yes,30.37425,-86.23620833,Non-Intersection,Dark - Not Lighted,Cloudy,Unknown,Unknown,Unknown EMS Scene Arrival Hour,Unknown EMS Scene Arrival Minutes,Unknown,Unknown EMS Hospital Arrival Time,1,Dark - Unlighted,Reduced Visibility,0,1,[],[],0,0,Invalid,0.0,0.0,999.0,999.0,['Other'],0,0,1,3,4,Dry,Straight,Level,Lowest,No
9324,12,Florida,121884,0,2,2,0,2,NOT APPLICABLE,August,3,Thursday,16,4,Urban,High Speed (Arterial),Yes,27.26929722,-82.4542,Complex/Circle,Daylight,Clear,Unknown,Unknown,Unknown EMS Scene Arrival Hour,Unknown EMS Scene Arrival Minutes,Not Applicable (Not Transported),Not Applicable (Not Transported),1,Daylight,Clear,1,1,['Driver'],['None_Used'],0,0,Valid,0.0,0.0,81.0,24.0,"['Male', 'Male']",0,0,2,4,5,Dry,Straight,Level,Lowest,No
9325,12,Florida,121885,0,2,2,0,2,NOT APPLICABLE,July,28,Friday,7,30,Urban,High Speed (Arterial),Yes,28.43740556,-80.76171667,Simple Junction,Daylight,Clear,Unknown,Unknown,Unknown EMS Scene Arrival Hour,Unknown EMS Scene Arrival Minutes,Unknown,Unknown EMS Hospital Arrival Time,1,Daylight,Clear,1,1,['Driver'],['Shoulder_Lapbelt'],0,0,Valid,0.0,0.0,85.0,42.0,"['Female', 'Male']",0,0,2,4,5,Dry,Straight,Level,Lowest,No
9326,12,Florida,121886,1,1,1,0,1,NOT APPLICABLE,July,27,Thursday,21,59,Urban,Medium Speed (Collector),No,25.49212222,-80.43668889,Simple Junction,Dark - Not Lighted,Clear,Unknown,Unknown,Unknown EMS Scene Arrival Hour,Unknown EMS Scene Arrival Minutes,Unknown,Unknown EMS Hospital Arrival Time,1,Dark - Unlighted,Clear,0,1,[],[],0,0,Valid,0.0,0.0,16.0,16.0,['Male'],0,0,2,4,4,Dry,Straight,Level,Lowest,No
9327,12,Florida,121887,0,2,2,0,4,NOT APPLICABLE,July,30,Sunday,17,23,Urban,High Speed (Arterial),Yes,27.24354444,-80.85916111,Non-Intersection,Daylight,Cloudy,Unknown,Unknown,Unknown EMS Scene Arrival Hour,Unknown EMS Scene Arrival Minutes,Unknown,Unknown EMS Hospital Arrival Time,1,Daylight,Reduced Visibility,1,3,['Rear_Seat'],['None_Used'],0,0,Invalid,0.0,0.0,998.0,29.0,"['Other', 'Male']",0,0,3,4,5,Wet/Standing Water,Straight,Level,Lowest,No
9328,12,Florida,121888,0,1,1,0,1,BOYNTON BEACH,July,28,Friday,2,12,Urban,Medium Speed (Collector),No,26.57204167,-80.10545,Complex/Circle,Dark - Lighted,Rain,Unknown,Unknown,Unknown EMS Scene Arrival Hour,Unknown EMS Scene Arrival Minutes,Not Applicable (Not Transported),Not Applicable (Not Transported),1,Dark - Lighted,Rain/Wind/Minor,1,0,['Driver'],['Shoulder_Lapbelt'],0,0,Valid,0.0,0.0,43.0,43.0,['Male'],0,0,3,4,3,Wet/Standing Water,Straight,Level,Lowest,No
9329,12,Florida,121889,1,1,1,0,1,OAKLAND PARK,August,1,Tuesday,22,10,Rural,Low Speed (Local),No,26.16544167,-80.17483611,Non-Intersection,Dark - Unknown Lighting,Clear,Unknown,Unknown,Unknown EMS Scene Arrival Hour,Unknown EMS Scene Arrival Minutes,Not Applicable (Not Transported),Not Applicable (Not Transported),1,Dark - Unlighted,Clear,0,1,[],[],0,0,Invalid,0.0,0.0,998.0,998.0,['Other'],0,0,1,0,4,Dry,Straight,Level,Lowest,No
9330,12,Florida,121890,0,1,1,0,1,NOT APPLICABLE,August,1,Tuesday,0,42,Urban,Medium Speed (Collector),No,30.15023889,-85.74738056,Complex/Circle,Dark - Lighted,Clear,Unknown,Unknown,Unknown EMS Scene Arrival Hour,Unknown EMS Scene Arrival Minutes,Not Applicable (Not Transported),Not Applicable (Not Transported),1,Dark - Lighted,Clear,1,0,['Driver'],['None_Used'],0,0,Invalid,0.0,0.0,38.0,38.0,['Male'],1,0,5,4,2,Dry,Curve,Grade/Hillcrest,Lowest,No
9331,12,Florida,121891,0,2,2,0,3,NOT APPLICABLE,August,3,Thursday,15,46,Urban,Medium Speed (Collector),No,29.99138889,-81.31553056,Non-Intersection,Daylight,Clear,Unknown,Unknown,Unknown EMS Scene Arrival Hour,Unknown EMS Scene Arrival Minutes,Unknown,Unknown EMS Hospital Arrival Time,1,Daylight,Clear,1,2,['Driver'],['Shoulder_Lapbelt'],0,0,Valid,0.0,0.0,53.0,16.0,"['Male', 'Male']",0,0,3,4,5,Dry,Straight,Level,Lowest,No
9332,12,Florida,121892,0,1,1,0,1,NOT APPLICABLE,August,1,Tuesday,19,44,Urban,High Speed (Arterial),Yes,26.94095,-82.21868889,Non-Intersection,Dusk,Cloudy,Unknown,Unknown,Unknown EMS Scene Arrival Hour,Officially Cancelled,Unknown,Officially Canceled,1,Twilight,Reduced Visibility,1,0,['Driver'],['None_Used'],0,0,Valid,0.0,2.0,42.0,42.0,['Male'],0,0,5,3,3,Dry,Curve,Level,Lowest,No
9333,12,Florida,121893,0,2,2,0,3,NOT APPLICABLE,August,4,Friday,11,20,Urban,High Speed (Arterial),Yes,30.06563889,-82.59998333,Complex/Circle,Daylight,Cloudy,Unknown,Unknown,Unknown EMS Scene Arrival Hour,Unknown EMS Scene Arrival Minutes,Unknown,Unknown EMS Hospital Arrival Time,2,Daylight,Reduced Visibility,2,1,"['Driver', 'Front_Passenger']","['Shoulder_Lapbelt', 'Shoulder_Lapbelt']",0,0,Valid,0.0,1.0,20.0,15.0,"['Female', 'Male']",0,0,3,4,5,Dry,Straight,Level,Lowest,No
9334,12,Florida,121894,0,3,3,0,5,LAKELAND,August,2,Wednesday,22,28,Urban,High Speed (Arterial),Yes,28.10946667,-81.97360556,Non-Intersection,Dark - Lighted,Clear,Unknown,Unknown,Unknown EMS Scene Arrival Hour,Officially Cancelled,Unknown,Officially Canceled,3,Dark - Lighted,Clear,3,2,"['Driver', 'Front_Passenger', 'Rear_Seat']","['Shoulder_Lapbelt', 'Shoulder_Lapbelt', 'None_Used']",0,0,Valid,1.0,0.0,42.0,16.0,"['Female', 'Male', 'Male']",3,0,3,4,5,Dry,Straight,Level,Lowest,No
9335,12,Florida,121895,1,1,1,0,1,NOT APPLICABLE,August,4,Friday,21,19,Urban,High Speed (Arterial),Yes,28.40026944,-82.65940833,Non-Intersection,Dark - Lighted,Clear,Unknown,Unknown,Unknown EMS Scene Arrival Hour,Unknown EMS Scene Arrival Minutes,Unknown,Unknown EMS Hospital Arrival Time,1,Dark - Lighted,Clear,0,1,[],[],0,0,Valid,0.0,0.0,29.0,29.0,['Male'],0,0,2,4,4,Dry,Straight,Level,Lowest,No
9336,12,Florida,121896,1,1,1,0,1,LAKELAND,August,7,Monday,16,41,Urban,High Speed (Arterial),Yes,28.04546944,-81.94086944,Complex/Circle,Daylight,Clear,Unknown,Unknown,Unknown EMS Scene Arrival Hour,Unknown EMS Scene Arrival Minutes,Not Applicable (Not Transported),Not Applicable (Not Transported),1,Daylight,Clear,0,1,[],[],0,0,Valid,0.0,0.0,62.0,62.0,['Male'],0,0,4,2,4,Dry,Straight,Level,Lowest,No
9337,12,Florida,121897,0,1,1,0,1,NOT APPLICABLE,August,3,Thursday,12,26,Urban,Medium Speed (Collector),No,28.68955278,-81.40677222,Simple Junction,Daylight,Clear,Unknown,Unknown,Unknown EMS Scene Arrival Hour,Unknown EMS Scene Arrival Minutes,Unknown,Unknown EMS Hospital Arrival Time,1,Daylight,Clear,1,0,['Driver'],['None_Used'],0,0,Valid,0.0,0.0,75.0,75.0,['Male'],0,0,3,4,2,Dry,Curve,Level,Lowest,No
9338,12,Florida,121898,0,2,2,0,2,JACKSONVILLE,July,30,Sunday,3,12,Urban,High Speed (Arterial),Yes,30.41065278,-81.74653889,Non-Intersection,Dark - Not Lighted,Clear,Unknown,Unknown,Unknown EMS Scene Arrival Hour,Unknown EMS Scene Arrival Minutes,Unknown,Unknown EMS Hospital Arrival Time,1,Dark - Unlighted,Clear,1,1,['Driver'],['Shoulder_Lapbelt'],1,2,Valid,0.0,0.0,34.0,21.0,"['Male', 'Male']",0,0,3,4,5,Dry,Straight,Level,Lowest,No
9339,12,Florida,121899,0,1,1,0,3,NOT APPLICABLE,August,7,Monday,23,35,Urban,High Speed (Arterial),Yes,26.96942778,-82.01948889,Non-Intersection,Dark - Not Lighted,Clear,Unknown,Unknown,Unknown EMS Scene Arrival Hour,Unknown EMS Scene Arrival Minutes,Unknown,Unknown EMS Hospital Arrival Time,1,Dark - Unlighted,Clear,1,2,['Front_Passenger'],['None_Used'],0,0,Invalid,1.0,0.0,61.0,61.0,['Male'],0,0,3,4,3,Dry,Straight,Level,Lowest,Yes
9340,12,Florida,121900,1,1,1,0,1,LAUDERDALE LAKES,August,5,Saturday,12,18,Rural,Low Speed (Local),No,26.16495556,-80.20550556,Non-Intersection,Daylight,Cloudy,Unknown,Unknown,Unknown EMS Scene Arrival Hour,Unknown EMS Scene Arrival Minutes,Unknown,Unknown EMS Hospital Arrival Time,1,Daylight,Reduced Visibility,0,1,[],[],0,0,Invalid,0.0,0.0,998.0,998.0,['Other'],0,0,1,0,4,Dry,Straight,Level,Lowest,No
9341,12,Florida,121901,0,2,2,0,2,NOT APPLICABLE,August,6,Sunday,22,1,Urban,High Speed (Arterial),Yes,27.46235556,-82.56701944,Complex/Circle,Dark - Lighted,Clear,Unknown,Unknown,Unknown EMS Scene Arrival Hour,Unknown EMS Scene Arrival Minutes,Not Applicable (Not Transported),Not Applicable (Not Transported),1,Dark - Lighted,Clear,1,1,['Driver'],['None_Used'],0,0,Valid,1.0,1.0,31.0,22.0,"['Male', 'Female']",1,0,5,4,5,Dry,Straight,Level,Lowest,No
9342,12,Florida,121902,0,2,2,0,4,PAHOKEE,July,27,Thursday,20,55,Urban,High Speed (Arterial),Yes,26.72502222,-80.66725278,Non-Intersection,Dark - Lighted,Cloudy,Unknown,Unknown,Unknown EMS Scene Arrival Hour,Unknown EMS Scene Arrival Minutes,Unknown,Unknown EMS Hospital Arrival Time,1,Dark - Lighted,Reduced Visibility,1,3,['Driver'],['None_Used'],0,0,Valid,0.0,0.0,37.0,36.0,"['Female', 'Female']",0,0,3,4,5,Wet/Standing Water,Straight,Level,Lowest,No
9343,12,Florida,121903,0,1,1,0,1,WEST PALM BEACH,July,29,Saturday,18,0,Urban,High Speed (Arterial),Yes,26.7585,-80.09018056,Non-Intersection,Daylight,Clear,Unknown,Unknown,Unknown EMS Scene Arrival Hour,Unknown EMS Scene Arrival Minutes,Unknown,Unknown EMS Hospital Arrival Time,1,Daylight,Clear,1,0,['Driver'],['None_Used'],0,0,Valid,0.0,0.0,50.0,50.0,['Male'],0,0,5,4,2,Dry,Curve,Level,Lowest,No
9344,12,Florida,121904,1,1,1,0,3,PINELLAS PARK,July,29,Saturday,3,13,Urban,High Speed (Arterial),Yes,27.87870833,-82.72926111,Non-Intersection,Dark - Lighted,Clear,Unknown,Unknown,Unknown EMS Scene Arrival Hour,Unknown EMS Scene Arrival Minutes,Unknown,Unknown EMS Hospital Arrival Time,1,Dark - Lighted,Clear,0,3,[],[],1,1,Valid,0.0,2.0,26.0,26.0,['Female'],0,0,2,4,4,Dry,Straight,Level,Lowest,No
9345,12,Florida,121905,0,2,2,0,4,NOT APPLICABLE,August,2,Wednesday,6,5,Urban,Medium Speed (Collector),No,28.005075,-82.30234167,Complex/Circle,Dark - Not Lighted,Clear,Unknown,Unknown,Unknown EMS Scene Arrival Hour,Unknown EMS Scene Arrival Minutes,Unknown,Unknown EMS Hospital Arrival Time,1,Dark - Unlighted,Clear,1,3,['Front_Passenger'],['Shoulder_Lapbelt'],0,0,Valid,0.0,0.0,40.0,25.0,"['Male', 'Male']",0,0,3,4,5,Dry,Straight,Level,Lowest,No
9346,12,Florida,121906,1,1,1,0,1,NOT APPLICABLE,August,8,Tuesday,4,45,Urban,High Speed (Arterial),Yes,27.89394722,-82.68600833,Non-Intersection,Dark - Lighted,Clear,Unknown,Unknown,Unknown EMS Scene Arrival Hour,Unknown EMS Scene Arrival Minutes,Unknown,Unknown EMS Hospital Arrival Time,1,Dark - Lighted,Clear,0,1,[],[],0,0,Valid,0.0,0.0,71.0,71.0,['Male'],0,0,3,3,4,Dry,Straight,Level,Lowest,No
9347,12,Florida,121907,1,1,1,0,3,SUNRISE,August,9,Wednesday,20,30,Urban,Medium Speed (Collector),No,26.15427778,-80.24305,Complex/Circle,Dark - Lighted,Clear,Unknown,Unknown,Unknown EMS Scene Arrival Hour,Unknown EMS Scene Arrival Minutes,Unknown,Unknown EMS Hospital Arrival Time,1,Dark - Lighted,Clear,0,3,[],[],0,0,Valid,0.0,0.0,47.0,47.0,['Male'],0,0,3,3,4,Dry,Straight,Level,Lowest,No
9348,12,Florida,121908,0,2,2,0,2,NOT APPLICABLE,August,8,Tuesday,12,15,Urban,High Speed (Arterial),Yes,29.07601389,-81.24666944,Simple Junction,Daylight,Clear,Unknown,Unknown,Unknown EMS Scene Arrival Hour,Unknown EMS Scene Arrival Minutes,Not Applicable (Not Transported),Not Applicable (Not Transported),1,Daylight,Clear,1,1,['Driver'],['None_Used'],0,0,Valid,0.0,0.0,79.0,58.0,"['Male', 'Male']",0,0,5,4,5,Dry,Curve,Level,Lowest,No
9349,12,Florida,121909,3,2,1,1,1,MIAMI,July,22,Saturday,9,53,Urban,High Speed (Arterial),Yes,25.50118611,-80.4172,Non-Intersection,Daylight,Cloudy,Unknown,Unknown,Unknown EMS Scene Arrival Hour,Unknown EMS Scene Arrival Minutes,Unknown,Unknown EMS Hospital Arrival Time,1,Daylight,Reduced Visibility,0,1,[],[],0,0,Invalid,0.0,1.0,49.0,49.0,['Male'],0,0,3,4,5,Dry,Straight,Level,Lowest,No
9350,12,Florida,121910,2,1,1,0,1,NOT APPLICABLE,July,30,Sunday,12,54,Rural,Low Speed (Local),No,28.57811667,-81.45487778,Non-Intersection,Daylight,Clear,Unknown,Unknown,Unknown EMS Scene Arrival Hour,Unknown EMS Scene Arrival Minutes,Unknown,Unknown EMS Hospital Arrival Time,1,Daylight,Clear,0,1,[],[],0,0,Valid,0.0,0.0,73.0,73.0,['Male'],0,0,3,3,4,Dry,Straight,Level,Lowest,No
9351,12,Florida,121911,0,1,1,0,1,FORT LAUDERDALE,August,5,Saturday,10,30,Urban,High Speed (Arterial),Yes,26.19132222,-80.15184444,Non-Intersection,Daylight,Clear,Unknown,Unknown,Unknown EMS Scene Arrival Hour,Unknown EMS Scene Arrival Minutes,Not Applicable (Not Transported),Not Applicable (Not Transported),1,Daylight,Clear,1,0,['Driver'],['None_Used'],0,0,Invalid,0.0,0.0,32.0,32.0,['Male'],0,0,2,4,3,Dry,Curve,Level,Lowest,No
9352,12,Florida,121912,1,1,1,0,1,NOT APPLICABLE,August,9,Wednesday,0,23,Urban,High Speed (Arterial),Yes,27.49697778,-82.69951389,Non-Intersection,Dark - Not Lighted,Clear,Unknown,Unknown,Unknown EMS Scene Arrival Hour,Unknown EMS Scene Arrival Minutes,Not Applicable (Not Transported),Not Applicable (Not Transported),1,Dark - Unlighted,Clear,0,1,[],[],0,0,Valid,1.0,0.0,23.0,23.0,['Male'],0,0,3,3,4,Dry,Straight,Grade/Hillcrest,Lowest,No
9353,12,Florida,121913,0,1,1,0,1,NOT APPLICABLE,June,26,Monday,1,0,Urban,High Speed (Arterial),Yes,27.32692778,-80.321375,Complex/Circle,Dark - Lighted,Clear,Unknown,Unknown,Unknown EMS Scene Arrival Hour,Unknown EMS Scene Arrival Minutes,Unknown,Unknown EMS Hospital Arrival Time,1,Dark - Lighted,Clear,1,0,['Driver'],['None_Used'],0,0,Invalid,0.0,0.0,29.0,29.0,['Male'],0,0,2,4,3,Dry,Straight,Level,Lowest,No
9354,12,Florida,121914,0,1,1,0,1,NOT APPLICABLE,August,5,Saturday,21,50,Rural,Medium Speed (Collector),No,28.63268611,-82.37181944,Non-Intersection,Dark - Not Lighted,Clear,Unknown,Unknown,Unknown EMS Scene Arrival Hour,Unknown EMS Scene Arrival Minutes,Unknown,Unknown EMS Hospital Arrival Time,1,Dark - Unlighted,Clear,1,0,['Driver'],['None_Used'],0,0,Valid,0.0,0.0,52.0,52.0,['Male'],0,0,5,4,2,Dry,Curve,Level,Lowest,No
9355,12,Florida,121915,1,1,1,0,1,NORTH PORT,August,3,Thursday,22,13,Urban,High Speed (Arterial),Yes,27.04216667,-82.2319,Non-Intersection,Dark - Lighted,Clear,Unknown,Unknown,Unknown EMS Scene Arrival Hour,Unknown EMS Scene Arrival Minutes,Not Applicable (Not Transported),Not Applicable (Not Transported),1,Dark - Lighted,Clear,0,1,[],[],0,0,Valid,2.0,2.0,27.0,27.0,['Male'],0,0,3,2,4,Dry,Straight,Level,Lowest,No
9356,12,Florida,121916,1,1,1,0,1,KISSIMMEE,August,7,Monday,9,33,Urban,Medium Speed (Collector),No,28.29849444,-81.40371667,Non-Intersection,Daylight,Clear,Unknown,Unknown,Unknown EMS Scene Arrival Hour,Unknown EMS Scene Arrival Minutes,Unknown,Unknown EMS Hospital Arrival Time,1,Daylight,Clear,0,1,[],[],0,0,Valid,1.0,0.0,60.0,60.0,['Male'],0,0,4,1,4,Dry,Straight,Level,Lowest,No
9357,12,Florida,121917,1,1,1,0,3,NOT APPLICABLE,July,28,Friday,21,10,Urban,High Speed (Arterial),Yes,30.71964444,-85.05361944,Non-Intersection,Dark - Not Lighted,Clear,Unknown,Unknown,Unknown EMS Scene Arrival Hour,Officially Cancelled,Unknown,Officially Canceled,1,Dark - Unlighted,Clear,0,3,[],[],0,0,Valid,0.0,0.0,34.0,34.0,['Male'],0,0,3,3,4,Dry,Straight,Level,Lowest,No
9358,12,Florida,121918,0,2,2,0,2,WELLINGTON,August,3,Thursday,15,57,Urban,High Speed (Arterial),Yes,26.6508,-80.20108611,Non-Intersection,Daylight,Cloudy,Unknown,Unknown,Unknown EMS Scene Arrival Hour,Officially Cancelled,Unknown,Officially Canceled,1,Daylight,Reduced Visibility,1,1,['Driver'],['None_Used'],0,0,Valid,0.0,2.0,51.0,21.0,"['Male', 'Male']",0,0,2,4,5,Dry,Straight,Level,Lowest,No
9359,12,Florida,121919,1,1,1,0,1,NOT APPLICABLE,August,5,Saturday,2,32,Rural,Medium Speed (Collector),No,28.02586667,-82.56595,Non-Intersection,Dark - Lighted,Clear,Unknown,Unknown,Unknown EMS Scene Arrival Hour,Unknown EMS Scene Arrival Minutes,Unknown,Unknown EMS Hospital Arrival Time,1,Dark - Lighted,Clear,0,1,[],[],0,0,Valid,0.0,0.0,47.0,47.0,['Male'],0,0,3,3,4,Dry,Straight,Level,Lowest,No
9360,12,Florida,121920,0,1,1,0,1,NOT APPLICABLE,August,5,Saturday,10,55,Urban,Medium Speed (Collector),No,28.817875,-81.33235278,Non-Intersection,Daylight,Clear,Unknown,Unknown,Unknown EMS Scene Arrival Hour,Unknown EMS Scene Arrival Minutes,Unknown,Unknown EMS Hospital Arrival Time,1,Daylight,Clear,1,0,['Driver'],['None_Used'],0,0,Valid,0.0,1.0,78.0,78.0,['Male'],1,0,5,4,1,Dry,Straight,Level,Lowest,No
9361,12,Florida,121921,0,1,1,0,1,PEMBROKE PINES,May,28,Sunday,19,32,Urban,Medium Speed (Collector),No,26.01481111,-80.34841389,Non-Intersection,Daylight,Clear,Unknown,Unknown,Unknown EMS Scene Arrival Hour,Unknown EMS Scene Arrival Minutes,Unknown,Unknown EMS Hospital Arrival Time,1,Daylight,Clear,1,0,['Driver'],['None_Used'],1,1,Valid,0.0,0.0,46.0,46.0,['Male'],0,0,5,4,2,Dry,Curve,Level,Lowest,No
9362,12,Florida,121922,1,1,1,0,2,NOT APPLICABLE,August,6,Sunday,22,2,Urban,High Speed (Arterial),Yes,28.32408056,-82.69936111,Complex/Circle,Dark - Lighted,Clear,Unknown,Unknown,Unknown EMS Scene Arrival Hour,Unknown EMS Scene Arrival Minutes,Unknown,Unknown EMS Hospital Arrival Time,1,Dark - Lighted,Clear,0,2,[],[],0,0,Valid,1.0,1.0,37.0,37.0,['Female'],0,0,3,3,4,Dry,Straight,Level,Lowest,No
9363,12,Florida,121923,0,2,2,0,2,JACKSONVILLE,August,1,Tuesday,13,50,Urban,Medium Speed (Collector),No,30.2044,-81.74787778,Complex/Circle,Daylight,Clear,Unknown,Unknown,Unknown EMS Scene Arrival Hour,Unknown EMS Scene Arrival Minutes,Unknown,Unknown EMS Hospital Arrival Time,1,Daylight,Clear,1,1,['Driver'],['None_Used'],0,0,Valid,0.0,1.0,67.0,29.0,"['Male', 'Male']",0,0,5,3,5,Dry,Straight,Level,Lowest,No
9364,12,Florida,121924,0,2,2,0,2,JACKSONVILLE,August,5,Saturday,22,0,Urban,High Speed (Arterial),Yes,30.23297222,-81.55208889,Non-Intersection,Dark - Lighted,Clear,Unknown,Unknown,Unknown EMS Scene Arrival Hour,Unknown EMS Scene Arrival Minutes,Unknown,Unknown EMS Hospital Arrival Time,1,Dark - Lighted,Clear,1,1,['Driver'],['None_Used'],0,0,Invalid,1.0,3.0,29.0,25.0,"['Male', 'Female']",0,0,5,4,5,Dry,Straight,Level,Lowest,No
9365,12,Florida,121925,0,2,2,0,3,NOT APPLICABLE,July,29,Saturday,20,50,Urban,High Speed (Arterial),Yes,28.84318056,-81.89678889,Complex/Circle,Dark - Lighted,Clear,Unknown,Unknown,Unknown EMS Scene Arrival Hour,Unknown EMS Scene Arrival Minutes,Unknown,Unknown EMS Hospital Arrival Time,1,Dark - Lighted,Clear,1,2,['Driver'],['Shoulder_Lapbelt'],0,0,Invalid,1.0,2.0,66.0,51.0,"['Male', 'Female']",0,0,3,4,5,Dry,Straight,Level,Lowest,No
9366,12,Florida,121926,0,1,1,0,1,OCOEE,August,1,Tuesday,16,51,Urban,Medium Speed (Collector),No,28.57338056,-81.51173889,Non-Intersection,Daylight,Clear,Unknown,Unknown,Unknown EMS Scene Arrival Hour,Unknown EMS Scene Arrival Minutes,Unknown,Unknown EMS Hospital Arrival Time,1,Daylight,Clear,1,0,['Driver'],['None_Used'],1,1,Valid,0.0,0.0,64.0,64.0,['Male'],0,0,5,3,2,Dry,Straight,Level,Lowest,No
9367,12,Florida,121927,0,2,2,0,2,NOT APPLICABLE,July,27,Thursday,12,57,Urban,High Speed (Arterial),Yes,28.55376944,-81.32073889,Simple Junction,Daylight,Clear,Unknown,Unknown,Unknown EMS Scene Arrival Hour,Unknown EMS Scene Arrival Minutes,Unknown,Unknown EMS Hospital Arrival Time,1,Daylight,Clear,1,1,['Driver'],['Shoulder_Lapbelt'],0,0,Valid,0.0,1.0,83.0,23.0,"['Male', 'Female']",0,0,2,4,5,Dry,Straight,Level,Lowest,No
9368,12,Florida,121928,0,3,3,0,4,NOT APPLICABLE,August,8,Tuesday,14,19,Urban,Medium Speed (Collector),No,26.55672778,-81.88122222,Complex/Circle,Daylight,Clear,Unknown,Unknown,Unknown EMS Scene Arrival Hour,Unknown EMS Scene Arrival Minutes,Unknown,Unknown EMS Hospital Arrival Time,1,Daylight,Clear,1,3,['Front_Passenger'],['Shoulder_Lapbelt'],0,0,Valid,0.0,0.0,64.0,35.0,"['Female', 'Male', 'Female']",0,0,3,4,5,Dry,Straight,Level,Lowest,No
9369,12,Florida,121929,0,2,2,0,3,NOT APPLICABLE,July,31,Monday,16,5,Urban,Medium Speed (Collector),No,26.55459722,-80.18878611,Complex/Circle,Daylight,Rain,Unknown,Unknown,Unknown EMS Scene Arrival Hour,Unknown EMS Scene Arrival Minutes,Unknown,Unknown EMS Hospital Arrival Time,1,Daylight,Rain/Wind/Minor,1,2,['Driver'],['Shoulder_Lapbelt'],0,0,Invalid,0.0,0.0,87.0,82.0,"['Male', 'Male']",0,0,3,4,5,Wet/Standing Water,Straight,Level,Lowest,No
9370,12,Florida,121931,0,3,3,0,5,SARASOTA,July,29,Saturday,23,3,Urban,High Speed (Arterial),Yes,27.31221944,-82.52981111,Non-Intersection,Dark - Lighted,Clear,Unknown,Unknown,Unknown EMS Scene Arrival Hour,Unknown EMS Scene Arrival Minutes,Unknown,Unknown EMS Hospital Arrival Time,1,Dark - Lighted,Clear,1,4,['Driver'],['None_Used'],1,1,Invalid,0.0,2.0,40.0,20.0,"['Male', 'Male', 'Male']",0,0,5,4,5,Dry,Straight,Level,Lowest,No