,State_Code,State_Name,Crash_ID,Count_Non_Motorists,Count_Vehicles_Total,Count_Vehicle_Forms,Count_PVH_Involved,Count_Occupants_MV,City_Name,Month_Name,Day_of_Month,Day_of_Week,Crash_Hour,Crash_Minute,Area_Rural_Urban,Road_Functional_Class,On_NHS_Road,Latitude,Longitude,Intersection_Type,Light_Condition,Weather_Condition,Notif_Hour,Notif_Minute,Arrival_Hour,Arrival_Minute,Hospital_Hour,Hospital_Minute,Fatalities_Count,Clean_Light_Condition,Clean_Weather_Condition,Total_Killed,Total_Alive,Fatal_Seats_List,Killed_Restraint_List,Any_Driver_Drinking,Total_Drinking_Drivers,Driver_License_Category,Driver_Max_Prev_Accident_Count,Driver_Max_Prev_Speeding_Count,Max_Driver_Age,Min_Driver_Age,Driver_Sex_List,Total_Exceeding_Limit_Vehicles,Total_Too_Fast_Vehicles,Max_Vehicle_Type_Severity_5,Max_Vehicle_Damage_Rank,Max_Harmful_Event_Severity,Crash_Road_Surface_Condition,Crash_Horizontal_Alignment,Crash_Vertical_Profile,Crash_Impairment_Category,Crash_Vehicle_Defect
9371,12,Florida,121932,0,1,1,0,1,LOXAHATCHEE GROVES,August,13,Sunday,22,0,Rural,Low Speed (Local),No,26.72694722,-80.26481111,Non-Intersection,Dark - Not Lighted,Cloudy,Unknown,Unknown,Unknown EMS Scene Arrival Hour,Unknown EMS Scene Arrival Minutes,Not Applicable (Not Transported),Not Applicable (Not Transported),1,Dark - Unlighted,Reduced Visibility,1,0,['Driver'],['None_Used'],0,0,Valid,0.0,0.0,44.0,44.0,['Male'],0,0,3,4,3,Dry,Straight,Level,Lowest,No
9372,12,Florida,121933,0,2,2,0,2,NOT APPLICABLE,August,8,Tuesday,16,46,Urban,High Speed (Arterial),Yes,26.32889167,-81.74967778,Non-Intersection,Daylight,Clear,Unknown,Unknown,Unknown EMS Scene Arrival Hour,Unknown EMS Scene Arrival Minutes,Unknown,Unknown EMS Hospital Arrival Time,1,Daylight,Clear,1,1,['Driver'],['Shoulder_Lapbelt'],0,0,Valid,0.0,0.0,63.0,53.0,"['Male', 'Male']",0,0,3,4,5,Dry,Straight,Level,Lowest,No
9373,12,Florida,121935,0,2,2,0,4,NOT APPLICABLE,August,12,Saturday,23,0,Urban,High Speed (Arterial),Yes,28.254,-80.68433333,Non-Intersection,Dark - Not Lighted,Clear,Unknown,Unknown,Unknown EMS Scene Arrival Hour,Unknown EMS Scene Arrival Minutes,Not Applicable (Not Transported),Not Applicable (Not Transported),2,Dark - Unlighted,Clear,2,2,"['Driver', 'Rear_Seat']","['None_Used', 'None_Used']",0,0,Valid,0.0,0.0,54.0,19.0,"['Male', 'Female']",2,0,5,4,5,Dry,Straight,Level,Lowest,No
9374,12,Florida,121936,1,1,1,0,1,NOT APPLICABLE,August,9,Wednesday,5,50,Rural,High Speed (Arterial),No,26.6773,-81.81082778,Simple Junction,Dark - Lighted,Clear,Unknown,Unknown,Unknown EMS Scene Arrival Hour,Unknown EMS Scene Arrival Minutes,Unknown,Unknown EMS Hospital Arrival Time,1,Dark - Lighted,Clear,0,0,[],[],0,0,Invalid,0.0,0.0,998.0,998.0,['Other'],0,0,1,0,4,Dry,Straight,Level,Lowest,No
9375,12,Florida,121937,1,2,2,0,2,JACKSONVILLE,August,6,Sunday,23,22,Urban,Medium Speed (Collector),No,30.42984444,-81.66811944,Non-Intersection,Dark - Lighted,Clear,Unknown,Unknown,Unknown EMS Scene Arrival Hour,Unknown EMS Scene Arrival Minutes,Not Applicable (Not Transported),Not Applicable (Not Transported),1,Dark - Lighted,Clear,0,0,[],[],0,0,Invalid,0.0,0.0,999.0,999.0,"['Other', 'Other']",0,0,1,0,4,Dry,Straight,Level,Lowest,No
9376,12,Florida,121938,1,1,1,0,1,MIAMI,July,7,Friday,21,30,Urban,High Speed (Arterial),Yes,25.77625278,-80.18799444,Simple Junction,Dark - Lighted,Rain,Unknown,Unknown,Unknown EMS Scene Arrival Hour,Unknown EMS Scene Arrival Minutes,Unknown,Unknown EMS Hospital Arrival Time,1,Dark - Lighted,Rain/Wind/Minor,0,1,[],[],0,0,Valid,0.0,0.0,39.0,39.0,['Male'],0,0,3,2,4,Wet/Standing Water,Straight,Level,Lowest,No
9377,12,Florida,121939,0,2,2,0,2,NOT APPLICABLE,August,6,Sunday,11,38,Urban,High Speed (Arterial),Yes,26.68949722,-81.78937222,Simple Junction,Daylight,Clear,Unknown,Unknown,Unknown EMS Scene Arrival Hour,Unknown EMS Scene Arrival Minutes,Unknown,Unknown EMS Hospital Arrival Time,1,Daylight,Clear,1,1,['Driver'],['Shoulder_Lapbelt'],0,0,Valid,0.0,0.0,91.0,37.0,"['Male', 'Male']",0,0,3,4,5,Dry,Straight,Level,Lowest,No
9378,12,Florida,121940,0,2,2,0,2,DEERFIELD BEACH,February,1,Wednesday,7,4,Urban,Medium Speed (Collector),No,26.28978611,-80.11953333,Complex/Circle,Dawn,Clear,Unknown,Unknown,Unknown EMS Scene Arrival Hour,Unknown EMS Scene Arrival Minutes,Unknown,Unknown EMS Hospital Arrival Time,1,Twilight,Clear,1,1,['Driver'],['None_Used'],0,0,Invalid,0.0,0.0,42.0,26.0,"['Male', 'Male']",0,0,5,4,5,Dry,Straight,Level,Lowest,No
9379,12,Florida,121941,1,2,2,0,2,LAUDERDALE LAKES,February,4,Saturday,4,14,Urban,High Speed (Arterial),Yes,26.15340556,-80.20283333,Non-Intersection,Dark - Lighted,Clear,Unknown,Unknown,Unknown EMS Scene Arrival Hour,Unknown EMS Scene Arrival Minutes,Not Applicable (Not Transported),Not Applicable (Not Transported),1,Dark - Lighted,Clear,0,2,[],[],0,0,Invalid,1.0,0.0,999.0,33.0,"['Other', 'Female']",0,0,2,4,4,Dry,Straight,Level,Lowest,No
9380,12,Florida,121942,1,1,1,0,1,POMPANO BEACH,February,4,Saturday,22,44,Urban,Medium Speed (Collector),No,26.23411944,-80.13139722,Non-Intersection,Dark - Lighted,Clear,Unknown,Unknown,Unknown EMS Scene Arrival Hour,Officially Cancelled,Unknown,Officially Canceled,1,Dark - Lighted,Clear,0,1,[],[],0,0,Valid,0.0,1.0,23.0,23.0,['Male'],0,0,2,3,4,Dry,Straight,Level,Lowest,No
9381,12,Florida,121943,0,2,2,0,2,JACKSONVILLE,August,11,Friday,22,45,Urban,Medium Speed (Collector),No,30.258,-81.61816944,Non-Intersection,Dark - Lighted,Clear,Unknown,Unknown,Unknown EMS Scene Arrival Hour,Unknown EMS Scene Arrival Minutes,Unknown,Unknown EMS Hospital Arrival Time,1,Dark - Lighted,Clear,1,1,['Driver'],['None_Used'],1,2,Valid,0.0,1.0,26.0,25.0,"['Male', 'Male']",0,0,5,4,5,Dry,Straight,Level,Lowest,No
9382,12,Florida,121944,1,1,1,0,1,JACKSONVILLE,August,12,Saturday,10,44,Urban,Medium Speed (Collector),No,30.48519444,-81.60482222,Non-Intersection,Daylight,Clear,Unknown,Unknown,Unknown EMS Scene Arrival Hour,Unknown EMS Scene Arrival Minutes,Unknown,Unknown EMS Hospital Arrival Time,1,Daylight,Clear,0,1,[],[],0,0,Valid,0.0,0.0,17.0,17.0,['Female'],0,0,3,2,4,Dry,Straight,Level,Lowest,No
9383,12,Florida,121945,0,2,2,0,3,POMPANO BEACH,January,19,Thursday,12,36,Rural,Medium Speed (Collector),No,26.26055556,-80.13995833,Non-Intersection,Daylight,Clear,Unknown,Unknown,Unknown EMS Scene Arrival Hour,Unknown EMS Scene Arrival Minutes,Unknown,Unknown EMS Hospital Arrival Time,1,Daylight,Clear,1,2,['Front_Passenger'],['Shoulder_Lapbelt'],0,0,Valid,0.0,0.0,51.0,23.0,"['Female', 'Male']",0,0,3,4,5,Dry,Straight,Level,Lowest,No
9384,12,Florida,121946,0,1,1,0,2,NOT APPLICABLE,August,12,Saturday,3,45,Urban,High Speed (Arterial),Yes,28.45146111,-80.82100833,Non-Intersection,Dark - Not Lighted,Clear,Unknown,Unknown,Unknown EMS Scene Arrival Hour,Unknown EMS Scene Arrival Minutes,Unknown,Unknown EMS Hospital Arrival Time,1,Dark - Unlighted,Clear,1,1,['Front_Passenger'],['None_Used'],0,0,Valid,0.0,2.0,33.0,33.0,['Male'],0,0,2,4,3,Dry,Straight,Level,Lowest,No
9385,12,Florida,121947,0,1,1,0,2,NOT APPLICABLE,August,12,Saturday,3,0,Rural,High Speed (Arterial),Yes,28.15758611,-81.80077778,Non-Intersection,Dark - Not Lighted,Clear,Unknown,Unknown,Unknown EMS Scene Arrival Hour,Unknown EMS Scene Arrival Minutes,Unknown,Unknown EMS Hospital Arrival Time,1,Dark - Unlighted,Clear,1,1,['Front_Passenger'],['Shoulder_Lapbelt'],1,1,Invalid,0.0,0.0,36.0,36.0,['Male'],0,0,3,4,3,Dry,Straight,Level,Lowest,No
9386,12,Florida,121948,1,2,1,1,2,NOT APPLICABLE,August,11,Friday,13,41,Rural,High Speed (Arterial),Yes,30.68355833,-86.79862222,Non-Intersection,Daylight,Clear,Unknown,Unknown,Unknown EMS Scene Arrival Hour,Unknown EMS Scene Arrival Minutes,Not Applicable (Not Transported),Not Applicable (Not Transported),2,Daylight,Clear,2,0,"['Driver', 'Front_Passenger']","['None_Used', 'None_Used']",0,0,Valid,0.0,0.0,48.0,48.0,['Male'],0,0,2,4,5,Dry,Straight,Level,Lowest,No
9387,12,Florida,121950,0,2,2,0,2,MARY ESTHER,August,13,Sunday,4,10,Urban,High Speed (Arterial),Yes,30.40950278,-86.65563611,Simple Junction,Dark - Lighted,Clear,Unknown,Unknown,Unknown EMS Scene Arrival Hour,Unknown EMS Scene Arrival Minutes,Unknown,Unknown EMS Hospital Arrival Time,1,Dark - Lighted,Clear,1,1,['Driver'],['None_Used'],0,0,Invalid,0.0,0.0,33.0,30.0,"['Male', 'Male']",0,0,5,4,5,Dry,Straight,Level,Lowest,No
9388,12,Florida,121951,0,3,3,0,4,NOT APPLICABLE,August,9,Wednesday,6,20,Rural,Medium Speed (Collector),No,30.86652778,-85.49269722,Non-Intersection,Daylight,Clear,Unknown,Unknown,Unknown EMS Scene Arrival Hour,Unknown EMS Scene Arrival Minutes,Unknown,Unknown EMS Hospital Arrival Time,1,Daylight,Clear,1,3,['Driver'],['None_Used'],0,0,Valid,1.0,0.0,59.0,49.0,"['Female', 'Female', 'Female']",0,0,3,4,5,Dry,Curve,Level,Lowest,No
9389,12,Florida,121952,1,1,1,0,2,NOT APPLICABLE,August,11,Friday,23,41,Rural,High Speed (Arterial),Yes,30.674575,-86.83146944,Non-Intersection,Dark - Not Lighted,Cloudy,Unknown,Unknown,Unknown EMS Scene Arrival Hour,Officially Cancelled,Unknown,Officially Canceled,1,Dark - Unlighted,Reduced Visibility,0,2,[],[],0,0,Valid,0.0,0.0,22.0,22.0,['Female'],0,0,3,4,4,Wet/Standing Water,Straight,Level,Lowest,No
9390,12,Florida,121953,0,2,2,0,2,PORT SAINT LUCIE,July,14,Friday,22,16,Urban,High Speed (Arterial),Yes,27.26820278,-80.369375,Simple Junction,Dark - Lighted,Clear,Unknown,Unknown,Unknown EMS Scene Arrival Hour,Unknown EMS Scene Arrival Minutes,Unknown,Unknown EMS Hospital Arrival Time,1,Dark - Lighted,Clear,1,1,['Driver'],['None_Used'],0,0,Valid,0.0,0.0,38.0,17.0,"['Female', 'Male']",0,0,5,4,5,Dry,Straight,Level,Lowest,No
9391,12,Florida,121954,0,3,3,0,4,NOT APPLICABLE,August,9,Wednesday,4,28,Rural,High Speed (Arterial),Yes,27.92535,-80.60262778,Non-Intersection,Dark - Not Lighted,Clear,Unknown,Unknown,Unknown EMS Scene Arrival Hour,Unknown EMS Scene Arrival Minutes,Not Applicable (Not Transported),Not Applicable (Not Transported),1,Dark - Unlighted,Clear,1,3,['Driver'],['Shoulder_Lapbelt'],0,0,Valid,0.0,0.0,60.0,25.0,"['Female', 'Male', 'Male']",0,0,3,4,5,Dry,Straight,Level,Lowest,No
9392,12,Florida,121955,0,3,3,0,3,NOT APPLICABLE,August,16,Wednesday,0,46,Urban,High Speed (Arterial),Yes,28.30852222,-81.56839444,Non-Intersection,Dark - Lighted,Clear,Unknown,Unknown,Unknown EMS Scene Arrival Hour,Unknown EMS Scene Arrival Minutes,Unknown,Unknown EMS Hospital Arrival Time,1,Dark - Lighted,Clear,1,2,['Driver'],['Shoulder_Lapbelt'],1,1,Valid,0.0,0.0,61.0,28.0,"['Male', 'Female', 'Male']",0,0,4,4,5,Dry,Straight,Level,Lowest,No
9393,12,Florida,121956,0,1,1,0,1,GAINESVILLE,August,15,Tuesday,23,25,Urban,High Speed (Arterial),Yes,29.62245556,-82.38955,Non-Intersection,Dark - Lighted,Cloudy,Unknown,Unknown,Unknown EMS Scene Arrival Hour,Unknown EMS Scene Arrival Minutes,Unknown,Unknown EMS Hospital Arrival Time,1,Dark - Lighted,Reduced Visibility,1,0,['Driver'],['None_Used'],0,0,Valid,0.0,0.0,58.0,58.0,['Female'],0,0,3,4,3,Dry,Straight,Level,Lowest,No
9394,12,Florida,121957,0,1,1,0,1,NOT APPLICABLE,August,11,Friday,16,18,Urban,High Speed (Arterial),Yes,27.12135,-80.18613611,Non-Intersection,Daylight,Clear,Unknown,Unknown,Unknown EMS Scene Arrival Hour,Unknown EMS Scene Arrival Minutes,Unknown,Unknown EMS Hospital Arrival Time,1,Daylight,Clear,1,0,['Driver'],['None_Used'],1,1,Valid,0.0,0.0,65.0,65.0,['Male'],0,0,3,4,3,Dry,Straight,Level,Lowest,No
9395,12,Florida,121958,0,2,2,0,4,PORT SAINT LUCIE,August,8,Tuesday,20,40,Urban,High Speed (Arterial),Yes,27.27120556,-80.29753611,Complex/Circle,Dark - Lighted,Clear,8:00pm-8:59pm,41,8:00pm-8:59pm,43,Unknown,Unknown EMS Hospital Arrival Time,1,Dark - Lighted,Clear,1,3,['Driver'],['None_Used'],0,0,Valid,0.0,1.0,68.0,41.0,"['Male', 'Male']",2,0,5,4,5,Dry,Straight,Level,Lowest,No
9396,12,Florida,121959,0,2,2,0,2,NOT APPLICABLE,August,9,Wednesday,19,35,Rural,Medium Speed (Collector),No,28.10471944,-81.53049722,Non-Intersection,Daylight,Clear,Unknown,Unknown,Unknown EMS Scene Arrival Hour,Unknown EMS Scene Arrival Minutes,Unknown,Unknown EMS Hospital Arrival Time,1,Daylight,Clear,1,1,['Driver'],['None_Used'],0,0,Valid,0.0,0.0,40.0,34.0,"['Male', 'Female']",1,0,5,4,5,Dry,Curve,Level,Lowest,No
9397,12,Florida,121960,1,1,1,0,1,NOT APPLICABLE,August,13,Sunday,8,20,Urban,Medium Speed (Collector),No,27.03285556,-82.20787222,Complex/Circle,Daylight,Clear,Unknown,Unknown,Unknown EMS Scene Arrival Hour,Unknown EMS Scene Arrival Minutes,Not Applicable (Not Transported),Not Applicable (Not Transported),1,Daylight,Clear,0,1,[],[],0,0,Valid,0.0,0.0,66.0,66.0,['Male'],0,0,2,4,4,Dry,Straight,Level,Lowest,No
9398,12,Florida,121961,0,2,2,0,2,NOT APPLICABLE,August,14,Monday,10,48,Rural,High Speed (Arterial),Yes,30.64036111,-81.65744167,Non-Intersection,Daylight,Clear,Unknown,Unknown,Unknown EMS Scene Arrival Hour,Unknown EMS Scene Arrival Minutes,Unknown,Unknown EMS Hospital Arrival Time,1,Daylight,Clear,1,1,['Driver'],['Shoulder_Lapbelt'],0,0,Valid,0.0,0.0,91.0,45.0,"['Male', 'Male']",0,0,2,4,3,Dry,Straight,Level,Lowest,No
9399,12,Florida,121962,0,2,2,0,3,NOT APPLICABLE,August,9,Wednesday,6,50,Rural,High Speed (Arterial),Yes,27.70013056,-80.90453889,Non-Intersection,Daylight,Clear,Unknown,Unknown,Unknown EMS Scene Arrival Hour,Unknown EMS Scene Arrival Minutes,Unknown,Unknown EMS Hospital Arrival Time,1,Daylight,Clear,1,2,['Driver'],['Shoulder_Lapbelt'],0,0,Valid,1.0,0.0,74.0,52.0,"['Female', 'Male']",0,0,2,4,5,Dry,Straight,Level,Lowest,No
9400,12,Florida,121963,1,2,2,0,3,NOT APPLICABLE,August,15,Tuesday,2,15,Urban,Medium Speed (Collector),No,29.9008,-82.14003333,Non-Intersection,Dark - Not Lighted,Cloudy,Unknown,Unknown,Unknown EMS Scene Arrival Hour,Officially Cancelled,Unknown,Officially Canceled,1,Dark - Unlighted,Reduced Visibility,0,2,[],[],0,0,Invalid,0.0,0.0,999.0,24.0,"['Other', 'Male']",0,0,3,4,4,Dry,Straight,Level,Lowest,No
9401,12,Florida,121964,2,1,1,0,1,NOT APPLICABLE,August,17,Thursday,10,30,Urban,High Speed (Arterial),Yes,28.53341389,-82.52426111,Non-Intersection,Daylight,Cloudy,10:00am-10:59am,33,10:00am-10:59am,41,Unknown,Unknown EMS Hospital Arrival Time,1,Daylight,Reduced Visibility,0,1,[],[],0,0,Valid,1.0,0.0,80.0,80.0,['Male'],0,0,3,3,4,Dry,Straight,Level,Lowest,No
9402,12,Florida,121965,0,3,3,0,8,NOT APPLICABLE,August,12,Saturday,22,34,Urban,Medium Speed (Collector),No,30.58574444,-87.08591667,Non-Intersection,Dark - Lighted,Clear,Unknown,Unknown,Unknown EMS Scene Arrival Hour,Unknown EMS Scene Arrival Minutes,Unknown,Unknown EMS Hospital Arrival Time,2,Dark - Lighted,Clear,2,6,"['Driver', 'Rear_Seat']","['None_Used', 'None_Used']",1,1,Valid,1.0,0.0,61.0,25.0,"['Male', 'Male', 'Male']",0,0,5,4,5,Dry,Curve,Level,Lowest,No
9403,12,Florida,121966,0,2,2,0,4,FORT PIERCE,July,30,Sunday,1,10,Urban,Medium Speed (Collector),No,27.45297778,-80.349875,Complex/Circle,Dark - Lighted,Clear,Unknown,Unknown,Unknown EMS Scene Arrival Hour,Unknown EMS Scene Arrival Minutes,Unknown,Unknown EMS Hospital Arrival Time,1,Dark - Lighted,Clear,1,3,['Driver'],['Shoulder_Lapbelt'],0,0,Invalid,0.0,0.0,38.0,32.0,"['Male', 'Male']",0,0,3,4,5,Dry,Straight,Level,Lowest,No
9404,12,Florida,121967,0,3,3,0,6,GREENACRES CITY,August,8,Tuesday,10,48,Urban,High Speed (Arterial),Yes,26.60816111,-80.14682778,Complex/Circle,Daylight,Cloudy,Unknown,Unknown,Unknown EMS Scene Arrival Hour,Unknown EMS Scene Arrival Minutes,Unknown,Unknown EMS Hospital Arrival Time,1,Daylight,Reduced Visibility,1,5,['Driver'],['Shoulder_Lapbelt'],0,0,Valid,0.0,0.0,68.0,19.0,"['Male', 'Male', 'Male']",0,0,4,4,5,Dry,Straight,Level,Lowest,No
9405,12,Florida,121969,1,3,3,0,6,CASSELBERRY,August,13,Sunday,23,30,Urban,High Speed (Arterial),Yes,28.65769444,-81.336275,Non-Intersection,Dark - Lighted,Clear,Unknown,Unknown,Unknown EMS Scene Arrival Hour,Officially Cancelled,Unknown,Officially Canceled,1,Dark - Lighted,Clear,0,6,[],[],0,0,Valid,0.0,0.0,49.0,19.0,"['Female', 'Female', 'Female']",0,0,3,3,4,Dry,Straight,Level,Lowest,No
9406,12,Florida,121970,0,1,1,0,2,JACKSONVILLE,August,16,Wednesday,0,0,Urban,Medium Speed (Collector),No,30.27791667,-81.60265278,Non-Intersection,Dark - Lighted,Clear,Unknown,Unknown,Unknown EMS Scene Arrival Hour,Unknown EMS Scene Arrival Minutes,Not Applicable (Not Transported),Not Applicable (Not Transported),2,Dark - Lighted,Clear,2,0,"['Driver', 'Front_Passenger']","['Shoulder_Lapbelt', 'Shoulder_Lapbelt']",0,0,Invalid,0.0,0.0,21.0,21.0,['Male'],2,0,2,4,3,Dry,Straight,Level,Lowest,No
9407,12,Florida,121971,1,1,1,0,1,SUNRISE,July,25,Tuesday,22,13,Urban,High Speed (Arterial),Yes,26.16965278,-80.28483333,Complex/Circle,Dark - Lighted,Clear,Unknown,Unknown,Unknown EMS Scene Arrival Hour,Unknown EMS Scene Arrival Minutes,Unknown,Unknown EMS Hospital Arrival Time,1,Dark - Lighted,Clear,0,1,[],[],0,0,Invalid,0.0,0.0,35.0,35.0,['Female'],0,0,2,3,4,Dry,Straight,Level,Lowest,Yes
9408,12,Florida,121972,1,1,1,0,1,NOT APPLICABLE,August,12,Saturday,22,0,Urban,Low Speed (Local),No,30.48468056,-86.57004444,Non-Intersection,Dark - Not Lighted,Clear,Unknown,Unknown,Unknown EMS Scene Arrival Hour,Unknown EMS Scene Arrival Minutes,Unknown,Unknown EMS Hospital Arrival Time,1,Dark - Unlighted,Clear,0,1,[],[],0,0,Valid,0.0,0.0,28.0,28.0,['Male'],0,0,3,3,4,Dry,Straight,Level,Lowest,No
9409,12,Florida,121973,0,1,1,0,1,NOT APPLICABLE,August,9,Wednesday,22,30,Rural,Medium Speed (Collector),No,30.55980833,-84.07046111,Non-Intersection,Dark - Not Lighted,Clear,Unknown,Unknown,Unknown EMS Scene Arrival Hour,Unknown EMS Scene Arrival Minutes,Unknown,Unknown EMS Hospital Arrival Time,1,Dark - Unlighted,Clear,1,0,['Driver'],['Shoulder_Lapbelt'],1,1,Valid,0.0,1.0,55.0,55.0,['Male'],0,0,2,4,3,Dry,Straight,Level,Lowest,No
9410,12,Florida,121974,0,1,1,0,2,NOT APPLICABLE,August,14,Monday,10,20,Urban,High Speed (Arterial),Yes,26.48488889,-80.65380556,Non-Intersection,Daylight,Clear,Unknown,Unknown,Unknown EMS Scene Arrival Hour,Unknown EMS Scene Arrival Minutes,Unknown,Unknown EMS Hospital Arrival Time,1,Daylight,Clear,1,1,['Front_Passenger'],['Shoulder_Lapbelt'],0,0,Valid,0.0,0.0,40.0,40.0,['Male'],0,0,2,4,3,Dry,Straight,Level,Lowest,No
9411,12,Florida,121975,0,1,1,0,1,ORMOND BEACH,August,9,Wednesday,9,48,Urban,Medium Speed (Collector),No,29.41548889,-81.14834722,Non-Intersection,Daylight,Cloudy,Unknown,Unknown,Unknown EMS Scene Arrival Hour,Unknown EMS Scene Arrival Minutes,Unknown,Unknown EMS Hospital Arrival Time,1,Daylight,Reduced Visibility,1,0,['Driver'],['Shoulder_Lapbelt'],0,0,Invalid,1.0,0.0,69.0,69.0,['Male'],0,0,4,4,3,Dry,Straight,Level,Lowest,No
9412,12,Florida,121976,0,1,1,0,1,MIDWAY,March,5,Sunday,21,0,Rural,Medium Speed (Collector),No,30.49831667,-84.45758333,Simple Junction,Dark - Not Lighted,Clear,Unknown,Unknown,Unknown EMS Scene Arrival Hour,Unknown EMS Scene Arrival Minutes,Unknown,Unknown EMS Hospital Arrival Time,1,Dark - Unlighted,Clear,1,0,['Driver'],['None_Used'],0,0,Valid,0.0,0.0,77.0,77.0,['Male'],1,0,2,4,2,Dry,Curve,Grade/Hillcrest,Lowest,No
9413,12,Florida,121977,1,1,1,0,1,MIAMI,August,14,Monday,0,38,Urban,High Speed (Arterial),Yes,25.76661667,-80.21968056,Non-Intersection,Dark - Lighted,Clear,Unknown,Unknown,Unknown EMS Scene Arrival Hour,Unknown EMS Scene Arrival Minutes,Unknown,Unknown EMS Hospital Arrival Time,1,Dark - Lighted,Clear,0,1,[],[],0,0,Invalid,0.0,0.0,998.0,998.0,['Other'],0,0,1,3,4,Dry,Straight,Level,Lowest,No
9414,12,Florida,121979,0,2,2,0,2,NEW SMYRNA BEACH,February,28,Tuesday,13,5,Urban,High Speed (Arterial),Yes,29.01958611,-80.92893889,Complex/Circle,Daylight,Clear,Unknown,Unknown,Unknown EMS Scene Arrival Hour,Unknown EMS Scene Arrival Minutes,Unknown,Unknown EMS Hospital Arrival Time,1,Daylight,Clear,1,1,['Driver'],['Shoulder_Lapbelt'],0,0,Valid,1.0,0.0,81.0,70.0,"['Female', 'Female']",0,0,3,4,5,Dry,Straight,Level,Lowest,No
9415,12,Florida,121980,0,3,3,0,4,NOT APPLICABLE,August,15,Tuesday,5,19,Urban,Medium Speed (Collector),No,28.25884722,-81.43621111,Non-Intersection,Dark - Lighted,Clear,Unknown,Unknown,Unknown EMS Scene Arrival Hour,Unknown EMS Scene Arrival Minutes,Unknown,Unknown EMS Hospital Arrival Time,1,Dark - Lighted,Clear,1,3,['Driver'],['Shoulder_Lapbelt'],1,1,Valid,1.0,0.0,56.0,21.0,"['Male', 'Male', 'Male']",1,0,3,4,5,Dry,Straight,Level,Lowest,No
9416,12,Florida,121981,0,3,3,0,7,NOT APPLICABLE,August,10,Thursday,21,20,Urban,Medium Speed (Collector),No,28.36953889,-81.533525,Non-Intersection,Dark - Lighted,Clear,Unknown,Unknown,Unknown EMS Scene Arrival Hour,Unknown EMS Scene Arrival Minutes,Unknown,Unknown EMS Hospital Arrival Time,1,Dark - Lighted,Clear,1,6,['Driver'],['Shoulder_Lapbelt'],0,0,Valid,0.0,1.0,53.0,18.0,"['Male', 'Male', 'Female']",0,0,4,4,5,Dry,Straight,Level,Lowest,No
9417,12,Florida,121982,0,1,1,0,2,NOT APPLICABLE,August,12,Saturday,20,2,Urban,Low Speed (Local),No,28.20366389,-81.25606111,Non-Intersection,Daylight,Clear,Unknown,Unknown,Unknown EMS Scene Arrival Hour,Unknown EMS Scene Arrival Minutes,Unknown,Unknown EMS Hospital Arrival Time,1,Daylight,Clear,1,1,['Driver'],['None_Used'],0,0,Valid,0.0,0.0,32.0,32.0,['Male'],0,0,5,4,3,Dry,Straight,Level,Lowest,No
9418,12,Florida,121983,0,1,1,0,1,NOT APPLICABLE,August,11,Friday,1,25,Rural,Medium Speed (Collector),No,26.73071944,-81.7055,Non-Intersection,Dark - Not Lighted,Clear,Unknown,Unknown,Unknown EMS Scene Arrival Hour,Unknown EMS Scene Arrival Minutes,Unknown,Unknown EMS Hospital Arrival Time,1,Dark - Unlighted,Clear,1,0,['Driver'],['Shoulder_Lapbelt'],1,1,Valid,0.0,0.0,61.0,61.0,['Male'],0,0,4,3,3,Dry,Straight,Level,Lowest,No
9419,12,Florida,121985,1,1,1,0,1,NOT APPLICABLE,August,12,Saturday,0,17,Urban,High Speed (Arterial),Yes,28.39515,-80.74931389,Non-Intersection,Dark - Lighted,Clear,Unknown,Unknown,Unknown EMS Scene Arrival Hour,Unknown EMS Scene Arrival Minutes,Not Applicable (Not Transported),Not Applicable (Not Transported),1,Dark - Lighted,Clear,0,1,[],[],0,0,Valid,0.0,0.0,36.0,36.0,['Female'],0,0,3,3,4,Dry,Curve,Level,Lowest,No
9420,12,Florida,121986,0,2,2,0,2,NOT APPLICABLE,August,15,Tuesday,7,53,Urban,Medium Speed (Collector),No,28.21928056,-82.71533889,Non-Intersection,Daylight,Cloudy,Unknown,Unknown,Unknown EMS Scene Arrival Hour,Unknown EMS Scene Arrival Minutes,Unknown,Unknown EMS Hospital Arrival Time,1,Daylight,Reduced Visibility,1,1,['Driver'],['Shoulder_Lapbelt'],0,0,Valid,0.0,0.0,89.0,47.0,"['Male', 'Male']",0,0,4,4,5,Dry,Straight,Level,Medium,No
9421,12,Florida,121987,1,1,1,0,1,NOT APPLICABLE,August,12,Saturday,15,48,Rural,Medium Speed (Collector),No,29.41664167,-82.88887778,Complex/Circle,Daylight,Clear,Unknown,Unknown,Unknown EMS Scene Arrival Hour,Unknown EMS Scene Arrival Minutes,Not Applicable (Not Transported),Not Applicable (Not Transported),1,Daylight,Clear,0,1,[],[],0,0,Valid,0.0,0.0,74.0,74.0,['Female'],0,0,3,4,4,Dry,Straight,Level,Lowest,No