,State_Code,State_Name,Crash_ID,Count_Non_Motorists,Count_Vehicles_Total,Count_Vehicle_Forms,Count_PVH_Involved,Count_Occupants_MV,City_Name,Month_Name,Day_of_Month,Day_of_Week,Crash_Hour,Crash_Minute,Area_Rural_Urban,Road_Functional_Class,On_NHS_Road,Latitude,Longitude,Intersection_Type,Light_Condition,Weather_Condition,Notif_Hour,Notif_Minute,Arrival_Hour,Arrival_Minute,Hospital_Hour,Hospital_Minute,Fatalities_Count,Clean_Light_Condition,Clean_Weather_Condition,Total_Killed,Total_Alive,Fatal_Seats_List,Killed_Restraint_List,Any_Driver_Drinking,Total_Drinking_Drivers,Driver_License_Category,Driver_Max_Prev_Accident_Count,Driver_Max_Prev_Speeding_Count,Max_Driver_Age,Min_Driver_Age,Driver_Sex_List,Total_Exceeding_Limit_Vehicles,Total_Too_Fast_Vehicles,Max_Vehicle_Type_Severity_5,Max_Vehicle_Damage_Rank,Max_Harmful_Event_Severity,Crash_Road_Surface_Condition,Crash_Horizontal_Alignment,Crash_Vertical_Profile,Crash_Impairment_Category,Crash_Vehicle_Defect
9422,12,Florida,121990,1,1,1,0,1,KISSIMMEE,August,11,Friday,23,50,Urban,Medium Speed (Collector),No,28.33379444,-81.48963333,Non-Intersection,Dark - Lighted,Clear,Unknown,Unknown,Unknown EMS Scene Arrival Hour,Officially Cancelled,Unknown,Officially Canceled,1,Dark - Lighted,Clear,0,1,[],[],0,0,Invalid,0.0,0.0,999.0,999.0,['Other'],0,0,3,0,4,Dry,Straight,Level,Lowest,No
9423,12,Florida,121991,0,2,2,0,4,NOT APPLICABLE,August,8,Tuesday,22,59,Rural,High Speed (Arterial),Yes,29.03540833,-81.21460278,Non-Intersection,Dark - Not Lighted,Clear,Unknown,Unknown,Unknown EMS Scene Arrival Hour,Unknown EMS Scene Arrival Minutes,Unknown,Unknown EMS Hospital Arrival Time,1,Dark - Unlighted,Clear,1,3,['Driver'],['None_Used'],0,0,Invalid,0.0,0.0,52.0,20.0,"['Male', 'Male']",1,0,5,4,5,Dry,Straight,Level,Lowest,No
9424,12,Florida,121992,0,2,2,0,2,JACKSONVILLE,August,17,Thursday,10,52,Urban,High Speed (Arterial),Yes,30.31429167,-81.56462778,Non-Intersection,Daylight,Clear,Unknown,Unknown,Unknown EMS Scene Arrival Hour,Unknown EMS Scene Arrival Minutes,Unknown,Unknown EMS Hospital Arrival Time,1,Daylight,Clear,1,1,['Driver'],['None_Used'],0,0,Valid,2.0,2.0,42.0,38.0,"['Male', 'Male']",0,0,5,4,5,Dry,Straight,Level,Lowest,No
9425,12,Florida,121993,0,1,1,0,1,NOT APPLICABLE,August,17,Thursday,21,0,Rural,Low Speed (Local),No,29.52215556,-82.90186944,Non-Intersection,Dark - Not Lighted,Clear,Unknown,Unknown,Unknown EMS Scene Arrival Hour,Unknown EMS Scene Arrival Minutes,Not Applicable (Not Transported),Not Applicable (Not Transported),1,Dark - Unlighted,Clear,1,0,['Driver'],['None_Used'],0,0,Valid,0.0,0.0,70.0,70.0,['Male'],1,0,3,4,3,Dry,Curve,Level,Lowest,No
9426,12,Florida,121994,1,1,1,0,1,HOMESTEAD,August,9,Wednesday,6,12,Urban,High Speed (Arterial),Yes,25.48261667,-80.47749167,Complex/Circle,Dark - Lighted,Clear,Unknown,Unknown,Unknown EMS Scene Arrival Hour,Unknown EMS Scene Arrival Minutes,Unknown,Unknown EMS Hospital Arrival Time,1,Dark - Lighted,Clear,0,1,[],[],0,0,Valid,1.0,0.0,58.0,58.0,['Male'],0,0,2,4,4,Dry,Straight,Level,Lowest,No
9427,12,Florida,121995,0,2,2,0,3,NOT APPLICABLE,August,17,Thursday,23,54,Urban,Medium Speed (Collector),No,28.38215278,-81.39869444,Non-Intersection,Dark - Lighted,Clear,Unknown,Unknown,Unknown EMS Scene Arrival Hour,Unknown EMS Scene Arrival Minutes,Unknown,Unknown EMS Hospital Arrival Time,1,Dark - Lighted,Clear,1,2,['Driver'],['Shoulder_Lapbelt'],1,2,Invalid,0.0,0.0,41.0,24.0,"['Male', 'Female']",0,0,3,4,5,Dry,Straight,Level,Lowest,No
9428,12,Florida,121996,0,2,2,0,2,FORT LAUDERDALE,April,3,Monday,13,5,Rural,High Speed (Arterial),Yes,26.1669,-80.11663889,Complex/Circle,Daylight,Clear,Unknown,Unknown,Unknown EMS Scene Arrival Hour,Unknown EMS Scene Arrival Minutes,Unknown,Unknown EMS Hospital Arrival Time,1,Daylight,Clear,1,1,['Driver'],['None_Used'],0,0,Valid,0.0,0.0,62.0,53.0,"['Male', 'Male']",0,0,2,4,5,Dry,Straight,Level,Lowest,No
9429,12,Florida,121997,1,1,1,0,1,NOT APPLICABLE,August,18,Friday,9,52,Urban,High Speed (Arterial),No,27.8973,-82.70055556,Non-Intersection,Daylight,Cloudy,Unknown,Unknown,Unknown EMS Scene Arrival Hour,Unknown EMS Scene Arrival Minutes,Not Applicable (Not Transported),Not Applicable (Not Transported),1,Daylight,Reduced Visibility,0,1,[],[],0,0,Valid,0.0,0.0,75.0,75.0,['Male'],0,0,3,3,4,Dry,Straight,Level,Lowest,No
9430,12,Florida,121998,1,2,1,1,1,DAVIE,August,18,Friday,6,2,Urban,High Speed (Arterial),Yes,26.08625556,-80.20195,Non-Intersection,Dark - Not Lighted,Cloudy,Unknown,Unknown,Unknown EMS Scene Arrival Hour,Unknown EMS Scene Arrival Minutes,Unknown,Unknown EMS Hospital Arrival Time,1,Dark - Unlighted,Reduced Visibility,0,1,[],[],0,0,Valid,0.0,0.0,58.0,58.0,['Male'],0,0,3,4,3,Dry,Curve,Grade/Hillcrest,Lowest,No
9431,12,Florida,121999,0,2,2,0,3,NOT APPLICABLE,August,18,Friday,19,13,Urban,High Speed (Arterial),Yes,27.94674444,-81.79430278,Non-Intersection,Daylight,Clear,Unknown,Unknown,Unknown EMS Scene Arrival Hour,Unknown EMS Scene Arrival Minutes,Unknown,Unknown EMS Hospital Arrival Time,1,Daylight,Clear,1,2,['Driver'],['None_Used'],0,0,Valid,0.0,0.0,48.0,18.0,"['Male', 'Male']",1,0,3,4,5,Wet/Standing Water,Straight,Grade/Hillcrest,Lowest,No
9432,12,Florida,122000,0,1,1,0,1,NOT APPLICABLE,August,18,Friday,17,35,Rural,Medium Speed (Collector),No,29.43808611,-82.04860556,Non-Intersection,Daylight,Clear,Unknown,Unknown,Unknown EMS Scene Arrival Hour,Unknown EMS Scene Arrival Minutes,Unknown,Unknown EMS Hospital Arrival Time,1,Daylight,Clear,1,0,['Driver'],['Shoulder_Lapbelt'],0,0,Invalid,0.0,0.0,23.0,23.0,['Male'],0,0,3,4,3,Dry,Curve,Level,Lowest,No
9433,12,Florida,122001,0,2,2,0,3,NOT APPLICABLE,August,14,Monday,22,46,Urban,High Speed (Arterial),Yes,28.05182778,-82.33517778,Complex/Circle,Dark - Lighted,Clear,Unknown,Unknown,Unknown EMS Scene Arrival Hour,Unknown EMS Scene Arrival Minutes,Not Applicable (Not Transported),Not Applicable (Not Transported),1,Dark - Lighted,Clear,1,2,['Driver'],['None_Used'],1,1,Valid,0.0,0.0,33.0,30.0,"['Male', 'Male']",0,0,5,4,5,Dry,Straight,Level,Lowest,No
9434,12,Florida,122002,0,2,2,0,2,NOT APPLICABLE,August,20,Sunday,15,32,Urban,Medium Speed (Collector),No,30.10175556,-81.74053056,Complex/Circle,Daylight,Clear,Unknown,Unknown,Unknown EMS Scene Arrival Hour,Unknown EMS Scene Arrival Minutes,Not Applicable (Not Transported),Not Applicable (Not Transported),1,Daylight,Clear,1,1,['Driver'],['None_Used'],0,0,Valid,0.0,0.0,34.0,20.0,"['Female', 'Male']",0,0,3,4,5,Dry,Straight,Level,Lowest,No
9435,12,Florida,122003,1,1,1,0,1,NOT APPLICABLE,August,17,Thursday,6,32,Rural,Low Speed (Local),No,28.07687778,-81.51731944,Non-Intersection,Dark - Not Lighted,Cloudy,Unknown,Unknown,Unknown EMS Scene Arrival Hour,Unknown EMS Scene Arrival Minutes,Unknown,Unknown EMS Hospital Arrival Time,1,Dark - Unlighted,Reduced Visibility,0,1,[],[],0,0,Valid,0.0,0.0,64.0,64.0,['Male'],0,0,3,4,4,Dry,Straight,Level,Lowest,No
9436,12,Florida,122004,0,1,1,0,1,DELTONA,August,18,Friday,23,15,Urban,High Speed (Arterial),Yes,28.87476389,-81.28483611,Non-Intersection,Dark - Lighted,Clear,Unknown,Unknown,Unknown EMS Scene Arrival Hour,Unknown EMS Scene Arrival Minutes,Not Applicable (Not Transported),Not Applicable (Not Transported),1,Dark - Lighted,Clear,1,0,['Driver'],['None_Used'],1,1,Valid,0.0,1.0,39.0,39.0,['Female'],1,0,2,4,3,Dry,Curve,Grade/Hillcrest,Lowest,No
9437,12,Florida,122005,0,2,2,0,2,NOT APPLICABLE,August,17,Thursday,20,25,Urban,High Speed (Arterial),Yes,29.63421667,-82.26991389,Complex/Circle,Dusk,Clear,Unknown,Unknown,Unknown EMS Scene Arrival Hour,Unknown EMS Scene Arrival Minutes,Unknown,Unknown EMS Hospital Arrival Time,1,Twilight,Clear,1,1,['Driver'],['None_Used'],1,2,Valid,0.0,2.0,54.0,30.0,"['Male', 'Male']",0,0,5,4,5,Dry,Straight,Level,Lowest,No
9438,12,Florida,122006,0,2,1,1,1,TAMPA,August,18,Friday,18,6,Urban,Low Speed (Local),No,27.99781944,-82.41215556,Non-Intersection,Daylight,Clear,Unknown,Unknown,Unknown EMS Scene Arrival Hour,Unknown EMS Scene Arrival Minutes,Unknown,Unknown EMS Hospital Arrival Time,1,Daylight,Clear,1,0,['Driver'],['None_Used'],0,0,Invalid,0.0,0.0,17.0,17.0,['Male'],1,0,3,4,3,Dry,Straight,Level,Lowest,No
9439,12,Florida,122007,0,1,1,0,1,NOT APPLICABLE,August,18,Friday,0,30,Urban,Medium Speed (Collector),No,28.26668611,-80.73413056,Non-Intersection,Dark - Lighted,Clear,Unknown,Unknown,Unknown EMS Scene Arrival Hour,Unknown EMS Scene Arrival Minutes,Unknown,Unknown EMS Hospital Arrival Time,1,Dark - Lighted,Clear,1,0,['Driver'],['None_Used'],1,1,Valid,0.0,0.0,47.0,47.0,['Male'],1,0,3,4,3,Dry,Curve,Grade/Hillcrest,Lowest,No
9440,12,Florida,122008,0,1,1,0,1,LOXAHATCHEE GROVES,August,18,Friday,15,26,Urban,Low Speed (Local),No,26.71738611,-80.24110556,Non-Intersection,Daylight,Clear,Unknown,Unknown,Unknown EMS Scene Arrival Hour,Unknown EMS Scene Arrival Minutes,Unknown,Unknown EMS Hospital Arrival Time,1,Daylight,Clear,1,0,['Driver'],['Shoulder_Lapbelt'],1,1,Invalid,0.0,0.0,20.0,20.0,['Male'],0,0,2,4,4,Dry,Straight,Level,Lowest,No
9441,12,Florida,122009,0,2,2,0,2,NOT APPLICABLE,August,19,Saturday,3,10,Urban,High Speed (Arterial),Yes,26.22586667,-81.73655556,Non-Intersection,Dark - Not Lighted,Clear,Unknown,Unknown,Unknown EMS Scene Arrival Hour,Unknown EMS Scene Arrival Minutes,Unknown,Unknown EMS Hospital Arrival Time,1,Dark - Unlighted,Clear,1,1,['Driver'],['None_Used'],0,0,Valid,0.0,2.0,35.0,20.0,"['Male', 'Male']",0,0,2,4,5,Dry,Straight,Level,Lowest,No
9442,12,Florida,122010,0,1,1,0,1,NOT APPLICABLE,August,19,Saturday,13,50,Rural,Medium Speed (Collector),No,29.38565556,-82.61066111,Non-Intersection,Daylight,Clear,Unknown,Unknown,Unknown EMS Scene Arrival Hour,Unknown EMS Scene Arrival Minutes,Not Applicable (Not Transported),Not Applicable (Not Transported),1,Daylight,Clear,1,0,['Driver'],['None_Used'],1,1,Invalid,0.0,0.0,56.0,56.0,['Male'],0,0,2,4,3,Dry,Straight,Level,Lowest,No
9443,12,Florida,122011,1,1,1,0,1,NOT APPLICABLE,August,19,Saturday,21,23,Urban,High Speed (Arterial),Yes,26.70918333,-80.20097778,Non-Intersection,Dark - Lighted,Rain,Unknown,Unknown,Unknown EMS Scene Arrival Hour,Unknown EMS Scene Arrival Minutes,Not Applicable (Not Transported),Not Applicable (Not Transported),1,Dark - Lighted,Rain/Wind/Minor,0,1,[],[],0,0,Valid,0.0,0.0,56.0,56.0,['Male'],0,0,3,4,4,Wet/Standing Water,Straight,Level,Lowest,No
9444,12,Florida,122012,0,2,1,1,1,JACKSONVILLE,August,20,Sunday,10,0,Urban,High Speed (Arterial),Yes,30.26273611,-81.6071,Non-Intersection,Daylight,Cloudy,Unknown,Unknown,Unknown EMS Scene Arrival Hour,Unknown EMS Scene Arrival Minutes,Unknown,Unknown EMS Hospital Arrival Time,1,Daylight,Reduced Visibility,1,0,['Driver'],['None_Used'],0,0,Invalid,0.0,0.0,26.0,26.0,['Male'],0,0,2,4,5,Dry,Straight,Level,Lowest,No
9445,12,Florida,122013,0,1,1,0,1,NOT APPLICABLE,August,20,Sunday,17,19,Urban,High Speed (Arterial),Yes,27.44286667,-82.45970556,Non-Intersection,Daylight,Cloudy,Unknown,Unknown,Unknown EMS Scene Arrival Hour,Unknown EMS Scene Arrival Minutes,Not Applicable (Not Transported),Not Applicable (Not Transported),1,Daylight,Reduced Visibility,1,0,['Driver'],['None_Used'],0,0,Valid,0.0,0.0,86.0,86.0,['Male'],0,0,3,4,3,Wet/Standing Water,Curve,Level,Lowest,No
9446,12,Florida,122014,0,2,2,0,3,MIAMI,June,23,Friday,19,36,Urban,Medium Speed (Collector),No,25.72554444,-80.25349167,Simple Junction,Dusk,Clear,Unknown,Unknown,Unknown EMS Scene Arrival Hour,Unknown EMS Scene Arrival Minutes,Unknown,Unknown EMS Hospital Arrival Time,1,Twilight,Clear,1,2,['Driver'],['None_Used'],0,0,Invalid,0.0,0.0,29.0,22.0,"['Female', 'Male']",0,0,5,4,5,Dry,Straight,Level,Lowest,No
9447,12,Florida,122015,0,6,6,0,10,NOT APPLICABLE,August,21,Monday,12,50,Urban,Medium Speed (Collector),Yes,30.42123056,-87.25013611,Complex/Circle,Daylight,Clear,Unknown,Unknown,Unknown EMS Scene Arrival Hour,Unknown EMS Scene Arrival Minutes,Unknown,Unknown EMS Hospital Arrival Time,1,Daylight,Clear,1,9,['Driver'],['Shoulder_Lapbelt'],0,0,Valid,0.0,2.0,76.0,20.0,"['Female', 'Female', 'Female', 'Male', 'Male', 'Male']",1,0,3,4,5,Dry,Curve,Level,Medium,No
9448,12,Florida,122016,0,2,2,0,2,NOT APPLICABLE,August,10,Thursday,11,33,Urban,High Speed (Arterial),Yes,25.68434722,-80.44933611,Complex/Circle,Daylight,Clear,Unknown,Unknown,Unknown EMS Scene Arrival Hour,Officially Cancelled,Unknown,Officially Canceled,1,Daylight,Clear,1,1,['Driver'],['None_Used'],0,0,Valid,0.0,1.0,56.0,24.0,"['Male', 'Male']",1,0,5,4,5,Dry,Straight,Level,Lowest,No
9449,12,Florida,122017,0,1,1,0,1,PONCE DE LEON,August,27,Sunday,17,41,Rural,High Speed (Arterial),Yes,30.70936111,-85.94606667,Non-Intersection,Daylight,Rain,Unknown,Unknown,Unknown EMS Scene Arrival Hour,Unknown EMS Scene Arrival Minutes,Not Applicable (Not Transported),Not Applicable (Not Transported),1,Daylight,Rain/Wind/Minor,1,0,['Driver'],['Shoulder_Lapbelt'],0,0,Valid,1.0,0.0,20.0,20.0,['Male'],0,0,3,4,3,Wet/Standing Water,Straight,Level,Lowest,No
9450,12,Florida,122019,1,1,1,0,1,POMPANO BEACH,February,5,Sunday,12,24,Urban,Low Speed (Local),No,26.24338333,-80.09045833,Non-Intersection,Daylight,Rain,Unknown,Unknown,Unknown EMS Scene Arrival Hour,Unknown EMS Scene Arrival Minutes,Unknown,Unknown EMS Hospital Arrival Time,1,Daylight,Rain/Wind/Minor,0,1,[],[],0,0,Valid,0.0,0.0,76.0,76.0,['Female'],0,0,3,0,4,Wet/Standing Water,Straight,Level,Lowest,No
9451,12,Florida,122020,0,4,2,2,5,TAMARAC,February,13,Monday,13,20,Urban,High Speed (Arterial),Yes,26.20822222,-80.27950833,Simple Junction,Daylight,Clear,Unknown,Unknown,Unknown EMS Scene Arrival Hour,Unknown EMS Scene Arrival Minutes,Unknown,Unknown EMS Hospital Arrival Time,2,Daylight,Clear,2,3,"['Driver', 'Front_Passenger']","['None_Used', 'None_Used']",0,0,Valid,0.0,0.0,68.0,19.0,"['Male', 'Female']",0,0,3,4,5,Dry,Straight,Level,Lowest,No
9452,12,Florida,122021,0,2,2,0,4,NOT APPLICABLE,July,21,Friday,1,40,Urban,High Speed (Arterial),Yes,25.95771111,-80.22925,Non-Intersection,Dark - Lighted,Cloudy,Unknown,Unknown,Unknown EMS Scene Arrival Hour,Unknown EMS Scene Arrival Minutes,Unknown,Unknown EMS Hospital Arrival Time,1,Dark - Lighted,Reduced Visibility,1,3,['Driver'],['None_Used'],0,0,Invalid,1.0,0.0,42.0,22.0,"['Male', 'Male']",0,0,2,4,5,Dry,Straight,Level,Lowest,No
9453,12,Florida,122022,1,1,1,0,1,MIAMI,August,18,Friday,19,3,Urban,Medium Speed (Collector),No,25.74990278,-80.25456944,Non-Intersection,Daylight,Clear,Unknown,Unknown,Unknown EMS Scene Arrival Hour,Unknown EMS Scene Arrival Minutes,Not Applicable (Not Transported),Not Applicable (Not Transported),1,Daylight,Clear,0,1,[],[],1,1,Valid,0.0,0.0,39.0,39.0,['Female'],0,0,3,1,4,Dry,Straight,Level,Lowest,No
9454,12,Florida,122023,0,2,2,0,6,NOT APPLICABLE,August,21,Monday,17,24,Urban,Medium Speed (Collector),No,28.10255833,-81.78931111,Simple Junction,Daylight,Clear,Unknown,Unknown,Unknown EMS Scene Arrival Hour,Unknown EMS Scene Arrival Minutes,Unknown,Unknown EMS Hospital Arrival Time,1,Daylight,Clear,1,5,['Driver'],['Shoulder_Lapbelt'],0,0,Valid,0.0,0.0,80.0,39.0,"['Female', 'Female']",0,0,3,4,5,Dry,Straight,Level,Lowest,No
9455,12,Florida,122024,1,1,1,0,1,JACKSONVILLE,August,22,Tuesday,7,35,Rural,Medium Speed (Collector),No,30.30607222,-81.75191389,Non-Intersection,Daylight,Clear,Unknown,Unknown,Unknown EMS Scene Arrival Hour,Unknown EMS Scene Arrival Minutes,Unknown,Unknown EMS Hospital Arrival Time,1,Daylight,Clear,0,1,[],[],0,0,Valid,0.0,0.0,69.0,69.0,['Male'],0,0,3,2,4,Dry,Straight,Level,Lowest,No
9456,12,Florida,122025,1,1,1,0,1,NOT APPLICABLE,August,20,Sunday,2,55,Urban,High Speed (Arterial),Yes,25.51626944,-80.42965833,Non-Intersection,Dark - Lighted,Cloudy,Unknown,Unknown,Unknown EMS Scene Arrival Hour,Unknown EMS Scene Arrival Minutes,Unknown,Unknown EMS Hospital Arrival Time,1,Dark - Lighted,Reduced Visibility,0,1,[],[],0,0,Valid,0.0,1.0,52.0,52.0,['Male'],0,0,2,4,4,Wet/Standing Water,Straight,Level,Lowest,No
9457,12,Florida,122026,0,2,2,0,2,TARPON SPRINGS,August,22,Tuesday,15,19,Urban,High Speed (Arterial),Yes,28.13230278,-82.74000833,Simple Junction,Daylight,Clear,Unknown,Unknown,Unknown EMS Scene Arrival Hour,Unknown EMS Scene Arrival Minutes,Unknown,Unknown EMS Hospital Arrival Time,1,Daylight,Clear,1,1,['Driver'],['Shoulder_Lapbelt'],0,0,Valid,0.0,0.0,79.0,17.0,"['Male', 'Male']",1,0,3,4,5,Dry,Straight,Level,Lowest,No
9458,12,Florida,122027,1,1,1,0,1,WEST PALM BEACH,August,22,Tuesday,12,24,Urban,Medium Speed (Collector),No,26.69057222,-80.06258056,Complex/Circle,Daylight,Cloudy,Unknown,Unknown,Unknown EMS Scene Arrival Hour,Unknown EMS Scene Arrival Minutes,Not Applicable (Not Transported),Not Applicable (Not Transported),1,Daylight,Reduced Visibility,0,1,[],[],0,0,Valid,0.0,0.0,42.0,42.0,['Male'],0,0,3,1,4,Dry,Straight,Level,Lowest,No
9459,12,Florida,122028,1,1,1,0,1,HIALEAH,August,22,Tuesday,21,2,Urban,Medium Speed (Collector),No,25.88410278,-80.31861111,Complex/Circle,Dark - Not Lighted,Cloudy,Unknown,Unknown,Unknown EMS Scene Arrival Hour,Unknown EMS Scene Arrival Minutes,Unknown,Unknown EMS Hospital Arrival Time,1,Dark - Unlighted,Reduced Visibility,0,1,[],[],0,0,Valid,1.0,0.0,58.0,58.0,['Female'],0,0,3,4,4,Wet/Standing Water,Straight,Level,Lowest,No
9460,12,Florida,122029,0,2,2,0,3,FORT WALTON BEACH,August,22,Tuesday,20,57,Urban,Medium Speed (Collector),No,30.42029444,-86.6391,Complex/Circle,Dark - Not Lighted,Clear,Unknown,Unknown,Unknown EMS Scene Arrival Hour,Unknown EMS Scene Arrival Minutes,Unknown,Unknown EMS Hospital Arrival Time,1,Dark - Unlighted,Clear,1,2,['Driver'],['Shoulder_Lapbelt'],1,1,Valid,1.0,1.0,52.0,48.0,"['Male', 'Male']",2,0,3,4,5,Dry,Straight,Level,Lowest,No
9461,12,Florida,122030,0,3,3,0,5,NOT APPLICABLE,August,23,Wednesday,15,44,Urban,High Speed (Arterial),No,27.46700278,-82.6773,Simple Junction,Daylight,Cloudy,3:00pm-3:59pm,46,3:00pm-3:59pm,50,Not Applicable (Not Transported),Not Applicable (Not Transported),1,Daylight,Reduced Visibility,1,4,['Driver'],['None_Used'],0,0,Valid,0.0,1.0,54.0,22.0,"['Female', 'Male', 'Male']",0,0,5,4,5,Dry,Straight,Level,Lowest,No
9462,12,Florida,122031,0,1,1,0,1,DEERFIELD BEACH,March,6,Monday,11,55,Urban,Medium Speed (Collector),No,26.30055833,-80.13460556,Non-Intersection,Daylight,Clear,Unknown,Unknown,Unknown EMS Scene Arrival Hour,Unknown EMS Scene Arrival Minutes,Unknown,Unknown EMS Hospital Arrival Time,1,Daylight,Clear,1,0,['Driver'],['None_Used'],0,0,Valid,0.0,0.0,28.0,28.0,['Female'],0,0,5,3,3,Dry,Curve,Level,Lowest,No
9463,12,Florida,122032,0,2,2,0,3,ORLANDO,August,25,Friday,12,9,Urban,Medium Speed (Collector),No,28.52423056,-81.32541111,Non-Intersection,Daylight,Clear,Unknown,Unknown,Unknown EMS Scene Arrival Hour,Unknown EMS Scene Arrival Minutes,Unknown,Unknown EMS Hospital Arrival Time,1,Daylight,Clear,1,2,['Driver'],['Shoulder_Lapbelt'],0,0,Valid,0.0,0.0,79.0,43.0,"['Female', 'Female']",0,0,2,4,5,Dry,Straight,Level,Lowest,No
9464,12,Florida,122033,0,2,2,0,2,HIALEAH,August,16,Wednesday,5,35,Rural,High Speed (Arterial),No,25.94969444,-80.43251389,Non-Intersection,Dark - Lighted,Cloudy,Unknown,Unknown,Unknown EMS Scene Arrival Hour,Unknown EMS Scene Arrival Minutes,Unknown,Unknown EMS Hospital Arrival Time,1,Dark - Lighted,Reduced Visibility,1,1,['Driver'],['None_Used'],0,0,Valid,0.0,0.0,84.0,31.0,"['Male', 'Male']",0,0,3,4,5,Dry,Straight,Level,Lowest,No
9465,12,Florida,122034,1,1,1,0,5,NOT APPLICABLE,August,21,Monday,18,50,Urban,Medium Speed (Collector),No,28.32453611,-82.66609167,Complex/Circle,Daylight,Clear,Unknown,Unknown,Unknown EMS Scene Arrival Hour,Unknown EMS Scene Arrival Minutes,Not Applicable (Not Transported),Not Applicable (Not Transported),1,Daylight,Clear,0,5,[],[],0,0,Valid,0.0,0.0,17.0,17.0,['Male'],0,0,3,4,4,Dry,Straight,Level,Lowest,No
9466,12,Florida,122035,1,1,1,0,1,TAMPA,August,22,Tuesday,5,47,Urban,High Speed (Arterial),Yes,27.91068333,-82.50611944,Complex/Circle,Dark - Lighted,Clear,Unknown,Unknown,Unknown EMS Scene Arrival Hour,Unknown EMS Scene Arrival Minutes,Not Applicable (Not Transported),Not Applicable (Not Transported),1,Dark - Lighted,Clear,0,1,[],[],0,0,Valid,0.0,0.0,62.0,62.0,['Male'],0,0,3,3,4,Dry,Straight,Level,Lowest,No
9467,12,Florida,122036,0,1,1,0,1,NOT APPLICABLE,August,25,Friday,14,16,Urban,Medium Speed (Collector),No,28.938125,-81.90175278,Non-Intersection,Daylight,Clear,Unknown,Unknown,Unknown EMS Scene Arrival Hour,Unknown EMS Scene Arrival Minutes,Unknown,Unknown EMS Hospital Arrival Time,1,Daylight,Clear,1,0,['Driver'],['Shoulder_Lapbelt'],0,0,Valid,0.0,0.0,66.0,66.0,['Male'],0,0,3,4,3,Dry,Curve,Level,Lowest,No
9468,12,Florida,122037,1,1,1,0,1,NOT APPLICABLE,August,19,Saturday,3,48,Urban,High Speed (Arterial),Yes,27.93774722,-82.28590278,Complex/Circle,Dark - Lighted,Clear,Unknown,Unknown,Unknown EMS Scene Arrival Hour,Unknown EMS Scene Arrival Minutes,Unknown,Unknown EMS Hospital Arrival Time,1,Dark - Lighted,Clear,0,1,[],[],0,0,Valid,0.0,0.0,36.0,36.0,['Male'],0,0,2,4,4,Dry,Straight,Level,Lowest,No
9469,12,Florida,122038,0,2,2,0,2,PLANT CITY,August,20,Sunday,12,29,Urban,Medium Speed (Collector),No,28.02932778,-82.12574722,Complex/Circle,Daylight,Cloudy,Unknown,Unknown,Unknown EMS Scene Arrival Hour,Unknown EMS Scene Arrival Minutes,Not Applicable (Not Transported),Not Applicable (Not Transported),1,Daylight,Reduced Visibility,1,1,['Driver'],['None_Used'],0,0,Valid,0.0,3.0,42.0,22.0,"['Male', 'Female']",0,0,5,4,5,Dry,Straight,Level,Lowest,No
9470,12,Florida,122039,0,3,3,0,4,NOT APPLICABLE,August,26,Saturday,16,20,Urban,High Speed (Arterial),Yes,27.71898333,-80.42106944,Complex/Circle,Daylight,Cloudy,Unknown,Unknown,Unknown EMS Scene Arrival Hour,Unknown EMS Scene Arrival Minutes,Unknown,Unknown EMS Hospital Arrival Time,1,Daylight,Reduced Visibility,1,3,['Driver'],['None_Used'],1,1,Valid,0.0,1.0,77.0,50.0,"['Male', 'Female', 'Male']",0,0,5,4,5,Dry,Straight,Level,Lowest,No
9471,12,Florida,122040,0,1,1,0,1,NOT APPLICABLE,August,22,Tuesday,20,50,Urban,Medium Speed (Collector),No,28.54530278,-81.2206,Non-Intersection,Dark - Not Lighted,Clear,Unknown,Unknown,Unknown EMS Scene Arrival Hour,Unknown EMS Scene Arrival Minutes,Unknown,Unknown EMS Hospital Arrival Time,1,Dark - Unlighted,Clear,1,0,['Driver'],['Shoulder_Lapbelt'],1,1,Valid,1.0,0.0,21.0,21.0,['Male'],0,0,2,4,2,Dry,Curve,Level,Lowest,No
9472,12,Florida,122041,0,1,1,0,2,NOT APPLICABLE,August,27,Sunday,1,29,Urban,Medium Speed (Collector),No,27.95289722,-81.94628611,Non-Intersection,Dark - Not Lighted,Clear,Unknown,Unknown,Unknown EMS Scene Arrival Hour,Unknown EMS Scene Arrival Minutes,Unknown,Unknown EMS Hospital Arrival Time,1,Dark - Unlighted,Clear,1,1,['Driver'],['Shoulder_Lapbelt'],0,0,Valid,0.0,1.0,18.0,18.0,['Male'],0,0,2,4,3,Dry,Straight,Level,Lowest,No