,State_Code,State_Name,Crash_ID,Count_Non_Motorists,Count_Vehicles_Total,Count_Vehicle_Forms,Count_PVH_Involved,Count_Occupants_MV,City_Name,Month_Name,Day_of_Month,Day_of_Week,Crash_Hour,Crash_Minute,Area_Rural_Urban,Road_Functional_Class,On_NHS_Road,Latitude,Longitude,Intersection_Type,Light_Condition,Weather_Condition,Notif_Hour,Notif_Minute,Arrival_Hour,Arrival_Minute,Hospital_Hour,Hospital_Minute,Fatalities_Count,Clean_Light_Condition,Clean_Weather_Condition,Total_Killed,Total_Alive,Fatal_Seats_List,Killed_Restraint_List,Any_Driver_Drinking,Total_Drinking_Drivers,Driver_License_Category,Driver_Max_Prev_Accident_Count,Driver_Max_Prev_Speeding_Count,Max_Driver_Age,Min_Driver_Age,Driver_Sex_List,Total_Exceeding_Limit_Vehicles,Total_Too_Fast_Vehicles,Max_Vehicle_Type_Severity_5,Max_Vehicle_Damage_Rank,Max_Harmful_Event_Severity,Crash_Road_Surface_Condition,Crash_Horizontal_Alignment,Crash_Vertical_Profile,Crash_Impairment_Category,Crash_Vehicle_Defect
9473,12,Florida,122042,0,2,2,0,2,SUNRISE,August,25,Friday,10,19,Urban,Medium Speed (Collector),No,26.14578889,-80.32994167,Complex/Circle,Daylight,Clear,Unknown,Unknown,Unknown EMS Scene Arrival Hour,Unknown EMS Scene Arrival Minutes,Unknown,Unknown EMS Hospital Arrival Time,1,Daylight,Clear,1,1,['Driver'],['None_Used'],0,0,Valid,0.0,0.0,44.0,25.0,"['Male', 'Male']",1,0,3,4,5,Dry,Straight,Level,Lowest,No
9474,12,Florida,122043,1,1,1,0,1,MELBOURNE,August,27,Sunday,13,30,Urban,Medium Speed (Collector),No,28.13583056,-80.67174722,Complex/Circle,Daylight,Clear,Unknown,Unknown,Unknown EMS Scene Arrival Hour,Unknown EMS Scene Arrival Minutes,Unknown,Unknown EMS Hospital Arrival Time,1,Daylight,Clear,0,1,[],[],0,0,Valid,0.0,0.0,74.0,74.0,['Male'],0,0,3,2,4,Dry,Straight,Level,Lowest,No
9475,12,Florida,122044,0,2,2,0,4,PORT SAINT LUCIE,August,26,Saturday,10,51,Rural,High Speed (Arterial),Yes,27.318775,-80.41343333,Non-Intersection,Daylight,Clear,Unknown,Unknown,Unknown EMS Scene Arrival Hour,Unknown EMS Scene Arrival Minutes,Unknown,Unknown EMS Hospital Arrival Time,1,Daylight,Clear,1,3,['Front_Passenger'],['None_Used'],0,0,Valid,0.0,1.0,60.0,47.0,"['Female', 'Male']",0,0,3,4,5,Dry,Straight,Level,Lowest,No
9476,12,Florida,122045,0,2,2,0,2,NOT APPLICABLE,September,2,Saturday,19,16,Rural,Low Speed (Local),No,28.08356944,-82.24565278,Simple Junction,Daylight,Clear,Unknown,Unknown,Unknown EMS Scene Arrival Hour,Unknown EMS Scene Arrival Minutes,Not Applicable (Not Transported),Not Applicable (Not Transported),1,Daylight,Clear,1,1,['Driver'],['None_Used'],0,0,Valid,1.0,1.0,66.0,38.0,"['Male', 'Male']",1,0,5,4,5,Dry,Straight,Level,Lowest,No
9477,12,Florida,122046,0,1,1,0,1,NOT APPLICABLE,August,26,Saturday,0,45,Rural,Low Speed (Local),No,29.80338333,-82.97194444,Non-Intersection,Dark - Not Lighted,Cloudy,Unknown,Unknown,Unknown EMS Scene Arrival Hour,Unknown EMS Scene Arrival Minutes,Not Applicable (Not Transported),Not Applicable (Not Transported),1,Dark - Unlighted,Reduced Visibility,1,0,['Driver'],['None_Used'],0,0,Valid,0.0,0.0,37.0,37.0,['Male'],0,0,3,4,3,Dry,Straight,Grade/Hillcrest,Lowest,No
9478,12,Florida,122047,1,2,2,0,2,NOT APPLICABLE,August,12,Saturday,22,15,Urban,Medium Speed (Collector),No,25.95378611,-80.28136667,Non-Intersection,Dark - Not Lighted,Clear,Unknown,Unknown,Unknown EMS Scene Arrival Hour,Officially Cancelled,Unknown,Officially Canceled,1,Dark - Unlighted,Clear,0,2,[],[],0,0,Valid,0.0,0.0,65.0,65.0,"['Female', 'Male']",0,0,3,3,4,Dry,Straight,Level,Lowest,No
9479,12,Florida,122048,0,1,1,0,1,NOT APPLICABLE,September,2,Saturday,1,45,Rural,High Speed (Arterial),Yes,27.49152778,-82.47324444,Complex/Circle,Dark - Lighted,Cloudy,Unknown,Unknown,Unknown EMS Scene Arrival Hour,Unknown EMS Scene Arrival Minutes,Not Applicable (Not Transported),Not Applicable (Not Transported),1,Dark - Lighted,Reduced Visibility,1,0,['Driver'],['Shoulder_Lapbelt'],0,0,Valid,0.0,0.0,24.0,24.0,['Male'],0,0,2,4,4,Dry,Curve,Grade/Hillcrest,Lowest,No
9480,12,Florida,122049,1,1,1,0,1,TALLAHASSEE,August,23,Wednesday,0,27,Urban,Medium Speed (Collector),No,30.45715556,-84.36615556,Non-Intersection,Dark - Lighted,Clear,Unknown,Unknown,Unknown EMS Scene Arrival Hour,Unknown EMS Scene Arrival Minutes,Not Applicable (Not Transported),Not Applicable (Not Transported),1,Dark - Lighted,Clear,0,1,[],[],0,0,Invalid,0.0,0.0,999.0,999.0,['Other'],0,0,1,0,4,Dry,Straight,Level,Lowest,No
9481,12,Florida,122050,0,1,1,0,1,JACKSONVILLE,September,2,Saturday,18,32,Urban,Medium Speed (Collector),No,30.30351389,-81.6351,Non-Intersection,Daylight,Clear,Unknown,Unknown,Unknown EMS Scene Arrival Hour,Unknown EMS Scene Arrival Minutes,Unknown,Unknown EMS Hospital Arrival Time,1,Daylight,Clear,1,0,['Driver'],['Shoulder_Lapbelt'],1,1,Valid,0.0,0.0,50.0,50.0,['Male'],0,0,3,4,3,Dry,Curve,Level,Lowest,No
9482,12,Florida,122051,0,2,2,0,2,JACKSONVILLE,August,19,Saturday,10,34,Urban,Medium Speed (Collector),No,30.33259167,-81.84861111,Complex/Circle,Daylight,Clear,Unknown,Unknown,Unknown EMS Scene Arrival Hour,Unknown EMS Scene Arrival Minutes,Unknown,Unknown EMS Hospital Arrival Time,1,Daylight,Clear,1,1,['Driver'],['Shoulder_Lapbelt'],0,0,Valid,0.0,0.0,76.0,49.0,"['Male', 'Male']",0,0,3,4,5,Dry,Straight,Level,Lowest,No
9483,12,Florida,122052,1,1,1,0,1,NOT APPLICABLE,September,3,Sunday,17,10,Urban,Medium Speed (Collector),No,26.61288889,-81.74818611,Simple Junction,Daylight,Clear,Unknown,Unknown,Unknown EMS Scene Arrival Hour,Unknown EMS Scene Arrival Minutes,Unknown,Unknown EMS Hospital Arrival Time,1,Daylight,Clear,0,1,[],[],0,0,Valid,0.0,1.0,25.0,25.0,['Male'],0,0,2,2,4,Dry,Curve,Level,Lowest,No
9484,12,Florida,122053,0,1,1,0,1,MARIANNA,August,19,Saturday,23,15,Rural,Medium Speed (Collector),No,30.78082778,-85.19197778,Simple Junction,Dark - Not Lighted,Clear,Unknown,Unknown,Unknown EMS Scene Arrival Hour,Unknown EMS Scene Arrival Minutes,Unknown,Unknown EMS Hospital Arrival Time,1,Dark - Unlighted,Clear,1,0,['Driver'],['Shoulder_Lapbelt'],0,0,Valid,0.0,0.0,69.0,69.0,['Male'],0,0,3,4,3,Dry,Curve,Level,Lowest,No
9485,12,Florida,122054,0,4,4,0,5,PALMETTO,September,3,Sunday,22,13,Urban,High Speed (Arterial),Yes,27.51735556,-82.56319167,Complex/Circle,Dark - Lighted,Clear,Unknown,Unknown,Unknown EMS Scene Arrival Hour,Unknown EMS Scene Arrival Minutes,Not Applicable (Not Transported),Not Applicable (Not Transported),1,Dark - Lighted,Clear,1,3,['Driver'],['None_Used'],0,0,Invalid,0.0,1.0,999.0,24.0,"['Other', 'Male', 'Male', 'Male']",0,0,5,4,5,Dry,Straight,Level,Lowest,No
9486,12,Florida,122055,1,2,2,0,2,NOT APPLICABLE,September,4,Monday,5,40,Urban,High Speed (Arterial),Yes,29.21050833,-82.18439167,Non-Intersection,Dark - Lighted,Cloudy,Unknown,Unknown,Unknown EMS Scene Arrival Hour,Unknown EMS Scene Arrival Minutes,Not Applicable (Not Transported),Not Applicable (Not Transported),1,Dark - Lighted,Reduced Visibility,0,2,[],[],0,0,Valid,1.0,1.0,31.0,24.0,"['Male', 'Male']",0,0,4,4,4,Dry,Straight,Level,Lowest,No
9487,12,Florida,122056,1,2,2,0,1,NOT APPLICABLE,August,24,Thursday,3,58,Rural,High Speed (Arterial),Yes,30.24365556,-82.24376111,Non-Intersection,Dark - Not Lighted,Clear,Unknown,Unknown,Unknown EMS Scene Arrival Hour,Unknown EMS Scene Arrival Minutes,Unknown,Unknown EMS Hospital Arrival Time,1,Dark - Unlighted,Clear,0,1,[],[],0,0,Valid,0.0,0.0,35.0,35.0,['Male'],0,0,4,4,4,Dry,Straight,Level,Lowest,No
9488,12,Florida,122057,1,1,1,0,1,NOT APPLICABLE,July,24,Monday,5,55,Urban,Low Speed (Local),No,25.57120833,-80.37179444,Non-Intersection,Dark - Not Lighted,Clear,Unknown,Unknown,Unknown EMS Scene Arrival Hour,Unknown EMS Scene Arrival Minutes,Not Applicable (Not Transported),Not Applicable (Not Transported),1,Dark - Unlighted,Clear,0,1,[],[],0,0,Valid,0.0,0.0,71.0,71.0,['Female'],0,0,3,3,4,Dry,Straight,Level,Lowest,No
9489,12,Florida,122058,1,1,1,0,3,NOT APPLICABLE,August,17,Thursday,20,52,Urban,Medium Speed (Collector),No,28.43390833,-82.58005278,Simple Junction,Dark - Lighted,Clear,Unknown,Unknown,Unknown EMS Scene Arrival Hour,Unknown EMS Scene Arrival Minutes,Unknown,Unknown EMS Hospital Arrival Time,1,Dark - Lighted,Clear,0,3,[],[],0,0,Valid,1.0,0.0,25.0,25.0,['Female'],0,0,3,3,4,Wet/Standing Water,Straight,Level,Lowest,No
9490,12,Florida,122059,1,1,1,0,1,MIAMI,August,20,Sunday,1,21,Urban,Medium Speed (Collector),No,25.77112222,-80.22275833,Non-Intersection,Dark - Not Lighted,Clear,Unknown,Unknown,Unknown EMS Scene Arrival Hour,Unknown EMS Scene Arrival Minutes,Unknown,Unknown EMS Hospital Arrival Time,1,Dark - Unlighted,Clear,0,1,[],[],0,0,Invalid,0.0,0.0,998.0,998.0,['Other'],0,0,1,0,4,Dry,Straight,Level,Lowest,No
9491,12,Florida,122060,1,1,1,0,2,PALM BAY,August,21,Monday,14,26,Urban,High Speed (Arterial),Yes,27.99868333,-80.63325278,Non-Intersection,Daylight,Clear,Unknown,Unknown,Unknown EMS Scene Arrival Hour,Unknown EMS Scene Arrival Minutes,Unknown,Unknown EMS Hospital Arrival Time,1,Daylight,Clear,0,2,[],[],0,0,Valid,0.0,0.0,50.0,50.0,['Female'],0,0,3,3,4,Dry,Straight,Level,Lowest,No
9492,12,Florida,122061,1,1,1,0,1,PLANT CITY,August,21,Monday,19,48,Urban,Low Speed (Local),No,27.97940278,-82.15737222,Complex/Circle,Daylight,Clear,Unknown,Unknown,Unknown EMS Scene Arrival Hour,Unknown EMS Scene Arrival Minutes,Unknown,Unknown EMS Hospital Arrival Time,1,Daylight,Clear,0,1,[],[],0,0,Valid,2.0,0.0,52.0,52.0,['Male'],0,0,3,2,4,Dry,Straight,Level,Lowest,No
9493,12,Florida,122062,1,2,1,1,1,JACKSONVILLE,August,25,Friday,19,54,Urban,High Speed (Arterial),Yes,30.20391111,-81.75451111,Non-Intersection,Dark - Lighted,Clear,Unknown,Unknown,Unknown EMS Scene Arrival Hour,Unknown EMS Scene Arrival Minutes,Not Applicable (Not Transported),Not Applicable (Not Transported),1,Dark - Lighted,Clear,1,0,['Driver'],['Shoulder_Lapbelt'],1,1,Valid,0.0,0.0,64.0,64.0,['Male'],0,0,3,4,3,Dry,Straight,Level,Lowest,No
9494,12,Florida,122063,0,2,2,0,5,JACKSONVILLE,August,24,Thursday,21,42,Urban,Medium Speed (Collector),No,30.3524,-81.56078333,Simple Junction,Dark - Lighted,Clear,Unknown,Unknown,Unknown EMS Scene Arrival Hour,Unknown EMS Scene Arrival Minutes,Unknown,Unknown EMS Hospital Arrival Time,3,Dark - Lighted,Clear,3,2,"['Rear_Seat', 'Rear_Seat', 'Front_Passenger']","['Shoulder_Lapbelt', 'Shoulder_Lapbelt', 'Shoulder_Lapbelt']",1,1,Valid,0.0,0.0,53.0,40.0,"['Male', 'Male']",1,0,3,4,5,Dry,Straight,Level,Lowest,No
9495,12,Florida,122064,0,1,1,0,1,NOT APPLICABLE,August,25,Friday,14,5,Rural,High Speed (Arterial),Yes,29.35604444,-82.22120833,Non-Intersection,Daylight,Clear,Unknown,Unknown,Unknown EMS Scene Arrival Hour,Unknown EMS Scene Arrival Minutes,Unknown,Unknown EMS Hospital Arrival Time,1,Daylight,Clear,1,0,['Driver'],['None_Used'],0,0,Valid,0.0,0.0,49.0,49.0,['Male'],0,0,2,4,3,Dry,Curve,Grade/Hillcrest,Lowest,No
9496,12,Florida,122065,0,2,2,0,3,WALDO,August,27,Sunday,8,30,Rural,High Speed (Arterial),Yes,29.78386111,-82.16757222,Complex/Circle,Daylight,Clear,Unknown,Unknown,Unknown EMS Scene Arrival Hour,Unknown EMS Scene Arrival Minutes,Unknown,Unknown EMS Hospital Arrival Time,2,Daylight,Clear,2,1,"['Driver', 'Rear_Seat']","['None_Used', 'None_Used']",0,0,Valid,0.0,1.0,73.0,35.0,"['Male', 'Male']",2,0,5,4,5,Dry,Straight,Level,Lowest,No
9497,12,Florida,122066,0,3,2,1,3,NOT APPLICABLE,September,2,Saturday,23,1,Urban,High Speed (Arterial),Yes,29.05834722,-81.32506944,Non-Intersection,Dark - Not Lighted,Clear,Unknown,Unknown,Unknown EMS Scene Arrival Hour,Unknown EMS Scene Arrival Minutes,Unknown,Unknown EMS Hospital Arrival Time,1,Dark - Unlighted,Clear,1,2,['Driver'],['None_Used'],1,1,Invalid,0.0,0.0,46.0,39.0,"['Male', 'Male']",0,0,3,4,5,Dry,Straight,Level,Lowest,No
9498,12,Florida,122067,1,1,1,0,1,JACKSONVILLE,September,6,Wednesday,21,13,Urban,Medium Speed (Collector),No,30.30816111,-81.745,Non-Intersection,Dark - Lighted,Clear,Unknown,Unknown,Unknown EMS Scene Arrival Hour,Unknown EMS Scene Arrival Minutes,Not Applicable (Not Transported),Not Applicable (Not Transported),1,Dark - Lighted,Clear,0,1,[],[],0,0,Valid,0.0,0.0,81.0,81.0,['Female'],0,0,2,4,4,Dry,Straight,Level,Lowest,No
9499,12,Florida,122068,0,2,2,0,9,NOT APPLICABLE,September,3,Sunday,18,55,Urban,Low Speed (Local),No,28.17081111,-81.48933333,Complex/Circle,Daylight,Clear,Unknown,Unknown,Unknown EMS Scene Arrival Hour,Unknown EMS Scene Arrival Minutes,Unknown,Unknown EMS Hospital Arrival Time,4,Daylight,Clear,4,5,"['Driver', 'Rear_Seat', 'Rear_Seat', 'Rear_Seat']","['Shoulder_Lapbelt', 'Shoulder_Lapbelt', 'Shoulder_Lapbelt', 'Child_Safety']",0,0,Valid,0.0,0.0,50.0,15.0,"['Male', 'Female']",4,0,3,4,5,Dry,Straight,Level,Lowest,No
9500,12,Florida,122069,0,2,2,0,2,NOT APPLICABLE,September,4,Monday,14,9,Urban,High Speed (Arterial),Yes,28.71803056,-81.86129444,Simple Junction,Daylight,Clear,Unknown,Unknown,Unknown EMS Scene Arrival Hour,Unknown EMS Scene Arrival Minutes,Unknown,Unknown EMS Hospital Arrival Time,1,Daylight,Clear,1,1,['Driver'],['None_Used'],0,0,Valid,0.0,3.0,84.0,31.0,"['Male', 'Female']",0,0,5,4,5,Dry,Straight,Level,Lowest,No
9501,12,Florida,122070,1,1,1,0,1,NOT APPLICABLE,July,17,Monday,23,1,Urban,High Speed (Arterial),Yes,27.99110833,-81.63125556,Non-Intersection,Dark - Not Lighted,Clear,Unknown,Unknown,Unknown EMS Scene Arrival Hour,Unknown EMS Scene Arrival Minutes,Not Applicable (Not Transported),Not Applicable (Not Transported),1,Dark - Unlighted,Clear,0,1,[],[],0,0,Valid,0.0,0.0,41.0,41.0,['Male'],0,0,3,3,4,Dry,Straight,Level,Lowest,No
9502,12,Florida,122071,1,1,1,0,1,NOT APPLICABLE,September,2,Saturday,3,46,Urban,Medium Speed (Collector),No,30.43326111,-87.24916111,Non-Intersection,Dark - Not Lighted,Rain,Unknown,Unknown,Unknown EMS Scene Arrival Hour,Unknown EMS Scene Arrival Minutes,Unknown,Unknown EMS Hospital Arrival Time,1,Dark - Unlighted,Rain/Wind/Minor,0,1,[],[],0,0,Valid,1.0,0.0,41.0,41.0,['Male'],0,0,2,4,4,Wet/Standing Water,Straight,Level,Lowest,No
9503,12,Florida,122072,1,1,1,0,1,FORT MYERS,September,3,Sunday,5,48,Urban,High Speed (Arterial),Yes,26.63125278,-81.79017222,Non-Intersection,Dark - Not Lighted,Clear,Unknown,Unknown,Unknown EMS Scene Arrival Hour,Unknown EMS Scene Arrival Minutes,Unknown,Unknown EMS Hospital Arrival Time,1,Dark - Unlighted,Clear,0,1,[],[],0,0,Valid,0.0,0.0,59.0,59.0,['Male'],0,0,3,4,4,Dry,Straight,Level,Lowest,No
9504,12,Florida,122073,0,2,2,0,2,NOT APPLICABLE,August,26,Saturday,13,53,Urban,Medium Speed (Collector),No,29.06445,-81.95044444,Non-Intersection,Daylight,Clear,Unknown,Unknown,Unknown EMS Scene Arrival Hour,Unknown EMS Scene Arrival Minutes,Unknown,Unknown EMS Hospital Arrival Time,2,Daylight,Clear,2,0,"['Driver', 'Driver']","['Lapbelt_Only', 'None_Used']",0,0,Valid,2.0,0.0,79.0,71.0,"['Female', 'Male']",0,0,3,4,5,Dry,Straight,Level,Lowest,No
9505,12,Florida,122074,0,2,2,0,2,MIAMI,August,23,Wednesday,4,10,Urban,Medium Speed (Collector),No,25.81044444,-80.19533056,Complex/Circle,Dark - Not Lighted,Rain,Unknown,Unknown,Unknown EMS Scene Arrival Hour,Unknown EMS Scene Arrival Minutes,Unknown,Unknown EMS Hospital Arrival Time,1,Dark - Unlighted,Rain/Wind/Minor,1,1,['Driver'],['None_Used'],0,0,Valid,0.0,0.0,52.0,23.0,"['Male', 'Male']",0,0,5,4,5,Wet/Standing Water,Straight,Level,Lowest,No
9506,12,Florida,122075,0,2,2,0,2,PAHOKEE,September,11,Monday,6,10,Rural,Medium Speed (Collector),No,26.89665278,-80.61184722,Non-Intersection,Dark - Not Lighted,Clear,Unknown,Unknown,Unknown EMS Scene Arrival Hour,Unknown EMS Scene Arrival Minutes,Unknown,Unknown EMS Hospital Arrival Time,1,Dark - Unlighted,Clear,1,1,['Driver'],['Shoulder_Lapbelt'],0,0,Valid,1.0,1.0,49.0,40.0,"['Male', 'Male']",0,0,4,4,5,Dry,Straight,Level,Lowest,No
9507,12,Florida,122076,0,1,1,0,1,MAITLAND,July,3,Monday,21,49,Urban,Medium Speed (Collector),No,28.63803056,-81.36445833,Non-Intersection,Dark - Not Lighted,Clear,Unknown,Unknown,Unknown EMS Scene Arrival Hour,Unknown EMS Scene Arrival Minutes,Unknown,Unknown EMS Hospital Arrival Time,1,Dark - Unlighted,Clear,1,0,['Driver'],['None_Used'],0,0,Valid,0.0,0.0,40.0,40.0,['Male'],0,0,5,3,3,Dry,Curve,Level,Lowest,No
9508,12,Florida,122077,0,1,1,0,1,NOT APPLICABLE,September,2,Saturday,19,30,Rural,Medium Speed (Collector),No,29.52676389,-82.20240833,Non-Intersection,Dark - Not Lighted,Cloudy,Unknown,Unknown,Unknown EMS Scene Arrival Hour,Unknown EMS Scene Arrival Minutes,Not Applicable (Not Transported),Not Applicable (Not Transported),1,Dark - Unlighted,Reduced Visibility,1,0,['Driver'],['None_Used'],0,0,Valid,0.0,0.0,53.0,53.0,['Male'],0,0,3,4,3,Dry,Curve,Level,Lowest,No
9509,12,Florida,122078,1,1,1,0,1,NOT APPLICABLE,January,19,Thursday,19,25,Rural,Medium Speed (Collector),No,25.69735833,-80.446575,Complex/Circle,Dark - Lighted,Clear,Unknown,Unknown,Unknown EMS Scene Arrival Hour,Unknown EMS Scene Arrival Minutes,Unknown,Unknown EMS Hospital Arrival Time,1,Dark - Lighted,Clear,0,1,[],[],0,0,Valid,0.0,0.0,48.0,48.0,['Male'],0,0,3,3,4,Dry,Straight,Level,Lowest,No
9510,12,Florida,122079,0,1,1,0,1,CAPE CORAL,August,25,Friday,2,41,Urban,Low Speed (Local),No,26.72636667,-81.94612778,Simple Junction,Dark - Not Lighted,Clear,Unknown,Unknown,Unknown EMS Scene Arrival Hour,Unknown EMS Scene Arrival Minutes,Unknown,Unknown EMS Hospital Arrival Time,1,Dark - Unlighted,Clear,1,0,['Driver'],['Shoulder_Lapbelt'],1,1,Valid,0.0,0.0,24.0,24.0,['Male'],1,0,3,4,3,Dry,Straight,Level,Lowest,No
9511,12,Florida,122080,1,1,1,0,1,NOT APPLICABLE,August,26,Saturday,5,48,Urban,High Speed (Arterial),Yes,29.58976944,-82.36264444,Non-Intersection,Dark - Lighted,Cloudy,Unknown,Unknown,Unknown EMS Scene Arrival Hour,Officially Cancelled,Unknown,Officially Canceled,1,Dark - Lighted,Reduced Visibility,0,1,[],[],0,0,Valid,0.0,0.0,58.0,58.0,['Male'],0,0,4,2,4,Dry,Straight,Level,Lowest,No
9512,12,Florida,122081,0,1,1,0,1,NOT APPLICABLE,September,3,Sunday,12,30,Rural,High Speed (Arterial),No,26.75562778,-81.08074167,Simple Junction,Daylight,Clear,Unknown,Unknown,Unknown EMS Scene Arrival Hour,Unknown EMS Scene Arrival Minutes,Not Applicable (Not Transported),Not Applicable (Not Transported),1,Daylight,Clear,1,0,['Driver'],['Shoulder_Lapbelt'],1,1,Invalid,0.0,0.0,28.0,28.0,['Male'],0,0,3,4,3,Dry,Curve,Level,Lowest,No
9513,12,Florida,122082,1,1,1,0,1,JACKSONVILLE,September,11,Monday,22,21,Urban,Medium Speed (Collector),No,30.30632222,-81.60046944,Non-Intersection,Dark - Lighted,Rain,Unknown,Unknown,Unknown EMS Scene Arrival Hour,Unknown EMS Scene Arrival Minutes,Unknown,Unknown EMS Hospital Arrival Time,1,Dark - Lighted,Rain/Wind/Minor,0,1,[],[],0,0,Valid,0.0,0.0,54.0,54.0,['Female'],0,0,3,2,4,Wet/Standing Water,Straight,Grade/Hillcrest,Lowest,No
9514,12,Florida,122083,1,1,1,0,2,NOT APPLICABLE,September,4,Monday,19,15,Rural,Medium Speed (Collector),No,28.27545556,-81.11243889,Non-Intersection,Daylight,Clear,Unknown,Unknown,Unknown EMS Scene Arrival Hour,Unknown EMS Scene Arrival Minutes,Unknown,Unknown EMS Hospital Arrival Time,1,Daylight,Clear,0,2,[],[],0,0,Valid,0.0,1.0,47.0,47.0,['Male'],0,0,3,3,4,Dry,Straight,Level,Lowest,No
9515,12,Florida,122084,1,1,1,0,2,DAYTONA BEACH,September,1,Friday,18,26,Urban,High Speed (Arterial),Yes,29.20654444,-81.02041944,Non-Intersection,Daylight,Clear,Unknown,Unknown,Unknown EMS Scene Arrival Hour,Unknown EMS Scene Arrival Minutes,Unknown,Unknown EMS Hospital Arrival Time,1,Daylight,Clear,0,2,[],[],0,0,Valid,0.0,0.0,27.0,27.0,['Female'],0,0,2,2,4,Dry,Straight,Level,Lowest,No
9516,12,Florida,122085,0,2,2,0,8,LAKELAND,August,25,Friday,6,41,Urban,Medium Speed (Collector),No,28.06706111,-81.98004167,Complex/Circle,Dawn,Clear,Unknown,Unknown,Unknown EMS Scene Arrival Hour,Unknown EMS Scene Arrival Minutes,Unknown,Unknown EMS Hospital Arrival Time,1,Twilight,Clear,1,7,['Rear_Seat'],['Child_Safety'],0,0,Valid,0.0,0.0,45.0,20.0,"['Male', 'Female']",0,0,4,4,5,Dry,Straight,Level,Lowest,No
9517,12,Florida,122086,0,1,1,0,2,NOT APPLICABLE,September,5,Tuesday,15,11,Urban,High Speed (Arterial),Yes,27.24058333,-82.45117778,Non-Intersection,Daylight,Clear,Unknown,Unknown,Unknown EMS Scene Arrival Hour,Unknown EMS Scene Arrival Minutes,Unknown,Unknown EMS Hospital Arrival Time,1,Daylight,Clear,1,1,['Driver'],['Shoulder_Only'],1,1,Invalid,0.0,0.0,50.0,50.0,['Male'],0,0,3,4,3,Dry,Straight,Level,Lowest,No
9518,12,Florida,122087,0,1,1,0,1,NOT APPLICABLE,August,25,Friday,22,6,Rural,Medium Speed (Collector),No,30.11776389,-82.78285,Non-Intersection,Dark - Not Lighted,Cloudy,Unknown,Unknown,Unknown EMS Scene Arrival Hour,Unknown EMS Scene Arrival Minutes,Not Applicable (Not Transported),Not Applicable (Not Transported),1,Dark - Unlighted,Reduced Visibility,1,0,['Driver'],['None_Used'],0,0,Valid,1.0,0.0,51.0,51.0,['Male'],0,0,3,4,3,Wet/Standing Water,Straight,Level,Lowest,No
9519,12,Florida,122088,0,2,2,0,2,NOT APPLICABLE,August,28,Monday,18,32,Rural,High Speed (Arterial),Yes,30.71838333,-86.60216389,Non-Intersection,Daylight,Clear,Unknown,Unknown,Unknown EMS Scene Arrival Hour,Unknown EMS Scene Arrival Minutes,Unknown,Unknown EMS Hospital Arrival Time,1,Daylight,Clear,1,1,['Driver'],['None_Used'],0,0,Valid,0.0,1.0,45.0,31.0,"['Male', 'Male']",1,0,5,4,5,Dry,Straight,Grade/Hillcrest,Lowest,No
9520,12,Florida,122089,1,1,1,0,1,NOT APPLICABLE,September,4,Monday,2,27,Urban,Medium Speed (Collector),No,27.98394722,-80.64854167,Non-Intersection,Dark - Lighted,Clear,Unknown,Unknown,Unknown EMS Scene Arrival Hour,Unknown EMS Scene Arrival Minutes,Not Applicable (Not Transported),Not Applicable (Not Transported),1,Dark - Lighted,Clear,0,1,[],[],0,0,Valid,0.0,2.0,22.0,22.0,['Male'],0,0,2,2,4,Dry,Straight,Level,Lowest,No
9521,12,Florida,122090,0,1,1,0,1,NOT APPLICABLE,September,3,Sunday,22,40,Urban,Medium Speed (Collector),No,28.17039167,-82.42835,Non-Intersection,Dark - Not Lighted,Cloudy,Unknown,Unknown,Unknown EMS Scene Arrival Hour,Unknown EMS Scene Arrival Minutes,Not Applicable (Not Transported),Not Applicable (Not Transported),1,Dark - Unlighted,Reduced Visibility,1,0,['Driver'],['None_Used'],0,0,Valid,0.0,0.0,16.0,16.0,['Male'],1,0,5,4,2,Dry,Straight,Level,Lowest,No
9522,12,Florida,122091,0,1,1,0,5,JACKSONVILLE,August,26,Saturday,2,18,Urban,Medium Speed (Collector),No,30.27771667,-81.60289167,Non-Intersection,Dark - Lighted,Cloudy,Unknown,Unknown,Unknown EMS Scene Arrival Hour,Unknown EMS Scene Arrival Minutes,Unknown,Unknown EMS Hospital Arrival Time,5,Dark - Lighted,Reduced Visibility,5,0,"['Driver', 'Rear_Seat', 'Front_Passenger', 'Rear_Seat', 'Rear_Seat']","['None_Used', 'None_Used', 'None_Used', 'None_Used', 'None_Used']",1,1,Valid,0.0,1.0,22.0,22.0,['Male'],0,0,2,4,3,Dry,Straight,Level,Lowest,No
9523,12,Florida,122092,1,1,1,0,1,PLANT CITY,September,3,Sunday,7,10,Urban,Low Speed (Local),No,28.00333333,-82.16373611,Non-Intersection,Daylight,Clear,Unknown,Unknown,Unknown EMS Scene Arrival Hour,Unknown EMS Scene Arrival Minutes,Not Applicable (Not Transported),Not Applicable (Not Transported),1,Daylight,Clear,0,1,[],[],0,0,Valid,0.0,0.0,27.0,27.0,['Male'],0,0,3,3,4,Dry,Straight,Level,Lowest,No