,State_Code,State_Name,Crash_ID,Count_Non_Motorists,Count_Vehicles_Total,Count_Vehicle_Forms,Count_PVH_Involved,Count_Occupants_MV,City_Name,Month_Name,Day_of_Month,Day_of_Week,Crash_Hour,Crash_Minute,Area_Rural_Urban,Road_Functional_Class,On_NHS_Road,Latitude,Longitude,Intersection_Type,Light_Condition,Weather_Condition,Notif_Hour,Notif_Minute,Arrival_Hour,Arrival_Minute,Hospital_Hour,Hospital_Minute,Fatalities_Count,Clean_Light_Condition,Clean_Weather_Condition,Total_Killed,Total_Alive,Fatal_Seats_List,Killed_Restraint_List,Any_Driver_Drinking,Total_Drinking_Drivers,Driver_License_Category,Driver_Max_Prev_Accident_Count,Driver_Max_Prev_Speeding_Count,Max_Driver_Age,Min_Driver_Age,Driver_Sex_List,Total_Exceeding_Limit_Vehicles,Total_Too_Fast_Vehicles,Max_Vehicle_Type_Severity_5,Max_Vehicle_Damage_Rank,Max_Harmful_Event_Severity,Crash_Road_Surface_Condition,Crash_Horizontal_Alignment,Crash_Vertical_Profile,Crash_Impairment_Category,Crash_Vehicle_Defect
9524,12,Florida,122093,1,1,1,0,1,NOT APPLICABLE,August,22,Tuesday,22,23,Urban,Medium Speed (Collector),No,28.92193889,-82.46588056,Complex/Circle,Dark - Lighted,Clear,Unknown,Unknown,Unknown EMS Scene Arrival Hour,Unknown EMS Scene Arrival Minutes,Unknown,Unknown EMS Hospital Arrival Time,1,Dark - Lighted,Clear,0,1,[],[],0,0,Valid,0.0,0.0,63.0,63.0,['Male'],0,0,2,2,4,Dry,Straight,Level,Lowest,No
9525,12,Florida,122094,1,1,1,0,2,CARRABELLE,September,6,Wednesday,17,35,Rural,Medium Speed (Collector),No,29.8797,-84.65586389,Simple Junction,Daylight,Clear,Unknown,Unknown,Unknown EMS Scene Arrival Hour,Unknown EMS Scene Arrival Minutes,Not Applicable (Not Transported),Not Applicable (Not Transported),1,Daylight,Clear,0,2,[],[],0,0,Invalid,0.0,0.0,38.0,38.0,['Male'],0,0,3,2,4,Dry,Straight,Level,Lowest,No
9526,12,Florida,122095,0,2,2,0,2,NOT APPLICABLE,August,27,Sunday,15,18,Urban,High Speed (Arterial),Yes,27.01992222,-82.1864,Complex/Circle,Daylight,Clear,Unknown,Unknown,Unknown EMS Scene Arrival Hour,Unknown EMS Scene Arrival Minutes,Unknown,Unknown EMS Hospital Arrival Time,1,Daylight,Clear,1,1,['Driver'],['None_Used'],0,0,Valid,0.0,0.0,32.0,20.0,"['Male', 'Female']",0,0,2,4,5,Dry,Straight,Level,Lowest,No
9527,12,Florida,122096,0,2,2,0,2,TAMPA,June,26,Monday,17,59,Urban,High Speed (Arterial),Yes,27.98146389,-82.42079722,Simple Junction,Daylight,Clear,Unknown,Unknown,Unknown EMS Scene Arrival Hour,Unknown EMS Scene Arrival Minutes,Unknown,Unknown EMS Hospital Arrival Time,1,Daylight,Clear,1,1,['Driver'],['None_Used'],0,0,Valid,0.0,1.0,71.0,33.0,"['Male', 'Female']",0,0,3,4,5,Dry,Straight,Level,Lowest,No
9528,12,Florida,122097,0,2,2,0,3,NOT APPLICABLE,August,31,Thursday,14,15,Urban,Medium Speed (Collector),No,28.03871389,-81.78436944,Non-Intersection,Daylight,Cloudy,Unknown,Unknown,Unknown EMS Scene Arrival Hour,Unknown EMS Scene Arrival Minutes,Unknown,Unknown EMS Hospital Arrival Time,2,Daylight,Reduced Visibility,2,1,"['Driver', 'Front_Passenger']","['Shoulder_Lapbelt', 'None_Used']",0,0,Valid,0.0,0.0,61.0,19.0,"['Male', 'Male']",2,0,4,4,5,Wet/Standing Water,Straight,Level,Lowest,No
9529,12,Florida,122098,1,1,1,0,1,NOT APPLICABLE,August,29,Tuesday,5,40,Urban,High Speed (Arterial),Yes,26.67293333,-80.08764722,Non-Intersection,Dark - Lighted,Clear,Unknown,Unknown,Unknown EMS Scene Arrival Hour,Unknown EMS Scene Arrival Minutes,Unknown,Unknown EMS Hospital Arrival Time,1,Dark - Lighted,Clear,0,1,[],[],0,0,Valid,0.0,0.0,83.0,83.0,['Male'],0,0,3,3,4,Dry,Straight,Level,Lowest,No
9530,12,Florida,122099,0,2,2,0,2,NOT APPLICABLE,September,9,Saturday,8,58,Rural,High Speed (Arterial),Yes,30.78032222,-87.0926,Non-Intersection,Daylight,Clear,Unknown,Unknown,Unknown EMS Scene Arrival Hour,Unknown EMS Scene Arrival Minutes,Unknown,Unknown EMS Hospital Arrival Time,1,Daylight,Clear,1,1,['Driver'],['Shoulder_Lapbelt'],0,0,Valid,1.0,0.0,47.0,37.0,"['Male', 'Male']",0,0,3,4,5,Dry,Straight,Level,Lowest,No
9531,12,Florida,122100,0,1,1,0,1,NOT APPLICABLE,August,26,Saturday,9,10,Urban,Medium Speed (Collector),No,28.26226667,-81.457075,Non-Intersection,Daylight,Clear,Unknown,Unknown,Unknown EMS Scene Arrival Hour,Unknown EMS Scene Arrival Minutes,Unknown,Unknown EMS Hospital Arrival Time,1,Daylight,Clear,1,0,['Driver'],['None_Used'],1,1,Valid,0.0,1.0,35.0,35.0,['Female'],0,0,2,4,2,Dry,Straight,Level,Lowest,No
9532,12,Florida,122101,1,1,1,0,1,DELAND,August,25,Friday,20,38,Urban,High Speed (Arterial),No,29.04315278,-81.32459167,Non-Intersection,Dark - Not Lighted,Clear,Unknown,Unknown,Unknown EMS Scene Arrival Hour,Unknown EMS Scene Arrival Minutes,Unknown,Unknown EMS Hospital Arrival Time,1,Dark - Unlighted,Clear,0,1,[],[],0,0,Invalid,0.0,1.0,25.0,25.0,['Female'],0,0,3,2,4,Dry,Straight,Level,Lowest,No
9533,12,Florida,122103,0,2,2,0,3,NOT APPLICABLE,September,2,Saturday,17,5,Urban,Medium Speed (Collector),No,27.85347778,-82.27813056,Complex/Circle,Dusk,Clear,Unknown,Unknown,Unknown EMS Scene Arrival Hour,Unknown EMS Scene Arrival Minutes,Unknown,Unknown EMS Hospital Arrival Time,1,Twilight,Clear,1,2,['Driver'],['None_Used'],0,0,Valid,0.0,1.0,64.0,23.0,"['Male', 'Male']",0,0,3,4,5,Dry,Straight,Level,Lowest,No
9534,12,Florida,122104,0,2,2,0,3,NOT APPLICABLE,September,8,Friday,17,13,Rural,High Speed (Arterial),Yes,27.12029167,-80.61885278,Non-Intersection,Daylight,Rain,Unknown,Unknown,Unknown EMS Scene Arrival Hour,Unknown EMS Scene Arrival Minutes,Unknown,Unknown EMS Hospital Arrival Time,2,Daylight,Rain/Wind/Minor,2,1,"['Driver', 'Front_Passenger']","['Shoulder_Lapbelt', 'Shoulder_Lapbelt']",0,0,Invalid,0.0,0.0,54.0,26.0,"['Male', 'Male']",0,0,4,4,5,Wet/Standing Water,Straight,Level,Lowest,No
9535,12,Florida,122106,0,2,2,0,2,TAMPA,August,27,Sunday,14,58,Rural,Low Speed (Local),No,27.99602222,-82.40747778,Simple Junction,Daylight,Cloudy,Unknown,Unknown,Unknown EMS Scene Arrival Hour,Unknown EMS Scene Arrival Minutes,Not Applicable (Not Transported),Not Applicable (Not Transported),1,Daylight,Reduced Visibility,1,1,['Driver'],['None_Used'],0,0,Invalid,1.0,0.0,85.0,26.0,"['Male', 'Male']",1,0,5,4,5,Dry,Straight,Level,Lowest,No
9536,12,Florida,122107,1,1,1,0,1,NOT APPLICABLE,August,27,Sunday,21,50,Urban,Medium Speed (Collector),No,28.05619722,-82.30266667,Non-Intersection,Dark - Not Lighted,Cloudy,Unknown,Unknown,Unknown EMS Scene Arrival Hour,Unknown EMS Scene Arrival Minutes,Unknown,Unknown EMS Hospital Arrival Time,1,Dark - Unlighted,Reduced Visibility,0,1,[],[],0,0,Valid,0.0,0.0,48.0,48.0,['Male'],0,0,3,3,4,Wet/Standing Water,Straight,Level,Lowest,No
9537,12,Florida,122108,0,2,2,0,3,DELAND,August,27,Sunday,10,15,Urban,High Speed (Arterial),Yes,29.01553889,-81.24669722,Complex/Circle,Daylight,Clear,Unknown,Unknown,Unknown EMS Scene Arrival Hour,Unknown EMS Scene Arrival Minutes,Unknown,Unknown EMS Hospital Arrival Time,1,Daylight,Clear,1,2,['Driver'],['None_Used'],0,0,Valid,2.0,1.0,68.0,59.0,"['Male', 'Male']",1,0,5,4,5,Dry,Straight,Level,Lowest,No
9538,12,Florida,122109,0,4,4,0,4,MELBOURNE,August,23,Wednesday,16,15,Rural,Medium Speed (Collector),No,28.09738889,-80.62177778,Non-Intersection,Daylight,Clear,Unknown,Unknown,Unknown EMS Scene Arrival Hour,Unknown EMS Scene Arrival Minutes,Unknown,Unknown EMS Hospital Arrival Time,1,Daylight,Clear,1,3,['Driver'],['Shoulder_Lapbelt'],0,0,Valid,0.0,1.0,65.0,26.0,"['Male', 'Male', 'Female', 'Male']",0,0,3,4,5,Dry,Straight,Level,Lowest,No
9539,12,Florida,122110,1,1,1,0,1,PLANT CITY,September,15,Friday,18,30,Urban,Low Speed (Local),No,27.98176389,-82.09441667,Non-Intersection,Daylight,Clear,Unknown,Unknown,Unknown EMS Scene Arrival Hour,Unknown EMS Scene Arrival Minutes,Not Applicable (Not Transported),Not Applicable (Not Transported),1,Daylight,Clear,0,1,[],[],0,0,Valid,0.0,0.0,39.0,39.0,['Male'],0,0,3,3,4,Dry,Straight,Level,Lowest,No
9540,12,Florida,122111,1,1,1,0,1,NOT APPLICABLE,September,18,Monday,19,55,Rural,High Speed (Arterial),Yes,30.00021111,-82.09236389,Non-Intersection,Dusk,Clear,Unknown,Unknown,Unknown EMS Scene Arrival Hour,Unknown EMS Scene Arrival Minutes,Unknown,Unknown EMS Hospital Arrival Time,1,Twilight,Clear,0,1,[],[],0,0,Valid,2.0,0.0,44.0,44.0,['Male'],0,0,4,2,4,Dry,Straight,Level,Lowest,No
9541,12,Florida,122112,0,2,2,0,2,WEST MIAMI,September,6,Wednesday,7,13,Urban,Medium Speed (Collector),No,25.75630278,-80.28760556,Simple Junction,Daylight,Clear,Unknown,Unknown,Unknown EMS Scene Arrival Hour,Unknown EMS Scene Arrival Minutes,Unknown,Unknown EMS Hospital Arrival Time,1,Daylight,Clear,1,1,['Driver'],['None_Used'],0,0,Valid,0.0,0.0,90.0,17.0,"['Male', 'Male']",0,0,3,4,5,Dry,Straight,Level,Lowest,No
9542,12,Florida,122113,0,1,1,0,1,ENGLEWOOD,September,1,Friday,6,25,Urban,Low Speed (Local),No,26.95357222,-82.34056944,Non-Intersection,Daylight,Clear,Unknown,Unknown,Unknown EMS Scene Arrival Hour,Unknown EMS Scene Arrival Minutes,Unknown,Unknown EMS Hospital Arrival Time,1,Daylight,Clear,1,0,['Driver'],['None_Used'],0,0,Valid,0.0,1.0,60.0,60.0,['Male'],0,0,5,3,3,Dry,Curve,Level,Lowest,No
9543,12,Florida,122114,2,1,1,0,1,JACKSONVILLE,September,3,Sunday,20,55,Urban,High Speed (Arterial),Yes,30.27526389,-81.83183889,Complex/Circle,Dark - Lighted,Clear,Unknown,Unknown,Unknown EMS Scene Arrival Hour,Unknown EMS Scene Arrival Minutes,Unknown,Unknown EMS Hospital Arrival Time,2,Dark - Lighted,Clear,0,1,[],[],0,0,Valid,0.0,0.0,60.0,60.0,['Female'],0,0,3,3,4,Dry,Straight,Level,Lowest,No
9544,12,Florida,122115,1,1,1,0,1,TITUSVILLE,September,2,Saturday,9,43,Urban,High Speed (Arterial),Yes,28.61530833,-80.81743889,Non-Intersection,Daylight,Cloudy,Unknown,Unknown,Unknown EMS Scene Arrival Hour,Unknown EMS Scene Arrival Minutes,Unknown,Unknown EMS Hospital Arrival Time,1,Daylight,Reduced Visibility,0,1,[],[],0,0,Valid,0.0,2.0,33.0,33.0,['Female'],0,0,3,4,4,Dry,Straight,Level,Lowest,No
9545,12,Florida,122116,1,1,1,0,1,NOT APPLICABLE,September,11,Monday,19,41,Urban,Medium Speed (Collector),No,29.55681389,-81.23745,Non-Intersection,Dark - Lighted,Rain,Unknown,Unknown,Unknown EMS Scene Arrival Hour,Unknown EMS Scene Arrival Minutes,Unknown,Unknown EMS Hospital Arrival Time,1,Dark - Lighted,Rain/Wind/Minor,0,1,[],[],0,0,Valid,0.0,0.0,27.0,27.0,['Female'],0,0,2,2,4,Wet/Standing Water,Straight,Level,Lowest,No
9546,12,Florida,122117,0,1,1,0,2,NORTH MIAMI BEACH,September,3,Sunday,19,7,Rural,Low Speed (Local),No,25.94283889,-80.17577222,Non-Intersection,Daylight,Clear,Unknown,Unknown,Unknown EMS Scene Arrival Hour,Unknown EMS Scene Arrival Minutes,Not Applicable (Not Transported),Not Applicable (Not Transported),1,Daylight,Clear,1,0,['Front_Passenger'],['Shoulder_Lapbelt'],0,0,Invalid,0.0,0.0,999.0,999.0,['Other'],2,0,2,4,3,Dry,Straight,Level,Lowest,No
9547,12,Florida,122118,0,1,1,0,1,PORT ORANGE,September,3,Sunday,2,55,Urban,Medium Speed (Collector),No,29.12571667,-81.03099722,Non-Intersection,Dark - Not Lighted,Clear,Unknown,Unknown,Unknown EMS Scene Arrival Hour,Unknown EMS Scene Arrival Minutes,Unknown,Unknown EMS Hospital Arrival Time,1,Dark - Unlighted,Clear,1,0,['Driver'],['None_Used'],0,0,Valid,0.0,0.0,37.0,37.0,['Female'],0,0,3,4,3,Dry,Straight,Level,Lowest,No
9548,12,Florida,122119,1,2,2,0,2,NOT APPLICABLE,September,11,Monday,6,20,Rural,Medium Speed (Collector),No,27.80604722,-81.31566389,Simple Junction,Dark - Not Lighted,"Fog, Smog, Smoke",Unknown,Unknown,Unknown EMS Scene Arrival Hour,Unknown EMS Scene Arrival Minutes,Unknown,Unknown EMS Hospital Arrival Time,1,Dark - Unlighted,Reduced Visibility,0,2,[],[],0,0,Invalid,0.0,3.0,999.0,50.0,"['Other', 'Male']",1,0,3,4,5,Dry,Curve,Level,Lowest,No
9549,12,Florida,122120,0,1,1,0,7,NOT APPLICABLE,August,28,Monday,16,52,Rural,High Speed (Arterial),No,27.44841944,-80.63276667,Non-Intersection,Daylight,Cloudy,Unknown,Unknown,Unknown EMS Scene Arrival Hour,Unknown EMS Scene Arrival Minutes,Unknown,Unknown EMS Hospital Arrival Time,1,Daylight,Reduced Visibility,1,6,['Rear_Seat'],['None_Used'],0,0,Valid,0.0,0.0,34.0,34.0,['Male'],0,0,3,4,3,Dry,Straight,Level,Lowest,No
9550,12,Florida,122121,1,1,1,0,1,TAMPA,September,3,Sunday,5,40,Urban,Low Speed (Local),No,28.04545,-82.45531111,Simple Junction,Dark - Not Lighted,Clear,Unknown,Unknown,Unknown EMS Scene Arrival Hour,Unknown EMS Scene Arrival Minutes,Unknown,Unknown EMS Hospital Arrival Time,1,Dark - Unlighted,Clear,0,0,[],[],0,0,Invalid,0.0,0.0,999.0,999.0,['Other'],0,0,1,0,4,Dry,Straight,Level,Lowest,No
9551,12,Florida,122122,0,1,1,0,1,NOT APPLICABLE,June,30,Friday,16,46,Urban,Medium Speed (Collector),No,26.59096667,-81.71230278,Complex/Circle,Daylight,Cloudy,Unknown,Unknown,Unknown EMS Scene Arrival Hour,Unknown EMS Scene Arrival Minutes,Unknown,Unknown EMS Hospital Arrival Time,1,Daylight,Reduced Visibility,1,0,['Driver'],['None_Used'],0,0,Valid,0.0,0.0,25.0,25.0,['Male'],1,0,2,4,3,Dry,Straight,Level,Lowest,No
9552,12,Florida,122123,1,1,1,0,1,NOT APPLICABLE,July,6,Thursday,20,29,Rural,High Speed (Arterial),Yes,30.99060556,-87.25714444,Non-Intersection,Dark - Not Lighted,Cloudy,Unknown,Unknown,Unknown EMS Scene Arrival Hour,Unknown EMS Scene Arrival Minutes,Unknown,Unknown EMS Hospital Arrival Time,1,Dark - Unlighted,Reduced Visibility,0,1,[],[],0,0,Valid,0.0,0.0,71.0,71.0,['Male'],0,0,3,3,4,Dry,Straight,Level,Lowest,No
9553,12,Florida,122124,1,1,1,0,1,WEST PALM BEACH,August,26,Saturday,23,33,Urban,Medium Speed (Collector),Yes,26.72673056,-80.05318056,Non-Intersection,Dark - Not Lighted,Rain,Unknown,Unknown,Unknown EMS Scene Arrival Hour,Unknown EMS Scene Arrival Minutes,Unknown,Unknown EMS Hospital Arrival Time,1,Dark - Unlighted,Rain/Wind/Minor,0,1,[],[],1,1,Invalid,0.0,0.0,35.0,35.0,['Male'],0,0,3,0,4,Wet/Standing Water,Straight,Level,Lowest,No
9554,12,Florida,122125,0,1,1,0,1,NOT APPLICABLE,September,12,Tuesday,15,48,Rural,Medium Speed (Collector),Yes,29.66433333,-82.84887778,Non-Intersection,Daylight,Cloudy,Unknown,Unknown,Unknown EMS Scene Arrival Hour,Unknown EMS Scene Arrival Minutes,Not Applicable (Not Transported),Not Applicable (Not Transported),1,Daylight,Reduced Visibility,1,0,['Driver'],['None_Used'],0,0,Valid,0.0,0.0,58.0,58.0,['Male'],0,0,4,4,3,Dry,Straight,Level,Lowest,Yes
9555,12,Florida,122126,0,2,2,0,5,NOT APPLICABLE,September,4,Monday,20,51,Urban,High Speed (Arterial),Yes,28.54580833,-82.161125,Simple Junction,Dark - Not Lighted,Clear,Unknown,Unknown,Unknown EMS Scene Arrival Hour,Unknown EMS Scene Arrival Minutes,Unknown,Unknown EMS Hospital Arrival Time,1,Dark - Unlighted,Clear,1,4,['Driver'],['None_Used'],0,0,Valid,1.0,2.0,77.0,39.0,"['Male', 'Male']",0,0,3,4,5,Dry,Straight,Level,Lowest,No
9556,12,Florida,122127,0,1,1,0,1,NOT APPLICABLE,September,16,Saturday,16,54,Urban,Medium Speed (Collector),No,27.23058611,-81.39631667,Non-Intersection,Daylight,Clear,Unknown,Unknown,Unknown EMS Scene Arrival Hour,Unknown EMS Scene Arrival Minutes,Unknown,Unknown EMS Hospital Arrival Time,1,Daylight,Clear,1,0,['Driver'],['None_Used'],1,1,Valid,0.0,1.0,50.0,50.0,['Male'],0,0,5,4,3,Dry,Curve,Level,Lowest,No
9557,12,Florida,122128,0,1,1,0,1,BOYNTON BEACH,September,9,Saturday,22,54,Urban,High Speed (Arterial),Yes,26.52852778,-80.08121944,Non-Intersection,Dark - Lighted,Clear,Unknown,Unknown,Unknown EMS Scene Arrival Hour,Unknown EMS Scene Arrival Minutes,Not Applicable (Not Transported),Not Applicable (Not Transported),1,Dark - Lighted,Clear,1,0,['Driver'],['None_Used'],0,0,Valid,0.0,0.0,47.0,47.0,['Male'],1,0,3,4,3,Wet/Standing Water,Straight,Level,Lowest,No
9558,12,Florida,122130,1,1,1,0,1,MOUNT DORA,August,20,Sunday,0,45,Urban,Medium Speed (Collector),No,28.81558889,-81.68543333,Simple Junction,Dark - Not Lighted,Clear,Unknown,Unknown,Unknown EMS Scene Arrival Hour,Unknown EMS Scene Arrival Minutes,Unknown,Unknown EMS Hospital Arrival Time,1,Dark - Unlighted,Clear,0,1,[],[],1,1,Valid,0.0,0.0,38.0,38.0,['Male'],1,0,5,4,4,Dry,Curve,Level,Lowest,No
9559,12,Florida,122131,0,3,3,0,6,NOT APPLICABLE,August,21,Monday,11,11,Urban,High Speed (Arterial),No,26.54730833,-81.80828889,Complex/Circle,Daylight,Clear,Unknown,Unknown,Unknown EMS Scene Arrival Hour,Unknown EMS Scene Arrival Minutes,Unknown,Unknown EMS Hospital Arrival Time,1,Daylight,Clear,1,5,['Driver'],['Shoulder_Lapbelt'],0,0,Valid,0.0,0.0,77.0,35.0,"['Male', 'Male', 'Female']",0,0,3,4,5,Dry,Straight,Level,Lowest,No
9560,12,Florida,122132,0,1,1,0,1,POMPANO BEACH,August,22,Tuesday,2,0,Urban,Medium Speed (Collector),No,26.258825,-80.11501667,Non-Intersection,Dark - Lighted,Clear,Unknown,Unknown,Unknown EMS Scene Arrival Hour,Unknown EMS Scene Arrival Minutes,Not Applicable (Not Transported),Not Applicable (Not Transported),1,Dark - Lighted,Clear,1,0,['Driver'],['None_Used'],0,0,Valid,0.0,1.0,30.0,30.0,['Male'],1,0,5,4,2,Dry,Curve,Level,Lowest,No
9561,12,Florida,122133,1,1,1,0,1,CASSELBERRY,August,24,Thursday,6,15,Urban,High Speed (Arterial),Yes,28.64495833,-81.32222222,Non-Intersection,Dark - Unknown Lighting,Clear,Unknown,Unknown,Unknown EMS Scene Arrival Hour,Unknown EMS Scene Arrival Minutes,Not Applicable (Not Transported),Not Applicable (Not Transported),1,Dark - Unlighted,Clear,0,1,[],[],0,0,Valid,0.0,7.0,59.0,59.0,['Male'],0,0,3,3,4,Dry,Straight,Level,Lowest,No
9562,12,Florida,122134,0,1,1,0,2,HAWTHORNE,August,25,Friday,5,20,Rural,High Speed (Arterial),Yes,29.59928611,-82.08710833,Non-Intersection,Dark - Lighted,Clear,Unknown,Unknown,Unknown EMS Scene Arrival Hour,Unknown EMS Scene Arrival Minutes,Unknown,Unknown EMS Hospital Arrival Time,1,Dark - Lighted,Clear,1,1,['Front_Passenger'],['None_Used'],0,0,Valid,0.0,0.0,78.0,78.0,['Female'],0,0,2,4,3,Dry,Straight,Level,Lowest,No
9563,12,Florida,122135,0,2,2,0,2,NOT APPLICABLE,August,28,Monday,16,8,Urban,High Speed (Arterial),Yes,26.72121389,-80.10675556,Simple Junction,Daylight,Clear,Unknown,Unknown,Unknown EMS Scene Arrival Hour,Officially Cancelled,Unknown,Officially Canceled,1,Daylight,Clear,1,1,['Driver'],['None_Used'],0,0,Valid,0.0,0.0,43.0,18.0,"['Male', 'Female']",0,0,5,4,5,Dry,Straight,Level,Lowest,No
9564,12,Florida,122136,1,1,1,0,1,JACKSONVILLE,August,29,Tuesday,23,15,Urban,High Speed (Arterial),Yes,30.28243056,-81.62971111,Non-Intersection,Dark - Lighted,Cloudy,Unknown,Unknown,Unknown EMS Scene Arrival Hour,Unknown EMS Scene Arrival Minutes,Unknown,Unknown EMS Hospital Arrival Time,1,Dark - Lighted,Reduced Visibility,0,0,[],[],0,0,Invalid,0.0,0.0,999.0,999.0,['Other'],0,0,1,0,4,Wet/Standing Water,Straight,Level,Lowest,No
9565,12,Florida,122137,0,2,2,0,2,NOT APPLICABLE,August,29,Tuesday,13,8,Rural,High Speed (Arterial),Yes,29.4166,-82.10988333,Complex/Circle,Daylight,Cloudy,Unknown,Unknown,Unknown EMS Scene Arrival Hour,Unknown EMS Scene Arrival Minutes,Not Applicable (Not Transported),Not Applicable (Not Transported),1,Daylight,Reduced Visibility,1,1,['Driver'],['Shoulder_Lapbelt'],0,0,Valid,0.0,0.0,83.0,42.0,"['Male', 'Male']",0,0,4,4,5,Dry,Straight,Level,Lowest,No
9566,12,Florida,122138,1,1,1,0,2,LAKE WORTH,August,29,Tuesday,5,45,Urban,Medium Speed (Collector),No,26.62816944,-80.07692778,Non-Intersection,Dawn,Clear,Unknown,Unknown,Unknown EMS Scene Arrival Hour,Officially Cancelled,Unknown,Officially Canceled,1,Twilight,Clear,0,2,[],[],0,0,Valid,0.0,0.0,70.0,70.0,['Female'],0,0,2,3,4,Dry,Straight,Level,Lowest,No
9567,12,Florida,122139,0,1,1,0,2,NOT APPLICABLE,August,30,Wednesday,1,49,Urban,Low Speed (Local),No,26.23238889,-81.61278611,Non-Intersection,Dark - Unknown Lighting,Clear,Unknown,Unknown,Unknown EMS Scene Arrival Hour,Unknown EMS Scene Arrival Minutes,Unknown,Unknown EMS Hospital Arrival Time,1,Dark - Unlighted,Clear,1,1,['Non_Standard_Risk'],['None_Used'],0,0,Invalid,0.0,0.0,998.0,998.0,['Other'],0,0,1,0,1,Dry,Straight,Non-Trafficway,Lowest,No
9568,12,Florida,122140,0,1,1,0,1,NOT APPLICABLE,August,30,Wednesday,6,7,Rural,Medium Speed (Collector),No,28.37598889,-82.32243056,Non-Intersection,Dark - Not Lighted,Rain,6:00am-6:59am,8,6:00am-6:59am,26,Not Applicable (Not Transported),Not Applicable (Not Transported),1,Dark - Unlighted,Rain/Wind/Minor,1,0,['Driver'],['Shoulder_Lapbelt'],0,0,Valid,0.0,0.0,40.0,40.0,['Male'],0,0,3,4,3,Wet/Standing Water,Straight,Level,Lowest,No
9569,12,Florida,122141,0,2,2,0,3,ORLANDO,August,22,Tuesday,12,53,Urban,High Speed (Arterial),Yes,28.53653611,-81.39711389,Complex/Circle,Daylight,Clear,Unknown,Unknown,Unknown EMS Scene Arrival Hour,Unknown EMS Scene Arrival Minutes,Unknown,Unknown EMS Hospital Arrival Time,1,Daylight,Clear,1,2,['Front_Passenger'],['Shoulder_Lapbelt'],0,0,Valid,0.0,1.0,83.0,43.0,"['Male', 'Male']",0,0,3,4,5,Dry,Straight,Level,Lowest,No
9570,12,Florida,122142,0,2,2,0,2,NOT APPLICABLE,August,24,Thursday,18,32,Urban,High Speed (Arterial),Yes,25.95344167,-80.29454444,Complex/Circle,Daylight,Rain,Unknown,Unknown,Unknown EMS Scene Arrival Hour,Unknown EMS Scene Arrival Minutes,Unknown,Unknown EMS Hospital Arrival Time,1,Daylight,Rain/Wind/Minor,1,1,['Driver'],['None_Used'],0,0,Valid,1.0,0.0,27.0,26.0,"['Male', 'Male']",0,0,5,4,5,Wet/Standing Water,Straight,Level,Lowest,No
9571,12,Florida,122143,1,1,1,0,1,WEST PALM BEACH,September,2,Saturday,22,56,Urban,Medium Speed (Collector),No,26.75139167,-80.05634167,Complex/Circle,Dark - Lighted,Clear,Unknown,Unknown,Unknown EMS Scene Arrival Hour,Unknown EMS Scene Arrival Minutes,Unknown,Unknown EMS Hospital Arrival Time,1,Dark - Lighted,Clear,0,1,[],[],0,0,Valid,0.0,1.0,22.0,22.0,['Male'],0,0,2,2,4,Dry,Straight,Level,Lowest,No
9572,12,Florida,122144,1,1,1,0,1,NOT APPLICABLE,September,11,Monday,13,25,Urban,High Speed (Arterial),Yes,26.68255278,-81.87908611,Simple Junction,Daylight,Clear,Unknown,Unknown,Unknown EMS Scene Arrival Hour,Unknown EMS Scene Arrival Minutes,Not Applicable (Not Transported),Not Applicable (Not Transported),1,Daylight,Clear,0,1,[],[],0,0,Valid,0.0,0.0,33.0,33.0,['Male'],0,0,1,2,4,Dry,Straight,Level,Lowest,No
9573,12,Florida,122145,0,1,1,0,1,NOT APPLICABLE,September,12,Tuesday,11,13,Urban,High Speed (Arterial),Yes,27.81266667,-82.67959444,Non-Intersection,Daylight,Clear,Unknown,Unknown,Unknown EMS Scene Arrival Hour,Unknown EMS Scene Arrival Minutes,Not Applicable (Not Transported),Not Applicable (Not Transported),1,Daylight,Clear,1,0,['Driver'],['None_Used'],0,0,Valid,0.0,0.0,36.0,36.0,['Male'],0,0,5,3,2,Dry,Straight,Level,Lowest,No
9574,12,Florida,122146,0,1,1,0,1,NOT APPLICABLE,September,4,Monday,4,58,Urban,Medium Speed (Collector),No,30.46406944,-86.41515,Non-Intersection,Dark - Not Lighted,Clear,Unknown,Unknown,Unknown EMS Scene Arrival Hour,Officially Cancelled,Unknown,Officially Canceled,1,Dark - Unlighted,Clear,1,0,['Driver'],['None_Used'],0,0,Valid,0.0,2.0,21.0,21.0,['Male'],0,0,5,4,2,Dry,Curve,Grade/Hillcrest,Lowest,No
9575,12,Florida,122147,1,1,1,0,1,CAPE CORAL,September,9,Saturday,14,11,Urban,Low Speed (Local),No,26.60641667,-81.95944167,Complex/Circle,Daylight,Clear,Unknown,Unknown,Unknown EMS Scene Arrival Hour,Unknown EMS Scene Arrival Minutes,Unknown,Unknown EMS Hospital Arrival Time,1,Daylight,Clear,0,1,[],[],0,0,Valid,1.0,0.0,33.0,33.0,['Male'],0,0,2,4,4,Dry,Straight,Level,Lowest,No