,State_Code,State_Name,Crash_ID,Count_Non_Motorists,Count_Vehicles_Total,Count_Vehicle_Forms,Count_PVH_Involved,Count_Occupants_MV,City_Name,Month_Name,Day_of_Month,Day_of_Week,Crash_Hour,Crash_Minute,Area_Rural_Urban,Road_Functional_Class,On_NHS_Road,Latitude,Longitude,Intersection_Type,Light_Condition,Weather_Condition,Notif_Hour,Notif_Minute,Arrival_Hour,Arrival_Minute,Hospital_Hour,Hospital_Minute,Fatalities_Count,Clean_Light_Condition,Clean_Weather_Condition,Total_Killed,Total_Alive,Fatal_Seats_List,Killed_Restraint_List,Any_Driver_Drinking,Total_Drinking_Drivers,Driver_License_Category,Driver_Max_Prev_Accident_Count,Driver_Max_Prev_Speeding_Count,Max_Driver_Age,Min_Driver_Age,Driver_Sex_List,Total_Exceeding_Limit_Vehicles,Total_Too_Fast_Vehicles,Max_Vehicle_Type_Severity_5,Max_Vehicle_Damage_Rank,Max_Harmful_Event_Severity,Crash_Road_Surface_Condition,Crash_Horizontal_Alignment,Crash_Vertical_Profile,Crash_Impairment_Category,Crash_Vehicle_Defect
9576,12,Florida,122148,0,1,1,0,2,NOT APPLICABLE,September,19,Tuesday,15,37,Urban,High Speed (Arterial),Yes,27.931,-82.35090556,Non-Intersection,Daylight,Cloudy,Unknown,Unknown,Unknown EMS Scene Arrival Hour,Unknown EMS Scene Arrival Minutes,Unknown,Unknown EMS Hospital Arrival Time,1,Daylight,Reduced Visibility,1,1,['Driver'],['Shoulder_Lapbelt'],0,0,Invalid,0.0,0.0,71.0,71.0,['Male'],0,0,2,4,3,Dry,Straight,Level,Lowest,No
9577,12,Florida,122149,0,1,1,0,1,JACKSONVILLE,September,20,Wednesday,0,0,Urban,High Speed (Arterial),Yes,30.175425,-81.51364444,Non-Intersection,Dark - Lighted,Clear,Unknown,Unknown,Unknown EMS Scene Arrival Hour,Unknown EMS Scene Arrival Minutes,Not Applicable (Not Transported),Not Applicable (Not Transported),1,Dark - Lighted,Clear,1,0,['Driver'],['None_Used'],1,1,Valid,0.0,1.0,29.0,29.0,['Female'],0,0,2,4,3,Dry,Straight,Level,Lowest,No
9578,12,Florida,122150,0,1,1,0,1,NOT APPLICABLE,September,21,Thursday,6,10,Rural,Medium Speed (Collector),No,30.06606389,-82.57663333,Simple Junction,Dark - Not Lighted,Clear,Unknown,Unknown,Unknown EMS Scene Arrival Hour,Unknown EMS Scene Arrival Minutes,Not Applicable (Not Transported),Not Applicable (Not Transported),1,Dark - Unlighted,Clear,1,0,['Driver'],['None_Used'],0,0,Valid,0.0,0.0,37.0,37.0,['Male'],0,0,3,4,3,Dry,Straight,Level,Lowest,No
9579,12,Florida,122151,0,1,1,0,2,HOLLYWOOD,September,17,Sunday,4,30,Urban,Medium Speed (Collector),No,26.00604722,-80.21148889,Non-Intersection,Dark - Lighted,Rain,Unknown,Unknown,Unknown EMS Scene Arrival Hour,Unknown EMS Scene Arrival Minutes,Unknown,Unknown EMS Hospital Arrival Time,1,Dark - Lighted,Rain/Wind/Minor,1,1,['Front_Passenger'],['None_Used'],0,0,Valid,0.0,0.0,42.0,42.0,['Male'],0,0,2,4,3,Wet/Standing Water,Straight,Level,Lowest,No
9580,12,Florida,122152,0,1,1,0,1,NOT APPLICABLE,August,28,Monday,18,55,Urban,High Speed (Arterial),Yes,28.06563889,-82.42596944,Complex/Circle,Daylight,Cloudy,Unknown,Unknown,Unknown EMS Scene Arrival Hour,Unknown EMS Scene Arrival Minutes,Unknown,Unknown EMS Hospital Arrival Time,1,Daylight,Reduced Visibility,1,0,['Driver'],['Shoulder_Lapbelt'],0,0,Valid,0.0,0.0,52.0,52.0,['Female'],0,0,3,4,3,Dry,Straight,Level,Medium,No
9581,12,Florida,122153,0,1,1,0,1,DAYTONA BEACH,August,26,Saturday,2,1,Rural,Low Speed (Local),No,29.20604444,-81.00281944,Non-Intersection,Dark - Lighted,Clear,Unknown,Unknown,Unknown EMS Scene Arrival Hour,Unknown EMS Scene Arrival Minutes,Unknown,Unknown EMS Hospital Arrival Time,1,Dark - Lighted,Clear,1,0,['Driver'],['None_Used'],0,0,Valid,0.0,0.0,54.0,54.0,['Male'],0,0,5,4,3,Dry,Straight,Level,Lowest,No
9582,12,Florida,122154,0,1,1,0,1,NORTH BAY VILLAGE,August,27,Sunday,19,55,Urban,High Speed (Arterial),Yes,25.84886111,-80.15268611,Non-Intersection,Dusk,Clear,Unknown,Unknown,Unknown EMS Scene Arrival Hour,Unknown EMS Scene Arrival Minutes,Not Applicable (Not Transported),Not Applicable (Not Transported),1,Twilight,Clear,1,0,['Driver'],['None_Used'],0,0,Valid,0.0,0.0,52.0,52.0,['Male'],0,0,5,4,2,Dry,Straight,Level,Lowest,No
9583,12,Florida,122155,0,2,2,0,2,NOT APPLICABLE,September,18,Monday,20,43,Rural,High Speed (Arterial),Yes,27.33215833,-81.80904167,Non-Intersection,Dark - Not Lighted,Cloudy,Unknown,Unknown,Unknown EMS Scene Arrival Hour,Unknown EMS Scene Arrival Minutes,Not Applicable (Not Transported),Not Applicable (Not Transported),1,Dark - Unlighted,Reduced Visibility,1,1,['Driver'],['Shoulder_Lapbelt'],0,0,Valid,1.0,0.0,34.0,27.0,"['Male', 'Male']",0,0,4,4,5,Dry,Straight,Level,Lowest,No
9584,12,Florida,122156,0,2,2,0,3,HAINES CITY,September,5,Tuesday,8,30,Urban,High Speed (Arterial),Yes,28.10641111,-81.65722222,Simple Junction,Daylight,Clear,Unknown,Unknown,Unknown EMS Scene Arrival Hour,Unknown EMS Scene Arrival Minutes,Unknown,Unknown EMS Hospital Arrival Time,1,Daylight,Clear,1,2,['Driver'],['None_Used'],0,0,Valid,0.0,1.0,75.0,31.0,"['Male', 'Male']",0,0,5,4,5,Dry,Straight,Grade/Hillcrest,Lowest,No
9585,12,Florida,122157,0,2,2,0,3,MIAMI,September,12,Tuesday,23,16,Urban,High Speed (Arterial),Yes,25.78428889,-80.30296111,Non-Intersection,Dark - Lighted,Clear,Unknown,Unknown,Unknown EMS Scene Arrival Hour,Unknown EMS Scene Arrival Minutes,Unknown,Unknown EMS Hospital Arrival Time,1,Dark - Lighted,Clear,1,2,['Driver'],['None_Used'],0,0,Valid,0.0,0.0,37.0,31.0,"['Male', 'Male']",0,0,5,4,5,Dry,Curve,Level,Lowest,No
9586,12,Florida,122158,0,2,2,0,2,NOT APPLICABLE,September,12,Tuesday,11,45,Rural,Low Speed (Local),No,29.09562778,-82.25050556,Simple Junction,Daylight,Clear,Unknown,Unknown,Unknown EMS Scene Arrival Hour,Unknown EMS Scene Arrival Minutes,Unknown,Unknown EMS Hospital Arrival Time,1,Daylight,Clear,1,1,['Driver'],['None_Used'],0,0,Valid,0.0,1.0,65.0,39.0,"['Female', 'Male']",0,0,5,3,5,Dry,Straight,Level,Lowest,No
9587,12,Florida,122159,0,2,2,0,2,PINELLAS PARK,September,12,Tuesday,5,12,Urban,High Speed (Arterial),Yes,27.83915556,-82.72609167,Complex/Circle,Dark - Lighted,Clear,Unknown,Unknown,Unknown EMS Scene Arrival Hour,Unknown EMS Scene Arrival Minutes,Unknown,Unknown EMS Hospital Arrival Time,1,Dark - Lighted,Clear,1,1,['Driver'],['None_Used'],0,0,Valid,0.0,1.0,31.0,29.0,"['Male', 'Female']",0,0,5,4,5,Dry,Straight,Level,Lowest,No
9588,12,Florida,122160,1,1,1,0,1,ALTAMONTE SPRINGS,September,18,Monday,0,1,Urban,High Speed (Arterial),Yes,28.66198056,-81.39479722,Non-Intersection,Dark - Not Lighted,Clear,Unknown,Unknown,Unknown EMS Scene Arrival Hour,Unknown EMS Scene Arrival Minutes,Unknown,Unknown EMS Hospital Arrival Time,1,Dark - Unlighted,Clear,0,1,[],[],0,0,Valid,0.0,0.0,20.0,20.0,['Male'],0,0,3,2,4,Dry,Straight,Level,Lowest,No
9589,12,Florida,122161,0,2,2,0,2,LAKELAND,September,20,Wednesday,17,57,Urban,High Speed (Arterial),Yes,28.05488056,-81.98035833,Complex/Circle,Daylight,Cloudy,Unknown,Unknown,Unknown EMS Scene Arrival Hour,Unknown EMS Scene Arrival Minutes,Not Applicable (Not Transported),Not Applicable (Not Transported),1,Daylight,Reduced Visibility,1,1,['Driver'],['None_Used'],0,0,Invalid,1.0,0.0,67.0,28.0,"['Male', 'Female']",0,0,5,4,5,Dry,Straight,Level,Lowest,No
9590,12,Florida,122162,0,1,1,0,1,NOT APPLICABLE,September,7,Thursday,6,0,Rural,Low Speed (Local),No,28.71263611,-81.01983611,Non-Intersection,Dawn,Clear,Unknown,Unknown,Unknown EMS Scene Arrival Hour,Unknown EMS Scene Arrival Minutes,Unknown,Unknown EMS Hospital Arrival Time,1,Twilight,Clear,1,0,['Driver'],['Shoulder_Lapbelt'],0,0,Valid,0.0,0.0,78.0,78.0,['Male'],0,0,3,4,3,Dry,Straight,Level,Medium,No
9591,12,Florida,122163,0,4,4,0,6,NOT APPLICABLE,September,11,Monday,14,27,Urban,Medium Speed (Collector),No,30.46384444,-87.25281944,Complex/Circle,Daylight,Clear,Unknown,Unknown,Unknown EMS Scene Arrival Hour,Unknown EMS Scene Arrival Minutes,Unknown,Unknown EMS Hospital Arrival Time,1,Daylight,Clear,1,5,['Driver'],['None_Used'],0,0,Valid,0.0,0.0,68.0,50.0,"['Male', 'Male', 'Female', 'Male']",0,0,3,4,5,Dry,Straight,Level,Lowest,No
9592,12,Florida,122164,1,1,1,0,1,TAMPA,August,31,Thursday,5,46,Urban,Medium Speed (Collector),No,28.02538611,-82.48105833,Non-Intersection,Dark - Not Lighted,Rain,Unknown,Unknown,Unknown EMS Scene Arrival Hour,Unknown EMS Scene Arrival Minutes,Not Applicable (Not Transported),Not Applicable (Not Transported),1,Dark - Unlighted,Rain/Wind/Minor,0,1,[],[],0,0,Valid,0.0,1.0,50.0,50.0,['Male'],0,0,3,3,4,Wet/Standing Water,Straight,Level,Lowest,No
9593,12,Florida,122165,0,1,1,0,2,NOT APPLICABLE,August,31,Thursday,9,24,Rural,Medium Speed (Collector),No,28.48956944,-82.38213056,Non-Intersection,Daylight,Cloudy,Unknown,Unknown,Unknown EMS Scene Arrival Hour,Unknown EMS Scene Arrival Minutes,Not Applicable (Not Transported),Not Applicable (Not Transported),2,Daylight,Reduced Visibility,2,0,"['Driver', 'Front_Passenger']","['None_Used', 'Shoulder_Lapbelt']",0,0,Valid,0.0,0.0,76.0,76.0,['Male'],0,0,3,4,3,Dry,Straight,Level,Lowest,No
9594,12,Florida,122166,1,1,1,0,1,LAUDERDALE LAKES,August,31,Thursday,23,15,Urban,High Speed (Arterial),Yes,26.15861111,-80.20294167,Non-Intersection,Dark - Lighted,Clear,Unknown,Unknown,Unknown EMS Scene Arrival Hour,Unknown EMS Scene Arrival Minutes,Unknown,Unknown EMS Hospital Arrival Time,1,Dark - Lighted,Clear,0,1,[],[],0,0,Valid,0.0,1.0,24.0,24.0,['Male'],0,0,2,2,4,Dry,Straight,Level,Lowest,No
9595,12,Florida,122167,1,1,1,0,1,GAINESVILLE,September,1,Friday,9,50,Urban,Medium Speed (Collector),No,29.67394444,-82.33070556,Complex/Circle,Daylight,Clear,Unknown,Unknown,Unknown EMS Scene Arrival Hour,Unknown EMS Scene Arrival Minutes,Unknown,Unknown EMS Hospital Arrival Time,1,Daylight,Clear,0,1,[],[],0,0,Invalid,0.0,0.0,42.0,42.0,['Other'],0,0,3,4,4,Dry,Straight,Level,Lowest,No
9596,12,Florida,122168,0,3,3,0,6,NOT APPLICABLE,September,9,Saturday,13,35,Rural,High Speed (Arterial),Yes,30.63946667,-86.91203056,Non-Intersection,Daylight,Clear,Unknown,Unknown,Unknown EMS Scene Arrival Hour,Unknown EMS Scene Arrival Minutes,Unknown,Unknown EMS Hospital Arrival Time,1,Daylight,Clear,1,5,['Driver'],['Shoulder_Lapbelt'],0,0,Valid,0.0,0.0,71.0,18.0,"['Female', 'Male', 'Male']",0,0,2,4,5,Dry,Straight,Level,Lowest,No
9597,12,Florida,122169,0,2,2,0,2,NOT APPLICABLE,September,18,Monday,15,30,Rural,High Speed (Arterial),Yes,30.41048889,-85.69018056,Non-Intersection,Daylight,Clear,Unknown,Unknown,Unknown EMS Scene Arrival Hour,Unknown EMS Scene Arrival Minutes,Unknown,Unknown EMS Hospital Arrival Time,1,Daylight,Clear,1,1,['Driver'],['Shoulder_Lapbelt'],0,0,Invalid,0.0,0.0,58.0,34.0,"['Male', 'Male']",0,0,4,4,5,Dry,Straight,Level,Lowest,No
9598,12,Florida,122170,0,1,1,0,2,NOT APPLICABLE,August,2,Wednesday,16,29,Rural,Low Speed (Local),No,28.16461111,-81.938325,Non-Intersection,Daylight,Rain,Unknown,Unknown,Unknown EMS Scene Arrival Hour,Unknown EMS Scene Arrival Minutes,Not Applicable (Not Transported),Not Applicable (Not Transported),2,Daylight,Rain/Wind/Minor,2,0,"['Driver', 'Rear_Seat']","['Shoulder_Lapbelt', 'Shoulder_Lapbelt']",1,1,Valid,0.0,0.0,43.0,43.0,['Female'],2,0,3,4,4,Wet/Standing Water,Curve,Level,Lowest,No
9599,12,Florida,122171,0,2,2,0,3,NOT APPLICABLE,September,14,Thursday,11,15,Urban,High Speed (Arterial),Yes,29.1141,-82.09576111,Non-Intersection,Daylight,Cloudy,Unknown,Unknown,Unknown EMS Scene Arrival Hour,Unknown EMS Scene Arrival Minutes,Unknown,Unknown EMS Hospital Arrival Time,1,Daylight,Reduced Visibility,1,2,['Driver'],['None_Used'],0,0,Valid,1.0,1.0,51.0,30.0,"['Male', 'Male']",0,0,5,4,5,Dry,Straight,Non-Trafficway,Lowest,No
9600,12,Florida,122172,1,1,1,0,1,HIALEAH,September,18,Monday,5,45,Urban,High Speed (Arterial),Yes,25.80858611,-80.26142222,Non-Intersection,Dawn,Clear,Unknown,Unknown,Unknown EMS Scene Arrival Hour,Unknown EMS Scene Arrival Minutes,Not Applicable (Not Transported),Not Applicable (Not Transported),1,Twilight,Clear,0,1,[],[],0,0,Invalid,0.0,0.0,999.0,999.0,['Other'],0,0,1,0,4,Dry,Straight,Level,Lowest,No
9601,12,Florida,122173,0,3,3,0,7,MIAMI,August,31,Thursday,15,6,Urban,Medium Speed (Collector),No,25.80969722,-80.22138333,Complex/Circle,Daylight,Cloudy,Unknown,Unknown,Unknown EMS Scene Arrival Hour,Unknown EMS Scene Arrival Minutes,Unknown,Unknown EMS Hospital Arrival Time,1,Daylight,Reduced Visibility,1,6,['Rear_Seat'],['Shoulder_Lapbelt'],0,0,Valid,0.0,0.0,61.0,19.0,"['Male', 'Male', 'Male']",0,0,3,4,5,Dry,Straight,Level,Lowest,No
9602,12,Florida,122174,1,1,1,0,1,NOT APPLICABLE,August,31,Thursday,21,32,Urban,High Speed (Arterial),Yes,26.68199444,-81.89740278,Complex/Circle,Dark - Lighted,Clear,Unknown,Unknown,Unknown EMS Scene Arrival Hour,Unknown EMS Scene Arrival Minutes,Unknown,Unknown EMS Hospital Arrival Time,1,Dark - Lighted,Clear,0,1,[],[],0,0,Valid,0.0,0.0,33.0,33.0,['Male'],0,0,2,3,4,Dry,Straight,Level,Lowest,No
9603,12,Florida,122175,0,1,1,0,3,JACKSONVILLE,September,3,Sunday,23,51,Urban,Medium Speed (Collector),No,30.35046389,-81.58944722,Non-Intersection,Dark - Not Lighted,Clear,Unknown,Unknown,Unknown EMS Scene Arrival Hour,Unknown EMS Scene Arrival Minutes,Unknown,Unknown EMS Hospital Arrival Time,1,Dark - Unlighted,Clear,1,2,['Front_Passenger'],['None_Used'],0,0,Invalid,2.0,0.0,39.0,39.0,['Female'],3,0,2,4,3,Dry,Straight,Level,Lowest,No
9604,12,Florida,122176,2,1,1,0,1,NOT APPLICABLE,September,19,Tuesday,6,24,Rural,Low Speed (Local),No,26.65103889,-81.61918333,Non-Intersection,Dark - Lighted,Clear,Unknown,Unknown,Unknown EMS Scene Arrival Hour,Unknown EMS Scene Arrival Minutes,Unknown,Unknown EMS Hospital Arrival Time,1,Dark - Lighted,Clear,0,1,[],[],0,0,Valid,0.0,0.0,55.0,55.0,['Male'],0,0,3,3,4,Dry,Straight,Level,Lowest,No
9605,12,Florida,122177,1,1,1,0,1,SOUTH MIAMI,September,12,Tuesday,14,35,Urban,Medium Speed (Collector),No,25.70445278,-80.28735833,Complex/Circle,Daylight,Clear,Unknown,Unknown,Unknown EMS Scene Arrival Hour,Unknown EMS Scene Arrival Minutes,Not Applicable (Not Transported),Not Applicable (Not Transported),1,Daylight,Clear,0,1,[],[],0,0,Invalid,0.0,0.0,46.0,46.0,['Male'],0,0,3,2,4,Dry,Straight,Level,Lowest,No
9606,12,Florida,122178,0,2,2,0,5,NOT APPLICABLE,September,18,Monday,20,0,Urban,High Speed (Arterial),No,28.61291944,-81.41476667,Simple Junction,Dark - Lighted,Clear,Unknown,Unknown,Unknown EMS Scene Arrival Hour,Unknown EMS Scene Arrival Minutes,Unknown,Unknown EMS Hospital Arrival Time,1,Dark - Lighted,Clear,1,4,['Driver'],['None_Used'],1,1,Invalid,0.0,0.0,34.0,28.0,"['Female', 'Male']",0,0,5,4,5,Dry,Straight,Level,Lowest,No
9607,12,Florida,122179,1,1,1,0,1,NOT APPLICABLE,September,12,Tuesday,20,5,Urban,Low Speed (Local),No,26.93272778,-82.23050556,Non-Intersection,Dark - Not Lighted,Clear,Unknown,Unknown,Unknown EMS Scene Arrival Hour,Unknown EMS Scene Arrival Minutes,Unknown,Unknown EMS Hospital Arrival Time,1,Dark - Unlighted,Clear,0,1,[],[],0,0,Valid,0.0,3.0,46.0,46.0,['Male'],0,0,3,2,4,Dry,Straight,Level,Lowest,No
9608,12,Florida,122180,1,1,1,0,1,MIAMI GARDENS,February,25,Saturday,20,37,Urban,Medium Speed (Collector),No,25.95735556,-80.20174167,Simple Junction,Dark - Lighted,Clear,Unknown,Unknown,Unknown EMS Scene Arrival Hour,Unknown EMS Scene Arrival Minutes,Unknown,Unknown EMS Hospital Arrival Time,1,Dark - Lighted,Clear,0,1,[],[],0,0,Invalid,0.0,0.0,999.0,999.0,['Other'],0,0,1,0,4,Dry,Straight,Level,Lowest,No
9609,12,Florida,122181,0,2,2,0,2,NOT APPLICABLE,September,21,Thursday,6,34,Rural,High Speed (Arterial),Yes,26.77464167,-81.885775,Non-Intersection,Dark - Not Lighted,Clear,Unknown,Unknown,Unknown EMS Scene Arrival Hour,Unknown EMS Scene Arrival Minutes,Not Applicable (Not Transported),Not Applicable (Not Transported),1,Dark - Unlighted,Clear,1,1,['Driver'],['None_Used'],0,0,Valid,0.0,1.0,37.0,20.0,"['Male', 'Male']",0,0,2,4,3,Dry,Straight,Level,Lowest,No
9610,12,Florida,122182,0,1,1,0,1,NOT APPLICABLE,August,28,Monday,2,50,Urban,High Speed (Arterial),No,25.56940833,-80.36306389,Non-Intersection,Dark - Lighted,Cloudy,Unknown,Unknown,Unknown EMS Scene Arrival Hour,Unknown EMS Scene Arrival Minutes,Not Applicable (Not Transported),Not Applicable (Not Transported),1,Dark - Lighted,Reduced Visibility,1,0,['Driver'],['None_Used'],0,0,Invalid,0.0,0.0,33.0,33.0,['Female'],0,0,3,4,3,Dry,Curve,Level,Lowest,No
9611,12,Florida,122183,0,1,1,0,1,NOT APPLICABLE,August,31,Thursday,18,22,Urban,Low Speed (Local),No,25.82816389,-80.22271389,Non-Intersection,Daylight,Rain,Unknown,Unknown,Unknown EMS Scene Arrival Hour,Unknown EMS Scene Arrival Minutes,Unknown,Unknown EMS Hospital Arrival Time,1,Daylight,Rain/Wind/Minor,1,0,['Driver'],['Shoulder_Lapbelt'],0,0,Valid,0.0,0.0,26.0,26.0,['Male'],1,0,2,4,3,Wet/Standing Water,Straight,Level,Lowest,No
9612,12,Florida,122184,0,4,4,0,5,NOT APPLICABLE,September,18,Monday,9,2,Rural,High Speed (Arterial),Yes,26.71058056,-81.638375,Non-Intersection,Daylight,Clear,Unknown,Unknown,Unknown EMS Scene Arrival Hour,Unknown EMS Scene Arrival Minutes,Not Applicable (Not Transported),Not Applicable (Not Transported),1,Daylight,Clear,1,4,['Driver'],['Shoulder_Lapbelt'],0,0,Valid,0.0,1.0,47.0,31.0,"['Female', 'Female', 'Male', 'Male']",0,0,4,4,5,Dry,Straight,Level,Lowest,No
9613,12,Florida,122185,1,1,1,0,1,PARKLAND,January,5,Thursday,10,4,Urban,Low Speed (Local),No,26.32586667,-80.29654167,Simple Junction,Daylight,Clear,Unknown,Unknown,Unknown EMS Scene Arrival Hour,Unknown EMS Scene Arrival Minutes,Unknown,Unknown EMS Hospital Arrival Time,1,Daylight,Clear,0,1,[],[],0,0,Valid,0.0,0.0,49.0,49.0,['Male'],0,0,3,1,4,Dry,Straight,Level,Lowest,No
9614,12,Florida,122186,0,2,2,0,2,HIALEAH,July,14,Friday,12,43,Rural,Low Speed (Local),No,25.87526667,-80.274825,Complex/Circle,Daylight,Cloudy,Unknown,Unknown,Unknown EMS Scene Arrival Hour,Unknown EMS Scene Arrival Minutes,Unknown,Unknown EMS Hospital Arrival Time,1,Daylight,Reduced Visibility,1,1,['Driver'],['Shoulder_Lapbelt'],0,0,Valid,1.0,0.0,32.0,20.0,"['Male', 'Male']",0,0,3,4,5,Dry,Straight,Level,Lowest,No
9615,12,Florida,122187,0,2,2,0,3,WESTON,July,27,Thursday,15,6,Urban,High Speed (Arterial),Yes,26.10828056,-80.35603889,Non-Intersection,Daylight,Cloudy,Unknown,Unknown,Unknown EMS Scene Arrival Hour,Unknown EMS Scene Arrival Minutes,Unknown,Unknown EMS Hospital Arrival Time,1,Daylight,Reduced Visibility,1,2,['Driver'],['None_Used'],0,0,Valid,3.0,0.0,42.0,36.0,"['Male', 'Male']",0,0,5,4,5,Dry,Straight,Level,Lowest,No
9616,12,Florida,122188,0,2,2,0,3,MIAMI,September,10,Sunday,4,24,Urban,High Speed (Arterial),Yes,25.76515278,-80.23874444,Complex/Circle,Dark - Lighted,Clear,Unknown,Unknown,Unknown EMS Scene Arrival Hour,Unknown EMS Scene Arrival Minutes,Not Applicable (Not Transported),Not Applicable (Not Transported),1,Dark - Lighted,Clear,1,2,['Driver'],['None_Used'],0,0,Invalid,0.0,0.0,64.0,33.0,"['Male', 'Male']",0,0,5,4,5,Dry,Straight,Level,Lowest,No
9617,12,Florida,122189,0,3,3,0,3,NOT APPLICABLE,August,29,Tuesday,0,22,Urban,High Speed (Arterial),Yes,29.65473333,-82.41454722,Non-Intersection,Dark - Lighted,Rain,Unknown,Unknown,Unknown EMS Scene Arrival Hour,Unknown EMS Scene Arrival Minutes,Not Applicable (Not Transported),Not Applicable (Not Transported),1,Dark - Lighted,Rain/Wind/Minor,1,2,['Driver'],['None_Used'],0,0,Valid,1.0,0.0,42.0,39.0,"['Female', 'Male', 'Male']",0,0,5,4,5,Wet/Standing Water,Straight,Level,Lowest,No
9618,12,Florida,122190,0,3,2,1,2,PLANTATION,August,26,Saturday,20,19,Urban,High Speed (Arterial),Yes,26.13601389,-80.20743889,Simple Junction,Dark - Lighted,Clear,Unknown,Unknown,Unknown EMS Scene Arrival Hour,Unknown EMS Scene Arrival Minutes,Unknown,Unknown EMS Hospital Arrival Time,1,Dark - Lighted,Clear,1,1,['Driver'],['Shoulder_Lapbelt'],0,0,Invalid,1.0,1.0,67.0,24.0,"['Male', 'Male']",0,0,2,4,5,Dry,Straight,Level,Lowest,No
9619,12,Florida,122191,0,2,2,0,6,LAKELAND,September,11,Monday,19,46,Urban,Medium Speed (Collector),No,28.05386389,-81.96887778,Simple Junction,Dark - Lighted,Clear,Unknown,Unknown,Unknown EMS Scene Arrival Hour,Unknown EMS Scene Arrival Minutes,Unknown,Unknown EMS Hospital Arrival Time,3,Dark - Lighted,Clear,3,3,"['Front_Passenger', 'Rear_Seat', 'Rear_Seat']","['Shoulder_Lapbelt', 'None_Used', 'None_Used']",0,0,Valid,0.0,0.0,30.0,20.0,"['Male', 'Male']",0,0,3,4,5,Dry,Straight,Level,Lowest,No
9620,12,Florida,122192,1,2,2,0,3,ORANGE PARK,August,11,Friday,22,40,Urban,Medium Speed (Collector),No,30.11505278,-81.78430278,Non-Intersection,Dark - Not Lighted,Clear,Unknown,Unknown,Unknown EMS Scene Arrival Hour,Unknown EMS Scene Arrival Minutes,Unknown,Unknown EMS Hospital Arrival Time,1,Dark - Unlighted,Clear,0,3,[],[],0,0,Valid,0.0,3.0,67.0,41.0,"['Female', 'Male']",0,0,3,3,5,Dry,Straight,Level,Lowest,No
9621,12,Florida,122193,0,2,2,0,2,NOT APPLICABLE,August,18,Friday,9,56,Rural,High Speed (Arterial),Yes,29.44483056,-82.10848889,Non-Intersection,Daylight,Clear,Unknown,Unknown,Unknown EMS Scene Arrival Hour,Unknown EMS Scene Arrival Minutes,Unknown,Unknown EMS Hospital Arrival Time,1,Daylight,Clear,1,1,['Driver'],['Shoulder_Lapbelt'],0,0,Valid,0.0,1.0,33.0,30.0,"['Female', 'Male']",0,0,4,4,5,Dry,Straight,Level,Lowest,No
9622,12,Florida,122194,1,1,1,0,1,NOT APPLICABLE,August,28,Monday,15,58,Urban,High Speed (Arterial),Yes,26.96151111,-82.070375,Complex/Circle,Daylight,Clear,Unknown,Unknown,Unknown EMS Scene Arrival Hour,Unknown EMS Scene Arrival Minutes,Unknown,Unknown EMS Hospital Arrival Time,1,Daylight,Clear,0,1,[],[],0,0,Valid,0.0,0.0,18.0,18.0,['Male'],0,0,3,3,4,Dry,Straight,Level,Lowest,No
9623,12,Florida,122195,0,3,3,0,3,NOT APPLICABLE,August,29,Tuesday,6,14,Rural,High Speed (Arterial),Yes,29.024675,-81.12445,Non-Intersection,Dark - Not Lighted,Clear,Unknown,Unknown,Unknown EMS Scene Arrival Hour,Unknown EMS Scene Arrival Minutes,Not Applicable (Not Transported),Not Applicable (Not Transported),1,Dark - Unlighted,Clear,1,2,['Driver'],['None_Used'],1,1,Valid,0.0,0.0,52.0,43.0,"['Female', 'Male', 'Male']",0,0,5,4,5,Dry,Straight,Level,Lowest,No
9624,12,Florida,122196,0,1,1,0,1,NOT APPLICABLE,August,30,Wednesday,5,50,Rural,High Speed (Arterial),Yes,29.61200833,-82.25097778,Non-Intersection,Dark - Not Lighted,Rain,Unknown,Unknown,Unknown EMS Scene Arrival Hour,Unknown EMS Scene Arrival Minutes,Not Applicable (Not Transported),Not Applicable (Not Transported),1,Dark - Unlighted,Rain/Wind/Minor,1,0,['Driver'],['None_Used'],0,0,Valid,0.0,1.0,59.0,59.0,['Male'],0,0,3,4,3,Wet/Standing Water,Straight,Level,Lowest,No
9625,12,Florida,122197,0,2,2,0,2,FLORIDA CITY,September,6,Wednesday,21,52,Urban,Medium Speed (Collector),No,25.44781944,-80.4894,Simple Junction,Dark - Lighted,Clear,Unknown,Unknown,Unknown EMS Scene Arrival Hour,Officially Cancelled,Unknown,Officially Canceled,1,Dark - Lighted,Clear,1,1,['Driver'],['None_Used'],0,0,Invalid,0.0,0.0,29.0,25.0,"['Male', 'Male']",0,0,5,2,5,Dry,Straight,Level,Lowest,No