,State_Code,State_Name,Crash_ID,Count_Non_Motorists,Count_Vehicles_Total,Count_Vehicle_Forms,Count_PVH_Involved,Count_Occupants_MV,City_Name,Month_Name,Day_of_Month,Day_of_Week,Crash_Hour,Crash_Minute,Area_Rural_Urban,Road_Functional_Class,On_NHS_Road,Latitude,Longitude,Intersection_Type,Light_Condition,Weather_Condition,Notif_Hour,Notif_Minute,Arrival_Hour,Arrival_Minute,Hospital_Hour,Hospital_Minute,Fatalities_Count,Clean_Light_Condition,Clean_Weather_Condition,Total_Killed,Total_Alive,Fatal_Seats_List,Killed_Restraint_List,Any_Driver_Drinking,Total_Drinking_Drivers,Driver_License_Category,Driver_Max_Prev_Accident_Count,Driver_Max_Prev_Speeding_Count,Max_Driver_Age,Min_Driver_Age,Driver_Sex_List,Total_Exceeding_Limit_Vehicles,Total_Too_Fast_Vehicles,Max_Vehicle_Type_Severity_5,Max_Vehicle_Damage_Rank,Max_Harmful_Event_Severity,Crash_Road_Surface_Condition,Crash_Horizontal_Alignment,Crash_Vertical_Profile,Crash_Impairment_Category,Crash_Vehicle_Defect
9626,12,Florida,122198,1,2,1,1,1,NOT APPLICABLE,August,31,Thursday,1,50,Urban,High Speed (Arterial),Yes,28.222075,-81.318175,Non-Intersection,Dark - Unknown Lighting,Cloudy,Unknown,Unknown,Unknown EMS Scene Arrival Hour,Unknown EMS Scene Arrival Minutes,Not Applicable (Not Transported),Not Applicable (Not Transported),1,Dark - Unlighted,Reduced Visibility,0,1,[],[],0,0,Valid,0.0,0.0,42.0,42.0,['Male'],0,0,3,4,5,Wet/Standing Water,Straight,Level,Lowest,No
9627,12,Florida,122199,0,1,1,0,3,NOT APPLICABLE,August,30,Wednesday,18,5,Urban,High Speed (Arterial),Yes,28.56305833,-82.37615556,Non-Intersection,Daylight,Cloudy,Unknown,Unknown,Unknown EMS Scene Arrival Hour,Unknown EMS Scene Arrival Minutes,Unknown,Unknown EMS Hospital Arrival Time,2,Daylight,Reduced Visibility,2,1,"['Driver', 'Front_Passenger']","['None_Used', 'Shoulder_Lapbelt']",0,0,Valid,0.0,0.0,39.0,39.0,['Male'],0,0,2,4,3,Wet/Standing Water,Curve,Level,Lowest,No
9628,12,Florida,122200,1,1,1,0,1,TALLAHASSEE,September,4,Monday,20,30,Urban,High Speed (Arterial),Yes,30.42725278,-84.22686389,Complex/Circle,Dark - Lighted,Clear,Unknown,Unknown,Unknown EMS Scene Arrival Hour,Unknown EMS Scene Arrival Minutes,Unknown,Unknown EMS Hospital Arrival Time,1,Dark - Lighted,Clear,0,1,[],[],0,0,Valid,0.0,0.0,50.0,50.0,['Male'],0,0,2,3,4,Dry,Straight,Level,Lowest,No
9629,12,Florida,122201,0,3,3,0,4,NOT APPLICABLE,September,1,Friday,15,34,Urban,High Speed (Arterial),Yes,28.29308611,-82.18783611,Non-Intersection,Daylight,Rain,Unknown,Unknown,Unknown EMS Scene Arrival Hour,Unknown EMS Scene Arrival Minutes,Unknown,Unknown EMS Hospital Arrival Time,1,Daylight,Rain/Wind/Minor,1,3,['Driver'],['Shoulder_Lapbelt'],0,0,Invalid,0.0,0.0,66.0,39.0,"['Male', 'Male', 'Female']",0,0,3,4,5,Wet/Standing Water,Straight,Grade/Hillcrest,Lowest,Yes
9630,12,Florida,122202,1,1,1,0,1,NOT APPLICABLE,September,6,Wednesday,5,18,Urban,High Speed (Arterial),Yes,27.93777222,-82.23630556,Complex/Circle,Dark - Lighted,Clear,Unknown,Unknown,Unknown EMS Scene Arrival Hour,Unknown EMS Scene Arrival Minutes,Unknown,Unknown EMS Hospital Arrival Time,1,Dark - Lighted,Clear,0,1,[],[],0,0,Valid,1.0,3.0,30.0,30.0,['Male'],0,0,3,1,4,Dry,Straight,Level,Lowest,No
9631,12,Florida,122203,0,2,2,0,2,COCOA BEACH,September,17,Sunday,5,35,Urban,High Speed (Arterial),Yes,28.35784444,-80.61404722,Non-Intersection,Dark - Lighted,Clear,Unknown,Unknown,Unknown EMS Scene Arrival Hour,Officially Cancelled,Unknown,Officially Canceled,1,Dark - Lighted,Clear,1,1,['Driver'],['None_Used'],0,0,Valid,0.0,1.0,39.0,38.0,"['Male', 'Male']",1,0,5,4,5,Dry,Straight,Level,Lowest,No
9632,12,Florida,122204,0,1,1,0,3,JACKSONVILLE,September,10,Sunday,1,45,Urban,High Speed (Arterial),Yes,30.29016944,-81.62855833,Non-Intersection,Dark - Not Lighted,Cloudy,Unknown,Unknown,Unknown EMS Scene Arrival Hour,Unknown EMS Scene Arrival Minutes,Unknown,Unknown EMS Hospital Arrival Time,2,Dark - Unlighted,Reduced Visibility,2,1,"['Front_Passenger', 'Rear_Seat']","['None_Used', 'None_Used']",0,0,Valid,0.0,1.0,19.0,19.0,['Male'],0,0,3,4,3,Dry,Straight,Grade/Hillcrest,Lowest,No
9633,12,Florida,122205,0,2,2,0,5,SANFORD,September,2,Saturday,13,0,Urban,Medium Speed (Collector),No,28.76699444,-81.26449444,Simple Junction,Daylight,Clear,Unknown,Unknown,Unknown EMS Scene Arrival Hour,Unknown EMS Scene Arrival Minutes,Unknown,Unknown EMS Hospital Arrival Time,2,Daylight,Clear,2,3,"['Driver', 'Front_Passenger']","['Shoulder_Lapbelt', 'Shoulder_Lapbelt']",0,0,Valid,0.0,0.0,86.0,25.0,"['Male', 'Male']",0,0,3,4,5,Dry,Straight,Level,Lowest,No
9634,12,Florida,122206,0,2,2,0,2,NOT APPLICABLE,September,7,Thursday,4,45,Rural,Medium Speed (Collector),No,28.6686,-82.05483889,Complex/Circle,Dark - Not Lighted,Clear,Unknown,Unknown,Unknown EMS Scene Arrival Hour,Unknown EMS Scene Arrival Minutes,Not Applicable (Not Transported),Not Applicable (Not Transported),1,Dark - Unlighted,Clear,1,1,['Driver'],['Shoulder_Lapbelt'],0,0,Valid,0.0,1.0,63.0,29.0,"['Male', 'Male']",0,0,4,4,5,Dry,Straight,Level,Lowest,No
9635,12,Florida,122207,1,1,1,0,1,NOT APPLICABLE,September,1,Friday,11,17,Urban,High Speed (Arterial),Yes,28.53375278,-82.50494444,Complex/Circle,Daylight,Cloudy,11:00am-11:59am,17,11:00am-11:59am,22,Unknown,Unknown EMS Hospital Arrival Time,1,Daylight,Reduced Visibility,0,1,[],[],0,0,Valid,0.0,0.0,31.0,31.0,['Male'],0,0,4,2,4,Dry,Straight,Level,Lowest,No
9636,12,Florida,122208,0,2,2,0,2,DAVIE,September,5,Tuesday,21,44,Urban,Low Speed (Local),No,26.09046111,-80.26545556,Complex/Circle,Dark - Lighted,Cloudy,Unknown,Unknown,Unknown EMS Scene Arrival Hour,Unknown EMS Scene Arrival Minutes,Not Applicable (Not Transported),Not Applicable (Not Transported),1,Dark - Lighted,Reduced Visibility,1,1,['Driver'],['None_Used'],0,0,Valid,0.0,0.0,50.0,31.0,"['Male', 'Female']",1,0,5,4,5,Dry,Straight,Level,Lowest,No
9637,12,Florida,122209,0,1,1,0,1,SANFORD,September,10,Sunday,1,56,Urban,Medium Speed (Collector),No,28.76971111,-81.27396944,Non-Intersection,Dark - Lighted,Clear,Unknown,Unknown,Unknown EMS Scene Arrival Hour,Unknown EMS Scene Arrival Minutes,Not Applicable (Not Transported),Not Applicable (Not Transported),1,Dark - Lighted,Clear,1,0,['Driver'],['None_Used'],0,0,Valid,0.0,0.0,49.0,49.0,['Male'],0,0,5,4,3,Dry,Curve,Level,Lowest,No
9638,12,Florida,122210,1,1,1,0,1,TARPON SPRINGS,September,9,Saturday,3,0,Urban,High Speed (Arterial),Yes,28.12700278,-82.73999167,Non-Intersection,Dark - Not Lighted,Clear,Unknown,Unknown,Unknown EMS Scene Arrival Hour,Unknown EMS Scene Arrival Minutes,Unknown,Unknown EMS Hospital Arrival Time,1,Dark - Unlighted,Clear,0,1,[],[],0,0,Valid,0.0,0.0,44.0,44.0,['Male'],0,0,2,3,4,Dry,Straight,Level,Lowest,No
9639,12,Florida,122211,0,2,2,0,2,LARGO,September,1,Friday,12,34,Urban,Medium Speed (Collector),No,27.88746111,-82.7952,Complex/Circle,Daylight,Clear,Unknown,Unknown,Unknown EMS Scene Arrival Hour,Unknown EMS Scene Arrival Minutes,Unknown,Unknown EMS Hospital Arrival Time,1,Daylight,Clear,1,1,['Driver'],['Shoulder_Lapbelt'],0,0,Valid,0.0,0.0,84.0,19.0,"['Male', 'Male']",0,0,3,4,5,Dry,Straight,Level,Lowest,No
9640,12,Florida,122212,1,1,1,0,1,TAMARAC,September,11,Monday,10,46,Urban,High Speed (Arterial),Yes,26.18625278,-80.19153333,Complex/Circle,Daylight,Cloudy,Unknown,Unknown,Unknown EMS Scene Arrival Hour,Unknown EMS Scene Arrival Minutes,Not Applicable (Not Transported),Not Applicable (Not Transported),1,Daylight,Reduced Visibility,0,1,[],[],0,0,Valid,0.0,1.0,23.0,23.0,['Male'],1,0,2,4,4,Dry,Straight,Level,Lowest,No
9641,12,Florida,122213,2,1,1,0,1,NOT APPLICABLE,September,7,Thursday,16,3,Rural,High Speed (Arterial),Yes,29.41243056,-81.205,Non-Intersection,Daylight,Clear,Unknown,Unknown,Unknown EMS Scene Arrival Hour,Unknown EMS Scene Arrival Minutes,Unknown,Unknown EMS Hospital Arrival Time,1,Daylight,Clear,0,1,[],[],1,1,Valid,0.0,0.0,32.0,32.0,['Male'],0,0,3,3,3,Dry,Straight,Level,Lowest,No
9642,12,Florida,122214,0,2,2,0,2,NOT APPLICABLE,August,30,Wednesday,3,55,Urban,Medium Speed (Collector),No,28.45046667,-81.42755833,Complex/Circle,Dark - Lighted,Rain,Unknown,Unknown,Unknown EMS Scene Arrival Hour,Unknown EMS Scene Arrival Minutes,Not Applicable (Not Transported),Not Applicable (Not Transported),1,Dark - Lighted,Rain/Wind/Minor,1,1,['Driver'],['Shoulder_Lapbelt'],0,0,Valid,0.0,0.0,999.0,48.0,"['Male', 'Other']",0,0,3,4,5,Wet/Standing Water,Straight,Level,Lowest,No
9643,12,Florida,122215,1,1,1,0,1,NOT APPLICABLE,September,8,Friday,14,48,Urban,High Speed (Arterial),Yes,28.58157778,-82.37571667,Non-Intersection,Daylight,Clear,Unknown,Unknown,Unknown EMS Scene Arrival Hour,Unknown EMS Scene Arrival Minutes,Unknown,Unknown EMS Hospital Arrival Time,1,Daylight,Clear,0,1,[],[],0,0,Valid,0.0,0.0,78.0,78.0,['Female'],0,0,3,4,4,Dry,Straight,Level,Lowest,No
9644,12,Florida,122216,0,2,2,0,2,NOT APPLICABLE,September,9,Saturday,16,42,Rural,High Speed (Arterial),Yes,29.45927778,-82.27058333,Non-Intersection,Daylight,Clear,Unknown,Unknown,Unknown EMS Scene Arrival Hour,Unknown EMS Scene Arrival Minutes,Unknown,Unknown EMS Hospital Arrival Time,1,Daylight,Clear,1,1,['Driver'],['Shoulder_Only'],1,1,Valid,0.0,0.0,57.0,36.0,"['Female', 'Male']",0,0,3,4,5,Dry,Straight,Level,Lowest,No
9645,12,Florida,122217,0,4,4,0,8,MIAMI,September,4,Monday,21,18,Urban,High Speed (Arterial),Yes,25.84826111,-80.16878056,Non-Intersection,Dark - Lighted,Clear,Unknown,Unknown,Unknown EMS Scene Arrival Hour,Unknown EMS Scene Arrival Minutes,Unknown,Unknown EMS Hospital Arrival Time,1,Dark - Lighted,Clear,1,7,['Driver'],['Shoulder_Lapbelt'],1,1,Invalid,3.0,2.0,60.0,24.0,"['Male', 'Male', 'Female', 'Male']",0,0,3,4,5,Dry,Straight,Level,Lowest,No
9646,12,Florida,122218,1,1,1,0,1,NOT APPLICABLE,August,30,Wednesday,4,31,Urban,Medium Speed (Collector),No,30.55193056,-87.28304444,Non-Intersection,Dark - Not Lighted,Clear,Unknown,Unknown,Unknown EMS Scene Arrival Hour,Unknown EMS Scene Arrival Minutes,Not Applicable (Not Transported),Not Applicable (Not Transported),1,Dark - Unlighted,Clear,0,1,[],[],0,0,Valid,0.0,0.0,63.0,63.0,['Female'],0,0,3,4,4,Dry,Straight,Level,Lowest,No
9647,12,Florida,122219,1,1,1,0,1,NOT APPLICABLE,August,30,Wednesday,23,32,Urban,Medium Speed (Collector),No,30.45371944,-87.24003333,Non-Intersection,Dark - Lighted,Clear,Unknown,Unknown,Unknown EMS Scene Arrival Hour,Officially Cancelled,Unknown,Officially Canceled,1,Dark - Lighted,Clear,0,0,[],[],0,0,Invalid,0.0,0.0,998.0,998.0,['Other'],0,0,1,0,4,Dry,Straight,Level,Lowest,No
9648,12,Florida,122220,1,1,1,0,1,JACKSONVILLE,September,9,Saturday,22,43,Urban,High Speed (Arterial),Yes,30.33581111,-81.66705,Complex/Circle,Dark - Lighted,Cloudy,Unknown,Unknown,Unknown EMS Scene Arrival Hour,Unknown EMS Scene Arrival Minutes,Unknown,Unknown EMS Hospital Arrival Time,1,Dark - Lighted,Reduced Visibility,0,1,[],[],0,0,Invalid,0.0,0.0,999.0,999.0,['Other'],0,0,1,0,4,Dry,Straight,Level,Lowest,No
9649,12,Florida,122221,0,2,2,0,5,NOT APPLICABLE,September,5,Tuesday,20,3,Urban,High Speed (Arterial),Yes,28.00091944,-82.54507222,Non-Intersection,Dark - Lighted,Clear,Unknown,Unknown,Unknown EMS Scene Arrival Hour,Unknown EMS Scene Arrival Minutes,Unknown,Unknown EMS Hospital Arrival Time,1,Dark - Lighted,Clear,1,4,['Rear_Seat'],['None_Used'],0,0,Valid,1.0,0.0,42.0,35.0,"['Male', 'Female']",0,0,5,2,5,Dry,Curve,Level,Lowest,No
9650,12,Florida,122222,0,2,2,0,3,NOT APPLICABLE,September,5,Tuesday,7,50,Urban,Low Speed (Local),No,28.93423611,-82.01302222,Simple Junction,Daylight,Clear,Unknown,Unknown,Unknown EMS Scene Arrival Hour,Unknown EMS Scene Arrival Minutes,Unknown,Unknown EMS Hospital Arrival Time,1,Daylight,Clear,1,2,['Driver'],['None_Used'],0,0,Valid,1.0,0.0,89.0,69.0,"['Male', 'Male']",0,0,5,4,5,Dry,Curve,Level,Medium,No
9651,12,Florida,122223,1,1,1,0,1,COCOA,September,1,Friday,6,5,Urban,High Speed (Arterial),Yes,28.45577778,-80.76288889,Non-Intersection,Dark - Lighted,Clear,Unknown,Unknown,Unknown EMS Scene Arrival Hour,Officially Cancelled,Unknown,Officially Canceled,1,Dark - Lighted,Clear,0,1,[],[],0,0,Valid,0.0,0.0,59.0,59.0,['Male'],0,0,3,4,4,Dry,Straight,Level,Lowest,No
9652,12,Florida,122224,1,1,1,0,1,NOT APPLICABLE,September,7,Thursday,20,12,Urban,High Speed (Arterial),Yes,28.21713056,-82.69895833,Non-Intersection,Dark - Not Lighted,Clear,Unknown,Unknown,Unknown EMS Scene Arrival Hour,Unknown EMS Scene Arrival Minutes,Unknown,Unknown EMS Hospital Arrival Time,1,Dark - Unlighted,Clear,0,1,[],[],0,0,Valid,0.0,0.0,50.0,50.0,['Male'],0,0,3,3,4,Dry,Straight,Level,Lowest,No
9653,12,Florida,122225,1,1,1,0,1,LARGO,September,7,Thursday,17,31,Urban,Medium Speed (Collector),No,27.91668333,-82.76656944,Non-Intersection,Daylight,Clear,Unknown,Unknown,Unknown EMS Scene Arrival Hour,Unknown EMS Scene Arrival Minutes,Unknown,Unknown EMS Hospital Arrival Time,1,Daylight,Clear,0,1,[],[],0,0,Valid,0.0,1.0,46.0,46.0,['Female'],0,0,3,3,4,Dry,Straight,Level,Lowest,No
9654,12,Florida,122226,1,1,1,0,2,JACKSONVILLE,August,19,Saturday,20,34,Urban,Medium Speed (Collector),No,30.20375,-81.79220833,Non-Intersection,Dark - Lighted,Clear,Unknown,Unknown,Unknown EMS Scene Arrival Hour,Unknown EMS Scene Arrival Minutes,Not Applicable (Not Transported),Not Applicable (Not Transported),1,Dark - Lighted,Clear,0,2,[],[],0,0,Valid,0.0,0.0,58.0,58.0,['Female'],0,0,3,4,4,Dry,Straight,Level,Lowest,No
9655,12,Florida,122228,0,2,2,0,3,OKEECHOBEE,September,8,Friday,6,52,Rural,High Speed (Arterial),Yes,27.29498889,-80.82745278,Non-Intersection,Daylight,Clear,Unknown,Unknown,Unknown EMS Scene Arrival Hour,Unknown EMS Scene Arrival Minutes,Unknown,Unknown EMS Hospital Arrival Time,2,Daylight,Clear,2,1,"['Driver', 'Front_Passenger']","['None_Used', 'Shoulder_Lapbelt']",0,0,Valid,0.0,0.0,40.0,17.0,"['Female', 'Male']",0,0,3,4,5,Dry,Straight,Level,Lowest,No
9656,12,Florida,122229,0,2,2,0,2,LAUDERDALE LAKES,August,13,Sunday,22,20,Urban,High Speed (Arterial),Yes,26.16520833,-80.19108889,Complex/Circle,Dark - Not Lighted,Clear,Unknown,Unknown,Unknown EMS Scene Arrival Hour,Unknown EMS Scene Arrival Minutes,Not Applicable (Not Transported),Not Applicable (Not Transported),1,Dark - Unlighted,Clear,1,1,['Driver'],['None_Used'],0,0,Invalid,0.0,2.0,31.0,28.0,"['Male', 'Female']",1,0,5,4,5,Dry,Straight,Level,Lowest,No
9657,12,Florida,122231,0,1,1,0,1,NOT APPLICABLE,September,12,Tuesday,15,20,Urban,Low Speed (Local),No,28.13595,-82.27814167,Non-Intersection,Daylight,Clear,Unknown,Unknown,Unknown EMS Scene Arrival Hour,Unknown EMS Scene Arrival Minutes,Not Applicable (Not Transported),Not Applicable (Not Transported),1,Daylight,Clear,1,0,['Driver'],['None_Used'],0,0,Valid,0.0,0.0,57.0,57.0,['Male'],1,0,5,2,3,Dry,Curve,Level,Lowest,No
9658,12,Florida,122232,0,3,3,0,5,DELAND,September,11,Monday,14,17,Urban,High Speed (Arterial),Yes,28.98205,-81.29931944,Complex/Circle,Daylight,Clear,Unknown,Unknown,Unknown EMS Scene Arrival Hour,Unknown EMS Scene Arrival Minutes,Unknown,Unknown EMS Hospital Arrival Time,1,Daylight,Clear,1,4,['Front_Passenger'],['Shoulder_Lapbelt'],0,0,Valid,0.0,1.0,85.0,61.0,"['Male', 'Male', 'Male']",0,0,3,4,5,Dry,Straight,Level,Lowest,No
9659,12,Florida,122233,0,3,3,0,3,NOT APPLICABLE,September,11,Monday,18,47,Urban,High Speed (Arterial),Yes,27.83942778,-82.32792222,Non-Intersection,Daylight,Clear,Unknown,Unknown,Unknown EMS Scene Arrival Hour,Unknown EMS Scene Arrival Minutes,Unknown,Unknown EMS Hospital Arrival Time,1,Daylight,Clear,1,2,['Driver'],['None_Used'],0,0,Valid,0.0,0.0,82.0,21.0,"['Male', 'Female', 'Female']",0,0,3,4,5,Dry,Straight,Level,Lowest,No
9660,12,Florida,122234,0,2,2,0,2,NOT APPLICABLE,August,27,Sunday,15,20,Urban,High Speed (Arterial),Yes,25.66208611,-80.38868889,Non-Intersection,Daylight,Cloudy,Unknown,Unknown,Unknown EMS Scene Arrival Hour,Unknown EMS Scene Arrival Minutes,Unknown,Unknown EMS Hospital Arrival Time,1,Daylight,Reduced Visibility,1,1,['Driver'],['None_Used'],0,0,Valid,0.0,0.0,57.0,27.0,"['Male', 'Female']",0,0,5,4,5,Dry,Straight,Level,Lowest,No
9661,12,Florida,122235,0,2,2,0,2,NOT APPLICABLE,September,11,Monday,15,58,Rural,Medium Speed (Collector),No,30.08507222,-82.215975,Non-Intersection,Daylight,Clear,Unknown,Unknown,Unknown EMS Scene Arrival Hour,Unknown EMS Scene Arrival Minutes,Not Applicable (Not Transported),Not Applicable (Not Transported),1,Daylight,Clear,1,1,['Driver'],['None_Used'],0,0,Valid,2.0,2.0,37.0,37.0,"['Male', 'Male']",0,0,4,4,5,Dry,Straight,Level,Lowest,No
9662,12,Florida,122236,0,2,2,0,5,TAMPA,August,31,Thursday,11,56,Urban,High Speed (Arterial),Yes,27.95203333,-82.40797222,Simple Junction,Daylight,Rain,Unknown,Unknown,Unknown EMS Scene Arrival Hour,Unknown EMS Scene Arrival Minutes,Unknown,Unknown EMS Hospital Arrival Time,2,Daylight,Rain/Wind/Minor,2,3,"['Front_Passenger', 'Rear_Seat']","['Shoulder_Lapbelt', 'None_Used']",0,0,Invalid,0.0,0.0,39.0,34.0,"['Male', 'Male']",0,0,4,4,5,Wet/Standing Water,Curve,Level,Lowest,No
9663,12,Florida,122237,1,2,2,0,2,NOT APPLICABLE,September,7,Thursday,20,35,Rural,Medium Speed (Collector),No,29.50566111,-82.5234,Non-Intersection,Dark - Not Lighted,Clear,Unknown,Unknown,Unknown EMS Scene Arrival Hour,Unknown EMS Scene Arrival Minutes,Unknown,Unknown EMS Hospital Arrival Time,1,Dark - Unlighted,Clear,0,2,[],[],0,0,Valid,0.0,0.0,76.0,33.0,"['Male', 'Male']",0,0,2,4,4,Dry,Straight,Level,Lowest,No
9664,12,Florida,122238,0,2,2,0,3,NOT APPLICABLE,September,7,Thursday,19,27,Urban,High Speed (Arterial),Yes,27.39079444,-82.56006667,Non-Intersection,Daylight,Clear,Unknown,Unknown,Unknown EMS Scene Arrival Hour,Unknown EMS Scene Arrival Minutes,Unknown,Unknown EMS Hospital Arrival Time,1,Daylight,Clear,1,2,['Driver'],['Shoulder_Lapbelt'],0,0,Valid,0.0,0.0,81.0,57.0,"['Female', 'Male']",0,0,3,4,5,Dry,Straight,Non-Trafficway,Lowest,No
9665,12,Florida,122239,0,2,2,0,3,FORT LAUDERDALE,September,9,Saturday,20,2,Urban,Medium Speed (Collector),Yes,26.14188056,-80.153975,Complex/Circle,Dark - Lighted,Clear,Unknown,Unknown,Unknown EMS Scene Arrival Hour,Unknown EMS Scene Arrival Minutes,Unknown,Unknown EMS Hospital Arrival Time,1,Dark - Lighted,Clear,1,2,['Driver'],['None_Used'],1,1,Invalid,2.0,0.0,37.0,25.0,"['Male', 'Female']",0,0,3,4,5,Dry,Straight,Level,Lowest,No
9666,12,Florida,122241,1,1,1,0,1,SANFORD,September,13,Wednesday,8,40,Urban,Medium Speed (Collector),No,28.80084167,-81.26591389,Complex/Circle,Daylight,Clear,Unknown,Unknown,Unknown EMS Scene Arrival Hour,Unknown EMS Scene Arrival Minutes,Unknown,Unknown EMS Hospital Arrival Time,1,Daylight,Clear,0,1,[],[],0,0,Valid,0.0,0.0,70.0,70.0,['Male'],0,0,2,2,4,Dry,Straight,Level,Lowest,No
9667,12,Florida,122242,0,2,2,0,4,FRUITLAND PARK,September,13,Wednesday,18,18,Rural,Low Speed (Local),No,28.85292778,-81.94563333,Simple Junction,Daylight,Cloudy,Unknown,Unknown,Unknown EMS Scene Arrival Hour,Unknown EMS Scene Arrival Minutes,Unknown,Unknown EMS Hospital Arrival Time,1,Daylight,Reduced Visibility,1,3,['Driver'],['None_Used'],0,0,Valid,0.0,0.0,80.0,74.0,"['Male', 'Female']",0,0,5,2,5,Dry,Straight,Level,Lowest,No
9668,12,Florida,122243,0,1,1,0,1,NOT APPLICABLE,September,7,Thursday,1,10,Urban,Low Speed (Local),No,28.19131667,-82.00444722,Non-Intersection,Dark - Not Lighted,Clear,Unknown,Unknown,Unknown EMS Scene Arrival Hour,Unknown EMS Scene Arrival Minutes,Not Applicable (Not Transported),Not Applicable (Not Transported),1,Dark - Unlighted,Clear,1,0,['Driver'],['None_Used'],0,0,Invalid,0.0,0.0,40.0,40.0,['Male'],0,0,5,4,2,Dry,Curve,Grade/Hillcrest,Lowest,No
9669,12,Florida,122244,0,1,1,0,1,NOT APPLICABLE,September,16,Saturday,16,47,Urban,Low Speed (Local),No,28.56166111,-82.47939444,Non-Intersection,Daylight,Cloudy,4:00pm-4:59pm,47,4:00pm-4:59pm,54,Unknown,Unknown EMS Hospital Arrival Time,1,Daylight,Reduced Visibility,1,0,['Driver'],['None_Used'],0,0,Valid,0.0,1.0,18.0,18.0,['Male'],0,0,5,3,2,Dry,Curve,Level,Lowest,No
9670,12,Florida,122245,1,1,1,0,1,LAKELAND,September,16,Saturday,2,22,Urban,Medium Speed (Collector),No,28.00751944,-81.95694444,Non-Intersection,Dark - Lighted,Clear,Unknown,Unknown,Unknown EMS Scene Arrival Hour,Unknown EMS Scene Arrival Minutes,Unknown,Unknown EMS Hospital Arrival Time,1,Dark - Lighted,Clear,0,1,[],[],0,0,Valid,1.0,0.0,55.0,55.0,['Male'],0,0,3,3,4,Dry,Straight,Level,Lowest,No
9671,12,Florida,122246,0,1,1,0,1,NOT APPLICABLE,September,16,Saturday,17,30,Urban,Low Speed (Local),No,30.08016111,-81.58755,Non-Intersection,Daylight,Clear,Unknown,Unknown,Unknown EMS Scene Arrival Hour,Unknown EMS Scene Arrival Minutes,Unknown,Unknown EMS Hospital Arrival Time,1,Daylight,Clear,1,0,['Driver'],['None_Used'],0,0,Valid,0.0,0.0,22.0,22.0,['Male'],0,0,5,4,2,Dry,Straight,Level,Lowest,No
9672,12,Florida,122247,0,2,2,0,2,NOT APPLICABLE,September,16,Saturday,22,28,Urban,Medium Speed (Collector),No,26.19123889,-81.68718056,Simple Junction,Dark - Lighted,Cloudy,Unknown,Unknown,Unknown EMS Scene Arrival Hour,Unknown EMS Scene Arrival Minutes,Unknown,Unknown EMS Hospital Arrival Time,1,Dark - Lighted,Reduced Visibility,1,1,['Driver'],['None_Used'],0,0,Valid,0.0,1.0,51.0,21.0,"['Male', 'Male']",1,0,5,4,5,Dry,Straight,Level,Lowest,No
9673,12,Florida,122248,0,1,1,0,1,SAINT PETERSBURG,September,7,Thursday,4,20,Urban,Medium Speed (Collector),No,27.89804444,-82.63877778,Non-Intersection,Dark - Not Lighted,Clear,Unknown,Unknown,Unknown EMS Scene Arrival Hour,Unknown EMS Scene Arrival Minutes,Unknown,Unknown EMS Hospital Arrival Time,1,Dark - Unlighted,Clear,1,0,['Driver'],['None_Used'],0,0,Valid,1.0,0.0,22.0,22.0,['Male'],0,0,5,4,3,Dry,Straight,Level,Lowest,No
9674,12,Florida,122249,0,1,1,0,1,NOT APPLICABLE,September,9,Saturday,4,20,Urban,High Speed (Arterial),Yes,30.44379722,-84.39976944,Non-Intersection,Dark - Not Lighted,Clear,Unknown,Unknown,Unknown EMS Scene Arrival Hour,Officially Cancelled,Unknown,Officially Canceled,1,Dark - Unlighted,Clear,1,0,['Driver'],['None_Used'],1,1,Valid,0.0,0.0,34.0,34.0,['Male'],1,0,2,4,3,Dry,Straight,Level,Lowest,No
9675,12,Florida,122250,0,1,1,0,1,JACKSONVILLE,September,9,Saturday,1,40,Urban,High Speed (Arterial),Yes,30.20607222,-81.75774444,Non-Intersection,Dark - Lighted,Clear,Unknown,Unknown,Unknown EMS Scene Arrival Hour,Officially Cancelled,Unknown,Officially Canceled,1,Dark - Lighted,Clear,1,0,['Driver'],['Shoulder_Lapbelt'],1,1,Valid,0.0,0.0,18.0,18.0,['Female'],0,0,3,4,3,Dry,Straight,Level,Lowest,No
9676,12,Florida,122251,0,1,1,0,1,NOT APPLICABLE,September,16,Saturday,2,16,Urban,High Speed (Arterial),Yes,28.85398056,-82.49844722,Non-Intersection,Dark - Lighted,Clear,2:00am-2:59am,17,2:00am-2:59am,28,Not Applicable (Not Transported),Not Applicable (Not Transported),1,Dark - Lighted,Clear,1,0,['Driver'],['None_Used'],0,0,Valid,1.0,0.0,29.0,29.0,['Male'],0,0,2,4,3,Dry,Straight,Grade/Hillcrest,Lowest,No
9677,12,Florida,122253,0,2,2,0,3,TALLAHASSEE,September,16,Saturday,19,55,Urban,High Speed (Arterial),Yes,30.37345,-84.29372222,Simple Junction,Daylight,Clear,Unknown,Unknown,Unknown EMS Scene Arrival Hour,Unknown EMS Scene Arrival Minutes,Unknown,Unknown EMS Hospital Arrival Time,1,Daylight,Clear,1,2,['Driver'],['None_Used'],0,0,Valid,0.0,0.0,64.0,17.0,"['Female', 'Male']",0,0,5,4,5,Dry,Straight,Level,Lowest,Yes