,State_Code,State_Name,Crash_ID,Count_Non_Motorists,Count_Vehicles_Total,Count_Vehicle_Forms,Count_PVH_Involved,Count_Occupants_MV,City_Name,Month_Name,Day_of_Month,Day_of_Week,Crash_Hour,Crash_Minute,Area_Rural_Urban,Road_Functional_Class,On_NHS_Road,Latitude,Longitude,Intersection_Type,Light_Condition,Weather_Condition,Notif_Hour,Notif_Minute,Arrival_Hour,Arrival_Minute,Hospital_Hour,Hospital_Minute,Fatalities_Count,Clean_Light_Condition,Clean_Weather_Condition,Total_Killed,Total_Alive,Fatal_Seats_List,Killed_Restraint_List,Any_Driver_Drinking,Total_Drinking_Drivers,Driver_License_Category,Driver_Max_Prev_Accident_Count,Driver_Max_Prev_Speeding_Count,Max_Driver_Age,Min_Driver_Age,Driver_Sex_List,Total_Exceeding_Limit_Vehicles,Total_Too_Fast_Vehicles,Max_Vehicle_Type_Severity_5,Max_Vehicle_Damage_Rank,Max_Harmful_Event_Severity,Crash_Road_Surface_Condition,Crash_Horizontal_Alignment,Crash_Vertical_Profile,Crash_Impairment_Category,Crash_Vehicle_Defect
9678,12,Florida,122254,0,2,2,0,2,NOT APPLICABLE,September,8,Friday,7,32,Rural,High Speed (Arterial),Yes,29.0511,-82.28595,Non-Intersection,Dawn,Clear,Unknown,Unknown,Unknown EMS Scene Arrival Hour,Unknown EMS Scene Arrival Minutes,Unknown,Unknown EMS Hospital Arrival Time,1,Twilight,Clear,1,1,['Driver'],['Shoulder_Lapbelt'],0,0,Valid,0.0,0.0,78.0,43.0,"['Male', 'Female']",0,0,3,4,5,Dry,Straight,Level,Medium,No
9679,12,Florida,122255,0,2,2,0,2,NOT APPLICABLE,September,12,Tuesday,13,35,Urban,High Speed (Arterial),Yes,26.75387222,-81.04356389,Non-Intersection,Daylight,Clear,Unknown,Unknown,Unknown EMS Scene Arrival Hour,Unknown EMS Scene Arrival Minutes,Unknown,Unknown EMS Hospital Arrival Time,1,Daylight,Clear,1,1,['Driver'],['None_Used'],0,0,Valid,3.0,0.0,49.0,35.0,"['Male', 'Male']",0,0,4,4,5,Dry,Straight,Level,Lowest,Yes
9680,12,Florida,122256,0,1,1,0,2,NOT APPLICABLE,September,4,Monday,0,42,Rural,Medium Speed (Collector),No,28.35298056,-81.82275833,Non-Intersection,Dark - Not Lighted,Clear,Unknown,Unknown,Unknown EMS Scene Arrival Hour,Unknown EMS Scene Arrival Minutes,Unknown,Unknown EMS Hospital Arrival Time,1,Dark - Unlighted,Clear,1,1,['Driver'],['Shoulder_Lapbelt'],0,0,Invalid,0.0,0.0,26.0,26.0,['Male'],0,0,2,4,3,Dry,Straight,Level,Lowest,No
9681,12,Florida,122257,1,1,1,0,1,NOT APPLICABLE,September,12,Tuesday,21,45,Urban,Medium Speed (Collector),No,30.51907778,-87.28335278,Non-Intersection,Dark - Lighted,Clear,Unknown,Unknown,Unknown EMS Scene Arrival Hour,Unknown EMS Scene Arrival Minutes,Unknown,Unknown EMS Hospital Arrival Time,1,Dark - Lighted,Clear,0,1,[],[],0,0,Valid,0.0,1.0,36.0,36.0,['Male'],0,0,2,4,4,Dry,Straight,Level,Lowest,No
9682,12,Florida,122258,0,2,2,0,3,NOT APPLICABLE,September,18,Monday,16,50,Urban,Medium Speed (Collector),No,26.22980833,-81.60669167,Complex/Circle,Daylight,Rain,Unknown,Unknown,Unknown EMS Scene Arrival Hour,Unknown EMS Scene Arrival Minutes,Unknown,Unknown EMS Hospital Arrival Time,1,Daylight,Rain/Wind/Minor,1,2,['Driver'],['None_Used'],0,0,Valid,0.0,1.0,34.0,25.0,"['Male', 'Male']",0,0,5,4,5,Wet/Standing Water,Straight,Level,Lowest,No
9683,12,Florida,122259,0,2,2,0,6,NOT APPLICABLE,May,27,Saturday,9,18,Urban,Medium Speed (Collector),No,27.85321389,-82.2311,Complex/Circle,Daylight,Clear,Unknown,Unknown,Unknown EMS Scene Arrival Hour,Unknown EMS Scene Arrival Minutes,Unknown,Unknown EMS Hospital Arrival Time,1,Daylight,Clear,1,5,['Front_Passenger'],['Shoulder_Lapbelt'],0,0,Valid,0.0,0.0,76.0,47.0,"['Male', 'Female']",0,0,3,4,5,Dry,Straight,Level,Lowest,No
9684,12,Florida,122260,0,2,2,0,3,NOT APPLICABLE,September,15,Friday,23,45,Rural,High Speed (Arterial),Yes,27.04737222,-82.07076111,Non-Intersection,Dark - Not Lighted,Clear,Unknown,Unknown,Unknown EMS Scene Arrival Hour,Unknown EMS Scene Arrival Minutes,Not Applicable (Not Transported),Not Applicable (Not Transported),1,Dark - Unlighted,Clear,1,2,['Driver'],['None_Used'],1,1,Valid,0.0,0.0,53.0,24.0,"['Male', 'Male']",0,0,5,4,5,Dry,Straight,Level,Lowest,No
9685,12,Florida,122261,0,3,3,0,5,COCOA,September,16,Saturday,4,20,Rural,High Speed (Arterial),Yes,28.4375,-80.82035,Non-Intersection,Dark - Not Lighted,Clear,Unknown,Unknown,Unknown EMS Scene Arrival Hour,Unknown EMS Scene Arrival Minutes,Not Applicable (Not Transported),Not Applicable (Not Transported),1,Dark - Unlighted,Clear,1,4,['Driver'],['None_Used'],0,0,Valid,0.0,0.0,33.0,23.0,"['Female', 'Male', 'Female']",0,0,3,4,5,Dry,Straight,Level,Lowest,No
9686,12,Florida,122262,0,2,2,0,3,NOT APPLICABLE,September,16,Saturday,13,15,Urban,High Speed (Arterial),Yes,24.57713889,-81.72088889,Non-Intersection,Daylight,Clear,Unknown,Unknown,Unknown EMS Scene Arrival Hour,Unknown EMS Scene Arrival Minutes,Unknown,Unknown EMS Hospital Arrival Time,1,Daylight,Clear,1,2,['Driver'],['None_Used'],0,0,Valid,0.0,0.0,36.0,23.0,"['Female', 'Male']",0,0,2,4,5,Dry,Straight,Level,Lowest,No
9687,12,Florida,122263,1,1,1,0,3,JACKSONVILLE,September,20,Wednesday,7,59,Rural,Low Speed (Local),No,30.27025,-81.60038889,Non-Intersection,Daylight,Clear,Unknown,Unknown,Unknown EMS Scene Arrival Hour,Unknown EMS Scene Arrival Minutes,Unknown,Unknown EMS Hospital Arrival Time,1,Daylight,Clear,0,3,[],[],0,0,Valid,0.0,1.0,33.0,33.0,['Female'],0,0,2,2,4,Dry,Straight,Level,Lowest,No
9688,12,Florida,122264,0,3,3,0,3,CAPE CORAL,September,20,Wednesday,7,26,Urban,Medium Speed (Collector),No,26.60732778,-81.94033333,Non-Intersection,Daylight,Clear,Unknown,Unknown,Unknown EMS Scene Arrival Hour,Unknown EMS Scene Arrival Minutes,Unknown,Unknown EMS Hospital Arrival Time,1,Daylight,Clear,1,2,['Driver'],['Shoulder_Lapbelt'],0,0,Valid,0.0,0.0,81.0,40.0,"['Male', 'Female', 'Female']",0,0,3,4,5,Dry,Straight,Level,Lowest,No
9689,12,Florida,122265,0,2,2,0,3,NOT APPLICABLE,September,10,Sunday,9,0,Rural,High Speed (Arterial),No,25.76090556,-80.48133056,Simple Junction,Daylight,Clear,Unknown,Unknown,Unknown EMS Scene Arrival Hour,Unknown EMS Scene Arrival Minutes,Unknown,Unknown EMS Hospital Arrival Time,1,Daylight,Clear,1,2,['Driver'],['None_Used'],0,0,Valid,0.0,0.0,44.0,27.0,"['Male', 'Male']",0,0,3,4,5,Dry,Straight,Level,Lowest,No
9690,12,Florida,122266,1,1,1,0,1,RIVIERA BEACH,September,14,Thursday,20,50,Urban,Medium Speed (Collector),No,26.77581111,-80.055,Non-Intersection,Dark - Lighted,Clear,Unknown,Unknown,Unknown EMS Scene Arrival Hour,Unknown EMS Scene Arrival Minutes,Unknown,Unknown EMS Hospital Arrival Time,1,Dark - Lighted,Clear,0,1,[],[],0,0,Valid,0.0,0.0,77.0,77.0,['Male'],0,0,3,2,4,Dry,Straight,Level,Lowest,No
9691,12,Florida,122267,0,2,2,0,2,JACKSONVILLE,September,21,Thursday,16,0,Urban,High Speed (Arterial),Yes,30.29290556,-81.63804167,Simple Junction,Daylight,Clear,Unknown,Unknown,Unknown EMS Scene Arrival Hour,Unknown EMS Scene Arrival Minutes,Unknown,Unknown EMS Hospital Arrival Time,1,Daylight,Clear,1,1,['Driver'],['Shoulder_Lapbelt'],0,0,Invalid,0.0,1.0,30.0,20.0,"['Female', 'Male']",0,0,2,4,5,Dry,Straight,Level,Lowest,No
9692,12,Florida,122268,1,1,1,0,1,MIAMI GARDENS,September,14,Thursday,20,11,Urban,Low Speed (Local),No,25.96448056,-80.24916667,Non-Intersection,Dark - Not Lighted,Cloudy,Unknown,Unknown,Unknown EMS Scene Arrival Hour,Unknown EMS Scene Arrival Minutes,Unknown,Unknown EMS Hospital Arrival Time,1,Dark - Unlighted,Reduced Visibility,0,1,[],[],0,0,Valid,0.0,0.0,58.0,58.0,['Male'],0,0,3,3,4,Dry,Straight,Level,Lowest,No
9693,12,Florida,122269,0,3,3,0,4,NOT APPLICABLE,September,20,Wednesday,16,7,Urban,High Speed (Arterial),Yes,27.93258889,-82.33086667,Non-Intersection,Daylight,Clear,Unknown,Unknown,Unknown EMS Scene Arrival Hour,Unknown EMS Scene Arrival Minutes,Unknown,Unknown EMS Hospital Arrival Time,1,Daylight,Clear,1,3,['Driver'],['Shoulder_Lapbelt'],0,0,Valid,0.0,0.0,63.0,41.0,"['Male', 'Female', 'Male']",0,0,2,4,5,Dry,Straight,Level,Lowest,No
9694,12,Florida,122270,0,2,2,0,2,NOT APPLICABLE,September,18,Monday,13,27,Rural,Medium Speed (Collector),No,26.31444722,-81.43483333,Non-Intersection,Daylight,Cloudy,Unknown,Unknown,Unknown EMS Scene Arrival Hour,Officially Cancelled,Unknown,Officially Canceled,1,Daylight,Reduced Visibility,1,1,['Driver'],['None_Used'],0,0,Valid,0.0,0.0,59.0,49.0,"['Female', 'Female']",0,0,2,4,5,Dry,Curve,Level,Lowest,No
9695,12,Florida,122271,0,2,2,0,4,NOT APPLICABLE,September,23,Saturday,15,45,Urban,Medium Speed (Collector),No,27.73491944,-82.40346944,Simple Junction,Daylight,Clear,Unknown,Unknown,Unknown EMS Scene Arrival Hour,Unknown EMS Scene Arrival Minutes,Unknown,Unknown EMS Hospital Arrival Time,1,Daylight,Clear,1,3,['Driver'],['Shoulder_Lapbelt'],0,0,Valid,0.0,0.0,80.0,27.0,"['Male', 'Female']",0,0,2,4,5,Dry,Straight,Level,Lowest,No
9696,12,Florida,122272,1,1,1,0,1,NOT APPLICABLE,September,15,Friday,1,45,Rural,Medium Speed (Collector),No,28.04420278,-81.87228056,Non-Intersection,Dark - Not Lighted,Cloudy,Unknown,Unknown,Unknown EMS Scene Arrival Hour,Unknown EMS Scene Arrival Minutes,Unknown,Unknown EMS Hospital Arrival Time,1,Dark - Unlighted,Reduced Visibility,0,1,[],[],0,0,Invalid,0.0,0.0,43.0,43.0,['Male'],0,0,5,4,4,Dry,Straight,Level,Lowest,No
9697,12,Florida,122273,0,1,1,0,7,NOT APPLICABLE,September,23,Saturday,18,45,Urban,Low Speed (Local),No,28.02564444,-82.06316111,Non-Intersection,Dusk,Clear,Unknown,Unknown,Unknown EMS Scene Arrival Hour,Unknown EMS Scene Arrival Minutes,Unknown,Unknown EMS Hospital Arrival Time,6,Twilight,Clear,6,1,"['Driver', 'Front_Passenger', 'Front_Passenger', 'Front_Passenger', 'Front_Passenger', 'Front_Passenger']","['Shoulder_Lapbelt', 'Shoulder_Lapbelt', 'Shoulder_Lapbelt', 'Shoulder_Lapbelt', 'Shoulder_Lapbelt', 'Shoulder_Lapbelt']",0,0,Valid,0.0,0.0,52.0,52.0,['Male'],0,0,3,4,4,Dry,Straight,Grade/Hillcrest,Lowest,No
9698,12,Florida,122274,1,1,1,0,1,NOT APPLICABLE,September,10,Sunday,5,37,Urban,Medium Speed (Collector),No,28.34927222,-81.48986389,Non-Intersection,Dark - Not Lighted,Clear,Unknown,Unknown,Unknown EMS Scene Arrival Hour,Unknown EMS Scene Arrival Minutes,Not Applicable (Not Transported),Not Applicable (Not Transported),1,Dark - Unlighted,Clear,0,1,[],[],0,0,Valid,0.0,0.0,43.0,43.0,['Male'],0,0,3,3,4,Dry,Straight,Level,Lowest,No
9699,12,Florida,122275,0,2,2,0,3,NOT APPLICABLE,September,9,Saturday,16,48,Rural,High Speed (Arterial),Yes,27.35320833,-80.3258,Complex/Circle,Daylight,Clear,Unknown,Unknown,Unknown EMS Scene Arrival Hour,Unknown EMS Scene Arrival Minutes,Unknown,Unknown EMS Hospital Arrival Time,1,Daylight,Clear,1,2,['Driver'],['None_Used'],0,0,Valid,0.0,0.0,77.0,25.0,"['Male', 'Female']",0,0,5,4,5,Dry,Straight,Level,Lowest,No
9700,12,Florida,122276,1,1,1,0,1,NOT APPLICABLE,September,14,Thursday,19,41,Rural,Low Speed (Local),No,26.71629722,-81.41768333,Non-Intersection,Dusk,Clear,Unknown,Unknown,Unknown EMS Scene Arrival Hour,Unknown EMS Scene Arrival Minutes,Not Applicable (Not Transported),Not Applicable (Not Transported),1,Twilight,Clear,0,1,[],[],1,1,Invalid,1.0,1.0,28.0,28.0,['Male'],0,0,3,3,4,Dry,Straight,Level,Lowest,No
9701,12,Florida,122277,0,2,2,0,3,NOT APPLICABLE,September,15,Friday,17,45,Urban,High Speed (Arterial),Yes,28.81311944,-81.43641667,Non-Intersection,Daylight,Rain,Unknown,Unknown,Unknown EMS Scene Arrival Hour,Unknown EMS Scene Arrival Minutes,Unknown,Unknown EMS Hospital Arrival Time,1,Daylight,Rain/Wind/Minor,1,2,['Driver'],['None_Used'],0,0,Valid,0.0,0.0,49.0,42.0,"['Male', 'Male']",0,0,2,4,5,Wet/Standing Water,Straight,Level,Lowest,No
9702,12,Florida,122278,2,1,1,0,1,NOT APPLICABLE,September,11,Monday,7,35,Urban,Low Speed (Local),No,29.09999444,-82.06894444,Non-Intersection,Daylight,Clear,Unknown,Unknown,Unknown EMS Scene Arrival Hour,Unknown EMS Scene Arrival Minutes,Unknown,Unknown EMS Hospital Arrival Time,1,Daylight,Clear,0,1,[],[],0,0,Valid,0.0,0.0,28.0,28.0,['Male'],0,0,2,3,4,Dry,Straight,Grade/Hillcrest,Lowest,No
9703,12,Florida,122279,1,1,1,0,1,WEST MELBOURNE,September,22,Friday,0,34,Urban,Medium Speed (Collector),Yes,28.09920278,-80.68570833,Non-Intersection,Dark - Not Lighted,Clear,Unknown,Unknown,Unknown EMS Scene Arrival Hour,Unknown EMS Scene Arrival Minutes,Not Applicable (Not Transported),Not Applicable (Not Transported),1,Dark - Unlighted,Clear,0,1,[],[],0,0,Valid,2.0,0.0,37.0,37.0,['Male'],0,0,4,1,4,Dry,Straight,Level,Lowest,No
9704,12,Florida,122280,0,3,1,2,1,NOT APPLICABLE,September,21,Thursday,21,45,Urban,Medium Speed (Collector),No,26.61673333,-81.71048056,Non-Intersection,Dark - Not Lighted,Cloudy,Unknown,Unknown,Unknown EMS Scene Arrival Hour,Unknown EMS Scene Arrival Minutes,Not Applicable (Not Transported),Not Applicable (Not Transported),1,Dark - Unlighted,Reduced Visibility,1,0,['Driver'],['Shoulder_Lapbelt'],0,0,Valid,0.0,0.0,67.0,67.0,['Male'],0,0,2,4,5,Wet/Standing Water,Straight,Level,Lowest,No
9705,12,Florida,122281,1,2,2,0,5,NOT APPLICABLE,September,15,Friday,18,50,Urban,Medium Speed (Collector),No,25.84621667,-80.23565833,Complex/Circle,Daylight,Cloudy,Unknown,Unknown,Unknown EMS Scene Arrival Hour,Unknown EMS Scene Arrival Minutes,Unknown,Unknown EMS Hospital Arrival Time,1,Daylight,Reduced Visibility,0,5,[],[],0,0,Invalid,1.0,0.0,999.0,24.0,"['Other', 'Male']",0,0,3,4,5,Dry,Straight,Level,Lowest,No
9706,12,Florida,122282,1,1,1,0,1,OPA-LOCKA,September,24,Sunday,21,41,Urban,High Speed (Arterial),Yes,25.92300833,-80.24443333,Non-Intersection,Dark - Lighted,Clear,Unknown,Unknown,Unknown EMS Scene Arrival Hour,Unknown EMS Scene Arrival Minutes,Not Applicable (Not Transported),Not Applicable (Not Transported),1,Dark - Lighted,Clear,0,1,[],[],0,0,Valid,0.0,0.0,34.0,34.0,['Male'],0,0,2,3,4,Dry,Straight,Level,Lowest,No
9707,12,Florida,122283,0,1,1,0,1,NOT APPLICABLE,September,21,Thursday,4,0,Rural,High Speed (Arterial),Yes,27.48495,-80.50126944,Non-Intersection,Dark - Not Lighted,Clear,Unknown,Unknown,Unknown EMS Scene Arrival Hour,Unknown EMS Scene Arrival Minutes,Unknown,Unknown EMS Hospital Arrival Time,1,Dark - Unlighted,Clear,1,0,['Driver'],['Shoulder_Lapbelt'],0,0,Valid,1.0,0.0,43.0,43.0,['Male'],0,0,3,4,3,Dry,Straight,Level,Lowest,Yes
9708,12,Florida,122284,0,3,3,0,3,NOT APPLICABLE,September,12,Tuesday,20,17,Urban,Medium Speed (Collector),No,28.17943056,-81.84840833,Non-Intersection,Dark - Not Lighted,Cloudy,Unknown,Unknown,Unknown EMS Scene Arrival Hour,Unknown EMS Scene Arrival Minutes,Unknown,Unknown EMS Hospital Arrival Time,1,Dark - Unlighted,Reduced Visibility,1,2,['Driver'],['Shoulder_Lapbelt'],0,0,Valid,0.0,0.0,51.0,26.0,"['Male', 'Female', 'Male']",0,0,3,4,5,Dry,Straight,Level,Lowest,No
9709,12,Florida,122285,0,2,2,0,2,NOT APPLICABLE,September,19,Tuesday,6,50,Rural,Medium Speed (Collector),No,29.70715833,-82.07739444,Non-Intersection,Dark - Not Lighted,Cloudy,Unknown,Unknown,Unknown EMS Scene Arrival Hour,Unknown EMS Scene Arrival Minutes,Unknown,Unknown EMS Hospital Arrival Time,1,Dark - Unlighted,Reduced Visibility,1,1,['Driver'],['Shoulder_Lapbelt'],0,0,Invalid,1.0,1.0,49.0,42.0,"['Male', 'Female']",0,0,3,4,5,Dry,Curve,Level,Lowest,No
9710,12,Florida,122286,1,1,1,0,2,TAMPA,July,16,Sunday,10,5,Urban,High Speed (Arterial),Yes,27.95587778,-82.44423056,Non-Intersection,Daylight,Clear,Unknown,Unknown,Unknown EMS Scene Arrival Hour,Unknown EMS Scene Arrival Minutes,Unknown,Unknown EMS Hospital Arrival Time,1,Daylight,Clear,0,2,[],[],0,0,Invalid,0.0,0.0,21.0,21.0,['Male'],0,0,2,3,4,Dry,Straight,Level,Lowest,No
9711,12,Florida,122287,1,1,1,0,1,NOT APPLICABLE,September,14,Thursday,21,4,Urban,High Speed (Arterial),Yes,28.59348056,-81.20833056,Complex/Circle,Dark - Lighted,Clear,Unknown,Unknown,Unknown EMS Scene Arrival Hour,Unknown EMS Scene Arrival Minutes,Unknown,Unknown EMS Hospital Arrival Time,1,Dark - Lighted,Clear,0,1,[],[],0,0,Valid,0.0,1.0,30.0,30.0,['Male'],0,0,2,3,4,Dry,Straight,Level,Lowest,No
9712,12,Florida,122288,1,2,2,0,2,NOT APPLICABLE,September,15,Friday,6,55,Rural,Medium Speed (Collector),No,29.467725,-81.35153056,Non-Intersection,Dawn,"Fog, Smog, Smoke",Unknown,Unknown,Unknown EMS Scene Arrival Hour,Unknown EMS Scene Arrival Minutes,Not Applicable (Not Transported),Not Applicable (Not Transported),1,Twilight,Reduced Visibility,0,2,[],[],0,0,Valid,0.0,0.0,62.0,34.0,"['Female', 'Female']",0,0,3,4,4,Dry,Straight,Level,Lowest,No
9713,12,Florida,122289,1,2,2,0,2,MIMS,September,21,Thursday,15,25,Urban,High Speed (Arterial),Yes,28.71979167,-80.86317222,Non-Intersection,Daylight,Clear,Unknown,Unknown,Unknown EMS Scene Arrival Hour,Unknown EMS Scene Arrival Minutes,Not Applicable (Not Transported),Not Applicable (Not Transported),1,Daylight,Clear,0,2,[],[],0,0,Valid,0.0,0.0,49.0,29.0,"['Male', 'Female']",0,0,3,3,5,Dry,Straight,Level,Lowest,No
9714,12,Florida,122290,0,2,2,0,2,HIALEAH,September,24,Sunday,22,35,Urban,High Speed (Arterial),Yes,25.86364722,-80.26666944,Complex/Circle,Dark - Lighted,Clear,Unknown,Unknown,Unknown EMS Scene Arrival Hour,Unknown EMS Scene Arrival Minutes,Unknown,Unknown EMS Hospital Arrival Time,1,Dark - Lighted,Clear,1,1,['Driver'],['None_Used'],0,0,Valid,0.0,1.0,65.0,44.0,"['Male', 'Male']",0,0,5,4,5,Dry,Straight,Level,Lowest,No
9715,12,Florida,122291,0,1,1,0,1,NOT APPLICABLE,September,25,Monday,7,58,Urban,Medium Speed (Collector),No,27.03114444,-82.05597222,Non-Intersection,Daylight,Clear,Unknown,Unknown,Unknown EMS Scene Arrival Hour,Unknown EMS Scene Arrival Minutes,Not Applicable (Not Transported),Not Applicable (Not Transported),1,Daylight,Clear,1,0,['Driver'],['None_Used'],0,0,Valid,0.0,0.0,87.0,87.0,['Male'],0,0,3,4,2,Dry,Curve,Level,Lowest,No
9716,12,Florida,122292,0,1,1,0,2,LOXAHATCHEE GROVES,September,24,Sunday,7,44,Rural,Low Speed (Local),No,26.76520833,-80.33731667,Complex/Circle,Dark - Not Lighted,Clear,Unknown,Unknown,Unknown EMS Scene Arrival Hour,Unknown EMS Scene Arrival Minutes,Not Applicable (Not Transported),Not Applicable (Not Transported),2,Dark - Unlighted,Clear,2,0,"['Driver', 'Front_Passenger']","['None_Used', 'None_Used']",0,0,Valid,0.0,1.0,19.0,19.0,['Female'],0,0,3,4,2,Dry,Curve,Level,Lowest,No
9717,12,Florida,122294,0,2,1,1,1,CAPE CORAL,September,22,Friday,19,54,Urban,Medium Speed (Collector),No,26.66611389,-81.98540556,Non-Intersection,Dark - Not Lighted,Clear,Unknown,Unknown,Unknown EMS Scene Arrival Hour,Unknown EMS Scene Arrival Minutes,Unknown,Unknown EMS Hospital Arrival Time,1,Dark - Unlighted,Clear,1,0,['Driver'],['None_Used'],0,0,Valid,0.0,0.0,40.0,40.0,['Male'],1,0,5,4,5,Dry,Straight,Level,Lowest,No
9718,12,Florida,122295,0,3,1,2,1,ORMOND BEACH,September,23,Saturday,17,11,Urban,High Speed (Arterial),Yes,29.28927778,-81.06615556,Non-Intersection,Daylight,Clear,Unknown,Unknown,Unknown EMS Scene Arrival Hour,Unknown EMS Scene Arrival Minutes,Not Applicable (Not Transported),Not Applicable (Not Transported),1,Daylight,Clear,1,0,['Driver'],['None_Used'],1,1,Valid,0.0,0.0,51.0,51.0,['Male'],1,0,5,4,5,Dry,Curve,Level,Lowest,No
9719,12,Florida,122296,1,1,1,0,1,ORLANDO,September,19,Tuesday,10,54,Urban,Low Speed (Local),No,28.54367222,-81.407275,Non-Intersection,Daylight,Clear,Unknown,Unknown,Unknown EMS Scene Arrival Hour,Unknown EMS Scene Arrival Minutes,Unknown,Unknown EMS Hospital Arrival Time,1,Daylight,Clear,0,1,[],[],0,0,Valid,0.0,0.0,65.0,65.0,['Male'],0,0,4,2,4,Dry,Straight,Level,Lowest,No
9720,12,Florida,122297,0,2,2,0,4,TAMPA,September,20,Wednesday,2,25,Urban,Medium Speed (Collector),No,27.965875,-82.40528889,Complex/Circle,Dark - Lighted,Clear,Unknown,Unknown,Unknown EMS Scene Arrival Hour,Unknown EMS Scene Arrival Minutes,Unknown,Unknown EMS Hospital Arrival Time,1,Dark - Lighted,Clear,1,3,['Front_Passenger'],['None_Used'],1,1,Invalid,0.0,0.0,48.0,20.0,"['Female', 'Female']",0,0,4,4,5,Dry,Straight,Level,Lowest,No
9721,12,Florida,122298,3,2,1,1,3,NOT APPLICABLE,September,17,Sunday,3,42,Urban,Medium Speed (Collector),No,28.60863056,-81.41320556,Non-Intersection,Dark - Lighted,Clear,Unknown,Unknown,Unknown EMS Scene Arrival Hour,Unknown EMS Scene Arrival Minutes,Unknown,Unknown EMS Hospital Arrival Time,1,Dark - Lighted,Clear,0,3,[],[],0,0,Invalid,0.0,0.0,20.0,20.0,['Male'],0,0,3,4,3,Dry,Straight,Level,Lowest,No
9722,12,Florida,122299,1,1,1,0,1,HAINES CITY,September,19,Tuesday,5,35,Urban,High Speed (Arterial),Yes,28.14841389,-81.63867778,Non-Intersection,Dark - Not Lighted,Clear,Unknown,Unknown,Unknown EMS Scene Arrival Hour,Unknown EMS Scene Arrival Minutes,Not Applicable (Not Transported),Not Applicable (Not Transported),1,Dark - Unlighted,Clear,0,1,[],[],0,0,Valid,0.0,0.0,24.0,24.0,['Male'],0,0,2,4,4,Dry,Curve,Level,Lowest,No
9723,12,Florida,122301,1,1,1,0,1,NOT APPLICABLE,September,18,Monday,23,0,Rural,Low Speed (Local),No,29.61463056,-82.39143056,Non-Intersection,Dark - Lighted,Clear,Unknown,Unknown,Unknown EMS Scene Arrival Hour,Unknown EMS Scene Arrival Minutes,Unknown,Unknown EMS Hospital Arrival Time,1,Dark - Lighted,Clear,0,1,[],[],0,0,Valid,1.0,1.0,21.0,21.0,['Female'],0,0,2,4,4,Dry,Straight,Level,Lowest,No
9724,12,Florida,122303,0,1,1,0,1,KISSIMMEE,August,25,Friday,4,50,Urban,High Speed (Arterial),Yes,28.30446389,-81.40748056,Non-Intersection,Dark - Lighted,Clear,Unknown,Unknown,Unknown EMS Scene Arrival Hour,Unknown EMS Scene Arrival Minutes,Not Applicable (Not Transported),Not Applicable (Not Transported),1,Dark - Lighted,Clear,1,0,['Driver'],['None_Used'],1,1,Valid,0.0,0.0,22.0,22.0,['Male'],1,0,5,4,3,Dry,Straight,Level,Lowest,No
9725,12,Florida,122304,0,3,2,1,2,NOT APPLICABLE,September,17,Sunday,22,9,Urban,Medium Speed (Collector),No,28.5286,-82.58935833,Simple Junction,Dark - Not Lighted,Clear,Unknown,Unknown,Unknown EMS Scene Arrival Hour,Unknown EMS Scene Arrival Minutes,Unknown,Unknown EMS Hospital Arrival Time,1,Dark - Unlighted,Clear,1,1,['Driver'],['None_Used'],0,0,Valid,0.0,0.0,57.0,18.0,"['Female', 'Male']",0,0,5,4,5,Dry,Straight,Level,Lowest,No
9726,12,Florida,122305,0,1,1,0,1,NOT APPLICABLE,September,11,Monday,23,9,Urban,High Speed (Arterial),Yes,29.02807222,-81.27163611,Non-Intersection,Dark - Not Lighted,Cloudy,Unknown,Unknown,Unknown EMS Scene Arrival Hour,Unknown EMS Scene Arrival Minutes,Unknown,Unknown EMS Hospital Arrival Time,1,Dark - Unlighted,Reduced Visibility,1,0,['Driver'],['Shoulder_Lapbelt'],1,1,Valid,0.0,0.0,56.0,56.0,['Male'],0,0,2,4,2,Wet/Standing Water,Curve,Level,Lowest,No
9727,12,Florida,122306,1,1,1,0,1,JACKSONVILLE,September,1,Friday,7,0,Urban,Medium Speed (Collector),No,30.27732778,-81.75541944,Simple Junction,Dawn,Cloudy,Unknown,Unknown,Unknown EMS Scene Arrival Hour,Unknown EMS Scene Arrival Minutes,Unknown,Unknown EMS Hospital Arrival Time,1,Twilight,Reduced Visibility,0,1,[],[],0,0,Valid,0.0,3.0,30.0,30.0,['Female'],0,0,2,3,4,Dry,Straight,Level,Lowest,No
9728,12,Florida,122307,0,1,1,0,2,NOT APPLICABLE,September,16,Saturday,4,22,Urban,Medium Speed (Collector),Yes,27.82130278,-82.66485556,Non-Intersection,Dark - Lighted,Clear,Unknown,Unknown,Unknown EMS Scene Arrival Hour,Unknown EMS Scene Arrival Minutes,Unknown,Unknown EMS Hospital Arrival Time,1,Dark - Lighted,Clear,1,1,['Front_Passenger'],['Shoulder_Lapbelt'],0,0,Invalid,0.0,0.0,36.0,36.0,['Female'],0,0,2,4,3,Dry,Curve,Level,Lowest,No