,State_Code,State_Name,Crash_ID,Count_Non_Motorists,Count_Vehicles_Total,Count_Vehicle_Forms,Count_PVH_Involved,Count_Occupants_MV,City_Name,Month_Name,Day_of_Month,Day_of_Week,Crash_Hour,Crash_Minute,Area_Rural_Urban,Road_Functional_Class,On_NHS_Road,Latitude,Longitude,Intersection_Type,Light_Condition,Weather_Condition,Notif_Hour,Notif_Minute,Arrival_Hour,Arrival_Minute,Hospital_Hour,Hospital_Minute,Fatalities_Count,Clean_Light_Condition,Clean_Weather_Condition,Total_Killed,Total_Alive,Fatal_Seats_List,Killed_Restraint_List,Any_Driver_Drinking,Total_Drinking_Drivers,Driver_License_Category,Driver_Max_Prev_Accident_Count,Driver_Max_Prev_Speeding_Count,Max_Driver_Age,Min_Driver_Age,Driver_Sex_List,Total_Exceeding_Limit_Vehicles,Total_Too_Fast_Vehicles,Max_Vehicle_Type_Severity_5,Max_Vehicle_Damage_Rank,Max_Harmful_Event_Severity,Crash_Road_Surface_Condition,Crash_Horizontal_Alignment,Crash_Vertical_Profile,Crash_Impairment_Category,Crash_Vehicle_Defect
9729,12,Florida,122308,1,1,1,0,2,NOT APPLICABLE,September,24,Sunday,14,18,Rural,Medium Speed (Collector),No,30.11408333,-82.65790833,Simple Junction,Daylight,Cloudy,Unknown,Unknown,Unknown EMS Scene Arrival Hour,Unknown EMS Scene Arrival Minutes,Unknown,Unknown EMS Hospital Arrival Time,1,Daylight,Reduced Visibility,0,2,[],[],0,0,Valid,0.0,0.0,30.0,30.0,['Male'],0,0,3,2,4,Dry,Straight,Grade/Hillcrest,Lowest,No
9730,12,Florida,122309,0,1,1,0,1,ORLANDO,September,27,Wednesday,20,45,Urban,High Speed (Arterial),Yes,28.47369167,-81.45529722,Non-Intersection,Dark - Lighted,Rain,Unknown,Unknown,Unknown EMS Scene Arrival Hour,Unknown EMS Scene Arrival Minutes,Unknown,Unknown EMS Hospital Arrival Time,1,Dark - Lighted,Rain/Wind/Minor,1,0,['Driver'],['Shoulder_Lapbelt'],0,0,Valid,0.0,0.0,59.0,59.0,['Male'],0,0,3,2,3,Wet/Standing Water,Straight,Level,Lowest,No
9731,12,Florida,122310,1,1,1,0,2,NOT APPLICABLE,September,28,Thursday,0,26,Urban,Medium Speed (Collector),No,28.07585,-81.99158611,Non-Intersection,Dark - Lighted,Clear,Unknown,Unknown,Unknown EMS Scene Arrival Hour,Unknown EMS Scene Arrival Minutes,Not Applicable (Not Transported),Not Applicable (Not Transported),1,Dark - Lighted,Clear,0,2,[],[],0,0,Valid,0.0,0.0,19.0,19.0,['Male'],0,0,2,3,4,Dry,Straight,Grade/Hillcrest,Lowest,No
9732,12,Florida,122311,1,2,2,0,2,MULBERRY,September,11,Monday,20,47,Rural,High Speed (Arterial),Yes,27.89799722,-81.99816667,Complex/Circle,Dark - Not Lighted,Cloudy,Unknown,Unknown,Unknown EMS Scene Arrival Hour,Unknown EMS Scene Arrival Minutes,Unknown,Unknown EMS Hospital Arrival Time,1,Dark - Unlighted,Reduced Visibility,0,2,[],[],0,0,Valid,0.0,0.0,32.0,29.0,"['Male', 'Female']",0,0,3,3,4,Dry,Straight,Level,Lowest,No
9733,12,Florida,122312,0,2,2,0,3,JACKSONVILLE,September,19,Tuesday,12,12,Urban,Medium Speed (Collector),No,30.31601944,-81.83336111,Non-Intersection,Daylight,Clear,Unknown,Unknown,Unknown EMS Scene Arrival Hour,Unknown EMS Scene Arrival Minutes,Not Applicable (Not Transported),Not Applicable (Not Transported),1,Daylight,Clear,1,2,['Driver'],['None_Used'],0,0,Valid,0.0,0.0,39.0,23.0,"['Male', 'Male']",0,0,5,4,5,Dry,Straight,Level,Lowest,No
9734,12,Florida,122313,1,1,1,0,1,DEERFIELD BEACH,September,23,Saturday,20,23,Urban,Medium Speed (Collector),No,26.27736389,-80.11946111,Non-Intersection,Dark - Lighted,Cloudy,Unknown,Unknown,Unknown EMS Scene Arrival Hour,Unknown EMS Scene Arrival Minutes,Unknown,Unknown EMS Hospital Arrival Time,1,Dark - Lighted,Reduced Visibility,0,1,[],[],0,0,Valid,0.0,3.0,24.0,24.0,['Male'],0,0,2,3,4,Wet/Standing Water,Straight,Level,Lowest,No
9735,12,Florida,122314,0,2,2,0,2,NOT APPLICABLE,November,28,Tuesday,17,27,Urban,High Speed (Arterial),Yes,30.10278611,-83.6133,Non-Intersection,Daylight,Clear,Unknown,Unknown,Unknown EMS Scene Arrival Hour,Unknown EMS Scene Arrival Minutes,Unknown,Unknown EMS Hospital Arrival Time,1,Daylight,Clear,1,1,['Driver'],['None_Used'],0,0,Valid,0.0,0.0,87.0,64.0,"['Female', 'Female']",0,0,4,4,5,Dry,Straight,Level,Lowest,No
9736,12,Florida,122315,0,2,2,0,2,WEST MELBOURNE,September,21,Thursday,9,10,Urban,High Speed (Arterial),Yes,28.06113611,-80.67072778,Simple Junction,Daylight,Clear,Unknown,Unknown,Unknown EMS Scene Arrival Hour,Unknown EMS Scene Arrival Minutes,Unknown,Unknown EMS Hospital Arrival Time,1,Daylight,Clear,1,1,['Driver'],['None_Used'],0,0,Valid,0.0,0.0,60.0,31.0,"['Female', 'Male']",0,0,5,4,5,Dry,Straight,Level,Lowest,No
9737,12,Florida,122316,1,1,1,0,1,NOT APPLICABLE,September,21,Thursday,7,48,Rural,Low Speed (Local),No,26.78471111,-81.75712778,Non-Intersection,Daylight,Clear,Unknown,Unknown,Unknown EMS Scene Arrival Hour,Unknown EMS Scene Arrival Minutes,Unknown,Unknown EMS Hospital Arrival Time,1,Daylight,Clear,0,1,[],[],0,0,Valid,0.0,0.0,46.0,46.0,['Female'],0,0,3,2,4,Dry,Straight,Level,Lowest,No
9738,12,Florida,122317,0,1,1,0,1,WEST PALM BEACH,October,3,Tuesday,3,54,Urban,High Speed (Arterial),No,26.69093333,-80.08704722,Complex/Circle,Dark - Lighted,Clear,Unknown,Unknown,Unknown EMS Scene Arrival Hour,Unknown EMS Scene Arrival Minutes,Not Applicable (Not Transported),Not Applicable (Not Transported),1,Dark - Lighted,Clear,1,0,['Driver'],['None_Used'],1,1,Invalid,1.0,2.0,23.0,23.0,['Male'],0,0,2,4,3,Dry,Straight,Level,Lowest,No
9739,12,Florida,122318,0,1,1,0,1,NOT APPLICABLE,September,19,Tuesday,21,9,Urban,Medium Speed (Collector),No,25.56388611,-80.33621944,Non-Intersection,Dark - Lighted,Rain,Unknown,Unknown,Unknown EMS Scene Arrival Hour,Unknown EMS Scene Arrival Minutes,Not Applicable (Not Transported),Not Applicable (Not Transported),1,Dark - Lighted,Rain/Wind/Minor,1,0,['Driver'],['None_Used'],0,0,Valid,0.0,0.0,31.0,31.0,['Female'],0,0,2,4,3,Wet/Standing Water,Straight,Level,Lowest,No
9740,12,Florida,122319,1,1,1,0,1,NOT APPLICABLE,October,1,Sunday,20,38,Urban,High Speed (Arterial),Yes,27.57077778,-81.81613889,Non-Intersection,Dark - Not Lighted,Clear,Unknown,Unknown,Unknown EMS Scene Arrival Hour,Unknown EMS Scene Arrival Minutes,Unknown,Unknown EMS Hospital Arrival Time,1,Dark - Unlighted,Clear,0,1,[],[],0,0,Valid,0.0,0.0,21.0,21.0,['Male'],0,0,3,3,4,Dry,Straight,Level,Lowest,No
9741,12,Florida,122320,0,3,3,0,5,NOT APPLICABLE,October,2,Monday,6,10,Rural,High Speed (Arterial),Yes,26.16841111,-80.84033056,Non-Intersection,Dark - Not Lighted,Rain,Unknown,Unknown,Unknown EMS Scene Arrival Hour,Unknown EMS Scene Arrival Minutes,Not Applicable (Not Transported),Not Applicable (Not Transported),1,Dark - Unlighted,Rain/Wind/Minor,1,4,['Driver'],['Shoulder_Lapbelt'],0,0,Valid,0.0,0.0,55.0,27.0,"['Male', 'Male', 'Male']",0,0,3,4,5,Wet/Standing Water,Straight,Level,Lowest,No
9742,12,Florida,122321,0,2,2,0,2,NOT APPLICABLE,September,22,Friday,12,50,Urban,Medium Speed (Collector),No,26.24001667,-81.75260278,Simple Junction,Daylight,Clear,Unknown,Unknown,Unknown EMS Scene Arrival Hour,Unknown EMS Scene Arrival Minutes,Unknown,Unknown EMS Hospital Arrival Time,1,Daylight,Clear,1,1,['Driver'],['None_Used'],0,0,Valid,0.0,0.0,60.0,34.0,"['Male', 'Male']",1,0,5,4,5,Dry,Straight,Level,Lowest,No
9743,12,Florida,122323,0,1,1,0,5,NOT APPLICABLE,September,23,Saturday,18,59,Rural,Low Speed (Local),No,30.73251944,-85.57980833,Non-Intersection,Dark - Not Lighted,Clear,Unknown,Unknown,Unknown EMS Scene Arrival Hour,Unknown EMS Scene Arrival Minutes,Unknown,Unknown EMS Hospital Arrival Time,1,Dark - Unlighted,Clear,1,4,['Driver'],['None_Used'],0,0,Valid,0.0,0.0,16.0,16.0,['Male'],0,0,3,4,3,Dry,Straight,Level,Lowest,No
9744,12,Florida,122324,0,1,1,0,1,NOT APPLICABLE,September,26,Tuesday,1,35,Urban,High Speed (Arterial),No,26.60825,-81.75594167,Simple Junction,Dark - Lighted,Cloudy,Unknown,Unknown,Unknown EMS Scene Arrival Hour,Unknown EMS Scene Arrival Minutes,Not Applicable (Not Transported),Not Applicable (Not Transported),1,Dark - Lighted,Reduced Visibility,1,0,['Driver'],['Shoulder_Lapbelt'],1,1,Valid,0.0,0.0,43.0,43.0,['Male'],0,0,3,4,3,Wet/Standing Water,Straight,Level,Lowest,No
9745,12,Florida,122325,1,1,1,0,1,OLDSMAR,September,29,Friday,23,50,Urban,High Speed (Arterial),Yes,28.03485833,-82.65230833,Non-Intersection,Dark - Lighted,Clear,Unknown,Unknown,Unknown EMS Scene Arrival Hour,Unknown EMS Scene Arrival Minutes,Unknown,Unknown EMS Hospital Arrival Time,1,Dark - Lighted,Clear,0,1,[],[],0,0,Valid,0.0,0.0,68.0,68.0,['Female'],0,0,2,2,4,Dry,Straight,Level,Lowest,No
9746,12,Florida,122326,0,1,1,0,1,NOT APPLICABLE,October,1,Sunday,11,20,Urban,Medium Speed (Collector),No,30.54565,-87.32896944,Non-Intersection,Daylight,Clear,Unknown,Unknown,Unknown EMS Scene Arrival Hour,Unknown EMS Scene Arrival Minutes,Not Applicable (Not Transported),Not Applicable (Not Transported),1,Daylight,Clear,1,0,['Driver'],['None_Used'],1,1,Invalid,0.0,0.0,32.0,32.0,['Male'],0,0,2,4,2,Dry,Straight,Level,Lowest,No
9747,12,Florida,122327,0,2,2,0,4,NOT APPLICABLE,October,2,Monday,0,7,Urban,Medium Speed (Collector),No,27.89375278,-82.335,Complex/Circle,Dark - Not Lighted,Cloudy,Unknown,Unknown,Unknown EMS Scene Arrival Hour,Unknown EMS Scene Arrival Minutes,Unknown,Unknown EMS Hospital Arrival Time,1,Dark - Unlighted,Reduced Visibility,1,3,['Rear_Seat'],['None_Used'],0,0,Valid,0.0,0.0,35.0,33.0,"['Male', 'Male']",0,0,5,4,5,Dry,Straight,Level,Lowest,No
9748,12,Florida,122328,0,2,2,0,3,NOT APPLICABLE,October,3,Tuesday,17,23,Urban,High Speed (Arterial),Yes,30.50152222,-84.23609444,Non-Intersection,Daylight,Clear,Unknown,Unknown,Unknown EMS Scene Arrival Hour,Unknown EMS Scene Arrival Minutes,Unknown,Unknown EMS Hospital Arrival Time,1,Daylight,Clear,1,2,['Front_Passenger'],['None_Used'],0,0,Valid,0.0,0.0,58.0,53.0,"['Male', 'Male']",0,0,4,4,5,Dry,Straight,Grade/Hillcrest,Lowest,No
9749,12,Florida,122329,0,1,1,0,1,PALM COAST,October,2,Monday,1,5,Urban,High Speed (Arterial),Yes,29.55711389,-81.22052222,Non-Intersection,Dark - Lighted,Cloudy,Unknown,Unknown,Unknown EMS Scene Arrival Hour,Unknown EMS Scene Arrival Minutes,Not Applicable (Not Transported),Not Applicable (Not Transported),1,Dark - Lighted,Reduced Visibility,1,0,['Driver'],['None_Used'],1,1,Valid,1.0,1.0,22.0,22.0,['Male'],0,0,2,4,3,Wet/Standing Water,Curve,Level,Lowest,No
9750,12,Florida,122330,0,1,1,0,2,NOT APPLICABLE,September,17,Sunday,3,40,Rural,Low Speed (Local),No,25.44684722,-80.51757222,Non-Intersection,Dark - Not Lighted,Clear,Unknown,Unknown,Unknown EMS Scene Arrival Hour,Unknown EMS Scene Arrival Minutes,Unknown,Unknown EMS Hospital Arrival Time,1,Dark - Unlighted,Clear,1,1,['Driver'],['None_Used'],0,0,Invalid,0.0,0.0,998.0,998.0,['Other'],0,0,3,4,3,Dry,Straight,Level,Lowest,No
9751,12,Florida,122331,0,2,2,0,2,NOT APPLICABLE,October,1,Sunday,15,9,Rural,Medium Speed (Collector),No,30.02858056,-82.35969167,Non-Intersection,Daylight,Clear,Unknown,Unknown,Unknown EMS Scene Arrival Hour,Unknown EMS Scene Arrival Minutes,Unknown,Unknown EMS Hospital Arrival Time,1,Daylight,Clear,1,1,['Driver'],['None_Used'],0,0,Valid,1.0,1.0,38.0,20.0,"['Male', 'Male']",0,0,3,4,5,Dry,Straight,Level,Lowest,No
9752,12,Florida,122332,0,2,2,0,3,PORT ORANGE,September,29,Friday,15,40,Urban,High Speed (Arterial),Yes,29.13003333,-81.00647222,Non-Intersection,Daylight,Cloudy,Unknown,Unknown,Unknown EMS Scene Arrival Hour,Officially Cancelled,Unknown,Officially Canceled,1,Daylight,Reduced Visibility,1,2,['Driver'],['None_Used'],0,0,Valid,0.0,1.0,63.0,20.0,"['Female', 'Male']",0,0,5,4,5,Dry,Straight,Level,Lowest,No
9753,12,Florida,122333,0,2,2,0,3,DELAND,September,26,Tuesday,18,20,Urban,Medium Speed (Collector),No,28.9924,-81.27356389,Complex/Circle,Daylight,Rain,Unknown,Unknown,Unknown EMS Scene Arrival Hour,Unknown EMS Scene Arrival Minutes,Unknown,Unknown EMS Hospital Arrival Time,1,Daylight,Rain/Wind/Minor,1,2,['Front_Passenger'],['Shoulder_Lapbelt'],0,0,Valid,1.0,1.0,21.0,17.0,"['Male', 'Female']",0,0,2,4,5,Wet/Standing Water,Straight,Level,Lowest,No
9754,12,Florida,122334,0,2,2,0,4,MIAMI,September,30,Saturday,5,15,Urban,High Speed (Arterial),Yes,25.78621111,-80.26420833,Complex/Circle,Dark - Lighted,Clear,Unknown,Unknown,Unknown EMS Scene Arrival Hour,Unknown EMS Scene Arrival Minutes,Unknown,Unknown EMS Hospital Arrival Time,1,Dark - Lighted,Clear,1,3,['Driver'],['Shoulder_Lapbelt'],0,0,Valid,1.0,0.0,62.0,36.0,"['Male', 'Female']",0,0,3,4,5,Dry,Straight,Level,Lowest,No
9755,12,Florida,122335,0,2,2,0,5,NOT APPLICABLE,September,26,Tuesday,19,47,Rural,High Speed (Arterial),Yes,27.29093333,-82.05389722,Non-Intersection,Dark - Not Lighted,Clear,Unknown,Unknown,Unknown EMS Scene Arrival Hour,Unknown EMS Scene Arrival Minutes,Unknown,Unknown EMS Hospital Arrival Time,1,Dark - Unlighted,Clear,1,4,['Driver'],['Shoulder_Lapbelt'],0,0,Valid,1.0,0.0,50.0,45.0,"['Male', 'Female']",0,0,3,4,5,Dry,Straight,Level,Lowest,No
9756,12,Florida,122336,2,1,1,0,1,NOT APPLICABLE,September,30,Saturday,20,8,Urban,High Speed (Arterial),Yes,28.33190278,-82.59665278,Non-Intersection,Dark - Not Lighted,Clear,Unknown,Unknown,Unknown EMS Scene Arrival Hour,Unknown EMS Scene Arrival Minutes,Unknown,Unknown EMS Hospital Arrival Time,1,Dark - Unlighted,Clear,0,1,[],[],0,0,Invalid,1.0,0.0,27.0,27.0,['Male'],0,0,2,4,4,Dry,Straight,Level,Lowest,No
9757,12,Florida,122337,1,1,1,0,1,NOT APPLICABLE,September,22,Friday,21,29,Urban,High Speed (Arterial),Yes,28.35251111,-81.5273,Non-Intersection,Dark - Not Lighted,Cloudy,Unknown,Unknown,Unknown EMS Scene Arrival Hour,Unknown EMS Scene Arrival Minutes,Unknown,Unknown EMS Hospital Arrival Time,1,Dark - Unlighted,Reduced Visibility,0,1,[],[],0,0,Valid,0.0,1.0,27.0,27.0,['Male'],0,0,3,3,4,Dry,Straight,Level,Lowest,No
9758,12,Florida,122338,1,1,1,0,1,NOT APPLICABLE,September,22,Friday,19,41,Urban,High Speed (Arterial),Yes,28.5553,-81.11186944,Complex/Circle,Dark - Not Lighted,Clear,Unknown,Unknown,Unknown EMS Scene Arrival Hour,Unknown EMS Scene Arrival Minutes,Unknown,Unknown EMS Hospital Arrival Time,1,Dark - Unlighted,Clear,0,1,[],[],0,0,Valid,0.0,0.0,78.0,78.0,['Male'],0,0,3,3,4,Dry,Straight,Level,Lowest,No
9759,12,Florida,122339,0,2,2,0,2,NOT APPLICABLE,September,24,Sunday,19,52,Urban,Medium Speed (Collector),No,29.91465556,-81.30785833,Simple Junction,Dark - Lighted,Clear,Unknown,Unknown,Unknown EMS Scene Arrival Hour,Unknown EMS Scene Arrival Minutes,Not Applicable (Not Transported),Not Applicable (Not Transported),1,Dark - Lighted,Clear,1,1,['Driver'],['None_Used'],0,0,Valid,0.0,1.0,30.0,26.0,"['Male', 'Male']",1,0,5,4,5,Dry,Straight,Level,Lowest,No
9760,12,Florida,122340,0,2,2,0,2,NOT APPLICABLE,September,21,Thursday,9,31,Urban,High Speed (Arterial),Yes,25.61631667,-80.37855833,Non-Intersection,Daylight,Clear,Unknown,Unknown,Unknown EMS Scene Arrival Hour,Unknown EMS Scene Arrival Minutes,Unknown,Unknown EMS Hospital Arrival Time,1,Daylight,Clear,1,1,['Driver'],['Shoulder_Lapbelt'],0,0,Valid,1.0,0.0,80.0,56.0,"['Male', 'Male']",0,0,3,4,5,Dry,Straight,Level,Lowest,No
9761,12,Florida,122341,0,2,2,0,2,Other,September,26,Tuesday,13,37,Urban,High Speed (Arterial),Yes,30.15016944,-81.75325,Complex/Circle,Daylight,Cloudy,Unknown,Unknown,Unknown EMS Scene Arrival Hour,Unknown EMS Scene Arrival Minutes,Unknown,Unknown EMS Hospital Arrival Time,1,Daylight,Reduced Visibility,1,1,['Driver'],['None_Used'],0,0,Invalid,0.0,1.0,46.0,18.0,"['Female', 'Male']",0,0,3,4,5,Dry,Straight,Level,Lowest,No
9762,12,Florida,122342,0,1,1,0,1,NOT APPLICABLE,September,21,Thursday,20,54,Urban,Low Speed (Local),No,28.36096111,-82.70668056,Non-Intersection,Dark - Lighted,Clear,Unknown,Unknown,Unknown EMS Scene Arrival Hour,Unknown EMS Scene Arrival Minutes,Unknown,Unknown EMS Hospital Arrival Time,1,Dark - Lighted,Clear,1,0,['Driver'],['None_Used'],0,0,Valid,0.0,0.0,59.0,59.0,['Male'],0,0,3,4,3,Dry,Curve,Level,Lowest,No
9763,12,Florida,122343,1,1,1,0,1,TAMARAC,October,1,Sunday,22,54,Urban,High Speed (Arterial),Yes,26.186275,-80.18754722,Simple Junction,Dark - Lighted,Clear,Unknown,Unknown,Unknown EMS Scene Arrival Hour,Unknown EMS Scene Arrival Minutes,Not Applicable (Not Transported),Not Applicable (Not Transported),1,Dark - Lighted,Clear,0,0,[],[],0,0,Invalid,0.0,0.0,998.0,998.0,['Other'],0,0,1,0,4,Dry,Straight,Level,Lowest,No
9764,12,Florida,122344,1,1,1,0,2,JACKSONVILLE,October,2,Monday,19,43,Urban,Low Speed (Local),No,30.26263889,-81.62362222,Simple Junction,Dark - Lighted,Clear,Unknown,Unknown,Unknown EMS Scene Arrival Hour,Unknown EMS Scene Arrival Minutes,Unknown,Unknown EMS Hospital Arrival Time,1,Dark - Lighted,Clear,0,2,[],[],0,0,Invalid,0.0,0.0,40.0,40.0,['Male'],0,0,3,1,4,Dry,Straight,Level,Lowest,No
9765,12,Florida,122345,0,1,1,0,2,NOT APPLICABLE,September,29,Friday,0,30,Urban,Medium Speed (Collector),No,27.29746389,-82.5141,Non-Intersection,Dark - Lighted,Clear,Unknown,Unknown,Unknown EMS Scene Arrival Hour,Unknown EMS Scene Arrival Minutes,Unknown,Unknown EMS Hospital Arrival Time,1,Dark - Lighted,Clear,1,1,['Front_Passenger'],['None_Used'],0,0,Invalid,0.0,0.0,21.0,21.0,['Male'],0,0,2,4,3,Dry,Straight,Level,Lowest,No
9766,12,Florida,122346,1,1,1,0,1,FORT MYERS,September,24,Sunday,3,0,Urban,High Speed (Arterial),Yes,26.65418056,-81.88018611,Non-Intersection,Dark - Unknown Lighting,Clear,Unknown,Unknown,Unknown EMS Scene Arrival Hour,Unknown EMS Scene Arrival Minutes,Not Applicable (Not Transported),Not Applicable (Not Transported),1,Dark - Unlighted,Clear,0,0,[],[],0,0,Invalid,0.0,0.0,999.0,999.0,['Other'],0,0,3,2,4,Dry,Straight,Level,Lowest,No
9767,12,Florida,122347,1,1,1,0,3,NOT APPLICABLE,October,2,Monday,6,55,Urban,Medium Speed (Collector),No,28.58093889,-81.72336667,Simple Junction,Dawn,Clear,Unknown,Unknown,Unknown EMS Scene Arrival Hour,Unknown EMS Scene Arrival Minutes,Unknown,Unknown EMS Hospital Arrival Time,1,Twilight,Clear,0,3,[],[],0,0,Valid,0.0,0.0,78.0,78.0,['Female'],0,0,1,3,4,Dry,Straight,Grade/Hillcrest,Lowest,No
9768,12,Florida,122348,0,3,3,0,4,JACKSONVILLE,September,26,Tuesday,21,0,Urban,High Speed (Arterial),Yes,30.363475,-81.66886944,Non-Intersection,Dark - Lighted,Cloudy,Unknown,Unknown,Unknown EMS Scene Arrival Hour,Unknown EMS Scene Arrival Minutes,Unknown,Unknown EMS Hospital Arrival Time,1,Dark - Lighted,Reduced Visibility,1,3,['Driver'],['Shoulder_Lapbelt'],0,0,Valid,1.0,1.0,88.0,23.0,"['Male', 'Male', 'Female']",0,0,3,4,5,Wet/Standing Water,Straight,Level,Lowest,No
9769,12,Florida,122349,1,1,1,0,1,MIAMI GARDENS,October,3,Tuesday,6,28,Urban,Medium Speed (Collector),No,25.95693889,-80.20691667,Non-Intersection,Daylight,Clear,Unknown,Unknown,Unknown EMS Scene Arrival Hour,Unknown EMS Scene Arrival Minutes,Unknown,Unknown EMS Hospital Arrival Time,1,Daylight,Clear,0,1,[],[],0,0,Valid,0.0,0.0,61.0,61.0,['Male'],0,0,3,2,4,Dry,Straight,Level,Lowest,No
9770,12,Florida,122350,1,1,1,0,1,NOT APPLICABLE,September,28,Thursday,18,9,Urban,Medium Speed (Collector),No,27.0174,-82.03699722,Non-Intersection,Daylight,Cloudy,Unknown,Unknown,Unknown EMS Scene Arrival Hour,Unknown EMS Scene Arrival Minutes,Unknown,Unknown EMS Hospital Arrival Time,1,Daylight,Reduced Visibility,0,1,[],[],0,0,Valid,0.0,0.0,42.0,42.0,['Male'],0,0,3,2,4,Dry,Straight,Level,Lowest,No
9771,12,Florida,122351,0,2,2,0,2,KISSIMMEE,July,24,Monday,9,22,Rural,Low Speed (Local),No,28.18475,-81.50431111,Non-Intersection,Daylight,Clear,Unknown,Unknown,Unknown EMS Scene Arrival Hour,Unknown EMS Scene Arrival Minutes,Unknown,Unknown EMS Hospital Arrival Time,1,Daylight,Clear,1,1,['Driver'],['None_Used'],0,0,Valid,1.0,2.0,65.0,24.0,"['Male', 'Male']",0,0,4,4,5,Dry,Straight,Level,Lowest,No
9772,12,Florida,122352,0,2,2,0,3,NOT APPLICABLE,September,24,Sunday,14,10,Rural,High Speed (Arterial),Yes,30.59424722,-81.59931389,Non-Intersection,Daylight,Cloudy,Unknown,Unknown,Unknown EMS Scene Arrival Hour,Unknown EMS Scene Arrival Minutes,Unknown,Unknown EMS Hospital Arrival Time,1,Daylight,Reduced Visibility,1,2,['Driver'],['None_Used'],0,0,Valid,0.0,0.0,59.0,37.0,"['Male', 'Male']",0,0,5,4,5,Dry,Straight,Level,Lowest,No
9773,12,Florida,122353,1,1,1,0,1,NOT APPLICABLE,September,29,Friday,16,59,Rural,Low Speed (Local),No,27.70073889,-81.83628056,Non-Intersection,Daylight,Cloudy,Unknown,Unknown,Unknown EMS Scene Arrival Hour,Unknown EMS Scene Arrival Minutes,Not Applicable (Not Transported),Not Applicable (Not Transported),1,Daylight,Reduced Visibility,0,1,[],[],0,0,Invalid,0.0,0.0,45.0,45.0,['Male'],0,0,3,2,4,Dry,Straight,Level,Lowest,No
9774,12,Florida,122354,0,2,2,0,3,NOT APPLICABLE,October,1,Sunday,18,0,Urban,Medium Speed (Collector),No,26.20033056,-81.63250833,Simple Junction,Daylight,Rain,Unknown,Unknown,Unknown EMS Scene Arrival Hour,Unknown EMS Scene Arrival Minutes,Not Applicable (Not Transported),Not Applicable (Not Transported),1,Daylight,Rain/Wind/Minor,1,2,['Driver'],['None_Used'],0,0,Valid,0.0,0.0,34.0,22.0,"['Male', 'Male']",0,0,5,4,5,Wet/Standing Water,Straight,Level,Lowest,No
9775,12,Florida,122356,0,1,1,0,1,LAUDERHILL,October,6,Friday,5,0,Urban,High Speed (Arterial),Yes,26.16591111,-80.21948611,Non-Intersection,Dark - Lighted,Clear,Unknown,Unknown,Unknown EMS Scene Arrival Hour,Unknown EMS Scene Arrival Minutes,Not Applicable (Not Transported),Not Applicable (Not Transported),1,Dark - Lighted,Clear,1,0,['Driver'],['Shoulder_Lapbelt'],0,0,Valid,0.0,0.0,34.0,34.0,['Male'],0,0,2,4,3,Dry,Straight,Level,Lowest,No
9776,12,Florida,122357,1,1,1,0,2,NOT APPLICABLE,October,2,Monday,17,45,Urban,Medium Speed (Collector),No,26.66126111,-81.89115556,Non-Intersection,Daylight,Clear,Unknown,Unknown,Unknown EMS Scene Arrival Hour,Unknown EMS Scene Arrival Minutes,Unknown,Unknown EMS Hospital Arrival Time,1,Daylight,Clear,0,2,[],[],0,0,Invalid,0.0,0.0,44.0,44.0,['Male'],0,0,5,4,4,Dry,Straight,Level,Lowest,No
9777,12,Florida,122358,1,1,1,0,3,NOT APPLICABLE,September,23,Saturday,20,25,Urban,High Speed (Arterial),Yes,29.5762,-82.91577778,Non-Intersection,Dark - Not Lighted,Clear,Unknown,Unknown,Unknown EMS Scene Arrival Hour,Unknown EMS Scene Arrival Minutes,Not Applicable (Not Transported),Not Applicable (Not Transported),1,Dark - Unlighted,Clear,0,3,[],[],0,0,Valid,0.0,0.0,27.0,27.0,['Male'],0,0,3,4,4,Dry,Straight,Level,Lowest,No
9778,12,Florida,122359,1,1,1,0,1,PEMBROKE PINES,October,2,Monday,11,27,Urban,Medium Speed (Collector),No,25.998175,-80.39235833,Non-Intersection,Daylight,Cloudy,Unknown,Unknown,Unknown EMS Scene Arrival Hour,Unknown EMS Scene Arrival Minutes,Not Applicable (Not Transported),Not Applicable (Not Transported),1,Daylight,Reduced Visibility,0,1,[],[],0,0,Valid,0.0,0.0,54.0,54.0,['Male'],0,0,3,3,4,Dry,Straight,Level,Lowest,No
9779,12,Florida,122360,0,1,1,0,1,NOT APPLICABLE,September,30,Saturday,22,28,Urban,High Speed (Arterial),Yes,27.75921111,-82.37186111,Non-Intersection,Dark - Not Lighted,Cloudy,Unknown,Unknown,Unknown EMS Scene Arrival Hour,Unknown EMS Scene Arrival Minutes,Unknown,Unknown EMS Hospital Arrival Time,1,Dark - Unlighted,Reduced Visibility,1,0,['Driver'],['Shoulder_Lapbelt'],0,0,Valid,0.0,0.0,37.0,37.0,['Female'],0,0,2,4,3,Wet/Standing Water,Straight,Level,Lowest,No