,State_Code,State_Name,Crash_ID,Count_Non_Motorists,Count_Vehicles_Total,Count_Vehicle_Forms,Count_PVH_Involved,Count_Occupants_MV,City_Name,Month_Name,Day_of_Month,Day_of_Week,Crash_Hour,Crash_Minute,Area_Rural_Urban,Road_Functional_Class,On_NHS_Road,Latitude,Longitude,Intersection_Type,Light_Condition,Weather_Condition,Notif_Hour,Notif_Minute,Arrival_Hour,Arrival_Minute,Hospital_Hour,Hospital_Minute,Fatalities_Count,Clean_Light_Condition,Clean_Weather_Condition,Total_Killed,Total_Alive,Fatal_Seats_List,Killed_Restraint_List,Any_Driver_Drinking,Total_Drinking_Drivers,Driver_License_Category,Driver_Max_Prev_Accident_Count,Driver_Max_Prev_Speeding_Count,Max_Driver_Age,Min_Driver_Age,Driver_Sex_List,Total_Exceeding_Limit_Vehicles,Total_Too_Fast_Vehicles,Max_Vehicle_Type_Severity_5,Max_Vehicle_Damage_Rank,Max_Harmful_Event_Severity,Crash_Road_Surface_Condition,Crash_Horizontal_Alignment,Crash_Vertical_Profile,Crash_Impairment_Category,Crash_Vehicle_Defect
9780,12,Florida,122361,0,2,2,0,2,NOT APPLICABLE,September,28,Thursday,6,51,Urban,High Speed (Arterial),Yes,28.33918611,-82.61807222,Non-Intersection,Daylight,Clear,Unknown,Unknown,Unknown EMS Scene Arrival Hour,Unknown EMS Scene Arrival Minutes,Unknown,Unknown EMS Hospital Arrival Time,1,Daylight,Clear,1,1,['Driver'],['None_Used'],0,0,Valid,0.0,0.0,58.0,56.0,"['Female', 'Male']",0,0,3,4,5,Dry,Straight,Level,Lowest,No
9781,12,Florida,122362,0,1,1,0,1,PORT SAINT LUCIE,August,31,Thursday,1,50,Urban,Medium Speed (Collector),No,27.29720278,-80.33974167,Non-Intersection,Dark - Lighted,Clear,Unknown,Unknown,Unknown EMS Scene Arrival Hour,Unknown EMS Scene Arrival Minutes,Unknown,Unknown EMS Hospital Arrival Time,1,Dark - Lighted,Clear,1,0,['Driver'],['Shoulder_Lapbelt'],1,1,Valid,0.0,0.0,47.0,47.0,['Female'],0,0,3,4,3,Dry,Straight,Level,Lowest,No
9782,12,Florida,122363,0,1,1,0,1,NOT APPLICABLE,September,17,Sunday,4,49,Rural,Low Speed (Local),No,27.93521111,-82.299425,Non-Intersection,Dark - Not Lighted,Clear,Unknown,Unknown,Unknown EMS Scene Arrival Hour,Unknown EMS Scene Arrival Minutes,Unknown,Unknown EMS Hospital Arrival Time,1,Dark - Unlighted,Clear,1,0,['Driver'],['None_Used'],0,0,Valid,0.0,0.0,38.0,38.0,['Male'],1,0,1,2,2,Dry,Straight,Level,Lowest,No
9783,12,Florida,122364,0,2,2,0,3,DELRAY BEACH,September,23,Saturday,12,59,Urban,High Speed (Arterial),Yes,26.45811389,-80.10335833,Non-Intersection,Daylight,Clear,Unknown,Unknown,Unknown EMS Scene Arrival Hour,Unknown EMS Scene Arrival Minutes,Unknown,Unknown EMS Hospital Arrival Time,1,Daylight,Clear,1,2,['Driver'],['Shoulder_Lapbelt'],0,0,Valid,0.0,0.0,86.0,74.0,"['Male', 'Female']",0,0,3,4,5,Dry,Straight,Level,Lowest,No
9784,12,Florida,122365,0,2,2,0,2,NOT APPLICABLE,September,30,Saturday,14,43,Urban,Medium Speed (Collector),No,26.64513889,-80.14328889,Complex/Circle,Daylight,Cloudy,Unknown,Unknown,Unknown EMS Scene Arrival Hour,Unknown EMS Scene Arrival Minutes,Unknown,Unknown EMS Hospital Arrival Time,1,Daylight,Reduced Visibility,1,1,['Driver'],['None_Used'],1,1,Invalid,0.0,2.0,49.0,39.0,"['Male', 'Female']",0,0,5,4,5,Dry,Straight,Level,Lowest,No
9785,12,Florida,122366,0,2,2,0,2,NOT APPLICABLE,October,5,Thursday,6,20,Urban,High Speed (Arterial),Yes,30.61436944,-81.59760556,Simple Junction,Dark - Not Lighted,Cloudy,Unknown,Unknown,Unknown EMS Scene Arrival Hour,Unknown EMS Scene Arrival Minutes,Not Applicable (Not Transported),Not Applicable (Not Transported),1,Dark - Unlighted,Reduced Visibility,1,1,['Driver'],['None_Used'],0,0,Valid,0.0,1.0,69.0,34.0,"['Female', 'Male']",0,0,5,4,5,Dry,Straight,Level,Lowest,No
9786,12,Florida,122367,0,2,2,0,3,MELBOURNE,September,20,Wednesday,15,2,Urban,High Speed (Arterial),Yes,28.09808611,-80.61206389,Non-Intersection,Daylight,Clear,Unknown,Unknown,Unknown EMS Scene Arrival Hour,Unknown EMS Scene Arrival Minutes,Unknown,Unknown EMS Hospital Arrival Time,1,Daylight,Clear,1,2,['Driver'],['Shoulder_Lapbelt'],0,0,Valid,0.0,0.0,75.0,40.0,"['Male', 'Female']",0,0,2,4,5,Dry,Straight,Non-Trafficway,Lowest,No
9787,12,Florida,122368,1,1,1,0,2,ORLANDO,September,30,Saturday,1,35,Urban,High Speed (Arterial),Yes,28.55333056,-81.34481389,Complex/Circle,Dark - Lighted,Clear,Unknown,Unknown,Unknown EMS Scene Arrival Hour,Unknown EMS Scene Arrival Minutes,Unknown,Unknown EMS Hospital Arrival Time,1,Dark - Lighted,Clear,0,2,[],[],0,0,Valid,0.0,0.0,49.0,34.0,Other,0,0,2,4,4,Dry,Straight,Level,Lowest,No
9788,12,Florida,122369,0,2,2,0,3,CALLAHAN,October,6,Friday,8,50,Urban,Medium Speed (Collector),No,30.55115278,-81.79928889,Simple Junction,Daylight,Clear,Unknown,Unknown,Unknown EMS Scene Arrival Hour,Unknown EMS Scene Arrival Minutes,Unknown,Unknown EMS Hospital Arrival Time,1,Daylight,Clear,1,2,['Driver'],['None_Used'],0,0,Valid,2.0,1.0,48.0,16.0,"['Female', 'Male']",0,0,4,4,5,Dry,Straight,Level,Lowest,No
9789,12,Florida,122370,0,1,1,0,3,NOT APPLICABLE,October,7,Saturday,14,29,Urban,High Speed (Arterial),Yes,28.60981389,-81.72851389,Non-Intersection,Daylight,Clear,Unknown,Unknown,Unknown EMS Scene Arrival Hour,Unknown EMS Scene Arrival Minutes,Unknown,Unknown EMS Hospital Arrival Time,2,Daylight,Clear,2,1,"['Driver', 'Rear_Seat']","['Shoulder_Lapbelt', 'None_Used']",1,1,Invalid,0.0,0.0,48.0,48.0,['Male'],0,0,3,4,2,Dry,Curve,Grade/Hillcrest,Lowest,No
9790,12,Florida,122371,0,2,2,0,6,NOT APPLICABLE,September,23,Saturday,6,11,Rural,High Speed (Arterial),Yes,26.73534444,-81.43771944,Non-Intersection,Dark - Not Lighted,Clear,Unknown,Unknown,Unknown EMS Scene Arrival Hour,Unknown EMS Scene Arrival Minutes,Unknown,Unknown EMS Hospital Arrival Time,2,Dark - Unlighted,Clear,2,4,"['Driver', 'Rear_Seat']","['None_Used', 'None_Used']",0,0,Valid,0.0,0.0,58.0,46.0,"['Male', 'Male']",0,0,4,4,5,Dry,Straight,Level,Lowest,No
9791,12,Florida,122372,0,2,2,0,3,NOT APPLICABLE,September,24,Sunday,2,10,Urban,High Speed (Arterial),Yes,29.4553,-81.1758,Non-Intersection,Dark - Not Lighted,Clear,Unknown,Unknown,Unknown EMS Scene Arrival Hour,Unknown EMS Scene Arrival Minutes,Not Applicable (Not Transported),Not Applicable (Not Transported),1,Dark - Unlighted,Clear,1,2,['Driver'],['None_Used'],1,1,Valid,1.0,2.0,37.0,22.0,"['Male', 'Male']",0,0,5,4,5,Dry,Straight,Level,Lowest,No
9792,12,Florida,122373,1,1,1,0,1,NOT APPLICABLE,September,22,Friday,19,1,Rural,Low Speed (Local),No,30.34493333,-83.99071389,Non-Intersection,Daylight,Clear,Unknown,Unknown,Unknown EMS Scene Arrival Hour,Unknown EMS Scene Arrival Minutes,Unknown,Unknown EMS Hospital Arrival Time,1,Daylight,Clear,0,1,[],[],1,1,Valid,0.0,0.0,60.0,60.0,['Male'],0,0,3,3,4,Dry,Straight,Level,Lowest,No
9793,12,Florida,122374,0,2,2,0,5,DE FUNIAK SPRINGS,October,1,Sunday,15,15,Urban,Medium Speed (Collector),No,30.72535556,-86.09486111,Complex/Circle,Daylight,Clear,Unknown,Unknown,Unknown EMS Scene Arrival Hour,Unknown EMS Scene Arrival Minutes,Unknown,Unknown EMS Hospital Arrival Time,1,Daylight,Clear,1,4,['Driver'],['Shoulder_Lapbelt'],0,0,Valid,0.0,1.0,66.0,46.0,"['Male', 'Male']",0,0,2,4,5,Dry,Straight,Level,Lowest,No
9794,12,Florida,122375,1,1,1,0,1,TAMPA,October,2,Monday,19,55,Urban,Medium Speed (Collector),No,27.95111944,-82.45076111,Non-Intersection,Dark - Not Lighted,Clear,Unknown,Unknown,Unknown EMS Scene Arrival Hour,Unknown EMS Scene Arrival Minutes,Unknown,Unknown EMS Hospital Arrival Time,1,Dark - Unlighted,Clear,0,1,[],[],0,0,Valid,0.0,0.0,43.0,43.0,['Male'],0,0,3,2,4,Dry,Straight,Level,Lowest,No
9795,12,Florida,122376,0,2,2,0,6,JACKSONVILLE,October,4,Wednesday,19,24,Rural,Low Speed (Local),No,30.54248056,-81.71979167,Complex/Circle,Dusk,Clear,Unknown,Unknown,Unknown EMS Scene Arrival Hour,Unknown EMS Scene Arrival Minutes,Unknown,Unknown EMS Hospital Arrival Time,1,Twilight,Clear,1,5,['Front_Passenger'],['Shoulder_Lapbelt'],0,0,Valid,0.0,0.0,61.0,23.0,"['Female', 'Female']",0,0,3,4,5,Dry,Straight,Level,Lowest,No
9796,12,Florida,122377,0,1,1,0,1,MILTON,October,3,Tuesday,17,5,Rural,Medium Speed (Collector),No,30.64150278,-86.94283889,Non-Intersection,Daylight,Clear,Unknown,Unknown,Unknown EMS Scene Arrival Hour,Unknown EMS Scene Arrival Minutes,Not Applicable (Not Transported),Not Applicable (Not Transported),1,Daylight,Clear,1,0,['Driver'],['None_Used'],1,1,Valid,0.0,0.0,49.0,49.0,['Male'],0,0,3,4,3,Dry,Straight,Level,Lowest,No
9797,12,Florida,122379,1,1,1,0,1,NOT APPLICABLE,September,24,Sunday,20,28,Urban,Low Speed (Local),No,25.85998056,-80.25049444,Complex/Circle,Dark - Not Lighted,Clear,Unknown,Unknown,Unknown EMS Scene Arrival Hour,Unknown EMS Scene Arrival Minutes,Unknown,Unknown EMS Hospital Arrival Time,1,Dark - Unlighted,Clear,0,1,[],[],0,0,Valid,0.0,0.0,73.0,73.0,['Female'],0,0,2,1,4,Dry,Straight,Level,Lowest,No
9798,12,Florida,122380,0,3,3,0,3,NOT APPLICABLE,September,22,Friday,1,29,Urban,High Speed (Arterial),Yes,27.26426944,-80.42481667,Non-Intersection,Dark - Not Lighted,Clear,Unknown,Unknown,Unknown EMS Scene Arrival Hour,Unknown EMS Scene Arrival Minutes,Not Applicable (Not Transported),Not Applicable (Not Transported),1,Dark - Unlighted,Clear,1,2,['Driver'],['None_Used'],0,0,Valid,0.0,1.0,999.0,38.0,"['Male', 'Male', 'Other']",0,0,5,4,5,Dry,Curve,Level,Lowest,No
9799,12,Florida,122381,1,1,1,0,1,JACKSONVILLE,September,24,Sunday,1,35,Urban,High Speed (Arterial),Yes,30.4349,-81.76137778,Non-Intersection,Dark - Not Lighted,Clear,Unknown,Unknown,Unknown EMS Scene Arrival Hour,Unknown EMS Scene Arrival Minutes,Unknown,Unknown EMS Hospital Arrival Time,1,Dark - Unlighted,Clear,0,1,[],[],0,0,Invalid,0.0,0.0,999.0,999.0,['Other'],0,0,1,0,4,Dry,Straight,Level,Lowest,No
9800,12,Florida,122382,0,1,1,0,2,WESTON,September,25,Monday,4,31,Urban,High Speed (Arterial),Yes,26.13256111,-80.3882,Non-Intersection,Dark - Not Lighted,Cloudy,Unknown,Unknown,Unknown EMS Scene Arrival Hour,Unknown EMS Scene Arrival Minutes,Unknown,Unknown EMS Hospital Arrival Time,1,Dark - Unlighted,Reduced Visibility,1,1,['Front_Passenger'],['None_Used'],0,0,Invalid,0.0,0.0,37.0,37.0,['Male'],0,0,2,4,3,Wet/Standing Water,Straight,Level,Lowest,No
9801,12,Florida,122383,0,1,1,0,1,DAVIE,September,26,Tuesday,23,34,Urban,Medium Speed (Collector),Yes,26.09505556,-80.23272778,Non-Intersection,Dark - Lighted,Rain,Unknown,Unknown,Unknown EMS Scene Arrival Hour,Unknown EMS Scene Arrival Minutes,Not Applicable (Not Transported),Not Applicable (Not Transported),1,Dark - Lighted,Rain/Wind/Minor,1,0,['Driver'],['None_Used'],0,0,Invalid,0.0,0.0,23.0,23.0,['Male'],0,0,3,4,3,Wet/Standing Water,Curve,Level,Lowest,No
9802,12,Florida,122384,0,2,2,0,2,NOT APPLICABLE,September,30,Saturday,12,35,Urban,High Speed (Arterial),Yes,27.42576667,-82.57551667,Non-Intersection,Daylight,Clear,Unknown,Unknown,Unknown EMS Scene Arrival Hour,Unknown EMS Scene Arrival Minutes,Unknown,Unknown EMS Hospital Arrival Time,1,Daylight,Clear,1,1,['Driver'],['None_Used'],1,1,Invalid,1.0,0.0,63.0,30.0,"['Male', 'Male']",1,0,5,4,5,Dry,Straight,Level,Lowest,No
9803,12,Florida,122386,0,2,2,0,2,FORT LAUDERDALE,September,29,Friday,11,58,Urban,Medium Speed (Collector),No,26.13818056,-80.12883611,Non-Intersection,Daylight,Clear,Unknown,Unknown,Unknown EMS Scene Arrival Hour,Unknown EMS Scene Arrival Minutes,Unknown,Unknown EMS Hospital Arrival Time,1,Daylight,Clear,1,1,['Driver'],['None_Used'],0,0,Valid,0.0,0.0,72.0,57.0,"['Male', 'Female']",0,0,5,4,5,Dry,Straight,Non-Trafficway,Lowest,No
9804,12,Florida,122387,0,3,3,0,9,NOT APPLICABLE,October,4,Wednesday,16,13,Urban,High Speed (Arterial),Yes,30.39991389,-87.31299167,Non-Intersection,Daylight,Clear,Unknown,Unknown,Unknown EMS Scene Arrival Hour,Unknown EMS Scene Arrival Minutes,Unknown,Unknown EMS Hospital Arrival Time,1,Daylight,Clear,1,8,['Rear_Seat'],['Child_Safety'],0,0,Valid,0.0,1.0,80.0,18.0,"['Female', 'Male', 'Female']",0,0,3,4,5,Dry,Straight,Level,Lowest,No
9805,12,Florida,122388,0,1,1,0,1,NOT APPLICABLE,September,23,Saturday,5,40,Rural,Medium Speed (Collector),Yes,30.75025278,-87.37473333,Non-Intersection,Dark - Not Lighted,Clear,Unknown,Unknown,Unknown EMS Scene Arrival Hour,Unknown EMS Scene Arrival Minutes,Not Applicable (Not Transported),Not Applicable (Not Transported),1,Dark - Unlighted,Clear,1,0,['Driver'],['None_Used'],1,1,Valid,0.0,3.0,36.0,36.0,['Male'],0,0,2,4,3,Dry,Curve,Level,Lowest,No
9806,12,Florida,122389,0,2,1,1,1,BOCA RATON,September,26,Tuesday,16,22,Urban,High Speed (Arterial),Yes,26.39196111,-80.09668889,Non-Intersection,Daylight,Clear,Unknown,Unknown,Unknown EMS Scene Arrival Hour,Unknown EMS Scene Arrival Minutes,Not Applicable (Not Transported),Not Applicable (Not Transported),1,Daylight,Clear,1,0,['Driver'],['None_Used'],0,0,Invalid,0.0,0.0,37.0,37.0,['Male'],0,0,5,4,5,Dry,Straight,Level,Lowest,No
9807,12,Florida,122390,0,2,2,0,3,NOT APPLICABLE,September,28,Thursday,17,1,Rural,High Speed (Arterial),Yes,27.36776667,-80.81856944,Non-Intersection,Daylight,Clear,Unknown,Unknown,Unknown EMS Scene Arrival Hour,Unknown EMS Scene Arrival Minutes,Unknown,Unknown EMS Hospital Arrival Time,1,Daylight,Clear,1,2,['Driver'],['None_Used'],0,0,Valid,0.0,0.0,74.0,65.0,"['Male', 'Female']",0,0,3,4,5,Dry,Straight,Level,Lowest,No
9808,12,Florida,122391,0,7,7,0,14,NOT APPLICABLE,September,29,Friday,21,45,Urban,High Speed (Arterial),Yes,27.40296111,-82.53277222,Complex/Circle,Dark - Lighted,Clear,Unknown,Unknown,Unknown EMS Scene Arrival Hour,Unknown EMS Scene Arrival Minutes,Unknown,Unknown EMS Hospital Arrival Time,2,Dark - Lighted,Clear,2,12,"['Driver', 'Front_Passenger']","['Shoulder_Lapbelt', 'Shoulder_Lapbelt']",1,1,Valid,1.0,0.0,44.0,25.0,"['Male', 'Female', 'Male', 'Male', 'Female', 'Female', 'Male']",0,0,3,4,5,Dry,Straight,Level,Lowest,No
9809,12,Florida,122392,0,2,2,0,2,NOT APPLICABLE,September,25,Monday,15,25,Urban,Medium Speed (Collector),No,27.29874722,-82.48486944,Simple Junction,Daylight,Cloudy,Unknown,Unknown,Unknown EMS Scene Arrival Hour,Unknown EMS Scene Arrival Minutes,Unknown,Unknown EMS Hospital Arrival Time,1,Daylight,Reduced Visibility,1,1,['Driver'],['Shoulder_Lapbelt'],0,0,Invalid,0.0,0.0,84.0,46.0,"['Male', 'Female']",0,0,3,4,5,Dry,Straight,Level,Lowest,No
9810,12,Florida,122393,0,2,2,0,3,NOT APPLICABLE,September,26,Tuesday,10,25,Urban,Medium Speed (Collector),No,28.45089722,-81.37979167,Complex/Circle,Daylight,Clear,Unknown,Unknown,Unknown EMS Scene Arrival Hour,Unknown EMS Scene Arrival Minutes,Unknown,Unknown EMS Hospital Arrival Time,1,Daylight,Clear,1,2,['Driver'],['Shoulder_Lapbelt'],0,0,Valid,0.0,0.0,21.0,20.0,"['Male', 'Male']",0,0,2,4,5,Dry,Straight,Level,Lowest,No
9811,12,Florida,122394,0,2,2,0,2,TAMPA,September,25,Monday,17,2,Urban,High Speed (Arterial),Yes,28.05463333,-82.43219444,Non-Intersection,Daylight,Clear,Unknown,Unknown,Unknown EMS Scene Arrival Hour,Unknown EMS Scene Arrival Minutes,Unknown,Unknown EMS Hospital Arrival Time,1,Daylight,Clear,1,1,['Driver'],['None_Used'],0,0,Valid,0.0,0.0,60.0,20.0,"['Male', 'Male']",1,0,5,4,5,Dry,Straight,Non-Trafficway,Lowest,No
9812,12,Florida,122395,0,2,2,0,2,NOT APPLICABLE,September,28,Thursday,5,39,Rural,Medium Speed (Collector),No,30.74604167,-86.21658889,Non-Intersection,Dark - Not Lighted,Cloudy,Unknown,Unknown,Unknown EMS Scene Arrival Hour,Unknown EMS Scene Arrival Minutes,Unknown,Unknown EMS Hospital Arrival Time,1,Dark - Unlighted,Reduced Visibility,1,1,['Driver'],['Shoulder_Lapbelt'],1,1,Valid,1.0,0.0,58.0,35.0,"['Male', 'Male']",0,0,3,4,5,Dry,Straight,Level,Lowest,No
9813,12,Florida,122396,0,2,2,0,2,JACKSONVILLE,October,7,Saturday,3,40,Urban,Medium Speed (Collector),Yes,30.21576389,-81.51879444,Non-Intersection,Dark - Lighted,Clear,Unknown,Unknown,Unknown EMS Scene Arrival Hour,Unknown if Arrived,Not Applicable (Not Transported),Not Applicable (Not Transported),1,Dark - Lighted,Clear,1,1,['Driver'],['None_Used'],1,1,Valid,0.0,0.0,57.0,23.0,"['Male', 'Male']",1,0,5,4,5,Dry,Straight,Level,Lowest,No
9814,12,Florida,122397,1,1,1,0,1,JACKSONVILLE,October,6,Friday,22,30,Rural,Low Speed (Local),No,30.40373333,-81.73080833,Non-Intersection,Dark - Lighted,Clear,Unknown,Unknown,Unknown EMS Scene Arrival Hour,Unknown EMS Scene Arrival Minutes,Unknown,Unknown EMS Hospital Arrival Time,1,Dark - Lighted,Clear,0,1,[],[],0,0,Valid,0.0,0.0,20.0,20.0,['Male'],0,0,2,2,4,Dry,Straight,Level,Lowest,Yes
9815,12,Florida,122398,0,1,1,0,1,NOT APPLICABLE,October,6,Friday,12,35,Rural,Low Speed (Local),No,29.63063056,-81.48643056,Non-Intersection,Daylight,Clear,Unknown,Unknown,Unknown EMS Scene Arrival Hour,Unknown EMS Scene Arrival Minutes,Unknown,Unknown EMS Hospital Arrival Time,1,Daylight,Clear,1,0,['Driver'],['None_Used'],0,0,Valid,0.0,0.0,54.0,54.0,['Male'],0,0,3,4,3,Dry,Straight,Level,Lowest,No
9816,12,Florida,122399,1,1,1,0,1,INDIAN HARBOUR BEACH,October,7,Saturday,15,7,Urban,Medium Speed (Collector),No,28.14104444,-80.598525,Non-Intersection,Daylight,Clear,Unknown,Unknown,Unknown EMS Scene Arrival Hour,Unknown EMS Scene Arrival Minutes,Unknown,Unknown EMS Hospital Arrival Time,1,Daylight,Clear,0,1,[],[],1,1,Invalid,0.0,0.0,63.0,63.0,['Male'],0,0,3,2,4,Dry,Straight,Level,Lowest,No
9817,12,Florida,122401,1,1,1,0,1,NOT APPLICABLE,October,1,Sunday,3,46,Rural,High Speed (Arterial),Yes,29.55861389,-82.33124167,Non-Intersection,Dark - Not Lighted,Other,Unknown,Unknown,Unknown EMS Scene Arrival Hour,Unknown EMS Scene Arrival Minutes,Not Applicable (Not Transported),Not Applicable (Not Transported),1,Dark - Unlighted,Reduced Visibility,0,1,[],[],0,0,Invalid,0.0,1.0,26.0,26.0,['Male'],0,0,2,2,4,Dry,Straight,Level,Lowest,No
9818,12,Florida,122402,0,1,1,0,1,PAHOKEE,October,8,Sunday,16,37,Urban,Medium Speed (Collector),No,26.83716389,-80.64800556,Non-Intersection,Daylight,Cloudy,Unknown,Unknown,Unknown EMS Scene Arrival Hour,Unknown EMS Scene Arrival Minutes,Unknown,Unknown EMS Hospital Arrival Time,1,Daylight,Reduced Visibility,1,0,['Driver'],['None_Used'],0,0,Valid,0.0,0.0,80.0,80.0,['Male'],1,0,4,4,3,Dry,Straight,Level,Lowest,No
9819,12,Florida,122403,0,2,1,1,1,NOT APPLICABLE,September,23,Saturday,7,2,Urban,Medium Speed (Collector),No,25.74844444,-80.29109167,Non-Intersection,Daylight,Clear,Unknown,Unknown,Unknown EMS Scene Arrival Hour,Unknown EMS Scene Arrival Minutes,Not Applicable (Not Transported),Not Applicable (Not Transported),1,Daylight,Clear,1,0,['Driver'],['None_Used'],0,0,Valid,0.0,0.0,64.0,64.0,['Male'],0,0,3,4,3,Dry,Straight,Level,Lowest,No
9820,12,Florida,122404,0,1,1,0,1,OCALA,September,26,Tuesday,18,36,Urban,Low Speed (Local),No,29.18418333,-82.12009167,Non-Intersection,Dusk,Cloudy,Unknown,Unknown,Unknown EMS Scene Arrival Hour,Unknown EMS Scene Arrival Minutes,Unknown,Unknown EMS Hospital Arrival Time,1,Twilight,Reduced Visibility,1,0,['Driver'],['None_Used'],0,0,Invalid,4.0,3.0,22.0,22.0,['Male'],1,0,5,4,3,Wet/Standing Water,Straight,Level,Lowest,No
9821,12,Florida,122405,1,1,1,0,2,ALTAMONTE SPRINGS,September,29,Friday,20,33,Urban,High Speed (Arterial),Yes,28.66910278,-81.41916667,Complex/Circle,Dark - Not Lighted,Clear,Unknown,Unknown,Unknown EMS Scene Arrival Hour,Unknown EMS Scene Arrival Minutes,Unknown,Unknown EMS Hospital Arrival Time,1,Dark - Unlighted,Clear,0,2,[],[],0,0,Valid,0.0,0.0,48.0,48.0,['Female'],0,0,3,3,4,Dry,Straight,Grade/Hillcrest,Lowest,No
9822,12,Florida,122406,0,1,1,0,2,HAMMONDVILLE,September,30,Saturday,1,40,Urban,Medium Speed (Collector),No,26.26747778,-80.20475278,Non-Intersection,Dark - Lighted,Clear,Unknown,Unknown,Unknown EMS Scene Arrival Hour,Unknown EMS Scene Arrival Minutes,Unknown,Unknown EMS Hospital Arrival Time,1,Dark - Lighted,Clear,1,1,['Driver'],['Shoulder_Lapbelt'],0,0,Invalid,0.0,0.0,35.0,35.0,['Male'],0,0,2,4,3,Wet/Standing Water,Straight,Level,Lowest,No
9823,12,Florida,122407,1,1,1,0,1,ORLANDO,October,7,Saturday,10,34,Urban,Medium Speed (Collector),No,28.52776111,-81.44675556,Complex/Circle,Daylight,Clear,Unknown,Unknown,Unknown EMS Scene Arrival Hour,Unknown EMS Scene Arrival Minutes,Not Applicable (Not Transported),Not Applicable (Not Transported),1,Daylight,Clear,0,1,[],[],0,0,Valid,0.0,0.0,46.0,46.0,['Male'],0,0,3,2,4,Dry,Straight,Level,Lowest,No
9824,12,Florida,122408,1,1,1,0,1,NOT APPLICABLE,October,5,Thursday,20,20,Urban,Medium Speed (Collector),No,28.06941944,-82.47366667,Complex/Circle,Dark - Not Lighted,Clear,Unknown,Unknown,Unknown EMS Scene Arrival Hour,Unknown EMS Scene Arrival Minutes,Unknown,Unknown EMS Hospital Arrival Time,1,Dark - Unlighted,Clear,0,1,[],[],0,0,Valid,1.0,0.0,22.0,22.0,['Female'],0,0,2,4,4,Dry,Curve,Level,Lowest,No
9825,12,Florida,122409,0,2,2,0,3,NOT APPLICABLE,October,9,Monday,6,10,Urban,High Speed (Arterial),Yes,27.58596667,-82.52413333,Non-Intersection,Dark - Lighted,Cloudy,Unknown,Unknown,Unknown EMS Scene Arrival Hour,Unknown EMS Scene Arrival Minutes,Unknown,Unknown EMS Hospital Arrival Time,1,Dark - Lighted,Reduced Visibility,1,2,['Driver'],['None_Used'],0,0,Valid,0.0,0.0,46.0,38.0,"['Male', 'Male']",0,0,4,4,5,Dry,Straight,Level,Lowest,No
9826,12,Florida,122410,0,1,1,0,1,SAINT PETERSBURG,July,30,Sunday,4,55,Urban,Medium Speed (Collector),No,27.70521111,-82.64085556,Non-Intersection,Dark - Lighted,Clear,Unknown,Unknown,Unknown EMS Scene Arrival Hour,Unknown EMS Scene Arrival Minutes,Unknown,Unknown EMS Hospital Arrival Time,1,Dark - Lighted,Clear,1,0,['Driver'],['None_Used'],1,1,Invalid,0.0,0.0,33.0,33.0,['Male'],0,0,3,4,3,Dry,Curve,Level,Lowest,No
9827,12,Florida,122411,1,1,1,0,1,NOT APPLICABLE,September,29,Friday,6,48,Urban,High Speed (Arterial),Yes,27.93779722,-82.24985,Simple Junction,Dark - Lighted,Cloudy,Unknown,Unknown,Unknown EMS Scene Arrival Hour,Unknown EMS Scene Arrival Minutes,Not Applicable (Not Transported),Not Applicable (Not Transported),1,Dark - Lighted,Reduced Visibility,0,1,[],[],0,0,Valid,0.0,0.0,54.0,54.0,['Female'],0,0,2,3,4,Dry,Straight,Level,Lowest,No
9828,12,Florida,122412,1,1,1,0,1,NOT APPLICABLE,October,9,Monday,6,52,Urban,High Speed (Arterial),Yes,28.48088611,-82.43521389,Complex/Circle,Dark - Not Lighted,Clear,Unknown,Unknown,Unknown EMS Scene Arrival Hour,Unknown EMS Scene Arrival Minutes,Unknown,Unknown EMS Hospital Arrival Time,1,Dark - Unlighted,Clear,0,1,[],[],0,0,Valid,0.0,0.0,25.0,25.0,['Male'],0,0,3,4,4,Dry,Straight,Level,Lowest,No
9829,12,Florida,122413,1,1,1,0,1,NOT APPLICABLE,September,27,Wednesday,8,16,Rural,High Speed (Arterial),Yes,28.94165,-81.42986389,Non-Intersection,Daylight,Clear,Unknown,Unknown,Unknown EMS Scene Arrival Hour,Unknown EMS Scene Arrival Minutes,Unknown,Unknown EMS Hospital Arrival Time,1,Daylight,Clear,0,1,[],[],0,0,Valid,0.0,0.0,55.0,55.0,['Male'],0,0,4,4,4,Dry,Straight,Level,Lowest,No