,State_Code,State_Name,Crash_ID,Count_Non_Motorists,Count_Vehicles_Total,Count_Vehicle_Forms,Count_PVH_Involved,Count_Occupants_MV,City_Name,Month_Name,Day_of_Month,Day_of_Week,Crash_Hour,Crash_Minute,Area_Rural_Urban,Road_Functional_Class,On_NHS_Road,Latitude,Longitude,Intersection_Type,Light_Condition,Weather_Condition,Notif_Hour,Notif_Minute,Arrival_Hour,Arrival_Minute,Hospital_Hour,Hospital_Minute,Fatalities_Count,Clean_Light_Condition,Clean_Weather_Condition,Total_Killed,Total_Alive,Fatal_Seats_List,Killed_Restraint_List,Any_Driver_Drinking,Total_Drinking_Drivers,Driver_License_Category,Driver_Max_Prev_Accident_Count,Driver_Max_Prev_Speeding_Count,Max_Driver_Age,Min_Driver_Age,Driver_Sex_List,Total_Exceeding_Limit_Vehicles,Total_Too_Fast_Vehicles,Max_Vehicle_Type_Severity_5,Max_Vehicle_Damage_Rank,Max_Harmful_Event_Severity,Crash_Road_Surface_Condition,Crash_Horizontal_Alignment,Crash_Vertical_Profile,Crash_Impairment_Category,Crash_Vehicle_Defect
9830,12,Florida,122414,0,2,2,0,3,ORLANDO,October,5,Thursday,19,36,Urban,Medium Speed (Collector),Yes,28.502475,-81.44249722,Simple Junction,Dusk,Clear,Unknown,Unknown,Unknown EMS Scene Arrival Hour,Unknown EMS Scene Arrival Minutes,Not Applicable (Not Transported),Not Applicable (Not Transported),1,Twilight,Clear,1,2,['Driver'],['None_Used'],0,0,Valid,0.0,0.0,63.0,21.0,"['Male', 'Male']",0,0,5,4,5,Dry,Straight,Level,Lowest,No
9831,12,Florida,122415,1,1,1,0,1,NOT APPLICABLE,October,7,Saturday,20,12,Urban,High Speed (Arterial),Yes,29.97151111,-82.10163056,Non-Intersection,Dark - Not Lighted,Clear,Unknown,Unknown,Unknown EMS Scene Arrival Hour,Unknown EMS Scene Arrival Minutes,Unknown,Unknown EMS Hospital Arrival Time,1,Dark - Unlighted,Clear,0,1,[],[],0,0,Invalid,0.0,0.0,998.0,998.0,['Other'],0,0,1,0,4,Dry,Straight,Level,Lowest,No
9832,12,Florida,122416,0,1,1,0,1,WILDWOOD,September,29,Friday,13,10,Urban,Medium Speed (Collector),No,28.86548056,-82.03150278,Simple Junction,Daylight,Cloudy,Unknown,Unknown,Unknown EMS Scene Arrival Hour,Unknown EMS Scene Arrival Minutes,Unknown,Unknown EMS Hospital Arrival Time,1,Daylight,Reduced Visibility,1,0,['Driver'],['Shoulder_Lapbelt'],0,0,Valid,2.0,0.0,32.0,32.0,['Male'],1,0,2,4,3,Dry,Straight,Level,Lowest,No
9833,12,Florida,122417,1,1,1,0,5,FORT LAUDERDALE,October,3,Tuesday,10,4,Urban,Medium Speed (Collector),No,26.10580556,-80.18466389,Non-Intersection,Daylight,Clear,Unknown,Unknown,Unknown EMS Scene Arrival Hour,Unknown EMS Scene Arrival Minutes,Unknown,Unknown EMS Hospital Arrival Time,1,Daylight,Clear,0,5,[],[],0,0,Valid,0.0,0.0,52.0,52.0,['Male'],0,0,3,2,4,Dry,Straight,Level,Lowest,No
9834,12,Florida,122418,0,2,2,0,4,APOPKA,October,5,Thursday,8,8,Urban,Low Speed (Local),No,28.68758333,-81.52051389,Complex/Circle,Daylight,Clear,Unknown,Unknown,Unknown EMS Scene Arrival Hour,Unknown EMS Scene Arrival Minutes,Unknown,Unknown EMS Hospital Arrival Time,1,Daylight,Clear,1,3,['Front_Passenger'],['Shoulder_Lapbelt'],0,0,Invalid,0.0,0.0,38.0,25.0,"['Male', 'Female']",1,0,2,4,5,Dry,Straight,Level,Lowest,No
9835,12,Florida,122419,1,1,1,0,1,FORT LAUDERDALE,October,5,Thursday,18,44,Urban,Medium Speed (Collector),No,26.12920278,-80.16611944,Simple Junction,Daylight,Clear,Unknown,Unknown,Unknown EMS Scene Arrival Hour,Unknown EMS Scene Arrival Minutes,Unknown,Unknown EMS Hospital Arrival Time,1,Daylight,Clear,0,1,[],[],0,0,Valid,0.0,0.0,54.0,54.0,['Male'],0,0,3,2,4,Dry,Straight,Level,Lowest,No
9836,12,Florida,122420,1,1,1,0,1,NOT APPLICABLE,October,10,Tuesday,0,18,Urban,High Speed (Arterial),Yes,26.65164167,-80.11400278,Non-Intersection,Dark - Lighted,Clear,Unknown,Unknown,Unknown EMS Scene Arrival Hour,Unknown EMS Scene Arrival Minutes,Not Applicable (Not Transported),Not Applicable (Not Transported),1,Dark - Lighted,Clear,0,1,[],[],0,0,Valid,0.0,0.0,56.0,56.0,['Male'],0,0,3,3,4,Dry,Straight,Level,Lowest,No
9837,12,Florida,122421,0,2,2,0,2,NOT APPLICABLE,October,9,Monday,6,19,Urban,High Speed (Arterial),Yes,26.68200833,-81.89586389,Simple Junction,Dark - Lighted,Clear,Unknown,Unknown,Unknown EMS Scene Arrival Hour,Unknown EMS Scene Arrival Minutes,Unknown,Unknown EMS Hospital Arrival Time,1,Dark - Lighted,Clear,1,1,['Driver'],['Shoulder_Lapbelt'],0,0,Invalid,0.0,0.0,41.0,36.0,"['Male', 'Male']",0,0,3,4,5,Dry,Curve,Level,Lowest,No
9838,12,Florida,122422,0,1,1,0,2,NOT APPLICABLE,October,9,Monday,0,0,Urban,High Speed (Arterial),Yes,25.71864722,-80.31832222,Non-Intersection,Dark - Lighted,Rain,Unknown,Unknown,Unknown EMS Scene Arrival Hour,Unknown EMS Scene Arrival Minutes,Not Applicable (Not Transported),Not Applicable (Not Transported),1,Dark - Lighted,Rain/Wind/Minor,1,1,['Driver'],['Shoulder_Lapbelt'],0,0,Valid,0.0,0.0,25.0,25.0,['Male'],0,0,2,4,3,Wet/Standing Water,Straight,Level,Lowest,No
9839,12,Florida,122423,0,1,1,0,1,GREEN COVE SPRINGS,October,10,Tuesday,23,32,Rural,Medium Speed (Collector),No,29.85361389,-81.63759167,Non-Intersection,Dark - Not Lighted,Clear,Unknown,Unknown,Unknown EMS Scene Arrival Hour,Unknown EMS Scene Arrival Minutes,Not Applicable (Not Transported),Not Applicable (Not Transported),1,Dark - Unlighted,Clear,1,0,['Driver'],['Shoulder_Lapbelt'],1,1,Valid,0.0,3.0,61.0,61.0,['Male'],0,0,2,4,3,Dry,Straight,Level,Lowest,No
9840,12,Florida,122424,0,1,1,0,1,NOT APPLICABLE,October,10,Tuesday,12,50,Rural,Medium Speed (Collector),No,28.37144722,-82.54285278,Non-Intersection,Daylight,Clear,Unknown,Unknown,Unknown EMS Scene Arrival Hour,Unknown EMS Scene Arrival Minutes,Not Applicable (Not Transported),Not Applicable (Not Transported),1,Daylight,Clear,1,0,['Driver'],['None_Used'],0,0,Valid,0.0,0.0,73.0,73.0,['Male'],0,0,3,3,3,Dry,Straight,Level,Lowest,No
9841,12,Florida,122425,0,2,2,0,2,NOT APPLICABLE,September,27,Wednesday,23,24,Urban,Medium Speed (Collector),No,30.32166944,-87.40516111,Simple Junction,Dark - Lighted,Clear,Unknown,Unknown,Unknown EMS Scene Arrival Hour,Unknown EMS Scene Arrival Minutes,Not Applicable (Not Transported),Not Applicable (Not Transported),1,Dark - Lighted,Clear,1,1,['Driver'],['None_Used'],0,0,Valid,0.0,0.0,81.0,41.0,"['Female', 'Male']",0,0,5,4,5,Dry,Straight,Level,Lowest,No
9842,12,Florida,122426,0,3,3,0,4,NOT APPLICABLE,October,7,Saturday,4,20,Urban,High Speed (Arterial),Yes,28.327475,-81.55008611,Non-Intersection,Dark - Lighted,Clear,Unknown,Unknown,Unknown EMS Scene Arrival Hour,Unknown EMS Scene Arrival Minutes,Unknown,Unknown EMS Hospital Arrival Time,1,Dark - Lighted,Clear,1,3,['Driver'],['Shoulder_Lapbelt'],1,1,Valid,0.0,0.0,65.0,30.0,"['Male', 'Female', 'Male']",0,0,3,4,5,Dry,Straight,Level,Lowest,No
9843,12,Florida,122427,0,2,2,0,2,WILDWOOD,September,30,Saturday,5,30,Urban,High Speed (Arterial),No,28.84220556,-82.02445833,Non-Intersection,Dark - Lighted,Cloudy,Unknown,Unknown,Unknown EMS Scene Arrival Hour,Unknown EMS Scene Arrival Minutes,Not Applicable (Not Transported),Not Applicable (Not Transported),1,Dark - Lighted,Reduced Visibility,1,1,['Driver'],['None_Used'],0,0,Valid,0.0,0.0,45.0,22.0,"['Female', 'Male']",0,0,4,4,5,Dry,Straight,Level,Lowest,No
9844,12,Florida,122428,1,1,1,0,1,PINELLAS PARK,October,3,Tuesday,22,24,Urban,Medium Speed (Collector),No,27.85693889,-82.70008056,Non-Intersection,Dark - Lighted,Clear,Unknown,Unknown,Unknown EMS Scene Arrival Hour,Unknown EMS Scene Arrival Minutes,Unknown,Unknown EMS Hospital Arrival Time,1,Dark - Lighted,Clear,0,1,[],[],0,0,Valid,0.0,0.0,49.0,49.0,['Male'],0,0,3,4,4,Dry,Straight,Level,Lowest,No
9845,12,Florida,122429,0,2,2,0,5,NOT APPLICABLE,October,8,Sunday,12,35,Urban,High Speed (Arterial),No,26.04531667,-81.67104167,Simple Junction,Daylight,Cloudy,Unknown,Unknown,Unknown EMS Scene Arrival Hour,Unknown EMS Scene Arrival Minutes,Unknown,Unknown EMS Hospital Arrival Time,1,Daylight,Reduced Visibility,1,4,['Driver'],['Shoulder_Lapbelt'],0,0,Valid,0.0,0.0,77.0,20.0,"['Male', 'Female']",0,0,2,4,5,Dry,Straight,Level,Lowest,No
9846,12,Florida,122430,0,1,1,0,2,SANFORD,October,9,Monday,20,10,Urban,High Speed (Arterial),Yes,28.78666389,-81.27288889,Complex/Circle,Dark - Lighted,Clear,Unknown,Unknown,Unknown EMS Scene Arrival Hour,Unknown EMS Scene Arrival Minutes,Unknown,Unknown EMS Hospital Arrival Time,1,Dark - Lighted,Clear,1,1,['Driver'],['None_Used'],0,0,Valid,0.0,0.0,78.0,78.0,['Male'],0,0,5,3,2,Dry,Straight,Level,Lowest,No
9847,12,Florida,122431,0,1,1,0,1,NOT APPLICABLE,October,8,Sunday,17,32,Rural,Low Speed (Local),No,26.97276111,-81.92784722,Non-Intersection,Daylight,Clear,Unknown,Unknown,Unknown EMS Scene Arrival Hour,Unknown EMS Scene Arrival Minutes,Not Applicable (Not Transported),Not Applicable (Not Transported),1,Daylight,Clear,1,0,['Driver'],['None_Used'],1,1,Valid,0.0,0.0,79.0,79.0,['Male'],0,0,5,4,3,Dry,Curve,Level,Lowest,No
9848,12,Florida,122432,0,2,2,0,2,JACKSONVILLE,October,9,Monday,19,35,Urban,High Speed (Arterial),Yes,30.252575,-81.74303889,Simple Junction,Dusk,Clear,Unknown,Unknown,Unknown EMS Scene Arrival Hour,Unknown EMS Scene Arrival Minutes,Unknown,Unknown EMS Hospital Arrival Time,1,Twilight,Clear,1,1,['Driver'],['None_Used'],0,0,Valid,0.0,0.0,32.0,22.0,"['Female', 'Male']",1,0,5,4,5,Dry,Straight,Level,Lowest,No
9849,12,Florida,122433,0,1,1,0,2,NOT APPLICABLE,October,7,Saturday,5,0,Rural,Low Speed (Local),No,28.69262778,-81.15981111,Non-Intersection,Dark - Not Lighted,Reported as Unknown,Unknown,Unknown,Unknown EMS Scene Arrival Hour,Unknown EMS Scene Arrival Minutes,Unknown,Unknown EMS Hospital Arrival Time,1,Dark - Unlighted,Clear,1,1,['Driver'],['Shoulder_Lapbelt'],1,1,Invalid,0.0,0.0,24.0,24.0,['Male'],0,0,5,4,3,Dry,Straight,Level,Lowest,No
9850,12,Florida,122434,0,1,1,0,3,NOT APPLICABLE,October,7,Saturday,2,25,Urban,High Speed (Arterial),Yes,30.44894444,-87.218975,Non-Intersection,Dark - Lighted,Cloudy,Unknown,Unknown,Unknown EMS Scene Arrival Hour,Unknown EMS Scene Arrival Minutes,Unknown,Unknown EMS Hospital Arrival Time,1,Dark - Lighted,Reduced Visibility,1,2,['Rear_Seat'],['Shoulder_Lapbelt'],1,1,Valid,0.0,1.0,33.0,33.0,['Male'],3,0,2,4,3,Wet/Standing Water,Straight,Grade/Hillcrest,Lowest,No
9851,12,Florida,122435,1,1,1,0,1,NOT APPLICABLE,August,28,Monday,21,58,Urban,High Speed (Arterial),Yes,28.34709167,-81.66441667,Non-Intersection,Dark - Not Lighted,Clear,Unknown,Unknown,Unknown EMS Scene Arrival Hour,Unknown EMS Scene Arrival Minutes,Unknown,Unknown EMS Hospital Arrival Time,1,Dark - Unlighted,Clear,0,1,[],[],0,0,Valid,0.0,0.0,58.0,58.0,['Female'],0,0,2,4,4,Dry,Straight,Level,Lowest,No
9852,12,Florida,122436,0,2,2,0,2,GAINESVILLE,October,5,Thursday,23,9,Urban,Medium Speed (Collector),No,29.64514444,-82.42243333,Complex/Circle,Dark - Lighted,Clear,Unknown,Unknown,Unknown EMS Scene Arrival Hour,Officially Cancelled,Unknown,Officially Canceled,1,Dark - Lighted,Clear,1,1,['Driver'],['None_Used'],0,0,Valid,2.0,0.0,31.0,26.0,"['Male', 'Male']",0,0,5,4,5,Dry,Straight,Level,Lowest,No
9853,12,Florida,122437,0,4,4,0,6,OAKLAND PARK,October,5,Thursday,22,15,Urban,High Speed (Arterial),Yes,26.16588889,-80.16021111,Non-Intersection,Dark - Lighted,Clear,Unknown,Unknown,Unknown EMS Scene Arrival Hour,Unknown EMS Scene Arrival Minutes,Unknown,Unknown EMS Hospital Arrival Time,1,Dark - Lighted,Clear,1,5,['Driver'],['None_Used'],0,0,Valid,0.0,1.0,74.0,21.0,"['Male', 'Male', 'Male', 'Female']",0,0,3,4,5,Dry,Straight,Level,Lowest,No
9854,12,Florida,122438,1,1,1,0,1,JACKSONVILLE,October,11,Wednesday,20,15,Urban,High Speed (Arterial),Yes,30.32089167,-81.70621667,Non-Intersection,Dark - Lighted,Other,Unknown,Unknown,Unknown EMS Scene Arrival Hour,Unknown EMS Scene Arrival Minutes,Not Applicable (Not Transported),Not Applicable (Not Transported),1,Dark - Lighted,Reduced Visibility,0,1,[],[],0,0,Invalid,0.0,0.0,998.0,998.0,['Other'],0,0,1,0,4,Wet/Standing Water,Straight,Level,Lowest,No
9855,12,Florida,122439,1,1,1,0,1,NOT APPLICABLE,September,15,Friday,19,49,Urban,Medium Speed (Collector),No,25.72127222,-80.43146111,Complex/Circle,Daylight,Clear,Unknown,Unknown,Unknown EMS Scene Arrival Hour,Unknown EMS Scene Arrival Minutes,Unknown,Unknown EMS Hospital Arrival Time,1,Daylight,Clear,0,1,[],[],0,0,Valid,0.0,1.0,23.0,23.0,['Male'],0,0,2,3,4,Dry,Straight,Level,Lowest,No
9856,12,Florida,122440,0,4,4,0,5,COCONUT CREEK,October,8,Sunday,17,33,Urban,High Speed (Arterial),Yes,26.32633611,-80.20276944,Complex/Circle,Daylight,Cloudy,Unknown,Unknown,Unknown EMS Scene Arrival Hour,Unknown EMS Scene Arrival Minutes,Unknown,Unknown EMS Hospital Arrival Time,1,Daylight,Reduced Visibility,1,4,['Driver'],['None_Used'],0,0,Valid,1.0,0.0,61.0,19.0,"['Male', 'Male', 'Female', 'Male']",0,0,5,4,5,Wet/Standing Water,Straight,Level,Lowest,No
9857,12,Florida,122441,0,1,1,0,4,NOT APPLICABLE,October,9,Monday,2,0,Urban,Medium Speed (Collector),No,28.01075278,-82.50501944,Non-Intersection,Dark - Lighted,Clear,Unknown,Unknown,Unknown EMS Scene Arrival Hour,Unknown EMS Scene Arrival Minutes,Unknown,Unknown EMS Hospital Arrival Time,1,Dark - Lighted,Clear,1,3,['Driver'],['None_Used'],1,1,Valid,0.0,0.0,31.0,31.0,['Male'],4,0,2,4,2,Dry,Curve,Level,Lowest,No
9858,12,Florida,122442,0,2,2,0,3,NOT APPLICABLE,October,7,Saturday,15,35,Rural,Medium Speed (Collector),No,30.49351944,-85.04401944,Non-Intersection,Daylight,Clear,Unknown,Unknown,Unknown EMS Scene Arrival Hour,Unknown EMS Scene Arrival Minutes,Unknown,Unknown EMS Hospital Arrival Time,1,Daylight,Clear,1,2,['Front_Passenger'],['Shoulder_Lapbelt'],0,0,Valid,0.0,0.0,65.0,46.0,"['Male', 'Male']",0,0,3,4,5,Dry,Straight,Level,Lowest,No
9859,12,Florida,122443,0,2,2,0,3,PEMBROKE PINES,September,30,Saturday,0,12,Urban,High Speed (Arterial),Yes,26.00096667,-80.24780556,Non-Intersection,Dark - Lighted,Clear,Unknown,Unknown,Unknown EMS Scene Arrival Hour,Unknown EMS Scene Arrival Minutes,Unknown,Unknown EMS Hospital Arrival Time,1,Dark - Lighted,Clear,1,2,['Driver'],['None_Used'],0,0,Valid,0.0,0.0,65.0,58.0,"['Male', 'Male']",0,0,5,4,5,Dry,Straight,Level,Lowest,No
9860,12,Florida,122444,0,4,4,0,5,NOT APPLICABLE,October,9,Monday,15,29,Urban,High Speed (Arterial),Yes,27.82243333,-82.38190278,Non-Intersection,Daylight,Cloudy,Unknown,Unknown,Unknown EMS Scene Arrival Hour,Unknown EMS Scene Arrival Minutes,Unknown,Unknown EMS Hospital Arrival Time,1,Daylight,Reduced Visibility,1,4,['Driver'],['None_Used'],0,0,Invalid,2.0,0.0,77.0,22.0,"['Male', 'Male', 'Male', 'Male']",0,0,3,4,5,Dry,Straight,Level,Lowest,No
9861,12,Florida,122445,1,1,1,0,5,DAYTONA BEACH,October,8,Sunday,23,37,Urban,High Speed (Arterial),Yes,29.17767222,-81.02897778,Complex/Circle,Dark - Not Lighted,Clear,Unknown,Unknown,Unknown EMS Scene Arrival Hour,Unknown EMS Scene Arrival Minutes,Not Applicable (Not Transported),Not Applicable (Not Transported),1,Dark - Unlighted,Clear,0,5,[],[],0,0,Invalid,0.0,2.0,25.0,25.0,['Female'],0,0,2,4,4,Dry,Straight,Level,Lowest,No
9862,12,Florida,122446,1,1,1,0,2,NOT APPLICABLE,October,12,Thursday,3,32,Urban,High Speed (Arterial),Yes,24.5887,-81.68879722,Non-Intersection,Dark - Not Lighted,Clear,Unknown,Unknown,Unknown EMS Scene Arrival Hour,Unknown EMS Scene Arrival Minutes,Not Applicable (Not Transported),Not Applicable (Not Transported),1,Dark - Unlighted,Clear,0,2,[],[],0,0,Valid,0.0,1.0,37.0,37.0,['Male'],0,0,3,4,4,Dry,Straight,Level,Lowest,No
9863,12,Florida,122447,0,2,2,0,4,NOT APPLICABLE,October,8,Sunday,15,0,Urban,High Speed (Arterial),Yes,27.41951111,-80.38820833,Non-Intersection,Daylight,Cloudy,Unknown,Unknown,Unknown EMS Scene Arrival Hour,Unknown EMS Scene Arrival Minutes,Unknown,Unknown EMS Hospital Arrival Time,1,Daylight,Reduced Visibility,1,3,['Driver'],['Shoulder_Lapbelt'],1,1,Valid,0.0,0.0,60.0,27.0,"['Female', 'Male']",0,0,3,4,5,Dry,Straight,Level,Lowest,No
9864,12,Florida,122448,0,2,2,0,2,HOMESTEAD,October,5,Thursday,16,47,Urban,Medium Speed (Collector),No,25.47766667,-80.42814444,Complex/Circle,Daylight,Clear,Unknown,Unknown,Unknown EMS Scene Arrival Hour,Unknown EMS Scene Arrival Minutes,Unknown,Unknown EMS Hospital Arrival Time,1,Daylight,Clear,1,1,['Driver'],['None_Used'],0,0,Valid,0.0,0.0,50.0,22.0,"['Female', 'Male']",0,0,5,4,5,Dry,Straight,Level,Lowest,No
9865,12,Florida,122449,1,1,1,0,1,TALLAHASSEE,October,11,Wednesday,7,9,Urban,Medium Speed (Collector),No,30.42064722,-84.25051667,Non-Intersection,Dark - Lighted,Cloudy,Unknown,Unknown,Unknown EMS Scene Arrival Hour,Unknown EMS Scene Arrival Minutes,Unknown,Unknown EMS Hospital Arrival Time,1,Dark - Lighted,Reduced Visibility,0,1,[],[],0,0,Valid,0.0,0.0,37.0,37.0,['Female'],0,0,2,3,4,Dry,Curve,Grade/Hillcrest,Lowest,No
9866,12,Florida,122450,0,1,1,0,3,WEST PALM BEACH,September,26,Tuesday,1,17,Urban,High Speed (Arterial),Yes,26.74596111,-80.09071944,Non-Intersection,Dark - Lighted,Cloudy,Unknown,Unknown,Unknown EMS Scene Arrival Hour,Unknown EMS Scene Arrival Minutes,Unknown,Unknown EMS Hospital Arrival Time,1,Dark - Lighted,Reduced Visibility,1,2,['Rear_Seat'],['Child_Safety'],1,1,Invalid,0.0,0.0,28.0,28.0,['Male'],0,0,2,4,3,Wet/Standing Water,Straight,Level,Lowest,No
9867,12,Florida,122451,1,1,1,0,1,JACKSONVILLE,October,14,Saturday,22,29,Urban,High Speed (Arterial),Yes,30.35590278,-81.65392222,Non-Intersection,Dark - Lighted,Clear,Unknown,Unknown,Unknown EMS Scene Arrival Hour,Unknown EMS Scene Arrival Minutes,Unknown,Unknown EMS Hospital Arrival Time,1,Dark - Lighted,Clear,0,1,[],[],0,0,Invalid,0.0,0.0,998.0,998.0,['Other'],0,0,1,0,4,Dry,Straight,Level,Lowest,No
9868,12,Florida,122452,0,1,1,0,1,NOT APPLICABLE,October,9,Monday,22,0,Rural,Medium Speed (Collector),No,29.34707222,-83.12420833,Non-Intersection,Dark - Not Lighted,Clear,Unknown,Unknown,Unknown EMS Scene Arrival Hour,Unknown EMS Scene Arrival Minutes,Unknown,Unknown EMS Hospital Arrival Time,1,Dark - Unlighted,Clear,1,0,['Driver'],['Shoulder_Lapbelt'],0,0,Valid,0.0,0.0,63.0,63.0,['Female'],0,0,3,4,3,Dry,Curve,Level,Lowest,No
9869,12,Florida,122453,0,2,2,0,2,SEMINOLE,October,9,Monday,13,42,Urban,High Speed (Arterial),Yes,27.85047778,-82.78702778,Non-Intersection,Daylight,Clear,Unknown,Unknown,Unknown EMS Scene Arrival Hour,Unknown EMS Scene Arrival Minutes,Unknown,Unknown EMS Hospital Arrival Time,1,Daylight,Clear,1,1,['Driver'],['Shoulder_Lapbelt'],0,0,Valid,0.0,0.0,72.0,44.0,"['Female', 'Female']",0,0,3,4,5,Dry,Straight,Level,Lowest,No
9870,12,Florida,122454,0,2,2,0,2,CUTLER BAY,September,24,Sunday,21,40,Urban,Medium Speed (Collector),No,25.59606667,-80.34808889,Simple Junction,Dark - Not Lighted,Clear,Unknown,Unknown,Unknown EMS Scene Arrival Hour,Unknown EMS Scene Arrival Minutes,Unknown,Unknown EMS Hospital Arrival Time,1,Dark - Unlighted,Clear,1,1,['Driver'],['None_Used'],0,0,Valid,0.0,0.0,54.0,34.0,"['Male', 'Female']",0,0,5,4,5,Dry,Straight,Level,Lowest,No
9871,12,Florida,122455,0,1,1,0,2,NOT APPLICABLE,October,14,Saturday,8,41,Urban,Medium Speed (Collector),No,28.32834722,-82.20972222,Non-Intersection,Daylight,Clear,Unknown,Unknown,Unknown EMS Scene Arrival Hour,Unknown EMS Scene Arrival Minutes,Unknown,Unknown EMS Hospital Arrival Time,1,Daylight,Clear,1,1,['Front_Passenger'],['None_Used'],0,0,Valid,0.0,0.0,40.0,40.0,['Male'],0,0,3,4,3,Dry,Straight,Level,Lowest,No
9872,12,Florida,122456,0,2,2,0,3,NOT APPLICABLE,October,14,Saturday,11,17,Urban,Medium Speed (Collector),No,28.33987222,-82.66613333,Simple Junction,Daylight,Clear,11:00am-11:59am,17,11:00am-11:59am,23,Unknown,Unknown EMS Hospital Arrival Time,1,Daylight,Clear,1,2,['Driver'],['Shoulder_Lapbelt'],0,0,Valid,0.0,0.0,84.0,79.0,"['Female', 'Male']",0,0,3,4,5,Dry,Straight,Level,Lowest,No
9873,12,Florida,122457,0,1,1,0,1,NOT APPLICABLE,October,5,Thursday,20,0,Rural,High Speed (Arterial),Yes,29.58653333,-82.94658889,Non-Intersection,Dark - Not Lighted,Cloudy,Unknown,Unknown,Unknown EMS Scene Arrival Hour,Officially Cancelled,Unknown,Officially Canceled,1,Dark - Unlighted,Reduced Visibility,1,0,['Driver'],['None_Used'],0,0,Valid,0.0,3.0,31.0,31.0,['Male'],0,0,2,4,4,Dry,Curve,Level,Lowest,No
9874,12,Florida,122458,0,3,3,0,5,NOT APPLICABLE,October,7,Saturday,12,25,Urban,High Speed (Arterial),Yes,30.70031111,-86.57116111,Complex/Circle,Daylight,Clear,Unknown,Unknown,Unknown EMS Scene Arrival Hour,Unknown EMS Scene Arrival Minutes,Not Applicable (Not Transported),Not Applicable (Not Transported),1,Daylight,Clear,1,4,['Driver'],['None_Used'],0,0,Valid,0.0,2.0,63.0,25.0,"['Male', 'Male', 'Male']",1,0,5,4,5,Dry,Straight,Grade/Hillcrest,Lowest,No
9875,12,Florida,122459,0,1,1,0,1,NOT APPLICABLE,October,13,Friday,3,51,Urban,Low Speed (Local),No,26.39416111,-80.19235833,Simple Junction,Dark - Lighted,Clear,Unknown,Unknown,Unknown EMS Scene Arrival Hour,Officially Cancelled,Unknown,Officially Canceled,1,Dark - Lighted,Clear,1,0,['Driver'],['None_Used'],1,1,Valid,0.0,0.0,29.0,29.0,['Male'],0,0,2,4,3,Wet/Standing Water,Straight,Level,Lowest,No
9876,12,Florida,122460,0,2,2,0,3,TAMPA,October,14,Saturday,16,13,Urban,Medium Speed (Collector),No,28.01076944,-82.46895556,Simple Junction,Daylight,Clear,Unknown,Unknown,Unknown EMS Scene Arrival Hour,Unknown EMS Scene Arrival Minutes,Not Applicable (Not Transported),Not Applicable (Not Transported),1,Daylight,Clear,1,2,['Driver'],['None_Used'],0,0,Valid,0.0,0.0,28.0,27.0,"['Male', 'Male']",1,0,5,4,5,Dry,Straight,Level,Lowest,No
9877,12,Florida,122461,0,1,1,0,1,JACKSONVILLE,October,15,Sunday,12,27,Urban,Low Speed (Local),No,30.25851667,-81.60047222,Non-Intersection,Daylight,Clear,Unknown,Unknown,Unknown EMS Scene Arrival Hour,Unknown EMS Scene Arrival Minutes,Not Applicable (Not Transported),Not Applicable (Not Transported),1,Daylight,Clear,1,0,['Driver'],['None_Used'],0,0,Valid,0.0,0.0,28.0,28.0,['Male'],1,0,3,4,3,Dry,Curve,Level,Lowest,No
9878,12,Florida,122462,1,1,1,0,4,JACKSONVILLE,October,15,Sunday,11,56,Urban,Medium Speed (Collector),No,30.3267,-81.64655833,Complex/Circle,Daylight,Clear,Unknown,Unknown,Unknown EMS Scene Arrival Hour,Unknown EMS Scene Arrival Minutes,Unknown,Unknown EMS Hospital Arrival Time,1,Daylight,Clear,0,4,[],[],0,0,Valid,0.0,0.0,46.0,46.0,['Female'],0,0,2,3,4,Dry,Straight,Level,Lowest,No
9879,12,Florida,122463,0,1,1,0,1,NOT APPLICABLE,October,16,Monday,3,14,Urban,Medium Speed (Collector),No,26.88275556,-80.13243333,Non-Intersection,Dark - Lighted,Clear,Unknown,Unknown,Unknown EMS Scene Arrival Hour,Unknown EMS Scene Arrival Minutes,Not Applicable (Not Transported),Not Applicable (Not Transported),1,Dark - Lighted,Clear,1,0,['Driver'],['Shoulder_Lapbelt'],0,0,Valid,0.0,0.0,24.0,24.0,['Male'],0,0,2,4,3,Dry,Curve,Grade/Hillcrest,Lowest,No
9880,12,Florida,122464,1,1,1,0,1,NOT APPLICABLE,October,5,Thursday,20,33,Urban,High Speed (Arterial),Yes,28.65266667,-81.34798611,Non-Intersection,Dark - Lighted,Clear,Unknown,Unknown,Unknown EMS Scene Arrival Hour,Unknown EMS Scene Arrival Minutes,Unknown,Unknown EMS Hospital Arrival Time,1,Dark - Lighted,Clear,0,1,[],[],0,0,Valid,1.0,0.0,48.0,48.0,['Male'],0,0,3,3,4,Dry,Straight,Level,Lowest,No