,State_Code,State_Name,Crash_ID,Count_Non_Motorists,Count_Vehicles_Total,Count_Vehicle_Forms,Count_PVH_Involved,Count_Occupants_MV,City_Name,Month_Name,Day_of_Month,Day_of_Week,Crash_Hour,Crash_Minute,Area_Rural_Urban,Road_Functional_Class,On_NHS_Road,Latitude,Longitude,Intersection_Type,Light_Condition,Weather_Condition,Notif_Hour,Notif_Minute,Arrival_Hour,Arrival_Minute,Hospital_Hour,Hospital_Minute,Fatalities_Count,Clean_Light_Condition,Clean_Weather_Condition,Total_Killed,Total_Alive,Fatal_Seats_List,Killed_Restraint_List,Any_Driver_Drinking,Total_Drinking_Drivers,Driver_License_Category,Driver_Max_Prev_Accident_Count,Driver_Max_Prev_Speeding_Count,Max_Driver_Age,Min_Driver_Age,Driver_Sex_List,Total_Exceeding_Limit_Vehicles,Total_Too_Fast_Vehicles,Max_Vehicle_Type_Severity_5,Max_Vehicle_Damage_Rank,Max_Harmful_Event_Severity,Crash_Road_Surface_Condition,Crash_Horizontal_Alignment,Crash_Vertical_Profile,Crash_Impairment_Category,Crash_Vehicle_Defect
9881,12,Florida,122465,1,1,1,0,2,NOT APPLICABLE,September,30,Saturday,4,48,Urban,Medium Speed (Collector),No,26.69502222,-80.17295,Non-Intersection,Dark - Not Lighted,Clear,Unknown,Unknown,Unknown EMS Scene Arrival Hour,Unknown EMS Scene Arrival Minutes,Not Applicable (Not Transported),Not Applicable (Not Transported),1,Dark - Unlighted,Clear,0,2,[],[],0,0,Invalid,0.0,2.0,21.0,21.0,['Male'],0,0,2,3,4,Dry,Curve,Level,Lowest,No
9882,12,Florida,122466,1,2,2,0,2,NOT APPLICABLE,October,10,Tuesday,5,45,Urban,Medium Speed (Collector),No,25.81759444,-80.24868611,Non-Intersection,Dawn,Clear,Unknown,Unknown,Unknown EMS Scene Arrival Hour,Unknown EMS Scene Arrival Minutes,Not Applicable (Not Transported),Not Applicable (Not Transported),1,Twilight,Clear,0,2,[],[],0,0,Valid,0.0,0.0,59.0,46.0,"['Male', 'Male']",0,0,3,1,4,Dry,Straight,Level,Lowest,No
9883,12,Florida,122467,1,1,1,0,1,FORT MYERS,October,15,Sunday,23,21,Urban,Medium Speed (Collector),No,26.6088,-81.82043333,Non-Intersection,Dark - Lighted,Clear,Unknown,Unknown,Unknown EMS Scene Arrival Hour,Unknown EMS Scene Arrival Minutes,Not Applicable (Not Transported),Not Applicable (Not Transported),1,Dark - Lighted,Clear,0,1,[],[],0,0,Valid,0.0,0.0,38.0,38.0,['Male'],0,0,3,4,4,Dry,Straight,Level,Lowest,No
9884,12,Florida,122468,0,2,2,0,3,NOT APPLICABLE,October,13,Friday,17,5,Urban,High Speed (Arterial),Yes,25.76093056,-80.44893056,Simple Junction,Daylight,Clear,Unknown,Unknown,Unknown EMS Scene Arrival Hour,Unknown EMS Scene Arrival Minutes,Unknown,Unknown EMS Hospital Arrival Time,1,Daylight,Clear,1,2,['Front_Passenger'],['Shoulder_Lapbelt'],0,0,Valid,0.0,0.0,76.0,24.0,"['Male', 'Male']",0,0,3,4,5,Dry,Straight,Level,Lowest,No
9885,12,Florida,122469,0,1,1,0,1,JACKSONVILLE,October,11,Wednesday,12,40,Urban,High Speed (Arterial),Yes,30.22993056,-81.51389722,Non-Intersection,Daylight,Clear,Unknown,Unknown,Unknown EMS Scene Arrival Hour,Unknown EMS Scene Arrival Minutes,Not Applicable (Not Transported),Not Applicable (Not Transported),1,Daylight,Clear,1,0,['Driver'],['None_Used'],0,0,Valid,0.0,0.0,41.0,41.0,['Male'],0,0,2,4,3,Dry,Straight,Level,Lowest,No
9886,12,Florida,122470,1,1,1,0,1,FRUITLAND PARK,October,12,Thursday,20,18,Urban,High Speed (Arterial),Yes,28.8845,-81.9063,Non-Intersection,Dark - Not Lighted,Clear,Unknown,Unknown,Unknown EMS Scene Arrival Hour,Unknown EMS Scene Arrival Minutes,Not Applicable (Not Transported),Not Applicable (Not Transported),1,Dark - Unlighted,Clear,0,1,[],[],0,0,Valid,1.0,0.0,30.0,30.0,['Male'],0,0,3,4,4,Dry,Straight,Grade/Hillcrest,Lowest,No
9887,12,Florida,122471,0,2,2,0,2,MIDWAY,October,15,Sunday,20,5,Urban,High Speed (Arterial),No,30.47677222,-84.41173889,Non-Intersection,Dark - Not Lighted,Clear,Unknown,Unknown,Unknown EMS Scene Arrival Hour,Unknown EMS Scene Arrival Minutes,Not Applicable (Not Transported),Not Applicable (Not Transported),1,Dark - Unlighted,Clear,1,1,['Driver'],['None_Used'],0,0,Valid,0.0,0.0,61.0,50.0,"['Female', 'Male']",0,0,4,4,5,Dry,Straight,Level,Lowest,No
9888,12,Florida,122472,0,3,3,0,3,NOT APPLICABLE,October,12,Thursday,5,24,Urban,High Speed (Arterial),Yes,30.52073056,-87.31261111,Non-Intersection,Dark - Not Lighted,Rain,Unknown,Unknown,Unknown EMS Scene Arrival Hour,Unknown EMS Scene Arrival Minutes,Unknown,Unknown EMS Hospital Arrival Time,1,Dark - Unlighted,Rain/Wind/Minor,1,2,['Driver'],['None_Used'],0,0,Valid,0.0,1.0,49.0,43.0,"['Male', 'Female', 'Male']",0,0,4,4,5,Wet/Standing Water,Straight,Level,Lowest,No
9889,12,Florida,122473,1,1,1,0,2,NOT APPLICABLE,September,13,Wednesday,21,36,Urban,High Speed (Arterial),Yes,27.96555278,-81.87826944,Non-Intersection,Dark - Lighted,Clear,Unknown,Unknown,Unknown EMS Scene Arrival Hour,Unknown EMS Scene Arrival Minutes,Unknown,Unknown EMS Hospital Arrival Time,1,Dark - Lighted,Clear,0,2,[],[],0,0,Valid,0.0,0.0,69.0,69.0,['Male'],0,0,2,3,4,Dry,Straight,Level,Lowest,No
9890,12,Florida,122474,1,1,1,0,1,NOT APPLICABLE,September,17,Sunday,10,4,Urban,Medium Speed (Collector),No,25.96480556,-80.17452778,Complex/Circle,Daylight,Clear,Unknown,Unknown,Unknown EMS Scene Arrival Hour,Unknown EMS Scene Arrival Minutes,Unknown,Unknown EMS Hospital Arrival Time,1,Daylight,Clear,0,1,[],[],0,0,Invalid,0.0,0.0,998.0,998.0,['Other'],0,0,1,0,4,Dry,Straight,Level,Lowest,No
9891,12,Florida,122475,0,2,2,0,2,NOT APPLICABLE,October,15,Sunday,18,11,Urban,Medium Speed (Collector),No,28.03318333,-82.01076111,Non-Intersection,Daylight,Clear,Unknown,Unknown,Unknown EMS Scene Arrival Hour,Unknown EMS Scene Arrival Minutes,Not Applicable (Not Transported),Not Applicable (Not Transported),1,Daylight,Clear,1,1,['Driver'],['None_Used'],1,1,Valid,1.0,1.0,46.0,45.0,"['Male', 'Female']",1,0,5,4,5,Dry,Curve,Level,Lowest,No
9892,12,Florida,122476,0,3,3,0,3,NOT APPLICABLE,October,16,Monday,8,7,Rural,High Speed (Arterial),Yes,29.339825,-81.49915278,Non-Intersection,Daylight,Clear,Unknown,Unknown,Unknown EMS Scene Arrival Hour,Unknown EMS Scene Arrival Minutes,Unknown,Unknown EMS Hospital Arrival Time,2,Daylight,Clear,2,1,"['Driver', 'Driver']","['Shoulder_Lapbelt', 'Shoulder_Lapbelt']",0,0,Valid,0.0,1.0,48.0,20.0,"['Female', 'Male', 'Female']",0,0,2,4,5,Dry,Curve,Level,Lowest,No
9893,12,Florida,122477,0,3,3,0,11,NORTH MIAMI,October,13,Friday,6,41,Urban,Medium Speed (Collector),No,25.89736111,-80.21133611,Non-Intersection,Dawn,Clear,Unknown,Unknown,Unknown EMS Scene Arrival Hour,Unknown EMS Scene Arrival Minutes,Unknown,Unknown EMS Hospital Arrival Time,1,Twilight,Clear,1,10,['Driver'],['Shoulder_Lapbelt'],0,0,Valid,0.0,0.0,67.0,57.0,"['Female', 'Male', 'Male']",0,0,4,4,5,Dry,Straight,Level,Lowest,No
9894,12,Florida,122478,0,2,2,0,3,NOT APPLICABLE,September,30,Saturday,15,45,Rural,High Speed (Arterial),Yes,30.61678889,-84.76634444,Non-Intersection,Daylight,Clear,Unknown,Unknown,Unknown EMS Scene Arrival Hour,Officially Cancelled,Unknown,Officially Canceled,1,Daylight,Clear,1,2,['Driver'],['Shoulder_Lapbelt'],0,0,Valid,0.0,0.0,69.0,33.0,"['Female', 'Male']",0,0,3,4,5,Dry,Straight,Grade/Hillcrest,Lowest,No
9895,12,Florida,122479,1,1,1,0,3,NOT APPLICABLE,October,13,Friday,21,16,Urban,Medium Speed (Collector),No,28.87349167,-81.78074722,Non-Intersection,Dark - Not Lighted,Clear,9:00pm-9:59pm,Unknown,9:00pm-9:59pm,Unknown EMS Scene Arrival Minutes,Not Applicable (Not Transported),Not Applicable (Not Transported),1,Dark - Unlighted,Clear,0,3,[],[],0,0,Valid,0.0,0.0,37.0,37.0,['Male'],0,0,2,3,4,Dry,Straight,Level,Lowest,No
9896,12,Florida,122480,0,2,2,0,3,NOT APPLICABLE,October,14,Saturday,2,10,Urban,High Speed (Arterial),Yes,29.20554167,-82.18446667,Non-Intersection,Dark - Not Lighted,Clear,Unknown,Unknown,Unknown EMS Scene Arrival Hour,Unknown EMS Scene Arrival Minutes,Unknown,Unknown EMS Hospital Arrival Time,1,Dark - Unlighted,Clear,1,2,['Rear_Seat'],['Shoulder_Lapbelt'],0,0,Valid,1.0,0.0,20.0,20.0,['Male'],0,0,3,4,5,Dry,Straight,Grade/Hillcrest,Lowest,No
9897,12,Florida,122482,1,1,1,0,1,TALLAHASSEE,September,27,Wednesday,7,6,Urban,Medium Speed (Collector),No,30.42362222,-84.30224444,Complex/Circle,Dark - Lighted,Cloudy,Unknown,Unknown,Unknown EMS Scene Arrival Hour,Unknown EMS Scene Arrival Minutes,Unknown,Unknown EMS Hospital Arrival Time,1,Dark - Lighted,Reduced Visibility,0,1,[],[],0,0,Valid,0.0,0.0,42.0,42.0,['Male'],0,0,3,2,4,Dry,Straight,Level,Lowest,No
9898,12,Florida,122483,0,2,2,0,2,NOT APPLICABLE,October,14,Saturday,20,13,Urban,Medium Speed (Collector),No,27.90859167,-82.35649722,Complex/Circle,Dark - Lighted,Clear,Unknown,Unknown,Unknown EMS Scene Arrival Hour,Unknown EMS Scene Arrival Minutes,Not Applicable (Not Transported),Not Applicable (Not Transported),1,Dark - Lighted,Clear,1,1,['Driver'],['None_Used'],0,0,Invalid,0.0,0.0,38.0,24.0,"['Female', 'Male']",1,0,5,4,5,Dry,Straight,Level,Lowest,No
9899,12,Florida,122484,0,2,2,0,3,CAPE CORAL,October,16,Monday,11,58,Urban,Medium Speed (Collector),No,26.63146667,-81.95976667,Complex/Circle,Daylight,Clear,Unknown,Unknown,Unknown EMS Scene Arrival Hour,Unknown EMS Scene Arrival Minutes,Unknown,Unknown EMS Hospital Arrival Time,1,Daylight,Clear,1,2,['Driver'],['Shoulder_Lapbelt'],0,0,Valid,0.0,0.0,78.0,66.0,"['Male', 'Female']",0,0,2,4,5,Dry,Straight,Level,Lowest,No
9900,12,Florida,122485,0,2,2,0,2,NOT APPLICABLE,October,17,Tuesday,10,57,Urban,Medium Speed (Collector),No,27.01980833,-82.18652222,Complex/Circle,Daylight,Clear,Unknown,Unknown,Unknown EMS Scene Arrival Hour,Unknown EMS Scene Arrival Minutes,Unknown,Unknown EMS Hospital Arrival Time,1,Daylight,Clear,1,1,['Driver'],['Shoulder_Lapbelt'],0,0,Invalid,0.0,0.0,91.0,42.0,"['Male', 'Female']",0,0,3,4,5,Dry,Straight,Level,Lowest,No
9901,12,Florida,122486,1,1,1,0,1,TAMPA,October,16,Monday,2,0,Urban,High Speed (Arterial),Yes,27.93682222,-82.43539444,Non-Intersection,Dark - Lighted,Clear,Unknown,Unknown,Unknown EMS Scene Arrival Hour,Unknown EMS Scene Arrival Minutes,Not Applicable (Not Transported),Not Applicable (Not Transported),1,Dark - Lighted,Clear,0,1,[],[],1,1,Valid,0.0,0.0,29.0,29.0,['Female'],0,0,2,3,4,Dry,Curve,Level,Lowest,No
9902,12,Florida,122487,0,1,1,0,1,NOT APPLICABLE,October,16,Monday,23,41,Urban,High Speed (Arterial),Yes,29.01493056,-82.45498611,Non-Intersection,Dark - Not Lighted,Clear,11:00pm-11:59pm,43,11:00pm-11:59pm,49,Not Applicable (Not Transported),Not Applicable (Not Transported),1,Dark - Unlighted,Clear,1,0,['Driver'],['None_Used'],1,1,Valid,0.0,0.0,42.0,42.0,['Female'],0,0,3,4,3,Dry,Curve,Level,Lowest,No
9903,12,Florida,122488,1,1,1,0,1,CASSELBERRY,October,16,Monday,15,46,Urban,Low Speed (Local),No,28.65398056,-81.33066389,Non-Intersection,Daylight,Clear,Unknown,Unknown,Unknown EMS Scene Arrival Hour,Unknown EMS Scene Arrival Minutes,Unknown,Unknown EMS Hospital Arrival Time,1,Daylight,Clear,0,1,[],[],0,0,Valid,1.0,4.0,26.0,26.0,['Male'],0,0,3,3,4,Dry,Curve,Level,Lowest,No
9904,12,Florida,122489,1,1,1,0,1,JACKSONVILLE,October,19,Thursday,0,27,Urban,High Speed (Arterial),Yes,30.41541944,-81.65691944,Non-Intersection,Dark - Not Lighted,Clear,Unknown,Unknown,Unknown EMS Scene Arrival Hour,Unknown EMS Scene Arrival Minutes,Not Applicable (Not Transported),Not Applicable (Not Transported),1,Dark - Unlighted,Clear,0,1,[],[],0,0,Valid,0.0,0.0,53.0,53.0,['Female'],0,0,3,3,4,Dry,Straight,Level,Lowest,No
9905,12,Florida,122490,1,1,1,0,1,NOT APPLICABLE,September,26,Tuesday,8,46,Urban,High Speed (Arterial),Yes,27.54508056,-80.37613889,Non-Intersection,Daylight,Clear,Unknown,Unknown,Unknown EMS Scene Arrival Hour,Unknown EMS Scene Arrival Minutes,Unknown,Unknown EMS Hospital Arrival Time,1,Daylight,Clear,0,1,[],[],0,0,Valid,0.0,0.0,27.0,27.0,['Male'],0,0,3,2,4,Dry,Straight,Level,Lowest,No
9906,12,Florida,122491,0,1,1,0,1,NOT APPLICABLE,October,17,Tuesday,3,25,Urban,High Speed (Arterial),Yes,28.64546667,-81.79473889,Non-Intersection,Dark - Not Lighted,Clear,Unknown,Unknown,Unknown EMS Scene Arrival Hour,Unknown EMS Scene Arrival Minutes,Not Applicable (Not Transported),Not Applicable (Not Transported),1,Dark - Unlighted,Clear,1,0,['Driver'],['None_Used'],0,0,Valid,0.0,4.0,26.0,26.0,['Male'],0,0,3,4,3,Dry,Straight,Level,Lowest,No
9907,12,Florida,122492,1,1,1,0,1,NOT APPLICABLE,October,11,Wednesday,2,21,Urban,Medium Speed (Collector),Yes,30.48136389,-87.22586944,Non-Intersection,Dark - Not Lighted,Rain,Unknown,Unknown,Unknown EMS Scene Arrival Hour,Unknown EMS Scene Arrival Minutes,Unknown,Unknown EMS Hospital Arrival Time,1,Dark - Unlighted,Rain/Wind/Minor,0,1,[],[],0,0,Valid,0.0,0.0,40.0,40.0,['Male'],0,0,3,4,4,Wet/Standing Water,Straight,Level,Lowest,No
9908,12,Florida,122493,0,1,1,0,1,TAMPA,October,12,Thursday,3,12,Urban,High Speed (Arterial),Yes,27.96786944,-82.54990556,Non-Intersection,Dark - Lighted,Rain,Unknown,Unknown,Unknown EMS Scene Arrival Hour,Unknown EMS Scene Arrival Minutes,Not Applicable (Not Transported),Not Applicable (Not Transported),1,Dark - Lighted,Rain/Wind/Minor,1,0,['Driver'],['None_Used'],0,0,Valid,0.0,0.0,44.0,44.0,['Male'],0,0,3,4,3,Wet/Standing Water,Curve,Grade/Hillcrest,Lowest,No
9909,12,Florida,122494,1,1,1,0,1,NOT APPLICABLE,October,16,Monday,21,30,Rural,Low Speed (Local),No,28.53713889,-82.5116,Non-Intersection,Dark - Not Lighted,Clear,Unknown,Unknown,Unknown EMS Scene Arrival Hour,Unknown EMS Scene Arrival Minutes,Not Applicable (Not Transported),Not Applicable (Not Transported),1,Dark - Unlighted,Clear,0,1,[],[],0,0,Invalid,0.0,0.0,998.0,998.0,['Other'],0,0,3,3,4,Dry,Straight,Level,Lowest,No
9910,12,Florida,122495,0,2,2,0,2,NOT APPLICABLE,October,18,Wednesday,12,5,Rural,High Speed (Arterial),Yes,29.70028056,-81.29771111,Non-Intersection,Daylight,Clear,Unknown,Unknown,Unknown EMS Scene Arrival Hour,Unknown EMS Scene Arrival Minutes,Unknown,Unknown EMS Hospital Arrival Time,1,Daylight,Clear,1,1,['Driver'],['None_Used'],1,1,Valid,0.0,0.0,71.0,52.0,"['Male', 'Male']",0,0,5,4,5,Dry,Straight,Level,Lowest,No
9911,12,Florida,122496,2,1,1,0,1,NOT APPLICABLE,October,18,Wednesday,19,21,Urban,Medium Speed (Collector),No,25.53818056,-80.37203611,Non-Intersection,Dark - Not Lighted,Clear,Unknown,Unknown,Unknown EMS Scene Arrival Hour,Unknown EMS Scene Arrival Minutes,Unknown,Unknown EMS Hospital Arrival Time,1,Dark - Unlighted,Clear,0,1,[],[],0,0,Valid,0.0,1.0,29.0,29.0,['Male'],0,0,3,3,4,Dry,Straight,Level,Lowest,No
9912,12,Florida,122497,0,2,2,0,2,NOT APPLICABLE,October,19,Thursday,7,0,Urban,High Speed (Arterial),Yes,28.19373333,-82.740025,Simple Junction,Dawn,Clear,7:00am-7:59am,6,Unknown EMS Scene Arrival Hour,Unknown EMS Scene Arrival Minutes,Unknown,Unknown EMS Hospital Arrival Time,1,Twilight,Clear,1,1,['Driver'],['None_Used'],0,0,Valid,1.0,0.0,44.0,32.0,"['Female', 'Female']",0,0,5,4,5,Dry,Straight,Level,Lowest,No
9913,12,Florida,122498,1,1,1,0,2,NOT APPLICABLE,October,20,Friday,21,47,Urban,High Speed (Arterial),Yes,26.99797778,-82.12040278,Non-Intersection,Dark - Not Lighted,Clear,Unknown,Unknown,Unknown EMS Scene Arrival Hour,Unknown EMS Scene Arrival Minutes,Unknown,Unknown EMS Hospital Arrival Time,1,Dark - Unlighted,Clear,0,2,[],[],0,0,Invalid,0.0,0.0,71.0,71.0,['Female'],0,0,3,4,4,Dry,Straight,Level,Lowest,No
9914,12,Florida,122499,1,1,1,0,1,PALM BAY,October,20,Friday,19,47,Rural,Low Speed (Local),No,27.90870833,-80.62863333,Non-Intersection,Dark - Lighted,Clear,Unknown,Unknown,Unknown EMS Scene Arrival Hour,Unknown EMS Scene Arrival Minutes,Not Applicable (Not Transported),Not Applicable (Not Transported),1,Dark - Lighted,Clear,0,1,[],[],1,1,Valid,0.0,0.0,70.0,70.0,['Female'],0,0,3,1,4,Dry,Straight,Level,Lowest,No
9915,12,Florida,122500,0,2,2,0,2,ORLANDO,October,20,Friday,2,25,Urban,High Speed (Arterial),Yes,28.53542778,-81.38290833,Non-Intersection,Dark - Lighted,Clear,Unknown,Unknown,Unknown EMS Scene Arrival Hour,Unknown EMS Scene Arrival Minutes,Not Applicable (Not Transported),Not Applicable (Not Transported),1,Dark - Lighted,Clear,1,1,['Driver'],['Shoulder_Lapbelt'],1,2,Valid,0.0,1.0,25.0,22.0,"['Male', 'Male']",0,0,2,4,5,Dry,Straight,Grade/Hillcrest,Lowest,No
9916,12,Florida,122501,1,1,1,0,1,NOT APPLICABLE,October,21,Saturday,7,45,Urban,High Speed (Arterial),Yes,28.55483889,-81.11087222,Non-Intersection,Daylight,Clear,Unknown,Unknown,Unknown EMS Scene Arrival Hour,Unknown EMS Scene Arrival Minutes,Not Applicable (Not Transported),Not Applicable (Not Transported),1,Daylight,Clear,0,1,[],[],0,0,Invalid,0.0,0.0,999.0,999.0,['Other'],0,0,1,0,4,Dry,Straight,Level,Lowest,No
9917,12,Florida,122502,1,1,1,0,1,JACKSONVILLE,October,9,Monday,20,33,Urban,High Speed (Arterial),Yes,30.561775,-81.6426,Non-Intersection,Dark - Not Lighted,Clear,Unknown,Unknown,Unknown EMS Scene Arrival Hour,Officially Cancelled,Unknown,Officially Canceled,1,Dark - Unlighted,Clear,0,1,[],[],0,0,Valid,0.0,0.0,67.0,67.0,['Male'],0,0,3,4,4,Dry,Straight,Level,Lowest,No
9918,12,Florida,122503,0,1,1,0,1,CASSELBERRY,October,15,Sunday,19,39,Urban,Low Speed (Local),No,28.69040278,-81.32447778,Non-Intersection,Dark - Lighted,Clear,Unknown,Unknown,Unknown EMS Scene Arrival Hour,Unknown EMS Scene Arrival Minutes,Unknown,Unknown EMS Hospital Arrival Time,1,Dark - Lighted,Clear,1,0,['Driver'],['Shoulder_Lapbelt'],0,0,Valid,0.0,0.0,33.0,33.0,['Male'],1,0,2,4,3,Dry,Curve,Level,Lowest,No
9919,12,Florida,122504,0,2,2,0,2,NOT APPLICABLE,October,20,Friday,17,50,Urban,High Speed (Arterial),Yes,30.14485,-81.70105556,Simple Junction,Daylight,Clear,Unknown,Unknown,Unknown EMS Scene Arrival Hour,Unknown EMS Scene Arrival Minutes,Unknown,Unknown EMS Hospital Arrival Time,1,Daylight,Clear,1,1,['Driver'],['None_Used'],0,0,Valid,1.0,0.0,36.0,30.0,"['Male', 'Female']",0,0,5,4,5,Dry,Straight,Level,Lowest,No
9920,12,Florida,122505,0,2,2,0,4,NOT APPLICABLE,October,21,Saturday,17,35,Rural,Medium Speed (Collector),No,26.94446111,-81.42341944,Non-Intersection,Daylight,Clear,Unknown,Unknown,Unknown EMS Scene Arrival Hour,Unknown EMS Scene Arrival Minutes,Unknown,Unknown EMS Hospital Arrival Time,1,Daylight,Clear,1,3,['Front_Passenger'],['Shoulder_Lapbelt'],0,0,Valid,0.0,0.0,31.0,28.0,"['Male', 'Male']",0,0,3,4,5,Dry,Straight,Level,Lowest,No
9921,12,Florida,122506,0,1,1,0,1,JACKSONVILLE,October,21,Saturday,11,7,Urban,High Speed (Arterial),Yes,30.11200833,-81.51494167,Non-Intersection,Daylight,Clear,Unknown,Unknown,Unknown EMS Scene Arrival Hour,Unknown EMS Scene Arrival Minutes,Not Applicable (Not Transported),Not Applicable (Not Transported),1,Daylight,Clear,1,0,['Driver'],['None_Used'],0,0,Valid,0.0,0.0,26.0,26.0,['Male'],0,0,5,4,2,Dry,Curve,Grade/Hillcrest,Lowest,No
9922,12,Florida,122507,0,2,2,0,10,NOT APPLICABLE,October,8,Sunday,4,54,Rural,High Speed (Arterial),Yes,28.28449444,-81.34074722,Non-Intersection,Dark - Not Lighted,Cloudy,Unknown,Unknown,Unknown EMS Scene Arrival Hour,Unknown EMS Scene Arrival Minutes,Unknown,Unknown EMS Hospital Arrival Time,1,Dark - Unlighted,Reduced Visibility,1,9,['Rear_Seat'],['None_Used'],0,0,Valid,0.0,0.0,37.0,21.0,"['Male', 'Male']",0,0,3,4,5,Dry,Straight,Level,Lowest,No
9923,12,Florida,122508,0,1,1,0,1,NOT APPLICABLE,October,21,Saturday,23,45,Rural,Low Speed (Local),No,30.43968056,-84.109475,Non-Intersection,Dark - Not Lighted,Clear,Unknown,Unknown,Unknown EMS Scene Arrival Hour,Unknown EMS Scene Arrival Minutes,Not Applicable (Not Transported),Not Applicable (Not Transported),1,Dark - Unlighted,Clear,1,0,['Driver'],['None_Used'],0,0,Valid,1.0,1.0,32.0,32.0,['Male'],0,0,2,4,3,Dry,Straight,Level,Lowest,No
9924,12,Florida,122509,0,2,2,0,2,DELRAY BEACH,October,20,Friday,1,20,Urban,High Speed (Arterial),Yes,26.45816389,-80.08924167,Non-Intersection,Dark - Lighted,Clear,Unknown,Unknown,Unknown EMS Scene Arrival Hour,Unknown EMS Scene Arrival Minutes,Unknown,Unknown EMS Hospital Arrival Time,1,Dark - Lighted,Clear,1,1,['Driver'],['Shoulder_Lapbelt'],0,0,Valid,0.0,0.0,71.0,40.0,"['Male', 'Male']",0,0,2,4,5,Dry,Straight,Level,Lowest,No
9925,12,Florida,122510,1,1,1,0,5,NOT APPLICABLE,October,21,Saturday,20,30,Urban,Medium Speed (Collector),No,30.15264167,-84.31305,Simple Junction,Dark - Not Lighted,Clear,Unknown,Unknown,Unknown EMS Scene Arrival Hour,Unknown EMS Scene Arrival Minutes,Unknown,Unknown EMS Hospital Arrival Time,1,Dark - Unlighted,Clear,0,5,[],[],0,0,Valid,1.0,0.0,34.0,34.0,['Male'],0,0,2,3,4,Dry,Straight,Level,Lowest,No
9926,12,Florida,122511,0,1,1,0,1,SARASOTA,October,21,Saturday,5,46,Urban,Medium Speed (Collector),No,27.35226389,-82.52640556,Non-Intersection,Dark - Lighted,Clear,Unknown,Unknown,Unknown EMS Scene Arrival Hour,Unknown EMS Scene Arrival Minutes,Not Applicable (Not Transported),Not Applicable (Not Transported),1,Dark - Lighted,Clear,1,0,['Driver'],['None_Used'],0,0,Invalid,0.0,0.0,26.0,26.0,['Male'],0,0,5,3,2,Dry,Straight,Level,Lowest,No
9927,12,Florida,122512,1,1,1,0,1,OCALA,October,13,Friday,6,37,Urban,Medium Speed (Collector),No,29.21463611,-82.16847778,Non-Intersection,Dark - Not Lighted,"Fog, Smog, Smoke",Unknown,Unknown,Unknown EMS Scene Arrival Hour,Unknown EMS Scene Arrival Minutes,Unknown,Unknown EMS Hospital Arrival Time,1,Dark - Unlighted,Reduced Visibility,0,1,[],[],0,0,Valid,0.0,0.0,67.0,67.0,['Male'],0,0,3,3,4,Wet/Standing Water,Straight,Level,Lowest,No
9928,12,Florida,122513,0,2,2,0,7,BROOKSVILLE,October,21,Saturday,14,34,Urban,Medium Speed (Collector),No,28.55633056,-82.40029722,Complex/Circle,Daylight,Clear,2:00pm-2:59pm,34,2:00pm-2:59pm,37,Unknown,Unknown EMS Hospital Arrival Time,1,Daylight,Clear,1,6,['Driver'],['None_Used'],0,0,Valid,0.0,0.0,53.0,44.0,"['Male', 'Male']",0,0,5,4,5,Dry,Straight,Level,Lowest,No
9929,12,Florida,122514,0,3,3,0,5,MIRAMAR,October,21,Saturday,5,45,Urban,High Speed (Arterial),Yes,25.99514167,-80.43249722,Non-Intersection,Dark - Not Lighted,Clear,Unknown,Unknown,Unknown EMS Scene Arrival Hour,Unknown EMS Scene Arrival Minutes,Unknown,Unknown EMS Hospital Arrival Time,1,Dark - Unlighted,Clear,1,4,['Rear_Seat'],['None_Used'],1,1,Valid,2.0,0.0,63.0,27.0,"['Male', 'Male', 'Male']",0,0,3,4,5,Dry,Straight,Level,Lowest,No
9930,12,Florida,122515,0,2,2,0,3,PALATKA,October,22,Sunday,15,52,Urban,High Speed (Arterial),Yes,29.64139722,-81.67615,Complex/Circle,Daylight,Clear,Unknown,Unknown,Unknown EMS Scene Arrival Hour,Unknown EMS Scene Arrival Minutes,Unknown,Unknown EMS Hospital Arrival Time,1,Daylight,Clear,1,2,['Driver'],['None_Used'],0,0,Valid,0.0,0.0,52.0,24.0,"['Male', 'Male']",0,0,5,4,5,Dry,Straight,Level,Lowest,No
9931,12,Florida,122516,1,1,1,0,1,NOT APPLICABLE,October,12,Thursday,13,15,Rural,Medium Speed (Collector),No,30.11288889,-85.20021389,Non-Intersection,Daylight,Clear,Unknown,Unknown,Unknown EMS Scene Arrival Hour,Unknown EMS Scene Arrival Minutes,Unknown,Unknown EMS Hospital Arrival Time,1,Daylight,Clear,0,1,[],[],1,1,Invalid,0.0,0.0,71.0,71.0,['Male'],0,0,3,3,4,Dry,Straight,Level,Lowest,No
9932,12,Florida,122517,0,1,1,0,1,NOT APPLICABLE,October,12,Thursday,19,32,Rural,Low Speed (Local),No,29.09900556,-81.87194722,Non-Intersection,Dark - Not Lighted,Rain,Unknown,Unknown,Unknown EMS Scene Arrival Hour,Unknown EMS Scene Arrival Minutes,Unknown,Unknown EMS Hospital Arrival Time,1,Dark - Unlighted,Rain/Wind/Minor,1,0,['Driver'],['Shoulder_Lapbelt'],0,0,Valid,0.0,0.0,48.0,48.0,['Male'],0,0,3,4,3,Wet/Standing Water,Curve,Level,Lowest,No