,State_Code,State_Name,Crash_ID,Count_Non_Motorists,Count_Vehicles_Total,Count_Vehicle_Forms,Count_PVH_Involved,Count_Occupants_MV,City_Name,Month_Name,Day_of_Month,Day_of_Week,Crash_Hour,Crash_Minute,Area_Rural_Urban,Road_Functional_Class,On_NHS_Road,Latitude,Longitude,Intersection_Type,Light_Condition,Weather_Condition,Notif_Hour,Notif_Minute,Arrival_Hour,Arrival_Minute,Hospital_Hour,Hospital_Minute,Fatalities_Count,Clean_Light_Condition,Clean_Weather_Condition,Total_Killed,Total_Alive,Fatal_Seats_List,Killed_Restraint_List,Any_Driver_Drinking,Total_Drinking_Drivers,Driver_License_Category,Driver_Max_Prev_Accident_Count,Driver_Max_Prev_Speeding_Count,Max_Driver_Age,Min_Driver_Age,Driver_Sex_List,Total_Exceeding_Limit_Vehicles,Total_Too_Fast_Vehicles,Max_Vehicle_Type_Severity_5,Max_Vehicle_Damage_Rank,Max_Harmful_Event_Severity,Crash_Road_Surface_Condition,Crash_Horizontal_Alignment,Crash_Vertical_Profile,Crash_Impairment_Category,Crash_Vehicle_Defect
9933,12,Florida,122518,0,2,2,0,2,NOT APPLICABLE,October,11,Wednesday,15,4,Urban,High Speed (Arterial),Yes,28.05473611,-81.99021111,Complex/Circle,Daylight,Cloudy,Unknown,Unknown,Unknown EMS Scene Arrival Hour,Unknown EMS Scene Arrival Minutes,Unknown,Unknown EMS Hospital Arrival Time,1,Daylight,Reduced Visibility,1,1,['Driver'],['Shoulder_Lapbelt'],0,0,Valid,0.0,0.0,61.0,36.0,"['Male', 'Male']",1,0,3,4,5,Dry,Straight,Level,Lowest,No
9934,12,Florida,122519,0,5,5,0,6,NOT APPLICABLE,October,11,Wednesday,17,26,Urban,High Speed (Arterial),Yes,28.10645,-81.65861944,Non-Intersection,Daylight,Cloudy,Unknown,Unknown,Unknown EMS Scene Arrival Hour,Unknown EMS Scene Arrival Minutes,Unknown,Unknown EMS Hospital Arrival Time,1,Daylight,Reduced Visibility,1,5,['Driver'],['Shoulder_Lapbelt'],0,0,Valid,0.0,0.0,66.0,23.0,"['Male', 'Male', 'Male', 'Male', 'Female']",0,0,3,4,5,Dry,Straight,Grade/Hillcrest,Lowest,No
9935,12,Florida,122520,0,2,2,0,2,GAINESVILLE,October,21,Saturday,22,48,Urban,Medium Speed (Collector),No,29.66993056,-82.389,Complex/Circle,Dark - Lighted,Clear,Unknown,Unknown,Unknown EMS Scene Arrival Hour,Unknown EMS Scene Arrival Minutes,Unknown,Unknown EMS Hospital Arrival Time,1,Dark - Lighted,Clear,1,1,['Driver'],['None_Used'],0,0,Invalid,0.0,1.0,45.0,34.0,"['Male', 'Male']",0,0,5,4,5,Dry,Straight,Level,Lowest,No
9936,12,Florida,122521,0,1,1,0,1,NOT APPLICABLE,October,5,Thursday,19,25,Rural,Medium Speed (Collector),No,25.49961667,-80.43219167,Non-Intersection,Dark - Lighted,Clear,Unknown,Unknown,Unknown EMS Scene Arrival Hour,Unknown EMS Scene Arrival Minutes,Unknown,Unknown EMS Hospital Arrival Time,1,Dark - Lighted,Clear,1,0,['Driver'],['None_Used'],0,0,Valid,0.0,0.0,25.0,25.0,['Male'],0,0,5,2,3,Dry,Straight,Level,Lowest,No
9937,12,Florida,122522,0,2,2,0,2,NOT APPLICABLE,October,14,Saturday,5,26,Rural,Low Speed (Local),No,30.61368611,-81.67083056,Simple Junction,Dark - Not Lighted,Clear,Unknown,Unknown,Unknown EMS Scene Arrival Hour,Unknown EMS Scene Arrival Minutes,Unknown,Unknown EMS Hospital Arrival Time,1,Dark - Unlighted,Clear,1,1,['Driver'],['None_Used'],0,0,Valid,1.0,0.0,68.0,45.0,"['Male', 'Male']",0,0,3,4,5,Dry,Straight,Level,Lowest,No
9938,12,Florida,122523,1,1,1,0,1,NOT APPLICABLE,October,22,Sunday,4,28,Urban,Medium Speed (Collector),No,28.23671389,-81.43451667,Non-Intersection,Dark - Not Lighted,Clear,Unknown,Unknown,Unknown EMS Scene Arrival Hour,Unknown EMS Scene Arrival Minutes,Unknown,Unknown EMS Hospital Arrival Time,1,Dark - Unlighted,Clear,0,0,[],[],0,0,Invalid,0.0,0.0,999.0,999.0,['Other'],0,0,1,0,4,Dry,Straight,Level,Lowest,No
9939,12,Florida,122524,0,1,1,0,4,NOT APPLICABLE,October,18,Wednesday,18,58,Urban,Medium Speed (Collector),No,28.43660556,-82.54761389,Non-Intersection,Dusk,Clear,7:00pm-7:59pm,0,7:00pm-7:59pm,6,Unknown,Unknown EMS Hospital Arrival Time,1,Twilight,Clear,1,3,['Front_Passenger'],['None_Used'],1,1,Invalid,0.0,0.0,38.0,38.0,['Male'],0,0,3,4,3,Dry,Curve,Level,Lowest,No
9940,12,Florida,122525,0,1,1,0,1,NOT APPLICABLE,October,19,Thursday,18,40,Rural,Medium Speed (Collector),No,30.67718889,-87.31904444,Non-Intersection,Dusk,Clear,Unknown,Unknown,Unknown EMS Scene Arrival Hour,Unknown EMS Scene Arrival Minutes,Not Applicable (Not Transported),Not Applicable (Not Transported),1,Twilight,Clear,1,0,['Driver'],['None_Used'],1,1,Valid,0.0,0.0,68.0,68.0,['Male'],0,0,5,2,3,Dry,Curve,Level,Lowest,No
9941,12,Florida,122526,1,1,1,0,1,NOT APPLICABLE,October,20,Friday,4,41,Urban,High Speed (Arterial),Yes,28.21693056,-82.72173889,Simple Junction,Dark - Not Lighted,Clear,Unknown,Unknown,Unknown EMS Scene Arrival Hour,Unknown EMS Scene Arrival Minutes,Unknown,Unknown EMS Hospital Arrival Time,1,Dark - Unlighted,Clear,0,1,[],[],0,0,Valid,0.0,0.0,70.0,70.0,['Male'],0,0,2,3,4,Dry,Straight,Level,Lowest,No
9942,12,Florida,122527,0,1,1,0,2,TAVARES,October,21,Saturday,2,25,Urban,Medium Speed (Collector),No,28.80041389,-81.75699167,Non-Intersection,Dark - Not Lighted,Clear,Unknown,Unknown,Unknown EMS Scene Arrival Hour,Unknown EMS Scene Arrival Minutes,Unknown,Unknown EMS Hospital Arrival Time,2,Dark - Unlighted,Clear,2,0,"['Driver', 'Front_Passenger']","['None_Used', 'None_Used']",0,0,Valid,0.0,1.0,24.0,24.0,['Male'],0,0,2,4,3,Dry,Curve,Level,Lowest,No
9943,12,Florida,122528,1,1,1,0,1,NOT APPLICABLE,October,19,Thursday,10,17,Rural,Low Speed (Local),No,26.44638333,-80.15522778,Non-Intersection,Daylight,Clear,Unknown,Unknown,Unknown EMS Scene Arrival Hour,Unknown EMS Scene Arrival Minutes,Unknown,Unknown EMS Hospital Arrival Time,1,Daylight,Clear,0,1,[],[],0,0,Valid,0.0,0.0,93.0,93.0,['Female'],0,0,2,3,4,Dry,Straight,Level,Lowest,No
9944,12,Florida,122530,1,1,1,0,1,OPA-LOCKA,October,14,Saturday,19,53,Urban,Medium Speed (Collector),No,25.90495,-80.24421667,Non-Intersection,Dark - Lighted,Clear,Unknown,Unknown,Unknown EMS Scene Arrival Hour,Unknown EMS Scene Arrival Minutes,Not Applicable (Not Transported),Not Applicable (Not Transported),1,Dark - Lighted,Clear,0,1,[],[],0,0,Invalid,0.0,0.0,43.0,43.0,['Male'],0,0,2,0,4,Dry,Straight,Level,Lowest,No
9945,12,Florida,122531,1,1,1,0,1,DAVIE,October,16,Monday,23,25,Urban,High Speed (Arterial),Yes,26.06334722,-80.20780833,Non-Intersection,Dark - Lighted,Clear,Unknown,Unknown,Unknown EMS Scene Arrival Hour,Unknown EMS Scene Arrival Minutes,Not Applicable (Not Transported),Not Applicable (Not Transported),1,Dark - Lighted,Clear,0,1,[],[],0,0,Valid,0.0,0.0,37.0,37.0,['Male'],0,0,2,3,4,Dry,Straight,Level,Lowest,No
9946,12,Florida,122532,0,2,2,0,2,MELBOURNE,October,20,Friday,6,43,Urban,High Speed (Arterial),Yes,28.208525,-80.66361389,Non-Intersection,Dawn,Clear,Unknown,Unknown,Unknown EMS Scene Arrival Hour,Unknown EMS Scene Arrival Minutes,Unknown,Unknown EMS Hospital Arrival Time,1,Twilight,Clear,1,1,['Driver'],['Shoulder_Lapbelt'],0,0,Valid,0.0,1.0,69.0,60.0,"['Female', 'Male']",0,0,4,4,5,Dry,Straight,Grade/Hillcrest,Lowest,No
9947,12,Florida,122534,1,1,1,0,1,TAMPA,October,24,Tuesday,20,15,Rural,Low Speed (Local),No,27.97044722,-82.43782222,Complex/Circle,Dark - Lighted,Clear,Unknown,Unknown,Unknown EMS Scene Arrival Hour,Unknown EMS Scene Arrival Minutes,Unknown,Unknown EMS Hospital Arrival Time,1,Dark - Lighted,Clear,0,1,[],[],0,0,Invalid,0.0,0.0,28.0,28.0,['Female'],0,0,2,2,4,Dry,Straight,Level,Lowest,No
9948,12,Florida,122536,1,2,2,0,3,NOT APPLICABLE,October,20,Friday,23,41,Urban,Medium Speed (Collector),No,27.82106944,-82.67185556,Non-Intersection,Dark - Not Lighted,Clear,Unknown,Unknown,Unknown EMS Scene Arrival Hour,Unknown EMS Scene Arrival Minutes,Not Applicable (Not Transported),Not Applicable (Not Transported),1,Dark - Unlighted,Clear,0,2,[],[],0,0,Valid,0.0,0.0,998.0,37.0,"['Female', 'Other']",0,0,2,4,4,Dry,Straight,Level,Lowest,No
9949,12,Florida,122537,0,1,1,0,1,NOT APPLICABLE,October,7,Saturday,19,40,Urban,Medium Speed (Collector),No,25.64043889,-80.43535833,Simple Junction,Dusk,Clear,Unknown,Unknown,Unknown EMS Scene Arrival Hour,Unknown EMS Scene Arrival Minutes,Not Applicable (Not Transported),Not Applicable (Not Transported),1,Twilight,Clear,1,0,['Driver'],['None_Used'],0,0,Valid,0.0,0.0,48.0,48.0,['Male'],0,0,5,1,1,Dry,Straight,Level,Lowest,No
9950,12,Florida,122538,0,2,2,0,2,CASSELBERRY,October,23,Monday,20,35,Urban,High Speed (Arterial),Yes,28.61648333,-81.31159167,Simple Junction,Dark - Lighted,Clear,Unknown,Unknown,Unknown EMS Scene Arrival Hour,Unknown EMS Scene Arrival Minutes,Unknown,Unknown EMS Hospital Arrival Time,1,Dark - Lighted,Clear,1,1,['Driver'],['None_Used'],0,0,Valid,0.0,0.0,47.0,30.0,"['Male', 'Male']",0,0,5,4,5,Dry,Straight,Level,Lowest,No
9951,12,Florida,122539,0,1,1,0,1,NOT APPLICABLE,October,24,Tuesday,20,16,Urban,Medium Speed (Collector),No,28.47870278,-82.48685278,Simple Junction,Dark - Lighted,Clear,Unknown,Unknown,Unknown EMS Scene Arrival Hour,Unknown EMS Scene Arrival Minutes,Unknown,Unknown EMS Hospital Arrival Time,1,Dark - Lighted,Clear,1,0,['Driver'],['None_Used'],1,1,Valid,0.0,0.0,53.0,53.0,['Male'],0,0,5,4,2,Dry,Straight,Level,Lowest,No
9952,12,Florida,122540,0,1,1,0,2,NOT APPLICABLE,October,21,Saturday,0,1,Rural,Medium Speed (Collector),No,27.95471389,-80.57102222,Non-Intersection,Dark - Not Lighted,Clear,Unknown,Unknown,Unknown EMS Scene Arrival Hour,Unknown EMS Scene Arrival Minutes,Unknown,Unknown EMS Hospital Arrival Time,1,Dark - Unlighted,Clear,1,1,['Driver'],['None_Used'],1,1,Valid,0.0,1.0,29.0,29.0,['Male'],0,0,5,4,3,Dry,Curve,Level,Lowest,No
9953,12,Florida,122543,4,3,1,2,1,DELRAY BEACH,October,10,Tuesday,5,40,Urban,High Speed (Arterial),Yes,26.44033056,-80.08929722,Non-Intersection,Dawn,Clear,Unknown,Unknown,Unknown EMS Scene Arrival Hour,Unknown EMS Scene Arrival Minutes,Unknown,Unknown EMS Hospital Arrival Time,1,Twilight,Clear,0,1,[],[],1,1,Valid,0.0,0.0,53.0,53.0,['Male'],0,0,2,3,4,Dry,Straight,Level,Lowest,No
9954,12,Florida,122544,0,2,2,0,2,NOT APPLICABLE,October,16,Monday,20,27,Urban,High Speed (Arterial),Yes,28.19321944,-82.477225,Non-Intersection,Dark - Lighted,Clear,Unknown,Unknown,Unknown EMS Scene Arrival Hour,Unknown EMS Scene Arrival Minutes,Unknown,Unknown EMS Hospital Arrival Time,1,Dark - Lighted,Clear,1,1,['Driver'],['None_Used'],0,0,Valid,0.0,1.0,45.0,25.0,"['Male', 'Male']",0,0,3,4,5,Dry,Curve,Level,Lowest,No
9955,12,Florida,122545,0,2,2,0,2,HAINES CITY,October,18,Wednesday,6,49,Urban,Medium Speed (Collector),No,28.05539167,-81.61984722,Non-Intersection,Dark - Not Lighted,Clear,Unknown,Unknown,Unknown EMS Scene Arrival Hour,Unknown EMS Scene Arrival Minutes,Unknown,Unknown EMS Hospital Arrival Time,1,Dark - Unlighted,Clear,1,1,['Driver'],['None_Used'],0,0,Valid,1.0,1.0,43.0,25.0,"['Male', 'Male']",0,0,3,4,5,Dry,Straight,Level,Lowest,No
9956,12,Florida,122546,0,3,3,0,3,CORAL SPRINGS,October,25,Wednesday,20,38,Urban,Medium Speed (Collector),No,26.28723889,-80.273,Simple Junction,Dark - Lighted,Clear,Unknown,Unknown,Unknown EMS Scene Arrival Hour,Unknown EMS Scene Arrival Minutes,Unknown,Unknown EMS Hospital Arrival Time,1,Dark - Lighted,Clear,1,2,['Driver'],['Shoulder_Lapbelt'],1,1,Valid,1.0,0.0,78.0,23.0,"['Male', 'Male', 'Male']",0,0,3,4,5,Dry,Straight,Level,Lowest,No
9957,12,Florida,122547,0,1,1,0,1,NOT APPLICABLE,October,28,Saturday,7,19,Urban,Medium Speed (Collector),No,28.23886389,-82.6939,Non-Intersection,Daylight,Clear,Unknown,Unknown,Unknown EMS Scene Arrival Hour,Unknown EMS Scene Arrival Minutes,Unknown,Unknown EMS Hospital Arrival Time,1,Daylight,Clear,1,0,['Driver'],['Shoulder_Lapbelt'],0,0,Valid,0.0,0.0,64.0,64.0,['Male'],0,0,3,2,2,Dry,Straight,Grade/Hillcrest,Lowest,No
9958,12,Florida,122548,1,1,1,0,2,ORLANDO,October,28,Saturday,0,40,Urban,Medium Speed (Collector),No,28.54570278,-81.37319167,Non-Intersection,Dark - Lighted,Clear,Unknown,Unknown,Unknown EMS Scene Arrival Hour,Unknown EMS Scene Arrival Minutes,Unknown,Unknown EMS Hospital Arrival Time,1,Dark - Lighted,Clear,0,2,[],[],0,0,Valid,0.0,0.0,18.0,18.0,['Female'],0,0,3,3,4,Dry,Straight,Level,Lowest,No
9959,12,Florida,122549,0,1,1,0,2,NOT APPLICABLE,October,24,Tuesday,0,15,Rural,High Speed (Arterial),Yes,29.92541111,-81.41593889,Non-Intersection,Dark - Lighted,Clear,Unknown,Unknown,Unknown EMS Scene Arrival Hour,Unknown EMS Scene Arrival Minutes,Unknown,Unknown EMS Hospital Arrival Time,1,Dark - Lighted,Clear,1,1,['Rear_Seat'],['None_Used'],0,0,Valid,0.0,0.0,83.0,83.0,['Male'],0,0,3,4,2,Dry,Straight,Level,Medium,No
9960,12,Florida,122550,0,2,2,0,5,HAVANA,October,25,Wednesday,7,0,Rural,High Speed (Arterial),Yes,30.59399167,-84.410675,Simple Junction,Dawn,Cloudy,Unknown,Unknown,Unknown EMS Scene Arrival Hour,Unknown EMS Scene Arrival Minutes,Unknown,Unknown EMS Hospital Arrival Time,1,Twilight,Reduced Visibility,1,4,['Driver'],['Shoulder_Lapbelt'],0,0,Valid,0.0,0.0,33.0,30.0,"['Female', 'Male']",0,0,3,4,5,Dry,Straight,Level,Medium,No
9961,12,Florida,122551,0,2,2,0,3,MIAMI,October,21,Saturday,3,30,Urban,Medium Speed (Collector),No,25.810425,-80.19722222,Non-Intersection,Dark - Lighted,Clear,Unknown,Unknown,Unknown EMS Scene Arrival Hour,Unknown EMS Scene Arrival Minutes,Unknown,Unknown EMS Hospital Arrival Time,1,Dark - Lighted,Clear,1,2,['Driver'],['None_Used'],0,0,Valid,0.0,0.0,54.0,30.0,"['Male', 'Male']",0,0,3,4,5,Dry,Straight,Level,Lowest,No
9962,12,Florida,122552,0,1,1,0,1,DELAND,September,15,Friday,14,23,Urban,Medium Speed (Collector),No,29.0427,-81.30377778,Complex/Circle,Daylight,Clear,Unknown,Unknown,Unknown EMS Scene Arrival Hour,Unknown EMS Scene Arrival Minutes,Unknown,Unknown EMS Hospital Arrival Time,1,Daylight,Clear,1,0,['Driver'],['None_Used'],0,0,Valid,0.0,0.0,92.0,92.0,['Male'],0,0,2,4,3,Dry,Straight,Level,Lowest,No
9963,12,Florida,122553,0,2,2,0,4,NOT APPLICABLE,October,20,Friday,22,43,Urban,High Speed (Arterial),Yes,25.68498889,-80.42487778,Complex/Circle,Dark - Lighted,Clear,Unknown,Unknown,Unknown EMS Scene Arrival Hour,Unknown EMS Scene Arrival Minutes,Unknown,Unknown EMS Hospital Arrival Time,1,Dark - Lighted,Clear,1,3,['Driver'],['Shoulder_Lapbelt'],1,1,Valid,1.0,1.0,67.0,20.0,"['Male', 'Male']",0,0,3,4,5,Dry,Straight,Level,Lowest,No
9964,12,Florida,122554,0,2,2,0,2,NOT APPLICABLE,October,28,Saturday,6,6,Rural,Medium Speed (Collector),No,28.11465,-82.30046944,Non-Intersection,Dark - Not Lighted,Clear,Unknown,Unknown,Unknown EMS Scene Arrival Hour,Unknown EMS Scene Arrival Minutes,Unknown,Unknown EMS Hospital Arrival Time,1,Dark - Unlighted,Clear,1,1,['Driver'],['Shoulder_Lapbelt'],0,0,Valid,0.0,1.0,45.0,39.0,"['Female', 'Male']",0,0,3,4,5,Dry,Straight,Level,Lowest,No
9965,12,Florida,122555,0,2,1,1,1,NOT APPLICABLE,October,1,Sunday,22,0,Urban,Low Speed (Local),No,28.69390278,-81.54669444,Non-Intersection,Dark - Not Lighted,Clear,Unknown,Unknown,Unknown EMS Scene Arrival Hour,Unknown EMS Scene Arrival Minutes,Unknown,Unknown EMS Hospital Arrival Time,1,Dark - Unlighted,Clear,1,0,['Driver'],['None_Used'],1,1,Valid,0.0,0.0,27.0,27.0,['Female'],1,0,2,4,3,Dry,Curve,Grade/Hillcrest,Lowest,No
9966,12,Florida,122556,0,2,2,0,2,NOT APPLICABLE,October,26,Thursday,19,11,Urban,Medium Speed (Collector),No,26.65581944,-81.91542222,Simple Junction,Dark - Lighted,Clear,Unknown,Unknown,Unknown EMS Scene Arrival Hour,Unknown EMS Scene Arrival Minutes,Unknown,Unknown EMS Hospital Arrival Time,1,Dark - Lighted,Clear,1,1,['Driver'],['None_Used'],1,1,Valid,1.0,0.0,73.0,42.0,"['Male', 'Male']",0,0,5,4,5,Dry,Straight,Level,Lowest,No
9967,12,Florida,122557,1,1,1,0,1,NOT APPLICABLE,October,27,Friday,19,27,Urban,Medium Speed (Collector),No,26.96616944,-82.05526667,Non-Intersection,Dark - Not Lighted,Clear,Unknown,Unknown,Unknown EMS Scene Arrival Hour,Unknown EMS Scene Arrival Minutes,Not Applicable (Not Transported),Not Applicable (Not Transported),1,Dark - Unlighted,Clear,0,1,[],[],0,0,Valid,0.0,0.0,17.0,17.0,['Male'],0,0,3,3,4,Dry,Straight,Level,Lowest,No
9968,12,Florida,122558,1,1,1,0,1,MIAMI,October,27,Friday,6,20,Urban,Medium Speed (Collector),No,25.80946111,-80.22807222,Complex/Circle,Dark - Lighted,Clear,Unknown,Unknown,Unknown EMS Scene Arrival Hour,Unknown EMS Scene Arrival Minutes,Unknown,Unknown EMS Hospital Arrival Time,1,Dark - Lighted,Clear,0,1,[],[],0,0,Invalid,0.0,0.0,63.0,63.0,['Male'],0,0,3,2,4,Dry,Straight,Level,Lowest,No
9969,12,Florida,122559,0,2,2,0,2,NOT APPLICABLE,October,29,Sunday,18,8,Urban,Low Speed (Local),No,28.07384722,-82.44053889,Non-Intersection,Daylight,Clear,Unknown,Unknown,Unknown EMS Scene Arrival Hour,Unknown EMS Scene Arrival Minutes,Unknown,Unknown EMS Hospital Arrival Time,1,Daylight,Clear,1,1,['Driver'],['None_Used'],0,0,Valid,0.0,0.0,54.0,23.0,"['Male', 'Male']",0,0,5,4,5,Dry,Straight,Level,Lowest,No
9970,12,Florida,122560,0,3,3,0,5,NOT APPLICABLE,October,24,Tuesday,23,20,Rural,High Speed (Arterial),Yes,27.63341667,-82.46915556,Non-Intersection,Dark - Not Lighted,Clear,Unknown,Unknown,Unknown EMS Scene Arrival Hour,Unknown EMS Scene Arrival Minutes,Unknown,Unknown EMS Hospital Arrival Time,1,Dark - Unlighted,Clear,1,4,['Front_Passenger'],['Shoulder_Lapbelt'],0,0,Valid,0.0,0.0,47.0,32.0,"['Male', 'Male', 'Female']",0,0,3,4,5,Dry,Straight,Level,Lowest,No
9971,12,Florida,122561,0,1,1,0,1,DAVIE,October,26,Thursday,13,47,Urban,High Speed (Arterial),Yes,26.10291111,-80.26546111,Non-Intersection,Daylight,Cloudy,Unknown,Unknown,Unknown EMS Scene Arrival Hour,Unknown EMS Scene Arrival Minutes,Unknown,Unknown EMS Hospital Arrival Time,1,Daylight,Reduced Visibility,1,0,['Driver'],['Shoulder_Lapbelt'],0,0,Invalid,0.0,0.0,40.0,40.0,['Male'],0,0,4,4,3,Dry,Straight,Level,Lowest,Yes
9972,12,Florida,122562,0,2,2,0,2,OCALA,October,27,Friday,14,16,Urban,Medium Speed (Collector),No,29.1715,-82.12378056,Complex/Circle,Daylight,Clear,Unknown,Unknown,Unknown EMS Scene Arrival Hour,Unknown EMS Scene Arrival Minutes,Unknown,Unknown EMS Hospital Arrival Time,1,Daylight,Clear,1,1,['Driver'],['None_Used'],0,0,Invalid,0.0,1.0,78.0,20.0,"['Male', 'Female']",0,0,5,4,5,Dry,Straight,Level,Lowest,No
9973,12,Florida,122563,0,1,1,0,1,NOT APPLICABLE,October,29,Sunday,7,48,Urban,High Speed (Arterial),Yes,29.55171944,-81.21712778,Non-Intersection,Daylight,Clear,Unknown,Unknown,Unknown EMS Scene Arrival Hour,Officially Cancelled,Unknown,Officially Canceled,1,Daylight,Clear,1,0,['Driver'],['Shoulder_Lapbelt'],0,0,Valid,0.0,0.0,18.0,18.0,['Female'],0,0,2,4,3,Dry,Curve,Level,Lowest,No
9974,12,Florida,122564,1,1,1,0,1,NOT APPLICABLE,October,29,Sunday,8,19,Urban,High Speed (Arterial),Yes,28.22995278,-80.68351944,Complex/Circle,Daylight,Clear,Unknown,Unknown,Unknown EMS Scene Arrival Hour,Unknown EMS Scene Arrival Minutes,Unknown,Unknown EMS Hospital Arrival Time,1,Daylight,Clear,0,1,[],[],0,0,Valid,0.0,0.0,76.0,76.0,['Female'],0,0,3,1,4,Dry,Straight,Level,Lowest,No
9975,12,Florida,122565,0,3,2,1,3,PAHOKEE,October,30,Monday,5,19,Urban,High Speed (Arterial),Yes,26.80688889,-80.653375,Non-Intersection,Dark - Not Lighted,Clear,Unknown,Unknown,Unknown EMS Scene Arrival Hour,Unknown EMS Scene Arrival Minutes,Not Applicable (Not Transported),Not Applicable (Not Transported),1,Dark - Unlighted,Clear,1,2,['Driver'],['None_Used'],1,1,Valid,0.0,0.0,60.0,34.0,"['Male', 'Male']",0,0,5,4,5,Dry,Straight,Level,Lowest,No
9976,12,Florida,122566,1,1,1,0,1,MIAMI,October,31,Tuesday,5,0,Urban,High Speed (Arterial),Yes,25.84748333,-80.19598056,Non-Intersection,Dark - Lighted,Clear,Unknown,Unknown,Unknown EMS Scene Arrival Hour,Unknown EMS Scene Arrival Minutes,Not Applicable (Not Transported),Not Applicable (Not Transported),1,Dark - Lighted,Clear,0,1,[],[],0,0,Valid,3.0,1.0,41.0,41.0,['Male'],0,0,3,4,4,Dry,Straight,Level,Lowest,No
9977,12,Florida,122567,0,1,1,0,1,JACKSONVILLE,October,31,Tuesday,5,20,Urban,Medium Speed (Collector),No,30.24730833,-81.56050278,Non-Intersection,Dawn,"Fog, Smog, Smoke",Unknown,Unknown,Unknown EMS Scene Arrival Hour,Unknown EMS Scene Arrival Minutes,Unknown,Unknown EMS Hospital Arrival Time,1,Twilight,Reduced Visibility,1,0,['Driver'],['None_Used'],0,0,Valid,0.0,3.0,35.0,35.0,['Female'],0,0,3,4,3,Dry,Curve,Level,Lowest,No
9978,12,Florida,122568,0,2,2,0,4,NOT APPLICABLE,October,15,Sunday,11,7,Rural,Medium Speed (Collector),No,29.68121667,-85.36629722,Non-Intersection,Daylight,Clear,Unknown,Unknown,Unknown EMS Scene Arrival Hour,Unknown EMS Scene Arrival Minutes,Unknown,Unknown EMS Hospital Arrival Time,1,Daylight,Clear,1,3,['Driver'],['None_Used'],0,0,Valid,1.0,0.0,72.0,33.0,"['Male', 'Male']",0,0,5,4,5,Dry,Straight,Level,Lowest,No
9979,12,Florida,122569,0,2,2,0,2,DAYTONA BEACH,October,27,Friday,21,30,Urban,High Speed (Arterial),Yes,29.21111111,-81.04369167,Complex/Circle,Dark - Lighted,Clear,Unknown,Unknown,Unknown EMS Scene Arrival Hour,Unknown EMS Scene Arrival Minutes,Unknown,Unknown EMS Hospital Arrival Time,1,Dark - Lighted,Clear,1,1,['Driver'],['Shoulder_Lapbelt'],0,0,Valid,0.0,0.0,65.0,19.0,"['Female', 'Male']",0,0,3,4,5,Dry,Straight,Level,Lowest,No
9980,12,Florida,122570,0,2,2,0,4,OCALA,October,27,Friday,15,9,Urban,Medium Speed (Collector),No,29.16831944,-82.19881111,Complex/Circle,Daylight,Clear,Unknown,Unknown,Unknown EMS Scene Arrival Hour,Unknown EMS Scene Arrival Minutes,Unknown,Unknown EMS Hospital Arrival Time,1,Daylight,Clear,1,3,['Driver'],['None_Used'],0,0,Valid,1.0,0.0,70.0,29.0,"['Male', 'Female']",1,0,5,4,5,Dry,Straight,Level,Lowest,No
9981,12,Florida,122571,0,4,4,0,6,NOT APPLICABLE,October,12,Thursday,10,0,Urban,High Speed (Arterial),Yes,25.67071944,-80.41645,Complex/Circle,Daylight,Clear,Unknown,Unknown,Unknown EMS Scene Arrival Hour,Unknown EMS Scene Arrival Minutes,Unknown,Unknown EMS Hospital Arrival Time,1,Daylight,Clear,1,5,['Driver'],['Shoulder_Lapbelt'],0,0,Valid,0.0,0.0,66.0,47.0,"['Female', 'Male', 'Female', 'Female']",0,0,3,4,5,Dry,Straight,Level,Lowest,No
9982,12,Florida,122572,2,5,4,1,4,NOT APPLICABLE,September,13,Wednesday,10,34,Urban,High Speed (Arterial),Yes,26.35637778,-80.17055,Non-Intersection,Daylight,Clear,Unknown,Unknown,Unknown EMS Scene Arrival Hour,Unknown EMS Scene Arrival Minutes,Unknown,Unknown EMS Hospital Arrival Time,1,Daylight,Clear,0,4,[],[],0,0,Valid,0.0,1.0,69.0,25.0,"['Male', 'Male', 'Male', 'Male']",0,0,3,4,5,Dry,Straight,Level,Lowest,No
9983,12,Florida,122573,0,2,2,0,2,DUNNELLON,October,18,Wednesday,16,20,Rural,High Speed (Arterial),Yes,29.18249722,-82.43918333,Simple Junction,Daylight,Clear,Unknown,Unknown,Unknown EMS Scene Arrival Hour,Unknown EMS Scene Arrival Minutes,Unknown,Unknown EMS Hospital Arrival Time,1,Daylight,Clear,1,1,['Driver'],['None_Used'],1,1,Valid,0.0,0.0,61.0,53.0,"['Female', 'Female']",0,0,3,4,5,Dry,Straight,Level,Lowest,No
9984,12,Florida,122574,0,2,2,0,4,NOT APPLICABLE,October,21,Saturday,19,30,Urban,High Speed (Arterial),Yes,29.29526389,-81.13099444,Simple Junction,Dark - Not Lighted,Clear,Unknown,Unknown,Unknown EMS Scene Arrival Hour,Unknown EMS Scene Arrival Minutes,Unknown,Unknown EMS Hospital Arrival Time,1,Dark - Unlighted,Clear,1,3,['Rear_Seat'],['None_Used'],0,0,Valid,0.0,0.0,66.0,55.0,"['Female', 'Male']",0,0,5,4,5,Dry,Straight,Level,Lowest,No