,State_Code,State_Name,Crash_ID,Count_Non_Motorists,Count_Vehicles_Total,Count_Vehicle_Forms,Count_PVH_Involved,Count_Occupants_MV,City_Name,Month_Name,Day_of_Month,Day_of_Week,Crash_Hour,Crash_Minute,Area_Rural_Urban,Road_Functional_Class,On_NHS_Road,Latitude,Longitude,Intersection_Type,Light_Condition,Weather_Condition,Notif_Hour,Notif_Minute,Arrival_Hour,Arrival_Minute,Hospital_Hour,Hospital_Minute,Fatalities_Count,Clean_Light_Condition,Clean_Weather_Condition,Total_Killed,Total_Alive,Fatal_Seats_List,Killed_Restraint_List,Any_Driver_Drinking,Total_Drinking_Drivers,Driver_License_Category,Driver_Max_Prev_Accident_Count,Driver_Max_Prev_Speeding_Count,Max_Driver_Age,Min_Driver_Age,Driver_Sex_List,Total_Exceeding_Limit_Vehicles,Total_Too_Fast_Vehicles,Max_Vehicle_Type_Severity_5,Max_Vehicle_Damage_Rank,Max_Harmful_Event_Severity,Crash_Road_Surface_Condition,Crash_Horizontal_Alignment,Crash_Vertical_Profile,Crash_Impairment_Category,Crash_Vehicle_Defect
9985,12,Florida,122575,0,2,2,0,2,NOT APPLICABLE,October,31,Tuesday,14,9,Urban,High Speed (Arterial),No,29.00447778,-81.31651111,Complex/Circle,Daylight,Clear,Unknown,Unknown,Unknown EMS Scene Arrival Hour,Unknown EMS Scene Arrival Minutes,Unknown,Unknown EMS Hospital Arrival Time,1,Daylight,Clear,1,1,['Driver'],['Shoulder_Lapbelt'],0,0,Valid,0.0,0.0,95.0,35.0,"['Male', 'Male']",0,0,3,4,5,Dry,Straight,Level,Lowest,No
9986,12,Florida,122576,0,1,1,0,1,NOT APPLICABLE,October,1,Sunday,21,48,Rural,Medium Speed (Collector),No,27.45706944,-81.58669722,Non-Intersection,Dark - Not Lighted,Cloudy,Unknown,Unknown,Unknown EMS Scene Arrival Hour,Unknown EMS Scene Arrival Minutes,Unknown,Unknown EMS Hospital Arrival Time,1,Dark - Unlighted,Reduced Visibility,1,0,['Driver'],['None_Used'],0,0,Valid,0.0,0.0,35.0,35.0,['Male'],0,0,2,4,3,Wet/Standing Water,Curve,Level,Lowest,No
9987,12,Florida,122578,0,1,1,0,1,NOT APPLICABLE,October,25,Wednesday,17,22,Rural,High Speed (Arterial),Yes,30.57553611,-84.69011944,Non-Intersection,Daylight,Clear,Unknown,Unknown,Unknown EMS Scene Arrival Hour,Unknown EMS Scene Arrival Minutes,Not Applicable (Not Transported),Not Applicable (Not Transported),1,Daylight,Clear,1,0,['Driver'],['Shoulder_Lapbelt'],0,0,Valid,0.0,0.0,41.0,41.0,['Male'],0,0,3,4,3,Dry,Straight,Level,Lowest,No
9988,12,Florida,122579,0,1,1,0,1,PALM COAST,October,16,Monday,0,15,Urban,Medium Speed (Collector),No,29.49712222,-81.18978333,Non-Intersection,Dark - Not Lighted,Clear,Unknown,Unknown,Unknown EMS Scene Arrival Hour,Officially Cancelled,Unknown,Officially Canceled,1,Dark - Unlighted,Clear,1,0,['Driver'],['Shoulder_Lapbelt'],0,0,Valid,0.0,0.0,21.0,21.0,['Female'],0,0,2,4,3,Dry,Straight,Level,Lowest,No
9989,12,Florida,122580,1,1,1,0,1,NOT APPLICABLE,October,18,Wednesday,3,18,Urban,High Speed (Arterial),Yes,29.08431944,-82.25184722,Non-Intersection,Dark - Not Lighted,Clear,Unknown,Unknown,Unknown EMS Scene Arrival Hour,Officially Cancelled,Unknown,Officially Canceled,1,Dark - Unlighted,Clear,0,1,[],[],0,0,Valid,0.0,0.0,22.0,22.0,['Male'],1,0,3,4,4,Dry,Straight,Level,Lowest,No
9990,12,Florida,122581,0,2,2,0,2,NOT APPLICABLE,October,18,Wednesday,16,25,Urban,High Speed (Arterial),Yes,28.21714722,-82.686375,Simple Junction,Daylight,Clear,Unknown,Unknown,Unknown EMS Scene Arrival Hour,Unknown EMS Scene Arrival Minutes,Unknown,Unknown EMS Hospital Arrival Time,1,Daylight,Clear,1,1,['Driver'],['Shoulder_Lapbelt'],0,0,Valid,0.0,0.0,64.0,20.0,"['Male', 'Female']",0,0,3,4,5,Dry,Straight,Level,Lowest,No
9991,12,Florida,122582,1,1,1,0,1,NOT APPLICABLE,October,30,Monday,20,5,Rural,Low Speed (Local),No,28.22675,-82.73038056,Simple Junction,Dark - Not Lighted,Clear,8:00pm-8:59pm,8,8:00pm-8:59pm,16,Unknown,Unknown EMS Hospital Arrival Time,1,Dark - Unlighted,Clear,0,1,[],[],0,0,Invalid,0.0,0.0,998.0,998.0,['Other'],0,0,1,3,4,Dry,Straight,Level,Lowest,No
9992,12,Florida,122583,1,1,1,0,1,FORT MYERS,November,1,Wednesday,17,45,Urban,High Speed (Arterial),No,26.64127778,-81.83493889,Non-Intersection,Daylight,Clear,Unknown,Unknown,Unknown EMS Scene Arrival Hour,Unknown EMS Scene Arrival Minutes,Unknown,Unknown EMS Hospital Arrival Time,1,Daylight,Clear,0,1,[],[],0,0,Valid,0.0,0.0,26.0,26.0,['Male'],0,0,1,2,4,Dry,Straight,Level,Lowest,No
9993,12,Florida,122584,0,3,3,0,4,BOCA RATON,October,24,Tuesday,17,34,Urban,Medium Speed (Collector),No,26.53067222,-80.06983056,Complex/Circle,Daylight,Cloudy,Unknown,Unknown,Unknown EMS Scene Arrival Hour,Unknown EMS Scene Arrival Minutes,Unknown,Unknown EMS Hospital Arrival Time,1,Daylight,Reduced Visibility,1,3,['Driver'],['Shoulder_Lapbelt'],0,0,Valid,1.0,1.0,43.0,20.0,"['Female', 'Male', 'Female']",0,0,3,4,5,Dry,Straight,Level,Lowest,No
9994,12,Florida,122585,0,1,1,0,1,NOT APPLICABLE,October,29,Sunday,0,37,Rural,Medium Speed (Collector),No,28.55066111,-82.50011111,Non-Intersection,Dark - Lighted,Clear,Unknown,Unknown,Unknown EMS Scene Arrival Hour,Unknown EMS Scene Arrival Minutes,Unknown,Unknown EMS Hospital Arrival Time,1,Dark - Lighted,Clear,1,0,['Driver'],['None_Used'],0,0,Valid,0.0,0.0,38.0,38.0,['Male'],0,0,5,4,3,Dry,Straight,Level,Lowest,No
9995,12,Florida,122586,0,2,2,0,2,NOT APPLICABLE,November,1,Wednesday,7,22,Urban,Medium Speed (Collector),No,28.20796111,-82.24598889,Complex/Circle,Dawn,Clear,Unknown,Unknown,Unknown EMS Scene Arrival Hour,Unknown EMS Scene Arrival Minutes,Not Applicable (Not Transported),Not Applicable (Not Transported),1,Twilight,Clear,1,1,['Driver'],['None_Used'],0,0,Valid,0.0,0.0,43.0,31.0,"['Male', 'Male']",0,0,5,4,5,Dry,Straight,Level,Lowest,No
9996,12,Florida,122587,1,1,1,0,1,ORLANDO,November,2,Thursday,6,0,Urban,High Speed (Arterial),Yes,28.59293056,-81.41410833,Non-Intersection,Dark - Not Lighted,Clear,Unknown,Unknown,Unknown EMS Scene Arrival Hour,Unknown EMS Scene Arrival Minutes,Unknown,Unknown EMS Hospital Arrival Time,1,Dark - Unlighted,Clear,0,1,[],[],0,0,Invalid,0.0,0.0,998.0,998.0,['Other'],0,0,1,0,4,Dry,Straight,Level,Lowest,No
9997,12,Florida,122588,0,1,1,0,1,TAMPA,October,20,Friday,21,49,Urban,High Speed (Arterial),Yes,27.95744167,-82.53756944,Non-Intersection,Dark - Not Lighted,Clear,Unknown,Unknown,Unknown EMS Scene Arrival Hour,Unknown EMS Scene Arrival Minutes,Unknown,Unknown EMS Hospital Arrival Time,1,Dark - Unlighted,Clear,1,0,['Driver'],['None_Used'],0,0,Valid,0.0,0.0,59.0,59.0,['Male'],0,0,5,3,2,Dry,Curve,Grade/Hillcrest,Lowest,No
9998,12,Florida,122589,1,2,2,0,2,NOT APPLICABLE,October,25,Wednesday,19,50,Urban,High Speed (Arterial),Yes,30.45168611,-87.23312222,Non-Intersection,Dark - Not Lighted,Clear,Unknown,Unknown,Unknown EMS Scene Arrival Hour,Unknown EMS Scene Arrival Minutes,Not Applicable (Not Transported),Not Applicable (Not Transported),1,Dark - Unlighted,Clear,0,2,[],[],0,0,Invalid,0.0,0.0,999.0,62.0,"['Female', 'Other']",0,0,2,4,4,Dry,Straight,Level,Lowest,No
9999,12,Florida,122590,1,1,1,0,1,NOT APPLICABLE,October,20,Friday,18,31,Urban,Medium Speed (Collector),No,28.49519444,-81.31843333,Complex/Circle,Daylight,Clear,Unknown,Unknown,Unknown EMS Scene Arrival Hour,Unknown EMS Scene Arrival Minutes,Unknown,Unknown EMS Hospital Arrival Time,1,Daylight,Clear,0,1,[],[],0,0,Valid,0.0,0.0,54.0,54.0,['Male'],0,0,3,2,4,Dry,Straight,Level,Lowest,No
10000,12,Florida,122591,1,1,1,0,1,JUPITER,October,20,Friday,21,35,Urban,Medium Speed (Collector),No,26.92335,-80.1022,Complex/Circle,Dark - Not Lighted,Clear,Unknown,Unknown,Unknown EMS Scene Arrival Hour,Unknown EMS Scene Arrival Minutes,Unknown,Unknown EMS Hospital Arrival Time,1,Dark - Unlighted,Clear,0,1,[],[],0,0,Valid,0.0,0.0,17.0,17.0,['Male'],0,0,2,3,4,Dry,Straight,Level,Lowest,No
10001,12,Florida,122592,0,3,3,0,3,NOT APPLICABLE,October,26,Thursday,16,44,Urban,Medium Speed (Collector),No,27.95313056,-81.97938333,Non-Intersection,Daylight,Clear,Unknown,Unknown,Unknown EMS Scene Arrival Hour,Unknown EMS Scene Arrival Minutes,Unknown,Unknown EMS Hospital Arrival Time,1,Daylight,Clear,1,2,['Driver'],['Shoulder_Lapbelt'],0,0,Valid,0.0,0.0,53.0,26.0,"['Male', 'Male', 'Female']",0,0,3,4,5,Dry,Straight,Level,Lowest,No
10002,12,Florida,122593,0,1,1,0,3,NOT APPLICABLE,October,23,Monday,21,55,Urban,Low Speed (Local),No,26.42743611,-81.45146944,Non-Intersection,Dark - Lighted,Clear,Unknown,Unknown,Unknown EMS Scene Arrival Hour,Unknown EMS Scene Arrival Minutes,Unknown,Unknown EMS Hospital Arrival Time,2,Dark - Lighted,Clear,2,1,"['Front_Passenger', 'Rear_Seat']","['Shoulder_Lapbelt', 'Child_Safety']",0,0,Valid,0.0,0.0,39.0,39.0,['Female'],0,0,2,4,4,Dry,Straight,Level,Lowest,No
10003,12,Florida,122594,0,2,2,0,3,ORLANDO,October,25,Wednesday,13,44,Urban,Medium Speed (Collector),No,28.514625,-81.39146944,Non-Intersection,Daylight,Clear,Unknown,Unknown,Unknown EMS Scene Arrival Hour,Unknown EMS Scene Arrival Minutes,Unknown,Unknown EMS Hospital Arrival Time,1,Daylight,Clear,1,2,['Driver'],['Shoulder_Lapbelt'],0,0,Valid,0.0,0.0,33.0,17.0,"['Male', 'Male']",0,0,3,4,5,Dry,Straight,Level,Lowest,No
10004,12,Florida,122595,0,1,1,0,1,NOT APPLICABLE,October,23,Monday,2,57,Urban,Medium Speed (Collector),No,28.54787778,-81.43353611,Non-Intersection,Dark - Lighted,Clear,Unknown,Unknown,Unknown EMS Scene Arrival Hour,Unknown EMS Scene Arrival Minutes,Unknown,Unknown EMS Hospital Arrival Time,1,Dark - Lighted,Clear,1,0,['Driver'],['None_Used'],1,1,Valid,0.0,0.0,34.0,34.0,['Male'],0,0,5,4,3,Dry,Curve,Level,Lowest,No
10005,12,Florida,122596,0,1,1,0,1,NOT APPLICABLE,October,23,Monday,5,8,Rural,Medium Speed (Collector),No,29.48887222,-82.52335833,Non-Intersection,Dark - Not Lighted,Clear,Unknown,Unknown,Unknown EMS Scene Arrival Hour,Unknown EMS Scene Arrival Minutes,Unknown,Unknown EMS Hospital Arrival Time,1,Dark - Unlighted,Clear,1,0,['Driver'],['None_Used'],0,0,Invalid,0.0,0.0,44.0,44.0,['Male'],0,0,5,4,1,Dry,Straight,Level,Lowest,No
10006,12,Florida,122597,0,3,3,0,4,NOT APPLICABLE,October,28,Saturday,2,39,Urban,High Speed (Arterial),Yes,26.684725,-81.79733611,Complex/Circle,Dark - Lighted,Clear,Unknown,Unknown,Unknown EMS Scene Arrival Hour,Unknown EMS Scene Arrival Minutes,Not Applicable (Not Transported),Not Applicable (Not Transported),1,Dark - Lighted,Clear,1,3,['Driver'],['None_Used'],1,1,Valid,1.0,1.0,27.0,18.0,"['Male', 'Male', 'Male']",0,0,5,4,5,Dry,Straight,Level,Lowest,No
10007,12,Florida,122598,1,1,1,0,1,NOT APPLICABLE,October,27,Friday,22,25,Rural,Low Speed (Local),No,29.63341389,-81.65773333,Non-Intersection,Dark - Not Lighted,Clear,Unknown,Unknown,Unknown EMS Scene Arrival Hour,Unknown EMS Scene Arrival Minutes,Unknown,Unknown EMS Hospital Arrival Time,1,Dark - Unlighted,Clear,0,1,[],[],1,1,Valid,0.0,0.0,53.0,53.0,['Male'],0,0,2,3,4,Dry,Straight,Level,Lowest,No
10008,12,Florida,122599,0,2,2,0,3,NOT APPLICABLE,October,29,Sunday,10,0,Urban,High Speed (Arterial),Yes,29.42486111,-81.21905,Simple Junction,Daylight,Clear,Unknown,Unknown,Unknown EMS Scene Arrival Hour,Unknown EMS Scene Arrival Minutes,Unknown,Unknown EMS Hospital Arrival Time,2,Daylight,Clear,2,1,"['Driver', 'Rear_Seat']","['None_Used', 'None_Used']",0,0,Valid,0.0,1.0,65.0,32.0,"['Female', 'Male']",0,0,5,4,5,Dry,Straight,Level,Lowest,No
10009,12,Florida,122600,0,1,1,0,1,NOT APPLICABLE,October,30,Monday,0,20,Urban,High Speed (Arterial),Yes,26.23911944,-81.73648889,Non-Intersection,Dark - Not Lighted,Clear,Unknown,Unknown,Unknown EMS Scene Arrival Hour,Unknown EMS Scene Arrival Minutes,Unknown,Unknown EMS Hospital Arrival Time,1,Dark - Unlighted,Clear,1,0,['Driver'],['None_Used'],1,1,Valid,0.0,1.0,21.0,21.0,['Female'],0,0,3,4,4,Dry,Straight,Level,Lowest,No
10010,12,Florida,122601,0,2,2,0,2,NOT APPLICABLE,October,31,Tuesday,6,0,Rural,Medium Speed (Collector),No,30.26461111,-83.28321111,Simple Junction,Dark - Not Lighted,"Fog, Smog, Smoke",Unknown,Unknown,Unknown EMS Scene Arrival Hour,Unknown EMS Scene Arrival Minutes,Unknown,Unknown EMS Hospital Arrival Time,1,Dark - Unlighted,Reduced Visibility,1,1,['Driver'],['None_Used'],0,0,Valid,0.0,0.0,58.0,33.0,"['Male', 'Male']",0,0,5,4,5,Dry,Curve,Level,Lowest,No
10011,12,Florida,122602,0,2,2,0,5,MIAMI,October,28,Saturday,4,39,Urban,Medium Speed (Collector),No,25.77873333,-80.27194167,Complex/Circle,Dark - Lighted,Clear,Unknown,Unknown,Unknown EMS Scene Arrival Hour,Unknown EMS Scene Arrival Minutes,Unknown,Unknown EMS Hospital Arrival Time,1,Dark - Lighted,Clear,1,4,['Driver'],['Shoulder_Lapbelt'],1,1,Invalid,0.0,0.0,46.0,32.0,"['Male', 'Female']",0,0,3,4,5,Dry,Straight,Level,Lowest,No
10012,12,Florida,122603,0,2,2,0,2,NOT APPLICABLE,November,2,Thursday,18,47,Urban,Medium Speed (Collector),No,27.92315,-82.281125,Simple Junction,Dusk,Clear,Unknown,Unknown,Unknown EMS Scene Arrival Hour,Unknown EMS Scene Arrival Minutes,Not Applicable (Not Transported),Not Applicable (Not Transported),1,Twilight,Clear,1,1,['Driver'],['None_Used'],0,0,Valid,0.0,0.0,43.0,26.0,"['Female', 'Male']",2,0,5,4,5,Dry,Straight,Level,Lowest,No
10013,12,Florida,122604,1,1,1,0,1,NOT APPLICABLE,October,26,Thursday,19,40,Urban,High Speed (Arterial),Yes,27.44626944,-82.50940556,Complex/Circle,Dark - Lighted,Clear,Unknown,Unknown,Unknown EMS Scene Arrival Hour,Unknown EMS Scene Arrival Minutes,Unknown,Unknown EMS Hospital Arrival Time,1,Dark - Lighted,Clear,0,1,[],[],1,1,Invalid,0.0,0.0,58.0,58.0,['Male'],0,0,3,3,4,Dry,Curve,Level,Lowest,No
10014,12,Florida,122605,0,2,2,0,4,NOT APPLICABLE,March,19,Sunday,21,11,Rural,Medium Speed (Collector),No,27.76261944,-82.14571667,Simple Junction,Dark - Not Lighted,Clear,Unknown,Unknown,Unknown EMS Scene Arrival Hour,Unknown EMS Scene Arrival Minutes,Unknown,Unknown EMS Hospital Arrival Time,1,Dark - Unlighted,Clear,1,3,['Rear_Seat'],['Child_Safety'],0,0,Valid,0.0,0.0,75.0,33.0,"['Male', 'Male']",0,0,3,4,5,Dry,Straight,Level,Lowest,No
10015,12,Florida,122606,0,2,2,0,3,NOT APPLICABLE,October,23,Monday,19,5,Rural,Low Speed (Local),No,25.57353611,-80.38508333,Complex/Circle,Dark - Not Lighted,Clear,Unknown,Unknown,Unknown EMS Scene Arrival Hour,Unknown EMS Scene Arrival Minutes,Not Applicable (Not Transported),Not Applicable (Not Transported),1,Dark - Unlighted,Clear,1,2,['Driver'],['None_Used'],0,0,Valid,0.0,0.0,34.0,26.0,"['Male', 'Male']",0,0,5,4,5,Dry,Straight,Level,Lowest,No
10016,12,Florida,122608,1,2,1,1,1,NOT APPLICABLE,October,27,Friday,1,38,Urban,High Speed (Arterial),Yes,29.32941944,-81.13113056,Non-Intersection,Dark - Lighted,Clear,Unknown,Unknown,Unknown EMS Scene Arrival Hour,Unknown EMS Scene Arrival Minutes,Not Applicable (Not Transported),Not Applicable (Not Transported),1,Dark - Lighted,Clear,1,0,['Driver'],['None_Used'],0,0,Valid,0.0,0.0,18.0,18.0,['Male'],0,0,2,4,5,Dry,Straight,Grade/Hillcrest,Lowest,No
10017,12,Florida,122609,0,2,2,0,2,NOT APPLICABLE,October,31,Tuesday,15,25,Rural,High Speed (Arterial),No,29.97003056,-82.20671111,Non-Intersection,Daylight,Clear,Unknown,Unknown,Unknown EMS Scene Arrival Hour,Unknown EMS Scene Arrival Minutes,Unknown,Unknown EMS Hospital Arrival Time,1,Daylight,Clear,1,1,['Driver'],['Shoulder_Lapbelt'],0,0,Valid,0.0,0.0,70.0,52.0,"['Male', 'Male']",0,0,3,4,5,Dry,Straight,Level,Lowest,No
10018,12,Florida,122610,0,2,2,0,4,NOT APPLICABLE,October,21,Saturday,20,6,Rural,High Speed (Arterial),Yes,28.71685278,-81.0583,Non-Intersection,Dark - Not Lighted,Clear,Unknown,Unknown,Unknown EMS Scene Arrival Hour,Unknown EMS Scene Arrival Minutes,Not Applicable (Not Transported),Not Applicable (Not Transported),2,Dark - Unlighted,Clear,2,2,"['Driver', 'Rear_Seat']","['None_Used', 'None_Used']",1,1,Valid,2.0,0.0,65.0,40.0,"['Male', 'Male']",0,0,5,4,5,Dry,Straight,Level,Lowest,No
10019,12,Florida,122611,0,2,2,0,2,NORTH PORT,November,1,Wednesday,20,9,Urban,Medium Speed (Collector),No,27.03239722,-82.10332222,Complex/Circle,Dark - Lighted,Clear,Unknown,Unknown,Unknown EMS Scene Arrival Hour,Unknown EMS Scene Arrival Minutes,Not Applicable (Not Transported),Not Applicable (Not Transported),1,Dark - Lighted,Clear,1,1,['Driver'],['None_Used'],0,0,Valid,0.0,0.0,64.0,33.0,"['Female', 'Male']",0,0,5,4,5,Dry,Straight,Level,Lowest,No
10020,12,Florida,122612,0,2,2,0,2,NOT APPLICABLE,October,26,Thursday,16,21,Urban,High Speed (Arterial),Yes,27.04978056,-82.37744167,Complex/Circle,Daylight,Clear,Unknown,Unknown,Unknown EMS Scene Arrival Hour,Unknown EMS Scene Arrival Minutes,Unknown,Unknown EMS Hospital Arrival Time,1,Daylight,Clear,1,1,['Driver'],['Shoulder_Lapbelt'],0,0,Valid,0.0,2.0,78.0,53.0,"['Female', 'Male']",0,0,3,4,5,Dry,Straight,Level,Lowest,No
10021,12,Florida,122613,0,1,1,0,1,BOCA RATON,October,30,Monday,16,3,Urban,High Speed (Arterial),Yes,26.35502778,-80.11891944,Non-Intersection,Daylight,Clear,Unknown,Unknown,Unknown EMS Scene Arrival Hour,Unknown EMS Scene Arrival Minutes,Unknown,Unknown EMS Hospital Arrival Time,1,Daylight,Clear,1,0,['Driver'],['Shoulder_Lapbelt'],0,0,Invalid,0.0,0.0,76.0,76.0,['Female'],0,0,2,4,3,Dry,Straight,Level,Lowest,No
10022,12,Florida,122614,0,1,1,0,1,NOT APPLICABLE,October,25,Wednesday,18,45,Rural,Medium Speed (Collector),No,28.52494444,-82.30310278,Non-Intersection,Daylight,Clear,Unknown,Unknown,Unknown EMS Scene Arrival Hour,Unknown EMS Scene Arrival Minutes,Unknown,Unknown EMS Hospital Arrival Time,1,Daylight,Clear,1,0,['Driver'],['None_Used'],0,0,Valid,0.0,0.0,65.0,65.0,['Male'],0,0,5,4,3,Dry,Curve,Level,Lowest,No
10023,12,Florida,122615,0,1,1,0,1,PALM BAY,November,4,Saturday,4,0,Urban,Medium Speed (Collector),No,27.95638333,-80.62272222,Non-Intersection,Dark - Not Lighted,Clear,Unknown,Unknown,Unknown EMS Scene Arrival Hour,Unknown EMS Scene Arrival Minutes,Not Applicable (Not Transported),Not Applicable (Not Transported),1,Dark - Unlighted,Clear,1,0,['Driver'],['None_Used'],0,0,Valid,0.0,0.0,25.0,25.0,['Male'],0,0,2,4,2,Dry,Straight,Level,Lowest,No
10024,12,Florida,122616,0,1,1,0,1,NOT APPLICABLE,November,3,Friday,8,33,Rural,Medium Speed (Collector),No,27.83824167,-82.19903333,Non-Intersection,Daylight,Clear,Unknown,Unknown,Unknown EMS Scene Arrival Hour,Unknown EMS Scene Arrival Minutes,Not Applicable (Not Transported),Not Applicable (Not Transported),1,Daylight,Clear,1,0,['Driver'],['None_Used'],0,0,Valid,1.0,0.0,18.0,18.0,['Male'],1,0,3,4,3,Dry,Straight,Level,Lowest,No
10025,12,Florida,122617,1,2,2,0,3,MIAMI,November,4,Saturday,19,0,Urban,High Speed (Arterial),Yes,25.80446389,-80.23998611,Complex/Circle,Dark - Lighted,Clear,Unknown,Unknown,Unknown EMS Scene Arrival Hour,Unknown EMS Scene Arrival Minutes,Unknown,Unknown EMS Hospital Arrival Time,1,Dark - Lighted,Clear,0,2,[],[],0,0,Invalid,1.0,0.0,998.0,23.0,"['Other', 'Female']",0,0,2,3,4,Dry,Straight,Level,Lowest,No
10026,12,Florida,122618,1,1,1,0,2,DUNEDIN,October,26,Thursday,22,27,Urban,Medium Speed (Collector),No,28.01153056,-82.77556111,Non-Intersection,Dark - Lighted,Clear,Unknown,Unknown,Unknown EMS Scene Arrival Hour,Unknown EMS Scene Arrival Minutes,Unknown,Unknown EMS Hospital Arrival Time,1,Dark - Lighted,Clear,0,2,[],[],0,0,Valid,0.0,0.0,18.0,18.0,['Female'],0,0,3,3,4,Dry,Straight,Level,Lowest,No
10027,12,Florida,122619,1,1,1,0,1,NOT APPLICABLE,October,27,Friday,22,9,Urban,Medium Speed (Collector),No,28.53693889,-81.28579167,Non-Intersection,Dark - Lighted,Clear,Unknown,Unknown,Unknown EMS Scene Arrival Hour,Unknown EMS Scene Arrival Minutes,Unknown,Unknown EMS Hospital Arrival Time,1,Dark - Lighted,Clear,0,1,[],[],1,1,Valid,0.0,0.0,65.0,65.0,['Male'],0,0,3,4,4,Dry,Straight,Level,Lowest,No
10028,12,Florida,122620,0,2,2,0,2,NOT APPLICABLE,October,28,Saturday,6,15,Rural,High Speed (Arterial),No,29.81473611,-82.38661111,Non-Intersection,Dark - Not Lighted,"Fog, Smog, Smoke",Unknown,Unknown,Unknown EMS Scene Arrival Hour,Unknown EMS Scene Arrival Minutes,Unknown,Unknown EMS Hospital Arrival Time,1,Dark - Unlighted,Reduced Visibility,1,1,['Driver'],['Shoulder_Lapbelt'],1,1,Valid,1.0,2.0,53.0,22.0,"['Male', 'Female']",0,0,2,4,5,Dry,Straight,Level,Lowest,No
10029,12,Florida,122621,0,5,5,0,9,NOT APPLICABLE,October,30,Monday,19,8,Urban,High Speed (Arterial),Yes,28.30174444,-81.57473889,Non-Intersection,Dusk,Clear,Unknown,Unknown,Unknown EMS Scene Arrival Hour,Unknown EMS Scene Arrival Minutes,Unknown,Unknown EMS Hospital Arrival Time,1,Twilight,Clear,1,8,['Driver'],['None_Used'],0,0,Valid,1.0,0.0,60.0,24.0,"['Male', 'Male', 'Male', 'Female', 'Male']",0,0,5,4,5,Dry,Straight,Level,Lowest,No
10030,12,Florida,122622,0,2,2,0,2,NOT APPLICABLE,October,31,Tuesday,7,20,Urban,Medium Speed (Collector),No,26.17098333,-81.75085,Simple Junction,Daylight,Clear,Unknown,Unknown,Unknown EMS Scene Arrival Hour,Unknown EMS Scene Arrival Minutes,Unknown,Unknown EMS Hospital Arrival Time,1,Daylight,Clear,1,1,['Driver'],['Shoulder_Lapbelt'],0,0,Valid,0.0,0.0,88.0,58.0,"['Female', 'Male']",0,0,3,4,5,Dry,Straight,Level,Lowest,No
10031,12,Florida,122623,0,3,3,0,3,Other,October,25,Wednesday,15,10,Urban,High Speed (Arterial),Yes,26.23551111,-80.20952778,Non-Intersection,Daylight,Clear,Unknown,Unknown,Unknown EMS Scene Arrival Hour,Unknown EMS Scene Arrival Minutes,Not Applicable (Not Transported),Not Applicable (Not Transported),1,Daylight,Clear,1,2,['Driver'],['None_Used'],0,0,Valid,0.0,0.0,50.0,33.0,"['Male', 'Female', 'Male']",0,0,5,4,5,Dry,Straight,Level,Lowest,No
10032,12,Florida,122624,1,1,1,0,2,NOT APPLICABLE,November,2,Thursday,21,25,Urban,High Speed (Arterial),Yes,28.29798056,-81.23914444,Non-Intersection,Dark - Lighted,Clear,Unknown,Unknown,Unknown EMS Scene Arrival Hour,Unknown EMS Scene Arrival Minutes,Not Applicable (Not Transported),Not Applicable (Not Transported),1,Dark - Lighted,Clear,0,2,[],[],0,0,Valid,0.0,1.0,22.0,22.0,['Female'],0,0,2,3,4,Dry,Straight,Level,Lowest,No
10033,12,Florida,122625,0,2,2,0,6,LAKELAND,November,4,Saturday,18,21,Urban,High Speed (Arterial),Yes,28.05486111,-81.94081944,Complex/Circle,Daylight,Clear,Unknown,Unknown,Unknown EMS Scene Arrival Hour,Unknown EMS Scene Arrival Minutes,Unknown,Unknown EMS Hospital Arrival Time,1,Daylight,Clear,1,5,['Driver'],['None_Used'],1,1,Valid,0.0,1.0,55.0,18.0,"['Male', 'Male']",0,0,5,4,5,Dry,Straight,Level,Lowest,No
10034,12,Florida,122626,1,1,1,0,1,NOT APPLICABLE,October,28,Saturday,20,5,Urban,High Speed (Arterial),Yes,28.01593889,-82.26776944,Non-Intersection,Dark - Lighted,Clear,Unknown,Unknown,Unknown EMS Scene Arrival Hour,Unknown EMS Scene Arrival Minutes,Not Applicable (Not Transported),Not Applicable (Not Transported),1,Dark - Lighted,Clear,0,1,[],[],0,0,Valid,1.0,0.0,59.0,59.0,['Male'],0,0,3,4,4,Dry,Straight,Level,Lowest,No
10035,12,Florida,122627,0,1,1,0,1,NOT APPLICABLE,October,29,Sunday,15,15,Rural,Medium Speed (Collector),No,30.69826944,-85.93595,Non-Intersection,Daylight,Clear,Unknown,Unknown,Unknown EMS Scene Arrival Hour,Unknown EMS Scene Arrival Minutes,Unknown,Unknown EMS Hospital Arrival Time,1,Daylight,Clear,1,0,['Driver'],['None_Used'],0,0,Valid,0.0,0.0,54.0,54.0,['Male'],0,0,5,4,3,Dry,Straight,Level,Lowest,No