,State_Code,State_Name,Crash_ID,Count_Non_Motorists,Count_Vehicles_Total,Count_Vehicle_Forms,Count_PVH_Involved,Count_Occupants_MV,City_Name,Month_Name,Day_of_Month,Day_of_Week,Crash_Hour,Crash_Minute,Area_Rural_Urban,Road_Functional_Class,On_NHS_Road,Latitude,Longitude,Intersection_Type,Light_Condition,Weather_Condition,Notif_Hour,Notif_Minute,Arrival_Hour,Arrival_Minute,Hospital_Hour,Hospital_Minute,Fatalities_Count,Clean_Light_Condition,Clean_Weather_Condition,Total_Killed,Total_Alive,Fatal_Seats_List,Killed_Restraint_List,Any_Driver_Drinking,Total_Drinking_Drivers,Driver_License_Category,Driver_Max_Prev_Accident_Count,Driver_Max_Prev_Speeding_Count,Max_Driver_Age,Min_Driver_Age,Driver_Sex_List,Total_Exceeding_Limit_Vehicles,Total_Too_Fast_Vehicles,Max_Vehicle_Type_Severity_5,Max_Vehicle_Damage_Rank,Max_Harmful_Event_Severity,Crash_Road_Surface_Condition,Crash_Horizontal_Alignment,Crash_Vertical_Profile,Crash_Impairment_Category,Crash_Vehicle_Defect
10036,12,Florida,122628,0,1,1,0,1,NOT APPLICABLE,October,28,Saturday,22,21,Urban,High Speed (Arterial),Yes,28.20155556,-82.3258,Non-Intersection,Dark - Not Lighted,Clear,Unknown,Unknown,Unknown EMS Scene Arrival Hour,Unknown EMS Scene Arrival Minutes,Not Applicable (Not Transported),Not Applicable (Not Transported),1,Dark - Unlighted,Clear,1,0,['Driver'],['None_Used'],0,0,Invalid,0.0,1.0,30.0,30.0,['Male'],0,0,3,4,2,Dry,Curve,Level,Lowest,No
10037,12,Florida,122629,1,1,1,0,1,SAINT PETERSBURG,September,4,Monday,20,28,Urban,Medium Speed (Collector),No,27.75201389,-82.666025,Non-Intersection,Dark - Lighted,Clear,Unknown,Unknown,Unknown EMS Scene Arrival Hour,Unknown EMS Scene Arrival Minutes,Unknown,Unknown EMS Hospital Arrival Time,1,Dark - Lighted,Clear,0,1,[],[],0,0,Valid,0.0,0.0,52.0,52.0,['Male'],0,0,3,4,4,Dry,Straight,Level,Lowest,No
10038,12,Florida,122630,0,2,2,0,2,SAINT PETERSBURG,September,21,Thursday,20,18,Urban,High Speed (Arterial),Yes,27.80283611,-82.67951944,Complex/Circle,Dark - Lighted,Cloudy,Unknown,Unknown,Unknown EMS Scene Arrival Hour,Unknown EMS Scene Arrival Minutes,Unknown,Unknown EMS Hospital Arrival Time,1,Dark - Lighted,Reduced Visibility,1,1,['Driver'],['None_Used'],0,0,Valid,0.0,0.0,34.0,25.0,"['Male', 'Male']",1,0,5,4,5,Dry,Straight,Level,Lowest,No
10039,12,Florida,122631,0,1,1,0,1,NOT APPLICABLE,October,28,Saturday,8,15,Rural,Low Speed (Local),No,28.40650833,-82.52549444,Non-Intersection,Daylight,Clear,Unknown,Unknown,Unknown EMS Scene Arrival Hour,Unknown EMS Scene Arrival Minutes,Unknown,Unknown EMS Hospital Arrival Time,1,Daylight,Clear,1,0,['Driver'],['None_Used'],0,0,Valid,0.0,0.0,29.0,29.0,['Male'],0,0,3,4,3,Dry,Straight,Level,Lowest,No
10040,12,Florida,122632,1,1,1,0,1,LIVE OAK,October,11,Wednesday,10,52,Rural,Medium Speed (Collector),No,30.31855833,-82.97063611,Complex/Circle,Daylight,Cloudy,Unknown,Unknown,Unknown EMS Scene Arrival Hour,Unknown EMS Scene Arrival Minutes,Unknown,Unknown EMS Hospital Arrival Time,1,Daylight,Reduced Visibility,0,1,[],[],0,0,Valid,1.0,4.0,23.0,23.0,['Male'],0,0,3,1,4,Dry,Straight,Level,Lowest,No
10041,12,Florida,122633,1,1,1,0,1,LAKE WORTH,October,12,Thursday,18,59,Urban,Medium Speed (Collector),No,26.61684722,-80.06871111,Non-Intersection,Dark - Lighted,Clear,Unknown,Unknown,Unknown EMS Scene Arrival Hour,Unknown EMS Scene Arrival Minutes,Not Applicable (Not Transported),Not Applicable (Not Transported),1,Dark - Lighted,Clear,0,0,[],[],0,0,Invalid,0.0,0.0,998.0,998.0,['Other'],0,0,4,2,4,Dry,Straight,Level,Lowest,No
10042,12,Florida,122634,0,3,3,0,4,MIMS,October,15,Sunday,10,10,Urban,High Speed (Arterial),No,28.66615278,-80.87285278,Complex/Circle,Daylight,Clear,Unknown,Unknown,Unknown EMS Scene Arrival Hour,Unknown EMS Scene Arrival Minutes,Unknown,Unknown EMS Hospital Arrival Time,1,Daylight,Clear,1,3,['Driver'],['Shoulder_Lapbelt'],0,0,Valid,0.0,0.0,75.0,68.0,"['Male', 'Female', 'Male']",1,0,3,4,5,Dry,Straight,Level,Lowest,No
10043,12,Florida,122635,0,2,2,0,4,NOT APPLICABLE,October,17,Tuesday,8,18,Urban,Medium Speed (Collector),Yes,27.31732778,-80.34955278,Non-Intersection,Daylight,Clear,Unknown,Unknown,Unknown EMS Scene Arrival Hour,Unknown EMS Scene Arrival Minutes,Unknown,Unknown EMS Hospital Arrival Time,1,Daylight,Clear,1,3,['Driver'],['Shoulder_Lapbelt'],0,0,Valid,0.0,0.0,70.0,40.0,"['Female', 'Male']",0,0,4,2,5,Dry,Straight,Level,Medium,No
10044,12,Florida,122636,1,1,1,0,1,NOT APPLICABLE,October,28,Saturday,22,55,Rural,Low Speed (Local),No,29.66099722,-83.04539444,Non-Intersection,Dark - Not Lighted,Clear,Unknown,Unknown,Unknown EMS Scene Arrival Hour,Officially Cancelled,Unknown,Officially Canceled,1,Dark - Unlighted,Clear,0,1,[],[],0,0,Valid,0.0,0.0,66.0,66.0,['Male'],0,0,3,0,4,Dry,Straight,Level,Lowest,No
10045,12,Florida,122637,0,1,1,0,1,COCOA,October,29,Sunday,0,36,Rural,Low Speed (Local),No,28.42511944,-80.80313889,Simple Junction,Dark - Not Lighted,Clear,Unknown,Unknown,Unknown EMS Scene Arrival Hour,Unknown EMS Scene Arrival Minutes,Not Applicable (Not Transported),Not Applicable (Not Transported),1,Dark - Unlighted,Clear,1,0,['Driver'],['None_Used'],0,0,Valid,1.0,0.0,23.0,23.0,['Male'],1,0,2,4,3,Dry,Straight,Level,Lowest,No
10046,12,Florida,122638,0,2,2,0,2,NOT APPLICABLE,October,29,Sunday,16,49,Rural,High Speed (Arterial),Yes,30.140925,-84.31383333,Complex/Circle,Daylight,Clear,Unknown,Unknown,Unknown EMS Scene Arrival Hour,Unknown EMS Scene Arrival Minutes,Unknown,Unknown EMS Hospital Arrival Time,1,Daylight,Clear,1,1,['Driver'],['Shoulder_Lapbelt'],1,1,Valid,0.0,0.0,59.0,32.0,"['Male', 'Male']",1,0,3,4,5,Dry,Straight,Level,Lowest,No
10047,12,Florida,122639,0,3,3,0,4,NICEVILLE,October,29,Sunday,15,50,Rural,Low Speed (Local),No,30.51149444,-86.44636667,Non-Intersection,Daylight,Clear,Unknown,Unknown,Unknown EMS Scene Arrival Hour,Unknown EMS Scene Arrival Minutes,Unknown,Unknown EMS Hospital Arrival Time,1,Daylight,Clear,1,3,['Driver'],['Shoulder_Lapbelt'],0,0,Valid,0.0,0.0,72.0,29.0,"['Female', 'Female', 'Male']",0,0,3,4,5,Dry,Curve,Grade/Hillcrest,Lowest,No
10048,12,Florida,122640,0,1,1,0,1,NOT APPLICABLE,October,29,Sunday,1,25,Rural,Medium Speed (Collector),No,29.656825,-82.98392778,Non-Intersection,Dark - Not Lighted,"Fog, Smog, Smoke",Unknown,Unknown,Unknown EMS Scene Arrival Hour,Unknown EMS Scene Arrival Minutes,Not Applicable (Not Transported),Not Applicable (Not Transported),1,Dark - Unlighted,Reduced Visibility,1,0,['Driver'],['None_Used'],0,0,Invalid,0.0,0.0,52.0,52.0,['Male'],0,0,3,4,3,Dry,Straight,Level,Lowest,No
10049,12,Florida,122641,0,1,1,0,2,LARGO,October,30,Monday,19,35,Urban,Medium Speed (Collector),No,27.89407778,-82.76253333,Non-Intersection,Dark - Lighted,Clear,Unknown,Unknown,Unknown EMS Scene Arrival Hour,Unknown EMS Scene Arrival Minutes,Unknown,Unknown EMS Hospital Arrival Time,1,Dark - Lighted,Clear,1,1,['Rear_Seat'],['None_Used'],0,0,Valid,0.0,0.0,59.0,59.0,['Male'],0,0,5,4,3,Wet/Standing Water,Straight,Level,Lowest,No
10050,12,Florida,122642,0,2,2,0,2,NOT APPLICABLE,October,30,Monday,20,20,Urban,High Speed (Arterial),Yes,25.78158889,-80.33615556,Non-Intersection,Dark - Lighted,Clear,Unknown,Unknown,Unknown EMS Scene Arrival Hour,Unknown EMS Scene Arrival Minutes,Unknown,Unknown EMS Hospital Arrival Time,1,Dark - Lighted,Clear,1,1,['Driver'],['Shoulder_Lapbelt'],0,0,Valid,0.0,0.0,29.0,29.0,"['Male', 'Male']",0,0,3,4,5,Dry,Straight,Level,Lowest,No
10051,12,Florida,122643,0,2,2,0,2,NOT APPLICABLE,November,3,Friday,6,5,Urban,High Speed (Arterial),Yes,27.58085833,-81.81857222,Non-Intersection,Dark - Not Lighted,Clear,Unknown,Unknown,Unknown EMS Scene Arrival Hour,Officially Cancelled,Unknown,Officially Canceled,1,Dark - Unlighted,Clear,1,1,['Driver'],['None_Used'],0,0,Valid,0.0,0.0,48.0,34.0,"['Male', 'Male']",0,0,4,4,5,Dry,Straight,Level,Lowest,No
10052,12,Florida,122644,0,1,1,0,1,NOT APPLICABLE,November,5,Sunday,23,29,Urban,Medium Speed (Collector),No,26.39421389,-80.18789444,Non-Intersection,Dark - Lighted,Clear,Unknown,Unknown,Unknown EMS Scene Arrival Hour,Unknown EMS Scene Arrival Minutes,Not Applicable (Not Transported),Not Applicable (Not Transported),1,Dark - Lighted,Clear,1,0,['Driver'],['None_Used'],0,0,Valid,0.0,0.0,18.0,18.0,['Female'],1,0,5,4,3,Dry,Straight,Level,Lowest,No
10053,12,Florida,122645,0,2,2,0,3,TAMPA,October,22,Sunday,20,45,Urban,High Speed (Arterial),Yes,28.05431389,-82.35383611,Complex/Circle,Dark - Lighted,Clear,Unknown,Unknown,Unknown EMS Scene Arrival Hour,Officially Cancelled,Unknown,Officially Canceled,1,Dark - Lighted,Clear,1,2,['Driver'],['None_Used'],0,0,Valid,0.0,0.0,26.0,19.0,"['Female', 'Male']",0,0,5,4,5,Dry,Straight,Level,Lowest,No
10054,12,Florida,122646,0,2,2,0,2,MIAMI GARDENS,November,2,Thursday,2,58,Urban,High Speed (Arterial),Yes,25.96901944,-80.2061,Non-Intersection,Dark - Lighted,Cloudy,Unknown,Unknown,Unknown EMS Scene Arrival Hour,Unknown EMS Scene Arrival Minutes,Unknown,Unknown EMS Hospital Arrival Time,1,Dark - Lighted,Reduced Visibility,1,1,['Driver'],['Shoulder_Lapbelt'],0,0,Valid,0.0,0.0,38.0,26.0,"['Male', 'Female']",1,0,3,4,5,Wet/Standing Water,Straight,Level,Lowest,No
10055,12,Florida,122647,0,2,2,0,4,CLEARWATER,November,5,Sunday,9,34,Urban,Medium Speed (Collector),No,27.99008611,-82.744925,Complex/Circle,Daylight,Clear,Unknown,Unknown,Unknown EMS Scene Arrival Hour,Unknown EMS Scene Arrival Minutes,Unknown,Unknown EMS Hospital Arrival Time,1,Daylight,Clear,1,3,['Front_Passenger'],['Shoulder_Lapbelt'],0,0,Valid,0.0,0.0,74.0,63.0,"['Male', 'Female']",0,0,2,4,5,Dry,Straight,Level,Lowest,No
10056,12,Florida,122648,0,1,1,0,1,NOT APPLICABLE,November,7,Tuesday,7,24,Urban,High Speed (Arterial),Yes,30.42825556,-84.19084444,Non-Intersection,Dawn,Clear,Unknown,Unknown,Unknown EMS Scene Arrival Hour,Unknown EMS Scene Arrival Minutes,Not Applicable (Not Transported),Not Applicable (Not Transported),1,Twilight,Clear,1,0,['Driver'],['None_Used'],0,0,Valid,0.0,0.0,42.0,42.0,['Male'],0,0,5,4,1,Dry,Straight,Level,Lowest,No
10057,12,Florida,122649,1,1,1,0,1,ORLANDO,November,7,Tuesday,19,14,Urban,High Speed (Arterial),Yes,28.55306111,-81.38899444,Complex/Circle,Dark - Lighted,Clear,Unknown,Unknown,Unknown EMS Scene Arrival Hour,Unknown EMS Scene Arrival Minutes,Unknown,Unknown EMS Hospital Arrival Time,1,Dark - Lighted,Clear,0,1,[],[],0,0,Valid,0.0,0.0,43.0,43.0,['Male'],0,0,3,3,4,Dry,Straight,Level,Lowest,No
10058,12,Florida,122650,1,2,2,0,2,JACKSONVILLE,November,8,Wednesday,23,2,Urban,Medium Speed (Collector),No,30.37858889,-81.69910833,Non-Intersection,Dark - Not Lighted,Clear,Unknown,Unknown,Unknown EMS Scene Arrival Hour,Unknown EMS Scene Arrival Minutes,Not Applicable (Not Transported),Not Applicable (Not Transported),1,Dark - Unlighted,Clear,0,2,[],[],0,0,Invalid,0.0,0.0,999.0,999.0,"['Other', 'Other']",0,0,1,0,4,Dry,Straight,Level,Lowest,No
10059,12,Florida,122651,1,1,1,0,1,FORT LAUDERDALE,October,21,Saturday,23,15,Urban,High Speed (Arterial),Yes,26.20451389,-80.10846389,Non-Intersection,Dark - Not Lighted,Clear,Unknown,Unknown,Unknown EMS Scene Arrival Hour,Unknown EMS Scene Arrival Minutes,Not Applicable (Not Transported),Not Applicable (Not Transported),1,Dark - Unlighted,Clear,0,1,[],[],0,0,Valid,0.0,0.0,60.0,60.0,['Male'],0,0,4,4,4,Dry,Straight,Level,Lowest,No
10060,12,Florida,122652,1,1,1,0,2,DAYTONA BEACH,October,27,Friday,19,53,Urban,Medium Speed (Collector),No,29.20715,-81.02064444,Complex/Circle,Dark - Lighted,Clear,Unknown,Unknown,Unknown EMS Scene Arrival Hour,Unknown EMS Scene Arrival Minutes,Unknown,Unknown EMS Hospital Arrival Time,1,Dark - Lighted,Clear,0,2,[],[],0,0,Valid,0.0,0.0,60.0,60.0,['Male'],0,0,2,4,4,Dry,Straight,Level,Lowest,No
10061,12,Florida,122653,0,1,1,0,1,NOT APPLICABLE,October,28,Saturday,15,48,Rural,Medium Speed (Collector),No,30.97646944,-85.64645278,Non-Intersection,Daylight,Clear,Unknown,Unknown,Unknown EMS Scene Arrival Hour,Unknown EMS Scene Arrival Minutes,Unknown,Unknown EMS Hospital Arrival Time,1,Daylight,Clear,1,0,['Driver'],['Shoulder_Lapbelt'],0,0,Valid,0.0,0.0,75.0,75.0,['Male'],0,0,3,4,3,Dry,Straight,Level,Lowest,No
10062,12,Florida,122654,0,2,2,0,5,BELLE GLADE,November,7,Tuesday,6,55,Urban,Medium Speed (Collector),No,26.67135,-80.63821389,Complex/Circle,Daylight,Clear,Unknown,Unknown,Unknown EMS Scene Arrival Hour,Unknown EMS Scene Arrival Minutes,Unknown,Unknown EMS Hospital Arrival Time,1,Daylight,Clear,1,4,['Rear_Seat'],['None_Used'],0,0,Valid,0.0,0.0,54.0,38.0,"['Female', 'Female']",0,0,3,4,5,Dry,Straight,Level,Lowest,No
10063,12,Florida,122655,0,2,2,0,4,NOT APPLICABLE,October,30,Monday,15,0,Urban,High Speed (Arterial),Yes,25.86856389,-80.226075,Complex/Circle,Daylight,Clear,Unknown,Unknown,Unknown EMS Scene Arrival Hour,Unknown EMS Scene Arrival Minutes,Unknown,Unknown EMS Hospital Arrival Time,1,Daylight,Clear,1,3,['Driver'],['Shoulder_Lapbelt'],0,0,Valid,0.0,0.0,74.0,20.0,"['Female', 'Male']",0,0,2,4,5,Dry,Straight,Level,Lowest,No
10064,12,Florida,122656,0,2,2,0,4,NOT APPLICABLE,November,5,Sunday,19,50,Rural,Low Speed (Local),No,30.10426111,-82.66414722,Complex/Circle,Dark - Not Lighted,Clear,Unknown,Unknown,Unknown EMS Scene Arrival Hour,Unknown EMS Scene Arrival Minutes,Unknown,Unknown EMS Hospital Arrival Time,1,Dark - Unlighted,Clear,1,3,['Driver'],['None_Used'],1,1,Valid,0.0,1.0,36.0,32.0,"['Female', 'Male']",0,0,3,4,5,Dry,Straight,Level,Lowest,No
10065,12,Florida,122657,0,1,1,0,1,NOT APPLICABLE,November,5,Sunday,16,16,Rural,Low Speed (Local),No,30.40758056,-82.21081944,Non-Intersection,Daylight,Clear,Unknown,Unknown,Unknown EMS Scene Arrival Hour,Unknown EMS Scene Arrival Minutes,Unknown,Unknown EMS Hospital Arrival Time,1,Daylight,Clear,1,0,['Driver'],['None_Used'],0,0,Valid,0.0,0.0,19.0,19.0,['Male'],0,0,3,4,3,Dry,Straight,Level,Lowest,No
10066,12,Florida,122658,1,1,1,0,2,PINELLAS PARK,November,1,Wednesday,20,57,Urban,High Speed (Arterial),Yes,27.85921667,-82.69775833,Non-Intersection,Dark - Lighted,Clear,Unknown,Unknown,Unknown EMS Scene Arrival Hour,Unknown EMS Scene Arrival Minutes,Unknown,Unknown EMS Hospital Arrival Time,1,Dark - Lighted,Clear,0,2,[],[],0,0,Invalid,0.0,0.0,36.0,36.0,['Male'],0,0,2,3,4,Dry,Straight,Level,Lowest,No
10067,12,Florida,122659,1,1,1,0,1,ZEPHYRHILLS,November,7,Tuesday,18,40,Urban,High Speed (Arterial),Yes,28.24015833,-82.18520556,Non-Intersection,Dark - Lighted,Clear,Unknown,Unknown,Unknown EMS Scene Arrival Hour,Unknown EMS Scene Arrival Minutes,Unknown,Unknown EMS Hospital Arrival Time,1,Dark - Lighted,Clear,0,1,[],[],0,0,Valid,0.0,2.0,29.0,29.0,['Female'],0,0,3,3,4,Dry,Straight,Level,Lowest,No
10068,12,Florida,122660,0,2,2,0,3,NOT APPLICABLE,October,27,Friday,23,23,Urban,High Speed (Arterial),Yes,27.56189722,-80.3684,Non-Intersection,Dark - Not Lighted,Clear,Unknown,Unknown,Unknown EMS Scene Arrival Hour,Unknown EMS Scene Arrival Minutes,Unknown,Unknown EMS Hospital Arrival Time,2,Dark - Unlighted,Clear,2,1,"['Driver', 'Driver']","['None_Used', 'Shoulder_Lapbelt']",1,1,Valid,0.0,2.0,34.0,33.0,"['Male', 'Male']",0,0,3,4,5,Dry,Curve,Level,Lowest,No
10069,12,Florida,122661,0,2,2,0,2,SAINT PETERSBURG,September,23,Saturday,19,1,Urban,Medium Speed (Collector),No,27.78087778,-82.69995,Complex/Circle,Dusk,Clear,Unknown,Unknown,Unknown EMS Scene Arrival Hour,Unknown EMS Scene Arrival Minutes,Unknown,Unknown EMS Hospital Arrival Time,1,Twilight,Clear,1,1,['Driver'],['None_Used'],0,0,Valid,0.0,0.0,59.0,25.0,"['Female', 'Male']",0,0,5,4,5,Dry,Straight,Level,Lowest,No
10070,12,Florida,122662,0,2,2,0,2,NOT APPLICABLE,October,28,Saturday,10,0,Urban,Medium Speed (Collector),No,29.12068056,-82.21846944,Complex/Circle,Daylight,Clear,Unknown,Unknown,Unknown EMS Scene Arrival Hour,Unknown EMS Scene Arrival Minutes,Not Applicable (Not Transported),Not Applicable (Not Transported),1,Daylight,Clear,1,1,['Driver'],['None_Used'],0,0,Valid,0.0,0.0,63.0,25.0,"['Male', 'Male']",0,0,5,4,5,Dry,Straight,Level,Lowest,No
10071,12,Florida,122663,0,1,1,0,2,TALLAHASSEE,October,29,Sunday,6,52,Urban,High Speed (Arterial),Yes,30.48181389,-84.30649167,Non-Intersection,Dark - Lighted,Clear,Unknown,Unknown,Unknown EMS Scene Arrival Hour,Unknown EMS Scene Arrival Minutes,Unknown,Unknown EMS Hospital Arrival Time,2,Dark - Lighted,Clear,2,0,"['Driver', 'Front_Passenger']","['Shoulder_Lapbelt', 'Shoulder_Lapbelt']",0,0,Valid,0.0,1.0,24.0,24.0,['Male'],0,0,3,4,2,Dry,Straight,Level,Lowest,No
10072,12,Florida,122664,1,1,1,0,1,MILTON,October,25,Wednesday,16,12,Urban,Medium Speed (Collector),No,30.64545278,-87.04688333,Complex/Circle,Daylight,Clear,Unknown,Unknown,Unknown EMS Scene Arrival Hour,Unknown EMS Scene Arrival Minutes,Unknown,Unknown EMS Hospital Arrival Time,1,Daylight,Clear,0,1,[],[],0,0,Valid,1.0,0.0,42.0,42.0,['Male'],0,0,2,3,4,Dry,Straight,Level,Lowest,No
10073,12,Florida,122665,0,1,1,0,1,NOT APPLICABLE,October,29,Sunday,1,0,Rural,Medium Speed (Collector),No,30.81085833,-86.62845278,Non-Intersection,Dark - Not Lighted,Clear,Unknown,Unknown,Unknown EMS Scene Arrival Hour,Unknown EMS Scene Arrival Minutes,Unknown,Unknown EMS Hospital Arrival Time,1,Dark - Unlighted,Clear,1,0,['Driver'],['None_Used'],1,1,Valid,0.0,0.0,26.0,26.0,['Male'],1,0,3,4,3,Dry,Straight,Level,Lowest,No
10074,12,Florida,122666,0,1,1,0,1,NOT APPLICABLE,October,31,Tuesday,21,0,Urban,High Speed (Arterial),Yes,28.24521944,-80.67941111,Non-Intersection,Dark - Not Lighted,Clear,8:00pm-8:59pm,46,8:00pm-8:59pm,56,Not Applicable (Not Transported),Not Applicable (Not Transported),1,Dark - Unlighted,Clear,1,0,['Driver'],['None_Used'],0,0,Invalid,0.0,0.0,36.0,36.0,['Male'],0,0,2,4,2,Dry,Straight,Level,Lowest,No
10075,12,Florida,122667,0,1,1,0,1,ALACHUA,November,5,Sunday,0,10,Rural,High Speed (Arterial),Yes,29.73831667,-82.47750278,Non-Intersection,Dark - Not Lighted,Clear,Unknown,Unknown,Unknown EMS Scene Arrival Hour,Unknown EMS Scene Arrival Minutes,Not Applicable (Not Transported),Not Applicable (Not Transported),1,Dark - Unlighted,Clear,1,0,['Driver'],['None_Used'],0,0,Valid,0.0,1.0,34.0,34.0,['Female'],0,0,3,4,3,Dry,Straight,Level,Lowest,No
10076,12,Florida,122669,0,2,2,0,2,NORTH MIAMI,November,8,Wednesday,18,40,Urban,High Speed (Arterial),Yes,25.89996944,-80.16064167,Complex/Circle,Dark - Lighted,Clear,Unknown,Unknown,Unknown EMS Scene Arrival Hour,Unknown EMS Scene Arrival Minutes,Unknown,Unknown EMS Hospital Arrival Time,1,Dark - Lighted,Clear,1,1,['Driver'],['None_Used'],0,0,Valid,0.0,1.0,63.0,20.0,"['Male', 'Male']",0,0,5,4,5,Dry,Straight,Level,Lowest,No
10077,12,Florida,122670,0,1,1,0,1,NOT APPLICABLE,October,31,Tuesday,23,40,Rural,Medium Speed (Collector),No,29.59641944,-82.22818056,Simple Junction,Dark - Not Lighted,Clear,Unknown,Unknown,Unknown EMS Scene Arrival Hour,Unknown EMS Scene Arrival Minutes,Not Applicable (Not Transported),Not Applicable (Not Transported),1,Dark - Unlighted,Clear,1,0,['Driver'],['None_Used'],0,0,Valid,0.0,0.0,31.0,31.0,['Male'],0,0,3,4,3,Dry,Straight,Level,Lowest,No
10078,12,Florida,122671,1,1,1,0,1,MIAMI,November,4,Saturday,3,40,Urban,Low Speed (Local),No,25.84843333,-80.17318333,Non-Intersection,Dark - Lighted,Clear,Unknown,Unknown,Unknown EMS Scene Arrival Hour,Unknown EMS Scene Arrival Minutes,Unknown,Unknown EMS Hospital Arrival Time,1,Dark - Lighted,Clear,0,1,[],[],0,0,Valid,0.0,0.0,41.0,41.0,['Male'],0,0,1,1,4,Dry,Straight,Level,Lowest,No
10079,12,Florida,122672,0,2,2,0,3,NORTH BAY VILLAGE,November,6,Monday,17,15,Urban,High Speed (Arterial),Yes,25.84863889,-80.15323333,Non-Intersection,Daylight,Clear,Unknown,Unknown,Unknown EMS Scene Arrival Hour,Unknown EMS Scene Arrival Minutes,Unknown,Unknown EMS Hospital Arrival Time,1,Daylight,Clear,1,2,['Driver'],['None_Used'],0,0,Invalid,0.0,1.0,75.0,35.0,"['Male', 'Male']",0,0,5,4,5,Dry,Straight,Level,Lowest,No
10080,12,Florida,122673,0,1,1,0,1,NOT APPLICABLE,October,27,Friday,12,40,Rural,High Speed (Arterial),Yes,27.64638611,-82.523625,Non-Intersection,Daylight,Clear,Unknown,Unknown,Unknown EMS Scene Arrival Hour,Unknown EMS Scene Arrival Minutes,Not Applicable (Not Transported),Not Applicable (Not Transported),1,Daylight,Clear,1,0,['Driver'],['Shoulder_Lapbelt'],0,0,Valid,3.0,0.0,59.0,59.0,['Male'],0,0,3,4,3,Dry,Straight,Level,Lowest,No
10081,12,Florida,122674,1,2,1,1,2,NOT APPLICABLE,November,1,Wednesday,12,20,Rural,High Speed (Arterial),Yes,30.43563333,-83.49139722,Non-Intersection,Daylight,Clear,Unknown,Unknown,Unknown EMS Scene Arrival Hour,Unknown EMS Scene Arrival Minutes,Not Applicable (Not Transported),Not Applicable (Not Transported),1,Daylight,Clear,0,2,[],[],0,0,Valid,0.0,0.0,40.0,40.0,['Female'],0,0,4,1,4,Dry,Straight,Grade/Hillcrest,Lowest,No
10082,12,Florida,122675,0,2,2,0,3,MOUNT DORA,August,17,Thursday,14,58,Urban,High Speed (Arterial),Yes,28.80075,-81.61383611,Complex/Circle,Daylight,Clear,Unknown,Unknown,Unknown EMS Scene Arrival Hour,Unknown EMS Scene Arrival Minutes,Unknown,Unknown EMS Hospital Arrival Time,1,Daylight,Clear,1,2,['Rear_Seat'],['Child_Safety'],0,0,Valid,0.0,0.0,41.0,35.0,"['Female', 'Male']",0,0,4,4,5,Wet/Standing Water,Curve,Level,Lowest,No
10083,12,Florida,122676,0,1,1,0,1,TAVARES,November,10,Friday,1,44,Urban,High Speed (Arterial),Yes,28.81100278,-81.74037778,Non-Intersection,Dark - Lighted,Clear,Unknown,Unknown,Unknown EMS Scene Arrival Hour,Unknown EMS Scene Arrival Minutes,Unknown,Unknown EMS Hospital Arrival Time,1,Dark - Lighted,Clear,1,0,['Driver'],['None_Used'],1,1,Valid,1.0,0.0,42.0,42.0,['Male'],1,0,5,4,3,Dry,Straight,Grade/Hillcrest,Lowest,No
10084,12,Florida,122677,1,1,1,0,1,WEST PALM BEACH,November,7,Tuesday,21,27,Urban,Medium Speed (Collector),No,26.750175,-80.05636944,Non-Intersection,Dark - Lighted,Clear,Unknown,Unknown,Unknown EMS Scene Arrival Hour,Unknown EMS Scene Arrival Minutes,Unknown,Unknown EMS Hospital Arrival Time,1,Dark - Lighted,Clear,0,1,[],[],0,0,Valid,0.0,0.0,46.0,46.0,['Male'],0,0,3,2,4,Dry,Straight,Level,Lowest,No
10085,12,Florida,122678,1,1,1,0,1,NOT APPLICABLE,November,1,Wednesday,5,33,Urban,High Speed (Arterial),Yes,27.44576389,-82.47467778,Non-Intersection,Dark - Not Lighted,Clear,Unknown,Unknown,Unknown EMS Scene Arrival Hour,Unknown EMS Scene Arrival Minutes,Unknown,Unknown EMS Hospital Arrival Time,1,Dark - Unlighted,Clear,0,1,[],[],0,0,Valid,0.0,0.0,35.0,35.0,['Male'],0,0,2,3,4,Dry,Straight,Level,Lowest,No
10086,12,Florida,122679,0,2,2,0,5,NOT APPLICABLE,October,28,Saturday,10,2,Urban,Medium Speed (Collector),No,30.670875,-86.99949167,Non-Intersection,Daylight,Clear,Unknown,Unknown,Unknown EMS Scene Arrival Hour,Unknown EMS Scene Arrival Minutes,Unknown,Unknown EMS Hospital Arrival Time,1,Daylight,Clear,1,4,['Driver'],['None_Used'],0,0,Valid,0.0,1.0,49.0,22.0,"['Male', 'Male']",0,0,3,4,5,Dry,Straight,Level,Lowest,No