,State_Code,State_Name,Crash_ID,Count_Non_Motorists,Count_Vehicles_Total,Count_Vehicle_Forms,Count_PVH_Involved,Count_Occupants_MV,City_Name,Month_Name,Day_of_Month,Day_of_Week,Crash_Hour,Crash_Minute,Area_Rural_Urban,Road_Functional_Class,On_NHS_Road,Latitude,Longitude,Intersection_Type,Light_Condition,Weather_Condition,Notif_Hour,Notif_Minute,Arrival_Hour,Arrival_Minute,Hospital_Hour,Hospital_Minute,Fatalities_Count,Clean_Light_Condition,Clean_Weather_Condition,Total_Killed,Total_Alive,Fatal_Seats_List,Killed_Restraint_List,Any_Driver_Drinking,Total_Drinking_Drivers,Driver_License_Category,Driver_Max_Prev_Accident_Count,Driver_Max_Prev_Speeding_Count,Max_Driver_Age,Min_Driver_Age,Driver_Sex_List,Total_Exceeding_Limit_Vehicles,Total_Too_Fast_Vehicles,Max_Vehicle_Type_Severity_5,Max_Vehicle_Damage_Rank,Max_Harmful_Event_Severity,Crash_Road_Surface_Condition,Crash_Horizontal_Alignment,Crash_Vertical_Profile,Crash_Impairment_Category,Crash_Vehicle_Defect
10087,12,Florida,122680,0,3,3,0,4,POMPANO BEACH,October,30,Monday,12,30,Rural,Low Speed (Local),Yes,26.26756667,-80.12718611,Non-Intersection,Daylight,Cloudy,Unknown,Unknown,Unknown EMS Scene Arrival Hour,Unknown EMS Scene Arrival Minutes,Unknown,Unknown EMS Hospital Arrival Time,1,Daylight,Reduced Visibility,1,3,['Front_Passenger'],['None_Used'],0,0,Valid,0.0,0.0,39.0,23.0,"['Male', 'Female', 'Male']",0,0,3,4,5,Dry,Curve,Level,Lowest,No
10088,12,Florida,122681,0,2,2,0,3,NOT APPLICABLE,October,27,Friday,23,40,Urban,Medium Speed (Collector),No,28.36082222,-82.63606111,Non-Intersection,Dark - Not Lighted,Clear,Unknown,Unknown,Unknown EMS Scene Arrival Hour,Unknown EMS Scene Arrival Minutes,Not Applicable (Not Transported),Not Applicable (Not Transported),1,Dark - Unlighted,Clear,1,2,['Driver'],['None_Used'],1,1,Invalid,0.0,2.0,49.0,23.0,"['Male', 'Male']",0,0,3,4,5,Dry,Straight,Level,Lowest,No
10089,12,Florida,122682,0,1,1,0,1,DAVIE,November,1,Wednesday,22,15,Urban,High Speed (Arterial),Yes,26.089625,-80.21256667,Non-Intersection,Dark - Lighted,Cloudy,Unknown,Unknown,Unknown EMS Scene Arrival Hour,Unknown EMS Scene Arrival Minutes,Not Applicable (Not Transported),Not Applicable (Not Transported),1,Dark - Lighted,Reduced Visibility,1,0,['Driver'],['None_Used'],0,0,Valid,0.0,0.0,39.0,39.0,['Male'],0,0,5,2,2,Wet/Standing Water,Curve,Level,Lowest,No
10090,12,Florida,122683,0,2,2,0,2,MIAMI,November,5,Sunday,1,45,Urban,High Speed (Arterial),Yes,25.53328889,-80.37059722,Non-Intersection,Dark - Lighted,Clear,Unknown,Unknown,Unknown EMS Scene Arrival Hour,Unknown EMS Scene Arrival Minutes,Not Applicable (Not Transported),Not Applicable (Not Transported),1,Dark - Lighted,Clear,1,1,['Driver'],['None_Used'],1,1,Valid,0.0,0.0,42.0,26.0,"['Male', 'Male']",0,0,3,4,5,Dry,Straight,Level,Lowest,No
10091,12,Florida,122684,0,3,3,0,4,STUART,November,6,Monday,19,5,Urban,High Speed (Arterial),Yes,27.192075,-80.25531667,Non-Intersection,Dark - Lighted,Clear,Unknown,Unknown,Unknown EMS Scene Arrival Hour,Unknown EMS Scene Arrival Minutes,Not Applicable (Not Transported),Not Applicable (Not Transported),1,Dark - Lighted,Clear,1,3,['Driver'],['None_Used'],0,0,Valid,0.0,0.0,22.0,16.0,"['Male', 'Male', 'Male']",1,0,5,4,5,Dry,Straight,Level,Lowest,No
10092,12,Florida,122685,1,1,1,0,2,NOT APPLICABLE,October,21,Saturday,20,40,Urban,High Speed (Arterial),Yes,27.99673333,-82.21049167,Non-Intersection,Dark - Not Lighted,Clear,Unknown,Unknown,Unknown EMS Scene Arrival Hour,Unknown EMS Scene Arrival Minutes,Unknown,Unknown EMS Hospital Arrival Time,1,Dark - Unlighted,Clear,0,2,[],[],0,0,Invalid,0.0,0.0,27.0,27.0,['Male'],0,0,3,3,4,Dry,Straight,Level,Lowest,No
10093,12,Florida,122687,0,2,2,0,3,NOT APPLICABLE,November,2,Thursday,10,19,Rural,High Speed (Arterial),Yes,27.80619167,-81.31589722,Simple Junction,Daylight,Clear,Unknown,Unknown,Unknown EMS Scene Arrival Hour,Unknown EMS Scene Arrival Minutes,Unknown,Unknown EMS Hospital Arrival Time,1,Daylight,Clear,1,2,['Driver'],['Shoulder_Lapbelt'],0,0,Valid,0.0,0.0,82.0,58.0,"['Male', 'Male']",0,0,4,4,5,Dry,Straight,Level,Lowest,No
10094,12,Florida,122688,0,1,1,0,3,NOT APPLICABLE,November,5,Sunday,19,50,Urban,High Speed (Arterial),Yes,27.897675,-82.34645,Non-Intersection,Dark - Lighted,Clear,Unknown,Unknown,Unknown EMS Scene Arrival Hour,Unknown EMS Scene Arrival Minutes,Unknown,Unknown EMS Hospital Arrival Time,1,Dark - Lighted,Clear,1,2,['Driver'],['Shoulder_Lapbelt'],1,1,Valid,0.0,0.0,34.0,34.0,['Male'],0,0,2,4,3,Dry,Straight,Level,Lowest,No
10095,12,Florida,122689,0,1,1,0,1,JACKSONVILLE,November,12,Sunday,1,56,Urban,Medium Speed (Collector),No,30.26031111,-81.49991111,Simple Junction,Dark - Lighted,Cloudy,Unknown,Unknown,Unknown EMS Scene Arrival Hour,Unknown EMS Scene Arrival Minutes,Unknown,Unknown EMS Hospital Arrival Time,1,Dark - Lighted,Reduced Visibility,1,0,['Driver'],['None_Used'],1,1,Valid,0.0,1.0,41.0,41.0,['Male'],0,0,2,4,3,Dry,Straight,Level,Lowest,No
10096,12,Florida,122690,0,2,2,0,2,JACKSONVILLE,November,12,Sunday,1,53,Urban,Medium Speed (Collector),No,30.28202778,-81.75521667,Simple Junction,Dark - Unknown Lighting,Cloudy,Unknown,Unknown,Unknown EMS Scene Arrival Hour,Unknown EMS Scene Arrival Minutes,Unknown,Unknown EMS Hospital Arrival Time,1,Dark - Unlighted,Reduced Visibility,1,1,['Driver'],['Shoulder_Lapbelt'],1,1,Valid,1.0,3.0,32.0,28.0,"['Male', 'Male']",0,0,3,0,5,Dry,Straight,Level,Lowest,No
10097,12,Florida,122691,0,2,2,0,3,NOT APPLICABLE,October,29,Sunday,19,30,Urban,Medium Speed (Collector),No,28.98194167,-82.01008889,Complex/Circle,Dark - Lighted,Clear,Unknown,Unknown,Unknown EMS Scene Arrival Hour,Unknown EMS Scene Arrival Minutes,Unknown,Unknown EMS Hospital Arrival Time,1,Dark - Lighted,Clear,1,2,['Driver'],['Shoulder_Lapbelt'],1,1,Valid,0.0,0.0,56.0,55.0,"['Male', 'Female']",1,0,5,4,5,Dry,Straight,Level,Lowest,No
10098,12,Florida,122692,1,2,1,1,1,NOT APPLICABLE,October,29,Sunday,22,50,Urban,High Speed (Arterial),Yes,27.45825556,-80.40573611,Non-Intersection,Dark - Lighted,Clear,Unknown,Unknown,Unknown EMS Scene Arrival Hour,Unknown EMS Scene Arrival Minutes,Not Applicable (Not Transported),Not Applicable (Not Transported),1,Dark - Lighted,Clear,0,1,[],[],0,0,Valid,0.0,0.0,24.0,24.0,['Male'],0,0,4,2,4,Dry,Straight,Level,Lowest,No
10099,12,Florida,122693,1,3,3,0,4,NOT APPLICABLE,October,30,Monday,5,27,Urban,High Speed (Arterial),Yes,28.34685,-81.65229444,Non-Intersection,Dark - Not Lighted,Clear,Unknown,Unknown,Unknown EMS Scene Arrival Hour,Unknown EMS Scene Arrival Minutes,Not Applicable (Not Transported),Not Applicable (Not Transported),1,Dark - Unlighted,Clear,0,4,[],[],0,0,Invalid,0.0,1.0,999.0,24.0,"['Other', 'Female', 'Other']",0,0,2,2,4,Dry,Straight,Level,Lowest,No
10100,12,Florida,122694,0,2,2,0,3,NOT APPLICABLE,October,31,Tuesday,9,17,Urban,Medium Speed (Collector),No,28.04451944,-81.69972222,Simple Junction,Daylight,Clear,Unknown,Unknown,Unknown EMS Scene Arrival Hour,Unknown EMS Scene Arrival Minutes,Unknown,Unknown EMS Hospital Arrival Time,1,Daylight,Clear,1,2,['Driver'],['None_Used'],0,0,Valid,0.0,0.0,48.0,39.0,"['Male', 'Male']",0,0,5,4,5,Dry,Straight,Level,Lowest,No
10101,12,Florida,122695,1,1,1,0,2,NOT APPLICABLE,November,2,Thursday,19,0,Urban,High Speed (Arterial),Yes,28.68319722,-80.85317222,Non-Intersection,Dark - Not Lighted,Clear,Unknown,Unknown,Unknown EMS Scene Arrival Hour,Unknown EMS Scene Arrival Minutes,Unknown,Unknown EMS Hospital Arrival Time,1,Dark - Unlighted,Clear,0,2,[],[],0,0,Valid,0.0,0.0,59.0,59.0,['Female'],0,0,3,3,4,Dry,Straight,Level,Lowest,No
10102,12,Florida,122696,0,1,1,0,3,NOT APPLICABLE,November,5,Sunday,13,8,Rural,Low Speed (Local),No,30.67878056,-87.18894722,Non-Intersection,Daylight,Clear,Unknown,Unknown,Unknown EMS Scene Arrival Hour,Unknown EMS Scene Arrival Minutes,Unknown,Unknown EMS Hospital Arrival Time,1,Daylight,Clear,1,2,['Driver'],['None_Used'],0,0,Valid,0.0,0.0,17.0,17.0,['Female'],0,0,5,3,3,Dry,Curve,Level,Lowest,No
10103,12,Florida,122697,1,1,1,0,1,NOT APPLICABLE,November,1,Wednesday,8,25,Rural,Low Speed (Local),No,26.70504167,-80.16879722,Non-Intersection,Daylight,Clear,Unknown,Unknown,Unknown EMS Scene Arrival Hour,Unknown EMS Scene Arrival Minutes,Unknown,Unknown EMS Hospital Arrival Time,1,Daylight,Clear,0,1,[],[],0,0,Valid,0.0,0.0,47.0,47.0,['Male'],0,0,3,2,4,Dry,Straight,Level,Lowest,No
10104,12,Florida,122698,0,2,2,0,3,LEESBURG,November,6,Monday,19,53,Rural,Medium Speed (Collector),No,28.89416389,-81.77239167,Non-Intersection,Dusk,Clear,Unknown,Unknown,Unknown EMS Scene Arrival Hour,Unknown EMS Scene Arrival Minutes,Not Applicable (Not Transported),Not Applicable (Not Transported),2,Twilight,Clear,2,1,"['Driver', 'Front_Passenger']","['Shoulder_Lapbelt', 'Shoulder_Lapbelt']",0,0,Valid,0.0,0.0,38.0,17.0,"['Male', 'Male']",0,0,3,4,5,Dry,Straight,Level,Lowest,No
10105,12,Florida,122699,0,2,2,0,7,NOT APPLICABLE,November,8,Wednesday,14,15,Rural,Medium Speed (Collector),No,29.23191944,-81.96666944,Simple Junction,Daylight,Clear,Unknown,Unknown,Unknown EMS Scene Arrival Hour,Unknown EMS Scene Arrival Minutes,Unknown,Unknown EMS Hospital Arrival Time,1,Daylight,Clear,1,6,['Driver'],['None_Used'],1,1,Invalid,0.0,0.0,64.0,44.0,"['Male', 'Male']",0,0,5,4,5,Dry,Curve,Grade/Hillcrest,Lowest,No
10106,12,Florida,122700,1,1,1,0,1,NOT APPLICABLE,November,5,Sunday,19,7,Urban,Medium Speed (Collector),No,28.99695556,-82.26909444,Non-Intersection,Dark - Not Lighted,Clear,Unknown,Unknown,Unknown EMS Scene Arrival Hour,Unknown EMS Scene Arrival Minutes,Unknown,Unknown EMS Hospital Arrival Time,1,Dark - Unlighted,Clear,0,1,[],[],0,0,Valid,0.0,0.0,24.0,24.0,['Male'],0,0,3,3,4,Dry,Straight,Level,Lowest,No
10107,12,Florida,122701,0,2,2,0,2,PANAMA CITY,November,8,Wednesday,18,10,Urban,Medium Speed (Collector),No,30.18979722,-85.67436389,Non-Intersection,Dark - Not Lighted,Clear,Unknown,Unknown,Unknown EMS Scene Arrival Hour,Officially Cancelled,Unknown,Officially Canceled,1,Dark - Unlighted,Clear,1,1,['Driver'],['None_Used'],0,0,Valid,0.0,0.0,67.0,56.0,"['Male', 'Male']",0,0,5,4,5,Dry,Straight,Level,Lowest,No
10108,12,Florida,122702,0,3,3,0,5,TALLAHASSEE,November,11,Saturday,18,58,Urban,High Speed (Arterial),No,30.39818056,-84.28010556,Complex/Circle,Dark - Lighted,Clear,Unknown,Unknown,Unknown EMS Scene Arrival Hour,Unknown EMS Scene Arrival Minutes,Unknown,Unknown EMS Hospital Arrival Time,1,Dark - Lighted,Clear,1,4,['Driver'],['None_Used'],1,1,Valid,0.0,1.0,51.0,28.0,"['Male', 'Male', 'Female']",1,0,5,4,5,Dry,Straight,Level,Lowest,No
10109,12,Florida,122703,0,1,1,0,1,NOT APPLICABLE,November,3,Friday,18,22,Rural,High Speed (Arterial),Yes,29.89786944,-81.40593056,Non-Intersection,Dusk,Clear,Unknown,Unknown,Unknown EMS Scene Arrival Hour,Unknown EMS Scene Arrival Minutes,Unknown,Unknown EMS Hospital Arrival Time,1,Twilight,Clear,1,0,['Driver'],['Shoulder_Lapbelt'],0,0,Valid,0.0,0.0,61.0,61.0,['Male'],0,0,3,4,3,Dry,Straight,Level,Lowest,No
10110,12,Florida,122704,2,1,1,0,1,NOT APPLICABLE,November,5,Sunday,8,56,Rural,Medium Speed (Collector),No,25.76013333,-80.40080278,Non-Intersection,Daylight,Clear,Unknown,Unknown,Unknown EMS Scene Arrival Hour,Unknown EMS Scene Arrival Minutes,Unknown,Unknown EMS Hospital Arrival Time,1,Daylight,Clear,0,1,[],[],0,0,Valid,1.0,0.0,65.0,65.0,['Male'],0,0,2,2,4,Dry,Straight,Level,Lowest,No
10111,12,Florida,122705,0,1,1,0,2,NOT APPLICABLE,October,29,Sunday,23,18,Rural,High Speed (Arterial),Yes,27.20880278,-81.80943889,Non-Intersection,Dark - Not Lighted,Clear,Unknown,Unknown,Unknown EMS Scene Arrival Hour,Unknown EMS Scene Arrival Minutes,Unknown,Unknown EMS Hospital Arrival Time,1,Dark - Unlighted,Clear,1,1,['Driver'],['None_Used'],1,1,Valid,0.0,0.0,27.0,27.0,['Male'],0,0,2,4,3,Dry,Straight,Level,Lowest,No
10112,12,Florida,122706,1,1,1,0,2,NOT APPLICABLE,October,30,Monday,0,15,Urban,High Speed (Arterial),Yes,28.45845833,-81.365675,Non-Intersection,Dark - Not Lighted,Clear,Unknown,Unknown,Unknown EMS Scene Arrival Hour,Unknown EMS Scene Arrival Minutes,Unknown,Unknown EMS Hospital Arrival Time,1,Dark - Unlighted,Clear,0,2,[],[],0,0,Valid,0.0,0.0,24.0,24.0,['Female'],0,0,3,4,4,Dry,Straight,Level,Lowest,No
10113,12,Florida,122707,0,2,2,0,2,PALM COAST,October,31,Tuesday,11,44,Urban,High Speed (Arterial),Yes,29.47378889,-81.18306667,Non-Intersection,Daylight,Clear,Unknown,Unknown,Unknown EMS Scene Arrival Hour,Unknown EMS Scene Arrival Minutes,Not Applicable (Not Transported),Not Applicable (Not Transported),1,Daylight,Clear,1,1,['Driver'],['Shoulder_Lapbelt'],0,0,Invalid,1.0,0.0,60.0,30.0,"['Male', 'Male']",0,0,4,4,5,Dry,Straight,Grade/Hillcrest,Lowest,No
10114,12,Florida,122708,0,2,2,0,2,NOT APPLICABLE,October,28,Saturday,12,10,Rural,Low Speed (Local),No,27.97463333,-82.05556389,Complex/Circle,Daylight,Cloudy,Unknown,Unknown,Unknown EMS Scene Arrival Hour,Unknown EMS Scene Arrival Minutes,Unknown,Unknown EMS Hospital Arrival Time,1,Daylight,Reduced Visibility,1,1,['Driver'],['Shoulder_Lapbelt'],0,0,Valid,0.0,0.0,43.0,37.0,"['Female', 'Female']",0,0,3,4,5,Dry,Straight,Level,Lowest,No
10115,12,Florida,122709,0,2,2,0,4,NOT APPLICABLE,November,4,Saturday,4,59,Urban,Medium Speed (Collector),No,27.71250556,-82.303675,Complex/Circle,Dark - Lighted,Clear,Unknown,Unknown,Unknown EMS Scene Arrival Hour,Unknown EMS Scene Arrival Minutes,Unknown,Unknown EMS Hospital Arrival Time,1,Dark - Lighted,Clear,1,3,['Driver'],['None_Used'],1,1,Invalid,0.0,0.0,30.0,21.0,"['Male', 'Male']",0,0,3,4,5,Dry,Straight,Level,Lowest,No
10116,12,Florida,122710,1,1,1,0,1,NOT APPLICABLE,November,4,Saturday,21,35,Rural,Medium Speed (Collector),No,30.14996944,-81.35415,Non-Intersection,Dark - Not Lighted,Clear,Unknown,Unknown,Unknown EMS Scene Arrival Hour,Unknown EMS Scene Arrival Minutes,Unknown,Unknown EMS Hospital Arrival Time,1,Dark - Unlighted,Clear,0,1,[],[],0,0,Valid,0.0,0.0,26.0,26.0,['Male'],0,0,3,4,4,Dry,Straight,Level,Lowest,No
10117,12,Florida,122711,0,1,1,0,1,DAVIE,November,4,Saturday,6,50,Rural,Low Speed (Local),No,26.04395833,-80.36943056,Complex/Circle,Dark - Not Lighted,Cloudy,Unknown,Unknown,Unknown EMS Scene Arrival Hour,Unknown EMS Scene Arrival Minutes,Not Applicable (Not Transported),Not Applicable (Not Transported),1,Dark - Unlighted,Reduced Visibility,1,0,['Driver'],['None_Used'],0,0,Valid,0.0,0.0,62.0,62.0,['Male'],0,0,5,4,3,Wet/Standing Water,Straight,Level,Lowest,No
10118,12,Florida,122712,0,2,2,0,3,NOT APPLICABLE,November,5,Sunday,18,36,Urban,High Speed (Arterial),Yes,27.28263333,-82.53088889,Simple Junction,Dark - Lighted,Clear,Unknown,Unknown,Unknown EMS Scene Arrival Hour,Unknown EMS Scene Arrival Minutes,Unknown,Unknown EMS Hospital Arrival Time,1,Dark - Lighted,Clear,1,2,['Rear_Seat'],['None_Used'],0,0,Valid,0.0,0.0,56.0,50.0,"['Female', 'Male']",0,0,5,2,5,Dry,Curve,Level,Lowest,No
10119,12,Florida,122713,1,1,1,0,1,MIAMI BEACH,November,4,Saturday,7,16,Urban,High Speed (Arterial),Yes,25.813875,-80.13065556,Complex/Circle,Dark - Not Lighted,Rain,Unknown,Unknown,Unknown EMS Scene Arrival Hour,Unknown EMS Scene Arrival Minutes,Unknown,Unknown EMS Hospital Arrival Time,1,Dark - Unlighted,Rain/Wind/Minor,0,1,[],[],0,0,Valid,1.0,0.0,45.0,45.0,['Male'],0,0,3,3,4,Wet/Standing Water,Straight,Level,Lowest,No
10120,12,Florida,122714,0,2,2,0,3,LEHIGH ACRES,November,8,Wednesday,18,0,Urban,Medium Speed (Collector),No,26.63619444,-81.59813056,Complex/Circle,Dark - Lighted,Clear,Unknown,Unknown,Unknown EMS Scene Arrival Hour,Unknown EMS Scene Arrival Minutes,Unknown,Unknown EMS Hospital Arrival Time,1,Dark - Lighted,Clear,1,2,['Rear_Seat'],['None_Used'],0,0,Valid,0.0,0.0,71.0,41.0,"['Male', 'Male']",0,0,5,4,5,Dry,Straight,Level,Lowest,No
10121,12,Florida,122715,0,2,2,0,2,NOT APPLICABLE,November,9,Thursday,22,30,Rural,Medium Speed (Collector),No,30.70759167,-86.38351111,Non-Intersection,Dark - Not Lighted,"Fog, Smog, Smoke",Unknown,Unknown,Unknown EMS Scene Arrival Hour,Unknown EMS Scene Arrival Minutes,Not Applicable (Not Transported),Not Applicable (Not Transported),2,Dark - Unlighted,Reduced Visibility,2,0,"['Driver', 'Driver']","['None_Used', 'None_Used']",0,0,Valid,1.0,5.0,43.0,24.0,"['Male', 'Female']",0,0,5,4,5,Dry,Curve,Level,Lowest,No
10122,12,Florida,122716,1,1,1,0,1,NOT APPLICABLE,November,9,Thursday,18,0,Rural,Low Speed (Local),No,30.71396389,-86.16880278,Non-Intersection,Reported as Unknown,Not Reported,Unknown,Unknown,Unknown EMS Scene Arrival Hour,Unknown EMS Scene Arrival Minutes,Unknown,Unknown EMS Hospital Arrival Time,1,Dark - Unlighted,Clear,0,1,[],[],0,0,Invalid,0.0,0.0,999.0,999.0,['Other'],0,0,1,0,4,Oil/Contaminated,Straight,Grade/Hillcrest,Lowest,No
10123,12,Florida,122717,0,1,1,0,1,NOT APPLICABLE,November,11,Saturday,0,55,Urban,High Speed (Arterial),Yes,29.15503611,-81.07561389,Non-Intersection,Dark - Not Lighted,Clear,Unknown,Unknown,Unknown EMS Scene Arrival Hour,Officially Cancelled,Unknown,Officially Canceled,1,Dark - Unlighted,Clear,1,0,['Driver'],['Shoulder_Lapbelt'],0,0,Invalid,1.0,0.0,21.0,21.0,['Male'],0,0,2,4,3,Dry,Straight,Level,Lowest,No
10124,12,Florida,122718,0,1,1,0,2,CAPE CORAL,November,12,Sunday,16,10,Rural,Low Speed (Local),No,26.69763889,-82.063075,Non-Intersection,Daylight,Clear,Unknown,Unknown,Unknown EMS Scene Arrival Hour,Officially Cancelled,Unknown,Officially Canceled,2,Daylight,Clear,2,0,"['Driver', 'Front_Passenger']","['None_Used', 'None_Used']",0,0,Valid,0.0,0.0,88.0,88.0,['Male'],0,0,2,0,4,Dry,Straight,Level,Lowest,No
10125,12,Florida,122719,1,1,1,0,1,DAVIE,November,10,Friday,21,45,Urban,High Speed (Arterial),Yes,26.06646389,-80.20795833,Simple Junction,Dark - Not Lighted,Clear,Unknown,Unknown,Unknown EMS Scene Arrival Hour,Officially Cancelled,Unknown,Officially Canceled,1,Dark - Unlighted,Clear,0,1,[],[],0,0,Valid,1.0,0.0,26.0,26.0,['Female'],0,0,2,0,4,Dry,Straight,Level,Lowest,No
10126,12,Florida,122720,0,2,2,0,3,NOT APPLICABLE,November,3,Friday,7,50,Urban,Medium Speed (Collector),No,29.06576389,-82.00985,Non-Intersection,Daylight,Cloudy,Unknown,Unknown,Unknown EMS Scene Arrival Hour,Unknown EMS Scene Arrival Minutes,Unknown,Unknown EMS Hospital Arrival Time,1,Daylight,Reduced Visibility,1,2,['Driver'],['Shoulder_Lapbelt'],0,0,Valid,0.0,1.0,41.0,38.0,"['Female', 'Male']",0,0,3,4,5,Dry,Straight,Grade/Hillcrest,Lowest,No
10127,12,Florida,122721,1,1,1,0,1,NOT APPLICABLE,November,14,Tuesday,6,46,Urban,Medium Speed (Collector),No,26.76300556,-80.11651944,Simple Junction,Daylight,Rain,Unknown,Unknown,Unknown EMS Scene Arrival Hour,Unknown EMS Scene Arrival Minutes,Unknown,Unknown EMS Hospital Arrival Time,1,Daylight,Rain/Wind/Minor,0,1,[],[],0,0,Valid,0.0,0.0,34.0,34.0,['Male'],0,0,2,3,4,Wet/Standing Water,Straight,Level,Lowest,No
10128,12,Florida,122722,1,1,1,0,1,QUINCY,September,14,Thursday,19,40,Urban,Medium Speed (Collector),No,30.58426389,-84.60978889,Non-Intersection,Dark - Lighted,Clear,Unknown,Unknown,Unknown EMS Scene Arrival Hour,Unknown EMS Scene Arrival Minutes,Unknown,Unknown EMS Hospital Arrival Time,1,Dark - Lighted,Clear,0,1,[],[],0,0,Valid,0.0,0.0,16.0,16.0,['Female'],0,0,2,2,4,Dry,Straight,Level,Lowest,Yes
10129,12,Florida,122723,0,1,1,0,2,HASTINGS,November,14,Tuesday,19,39,Rural,Medium Speed (Collector),No,29.66760833,-81.47822778,Complex/Circle,Dark - Not Lighted,Rain,Unknown,Unknown,Unknown EMS Scene Arrival Hour,Unknown EMS Scene Arrival Minutes,Not Applicable (Not Transported),Not Applicable (Not Transported),2,Dark - Unlighted,Rain/Wind/Minor,2,0,"['Driver', 'Front_Passenger']","['None_Used', 'None_Used']",0,0,Valid,1.0,0.0,37.0,37.0,['Male'],0,0,3,4,3,Wet/Standing Water,Straight,Level,Lowest,No
10130,12,Florida,122724,1,1,1,0,1,MELBOURNE,November,9,Thursday,18,50,Urban,High Speed (Arterial),Yes,28.15718889,-80.67203611,Non-Intersection,Dark - Lighted,Clear,Unknown,Unknown,Unknown EMS Scene Arrival Hour,Unknown EMS Scene Arrival Minutes,Unknown,Unknown EMS Hospital Arrival Time,1,Dark - Lighted,Clear,0,1,[],[],0,0,Valid,0.0,0.0,87.0,87.0,['Male'],0,0,3,3,4,Dry,Straight,Level,Lowest,No
10131,12,Florida,122725,0,2,2,0,2,MELBOURNE,November,13,Monday,6,38,Urban,High Speed (Arterial),Yes,28.19398056,-80.67197778,Complex/Circle,Dawn,Rain,Unknown,Unknown,Unknown EMS Scene Arrival Hour,Unknown EMS Scene Arrival Minutes,Unknown,Unknown EMS Hospital Arrival Time,1,Twilight,Rain/Wind/Minor,1,1,['Driver'],['Shoulder_Lapbelt'],0,0,Valid,0.0,1.0,83.0,56.0,"['Male', 'Male']",0,0,3,4,5,Wet/Standing Water,Straight,Level,Lowest,No
10132,12,Florida,122726,0,1,1,0,1,MARIANNA,November,3,Friday,15,16,Rural,High Speed (Arterial),Yes,30.72790278,-85.216875,Non-Intersection,Daylight,Clear,Unknown,Unknown,Unknown EMS Scene Arrival Hour,Officially Cancelled,Unknown,Officially Canceled,1,Daylight,Clear,1,0,['Driver'],['Shoulder_Lapbelt'],0,0,Valid,0.0,1.0,35.0,35.0,['Male'],0,0,4,4,3,Dry,Straight,Level,Lowest,Yes
10133,12,Florida,122727,0,2,2,0,2,JACKSONVILLE,November,14,Tuesday,0,5,Urban,Medium Speed (Collector),No,30.24758889,-81.79915556,Simple Junction,Dark - Lighted,Clear,Unknown,Unknown,Unknown EMS Scene Arrival Hour,Unknown EMS Scene Arrival Minutes,Unknown,Unknown EMS Hospital Arrival Time,1,Dark - Lighted,Clear,1,1,['Driver'],['None_Used'],0,0,Invalid,0.0,0.0,26.0,20.0,"['Female', 'Male']",0,0,5,4,5,Dry,Straight,Level,Lowest,No
10134,12,Florida,122728,1,1,1,0,3,FORT LAUDERDALE,November,12,Sunday,22,23,Urban,Medium Speed (Collector),No,26.14014722,-80.18661389,Non-Intersection,Dark - Lighted,Clear,Unknown,Unknown,Unknown EMS Scene Arrival Hour,Unknown EMS Scene Arrival Minutes,Unknown,Unknown EMS Hospital Arrival Time,1,Dark - Lighted,Clear,0,3,[],[],0,0,Valid,0.0,0.0,66.0,66.0,['Male'],0,0,3,3,4,Dry,Straight,Level,Lowest,No
10135,12,Florida,122729,1,1,1,0,1,BARTOW,November,1,Wednesday,6,20,Urban,High Speed (Arterial),Yes,27.903825,-81.84323889,Complex/Circle,Dark - Lighted,Clear,Unknown,Unknown,Unknown EMS Scene Arrival Hour,Unknown EMS Scene Arrival Minutes,Not Applicable (Not Transported),Not Applicable (Not Transported),1,Dark - Lighted,Clear,0,1,[],[],0,0,Valid,0.0,0.0,65.0,65.0,['Male'],0,0,3,3,4,Dry,Straight,Level,Lowest,No
10136,12,Florida,122730,0,2,2,0,3,RUSKIN,October,29,Sunday,17,24,Rural,High Speed (Arterial),Yes,27.68381667,-82.47349167,Simple Junction,Daylight,Clear,Unknown,Unknown,Unknown EMS Scene Arrival Hour,Unknown EMS Scene Arrival Minutes,Unknown,Unknown EMS Hospital Arrival Time,1,Daylight,Clear,1,2,['Driver'],['Shoulder_Lapbelt'],0,0,Valid,1.0,0.0,53.0,27.0,"['Female', 'Female']",0,0,3,4,5,Dry,Straight,Level,Lowest,No
10137,12,Florida,122731,0,3,3,0,8,NOT APPLICABLE,October,29,Sunday,6,56,Rural,Medium Speed (Collector),No,27.70821111,-82.26482778,Non-Intersection,Dark - Not Lighted,Clear,Unknown,Unknown,Unknown EMS Scene Arrival Hour,Unknown EMS Scene Arrival Minutes,Unknown,Unknown EMS Hospital Arrival Time,5,Dark - Unlighted,Clear,5,3,"['Driver', 'Front_Passenger', 'Rear_Seat', 'Rear_Seat', 'Driver']","['Shoulder_Only', 'Shoulder_Only', 'None_Used', 'None_Used', 'Shoulder_Lapbelt']",0,0,Invalid,0.0,1.0,59.0,29.0,"['Male', 'Male', 'Male']",0,0,3,4,5,Dry,Straight,Grade/Hillcrest,Lowest,No