,State_Code,State_Name,Crash_ID,Count_Non_Motorists,Count_Vehicles_Total,Count_Vehicle_Forms,Count_PVH_Involved,Count_Occupants_MV,City_Name,Month_Name,Day_of_Month,Day_of_Week,Crash_Hour,Crash_Minute,Area_Rural_Urban,Road_Functional_Class,On_NHS_Road,Latitude,Longitude,Intersection_Type,Light_Condition,Weather_Condition,Notif_Hour,Notif_Minute,Arrival_Hour,Arrival_Minute,Hospital_Hour,Hospital_Minute,Fatalities_Count,Clean_Light_Condition,Clean_Weather_Condition,Total_Killed,Total_Alive,Fatal_Seats_List,Killed_Restraint_List,Any_Driver_Drinking,Total_Drinking_Drivers,Driver_License_Category,Driver_Max_Prev_Accident_Count,Driver_Max_Prev_Speeding_Count,Max_Driver_Age,Min_Driver_Age,Driver_Sex_List,Total_Exceeding_Limit_Vehicles,Total_Too_Fast_Vehicles,Max_Vehicle_Type_Severity_5,Max_Vehicle_Damage_Rank,Max_Harmful_Event_Severity,Crash_Road_Surface_Condition,Crash_Horizontal_Alignment,Crash_Vertical_Profile,Crash_Impairment_Category,Crash_Vehicle_Defect
10138,12,Florida,122732,0,2,2,0,2,NOT APPLICABLE,November,2,Thursday,11,40,Urban,High Speed (Arterial),Yes,27.92569167,-82.33158889,Non-Intersection,Daylight,Clear,Unknown,Unknown,Unknown EMS Scene Arrival Hour,Unknown EMS Scene Arrival Minutes,Unknown,Unknown EMS Hospital Arrival Time,1,Daylight,Clear,1,1,['Driver'],['None_Used'],0,0,Valid,0.0,0.0,56.0,50.0,"['Female', 'Male']",1,0,3,4,5,Dry,Curve,Grade/Hillcrest,Lowest,No
10139,12,Florida,122733,0,2,2,0,4,NOT APPLICABLE,November,7,Tuesday,11,50,Rural,Medium Speed (Collector),No,30.07218611,-82.63956111,Complex/Circle,Daylight,Clear,Unknown,Unknown,Unknown EMS Scene Arrival Hour,Unknown EMS Scene Arrival Minutes,Unknown,Unknown EMS Hospital Arrival Time,1,Daylight,Clear,1,3,['Front_Passenger'],['Shoulder_Lapbelt'],0,0,Valid,0.0,0.0,56.0,28.0,"['Female', 'Male']",0,0,3,4,5,Dry,Straight,Level,Lowest,No
10140,12,Florida,122735,0,2,2,0,2,MELBOURNE,November,12,Sunday,22,50,Urban,High Speed (Arterial),Yes,28.11564722,-80.62154722,Non-Intersection,Dark - Lighted,Clear,Unknown,Unknown,Unknown EMS Scene Arrival Hour,Unknown EMS Scene Arrival Minutes,Unknown,Unknown EMS Hospital Arrival Time,1,Dark - Lighted,Clear,1,1,['Driver'],['Shoulder_Lapbelt'],1,1,Valid,0.0,1.0,39.0,37.0,"['Male', 'Female']",0,0,3,4,5,Dry,Curve,Level,Lowest,No
10141,12,Florida,122736,1,2,2,0,3,NOT APPLICABLE,November,15,Wednesday,18,18,Urban,Medium Speed (Collector),No,27.73478889,-82.39624167,Non-Intersection,Dusk,Clear,Unknown,Unknown,Unknown EMS Scene Arrival Hour,Unknown EMS Scene Arrival Minutes,Not Applicable (Not Transported),Not Applicable (Not Transported),1,Twilight,Clear,0,2,[],[],0,0,Valid,0.0,0.0,999.0,58.0,"['Male', 'Other']",0,0,2,2,4,Wet/Standing Water,Straight,Level,Lowest,No
10142,12,Florida,122737,1,1,1,0,1,NOT APPLICABLE,October,24,Tuesday,21,15,Rural,High Speed (Arterial),Yes,27.62819722,-82.47337222,Non-Intersection,Dark - Not Lighted,Clear,Unknown,Unknown,Unknown EMS Scene Arrival Hour,Unknown EMS Scene Arrival Minutes,Not Applicable (Not Transported),Not Applicable (Not Transported),1,Dark - Unlighted,Clear,0,1,[],[],0,0,Valid,0.0,0.0,53.0,53.0,['Male'],0,0,2,3,4,Dry,Straight,Level,Lowest,No
10143,12,Florida,122738,0,2,2,0,2,SAINT PETERSBURG,September,6,Wednesday,11,11,Urban,Medium Speed (Collector),No,27.82481111,-82.64686944,Simple Junction,Daylight,Clear,Unknown,Unknown,Unknown EMS Scene Arrival Hour,Unknown EMS Scene Arrival Minutes,Unknown,Unknown EMS Hospital Arrival Time,1,Daylight,Clear,1,1,['Driver'],['None_Used'],0,0,Valid,1.0,2.0,65.0,54.0,"['Male', 'Female']",0,0,3,4,5,Dry,Straight,Level,Lowest,No
10144,12,Florida,122739,0,2,2,0,2,JACKSONVILLE,November,9,Thursday,19,4,Urban,Medium Speed (Collector),No,30.2036,-81.78115556,Simple Junction,Dark - Lighted,Clear,Unknown,Unknown,Unknown EMS Scene Arrival Hour,Unknown EMS Scene Arrival Minutes,Unknown,Unknown EMS Hospital Arrival Time,1,Dark - Lighted,Clear,1,1,['Driver'],['None_Used'],0,0,Valid,1.0,1.0,62.0,31.0,"['Female', 'Male']",0,0,5,4,5,Dry,Straight,Level,Lowest,No
10145,12,Florida,122740,1,1,1,0,1,SOUTH PALM BEACH,November,10,Friday,18,5,Urban,Medium Speed (Collector),No,26.59101111,-80.039025,Non-Intersection,Dark - Lighted,Clear,Unknown,Unknown,Unknown EMS Scene Arrival Hour,Unknown EMS Scene Arrival Minutes,Not Applicable (Not Transported),Not Applicable (Not Transported),1,Dark - Lighted,Clear,0,1,[],[],0,0,Invalid,0.0,0.0,43.0,43.0,['Female'],0,0,3,3,4,Dry,Straight,Level,Lowest,No
10146,12,Florida,122741,1,1,1,0,1,DELRAY BEACH,November,11,Saturday,19,28,Urban,Medium Speed (Collector),No,26.44230556,-80.08319167,Non-Intersection,Dark - Lighted,Clear,Unknown,Unknown,Unknown EMS Scene Arrival Hour,Unknown EMS Scene Arrival Minutes,Not Applicable (Not Transported),Not Applicable (Not Transported),1,Dark - Lighted,Clear,0,1,[],[],0,0,Invalid,0.0,0.0,998.0,998.0,['Other'],0,0,1,0,4,Dry,Straight,Level,Lowest,No
10147,12,Florida,122742,0,2,2,0,4,NOT APPLICABLE,November,11,Saturday,6,40,Urban,Low Speed (Local),No,28.47600556,-82.50816667,Simple Junction,Dawn,"Fog, Smog, Smoke",Unknown,Unknown,Unknown EMS Scene Arrival Hour,Unknown EMS Scene Arrival Minutes,Unknown,Unknown EMS Hospital Arrival Time,1,Twilight,Reduced Visibility,1,3,['Driver'],['None_Used'],0,0,Valid,0.0,1.0,47.0,43.0,"['Male', 'Male']",0,0,5,4,5,Dry,Straight,Level,Lowest,No
10148,12,Florida,122743,2,1,1,0,1,NOT APPLICABLE,November,8,Wednesday,19,58,Urban,Medium Speed (Collector),No,25.76980833,-80.32855833,Non-Intersection,Dark - Lighted,Clear,Unknown,Unknown,Unknown EMS Scene Arrival Hour,Unknown EMS Scene Arrival Minutes,Unknown,Unknown EMS Hospital Arrival Time,1,Dark - Lighted,Clear,0,1,[],[],0,0,Valid,0.0,0.0,39.0,39.0,['Male'],0,0,3,4,4,Dry,Straight,Level,Lowest,No
10149,12,Florida,122744,0,2,2,0,8,ORLANDO,November,11,Saturday,21,52,Urban,High Speed (Arterial),Yes,28.59236389,-81.41407222,Non-Intersection,Dark - Not Lighted,Clear,Unknown,Unknown,Unknown EMS Scene Arrival Hour,Unknown EMS Scene Arrival Minutes,Unknown,Unknown EMS Hospital Arrival Time,1,Dark - Unlighted,Clear,1,5,['Rear_Seat'],['Child_Safety'],0,0,Invalid,0.0,0.0,998.0,54.0,"['Other', 'Male']",0,0,3,4,5,Dry,Straight,Level,Lowest,No
10150,12,Florida,122745,1,1,1,0,1,FORT LAUDERDALE,October,29,Sunday,23,45,Urban,High Speed (Arterial),Yes,26.20364167,-80.14481667,Non-Intersection,Dark - Lighted,Clear,Unknown,Unknown,Unknown EMS Scene Arrival Hour,Unknown EMS Scene Arrival Minutes,Unknown,Unknown EMS Hospital Arrival Time,1,Dark - Lighted,Clear,0,1,[],[],0,0,Valid,0.0,0.0,17.0,17.0,['Female'],0,0,2,3,4,Dry,Straight,Level,Lowest,No
10151,12,Florida,122746,0,2,2,0,5,NOT APPLICABLE,November,8,Wednesday,20,30,Urban,High Speed (Arterial),Yes,26.42025556,-81.81153333,Complex/Circle,Dark - Lighted,Clear,Unknown,Unknown,Unknown EMS Scene Arrival Hour,Unknown EMS Scene Arrival Minutes,Not Applicable (Not Transported),Not Applicable (Not Transported),5,Dark - Lighted,Clear,5,0,"['Driver', 'Driver', 'Rear_Seat', 'Front_Passenger', 'Rear_Seat']","['None_Used', 'Shoulder_Lapbelt', 'Shoulder_Lapbelt', 'Shoulder_Lapbelt', 'Shoulder_Lapbelt']",0,0,Valid,0.0,1.0,68.0,22.0,"['Male', 'Female']",1,0,5,4,5,Dry,Straight,Level,Lowest,No
10152,12,Florida,122747,0,2,2,0,2,MIMS,November,15,Wednesday,13,0,Urban,High Speed (Arterial),Yes,28.65899444,-80.86691389,Non-Intersection,Daylight,Cloudy,Unknown,Unknown,Unknown EMS Scene Arrival Hour,Unknown EMS Scene Arrival Minutes,Unknown,Unknown EMS Hospital Arrival Time,1,Daylight,Reduced Visibility,1,1,['Driver'],['Shoulder_Lapbelt'],0,0,Valid,0.0,0.0,37.0,22.0,"['Male', 'Male']",0,0,4,4,5,Wet/Standing Water,Straight,Level,Lowest,No
10153,12,Florida,122748,1,3,3,0,3,TAMPA,November,16,Thursday,18,35,Urban,High Speed (Arterial),Yes,27.99101944,-82.41404722,Non-Intersection,Dark - Lighted,Cloudy,Unknown,Unknown,Unknown EMS Scene Arrival Hour,Unknown EMS Scene Arrival Minutes,Not Applicable (Not Transported),Not Applicable (Not Transported),1,Dark - Lighted,Reduced Visibility,0,3,[],[],0,0,Valid,0.0,0.0,999.0,51.0,"['Male', 'Other', 'Other']",0,0,3,2,4,Dry,Straight,Level,Lowest,No
10154,12,Florida,122749,1,1,1,0,1,NOT APPLICABLE,November,16,Thursday,21,24,Urban,Medium Speed (Collector),No,28.12291389,-82.76119722,Non-Intersection,Dark - Not Lighted,Clear,Unknown,Unknown,Unknown EMS Scene Arrival Hour,Unknown EMS Scene Arrival Minutes,Unknown,Unknown EMS Hospital Arrival Time,1,Dark - Unlighted,Clear,0,1,[],[],0,0,Valid,0.0,0.0,59.0,59.0,['Male'],0,0,2,4,4,Dry,Straight,Level,Lowest,No
10155,12,Florida,122750,1,1,1,0,1,NOT APPLICABLE,November,18,Saturday,20,4,Rural,Medium Speed (Collector),No,28.00856111,-82.56249722,Non-Intersection,Dark - Lighted,Clear,Unknown,Unknown,Unknown EMS Scene Arrival Hour,Unknown EMS Scene Arrival Minutes,Unknown,Unknown EMS Hospital Arrival Time,1,Dark - Lighted,Clear,0,1,[],[],0,0,Valid,0.0,0.0,71.0,71.0,['Female'],0,0,3,3,4,Dry,Straight,Level,Lowest,No
10156,12,Florida,122751,0,1,1,0,6,NOT APPLICABLE,November,11,Saturday,23,5,Urban,Medium Speed (Collector),No,28.51931111,-82.51458333,Non-Intersection,Dark - Not Lighted,Clear,Unknown,Unknown,Unknown EMS Scene Arrival Hour,Unknown EMS Scene Arrival Minutes,Unknown,Unknown EMS Hospital Arrival Time,2,Dark - Unlighted,Clear,2,4,"['Rear_Seat', 'Non_Standard_Risk']","['None_Used', 'None_Used']",0,0,Valid,0.0,0.0,17.0,17.0,['Male'],0,0,2,4,3,Dry,Curve,Level,Lowest,No
10157,12,Florida,122752,2,3,3,0,6,INVERNESS,November,17,Friday,23,38,Urban,High Speed (Arterial),Yes,28.84438889,-82.34456111,Non-Intersection,Dark - Lighted,Cloudy,11:00pm-11:59pm,27,11:00pm-11:59pm,42,Unknown,Unknown EMS Hospital Arrival Time,1,Dark - Lighted,Reduced Visibility,0,6,[],[],1,1,Valid,0.0,0.0,75.0,17.0,"['Female', 'Male']",0,0,3,4,5,Dry,Curve,Grade/Hillcrest,Lowest,No
10158,12,Florida,122753,0,2,2,0,1,NOT APPLICABLE,November,3,Friday,0,49,Rural,High Speed (Arterial),Yes,26.15441111,-81.37753056,Non-Intersection,Dark - Not Lighted,Clear,Unknown,Unknown,Unknown EMS Scene Arrival Hour,Unknown EMS Scene Arrival Minutes,Not Applicable (Not Transported),Not Applicable (Not Transported),1,Dark - Unlighted,Clear,1,0,['Driver'],['Shoulder_Lapbelt'],0,0,Valid,1.0,0.0,67.0,67.0,['Male'],0,0,4,4,5,Dry,Straight,Level,Lowest,No
10159,12,Florida,122754,1,1,1,0,1,NOT APPLICABLE,November,7,Tuesday,19,41,Urban,High Speed (Arterial),Yes,28.31386944,-81.46763611,Non-Intersection,Dark - Lighted,Clear,Unknown,Unknown,Unknown EMS Scene Arrival Hour,Unknown EMS Scene Arrival Minutes,Not Applicable (Not Transported),Not Applicable (Not Transported),1,Dark - Lighted,Clear,0,0,[],[],0,0,Invalid,0.0,0.0,998.0,998.0,['Other'],0,0,1,0,4,Dry,Straight,Level,Lowest,No
10160,12,Florida,122755,0,1,1,0,2,NOT APPLICABLE,November,8,Wednesday,0,28,Urban,High Speed (Arterial),No,26.52144167,-81.57553056,Non-Intersection,Dark - Lighted,Clear,Unknown,Unknown,Unknown EMS Scene Arrival Hour,Unknown EMS Scene Arrival Minutes,Unknown,Unknown EMS Hospital Arrival Time,1,Dark - Lighted,Clear,1,1,['Driver'],['None_Used'],1,1,Invalid,0.0,2.0,26.0,26.0,['Female'],0,0,2,4,3,Dry,Straight,Level,Lowest,No
10161,12,Florida,122756,1,2,2,0,3,NOT APPLICABLE,November,10,Friday,19,20,Urban,High Speed (Arterial),Yes,28.23085833,-80.69911944,Non-Intersection,Dark - Lighted,Clear,Unknown,Unknown,Unknown EMS Scene Arrival Hour,Unknown EMS Scene Arrival Minutes,Not Applicable (Not Transported),Not Applicable (Not Transported),1,Dark - Lighted,Clear,0,3,[],[],0,0,Valid,0.0,1.0,47.0,24.0,"['Female', 'Female']",0,0,3,2,4,Dry,Straight,Level,Lowest,No
10162,12,Florida,122757,0,1,1,0,1,NOT APPLICABLE,November,11,Saturday,20,45,Rural,Medium Speed (Collector),No,28.35625556,-80.93242222,Non-Intersection,Dark - Not Lighted,Rain,Unknown,Unknown,Unknown EMS Scene Arrival Hour,Unknown EMS Scene Arrival Minutes,Not Applicable (Not Transported),Not Applicable (Not Transported),1,Dark - Unlighted,Rain/Wind/Minor,1,0,['Driver'],['None_Used'],0,0,Valid,0.0,0.0,52.0,52.0,['Male'],0,0,3,4,3,Wet/Standing Water,Curve,Level,Lowest,No
10163,12,Florida,122758,1,1,1,0,2,SATELLITE BEACH,November,10,Friday,18,45,Urban,High Speed (Arterial),Yes,28.20679722,-80.59698333,Non-Intersection,Dark - Lighted,Clear,Unknown,Unknown,Unknown EMS Scene Arrival Hour,Unknown EMS Scene Arrival Minutes,Unknown,Unknown EMS Hospital Arrival Time,1,Dark - Lighted,Clear,0,2,[],[],0,0,Valid,0.0,0.0,71.0,71.0,['Male'],0,0,3,2,4,Dry,Straight,Level,Lowest,No
10164,12,Florida,122759,1,1,1,0,1,NOT APPLICABLE,November,14,Tuesday,19,2,Urban,Medium Speed (Collector),No,27.26916944,-82.48388611,Simple Junction,Dark - Lighted,Rain,Unknown,Unknown,Unknown EMS Scene Arrival Hour,Unknown EMS Scene Arrival Minutes,Unknown,Unknown EMS Hospital Arrival Time,1,Dark - Lighted,Rain/Wind/Minor,0,1,[],[],1,1,Valid,0.0,0.0,59.0,59.0,['Male'],0,0,3,4,4,Wet/Standing Water,Straight,Level,Lowest,No
10165,12,Florida,122760,0,1,1,0,1,WELLINGTON,November,15,Wednesday,17,43,Urban,Medium Speed (Collector),No,26.62273333,-80.25588056,Non-Intersection,Dark - Not Lighted,Rain,Unknown,Unknown,Unknown EMS Scene Arrival Hour,Unknown EMS Scene Arrival Minutes,Unknown,Unknown EMS Hospital Arrival Time,1,Dark - Unlighted,Rain/Wind/Minor,1,0,['Driver'],['Shoulder_Lapbelt'],0,0,Valid,0.0,0.0,28.0,28.0,['Male'],0,0,3,4,3,Wet/Standing Water,Straight,Level,Lowest,No
10166,12,Florida,122761,0,2,2,0,3,NOT APPLICABLE,November,16,Thursday,5,58,Rural,Medium Speed (Collector),No,26.36325,-81.59338611,Non-Intersection,Dawn,Cloudy,Unknown,Unknown,Unknown EMS Scene Arrival Hour,Unknown EMS Scene Arrival Minutes,Unknown,Unknown EMS Hospital Arrival Time,1,Twilight,Reduced Visibility,1,2,['Driver'],['Shoulder_Lapbelt'],0,0,Valid,0.0,0.0,34.0,28.0,"['Male', 'Male']",0,0,4,4,5,Dry,Curve,Level,Lowest,No
10167,12,Florida,122762,0,1,1,0,1,NOT APPLICABLE,November,15,Wednesday,6,10,Urban,High Speed (Arterial),Yes,30.52073056,-87.31261111,Non-Intersection,Daylight,Rain,Unknown,Unknown,Unknown EMS Scene Arrival Hour,Unknown EMS Scene Arrival Minutes,Not Applicable (Not Transported),Not Applicable (Not Transported),1,Daylight,Rain/Wind/Minor,1,0,['Driver'],['Shoulder_Lapbelt'],0,0,Valid,0.0,0.0,55.0,55.0,['Female'],0,0,3,4,3,Wet/Standing Water,Curve,Level,Lowest,No
10168,12,Florida,122763,0,3,3,0,5,GAINESVILLE,November,19,Sunday,17,25,Urban,High Speed (Arterial),Yes,29.63286667,-82.33944167,Complex/Circle,Dusk,Clear,Unknown,Unknown,Unknown EMS Scene Arrival Hour,Unknown EMS Scene Arrival Minutes,Unknown,Unknown EMS Hospital Arrival Time,1,Twilight,Clear,1,4,['Driver'],['None_Used'],0,0,Valid,0.0,1.0,44.0,18.0,"['Male', 'Male', 'Male']",2,0,5,4,5,Dry,Straight,Grade/Hillcrest,Lowest,No
10169,12,Florida,122764,1,1,1,0,1,WEST PALM BEACH,November,15,Wednesday,19,52,Urban,Medium Speed (Collector),No,26.69699722,-80.05410278,Complex/Circle,Dark - Lighted,Rain,Unknown,Unknown,Unknown EMS Scene Arrival Hour,Unknown EMS Scene Arrival Minutes,Unknown,Unknown EMS Hospital Arrival Time,1,Dark - Lighted,Rain/Wind/Minor,0,0,[],[],0,0,Invalid,0.0,0.0,998.0,998.0,['Other'],0,0,2,0,4,Wet/Standing Water,Straight,Level,Lowest,No
10170,12,Florida,122765,0,1,1,0,1,NOT APPLICABLE,November,18,Saturday,1,49,Urban,High Speed (Arterial),Yes,30.76010556,-86.60784722,Non-Intersection,Dark - Not Lighted,Clear,Unknown,Unknown,Unknown EMS Scene Arrival Hour,Unknown EMS Scene Arrival Minutes,Unknown,Unknown EMS Hospital Arrival Time,1,Dark - Unlighted,Clear,1,0,['Driver'],['None_Used'],1,1,Valid,1.0,0.0,34.0,34.0,['Male'],0,0,3,4,3,Dry,Straight,Level,Lowest,No
10171,12,Florida,122766,0,2,2,0,2,PANAMA CITY,November,18,Saturday,18,8,Urban,High Speed (Arterial),Yes,30.18964722,-85.70066111,Complex/Circle,Dark - Lighted,Clear,Unknown,Unknown,Unknown EMS Scene Arrival Hour,Unknown EMS Scene Arrival Minutes,Unknown,Unknown EMS Hospital Arrival Time,1,Dark - Lighted,Clear,1,1,['Driver'],['None_Used'],0,0,Valid,1.0,1.0,37.0,28.0,"['Male', 'Male']",0,0,5,4,5,Dry,Straight,Level,Lowest,No
10172,12,Florida,122767,0,1,1,0,1,NOT APPLICABLE,November,13,Monday,10,14,Rural,Medium Speed (Collector),No,29.2737,-81.90261944,Non-Intersection,Daylight,Clear,Unknown,Unknown,Unknown EMS Scene Arrival Hour,Unknown EMS Scene Arrival Minutes,Unknown,Unknown EMS Hospital Arrival Time,1,Daylight,Clear,1,0,['Driver'],['Shoulder_Lapbelt'],0,0,Invalid,0.0,0.0,45.0,45.0,['Female'],0,0,3,4,3,Dry,Curve,Grade/Hillcrest,Lowest,No
10173,12,Florida,122768,0,4,4,0,6,NOT APPLICABLE,October,13,Friday,18,0,Urban,High Speed (Arterial),Yes,28.11251389,-82.46082778,Non-Intersection,Dusk,Clear,Unknown,Unknown,Unknown EMS Scene Arrival Hour,Unknown EMS Scene Arrival Minutes,Unknown,Unknown EMS Hospital Arrival Time,2,Twilight,Clear,2,4,"['Driver', 'Front_Passenger']","['None_Used', 'Shoulder_Lapbelt']",0,0,Valid,1.0,1.0,45.0,27.0,"['Male', 'Male', 'Male', 'Female']",0,0,3,4,5,Dry,Straight,Level,Lowest,No
10174,12,Florida,122769,1,1,1,0,1,TREASURE ISLAND,November,11,Saturday,20,30,Rural,Low Speed (Local),No,27.77060833,-82.76685278,Non-Intersection,Dark - Lighted,Clear,Unknown,Unknown,Unknown EMS Scene Arrival Hour,Unknown EMS Scene Arrival Minutes,Unknown,Unknown EMS Hospital Arrival Time,1,Dark - Lighted,Clear,0,1,[],[],0,0,Invalid,0.0,0.0,61.0,61.0,['Male'],0,0,3,1,4,Dry,Straight,Level,Lowest,No
10175,12,Florida,122770,1,1,1,0,1,BELLE GLADE,November,11,Saturday,20,19,Urban,High Speed (Arterial),Yes,26.66372778,-80.67854167,Non-Intersection,Dark - Not Lighted,Clear,Unknown,Unknown,Unknown EMS Scene Arrival Hour,Unknown EMS Scene Arrival Minutes,Not Applicable (Not Transported),Not Applicable (Not Transported),1,Dark - Unlighted,Clear,0,1,[],[],0,0,Valid,0.0,0.0,64.0,64.0,['Male'],0,0,3,3,4,Dry,Straight,Level,Lowest,No
10176,12,Florida,122771,0,2,2,0,4,NOT APPLICABLE,November,12,Sunday,18,0,Urban,High Speed (Arterial),Yes,29.72270278,-82.25950556,Non-Intersection,Dark - Not Lighted,Clear,Unknown,Unknown,Unknown EMS Scene Arrival Hour,Unknown EMS Scene Arrival Minutes,Unknown,Unknown EMS Hospital Arrival Time,1,Dark - Unlighted,Clear,1,3,['Driver'],['Shoulder_Lapbelt'],0,0,Valid,0.0,0.0,43.0,23.0,"['Male', 'Male']",0,0,3,4,5,Dry,Straight,Level,Lowest,No
10177,12,Florida,122772,0,2,2,0,2,NOT APPLICABLE,November,12,Sunday,7,57,Urban,Medium Speed (Collector),No,27.29873889,-82.46473889,Non-Intersection,Daylight,Cloudy,Unknown,Unknown,Unknown EMS Scene Arrival Hour,Unknown EMS Scene Arrival Minutes,Unknown,Unknown EMS Hospital Arrival Time,1,Daylight,Reduced Visibility,1,1,['Driver'],['Shoulder_Lapbelt'],1,1,Valid,0.0,0.0,54.0,40.0,"['Male', 'Female']",0,0,3,4,5,Dry,Straight,Level,Medium,No
10178,12,Florida,122773,0,1,1,0,1,NOT APPLICABLE,November,12,Sunday,19,38,Rural,High Speed (Arterial),Yes,29.41421111,-82.55126944,Non-Intersection,Dark - Not Lighted,Cloudy,Unknown,Unknown,Unknown EMS Scene Arrival Hour,Unknown EMS Scene Arrival Minutes,Not Applicable (Not Transported),Not Applicable (Not Transported),1,Dark - Unlighted,Reduced Visibility,1,0,['Driver'],['None_Used'],1,1,Valid,0.0,1.0,57.0,57.0,['Male'],1,0,5,4,3,Dry,Straight,Grade/Hillcrest,Lowest,No
10179,12,Florida,122774,0,2,2,0,2,NOT APPLICABLE,November,16,Thursday,17,4,Urban,High Speed (Arterial),Yes,30.20529167,-85.82836389,Complex/Circle,Dark - Lighted,Clear,Unknown,Unknown,Unknown EMS Scene Arrival Hour,Unknown EMS Scene Arrival Minutes,Unknown,Unknown EMS Hospital Arrival Time,1,Dark - Lighted,Clear,1,1,['Driver'],['Shoulder_Lapbelt'],1,1,Invalid,0.0,0.0,79.0,54.0,"['Male', 'Female']",0,0,3,4,5,Dry,Straight,Level,Lowest,No
10180,12,Florida,122775,1,1,1,0,2,NOT APPLICABLE,November,17,Friday,18,0,Rural,Low Speed (Local),No,29.02163889,-82.070325,Non-Intersection,Dark - Not Lighted,Cloudy,Unknown,Unknown,Unknown EMS Scene Arrival Hour,Unknown EMS Scene Arrival Minutes,Not Applicable (Not Transported),Not Applicable (Not Transported),1,Dark - Unlighted,Reduced Visibility,0,2,[],[],0,0,Valid,0.0,0.0,72.0,72.0,['Male'],0,0,3,2,4,Dry,Straight,Level,Lowest,No
10181,12,Florida,122776,1,1,1,0,1,POMPANO BEACH,October,31,Tuesday,8,20,Urban,Medium Speed (Collector),No,26.24515556,-80.13062222,Non-Intersection,Daylight,Clear,Unknown,Unknown,Unknown EMS Scene Arrival Hour,Unknown EMS Scene Arrival Minutes,Unknown,Unknown EMS Hospital Arrival Time,1,Daylight,Clear,0,1,[],[],0,0,Valid,0.0,0.0,17.0,17.0,['Male'],0,0,3,1,4,Dry,Straight,Level,Lowest,No
10182,12,Florida,122777,0,2,2,0,2,PEMBROKE PINES,November,17,Friday,18,24,Urban,High Speed (Arterial),Yes,26.00846667,-80.27524167,Complex/Circle,Dark - Lighted,Cloudy,Unknown,Unknown,Unknown EMS Scene Arrival Hour,Unknown EMS Scene Arrival Minutes,Unknown,Unknown EMS Hospital Arrival Time,1,Dark - Lighted,Reduced Visibility,1,1,['Driver'],['None_Used'],0,0,Valid,0.0,0.0,73.0,15.0,"['Male', 'Male']",0,0,5,4,5,Dry,Straight,Level,Lowest,No
10183,12,Florida,122778,0,2,2,0,2,NOT APPLICABLE,November,20,Monday,16,0,Urban,High Speed (Arterial),Yes,28.05623333,-82.31917222,Complex/Circle,Daylight,Clear,Unknown,Unknown,Unknown EMS Scene Arrival Hour,Unknown EMS Scene Arrival Minutes,Unknown,Unknown EMS Hospital Arrival Time,1,Daylight,Clear,1,1,['Driver'],['None_Used'],0,0,Valid,0.0,0.0,71.0,50.0,"['Male', 'Male']",0,0,5,4,5,Dry,Straight,Level,Lowest,No
10184,12,Florida,122779,0,3,3,0,5,NOT APPLICABLE,November,13,Monday,19,58,Urban,Medium Speed (Collector),No,30.56058056,-87.26144722,Non-Intersection,Dark - Not Lighted,Rain,Unknown,Unknown,Unknown EMS Scene Arrival Hour,Unknown EMS Scene Arrival Minutes,Unknown,Unknown EMS Hospital Arrival Time,1,Dark - Unlighted,Rain/Wind/Minor,1,4,['Driver'],['Shoulder_Lapbelt'],0,0,Valid,0.0,3.0,45.0,31.0,"['Male', 'Male', 'Male']",0,0,5,4,5,Wet/Standing Water,Straight,Grade/Hillcrest,Lowest,No
10185,12,Florida,122780,0,2,2,0,4,NOT APPLICABLE,January,2,Monday,22,35,Urban,High Speed (Arterial),Yes,28.05319167,-81.734075,Non-Intersection,Dark - Lighted,Clear,Unknown,Unknown,Unknown EMS Scene Arrival Hour,Unknown EMS Scene Arrival Minutes,Unknown,Unknown EMS Hospital Arrival Time,1,Dark - Lighted,Clear,1,3,['Driver'],['Shoulder_Lapbelt'],0,0,Valid,0.0,0.0,45.0,30.0,"['Male', 'Male']",0,0,2,4,5,Dry,Straight,Level,Lowest,No
10186,12,Florida,122781,0,2,2,0,2,NOT APPLICABLE,November,3,Friday,20,11,Urban,Medium Speed (Collector),No,28.46735278,-81.56116389,Non-Intersection,Daylight,Clear,Unknown,Unknown,Unknown EMS Scene Arrival Hour,Unknown EMS Scene Arrival Minutes,Unknown,Unknown EMS Hospital Arrival Time,1,Daylight,Clear,1,1,['Driver'],['None_Used'],1,1,Valid,0.0,1.0,40.0,24.0,"['Male', 'Male']",0,0,5,3,5,Dry,Straight,Level,Lowest,No
10187,12,Florida,122782,1,1,1,0,1,NOT APPLICABLE,October,5,Thursday,3,43,Rural,Low Speed (Local),No,29.49035,-82.75519722,Non-Intersection,Dark - Not Lighted,Clear,Unknown,Unknown,Unknown EMS Scene Arrival Hour,Officially Cancelled,Unknown,Officially Canceled,1,Dark - Unlighted,Clear,0,0,[],[],0,0,Invalid,0.0,0.0,999.0,999.0,['Other'],0,0,1,0,4,Dry,Straight,Level,Lowest,No