,State_Code,State_Name,Crash_ID,Count_Non_Motorists,Count_Vehicles_Total,Count_Vehicle_Forms,Count_PVH_Involved,Count_Occupants_MV,City_Name,Month_Name,Day_of_Month,Day_of_Week,Crash_Hour,Crash_Minute,Area_Rural_Urban,Road_Functional_Class,On_NHS_Road,Latitude,Longitude,Intersection_Type,Light_Condition,Weather_Condition,Notif_Hour,Notif_Minute,Arrival_Hour,Arrival_Minute,Hospital_Hour,Hospital_Minute,Fatalities_Count,Clean_Light_Condition,Clean_Weather_Condition,Total_Killed,Total_Alive,Fatal_Seats_List,Killed_Restraint_List,Any_Driver_Drinking,Total_Drinking_Drivers,Driver_License_Category,Driver_Max_Prev_Accident_Count,Driver_Max_Prev_Speeding_Count,Max_Driver_Age,Min_Driver_Age,Driver_Sex_List,Total_Exceeding_Limit_Vehicles,Total_Too_Fast_Vehicles,Max_Vehicle_Type_Severity_5,Max_Vehicle_Damage_Rank,Max_Harmful_Event_Severity,Crash_Road_Surface_Condition,Crash_Horizontal_Alignment,Crash_Vertical_Profile,Crash_Impairment_Category,Crash_Vehicle_Defect
10188,12,Florida,122783,0,1,1,0,1,SAINT PETERSBURG,November,3,Friday,23,20,Urban,Medium Speed (Collector),No,27.79230278,-82.74562222,Non-Intersection,Dark - Lighted,Clear,Unknown,Unknown,Unknown EMS Scene Arrival Hour,Unknown EMS Scene Arrival Minutes,Not Applicable (Not Transported),Not Applicable (Not Transported),1,Dark - Lighted,Clear,1,0,['Driver'],['Shoulder_Lapbelt'],1,1,Valid,0.0,0.0,57.0,57.0,['Female'],1,0,2,4,3,Dry,Curve,Level,Lowest,No
10189,12,Florida,122784,0,2,2,0,2,NOT APPLICABLE,November,20,Monday,8,40,Urban,Medium Speed (Collector),No,28.89168056,-82.54458056,Simple Junction,Daylight,Clear,Unknown,Unknown,Unknown EMS Scene Arrival Hour,Unknown EMS Scene Arrival Minutes,Unknown,Unknown EMS Hospital Arrival Time,1,Daylight,Clear,1,1,['Driver'],['Shoulder_Lapbelt'],0,0,Valid,0.0,1.0,72.0,36.0,"['Female', 'Male']",0,0,2,4,5,Dry,Straight,Level,Lowest,No
10190,12,Florida,122785,1,1,1,0,5,NOT APPLICABLE,November,4,Saturday,19,50,Urban,High Speed (Arterial),Yes,27.44626667,-82.50940833,Complex/Circle,Dusk,Clear,Unknown,Unknown,Unknown EMS Scene Arrival Hour,Unknown EMS Scene Arrival Minutes,Unknown,Unknown EMS Hospital Arrival Time,1,Twilight,Clear,0,5,[],[],0,0,Valid,0.0,0.0,16.0,16.0,['Male'],0,0,2,4,4,Dry,Curve,Level,Lowest,No
10191,12,Florida,122786,0,1,1,0,2,NOT APPLICABLE,November,12,Sunday,19,10,Urban,High Speed (Arterial),Yes,25.59543611,-80.37205556,Complex/Circle,Dusk,Clear,Unknown,Unknown,Unknown EMS Scene Arrival Hour,Unknown EMS Scene Arrival Minutes,Unknown,Unknown EMS Hospital Arrival Time,2,Twilight,Clear,2,0,"['Driver', 'Front_Passenger']","['Shoulder_Lapbelt', 'Shoulder_Lapbelt']",0,0,Valid,0.0,0.0,74.0,74.0,['Male'],0,0,2,4,3,Dry,Straight,Level,Lowest,No
10192,12,Florida,122787,1,1,1,0,1,NOT APPLICABLE,November,20,Monday,17,50,Urban,High Speed (Arterial),No,28.63534167,-81.41493333,Non-Intersection,Dusk,Clear,Unknown,Unknown,Unknown EMS Scene Arrival Hour,Unknown EMS Scene Arrival Minutes,Unknown,Unknown EMS Hospital Arrival Time,1,Twilight,Clear,0,1,[],[],0,0,Valid,0.0,0.0,62.0,62.0,['Male'],0,0,3,3,4,Dry,Straight,Level,Lowest,No
10193,12,Florida,122788,1,1,1,0,1,NOT APPLICABLE,November,22,Wednesday,9,48,Urban,Medium Speed (Collector),No,26.05664444,-81.69966667,Simple Junction,Daylight,Clear,Unknown,Unknown,Unknown EMS Scene Arrival Hour,Unknown EMS Scene Arrival Minutes,Unknown,Unknown EMS Hospital Arrival Time,1,Daylight,Clear,0,1,[],[],0,0,Valid,0.0,0.0,62.0,62.0,['Male'],0,0,2,3,4,Dry,Straight,Level,Lowest,No
10194,12,Florida,122789,1,1,1,0,1,NOT APPLICABLE,November,15,Wednesday,18,27,Urban,High Speed (Arterial),Yes,27.89403889,-82.70068333,Complex/Circle,Dark - Lighted,Clear,Unknown,Unknown,Unknown EMS Scene Arrival Hour,Unknown EMS Scene Arrival Minutes,Unknown,Unknown EMS Hospital Arrival Time,1,Dark - Lighted,Clear,0,1,[],[],0,0,Valid,0.0,0.0,18.0,18.0,['Male'],0,0,2,3,4,Wet/Standing Water,Straight,Level,Lowest,No
10195,12,Florida,122790,0,2,2,0,2,NOT APPLICABLE,November,6,Monday,17,7,Urban,High Speed (Arterial),Yes,29.110275,-82.22548333,Non-Intersection,Daylight,Clear,Unknown,Unknown,Unknown EMS Scene Arrival Hour,Unknown EMS Scene Arrival Minutes,Unknown,Unknown EMS Hospital Arrival Time,1,Daylight,Clear,1,1,['Driver'],['Shoulder_Lapbelt'],0,0,Valid,0.0,0.0,65.0,59.0,"['Male', 'Female']",0,0,3,4,5,Dry,Straight,Level,Lowest,No
10196,12,Florida,122791,0,2,2,0,2,NOT APPLICABLE,November,16,Thursday,12,20,Urban,High Speed (Arterial),Yes,27.66491944,-82.36111111,Simple Junction,Daylight,Rain,Unknown,Unknown,Unknown EMS Scene Arrival Hour,Unknown EMS Scene Arrival Minutes,Unknown,Unknown EMS Hospital Arrival Time,1,Daylight,Rain/Wind/Minor,1,1,['Driver'],['Shoulder_Lapbelt'],0,0,Valid,0.0,0.0,84.0,54.0,"['Female', 'Male']",0,0,4,4,5,Wet/Standing Water,Straight,Level,Lowest,No
10197,12,Florida,122792,0,2,2,0,2,NOT APPLICABLE,November,20,Monday,11,25,Urban,High Speed (Arterial),Yes,28.29108889,-82.18785,Complex/Circle,Daylight,Clear,Unknown,Unknown,Unknown EMS Scene Arrival Hour,Unknown EMS Scene Arrival Minutes,Not Applicable (Not Transported),Not Applicable (Not Transported),1,Daylight,Clear,1,1,['Driver'],['None_Used'],0,0,Valid,0.0,0.0,82.0,53.0,"['Male', 'Male']",0,0,5,4,5,Dry,Straight,Grade/Hillcrest,Lowest,No
10198,12,Florida,122793,0,1,1,0,1,MIAMI,November,23,Thursday,16,0,Urban,High Speed (Arterial),Yes,25.78317778,-80.17552778,Non-Intersection,Daylight,Clear,Unknown,Unknown,Unknown EMS Scene Arrival Hour,Unknown EMS Scene Arrival Minutes,Unknown,Unknown EMS Hospital Arrival Time,1,Daylight,Clear,1,0,['Driver'],['None_Used'],0,0,Valid,0.0,0.0,64.0,64.0,['Male'],0,0,5,3,2,Dry,Curve,Level,Lowest,No
10199,12,Florida,122794,0,3,3,0,5,JACKSONVILLE,November,23,Thursday,15,31,Urban,Medium Speed (Collector),No,30.42752778,-81.71154444,Simple Junction,Daylight,Clear,Unknown,Unknown,Unknown EMS Scene Arrival Hour,Unknown EMS Scene Arrival Minutes,Unknown,Unknown EMS Hospital Arrival Time,1,Daylight,Clear,1,4,['Driver'],['None_Used'],0,0,Valid,0.0,1.0,75.0,24.0,"['Female', 'Male', 'Female']",0,0,5,4,5,Dry,Straight,Level,Lowest,No
10200,12,Florida,122795,0,1,1,0,1,MIAMI,November,25,Saturday,14,38,Urban,Medium Speed (Collector),No,25.79115833,-80.24218056,Non-Intersection,Daylight,Clear,Unknown,Unknown,Unknown EMS Scene Arrival Hour,Unknown EMS Scene Arrival Minutes,Unknown,Unknown EMS Hospital Arrival Time,1,Daylight,Clear,1,0,['Driver'],['None_Used'],0,0,Invalid,0.0,0.0,34.0,34.0,['Male'],0,0,2,4,3,Dry,Straight,Level,Lowest,No
10201,12,Florida,122796,1,1,1,0,1,NOT APPLICABLE,November,13,Monday,11,40,Rural,Low Speed (Local),No,28.96264167,-81.96595278,Non-Intersection,Daylight,Cloudy,Unknown,Unknown,Unknown EMS Scene Arrival Hour,Unknown EMS Scene Arrival Minutes,Unknown,Unknown EMS Hospital Arrival Time,1,Daylight,Reduced Visibility,0,1,[],[],0,0,Invalid,0.0,0.0,82.0,82.0,['Female'],0,0,5,2,4,Dry,Straight,Level,Lowest,No
10202,12,Florida,122797,0,2,2,0,3,HIALEAH,November,23,Thursday,20,10,Urban,Medium Speed (Collector),No,25.83023611,-80.27356111,Complex/Circle,Dark - Lighted,Clear,Unknown,Unknown,Unknown EMS Scene Arrival Hour,Unknown EMS Scene Arrival Minutes,Unknown,Unknown EMS Hospital Arrival Time,1,Dark - Lighted,Clear,1,2,['Front_Passenger'],['Shoulder_Lapbelt'],0,0,Valid,0.0,0.0,56.0,23.0,"['Male', 'Female']",0,0,3,4,5,Dry,Straight,Level,Lowest,No
10203,12,Florida,122798,1,1,1,0,1,ORLANDO,November,19,Sunday,23,29,Urban,High Speed (Arterial),Yes,28.49548333,-81.45908889,Non-Intersection,Dark - Lighted,Clear,Unknown,Unknown,Unknown EMS Scene Arrival Hour,Unknown EMS Scene Arrival Minutes,Unknown,Unknown EMS Hospital Arrival Time,1,Dark - Lighted,Clear,0,1,[],[],0,0,Valid,0.0,1.0,21.0,21.0,['Male'],0,0,2,3,4,Dry,Straight,Level,Lowest,No
10204,12,Florida,122799,0,2,2,0,2,NOT APPLICABLE,November,14,Tuesday,11,3,Rural,High Speed (Arterial),Yes,29.17181944,-81.86378056,Non-Intersection,Daylight,Rain,Unknown,Unknown,Unknown EMS Scene Arrival Hour,Unknown EMS Scene Arrival Minutes,Unknown,Unknown EMS Hospital Arrival Time,1,Daylight,Rain/Wind/Minor,1,1,['Driver'],['Shoulder_Lapbelt'],1,1,Valid,0.0,1.0,38.0,31.0,"['Male', 'Male']",0,0,4,4,5,Wet/Standing Water,Curve,Grade/Hillcrest,Lowest,No
10205,12,Florida,122800,0,1,1,0,1,BOCA RATON,November,5,Sunday,6,28,Urban,High Speed (Arterial),Yes,26.36838056,-80.11931111,Non-Intersection,Daylight,Clear,Unknown,Unknown,Unknown EMS Scene Arrival Hour,Unknown EMS Scene Arrival Minutes,Unknown,Unknown EMS Hospital Arrival Time,1,Daylight,Clear,1,0,['Driver'],['None_Used'],0,0,Valid,0.0,0.0,56.0,56.0,['Female'],0,0,2,4,3,Dry,Curve,Grade/Hillcrest,Lowest,No
10206,12,Florida,122801,0,2,2,0,3,NOT APPLICABLE,November,3,Friday,20,10,Urban,Medium Speed (Collector),No,28.32376111,-81.34595278,Simple Junction,Dark - Not Lighted,Clear,Unknown,Unknown,Unknown EMS Scene Arrival Hour,Unknown EMS Scene Arrival Minutes,Not Applicable (Not Transported),Not Applicable (Not Transported),1,Dark - Unlighted,Clear,1,2,['Driver'],['None_Used'],1,1,Valid,0.0,1.0,44.0,39.0,"['Male', 'Male']",1,0,5,4,5,Dry,Straight,Level,Lowest,No
10207,12,Florida,122802,0,2,2,0,2,NOT APPLICABLE,November,14,Tuesday,7,28,Urban,High Speed (Arterial),Yes,28.42977222,-80.759325,Non-Intersection,Daylight,Rain,Unknown,Unknown,Unknown EMS Scene Arrival Hour,Unknown EMS Scene Arrival Minutes,Unknown,Unknown EMS Hospital Arrival Time,1,Daylight,Rain/Wind/Minor,1,1,['Driver'],['Shoulder_Lapbelt'],0,0,Valid,0.0,0.0,53.0,32.0,"['Female', 'Male']",0,0,3,4,5,Wet/Standing Water,Straight,Level,Lowest,No
10208,12,Florida,122803,0,2,2,0,9,NOT APPLICABLE,November,16,Thursday,20,57,Rural,High Speed (Arterial),Yes,29.26716111,-82.1936,Non-Intersection,Dark - Not Lighted,Rain,Unknown,Unknown,Unknown EMS Scene Arrival Hour,Unknown EMS Scene Arrival Minutes,Unknown,Unknown EMS Hospital Arrival Time,1,Dark - Unlighted,Rain/Wind/Minor,1,8,['Rear_Seat'],['Shoulder_Lapbelt'],0,0,Invalid,0.0,0.0,58.0,25.0,"['Male', 'Male']",0,0,3,4,5,Wet/Standing Water,Straight,Level,Lowest,No
10209,12,Florida,122804,1,1,1,0,1,WEST PALM BEACH,November,17,Friday,14,10,Urban,High Speed (Arterial),Yes,26.70618611,-80.08168333,Non-Intersection,Daylight,Clear,Unknown,Unknown,Unknown EMS Scene Arrival Hour,Unknown EMS Scene Arrival Minutes,Unknown,Unknown EMS Hospital Arrival Time,1,Daylight,Clear,0,1,[],[],0,0,Valid,0.0,0.0,36.0,36.0,['Female'],0,0,3,1,4,Dry,Straight,Non-Trafficway,Lowest,No
10210,12,Florida,122805,0,1,1,0,2,NOT APPLICABLE,November,8,Wednesday,2,0,Urban,Medium Speed (Collector),No,25.71535278,-80.38468333,Non-Intersection,Dark - Lighted,Clear,Unknown,Unknown,Unknown EMS Scene Arrival Hour,Unknown EMS Scene Arrival Minutes,Unknown,Unknown EMS Hospital Arrival Time,2,Dark - Lighted,Clear,2,0,"['Driver', 'Front_Passenger']","['None_Used', 'None_Used']",0,0,Invalid,0.0,0.0,15.0,15.0,['Male'],0,0,2,4,3,Dry,Curve,Level,Lowest,No
10211,12,Florida,122806,0,3,1,2,1,LAKE WORTH,November,25,Saturday,13,56,Urban,Low Speed (Local),No,26.64271389,-80.05546389,Non-Intersection,Daylight,Clear,Unknown,Unknown,Unknown EMS Scene Arrival Hour,Unknown EMS Scene Arrival Minutes,Unknown,Unknown EMS Hospital Arrival Time,1,Daylight,Clear,1,0,['Driver'],['None_Used'],0,0,Valid,0.0,0.0,79.0,79.0,['Male'],0,0,2,3,5,Dry,Straight,Level,Lowest,No
10212,12,Florida,122807,0,1,1,0,2,GAINESVILLE,November,26,Sunday,6,23,Urban,Medium Speed (Collector),No,29.65412778,-82.37237222,Non-Intersection,Dark - Lighted,Cloudy,Unknown,Unknown,Unknown EMS Scene Arrival Hour,Unknown EMS Scene Arrival Minutes,Unknown,Unknown EMS Hospital Arrival Time,1,Dark - Lighted,Reduced Visibility,1,1,['Driver'],['Shoulder_Lapbelt'],0,0,Valid,0.0,0.0,77.0,77.0,['Male'],0,0,1,4,3,Dry,Straight,Level,Medium,No
10213,12,Florida,122808,0,2,2,0,2,NOT APPLICABLE,November,6,Monday,23,22,Urban,High Speed (Arterial),Yes,28.48428056,-81.39676389,Simple Junction,Dark - Lighted,Clear,Unknown,Unknown,Unknown EMS Scene Arrival Hour,Unknown EMS Scene Arrival Minutes,Unknown,Unknown EMS Hospital Arrival Time,1,Dark - Lighted,Clear,1,1,['Driver'],['None_Used'],0,0,Valid,0.0,2.0,27.0,25.0,"['Male', 'Male']",0,0,5,4,5,Dry,Straight,Level,Lowest,No
10214,12,Florida,122809,0,7,7,0,9,WEST PALM BEACH,November,16,Thursday,20,48,Urban,High Speed (Arterial),Yes,26.66883889,-80.07062222,Non-Intersection,Dark - Lighted,Clear,Unknown,Unknown,Unknown EMS Scene Arrival Hour,Unknown EMS Scene Arrival Minutes,Unknown,Unknown EMS Hospital Arrival Time,1,Dark - Lighted,Clear,1,8,['Driver'],['None_Used'],0,0,Valid,1.0,0.0,75.0,21.0,"['Male', 'Male', 'Male', 'Female', 'Female', 'Male', 'Male']",0,0,5,4,5,Dry,Straight,Level,Lowest,No
10215,12,Florida,122810,0,1,1,0,1,NOT APPLICABLE,November,16,Thursday,8,45,Urban,Medium Speed (Collector),No,28.40366111,-81.44533056,Non-Intersection,Daylight,Rain,Unknown,Unknown,Unknown EMS Scene Arrival Hour,Unknown EMS Scene Arrival Minutes,Unknown,Unknown EMS Hospital Arrival Time,1,Daylight,Rain/Wind/Minor,1,0,['Driver'],['Lapbelt_Only'],0,0,Valid,0.0,0.0,58.0,58.0,['Male'],0,0,3,4,3,Wet/Standing Water,Curve,Level,Lowest,No
10216,12,Florida,122811,0,2,2,0,2,NOT APPLICABLE,November,15,Wednesday,17,50,Rural,Medium Speed (Collector),No,28.95716944,-81.78533611,Non-Intersection,Daylight,Rain,Unknown,Unknown,Unknown EMS Scene Arrival Hour,Unknown EMS Scene Arrival Minutes,Unknown,Unknown EMS Hospital Arrival Time,1,Daylight,Rain/Wind/Minor,1,1,['Driver'],['Shoulder_Lapbelt'],0,0,Valid,1.0,0.0,55.0,34.0,"['Male', 'Male']",0,0,3,4,5,Wet/Standing Water,Straight,Level,Lowest,No
10217,12,Florida,122812,0,2,2,0,2,NOT APPLICABLE,November,17,Friday,15,4,Urban,Medium Speed (Collector),No,28.25574444,-82.44920278,Non-Intersection,Daylight,Rain,Unknown,Unknown,Unknown EMS Scene Arrival Hour,Unknown EMS Scene Arrival Minutes,Not Applicable (Not Transported),Not Applicable (Not Transported),1,Daylight,Rain/Wind/Minor,1,1,['Driver'],['Shoulder_Lapbelt'],0,0,Valid,0.0,1.0,20.0,16.0,"['Female', 'Male']",0,0,4,4,5,Wet/Standing Water,Curve,Level,Lowest,No
10218,12,Florida,122813,1,1,1,0,3,NOT APPLICABLE,November,18,Saturday,22,40,Urban,Medium Speed (Collector),No,26.61705,-81.69058056,Non-Intersection,Dark - Not Lighted,Clear,Unknown,Unknown,Unknown EMS Scene Arrival Hour,Unknown EMS Scene Arrival Minutes,Not Applicable (Not Transported),Not Applicable (Not Transported),1,Dark - Unlighted,Clear,0,3,[],[],0,0,Valid,0.0,0.0,75.0,75.0,['Male'],0,0,3,3,4,Dry,Straight,Level,Lowest,No
10219,12,Florida,122814,0,2,2,0,3,NOT APPLICABLE,November,18,Saturday,13,10,Rural,Low Speed (Local),No,30.05539444,-81.91626667,Complex/Circle,Daylight,Clear,Unknown,Unknown,Unknown EMS Scene Arrival Hour,Officially Cancelled,Unknown,Officially Canceled,1,Daylight,Clear,1,2,['Driver'],['None_Used'],0,0,Valid,0.0,4.0,58.0,58.0,"['Male', 'Male']",0,0,5,4,5,Dry,Straight,Level,Lowest,No
10220,12,Florida,122815,0,1,1,0,2,NOT APPLICABLE,November,20,Monday,22,18,Urban,Medium Speed (Collector),No,28.44806944,-82.53983056,Simple Junction,Dark - Lighted,Clear,Unknown,Unknown,Unknown EMS Scene Arrival Hour,Unknown EMS Scene Arrival Minutes,Unknown,Unknown EMS Hospital Arrival Time,1,Dark - Lighted,Clear,1,1,['Front_Passenger'],['None_Used'],1,1,Valid,1.0,3.0,23.0,23.0,['Male'],2,0,2,4,2,Dry,Curve,Grade/Hillcrest,Medium,No
10221,12,Florida,122816,1,1,1,0,1,NOT APPLICABLE,November,20,Monday,19,51,Urban,High Speed (Arterial),Yes,27.71844722,-82.33524722,Non-Intersection,Dark - Lighted,Clear,Unknown,Unknown,Unknown EMS Scene Arrival Hour,Unknown EMS Scene Arrival Minutes,Not Applicable (Not Transported),Not Applicable (Not Transported),1,Dark - Lighted,Clear,0,1,[],[],0,0,Valid,0.0,1.0,30.0,30.0,['Female'],0,0,3,2,4,Dry,Straight,Level,Lowest,No
10222,12,Florida,122817,1,1,1,0,1,NOT APPLICABLE,November,21,Tuesday,20,47,Urban,High Speed (Arterial),Yes,27.82231389,-82.72840556,Non-Intersection,Dark - Lighted,Clear,Unknown,Unknown,Unknown EMS Scene Arrival Hour,Unknown EMS Scene Arrival Minutes,Unknown,Unknown EMS Hospital Arrival Time,1,Dark - Lighted,Clear,0,1,[],[],0,0,Valid,0.0,0.0,42.0,42.0,['Female'],0,0,3,3,4,Dry,Straight,Level,Lowest,No
10223,12,Florida,122818,0,1,1,0,3,NOT APPLICABLE,November,22,Wednesday,3,15,Urban,Medium Speed (Collector),No,29.27439444,-82.13229167,Non-Intersection,Dark - Not Lighted,Clear,Unknown,Unknown,Unknown EMS Scene Arrival Hour,Unknown EMS Scene Arrival Minutes,Unknown,Unknown EMS Hospital Arrival Time,1,Dark - Unlighted,Clear,1,2,['Driver'],['None_Used'],0,0,Invalid,0.0,0.0,17.0,17.0,['Male'],0,0,2,4,2,Dry,Curve,Level,Lowest,No
10224,12,Florida,122819,0,1,1,0,1,NOT APPLICABLE,November,22,Wednesday,13,46,Urban,Medium Speed (Collector),No,28.44558889,-81.36508889,Simple Junction,Daylight,Cloudy,Unknown,Unknown,Unknown EMS Scene Arrival Hour,Unknown EMS Scene Arrival Minutes,Not Applicable (Not Transported),Not Applicable (Not Transported),1,Daylight,Reduced Visibility,1,0,['Driver'],['None_Used'],0,0,Invalid,1.0,0.0,31.0,31.0,['Male'],0,0,2,4,3,Dry,Straight,Level,Lowest,No
10225,12,Florida,122820,0,2,2,0,3,NOT APPLICABLE,November,23,Thursday,1,0,Urban,High Speed (Arterial),Yes,26.62734167,-81.80470833,Non-Intersection,Dark - Lighted,Clear,Unknown,Unknown,Unknown EMS Scene Arrival Hour,Unknown EMS Scene Arrival Minutes,Unknown,Unknown EMS Hospital Arrival Time,1,Dark - Lighted,Clear,1,2,['Driver'],['Shoulder_Lapbelt'],0,0,Valid,0.0,0.0,59.0,21.0,"['Female', 'Male']",0,0,3,4,5,Dry,Straight,Level,Lowest,No
10226,12,Florida,122821,1,2,2,0,5,NOT APPLICABLE,November,19,Sunday,19,15,Urban,High Speed (Arterial),Yes,28.33677778,-82.62469722,Simple Junction,Dark - Lighted,Clear,Unknown,Unknown,Unknown EMS Scene Arrival Hour,Unknown EMS Scene Arrival Minutes,Not Applicable (Not Transported),Not Applicable (Not Transported),1,Dark - Lighted,Clear,0,5,[],[],0,0,Valid,0.0,0.0,72.0,42.0,"['Female', 'Female']",0,0,3,3,4,Dry,Straight,Level,Lowest,No
10227,12,Florida,122822,0,1,1,0,3,POMPANO BEACH,November,21,Tuesday,1,59,Urban,High Speed (Arterial),Yes,26.23106111,-80.16036667,Non-Intersection,Dark - Lighted,Clear,Unknown,Unknown,Unknown EMS Scene Arrival Hour,Unknown EMS Scene Arrival Minutes,Unknown,Unknown EMS Hospital Arrival Time,1,Dark - Lighted,Clear,1,2,['Driver'],['None_Used'],0,0,Valid,0.0,0.0,20.0,20.0,['Male'],0,0,2,4,0,Dry,Curve,Level,Lowest,No
10228,12,Florida,122824,1,1,1,0,2,PALM BAY,November,26,Sunday,20,26,Urban,Medium Speed (Collector),No,28.0016,-80.69699722,Non-Intersection,Dark - Not Lighted,Rain,Unknown,Unknown,Unknown EMS Scene Arrival Hour,Unknown EMS Scene Arrival Minutes,Unknown,Unknown EMS Hospital Arrival Time,1,Dark - Unlighted,Rain/Wind/Minor,0,2,[],[],0,0,Valid,0.0,0.0,25.0,25.0,['Male'],0,0,2,3,4,Wet/Standing Water,Straight,Level,Lowest,No
10229,12,Florida,122825,1,2,1,1,1,TAMPA,November,26,Sunday,20,28,Urban,High Speed (Arterial),Yes,27.97960556,-82.45360556,Non-Intersection,Dark - Lighted,Cloudy,Unknown,Unknown,Unknown EMS Scene Arrival Hour,Unknown EMS Scene Arrival Minutes,Unknown,Unknown EMS Hospital Arrival Time,1,Dark - Lighted,Reduced Visibility,0,1,[],[],1,1,Invalid,0.0,0.0,23.0,23.0,['Male'],1,0,2,4,5,Wet/Standing Water,Straight,Level,Lowest,No
10230,12,Florida,122826,0,2,2,0,2,NOT APPLICABLE,November,20,Monday,11,45,Urban,High Speed (Arterial),Yes,28.48843889,-80.7741,Simple Junction,Daylight,Clear,Unknown,Unknown,Unknown EMS Scene Arrival Hour,Unknown EMS Scene Arrival Minutes,Unknown,Unknown EMS Hospital Arrival Time,1,Daylight,Clear,1,1,['Driver'],['Shoulder_Lapbelt'],0,0,Valid,0.0,0.0,75.0,73.0,"['Female', 'Female']",0,0,3,4,5,Dry,Straight,Level,Lowest,No
10231,12,Florida,122827,0,2,2,0,2,NOT APPLICABLE,November,18,Saturday,14,44,Urban,Medium Speed (Collector),No,29.18641111,-82.05373056,Complex/Circle,Daylight,Clear,Unknown,Unknown,Unknown EMS Scene Arrival Hour,Unknown EMS Scene Arrival Minutes,Unknown,Unknown EMS Hospital Arrival Time,1,Daylight,Clear,1,1,['Driver'],['Shoulder_Lapbelt'],0,0,Valid,0.0,0.0,90.0,33.0,"['Male', 'Male']",0,0,3,4,5,Dry,Straight,Level,Lowest,No
10232,12,Florida,122828,1,1,1,0,2,NOT APPLICABLE,November,10,Friday,18,35,Urban,Medium Speed (Collector),No,30.45612222,-84.37322222,Non-Intersection,Dark - Not Lighted,Clear,Unknown,Unknown,Unknown EMS Scene Arrival Hour,Officially Cancelled,Unknown,Officially Canceled,1,Dark - Unlighted,Clear,0,2,[],[],0,0,Valid,0.0,0.0,38.0,38.0,['Male'],0,0,2,4,4,Dry,Straight,Level,Lowest,No
10233,12,Florida,122829,0,1,1,0,1,NOT APPLICABLE,November,18,Saturday,5,29,Rural,High Speed (Arterial),Yes,28.15801111,-81.79154167,Non-Intersection,Dark - Not Lighted,Cloudy,Unknown,Unknown,Unknown EMS Scene Arrival Hour,Unknown EMS Scene Arrival Minutes,Not Applicable (Not Transported),Not Applicable (Not Transported),1,Dark - Unlighted,Reduced Visibility,1,0,['Driver'],['Shoulder_Lapbelt'],0,0,Valid,0.0,0.0,41.0,41.0,['Male'],0,0,2,4,3,Wet/Standing Water,Straight,Level,Lowest,No
10234,12,Florida,122830,0,1,1,0,2,NOT APPLICABLE,November,19,Sunday,15,20,Urban,Medium Speed (Collector),No,30.43246111,-86.87414444,Non-Intersection,Daylight,Clear,Unknown,Unknown,Unknown EMS Scene Arrival Hour,Unknown EMS Scene Arrival Minutes,Unknown,Unknown EMS Hospital Arrival Time,1,Daylight,Clear,1,1,['Front_Passenger'],['None_Used'],0,0,Valid,1.0,4.0,26.0,26.0,['Female'],2,0,3,4,3,Dry,Straight,Level,Lowest,No
10235,12,Florida,122831,0,2,2,0,2,NOT APPLICABLE,November,23,Thursday,18,49,Urban,Medium Speed (Collector),No,26.95190556,-82.35311111,Complex/Circle,Dark - Lighted,Clear,Unknown,Unknown,Unknown EMS Scene Arrival Hour,Officially Cancelled,Unknown,Officially Canceled,1,Dark - Lighted,Clear,1,1,['Driver'],['None_Used'],1,1,Valid,0.0,0.0,46.0,19.0,"['Male', 'Male']",0,0,5,4,5,Dry,Straight,Level,Lowest,No
10236,12,Florida,122832,0,2,2,0,3,NOT APPLICABLE,November,3,Friday,22,14,Urban,Medium Speed (Collector),Yes,25.49967222,-80.41226944,Complex/Circle,Dark - Lighted,Clear,Unknown,Unknown,Unknown EMS Scene Arrival Hour,Unknown EMS Scene Arrival Minutes,Unknown,Unknown EMS Hospital Arrival Time,1,Dark - Lighted,Clear,1,2,['Driver'],['None_Used'],0,0,Valid,1.0,0.0,24.0,22.0,"['Female', 'Male']",0,0,5,4,5,Dry,Straight,Level,Lowest,No
10237,12,Florida,122833,1,3,3,0,9,NOT APPLICABLE,November,9,Thursday,18,41,Urban,High Speed (Arterial),Yes,28.22514167,-82.45775,Non-Intersection,Dark - Lighted,Clear,6:00pm-6:59pm,41,6:00pm-6:59pm,49,Not Applicable (Not Transported),Not Applicable (Not Transported),1,Dark - Lighted,Clear,0,9,[],[],0,0,Valid,0.0,0.0,59.0,16.0,"['Male', 'Male', 'Female']",0,0,3,3,4,Dry,Straight,Level,Lowest,No
10238,12,Florida,122834,0,2,2,0,4,NOT APPLICABLE,November,22,Wednesday,20,8,Urban,Medium Speed (Collector),No,28.44761111,-82.5403,Non-Intersection,Dark - Lighted,Clear,Unknown,Unknown,Unknown EMS Scene Arrival Hour,Unknown EMS Scene Arrival Minutes,Unknown,Unknown EMS Hospital Arrival Time,1,Dark - Lighted,Clear,1,3,['Front_Passenger'],['None_Used'],1,1,Valid,0.0,0.0,48.0,30.0,"['Female', 'Female']",0,0,3,4,5,Dry,Straight,Grade/Hillcrest,Lowest,No