,State_Code,State_Name,Crash_ID,Count_Non_Motorists,Count_Vehicles_Total,Count_Vehicle_Forms,Count_PVH_Involved,Count_Occupants_MV,City_Name,Month_Name,Day_of_Month,Day_of_Week,Crash_Hour,Crash_Minute,Area_Rural_Urban,Road_Functional_Class,On_NHS_Road,Latitude,Longitude,Intersection_Type,Light_Condition,Weather_Condition,Notif_Hour,Notif_Minute,Arrival_Hour,Arrival_Minute,Hospital_Hour,Hospital_Minute,Fatalities_Count,Clean_Light_Condition,Clean_Weather_Condition,Total_Killed,Total_Alive,Fatal_Seats_List,Killed_Restraint_List,Any_Driver_Drinking,Total_Drinking_Drivers,Driver_License_Category,Driver_Max_Prev_Accident_Count,Driver_Max_Prev_Speeding_Count,Max_Driver_Age,Min_Driver_Age,Driver_Sex_List,Total_Exceeding_Limit_Vehicles,Total_Too_Fast_Vehicles,Max_Vehicle_Type_Severity_5,Max_Vehicle_Damage_Rank,Max_Harmful_Event_Severity,Crash_Road_Surface_Condition,Crash_Horizontal_Alignment,Crash_Vertical_Profile,Crash_Impairment_Category,Crash_Vehicle_Defect
10239,12,Florida,122835,0,2,2,0,2,NOT APPLICABLE,November,23,Thursday,8,41,Rural,Medium Speed (Collector),No,27.03396667,-80.39719444,Non-Intersection,Daylight,Clear,Unknown,Unknown,Unknown EMS Scene Arrival Hour,Unknown EMS Scene Arrival Minutes,Not Applicable (Not Transported),Not Applicable (Not Transported),1,Daylight,Clear,1,1,['Driver'],['None_Used'],0,0,Invalid,0.0,1.0,35.0,34.0,"['Male', 'Male']",0,0,5,4,5,Dry,Straight,Level,Lowest,No
10240,12,Florida,122837,1,1,1,0,1,NOT APPLICABLE,November,26,Sunday,23,58,Urban,Medium Speed (Collector),No,27.84978056,-82.37543056,Non-Intersection,Dark - Not Lighted,Clear,Unknown,Unknown,Unknown EMS Scene Arrival Hour,Unknown EMS Scene Arrival Minutes,Unknown,Unknown EMS Hospital Arrival Time,1,Dark - Unlighted,Clear,0,1,[],[],0,0,Invalid,0.0,0.0,999.0,999.0,['Other'],0,0,1,0,4,Dry,Straight,Level,Lowest,No
10241,12,Florida,122838,0,1,1,0,1,NOT APPLICABLE,November,10,Friday,3,10,Rural,Low Speed (Local),No,28.40375278,-82.58192222,Non-Intersection,Dark - Not Lighted,Clear,Unknown,Unknown,Unknown EMS Scene Arrival Hour,Unknown EMS Scene Arrival Minutes,Unknown,Unknown EMS Hospital Arrival Time,1,Dark - Unlighted,Clear,1,0,['Driver'],['Shoulder_Lapbelt'],0,0,Invalid,0.0,0.0,45.0,45.0,['Male'],0,0,2,4,3,Dry,Curve,Level,Lowest,No
10242,12,Florida,122839,0,4,4,0,9,BONITA SPRINGS,November,16,Thursday,20,23,Urban,High Speed (Arterial),Yes,26.37097222,-81.80790278,Non-Intersection,Dark - Lighted,Cloudy,Unknown,Unknown,Unknown EMS Scene Arrival Hour,Unknown EMS Scene Arrival Minutes,Not Applicable (Not Transported),Not Applicable (Not Transported),2,Dark - Lighted,Reduced Visibility,2,7,"['Driver', 'Rear_Seat']","['None_Used', 'None_Used']",1,2,Valid,0.0,0.0,61.0,21.0,"['Female', 'Female', 'Male', 'Female']",0,0,5,4,5,Dry,Straight,Level,Lowest,No
10243,12,Florida,122840,1,1,1,0,1,LAUDERDALE LAKES,November,21,Tuesday,0,45,Urban,High Speed (Arterial),Yes,26.17017778,-80.22010278,Non-Intersection,Dark - Lighted,Cloudy,Unknown,Unknown,Unknown EMS Scene Arrival Hour,Officially Cancelled,Unknown,Officially Canceled,1,Dark - Lighted,Reduced Visibility,0,1,[],[],0,0,Valid,0.0,0.0,31.0,31.0,['Female'],0,0,3,4,4,Dry,Curve,Level,Lowest,No
10244,12,Florida,122841,1,1,1,0,1,OCALA,November,3,Friday,19,22,Urban,High Speed (Arterial),Yes,29.19606944,-82.14196944,Non-Intersection,Dark - Not Lighted,Clear,Unknown,Unknown,Unknown EMS Scene Arrival Hour,Unknown EMS Scene Arrival Minutes,Unknown,Unknown EMS Hospital Arrival Time,1,Dark - Unlighted,Clear,0,1,[],[],0,0,Valid,0.0,0.0,60.0,60.0,['Male'],0,0,3,2,4,Dry,Straight,Level,Lowest,No
10245,12,Florida,122842,0,2,2,0,2,POMPANO BEACH,November,23,Thursday,19,50,Urban,High Speed (Arterial),Yes,26.23708333,-80.15401667,Non-Intersection,Dark - Not Lighted,Clear,Unknown,Unknown,Unknown EMS Scene Arrival Hour,Unknown EMS Scene Arrival Minutes,Unknown,Unknown EMS Hospital Arrival Time,1,Dark - Unlighted,Clear,1,1,['Driver'],['Shoulder_Lapbelt'],0,0,Invalid,0.0,0.0,70.0,18.0,"['Male', 'Female']",0,0,3,4,5,Dry,Curve,Level,Lowest,No
10246,12,Florida,122843,3,2,1,1,1,DAVIE,October,26,Thursday,22,26,Urban,High Speed (Arterial),Yes,26.10716389,-80.28185278,Non-Intersection,Dark - Lighted,Clear,Unknown,Unknown,Unknown EMS Scene Arrival Hour,Unknown EMS Scene Arrival Minutes,Not Applicable (Not Transported),Not Applicable (Not Transported),1,Dark - Lighted,Clear,0,0,[],[],0,0,Invalid,0.0,0.0,998.0,998.0,['Other'],0,0,1,0,4,Dry,Straight,Level,Lowest,No
10247,12,Florida,122844,1,1,1,0,1,SARASOTA,November,6,Monday,10,20,Urban,Low Speed (Local),No,27.30058889,-82.53216667,Non-Intersection,Daylight,Clear,Unknown,Unknown,Unknown EMS Scene Arrival Hour,Unknown EMS Scene Arrival Minutes,Unknown,Unknown EMS Hospital Arrival Time,1,Daylight,Clear,0,1,[],[],0,0,Valid,0.0,0.0,66.0,66.0,['Male'],0,0,3,2,4,Dry,Straight,Level,Lowest,No
10248,12,Florida,122845,1,1,1,0,1,PINELLAS PARK,November,22,Wednesday,21,33,Urban,Medium Speed (Collector),No,27.84734167,-82.70001111,Non-Intersection,Dark - Lighted,Clear,Unknown,Unknown,Unknown EMS Scene Arrival Hour,Unknown EMS Scene Arrival Minutes,Unknown,Unknown EMS Hospital Arrival Time,1,Dark - Lighted,Clear,0,1,[],[],0,0,Valid,1.0,0.0,40.0,40.0,['Male'],0,0,2,3,4,Dry,Straight,Level,Lowest,No
10249,12,Florida,122846,1,2,2,0,3,NOT APPLICABLE,November,22,Wednesday,19,10,Urban,Medium Speed (Collector),No,26.34552778,-81.78760833,Non-Intersection,Dark - Not Lighted,Rain,Unknown,Unknown,Unknown EMS Scene Arrival Hour,Unknown EMS Scene Arrival Minutes,Not Applicable (Not Transported),Not Applicable (Not Transported),1,Dark - Unlighted,Rain/Wind/Minor,0,3,[],[],0,0,Valid,0.0,0.0,32.0,17.0,"['Male', 'Female']",0,0,3,2,4,Wet/Standing Water,Straight,Level,Lowest,No
10250,12,Florida,122847,1,1,1,0,4,ALTAMONTE SPRINGS,November,25,Saturday,18,28,Urban,High Speed (Arterial),Yes,28.66641389,-81.42909722,Non-Intersection,Dark - Not Lighted,Rain,Unknown,Unknown,Unknown EMS Scene Arrival Hour,Unknown EMS Scene Arrival Minutes,Unknown,Unknown EMS Hospital Arrival Time,1,Dark - Unlighted,Rain/Wind/Minor,0,4,[],[],0,0,Valid,0.0,0.0,31.0,31.0,['Male'],0,0,3,2,4,Wet/Standing Water,Straight,Level,Lowest,No
10251,12,Florida,122848,1,1,1,0,1,NOT APPLICABLE,November,28,Tuesday,6,2,Urban,Medium Speed (Collector),No,27.42563056,-82.54668056,Non-Intersection,Dark - Not Lighted,Clear,Unknown,Unknown,Unknown EMS Scene Arrival Hour,Unknown EMS Scene Arrival Minutes,Not Applicable (Not Transported),Not Applicable (Not Transported),1,Dark - Unlighted,Clear,0,1,[],[],0,0,Valid,1.0,1.0,29.0,29.0,['Female'],0,0,2,4,4,Dry,Straight,Level,Lowest,No
10252,12,Florida,122849,0,1,1,0,1,ORMOND BEACH,November,22,Wednesday,18,15,Urban,High Speed (Arterial),Yes,29.25683889,-81.11666667,Complex/Circle,Dark - Not Lighted,Cloudy,Unknown,Unknown,Unknown EMS Scene Arrival Hour,Unknown EMS Scene Arrival Minutes,Unknown,Unknown EMS Hospital Arrival Time,1,Dark - Unlighted,Reduced Visibility,1,0,['Driver'],['None_Used'],0,0,Valid,0.0,0.0,78.0,78.0,['Male'],0,0,5,3,2,Dry,Straight,Level,Lowest,No
10253,12,Florida,122850,1,1,1,0,5,BRADENTON,November,27,Monday,18,44,Urban,Medium Speed (Collector),No,27.47364444,-82.62051389,Non-Intersection,Dark - Lighted,Clear,Unknown,Unknown,Unknown EMS Scene Arrival Hour,Unknown EMS Scene Arrival Minutes,Not Applicable (Not Transported),Not Applicable (Not Transported),1,Dark - Lighted,Clear,0,5,[],[],0,0,Valid,0.0,0.0,16.0,16.0,['Male'],0,0,3,1,4,Dry,Straight,Level,Lowest,No
10254,12,Florida,122851,0,1,1,0,1,SAINT CLOUD,December,1,Friday,8,32,Urban,Low Speed (Local),No,28.25656111,-81.29246944,Non-Intersection,Daylight,Clear,Unknown,Unknown,Unknown EMS Scene Arrival Hour,Officially Cancelled,Unknown,Officially Canceled,1,Daylight,Clear,1,0,['Driver'],['Shoulder_Lapbelt'],0,0,Valid,0.0,0.0,71.0,71.0,['Female'],0,0,3,4,3,Dry,Straight,Level,Lowest,No
10255,12,Florida,122852,0,1,1,0,1,CORAL GABLES,November,12,Sunday,5,23,Urban,Low Speed (Local),No,25.75312222,-80.26695833,Complex/Circle,Dark - Not Lighted,Clear,Unknown,Unknown,Unknown EMS Scene Arrival Hour,Officially Cancelled,Unknown,Officially Canceled,1,Dark - Unlighted,Clear,1,0,['Driver'],['None_Used'],0,0,Valid,0.0,0.0,38.0,38.0,['Male'],0,0,3,4,3,Dry,Straight,Level,Lowest,No
10256,12,Florida,122853,1,1,1,0,1,JACKSONVILLE,December,1,Friday,1,0,Urban,High Speed (Arterial),Yes,30.25966111,-81.74115,Complex/Circle,Dark - Lighted,Clear,Unknown,Unknown,Unknown EMS Scene Arrival Hour,Officially Cancelled,Unknown,Officially Canceled,1,Dark - Lighted,Clear,0,0,[],[],0,0,Invalid,0.0,0.0,998.0,998.0,['Other'],0,0,1,0,4,Dry,Straight,Level,Lowest,No
10257,12,Florida,122854,1,1,1,0,1,NOT APPLICABLE,November,26,Sunday,22,55,Urban,High Speed (Arterial),Yes,28.19686389,-82.69867222,Non-Intersection,Dark - Not Lighted,Clear,Unknown,Unknown,Unknown EMS Scene Arrival Hour,Unknown EMS Scene Arrival Minutes,Not Applicable (Not Transported),Not Applicable (Not Transported),1,Dark - Unlighted,Clear,0,1,[],[],0,0,Valid,0.0,1.0,19.0,19.0,['Male'],0,0,2,4,4,Dry,Curve,Level,Lowest,No
10258,12,Florida,122855,0,2,2,0,4,NOT APPLICABLE,November,17,Friday,17,12,Rural,High Speed (Arterial),Yes,28.47068333,-81.71724722,Simple Junction,Daylight,Clear,Unknown,Unknown,Unknown EMS Scene Arrival Hour,Unknown EMS Scene Arrival Minutes,Unknown,Unknown EMS Hospital Arrival Time,1,Daylight,Clear,1,3,['Driver'],['None_Used'],0,0,Valid,1.0,0.0,72.0,31.0,"['Male', 'Male']",0,0,5,4,5,Dry,Straight,Level,Lowest,No
10259,12,Florida,122856,0,2,2,0,2,NOT APPLICABLE,November,21,Tuesday,4,40,Urban,High Speed (Arterial),Yes,28.24285556,-81.21656667,Simple Junction,Dark - Not Lighted,Clear,Unknown,Unknown,Unknown EMS Scene Arrival Hour,Unknown EMS Scene Arrival Minutes,Not Applicable (Not Transported),Not Applicable (Not Transported),1,Dark - Unlighted,Clear,1,1,['Driver'],['Shoulder_Lapbelt'],0,0,Valid,0.0,0.0,37.0,28.0,"['Female', 'Male']",0,0,4,4,5,Dry,Straight,Level,Lowest,No
10260,12,Florida,122857,1,1,1,0,1,NOT APPLICABLE,November,22,Wednesday,3,35,Urban,High Speed (Arterial),Yes,28.29171111,-81.24299444,Non-Intersection,Dark - Not Lighted,Clear,Unknown,Unknown,Unknown EMS Scene Arrival Hour,Unknown EMS Scene Arrival Minutes,Not Applicable (Not Transported),Not Applicable (Not Transported),1,Dark - Unlighted,Clear,0,0,[],[],0,0,Invalid,0.0,0.0,999.0,999.0,['Other'],0,0,1,0,4,Dry,Straight,Level,Lowest,No
10261,12,Florida,122858,0,2,2,0,3,NOT APPLICABLE,November,23,Thursday,21,24,Urban,Medium Speed (Collector),No,28.53875556,-81.45628889,Non-Intersection,Dark - Lighted,Clear,Unknown,Unknown,Unknown EMS Scene Arrival Hour,Unknown EMS Scene Arrival Minutes,Unknown,Unknown EMS Hospital Arrival Time,1,Dark - Lighted,Clear,1,2,['Driver'],['None_Used'],0,0,Valid,2.0,1.0,31.0,24.0,"['Male', 'Female']",0,0,2,4,5,Dry,Straight,Level,Lowest,No
10262,12,Florida,122859,0,1,1,0,1,NOT APPLICABLE,November,23,Thursday,17,13,Rural,Medium Speed (Collector),No,30.23771667,-82.55855,Non-Intersection,Daylight,Clear,Unknown,Unknown,Unknown EMS Scene Arrival Hour,Officially Cancelled,Unknown,Officially Canceled,1,Daylight,Clear,1,0,['Driver'],['Shoulder_Lapbelt'],0,0,Valid,0.0,0.0,30.0,30.0,['Female'],1,0,2,4,3,Dry,Curve,Level,Lowest,No
10263,12,Florida,122860,0,2,2,0,2,NOT APPLICABLE,November,22,Wednesday,7,44,Urban,High Speed (Arterial),Yes,27.337575,-80.32598056,Complex/Circle,Daylight,Clear,Unknown,Unknown,Unknown EMS Scene Arrival Hour,Unknown EMS Scene Arrival Minutes,Unknown,Unknown EMS Hospital Arrival Time,1,Daylight,Clear,1,1,['Driver'],['None_Used'],0,0,Valid,0.0,0.0,65.0,33.0,"['Female', 'Male']",0,0,5,4,5,Dry,Straight,Level,Lowest,No
10264,12,Florida,122861,0,2,2,0,4,DAVIE,December,2,Saturday,11,59,Urban,Medium Speed (Collector),No,26.04593889,-80.23154722,Complex/Circle,Daylight,Clear,Unknown,Unknown,Unknown EMS Scene Arrival Hour,Unknown EMS Scene Arrival Minutes,Unknown,Unknown EMS Hospital Arrival Time,1,Daylight,Clear,1,3,['Driver'],['None_Used'],0,0,Invalid,0.0,0.0,43.0,30.0,"['Female', 'Male']",0,0,5,4,5,Dry,Straight,Level,Lowest,No
10265,12,Florida,122862,0,1,1,0,2,NOT APPLICABLE,April,24,Monday,1,33,Rural,Medium Speed (Collector),No,27.080825,-81.07066111,Non-Intersection,Dark - Not Lighted,Clear,Unknown,Unknown,Unknown EMS Scene Arrival Hour,Unknown EMS Scene Arrival Minutes,Unknown,Unknown EMS Hospital Arrival Time,1,Dark - Unlighted,Clear,1,1,['Front_Passenger'],['None_Used'],1,1,Valid,0.0,0.0,19.0,19.0,['Male'],0,0,2,4,3,Dry,Straight,Level,Lowest,No
10266,12,Florida,122863,0,2,2,0,2,NOT APPLICABLE,November,15,Wednesday,20,47,Urban,Medium Speed (Collector),No,30.53573611,-87.38597222,Simple Junction,Dark - Lighted,Rain,Unknown,Unknown,Unknown EMS Scene Arrival Hour,Unknown EMS Scene Arrival Minutes,Not Applicable (Not Transported),Not Applicable (Not Transported),1,Dark - Lighted,Rain/Wind/Minor,1,1,['Driver'],['None_Used'],0,0,Invalid,0.0,1.0,998.0,20.0,"['Other', 'Male']",0,0,5,4,5,Wet/Standing Water,Straight,Level,Lowest,No
10267,12,Florida,122864,0,2,2,0,2,NOT APPLICABLE,November,16,Thursday,15,53,Urban,Medium Speed (Collector),No,28.06736389,-82.72127222,Non-Intersection,Daylight,Cloudy,Unknown,Unknown,Unknown EMS Scene Arrival Hour,Unknown EMS Scene Arrival Minutes,Unknown,Unknown EMS Hospital Arrival Time,1,Daylight,Reduced Visibility,1,1,['Driver'],['None_Used'],0,0,Valid,0.0,0.0,62.0,58.0,"['Male', 'Female']",0,0,3,4,5,Wet/Standing Water,Curve,Grade/Hillcrest,Lowest,No
10268,12,Florida,122865,1,2,1,1,1,Other,November,18,Saturday,4,36,Urban,High Speed (Arterial),Yes,25.81508611,-80.20633611,Non-Intersection,Dark - Lighted,Clear,Unknown,Unknown,Unknown EMS Scene Arrival Hour,Unknown EMS Scene Arrival Minutes,Not Applicable (Not Transported),Not Applicable (Not Transported),1,Dark - Lighted,Clear,0,1,[],[],0,0,Invalid,0.0,0.0,999.0,999.0,['Male'],0,0,3,4,4,Dry,Straight,Grade/Hillcrest,Lowest,No
10269,12,Florida,122866,0,2,2,0,2,DANIA BEACH,November,24,Friday,6,12,Urban,High Speed (Arterial),Yes,26.06286944,-80.16416111,Non-Intersection,Dark - Lighted,Cloudy,Unknown,Unknown,Unknown EMS Scene Arrival Hour,Unknown EMS Scene Arrival Minutes,Unknown,Unknown EMS Hospital Arrival Time,1,Dark - Lighted,Reduced Visibility,1,1,['Driver'],['Shoulder_Lapbelt'],1,1,Valid,0.0,0.0,39.0,36.0,"['Female', 'Male']",0,0,4,4,5,Dry,Straight,Level,Lowest,No
10270,12,Florida,122867,1,1,1,0,1,SAINT CLOUD,December,1,Friday,14,46,Urban,High Speed (Arterial),Yes,28.24606944,-81.29909722,Simple Junction,Daylight,Clear,Unknown,Unknown,Unknown EMS Scene Arrival Hour,Unknown EMS Scene Arrival Minutes,Not Applicable (Not Transported),Not Applicable (Not Transported),1,Daylight,Clear,0,1,[],[],0,0,Valid,0.0,0.0,41.0,41.0,['Male'],0,0,3,1,4,Dry,Straight,Level,Lowest,No
10271,12,Florida,122868,0,2,2,0,2,NOT APPLICABLE,December,3,Sunday,8,55,Urban,High Speed (Arterial),Yes,27.86573056,-82.32653889,Complex/Circle,Daylight,Cloudy,Unknown,Unknown,Unknown EMS Scene Arrival Hour,Unknown EMS Scene Arrival Minutes,Not Applicable (Not Transported),Not Applicable (Not Transported),1,Daylight,Reduced Visibility,1,1,['Driver'],['None_Used'],0,0,Valid,0.0,0.0,72.0,17.0,"['Male', 'Male']",0,0,5,4,5,Dry,Straight,Level,Lowest,No
10272,12,Florida,122869,0,2,2,0,3,NOT APPLICABLE,November,30,Thursday,18,30,Urban,High Speed (Arterial),No,27.46251389,-82.59780278,Complex/Circle,Dark - Lighted,Clear,Unknown,Unknown,Unknown EMS Scene Arrival Hour,Unknown EMS Scene Arrival Minutes,Unknown,Unknown EMS Hospital Arrival Time,1,Dark - Lighted,Clear,1,2,['Driver'],['None_Used'],1,1,Valid,1.0,0.0,68.0,59.0,"['Female', 'Male']",0,0,5,4,5,Dry,Straight,Level,Lowest,No
10273,12,Florida,122870,0,2,2,0,2,NOT APPLICABLE,November,12,Sunday,23,7,Urban,High Speed (Arterial),Yes,28.00856389,-82.29035833,Non-Intersection,Dark - Lighted,Clear,Unknown,Unknown,Unknown EMS Scene Arrival Hour,Officially Cancelled,Unknown,Officially Canceled,1,Dark - Lighted,Clear,1,1,['Driver'],['Shoulder_Lapbelt'],0,0,Valid,0.0,2.0,68.0,22.0,"['Female', 'Male']",0,0,3,4,5,Dry,Straight,Level,Lowest,No
10274,12,Florida,122871,1,1,1,0,2,TAMPA,November,11,Saturday,8,24,Urban,High Speed (Arterial),Yes,27.99612778,-82.50720278,Simple Junction,Daylight,Clear,Unknown,Unknown,Unknown EMS Scene Arrival Hour,Unknown EMS Scene Arrival Minutes,Unknown,Unknown EMS Hospital Arrival Time,1,Daylight,Clear,0,2,[],[],0,0,Valid,0.0,0.0,36.0,36.0,['Male'],0,0,2,4,4,Dry,Straight,Level,Lowest,No
10275,12,Florida,122872,0,1,1,0,1,NOT APPLICABLE,November,12,Sunday,0,0,Rural,High Speed (Arterial),Yes,28.4525,-81.2269,Non-Intersection,Dark - Unknown Lighting,Other,Unknown,Unknown,Unknown EMS Scene Arrival Hour,Unknown EMS Scene Arrival Minutes,Not Applicable (Not Transported),Not Applicable (Not Transported),1,Dark - Unlighted,Reduced Visibility,1,0,['Driver'],['None_Used'],1,1,Valid,0.0,0.0,29.0,29.0,['Male'],1,0,2,4,3,Dry,Curve,Grade/Hillcrest,Lowest,No
10276,12,Florida,122873,0,1,1,0,1,NOT APPLICABLE,November,17,Friday,23,5,Rural,Medium Speed (Collector),No,30.54223056,-84.67695556,Non-Intersection,Dark - Not Lighted,Clear,Unknown,Unknown,Unknown EMS Scene Arrival Hour,Officially Cancelled,Unknown,Officially Canceled,1,Dark - Unlighted,Clear,1,0,['Driver'],['None_Used'],0,0,Invalid,0.0,1.0,28.0,28.0,['Male'],1,0,2,4,3,Dry,Curve,Level,Lowest,No
10277,12,Florida,122874,0,1,1,0,1,NOT APPLICABLE,November,26,Sunday,17,40,Urban,Medium Speed (Collector),No,29.22446111,-82.12344722,Non-Intersection,Dark - Not Lighted,Rain,Unknown,Unknown,Unknown EMS Scene Arrival Hour,Unknown EMS Scene Arrival Minutes,Unknown,Unknown EMS Hospital Arrival Time,1,Dark - Unlighted,Rain/Wind/Minor,1,0,['Driver'],['None_Used'],1,1,Valid,0.0,0.0,48.0,48.0,['Male'],0,0,3,4,2,Wet/Standing Water,Straight,Level,Lowest,No
10278,12,Florida,122875,1,6,6,0,7,NOT APPLICABLE,November,27,Monday,6,0,Rural,High Speed (Arterial),Yes,30.13053056,-81.83026667,Non-Intersection,Dark - Lighted,Cloudy,Unknown,Unknown,Unknown EMS Scene Arrival Hour,Unknown EMS Scene Arrival Minutes,Not Applicable (Not Transported),Not Applicable (Not Transported),1,Dark - Lighted,Reduced Visibility,0,7,[],[],0,0,Valid,0.0,5.0,59.0,22.0,"['Male', 'Female', 'Male', 'Male', 'Male', 'Male']",0,0,4,3,4,Wet/Standing Water,Straight,Level,Lowest,No
10279,12,Florida,122876,1,1,1,0,1,TAMPA,November,27,Monday,6,38,Urban,High Speed (Arterial),Yes,27.99591667,-82.42037222,Simple Junction,Dark - Lighted,Cloudy,Unknown,Unknown,Unknown EMS Scene Arrival Hour,Unknown EMS Scene Arrival Minutes,Not Applicable (Not Transported),Not Applicable (Not Transported),1,Dark - Lighted,Reduced Visibility,0,1,[],[],0,0,Valid,0.0,0.0,18.0,18.0,['Male'],0,0,2,2,4,Dry,Straight,Grade/Hillcrest,Lowest,No
10280,12,Florida,122877,0,1,1,0,2,NOT APPLICABLE,November,25,Saturday,16,17,Rural,High Speed (Arterial),Yes,30.43693056,-85.21912222,Non-Intersection,Daylight,Clear,Unknown,Unknown,Unknown EMS Scene Arrival Hour,Unknown EMS Scene Arrival Minutes,Unknown,Unknown EMS Hospital Arrival Time,1,Daylight,Clear,1,1,['Driver'],['None_Used'],0,0,Valid,2.0,0.0,48.0,48.0,['Male'],0,0,4,4,3,Dry,Straight,Level,Lowest,No
10281,12,Florida,122878,1,2,2,0,3,ORLANDO,November,29,Wednesday,18,16,Urban,Medium Speed (Collector),No,28.54450278,-81.40898611,Non-Intersection,Dark - Lighted,Clear,Unknown,Unknown,Unknown EMS Scene Arrival Hour,Unknown EMS Scene Arrival Minutes,Unknown,Unknown EMS Hospital Arrival Time,1,Dark - Lighted,Clear,0,3,[],[],0,0,Valid,0.0,1.0,41.0,20.0,"['Female', 'Male']",0,0,3,4,5,Dry,Curve,Level,Lowest,No
10282,12,Florida,122879,1,1,1,0,2,CHIPLEY,December,2,Saturday,19,53,Rural,High Speed (Arterial),Yes,30.75175278,-85.55077222,Complex/Circle,Dark - Lighted,Rain,Unknown,Unknown,Unknown EMS Scene Arrival Hour,Unknown EMS Scene Arrival Minutes,Not Applicable (Not Transported),Not Applicable (Not Transported),1,Dark - Lighted,Rain/Wind/Minor,0,2,[],[],0,0,Valid,0.0,0.0,49.0,49.0,['Male'],0,0,3,3,4,Wet/Standing Water,Straight,Level,Lowest,No
10283,12,Florida,122880,1,1,1,0,1,MARATHON,November,18,Saturday,10,31,Urban,High Speed (Arterial),Yes,24.71276111,-81.08855556,Complex/Circle,Daylight,Clear,Unknown,Unknown,Unknown EMS Scene Arrival Hour,Unknown EMS Scene Arrival Minutes,Not Applicable (Not Transported),Not Applicable (Not Transported),1,Daylight,Clear,0,1,[],[],0,0,Valid,0.0,0.0,44.0,44.0,['Male'],0,0,3,3,4,Dry,Straight,Level,Lowest,No
10284,12,Florida,122881,0,2,2,0,2,NOT APPLICABLE,November,28,Tuesday,4,17,Urban,High Speed (Arterial),Yes,28.19607222,-81.58424722,Non-Intersection,Dark - Not Lighted,Cloudy,Unknown,Unknown,Unknown EMS Scene Arrival Hour,Unknown EMS Scene Arrival Minutes,Not Applicable (Not Transported),Not Applicable (Not Transported),1,Dark - Unlighted,Reduced Visibility,1,1,['Driver'],['None_Used'],1,1,Valid,1.0,1.0,34.0,29.0,"['Male', 'Male']",0,0,4,4,5,Dry,Straight,Level,Lowest,No
10285,12,Florida,122882,0,2,2,0,5,NOT APPLICABLE,November,26,Sunday,15,12,Urban,Medium Speed (Collector),No,26.69205556,-80.16593889,Complex/Circle,Daylight,Rain,Unknown,Unknown,Unknown EMS Scene Arrival Hour,Unknown EMS Scene Arrival Minutes,Unknown,Unknown EMS Hospital Arrival Time,1,Daylight,Rain/Wind/Minor,1,4,['Driver'],['None_Used'],0,0,Valid,0.0,0.0,84.0,76.0,"['Male', 'Male']",0,0,5,4,5,Wet/Standing Water,Straight,Level,Lowest,No
10286,12,Florida,122883,0,1,1,0,1,COCOA,November,30,Thursday,16,0,Urban,High Speed (Arterial),Yes,28.35636667,-80.792225,Non-Intersection,Daylight,Clear,Unknown,Unknown,Unknown EMS Scene Arrival Hour,Unknown EMS Scene Arrival Minutes,Not Applicable (Not Transported),Not Applicable (Not Transported),1,Daylight,Clear,1,0,['Driver'],['Shoulder_Lapbelt'],1,1,Valid,0.0,0.0,56.0,56.0,['Male'],0,0,2,4,3,Dry,Straight,Level,Lowest,No
10287,12,Florida,122884,1,1,1,0,1,TAMPA,December,2,Saturday,1,12,Urban,High Speed (Arterial),Yes,27.89355833,-82.53025,Complex/Circle,Dark - Lighted,Clear,Unknown,Unknown,Unknown EMS Scene Arrival Hour,Officially Cancelled,Unknown,Officially Canceled,1,Dark - Lighted,Clear,0,1,[],[],0,0,Valid,0.0,0.0,22.0,22.0,['Female'],0,0,2,4,4,Dry,Straight,Level,Lowest,No
10288,12,Florida,122885,1,2,2,0,4,TAMPA,December,3,Sunday,20,16,Rural,Low Speed (Local),No,28.054675,-82.44226111,Non-Intersection,Dark - Lighted,Clear,Unknown,Unknown,Unknown EMS Scene Arrival Hour,Unknown EMS Scene Arrival Minutes,Not Applicable (Not Transported),Not Applicable (Not Transported),1,Dark - Lighted,Clear,0,4,[],[],0,0,Invalid,0.0,0.0,998.0,17.0,"['Other', 'Male']",0,0,2,2,4,Dry,Straight,Level,Lowest,No
10289,12,Florida,122886,0,2,2,0,3,HIALEAH,December,4,Monday,7,59,Urban,Medium Speed (Collector),No,25.86390833,-80.31482222,Complex/Circle,Daylight,Clear,Unknown,Unknown,Unknown EMS Scene Arrival Hour,Unknown EMS Scene Arrival Minutes,Unknown,Unknown EMS Hospital Arrival Time,1,Daylight,Clear,1,2,['Driver'],['None_Used'],0,0,Valid,0.0,0.0,85.0,34.0,"['Male', 'Male']",0,0,5,4,5,Dry,Straight,Level,Lowest,No