,State_Code,State_Name,Crash_ID,Count_Non_Motorists,Count_Vehicles_Total,Count_Vehicle_Forms,Count_PVH_Involved,Count_Occupants_MV,City_Name,Month_Name,Day_of_Month,Day_of_Week,Crash_Hour,Crash_Minute,Area_Rural_Urban,Road_Functional_Class,On_NHS_Road,Latitude,Longitude,Intersection_Type,Light_Condition,Weather_Condition,Notif_Hour,Notif_Minute,Arrival_Hour,Arrival_Minute,Hospital_Hour,Hospital_Minute,Fatalities_Count,Clean_Light_Condition,Clean_Weather_Condition,Total_Killed,Total_Alive,Fatal_Seats_List,Killed_Restraint_List,Any_Driver_Drinking,Total_Drinking_Drivers,Driver_License_Category,Driver_Max_Prev_Accident_Count,Driver_Max_Prev_Speeding_Count,Max_Driver_Age,Min_Driver_Age,Driver_Sex_List,Total_Exceeding_Limit_Vehicles,Total_Too_Fast_Vehicles,Max_Vehicle_Type_Severity_5,Max_Vehicle_Damage_Rank,Max_Harmful_Event_Severity,Crash_Road_Surface_Condition,Crash_Horizontal_Alignment,Crash_Vertical_Profile,Crash_Impairment_Category,Crash_Vehicle_Defect
10290,12,Florida,122887,1,1,1,0,1,NOT APPLICABLE,December,5,Tuesday,6,59,Urban,Medium Speed (Collector),No,27.974725,-82.02848611,Non-Intersection,Daylight,Clear,Unknown,Unknown,Unknown EMS Scene Arrival Hour,Unknown EMS Scene Arrival Minutes,Unknown,Unknown EMS Hospital Arrival Time,1,Daylight,Clear,0,1,[],[],0,0,Valid,0.0,0.0,71.0,71.0,['Female'],0,0,4,3,4,Dry,Straight,Level,Lowest,No
10291,12,Florida,122888,0,2,2,0,3,JACKSONVILLE,December,7,Thursday,12,47,Urban,Medium Speed (Collector),No,30.32753333,-81.6771,Complex/Circle,Daylight,Clear,Unknown,Unknown,Unknown EMS Scene Arrival Hour,Unknown EMS Scene Arrival Minutes,Unknown,Unknown EMS Hospital Arrival Time,1,Daylight,Clear,1,2,['Rear_Seat'],['None_Used'],0,0,Invalid,0.0,1.0,50.0,13.0,"['Male', 'Male']",0,0,5,4,5,Dry,Straight,Level,Lowest,No
10292,12,Florida,122889,1,1,1,0,3,MIAMI,December,3,Sunday,4,15,Urban,Medium Speed (Collector),No,25.83208056,-80.21551944,Non-Intersection,Dark - Lighted,Clear,Unknown,Unknown,Unknown EMS Scene Arrival Hour,Unknown EMS Scene Arrival Minutes,Unknown,Unknown EMS Hospital Arrival Time,1,Dark - Lighted,Clear,0,3,[],[],0,0,Valid,1.0,0.0,38.0,38.0,['Male'],0,0,2,4,4,Wet/Standing Water,Straight,Level,Lowest,No
10293,12,Florida,122890,0,3,3,0,6,DAYTONA BEACH,December,4,Monday,14,25,Urban,High Speed (Arterial),Yes,29.19743611,-81.01575,Complex/Circle,Daylight,Clear,Unknown,Unknown,Unknown EMS Scene Arrival Hour,Unknown EMS Scene Arrival Minutes,Unknown,Unknown EMS Hospital Arrival Time,1,Daylight,Clear,1,5,['Front_Passenger'],['None_Used'],0,0,Valid,0.0,0.0,61.0,17.0,"['Female', 'Male', 'Male']",0,0,5,4,5,Dry,Straight,Level,Lowest,No
10294,12,Florida,122891,1,1,1,0,1,MANGONIA PARK,November,27,Monday,22,5,Urban,Medium Speed (Collector),No,26.76125833,-80.07163611,Complex/Circle,Dark - Lighted,Clear,Unknown,Unknown,Unknown EMS Scene Arrival Hour,Unknown EMS Scene Arrival Minutes,Unknown,Unknown EMS Hospital Arrival Time,1,Dark - Lighted,Clear,0,1,[],[],0,0,Invalid,0.0,0.0,30.0,30.0,['Male'],0,0,2,4,4,Dry,Straight,Level,Lowest,No
10295,12,Florida,122892,0,1,1,0,1,NOT APPLICABLE,December,2,Saturday,13,5,Urban,Medium Speed (Collector),No,28.36151944,-81.36865556,Non-Intersection,Daylight,Clear,Unknown,Unknown,Unknown EMS Scene Arrival Hour,Unknown EMS Scene Arrival Minutes,Unknown,Unknown EMS Hospital Arrival Time,1,Daylight,Clear,1,0,['Driver'],['None_Used'],0,0,Invalid,0.0,0.0,29.0,29.0,['Male'],0,0,5,4,2,Dry,Straight,Level,Lowest,No
10296,12,Florida,122893,0,5,5,0,7,NOT APPLICABLE,November,11,Saturday,13,35,Urban,High Speed (Arterial),Yes,29.06869167,-81.25543889,Non-Intersection,Daylight,Clear,Unknown,Unknown,Unknown EMS Scene Arrival Hour,Unknown EMS Scene Arrival Minutes,Unknown,Unknown EMS Hospital Arrival Time,1,Daylight,Clear,1,6,['Driver'],['None_Used'],0,0,Valid,0.0,0.0,74.0,35.0,"['Female', 'Male', 'Male', 'Male', 'Male']",0,0,5,4,5,Dry,Straight,Level,Lowest,No
10297,12,Florida,122894,0,2,2,0,2,SEMINOLE,November,21,Tuesday,16,31,Urban,Medium Speed (Collector),No,27.81133333,-82.75391111,Complex/Circle,Daylight,Clear,Unknown,Unknown,Unknown EMS Scene Arrival Hour,Unknown EMS Scene Arrival Minutes,Unknown,Unknown EMS Hospital Arrival Time,1,Daylight,Clear,1,1,['Driver'],['None_Used'],1,1,Valid,0.0,0.0,67.0,16.0,"['Male', 'Male']",0,0,5,2,5,Dry,Straight,Level,Lowest,No
10298,12,Florida,122895,0,2,1,1,1,NOT APPLICABLE,November,26,Sunday,19,55,Urban,High Speed (Arterial),Yes,25.49978056,-80.44621389,Non-Intersection,Dark - Lighted,Clear,Unknown,Unknown,Unknown EMS Scene Arrival Hour,Unknown EMS Scene Arrival Minutes,Not Applicable (Not Transported),Not Applicable (Not Transported),1,Dark - Lighted,Clear,1,0,['Driver'],['None_Used'],1,1,Valid,0.0,0.0,44.0,44.0,['Female'],0,0,3,4,3,Dry,Straight,Level,Lowest,No
10299,12,Florida,122896,0,1,1,0,1,NOT APPLICABLE,November,28,Tuesday,0,45,Urban,High Speed (Arterial),Yes,30.1487,-82.67256111,Non-Intersection,Dark - Not Lighted,Clear,Unknown,Unknown,Unknown EMS Scene Arrival Hour,Unknown EMS Scene Arrival Minutes,Unknown,Unknown EMS Hospital Arrival Time,1,Dark - Unlighted,Clear,1,0,['Driver'],['Shoulder_Lapbelt'],0,0,Valid,0.0,1.0,47.0,47.0,['Male'],0,0,4,4,3,Dry,Straight,Level,Lowest,No
10300,12,Florida,122897,0,1,1,0,3,LAKELAND,November,30,Thursday,22,58,Urban,Medium Speed (Collector),No,28.11801389,-81.90790278,Complex/Circle,Dark - Lighted,Clear,Unknown,Unknown,Unknown EMS Scene Arrival Hour,Unknown EMS Scene Arrival Minutes,Unknown,Unknown EMS Hospital Arrival Time,1,Dark - Lighted,Clear,1,2,['Driver'],['Shoulder_Lapbelt'],0,0,Valid,0.0,0.0,38.0,38.0,['Male'],0,0,3,4,3,Dry,Curve,Level,Lowest,No
10301,12,Florida,122898,0,2,2,0,4,MIAMI,October,22,Sunday,17,14,Urban,Medium Speed (Collector),No,25.73695278,-80.254125,Complex/Circle,Daylight,Clear,Unknown,Unknown,Unknown EMS Scene Arrival Hour,Unknown EMS Scene Arrival Minutes,Unknown,Unknown EMS Hospital Arrival Time,1,Daylight,Clear,1,3,['Driver'],['None_Used'],0,0,Valid,0.0,0.0,56.0,50.0,"['Female', 'Male']",0,0,5,2,5,Dry,Straight,Level,Lowest,No
10302,12,Florida,122899,0,2,2,0,5,SAINT PETERSBURG,December,6,Wednesday,22,46,Urban,High Speed (Arterial),Yes,27.65212778,-82.67641111,Non-Intersection,Dark - Lighted,Clear,Unknown,Unknown,Unknown EMS Scene Arrival Hour,Unknown EMS Scene Arrival Minutes,Unknown,Unknown EMS Hospital Arrival Time,3,Dark - Lighted,Clear,3,2,"['Driver', 'Front_Passenger', 'Rear_Seat']","['Shoulder_Lapbelt', 'Shoulder_Lapbelt', 'None_Used']",0,0,Invalid,0.0,0.0,33.0,22.0,"['Male', 'Male']",0,0,3,4,5,Dry,Curve,Grade/Hillcrest,Lowest,No
10303,12,Florida,122900,1,2,2,0,2,PLANT CITY,December,2,Saturday,2,5,Urban,Medium Speed (Collector),No,28.04662222,-82.1041,Non-Intersection,Dark - Not Lighted,Clear,Unknown,Unknown,Unknown EMS Scene Arrival Hour,Unknown EMS Scene Arrival Minutes,Not Applicable (Not Transported),Not Applicable (Not Transported),1,Dark - Unlighted,Clear,0,2,[],[],0,0,Valid,0.0,1.0,58.0,54.0,"['Male', 'Female']",0,0,3,3,4,Dry,Straight,Level,Lowest,No
10304,12,Florida,122901,0,2,2,0,4,PUNTA GORDA,December,3,Sunday,15,0,Urban,Medium Speed (Collector),No,26.89490556,-82.01450278,Complex/Circle,Daylight,Clear,Unknown,Unknown,Unknown EMS Scene Arrival Hour,Unknown EMS Scene Arrival Minutes,Unknown,Unknown EMS Hospital Arrival Time,1,Daylight,Clear,1,3,['Driver'],['Shoulder_Lapbelt'],0,0,Valid,0.0,0.0,66.0,43.0,"['Male', 'Female']",0,0,3,4,5,Dry,Straight,Level,Lowest,No
10305,12,Florida,122902,1,2,2,0,2,NOT APPLICABLE,November,29,Wednesday,15,26,Urban,High Speed (Arterial),Yes,27.33792778,-82.47628889,Non-Intersection,Daylight,Clear,Unknown,Unknown,Unknown EMS Scene Arrival Hour,Unknown EMS Scene Arrival Minutes,Unknown,Unknown EMS Hospital Arrival Time,1,Daylight,Clear,0,2,[],[],0,0,Valid,0.0,0.0,66.0,47.0,"['Male', 'Male']",0,0,3,4,5,Dry,Straight,Level,Lowest,No
10306,12,Florida,122903,1,1,1,0,1,NOT APPLICABLE,December,5,Tuesday,6,55,Urban,Medium Speed (Collector),No,27.28389167,-82.48376389,Non-Intersection,Daylight,Clear,Unknown,Unknown,Unknown EMS Scene Arrival Hour,Unknown EMS Scene Arrival Minutes,Unknown,Unknown EMS Hospital Arrival Time,1,Daylight,Clear,0,1,[],[],0,0,Valid,0.0,0.0,73.0,73.0,['Male'],0,0,2,3,4,Dry,Straight,Level,Lowest,No
10307,12,Florida,122905,0,2,2,0,3,HOLLYWOOD,June,24,Saturday,14,26,Urban,High Speed (Arterial),Yes,26.03967778,-80.208675,Complex/Circle,Daylight,Cloudy,Unknown,Unknown,Unknown EMS Scene Arrival Hour,Unknown EMS Scene Arrival Minutes,Not Applicable (Not Transported),Not Applicable (Not Transported),1,Daylight,Reduced Visibility,1,2,['Driver'],['None_Used'],0,0,Invalid,0.0,0.0,31.0,19.0,"['Female', 'Male']",0,0,5,4,5,Dry,Straight,Level,Lowest,No
10308,12,Florida,122906,0,3,3,0,6,NOT APPLICABLE,October,23,Monday,10,39,Urban,High Speed (Arterial),Yes,28.3471,-81.65875556,Non-Intersection,Daylight,Clear,Unknown,Unknown,Unknown EMS Scene Arrival Hour,Unknown EMS Scene Arrival Minutes,Unknown,Unknown EMS Hospital Arrival Time,1,Daylight,Clear,1,5,['Rear_Seat'],['Shoulder_Lapbelt'],0,0,Valid,0.0,0.0,72.0,22.0,"['Male', 'Female', 'Male']",0,0,3,4,5,Dry,Straight,Level,Lowest,No
10309,12,Florida,122907,1,1,1,0,1,SARASOTA,October,6,Friday,21,37,Urban,Medium Speed (Collector),No,27.32666389,-82.56201667,Complex/Circle,Dark - Lighted,Clear,Unknown,Unknown,Unknown EMS Scene Arrival Hour,Unknown EMS Scene Arrival Minutes,Not Applicable (Not Transported),Not Applicable (Not Transported),2,Dark - Lighted,Clear,1,0,['Driver'],['Shoulder_Lapbelt'],0,0,Valid,0.0,2.0,55.0,55.0,['Male'],0,0,2,3,4,Dry,Straight,Level,Lowest,No
10310,12,Florida,122908,0,3,3,0,4,JACKSONVILLE,October,28,Saturday,4,20,Urban,High Speed (Arterial),Yes,30.31704167,-81.73645556,Non-Intersection,Dark - Lighted,Clear,Unknown,Unknown,Unknown EMS Scene Arrival Hour,Unknown EMS Scene Arrival Minutes,Not Applicable (Not Transported),Not Applicable (Not Transported),1,Dark - Lighted,Clear,1,3,['Driver'],['None_Used'],1,1,Valid,3.0,2.0,26.0,24.0,"['Female', 'Male', 'Female']",0,0,5,4,5,Dry,Curve,Level,Lowest,No
10311,12,Florida,122909,1,1,1,0,1,AVENTURA,November,11,Saturday,18,28,Urban,High Speed (Arterial),Yes,25.68733056,-80.3534,Non-Intersection,Dark - Not Lighted,Clear,Unknown,Unknown,Unknown EMS Scene Arrival Hour,Unknown EMS Scene Arrival Minutes,Not Applicable (Not Transported),Not Applicable (Not Transported),1,Dark - Unlighted,Clear,0,1,[],[],0,0,Valid,1.0,0.0,26.0,26.0,['Male'],0,0,2,3,4,Dry,Straight,Level,Lowest,No
10312,12,Florida,122910,1,2,2,0,3,LARGO,November,21,Tuesday,22,29,Urban,Medium Speed (Collector),No,27.91668611,-82.76685833,Non-Intersection,Dark - Lighted,Clear,Unknown,Unknown,Unknown EMS Scene Arrival Hour,Unknown EMS Scene Arrival Minutes,Unknown,Unknown EMS Hospital Arrival Time,1,Dark - Lighted,Clear,0,3,[],[],0,0,Valid,0.0,0.0,68.0,19.0,"['Female', 'Female']",0,0,3,4,5,Dry,Straight,Level,Lowest,No
10313,12,Florida,122911,0,2,2,0,2,NOT APPLICABLE,November,28,Tuesday,6,56,Rural,Low Speed (Local),Yes,28.22995,-81.652875,Non-Intersection,Daylight,Clear,Unknown,Unknown,Unknown EMS Scene Arrival Hour,Unknown EMS Scene Arrival Minutes,Not Applicable (Not Transported),Not Applicable (Not Transported),1,Daylight,Clear,1,1,['Driver'],['None_Used'],0,0,Valid,0.0,3.0,36.0,21.0,"['Male', 'Male']",0,0,5,4,5,Dry,Straight,Level,Lowest,No
10314,12,Florida,122912,1,1,1,0,1,PLANT CITY,December,2,Saturday,0,23,Rural,Medium Speed (Collector),No,27.99468333,-82.05583611,Non-Intersection,Dark - Lighted,Clear,Unknown,Unknown,Unknown EMS Scene Arrival Hour,Unknown EMS Scene Arrival Minutes,Not Applicable (Not Transported),Not Applicable (Not Transported),1,Dark - Lighted,Clear,0,1,[],[],0,0,Invalid,0.0,0.0,999.0,999.0,['Other'],0,0,3,3,4,Dry,Straight,Level,Lowest,No
10315,12,Florida,122913,0,1,1,0,1,NOT APPLICABLE,December,4,Monday,3,30,Rural,Medium Speed (Collector),No,30.69756944,-85.01211111,Non-Intersection,Dark - Not Lighted,Cloudy,Unknown,Unknown,Unknown EMS Scene Arrival Hour,Unknown EMS Scene Arrival Minutes,Not Applicable (Not Transported),Not Applicable (Not Transported),1,Dark - Unlighted,Reduced Visibility,1,0,['Driver'],['None_Used'],0,0,Valid,0.0,0.0,63.0,63.0,['Male'],0,0,5,4,1,Dry,Curve,Level,Lowest,No
10316,12,Florida,122915,0,2,2,0,3,AUBURNDALE,November,25,Saturday,21,58,Urban,High Speed (Arterial),Yes,28.058475,-81.78269722,Simple Junction,Dark - Lighted,Clear,Unknown,Unknown,Unknown EMS Scene Arrival Hour,Unknown EMS Scene Arrival Minutes,Unknown,Unknown EMS Hospital Arrival Time,1,Dark - Lighted,Clear,1,2,['Rear_Seat'],['Lapbelt_Only'],0,0,Valid,0.0,0.0,35.0,25.0,"['Male', 'Female']",1,0,3,4,5,Dry,Straight,Level,Lowest,No
10317,12,Florida,122916,0,3,3,0,5,DEERFIELD BEACH,December,10,Sunday,4,22,Urban,High Speed (Arterial),Yes,26.30441944,-80.15260278,Complex/Circle,Dark - Lighted,Clear,Unknown,Unknown,Unknown EMS Scene Arrival Hour,Unknown EMS Scene Arrival Minutes,Unknown,Unknown EMS Hospital Arrival Time,1,Dark - Lighted,Clear,1,4,['Driver'],['None_Used'],0,0,Invalid,0.0,0.0,52.0,30.0,"['Male', 'Male', 'Female']",0,0,4,4,5,Dry,Straight,Level,Lowest,No
10318,12,Florida,122917,2,1,1,0,1,HOMESTEAD,November,21,Tuesday,21,25,Rural,High Speed (Arterial),Yes,25.46621389,-80.47431667,Simple Junction,Dark - Not Lighted,Clear,Unknown,Unknown,Unknown EMS Scene Arrival Hour,Unknown EMS Scene Arrival Minutes,Unknown,Unknown EMS Hospital Arrival Time,1,Dark - Unlighted,Clear,0,1,[],[],0,0,Valid,0.0,0.0,42.0,42.0,['Female'],0,0,3,3,4,Dry,Straight,Level,Lowest,No
10319,12,Florida,122918,0,2,2,0,2,NOT APPLICABLE,December,12,Tuesday,19,57,Urban,Medium Speed (Collector),No,26.132075,-80.18634722,Non-Intersection,Dark - Lighted,Clear,Unknown,Unknown,Unknown EMS Scene Arrival Hour,Unknown EMS Scene Arrival Minutes,Unknown,Unknown EMS Hospital Arrival Time,1,Dark - Lighted,Clear,1,1,['Driver'],['Shoulder_Lapbelt'],0,0,Valid,0.0,0.0,35.0,20.0,"['Female', 'Male']",0,0,2,4,5,Dry,Straight,Level,Lowest,No
10320,12,Florida,122919,0,1,1,0,1,POMPANO BEACH,November,19,Sunday,7,29,Urban,Medium Speed (Collector),No,26.12604722,-80.14346111,Non-Intersection,Daylight,Clear,Unknown,Unknown,Unknown EMS Scene Arrival Hour,Unknown EMS Scene Arrival Minutes,Unknown,Unknown EMS Hospital Arrival Time,1,Daylight,Clear,1,0,['Driver'],['None_Used'],0,0,Valid,0.0,0.0,65.0,65.0,['Male'],1,0,5,2,2,Dry,Straight,Level,Lowest,No
10321,12,Florida,122920,1,1,1,0,1,NOT APPLICABLE,November,11,Saturday,3,0,Urban,High Speed (Arterial),Yes,28.28673889,-81.35536111,Non-Intersection,Dark - Lighted,Clear,Unknown,Unknown,Unknown EMS Scene Arrival Hour,Unknown EMS Scene Arrival Minutes,Unknown,Unknown EMS Hospital Arrival Time,1,Dark - Lighted,Clear,0,1,[],[],0,0,Valid,1.0,0.0,20.0,20.0,['Female'],0,0,2,3,4,Dry,Straight,Level,Lowest,No
10322,12,Florida,122921,1,1,1,0,1,NOT APPLICABLE,November,12,Sunday,4,40,Urban,High Speed (Arterial),Yes,29.05058611,-82.16771944,Non-Intersection,Dark - Not Lighted,Cloudy,Unknown,Unknown,Unknown EMS Scene Arrival Hour,Unknown EMS Scene Arrival Minutes,Not Applicable (Not Transported),Not Applicable (Not Transported),1,Dark - Unlighted,Reduced Visibility,0,0,[],[],0,0,Invalid,0.0,0.0,998.0,998.0,['Other'],0,0,1,0,4,Dry,Straight,Level,Lowest,No
10323,12,Florida,122922,0,2,2,0,2,NOT APPLICABLE,November,18,Saturday,12,45,Urban,Medium Speed (Collector),No,30.61829444,-86.962775,Simple Junction,Daylight,Clear,Unknown,Unknown,Unknown EMS Scene Arrival Hour,Unknown EMS Scene Arrival Minutes,Unknown,Unknown EMS Hospital Arrival Time,1,Daylight,Clear,1,1,['Driver'],['None_Used'],0,0,Valid,0.0,0.0,32.0,32.0,"['Male', 'Male']",0,0,5,4,5,Dry,Straight,Level,Lowest,No
10324,12,Florida,122923,0,3,3,0,3,LAUDERHILL,November,25,Saturday,4,47,Urban,High Speed (Arterial),Yes,26.1391,-80.21916944,Non-Intersection,Dark - Lighted,Clear,Unknown,Unknown,Unknown EMS Scene Arrival Hour,Unknown EMS Scene Arrival Minutes,Unknown,Unknown EMS Hospital Arrival Time,1,Dark - Lighted,Clear,1,2,['Driver'],['None_Used'],0,0,Valid,0.0,0.0,35.0,29.0,"['Male', 'Male', 'Female']",0,0,3,4,5,Dry,Straight,Level,Lowest,No
10325,12,Florida,122924,0,1,1,0,1,NOT APPLICABLE,November,25,Saturday,2,30,Rural,Low Speed (Local),No,28.99844444,-80.93295,Non-Intersection,Dark - Not Lighted,Clear,Unknown,Unknown,Unknown EMS Scene Arrival Hour,Unknown EMS Scene Arrival Minutes,Not Applicable (Not Transported),Not Applicable (Not Transported),1,Dark - Unlighted,Clear,1,0,['Driver'],['Shoulder_Lapbelt'],0,0,Valid,0.0,0.0,21.0,21.0,['Male'],0,0,3,4,4,Dry,Curve,Level,Lowest,No
10326,12,Florida,122925,0,1,1,0,1,NOT APPLICABLE,November,28,Tuesday,3,40,Rural,Low Speed (Local),No,28.36785278,-81.41186389,Non-Intersection,Dark - Lighted,Clear,Unknown,Unknown,Unknown EMS Scene Arrival Hour,Unknown EMS Scene Arrival Minutes,Unknown,Unknown EMS Hospital Arrival Time,1,Dark - Lighted,Clear,1,0,['Driver'],['None_Used'],0,0,Invalid,0.0,0.0,77.0,77.0,['Male'],0,0,3,4,3,Dry,Straight,Level,Lowest,No
10327,12,Florida,122926,0,2,2,0,3,NOT APPLICABLE,November,29,Wednesday,5,52,Urban,High Speed (Arterial),Yes,26.64049722,-81.80136389,Non-Intersection,Dark - Not Lighted,Cloudy,Unknown,Unknown,Unknown EMS Scene Arrival Hour,Unknown EMS Scene Arrival Minutes,Not Applicable (Not Transported),Not Applicable (Not Transported),1,Dark - Unlighted,Reduced Visibility,1,2,['Driver'],['None_Used'],0,0,Valid,1.0,0.0,47.0,19.0,"['Male', 'Male']",0,0,5,4,5,Dry,Straight,Level,Lowest,No
10328,12,Florida,122927,0,1,1,0,1,DELTONA,November,29,Wednesday,5,55,Rural,High Speed (Arterial),Yes,28.87610833,-81.28298333,Non-Intersection,Dark - Lighted,Clear,Unknown,Unknown,Unknown EMS Scene Arrival Hour,Unknown EMS Scene Arrival Minutes,Not Applicable (Not Transported),Not Applicable (Not Transported),1,Dark - Lighted,Clear,1,0,['Driver'],['None_Used'],0,0,Valid,0.0,1.0,25.0,25.0,['Male'],0,0,3,4,3,Dry,Straight,Level,Lowest,No
10329,12,Florida,122928,1,1,1,0,1,PINELLAS PARK,December,1,Friday,21,5,Urban,High Speed (Arterial),Yes,27.82836389,-82.67953889,Complex/Circle,Dark - Not Lighted,Clear,Unknown,Unknown,Unknown EMS Scene Arrival Hour,Officially Cancelled,Unknown,Officially Canceled,1,Dark - Unlighted,Clear,0,1,[],[],0,0,Valid,0.0,0.0,33.0,33.0,['Male'],0,0,1,3,4,Dry,Straight,Level,Lowest,No
10330,12,Florida,122929,0,1,1,0,1,MIDWAY,December,2,Saturday,9,33,Rural,High Speed (Arterial),Yes,30.49413333,-84.44478056,Non-Intersection,Daylight,Rain,Unknown,Unknown,Unknown EMS Scene Arrival Hour,Unknown EMS Scene Arrival Minutes,Not Applicable (Not Transported),Not Applicable (Not Transported),1,Daylight,Rain/Wind/Minor,1,0,['Driver'],['Shoulder_Lapbelt'],0,0,Valid,0.0,0.0,25.0,25.0,['Male'],1,0,3,4,3,Wet/Standing Water,Curve,Level,Lowest,No
10331,12,Florida,122930,0,1,1,0,1,NOT APPLICABLE,December,2,Saturday,21,25,Urban,High Speed (Arterial),Yes,27.91976111,-82.49281944,Non-Intersection,Dark - Lighted,Clear,Unknown,Unknown,Unknown EMS Scene Arrival Hour,Unknown EMS Scene Arrival Minutes,Not Applicable (Not Transported),Not Applicable (Not Transported),1,Dark - Lighted,Clear,1,0,['Driver'],['None_Used'],0,0,Valid,0.0,0.0,28.0,28.0,['Male'],0,0,5,4,2,Dry,Straight,Level,Lowest,No
10332,12,Florida,122931,0,2,2,0,4,KISSIMMEE,December,3,Sunday,0,3,Rural,Medium Speed (Collector),No,28.17524167,-81.48285278,Simple Junction,Dark - Lighted,Clear,Unknown,Unknown,Unknown EMS Scene Arrival Hour,Unknown EMS Scene Arrival Minutes,Unknown,Unknown EMS Hospital Arrival Time,1,Dark - Lighted,Clear,1,3,['Driver'],['None_Used'],1,1,Valid,0.0,1.0,50.0,29.0,"['Female', 'Male']",0,0,5,4,5,Dry,Straight,Level,Lowest,No
10333,12,Florida,122932,1,1,1,0,1,NOT APPLICABLE,November,28,Tuesday,18,48,Rural,Low Speed (Local),No,27.82466667,-82.69978056,Complex/Circle,Dark - Lighted,Clear,Unknown,Unknown,Unknown EMS Scene Arrival Hour,Unknown EMS Scene Arrival Minutes,Unknown,Unknown EMS Hospital Arrival Time,1,Dark - Lighted,Clear,0,1,[],[],0,0,Invalid,0.0,0.0,998.0,998.0,['Other'],0,0,1,0,4,Dry,Straight,Level,Lowest,No
10334,12,Florida,122933,0,2,2,0,2,NOT APPLICABLE,November,27,Monday,23,0,Rural,High Speed (Arterial),Yes,29.90046944,-82.13671944,Complex/Circle,Dark - Lighted,Clear,Unknown,Unknown,Unknown EMS Scene Arrival Hour,Unknown EMS Scene Arrival Minutes,Unknown,Unknown EMS Hospital Arrival Time,1,Dark - Lighted,Clear,1,1,['Driver'],['Shoulder_Lapbelt'],0,0,Valid,0.0,0.0,49.0,46.0,"['Male', 'Male']",0,0,4,4,5,Dry,Straight,Level,Lowest,No
10335,12,Florida,122934,1,2,2,0,2,NOT APPLICABLE,December,4,Monday,18,15,Rural,High Speed (Arterial),Yes,25.79682778,-80.38608056,Non-Intersection,Dark - Lighted,Clear,Unknown,Unknown,Unknown EMS Scene Arrival Hour,Unknown EMS Scene Arrival Minutes,Not Applicable (Not Transported),Not Applicable (Not Transported),1,Dark - Lighted,Clear,0,2,[],[],0,0,Valid,0.0,0.0,71.0,32.0,"['Male', 'Female']",0,0,3,4,4,Dry,Straight,Level,Lowest,No
10336,12,Florida,122935,1,4,4,0,4,NOT APPLICABLE,November,29,Wednesday,18,35,Rural,High Speed (Arterial),Yes,29.36531111,-82.13706667,Non-Intersection,Dark - Not Lighted,Clear,Unknown,Unknown,Unknown EMS Scene Arrival Hour,Unknown EMS Scene Arrival Minutes,Not Applicable (Not Transported),Not Applicable (Not Transported),1,Dark - Unlighted,Clear,0,3,[],[],0,0,Invalid,0.0,1.0,998.0,21.0,"['Other', 'Female', 'Female', 'Male']",0,0,3,1,4,Dry,Straight,Level,Lowest,No
10337,12,Florida,122936,0,2,2,0,2,JACKSONVILLE,December,7,Thursday,5,41,Rural,High Speed (Arterial),Yes,30.48401667,-81.78509444,Complex/Circle,Dark - Not Lighted,Clear,Unknown,Unknown,Unknown EMS Scene Arrival Hour,Unknown EMS Scene Arrival Minutes,Unknown,Unknown EMS Hospital Arrival Time,1,Dark - Unlighted,Clear,1,1,['Driver'],['None_Used'],0,0,Valid,0.0,2.0,40.0,38.0,"['Male', 'Male']",0,0,4,4,5,Dry,Straight,Level,Lowest,No
10338,12,Florida,122937,0,3,3,0,3,NOT APPLICABLE,December,7,Thursday,9,23,Rural,High Speed (Arterial),Yes,29.28253056,-82.44496111,Simple Junction,Daylight,Clear,Unknown,Unknown,Unknown EMS Scene Arrival Hour,Unknown EMS Scene Arrival Minutes,Unknown,Unknown EMS Hospital Arrival Time,1,Daylight,Clear,1,2,['Driver'],['Shoulder_Lapbelt'],0,0,Valid,0.0,0.0,74.0,65.0,"['Male', 'Male', 'Female']",0,0,4,4,5,Dry,Straight,Level,Lowest,No
10339,12,Florida,122938,0,1,1,0,1,NOT APPLICABLE,December,7,Thursday,2,20,Rural,High Speed (Arterial),Yes,29.97151111,-82.10163056,Non-Intersection,Dark - Not Lighted,Clear,Unknown,Unknown,Unknown EMS Scene Arrival Hour,Unknown EMS Scene Arrival Minutes,Not Applicable (Not Transported),Not Applicable (Not Transported),1,Dark - Unlighted,Clear,1,0,['Driver'],['None_Used'],0,0,Valid,0.0,0.0,59.0,59.0,['Male'],0,0,2,4,3,Dry,Straight,Level,Lowest,No