,State_Code,State_Name,Crash_ID,Count_Non_Motorists,Count_Vehicles_Total,Count_Vehicle_Forms,Count_PVH_Involved,Count_Occupants_MV,City_Name,Month_Name,Day_of_Month,Day_of_Week,Crash_Hour,Crash_Minute,Area_Rural_Urban,Road_Functional_Class,On_NHS_Road,Latitude,Longitude,Intersection_Type,Light_Condition,Weather_Condition,Notif_Hour,Notif_Minute,Arrival_Hour,Arrival_Minute,Hospital_Hour,Hospital_Minute,Fatalities_Count,Clean_Light_Condition,Clean_Weather_Condition,Total_Killed,Total_Alive,Fatal_Seats_List,Killed_Restraint_List,Any_Driver_Drinking,Total_Drinking_Drivers,Driver_License_Category,Driver_Max_Prev_Accident_Count,Driver_Max_Prev_Speeding_Count,Max_Driver_Age,Min_Driver_Age,Driver_Sex_List,Total_Exceeding_Limit_Vehicles,Total_Too_Fast_Vehicles,Max_Vehicle_Type_Severity_5,Max_Vehicle_Damage_Rank,Max_Harmful_Event_Severity,Crash_Road_Surface_Condition,Crash_Horizontal_Alignment,Crash_Vertical_Profile,Crash_Impairment_Category,Crash_Vehicle_Defect
10340,12,Florida,122939,0,2,2,0,2,NOT APPLICABLE,December,1,Friday,17,20,Urban,Medium Speed (Collector),No,30.60361111,-87.14885,Simple Junction,Dark - Not Lighted,Cloudy,Unknown,Unknown,Unknown EMS Scene Arrival Hour,Unknown EMS Scene Arrival Minutes,Unknown,Unknown EMS Hospital Arrival Time,1,Dark - Unlighted,Reduced Visibility,1,1,['Driver'],['None_Used'],0,0,Valid,0.0,1.0,64.0,51.0,"['Female', 'Female']",0,0,5,4,5,Wet/Standing Water,Straight,Level,Lowest,No
10341,12,Florida,122940,0,1,1,0,1,NOT APPLICABLE,December,5,Tuesday,7,54,Urban,Medium Speed (Collector),No,30.53366389,-86.44003333,Non-Intersection,Daylight,Clear,Unknown,Unknown,Unknown EMS Scene Arrival Hour,Unknown EMS Scene Arrival Minutes,Not Applicable (Not Transported),Not Applicable (Not Transported),1,Daylight,Clear,1,0,['Driver'],['None_Used'],0,0,Valid,1.0,0.0,42.0,42.0,['Female'],0,0,2,4,3,Dry,Curve,Level,Lowest,No
10342,12,Florida,122941,0,2,2,0,3,NOT APPLICABLE,December,7,Thursday,13,51,Urban,High Speed (Arterial),Yes,28.09133056,-82.45155,Complex/Circle,Daylight,Clear,Unknown,Unknown,Unknown EMS Scene Arrival Hour,Unknown EMS Scene Arrival Minutes,Unknown,Unknown EMS Hospital Arrival Time,1,Daylight,Clear,1,2,['Front_Passenger'],['Shoulder_Lapbelt'],0,0,Valid,0.0,0.0,46.0,19.0,"['Female', 'Male']",0,0,4,4,5,Dry,Straight,Level,Lowest,No
10343,12,Florida,122944,1,1,1,0,1,FORT LAUDERDALE,December,2,Saturday,0,35,Rural,Medium Speed (Collector),No,26.13819167,-80.10395,Non-Intersection,Dark - Not Lighted,Clear,Unknown,Unknown,Unknown EMS Scene Arrival Hour,Unknown EMS Scene Arrival Minutes,Unknown,Unknown EMS Hospital Arrival Time,1,Dark - Unlighted,Clear,0,0,[],[],0,0,Invalid,0.0,0.0,998.0,998.0,['Other'],0,0,2,2,4,Dry,Straight,Level,Lowest,No
10344,12,Florida,122945,0,2,2,0,3,NOT APPLICABLE,December,5,Tuesday,11,56,Urban,Medium Speed (Collector),No,28.90293333,-81.76651111,Complex/Circle,Daylight,Clear,Unknown,Unknown,Unknown EMS Scene Arrival Hour,Unknown EMS Scene Arrival Minutes,Unknown,Unknown EMS Hospital Arrival Time,1,Daylight,Clear,1,2,['Driver'],['None_Used'],0,0,Valid,0.0,0.0,91.0,56.0,"['Male', 'Male']",0,0,5,4,5,Dry,Straight,Grade/Hillcrest,Lowest,No
10345,12,Florida,122946,0,2,2,0,4,DELRAY BEACH,December,8,Friday,19,31,Urban,Medium Speed (Collector),No,26.44647222,-80.06147222,Non-Intersection,Dark - Lighted,Clear,Unknown,Unknown,Unknown EMS Scene Arrival Hour,Unknown EMS Scene Arrival Minutes,Unknown,Unknown EMS Hospital Arrival Time,1,Dark - Lighted,Clear,1,3,['Driver'],['None_Used'],0,0,Valid,1.0,0.0,68.0,60.0,"['Male', 'Male']",0,0,5,4,5,Dry,Straight,Level,Lowest,No
10346,12,Florida,122947,1,1,1,0,1,FORT MYERS,December,9,Saturday,2,40,Rural,High Speed (Arterial),No,26.65791944,-81.84564167,Non-Intersection,Dark - Lighted,Clear,Unknown,Unknown,Unknown EMS Scene Arrival Hour,Unknown EMS Scene Arrival Minutes,Not Applicable (Not Transported),Not Applicable (Not Transported),1,Dark - Lighted,Clear,0,1,[],[],0,0,Invalid,0.0,0.0,25.0,25.0,['Male'],0,0,3,2,4,Dry,Straight,Level,Lowest,No
10347,12,Florida,122948,1,1,1,0,1,NOT APPLICABLE,December,10,Sunday,14,29,Urban,High Speed (Arterial),Yes,28.555275,-81.11187778,Complex/Circle,Daylight,Cloudy,Unknown,Unknown,Unknown EMS Scene Arrival Hour,Unknown EMS Scene Arrival Minutes,Unknown,Unknown EMS Hospital Arrival Time,1,Daylight,Reduced Visibility,0,1,[],[],0,0,Valid,0.0,0.0,49.0,49.0,['Male'],0,0,2,3,4,Dry,Straight,Level,Lowest,No
10348,12,Florida,122949,1,1,1,0,1,NOT APPLICABLE,December,12,Tuesday,18,51,Rural,Medium Speed (Collector),No,26.68217222,-81.882475,Non-Intersection,Dark - Lighted,Clear,Unknown,Unknown,Unknown EMS Scene Arrival Hour,Officially Cancelled,Unknown,Officially Canceled,1,Dark - Lighted,Clear,0,1,[],[],0,0,Valid,0.0,0.0,64.0,64.0,['Male'],0,0,3,4,4,Dry,Straight,Level,Lowest,No
10349,12,Florida,122950,0,1,1,0,1,NOT APPLICABLE,December,11,Monday,20,37,Rural,Low Speed (Local),No,27.8647,-82.21283056,Non-Intersection,Dark - Not Lighted,Clear,Unknown,Unknown,Unknown EMS Scene Arrival Hour,Unknown EMS Scene Arrival Minutes,Unknown,Unknown EMS Hospital Arrival Time,1,Dark - Unlighted,Clear,1,0,['Driver'],['None_Used'],1,1,Valid,1.0,0.0,34.0,34.0,['Male'],1,0,2,4,3,Dry,Curve,Level,Lowest,No
10350,12,Florida,122951,0,2,2,0,2,NOT APPLICABLE,December,9,Saturday,21,0,Rural,Low Speed (Local),No,26.69280556,-80.14031111,Complex/Circle,Dark - Lighted,Clear,Unknown,Unknown,Unknown EMS Scene Arrival Hour,Unknown EMS Scene Arrival Minutes,Unknown,Unknown EMS Hospital Arrival Time,1,Dark - Lighted,Clear,1,1,['Driver'],['None_Used'],0,0,Valid,0.0,1.0,25.0,21.0,"['Male', 'Female']",1,0,5,4,5,Dry,Straight,Level,Lowest,No
10351,12,Florida,122952,0,3,3,0,4,NOT APPLICABLE,December,11,Monday,9,40,Rural,Medium Speed (Collector),No,30.21621667,-82.37328611,Non-Intersection,Daylight,Clear,Unknown,Unknown,Unknown EMS Scene Arrival Hour,Unknown EMS Scene Arrival Minutes,Unknown,Unknown EMS Hospital Arrival Time,1,Daylight,Clear,1,3,['Driver'],['Shoulder_Lapbelt'],0,0,Invalid,0.0,1.0,39.0,20.0,"['Male', 'Female', 'Male']",0,0,3,4,5,Dry,Straight,Level,Lowest,No
10352,12,Florida,122953,0,3,3,0,4,NOT APPLICABLE,December,6,Wednesday,21,10,Urban,High Speed (Arterial),Yes,27.38881667,-82.45579167,Complex/Circle,Dark - Lighted,Clear,Unknown,Unknown,Unknown EMS Scene Arrival Hour,Unknown EMS Scene Arrival Minutes,Unknown,Unknown EMS Hospital Arrival Time,1,Dark - Lighted,Clear,1,3,['Driver'],['Shoulder_Lapbelt'],0,0,Valid,0.0,2.0,52.0,23.0,"['Male', 'Male', 'Male']",0,0,3,4,5,Dry,Straight,Level,Lowest,No
10353,12,Florida,122954,0,1,1,0,1,NOT APPLICABLE,November,15,Wednesday,12,15,Urban,High Speed (Arterial),Yes,25.83023611,-80.28955556,Simple Junction,Daylight,Rain,Unknown,Unknown,Unknown EMS Scene Arrival Hour,Unknown EMS Scene Arrival Minutes,Not Applicable (Not Transported),Not Applicable (Not Transported),1,Daylight,Rain/Wind/Minor,1,0,['Driver'],['Shoulder_Lapbelt'],0,0,Invalid,0.0,0.0,23.0,23.0,['Male'],0,0,2,4,3,Wet/Standing Water,Straight,Grade/Hillcrest,Lowest,No
10354,12,Florida,122955,0,1,1,0,1,NOT APPLICABLE,December,8,Friday,18,12,Rural,Low Speed (Local),No,27.446425,-82.45196389,Non-Intersection,Dark - Not Lighted,Clear,Unknown,Unknown,Unknown EMS Scene Arrival Hour,Officially Cancelled,Unknown,Officially Canceled,1,Dark - Unlighted,Clear,1,0,['Driver'],['None_Used'],1,1,Valid,2.0,3.0,23.0,23.0,['Male'],0,0,2,4,3,Dry,Curve,Level,Lowest,No
10355,12,Florida,122956,1,1,1,0,2,NOT APPLICABLE,December,10,Sunday,19,55,Urban,Medium Speed (Collector),No,27.89936944,-82.37043333,Non-Intersection,Dark - Unknown Lighting,Rain,Unknown,Unknown,Unknown EMS Scene Arrival Hour,Unknown EMS Scene Arrival Minutes,Unknown,Unknown EMS Hospital Arrival Time,1,Dark - Unlighted,Rain/Wind/Minor,0,2,[],[],0,0,Valid,0.0,0.0,19.0,19.0,['Female'],0,0,2,4,4,Wet/Standing Water,Curve,Level,Lowest,Yes
10356,12,Florida,122957,1,1,1,0,1,MIAMI GARDENS,October,30,Monday,20,38,Urban,Medium Speed (Collector),No,25.93102778,-80.27643611,Non-Intersection,Dark - Not Lighted,Clear,Unknown,Unknown,Unknown EMS Scene Arrival Hour,Unknown EMS Scene Arrival Minutes,Unknown,Unknown EMS Hospital Arrival Time,1,Dark - Unlighted,Clear,0,1,[],[],0,0,Valid,0.0,0.0,78.0,78.0,['Female'],0,0,3,2,4,Dry,Straight,Level,Lowest,No
10357,12,Florida,122958,1,1,1,0,1,CAPE CORAL,December,12,Tuesday,18,27,Urban,Medium Speed (Collector),No,26.56274167,-81.97403056,Simple Junction,Dark - Lighted,Clear,Unknown,Unknown,Unknown EMS Scene Arrival Hour,Unknown EMS Scene Arrival Minutes,Unknown,Unknown EMS Hospital Arrival Time,1,Dark - Lighted,Clear,0,1,[],[],0,0,Valid,0.0,0.0,47.0,47.0,['Male'],0,0,1,2,4,Dry,Straight,Level,Lowest,No
10358,12,Florida,122959,1,1,1,0,1,NOT APPLICABLE,December,11,Monday,17,31,Rural,Low Speed (Local),No,28.54608611,-81.52244167,Non-Intersection,Dusk,Clear,Unknown,Unknown,Unknown EMS Scene Arrival Hour,Unknown EMS Scene Arrival Minutes,Unknown,Unknown EMS Hospital Arrival Time,1,Twilight,Clear,0,1,[],[],0,0,Valid,0.0,2.0,43.0,43.0,['Male'],0,0,3,2,4,Dry,Straight,Level,Lowest,No
10359,12,Florida,122960,1,1,1,0,1,FORT LAUDERDALE,April,5,Wednesday,5,43,Urban,Medium Speed (Collector),No,26.15761111,-80.10116111,Non-Intersection,Dark - Not Lighted,Clear,Unknown,Unknown,Unknown EMS Scene Arrival Hour,Unknown EMS Scene Arrival Minutes,Unknown,Unknown EMS Hospital Arrival Time,1,Dark - Unlighted,Clear,0,1,[],[],0,0,Valid,0.0,0.0,58.0,58.0,['Male'],0,0,3,2,4,Dry,Straight,Level,Lowest,No
10360,12,Florida,122961,1,1,1,0,1,FORT LAUDERDALE,January,18,Wednesday,21,18,Rural,High Speed (Arterial),No,26.12227778,-80.15001111,Non-Intersection,Dark - Lighted,Clear,Unknown,Unknown,Unknown EMS Scene Arrival Hour,Unknown EMS Scene Arrival Minutes,Not Applicable (Not Transported),Not Applicable (Not Transported),1,Dark - Lighted,Clear,0,1,[],[],0,0,Valid,0.0,0.0,37.0,37.0,['Female'],0,0,2,3,4,Dry,Straight,Level,Lowest,No
10361,12,Florida,122962,1,1,1,0,1,FORT LAUDERDALE,February,10,Friday,21,20,Urban,Medium Speed (Collector),No,26.14945,-80.15427778,Non-Intersection,Dark - Lighted,Clear,Unknown,Unknown,Unknown EMS Scene Arrival Hour,Unknown EMS Scene Arrival Minutes,Not Applicable (Not Transported),Not Applicable (Not Transported),1,Dark - Lighted,Clear,0,1,[],[],0,0,Valid,0.0,0.0,25.0,25.0,['Male'],0,0,2,4,4,Dry,Straight,Level,Lowest,No
10362,12,Florida,122963,2,1,1,0,2,FORT LAUDERDALE,March,12,Sunday,19,50,Rural,High Speed (Arterial),Yes,26.16949722,-80.11864722,Non-Intersection,Dusk,Clear,Unknown,Unknown,Unknown EMS Scene Arrival Hour,Unknown EMS Scene Arrival Minutes,Unknown,Unknown EMS Hospital Arrival Time,1,Twilight,Clear,0,2,[],[],0,0,Valid,0.0,0.0,17.0,17.0,['Male'],0,0,3,3,4,Dry,Straight,Level,Lowest,No
10363,12,Florida,122964,1,1,1,0,1,NOT APPLICABLE,September,26,Tuesday,1,15,Urban,High Speed (Arterial),Yes,28.36471944,-81.51588889,Non-Intersection,Dark - Unknown Lighting,Clear,Unknown,Unknown,Unknown EMS Scene Arrival Hour,Unknown EMS Scene Arrival Minutes,Not Applicable (Not Transported),Not Applicable (Not Transported),1,Dark - Unlighted,Clear,0,1,[],[],0,0,Valid,0.0,0.0,52.0,52.0,['Male'],0,0,4,4,4,Dry,Straight,Level,Lowest,No
10364,12,Florida,122965,0,1,1,0,1,FORT LAUDERDALE,October,1,Sunday,5,45,Urban,High Speed (Arterial),Yes,26.16588889,-80.16021111,Non-Intersection,Dark - Lighted,Rain,Unknown,Unknown,Unknown EMS Scene Arrival Hour,Unknown EMS Scene Arrival Minutes,Not Applicable (Not Transported),Not Applicable (Not Transported),1,Dark - Lighted,Rain/Wind/Minor,1,0,['Driver'],['Shoulder_Lapbelt'],0,0,Valid,0.0,0.0,25.0,25.0,['Female'],0,0,3,4,3,Wet/Standing Water,Straight,Grade/Hillcrest,Lowest,No
10365,12,Florida,122966,0,3,3,0,3,CLEARWATER,October,8,Sunday,15,1,Urban,High Speed (Arterial),Yes,27.96318889,-82.68026944,Non-Intersection,Daylight,Clear,Unknown,Unknown,Unknown EMS Scene Arrival Hour,Unknown EMS Scene Arrival Minutes,Unknown,Unknown EMS Hospital Arrival Time,2,Daylight,Clear,2,1,"['Driver', 'Driver']","['None_Used', 'None_Used']",0,0,Valid,1.0,0.0,51.0,26.0,"['Male', 'Male', 'Female']",1,0,5,4,5,Dry,Straight,Grade/Hillcrest,Lowest,No
10366,12,Florida,122967,0,2,2,0,4,NORTH MIAMI,October,11,Wednesday,15,7,Urban,Medium Speed (Collector),No,25.89993333,-80.15655833,Non-Intersection,Daylight,Clear,Unknown,Unknown,Unknown EMS Scene Arrival Hour,Unknown EMS Scene Arrival Minutes,Not Applicable (Not Transported),Not Applicable (Not Transported),1,Daylight,Clear,1,3,['Driver'],['None_Used'],0,0,Valid,1.0,0.0,40.0,24.0,"['Male', 'Female']",0,0,5,4,5,Dry,Straight,Level,Lowest,No
10367,12,Florida,122968,0,1,1,0,1,FORT LAUDERDALE,October,13,Friday,12,55,Rural,High Speed (Arterial),Yes,26.16649444,-80.82795833,Non-Intersection,Daylight,Cloudy,Unknown,Unknown,Unknown EMS Scene Arrival Hour,Unknown EMS Scene Arrival Minutes,Unknown,Unknown EMS Hospital Arrival Time,1,Daylight,Reduced Visibility,1,0,['Driver'],['Shoulder_Lapbelt'],0,0,Valid,0.0,0.0,60.0,60.0,['Male'],0,0,2,4,2,Dry,Straight,Level,Lowest,No
10368,12,Florida,122969,1,1,1,0,0,PEMBROKE PINES,October,21,Saturday,11,18,Urban,Low Speed (Local),No,26.00735556,-80.36512222,Non-Intersection,Daylight,Clear,Unknown,Unknown,Unknown EMS Scene Arrival Hour,Unknown EMS Scene Arrival Minutes,Unknown,Unknown EMS Hospital Arrival Time,1,Daylight,Clear,0,0,[],[],0,0,Valid,0.0,0.0,49.0,34.0,Other,0,0,4,2,4,Dry,Straight,Level,Lowest,No
10369,12,Florida,122970,1,1,1,0,1,MELBOURNE,October,5,Thursday,12,52,Urban,Medium Speed (Collector),No,28.17218333,-80.67193611,Complex/Circle,Daylight,Cloudy,Unknown,Unknown,Unknown EMS Scene Arrival Hour,Unknown EMS Scene Arrival Minutes,Unknown,Unknown EMS Hospital Arrival Time,1,Daylight,Reduced Visibility,0,1,[],[],0,0,Valid,0.0,0.0,61.0,61.0,['Male'],0,0,4,1,4,Dry,Straight,Level,Lowest,Yes
10370,12,Florida,122971,0,2,2,0,4,EUSTIS,November,18,Saturday,12,4,Rural,Low Speed (Local),No,28.84013889,-81.68656667,Complex/Circle,Daylight,Clear,Unknown,Unknown,Unknown EMS Scene Arrival Hour,Unknown EMS Scene Arrival Minutes,Unknown,Unknown EMS Hospital Arrival Time,1,Daylight,Clear,1,3,['Driver'],['None_Used'],0,0,Valid,0.0,0.0,31.0,19.0,"['Male', 'Male']",0,0,5,4,5,Dry,Straight,Level,Lowest,No
10371,12,Florida,122972,1,3,3,0,3,NEW SMYRNA BEACH,November,30,Thursday,17,50,Urban,High Speed (Arterial),Yes,29.01608611,-80.93819167,Non-Intersection,Dark - Lighted,Clear,Unknown,Unknown,Unknown EMS Scene Arrival Hour,Unknown EMS Scene Arrival Minutes,Unknown,Unknown EMS Hospital Arrival Time,1,Dark - Lighted,Clear,0,3,[],[],0,0,Valid,1.0,0.0,32.0,17.0,"['Female', 'Female', 'Female']",0,0,3,3,5,Dry,Straight,Level,Lowest,No
10372,12,Florida,122973,0,2,2,0,2,DELAND,December,14,Thursday,18,17,Urban,High Speed (Arterial),Yes,29.05483889,-81.29602222,Complex/Circle,Dark - Lighted,Cloudy,Unknown,Unknown,Unknown EMS Scene Arrival Hour,Officially Cancelled,Unknown,Officially Canceled,1,Dark - Lighted,Reduced Visibility,1,1,['Driver'],['None_Used'],0,0,Invalid,0.0,0.0,46.0,23.0,"['Male', 'Male']",1,0,5,4,5,Dry,Straight,Level,Lowest,No
10373,12,Florida,122974,0,3,3,0,5,DAYTONA BEACH,December,15,Friday,22,34,Rural,High Speed (Arterial),Yes,29.22649722,-81.03121667,Complex/Circle,Dark - Lighted,Clear,Unknown,Unknown,Unknown EMS Scene Arrival Hour,Unknown EMS Scene Arrival Minutes,Unknown,Unknown EMS Hospital Arrival Time,1,Dark - Lighted,Clear,1,4,['Driver'],['None_Used'],0,0,Invalid,0.0,0.0,73.0,36.0,"['Male', 'Male', 'Male']",0,0,3,4,5,Dry,Straight,Level,Lowest,Yes
10374,12,Florida,122975,0,1,1,0,1,NOT APPLICABLE,December,7,Thursday,3,28,Rural,Low Speed (Local),No,28.38578056,-81.50158889,Non-Intersection,Dark - Lighted,Clear,Unknown,Unknown,Unknown EMS Scene Arrival Hour,Unknown EMS Scene Arrival Minutes,Unknown,Unknown EMS Hospital Arrival Time,1,Dark - Lighted,Clear,1,0,['Driver'],['None_Used'],0,0,Valid,0.0,0.0,32.0,32.0,['Female'],0,0,5,3,2,Dry,Curve,Level,Lowest,No
10375,12,Florida,122976,1,1,1,0,1,NOT APPLICABLE,December,14,Thursday,6,15,Urban,Medium Speed (Collector),No,28.37340278,-82.64734167,Non-Intersection,Dark - Not Lighted,Clear,6:00am-6:59am,16,6:00am-6:59am,25,Unknown,Unknown EMS Hospital Arrival Time,1,Dark - Unlighted,Clear,0,1,[],[],0,0,Valid,0.0,0.0,31.0,31.0,['Male'],0,0,2,4,4,Dry,Straight,Level,Lowest,No
10376,12,Florida,122977,0,3,3,0,4,NOT APPLICABLE,December,4,Monday,23,5,Urban,Medium Speed (Collector),No,28.52410833,-81.35166111,Complex/Circle,Dark - Lighted,Clear,Unknown,Unknown,Unknown EMS Scene Arrival Hour,Unknown EMS Scene Arrival Minutes,Unknown,Unknown EMS Hospital Arrival Time,1,Dark - Lighted,Clear,1,3,['Driver'],['None_Used'],0,0,Valid,1.0,0.0,51.0,33.0,"['Female', 'Male', 'Male']",0,0,5,4,5,Dry,Straight,Level,Lowest,No
10377,12,Florida,122978,0,1,1,0,3,NOT APPLICABLE,December,11,Monday,17,12,Rural,High Speed (Arterial),Yes,28.46788611,-81.39664722,Non-Intersection,Daylight,Clear,Unknown,Unknown,Unknown EMS Scene Arrival Hour,Unknown EMS Scene Arrival Minutes,Unknown,Unknown EMS Hospital Arrival Time,1,Daylight,Clear,1,2,['Front_Passenger'],['Shoulder_Lapbelt'],0,0,Valid,0.0,0.0,40.0,40.0,['Female'],0,0,3,4,3,Dry,Straight,Level,Lowest,No
10378,12,Florida,122979,1,1,1,0,3,NOT APPLICABLE,December,9,Saturday,15,46,Urban,Medium Speed (Collector),No,28.08577222,-82.45951389,Simple Junction,Daylight,Clear,Unknown,Unknown,Unknown EMS Scene Arrival Hour,Unknown EMS Scene Arrival Minutes,Unknown,Unknown EMS Hospital Arrival Time,1,Daylight,Clear,0,3,[],[],0,0,Valid,0.0,0.0,35.0,35.0,['Male'],0,0,3,3,4,Dry,Straight,Grade/Hillcrest,Lowest,No
10379,12,Florida,122980,0,2,2,0,7,NOT APPLICABLE,December,14,Thursday,17,20,Rural,High Speed (Arterial),Yes,30.52043056,-84.05423056,Simple Junction,Dusk,Cloudy,Unknown,Unknown,Unknown EMS Scene Arrival Hour,Unknown EMS Scene Arrival Minutes,Unknown,Unknown EMS Hospital Arrival Time,1,Twilight,Reduced Visibility,1,6,['Driver'],['Shoulder_Only'],0,0,Valid,0.0,0.0,63.0,28.0,"['Male', 'Male']",0,0,3,4,5,Dry,Straight,Level,Lowest,No
10380,12,Florida,122981,0,2,2,0,3,NOT APPLICABLE,November,22,Wednesday,17,7,Urban,High Speed (Arterial),Yes,27.58690278,-80.39475278,Simple Junction,Dark - Lighted,Clear,Unknown,Unknown,Unknown EMS Scene Arrival Hour,Unknown EMS Scene Arrival Minutes,Unknown,Unknown EMS Hospital Arrival Time,1,Dark - Lighted,Clear,1,2,['Driver'],['None_Used'],0,0,Valid,0.0,0.0,38.0,31.0,"['Male', 'Male']",0,0,5,4,5,Dry,Straight,Level,Lowest,No
10381,12,Florida,122982,0,2,2,0,3,CLEARWATER,November,18,Saturday,21,9,Urban,High Speed (Arterial),Yes,27.96311111,-82.80316111,Non-Intersection,Dark - Lighted,Clear,Unknown,Unknown,Unknown EMS Scene Arrival Hour,Unknown EMS Scene Arrival Minutes,Unknown,Unknown EMS Hospital Arrival Time,1,Dark - Lighted,Clear,1,2,['Driver'],['None_Used'],1,1,Valid,0.0,0.0,81.0,32.0,"['Male', 'Male']",0,0,5,4,5,Dry,Curve,Grade/Hillcrest,Lowest,No
10382,12,Florida,122983,0,2,2,0,2,NOT APPLICABLE,December,7,Thursday,21,20,Urban,High Speed (Arterial),Yes,28.19846667,-82.64535,Non-Intersection,Dark - Lighted,Clear,Unknown,Unknown,Unknown EMS Scene Arrival Hour,Unknown EMS Scene Arrival Minutes,Unknown,Unknown EMS Hospital Arrival Time,1,Dark - Lighted,Clear,1,1,['Driver'],['None_Used'],1,1,Valid,1.0,0.0,30.0,25.0,"['Female', 'Male']",0,0,3,4,5,Dry,Straight,Level,Lowest,No
10383,12,Florida,122984,0,2,2,0,3,NOT APPLICABLE,December,9,Saturday,18,55,Rural,Medium Speed (Collector),No,28.92740278,-82.59296111,Non-Intersection,Dark - Not Lighted,Clear,6:00pm-6:59pm,57,7:00pm-7:59pm,4,Not Applicable (Not Transported),Not Applicable (Not Transported),3,Dark - Unlighted,Clear,3,0,"['Driver', 'Front_Passenger', 'Driver']","['None_Used', 'Shoulder_Lapbelt', 'Shoulder_Lapbelt']",0,0,Valid,1.0,0.0,65.0,17.0,"['Male', 'Male']",0,0,3,4,5,Dry,Curve,Level,Lowest,No
10384,12,Florida,122985,0,1,1,0,1,NOT APPLICABLE,December,13,Wednesday,19,0,Rural,Low Speed (Local),No,29.149925,-82.05434722,Non-Intersection,Dark - Not Lighted,Cloudy,Unknown,Unknown,Unknown EMS Scene Arrival Hour,Unknown EMS Scene Arrival Minutes,Unknown,Unknown EMS Hospital Arrival Time,1,Dark - Unlighted,Reduced Visibility,1,0,['Driver'],['None_Used'],0,0,Valid,0.0,0.0,48.0,48.0,['Male'],0,0,5,3,2,Dry,Straight,Level,Lowest,No
10385,12,Florida,122986,0,1,1,0,1,NOT APPLICABLE,December,16,Saturday,12,40,Rural,High Speed (Arterial),Yes,30.09028333,-81.519825,Non-Intersection,Daylight,Rain,Unknown,Unknown,Unknown EMS Scene Arrival Hour,Unknown EMS Scene Arrival Minutes,Not Applicable (Not Transported),Not Applicable (Not Transported),1,Daylight,Rain/Wind/Minor,1,0,['Driver'],['None_Used'],0,0,Valid,0.0,0.0,22.0,22.0,['Male'],0,0,5,4,2,Wet/Standing Water,Curve,Grade/Hillcrest,Lowest,No
10386,12,Florida,122987,0,1,1,0,1,NOT APPLICABLE,December,13,Wednesday,19,10,Rural,Medium Speed (Collector),No,30.32043333,-85.00838611,Simple Junction,Dark - Not Lighted,Clear,Unknown,Unknown,Unknown EMS Scene Arrival Hour,Unknown EMS Scene Arrival Minutes,Not Applicable (Not Transported),Not Applicable (Not Transported),1,Dark - Unlighted,Clear,1,0,['Driver'],['None_Used'],0,0,Valid,0.0,0.0,27.0,27.0,['Female'],1,0,3,4,3,Dry,Curve,Level,Lowest,No
10387,12,Florida,122988,1,2,2,0,3,JACKSONVILLE,December,18,Monday,4,45,Urban,Medium Speed (Collector),Yes,30.34991111,-81.73101667,Non-Intersection,Dark - Not Lighted,Clear,Unknown,Unknown,Unknown EMS Scene Arrival Hour,Unknown EMS Scene Arrival Minutes,Unknown,Unknown EMS Hospital Arrival Time,1,Dark - Unlighted,Clear,0,3,[],[],0,0,Valid,1.0,1.0,37.0,27.0,"['Female', 'Female']",0,0,3,3,5,Dry,Straight,Level,Lowest,No
10388,12,Florida,122989,0,2,2,0,2,NOT APPLICABLE,November,26,Sunday,10,51,Rural,Medium Speed (Collector),No,27.06813611,-81.96579167,Complex/Circle,Daylight,Clear,Unknown,Unknown,Unknown EMS Scene Arrival Hour,Unknown EMS Scene Arrival Minutes,Unknown,Unknown EMS Hospital Arrival Time,1,Daylight,Clear,1,1,['Driver'],['None_Used'],0,0,Valid,0.0,0.0,77.0,45.0,"['Male', 'Male']",0,0,5,4,5,Dry,Straight,Level,Lowest,No
10389,12,Florida,122990,1,2,2,0,1,NORTH LAUDERDALE,July,8,Saturday,20,57,Rural,Low Speed (Local),No,26.20854167,-80.20770556,Non-Intersection,Other,Other,Unknown,Unknown,Unknown EMS Scene Arrival Hour,Unknown EMS Scene Arrival Minutes,Unknown,Unknown EMS Hospital Arrival Time,1,Dark - Unlighted,Reduced Visibility,0,1,[],[],0,0,Valid,0.0,0.0,38.0,38.0,['Female'],0,0,4,4,5,Dry,Straight,Level,Lowest,Yes
10390,12,Florida,122991,0,2,2,0,2,PORT RICHEY,December,7,Thursday,16,36,Urban,Medium Speed (Collector),No,28.28053889,-82.71558889,Complex/Circle,Daylight,Clear,Unknown,Unknown,Unknown EMS Scene Arrival Hour,Unknown EMS Scene Arrival Minutes,Unknown,Unknown EMS Hospital Arrival Time,1,Daylight,Clear,1,1,['Driver'],['None_Used'],0,0,Valid,0.0,0.0,67.0,45.0,"['Male', 'Male']",0,0,5,4,5,Dry,Straight,Level,Lowest,No
10391,12,Florida,122992,0,2,2,0,4,NOT APPLICABLE,October,25,Wednesday,15,11,Rural,High Speed (Arterial),Yes,29.48459167,-81.56389722,Complex/Circle,Daylight,Clear,Unknown,Unknown,Unknown EMS Scene Arrival Hour,Unknown EMS Scene Arrival Minutes,Unknown,Unknown EMS Hospital Arrival Time,1,Daylight,Clear,1,3,['Driver'],['None_Used'],1,1,Invalid,0.0,1.0,71.0,38.0,"['Male', 'Female']",0,0,5,4,5,Dry,Straight,Level,Lowest,No