,State_Code,State_Name,Crash_ID,Count_Non_Motorists,Count_Vehicles_Total,Count_Vehicle_Forms,Count_PVH_Involved,Count_Occupants_MV,City_Name,Month_Name,Day_of_Month,Day_of_Week,Crash_Hour,Crash_Minute,Area_Rural_Urban,Road_Functional_Class,On_NHS_Road,Latitude,Longitude,Intersection_Type,Light_Condition,Weather_Condition,Notif_Hour,Notif_Minute,Arrival_Hour,Arrival_Minute,Hospital_Hour,Hospital_Minute,Fatalities_Count,Clean_Light_Condition,Clean_Weather_Condition,Total_Killed,Total_Alive,Fatal_Seats_List,Killed_Restraint_List,Any_Driver_Drinking,Total_Drinking_Drivers,Driver_License_Category,Driver_Max_Prev_Accident_Count,Driver_Max_Prev_Speeding_Count,Max_Driver_Age,Min_Driver_Age,Driver_Sex_List,Total_Exceeding_Limit_Vehicles,Total_Too_Fast_Vehicles,Max_Vehicle_Type_Severity_5,Max_Vehicle_Damage_Rank,Max_Harmful_Event_Severity,Crash_Road_Surface_Condition,Crash_Horizontal_Alignment,Crash_Vertical_Profile,Crash_Impairment_Category,Crash_Vehicle_Defect
10392,12,Florida,122993,0,1,1,0,1,FLORIDA CITY,October,19,Thursday,13,18,Rural,Low Speed (Local),No,25.45281667,-80.48341111,Non-Intersection,Daylight,Clear,Unknown,Unknown,Unknown EMS Scene Arrival Hour,Unknown EMS Scene Arrival Minutes,Not Applicable (Not Transported),Not Applicable (Not Transported),1,Daylight,Clear,1,0,['Driver'],['None_Used'],0,0,Valid,0.0,0.0,17.0,17.0,['Male'],0,0,2,4,3,Dry,Straight,Level,Lowest,No
10393,12,Florida,122994,1,1,1,0,1,PALM BAY,November,29,Wednesday,18,38,Rural,Low Speed (Local),No,27.95082778,-80.65843333,Non-Intersection,Dark - Lighted,Clear,Unknown,Unknown,Unknown EMS Scene Arrival Hour,Unknown EMS Scene Arrival Minutes,Not Applicable (Not Transported),Not Applicable (Not Transported),1,Dark - Lighted,Clear,0,1,[],[],0,0,Valid,0.0,0.0,51.0,51.0,['Male'],0,0,3,2,4,Dry,Straight,Level,Lowest,No
10394,12,Florida,122995,1,1,1,0,4,CRYSTAL RIVER,October,18,Wednesday,20,12,Urban,High Speed (Arterial),Yes,28.89841944,-82.58071944,Complex/Circle,Dark - Lighted,Clear,Unknown,Unknown,Unknown EMS Scene Arrival Hour,Unknown EMS Scene Arrival Minutes,Unknown,Unknown EMS Hospital Arrival Time,1,Dark - Lighted,Clear,0,4,[],[],0,0,Valid,0.0,0.0,61.0,61.0,['Male'],0,0,2,3,4,Dry,Straight,Level,Lowest,No
10395,12,Florida,122997,0,4,2,2,4,MIAMI GARDENS,December,10,Sunday,18,2,Rural,Low Speed (Local),No,25.94670556,-80.20935278,Complex/Circle,Dusk,Clear,Unknown,Unknown,Unknown EMS Scene Arrival Hour,Unknown EMS Scene Arrival Minutes,Unknown,Unknown EMS Hospital Arrival Time,1,Twilight,Clear,1,3,['Driver'],['Shoulder_Lapbelt'],1,1,Invalid,4.0,0.0,45.0,24.0,"['Male', 'Male']",3,0,3,4,5,Dry,Straight,Level,Lowest,No
10396,12,Florida,122998,1,1,1,0,1,TARPON SPRINGS,December,4,Monday,14,10,Rural,Low Speed (Local),No,28.14135833,-82.74721667,Simple Junction,Daylight,Clear,Unknown,Unknown,Unknown EMS Scene Arrival Hour,Unknown EMS Scene Arrival Minutes,Unknown,Unknown EMS Hospital Arrival Time,1,Daylight,Clear,0,1,[],[],0,0,Valid,0.0,0.0,66.0,66.0,['Male'],0,0,2,3,4,Dry,Straight,Level,Lowest,No
10397,12,Florida,122999,0,1,1,0,2,PLANTATION,November,23,Thursday,21,40,Rural,Medium Speed (Collector),No,26.11188611,-80.28465278,Non-Intersection,Dark - Lighted,Clear,Unknown,Unknown,Unknown EMS Scene Arrival Hour,Unknown EMS Scene Arrival Minutes,Unknown,Unknown EMS Hospital Arrival Time,1,Dark - Lighted,Clear,1,1,['Driver'],['None_Used'],0,0,Valid,0.0,0.0,23.0,23.0,['Male'],2,0,2,4,3,Dry,Curve,Level,Lowest,No
10398,12,Florida,123000,0,1,1,0,2,NOT APPLICABLE,November,24,Friday,23,40,Rural,Medium Speed (Collector),No,30.16841111,-81.85155,Non-Intersection,Dark - Not Lighted,Clear,Unknown,Unknown,Unknown EMS Scene Arrival Hour,Unknown EMS Scene Arrival Minutes,Not Applicable (Not Transported),Not Applicable (Not Transported),2,Dark - Unlighted,Clear,2,0,"['Driver', 'Front_Passenger']","['None_Used', 'None_Used']",0,0,Valid,0.0,0.0,17.0,17.0,['Female'],0,0,2,4,3,Dry,Curve,Level,Lowest,No
10399,12,Florida,123002,1,1,1,0,4,NOT APPLICABLE,December,1,Friday,19,15,Urban,Medium Speed (Collector),No,29.08348611,-81.06839444,Non-Intersection,Dark - Not Lighted,Clear,Unknown,Unknown,Unknown EMS Scene Arrival Hour,Unknown EMS Scene Arrival Minutes,Not Applicable (Not Transported),Not Applicable (Not Transported),1,Dark - Unlighted,Clear,0,4,[],[],0,0,Valid,0.0,1.0,25.0,25.0,['Male'],0,0,3,3,4,Dry,Straight,Level,Lowest,No
10400,12,Florida,123003,1,1,1,0,1,ORLANDO,December,7,Thursday,5,58,Rural,High Speed (Arterial),No,28.55289722,-81.41631111,Non-Intersection,Dark - Lighted,Clear,Unknown,Unknown,Unknown EMS Scene Arrival Hour,Unknown EMS Scene Arrival Minutes,Unknown,Unknown EMS Hospital Arrival Time,1,Dark - Lighted,Clear,0,1,[],[],0,0,Invalid,0.0,0.0,41.0,41.0,['Male'],0,0,3,3,4,Dry,Straight,Level,Lowest,No
10401,12,Florida,123004,0,1,1,0,1,DELTONA,December,8,Friday,12,55,Urban,High Speed (Arterial),Yes,28.95128611,-81.25677778,Non-Intersection,Daylight,Clear,Unknown,Unknown,Unknown EMS Scene Arrival Hour,Officially Cancelled,Unknown,Officially Canceled,1,Daylight,Clear,1,0,['Driver'],['Shoulder_Lapbelt'],0,0,Valid,1.0,0.0,65.0,65.0,['Male'],0,0,3,4,3,Dry,Curve,Level,Medium,No
10402,12,Florida,123005,0,2,2,0,2,PANAMA CITY,December,14,Thursday,13,45,Urban,High Speed (Arterial),Yes,30.1751,-85.64762222,Non-Intersection,Daylight,Clear,Unknown,Unknown,Unknown EMS Scene Arrival Hour,Unknown EMS Scene Arrival Minutes,Unknown,Unknown EMS Hospital Arrival Time,1,Daylight,Clear,1,1,['Driver'],['None_Used'],0,0,Valid,0.0,0.0,64.0,63.0,"['Male', 'Female']",0,0,5,4,5,Dry,Straight,Level,Lowest,No
10403,12,Florida,123006,0,3,1,2,1,POMPANO BEACH,December,16,Saturday,15,27,Urban,Medium Speed (Collector),No,26.21555556,-80.13114444,Non-Intersection,Daylight,Clear,Unknown,Unknown,Unknown EMS Scene Arrival Hour,Unknown EMS Scene Arrival Minutes,Unknown,Unknown EMS Hospital Arrival Time,1,Daylight,Clear,1,0,['Driver'],['None_Used'],0,0,Invalid,0.0,0.0,18.0,18.0,['Male'],0,0,2,4,5,Dry,Straight,Level,Lowest,No
10404,12,Florida,123007,1,1,1,0,1,NORTH LAUDERDALE,December,18,Monday,19,26,Rural,High Speed (Arterial),No,26.19209167,-80.20385278,Non-Intersection,Dark - Lighted,Clear,Unknown,Unknown,Unknown EMS Scene Arrival Hour,Unknown EMS Scene Arrival Minutes,Unknown,Unknown EMS Hospital Arrival Time,1,Dark - Lighted,Clear,0,1,[],[],0,0,Valid,0.0,0.0,76.0,76.0,['Female'],0,0,2,4,4,Dry,Straight,Level,Lowest,No
10405,12,Florida,123008,0,3,3,0,4,SAINT PETERSBURG,July,24,Monday,16,50,Rural,Low Speed (Local),No,27.79181389,-82.69592222,Complex/Circle,Daylight,Clear,Unknown,Unknown,Unknown EMS Scene Arrival Hour,Unknown EMS Scene Arrival Minutes,Unknown,Unknown EMS Hospital Arrival Time,1,Daylight,Clear,1,3,['Driver'],['Shoulder_Lapbelt'],0,0,Valid,0.0,0.0,67.0,61.0,"['Male', 'Female', 'Male']",1,0,3,4,5,Dry,Straight,Level,Lowest,No
10406,12,Florida,123009,1,1,1,0,1,TAMARAC,December,19,Tuesday,21,38,Rural,High Speed (Arterial),No,26.18646944,-80.19225833,Non-Intersection,Dusk,Clear,Unknown,Unknown,Unknown EMS Scene Arrival Hour,Unknown EMS Scene Arrival Minutes,Not Applicable (Not Transported),Not Applicable (Not Transported),1,Twilight,Clear,0,1,[],[],0,0,Valid,0.0,0.0,20.0,20.0,['Male'],0,0,3,2,4,Dry,Straight,Level,Lowest,No
10407,12,Florida,123010,1,1,1,0,2,NOT APPLICABLE,December,19,Tuesday,20,45,Urban,Medium Speed (Collector),No,28.04291111,-82.33370278,Non-Intersection,Dark - Lighted,Clear,Unknown,Unknown,Unknown EMS Scene Arrival Hour,Unknown EMS Scene Arrival Minutes,Not Applicable (Not Transported),Not Applicable (Not Transported),1,Dark - Lighted,Clear,0,2,[],[],1,1,Valid,0.0,0.0,34.0,34.0,['Female'],0,0,3,4,4,Dry,Straight,Level,Lowest,No
10408,12,Florida,123011,0,2,2,0,3,NAPLES,December,15,Friday,17,47,Urban,High Speed (Arterial),Yes,26.20300556,-81.80035,Complex/Circle,Dark - Lighted,Cloudy,Unknown,Unknown,Unknown EMS Scene Arrival Hour,Unknown EMS Scene Arrival Minutes,Unknown,Unknown EMS Hospital Arrival Time,1,Dark - Lighted,Reduced Visibility,1,2,['Front_Passenger'],['Shoulder_Lapbelt'],0,0,Valid,0.0,0.0,68.0,18.0,"['Male', 'Male']",0,0,2,4,5,Wet/Standing Water,Straight,Level,Lowest,No
10409,12,Florida,123012,0,2,2,0,2,LAKE WALES,November,27,Monday,19,21,Rural,High Speed (Arterial),Yes,27.85205833,-81.585675,Complex/Circle,Dusk,Clear,Unknown,Unknown,Unknown EMS Scene Arrival Hour,Unknown EMS Scene Arrival Minutes,Unknown,Unknown EMS Hospital Arrival Time,1,Twilight,Clear,1,1,['Driver'],['Shoulder_Lapbelt'],0,0,Valid,0.0,0.0,76.0,34.0,"['Male', 'Male']",0,0,4,4,5,Dry,Straight,Level,Lowest,No
10410,12,Florida,123013,1,3,3,0,3,PALM BAY,December,11,Monday,21,46,Urban,Medium Speed (Collector),No,27.91473611,-80.62308611,Non-Intersection,Dark - Not Lighted,Clear,Unknown,Unknown,Unknown EMS Scene Arrival Hour,Officially Cancelled,Unknown,Officially Canceled,1,Dark - Unlighted,Clear,0,3,[],[],0,0,Invalid,0.0,0.0,999.0,31.0,"['Other', 'Male', 'Male']",0,0,3,3,4,Dry,Straight,Level,Lowest,No
10411,12,Florida,123014,0,3,3,0,3,NOT APPLICABLE,December,12,Tuesday,18,40,Urban,High Speed (Arterial),Yes,26.65703611,-81.79966111,Non-Intersection,Daylight,Clear,Unknown,Unknown,Unknown EMS Scene Arrival Hour,Unknown EMS Scene Arrival Minutes,Not Applicable (Not Transported),Not Applicable (Not Transported),1,Daylight,Clear,1,2,['Driver'],['Shoulder_Lapbelt'],0,0,Valid,1.0,2.0,55.0,28.0,"['Male', 'Male', 'Male']",0,0,4,4,5,Dry,Straight,Level,Lowest,No
10412,12,Florida,123015,1,1,1,0,1,NOT APPLICABLE,December,13,Wednesday,20,9,Urban,Medium Speed (Collector),No,30.46445,-87.25038889,Complex/Circle,Dark - Lighted,Clear,Unknown,Unknown,Unknown EMS Scene Arrival Hour,Unknown EMS Scene Arrival Minutes,Unknown,Unknown EMS Hospital Arrival Time,1,Dark - Lighted,Clear,0,1,[],[],0,0,Valid,0.0,0.0,29.0,29.0,['Male'],0,0,5,4,4,Dry,Straight,Level,Lowest,No
10413,12,Florida,123016,0,2,2,0,4,PALM BAY,December,16,Saturday,20,45,Rural,High Speed (Arterial),Yes,28.02068056,-80.57228056,Non-Intersection,Dark - Not Lighted,Rain,Unknown,Unknown,Unknown EMS Scene Arrival Hour,Unknown EMS Scene Arrival Minutes,Not Applicable (Not Transported),Not Applicable (Not Transported),1,Dark - Unlighted,Rain/Wind/Minor,1,3,['Driver'],['None_Used'],0,0,Valid,1.0,5.0,30.0,25.0,"['Female', 'Male']",0,0,5,4,5,Dry,Straight,Non-Trafficway,Lowest,No
10414,12,Florida,123017,0,1,1,0,2,JACKSONVILLE,November,27,Monday,16,0,Rural,Low Speed (Local),No,30.30751667,-81.77471944,Non-Intersection,Daylight,Clear,Unknown,Unknown,Unknown EMS Scene Arrival Hour,Unknown EMS Scene Arrival Minutes,Unknown,Unknown EMS Hospital Arrival Time,1,Daylight,Clear,1,1,['Front_Passenger'],['Shoulder_Lapbelt'],0,0,Invalid,1.0,0.0,70.0,70.0,['Male'],0,0,3,4,3,Dry,Curve,Level,Lowest,No
10415,12,Florida,123018,0,1,1,0,3,WEST PALM BEACH,December,18,Monday,0,8,Urban,Medium Speed (Collector),No,26.73400278,-80.08993611,Non-Intersection,Dark - Lighted,Clear,Unknown,Unknown,Unknown EMS Scene Arrival Hour,Unknown EMS Scene Arrival Minutes,Unknown,Unknown EMS Hospital Arrival Time,1,Dark - Lighted,Clear,1,2,['Rear_Seat'],['Shoulder_Lapbelt'],0,0,Invalid,0.0,0.0,17.0,17.0,['Male'],0,0,2,4,3,Dry,Straight,Level,Lowest,No
10416,12,Florida,123019,2,1,1,0,1,MELBOURNE,December,3,Sunday,18,23,Urban,Medium Speed (Collector),No,28.07454722,-80.63790278,Non-Intersection,Dark - Lighted,Clear,Unknown,Unknown,Unknown EMS Scene Arrival Hour,Unknown EMS Scene Arrival Minutes,Unknown,Unknown EMS Hospital Arrival Time,1,Dark - Lighted,Clear,0,1,[],[],0,0,Valid,0.0,0.0,56.0,56.0,['Male'],0,0,3,2,4,Dry,Straight,Level,Lowest,No
10417,12,Florida,123020,1,1,1,0,2,NOT APPLICABLE,December,15,Friday,18,13,Urban,Medium Speed (Collector),No,27.91075556,-82.29392222,Non-Intersection,Dark - Not Lighted,Cloudy,Unknown,Unknown,Unknown EMS Scene Arrival Hour,Unknown EMS Scene Arrival Minutes,Not Applicable (Not Transported),Not Applicable (Not Transported),1,Dark - Unlighted,Reduced Visibility,0,2,[],[],0,0,Valid,0.0,0.0,36.0,36.0,['Male'],0,0,3,3,4,Dry,Straight,Level,Lowest,No
10418,12,Florida,123021,0,2,2,0,4,NOT APPLICABLE,December,17,Sunday,17,51,Urban,High Speed (Arterial),Yes,26.76215,-81.40941944,Simple Junction,Dusk,Cloudy,Unknown,Unknown,Unknown EMS Scene Arrival Hour,Unknown EMS Scene Arrival Minutes,Unknown,Unknown EMS Hospital Arrival Time,2,Twilight,Reduced Visibility,2,2,"['Driver', 'Front_Passenger']","['Shoulder_Lapbelt', 'Shoulder_Lapbelt']",0,0,Valid,0.0,0.0,97.0,23.0,"['Male', 'Male']",0,0,3,4,5,Dry,Straight,Level,Lowest,No
10419,12,Florida,123022,0,2,2,0,3,GAINESVILLE,December,19,Tuesday,16,30,Urban,Medium Speed (Collector),No,29.67081111,-82.38165833,Non-Intersection,Daylight,Clear,Unknown,Unknown,Unknown EMS Scene Arrival Hour,Unknown EMS Scene Arrival Minutes,Not Applicable (Not Transported),Not Applicable (Not Transported),1,Daylight,Clear,1,2,['Driver'],['None_Used'],0,0,Valid,0.0,1.0,37.0,18.0,"['Male', 'Female']",1,0,5,4,5,Dry,Straight,Level,Lowest,No
10420,12,Florida,123023,0,2,2,0,3,FORT PIERCE,December,8,Friday,14,46,Rural,High Speed (Arterial),No,27.46296111,-80.34988056,Simple Junction,Daylight,Clear,Unknown,Unknown,Unknown EMS Scene Arrival Hour,Unknown EMS Scene Arrival Minutes,Unknown,Unknown EMS Hospital Arrival Time,1,Daylight,Clear,1,2,['Driver'],['None_Used'],0,0,Invalid,0.0,0.0,69.0,35.0,"['Male', 'Male']",0,0,5,4,5,Dry,Straight,Level,Lowest,No
10421,12,Florida,123024,0,1,1,0,1,NOT APPLICABLE,December,19,Tuesday,17,0,Rural,Low Speed (Local),No,26.28253889,-81.59296944,Complex/Circle,Daylight,Clear,Unknown,Unknown,Unknown EMS Scene Arrival Hour,Unknown EMS Scene Arrival Minutes,Unknown,Unknown EMS Hospital Arrival Time,1,Daylight,Clear,1,0,['Driver'],['None_Used'],0,0,Valid,0.0,0.0,65.0,65.0,['Male'],1,0,5,4,3,Dry,Straight,Level,Lowest,No
10422,12,Florida,123025,1,1,1,0,2,MIAMI,December,17,Sunday,6,23,Urban,High Speed (Arterial),Yes,25.76465278,-80.25429444,Complex/Circle,Dark - Lighted,Rain,Unknown,Unknown,Unknown EMS Scene Arrival Hour,Unknown EMS Scene Arrival Minutes,Unknown,Unknown EMS Hospital Arrival Time,1,Dark - Lighted,Rain/Wind/Minor,0,2,[],[],0,0,Invalid,1.0,0.0,26.0,26.0,['Male'],0,0,2,3,4,Wet/Standing Water,Straight,Level,Lowest,No
10423,12,Florida,123026,0,1,1,0,1,PORT ORANGE,December,23,Saturday,1,15,Rural,High Speed (Arterial),No,29.13720833,-80.99825556,Non-Intersection,Dark - Lighted,Clear,Unknown,Unknown,Unknown EMS Scene Arrival Hour,Unknown EMS Scene Arrival Minutes,Not Applicable (Not Transported),Not Applicable (Not Transported),1,Dark - Lighted,Clear,1,0,['Driver'],['None_Used'],0,0,Valid,0.0,0.0,32.0,32.0,['Female'],0,0,2,4,3,Dry,Straight,Level,Lowest,No
10424,12,Florida,123027,0,2,2,0,9,NOT APPLICABLE,November,18,Saturday,23,1,Rural,Medium Speed (Collector),No,29.39928333,-81.644825,Simple Junction,Dark - Not Lighted,Clear,Unknown,Unknown,Unknown EMS Scene Arrival Hour,Officially Cancelled,Unknown,Officially Canceled,2,Dark - Unlighted,Clear,2,7,"['Driver', 'Front_Passenger']","['None_Used', 'None_Used']",1,1,Valid,1.0,0.0,22.0,21.0,"['Male', 'Male']",0,0,5,4,5,Dry,Curve,Grade/Hillcrest,Lowest,No
10425,12,Florida,123028,0,2,2,0,3,NOT APPLICABLE,December,23,Saturday,21,26,Urban,Medium Speed (Collector),No,29.124,-82.03335,Non-Intersection,Dark - Not Lighted,Clear,Unknown,Unknown,Unknown EMS Scene Arrival Hour,Unknown EMS Scene Arrival Minutes,Unknown,Unknown EMS Hospital Arrival Time,3,Dark - Unlighted,Clear,3,0,"['Driver', 'Rear_Seat', 'Driver']","['Shoulder_Lapbelt', 'Child_Safety', 'Shoulder_Lapbelt']",1,1,Valid,0.0,0.0,44.0,23.0,"['Female', 'Female']",0,0,3,4,5,Dry,Straight,Level,Lowest,No
10426,12,Florida,123029,1,1,1,0,1,JACKSONVILLE,November,30,Thursday,17,50,Urban,High Speed (Arterial),Yes,30.43035,-81.75856389,Simple Junction,Dark - Not Lighted,Clear,Unknown,Unknown,Unknown EMS Scene Arrival Hour,Unknown EMS Scene Arrival Minutes,Not Applicable (Not Transported),Not Applicable (Not Transported),1,Dark - Unlighted,Clear,0,1,[],[],0,0,Valid,0.0,0.0,56.0,56.0,['Male'],0,0,2,3,4,Dry,Straight,Level,Lowest,No
10427,12,Florida,123030,1,1,1,0,1,NOT APPLICABLE,December,23,Saturday,21,36,Rural,Low Speed (Local),No,28.21091111,-82.29711944,Simple Junction,Dark - Not Lighted,Clear,Unknown,Unknown,Unknown EMS Scene Arrival Hour,Unknown EMS Scene Arrival Minutes,Not Applicable (Not Transported),Not Applicable (Not Transported),1,Dark - Unlighted,Clear,0,1,[],[],0,0,Invalid,0.0,0.0,999.0,999.0,['Other'],0,0,1,3,4,Dry,Curve,Level,Lowest,No
10428,12,Florida,123031,0,2,2,0,2,NOT APPLICABLE,December,25,Monday,4,44,Urban,High Speed (Arterial),Yes,30.16405278,-82.68067222,Non-Intersection,Dark - Lighted,Clear,Unknown,Unknown,Unknown EMS Scene Arrival Hour,Unknown EMS Scene Arrival Minutes,Unknown,Unknown EMS Hospital Arrival Time,1,Dark - Lighted,Clear,1,1,['Driver'],['Shoulder_Lapbelt'],0,0,Invalid,0.0,3.0,71.0,23.0,"['Male', 'Male']",1,0,3,4,5,Dry,Straight,Level,Lowest,No
10429,12,Florida,123032,0,3,3,0,3,NOT APPLICABLE,December,11,Monday,8,45,Rural,High Speed (Arterial),No,29.45917222,-82.41253611,Non-Intersection,Daylight,Clear,Unknown,Unknown,Unknown EMS Scene Arrival Hour,Unknown EMS Scene Arrival Minutes,Unknown,Unknown EMS Hospital Arrival Time,1,Daylight,Clear,1,2,['Driver'],['None_Used'],0,0,Valid,0.0,1.0,71.0,23.0,"['Female', 'Male', 'Male']",0,0,4,4,5,Dry,Curve,Level,Lowest,No
10430,12,Florida,123033,0,1,1,0,1,NOT APPLICABLE,December,13,Wednesday,22,20,Rural,Medium Speed (Collector),No,29.47475,-82.88807778,Non-Intersection,Dark - Not Lighted,Clear,Unknown,Unknown,Unknown EMS Scene Arrival Hour,Unknown EMS Scene Arrival Minutes,Not Applicable (Not Transported),Not Applicable (Not Transported),1,Dark - Unlighted,Clear,1,0,['Driver'],['None_Used'],1,1,Valid,0.0,0.0,50.0,50.0,['Male'],0,0,5,4,2,Dry,Curve,Level,Lowest,No
10431,12,Florida,123034,0,2,2,0,3,NOT APPLICABLE,December,14,Thursday,17,40,Rural,High Speed (Arterial),No,29.75091111,-82.98420278,Non-Intersection,Dusk,Clear,Unknown,Unknown,Unknown EMS Scene Arrival Hour,Unknown EMS Scene Arrival Minutes,Unknown,Unknown EMS Hospital Arrival Time,1,Twilight,Clear,1,2,['Driver'],['None_Used'],0,0,Valid,0.0,0.0,63.0,59.0,"['Female', 'Male']",0,0,3,4,5,Dry,Straight,Level,Lowest,No
10432,12,Florida,123035,0,1,1,0,1,NOT APPLICABLE,December,8,Friday,19,15,Urban,High Speed (Arterial),Yes,28.05428889,-80.67926111,Non-Intersection,Dark - Not Lighted,Clear,Unknown,Unknown,Unknown EMS Scene Arrival Hour,Unknown EMS Scene Arrival Minutes,Not Applicable (Not Transported),Not Applicable (Not Transported),1,Dark - Unlighted,Clear,1,0,['Driver'],['Shoulder_Lapbelt'],0,0,Invalid,0.0,0.0,28.0,28.0,['Male'],0,0,2,4,2,Dry,Straight,Level,Lowest,No
10433,12,Florida,123036,0,1,1,0,1,PLANT CITY,December,16,Saturday,7,1,Rural,High Speed (Arterial),No,28.10929722,-82.14414444,Simple Junction,Dawn,Rain,Unknown,Unknown,Unknown EMS Scene Arrival Hour,Officially Cancelled,Unknown,Officially Canceled,1,Twilight,Rain/Wind/Minor,1,0,['Driver'],['None_Used'],0,0,Valid,0.0,0.0,53.0,53.0,['Male'],0,0,3,4,3,Wet/Standing Water,Straight,Level,Lowest,No
10434,12,Florida,123037,1,1,1,0,1,GAINESVILLE,December,21,Thursday,18,7,Urban,Medium Speed (Collector),No,29.67392778,-82.32208056,Non-Intersection,Dark - Lighted,Clear,Unknown,Unknown,Unknown EMS Scene Arrival Hour,Unknown EMS Scene Arrival Minutes,Unknown,Unknown EMS Hospital Arrival Time,1,Dark - Lighted,Clear,0,1,[],[],0,0,Valid,0.0,0.0,66.0,66.0,['Male'],0,0,3,3,4,Dry,Straight,Level,Lowest,No
10435,12,Florida,123038,0,1,1,0,7,NOT APPLICABLE,December,19,Tuesday,16,1,Rural,Low Speed (Local),No,26.36986389,-81.01591667,Non-Intersection,Daylight,Clear,Unknown,Unknown,Unknown EMS Scene Arrival Hour,Unknown EMS Scene Arrival Minutes,Unknown,Unknown EMS Hospital Arrival Time,1,Daylight,Clear,1,6,['Rear_Seat'],['None_Used'],0,0,Invalid,0.0,0.0,29.0,29.0,['Male'],0,0,3,4,3,Dry,Straight,Level,Lowest,No
10436,12,Florida,123039,0,2,2,0,2,FORT LAUDERDALE,December,21,Thursday,18,53,Urban,High Speed (Arterial),No,26.18829444,-80.17115833,Complex/Circle,Dark - Not Lighted,Clear,Unknown,Unknown,Unknown EMS Scene Arrival Hour,Unknown EMS Scene Arrival Minutes,Unknown,Unknown EMS Hospital Arrival Time,1,Dark - Unlighted,Clear,1,1,['Driver'],['None_Used'],0,0,Valid,0.0,0.0,44.0,19.0,"['Male', 'Male']",0,0,5,4,5,Dry,Straight,Level,Lowest,No
10437,12,Florida,123040,0,2,2,0,2,MIAMI,December,21,Thursday,17,20,Urban,Low Speed (Local),No,25.74809167,-80.25201944,Complex/Circle,Daylight,Clear,Unknown,Unknown,Unknown EMS Scene Arrival Hour,Unknown EMS Scene Arrival Minutes,Unknown,Unknown EMS Hospital Arrival Time,1,Daylight,Clear,1,1,['Driver'],['None_Used'],0,0,Valid,0.0,0.0,56.0,22.0,"['Female', 'Male']",0,0,5,4,5,Dry,Straight,Level,Lowest,No
10438,12,Florida,123042,1,1,1,0,1,WEST PALM BEACH,December,21,Thursday,3,39,Urban,Medium Speed (Collector),No,26.71581389,-80.08179167,Complex/Circle,Dark - Lighted,Clear,Unknown,Unknown,Unknown EMS Scene Arrival Hour,Unknown EMS Scene Arrival Minutes,Unknown,Unknown EMS Hospital Arrival Time,1,Dark - Lighted,Clear,0,1,[],[],0,0,Invalid,0.0,0.0,998.0,998.0,['Other'],0,0,1,3,4,Dry,Straight,Level,Lowest,No
10439,12,Florida,123043,0,2,2,0,2,NOT APPLICABLE,December,3,Sunday,16,10,Urban,High Speed (Arterial),Yes,28.7143,-81.86078056,Simple Junction,Daylight,Clear,Unknown,Unknown,Unknown EMS Scene Arrival Hour,Unknown EMS Scene Arrival Minutes,Unknown,Unknown EMS Hospital Arrival Time,1,Daylight,Clear,1,1,['Driver'],['Shoulder_Lapbelt'],0,0,Invalid,0.0,0.0,94.0,32.0,"['Male', 'Male']",0,0,3,4,5,Dry,Straight,Grade/Hillcrest,Lowest,No
10440,12,Florida,123044,0,1,1,0,1,NOT APPLICABLE,December,4,Monday,0,25,Rural,Low Speed (Local),No,29.35908889,-82.50429167,Non-Intersection,Dark - Not Lighted,Cloudy,Unknown,Unknown,Unknown EMS Scene Arrival Hour,Unknown EMS Scene Arrival Minutes,Not Applicable (Not Transported),Not Applicable (Not Transported),1,Dark - Unlighted,Reduced Visibility,1,0,['Driver'],['None_Used'],0,0,Valid,0.0,0.0,45.0,45.0,['Male'],1,0,2,4,3,Wet/Standing Water,Straight,Level,Lowest,No
10441,12,Florida,123045,1,1,1,0,2,NOT APPLICABLE,December,8,Friday,18,25,Urban,Medium Speed (Collector),No,29.95146944,-81.30435833,Simple Junction,Dark - Not Lighted,Rain,Unknown,Unknown,Unknown EMS Scene Arrival Hour,Unknown EMS Scene Arrival Minutes,Unknown,Unknown EMS Hospital Arrival Time,1,Dark - Unlighted,Rain/Wind/Minor,0,2,[],[],1,1,Valid,0.0,2.0,54.0,54.0,['Male'],0,0,3,3,4,Wet/Standing Water,Straight,Level,Lowest,No
10442,12,Florida,123046,1,1,1,0,1,NOT APPLICABLE,December,19,Tuesday,7,10,Urban,High Speed (Arterial),Yes,26.41844167,-81.42716111,Non-Intersection,Daylight,Clear,Unknown,Unknown,Unknown EMS Scene Arrival Hour,Unknown EMS Scene Arrival Minutes,Unknown,Unknown EMS Hospital Arrival Time,1,Daylight,Clear,0,1,[],[],0,0,Valid,0.0,0.0,31.0,31.0,['Male'],0,0,2,3,4,Dry,Straight,Level,Lowest,No