,State_Code,State_Name,Crash_ID,Count_Non_Motorists,Count_Vehicles_Total,Count_Vehicle_Forms,Count_PVH_Involved,Count_Occupants_MV,City_Name,Month_Name,Day_of_Month,Day_of_Week,Crash_Hour,Crash_Minute,Area_Rural_Urban,Road_Functional_Class,On_NHS_Road,Latitude,Longitude,Intersection_Type,Light_Condition,Weather_Condition,Notif_Hour,Notif_Minute,Arrival_Hour,Arrival_Minute,Hospital_Hour,Hospital_Minute,Fatalities_Count,Clean_Light_Condition,Clean_Weather_Condition,Total_Killed,Total_Alive,Fatal_Seats_List,Killed_Restraint_List,Any_Driver_Drinking,Total_Drinking_Drivers,Driver_License_Category,Driver_Max_Prev_Accident_Count,Driver_Max_Prev_Speeding_Count,Max_Driver_Age,Min_Driver_Age,Driver_Sex_List,Total_Exceeding_Limit_Vehicles,Total_Too_Fast_Vehicles,Max_Vehicle_Type_Severity_5,Max_Vehicle_Damage_Rank,Max_Harmful_Event_Severity,Crash_Road_Surface_Condition,Crash_Horizontal_Alignment,Crash_Vertical_Profile,Crash_Impairment_Category,Crash_Vehicle_Defect
10443,12,Florida,123047,0,2,2,0,3,QUINCY,December,30,Saturday,16,17,Urban,Medium Speed (Collector),No,30.58505556,-84.56585556,Non-Intersection,Daylight,Clear,Unknown,Unknown,Unknown EMS Scene Arrival Hour,Unknown EMS Scene Arrival Minutes,Unknown,Unknown EMS Hospital Arrival Time,1,Daylight,Clear,1,2,['Driver'],['None_Used'],1,1,Valid,0.0,1.0,43.0,33.0,"['Female', 'Male']",1,0,5,4,5,Dry,Straight,Non-Trafficway,Lowest,No
10444,12,Florida,123048,0,1,1,0,1,NOT APPLICABLE,December,23,Saturday,12,46,Urban,High Speed (Arterial),Yes,28.314875,-82.3252,Non-Intersection,Daylight,Clear,Unknown,Unknown,Unknown EMS Scene Arrival Hour,Unknown EMS Scene Arrival Minutes,Unknown,Unknown EMS Hospital Arrival Time,1,Daylight,Clear,1,0,['Driver'],['None_Used'],1,1,Valid,0.0,0.0,39.0,39.0,['Male'],0,0,2,4,3,Dry,Straight,Level,Lowest,Yes
10445,12,Florida,123049,1,1,1,0,1,JACKSONVILLE,December,24,Sunday,17,50,Urban,Medium Speed (Collector),No,30.35199444,-81.58149167,Non-Intersection,Dark - Lighted,Clear,Unknown,Unknown,Unknown EMS Scene Arrival Hour,Unknown EMS Scene Arrival Minutes,Not Applicable (Not Transported),Not Applicable (Not Transported),1,Dark - Lighted,Clear,0,1,[],[],0,0,Valid,2.0,0.0,36.0,36.0,['Male'],0,0,3,2,4,Dry,Straight,Level,Lowest,No
10446,12,Florida,123050,0,2,2,0,2,NOT APPLICABLE,December,23,Saturday,15,0,Urban,High Speed (Arterial),Yes,25.91272222,-80.20993611,Non-Intersection,Daylight,Clear,Unknown,Unknown,Unknown EMS Scene Arrival Hour,Unknown EMS Scene Arrival Minutes,Unknown,Unknown EMS Hospital Arrival Time,1,Daylight,Clear,1,1,['Driver'],['None_Used'],0,0,Valid,2.0,0.0,56.0,38.0,"['Male', 'Male']",0,0,5,4,5,Dry,Straight,Level,Lowest,No
10447,12,Florida,123051,0,1,1,0,2,NOT APPLICABLE,December,24,Sunday,3,31,Rural,Low Speed (Local),No,27.26915278,-82.32216944,Non-Intersection,Dark - Not Lighted,Clear,Unknown,Unknown,Unknown EMS Scene Arrival Hour,Unknown EMS Scene Arrival Minutes,Unknown,Unknown EMS Hospital Arrival Time,1,Dark - Unlighted,Clear,1,1,['Driver'],['None_Used'],0,0,Valid,0.0,0.0,20.0,20.0,['Female'],0,0,5,4,3,Dry,Curve,Level,Lowest,No
10448,12,Florida,123052,0,2,2,0,4,DAVIE,December,24,Sunday,18,2,Urban,High Speed (Arterial),Yes,26.10232222,-80.26240833,Non-Intersection,Dark - Lighted,Clear,Unknown,Unknown,Unknown EMS Scene Arrival Hour,Unknown EMS Scene Arrival Minutes,Unknown,Unknown EMS Hospital Arrival Time,1,Dark - Lighted,Clear,1,3,['Rear_Seat'],['None_Used'],0,0,Valid,0.0,0.0,38.0,19.0,"['Male', 'Male']",0,0,5,4,5,Dry,Straight,Level,Lowest,No
10449,12,Florida,123053,0,2,2,0,3,NOT APPLICABLE,December,25,Monday,20,20,Urban,High Speed (Arterial),Yes,27.74858056,-82.33497778,Simple Junction,Dark - Lighted,Cloudy,Unknown,Unknown,Unknown EMS Scene Arrival Hour,Unknown EMS Scene Arrival Minutes,Unknown,Unknown EMS Hospital Arrival Time,1,Dark - Lighted,Reduced Visibility,1,2,['Front_Passenger'],['None_Used'],0,0,Valid,0.0,0.0,20.0,16.0,"['Male', 'Male']",0,0,2,4,5,Wet/Standing Water,Straight,Level,Lowest,No
10450,12,Florida,123054,0,2,2,0,2,NOT APPLICABLE,November,29,Wednesday,19,5,Urban,High Speed (Arterial),Yes,26.70503611,-81.74464444,Non-Intersection,Dark - Lighted,Clear,Unknown,Unknown,Unknown EMS Scene Arrival Hour,Unknown EMS Scene Arrival Minutes,Unknown,Unknown EMS Hospital Arrival Time,1,Dark - Lighted,Clear,1,1,['Driver'],['None_Used'],1,1,Valid,0.0,0.0,45.0,20.0,"['Female', 'Male']",1,0,5,4,5,Dry,Straight,Level,Lowest,No
10451,12,Florida,123055,0,2,2,0,3,NOT APPLICABLE,December,8,Friday,19,32,Rural,High Speed (Arterial),Yes,27.928,-82.33164444,Non-Intersection,Dark - Lighted,Clear,Unknown,Unknown,Unknown EMS Scene Arrival Hour,Officially Cancelled,Unknown,Officially Canceled,1,Dark - Lighted,Clear,1,2,['Driver'],['Shoulder_Only'],0,0,Valid,3.0,0.0,71.0,56.0,"['Male', 'Male']",0,0,3,4,5,Dry,Straight,Level,Lowest,No
10452,12,Florida,123056,0,2,2,0,3,NOT APPLICABLE,December,8,Friday,7,55,Urban,High Speed (Arterial),Yes,27.07010278,-82.42208889,Non-Intersection,Daylight,Cloudy,Unknown,Unknown,Unknown EMS Scene Arrival Hour,Unknown EMS Scene Arrival Minutes,Unknown,Unknown EMS Hospital Arrival Time,1,Daylight,Reduced Visibility,1,2,['Front_Passenger'],['Shoulder_Lapbelt'],0,0,Valid,0.0,0.0,74.0,63.0,"['Male', 'Male']",0,0,3,4,5,Dry,Straight,Level,Lowest,No
10453,12,Florida,123057,0,1,1,0,1,NOT APPLICABLE,December,8,Friday,15,34,Rural,Low Speed (Local),No,30.14897222,-83.16410833,Non-Intersection,Daylight,Clear,Unknown,Unknown,Unknown EMS Scene Arrival Hour,Unknown EMS Scene Arrival Minutes,Not Applicable (Not Transported),Not Applicable (Not Transported),1,Daylight,Clear,1,0,['Driver'],['None_Used'],1,1,Invalid,0.0,0.0,55.0,55.0,['Male'],0,0,3,4,3,Loose/Unpaved,Straight,Level,Lowest,No
10454,12,Florida,123058,0,1,1,0,5,JACKSONVILLE,December,10,Sunday,0,35,Urban,High Speed (Arterial),Yes,30.35187778,-81.55456667,Non-Intersection,Dark - Lighted,Clear,Unknown,Unknown,Unknown EMS Scene Arrival Hour,Unknown EMS Scene Arrival Minutes,Unknown,Unknown EMS Hospital Arrival Time,1,Dark - Lighted,Clear,1,4,['Rear_Seat'],['None_Used'],1,1,Valid,0.0,0.0,34.0,34.0,['Male'],0,0,2,4,3,Dry,Curve,Grade/Hillcrest,Lowest,No
10455,12,Florida,123059,1,1,1,0,1,NOT APPLICABLE,December,11,Monday,23,40,Urban,High Speed (Arterial),Yes,29.18665,-82.20586667,Complex/Circle,Dark - Lighted,Clear,Unknown,Unknown,Unknown EMS Scene Arrival Hour,Unknown EMS Scene Arrival Minutes,Unknown,Unknown EMS Hospital Arrival Time,1,Dark - Lighted,Clear,0,1,[],[],0,0,Valid,0.0,0.0,20.0,20.0,['Male'],0,0,3,4,4,Dry,Straight,Level,Lowest,No
10456,12,Florida,123060,1,1,1,0,1,ORANGE PARK,December,11,Monday,20,35,Urban,High Speed (Arterial),Yes,30.17933056,-81.70164167,Non-Intersection,Dark - Lighted,Clear,Unknown,Unknown,Unknown EMS Scene Arrival Hour,Unknown EMS Scene Arrival Minutes,Not Applicable (Not Transported),Not Applicable (Not Transported),1,Dark - Lighted,Clear,0,1,[],[],0,0,Valid,0.0,0.0,64.0,64.0,['Female'],0,0,2,4,4,Dry,Straight,Level,Lowest,No
10457,12,Florida,123061,1,1,1,0,1,NOT APPLICABLE,December,1,Friday,19,34,Urban,High Speed (Arterial),Yes,30.45819444,-87.23880278,Non-Intersection,Dark - Not Lighted,Rain,Unknown,Unknown,Unknown EMS Scene Arrival Hour,Unknown EMS Scene Arrival Minutes,Unknown,Unknown EMS Hospital Arrival Time,1,Dark - Unlighted,Rain/Wind/Minor,0,0,[],[],0,0,Invalid,0.0,0.0,998.0,998.0,['Other'],0,0,1,0,4,Wet/Standing Water,Straight,Level,Lowest,No
10458,12,Florida,123062,0,2,2,0,4,NOT APPLICABLE,December,12,Tuesday,13,59,Rural,Medium Speed (Collector),No,28.67838889,-81.89636944,Complex/Circle,Daylight,Clear,Unknown,Unknown,Unknown EMS Scene Arrival Hour,Unknown EMS Scene Arrival Minutes,Not Applicable (Not Transported),Not Applicable (Not Transported),3,Daylight,Clear,3,1,"['Driver', 'Front_Passenger', 'Rear_Seat']","['Shoulder_Lapbelt', 'Shoulder_Lapbelt', 'Shoulder_Lapbelt']",0,0,Valid,0.0,0.0,63.0,47.0,"['Male', 'Male']",0,0,4,4,5,Dry,Straight,Level,Lowest,No
10459,12,Florida,123063,0,1,1,0,3,NOT APPLICABLE,December,11,Monday,8,0,Urban,Low Speed (Local),No,28.15280833,-81.47410556,Non-Intersection,Daylight,Clear,Unknown,Unknown,Unknown EMS Scene Arrival Hour,Unknown EMS Scene Arrival Minutes,Unknown,Unknown EMS Hospital Arrival Time,1,Daylight,Clear,1,2,['Driver'],['None_Used'],0,0,Valid,1.0,0.0,47.0,47.0,['Male'],0,0,2,4,3,Dry,Curve,Level,Medium,No
10460,12,Florida,123064,0,2,2,0,3,MIDDLEBURG,December,13,Wednesday,19,13,Rural,Low Speed (Local),No,30.06098333,-81.92263889,Complex/Circle,Dark - Not Lighted,Cloudy,Unknown,Unknown,Unknown EMS Scene Arrival Hour,Unknown EMS Scene Arrival Minutes,Unknown,Unknown EMS Hospital Arrival Time,1,Dark - Unlighted,Reduced Visibility,1,2,['Driver'],['None_Used'],0,0,Valid,0.0,0.0,37.0,20.0,"['Male', 'Female']",0,0,5,4,5,Dry,Straight,Level,Lowest,No
10461,12,Florida,123065,0,2,2,0,2,NOT APPLICABLE,December,13,Wednesday,1,56,Urban,High Speed (Arterial),Yes,27.42911944,-81.41791944,Complex/Circle,Dark - Lighted,Cloudy,Unknown,Unknown,Unknown EMS Scene Arrival Hour,Unknown EMS Scene Arrival Minutes,Not Applicable (Not Transported),Not Applicable (Not Transported),1,Dark - Lighted,Reduced Visibility,1,1,['Driver'],['Shoulder_Lapbelt'],0,0,Valid,0.0,0.0,62.0,41.0,"['Male', 'Female']",0,0,4,4,5,Dry,Straight,Level,Lowest,No
10462,12,Florida,123066,0,2,2,0,3,NOT APPLICABLE,December,14,Thursday,22,32,Urban,High Speed (Arterial),Yes,28.37310833,-80.70037222,Non-Intersection,Dark - Not Lighted,Clear,Unknown,Unknown,Unknown EMS Scene Arrival Hour,Unknown EMS Scene Arrival Minutes,Unknown,Unknown EMS Hospital Arrival Time,1,Dark - Unlighted,Clear,1,2,['Driver'],['None_Used'],0,0,Valid,0.0,1.0,72.0,21.0,"['Female', 'Male']",0,0,5,4,5,Dry,Straight,Non-Trafficway,Lowest,No
10463,12,Florida,123067,0,3,3,0,3,NOT APPLICABLE,December,9,Saturday,11,35,Urban,Medium Speed (Collector),No,29.12792222,-82.03745278,Complex/Circle,Daylight,Clear,Unknown,Unknown,Unknown EMS Scene Arrival Hour,Unknown EMS Scene Arrival Minutes,Unknown,Unknown EMS Hospital Arrival Time,1,Daylight,Clear,1,2,['Driver'],['None_Used'],0,0,Valid,1.0,1.0,67.0,29.0,"['Female', 'Male', 'Male']",0,0,3,4,5,Dry,Straight,Level,Lowest,No
10464,12,Florida,123068,0,3,3,0,3,NOT APPLICABLE,December,17,Sunday,17,22,Urban,High Speed (Arterial),Yes,30.38781111,-87.07975,Complex/Circle,Dark - Not Lighted,Clear,Unknown,Unknown,Unknown EMS Scene Arrival Hour,Unknown EMS Scene Arrival Minutes,Unknown,Unknown EMS Hospital Arrival Time,1,Dark - Unlighted,Clear,1,2,['Driver'],['None_Used'],0,0,Valid,0.0,1.0,89.0,58.0,"['Male', 'Male', 'Male']",0,0,3,4,5,Dry,Straight,Level,Lowest,No
10465,12,Florida,123069,0,2,2,0,2,NOT APPLICABLE,December,18,Monday,12,25,Rural,High Speed (Arterial),Yes,30.67448333,-81.90248889,Complex/Circle,Daylight,Clear,Unknown,Unknown,Unknown EMS Scene Arrival Hour,Unknown EMS Scene Arrival Minutes,Not Applicable (Not Transported),Not Applicable (Not Transported),1,Daylight,Clear,1,1,['Driver'],['Shoulder_Lapbelt'],0,0,Valid,0.0,1.0,68.0,56.0,"['Female', 'Male']",0,0,4,4,5,Dry,Straight,Level,Lowest,No
10466,12,Florida,123071,0,2,2,0,2,NOT APPLICABLE,December,8,Friday,23,40,Rural,Medium Speed (Collector),No,29.33559167,-82.60201111,Non-Intersection,Dark - Not Lighted,Clear,Unknown,Unknown,Unknown EMS Scene Arrival Hour,Unknown EMS Scene Arrival Minutes,Unknown,Unknown EMS Hospital Arrival Time,1,Dark - Unlighted,Clear,1,1,['Driver'],['Shoulder_Lapbelt'],1,1,Valid,0.0,0.0,73.0,62.0,"['Female', 'Female']",0,0,3,4,5,Wet/Standing Water,Straight,Level,Lowest,No
10467,12,Florida,123072,1,1,1,0,1,NOT APPLICABLE,December,17,Sunday,21,2,Urban,Low Speed (Local),No,30.28508889,-85.6544,Non-Intersection,Dark - Not Lighted,Clear,Unknown,Unknown,Unknown EMS Scene Arrival Hour,Unknown EMS Scene Arrival Minutes,Not Applicable (Not Transported),Not Applicable (Not Transported),1,Dark - Unlighted,Clear,0,1,[],[],0,0,Valid,0.0,0.0,18.0,18.0,['Female'],0,0,3,3,4,Dry,Straight,Level,Lowest,No
10468,12,Florida,123073,1,1,1,0,2,NOT APPLICABLE,December,9,Saturday,12,24,Urban,Medium Speed (Collector),No,25.94496944,-80.17102222,Complex/Circle,Daylight,Clear,Unknown,Unknown,Unknown EMS Scene Arrival Hour,Unknown EMS Scene Arrival Minutes,Unknown,Unknown EMS Hospital Arrival Time,1,Daylight,Clear,0,2,[],[],0,0,Valid,0.0,0.0,70.0,70.0,['Female'],0,0,3,1,4,Dry,Straight,Level,Lowest,No
10469,12,Florida,123074,1,1,1,0,1,DAVIE,August,28,Monday,3,5,Urban,High Speed (Arterial),Yes,26.06583333,-80.20788333,Complex/Circle,Dark - Lighted,Clear,Unknown,Unknown,Unknown EMS Scene Arrival Hour,Unknown EMS Scene Arrival Minutes,Unknown,Unknown EMS Hospital Arrival Time,1,Dark - Lighted,Clear,0,0,[],[],0,0,Invalid,0.0,0.0,998.0,998.0,['Other'],0,0,1,3,4,Dry,Straight,Level,Lowest,No
10470,12,Florida,123075,1,1,1,0,3,TAMPA,December,17,Sunday,1,26,Urban,Medium Speed (Collector),No,27.94180833,-82.48297778,Complex/Circle,Dark - Lighted,Rain,Unknown,Unknown,Unknown EMS Scene Arrival Hour,Unknown EMS Scene Arrival Minutes,Unknown,Unknown EMS Hospital Arrival Time,1,Dark - Lighted,Rain/Wind/Minor,0,3,[],[],0,0,Valid,0.0,0.0,22.0,22.0,['Male'],0,0,2,1,4,Wet/Standing Water,Straight,Level,Lowest,No
10471,12,Florida,123076,0,2,2,0,2,TAMPA,December,18,Monday,14,55,Rural,Low Speed (Local),No,28.01980278,-82.44346111,Complex/Circle,Daylight,Clear,Unknown,Unknown,Unknown EMS Scene Arrival Hour,Unknown EMS Scene Arrival Minutes,Not Applicable (Not Transported),Not Applicable (Not Transported),1,Daylight,Clear,1,1,['Driver'],['None_Used'],0,0,Invalid,0.0,0.0,69.0,56.0,"['Male', 'Male']",0,0,3,4,5,Dry,Straight,Level,Lowest,No
10472,12,Florida,123077,0,2,1,1,1,NOT APPLICABLE,December,9,Saturday,22,40,Urban,High Speed (Arterial),Yes,26.68529167,-81.86978611,Non-Intersection,Dark - Not Lighted,Clear,Unknown,Unknown,Unknown EMS Scene Arrival Hour,Unknown EMS Scene Arrival Minutes,Not Applicable (Not Transported),Not Applicable (Not Transported),1,Dark - Unlighted,Clear,1,0,['Driver'],['Shoulder_Lapbelt'],0,0,Valid,0.0,0.0,18.0,18.0,['Female'],0,0,2,4,3,Dry,Curve,Level,Lowest,No
10473,12,Florida,123078,0,2,2,0,2,NOT APPLICABLE,December,9,Saturday,22,2,Urban,High Speed (Arterial),Yes,27.76263056,-82.33511944,Simple Junction,Dark - Lighted,Clear,Unknown,Unknown,Unknown EMS Scene Arrival Hour,Unknown EMS Scene Arrival Minutes,Not Applicable (Not Transported),Not Applicable (Not Transported),1,Dark - Lighted,Clear,1,1,['Driver'],['None_Used'],0,0,Valid,0.0,0.0,25.0,24.0,"['Male', 'Male']",0,0,5,4,5,Dry,Straight,Level,Lowest,No
10474,12,Florida,123079,1,1,1,0,1,NOT APPLICABLE,December,10,Sunday,18,36,Urban,High Speed (Arterial),Yes,28.07657222,-82.45129167,Non-Intersection,Dusk,Clear,Unknown,Unknown,Unknown EMS Scene Arrival Hour,Unknown EMS Scene Arrival Minutes,Not Applicable (Not Transported),Not Applicable (Not Transported),1,Twilight,Clear,0,1,[],[],0,0,Invalid,0.0,0.0,999.0,999.0,['Other'],0,0,1,0,4,Dry,Straight,Level,Lowest,No
10475,12,Florida,123080,0,1,1,0,1,NOT APPLICABLE,December,25,Monday,21,10,Urban,High Speed (Arterial),Yes,28.22064444,-80.67623056,Simple Junction,Dark - Not Lighted,Cloudy,Unknown,Unknown,Unknown EMS Scene Arrival Hour,Unknown EMS Scene Arrival Minutes,Not Applicable (Not Transported),Not Applicable (Not Transported),1,Dark - Unlighted,Reduced Visibility,1,0,['Driver'],['None_Used'],0,0,Valid,1.0,1.0,26.0,26.0,['Male'],0,0,3,4,4,Wet/Standing Water,Straight,Level,Lowest,No
10476,12,Florida,123081,0,1,1,0,1,NOT APPLICABLE,December,3,Sunday,17,15,Rural,Low Speed (Local),No,28.76886389,-82.63249722,Non-Intersection,Dusk,Cloudy,5:00pm-5:59pm,17,5:00pm-5:59pm,27,Unknown,Unknown EMS Hospital Arrival Time,1,Twilight,Reduced Visibility,1,0,['Driver'],['None_Used'],0,0,Valid,0.0,2.0,69.0,69.0,['Female'],0,0,3,4,3,Dry,Curve,Level,Lowest,No
10477,12,Florida,123082,0,1,1,0,2,FORT PIERCE,November,13,Monday,20,54,Urban,Medium Speed (Collector),No,27.46284722,-80.30751389,Non-Intersection,Dark - Lighted,Clear,Unknown,Unknown,Unknown EMS Scene Arrival Hour,Unknown EMS Scene Arrival Minutes,Unknown,Unknown EMS Hospital Arrival Time,1,Dark - Lighted,Clear,1,1,['Driver'],['None_Used'],0,0,Valid,0.0,0.0,19.0,19.0,['Male'],2,0,2,4,3,Dry,Curve,Level,Lowest,No
10478,12,Florida,123083,0,1,1,0,1,NOT APPLICABLE,December,5,Tuesday,4,20,Urban,High Speed (Arterial),Yes,24.66485,-81.50569444,Non-Intersection,Dark - Not Lighted,Clear,Unknown,Unknown,Unknown EMS Scene Arrival Hour,Unknown EMS Scene Arrival Minutes,Not Applicable (Not Transported),Not Applicable (Not Transported),1,Dark - Unlighted,Clear,1,0,['Driver'],['Shoulder_Lapbelt'],0,0,Valid,0.0,0.0,61.0,61.0,['Male'],0,0,4,4,3,Dry,Curve,Level,Lowest,No
10479,12,Florida,123084,0,2,2,0,4,NOT APPLICABLE,November,26,Sunday,4,20,Urban,High Speed (Arterial),Yes,26.42499722,-80.17159722,Non-Intersection,Dark - Unknown Lighting,Clear,Unknown,Unknown,Unknown EMS Scene Arrival Hour,Unknown EMS Scene Arrival Minutes,Unknown,Unknown EMS Hospital Arrival Time,1,Dark - Unlighted,Clear,1,3,['Front_Passenger'],['None_Used'],1,1,Valid,1.0,0.0,29.0,22.0,"['Male', 'Male']",0,0,4,4,5,Dry,Straight,Level,Medium,No
10480,12,Florida,123085,0,4,4,0,9,DAVIE,December,2,Saturday,20,45,Urban,High Speed (Arterial),Yes,26.08506111,-80.20305556,Non-Intersection,Dark - Not Lighted,Clear,Unknown,Unknown,Unknown EMS Scene Arrival Hour,Unknown EMS Scene Arrival Minutes,Not Applicable (Not Transported),Not Applicable (Not Transported),1,Dark - Unlighted,Clear,1,8,['Rear_Seat'],['None_Used'],0,0,Valid,0.0,1.0,74.0,21.0,"['Female', 'Male', 'Female', 'Male']",0,0,3,2,5,Dry,Straight,Level,Lowest,No
10481,12,Florida,123086,0,2,2,0,4,NOT APPLICABLE,December,7,Thursday,18,20,Rural,Medium Speed (Collector),No,30.09777778,-83.608625,Non-Intersection,Dark - Not Lighted,Clear,Unknown,Unknown,Unknown EMS Scene Arrival Hour,Unknown EMS Scene Arrival Minutes,Unknown,Unknown EMS Hospital Arrival Time,1,Dark - Unlighted,Clear,1,3,['Driver'],['None_Used'],1,1,Valid,0.0,0.0,39.0,21.0,"['Male', 'Male']",1,0,3,4,5,Dry,Straight,Level,Lowest,No
10482,12,Florida,123087,0,1,1,0,1,NOT APPLICABLE,December,7,Thursday,23,39,Urban,Medium Speed (Collector),No,27.93821111,-82.01771944,Non-Intersection,Dark - Not Lighted,Clear,Unknown,Unknown,Unknown EMS Scene Arrival Hour,Unknown EMS Scene Arrival Minutes,Not Applicable (Not Transported),Not Applicable (Not Transported),1,Dark - Unlighted,Clear,1,0,['Driver'],['None_Used'],0,0,Valid,0.0,0.0,22.0,22.0,['Male'],0,0,2,4,3,Dry,Straight,Level,Lowest,No
10483,12,Florida,123088,1,1,1,0,1,CAPE CORAL,December,7,Thursday,17,50,Urban,High Speed (Arterial),Yes,26.64913056,-81.94111111,Non-Intersection,Dusk,Clear,Unknown,Unknown,Unknown EMS Scene Arrival Hour,Unknown EMS Scene Arrival Minutes,Unknown,Unknown EMS Hospital Arrival Time,1,Twilight,Clear,0,1,[],[],0,0,Valid,0.0,0.0,65.0,65.0,['Female'],0,0,3,3,4,Dry,Straight,Level,Lowest,No
10484,12,Florida,123089,0,1,1,0,1,SAINT PETERSBURG,December,3,Sunday,10,50,Urban,High Speed (Arterial),Yes,27.79094167,-82.72854167,Non-Intersection,Daylight,Clear,Unknown,Unknown,Unknown EMS Scene Arrival Hour,Unknown EMS Scene Arrival Minutes,Unknown,Unknown EMS Hospital Arrival Time,1,Daylight,Clear,1,0,['Driver'],['None_Used'],0,0,Invalid,0.0,0.0,56.0,56.0,['Female'],0,0,5,2,3,Dry,Straight,Level,Lowest,No
10485,12,Florida,123090,0,2,2,0,3,NOT APPLICABLE,December,9,Saturday,14,50,Urban,Medium Speed (Collector),No,26.97971667,-82.15603056,Simple Junction,Daylight,Clear,Unknown,Unknown,Unknown EMS Scene Arrival Hour,Unknown EMS Scene Arrival Minutes,Unknown,Unknown EMS Hospital Arrival Time,1,Daylight,Clear,1,2,['Driver'],['None_Used'],0,0,Valid,0.0,0.0,42.0,42.0,"['Male', 'Male']",0,0,5,4,5,Dry,Straight,Level,Lowest,No
10486,12,Florida,123091,0,2,2,0,2,NOT APPLICABLE,December,10,Sunday,18,30,Rural,High Speed (Arterial),Yes,30.12491944,-84.386125,Non-Intersection,Dark - Not Lighted,Rain,Unknown,Unknown,Unknown EMS Scene Arrival Hour,Unknown EMS Scene Arrival Minutes,Unknown,Unknown EMS Hospital Arrival Time,2,Dark - Unlighted,Rain/Wind/Minor,2,0,"['Driver', 'Driver']","['Shoulder_Lapbelt', 'Shoulder_Lapbelt']",1,1,Valid,0.0,1.0,63.0,52.0,"['Male', 'Female']",0,0,3,4,5,Wet/Standing Water,Straight,Level,Lowest,No
10487,12,Florida,123094,1,1,1,0,1,HOMESTEAD,December,3,Sunday,1,10,Urban,Medium Speed (Collector),No,25.44812222,-80.45908056,Non-Intersection,Dark - Lighted,Clear,Unknown,Unknown,Unknown EMS Scene Arrival Hour,Unknown EMS Scene Arrival Minutes,Unknown,Unknown EMS Hospital Arrival Time,1,Dark - Lighted,Clear,0,0,[],[],0,0,Invalid,0.0,0.0,999.0,999.0,['Other'],0,0,1,0,4,Dry,Straight,Level,Lowest,No
10488,12,Florida,123095,0,2,2,0,4,NOT APPLICABLE,December,8,Friday,8,55,Urban,High Speed (Arterial),Yes,28.35243056,-81.67601667,Complex/Circle,Daylight,Clear,Unknown,Unknown,Unknown EMS Scene Arrival Hour,Unknown EMS Scene Arrival Minutes,Unknown,Unknown EMS Hospital Arrival Time,1,Daylight,Clear,1,3,['Driver'],['Shoulder_Lapbelt'],0,0,Valid,0.0,0.0,80.0,57.0,"['Female', 'Male']",0,0,3,4,5,Dry,Straight,Level,Lowest,No
10489,12,Florida,123096,0,2,2,0,4,CRESTVIEW,December,27,Wednesday,22,27,Urban,High Speed (Arterial),Yes,30.75335,-86.56413333,Simple Junction,Dark - Lighted,Clear,Unknown,Unknown,Unknown EMS Scene Arrival Hour,Unknown EMS Scene Arrival Minutes,Unknown,Unknown EMS Hospital Arrival Time,1,Dark - Lighted,Clear,1,3,['Driver'],['None_Used'],0,0,Valid,0.0,2.0,31.0,23.0,"['Female', 'Male']",0,0,5,4,5,Dry,Straight,Level,Lowest,No
10490,12,Florida,123097,1,1,1,0,1,LAKE WORTH,December,27,Wednesday,12,36,Urban,Medium Speed (Collector),No,26.64281667,-80.05641667,Non-Intersection,Daylight,Clear,Unknown,Unknown,Unknown EMS Scene Arrival Hour,Unknown EMS Scene Arrival Minutes,Unknown,Unknown EMS Hospital Arrival Time,1,Daylight,Clear,0,1,[],[],0,0,Valid,0.0,0.0,29.0,29.0,['Female'],0,0,2,2,4,Dry,Straight,Level,Lowest,No
10491,12,Florida,123098,1,1,1,0,3,VERO BEACH,December,10,Sunday,2,18,Urban,Medium Speed (Collector),No,27.65107222,-80.38337778,Non-Intersection,Dark - Lighted,Clear,Unknown,Unknown,Unknown EMS Scene Arrival Hour,Unknown EMS Scene Arrival Minutes,Not Applicable (Not Transported),Not Applicable (Not Transported),1,Dark - Lighted,Clear,0,3,[],[],1,1,Invalid,0.0,0.0,24.0,24.0,['Female'],0,0,2,4,4,Dry,Straight,Level,Lowest,No
10492,12,Florida,123099,0,3,3,0,5,NOT APPLICABLE,December,14,Thursday,7,35,Urban,Medium Speed (Collector),No,26.28423889,-81.75413056,Non-Intersection,Daylight,Cloudy,Unknown,Unknown,Unknown EMS Scene Arrival Hour,Unknown EMS Scene Arrival Minutes,Not Applicable (Not Transported),Not Applicable (Not Transported),1,Daylight,Reduced Visibility,1,4,['Driver'],['None_Used'],0,0,Valid,0.0,1.0,43.0,17.0,"['Male', 'Male', 'Female']",0,0,3,4,5,Dry,Straight,Level,Lowest,No