,State_Code,State_Name,Crash_ID,Count_Non_Motorists,Count_Vehicles_Total,Count_Vehicle_Forms,Count_PVH_Involved,Count_Occupants_MV,City_Name,Month_Name,Day_of_Month,Day_of_Week,Crash_Hour,Crash_Minute,Area_Rural_Urban,Road_Functional_Class,On_NHS_Road,Latitude,Longitude,Intersection_Type,Light_Condition,Weather_Condition,Notif_Hour,Notif_Minute,Arrival_Hour,Arrival_Minute,Hospital_Hour,Hospital_Minute,Fatalities_Count,Clean_Light_Condition,Clean_Weather_Condition,Total_Killed,Total_Alive,Fatal_Seats_List,Killed_Restraint_List,Any_Driver_Drinking,Total_Drinking_Drivers,Driver_License_Category,Driver_Max_Prev_Accident_Count,Driver_Max_Prev_Speeding_Count,Max_Driver_Age,Min_Driver_Age,Driver_Sex_List,Total_Exceeding_Limit_Vehicles,Total_Too_Fast_Vehicles,Max_Vehicle_Type_Severity_5,Max_Vehicle_Damage_Rank,Max_Harmful_Event_Severity,Crash_Road_Surface_Condition,Crash_Horizontal_Alignment,Crash_Vertical_Profile,Crash_Impairment_Category,Crash_Vehicle_Defect
10493,12,Florida,123100,1,1,1,0,2,NOT APPLICABLE,December,14,Thursday,16,45,Urban,High Speed (Arterial),Yes,29.62685278,-82.39261667,Non-Intersection,Daylight,Cloudy,Unknown,Unknown,Unknown EMS Scene Arrival Hour,Unknown EMS Scene Arrival Minutes,Unknown,Unknown EMS Hospital Arrival Time,1,Daylight,Reduced Visibility,0,2,[],[],0,0,Valid,0.0,3.0,25.0,25.0,['Male'],0,0,4,2,4,Dry,Straight,Level,Lowest,No
10494,12,Florida,123101,0,1,1,0,1,NOT APPLICABLE,December,15,Friday,6,56,Urban,High Speed (Arterial),Yes,27.74391667,-82.38202222,Non-Intersection,Dawn,Cloudy,Unknown,Unknown,Unknown EMS Scene Arrival Hour,Officially Cancelled,Unknown,Officially Canceled,1,Twilight,Reduced Visibility,1,0,['Driver'],['Shoulder_Lapbelt'],0,0,Invalid,0.0,0.0,42.0,42.0,['Male'],0,0,3,4,3,Dry,Curve,Level,Lowest,No
10495,12,Florida,123102,0,1,1,0,1,PALM COAST,December,17,Sunday,13,10,Urban,Medium Speed (Collector),No,29.487725,-81.18595556,Non-Intersection,Daylight,Cloudy,Unknown,Unknown,Unknown EMS Scene Arrival Hour,Unknown EMS Scene Arrival Minutes,Not Applicable (Not Transported),Not Applicable (Not Transported),1,Daylight,Reduced Visibility,1,0,['Driver'],['Shoulder_Lapbelt'],1,1,Valid,0.0,0.0,27.0,27.0,['Male'],0,0,3,4,3,Wet/Standing Water,Curve,Level,Lowest,No
10496,12,Florida,123103,0,3,3,0,3,JACKSONVILLE,December,15,Friday,11,45,Urban,Medium Speed (Collector),No,30.40783333,-81.649525,Non-Intersection,Daylight,Rain,Unknown,Unknown,Unknown EMS Scene Arrival Hour,Unknown EMS Scene Arrival Minutes,Unknown,Unknown EMS Hospital Arrival Time,1,Daylight,Rain/Wind/Minor,1,2,['Driver'],['Shoulder_Lapbelt'],0,0,Valid,0.0,1.0,66.0,19.0,"['Male', 'Female', 'Male']",0,0,3,4,5,Wet/Standing Water,Straight,Level,Lowest,No
10497,12,Florida,123104,0,1,1,0,1,NOT APPLICABLE,December,18,Monday,1,52,Urban,Medium Speed (Collector),No,28.39176667,-81.496925,Non-Intersection,Dark - Lighted,Clear,Unknown,Unknown,Unknown EMS Scene Arrival Hour,Unknown EMS Scene Arrival Minutes,Unknown,Unknown EMS Hospital Arrival Time,1,Dark - Lighted,Clear,1,0,['Driver'],['None_Used'],1,1,Invalid,0.0,0.0,39.0,39.0,['Male'],1,0,2,4,3,Wet/Standing Water,Straight,Level,Lowest,No
10498,12,Florida,123105,0,2,2,0,2,NOT APPLICABLE,December,13,Wednesday,13,48,Rural,Medium Speed (Collector),No,26.78026667,-82.03810556,Simple Junction,Daylight,Cloudy,Unknown,Unknown,Unknown EMS Scene Arrival Hour,Unknown EMS Scene Arrival Minutes,Unknown,Unknown EMS Hospital Arrival Time,1,Daylight,Reduced Visibility,1,1,['Driver'],['Shoulder_Lapbelt'],0,0,Valid,1.0,0.0,88.0,67.0,"['Male', 'Female']",0,0,3,4,5,Dry,Straight,Level,Lowest,No
10499,12,Florida,123106,0,2,2,0,3,NOT APPLICABLE,December,14,Thursday,1,0,Urban,High Speed (Arterial),Yes,28.67311944,-81.4805,Non-Intersection,Dark - Lighted,Clear,Unknown,Unknown,Unknown EMS Scene Arrival Hour,Unknown EMS Scene Arrival Minutes,Unknown,Unknown EMS Hospital Arrival Time,1,Dark - Lighted,Clear,1,2,['Driver'],['None_Used'],1,1,Invalid,0.0,0.0,25.0,19.0,"['Male', 'Male']",0,0,2,4,5,Dry,Straight,Level,Lowest,No
10500,12,Florida,123107,0,2,2,0,2,HAMMONDVILLE,December,22,Friday,20,42,Urban,Medium Speed (Collector),No,26.25465,-80.22893056,Non-Intersection,Dark - Lighted,Clear,Unknown,Unknown,Unknown EMS Scene Arrival Hour,Officially Cancelled,Unknown,Officially Canceled,1,Dark - Lighted,Clear,1,1,['Driver'],['Shoulder_Lapbelt'],0,0,Valid,0.0,0.0,64.0,20.0,"['Male', 'Male']",0,0,2,4,5,Dry,Straight,Level,Lowest,No
10501,12,Florida,123108,0,1,1,0,1,NOT APPLICABLE,December,22,Friday,16,48,Rural,High Speed (Arterial),Yes,30.63363333,-81.85588056,Non-Intersection,Daylight,Cloudy,Unknown,Unknown,Unknown EMS Scene Arrival Hour,Unknown EMS Scene Arrival Minutes,Not Applicable (Not Transported),Not Applicable (Not Transported),1,Daylight,Reduced Visibility,1,0,['Driver'],['None_Used'],1,1,Valid,0.0,1.0,35.0,35.0,['Female'],0,0,3,4,3,Dry,Curve,Level,Lowest,No
10502,12,Florida,123109,0,1,1,0,1,NOT APPLICABLE,December,22,Friday,22,10,Rural,Medium Speed (Collector),No,28.48901389,-82.38350833,Non-Intersection,Dark - Not Lighted,Clear,Unknown,Unknown,Unknown EMS Scene Arrival Hour,Unknown EMS Scene Arrival Minutes,Not Applicable (Not Transported),Not Applicable (Not Transported),1,Dark - Unlighted,Clear,1,0,['Driver'],['None_Used'],0,0,Valid,1.0,4.0,32.0,32.0,['Male'],0,0,5,4,3,Dry,Curve,Grade/Hillcrest,Lowest,No
10503,12,Florida,123110,1,1,1,0,1,HALLANDALE BEACH,December,21,Thursday,21,12,Urban,Medium Speed (Collector),No,25.975025,-80.14761944,Non-Intersection,Dark - Lighted,Clear,Unknown,Unknown,Unknown EMS Scene Arrival Hour,Unknown EMS Scene Arrival Minutes,Unknown,Unknown EMS Hospital Arrival Time,1,Dark - Lighted,Clear,0,1,[],[],0,0,Valid,0.0,0.0,51.0,51.0,['Male'],0,0,3,4,4,Dry,Straight,Level,Lowest,No
10504,12,Florida,123111,1,1,1,0,3,NOT APPLICABLE,December,19,Tuesday,21,26,Urban,Medium Speed (Collector),No,25.84676389,-80.2186,Simple Junction,Dusk,Clear,Unknown,Unknown,Unknown EMS Scene Arrival Hour,Unknown EMS Scene Arrival Minutes,Not Applicable (Not Transported),Not Applicable (Not Transported),1,Twilight,Clear,0,3,[],[],0,0,Valid,0.0,0.0,30.0,30.0,['Female'],0,0,3,2,4,Dry,Straight,Level,Lowest,No
10505,12,Florida,123112,0,2,2,0,3,DEERFIELD BEACH,December,19,Tuesday,21,6,Urban,Medium Speed (Collector),No,26.27511944,-80.11376667,Complex/Circle,Dark - Lighted,Clear,Unknown,Unknown,Unknown EMS Scene Arrival Hour,Unknown EMS Scene Arrival Minutes,Unknown,Unknown EMS Hospital Arrival Time,1,Dark - Lighted,Clear,1,2,['Driver'],['None_Used'],0,0,Valid,0.0,2.0,41.0,24.0,"['Male', 'Male']",0,0,5,4,5,Dry,Straight,Level,Lowest,No
10506,12,Florida,123113,1,1,1,0,2,NOT APPLICABLE,December,22,Friday,22,0,Urban,High Speed (Arterial),Yes,27.84494444,-82.38157778,Simple Junction,Dark - Lighted,Clear,Unknown,Unknown,Unknown EMS Scene Arrival Hour,Unknown EMS Scene Arrival Minutes,Not Applicable (Not Transported),Not Applicable (Not Transported),1,Dark - Lighted,Clear,0,2,[],[],0,0,Valid,0.0,0.0,57.0,57.0,['Male'],0,0,2,4,4,Dry,Straight,Level,Lowest,No
10507,12,Florida,123114,0,3,3,0,3,NOT APPLICABLE,December,18,Monday,18,4,Urban,High Speed (Arterial),Yes,29.97632778,-81.634025,Non-Intersection,Dusk,Clear,Unknown,Unknown,Unknown EMS Scene Arrival Hour,Unknown EMS Scene Arrival Minutes,Unknown,Unknown EMS Hospital Arrival Time,1,Twilight,Clear,1,2,['Driver'],['Shoulder_Lapbelt'],1,1,Valid,0.0,0.0,84.0,23.0,"['Male', 'Female', 'Male']",0,0,3,4,5,Dry,Curve,Level,Lowest,No
10508,12,Florida,123115,0,3,3,0,7,NOT APPLICABLE,December,7,Thursday,18,1,Urban,High Speed (Arterial),Yes,28.40400556,-81.69771111,Complex/Circle,Dusk,Clear,Unknown,Unknown,Unknown EMS Scene Arrival Hour,Unknown EMS Scene Arrival Minutes,Unknown,Unknown EMS Hospital Arrival Time,1,Twilight,Clear,1,6,['Driver'],['None_Used'],0,0,Valid,0.0,0.0,71.0,49.0,"['Female', 'Male', 'Male']",0,0,3,4,5,Dry,Straight,Level,Lowest,No
10509,12,Florida,123116,2,1,1,0,1,PALATKA,December,13,Wednesday,18,15,Urban,Low Speed (Local),No,29.66284167,-81.66008333,Non-Intersection,Dark - Not Lighted,Cloudy,Unknown,Unknown,Unknown EMS Scene Arrival Hour,Unknown EMS Scene Arrival Minutes,Unknown,Unknown EMS Hospital Arrival Time,1,Dark - Unlighted,Reduced Visibility,0,1,[],[],0,0,Valid,0.0,0.0,51.0,51.0,['Male'],0,0,1,1,4,Wet/Standing Water,Straight,Level,Lowest,No
10510,12,Florida,123117,0,2,2,0,2,NOT APPLICABLE,December,19,Tuesday,4,33,Urban,High Speed (Arterial),Yes,28.60466667,-81.38665833,Non-Intersection,Dark - Lighted,Clear,Unknown,Unknown,Unknown EMS Scene Arrival Hour,Unknown EMS Scene Arrival Minutes,Unknown,Unknown EMS Hospital Arrival Time,1,Dark - Lighted,Clear,1,1,['Driver'],['Shoulder_Lapbelt'],0,0,Valid,0.0,0.0,50.0,32.0,"['Female', 'Female']",0,0,2,4,5,Dry,Straight,Level,Lowest,No
10511,12,Florida,123118,0,2,2,0,3,NOT APPLICABLE,December,19,Tuesday,19,7,Rural,Low Speed (Local),No,30.93026111,-85.97878889,Non-Intersection,Dark - Not Lighted,Clear,Unknown,Unknown,Unknown EMS Scene Arrival Hour,Unknown EMS Scene Arrival Minutes,Unknown,Unknown EMS Hospital Arrival Time,1,Dark - Unlighted,Clear,1,2,['Driver'],['None_Used'],0,0,Valid,0.0,1.0,28.0,27.0,"['Male', 'Female']",0,0,2,4,5,Dry,Straight,Grade/Hillcrest,Lowest,No
10512,12,Florida,123119,0,2,2,0,2,NOT APPLICABLE,December,13,Wednesday,22,53,Urban,High Speed (Arterial),Yes,28.61752778,-81.20778889,Simple Junction,Dark - Lighted,Clear,Unknown,Unknown,Unknown EMS Scene Arrival Hour,Unknown EMS Scene Arrival Minutes,Unknown,Unknown EMS Hospital Arrival Time,1,Dark - Lighted,Clear,1,1,['Driver'],['None_Used'],0,0,Valid,0.0,0.0,22.0,19.0,"['Male', 'Male']",1,0,5,4,5,Dry,Straight,Level,Lowest,No
10513,12,Florida,123120,0,1,1,0,1,NOT APPLICABLE,December,14,Thursday,3,31,Rural,Low Speed (Local),No,29.48707778,-81.578375,Non-Intersection,Dark - Not Lighted,Cloudy,Unknown,Unknown,Unknown EMS Scene Arrival Hour,Officially Cancelled,Unknown,Officially Canceled,1,Dark - Unlighted,Reduced Visibility,1,0,['Driver'],['None_Used'],1,1,Invalid,0.0,0.0,26.0,26.0,['Female'],1,0,3,4,3,Dry,Curve,Level,Lowest,No
10514,12,Florida,123121,1,1,1,0,1,NOT APPLICABLE,December,15,Friday,6,30,Urban,High Speed (Arterial),Yes,28.55179167,-81.50487778,Complex/Circle,Dark - Lighted,Clear,Unknown,Unknown,Unknown EMS Scene Arrival Hour,Unknown EMS Scene Arrival Minutes,Unknown,Unknown EMS Hospital Arrival Time,1,Dark - Lighted,Clear,0,1,[],[],0,0,Valid,0.0,1.0,40.0,40.0,['Male'],0,0,3,1,4,Dry,Straight,Level,Lowest,No
10515,12,Florida,123122,0,1,1,0,2,TITUSVILLE,December,16,Saturday,4,10,Urban,Medium Speed (Collector),No,28.60791111,-80.81856389,Complex/Circle,Dark - Not Lighted,Clear,Unknown,Unknown,Unknown EMS Scene Arrival Hour,Unknown EMS Scene Arrival Minutes,Unknown,Unknown EMS Hospital Arrival Time,1,Dark - Unlighted,Clear,1,1,['Rear_Seat'],['None_Used'],0,0,Valid,0.0,5.0,34.0,34.0,['Male'],0,0,5,3,3,Dry,Straight,Level,Lowest,No
10516,12,Florida,123123,1,1,1,0,1,NOT APPLICABLE,December,13,Wednesday,21,0,Urban,High Speed (Arterial),Yes,30.18888333,-81.73921944,Non-Intersection,Dark - Lighted,Clear,Unknown,Unknown,Unknown EMS Scene Arrival Hour,Officially Cancelled,Unknown,Officially Canceled,1,Dark - Lighted,Clear,0,1,[],[],0,0,Valid,0.0,5.0,44.0,44.0,['Male'],0,0,2,3,4,Dry,Straight,Level,Lowest,No
10517,12,Florida,123124,0,2,2,0,3,TAMARAC,December,20,Wednesday,8,55,Urban,High Speed (Arterial),Yes,26.12153056,-80.21783611,Non-Intersection,Daylight,Cloudy,Unknown,Unknown,Unknown EMS Scene Arrival Hour,Unknown EMS Scene Arrival Minutes,Unknown,Unknown EMS Hospital Arrival Time,1,Daylight,Reduced Visibility,1,2,['Driver'],['None_Used'],0,0,Valid,0.0,1.0,32.0,29.0,"['Male', 'Female']",0,0,5,4,5,Dry,Straight,Level,Lowest,No
10518,12,Florida,123125,0,3,3,0,8,NOT APPLICABLE,December,17,Sunday,21,35,Urban,High Speed (Arterial),Yes,26.68253889,-81.87908889,Non-Intersection,Dark - Lighted,Clear,Unknown,Unknown,Unknown EMS Scene Arrival Hour,Unknown EMS Scene Arrival Minutes,Unknown,Unknown EMS Hospital Arrival Time,2,Dark - Lighted,Clear,2,6,"['Driver', 'Rear_Seat']","['None_Used', 'Child_Safety']",1,1,Invalid,0.0,0.0,46.0,22.0,"['Male', 'Male', 'Female']",0,0,3,4,5,Dry,Straight,Level,Lowest,No
10519,12,Florida,123126,1,1,1,0,1,NOT APPLICABLE,December,21,Thursday,2,56,Urban,High Speed (Arterial),Yes,29.34393333,-81.14178333,Non-Intersection,Dark - Not Lighted,Clear,Unknown,Unknown,Unknown EMS Scene Arrival Hour,Unknown EMS Scene Arrival Minutes,Not Applicable (Not Transported),Not Applicable (Not Transported),1,Dark - Unlighted,Clear,0,1,[],[],0,0,Valid,0.0,0.0,33.0,33.0,['Female'],0,0,2,4,4,Dry,Straight,Level,Lowest,No
10520,12,Florida,123127,0,2,1,1,2,NOT APPLICABLE,December,22,Friday,3,14,Rural,High Speed (Arterial),Yes,30.43057222,-83.58117222,Non-Intersection,Dark - Not Lighted,Clear,Unknown,Unknown,Unknown EMS Scene Arrival Hour,Unknown EMS Scene Arrival Minutes,Unknown,Unknown EMS Hospital Arrival Time,1,Dark - Unlighted,Clear,1,1,['Front_Passenger'],['Shoulder_Lapbelt'],0,0,Invalid,0.0,0.0,64.0,64.0,['Male'],0,0,3,4,5,Dry,Straight,Grade/Hillcrest,Medium,No
10521,12,Florida,123128,0,2,2,0,2,MELBOURNE,December,19,Tuesday,20,10,Rural,High Speed (Arterial),Yes,28.09214167,-80.85575556,Non-Intersection,Dark - Not Lighted,Clear,Unknown,Unknown,Unknown EMS Scene Arrival Hour,Unknown EMS Scene Arrival Minutes,Unknown,Unknown EMS Hospital Arrival Time,1,Dark - Unlighted,Clear,1,1,['Driver'],['Shoulder_Lapbelt'],0,0,Valid,0.0,0.0,73.0,24.0,"['Female', 'Male']",0,0,3,4,5,Dry,Straight,Level,Lowest,No
10522,12,Florida,123129,0,2,2,0,5,NOT APPLICABLE,December,23,Saturday,9,32,Rural,High Speed (Arterial),Yes,29.27591667,-82.15205833,Complex/Circle,Daylight,Clear,Unknown,Unknown,Unknown EMS Scene Arrival Hour,Unknown EMS Scene Arrival Minutes,Unknown,Unknown EMS Hospital Arrival Time,1,Daylight,Clear,1,4,['Driver'],['Shoulder_Lapbelt'],0,0,Valid,0.0,0.0,76.0,38.0,"['Female', 'Female']",0,0,3,4,5,Dry,Straight,Level,Lowest,No
10523,12,Florida,123130,1,3,2,1,2,NOT APPLICABLE,December,19,Tuesday,14,11,Urban,Medium Speed (Collector),No,25.77544167,-80.21471111,Complex/Circle,Daylight,Clear,Unknown,Unknown,Unknown EMS Scene Arrival Hour,Unknown EMS Scene Arrival Minutes,Unknown,Unknown EMS Hospital Arrival Time,1,Daylight,Clear,1,1,['Driver'],['Shoulder_Lapbelt'],0,0,Invalid,0.0,0.0,54.0,36.0,"['Male', 'Female']",0,0,4,4,5,Dry,Straight,Level,Lowest,No
10524,12,Florida,123132,0,4,4,0,6,NOT APPLICABLE,December,21,Thursday,10,50,Urban,Medium Speed (Collector),No,25.72931667,-80.4124,Non-Intersection,Daylight,Clear,Unknown,Unknown,Unknown EMS Scene Arrival Hour,Unknown EMS Scene Arrival Minutes,Unknown,Unknown EMS Hospital Arrival Time,1,Daylight,Clear,1,5,['Driver'],['Shoulder_Lapbelt'],0,0,Valid,0.0,0.0,77.0,47.0,"['Male', 'Female', 'Female', 'Male']",0,0,3,4,5,Dry,Straight,Level,Lowest,No
10525,12,Florida,123133,0,2,2,0,3,NOT APPLICABLE,December,22,Friday,9,17,Urban,High Speed (Arterial),Yes,27.44775,-82.57548333,Complex/Circle,Daylight,Cloudy,9:00am-9:59am,19,9:00am-9:59am,23,Unknown,Unknown EMS Hospital Arrival Time,1,Daylight,Reduced Visibility,1,2,['Front_Passenger'],['Shoulder_Lapbelt'],0,0,Valid,0.0,1.0,70.0,51.0,"['Male', 'Male']",0,0,3,4,5,Dry,Straight,Level,Lowest,No
10526,12,Florida,123134,1,1,1,0,1,MELBOURNE,December,25,Monday,0,18,Urban,High Speed (Arterial),Yes,28.07996667,-80.60353333,Complex/Circle,Dark - Lighted,Clear,Unknown,Unknown,Unknown EMS Scene Arrival Hour,Unknown EMS Scene Arrival Minutes,Unknown,Unknown EMS Hospital Arrival Time,1,Dark - Lighted,Clear,0,0,[],[],0,0,Invalid,0.0,0.0,999.0,999.0,['Other'],0,0,2,3,4,Dry,Straight,Level,Lowest,No
10527,12,Florida,123135,2,1,1,0,2,PORT RICHEY,December,25,Monday,0,19,Urban,High Speed (Arterial),Yes,28.27312778,-82.72268889,Non-Intersection,Dark - Lighted,Clear,Unknown,Unknown,Unknown EMS Scene Arrival Hour,Unknown EMS Scene Arrival Minutes,Unknown,Unknown EMS Hospital Arrival Time,1,Dark - Lighted,Clear,0,2,[],[],0,0,Valid,0.0,0.0,24.0,24.0,['Male'],0,0,2,3,4,Dry,Straight,Level,Lowest,No
10528,12,Florida,123136,0,3,3,0,6,NOT APPLICABLE,December,20,Wednesday,17,20,Urban,High Speed (Arterial),Yes,28.56833056,-81.26641667,Simple Junction,Daylight,Clear,Unknown,Unknown,Unknown EMS Scene Arrival Hour,Unknown EMS Scene Arrival Minutes,Unknown,Unknown EMS Hospital Arrival Time,1,Daylight,Clear,1,5,['Driver'],['Shoulder_Lapbelt'],0,0,Valid,0.0,0.0,30.0,20.0,"['Female', 'Male', 'Female']",0,0,3,4,5,Dry,Straight,Level,Lowest,No
10529,12,Florida,123137,1,1,1,0,1,SAINT CLOUD,January,31,Tuesday,8,5,Urban,High Speed (Arterial),Yes,28.25055,-81.31243056,Non-Intersection,Daylight,Clear,Unknown,Unknown,Unknown EMS Scene Arrival Hour,Unknown EMS Scene Arrival Minutes,Not Applicable (Not Transported),Not Applicable (Not Transported),1,Daylight,Clear,0,1,[],[],0,0,Valid,0.0,1.0,26.0,26.0,['Male'],0,0,2,3,4,Dry,Straight,Level,Lowest,No
10530,12,Florida,123138,0,2,2,0,3,NOT APPLICABLE,December,18,Monday,18,36,Urban,High Speed (Arterial),Yes,27.43433333,-81.36321389,Complex/Circle,Dark - Not Lighted,Clear,Unknown,Unknown,Unknown EMS Scene Arrival Hour,Unknown EMS Scene Arrival Minutes,Not Applicable (Not Transported),Not Applicable (Not Transported),2,Dark - Unlighted,Clear,2,1,"['Driver', 'Rear_Seat']","['None_Used', 'None_Used']",0,0,Valid,0.0,0.0,41.0,40.0,"['Male', 'Male']",0,0,5,4,5,Dry,Straight,Level,Lowest,No
10531,12,Florida,123139,1,1,1,0,1,ORANGE PARK,December,25,Monday,21,10,Urban,Medium Speed (Collector),No,30.16806944,-81.713175,Non-Intersection,Dark - Lighted,Cloudy,Unknown,Unknown,Unknown EMS Scene Arrival Hour,Unknown EMS Scene Arrival Minutes,Not Applicable (Not Transported),Not Applicable (Not Transported),1,Dark - Lighted,Reduced Visibility,0,1,[],[],0,0,Valid,0.0,0.0,27.0,27.0,['Male'],0,0,3,2,4,Wet/Standing Water,Straight,Level,Lowest,No
10532,12,Florida,123140,0,2,2,0,2,NOT APPLICABLE,December,22,Friday,8,7,Urban,Medium Speed (Collector),No,26.51990278,-81.94184444,Complex/Circle,Daylight,Cloudy,Unknown,Unknown,Unknown EMS Scene Arrival Hour,Unknown EMS Scene Arrival Minutes,Not Applicable (Not Transported),Not Applicable (Not Transported),1,Daylight,Reduced Visibility,1,1,['Driver'],['None_Used'],0,0,Valid,0.0,0.0,29.0,21.0,"['Male', 'Female']",1,0,5,4,5,Dry,Straight,Level,Lowest,No
10533,12,Florida,123141,0,1,1,0,1,NOT APPLICABLE,December,19,Tuesday,5,55,Rural,High Speed (Arterial),Yes,27.224025,-80.40206944,Non-Intersection,Dark - Not Lighted,Clear,Unknown,Unknown,Unknown EMS Scene Arrival Hour,Unknown EMS Scene Arrival Minutes,Not Applicable (Not Transported),Not Applicable (Not Transported),1,Dark - Unlighted,Clear,1,0,['Driver'],['None_Used'],0,0,Valid,0.0,0.0,65.0,65.0,['Male'],0,0,3,4,3,Dry,Straight,Level,Lowest,No
10534,12,Florida,123142,1,2,2,0,4,NOT APPLICABLE,December,19,Tuesday,20,27,Rural,Low Speed (Local),No,27.52260556,-82.595375,Non-Intersection,Dark - Not Lighted,Clear,Unknown,Unknown,Unknown EMS Scene Arrival Hour,Unknown EMS Scene Arrival Minutes,Not Applicable (Not Transported),Not Applicable (Not Transported),1,Dark - Unlighted,Clear,0,4,[],[],0,0,Valid,1.0,0.0,52.0,21.0,"['Male', 'Female']",0,0,3,3,4,Dry,Straight,Level,Lowest,No
10535,12,Florida,123143,0,2,2,0,3,WILDWOOD,December,26,Tuesday,9,8,Rural,High Speed (Arterial),Yes,28.78413056,-81.97890278,Non-Intersection,Daylight,Cloudy,Unknown,Unknown,Unknown EMS Scene Arrival Hour,Unknown EMS Scene Arrival Minutes,Unknown,Unknown EMS Hospital Arrival Time,1,Daylight,Reduced Visibility,1,2,['Driver'],['Shoulder_Lapbelt'],0,0,Valid,1.0,0.0,85.0,57.0,"['Male', 'Male']",0,0,4,4,5,Dry,Straight,Level,Lowest,No
10536,12,Florida,123144,1,1,1,0,4,WEST PALM BEACH,December,29,Friday,23,7,Urban,Low Speed (Local),No,26.66499167,-80.06543611,Non-Intersection,Dark - Lighted,Clear,Unknown,Unknown,Unknown EMS Scene Arrival Hour,Unknown EMS Scene Arrival Minutes,Unknown,Unknown EMS Hospital Arrival Time,1,Dark - Lighted,Clear,0,4,[],[],0,0,Valid,0.0,1.0,34.0,34.0,['Female'],0,0,3,3,4,Dry,Straight,Level,Lowest,No
10537,12,Florida,123145,0,2,2,0,5,MIAMI,December,29,Friday,22,0,Urban,High Speed (Arterial),Yes,25.74661667,-80.21979444,Simple Junction,Dark - Lighted,Clear,Unknown,Unknown,Unknown EMS Scene Arrival Hour,Unknown EMS Scene Arrival Minutes,Unknown,Unknown EMS Hospital Arrival Time,1,Dark - Lighted,Clear,1,4,['Front_Passenger'],['None_Used'],0,0,Valid,0.0,1.0,60.0,16.0,"['Male', 'Female']",0,0,2,4,5,Dry,Straight,Level,Lowest,No
10538,12,Florida,123146,0,1,1,0,6,NOT APPLICABLE,December,23,Saturday,0,10,Rural,Low Speed (Local),No,29.60422222,-81.45853611,Non-Intersection,Dark - Not Lighted,Clear,Unknown,Unknown,Unknown EMS Scene Arrival Hour,Unknown EMS Scene Arrival Minutes,Not Applicable (Not Transported),Not Applicable (Not Transported),1,Dark - Unlighted,Clear,1,5,['Driver'],['None_Used'],1,1,Valid,0.0,0.0,17.0,17.0,['Male'],0,0,3,4,3,Dry,Straight,Level,Lowest,No
10539,12,Florida,123147,1,1,1,0,1,NOT APPLICABLE,December,23,Saturday,0,10,Urban,Medium Speed (Collector),No,28.459275,-82.54926667,Complex/Circle,Dark - Not Lighted,Clear,Unknown,Unknown,Unknown EMS Scene Arrival Hour,Unknown EMS Scene Arrival Minutes,Unknown,Unknown EMS Hospital Arrival Time,1,Dark - Unlighted,Clear,0,1,[],[],0,0,Valid,0.0,1.0,31.0,31.0,['Male'],0,0,2,3,4,Dry,Straight,Level,Lowest,No
10540,12,Florida,123148,1,4,4,0,8,NOT APPLICABLE,December,26,Tuesday,18,40,Rural,High Speed (Arterial),Yes,30.11425556,-82.04814722,Non-Intersection,Dark - Not Lighted,Clear,Unknown,Unknown,Unknown EMS Scene Arrival Hour,Unknown EMS Scene Arrival Minutes,Not Applicable (Not Transported),Not Applicable (Not Transported),1,Dark - Unlighted,Clear,0,8,[],[],0,0,Valid,0.0,0.0,66.0,44.0,"['Male', 'Female', 'Male', 'Male']",0,0,4,3,4,Dry,Straight,Level,Lowest,No
10541,12,Florida,123149,1,1,1,0,1,NOT APPLICABLE,December,24,Sunday,18,1,Urban,Medium Speed (Collector),No,27.97483889,-81.98890556,Non-Intersection,Dark - Lighted,Clear,Unknown,Unknown,Unknown EMS Scene Arrival Hour,Unknown EMS Scene Arrival Minutes,Not Applicable (Not Transported),Not Applicable (Not Transported),1,Dark - Lighted,Clear,0,1,[],[],1,1,Valid,1.0,0.0,67.0,67.0,['Male'],0,0,3,4,4,Dry,Straight,Level,Lowest,No
10542,12,Florida,123150,0,2,2,0,3,OCALA,December,26,Tuesday,18,44,Urban,High Speed (Arterial),Yes,29.19701944,-82.141875,Complex/Circle,Dark - Lighted,Clear,Unknown,Unknown,Unknown EMS Scene Arrival Hour,Unknown EMS Scene Arrival Minutes,Unknown,Unknown EMS Hospital Arrival Time,1,Dark - Lighted,Clear,1,2,['Rear_Seat'],['None_Used'],0,0,Valid,0.0,2.0,54.0,30.0,"['Male', 'Male']",0,0,5,4,5,Dry,Straight,Level,Lowest,No
10543,12,Florida,123151,0,3,3,0,6,NOT APPLICABLE,December,26,Tuesday,6,38,Rural,High Speed (Arterial),Yes,26.75385,-81.02144444,Non-Intersection,Dark - Not Lighted,Cloudy,Unknown,Unknown,Unknown EMS Scene Arrival Hour,Unknown EMS Scene Arrival Minutes,Unknown,Unknown EMS Hospital Arrival Time,1,Dark - Unlighted,Reduced Visibility,1,5,['Front_Passenger'],['Shoulder_Lapbelt'],0,0,Valid,0.0,0.0,51.0,23.0,"['Male', 'Male', 'Male']",0,0,4,4,5,Dry,Straight,Level,Lowest,No