,State_Code,State_Name,Crash_ID,Count_Non_Motorists,Count_Vehicles_Total,Count_Vehicle_Forms,Count_PVH_Involved,Count_Occupants_MV,City_Name,Month_Name,Day_of_Month,Day_of_Week,Crash_Hour,Crash_Minute,Area_Rural_Urban,Road_Functional_Class,On_NHS_Road,Latitude,Longitude,Intersection_Type,Light_Condition,Weather_Condition,Notif_Hour,Notif_Minute,Arrival_Hour,Arrival_Minute,Hospital_Hour,Hospital_Minute,Fatalities_Count,Clean_Light_Condition,Clean_Weather_Condition,Total_Killed,Total_Alive,Fatal_Seats_List,Killed_Restraint_List,Any_Driver_Drinking,Total_Drinking_Drivers,Driver_License_Category,Driver_Max_Prev_Accident_Count,Driver_Max_Prev_Speeding_Count,Max_Driver_Age,Min_Driver_Age,Driver_Sex_List,Total_Exceeding_Limit_Vehicles,Total_Too_Fast_Vehicles,Max_Vehicle_Type_Severity_5,Max_Vehicle_Damage_Rank,Max_Harmful_Event_Severity,Crash_Road_Surface_Condition,Crash_Horizontal_Alignment,Crash_Vertical_Profile,Crash_Impairment_Category,Crash_Vehicle_Defect
10544,12,Florida,123152,0,2,2,0,4,NOT APPLICABLE,December,21,Thursday,19,31,Urban,Medium Speed (Collector),No,28.89213611,-82.52463611,Complex/Circle,Dark - Lighted,Clear,7:00pm-7:59pm,37,7:00pm-7:59pm,42,Unknown,Unknown EMS Hospital Arrival Time,1,Dark - Lighted,Clear,1,3,['Driver'],['None_Used'],0,0,Valid,0.0,0.0,58.0,50.0,"['Female', 'Male']",0,0,5,4,5,Dry,Straight,Level,Lowest,No
10545,12,Florida,123153,1,2,2,0,2,NOT APPLICABLE,December,27,Wednesday,22,31,Urban,High Speed (Arterial),Yes,27.87124167,-82.61176944,Non-Intersection,Dark - Lighted,Rain,Unknown,Unknown,Unknown EMS Scene Arrival Hour,Unknown EMS Scene Arrival Minutes,Unknown,Unknown EMS Hospital Arrival Time,1,Dark - Lighted,Rain/Wind/Minor,0,2,[],[],0,0,Valid,1.0,2.0,23.0,23.0,"['Female', 'Female']",0,0,2,3,4,Wet/Standing Water,Straight,Level,Lowest,No
10546,12,Florida,123154,0,2,1,1,1,NOT APPLICABLE,December,26,Tuesday,15,10,Urban,High Speed (Arterial),Yes,28.53400556,-82.48476111,Non-Intersection,Daylight,Clear,Unknown,Unknown,Unknown EMS Scene Arrival Hour,Unknown EMS Scene Arrival Minutes,Unknown,Unknown EMS Hospital Arrival Time,1,Daylight,Clear,1,0,['Driver'],['Shoulder_Lapbelt'],0,0,Valid,0.0,0.0,57.0,57.0,['Male'],0,0,2,4,3,Dry,Straight,Level,Medium,No
10547,12,Florida,123155,0,1,1,0,1,NORTH FORT MYERS,December,24,Sunday,18,25,Rural,Medium Speed (Collector),No,26.72236111,-81.80172778,Non-Intersection,Dark - Not Lighted,Clear,Unknown,Unknown,Unknown EMS Scene Arrival Hour,Unknown EMS Scene Arrival Minutes,Unknown,Unknown EMS Hospital Arrival Time,1,Dark - Unlighted,Clear,1,0,['Driver'],['None_Used'],1,1,Valid,0.0,0.0,42.0,42.0,['Male'],0,0,3,4,3,Dry,Straight,Level,Lowest,No
10548,12,Florida,123157,0,1,1,0,1,NOT APPLICABLE,December,17,Sunday,1,20,Urban,Medium Speed (Collector),No,28.59745278,-81.29107222,Non-Intersection,Dark - Lighted,Rain,Unknown,Unknown,Unknown EMS Scene Arrival Hour,Unknown EMS Scene Arrival Minutes,Unknown,Unknown EMS Hospital Arrival Time,1,Dark - Lighted,Rain/Wind/Minor,1,0,['Driver'],['None_Used'],1,1,Valid,1.0,0.0,48.0,48.0,['Male'],0,0,2,4,3,Wet/Standing Water,Straight,Level,Lowest,No
10549,12,Florida,123158,1,1,1,0,1,DELAND,December,30,Saturday,10,27,Urban,High Speed (Arterial),Yes,29.00246111,-81.30253889,Non-Intersection,Daylight,Clear,Unknown,Unknown,Unknown EMS Scene Arrival Hour,Unknown EMS Scene Arrival Minutes,Unknown,Unknown EMS Hospital Arrival Time,1,Daylight,Clear,0,1,[],[],0,0,Valid,0.0,0.0,60.0,60.0,['Male'],0,0,3,2,4,Dry,Straight,Level,Lowest,No
10550,12,Florida,123159,1,1,1,0,1,NOT APPLICABLE,December,16,Saturday,1,0,Urban,High Speed (Arterial),Yes,25.92836111,-80.19227778,Non-Intersection,Dark - Not Lighted,Rain,Unknown,Unknown,Unknown EMS Scene Arrival Hour,Unknown EMS Scene Arrival Minutes,Unknown,Unknown EMS Hospital Arrival Time,1,Dark - Unlighted,Rain/Wind/Minor,0,1,[],[],0,0,Invalid,0.0,0.0,999.0,999.0,['Other'],0,0,5,0,4,Wet/Standing Water,Straight,Level,Lowest,No
10551,12,Florida,123160,1,2,1,1,1,NOT APPLICABLE,December,31,Sunday,2,47,Rural,High Speed (Arterial),Yes,29.96015,-81.44596111,Non-Intersection,Dark - Not Lighted,Clear,Unknown,Unknown,Unknown EMS Scene Arrival Hour,Unknown EMS Scene Arrival Minutes,Unknown,Unknown EMS Hospital Arrival Time,1,Dark - Unlighted,Clear,1,0,['Driver'],['None_Used'],1,1,Valid,0.0,0.0,45.0,45.0,['Male'],0,0,2,4,5,Dry,Straight,Level,Lowest,No
10552,12,Florida,123161,0,1,1,0,1,CAPE CANAVERAL,December,17,Sunday,17,41,Urban,High Speed (Arterial),Yes,28.38843611,-80.60583056,Simple Junction,Dusk,Clear,Unknown,Unknown,Unknown EMS Scene Arrival Hour,Unknown EMS Scene Arrival Minutes,Unknown,Unknown EMS Hospital Arrival Time,1,Twilight,Clear,1,0,['Driver'],['None_Used'],1,1,Valid,1.0,0.0,30.0,30.0,['Male'],1,0,5,4,2,Dry,Curve,Level,Lowest,No
10553,12,Florida,123162,1,1,1,0,4,FORT LAUDERDALE,December,18,Monday,20,28,Urban,High Speed (Arterial),Yes,26.14868333,-80.11997778,Non-Intersection,Dark - Lighted,Clear,Unknown,Unknown,Unknown EMS Scene Arrival Hour,Unknown EMS Scene Arrival Minutes,Not Applicable (Not Transported),Not Applicable (Not Transported),1,Dark - Lighted,Clear,0,4,[],[],0,0,Valid,0.0,0.0,18.0,18.0,['Male'],0,0,3,3,4,Dry,Straight,Level,Lowest,No
10554,12,Florida,123163,1,1,1,0,2,FORT MYERS,December,30,Saturday,22,38,Urban,Medium Speed (Collector),No,26.61381111,-81.81138333,Non-Intersection,Dark - Not Lighted,Clear,Unknown,Unknown,Unknown EMS Scene Arrival Hour,Officially Cancelled,Unknown,Officially Canceled,1,Dark - Unlighted,Clear,0,2,[],[],0,0,Valid,0.0,0.0,21.0,21.0,['Female'],0,0,2,4,4,Dry,Straight,Level,Lowest,No
10555,12,Florida,123164,0,2,2,0,6,JACKSONVILLE,December,31,Sunday,15,30,Urban,Medium Speed (Collector),No,30.39095278,-81.67924167,Complex/Circle,Daylight,Clear,Unknown,Unknown,Unknown EMS Scene Arrival Hour,Unknown EMS Scene Arrival Minutes,Unknown,Unknown EMS Hospital Arrival Time,1,Daylight,Clear,1,5,['Driver'],['None_Used'],0,0,Invalid,0.0,0.0,32.0,24.0,"['Female', 'Male']",0,0,5,4,5,Dry,Straight,Level,Lowest,No
10556,12,Florida,123166,0,2,2,0,4,COCOA BEACH,December,31,Sunday,21,8,Urban,High Speed (Arterial),Yes,28.35762222,-80.63574722,Non-Intersection,Dark - Not Lighted,Clear,Unknown,Unknown,Unknown EMS Scene Arrival Hour,Unknown EMS Scene Arrival Minutes,Unknown,Unknown EMS Hospital Arrival Time,2,Dark - Unlighted,Clear,2,2,"['Front_Passenger', 'Front_Passenger']","['None_Used', 'Shoulder_Lapbelt']",1,1,Valid,1.0,0.0,68.0,36.0,"['Male', 'Male']",2,0,3,4,5,Dry,Straight,Level,Lowest,Yes
10557,12,Florida,123167,0,3,3,0,3,NOT APPLICABLE,December,21,Thursday,12,0,Urban,High Speed (Arterial),Yes,28.79156111,-81.34768056,Non-Intersection,Daylight,Clear,Unknown,Unknown,Unknown EMS Scene Arrival Hour,Unknown EMS Scene Arrival Minutes,Unknown,Unknown EMS Hospital Arrival Time,1,Daylight,Clear,1,2,['Driver'],['Shoulder_Lapbelt'],0,0,Valid,0.0,0.0,82.0,52.0,"['Male', 'Male', 'Male']",0,0,4,4,5,Dry,Straight,Level,Lowest,No
10558,12,Florida,123168,1,1,1,0,1,NOT APPLICABLE,December,25,Monday,18,25,Urban,High Speed (Arterial),Yes,27.47152778,-82.56296389,Non-Intersection,Dark - Lighted,Clear,Unknown,Unknown,Unknown EMS Scene Arrival Hour,Unknown EMS Scene Arrival Minutes,Unknown,Unknown EMS Hospital Arrival Time,1,Dark - Lighted,Clear,0,1,[],[],0,0,Valid,0.0,1.0,31.0,31.0,['Male'],0,0,3,3,4,Dry,Straight,Level,Lowest,No
10559,12,Florida,123169,1,1,1,0,2,GREENACRES CITY,December,31,Sunday,21,15,Urban,Medium Speed (Collector),No,26.63103333,-80.12290278,Non-Intersection,Dark - Lighted,"Fog, Smog, Smoke",Unknown,Unknown,Unknown EMS Scene Arrival Hour,Unknown EMS Scene Arrival Minutes,Unknown,Unknown EMS Hospital Arrival Time,1,Dark - Lighted,Reduced Visibility,0,2,[],[],0,0,Invalid,0.0,0.0,45.0,45.0,['Male'],0,0,3,0,4,Dry,Straight,Level,Lowest,No
10560,12,Florida,123170,0,3,3,0,4,NOT APPLICABLE,December,7,Thursday,23,59,Urban,Low Speed (Local),No,25.74803611,-80.32008333,Simple Junction,Dark - Lighted,Clear,Unknown,Unknown,Unknown EMS Scene Arrival Hour,Unknown EMS Scene Arrival Minutes,Unknown,Unknown EMS Hospital Arrival Time,1,Dark - Lighted,Clear,1,3,['Driver'],['Shoulder_Lapbelt'],1,1,Valid,0.0,1.0,41.0,28.0,"['Male', 'Female', 'Male']",0,0,3,4,5,Dry,Straight,Level,Lowest,No
10561,12,Florida,123171,1,3,3,0,3,LYNN HAVEN,December,12,Tuesday,13,51,Rural,High Speed (Arterial),Yes,30.219525,-85.64925278,Non-Intersection,Daylight,Clear,Unknown,Unknown,Unknown EMS Scene Arrival Hour,Unknown EMS Scene Arrival Minutes,Unknown,Unknown EMS Hospital Arrival Time,1,Daylight,Clear,0,3,[],[],0,0,Valid,0.0,0.0,92.0,46.0,"['Female', 'Male', 'Female']",0,0,3,4,5,Dry,Straight,Level,Medium,No
10562,12,Florida,123172,0,2,2,0,5,PALM BAY,December,31,Sunday,17,0,Urban,High Speed (Arterial),Yes,27.99870556,-80.63074444,Non-Intersection,Daylight,Clear,Unknown,Unknown,Unknown EMS Scene Arrival Hour,Unknown EMS Scene Arrival Minutes,Unknown,Unknown EMS Hospital Arrival Time,1,Daylight,Clear,1,4,['Driver'],['None_Used'],1,1,Valid,0.0,0.0,46.0,41.0,"['Male', 'Male']",0,0,5,4,5,Dry,Straight,Level,Lowest,No
10563,12,Florida,123173,1,1,1,0,2,NOT APPLICABLE,December,22,Friday,20,20,Urban,High Speed (Arterial),Yes,26.66411111,-80.70531111,Non-Intersection,Dark - Not Lighted,Clear,Unknown,Unknown,Unknown EMS Scene Arrival Hour,Unknown EMS Scene Arrival Minutes,Unknown,Unknown EMS Hospital Arrival Time,1,Dark - Unlighted,Clear,0,2,[],[],0,0,Valid,0.0,0.0,62.0,62.0,['Female'],0,0,2,2,4,Dry,Straight,Level,Lowest,No
10564,12,Florida,123174,0,1,1,0,2,NORTH MIAMI BEACH,December,16,Saturday,13,25,Urban,High Speed (Arterial),Yes,25.92603056,-80.15396667,Non-Intersection,Daylight,Rain,Unknown,Unknown,Unknown EMS Scene Arrival Hour,Officially Cancelled,Unknown,Officially Canceled,2,Daylight,Rain/Wind/Minor,2,0,"['Driver', 'Front_Passenger']","['Shoulder_Lapbelt', 'Shoulder_Lapbelt']",0,0,Valid,0.0,0.0,24.0,24.0,['Other'],0,0,2,4,3,Wet/Standing Water,Straight,Level,Lowest,No
10565,12,Florida,123175,0,1,1,0,1,POLK CITY,December,28,Thursday,8,55,Rural,Medium Speed (Collector),No,28.33006667,-81.83336111,Non-Intersection,Daylight,Rain,Unknown,Unknown,Unknown EMS Scene Arrival Hour,Officially Cancelled,Unknown,Officially Canceled,1,Daylight,Rain/Wind/Minor,1,0,['Driver'],['Shoulder_Lapbelt'],0,0,Valid,1.0,0.0,29.0,29.0,['Female'],0,0,2,4,3,Wet/Standing Water,Straight,Level,Lowest,No
10566,12,Florida,123176,1,1,1,0,2,LARGO,December,29,Friday,6,32,Urban,High Speed (Arterial),Yes,27.89418611,-82.74606667,Complex/Circle,Dawn,Clear,Unknown,Unknown,Unknown EMS Scene Arrival Hour,Unknown EMS Scene Arrival Minutes,Unknown,Unknown EMS Hospital Arrival Time,1,Twilight,Clear,0,2,[],[],0,0,Valid,0.0,0.0,65.0,65.0,['Male'],0,0,3,2,4,Dry,Straight,Level,Lowest,No
10567,12,Florida,123177,0,1,1,0,1,NOT APPLICABLE,December,30,Saturday,20,56,Urban,Medium Speed (Collector),No,28.20028333,-82.43385556,Non-Intersection,Dark - Lighted,Clear,Unknown,Unknown,Unknown EMS Scene Arrival Hour,Unknown EMS Scene Arrival Minutes,Not Applicable (Not Transported),Not Applicable (Not Transported),1,Dark - Lighted,Clear,1,0,['Driver'],['None_Used'],0,0,Valid,0.0,0.0,19.0,19.0,['Male'],0,0,5,4,3,Dry,Straight,Level,Lowest,No
10568,12,Florida,123178,0,2,2,0,4,NEW SMYRNA BEACH,December,31,Sunday,10,22,Urban,High Speed (Arterial),Yes,29.06355,-80.94487778,Complex/Circle,Daylight,Clear,Unknown,Unknown,Unknown EMS Scene Arrival Hour,Unknown EMS Scene Arrival Minutes,Unknown,Unknown EMS Hospital Arrival Time,1,Daylight,Clear,1,3,['Front_Passenger'],['None_Used'],0,0,Valid,2.0,0.0,80.0,24.0,"['Male', 'Female']",0,0,3,4,5,Dry,Straight,Level,Lowest,No
10569,12,Florida,123179,0,3,3,0,4,LAKELAND,December,26,Tuesday,3,41,Rural,High Speed (Arterial),Yes,28.14751667,-81.87273889,Non-Intersection,Dark - Not Lighted,Clear,Unknown,Unknown,Unknown EMS Scene Arrival Hour,Unknown EMS Scene Arrival Minutes,Unknown,Unknown EMS Hospital Arrival Time,1,Dark - Unlighted,Clear,1,3,['Driver'],['Shoulder_Lapbelt'],0,0,Invalid,0.0,3.0,45.0,34.0,"['Male', 'Male', 'Male']",0,0,2,4,5,Dry,Straight,Level,Lowest,No
10570,12,Florida,123180,1,1,1,0,1,POMPANO BEACH,December,29,Friday,6,32,Urban,Medium Speed (Collector),No,26.243775,-80.16494167,Non-Intersection,Dark - Lighted,Clear,Unknown,Unknown,Unknown EMS Scene Arrival Hour,Unknown EMS Scene Arrival Minutes,Not Applicable (Not Transported),Not Applicable (Not Transported),1,Dark - Lighted,Clear,0,1,[],[],0,0,Invalid,0.0,0.0,998.0,998.0,['Other'],0,0,1,0,4,Dry,Straight,Level,Lowest,No
10571,12,Florida,123181,0,2,2,0,4,NOT APPLICABLE,August,31,Thursday,17,12,Rural,Medium Speed (Collector),No,27.85076667,-82.03183056,Non-Intersection,Daylight,Rain,Unknown,Unknown,Unknown EMS Scene Arrival Hour,Unknown EMS Scene Arrival Minutes,Unknown,Unknown EMS Hospital Arrival Time,1,Daylight,Rain/Wind/Minor,1,3,['Front_Passenger'],['None_Used'],0,0,Invalid,1.0,0.0,42.0,33.0,"['Female', 'Female']",3,0,4,4,5,Wet/Standing Water,Straight,Level,Lowest,No
10572,12,Florida,123182,0,1,1,0,3,NOT APPLICABLE,December,24,Sunday,16,1,Rural,Low Speed (Local),No,27.96086389,-82.20316111,Non-Intersection,Daylight,Clear,Unknown,Unknown,Unknown EMS Scene Arrival Hour,Unknown EMS Scene Arrival Minutes,Unknown,Unknown EMS Hospital Arrival Time,2,Daylight,Clear,2,1,"['Driver', 'Rear_Seat']","['Shoulder_Lapbelt', 'Shoulder_Lapbelt']",0,0,Invalid,0.0,1.0,26.0,26.0,['Male'],0,0,2,4,3,Dry,Straight,Level,Lowest,No
10573,12,Florida,123183,1,1,1,0,1,LAKELAND,November,28,Tuesday,11,17,Urban,Medium Speed (Collector),No,28.013125,-81.97492778,Non-Intersection,Daylight,Cloudy,Unknown,Unknown,Unknown EMS Scene Arrival Hour,Unknown EMS Scene Arrival Minutes,Unknown,Unknown EMS Hospital Arrival Time,1,Daylight,Reduced Visibility,0,1,[],[],0,0,Valid,0.0,0.0,75.0,75.0,['Female'],0,0,3,3,4,Dry,Straight,Level,Lowest,No
10574,12,Florida,123184,1,1,1,0,1,NOT APPLICABLE,December,28,Thursday,19,21,Urban,High Speed (Arterial),Yes,27.17762778,-81.87315,Non-Intersection,Dark - Not Lighted,Rain,Unknown,Unknown,Unknown EMS Scene Arrival Hour,Unknown EMS Scene Arrival Minutes,Not Applicable (Not Transported),Not Applicable (Not Transported),1,Dark - Unlighted,Rain/Wind/Minor,0,1,[],[],0,0,Valid,0.0,0.0,43.0,43.0,['Male'],0,0,3,3,4,Wet/Standing Water,Straight,Level,Lowest,No
10575,12,Florida,123185,0,2,2,0,2,NOT APPLICABLE,December,31,Sunday,16,36,Urban,Medium Speed (Collector),No,28.75891111,-82.29331944,Non-Intersection,Daylight,Clear,Unknown,Unknown,Unknown EMS Scene Arrival Hour,Unknown EMS Scene Arrival Minutes,Not Applicable (Not Transported),Not Applicable (Not Transported),1,Daylight,Clear,1,1,['Driver'],['None_Used'],1,1,Invalid,1.0,2.0,45.0,27.0,"['Male', 'Male']",0,0,5,4,5,Dry,Straight,Level,Lowest,Yes
10576,12,Florida,123186,1,1,1,0,1,NOT APPLICABLE,December,31,Sunday,20,49,Urban,Low Speed (Local),No,25.87485,-80.21421111,Simple Junction,Dark - Lighted,Clear,Unknown,Unknown,Unknown EMS Scene Arrival Hour,Unknown EMS Scene Arrival Minutes,Not Applicable (Not Transported),Not Applicable (Not Transported),1,Dark - Lighted,Clear,0,1,[],[],0,0,Invalid,0.0,0.0,998.0,998.0,['Other'],0,0,1,0,4,Dry,Straight,Level,Lowest,No
10577,12,Florida,123187,1,1,1,0,1,NOT APPLICABLE,December,25,Monday,21,44,Rural,High Speed (Arterial),Yes,27.82301111,-80.55521111,Non-Intersection,Dark - Not Lighted,Cloudy,Unknown,Unknown,Unknown EMS Scene Arrival Hour,Unknown EMS Scene Arrival Minutes,Unknown,Unknown EMS Hospital Arrival Time,1,Dark - Unlighted,Reduced Visibility,0,1,[],[],0,0,Valid,0.0,1.0,58.0,58.0,['Female'],0,0,3,3,4,Wet/Standing Water,Straight,Grade/Hillcrest,Lowest,No
10578,12,Florida,123188,1,1,1,0,2,NOT APPLICABLE,December,29,Friday,12,55,Urban,High Speed (Arterial),Yes,27.50018889,-81.79075,Simple Junction,Daylight,Clear,Unknown,Unknown,Unknown EMS Scene Arrival Hour,Unknown EMS Scene Arrival Minutes,Unknown,Unknown EMS Hospital Arrival Time,1,Daylight,Clear,0,2,[],[],0,0,Valid,1.0,0.0,64.0,64.0,['Male'],0,0,3,1,4,Dry,Straight,Level,Lowest,No
10579,12,Florida,123189,1,1,1,0,1,SEBRING,December,30,Saturday,10,55,Urban,High Speed (Arterial),Yes,27.41287222,-81.45226389,Non-Intersection,Daylight,Clear,Unknown,Unknown,Unknown EMS Scene Arrival Hour,Officially Cancelled,Unknown,Officially Canceled,1,Daylight,Clear,0,1,[],[],0,0,Valid,0.0,0.0,72.0,72.0,['Male'],0,0,3,4,4,Dry,Straight,Level,Lowest,No
10580,12,Florida,123190,0,1,1,0,1,CHIEFLAND,December,31,Sunday,0,37,Rural,Medium Speed (Collector),No,29.29269444,-83.02911389,Non-Intersection,Dark - Not Lighted,Clear,Unknown,Unknown,Unknown EMS Scene Arrival Hour,Unknown EMS Scene Arrival Minutes,Not Applicable (Not Transported),Not Applicable (Not Transported),1,Dark - Unlighted,Clear,1,0,['Driver'],['None_Used'],1,1,Valid,0.0,0.0,50.0,50.0,['Female'],0,0,3,4,3,Dry,Straight,Level,Lowest,No
10581,12,Florida,123191,0,7,2,5,5,NOT APPLICABLE,December,8,Friday,8,4,Urban,Medium Speed (Collector),No,25.74968333,-80.34374167,Complex/Circle,Daylight,Clear,Unknown,Unknown,Unknown EMS Scene Arrival Hour,Unknown EMS Scene Arrival Minutes,Unknown,Unknown EMS Hospital Arrival Time,1,Daylight,Clear,1,4,['Rear_Seat'],['None_Used'],0,0,Invalid,0.0,0.0,998.0,30.0,"['Other', 'Male']",0,0,3,4,5,Dry,Straight,Level,Lowest,No
10582,12,Florida,123192,0,2,2,0,3,EAGLE LAKE,December,23,Saturday,11,30,Urban,High Speed (Arterial),Yes,27.97729722,-81.75790556,Complex/Circle,Daylight,Clear,Unknown,Unknown,Unknown EMS Scene Arrival Hour,Unknown EMS Scene Arrival Minutes,Unknown,Unknown EMS Hospital Arrival Time,1,Daylight,Clear,1,2,['Driver'],['Shoulder_Lapbelt'],0,0,Valid,0.0,0.0,85.0,17.0,"['Male', 'Female']",0,0,3,4,5,Dry,Straight,Level,Lowest,No
10583,12,Florida,123193,0,1,1,0,1,SAINT CLOUD,January,29,Sunday,20,47,Urban,Low Speed (Local),No,28.24903889,-81.31750278,Complex/Circle,Dark - Lighted,Clear,Unknown,Unknown,Unknown EMS Scene Arrival Hour,Unknown EMS Scene Arrival Minutes,Unknown,Unknown EMS Hospital Arrival Time,1,Dark - Lighted,Clear,1,0,['Driver'],['Shoulder_Lapbelt'],1,1,Valid,0.0,0.0,64.0,64.0,['Male'],0,0,2,4,3,Dry,Straight,Level,Lowest,No
10584,12,Florida,123194,1,1,1,0,1,SARASOTA,January,27,Friday,22,48,Urban,Medium Speed (Collector),No,27.33881944,-82.53771111,Non-Intersection,Dark - Lighted,Clear,Unknown,Unknown,Unknown EMS Scene Arrival Hour,Unknown EMS Scene Arrival Minutes,Unknown,Unknown EMS Hospital Arrival Time,1,Dark - Lighted,Clear,0,1,[],[],0,0,Invalid,0.0,0.0,40.0,40.0,['Male'],0,0,1,0,4,Dry,Straight,Level,Lowest,No
10585,12,Florida,123195,1,1,1,0,1,NOT APPLICABLE,December,29,Friday,17,56,Rural,High Speed (Arterial),Yes,27.15789722,-80.70768056,Non-Intersection,Dark - Not Lighted,Clear,Unknown,Unknown,Unknown EMS Scene Arrival Hour,Unknown EMS Scene Arrival Minutes,Not Applicable (Not Transported),Not Applicable (Not Transported),1,Dark - Unlighted,Clear,0,1,[],[],0,0,Valid,0.0,0.0,53.0,53.0,['Female'],0,0,3,3,4,Dry,Straight,Level,Lowest,No
10586,12,Florida,123196,0,3,3,0,3,MELBOURNE BEACH,December,31,Sunday,11,25,Urban,Medium Speed (Collector),No,28.04485833,-80.54675,Non-Intersection,Daylight,Clear,Unknown,Unknown,Unknown EMS Scene Arrival Hour,Unknown EMS Scene Arrival Minutes,Unknown,Unknown EMS Hospital Arrival Time,1,Daylight,Clear,1,2,['Driver'],['None_Used'],0,0,Valid,0.0,0.0,75.0,36.0,"['Female', 'Male', 'Male']",0,0,5,4,5,Dry,Straight,Level,Lowest,No
10587,12,Florida,123197,0,1,1,0,1,PORT SAINT LUCIE,December,4,Monday,6,22,Urban,High Speed (Arterial),No,27.29281667,-80.36633611,Non-Intersection,Daylight,Clear,Unknown,Unknown,Unknown EMS Scene Arrival Hour,Unknown EMS Scene Arrival Minutes,Unknown,Unknown EMS Hospital Arrival Time,1,Daylight,Clear,1,0,['Driver'],['None_Used'],0,0,Valid,0.0,0.0,79.0,79.0,['Male'],0,0,3,4,3,Dry,Straight,Level,Lowest,No
10588,12,Florida,123198,0,2,2,0,2,NOT APPLICABLE,December,31,Sunday,17,42,Urban,High Speed (Arterial),Yes,30.443375,-84.40608056,Simple Junction,Dusk,Clear,Unknown,Unknown,Unknown EMS Scene Arrival Hour,Unknown EMS Scene Arrival Minutes,Unknown,Unknown EMS Hospital Arrival Time,1,Twilight,Clear,1,1,['Driver'],['None_Used'],1,1,Invalid,0.0,0.0,51.0,35.0,"['Male', 'Male']",0,0,3,4,5,Dry,Straight,Level,Lowest,No
10589,12,Florida,123199,0,2,2,0,7,NOT APPLICABLE,December,27,Wednesday,15,1,Urban,High Speed (Arterial),Yes,27.94718056,-82.32838611,Non-Intersection,Daylight,Clear,Unknown,Unknown,Unknown EMS Scene Arrival Hour,Unknown EMS Scene Arrival Minutes,Unknown,Unknown EMS Hospital Arrival Time,4,Daylight,Clear,4,3,"['Driver', 'Front_Passenger', 'Rear_Seat', 'Rear_Seat']","['None_Used', 'None_Used', 'None_Used', 'None_Used']",0,0,Invalid,0.0,0.0,36.0,30.0,"['Male', 'Male']",0,0,3,4,5,Dry,Straight,Level,Lowest,No
10590,12,Florida,123200,0,2,2,0,2,NOT APPLICABLE,December,24,Sunday,1,59,Urban,High Speed (Arterial),Yes,27.74259444,-82.42085833,Non-Intersection,Dark - Not Lighted,Clear,Unknown,Unknown,Unknown EMS Scene Arrival Hour,Unknown EMS Scene Arrival Minutes,Not Applicable (Not Transported),Not Applicable (Not Transported),1,Dark - Unlighted,Clear,1,1,['Driver'],['Shoulder_Lapbelt'],0,0,Valid,0.0,0.0,44.0,17.0,"['Male', 'Male']",0,0,3,4,5,Dry,Straight,Level,Lowest,No
10591,12,Florida,123201,0,1,1,0,3,LAKE CITY,November,7,Tuesday,22,48,Urban,Low Speed (Local),No,30.17361667,-82.67963056,Complex/Circle,Dark - Not Lighted,Clear,Unknown,Unknown,Unknown EMS Scene Arrival Hour,Unknown EMS Scene Arrival Minutes,Not Applicable (Not Transported),Not Applicable (Not Transported),1,Dark - Unlighted,Clear,1,2,['Rear_Seat'],['Shoulder_Lapbelt'],1,1,Valid,1.0,2.0,23.0,23.0,['Male'],0,0,2,4,3,Dry,Curve,Level,Lowest,No
10592,12,Florida,123202,0,1,1,0,1,PORT SAINT LUCIE,November,9,Thursday,2,12,Urban,High Speed (Arterial),Yes,27.26685278,-80.37110278,Simple Junction,Dark - Lighted,Clear,Unknown,Unknown,Unknown EMS Scene Arrival Hour,Unknown EMS Scene Arrival Minutes,Unknown,Unknown EMS Hospital Arrival Time,1,Dark - Lighted,Clear,1,0,['Driver'],['None_Used'],1,1,Valid,0.0,0.0,48.0,48.0,['Male'],0,0,5,3,2,Dry,Curve,Level,Lowest,No
10593,12,Florida,123203,0,1,1,0,1,BUNNELL,November,17,Friday,14,20,Urban,High Speed (Arterial),Yes,29.37358056,-81.17791111,Non-Intersection,Daylight,Rain,Unknown,Unknown,Unknown EMS Scene Arrival Hour,Unknown EMS Scene Arrival Minutes,Not Applicable (Not Transported),Not Applicable (Not Transported),1,Daylight,Rain/Wind/Minor,1,0,['Driver'],['None_Used'],1,1,Valid,0.0,0.0,42.0,42.0,['Male'],0,0,3,4,3,Wet/Standing Water,Straight,Level,Lowest,No
10594,12,Florida,123204,0,1,1,0,1,FORT PIERCE,December,25,Monday,7,53,Urban,High Speed (Arterial),Yes,27.41581667,-80.32599167,Simple Junction,Dark - Lighted,Cloudy,Unknown,Unknown,Unknown EMS Scene Arrival Hour,Unknown EMS Scene Arrival Minutes,Unknown,Unknown EMS Hospital Arrival Time,1,Dark - Lighted,Reduced Visibility,1,0,['Driver'],['None_Used'],0,0,Valid,0.0,1.0,27.0,27.0,['Female'],0,0,2,4,3,Wet/Standing Water,Straight,Level,Lowest,No