,State_Code,State_Name,Crash_ID,Count_Non_Motorists,Count_Vehicles_Total,Count_Vehicle_Forms,Count_PVH_Involved,Count_Occupants_MV,City_Name,Month_Name,Day_of_Month,Day_of_Week,Crash_Hour,Crash_Minute,Area_Rural_Urban,Road_Functional_Class,On_NHS_Road,Latitude,Longitude,Intersection_Type,Light_Condition,Weather_Condition,Notif_Hour,Notif_Minute,Arrival_Hour,Arrival_Minute,Hospital_Hour,Hospital_Minute,Fatalities_Count,Clean_Light_Condition,Clean_Weather_Condition,Total_Killed,Total_Alive,Fatal_Seats_List,Killed_Restraint_List,Any_Driver_Drinking,Total_Drinking_Drivers,Driver_License_Category,Driver_Max_Prev_Accident_Count,Driver_Max_Prev_Speeding_Count,Max_Driver_Age,Min_Driver_Age,Driver_Sex_List,Total_Exceeding_Limit_Vehicles,Total_Too_Fast_Vehicles,Max_Vehicle_Type_Severity_5,Max_Vehicle_Damage_Rank,Max_Harmful_Event_Severity,Crash_Road_Surface_Condition,Crash_Horizontal_Alignment,Crash_Vertical_Profile,Crash_Impairment_Category,Crash_Vehicle_Defect
10595,12,Florida,123205,0,2,2,0,2,TALLAHASSEE,December,28,Thursday,7,48,Urban,Medium Speed (Collector),No,30.450225,-84.33227778,Non-Intersection,Dawn,Cloudy,Unknown,Unknown,Unknown EMS Scene Arrival Hour,Unknown EMS Scene Arrival Minutes,Unknown,Unknown EMS Hospital Arrival Time,1,Twilight,Reduced Visibility,1,1,['Driver'],['None_Used'],0,0,Valid,0.0,0.0,23.0,21.0,"['Female', 'Male']",0,0,5,4,5,Dry,Straight,Non-Trafficway,Lowest,No
10596,12,Florida,123206,0,2,2,0,3,NOT APPLICABLE,December,30,Saturday,20,54,Urban,Medium Speed (Collector),No,28.11338056,-82.03766111,Simple Junction,Dark - Not Lighted,Clear,Unknown,Unknown,Unknown EMS Scene Arrival Hour,Unknown EMS Scene Arrival Minutes,Unknown,Unknown EMS Hospital Arrival Time,1,Dark - Unlighted,Clear,1,2,['Driver'],['None_Used'],0,0,Invalid,0.0,0.0,41.0,18.0,"['Male', 'Female']",0,0,5,4,5,Dry,Straight,Level,Lowest,No
10597,12,Florida,123207,0,2,2,0,3,NOT APPLICABLE,December,31,Sunday,23,25,Rural,Medium Speed (Collector),No,29.68411111,-83.33229167,Non-Intersection,Dark - Not Lighted,Clear,Unknown,Unknown,Unknown EMS Scene Arrival Hour,Unknown EMS Scene Arrival Minutes,Not Applicable (Not Transported),Not Applicable (Not Transported),1,Dark - Unlighted,Clear,1,2,['Driver'],['Shoulder_Lapbelt'],1,1,Valid,0.0,0.0,65.0,16.0,"['Male', 'Male']",0,0,3,4,5,Dry,Straight,Level,Lowest,No
10598,12,Florida,123208,0,1,1,0,1,WINTER HAVEN,December,31,Sunday,21,49,Urban,High Speed (Arterial),Yes,27.97013611,-81.62898333,Non-Intersection,Dark - Not Lighted,"Fog, Smog, Smoke",Unknown,Unknown,Unknown EMS Scene Arrival Hour,Unknown EMS Scene Arrival Minutes,Unknown,Unknown EMS Hospital Arrival Time,1,Dark - Unlighted,Reduced Visibility,1,0,['Driver'],['Shoulder_Lapbelt'],0,0,Valid,0.0,0.0,22.0,22.0,['Female'],0,0,2,4,2,Dry,Straight,Level,Lowest,No
10599,12,Florida,123209,0,2,2,0,5,MIAMI GARDENS,December,10,Sunday,3,55,Urban,Medium Speed (Collector),No,25.96768333,-80.26238611,Complex/Circle,Dark - Lighted,Cloudy,Unknown,Unknown,Unknown EMS Scene Arrival Hour,Unknown EMS Scene Arrival Minutes,Unknown,Unknown EMS Hospital Arrival Time,1,Dark - Lighted,Reduced Visibility,1,4,['Driver'],['None_Used'],0,0,Valid,1.0,0.0,41.0,28.0,"['Female', 'Male']",1,0,4,4,5,Dry,Straight,Level,Lowest,No
10600,12,Florida,123210,0,1,1,0,1,NOT APPLICABLE,December,15,Friday,17,57,Urban,Medium Speed (Collector),No,28.02248333,-81.69799722,Non-Intersection,Dark - Lighted,Clear,Unknown,Unknown,Unknown EMS Scene Arrival Hour,Unknown EMS Scene Arrival Minutes,Unknown,Unknown EMS Hospital Arrival Time,1,Dark - Lighted,Clear,1,0,['Driver'],['Shoulder_Lapbelt'],0,0,Valid,0.0,0.0,51.0,51.0,['Female'],0,0,2,4,2,Dry,Straight,Level,Lowest,No
10601,12,Florida,123211,1,1,1,0,1,LAUDERHILL,December,20,Wednesday,19,28,Urban,Medium Speed (Collector),No,26.1466,-80.34134444,Non-Intersection,Dark - Lighted,Clear,Unknown,Unknown,Unknown EMS Scene Arrival Hour,Officially Cancelled,Unknown,Officially Canceled,1,Dark - Lighted,Clear,0,1,[],[],0,0,Invalid,0.0,0.0,999.0,999.0,['Other'],0,0,1,0,4,Dry,Straight,Level,Lowest,No
10602,12,Florida,123212,1,1,1,0,1,MIAMI GARDENS,December,29,Friday,9,21,Urban,Low Speed (Local),No,25.92329722,-80.29298333,Complex/Circle,Daylight,Clear,Unknown,Unknown,Unknown EMS Scene Arrival Hour,Unknown EMS Scene Arrival Minutes,Unknown,Unknown EMS Hospital Arrival Time,1,Daylight,Clear,0,1,[],[],0,0,Valid,0.0,0.0,39.0,39.0,['Male'],0,0,3,1,4,Dry,Straight,Level,Lowest,No
10603,12,Florida,123213,1,1,1,0,1,MIAMI,December,4,Monday,18,11,Urban,Low Speed (Local),No,25.80901667,-80.22562778,Non-Intersection,Daylight,Clear,Unknown,Unknown,Unknown EMS Scene Arrival Hour,Unknown EMS Scene Arrival Minutes,Not Applicable (Not Transported),Not Applicable (Not Transported),1,Daylight,Clear,0,1,[],[],1,1,Invalid,0.0,0.0,998.0,998.0,['Other'],0,0,3,0,4,Dry,Straight,Level,Lowest,No
10604,12,Florida,123214,0,1,1,0,2,NOT APPLICABLE,December,30,Saturday,4,9,Urban,High Speed (Arterial),Yes,28.00234167,-82.32407222,Non-Intersection,Dark - Lighted,Clear,Unknown,Unknown,Unknown EMS Scene Arrival Hour,Unknown EMS Scene Arrival Minutes,Unknown,Unknown EMS Hospital Arrival Time,1,Dark - Lighted,Clear,1,1,['Rear_Seat'],['None_Used'],1,1,Valid,0.0,0.0,37.0,37.0,['Male'],0,0,5,4,2,Dry,Curve,Grade/Hillcrest,Lowest,No
10605,12,Florida,123215,0,2,2,0,2,WINTER HAVEN,December,29,Friday,16,22,Urban,High Speed (Arterial),Yes,28.06991667,-81.74600278,Simple Junction,Daylight,Cloudy,Unknown,Unknown,Unknown EMS Scene Arrival Hour,Unknown EMS Scene Arrival Minutes,Unknown,Unknown EMS Hospital Arrival Time,1,Daylight,Reduced Visibility,1,1,['Driver'],['Shoulder_Lapbelt'],0,0,Invalid,1.0,1.0,83.0,25.0,"['Female', 'Male']",0,0,3,4,5,Dry,Straight,Level,Lowest,No
10606,12,Florida,123216,0,2,2,0,5,NOT APPLICABLE,December,30,Saturday,14,2,Urban,Medium Speed (Collector),No,30.51968333,-87.21366389,Non-Intersection,Daylight,Clear,Unknown,Unknown,Unknown EMS Scene Arrival Hour,Unknown EMS Scene Arrival Minutes,Unknown,Unknown EMS Hospital Arrival Time,1,Daylight,Clear,1,4,['Driver'],['Shoulder_Lapbelt'],0,0,Invalid,2.0,0.0,45.0,22.0,"['Female', 'Male']",1,0,3,4,5,Dry,Straight,Level,Lowest,No
10607,12,Florida,123217,0,2,2,0,2,NOT APPLICABLE,December,31,Sunday,4,5,Urban,High Speed (Arterial),No,28.61464167,-81.41479167,Simple Junction,Dark - Lighted,Clear,Unknown,Unknown,Unknown EMS Scene Arrival Hour,Unknown EMS Scene Arrival Minutes,Not Applicable (Not Transported),Not Applicable (Not Transported),1,Dark - Lighted,Clear,1,1,['Driver'],['Shoulder_Lapbelt'],1,2,Invalid,0.0,3.0,39.0,24.0,"['Male', 'Female']",0,0,3,4,5,Dry,Straight,Level,Lowest,No
10608,12,Florida,123219,0,3,3,0,4,NOT APPLICABLE,December,29,Friday,18,55,Urban,High Speed (Arterial),Yes,28.10658056,-81.63809167,Simple Junction,Dusk,Clear,Unknown,Unknown,Unknown EMS Scene Arrival Hour,Unknown EMS Scene Arrival Minutes,Unknown,Unknown EMS Hospital Arrival Time,1,Twilight,Clear,1,3,['Front_Passenger'],['Shoulder_Lapbelt'],0,0,Valid,0.0,1.0,79.0,21.0,"['Female', 'Male', 'Male']",0,0,3,4,5,Dry,Curve,Level,Lowest,No
10609,12,Florida,123220,0,3,3,0,9,NOT APPLICABLE,December,24,Sunday,17,50,Urban,Medium Speed (Collector),No,29.86685,-81.31855,Complex/Circle,Dark - Lighted,Cloudy,Unknown,Unknown,Unknown EMS Scene Arrival Hour,Unknown EMS Scene Arrival Minutes,Unknown,Unknown EMS Hospital Arrival Time,1,Dark - Lighted,Reduced Visibility,1,8,['Front_Passenger'],['Shoulder_Lapbelt'],0,0,Valid,0.0,0.0,27.0,15.0,"['Male', 'Male', 'Male']",0,0,3,4,5,Dry,Straight,Level,Lowest,No
10610,12,Florida,123221,1,2,2,0,3,NOT APPLICABLE,December,30,Saturday,2,4,Urban,High Speed (Arterial),Yes,25.82113611,-80.20634722,Non-Intersection,Dark - Not Lighted,Clear,Unknown,Unknown,Unknown EMS Scene Arrival Hour,Unknown EMS Scene Arrival Minutes,Not Applicable (Not Transported),Not Applicable (Not Transported),1,Dark - Unlighted,Clear,0,3,[],[],1,1,Valid,0.0,0.0,71.0,54.0,"['Male', 'Male']",0,0,3,3,4,Dry,Straight,Level,Lowest,No
10611,12,Florida,123222,0,3,1,2,1,PORT SAINT LUCIE,November,9,Thursday,20,28,Urban,Medium Speed (Collector),No,27.32814722,-80.37153611,Non-Intersection,Dark - Lighted,Clear,Unknown,Unknown,Unknown EMS Scene Arrival Hour,Unknown EMS Scene Arrival Minutes,Unknown,Unknown EMS Hospital Arrival Time,1,Dark - Lighted,Clear,1,0,['Driver'],['None_Used'],1,1,Valid,0.0,0.0,33.0,33.0,['Male'],0,0,5,4,5,Dry,Straight,Level,Lowest,No
10612,12,Florida,123223,0,3,3,0,3,BRADENTON,October,30,Monday,8,45,Urban,High Speed (Arterial),No,27.49549722,-82.58341389,Simple Junction,Daylight,Clear,Unknown,Unknown,Unknown EMS Scene Arrival Hour,Unknown EMS Scene Arrival Minutes,Unknown,Unknown EMS Hospital Arrival Time,1,Daylight,Clear,1,2,['Driver'],['Shoulder_Lapbelt'],0,0,Invalid,0.0,0.0,86.0,66.0,"['Male', 'Female', 'Female']",0,0,3,4,5,Dry,Straight,Level,Lowest,No
10613,12,Florida,123224,1,1,1,0,1,MIAMI,October,31,Tuesday,19,38,Urban,High Speed (Arterial),Yes,25.76508611,-80.24175833,Non-Intersection,Dark - Lighted,Clear,Unknown,Unknown,Unknown EMS Scene Arrival Hour,Unknown EMS Scene Arrival Minutes,Unknown,Unknown EMS Hospital Arrival Time,1,Dark - Lighted,Clear,0,1,[],[],0,0,Invalid,0.0,0.0,999.0,999.0,['Other'],0,0,1,0,4,Dry,Straight,Level,Lowest,No
10614,12,Florida,123225,0,3,3,0,3,NOT APPLICABLE,November,6,Monday,8,10,Urban,Medium Speed (Collector),No,28.32844722,-82.21661111,Non-Intersection,Daylight,Clear,Unknown,Unknown,Unknown EMS Scene Arrival Hour,Unknown EMS Scene Arrival Minutes,Unknown,Unknown EMS Hospital Arrival Time,1,Daylight,Clear,1,2,['Driver'],['Shoulder_Lapbelt'],0,0,Valid,1.0,0.0,85.0,64.0,"['Male', 'Male', 'Female']",0,0,3,4,5,Dry,Straight,Level,Lowest,No
10615,12,Florida,123226,0,1,1,0,2,NOT APPLICABLE,November,12,Sunday,13,32,Rural,High Speed (Arterial),Yes,29.07416667,-82.64422778,Non-Intersection,Daylight,Clear,Unknown,Unknown,Unknown EMS Scene Arrival Hour,Unknown EMS Scene Arrival Minutes,Unknown,Unknown EMS Hospital Arrival Time,1,Daylight,Clear,1,1,['Driver'],['None_Used'],0,0,Invalid,0.0,0.0,64.0,64.0,['Male'],0,0,5,3,3,Dry,Straight,Level,Lowest,No
10616,12,Florida,123227,0,3,3,0,3,MIAMI,November,17,Friday,15,42,Urban,Medium Speed (Collector),No,25.80909167,-80.23971111,Complex/Circle,Daylight,Clear,Unknown,Unknown,Unknown EMS Scene Arrival Hour,Unknown EMS Scene Arrival Minutes,Unknown,Unknown EMS Hospital Arrival Time,1,Daylight,Clear,1,2,['Driver'],['None_Used'],0,0,Invalid,0.0,1.0,59.0,27.0,"['Male', 'Male', 'Male']",0,0,5,4,5,Dry,Straight,Level,Lowest,No
10617,12,Florida,123228,0,2,2,0,2,MIAMI GARDENS,November,23,Thursday,0,50,Urban,High Speed (Arterial),Yes,25.92738056,-80.222875,Non-Intersection,Dark - Lighted,Clear,Unknown,Unknown,Unknown EMS Scene Arrival Hour,Unknown EMS Scene Arrival Minutes,Unknown,Unknown EMS Hospital Arrival Time,1,Dark - Lighted,Clear,1,1,['Driver'],['None_Used'],0,0,Valid,0.0,1.0,56.0,30.0,"['Male', 'Female']",0,0,5,4,5,Dry,Straight,Level,Lowest,No
10618,12,Florida,123229,0,2,2,0,3,WILDWOOD,November,29,Wednesday,10,5,Urban,High Speed (Arterial),No,28.83973889,-82.01761944,Complex/Circle,Daylight,Clear,Unknown,Unknown,Unknown EMS Scene Arrival Hour,Unknown EMS Scene Arrival Minutes,Unknown,Unknown EMS Hospital Arrival Time,1,Daylight,Clear,1,2,['Front_Passenger'],['Shoulder_Lapbelt'],0,0,Valid,0.0,0.0,90.0,68.0,"['Female', 'Male']",0,0,3,4,5,Dry,Straight,Level,Lowest,No
10619,12,Florida,123230,0,2,2,0,3,NOT APPLICABLE,November,30,Thursday,19,53,Urban,Medium Speed (Collector),No,25.89957778,-80.215375,Simple Junction,Dark - Lighted,Clear,Unknown,Unknown,Unknown EMS Scene Arrival Hour,Unknown EMS Scene Arrival Minutes,Unknown,Unknown EMS Hospital Arrival Time,1,Dark - Lighted,Clear,1,2,['Driver'],['Shoulder_Lapbelt'],0,0,Valid,0.0,0.0,70.0,18.0,"['Male', 'Male']",0,0,3,4,5,Dry,Straight,Level,Lowest,No
10620,12,Florida,123231,1,1,1,0,1,NOT APPLICABLE,December,4,Monday,18,13,Urban,Medium Speed (Collector),No,29.88981667,-81.34378611,Non-Intersection,Dark - Lighted,Clear,Unknown,Unknown,Unknown EMS Scene Arrival Hour,Unknown EMS Scene Arrival Minutes,Unknown,Unknown EMS Hospital Arrival Time,1,Dark - Lighted,Clear,0,1,[],[],0,0,Invalid,0.0,0.0,999.0,999.0,['Other'],0,0,1,0,4,Dry,Straight,Level,Lowest,No
10621,12,Florida,123232,0,2,2,0,3,MELBOURNE,December,8,Friday,21,26,Urban,High Speed (Arterial),Yes,28.11762222,-80.62740278,Complex/Circle,Dark - Lighted,Clear,Unknown,Unknown,Unknown EMS Scene Arrival Hour,Unknown EMS Scene Arrival Minutes,Unknown,Unknown EMS Hospital Arrival Time,1,Dark - Lighted,Clear,1,2,['Rear_Seat'],['None_Used'],0,0,Valid,0.0,2.0,47.0,26.0,"['Male', 'Male']",0,0,5,4,5,Dry,Straight,Level,Lowest,No
10622,12,Florida,123234,2,1,1,0,1,WINTER PARK,December,10,Sunday,17,47,Urban,Low Speed (Local),No,28.60188333,-81.36403333,Complex/Circle,Dark - Lighted,Cloudy,Unknown,Unknown,Unknown EMS Scene Arrival Hour,Unknown EMS Scene Arrival Minutes,Unknown,Unknown EMS Hospital Arrival Time,1,Dark - Lighted,Reduced Visibility,0,1,[],[],0,0,Valid,0.0,0.0,51.0,51.0,['Female'],0,0,3,1,4,Wet/Standing Water,Straight,Level,Lowest,No
10623,12,Florida,123235,1,1,1,0,4,ORLANDO,December,8,Friday,21,25,Urban,High Speed (Arterial),Yes,28.55286667,-81.40026389,Non-Intersection,Dark - Lighted,Clear,Unknown,Unknown,Unknown EMS Scene Arrival Hour,Unknown EMS Scene Arrival Minutes,Unknown,Unknown EMS Hospital Arrival Time,1,Dark - Lighted,Clear,0,4,[],[],0,0,Valid,0.0,0.0,55.0,55.0,['Male'],0,0,2,0,4,Dry,Straight,Level,Lowest,No
10624,12,Florida,123236,0,3,2,1,3,NOT APPLICABLE,December,31,Sunday,18,2,Urban,Medium Speed (Collector),No,28.57772222,-81.46772778,Complex/Circle,Daylight,Clear,Unknown,Unknown,Unknown EMS Scene Arrival Hour,Unknown EMS Scene Arrival Minutes,Unknown,Unknown EMS Hospital Arrival Time,1,Daylight,Clear,1,2,['Driver'],['Shoulder_Lapbelt'],1,1,Invalid,1.0,0.0,63.0,22.0,"['Male', 'Male']",2,0,3,4,5,Dry,Straight,Level,Lowest,No
10625,12,Florida,123237,1,1,1,0,1,NOT APPLICABLE,December,31,Sunday,1,15,Urban,High Speed (Arterial),Yes,28.33287778,-81.52940833,Non-Intersection,Dark - Lighted,Clear,Unknown,Unknown,Unknown EMS Scene Arrival Hour,Unknown EMS Scene Arrival Minutes,Unknown,Unknown EMS Hospital Arrival Time,1,Dark - Lighted,Clear,0,1,[],[],0,0,Valid,0.0,0.0,28.0,28.0,['Male'],0,0,3,3,4,Dry,Straight,Level,Lowest,No
10626,12,Florida,123238,1,1,1,0,1,NOT APPLICABLE,October,18,Wednesday,19,50,Urban,Medium Speed (Collector),No,25.68413611,-80.429875,Non-Intersection,Dark - Lighted,Clear,Unknown,Unknown,Unknown EMS Scene Arrival Hour,Unknown EMS Scene Arrival Minutes,Unknown,Unknown EMS Hospital Arrival Time,1,Dark - Lighted,Clear,0,1,[],[],0,0,Valid,0.0,0.0,32.0,32.0,['Male'],0,0,3,3,4,Dry,Straight,Level,Lowest,No
10627,12,Florida,123239,0,2,2,0,5,NOT APPLICABLE,November,19,Sunday,22,1,Urban,High Speed (Arterial),Yes,28.25378611,-81.54787222,Non-Intersection,Dark - Not Lighted,Clear,Unknown,Unknown,Unknown EMS Scene Arrival Hour,Unknown EMS Scene Arrival Minutes,Unknown,Unknown EMS Hospital Arrival Time,1,Dark - Unlighted,Clear,1,4,['Rear_Seat'],['Shoulder_Lapbelt'],0,0,Invalid,0.0,0.0,30.0,26.0,"['Male', 'Male']",0,0,2,4,5,Dry,Straight,Level,Lowest,No
10628,12,Florida,123240,0,10,10,0,18,NOT APPLICABLE,December,17,Sunday,18,20,Rural,High Speed (Arterial),Yes,28.42406111,-81.70899167,Non-Intersection,Dark - Not Lighted,Clear,Unknown,Unknown,Unknown EMS Scene Arrival Hour,Unknown EMS Scene Arrival Minutes,Not Applicable (Not Transported),Not Applicable (Not Transported),1,Dark - Unlighted,Clear,1,17,['Driver'],['None_Used'],0,0,Valid,1.0,2.0,47.0,17.0,"['Male', 'Female', 'Female', 'Male', 'Male', 'Male', 'Female', 'Male', 'Male', 'Male']",0,0,5,4,5,Dry,Straight,Level,Lowest,No
10629,12,Florida,123241,0,2,2,0,2,NOT APPLICABLE,December,24,Sunday,2,30,Urban,Medium Speed (Collector),No,25.70000278,-80.41460833,Complex/Circle,Dark - Lighted,Clear,Unknown,Unknown,Unknown EMS Scene Arrival Hour,Unknown EMS Scene Arrival Minutes,Unknown,Unknown EMS Hospital Arrival Time,1,Dark - Lighted,Clear,1,1,['Driver'],['Shoulder_Lapbelt'],0,0,Valid,0.0,0.0,40.0,28.0,"['Male', 'Male']",0,0,3,4,5,Dry,Straight,Level,Lowest,No
10630,12,Florida,123242,1,2,1,1,1,NOT APPLICABLE,December,31,Sunday,17,32,Urban,Medium Speed (Collector),No,25.91034722,-80.17530833,Non-Intersection,Daylight,Clear,Unknown,Unknown,Unknown EMS Scene Arrival Hour,Unknown EMS Scene Arrival Minutes,Unknown,Unknown EMS Hospital Arrival Time,1,Daylight,Clear,0,1,[],[],0,0,Valid,0.0,0.0,64.0,64.0,['Female'],1,0,3,4,4,Dry,Straight,Level,Lowest,No
10631,12,Florida,123243,0,2,2,0,2,NOT APPLICABLE,December,6,Wednesday,9,50,Urban,Medium Speed (Collector),No,26.52821944,-81.85700278,Complex/Circle,Daylight,Clear,Unknown,Unknown,Unknown EMS Scene Arrival Hour,Unknown EMS Scene Arrival Minutes,Unknown,Unknown EMS Hospital Arrival Time,1,Daylight,Clear,1,1,['Driver'],['Shoulder_Lapbelt'],0,0,Valid,1.0,1.0,92.0,23.0,"['Female', 'Female']",0,0,2,4,5,Dry,Straight,Level,Lowest,No
10632,12,Florida,123244,0,1,1,0,5,NOT APPLICABLE,December,31,Sunday,14,52,Rural,High Speed (Arterial),Yes,30.43612222,-85.08307778,Non-Intersection,Daylight,Clear,Unknown,Unknown,Unknown EMS Scene Arrival Hour,Unknown EMS Scene Arrival Minutes,Unknown,Unknown EMS Hospital Arrival Time,2,Daylight,Clear,2,3,"['Rear_Seat', 'Rear_Seat']","['None_Used', 'None_Used']",0,0,Invalid,0.0,1.0,36.0,36.0,['Female'],0,0,2,4,3,Dry,Curve,Level,Lowest,No
10633,12,Florida,123245,1,1,1,0,1,SARASOTA,January,27,Friday,23,43,Urban,High Speed (Arterial),Yes,27.33742222,-82.49588889,Non-Intersection,Dark - Lighted,Clear,Unknown,Unknown,Unknown EMS Scene Arrival Hour,Unknown EMS Scene Arrival Minutes,Not Applicable (Not Transported),Not Applicable (Not Transported),1,Dark - Lighted,Clear,0,1,[],[],0,0,Invalid,0.0,0.0,998.0,998.0,['Other'],0,0,1,2,4,Dry,Straight,Level,Lowest,No
10634,12,Florida,123246,0,1,1,0,1,NOT APPLICABLE,November,14,Tuesday,22,5,Urban,Medium Speed (Collector),No,28.6656,-81.49899167,Complex/Circle,Dark - Lighted,Cloudy,Unknown,Unknown,Unknown EMS Scene Arrival Hour,Unknown EMS Scene Arrival Minutes,Unknown,Unknown EMS Hospital Arrival Time,1,Dark - Lighted,Reduced Visibility,1,0,['Driver'],['None_Used'],0,0,Valid,0.0,0.0,18.0,18.0,['Male'],0,0,5,4,3,Dry,Straight,Level,Lowest,No
10635,12,Florida,123247,1,1,1,0,1,SARASOTA,November,23,Thursday,0,23,Urban,Low Speed (Local),No,27.31916389,-82.52971944,Complex/Circle,Dark - Lighted,Clear,Unknown,Unknown,Unknown EMS Scene Arrival Hour,Unknown EMS Scene Arrival Minutes,Unknown,Unknown EMS Hospital Arrival Time,1,Dark - Lighted,Clear,0,1,[],[],0,0,Valid,0.0,0.0,43.0,43.0,['Male'],0,0,3,2,4,Wet/Standing Water,Straight,Level,Lowest,No
10636,12,Florida,123251,0,2,2,0,2,COCONUT CREEK,December,10,Sunday,18,53,Urban,Medium Speed (Collector),No,26.22606389,-80.18469444,Non-Intersection,Dark - Not Lighted,Clear,Unknown,Unknown,Unknown EMS Scene Arrival Hour,Unknown EMS Scene Arrival Minutes,Unknown,Unknown EMS Hospital Arrival Time,1,Dark - Unlighted,Clear,1,1,['Driver'],['None_Used'],0,0,Valid,1.0,1.0,46.0,27.0,"['Male', 'Female']",0,0,2,4,5,Dry,Curve,Level,Lowest,No
10637,12,Florida,123252,1,1,1,0,1,LEESBURG,September,8,Friday,16,31,Urban,High Speed (Arterial),Yes,28.81627778,-81.84777778,Non-Intersection,Daylight,Cloudy,Unknown,Unknown,Unknown EMS Scene Arrival Hour,Unknown EMS Scene Arrival Minutes,Not Applicable (Not Transported),Not Applicable (Not Transported),1,Daylight,Reduced Visibility,0,1,[],[],0,0,Valid,0.0,0.0,19.0,19.0,['Male'],0,0,2,4,4,Wet/Standing Water,Straight,Level,Lowest,No
10638,12,Florida,123253,1,1,1,0,1,FORT PIERCE,November,22,Wednesday,19,30,Urban,High Speed (Arterial),Yes,27.41943056,-80.37764722,Non-Intersection,Dark - Not Lighted,Clear,Unknown,Unknown,Unknown EMS Scene Arrival Hour,Unknown EMS Scene Arrival Minutes,Unknown,Unknown EMS Hospital Arrival Time,1,Dark - Unlighted,Clear,0,1,[],[],0,0,Valid,0.0,0.0,62.0,62.0,['Male'],0,0,2,2,4,Dry,Straight,Level,Lowest,No
10639,12,Florida,123254,0,2,2,0,4,FORT PIERCE,November,28,Tuesday,16,34,Urban,Medium Speed (Collector),No,27.41090833,-80.33680278,Non-Intersection,Daylight,Clear,Unknown,Unknown,Unknown EMS Scene Arrival Hour,Unknown EMS Scene Arrival Minutes,Unknown,Unknown EMS Hospital Arrival Time,1,Daylight,Clear,1,3,['Driver'],['Shoulder_Lapbelt'],0,0,Valid,0.0,0.0,79.0,24.0,"['Female', 'Male']",0,0,3,4,5,Dry,Straight,Level,Lowest,No
10640,12,Florida,123255,1,1,1,0,4,NOT APPLICABLE,December,17,Sunday,19,1,Urban,High Speed (Arterial),Yes,27.71228056,-82.377,Non-Intersection,Dark - Not Lighted,Clear,Unknown,Unknown,Unknown EMS Scene Arrival Hour,Unknown EMS Scene Arrival Minutes,Unknown,Unknown EMS Hospital Arrival Time,1,Dark - Unlighted,Clear,0,4,[],[],0,0,Valid,0.0,0.0,40.0,40.0,['Female'],0,0,3,2,4,Dry,Straight,Level,Lowest,No
10641,12,Florida,123256,1,1,1,0,1,ORLANDO,December,28,Thursday,19,38,Urban,Medium Speed (Collector),No,28.52702778,-81.42639167,Non-Intersection,Dark - Lighted,Clear,Unknown,Unknown,Unknown EMS Scene Arrival Hour,Unknown EMS Scene Arrival Minutes,Unknown,Unknown EMS Hospital Arrival Time,1,Dark - Lighted,Clear,0,1,[],[],0,0,Valid,0.0,0.0,61.0,61.0,['Male'],0,0,3,2,4,Dry,Straight,Level,Lowest,No
10642,12,Florida,123257,0,2,2,0,3,TAMARAC,February,25,Saturday,18,55,Urban,High Speed (Arterial),Yes,26.18814722,-80.17523056,Complex/Circle,Dark - Lighted,Clear,Unknown,Unknown,Unknown EMS Scene Arrival Hour,Unknown EMS Scene Arrival Minutes,Unknown,Unknown EMS Hospital Arrival Time,1,Dark - Lighted,Clear,1,2,['Driver'],['None_Used'],0,0,Valid,0.0,0.0,64.0,37.0,"['Male', 'Female']",0,0,5,4,5,Dry,Straight,Level,Lowest,No
10643,12,Florida,123258,0,1,1,0,1,PORT SAINT LUCIE,August,2,Wednesday,0,30,Urban,Medium Speed (Collector),No,27.30373056,-80.32612778,Non-Intersection,Dark - Lighted,Clear,Unknown,Unknown,Unknown EMS Scene Arrival Hour,Unknown EMS Scene Arrival Minutes,Unknown,Unknown EMS Hospital Arrival Time,1,Dark - Lighted,Clear,1,0,['Driver'],['Shoulder_Lapbelt'],0,0,Valid,0.0,0.0,64.0,64.0,['Female'],0,0,3,3,3,Dry,Straight,Level,Lowest,No
10644,12,Florida,123259,0,3,3,0,6,NOT APPLICABLE,September,14,Thursday,16,5,Urban,High Speed (Arterial),Yes,30.05996667,-81.87790278,Simple Junction,Daylight,Cloudy,Unknown,Unknown,Unknown EMS Scene Arrival Hour,Unknown EMS Scene Arrival Minutes,Unknown,Unknown EMS Hospital Arrival Time,1,Daylight,Reduced Visibility,1,5,['Driver'],['Shoulder_Lapbelt'],0,0,Valid,0.0,0.0,80.0,29.0,"['Female', 'Male', 'Female']",0,0,3,4,5,Dry,Straight,Level,Lowest,No
10645,12,Florida,123260,1,1,1,0,2,NOT APPLICABLE,October,31,Tuesday,6,46,Urban,High Speed (Arterial),Yes,26.419125,-81.81161111,Non-Intersection,Dark - Lighted,Clear,Unknown,Unknown,Unknown EMS Scene Arrival Hour,Unknown EMS Scene Arrival Minutes,Unknown,Unknown EMS Hospital Arrival Time,1,Dark - Lighted,Clear,0,2,[],[],0,0,Valid,0.0,0.0,34.0,34.0,['Male'],0,0,3,2,4,Dry,Straight,Level,Lowest,No