,State_Code,State_Name,Crash_ID,Count_Non_Motorists,Count_Vehicles_Total,Count_Vehicle_Forms,Count_PVH_Involved,Count_Occupants_MV,City_Name,Month_Name,Day_of_Month,Day_of_Week,Crash_Hour,Crash_Minute,Area_Rural_Urban,Road_Functional_Class,On_NHS_Road,Latitude,Longitude,Intersection_Type,Light_Condition,Weather_Condition,Notif_Hour,Notif_Minute,Arrival_Hour,Arrival_Minute,Hospital_Hour,Hospital_Minute,Fatalities_Count,Clean_Light_Condition,Clean_Weather_Condition,Total_Killed,Total_Alive,Fatal_Seats_List,Killed_Restraint_List,Any_Driver_Drinking,Total_Drinking_Drivers,Driver_License_Category,Driver_Max_Prev_Accident_Count,Driver_Max_Prev_Speeding_Count,Max_Driver_Age,Min_Driver_Age,Driver_Sex_List,Total_Exceeding_Limit_Vehicles,Total_Too_Fast_Vehicles,Max_Vehicle_Type_Severity_5,Max_Vehicle_Damage_Rank,Max_Harmful_Event_Severity,Crash_Road_Surface_Condition,Crash_Horizontal_Alignment,Crash_Vertical_Profile,Crash_Impairment_Category,Crash_Vehicle_Defect
10646,12,Florida,123261,1,1,1,0,2,POMPANO BEACH,November,10,Friday,18,57,Urban,High Speed (Arterial),Yes,26.23513056,-80.155375,Non-Intersection,Dark - Not Lighted,Clear,Unknown,Unknown,Unknown EMS Scene Arrival Hour,Unknown EMS Scene Arrival Minutes,Unknown,Unknown EMS Hospital Arrival Time,1,Dark - Unlighted,Clear,0,2,[],[],0,0,Valid,0.0,0.0,22.0,22.0,['Female'],0,0,2,3,4,Dry,Curve,Level,Lowest,No
10647,12,Florida,123262,1,1,1,0,2,LAUDERDALE LAKES,November,18,Saturday,17,50,Urban,High Speed (Arterial),Yes,26.16856667,-80.31033333,Non-Intersection,Dark - Lighted,Clear,Unknown,Unknown,Unknown EMS Scene Arrival Hour,Unknown EMS Scene Arrival Minutes,Unknown,Unknown EMS Hospital Arrival Time,1,Dark - Lighted,Clear,0,2,[],[],0,0,Valid,0.0,0.0,73.0,73.0,['Female'],0,0,3,3,4,Dry,Straight,Level,Lowest,No
10648,12,Florida,123263,0,2,2,0,2,POMPANO BEACH,November,18,Saturday,14,8,Urban,Medium Speed (Collector),No,26.21518889,-80.13196667,Complex/Circle,Daylight,Clear,Unknown,Unknown,Unknown EMS Scene Arrival Hour,Unknown EMS Scene Arrival Minutes,Unknown,Unknown EMS Hospital Arrival Time,1,Daylight,Clear,1,1,['Driver'],['Shoulder_Lapbelt'],0,0,Invalid,0.0,0.0,32.0,16.0,"['Female', 'Male']",0,0,2,4,5,Dry,Straight,Level,Lowest,No
10649,12,Florida,123265,1,1,1,0,2,KEY WEST,December,10,Sunday,8,46,Urban,High Speed (Arterial),Yes,24.57535833,-81.73188333,Simple Junction,Daylight,Clear,Unknown,Unknown,Unknown EMS Scene Arrival Hour,Unknown EMS Scene Arrival Minutes,Unknown,Unknown EMS Hospital Arrival Time,1,Daylight,Clear,0,2,[],[],0,0,Valid,0.0,0.0,66.0,66.0,['Male'],0,0,3,3,4,Dry,Straight,Level,Lowest,No
10650,12,Florida,123266,1,1,1,0,1,APOPKA,December,13,Wednesday,20,41,Urban,High Speed (Arterial),Yes,28.67317778,-81.50188056,Complex/Circle,Dark - Lighted,Clear,Unknown,Unknown,Unknown EMS Scene Arrival Hour,Unknown EMS Scene Arrival Minutes,Unknown,Unknown EMS Hospital Arrival Time,1,Dark - Lighted,Clear,0,1,[],[],0,0,Valid,0.0,0.0,64.0,64.0,['Female'],0,0,2,4,4,Dry,Straight,Level,Lowest,No
10651,12,Florida,123267,0,2,2,0,2,TAMARAC,December,15,Friday,12,7,Urban,Medium Speed (Collector),No,26.20833333,-80.27274444,Complex/Circle,Daylight,Clear,Unknown,Unknown,Unknown EMS Scene Arrival Hour,Officially Cancelled,Unknown,Officially Canceled,1,Daylight,Clear,1,1,['Driver'],['Shoulder_Lapbelt'],0,0,Invalid,0.0,0.0,90.0,49.0,"['Male', 'Male']",0,0,2,4,5,Dry,Straight,Level,Lowest,No
10652,12,Florida,123268,1,1,1,0,1,POMPANO BEACH,December,18,Monday,14,13,Urban,Medium Speed (Collector),No,26.12423611,-80.18625278,Simple Junction,Daylight,Clear,Unknown,Unknown,Unknown EMS Scene Arrival Hour,Unknown EMS Scene Arrival Minutes,Unknown,Unknown EMS Hospital Arrival Time,1,Daylight,Clear,0,1,[],[],0,0,Valid,0.0,0.0,49.0,49.0,['Male'],0,0,2,2,4,Dry,Straight,Level,Lowest,No
10653,12,Florida,123269,0,2,2,0,3,NOT APPLICABLE,December,19,Tuesday,17,45,Rural,Medium Speed (Collector),No,28.14023611,-82.63669444,Non-Intersection,Dusk,Clear,Unknown,Unknown,Unknown EMS Scene Arrival Hour,Unknown EMS Scene Arrival Minutes,Unknown,Unknown EMS Hospital Arrival Time,1,Twilight,Clear,1,2,['Driver'],['None_Used'],0,0,Valid,0.0,0.0,78.0,29.0,"['Male', 'Male']",0,0,5,2,5,Dry,Straight,Level,Lowest,No
10654,12,Florida,123270,0,4,4,0,5,NOT APPLICABLE,December,22,Friday,19,53,Urban,Medium Speed (Collector),No,25.6726,-80.36776389,Non-Intersection,Dark - Lighted,Clear,Unknown,Unknown,Unknown EMS Scene Arrival Hour,Unknown EMS Scene Arrival Minutes,Unknown,Unknown EMS Hospital Arrival Time,1,Dark - Lighted,Clear,1,4,['Driver'],['Shoulder_Lapbelt'],0,0,Valid,0.0,0.0,73.0,20.0,"['Female', 'Male', 'Male', 'Female']",0,0,3,4,5,Dry,Straight,Level,Lowest,No
10655,12,Florida,123271,0,1,1,0,1,NOT APPLICABLE,December,30,Saturday,2,43,Rural,Medium Speed (Collector),No,27.05690833,-80.31295833,Non-Intersection,Dark - Not Lighted,Clear,Unknown,Unknown,Unknown EMS Scene Arrival Hour,Unknown EMS Scene Arrival Minutes,Not Applicable (Not Transported),Not Applicable (Not Transported),1,Dark - Unlighted,Clear,1,0,['Driver'],['Shoulder_Lapbelt'],0,0,Invalid,0.0,0.0,35.0,35.0,['Female'],0,0,3,4,3,Dry,Straight,Level,Lowest,No
10656,12,Florida,123272,1,1,1,0,1,OAKLAND PARK,December,30,Saturday,2,3,Urban,High Speed (Arterial),Yes,26.16581111,-80.16635556,Non-Intersection,Dark - Lighted,Clear,Unknown,Unknown,Unknown EMS Scene Arrival Hour,Unknown EMS Scene Arrival Minutes,Unknown,Unknown EMS Hospital Arrival Time,1,Dark - Lighted,Clear,0,1,[],[],0,0,Valid,1.0,0.0,41.0,41.0,['Female'],0,0,3,4,4,Dry,Straight,Level,Lowest,No
10657,12,Florida,123273,2,2,2,0,4,SAINT PETERSBURG,December,9,Saturday,14,17,Urban,Medium Speed (Collector),No,27.83757222,-82.63857778,Simple Junction,Daylight,Clear,Unknown,Unknown,Unknown EMS Scene Arrival Hour,Unknown EMS Scene Arrival Minutes,Unknown,Unknown EMS Hospital Arrival Time,2,Daylight,Clear,0,4,[],[],0,0,Valid,1.0,0.0,67.0,21.0,"['Male', 'Male']",0,0,2,4,5,Dry,Straight,Level,Lowest,No
10658,12,Florida,123274,0,2,2,0,2,NOT APPLICABLE,December,31,Sunday,23,40,Urban,High Speed (Arterial),Yes,28.12294444,-82.74014444,Complex/Circle,Dark - Lighted,Cloudy,Unknown,Unknown,Unknown EMS Scene Arrival Hour,Unknown EMS Scene Arrival Minutes,Unknown,Unknown EMS Hospital Arrival Time,1,Dark - Lighted,Reduced Visibility,1,1,['Driver'],['Shoulder_Lapbelt'],0,0,Valid,0.0,0.0,63.0,20.0,"['Male', 'Female']",1,0,2,4,5,Dry,Straight,Level,Lowest,No
10659,12,Florida,123275,1,1,1,0,1,NOT APPLICABLE,December,26,Tuesday,18,13,Urban,Medium Speed (Collector),No,27.3052,-80.25755,Non-Intersection,Dark - Not Lighted,Clear,Unknown,Unknown,Unknown EMS Scene Arrival Hour,Unknown EMS Scene Arrival Minutes,Unknown,Unknown EMS Hospital Arrival Time,1,Dark - Unlighted,Clear,0,1,[],[],0,0,Invalid,0.0,0.0,999.0,999.0,['Other'],0,0,1,0,4,Dry,Straight,Level,Lowest,No
10660,12,Florida,123276,0,2,2,0,2,PALM SPRINGS,December,6,Wednesday,7,5,Urban,High Speed (Arterial),Yes,26.65127222,-80.09612778,Complex/Circle,Daylight,Clear,Unknown,Unknown,Unknown EMS Scene Arrival Hour,Unknown EMS Scene Arrival Minutes,Unknown,Unknown EMS Hospital Arrival Time,1,Daylight,Clear,1,1,['Driver'],['None_Used'],0,0,Valid,0.0,0.0,57.0,38.0,"['Female', 'Male']",0,0,5,4,5,Dry,Straight,Level,Lowest,No
10661,12,Florida,123277,0,3,3,0,3,NOT APPLICABLE,December,24,Sunday,4,40,Urban,High Speed (Arterial),Yes,30.49639444,-87.23027222,Non-Intersection,Dark - Lighted,Cloudy,Unknown,Unknown,Unknown EMS Scene Arrival Hour,Unknown EMS Scene Arrival Minutes,Unknown,Unknown EMS Hospital Arrival Time,1,Dark - Lighted,Reduced Visibility,1,2,['Driver'],['Shoulder_Lapbelt'],0,0,Valid,0.0,0.0,41.0,34.0,"['Male', 'Male', 'Female']",0,0,3,4,5,Dry,Straight,Level,Lowest,No
10662,12,Florida,123278,1,1,1,0,2,TAVARES,December,15,Friday,19,58,Urban,High Speed (Arterial),Yes,28.82006389,-81.72235556,Non-Intersection,Dark - Not Lighted,Clear,Unknown,Unknown,Unknown EMS Scene Arrival Hour,Unknown EMS Scene Arrival Minutes,Unknown,Unknown EMS Hospital Arrival Time,1,Dark - Unlighted,Clear,0,2,[],[],0,0,Valid,0.0,0.0,50.0,50.0,['Female'],0,0,3,2,4,Dry,Straight,Level,Lowest,No
10663,12,Florida,123280,0,2,2,0,2,LAKELAND,June,21,Wednesday,22,24,Urban,Medium Speed (Collector),No,27.98615833,-81.97319444,Non-Intersection,Dark - Not Lighted,Cloudy,Unknown,Unknown,Unknown EMS Scene Arrival Hour,Unknown EMS Scene Arrival Minutes,Unknown,Unknown EMS Hospital Arrival Time,1,Dark - Unlighted,Reduced Visibility,1,1,['Driver'],['Shoulder_Lapbelt'],1,1,Valid,0.0,0.0,60.0,22.0,"['Female', 'Female']",0,0,3,4,5,Wet/Standing Water,Curve,Level,Lowest,No
10664,12,Florida,123281,0,1,1,0,1,NOT APPLICABLE,October,13,Friday,0,55,Urban,High Speed (Arterial),Yes,27.97866111,-81.66497222,Non-Intersection,Dark - Not Lighted,Clear,Unknown,Unknown,Unknown EMS Scene Arrival Hour,Officially Cancelled,Unknown,Officially Canceled,1,Dark - Unlighted,Clear,1,0,['Driver'],['Shoulder_Lapbelt'],1,1,Valid,0.0,0.0,27.0,27.0,['Male'],0,0,2,4,3,Dry,Curve,Level,Lowest,No
10665,12,Florida,123282,0,1,1,0,1,SAINT AUGUSTINE,September,22,Friday,18,24,Rural,Medium Speed (Collector),No,29.88325556,-81.55995833,Non-Intersection,Dusk,Clear,Unknown,Unknown,Unknown EMS Scene Arrival Hour,Unknown EMS Scene Arrival Minutes,Not Applicable (Not Transported),Not Applicable (Not Transported),1,Twilight,Clear,1,0,['Driver'],['None_Used'],0,0,Valid,0.0,0.0,55.0,55.0,['Male'],0,0,3,4,3,Dry,Straight,Level,Lowest,No
10666,12,Florida,123283,0,1,1,0,2,NOT APPLICABLE,May,6,Saturday,14,27,Urban,High Speed (Arterial),Yes,25.58035833,-80.36799444,Non-Intersection,Daylight,Clear,Unknown,Unknown,Unknown EMS Scene Arrival Hour,Unknown EMS Scene Arrival Minutes,Unknown,Unknown EMS Hospital Arrival Time,1,Daylight,Clear,1,1,['Driver'],['Shoulder_Lapbelt'],0,0,Valid,0.0,0.0,73.0,73.0,['Male'],0,0,3,4,3,Dry,Straight,Level,Medium,No
10667,12,Florida,123284,1,1,1,0,1,NOT APPLICABLE,May,29,Monday,20,40,Urban,Medium Speed (Collector),No,25.53660833,-80.40053889,Simple Junction,Dark - Not Lighted,Clear,Unknown,Unknown,Unknown EMS Scene Arrival Hour,Unknown EMS Scene Arrival Minutes,Unknown,Unknown EMS Hospital Arrival Time,1,Dark - Unlighted,Clear,0,1,[],[],0,0,Valid,0.0,0.0,38.0,38.0,['Male'],0,0,2,3,4,Dry,Straight,Level,Lowest,No
10668,12,Florida,123285,0,1,1,0,1,SANFORD,October,4,Wednesday,23,10,Urban,High Speed (Arterial),Yes,28.81117222,-81.29121111,Non-Intersection,Dark - Lighted,Clear,Unknown,Unknown,Unknown EMS Scene Arrival Hour,Unknown EMS Scene Arrival Minutes,Unknown,Unknown EMS Hospital Arrival Time,1,Dark - Lighted,Clear,1,0,['Driver'],['Shoulder_Lapbelt'],0,0,Valid,0.0,0.0,98.0,98.0,['Male'],0,0,3,4,2,Dry,Straight,Level,Medium,No
10669,12,Florida,123286,1,1,1,0,1,DAYTONA BEACH,December,21,Thursday,0,43,Urban,High Speed (Arterial),Yes,29.18313611,-81.07872222,Non-Intersection,Dark - Unknown Lighting,Clear,Unknown,Unknown,Unknown EMS Scene Arrival Hour,Unknown EMS Scene Arrival Minutes,Not Applicable (Not Transported),Not Applicable (Not Transported),1,Dark - Unlighted,Clear,0,1,[],[],0,0,Valid,0.0,0.0,26.0,26.0,['Male'],0,0,2,3,4,Dry,Straight,Level,Lowest,No
10670,12,Florida,123287,0,1,1,0,1,NOT APPLICABLE,December,22,Friday,3,0,Rural,Medium Speed (Collector),No,28.07623333,-82.19656667,Non-Intersection,Dark - Not Lighted,Clear,Unknown,Unknown,Unknown EMS Scene Arrival Hour,Unknown EMS Scene Arrival Minutes,Unknown,Unknown EMS Hospital Arrival Time,1,Dark - Unlighted,Clear,1,0,['Driver'],['None_Used'],1,1,Valid,0.0,0.0,21.0,21.0,['Male'],1,0,3,4,2,Dry,Straight,Level,Medium,No
10671,12,Florida,123288,0,1,1,0,1,NOT APPLICABLE,December,20,Wednesday,12,10,Urban,High Speed (Arterial),Yes,28.8747,-81.26954722,Non-Intersection,Daylight,Cloudy,Unknown,Unknown,Unknown EMS Scene Arrival Hour,Unknown EMS Scene Arrival Minutes,Unknown,Unknown EMS Hospital Arrival Time,1,Daylight,Reduced Visibility,1,0,['Driver'],['Shoulder_Lapbelt'],0,0,Valid,0.0,0.0,58.0,58.0,['Male'],0,0,3,4,3,Dry,Straight,Level,Lowest,No
10672,12,Florida,123289,0,3,3,0,4,MIAMI,January,31,Tuesday,20,28,Urban,Medium Speed (Collector),No,25.65492778,-80.4488,Complex/Circle,Dark - Lighted,Clear,Unknown,Unknown,Unknown EMS Scene Arrival Hour,Officially Cancelled,Unknown,Officially Canceled,1,Dark - Lighted,Clear,1,3,['Front_Passenger'],['None_Used'],0,0,Valid,1.0,0.0,25.0,21.0,"['Male', 'Female', 'Female']",0,0,2,4,5,Dry,Straight,Level,Lowest,No
10673,12,Florida,123291,1,1,1,0,1,COCONUT CREEK,November,18,Saturday,20,51,Urban,High Speed (Arterial),Yes,26.273775,-80.18306389,Non-Intersection,Dark - Lighted,Clear,Unknown,Unknown,Unknown EMS Scene Arrival Hour,Unknown EMS Scene Arrival Minutes,Unknown,Unknown EMS Hospital Arrival Time,1,Dark - Lighted,Clear,0,1,[],[],0,0,Valid,0.0,0.0,49.0,49.0,['Male'],0,0,2,3,4,Dry,Straight,Level,Lowest,No
10674,12,Florida,123292,0,2,2,0,2,ORLANDO,December,10,Sunday,17,21,Rural,High Speed (Arterial),No,28.485725,-81.45901389,Complex/Circle,Dusk,Rain,Unknown,Unknown,Unknown EMS Scene Arrival Hour,Unknown EMS Scene Arrival Minutes,Unknown,Unknown EMS Hospital Arrival Time,1,Twilight,Rain/Wind/Minor,1,1,['Driver'],['None_Used'],0,0,Valid,0.0,1.0,30.0,20.0,"['Male', 'Male']",0,0,5,4,5,Wet/Standing Water,Straight,Grade/Hillcrest,Lowest,No
10675,12,Florida,123293,1,1,1,0,2,NOT APPLICABLE,June,22,Thursday,3,46,Urban,High Speed (Arterial),No,25.86791111,-80.25079167,Complex/Circle,Dark - Lighted,Clear,Unknown,Unknown,Unknown EMS Scene Arrival Hour,Unknown EMS Scene Arrival Minutes,Unknown,Unknown EMS Hospital Arrival Time,1,Dark - Lighted,Clear,0,2,[],[],0,0,Invalid,1.0,0.0,23.0,23.0,['Male'],0,0,2,0,4,Dry,Straight,Level,Lowest,No
10676,12,Florida,123294,1,1,1,0,2,NOT APPLICABLE,May,6,Saturday,1,5,Urban,High Speed (Arterial),Yes,28.357,-80.69612778,Non-Intersection,Dark - Lighted,Clear,Unknown,Unknown,Unknown EMS Scene Arrival Hour,Unknown EMS Scene Arrival Minutes,Unknown,Unknown EMS Hospital Arrival Time,1,Dark - Lighted,Clear,0,2,[],[],0,0,Invalid,0.0,0.0,23.0,23.0,['Male'],0,0,2,2,4,Dry,Straight,Level,Lowest,No
10677,12,Florida,123295,0,2,2,0,2,MOUNT DORA,December,28,Thursday,21,11,Urban,Medium Speed (Collector),No,28.81084167,-81.68338333,Complex/Circle,Dark - Not Lighted,Clear,Unknown,Unknown,Unknown EMS Scene Arrival Hour,Unknown EMS Scene Arrival Minutes,Unknown,Unknown EMS Hospital Arrival Time,1,Dark - Unlighted,Clear,1,1,['Driver'],['None_Used'],0,0,Valid,0.0,1.0,47.0,23.0,"['Male', 'Male']",0,0,5,4,5,Dry,Straight,Level,Lowest,No
10678,12,Florida,123296,1,1,1,0,1,SUNNY ISLES,November,21,Tuesday,12,25,Urban,High Speed (Arterial),No,25.93548333,-80.12174444,Simple Junction,Daylight,Clear,Unknown,Unknown,Unknown EMS Scene Arrival Hour,Unknown EMS Scene Arrival Minutes,Unknown,Unknown EMS Hospital Arrival Time,1,Daylight,Clear,0,1,[],[],0,0,Invalid,0.0,0.0,38.0,38.0,['Female'],0,0,3,1,4,Dry,Straight,Level,Lowest,No
10679,12,Florida,123297,0,1,1,0,1,FORT PIERCE,December,10,Sunday,11,19,Urban,Medium Speed (Collector),No,27.43012778,-80.31734167,Non-Intersection,Daylight,Clear,Unknown,Unknown,Unknown EMS Scene Arrival Hour,Unknown EMS Scene Arrival Minutes,Unknown,Unknown EMS Hospital Arrival Time,1,Daylight,Clear,1,0,['Driver'],['None_Used'],0,0,Valid,0.0,0.0,65.0,65.0,['Male'],0,0,5,2,3,Dry,Straight,Level,Lowest,No
10680,12,Florida,123298,0,1,1,0,1,SEBRING,December,14,Thursday,10,0,Urban,High Speed (Arterial),Yes,27.47261111,-81.44753056,Non-Intersection,Daylight,Clear,Unknown,Unknown,Unknown EMS Scene Arrival Hour,Unknown EMS Scene Arrival Minutes,Unknown,Unknown EMS Hospital Arrival Time,1,Daylight,Clear,1,0,['Driver'],['Shoulder_Lapbelt'],0,0,Valid,0.0,0.0,84.0,84.0,['Male'],0,0,3,4,3,Dry,Straight,Level,Lowest,No
10681,12,Florida,123299,0,2,2,0,3,NOT APPLICABLE,October,15,Sunday,10,6,Urban,Medium Speed (Collector),No,27.94658333,-81.59482778,Non-Intersection,Daylight,Clear,Unknown,Unknown,Unknown EMS Scene Arrival Hour,Unknown EMS Scene Arrival Minutes,Unknown,Unknown EMS Hospital Arrival Time,1,Daylight,Clear,1,2,['Driver'],['Shoulder_Lapbelt'],0,0,Invalid,0.0,0.0,82.0,24.0,"['Male', 'Male']",0,0,3,4,5,Dry,Curve,Level,Lowest,No
10682,12,Florida,123300,0,2,2,0,2,DEERFIELD BEACH,January,26,Thursday,9,23,Urban,Medium Speed (Collector),No,26.28973611,-80.11948611,Complex/Circle,Daylight,Cloudy,Unknown,Unknown,Unknown EMS Scene Arrival Hour,Unknown EMS Scene Arrival Minutes,Unknown,Unknown EMS Hospital Arrival Time,1,Daylight,Reduced Visibility,1,1,['Driver'],['None_Used'],0,0,Invalid,0.0,0.0,47.0,21.0,"['Female', 'Male']",0,0,5,4,5,Dry,Straight,Level,Lowest,No
10683,12,Florida,123301,1,1,1,0,1,DESTIN,January,19,Thursday,18,59,Urban,High Speed (Arterial),Yes,30.38799444,-86.41036389,Complex/Circle,Dark - Not Lighted,Clear,Unknown,Unknown,Unknown EMS Scene Arrival Hour,Unknown EMS Scene Arrival Minutes,Not Applicable (Not Transported),Not Applicable (Not Transported),1,Dark - Unlighted,Clear,0,1,[],[],0,0,Invalid,0.0,0.0,28.0,28.0,['Male'],0,0,3,4,4,Dry,Straight,Level,Lowest,No
10684,12,Florida,123303,1,1,1,0,1,LAKELAND,November,12,Sunday,20,39,Urban,High Speed (Arterial),Yes,28.02401389,-81.92489444,Complex/Circle,Dark - Lighted,Clear,Unknown,Unknown,Unknown EMS Scene Arrival Hour,Unknown EMS Scene Arrival Minutes,Unknown,Unknown EMS Hospital Arrival Time,1,Dark - Lighted,Clear,0,1,[],[],0,0,Valid,0.0,2.0,61.0,61.0,['Male'],0,0,3,3,4,Dry,Straight,Level,Lowest,No
10685,12,Florida,123304,1,1,1,0,1,MIAMI,November,13,Monday,19,3,Urban,Medium Speed (Collector),No,25.79145556,-80.20696111,Complex/Circle,Dark - Lighted,Rain,Unknown,Unknown,Unknown EMS Scene Arrival Hour,Unknown EMS Scene Arrival Minutes,Unknown,Unknown EMS Hospital Arrival Time,1,Dark - Lighted,Rain/Wind/Minor,0,1,[],[],0,0,Invalid,0.0,1.0,76.0,76.0,['Male'],0,0,2,3,4,Wet/Standing Water,Straight,Level,Lowest,No
10686,12,Florida,123305,1,1,1,0,1,TAMARAC,November,14,Tuesday,5,45,Urban,High Speed (Arterial),No,26.18827778,-80.17521667,Complex/Circle,Dark - Lighted,Clear,Unknown,Unknown,Unknown EMS Scene Arrival Hour,Unknown EMS Scene Arrival Minutes,Unknown,Unknown EMS Hospital Arrival Time,1,Dark - Lighted,Clear,0,1,[],[],0,0,Valid,0.0,0.0,50.0,50.0,['Male'],0,0,3,4,4,Dry,Straight,Level,Lowest,No
10687,12,Florida,123306,1,1,1,0,1,FORT LAUDERDALE,May,17,Wednesday,3,50,Urban,Medium Speed (Collector),No,26.10686667,-80.16636944,Non-Intersection,Dark - Lighted,Clear,Unknown,Unknown,Unknown EMS Scene Arrival Hour,Unknown EMS Scene Arrival Minutes,Not Applicable (Not Transported),Not Applicable (Not Transported),1,Dark - Lighted,Clear,0,1,[],[],0,0,Valid,0.0,0.0,19.0,19.0,['Female'],0,0,2,4,4,Dry,Straight,Grade/Hillcrest,Medium,No
10688,12,Florida,123307,1,1,1,0,1,FORT LAUDERDALE,March,11,Saturday,1,29,Urban,Medium Speed (Collector),No,26.11945,-80.12525278,Non-Intersection,Dark - Lighted,Clear,Unknown,Unknown if Notified,Unknown EMS Scene Arrival Hour,Unknown if Arrived,Not Applicable (Not Transported),Not Applicable (Not Transported),1,Dark - Lighted,Clear,0,1,[],[],0,0,Invalid,0.0,0.0,998.0,998.0,['Other'],0,0,1,0,4,Dry,Straight,Level,Lowest,No
10689,12,Florida,123308,1,2,2,0,2,NOT APPLICABLE,October,7,Saturday,21,10,Urban,High Speed (Arterial),No,25.87458611,-80.24288889,Complex/Circle,Dark - Unknown Lighting,Rain,Unknown,Unknown,Unknown EMS Scene Arrival Hour,Unknown EMS Scene Arrival Minutes,Unknown,Unknown EMS Hospital Arrival Time,1,Dark - Unlighted,Rain/Wind/Minor,0,2,[],[],0,0,Valid,1.0,0.0,60.0,27.0,"['Male', 'Female']",0,0,2,3,4,Wet/Standing Water,Straight,Level,Lowest,No
10690,12,Florida,123309,0,1,1,0,2,NOT APPLICABLE,March,10,Friday,19,19,Urban,Low Speed (Local),No,26.65250833,-81.92220556,Non-Intersection,Daylight,Clear,Unknown,Unknown,Unknown EMS Scene Arrival Hour,Unknown EMS Scene Arrival Minutes,Unknown,Unknown EMS Hospital Arrival Time,1,Daylight,Clear,1,1,['Non_Standard_Risk'],['None_Used'],0,0,Valid,1.0,0.0,32.0,32.0,['Male'],0,0,3,1,1,Dry,Straight,Level,Lowest,No
10691,12,Florida,123310,1,1,1,0,1,RIVIERA BEACH,July,12,Wednesday,21,27,Urban,Medium Speed (Collector),Yes,26.78338889,-80.05583333,Non-Intersection,Dark - Lighted,Clear,Unknown,Unknown,Unknown EMS Scene Arrival Hour,Unknown EMS Scene Arrival Minutes,Unknown,Unknown EMS Hospital Arrival Time,1,Dark - Lighted,Clear,0,1,[],[],0,0,Valid,0.0,0.0,31.0,31.0,['Male'],0,0,2,3,4,Dry,Straight,Level,Lowest,No
10692,12,Florida,123311,0,1,1,0,1,KISSIMMEE,October,22,Sunday,5,56,Urban,Medium Speed (Collector),No,28.2952,-81.40415278,Non-Intersection,Dark - Lighted,Clear,Unknown,Unknown,Unknown EMS Scene Arrival Hour,Unknown EMS Scene Arrival Minutes,Not Applicable (Not Transported),Not Applicable (Not Transported),1,Dark - Lighted,Clear,1,0,['Driver'],['Shoulder_Lapbelt'],0,0,Valid,0.0,0.0,19.0,19.0,['Male'],0,0,2,4,3,Dry,Straight,Level,Lowest,No
10693,12,Florida,123312,1,2,2,0,3,RIVIERA BEACH,March,18,Saturday,22,11,Urban,Medium Speed (Collector),Yes,26.78098333,-80.07775556,Non-Intersection,Dark - Lighted,Clear,Unknown,Unknown,Unknown EMS Scene Arrival Hour,Unknown EMS Scene Arrival Minutes,Not Applicable (Not Transported),Not Applicable (Not Transported),1,Dark - Lighted,Clear,0,3,[],[],0,0,Valid,0.0,1.0,25.0,22.0,"['Female', 'Male']",0,0,3,3,4,Dry,Straight,Level,Lowest,No
10694,12,Florida,123313,0,1,1,0,1,NOT APPLICABLE,August,17,Thursday,10,49,Urban,Medium Speed (Collector),No,28.56803611,-81.45194722,Non-Intersection,Daylight,Clear,Unknown,Unknown,Unknown EMS Scene Arrival Hour,Unknown EMS Scene Arrival Minutes,Unknown,Unknown EMS Hospital Arrival Time,1,Daylight,Clear,1,0,['Driver'],['None_Used'],1,1,Invalid,0.0,0.0,63.0,63.0,['Male'],0,0,5,4,2,Dry,Straight,Level,Lowest,No
10695,12,Florida,123314,0,4,4,0,5,FORT LAUDERDALE,October,21,Saturday,2,8,Urban,High Speed (Arterial),Yes,26.11978056,-80.16897222,Non-Intersection,Dark - Lighted,Clear,Unknown,Unknown,Unknown EMS Scene Arrival Hour,Unknown EMS Scene Arrival Minutes,Not Applicable (Not Transported),Not Applicable (Not Transported),1,Dark - Lighted,Clear,1,4,['Driver'],['None_Used'],0,0,Invalid,0.0,0.0,30.0,22.0,"['Male', 'Male', 'Male', 'Male']",0,0,5,4,5,Dry,Curve,Level,Lowest,No
10696,12,Florida,123315,1,3,1,2,7,NOT APPLICABLE,May,23,Tuesday,14,52,Rural,Low Speed (Local),No,25.92129167,-80.18590556,Non-Intersection,Daylight,Clear,Unknown,Unknown,Unknown EMS Scene Arrival Hour,Unknown EMS Scene Arrival Minutes,Unknown,Unknown EMS Hospital Arrival Time,1,Daylight,Clear,1,6,['Driver'],['Shoulder_Lapbelt'],0,0,Valid,0.0,0.0,33.0,33.0,['Female'],0,0,3,4,5,Dry,Straight,Level,Lowest,No
10697,12,Florida,123316,0,2,2,0,4,NOT APPLICABLE,June,13,Tuesday,0,3,Rural,Low Speed (Local),No,25.58693056,-80.36167778,Non-Intersection,Dark - Not Lighted,Clear,Unknown,Unknown,Unknown EMS Scene Arrival Hour,Unknown EMS Scene Arrival Minutes,Unknown,Unknown EMS Hospital Arrival Time,1,Dark - Unlighted,Clear,1,3,['Front_Passenger'],['Shoulder_Lapbelt'],0,0,Valid,0.0,1.0,50.0,45.0,"['Male', 'Male']",2,0,3,4,5,Dry,Straight,Level,Lowest,No