,State_Code,State_Name,Crash_ID,Count_Non_Motorists,Count_Vehicles_Total,Count_Vehicle_Forms,Count_PVH_Involved,Count_Occupants_MV,City_Name,Month_Name,Day_of_Month,Day_of_Week,Crash_Hour,Crash_Minute,Area_Rural_Urban,Road_Functional_Class,On_NHS_Road,Latitude,Longitude,Intersection_Type,Light_Condition,Weather_Condition,Notif_Hour,Notif_Minute,Arrival_Hour,Arrival_Minute,Hospital_Hour,Hospital_Minute,Fatalities_Count,Clean_Light_Condition,Clean_Weather_Condition,Total_Killed,Total_Alive,Fatal_Seats_List,Killed_Restraint_List,Any_Driver_Drinking,Total_Drinking_Drivers,Driver_License_Category,Driver_Max_Prev_Accident_Count,Driver_Max_Prev_Speeding_Count,Max_Driver_Age,Min_Driver_Age,Driver_Sex_List,Total_Exceeding_Limit_Vehicles,Total_Too_Fast_Vehicles,Max_Vehicle_Type_Severity_5,Max_Vehicle_Damage_Rank,Max_Harmful_Event_Severity,Crash_Road_Surface_Condition,Crash_Horizontal_Alignment,Crash_Vertical_Profile,Crash_Impairment_Category,Crash_Vehicle_Defect
10698,12,Florida,123317,1,1,1,0,1,FLORIDA CITY,June,22,Thursday,21,53,Rural,Low Speed (Local),No,25.45558611,-80.47510556,Non-Intersection,Dark - Lighted,Clear,Unknown,Unknown,Unknown EMS Scene Arrival Hour,Unknown EMS Scene Arrival Minutes,Unknown,Unknown EMS Hospital Arrival Time,1,Dark - Lighted,Clear,0,1,[],[],0,0,Valid,0.0,0.0,24.0,24.0,['Male'],0,0,2,3,4,Dry,Straight,Level,Lowest,No
10699,12,Florida,123318,1,2,1,1,2,NOT APPLICABLE,September,5,Tuesday,19,29,Rural,Low Speed (Local),No,25.74039722,-80.39658333,Non-Intersection,Daylight,Clear,Unknown,Unknown,Unknown EMS Scene Arrival Hour,Unknown EMS Scene Arrival Minutes,Unknown,Unknown EMS Hospital Arrival Time,1,Daylight,Clear,0,2,[],[],0,0,Invalid,0.0,0.0,18.0,18.0,['Male'],0,0,2,4,4,Dry,Straight,Level,Lowest,No
10700,12,Florida,123319,0,1,1,0,1,MIMS,March,31,Friday,22,0,Rural,High Speed (Arterial),Yes,28.78105,-80.88218056,Simple Junction,Dark - Not Lighted,Clear,Unknown,Unknown,Unknown EMS Scene Arrival Hour,Unknown EMS Scene Arrival Minutes,Unknown,Unknown EMS Hospital Arrival Time,1,Dark - Unlighted,Clear,1,0,['Driver'],['Shoulder_Lapbelt'],0,0,Valid,0.0,0.0,66.0,66.0,['Male'],0,0,3,4,2,Dry,Straight,Level,Lowest,No
10701,12,Florida,123320,0,1,1,0,1,NOT APPLICABLE,January,30,Monday,16,20,Rural,High Speed (Arterial),Yes,30.48280278,-85.66426667,Non-Intersection,Daylight,Clear,Unknown,Unknown,Unknown EMS Scene Arrival Hour,Unknown EMS Scene Arrival Minutes,Unknown,Unknown EMS Hospital Arrival Time,1,Daylight,Clear,1,0,['Driver'],['None_Used'],0,0,Valid,0.0,0.0,42.0,42.0,['Male'],0,0,5,2,3,Dry,Straight,Level,Lowest,No
10702,12,Florida,123321,0,1,1,0,1,MIAMI LAKES,March,30,Thursday,8,2,Urban,Low Speed (Local),No,25.92641111,-80.31483889,Non-Intersection,Daylight,Clear,Unknown,Unknown,Unknown EMS Scene Arrival Hour,Officially Cancelled,Unknown,Officially Canceled,1,Daylight,Clear,1,0,['Driver'],['Shoulder_Lapbelt'],0,0,Valid,1.0,0.0,37.0,37.0,['Male'],0,0,3,4,2,Wet/Standing Water,Straight,Level,Lowest,No
10703,12,Florida,123322,1,1,1,0,1,KEY WEST,October,29,Sunday,22,10,Urban,Medium Speed (Collector),No,24.55676944,-81.78134722,Complex/Circle,Dark - Lighted,Clear,Unknown,Unknown,Unknown EMS Scene Arrival Hour,Unknown EMS Scene Arrival Minutes,Unknown,Unknown EMS Hospital Arrival Time,1,Dark - Lighted,Clear,0,1,[],[],0,0,Valid,0.0,1.0,52.0,52.0,['Female'],0,0,3,4,4,Dry,Straight,Level,Lowest,No
10704,12,Florida,123323,0,1,1,0,1,NOT APPLICABLE,July,17,Monday,13,48,Rural,Low Speed (Local),No,28.13865,-81.48338333,Non-Intersection,Daylight,Cloudy,Unknown,Unknown,Unknown EMS Scene Arrival Hour,Unknown EMS Scene Arrival Minutes,Unknown,Unknown EMS Hospital Arrival Time,1,Daylight,Reduced Visibility,1,0,['Driver'],['Shoulder_Lapbelt'],0,0,Valid,0.0,0.0,74.0,74.0,['Female'],0,0,5,0,2,Dry,Straight,Level,Lowest,No
10705,12,Florida,123324,0,2,2,0,2,NOT APPLICABLE,August,13,Sunday,14,8,Rural,Low Speed (Local),No,27.60889722,-80.38380833,Complex/Circle,Daylight,Clear,Unknown,Unknown,Unknown EMS Scene Arrival Hour,Unknown EMS Scene Arrival Minutes,Unknown,Unknown EMS Hospital Arrival Time,1,Daylight,Clear,1,1,['Driver'],['Shoulder_Lapbelt'],0,0,Valid,0.0,0.0,71.0,63.0,"['Male', 'Female']",1,0,3,4,5,Dry,Straight,Level,Lowest,No
10706,12,Florida,123325,1,1,1,0,1,NOT APPLICABLE,August,22,Tuesday,9,4,Rural,Low Speed (Local),No,28.02535278,-82.499475,Non-Intersection,Daylight,Clear,Unknown,Unknown,Unknown EMS Scene Arrival Hour,Unknown EMS Scene Arrival Minutes,Unknown,Unknown EMS Hospital Arrival Time,1,Daylight,Clear,0,1,[],[],0,0,Valid,0.0,0.0,28.0,28.0,['Female'],0,0,2,2,4,Dry,Straight,Level,Lowest,No
10707,12,Florida,123326,1,2,2,0,2,PLANTATION,September,16,Saturday,1,32,Rural,Low Speed (Local),No,26.12085,-80.20428056,Non-Intersection,Dark - Lighted,Clear,Unknown,Unknown,Unknown EMS Scene Arrival Hour,Unknown EMS Scene Arrival Minutes,Not Applicable (Not Transported),Not Applicable (Not Transported),1,Dark - Lighted,Clear,0,2,[],[],0,0,Invalid,0.0,0.0,998.0,20.0,"['Other', 'Male']",0,0,2,3,4,Dry,Straight,Level,Lowest,No
10708,12,Florida,123327,0,2,2,0,4,NOT APPLICABLE,October,5,Thursday,8,0,Rural,Low Speed (Local),No,27.91286111,-82.12688889,Non-Intersection,Daylight,Clear,Unknown,Unknown,Unknown EMS Scene Arrival Hour,Unknown EMS Scene Arrival Minutes,Unknown,Unknown EMS Hospital Arrival Time,1,Daylight,Clear,1,3,['Rear_Seat'],['Child_Safety'],0,0,Invalid,0.0,0.0,39.0,26.0,"['Male', 'Male']",0,0,3,4,5,Dry,Straight,Level,Lowest,No
10709,12,Florida,123328,1,1,1,0,1,MIAMI,July,1,Saturday,5,10,Rural,Low Speed (Local),No,25.84783333,-80.19697222,Non-Intersection,Dark - Lighted,Clear,Unknown,Unknown,Unknown EMS Scene Arrival Hour,Unknown EMS Scene Arrival Minutes,Unknown,Unknown EMS Hospital Arrival Time,1,Dark - Lighted,Clear,0,1,[],[],0,0,Valid,0.0,0.0,56.0,56.0,['Male'],0,0,2,2,4,Dry,Straight,Level,Lowest,No
10710,12,Florida,123329,0,3,3,0,4,NOT APPLICABLE,March,21,Tuesday,16,56,Rural,Low Speed (Local),No,28.49716111,-82.53471944,Simple Junction,Daylight,Clear,Unknown,Unknown,Unknown EMS Scene Arrival Hour,Unknown EMS Scene Arrival Minutes,Unknown,Unknown EMS Hospital Arrival Time,1,Daylight,Clear,1,3,['Driver'],['Shoulder_Lapbelt'],0,0,Valid,0.0,0.0,75.0,32.0,"['Male', 'Male', 'Female']",0,0,3,4,5,Dry,Straight,Level,Lowest,No
10711,12,Florida,123330,0,3,3,0,4,NOT APPLICABLE,March,13,Monday,16,4,Rural,Low Speed (Local),No,26.56458056,-81.853,Complex/Circle,Daylight,Cloudy,Unknown,Unknown,Unknown EMS Scene Arrival Hour,Unknown EMS Scene Arrival Minutes,Unknown,Unknown EMS Hospital Arrival Time,1,Daylight,Reduced Visibility,1,3,['Driver'],['None_Used'],1,1,Valid,0.0,0.0,50.0,25.0,"['Male', 'Female', 'Female']",0,0,5,4,5,Dry,Straight,Level,Lowest,No
10712,12,Florida,123331,1,1,1,0,1,NOT APPLICABLE,June,3,Saturday,16,21,Urban,High Speed (Arterial),Yes,28.00405,-81.702225,Non-Intersection,Daylight,Cloudy,Unknown,Unknown,Unknown EMS Scene Arrival Hour,Unknown EMS Scene Arrival Minutes,Unknown,Unknown EMS Hospital Arrival Time,1,Daylight,Reduced Visibility,0,1,[],[],0,0,Valid,0.0,0.0,29.0,29.0,['Male'],0,0,2,4,4,Dry,Curve,Level,Medium,No
10713,12,Florida,123332,1,1,1,0,1,NORTH MIAMI BEACH,June,19,Monday,7,13,Rural,Low Speed (Local),No,25.92907778,-80.13433611,Non-Intersection,Daylight,Clear,Unknown,Unknown,Unknown EMS Scene Arrival Hour,Unknown EMS Scene Arrival Minutes,Not Applicable (Not Transported),Not Applicable (Not Transported),1,Daylight,Clear,0,1,[],[],0,0,Valid,0.0,0.0,57.0,57.0,['Male'],0,0,3,3,4,Dry,Straight,Level,Lowest,No
10714,12,Florida,123333,0,2,2,0,2,HOLLYWOOD,February,17,Friday,10,15,Rural,Low Speed (Local),No,26.00201667,-80.14272778,Non-Intersection,Daylight,Clear,Unknown,Unknown,Unknown EMS Scene Arrival Hour,Unknown EMS Scene Arrival Minutes,Unknown,Unknown EMS Hospital Arrival Time,1,Daylight,Clear,1,1,['Driver'],['None_Used'],1,1,Valid,0.0,0.0,64.0,47.0,"['Other', 'Male']",0,0,4,4,5,Dry,Straight,Level,Lowest,No
10715,12,Florida,123334,0,2,2,0,4,MIAMI SHORES,October,31,Tuesday,20,18,Rural,Low Speed (Local),No,25.86951944,-80.19978056,Complex/Circle,Dark - Lighted,Clear,Unknown,Unknown,Unknown EMS Scene Arrival Hour,Unknown EMS Scene Arrival Minutes,Unknown,Unknown EMS Hospital Arrival Time,1,Dark - Lighted,Clear,1,3,['Driver'],['None_Used'],0,0,Invalid,1.0,0.0,28.0,23.0,"['Male', 'Male']",0,0,2,4,5,Dry,Straight,Level,Lowest,No
10716,12,Florida,123335,0,2,2,0,3,NOT APPLICABLE,April,7,Friday,14,52,Rural,Low Speed (Local),No,27.94861111,-81.97119167,Complex/Circle,Daylight,Clear,Unknown,Unknown,Unknown EMS Scene Arrival Hour,Unknown EMS Scene Arrival Minutes,Unknown,Unknown EMS Hospital Arrival Time,1,Daylight,Clear,1,2,['Front_Passenger'],['Shoulder_Lapbelt'],0,0,Valid,0.0,0.0,76.0,34.0,"['Male', 'Male']",0,0,3,4,5,Dry,Straight,Level,Lowest,No
10717,12,Florida,123336,1,1,1,0,1,PLANTATION,October,9,Monday,1,33,Rural,Low Speed (Local),No,26.11337222,-80.25034167,Non-Intersection,Dark - Not Lighted,Clear,Unknown,Unknown,Unknown EMS Scene Arrival Hour,Unknown EMS Scene Arrival Minutes,Not Applicable (Not Transported),Not Applicable (Not Transported),1,Dark - Unlighted,Clear,0,1,[],[],0,0,Valid,0.0,1.0,23.0,23.0,['Female'],0,0,2,3,4,Dry,Curve,Level,Lowest,No
10718,13,Georgia,130001,1,1,1,0,1,STONECREST,January,1,Sunday,18,15,Urban,Low Speed (Local),No,33.68111667,-84.17561944,Non-Intersection,Dark - Lighted,Clear,6:00pm-6:59pm,30,6:00pm-6:59pm,35,Not Applicable (Not Transported),Not Applicable (Not Transported),1,Dark - Lighted,Clear,0,1,[],[],0,0,Invalid,0.0,0.0,999.0,999.0,['Other'],0,0,2,4,4,Dry,Curve,Level,Lowest,No
10719,13,Georgia,130002,0,2,2,0,6,NOT APPLICABLE,January,1,Sunday,2,54,Urban,High Speed (Arterial),Yes,33.7014,-84.11760556,Non-Intersection,Dark - Not Lighted,Clear,3:00am-3:59am,12,3:00am-3:59am,17,4:00am-4:59am,0,2,Dark - Unlighted,Clear,2,4,"['Driver', 'Front_Passenger']","['Shoulder_Lapbelt', 'Shoulder_Lapbelt']",0,0,Valid,0.0,0.0,34.0,23.0,"['Female', 'Male']",0,0,2,4,5,Wet/Standing Water,Straight,Level,Lowest,Yes
10720,13,Georgia,130003,0,2,2,0,2,LITHONIA,January,1,Sunday,13,7,Urban,Medium Speed (Collector),No,33.69361944,-84.09506944,Non-Intersection,Daylight,Clear,1:00pm-1:59pm,8,1:00pm-1:59pm,10,1:00pm-1:59pm,45,1,Daylight,Clear,1,1,['Driver'],['Shoulder_Lapbelt'],0,0,Invalid,2.0,0.0,54.0,45.0,"['Female', 'Male']",0,0,3,4,5,Wet/Standing Water,Curve,Level,Lowest,No
10721,13,Georgia,130004,1,1,1,0,1,NOT APPLICABLE,January,1,Sunday,1,6,Urban,High Speed (Arterial),Yes,33.55359167,-84.26653611,Non-Intersection,Dark - Not Lighted,"Fog, Smog, Smoke",1:00am-1:59am,12,1:00am-1:59am,17,Not Applicable (Not Transported),Not Applicable (Not Transported),1,Dark - Unlighted,Reduced Visibility,0,1,[],[],0,0,Invalid,0.0,0.0,999.0,999.0,['Other'],0,0,1,0,4,Wet/Standing Water,Straight,Level,Lowest,No
10722,13,Georgia,130005,0,2,2,0,3,NOT APPLICABLE,January,2,Monday,16,55,Urban,Medium Speed (Collector),No,34.05174444,-84.78127222,Non-Intersection,Dusk,Cloudy,5:00pm-5:59pm,2,5:00pm-5:59pm,10,5:00pm-5:59pm,55,1,Twilight,Reduced Visibility,1,2,['Driver'],['Shoulder_Lapbelt'],0,0,Valid,0.0,0.0,25.0,16.0,"['Male', 'Female']",1,0,3,4,5,Wet/Standing Water,Curve,Level,Lowest,No
10723,13,Georgia,130006,0,1,1,0,1,TUCKER,January,3,Tuesday,7,0,Urban,High Speed (Arterial),Yes,33.81875833,-84.17041667,Non-Intersection,Dark - Not Lighted,"Fog, Smog, Smoke",7:00am-7:59am,15,7:00am-7:59am,20,Not Applicable (Not Transported),Not Applicable (Not Transported),1,Dark - Unlighted,Reduced Visibility,1,0,['Driver'],['None_Used'],0,0,Valid,1.0,1.0,32.0,32.0,['Male'],0,0,2,4,3,Wet/Standing Water,Curve,Grade/Hillcrest,Lowest,No
10724,13,Georgia,130007,0,1,1,0,1,Not Reported,January,1,Sunday,2,0,Urban,Medium Speed (Collector),No,31.58941389,-81.913425,Non-Intersection,Dark - Not Lighted,"Fog, Smog, Smoke",2:00am-2:59am,5,2:00am-2:59am,8,Not Applicable (Not Transported),Not Applicable (Not Transported),1,Dark - Unlighted,Reduced Visibility,1,0,['Driver'],['None_Used'],0,0,Valid,0.0,0.0,21.0,21.0,['Male'],0,0,3,4,3,Wet/Standing Water,Straight,Level,Lowest,No
10725,13,Georgia,130008,1,1,1,0,1,NOT APPLICABLE,January,4,Wednesday,5,20,Urban,High Speed (Arterial),Yes,33.71941944,-84.34946111,Non-Intersection,Dark - Lighted,Rain,5:00am-5:59am,22,5:00am-5:59am,32,Not Applicable (Not Transported),Not Applicable (Not Transported),1,Dark - Lighted,Rain/Wind/Minor,0,1,[],[],0,0,Valid,0.0,0.0,71.0,71.0,['Male'],0,0,2,4,4,Wet/Standing Water,Straight,Level,Lowest,No
10726,13,Georgia,130009,1,1,1,0,2,Not Reported,January,3,Tuesday,18,57,Urban,Medium Speed (Collector),No,33.58933056,-84.42541944,Non-Intersection,Dark - Not Lighted,Rain,Unknown,Unknown,Unknown EMS Scene Arrival Hour,Unknown EMS Scene Arrival Minutes,Not Applicable (Not Transported),Not Applicable (Not Transported),1,Dark - Unlighted,Rain/Wind/Minor,0,2,[],[],0,0,Valid,0.0,0.0,998.0,998.0,['Female'],0,0,2,4,4,Wet/Standing Water,Straight,Level,Lowest,No
10727,13,Georgia,130010,1,1,1,0,1,TUCKER,January,6,Friday,2,12,Urban,High Speed (Arterial),Yes,33.76394444,-84.23228056,Non-Intersection,Dark - Lighted,Clear,Unknown,Unknown,Unknown EMS Scene Arrival Hour,Unknown EMS Scene Arrival Minutes,Not Applicable (Not Transported),Not Applicable (Not Transported),1,Dark - Lighted,Clear,0,1,[],[],0,0,Valid,0.0,1.0,23.0,23.0,['Female'],0,0,2,4,4,Dry,Straight,Level,Lowest,No
10728,13,Georgia,130011,1,1,1,0,1,Not Reported,January,3,Tuesday,9,4,Urban,Medium Speed (Collector),No,34.10982222,-83.57376667,Simple Junction,Daylight,"Fog, Smog, Smoke",9:00am-9:59am,1,9:00am-9:59am,6,9:00am-9:59am,38,1,Daylight,Reduced Visibility,0,1,[],[],0,0,Valid,0.0,0.0,41.0,41.0,['Female'],0,0,3,2,4,Wet/Standing Water,Straight,Grade/Hillcrest,Lowest,No
10729,13,Georgia,130012,0,2,2,0,3,NOT APPLICABLE,January,6,Friday,8,0,Rural,Medium Speed (Collector),No,31.15458611,-83.50309722,Non-Intersection,Daylight,Clear,8:00am-8:59am,2,8:00am-8:59am,7,8:00am-8:59am,7,1,Daylight,Clear,1,2,['Rear_Seat'],['None_Used'],0,0,Valid,0.0,0.0,72.0,36.0,"['Male', 'Female']",0,0,2,4,5,Dry,Straight,Level,Lowest,No
10730,13,Georgia,130013,0,2,2,0,2,NOT APPLICABLE,January,7,Saturday,14,24,Urban,Medium Speed (Collector),No,33.83594167,-84.16029444,Non-Intersection,Daylight,Clear,Unknown,Unknown,Unknown EMS Scene Arrival Hour,Unknown EMS Scene Arrival Minutes,Unknown,Unknown EMS Hospital Arrival Time,2,Daylight,Clear,2,0,"['Driver', 'Driver']","['None_Used', 'Shoulder_Lapbelt']",0,0,Invalid,0.0,0.0,63.0,22.0,"['Male', 'Female']",0,0,3,4,5,Dry,Straight,Grade/Hillcrest,Lowest,No
10731,13,Georgia,130014,0,1,1,0,1,TUCKER,January,8,Sunday,8,44,Urban,High Speed (Arterial),Yes,33.894875,-84.264675,Non-Intersection,Daylight,Clear,Unknown,Unknown,Unknown EMS Scene Arrival Hour,Unknown EMS Scene Arrival Minutes,Not Applicable (Not Transported),Not Applicable (Not Transported),1,Daylight,Clear,1,0,['Driver'],['Shoulder_Lapbelt'],1,1,Valid,0.0,1.0,23.0,23.0,['Male'],1,0,2,4,3,Dry,Curve,Grade/Hillcrest,Lowest,No
10732,13,Georgia,130015,0,1,1,0,2,CORNELIA,January,3,Tuesday,0,15,Urban,Low Speed (Local),No,34.53519167,-83.54513333,Non-Intersection,Dark - Not Lighted,Rain,0:00am-0:59am,20,0:00am-0:59am,22,Not Applicable (Not Transported),Not Applicable (Not Transported),1,Dark - Unlighted,Rain/Wind/Minor,1,1,['Driver'],['None_Used'],0,0,Invalid,0.0,0.0,34.0,34.0,['Male'],2,0,2,4,3,Wet/Standing Water,Curve,Grade/Hillcrest,Lowest,No
10733,13,Georgia,130016,0,1,1,0,1,Not Reported,January,1,Sunday,1,13,Rural,Low Speed (Local),No,32.42997778,-82.92146667,Non-Intersection,Dark - Not Lighted,"Fog, Smog, Smoke",1:00am-1:59am,14,1:00am-1:59am,28,1:00am-1:59am,49,1,Dark - Unlighted,Reduced Visibility,1,0,['Driver'],['None_Used'],1,1,Invalid,0.0,0.0,38.0,38.0,['Male'],1,0,2,4,3,Dry,Straight,Level,Lowest,No
10734,13,Georgia,130017,1,1,1,0,1,AUGUSTA,January,6,Friday,18,48,Urban,High Speed (Arterial),Yes,33.41072222,-82.00658056,Simple Junction,Dark - Not Lighted,Clear,Unknown,Unknown,Unknown EMS Scene Arrival Hour,Unknown EMS Scene Arrival Minutes,Not Applicable (Not Transported),Not Applicable (Not Transported),1,Dark - Unlighted,Clear,0,1,[],[],0,0,Valid,0.0,1.0,44.0,44.0,['Male'],0,0,3,3,4,Dry,Straight,Level,Lowest,No
10735,13,Georgia,130018,0,1,1,0,1,Not Reported,January,5,Thursday,23,22,Rural,Medium Speed (Collector),No,31.59263333,-82.90277222,Non-Intersection,Dark - Not Lighted,Clear,11:00pm-11:59pm,22,11:00pm-11:59pm,30,11:00pm-11:59pm,52,1,Dark - Unlighted,Clear,1,0,['Driver'],['None_Used'],1,1,Valid,1.0,1.0,25.0,25.0,['Female'],0,0,3,4,3,Dry,Straight,Level,Lowest,No
10736,13,Georgia,130019,1,1,1,0,1,AUGUSTA,January,6,Friday,19,8,Urban,High Speed (Arterial),Yes,33.36433889,-82.03891111,Non-Intersection,Dark - Not Lighted,Clear,Unknown,Unknown,Unknown EMS Scene Arrival Hour,Unknown EMS Scene Arrival Minutes,Not Applicable (Not Transported),Not Applicable (Not Transported),1,Dark - Unlighted,Clear,0,1,[],[],0,0,Valid,0.0,0.0,52.0,52.0,['Female'],0,0,2,4,4,Dry,Straight,Grade/Hillcrest,Lowest,No
10737,13,Georgia,130020,0,1,1,0,1,Not Reported,January,5,Thursday,23,10,Urban,Medium Speed (Collector),No,33.38188333,-84.30711111,Non-Intersection,Dark - Lighted,Clear,11:00pm-11:59pm,15,Unknown EMS Scene Arrival Hour,Unknown EMS Scene Arrival Minutes,Not Applicable (Not Transported),Not Applicable (Not Transported),1,Dark - Lighted,Clear,1,0,['Driver'],['None_Used'],1,1,Valid,0.0,0.0,38.0,38.0,['Male'],1,0,5,4,2,Dry,Curve,Grade/Hillcrest,Lowest,No
10738,13,Georgia,130021,0,1,1,0,1,Not Reported,January,5,Thursday,6,33,Rural,Medium Speed (Collector),No,31.77438056,-82.73978889,Non-Intersection,Dark - Not Lighted,"Fog, Smog, Smoke",6:00am-6:59am,44,6:00am-6:59am,53,Not Applicable (Not Transported),Not Applicable (Not Transported),1,Dark - Unlighted,Reduced Visibility,1,0,['Driver'],['None_Used'],0,0,Valid,0.0,0.0,38.0,38.0,['Male'],1,0,3,4,3,Dry,Curve,Level,Lowest,No
10739,13,Georgia,130022,0,4,4,0,4,NOT APPLICABLE,January,4,Wednesday,7,35,Urban,Medium Speed (Collector),No,34.33210556,-84.10650278,Simple Junction,Dawn,Rain,7:00am-7:59am,35,7:00am-7:59am,37,8:00am-8:59am,15,1,Twilight,Rain/Wind/Minor,1,3,['Driver'],['Shoulder_Lapbelt'],0,0,Valid,0.0,1.0,85.0,32.0,"['Male', 'Male', 'Male', 'Female']",0,0,4,3,5,Wet/Standing Water,Straight,Level,Lowest,No
10740,13,Georgia,130023,0,1,1,0,2,TEMPLE,February,16,Thursday,7,30,Rural,Medium Speed (Collector),No,33.77156667,-85.01896111,Non-Intersection,Daylight,Clear,7:00am-7:59am,34,7:00am-7:59am,46,8:00am-8:59am,11,1,Daylight,Clear,1,1,['Rear_Seat'],['Lapbelt_Only'],0,0,Valid,0.0,0.0,29.0,29.0,['Female'],2,0,3,4,3,Dry,Curve,Grade/Hillcrest,Lowest,No
10741,13,Georgia,130024,0,2,2,0,4,MARIETTA,February,18,Saturday,22,13,Urban,High Speed (Arterial),Yes,33.91013889,-84.47841944,Non-Intersection,Dark - Not Lighted,Clear,10:00pm-10:59pm,20,10:00pm-10:59pm,46,10:00pm-10:59pm,57,1,Dark - Unlighted,Clear,1,3,['Driver'],['Shoulder_Lapbelt'],0,0,Valid,1.0,0.0,41.0,20.0,"['Male', 'Male']",0,0,3,4,5,Dry,Straight,Level,Lowest,No
10742,13,Georgia,130025,0,2,2,0,3,ATLANTA,February,23,Thursday,17,2,Urban,High Speed (Arterial),Yes,33.682975,-84.34744722,Simple Junction,Daylight,Cloudy,5:00pm-5:59pm,2,5:00pm-5:59pm,22,5:00pm-5:59pm,42,1,Daylight,Reduced Visibility,1,2,['Driver'],['Shoulder_Lapbelt'],0,0,Valid,0.0,0.0,69.0,55.0,"['Female', 'Male']",0,0,3,4,5,Dry,Straight,Level,Lowest,No
10743,13,Georgia,130026,0,3,3,0,4,AUGUSTA,February,26,Sunday,18,55,Urban,High Speed (Arterial),Yes,33.47620556,-82.08639444,Non-Intersection,Dark - Not Lighted,Clear,7:00pm-7:59pm,0,7:00pm-7:59pm,20,Not Applicable (Not Transported),Not Applicable (Not Transported),1,Dark - Unlighted,Clear,1,3,['Driver'],['None_Used'],0,0,Valid,0.0,0.0,47.0,21.0,"['Male', 'Male', 'Male']",0,0,5,4,5,Dry,Straight,Level,Lowest,No
10744,13,Georgia,130027,0,2,2,0,3,Not Reported,March,3,Friday,13,28,Rural,High Speed (Arterial),Yes,30.93241111,-84.00261389,Simple Junction,Daylight,Clear,1:00pm-1:59pm,30,1:00pm-1:59pm,32,2:00pm-2:59pm,15,1,Daylight,Clear,1,2,['Driver'],['None_Used'],0,0,Invalid,0.0,1.0,60.0,42.0,"['Male', 'Male']",0,0,4,4,5,Dry,Straight,Level,Lowest,No
10745,13,Georgia,130028,0,1,1,0,1,Not Reported,March,4,Saturday,23,10,Rural,Medium Speed (Collector),No,34.82598056,-84.84505833,Non-Intersection,Dark - Not Lighted,Clear,11:00pm-11:59pm,15,11:00pm-11:59pm,21,Not Applicable (Not Transported),Not Applicable (Not Transported),1,Dark - Unlighted,Clear,1,0,['Driver'],['None_Used'],1,1,Valid,0.0,1.0,59.0,59.0,['Male'],0,0,3,4,3,Dry,Curve,Grade/Hillcrest,Lowest,No
10746,13,Georgia,130029,0,1,1,0,1,NOT APPLICABLE,March,5,Sunday,0,32,Urban,High Speed (Arterial),Yes,34.296625,-83.83892778,Complex/Circle,Dark - Not Lighted,Clear,0:00am-0:59am,25,0:00am-0:59am,30,0:00am-0:59am,40,1,Dark - Unlighted,Clear,1,0,['Driver'],['None_Used'],0,0,Invalid,1.0,2.0,31.0,31.0,['Male'],0,0,5,4,2,Dry,Straight,Grade/Hillcrest,Lowest,No
10747,13,Georgia,130030,0,2,2,0,3,NOT APPLICABLE,March,6,Monday,8,25,Rural,High Speed (Arterial),Yes,34.16873611,-84.16059722,Non-Intersection,Daylight,Clear,8:00am-8:59am,30,8:00am-8:59am,43,10:00am-10:59am,1,1,Daylight,Clear,1,2,['Front_Passenger'],['Shoulder_Lapbelt'],0,0,Valid,1.0,1.0,51.0,34.0,"['Female', 'Male']",0,0,2,4,3,Dry,Straight,Level,Lowest,No
10748,13,Georgia,130031,0,2,2,0,4,Not Reported,March,7,Tuesday,22,54,Urban,High Speed (Arterial),Yes,33.80115833,-84.20610833,Complex/Circle,Dark - Lighted,Clear,Unknown,Unknown,Unknown EMS Scene Arrival Hour,Unknown EMS Scene Arrival Minutes,Unknown,Unknown EMS Hospital Arrival Time,1,Dark - Lighted,Clear,1,3,['Front_Passenger'],['None_Used'],1,1,Valid,1.0,0.0,32.0,27.0,"['Female', 'Male']",2,0,3,4,5,Dry,Straight,Level,Lowest,No
10749,13,Georgia,130032,0,2,2,0,4,ATLANTA,March,9,Thursday,1,10,Urban,Medium Speed (Collector),No,33.69813611,-84.32444444,Simple Junction,Dark - Lighted,Other,Unknown,Unknown,Unknown EMS Scene Arrival Hour,Unknown EMS Scene Arrival Minutes,Unknown,Unknown EMS Hospital Arrival Time,1,Dark - Lighted,Reduced Visibility,1,3,['Driver'],['Shoulder_Lapbelt'],1,1,Valid,0.0,0.0,25.0,22.0,"['Male', 'Female']",0,0,3,4,5,Wet/Standing Water,Straight,Level,Lowest,No
10750,13,Georgia,130033,0,3,3,0,4,MACON,January,10,Tuesday,15,24,Urban,Medium Speed (Collector),No,32.82078056,-83.68928056,Complex/Circle,Daylight,Clear,3:00pm-3:59pm,24,3:00pm-3:59pm,28,4:00pm-4:59pm,10,1,Daylight,Clear,1,3,['Front_Passenger'],['Shoulder_Lapbelt'],0,0,Valid,0.0,0.0,76.0,76.0,"['Male', 'Female', 'Female']",0,0,3,4,5,Dry,Straight,Level,Lowest,No
10751,13,Georgia,130034,1,1,1,0,1,NOT APPLICABLE,February,7,Tuesday,19,18,Urban,Medium Speed (Collector),No,33.95173611,-84.14598333,Simple Junction,Dark - Not Lighted,Clear,7:00pm-7:59pm,18,7:00pm-7:59pm,23,7:00pm-7:59pm,40,1,Dark - Unlighted,Clear,0,1,[],[],0,0,Valid,0.0,0.0,38.0,38.0,['Male'],0,0,2,4,4,Dry,Straight,Grade/Hillcrest,Lowest,No