,State_Code,State_Name,Crash_ID,Count_Non_Motorists,Count_Vehicles_Total,Count_Vehicle_Forms,Count_PVH_Involved,Count_Occupants_MV,City_Name,Month_Name,Day_of_Month,Day_of_Week,Crash_Hour,Crash_Minute,Area_Rural_Urban,Road_Functional_Class,On_NHS_Road,Latitude,Longitude,Intersection_Type,Light_Condition,Weather_Condition,Notif_Hour,Notif_Minute,Arrival_Hour,Arrival_Minute,Hospital_Hour,Hospital_Minute,Fatalities_Count,Clean_Light_Condition,Clean_Weather_Condition,Total_Killed,Total_Alive,Fatal_Seats_List,Killed_Restraint_List,Any_Driver_Drinking,Total_Drinking_Drivers,Driver_License_Category,Driver_Max_Prev_Accident_Count,Driver_Max_Prev_Speeding_Count,Max_Driver_Age,Min_Driver_Age,Driver_Sex_List,Total_Exceeding_Limit_Vehicles,Total_Too_Fast_Vehicles,Max_Vehicle_Type_Severity_5,Max_Vehicle_Damage_Rank,Max_Harmful_Event_Severity,Crash_Road_Surface_Condition,Crash_Horizontal_Alignment,Crash_Vertical_Profile,Crash_Impairment_Category,Crash_Vehicle_Defect
10752,13,Georgia,130035,3,3,1,2,1,ATLANTA,February,13,Monday,12,34,Urban,High Speed (Arterial),Yes,33.75976667,-84.48220556,Non-Intersection,Daylight,Clear,12:00pm-12:59pm,46,12:00pm-12:59pm,49,Unknown,Unknown EMS Hospital Arrival Time,1,Daylight,Clear,0,1,[],[],0,0,Valid,0.0,2.0,26.0,26.0,['Male'],0,0,3,4,5,Dry,Curve,Grade/Hillcrest,Lowest,No
10753,13,Georgia,130036,0,2,2,0,2,ATHENS,March,1,Wednesday,5,27,Urban,High Speed (Arterial),Yes,33.916125,-83.39593333,Non-Intersection,Dark - Not Lighted,Cloudy,5:00am-5:59am,30,5:00am-5:59am,38,6:00am-6:59am,5,1,Dark - Unlighted,Reduced Visibility,1,1,['Driver'],['Shoulder_Lapbelt'],0,0,Valid,1.0,0.0,81.0,60.0,"['Female', 'Male']",0,0,3,4,5,Dry,Straight,Grade/Hillcrest,Lowest,No
10754,13,Georgia,130037,1,3,3,0,3,Not Reported,March,7,Tuesday,19,14,Urban,Medium Speed (Collector),No,34.94645833,-85.28423889,Non-Intersection,Dark - Not Lighted,Clear,7:00pm-7:59pm,14,7:00pm-7:59pm,19,Not Applicable (Not Transported),Not Applicable (Not Transported),1,Dark - Unlighted,Clear,0,3,[],[],0,0,Valid,0.0,0.0,75.0,41.0,"['Male', 'Female', 'Male']",0,0,3,3,4,Dry,Curve,Grade/Hillcrest,Lowest,No
10755,13,Georgia,130038,0,2,2,0,2,ARAGON,March,8,Wednesday,7,46,Rural,Medium Speed (Collector),No,34.06043611,-85.07334722,Non-Intersection,Daylight,Clear,7:00am-7:59am,32,7:00am-7:59am,40,Not Applicable (Not Transported),Not Applicable (Not Transported),1,Daylight,Clear,1,1,['Driver'],['Shoulder_Lapbelt'],0,0,Valid,0.0,0.0,27.0,23.0,"['Male', 'Male']",0,0,4,4,5,Dry,Straight,Grade/Hillcrest,Lowest,No
10756,13,Georgia,130039,0,3,3,0,5,LITHONIA,March,8,Wednesday,20,51,Urban,Medium Speed (Collector),No,33.70281667,-84.15260833,Non-Intersection,Dark - Lighted,Cloudy,9:00pm-9:59pm,55,10:00pm-10:59pm,19,10:00pm-10:59pm,45,1,Dark - Lighted,Reduced Visibility,1,4,['Driver'],['None_Used'],0,0,Valid,1.0,0.0,47.0,19.0,"['Male', 'Male', 'Female']",0,0,3,4,5,Dry,Straight,Level,Lowest,No
10757,13,Georgia,130040,0,1,1,0,1,Not Reported,March,9,Thursday,19,17,Rural,Medium Speed (Collector),No,30.73168611,-83.38383611,Non-Intersection,Dark - Not Lighted,Clear,7:00pm-7:59pm,25,7:00pm-7:59pm,46,8:00pm-8:59pm,15,1,Dark - Unlighted,Clear,1,0,['Driver'],['Shoulder_Lapbelt'],1,1,Valid,0.0,0.0,65.0,65.0,['Female'],0,0,3,4,3,Dry,Straight,Level,Lowest,No
10758,13,Georgia,130041,0,1,1,0,1,Not Reported,March,10,Friday,9,40,Rural,Medium Speed (Collector),No,34.60854167,-83.68263056,Non-Intersection,Daylight,Cloudy,9:00am-9:59am,48,9:00am-9:59am,56,Not Applicable (Not Transported),Not Applicable (Not Transported),1,Daylight,Reduced Visibility,1,0,['Driver'],['None_Used'],0,0,Valid,0.0,0.0,84.0,84.0,['Female'],0,0,3,4,3,Wet/Standing Water,Curve,Grade/Hillcrest,Lowest,No
10759,13,Georgia,130042,1,1,1,0,1,THOMASVILLE,March,11,Saturday,6,22,Rural,Medium Speed (Collector),No,30.67704722,-84.01396667,Non-Intersection,Dark - Not Lighted,Clear,6:00am-6:59am,18,6:00am-6:59am,34,Not Applicable (Not Transported),Not Applicable (Not Transported),1,Dark - Unlighted,Clear,0,1,[],[],0,0,Valid,0.0,0.0,35.0,35.0,['Female'],0,0,2,4,4,Dry,Straight,Level,Lowest,No
10760,13,Georgia,130043,0,1,1,0,1,SAVANNAH,March,11,Saturday,14,34,Urban,Medium Speed (Collector),No,32.04827222,-81.15589444,Non-Intersection,Daylight,Clear,2:00pm-2:59pm,36,2:00pm-2:59pm,39,Not Applicable (Not Transported),Not Applicable (Not Transported),1,Daylight,Clear,1,0,['Driver'],['Shoulder_Lapbelt'],0,0,Invalid,1.0,0.0,38.0,38.0,['Male'],1,0,2,4,3,Dry,Curve,Level,Lowest,No
10761,13,Georgia,130044,0,3,3,0,4,MORELAND,March,4,Saturday,15,0,Urban,High Speed (Arterial),Yes,33.26782778,-84.80433611,Non-Intersection,Daylight,Clear,3:00pm-3:59pm,4,3:00pm-3:59pm,11,Not Applicable (Not Transported),Not Applicable (Not Transported),1,Daylight,Clear,1,3,['Driver'],['Shoulder_Lapbelt'],0,0,Valid,0.0,0.0,57.0,19.0,"['Male', 'Male', 'Male']",1,0,3,4,5,Dry,Straight,Grade/Hillcrest,Lowest,No
10762,13,Georgia,130045,0,2,2,0,3,JONESBORO,March,6,Monday,15,4,Urban,Low Speed (Local),No,33.51896944,-84.36086389,Complex/Circle,Daylight,Clear,Unknown,Unknown,Unknown EMS Scene Arrival Hour,Unknown EMS Scene Arrival Minutes,Not Applicable (Not Transported),Not Applicable (Not Transported),1,Daylight,Clear,1,2,['Driver'],['Shoulder_Lapbelt'],0,0,Invalid,0.0,0.0,70.0,46.0,"['Female', 'Female']",0,0,3,4,5,Dry,Straight,Grade/Hillcrest,Lowest,No
10763,13,Georgia,130046,1,1,1,0,1,Not Reported,March,9,Thursday,13,43,Urban,High Speed (Arterial),No,33.77030278,-83.70071667,Non-Intersection,Daylight,Clear,1:00pm-1:59pm,47,1:00pm-1:59pm,48,Unknown,Unknown EMS Hospital Arrival Time,1,Daylight,Clear,0,1,[],[],0,0,Invalid,0.0,0.0,26.0,26.0,['Male'],1,0,5,4,4,Dry,Straight,Level,Lowest,No
10764,13,Georgia,130047,0,1,1,0,1,Not Reported,March,10,Friday,8,15,Urban,Low Speed (Local),No,34.47429444,-84.8871,Non-Intersection,Daylight,Cloudy,8:00am-8:59am,14,8:00am-8:59am,23,Not Applicable (Not Transported),Not Applicable (Not Transported),1,Daylight,Reduced Visibility,1,0,['Driver'],['Shoulder_Lapbelt'],0,0,Valid,0.0,1.0,18.0,18.0,['Male'],1,0,2,4,3,Wet/Standing Water,Straight,Grade/Hillcrest,Lowest,No
10765,13,Georgia,130048,0,2,2,0,3,MOLENA,March,11,Saturday,0,59,Rural,Medium Speed (Collector),No,33.03668056,-84.35907778,Simple Junction,Dark - Not Lighted,Clear,1:00am-1:59am,5,1:00am-1:59am,10,1:00am-1:59am,51,1,Dark - Unlighted,Clear,1,2,['Front_Passenger'],['None_Used'],1,2,Invalid,0.0,0.0,39.0,35.0,"['Male', 'Male']",3,0,3,4,3,Dry,Straight,Level,Lowest,No
10766,13,Georgia,130049,0,1,1,0,1,NOT APPLICABLE,January,7,Saturday,10,58,Rural,Medium Speed (Collector),No,32.413325,-82.04320833,Non-Intersection,Daylight,Clear,Unknown,Unknown,Unknown EMS Scene Arrival Hour,Unknown EMS Scene Arrival Minutes,Unknown,Unknown EMS Hospital Arrival Time,1,Daylight,Clear,1,0,['Driver'],['Shoulder_Lapbelt'],0,0,Valid,0.0,0.0,61.0,61.0,['Male'],0,0,3,4,3,Dry,Straight,Grade/Hillcrest,Lowest,No
10767,13,Georgia,130050,0,2,2,0,2,KENNESAW,January,17,Tuesday,19,14,Urban,Medium Speed (Collector),No,34.04881944,-84.58825,Non-Intersection,Dark - Not Lighted,Cloudy,Unknown,Unknown,Unknown EMS Scene Arrival Hour,Unknown EMS Scene Arrival Minutes,Unknown,Unknown EMS Hospital Arrival Time,1,Dark - Unlighted,Reduced Visibility,1,1,['Driver'],['None_Used'],0,0,Valid,1.0,1.0,54.0,26.0,"['Male', 'Female']",0,0,3,4,5,Dry,Curve,Grade/Hillcrest,Lowest,No
10768,13,Georgia,130051,1,1,1,0,1,CHAMBLEE,February,9,Thursday,19,36,Urban,Medium Speed (Collector),No,33.88734722,-84.30856944,Complex/Circle,Dark - Lighted,Rain,Unknown,Unknown,Unknown EMS Scene Arrival Hour,Unknown EMS Scene Arrival Minutes,Not Applicable (Not Transported),Not Applicable (Not Transported),1,Dark - Lighted,Rain/Wind/Minor,0,1,[],[],0,0,Valid,0.0,0.0,42.0,42.0,['Male'],0,0,3,2,4,Wet/Standing Water,Straight,Level,Lowest,No
10769,13,Georgia,130052,0,1,1,0,2,AUGUSTA,February,17,Friday,7,52,Urban,High Speed (Arterial),Yes,33.42911111,-82.18913889,Non-Intersection,Daylight,Cloudy,Unknown,Unknown,Unknown EMS Scene Arrival Hour,Unknown EMS Scene Arrival Minutes,Unknown,Unknown EMS Hospital Arrival Time,1,Daylight,Reduced Visibility,1,1,['Front_Passenger'],['Shoulder_Lapbelt'],0,0,Valid,1.0,1.0,62.0,62.0,['Female'],0,0,3,4,3,Dry,Curve,Grade/Hillcrest,Lowest,No
10770,13,Georgia,130053,0,1,1,0,1,Other,February,19,Sunday,0,8,Rural,Medium Speed (Collector),No,31.22318889,-82.6325,Non-Intersection,Dark - Not Lighted,Clear,0:00am-0:59am,13,0:00am-0:59am,33,2:00am-2:59am,40,1,Dark - Unlighted,Clear,1,0,['Driver'],['None_Used'],0,0,Valid,0.0,0.0,39.0,39.0,['Male'],0,0,3,4,3,Dry,Straight,Level,Lowest,No
10771,13,Georgia,130054,0,2,2,0,2,NOT APPLICABLE,February,27,Monday,18,53,Urban,Medium Speed (Collector),No,33.66141667,-83.92771389,Non-Intersection,Dark - Not Lighted,Clear,6:00pm-6:59pm,53,7:00pm-7:59pm,7,7:00pm-7:59pm,42,1,Dark - Unlighted,Clear,1,1,['Driver'],['Shoulder_Lapbelt'],0,0,Valid,0.0,0.0,102.0,57.0,"['Male', 'Female']",0,0,2,4,5,Dry,Curve,Grade/Hillcrest,Lowest,No
10772,13,Georgia,130055,0,2,2,0,4,NOT APPLICABLE,March,1,Wednesday,12,5,Rural,High Speed (Arterial),Yes,34.01607222,-83.49305833,Complex/Circle,Daylight,Clear,1:00pm-1:59pm,2,1:00pm-1:59pm,6,1:00pm-1:59pm,23,1,Daylight,Clear,1,3,['Rear_Seat'],['None_Used'],0,0,Valid,0.0,0.0,75.0,27.0,"['Male', 'Male']",0,0,3,4,5,Dry,Straight,Grade/Hillcrest,Lowest,No
10773,13,Georgia,130056,1,1,1,0,1,NOT APPLICABLE,March,3,Friday,0,9,Urban,Medium Speed (Collector),No,77.7777,777.7777,Complex/Circle,Dark - Not Lighted,Rain,0:00am-0:59am,10,0:00am-0:59am,21,0:00am-0:59am,43,1,Dark - Unlighted,Rain/Wind/Minor,0,1,[],[],0,0,Valid,0.0,3.0,39.0,39.0,['Male'],0,0,2,3,4,Wet/Standing Water,Straight,Grade/Hillcrest,Lowest,No
10774,13,Georgia,130058,0,1,1,0,1,NOT APPLICABLE,March,9,Thursday,21,32,Rural,Medium Speed (Collector),No,33.58751389,-84.92087222,Non-Intersection,Dark - Not Lighted,Rain,9:00pm-9:59pm,32,9:00pm-9:59pm,32,Not Applicable (Not Transported),Not Applicable (Not Transported),1,Dark - Unlighted,Rain/Wind/Minor,1,0,['Driver'],['Shoulder_Lapbelt'],0,0,Valid,0.0,0.0,35.0,35.0,['Male'],1,0,2,4,3,Wet/Standing Water,Curve,Grade/Hillcrest,Lowest,No
10775,13,Georgia,130059,0,2,2,0,2,MARIETTA,February,22,Wednesday,22,56,Urban,Medium Speed (Collector),No,34.03847778,-84.52831111,Complex/Circle,Dark - Lighted,Cloudy,10:00pm-10:59pm,56,11:00pm-11:59pm,1,Not Applicable (Not Transported),Not Applicable (Not Transported),1,Dark - Lighted,Reduced Visibility,1,1,['Driver'],['None_Used'],0,0,Valid,0.0,0.0,48.0,20.0,"['Female', 'Male']",1,0,5,4,5,Dry,Straight,Grade/Hillcrest,Lowest,No
10776,13,Georgia,130061,0,2,2,0,3,JACKSON,March,11,Saturday,22,58,Rural,Medium Speed (Collector),No,33.20834167,-83.99868889,Non-Intersection,Dark - Not Lighted,Clear,11:00pm-11:59pm,1,11:00pm-11:59pm,11,11:00pm-11:59pm,40,2,Dark - Unlighted,Clear,2,1,"['Driver', 'Front_Passenger']","['None_Used', 'None_Used']",1,1,Valid,0.0,2.0,53.0,24.0,"['Male', 'Female']",0,0,5,4,5,Dry,Straight,Grade/Hillcrest,Lowest,No
10777,13,Georgia,130062,0,2,2,0,2,JESUP,March,12,Sunday,17,22,Urban,High Speed (Arterial),Yes,31.60114444,-81.87331667,Complex/Circle,Daylight,Cloudy,5:00pm-5:59pm,24,5:00pm-5:59pm,29,5:00pm-5:59pm,46,1,Daylight,Reduced Visibility,1,1,['Driver'],['None_Used'],0,0,Invalid,0.0,0.0,37.0,35.0,"['Female', 'Female']",0,0,3,4,5,Wet/Standing Water,Straight,Level,Lowest,No
10778,13,Georgia,130063,2,1,1,0,1,MORELAND,March,15,Wednesday,6,48,Rural,High Speed (Arterial),Yes,33.30825833,-84.789375,Non-Intersection,Dark - Not Lighted,Clear,6:00am-6:59am,52,7:00am-7:59am,8,Unknown,Unknown EMS Hospital Arrival Time,1,Dark - Unlighted,Clear,0,1,[],[],0,0,Valid,0.0,0.0,31.0,31.0,['Male'],0,0,2,4,3,Dry,Straight,Level,Lowest,No
10779,13,Georgia,130064,1,1,1,0,1,HORTENSE,March,15,Wednesday,13,15,Rural,High Speed (Arterial),Yes,31.22255278,-81.84770556,Non-Intersection,Daylight,Clear,1:00pm-1:59pm,17,1:00pm-1:59pm,22,Not Applicable (Not Transported),Not Applicable (Not Transported),1,Daylight,Clear,0,1,[],[],0,0,Valid,0.0,0.0,74.0,74.0,['Male'],0,0,4,2,4,Dry,Straight,Grade/Hillcrest,Lowest,No
10780,13,Georgia,130065,0,2,2,0,6,ATHENS,March,15,Wednesday,21,27,Urban,High Speed (Arterial),Yes,33.93453333,-83.3146,Non-Intersection,Dark - Not Lighted,Clear,9:00pm-9:59pm,32,9:00pm-9:59pm,40,10:00pm-10:59pm,5,1,Dark - Unlighted,Clear,1,5,['Driver'],['None_Used'],1,1,Valid,2.0,4.0,67.0,23.0,"['Male', 'Male']",0,0,3,4,5,Dry,Straight,Level,Lowest,Yes
10781,13,Georgia,130066,1,1,1,0,1,MACON,March,15,Wednesday,21,43,Urban,Medium Speed (Collector),No,32.78652778,-83.70241667,Simple Junction,Dark - Lighted,Clear,Unknown,Unknown,Unknown EMS Scene Arrival Hour,Unknown EMS Scene Arrival Minutes,Not Applicable (Not Transported),Not Applicable (Not Transported),1,Dark - Lighted,Clear,0,1,[],[],0,0,Invalid,0.0,0.0,999.0,999.0,['Male'],0,0,3,3,4,Dry,Straight,Grade/Hillcrest,Lowest,No
10782,13,Georgia,130067,1,1,1,0,1,LITHONIA,March,16,Thursday,20,3,Urban,Medium Speed (Collector),No,33.74072778,-84.15535278,Non-Intersection,Dark - Not Lighted,Clear,Unknown,Unknown,Unknown EMS Scene Arrival Hour,Unknown EMS Scene Arrival Minutes,Unknown,Unknown EMS Hospital Arrival Time,1,Dark - Unlighted,Clear,0,1,[],[],0,0,Valid,0.0,0.0,58.0,58.0,['Male'],0,0,3,3,4,Dry,Straight,Level,Lowest,No
10783,13,Georgia,130068,0,2,2,0,2,DALLAS,March,16,Thursday,23,18,Rural,High Speed (Arterial),Yes,33.91908333,-84.92936667,Complex/Circle,Dark - Not Lighted,Cloudy,11:00pm-11:59pm,22,11:00pm-11:59pm,30,0:00am-0:59am,0,1,Dark - Unlighted,Reduced Visibility,1,1,['Driver'],['Shoulder_Lapbelt'],0,0,Valid,0.0,2.0,57.0,55.0,"['Male', 'Male']",0,0,4,4,5,Dry,Straight,Grade/Hillcrest,Lowest,No
10784,13,Georgia,130069,1,1,1,0,2,FORT VALLEY,March,17,Friday,0,45,Urban,Medium Speed (Collector),Yes,32.557775,-83.90432778,Non-Intersection,Dark - Not Lighted,Clear,0:00am-0:59am,49,0:00am-0:59am,55,Not Applicable (Not Transported),Not Applicable (Not Transported),1,Dark - Unlighted,Clear,0,2,[],[],0,0,Invalid,0.0,1.0,22.0,22.0,['Male'],0,0,3,2,4,Dry,Straight,Level,Lowest,No
10785,13,Georgia,130070,0,1,1,0,1,BRUNSWICK,March,18,Saturday,6,47,Rural,High Speed (Arterial),Yes,31.16315278,-81.59596111,Non-Intersection,Dark - Not Lighted,Cloudy,6:00am-6:59am,48,6:00am-6:59am,54,Not Applicable (Not Transported),Not Applicable (Not Transported),1,Dark - Unlighted,Reduced Visibility,1,0,['Driver'],['None_Used'],0,0,Valid,0.0,1.0,30.0,30.0,['Female'],0,0,3,4,3,Wet/Standing Water,Curve,Level,Lowest,No
10786,13,Georgia,130071,0,2,2,0,3,CANTON,March,18,Saturday,17,23,Urban,High Speed (Arterial),Yes,34.24544167,-84.46720278,Non-Intersection,Daylight,Clear,5:00pm-5:59pm,25,5:00pm-5:59pm,30,6:00pm-6:59pm,1,1,Daylight,Clear,1,2,['Front_Passenger'],['Shoulder_Lapbelt'],1,1,Valid,1.0,0.0,43.0,36.0,"['Male', 'Male']",0,0,3,4,5,Dry,Straight,Level,Lowest,No
10787,13,Georgia,130072,0,1,1,0,1,JACKSON,March,18,Saturday,19,32,Rural,Medium Speed (Collector),No,33.32706667,-83.99464722,Non-Intersection,Dark - Not Lighted,Clear,7:00pm-7:59pm,32,7:00pm-7:59pm,39,8:00pm-8:59pm,8,1,Dark - Unlighted,Clear,1,0,['Driver'],['None_Used'],0,0,Valid,0.0,0.0,58.0,58.0,['Male'],0,0,3,4,3,Dry,Straight,Level,Lowest,No
10788,13,Georgia,130073,0,1,1,0,1,TAYLORSVILLE,March,18,Saturday,22,5,Rural,Medium Speed (Collector),No,34.17405556,-84.98070556,Simple Junction,Dark - Not Lighted,Clear,10:00pm-10:59pm,11,10:00pm-10:59pm,20,Not Applicable (Not Transported),Not Applicable (Not Transported),1,Dark - Unlighted,Clear,1,0,['Driver'],['None_Used'],0,0,Valid,0.0,0.0,29.0,29.0,['Male'],0,0,2,4,3,Dry,Straight,Level,Lowest,No
10789,13,Georgia,130074,0,2,2,0,2,ATLANTA,March,18,Saturday,23,40,Urban,Medium Speed (Collector),No,33.61618889,-84.458575,Non-Intersection,Dark - Lighted,Clear,11:00pm-11:59pm,58,11:00pm-11:59pm,58,Unknown,Unknown EMS Hospital Arrival Time,1,Dark - Lighted,Clear,1,1,['Driver'],['Shoulder_Lapbelt'],0,0,Valid,0.0,1.0,53.0,40.0,"['Female', 'Male']",1,0,3,4,5,Dry,Curve,Grade/Hillcrest,Lowest,No
10790,13,Georgia,130075,0,1,1,0,2,BLACKSHEAR,March,19,Sunday,3,22,Rural,High Speed (Arterial),Yes,31.25326667,-82.30429167,Non-Intersection,Dark - Not Lighted,Clear,Unknown,Unknown,Unknown EMS Scene Arrival Hour,Unknown EMS Scene Arrival Minutes,Unknown,Unknown EMS Hospital Arrival Time,1,Dark - Unlighted,Clear,1,1,['Driver'],['None_Used'],0,0,Valid,0.0,3.0,32.0,32.0,['Male'],0,0,2,4,3,Wet/Standing Water,Curve,Grade/Hillcrest,Lowest,No
10791,13,Georgia,130076,0,4,4,0,6,ATLANTA,March,19,Sunday,14,25,Urban,Medium Speed (Collector),No,33.72664167,-84.41818611,Simple Junction,Daylight,Clear,2:00pm-2:59pm,25,2:00pm-2:59pm,40,3:00pm-3:59pm,5,1,Daylight,Clear,1,5,['Rear_Seat'],['Shoulder_Lapbelt'],1,1,Valid,0.0,0.0,68.0,17.0,"['Male', 'Male', 'Female', 'Male']",1,0,3,4,5,Dry,Straight,Level,Lowest,No
10792,13,Georgia,130077,0,2,2,0,4,ATLANTA,March,20,Monday,13,0,Urban,High Speed (Arterial),Yes,33.6942,-84.52067778,Non-Intersection,Daylight,Clear,1:00pm-1:59pm,5,1:00pm-1:59pm,15,2:00pm-2:59pm,0,2,Daylight,Clear,2,2,"['Rear_Seat', 'Driver']","['None_Used', 'None_Used']",0,0,Valid,0.0,0.0,29.0,19.0,"['Male', 'Female']",0,0,3,4,5,Dry,Straight,Level,Lowest,No
10793,13,Georgia,130078,0,1,1,0,1,CONYERS,March,20,Monday,14,52,Urban,Medium Speed (Collector),No,33.731525,-83.96986111,Non-Intersection,Daylight,Clear,2:00pm-2:59pm,25,2:00pm-2:59pm,32,2:00pm-2:59pm,56,1,Daylight,Clear,1,0,['Driver'],['None_Used'],0,0,Valid,0.0,3.0,32.0,32.0,['Female'],0,0,3,4,3,Dry,Straight,Level,Lowest,No
10794,13,Georgia,130079,0,2,2,0,2,TWIN CITY,March,20,Monday,15,30,Rural,Medium Speed (Collector),No,32.60371667,-82.22703056,Non-Intersection,Daylight,Clear,3:00pm-3:59pm,23,3:00pm-3:59pm,31,4:00pm-4:59pm,48,1,Daylight,Clear,1,1,['Driver'],['Shoulder_Lapbelt'],1,1,Valid,1.0,0.0,57.0,46.0,"['Male', 'Male']",1,0,3,4,5,Dry,Curve,Grade/Hillcrest,Lowest,No
10795,13,Georgia,130080,0,2,2,0,2,NOT APPLICABLE,March,21,Tuesday,10,45,Rural,High Speed (Arterial),Yes,34.20281111,-83.56010833,Non-Intersection,Daylight,Clear,10:00am-10:59am,47,11:00am-11:59am,6,Not Applicable (Not Transported),Not Applicable (Not Transported),1,Daylight,Clear,1,1,['Driver'],['Shoulder_Lapbelt'],0,0,Valid,0.0,0.0,73.0,48.0,"['Male', 'Male']",0,0,4,4,5,Dry,Straight,Grade/Hillcrest,Lowest,No
10796,13,Georgia,130081,0,3,1,2,1,NOT APPLICABLE,March,21,Tuesday,11,0,Rural,Medium Speed (Collector),No,31.892725,-81.87097222,Non-Intersection,Daylight,Clear,10:00am-10:59am,46,11:00am-11:59am,4,Not Applicable (Not Transported),Not Applicable (Not Transported),1,Daylight,Clear,1,0,['Driver'],['Shoulder_Lapbelt'],0,0,Valid,0.0,0.0,58.0,58.0,['Male'],1,0,2,4,2,Dry,Straight,Level,Lowest,No
10797,13,Georgia,130082,0,1,1,0,1,ATLANTA,March,23,Thursday,22,11,Urban,Medium Speed (Collector),No,33.75308333,-84.50585278,Non-Intersection,Dark - Lighted,Clear,10:00pm-10:59pm,52,11:00pm-11:59pm,3,Not Applicable (Not Transported),Not Applicable (Not Transported),1,Dark - Lighted,Clear,1,0,['Driver'],['None_Used'],0,0,Valid,0.0,0.0,31.0,31.0,['Female'],1,0,2,4,3,Dry,Curve,Level,Lowest,No
10798,13,Georgia,130083,0,1,1,0,2,NOT APPLICABLE,March,24,Friday,0,12,Rural,Medium Speed (Collector),No,31.17489722,-81.69300278,Non-Intersection,Dark - Not Lighted,Clear,0:00am-0:59am,12,0:00am-0:59am,24,0:00am-0:59am,50,1,Dark - Unlighted,Clear,1,1,['Driver'],['None_Used'],1,1,Valid,0.0,0.0,40.0,40.0,['Male'],2,0,5,4,2,Loose/Unpaved,Straight,Level,Lowest,No
10799,13,Georgia,130084,0,1,1,0,4,ALBANY,March,24,Friday,3,43,Urban,High Speed (Arterial),Yes,31.57531389,-84.17642222,Simple Junction,Dark - Lighted,Clear,3:00am-3:59am,44,3:00am-3:59am,57,4:00am-4:59am,12,1,Dark - Lighted,Clear,1,3,['Non_Standard_Risk'],['Shoulder_Lapbelt'],0,0,Valid,0.0,0.0,43.0,43.0,['Male'],4,0,2,4,2,Dry,Straight,Level,Lowest,No
10800,13,Georgia,130085,1,1,1,0,1,HIRAM,March,24,Friday,5,8,Urban,High Speed (Arterial),Yes,33.89119167,-84.75430278,Non-Intersection,Dark - Not Lighted,Clear,6:00am-6:59am,16,6:00am-6:59am,20,Not Applicable (Not Transported),Not Applicable (Not Transported),1,Dark - Unlighted,Clear,0,1,[],[],0,0,Valid,0.0,0.0,39.0,39.0,['Male'],0,0,2,3,4,Dry,Straight,Level,Lowest,No
10801,13,Georgia,130086,1,1,1,0,1,LA GRANGE,March,24,Friday,21,23,Urban,High Speed (Arterial),Yes,33.02581667,-85.02369167,Complex/Circle,Dark - Lighted,Clear,9:00pm-9:59pm,26,9:00pm-9:59pm,32,Unknown,Unknown EMS Hospital Arrival Time,1,Dark - Lighted,Clear,0,1,[],[],0,0,Valid,1.0,0.0,78.0,78.0,['Male'],0,0,2,3,4,Dry,Straight,Level,Lowest,No
10802,13,Georgia,130087,0,2,2,0,2,ROME,March,24,Friday,22,16,Urban,High Speed (Arterial),No,34.28455278,-85.22614444,Non-Intersection,Dark - Lighted,Clear,10:00pm-10:59pm,18,10:00pm-10:59pm,19,Not Applicable (Not Transported),Not Applicable (Not Transported),1,Dark - Lighted,Clear,1,1,['Driver'],['None_Used'],1,1,Valid,0.0,0.0,40.0,37.0,"['Male', 'Male']",0,0,5,4,5,Dry,Curve,Grade/Hillcrest,Lowest,No
10803,13,Georgia,130088,0,2,2,0,2,NOT APPLICABLE,March,24,Friday,22,59,Urban,High Speed (Arterial),Yes,33.19401667,-84.28506944,Non-Intersection,Dark - Not Lighted,Clear,10:00pm-10:59pm,59,11:00pm-11:59pm,6,11:00pm-11:59pm,34,1,Dark - Unlighted,Clear,1,1,['Driver'],['Shoulder_Lapbelt'],1,1,Valid,0.0,1.0,64.0,26.0,"['Female', 'Male']",0,0,3,4,5,Dry,Straight,Grade/Hillcrest,Lowest,No
10804,13,Georgia,130089,1,2,2,0,2,ATLANTA,March,27,Monday,3,45,Urban,Medium Speed (Collector),No,33.65310833,-84.36751667,Complex/Circle,Dark - Not Lighted,Rain,3:00am-3:59am,56,4:00am-4:59am,5,4:00am-4:59am,10,1,Dark - Unlighted,Rain/Wind/Minor,1,1,['Driver'],['None_Used'],0,0,Valid,0.0,1.0,40.0,32.0,"['Male', 'Male']",1,0,4,4,5,Wet/Standing Water,Straight,Grade/Hillcrest,Lowest,No
10805,13,Georgia,130091,0,1,1,0,1,NOT APPLICABLE,January,1,Sunday,9,38,Rural,Medium Speed (Collector),No,32.70304722,-84.81964167,Non-Intersection,Daylight,Clear,9:00am-9:59am,40,9:00am-9:59am,46,10:00am-10:59am,15,1,Daylight,Clear,1,0,['Driver'],['Shoulder_Lapbelt'],0,0,Valid,0.0,0.0,19.0,19.0,['Male'],1,0,3,4,3,Wet/Standing Water,Curve,Level,Lowest,No
10806,13,Georgia,130092,1,2,2,0,3,NOT APPLICABLE,January,1,Sunday,19,18,Urban,High Speed (Arterial),Yes,33.90008333,-84.27749444,Simple Junction,Daylight,Clear,7:00pm-7:59pm,21,7:00pm-7:59pm,24,7:00pm-7:59pm,51,1,Daylight,Clear,0,3,[],[],0,0,Invalid,0.0,0.0,999.0,17.0,"['Male', 'Other']",0,0,3,3,5,Dry,Straight,Level,Lowest,No
10807,13,Georgia,130093,0,2,2,0,2,NOT APPLICABLE,January,3,Tuesday,10,47,Rural,Medium Speed (Collector),No,30.98803611,-84.41909444,Complex/Circle,Daylight,Cloudy,10:00am-10:59am,58,11:00am-11:59am,10,Not Applicable (Not Transported),Not Applicable (Not Transported),1,Daylight,Reduced Visibility,1,1,['Driver'],['Shoulder_Lapbelt'],0,0,Valid,0.0,1.0,65.0,42.0,"['Male', 'Male']",0,0,4,4,5,Dry,Straight,Level,Lowest,No
10808,13,Georgia,130094,1,1,1,0,1,ATLANTA,January,3,Tuesday,18,20,Urban,Medium Speed (Collector),No,33.680575,-84.37827222,Non-Intersection,Dark - Not Lighted,Rain,6:00pm-6:59pm,30,6:00pm-6:59pm,30,6:00pm-6:59pm,50,1,Dark - Unlighted,Rain/Wind/Minor,0,1,[],[],0,0,Invalid,0.0,0.0,58.0,58.0,['Male'],0,0,3,0,4,Wet/Standing Water,Straight,Level,Lowest,No