,State_Code,State_Name,Crash_ID,Count_Non_Motorists,Count_Vehicles_Total,Count_Vehicle_Forms,Count_PVH_Involved,Count_Occupants_MV,City_Name,Month_Name,Day_of_Month,Day_of_Week,Crash_Hour,Crash_Minute,Area_Rural_Urban,Road_Functional_Class,On_NHS_Road,Latitude,Longitude,Intersection_Type,Light_Condition,Weather_Condition,Notif_Hour,Notif_Minute,Arrival_Hour,Arrival_Minute,Hospital_Hour,Hospital_Minute,Fatalities_Count,Clean_Light_Condition,Clean_Weather_Condition,Total_Killed,Total_Alive,Fatal_Seats_List,Killed_Restraint_List,Any_Driver_Drinking,Total_Drinking_Drivers,Driver_License_Category,Driver_Max_Prev_Accident_Count,Driver_Max_Prev_Speeding_Count,Max_Driver_Age,Min_Driver_Age,Driver_Sex_List,Total_Exceeding_Limit_Vehicles,Total_Too_Fast_Vehicles,Max_Vehicle_Type_Severity_5,Max_Vehicle_Damage_Rank,Max_Harmful_Event_Severity,Crash_Road_Surface_Condition,Crash_Horizontal_Alignment,Crash_Vertical_Profile,Crash_Impairment_Category,Crash_Vehicle_Defect
10809,13,Georgia,130095,0,3,3,0,4,ROME,January,4,Wednesday,13,49,Urban,High Speed (Arterial),Yes,34.32265,-85.17225,Non-Intersection,Daylight,Clear,1:00pm-1:59pm,51,1:00pm-1:59pm,57,2:00pm-2:59pm,29,1,Daylight,Clear,1,3,['Driver'],['Shoulder_Lapbelt'],0,0,Valid,0.0,0.0,39.0,34.0,"['Male', 'Female', 'Female']",0,0,3,4,5,Dry,Straight,Level,Lowest,No
10810,13,Georgia,130096,0,2,2,0,4,FAIRBURN,January,5,Thursday,7,6,Urban,High Speed (Arterial),Yes,33.57006667,-84.575075,Simple Junction,Dark - Lighted,Clear,7:00am-7:59am,0,7:00am-7:59am,2,7:00am-7:59am,30,1,Dark - Lighted,Clear,1,3,['Rear_Seat'],['None_Used'],0,0,Valid,0.0,1.0,48.0,26.0,"['Female', 'Male']",0,0,3,4,5,Dry,Straight,Grade/Hillcrest,Lowest,No
10811,13,Georgia,130097,1,1,1,0,1,Not Reported,January,5,Thursday,19,12,Urban,Medium Speed (Collector),No,33.75636944,-84.16547222,Non-Intersection,Dark - Not Lighted,Clear,Unknown,Unknown,Unknown EMS Scene Arrival Hour,Unknown EMS Scene Arrival Minutes,Unknown,Unknown EMS Hospital Arrival Time,1,Dark - Unlighted,Clear,0,1,[],[],0,0,Valid,0.0,0.0,22.0,22.0,['Male'],0,0,2,3,4,Dry,Straight,Level,Lowest,No
10812,13,Georgia,130098,0,3,3,0,5,TOCCOA,January,6,Friday,17,58,Urban,High Speed (Arterial),Yes,34.55759444,-83.28517222,Non-Intersection,Dark - Not Lighted,Clear,6:00pm-6:59pm,1,6:00pm-6:59pm,3,7:00pm-7:59pm,0,1,Dark - Unlighted,Clear,1,4,['Driver'],['None_Used'],1,1,Valid,1.0,0.0,72.0,29.0,"['Male', 'Male', 'Male']",0,0,3,4,5,Dry,Curve,Level,Lowest,No
10813,13,Georgia,130099,0,1,1,0,1,Not Reported,January,6,Friday,19,46,Urban,Medium Speed (Collector),No,33.89826111,-83.46608056,Non-Intersection,Dark - Not Lighted,Clear,7:00pm-7:59pm,43,7:00pm-7:59pm,49,8:00pm-8:59pm,44,1,Dark - Unlighted,Clear,1,0,['Driver'],['None_Used'],0,0,Valid,0.0,1.0,29.0,29.0,['Female'],0,0,2,4,3,Dry,Straight,Grade/Hillcrest,Lowest,No
10814,13,Georgia,130100,0,2,2,0,2,GRAY,January,7,Saturday,0,24,Rural,Medium Speed (Collector),No,33.18252222,-83.43925833,Non-Intersection,Dark - Not Lighted,Cloudy,Unknown,Unknown,Unknown EMS Scene Arrival Hour,Unknown EMS Scene Arrival Minutes,Unknown,Unknown EMS Hospital Arrival Time,1,Dark - Unlighted,Reduced Visibility,1,1,['Driver'],['Shoulder_Lapbelt'],0,0,Valid,0.0,1.0,20.0,19.0,"['Male', 'Male']",0,0,3,4,5,Dry,Curve,Level,Lowest,No
10815,13,Georgia,130101,1,1,1,0,1,CONYERS,January,7,Saturday,1,8,Rural,Medium Speed (Collector),No,33.67390556,-84.03865,Non-Intersection,Dark - Not Lighted,Clear,1:00am-1:59am,8,1:00am-1:59am,15,1:00am-1:59am,30,1,Dark - Unlighted,Clear,0,1,[],[],0,0,Valid,0.0,0.0,34.0,34.0,['Male'],0,0,2,3,4,Dry,Straight,Level,Lowest,No
10816,13,Georgia,130102,0,1,1,0,1,Not Reported,January,7,Saturday,7,10,Rural,Medium Speed (Collector),No,34.42129444,-83.36517222,Non-Intersection,Dawn,Cloudy,7:00am-7:59am,11,7:00am-7:59am,20,Not Applicable (Not Transported),Not Applicable (Not Transported),1,Twilight,Reduced Visibility,1,0,['Driver'],['None_Used'],0,0,Valid,0.0,0.0,69.0,69.0,['Male'],0,0,3,4,3,Dry,Straight,Grade/Hillcrest,Lowest,No
10817,13,Georgia,130103,1,1,1,0,1,Not Reported,January,7,Saturday,9,6,Urban,Low Speed (Local),No,34.05879444,-84.58743889,Complex/Circle,Daylight,Clear,9:00am-9:59am,8,9:00am-9:59am,13,Not Applicable (Not Transported),Not Applicable (Not Transported),1,Daylight,Clear,0,1,[],[],0,0,Valid,0.0,0.0,23.0,23.0,['Male'],0,0,2,3,4,Dry,Curve,Grade/Hillcrest,Lowest,No
10818,13,Georgia,130104,0,1,1,0,1,Not Reported,January,7,Saturday,10,31,Rural,Medium Speed (Collector),No,32.8666,-85.02181111,Non-Intersection,Daylight,Clear,10:00am-10:59am,33,10:00am-10:59am,42,Not Applicable (Not Transported),Not Applicable (Not Transported),1,Daylight,Clear,1,0,['Driver'],['None_Used'],0,0,Valid,0.0,1.0,21.0,21.0,['Male'],0,0,2,4,2,Dry,Curve,Grade/Hillcrest,Lowest,No
10819,13,Georgia,130105,1,1,1,0,1,Not Reported,January,8,Sunday,6,34,Urban,High Speed (Arterial),Yes,33.322475,-84.289475,Non-Intersection,Dark - Not Lighted,Clear,6:00am-6:59am,35,6:00am-6:59am,42,Not Applicable (Not Transported),Not Applicable (Not Transported),1,Dark - Unlighted,Clear,0,1,[],[],0,0,Valid,0.0,0.0,55.0,55.0,['Female'],0,0,3,2,4,Dry,Straight,Level,Lowest,No
10820,13,Georgia,130106,0,3,3,0,4,IRWINVILLE,January,8,Sunday,9,20,Rural,Medium Speed (Collector),No,31.64795833,-83.38481944,Non-Intersection,Daylight,Clear,9:00am-9:59am,20,9:00am-9:59am,25,10:00am-10:59am,0,1,Daylight,Clear,1,3,['Driver'],['None_Used'],0,0,Valid,0.0,0.0,66.0,39.0,"['Male', 'Male', 'Male']",0,0,4,4,5,Dry,Straight,Non-Trafficway,Lowest,No
10821,13,Georgia,130107,0,1,1,0,4,MACON,January,8,Sunday,10,29,Urban,High Speed (Arterial),Yes,32.75434444,-83.71190556,Non-Intersection,Daylight,Clear,10:00am-10:59am,42,10:00am-10:59am,46,11:00am-11:59am,15,2,Daylight,Clear,2,2,"['Driver', 'Front_Passenger']","['Shoulder_Lapbelt', 'Shoulder_Lapbelt']",0,0,Valid,0.0,0.0,57.0,57.0,['Male'],0,0,3,4,3,Dry,Curve,Level,Lowest,No
10822,13,Georgia,130108,0,4,4,0,8,AUGUSTA,January,8,Sunday,18,40,Urban,High Speed (Arterial),Yes,33.44066111,-82.11697222,Non-Intersection,Dark - Not Lighted,Clear,6:00pm-6:59pm,42,6:00pm-6:59pm,46,7:00pm-7:59pm,20,1,Dark - Unlighted,Clear,1,7,['Driver'],['Shoulder_Lapbelt'],1,1,Valid,0.0,3.0,43.0,26.0,"['Male', 'Female', 'Male', 'Female']",0,0,3,4,5,Dry,Straight,Level,Lowest,No
10823,13,Georgia,130109,1,1,1,0,1,Not Reported,January,8,Sunday,21,10,Urban,Medium Speed (Collector),No,33.78822222,-84.24895556,Non-Intersection,Dark - Lighted,Rain,Unknown,Unknown,Unknown EMS Scene Arrival Hour,Unknown EMS Scene Arrival Minutes,Not Applicable (Not Transported),Not Applicable (Not Transported),1,Dark - Lighted,Rain/Wind/Minor,0,1,[],[],0,0,Invalid,0.0,0.0,999.0,999.0,['Other'],0,0,1,3,4,Wet/Standing Water,Straight,Level,Lowest,No
10824,13,Georgia,130110,1,1,1,0,3,Not Reported,January,9,Monday,1,15,Rural,High Speed (Arterial),Yes,32.13909444,-83.75819167,Non-Intersection,Dark - Not Lighted,Clear,1:00am-1:59am,20,1:00am-1:59am,31,Not Applicable (Not Transported),Not Applicable (Not Transported),1,Dark - Unlighted,Clear,0,3,[],[],0,0,Valid,1.0,0.0,35.0,35.0,['Male'],0,0,3,4,4,Wet/Standing Water,Straight,Level,Lowest,No
10825,13,Georgia,130111,0,1,1,0,2,MILLEDGEVILLE,January,9,Monday,1,37,Urban,Low Speed (Local),No,33.028625,-83.21670833,Non-Intersection,Dark - Not Lighted,Cloudy,1:00am-1:59am,37,1:00am-1:59am,45,2:00am-2:59am,0,1,Dark - Unlighted,Reduced Visibility,1,1,['Driver'],['None_Used'],0,0,Invalid,0.0,0.0,20.0,20.0,['Male'],2,0,2,4,3,Wet/Standing Water,Curve,Grade/Hillcrest,Lowest,No
10826,13,Georgia,130113,1,2,2,0,2,NOT APPLICABLE,January,9,Monday,9,0,Urban,High Speed (Arterial),Yes,33.96611944,-84.25491667,Non-Intersection,Daylight,Clear,9:00am-9:59am,5,9:00am-9:59am,13,9:00am-9:59am,40,1,Daylight,Clear,0,2,[],[],0,0,Valid,0.0,0.0,50.0,36.0,"['Male', 'Female']",0,0,3,4,5,Dry,Straight,Level,Lowest,No
10827,13,Georgia,130114,0,1,1,0,1,WARNER ROBINS,January,9,Monday,17,29,Urban,High Speed (Arterial),Yes,32.57735556,-83.66318333,Non-Intersection,Daylight,Clear,5:00pm-5:59pm,30,5:00pm-5:59pm,40,6:00pm-6:59pm,37,1,Daylight,Clear,1,0,['Driver'],['Shoulder_Lapbelt'],0,0,Valid,0.0,0.0,62.0,62.0,['Male'],0,0,2,4,3,Dry,Curve,Grade/Hillcrest,Lowest,No
10828,13,Georgia,130115,1,1,1,0,1,Not Reported,January,9,Monday,17,39,Rural,Medium Speed (Collector),No,31.52925278,-83.49953333,Non-Intersection,Daylight,Clear,5:00pm-5:59pm,40,5:00pm-5:59pm,42,6:00pm-6:59pm,44,1,Daylight,Clear,0,1,[],[],0,0,Valid,0.0,0.0,23.0,23.0,['Male'],0,0,3,3,4,Dry,Straight,Grade/Hillcrest,Lowest,No
10829,13,Georgia,130116,0,2,2,0,3,Not Reported,January,9,Monday,19,26,Urban,Medium Speed (Collector),No,31.83230556,-81.25474167,Non-Intersection,Dark - Not Lighted,Clear,7:00pm-7:59pm,18,7:00pm-7:59pm,28,8:00pm-8:59pm,23,1,Dark - Unlighted,Clear,1,2,['Driver'],['Shoulder_Lapbelt'],0,0,Valid,0.0,0.0,74.0,70.0,"['Female', 'Male']",0,0,3,4,5,Dry,Straight,Level,Lowest,No
10830,13,Georgia,130117,1,1,1,0,1,Not Reported,January,9,Monday,23,41,Urban,High Speed (Arterial),Yes,33.653425,-84.39586389,Non-Intersection,Dark - Lighted,Clear,Unknown,Unknown,Unknown EMS Scene Arrival Hour,Unknown EMS Scene Arrival Minutes,Not Applicable (Not Transported),Not Applicable (Not Transported),1,Dark - Lighted,Clear,0,1,[],[],0,0,Valid,0.0,0.0,20.0,20.0,['Female'],0,0,2,4,4,Dry,Straight,Level,Lowest,No
10831,13,Georgia,130118,0,2,2,0,2,ATLANTA,January,10,Tuesday,15,36,Urban,High Speed (Arterial),Yes,33.71548333,-84.34953889,Complex/Circle,Daylight,Clear,3:00pm-3:59pm,36,3:00pm-3:59pm,51,Not Applicable (Not Transported),Not Applicable (Not Transported),1,Daylight,Clear,1,1,['Driver'],['None_Used'],0,0,Invalid,0.0,0.0,41.0,27.0,"['Male', 'Male']",1,0,3,4,5,Dry,Straight,Grade/Hillcrest,Lowest,No
10832,13,Georgia,130119,1,1,1,0,1,HARTWELL,January,10,Tuesday,19,47,Urban,Low Speed (Local),No,34.35643611,-82.92211667,Non-Intersection,Dark - Not Lighted,Clear,7:00pm-7:59pm,39,7:00pm-7:59pm,43,9:00pm-9:59pm,8,1,Dark - Unlighted,Clear,0,1,[],[],0,0,Invalid,0.0,0.0,36.0,36.0,['Male'],0,0,3,2,4,Dry,Straight,Level,Lowest,No
10833,13,Georgia,130120,0,2,2,0,2,WINDER,January,11,Wednesday,3,56,Urban,Medium Speed (Collector),No,33.95601111,-83.76892222,Non-Intersection,Dark - Not Lighted,Clear,Unknown,Unknown,Unknown EMS Scene Arrival Hour,Unknown EMS Scene Arrival Minutes,Unknown,Unknown EMS Hospital Arrival Time,1,Dark - Unlighted,Clear,1,1,['Driver'],['None_Used'],1,1,Valid,0.0,0.0,45.0,19.0,"['Male', 'Male']",0,0,3,4,5,Dry,Straight,Grade/Hillcrest,Medium,No
10834,13,Georgia,130121,1,1,1,0,1,STATESBORO,January,11,Wednesday,7,9,Urban,Low Speed (Local),No,32.50334167,-81.76355278,Simple Junction,Daylight,Clear,7:00am-7:59am,11,7:00am-7:59am,19,7:00am-7:59am,40,1,Daylight,Clear,0,1,[],[],0,0,Valid,0.0,2.0,27.0,27.0,['Male'],0,0,2,4,4,Dry,Straight,Level,Lowest,No
10835,13,Georgia,130122,0,2,2,0,2,TIFTON,February,24,Friday,18,17,Rural,Medium Speed (Collector),No,31.35912222,-83.48601389,Complex/Circle,Daylight,Clear,6:00pm-6:59pm,17,6:00pm-6:59pm,25,6:00pm-6:59pm,50,1,Daylight,Clear,1,1,['Driver'],['Shoulder_Lapbelt'],0,0,Invalid,1.0,1.0,65.0,45.0,"['Female', 'Male']",0,0,3,4,5,Dry,Straight,Level,Lowest,No
10836,13,Georgia,130123,0,2,2,0,2,COLUMBUS,March,23,Thursday,22,24,Urban,High Speed (Arterial),Yes,32.55345278,-84.905375,Complex/Circle,Dark - Lighted,Clear,11:00pm-11:59pm,1,11:00pm-11:59pm,6,11:00pm-11:59pm,35,1,Dark - Lighted,Clear,1,1,['Driver'],['None_Used'],0,0,Valid,0.0,2.0,31.0,17.0,"['Male', 'Male']",0,0,5,4,5,Dry,Straight,Level,Lowest,No
10837,13,Georgia,130124,0,2,1,1,14,SANDY SPRINGS,March,26,Sunday,8,13,Urban,High Speed (Arterial),Yes,33.9099,-84.36448333,Non-Intersection,Daylight,Cloudy,8:00am-8:59am,13,8:00am-8:59am,18,Not Applicable (Not Transported),Not Applicable (Not Transported),1,Daylight,Reduced Visibility,1,13,['Driver'],['None_Used'],0,0,Valid,0.0,0.0,63.0,63.0,['Female'],0,0,3,4,5,Dry,Straight,Grade/Hillcrest,Lowest,No
10838,13,Georgia,130125,1,1,1,0,1,MORELAND,March,27,Monday,4,13,Rural,High Speed (Arterial),Yes,33.30894444,-84.78899167,Non-Intersection,Dark - Not Lighted,Rain,4:00am-4:59am,13,4:00am-4:59am,30,Not Applicable (Not Transported),Not Applicable (Not Transported),1,Dark - Unlighted,Rain/Wind/Minor,0,1,[],[],0,0,Valid,0.0,0.0,66.0,66.0,['Male'],0,0,4,2,4,Wet/Standing Water,Straight,Grade/Hillcrest,Lowest,No
10839,13,Georgia,130126,0,2,2,0,3,JONESBORO,January,21,Saturday,4,22,Urban,High Speed (Arterial),Yes,33.49675278,-84.34421667,Complex/Circle,Dark - Not Lighted,Clear,4:00am-4:59am,24,4:00am-4:59am,30,Unknown,Unknown EMS Hospital Arrival Time,1,Dark - Unlighted,Clear,1,2,['Front_Passenger'],['None_Used'],1,1,Valid,1.0,0.0,48.0,43.0,"['Male', 'Female']",0,0,3,4,5,Dry,Straight,Level,Lowest,No
10840,13,Georgia,130127,1,1,1,0,1,AUGUSTA,January,11,Wednesday,18,54,Urban,Medium Speed (Collector),No,33.45514722,-82.00740833,Simple Junction,Dark - Lighted,Clear,6:00pm-6:59pm,54,7:00pm-7:59pm,2,7:00pm-7:59pm,11,1,Dark - Lighted,Clear,0,1,[],[],0,0,Valid,0.0,0.0,60.0,60.0,['Male'],0,0,2,3,4,Dry,Straight,Level,Lowest,No
10841,13,Georgia,130128,0,1,1,0,1,AUGUSTA,January,21,Saturday,15,14,Urban,High Speed (Arterial),Yes,33.515775,-82.00431389,Non-Intersection,Daylight,Cloudy,Unknown,Unknown,Unknown EMS Scene Arrival Hour,Unknown EMS Scene Arrival Minutes,Not Applicable (Not Transported),Not Applicable (Not Transported),1,Daylight,Reduced Visibility,1,0,['Driver'],['None_Used'],0,0,Valid,0.0,0.0,22.0,22.0,['Male'],1,0,5,4,2,Dry,Curve,Level,Lowest,No
10842,13,Georgia,130129,1,1,1,0,1,KINGSLAND,January,21,Saturday,20,13,Urban,High Speed (Arterial),Yes,30.794,-81.65989722,Non-Intersection,Dark - Lighted,Clear,8:00pm-8:59pm,19,8:00pm-8:59pm,25,Not Applicable (Not Transported),Not Applicable (Not Transported),1,Dark - Lighted,Clear,0,1,[],[],0,0,Valid,0.0,3.0,61.0,61.0,['Male'],0,0,3,4,4,Wet/Standing Water,Straight,Level,Lowest,No
10843,13,Georgia,130130,0,2,2,0,7,TUCKER,January,21,Saturday,20,38,Urban,High Speed (Arterial),Yes,33.83550833,-84.20043611,Complex/Circle,Dark - Not Lighted,Rain,8:00pm-8:59pm,41,8:00pm-8:59pm,47,9:00pm-9:59pm,15,1,Dark - Unlighted,Rain/Wind/Minor,1,6,['Driver'],['Shoulder_Lapbelt'],1,1,Invalid,0.0,0.0,41.0,36.0,"['Male', 'Male']",0,0,3,4,5,Wet/Standing Water,Straight,Level,Lowest,No
10844,13,Georgia,130131,1,1,1,0,2,LITHONIA,January,12,Thursday,4,39,Urban,High Speed (Arterial),Yes,33.69948056,-84.08683333,Non-Intersection,Dark - Not Lighted,Rain,4:00am-4:59am,41,4:00am-4:59am,49,5:00am-5:59am,45,1,Dark - Unlighted,Rain/Wind/Minor,0,2,[],[],0,0,Valid,0.0,0.0,36.0,36.0,['Male'],0,0,3,3,4,Wet/Standing Water,Straight,Level,Lowest,No
10845,13,Georgia,130132,0,1,1,0,1,DOUGLAS,January,12,Thursday,16,35,Rural,Low Speed (Local),No,31.43054722,-82.81459167,Non-Intersection,Daylight,Clear,4:00pm-4:59pm,35,4:00pm-4:59pm,44,5:00pm-5:59pm,25,1,Daylight,Clear,1,0,['Driver'],['None_Used'],0,0,Valid,0.0,0.0,66.0,66.0,['Male'],1,0,3,4,3,Dry,Straight,Level,Lowest,No
10846,13,Georgia,130133,0,1,1,0,1,BUFORD,January,22,Sunday,0,7,Urban,Low Speed (Local),No,34.12716111,-84.00011667,Non-Intersection,Dark - Lighted,Rain,0:00am-0:59am,9,0:00am-0:59am,17,Not Applicable (Not Transported),Not Applicable (Not Transported),1,Dark - Lighted,Rain/Wind/Minor,1,0,['Driver'],['None_Used'],0,0,Valid,0.0,1.0,46.0,46.0,['Female'],0,0,2,4,4,Wet/Standing Water,Straight,Grade/Hillcrest,Lowest,No
10847,13,Georgia,130134,0,1,1,0,1,ATLANTA,January,22,Sunday,1,40,Urban,High Speed (Arterial),Yes,33.73452222,-84.32301111,Non-Intersection,Dark - Lighted,Rain,Unknown,Unknown,Unknown EMS Scene Arrival Hour,Unknown EMS Scene Arrival Minutes,Not Applicable (Not Transported),Not Applicable (Not Transported),1,Dark - Lighted,Rain/Wind/Minor,1,0,['Driver'],['None_Used'],1,1,Valid,1.0,0.0,30.0,30.0,['Female'],0,0,3,4,2,Wet/Standing Water,Curve,Level,Lowest,No
10848,13,Georgia,130135,0,1,1,0,1,DECATUR,January,13,Friday,2,43,Urban,Medium Speed (Collector),No,33.76109722,-84.29265556,Non-Intersection,Dark - Lighted,Cloudy,2:00am-2:59am,47,2:00am-2:59am,52,3:00am-3:59am,26,1,Dark - Lighted,Reduced Visibility,1,0,['Driver'],['None_Used'],1,1,Valid,1.0,0.0,32.0,32.0,['Male'],0,0,2,4,3,Dry,Curve,Level,Lowest,No
10849,13,Georgia,130136,0,1,1,0,2,ADEL,January,13,Friday,15,9,Urban,Medium Speed (Collector),No,31.10663611,-83.46872778,Non-Intersection,Daylight,Cloudy,3:00pm-3:59pm,8,3:00pm-3:59pm,13,4:00pm-4:59pm,3,1,Daylight,Reduced Visibility,1,1,['Front_Passenger'],['None_Used'],0,0,Valid,1.0,0.0,80.0,80.0,['Male'],0,0,3,4,3,Dry,Curve,Level,Medium,No
10850,13,Georgia,130137,1,1,1,0,2,LAWRENCEVILLE,January,13,Friday,21,55,Urban,Medium Speed (Collector),No,33.91601111,-84.02148889,Non-Intersection,Dark - Not Lighted,Clear,9:00pm-9:59pm,56,10:00pm-10:59pm,0,Not Applicable (Not Transported),Not Applicable (Not Transported),1,Dark - Unlighted,Clear,0,2,[],[],0,0,Valid,1.0,0.0,20.0,20.0,['Male'],0,0,2,3,4,Dry,Straight,Level,Lowest,No
10851,13,Georgia,130138,0,1,1,0,1,HIRAM,January,13,Friday,23,15,Urban,Low Speed (Local),No,33.83157778,-84.79879167,Non-Intersection,Dark - Not Lighted,Clear,11:00pm-11:59pm,13,11:00pm-11:59pm,22,Not Applicable (Not Transported),Not Applicable (Not Transported),1,Dark - Unlighted,Clear,1,0,['Driver'],['None_Used'],0,0,Invalid,0.0,0.0,26.0,26.0,['Male'],1,0,2,4,3,Dry,Straight,Grade/Hillcrest,Lowest,Yes
10852,13,Georgia,130139,0,1,1,0,1,JESUP,January,23,Monday,3,30,Urban,High Speed (Arterial),No,31.57618611,-81.88198889,Non-Intersection,Dark - Not Lighted,Cloudy,3:00am-3:59am,43,3:00am-3:59am,48,Not Applicable (Not Transported),Not Applicable (Not Transported),1,Dark - Unlighted,Reduced Visibility,1,0,['Driver'],['None_Used'],0,0,Valid,0.0,0.0,51.0,51.0,['Female'],1,0,2,4,2,Wet/Standing Water,Straight,Level,Lowest,No
10853,13,Georgia,130140,0,1,1,0,3,LA GRANGE,January,22,Sunday,6,17,Urban,High Speed (Arterial),Yes,33.06536389,-84.93871944,Non-Intersection,Dark - Not Lighted,Rain,6:00am-6:59am,22,6:00am-6:59am,38,Unknown,Unknown EMS Hospital Arrival Time,1,Dark - Unlighted,Rain/Wind/Minor,1,2,['Driver'],['Shoulder_Lapbelt'],0,0,Valid,0.0,0.0,35.0,35.0,['Female'],0,0,3,4,3,Wet/Standing Water,Straight,Grade/Hillcrest,Lowest,Yes
10854,13,Georgia,130141,0,1,1,0,3,BLUE RIDGE,January,14,Saturday,8,33,Rural,High Speed (Arterial),Yes,34.93529722,-84.37408333,Non-Intersection,Daylight,Cloudy,8:00am-8:59am,36,8:00am-8:59am,46,Not Applicable (Not Transported),Not Applicable (Not Transported),2,Daylight,Reduced Visibility,2,1,"['Rear_Seat', 'Front_Passenger']","['None_Used', 'None_Used']",0,0,Invalid,0.0,0.0,31.0,31.0,['Male'],3,0,3,4,3,Icy/Snowy,Straight,Level,Lowest,No
10855,13,Georgia,130142,0,2,2,0,3,MACON,February,27,Monday,9,59,Urban,Medium Speed (Collector),No,32.82292222,-83.68337778,Simple Junction,Daylight,Clear,10:00am-10:59am,0,10:00am-10:59am,7,10:00am-10:59am,29,1,Daylight,Clear,1,2,['Driver'],['None_Used'],0,0,Valid,0.0,0.0,56.0,23.0,"['Female', 'Male']",0,0,5,4,5,Dry,Straight,Level,Lowest,No
10856,13,Georgia,130143,0,1,1,0,2,DRY BRANCH,January,23,Monday,1,58,Rural,Medium Speed (Collector),No,32.50636667,-83.41568333,Non-Intersection,Dark - Not Lighted,Clear,Unknown,Unknown,Unknown EMS Scene Arrival Hour,Unknown EMS Scene Arrival Minutes,Unknown,Unknown EMS Hospital Arrival Time,1,Dark - Unlighted,Clear,1,1,['Front_Passenger'],['Shoulder_Lapbelt'],0,0,Valid,0.0,0.0,19.0,19.0,['Male'],0,0,2,4,3,Wet/Standing Water,Curve,Grade/Hillcrest,Lowest,No
10857,13,Georgia,130144,0,2,2,0,7,BAINBRIDGE,January,14,Saturday,15,0,Rural,Low Speed (Local),No,30.71329722,-84.66248611,Non-Intersection,Daylight,Clear,3:00pm-3:59pm,9,3:00pm-3:59pm,26,Unknown,Unknown EMS Hospital Arrival Time,2,Daylight,Clear,2,5,"['Driver', 'Front_Passenger']","['None_Used', 'Shoulder_Lapbelt']",1,1,Invalid,0.0,0.0,23.0,21.0,"['Male', 'Female']",0,0,3,4,5,Dry,Curve,Level,Lowest,No
10858,13,Georgia,130145,0,2,2,0,3,DECATUR,January,13,Friday,22,35,Urban,Medium Speed (Collector),No,33.737975,-84.25564722,Complex/Circle,Dark - Lighted,Clear,Unknown,Unknown,Unknown EMS Scene Arrival Hour,Unknown EMS Scene Arrival Minutes,Unknown,Unknown EMS Hospital Arrival Time,1,Dark - Lighted,Clear,1,2,['Front_Passenger'],['Shoulder_Lapbelt'],0,0,Valid,1.0,1.0,59.0,30.0,"['Male', 'Female']",0,0,2,4,5,Dry,Straight,Grade/Hillcrest,Lowest,No
10859,13,Georgia,130146,0,2,2,0,3,NOT APPLICABLE,February,1,Wednesday,12,8,Rural,High Speed (Arterial),Yes,33.96571111,-84.99414722,Simple Junction,Daylight,Cloudy,12:00pm-12:59pm,9,12:00pm-12:59pm,22,1:00pm-1:59pm,6,1,Daylight,Reduced Visibility,1,2,['Driver'],['Shoulder_Lapbelt'],0,0,Valid,1.0,2.0,32.0,30.0,"['Male', 'Male']",0,0,3,4,5,Wet/Standing Water,Straight,Grade/Hillcrest,Lowest,No
10860,13,Georgia,130147,0,2,2,0,4,TUCKER,February,21,Tuesday,3,42,Urban,High Speed (Arterial),Yes,33.85537222,-84.24671111,Non-Intersection,Dark - Not Lighted,Clear,3:00am-3:59am,45,4:00am-4:59am,0,4:00am-4:59am,44,2,Dark - Unlighted,Clear,2,2,"['Driver', 'Front_Passenger']","['Shoulder_Lapbelt', 'Shoulder_Lapbelt']",0,0,Valid,0.0,1.0,58.0,24.0,"['Female', 'Female']",0,0,3,4,5,Dry,Straight,Level,Lowest,No
10861,13,Georgia,130148,0,1,1,0,1,NOT APPLICABLE,March,5,Sunday,9,45,Rural,Medium Speed (Collector),No,33.50497778,-84.76609722,Non-Intersection,Daylight,Clear,9:00am-9:59am,51,9:00am-9:59am,54,11:00am-11:59am,6,1,Daylight,Clear,1,0,['Driver'],['None_Used'],0,0,Valid,0.0,0.0,54.0,54.0,['Male'],0,0,5,4,3,Dry,Straight,Level,Lowest,No
10862,13,Georgia,130149,0,3,3,0,3,WEST POINT,March,17,Friday,14,24,Rural,Medium Speed (Collector),No,32.82789722,-85.03507778,Non-Intersection,Daylight,Rain,2:00pm-2:59pm,20,2:00pm-2:59pm,25,Unknown,Unknown EMS Hospital Arrival Time,1,Daylight,Rain/Wind/Minor,1,2,['Driver'],['None_Used'],0,0,Invalid,0.0,0.0,67.0,23.0,"['Male', 'Female', 'Male']",0,0,2,4,5,Wet/Standing Water,Curve,Grade/Hillcrest,Lowest,No
10863,13,Georgia,130150,0,2,2,0,2,DOUGLASVILLE,January,23,Monday,6,3,Urban,High Speed (Arterial),Yes,33.74734444,-84.71942222,Non-Intersection,Dark - Not Lighted,Cloudy,6:00am-6:59am,3,6:00am-6:59am,7,6:00am-6:59am,27,1,Dark - Unlighted,Reduced Visibility,1,1,['Driver'],['Shoulder_Lapbelt'],0,0,Valid,0.0,1.0,58.0,34.0,"['Female', 'Female']",0,0,3,4,5,Wet/Standing Water,Straight,Grade/Hillcrest,Lowest,No
10864,13,Georgia,130151,0,2,2,0,2,ATLANTA,March,19,Sunday,2,36,Urban,High Speed (Arterial),Yes,33.79585833,-84.39234722,Non-Intersection,Dark - Lighted,Clear,Unknown,Unknown,Unknown EMS Scene Arrival Hour,Unknown EMS Scene Arrival Minutes,Not Applicable (Not Transported),Not Applicable (Not Transported),1,Dark - Lighted,Clear,1,1,['Driver'],['None_Used'],0,0,Valid,1.0,1.0,28.0,27.0,"['Male', 'Male']",0,0,3,4,5,Dry,Curve,Grade/Hillcrest,Lowest,No