,State_Code,State_Name,Crash_ID,Count_Non_Motorists,Count_Vehicles_Total,Count_Vehicle_Forms,Count_PVH_Involved,Count_Occupants_MV,City_Name,Month_Name,Day_of_Month,Day_of_Week,Crash_Hour,Crash_Minute,Area_Rural_Urban,Road_Functional_Class,On_NHS_Road,Latitude,Longitude,Intersection_Type,Light_Condition,Weather_Condition,Notif_Hour,Notif_Minute,Arrival_Hour,Arrival_Minute,Hospital_Hour,Hospital_Minute,Fatalities_Count,Clean_Light_Condition,Clean_Weather_Condition,Total_Killed,Total_Alive,Fatal_Seats_List,Killed_Restraint_List,Any_Driver_Drinking,Total_Drinking_Drivers,Driver_License_Category,Driver_Max_Prev_Accident_Count,Driver_Max_Prev_Speeding_Count,Max_Driver_Age,Min_Driver_Age,Driver_Sex_List,Total_Exceeding_Limit_Vehicles,Total_Too_Fast_Vehicles,Max_Vehicle_Type_Severity_5,Max_Vehicle_Damage_Rank,Max_Harmful_Event_Severity,Crash_Road_Surface_Condition,Crash_Horizontal_Alignment,Crash_Vertical_Profile,Crash_Impairment_Category,Crash_Vehicle_Defect
10865,13,Georgia,130152,1,1,1,0,1,DALTON,March,24,Friday,22,15,Urban,High Speed (Arterial),No,34.76131667,-84.95310278,Non-Intersection,Dark - Lighted,Clear,10:00pm-10:59pm,15,10:00pm-10:59pm,17,Not Applicable (Not Transported),Not Applicable (Not Transported),1,Dark - Lighted,Clear,0,1,[],[],0,0,Valid,0.0,0.0,50.0,50.0,['Male'],0,0,3,3,4,Dry,Straight,Level,Lowest,No
10866,13,Georgia,130153,1,1,1,0,1,NOT APPLICABLE,March,25,Saturday,11,54,Rural,High Speed (Arterial),Yes,31.67929722,-81.39161667,Non-Intersection,Daylight,Clear,11:00am-11:59am,56,12:00pm-12:59pm,8,Not Applicable (Not Transported),Not Applicable (Not Transported),1,Daylight,Clear,0,1,[],[],0,0,Valid,0.0,0.0,60.0,60.0,['Male'],0,0,4,3,4,Dry,Straight,Level,Lowest,No
10867,13,Georgia,130154,0,2,2,0,2,CUMMING,March,25,Saturday,15,20,Urban,High Speed (Arterial),Yes,34.21729167,-84.1512,Simple Junction,Daylight,Cloudy,3:00pm-3:59pm,26,3:00pm-3:59pm,27,4:00pm-4:59pm,0,1,Daylight,Reduced Visibility,1,1,['Driver'],['None_Used'],0,0,Valid,0.0,0.0,66.0,59.0,"['Female', 'Male']",0,0,5,4,5,Dry,Straight,Level,Lowest,No
10868,13,Georgia,130155,0,1,1,0,1,CALHOUN,January,23,Monday,11,30,Urban,Medium Speed (Collector),No,34.50288611,-84.89002222,Non-Intersection,Daylight,Cloudy,11:00am-11:59am,35,11:00am-11:59am,43,11:00am-11:59am,51,1,Daylight,Reduced Visibility,1,0,['Driver'],['None_Used'],0,0,Valid,1.0,0.0,58.0,58.0,['Female'],1,0,3,4,3,Dry,Curve,Grade/Hillcrest,Lowest,No
10869,13,Georgia,130156,0,1,1,0,1,PEACHTREE CITY,January,14,Saturday,18,57,Urban,Medium Speed (Collector),No,33.38610833,-84.49714444,Non-Intersection,Dark - Not Lighted,Clear,Unknown,Unknown,Unknown EMS Scene Arrival Hour,Unknown if Arrived,Not Applicable (Not Transported),Not Applicable (Not Transported),1,Dark - Unlighted,Clear,1,0,['Driver'],['None_Used'],0,0,Valid,0.0,0.0,43.0,43.0,['Male'],1,0,2,4,3,Dry,Curve,Grade/Hillcrest,Lowest,No
10870,13,Georgia,130158,0,1,1,0,1,YOUNG HARRIS,January,15,Sunday,0,51,Rural,High Speed (Arterial),Yes,34.91791667,-83.85733056,Non-Intersection,Dark - Lighted,Clear,0:00am-0:59am,51,1:00am-1:59am,0,Not Applicable (Not Transported),Not Applicable (Not Transported),1,Dark - Lighted,Clear,1,0,['Driver'],['None_Used'],0,0,Valid,1.0,1.0,27.0,27.0,['Male'],1,0,2,4,3,Dry,Curve,Level,Lowest,No
10871,13,Georgia,130159,0,2,1,1,4,ATHENS,January,15,Sunday,2,45,Urban,Medium Speed (Collector),No,33.93299722,-83.34961667,Simple Junction,Dark - Lighted,Clear,2:00am-2:59am,48,2:00am-2:59am,54,3:00am-3:59am,28,2,Dark - Lighted,Clear,2,2,"['Driver', 'Rear_Seat']","['Shoulder_Lapbelt', 'None_Used']",1,1,Valid,0.0,2.0,24.0,24.0,['Female'],4,0,3,4,3,Dry,Curve,Grade/Hillcrest,Lowest,No
10872,13,Georgia,130160,0,1,1,0,1,NEWNAN,January,23,Monday,15,51,Urban,Medium Speed (Collector),No,33.43515,-84.77555833,Non-Intersection,Daylight,Clear,3:00pm-3:59pm,56,4:00pm-4:59pm,1,4:00pm-4:59pm,30,1,Daylight,Clear,1,0,['Driver'],['None_Used'],0,0,Valid,0.0,0.0,60.0,60.0,['Male'],0,0,1,4,3,Dry,Straight,Level,Lowest,No
10873,13,Georgia,130161,0,1,1,0,2,CARROLLTON,March,24,Friday,18,28,Rural,Medium Speed (Collector),No,33.49738889,-85.129725,Non-Intersection,Daylight,Clear,6:00pm-6:59pm,36,6:00pm-6:59pm,48,6:00pm-6:59pm,50,1,Daylight,Clear,1,1,['Driver'],['None_Used'],0,0,Valid,2.0,0.0,31.0,31.0,['Male'],2,0,5,1,3,Dry,Curve,Grade/Hillcrest,Lowest,No
10874,13,Georgia,130162,0,2,2,0,3,LINCOLNTON,March,26,Sunday,16,51,Rural,Medium Speed (Collector),No,33.74960833,-82.39175278,Complex/Circle,Daylight,Cloudy,4:00pm-4:59pm,52,5:00pm-5:59pm,4,6:00pm-6:59pm,4,1,Daylight,Reduced Visibility,1,2,['Driver'],['None_Used'],0,0,Invalid,1.0,0.0,37.0,22.0,"['Male', 'Female']",0,0,5,4,5,Wet/Standing Water,Straight,Grade/Hillcrest,Lowest,No
10875,13,Georgia,130163,0,2,2,0,3,WAYNESBORO,March,26,Sunday,17,11,Urban,High Speed (Arterial),Yes,33.11718333,-82.03136944,Complex/Circle,Daylight,Clear,5:00pm-5:59pm,11,5:00pm-5:59pm,13,5:00pm-5:59pm,35,1,Daylight,Clear,1,2,['Driver'],['Shoulder_Lapbelt'],0,0,Valid,1.0,0.0,75.0,36.0,"['Male', 'Male']",0,0,3,4,5,Dry,Straight,Level,Lowest,No
10876,13,Georgia,130164,1,1,1,0,1,DORAVILLE,March,27,Monday,4,31,Urban,Medium Speed (Collector),No,33.90221111,-84.24160556,Non-Intersection,Dark - Not Lighted,Rain,4:00am-4:59am,33,4:00am-4:59am,43,5:00am-5:59am,13,1,Dark - Unlighted,Rain/Wind/Minor,0,1,[],[],0,0,Valid,0.0,0.0,26.0,26.0,['Male'],0,0,4,2,4,Wet/Standing Water,Straight,Level,Lowest,No
10877,13,Georgia,130165,0,2,2,0,4,LA GRANGE,January,23,Monday,16,50,Urban,High Speed (Arterial),Yes,33.03900278,-85.02469444,Simple Junction,Daylight,Clear,4:00pm-4:59pm,51,4:00pm-4:59pm,53,4:00pm-4:59pm,59,1,Daylight,Clear,1,3,['Driver'],['Shoulder_Lapbelt'],0,0,Valid,0.0,0.0,62.0,40.0,"['Female', 'Male']",0,0,2,4,5,Dry,Straight,Level,Lowest,No
10878,13,Georgia,130166,0,2,2,0,3,ACWORTH,March,27,Monday,21,29,Urban,High Speed (Arterial),Yes,34.03510556,-84.67978333,Complex/Circle,Dark - Not Lighted,Cloudy,9:00pm-9:59pm,32,9:00pm-9:59pm,40,10:00pm-10:59pm,9,2,Dark - Unlighted,Reduced Visibility,2,1,"['Driver', 'Front_Passenger']","['None_Used', 'Shoulder_Lapbelt']",0,0,Valid,0.0,0.0,20.0,20.0,"['Male', 'Female']",1,0,5,4,5,Dry,Straight,Grade/Hillcrest,Lowest,No
10879,13,Georgia,130167,1,1,1,0,1,ATLANTA,January,16,Monday,2,1,Urban,High Speed (Arterial),Yes,33.76623889,-84.38728611,Non-Intersection,Dark - Lighted,Clear,Unknown,Unknown if Notified,Unknown EMS Scene Arrival Hour,Unknown if Arrived,Not Applicable (Not Transported),Not Applicable (Not Transported),1,Dark - Lighted,Clear,0,1,[],[],0,0,Invalid,0.0,0.0,999.0,999.0,['Other'],0,0,2,2,4,Dry,Curve,Grade/Hillcrest,Lowest,No
10880,13,Georgia,130168,0,2,2,0,3,ROSSVILLE,January,23,Monday,16,18,Urban,Medium Speed (Collector),No,34.90345,-85.31627778,Simple Junction,Daylight,Clear,4:00pm-4:59pm,18,4:00pm-4:59pm,28,5:00pm-5:59pm,28,1,Daylight,Clear,1,2,['Driver'],['None_Used'],0,0,Valid,0.0,1.0,79.0,44.0,"['Male', 'Male']",0,0,5,4,5,Dry,Straight,Grade/Hillcrest,Lowest,No
10881,13,Georgia,130169,0,1,1,0,6,POOLER,January,16,Monday,8,40,Rural,High Speed (Arterial),Yes,32.02583889,-81.27029722,Non-Intersection,Daylight,Clear,8:00am-8:59am,43,9:00am-9:59am,4,Unknown,Unknown EMS Hospital Arrival Time,1,Daylight,Clear,1,5,['Driver'],['None_Used'],0,0,Invalid,0.0,0.0,45.0,45.0,['Female'],0,0,2,4,3,Dry,Straight,Level,Lowest,No
10882,13,Georgia,130171,0,1,1,0,1,CLARKESVILLE,January,16,Monday,19,55,Rural,Medium Speed (Collector),No,34.62603056,-83.58231389,Non-Intersection,Dark - Not Lighted,Cloudy,8:00pm-8:59pm,3,8:00pm-8:59pm,9,Not Applicable (Not Transported),Not Applicable (Not Transported),1,Dark - Unlighted,Reduced Visibility,1,0,['Driver'],['None_Used'],1,1,Valid,0.0,0.0,37.0,37.0,['Male'],0,0,3,4,3,Dry,Curve,Grade/Hillcrest,Lowest,No
10883,13,Georgia,130172,0,1,1,0,1,PEARSON,January,17,Tuesday,6,40,Rural,Low Speed (Local),No,31.35625833,-82.902975,Non-Intersection,Dawn,Clear,7:00am-7:59am,12,7:00am-7:59am,18,Not Applicable (Not Transported),Not Applicable (Not Transported),1,Twilight,Clear,1,0,['Driver'],['None_Used'],0,0,Valid,0.0,0.0,84.0,84.0,['Male'],0,0,2,4,3,Dry,Straight,Level,Lowest,No
10884,13,Georgia,130173,0,2,2,0,2,WARNER ROBINS,January,17,Tuesday,18,37,Urban,High Speed (Arterial),Yes,32.66204722,-83.61916944,Non-Intersection,Dusk,Clear,7:00pm-7:59pm,8,7:00pm-7:59pm,12,7:00pm-7:59pm,21,1,Twilight,Clear,1,1,['Driver'],['None_Used'],0,0,Valid,0.0,1.0,38.0,34.0,"['Male', 'Female']",0,0,3,4,5,Dry,Straight,Level,Lowest,No
10885,13,Georgia,130174,0,1,1,0,2,CALHOUN,January,25,Wednesday,3,50,Urban,High Speed (Arterial),Yes,34.55298889,-84.93216389,Non-Intersection,Dark - Not Lighted,Rain,3:00am-3:59am,50,4:00am-4:59am,2,4:00am-4:59am,31,1,Dark - Unlighted,Rain/Wind/Minor,1,1,['Driver'],['None_Used'],0,0,Valid,0.0,0.0,28.0,28.0,['Female'],0,0,2,4,2,Wet/Standing Water,Straight,Level,Lowest,No
10886,13,Georgia,130175,0,1,1,0,1,LITHONIA,January,30,Monday,2,10,Urban,Medium Speed (Collector),No,33.71663333,-84.13675833,Non-Intersection,Dark - Lighted,Rain,2:00am-2:59am,13,2:00am-2:59am,19,Not Applicable (Not Transported),Not Applicable (Not Transported),1,Dark - Lighted,Rain/Wind/Minor,1,0,['Driver'],['None_Used'],0,0,Invalid,0.0,0.0,21.0,21.0,['Male'],1,0,3,4,3,Wet/Standing Water,Straight,Level,Lowest,No
10887,13,Georgia,130176,0,1,1,0,1,CUMMING,March,27,Monday,22,23,Urban,Low Speed (Local),No,34.17138333,-84.13289444,Non-Intersection,Dark - Not Lighted,Clear,10:00pm-10:59pm,25,10:00pm-10:59pm,29,Not Applicable (Not Transported),Not Applicable (Not Transported),1,Dark - Unlighted,Clear,1,0,['Driver'],['None_Used'],0,0,Valid,0.0,0.0,16.0,16.0,['Female'],0,0,2,4,3,Dry,Curve,Grade/Hillcrest,Medium,No
10888,13,Georgia,130177,0,3,1,2,1,MACON,January,25,Wednesday,0,56,Urban,Medium Speed (Collector),No,32.82814722,-83.70936944,Non-Intersection,Dark - Not Lighted,Clear,0:00am-0:59am,49,1:00am-1:59am,1,Not Applicable (Not Transported),Not Applicable (Not Transported),1,Dark - Unlighted,Clear,1,0,['Driver'],['None_Used'],0,0,Valid,0.0,0.0,26.0,26.0,['Male'],0,0,2,4,5,Dry,Straight,Level,Lowest,No
10889,13,Georgia,130178,1,1,1,0,1,DORAVILLE,January,17,Tuesday,20,24,Urban,Medium Speed (Collector),No,33.91793611,-84.26681111,Non-Intersection,Dark - Not Lighted,"Fog, Smog, Smoke",8:00pm-8:59pm,26,8:00pm-8:59pm,36,Not Applicable (Not Transported),Not Applicable (Not Transported),1,Dark - Unlighted,Reduced Visibility,0,1,[],[],0,0,Valid,0.0,0.0,27.0,27.0,['Male'],0,0,2,4,4,Wet/Standing Water,Curve,Grade/Hillcrest,Lowest,No
10890,13,Georgia,130179,1,1,1,0,1,BYRON,January,17,Tuesday,21,40,Urban,High Speed (Arterial),Yes,32.68598611,-83.740425,Non-Intersection,Dark - Not Lighted,Clear,9:00pm-9:59pm,42,9:00pm-9:59pm,47,Not Applicable (Not Transported),Not Applicable (Not Transported),1,Dark - Unlighted,Clear,0,1,[],[],0,0,Invalid,0.0,0.0,32.0,32.0,['Male'],0,0,3,4,4,Dry,Straight,Grade/Hillcrest,Lowest,No
10891,13,Georgia,130180,0,2,2,0,2,LA GRANGE,January,18,Wednesday,0,30,Rural,High Speed (Arterial),Yes,33.16693611,-85.03883333,Non-Intersection,Dark - Not Lighted,"Fog, Smog, Smoke",0:00am-0:59am,31,0:00am-0:59am,57,Unknown,Unknown EMS Hospital Arrival Time,1,Dark - Unlighted,Reduced Visibility,1,1,['Driver'],['Shoulder_Lapbelt'],1,1,Valid,0.0,0.0,63.0,28.0,"['Female', 'Male']",0,0,4,4,5,Wet/Standing Water,Straight,Grade/Hillcrest,Lowest,No
10892,13,Georgia,130181,0,1,1,0,1,CAIRO,January,18,Wednesday,6,45,Rural,Low Speed (Local),No,30.952275,-84.26510556,Non-Intersection,Dark - Not Lighted,"Fog, Smog, Smoke",6:00am-6:59am,47,6:00am-6:59am,56,Not Applicable (Not Transported),Not Applicable (Not Transported),1,Dark - Unlighted,Reduced Visibility,1,0,['Driver'],['Shoulder_Lapbelt'],0,0,Valid,0.0,0.0,85.0,85.0,['Female'],0,0,3,4,3,Wet/Standing Water,Curve,Grade/Hillcrest,Lowest,No
10893,13,Georgia,130182,0,2,2,0,2,SAVANNAH,January,18,Wednesday,18,25,Urban,High Speed (Arterial),Yes,31.98058889,-81.28690833,Simple Junction,Dark - Lighted,Clear,6:00pm-6:59pm,27,6:00pm-6:59pm,47,Not Applicable (Not Transported),Not Applicable (Not Transported),1,Dark - Lighted,Clear,1,1,['Driver'],['Shoulder_Lapbelt'],1,1,Valid,0.0,0.0,37.0,32.0,"['Male', 'Male']",0,0,4,4,5,Dry,Straight,Level,Lowest,No
10894,13,Georgia,130183,1,1,1,0,1,Other,January,18,Wednesday,21,0,Urban,High Speed (Arterial),Yes,34.08844167,-84.58762778,Non-Intersection,Dark - Lighted,Cloudy,9:00pm-9:59pm,1,9:00pm-9:59pm,5,9:00pm-9:59pm,32,1,Dark - Lighted,Reduced Visibility,0,1,[],[],0,0,Valid,0.0,0.0,54.0,54.0,['Female'],0,0,2,3,4,Wet/Standing Water,Straight,Grade/Hillcrest,Lowest,No
10895,13,Georgia,130184,0,2,2,0,2,CHAMBLEE,January,18,Wednesday,21,12,Urban,High Speed (Arterial),Yes,33.88378333,-84.289275,Simple Junction,Dark - Not Lighted,Rain,Unknown,Unknown,Unknown EMS Scene Arrival Hour,Unknown if Arrived,Not Applicable (Not Transported),Not Applicable (Not Transported),1,Dark - Unlighted,Rain/Wind/Minor,1,1,['Driver'],['None_Used'],1,1,Valid,0.0,0.0,66.0,34.0,"['Male', 'Male']",1,0,5,4,5,Wet/Standing Water,Straight,Level,Lowest,No
10896,13,Georgia,130185,0,3,3,0,5,Other,January,18,Wednesday,22,4,Urban,Low Speed (Local),No,33.71356944,-84.14651944,Simple Junction,Dark - Not Lighted,Clear,Unknown,Unknown,Unknown EMS Scene Arrival Hour,Unknown EMS Scene Arrival Minutes,Unknown,Unknown EMS Hospital Arrival Time,1,Dark - Unlighted,Clear,1,4,['Front_Passenger'],['Shoulder_Lapbelt'],0,0,Valid,2.0,1.0,46.0,22.0,"['Male', 'Female', 'Female']",2,0,3,4,5,Wet/Standing Water,Straight,Level,Lowest,No
10897,13,Georgia,130186,0,2,2,0,3,OHOOPEE,January,19,Thursday,12,27,Rural,Medium Speed (Collector),No,32.19085,-82.22077222,Complex/Circle,Daylight,Cloudy,12:00pm-12:59pm,31,12:00pm-12:59pm,41,1:00pm-1:59pm,32,1,Daylight,Reduced Visibility,1,2,['Front_Passenger'],['Shoulder_Lapbelt'],0,0,Valid,0.0,0.0,76.0,54.0,"['Male', 'Male']",0,0,3,4,5,Wet/Standing Water,Straight,Level,Lowest,No
10898,13,Georgia,130187,1,1,1,0,1,ROME,January,19,Thursday,14,40,Urban,Medium Speed (Collector),No,34.25452778,-85.17616667,Non-Intersection,Daylight,Clear,2:00pm-2:59pm,40,2:00pm-2:59pm,55,2:00pm-2:59pm,56,1,Daylight,Clear,0,1,[],[],0,0,Valid,0.0,0.0,66.0,66.0,['Male'],0,0,3,4,4,Dry,Straight,Grade/Hillcrest,Medium,No
10899,13,Georgia,130188,0,2,2,0,3,GARDEN CITY,January,19,Thursday,22,58,Urban,High Speed (Arterial),Yes,32.03743611,-81.21498056,Complex/Circle,Dark - Not Lighted,Clear,11:00pm-11:59pm,1,11:00pm-11:59pm,10,11:00pm-11:59pm,38,2,Dark - Unlighted,Clear,2,1,"['Driver', 'Front_Passenger']","['None_Used', 'Shoulder_Lapbelt']",1,1,Valid,3.0,1.0,43.0,24.0,"['Male', 'Male']",2,0,3,4,5,Dry,Curve,Level,Lowest,No
10900,13,Georgia,130189,1,1,1,0,1,ATLANTA,January,19,Thursday,23,10,Urban,High Speed (Arterial),Yes,33.75838889,-84.37896944,Non-Intersection,Dark - Lighted,Clear,11:00pm-11:59pm,11,11:00pm-11:59pm,13,Not Applicable (Not Transported),Not Applicable (Not Transported),1,Dark - Lighted,Clear,0,1,[],[],0,0,Valid,0.0,0.0,42.0,42.0,['Male'],0,0,1,4,4,Dry,Curve,Level,Lowest,No
10901,13,Georgia,130190,0,1,1,0,2,FAYETTEVILLE,January,19,Thursday,23,19,Urban,Medium Speed (Collector),No,33.40802222,-84.46494722,Complex/Circle,Dark - Not Lighted,Clear,Unknown,Unknown,Unknown EMS Scene Arrival Hour,Unknown if Arrived,Not Applicable (Not Transported),Not Applicable (Not Transported),2,Dark - Unlighted,Clear,2,0,"['Driver', 'Front_Passenger']","['Shoulder_Lapbelt', 'Shoulder_Lapbelt']",0,0,Invalid,2.0,4.0,24.0,24.0,['Male'],2,0,2,4,3,Dry,Straight,Grade/Hillcrest,Lowest,No
10902,13,Georgia,130191,0,1,1,0,2,SUMMERVILLE,January,20,Friday,15,11,Urban,Low Speed (Local),No,34.51428889,-85.35322778,Non-Intersection,Daylight,Clear,3:00pm-3:59pm,12,3:00pm-3:59pm,19,Unknown,Unknown EMS Hospital Arrival Time,1,Daylight,Clear,1,1,['Front_Passenger'],['Shoulder_Lapbelt'],1,1,Invalid,0.0,0.0,29.0,29.0,['Male'],0,0,3,4,3,Dry,Straight,Grade/Hillcrest,Lowest,No
10903,13,Georgia,130192,0,1,1,0,1,GAINESVILLE,January,20,Friday,18,21,Urban,Low Speed (Local),No,34.33058889,-83.90634722,Simple Junction,Dusk,Clear,Unknown,Unknown,Unknown EMS Scene Arrival Hour,Unknown EMS Scene Arrival Minutes,Not Applicable (Not Transported),Not Applicable (Not Transported),1,Twilight,Clear,1,0,['Driver'],['Shoulder_Lapbelt'],1,1,Invalid,2.0,1.0,46.0,46.0,['Female'],0,0,2,4,3,Dry,Curve,Grade/Hillcrest,Lowest,No
10904,13,Georgia,130193,1,1,1,0,1,MACON,January,20,Friday,19,18,Urban,Medium Speed (Collector),No,32.81848056,-83.66279444,Simple Junction,Dark - Lighted,Clear,Unknown,Unknown,Unknown EMS Scene Arrival Hour,Unknown EMS Scene Arrival Minutes,Unknown,Unknown EMS Hospital Arrival Time,1,Dark - Lighted,Clear,0,1,[],[],0,0,Valid,0.0,0.0,46.0,46.0,['Male'],0,0,2,2,4,Dry,Straight,Level,Lowest,No
10905,13,Georgia,130194,1,1,1,0,1,NORWOOD,January,25,Wednesday,7,12,Urban,High Speed (Arterial),Yes,33.50098611,-82.7073,Non-Intersection,Dark - Not Lighted,Rain,7:00am-7:59am,13,7:00am-7:59am,32,Not Applicable (Not Transported),Not Applicable (Not Transported),1,Dark - Unlighted,Rain/Wind/Minor,0,1,[],[],0,0,Valid,0.0,0.0,42.0,42.0,['Male'],0,0,4,3,4,Wet/Standing Water,Straight,Level,Lowest,No
10906,13,Georgia,130195,0,1,1,0,1,ATLANTA,January,25,Wednesday,10,20,Urban,High Speed (Arterial),Yes,33.83400278,-84.3103,Complex/Circle,Daylight,Cloudy,10:00am-10:59am,27,10:00am-10:59am,39,10:00am-10:59am,53,1,Daylight,Reduced Visibility,1,0,['Driver'],['Shoulder_Lapbelt'],0,0,Valid,0.0,1.0,80.0,80.0,['Male'],0,0,2,4,3,Wet/Standing Water,Curve,Grade/Hillcrest,Lowest,No
10907,13,Georgia,130196,0,3,3,0,3,SPRINGFIELD,January,24,Tuesday,17,15,Rural,Medium Speed (Collector),No,32.36933889,-81.24117222,Non-Intersection,Daylight,Clear,5:00pm-5:59pm,17,5:00pm-5:59pm,23,Not Applicable (Not Transported),Not Applicable (Not Transported),1,Daylight,Clear,1,2,['Driver'],['None_Used'],0,0,Invalid,0.0,0.0,62.0,49.0,"['Male', 'Male', 'Male']",0,0,3,4,5,Dry,Straight,Grade/Hillcrest,Lowest,No
10908,13,Georgia,130197,0,2,2,0,2,COLUMBUS,March,15,Wednesday,19,58,Urban,Low Speed (Local),No,32.44337222,-84.95386111,Complex/Circle,Daylight,Clear,7:00pm-7:59pm,58,8:00pm-8:59pm,2,8:00pm-8:59pm,18,1,Daylight,Clear,1,1,['Driver'],['None_Used'],0,0,Invalid,0.0,0.0,68.0,51.0,"['Female', 'Male']",0,0,5,2,5,Dry,Straight,Level,Lowest,No
10909,13,Georgia,130198,0,2,2,0,2,TOCCOA,March,26,Sunday,19,38,Rural,Medium Speed (Collector),No,34.48470556,-83.33896111,Non-Intersection,Daylight,Cloudy,7:00pm-7:59pm,38,7:00pm-7:59pm,39,8:00pm-8:59pm,0,1,Daylight,Reduced Visibility,1,1,['Driver'],['None_Used'],0,0,Valid,0.0,0.0,77.0,44.0,"['Female', 'Male']",0,0,5,4,5,Dry,Straight,Level,Lowest,No
10910,13,Georgia,130199,0,2,2,0,2,THOMASVILLE,March,28,Tuesday,16,15,Urban,High Speed (Arterial),Yes,30.82568056,-83.90331667,Complex/Circle,Daylight,Rain,4:00pm-4:59pm,17,4:00pm-4:59pm,23,5:00pm-5:59pm,3,1,Daylight,Rain/Wind/Minor,1,1,['Driver'],['Shoulder_Lapbelt'],0,0,Valid,0.0,1.0,70.0,26.0,"['Male', 'Female']",0,0,2,4,5,Wet/Standing Water,Straight,Grade/Hillcrest,Lowest,No
10911,13,Georgia,130200,0,1,1,0,2,SPARKS,March,28,Tuesday,22,10,Rural,Low Speed (Local),No,31.18633611,-83.40688889,Non-Intersection,Dark - Not Lighted,Cloudy,10:00pm-10:59pm,27,10:00pm-10:59pm,50,11:00pm-11:59pm,10,1,Dark - Unlighted,Reduced Visibility,1,1,['Front_Passenger'],['None_Used'],0,0,Valid,0.0,0.0,20.0,20.0,['Female'],0,0,5,2,3,Wet/Standing Water,Straight,Level,Lowest,No
10912,13,Georgia,130201,0,1,1,0,1,SUMMERVILLE,March,29,Wednesday,4,2,Rural,Medium Speed (Collector),No,34.56997778,-85.15604722,Non-Intersection,Dark - Not Lighted,Clear,4:00am-4:59am,0,4:00am-4:59am,15,Not Applicable (Not Transported),Not Applicable (Not Transported),1,Dark - Unlighted,Clear,1,0,['Driver'],['None_Used'],0,0,Valid,0.0,1.0,45.0,45.0,['Male'],0,0,3,4,3,Dry,Curve,Level,Lowest,No
10913,13,Georgia,130202,0,2,2,0,2,NICHOLSON,March,29,Wednesday,18,26,Rural,High Speed (Arterial),Yes,34.05478611,-83.40981111,Simple Junction,Daylight,Clear,6:00pm-6:59pm,31,6:00pm-6:59pm,33,Not Applicable (Not Transported),Not Applicable (Not Transported),1,Daylight,Clear,1,1,['Driver'],['None_Used'],0,0,Valid,0.0,0.0,51.0,40.0,"['Male', 'Female']",1,0,5,4,5,Dry,Curve,Grade/Hillcrest,Lowest,No
10914,13,Georgia,130203,0,1,1,0,1,SNELLVILLE,March,31,Friday,12,36,Urban,Medium Speed (Collector),No,33.87039444,-84.03803611,Non-Intersection,Daylight,Clear,12:00pm-12:59pm,34,12:00pm-12:59pm,43,Not Applicable (Not Transported),Not Applicable (Not Transported),1,Daylight,Clear,1,0,['Driver'],['None_Used'],1,1,Valid,0.0,2.0,33.0,33.0,['Female'],0,0,3,4,2,Dry,Curve,Level,Lowest,No
10915,13,Georgia,130204,0,1,1,0,1,HULL,March,31,Friday,14,2,Rural,Medium Speed (Collector),No,34.09491111,-83.312125,Non-Intersection,Daylight,Cloudy,2:00pm-2:59pm,1,2:00pm-2:59pm,6,Not Applicable (Not Transported),Not Applicable (Not Transported),1,Daylight,Reduced Visibility,1,0,['Driver'],['Shoulder_Lapbelt'],0,0,Valid,1.0,0.0,78.0,78.0,['Male'],0,0,3,4,3,Dry,Straight,Grade/Hillcrest,Lowest,No
10916,13,Georgia,130205,0,2,2,0,6,Not Reported,April,1,Saturday,6,23,Rural,High Speed (Arterial),Yes,34.86073611,-84.00443056,Complex/Circle,Dark - Not Lighted,Rain,6:00am-6:59am,26,6:00am-6:59am,34,8:00am-8:59am,2,2,Dark - Unlighted,Rain/Wind/Minor,2,4,"['Driver', 'Front_Passenger']","['Shoulder_Lapbelt', 'None_Used']",0,0,Valid,0.0,0.0,46.0,46.0,"['Female', 'Male']",0,0,3,4,5,Wet/Standing Water,Straight,Level,Lowest,No
10917,13,Georgia,130206,1,1,1,0,1,Not Reported,April,1,Saturday,6,50,Urban,High Speed (Arterial),Yes,33.78838056,-84.23225,Complex/Circle,Dark - Lighted,Clear,6:00am-6:59am,51,6:00am-6:59am,56,Unknown,Unknown EMS Hospital Arrival Time,1,Dark - Lighted,Clear,0,1,[],[],0,0,Valid,0.0,0.0,48.0,48.0,['Female'],0,0,2,4,4,Dry,Straight,Level,Lowest,No
10918,13,Georgia,130207,0,2,2,0,3,Not Reported,April,1,Saturday,19,39,Urban,High Speed (Arterial),Yes,33.926075,-84.74799444,Complex/Circle,Daylight,Clear,7:00pm-7:59pm,41,7:00pm-7:59pm,46,8:00pm-8:59pm,17,1,Daylight,Clear,1,2,['Front_Passenger'],['Shoulder_Lapbelt'],1,1,Valid,0.0,0.0,21.0,17.0,"['Male', 'Male']",0,0,3,4,5,Dry,Straight,Grade/Hillcrest,Lowest,No
10919,13,Georgia,130208,0,2,2,0,7,ROME,April,1,Saturday,21,2,Urban,High Speed (Arterial),Yes,34.27090278,-85.22261111,Complex/Circle,Dark - Lighted,Clear,9:00pm-9:59pm,3,9:00pm-9:59pm,9,9:00pm-9:59pm,21,1,Dark - Lighted,Clear,1,6,['Driver'],['None_Used'],0,0,Valid,0.0,1.0,31.0,21.0,"['Female', 'Male']",0,0,5,4,5,Dry,Straight,Level,Lowest,No
10920,13,Georgia,130209,0,1,1,0,1,DALTON,April,1,Saturday,22,57,Urban,High Speed (Arterial),Yes,34.779925,-85.00093333,Non-Intersection,Dark - Not Lighted,Clear,10:00pm-10:59pm,58,11:00pm-11:59pm,4,Not Applicable (Not Transported),Not Applicable (Not Transported),1,Dark - Unlighted,Clear,1,0,['Driver'],['Shoulder_Lapbelt'],0,0,Valid,0.0,0.0,68.0,68.0,['Male'],0,0,4,4,3,Dry,Straight,Grade/Hillcrest,Lowest,No