,State_Code,State_Name,Crash_ID,Count_Non_Motorists,Count_Vehicles_Total,Count_Vehicle_Forms,Count_PVH_Involved,Count_Occupants_MV,City_Name,Month_Name,Day_of_Month,Day_of_Week,Crash_Hour,Crash_Minute,Area_Rural_Urban,Road_Functional_Class,On_NHS_Road,Latitude,Longitude,Intersection_Type,Light_Condition,Weather_Condition,Notif_Hour,Notif_Minute,Arrival_Hour,Arrival_Minute,Hospital_Hour,Hospital_Minute,Fatalities_Count,Clean_Light_Condition,Clean_Weather_Condition,Total_Killed,Total_Alive,Fatal_Seats_List,Killed_Restraint_List,Any_Driver_Drinking,Total_Drinking_Drivers,Driver_License_Category,Driver_Max_Prev_Accident_Count,Driver_Max_Prev_Speeding_Count,Max_Driver_Age,Min_Driver_Age,Driver_Sex_List,Total_Exceeding_Limit_Vehicles,Total_Too_Fast_Vehicles,Max_Vehicle_Type_Severity_5,Max_Vehicle_Damage_Rank,Max_Harmful_Event_Severity,Crash_Road_Surface_Condition,Crash_Horizontal_Alignment,Crash_Vertical_Profile,Crash_Impairment_Category,Crash_Vehicle_Defect
10921,13,Georgia,130210,1,1,1,0,1,Not Reported,April,2,Sunday,6,34,Urban,Medium Speed (Collector),No,33.73503056,-84.21486944,Simple Junction,Dark - Lighted,Clear,Unknown,Unknown,Unknown EMS Scene Arrival Hour,Unknown EMS Scene Arrival Minutes,Not Applicable (Not Transported),Not Applicable (Not Transported),1,Dark - Lighted,Clear,0,1,[],[],0,0,Valid,0.0,0.0,20.0,20.0,['Female'],0,0,2,3,4,Dry,Straight,Level,Lowest,No
10922,13,Georgia,130211,0,2,2,0,2,HARTSFIELD,January,25,Wednesday,12,45,Rural,Medium Speed (Collector),No,31.12595,-83.95349167,Non-Intersection,Daylight,Cloudy,12:00pm-12:59pm,48,12:00pm-12:59pm,51,Not Applicable (Not Transported),Not Applicable (Not Transported),1,Daylight,Reduced Visibility,1,1,['Driver'],['None_Used'],0,0,Valid,0.0,0.0,67.0,33.0,"['Male', 'Female']",0,0,3,4,5,Wet/Standing Water,Straight,Grade/Hillcrest,Lowest,No
10923,13,Georgia,130212,0,2,2,0,2,MOULTRIE,January,25,Wednesday,22,22,Urban,Medium Speed (Collector),No,31.17722778,-83.77657778,Non-Intersection,Dark - Not Lighted,Rain,10:00pm-10:59pm,23,10:00pm-10:59pm,28,Not Applicable (Not Transported),Not Applicable (Not Transported),1,Dark - Unlighted,Rain/Wind/Minor,1,1,['Driver'],['None_Used'],0,0,Valid,0.0,0.0,44.0,31.0,"['Male', 'Female']",0,0,3,4,5,Wet/Standing Water,Curve,Grade/Hillcrest,Lowest,No
10924,13,Georgia,130213,0,2,2,0,2,DECATUR,January,26,Thursday,3,35,Urban,High Speed (Arterial),Yes,33.71541667,-84.26200556,Non-Intersection,Dark - Lighted,Clear,3:00am-3:59am,37,3:00am-3:59am,45,Not Applicable (Not Transported),Not Applicable (Not Transported),1,Dark - Lighted,Clear,1,1,['Driver'],['None_Used'],0,0,Valid,1.0,0.0,28.0,22.0,"['Male', 'Female']",0,0,3,4,5,Dry,Straight,Level,Lowest,No
10925,13,Georgia,130214,1,1,1,0,1,SAVANNAH,January,29,Sunday,4,18,Urban,High Speed (Arterial),Yes,32.051075,-81.15319167,Non-Intersection,Dark - Not Lighted,Clear,4:00am-4:59am,19,4:00am-4:59am,22,Not Applicable (Not Transported),Not Applicable (Not Transported),1,Dark - Unlighted,Clear,0,1,[],[],0,0,Valid,0.0,0.0,41.0,41.0,['Female'],0,0,2,3,4,Dry,Straight,Level,Lowest,No
10926,13,Georgia,130215,0,1,1,0,1,ATLANTA,February,21,Tuesday,2,10,Urban,High Speed (Arterial),Yes,33.71635,-84.39816389,Non-Intersection,Dark - Lighted,Clear,2:00am-2:59am,17,2:00am-2:59am,22,Not Applicable (Not Transported),Not Applicable (Not Transported),1,Dark - Lighted,Clear,1,0,['Driver'],['None_Used'],0,0,Invalid,0.0,0.0,32.0,32.0,['Male'],0,0,3,4,3,Dry,Straight,Level,Lowest,No
10927,13,Georgia,130216,0,2,2,0,2,FOLKSTON,January,31,Tuesday,6,56,Rural,Medium Speed (Collector),No,30.79015,-82.0418,Non-Intersection,Daylight,"Fog, Smog, Smoke",6:00am-6:59am,57,7:00am-7:59am,7,7:00am-7:59am,25,1,Daylight,Reduced Visibility,1,1,['Driver'],['None_Used'],0,0,Valid,1.0,1.0,43.0,25.0,"['Male', 'Male']",0,0,5,4,5,Dry,Straight,Level,Lowest,No
10928,13,Georgia,130217,0,2,2,0,3,BRUNSWICK,January,26,Thursday,14,49,Urban,Low Speed (Local),No,31.16066944,-81.48471944,Complex/Circle,Daylight,Clear,2:00pm-2:59pm,48,3:00pm-3:59pm,0,3:00pm-3:59pm,11,1,Daylight,Clear,1,0,['Driver'],['None_Used'],0,0,Invalid,0.0,0.0,999.0,47.0,"['Other', 'Female']",2,0,3,4,5,Dry,Straight,Level,Lowest,No
10929,13,Georgia,130218,0,1,1,0,1,NOT APPLICABLE,January,26,Thursday,17,37,Rural,High Speed (Arterial),Yes,34.54194722,-84.51770833,Non-Intersection,Daylight,Clear,5:00pm-5:59pm,36,5:00pm-5:59pm,45,6:00pm-6:59pm,6,1,Daylight,Clear,1,0,['Driver'],['Shoulder_Lapbelt'],0,0,Invalid,0.0,0.0,56.0,56.0,['Female'],0,0,3,4,2,Dry,Straight,Grade/Hillcrest,Lowest,No
10930,13,Georgia,130219,0,1,1,0,1,POWDER SPRINGS,January,26,Thursday,23,7,Urban,Low Speed (Local),No,33.86808889,-84.65481944,Non-Intersection,Dark - Lighted,Cloudy,11:00pm-11:59pm,9,11:00pm-11:59pm,13,11:00pm-11:59pm,37,1,Dark - Lighted,Reduced Visibility,1,0,['Driver'],['None_Used'],1,1,Valid,0.0,2.0,25.0,25.0,['Male'],0,0,2,4,3,Dry,Curve,Grade/Hillcrest,Lowest,No
10931,13,Georgia,130220,0,2,2,0,3,MABLETON,March,16,Thursday,23,18,Urban,High Speed (Arterial),Yes,33.8144,-84.56168056,Simple Junction,Dark - Lighted,Clear,11:00pm-11:59pm,18,11:00pm-11:59pm,22,0:00am-0:59am,0,1,Dark - Lighted,Clear,1,2,['Driver'],['None_Used'],1,2,Valid,0.0,0.0,42.0,24.0,"['Male', 'Male']",0,0,5,4,5,Dry,Straight,Level,Lowest,No
10932,13,Georgia,130221,0,2,2,0,4,NORCROSS,March,25,Saturday,10,53,Urban,High Speed (Arterial),Yes,33.95342222,-84.23367222,Complex/Circle,Daylight,Clear,10:00am-10:59am,55,11:00am-11:59am,0,11:00am-11:59am,19,1,Daylight,Clear,1,3,['Front_Passenger'],['Shoulder_Lapbelt'],0,0,Valid,0.0,0.0,89.0,24.0,"['Male', 'Female']",0,0,2,4,5,Dry,Straight,Level,Lowest,No
10933,13,Georgia,130222,0,1,1,0,1,COLUMBUS,March,28,Tuesday,4,20,Urban,High Speed (Arterial),Yes,32.5156,-84.91998611,Non-Intersection,Dark - Not Lighted,"Fog, Smog, Smoke",4:00am-4:59am,25,4:00am-4:59am,30,Not Applicable (Not Transported),Not Applicable (Not Transported),1,Dark - Unlighted,Reduced Visibility,1,0,['Driver'],['None_Used'],0,0,Valid,0.0,0.0,23.0,23.0,['Male'],0,0,3,4,2,Wet/Standing Water,Curve,Grade/Hillcrest,Lowest,No
10934,13,Georgia,130223,0,2,2,0,2,AUGUSTA,March,30,Thursday,12,1,Urban,High Speed (Arterial),Yes,33.38969722,-82.02700833,Non-Intersection,Daylight,Clear,0:00am-0:59am,24,0:00am-0:59am,32,0:00am-0:59am,52,1,Daylight,Clear,1,1,['Driver'],['None_Used'],0,0,Valid,0.0,0.0,27.0,21.0,"['Female', 'Male']",0,0,2,4,5,Dry,Straight,Non-Trafficway,Lowest,No
10935,13,Georgia,130224,0,2,2,0,2,VIENNA,March,31,Friday,12,30,Rural,Low Speed (Local),No,32.09532778,-83.79699444,Complex/Circle,Daylight,Clear,12:00pm-12:59pm,35,12:00pm-12:59pm,40,Not Applicable (Not Transported),Not Applicable (Not Transported),1,Daylight,Clear,1,1,['Driver'],['None_Used'],0,0,Invalid,0.0,0.0,62.0,48.0,"['Male', 'Male']",0,0,3,4,5,Dry,Straight,Level,Lowest,No
10936,13,Georgia,130225,0,1,1,0,1,Not Reported,April,3,Monday,13,30,Rural,High Speed (Arterial),Yes,32.08153611,-82.8861,Non-Intersection,Daylight,Rain,1:00pm-1:59pm,34,1:00pm-1:59pm,48,2:00pm-2:59pm,30,1,Daylight,Rain/Wind/Minor,1,0,['Driver'],['None_Used'],0,0,Valid,0.0,0.0,75.0,75.0,['Male'],0,0,3,4,3,Wet/Standing Water,Straight,Level,Lowest,No
10937,13,Georgia,130226,1,1,1,0,1,AUGUSTA,April,3,Monday,20,41,Urban,Medium Speed (Collector),No,33.35322222,-81.98305833,Non-Intersection,Dark - Not Lighted,Rain,Unknown,Unknown,Unknown EMS Scene Arrival Hour,Unknown EMS Scene Arrival Minutes,Not Applicable (Not Transported),Not Applicable (Not Transported),1,Dark - Unlighted,Rain/Wind/Minor,0,1,[],[],0,0,Valid,0.0,0.0,37.0,37.0,['Female'],0,0,2,3,4,Wet/Standing Water,Straight,Level,Lowest,No
10938,13,Georgia,130227,0,1,1,0,2,PENDERGRASS,January,27,Friday,16,9,Rural,Low Speed (Local),No,34.19992222,-83.69015,Non-Intersection,Daylight,Clear,4:00pm-4:59pm,12,4:00pm-4:59pm,23,4:00pm-4:59pm,41,1,Daylight,Clear,1,1,['Driver'],['None_Used'],1,1,Invalid,0.0,0.0,23.0,23.0,['Male'],0,0,2,4,2,Dry,Curve,Grade/Hillcrest,Lowest,No
10939,13,Georgia,130228,0,2,2,0,2,CHATSWORTH,February,11,Saturday,18,14,Urban,High Speed (Arterial),No,34.78281667,-84.82071389,Non-Intersection,Daylight,Cloudy,6:00pm-6:59pm,4,6:00pm-6:59pm,8,7:00pm-7:59pm,17,1,Daylight,Reduced Visibility,1,1,['Driver'],['Shoulder_Lapbelt'],1,1,Valid,1.0,0.0,37.0,17.0,"['Male', 'Male']",0,0,3,4,5,Dry,Straight,Level,Lowest,No
10940,13,Georgia,130229,0,1,1,0,2,MILLEDGEVILLE,February,11,Saturday,18,45,Rural,Medium Speed (Collector),No,33.07842222,-83.19751111,Non-Intersection,Dark - Not Lighted,Rain,6:00pm-6:59pm,47,6:00pm-6:59pm,55,Not Applicable (Not Transported),Not Applicable (Not Transported),1,Dark - Unlighted,Rain/Wind/Minor,1,1,['Driver'],['Shoulder_Lapbelt'],0,0,Valid,0.0,0.0,78.0,78.0,['Female'],0,0,2,4,3,Wet/Standing Water,Straight,Grade/Hillcrest,Lowest,No
10941,13,Georgia,130230,0,1,1,0,2,SUMMERVILLE,January,27,Friday,20,35,Rural,Medium Speed (Collector),No,34.46816111,-85.26750556,Non-Intersection,Dark - Not Lighted,Clear,8:00pm-8:59pm,31,8:00pm-8:59pm,40,9:00pm-9:59pm,1,1,Dark - Unlighted,Clear,1,1,['Non_Standard_Risk'],['None_Used'],0,0,Valid,0.0,0.0,54.0,54.0,['Female'],0,0,3,1,1,Dry,Straight,Level,Lowest,No
10942,13,Georgia,130231,0,1,1,0,1,PALMETTO,February,11,Saturday,22,26,Urban,Medium Speed (Collector),No,33.49802222,-84.63816944,Non-Intersection,Dark - Not Lighted,Rain,10:00pm-10:59pm,30,10:00pm-10:59pm,36,11:00pm-11:59pm,51,1,Dark - Unlighted,Rain/Wind/Minor,1,0,['Driver'],['Shoulder_Lapbelt'],0,0,Valid,0.0,0.0,16.0,16.0,['Male'],1,0,2,4,3,Wet/Standing Water,Curve,Grade/Hillcrest,Lowest,No
10943,13,Georgia,130232,1,1,1,0,1,ATLANTA,February,12,Sunday,0,24,Urban,Medium Speed (Collector),No,33.74761389,-84.34942778,Complex/Circle,Dark - Lighted,Rain,Unknown,Unknown if Notified,Unknown EMS Scene Arrival Hour,Unknown if Arrived,Not Applicable (Not Transported),Not Applicable (Not Transported),1,Dark - Lighted,Rain/Wind/Minor,0,1,[],[],0,0,Valid,0.0,0.0,34.0,34.0,['Male'],0,0,3,3,4,Wet/Standing Water,Straight,Level,Lowest,No
10944,13,Georgia,130233,1,1,1,0,1,MABLETON,February,12,Sunday,4,27,Urban,Low Speed (Local),No,33.827325,-84.56325,Non-Intersection,Dark - Not Lighted,Rain,4:00am-4:59am,30,4:00am-4:59am,36,4:00am-4:59am,52,1,Dark - Unlighted,Rain/Wind/Minor,0,1,[],[],0,0,Valid,0.0,0.0,22.0,22.0,['Female'],0,0,2,2,4,Wet/Standing Water,Straight,Grade/Hillcrest,Lowest,No
10945,13,Georgia,130234,1,1,1,0,1,COLUMBUS,February,13,Monday,0,0,Urban,Low Speed (Local),No,32.42258056,-84.95473889,Simple Junction,Dark - Lighted,Clear,Unknown,Unknown,Unknown EMS Scene Arrival Hour,Unknown if Arrived,Not Applicable (Not Transported),Not Applicable (Not Transported),1,Dark - Lighted,Clear,0,1,[],[],0,0,Invalid,0.0,0.0,999.0,999.0,['Other'],0,0,1,0,4,Dry,Straight,Level,Lowest,No
10946,13,Georgia,130235,1,1,1,0,2,LAWRENCEVILLE,February,13,Monday,0,50,Urban,Low Speed (Local),No,33.97768333,-84.03418333,Simple Junction,Dark - Not Lighted,Clear,Unknown,Unknown if Notified,Unknown EMS Scene Arrival Hour,Unknown if Arrived,Not Applicable (Not Transported),Not Applicable (Not Transported),1,Dark - Unlighted,Clear,0,2,[],[],0,0,Valid,1.0,0.0,28.0,28.0,['Female'],0,0,3,2,4,Dry,Straight,Grade/Hillcrest,Lowest,No
10947,13,Georgia,130236,0,2,2,0,2,HOLLY SPRINGS,February,13,Monday,13,56,Urban,High Speed (Arterial),Yes,34.1772,-84.51025,Non-Intersection,Daylight,Clear,1:00pm-1:59pm,56,2:00pm-2:59pm,2,Unknown,Unknown EMS Hospital Arrival Time,1,Daylight,Clear,1,1,['Driver'],['Shoulder_Lapbelt'],1,1,Valid,0.0,0.0,55.0,36.0,"['Male', 'Male']",1,0,4,4,5,Dry,Curve,Grade/Hillcrest,Lowest,No
10948,13,Georgia,130238,0,3,3,0,3,CEDARTOWN,February,14,Tuesday,16,6,Urban,High Speed (Arterial),Yes,34.02673333,-85.22021667,Complex/Circle,Daylight,Clear,4:00pm-4:59pm,6,4:00pm-4:59pm,5,4:00pm-4:59pm,17,1,Daylight,Clear,1,2,['Driver'],['Shoulder_Lapbelt'],0,0,Valid,0.0,1.0,57.0,21.0,"['Female', 'Male', 'Male']",0,0,3,4,5,Dry,Straight,Grade/Hillcrest,Lowest,No
10949,13,Georgia,130239,0,3,3,0,7,ROME,February,14,Tuesday,18,41,Urban,High Speed (Arterial),Yes,34.26066111,-85.16891389,Complex/Circle,Dark - Not Lighted,Clear,6:00pm-6:59pm,44,6:00pm-6:59pm,45,Not Applicable (Not Transported),Not Applicable (Not Transported),1,Dark - Unlighted,Clear,1,6,['Driver'],['None_Used'],1,1,Valid,1.0,2.0,67.0,30.0,"['Male', 'Female', 'Male']",1,0,5,4,5,Dry,Straight,Level,Lowest,No
10950,13,Georgia,130240,0,1,1,0,3,LUMPKIN,February,14,Tuesday,21,30,Rural,Medium Speed (Collector),No,32.03206389,-84.785125,Non-Intersection,Dark - Not Lighted,Clear,9:00pm-9:59pm,33,9:00pm-9:59pm,37,Unknown,Unknown EMS Hospital Arrival Time,1,Dark - Unlighted,Clear,1,2,['Driver'],['Shoulder_Lapbelt'],0,0,Valid,0.0,0.0,15.0,15.0,['Female'],0,0,3,4,3,Dry,Curve,Grade/Hillcrest,Lowest,No
10951,13,Georgia,130241,0,2,2,0,3,TOWNSEND,February,15,Wednesday,2,10,Rural,High Speed (Arterial),Yes,31.58391111,-81.4295,Non-Intersection,Dark - Not Lighted,Clear,2:00am-2:59am,10,2:00am-2:59am,18,4:00am-4:59am,28,1,Dark - Unlighted,Clear,1,2,['Driver'],['Shoulder_Lapbelt'],0,0,Valid,1.0,0.0,58.0,52.0,"['Male', 'Male']",0,0,4,4,5,Dry,Straight,Level,Lowest,No
10952,13,Georgia,130242,1,1,1,0,1,Other,February,15,Wednesday,6,25,Urban,Medium Speed (Collector),No,33.90246389,-84.24116111,Complex/Circle,Dark - Not Lighted,Clear,Unknown,Unknown,Unknown EMS Scene Arrival Hour,Unknown if Arrived,Not Applicable (Not Transported),Not Applicable (Not Transported),1,Dark - Unlighted,Clear,0,1,[],[],0,0,Valid,0.0,0.0,42.0,42.0,['Male'],0,0,2,3,4,Dry,Straight,Level,Lowest,No
10953,13,Georgia,130243,0,1,1,0,1,DUDLEY,February,15,Wednesday,22,10,Rural,Low Speed (Local),No,32.54953333,-83.08543333,Non-Intersection,Dark - Not Lighted,Clear,10:00pm-10:59pm,12,10:00pm-10:59pm,26,11:00pm-11:59pm,0,1,Dark - Unlighted,Clear,1,0,['Driver'],['None_Used'],1,1,Valid,0.0,0.0,28.0,28.0,['Male'],1,0,3,4,3,Dry,Curve,Level,Lowest,No
10954,13,Georgia,130244,2,2,2,0,5,CHAMBLEE,February,15,Wednesday,22,21,Urban,High Speed (Arterial),Yes,33.87954722,-84.27235,Non-Intersection,Dark - Not Lighted,Clear,Unknown,Unknown,Unknown EMS Scene Arrival Hour,Unknown EMS Scene Arrival Minutes,Unknown,Unknown EMS Hospital Arrival Time,2,Dark - Unlighted,Clear,0,5,[],[],0,0,Invalid,0.0,0.0,26.0,23.0,"['Female', 'Male']",0,0,2,4,4,Dry,Straight,Level,Lowest,No
10955,13,Georgia,130245,0,2,2,0,2,CEDARTOWN,February,16,Thursday,19,10,Urban,High Speed (Arterial),Yes,34.01763889,-85.20663889,Complex/Circle,Dark - Not Lighted,Cloudy,7:00pm-7:59pm,14,7:00pm-7:59pm,16,7:00pm-7:59pm,58,1,Dark - Unlighted,Reduced Visibility,1,1,['Driver'],['Shoulder_Lapbelt'],0,0,Valid,0.0,1.0,79.0,22.0,"['Male', 'Male']",0,0,3,4,5,Dry,Straight,Level,Lowest,No
10956,13,Georgia,130246,1,1,1,0,1,CLARKSTON,February,16,Thursday,20,39,Urban,High Speed (Arterial),Yes,33.81774167,-84.25211944,Non-Intersection,Dark - Not Lighted,Clear,Unknown,Unknown,Unknown EMS Scene Arrival Hour,Unknown EMS Scene Arrival Minutes,Not Applicable (Not Transported),Not Applicable (Not Transported),1,Dark - Unlighted,Clear,0,1,[],[],0,0,Valid,1.0,1.0,25.0,25.0,['Male'],0,0,2,3,4,Dry,Straight,Level,Lowest,No
10957,13,Georgia,130247,0,1,1,0,1,BUFORD,February,17,Friday,2,41,Urban,High Speed (Arterial),Yes,34.05179722,-83.99385833,Complex/Circle,Dark - Lighted,Rain,2:00am-2:59am,42,2:00am-2:59am,46,3:00am-3:59am,30,1,Dark - Lighted,Rain/Wind/Minor,1,0,['Driver'],['None_Used'],1,1,Valid,0.0,0.0,31.0,31.0,['Male'],0,0,2,4,3,Wet/Standing Water,Curve,Level,Lowest,No
10958,13,Georgia,130248,0,2,2,0,2,BOWMAN,February,17,Friday,7,0,Rural,High Speed (Arterial),Yes,34.22558056,-83.05243611,Complex/Circle,Dawn,Rain,7:00am-7:59am,23,7:00am-7:59am,47,Unknown,Unknown EMS Hospital Arrival Time,1,Twilight,Rain/Wind/Minor,1,1,['Driver'],['Shoulder_Lapbelt'],0,0,Valid,0.0,1.0,55.0,42.0,"['Female', 'Male']",0,0,3,4,5,Wet/Standing Water,Straight,Level,Lowest,No
10959,13,Georgia,130249,0,1,1,0,1,CAMAK,February,19,Sunday,16,26,Rural,High Speed (Arterial),Yes,33.49005,-82.65878056,Non-Intersection,Daylight,Clear,4:00pm-4:59pm,27,4:00pm-4:59pm,43,Not Applicable (Not Transported),Not Applicable (Not Transported),1,Daylight,Clear,1,0,['Driver'],['None_Used'],0,0,Valid,0.0,0.0,59.0,59.0,['Male'],0,0,5,4,3,Dry,Curve,Grade/Hillcrest,Lowest,No
10960,13,Georgia,130250,0,2,2,0,2,SAVANNAH,February,20,Monday,7,6,Urban,Medium Speed (Collector),No,32.14206111,-81.19202778,Simple Junction,Daylight,Clear,7:00am-7:59am,8,7:00am-7:59am,14,7:00am-7:59am,47,1,Daylight,Clear,1,1,['Driver'],['Shoulder_Lapbelt'],0,0,Invalid,0.0,0.0,74.0,47.0,"['Female', 'Male']",0,0,3,4,5,Dry,Straight,Level,Lowest,No
10961,13,Georgia,130252,0,1,1,0,1,SPRINGFIELD,February,20,Monday,9,15,Rural,Medium Speed (Collector),Yes,32.45383611,-81.39428889,Non-Intersection,Daylight,Clear,9:00am-9:59am,17,9:00am-9:59am,21,9:00am-9:59am,45,1,Daylight,Clear,1,0,['Driver'],['Shoulder_Lapbelt'],0,0,Valid,0.0,0.0,48.0,48.0,['Male'],0,0,3,4,3,Dry,Straight,Level,Lowest,No
10962,13,Georgia,130253,0,1,1,0,1,MILLEN,February,20,Monday,15,20,Rural,Medium Speed (Collector),No,32.804075,-81.97686944,Non-Intersection,Daylight,Clear,3:00pm-3:59pm,22,3:00pm-3:59pm,26,3:00pm-3:59pm,52,1,Daylight,Clear,1,0,['Driver'],['None_Used'],0,0,Valid,0.0,0.0,30.0,30.0,['Male'],0,0,3,4,3,Dry,Straight,Grade/Hillcrest,Lowest,No
10963,13,Georgia,130254,0,2,2,0,3,ATLANTA,March,25,Saturday,3,25,Urban,High Speed (Arterial),Yes,33.69667222,-84.41098611,Non-Intersection,Dark - Not Lighted,Clear,3:00am-3:59am,31,3:00am-3:59am,50,4:00am-4:59am,10,1,Dark - Unlighted,Clear,1,2,['Driver'],['Shoulder_Lapbelt'],0,0,Valid,0.0,0.0,22.0,17.0,"['Male', 'Female']",2,0,2,4,5,Dry,Straight,Level,Lowest,No
10964,13,Georgia,130255,1,1,1,0,1,NEWNAN,March,28,Tuesday,21,14,Urban,High Speed (Arterial),Yes,33.39532222,-84.76191944,Complex/Circle,Dark - Not Lighted,Cloudy,9:00pm-9:59pm,13,9:00pm-9:59pm,21,Not Applicable (Not Transported),Not Applicable (Not Transported),1,Dark - Unlighted,Reduced Visibility,0,1,[],[],0,0,Valid,1.0,1.0,36.0,36.0,['Male'],0,0,3,3,4,Dry,Straight,Grade/Hillcrest,Lowest,No
10965,13,Georgia,130256,0,1,1,0,1,MOLENA,April,4,Tuesday,10,10,Rural,Medium Speed (Collector),No,33.01323333,-84.42596389,Non-Intersection,Daylight,Cloudy,Unknown,Unknown,Unknown EMS Scene Arrival Hour,Unknown EMS Scene Arrival Minutes,Not Applicable (Not Transported),Not Applicable (Not Transported),1,Daylight,Reduced Visibility,1,0,['Driver'],['None_Used'],1,1,Valid,0.0,1.0,63.0,63.0,['Male'],1,0,2,4,3,Wet/Standing Water,Straight,Level,Lowest,No
10966,13,Georgia,130257,0,1,1,0,3,NOT APPLICABLE,April,5,Wednesday,8,6,Rural,High Speed (Arterial),Yes,34.89598056,-83.60608889,Non-Intersection,Daylight,Clear,8:00am-8:59am,9,8:00am-8:59am,26,9:00am-9:59am,20,1,Daylight,Clear,1,2,['Front_Passenger'],['Shoulder_Lapbelt'],0,0,Valid,0.0,1.0,30.0,30.0,['Female'],0,0,3,4,3,Dry,Curve,Grade/Hillcrest,Medium,No
10967,13,Georgia,130258,1,1,1,0,1,KINGSLAND,January,31,Tuesday,18,31,Urban,High Speed (Arterial),No,30.80058611,-81.70359167,Non-Intersection,Dusk,Clear,6:00pm-6:59pm,35,6:00pm-6:59pm,38,Not Applicable (Not Transported),Not Applicable (Not Transported),1,Twilight,Clear,0,1,[],[],0,0,Valid,0.0,0.0,28.0,28.0,['Male'],0,0,4,2,4,Dry,Straight,Level,Lowest,No
10968,13,Georgia,130259,0,2,2,0,2,FRANKLIN,January,27,Friday,20,45,Rural,Medium Speed (Collector),No,33.31506389,-85.14990556,Non-Intersection,Dark - Not Lighted,Clear,8:00pm-8:59pm,42,8:00pm-8:59pm,51,Unknown,Unknown EMS Hospital Arrival Time,1,Dark - Unlighted,Clear,1,1,['Driver'],['Shoulder_Lapbelt'],0,0,Valid,0.0,1.0,31.0,17.0,"['Female', 'Female']",1,0,4,4,5,Dry,Curve,Grade/Hillcrest,Lowest,No
10969,13,Georgia,130260,0,2,2,0,2,LULA,January,28,Saturday,15,57,Rural,Medium Speed (Collector),No,34.38695556,-83.66045833,Complex/Circle,Daylight,Cloudy,3:00pm-3:59pm,59,4:00pm-4:59pm,20,4:00pm-4:59pm,59,1,Daylight,Reduced Visibility,1,1,['Driver'],['None_Used'],1,1,Invalid,0.0,0.0,33.0,17.0,"['Male', 'Male']",0,0,5,4,5,Dry,Straight,Grade/Hillcrest,Lowest,No
10970,13,Georgia,130261,0,2,2,0,4,Not Reported,January,28,Saturday,20,48,Urban,Medium Speed (Collector),No,33.81009167,-84.09777222,Complex/Circle,Dark - Lighted,Clear,8:00pm-8:59pm,50,8:00pm-8:59pm,53,9:00pm-9:59pm,2,1,Dark - Lighted,Clear,1,3,['Driver'],['Shoulder_Lapbelt'],0,0,Valid,0.0,2.0,37.0,33.0,"['Female', 'Male']",0,0,2,4,5,Dry,Straight,Level,Lowest,No
10971,13,Georgia,130262,0,1,1,0,2,MARIETTA,February,22,Wednesday,5,31,Urban,High Speed (Arterial),Yes,33.98982222,-84.54818611,Non-Intersection,Dark - Not Lighted,Cloudy,5:00am-5:59am,31,5:00am-5:59am,50,6:00am-6:59am,17,1,Dark - Unlighted,Reduced Visibility,1,1,['Front_Passenger'],['None_Used'],1,1,Valid,0.0,0.0,43.0,43.0,['Female'],0,0,3,4,2,Dry,Straight,Grade/Hillcrest,Lowest,No
10972,13,Georgia,130263,0,1,1,0,2,HEPHZIBAH,January,29,Sunday,0,52,Urban,Medium Speed (Collector),No,33.25230833,-81.95568333,Simple Junction,Dark - Not Lighted,Clear,0:00am-0:59am,55,1:00am-1:59am,8,Not Applicable (Not Transported),Not Applicable (Not Transported),2,Dark - Unlighted,Clear,2,0,"['Driver', 'Front_Passenger']","['Shoulder_Lapbelt', 'Shoulder_Lapbelt']",0,0,Valid,0.0,0.0,62.0,62.0,['Male'],2,0,2,4,3,Dry,Straight,Level,Lowest,No
10973,13,Georgia,130264,1,1,1,0,1,COLLEGE PARK,January,29,Sunday,23,0,Urban,Medium Speed (Collector),No,33.62937222,-84.47337222,Non-Intersection,Dark - Not Lighted,Rain,10:00pm-10:59pm,53,11:00pm-11:59pm,3,Not Applicable (Not Transported),Not Applicable (Not Transported),1,Dark - Unlighted,Rain/Wind/Minor,0,1,[],[],0,0,Invalid,0.0,0.0,999.0,999.0,['Other'],0,0,1,0,4,Wet/Standing Water,Curve,Level,Lowest,No
10974,13,Georgia,130265,0,2,2,0,3,LILBURN,March,24,Friday,15,17,Urban,Low Speed (Local),No,33.89882222,-84.16143889,Non-Intersection,Daylight,Clear,3:00pm-3:59pm,17,3:00pm-3:59pm,24,3:00pm-3:59pm,36,1,Daylight,Clear,1,2,['Driver'],['None_Used'],0,0,Invalid,0.0,0.0,48.0,34.0,"['Male', 'Male']",2,0,5,4,5,Dry,Straight,Grade/Hillcrest,Lowest,No
10975,13,Georgia,130266,0,1,1,0,1,Not Reported,April,5,Wednesday,22,21,Urban,High Speed (Arterial),Yes,33.41255,-84.16441111,Non-Intersection,Dark - Not Lighted,Clear,Unknown,Unknown,Unknown EMS Scene Arrival Hour,Unknown EMS Scene Arrival Minutes,Not Applicable (Not Transported),Not Applicable (Not Transported),1,Dark - Unlighted,Clear,1,0,['Driver'],['Shoulder_Lapbelt'],0,0,Invalid,0.0,0.0,46.0,46.0,['Male'],0,0,2,4,3,Dry,Straight,Grade/Hillcrest,Lowest,No
10976,13,Georgia,130267,1,1,1,0,1,Not Reported,April,6,Thursday,0,50,Urban,High Speed (Arterial),Yes,33.77938889,-84.60702778,Complex/Circle,Dark - Not Lighted,Clear,0:00am-0:59am,55,1:00am-1:59am,3,Not Applicable (Not Transported),Not Applicable (Not Transported),1,Dark - Unlighted,Clear,0,1,[],[],0,0,Valid,0.0,0.0,32.0,32.0,['Male'],0,0,2,3,4,Dry,Straight,Level,Lowest,No
10977,13,Georgia,130269,0,1,1,0,1,CALHOUN,April,7,Friday,8,5,Rural,Medium Speed (Collector),No,34.49025,-84.96600556,Non-Intersection,Dawn,Rain,8:00am-8:59am,4,8:00am-8:59am,11,Not Applicable (Not Transported),Not Applicable (Not Transported),1,Twilight,Rain/Wind/Minor,1,0,['Driver'],['Shoulder_Lapbelt'],0,0,Valid,0.0,0.0,63.0,63.0,['Female'],0,0,2,4,3,Wet/Standing Water,Straight,Level,Lowest,No