,State_Code,State_Name,Crash_ID,Count_Non_Motorists,Count_Vehicles_Total,Count_Vehicle_Forms,Count_PVH_Involved,Count_Occupants_MV,City_Name,Month_Name,Day_of_Month,Day_of_Week,Crash_Hour,Crash_Minute,Area_Rural_Urban,Road_Functional_Class,On_NHS_Road,Latitude,Longitude,Intersection_Type,Light_Condition,Weather_Condition,Notif_Hour,Notif_Minute,Arrival_Hour,Arrival_Minute,Hospital_Hour,Hospital_Minute,Fatalities_Count,Clean_Light_Condition,Clean_Weather_Condition,Total_Killed,Total_Alive,Fatal_Seats_List,Killed_Restraint_List,Any_Driver_Drinking,Total_Drinking_Drivers,Driver_License_Category,Driver_Max_Prev_Accident_Count,Driver_Max_Prev_Speeding_Count,Max_Driver_Age,Min_Driver_Age,Driver_Sex_List,Total_Exceeding_Limit_Vehicles,Total_Too_Fast_Vehicles,Max_Vehicle_Type_Severity_5,Max_Vehicle_Damage_Rank,Max_Harmful_Event_Severity,Crash_Road_Surface_Condition,Crash_Horizontal_Alignment,Crash_Vertical_Profile,Crash_Impairment_Category,Crash_Vehicle_Defect
10978,13,Georgia,130270,0,2,2,0,2,LITHONIA,April,9,Sunday,21,22,Urban,High Speed (Arterial),Yes,33.74201389,-84.08389444,Non-Intersection,Dark - Not Lighted,Clear,9:00pm-9:59pm,36,9:00pm-9:59pm,43,10:00pm-10:59pm,15,1,Dark - Unlighted,Clear,1,1,['Driver'],['Shoulder_Lapbelt'],1,1,Valid,0.0,1.0,70.0,57.0,"['Male', 'Female']",0,0,3,4,5,Dry,Straight,Level,Lowest,No
10979,13,Georgia,130271,0,1,1,0,1,VININGS,January,30,Monday,3,39,Urban,Low Speed (Local),No,33.90181111,-84.46591111,Non-Intersection,Dark - Not Lighted,Rain,3:00am-3:59am,41,3:00am-3:59am,47,Not Applicable (Not Transported),Not Applicable (Not Transported),1,Dark - Unlighted,Rain/Wind/Minor,1,0,['Driver'],['None_Used'],0,0,Valid,0.0,2.0,31.0,31.0,['Male'],1,0,2,4,3,Wet/Standing Water,Curve,Level,Lowest,No
10980,13,Georgia,130272,1,1,1,0,2,ROME,January,30,Monday,20,50,Urban,Medium Speed (Collector),No,34.24886389,-85.17066944,Non-Intersection,Dark - Lighted,Cloudy,8:00pm-8:59pm,51,8:00pm-8:59pm,58,Not Applicable (Not Transported),Not Applicable (Not Transported),1,Dark - Lighted,Reduced Visibility,0,2,[],[],0,0,Valid,1.0,1.0,64.0,64.0,['Male'],0,0,3,4,4,Dry,Straight,Level,Lowest,No
10981,13,Georgia,130273,0,1,1,0,1,CLARKSTON,February,21,Tuesday,3,8,Urban,High Speed (Arterial),Yes,33.80649444,-84.2504,Non-Intersection,Dark - Not Lighted,Cloudy,3:00am-3:59am,10,3:00am-3:59am,19,Not Applicable (Not Transported),Not Applicable (Not Transported),1,Dark - Unlighted,Reduced Visibility,1,0,['Driver'],['None_Used'],0,0,Invalid,0.0,0.0,58.0,58.0,['Male'],0,0,5,1,1,Dry,Straight,Level,Lowest,No
10982,13,Georgia,130274,0,2,2,0,2,MARIETTA,February,21,Tuesday,20,53,Urban,High Speed (Arterial),Yes,34.07741111,-84.72860833,Complex/Circle,Dark - Not Lighted,Cloudy,8:00pm-8:59pm,55,9:00pm-9:59pm,0,9:00pm-9:59pm,35,1,Dark - Unlighted,Reduced Visibility,1,1,['Driver'],['None_Used'],1,1,Valid,0.0,1.0,38.0,21.0,"['Male', 'Male']",0,0,5,4,5,Wet/Standing Water,Straight,Grade/Hillcrest,Lowest,No
10983,13,Georgia,130275,0,2,2,0,4,ALBANY,February,21,Tuesday,10,9,Urban,High Speed (Arterial),Yes,31.45934167,-84.118025,Complex/Circle,Daylight,Clear,10:00am-10:59am,14,10:00am-10:59am,20,10:00am-10:59am,46,1,Daylight,Clear,1,3,['Driver'],['None_Used'],0,0,Valid,0.0,0.0,60.0,51.0,"['Female', 'Male']",0,0,3,4,5,Dry,Straight,Level,Lowest,No
10984,13,Georgia,130276,0,2,2,0,3,FAIRMOUNT,February,21,Tuesday,14,45,Urban,High Speed (Arterial),Yes,34.44360278,-84.93569722,Complex/Circle,Daylight,Cloudy,2:00pm-2:59pm,47,2:00pm-2:59pm,51,Not Applicable (Not Transported),Not Applicable (Not Transported),1,Daylight,Reduced Visibility,1,2,['Driver'],['None_Used'],0,0,Valid,0.0,1.0,51.0,21.0,"['Male', 'Male']",0,0,5,4,5,Dry,Straight,Level,Lowest,No
10985,13,Georgia,130277,1,1,1,0,1,POOLER,February,21,Tuesday,19,45,Urban,High Speed (Arterial),Yes,32.05336667,-81.25643889,Non-Intersection,Dark - Not Lighted,Clear,7:00pm-7:59pm,47,7:00pm-7:59pm,52,Not Applicable (Not Transported),Not Applicable (Not Transported),1,Dark - Unlighted,Clear,0,1,[],[],0,0,Valid,0.0,2.0,32.0,32.0,['Male'],1,0,3,3,4,Dry,Straight,Level,Lowest,No
10986,13,Georgia,130278,0,3,3,0,3,STATESBORO,February,22,Wednesday,3,20,Urban,High Speed (Arterial),Yes,32.47640278,-81.80139167,Non-Intersection,Dark - Not Lighted,Clear,3:00am-3:59am,35,3:00am-3:59am,43,4:00am-4:59am,2,1,Dark - Unlighted,Clear,1,2,['Driver'],['Shoulder_Lapbelt'],0,0,Valid,0.0,0.0,69.0,47.0,"['Male', 'Female', 'Female']",0,0,3,4,5,Dry,Straight,Level,Lowest,No
10987,13,Georgia,130279,0,1,1,0,2,HOGANSVILLE,February,20,Monday,20,30,Rural,Medium Speed (Collector),No,33.09113611,-84.892275,Non-Intersection,Dark - Not Lighted,Cloudy,8:00pm-8:59pm,40,8:00pm-8:59pm,47,8:00pm-8:59pm,58,1,Dark - Unlighted,Reduced Visibility,1,1,['Front_Passenger'],['Shoulder_Lapbelt'],0,0,Valid,0.0,0.0,77.0,77.0,['Male'],2,0,3,4,2,Dry,Curve,Grade/Hillcrest,Lowest,No
10988,13,Georgia,130280,0,2,2,0,5,ZEBULON,April,8,Saturday,11,45,Rural,High Speed (Arterial),Yes,33.16089167,-84.30808611,Non-Intersection,Daylight,Rain,11:00am-11:59am,54,11:00am-11:59am,58,12:00pm-12:59pm,52,2,Daylight,Rain/Wind/Minor,2,3,"['Driver', 'Rear_Seat']","['Shoulder_Lapbelt', 'None_Used']",1,1,Valid,1.0,0.0,34.0,32.0,"['Female', 'Male']",0,0,2,4,5,Wet/Standing Water,Straight,Level,Lowest,No
10989,13,Georgia,130281,0,1,1,0,8,KINGSLAND,April,8,Saturday,23,59,Urban,Low Speed (Local),No,30.80879167,-81.63838889,Non-Intersection,Dark - Not Lighted,Clear,11:00pm-11:59pm,59,0:00am-0:59am,5,0:00am-0:59am,21,1,Dark - Unlighted,Clear,1,7,['Non_Standard_Risk'],['None_Used'],0,0,Invalid,0.0,0.0,14.0,14.0,['Male'],0,0,3,1,1,Dry,Straight,Level,Lowest,No
10990,13,Georgia,130282,1,1,1,0,1,NORCROSS,April,9,Sunday,3,30,Urban,Low Speed (Local),No,33.92144167,-84.19163611,Non-Intersection,Dark - Lighted,Cloudy,3:00am-3:59am,36,3:00am-3:59am,43,Not Applicable (Not Transported),Not Applicable (Not Transported),1,Dark - Lighted,Reduced Visibility,0,1,[],[],0,0,Valid,0.0,0.0,30.0,30.0,['Male'],0,0,2,4,4,Dry,Straight,Grade/Hillcrest,Lowest,No
10991,13,Georgia,130283,1,2,2,0,2,JACKSON,April,9,Sunday,4,49,Rural,Medium Speed (Collector),No,33.32523056,-84.01313889,Non-Intersection,Dark - Not Lighted,Clear,4:00am-4:59am,44,4:00am-4:59am,53,Not Applicable (Not Transported),Not Applicable (Not Transported),1,Dark - Unlighted,Clear,0,2,[],[],0,0,Valid,0.0,1.0,64.0,50.0,"['Male', 'Female']",0,0,3,4,4,Dry,Straight,Level,Lowest,No
10992,13,Georgia,130284,0,2,2,0,2,MCDONOUGH,April,9,Sunday,6,30,Urban,Medium Speed (Collector),No,33.39659444,-84.13930278,Non-Intersection,Dawn,Cloudy,6:00am-6:59am,42,6:00am-6:59am,53,Not Applicable (Not Transported),Not Applicable (Not Transported),1,Twilight,Reduced Visibility,1,1,['Driver'],['None_Used'],1,1,Valid,0.0,1.0,28.0,25.0,"['Male', 'Male']",0,0,3,4,5,Dry,Straight,Grade/Hillcrest,Lowest,No
10993,13,Georgia,130285,0,1,1,0,1,WOODSTOCK,April,11,Tuesday,18,16,Urban,High Speed (Arterial),Yes,34.08948056,-84.53418611,Non-Intersection,Daylight,Clear,6:00pm-6:59pm,17,6:00pm-6:59pm,23,6:00pm-6:59pm,59,1,Daylight,Clear,1,0,['Driver'],['Shoulder_Lapbelt'],0,0,Valid,0.0,1.0,28.0,28.0,['Female'],0,0,2,4,3,Dry,Straight,Grade/Hillcrest,Lowest,No
10994,13,Georgia,130287,0,2,2,0,3,NORCROSS,February,22,Wednesday,14,10,Urban,Medium Speed (Collector),No,33.87302778,-84.17359444,Complex/Circle,Daylight,Clear,2:00pm-2:59pm,12,2:00pm-2:59pm,23,2:00pm-2:59pm,58,1,Daylight,Clear,1,2,['Driver'],['Shoulder_Lapbelt'],0,0,Valid,0.0,0.0,76.0,40.0,"['Female', 'Female']",0,0,3,4,5,Dry,Straight,Level,Lowest,No
10995,13,Georgia,130288,0,2,2,0,3,AUBURN,February,13,Monday,3,8,Urban,High Speed (Arterial),Yes,33.96016111,-83.79053333,Non-Intersection,Dark - Not Lighted,Clear,Unknown,Unknown,Unknown EMS Scene Arrival Hour,Unknown EMS Scene Arrival Minutes,Unknown,Unknown EMS Hospital Arrival Time,1,Dark - Unlighted,Clear,1,2,['Driver'],['Shoulder_Lapbelt'],1,1,Invalid,3.0,2.0,25.0,23.0,"['Male', 'Female']",0,0,3,4,5,Dry,Straight,Grade/Hillcrest,Lowest,No
10996,13,Georgia,130289,0,1,1,0,1,CANTON,February,23,Thursday,0,11,Urban,Medium Speed (Collector),No,34.193925,-84.46251111,Non-Intersection,Dark - Not Lighted,Clear,0:00am-0:59am,12,0:00am-0:59am,17,0:00am-0:59am,55,1,Dark - Unlighted,Clear,1,0,['Driver'],['None_Used'],0,0,Invalid,0.0,0.0,52.0,52.0,['Male'],0,0,3,4,3,Dry,Curve,Grade/Hillcrest,Lowest,No
10997,13,Georgia,130290,0,1,1,0,1,WAYCROSS,February,23,Thursday,0,45,Rural,High Speed (Arterial),Yes,31.10160278,-82.23278611,Non-Intersection,Dark - Not Lighted,Clear,0:00am-0:59am,48,1:00am-1:59am,4,Not Applicable (Not Transported),Not Applicable (Not Transported),1,Dark - Unlighted,Clear,1,0,['Driver'],['None_Used'],0,0,Valid,0.0,0.0,23.0,23.0,['Male'],0,0,3,4,3,Dry,Straight,Grade/Hillcrest,Lowest,No
10998,13,Georgia,130291,1,2,1,1,1,ATLANTA,March,27,Monday,0,25,Urban,High Speed (Arterial),Yes,33.79491667,-84.39199722,Non-Intersection,Dark - Not Lighted,Rain,0:00am-0:59am,27,0:00am-0:59am,37,0:00am-0:59am,57,1,Dark - Unlighted,Rain/Wind/Minor,0,1,[],[],1,1,Valid,0.0,0.0,22.0,22.0,['Male'],1,0,3,4,4,Wet/Standing Water,Curve,Grade/Hillcrest,Lowest,No
10999,13,Georgia,130292,0,1,1,0,3,NOT APPLICABLE,April,4,Tuesday,22,18,Rural,Low Speed (Local),No,31.593325,-84.92184722,Non-Intersection,Dark - Not Lighted,Clear,10:00pm-10:59pm,26,10:00pm-10:59pm,35,0:00am-0:59am,55,1,Dark - Unlighted,Clear,1,2,['Front_Passenger'],['None_Used'],1,1,Invalid,0.0,1.0,21.0,21.0,['Female'],0,0,5,3,3,Loose/Unpaved,Straight,Grade/Hillcrest,Lowest,No
11000,13,Georgia,130293,0,1,1,0,1,JEFFERSON,April,10,Monday,8,45,Rural,Medium Speed (Collector),No,34.14467222,-83.52564722,Non-Intersection,Daylight,Clear,8:00am-8:59am,52,8:00am-8:59am,54,Unknown,Unknown EMS Hospital Arrival Time,1,Daylight,Clear,1,0,['Driver'],['Shoulder_Lapbelt'],0,0,Valid,0.0,0.0,47.0,47.0,['Male'],0,0,4,4,3,Dry,Curve,Grade/Hillcrest,Lowest,No
11001,13,Georgia,130294,0,2,2,0,2,Not Reported,April,11,Tuesday,15,16,Urban,High Speed (Arterial),Yes,33.68812222,-84.30416389,Non-Intersection,Daylight,Clear,3:00pm-3:59pm,20,3:00pm-3:59pm,39,3:00pm-3:59pm,50,1,Daylight,Clear,1,1,['Driver'],['Shoulder_Lapbelt'],0,0,Valid,1.0,0.0,27.0,24.0,"['Female', 'Male']",1,0,2,4,5,Dry,Straight,Level,Lowest,No
11002,13,Georgia,130295,0,1,1,0,1,BLACKSHEAR,April,12,Wednesday,16,58,Rural,Medium Speed (Collector),No,31.27726111,-82.31621944,Non-Intersection,Daylight,Clear,5:00pm-5:59pm,0,5:00pm-5:59pm,7,5:00pm-5:59pm,41,1,Daylight,Clear,1,0,['Driver'],['Shoulder_Lapbelt'],0,0,Valid,0.0,0.0,83.0,83.0,['Male'],0,0,2,4,3,Dry,Straight,Level,Lowest,No
11003,13,Georgia,130296,0,2,2,0,2,Not Reported,April,1,Saturday,23,6,Urban,High Speed (Arterial),Yes,33.55346389,-84.26760278,Complex/Circle,Dark - Lighted,Clear,Unknown,Unknown,Unknown EMS Scene Arrival Hour,Unknown EMS Scene Arrival Minutes,Unknown,Unknown EMS Hospital Arrival Time,1,Dark - Lighted,Clear,1,1,['Driver'],['None_Used'],0,0,Invalid,0.0,1.0,53.0,36.0,"['Male', 'Male']",0,0,5,4,5,Dry,Straight,Level,Lowest,No
11004,13,Georgia,130297,0,1,1,0,1,Not Reported,April,2,Sunday,18,20,Rural,Low Speed (Local),No,34.96819722,-84.32943333,Non-Intersection,Daylight,Clear,6:00pm-6:59pm,17,6:00pm-6:59pm,26,7:00pm-7:59pm,32,1,Daylight,Clear,1,0,['Driver'],['None_Used'],0,0,Valid,0.0,0.0,53.0,53.0,['Male'],0,0,5,4,1,Dry,Straight,Grade/Hillcrest,Lowest,No
11005,13,Georgia,130298,0,2,2,0,4,HAMPTON,April,9,Sunday,22,23,Urban,High Speed (Arterial),Yes,33.403175,-84.31236389,Complex/Circle,Dark - Not Lighted,Clear,10:00pm-10:59pm,26,10:00pm-10:59pm,35,11:00pm-11:59pm,30,2,Dark - Unlighted,Clear,2,2,"['Driver', 'Front_Passenger']","['Shoulder_Lapbelt', 'Shoulder_Lapbelt']",0,0,Valid,1.0,6.0,45.0,22.0,"['Female', 'Male']",0,0,3,4,5,Dry,Straight,Grade/Hillcrest,Lowest,No
11006,13,Georgia,130299,0,1,1,0,1,TRENTON,April,11,Tuesday,13,56,Rural,Low Speed (Local),No,34.87763611,-85.503075,Non-Intersection,Daylight,Clear,1:00pm-1:59pm,57,2:00pm-2:59pm,1,Not Applicable (Not Transported),Not Applicable (Not Transported),1,Daylight,Clear,1,0,['Driver'],['None_Used'],0,0,Valid,0.0,0.0,77.0,77.0,['Male'],0,0,3,4,4,Dry,Straight,Grade/Hillcrest,Lowest,No
11007,13,Georgia,130300,1,1,1,0,1,CEDARTOWN,April,12,Wednesday,5,0,Urban,Medium Speed (Collector),No,34.03253889,-85.25001389,Simple Junction,Dark - Not Lighted,Clear,5:00am-5:59am,0,5:00am-5:59am,5,Not Applicable (Not Transported),Not Applicable (Not Transported),1,Dark - Unlighted,Clear,0,1,[],[],0,0,Valid,0.0,1.0,41.0,41.0,['Male'],0,0,2,3,4,Dry,Straight,Level,Lowest,No
11008,13,Georgia,130301,0,1,1,0,1,DOUGLAS,April,16,Sunday,7,36,Urban,Low Speed (Local),No,31.50554722,-82.84826667,Non-Intersection,Daylight,Clear,7:00am-7:59am,57,8:00am-8:59am,3,Not Applicable (Not Transported),Not Applicable (Not Transported),1,Daylight,Clear,1,0,['Driver'],['None_Used'],0,0,Valid,0.0,0.0,58.0,58.0,['Male'],1,0,3,4,3,Dry,Straight,Level,Medium,No
11009,13,Georgia,130302,1,1,1,0,1,DRY BRANCH,February,23,Thursday,3,0,Rural,High Speed (Arterial),Yes,32.67468889,-83.47740556,Non-Intersection,Dark - Not Lighted,Clear,3:00am-3:59am,21,3:00am-3:59am,59,Not Applicable (Not Transported),Not Applicable (Not Transported),1,Dark - Unlighted,Clear,0,1,[],[],0,0,Valid,0.0,0.0,56.0,56.0,['Male'],0,0,4,2,4,Dry,Straight,Level,Lowest,No
11010,13,Georgia,130303,0,2,1,1,1,BRUNSWICK,February,24,Friday,1,53,Urban,Low Speed (Local),No,31.16904167,-81.491575,Non-Intersection,Dark - Not Lighted,Clear,1:00am-1:59am,55,2:00am-2:59am,0,Not Applicable (Not Transported),Not Applicable (Not Transported),1,Dark - Unlighted,Clear,1,0,['Driver'],['None_Used'],0,0,Invalid,0.0,0.0,31.0,31.0,['Male'],1,0,1,4,5,Dry,Curve,Level,Lowest,No
11011,13,Georgia,130304,0,2,2,0,3,MIDWAY,February,24,Friday,2,48,Rural,High Speed (Arterial),Yes,31.83629167,-81.48202778,Non-Intersection,Dark - Not Lighted,Clear,2:00am-2:59am,40,3:00am-3:59am,1,Not Applicable (Not Transported),Not Applicable (Not Transported),3,Dark - Unlighted,Clear,3,0,"['Driver', 'Front_Passenger', 'Driver']","['Shoulder_Lapbelt', 'None_Used', 'None_Used']",1,2,Invalid,0.0,3.0,43.0,33.0,"['Male', 'Male']",0,0,3,4,5,Dry,Straight,Level,Lowest,No
11012,13,Georgia,130305,0,2,2,0,2,WASHINGTON,February,24,Friday,10,16,Rural,Medium Speed (Collector),No,33.71507222,-82.65384167,Non-Intersection,Daylight,Clear,10:00am-10:59am,16,10:00am-10:59am,26,Not Applicable (Not Transported),Not Applicable (Not Transported),1,Daylight,Clear,1,1,['Driver'],['None_Used'],0,0,Valid,0.0,1.0,52.0,38.0,"['Male', 'Male']",0,0,4,4,5,Dry,Curve,Grade/Hillcrest,Lowest,No
11013,13,Georgia,130306,1,1,1,0,1,DECATUR,January,31,Tuesday,18,58,Urban,Medium Speed (Collector),No,33.753425,-84.233475,Non-Intersection,Dark - Not Lighted,Clear,6:00pm-6:59pm,59,7:00pm-7:59pm,17,7:00pm-7:59pm,32,1,Dark - Unlighted,Clear,0,1,[],[],0,0,Valid,0.0,0.0,64.0,64.0,['Female'],0,0,3,3,4,Dry,Straight,Grade/Hillcrest,Lowest,No
11014,13,Georgia,130307,0,1,1,0,1,COLLEGE PARK,April,4,Tuesday,2,45,Urban,High Speed (Arterial),Yes,33.61999444,-84.46240278,Non-Intersection,Dark - Not Lighted,"Fog, Smog, Smoke",3:00am-3:59am,14,3:00am-3:59am,30,4:00am-4:59am,20,1,Dark - Unlighted,Reduced Visibility,1,0,['Driver'],['Shoulder_Lapbelt'],0,0,Valid,0.0,1.0,65.0,65.0,['Male'],0,0,3,4,3,Wet/Standing Water,Curve,Level,Medium,No
11015,13,Georgia,130308,0,1,1,0,2,Other,April,13,Thursday,8,53,Rural,Low Speed (Local),No,33.38268333,-85.27605,Non-Intersection,Daylight,Rain,8:00am-8:59am,56,9:00am-9:59am,6,9:00am-9:59am,46,1,Daylight,Rain/Wind/Minor,1,1,['Driver'],['Shoulder_Lapbelt'],0,0,Valid,0.0,0.0,58.0,58.0,['Female'],2,0,3,4,3,Wet/Standing Water,Curve,Grade/Hillcrest,Lowest,No
11016,13,Georgia,130309,0,2,2,0,2,STOCKBRIDGE,April,14,Friday,3,16,Urban,High Speed (Arterial),Yes,33.46418611,-84.21114167,Non-Intersection,Dark - Lighted,Clear,3:00am-3:59am,13,3:00am-3:59am,29,4:00am-4:59am,5,1,Dark - Lighted,Clear,1,1,['Driver'],['None_Used'],1,1,Valid,0.0,1.0,67.0,43.0,"['Male', 'Male']",0,0,4,4,5,Dry,Straight,Grade/Hillcrest,Lowest,No
11017,13,Georgia,130310,0,1,1,0,1,ATLANTA,April,14,Friday,7,18,Urban,High Speed (Arterial),Yes,33.75776111,-84.47011944,Non-Intersection,Daylight,Cloudy,7:00am-7:59am,50,8:00am-8:59am,45,Not Applicable (Not Transported),Not Applicable (Not Transported),1,Daylight,Reduced Visibility,1,0,['Driver'],['Shoulder_Lapbelt'],0,0,Invalid,0.0,0.0,31.0,31.0,['Male'],1,0,2,4,2,Wet/Standing Water,Curve,Grade/Hillcrest,Lowest,No
11018,13,Georgia,130311,0,1,1,0,1,Other,April,15,Saturday,0,25,Rural,Medium Speed (Collector),Yes,31.35137778,-83.93214722,Non-Intersection,Dark - Not Lighted,Clear,0:00am-0:59am,29,0:00am-0:59am,44,Not Applicable (Not Transported),Not Applicable (Not Transported),1,Dark - Unlighted,Clear,1,0,['Driver'],['None_Used'],1,1,Valid,0.0,0.0,35.0,35.0,['Male'],0,0,2,4,3,Dry,Curve,Grade/Hillcrest,Lowest,No
11019,13,Georgia,130312,0,2,2,0,2,DEWY ROSE,April,16,Sunday,4,55,Rural,High Speed (Arterial),Yes,34.1822,-82.97049167,Non-Intersection,Dark - Not Lighted,Rain,5:00am-5:59am,0,5:00am-5:59am,0,Unknown,Unknown EMS Hospital Arrival Time,1,Dark - Unlighted,Rain/Wind/Minor,1,1,['Driver'],['Shoulder_Lapbelt'],1,1,Invalid,0.0,1.0,33.0,19.0,"['Male', 'Male']",0,0,3,4,5,Wet/Standing Water,Straight,Level,Lowest,No
11020,13,Georgia,130313,0,1,1,0,1,HOSCHTON,April,17,Monday,1,43,Urban,Medium Speed (Collector),No,34.09943333,-83.70585,Non-Intersection,Dark - Not Lighted,Clear,1:00am-1:59am,44,1:00am-1:59am,53,2:00am-2:59am,27,1,Dark - Unlighted,Clear,1,0,['Driver'],['None_Used'],0,0,Valid,1.0,1.0,35.0,35.0,['Male'],1,0,3,4,3,Dry,Curve,Grade/Hillcrest,Lowest,No
11021,13,Georgia,130314,1,1,1,0,1,CEDARTOWN,April,17,Monday,5,0,Urban,High Speed (Arterial),Yes,34.05606389,-85.23292222,Non-Intersection,Dark - Not Lighted,Clear,5:00am-5:59am,0,5:00am-5:59am,5,Not Applicable (Not Transported),Not Applicable (Not Transported),1,Dark - Unlighted,Clear,0,1,[],[],0,0,Valid,0.0,0.0,24.0,24.0,['Male'],0,0,3,3,4,Dry,Straight,Grade/Hillcrest,Lowest,No
11022,13,Georgia,130315,0,2,2,0,2,DOUGLASVILLE,April,17,Monday,16,24,Urban,Medium Speed (Collector),No,33.72921944,-84.75066111,Simple Junction,Daylight,Clear,4:00pm-4:59pm,26,4:00pm-4:59pm,29,5:00pm-5:59pm,35,1,Daylight,Clear,1,1,['Driver'],['None_Used'],1,1,Valid,0.0,0.0,80.0,28.0,"['Male', 'Female']",1,0,5,4,5,Dry,Straight,Level,Lowest,No
11023,13,Georgia,130316,1,1,1,0,1,CLARKSTON,April,17,Monday,19,0,Urban,High Speed (Arterial),Yes,33.79525833,-84.22584167,Non-Intersection,Daylight,Clear,7:00pm-7:59pm,11,7:00pm-7:59pm,11,7:00pm-7:59pm,22,1,Daylight,Clear,0,1,[],[],0,0,Invalid,0.0,0.0,999.0,999.0,['Other'],0,0,3,3,4,Dry,Straight,Grade/Hillcrest,Lowest,No
11024,13,Georgia,130317,1,1,1,0,1,VILLA RICA,April,18,Tuesday,19,51,Urban,High Speed (Arterial),Yes,33.722875,-84.92440278,Non-Intersection,Daylight,Clear,7:00pm-7:59pm,53,8:00pm-8:59pm,12,Not Applicable (Not Transported),Not Applicable (Not Transported),1,Daylight,Clear,0,1,[],[],0,0,Valid,1.0,0.0,23.0,23.0,['Female'],0,0,3,4,4,Dry,Straight,Grade/Hillcrest,Lowest,No
11025,13,Georgia,130318,2,1,1,0,1,ELLABELL,February,24,Friday,19,25,Rural,High Speed (Arterial),Yes,32.17698333,-81.46857222,Non-Intersection,Dark - Not Lighted,Clear,7:00pm-7:59pm,31,7:00pm-7:59pm,34,8:00pm-8:59pm,15,2,Dark - Unlighted,Clear,0,1,[],[],0,0,Valid,0.0,1.0,27.0,27.0,['Male'],0,0,3,2,4,Dry,Straight,Level,Lowest,No
11026,13,Georgia,130319,1,1,1,0,6,CALHOUN,February,24,Friday,22,55,Urban,High Speed (Arterial),Yes,34.55148333,-84.93063056,Non-Intersection,Dark - Not Lighted,Cloudy,10:00pm-10:59pm,54,10:00pm-10:59pm,55,Not Applicable (Not Transported),Not Applicable (Not Transported),1,Dark - Unlighted,Reduced Visibility,0,6,[],[],0,0,Valid,0.0,0.0,46.0,46.0,['Male'],0,0,3,4,4,Wet/Standing Water,Straight,Grade/Hillcrest,Lowest,No
11027,13,Georgia,130320,1,1,1,0,1,FOREST PARK,February,24,Friday,1,0,Urban,High Speed (Arterial),Yes,33.63538056,-84.40116389,Non-Intersection,Dark - Not Lighted,Clear,1:00am-1:59am,8,1:00am-1:59am,20,1:00am-1:59am,30,1,Dark - Unlighted,Clear,0,1,[],[],0,0,Valid,0.0,0.0,32.0,32.0,['Male'],0,0,2,4,4,Dry,Straight,Level,Lowest,No
11028,13,Georgia,130321,0,2,2,0,2,COLUMBUS,February,25,Saturday,11,53,Urban,High Speed (Arterial),Yes,32.51409167,-84.92471111,Non-Intersection,Daylight,Cloudy,12:00pm-12:59pm,5,12:00pm-12:59pm,10,Not Applicable (Not Transported),Not Applicable (Not Transported),1,Daylight,Reduced Visibility,1,1,['Driver'],['None_Used'],0,0,Valid,0.0,0.0,40.0,20.0,"['Female', 'Male']",0,0,3,4,5,Wet/Standing Water,Curve,Grade/Hillcrest,Lowest,No
11029,13,Georgia,130322,0,1,1,0,1,STONE MOUNTAIN,February,25,Saturday,3,45,Urban,Low Speed (Local),No,33.82808611,-84.16584722,Non-Intersection,Dark - Not Lighted,Cloudy,8:00am-8:59am,58,9:00am-9:59am,5,Not Applicable (Not Transported),Not Applicable (Not Transported),1,Dark - Unlighted,Reduced Visibility,1,0,['Driver'],['None_Used'],0,0,Valid,0.0,0.0,60.0,60.0,['Male'],0,0,3,4,2,Wet/Standing Water,Straight,Grade/Hillcrest,Lowest,No
11030,13,Georgia,130323,0,2,2,0,3,NEWINGTON,February,25,Saturday,8,27,Rural,Medium Speed (Collector),No,32.54940556,-81.52077222,Non-Intersection,Daylight,Clear,8:00am-8:59am,27,8:00am-8:59am,52,Not Applicable (Not Transported),Not Applicable (Not Transported),3,Daylight,Clear,3,0,"['Driver', 'Front_Passenger', 'Driver']","['Shoulder_Lapbelt', 'Shoulder_Lapbelt', 'Shoulder_Lapbelt']",1,1,Valid,0.0,0.0,63.0,41.0,"['Male', 'Female']",2,0,3,4,5,Dry,Straight,Level,Lowest,No
11031,13,Georgia,130324,0,3,3,0,4,LA GRANGE,February,25,Saturday,9,17,Urban,Medium Speed (Collector),No,33.02022778,-84.98015833,Simple Junction,Daylight,Rain,9:00am-9:59am,14,9:00am-9:59am,24,9:00am-9:59am,50,2,Daylight,Rain/Wind/Minor,2,2,"['Driver', 'Front_Passenger']","['Shoulder_Lapbelt', 'Shoulder_Lapbelt']",0,0,Valid,0.0,0.0,63.0,23.0,"['Female', 'Male', 'Female']",0,0,3,4,5,Wet/Standing Water,Straight,Grade/Hillcrest,Lowest,No
11032,13,Georgia,130325,0,1,1,0,1,SAVANNAH,April,19,Wednesday,13,30,Urban,High Speed (Arterial),Yes,32.00492222,-81.28300278,Non-Intersection,Daylight,Clear,1:00pm-1:59pm,37,1:00pm-1:59pm,42,2:00pm-2:59pm,17,1,Daylight,Clear,1,0,['Driver'],['None_Used'],0,0,Valid,1.0,5.0,63.0,63.0,['Male'],0,0,3,4,3,Dry,Straight,Level,Lowest,No
11033,13,Georgia,130326,0,4,4,0,4,GAINESVILLE,March,30,Thursday,14,45,Urban,Medium Speed (Collector),No,34.21131389,-83.78818889,Simple Junction,Daylight,Clear,2:00pm-2:59pm,52,2:00pm-2:59pm,59,3:00pm-3:59pm,26,1,Daylight,Clear,1,3,['Driver'],['Shoulder_Lapbelt'],0,0,Valid,1.0,2.0,62.0,20.0,"['Male', 'Female', 'Male', 'Male']",0,0,4,4,5,Dry,Straight,Level,Lowest,No
11034,13,Georgia,130327,1,1,1,0,1,MACON,April,5,Wednesday,2,17,Urban,High Speed (Arterial),Yes,32.86251667,-83.64913889,Non-Intersection,Dark - Not Lighted,Clear,Unknown,Unknown,Unknown EMS Scene Arrival Hour,Unknown EMS Scene Arrival Minutes,Not Applicable (Not Transported),Not Applicable (Not Transported),1,Dark - Unlighted,Clear,0,1,[],[],0,0,Invalid,0.0,0.0,999.0,999.0,['Other'],0,0,1,0,4,Dry,Straight,Level,Lowest,No