,State_Code,State_Name,Crash_ID,Count_Non_Motorists,Count_Vehicles_Total,Count_Vehicle_Forms,Count_PVH_Involved,Count_Occupants_MV,City_Name,Month_Name,Day_of_Month,Day_of_Week,Crash_Hour,Crash_Minute,Area_Rural_Urban,Road_Functional_Class,On_NHS_Road,Latitude,Longitude,Intersection_Type,Light_Condition,Weather_Condition,Notif_Hour,Notif_Minute,Arrival_Hour,Arrival_Minute,Hospital_Hour,Hospital_Minute,Fatalities_Count,Clean_Light_Condition,Clean_Weather_Condition,Total_Killed,Total_Alive,Fatal_Seats_List,Killed_Restraint_List,Any_Driver_Drinking,Total_Drinking_Drivers,Driver_License_Category,Driver_Max_Prev_Accident_Count,Driver_Max_Prev_Speeding_Count,Max_Driver_Age,Min_Driver_Age,Driver_Sex_List,Total_Exceeding_Limit_Vehicles,Total_Too_Fast_Vehicles,Max_Vehicle_Type_Severity_5,Max_Vehicle_Damage_Rank,Max_Harmful_Event_Severity,Crash_Road_Surface_Condition,Crash_Horizontal_Alignment,Crash_Vertical_Profile,Crash_Impairment_Category,Crash_Vehicle_Defect
11035,13,Georgia,130328,0,1,1,0,4,VALDOSTA,April,15,Saturday,19,32,Rural,Low Speed (Local),No,30.71418611,-83.34175278,Non-Intersection,Dusk,Clear,7:00pm-7:59pm,33,7:00pm-7:59pm,45,8:00pm-8:59pm,18,1,Twilight,Clear,1,3,['Rear_Seat'],['None_Used'],1,1,Valid,0.0,0.0,38.0,38.0,['Female'],0,0,3,3,3,Dry,Straight,Level,Lowest,No
11036,13,Georgia,130329,1,1,1,0,1,POOLER,April,16,Sunday,23,0,Urban,Medium Speed (Collector),No,32.09275,-81.25971667,Non-Intersection,Dark - Not Lighted,Cloudy,Unknown,Unknown if Notified,Unknown EMS Scene Arrival Hour,Unknown if Arrived,Not Applicable (Not Transported),Not Applicable (Not Transported),1,Dark - Unlighted,Reduced Visibility,0,1,[],[],0,0,Invalid,0.0,0.0,999.0,999.0,['Other'],0,0,3,3,4,Dry,Straight,Level,Lowest,No
11037,13,Georgia,130330,0,2,2,0,2,COVINGTON,April,17,Monday,5,46,Urban,High Speed (Arterial),No,33.61176667,-83.82536944,Complex/Circle,Dark - Not Lighted,Clear,5:00am-5:59am,47,6:00am-6:59am,0,Not Applicable (Not Transported),Not Applicable (Not Transported),1,Dark - Unlighted,Clear,1,1,['Driver'],['None_Used'],0,0,Valid,0.0,0.0,51.0,25.0,"['Male', 'Male']",0,0,5,4,5,Dry,Straight,Grade/Hillcrest,Lowest,No
11038,13,Georgia,130331,0,1,1,0,1,LEESBURG,April,17,Monday,10,37,Urban,Medium Speed (Collector),No,31.65725556,-84.08887778,Non-Intersection,Daylight,Clear,10:00am-10:59am,34,10:00am-10:59am,37,10:00am-10:59am,44,1,Daylight,Clear,1,0,['Driver'],['Shoulder_Lapbelt'],0,0,Valid,0.0,1.0,67.0,67.0,['Female'],0,0,3,4,3,Dry,Straight,Level,Lowest,No
11039,13,Georgia,130332,0,1,1,0,1,SOCIAL CIRCLE,April,19,Wednesday,19,39,Rural,Medium Speed (Collector),No,33.67687778,-83.72930278,Non-Intersection,Daylight,Clear,7:00pm-7:59pm,39,7:00pm-7:59pm,46,Not Applicable (Not Transported),Not Applicable (Not Transported),1,Daylight,Clear,1,0,['Driver'],['None_Used'],1,1,Valid,0.0,0.0,56.0,56.0,['Male'],0,0,3,4,2,Dry,Curve,Grade/Hillcrest,Lowest,No
11040,13,Georgia,130333,0,2,2,0,2,CLEVELAND,April,20,Thursday,9,50,Rural,Medium Speed (Collector),Yes,34.58184722,-83.68548889,Simple Junction,Daylight,Clear,9:00am-9:59am,52,10:00am-10:59am,1,10:00am-10:59am,22,1,Daylight,Clear,1,1,['Driver'],['Shoulder_Lapbelt'],0,0,Valid,0.0,0.0,62.0,25.0,"['Female', 'Male']",0,0,3,4,5,Dry,Straight,Level,Lowest,No
11041,13,Georgia,130334,0,1,1,0,1,THOMSON,April,20,Thursday,19,48,Rural,Medium Speed (Collector),No,33.62203611,-82.47994167,Non-Intersection,Daylight,Clear,7:00pm-7:59pm,52,8:00pm-8:59pm,2,Not Applicable (Not Transported),Not Applicable (Not Transported),1,Daylight,Clear,1,0,['Driver'],['Shoulder_Lapbelt'],0,0,Invalid,0.0,0.0,75.0,75.0,['Male'],1,0,2,4,3,Dry,Curve,Grade/Hillcrest,Lowest,No
11042,13,Georgia,130335,0,2,2,0,4,WARNER ROBINS,April,20,Thursday,21,15,Urban,Medium Speed (Collector),No,32.64131111,-83.64150278,Simple Junction,Dark - Not Lighted,Clear,9:00pm-9:59pm,15,9:00pm-9:59pm,21,9:00pm-9:59pm,53,1,Dark - Unlighted,Clear,1,3,['Driver'],['None_Used'],1,1,Invalid,0.0,0.0,48.0,40.0,"['Male', 'Male']",0,0,3,4,5,Dry,Straight,Level,Lowest,No
11043,13,Georgia,130336,0,2,2,0,2,MILLEN,April,21,Friday,7,37,Rural,High Speed (Arterial),Yes,32.82661667,-81.94058056,Complex/Circle,Daylight,"Fog, Smog, Smoke",7:00am-7:59am,38,7:00am-7:59am,40,Not Applicable (Not Transported),Not Applicable (Not Transported),1,Daylight,Reduced Visibility,1,1,['Driver'],['Shoulder_Lapbelt'],0,0,Valid,0.0,0.0,59.0,57.0,"['Female', 'Male']",0,0,4,4,5,Dry,Straight,Grade/Hillcrest,Lowest,No
11044,13,Georgia,130337,1,1,1,0,1,BREMEN,April,21,Friday,21,10,Rural,Medium Speed (Collector),No,33.71536389,-85.21884722,Non-Intersection,Dark - Not Lighted,Clear,9:00pm-9:59pm,3,9:00pm-9:59pm,11,9:00pm-9:59pm,47,1,Dark - Unlighted,Clear,0,1,[],[],0,0,Valid,0.0,0.0,63.0,63.0,['Male'],0,0,3,1,4,Dry,Straight,Level,Lowest,No
11045,13,Georgia,130338,0,1,1,0,1,ROME,April,22,Saturday,3,55,Urban,High Speed (Arterial),Yes,34.34772222,-85.17240833,Non-Intersection,Dark - Lighted,Cloudy,3:00am-3:59am,56,4:00am-4:59am,2,Not Applicable (Not Transported),Not Applicable (Not Transported),1,Dark - Lighted,Reduced Visibility,1,0,['Driver'],['Shoulder_Lapbelt'],0,0,Valid,1.0,1.0,30.0,30.0,['Female'],1,0,3,4,2,Wet/Standing Water,Straight,Level,Lowest,No
11046,13,Georgia,130339,0,1,1,0,1,FRANKLIN,April,22,Saturday,12,32,Rural,High Speed (Arterial),Yes,33.31511944,-85.10052222,Non-Intersection,Daylight,Clear,12:00pm-12:59pm,35,12:00pm-12:59pm,38,1:00pm-1:59pm,24,1,Daylight,Clear,1,0,['Driver'],['Shoulder_Lapbelt'],0,0,Valid,0.0,1.0,67.0,67.0,['Male'],0,0,2,4,2,Dry,Curve,Grade/Hillcrest,Lowest,No
11047,13,Georgia,130340,0,2,2,0,3,COLUMBUS,April,23,Sunday,12,36,Urban,Medium Speed (Collector),No,32.47850278,-84.979375,Complex/Circle,Daylight,Clear,12:00pm-12:59pm,44,12:00pm-12:59pm,49,1:00pm-1:59pm,5,1,Daylight,Clear,1,2,['Front_Passenger'],['Shoulder_Lapbelt'],0,0,Valid,0.0,2.0,43.0,20.0,"['Male', 'Female']",0,0,2,4,5,Dry,Straight,Grade/Hillcrest,Lowest,No
11048,13,Georgia,130341,0,2,2,0,2,OCHLOCKNEE,April,23,Sunday,21,43,Rural,High Speed (Arterial),Yes,30.97700833,-84.03694167,Complex/Circle,Dark - Not Lighted,Clear,9:00pm-9:59pm,45,9:00pm-9:59pm,48,10:00pm-10:59pm,0,1,Dark - Unlighted,Clear,1,1,['Driver'],['None_Used'],0,0,Valid,0.0,1.0,49.0,33.0,"['Male', 'Male']",0,0,3,4,5,Dry,Straight,Grade/Hillcrest,Lowest,No
11049,13,Georgia,130342,1,1,1,0,1,MACON,April,24,Monday,7,14,Urban,Medium Speed (Collector),No,32.86302222,-83.73699722,Non-Intersection,Daylight,Cloudy,7:00am-7:59am,16,7:00am-7:59am,20,7:00am-7:59am,42,1,Daylight,Reduced Visibility,0,1,[],[],0,0,Invalid,0.0,0.0,41.0,41.0,['Male'],0,0,3,3,4,Dry,Straight,Grade/Hillcrest,Lowest,No
11050,13,Georgia,130343,0,1,1,0,1,TRION,February,25,Saturday,16,20,Urban,Medium Speed (Collector),No,34.5654,-85.31479167,Non-Intersection,Daylight,Rain,4:00pm-4:59pm,20,4:00pm-4:59pm,33,Not Applicable (Not Transported),Not Applicable (Not Transported),1,Daylight,Rain/Wind/Minor,1,0,['Driver'],['None_Used'],1,1,Valid,0.0,1.0,27.0,27.0,['Male'],1,0,3,4,2,Wet/Standing Water,Curve,Grade/Hillcrest,Lowest,No
11051,13,Georgia,130344,0,1,1,0,2,NOT APPLICABLE,February,25,Saturday,19,3,Rural,Medium Speed (Collector),No,34.98460278,-83.91338889,Non-Intersection,Dark - Not Lighted,Rain,6:00pm-6:59pm,56,7:00pm-7:59pm,5,Not Applicable (Not Transported),Not Applicable (Not Transported),1,Dark - Unlighted,Rain/Wind/Minor,1,1,['Driver'],['None_Used'],1,1,Valid,0.0,0.0,60.0,60.0,['Female'],0,0,3,4,2,Wet/Standing Water,Curve,Level,Lowest,No
11052,13,Georgia,130345,0,2,2,0,2,SUWANEE,February,26,Sunday,0,5,Urban,Low Speed (Local),No,34.07845556,-84.08333889,Non-Intersection,Dark - Not Lighted,Clear,0:00am-0:59am,5,0:00am-0:59am,16,0:00am-0:59am,52,1,Dark - Unlighted,Clear,1,1,['Driver'],['None_Used'],0,0,Valid,0.0,0.0,17.0,16.0,"['Male', 'Male']",0,0,2,4,5,Dry,Curve,Level,Lowest,No
11053,13,Georgia,130346,0,1,1,0,1,PENDERGRASS,February,26,Sunday,3,0,Urban,High Speed (Arterial),Yes,34.18851944,-83.59003056,Non-Intersection,Dark - Not Lighted,Cloudy,3:00am-3:59am,4,3:00am-3:59am,14,Not Applicable (Not Transported),Not Applicable (Not Transported),1,Dark - Unlighted,Reduced Visibility,1,0,['Driver'],['Shoulder_Lapbelt'],0,0,Valid,0.0,1.0,57.0,57.0,['Male'],0,0,3,4,3,Dry,Straight,Grade/Hillcrest,Lowest,No
11054,13,Georgia,130347,1,1,1,0,1,VALDOSTA,March,20,Monday,14,28,Urban,High Speed (Arterial),Yes,30.85138056,-83.28065556,Non-Intersection,Daylight,Clear,Unknown,Unknown,Unknown EMS Scene Arrival Hour,Unknown EMS Scene Arrival Minutes,Unknown,Unknown EMS Hospital Arrival Time,1,Daylight,Clear,0,1,[],[],0,0,Valid,0.0,0.0,18.0,18.0,['Female'],0,0,2,2,4,Dry,Straight,Level,Lowest,No
11055,13,Georgia,130348,0,2,2,0,2,LA GRANGE,March,30,Thursday,4,38,Urban,High Speed (Arterial),Yes,33.00221944,-85.01446944,Non-Intersection,Dark - Lighted,Clear,4:00am-4:59am,41,4:00am-4:59am,47,5:00am-5:59am,15,1,Dark - Lighted,Clear,1,1,['Driver'],['Shoulder_Lapbelt'],0,0,Valid,0.0,0.0,67.0,53.0,"['Male', 'Male']",0,0,4,4,5,Dry,Straight,Level,Lowest,No
11056,13,Georgia,130349,0,2,2,0,4,NORCROSS,April,16,Sunday,1,16,Urban,High Speed (Arterial),Yes,33.89052222,-84.19516389,Simple Junction,Dark - Lighted,Clear,1:00am-1:59am,18,1:00am-1:59am,26,1:00am-1:59am,40,3,Dark - Lighted,Clear,3,1,"['Driver', 'Front_Passenger', 'Rear_Seat']","['Shoulder_Lapbelt', 'None_Used', 'None_Used']",1,2,Invalid,0.0,0.0,43.0,32.0,"['Male', 'Male']",1,0,3,4,5,Dry,Straight,Level,Lowest,No
11057,13,Georgia,130350,0,2,2,0,3,JASPER,April,21,Friday,15,10,Urban,High Speed (Arterial),Yes,34.45140556,-84.45104722,Complex/Circle,Daylight,Clear,3:00pm-3:59pm,9,3:00pm-3:59pm,15,4:00pm-4:59pm,4,1,Daylight,Clear,1,2,['Driver'],['Shoulder_Lapbelt'],0,0,Valid,0.0,0.0,79.0,19.0,"['Female', 'Male']",0,0,2,4,5,Dry,Straight,Level,Lowest,No
11058,13,Georgia,130351,0,1,1,0,3,Not Reported,April,22,Saturday,0,48,Urban,High Speed (Arterial),Yes,34.24869722,-84.78137778,Non-Intersection,Dark - Not Lighted,Cloudy,0:00am-0:59am,48,0:00am-0:59am,57,Not Applicable (Not Transported),Not Applicable (Not Transported),1,Dark - Unlighted,Reduced Visibility,1,2,['Rear_Seat'],['None_Used'],0,0,Invalid,0.0,0.0,999.0,999.0,['Other'],0,0,3,4,3,Dry,Curve,Level,Lowest,No
11059,13,Georgia,130352,0,1,1,0,3,POWDER SPRINGS,April,22,Saturday,11,27,Urban,Low Speed (Local),No,33.8261,-84.70439167,Non-Intersection,Daylight,Clear,11:00am-11:59am,36,11:00am-11:59am,40,12:00pm-12:59pm,12,1,Daylight,Clear,1,2,['Rear_Seat'],['Shoulder_Lapbelt'],1,1,Valid,0.0,0.0,38.0,38.0,['Male'],0,0,2,4,3,Dry,Curve,Grade/Hillcrest,Lowest,No
11060,13,Georgia,130353,0,2,2,0,2,TENNGA,April,24,Monday,4,20,Rural,Medium Speed (Collector),No,34.82611667,-84.83718889,Non-Intersection,Dark - Not Lighted,Clear,4:00am-4:59am,28,4:00am-4:59am,50,5:00am-5:59am,5,1,Dark - Unlighted,Clear,1,1,['Driver'],['None_Used'],0,0,Invalid,0.0,1.0,49.0,31.0,"['Male', 'Male']",0,0,3,4,5,Dry,Straight,Level,Lowest,No
11061,13,Georgia,130354,0,1,1,0,1,COCHRAN,April,24,Monday,12,44,Urban,Medium Speed (Collector),No,32.38102778,-83.35463889,Non-Intersection,Daylight,Clear,12:00pm-12:59pm,44,12:00pm-12:59pm,46,1:00pm-1:59pm,14,1,Daylight,Clear,1,0,['Driver'],['None_Used'],0,0,Valid,0.0,0.0,65.0,65.0,['Male'],0,0,3,4,3,Dry,Straight,Level,Lowest,No
11062,13,Georgia,130355,1,1,1,0,1,ADAIRSVILLE,April,26,Wednesday,0,28,Rural,Medium Speed (Collector),Yes,34.38588889,-84.93486667,Non-Intersection,Dark - Not Lighted,Cloudy,0:00am-0:59am,28,0:00am-0:59am,29,1:00am-1:59am,29,1,Dark - Unlighted,Reduced Visibility,0,1,[],[],0,0,Valid,2.0,0.0,22.0,22.0,['Male'],0,0,2,4,4,Dry,Straight,Level,Lowest,No
11063,13,Georgia,130356,0,2,2,0,2,DUBLIN,April,26,Wednesday,5,10,Rural,High Speed (Arterial),Yes,32.43589444,-82.70589167,Non-Intersection,Dark - Not Lighted,Clear,5:00am-5:59am,6,5:00am-5:59am,31,Not Applicable (Not Transported),Not Applicable (Not Transported),1,Dark - Unlighted,Clear,1,1,['Driver'],['Shoulder_Lapbelt'],0,0,Valid,0.0,1.0,37.0,27.0,"['Male', 'Female']",0,0,4,4,5,Dry,Straight,Grade/Hillcrest,Lowest,No
11064,13,Georgia,130357,0,1,1,0,2,AUGUSTA,April,26,Wednesday,17,54,Urban,Low Speed (Local),No,33.49003333,-82.09282778,Simple Junction,Daylight,Cloudy,5:00pm-5:59pm,58,6:00pm-6:59pm,5,Not Applicable (Not Transported),Not Applicable (Not Transported),1,Daylight,Reduced Visibility,1,1,['Front_Passenger'],['None_Used'],0,0,Valid,0.0,0.0,19.0,19.0,['Male'],0,0,2,4,3,Dry,Curve,Level,Lowest,No
11065,13,Georgia,130358,0,1,1,0,2,ALBANY,April,28,Friday,16,23,Rural,Medium Speed (Collector),No,31.53850556,-84.31577778,Non-Intersection,Daylight,Clear,4:00pm-4:59pm,23,5:00pm-5:59pm,0,Not Applicable (Not Transported),Not Applicable (Not Transported),1,Daylight,Clear,1,1,['Driver'],['Shoulder_Lapbelt'],0,0,Valid,0.0,1.0,34.0,34.0,['Male'],0,0,3,4,3,Dry,Curve,Level,Lowest,No
11066,13,Georgia,130359,0,1,1,0,1,RINGGOLD,April,29,Saturday,2,53,Urban,Medium Speed (Collector),No,34.92937778,-85.22302778,Non-Intersection,Dark - Not Lighted,Clear,2:00am-2:59am,56,3:00am-3:59am,3,Not Applicable (Not Transported),Not Applicable (Not Transported),1,Dark - Unlighted,Clear,1,0,['Driver'],['None_Used'],0,0,Valid,0.0,2.0,21.0,21.0,['Male'],0,0,3,4,3,Dry,Curve,Grade/Hillcrest,Lowest,No
11067,13,Georgia,130360,2,2,2,0,1,AVONDALE ESTATES,February,26,Sunday,3,45,Urban,High Speed (Arterial),Yes,33.77859167,-84.24210556,Non-Intersection,Dark - Lighted,Clear,3:00am-3:59am,45,3:00am-3:59am,55,Not Applicable (Not Transported),Not Applicable (Not Transported),2,Dark - Lighted,Clear,0,1,[],[],0,0,Valid,1.0,1.0,32.0,32.0,['Female'],0,0,2,4,5,Dry,Straight,Level,Lowest,No
11068,13,Georgia,130361,0,1,1,0,1,AUGUSTA,February,10,Friday,11,25,Urban,High Speed (Arterial),Yes,33.41336389,-81.97312778,Non-Intersection,Daylight,Cloudy,Unknown,Unknown,Unknown EMS Scene Arrival Hour,Unknown if Arrived,Not Applicable (Not Transported),Not Applicable (Not Transported),1,Daylight,Reduced Visibility,1,0,['Driver'],['Shoulder_Lapbelt'],0,0,Valid,0.0,0.0,48.0,48.0,['Female'],0,0,4,4,3,Dry,Straight,Level,Lowest,No
11069,13,Georgia,130362,0,1,1,0,1,FLOVILLA,February,26,Sunday,3,14,Urban,Medium Speed (Collector),No,33.27641944,-83.89773611,Non-Intersection,Dark - Not Lighted,Cloudy,3:00am-3:59am,16,3:00am-3:59am,26,Not Applicable (Not Transported),Not Applicable (Not Transported),1,Dark - Unlighted,Reduced Visibility,1,0,['Driver'],['None_Used'],0,0,Valid,0.0,0.0,27.0,27.0,['Male'],1,0,2,4,3,Wet/Standing Water,Straight,Grade/Hillcrest,Lowest,No
11070,13,Georgia,130363,0,1,1,0,1,MOULTRIE,February,10,Friday,13,39,Rural,Medium Speed (Collector),No,31.16005556,-83.679075,Complex/Circle,Daylight,Rain,1:00pm-1:59pm,41,1:00pm-1:59pm,45,Not Applicable (Not Transported),Not Applicable (Not Transported),1,Daylight,Rain/Wind/Minor,1,0,['Driver'],['Shoulder_Lapbelt'],0,0,Invalid,0.0,0.0,15.0,15.0,['Female'],1,0,2,4,3,Wet/Standing Water,Curve,Level,Lowest,No
11071,13,Georgia,130364,1,1,1,0,1,ATLANTA,January,7,Saturday,6,34,Urban,High Speed (Arterial),Yes,33.73048611,-84.3925,Non-Intersection,Dawn,Clear,6:00am-6:59am,52,6:00am-6:59am,55,Not Applicable (Not Transported),Not Applicable (Not Transported),1,Twilight,Clear,0,1,[],[],0,0,Invalid,0.0,0.0,999.0,999.0,['Other'],0,0,1,0,4,Dry,Straight,Level,Lowest,No
11072,13,Georgia,130365,0,2,2,0,5,BROOKHAVEN,February,26,Sunday,4,24,Urban,High Speed (Arterial),Yes,33.83058889,-84.33869722,Non-Intersection,Dark - Not Lighted,Clear,4:00am-4:59am,30,4:00am-4:59am,39,5:00am-5:59am,2,1,Dark - Unlighted,Clear,1,4,['Rear_Seat'],['None_Used'],0,0,Valid,0.0,1.0,62.0,49.0,"['Male', 'Male']",0,0,2,4,5,Dry,Straight,Level,Lowest,No
11073,13,Georgia,130366,0,1,1,0,2,BLAKELY,February,10,Friday,15,30,Rural,Low Speed (Local),No,31.43498056,-84.97721667,Complex/Circle,Daylight,Cloudy,4:00pm-4:59pm,1,4:00pm-4:59pm,1,Unknown,Unknown EMS Hospital Arrival Time,1,Daylight,Reduced Visibility,1,1,['Driver'],['None_Used'],0,0,Valid,0.0,0.0,20.0,20.0,['Female'],0,0,3,4,3,Dry,Straight,Grade/Hillcrest,Lowest,No
11074,13,Georgia,130367,0,2,2,0,2,CRAWFORD,February,27,Monday,14,29,Rural,High Speed (Arterial),Yes,33.88457222,-83.16611389,Simple Junction,Daylight,Cloudy,2:00pm-2:59pm,33,2:00pm-2:59pm,35,3:00pm-3:59pm,5,1,Daylight,Reduced Visibility,1,1,['Driver'],['Lapbelt_Only'],0,0,Valid,0.0,1.0,67.0,64.0,"['Male', 'Male']",0,0,3,4,5,Dry,Straight,Grade/Hillcrest,Lowest,No
11075,13,Georgia,130368,0,3,3,0,9,TOCCOA,February,10,Friday,16,40,Urban,Low Speed (Local),No,34.57082222,-83.28316111,Non-Intersection,Daylight,Cloudy,4:00pm-4:59pm,44,Unknown EMS Scene Arrival Hour,Unknown EMS Scene Arrival Minutes,Unknown,Unknown EMS Hospital Arrival Time,1,Daylight,Reduced Visibility,1,8,['Front_Passenger'],['Shoulder_Lapbelt'],1,1,Invalid,0.0,0.0,59.0,30.0,"['Female', 'Male', 'Male']",0,0,3,4,5,Dry,Curve,Grade/Hillcrest,Lowest,No
11076,13,Georgia,130369,0,2,2,0,2,GAINESVILLE,February,10,Friday,16,42,Urban,Medium Speed (Collector),No,34.28072222,-83.882375,Simple Junction,Daylight,Clear,4:00pm-4:59pm,47,4:00pm-4:59pm,49,5:00pm-5:59pm,15,1,Daylight,Clear,1,1,['Driver'],['None_Used'],0,0,Valid,0.0,0.0,74.0,31.0,"['Male', 'Male']",1,0,5,4,5,Dry,Straight,Grade/Hillcrest,Lowest,No
11077,13,Georgia,130370,0,1,1,0,1,JUNCTION CITY,February,10,Friday,21,17,Rural,High Speed (Arterial),Yes,32.59736667,-84.44843889,Non-Intersection,Dark - Not Lighted,Rain,9:00pm-9:59pm,13,9:00pm-9:59pm,27,Not Applicable (Not Transported),Not Applicable (Not Transported),1,Dark - Unlighted,Rain/Wind/Minor,1,0,['Driver'],['None_Used'],1,1,Valid,0.0,0.0,46.0,46.0,['Male'],1,0,3,4,3,Wet/Standing Water,Curve,Grade/Hillcrest,Lowest,No
11078,13,Georgia,130371,0,1,1,0,1,Other,February,10,Friday,21,50,Rural,Low Speed (Local),No,34.507875,-83.84752778,Non-Intersection,Dark - Not Lighted,Clear,9:00pm-9:59pm,55,10:00pm-10:59pm,13,11:00pm-11:59pm,30,1,Dark - Unlighted,Clear,1,0,['Driver'],['None_Used'],0,0,Valid,0.0,0.0,47.0,47.0,['Male'],0,0,2,4,3,Dry,Curve,Grade/Hillcrest,Lowest,No
11079,13,Georgia,130372,0,3,3,0,3,DAWSONVILLE,February,27,Monday,15,52,Rural,Medium Speed (Collector),No,34.41343611,-84.027,Non-Intersection,Daylight,Cloudy,3:00pm-3:59pm,55,4:00pm-4:59pm,1,4:00pm-4:59pm,47,1,Daylight,Reduced Visibility,1,2,['Driver'],['Shoulder_Lapbelt'],0,0,Valid,0.0,0.0,66.0,36.0,"['Male', 'Male', 'Female']",0,0,3,4,5,Wet/Standing Water,Curve,Grade/Hillcrest,Lowest,No
11080,13,Georgia,130373,0,1,1,0,1,CLEVELAND,February,27,Monday,22,5,Rural,Medium Speed (Collector),No,34.53633889,-83.77458889,Non-Intersection,Dark - Not Lighted,Cloudy,10:00pm-10:59pm,5,10:00pm-10:59pm,10,11:00pm-11:59pm,10,1,Dark - Unlighted,Reduced Visibility,1,0,['Driver'],['None_Used'],0,0,Valid,0.0,0.0,22.0,22.0,['Male'],1,0,2,4,3,Dry,Curve,Grade/Hillcrest,Lowest,No
11081,13,Georgia,130374,0,3,3,0,5,CHAMBLEE,March,14,Tuesday,17,23,Urban,Medium Speed (Collector),No,33.87290278,-84.29031389,Non-Intersection,Daylight,Clear,5:00pm-5:59pm,28,5:00pm-5:59pm,51,Not Applicable (Not Transported),Not Applicable (Not Transported),1,Daylight,Clear,1,4,['Driver'],['None_Used'],0,0,Invalid,0.0,0.0,55.0,20.0,"['Male', 'Male', 'Male']",3,0,3,4,5,Dry,Straight,Level,Lowest,No
11082,13,Georgia,130375,0,1,1,0,1,COVINGTON,March,28,Tuesday,2,44,Rural,Medium Speed (Collector),No,33.4245,-83.84976944,Non-Intersection,Dark - Lighted,"Fog, Smog, Smoke",2:00am-2:59am,44,2:00am-2:59am,58,Not Applicable (Not Transported),Not Applicable (Not Transported),1,Dark - Lighted,Reduced Visibility,1,0,['Driver'],['None_Used'],0,0,Valid,0.0,0.0,23.0,23.0,['Male'],0,0,3,4,3,Wet/Standing Water,Curve,Level,Lowest,No
11083,13,Georgia,130376,0,2,2,0,2,FORT VALLEY,April,11,Tuesday,17,17,Rural,Medium Speed (Collector),No,32.60375833,-83.74809167,Simple Junction,Daylight,Clear,5:00pm-5:59pm,20,5:00pm-5:59pm,21,5:00pm-5:59pm,40,1,Daylight,Clear,1,1,['Driver'],['None_Used'],0,0,Valid,0.0,1.0,59.0,40.0,"['Male', 'Male']",0,0,5,4,5,Dry,Straight,Grade/Hillcrest,Lowest,No
11084,13,Georgia,130377,0,2,2,0,3,STATESBORO,April,14,Friday,21,1,Urban,High Speed (Arterial),Yes,32.43864167,-81.76298889,Non-Intersection,Dark - Lighted,Clear,9:00pm-9:59pm,5,9:00pm-9:59pm,12,9:00pm-9:59pm,51,1,Dark - Lighted,Clear,1,2,['Front_Passenger'],['Shoulder_Lapbelt'],0,0,Valid,0.0,0.0,76.0,38.0,"['Female', 'Female']",0,0,3,4,5,Dry,Straight,Level,Lowest,No
11085,13,Georgia,130378,0,2,2,0,4,BUFORD,April,15,Saturday,8,15,Urban,High Speed (Arterial),Yes,34.05552222,-84.00569722,Non-Intersection,Daylight,Clear,Unknown,Unknown,Unknown EMS Scene Arrival Hour,Unknown EMS Scene Arrival Minutes,Unknown,Unknown EMS Hospital Arrival Time,1,Daylight,Clear,1,3,['Driver'],['None_Used'],0,0,Valid,0.0,0.0,61.0,47.0,"['Male', 'Female']",0,0,3,4,5,Dry,Straight,Level,Lowest,No
11086,13,Georgia,130379,2,4,4,0,5,MARIETTA,April,18,Tuesday,5,14,Urban,High Speed (Arterial),Yes,33.93769722,-84.49904167,Non-Intersection,Dark - Not Lighted,Clear,Unknown,Unknown,Unknown EMS Scene Arrival Hour,Unknown EMS Scene Arrival Minutes,Unknown,Unknown EMS Hospital Arrival Time,2,Dark - Unlighted,Clear,0,5,[],[],0,0,Valid,0.0,1.0,72.0,23.0,"['Male', 'Female', 'Male']",0,0,3,4,5,Dry,Straight,Grade/Hillcrest,Lowest,No
11087,13,Georgia,130381,0,1,1,0,1,Not Reported,April,28,Friday,17,34,Rural,Low Speed (Local),No,32.95630833,-81.82888333,Non-Intersection,Daylight,Clear,5:00pm-5:59pm,38,5:00pm-5:59pm,54,Not Applicable (Not Transported),Not Applicable (Not Transported),1,Daylight,Clear,1,0,['Driver'],['None_Used'],0,0,Valid,0.0,1.0,30.0,30.0,['Male'],1,0,5,4,3,Dry,Straight,Level,Lowest,No
11088,13,Georgia,130382,0,1,1,0,1,COLLEGE PARK,April,26,Wednesday,5,15,Urban,High Speed (Arterial),Yes,33.61869167,-84.43385833,Non-Intersection,Dark - Not Lighted,Clear,5:00am-5:59am,17,5:00am-5:59am,23,Not Applicable (Not Transported),Not Applicable (Not Transported),1,Dark - Unlighted,Clear,1,0,['Driver'],['None_Used'],0,0,Valid,0.0,1.0,50.0,50.0,['Female'],1,0,3,4,3,Dry,Curve,Grade/Hillcrest,Lowest,No
11089,13,Georgia,130383,0,2,2,0,4,COLUMBUS,April,27,Thursday,21,55,Urban,High Speed (Arterial),Yes,32.550175,-84.78419167,Non-Intersection,Dark - Not Lighted,Cloudy,10:00pm-10:59pm,1,10:00pm-10:59pm,14,10:00pm-10:59pm,39,1,Dark - Unlighted,Reduced Visibility,1,3,['Front_Passenger'],['Shoulder_Lapbelt'],0,0,Valid,0.0,1.0,46.0,17.0,"['Male', 'Male']",3,0,4,4,5,Wet/Standing Water,Curve,Grade/Hillcrest,Lowest,No
11090,13,Georgia,130384,0,2,2,0,3,GROVETOWN,April,28,Friday,12,49,Urban,Medium Speed (Collector),No,33.50628056,-82.18436667,Non-Intersection,Daylight,Clear,12:00pm-12:59pm,49,12:00pm-12:59pm,51,12:00pm-12:59pm,57,1,Daylight,Clear,1,2,['Rear_Seat'],['Child_Safety'],0,0,Valid,0.0,1.0,65.0,29.0,"['Female', 'Female']",0,0,3,4,5,Dry,Straight,Grade/Hillcrest,Lowest,No