,State_Code,State_Name,Crash_ID,Count_Non_Motorists,Count_Vehicles_Total,Count_Vehicle_Forms,Count_PVH_Involved,Count_Occupants_MV,City_Name,Month_Name,Day_of_Month,Day_of_Week,Crash_Hour,Crash_Minute,Area_Rural_Urban,Road_Functional_Class,On_NHS_Road,Latitude,Longitude,Intersection_Type,Light_Condition,Weather_Condition,Notif_Hour,Notif_Minute,Arrival_Hour,Arrival_Minute,Hospital_Hour,Hospital_Minute,Fatalities_Count,Clean_Light_Condition,Clean_Weather_Condition,Total_Killed,Total_Alive,Fatal_Seats_List,Killed_Restraint_List,Any_Driver_Drinking,Total_Drinking_Drivers,Driver_License_Category,Driver_Max_Prev_Accident_Count,Driver_Max_Prev_Speeding_Count,Max_Driver_Age,Min_Driver_Age,Driver_Sex_List,Total_Exceeding_Limit_Vehicles,Total_Too_Fast_Vehicles,Max_Vehicle_Type_Severity_5,Max_Vehicle_Damage_Rank,Max_Harmful_Event_Severity,Crash_Road_Surface_Condition,Crash_Horizontal_Alignment,Crash_Vertical_Profile,Crash_Impairment_Category,Crash_Vehicle_Defect
11091,13,Georgia,130385,0,2,2,0,6,NOT APPLICABLE,April,8,Saturday,15,0,Rural,Medium Speed (Collector),No,33.56733611,-83.760675,Non-Intersection,Daylight,Rain,Unknown,Unknown,Unknown EMS Scene Arrival Hour,Unknown EMS Scene Arrival Minutes,Unknown,Unknown EMS Hospital Arrival Time,5,Daylight,Rain/Wind/Minor,5,1,"['Driver', 'Non_Standard_Risk', 'Rear_Seat', 'Rear_Seat', 'Non_Standard_Risk']","['None_Used', 'None_Used', 'None_Used', 'None_Used', 'None_Used']",0,0,Valid,0.0,0.0,26.0,16.0,"['Male', 'Female']",0,0,3,4,5,Wet/Standing Water,Straight,Level,Lowest,No
11092,13,Georgia,130386,1,1,1,0,2,WOODSTOCK,April,28,Friday,23,12,Urban,High Speed (Arterial),Yes,34.08789722,-84.57589444,Non-Intersection,Dark - Lighted,Clear,11:00pm-11:59pm,12,11:00pm-11:59pm,17,11:00pm-11:59pm,57,1,Dark - Lighted,Clear,0,2,[],[],0,0,Valid,0.0,0.0,30.0,30.0,['Female'],0,0,3,3,4,Dry,Straight,Level,Lowest,No
11093,13,Georgia,130388,0,1,1,0,1,HAZLEHURST,April,29,Saturday,21,5,Rural,Medium Speed (Collector),No,31.79953889,-82.67198056,Non-Intersection,Dark - Not Lighted,Rain,9:00pm-9:59pm,6,9:00pm-9:59pm,12,Not Applicable (Not Transported),Not Applicable (Not Transported),1,Dark - Unlighted,Rain/Wind/Minor,1,0,['Driver'],['Shoulder_Lapbelt'],0,0,Valid,0.0,1.0,22.0,22.0,['Male'],1,0,2,4,3,Wet/Standing Water,Straight,Level,Lowest,No
11094,13,Georgia,130389,0,1,1,0,1,Other,April,30,Sunday,20,20,Urban,High Speed (Arterial),Yes,31.62291667,-84.23351389,Non-Intersection,Dark - Lighted,Clear,8:00pm-8:59pm,23,8:00pm-8:59pm,26,Not Applicable (Not Transported),Not Applicable (Not Transported),1,Dark - Lighted,Clear,1,0,['Driver'],['None_Used'],0,0,Valid,0.0,3.0,32.0,32.0,['Male'],0,0,2,4,2,Dry,Curve,Grade/Hillcrest,Lowest,No
11095,13,Georgia,130390,0,2,1,1,1,THOMASVILLE,May,1,Monday,14,52,Urban,Low Speed (Local),No,30.82919444,-83.99243611,Non-Intersection,Daylight,Cloudy,2:00pm-2:59pm,53,2:00pm-2:59pm,59,3:00pm-3:59pm,23,1,Daylight,Reduced Visibility,1,0,['Driver'],['None_Used'],0,0,Invalid,0.0,0.0,47.0,47.0,['Male'],1,0,2,4,3,Dry,Straight,Grade/Hillcrest,Lowest,No
11096,13,Georgia,130391,1,1,1,0,1,LITHONIA,February,19,Sunday,20,10,Urban,Medium Speed (Collector),No,33.70211389,-84.11615278,Non-Intersection,Dark - Lighted,Clear,Unknown,Unknown,Unknown EMS Scene Arrival Hour,Unknown if Arrived,Not Applicable (Not Transported),Not Applicable (Not Transported),1,Dark - Lighted,Clear,0,1,[],[],0,0,Valid,0.0,6.0,28.0,28.0,['Male'],0,0,2,3,4,Dry,Straight,Grade/Hillcrest,Lowest,No
11097,13,Georgia,130392,1,1,1,0,1,ATHENS,February,24,Friday,21,15,Urban,High Speed (Arterial),Yes,33.94954167,-83.41101389,Non-Intersection,Dark - Not Lighted,Rain,9:00pm-9:59pm,18,9:00pm-9:59pm,20,9:00pm-9:59pm,29,1,Dark - Unlighted,Rain/Wind/Minor,0,1,[],[],0,0,Valid,1.0,0.0,22.0,22.0,['Male'],0,0,3,3,4,Wet/Standing Water,Straight,Grade/Hillcrest,Lowest,No
11098,13,Georgia,130393,0,1,1,0,1,SMYRNA,April,12,Wednesday,4,49,Urban,Medium Speed (Collector),No,33.82766944,-84.45928889,Non-Intersection,Dark - Not Lighted,Cloudy,Unknown,Unknown if Notified,Unknown EMS Scene Arrival Hour,Unknown if Arrived,Not Applicable (Not Transported),Not Applicable (Not Transported),1,Dark - Unlighted,Reduced Visibility,1,0,['Driver'],['None_Used'],0,0,Valid,0.0,0.0,44.0,44.0,['Male'],0,0,4,4,3,Dry,Straight,Grade/Hillcrest,Lowest,Yes
11099,13,Georgia,130394,0,2,2,0,3,NORCROSS,April,21,Friday,13,53,Urban,High Speed (Arterial),No,34.03328611,-84.10645278,Non-Intersection,Daylight,Clear,1:00pm-1:59pm,53,1:00pm-1:59pm,55,2:00pm-2:59pm,17,2,Daylight,Clear,2,1,"['Driver', 'Front_Passenger']","['Shoulder_Lapbelt', 'Shoulder_Lapbelt']",1,1,Valid,0.0,0.0,52.0,52.0,"['Male', 'Female']",0,0,3,4,5,Dry,Curve,Level,Lowest,No
11100,13,Georgia,130395,0,2,2,0,2,NOT APPLICABLE,May,1,Monday,6,53,Rural,High Speed (Arterial),Yes,32.12243611,-82.79195833,Simple Junction,Daylight,Clear,6:00am-6:59am,55,6:00am-6:59am,57,Unknown,Unknown EMS Hospital Arrival Time,1,Daylight,Clear,1,1,['Driver'],['Shoulder_Lapbelt'],0,0,Valid,0.0,0.0,69.0,45.0,"['Male', 'Male']",0,0,4,4,5,Dry,Straight,Level,Lowest,No
11101,13,Georgia,130396,1,1,1,0,1,Not Reported,May,2,Tuesday,21,10,Urban,Low Speed (Local),No,33.81060278,-84.03816667,Non-Intersection,Dark - Not Lighted,Cloudy,9:00pm-9:59pm,14,9:00pm-9:59pm,20,Not Applicable (Not Transported),Not Applicable (Not Transported),1,Dark - Unlighted,Reduced Visibility,0,1,[],[],0,0,Valid,1.0,0.0,29.0,29.0,['Male'],0,0,2,2,4,Dry,Straight,Level,Lowest,No
11102,13,Georgia,130397,1,1,1,0,3,CANTON,May,2,Tuesday,21,49,Urban,Medium Speed (Collector),No,34.21851389,-84.50670278,Non-Intersection,Dark - Not Lighted,Clear,Unknown,Unknown,Unknown EMS Scene Arrival Hour,Unknown EMS Scene Arrival Minutes,Not Applicable (Not Transported),Not Applicable (Not Transported),1,Dark - Unlighted,Clear,0,3,[],[],0,0,Valid,0.0,0.0,61.0,61.0,['Male'],0,0,3,2,4,Dry,Curve,Grade/Hillcrest,Lowest,No
11103,13,Georgia,130398,1,1,1,0,1,AUGUSTA,May,3,Wednesday,3,21,Urban,High Speed (Arterial),Yes,33.44985833,-81.93378056,Non-Intersection,Dark - Not Lighted,Clear,Unknown,Unknown,Unknown EMS Scene Arrival Hour,Unknown EMS Scene Arrival Minutes,Not Applicable (Not Transported),Not Applicable (Not Transported),1,Dark - Unlighted,Clear,0,1,[],[],0,0,Valid,0.0,1.0,51.0,51.0,['Male'],0,0,3,4,4,Dry,Straight,Level,Lowest,No
11104,13,Georgia,130399,0,2,2,0,2,Not Reported,May,3,Wednesday,13,4,Urban,High Speed (Arterial),Yes,34.219,-84.84328611,Complex/Circle,Daylight,Clear,1:00pm-1:59pm,7,1:00pm-1:59pm,22,Unknown,Unknown EMS Hospital Arrival Time,1,Daylight,Clear,1,1,['Driver'],['Shoulder_Lapbelt'],0,0,Valid,0.0,2.0,44.0,43.0,"['Male', 'Male']",0,0,3,4,5,Dry,Straight,Grade/Hillcrest,Lowest,No
11105,13,Georgia,130400,1,1,1,0,1,NOT APPLICABLE,February,1,Wednesday,0,41,Urban,Medium Speed (Collector),No,33.57013056,-84.31146111,Non-Intersection,Dark - Not Lighted,Rain,0:00am-0:59am,42,0:00am-0:59am,45,Not Applicable (Not Transported),Not Applicable (Not Transported),1,Dark - Unlighted,Rain/Wind/Minor,0,1,[],[],0,0,Valid,0.0,0.0,29.0,29.0,['Female'],0,0,3,3,4,Wet/Standing Water,Straight,Level,Lowest,No
11106,13,Georgia,130401,0,1,1,0,1,NOT APPLICABLE,February,1,Wednesday,1,47,Rural,Medium Speed (Collector),No,33.614825,-83.59395833,Non-Intersection,Dark - Not Lighted,Cloudy,1:00am-1:59am,48,2:00am-2:59am,2,2:00am-2:59am,27,1,Dark - Unlighted,Reduced Visibility,1,0,['Driver'],['None_Used'],0,0,Valid,0.0,0.0,53.0,53.0,['Female'],0,0,2,4,3,Dry,Straight,Level,Medium,No
11107,13,Georgia,130402,0,3,3,0,4,FAIRBURN,February,12,Sunday,20,2,Urban,High Speed (Arterial),Yes,33.55298333,-84.56144444,Non-Intersection,Dark - Not Lighted,Clear,8:00pm-8:59pm,3,8:00pm-8:59pm,7,8:00pm-8:59pm,42,1,Dark - Unlighted,Clear,1,3,['Front_Passenger'],['Shoulder_Lapbelt'],0,0,Valid,0.0,0.0,75.0,18.0,"['Female', 'Female', 'Female']",0,0,2,4,5,Dry,Straight,Level,Lowest,No
11108,13,Georgia,130403,0,1,1,0,2,MACON,March,11,Saturday,14,23,Urban,High Speed (Arterial),Yes,32.84953333,-83.74065,Non-Intersection,Daylight,Clear,2:00pm-2:59pm,31,2:00pm-2:59pm,38,3:00pm-3:59pm,15,1,Daylight,Clear,1,1,['Rear_Seat'],['None_Used'],0,0,Valid,0.0,0.0,41.0,41.0,['Male'],0,0,5,4,2,Dry,Straight,Grade/Hillcrest,Lowest,Yes
11109,13,Georgia,130404,1,1,1,0,1,SUMNER,April,29,Saturday,15,9,Rural,High Speed (Arterial),Yes,31.50380278,-83.72229444,Non-Intersection,Daylight,Cloudy,3:00pm-3:59pm,13,3:00pm-3:59pm,20,Not Applicable (Not Transported),Not Applicable (Not Transported),1,Daylight,Reduced Visibility,0,1,[],[],0,0,Invalid,0.0,0.0,34.0,34.0,['Male'],0,0,3,3,4,Wet/Standing Water,Straight,Level,Lowest,No
11110,13,Georgia,130405,0,5,5,0,6,NOT APPLICABLE,May,2,Tuesday,14,19,Rural,Medium Speed (Collector),No,34.59206944,-83.60265833,Non-Intersection,Daylight,Clear,2:00pm-2:59pm,15,2:00pm-2:59pm,23,3:00pm-3:59pm,16,2,Daylight,Clear,2,4,"['Driver', 'Front_Passenger']","['Shoulder_Lapbelt', 'Shoulder_Lapbelt']",1,1,Invalid,0.0,0.0,82.0,24.0,"['Male', 'Male', 'Male', 'Female', 'Male']",0,0,4,4,5,Dry,Straight,Level,Lowest,No
11111,13,Georgia,130406,1,1,1,0,1,DECATUR,March,17,Friday,21,10,Urban,Medium Speed (Collector),No,33.76269722,-84.25808333,Simple Junction,Dark - Lighted,Clear,10:00pm-10:59pm,26,10:00pm-10:59pm,34,Not Applicable (Not Transported),Not Applicable (Not Transported),1,Dark - Lighted,Clear,0,1,[],[],0,0,Invalid,0.0,0.0,999.0,999.0,['Other'],0,0,1,3,4,Dry,Straight,Level,Lowest,No
11112,13,Georgia,130407,0,1,1,0,1,ATLANTA,March,18,Saturday,12,20,Urban,High Speed (Arterial),Yes,33.83018889,-84.42607778,Non-Intersection,Daylight,Clear,12:00pm-12:59pm,25,12:00pm-12:59pm,45,1:00pm-1:59pm,15,1,Daylight,Clear,1,0,['Driver'],['Shoulder_Lapbelt'],0,0,Valid,0.0,0.0,64.0,64.0,['Male'],0,0,3,4,3,Dry,Straight,Level,Medium,No
11113,13,Georgia,130408,1,1,1,0,1,ATLANTA,April,19,Wednesday,5,58,Urban,High Speed (Arterial),Yes,33.74413611,-84.38750556,Non-Intersection,Dark - Not Lighted,Clear,Unknown,Unknown,Unknown EMS Scene Arrival Hour,Unknown if Arrived,Not Applicable (Not Transported),Not Applicable (Not Transported),1,Dark - Unlighted,Clear,0,1,[],[],0,0,Valid,0.0,0.0,59.0,59.0,['Male'],0,0,3,2,4,Dry,Straight,Grade/Hillcrest,Lowest,No
11114,13,Georgia,130409,0,1,1,0,1,ATLANTA,April,30,Sunday,3,55,Urban,High Speed (Arterial),Yes,33.68838333,-84.39949722,Non-Intersection,Dark - Lighted,Rain,4:00am-4:59am,11,4:00am-4:59am,49,Not Applicable (Not Transported),Not Applicable (Not Transported),1,Dark - Lighted,Rain/Wind/Minor,1,0,['Driver'],['None_Used'],0,0,Valid,0.0,0.0,24.0,24.0,['Male'],0,0,2,4,2,Wet/Standing Water,Curve,Level,Lowest,No
11115,13,Georgia,130410,0,2,2,0,2,CUMMING,May,3,Wednesday,17,52,Urban,High Speed (Arterial),Yes,34.19860833,-84.14062222,Complex/Circle,Daylight,Clear,5:00pm-5:59pm,52,5:00pm-5:59pm,57,6:00pm-6:59pm,17,1,Daylight,Clear,1,1,['Driver'],['None_Used'],0,0,Valid,0.0,0.0,56.0,35.0,"['Male', 'Male']",0,0,5,4,5,Dry,Straight,Grade/Hillcrest,Lowest,No
11116,13,Georgia,130411,0,1,1,0,1,Not Reported,May,3,Wednesday,21,27,Rural,Medium Speed (Collector),No,34.58979167,-85.03684444,Non-Intersection,Dark - Not Lighted,Clear,9:00pm-9:59pm,30,9:00pm-9:59pm,46,Not Applicable (Not Transported),Not Applicable (Not Transported),1,Dark - Unlighted,Clear,1,0,['Driver'],['Shoulder_Lapbelt'],1,1,Invalid,0.0,0.0,55.0,55.0,['Male'],0,0,3,4,3,Dry,Curve,Level,Lowest,No
11117,13,Georgia,130412,0,2,2,0,3,LITHONIA,May,6,Saturday,2,43,Urban,Medium Speed (Collector),No,33.70281944,-84.15469722,Non-Intersection,Dark - Lighted,Clear,2:00am-2:59am,44,2:00am-2:59am,49,3:00am-3:59am,13,2,Dark - Lighted,Clear,2,1,"['Driver', 'Driver']","['None_Used', 'Shoulder_Lapbelt']",1,2,Valid,0.0,1.0,57.0,29.0,"['Male', 'Male']",1,0,3,4,5,Dry,Straight,Grade/Hillcrest,Lowest,No
11118,13,Georgia,130413,0,1,1,0,1,NOT APPLICABLE,May,6,Saturday,4,30,Rural,High Speed (Arterial),Yes,33.72979444,-85.16771944,Non-Intersection,Dark - Not Lighted,Clear,4:00am-4:59am,33,4:00am-4:59am,42,Not Applicable (Not Transported),Not Applicable (Not Transported),1,Dark - Unlighted,Clear,1,0,['Driver'],['None_Used'],0,0,Valid,0.0,1.0,21.0,21.0,['Male'],0,0,2,4,3,Dry,Straight,Level,Lowest,No
11119,13,Georgia,130414,0,1,1,0,1,NOT APPLICABLE,May,6,Saturday,16,0,Rural,Low Speed (Local),No,32.13286389,-81.51526111,Non-Intersection,Daylight,Cloudy,4:00pm-4:59pm,4,4:00pm-4:59pm,9,5:00pm-5:59pm,8,1,Daylight,Reduced Visibility,1,0,['Driver'],['None_Used'],1,1,Valid,0.0,0.0,22.0,22.0,['Male'],1,0,5,4,3,Dry,Curve,Level,Lowest,No
11120,13,Georgia,130415,0,1,1,0,1,NOT APPLICABLE,May,6,Saturday,22,51,Urban,Medium Speed (Collector),No,34.11346944,-84.33799167,Non-Intersection,Dark - Not Lighted,Clear,10:00pm-10:59pm,51,10:00pm-10:59pm,55,Not Applicable (Not Transported),Not Applicable (Not Transported),1,Dark - Unlighted,Clear,1,0,['Driver'],['None_Used'],1,1,Valid,0.0,0.0,70.0,70.0,['Male'],0,0,2,4,3,Dry,Curve,Grade/Hillcrest,Lowest,No
11121,13,Georgia,130416,0,2,2,0,2,HAMPTON,May,6,Saturday,23,45,Urban,High Speed (Arterial),Yes,33.458225,-84.29320278,Non-Intersection,Dark - Not Lighted,Clear,Unknown,Unknown if Notified,Unknown EMS Scene Arrival Hour,Unknown if Arrived,Not Applicable (Not Transported),Not Applicable (Not Transported),2,Dark - Unlighted,Clear,2,0,"['Driver', 'Driver']","['None_Used', 'Shoulder_Lapbelt']",1,1,Valid,1.0,1.0,42.0,33.0,"['Male', 'Female']",0,0,3,4,5,Dry,Curve,Level,Lowest,No
11122,13,Georgia,130417,1,1,1,0,1,MACON,May,7,Sunday,0,35,Urban,Medium Speed (Collector),No,32.86209444,-83.59179722,Non-Intersection,Dark - Not Lighted,Clear,0:00am-0:59am,36,0:00am-0:59am,40,Not Applicable (Not Transported),Not Applicable (Not Transported),1,Dark - Unlighted,Clear,0,1,[],[],0,0,Valid,0.0,0.0,85.0,85.0,['Male'],0,0,2,3,4,Dry,Straight,Level,Lowest,No
11123,13,Georgia,130419,0,1,1,0,1,DAHLONEGA,May,7,Sunday,12,40,Rural,High Speed (Arterial),Yes,34.48625833,-83.97469722,Non-Intersection,Daylight,Cloudy,12:00pm-12:59pm,43,12:00pm-12:59pm,47,Not Applicable (Not Transported),Not Applicable (Not Transported),1,Daylight,Reduced Visibility,1,0,['Driver'],['Shoulder_Lapbelt'],0,0,Valid,0.0,0.0,76.0,76.0,['Male'],0,0,3,4,3,Dry,Straight,Grade/Hillcrest,Lowest,No
11124,13,Georgia,130420,0,2,2,0,5,LITHONIA,February,10,Friday,5,55,Urban,Medium Speed (Collector),No,33.65514167,-84.18403889,Non-Intersection,Dark - Not Lighted,Cloudy,6:00am-6:59am,2,6:00am-6:59am,8,7:00am-7:59am,8,1,Dark - Unlighted,Reduced Visibility,1,4,['Driver'],['Shoulder_Lapbelt'],1,1,Invalid,0.0,1.0,51.0,39.0,"['Female', 'Male']",0,0,3,4,5,Wet/Standing Water,Curve,Level,Lowest,No
11125,13,Georgia,130421,0,2,2,0,2,LAWRENCEVILLE,February,10,Friday,5,35,Urban,High Speed (Arterial),Yes,33.92345,-84.01749444,Complex/Circle,Dark - Lighted,Rain,5:00am-5:59am,35,5:00am-5:59am,44,6:00am-6:59am,2,1,Dark - Lighted,Rain/Wind/Minor,1,1,['Driver'],['Shoulder_Lapbelt'],0,0,Valid,1.0,0.0,76.0,61.0,"['Male', 'Female']",0,0,3,4,5,Wet/Standing Water,Curve,Level,Lowest,No
11126,13,Georgia,130422,0,1,1,0,1,Other,February,10,Friday,1,33,Urban,Low Speed (Local),No,33.67268611,-84.3374,Non-Intersection,Dark - Not Lighted,Rain,1:00am-1:59am,33,1:00am-1:59am,37,Not Applicable (Not Transported),Not Applicable (Not Transported),1,Dark - Unlighted,Rain/Wind/Minor,1,0,['Driver'],['Shoulder_Lapbelt'],1,1,Valid,0.0,0.0,25.0,25.0,['Female'],0,0,2,4,3,Wet/Standing Water,Curve,Level,Lowest,No
11127,13,Georgia,130423,0,1,1,0,1,APPLING,February,9,Thursday,0,4,Urban,Low Speed (Local),No,33.56915,-82.23253056,Non-Intersection,Dark - Not Lighted,Clear,0:00am-0:59am,4,0:00am-0:59am,15,Not Applicable (Not Transported),Not Applicable (Not Transported),1,Dark - Unlighted,Clear,1,0,['Driver'],['None_Used'],0,0,Valid,0.0,1.0,39.0,39.0,['Male'],0,0,5,4,3,Dry,Straight,Grade/Hillcrest,Lowest,No
11128,13,Georgia,130424,0,2,2,0,2,METTER,February,9,Thursday,4,50,Rural,High Speed (Arterial),Yes,32.37581667,-82.1084,Non-Intersection,Dark - Not Lighted,Cloudy,4:00am-4:59am,56,5:00am-5:59am,3,Not Applicable (Not Transported),Not Applicable (Not Transported),1,Dark - Unlighted,Reduced Visibility,1,1,['Driver'],['Shoulder_Lapbelt'],0,0,Valid,0.0,0.0,41.0,28.0,"['Male', 'Male']",0,0,4,4,3,Dry,Straight,Level,Lowest,Yes
11129,13,Georgia,130425,1,2,1,1,1,COLUMBUS,February,8,Wednesday,23,46,Urban,High Speed (Arterial),Yes,32.4904,-84.91741111,Non-Intersection,Dark - Not Lighted,Clear,11:00pm-11:59pm,46,11:00pm-11:59pm,47,Not Applicable (Not Transported),Not Applicable (Not Transported),1,Dark - Unlighted,Clear,1,0,['Driver'],['Shoulder_Lapbelt'],0,0,Invalid,0.0,0.0,24.0,24.0,['Male'],1,0,2,4,3,Dry,Curve,Grade/Hillcrest,Lowest,No
11130,13,Georgia,130426,0,2,2,0,3,ATLANTA,February,8,Wednesday,16,40,Urban,High Speed (Arterial),Yes,33.62006944,-84.53285556,Complex/Circle,Daylight,Clear,4:00pm-4:59pm,46,4:00pm-4:59pm,49,Not Applicable (Not Transported),Not Applicable (Not Transported),1,Daylight,Clear,1,2,['Driver'],['Shoulder_Lapbelt'],0,0,Valid,0.0,0.0,37.0,17.0,"['Male', 'Male']",2,0,2,4,5,Dry,Straight,Grade/Hillcrest,Lowest,No
11131,13,Georgia,130427,0,2,2,0,2,NOT APPLICABLE,February,1,Wednesday,6,53,Rural,Medium Speed (Collector),No,34.02966111,-83.59431111,Non-Intersection,Daylight,Cloudy,6:00am-6:59am,56,7:00am-7:59am,11,7:00am-7:59am,40,1,Daylight,Reduced Visibility,1,1,['Driver'],['None_Used'],0,0,Valid,0.0,0.0,60.0,20.0,"['Female', 'Male']",0,0,3,4,5,Wet/Standing Water,Curve,Level,Lowest,No
11132,13,Georgia,130428,0,3,3,0,3,HEPHZIBAH,February,1,Wednesday,9,25,Urban,High Speed (Arterial),Yes,33.37976111,-82.13053056,Non-Intersection,Daylight,Clear,9:00am-9:59am,26,9:00am-9:59am,44,10:00am-10:59am,16,1,Daylight,Clear,1,2,['Driver'],['None_Used'],0,0,Valid,0.0,1.0,81.0,34.0,"['Male', 'Female', 'Male']",0,0,4,4,5,Dry,Straight,Level,Lowest,No
11133,13,Georgia,130429,0,1,1,0,5,Not Reported,February,1,Wednesday,14,40,Rural,Medium Speed (Collector),No,34.39352778,-83.213225,Non-Intersection,Daylight,Cloudy,2:00pm-2:59pm,14,2:00pm-2:59pm,49,3:00pm-3:59pm,58,1,Daylight,Reduced Visibility,1,4,['Front_Passenger'],['Shoulder_Lapbelt'],0,0,Valid,0.0,0.0,48.0,48.0,['Male'],0,0,3,4,3,Dry,Straight,Grade/Hillcrest,Lowest,No
11134,13,Georgia,130430,0,1,1,0,1,NOT APPLICABLE,February,1,Wednesday,16,5,Rural,High Speed (Arterial),Yes,30.87233056,-84.0837,Non-Intersection,Daylight,Cloudy,4:00pm-4:59pm,15,4:00pm-4:59pm,23,Not Applicable (Not Transported),Not Applicable (Not Transported),1,Daylight,Reduced Visibility,1,0,['Driver'],['None_Used'],0,0,Valid,0.0,0.0,47.0,47.0,['Female'],0,0,3,4,3,Dry,Curve,Grade/Hillcrest,Lowest,No
11135,13,Georgia,130431,1,1,1,0,2,VIENNA,February,1,Wednesday,20,31,Rural,Low Speed (Local),No,32.08917778,-83.76738333,Non-Intersection,Dark - Not Lighted,Clear,8:00pm-8:59pm,36,8:00pm-8:59pm,47,Not Applicable (Not Transported),Not Applicable (Not Transported),1,Dark - Unlighted,Clear,0,2,[],[],0,0,Valid,0.0,0.0,18.0,18.0,['Female'],0,0,2,3,4,Dry,Straight,Level,Lowest,No
11136,13,Georgia,130432,0,2,2,0,2,Not Reported,February,2,Thursday,12,30,Rural,High Speed (Arterial),Yes,31.07629444,-84.07991667,Complex/Circle,Daylight,Cloudy,12:00pm-12:59pm,34,12:00pm-12:59pm,42,1:00pm-1:59pm,18,1,Daylight,Reduced Visibility,1,1,['Driver'],['Shoulder_Lapbelt'],0,0,Valid,0.0,1.0,34.0,21.0,"['Male', 'Female']",0,0,4,4,5,Dry,Straight,Level,Lowest,No
11137,13,Georgia,130433,0,1,1,0,1,Not Reported,February,2,Thursday,16,17,Rural,High Speed (Arterial),Yes,34.38206944,-85.02681944,Non-Intersection,Daylight,Rain,4:00pm-4:59pm,18,4:00pm-4:59pm,32,5:00pm-5:59pm,8,1,Daylight,Rain/Wind/Minor,1,0,['Driver'],['Shoulder_Lapbelt'],1,1,Valid,0.0,1.0,52.0,52.0,['Male'],0,0,3,4,3,Wet/Standing Water,Curve,Level,Lowest,No
11138,13,Georgia,130434,0,1,1,0,2,Not Reported,February,2,Thursday,18,15,Rural,Low Speed (Local),No,34.09343056,-83.35597778,Non-Intersection,Dark - Not Lighted,Rain,6:00pm-6:59pm,16,6:00pm-6:59pm,24,7:00pm-7:59pm,4,1,Dark - Unlighted,Rain/Wind/Minor,1,1,['Driver'],['None_Used'],1,1,Valid,0.0,0.0,62.0,62.0,['Male'],2,0,2,4,3,Wet/Standing Water,Curve,Grade/Hillcrest,Lowest,No
11139,13,Georgia,130435,1,2,2,0,2,CUMMING,February,2,Thursday,23,44,Urban,High Speed (Arterial),Yes,34.13605,-84.10043611,Non-Intersection,Dark - Not Lighted,Rain,11:00pm-11:59pm,46,Unknown EMS Scene Arrival Hour,Unknown EMS Scene Arrival Minutes,Not Applicable (Not Transported),Not Applicable (Not Transported),1,Dark - Unlighted,Rain/Wind/Minor,0,2,[],[],0,0,Valid,0.0,1.0,42.0,23.0,"['Male', 'Male']",0,0,3,3,4,Wet/Standing Water,Straight,Grade/Hillcrest,Lowest,No
11140,13,Georgia,130436,0,1,1,0,1,Not Reported,February,3,Friday,15,5,Rural,High Speed (Arterial),Yes,34.75295,-83.92319167,Non-Intersection,Daylight,Clear,3:00pm-3:59pm,24,3:00pm-3:59pm,24,Not Applicable (Not Transported),Not Applicable (Not Transported),1,Daylight,Clear,1,0,['Driver'],['None_Used'],0,0,Valid,0.0,0.0,70.0,70.0,['Male'],0,0,3,4,3,Dry,Straight,Grade/Hillcrest,Lowest,No
11141,13,Georgia,130437,0,3,3,0,6,NOT APPLICABLE,February,3,Friday,17,53,Urban,High Speed (Arterial),Yes,31.69988889,-83.25051111,Non-Intersection,Daylight,Clear,5:00pm-5:59pm,54,5:00pm-5:59pm,57,Unknown,Unknown EMS Hospital Arrival Time,1,Daylight,Clear,1,5,['Driver'],['Shoulder_Lapbelt'],0,0,Valid,0.0,0.0,80.0,38.0,"['Female', 'Female', 'Female']",0,0,3,4,5,Dry,Straight,Non-Trafficway,Lowest,No
11142,13,Georgia,130438,1,1,1,0,1,ATLANTA,February,4,Saturday,0,30,Urban,High Speed (Arterial),Yes,33.69359722,-84.51882222,Complex/Circle,Dark - Not Lighted,Clear,Unknown,Unknown,Unknown EMS Scene Arrival Hour,Unknown EMS Scene Arrival Minutes,Not Applicable (Not Transported),Not Applicable (Not Transported),1,Dark - Unlighted,Clear,0,1,[],[],0,0,Valid,0.0,3.0,32.0,32.0,['Male'],0,0,2,3,4,Dry,Straight,Level,Lowest,No
11143,13,Georgia,130439,0,1,1,0,1,ALBANY,February,4,Saturday,1,38,Urban,Medium Speed (Collector),No,31.59039444,-84.19209167,Non-Intersection,Dark - Lighted,Cloudy,Unknown,Unknown,Unknown EMS Scene Arrival Hour,Unknown EMS Scene Arrival Minutes,Not Applicable (Not Transported),Not Applicable (Not Transported),1,Dark - Lighted,Reduced Visibility,1,0,['Driver'],['None_Used'],0,0,Valid,0.0,0.0,40.0,40.0,['Male'],1,0,3,4,3,Dry,Curve,Level,Lowest,No
11144,13,Georgia,130440,0,1,1,0,1,NOT APPLICABLE,February,4,Saturday,1,45,Rural,Medium Speed (Collector),No,33.22204722,-84.61171667,Non-Intersection,Dark - Not Lighted,Clear,1:00am-1:59am,52,2:00am-2:59am,0,Not Applicable (Not Transported),Not Applicable (Not Transported),1,Dark - Unlighted,Clear,1,0,['Driver'],['None_Used'],0,0,Valid,0.0,1.0,57.0,57.0,['Male'],0,0,3,4,3,Dry,Straight,Level,Lowest,No
11145,13,Georgia,130441,0,1,1,0,3,Not Reported,February,4,Saturday,4,46,Rural,High Speed (Arterial),No,34.08574444,-84.96925833,Non-Intersection,Dark - Not Lighted,Cloudy,4:00am-4:59am,49,4:00am-4:59am,58,Unknown,Unknown EMS Hospital Arrival Time,1,Dark - Unlighted,Reduced Visibility,1,2,['Rear_Seat'],['Shoulder_Lapbelt'],0,0,Invalid,1.0,4.0,33.0,33.0,['Female'],0,0,2,4,3,Dry,Curve,Grade/Hillcrest,Lowest,No