,State_Code,State_Name,Crash_ID,Count_Non_Motorists,Count_Vehicles_Total,Count_Vehicle_Forms,Count_PVH_Involved,Count_Occupants_MV,City_Name,Month_Name,Day_of_Month,Day_of_Week,Crash_Hour,Crash_Minute,Area_Rural_Urban,Road_Functional_Class,On_NHS_Road,Latitude,Longitude,Intersection_Type,Light_Condition,Weather_Condition,Notif_Hour,Notif_Minute,Arrival_Hour,Arrival_Minute,Hospital_Hour,Hospital_Minute,Fatalities_Count,Clean_Light_Condition,Clean_Weather_Condition,Total_Killed,Total_Alive,Fatal_Seats_List,Killed_Restraint_List,Any_Driver_Drinking,Total_Drinking_Drivers,Driver_License_Category,Driver_Max_Prev_Accident_Count,Driver_Max_Prev_Speeding_Count,Max_Driver_Age,Min_Driver_Age,Driver_Sex_List,Total_Exceeding_Limit_Vehicles,Total_Too_Fast_Vehicles,Max_Vehicle_Type_Severity_5,Max_Vehicle_Damage_Rank,Max_Harmful_Event_Severity,Crash_Road_Surface_Condition,Crash_Horizontal_Alignment,Crash_Vertical_Profile,Crash_Impairment_Category,Crash_Vehicle_Defect
11146,13,Georgia,130442,0,2,2,0,2,ATLANTA,February,4,Saturday,6,0,Urban,High Speed (Arterial),Yes,33.74323333,-84.37379722,Non-Intersection,Dark - Lighted,Clear,Unknown,Unknown,Unknown EMS Scene Arrival Hour,Unknown EMS Scene Arrival Minutes,Unknown,Unknown EMS Hospital Arrival Time,1,Dark - Lighted,Clear,1,1,['Driver'],['Shoulder_Lapbelt'],0,0,Invalid,0.0,0.0,38.0,28.0,"['Male', 'Female']",0,0,3,4,5,Dry,Straight,Level,Lowest,No
11147,13,Georgia,130443,1,1,1,0,1,TUCKER,February,4,Saturday,23,30,Urban,High Speed (Arterial),Yes,33.85311111,-84.246125,Non-Intersection,Dark - Not Lighted,Clear,Unknown,Unknown,Unknown EMS Scene Arrival Hour,Unknown EMS Scene Arrival Minutes,Not Applicable (Not Transported),Not Applicable (Not Transported),1,Dark - Unlighted,Clear,0,1,[],[],0,0,Valid,0.0,2.0,38.0,38.0,['Male'],0,0,2,4,4,Dry,Straight,Grade/Hillcrest,Lowest,No
11148,13,Georgia,130444,0,3,3,0,3,STATESBORO,February,8,Wednesday,14,20,Urban,High Speed (Arterial),Yes,32.42853611,-81.78689722,Simple Junction,Daylight,Clear,2:00pm-2:59pm,11,2:00pm-2:59pm,16,Not Applicable (Not Transported),Not Applicable (Not Transported),1,Daylight,Clear,1,2,['Driver'],['None_Used'],0,0,Valid,2.0,5.0,57.0,27.0,"['Male', 'Male', 'Female']",0,0,5,4,5,Dry,Curve,Grade/Hillcrest,Lowest,No
11149,13,Georgia,130445,0,1,1,0,1,ROYSTON,February,6,Monday,14,32,Rural,Medium Speed (Collector),No,34.26830278,-83.27347778,Non-Intersection,Daylight,Clear,2:00pm-2:59pm,31,2:00pm-2:59pm,39,Not Applicable (Not Transported),Not Applicable (Not Transported),1,Daylight,Clear,1,0,['Driver'],['None_Used'],0,0,Valid,2.0,1.0,29.0,29.0,['Male'],1,0,3,4,3,Dry,Curve,Level,Lowest,No
11150,13,Georgia,130446,0,1,1,0,1,AUGUSTA,February,6,Monday,13,9,Urban,High Speed (Arterial),Yes,33.49341667,-82.08248056,Non-Intersection,Daylight,Clear,1:00pm-1:59pm,11,1:00pm-1:59pm,14,Not Applicable (Not Transported),Not Applicable (Not Transported),1,Daylight,Clear,1,0,['Driver'],['None_Used'],0,0,Valid,0.0,0.0,57.0,57.0,['Male'],0,0,3,4,3,Dry,Straight,Level,Lowest,No
11151,13,Georgia,130447,0,1,1,0,1,ATLANTA,April,6,Thursday,21,15,Urban,High Speed (Arterial),Yes,33.69714444,-84.41429167,Non-Intersection,Dark - Lighted,Clear,Unknown,Unknown,Unknown EMS Scene Arrival Hour,Unknown EMS Scene Arrival Minutes,Unknown,Unknown EMS Hospital Arrival Time,1,Dark - Lighted,Clear,1,0,['Driver'],['Shoulder_Lapbelt'],0,0,Invalid,0.0,0.0,44.0,44.0,['Male'],0,0,3,4,3,Dry,Straight,Level,Lowest,No
11152,13,Georgia,130448,0,2,1,1,2,PEACHTREE CITY,April,30,Sunday,20,45,Urban,Low Speed (Local),No,33.42889722,-84.6125,Non-Intersection,Dark - Lighted,Clear,8:00pm-8:59pm,54,8:00pm-8:59pm,56,9:00pm-9:59pm,10,1,Dark - Lighted,Clear,1,1,['Driver'],['None_Used'],0,0,Valid,0.0,0.0,89.0,89.0,['Male'],0,0,5,2,5,Dry,Straight,Level,Lowest,No
11153,13,Georgia,130449,0,2,2,0,2,BYRON,May,5,Friday,0,0,Urban,High Speed (Arterial),Yes,32.6225,-83.74319722,Non-Intersection,Dark - Lighted,Clear,0:00am-0:59am,18,0:00am-0:59am,47,Not Applicable (Not Transported),Not Applicable (Not Transported),1,Dark - Lighted,Clear,1,1,['Driver'],['Shoulder_Lapbelt'],0,0,Valid,0.0,0.0,54.0,52.0,"['Male', 'Male']",0,0,4,4,5,Dry,Straight,Grade/Hillcrest,Lowest,No
11154,13,Georgia,130451,0,1,1,0,2,DALTON,May,7,Sunday,17,49,Urban,Medium Speed (Collector),No,34.76855556,-84.96621944,Simple Junction,Daylight,Clear,5:00pm-5:59pm,50,5:00pm-5:59pm,54,6:00pm-6:59pm,22,1,Daylight,Clear,1,1,['Front_Passenger'],['Child_Safety'],0,0,Valid,1.0,0.0,49.0,49.0,['Female'],0,0,3,4,2,Dry,Straight,Level,Lowest,No
11155,13,Georgia,130452,0,1,1,0,1,ROSSVILLE,May,8,Monday,20,5,Urban,Medium Speed (Collector),No,34.96486944,-85.29668611,Simple Junction,Daylight,Cloudy,8:00pm-8:59pm,11,8:00pm-8:59pm,19,8:00pm-8:59pm,43,1,Daylight,Reduced Visibility,1,0,['Driver'],['None_Used'],0,0,Valid,0.0,0.0,48.0,48.0,['Female'],1,0,5,4,3,Dry,Straight,Level,Lowest,No
11156,13,Georgia,130453,0,1,1,0,1,Not Reported,February,5,Sunday,0,10,Rural,Medium Speed (Collector),No,30.91570833,-83.65949167,Non-Intersection,Dark - Not Lighted,Clear,0:00am-0:59am,12,0:00am-0:59am,32,Not Applicable (Not Transported),Not Applicable (Not Transported),1,Dark - Unlighted,Clear,1,0,['Driver'],['None_Used'],0,0,Valid,0.0,0.0,34.0,34.0,['Male'],0,0,3,4,3,Dry,Curve,Level,Lowest,No
11157,13,Georgia,130454,0,2,2,0,3,Not Reported,February,5,Sunday,2,43,Urban,Low Speed (Local),No,33.93514444,-84.08014722,Non-Intersection,Dark - Lighted,Clear,2:00am-2:59am,43,2:00am-2:59am,50,Unknown,Unknown EMS Hospital Arrival Time,1,Dark - Lighted,Clear,1,2,['Driver'],['Shoulder_Lapbelt'],1,1,Invalid,0.0,0.0,44.0,31.0,"['Male', 'Male']",2,0,2,4,5,Dry,Curve,Level,Lowest,No
11158,13,Georgia,130455,1,1,1,0,1,MACON,February,5,Sunday,19,14,Urban,High Speed (Arterial),Yes,32.816025,-83.70189722,Non-Intersection,Dark - Not Lighted,Clear,7:00pm-7:59pm,23,7:00pm-7:59pm,32,Unknown,Unknown EMS Hospital Arrival Time,1,Dark - Unlighted,Clear,0,1,[],[],0,0,Valid,0.0,0.0,44.0,44.0,['Female'],0,0,3,3,4,Dry,Straight,Grade/Hillcrest,Lowest,No
11159,13,Georgia,130456,0,4,1,3,1,Not Reported,February,5,Sunday,21,25,Urban,Low Speed (Local),No,34.07849167,-84.00171944,Non-Intersection,Dark - Lighted,Clear,9:00pm-9:59pm,25,9:00pm-9:59pm,30,Not Applicable (Not Transported),Not Applicable (Not Transported),1,Dark - Lighted,Clear,1,0,['Driver'],['None_Used'],1,1,Invalid,2.0,0.0,36.0,36.0,['Male'],1,0,3,4,3,Dry,Straight,Level,Lowest,No
11160,13,Georgia,130457,0,1,1,0,1,COLUMBUS,February,6,Monday,1,18,Urban,Medium Speed (Collector),No,32.52163333,-84.889225,Non-Intersection,Dark - Lighted,Clear,1:00am-1:59am,19,1:00am-1:59am,27,Not Applicable (Not Transported),Not Applicable (Not Transported),1,Dark - Lighted,Clear,1,0,['Driver'],['None_Used'],0,0,Valid,1.0,0.0,24.0,24.0,['Male'],1,0,5,4,2,Dry,Curve,Grade/Hillcrest,Lowest,No
11161,13,Georgia,130459,0,2,2,0,2,COLUMBUS,February,6,Monday,9,11,Urban,Medium Speed (Collector),No,32.50003611,-84.89363889,Simple Junction,Daylight,Clear,9:00am-9:59am,13,9:00am-9:59am,21,9:00am-9:59am,40,1,Daylight,Clear,1,1,['Driver'],['None_Used'],0,0,Valid,0.0,1.0,58.0,19.0,"['Male', 'Male']",0,0,4,4,5,Dry,Straight,Level,Lowest,No
11162,13,Georgia,130460,1,1,1,0,1,Not Reported,February,6,Monday,21,24,Urban,Medium Speed (Collector),No,33.985825,-84.02451389,Complex/Circle,Dark - Lighted,Clear,9:00pm-9:59pm,30,9:00pm-9:59pm,36,9:00pm-9:59pm,46,1,Dark - Lighted,Clear,0,1,[],[],0,0,Valid,0.0,0.0,23.0,23.0,['Male'],0,0,2,4,4,Dry,Straight,Level,Lowest,No
11163,13,Georgia,130461,0,2,2,0,2,FAYETTEVILLE,February,22,Wednesday,13,56,Urban,High Speed (Arterial),Yes,33.48273056,-84.43509444,Complex/Circle,Daylight,Clear,1:00pm-1:59pm,58,2:00pm-2:59pm,4,2:00pm-2:59pm,28,1,Daylight,Clear,1,1,['Driver'],['Shoulder_Lapbelt'],0,0,Valid,1.0,1.0,83.0,40.0,"['Male', 'Female']",0,0,2,4,5,Dry,Straight,Grade/Hillcrest,Lowest,No
11164,13,Georgia,130462,0,1,1,0,1,Not Reported,April,8,Saturday,19,50,Rural,Medium Speed (Collector),No,32.85065556,-84.78748056,Non-Intersection,Dark - Lighted,Rain,7:00pm-7:59pm,52,8:00pm-8:59pm,1,8:00pm-8:59pm,46,1,Dark - Lighted,Rain/Wind/Minor,1,0,['Driver'],['None_Used'],0,0,Valid,0.0,0.0,42.0,42.0,['Female'],1,0,2,4,2,Wet/Standing Water,Curve,Grade/Hillcrest,Lowest,No
11165,13,Georgia,130463,0,2,2,0,3,MONROE,May,6,Saturday,14,56,Urban,Medium Speed (Collector),No,33.84212222,-83.72831944,Non-Intersection,Daylight,Clear,2:00pm-2:59pm,58,2:00pm-2:59pm,58,Not Applicable (Not Transported),Not Applicable (Not Transported),1,Daylight,Clear,1,2,['Driver'],['None_Used'],0,0,Valid,1.0,1.0,40.0,38.0,"['Male', 'Female']",0,0,5,4,5,Dry,Straight,Level,Lowest,No
11166,13,Georgia,130464,0,2,2,0,2,ROCHELLE,May,11,Thursday,6,52,Rural,Medium Speed (Collector),No,31.87591944,-83.48880278,Non-Intersection,Daylight,Clear,6:00am-6:59am,53,7:00am-7:59am,3,Unknown,Unknown EMS Hospital Arrival Time,1,Daylight,Clear,1,1,['Driver'],['Shoulder_Lapbelt'],0,0,Valid,0.0,1.0,26.0,23.0,"['Male', 'Male']",0,0,4,4,5,Dry,Straight,Grade/Hillcrest,Lowest,No
11167,13,Georgia,130465,0,2,2,0,3,FAYETTEVILLE,April,13,Thursday,23,16,Urban,Medium Speed (Collector),No,33.46094167,-84.50921111,Non-Intersection,Dark - Not Lighted,Cloudy,11:00pm-11:59pm,18,11:00pm-11:59pm,24,0:00am-0:59am,18,1,Dark - Unlighted,Reduced Visibility,1,2,['Driver'],['Shoulder_Lapbelt'],0,0,Valid,0.0,0.0,26.0,18.0,"['Male', 'Male']",1,0,3,4,5,Wet/Standing Water,Curve,Grade/Hillcrest,Lowest,No
11168,13,Georgia,130466,1,1,1,0,2,VALDOSTA,May,2,Tuesday,20,55,Urban,Medium Speed (Collector),No,30.857525,-83.26357222,Non-Intersection,Dark - Lighted,Clear,Unknown,Unknown,Unknown EMS Scene Arrival Hour,Unknown EMS Scene Arrival Minutes,Not Applicable (Not Transported),Not Applicable (Not Transported),1,Dark - Lighted,Clear,0,2,[],[],0,0,Valid,0.0,0.0,66.0,66.0,['Male'],0,0,2,2,4,Dry,Straight,Level,Lowest,No
11169,13,Georgia,130467,0,3,3,0,9,ATLANTA,May,6,Saturday,13,58,Urban,Medium Speed (Collector),No,33.7945,-84.47429444,Non-Intersection,Daylight,Clear,2:00pm-2:59pm,15,2:00pm-2:59pm,19,2:00pm-2:59pm,50,2,Daylight,Clear,2,7,"['Rear_Seat', 'Driver']","['Shoulder_Lapbelt', 'Shoulder_Lapbelt']",0,0,Invalid,0.0,1.0,69.0,28.0,"['Male', 'Female', 'Female']",7,0,3,4,5,Dry,Straight,Level,Lowest,Yes
11170,13,Georgia,130468,0,2,2,0,2,Not Reported,May,7,Sunday,16,45,Rural,Medium Speed (Collector),No,31.38101389,-81.70268333,Non-Intersection,Daylight,Clear,4:00pm-4:59pm,56,5:00pm-5:59pm,29,6:00pm-6:59pm,29,1,Daylight,Clear,1,1,['Driver'],['None_Used'],0,0,Valid,0.0,0.0,33.0,33.0,"['Male', 'Male']",0,0,5,4,5,Dry,Straight,Level,Lowest,No
11171,13,Georgia,130469,0,2,2,0,2,HILTONIA,May,9,Tuesday,7,37,Rural,High Speed (Arterial),Yes,32.88713056,-81.59251111,Complex/Circle,Daylight,Clear,7:00am-7:59am,40,7:00am-7:59am,55,Unknown,Unknown EMS Hospital Arrival Time,1,Daylight,Clear,1,1,['Driver'],['None_Used'],1,1,Invalid,0.0,0.0,57.0,23.0,"['Male', 'Male']",0,0,5,4,5,Dry,Straight,Level,Lowest,No
11172,13,Georgia,130470,0,1,1,0,1,NOT APPLICABLE,May,9,Tuesday,13,10,Rural,Medium Speed (Collector),No,34.33941667,-84.15801389,Non-Intersection,Daylight,Clear,1:00pm-1:59pm,11,1:00pm-1:59pm,21,Not Applicable (Not Transported),Not Applicable (Not Transported),1,Daylight,Clear,1,0,['Driver'],['None_Used'],1,1,Valid,0.0,0.0,60.0,60.0,['Male'],0,0,3,4,3,Dry,Curve,Grade/Hillcrest,Lowest,No
11173,13,Georgia,130471,0,2,2,0,2,Other,May,10,Wednesday,17,38,Urban,Medium Speed (Collector),No,34.33361667,-84.04575278,Simple Junction,Daylight,Cloudy,5:00pm-5:59pm,40,5:00pm-5:59pm,47,6:00pm-6:59pm,30,1,Daylight,Reduced Visibility,1,1,['Driver'],['Shoulder_Lapbelt'],0,0,Valid,0.0,0.0,29.0,23.0,"['Male', 'Male']",0,0,3,4,5,Dry,Curve,Level,Lowest,No
11174,13,Georgia,130472,0,2,2,0,3,STATESBORO,May,11,Thursday,7,24,Urban,Low Speed (Local),No,32.45593889,-81.70424167,Non-Intersection,Daylight,"Fog, Smog, Smoke",7:00am-7:59am,28,Unknown EMS Scene Arrival Hour,Unknown EMS Scene Arrival Minutes,Unknown,Unknown EMS Hospital Arrival Time,2,Daylight,Reduced Visibility,2,1,"['Rear_Seat', 'Driver']","['Shoulder_Lapbelt', 'Shoulder_Lapbelt']",0,0,Valid,0.0,0.0,53.0,28.0,"['Female', 'Female']",0,0,3,4,5,Dry,Straight,Level,Lowest,No
11175,13,Georgia,130473,1,1,1,0,1,SAVANNAH,May,11,Thursday,22,25,Urban,Medium Speed (Collector),No,31.97935833,-81.07965833,Non-Intersection,Dark - Not Lighted,Clear,10:00pm-10:59pm,25,10:00pm-10:59pm,37,10:00pm-10:59pm,53,1,Dark - Unlighted,Clear,0,1,[],[],0,0,Invalid,0.0,0.0,999.0,999.0,['Other'],0,0,1,3,4,Dry,Straight,Level,Lowest,No
11176,13,Georgia,130474,1,1,1,0,1,Other,May,12,Friday,0,1,Rural,Medium Speed (Collector),No,34.60388611,-84.71218889,Non-Intersection,Dark - Not Lighted,Clear,0:00am-0:59am,5,0:00am-0:59am,18,Not Applicable (Not Transported),Not Applicable (Not Transported),1,Dark - Unlighted,Clear,0,1,[],[],0,0,Valid,1.0,1.0,32.0,32.0,['Male'],0,0,1,3,4,Dry,Straight,Grade/Hillcrest,Lowest,No
11177,13,Georgia,130475,1,1,1,0,1,TIFTON,May,12,Friday,1,12,Urban,Medium Speed (Collector),No,31.44764722,-83.52546944,Non-Intersection,Dark - Not Lighted,Cloudy,1:00am-1:59am,14,1:00am-1:59am,21,Not Applicable (Not Transported),Not Applicable (Not Transported),1,Dark - Unlighted,Reduced Visibility,0,1,[],[],0,0,Invalid,0.0,0.0,999.0,999.0,['Other'],0,0,1,3,4,Wet/Standing Water,Straight,Level,Lowest,No
11178,13,Georgia,130476,0,1,1,0,1,IRWINVILLE,May,12,Friday,16,39,Rural,Low Speed (Local),No,31.66765,-83.35341111,Non-Intersection,Daylight,Cloudy,4:00pm-4:59pm,40,4:00pm-4:59pm,53,Not Applicable (Not Transported),Not Applicable (Not Transported),1,Daylight,Reduced Visibility,1,0,['Driver'],['None_Used'],0,0,Valid,0.0,0.0,83.0,83.0,['Male'],0,0,3,4,3,Dry,Straight,Grade/Hillcrest,Lowest,No
11179,13,Georgia,130477,0,2,2,0,2,WINDER,May,12,Friday,20,20,Urban,Medium Speed (Collector),No,33.99131667,-83.66855278,Non-Intersection,Dusk,Clear,8:00pm-8:59pm,15,8:00pm-8:59pm,22,Not Applicable (Not Transported),Not Applicable (Not Transported),1,Twilight,Clear,1,1,['Driver'],['None_Used'],0,0,Valid,0.0,1.0,28.0,21.0,"['Male', 'Female']",0,0,3,4,5,Dry,Curve,Grade/Hillcrest,Lowest,No
11180,13,Georgia,130478,0,2,2,0,2,ROME,May,13,Saturday,5,51,Urban,High Speed (Arterial),Yes,34.26809167,-85.27545,Non-Intersection,Dark - Not Lighted,Cloudy,Unknown,Unknown,Unknown EMS Scene Arrival Hour,Unknown EMS Scene Arrival Minutes,Not Applicable (Not Transported),Not Applicable (Not Transported),1,Dark - Unlighted,Reduced Visibility,1,1,['Driver'],['Shoulder_Lapbelt'],0,0,Valid,0.0,0.0,28.0,25.0,"['Female', 'Female']",0,0,4,4,5,Dry,Straight,Non-Trafficway,Lowest,No
11181,13,Georgia,130479,0,3,3,0,5,ROME,May,13,Saturday,13,54,Urban,High Speed (Arterial),Yes,34.26216667,-85.29506944,Non-Intersection,Daylight,Clear,1:00pm-1:59pm,58,2:00pm-2:59pm,7,2:00pm-2:59pm,30,1,Daylight,Clear,1,4,['Driver'],['Shoulder_Lapbelt'],0,0,Valid,1.0,0.0,74.0,44.0,"['Male', 'Male', 'Male']",0,0,3,4,5,Dry,Straight,Level,Lowest,No
11182,13,Georgia,130480,0,3,3,0,8,SWAINSBORO,May,13,Saturday,14,9,Urban,Medium Speed (Collector),No,32.57026667,-82.27747222,Non-Intersection,Daylight,Cloudy,2:00pm-2:59pm,9,2:00pm-2:59pm,17,Unknown,Unknown EMS Hospital Arrival Time,2,Daylight,Reduced Visibility,2,6,"['Driver', 'Rear_Seat']","['None_Used', 'Shoulder_Lapbelt']",0,0,Valid,0.0,0.0,65.0,46.0,"['Female', 'Male', 'Female']",1,0,3,4,5,Dry,Curve,Level,Lowest,No
11183,13,Georgia,130481,0,2,2,0,2,MIDWAY,May,13,Saturday,21,58,Rural,Low Speed (Local),No,31.80095,-81.39231111,Simple Junction,Daylight,Clear,9:00pm-9:59pm,58,10:00pm-10:59pm,14,11:00pm-11:59pm,29,1,Daylight,Clear,1,1,['Driver'],['Shoulder_Lapbelt'],0,0,Valid,0.0,0.0,64.0,21.0,"['Female', 'Female']",0,0,3,4,5,Dry,Straight,Level,Lowest,No
11184,13,Georgia,130482,0,1,1,0,1,ROCKMART,May,14,Sunday,1,2,Urban,High Speed (Arterial),Yes,34.00599722,-85.02635278,Non-Intersection,Dark - Not Lighted,Clear,1:00am-1:59am,6,1:00am-1:59am,20,Not Applicable (Not Transported),Not Applicable (Not Transported),1,Dark - Unlighted,Clear,1,0,['Driver'],['None_Used'],0,0,Valid,0.0,1.0,27.0,27.0,['Male'],0,0,5,4,2,Dry,Curve,Level,Lowest,No
11185,13,Georgia,130483,0,1,1,0,1,Other,May,14,Sunday,13,0,Urban,Medium Speed (Collector),No,34.90599167,-85.07716389,Non-Intersection,Daylight,Clear,1:00pm-1:59pm,3,1:00pm-1:59pm,13,Not Applicable (Not Transported),Not Applicable (Not Transported),1,Daylight,Clear,1,0,['Driver'],['None_Used'],0,0,Valid,0.0,0.0,69.0,69.0,['Male'],1,0,5,4,2,Dry,Curve,Grade/Hillcrest,Lowest,No
11186,13,Georgia,130484,1,1,1,0,3,SUNNY SIDE,May,14,Sunday,23,14,Urban,High Speed (Arterial),Yes,33.32693333,-84.29170278,Non-Intersection,Dark - Not Lighted,Cloudy,11:00pm-11:59pm,14,11:00pm-11:59pm,23,Not Applicable (Not Transported),Not Applicable (Not Transported),1,Dark - Unlighted,Reduced Visibility,0,3,[],[],0,0,Valid,2.0,0.0,46.0,46.0,['Male'],0,0,2,4,0,Dry,Straight,Level,Lowest,No
11187,13,Georgia,130485,0,2,2,0,5,VALDOSTA,May,15,Monday,22,15,Urban,Medium Speed (Collector),No,30.90165556,-83.26623056,Simple Junction,Dark - Not Lighted,Clear,10:00pm-10:59pm,15,10:00pm-10:59pm,21,Unknown,Unknown EMS Hospital Arrival Time,2,Dark - Unlighted,Clear,2,3,"['Driver', 'Front_Passenger']","['None_Used', 'None_Used']",0,0,Valid,0.0,0.0,31.0,29.0,"['Female', 'Male']",1,0,3,4,5,Dry,Straight,Grade/Hillcrest,Lowest,No
11188,13,Georgia,130486,0,1,1,0,2,CARTERSVILLE,May,16,Tuesday,4,5,Urban,High Speed (Arterial),Yes,34.24298333,-84.76738889,Non-Intersection,Dark - Not Lighted,Clear,4:00am-4:59am,8,4:00am-4:59am,23,Unknown,Unknown EMS Hospital Arrival Time,1,Dark - Unlighted,Clear,1,1,['Driver'],['Shoulder_Lapbelt'],1,1,Invalid,0.0,0.0,39.0,39.0,['Male'],0,0,3,4,3,Dry,Straight,Level,Lowest,No
11189,13,Georgia,130487,0,2,2,0,2,STONECREST,May,17,Wednesday,4,48,Urban,Medium Speed (Collector),No,33.72264722,-84.16479722,Non-Intersection,Dark - Lighted,Cloudy,4:00am-4:59am,51,4:00am-4:59am,57,5:00am-5:59am,37,1,Dark - Lighted,Reduced Visibility,1,0,['Driver'],['Shoulder_Lapbelt'],0,0,Invalid,0.0,0.0,999.0,48.0,"['Male', 'Male']",0,0,3,4,5,Wet/Standing Water,Straight,Grade/Hillcrest,Lowest,No
11190,13,Georgia,130488,1,1,1,0,1,Other,May,17,Wednesday,9,30,Urban,High Speed (Arterial),Yes,33.826025,-84.32374722,Simple Junction,Daylight,Clear,Unknown,Unknown,Unknown EMS Scene Arrival Hour,Unknown EMS Scene Arrival Minutes,Not Applicable (Not Transported),Not Applicable (Not Transported),1,Daylight,Clear,0,1,[],[],0,0,Valid,0.0,0.0,61.0,61.0,['Male'],0,0,2,3,4,Dry,Straight,Level,Lowest,No
11191,13,Georgia,130489,0,3,3,0,5,Not Reported,March,1,Wednesday,11,20,Urban,High Speed (Arterial),Yes,33.40186389,-84.22513333,Simple Junction,Daylight,Cloudy,11:00am-11:59am,29,11:00am-11:59am,35,12:00pm-12:59pm,5,1,Daylight,Reduced Visibility,1,4,['Front_Passenger'],['Shoulder_Lapbelt'],0,0,Valid,0.0,1.0,68.0,28.0,"['Female', 'Male', 'Female']",0,0,2,4,5,Dry,Straight,Grade/Hillcrest,Lowest,No
11192,13,Georgia,130490,0,2,1,1,1,Not Reported,March,1,Wednesday,19,41,Urban,Low Speed (Local),No,31.99296111,-81.10368611,Simple Junction,Dark - Not Lighted,Clear,7:00pm-7:59pm,41,7:00pm-7:59pm,50,Unknown,Unknown EMS Hospital Arrival Time,1,Dark - Unlighted,Clear,1,0,['Driver'],['None_Used'],1,1,Valid,0.0,0.0,66.0,66.0,['Male'],0,0,3,4,2,Dry,Straight,Level,Lowest,No
11193,13,Georgia,130491,0,2,2,0,2,TUCKER,March,2,Thursday,1,59,Urban,Medium Speed (Collector),No,33.83120278,-84.21731111,Simple Junction,Dark - Lighted,Clear,2:00am-2:59am,6,2:00am-2:59am,13,Not Applicable (Not Transported),Not Applicable (Not Transported),1,Dark - Lighted,Clear,1,1,['Driver'],['None_Used'],0,0,Valid,0.0,0.0,62.0,22.0,"['Male', 'Male']",0,0,5,4,5,Dry,Straight,Level,Lowest,No
11194,13,Georgia,130492,0,2,2,0,2,NOT APPLICABLE,March,1,Wednesday,5,31,Rural,High Speed (Arterial),No,30.75050278,-83.21763056,Simple Junction,Dark - Lighted,Clear,5:00am-5:59am,39,5:00am-5:59am,40,6:00am-6:59am,21,1,Dark - Lighted,Clear,1,1,['Driver'],['None_Used'],0,0,Valid,0.0,0.0,55.0,52.0,"['Female', 'Male']",0,0,5,4,5,Dry,Straight,Level,Lowest,No
11195,13,Georgia,130493,1,1,1,0,1,CALHOUN,March,1,Wednesday,19,18,Urban,High Speed (Arterial),No,34.47292222,-84.92273333,Non-Intersection,Dark - Not Lighted,Cloudy,7:00pm-7:59pm,21,7:00pm-7:59pm,27,8:00pm-8:59pm,3,1,Dark - Unlighted,Reduced Visibility,0,1,[],[],0,0,Valid,0.0,0.0,70.0,70.0,['Male'],0,0,3,2,4,Dry,Straight,Level,Lowest,No
11196,13,Georgia,130494,0,2,2,0,5,NOT APPLICABLE,March,1,Wednesday,20,18,Rural,High Speed (Arterial),Yes,32.30022778,-84.78034722,Complex/Circle,Dark - Lighted,Cloudy,8:00pm-8:59pm,22,8:00pm-8:59pm,24,8:00pm-8:59pm,46,1,Dark - Lighted,Reduced Visibility,1,4,['Driver'],['Shoulder_Lapbelt'],0,0,Valid,1.0,0.0,51.0,42.0,"['Female', 'Male']",0,0,3,4,5,Dry,Straight,Level,Lowest,No
11197,13,Georgia,130495,0,2,2,0,2,KINGS BAY,March,2,Thursday,12,32,Urban,Medium Speed (Collector),No,30.83815833,-81.67828333,Complex/Circle,Daylight,Clear,12:00pm-12:59pm,32,12:00pm-12:59pm,37,12:00pm-12:59pm,57,1,Daylight,Clear,1,1,['Driver'],['None_Used'],1,1,Valid,0.0,0.0,78.0,52.0,"['Male', 'Male']",0,0,5,4,5,Dry,Straight,Level,Lowest,No
11198,13,Georgia,130496,0,2,2,0,3,CHICKAMAUGA,March,2,Thursday,17,56,Urban,High Speed (Arterial),Yes,34.9095,-85.28018889,Complex/Circle,Daylight,Cloudy,5:00pm-5:59pm,59,6:00pm-6:59pm,7,Unknown,Unknown EMS Hospital Arrival Time,1,Daylight,Reduced Visibility,1,2,['Driver'],['None_Used'],0,0,Valid,0.0,0.0,80.0,36.0,"['Male', 'Male']",0,0,3,4,5,Wet/Standing Water,Curve,Grade/Hillcrest,Lowest,No
11199,13,Georgia,130497,0,1,1,0,1,NOT APPLICABLE,March,3,Friday,0,0,Urban,Medium Speed (Collector),No,33.69092222,-84.19150278,Non-Intersection,Dark - Lighted,Cloudy,Unknown,Unknown,Unknown EMS Scene Arrival Hour,Unknown EMS Scene Arrival Minutes,Not Applicable (Not Transported),Not Applicable (Not Transported),1,Dark - Lighted,Reduced Visibility,1,0,['Driver'],['None_Used'],0,0,Invalid,0.0,0.0,51.0,51.0,['Male'],0,0,3,4,3,Wet/Standing Water,Straight,Level,Lowest,No
11200,13,Georgia,130498,0,1,1,0,2,Not Reported,March,3,Friday,4,30,Urban,Medium Speed (Collector),No,33.899225,-84.05005278,Non-Intersection,Dark - Not Lighted,Cloudy,Unknown,Unknown,Unknown EMS Scene Arrival Hour,Unknown if Arrived,Not Applicable (Not Transported),Not Applicable (Not Transported),2,Dark - Unlighted,Reduced Visibility,2,0,"['Driver', 'Front_Passenger']","['Shoulder_Lapbelt', 'Shoulder_Lapbelt']",0,0,Invalid,0.0,0.0,50.0,50.0,['Male'],0,0,3,4,3,Wet/Standing Water,Curve,Grade/Hillcrest,Lowest,No
11201,13,Georgia,130499,0,2,2,0,2,Other,March,3,Friday,10,25,Urban,Medium Speed (Collector),No,33.79561944,-84.77070556,Non-Intersection,Daylight,Rain,10:00am-10:59am,32,10:00am-10:59am,36,11:00am-11:59am,30,1,Daylight,Rain/Wind/Minor,1,1,['Driver'],['None_Used'],0,0,Valid,1.0,2.0,37.0,25.0,"['Female', 'Male']",0,0,3,4,5,Wet/Standing Water,Curve,Grade/Hillcrest,Lowest,No