,State_Code,State_Name,Crash_ID,Count_Non_Motorists,Count_Vehicles_Total,Count_Vehicle_Forms,Count_PVH_Involved,Count_Occupants_MV,City_Name,Month_Name,Day_of_Month,Day_of_Week,Crash_Hour,Crash_Minute,Area_Rural_Urban,Road_Functional_Class,On_NHS_Road,Latitude,Longitude,Intersection_Type,Light_Condition,Weather_Condition,Notif_Hour,Notif_Minute,Arrival_Hour,Arrival_Minute,Hospital_Hour,Hospital_Minute,Fatalities_Count,Clean_Light_Condition,Clean_Weather_Condition,Total_Killed,Total_Alive,Fatal_Seats_List,Killed_Restraint_List,Any_Driver_Drinking,Total_Drinking_Drivers,Driver_License_Category,Driver_Max_Prev_Accident_Count,Driver_Max_Prev_Speeding_Count,Max_Driver_Age,Min_Driver_Age,Driver_Sex_List,Total_Exceeding_Limit_Vehicles,Total_Too_Fast_Vehicles,Max_Vehicle_Type_Severity_5,Max_Vehicle_Damage_Rank,Max_Harmful_Event_Severity,Crash_Road_Surface_Condition,Crash_Horizontal_Alignment,Crash_Vertical_Profile,Crash_Impairment_Category,Crash_Vehicle_Defect
11202,13,Georgia,130500,0,1,1,0,1,Not Reported,March,3,Friday,19,45,Rural,Medium Speed (Collector),No,31.10046389,-81.81328333,Non-Intersection,Dusk,Clear,1:00am-1:59am,8,1:00am-1:59am,18,Not Applicable (Not Transported),Not Applicable (Not Transported),1,Twilight,Clear,1,0,['Driver'],['None_Used'],0,0,Valid,0.0,0.0,75.0,75.0,['Female'],0,0,2,4,3,Loose/Unpaved,Straight,Level,Lowest,No
11203,13,Georgia,130501,1,1,1,0,1,JONESBORO,March,3,Friday,20,4,Urban,High Speed (Arterial),Yes,33.54395556,-84.36836667,Non-Intersection,Daylight,Clear,8:00pm-8:59pm,5,8:00pm-8:59pm,7,Unknown,Unknown EMS Hospital Arrival Time,1,Daylight,Clear,0,1,[],[],0,0,Valid,0.0,0.0,35.0,35.0,['Female'],0,0,3,4,4,Dry,Straight,Level,Lowest,No
11204,13,Georgia,130502,0,1,1,0,1,SANDY SPRINGS,March,5,Sunday,6,18,Urban,High Speed (Arterial),Yes,33.98348333,-84.34104167,Non-Intersection,Dark - Not Lighted,Clear,Unknown,Unknown,Unknown EMS Scene Arrival Hour,Unknown EMS Scene Arrival Minutes,Not Applicable (Not Transported),Not Applicable (Not Transported),1,Dark - Unlighted,Clear,1,0,['Driver'],['Shoulder_Lapbelt'],1,1,Valid,0.0,0.0,23.0,23.0,['Male'],1,0,2,4,3,Dry,Curve,Grade/Hillcrest,Lowest,No
11205,13,Georgia,130503,0,1,1,0,1,BYRON,March,5,Sunday,10,57,Urban,Medium Speed (Collector),No,32.651625,-83.77020833,Non-Intersection,Daylight,Clear,10:00am-10:59am,59,11:00am-11:59am,6,11:00am-11:59am,26,1,Daylight,Clear,1,0,['Driver'],['Shoulder_Lapbelt'],0,0,Invalid,0.0,0.0,60.0,60.0,['Male'],0,0,3,4,3,Dry,Straight,Grade/Hillcrest,Lowest,No
11206,13,Georgia,130504,0,2,2,0,5,Other,March,6,Monday,2,3,Rural,High Speed (Arterial),Yes,33.211875,-84.82547778,Non-Intersection,Dark - Not Lighted,Clear,2:00am-2:59am,7,2:00am-2:59am,15,Unknown,Unknown EMS Hospital Arrival Time,1,Dark - Unlighted,Clear,1,4,['Front_Passenger'],['Shoulder_Lapbelt'],1,1,Valid,0.0,1.0,29.0,20.0,"['Male', 'Male']",0,0,3,4,5,Dry,Straight,Grade/Hillcrest,Lowest,No
11207,13,Georgia,130505,1,1,1,0,1,FLEMING,March,1,Wednesday,5,45,Rural,High Speed (Arterial),Yes,31.88029722,-81.39461111,Simple Junction,Dark - Not Lighted,Clear,5:00am-5:59am,47,6:00am-6:59am,2,Not Applicable (Not Transported),Not Applicable (Not Transported),1,Dark - Unlighted,Clear,0,1,[],[],0,0,Valid,0.0,1.0,28.0,28.0,['Male'],0,0,2,3,4,Dry,Straight,Level,Lowest,No
11208,13,Georgia,130506,1,1,1,0,1,ATLANTA,March,31,Friday,20,46,Urban,Medium Speed (Collector),No,33.86140556,-84.30982222,Non-Intersection,Dark - Not Lighted,Clear,8:00pm-8:59pm,47,8:00pm-8:59pm,49,Not Applicable (Not Transported),Not Applicable (Not Transported),1,Dark - Unlighted,Clear,0,1,[],[],0,0,Valid,1.0,0.0,44.0,44.0,['Male'],0,0,2,4,4,Dry,Straight,Level,Lowest,No
11209,13,Georgia,130507,0,2,2,0,3,WAYCROSS,April,27,Thursday,17,5,Urban,High Speed (Arterial),Yes,31.20679722,-82.33690556,Complex/Circle,Daylight,Severe Crosswinds,5:00pm-5:59pm,9,5:00pm-5:59pm,17,5:00pm-5:59pm,43,1,Daylight,Rain/Wind/Minor,1,2,['Front_Passenger'],['Shoulder_Lapbelt'],0,0,Valid,0.0,0.0,61.0,45.0,"['Female', 'Male']",0,0,3,4,5,Wet/Standing Water,Straight,Level,Lowest,No
11210,13,Georgia,130508,0,2,2,0,2,FLOWERY BRANCH,May,4,Thursday,5,40,Urban,Medium Speed (Collector),No,34.18525833,-83.89945556,Simple Junction,Dark - Not Lighted,Clear,5:00am-5:59am,41,5:00am-5:59am,47,6:00am-6:59am,11,1,Dark - Unlighted,Clear,1,1,['Driver'],['None_Used'],0,0,Valid,1.0,0.0,41.0,36.0,"['Male', 'Male']",1,0,5,4,5,Dry,Curve,Level,Lowest,No
11211,13,Georgia,130509,0,1,1,0,1,ATHENS,May,4,Thursday,16,22,Urban,Medium Speed (Collector),No,33.99025,-83.35565556,Simple Junction,Daylight,Clear,4:00am-4:59am,25,4:00am-4:59am,34,4:00am-4:59am,48,1,Daylight,Clear,1,0,['Driver'],['None_Used'],0,0,Invalid,0.0,1.0,36.0,36.0,['Male'],0,0,3,4,2,Dry,Curve,Level,Lowest,No
11212,13,Georgia,130510,1,1,1,0,2,NOT APPLICABLE,May,5,Friday,0,11,Urban,Low Speed (Local),No,33.54965556,-84.2551,Non-Intersection,Dark - Not Lighted,Clear,0:00am-0:59am,12,0:00am-0:59am,19,0:00am-0:59am,39,1,Dark - Unlighted,Clear,0,2,[],[],0,0,Valid,0.0,0.0,57.0,57.0,['Male'],0,0,2,2,4,Dry,Straight,Grade/Hillcrest,Lowest,No
11213,13,Georgia,130511,0,2,2,0,2,ATHENS,May,6,Saturday,13,58,Urban,Medium Speed (Collector),No,33.99832222,-83.36414444,Simple Junction,Daylight,Cloudy,1:00pm-1:59pm,59,2:00pm-2:59pm,9,2:00pm-2:59pm,28,1,Daylight,Reduced Visibility,1,1,['Driver'],['None_Used'],0,0,Valid,0.0,1.0,85.0,34.0,"['Female', 'Male']",0,0,3,4,5,Dry,Straight,Grade/Hillcrest,Medium,No
11214,13,Georgia,130512,1,1,1,0,1,TYBEE ISLAND,May,14,Sunday,17,35,Rural,Low Speed (Local),No,31.99308611,-80.84669722,Simple Junction,Daylight,Clear,5:00pm-5:59pm,37,5:00pm-5:59pm,42,6:00pm-6:59pm,13,1,Daylight,Clear,0,1,[],[],0,0,Valid,0.0,0.0,54.0,54.0,['Male'],0,0,3,1,4,Dry,Straight,Level,Lowest,No
11215,13,Georgia,130513,0,1,1,0,2,DALTON,May,16,Tuesday,13,57,Rural,High Speed (Arterial),Yes,34.63383333,-84.97628056,Non-Intersection,Daylight,Cloudy,1:00pm-1:59pm,58,2:00pm-2:59pm,8,Not Applicable (Not Transported),Not Applicable (Not Transported),1,Daylight,Reduced Visibility,1,1,['Front_Passenger'],['Shoulder_Lapbelt'],0,0,Valid,0.0,0.0,67.0,67.0,['Male'],0,0,3,4,2,Dry,Curve,Grade/Hillcrest,Lowest,No
11216,13,Georgia,130514,0,2,2,0,2,UNADILLA,May,17,Wednesday,0,55,Rural,Medium Speed (Collector),No,32.22311389,-83.75783333,Non-Intersection,Dark - Not Lighted,Cloudy,1:00am-1:59am,0,1:00am-1:59am,4,Unknown,Unknown EMS Hospital Arrival Time,1,Dark - Unlighted,Reduced Visibility,1,1,['Driver'],['Shoulder_Lapbelt'],0,0,Valid,0.0,1.0,80.0,43.0,"['Male', 'Male']",0,0,3,4,5,Wet/Standing Water,Straight,Level,Lowest,No
11217,13,Georgia,130515,0,2,2,0,2,MILLEN,May,17,Wednesday,6,46,Rural,High Speed (Arterial),Yes,32.86517222,-81.96001389,Non-Intersection,Daylight,Cloudy,6:00am-6:59am,45,6:00am-6:59am,51,7:00am-7:59am,22,1,Daylight,Reduced Visibility,1,1,['Driver'],['None_Used'],0,0,Valid,0.0,1.0,55.0,23.0,"['Female', 'Male']",0,0,3,4,5,Dry,Straight,Level,Medium,No
11218,13,Georgia,130516,0,1,1,0,1,CLARKESVILLE,May,17,Wednesday,18,43,Rural,Medium Speed (Collector),No,34.67913333,-83.42810833,Non-Intersection,Daylight,Cloudy,7:00pm-7:59pm,40,7:00pm-7:59pm,43,Not Applicable (Not Transported),Not Applicable (Not Transported),1,Daylight,Reduced Visibility,1,0,['Driver'],['None_Used'],1,1,Valid,0.0,0.0,33.0,33.0,['Female'],1,0,3,4,3,Dry,Straight,Grade/Hillcrest,Lowest,No
11219,13,Georgia,130517,0,2,2,0,4,CAMILLA,May,17,Wednesday,21,55,Rural,Medium Speed (Collector),No,31.28951111,-84.30608333,Complex/Circle,Dark - Not Lighted,Cloudy,10:00pm-10:59pm,4,10:00pm-10:59pm,14,11:00pm-11:59pm,1,3,Dark - Unlighted,Reduced Visibility,3,1,"['Driver', 'Front_Passenger', 'Rear_Seat']","['None_Used', 'None_Used', 'None_Used']",0,0,Valid,0.0,1.0,51.0,49.0,"['Female', 'Male']",0,0,4,4,5,Wet/Standing Water,Straight,Grade/Hillcrest,Lowest,No
11220,13,Georgia,130518,0,2,2,0,3,BAINBRIDGE,May,18,Thursday,5,50,Urban,High Speed (Arterial),Yes,30.92965556,-84.60506389,Complex/Circle,Dark - Not Lighted,"Fog, Smog, Smoke",5:00am-5:59am,54,5:00am-5:59am,57,6:00am-6:59am,16,1,Dark - Unlighted,Reduced Visibility,1,2,['Rear_Seat'],['Child_Safety'],0,0,Valid,0.0,0.0,54.0,29.0,"['Female', 'Male']",0,0,4,4,5,Dry,Straight,Grade/Hillcrest,Lowest,No
11221,13,Georgia,130519,0,1,1,0,1,BUCKHEAD,May,18,Thursday,16,34,Rural,High Speed (Arterial),Yes,33.55064167,-83.35489444,Non-Intersection,Daylight,Cloudy,4:00pm-4:59pm,35,4:00pm-4:59pm,47,Not Applicable (Not Transported),Not Applicable (Not Transported),1,Daylight,Reduced Visibility,1,0,['Driver'],['Shoulder_Lapbelt'],0,0,Valid,0.0,0.0,25.0,25.0,['Male'],0,0,2,4,3,Dry,Straight,Level,Lowest,No
11222,13,Georgia,130520,1,1,1,0,1,THOMSON,May,18,Thursday,22,10,Urban,Medium Speed (Collector),No,33.46305278,-82.49129722,Simple Junction,Dark - Lighted,Cloudy,10:00pm-10:59pm,20,10:00pm-10:59pm,25,Not Applicable (Not Transported),Not Applicable (Not Transported),1,Dark - Lighted,Reduced Visibility,0,1,[],[],0,0,Valid,0.0,0.0,51.0,51.0,['Female'],0,0,3,3,4,Wet/Standing Water,Straight,Level,Lowest,No
11223,13,Georgia,130521,0,2,2,0,4,Other,May,18,Thursday,22,48,Urban,High Speed (Arterial),Yes,33.68343333,-84.31045,Non-Intersection,Dark - Not Lighted,Clear,Unknown,Unknown,Unknown EMS Scene Arrival Hour,Unknown EMS Scene Arrival Minutes,Unknown,Unknown EMS Hospital Arrival Time,1,Dark - Unlighted,Clear,1,3,['Driver'],['Shoulder_Lapbelt'],0,0,Valid,0.0,0.0,46.0,33.0,"['Male', 'Male']",0,0,4,4,5,Dry,Straight,Level,Lowest,No
11224,13,Georgia,130522,1,1,1,0,1,WARNER ROBINS,May,19,Friday,0,22,Urban,High Speed (Arterial),Yes,32.61826667,-83.67167222,Non-Intersection,Dark - Not Lighted,Cloudy,0:00am-0:59am,24,0:00am-0:59am,28,0:00am-0:59am,52,1,Dark - Unlighted,Reduced Visibility,0,1,[],[],0,0,Valid,0.0,2.0,32.0,32.0,['Female'],0,0,2,3,4,Dry,Straight,Grade/Hillcrest,Lowest,No
11225,13,Georgia,130523,0,2,2,0,4,BROOKLET,May,19,Friday,5,12,Rural,Medium Speed (Collector),No,32.33139444,-81.58941389,Non-Intersection,Dark - Not Lighted,Rain,5:00am-5:59am,9,5:00am-5:59am,16,Unknown,Unknown EMS Hospital Arrival Time,1,Dark - Unlighted,Rain/Wind/Minor,1,3,['Driver'],['Shoulder_Lapbelt'],0,0,Invalid,0.0,0.0,34.0,26.0,"['Female', 'Male']",0,0,2,4,5,Wet/Standing Water,Straight,Level,Lowest,No
11226,13,Georgia,130524,0,1,1,0,1,STONE MOUNTAIN,May,19,Friday,22,8,Urban,Low Speed (Local),No,33.79389722,-84.18477222,Simple Junction,Dark - Not Lighted,Clear,10:00pm-10:59pm,19,10:00pm-10:59pm,25,10:00pm-10:59pm,47,1,Dark - Unlighted,Clear,1,0,['Driver'],['Shoulder_Lapbelt'],0,0,Valid,0.0,0.0,38.0,38.0,['Male'],0,0,3,4,2,Dry,Straight,Level,Lowest,No
11227,13,Georgia,130525,0,1,1,0,1,DAHLONEGA,May,20,Saturday,17,11,Rural,Medium Speed (Collector),No,34.62848611,-84.09852778,Non-Intersection,Dark - Not Lighted,Cloudy,5:00pm-5:59pm,12,5:00pm-5:59pm,22,Not Applicable (Not Transported),Not Applicable (Not Transported),1,Dark - Unlighted,Reduced Visibility,1,0,['Driver'],['Shoulder_Lapbelt'],1,1,Valid,0.0,0.0,22.0,22.0,['Male'],1,0,2,4,3,Dry,Straight,Grade/Hillcrest,Lowest,No
11228,13,Georgia,130526,0,1,1,0,1,MONTEZUMA,May,20,Saturday,19,49,Urban,Medium Speed (Collector),No,32.28404444,-84.03114722,Non-Intersection,Daylight,Clear,8:00pm-8:59pm,2,8:00pm-8:59pm,6,Not Applicable (Not Transported),Not Applicable (Not Transported),1,Daylight,Clear,1,0,['Driver'],['None_Used'],0,0,Invalid,0.0,1.0,30.0,30.0,['Male'],1,0,3,4,3,Dry,Curve,Grade/Hillcrest,Lowest,No
11229,13,Georgia,130527,1,1,1,0,1,LITHONIA,May,20,Saturday,21,48,Urban,Medium Speed (Collector),No,33.72312778,-84.16899722,Non-Intersection,Dark - Not Lighted,Clear,9:00pm-9:59pm,49,9:00pm-9:59pm,50,10:00pm-10:59pm,7,1,Dark - Unlighted,Clear,0,1,[],[],0,0,Valid,1.0,0.0,65.0,65.0,['Male'],0,0,2,2,4,Dry,Straight,Level,Lowest,No
11230,13,Georgia,130528,1,1,1,0,1,MARIETTA,May,21,Sunday,4,42,Urban,High Speed (Arterial),Yes,33.90788889,-84.47650833,Non-Intersection,Dark - Not Lighted,Clear,4:00am-4:59am,45,4:00am-4:59am,51,Not Applicable (Not Transported),Not Applicable (Not Transported),1,Dark - Unlighted,Clear,0,1,[],[],0,0,Valid,0.0,0.0,24.0,24.0,['Female'],0,0,3,3,4,Dry,Straight,Level,Lowest,No
11231,13,Georgia,130529,0,1,1,0,2,LITHONIA,May,21,Sunday,20,23,Urban,Medium Speed (Collector),No,33.65287778,-84.15947778,Non-Intersection,Dark - Not Lighted,Clear,8:00pm-8:59pm,23,8:00pm-8:59pm,34,8:00pm-8:59pm,47,1,Dark - Unlighted,Clear,1,1,['Front_Passenger'],['None_Used'],1,1,Valid,0.0,0.0,34.0,34.0,['Female'],0,0,2,4,2,Dry,Curve,Grade/Hillcrest,Lowest,No
11232,13,Georgia,130530,0,2,2,0,3,Not Reported,May,22,Monday,12,22,Urban,High Speed (Arterial),Yes,33.99119722,-85.24800278,Non-Intersection,Daylight,Cloudy,12:00pm-12:59pm,10,12:00pm-12:59pm,46,1:00pm-1:59pm,26,1,Daylight,Reduced Visibility,1,2,['Driver'],['None_Used'],0,0,Valid,0.0,0.0,69.0,61.0,"['Male', 'Male']",0,0,5,4,5,Dry,Straight,Grade/Hillcrest,Lowest,No
11233,13,Georgia,130531,0,2,2,0,4,STAPLETON,May,24,Wednesday,10,15,Rural,High Speed (Arterial),Yes,33.15759444,-82.45634722,Complex/Circle,Daylight,Clear,10:00am-10:59am,19,10:00am-10:59am,29,11:00am-11:59am,29,1,Daylight,Clear,1,3,['Front_Passenger'],['Shoulder_Lapbelt'],0,0,Valid,0.0,0.0,84.0,63.0,"['Male', 'Male']",0,0,3,4,5,Dry,Straight,Level,Lowest,No
11234,13,Georgia,130532,0,2,2,0,4,MACON,May,24,Wednesday,16,22,Urban,Medium Speed (Collector),No,32.86232778,-83.57200278,Non-Intersection,Daylight,Clear,4:00pm-4:59pm,24,4:00pm-4:59pm,44,5:00pm-5:59pm,12,1,Daylight,Clear,1,3,['Rear_Seat'],['Shoulder_Lapbelt'],0,0,Valid,0.0,0.0,41.0,41.0,"['Male', 'Female']",0,0,3,4,5,Dry,Curve,Level,Lowest,No
11235,13,Georgia,130533,0,1,1,0,1,MACON,May,25,Thursday,3,10,Urban,High Speed (Arterial),Yes,32.86118889,-83.6458,Non-Intersection,Dark - Not Lighted,Clear,3:00am-3:59am,15,3:00am-3:59am,26,Not Applicable (Not Transported),Not Applicable (Not Transported),1,Dark - Unlighted,Clear,1,0,['Driver'],['None_Used'],0,0,Valid,0.0,0.0,57.0,57.0,['Male'],0,0,5,4,2,Dry,Straight,Grade/Hillcrest,Lowest,No
11236,13,Georgia,130534,1,2,2,0,2,LITHONIA,May,25,Thursday,5,19,Urban,High Speed (Arterial),Yes,33.7177,-84.09344444,Non-Intersection,Dark - Not Lighted,Clear,5:00am-5:59am,20,5:00am-5:59am,20,Not Applicable (Not Transported),Not Applicable (Not Transported),1,Dark - Unlighted,Clear,0,2,[],[],0,0,Invalid,1.0,0.0,998.0,53.0,"['Other', 'Male']",0,0,3,2,4,Dry,Straight,Level,Lowest,No
11237,13,Georgia,130535,0,2,2,0,2,Other,May,27,Saturday,18,26,Urban,High Speed (Arterial),Yes,34.09583056,-84.62393889,Complex/Circle,Daylight,Clear,6:00am-6:59am,27,6:00am-6:59am,28,6:00am-6:59am,50,1,Daylight,Clear,1,1,['Driver'],['None_Used'],0,0,Valid,0.0,0.0,53.0,24.0,"['Female', 'Male']",0,0,5,4,5,Dry,Straight,Level,Lowest,No
11238,13,Georgia,130536,0,2,1,1,1,SAVANNAH,May,27,Saturday,19,48,Urban,Low Speed (Local),No,32.01426389,-81.07004167,Non-Intersection,Dusk,Cloudy,7:00pm-7:59pm,50,7:00pm-7:59pm,53,Not Applicable (Not Transported),Not Applicable (Not Transported),1,Twilight,Reduced Visibility,1,0,['Driver'],['None_Used'],0,0,Valid,0.0,0.0,62.0,62.0,['Male'],1,0,5,4,5,Wet/Standing Water,Straight,Level,Lowest,No
11239,13,Georgia,130537,1,4,4,0,4,COLLEGE PARK,May,5,Friday,5,23,Urban,High Speed (Arterial),Yes,33.61738333,-84.45033056,Non-Intersection,Dark - Not Lighted,Clear,5:00am-5:59am,39,5:00am-5:59am,51,Not Applicable (Not Transported),Not Applicable (Not Transported),1,Dark - Unlighted,Clear,0,4,[],[],0,0,Valid,0.0,2.0,61.0,45.0,"['Male', 'Male', 'Male']",0,0,4,4,5,Dry,Straight,Level,Lowest,No
11240,13,Georgia,130538,0,2,2,0,5,LYONS,May,10,Wednesday,15,12,Urban,High Speed (Arterial),Yes,32.24736111,-82.32563333,Complex/Circle,Daylight,Clear,3:00pm-3:59pm,15,3:00pm-3:59pm,20,Unknown,Unknown EMS Hospital Arrival Time,1,Daylight,Clear,1,4,['Driver'],['Shoulder_Lapbelt'],0,0,Valid,0.0,0.0,50.0,34.0,"['Female', 'Male']",0,0,4,4,5,Dry,Straight,Level,Lowest,No
11241,13,Georgia,130539,1,3,3,0,4,MARIETTA,May,15,Monday,14,30,Urban,High Speed (Arterial),No,33.90332778,-84.48811111,Non-Intersection,Daylight,Clear,2:00pm-2:59pm,30,2:00pm-2:59pm,40,3:00pm-3:59pm,10,1,Daylight,Clear,0,4,[],[],0,0,Invalid,1.0,0.0,66.0,26.0,"['Male', 'Male', 'Female']",0,0,3,3,5,Dry,Straight,Level,Lowest,No
11242,13,Georgia,130540,0,2,2,0,5,CAMILLA,May,22,Monday,20,5,Rural,Medium Speed (Collector),No,31.08819167,-84.26070556,Non-Intersection,Dark - Not Lighted,Rain,8:00pm-8:59pm,14,8:00pm-8:59pm,25,9:00pm-9:59pm,0,2,Dark - Unlighted,Rain/Wind/Minor,2,3,"['Front_Passenger', 'Driver']","['None_Used', 'None_Used']",0,0,Valid,0.0,0.0,24.0,18.0,"['Male', 'Female']",0,0,2,4,5,Wet/Standing Water,Straight,Grade/Hillcrest,Lowest,No
11243,13,Georgia,130541,0,2,2,0,2,GAINESVILLE,May,24,Wednesday,2,34,Rural,High Speed (Arterial),Yes,34.34946111,-83.75911667,Complex/Circle,Dark - Not Lighted,Clear,2:00am-2:59am,35,2:00am-2:59am,43,Not Applicable (Not Transported),Not Applicable (Not Transported),1,Dark - Unlighted,Clear,1,1,['Driver'],['Shoulder_Lapbelt'],0,0,Valid,0.0,0.0,44.0,43.0,"['Male', 'Male']",0,0,4,4,5,Dry,Straight,Grade/Hillcrest,Lowest,No
11244,13,Georgia,130542,0,2,2,0,4,FITZGERALD,May,24,Wednesday,15,36,Urban,Low Speed (Local),No,31.73331389,-83.24061389,Simple Junction,Daylight,Clear,3:00pm-3:59pm,35,3:00pm-3:59pm,40,3:00pm-3:59pm,55,1,Daylight,Clear,1,3,['Driver'],['None_Used'],0,0,Invalid,0.0,0.0,20.0,16.0,"['Female', 'Male']",0,0,5,3,5,Dry,Straight,Level,Lowest,No
11245,13,Georgia,130543,0,1,1,0,2,SPARKS,May,27,Saturday,15,40,Urban,High Speed (Arterial),Yes,31.18828333,-83.45460556,Non-Intersection,Daylight,Clear,3:00pm-3:59pm,42,3:00pm-3:59pm,52,4:00pm-4:59pm,36,1,Daylight,Clear,1,1,['Front_Passenger'],['None_Used'],0,0,Invalid,0.0,0.0,50.0,50.0,['Female'],0,0,3,4,3,Dry,Straight,Level,Lowest,No
11246,13,Georgia,130544,0,4,4,0,10,ATLANTA,May,27,Saturday,21,12,Urban,Medium Speed (Collector),No,33.73171667,-84.38789722,Complex/Circle,Dark - Lighted,Cloudy,9:00pm-9:59pm,16,9:00pm-9:59pm,23,9:00pm-9:59pm,31,1,Dark - Lighted,Reduced Visibility,1,9,['Rear_Seat'],['None_Used'],0,0,Invalid,0.0,0.0,43.0,27.0,"['Male', 'Female', 'Male', 'Male']",0,0,3,4,5,Dry,Straight,Grade/Hillcrest,Lowest,No
11247,13,Georgia,130545,0,1,1,0,1,ATLANTA,May,27,Saturday,23,46,Urban,Medium Speed (Collector),No,33.72304167,-84.42218333,Simple Junction,Dark - Lighted,Clear,11:00pm-11:59pm,48,11:00pm-11:59pm,50,Not Applicable (Not Transported),Not Applicable (Not Transported),1,Dark - Lighted,Clear,1,0,['Driver'],['None_Used'],0,0,Valid,0.0,0.0,40.0,40.0,['Male'],0,0,2,4,3,Dry,Straight,Level,Lowest,No
11248,13,Georgia,130546,0,1,1,0,1,WILLIAMSON,May,20,Saturday,2,21,Rural,Medium Speed (Collector),No,33.16617778,-84.46360556,Non-Intersection,Dark - Not Lighted,Clear,2:00am-2:59am,24,2:00am-2:59am,35,Not Applicable (Not Transported),Not Applicable (Not Transported),1,Dark - Unlighted,Clear,1,0,['Driver'],['Shoulder_Lapbelt'],0,0,Valid,0.0,0.0,35.0,35.0,['Male'],1,0,3,4,3,Dry,Curve,Level,Lowest,No
11249,13,Georgia,130547,0,2,2,0,2,ATLANTA,May,20,Saturday,22,54,Urban,Medium Speed (Collector),No,33.72119167,-84.38968333,Non-Intersection,Dark - Lighted,Rain,11:00am-11:59am,1,11:00am-11:59am,2,11:00am-11:59am,40,1,Dark - Lighted,Rain/Wind/Minor,1,1,['Driver'],['None_Used'],0,0,Invalid,0.0,0.0,48.0,48.0,"['Male', 'Female']",0,0,3,4,5,Wet/Standing Water,Curve,Level,Lowest,No
11250,13,Georgia,130548,0,2,2,0,2,COVINGTON,May,28,Sunday,1,2,Urban,Medium Speed (Collector),No,33.48901667,-83.91698056,Non-Intersection,Dark - Not Lighted,Cloudy,1:00am-1:59am,3,1:00am-1:59am,15,Not Applicable (Not Transported),Not Applicable (Not Transported),1,Dark - Unlighted,Reduced Visibility,1,1,['Driver'],['None_Used'],1,2,Valid,0.0,0.0,44.0,34.0,"['Male', 'Female']",0,0,2,4,5,Dry,Straight,Level,Lowest,No
11251,13,Georgia,130549,0,1,1,0,1,AUGUSTA,May,28,Sunday,3,43,Urban,High Speed (Arterial),Yes,33.49328889,-82.08282222,Non-Intersection,Dark - Lighted,Clear,3:00am-3:59am,43,3:00am-3:59am,54,Not Applicable (Not Transported),Not Applicable (Not Transported),1,Dark - Lighted,Clear,1,0,['Driver'],['None_Used'],0,0,Valid,0.0,0.0,36.0,36.0,['Male'],1,0,3,4,3,Dry,Straight,Grade/Hillcrest,Lowest,No
11252,13,Georgia,130550,0,1,1,0,4,UVALDA,May,28,Sunday,14,47,Rural,Low Speed (Local),No,32.26012778,-82.44679722,Non-Intersection,Daylight,Clear,2:00pm-2:59pm,52,2:00pm-2:59pm,57,3:00pm-3:59pm,32,1,Daylight,Clear,1,3,['Front_Passenger'],['None_Used'],0,0,Valid,0.0,0.0,20.0,20.0,['Male'],4,0,3,4,3,Dry,Straight,Grade/Hillcrest,Lowest,No
11253,13,Georgia,130551,0,2,2,0,4,DALLAS,May,28,Sunday,21,45,Urban,High Speed (Arterial),Yes,33.92929444,-84.74052778,Simple Junction,Dark - Not Lighted,Clear,9:00pm-9:59pm,48,10:00pm-10:59pm,4,10:00pm-10:59pm,34,2,Dark - Unlighted,Clear,2,2,"['Driver', 'Front_Passenger']","['None_Used', 'None_Used']",1,1,Invalid,0.0,0.0,38.0,31.0,"['Male', 'Female']",0,0,5,4,5,Dry,Straight,Level,Lowest,No
11254,13,Georgia,130552,0,1,1,0,1,BOSTON,May,30,Tuesday,16,28,Rural,Medium Speed (Collector),No,30.67731111,-83.79161667,Non-Intersection,Daylight,Clear,4:00pm-4:59pm,38,1:00pm-1:59pm,58,Not Applicable (Not Transported),Not Applicable (Not Transported),1,Daylight,Clear,1,0,['Driver'],['None_Used'],0,0,Valid,0.0,0.0,36.0,36.0,['Male'],0,0,4,4,3,Dry,Curve,Level,Lowest,No
11255,13,Georgia,130553,0,1,1,0,1,Not Reported,May,31,Wednesday,8,7,Rural,Low Speed (Local),No,31.77469167,-82.27699722,Non-Intersection,Daylight,Clear,8:00am-8:59am,9,8:00am-8:59am,13,Not Applicable (Not Transported),Not Applicable (Not Transported),1,Daylight,Clear,1,0,['Driver'],['None_Used'],1,1,Valid,0.0,0.0,45.0,45.0,['Male'],0,0,2,4,3,Dry,Straight,Level,Lowest,No
11256,13,Georgia,130554,0,1,1,0,1,Not Reported,May,31,Wednesday,16,39,Rural,Medium Speed (Collector),No,30.79447778,-84.56140556,Non-Intersection,Daylight,Rain,4:00pm-4:59pm,28,4:00pm-4:59pm,41,Not Applicable (Not Transported),Not Applicable (Not Transported),1,Daylight,Rain/Wind/Minor,1,0,['Driver'],['None_Used'],1,1,Valid,0.0,0.0,62.0,62.0,['Male'],1,0,3,4,3,Wet/Standing Water,Curve,Level,Lowest,No
11257,13,Georgia,130555,0,1,1,0,1,BRUNSWICK,May,17,Wednesday,18,32,Urban,High Speed (Arterial),Yes,31.23599167,-81.50837222,Non-Intersection,Daylight,Rain,6:00pm-6:59pm,33,6:00pm-6:59pm,41,7:00pm-7:59pm,1,1,Daylight,Rain/Wind/Minor,1,0,['Driver'],['None_Used'],0,0,Valid,0.0,1.0,53.0,53.0,['Male'],1,0,3,4,2,Wet/Standing Water,Straight,Level,Lowest,No
11258,13,Georgia,130556,0,1,1,0,2,COLUMBUS,May,21,Sunday,23,22,Urban,Medium Speed (Collector),No,32.56975278,-84.91212778,Non-Intersection,Dark - Lighted,Clear,11:00pm-11:59pm,23,11:00pm-11:59pm,30,Not Applicable (Not Transported),Not Applicable (Not Transported),2,Dark - Lighted,Clear,2,0,"['Driver', 'Front_Passenger']","['Shoulder_Lapbelt', 'Shoulder_Lapbelt']",0,0,Valid,0.0,0.0,54.0,54.0,['Male'],0,0,3,4,3,Dry,Curve,Grade/Hillcrest,Lowest,No
11259,13,Georgia,130557,0,3,3,0,3,LOGANVILLE,May,26,Friday,22,42,Urban,High Speed (Arterial),Yes,33.8609,-83.95459722,Non-Intersection,Dark - Not Lighted,Clear,10:00pm-10:59pm,45,10:00pm-10:59pm,47,11:00pm-11:59pm,5,1,Dark - Unlighted,Clear,1,2,['Driver'],['None_Used'],1,1,Valid,1.0,2.0,46.0,31.0,"['Male', 'Male', 'Female']",1,0,3,4,5,Dry,Straight,Grade/Hillcrest,Lowest,No