,State_Code,State_Name,Crash_ID,Count_Non_Motorists,Count_Vehicles_Total,Count_Vehicle_Forms,Count_PVH_Involved,Count_Occupants_MV,City_Name,Month_Name,Day_of_Month,Day_of_Week,Crash_Hour,Crash_Minute,Area_Rural_Urban,Road_Functional_Class,On_NHS_Road,Latitude,Longitude,Intersection_Type,Light_Condition,Weather_Condition,Notif_Hour,Notif_Minute,Arrival_Hour,Arrival_Minute,Hospital_Hour,Hospital_Minute,Fatalities_Count,Clean_Light_Condition,Clean_Weather_Condition,Total_Killed,Total_Alive,Fatal_Seats_List,Killed_Restraint_List,Any_Driver_Drinking,Total_Drinking_Drivers,Driver_License_Category,Driver_Max_Prev_Accident_Count,Driver_Max_Prev_Speeding_Count,Max_Driver_Age,Min_Driver_Age,Driver_Sex_List,Total_Exceeding_Limit_Vehicles,Total_Too_Fast_Vehicles,Max_Vehicle_Type_Severity_5,Max_Vehicle_Damage_Rank,Max_Harmful_Event_Severity,Crash_Road_Surface_Condition,Crash_Horizontal_Alignment,Crash_Vertical_Profile,Crash_Impairment_Category,Crash_Vehicle_Defect
11260,13,Georgia,130558,0,1,1,0,1,Not Reported,May,27,Saturday,9,11,Urban,Medium Speed (Collector),No,34.25647222,-85.11691389,Non-Intersection,Daylight,Clear,9:00am-9:59am,12,9:00am-9:59am,17,Not Applicable (Not Transported),Not Applicable (Not Transported),1,Daylight,Clear,1,0,['Driver'],['Shoulder_Lapbelt'],0,0,Valid,0.0,0.0,43.0,43.0,['Male'],1,0,2,4,3,Dry,Curve,Level,Lowest,No
11261,13,Georgia,130559,0,2,2,0,3,ATTAPULGUS,May,27,Saturday,21,5,Rural,High Speed (Arterial),Yes,30.73729167,-84.45840278,Non-Intersection,Dark - Lighted,Clear,9:00pm-9:59pm,10,9:00pm-9:59pm,4,10:00pm-10:59pm,4,2,Dark - Lighted,Clear,2,1,"['Front_Passenger', 'Driver']","['Child_Safety', 'Shoulder_Lapbelt']",1,1,Valid,0.0,0.0,68.0,28.0,"['Female', 'Female']",0,0,3,4,5,Dry,Straight,Grade/Hillcrest,Lowest,No
11262,13,Georgia,130560,1,1,1,0,1,ADAIRSVILLE,May,28,Sunday,4,0,Rural,Low Speed (Local),No,34.3374,-84.84530833,Non-Intersection,Dark - Not Lighted,Clear,8:00pm-8:59pm,25,8:00pm-8:59pm,39,Not Applicable (Not Transported),Not Applicable (Not Transported),1,Dark - Unlighted,Clear,0,1,[],[],0,0,Invalid,0.0,0.0,999.0,999.0,['Other'],0,0,1,0,4,Dry,Straight,Level,Lowest,No
11263,13,Georgia,130561,0,2,2,0,2,VILLA RICA,May,29,Monday,3,48,Urban,High Speed (Arterial),Yes,33.72140556,-84.85178889,Non-Intersection,Dark - Not Lighted,Clear,3:00am-3:59am,38,3:00am-3:59am,58,4:00am-4:59am,22,1,Dark - Unlighted,Clear,1,1,['Driver'],['None_Used'],0,0,Valid,0.0,0.0,37.0,21.0,"['Male', 'Male']",0,0,5,4,5,Dry,Straight,Grade/Hillcrest,Lowest,No
11264,13,Georgia,130562,0,2,2,0,3,COLUMBUS,May,31,Wednesday,12,15,Urban,Low Speed (Local),No,32.47515556,-84.91661667,Complex/Circle,Daylight,Cloudy,12:00pm-12:59pm,32,12:00pm-12:59pm,39,1:00pm-1:59pm,15,1,Daylight,Reduced Visibility,1,2,['Driver'],['None_Used'],0,0,Valid,0.0,0.0,67.0,18.0,"['Male', 'Male']",2,0,3,4,5,Dry,Straight,Level,Lowest,Yes
11265,13,Georgia,130563,0,1,1,0,1,GRIFFIN,May,31,Wednesday,22,30,Rural,Medium Speed (Collector),No,33.23269444,-84.14440556,Non-Intersection,Dark - Not Lighted,Clear,10:00pm-10:59pm,34,10:00pm-10:59pm,41,Not Applicable (Not Transported),Not Applicable (Not Transported),1,Dark - Unlighted,Clear,1,0,['Driver'],['None_Used'],0,0,Valid,1.0,0.0,40.0,40.0,['Male'],1,0,5,4,2,Dry,Curve,Level,Lowest,No
11266,13,Georgia,130564,0,1,1,0,2,Not Reported,June,1,Thursday,14,30,Rural,Low Speed (Local),No,32.89778889,-82.67422778,Non-Intersection,Daylight,Clear,2:00pm-2:59pm,25,2:00pm-2:59pm,36,3:00pm-3:59pm,15,1,Daylight,Clear,1,1,['Front_Passenger'],['None_Used'],0,0,Invalid,0.0,0.0,12.0,12.0,['Male'],0,0,5,2,3,Dry,Straight,Level,Lowest,No
11267,13,Georgia,130565,0,2,2,0,2,SAVANNAH,June,1,Thursday,20,17,Urban,High Speed (Arterial),No,32.07361667,-81.07488889,Simple Junction,Daylight,Clear,8:00pm-8:59pm,20,8:00pm-8:59pm,27,Not Applicable (Not Transported),Not Applicable (Not Transported),1,Daylight,Clear,1,1,['Driver'],['None_Used'],1,1,Valid,0.0,1.0,43.0,24.0,"['Female', 'Male']",0,0,5,4,5,Dry,Straight,Level,Lowest,No
11268,13,Georgia,130566,0,1,1,0,1,Not Reported,June,2,Friday,6,6,Urban,High Speed (Arterial),Yes,33.82393056,-84.14844167,Non-Intersection,Dawn,Clear,6:00am-6:59am,13,6:00am-6:59am,21,7:00am-7:59am,13,1,Twilight,Clear,1,0,['Driver'],['Shoulder_Lapbelt'],1,1,Valid,0.0,0.0,45.0,45.0,['Male'],0,0,2,4,3,Dry,Straight,Level,Lowest,No
11269,13,Georgia,130567,1,2,1,1,1,Not Reported,June,2,Friday,15,34,Rural,High Speed (Arterial),Yes,31.92835278,-84.55666111,Non-Intersection,Daylight,Clear,3:00pm-3:59pm,34,3:00pm-3:59pm,46,Not Applicable (Not Transported),Not Applicable (Not Transported),1,Daylight,Clear,1,0,['Driver'],['Shoulder_Lapbelt'],0,0,Valid,0.0,0.0,45.0,45.0,['Male'],0,0,3,4,5,Dry,Straight,Level,Lowest,No
11270,13,Georgia,130568,0,1,1,0,1,Not Reported,June,3,Saturday,6,35,Urban,High Speed (Arterial),Yes,33.81837778,-84.25142778,Non-Intersection,Daylight,Clear,6:00am-6:59am,35,6:00am-6:59am,40,7:00am-7:59am,0,1,Daylight,Clear,1,0,['Driver'],['Shoulder_Lapbelt'],0,0,Valid,0.0,0.0,51.0,51.0,['Male'],0,0,4,4,3,Dry,Straight,Level,Lowest,No
11271,13,Georgia,130569,1,1,1,0,1,CALHOUN,June,3,Saturday,12,0,Urban,High Speed (Arterial),Yes,34.42974444,-84.92019444,Non-Intersection,Daylight,Clear,12:00pm-12:59pm,8,12:00pm-12:59pm,16,Not Applicable (Not Transported),Not Applicable (Not Transported),1,Daylight,Clear,0,1,[],[],0,0,Valid,0.0,0.0,48.0,48.0,['Male'],0,0,4,2,4,Dry,Straight,Level,Lowest,No
11272,13,Georgia,130570,1,1,1,0,1,AUGUSTA,June,3,Saturday,17,23,Rural,High Speed (Arterial),Yes,33.42910278,-82.04566944,Non-Intersection,Daylight,Clear,5:00pm-5:59pm,25,5:00pm-5:59pm,31,Not Applicable (Not Transported),Not Applicable (Not Transported),1,Daylight,Clear,0,1,[],[],0,0,Valid,0.0,0.0,34.0,34.0,['Female'],0,0,2,4,4,Dry,Straight,Level,Lowest,No
11273,13,Georgia,130571,0,1,1,0,1,Not Reported,June,4,Sunday,1,50,Urban,High Speed (Arterial),Yes,33.698975,-84.26523056,Non-Intersection,Dark - Lighted,Clear,1:00am-1:59am,52,1:00am-1:59am,55,Not Applicable (Not Transported),Not Applicable (Not Transported),1,Dark - Lighted,Clear,1,0,['Driver'],['Shoulder_Lapbelt'],0,0,Valid,0.0,0.0,19.0,19.0,['Female'],0,0,2,4,3,Dry,Straight,Level,Lowest,No
11274,13,Georgia,130572,0,2,2,0,2,CARTERSVILLE,April,28,Friday,18,5,Urban,Low Speed (Local),No,34.22181389,-84.82270556,Non-Intersection,Daylight,Clear,6:00pm-6:59pm,5,6:00pm-6:59pm,10,7:00pm-7:59pm,10,1,Daylight,Clear,1,1,['Driver'],['None_Used'],0,0,Invalid,1.0,1.0,37.0,34.0,"['Male', 'Female']",1,0,5,4,5,Dry,Straight,Grade/Hillcrest,Lowest,No
11275,13,Georgia,130573,1,1,1,0,1,Not Reported,June,2,Friday,19,31,Urban,High Speed (Arterial),No,34.01386111,-84.55502778,Non-Intersection,Daylight,Clear,7:00pm-7:59pm,35,7:00pm-7:59pm,37,Not Applicable (Not Transported),Not Applicable (Not Transported),1,Daylight,Clear,0,1,[],[],0,0,Valid,0.0,1.0,60.0,60.0,['Male'],0,0,4,1,4,Dry,Straight,Level,Lowest,No
11276,13,Georgia,130574,0,1,1,0,1,Not Reported,June,2,Friday,20,0,Rural,Medium Speed (Collector),No,34.60934167,-84.06563333,Non-Intersection,Daylight,Clear,10:00am-10:59am,23,10:00am-10:59am,25,Not Applicable (Not Transported),Not Applicable (Not Transported),1,Daylight,Clear,1,0,['Driver'],['Shoulder_Lapbelt'],1,1,Valid,0.0,3.0,21.0,21.0,['Male'],0,0,3,4,3,Dry,Curve,Level,Lowest,No
11277,13,Georgia,130575,0,2,2,0,3,ATLANTA,June,3,Saturday,1,26,Urban,Medium Speed (Collector),No,33.68328056,-84.51270278,Non-Intersection,Dark - Lighted,Clear,1:00am-1:59am,28,1:00am-1:59am,29,Not Applicable (Not Transported),Not Applicable (Not Transported),2,Dark - Lighted,Clear,2,1,"['Driver', 'Front_Passenger']","['None_Used', 'Shoulder_Lapbelt']",0,0,Valid,0.0,0.0,29.0,25.0,"['Male', 'Female']",2,0,3,4,5,Dry,Curve,Level,Lowest,No
11278,13,Georgia,130576,0,1,1,0,1,Not Reported,June,3,Saturday,16,5,Rural,Low Speed (Local),No,34.224525,-83.31180278,Non-Intersection,Daylight,Clear,4:00pm-4:59pm,7,4:00pm-4:59pm,17,Not Applicable (Not Transported),Not Applicable (Not Transported),1,Daylight,Clear,1,0,['Driver'],['None_Used'],0,0,Valid,0.0,0.0,65.0,65.0,['Male'],0,0,2,4,2,Dry,Straight,Level,Lowest,No
11279,13,Georgia,130577,0,1,1,0,3,Not Reported,June,4,Sunday,3,9,Rural,Medium Speed (Collector),No,33.45108889,-83.95309444,Non-Intersection,Dark - Not Lighted,Clear,3:00am-3:59am,11,3:00am-3:59am,27,4:00am-4:59am,16,1,Dark - Unlighted,Clear,1,2,['Driver'],['None_Used'],0,0,Valid,0.0,0.0,16.0,16.0,['Male'],0,0,2,4,3,Dry,Straight,Level,Lowest,No
11280,13,Georgia,130578,0,1,1,0,1,Not Reported,June,4,Sunday,16,39,Urban,Medium Speed (Collector),No,33.63479444,-84.21345278,Non-Intersection,Daylight,Cloudy,4:00pm-4:59pm,41,4:00pm-4:59pm,49,Not Applicable (Not Transported),Not Applicable (Not Transported),1,Daylight,Reduced Visibility,1,0,['Driver'],['None_Used'],1,1,Valid,1.0,0.0,49.0,49.0,['Male'],0,0,3,4,3,Dry,Straight,Level,Lowest,No
11281,13,Georgia,130579,0,1,1,0,1,MACON,June,7,Wednesday,5,47,Urban,Medium Speed (Collector),No,32.736825,-83.73366667,Non-Intersection,Dark - Lighted,Clear,5:00am-5:59am,55,6:00am-6:59am,2,Not Applicable (Not Transported),Not Applicable (Not Transported),1,Dark - Lighted,Clear,1,0,['Driver'],['None_Used'],0,0,Valid,0.0,0.0,24.0,24.0,['Male'],0,0,3,4,3,Dry,Straight,Level,Lowest,No
11282,13,Georgia,130580,0,1,1,0,1,SMYRNA,January,1,Sunday,1,3,Urban,Medium Speed (Collector),No,33.84556944,-84.53700278,Non-Intersection,Dark - Not Lighted,Cloudy,1:00am-1:59am,17,1:00am-1:59am,20,1:00am-1:59am,40,1,Dark - Unlighted,Reduced Visibility,1,0,['Driver'],['None_Used'],0,0,Valid,0.0,0.0,23.0,23.0,['Female'],0,0,3,4,3,Wet/Standing Water,Straight,Level,Lowest,No
11283,13,Georgia,130581,1,1,1,0,1,Other,April,12,Wednesday,12,36,Rural,Medium Speed (Collector),No,32.50810833,-84.56140278,Non-Intersection,Daylight,Clear,12:00pm-12:59pm,36,12:00pm-12:59pm,49,1:00pm-1:59pm,32,1,Daylight,Clear,0,1,[],[],0,0,Valid,0.0,0.0,72.0,72.0,['Male'],0,0,3,3,4,Dry,Straight,Level,Lowest,No
11284,13,Georgia,130582,0,1,1,0,1,BLAIRSVILLE,April,14,Friday,12,33,Rural,High Speed (Arterial),Yes,34.89785833,-84.00461111,Simple Junction,Daylight,Rain,12:00pm-12:59pm,37,12:00pm-12:59pm,43,1:00pm-1:59pm,8,1,Daylight,Rain/Wind/Minor,1,0,['Driver'],['None_Used'],0,0,Valid,0.0,0.0,76.0,76.0,['Male'],0,0,3,4,3,Wet/Standing Water,Curve,Grade/Hillcrest,Lowest,No
11285,13,Georgia,130583,0,1,1,0,1,TOWNSEND,June,3,Saturday,23,5,Rural,Low Speed (Local),No,31.59261111,-81.32275556,Non-Intersection,Dark - Not Lighted,Clear,11:00pm-11:59pm,7,11:00pm-11:59pm,32,Not Applicable (Not Transported),Not Applicable (Not Transported),1,Dark - Unlighted,Clear,1,0,['Driver'],['None_Used'],1,1,Valid,0.0,0.0,64.0,64.0,['Male'],0,0,5,4,3,Dry,Curve,Level,Lowest,No
11286,13,Georgia,130584,0,2,2,0,3,Not Reported,June,5,Monday,0,28,Urban,High Speed (Arterial),Yes,33.29353611,-84.29148333,Non-Intersection,Dark - Not Lighted,Clear,0:00am-0:59am,25,0:00am-0:59am,29,Not Applicable (Not Transported),Not Applicable (Not Transported),1,Dark - Unlighted,Clear,1,2,['Driver'],['None_Used'],0,0,Invalid,0.0,0.0,67.0,32.0,"['Male', 'Female']",0,0,5,4,5,Dry,Straight,Level,Lowest,No
11287,13,Georgia,130585,0,1,1,0,1,Not Reported,June,7,Wednesday,15,19,Rural,High Speed (Arterial),Yes,32.74383333,-83.15793056,Non-Intersection,Daylight,Clear,3:00pm-3:59pm,19,4:00pm-4:59pm,0,Not Applicable (Not Transported),Not Applicable (Not Transported),1,Daylight,Clear,1,0,['Driver'],['None_Used'],0,0,Valid,0.0,0.0,50.0,50.0,['Male'],0,0,5,3,3,Dry,Curve,Level,Lowest,No
11288,13,Georgia,130586,0,2,2,0,2,Not Reported,June,6,Tuesday,12,28,Urban,Medium Speed (Collector),No,33.54448333,-83.84441111,Non-Intersection,Daylight,Clear,12:00pm-12:59pm,28,12:00pm-12:59pm,35,1:00pm-1:59pm,15,1,Daylight,Clear,1,1,['Driver'],['Shoulder_Lapbelt'],0,0,Valid,0.0,0.0,77.0,47.0,"['Female', 'Female']",0,0,2,4,5,Dry,Straight,Non-Trafficway,Lowest,No
11289,13,Georgia,130587,0,2,2,0,4,COLUMBUS,June,6,Tuesday,23,53,Urban,High Speed (Arterial),Yes,32.53241944,-84.955625,Non-Intersection,Dark - Lighted,Clear,11:00pm-11:59pm,53,11:00pm-11:59pm,56,0:00am-0:59am,15,1,Dark - Lighted,Clear,1,3,['Driver'],['None_Used'],0,0,Valid,0.0,1.0,54.0,24.0,"['Female', 'Male']",0,0,5,4,5,Dry,Straight,Non-Trafficway,Lowest,No
11290,13,Georgia,130588,0,1,1,0,1,Not Reported,June,7,Wednesday,10,35,Rural,Medium Speed (Collector),No,32.48591111,-84.54802222,Non-Intersection,Daylight,Clear,10:00am-10:59am,43,10:00am-10:59am,53,Not Applicable (Not Transported),Not Applicable (Not Transported),1,Daylight,Clear,1,0,['Driver'],['None_Used'],0,0,Valid,0.0,0.0,17.0,17.0,['Male'],0,0,3,4,2,Dry,Curve,Level,Lowest,No
11291,13,Georgia,130589,1,1,1,0,1,TUCKER,June,9,Friday,3,10,Urban,High Speed (Arterial),Yes,33.84898889,-84.22439167,Non-Intersection,Dark - Lighted,Clear,3:00am-3:59am,17,3:00am-3:59am,20,Not Applicable (Not Transported),Not Applicable (Not Transported),1,Dark - Lighted,Clear,0,1,[],[],0,0,Invalid,0.0,0.0,999.0,999.0,['Other'],0,0,1,0,4,Dry,Straight,Level,Lowest,No
11292,13,Georgia,130590,0,1,1,0,1,ASHBURN,June,10,Saturday,1,55,Rural,Medium Speed (Collector),Yes,31.70234167,-83.651625,Non-Intersection,Dark - Lighted,Clear,1:00am-1:59am,56,2:00am-2:59am,1,2:00am-2:59am,35,1,Dark - Lighted,Clear,1,0,['Driver'],['None_Used'],1,1,Invalid,0.0,0.0,41.0,41.0,['Male'],0,0,5,4,3,Dry,Straight,Level,Lowest,No
11293,13,Georgia,130591,2,1,1,0,1,PANTHERSVILLE,May,14,Sunday,17,50,Urban,Medium Speed (Collector),No,33.71212222,-84.27164167,Non-Intersection,Daylight,Clear,Unknown,Unknown,Unknown EMS Scene Arrival Hour,Unknown EMS Scene Arrival Minutes,Unknown,Unknown EMS Hospital Arrival Time,1,Daylight,Clear,0,1,[],[],1,1,Valid,0.0,3.0,42.0,42.0,['Male'],0,0,2,1,4,Dry,Straight,Grade/Hillcrest,Lowest,No
11294,13,Georgia,130592,0,1,1,0,1,Not Reported,June,4,Sunday,0,50,Rural,Medium Speed (Collector),No,34.07576389,-83.44676944,Non-Intersection,Dark - Not Lighted,Clear,0:00am-0:59am,53,1:00am-1:59am,2,Not Applicable (Not Transported),Not Applicable (Not Transported),1,Dark - Unlighted,Clear,1,0,['Driver'],['None_Used'],1,1,Valid,0.0,0.0,32.0,32.0,['Male'],1,0,2,4,3,Dry,Straight,Grade/Hillcrest,Lowest,No
11295,13,Georgia,130593,0,1,1,0,1,LA GRANGE,June,6,Tuesday,15,30,Urban,Medium Speed (Collector),No,33.07688611,-84.94858889,Non-Intersection,Daylight,Clear,3:00pm-3:59pm,30,3:00pm-3:59pm,32,4:00pm-4:59pm,27,1,Daylight,Clear,1,0,['Driver'],['Shoulder_Lapbelt'],0,0,Valid,0.0,0.0,59.0,59.0,['Male'],0,0,3,4,4,Dry,Straight,Grade/Hillcrest,Lowest,No
11296,13,Georgia,130594,0,1,1,0,2,Not Reported,June,7,Wednesday,16,40,Rural,Low Speed (Local),No,32.74057778,-84.37120278,Non-Intersection,Daylight,Clear,4:00pm-4:59pm,47,5:00pm-5:59pm,5,8:00pm-8:59pm,25,1,Daylight,Clear,1,0,['Front_Passenger'],['None_Used'],0,0,Invalid,0.0,0.0,12.0,12.0,['Female'],0,0,5,3,3,Dry,Straight,Level,Lowest,No
11297,13,Georgia,130595,0,2,2,0,5,Not Reported,June,8,Thursday,9,16,Rural,High Speed (Arterial),Yes,31.03039444,-82.77740833,Simple Junction,Daylight,Clear,9:00am-9:59am,26,9:00am-9:59am,43,10:00am-10:59am,30,1,Daylight,Clear,1,4,['Rear_Seat'],['None_Used'],0,0,Valid,0.0,0.0,41.0,35.0,"['Female', 'Male']",0,0,3,4,5,Dry,Curve,Level,Lowest,No
11298,13,Georgia,130596,0,1,1,0,1,Not Reported,June,8,Thursday,22,30,Urban,High Speed (Arterial),Yes,32.06352778,-81.03301111,Non-Intersection,Dark - Not Lighted,Rain,10:00pm-10:59pm,37,10:00pm-10:59pm,43,Not Applicable (Not Transported),Not Applicable (Not Transported),1,Dark - Unlighted,Rain/Wind/Minor,1,0,['Driver'],['None_Used'],0,0,Valid,0.0,0.0,56.0,56.0,['Male'],1,0,3,4,3,Wet/Standing Water,Straight,Level,Lowest,No
11299,13,Georgia,130597,0,1,1,0,1,Not Reported,June,9,Friday,15,20,Rural,Medium Speed (Collector),No,30.96572778,-84.56775,Non-Intersection,Daylight,Clear,3:00pm-3:59pm,21,3:00pm-3:59pm,27,Not Applicable (Not Transported),Not Applicable (Not Transported),1,Daylight,Clear,1,0,['Driver'],['None_Used'],1,1,Valid,0.0,0.0,78.0,78.0,['Male'],1,0,2,4,3,Dry,Straight,Level,Lowest,No
11300,13,Georgia,130598,0,1,1,0,2,TENNILLE,June,10,Saturday,2,13,Urban,Medium Speed (Collector),No,32.943525,-82.80504167,Non-Intersection,Dark - Lighted,Clear,2:00am-2:59am,5,2:00am-2:59am,12,2:00am-2:59am,35,1,Dark - Lighted,Clear,1,1,['Front_Passenger'],['None_Used'],1,1,Invalid,0.0,0.0,17.0,17.0,['Female'],2,0,2,4,3,Dry,Curve,Grade/Hillcrest,Lowest,No
11301,13,Georgia,130599,0,2,2,0,2,NEWNAN,June,10,Saturday,19,16,Urban,High Speed (Arterial),Yes,33.39805833,-84.76526389,Complex/Circle,Daylight,Clear,7:00am-7:59am,20,7:00am-7:59am,25,8:00am-8:59am,9,1,Daylight,Clear,1,1,['Driver'],['None_Used'],0,0,Valid,0.0,1.0,67.0,24.0,"['Male', 'Female']",1,0,5,4,5,Dry,Straight,Level,Lowest,No
11302,13,Georgia,130600,0,1,1,0,1,ATLANTA,April,24,Monday,0,21,Urban,Medium Speed (Collector),No,33.75806667,-84.35229444,Simple Junction,Dark - Lighted,Cloudy,0:00am-0:59am,21,0:00am-0:59am,34,0:00am-0:59am,53,1,Dark - Lighted,Reduced Visibility,1,0,['Driver'],['None_Used'],0,0,Valid,0.0,0.0,28.0,28.0,['Male'],0,0,3,4,3,Dry,Straight,Level,Lowest,No
11303,13,Georgia,130601,0,4,4,0,6,Not Reported,June,1,Thursday,20,38,Rural,Medium Speed (Collector),No,32.15790278,-81.36408056,Non-Intersection,Dusk,Clear,8:00pm-8:59pm,40,8:00pm-8:59pm,50,9:00pm-9:59pm,35,1,Twilight,Clear,1,5,['Driver'],['None_Used'],0,0,Valid,0.0,0.0,58.0,19.0,"['Male', 'Male', 'Female', 'Male']",0,0,5,4,5,Dry,Straight,Level,Lowest,No
11304,13,Georgia,130602,0,2,2,0,3,Not Reported,June,5,Monday,19,5,Rural,Medium Speed (Collector),No,33.57046667,-84.78898333,Non-Intersection,Daylight,Clear,7:00pm-7:59pm,1,7:00pm-7:59pm,7,8:00pm-8:59pm,15,1,Daylight,Clear,1,2,['Driver'],['None_Used'],0,0,Invalid,0.0,0.0,38.0,34.0,"['Male', 'Male']",1,0,3,4,5,Dry,Straight,Grade/Hillcrest,Lowest,No
11305,13,Georgia,130603,0,1,1,0,1,GRIFFIN,June,8,Thursday,5,29,Urban,High Speed (Arterial),Yes,33.20142778,-84.28754167,Non-Intersection,Dark - Not Lighted,Clear,5:00am-5:59am,26,5:00am-5:59am,32,Not Applicable (Not Transported),Not Applicable (Not Transported),1,Dark - Unlighted,Clear,1,0,['Driver'],['None_Used'],0,0,Valid,0.0,0.0,60.0,60.0,['Male'],0,0,2,4,3,Dry,Straight,Grade/Hillcrest,Lowest,No
11306,13,Georgia,130604,0,1,1,0,1,Other,June,10,Saturday,13,50,Rural,Medium Speed (Collector),No,33.2394,-84.99798056,Simple Junction,Daylight,Clear,1:00pm-1:59pm,53,2:00pm-2:59pm,1,Not Applicable (Not Transported),Not Applicable (Not Transported),1,Daylight,Clear,1,0,['Driver'],['None_Used'],0,0,Invalid,0.0,0.0,52.0,52.0,['Male'],1,0,5,4,3,Dry,Straight,Level,Lowest,No
11307,13,Georgia,130605,0,1,1,0,1,TENNILLE,June,10,Saturday,19,18,Urban,Medium Speed (Collector),No,32.9429,-82.80676667,Non-Intersection,Daylight,Clear,7:00pm-7:59pm,24,7:00pm-7:59pm,29,Unknown,Unknown EMS Hospital Arrival Time,1,Daylight,Clear,1,0,['Driver'],['None_Used'],1,1,Valid,0.0,0.0,69.0,69.0,['Male'],1,0,5,3,3,Dry,Curve,Grade/Hillcrest,Lowest,No
11308,13,Georgia,130606,0,1,1,0,3,IRWINVILLE,June,10,Saturday,20,5,Rural,Low Speed (Local),No,31.65688333,-83.36075278,Non-Intersection,Daylight,Clear,8:00pm-8:59pm,6,8:00pm-8:59pm,18,9:00pm-9:59pm,7,2,Daylight,Clear,2,1,"['Front_Passenger', 'Rear_Seat']","['None_Used', 'None_Used']",1,1,Valid,1.0,0.0,44.0,44.0,['Male'],0,0,3,4,3,Dry,Curve,Grade/Hillcrest,Lowest,No
11309,13,Georgia,130607,0,6,6,0,10,AUGUSTA,June,10,Saturday,21,58,Urban,High Speed (Arterial),Yes,33.42319444,-82.05862222,Non-Intersection,Dark - Not Lighted,Clear,9:00pm-9:59pm,58,10:00pm-10:59pm,15,11:00pm-11:59pm,0,1,Dark - Unlighted,Clear,1,9,['Driver'],['Shoulder_Lapbelt'],1,1,Valid,1.0,2.0,68.0,25.0,"['Male', 'Female', 'Female', 'Female', 'Female', 'Male']",0,0,3,4,5,Dry,Straight,Level,Lowest,No
11310,13,Georgia,130608,0,1,1,0,1,BOWMAN,June,11,Sunday,8,30,Rural,High Speed (Arterial),Yes,34.20526667,-83.03116667,Complex/Circle,Daylight,Clear,8:00am-8:59am,39,8:00am-8:59am,53,Not Applicable (Not Transported),Not Applicable (Not Transported),1,Daylight,Clear,1,0,['Driver'],['None_Used'],0,0,Valid,0.0,0.0,50.0,50.0,['Male'],0,0,3,4,3,Wet/Standing Water,Straight,Level,Medium,No
11311,13,Georgia,130609,0,1,1,0,2,COVINGTON,June,11,Sunday,12,43,Rural,Medium Speed (Collector),No,33.44492222,-83.90255833,Non-Intersection,Daylight,Rain,12:00pm-12:59pm,45,1:00pm-1:59pm,3,Not Applicable (Not Transported),Not Applicable (Not Transported),2,Daylight,Rain/Wind/Minor,2,0,"['Driver', 'Front_Passenger']","['Shoulder_Lapbelt', 'Shoulder_Lapbelt']",0,0,Valid,0.0,0.0,43.0,43.0,['Female'],0,0,3,4,3,Wet/Standing Water,Straight,Level,Lowest,Yes
11312,13,Georgia,130610,1,1,1,0,1,Other,May,18,Thursday,0,18,Urban,Medium Speed (Collector),No,33.76545,-84.52990556,Simple Junction,Dark - Unknown Lighting,Clear,Unknown,Unknown,Unknown EMS Scene Arrival Hour,Unknown if Arrived,Not Applicable (Not Transported),Not Applicable (Not Transported),1,Dark - Unlighted,Clear,0,1,[],[],0,0,Invalid,0.0,0.0,999.0,999.0,['Other'],0,0,1,1,4,Dry,Straight,Level,Lowest,No
11313,13,Georgia,130611,0,2,2,0,2,Not Reported,June,5,Monday,18,51,Rural,High Speed (Arterial),Yes,32.19483889,-81.47838611,Non-Intersection,Daylight,Clear,7:00pm-7:59pm,15,7:00pm-7:59pm,24,Not Applicable (Not Transported),Not Applicable (Not Transported),1,Daylight,Clear,1,1,['Driver'],['None_Used'],0,0,Valid,0.0,0.0,59.0,59.0,"['Male', 'Male']",1,0,5,4,5,Dry,Straight,Grade/Hillcrest,Lowest,No
11314,13,Georgia,130612,0,1,1,0,2,Other,June,6,Tuesday,21,51,Urban,Medium Speed (Collector),No,33.72985278,-84.56509722,Non-Intersection,Dark - Not Lighted,Clear,Unknown,Unknown,Unknown EMS Scene Arrival Hour,Unknown EMS Scene Arrival Minutes,Unknown,Unknown EMS Hospital Arrival Time,1,Dark - Unlighted,Clear,1,1,['Front_Passenger'],['None_Used'],0,0,Valid,0.0,0.0,61.0,61.0,['Female'],0,0,2,4,2,Dry,Straight,Grade/Hillcrest,Lowest,No
11315,13,Georgia,130613,0,2,2,0,2,ATLANTA,June,10,Saturday,0,23,Urban,High Speed (Arterial),Yes,33.77110278,-84.35945556,Complex/Circle,Dark - Lighted,Clear,0:00am-0:59am,25,0:00am-0:59am,28,0:00am-0:59am,55,1,Dark - Lighted,Clear,1,1,['Driver'],['None_Used'],0,0,Valid,0.0,2.0,43.0,25.0,"['Male', 'Male']",1,0,5,4,5,Dry,Straight,Level,Lowest,No
11316,13,Georgia,130614,0,2,2,0,2,Not Reported,June,10,Saturday,16,12,Rural,Medium Speed (Collector),No,34.204225,-85.35103889,Non-Intersection,Daylight,Clear,4:00am-4:59am,13,4:00am-4:59am,22,4:00am-4:59am,54,1,Daylight,Clear,1,1,['Driver'],['None_Used'],1,1,Valid,0.0,0.0,53.0,26.0,"['Male', 'Male']",1,0,5,4,5,Dry,Straight,Grade/Hillcrest,Lowest,No
11317,13,Georgia,130615,0,2,2,0,3,ATLANTA,June,11,Sunday,19,35,Urban,Medium Speed (Collector),No,33.68106389,-84.39632222,Non-Intersection,Daylight,Cloudy,Unknown,Unknown,Unknown EMS Scene Arrival Hour,Unknown EMS Scene Arrival Minutes,Unknown,Unknown EMS Hospital Arrival Time,1,Daylight,Reduced Visibility,1,2,['Driver'],['Shoulder_Lapbelt'],0,0,Valid,0.0,0.0,46.0,43.0,"['Male', 'Male']",1,0,3,4,5,Dry,Straight,Level,Lowest,No