,State_Code,State_Name,Crash_ID,Count_Non_Motorists,Count_Vehicles_Total,Count_Vehicle_Forms,Count_PVH_Involved,Count_Occupants_MV,City_Name,Month_Name,Day_of_Month,Day_of_Week,Crash_Hour,Crash_Minute,Area_Rural_Urban,Road_Functional_Class,On_NHS_Road,Latitude,Longitude,Intersection_Type,Light_Condition,Weather_Condition,Notif_Hour,Notif_Minute,Arrival_Hour,Arrival_Minute,Hospital_Hour,Hospital_Minute,Fatalities_Count,Clean_Light_Condition,Clean_Weather_Condition,Total_Killed,Total_Alive,Fatal_Seats_List,Killed_Restraint_List,Any_Driver_Drinking,Total_Drinking_Drivers,Driver_License_Category,Driver_Max_Prev_Accident_Count,Driver_Max_Prev_Speeding_Count,Max_Driver_Age,Min_Driver_Age,Driver_Sex_List,Total_Exceeding_Limit_Vehicles,Total_Too_Fast_Vehicles,Max_Vehicle_Type_Severity_5,Max_Vehicle_Damage_Rank,Max_Harmful_Event_Severity,Crash_Road_Surface_Condition,Crash_Horizontal_Alignment,Crash_Vertical_Profile,Crash_Impairment_Category,Crash_Vehicle_Defect
11318,13,Georgia,130616,0,2,2,0,2,BYRON,June,12,Monday,7,45,Urban,Medium Speed (Collector),No,32.67264722,-83.72128889,Non-Intersection,Daylight,Clear,7:00am-7:59am,45,7:00am-7:59am,58,8:00am-8:59am,54,1,Daylight,Clear,1,1,['Driver'],['None_Used'],0,0,Valid,0.0,0.0,46.0,29.0,"['Male', 'Female']",0,0,2,4,5,Wet/Standing Water,Straight,Level,Lowest,No
11319,13,Georgia,130617,0,1,1,0,1,FRANKLIN,June,13,Tuesday,4,30,Rural,Low Speed (Local),No,33.36886667,-85.01565556,Non-Intersection,Dark - Not Lighted,Cloudy,4:00am-4:59am,32,4:00am-4:59am,48,Not Applicable (Not Transported),Not Applicable (Not Transported),1,Dark - Unlighted,Reduced Visibility,1,0,['Driver'],['None_Used'],0,0,Valid,1.0,0.0,27.0,27.0,['Male'],1,0,2,4,3,Dry,Curve,Grade/Hillcrest,Lowest,No
11320,13,Georgia,130618,1,1,1,0,1,ATLANTA,June,13,Tuesday,15,23,Urban,High Speed (Arterial),Yes,33.69098333,-84.51386389,Non-Intersection,Daylight,Clear,Unknown,Unknown,Unknown EMS Scene Arrival Hour,Unknown if Arrived,Not Applicable (Not Transported),Not Applicable (Not Transported),1,Daylight,Clear,0,1,[],[],0,0,Valid,0.0,0.0,53.0,53.0,['Male'],0,0,3,3,4,Dry,Straight,Level,Lowest,No
11321,13,Georgia,130619,0,1,1,0,1,FAIRMOUNT,June,13,Tuesday,19,29,Rural,High Speed (Arterial),Yes,34.44698889,-84.65493889,Non-Intersection,Daylight,Clear,7:00pm-7:59pm,30,7:00pm-7:59pm,48,Not Applicable (Not Transported),Not Applicable (Not Transported),1,Daylight,Clear,1,0,['Driver'],['None_Used'],1,1,Valid,0.0,0.0,41.0,41.0,['Male'],0,0,5,4,3,Dry,Curve,Grade/Hillcrest,Lowest,No
11322,13,Georgia,130620,0,1,1,0,1,Other,June,13,Tuesday,19,55,Rural,Medium Speed (Collector),No,34.61773889,-84.81983889,Non-Intersection,Daylight,Clear,7:00pm-7:59pm,56,8:00pm-8:59pm,11,Not Applicable (Not Transported),Not Applicable (Not Transported),1,Daylight,Clear,1,0,['Driver'],['Shoulder_Lapbelt'],0,0,Valid,0.0,0.0,51.0,51.0,['Male'],0,0,3,4,3,Dry,Straight,Grade/Hillcrest,Lowest,No
11323,13,Georgia,130621,0,1,1,0,1,OAKFIELD,June,14,Wednesday,5,55,Rural,High Speed (Arterial),Yes,31.77321667,-83.96963056,Non-Intersection,Daylight,"Fog, Smog, Smoke",5:00am-5:59am,56,6:00am-6:59am,9,Not Applicable (Not Transported),Not Applicable (Not Transported),1,Daylight,Reduced Visibility,1,0,['Driver'],['Shoulder_Lapbelt'],0,0,Invalid,0.0,0.0,55.0,55.0,['Male'],0,0,3,4,3,Dry,Straight,Level,Lowest,No
11324,13,Georgia,130622,0,2,2,0,7,HEPHZIBAH,May,24,Wednesday,19,38,Urban,High Speed (Arterial),Yes,33.34331111,-82.05630556,Non-Intersection,Dusk,Clear,7:00pm-7:59pm,41,7:00pm-7:59pm,46,8:00pm-8:59pm,22,1,Twilight,Clear,1,6,['Driver'],['None_Used'],0,0,Invalid,0.0,0.0,48.0,29.0,"['Male', 'Female']",0,0,5,4,5,Dry,Straight,Grade/Hillcrest,Lowest,No
11325,13,Georgia,130623,0,2,2,0,2,CARROLLTON,May,30,Tuesday,23,43,Urban,Low Speed (Local),No,33.58616111,-85.091025,Non-Intersection,Dark - Lighted,Clear,11:00am-11:59am,44,11:00am-11:59am,56,12:00pm-12:59pm,3,1,Dark - Lighted,Clear,1,1,['Driver'],['None_Used'],0,0,Valid,0.0,1.0,33.0,26.0,"['Female', 'Male']",0,0,5,4,5,Dry,Straight,Non-Trafficway,Lowest,No
11326,13,Georgia,130624,0,1,1,0,2,Other,June,14,Wednesday,6,12,Rural,High Speed (Arterial),Yes,34.27847778,-83.46496944,Non-Intersection,Dawn,Clear,6:00am-6:59am,14,6:00am-6:59am,20,7:00am-7:59am,5,2,Twilight,Clear,2,0,"['Driver', 'Front_Passenger']","['None_Used', 'None_Used']",0,0,Valid,0.0,8.0,36.0,36.0,['Male'],2,0,2,4,3,Dry,Curve,Grade/Hillcrest,Lowest,No
11327,13,Georgia,130625,0,1,1,0,1,FLOVILLA,June,14,Wednesday,6,46,Rural,Medium Speed (Collector),No,33.26315833,-83.90779722,Non-Intersection,Dawn,Clear,7:00am-7:59am,2,7:00am-7:59am,11,Not Applicable (Not Transported),Not Applicable (Not Transported),1,Twilight,Clear,1,0,['Driver'],['None_Used'],0,0,Valid,0.0,0.0,20.0,20.0,['Male'],1,0,2,4,3,Dry,Straight,Level,Lowest,No
11328,13,Georgia,130626,0,1,1,0,1,MACON,June,14,Wednesday,12,49,Urban,Medium Speed (Collector),No,32.84701111,-83.79935556,Non-Intersection,Daylight,Cloudy,Unknown,Unknown,Unknown EMS Scene Arrival Hour,Unknown EMS Scene Arrival Minutes,Unknown,Unknown EMS Hospital Arrival Time,1,Daylight,Reduced Visibility,1,0,['Driver'],['Shoulder_Lapbelt'],0,0,Invalid,0.0,0.0,50.0,50.0,['Male'],0,0,2,4,3,Dry,Curve,Grade/Hillcrest,Lowest,No
11329,13,Georgia,130627,0,1,1,0,1,BUTLER,June,15,Thursday,0,47,Rural,Low Speed (Local),No,32.52744722,-84.24395,Simple Junction,Dark - Not Lighted,Cloudy,0:00am-0:59am,47,0:00am-0:59am,49,Not Applicable (Not Transported),Not Applicable (Not Transported),1,Dark - Unlighted,Reduced Visibility,1,0,['Driver'],['Shoulder_Lapbelt'],0,0,Valid,0.0,1.0,24.0,24.0,['Female'],1,0,3,4,3,Wet/Standing Water,Straight,Level,Lowest,No
11330,13,Georgia,130628,0,4,4,0,4,VALDOSTA,June,15,Thursday,6,0,Urban,High Speed (Arterial),Yes,30.83627222,-83.26446111,Non-Intersection,Daylight,Cloudy,6:00am-6:59am,0,6:00am-6:59am,4,6:00am-6:59am,29,1,Daylight,Reduced Visibility,1,3,['Driver'],['None_Used'],0,0,Valid,1.0,0.0,64.0,19.0,"['Male', 'Male', 'Male', 'Male']",0,0,4,4,5,Dry,Straight,Level,Lowest,No
11331,13,Georgia,130629,0,1,1,0,2,OMAHA,June,15,Thursday,10,17,Rural,Medium Speed (Collector),No,32.13076944,-85.03195,Non-Intersection,Daylight,Rain,10:00am-10:59am,17,10:00am-10:59am,19,Not Applicable (Not Transported),Not Applicable (Not Transported),1,Daylight,Rain/Wind/Minor,1,1,['Driver'],['Shoulder_Lapbelt'],0,0,Valid,0.0,0.0,25.0,25.0,['Male'],0,0,3,4,2,Wet/Standing Water,Straight,Level,Lowest,No
11332,13,Georgia,130630,1,2,1,1,1,Other,June,16,Friday,3,10,Urban,High Speed (Arterial),Yes,33.67653333,-84.32184167,Non-Intersection,Dark - Lighted,Clear,Unknown,Unknown,Unknown EMS Scene Arrival Hour,Unknown EMS Scene Arrival Minutes,Not Applicable (Not Transported),Not Applicable (Not Transported),1,Dark - Lighted,Clear,1,0,['Driver'],['Shoulder_Lapbelt'],1,1,Valid,0.0,0.0,48.0,48.0,['Male'],0,0,3,4,5,Dry,Curve,Level,Medium,No
11333,13,Georgia,130631,0,1,1,0,1,EAST POINT,June,16,Friday,4,36,Urban,High Speed (Arterial),Yes,33.69820556,-84.44710556,Non-Intersection,Dark - Lighted,Cloudy,4:00am-4:59am,37,4:00am-4:59am,54,Not Applicable (Not Transported),Not Applicable (Not Transported),1,Dark - Lighted,Reduced Visibility,1,0,['Driver'],['Shoulder_Lapbelt'],0,0,Valid,0.0,0.0,62.0,62.0,['Male'],1,0,2,4,2,Dry,Straight,Level,Lowest,No
11334,13,Georgia,130632,0,2,2,0,2,Not Reported,May,7,Sunday,13,23,Rural,Medium Speed (Collector),No,32.38354722,-82.991175,Complex/Circle,Daylight,Clear,Unknown,Unknown,Unknown EMS Scene Arrival Hour,Unknown EMS Scene Arrival Minutes,Unknown,Unknown EMS Hospital Arrival Time,1,Daylight,Clear,1,1,['Driver'],['Shoulder_Lapbelt'],0,0,Valid,0.0,0.0,77.0,36.0,"['Female', 'Male']",0,0,2,4,5,Dry,Straight,Level,Lowest,No
11335,13,Georgia,130633,0,2,2,0,5,LAWRENCEVILLE,May,23,Tuesday,19,1,Urban,Medium Speed (Collector),No,33.94945,-84.08282778,Complex/Circle,Daylight,Clear,7:00pm-7:59pm,4,7:00pm-7:59pm,6,7:00pm-7:59pm,22,1,Daylight,Clear,1,4,['Driver'],['None_Used'],0,0,Valid,2.0,5.0,58.0,38.0,"['Female', 'Male']",0,0,5,4,5,Dry,Straight,Grade/Hillcrest,Lowest,No
11336,13,Georgia,130634,0,1,1,0,1,LAKE CITY,June,12,Monday,21,0,Urban,Medium Speed (Collector),No,33.59961667,-84.344975,Simple Junction,Dark - Not Lighted,Clear,9:00pm-9:59pm,15,9:00pm-9:59pm,23,Not Applicable (Not Transported),Not Applicable (Not Transported),1,Dark - Unlighted,Clear,1,0,['Driver'],['Shoulder_Lapbelt'],0,0,Valid,0.0,0.0,48.0,48.0,['Female'],1,0,2,4,3,Dry,Straight,Grade/Hillcrest,Lowest,No
11337,13,Georgia,130635,0,3,3,0,3,LAWRENCEVILLE,June,13,Tuesday,13,33,Urban,High Speed (Arterial),Yes,33.93833056,-84.03394167,Complex/Circle,Daylight,Clear,Unknown,Unknown,Unknown EMS Scene Arrival Hour,Unknown EMS Scene Arrival Minutes,Unknown,Unknown EMS Hospital Arrival Time,1,Daylight,Clear,1,2,['Driver'],['Shoulder_Lapbelt'],0,0,Valid,1.0,2.0,73.0,21.0,"['Male', 'Male', 'Male']",2,0,3,4,5,Dry,Straight,Grade/Hillcrest,Lowest,No
11338,13,Georgia,130636,0,1,1,0,1,JASPER,June,16,Friday,6,22,Urban,Medium Speed (Collector),No,34.48271667,-84.42267222,Non-Intersection,Daylight,Cloudy,6:00am-6:59am,22,6:00am-6:59am,30,Not Applicable (Not Transported),Not Applicable (Not Transported),1,Daylight,Reduced Visibility,1,0,['Driver'],['None_Used'],0,0,Valid,1.0,1.0,44.0,44.0,['Male'],0,0,3,4,3,Dry,Curve,Grade/Hillcrest,Lowest,No
11339,13,Georgia,130637,0,1,1,0,1,ELBERTON,June,16,Friday,9,32,Rural,High Speed (Arterial),Yes,34.09024444,-82.78313056,Non-Intersection,Daylight,Clear,9:00am-9:59am,33,9:00am-9:59am,41,Not Applicable (Not Transported),Not Applicable (Not Transported),1,Daylight,Clear,1,0,['Driver'],['Shoulder_Lapbelt'],0,0,Invalid,0.0,0.0,32.0,32.0,['Female'],0,0,2,4,3,Dry,Straight,Level,Lowest,No
11340,13,Georgia,130638,0,2,2,0,3,MACON,June,16,Friday,15,30,Urban,High Speed (Arterial),Yes,32.89504722,-83.679925,Non-Intersection,Daylight,Clear,Unknown,Unknown,Unknown EMS Scene Arrival Hour,Unknown EMS Scene Arrival Minutes,Unknown,Unknown EMS Hospital Arrival Time,1,Daylight,Clear,1,2,['Driver'],['Shoulder_Lapbelt'],0,0,Valid,0.0,1.0,40.0,22.0,"['Male', 'Male']",0,0,3,4,5,Dry,Straight,Level,Lowest,No
11341,13,Georgia,130639,0,1,1,0,1,CLARKSTON,June,16,Friday,22,11,Urban,High Speed (Arterial),Yes,33.80463611,-84.24999167,Non-Intersection,Daylight,Clear,Unknown,Unknown,Unknown EMS Scene Arrival Hour,Unknown if Arrived,Not Applicable (Not Transported),Not Applicable (Not Transported),1,Daylight,Clear,1,0,['Driver'],['Shoulder_Lapbelt'],0,0,Valid,0.0,1.0,71.0,71.0,['Female'],0,0,3,2,3,Dry,Straight,Level,Medium,No
11342,13,Georgia,130640,0,2,2,0,4,ATLANTA,June,16,Friday,22,12,Urban,High Speed (Arterial),Yes,33.66368056,-84.35067778,Non-Intersection,Dark - Lighted,Clear,Unknown,Unknown if Notified,Unknown EMS Scene Arrival Hour,Unknown if Arrived,Not Applicable (Not Transported),Not Applicable (Not Transported),1,Dark - Lighted,Clear,1,3,['Driver'],['None_Used'],0,0,Valid,1.0,1.0,49.0,34.0,"['Male', 'Female']",0,0,3,4,5,Dry,Straight,Level,Lowest,No
11343,13,Georgia,130641,1,1,1,0,3,COLQUITT,June,17,Saturday,0,4,Rural,Medium Speed (Collector),No,31.17622778,-84.71089167,Non-Intersection,Dark - Lighted,Cloudy,0:00am-0:59am,6,0:00am-0:59am,12,Not Applicable (Not Transported),Not Applicable (Not Transported),1,Dark - Lighted,Reduced Visibility,0,3,[],[],0,0,Valid,0.0,0.0,31.0,31.0,['Female'],0,0,3,3,4,Dry,Straight,Level,Lowest,No
11344,13,Georgia,130642,0,2,2,0,3,ATHENS,June,17,Saturday,6,56,Urban,Medium Speed (Collector),No,33.94903056,-83.29955278,Non-Intersection,Daylight,Clear,7:00am-7:59am,0,7:00am-7:59am,4,7:00am-7:59am,47,1,Daylight,Clear,1,2,['Driver'],['Shoulder_Lapbelt'],0,0,Valid,0.0,1.0,70.0,38.0,"['Female', 'Female']",0,0,2,4,5,Dry,Curve,Level,Lowest,No
11345,13,Georgia,130643,1,1,1,0,1,BYRON,June,17,Saturday,9,31,Urban,High Speed (Arterial),Yes,32.61122778,-83.74290833,Non-Intersection,Daylight,Clear,9:00am-9:59am,37,9:00am-9:59am,47,Not Applicable (Not Transported),Not Applicable (Not Transported),1,Daylight,Clear,0,1,[],[],0,0,Valid,0.0,0.0,69.0,69.0,['Male'],0,0,4,3,4,Dry,Straight,Level,Lowest,No
11346,13,Georgia,130644,0,1,1,0,1,SUMMERVILLE,June,17,Saturday,12,30,Rural,High Speed (Arterial),Yes,34.45328333,-85.25129444,Non-Intersection,Daylight,Clear,12:00pm-12:59pm,32,12:00pm-12:59pm,40,1:00pm-1:59pm,8,1,Daylight,Clear,1,0,['Driver'],['Shoulder_Lapbelt'],0,0,Valid,0.0,0.0,63.0,63.0,['Male'],0,0,3,4,3,Dry,Curve,Grade/Hillcrest,Lowest,No
11347,13,Georgia,130645,0,2,2,0,2,LITHONIA,June,17,Saturday,18,32,Urban,Low Speed (Local),No,33.80381667,-84.10665833,Non-Intersection,Daylight,Clear,Unknown,Unknown,Unknown EMS Scene Arrival Hour,Unknown EMS Scene Arrival Minutes,Unknown,Unknown EMS Hospital Arrival Time,1,Daylight,Clear,1,1,['Driver'],['Shoulder_Lapbelt'],0,0,Invalid,0.0,0.0,35.0,18.0,"['Male', 'Male']",1,0,3,4,3,Dry,Curve,Level,Lowest,No
11348,13,Georgia,130646,0,1,1,0,1,ATLANTA,June,17,Saturday,19,45,Urban,High Speed (Arterial),Yes,33.76179722,-84.48839722,Non-Intersection,Daylight,Clear,Unknown,Unknown,Unknown EMS Scene Arrival Hour,Unknown EMS Scene Arrival Minutes,Not Applicable (Not Transported),Not Applicable (Not Transported),1,Daylight,Clear,1,0,['Driver'],['Shoulder_Lapbelt'],0,0,Invalid,0.0,0.0,65.0,65.0,['Male'],1,0,3,4,3,Dry,Straight,Level,Lowest,No
11349,13,Georgia,130647,1,1,1,0,1,METTER,June,17,Saturday,21,5,Rural,Medium Speed (Collector),No,32.39953611,-82.059875,Non-Intersection,Dark - Not Lighted,Clear,9:00pm-9:59pm,1,9:00pm-9:59pm,12,9:00pm-9:59pm,20,1,Dark - Unlighted,Clear,0,1,[],[],0,0,Valid,0.0,1.0,22.0,22.0,['Female'],0,0,2,3,4,Dry,Straight,Level,Lowest,No
11350,13,Georgia,130648,0,2,2,0,2,SWAINSBORO,June,17,Saturday,23,0,Rural,High Speed (Arterial),Yes,32.63401667,-82.37418889,Non-Intersection,Dark - Not Lighted,Clear,10:00pm-10:59pm,52,10:00pm-10:59pm,58,Unknown,Unknown EMS Hospital Arrival Time,1,Dark - Unlighted,Clear,1,1,['Driver'],['Shoulder_Lapbelt'],0,0,Valid,0.0,0.0,23.0,17.0,"['Male', 'Male']",0,0,3,4,5,Dry,Curve,Grade/Hillcrest,Lowest,No
11351,13,Georgia,130649,1,1,1,0,1,AUGUSTA,June,17,Saturday,23,8,Urban,High Speed (Arterial),Yes,33.35713611,-82.04462222,Non-Intersection,Dark - Not Lighted,Clear,11:00pm-11:59pm,10,11:00pm-11:59pm,14,11:00pm-11:59pm,46,1,Dark - Unlighted,Clear,0,1,[],[],0,0,Valid,0.0,0.0,56.0,56.0,['Male'],0,0,3,3,4,Dry,Straight,Grade/Hillcrest,Lowest,No
11352,13,Georgia,130650,0,2,2,0,2,WATKINSVILLE,June,18,Sunday,4,23,Rural,Medium Speed (Collector),Yes,33.75208889,-83.30228333,Non-Intersection,Dark - Not Lighted,Clear,4:00am-4:59am,23,4:00am-4:59am,37,5:00am-5:59am,12,1,Dark - Unlighted,Clear,1,1,['Driver'],['Shoulder_Lapbelt'],1,1,Valid,2.0,3.0,38.0,26.0,"['Female', 'Male']",0,0,4,4,5,Dry,Straight,Grade/Hillcrest,Lowest,No
11353,13,Georgia,130651,0,1,1,0,1,DALTON,June,18,Sunday,16,21,Urban,Medium Speed (Collector),No,34.74689722,-84.90995,Non-Intersection,Daylight,Cloudy,4:00pm-4:59pm,23,4:00pm-4:59pm,26,Not Applicable (Not Transported),Not Applicable (Not Transported),1,Daylight,Reduced Visibility,1,0,['Driver'],['None_Used'],1,1,Valid,0.0,0.0,28.0,28.0,['Male'],0,0,2,4,3,Dry,Curve,Grade/Hillcrest,Lowest,No
11354,13,Georgia,130652,0,3,3,0,4,HORTENSE,June,18,Sunday,19,58,Rural,Medium Speed (Collector),No,31.29287222,-81.95759167,Non-Intersection,Daylight,Cloudy,8:00pm-8:59pm,0,8:00pm-8:59pm,7,8:00pm-8:59pm,57,2,Daylight,Reduced Visibility,2,2,"['Driver', 'Front_Passenger']","['Shoulder_Lapbelt', 'Shoulder_Lapbelt']",1,1,Invalid,0.0,0.0,38.0,15.0,"['Male', 'Female', 'Male']",0,0,3,4,5,Dry,Straight,Level,Lowest,No
11355,13,Georgia,130653,0,1,1,0,1,SYLVESTER,June,18,Sunday,23,2,Rural,Medium Speed (Collector),No,31.57138611,-83.85398889,Non-Intersection,Dark - Not Lighted,Clear,11:00pm-11:59pm,2,11:00pm-11:59pm,7,0:00am-0:59am,41,1,Dark - Unlighted,Clear,1,0,['Driver'],['None_Used'],0,0,Invalid,0.0,0.0,41.0,41.0,['Male'],0,0,3,4,3,Dry,Straight,Level,Lowest,No
11356,13,Georgia,130654,1,1,1,0,1,HIRAM,June,19,Monday,9,57,Urban,Medium Speed (Collector),No,33.86680556,-84.81984444,Non-Intersection,Daylight,Cloudy,9:00am-9:59am,59,10:00am-10:59am,8,10:00am-10:59am,52,1,Daylight,Reduced Visibility,0,1,[],[],0,0,Valid,0.0,0.0,33.0,33.0,['Male'],0,0,2,2,4,Dry,Straight,Grade/Hillcrest,Lowest,No
11357,13,Georgia,130655,0,2,2,0,4,COVINGTON,June,19,Monday,15,20,Urban,Medium Speed (Collector),No,33.499375,-83.97866667,Non-Intersection,Daylight,Cloudy,3:00pm-3:59pm,21,3:00pm-3:59pm,40,Unknown,Unknown EMS Hospital Arrival Time,1,Daylight,Reduced Visibility,1,3,['Driver'],['Shoulder_Lapbelt'],0,0,Valid,0.0,0.0,58.0,45.0,"['Male', 'Male']",0,0,3,4,5,Wet/Standing Water,Straight,Level,Lowest,No
11358,13,Georgia,130656,0,1,1,0,1,CORNELIA,June,20,Tuesday,15,10,Urban,Medium Speed (Collector),No,34.55973889,-83.57586389,Non-Intersection,Daylight,Rain,3:00pm-3:59pm,4,3:00pm-3:59pm,5,4:00pm-4:59pm,0,1,Daylight,Rain/Wind/Minor,1,0,['Driver'],['Shoulder_Lapbelt'],0,0,Valid,1.0,0.0,40.0,40.0,['Male'],0,0,4,4,3,Wet/Standing Water,Straight,Grade/Hillcrest,Lowest,No
11359,13,Georgia,130657,1,1,1,0,1,Not Reported,June,21,Wednesday,22,32,Urban,High Speed (Arterial),Yes,33.60221111,-83.65839167,Non-Intersection,Dark - Not Lighted,Rain,10:00pm-10:59pm,32,10:00pm-10:59pm,50,Not Applicable (Not Transported),Not Applicable (Not Transported),1,Dark - Unlighted,Rain/Wind/Minor,0,1,[],[],0,0,Valid,0.0,0.0,64.0,64.0,['Male'],0,0,4,2,4,Wet/Standing Water,Straight,Level,Lowest,No
11360,13,Georgia,130658,0,1,1,0,2,MANOR,June,22,Thursday,12,38,Rural,Medium Speed (Collector),No,31.14790278,-82.59111389,Non-Intersection,Daylight,Cloudy,12:00pm-12:59pm,39,12:00pm-12:59pm,42,12:00pm-12:59pm,57,1,Daylight,Reduced Visibility,1,1,['Front_Passenger'],['None_Used'],1,1,Valid,0.0,0.0,26.0,26.0,['Male'],2,0,4,4,3,Dry,Curve,Level,Lowest,No
11361,13,Georgia,130659,0,1,1,0,1,TUCKER,June,22,Thursday,20,15,Urban,High Speed (Arterial),Yes,33.83449444,-84.21346389,Non-Intersection,Daylight,Clear,8:00pm-8:59pm,17,8:00pm-8:59pm,25,Not Applicable (Not Transported),Not Applicable (Not Transported),1,Daylight,Clear,1,0,['Driver'],['None_Used'],0,0,Valid,0.0,0.0,40.0,40.0,['Male'],1,0,5,4,2,Dry,Curve,Level,Lowest,No
11362,13,Georgia,130660,0,2,2,0,2,COVINGTON,June,22,Thursday,20,53,Urban,Medium Speed (Collector),No,33.5252,-84.03540556,Non-Intersection,Dark - Not Lighted,Cloudy,8:00pm-8:59pm,53,8:00pm-8:59pm,59,9:00pm-9:59pm,22,1,Dark - Unlighted,Reduced Visibility,1,1,['Driver'],['Shoulder_Lapbelt'],0,0,Valid,0.0,0.0,61.0,35.0,"['Male', 'Male']",0,0,3,4,5,Dry,Curve,Grade/Hillcrest,Lowest,No
11363,13,Georgia,130661,1,1,1,0,1,DUBLIN,June,22,Thursday,22,8,Urban,Medium Speed (Collector),No,32.53450278,-82.90100278,Non-Intersection,Dark - Not Lighted,Rain,10:00am-10:59am,9,10:00am-10:59am,11,Not Applicable (Not Transported),Not Applicable (Not Transported),1,Dark - Unlighted,Rain/Wind/Minor,0,1,[],[],0,0,Valid,0.0,0.0,87.0,87.0,['Male'],0,0,3,3,4,Wet/Standing Water,Curve,Level,Lowest,No
11364,13,Georgia,130662,0,1,1,0,1,CORDELE,June,23,Friday,6,23,Rural,High Speed (Arterial),Yes,31.92168333,-83.84633889,Non-Intersection,Dark - Lighted,Cloudy,6:00am-6:59am,25,6:00am-6:59am,28,Not Applicable (Not Transported),Not Applicable (Not Transported),1,Dark - Lighted,Reduced Visibility,1,0,['Driver'],['None_Used'],0,0,Valid,0.0,0.0,58.0,58.0,['Female'],0,0,3,4,2,Dry,Curve,Level,Lowest,No
11365,13,Georgia,130663,0,2,2,0,2,ATHENS,June,2,Friday,22,38,Urban,High Speed (Arterial),Yes,33.91568889,-83.38924722,Non-Intersection,Dark - Not Lighted,Clear,10:00pm-10:59pm,38,10:00pm-10:59pm,46,10:00pm-10:59pm,56,1,Dark - Unlighted,Clear,1,1,['Driver'],['None_Used'],0,0,Valid,0.0,1.0,35.0,21.0,"['Male', 'Male']",0,0,5,4,5,Dry,Straight,Grade/Hillcrest,Lowest,No
11366,13,Georgia,130664,1,2,1,1,2,Not Reported,June,10,Saturday,1,16,Urban,High Speed (Arterial),Yes,34.03799167,-84.57808611,Non-Intersection,Dark - Not Lighted,Clear,1:00am-1:59am,23,1:00am-1:59am,31,1:00am-1:59am,58,2,Dark - Unlighted,Clear,2,0,"['Driver', 'Front_Passenger']","['Shoulder_Lapbelt', 'Shoulder_Lapbelt']",0,0,Invalid,0.0,0.0,33.0,33.0,['Male'],0,0,3,4,5,Dry,Straight,Level,Lowest,No
11367,13,Georgia,130665,0,2,2,0,2,NEWNAN,June,22,Thursday,1,0,Urban,High Speed (Arterial),Yes,33.47319722,-84.66440833,Non-Intersection,Dark - Not Lighted,Rain,0:00am-0:59am,58,1:00am-1:59am,8,1:00am-1:59am,34,1,Dark - Unlighted,Rain/Wind/Minor,1,1,['Driver'],['Shoulder_Lapbelt'],1,1,Valid,0.0,0.0,39.0,38.0,"['Male', 'Female']",0,0,2,4,5,Wet/Standing Water,Straight,Level,Lowest,No
11368,13,Georgia,130666,0,2,2,0,2,BUFORD,June,22,Thursday,6,37,Urban,High Speed (Arterial),Yes,34.05687222,-83.99279444,Non-Intersection,Daylight,Rain,6:00am-6:59am,32,6:00am-6:59am,45,Not Applicable (Not Transported),Not Applicable (Not Transported),1,Daylight,Rain/Wind/Minor,1,1,['Driver'],['Shoulder_Lapbelt'],0,0,Valid,1.0,3.0,68.0,56.0,"['Female', 'Male']",0,0,4,4,5,Wet/Standing Water,Straight,Level,Lowest,No
11369,13,Georgia,130667,0,2,2,0,3,DUBLIN,June,20,Tuesday,7,39,Urban,High Speed (Arterial),Yes,32.50408889,-82.94286389,Complex/Circle,Daylight,Cloudy,7:00am-7:59am,37,7:00am-7:59am,41,8:00am-8:59am,12,1,Daylight,Reduced Visibility,1,2,['Front_Passenger'],['Shoulder_Lapbelt'],0,0,Valid,0.0,0.0,22.0,18.0,"['Female', 'Female']",0,0,3,4,5,Dry,Straight,Level,Lowest,No
11370,13,Georgia,130668,0,1,1,0,1,CHICKAMAUGA,June,23,Friday,10,31,Rural,Low Speed (Local),No,34.82421389,-85.37295278,Non-Intersection,Daylight,Clear,10:00am-10:59am,36,10:00am-10:59am,45,Not Applicable (Not Transported),Not Applicable (Not Transported),1,Daylight,Clear,1,0,['Driver'],['Shoulder_Lapbelt'],0,0,Valid,0.0,0.0,34.0,34.0,['Male'],0,0,3,4,2,Dry,Curve,Grade/Hillcrest,Lowest,No
11371,13,Georgia,130669,0,2,1,1,1,Not Reported,June,24,Saturday,16,29,Urban,High Speed (Arterial),Yes,34.05299722,-84.59427222,Non-Intersection,Daylight,Clear,4:00pm-4:59pm,29,4:00pm-4:59pm,45,Not Applicable (Not Transported),Not Applicable (Not Transported),1,Daylight,Clear,1,0,['Driver'],['None_Used'],0,0,Invalid,1.0,2.0,39.0,39.0,['Male'],0,0,5,4,5,Dry,Straight,Grade/Hillcrest,Lowest,No
11372,13,Georgia,130670,0,2,2,0,2,STATESBORO,June,24,Saturday,17,26,Urban,Medium Speed (Collector),No,32.44112222,-81.78638889,Complex/Circle,Daylight,Clear,5:00pm-5:59pm,33,5:00pm-5:59pm,40,5:00pm-5:59pm,57,1,Daylight,Clear,1,1,['Driver'],['None_Used'],0,0,Invalid,0.0,0.0,61.0,8.0,"['Male', 'Male']",0,0,3,3,5,Dry,Straight,Grade/Hillcrest,Lowest,No
11373,13,Georgia,130672,1,1,1,0,1,MARIETTA,June,25,Sunday,21,22,Urban,Medium Speed (Collector),No,33.91280833,-84.59380278,Non-Intersection,Dark - Not Lighted,Cloudy,9:00pm-9:59pm,24,9:00pm-9:59pm,30,Not Applicable (Not Transported),Not Applicable (Not Transported),1,Dark - Unlighted,Reduced Visibility,0,1,[],[],0,0,Valid,0.0,0.0,22.0,22.0,['Male'],0,0,2,3,4,Wet/Standing Water,Straight,Level,Lowest,No