,State_Code,State_Name,Crash_ID,Count_Non_Motorists,Count_Vehicles_Total,Count_Vehicle_Forms,Count_PVH_Involved,Count_Occupants_MV,City_Name,Month_Name,Day_of_Month,Day_of_Week,Crash_Hour,Crash_Minute,Area_Rural_Urban,Road_Functional_Class,On_NHS_Road,Latitude,Longitude,Intersection_Type,Light_Condition,Weather_Condition,Notif_Hour,Notif_Minute,Arrival_Hour,Arrival_Minute,Hospital_Hour,Hospital_Minute,Fatalities_Count,Clean_Light_Condition,Clean_Weather_Condition,Total_Killed,Total_Alive,Fatal_Seats_List,Killed_Restraint_List,Any_Driver_Drinking,Total_Drinking_Drivers,Driver_License_Category,Driver_Max_Prev_Accident_Count,Driver_Max_Prev_Speeding_Count,Max_Driver_Age,Min_Driver_Age,Driver_Sex_List,Total_Exceeding_Limit_Vehicles,Total_Too_Fast_Vehicles,Max_Vehicle_Type_Severity_5,Max_Vehicle_Damage_Rank,Max_Harmful_Event_Severity,Crash_Road_Surface_Condition,Crash_Horizontal_Alignment,Crash_Vertical_Profile,Crash_Impairment_Category,Crash_Vehicle_Defect
11374,13,Georgia,130673,0,2,2,0,4,Not Reported,June,25,Sunday,23,41,Urban,High Speed (Arterial),Yes,33.90539722,-84.08449722,Non-Intersection,Dark - Not Lighted,Rain,11:00pm-11:59pm,43,11:00pm-11:59pm,47,0:00am-0:59am,2,1,Dark - Unlighted,Rain/Wind/Minor,1,3,['Driver'],['None_Used'],1,1,Valid,0.0,1.0,57.0,18.0,"['Male', 'Male']",0,0,3,4,5,Wet/Standing Water,Straight,Level,Lowest,No
11375,13,Georgia,130674,0,3,3,0,3,Other,June,26,Monday,4,4,Rural,High Speed (Arterial),Yes,34.47699722,-83.04669444,Non-Intersection,Dark - Not Lighted,Cloudy,4:00am-4:59am,10,4:00am-4:59am,16,4:00am-4:59am,32,1,Dark - Unlighted,Reduced Visibility,1,2,['Driver'],['None_Used'],0,0,Valid,1.0,0.0,49.0,41.0,"['Male', 'Male', 'Male']",0,0,4,4,5,Dry,Straight,Grade/Hillcrest,Lowest,No
11376,13,Georgia,130675,0,1,1,0,2,ROCKMART,June,26,Monday,19,0,Rural,Medium Speed (Collector),No,33.97789444,-85.10520833,Non-Intersection,Daylight,Clear,7:00pm-7:59pm,2,7:00pm-7:59pm,22,7:00pm-7:59pm,33,1,Daylight,Clear,1,1,['Driver'],['None_Used'],0,0,Valid,1.0,2.0,22.0,22.0,['Male'],2,0,2,4,3,Dry,Curve,Level,Lowest,No
11377,13,Georgia,130676,0,1,1,0,1,COLUMBUS,June,26,Monday,19,45,Urban,High Speed (Arterial),Yes,32.50785,-84.95177222,Non-Intersection,Daylight,Clear,8:00am-8:59am,2,8:00am-8:59am,21,Not Applicable (Not Transported),Not Applicable (Not Transported),1,Daylight,Clear,1,0,['Driver'],['None_Used'],0,0,Valid,0.0,0.0,42.0,42.0,['Male'],1,0,3,4,2,Dry,Curve,Grade/Hillcrest,Lowest,No
11378,13,Georgia,130677,0,2,2,0,3,ROSWELL,June,27,Tuesday,3,10,Urban,High Speed (Arterial),Yes,34.01933333,-84.32595833,Non-Intersection,Dark - Not Lighted,Clear,3:00am-3:59am,11,3:00am-3:59am,15,3:00am-3:59am,40,2,Dark - Unlighted,Clear,2,1,"['Driver', 'Rear_Seat']","['Shoulder_Lapbelt', 'None_Used']",0,0,Valid,0.0,0.0,27.0,21.0,"['Male', 'Female']",0,0,2,4,5,Dry,Straight,Level,Lowest,No
11379,13,Georgia,130678,0,1,1,0,1,TUCKER,June,29,Thursday,18,0,Urban,High Speed (Arterial),Yes,33.85679722,-84.1985,Non-Intersection,Daylight,Clear,6:00pm-6:59pm,5,6:00pm-6:59pm,10,Not Applicable (Not Transported),Not Applicable (Not Transported),1,Daylight,Clear,1,0,['Driver'],['None_Used'],0,0,Valid,0.0,1.0,48.0,48.0,['Female'],0,0,2,4,2,Dry,Straight,Level,Lowest,No
11380,13,Georgia,130679,0,2,2,0,3,Not Reported,June,1,Thursday,15,38,Rural,Medium Speed (Collector),No,34.41700556,-84.93563333,Simple Junction,Daylight,Clear,3:00pm-3:59pm,44,3:00pm-3:59pm,56,4:00pm-4:59pm,22,1,Daylight,Clear,1,2,['Driver'],['Shoulder_Lapbelt'],0,0,Valid,2.0,0.0,77.0,18.0,"['Male', 'Female']",0,0,3,4,5,Dry,Straight,Level,Lowest,No
11381,13,Georgia,130680,0,1,1,0,1,EMERSON,June,21,Wednesday,20,28,Urban,Low Speed (Local),No,34.11350833,-84.73198889,Non-Intersection,Dusk,Cloudy,8:00pm-8:59pm,30,8:00pm-8:59pm,45,Not Applicable (Not Transported),Not Applicable (Not Transported),1,Twilight,Reduced Visibility,1,0,['Driver'],['None_Used'],0,0,Valid,1.0,0.0,42.0,42.0,['Male'],1,0,2,4,3,Dry,Straight,Grade/Hillcrest,Lowest,No
11382,13,Georgia,130681,0,2,2,0,3,Not Reported,June,23,Friday,10,2,Urban,High Speed (Arterial),Yes,32.57774167,-83.89317222,Complex/Circle,Daylight,Clear,10:00am-10:59am,1,10:00am-10:59am,10,10:00am-10:59am,46,1,Daylight,Clear,1,2,['Driver'],['Shoulder_Lapbelt'],0,0,Valid,0.0,0.0,80.0,19.0,"['Male', 'Female']",0,0,3,4,5,Dry,Straight,Level,Lowest,No
11383,13,Georgia,130682,0,1,1,0,1,HIRAM,June,24,Saturday,20,30,Rural,Low Speed (Local),No,33.88885,-84.76645278,Non-Intersection,Dark - Lighted,Clear,8:00pm-8:59pm,29,8:00pm-8:59pm,34,9:00pm-9:59pm,9,1,Dark - Lighted,Clear,1,0,['Driver'],['None_Used'],0,0,Valid,0.0,0.0,71.0,71.0,['Male'],0,0,5,3,3,Dry,Curve,Grade/Hillcrest,Lowest,No
11384,13,Georgia,130683,0,3,3,0,4,ELKO,June,25,Sunday,0,20,Rural,High Speed (Arterial),Yes,32.32699444,-83.76612222,Non-Intersection,Dark - Lighted,Clear,0:00am-0:59am,30,0:00am-0:59am,35,Not Applicable (Not Transported),Not Applicable (Not Transported),1,Dark - Lighted,Clear,1,3,['Driver'],['None_Used'],0,0,Valid,0.0,0.0,999.0,25.0,"['Male', 'Other', 'Female']",1,0,5,4,5,Dry,Straight,Grade/Hillcrest,Lowest,No
11385,13,Georgia,130684,0,1,1,0,1,ADAIRSVILLE,June,28,Wednesday,12,44,Urban,High Speed (Arterial),Yes,34.39481111,-84.91883056,Non-Intersection,Daylight,Clear,12:00pm-12:59pm,54,1:00pm-1:59pm,20,Not Applicable (Not Transported),Not Applicable (Not Transported),1,Daylight,Clear,1,0,['Driver'],['Shoulder_Lapbelt'],0,0,Valid,0.0,0.0,38.0,38.0,['Male'],0,0,4,4,3,Dry,Straight,Level,Lowest,Yes
11386,13,Georgia,130685,0,2,2,0,2,TUCKER,July,1,Saturday,2,55,Urban,Medium Speed (Collector),No,33.82250278,-84.18786111,Non-Intersection,Dark - Not Lighted,Clear,2:00am-2:59am,58,3:00am-3:59am,15,6:00am-6:59am,40,1,Dark - Unlighted,Clear,1,1,['Driver'],['None_Used'],1,1,Valid,0.0,1.0,37.0,31.0,"['Male', 'Female']",1,0,5,4,5,Dry,Curve,Level,Lowest,No
11387,13,Georgia,130686,0,1,1,0,1,ZEBULON,July,2,Sunday,5,58,Rural,Low Speed (Local),No,33.07186111,-84.28208333,Non-Intersection,Dark - Not Lighted,Cloudy,Unknown,Unknown,Unknown EMS Scene Arrival Hour,Unknown EMS Scene Arrival Minutes,Not Applicable (Not Transported),Not Applicable (Not Transported),1,Dark - Unlighted,Reduced Visibility,1,0,['Driver'],['None_Used'],0,0,Valid,0.0,0.0,53.0,53.0,['Male'],1,0,5,4,2,Dry,Curve,Grade/Hillcrest,Lowest,No
11388,13,Georgia,130687,0,1,1,0,1,CHATSWORTH,May,24,Wednesday,19,10,Rural,Medium Speed (Collector),No,34.82621944,-84.8311,Non-Intersection,Daylight,Clear,7:00pm-7:59pm,11,7:00pm-7:59pm,20,Not Applicable (Not Transported),Not Applicable (Not Transported),1,Daylight,Clear,1,0,['Driver'],['Shoulder_Lapbelt'],0,0,Valid,0.0,0.0,62.0,62.0,['Male'],0,0,3,4,3,Dry,Straight,Grade/Hillcrest,Lowest,No
11389,13,Georgia,130688,0,3,3,0,3,SMYRNA,June,19,Monday,13,0,Urban,Medium Speed (Collector),No,33.89883056,-84.49466944,Complex/Circle,Daylight,Cloudy,Unknown,Unknown,Unknown EMS Scene Arrival Hour,Unknown EMS Scene Arrival Minutes,Unknown,Unknown EMS Hospital Arrival Time,1,Daylight,Reduced Visibility,1,2,['Driver'],['None_Used'],0,0,Valid,0.0,0.0,67.0,24.0,"['Female', 'Male', 'Male']",0,0,5,4,5,Dry,Straight,Level,Lowest,No
11390,13,Georgia,130689,0,1,1,0,3,BUENA VISTA,June,24,Saturday,9,5,Rural,Medium Speed (Collector),No,32.31019167,-84.49470278,Non-Intersection,Daylight,Clear,9:00am-9:59am,16,10:00am-10:59am,15,10:00am-10:59am,55,1,Daylight,Clear,1,2,['Driver'],['None_Used'],0,0,Valid,0.0,0.0,35.0,35.0,['Male'],0,0,3,4,3,Dry,Curve,Level,Medium,No
11391,13,Georgia,130690,0,2,2,0,2,BUCHANAN,June,26,Monday,19,9,Rural,High Speed (Arterial),Yes,33.80365,-85.17683889,Complex/Circle,Daylight,Clear,7:00pm-7:59pm,5,7:00pm-7:59pm,11,7:00pm-7:59pm,45,1,Daylight,Clear,1,1,['Driver'],['None_Used'],0,0,Valid,0.0,0.0,80.0,22.0,"['Male', 'Male']",0,0,3,4,5,Dry,Straight,Grade/Hillcrest,Lowest,No
11392,13,Georgia,130691,1,1,1,0,1,GAINESVILLE,June,27,Tuesday,21,10,Urban,Medium Speed (Collector),No,34.28364722,-83.85436667,Non-Intersection,Dark - Not Lighted,Clear,9:00pm-9:59pm,10,9:00pm-9:59pm,13,Not Applicable (Not Transported),Not Applicable (Not Transported),1,Dark - Unlighted,Clear,0,1,[],[],0,0,Invalid,0.0,0.0,999.0,999.0,['Other'],0,0,1,3,4,Dry,Straight,Grade/Hillcrest,Lowest,No
11393,13,Georgia,130692,1,1,1,0,2,UNION CITY,June,30,Friday,21,15,Urban,High Speed (Arterial),Yes,33.56482778,-84.52044167,Non-Intersection,Dark - Not Lighted,Cloudy,9:00pm-9:59pm,44,9:00pm-9:59pm,48,Not Applicable (Not Transported),Not Applicable (Not Transported),1,Dark - Unlighted,Reduced Visibility,0,2,[],[],0,0,Valid,0.0,0.0,66.0,66.0,['Male'],0,0,3,2,4,Dry,Straight,Grade/Hillcrest,Lowest,No
11394,13,Georgia,130693,0,1,1,0,1,Not Reported,July,1,Saturday,1,0,Rural,Medium Speed (Collector),No,31.17166944,-81.72205,Non-Intersection,Dark - Not Lighted,Clear,2:00am-2:59am,31,2:00am-2:59am,55,Not Applicable (Not Transported),Not Applicable (Not Transported),1,Dark - Unlighted,Clear,1,0,['Driver'],['None_Used'],0,0,Valid,0.0,0.0,25.0,25.0,['Male'],1,0,5,3,1,Dry,Straight,Level,Lowest,No
11395,13,Georgia,130694,0,1,1,0,1,Not Reported,July,1,Saturday,21,10,Urban,Low Speed (Local),No,34.03201944,-83.80857222,Non-Intersection,Dark - Not Lighted,Cloudy,9:00pm-9:59pm,11,9:00pm-9:59pm,16,Not Applicable (Not Transported),Not Applicable (Not Transported),1,Dark - Unlighted,Reduced Visibility,1,0,['Driver'],['None_Used'],0,0,Valid,0.0,0.0,53.0,53.0,['Male'],1,0,2,4,3,Dry,Curve,Grade/Hillcrest,Lowest,No
11396,13,Georgia,130695,0,1,1,0,1,Not Reported,July,1,Saturday,21,35,Urban,Medium Speed (Collector),No,33.00133611,-85.14155,Non-Intersection,Dark - Not Lighted,Clear,9:00pm-9:59pm,41,9:00pm-9:59pm,50,10:00pm-10:59pm,7,1,Dark - Unlighted,Clear,1,0,['Driver'],['None_Used'],1,1,Invalid,0.0,0.0,63.0,63.0,['Male'],0,0,2,4,2,Dry,Straight,Grade/Hillcrest,Lowest,No
11397,13,Georgia,130696,0,2,2,0,2,ALBANY,July,2,Sunday,16,50,Rural,Medium Speed (Collector),No,31.50581111,-84.20875556,Non-Intersection,Daylight,Clear,4:00am-4:59am,53,5:00am-5:59am,1,5:00am-5:59am,16,1,Daylight,Clear,1,1,['Driver'],['None_Used'],0,0,Valid,0.0,0.0,66.0,21.0,"['Male', 'Male']",0,0,2,4,5,Dry,Straight,Level,Medium,No
11398,13,Georgia,130697,1,1,1,0,1,Not Reported,July,2,Sunday,21,27,Urban,Medium Speed (Collector),No,33.681225,-84.22980278,Non-Intersection,Dark - Lighted,Clear,9:00pm-9:59pm,27,9:00pm-9:59pm,35,Not Applicable (Not Transported),Not Applicable (Not Transported),1,Dark - Lighted,Clear,0,1,[],[],0,0,Valid,2.0,0.0,28.0,28.0,['Male'],0,0,3,2,4,Dry,Straight,Level,Lowest,No
11399,13,Georgia,130698,0,1,1,0,2,CLAXTON,June,23,Friday,11,51,Rural,Medium Speed (Collector),No,32.23839444,-81.99789722,Non-Intersection,Daylight,Clear,11:00am-11:59am,44,11:00am-11:59am,57,12:00pm-12:59pm,38,1,Daylight,Clear,1,1,['Front_Passenger'],['Shoulder_Lapbelt'],0,0,Valid,0.0,0.0,33.0,33.0,['Male'],0,0,3,4,3,Dry,Straight,Level,Lowest,No
11400,13,Georgia,130699,0,2,2,0,3,ATLANTA,July,2,Sunday,1,44,Urban,High Speed (Arterial),Yes,33.75066389,-84.45401667,Non-Intersection,Dark - Lighted,Clear,1:00am-1:59am,47,1:00am-1:59am,58,2:00am-2:59am,27,2,Dark - Lighted,Clear,2,1,"['Driver', 'Driver']","['None_Used', 'None_Used']",1,1,Invalid,0.0,1.0,33.0,32.0,"['Male', 'Female']",0,0,2,4,5,Dry,Straight,Level,Lowest,No
11401,13,Georgia,130700,1,1,1,0,1,ATLANTA,July,3,Monday,0,4,Urban,High Speed (Arterial),Yes,33.69353333,-84.40310556,Non-Intersection,Dark - Not Lighted,Cloudy,Unknown,Unknown,Unknown EMS Scene Arrival Hour,Unknown EMS Scene Arrival Minutes,Not Applicable (Not Transported),Not Applicable (Not Transported),1,Dark - Unlighted,Reduced Visibility,0,1,[],[],0,0,Valid,1.0,0.0,57.0,57.0,['Male'],0,0,2,3,4,Dry,Straight,Grade/Hillcrest,Lowest,No
11402,13,Georgia,130701,0,1,1,0,1,Not Reported,July,3,Monday,15,17,Rural,Medium Speed (Collector),No,33.63731667,-85.193625,Non-Intersection,Daylight,Cloudy,3:00pm-3:59pm,22,3:00pm-3:59pm,35,Not Applicable (Not Transported),Not Applicable (Not Transported),1,Daylight,Reduced Visibility,1,0,['Driver'],['Shoulder_Lapbelt'],0,0,Valid,0.0,0.0,41.0,41.0,['Male'],0,0,2,4,3,Dry,Curve,Grade/Hillcrest,Lowest,No
11403,13,Georgia,130702,0,2,2,0,4,Not Reported,July,3,Monday,17,35,Rural,Medium Speed (Collector),No,32.89717778,-84.39501667,Non-Intersection,Daylight,Clear,5:00pm-5:59pm,41,5:00pm-5:59pm,41,6:00pm-6:59pm,10,1,Daylight,Clear,1,3,['Front_Passenger'],['Shoulder_Lapbelt'],0,0,Valid,0.0,1.0,69.0,28.0,"['Male', 'Male']",0,0,3,4,5,Dry,Curve,Level,Lowest,No
11404,13,Georgia,130703,0,6,1,5,1,Other,July,4,Tuesday,3,28,Urban,Medium Speed (Collector),No,33.72727778,-84.14975556,Non-Intersection,Dark - Not Lighted,Clear,3:00am-3:59am,35,3:00am-3:59am,35,Not Applicable (Not Transported),Not Applicable (Not Transported),1,Dark - Unlighted,Clear,1,0,['Driver'],['None_Used'],1,1,Valid,0.0,0.0,27.0,27.0,['Male'],0,0,2,4,3,Dry,Straight,Level,Lowest,No
11405,13,Georgia,130704,0,1,1,0,1,Not Reported,July,4,Tuesday,6,45,Rural,Medium Speed (Collector),No,33.31607222,-84.65281389,Non-Intersection,Daylight,Clear,6:00am-6:59am,51,6:00am-6:59am,56,Not Applicable (Not Transported),Not Applicable (Not Transported),1,Daylight,Clear,1,0,['Driver'],['None_Used'],0,0,Valid,0.0,0.0,84.0,84.0,['Male'],1,0,3,4,3,Dry,Curve,Level,Lowest,No
11406,13,Georgia,130705,0,2,2,0,4,Not Reported,July,4,Tuesday,12,53,Urban,Medium Speed (Collector),No,33.01486944,-82.78937778,Non-Intersection,Daylight,Rain,12:00pm-12:59pm,55,12:00pm-12:59pm,59,1:00pm-1:59pm,7,1,Daylight,Rain/Wind/Minor,1,3,['Rear_Seat'],['None_Used'],0,0,Valid,0.0,1.0,35.0,26.0,"['Male', 'Male']",0,0,3,4,5,Wet/Standing Water,Straight,Level,Lowest,No
11407,13,Georgia,130706,0,2,2,0,2,ROME,July,4,Tuesday,14,57,Urban,High Speed (Arterial),Yes,34.27154444,-85.23162778,Simple Junction,Daylight,Clear,2:00am-2:59am,58,3:00am-3:59am,1,3:00am-3:59am,27,1,Daylight,Clear,1,1,['Driver'],['None_Used'],0,0,Valid,0.0,0.0,63.0,26.0,"['Male', 'Male']",0,0,5,4,5,Dry,Curve,Level,Lowest,No
11408,13,Georgia,130707,1,1,1,0,1,SNELLVILLE,July,5,Wednesday,1,57,Urban,Medium Speed (Collector),No,33.83411667,-84.00828333,Non-Intersection,Dark - Not Lighted,"Fog, Smog, Smoke",1:00am-1:59am,58,2:00am-2:59am,1,Not Applicable (Not Transported),Not Applicable (Not Transported),1,Dark - Unlighted,Reduced Visibility,0,1,[],[],0,0,Valid,1.0,0.0,43.0,43.0,['Female'],0,0,2,2,4,Dry,Straight,Level,Lowest,No
11409,13,Georgia,130708,0,2,2,0,2,Not Reported,July,5,Wednesday,18,44,Urban,Low Speed (Local),No,34.26424444,-84.05006111,Non-Intersection,Daylight,Clear,6:00pm-6:59pm,48,6:00pm-6:59pm,56,7:00pm-7:59pm,38,1,Daylight,Clear,1,1,['Driver'],['None_Used'],0,0,Invalid,0.0,1.0,48.0,24.0,"['Female', 'Male']",0,0,3,4,5,Dry,Curve,Grade/Hillcrest,Lowest,No
11410,13,Georgia,130709,1,1,1,0,1,MACON,July,5,Wednesday,23,30,Urban,High Speed (Arterial),Yes,32.76817222,-83.66003611,Non-Intersection,Dark - Not Lighted,Cloudy,11:00pm-11:59pm,39,11:00pm-11:59pm,46,Not Applicable (Not Transported),Not Applicable (Not Transported),1,Dark - Unlighted,Reduced Visibility,0,1,[],[],0,0,Valid,0.0,0.0,29.0,29.0,['Male'],0,0,2,4,4,Dry,Straight,Level,Lowest,No
11411,13,Georgia,130710,0,2,2,0,3,Not Reported,July,6,Thursday,13,57,Urban,Medium Speed (Collector),No,34.08401111,-84.57534722,Non-Intersection,Daylight,Clear,1:00am-1:59am,58,2:00am-2:59am,3,2:00am-2:59am,30,1,Daylight,Clear,1,2,['Driver'],['None_Used'],0,0,Invalid,0.0,2.0,34.0,28.0,"['Male', 'Female']",1,0,5,4,5,Dry,Straight,Level,Lowest,No
11412,13,Georgia,130711,0,1,1,0,1,MACON,July,6,Thursday,16,26,Urban,Medium Speed (Collector),No,32.74411944,-83.72524167,Non-Intersection,Daylight,Cloudy,4:00pm-4:59pm,27,4:00pm-4:59pm,41,5:00pm-5:59pm,24,1,Daylight,Reduced Visibility,1,0,['Driver'],['None_Used'],0,0,Valid,0.0,0.0,83.0,83.0,['Male'],0,0,3,4,3,Dry,Straight,Level,Lowest,No
11413,13,Georgia,130712,0,2,2,0,2,COLUMBUS,July,6,Thursday,18,19,Urban,High Speed (Arterial),No,32.44838056,-84.93552778,Non-Intersection,Daylight,Clear,6:00am-6:59am,21,6:00am-6:59am,34,6:00am-6:59am,43,1,Daylight,Clear,1,1,['Driver'],['None_Used'],0,0,Valid,0.0,3.0,62.0,51.0,"['Male', 'Female']",0,0,3,4,5,Dry,Straight,Level,Lowest,No
11414,13,Georgia,130713,0,3,3,0,6,Not Reported,July,7,Friday,12,50,Rural,Medium Speed (Collector),No,34.87604722,-83.71880278,Non-Intersection,Daylight,Clear,12:00pm-12:59pm,52,1:00pm-1:59pm,6,Unknown,Unknown EMS Hospital Arrival Time,1,Daylight,Clear,1,5,['Driver'],['Shoulder_Lapbelt'],0,0,Valid,0.0,0.0,77.0,63.0,"['Male', 'Male', 'Male']",0,0,4,4,5,Dry,Curve,Grade/Hillcrest,Lowest,Yes
11415,13,Georgia,130714,1,1,1,0,1,MILLEDGEVILLE,July,8,Saturday,21,48,Urban,Medium Speed (Collector),No,33.10558889,-83.25168333,Non-Intersection,Dark - Lighted,Clear,9:00pm-9:59pm,53,10:00pm-10:59pm,0,Not Applicable (Not Transported),Not Applicable (Not Transported),1,Dark - Lighted,Clear,0,1,[],[],0,0,Valid,0.0,0.0,32.0,32.0,['Female'],0,0,3,4,4,Dry,Straight,Level,Lowest,No
11416,13,Georgia,130715,0,1,1,0,1,DECATUR,July,9,Sunday,2,45,Urban,Medium Speed (Collector),No,33.76300556,-84.25752778,Non-Intersection,Dark - Lighted,Cloudy,Unknown,Unknown if Notified,Unknown EMS Scene Arrival Hour,Unknown if Arrived,Not Applicable (Not Transported),Not Applicable (Not Transported),1,Dark - Lighted,Reduced Visibility,1,0,['Driver'],['None_Used'],1,1,Valid,1.0,0.0,57.0,57.0,['Male'],0,0,3,4,1,Dry,Straight,Level,Lowest,No
11417,13,Georgia,130716,0,2,2,0,5,Not Reported,July,9,Sunday,14,30,Urban,High Speed (Arterial),Yes,34.44908611,-84.88626944,Simple Junction,Daylight,Cloudy,2:00pm-2:59pm,51,2:00pm-2:59pm,58,3:00pm-3:59pm,16,1,Daylight,Reduced Visibility,1,4,['Front_Passenger'],['None_Used'],0,0,Valid,0.0,0.0,49.0,40.0,"['Female', 'Male']",0,0,5,4,5,Dry,Straight,Level,Lowest,No
11418,13,Georgia,130717,0,2,2,0,3,Not Reported,July,10,Monday,7,43,Urban,Medium Speed (Collector),No,33.63051944,-83.97866389,Complex/Circle,Daylight,Rain,7:00am-7:59am,43,7:00am-7:59am,53,8:00am-8:59am,26,1,Daylight,Rain/Wind/Minor,1,2,['Front_Passenger'],['Shoulder_Lapbelt'],0,0,Valid,0.0,1.0,58.0,44.0,"['Female', 'Male']",0,0,3,4,5,Wet/Standing Water,Straight,Level,Lowest,No
11419,13,Georgia,130718,0,2,2,0,3,Not Reported,July,10,Monday,8,1,Urban,Low Speed (Local),No,33.469475,-84.37516111,Non-Intersection,Daylight,Rain,8:00am-8:59am,5,8:00am-8:59am,7,8:00am-8:59am,40,1,Daylight,Rain/Wind/Minor,1,2,['Driver'],['Shoulder_Lapbelt'],0,0,Valid,0.0,1.0,36.0,19.0,"['Male', 'Male']",0,0,3,4,5,Wet/Standing Water,Curve,Level,Lowest,No
11420,13,Georgia,130720,1,1,1,0,2,ATLANTA,July,1,Saturday,21,30,Urban,Medium Speed (Collector),No,33.70435556,-84.46428056,Non-Intersection,Dark - Not Lighted,Clear,9:00pm-9:59pm,37,9:00pm-9:59pm,37,10:00pm-10:59pm,1,1,Dark - Unlighted,Clear,0,2,[],[],0,0,Valid,1.0,1.0,28.0,28.0,['Male'],0,0,2,3,4,Dry,Straight,Level,Lowest,No
11421,13,Georgia,130721,1,1,1,0,1,DARIEN,July,5,Wednesday,22,0,Rural,Medium Speed (Collector),No,31.38328333,-81.43321667,Non-Intersection,Dark - Not Lighted,Rain,10:00pm-10:59pm,4,10:00pm-10:59pm,9,10:00pm-10:59pm,30,1,Dark - Unlighted,Rain/Wind/Minor,0,1,[],[],0,0,Valid,0.0,0.0,82.0,82.0,['Female'],0,0,3,3,4,Wet/Standing Water,Straight,Level,Lowest,No
11422,13,Georgia,130722,0,1,1,0,2,Not Reported,July,8,Saturday,1,43,Urban,Low Speed (Local),No,33.91834444,-84.59726667,Non-Intersection,Dark - Not Lighted,Clear,1:00am-1:59am,46,2:00am-2:59am,0,2:00am-2:59am,20,1,Dark - Unlighted,Clear,1,1,['Front_Passenger'],['None_Used'],1,1,Valid,0.0,1.0,32.0,32.0,['Male'],2,0,3,4,3,Dry,Curve,Grade/Hillcrest,Lowest,No
11423,13,Georgia,130723,0,2,2,0,4,Not Reported,July,10,Monday,10,30,Rural,Medium Speed (Collector),No,31.35544167,-84.06831111,Non-Intersection,Daylight,Cloudy,10:00am-10:59am,36,10:00am-10:59am,44,11:00am-11:59am,30,1,Daylight,Reduced Visibility,1,3,['Driver'],['None_Used'],0,0,Invalid,0.0,0.0,51.0,43.0,"['Male', 'Male']",3,0,4,4,5,Wet/Standing Water,Curve,Grade/Hillcrest,Lowest,No
11424,13,Georgia,130724,0,2,2,0,3,Not Reported,July,10,Monday,12,3,Rural,Medium Speed (Collector),No,31.14918333,-81.99152778,Complex/Circle,Daylight,Clear,12:00pm-12:59pm,4,12:00pm-12:59pm,10,12:00pm-12:59pm,12,2,Daylight,Clear,2,1,"['Driver', 'Front_Passenger']","['None_Used', 'None_Used']",0,0,Valid,0.0,1.0,60.0,57.0,"['Male', 'Male']",0,0,4,4,5,Wet/Standing Water,Straight,Level,Lowest,No
11425,13,Georgia,130725,0,1,1,0,1,Not Reported,July,10,Monday,12,35,Rural,Medium Speed (Collector),No,32.34581111,-81.21395,Non-Intersection,Daylight,Rain,Unknown,Unknown,Unknown EMS Scene Arrival Hour,Unknown EMS Scene Arrival Minutes,Not Applicable (Not Transported),Not Applicable (Not Transported),1,Daylight,Rain/Wind/Minor,1,0,['Driver'],['None_Used'],0,0,Valid,0.0,0.0,41.0,41.0,['Male'],0,0,4,4,3,Wet/Standing Water,Curve,Level,Lowest,Yes
11426,13,Georgia,130726,0,1,1,0,1,ATLANTA,July,10,Monday,21,55,Urban,High Speed (Arterial),Yes,33.85865278,-84.43411667,Non-Intersection,Dark - Lighted,Clear,9:00am-9:59am,56,10:00am-10:59am,7,10:00am-10:59am,35,1,Dark - Lighted,Clear,1,0,['Driver'],['None_Used'],0,0,Valid,0.0,0.0,54.0,54.0,['Male'],1,0,3,4,3,Dry,Straight,Level,Lowest,No
11427,13,Georgia,130727,0,3,3,0,3,COCHRAN,July,11,Tuesday,16,52,Urban,Medium Speed (Collector),No,32.39791389,-83.32205,Non-Intersection,Daylight,Clear,4:00pm-4:59pm,52,5:00pm-5:59pm,3,5:00pm-5:59pm,33,1,Daylight,Clear,1,2,['Driver'],['None_Used'],0,0,Valid,0.0,0.0,51.0,16.0,"['Female', 'Male', 'Male']",0,0,3,4,5,Dry,Straight,Level,Lowest,No
11428,13,Georgia,130728,0,1,1,0,1,JULIETTE,July,11,Tuesday,21,39,Rural,High Speed (Arterial),Yes,32.964275,-83.81843611,Non-Intersection,Dark - Not Lighted,Clear,9:00pm-9:59pm,41,9:00pm-9:59pm,48,Not Applicable (Not Transported),Not Applicable (Not Transported),1,Dark - Unlighted,Clear,1,0,['Driver'],['None_Used'],0,0,Valid,0.0,0.0,58.0,58.0,['Male'],0,0,3,4,3,Dry,Straight,Grade/Hillcrest,Lowest,Yes
11429,13,Georgia,130729,1,1,1,0,4,TUCKER,July,12,Wednesday,1,54,Urban,High Speed (Arterial),Yes,33.82921667,-84.19619722,Complex/Circle,Dark - Lighted,Clear,Unknown,Unknown,Unknown EMS Scene Arrival Hour,Unknown EMS Scene Arrival Minutes,Not Applicable (Not Transported),Not Applicable (Not Transported),1,Dark - Lighted,Clear,0,4,[],[],0,0,Valid,1.0,1.0,30.0,30.0,['Male'],0,0,3,3,4,Dry,Straight,Level,Lowest,No
11430,13,Georgia,130730,0,3,3,0,3,DORAVILLE,July,12,Wednesday,6,57,Urban,Medium Speed (Collector),No,33.88004722,-84.26581389,Simple Junction,Daylight,Clear,Unknown,Unknown,Unknown EMS Scene Arrival Hour,Unknown EMS Scene Arrival Minutes,Unknown,Unknown EMS Hospital Arrival Time,1,Daylight,Clear,1,2,['Driver'],['Shoulder_Lapbelt'],0,0,Invalid,0.0,0.0,48.0,22.0,"['Male', 'Male', 'Female']",0,0,3,4,5,Dry,Straight,Level,Lowest,No
11431,13,Georgia,130732,0,2,2,0,3,LILBURN,June,30,Friday,14,34,Urban,Medium Speed (Collector),No,33.85900278,-84.08158611,Non-Intersection,Daylight,Rain,2:00pm-2:59pm,38,3:00pm-3:59pm,2,3:00pm-3:59pm,47,1,Daylight,Rain/Wind/Minor,1,2,['Front_Passenger'],['None_Used'],0,0,Valid,1.0,1.0,70.0,26.0,"['Male', 'Male']",0,0,3,4,5,Wet/Standing Water,Curve,Grade/Hillcrest,Lowest,No