,State_Code,State_Name,Crash_ID,Count_Non_Motorists,Count_Vehicles_Total,Count_Vehicle_Forms,Count_PVH_Involved,Count_Occupants_MV,City_Name,Month_Name,Day_of_Month,Day_of_Week,Crash_Hour,Crash_Minute,Area_Rural_Urban,Road_Functional_Class,On_NHS_Road,Latitude,Longitude,Intersection_Type,Light_Condition,Weather_Condition,Notif_Hour,Notif_Minute,Arrival_Hour,Arrival_Minute,Hospital_Hour,Hospital_Minute,Fatalities_Count,Clean_Light_Condition,Clean_Weather_Condition,Total_Killed,Total_Alive,Fatal_Seats_List,Killed_Restraint_List,Any_Driver_Drinking,Total_Drinking_Drivers,Driver_License_Category,Driver_Max_Prev_Accident_Count,Driver_Max_Prev_Speeding_Count,Max_Driver_Age,Min_Driver_Age,Driver_Sex_List,Total_Exceeding_Limit_Vehicles,Total_Too_Fast_Vehicles,Max_Vehicle_Type_Severity_5,Max_Vehicle_Damage_Rank,Max_Harmful_Event_Severity,Crash_Road_Surface_Condition,Crash_Horizontal_Alignment,Crash_Vertical_Profile,Crash_Impairment_Category,Crash_Vehicle_Defect
11432,13,Georgia,130733,0,3,1,2,1,BETHLEHEM,July,1,Saturday,17,0,Urban,Low Speed (Local),No,33.93243889,-83.78956389,Non-Intersection,Daylight,Cloudy,5:00pm-5:59pm,4,5:00pm-5:59pm,14,6:00pm-6:59pm,24,1,Daylight,Reduced Visibility,1,0,['Driver'],['None_Used'],0,0,Valid,0.0,0.0,32.0,32.0,['Male'],0,0,5,4,5,Dry,Straight,Grade/Hillcrest,Lowest,No
11433,13,Georgia,130734,1,1,1,0,1,ALBANY,July,3,Monday,20,17,Urban,Medium Speed (Collector),No,31.596525,-84.11595833,Non-Intersection,Daylight,Clear,8:00pm-8:59pm,21,8:00pm-8:59pm,27,8:00pm-8:59pm,47,1,Daylight,Clear,0,1,[],[],0,0,Valid,0.0,0.0,16.0,16.0,['Female'],0,0,2,3,4,Dry,Straight,Level,Lowest,No
11434,13,Georgia,130735,1,2,2,0,3,ATLANTA,July,8,Saturday,21,46,Urban,Medium Speed (Collector),No,33.68641111,-84.49125833,Simple Junction,Dark - Lighted,Clear,9:00pm-9:59pm,58,10:00pm-10:59pm,1,Not Applicable (Not Transported),Not Applicable (Not Transported),1,Dark - Lighted,Clear,0,3,[],[],0,0,Valid,0.0,1.0,36.0,25.0,"['Female', 'Male']",0,0,2,3,5,Dry,Straight,Level,Lowest,No
11435,13,Georgia,130736,1,2,2,0,1,MORROW,July,10,Monday,1,10,Urban,High Speed (Arterial),Yes,33.56896111,-84.32608333,Non-Intersection,Dark - Lighted,Clear,1:00am-1:59am,12,1:00am-1:59am,17,Not Applicable (Not Transported),Not Applicable (Not Transported),1,Dark - Lighted,Clear,0,1,[],[],0,0,Valid,0.0,0.0,33.0,33.0,['Male'],0,0,4,4,5,Dry,Straight,Level,Lowest,No
11436,13,Georgia,130737,0,2,2,0,2,Not Reported,April,19,Wednesday,12,14,Urban,Low Speed (Local),No,32.54371111,-83.57386389,Complex/Circle,Daylight,Clear,Unknown,Unknown,Unknown EMS Scene Arrival Hour,Unknown EMS Scene Arrival Minutes,Unknown,Unknown EMS Hospital Arrival Time,1,Daylight,Clear,1,1,['Driver'],['Shoulder_Lapbelt'],0,0,Valid,0.0,2.0,44.0,18.0,"['Male', 'Female']",1,0,2,4,5,Dry,Curve,Grade/Hillcrest,Lowest,No
11437,13,Georgia,130738,0,1,1,0,1,MILLEDGEVILLE,May,31,Wednesday,12,47,Rural,Medium Speed (Collector),Yes,33.0086,-83.35979722,Non-Intersection,Daylight,Clear,12:00pm-12:59pm,49,12:00pm-12:59pm,53,1:00pm-1:59pm,6,1,Daylight,Clear,1,0,['Driver'],['Shoulder_Lapbelt'],0,0,Valid,0.0,2.0,78.0,78.0,['Male'],0,0,3,4,3,Dry,Curve,Level,Lowest,No
11438,13,Georgia,130739,0,2,2,0,2,COLUMBUS,July,12,Wednesday,13,21,Urban,Medium Speed (Collector),No,32.47201667,-84.89234167,Complex/Circle,Daylight,Clear,1:00pm-1:59pm,39,1:00pm-1:59pm,42,2:00pm-2:59pm,23,1,Daylight,Clear,1,1,['Driver'],['Shoulder_Lapbelt'],0,0,Invalid,0.0,2.0,27.0,19.0,"['Male', 'Female']",1,0,2,4,5,Dry,Straight,Grade/Hillcrest,Lowest,No
11439,13,Georgia,130740,0,2,2,0,3,AUGUSTA,July,12,Wednesday,21,47,Urban,High Speed (Arterial),Yes,33.42133056,-82.02085278,Complex/Circle,Dark - Not Lighted,Cloudy,9:00pm-9:59pm,49,9:00pm-9:59pm,53,10:00pm-10:59pm,35,2,Dark - Unlighted,Reduced Visibility,2,1,"['Driver', 'Front_Passenger']","['Shoulder_Lapbelt', 'Shoulder_Lapbelt']",0,0,Valid,0.0,0.0,78.0,69.0,"['Male', 'Male']",0,0,3,4,5,Dry,Straight,Level,Lowest,No
11440,13,Georgia,130741,1,2,2,0,3,DULUTH,July,13,Thursday,18,17,Urban,High Speed (Arterial),Yes,34.02271944,-84.13779722,Complex/Circle,Daylight,Clear,6:00pm-6:59pm,17,6:00pm-6:59pm,25,6:00pm-6:59pm,55,1,Daylight,Clear,0,3,[],[],0,0,Valid,0.0,2.0,45.0,34.0,"['Male', 'Female']",0,0,5,4,5,Dry,Straight,Level,Lowest,No
11441,13,Georgia,130742,0,3,3,0,3,AUGUSTA,July,13,Thursday,21,47,Urban,High Speed (Arterial),Yes,33.44100278,-82.13044722,Non-Intersection,Dark - Not Lighted,Clear,Unknown,Unknown,Unknown EMS Scene Arrival Hour,Unknown EMS Scene Arrival Minutes,Unknown,Unknown EMS Hospital Arrival Time,1,Dark - Unlighted,Clear,1,2,['Driver'],['None_Used'],0,0,Valid,0.0,0.0,68.0,33.0,"['Male', 'Female', 'Female']",0,0,3,4,5,Dry,Straight,Grade/Hillcrest,Lowest,No
11442,13,Georgia,130743,1,1,1,0,1,ATHENS,July,14,Friday,21,37,Urban,High Speed (Arterial),Yes,33.93991389,-83.49464167,Non-Intersection,Dark - Not Lighted,Clear,9:00pm-9:59pm,41,9:00pm-9:59pm,47,10:00pm-10:59pm,2,1,Dark - Unlighted,Clear,0,1,[],[],0,0,Valid,0.0,2.0,36.0,36.0,['Male'],0,0,3,2,4,Dry,Straight,Level,Lowest,No
11443,13,Georgia,130744,1,1,1,0,1,Not Reported,July,14,Friday,22,10,Urban,High Speed (Arterial),Yes,34.03326944,-83.98726111,Non-Intersection,Dark - Not Lighted,Clear,10:00pm-10:59pm,11,10:00pm-10:59pm,18,Not Applicable (Not Transported),Not Applicable (Not Transported),1,Dark - Unlighted,Clear,0,1,[],[],0,0,Invalid,0.0,0.0,998.0,998.0,['Other'],0,0,1,0,4,Dry,Straight,Level,Lowest,No
11444,13,Georgia,130746,1,1,1,0,2,Not Reported,July,15,Saturday,21,0,Urban,High Speed (Arterial),Yes,32.05116667,-81.15287222,Complex/Circle,Dark - Not Lighted,Cloudy,9:00pm-9:59pm,12,9:00pm-9:59pm,16,Not Applicable (Not Transported),Not Applicable (Not Transported),1,Dark - Unlighted,Reduced Visibility,0,2,[],[],0,0,Valid,0.0,0.0,68.0,68.0,['Male'],0,0,2,3,4,Dry,Straight,Level,Lowest,No
11445,13,Georgia,130747,0,1,1,0,1,DALLAS,July,16,Sunday,4,17,Urban,Medium Speed (Collector),No,33.91884167,-84.789075,Simple Junction,Dark - Not Lighted,Clear,4:00am-4:59am,17,4:00am-4:59am,23,Not Applicable (Not Transported),Not Applicable (Not Transported),1,Dark - Unlighted,Clear,1,0,['Driver'],['Shoulder_Lapbelt'],0,0,Valid,0.0,2.0,23.0,23.0,['Male'],0,0,2,4,3,Dry,Curve,Level,Lowest,No
11446,13,Georgia,130748,1,1,1,0,1,FORSYTH,July,16,Sunday,8,21,Rural,High Speed (Arterial),Yes,33.13048056,-84.01261111,Non-Intersection,Dark - Not Lighted,Clear,5:00am-5:59am,4,5:00am-5:59am,15,Not Applicable (Not Transported),Not Applicable (Not Transported),1,Dark - Unlighted,Clear,0,1,[],[],0,0,Valid,0.0,1.0,46.0,46.0,['Male'],0,0,2,4,4,Dry,Straight,Grade/Hillcrest,Lowest,No
11447,13,Georgia,130749,0,2,2,0,2,TUCKER,July,16,Sunday,14,29,Urban,Medium Speed (Collector),No,33.84069444,-84.21334444,Simple Junction,Daylight,Clear,2:00pm-2:59pm,30,2:00pm-2:59pm,40,3:00pm-3:59pm,18,1,Daylight,Clear,1,1,['Driver'],['None_Used'],1,1,Valid,0.0,1.0,39.0,17.0,"['Male', 'Male']",0,0,5,4,5,Dry,Straight,Level,Lowest,No
11448,13,Georgia,130750,0,2,2,0,5,ALTO,July,16,Sunday,15,23,Urban,High Speed (Arterial),Yes,34.45853056,-83.60833889,Complex/Circle,Daylight,Cloudy,3:00pm-3:59pm,26,3:00pm-3:59pm,32,Not Applicable (Not Transported),Not Applicable (Not Transported),5,Daylight,Reduced Visibility,5,0,"['Front_Passenger', 'Front_Passenger', 'Driver', 'Rear_Seat', 'Rear_Seat']","['Shoulder_Lapbelt', 'Shoulder_Lapbelt', 'Shoulder_Lapbelt', 'Shoulder_Lapbelt', 'Shoulder_Lapbelt']",0,0,Valid,1.0,0.0,29.0,29.0,['Female'],0,0,3,4,5,Dry,Straight,Grade/Hillcrest,Lowest,No
11449,13,Georgia,130751,0,1,1,0,1,Other,July,16,Sunday,16,36,Rural,Medium Speed (Collector),No,33.14860556,-84.24876389,Non-Intersection,Daylight,Clear,Unknown,Unknown,Unknown EMS Scene Arrival Hour,Unknown EMS Scene Arrival Minutes,Not Applicable (Not Transported),Not Applicable (Not Transported),1,Daylight,Clear,1,0,['Driver'],['None_Used'],0,0,Invalid,0.0,0.0,22.0,22.0,['Male'],1,0,3,4,3,Dry,Straight,Level,Lowest,No
11450,13,Georgia,130752,0,2,2,0,3,NORWOOD,July,16,Sunday,22,22,Rural,High Speed (Arterial),Yes,33.49301111,-82.63286389,Non-Intersection,Dark - Not Lighted,Clear,10:00pm-10:59pm,22,10:00pm-10:59pm,37,Unknown,Unknown EMS Hospital Arrival Time,1,Dark - Unlighted,Clear,1,1,['Driver'],['None_Used'],1,1,Valid,0.0,4.0,40.0,26.0,"['Male', 'Female']",0,0,2,4,5,Dry,Straight,Grade/Hillcrest,Lowest,No
11451,13,Georgia,130753,0,1,1,0,1,Other,July,16,Sunday,22,45,Urban,Low Speed (Local),No,33.72073889,-84.57396667,Non-Intersection,Dark - Not Lighted,Clear,Unknown,Unknown,Unknown EMS Scene Arrival Hour,Unknown EMS Scene Arrival Minutes,Not Applicable (Not Transported),Not Applicable (Not Transported),1,Dark - Unlighted,Clear,1,0,['Driver'],['Shoulder_Lapbelt'],0,0,Invalid,0.0,1.0,33.0,33.0,['Female'],0,0,2,4,3,Dry,Curve,Level,Lowest,No
11452,13,Georgia,130754,0,2,2,0,2,Not Reported,July,17,Monday,12,35,Rural,Medium Speed (Collector),No,34.59963056,-84.92691944,Non-Intersection,Daylight,Not Reported,12:00pm-12:59pm,44,12:00pm-12:59pm,56,Not Applicable (Not Transported),Not Applicable (Not Transported),1,Daylight,Clear,1,1,['Driver'],['Shoulder_Lapbelt'],0,0,Valid,2.0,0.0,71.0,26.0,"['Female', 'Male']",0,0,4,4,5,Dry,Curve,Grade/Hillcrest,Lowest,No
11453,13,Georgia,130755,0,2,2,0,5,DECATUR,July,18,Tuesday,2,21,Urban,High Speed (Arterial),Yes,33.77411111,-84.31454167,Complex/Circle,Dark - Not Lighted,Clear,2:00am-2:59am,45,2:00am-2:59am,57,3:00am-3:59am,12,1,Dark - Unlighted,Clear,1,4,['Driver'],['None_Used'],0,0,Valid,0.0,0.0,29.0,18.0,"['Male', 'Male']",0,0,3,4,5,Dry,Curve,Level,Lowest,No
11454,13,Georgia,130756,0,2,2,0,2,TUCKER,July,18,Tuesday,15,28,Urban,High Speed (Arterial),Yes,33.8431,-84.24751389,Non-Intersection,Daylight,Clear,3:00am-3:59am,33,3:00am-3:59am,44,Not Applicable (Not Transported),Not Applicable (Not Transported),1,Daylight,Clear,1,1,['Driver'],['None_Used'],0,0,Valid,1.0,2.0,58.0,25.0,"['Male', 'Male']",1,0,5,4,5,Dry,Straight,Level,Lowest,No
11455,13,Georgia,130757,0,1,1,0,1,JONESBORO,July,19,Wednesday,7,31,Urban,Low Speed (Local),No,33.47636944,-84.37758889,Non-Intersection,Daylight,Clear,Unknown,Unknown if Notified,Unknown EMS Scene Arrival Hour,Unknown if Arrived,Not Applicable (Not Transported),Not Applicable (Not Transported),1,Daylight,Clear,1,0,['Driver'],['None_Used'],0,0,Valid,0.0,0.0,34.0,34.0,['Male'],0,0,3,4,3,Dry,Straight,Grade/Hillcrest,Lowest,No
11456,13,Georgia,130758,0,1,1,0,1,CHULA,July,19,Wednesday,19,46,Rural,High Speed (Arterial),Yes,31.5537,-83.49121667,Non-Intersection,Daylight,Cloudy,7:00pm-7:59pm,51,8:00pm-8:59pm,16,9:00pm-9:59pm,16,1,Daylight,Reduced Visibility,1,0,['Driver'],['Shoulder_Lapbelt'],0,0,Valid,0.0,0.0,20.0,20.0,['Male'],0,0,3,4,3,Dry,Straight,Grade/Hillcrest,Lowest,No
11457,13,Georgia,130759,0,1,1,0,2,PITTS,July,20,Thursday,11,30,Rural,Medium Speed (Collector),No,31.85831389,-83.55838333,Non-Intersection,Daylight,Clear,11:00am-11:59am,30,11:00am-11:59am,41,Not Applicable (Not Transported),Not Applicable (Not Transported),2,Daylight,Clear,2,0,"['Driver', 'Front_Passenger']","['None_Used', 'None_Used']",0,0,Invalid,0.0,0.0,17.0,17.0,['Male'],0,0,2,4,4,Dry,Straight,Level,Lowest,No
11458,13,Georgia,130760,0,1,1,0,2,Other,June,21,Wednesday,22,56,Urban,High Speed (Arterial),Yes,33.64353056,-84.39971944,Non-Intersection,Dark - Not Lighted,Rain,10:00pm-10:59pm,56,11:00pm-11:59pm,15,Not Applicable (Not Transported),Not Applicable (Not Transported),2,Dark - Unlighted,Rain/Wind/Minor,2,0,"['Driver', 'Front_Passenger']","['None_Used', 'None_Used']",0,0,Valid,0.0,1.0,32.0,32.0,['Male'],2,0,3,4,3,Wet/Standing Water,Straight,Level,Lowest,No
11459,13,Georgia,130761,0,1,1,0,1,RYDAL,July,20,Thursday,12,18,Rural,Medium Speed (Collector),No,34.34363056,-84.75063889,Non-Intersection,Daylight,Clear,12:00pm-12:59pm,9,12:00pm-12:59pm,27,Not Applicable (Not Transported),Not Applicable (Not Transported),1,Daylight,Clear,1,0,['Driver'],['None_Used'],1,1,Valid,0.0,0.0,44.0,44.0,['Male'],0,0,2,4,3,Dry,Straight,Grade/Hillcrest,Lowest,No
11460,13,Georgia,130762,0,1,1,0,1,TALKING ROCK,July,20,Thursday,20,52,Urban,Medium Speed (Collector),No,34.52198611,-84.48513056,Non-Intersection,Dark - Not Lighted,Cloudy,8:00pm-8:59pm,38,8:00pm-8:59pm,51,Not Applicable (Not Transported),Not Applicable (Not Transported),1,Dark - Unlighted,Reduced Visibility,1,0,['Driver'],['None_Used'],1,1,Valid,0.0,1.0,27.0,27.0,['Female'],1,0,2,4,3,Wet/Standing Water,Curve,Grade/Hillcrest,Lowest,No
11461,13,Georgia,130763,0,1,1,0,1,HIAWASSEE,July,21,Friday,9,35,Rural,Medium Speed (Collector),No,34.80890556,-83.74378611,Non-Intersection,Daylight,Clear,9:00am-9:59am,35,9:00am-9:59am,40,Not Applicable (Not Transported),Not Applicable (Not Transported),1,Daylight,Clear,1,0,['Driver'],['None_Used'],0,0,Valid,0.0,0.0,53.0,53.0,['Male'],1,0,5,4,3,Dry,Curve,Grade/Hillcrest,Lowest,No
11462,13,Georgia,130764,0,2,2,0,3,Not Reported,July,19,Wednesday,17,28,Urban,High Speed (Arterial),Yes,33.61445833,-84.99625278,Simple Junction,Daylight,Clear,5:00pm-5:59pm,26,5:00pm-5:59pm,27,Not Applicable (Not Transported),Not Applicable (Not Transported),1,Daylight,Clear,1,2,['Driver'],['None_Used'],0,0,Valid,1.0,1.0,44.0,24.0,"['Female', 'Male']",0,0,5,4,5,Dry,Straight,Level,Lowest,No
11463,13,Georgia,130765,0,1,1,0,1,TEMPLE,July,22,Saturday,3,45,Rural,Medium Speed (Collector),No,33.68318056,-85.01824722,Non-Intersection,Dark - Not Lighted,Clear,3:00am-3:59am,46,3:00am-3:59am,54,Not Applicable (Not Transported),Not Applicable (Not Transported),1,Dark - Unlighted,Clear,1,0,['Driver'],['None_Used'],0,0,Valid,0.0,2.0,21.0,21.0,['Male'],0,0,3,4,3,Dry,Straight,Grade/Hillcrest,Lowest,No
11464,13,Georgia,130766,0,2,2,0,3,CARROLLTON,July,22,Saturday,18,22,Urban,Medium Speed (Collector),No,33.58759722,-85.05586389,Non-Intersection,Daylight,Clear,6:00am-6:59am,22,6:00am-6:59am,29,Not Applicable (Not Transported),Not Applicable (Not Transported),1,Daylight,Clear,1,2,['Driver'],['None_Used'],1,1,Valid,0.0,1.0,69.0,49.0,"['Male', 'Male']",0,0,5,4,5,Dry,Straight,Grade/Hillcrest,Lowest,No
11465,13,Georgia,130767,0,1,1,0,2,AMERICUS,July,21,Friday,14,35,Rural,Medium Speed (Collector),No,31.96766667,-84.13655556,Non-Intersection,Daylight,Clear,1:00pm-1:59pm,58,3:00pm-3:59pm,28,4:00pm-4:59pm,13,1,Daylight,Clear,1,1,['Front_Passenger'],['None_Used'],0,0,Valid,0.0,0.0,30.0,30.0,['Male'],0,0,3,4,3,Dry,Straight,Level,Lowest,No
11466,13,Georgia,130768,0,2,2,0,2,ATHENS,July,22,Saturday,20,46,Urban,Medium Speed (Collector),No,33.97457222,-83.365,Complex/Circle,Dark - Lighted,Clear,8:00pm-8:59pm,47,8:00pm-8:59pm,57,Not Applicable (Not Transported),Not Applicable (Not Transported),1,Dark - Lighted,Clear,1,1,['Driver'],['None_Used'],0,0,Valid,1.0,0.0,29.0,22.0,"['Male', 'Male']",0,0,5,4,5,Dry,Straight,Level,Lowest,No
11467,13,Georgia,130769,0,5,5,0,7,ATLANTA,July,23,Sunday,0,0,Urban,High Speed (Arterial),Yes,33.83188889,-84.33565833,Non-Intersection,Dark - Not Lighted,Clear,5:00am-5:59am,26,5:00am-5:59am,40,Not Applicable (Not Transported),Not Applicable (Not Transported),1,Dark - Unlighted,Clear,1,6,['Driver'],['Shoulder_Lapbelt'],0,0,Valid,1.0,1.0,74.0,21.0,"['Male', 'Female', 'Female', 'Male', 'Female']",0,0,3,4,5,Dry,Straight,Level,Lowest,Yes
11468,13,Georgia,130770,1,1,1,0,1,SAVANNAH,July,23,Sunday,9,31,Urban,Low Speed (Local),No,31.91595,-81.04409722,Non-Intersection,Daylight,Clear,9:00am-9:59am,33,9:00am-9:59am,48,10:00am-10:59am,18,1,Daylight,Clear,0,1,[],[],0,0,Valid,0.0,0.0,86.0,86.0,['Male'],0,0,3,2,4,Dry,Straight,Grade/Hillcrest,Lowest,No
11469,13,Georgia,130771,0,2,2,0,2,COMMERCE,July,23,Sunday,13,37,Urban,High Speed (Arterial),Yes,34.19350556,-83.43148333,Complex/Circle,Daylight,Clear,1:00pm-1:59pm,41,1:00pm-1:59pm,49,2:00pm-2:59pm,25,1,Daylight,Clear,1,1,['Driver'],['None_Used'],0,0,Valid,0.0,0.0,61.0,54.0,"['Female', 'Male']",0,0,5,4,5,Dry,Straight,Grade/Hillcrest,Lowest,No
11470,13,Georgia,130772,0,1,1,0,1,DALLAS,July,23,Sunday,18,10,Rural,High Speed (Arterial),Yes,33.91304167,-84.905475,Non-Intersection,Daylight,Clear,6:00pm-6:59pm,14,6:00pm-6:59pm,24,6:00pm-6:59pm,54,1,Daylight,Clear,1,0,['Driver'],['None_Used'],0,0,Invalid,0.0,0.0,27.0,27.0,['Female'],0,0,3,4,3,Dry,Curve,Grade/Hillcrest,Lowest,No
11471,13,Georgia,130773,0,2,2,0,5,GAINESVILLE,July,23,Sunday,20,10,Urban,Medium Speed (Collector),No,34.20889167,-83.78908889,Simple Junction,Daylight,Clear,8:00pm-8:59pm,10,8:00pm-8:59pm,16,8:00pm-8:59pm,39,1,Daylight,Clear,1,4,['Driver'],['Shoulder_Lapbelt'],0,0,Valid,0.0,0.0,53.0,25.0,"['Male', 'Female']",0,0,3,4,5,Dry,Straight,Level,Lowest,No
11472,13,Georgia,130774,0,1,1,0,1,COVINGTON,July,24,Monday,6,4,Urban,Medium Speed (Collector),No,33.60621667,-83.93162778,Simple Junction,Dark - Not Lighted,Cloudy,6:00am-6:59am,7,6:00am-6:59am,21,6:00am-6:59am,49,1,Dark - Unlighted,Reduced Visibility,1,0,['Driver'],['None_Used'],0,0,Valid,0.0,0.0,66.0,66.0,['Male'],0,0,2,4,2,Dry,Straight,Grade/Hillcrest,Lowest,No
11473,13,Georgia,130775,0,2,2,0,2,GRIFFIN,July,23,Sunday,3,47,Urban,High Speed (Arterial),Yes,33.33263056,-84.29433056,Non-Intersection,Dark - Not Lighted,Cloudy,3:00am-3:59am,48,3:00am-3:59am,54,4:00am-4:59am,12,1,Dark - Unlighted,Reduced Visibility,1,1,['Driver'],['None_Used'],0,0,Valid,2.0,3.0,24.0,23.0,"['Female', 'Female']",0,0,3,4,5,Dry,Straight,Level,Lowest,No
11474,13,Georgia,130776,0,1,1,0,2,EASTMAN,July,24,Monday,16,5,Urban,Low Speed (Local),No,32.21621111,-83.16620833,Non-Intersection,Daylight,Clear,3:00pm-3:59pm,53,3:00pm-3:59pm,58,4:00pm-4:59pm,22,1,Daylight,Clear,1,1,['Driver'],['None_Used'],0,0,Valid,0.0,0.0,74.0,74.0,['Male'],0,0,3,4,2,Dry,Straight,Level,Lowest,No
11475,13,Georgia,130777,0,2,2,0,2,CARTERSVILLE,July,24,Monday,21,22,Urban,High Speed (Arterial),No,34.24384722,-84.77433056,Simple Junction,Dusk,Clear,9:00pm-9:59pm,19,9:00pm-9:59pm,32,Not Applicable (Not Transported),Not Applicable (Not Transported),1,Twilight,Clear,1,1,['Driver'],['None_Used'],0,0,Valid,2.0,0.0,62.0,31.0,"['Male', 'Male']",0,0,5,4,5,Dry,Straight,Level,Lowest,No
11476,13,Georgia,130779,0,1,1,0,1,MIDWAY,July,26,Wednesday,16,33,Rural,Medium Speed (Collector),No,31.78209722,-81.49170278,Non-Intersection,Daylight,Clear,4:00pm-4:59pm,35,4:00pm-4:59pm,43,Not Applicable (Not Transported),Not Applicable (Not Transported),1,Daylight,Clear,1,0,['Driver'],['Shoulder_Lapbelt'],0,0,Valid,0.0,1.0,57.0,57.0,['Male'],0,0,2,4,3,Dry,Straight,Level,Lowest,No
11477,13,Georgia,130780,1,1,1,0,1,AUSTELL,July,26,Wednesday,23,23,Urban,Low Speed (Local),No,33.77580833,-84.55574167,Non-Intersection,Dark - Not Lighted,Clear,11:00pm-11:59pm,24,11:00pm-11:59pm,29,Not Applicable (Not Transported),Not Applicable (Not Transported),1,Dark - Unlighted,Clear,0,1,[],[],0,0,Valid,0.0,0.0,18.0,18.0,['Male'],0,0,3,2,4,Dry,Straight,Grade/Hillcrest,Lowest,No
11478,13,Georgia,130781,0,2,2,0,5,Other,July,28,Friday,1,6,Urban,High Speed (Arterial),Yes,33.64433889,-84.39915278,Non-Intersection,Dark - Not Lighted,Clear,1:00am-1:59am,7,1:00am-1:59am,8,1:00am-1:59am,27,4,Dark - Unlighted,Clear,4,1,"['Driver', 'Front_Passenger', 'Rear_Seat', 'Rear_Seat']","['Shoulder_Lapbelt', 'Shoulder_Lapbelt', 'Shoulder_Lapbelt', 'Shoulder_Lapbelt']",1,1,Valid,0.0,2.0,53.0,21.0,"['Male', 'Male']",4,0,3,4,5,Dry,Straight,Level,Lowest,No
11479,13,Georgia,130782,0,1,1,0,1,COLUMBUS,July,28,Friday,4,27,Urban,Medium Speed (Collector),No,32.46580556,-84.98001389,Complex/Circle,Dark - Lighted,Clear,4:00am-4:59am,27,4:00am-4:59am,33,4:00am-4:59am,53,1,Dark - Lighted,Clear,1,0,['Driver'],['None_Used'],0,0,Valid,0.0,0.0,91.0,91.0,['Male'],0,0,2,4,3,Dry,Curve,Grade/Hillcrest,Lowest,No
11480,13,Georgia,130783,0,2,2,0,3,Other,July,29,Saturday,11,24,Urban,Medium Speed (Collector),No,34.08318611,-84.62184444,Non-Intersection,Daylight,Clear,11:00am-11:59am,25,11:00am-11:59am,27,Not Applicable (Not Transported),Not Applicable (Not Transported),1,Daylight,Clear,1,2,['Driver'],['None_Used'],0,0,Valid,1.0,0.0,54.0,42.0,"['Female', 'Male']",0,0,5,4,5,Dry,Curve,Level,Lowest,No
11481,13,Georgia,130784,0,2,2,0,2,MACON,July,30,Sunday,0,39,Urban,Medium Speed (Collector),No,32.82888889,-83.56150278,Non-Intersection,Dark - Not Lighted,Cloudy,0:00am-0:59am,44,0:00am-0:59am,54,Not Applicable (Not Transported),Not Applicable (Not Transported),1,Dark - Unlighted,Reduced Visibility,1,1,['Driver'],['None_Used'],0,0,Valid,0.0,0.0,48.0,31.0,"['Male', 'Male']",0,0,5,4,5,Dry,Curve,Level,Lowest,Yes
11482,13,Georgia,130785,0,2,2,0,2,BRINSON,July,23,Sunday,13,24,Rural,High Speed (Arterial),Yes,30.97072778,-84.73333056,Complex/Circle,Daylight,Cloudy,1:00pm-1:59pm,27,1:00pm-1:59pm,45,Not Applicable (Not Transported),Not Applicable (Not Transported),1,Daylight,Reduced Visibility,1,1,['Driver'],['None_Used'],0,0,Valid,0.0,0.0,39.0,18.0,"['Female', 'Male']",0,0,5,4,5,Dry,Straight,Level,Lowest,No
11483,13,Georgia,130786,0,1,1,0,2,CUMMING,July,27,Thursday,13,1,Urban,Low Speed (Local),No,34.22009722,-84.03894722,Simple Junction,Daylight,Clear,1:00pm-1:59pm,2,1:00pm-1:59pm,5,Not Applicable (Not Transported),Not Applicable (Not Transported),2,Daylight,Clear,2,0,"['Driver', 'Front_Passenger']","['Shoulder_Lapbelt', 'Shoulder_Lapbelt']",0,0,Valid,0.0,0.0,91.0,91.0,['Female'],2,0,3,4,2,Dry,Curve,Level,Lowest,No
11484,13,Georgia,130787,0,2,2,0,2,ATLANTA,July,27,Thursday,22,30,Urban,High Speed (Arterial),Yes,33.66939722,-84.54763611,Complex/Circle,Dark - Not Lighted,Clear,10:00pm-10:59pm,31,10:00pm-10:59pm,35,Not Applicable (Not Transported),Not Applicable (Not Transported),1,Dark - Unlighted,Clear,1,1,['Driver'],['None_Used'],0,0,Valid,0.0,1.0,73.0,27.0,"['Female', 'Male']",0,0,5,4,5,Dry,Straight,Level,Lowest,No
11485,13,Georgia,130788,1,1,1,0,3,COVINGTON,July,28,Friday,14,49,Urban,Medium Speed (Collector),No,33.56680278,-83.87190833,Non-Intersection,Daylight,Clear,2:00pm-2:59pm,49,2:00pm-2:59pm,54,Not Applicable (Not Transported),Not Applicable (Not Transported),1,Daylight,Clear,0,3,[],[],0,0,Valid,0.0,4.0,33.0,33.0,['Female'],0,0,3,3,4,Dry,Straight,Level,Lowest,No
11486,13,Georgia,130789,0,1,1,0,2,WINDER,July,28,Friday,19,0,Urban,Medium Speed (Collector),No,33.98449722,-83.689475,Non-Intersection,Daylight,Cloudy,7:00pm-7:59pm,6,7:00pm-7:59pm,14,8:00pm-8:59pm,14,1,Daylight,Reduced Visibility,1,1,['Front_Passenger'],['None_Used'],0,0,Valid,0.0,1.0,21.0,21.0,['Male'],2,0,3,4,2,Dry,Curve,Grade/Hillcrest,Lowest,No
11487,13,Georgia,130790,0,2,2,0,3,EASTMAN,July,28,Friday,22,0,Rural,High Speed (Arterial),Yes,32.20224167,-83.26546111,Complex/Circle,Dark - Not Lighted,Cloudy,10:00pm-10:59pm,1,10:00pm-10:59pm,7,10:00pm-10:59pm,33,1,Dark - Unlighted,Reduced Visibility,1,2,['Driver'],['None_Used'],1,1,Invalid,0.0,0.0,37.0,17.0,"['Male', 'Male']",0,0,2,4,5,Dry,Straight,Grade/Hillcrest,Lowest,No