,State_Code,State_Name,Crash_ID,Count_Non_Motorists,Count_Vehicles_Total,Count_Vehicle_Forms,Count_PVH_Involved,Count_Occupants_MV,City_Name,Month_Name,Day_of_Month,Day_of_Week,Crash_Hour,Crash_Minute,Area_Rural_Urban,Road_Functional_Class,On_NHS_Road,Latitude,Longitude,Intersection_Type,Light_Condition,Weather_Condition,Notif_Hour,Notif_Minute,Arrival_Hour,Arrival_Minute,Hospital_Hour,Hospital_Minute,Fatalities_Count,Clean_Light_Condition,Clean_Weather_Condition,Total_Killed,Total_Alive,Fatal_Seats_List,Killed_Restraint_List,Any_Driver_Drinking,Total_Drinking_Drivers,Driver_License_Category,Driver_Max_Prev_Accident_Count,Driver_Max_Prev_Speeding_Count,Max_Driver_Age,Min_Driver_Age,Driver_Sex_List,Total_Exceeding_Limit_Vehicles,Total_Too_Fast_Vehicles,Max_Vehicle_Type_Severity_5,Max_Vehicle_Damage_Rank,Max_Harmful_Event_Severity,Crash_Road_Surface_Condition,Crash_Horizontal_Alignment,Crash_Vertical_Profile,Crash_Impairment_Category,Crash_Vehicle_Defect
11488,13,Georgia,130792,0,1,1,0,1,MILLEDGEVILLE,July,29,Saturday,5,0,Rural,Low Speed (Local),No,33.15908333,-83.32932778,Non-Intersection,Dark - Not Lighted,Cloudy,Not Applicable (Not Notified),Not Applicable (Not Notified),Not Applicable,Not Applicable,Not Applicable (Not Transported),Not Applicable (Not Transported),1,Dark - Unlighted,Reduced Visibility,1,0,['Driver'],['Shoulder_Lapbelt'],0,0,Valid,0.0,0.0,34.0,34.0,['Female'],0,0,3,4,3,Dry,Curve,Grade/Hillcrest,Lowest,No
11489,13,Georgia,130793,0,3,3,0,4,CONYERS,July,29,Saturday,20,40,Urban,Low Speed (Local),No,33.69613056,-84.04125278,Non-Intersection,Dusk,Clear,8:00pm-8:59pm,40,8:00pm-8:59pm,48,9:00pm-9:59pm,5,1,Twilight,Clear,1,3,['Driver'],['None_Used'],0,0,Invalid,1.0,1.0,26.0,20.0,"['Male', 'Male', 'Male']",2,0,3,4,5,Dry,Straight,Level,Lowest,No
11490,13,Georgia,130794,0,1,1,0,1,MILAN,July,30,Sunday,1,50,Rural,Medium Speed (Collector),No,32.07869167,-83.08215556,Non-Intersection,Dark - Not Lighted,Cloudy,1:00am-1:59am,50,2:00am-2:59am,0,Not Applicable (Not Transported),Not Applicable (Not Transported),1,Dark - Unlighted,Reduced Visibility,1,0,['Driver'],['None_Used'],1,1,Valid,0.0,0.0,71.0,71.0,['Male'],0,0,2,4,3,Dry,Curve,Grade/Hillcrest,Lowest,No
11491,13,Georgia,130795,0,2,2,0,2,TOWNSEND,June,20,Tuesday,4,40,Rural,High Speed (Arterial),Yes,31.599675,-81.42205,Non-Intersection,Dark - Not Lighted,Cloudy,4:00am-4:59am,54,5:00am-5:59am,15,Not Applicable (Not Transported),Not Applicable (Not Transported),1,Dark - Unlighted,Reduced Visibility,1,1,['Driver'],['Shoulder_Lapbelt'],1,1,Valid,0.0,0.0,41.0,22.0,"['Male', 'Male']",0,0,4,4,5,Wet/Standing Water,Straight,Level,Lowest,No
11492,13,Georgia,130796,0,1,1,0,5,NEWNAN,June,23,Friday,19,5,Urban,High Speed (Arterial),Yes,33.43509722,-84.70998611,Non-Intersection,Daylight,Cloudy,7:00pm-7:59pm,8,7:00pm-7:59pm,16,7:00pm-7:59pm,56,1,Daylight,Reduced Visibility,1,4,['Rear_Seat'],['None_Used'],0,0,Valid,0.0,0.0,20.0,20.0,['Male'],5,0,2,4,2,Dry,Straight,Grade/Hillcrest,Lowest,No
11493,13,Georgia,130798,1,1,1,0,1,THOMASVILLE,June,24,Saturday,21,35,Urban,High Speed (Arterial),Yes,30.87985278,-83.93198056,Non-Intersection,Dark - Not Lighted,Clear,9:00pm-9:59pm,41,9:00pm-9:59pm,46,Not Applicable (Not Transported),Not Applicable (Not Transported),1,Dark - Unlighted,Clear,0,1,[],[],0,0,Invalid,0.0,0.0,999.0,999.0,['Other'],0,0,1,3,4,Dry,Curve,Grade/Hillcrest,Lowest,No
11494,13,Georgia,130799,0,1,1,0,3,Not Reported,June,24,Saturday,23,24,Rural,Medium Speed (Collector),No,32.30262778,-82.48756111,Non-Intersection,Dark - Not Lighted,Clear,11:00pm-11:59pm,24,11:00pm-11:59pm,35,0:00am-0:59am,8,1,Dark - Unlighted,Clear,1,2,['Driver'],['None_Used'],0,0,Invalid,1.0,0.0,26.0,26.0,['Male'],3,0,2,4,2,Dry,Curve,Grade/Hillcrest,Lowest,No
11495,13,Georgia,130800,0,1,1,0,1,SHARPSBURG,June,24,Saturday,23,55,Rural,Low Speed (Local),No,33.35303611,-84.66681667,Non-Intersection,Dark - Not Lighted,Cloudy,11:00pm-11:59pm,57,0:00am-0:59am,4,Not Applicable (Not Transported),Not Applicable (Not Transported),1,Dark - Unlighted,Reduced Visibility,1,0,['Driver'],['Shoulder_Lapbelt'],1,1,Valid,1.0,0.0,21.0,21.0,['Male'],1,0,2,4,2,Dry,Curve,Grade/Hillcrest,Lowest,No
11496,13,Georgia,130801,0,1,1,0,2,BYRON,June,25,Sunday,1,2,Rural,Low Speed (Local),No,32.61071667,-83.80829167,Non-Intersection,Dark - Not Lighted,Clear,1:00am-1:59am,2,1:00am-1:59am,13,Not Applicable (Not Transported),Not Applicable (Not Transported),1,Dark - Unlighted,Clear,1,1,['Front_Passenger'],['Shoulder_Lapbelt'],1,1,Valid,0.0,2.0,33.0,33.0,['Male'],0,0,3,4,3,Dry,Curve,Level,Lowest,No
11497,13,Georgia,130802,0,1,1,0,2,ALAPAHA,June,25,Sunday,1,17,Rural,Low Speed (Local),No,31.42826111,-83.19399167,Non-Intersection,Dark - Not Lighted,Clear,1:00am-1:59am,19,1:00am-1:59am,28,Not Applicable (Not Transported),Not Applicable (Not Transported),1,Dark - Unlighted,Clear,1,1,['Driver'],['None_Used'],1,1,Invalid,0.0,0.0,25.0,25.0,['Male'],0,0,5,4,3,Dry,Straight,Level,Lowest,Yes
11498,13,Georgia,130803,0,1,1,0,1,BOGART,June,27,Tuesday,22,10,Rural,Medium Speed (Collector),No,33.91540833,-83.5209,Non-Intersection,Dark - Not Lighted,Clear,10:00pm-10:59pm,7,10:00pm-10:59pm,11,10:00pm-10:59pm,48,1,Dark - Unlighted,Clear,1,0,['Driver'],['None_Used'],0,0,Valid,0.0,0.0,33.0,33.0,['Male'],0,0,3,4,3,Dry,Straight,Grade/Hillcrest,Lowest,No
11499,13,Georgia,130804,0,3,3,0,10,HORTENSE,June,29,Thursday,21,4,Rural,High Speed (Arterial),Yes,31.22199722,-81.85123333,Non-Intersection,Dark - Not Lighted,Clear,9:00pm-9:59pm,7,9:00pm-9:59pm,8,10:00pm-10:59pm,8,2,Dark - Unlighted,Clear,2,8,"['Driver', 'Rear_Seat']","['Shoulder_Lapbelt', 'Shoulder_Lapbelt']",0,0,Valid,0.0,1.0,76.0,20.0,"['Male', 'Male', 'Female']",5,0,3,4,5,Dry,Straight,Level,Lowest,No
11500,13,Georgia,130805,0,2,2,0,2,VALDOSTA,June,30,Friday,3,45,Urban,Medium Speed (Collector),No,30.89539722,-83.26868611,Non-Intersection,Dark - Not Lighted,Clear,3:00am-3:59am,52,4:00am-4:59am,12,4:00am-4:59am,20,1,Dark - Unlighted,Clear,1,1,['Driver'],['None_Used'],1,1,Valid,0.0,0.0,51.0,40.0,"['Female', 'Male']",0,0,3,4,5,Dry,Straight,Level,Lowest,No
11501,13,Georgia,130806,3,2,2,0,1,STOCKBRIDGE,July,22,Saturday,2,48,Urban,High Speed (Arterial),Yes,33.51966389,-84.24690556,Non-Intersection,Dark - Not Lighted,Clear,2:00am-2:59am,30,2:00am-2:59am,34,3:00am-3:59am,10,3,Dark - Unlighted,Clear,0,1,[],[],0,0,Valid,0.0,0.0,30.0,30.0,['Male'],1,0,2,4,5,Wet/Standing Water,Straight,Level,Lowest,No
11502,13,Georgia,130807,0,2,2,0,2,DAWSON,June,29,Thursday,15,57,Rural,High Speed (Arterial),Yes,31.73549444,-84.40289444,Simple Junction,Daylight,Clear,3:00pm-3:59pm,58,4:00pm-4:59pm,3,Not Applicable (Not Transported),Not Applicable (Not Transported),1,Daylight,Clear,1,1,['Driver'],['Shoulder_Lapbelt'],1,1,Valid,1.0,1.0,53.0,33.0,"['Male', 'Male']",0,0,4,4,5,Dry,Curve,Level,Lowest,No
11503,13,Georgia,130808,0,2,2,0,7,Not Reported,July,9,Sunday,14,9,Rural,High Speed (Arterial),Yes,31.81938056,-81.36028056,Non-Intersection,Daylight,Clear,2:00pm-2:59pm,10,2:00pm-2:59pm,22,3:00pm-3:59pm,35,1,Daylight,Clear,1,6,['Driver'],['None_Used'],0,0,Valid,0.0,0.0,65.0,34.0,"['Female', 'Male']",0,0,3,4,3,Dry,Straight,Level,Lowest,No
11504,13,Georgia,130809,0,2,2,0,3,Not Reported,July,23,Sunday,18,5,Urban,High Speed (Arterial),Yes,33.78400556,-84.61078889,Non-Intersection,Daylight,Clear,6:00pm-6:59pm,11,6:00pm-6:59pm,21,Not Applicable (Not Transported),Not Applicable (Not Transported),1,Daylight,Clear,1,2,['Driver'],['Shoulder_Lapbelt'],0,0,Invalid,0.0,0.0,54.0,32.0,"['Male', 'Male']",0,0,3,3,5,Dry,Straight,Grade/Hillcrest,Lowest,No
11505,13,Georgia,130810,0,1,1,0,2,DUBLIN,July,26,Wednesday,0,15,Urban,High Speed (Arterial),Yes,32.57338333,-82.92916389,Non-Intersection,Dark - Not Lighted,Clear,0:00am-0:59am,8,0:00am-0:59am,28,1:00am-1:59am,4,1,Dark - Unlighted,Clear,1,1,['Front_Passenger'],['None_Used'],1,1,Valid,0.0,0.0,56.0,56.0,['Male'],0,0,3,4,2,Dry,Straight,Level,Lowest,No
11506,13,Georgia,130811,0,2,2,0,2,Not Reported,July,26,Wednesday,23,10,Rural,Medium Speed (Collector),No,32.87652778,-85.065475,Non-Intersection,Dark - Not Lighted,Clear,11:00pm-11:59pm,15,11:00pm-11:59pm,35,Not Applicable (Not Transported),Not Applicable (Not Transported),1,Dark - Unlighted,Clear,1,1,['Driver'],['Shoulder_Lapbelt'],0,0,Valid,0.0,0.0,21.0,19.0,"['Male', 'Female']",1,0,2,4,5,Dry,Straight,Grade/Hillcrest,Lowest,No
11507,13,Georgia,130812,0,2,2,0,2,MABLETON,July,27,Thursday,15,41,Urban,Low Speed (Local),No,33.82214722,-84.57316667,Non-Intersection,Daylight,Cloudy,3:00pm-3:59pm,43,3:00pm-3:59pm,48,4:00pm-4:59pm,13,1,Daylight,Reduced Visibility,1,1,['Driver'],['Shoulder_Lapbelt'],0,0,Valid,0.0,1.0,36.0,22.0,"['Female', 'Male']",0,0,2,4,5,Dry,Curve,Grade/Hillcrest,Lowest,No
11508,13,Georgia,130813,0,1,1,0,1,JESUP,July,28,Friday,2,6,Urban,High Speed (Arterial),Yes,31.61695556,-81.87453056,Complex/Circle,Dark - Lighted,Clear,2:00am-2:59am,7,2:00am-2:59am,14,Not Applicable (Not Transported),Not Applicable (Not Transported),1,Dark - Lighted,Clear,1,0,['Driver'],['None_Used'],0,0,Valid,0.0,0.0,40.0,40.0,['Female'],0,0,2,4,2,Dry,Straight,Grade/Hillcrest,Lowest,No
11509,13,Georgia,130814,0,2,2,0,3,ATLANTA,July,28,Friday,20,44,Urban,Low Speed (Local),No,33.74549167,-84.51753333,Non-Intersection,Dusk,Clear,8:00pm-8:59pm,48,8:00pm-8:59pm,57,9:00pm-9:59pm,30,1,Twilight,Clear,1,2,['Driver'],['None_Used'],1,1,Invalid,0.0,0.0,69.0,36.0,"['Male', 'Male']",0,0,5,4,5,Dry,Straight,Level,Lowest,No
11510,13,Georgia,130815,1,1,1,0,3,Other,July,30,Sunday,1,48,Rural,Medium Speed (Collector),No,30.70506389,-83.10510556,Non-Intersection,Dark - Not Lighted,Clear,1:00am-1:59am,48,1:00am-1:59am,50,Not Applicable (Not Transported),Not Applicable (Not Transported),1,Dark - Unlighted,Clear,0,3,[],[],0,0,Valid,0.0,0.0,24.0,24.0,['Male'],0,0,2,2,4,Dry,Straight,Level,Lowest,No
11511,13,Georgia,130816,0,1,1,0,2,TAYLORSVILLE,July,30,Sunday,17,4,Rural,Low Speed (Local),No,34.10829444,-84.9544,Non-Intersection,Daylight,Clear,5:00pm-5:59pm,7,5:00pm-5:59pm,11,5:00pm-5:59pm,30,1,Daylight,Clear,1,1,['Front_Passenger'],['None_Used'],0,0,Valid,1.0,0.0,54.0,54.0,['Male'],2,0,5,3,2,Dry,Curve,Level,Lowest,No
11512,13,Georgia,130818,1,1,1,0,1,Other,July,31,Monday,0,0,Urban,Medium Speed (Collector),No,33.42866944,-84.36863333,Non-Intersection,Dark - Not Lighted,Clear,0:00am-0:59am,22,0:00am-0:59am,41,Not Applicable (Not Transported),Not Applicable (Not Transported),1,Dark - Unlighted,Clear,0,1,[],[],0,0,Invalid,0.0,0.0,998.0,998.0,['Other'],0,0,1,2,4,Dry,Curve,Grade/Hillcrest,Lowest,No
11513,13,Georgia,130819,0,2,2,0,2,ATLANTA,July,31,Monday,7,50,Urban,Medium Speed (Collector),No,33.79155278,-84.40562222,Complex/Circle,Daylight,Clear,7:00am-7:59am,50,7:00am-7:59am,56,8:00am-8:59am,5,1,Daylight,Clear,1,1,['Driver'],['None_Used'],0,0,Invalid,0.0,0.0,44.0,32.0,"['Male', 'Male']",1,0,5,4,5,Dry,Curve,Level,Lowest,No
11514,13,Georgia,130820,0,2,2,0,2,Not Reported,July,31,Monday,9,40,Rural,High Speed (Arterial),Yes,34.90046944,-83.391925,Non-Intersection,Daylight,Cloudy,9:00am-9:59am,44,9:00am-9:59am,46,Not Applicable (Not Transported),Not Applicable (Not Transported),1,Daylight,Reduced Visibility,1,1,['Driver'],['Shoulder_Lapbelt'],0,0,Valid,0.0,0.0,58.0,46.0,"['Male', 'Male']",0,0,4,4,5,Dry,Straight,Grade/Hillcrest,Lowest,No
11515,13,Georgia,130821,0,2,2,0,3,COMER,July,31,Monday,20,0,Rural,High Speed (Arterial),Yes,34.07155556,-83.10255833,Complex/Circle,Daylight,Clear,8:00pm-8:59pm,5,8:00pm-8:59pm,10,Not Applicable (Not Transported),Not Applicable (Not Transported),1,Daylight,Clear,1,2,['Driver'],['None_Used'],0,0,Valid,0.0,0.0,65.0,22.0,"['Female', 'Male']",0,0,5,4,5,Dry,Straight,Grade/Hillcrest,Lowest,No
11516,13,Georgia,130822,1,1,1,0,1,MABLETON,July,31,Monday,22,29,Urban,Medium Speed (Collector),No,33.82511111,-84.57580278,Complex/Circle,Dark - Not Lighted,Clear,10:00pm-10:59pm,32,10:00pm-10:59pm,35,Not Applicable (Not Transported),Not Applicable (Not Transported),1,Dark - Unlighted,Clear,0,1,[],[],0,0,Valid,0.0,1.0,30.0,30.0,['Male'],0,0,2,3,4,Dry,Straight,Grade/Hillcrest,Lowest,No
11517,13,Georgia,130823,1,1,1,0,1,Not Reported,August,1,Tuesday,1,49,Urban,High Speed (Arterial),No,33.63181389,-84.98601667,Non-Intersection,Dark - Not Lighted,Clear,1:00am-1:59am,43,1:00am-1:59am,52,Not Applicable (Not Transported),Not Applicable (Not Transported),1,Dark - Unlighted,Clear,0,1,[],[],0,0,Valid,0.0,0.0,61.0,61.0,['Male'],0,0,3,3,4,Dry,Straight,Level,Lowest,No
11518,13,Georgia,130824,1,1,1,0,1,GRIFFIN,August,1,Tuesday,4,8,Urban,High Speed (Arterial),Yes,33.27069444,-84.29036389,Non-Intersection,Dark - Not Lighted,Clear,4:00am-4:59am,8,4:00am-4:59am,14,5:00am-5:59am,31,1,Dark - Unlighted,Clear,0,1,[],[],0,0,Valid,0.0,0.0,68.0,68.0,['Male'],0,0,4,3,4,Dry,Straight,Level,Lowest,No
11519,13,Georgia,130825,1,1,1,0,5,Not Reported,August,1,Tuesday,7,18,Rural,Medium Speed (Collector),No,34.31899167,-82.98299444,Non-Intersection,Daylight,Clear,7:00am-7:59am,20,7:00am-7:59am,27,Not Applicable (Not Transported),Not Applicable (Not Transported),1,Daylight,Clear,0,5,[],[],0,0,Valid,0.0,0.0,31.0,31.0,['Female'],0,0,3,3,4,Dry,Straight,Grade/Hillcrest,Lowest,No
11520,13,Georgia,130826,0,2,2,0,2,Not Reported,August,1,Tuesday,9,4,Urban,High Speed (Arterial),Yes,33.95631667,-83.60692222,Complex/Circle,Daylight,Clear,9:00am-9:59am,6,9:00am-9:59am,15,Not Applicable (Not Transported),Not Applicable (Not Transported),1,Daylight,Clear,1,1,['Driver'],['Shoulder_Lapbelt'],0,0,Valid,0.0,0.0,87.0,37.0,"['Male', 'Female']",0,0,4,4,5,Dry,Straight,Level,Lowest,No
11521,13,Georgia,130827,0,3,3,0,7,ELLABELL,August,1,Tuesday,11,25,Rural,High Speed (Arterial),No,32.1732,-81.47608611,Non-Intersection,Daylight,Clear,11:00am-11:59am,17,11:00am-11:59am,34,12:00pm-12:59pm,10,1,Daylight,Clear,1,6,['Driver'],['None_Used'],0,0,Valid,0.0,2.0,72.0,25.0,"['Male', 'Male', 'Female']",0,0,3,4,5,Dry,Straight,Level,Lowest,No
11522,13,Georgia,130828,1,1,1,0,1,Not Reported,August,1,Tuesday,23,54,Urban,High Speed (Arterial),Yes,33.879275,-84.27236944,Non-Intersection,Dark - Not Lighted,Clear,0:00am-0:59am,28,0:00am-0:59am,30,Not Applicable (Not Transported),Not Applicable (Not Transported),1,Dark - Unlighted,Clear,0,1,[],[],0,0,Invalid,0.0,0.0,999.0,999.0,['Other'],0,0,1,0,4,Dry,Straight,Level,Lowest,No
11523,13,Georgia,130829,0,1,1,0,1,COLUMBUS,August,2,Wednesday,3,27,Urban,Medium Speed (Collector),No,32.47550278,-84.94698889,Non-Intersection,Dark - Lighted,Clear,3:00am-3:59am,28,3:00am-3:59am,31,3:00am-3:59am,50,1,Dark - Lighted,Clear,1,0,['Driver'],['Shoulder_Lapbelt'],0,0,Invalid,0.0,0.0,54.0,54.0,['Male'],1,0,2,4,3,Dry,Curve,Grade/Hillcrest,Lowest,No
11524,13,Georgia,130830,0,1,1,0,1,Not Reported,August,2,Wednesday,6,32,Rural,Medium Speed (Collector),No,33.68123889,-82.48701944,Non-Intersection,Dawn,Cloudy,6:00am-6:59am,32,6:00am-6:59am,50,Not Applicable (Not Transported),Not Applicable (Not Transported),1,Twilight,Reduced Visibility,1,0,['Driver'],['Shoulder_Only'],1,1,Valid,0.0,2.0,26.0,26.0,['Male'],0,0,2,4,3,Dry,Curve,Grade/Hillcrest,Lowest,No
11525,13,Georgia,130831,0,1,1,0,1,RINGGOLD,June,24,Saturday,3,15,Urban,High Speed (Arterial),Yes,34.89673611,-85.08131111,Non-Intersection,Dark - Not Lighted,Cloudy,3:00am-3:59am,21,3:00am-3:59am,33,Not Applicable (Not Transported),Not Applicable (Not Transported),1,Dark - Unlighted,Reduced Visibility,1,0,['Driver'],['Shoulder_Lapbelt'],0,0,Valid,0.0,0.0,43.0,43.0,['Female'],0,0,2,4,3,Dry,Straight,Grade/Hillcrest,Lowest,No
11526,13,Georgia,130832,0,2,2,0,2,DECATUR,August,14,Monday,13,42,Urban,Medium Speed (Collector),No,33.73978056,-84.21799722,Non-Intersection,Daylight,Cloudy,1:00pm-1:59pm,50,2:00pm-2:59pm,0,Not Applicable (Not Transported),Not Applicable (Not Transported),1,Daylight,Reduced Visibility,1,1,['Driver'],['Shoulder_Lapbelt'],0,0,Valid,0.0,1.0,49.0,27.0,"['Female', 'Male']",0,0,4,4,3,Dry,Straight,Level,Lowest,No
11527,13,Georgia,130833,1,1,1,0,2,ATLANTA,July,31,Monday,12,44,Urban,High Speed (Arterial),Yes,33.78630278,-84.39080556,Non-Intersection,Daylight,Clear,12:00pm-12:59pm,50,1:00pm-1:59pm,0,Not Applicable (Not Transported),Not Applicable (Not Transported),1,Daylight,Clear,0,2,[],[],0,0,Invalid,0.0,0.0,20.0,20.0,['Male'],0,0,3,3,4,Dry,Straight,Grade/Hillcrest,Lowest,No
11528,13,Georgia,130834,0,1,1,0,1,HIAWASSEE,August,13,Sunday,17,0,Rural,Medium Speed (Collector),No,34.80388889,-83.74293056,Non-Intersection,Daylight,Clear,4:00pm-4:59pm,59,5:00pm-5:59pm,12,Not Applicable (Not Transported),Not Applicable (Not Transported),1,Daylight,Clear,1,0,['Driver'],['Shoulder_Lapbelt'],0,0,Valid,0.0,0.0,64.0,64.0,['Male'],0,0,3,4,3,Dry,Curve,Grade/Hillcrest,Lowest,No
11529,13,Georgia,130835,1,1,1,0,1,MACON,August,12,Saturday,22,48,Urban,High Speed (Arterial),Yes,32.80989444,-83.72563333,Non-Intersection,Dark - Lighted,Cloudy,10:00pm-10:59pm,51,11:00pm-11:59pm,3,Not Applicable (Not Transported),Not Applicable (Not Transported),1,Dark - Lighted,Reduced Visibility,0,1,[],[],0,0,Valid,0.0,0.0,19.0,19.0,['Male'],0,0,2,4,4,Wet/Standing Water,Straight,Grade/Hillcrest,Lowest,No
11530,13,Georgia,130836,1,1,1,0,1,AUGUSTA,August,11,Friday,15,59,Urban,High Speed (Arterial),Yes,33.43890278,-82.00045556,Non-Intersection,Daylight,Clear,4:00pm-4:59pm,1,4:00pm-4:59pm,7,Not Applicable (Not Transported),Not Applicable (Not Transported),1,Daylight,Clear,0,1,[],[],0,0,Valid,0.0,1.0,38.0,38.0,['Male'],0,0,2,3,4,Dry,Straight,Level,Lowest,No
11531,13,Georgia,130837,0,2,2,0,2,Not Reported,August,11,Friday,9,56,Urban,High Speed (Arterial),Yes,34.23889444,-84.77679167,Non-Intersection,Daylight,Cloudy,9:00am-9:59am,52,9:00am-9:59am,58,10:00am-10:59am,30,1,Daylight,Reduced Visibility,1,1,['Driver'],['None_Used'],0,0,Valid,0.0,0.0,51.0,50.0,"['Male', 'Male']",0,0,3,4,5,Dry,Straight,Grade/Hillcrest,Lowest,No
11532,13,Georgia,130838,0,1,1,0,1,Other,August,11,Friday,6,0,Rural,Medium Speed (Collector),No,32.40649722,-84.54183056,Non-Intersection,Dark - Not Lighted,Clear,6:00am-6:59am,25,6:00am-6:59am,35,Not Applicable (Not Transported),Not Applicable (Not Transported),1,Dark - Unlighted,Clear,1,0,['Driver'],['None_Used'],0,0,Valid,0.0,2.0,46.0,46.0,['Male'],1,0,3,4,3,Dry,Straight,Grade/Hillcrest,Lowest,No
11533,13,Georgia,130839,0,1,1,0,1,AUGUSTA,August,11,Friday,5,17,Urban,High Speed (Arterial),Yes,33.43309722,-82.013525,Non-Intersection,Dark - Lighted,Clear,Unknown,Unknown if Notified,Unknown EMS Scene Arrival Hour,Unknown if Arrived,Not Applicable (Not Transported),Not Applicable (Not Transported),1,Dark - Lighted,Clear,1,0,['Driver'],['Shoulder_Lapbelt'],1,1,Invalid,2.0,0.0,32.0,32.0,['Male'],0,0,2,4,3,Dry,Curve,Level,Lowest,No
11534,13,Georgia,130840,1,2,2,0,2,Not Reported,August,9,Wednesday,23,15,Urban,High Speed (Arterial),Yes,33.61981667,-84.54517222,Complex/Circle,Dark - Not Lighted,Cloudy,11:00am-11:59am,17,11:00am-11:59am,28,Not Applicable (Not Transported),Not Applicable (Not Transported),1,Dark - Unlighted,Reduced Visibility,0,2,[],[],0,0,Valid,0.0,0.0,45.0,21.0,"['Female', 'Male']",0,0,2,4,5,Wet/Standing Water,Straight,Level,Lowest,No
11535,13,Georgia,130841,0,3,3,0,8,UNION CITY,August,8,Tuesday,23,30,Urban,High Speed (Arterial),Yes,33.61866111,-84.55975,Complex/Circle,Dark - Not Lighted,Clear,11:00pm-11:59pm,32,11:00pm-11:59pm,58,0:00am-0:59am,30,3,Dark - Unlighted,Clear,3,5,"['Driver', 'Front_Passenger', 'Rear_Seat']","['None_Used', 'None_Used', 'None_Used']",1,1,Invalid,0.0,0.0,999.0,20.0,"['Male', 'Other', 'Male']",6,0,4,4,5,Dry,Straight,Level,Lowest,No
11536,13,Georgia,130842,0,2,2,0,2,Not Reported,August,13,Sunday,6,20,Urban,High Speed (Arterial),Yes,33.93302222,-84.02843056,Non-Intersection,Dark - Not Lighted,Clear,6:00am-6:59am,23,6:00am-6:59am,26,7:00am-7:59am,10,1,Dark - Unlighted,Clear,1,1,['Driver'],['Shoulder_Lapbelt'],0,0,Valid,0.0,0.0,29.0,20.0,"['Female', 'Male']",0,0,3,4,5,Dry,Curve,Level,Lowest,No
11537,13,Georgia,130843,0,1,1,0,1,SAVANNAH,August,8,Tuesday,20,15,Urban,Medium Speed (Collector),No,32.01079722,-81.06529444,Non-Intersection,Dark - Not Lighted,Rain,8:00pm-8:59pm,17,10:00pm-10:59pm,32,Not Applicable (Not Transported),Not Applicable (Not Transported),1,Dark - Unlighted,Rain/Wind/Minor,1,0,['Driver'],['Shoulder_Lapbelt'],0,0,Valid,0.0,0.0,66.0,66.0,['Male'],0,0,3,4,1,Wet/Standing Water,Straight,Level,Lowest,No
11538,13,Georgia,130844,0,1,1,0,1,GRIFFIN,August,13,Sunday,17,0,Urban,Medium Speed (Collector),No,33.30326667,-84.24744167,Non-Intersection,Daylight,Clear,5:00pm-5:59pm,5,5:00pm-5:59pm,9,Not Applicable (Not Transported),Not Applicable (Not Transported),1,Daylight,Clear,1,0,['Driver'],['None_Used'],1,1,Valid,0.0,0.0,46.0,46.0,['Male'],1,0,2,4,3,Dry,Curve,Level,Lowest,No
11539,13,Georgia,130845,0,1,1,0,1,THOMASTON,August,14,Monday,12,55,Rural,Medium Speed (Collector),No,32.94460278,-84.39169444,Non-Intersection,Daylight,Clear,1:00pm-1:59pm,4,1:00pm-1:59pm,11,Not Applicable (Not Transported),Not Applicable (Not Transported),1,Daylight,Clear,1,0,['Driver'],['None_Used'],0,0,Valid,0.0,0.0,57.0,57.0,['Male'],0,0,3,4,3,Dry,Straight,Level,Lowest,No
11540,13,Georgia,130846,1,1,1,0,1,LAWRENCEVILLE,August,15,Tuesday,6,20,Urban,Medium Speed (Collector),No,33.93938333,-83.98151944,Non-Intersection,Dawn,Clear,6:00am-6:59am,25,6:00am-6:59am,30,Not Applicable (Not Transported),Not Applicable (Not Transported),1,Twilight,Clear,0,1,[],[],0,0,Invalid,0.0,0.0,45.0,45.0,['Male'],0,0,3,3,4,Wet/Standing Water,Straight,Level,Lowest,No
11541,13,Georgia,130847,0,2,2,0,2,LITHONIA,August,16,Wednesday,3,20,Urban,High Speed (Arterial),Yes,33.70769722,-84.204,Non-Intersection,Dark - Lighted,Clear,3:00am-3:59am,22,3:00am-3:59am,25,Not Applicable (Not Transported),Not Applicable (Not Transported),1,Dark - Lighted,Clear,1,1,['Driver'],['Shoulder_Lapbelt'],0,0,Invalid,0.0,2.0,48.0,22.0,"['Male', 'Male']",0,0,3,4,5,Dry,Straight,Level,Lowest,No
11542,13,Georgia,130848,0,3,3,0,5,Not Reported,August,8,Tuesday,16,44,Urban,Medium Speed (Collector),No,33.88009167,-83.84813056,Simple Junction,Daylight,Cloudy,4:00pm-4:59pm,45,4:00pm-4:59pm,52,Not Applicable (Not Transported),Not Applicable (Not Transported),1,Daylight,Reduced Visibility,1,4,['Driver'],['Shoulder_Lapbelt'],0,0,Valid,0.0,0.0,63.0,32.0,"['Female', 'Female', 'Female']",0,0,4,4,5,Dry,Straight,Level,Lowest,No
11543,13,Georgia,130849,0,1,1,0,1,WAVERLY,August,8,Tuesday,11,42,Rural,Medium Speed (Collector),No,31.04752778,-81.547325,Non-Intersection,Daylight,Clear,11:00am-11:59am,46,11:00am-11:59am,53,12:00pm-12:59pm,37,1,Daylight,Clear,1,0,['Driver'],['None_Used'],0,0,Valid,0.0,0.0,61.0,61.0,['Female'],0,0,3,4,3,Dry,Straight,Level,Lowest,No
11544,13,Georgia,130850,1,1,1,0,1,AUGUSTA,August,8,Tuesday,8,8,Urban,Low Speed (Local),No,33.48098611,-82.01061111,Complex/Circle,Daylight,Clear,8:00am-8:59am,8,8:00am-8:59am,20,8:00am-8:59am,40,1,Daylight,Clear,0,1,[],[],0,0,Invalid,0.0,0.0,41.0,41.0,['Male'],0,0,3,3,4,Dry,Straight,Level,Lowest,No