,State_Code,State_Name,Crash_ID,Count_Non_Motorists,Count_Vehicles_Total,Count_Vehicle_Forms,Count_PVH_Involved,Count_Occupants_MV,City_Name,Month_Name,Day_of_Month,Day_of_Week,Crash_Hour,Crash_Minute,Area_Rural_Urban,Road_Functional_Class,On_NHS_Road,Latitude,Longitude,Intersection_Type,Light_Condition,Weather_Condition,Notif_Hour,Notif_Minute,Arrival_Hour,Arrival_Minute,Hospital_Hour,Hospital_Minute,Fatalities_Count,Clean_Light_Condition,Clean_Weather_Condition,Total_Killed,Total_Alive,Fatal_Seats_List,Killed_Restraint_List,Any_Driver_Drinking,Total_Drinking_Drivers,Driver_License_Category,Driver_Max_Prev_Accident_Count,Driver_Max_Prev_Speeding_Count,Max_Driver_Age,Min_Driver_Age,Driver_Sex_List,Total_Exceeding_Limit_Vehicles,Total_Too_Fast_Vehicles,Max_Vehicle_Type_Severity_5,Max_Vehicle_Damage_Rank,Max_Harmful_Event_Severity,Crash_Road_Surface_Condition,Crash_Horizontal_Alignment,Crash_Vertical_Profile,Crash_Impairment_Category,Crash_Vehicle_Defect
11545,13,Georgia,130851,1,1,1,0,2,STOCKBRIDGE,August,7,Monday,23,30,Urban,Medium Speed (Collector),No,33.53809444,-84.24594722,Non-Intersection,Dark - Not Lighted,Clear,11:00pm-11:59pm,15,11:00pm-11:59pm,22,Not Applicable (Not Transported),Not Applicable (Not Transported),1,Dark - Unlighted,Clear,0,2,[],[],0,0,Valid,0.0,0.0,17.0,17.0,['Female'],0,0,2,4,4,Dry,Straight,Grade/Hillcrest,Lowest,No
11546,13,Georgia,130852,0,1,1,0,1,FORT GAINES,August,7,Monday,13,0,Rural,Medium Speed (Collector),No,31.65961389,-85.02436944,Non-Intersection,Daylight,Clear,1:00pm-1:59pm,1,1:00pm-1:59pm,8,Not Applicable (Not Transported),Not Applicable (Not Transported),1,Daylight,Clear,1,0,['Driver'],['Shoulder_Lapbelt'],1,1,Valid,0.0,0.0,65.0,65.0,['Male'],1,0,3,4,3,Dry,Curve,Grade/Hillcrest,Lowest,No
11547,13,Georgia,130853,0,2,2,0,4,Not Reported,August,7,Monday,9,58,Urban,High Speed (Arterial),Yes,33.71551944,-84.25281667,Non-Intersection,Daylight,Clear,9:00am-9:59am,58,10:00am-10:59am,15,10:00am-10:59am,45,1,Daylight,Clear,1,3,['Driver'],['None_Used'],0,0,Valid,1.0,0.0,42.0,20.0,"['Male', 'Female']",0,0,3,4,5,Dry,Straight,Level,Lowest,No
11548,13,Georgia,130854,1,2,2,0,1,ZEBULON,August,7,Monday,9,30,Rural,High Speed (Arterial),Yes,33.12114444,-84.33203889,Non-Intersection,Daylight,Clear,9:00am-9:59am,34,9:00am-9:59am,38,Not Applicable (Not Transported),Not Applicable (Not Transported),1,Daylight,Clear,0,1,[],[],0,0,Valid,0.0,1.0,61.0,61.0,['Female'],0,0,3,4,5,Dry,Straight,Level,Lowest,No
11549,13,Georgia,130855,1,1,1,0,1,MARIETTA,August,7,Monday,6,30,Urban,Medium Speed (Collector),No,34.06879444,-84.50268611,Simple Junction,Dawn,Clear,6:00am-6:59am,32,6:00am-6:59am,39,Not Applicable (Not Transported),Not Applicable (Not Transported),1,Twilight,Clear,0,1,[],[],0,0,Valid,0.0,0.0,31.0,31.0,['Male'],0,0,2,3,4,Dry,Straight,Level,Lowest,No
11550,13,Georgia,130856,0,2,2,0,4,Not Reported,August,6,Sunday,19,36,Rural,High Speed (Arterial),Yes,32.65366389,-84.25475278,Complex/Circle,Daylight,Rain,7:00pm-7:59pm,38,7:00pm-7:59pm,45,8:00pm-8:59pm,15,1,Daylight,Rain/Wind/Minor,1,3,['Driver'],['None_Used'],0,0,Invalid,0.0,0.0,57.0,21.0,"['Male', 'Male']",0,0,4,4,5,Wet/Standing Water,Straight,Level,Lowest,No
11551,13,Georgia,130858,0,2,2,0,3,Not Reported,August,6,Sunday,11,0,Urban,Medium Speed (Collector),No,33.67133056,-84.27865833,Non-Intersection,Daylight,Clear,11:00am-11:59am,0,11:00am-11:59am,20,11:00am-11:59am,45,1,Daylight,Clear,1,2,['Driver'],['Shoulder_Lapbelt'],0,0,Valid,0.0,0.0,75.0,49.0,"['Female', 'Female']",0,0,3,4,5,Dry,Straight,Grade/Hillcrest,Lowest,No
11552,13,Georgia,130859,0,2,2,0,2,Not Reported,August,6,Sunday,10,0,Rural,Medium Speed (Collector),No,32.85490278,-84.9429,Complex/Circle,Daylight,Clear,10:00am-10:59am,22,10:00am-10:59am,41,11:00am-11:59am,38,1,Daylight,Clear,1,1,['Driver'],['Shoulder_Lapbelt'],0,0,Valid,0.0,0.0,81.0,24.0,"['Male', 'Female']",0,0,3,4,5,Dry,Straight,Level,Lowest,No
11553,13,Georgia,130860,3,1,1,0,1,Not Reported,August,5,Saturday,21,7,Urban,Medium Speed (Collector),No,33.89516944,-84.21261111,Complex/Circle,Dark - Not Lighted,Clear,9:00pm-9:59pm,8,9:00pm-9:59pm,13,10:00pm-10:59pm,10,1,Dark - Unlighted,Clear,0,1,[],[],0,0,Valid,0.0,0.0,53.0,53.0,['Male'],0,0,2,3,4,Dry,Straight,Level,Lowest,No
11554,13,Georgia,130861,0,1,1,0,1,GRAY,August,5,Saturday,18,45,Rural,Low Speed (Local),No,33.10668889,-83.66509167,Non-Intersection,Daylight,Clear,6:00pm-6:59pm,53,7:00pm-7:59pm,10,Not Applicable (Not Transported),Not Applicable (Not Transported),1,Daylight,Clear,1,0,['Driver'],['Shoulder_Lapbelt'],0,0,Invalid,0.0,0.0,39.0,39.0,['Male'],0,0,3,4,3,Dry,Curve,Grade/Hillcrest,Lowest,No
11555,13,Georgia,130862,0,2,2,0,4,Not Reported,August,5,Saturday,17,24,Rural,High Speed (Arterial),Yes,34.46589167,-85.33098333,Simple Junction,Daylight,Clear,5:00pm-5:59pm,25,5:00pm-5:59pm,28,6:00pm-6:59pm,4,1,Daylight,Clear,1,3,['Driver'],['Shoulder_Lapbelt'],0,0,Valid,0.0,1.0,61.0,26.0,"['Female', 'Male']",0,0,3,4,5,Dry,Straight,Grade/Hillcrest,Lowest,No
11556,13,Georgia,130863,0,1,1,0,1,MOUNT AIRY,August,5,Saturday,17,4,Rural,Low Speed (Local),No,34.51453889,-83.49408889,Non-Intersection,Daylight,Clear,5:00pm-5:59pm,4,5:00pm-5:59pm,13,Not Applicable (Not Transported),Not Applicable (Not Transported),1,Daylight,Clear,1,0,['Driver'],['None_Used'],1,1,Valid,1.0,1.0,52.0,52.0,['Male'],0,0,2,4,3,Dry,Curve,Grade/Hillcrest,Lowest,No
11557,13,Georgia,130864,0,1,1,0,1,COVINGTON,August,5,Saturday,16,36,Urban,Low Speed (Local),No,33.58713333,-83.91204167,Non-Intersection,Daylight,Clear,4:00pm-4:59pm,36,4:00pm-4:59pm,41,Not Applicable (Not Transported),Not Applicable (Not Transported),1,Daylight,Clear,1,0,['Driver'],['None_Used'],0,0,Valid,0.0,0.0,49.0,49.0,['Male'],1,0,5,4,3,Dry,Curve,Level,Lowest,No
11558,13,Georgia,130865,0,3,3,0,4,Not Reported,August,5,Saturday,16,23,Urban,High Speed (Arterial),Yes,33.70895278,-84.09270556,Non-Intersection,Daylight,Clear,4:00pm-4:59pm,23,4:00pm-4:59pm,30,5:00pm-5:59pm,0,1,Daylight,Clear,1,3,['Driver'],['None_Used'],1,1,Valid,0.0,0.0,57.0,42.0,"['Male', 'Female', 'Male']",0,0,3,4,5,Dry,Straight,Level,Lowest,No
11559,13,Georgia,130866,0,2,2,0,4,Not Reported,August,5,Saturday,14,55,Rural,Medium Speed (Collector),No,32.43373611,-83.30463611,Complex/Circle,Daylight,Cloudy,2:00pm-2:59pm,55,3:00pm-3:59pm,10,3:00pm-3:59pm,55,1,Daylight,Reduced Visibility,1,3,['Driver'],['None_Used'],0,0,Invalid,0.0,2.0,29.0,24.0,"['Female', 'Male']",0,0,3,4,5,Dry,Straight,Level,Lowest,No
11560,13,Georgia,130867,0,2,2,0,2,WARNER ROBINS,April,25,Tuesday,13,52,Urban,Medium Speed (Collector),No,32.57848611,-83.70045833,Complex/Circle,Daylight,Clear,1:00pm-1:59pm,53,2:00pm-2:59pm,8,2:00pm-2:59pm,52,1,Daylight,Clear,1,1,['Driver'],['Shoulder_Lapbelt'],0,0,Valid,0.0,2.0,83.0,47.0,"['Male', 'Male']",0,0,3,4,5,Dry,Straight,Level,Lowest,No
11561,13,Georgia,130868,0,2,2,0,3,WARNER ROBINS,April,28,Friday,15,18,Urban,High Speed (Arterial),Yes,32.59366389,-83.61366389,Complex/Circle,Daylight,Clear,3:00pm-3:59pm,24,3:00pm-3:59pm,32,4:00pm-4:59pm,14,1,Daylight,Clear,1,2,['Driver'],['None_Used'],0,0,Valid,0.0,0.0,90.0,41.0,"['Female', 'Female']",0,0,3,4,5,Dry,Straight,Grade/Hillcrest,Lowest,No
11562,13,Georgia,130870,0,2,2,0,2,CONYERS,August,2,Wednesday,10,14,Urban,High Speed (Arterial),Yes,33.66793333,-83.98574167,Simple Junction,Daylight,Clear,10:00am-10:59am,16,10:00am-10:59am,26,Not Applicable (Not Transported),Not Applicable (Not Transported),1,Daylight,Clear,1,1,['Driver'],['Shoulder_Lapbelt'],0,0,Valid,1.0,0.0,43.0,20.0,"['Female', 'Male']",0,0,4,4,5,Dry,Straight,Grade/Hillcrest,Lowest,No
11563,13,Georgia,130871,0,2,2,0,2,COVINGTON,August,2,Wednesday,16,54,Urban,Medium Speed (Collector),No,33.56598889,-83.93883611,Simple Junction,Daylight,Clear,4:00pm-4:59pm,53,4:00pm-4:59pm,59,Not Applicable (Not Transported),Not Applicable (Not Transported),1,Daylight,Clear,1,1,['Driver'],['None_Used'],0,0,Valid,1.0,0.0,71.0,31.0,"['Female', 'Male']",0,0,5,4,5,Dry,Straight,Level,Lowest,No
11564,13,Georgia,130872,0,3,3,0,3,Not Reported,August,2,Wednesday,18,35,Urban,High Speed (Arterial),Yes,33.49641667,-83.95171667,Non-Intersection,Daylight,Clear,6:00pm-6:59pm,35,6:00pm-6:59pm,43,Not Applicable (Not Transported),Not Applicable (Not Transported),1,Daylight,Clear,1,2,['Driver'],['None_Used'],0,0,Valid,0.0,1.0,68.0,18.0,"['Male', 'Male', 'Female']",0,0,5,4,5,Dry,Straight,Grade/Hillcrest,Lowest,No
11565,13,Georgia,130873,0,1,1,0,1,Not Reported,August,2,Wednesday,23,17,Urban,Medium Speed (Collector),No,33.71428611,-84.27264722,Complex/Circle,Dark - Lighted,Clear,11:00pm-11:59pm,19,11:00pm-11:59pm,21,Not Applicable (Not Transported),Not Applicable (Not Transported),1,Dark - Lighted,Clear,1,0,['Driver'],['None_Used'],0,0,Valid,0.0,0.0,22.0,22.0,['Male'],0,0,5,4,1,Dry,Straight,Level,Lowest,No
11566,13,Georgia,130874,0,1,1,0,1,Other,August,3,Thursday,3,2,Rural,High Speed (Arterial),Yes,30.70547778,-84.14486111,Non-Intersection,Dark - Not Lighted,Clear,3:00am-3:59am,32,3:00am-3:59am,50,Not Applicable (Not Transported),Not Applicable (Not Transported),1,Dark - Unlighted,Clear,1,0,['Driver'],['None_Used'],0,0,Valid,0.0,2.0,34.0,34.0,['Female'],0,0,3,4,3,Dry,Straight,Grade/Hillcrest,Lowest,Yes
11567,13,Georgia,130875,0,1,1,0,4,LITHONIA,August,3,Thursday,17,18,Urban,Medium Speed (Collector),No,33.70858611,-84.12938889,Non-Intersection,Daylight,Rain,5:00pm-5:59pm,18,5:00pm-5:59pm,30,6:00pm-6:59pm,30,1,Daylight,Rain/Wind/Minor,1,3,['Front_Passenger'],['Child_Safety'],0,0,Valid,1.0,0.0,33.0,33.0,['Female'],4,0,2,4,3,Wet/Standing Water,Straight,Level,Lowest,No
11568,13,Georgia,130876,0,2,2,0,5,Not Reported,August,3,Thursday,18,12,Rural,High Speed (Arterial),Yes,33.15743333,-82.45629444,Complex/Circle,Daylight,Cloudy,6:00pm-6:59pm,6,6:00pm-6:59pm,16,6:00pm-6:59pm,59,1,Daylight,Reduced Visibility,1,4,['Driver'],['None_Used'],0,0,Valid,0.0,4.0,35.0,24.0,"['Male', 'Male']",0,0,3,4,5,Dry,Straight,Level,Lowest,No
11569,13,Georgia,130877,0,1,1,0,1,Not Reported,August,4,Friday,7,40,Urban,Medium Speed (Collector),No,32.91881944,-84.24912778,Non-Intersection,Daylight,Rain,7:00am-7:59am,45,7:00am-7:59am,46,Not Applicable (Not Transported),Not Applicable (Not Transported),1,Daylight,Rain/Wind/Minor,1,0,['Driver'],['Shoulder_Lapbelt'],0,0,Valid,0.0,0.0,17.0,17.0,['Female'],0,0,2,4,3,Wet/Standing Water,Straight,Level,Lowest,No
11570,13,Georgia,130878,0,3,3,0,4,CANTON,August,4,Friday,14,11,Urban,Medium Speed (Collector),No,34.22152222,-84.46859444,Simple Junction,Daylight,Clear,2:00pm-2:59pm,12,2:00pm-2:59pm,32,2:00pm-2:59pm,51,1,Daylight,Clear,1,3,['Driver'],['None_Used'],0,0,Valid,0.0,0.0,32.0,18.0,"['Male', 'Male', 'Male']",0,0,3,4,5,Dry,Curve,Level,Lowest,No
11571,13,Georgia,130879,1,1,1,0,2,AUGUSTA,August,4,Friday,16,31,Urban,Medium Speed (Collector),No,33.48133056,-81.99794444,Complex/Circle,Daylight,Clear,4:00pm-4:59pm,33,4:00pm-4:59pm,35,5:00pm-5:59pm,10,1,Daylight,Clear,0,2,[],[],0,0,Valid,0.0,0.0,69.0,69.0,['Female'],0,0,3,2,4,Dry,Straight,Level,Lowest,No
11572,13,Georgia,130880,0,1,1,0,1,Not Reported,August,4,Friday,19,18,Urban,High Speed (Arterial),Yes,33.68420833,-84.66222222,Non-Intersection,Daylight,Clear,6:00am-6:59am,20,6:00am-6:59am,26,Not Applicable (Not Transported),Not Applicable (Not Transported),1,Daylight,Clear,1,0,['Driver'],['None_Used'],0,0,Invalid,0.0,0.0,37.0,37.0,['Male'],0,0,5,4,3,Dry,Straight,Grade/Hillcrest,Lowest,No
11573,13,Georgia,130881,0,2,2,0,3,Not Reported,August,4,Friday,22,5,Urban,Medium Speed (Collector),No,33.30408056,-83.95799444,Non-Intersection,Dark - Lighted,Cloudy,10:00pm-10:59pm,13,10:00pm-10:59pm,29,11:00pm-11:59pm,15,1,Dark - Lighted,Reduced Visibility,1,2,['Driver'],['None_Used'],0,0,Valid,0.0,0.0,43.0,24.0,"['Female', 'Male']",1,0,5,4,5,Wet/Standing Water,Straight,Level,Lowest,No
11574,13,Georgia,130882,0,2,2,0,2,ROSWELL,August,5,Saturday,2,11,Urban,High Speed (Arterial),Yes,34.02063333,-84.31955833,Complex/Circle,Dark - Lighted,Cloudy,2:00am-2:59am,14,2:00am-2:59am,23,2:00am-2:59am,49,1,Dark - Lighted,Reduced Visibility,1,1,['Driver'],['None_Used'],1,1,Valid,0.0,0.0,23.0,21.0,"['Male', 'Male']",1,0,2,4,5,Wet/Standing Water,Straight,Level,Lowest,No
11575,13,Georgia,130883,0,1,1,0,1,ATLANTA,August,5,Saturday,4,39,Urban,High Speed (Arterial),Yes,33.79848889,-84.39271944,Non-Intersection,Dark - Lighted,Clear,4:00am-4:59am,43,4:00am-4:59am,50,4:00am-4:59am,57,1,Dark - Lighted,Clear,1,0,['Driver'],['None_Used'],0,0,Invalid,0.0,0.0,27.0,27.0,['Male'],0,0,3,4,2,Dry,Curve,Level,Medium,No
11576,13,Georgia,130884,0,1,1,0,3,Not Reported,August,14,Monday,11,10,Rural,Medium Speed (Collector),No,32.78633889,-83.49910278,Non-Intersection,Daylight,Clear,11:00am-11:59am,17,11:00am-11:59am,48,12:00pm-12:59pm,20,2,Daylight,Clear,2,1,"['Driver', 'Front_Passenger']","['Shoulder_Lapbelt', 'Shoulder_Lapbelt']",0,0,Valid,0.0,0.0,64.0,64.0,['Female'],0,0,1,4,3,Dry,Straight,Level,Lowest,No
11577,13,Georgia,130885,0,2,2,0,2,GREENSBORO,August,15,Tuesday,15,48,Urban,High Speed (Arterial),Yes,33.54785278,-83.16870833,Non-Intersection,Daylight,Rain,4:00pm-4:59pm,12,4:00pm-4:59pm,19,5:00pm-5:59pm,4,1,Daylight,Rain/Wind/Minor,1,1,['Driver'],['Shoulder_Lapbelt'],0,0,Valid,1.0,2.0,62.0,37.0,"['Male', 'Male']",0,0,4,4,5,Wet/Standing Water,Straight,Level,Lowest,No
11578,13,Georgia,130886,0,2,2,0,3,ATLANTA,August,15,Tuesday,20,59,Urban,Medium Speed (Collector),No,33.751425,-84.39098056,Complex/Circle,Dark - Not Lighted,Clear,8:00pm-8:59pm,59,9:00pm-9:59pm,7,Not Applicable (Not Transported),Not Applicable (Not Transported),1,Dark - Unlighted,Clear,1,2,['Driver'],['None_Used'],0,0,Valid,1.0,0.0,61.0,28.0,"['Male', 'Male']",0,0,5,4,5,Dry,Straight,Grade/Hillcrest,Lowest,No
11579,13,Georgia,130887,0,3,3,0,4,Not Reported,August,17,Thursday,7,33,Urban,High Speed (Arterial),Yes,34.40412778,-84.91931389,Non-Intersection,Daylight,Clear,7:00am-7:59am,34,7:00am-7:59am,45,8:00am-8:59am,14,2,Daylight,Clear,2,2,"['Driver', 'Front_Passenger']","['Shoulder_Lapbelt', 'Shoulder_Lapbelt']",1,1,Valid,3.0,2.0,54.0,21.0,"['Male', 'Male', 'Male']",0,0,4,4,5,Dry,Straight,Level,Lowest,No
11580,13,Georgia,130888,0,2,2,0,2,Not Reported,August,17,Thursday,15,35,Rural,Medium Speed (Collector),No,34.10515833,-85.36122222,Non-Intersection,Daylight,Clear,3:00pm-3:59pm,35,3:00pm-3:59pm,37,4:00pm-4:59pm,20,1,Daylight,Clear,1,1,['Driver'],['Shoulder_Lapbelt'],0,0,Invalid,0.0,0.0,47.0,21.0,"['Male', 'Male']",0,0,4,4,5,Dry,Curve,Level,Lowest,No
11581,13,Georgia,130889,1,1,1,0,1,Not Reported,August,19,Saturday,5,15,Urban,Medium Speed (Collector),No,31.66429722,-81.86277222,Non-Intersection,Dark - Not Lighted,Clear,5:00am-5:59am,15,5:00am-5:59am,24,5:00am-5:59am,50,1,Dark - Unlighted,Clear,0,1,[],[],0,0,Valid,0.0,0.0,62.0,62.0,['Male'],0,0,2,4,4,Dry,Straight,Level,Lowest,No
11582,13,Georgia,130890,0,1,1,0,1,FORT OGLETHORPE,August,19,Saturday,6,44,Urban,Medium Speed (Collector),No,34.95166111,-85.27308889,Non-Intersection,Dawn,Clear,6:00am-6:59am,43,6:00am-6:59am,54,Not Applicable (Not Transported),Not Applicable (Not Transported),1,Twilight,Clear,1,0,['Driver'],['None_Used'],0,0,Valid,0.0,0.0,19.0,19.0,['Female'],0,0,2,4,3,Dry,Curve,Grade/Hillcrest,Lowest,No
11583,13,Georgia,130891,0,2,2,0,2,REDAN,June,12,Monday,22,18,Urban,Medium Speed (Collector),No,33.73082778,-84.19376944,Non-Intersection,Dark - Not Lighted,Clear,10:00am-10:59am,18,10:00am-10:59am,20,11:00am-11:59am,45,1,Dark - Unlighted,Clear,1,1,['Driver'],['Shoulder_Lapbelt'],0,0,Valid,3.0,0.0,68.0,29.0,"['Male', 'Male']",0,0,3,4,5,Dry,Straight,Non-Trafficway,Lowest,No
11584,13,Georgia,130893,0,2,2,0,2,MACON,August,18,Friday,17,7,Urban,Low Speed (Local),No,32.80858333,-83.67139444,Complex/Circle,Daylight,Clear,5:00pm-5:59pm,7,5:00pm-5:59pm,7,5:00pm-5:59pm,30,1,Daylight,Clear,1,1,['Driver'],['None_Used'],0,0,Valid,0.0,0.0,70.0,37.0,"['Female', 'Male']",0,0,5,4,5,Dry,Straight,Level,Lowest,No
11585,13,Georgia,130894,0,2,2,0,2,Not Reported,August,19,Saturday,0,30,Urban,High Speed (Arterial),Yes,34.22084444,-84.88038333,Non-Intersection,Dark - Not Lighted,Clear,0:00am-0:59am,35,0:00am-0:59am,35,Not Applicable (Not Transported),Not Applicable (Not Transported),1,Dark - Unlighted,Clear,1,1,['Driver'],['None_Used'],0,0,Valid,0.0,0.0,58.0,57.0,"['Male', 'Male']",0,0,5,4,5,Dry,Straight,Non-Trafficway,Lowest,No
11586,13,Georgia,130895,0,1,1,0,3,DAWSON,August,20,Sunday,0,38,Rural,Low Speed (Local),No,31.71907778,-84.44497222,Non-Intersection,Dark - Not Lighted,Clear,0:00am-0:59am,36,0:00am-0:59am,59,1:00am-1:59am,40,1,Dark - Unlighted,Clear,1,2,['Driver'],['None_Used'],1,1,Valid,0.0,0.0,16.0,16.0,['Male'],0,0,3,4,3,Dry,Straight,Level,Lowest,No
11587,13,Georgia,130896,0,1,1,0,1,Not Reported,August,20,Sunday,18,46,Rural,Medium Speed (Collector),No,30.91110556,-83.38374722,Non-Intersection,Daylight,Clear,6:00pm-6:59pm,49,7:00pm-7:59pm,1,7:00pm-7:59pm,13,1,Daylight,Clear,1,0,['Driver'],['None_Used'],0,0,Valid,0.0,0.0,55.0,55.0,['Male'],0,0,3,4,3,Dry,Straight,Grade/Hillcrest,Lowest,No
11588,13,Georgia,130897,0,3,3,0,3,MILNER,May,22,Monday,7,4,Rural,Medium Speed (Collector),No,33.16684444,-84.09641667,Non-Intersection,Daylight,Rain,7:00am-7:59am,57,8:00am-8:59am,4,8:00am-8:59am,34,1,Daylight,Rain/Wind/Minor,1,2,['Driver'],['Shoulder_Lapbelt'],0,0,Valid,0.0,0.0,62.0,39.0,"['Male', 'Male', 'Female']",0,0,3,4,5,Wet/Standing Water,Straight,Level,Lowest,No
11589,13,Georgia,130898,0,3,3,0,4,MORELAND,May,28,Sunday,23,48,Urban,High Speed (Arterial),Yes,33.24959722,-84.8064,Non-Intersection,Dark - Not Lighted,Cloudy,11:00pm-11:59pm,53,0:00am-0:59am,16,Not Applicable (Not Transported),Not Applicable (Not Transported),1,Dark - Unlighted,Reduced Visibility,1,3,['Driver'],['None_Used'],0,0,Invalid,0.0,0.0,58.0,31.0,"['Male', 'Female', 'Male']",0,0,5,4,5,Dry,Straight,Level,Lowest,No
11590,13,Georgia,130899,0,1,1,0,1,Not Reported,June,5,Monday,7,52,Urban,High Speed (Arterial),Yes,33.4632,-84.67310278,Non-Intersection,Daylight,Clear,7:00am-7:59am,55,8:00am-8:59am,6,Not Applicable (Not Transported),Not Applicable (Not Transported),1,Daylight,Clear,1,0,['Driver'],['None_Used'],1,1,Valid,0.0,0.0,48.0,48.0,['Male'],1,0,2,4,3,Dry,Straight,Level,Lowest,No
11591,13,Georgia,130900,0,1,1,0,3,Not Reported,July,2,Sunday,12,26,Urban,High Speed (Arterial),Yes,33.65910278,-85.14462778,Non-Intersection,Daylight,Clear,12:00pm-12:59pm,33,12:00pm-12:59pm,41,1:00pm-1:59pm,25,1,Daylight,Clear,1,2,['Rear_Seat'],['None_Used'],0,0,Valid,0.0,1.0,32.0,32.0,['Male'],3,0,2,4,3,Dry,Straight,Level,Lowest,No
11592,13,Georgia,130901,0,1,1,0,1,ELLIJAY,July,3,Monday,16,31,Rural,Low Speed (Local),No,34.65903889,-84.55748889,Non-Intersection,Daylight,Cloudy,4:00pm-4:59pm,35,4:00pm-4:59pm,49,Not Applicable (Not Transported),Not Applicable (Not Transported),1,Daylight,Reduced Visibility,1,0,['Driver'],['None_Used'],0,0,Valid,0.0,0.0,45.0,45.0,['Female'],0,0,5,2,3,Dry,Curve,Grade/Hillcrest,Lowest,No
11593,13,Georgia,130902,0,2,2,0,2,Not Reported,July,6,Thursday,12,0,Rural,High Speed (Arterial),Yes,34.88891389,-84.22351944,Complex/Circle,Daylight,Clear,12:00pm-12:59pm,0,12:00pm-12:59pm,8,12:00pm-12:59pm,40,1,Daylight,Clear,1,1,['Driver'],['None_Used'],0,0,Valid,0.0,0.0,79.0,57.0,"['Male', 'Female']",0,0,3,4,5,Dry,Straight,Level,Lowest,No
11594,13,Georgia,130903,0,1,1,0,1,Not Reported,July,7,Friday,0,21,Rural,Medium Speed (Collector),No,34.31967778,-83.40967778,Non-Intersection,Dark - Not Lighted,Cloudy,0:00am-0:59am,22,0:00am-0:59am,32,Not Applicable (Not Transported),Not Applicable (Not Transported),1,Dark - Unlighted,Reduced Visibility,1,0,['Driver'],['None_Used'],1,1,Valid,0.0,0.0,42.0,42.0,['Female'],0,0,3,4,3,Dry,Curve,Grade/Hillcrest,Lowest,No
11595,13,Georgia,130904,0,1,1,0,1,Not Reported,July,7,Friday,21,27,Urban,Low Speed (Local),No,30.834775,-81.56458333,Non-Intersection,Dark - Lighted,Clear,9:00pm-9:59pm,45,9:00pm-9:59pm,48,10:00pm-10:59pm,37,1,Dark - Lighted,Clear,1,0,['Driver'],['None_Used'],1,1,Invalid,0.0,0.0,13.0,13.0,['Male'],0,0,3,4,3,Dry,Straight,Level,Lowest,No
11596,13,Georgia,130905,0,1,1,0,1,Not Reported,July,8,Saturday,0,31,Rural,Medium Speed (Collector),No,31.74985833,-82.48953056,Non-Intersection,Dark - Not Lighted,Cloudy,0:00am-0:59am,39,0:00am-0:59am,50,Not Applicable (Not Transported),Not Applicable (Not Transported),1,Dark - Unlighted,Reduced Visibility,1,0,['Driver'],['None_Used'],1,1,Valid,1.0,0.0,23.0,23.0,['Male'],0,0,3,4,3,Wet/Standing Water,Curve,Level,Lowest,No
11597,13,Georgia,130906,2,1,1,0,1,Not Reported,July,8,Saturday,15,40,Rural,Low Speed (Local),No,34.95861111,-84.42521944,Non-Intersection,Daylight,Clear,3:00pm-3:59pm,40,3:00pm-3:59pm,50,4:00pm-4:59pm,37,1,Daylight,Clear,0,1,[],[],1,1,Valid,0.0,0.0,23.0,23.0,['Male'],0,0,3,4,4,Dry,Curve,Grade/Hillcrest,Lowest,No
11598,13,Georgia,130907,0,2,2,0,2,Not Reported,July,8,Saturday,16,0,Urban,High Speed (Arterial),Yes,33.54900556,-84.25361111,Simple Junction,Daylight,Clear,4:00pm-4:59pm,12,4:00pm-4:59pm,27,4:00pm-4:59pm,30,1,Daylight,Clear,1,1,['Driver'],['None_Used'],0,0,Valid,1.0,0.0,30.0,20.0,"['Female', 'Male']",0,0,5,4,5,Dry,Straight,Level,Lowest,No
11599,13,Georgia,130908,1,1,1,0,1,Not Reported,July,9,Sunday,12,36,Rural,Medium Speed (Collector),No,34.79278056,-84.88906944,Non-Intersection,Daylight,Cloudy,12:00pm-12:59pm,37,12:00pm-12:59pm,44,Not Applicable (Not Transported),Not Applicable (Not Transported),1,Daylight,Reduced Visibility,0,1,[],[],0,0,Valid,0.0,3.0,22.0,22.0,['Male'],0,0,1,3,4,Dry,Straight,Grade/Hillcrest,Lowest,No
11600,13,Georgia,130909,0,1,1,0,2,Not Reported,July,9,Sunday,13,25,Rural,Medium Speed (Collector),No,31.72208611,-83.55118611,Non-Intersection,Daylight,Cloudy,1:00pm-1:59pm,25,1:00pm-1:59pm,32,2:00pm-2:59pm,49,1,Daylight,Reduced Visibility,1,1,['Driver'],['None_Used'],0,0,Valid,0.0,2.0,80.0,80.0,['Male'],2,0,2,4,3,Dry,Straight,Grade/Hillcrest,Lowest,No
11601,13,Georgia,130910,0,2,2,0,3,THOMSON,January,20,Friday,4,15,Urban,High Speed (Arterial),Yes,33.51258333,-82.49069722,Non-Intersection,Dark - Not Lighted,Clear,4:00am-4:59am,15,4:00am-4:59am,25,4:00am-4:59am,48,1,Dark - Unlighted,Clear,1,2,['Front_Passenger'],['Shoulder_Lapbelt'],1,1,Invalid,0.0,0.0,26.0,23.0,"['Male', 'Male']",0,0,4,4,5,Dry,Straight,Level,Lowest,No
11602,13,Georgia,130911,1,1,1,0,1,KINGSLAND,July,11,Tuesday,9,18,Urban,Medium Speed (Collector),No,30.802825,-81.69076944,Non-Intersection,Daylight,Clear,9:00am-9:59am,18,9:00am-9:59am,21,9:00am-9:59am,34,1,Daylight,Clear,0,1,[],[],0,0,Valid,0.0,0.0,62.0,62.0,['Male'],0,0,3,3,4,Dry,Straight,Level,Lowest,No
11603,13,Georgia,130912,0,1,1,0,1,RHINE,July,11,Tuesday,22,42,Rural,Low Speed (Local),No,32.02053611,-83.21706667,Non-Intersection,Dark - Not Lighted,Clear,10:00pm-10:59pm,43,10:00pm-10:59pm,45,Not Applicable (Not Transported),Not Applicable (Not Transported),1,Dark - Unlighted,Clear,1,0,['Driver'],['None_Used'],1,1,Valid,0.0,0.0,64.0,64.0,['Male'],0,0,1,4,3,Dry,Straight,Level,Lowest,No