,State_Code,State_Name,Crash_ID,Count_Non_Motorists,Count_Vehicles_Total,Count_Vehicle_Forms,Count_PVH_Involved,Count_Occupants_MV,City_Name,Month_Name,Day_of_Month,Day_of_Week,Crash_Hour,Crash_Minute,Area_Rural_Urban,Road_Functional_Class,On_NHS_Road,Latitude,Longitude,Intersection_Type,Light_Condition,Weather_Condition,Notif_Hour,Notif_Minute,Arrival_Hour,Arrival_Minute,Hospital_Hour,Hospital_Minute,Fatalities_Count,Clean_Light_Condition,Clean_Weather_Condition,Total_Killed,Total_Alive,Fatal_Seats_List,Killed_Restraint_List,Any_Driver_Drinking,Total_Drinking_Drivers,Driver_License_Category,Driver_Max_Prev_Accident_Count,Driver_Max_Prev_Speeding_Count,Max_Driver_Age,Min_Driver_Age,Driver_Sex_List,Total_Exceeding_Limit_Vehicles,Total_Too_Fast_Vehicles,Max_Vehicle_Type_Severity_5,Max_Vehicle_Damage_Rank,Max_Harmful_Event_Severity,Crash_Road_Surface_Condition,Crash_Horizontal_Alignment,Crash_Vertical_Profile,Crash_Impairment_Category,Crash_Vehicle_Defect
11604,13,Georgia,130913,0,2,2,0,3,GRIFFIN,July,12,Wednesday,7,27,Urban,Low Speed (Local),No,33.20541111,-84.21985,Non-Intersection,Daylight,Clear,7:00am-7:59am,28,7:00am-7:59am,42,Not Applicable (Not Transported),Not Applicable (Not Transported),1,Daylight,Clear,1,2,['Driver'],['Shoulder_Lapbelt'],0,0,Valid,1.0,1.0,45.0,37.0,"['Male', 'Female']",0,0,3,4,5,Dry,Curve,Grade/Hillcrest,Lowest,No
11605,13,Georgia,130914,0,1,1,0,1,OGLETHORPE,July,15,Saturday,1,30,Rural,Medium Speed (Collector),No,32.40693333,-84.06493889,Non-Intersection,Dark - Not Lighted,Clear,6:00am-6:59am,34,6:00am-6:59am,48,Not Applicable (Not Transported),Not Applicable (Not Transported),1,Dark - Unlighted,Clear,1,0,['Driver'],['None_Used'],1,1,Valid,0.0,0.0,37.0,37.0,['Male'],0,0,3,4,3,Dry,Straight,Level,Lowest,No
11606,13,Georgia,130915,0,2,2,0,2,DECATUR,July,18,Tuesday,7,31,Urban,Medium Speed (Collector),No,33.70582778,-84.28982222,Simple Junction,Daylight,Clear,7:00am-7:59am,39,7:00am-7:59am,45,Not Applicable (Not Transported),Not Applicable (Not Transported),1,Daylight,Clear,1,1,['Driver'],['Shoulder_Lapbelt'],0,0,Valid,0.0,0.0,69.0,27.0,"['Male', 'Male']",0,0,2,4,5,Dry,Straight,Level,Lowest,No
11607,13,Georgia,130916,1,1,1,0,1,BOWDON,July,18,Tuesday,23,16,Rural,Medium Speed (Collector),No,33.52176389,-85.25841389,Non-Intersection,Dark - Not Lighted,Clear,11:00pm-11:59pm,23,11:00pm-11:59pm,35,Not Applicable (Not Transported),Not Applicable (Not Transported),1,Dark - Unlighted,Clear,0,1,[],[],0,0,Valid,0.0,0.0,59.0,59.0,['Male'],0,0,2,3,4,Dry,Straight,Grade/Hillcrest,Lowest,No
11608,13,Georgia,130917,0,7,7,0,8,BYRON,July,15,Saturday,22,0,Urban,High Speed (Arterial),Yes,32.65449167,-83.74398611,Non-Intersection,Dark - Not Lighted,Clear,10:00pm-10:59pm,9,10:00pm-10:59pm,15,10:00pm-10:59pm,42,1,Dark - Unlighted,Clear,1,7,['Driver'],['Shoulder_Lapbelt'],0,0,Valid,0.0,2.0,57.0,17.0,"['Male', 'Female', 'Male', 'Male', 'Male', 'Female', 'Male']",0,0,4,4,5,Dry,Straight,Level,Lowest,No
11609,13,Georgia,130918,1,1,1,0,1,NEWNAN,July,22,Saturday,22,48,Urban,High Speed (Arterial),Yes,33.40021389,-84.72529722,Complex/Circle,Dark - Not Lighted,Clear,10:00pm-10:59pm,48,10:00pm-10:59pm,54,Not Applicable (Not Transported),Not Applicable (Not Transported),1,Dark - Unlighted,Clear,0,1,[],[],0,0,Valid,0.0,0.0,33.0,33.0,['Male'],0,0,3,3,4,Dry,Straight,Level,Lowest,No
11610,13,Georgia,130919,0,2,2,0,2,RICHMOND HILL,July,29,Saturday,14,4,Urban,High Speed (Arterial),Yes,31.96325556,-81.32554722,Non-Intersection,Daylight,Rain,2:00pm-2:59pm,13,2:00pm-2:59pm,19,2:00pm-2:59pm,41,1,Daylight,Rain/Wind/Minor,1,1,['Driver'],['None_Used'],0,0,Valid,0.0,1.0,73.0,64.0,"['Female', 'Male']",1,0,5,4,5,Wet/Standing Water,Straight,Grade/Hillcrest,Lowest,No
11611,13,Georgia,130920,0,1,1,0,1,Not Reported,July,9,Sunday,19,10,Rural,Medium Speed (Collector),No,32.07684444,-82.26990556,Non-Intersection,Daylight,Clear,7:00pm-7:59pm,20,7:00pm-7:59pm,30,Not Applicable (Not Transported),Not Applicable (Not Transported),1,Daylight,Clear,1,0,['Driver'],['None_Used'],1,1,Valid,0.0,1.0,74.0,74.0,['Male'],1,0,3,4,3,Dry,Straight,Level,Lowest,No
11612,13,Georgia,130921,1,1,1,0,1,Not Reported,August,5,Saturday,1,30,Urban,High Speed (Arterial),Yes,33.78877778,-84.19567222,Non-Intersection,Dark - Lighted,Clear,1:00am-1:59am,50,2:00am-2:59am,0,2:00am-2:59am,30,1,Dark - Lighted,Clear,0,1,[],[],0,0,Invalid,0.0,0.0,25.0,25.0,['Male'],0,0,2,3,4,Dry,Straight,Level,Lowest,No
11613,13,Georgia,130922,0,1,1,0,1,CHATSWORTH,August,5,Saturday,23,53,Urban,Low Speed (Local),No,34.77129444,-84.79625,Non-Intersection,Dark - Lighted,Clear,12:00pm-12:59pm,1,12:00pm-12:59pm,6,12:00pm-12:59pm,30,1,Dark - Lighted,Clear,1,0,['Driver'],['None_Used'],0,0,Valid,0.0,0.0,42.0,42.0,['Male'],0,0,5,4,2,Dry,Straight,Level,Lowest,No
11614,13,Georgia,130923,0,4,4,0,4,Not Reported,August,9,Wednesday,6,9,Urban,High Speed (Arterial),Yes,33.61230833,-84.29616111,Non-Intersection,Dark - Not Lighted,Clear,6:00am-6:59am,16,6:00am-6:59am,25,6:00am-6:59am,58,1,Dark - Unlighted,Clear,1,3,['Driver'],['None_Used'],0,0,Valid,0.0,1.0,64.0,27.0,"['Male', 'Male', 'Male', 'Male']",0,0,3,4,5,Dry,Straight,Level,Lowest,No
11615,13,Georgia,130924,0,1,1,0,3,TOWNSEND,August,12,Saturday,22,29,Rural,Medium Speed (Collector),No,31.49568333,-81.35968889,Non-Intersection,Dark - Not Lighted,Clear,10:00pm-10:59pm,35,10:00pm-10:59pm,51,Not Applicable (Not Transported),Not Applicable (Not Transported),1,Dark - Unlighted,Clear,1,2,['Driver'],['None_Used'],1,1,Valid,1.0,1.0,31.0,31.0,['Male'],0,0,2,4,3,Dry,Curve,Grade/Hillcrest,Lowest,No
11616,13,Georgia,130925,1,1,1,0,1,SAVANNAH,August,16,Wednesday,21,20,Urban,High Speed (Arterial),Yes,31.98115556,-81.16597778,Non-Intersection,Dark - Not Lighted,Rain,9:00pm-9:59pm,23,9:00pm-9:59pm,29,Not Applicable (Not Transported),Not Applicable (Not Transported),1,Dark - Unlighted,Rain/Wind/Minor,0,1,[],[],0,0,Valid,0.0,0.0,48.0,48.0,['Male'],0,0,3,2,4,Wet/Standing Water,Straight,Level,Lowest,No
11617,13,Georgia,130926,0,2,2,0,2,LUDOWICI,August,16,Wednesday,22,31,Rural,High Speed (Arterial),Yes,31.68719167,-81.7947,Non-Intersection,Dark - Not Lighted,Cloudy,10:00pm-10:59pm,43,10:00pm-10:59pm,54,11:00pm-11:59pm,15,1,Dark - Unlighted,Reduced Visibility,1,1,['Driver'],['None_Used'],0,0,Valid,0.0,0.0,65.0,55.0,"['Male', 'Male']",0,0,5,4,5,Wet/Standing Water,Straight,Level,Lowest,No
11618,13,Georgia,130927,0,1,1,0,1,TOCCOA,August,18,Friday,12,47,Rural,Low Speed (Local),No,34.52171944,-83.20513333,Non-Intersection,Daylight,Clear,12:00pm-12:59pm,47,12:00pm-12:59pm,57,Not Applicable (Not Transported),Not Applicable (Not Transported),1,Daylight,Clear,1,0,['Driver'],['None_Used'],1,1,Valid,0.0,0.0,23.0,23.0,['Male'],1,0,3,4,3,Dry,Curve,Grade/Hillcrest,Lowest,No
11619,13,Georgia,130928,0,1,1,0,3,Other,August,18,Friday,21,53,Rural,High Speed (Arterial),Yes,32.2307,-81.64008056,Non-Intersection,Dark - Not Lighted,Cloudy,9:00pm-9:59pm,56,10:00pm-10:59pm,14,Unknown,Unknown EMS Hospital Arrival Time,2,Dark - Unlighted,Reduced Visibility,2,1,"['Front_Passenger', 'Rear_Seat']","['None_Used', 'None_Used']",0,0,Valid,0.0,1.0,19.0,19.0,['Male'],0,0,2,4,3,Dry,Straight,Grade/Hillcrest,Lowest,No
11620,13,Georgia,130929,0,2,1,1,1,ATLANTA,August,19,Saturday,4,15,Urban,Low Speed (Local),No,33.73581944,-84.41867222,Non-Intersection,Dark - Lighted,Clear,4:00am-4:59am,19,4:00am-4:59am,20,Not Applicable (Not Transported),Not Applicable (Not Transported),1,Dark - Lighted,Clear,1,0,['Driver'],['None_Used'],0,0,Invalid,0.0,0.0,25.0,25.0,['Male'],0,0,2,4,3,Dry,Straight,Level,Lowest,No
11621,13,Georgia,130930,0,2,2,0,2,COVINGTON,August,21,Monday,1,36,Urban,High Speed (Arterial),Yes,33.61428889,-83.83070278,Non-Intersection,Dark - Lighted,Clear,1:00am-1:59am,36,1:00am-1:59am,38,Not Applicable (Not Transported),Not Applicable (Not Transported),2,Dark - Lighted,Clear,2,0,"['Driver', 'Driver']","['None_Used', 'Shoulder_Lapbelt']",0,0,Valid,1.0,0.0,59.0,29.0,"['Male', 'Male']",1,0,3,4,5,Dry,Straight,Level,Lowest,No
11622,13,Georgia,130931,0,2,2,0,5,STATESBORO,August,22,Tuesday,14,16,Urban,High Speed (Arterial),Yes,32.44279722,-81.75285278,Complex/Circle,Daylight,Clear,2:00pm-2:59pm,17,2:00pm-2:59pm,23,3:00pm-3:59pm,5,3,Daylight,Clear,3,2,"['Driver', 'Rear_Seat', 'Rear_Seat']","['None_Used', 'None_Used', 'None_Used']",0,0,Valid,0.0,1.0,59.0,35.0,"['Female', 'Female']",0,0,3,4,5,Dry,Straight,Level,Lowest,No
11623,13,Georgia,130932,0,2,2,0,4,COVINGTON,August,22,Tuesday,20,20,Urban,High Speed (Arterial),Yes,33.61021389,-83.78439444,Non-Intersection,Daylight,Clear,8:00pm-8:59pm,20,8:00pm-8:59pm,30,8:00pm-8:59pm,47,1,Daylight,Clear,1,3,['Front_Passenger'],['None_Used'],0,0,Invalid,0.0,0.0,998.0,19.0,"['Male', 'Female']",0,0,3,4,5,Dry,Straight,Level,Lowest,Yes
11624,13,Georgia,130934,0,3,3,0,4,LAWRENCEVILLE,August,23,Wednesday,20,14,Urban,Medium Speed (Collector),No,33.95248611,-84.05788889,Complex/Circle,Dark - Lighted,Clear,8:00pm-8:59pm,14,8:00pm-8:59pm,22,8:00pm-8:59pm,39,1,Dark - Lighted,Clear,1,3,['Driver'],['None_Used'],0,0,Valid,1.0,2.0,26.0,21.0,"['Male', 'Male', 'Male']",0,0,5,4,5,Dry,Straight,Grade/Hillcrest,Lowest,No
11625,13,Georgia,130935,0,2,2,0,2,Other,August,24,Thursday,8,0,Rural,Medium Speed (Collector),No,31.08416944,-84.87661667,Non-Intersection,Daylight,Clear,8:00am-8:59am,5,8:00am-8:59am,13,8:00am-8:59am,34,1,Daylight,Clear,1,1,['Driver'],['Shoulder_Lapbelt'],0,0,Valid,0.0,0.0,59.0,29.0,"['Male', 'Female']",0,0,3,4,5,Dry,Curve,Level,Lowest,No
11626,13,Georgia,130936,0,1,1,0,1,NASHVILLE,August,24,Thursday,19,3,Rural,Medium Speed (Collector),No,31.11705278,-83.31038611,Non-Intersection,Daylight,Clear,6:00pm-6:59pm,59,7:00pm-7:59pm,10,7:00pm-7:59pm,30,1,Daylight,Clear,1,0,['Driver'],['Shoulder_Lapbelt'],0,0,Valid,0.0,0.0,47.0,47.0,['Female'],0,0,3,4,3,Dry,Straight,Level,Lowest,No
11627,13,Georgia,130937,0,1,1,0,2,LILBURN,August,26,Saturday,6,46,Urban,Low Speed (Local),No,33.91078333,-84.12068333,Non-Intersection,Dark - Lighted,Clear,6:00am-6:59am,47,6:00am-6:59am,54,7:00am-7:59am,35,1,Dark - Lighted,Clear,1,1,['Front_Passenger'],['Shoulder_Lapbelt'],0,0,Valid,0.0,2.0,25.0,25.0,['Male'],0,0,2,4,2,Dry,Curve,Level,Lowest,No
11628,13,Georgia,130938,0,1,1,0,1,MCDONOUGH,August,26,Saturday,7,43,Urban,Medium Speed (Collector),No,33.46476667,-84.16060278,Non-Intersection,Dark - Not Lighted,Clear,7:00am-7:59am,46,7:00am-7:59am,51,Not Applicable (Not Transported),Not Applicable (Not Transported),1,Dark - Unlighted,Clear,1,0,['Driver'],['Shoulder_Lapbelt'],0,0,Valid,0.0,2.0,28.0,28.0,['Male'],0,0,2,4,3,Dry,Straight,Level,Lowest,Yes
11629,13,Georgia,130939,1,1,1,0,1,Not Reported,August,27,Sunday,5,22,Urban,High Speed (Arterial),Yes,33.81266667,-84.04184444,Non-Intersection,Dark - Not Lighted,Clear,5:00am-5:59am,24,5:00am-5:59am,31,Not Applicable (Not Transported),Not Applicable (Not Transported),1,Dark - Unlighted,Clear,0,1,[],[],0,0,Valid,0.0,0.0,44.0,44.0,['Male'],0,0,3,0,4,Dry,Straight,Level,Lowest,No
11630,13,Georgia,130940,0,1,1,0,5,Not Reported,August,27,Sunday,11,55,Urban,High Speed (Arterial),Yes,33.96437778,-84.22438333,Non-Intersection,Daylight,Clear,12:00pm-12:59pm,1,12:00pm-12:59pm,13,12:00pm-12:59pm,28,1,Daylight,Clear,1,4,['Rear_Seat'],['Shoulder_Lapbelt'],0,0,Valid,0.0,0.0,47.0,47.0,['Male'],0,0,2,4,3,Dry,Straight,Level,Lowest,Yes
11631,13,Georgia,130941,0,2,2,0,2,SYLVESTER,August,28,Monday,9,1,Rural,Medium Speed (Collector),No,31.50757222,-83.99711111,Complex/Circle,Daylight,Clear,9:00am-9:59am,1,9:00am-9:59am,13,9:00am-9:59am,34,1,Daylight,Clear,1,1,['Driver'],['None_Used'],0,0,Valid,0.0,0.0,40.0,23.0,"['Female', 'Male']",0,0,2,4,5,Dry,Straight,Level,Lowest,No
11632,13,Georgia,130942,0,3,3,0,3,MIDWAY,August,28,Monday,9,49,Rural,Medium Speed (Collector),No,31.79978333,-81.43300833,Complex/Circle,Daylight,Clear,9:00am-9:59am,49,10:00am-10:59am,0,Not Applicable (Not Transported),Not Applicable (Not Transported),1,Daylight,Clear,1,2,['Driver'],['None_Used'],0,0,Valid,1.0,1.0,77.0,25.0,"['Male', 'Male', 'Male']",1,0,5,4,5,Dry,Straight,Grade/Hillcrest,Lowest,No
11633,13,Georgia,130943,0,1,1,0,2,ELLIJAY,July,31,Monday,19,35,Rural,Low Speed (Local),No,34.64787778,-84.2884,Non-Intersection,Daylight,Clear,7:00pm-7:59pm,39,7:00pm-7:59pm,55,8:00pm-8:59pm,8,1,Daylight,Clear,1,1,['Front_Passenger'],['None_Used'],1,1,Valid,0.0,0.0,22.0,22.0,['Male'],2,0,1,4,3,Dry,Curve,Level,Lowest,No
11634,13,Georgia,130944,0,2,2,0,2,Not Reported,August,16,Wednesday,7,18,Urban,High Speed (Arterial),Yes,33.86195833,-83.97078889,Simple Junction,Daylight,Clear,7:00am-7:59am,22,7:00am-7:59am,28,8:00am-8:59am,4,1,Daylight,Clear,1,1,['Driver'],['Shoulder_Lapbelt'],0,0,Valid,0.0,0.0,86.0,30.0,"['Male', 'Male']",0,0,2,4,5,Dry,Straight,Level,Lowest,No
11635,13,Georgia,130945,1,1,1,0,1,Not Reported,August,18,Friday,21,40,Rural,Medium Speed (Collector),No,34.61717222,-83.57238889,Non-Intersection,Dark - Not Lighted,Clear,9:00pm-9:59pm,37,9:00pm-9:59pm,44,10:00pm-10:59pm,21,1,Dark - Unlighted,Clear,0,1,[],[],0,0,Invalid,0.0,0.0,999.0,999.0,['Other'],0,0,1,0,4,Dry,Straight,Level,Lowest,No
11636,13,Georgia,130946,1,1,1,0,1,SAVANNAH,August,20,Sunday,0,38,Urban,High Speed (Arterial),Yes,32.05193333,-81.09965278,Complex/Circle,Dark - Not Lighted,Clear,0:00am-0:59am,41,0:00am-0:59am,50,Not Applicable (Not Transported),Not Applicable (Not Transported),1,Dark - Unlighted,Clear,0,1,[],[],0,0,Invalid,0.0,0.0,999.0,999.0,['Other'],0,0,1,0,4,Dry,Straight,Level,Lowest,No
11637,13,Georgia,130947,1,1,1,0,1,ATLANTA,August,20,Sunday,1,40,Urban,High Speed (Arterial),Yes,33.79577222,-84.39271667,Non-Intersection,Dark - Lighted,Clear,1:00am-1:59am,47,1:00am-1:59am,51,Not Applicable (Not Transported),Not Applicable (Not Transported),1,Dark - Lighted,Clear,0,1,[],[],0,0,Valid,0.0,0.0,17.0,17.0,['Male'],0,0,2,3,4,Dry,Curve,Level,Lowest,No
11638,13,Georgia,130948,0,2,2,0,3,Not Reported,August,21,Monday,17,1,Urban,Medium Speed (Collector),No,33.81668611,-84.81467778,Non-Intersection,Daylight,Clear,5:00pm-5:59pm,5,5:00pm-5:59pm,9,Not Applicable (Not Transported),Not Applicable (Not Transported),1,Daylight,Clear,1,2,['Driver'],['None_Used'],0,0,Valid,0.0,0.0,72.0,72.0,"['Male', 'Male']",0,0,5,4,5,Dry,Straight,Level,Lowest,No
11639,13,Georgia,130949,0,1,1,0,2,Not Reported,August,28,Monday,22,25,Rural,Low Speed (Local),No,32.45160556,-83.31263611,Non-Intersection,Dark - Not Lighted,Cloudy,10:00pm-10:59pm,24,10:00pm-10:59pm,40,10:00pm-10:59pm,48,1,Dark - Unlighted,Reduced Visibility,1,1,['Driver'],['None_Used'],0,0,Valid,0.0,0.0,17.0,17.0,['Male'],0,0,3,4,3,Dry,Straight,Level,Lowest,No
11640,13,Georgia,130950,0,3,3,0,8,Not Reported,August,29,Tuesday,20,59,Rural,Medium Speed (Collector),No,33.54006389,-83.84623611,Non-Intersection,Daylight,Cloudy,8:00pm-8:59pm,59,9:00pm-9:59pm,6,9:00pm-9:59pm,39,1,Daylight,Reduced Visibility,1,7,['Driver'],['None_Used'],0,0,Valid,1.0,2.0,42.0,29.0,"['Male', 'Male', 'Male']",1,0,3,4,5,Dry,Straight,Level,Lowest,No
11641,13,Georgia,130951,1,1,1,0,1,Not Reported,August,10,Thursday,21,12,Urban,Medium Speed (Collector),No,33.90497222,-84.56452778,Complex/Circle,Dark - Not Lighted,Clear,9:00pm-9:59pm,15,9:00pm-9:59pm,22,9:00pm-9:59pm,40,1,Dark - Unlighted,Clear,0,1,[],[],0,0,Valid,0.0,0.0,70.0,70.0,['Male'],0,0,3,0,4,Dry,Straight,Level,Lowest,No
11642,13,Georgia,130952,0,2,2,0,3,GAINESVILLE,August,22,Tuesday,17,26,Urban,High Speed (Arterial),Yes,34.28011667,-83.87758333,Complex/Circle,Daylight,Clear,5:00pm-5:59pm,26,5:00pm-5:59pm,33,6:00pm-6:59pm,0,1,Daylight,Clear,1,2,['Driver'],['Shoulder_Lapbelt'],0,0,Valid,0.0,1.0,24.0,18.0,"['Male', 'Male']",0,0,3,4,5,Dry,Straight,Level,Lowest,No
11643,13,Georgia,130953,1,1,1,0,1,STOCKBRIDGE,June,25,Sunday,0,55,Urban,Medium Speed (Collector),No,33.53035,-84.19798611,Non-Intersection,Dark - Not Lighted,Clear,0:00am-0:59am,56,1:00am-1:59am,7,1:00am-1:59am,22,1,Dark - Unlighted,Clear,0,1,[],[],0,0,Invalid,0.0,0.0,998.0,998.0,['Other'],0,0,1,0,4,Dry,Straight,Grade/Hillcrest,Lowest,No
11644,13,Georgia,130954,0,2,1,1,2,CHATSWORTH,July,29,Saturday,15,20,Rural,Medium Speed (Collector),No,34.71959167,-84.81639444,Non-Intersection,Daylight,Clear,3:00pm-3:59pm,22,3:00pm-3:59pm,27,4:00pm-4:59pm,7,1,Daylight,Clear,1,1,['Front_Passenger'],['Shoulder_Lapbelt'],0,0,Valid,0.0,0.0,77.0,77.0,['Female'],0,0,2,4,5,Dry,Curve,Level,Lowest,No
11645,13,Georgia,130955,0,2,2,0,2,HOGANSVILLE,August,22,Tuesday,23,30,Urban,High Speed (Arterial),Yes,33.07871389,-84.92230278,Non-Intersection,Dark - Not Lighted,Clear,11:00pm-11:59pm,31,11:00pm-11:59pm,41,Not Applicable (Not Transported),Not Applicable (Not Transported),1,Dark - Unlighted,Clear,1,1,['Driver'],['None_Used'],0,0,Valid,0.0,0.0,59.0,18.0,"['Female', 'Other']",0,0,5,4,5,Dry,Straight,Level,Lowest,No
11646,13,Georgia,130956,0,2,2,0,2,ATLANTA,August,23,Wednesday,2,43,Urban,High Speed (Arterial),Yes,33.886525,-84.26635556,Non-Intersection,Dark - Not Lighted,Clear,2:00am-2:59am,45,2:00am-2:59am,54,3:00am-3:59am,13,1,Dark - Unlighted,Clear,1,1,['Driver'],['None_Used'],0,0,Valid,1.0,1.0,59.0,23.0,"['Female', 'Male']",0,0,3,4,5,Dry,Straight,Level,Lowest,No
11647,13,Georgia,130957,0,2,2,0,2,DECATUR,August,23,Wednesday,7,39,Urban,High Speed (Arterial),Yes,33.81277778,-84.30735278,Non-Intersection,Daylight,Clear,7:00am-7:59am,41,7:00am-7:59am,50,Not Applicable (Not Transported),Not Applicable (Not Transported),1,Daylight,Clear,1,1,['Driver'],['None_Used'],0,0,Valid,0.0,0.0,51.0,22.0,"['Male', 'Female']",0,0,5,4,5,Dry,Straight,Level,Lowest,No
11648,13,Georgia,130958,0,2,2,0,2,Not Reported,August,24,Thursday,3,31,Urban,High Speed (Arterial),Yes,33.77338333,-84.62989444,Non-Intersection,Dark - Not Lighted,Clear,3:00am-3:59am,42,4:00am-4:59am,4,Not Applicable (Not Transported),Not Applicable (Not Transported),1,Dark - Unlighted,Clear,1,1,['Driver'],['Shoulder_Lapbelt'],0,0,Valid,0.0,0.0,41.0,30.0,"['Male', 'Female']",0,0,4,4,5,Dry,Straight,Grade/Hillcrest,Lowest,No
11649,13,Georgia,130960,1,1,1,0,1,Not Reported,August,24,Thursday,21,57,Urban,Medium Speed (Collector),No,33.67106944,-84.46181667,Non-Intersection,Dark - Lighted,Clear,10:00pm-10:59pm,0,10:00pm-10:59pm,5,Not Applicable (Not Transported),Not Applicable (Not Transported),1,Dark - Lighted,Clear,0,1,[],[],0,0,Invalid,0.0,0.0,999.0,999.0,['Other'],0,0,1,3,4,Dry,Straight,Level,Lowest,No
11650,13,Georgia,130961,0,2,2,0,2,Not Reported,August,25,Friday,8,53,Rural,Medium Speed (Collector),No,32.67258056,-84.93583333,Non-Intersection,Daylight,Clear,8:00am-8:59am,57,9:00am-9:59am,2,9:00am-9:59am,23,1,Daylight,Clear,1,1,['Driver'],['Shoulder_Lapbelt'],0,0,Valid,0.0,0.0,61.0,55.0,"['Male', 'Male']",0,0,3,4,5,Dry,Curve,Level,Lowest,No
11651,13,Georgia,130962,0,2,2,0,2,Not Reported,August,25,Friday,16,57,Rural,Low Speed (Local),No,34.11218056,-85.17296111,Complex/Circle,Daylight,Clear,4:00pm-4:59pm,58,5:00pm-5:59pm,9,5:00pm-5:59pm,26,1,Daylight,Clear,1,1,['Driver'],['Shoulder_Lapbelt'],0,0,Valid,0.0,0.0,58.0,17.0,"['Male', 'Male']",0,0,3,4,5,Dry,Straight,Grade/Hillcrest,Lowest,No
11652,13,Georgia,130963,1,2,2,0,2,Not Reported,August,25,Friday,20,45,Urban,Medium Speed (Collector),No,33.66991389,-84.27924722,Non-Intersection,Dark - Not Lighted,Clear,8:00pm-8:59pm,48,8:00pm-8:59pm,55,Not Applicable (Not Transported),Not Applicable (Not Transported),1,Dark - Unlighted,Clear,0,2,[],[],0,0,Invalid,0.0,0.0,998.0,57.0,"['Female', 'Female']",0,0,3,3,4,Dry,Straight,Level,Lowest,No
11653,13,Georgia,130964,1,1,1,0,1,Not Reported,August,26,Saturday,4,56,Urban,High Speed (Arterial),Yes,33.62287778,-84.17372222,Non-Intersection,Dark - Not Lighted,Clear,4:00am-4:59am,57,5:00am-5:59am,11,Not Applicable (Not Transported),Not Applicable (Not Transported),1,Dark - Unlighted,Clear,0,1,[],[],0,0,Valid,0.0,0.0,50.0,50.0,['Female'],0,0,2,4,4,Dry,Straight,Grade/Hillcrest,Lowest,No
11654,13,Georgia,130965,0,2,2,0,2,GAINESVILLE,August,26,Saturday,11,20,Rural,High Speed (Arterial),Yes,34.42741389,-83.64571667,Non-Intersection,Daylight,Clear,11:00am-11:59am,21,11:00am-11:59am,23,11:00am-11:59am,37,1,Daylight,Clear,1,1,['Driver'],['Shoulder_Lapbelt'],0,0,Valid,1.0,2.0,84.0,23.0,"['Female', 'Female']",0,0,3,4,5,Dry,Straight,Grade/Hillcrest,Lowest,No
11655,13,Georgia,130967,0,1,1,0,1,Not Reported,August,26,Saturday,19,30,Rural,Medium Speed (Collector),No,33.61953333,-84.80939167,Non-Intersection,Daylight,Clear,7:00pm-7:59pm,40,7:00pm-7:59pm,45,8:00pm-8:59pm,28,1,Daylight,Clear,1,0,['Driver'],['Shoulder_Lapbelt'],0,0,Invalid,0.0,0.0,57.0,57.0,['Female'],0,0,2,4,3,Dry,Curve,Grade/Hillcrest,Lowest,No
11656,13,Georgia,130968,0,2,2,0,5,SMYRNA,August,26,Saturday,22,18,Urban,High Speed (Arterial),Yes,33.83823333,-84.51159722,Non-Intersection,Dark - Not Lighted,Clear,10:00pm-10:59pm,26,10:00pm-10:59pm,33,11:00pm-11:59pm,0,1,Dark - Unlighted,Clear,1,4,['Front_Passenger'],['Shoulder_Lapbelt'],0,0,Valid,0.0,0.0,63.0,18.0,"['Male', 'Male']",2,0,2,4,5,Dry,Curve,Grade/Hillcrest,Lowest,No
11657,13,Georgia,130969,0,2,2,0,3,Not Reported,August,26,Saturday,23,48,Urban,High Speed (Arterial),Yes,34.37896944,-84.02446944,Complex/Circle,Dark - Not Lighted,Clear,11:00pm-11:59pm,47,11:00pm-11:59pm,50,0:00am-0:59am,20,1,Dark - Unlighted,Clear,1,2,['Driver'],['None_Used'],0,0,Valid,0.0,1.0,21.0,18.0,"['Male', 'Male']",2,0,5,4,5,Dry,Straight,Grade/Hillcrest,Lowest,No
11658,13,Georgia,130970,1,1,1,0,1,MACON,August,27,Sunday,5,45,Urban,High Speed (Arterial),Yes,32.74076389,-83.6554,Non-Intersection,Dark - Not Lighted,Clear,6:00am-6:59am,0,6:00am-6:59am,13,Not Applicable (Not Transported),Not Applicable (Not Transported),1,Dark - Unlighted,Clear,0,1,[],[],0,0,Valid,0.0,1.0,31.0,31.0,['Male'],0,0,2,4,4,Dry,Straight,Grade/Hillcrest,Lowest,No
11659,13,Georgia,130971,0,2,1,1,1,SAVANNAH,August,27,Sunday,15,45,Urban,High Speed (Arterial),Yes,31.99618056,-81.26590833,Non-Intersection,Daylight,Clear,3:00pm-3:59pm,46,4:00pm-4:59pm,7,Not Applicable (Not Transported),Not Applicable (Not Transported),1,Daylight,Clear,1,0,['Driver'],['None_Used'],0,0,Invalid,0.0,0.0,49.0,49.0,['Male'],0,0,3,4,2,Dry,Straight,Level,Lowest,No
11660,13,Georgia,130972,0,2,2,0,2,MACON,August,27,Sunday,20,43,Urban,Medium Speed (Collector),No,32.8497,-83.75928611,Non-Intersection,Dark - Not Lighted,Clear,8:00pm-8:59pm,44,8:00pm-8:59pm,47,9:00pm-9:59pm,21,1,Dark - Unlighted,Clear,1,1,['Driver'],['Shoulder_Lapbelt'],0,0,Valid,0.0,0.0,64.0,22.0,"['Female', 'Female']",0,0,3,4,5,Dry,Curve,Level,Lowest,No
11661,13,Georgia,130973,0,2,2,0,2,TYRONE,August,29,Tuesday,10,54,Urban,Medium Speed (Collector),No,33.45420833,-84.56844722,Non-Intersection,Daylight,Clear,10:00am-10:59am,54,11:00am-11:59am,3,11:00am-11:59am,26,1,Daylight,Clear,1,1,['Driver'],['Shoulder_Lapbelt'],0,0,Valid,0.0,0.0,58.0,56.0,"['Male', 'Male']",0,0,4,4,5,Dry,Straight,Level,Lowest,No