,State_Code,State_Name,Crash_ID,Count_Non_Motorists,Count_Vehicles_Total,Count_Vehicle_Forms,Count_PVH_Involved,Count_Occupants_MV,City_Name,Month_Name,Day_of_Month,Day_of_Week,Crash_Hour,Crash_Minute,Area_Rural_Urban,Road_Functional_Class,On_NHS_Road,Latitude,Longitude,Intersection_Type,Light_Condition,Weather_Condition,Notif_Hour,Notif_Minute,Arrival_Hour,Arrival_Minute,Hospital_Hour,Hospital_Minute,Fatalities_Count,Clean_Light_Condition,Clean_Weather_Condition,Total_Killed,Total_Alive,Fatal_Seats_List,Killed_Restraint_List,Any_Driver_Drinking,Total_Drinking_Drivers,Driver_License_Category,Driver_Max_Prev_Accident_Count,Driver_Max_Prev_Speeding_Count,Max_Driver_Age,Min_Driver_Age,Driver_Sex_List,Total_Exceeding_Limit_Vehicles,Total_Too_Fast_Vehicles,Max_Vehicle_Type_Severity_5,Max_Vehicle_Damage_Rank,Max_Harmful_Event_Severity,Crash_Road_Surface_Condition,Crash_Horizontal_Alignment,Crash_Vertical_Profile,Crash_Impairment_Category,Crash_Vehicle_Defect
11662,13,Georgia,130974,0,1,1,0,1,Not Reported,August,29,Tuesday,13,44,Urban,High Speed (Arterial),Yes,34.07499444,-84.61928611,Non-Intersection,Daylight,Cloudy,1:00pm-1:59pm,50,2:00pm-2:59pm,7,Not Applicable (Not Transported),Not Applicable (Not Transported),1,Daylight,Reduced Visibility,1,0,['Driver'],['Shoulder_Lapbelt'],0,0,Valid,0.0,0.0,67.0,67.0,['Male'],0,0,3,4,3,Dry,Straight,Grade/Hillcrest,Lowest,No
11663,13,Georgia,130975,0,3,3,0,3,LAKE PARK,August,29,Tuesday,15,24,Urban,High Speed (Arterial),Yes,30.68299167,-83.226,Non-Intersection,Daylight,Clear,3:00pm-3:59pm,29,3:00pm-3:59pm,46,4:00pm-4:59pm,19,1,Daylight,Clear,1,2,['Driver'],['None_Used'],0,0,Valid,0.0,0.0,58.0,53.0,"['Female', 'Male', 'Male']",0,0,4,4,5,Dry,Straight,Grade/Hillcrest,Lowest,No
11664,13,Georgia,130976,0,1,1,0,1,Not Reported,August,29,Tuesday,16,0,Rural,Medium Speed (Collector),No,32.02543056,-83.42660833,Non-Intersection,Daylight,Rain,4:00pm-4:59pm,3,4:00pm-4:59pm,35,Not Applicable (Not Transported),Not Applicable (Not Transported),1,Daylight,Rain/Wind/Minor,1,0,['Driver'],['None_Used'],0,0,Valid,0.0,0.0,52.0,52.0,['Male'],1,0,3,4,2,Wet/Standing Water,Straight,Grade/Hillcrest,Lowest,No
11665,13,Georgia,130977,0,2,2,0,3,Not Reported,August,31,Thursday,9,9,Urban,High Speed (Arterial),Yes,34.81539444,-85.24120833,Non-Intersection,Daylight,Clear,9:00am-9:59am,12,9:00am-9:59am,25,10:00am-10:59am,10,1,Daylight,Clear,1,2,['Driver'],['Shoulder_Lapbelt'],0,0,Valid,1.0,0.0,65.0,41.0,"['Male', 'Female']",0,0,3,4,5,Dry,Straight,Grade/Hillcrest,Lowest,No
11666,13,Georgia,130978,0,2,2,0,2,HIRAM,August,7,Monday,8,25,Urban,Medium Speed (Collector),No,33.854575,-84.78284444,Simple Junction,Daylight,Cloudy,8:00am-8:59am,29,8:00am-8:59am,37,8:00am-8:59am,54,1,Daylight,Reduced Visibility,1,1,['Driver'],['Shoulder_Lapbelt'],0,0,Valid,0.0,0.0,73.0,26.0,"['Female', 'Female']",0,0,3,4,5,Wet/Standing Water,Straight,Grade/Hillcrest,Lowest,No
11667,13,Georgia,130980,0,2,2,0,2,MARIETTA,August,15,Tuesday,8,25,Urban,Medium Speed (Collector),No,33.93453056,-84.54514722,Complex/Circle,Daylight,Clear,8:00am-8:59am,30,8:00am-8:59am,33,8:00am-8:59am,51,1,Daylight,Clear,1,1,['Driver'],['Shoulder_Lapbelt'],0,0,Valid,0.0,0.0,57.0,53.0,"['Male', 'Male']",0,0,3,4,5,Dry,Straight,Level,Lowest,No
11668,13,Georgia,130981,0,2,2,0,2,MACON,August,31,Thursday,14,51,Urban,Medium Speed (Collector),No,32.81150833,-83.64020556,Non-Intersection,Daylight,Clear,2:00pm-2:59pm,51,2:00pm-2:59pm,53,Not Applicable (Not Transported),Not Applicable (Not Transported),1,Daylight,Clear,1,1,['Driver'],['None_Used'],0,0,Valid,0.0,1.0,54.0,53.0,"['Female', 'Male']",0,0,5,4,5,Dry,Straight,Grade/Hillcrest,Lowest,No
11669,13,Georgia,130982,0,1,1,0,1,WEST POINT,August,31,Thursday,15,30,Urban,High Speed (Arterial),Yes,32.89702778,-85.13208056,Non-Intersection,Daylight,Clear,3:00pm-3:59pm,33,3:00pm-3:59pm,37,Not Applicable (Not Transported),Not Applicable (Not Transported),1,Daylight,Clear,1,0,['Driver'],['Shoulder_Lapbelt'],0,0,Valid,0.0,0.0,61.0,61.0,['Male'],0,0,4,4,3,Dry,Straight,Level,Lowest,Yes
11670,13,Georgia,130983,0,2,2,0,8,CANTON,September,1,Friday,6,17,Urban,Medium Speed (Collector),No,34.22330278,-84.48394167,Complex/Circle,Dark - Not Lighted,Clear,6:00am-6:59am,17,6:00am-6:59am,23,Unknown,Unknown EMS Hospital Arrival Time,1,Dark - Unlighted,Clear,1,7,['Rear_Seat'],['Shoulder_Lapbelt'],0,0,Invalid,0.0,0.0,25.0,24.0,"['Male', 'Male']",0,0,3,4,5,Dry,Straight,Level,Lowest,No
11671,13,Georgia,130984,0,2,2,0,3,CHAMBLEE,September,1,Friday,20,30,Urban,Medium Speed (Collector),Yes,33.855675,-84.29534722,Simple Junction,Dark - Not Lighted,Clear,8:00pm-8:59pm,43,8:00pm-8:59pm,49,9:00pm-9:59pm,31,2,Dark - Unlighted,Clear,2,1,"['Driver', 'Rear_Seat']","['None_Used', 'None_Used']",0,0,Valid,0.0,0.0,35.0,20.0,"['Male', 'Female']",2,0,5,4,5,Dry,Curve,Grade/Hillcrest,Lowest,No
11672,13,Georgia,130985,0,2,2,0,5,TOCCOA,September,1,Friday,20,52,Urban,Medium Speed (Collector),No,34.52836944,-83.32205556,Non-Intersection,Dark - Not Lighted,Clear,8:00pm-8:59pm,56,9:00pm-9:59pm,3,9:00pm-9:59pm,22,1,Dark - Unlighted,Clear,1,4,['Driver'],['None_Used'],0,0,Valid,0.0,0.0,33.0,21.0,"['Male', 'Male']",1,0,3,4,5,Dry,Curve,Level,Lowest,No
11673,13,Georgia,130986,0,1,1,0,2,Not Reported,September,1,Friday,22,49,Rural,High Speed (Arterial),Yes,33.4896,-82.657425,Non-Intersection,Dark - Not Lighted,Clear,10:00pm-10:59pm,51,11:00pm-11:59pm,1,0:00am-0:59am,36,1,Dark - Unlighted,Clear,1,1,['Front_Passenger'],['Shoulder_Lapbelt'],1,1,Invalid,0.0,0.0,26.0,26.0,['Male'],0,0,3,4,3,Dry,Straight,Level,Lowest,No
11674,13,Georgia,130987,0,1,1,0,2,ATLANTA,September,1,Friday,23,7,Urban,High Speed (Arterial),Yes,33.74356944,-84.39190278,Non-Intersection,Dark - Lighted,Clear,11:00pm-11:59pm,7,11:00pm-11:59pm,21,11:00pm-11:59pm,46,1,Dark - Lighted,Clear,1,1,['Driver'],['Shoulder_Lapbelt'],1,1,Valid,0.0,0.0,40.0,40.0,['Male'],2,0,2,4,3,Dry,Curve,Grade/Hillcrest,Lowest,No
11675,13,Georgia,130988,0,1,1,0,1,Not Reported,September,2,Saturday,13,39,Urban,High Speed (Arterial),Yes,33.65108333,-84.18700278,Non-Intersection,Daylight,Clear,1:00pm-1:59pm,43,1:00pm-1:59pm,52,2:00pm-2:59pm,25,1,Daylight,Clear,1,0,['Driver'],['None_Used'],0,0,Valid,0.0,0.0,38.0,38.0,['Male'],1,0,5,4,2,Dry,Curve,Grade/Hillcrest,Lowest,No
11676,13,Georgia,130989,0,2,2,0,3,Not Reported,September,2,Saturday,15,8,Rural,High Speed (Arterial),Yes,32.89423611,-83.36008056,Complex/Circle,Daylight,Clear,3:00pm-3:59pm,10,3:00pm-3:59pm,20,Not Applicable (Not Transported),Not Applicable (Not Transported),1,Daylight,Clear,1,2,['Driver'],['None_Used'],0,0,Valid,0.0,0.0,83.0,25.0,"['Female', 'Male']",0,0,2,4,5,Dry,Straight,Non-Trafficway,Lowest,No
11677,13,Georgia,130990,0,1,1,0,1,Not Reported,September,2,Saturday,17,19,Rural,Low Speed (Local),No,34.85205278,-84.1238,Non-Intersection,Daylight,Clear,5:00pm-5:59pm,13,5:00pm-5:59pm,25,Not Applicable (Not Transported),Not Applicable (Not Transported),1,Daylight,Clear,1,0,['Driver'],['None_Used'],1,1,Invalid,0.0,0.0,54.0,54.0,['Male'],0,0,5,4,3,Dry,Curve,Grade/Hillcrest,Lowest,No
11678,13,Georgia,130991,0,1,1,0,1,Not Reported,September,2,Saturday,19,38,Rural,Low Speed (Local),No,32.460925,-81.47146944,Non-Intersection,Daylight,Clear,7:00pm-7:59pm,41,7:00pm-7:59pm,49,Not Applicable (Not Transported),Not Applicable (Not Transported),1,Daylight,Clear,1,0,['Driver'],['None_Used'],1,1,Valid,0.0,1.0,42.0,42.0,['Female'],1,0,3,4,3,Dry,Curve,Level,Lowest,No
11679,13,Georgia,130993,1,1,1,0,2,DECATUR,September,2,Saturday,23,0,Urban,Medium Speed (Collector),No,33.68383889,-84.21346944,Non-Intersection,Dark - Lighted,Clear,11:00pm-11:59pm,10,11:00pm-11:59pm,26,11:00pm-11:59pm,42,1,Dark - Lighted,Clear,0,2,[],[],0,0,Valid,0.0,0.0,39.0,39.0,['Male'],0,0,3,3,4,Dry,Straight,Level,Lowest,No
11680,13,Georgia,130994,0,2,2,0,2,STONECREST,September,3,Sunday,3,29,Urban,High Speed (Arterial),Yes,33.70331111,-84.16722778,Non-Intersection,Dark - Not Lighted,Clear,Unknown,Unknown if Notified,Unknown EMS Scene Arrival Hour,Unknown if Arrived,Not Applicable (Not Transported),Not Applicable (Not Transported),1,Dark - Unlighted,Clear,1,1,['Driver'],['Shoulder_Lapbelt'],0,0,Invalid,0.0,0.0,57.0,35.0,"['Male', 'Male']",0,0,4,4,5,Dry,Straight,Level,Lowest,No
11681,13,Georgia,130995,0,2,2,0,4,Not Reported,September,3,Sunday,13,50,Urban,Medium Speed (Collector),No,33.76186389,-84.16410278,Simple Junction,Daylight,Clear,2:00pm-2:59pm,45,2:00pm-2:59pm,53,3:00pm-3:59pm,25,1,Daylight,Clear,1,3,['Rear_Seat'],['Shoulder_Lapbelt'],0,0,Valid,1.0,0.0,66.0,46.0,"['Female', 'Female']",0,0,3,4,5,Dry,Straight,Level,Lowest,No
11682,13,Georgia,130996,0,2,2,0,2,JEFFERSON,September,4,Monday,0,10,Urban,High Speed (Arterial),Yes,34.15105556,-83.63665,Non-Intersection,Dark - Not Lighted,Clear,0:00am-0:59am,24,0:00am-0:59am,30,1:00am-1:59am,15,1,Dark - Unlighted,Clear,1,1,['Driver'],['None_Used'],0,0,Valid,2.0,1.0,36.0,25.0,"['Male', 'Female']",0,0,3,4,5,Dry,Curve,Level,Lowest,No
11683,13,Georgia,130997,0,1,1,0,1,Not Reported,September,4,Monday,1,30,Urban,Low Speed (Local),No,33.68389444,-84.56646944,Non-Intersection,Dark - Not Lighted,Clear,1:00am-1:59am,30,2:00am-2:59am,0,Not Applicable (Not Transported),Not Applicable (Not Transported),1,Dark - Unlighted,Clear,1,0,['Driver'],['None_Used'],0,0,Invalid,0.0,0.0,35.0,35.0,['Male'],0,0,3,4,3,Dry,Curve,Level,Lowest,No
11684,13,Georgia,130998,0,2,2,0,7,Not Reported,September,4,Monday,3,40,Urban,High Speed (Arterial),Yes,33.96449722,-84.10148333,Non-Intersection,Dark - Not Lighted,Clear,3:00am-3:59am,44,3:00am-3:59am,55,4:00am-4:59am,17,5,Dark - Unlighted,Clear,5,2,"['Driver', 'Front_Passenger', 'Front_Passenger', 'Rear_Seat', 'Rear_Seat']","['Shoulder_Lapbelt', 'None_Used', 'None_Used', 'Shoulder_Lapbelt', 'Shoulder_Lapbelt']",0,0,Invalid,0.0,0.0,20.0,18.0,"['Male', 'Male']",7,0,3,4,5,Dry,Curve,Grade/Hillcrest,Lowest,No
11685,13,Georgia,130999,0,1,1,0,1,Not Reported,September,4,Monday,11,30,Rural,Medium Speed (Collector),No,34.69431389,-84.02702222,Non-Intersection,Daylight,Clear,11:00am-11:59am,29,11:00am-11:59am,53,12:00pm-12:59pm,42,1,Daylight,Clear,1,0,['Driver'],['None_Used'],0,0,Invalid,0.0,0.0,46.0,46.0,['Male'],1,0,5,4,3,Dry,Curve,Grade/Hillcrest,Lowest,No
11686,13,Georgia,131000,0,1,1,0,2,EAST POINT,September,4,Monday,17,0,Urban,Low Speed (Local),No,33.67975278,-84.44383889,Complex/Circle,Daylight,Clear,5:00pm-5:59pm,15,5:00pm-5:59pm,20,Not Applicable (Not Transported),Not Applicable (Not Transported),2,Daylight,Clear,2,0,"['Driver', 'Front_Passenger']","['Shoulder_Lapbelt', 'Shoulder_Lapbelt']",1,1,Valid,0.0,0.0,20.0,20.0,['Male'],2,0,2,4,3,Dry,Curve,Level,Lowest,No
11687,13,Georgia,131001,0,2,2,0,2,Not Reported,September,4,Monday,19,8,Rural,Low Speed (Local),No,32.58345278,-82.80603056,Non-Intersection,Daylight,Clear,7:00pm-7:59pm,7,7:00pm-7:59pm,17,7:00pm-7:59pm,43,2,Daylight,Clear,2,0,"['Driver', 'Driver']","['None_Used', 'None_Used']",1,1,Invalid,0.0,0.0,24.0,22.0,"['Male', 'Male']",0,0,5,4,3,Dry,Straight,Level,Lowest,No
11688,13,Georgia,131002,0,1,1,0,1,Not Reported,September,5,Tuesday,11,13,Rural,Medium Speed (Collector),No,34.168725,-83.07803056,Non-Intersection,Daylight,Clear,11:00am-11:59am,14,11:00am-11:59am,28,Not Applicable (Not Transported),Not Applicable (Not Transported),1,Daylight,Clear,1,0,['Driver'],['Shoulder_Lapbelt'],0,0,Valid,0.0,0.0,58.0,58.0,['Male'],1,0,2,4,3,Dry,Curve,Grade/Hillcrest,Lowest,No
11689,13,Georgia,131004,0,2,2,0,2,Not Reported,September,6,Wednesday,8,16,Rural,Low Speed (Local),No,34.27567222,-83.2031,Non-Intersection,Daylight,Clear,8:00am-8:59am,16,8:00am-8:59am,23,9:00am-9:59am,43,1,Daylight,Clear,1,1,['Driver'],['None_Used'],0,0,Valid,0.0,0.0,49.0,40.0,"['Female', 'Female']",0,0,3,4,5,Dry,Curve,Level,Lowest,No
11690,13,Georgia,131005,2,1,1,0,1,AUGUSTA,September,6,Wednesday,2,13,Urban,High Speed (Arterial),Yes,33.404875,-82.00608333,Non-Intersection,Dark - Lighted,Cloudy,Unknown,Unknown,Unknown EMS Scene Arrival Hour,Unknown EMS Scene Arrival Minutes,Unknown,Unknown EMS Hospital Arrival Time,1,Dark - Lighted,Reduced Visibility,0,1,[],[],0,0,Valid,0.0,0.0,35.0,35.0,['Male'],0,0,3,3,4,Dry,Straight,Level,Lowest,No
11691,13,Georgia,131006,0,3,3,0,4,Not Reported,September,6,Wednesday,8,23,Urban,Medium Speed (Collector),No,34.17616667,-84.82873889,Non-Intersection,Daylight,Clear,8:00am-8:59am,25,8:00am-8:59am,34,9:00am-9:59am,5,1,Daylight,Clear,1,3,['Driver'],['None_Used'],0,0,Valid,1.0,0.0,83.0,35.0,"['Male', 'Female', 'Female']",0,0,3,4,5,Dry,Straight,Level,Lowest,No
11692,13,Georgia,131007,0,2,2,0,3,ATHENS,September,6,Wednesday,19,12,Urban,Medium Speed (Collector),No,33.91450556,-83.31161111,Non-Intersection,Daylight,Clear,7:00am-7:59am,15,7:00am-7:59am,21,7:00am-7:59am,42,1,Daylight,Clear,1,2,['Driver'],['None_Used'],0,0,Valid,1.0,0.0,50.0,43.0,"['Male', 'Male']",1,0,5,4,5,Dry,Curve,Level,Lowest,No
11693,13,Georgia,131008,1,1,1,0,1,JONESBORO,September,6,Wednesday,21,42,Urban,Medium Speed (Collector),No,33.53238889,-84.36650556,Simple Junction,Dark - Lighted,Clear,Unknown,Unknown,Unknown EMS Scene Arrival Hour,Unknown EMS Scene Arrival Minutes,Unknown,Unknown EMS Hospital Arrival Time,1,Dark - Lighted,Clear,0,1,[],[],0,0,Valid,0.0,0.0,53.0,53.0,['Male'],0,0,3,3,4,Dry,Straight,Level,Lowest,No
11694,13,Georgia,131009,1,1,1,0,1,MACON,September,7,Thursday,20,28,Urban,High Speed (Arterial),Yes,32.84470833,-83.63261667,Non-Intersection,Dark - Not Lighted,Cloudy,Unknown,Unknown,Unknown EMS Scene Arrival Hour,Unknown EMS Scene Arrival Minutes,Unknown,Unknown EMS Hospital Arrival Time,1,Dark - Unlighted,Reduced Visibility,0,1,[],[],0,0,Invalid,0.0,0.0,28.0,28.0,['Female'],0,0,3,3,4,Wet/Standing Water,Straight,Level,Lowest,No
11695,13,Georgia,131010,0,1,1,0,1,EAST ELLIJAY,September,8,Friday,2,30,Rural,Medium Speed (Collector),Yes,34.59178889,-84.31059167,Non-Intersection,Dark - Not Lighted,Clear,2:00am-2:59am,34,2:00am-2:59am,46,Not Applicable (Not Transported),Not Applicable (Not Transported),1,Dark - Unlighted,Clear,1,0,['Driver'],['None_Used'],0,0,Valid,0.0,1.0,23.0,23.0,['Female'],0,0,3,4,3,Dry,Curve,Grade/Hillcrest,Lowest,No
11696,13,Georgia,131011,1,1,1,0,1,MCDONOUGH,September,2,Saturday,7,54,Urban,Low Speed (Local),No,33.44146111,-84.17833611,Non-Intersection,Daylight,Clear,7:00am-7:59am,55,8:00am-8:59am,10,8:00am-8:59am,47,1,Daylight,Clear,0,1,[],[],0,0,Invalid,0.0,0.0,26.0,26.0,['Male'],1,0,2,3,4,Dry,Curve,Grade/Hillcrest,Lowest,No
11697,13,Georgia,131012,0,2,2,0,2,Not Reported,September,7,Thursday,20,41,Urban,Medium Speed (Collector),No,34.25013611,-83.98006667,Simple Junction,Dark - Not Lighted,Clear,9:00am-9:59am,0,9:00am-9:59am,12,9:00am-9:59am,46,1,Dark - Unlighted,Clear,1,1,['Driver'],['None_Used'],1,1,Invalid,0.0,0.0,53.0,35.0,"['Male', 'Male']",0,0,5,4,5,Dry,Straight,Level,Lowest,No
11698,13,Georgia,131013,0,2,2,0,4,BOWERSVILLE,September,8,Friday,7,29,Rural,High Speed (Arterial),Yes,34.37311389,-83.08540833,Simple Junction,Daylight,Cloudy,7:00am-7:59am,30,7:00am-7:59am,40,8:00am-8:59am,25,1,Daylight,Reduced Visibility,1,3,['Driver'],['Shoulder_Lapbelt'],0,0,Valid,1.0,0.0,59.0,57.0,"['Male', 'Male']",0,0,3,4,5,Dry,Curve,Level,Lowest,No
11699,13,Georgia,131016,0,1,1,0,1,Not Reported,September,9,Saturday,0,59,Rural,High Speed (Arterial),Yes,33.12545833,-84.00700556,Non-Intersection,Dark - Not Lighted,Clear,1:00am-1:59am,0,1:00am-1:59am,4,Not Applicable (Not Transported),Not Applicable (Not Transported),1,Dark - Unlighted,Clear,1,0,['Driver'],['None_Used'],0,0,Invalid,0.0,0.0,46.0,46.0,['Female'],0,0,3,4,3,Dry,Straight,Grade/Hillcrest,Lowest,No
11700,13,Georgia,131017,0,2,2,0,2,IVEY,September,9,Saturday,11,30,Rural,Medium Speed (Collector),No,32.90706389,-83.29347222,Non-Intersection,Daylight,Clear,11:00am-11:59am,33,11:00am-11:59am,44,Not Applicable (Not Transported),Not Applicable (Not Transported),1,Daylight,Clear,1,1,['Driver'],['None_Used'],0,0,Valid,0.0,0.0,83.0,41.0,"['Male', 'Male']",0,0,5,4,5,Dry,Straight,Level,Lowest,Yes
11701,13,Georgia,131018,0,2,2,0,3,Not Reported,September,9,Saturday,17,16,Urban,Medium Speed (Collector),No,33.92658056,-84.05539167,Simple Junction,Daylight,Cloudy,5:00pm-5:59pm,19,5:00pm-5:59pm,25,Not Applicable (Not Transported),Not Applicable (Not Transported),1,Daylight,Reduced Visibility,1,2,['Driver'],['None_Used'],0,0,Invalid,0.0,0.0,47.0,39.0,"['Male', 'Female']",0,0,5,4,5,Dry,Straight,Level,Lowest,No
11702,13,Georgia,131019,0,1,1,0,4,BOWDON,September,9,Saturday,17,40,Rural,Medium Speed (Collector),Yes,33.53934444,-85.26854722,Non-Intersection,Daylight,Clear,5:00pm-5:59pm,54,6:00pm-6:59pm,2,6:00pm-6:59pm,19,1,Daylight,Clear,1,3,['Driver'],['None_Used'],0,0,Valid,0.0,0.0,36.0,36.0,['Female'],0,0,3,4,2,Dry,Straight,Grade/Hillcrest,Lowest,No
11703,13,Georgia,131020,0,1,1,0,1,ATLANTA,September,9,Saturday,17,41,Urban,High Speed (Arterial),Yes,33.68999167,-84.49559167,Non-Intersection,Daylight,Clear,5:00pm-5:59pm,45,6:00pm-6:59pm,0,Not Applicable (Not Transported),Not Applicable (Not Transported),1,Daylight,Clear,1,0,['Driver'],['None_Used'],0,0,Valid,0.0,0.0,58.0,58.0,['Female'],0,0,2,4,3,Dry,Straight,Level,Lowest,No
11704,13,Georgia,131021,0,1,1,0,1,PELHAM,September,9,Saturday,19,43,Rural,Low Speed (Local),No,31.13463056,-84.15581944,Non-Intersection,Dusk,Cloudy,7:00pm-7:59pm,46,8:00pm-8:59pm,20,8:00pm-8:59pm,31,1,Twilight,Reduced Visibility,1,0,['Driver'],['None_Used'],0,0,Valid,0.0,0.0,89.0,89.0,['Male'],0,0,2,4,3,Wet/Standing Water,Straight,Level,Medium,No
11705,13,Georgia,131022,1,1,1,0,1,MADRAS,September,9,Saturday,20,40,Urban,Medium Speed (Collector),No,33.44114167,-84.73902222,Non-Intersection,Dark - Not Lighted,Clear,8:00pm-8:59pm,40,9:00pm-9:59pm,22,Not Applicable (Not Transported),Not Applicable (Not Transported),1,Dark - Unlighted,Clear,0,1,[],[],0,0,Valid,0.0,0.0,20.0,20.0,['Male'],0,0,2,3,4,Dry,Straight,Grade/Hillcrest,Lowest,No
11706,13,Georgia,131023,0,1,1,0,1,ATHENS,September,12,Tuesday,16,37,Urban,High Speed (Arterial),Yes,33.93455278,-83.31459722,Non-Intersection,Daylight,Cloudy,4:00pm-4:59pm,41,4:00pm-4:59pm,44,Not Applicable (Not Transported),Not Applicable (Not Transported),1,Daylight,Reduced Visibility,1,0,['Driver'],['Shoulder_Lapbelt'],0,0,Valid,0.0,0.0,27.0,27.0,['Male'],0,0,4,4,3,Dry,Straight,Level,Lowest,No
11707,13,Georgia,131024,0,2,2,0,2,ROME,September,14,Thursday,6,47,Urban,Medium Speed (Collector),No,34.33245556,-85.08393056,Complex/Circle,Dark - Not Lighted,Cloudy,6:00am-6:59am,48,6:00am-6:59am,54,7:00am-7:59am,24,1,Dark - Unlighted,Reduced Visibility,1,1,['Driver'],['None_Used'],0,0,Valid,0.0,1.0,49.0,37.0,"['Male', 'Male']",0,0,5,4,5,Dry,Curve,Level,Lowest,No
11708,13,Georgia,131025,0,1,1,0,4,HIAWASSEE,August,23,Wednesday,12,0,Rural,High Speed (Arterial),Yes,34.94630556,-83.75438611,Non-Intersection,Daylight,Clear,12:00pm-12:59pm,6,12:00pm-12:59pm,6,12:00pm-12:59pm,40,1,Daylight,Clear,1,3,['Rear_Seat'],['Shoulder_Lapbelt'],0,0,Valid,0.0,1.0,69.0,69.0,['Female'],0,0,3,4,2,Dry,Straight,Level,Lowest,No
11709,13,Georgia,131026,0,2,2,0,2,ROME,September,8,Friday,19,0,Urban,Medium Speed (Collector),Yes,34.33245833,-85.08388056,Complex/Circle,Daylight,Clear,7:00pm-7:59pm,4,7:00pm-7:59pm,7,7:00pm-7:59pm,44,1,Daylight,Clear,1,1,['Driver'],['None_Used'],0,0,Valid,0.0,0.0,69.0,26.0,"['Male', 'Male']",0,0,5,4,5,Dry,Straight,Grade/Hillcrest,Lowest,No
11710,13,Georgia,131027,0,2,2,0,2,GRIFFIN,September,10,Sunday,19,27,Urban,High Speed (Arterial),Yes,33.27450278,-84.29120833,Complex/Circle,Daylight,Clear,7:00pm-7:59pm,35,7:00pm-7:59pm,42,8:00pm-8:59pm,25,1,Daylight,Clear,1,1,['Driver'],['Shoulder_Lapbelt'],0,0,Invalid,0.0,0.0,81.0,42.0,"['Male', 'Male']",1,0,3,4,5,Dry,Straight,Level,Lowest,No
11711,13,Georgia,131028,0,1,1,0,3,TRENTON,September,10,Sunday,16,40,Rural,Medium Speed (Collector),No,34.86773889,-85.54366944,Non-Intersection,Daylight,Clear,4:00pm-4:59pm,41,5:00pm-5:59pm,8,5:00pm-5:59pm,51,1,Daylight,Clear,1,2,['Front_Passenger'],['None_Used'],0,0,Valid,0.0,0.0,41.0,41.0,['Male'],0,0,3,4,3,Dry,Curve,Grade/Hillcrest,Lowest,No
11712,13,Georgia,131029,1,1,1,0,1,SAVANNAH,September,10,Sunday,23,8,Urban,High Speed (Arterial),Yes,32.07432778,-81.09849722,Non-Intersection,Dark - Lighted,Clear,11:00pm-11:59pm,11,11:00pm-11:59pm,17,11:00pm-11:59pm,34,1,Dark - Lighted,Clear,0,1,[],[],0,0,Invalid,0.0,0.0,999.0,999.0,['Other'],0,0,1,3,4,Dry,Curve,Grade/Hillcrest,Lowest,No
11713,13,Georgia,131030,0,2,2,0,2,Not Reported,September,11,Monday,8,5,Urban,High Speed (Arterial),Yes,33.97319444,-83.85306944,Complex/Circle,Daylight,Clear,8:00am-8:59am,7,8:00am-8:59am,10,Not Applicable (Not Transported),Not Applicable (Not Transported),1,Daylight,Clear,1,1,['Driver'],['Shoulder_Lapbelt'],0,0,Valid,1.0,0.0,33.0,30.0,"['Female', 'Male']",0,0,4,4,5,Dry,Straight,Level,Lowest,No
11714,13,Georgia,131031,0,2,2,0,3,CLARKESVILLE,September,8,Friday,8,1,Rural,Medium Speed (Collector),No,34.63021389,-83.61463333,Non-Intersection,Daylight,Clear,8:00am-8:59am,1,8:00am-8:59am,9,9:00am-9:59am,2,1,Daylight,Clear,1,2,['Driver'],['Shoulder_Lapbelt'],0,0,Valid,0.0,0.0,77.0,57.0,"['Male', 'Female']",0,0,3,4,5,Dry,Curve,Level,Lowest,No
11715,13,Georgia,131032,0,2,2,0,2,SUWANEE,September,13,Wednesday,14,40,Urban,High Speed (Arterial),Yes,34.05203889,-84.08871667,Complex/Circle,Daylight,Clear,2:00pm-2:59pm,50,2:00pm-2:59pm,52,3:00pm-3:59pm,39,1,Daylight,Clear,1,1,['Driver'],['Shoulder_Lapbelt'],0,0,Valid,0.0,0.0,88.0,64.0,"['Male', 'Male']",0,0,3,4,5,Dry,Straight,Level,Lowest,No
11716,13,Georgia,131033,1,1,1,0,4,CORNELIA,September,13,Wednesday,18,11,Urban,High Speed (Arterial),No,34.51255833,-83.55761389,Non-Intersection,Daylight,Clear,6:00pm-6:59pm,8,6:00pm-6:59pm,15,6:00pm-6:59pm,49,1,Daylight,Clear,0,4,[],[],0,0,Valid,0.0,0.0,37.0,37.0,['Female'],0,0,3,2,4,Wet/Standing Water,Curve,Level,Lowest,No
11717,13,Georgia,131034,0,2,2,0,3,LAKE PARK,September,14,Thursday,11,29,Rural,High Speed (Arterial),Yes,30.628875,-83.17585833,Non-Intersection,Daylight,Clear,11:00am-11:59am,30,11:00am-11:59am,59,12:00pm-12:59pm,4,1,Daylight,Clear,1,2,['Driver'],['None_Used'],0,0,Invalid,0.0,0.0,36.0,23.0,"['Male', 'Male']",2,0,3,4,5,Dry,Straight,Level,Lowest,No
11718,13,Georgia,131035,0,1,1,0,2,MONTICELLO,September,15,Friday,20,22,Rural,Medium Speed (Collector),No,33.33999722,-83.65099167,Non-Intersection,Dark - Not Lighted,Clear,8:00pm-8:59pm,25,8:00pm-8:59pm,33,8:00pm-8:59pm,58,1,Dark - Unlighted,Clear,1,1,['Driver'],['None_Used'],1,1,Valid,0.0,1.0,55.0,55.0,['Male'],2,0,1,4,2,Dry,Straight,Level,Lowest,No
11719,13,Georgia,131036,1,1,1,0,1,JESUP,September,15,Friday,20,50,Urban,High Speed (Arterial),Yes,31.60469722,-81.90928889,Simple Junction,Dark - Lighted,Cloudy,8:00pm-8:59pm,52,8:00pm-8:59pm,54,Unknown,Unknown EMS Hospital Arrival Time,1,Dark - Lighted,Reduced Visibility,0,1,[],[],0,0,Valid,0.0,0.0,33.0,33.0,['Male'],0,0,2,4,4,Dry,Straight,Level,Lowest,No