,State_Code,State_Name,Crash_ID,Count_Non_Motorists,Count_Vehicles_Total,Count_Vehicle_Forms,Count_PVH_Involved,Count_Occupants_MV,City_Name,Month_Name,Day_of_Month,Day_of_Week,Crash_Hour,Crash_Minute,Area_Rural_Urban,Road_Functional_Class,On_NHS_Road,Latitude,Longitude,Intersection_Type,Light_Condition,Weather_Condition,Notif_Hour,Notif_Minute,Arrival_Hour,Arrival_Minute,Hospital_Hour,Hospital_Minute,Fatalities_Count,Clean_Light_Condition,Clean_Weather_Condition,Total_Killed,Total_Alive,Fatal_Seats_List,Killed_Restraint_List,Any_Driver_Drinking,Total_Drinking_Drivers,Driver_License_Category,Driver_Max_Prev_Accident_Count,Driver_Max_Prev_Speeding_Count,Max_Driver_Age,Min_Driver_Age,Driver_Sex_List,Total_Exceeding_Limit_Vehicles,Total_Too_Fast_Vehicles,Max_Vehicle_Type_Severity_5,Max_Vehicle_Damage_Rank,Max_Harmful_Event_Severity,Crash_Road_Surface_Condition,Crash_Horizontal_Alignment,Crash_Vertical_Profile,Crash_Impairment_Category,Crash_Vehicle_Defect
11720,13,Georgia,131037,1,2,1,1,1,Not Reported,September,12,Tuesday,6,0,Rural,High Speed (Arterial),Yes,32.67560833,-83.47909444,Non-Intersection,Dark - Not Lighted,Clear,6:00am-6:59am,0,6:00am-6:59am,23,Not Applicable (Not Transported),Not Applicable (Not Transported),1,Dark - Unlighted,Clear,1,0,['Driver'],['Shoulder_Lapbelt'],0,0,Valid,1.0,1.0,27.0,27.0,['Male'],0,0,4,4,3,Dry,Straight,Level,Lowest,No
11721,13,Georgia,131038,0,2,2,0,2,MORROW,September,15,Friday,21,34,Urban,High Speed (Arterial),Yes,33.57203333,-84.33105278,Non-Intersection,Dark - Not Lighted,Cloudy,10:00pm-10:59pm,24,Unknown EMS Scene Arrival Hour,Unknown EMS Scene Arrival Minutes,Not Applicable (Not Transported),Not Applicable (Not Transported),1,Dark - Unlighted,Reduced Visibility,1,1,['Driver'],['None_Used'],0,0,Valid,0.0,0.0,32.0,24.0,"['Male', 'Female']",0,0,3,4,3,Dry,Straight,Grade/Hillcrest,Lowest,No
11722,13,Georgia,131039,0,1,1,0,2,LENOX,September,15,Friday,23,32,Urban,High Speed (Arterial),Yes,31.293525,-83.47711111,Non-Intersection,Dark - Not Lighted,Cloudy,11:00pm-11:59pm,33,11:00pm-11:59pm,47,0:00am-0:59am,13,1,Dark - Unlighted,Reduced Visibility,1,1,['Front_Passenger'],['None_Used'],1,1,Valid,0.0,1.0,35.0,35.0,['Male'],0,0,3,4,3,Dry,Straight,Level,Lowest,No
11723,13,Georgia,131040,0,1,1,0,1,BALL GROUND,September,16,Saturday,7,24,Rural,Low Speed (Local),No,34.35842778,-84.44701667,Non-Intersection,Daylight,Clear,7:00am-7:59am,25,7:00am-7:59am,36,Not Applicable (Not Transported),Not Applicable (Not Transported),1,Daylight,Clear,1,0,['Driver'],['None_Used'],1,1,Valid,0.0,0.0,23.0,23.0,['Male'],1,0,3,4,3,Dry,Curve,Grade/Hillcrest,Lowest,No
11724,13,Georgia,131041,0,1,1,0,1,Other,September,17,Sunday,0,0,Urban,Low Speed (Local),No,31.99858056,-80.98006111,Non-Intersection,Dark - Not Lighted,Clear,0:00am-0:59am,0,0:00am-0:59am,4,0:00am-0:59am,58,1,Dark - Unlighted,Clear,1,0,['Driver'],['None_Used'],1,1,Valid,0.0,0.0,32.0,32.0,['Male'],1,0,2,4,3,Dry,Curve,Level,Lowest,No
11725,13,Georgia,131042,0,2,2,0,2,MARIETTA,September,17,Sunday,0,58,Urban,Medium Speed (Collector),No,34.03223056,-84.5277,Complex/Circle,Dark - Lighted,Rain,1:00am-1:59am,4,1:00am-1:59am,15,1:00am-1:59am,39,1,Dark - Lighted,Rain/Wind/Minor,1,1,['Driver'],['None_Used'],1,1,Valid,0.0,0.0,50.0,25.0,"['Male', 'Male']",0,0,5,4,5,Wet/Standing Water,Straight,Grade/Hillcrest,Lowest,No
11726,13,Georgia,131043,0,5,5,0,7,FAIRMOUNT,September,17,Sunday,14,0,Rural,Medium Speed (Collector),No,34.446775,-84.70201111,Non-Intersection,Daylight,Clear,2:00pm-2:59pm,0,2:00pm-2:59pm,1,2:00pm-2:59pm,3,1,Daylight,Clear,1,6,['Front_Passenger'],['None_Used'],1,1,Valid,0.0,0.0,83.0,43.0,"['Male', 'Male', 'Male', 'Male', 'Female']",0,0,5,4,5,Dry,Straight,Level,Lowest,No
11727,13,Georgia,131044,1,1,1,0,1,ATLANTA,August,31,Thursday,5,51,Urban,High Speed (Arterial),Yes,33.66776389,-84.34019722,Non-Intersection,Dark - Lighted,Clear,5:00am-5:59am,51,6:00am-6:59am,0,Not Applicable (Not Transported),Not Applicable (Not Transported),1,Dark - Lighted,Clear,0,1,[],[],0,0,Valid,0.0,0.0,52.0,52.0,['Female'],0,0,1,3,4,Dry,Straight,Level,Lowest,No
11728,13,Georgia,131045,0,2,2,0,7,Other,September,11,Monday,23,22,Rural,High Speed (Arterial),Yes,33.19424167,-84.05863889,Non-Intersection,Dark - Not Lighted,Clear,11:00pm-11:59pm,29,11:00pm-11:59pm,40,Unknown,Unknown EMS Hospital Arrival Time,1,Dark - Unlighted,Clear,1,6,['Driver'],['Shoulder_Lapbelt'],0,0,Valid,0.0,3.0,29.0,22.0,"['Female', 'Female']",0,0,3,4,5,Dry,Straight,Level,Lowest,No
11729,13,Georgia,131046,0,2,2,0,3,TEMPLE,September,15,Friday,18,18,Rural,Medium Speed (Collector),No,33.68180833,-85.02523889,Simple Junction,Daylight,Cloudy,6:00pm-6:59pm,18,6:00pm-6:59pm,18,Not Applicable (Not Transported),Not Applicable (Not Transported),1,Daylight,Reduced Visibility,1,2,['Driver'],['None_Used'],1,1,Valid,0.0,1.0,40.0,35.0,"['Male', 'Male']",1,0,5,4,5,Dry,Curve,Grade/Hillcrest,Lowest,No
11730,13,Georgia,131047,1,2,2,0,2,Other,September,16,Saturday,8,51,Urban,High Speed (Arterial),Yes,33.72189167,-84.50261111,Non-Intersection,Daylight,Rain,Unknown,Unknown,Unknown EMS Scene Arrival Hour,Unknown EMS Scene Arrival Minutes,Unknown,Unknown EMS Hospital Arrival Time,2,Daylight,Rain/Wind/Minor,1,1,['Driver'],['None_Used'],0,0,Valid,0.0,0.0,44.0,44.0,['Male'],0,0,4,4,5,Wet/Standing Water,Straight,Level,Lowest,No
11731,13,Georgia,131048,0,1,1,0,7,CHATSWORTH,September,17,Sunday,8,0,Rural,Medium Speed (Collector),No,34.81563611,-84.66733889,Non-Intersection,Daylight,Rain,8:00am-8:59am,9,8:00am-8:59am,26,8:00am-8:59am,40,1,Daylight,Rain/Wind/Minor,1,6,['Driver'],['None_Used'],0,0,Valid,1.0,0.0,65.0,65.0,['Female'],0,0,3,4,3,Wet/Standing Water,Curve,Grade/Hillcrest,Lowest,No
11732,13,Georgia,131049,0,1,1,0,1,MARIETTA,September,18,Monday,17,37,Urban,Low Speed (Local),No,33.96053333,-84.58549167,Non-Intersection,Daylight,Cloudy,5:00pm-5:59pm,41,5:00pm-5:59pm,46,Not Applicable (Not Transported),Not Applicable (Not Transported),1,Daylight,Reduced Visibility,1,0,['Driver'],['Shoulder_Lapbelt'],0,0,Valid,0.0,0.0,16.0,16.0,['Female'],0,0,3,4,3,Dry,Curve,Grade/Hillcrest,Lowest,No
11733,13,Georgia,131050,0,2,2,0,2,TOWNSEND,August,26,Saturday,20,14,Rural,High Speed (Arterial),Yes,31.5367,-81.44469444,Non-Intersection,Dark - Not Lighted,Cloudy,8:00pm-8:59pm,17,8:00pm-8:59pm,20,9:00pm-9:59pm,20,1,Dark - Unlighted,Reduced Visibility,1,1,['Driver'],['Shoulder_Lapbelt'],1,1,Valid,0.0,0.0,58.0,44.0,"['Male', 'Male']",0,0,4,4,5,Dry,Straight,Level,Lowest,No
11734,13,Georgia,131051,0,2,2,0,2,AUGUSTA,September,14,Thursday,8,52,Urban,Medium Speed (Collector),No,33.48439444,-81.99324722,Complex/Circle,Daylight,Clear,8:00am-8:59am,53,9:00am-9:59am,4,9:00am-9:59am,27,1,Daylight,Clear,1,1,['Driver'],['Shoulder_Lapbelt'],1,1,Invalid,0.0,1.0,64.0,37.0,"['Male', 'Female']",0,0,2,4,5,Dry,Straight,Level,Medium,No
11735,13,Georgia,131052,0,2,2,0,2,CHATSWORTH,September,15,Friday,14,58,Urban,High Speed (Arterial),No,34.78288889,-84.80719722,Non-Intersection,Daylight,Clear,2:00pm-2:59pm,59,3:00pm-3:59pm,4,Not Applicable (Not Transported),Not Applicable (Not Transported),2,Daylight,Clear,2,0,"['Driver', 'Driver']","['Shoulder_Lapbelt', 'Shoulder_Lapbelt']",0,0,Valid,0.0,0.0,60.0,36.0,"['Female', 'Female']",1,0,2,4,5,Dry,Straight,Level,Lowest,No
11736,13,Georgia,131053,0,2,2,0,2,BROOKLET,September,18,Monday,16,17,Rural,Medium Speed (Collector),No,32.37858333,-81.65799444,Complex/Circle,Daylight,Clear,4:00pm-4:59pm,18,4:00pm-4:59pm,23,Not Applicable (Not Transported),Not Applicable (Not Transported),1,Daylight,Clear,1,1,['Driver'],['None_Used'],0,0,Valid,0.0,0.0,77.0,75.0,"['Male', 'Male']",0,0,5,4,5,Dry,Straight,Level,Lowest,No
11737,13,Georgia,131055,1,1,1,0,1,LAFAYETTE,September,19,Tuesday,21,7,Rural,Medium Speed (Collector),No,34.69438889,-85.21767778,Non-Intersection,Dark - Not Lighted,Clear,9:00pm-9:59pm,10,9:00pm-9:59pm,20,Not Applicable (Not Transported),Not Applicable (Not Transported),1,Dark - Unlighted,Clear,0,1,[],[],0,0,Valid,1.0,0.0,24.0,24.0,['Male'],0,0,2,4,4,Dry,Curve,Grade/Hillcrest,Lowest,No
11738,13,Georgia,131056,0,1,1,0,2,AUSTELL,August,31,Thursday,16,30,Urban,High Speed (Arterial),Yes,33.77432778,-84.56979444,Non-Intersection,Daylight,Clear,4:00pm-4:59pm,31,4:00pm-4:59pm,47,5:00pm-5:59pm,22,1,Daylight,Clear,1,1,['Driver'],['None_Used'],0,0,Valid,0.0,4.0,32.0,32.0,['Female'],0,0,3,4,3,Dry,Straight,Level,Medium,No
11739,13,Georgia,131057,0,2,2,0,2,AMERICUS,September,19,Tuesday,22,35,Urban,High Speed (Arterial),Yes,32.08841111,-84.24034722,Non-Intersection,Dark - Not Lighted,Clear,10:00pm-10:59pm,35,10:00pm-10:59pm,40,11:00pm-11:59pm,20,2,Dark - Unlighted,Clear,2,0,"['Driver', 'Driver']","['None_Used', 'None_Used']",1,1,Valid,0.0,0.0,67.0,43.0,"['Male', 'Male']",1,0,3,4,5,Dry,Straight,Level,Lowest,No
11740,13,Georgia,131058,1,1,1,0,1,DALTON,September,20,Wednesday,15,20,Urban,Medium Speed (Collector),No,34.80365278,-85.05509167,Non-Intersection,Daylight,Clear,3:00pm-3:59pm,30,3:00pm-3:59pm,44,Unknown,Unknown EMS Hospital Arrival Time,1,Daylight,Clear,0,1,[],[],0,0,Valid,0.0,0.0,41.0,41.0,['Male'],0,0,2,4,4,Dry,Straight,Grade/Hillcrest,Lowest,No
11741,13,Georgia,131059,0,1,1,0,1,PAVO,September,20,Wednesday,19,45,Rural,Medium Speed (Collector),No,30.9657,-83.6502,Non-Intersection,Dark - Not Lighted,Clear,7:00pm-7:59pm,46,7:00pm-7:59pm,53,Not Applicable (Not Transported),Not Applicable (Not Transported),1,Dark - Unlighted,Clear,1,0,['Driver'],['None_Used'],0,0,Valid,0.0,0.0,66.0,66.0,['Male'],0,0,5,4,3,Dry,Curve,Level,Lowest,No
11742,13,Georgia,131060,0,1,1,0,1,TALKING ROCK,September,21,Thursday,1,2,Rural,Medium Speed (Collector),No,34.52398056,-84.47206944,Simple Junction,Dark - Not Lighted,Clear,1:00am-1:59am,9,1:00am-1:59am,20,Not Applicable (Not Transported),Not Applicable (Not Transported),1,Dark - Unlighted,Clear,1,0,['Driver'],['None_Used'],0,0,Valid,0.0,0.0,41.0,41.0,['Male'],0,0,5,2,3,Dry,Straight,Grade/Hillcrest,Lowest,No
11743,13,Georgia,131061,1,1,1,0,1,ROCK SPRING,September,21,Thursday,6,50,Urban,High Speed (Arterial),Yes,34.82030833,-85.24089722,Non-Intersection,Dark - Not Lighted,Clear,6:00am-6:59am,50,7:00am-7:59am,5,Not Applicable (Not Transported),Not Applicable (Not Transported),1,Dark - Unlighted,Clear,0,1,[],[],0,0,Valid,0.0,0.0,20.0,20.0,['Male'],0,0,2,4,4,Dry,Straight,Grade/Hillcrest,Lowest,No
11744,13,Georgia,131062,0,1,1,0,1,APPLING,September,22,Friday,18,49,Rural,Medium Speed (Collector),No,33.59650278,-82.32048333,Non-Intersection,Daylight,Clear,6:00pm-6:59pm,52,6:00pm-6:59pm,56,Not Applicable (Not Transported),Not Applicable (Not Transported),1,Daylight,Clear,1,0,['Driver'],['None_Used'],0,0,Valid,1.0,1.0,27.0,27.0,['Male'],0,0,5,4,2,Dry,Curve,Level,Lowest,No
11745,13,Georgia,131063,0,2,2,0,2,HEPHZIBAH,September,22,Friday,21,24,Urban,Medium Speed (Collector),No,33.24369444,-81.94920278,Non-Intersection,Dark - Not Lighted,Clear,9:00pm-9:59pm,27,9:00pm-9:59pm,33,Not Applicable (Not Transported),Not Applicable (Not Transported),2,Dark - Unlighted,Clear,2,0,"['Driver', 'Driver']","['None_Used', 'Shoulder_Lapbelt']",0,0,Invalid,0.0,1.0,34.0,30.0,"['Male', 'Male']",1,0,3,4,5,Dry,Straight,Level,Lowest,No
11746,13,Georgia,131064,0,1,1,0,1,DALLAS,September,24,Sunday,8,32,Rural,Low Speed (Local),No,33.91779722,-84.92228889,Non-Intersection,Daylight,Clear,8:00am-8:59am,44,8:00am-8:59am,54,Not Applicable (Not Transported),Not Applicable (Not Transported),1,Daylight,Clear,1,0,['Driver'],['None_Used'],0,0,Valid,0.0,0.0,42.0,42.0,['Male'],0,0,5,4,3,Dry,Straight,Level,Lowest,No
11747,13,Georgia,131065,0,1,1,0,1,Not Reported,September,8,Friday,22,28,Urban,High Speed (Arterial),Yes,34.26927778,-84.46661667,Non-Intersection,Dark - Not Lighted,Clear,10:00pm-10:59pm,28,10:00pm-10:59pm,28,Not Applicable (Not Transported),Not Applicable (Not Transported),1,Dark - Unlighted,Clear,1,0,['Driver'],['Shoulder_Lapbelt'],1,1,Valid,0.0,0.0,52.0,52.0,['Male'],0,0,2,4,3,Dry,Straight,Level,Lowest,No
11748,13,Georgia,131066,0,1,1,0,2,TOCCOA,September,14,Thursday,22,15,Urban,High Speed (Arterial),Yes,34.53401667,-83.32218889,Non-Intersection,Dark - Not Lighted,Clear,10:00pm-10:59pm,17,10:00pm-10:59pm,18,10:00pm-10:59pm,54,1,Dark - Unlighted,Clear,1,1,['Front_Passenger'],['None_Used'],0,0,Valid,0.0,0.0,35.0,35.0,['Male'],0,0,5,4,2,Dry,Straight,Grade/Hillcrest,Lowest,No
11749,13,Georgia,131067,0,1,1,0,1,ROME,September,15,Friday,16,7,Urban,Low Speed (Local),No,34.26776111,-85.10481111,Non-Intersection,Daylight,Clear,4:00pm-4:59pm,12,4:00pm-4:59pm,24,4:00pm-4:59pm,39,1,Daylight,Clear,1,0,['Driver'],['None_Used'],0,0,Valid,1.0,0.0,42.0,42.0,['Male'],1,0,5,4,2,Dry,Curve,Grade/Hillcrest,Lowest,No
11750,13,Georgia,131068,0,2,2,0,2,LYONS,September,17,Sunday,19,14,Urban,High Speed (Arterial),Yes,32.19864167,-82.31392778,Simple Junction,Dusk,Cloudy,7:00pm-7:59pm,14,7:00pm-7:59pm,24,8:00pm-8:59pm,24,1,Twilight,Reduced Visibility,1,1,['Driver'],['None_Used'],0,0,Valid,0.0,1.0,57.0,35.0,"['Male', 'Female']",0,0,2,4,5,Wet/Standing Water,Straight,Level,Lowest,No
11751,13,Georgia,131069,0,3,3,0,7,BETHLEHEM,September,21,Thursday,4,45,Urban,High Speed (Arterial),Yes,33.942,-83.716025,Complex/Circle,Dark - Not Lighted,Clear,4:00am-4:59am,56,5:00am-5:59am,1,5:00am-5:59am,30,3,Dark - Unlighted,Clear,3,4,"['Rear_Seat', 'Rear_Seat', 'Rear_Seat']","['None_Used', 'None_Used', 'None_Used']",0,0,Invalid,0.0,0.0,65.0,40.0,"['Male', 'Male', 'Male']",0,0,4,4,5,Dry,Straight,Grade/Hillcrest,Lowest,No
11752,13,Georgia,131070,1,1,1,0,2,GUYTON,September,22,Friday,21,4,Urban,Medium Speed (Collector),No,32.18871389,-81.33221111,Non-Intersection,Dark - Not Lighted,Clear,9:00pm-9:59pm,4,9:00pm-9:59pm,4,Not Applicable (Not Transported),Not Applicable (Not Transported),1,Dark - Unlighted,Clear,0,2,[],[],0,0,Valid,0.0,0.0,41.0,41.0,['Male'],0,0,2,3,4,Dry,Straight,Level,Lowest,No
11753,13,Georgia,131071,0,6,6,0,6,Not Reported,September,23,Saturday,6,32,Urban,High Speed (Arterial),Yes,33.8096,-83.79731111,Complex/Circle,Dark - Not Lighted,Clear,6:00am-6:59am,40,7:00am-7:59am,0,7:00am-7:59am,20,1,Dark - Unlighted,Clear,1,5,['Driver'],['None_Used'],0,0,Valid,1.0,0.0,73.0,30.0,"['Male', 'Male', 'Male', 'Male', 'Male', 'Female']",0,0,5,4,5,Dry,Straight,Grade/Hillcrest,Lowest,No
11754,13,Georgia,131072,0,1,1,0,2,Not Reported,September,23,Saturday,7,30,Rural,Medium Speed (Collector),No,34.08319444,-83.25303611,Non-Intersection,Daylight,Clear,7:00am-7:59am,34,7:00am-7:59am,41,Not Applicable (Not Transported),Not Applicable (Not Transported),2,Daylight,Clear,2,0,"['Driver', 'Front_Passenger']","['None_Used', 'None_Used']",0,0,Valid,0.0,0.0,44.0,44.0,['Male'],0,0,2,4,3,Dry,Curve,Grade/Hillcrest,Lowest,No
11755,13,Georgia,131073,0,1,1,0,7,Not Reported,September,24,Sunday,0,1,Rural,Low Speed (Local),No,32.72893611,-83.28643611,Simple Junction,Dark - Not Lighted,Clear,0:00am-0:59am,14,0:00am-0:59am,19,Not Applicable (Not Transported),Not Applicable (Not Transported),1,Dark - Unlighted,Clear,1,6,['Rear_Seat'],['None_Used'],0,0,Valid,0.0,0.0,24.0,24.0,['Male'],0,0,5,4,3,Loose/Unpaved,Curve,Level,Lowest,No
11756,13,Georgia,131074,0,2,2,0,2,Not Reported,September,24,Sunday,14,5,Urban,High Speed (Arterial),Yes,31.92636389,-81.33328889,Non-Intersection,Daylight,Clear,2:00pm-2:59pm,3,2:00pm-2:59pm,7,Not Applicable (Not Transported),Not Applicable (Not Transported),1,Daylight,Clear,1,1,['Driver'],['None_Used'],0,0,Valid,0.0,1.0,73.0,60.0,"['Female', 'Male']",0,0,5,4,5,Dry,Straight,Non-Trafficway,Lowest,No
11757,13,Georgia,131075,0,1,1,0,2,SMITHVILLE,September,24,Sunday,16,49,Rural,Low Speed (Local),No,31.88888333,-84.2862,Non-Intersection,Daylight,Clear,4:00pm-4:59pm,55,5:00pm-5:59pm,5,5:00pm-5:59pm,45,1,Daylight,Clear,1,1,['Front_Passenger'],['None_Used'],0,0,Valid,0.0,0.0,21.0,21.0,['Male'],2,0,3,4,3,Dry,Curve,Level,Lowest,No
11758,13,Georgia,131076,0,1,1,0,2,EASTMAN,September,24,Sunday,17,25,Rural,Medium Speed (Collector),No,32.06429444,-83.21080556,Non-Intersection,Daylight,Clear,5:00pm-5:59pm,35,5:00pm-5:59pm,40,6:00pm-6:59pm,0,1,Daylight,Clear,1,1,['Front_Passenger'],['Lapbelt_Only'],0,0,Valid,0.0,0.0,78.0,78.0,['Male'],0,0,3,4,3,Dry,Straight,Grade/Hillcrest,Lowest,No
11759,13,Georgia,131077,0,1,1,0,1,Not Reported,September,25,Monday,10,34,Urban,Medium Speed (Collector),No,33.51089167,-84.27766111,Non-Intersection,Daylight,Clear,10:00am-10:59am,35,10:00am-10:59am,40,Not Applicable (Not Transported),Not Applicable (Not Transported),1,Daylight,Clear,1,0,['Driver'],['None_Used'],0,0,Valid,0.0,0.0,75.0,75.0,['Male'],0,0,3,4,3,Dry,Straight,Grade/Hillcrest,Lowest,No
11760,13,Georgia,131079,0,2,2,0,2,Other,September,25,Monday,6,26,Urban,Medium Speed (Collector),No,33.32689444,-84.51214167,Complex/Circle,Dark - Not Lighted,Clear,6:00am-6:59am,23,6:00am-6:59am,35,7:00am-7:59am,9,1,Dark - Unlighted,Clear,1,1,['Driver'],['None_Used'],0,0,Valid,0.0,0.0,53.0,47.0,"['Male', 'Female']",0,0,3,4,5,Dry,Straight,Level,Lowest,No
11761,13,Georgia,131080,0,1,1,0,1,LITHIA SPRINGS,September,27,Wednesday,0,25,Urban,Low Speed (Local),No,33.73809444,-84.65059722,Non-Intersection,Dark - Not Lighted,Clear,0:00am-0:59am,28,0:00am-0:59am,38,Not Applicable (Not Transported),Not Applicable (Not Transported),1,Dark - Unlighted,Clear,1,0,['Driver'],['None_Used'],0,0,Valid,0.0,0.0,34.0,34.0,['Male'],0,0,2,4,2,Dry,Straight,Grade/Hillcrest,Lowest,No
11762,13,Georgia,131081,0,1,1,0,1,STATESBORO,September,27,Wednesday,20,1,Urban,Medium Speed (Collector),No,32.37097222,-81.81350833,Non-Intersection,Dark - Not Lighted,Cloudy,8:00pm-8:59pm,2,8:00pm-8:59pm,10,Not Applicable (Not Transported),Not Applicable (Not Transported),1,Dark - Unlighted,Reduced Visibility,1,0,['Driver'],['None_Used'],0,0,Invalid,0.0,0.0,49.0,49.0,['Male'],0,0,3,4,3,Dry,Straight,Grade/Hillcrest,Lowest,No
11763,13,Georgia,131082,0,2,2,0,2,TALLAPOOSA,September,28,Thursday,15,40,Rural,Medium Speed (Collector),No,33.78946944,-85.29632778,Non-Intersection,Daylight,Clear,3:00pm-3:59pm,41,3:00pm-3:59pm,49,4:00pm-4:59pm,23,2,Daylight,Clear,2,0,"['Driver', 'Driver']","['None_Used', 'Shoulder_Lapbelt']",0,0,Valid,0.0,2.0,76.0,25.0,"['Male', 'Male']",0,0,3,4,5,Dry,Straight,Grade/Hillcrest,Lowest,No
11764,13,Georgia,131083,0,1,1,0,1,STATESBORO,September,28,Thursday,18,30,Rural,Medium Speed (Collector),No,32.32421389,-81.73425278,Non-Intersection,Dusk,Cloudy,6:00pm-6:59pm,29,6:00pm-6:59pm,45,Not Applicable (Not Transported),Not Applicable (Not Transported),1,Twilight,Reduced Visibility,1,0,['Driver'],['None_Used'],0,0,Valid,0.0,0.0,64.0,64.0,['Male'],0,0,2,4,3,Dry,Straight,Grade/Hillcrest,Lowest,No
11765,13,Georgia,131084,0,2,1,1,1,STONE MOUNTAIN,September,29,Friday,0,34,Urban,Low Speed (Local),No,33.78176944,-84.11441944,Simple Junction,Dark - Not Lighted,Clear,0:00am-0:59am,34,0:00am-0:59am,40,1:00am-1:59am,0,1,Dark - Unlighted,Clear,1,0,['Driver'],['None_Used'],1,1,Valid,0.0,0.0,39.0,39.0,['Male'],0,0,5,2,5,Dry,Straight,Grade/Hillcrest,Lowest,No
11766,13,Georgia,131085,0,2,2,0,2,SNELLVILLE,September,29,Friday,7,46,Urban,High Speed (Arterial),Yes,33.87435556,-84.01788333,Complex/Circle,Daylight,Clear,7:00am-7:59am,46,7:00am-7:59am,50,Not Applicable (Not Transported),Not Applicable (Not Transported),1,Daylight,Clear,1,1,['Driver'],['None_Used'],0,0,Valid,0.0,0.0,66.0,19.0,"['Male', 'Female']",1,0,5,4,5,Wet/Standing Water,Straight,Grade/Hillcrest,Lowest,No
11767,13,Georgia,131086,1,2,1,1,2,WAYCROSS,September,30,Saturday,1,28,Urban,Low Speed (Local),No,31.16898889,-82.26360278,Non-Intersection,Dark - Not Lighted,Clear,1:00am-1:59am,32,1:00am-1:59am,46,2:00am-2:59am,12,1,Dark - Unlighted,Clear,1,1,['Front_Passenger'],['None_Used'],0,0,Valid,0.0,0.0,27.0,27.0,['Male'],2,0,5,4,5,Wet/Standing Water,Straight,Grade/Hillcrest,Lowest,No
11768,13,Georgia,131087,0,2,2,0,8,QUITMAN,September,23,Saturday,11,26,Rural,Medium Speed (Collector),No,30.75188333,-83.56240556,Complex/Circle,Daylight,Clear,11:00am-11:59am,47,11:00am-11:59am,54,12:00pm-12:59pm,22,1,Daylight,Clear,1,7,['Driver'],['Shoulder_Lapbelt'],0,0,Valid,0.0,0.0,75.0,32.0,"['Female', 'Male']",0,0,3,4,5,Dry,Straight,Level,Medium,No
11769,13,Georgia,131088,0,2,2,0,2,ROME,September,25,Monday,6,5,Urban,High Speed (Arterial),Yes,34.34129722,-85.172375,Complex/Circle,Dark - Lighted,Clear,Unknown,Unknown if Notified,Unknown EMS Scene Arrival Hour,Unknown if Arrived,Not Applicable (Not Transported),Not Applicable (Not Transported),1,Dark - Lighted,Clear,1,1,['Driver'],['None_Used'],0,0,Valid,0.0,0.0,46.0,34.0,"['Male', 'Male']",0,0,5,3,5,Dry,Straight,Level,Lowest,No
11770,13,Georgia,131089,0,2,2,0,2,Other,September,25,Monday,19,50,Urban,Medium Speed (Collector),No,31.63711944,-84.10863333,Non-Intersection,Daylight,Clear,7:00pm-7:59pm,52,7:00pm-7:59pm,55,Not Applicable (Not Transported),Not Applicable (Not Transported),1,Daylight,Clear,1,1,['Driver'],['None_Used'],0,0,Valid,0.0,0.0,40.0,18.0,"['Male', 'Male']",0,0,5,4,5,Dry,Straight,Level,Lowest,No
11771,13,Georgia,131090,0,1,1,0,1,Not Reported,September,26,Tuesday,22,13,Rural,High Speed (Arterial),Yes,31.901925,-81.36688056,Simple Junction,Dark - Not Lighted,Cloudy,10:00pm-10:59pm,15,10:00pm-10:59pm,19,11:00pm-11:59pm,19,1,Dark - Unlighted,Reduced Visibility,1,0,['Driver'],['None_Used'],1,1,Invalid,0.0,0.0,45.0,45.0,['Female'],1,0,3,4,3,Wet/Standing Water,Straight,Level,Lowest,No
11772,13,Georgia,131091,0,2,2,0,4,Not Reported,September,29,Friday,13,55,Rural,High Speed (Arterial),Yes,34.4542,-85.25240278,Non-Intersection,Daylight,Clear,2:00pm-2:59pm,2,2:00pm-2:59pm,21,2:00pm-2:59pm,38,3,Daylight,Clear,3,1,"['Driver', 'Driver', 'Front_Passenger']","['Shoulder_Lapbelt', 'Shoulder_Lapbelt', 'Shoulder_Lapbelt']",0,0,Valid,0.0,0.0,69.0,42.0,"['Male', 'Female']",0,0,3,4,5,Dry,Straight,Level,Lowest,No
11773,13,Georgia,131092,0,2,2,0,3,Not Reported,September,30,Saturday,2,54,Urban,High Speed (Arterial),Yes,31.31607222,-81.47688889,Non-Intersection,Dark - Not Lighted,Clear,2:00am-2:59am,56,3:00am-3:59am,3,3:00am-3:59am,8,1,Dark - Unlighted,Clear,1,2,['Front_Passenger'],['Shoulder_Lapbelt'],1,1,Valid,1.0,2.0,40.0,25.0,"['Male', 'Male']",0,0,3,4,5,Dry,Curve,Level,Lowest,No
11774,13,Georgia,131093,0,1,1,0,1,Not Reported,September,28,Thursday,16,46,Urban,Low Speed (Local),No,34.003275,-84.47353889,Non-Intersection,Daylight,Cloudy,4:00pm-4:59pm,50,4:00pm-4:59pm,54,5:00pm-5:59pm,12,1,Daylight,Reduced Visibility,1,0,['Driver'],['None_Used'],0,0,Valid,0.0,0.0,68.0,68.0,['Male'],0,0,3,4,3,Dry,Straight,Level,Lowest,No
11775,13,Georgia,131094,0,5,5,0,6,Not Reported,September,30,Saturday,3,40,Urban,High Speed (Arterial),Yes,33.67999722,-84.31550556,Non-Intersection,Dark - Lighted,Clear,3:00am-3:59am,49,4:00am-4:59am,10,5:00am-5:59am,0,2,Dark - Lighted,Clear,2,4,"['Driver', 'Driver']","['None_Used', 'None_Used']",0,0,Valid,1.0,3.0,68.0,28.0,"['Male', 'Female', 'Male', 'Male', 'Male']",0,0,5,4,5,Dry,Straight,Level,Lowest,No