,State_Code,State_Name,Crash_ID,Count_Non_Motorists,Count_Vehicles_Total,Count_Vehicle_Forms,Count_PVH_Involved,Count_Occupants_MV,City_Name,Month_Name,Day_of_Month,Day_of_Week,Crash_Hour,Crash_Minute,Area_Rural_Urban,Road_Functional_Class,On_NHS_Road,Latitude,Longitude,Intersection_Type,Light_Condition,Weather_Condition,Notif_Hour,Notif_Minute,Arrival_Hour,Arrival_Minute,Hospital_Hour,Hospital_Minute,Fatalities_Count,Clean_Light_Condition,Clean_Weather_Condition,Total_Killed,Total_Alive,Fatal_Seats_List,Killed_Restraint_List,Any_Driver_Drinking,Total_Drinking_Drivers,Driver_License_Category,Driver_Max_Prev_Accident_Count,Driver_Max_Prev_Speeding_Count,Max_Driver_Age,Min_Driver_Age,Driver_Sex_List,Total_Exceeding_Limit_Vehicles,Total_Too_Fast_Vehicles,Max_Vehicle_Type_Severity_5,Max_Vehicle_Damage_Rank,Max_Harmful_Event_Severity,Crash_Road_Surface_Condition,Crash_Horizontal_Alignment,Crash_Vertical_Profile,Crash_Impairment_Category,Crash_Vehicle_Defect
11776,13,Georgia,131095,1,4,3,1,3,Not Reported,September,30,Saturday,16,5,Urban,High Speed (Arterial),Yes,33.62969167,-84.41579167,Non-Intersection,Daylight,Clear,4:00pm-4:59pm,6,4:00pm-4:59pm,15,Not Applicable (Not Transported),Not Applicable (Not Transported),1,Daylight,Clear,1,2,['Driver'],['Shoulder_Lapbelt'],0,0,Valid,1.0,0.0,64.0,29.0,"['Female', 'Male', 'Male']",1,0,3,4,5,Dry,Straight,Level,Lowest,No
11777,13,Georgia,131096,0,2,2,0,2,Not Reported,September,30,Saturday,16,41,Rural,Medium Speed (Collector),No,34.726,-83.80855,Non-Intersection,Daylight,Clear,4:00pm-4:59pm,39,4:00pm-4:59pm,53,Not Applicable (Not Transported),Not Applicable (Not Transported),1,Daylight,Clear,1,1,['Driver'],['None_Used'],0,0,Valid,0.0,3.0,64.0,27.0,"['Male', 'Male']",0,0,5,4,5,Dry,Curve,Grade/Hillcrest,Lowest,No
11778,13,Georgia,131097,0,1,1,0,4,Not Reported,September,30,Saturday,18,30,Rural,Low Speed (Local),No,33.09535833,-85.22197222,Non-Intersection,Daylight,Clear,6:00pm-6:59pm,35,7:00pm-7:59pm,7,7:00pm-7:59pm,52,1,Daylight,Clear,1,3,['Front_Passenger'],['None_Used'],0,0,Invalid,0.0,0.0,12.0,12.0,['Male'],0,0,5,4,3,Dry,Curve,Grade/Hillcrest,Lowest,No
11779,13,Georgia,131098,0,2,2,0,4,Not Reported,October,1,Sunday,13,35,Urban,Medium Speed (Collector),No,33.88139167,-83.93888056,Complex/Circle,Daylight,Clear,1:00pm-1:59pm,35,1:00pm-1:59pm,37,1:00pm-1:59pm,55,1,Daylight,Clear,1,3,['Driver'],['Shoulder_Lapbelt'],0,0,Valid,0.0,2.0,31.0,17.0,"['Male', 'Female']",0,0,3,4,5,Dry,Straight,Level,Lowest,No
11780,13,Georgia,131099,0,2,2,0,2,Not Reported,October,3,Tuesday,7,20,Urban,Medium Speed (Collector),No,34.16901944,-83.74675278,Simple Junction,Dark - Lighted,Clear,7:00am-7:59am,20,7:00am-7:59am,29,Not Applicable (Not Transported),Not Applicable (Not Transported),1,Dark - Lighted,Clear,1,1,['Driver'],['None_Used'],0,0,Valid,1.0,0.0,64.0,39.0,"['Male', 'Male']",0,0,5,4,5,Dry,Straight,Grade/Hillcrest,Lowest,No
11781,13,Georgia,131100,1,1,1,0,1,Not Reported,October,4,Wednesday,3,24,Urban,Medium Speed (Collector),No,33.70324444,-84.27051111,Non-Intersection,Dark - Not Lighted,Clear,10:00am-10:59am,7,10:00am-10:59am,7,Not Applicable (Not Transported),Not Applicable (Not Transported),1,Dark - Unlighted,Clear,0,1,[],[],0,0,Invalid,0.0,0.0,38.0,38.0,['Male'],0,0,3,4,4,Dry,Straight,Level,Medium,No
11782,13,Georgia,131101,2,1,1,0,1,JESUP,October,2,Monday,7,8,Urban,High Speed (Arterial),Yes,31.60372778,-81.88918889,Non-Intersection,Daylight,Clear,7:00am-7:59am,11,7:00am-7:59am,12,7:00am-7:59am,25,1,Daylight,Clear,0,1,[],[],0,0,Valid,0.0,0.0,48.0,48.0,['Male'],0,0,3,4,4,Dry,Straight,Level,Lowest,No
11783,13,Georgia,131102,0,4,4,0,6,Not Reported,October,3,Tuesday,12,10,Urban,High Speed (Arterial),Yes,33.88416667,-84.73181389,Complex/Circle,Daylight,Clear,12:00pm-12:59pm,6,12:00pm-12:59pm,12,12:00pm-12:59pm,36,1,Daylight,Clear,1,5,['Front_Passenger'],['Shoulder_Lapbelt'],0,0,Valid,0.0,0.0,78.0,20.0,"['Male', 'Male', 'Male', 'Male']",0,0,3,4,5,Dry,Straight,Level,Lowest,No
11784,13,Georgia,131103,1,1,1,0,2,Not Reported,October,3,Tuesday,20,12,Urban,Medium Speed (Collector),No,34.12763056,-84.25665278,Non-Intersection,Dark - Not Lighted,Clear,8:00pm-8:59pm,13,8:00pm-8:59pm,16,Not Applicable (Not Transported),Not Applicable (Not Transported),1,Dark - Unlighted,Clear,0,2,[],[],0,0,Invalid,0.0,0.0,48.0,48.0,['Male'],0,0,3,4,4,Wet/Standing Water,Straight,Level,Lowest,No
11785,13,Georgia,131104,0,2,2,0,2,Not Reported,October,4,Wednesday,6,33,Rural,High Speed (Arterial),Yes,33.14156389,-82.03636944,Complex/Circle,Dark - Not Lighted,Clear,6:00am-6:59am,38,6:00am-6:59am,45,Not Applicable (Not Transported),Not Applicable (Not Transported),1,Dark - Unlighted,Clear,1,1,['Driver'],['Shoulder_Lapbelt'],0,0,Valid,0.0,0.0,59.0,55.0,"['Male', 'Female']",0,0,4,4,5,Dry,Straight,Grade/Hillcrest,Lowest,No
11786,13,Georgia,131105,0,1,1,0,1,Not Reported,October,4,Wednesday,9,14,Rural,Medium Speed (Collector),No,32.76243056,-84.4564,Non-Intersection,Daylight,Clear,8:00am-8:59am,15,8:00am-8:59am,41,Not Applicable (Not Transported),Not Applicable (Not Transported),1,Daylight,Clear,1,0,['Driver'],['Shoulder_Lapbelt'],0,0,Valid,0.0,0.0,78.0,78.0,['Male'],0,0,3,4,3,Dry,Straight,Level,Lowest,No
11787,13,Georgia,131106,1,1,1,0,1,Not Reported,October,4,Wednesday,17,43,Urban,Medium Speed (Collector),No,33.70366667,-84.15751389,Non-Intersection,Dark - Lighted,Clear,Unknown,Unknown if Notified,Unknown EMS Scene Arrival Hour,Unknown if Arrived,Not Applicable (Not Transported),Not Applicable (Not Transported),1,Dark - Lighted,Clear,0,1,[],[],0,0,Invalid,0.0,0.0,999.0,999.0,['Other'],0,0,1,0,4,Dry,Straight,Level,Lowest,No
11788,13,Georgia,131107,0,2,2,0,3,WRENS,October,6,Friday,13,0,Rural,High Speed (Arterial),Yes,33.21803333,-82.37884167,Complex/Circle,Daylight,Clear,1:00pm-1:59pm,1,1:00pm-1:59pm,2,Not Applicable (Not Transported),Not Applicable (Not Transported),1,Daylight,Clear,1,2,['Driver'],['None_Used'],0,0,Valid,0.0,0.0,76.0,26.0,"['Male', 'Female']",0,0,3,4,5,Dry,Straight,Level,Lowest,No
11789,13,Georgia,131108,0,1,1,0,1,Not Reported,October,9,Monday,18,53,Rural,Low Speed (Local),No,34.28034722,-83.17643611,Non-Intersection,Daylight,Clear,7:00pm-7:59pm,17,7:00pm-7:59pm,35,Not Applicable (Not Transported),Not Applicable (Not Transported),1,Daylight,Clear,1,0,['Driver'],['None_Used'],1,1,Valid,0.0,0.0,70.0,70.0,['Male'],0,0,3,4,3,Dry,Curve,Level,Lowest,No
11790,13,Georgia,131109,0,1,1,0,1,Not Reported,October,9,Monday,19,40,Rural,Low Speed (Local),No,32.11341389,-82.79064722,Non-Intersection,Dusk,Clear,7:00pm-7:59pm,18,7:00pm-7:59pm,29,Not Applicable (Not Transported),Not Applicable (Not Transported),1,Twilight,Clear,1,0,['Driver'],['None_Used'],0,0,Invalid,0.0,0.0,14.0,14.0,['Male'],0,0,5,3,3,Dry,Straight,Level,Lowest,No
11791,13,Georgia,131110,0,2,2,0,2,Not Reported,October,1,Sunday,23,43,Urban,High Speed (Arterial),Yes,32.51999444,-83.74311389,Non-Intersection,Dark - Not Lighted,Clear,11:00pm-11:59pm,48,0:00am-0:59am,7,Not Applicable (Not Transported),Not Applicable (Not Transported),1,Dark - Unlighted,Clear,1,1,['Driver'],['None_Used'],0,0,Valid,0.0,0.0,76.0,64.0,"['Male', 'Male']",0,0,2,4,5,Dry,Straight,Level,Lowest,No
11792,13,Georgia,131111,0,2,2,0,2,Not Reported,October,2,Monday,12,18,Rural,Medium Speed (Collector),No,30.88885556,-84.88403333,Complex/Circle,Daylight,Clear,12:00pm-12:59pm,25,12:00pm-12:59pm,35,Not Applicable (Not Transported),Not Applicable (Not Transported),2,Daylight,Clear,2,0,"['Driver', 'Driver']","['None_Used', 'None_Used']",0,0,Valid,0.0,1.0,40.0,24.0,"['Male', 'Male']",0,0,3,4,5,Dry,Straight,Level,Lowest,No
11793,13,Georgia,131112,0,2,2,0,2,ATLANTA,October,3,Tuesday,20,42,Urban,High Speed (Arterial),Yes,33.77151389,-84.43753333,Simple Junction,Dark - Lighted,Clear,9:00pm-9:59pm,0,9:00pm-9:59pm,15,Not Applicable (Not Transported),Not Applicable (Not Transported),1,Dark - Lighted,Clear,1,1,['Driver'],['None_Used'],0,0,Valid,0.0,0.0,44.0,36.0,"['Male', 'Female']",1,0,5,4,5,Dry,Straight,Level,Lowest,No
11794,13,Georgia,131113,0,3,3,0,3,POWDER SPRINGS,June,29,Thursday,12,10,Urban,Medium Speed (Collector),No,33.86616667,-84.68535,Complex/Circle,Daylight,Clear,12:00pm-12:59pm,16,12:00pm-12:59pm,22,12:00pm-12:59pm,46,1,Daylight,Clear,1,2,['Driver'],['Shoulder_Lapbelt'],0,0,Valid,0.0,0.0,54.0,26.0,"['Male', 'Male', 'Female']",0,0,2,4,5,Dry,Straight,Grade/Hillcrest,Lowest,No
11795,13,Georgia,131114,1,2,2,0,2,Not Reported,October,1,Sunday,22,26,Rural,Medium Speed (Collector),No,32.28874444,-83.44307222,Non-Intersection,Dark - Not Lighted,Clear,10:00pm-10:59pm,28,10:00pm-10:59pm,33,Not Applicable (Not Transported),Not Applicable (Not Transported),1,Dark - Unlighted,Clear,0,2,[],[],0,0,Valid,0.0,0.0,66.0,21.0,"['Male', 'Male']",0,0,3,3,4,Dry,Straight,Grade/Hillcrest,Lowest,No
11796,13,Georgia,131115,0,1,1,0,1,Not Reported,October,4,Wednesday,19,45,Rural,Medium Speed (Collector),No,30.97673611,-83.41263889,Non-Intersection,Dark - Not Lighted,Clear,7:00pm-7:59pm,50,8:00pm-8:59pm,18,Not Applicable (Not Transported),Not Applicable (Not Transported),1,Dark - Unlighted,Clear,1,0,['Driver'],['Shoulder_Lapbelt'],0,0,Valid,0.0,0.0,76.0,76.0,['Female'],0,0,3,4,2,Dry,Straight,Level,Lowest,No
11797,13,Georgia,131116,1,1,1,0,1,COLUMBUS,October,4,Wednesday,23,5,Urban,High Speed (Arterial),Yes,32.46417222,-84.89639722,Non-Intersection,Dark - Not Lighted,Clear,11:00pm-11:59pm,6,11:00pm-11:59pm,9,Not Applicable (Not Transported),Not Applicable (Not Transported),1,Dark - Unlighted,Clear,0,1,[],[],1,1,Valid,0.0,1.0,30.0,30.0,['Male'],0,0,2,4,4,Dry,Straight,Grade/Hillcrest,Lowest,No
11798,13,Georgia,131117,0,2,2,0,3,ROCKMART,October,5,Thursday,16,37,Rural,High Speed (Arterial),Yes,33.97524167,-85.00519444,Complex/Circle,Daylight,Cloudy,4:00pm-4:59pm,36,4:00pm-4:59pm,41,5:00pm-5:59pm,11,1,Daylight,Reduced Visibility,1,2,['Driver'],['Shoulder_Lapbelt'],0,0,Valid,0.0,0.0,47.0,30.0,"['Male', 'Male']",0,0,2,4,5,Dry,Straight,Grade/Hillcrest,Lowest,No
11799,13,Georgia,131118,0,2,2,0,2,ATLANTA,October,6,Friday,6,34,Urban,Medium Speed (Collector),No,33.69646667,-84.60709444,Complex/Circle,Dark - Not Lighted,Clear,6:00am-6:59am,34,7:00am-7:59am,0,Not Applicable (Not Transported),Not Applicable (Not Transported),1,Dark - Unlighted,Clear,1,1,['Driver'],['Shoulder_Lapbelt'],0,0,Valid,0.0,1.0,69.0,28.0,"['Male', 'Male']",0,0,4,4,5,Dry,Straight,Level,Lowest,No
11800,13,Georgia,131119,1,1,1,0,2,Not Reported,October,7,Saturday,0,5,Urban,Medium Speed (Collector),No,33.69478889,-84.32236944,Non-Intersection,Dark - Lighted,Clear,Unknown,Unknown,Unknown EMS Scene Arrival Hour,Unknown EMS Scene Arrival Minutes,Not Applicable (Not Transported),Not Applicable (Not Transported),1,Dark - Lighted,Clear,0,2,[],[],0,0,Valid,0.0,0.0,38.0,38.0,['Male'],0,0,2,4,4,Dry,Straight,Level,Lowest,No
11801,13,Georgia,131120,1,1,1,0,1,AUGUSTA,October,7,Saturday,19,35,Urban,Medium Speed (Collector),No,33.41939722,-82.0274,Non-Intersection,Dark - Lighted,Clear,7:00pm-7:59pm,38,7:00pm-7:59pm,44,Not Applicable (Not Transported),Not Applicable (Not Transported),1,Dark - Lighted,Clear,0,1,[],[],0,0,Invalid,0.0,0.0,29.0,29.0,['Female'],0,0,3,4,4,Dry,Straight,Level,Lowest,No
11802,13,Georgia,131121,1,1,1,0,1,AUGUSTA,October,7,Saturday,20,8,Urban,Medium Speed (Collector),No,33.40775278,-82.03778611,Non-Intersection,Dark - Not Lighted,Clear,8:00pm-8:59pm,10,8:00pm-8:59pm,15,Not Applicable (Not Transported),Not Applicable (Not Transported),1,Dark - Unlighted,Clear,0,1,[],[],0,0,Valid,0.0,0.0,44.0,44.0,['Male'],1,0,2,3,4,Dry,Straight,Level,Lowest,No
11803,13,Georgia,131122,0,2,2,0,2,DOUGLASVILLE,October,8,Sunday,6,23,Urban,High Speed (Arterial),Yes,33.75399444,-84.7065,Non-Intersection,Dark - Not Lighted,Clear,6:00am-6:59am,26,6:00am-6:59am,34,Not Applicable (Not Transported),Not Applicable (Not Transported),1,Dark - Unlighted,Clear,1,1,['Driver'],['None_Used'],1,1,Valid,0.0,3.0,51.0,41.0,"['Male', 'Male']",0,0,3,4,5,Dry,Straight,Grade/Hillcrest,Lowest,No
11804,13,Georgia,131123,0,1,1,0,1,CANTON,October,8,Sunday,9,38,Urban,Medium Speed (Collector),No,34.19690833,-84.53100556,Non-Intersection,Daylight,Clear,9:00am-9:59am,40,9:00am-9:59am,49,10:00am-10:59am,27,1,Daylight,Clear,1,0,['Driver'],['None_Used'],0,0,Invalid,0.0,0.0,66.0,66.0,['Male'],0,0,3,4,3,Dry,Straight,Level,Lowest,No
11805,13,Georgia,131124,0,3,3,0,3,MACON,October,8,Sunday,23,6,Urban,High Speed (Arterial),Yes,32.7939,-83.6654,Non-Intersection,Dark - Lighted,Clear,11:00pm-11:59pm,18,11:00pm-11:59pm,25,11:00pm-11:59pm,45,1,Dark - Lighted,Clear,1,2,['Driver'],['Shoulder_Lapbelt'],0,0,Invalid,0.0,0.0,69.0,47.0,"['Male', 'Male', 'Male']",0,0,4,4,5,Dry,Straight,Level,Lowest,No
11806,13,Georgia,131125,0,1,1,0,1,Not Reported,October,9,Monday,7,20,Urban,Medium Speed (Collector),No,31.00288611,-83.33936944,Non-Intersection,Dawn,Clear,7:00am-7:59am,26,7:00am-7:59am,33,Not Applicable (Not Transported),Not Applicable (Not Transported),1,Twilight,Clear,1,0,['Driver'],['None_Used'],0,0,Valid,0.0,2.0,32.0,32.0,['Male'],0,0,2,4,3,Dry,Straight,Level,Lowest,No
11807,13,Georgia,131126,0,3,3,0,3,Not Reported,October,9,Monday,20,47,Rural,High Speed (Arterial),Yes,33.45020278,-85.12442222,Non-Intersection,Dark - Not Lighted,Clear,8:00pm-8:59pm,46,9:00pm-9:59pm,3,Not Applicable (Not Transported),Not Applicable (Not Transported),3,Dark - Unlighted,Clear,3,0,"['Driver', 'Driver', 'Driver']","['Shoulder_Lapbelt', 'Shoulder_Lapbelt', 'Shoulder_Lapbelt']",1,1,Valid,1.0,0.0,40.0,20.0,"['Male', 'Female', 'Male']",0,0,2,4,5,Dry,Straight,Level,Lowest,No
11808,13,Georgia,131127,1,1,1,0,1,Not Reported,October,2,Monday,20,46,Urban,Medium Speed (Collector),No,33.90700556,-84.56153056,Non-Intersection,Dark - Not Lighted,Clear,8:00pm-8:59pm,46,8:00pm-8:59pm,53,9:00pm-9:59pm,31,1,Dark - Unlighted,Clear,0,1,[],[],0,0,Valid,0.0,1.0,43.0,43.0,['Male'],0,0,2,4,4,Dry,Straight,Level,Lowest,No
11809,13,Georgia,131128,0,2,2,0,4,Not Reported,October,6,Friday,13,29,Rural,High Speed (Arterial),Yes,34.40874167,-83.99681944,Simple Junction,Daylight,Cloudy,1:00pm-1:59pm,39,1:00pm-1:59pm,46,2:00pm-2:59pm,27,1,Daylight,Reduced Visibility,1,3,['Front_Passenger'],['Shoulder_Lapbelt'],0,0,Valid,0.0,0.0,86.0,46.0,"['Male', 'Male']",0,0,2,4,5,Dry,Straight,Grade/Hillcrest,Lowest,No
11810,13,Georgia,131129,0,1,1,0,3,Not Reported,October,8,Sunday,3,59,Urban,Low Speed (Local),No,33.95160833,-84.11078056,Non-Intersection,Dark - Not Lighted,Clear,3:00am-3:59am,56,3:00am-3:59am,59,4:00am-4:59am,27,1,Dark - Unlighted,Clear,1,2,['Front_Passenger'],['None_Used'],1,1,Invalid,0.0,0.0,24.0,24.0,['Male'],0,0,2,4,3,Dry,Curve,Level,Lowest,No
11811,13,Georgia,131131,0,2,2,0,3,BYRON,October,11,Wednesday,6,40,Urban,High Speed (Arterial),Yes,32.63833611,-83.7437,Non-Intersection,Dark - Not Lighted,Cloudy,6:00am-6:59am,51,6:00am-6:59am,56,Not Applicable (Not Transported),Not Applicable (Not Transported),1,Dark - Unlighted,Reduced Visibility,1,2,['Driver'],['Shoulder_Lapbelt'],0,0,Valid,0.0,0.0,37.0,32.0,"['Male', 'Female']",2,0,4,4,5,Dry,Straight,Grade/Hillcrest,Medium,No
11812,13,Georgia,131132,1,1,1,0,1,AUGUSTA,October,13,Friday,19,35,Urban,High Speed (Arterial),Yes,33.45204722,-82.05721111,Non-Intersection,Dark - Not Lighted,Rain,7:00pm-7:59pm,35,7:00pm-7:59pm,44,Not Applicable (Not Transported),Not Applicable (Not Transported),1,Dark - Unlighted,Rain/Wind/Minor,0,1,[],[],0,0,Valid,0.0,0.0,36.0,36.0,['Female'],0,0,3,3,4,Wet/Standing Water,Straight,Level,Lowest,No
11813,13,Georgia,131133,2,3,1,2,2,ADEL,October,14,Saturday,5,47,Urban,High Speed (Arterial),Yes,31.12592778,-83.43462222,Non-Intersection,Dark - Not Lighted,Clear,6:00am-6:59am,1,6:00am-6:59am,19,6:00am-6:59am,56,1,Dark - Unlighted,Clear,1,1,['Driver'],['Shoulder_Lapbelt'],1,1,Valid,0.0,0.0,26.0,26.0,['Female'],0,0,3,4,5,Dry,Straight,Level,Lowest,No
11814,13,Georgia,131135,0,1,1,0,1,FORSYTH,September,24,Sunday,10,19,Rural,Medium Speed (Collector),No,33.10788333,-83.94476111,Non-Intersection,Daylight,Clear,10:00am-10:59am,20,10:00am-10:59am,23,Not Applicable (Not Transported),Not Applicable (Not Transported),1,Daylight,Clear,1,0,['Driver'],['None_Used'],0,0,Valid,0.0,0.0,41.0,41.0,['Male'],0,0,5,4,2,Dry,Straight,Grade/Hillcrest,Lowest,No
11815,13,Georgia,131136,0,1,1,0,1,PEACHTREE CITY,October,8,Sunday,22,32,Urban,Medium Speed (Collector),No,33.36697778,-84.57378611,Non-Intersection,Dark - Not Lighted,Clear,10:00pm-10:59pm,19,10:00pm-10:59pm,24,Not Applicable (Not Transported),Not Applicable (Not Transported),1,Dark - Unlighted,Clear,1,0,['Driver'],['Shoulder_Lapbelt'],0,0,Valid,0.0,3.0,34.0,34.0,['Male'],1,0,2,4,3,Dry,Straight,Level,Lowest,No
11816,13,Georgia,131137,1,1,1,0,1,Not Reported,October,11,Wednesday,18,55,Urban,Medium Speed (Collector),No,33.46081944,-82.50714167,Non-Intersection,Dark - Not Lighted,Rain,7:00pm-7:59pm,4,7:00pm-7:59pm,10,Not Applicable (Not Transported),Not Applicable (Not Transported),1,Dark - Unlighted,Rain/Wind/Minor,0,1,[],[],0,0,Valid,0.0,0.0,17.0,17.0,['Female'],0,0,2,3,4,Wet/Standing Water,Straight,Level,Lowest,No
11817,13,Georgia,131138,0,1,1,0,1,Not Reported,October,14,Saturday,13,20,Rural,Low Speed (Local),No,32.92918611,-83.22962222,Non-Intersection,Daylight,Cloudy,11:00am-11:59am,37,11:00am-11:59am,44,12:00pm-12:59pm,30,1,Daylight,Reduced Visibility,1,0,['Driver'],['Shoulder_Lapbelt'],0,0,Valid,0.0,0.0,16.0,16.0,['Male'],0,0,3,4,3,Dry,Curve,Level,Lowest,No
11818,13,Georgia,131139,1,1,1,0,1,Not Reported,October,16,Monday,1,12,Urban,High Speed (Arterial),Yes,33.83761389,-84.31196944,Complex/Circle,Dark - Lighted,Clear,1:00am-1:59am,14,1:00am-1:59am,20,Not Applicable (Not Transported),Not Applicable (Not Transported),1,Dark - Lighted,Clear,0,1,[],[],0,0,Invalid,0.0,0.0,999.0,999.0,['Other'],0,0,1,3,4,Dry,Straight,Level,Lowest,No
11819,13,Georgia,131140,1,1,1,0,1,Not Reported,October,4,Wednesday,16,42,Urban,Low Speed (Local),No,33.57181111,-84.46291389,Non-Intersection,Daylight,Clear,4:00pm-4:59pm,36,4:00pm-4:59pm,40,Unknown,Unknown EMS Hospital Arrival Time,1,Daylight,Clear,0,1,[],[],0,0,Valid,0.0,1.0,41.0,41.0,['Male'],0,0,3,2,4,Dry,Straight,Level,Lowest,No
11820,13,Georgia,131141,1,1,1,0,1,Not Reported,October,13,Friday,19,40,Urban,Low Speed (Local),No,34.91300278,-85.12630278,Simple Junction,Dark - Lighted,Rain,7:00pm-7:59pm,45,7:00pm-7:59pm,48,8:00pm-8:59pm,21,1,Dark - Lighted,Rain/Wind/Minor,0,1,[],[],0,0,Valid,0.0,0.0,17.0,17.0,['Male'],0,0,3,2,4,Wet/Standing Water,Straight,Level,Lowest,No
11821,13,Georgia,131142,0,2,2,0,4,JONESBORO,October,15,Sunday,1,24,Urban,High Speed (Arterial),Yes,33.48619722,-84.3405,Complex/Circle,Dark - Not Lighted,Clear,1:00am-1:59am,35,1:00am-1:59am,43,2:00am-2:59am,0,1,Dark - Unlighted,Clear,1,3,['Driver'],['Shoulder_Lapbelt'],1,1,Valid,0.0,0.0,52.0,42.0,"['Male', 'Female']",0,0,2,4,5,Dry,Straight,Level,Lowest,No
11822,13,Georgia,131143,1,1,1,0,1,AUGUSTA,October,13,Friday,22,3,Urban,High Speed (Arterial),Yes,33.42165833,-82.06311389,Non-Intersection,Dark - Not Lighted,Rain,10:00pm-10:59pm,4,10:00pm-10:59pm,28,Not Applicable (Not Transported),Not Applicable (Not Transported),1,Dark - Unlighted,Rain/Wind/Minor,0,1,[],[],0,0,Valid,0.0,0.0,43.0,43.0,['Male'],0,0,2,4,4,Wet/Standing Water,Straight,Level,Lowest,No
11823,13,Georgia,131144,0,1,1,0,1,Not Reported,September,30,Saturday,17,46,Rural,Medium Speed (Collector),No,32.49358056,-82.63895833,Non-Intersection,Daylight,Clear,5:00pm-5:59pm,39,5:00pm-5:59pm,54,6:00pm-6:59pm,23,1,Daylight,Clear,1,0,['Driver'],['None_Used'],0,0,Valid,0.0,0.0,16.0,16.0,['Male'],0,0,5,2,3,Dry,Straight,Grade/Hillcrest,Lowest,No
11824,13,Georgia,131145,0,2,2,0,3,Not Reported,October,2,Monday,20,0,Urban,Medium Speed (Collector),No,34.00250556,-83.59639722,Non-Intersection,Dark - Not Lighted,Clear,8:00pm-8:59pm,0,8:00pm-8:59pm,8,8:00pm-8:59pm,9,1,Dark - Unlighted,Clear,1,2,['Driver'],['None_Used'],0,0,Valid,0.0,0.0,71.0,57.0,"['Female', 'Female']",1,0,3,4,5,Dry,Straight,Level,Lowest,No
11825,13,Georgia,131146,1,1,1,0,1,ATLANTA,October,6,Friday,1,45,Urban,Medium Speed (Collector),No,33.71762222,-84.41811389,Non-Intersection,Dark - Lighted,Clear,2:00am-2:59am,33,2:00am-2:59am,39,Not Applicable (Not Transported),Not Applicable (Not Transported),1,Dark - Lighted,Clear,0,1,[],[],0,0,Valid,0.0,1.0,29.0,29.0,['Female'],0,0,2,3,4,Dry,Straight,Grade/Hillcrest,Lowest,No
11826,13,Georgia,131147,1,1,1,0,1,STONE MOUNTAIN,October,13,Friday,6,29,Urban,High Speed (Arterial),Yes,33.80113611,-84.20631667,Complex/Circle,Dark - Lighted,Cloudy,6:00am-6:59am,31,6:00am-6:59am,39,Unknown,Unknown EMS Hospital Arrival Time,1,Dark - Lighted,Reduced Visibility,0,1,[],[],0,0,Valid,0.0,0.0,38.0,38.0,['Male'],0,0,2,3,4,Dry,Straight,Level,Lowest,No
11827,13,Georgia,131148,1,1,1,0,4,MACON,October,13,Friday,22,2,Urban,High Speed (Arterial),Yes,32.80851111,-83.72492222,Non-Intersection,Dark - Not Lighted,Rain,10:00pm-10:59pm,15,10:00pm-10:59pm,28,Not Applicable (Not Transported),Not Applicable (Not Transported),1,Dark - Unlighted,Rain/Wind/Minor,0,4,[],[],0,0,Valid,0.0,0.0,36.0,36.0,['Male'],0,0,3,4,4,Wet/Standing Water,Straight,Level,Lowest,No
11828,13,Georgia,131149,0,1,1,0,2,Not Reported,October,14,Saturday,5,26,Rural,Medium Speed (Collector),No,31.51729167,-82.65339167,Non-Intersection,Dark - Not Lighted,Cloudy,5:00am-5:59am,28,5:00am-5:59am,36,Not Applicable (Not Transported),Not Applicable (Not Transported),1,Dark - Unlighted,Reduced Visibility,1,1,['Front_Passenger'],['None_Used'],1,1,Valid,0.0,0.0,35.0,35.0,['Male'],0,0,5,4,3,Dry,Straight,Level,Lowest,No
11829,13,Georgia,131150,1,1,1,0,1,ATLANTA,October,15,Sunday,0,4,Urban,Medium Speed (Collector),No,33.82450833,-84.35221944,Non-Intersection,Dark - Lighted,Clear,0:00am-0:59am,9,0:00am-0:59am,13,Not Applicable (Not Transported),Not Applicable (Not Transported),1,Dark - Lighted,Clear,0,1,[],[],0,0,Invalid,0.0,1.0,20.0,20.0,['Male'],0,0,2,2,4,Dry,Straight,Grade/Hillcrest,Lowest,No
11830,13,Georgia,131151,0,2,2,0,7,Not Reported,October,15,Sunday,5,0,Rural,High Speed (Arterial),Yes,32.73131944,-84.22781944,Non-Intersection,Dark - Not Lighted,Clear,4:00am-4:59am,51,5:00am-5:59am,15,6:00am-6:59am,9,1,Dark - Unlighted,Clear,1,6,['Driver'],['None_Used'],1,1,Invalid,0.0,2.0,32.0,20.0,"['Male', 'Male']",0,0,3,4,5,Dry,Curve,Grade/Hillcrest,Lowest,No
11831,13,Georgia,131152,0,5,5,0,11,Not Reported,October,15,Sunday,5,23,Urban,High Speed (Arterial),Yes,33.51899167,-84.24661667,Non-Intersection,Dark - Not Lighted,Clear,5:00am-5:59am,22,5:00am-5:59am,52,6:00am-6:59am,25,1,Dark - Unlighted,Clear,1,10,['Driver'],['Shoulder_Lapbelt'],0,0,Valid,0.0,3.0,68.0,23.0,"['Female', 'Male', 'Male', 'Male', 'Male']",0,0,4,4,5,Dry,Straight,Grade/Hillcrest,Lowest,No
11832,13,Georgia,131153,0,1,1,0,1,LA GRANGE,October,15,Sunday,15,10,Rural,Low Speed (Local),No,32.96404722,-85.11015556,Non-Intersection,Daylight,Cloudy,3:00pm-3:59pm,13,3:00pm-3:59pm,22,4:00pm-4:59pm,22,1,Daylight,Reduced Visibility,1,0,['Driver'],['Shoulder_Lapbelt'],0,0,Invalid,0.0,0.0,43.0,43.0,['Male'],0,0,2,4,3,Dry,Curve,Level,Lowest,No