,State_Code,State_Name,Crash_ID,Count_Non_Motorists,Count_Vehicles_Total,Count_Vehicle_Forms,Count_PVH_Involved,Count_Occupants_MV,City_Name,Month_Name,Day_of_Month,Day_of_Week,Crash_Hour,Crash_Minute,Area_Rural_Urban,Road_Functional_Class,On_NHS_Road,Latitude,Longitude,Intersection_Type,Light_Condition,Weather_Condition,Notif_Hour,Notif_Minute,Arrival_Hour,Arrival_Minute,Hospital_Hour,Hospital_Minute,Fatalities_Count,Clean_Light_Condition,Clean_Weather_Condition,Total_Killed,Total_Alive,Fatal_Seats_List,Killed_Restraint_List,Any_Driver_Drinking,Total_Drinking_Drivers,Driver_License_Category,Driver_Max_Prev_Accident_Count,Driver_Max_Prev_Speeding_Count,Max_Driver_Age,Min_Driver_Age,Driver_Sex_List,Total_Exceeding_Limit_Vehicles,Total_Too_Fast_Vehicles,Max_Vehicle_Type_Severity_5,Max_Vehicle_Damage_Rank,Max_Harmful_Event_Severity,Crash_Road_Surface_Condition,Crash_Horizontal_Alignment,Crash_Vertical_Profile,Crash_Impairment_Category,Crash_Vehicle_Defect
11833,13,Georgia,131154,0,1,1,0,1,Not Reported,October,15,Sunday,19,20,Rural,Low Speed (Local),No,31.52212222,-81.37403333,Non-Intersection,Dark - Lighted,Cloudy,7:00pm-7:59pm,24,7:00pm-7:59pm,32,Not Applicable (Not Transported),Not Applicable (Not Transported),1,Dark - Lighted,Reduced Visibility,1,0,['Driver'],['None_Used'],1,1,Valid,0.0,1.0,28.0,28.0,['Male'],1,0,3,4,3,Dry,Straight,Level,Lowest,No
11834,13,Georgia,131155,0,1,1,0,1,Not Reported,October,16,Monday,16,28,Urban,Low Speed (Local),No,33.26284167,-84.21719722,Non-Intersection,Daylight,Clear,4:00pm-4:59pm,23,4:00pm-4:59pm,31,Not Applicable (Not Transported),Not Applicable (Not Transported),1,Daylight,Clear,1,0,['Driver'],['None_Used'],0,0,Valid,0.0,0.0,65.0,65.0,['Male'],0,0,5,4,2,Dry,Curve,Level,Lowest,No
11835,13,Georgia,131156,0,2,2,0,3,ASHBURN,October,16,Monday,7,55,Urban,High Speed (Arterial),Yes,31.76368333,-83.67323889,Non-Intersection,Daylight,Clear,7:00am-7:59am,55,8:00am-8:59am,13,8:00am-8:59am,19,1,Daylight,Clear,1,2,['Front_Passenger'],['Shoulder_Lapbelt'],0,0,Valid,0.0,0.0,75.0,55.0,"['Male', 'Male']",0,0,4,4,5,Dry,Straight,Level,Lowest,No
11836,13,Georgia,131157,1,1,1,0,1,Not Reported,October,17,Tuesday,2,6,Rural,Medium Speed (Collector),No,33.30655278,-84.77484722,Non-Intersection,Dark - Not Lighted,Clear,2:00am-2:59am,4,2:00am-2:59am,8,Unknown,Unknown EMS Hospital Arrival Time,1,Dark - Unlighted,Clear,0,1,[],[],0,0,Valid,0.0,0.0,27.0,27.0,['Male'],0,0,3,3,4,Dry,Straight,Level,Lowest,No
11837,13,Georgia,131158,1,1,1,0,1,ELKO,September,20,Wednesday,10,52,Rural,Medium Speed (Collector),No,32.38283333,-83.62575833,Simple Junction,Daylight,Clear,10:00am-10:59am,54,10:00am-10:59am,59,11:00am-11:59am,23,1,Daylight,Clear,0,1,[],[],0,0,Valid,0.0,0.0,83.0,83.0,['Male'],0,0,3,2,4,Dry,Straight,Level,Lowest,No
11838,13,Georgia,131159,0,1,1,0,2,Not Reported,October,13,Friday,22,40,Rural,Low Speed (Local),No,32.47088611,-83.05079167,Non-Intersection,Dark - Not Lighted,Cloudy,11:00pm-11:59pm,9,11:00pm-11:59pm,29,0:00am-0:59am,12,1,Dark - Unlighted,Reduced Visibility,1,1,['Driver'],['None_Used'],1,1,Valid,1.0,3.0,48.0,48.0,['Male'],2,0,5,4,3,Wet/Standing Water,Curve,Level,Lowest,No
11839,13,Georgia,131160,0,3,3,0,3,STONE MOUNTAIN,October,14,Saturday,14,14,Urban,High Speed (Arterial),Yes,33.80218333,-84.19376111,Complex/Circle,Daylight,Clear,2:00pm-2:59pm,30,2:00pm-2:59pm,35,Not Applicable (Not Transported),Not Applicable (Not Transported),1,Daylight,Clear,1,2,['Driver'],['Shoulder_Lapbelt'],0,0,Invalid,0.0,1.0,48.0,25.0,"['Male', 'Female', 'Female']",1,0,3,4,5,Dry,Straight,Level,Lowest,No
11840,13,Georgia,131161,0,2,2,0,4,ROSSVILLE,October,17,Tuesday,7,8,Urban,Medium Speed (Collector),No,34.95140278,-85.31058889,Complex/Circle,Daylight,Clear,7:00am-7:59am,12,7:00am-7:59am,19,7:00am-7:59am,56,1,Daylight,Clear,1,3,['Driver'],['Shoulder_Lapbelt'],0,0,Valid,0.0,1.0,49.0,46.0,"['Male', 'Female']",0,0,2,4,5,Dry,Straight,Grade/Hillcrest,Lowest,No
11841,13,Georgia,131162,0,3,3,0,4,Not Reported,October,17,Tuesday,8,0,Urban,Medium Speed (Collector),No,33.56005,-85.16300278,Non-Intersection,Daylight,Clear,7:00am-7:59am,59,8:00am-8:59am,9,8:00am-8:59am,30,1,Daylight,Clear,1,3,['Driver'],['Shoulder_Lapbelt'],0,0,Valid,0.0,1.0,53.0,23.0,"['Male', 'Female', 'Female']",0,0,3,4,5,Dry,Straight,Level,Lowest,No
11842,13,Georgia,131163,0,4,4,0,6,Not Reported,October,17,Tuesday,13,10,Urban,High Speed (Arterial),Yes,30.75979167,-83.28079722,Non-Intersection,Daylight,Clear,1:00pm-1:59pm,15,1:00pm-1:59pm,24,1:00pm-1:59pm,51,1,Daylight,Clear,1,5,['Front_Passenger'],['Shoulder_Lapbelt'],0,0,Valid,0.0,0.0,72.0,51.0,"['Male', 'Female', 'Male', 'Male']",0,0,4,4,5,Dry,Straight,Level,Lowest,No
11843,13,Georgia,131164,0,2,2,0,3,Not Reported,October,18,Wednesday,8,54,Urban,High Speed (Arterial),Yes,32.14478611,-81.4174,Non-Intersection,Daylight,Clear,8:00am-8:59am,55,9:00am-9:59am,7,Not Applicable (Not Transported),Not Applicable (Not Transported),1,Daylight,Clear,1,2,['Driver'],['Shoulder_Lapbelt'],0,0,Valid,0.0,2.0,51.0,33.0,"['Male', 'Male']",0,0,4,4,5,Dry,Straight,Grade/Hillcrest,Lowest,No
11844,13,Georgia,131165,0,2,2,0,2,DECATUR,October,18,Wednesday,11,30,Urban,Medium Speed (Collector),No,33.77298333,-84.2869,Simple Junction,Daylight,Clear,11:00am-11:59am,34,11:00am-11:59am,46,Not Applicable (Not Transported),Not Applicable (Not Transported),1,Daylight,Clear,1,1,['Driver'],['None_Used'],0,0,Valid,1.0,0.0,28.0,24.0,"['Male', 'Male']",0,0,5,4,5,Dry,Straight,Level,Lowest,No
11845,13,Georgia,131166,0,1,1,0,1,VILLA RICA,October,18,Wednesday,18,5,Urban,Low Speed (Local),No,33.73691111,-84.84201111,Non-Intersection,Daylight,Clear,6:00pm-6:59pm,0,6:00pm-6:59pm,14,6:00pm-6:59pm,28,1,Daylight,Clear,1,0,['Driver'],['Shoulder_Lapbelt'],0,0,Valid,0.0,0.0,62.0,62.0,['Male'],1,0,2,4,3,Dry,Curve,Grade/Hillcrest,Lowest,No
11846,13,Georgia,131167,0,2,2,0,6,AUGUSTA,August,14,Monday,1,42,Urban,Medium Speed (Collector),No,33.44699722,-82.02438056,Complex/Circle,Dark - Not Lighted,Clear,1:00am-1:59am,44,1:00am-1:59am,49,2:00am-2:59am,3,1,Dark - Unlighted,Clear,1,5,['Rear_Seat'],['Child_Safety'],1,1,Valid,1.0,8.0,44.0,33.0,"['Male', 'Female']",0,0,2,4,5,Dry,Straight,Level,Lowest,No
11847,13,Georgia,131168,0,2,2,0,2,HOLLY SPRINGS,October,13,Friday,19,19,Urban,Medium Speed (Collector),No,34.14408611,-84.5131,Complex/Circle,Dark - Lighted,Rain,7:00pm-7:59pm,19,7:00pm-7:59pm,22,Not Applicable (Not Transported),Not Applicable (Not Transported),1,Dark - Lighted,Rain/Wind/Minor,1,1,['Driver'],['None_Used'],0,0,Valid,0.0,1.0,63.0,20.0,"['Female', 'Male']",0,0,5,4,5,Wet/Standing Water,Curve,Grade/Hillcrest,Lowest,No
11848,13,Georgia,131169,0,2,2,0,2,Not Reported,October,17,Tuesday,18,12,Rural,Medium Speed (Collector),No,33.72851944,-83.78450278,Non-Intersection,Daylight,Clear,6:00pm-6:59pm,15,6:00pm-6:59pm,19,6:00pm-6:59pm,39,1,Daylight,Clear,1,1,['Driver'],['None_Used'],0,0,Valid,1.0,0.0,35.0,32.0,"['Male', 'Male']",0,0,3,4,5,Dry,Straight,Level,Lowest,No
11849,13,Georgia,131170,0,2,2,0,4,JEFFERSON,October,18,Wednesday,19,39,Urban,Low Speed (Local),No,34.10213333,-83.58206111,Non-Intersection,Dark - Lighted,Clear,7:00pm-7:59pm,42,7:00pm-7:59pm,50,8:00pm-8:59pm,17,1,Dark - Lighted,Clear,1,3,['Front_Passenger'],['Shoulder_Lapbelt'],1,1,Valid,0.0,0.0,58.0,23.0,"['Male', 'Male']",0,0,3,4,5,Dry,Straight,Level,Lowest,No
11850,13,Georgia,131171,1,1,1,0,1,WOODSTOCK,October,19,Thursday,13,9,Urban,High Speed (Arterial),Yes,34.13205278,-84.52576667,Non-Intersection,Daylight,Clear,1:00pm-1:59pm,10,1:00pm-1:59pm,13,Not Applicable (Not Transported),Not Applicable (Not Transported),1,Daylight,Clear,0,1,[],[],0,0,Valid,3.0,0.0,48.0,48.0,['Male'],0,0,3,3,4,Dry,Straight,Level,Lowest,No
11851,13,Georgia,131172,0,1,1,0,3,SAVANNAH,August,14,Monday,19,18,Urban,Low Speed (Local),No,32.14156111,-81.23403333,Non-Intersection,Daylight,Clear,7:00pm-7:59pm,20,7:00pm-7:59pm,26,7:00pm-7:59pm,56,1,Daylight,Clear,1,2,['Rear_Seat'],['Shoulder_Lapbelt'],0,0,Valid,0.0,0.0,53.0,53.0,['Female'],3,0,3,4,3,Dry,Curve,Level,Lowest,No
11852,13,Georgia,131173,0,2,2,0,2,MONROE,October,19,Thursday,15,54,Urban,High Speed (Arterial),Yes,33.79633056,-83.74161667,Non-Intersection,Daylight,Clear,3:00pm-3:59pm,58,4:00pm-4:59pm,1,Unknown,Unknown EMS Hospital Arrival Time,1,Daylight,Clear,1,1,['Driver'],['None_Used'],0,0,Valid,0.0,1.0,73.0,39.0,"['Female', 'Male']",0,0,5,4,5,Dry,Straight,Non-Trafficway,Lowest,No
11853,13,Georgia,131174,0,2,2,0,3,Not Reported,October,20,Friday,14,8,Rural,Medium Speed (Collector),No,34.52862778,-84.396375,Non-Intersection,Daylight,Cloudy,2:00pm-2:59pm,14,2:00pm-2:59pm,25,3:00pm-3:59pm,25,1,Daylight,Reduced Visibility,1,2,['Driver'],['None_Used'],0,0,Valid,0.0,1.0,66.0,36.0,"['Male', 'Female']",0,0,3,4,5,Dry,Curve,Grade/Hillcrest,Lowest,No
11854,13,Georgia,131176,0,1,1,0,1,CEDARTOWN,October,20,Friday,15,55,Urban,Medium Speed (Collector),No,34.03751389,-85.27013611,Non-Intersection,Daylight,Clear,3:00pm-3:59pm,58,4:00pm-4:59pm,5,4:00pm-4:59pm,44,1,Daylight,Clear,1,0,['Driver'],['None_Used'],0,0,Valid,0.0,0.0,22.0,22.0,['Male'],0,0,3,4,3,Dry,Curve,Level,Lowest,Yes
11855,13,Georgia,131177,0,2,2,0,2,WAYCROSS,October,10,Tuesday,21,34,Urban,High Speed (Arterial),Yes,31.20432778,-82.32605556,Simple Junction,Dark - Not Lighted,Clear,9:00pm-9:59pm,37,9:00pm-9:59pm,41,10:00pm-10:59pm,29,1,Dark - Unlighted,Clear,1,1,['Driver'],['None_Used'],1,1,Valid,0.0,0.0,43.0,18.0,"['Male', 'Male']",0,0,5,4,5,Dry,Straight,Level,Lowest,No
11856,13,Georgia,131178,0,1,1,0,2,Not Reported,October,20,Friday,20,21,Rural,High Speed (Arterial),Yes,32.98493611,-83.21201667,Non-Intersection,Dark - Not Lighted,Clear,8:00pm-8:59pm,26,8:00pm-8:59pm,39,10:00pm-10:59pm,52,1,Dark - Unlighted,Clear,1,1,['Driver'],['None_Used'],0,0,Valid,0.0,0.0,30.0,30.0,['Female'],0,0,3,4,3,Dry,Straight,Level,Lowest,No
11857,13,Georgia,131179,0,2,2,0,2,COMMERCE,October,20,Friday,22,3,Rural,High Speed (Arterial),Yes,34.1505,-83.44008056,Non-Intersection,Dark - Not Lighted,Cloudy,10:00pm-10:59pm,5,10:00pm-10:59pm,14,10:00pm-10:59pm,38,1,Dark - Unlighted,Reduced Visibility,1,1,['Driver'],['Shoulder_Lapbelt'],0,0,Valid,0.0,0.0,64.0,55.0,"['Female', 'Male']",0,0,3,4,5,Dry,Straight,Level,Lowest,No
11858,13,Georgia,131180,0,1,1,0,1,Not Reported,October,20,Friday,23,21,Rural,Medium Speed (Collector),No,31.699075,-84.44169722,Simple Junction,Dark - Not Lighted,Clear,11:00pm-11:59pm,25,11:00pm-11:59pm,38,Not Applicable (Not Transported),Not Applicable (Not Transported),1,Dark - Unlighted,Clear,1,0,['Driver'],['None_Used'],0,0,Valid,0.0,0.0,29.0,29.0,['Female'],1,0,2,4,3,Dry,Straight,Level,Lowest,No
11859,13,Georgia,131181,0,1,1,0,4,Not Reported,October,21,Saturday,2,50,Urban,Medium Speed (Collector),No,34.74924167,-84.91170833,Non-Intersection,Dark - Not Lighted,Cloudy,2:00am-2:59am,56,3:00am-3:59am,8,3:00am-3:59am,35,1,Dark - Unlighted,Reduced Visibility,1,3,['Rear_Seat'],['Child_Safety'],0,0,Valid,0.0,1.0,20.0,20.0,['Female'],0,0,2,4,3,Dry,Curve,Level,Lowest,No
11860,13,Georgia,131182,1,1,1,0,2,Not Reported,October,21,Saturday,5,44,Urban,Medium Speed (Collector),No,34.22647222,-83.90430556,Non-Intersection,Dark - Not Lighted,Clear,5:00am-5:59am,41,5:00am-5:59am,47,6:00am-6:59am,3,1,Dark - Unlighted,Clear,0,2,[],[],0,0,Valid,0.0,0.0,24.0,24.0,['Female'],0,0,3,3,4,Dry,Straight,Level,Lowest,No
11861,13,Georgia,131183,0,2,2,0,3,Not Reported,October,21,Saturday,14,28,Rural,Medium Speed (Collector),No,34.82773333,-84.30383333,Non-Intersection,Daylight,Clear,2:00pm-2:59pm,28,2:00pm-2:59pm,34,2:00pm-2:59pm,47,1,Daylight,Clear,1,2,['Driver'],['None_Used'],0,0,Valid,0.0,0.0,69.0,61.0,"['Male', 'Male']",0,0,5,4,5,Dry,Straight,Grade/Hillcrest,Lowest,No
11862,13,Georgia,131184,0,1,1,0,1,GAINESVILLE,October,21,Saturday,19,38,Urban,High Speed (Arterial),Yes,34.28346667,-83.865075,Non-Intersection,Dark - Not Lighted,Clear,7:00pm-7:59pm,46,7:00pm-7:59pm,57,Not Applicable (Not Transported),Not Applicable (Not Transported),1,Dark - Unlighted,Clear,1,0,['Driver'],['Shoulder_Lapbelt'],1,1,Valid,0.0,0.0,18.0,18.0,['Male'],1,0,2,4,3,Dry,Curve,Grade/Hillcrest,Lowest,No
11863,13,Georgia,131185,0,2,2,0,2,EAST DUBLIN,October,21,Saturday,21,8,Urban,Medium Speed (Collector),No,32.5428,-82.86409444,Non-Intersection,Dark - Not Lighted,Clear,9:00pm-9:59pm,9,9:00pm-9:59pm,13,9:00pm-9:59pm,42,1,Dark - Unlighted,Clear,1,1,['Driver'],['None_Used'],1,1,Invalid,0.0,0.0,47.0,41.0,"['Female', 'Male']",1,0,3,4,5,Dry,Straight,Level,Lowest,No
11864,13,Georgia,131186,0,2,2,0,2,ATLANTA,October,22,Sunday,2,8,Urban,High Speed (Arterial),Yes,33.74143611,-84.41718889,Non-Intersection,Dark - Lighted,Clear,3:00am-3:59am,6,3:00am-3:59am,15,3:00am-3:59am,30,1,Dark - Lighted,Clear,1,1,['Driver'],['Shoulder_Lapbelt'],0,0,Valid,0.0,1.0,40.0,40.0,"['Female', 'Male']",0,0,3,4,5,Dry,Straight,Level,Lowest,No
11865,13,Georgia,131187,0,1,1,0,1,GREENSBORO,August,10,Thursday,12,47,Rural,Medium Speed (Collector),No,33.58779722,-83.16739167,Non-Intersection,Daylight,Clear,12:00pm-12:59pm,47,12:00pm-12:59pm,57,2:00pm-2:59pm,23,1,Daylight,Clear,1,0,['Driver'],['Shoulder_Lapbelt'],0,0,Valid,0.0,0.0,72.0,72.0,['Male'],0,0,2,4,3,Dry,Straight,Level,Lowest,No
11866,13,Georgia,131188,1,1,1,0,1,MARIETTA,August,28,Monday,20,2,Urban,Low Speed (Local),No,33.9288,-84.49470278,Non-Intersection,Dark - Not Lighted,Other,8:00pm-8:59pm,3,8:00pm-8:59pm,5,Not Applicable (Not Transported),Not Applicable (Not Transported),1,Dark - Unlighted,Reduced Visibility,0,1,[],[],0,0,Invalid,0.0,0.0,54.0,54.0,['Male'],0,0,3,3,4,Wet/Standing Water,Straight,Grade/Hillcrest,Lowest,No
11867,13,Georgia,131189,0,2,2,0,4,SMYRNA,October,20,Friday,22,55,Urban,Medium Speed (Collector),No,33.90162222,-84.48961667,Non-Intersection,Dark - Lighted,Clear,10:00pm-10:59pm,56,10:00pm-10:59pm,59,11:00pm-11:59pm,17,1,Dark - Lighted,Clear,1,3,['Rear_Seat'],['None_Used'],0,0,Valid,0.0,0.0,34.0,27.0,"['Female', 'Male']",0,0,3,4,5,Dry,Straight,Level,Lowest,No
11868,13,Georgia,131190,0,1,1,0,1,CRAWFORDVILLE,October,21,Saturday,22,9,Rural,High Speed (Arterial),Yes,33.53018056,-82.92371944,Non-Intersection,Dark - Not Lighted,Clear,10:00pm-10:59pm,10,10:00pm-10:59pm,19,Unknown,Unknown EMS Hospital Arrival Time,1,Dark - Unlighted,Clear,1,0,['Driver'],['Shoulder_Lapbelt'],0,0,Valid,0.0,0.0,76.0,76.0,['Male'],1,0,3,4,3,Dry,Straight,Level,Medium,No
11869,13,Georgia,131191,0,1,1,0,1,AUGUSTA,October,22,Sunday,2,13,Urban,High Speed (Arterial),Yes,33.48188333,-82.08446389,Non-Intersection,Dark - Lighted,Clear,2:00am-2:59am,16,2:00am-2:59am,26,2:00am-2:59am,46,1,Dark - Lighted,Clear,1,0,['Driver'],['None_Used'],1,1,Valid,0.0,1.0,42.0,42.0,['Male'],0,0,2,4,3,Dry,Straight,Level,Lowest,No
11870,13,Georgia,131192,1,1,1,0,1,AUGUSTA,October,22,Sunday,2,28,Urban,High Speed (Arterial),Yes,33.45020278,-82.03361111,Complex/Circle,Dark - Lighted,Clear,Unknown,Unknown if Notified,Unknown EMS Scene Arrival Hour,Unknown if Arrived,Not Applicable (Not Transported),Not Applicable (Not Transported),1,Dark - Lighted,Clear,0,1,[],[],1,1,Valid,0.0,0.0,32.0,32.0,['Female'],0,0,3,4,4,Dry,Curve,Level,Lowest,No
11871,13,Georgia,131193,0,2,2,0,2,Not Reported,October,22,Sunday,7,0,Rural,Medium Speed (Collector),No,33.16974444,-83.81278333,Non-Intersection,Dark - Not Lighted,Clear,7:00am-7:59am,4,7:00am-7:59am,18,8:00am-8:59am,6,1,Dark - Unlighted,Clear,1,1,['Driver'],['Shoulder_Lapbelt'],1,1,Valid,0.0,0.0,62.0,48.0,"['Male', 'Male']",0,0,3,4,5,Dry,Curve,Grade/Hillcrest,Lowest,No
11872,13,Georgia,131194,0,3,3,0,5,PERRY,October,22,Sunday,14,0,Urban,High Speed (Arterial),Yes,32.4732,-83.70368333,Non-Intersection,Daylight,Clear,2:00pm-2:59pm,9,2:00pm-2:59pm,11,2:00pm-2:59pm,35,1,Daylight,Clear,1,4,['Driver'],['Shoulder_Lapbelt'],0,0,Valid,0.0,0.0,87.0,46.0,"['Male', 'Female', 'Male']",0,0,3,4,5,Dry,Straight,Grade/Hillcrest,Lowest,No
11873,13,Georgia,131195,0,2,2,0,2,Not Reported,October,23,Monday,13,50,Urban,High Speed (Arterial),Yes,33.54763333,-84.13765278,Non-Intersection,Daylight,Clear,1:00pm-1:59pm,51,2:00pm-2:59pm,0,2:00pm-2:59pm,28,1,Daylight,Clear,1,1,['Driver'],['Shoulder_Lapbelt'],0,0,Valid,0.0,0.0,83.0,62.0,"['Male', 'Male']",0,0,4,4,5,Dry,Straight,Grade/Hillcrest,Lowest,No
11874,13,Georgia,131196,0,2,2,0,3,BALL GROUND,October,24,Tuesday,3,26,Rural,Medium Speed (Collector),No,34.32393889,-84.35279722,Non-Intersection,Dark - Lighted,Clear,3:00am-3:59am,40,4:00am-4:59am,26,Not Applicable (Not Transported),Not Applicable (Not Transported),1,Dark - Lighted,Clear,1,2,['Driver'],['Shoulder_Lapbelt'],0,0,Invalid,0.0,2.0,66.0,42.0,"['Female', 'Male']",0,0,4,4,5,Dry,Curve,Grade/Hillcrest,Lowest,No
11875,13,Georgia,131197,0,2,2,0,2,Not Reported,October,25,Wednesday,12,14,Rural,High Speed (Arterial),Yes,34.89315556,-84.26179444,Complex/Circle,Daylight,Clear,12:00pm-12:59pm,12,12:00pm-12:59pm,18,Not Applicable (Not Transported),Not Applicable (Not Transported),1,Daylight,Clear,1,1,['Driver'],['None_Used'],0,0,Valid,0.0,1.0,74.0,55.0,"['Female', 'Male']",0,0,3,4,5,Dry,Straight,Level,Lowest,No
11876,13,Georgia,131198,0,2,2,0,6,Not Reported,October,10,Tuesday,15,10,Rural,High Speed (Arterial),Yes,31.29349167,-82.82679722,Non-Intersection,Daylight,Clear,3:00pm-3:59pm,7,3:00pm-3:59pm,13,3:00pm-3:59pm,59,1,Daylight,Clear,1,5,['Driver'],['Shoulder_Lapbelt'],0,0,Valid,0.0,0.0,74.0,62.0,"['Female', 'Male']",0,0,4,4,5,Dry,Straight,Grade/Hillcrest,Lowest,No
11877,13,Georgia,131199,1,1,1,0,1,Not Reported,October,20,Friday,19,30,Urban,Medium Speed (Collector),No,33.9189,-84.26829167,Non-Intersection,Dark - Not Lighted,Clear,8:00pm-8:59pm,3,8:00pm-8:59pm,37,Not Applicable (Not Transported),Not Applicable (Not Transported),1,Dark - Unlighted,Clear,0,1,[],[],0,0,Invalid,0.0,0.0,999.0,999.0,['Other'],0,0,1,0,4,Dry,Straight,Level,Lowest,No
11878,13,Georgia,131200,0,1,1,0,1,Not Reported,October,24,Tuesday,17,10,Rural,Medium Speed (Collector),No,34.238425,-84.92601389,Non-Intersection,Daylight,Clear,5:00pm-5:59pm,16,5:00pm-5:59pm,23,6:00pm-6:59pm,23,1,Daylight,Clear,1,0,['Driver'],['None_Used'],0,0,Valid,0.0,0.0,31.0,31.0,['Female'],0,0,5,4,3,Dry,Curve,Grade/Hillcrest,Lowest,No
11879,13,Georgia,131201,0,1,1,0,1,Not Reported,October,25,Wednesday,2,46,Rural,Low Speed (Local),No,32.38160556,-83.4095,Non-Intersection,Dark - Not Lighted,Clear,4:00am-4:59am,7,4:00am-4:59am,20,Not Applicable (Not Transported),Not Applicable (Not Transported),1,Dark - Unlighted,Clear,1,0,['Driver'],['Shoulder_Lapbelt'],1,1,Valid,0.0,0.0,64.0,64.0,['Male'],0,0,3,4,3,Dry,Straight,Level,Lowest,No
11880,13,Georgia,131202,1,1,1,0,1,Not Reported,October,25,Wednesday,21,0,Urban,High Speed (Arterial),Yes,33.88672778,-84.74033889,Complex/Circle,Dark - Lighted,Clear,9:00pm-9:59pm,4,9:00pm-9:59pm,9,Not Applicable (Not Transported),Not Applicable (Not Transported),1,Dark - Lighted,Clear,0,1,[],[],0,0,Valid,0.0,0.0,32.0,32.0,['Male'],0,0,3,4,4,Dry,Straight,Level,Lowest,No
11881,13,Georgia,131203,1,1,1,0,1,FORT VALLEY,October,26,Thursday,5,12,Rural,Medium Speed (Collector),Yes,32.55595278,-83.83165278,Non-Intersection,Dark - Not Lighted,Clear,5:00am-5:59am,14,5:00am-5:59am,22,Not Applicable (Not Transported),Not Applicable (Not Transported),1,Dark - Unlighted,Clear,0,1,[],[],0,0,Valid,0.0,0.0,76.0,76.0,['Male'],0,0,3,4,4,Dry,Straight,Level,Lowest,No
11882,13,Georgia,131204,0,2,2,0,4,Not Reported,October,26,Thursday,15,54,Rural,Medium Speed (Collector),No,32.30341389,-81.93600556,Complex/Circle,Daylight,Clear,3:00pm-3:59pm,56,4:00pm-4:59pm,12,4:00pm-4:59pm,33,1,Daylight,Clear,1,3,['Front_Passenger'],['Shoulder_Lapbelt'],0,0,Valid,0.0,1.0,44.0,34.0,"['Male', 'Female']",0,0,3,4,5,Dry,Straight,Level,Lowest,No
11883,13,Georgia,131205,0,2,2,0,2,KINGSTON,October,27,Friday,1,28,Rural,High Speed (Arterial),Yes,34.21077778,-84.97232222,Non-Intersection,Dark - Not Lighted,Clear,1:00am-1:59am,35,1:00am-1:59am,36,Not Applicable (Not Transported),Not Applicable (Not Transported),2,Dark - Unlighted,Clear,2,0,"['Driver', 'Driver']","['Shoulder_Lapbelt', 'Shoulder_Lapbelt']",1,1,Valid,0.0,1.0,20.0,18.0,"['Female', 'Male']",0,0,3,4,5,Dry,Curve,Level,Lowest,No
11884,13,Georgia,131206,0,1,1,0,2,Not Reported,October,27,Friday,11,45,Rural,High Speed (Arterial),Yes,32.75003889,-85.01726111,Non-Intersection,Daylight,Clear,11:00am-11:59am,56,12:00pm-12:59pm,3,12:00pm-12:59pm,38,1,Daylight,Clear,1,1,['Rear_Seat'],['None_Used'],0,0,Valid,0.0,1.0,42.0,42.0,['Male'],0,0,5,4,3,Dry,Straight,Level,Lowest,Yes
11885,13,Georgia,131207,0,1,1,0,2,CHATSWORTH,October,29,Sunday,14,43,Rural,Low Speed (Local),No,34.70704722,-84.87659722,Non-Intersection,Daylight,Clear,2:00pm-2:59pm,43,2:00pm-2:59pm,51,Not Applicable (Not Transported),Not Applicable (Not Transported),2,Daylight,Clear,2,0,"['Driver', 'Front_Passenger']","['Shoulder_Lapbelt', 'Shoulder_Lapbelt']",1,1,Valid,0.0,0.0,44.0,44.0,['Male'],2,0,3,4,3,Dry,Curve,Grade/Hillcrest,Lowest,No
11886,13,Georgia,131208,0,3,3,0,3,AILEY,August,11,Friday,11,51,Rural,High Speed (Arterial),Yes,32.180175,-82.5555,Non-Intersection,Daylight,Clear,11:00am-11:59am,57,12:00pm-12:59pm,12,12:00pm-12:59pm,49,1,Daylight,Clear,1,2,['Driver'],['Shoulder_Lapbelt'],0,0,Valid,0.0,0.0,73.0,38.0,"['Male', 'Female', 'Female']",0,0,3,4,5,Dry,Curve,Grade/Hillcrest,Lowest,No
11887,13,Georgia,131210,1,2,2,0,2,BROOKHAVEN,October,19,Thursday,6,58,Urban,Medium Speed (Collector),No,33.86409167,-84.30942222,Non-Intersection,Dark - Not Lighted,Clear,7:00am-7:59am,2,7:00am-7:59am,9,Not Applicable (Not Transported),Not Applicable (Not Transported),1,Dark - Unlighted,Clear,0,2,[],[],0,0,Invalid,0.0,1.0,51.0,21.0,"['Male', 'Male']",0,0,3,2,4,Dry,Straight,Level,Lowest,No
11888,13,Georgia,131211,0,2,2,0,3,BAINBRIDGE,October,19,Thursday,18,51,Rural,Medium Speed (Collector),No,30.69977778,-84.526425,Non-Intersection,Daylight,Cloudy,6:00pm-6:59pm,52,6:00pm-6:59pm,58,Not Applicable (Not Transported),Not Applicable (Not Transported),1,Daylight,Reduced Visibility,1,2,['Driver'],['None_Used'],0,0,Valid,0.0,1.0,68.0,50.0,"['Male', 'Male']",0,0,5,4,5,Dry,Straight,Grade/Hillcrest,Lowest,No
11889,13,Georgia,131212,0,1,1,0,1,Not Reported,October,20,Friday,8,40,Urban,Medium Speed (Collector),No,33.929925,-83.69983333,Non-Intersection,Daylight,Clear,8:00am-8:59am,42,8:00am-8:59am,43,9:00am-9:59am,46,1,Daylight,Clear,1,0,['Driver'],['None_Used'],0,0,Valid,0.0,0.0,45.0,45.0,['Male'],1,0,3,4,3,Wet/Standing Water,Curve,Level,Lowest,No
11890,13,Georgia,131213,1,1,1,0,0,NOT APPLICABLE,October,26,Thursday,9,56,Urban,Low Speed (Local),No,34.22530278,-84.08835278,Non-Intersection,Daylight,Clear,9:00am-9:59am,58,10:00am-10:59am,3,Not Applicable (Not Transported),Not Applicable (Not Transported),1,Daylight,Clear,0,0,[],[],0,0,Valid,0.0,0.0,49.0,34.0,Other,0,0,3,4,4,Dry,Straight,Grade/Hillcrest,Lowest,Yes