,State_Code,State_Name,Crash_ID,Count_Non_Motorists,Count_Vehicles_Total,Count_Vehicle_Forms,Count_PVH_Involved,Count_Occupants_MV,City_Name,Month_Name,Day_of_Month,Day_of_Week,Crash_Hour,Crash_Minute,Area_Rural_Urban,Road_Functional_Class,On_NHS_Road,Latitude,Longitude,Intersection_Type,Light_Condition,Weather_Condition,Notif_Hour,Notif_Minute,Arrival_Hour,Arrival_Minute,Hospital_Hour,Hospital_Minute,Fatalities_Count,Clean_Light_Condition,Clean_Weather_Condition,Total_Killed,Total_Alive,Fatal_Seats_List,Killed_Restraint_List,Any_Driver_Drinking,Total_Drinking_Drivers,Driver_License_Category,Driver_Max_Prev_Accident_Count,Driver_Max_Prev_Speeding_Count,Max_Driver_Age,Min_Driver_Age,Driver_Sex_List,Total_Exceeding_Limit_Vehicles,Total_Too_Fast_Vehicles,Max_Vehicle_Type_Severity_5,Max_Vehicle_Damage_Rank,Max_Harmful_Event_Severity,Crash_Road_Surface_Condition,Crash_Horizontal_Alignment,Crash_Vertical_Profile,Crash_Impairment_Category,Crash_Vehicle_Defect
11891,13,Georgia,131214,0,2,2,0,4,CUMMING,October,27,Friday,19,48,Urban,Medium Speed (Collector),No,34.17923056,-84.15618611,Non-Intersection,Dark - Not Lighted,Clear,7:00pm-7:59pm,48,8:00pm-8:59pm,11,9:00pm-9:59pm,21,1,Dark - Unlighted,Clear,1,3,['Driver'],['Shoulder_Lapbelt'],1,1,Valid,0.0,1.0,54.0,27.0,"['Female', 'Male']",0,0,3,4,5,Dry,Curve,Grade/Hillcrest,Lowest,No
11892,13,Georgia,131215,0,1,1,0,2,LAWRENCEVILLE,October,28,Saturday,13,49,Urban,Medium Speed (Collector),No,34.00878333,-84.01218056,Non-Intersection,Daylight,Clear,1:00pm-1:59pm,50,1:00pm-1:59pm,54,Unknown,Unknown EMS Hospital Arrival Time,1,Daylight,Clear,1,1,['Front_Passenger'],['Shoulder_Lapbelt'],0,0,Valid,0.0,2.0,51.0,51.0,['Male'],0,0,2,4,3,Dry,Curve,Level,Lowest,No
11893,13,Georgia,131216,0,1,1,0,1,DALLAS,October,28,Saturday,18,0,Urban,Medium Speed (Collector),No,33.92119444,-84.86398333,Non-Intersection,Daylight,Clear,6:00pm-6:59pm,51,6:00pm-6:59pm,58,7:00pm-7:59pm,40,1,Daylight,Clear,1,0,['Driver'],['None_Used'],0,0,Valid,1.0,1.0,38.0,38.0,['Male'],1,0,5,4,2,Dry,Curve,Grade/Hillcrest,Lowest,No
11894,13,Georgia,131217,0,3,3,0,3,Not Reported,October,28,Saturday,19,26,Rural,High Speed (Arterial),Yes,31.92299167,-83.84425,Simple Junction,Dark - Not Lighted,Clear,7:00pm-7:59pm,24,7:00pm-7:59pm,33,8:00pm-8:59pm,15,1,Dark - Unlighted,Clear,1,2,['Driver'],['Shoulder_Lapbelt'],0,0,Valid,0.0,0.0,79.0,49.0,"['Male', 'Male', 'Female']",0,0,5,4,5,Dry,Straight,Level,Lowest,No
11895,13,Georgia,131218,1,1,1,0,1,BOWERSVILLE,October,28,Saturday,22,22,Rural,Medium Speed (Collector),No,34.41123333,-83.03062222,Non-Intersection,Dark - Not Lighted,Cloudy,10:00pm-10:59pm,26,10:00pm-10:59pm,32,Not Applicable (Not Transported),Not Applicable (Not Transported),1,Dark - Unlighted,Reduced Visibility,0,1,[],[],0,0,Valid,0.0,0.0,16.0,16.0,['Female'],0,0,3,2,4,Dry,Straight,Grade/Hillcrest,Lowest,No
11896,13,Georgia,131219,1,1,1,0,1,TIFTON,October,29,Sunday,17,55,Rural,Medium Speed (Collector),No,31.50068889,-83.42991389,Non-Intersection,Daylight,Clear,5:00pm-5:59pm,57,6:00pm-6:59pm,4,6:00pm-6:59pm,18,1,Daylight,Clear,0,1,[],[],0,0,Valid,1.0,0.0,22.0,22.0,['Female'],0,0,2,2,4,Dry,Straight,Grade/Hillcrest,Lowest,No
11897,13,Georgia,131220,2,1,1,0,1,ATLANTA,October,29,Sunday,23,22,Urban,Medium Speed (Collector),No,33.83704722,-84.378025,Complex/Circle,Dark - Lighted,Clear,11:00pm-11:59pm,28,11:00pm-11:59pm,29,0:00am-0:59am,0,1,Dark - Lighted,Clear,0,1,[],[],0,0,Valid,0.0,1.0,28.0,28.0,['Female'],0,0,2,3,4,Dry,Straight,Level,Lowest,No
11898,13,Georgia,131221,0,1,1,0,1,CUMMING,October,30,Monday,0,13,Urban,Medium Speed (Collector),No,34.17909722,-84.15652222,Non-Intersection,Dark - Not Lighted,Cloudy,0:00am-0:59am,14,0:00am-0:59am,20,Not Applicable (Not Transported),Not Applicable (Not Transported),1,Dark - Unlighted,Reduced Visibility,1,0,['Driver'],['Shoulder_Lapbelt'],1,1,Valid,0.0,2.0,27.0,27.0,['Male'],0,0,3,4,3,Dry,Curve,Grade/Hillcrest,Lowest,No
11899,13,Georgia,131222,0,1,1,0,1,ROME,October,31,Tuesday,19,20,Rural,Medium Speed (Collector),No,34.12987778,-85.08453056,Non-Intersection,Dark - Not Lighted,Clear,7:00pm-7:59pm,28,7:00pm-7:59pm,42,8:00pm-8:59pm,23,1,Dark - Unlighted,Clear,1,0,['Driver'],['None_Used'],1,1,Valid,0.0,0.0,64.0,64.0,['Male'],0,0,3,4,3,Dry,Curve,Grade/Hillcrest,Lowest,No
11900,13,Georgia,131223,0,1,1,0,1,Not Reported,September,15,Friday,22,0,Rural,Medium Speed (Collector),No,33.17571389,-83.7972,Non-Intersection,Dark - Not Lighted,Cloudy,2:00pm-2:59pm,22,2:00pm-2:59pm,57,Not Applicable (Not Transported),Not Applicable (Not Transported),1,Dark - Unlighted,Reduced Visibility,1,0,['Driver'],['None_Used'],0,0,Valid,0.0,1.0,44.0,44.0,['Male'],1,0,5,4,3,Wet/Standing Water,Curve,Grade/Hillcrest,Lowest,No
11901,13,Georgia,131224,1,1,1,0,1,COLUMBUS,September,23,Saturday,3,54,Urban,High Speed (Arterial),Yes,32.57129444,-84.96171111,Non-Intersection,Dark - Lighted,Clear,Unknown,Unknown,Unknown EMS Scene Arrival Hour,Unknown EMS Scene Arrival Minutes,Unknown,Unknown EMS Hospital Arrival Time,1,Dark - Lighted,Clear,0,1,[],[],0,0,Invalid,0.0,0.0,25.0,25.0,['Male'],0,0,3,3,4,Dry,Straight,Grade/Hillcrest,Lowest,No
11902,13,Georgia,131225,0,1,1,0,1,Not Reported,October,2,Monday,22,39,Urban,Medium Speed (Collector),No,33.70561389,-84.84610833,Non-Intersection,Dark - Not Lighted,Clear,10:00pm-10:59pm,36,10:00pm-10:59pm,44,Not Applicable (Not Transported),Not Applicable (Not Transported),1,Dark - Unlighted,Clear,1,0,['Driver'],['None_Used'],0,0,Valid,0.0,0.0,30.0,30.0,['Male'],0,0,2,4,3,Dry,Straight,Level,Lowest,No
11903,13,Georgia,131226,1,1,1,0,3,Not Reported,October,3,Tuesday,21,48,Urban,Low Speed (Local),No,33.35996389,-84.64926944,Non-Intersection,Dark - Not Lighted,Clear,9:00pm-9:59pm,47,9:00pm-9:59pm,54,Not Applicable (Not Transported),Not Applicable (Not Transported),1,Dark - Unlighted,Clear,0,3,[],[],0,0,Valid,0.0,0.0,51.0,51.0,['Male'],0,0,3,4,4,Dry,Straight,Grade/Hillcrest,Lowest,No
11904,13,Georgia,131227,0,1,1,0,1,Not Reported,October,21,Saturday,15,30,Rural,Low Speed (Local),No,32.07626111,-83.06501389,Non-Intersection,Daylight,Clear,3:00pm-3:59pm,41,3:00pm-3:59pm,58,4:00pm-4:59pm,40,1,Daylight,Clear,1,0,['Driver'],['None_Used'],0,0,Invalid,0.0,0.0,50.0,50.0,['Male'],1,0,3,4,3,Dry,Straight,Level,Lowest,No
11905,13,Georgia,131228,0,1,1,0,1,MACON,October,22,Sunday,2,45,Urban,Medium Speed (Collector),Yes,32.74396389,-83.69095833,Non-Intersection,Dark - Lighted,Clear,2:00am-2:59am,30,2:00am-2:59am,35,2:00am-2:59am,40,1,Dark - Lighted,Clear,1,0,['Driver'],['Shoulder_Lapbelt'],0,0,Invalid,0.0,0.0,44.0,44.0,['Male'],1,0,3,4,2,Dry,Curve,Grade/Hillcrest,Lowest,No
11906,13,Georgia,131229,0,1,1,0,1,NOT APPLICABLE,October,23,Monday,18,58,Urban,Medium Speed (Collector),No,34.73131667,-84.82028611,Non-Intersection,Dusk,Cloudy,6:00pm-6:59pm,59,7:00pm-7:59pm,6,8:00pm-8:59pm,10,1,Twilight,Reduced Visibility,1,0,['Driver'],['Shoulder_Lapbelt'],0,0,Valid,0.0,0.0,55.0,55.0,['Male'],0,0,3,4,2,Wet/Standing Water,Straight,Level,Lowest,No
11907,13,Georgia,131230,1,4,4,0,4,Not Reported,October,24,Tuesday,5,24,Urban,High Speed (Arterial),Yes,33.7137,-85.03948889,Non-Intersection,Dark - Not Lighted,Clear,5:00am-5:59am,25,5:00am-5:59am,35,Not Applicable (Not Transported),Not Applicable (Not Transported),1,Dark - Unlighted,Clear,0,4,[],[],0,0,Valid,1.0,1.0,999.0,25.0,"['Female', 'Male', 'Male', 'Other']",0,0,3,3,4,Dry,Straight,Level,Lowest,No
11908,13,Georgia,131231,0,2,2,0,5,DIXIE,October,28,Saturday,10,57,Rural,High Speed (Arterial),Yes,30.79159444,-83.66056389,Non-Intersection,Daylight,Clear,10:00am-10:59am,57,11:00am-11:59am,6,12:00pm-12:59pm,29,2,Daylight,Clear,2,3,"['Driver', 'Non_Standard_Risk']","['None_Used', 'None_Used']",0,0,Valid,0.0,0.0,53.0,34.0,"['Female', 'Male']",4,0,4,4,5,Dry,Straight,Level,Lowest,No
11909,13,Georgia,131232,0,2,2,0,2,CLAYTON,October,29,Sunday,13,40,Rural,High Speed (Arterial),Yes,34.91953611,-83.38544167,Complex/Circle,Daylight,Clear,1:00pm-1:59pm,41,1:00pm-1:59pm,46,Unknown,Unknown EMS Hospital Arrival Time,1,Daylight,Clear,1,1,['Driver'],['None_Used'],0,0,Valid,1.0,0.0,69.0,38.0,"['Female', 'Male']",0,0,5,4,5,Dry,Straight,Grade/Hillcrest,Lowest,No
11910,13,Georgia,131233,0,4,1,3,1,ROME,October,29,Sunday,17,41,Urban,High Speed (Arterial),Yes,34.27270278,-85.26844167,Non-Intersection,Daylight,Clear,5:00pm-5:59pm,43,5:00pm-5:59pm,49,6:00pm-6:59pm,24,1,Daylight,Clear,1,0,['Driver'],['Shoulder_Lapbelt'],0,0,Valid,0.0,1.0,38.0,38.0,['Male'],0,0,3,4,5,Dry,Curve,Level,Lowest,No
11911,13,Georgia,131234,0,1,1,0,1,DAHLONEGA,October,25,Wednesday,17,20,Rural,Low Speed (Local),No,34.53906667,-83.98410278,Non-Intersection,Daylight,Clear,5:00pm-5:59pm,23,5:00pm-5:59pm,29,6:00pm-6:59pm,21,1,Daylight,Clear,1,0,['Driver'],['Shoulder_Lapbelt'],0,0,Valid,0.0,0.0,39.0,39.0,['Male'],1,0,3,4,3,Dry,Straight,Grade/Hillcrest,Lowest,No
11912,13,Georgia,131235,0,3,3,0,3,SHADY DALE,October,28,Saturday,17,36,Urban,Medium Speed (Collector),No,33.40646667,-83.64126667,Non-Intersection,Daylight,Clear,5:00pm-5:59pm,45,5:00pm-5:59pm,50,6:00pm-6:59pm,30,1,Daylight,Clear,1,2,['Front_Passenger'],['None_Used'],1,1,Valid,0.0,2.0,62.0,21.0,"['Male', 'Male']",0,0,4,4,5,Dry,Curve,Level,Lowest,No
11913,13,Georgia,131236,0,2,2,0,2,RINGGOLD,October,30,Monday,15,10,Urban,Medium Speed (Collector),No,34.97956111,-85.14488056,Non-Intersection,Daylight,Rain,3:00pm-3:59pm,11,3:00pm-3:59pm,24,Unknown,Unknown EMS Hospital Arrival Time,1,Daylight,Rain/Wind/Minor,1,1,['Driver'],['Shoulder_Lapbelt'],1,1,Valid,1.0,1.0,56.0,23.0,"['Female', 'Male']",0,0,3,4,5,Wet/Standing Water,Curve,Grade/Hillcrest,Lowest,No
11914,13,Georgia,131237,1,1,1,0,1,Not Reported,October,30,Monday,19,52,Urban,Medium Speed (Collector),No,33.93770278,-84.08991944,Non-Intersection,Dark - Lighted,Clear,7:00pm-7:59pm,55,8:00pm-8:59pm,0,8:00pm-8:59pm,20,1,Dark - Lighted,Clear,0,1,[],[],0,0,Valid,0.0,0.0,42.0,42.0,['Male'],0,0,1,2,4,Dry,Straight,Level,Lowest,No
11915,13,Georgia,131238,0,3,3,0,5,Not Reported,October,31,Tuesday,6,50,Rural,Medium Speed (Collector),No,33.84105278,-84.97676667,Non-Intersection,Dark - Not Lighted,Clear,6:00am-6:59am,54,7:00am-7:59am,29,8:00am-8:59am,16,1,Dark - Unlighted,Clear,1,4,['Front_Passenger'],['Shoulder_Lapbelt'],0,0,Invalid,0.0,0.0,59.0,41.0,"['Male', 'Male', 'Male']",0,0,3,4,5,Dry,Curve,Level,Lowest,No
11916,13,Georgia,131239,1,1,1,0,2,ATLANTA,October,31,Tuesday,16,59,Urban,Medium Speed (Collector),No,33.68110278,-84.39769167,Simple Junction,Daylight,Clear,Unknown,Unknown if Notified,Unknown EMS Scene Arrival Hour,Unknown if Arrived,Not Applicable (Not Transported),Not Applicable (Not Transported),1,Daylight,Clear,0,2,[],[],0,0,Valid,0.0,0.0,72.0,72.0,['Male'],0,0,4,1,4,Dry,Straight,Level,Lowest,No
11917,13,Georgia,131240,0,2,2,0,8,DECATUR,October,31,Tuesday,23,5,Urban,High Speed (Arterial),Yes,33.71165,-84.21764722,Non-Intersection,Dark - Not Lighted,Clear,11:00pm-11:59pm,5,11:00pm-11:59pm,24,Unknown,Unknown EMS Hospital Arrival Time,4,Dark - Unlighted,Clear,4,4,"['Driver', 'Rear_Seat', 'Rear_Seat', 'Rear_Seat']","['Shoulder_Lapbelt', 'Shoulder_Lapbelt', 'Shoulder_Lapbelt', 'Shoulder_Lapbelt']",1,1,Invalid,2.0,0.0,57.0,41.0,"['Male', 'Male']",0,0,4,4,5,Dry,Straight,Grade/Hillcrest,Lowest,No
11918,13,Georgia,131241,0,3,3,0,4,Not Reported,November,1,Wednesday,16,42,Rural,High Speed (Arterial),Yes,32.55310556,-83.42652778,Non-Intersection,Daylight,Clear,4:00pm-4:59pm,48,4:00pm-4:59pm,55,5:00pm-5:59pm,20,1,Daylight,Clear,1,3,['Driver'],['None_Used'],1,1,Valid,0.0,2.0,56.0,40.0,"['Male', 'Male', 'Male']",0,0,3,4,5,Dry,Straight,Level,Lowest,No
11919,13,Georgia,131242,0,2,2,0,2,Not Reported,November,2,Thursday,0,58,Urban,High Speed (Arterial),Yes,33.71393056,-84.23586389,Non-Intersection,Dark - Not Lighted,Clear,0:00am-0:59am,58,0:00am-0:59am,58,Not Applicable (Not Transported),Not Applicable (Not Transported),1,Dark - Unlighted,Clear,1,1,['Driver'],['Shoulder_Lapbelt'],1,1,Valid,0.0,0.0,59.0,37.0,"['Male', 'Male']",0,0,4,4,5,Dry,Straight,Level,Lowest,No
11920,13,Georgia,131243,0,2,2,0,3,Not Reported,November,2,Thursday,7,32,Rural,Medium Speed (Collector),No,34.32623333,-84.71782222,Non-Intersection,Daylight,Clear,7:00am-7:59am,36,8:00am-8:59am,11,9:00am-9:59am,4,1,Daylight,Clear,1,2,['Driver'],['None_Used'],0,0,Valid,0.0,0.0,41.0,39.0,"['Male', 'Male']",0,0,3,4,5,Dry,Straight,Level,Lowest,No
11921,13,Georgia,131244,2,1,1,0,4,ATHENS,November,2,Thursday,20,7,Urban,Medium Speed (Collector),No,34.02121667,-83.32090556,Non-Intersection,Dark - Not Lighted,Clear,8:00pm-8:59pm,11,8:00pm-8:59pm,18,Not Applicable (Not Transported),Not Applicable (Not Transported),1,Dark - Unlighted,Clear,0,4,[],[],0,0,Valid,0.0,1.0,42.0,42.0,['Male'],0,0,3,4,4,Dry,Straight,Level,Lowest,No
11922,13,Georgia,131245,1,1,1,0,2,FOREST PARK,November,2,Thursday,23,0,Urban,High Speed (Arterial),Yes,33.59870833,-84.39012222,Non-Intersection,Dark - Not Lighted,Clear,11:00pm-11:59pm,4,11:00pm-11:59pm,8,Not Applicable (Not Transported),Not Applicable (Not Transported),1,Dark - Unlighted,Clear,0,2,[],[],0,0,Valid,0.0,0.0,28.0,28.0,['Male'],0,0,2,3,4,Dry,Straight,Level,Lowest,No
11923,13,Georgia,131246,0,2,2,0,4,Not Reported,November,3,Friday,3,25,Rural,High Speed (Arterial),Yes,31.06753611,-81.62851389,Non-Intersection,Dark - Not Lighted,Clear,3:00am-3:59am,31,4:00am-4:59am,4,Unknown,Unknown EMS Hospital Arrival Time,1,Dark - Unlighted,Clear,1,3,['Driver'],['Shoulder_Lapbelt'],0,0,Valid,0.0,0.0,46.0,43.0,"['Male', 'Male']",0,0,4,4,5,Dry,Straight,Level,Lowest,No
11924,13,Georgia,131247,1,1,1,0,1,ATLANTA,November,3,Friday,6,0,Urban,Medium Speed (Collector),No,33.73211944,-84.4137,Complex/Circle,Dark - Lighted,Clear,6:00am-6:59am,5,6:00am-6:59am,29,Not Applicable (Not Transported),Not Applicable (Not Transported),1,Dark - Lighted,Clear,0,1,[],[],0,0,Valid,0.0,0.0,61.0,61.0,['Male'],1,0,3,3,4,Dry,Straight,Level,Lowest,No
11925,13,Georgia,131248,0,1,1,0,1,DUBLIN,November,3,Friday,17,17,Urban,Low Speed (Local),No,32.54845278,-82.90115,Non-Intersection,Daylight,Clear,5:00pm-5:59pm,17,5:00pm-5:59pm,24,Not Applicable (Not Transported),Not Applicable (Not Transported),1,Daylight,Clear,1,0,['Driver'],['Shoulder_Lapbelt'],0,0,Valid,0.0,0.0,47.0,47.0,['Female'],1,0,3,4,3,Dry,Straight,Level,Lowest,No
11926,13,Georgia,131249,1,1,1,0,1,Not Reported,November,3,Friday,19,15,Urban,Low Speed (Local),No,33.57666667,-84.38201944,Non-Intersection,Daylight,Clear,7:00pm-7:59pm,16,7:00pm-7:59pm,19,7:00pm-7:59pm,49,1,Daylight,Clear,0,1,[],[],0,0,Valid,0.0,0.0,29.0,29.0,['Male'],0,0,2,2,4,Dry,Straight,Level,Lowest,No
11927,13,Georgia,131250,1,1,1,0,1,Not Reported,November,3,Friday,19,47,Urban,Medium Speed (Collector),No,34.91949722,-85.30508056,Non-Intersection,Dark - Not Lighted,Clear,7:00pm-7:59pm,45,7:00pm-7:59pm,50,Not Applicable (Not Transported),Not Applicable (Not Transported),1,Dark - Unlighted,Clear,0,1,[],[],0,0,Valid,0.0,0.0,68.0,68.0,['Male'],0,0,3,3,4,Dry,Straight,Grade/Hillcrest,Lowest,No
11928,13,Georgia,131251,0,1,1,0,2,JESUP,November,3,Friday,21,2,Urban,Low Speed (Local),No,31.6647,-81.89058056,Non-Intersection,Dark - Not Lighted,Clear,9:00pm-9:59pm,3,9:00pm-9:59pm,15,9:00pm-9:59pm,42,1,Dark - Unlighted,Clear,1,1,['Driver'],['None_Used'],1,1,Valid,0.0,0.0,32.0,32.0,['Male'],2,0,3,4,2,Dry,Curve,Grade/Hillcrest,Lowest,No
11929,13,Georgia,131252,0,1,1,0,2,ROME,November,3,Friday,21,28,Urban,Medium Speed (Collector),No,34.25265278,-85.182975,Non-Intersection,Dark - Not Lighted,Clear,9:00pm-9:59pm,32,9:00pm-9:59pm,40,Not Applicable (Not Transported),Not Applicable (Not Transported),1,Dark - Unlighted,Clear,1,1,['Front_Passenger'],['Shoulder_Lapbelt'],0,0,Valid,0.0,0.0,43.0,43.0,['Male'],2,0,2,4,3,Dry,Curve,Level,Lowest,No
11930,13,Georgia,131253,0,2,2,0,3,Not Reported,November,4,Saturday,6,15,Rural,High Speed (Arterial),Yes,33.01334167,-81.98004722,Non-Intersection,Dark - Not Lighted,Clear,6:00am-6:59am,25,6:00am-6:59am,31,9:00am-9:59am,12,1,Dark - Unlighted,Clear,1,2,['Driver'],['None_Used'],0,0,Valid,0.0,0.0,53.0,23.0,"['Female', 'Female']",1,0,3,4,5,Dry,Curve,Grade/Hillcrest,Lowest,No
11931,13,Georgia,131254,0,2,2,0,2,Not Reported,November,4,Saturday,13,52,Urban,Medium Speed (Collector),No,34.97278056,-85.31021944,Simple Junction,Daylight,Clear,1:00pm-1:59pm,56,2:00pm-2:59pm,0,2:00pm-2:59pm,30,1,Daylight,Clear,1,1,['Driver'],['None_Used'],0,0,Valid,1.0,0.0,55.0,47.0,"['Male', 'Male']",0,0,5,4,5,Dry,Straight,Level,Lowest,No
11932,13,Georgia,131255,0,1,1,0,2,Not Reported,November,4,Saturday,17,2,Rural,High Speed (Arterial),Yes,31.77751111,-81.37870833,Non-Intersection,Daylight,Clear,5:00pm-5:59pm,10,5:00pm-5:59pm,41,6:00pm-6:59pm,15,1,Daylight,Clear,1,1,['Driver'],['None_Used'],0,0,Invalid,0.0,0.0,998.0,998.0,['Male'],0,0,3,4,3,Dry,Straight,Level,Lowest,No
11933,13,Georgia,131256,0,2,2,0,3,ROME,November,4,Saturday,18,17,Urban,High Speed (Arterial),Yes,34.30450556,-85.174725,Non-Intersection,Daylight,Clear,6:00pm-6:59pm,17,6:00pm-6:59pm,19,6:00pm-6:59pm,38,1,Daylight,Clear,1,2,['Driver'],['None_Used'],0,0,Valid,0.0,1.0,38.0,32.0,"['Male', 'Male']",0,0,5,4,5,Dry,Straight,Level,Lowest,No
11934,13,Georgia,131257,0,1,1,0,1,MONTICELLO,November,4,Saturday,18,52,Rural,Medium Speed (Collector),No,33.29469722,-83.68029722,Non-Intersection,Dark - Not Lighted,Clear,6:00pm-6:59pm,54,6:00pm-6:59pm,57,Not Applicable (Not Transported),Not Applicable (Not Transported),1,Dark - Unlighted,Clear,1,0,['Driver'],['Shoulder_Lapbelt'],0,0,Valid,0.0,0.0,53.0,53.0,['Male'],0,0,3,4,3,Dry,Straight,Level,Lowest,No
11935,13,Georgia,131258,0,2,2,0,2,Not Reported,November,4,Saturday,19,17,Urban,High Speed (Arterial),Yes,33.687575,-85.11380833,Non-Intersection,Daylight,Clear,7:00pm-7:59pm,11,7:00pm-7:59pm,25,Not Applicable (Not Transported),Not Applicable (Not Transported),1,Daylight,Clear,1,1,['Driver'],['None_Used'],0,0,Valid,0.0,0.0,64.0,36.0,"['Male', 'Male']",1,0,5,4,5,Dry,Straight,Grade/Hillcrest,Lowest,No
11936,13,Georgia,131259,1,1,1,0,1,Not Reported,November,4,Saturday,19,30,Urban,Medium Speed (Collector),No,33.65135,-84.15682778,Non-Intersection,Dark - Not Lighted,Clear,Unknown,Unknown,Unknown EMS Scene Arrival Hour,Unknown EMS Scene Arrival Minutes,Not Applicable (Not Transported),Not Applicable (Not Transported),1,Dark - Unlighted,Clear,0,1,[],[],0,0,Invalid,0.0,0.0,999.0,999.0,['Other'],0,0,1,3,4,Dry,Straight,Grade/Hillcrest,Lowest,No
11937,13,Georgia,131260,1,1,1,0,1,MACON,November,4,Saturday,20,3,Urban,Medium Speed (Collector),No,32.82125833,-83.69614167,Non-Intersection,Dark - Lighted,Clear,8:00pm-8:59pm,10,8:00pm-8:59pm,17,Unknown,Unknown EMS Hospital Arrival Time,1,Dark - Lighted,Clear,0,1,[],[],0,0,Valid,0.0,0.0,19.0,19.0,['Male'],0,0,2,3,4,Dry,Straight,Grade/Hillcrest,Lowest,No
11938,13,Georgia,131261,0,1,1,0,1,TOCCOA,November,4,Saturday,23,59,Urban,High Speed (Arterial),Yes,34.55730278,-83.28496944,Non-Intersection,Dark - Not Lighted,Clear,0:00am-0:59am,8,0:00am-0:59am,46,Not Applicable (Not Transported),Not Applicable (Not Transported),1,Dark - Unlighted,Clear,1,0,['Driver'],['None_Used'],1,1,Invalid,0.0,1.0,47.0,47.0,['Male'],1,0,2,4,3,Dry,Curve,Grade/Hillcrest,Lowest,No
11939,13,Georgia,131262,1,1,1,0,2,BRUNSWICK,November,5,Sunday,19,38,Urban,High Speed (Arterial),Yes,31.1729,-81.491325,Non-Intersection,Dark - Lighted,Clear,7:00pm-7:59pm,38,7:00pm-7:59pm,43,7:00pm-7:59pm,55,1,Dark - Lighted,Clear,0,2,[],[],0,0,Invalid,0.0,0.0,28.0,28.0,['Female'],0,0,2,3,4,Dry,Straight,Level,Lowest,No
11940,13,Georgia,131263,1,1,1,0,2,LITHONIA,November,5,Sunday,20,35,Urban,High Speed (Arterial),Yes,33.74933333,-84.19736667,Non-Intersection,Dark - Not Lighted,Clear,8:00pm-8:59pm,42,8:00pm-8:59pm,49,Unknown,Unknown EMS Hospital Arrival Time,1,Dark - Unlighted,Clear,0,2,[],[],0,0,Valid,0.0,0.0,23.0,23.0,['Male'],0,0,2,3,4,Dry,Straight,Level,Lowest,No
11941,13,Georgia,131264,0,2,2,0,3,DAHLONEGA,November,6,Monday,16,8,Rural,Medium Speed (Collector),No,34.52655278,-83.99051389,Non-Intersection,Daylight,Clear,4:00pm-4:59pm,11,4:00pm-4:59pm,18,4:00pm-4:59pm,45,1,Daylight,Clear,1,2,['Driver'],['None_Used'],0,0,Invalid,0.0,0.0,57.0,20.0,"['Male', 'Female']",0,0,5,4,5,Dry,Curve,Grade/Hillcrest,Lowest,No
11942,13,Georgia,131265,1,1,1,0,1,DECATUR,November,6,Monday,19,17,Urban,Medium Speed (Collector),No,33.77283056,-84.28733611,Non-Intersection,Dark - Lighted,Clear,7:00pm-7:59pm,22,7:00pm-7:59pm,24,Not Applicable (Not Transported),Not Applicable (Not Transported),1,Dark - Lighted,Clear,0,1,[],[],0,0,Valid,0.0,0.0,26.0,26.0,['Male'],0,0,2,4,4,Dry,Straight,Level,Lowest,No
11943,13,Georgia,131266,1,1,1,0,1,Not Reported,November,7,Tuesday,5,52,Rural,Medium Speed (Collector),No,33.27961111,-84.14685,Non-Intersection,Dark - Not Lighted,Clear,5:00am-5:59am,55,6:00am-6:59am,5,Not Applicable (Not Transported),Not Applicable (Not Transported),1,Dark - Unlighted,Clear,0,1,[],[],0,0,Valid,0.0,1.0,49.0,49.0,['Male'],0,0,2,3,4,Dry,Curve,Level,Lowest,No
11944,13,Georgia,131267,0,2,2,0,4,Not Reported,November,7,Tuesday,18,31,Rural,Medium Speed (Collector),No,31.11288889,-83.14418889,Complex/Circle,Dark - Not Lighted,Clear,6:00pm-6:59pm,35,6:00pm-6:59pm,44,6:00pm-6:59pm,44,1,Dark - Unlighted,Clear,1,3,['Rear_Seat'],['None_Used'],0,0,Valid,0.0,1.0,50.0,43.0,"['Male', 'Male']",0,0,4,4,5,Dry,Straight,Level,Lowest,No
11945,13,Georgia,131268,0,1,1,0,1,Not Reported,November,7,Tuesday,20,26,Urban,High Speed (Arterial),Yes,33.87824722,-84.27315278,Non-Intersection,Dark - Lighted,Clear,8:00pm-8:59pm,37,8:00pm-8:59pm,44,9:00pm-9:59pm,15,1,Dark - Lighted,Clear,1,0,['Driver'],['None_Used'],0,0,Valid,0.0,0.0,37.0,37.0,['Male'],0,0,5,1,1,Dry,Straight,Level,Lowest,No
11946,13,Georgia,131269,0,2,2,0,2,ATLANTA,November,8,Wednesday,2,30,Urban,High Speed (Arterial),Yes,33.6874,-84.50012778,Non-Intersection,Dark - Not Lighted,Clear,2:00am-2:59am,36,2:00am-2:59am,39,3:00am-3:59am,0,1,Dark - Unlighted,Clear,1,1,['Driver'],['None_Used'],0,0,Valid,2.0,0.0,41.0,24.0,"['Male', 'Male']",0,0,2,4,5,Dry,Straight,Level,Lowest,No
11947,13,Georgia,131270,1,1,1,0,1,GARDEN CITY,November,8,Wednesday,6,50,Urban,High Speed (Arterial),Yes,32.08974167,-81.15444444,Non-Intersection,Daylight,Clear,6:00am-6:59am,53,7:00am-7:59am,4,Not Applicable (Not Transported),Not Applicable (Not Transported),1,Daylight,Clear,0,1,[],[],0,0,Valid,0.0,1.0,36.0,36.0,['Male'],0,0,3,3,4,Dry,Straight,Grade/Hillcrest,Lowest,No
11948,13,Georgia,131271,0,2,2,0,2,Not Reported,November,8,Wednesday,14,28,Rural,Medium Speed (Collector),No,34.60275833,-83.68087222,Complex/Circle,Daylight,Clear,2:00pm-2:59pm,30,2:00pm-2:59pm,42,3:00pm-3:59pm,26,1,Daylight,Clear,1,1,['Driver'],['Shoulder_Lapbelt'],0,0,Valid,0.0,1.0,78.0,77.0,"['Female', 'Female']",0,0,3,4,5,Dry,Straight,Grade/Hillcrest,Lowest,No
11949,13,Georgia,131272,0,1,1,0,1,Not Reported,November,8,Wednesday,15,4,Rural,Medium Speed (Collector),Yes,34.57259444,-84.30480278,Non-Intersection,Daylight,Clear,3:00pm-3:59pm,5,3:00pm-3:59pm,25,Not Applicable (Not Transported),Not Applicable (Not Transported),1,Daylight,Clear,1,0,['Driver'],['None_Used'],0,0,Invalid,0.0,0.0,61.0,61.0,['Male'],0,0,5,4,3,Dry,Curve,Grade/Hillcrest,Lowest,No