,State_Code,State_Name,Crash_ID,Count_Non_Motorists,Count_Vehicles_Total,Count_Vehicle_Forms,Count_PVH_Involved,Count_Occupants_MV,City_Name,Month_Name,Day_of_Month,Day_of_Week,Crash_Hour,Crash_Minute,Area_Rural_Urban,Road_Functional_Class,On_NHS_Road,Latitude,Longitude,Intersection_Type,Light_Condition,Weather_Condition,Notif_Hour,Notif_Minute,Arrival_Hour,Arrival_Minute,Hospital_Hour,Hospital_Minute,Fatalities_Count,Clean_Light_Condition,Clean_Weather_Condition,Total_Killed,Total_Alive,Fatal_Seats_List,Killed_Restraint_List,Any_Driver_Drinking,Total_Drinking_Drivers,Driver_License_Category,Driver_Max_Prev_Accident_Count,Driver_Max_Prev_Speeding_Count,Max_Driver_Age,Min_Driver_Age,Driver_Sex_List,Total_Exceeding_Limit_Vehicles,Total_Too_Fast_Vehicles,Max_Vehicle_Type_Severity_5,Max_Vehicle_Damage_Rank,Max_Harmful_Event_Severity,Crash_Road_Surface_Condition,Crash_Horizontal_Alignment,Crash_Vertical_Profile,Crash_Impairment_Category,Crash_Vehicle_Defect
11950,13,Georgia,131273,0,2,2,0,6,COLUMBUS,November,8,Wednesday,16,44,Urban,High Speed (Arterial),Yes,32.44631667,-84.92926389,Complex/Circle,Daylight,Clear,4:00pm-4:59pm,45,4:00pm-4:59pm,49,Not Applicable (Not Transported),Not Applicable (Not Transported),1,Daylight,Clear,1,5,['Driver'],['None_Used'],0,0,Valid,0.0,1.0,62.0,39.0,"['Female', 'Male']",0,0,5,4,5,Dry,Straight,Grade/Hillcrest,Lowest,No
11951,13,Georgia,131274,0,1,1,0,1,Unknown,November,9,Thursday,14,31,Urban,High Speed (Arterial),Yes,32.86903056,-85.16271944,Non-Intersection,Daylight,Cloudy,2:00pm-2:59pm,23,2:00pm-2:59pm,29,3:00pm-3:59pm,51,1,Daylight,Reduced Visibility,1,0,['Driver'],['None_Used'],0,0,Invalid,0.0,0.0,40.0,40.0,['Male'],0,0,2,4,3,Dry,Straight,Level,Lowest,Yes
11952,13,Georgia,131275,0,1,1,0,1,ATHENS,November,11,Saturday,12,25,Urban,Medium Speed (Collector),No,33.94919444,-83.31139167,Non-Intersection,Daylight,Rain,12:00pm-12:59pm,28,12:00pm-12:59pm,32,Not Applicable (Not Transported),Not Applicable (Not Transported),1,Daylight,Rain/Wind/Minor,1,0,['Driver'],['None_Used'],1,1,Invalid,0.0,0.0,28.0,28.0,['Male'],1,0,2,4,3,Wet/Standing Water,Curve,Grade/Hillcrest,Lowest,No
11953,13,Georgia,131276,0,1,1,0,1,Not Reported,November,13,Monday,7,19,Rural,Low Speed (Local),No,31.70343611,-83.353,Non-Intersection,Daylight,Clear,7:00am-7:59am,22,7:00am-7:59am,38,Not Applicable (Not Transported),Not Applicable (Not Transported),1,Daylight,Clear,1,0,['Driver'],['None_Used'],1,1,Valid,0.0,0.0,50.0,50.0,['Male'],1,0,3,4,3,Dry,Straight,Grade/Hillcrest,Lowest,No
11954,13,Georgia,131277,0,1,1,0,1,GLENNVILLE,November,13,Monday,14,22,Rural,Medium Speed (Collector),No,31.97118889,-81.91849444,Non-Intersection,Daylight,Cloudy,2:00pm-2:59pm,25,2:00pm-2:59pm,32,Not Applicable (Not Transported),Not Applicable (Not Transported),1,Daylight,Reduced Visibility,1,0,['Driver'],['Shoulder_Lapbelt'],0,0,Valid,0.0,0.0,62.0,62.0,['Female'],0,0,2,4,3,Dry,Curve,Level,Lowest,No
11955,13,Georgia,131278,0,1,1,0,4,Not Reported,September,12,Tuesday,20,41,Urban,Medium Speed (Collector),No,32.62290278,-83.70896944,Non-Intersection,Dark - Lighted,Clear,8:00pm-8:59pm,54,9:00pm-9:59pm,6,10:00pm-10:59pm,6,2,Dark - Lighted,Clear,2,2,"['Driver', 'Rear_Seat']","['None_Used', 'Child_Safety']",0,0,Valid,0.0,0.0,19.0,19.0,['Male'],0,0,3,3,3,Dry,Straight,Level,Lowest,No
11956,13,Georgia,131279,1,1,1,0,1,JONESBORO,October,28,Saturday,21,27,Urban,High Speed (Arterial),Yes,33.54023611,-84.38645,Non-Intersection,Dark - Lighted,Clear,Unknown,Unknown,Unknown EMS Scene Arrival Hour,Unknown EMS Scene Arrival Minutes,Unknown,Unknown EMS Hospital Arrival Time,1,Dark - Lighted,Clear,0,1,[],[],0,0,Valid,0.0,0.0,51.0,51.0,['Female'],0,0,3,3,4,Dry,Straight,Grade/Hillcrest,Lowest,No
11957,13,Georgia,131280,0,3,3,0,4,Not Reported,October,29,Sunday,5,23,Urban,High Speed (Arterial),Yes,33.844425,-84.48726944,Non-Intersection,Dark - Not Lighted,Clear,5:00am-5:59am,31,5:00am-5:59am,46,6:00am-6:59am,26,1,Dark - Unlighted,Clear,1,3,['Driver'],['None_Used'],1,1,Invalid,0.0,0.0,77.0,33.0,"['Male', 'Male', 'Male']",0,0,5,4,5,Dry,Straight,Level,Lowest,No
11958,13,Georgia,131281,0,3,3,0,9,Not Reported,October,29,Sunday,19,42,Urban,High Speed (Arterial),Yes,34.08549167,-83.99418056,Non-Intersection,Dark - Lighted,Clear,7:00pm-7:59pm,46,7:00pm-7:59pm,50,8:00pm-8:59pm,30,1,Dark - Lighted,Clear,1,8,['Driver'],['None_Used'],1,1,Valid,0.0,1.0,48.0,39.0,"['Male', 'Female', 'Male']",0,0,5,4,5,Dry,Straight,Level,Lowest,No
11959,13,Georgia,131282,0,2,2,0,3,SMYRNA,November,2,Thursday,12,47,Urban,Medium Speed (Collector),Yes,33.82336111,-84.48729722,Complex/Circle,Daylight,Clear,12:00pm-12:59pm,47,12:00pm-12:59pm,55,Not Applicable (Not Transported),Not Applicable (Not Transported),2,Daylight,Clear,2,1,"['Driver', 'Front_Passenger']","['None_Used', 'None_Used']",0,0,Valid,0.0,0.0,62.0,50.0,"['Male', 'Male']",0,0,4,4,5,Dry,Straight,Grade/Hillcrest,Lowest,No
11960,13,Georgia,131283,0,1,1,0,1,Not Reported,November,4,Saturday,3,1,Urban,High Speed (Arterial),Yes,31.16445278,-81.59657778,Non-Intersection,Dark - Not Lighted,Clear,3:00am-3:59am,6,3:00am-3:59am,12,Not Applicable (Not Transported),Not Applicable (Not Transported),1,Dark - Unlighted,Clear,1,0,['Driver'],['None_Used'],1,1,Valid,0.0,0.0,58.0,58.0,['Female'],1,0,2,4,3,Dry,Curve,Grade/Hillcrest,Lowest,No
11961,13,Georgia,131284,0,3,3,0,10,BUFORD,November,4,Saturday,19,54,Urban,Medium Speed (Collector),No,34.11478056,-83.99460556,Complex/Circle,Dark - Lighted,Clear,7:00pm-7:59pm,55,7:00pm-7:59pm,58,8:00pm-8:59pm,20,1,Dark - Lighted,Clear,1,9,['Front_Passenger'],['None_Used'],1,1,Valid,0.0,1.0,69.0,18.0,"['Male', 'Female', 'Male']",0,0,3,4,5,Dry,Straight,Level,Lowest,No
11962,13,Georgia,131285,0,2,2,0,4,AUGUSTA,October,4,Wednesday,14,4,Urban,Medium Speed (Collector),No,33.48483056,-82.10215,Complex/Circle,Daylight,Clear,Unknown,Unknown,Unknown EMS Scene Arrival Hour,Unknown EMS Scene Arrival Minutes,Unknown,Unknown EMS Hospital Arrival Time,1,Daylight,Clear,1,3,['Front_Passenger'],['Shoulder_Lapbelt'],0,0,Valid,0.0,0.0,76.0,62.0,"['Female', 'Female']",0,0,3,4,5,Dry,Straight,Level,Lowest,No
11963,13,Georgia,131286,0,1,1,0,1,RIVERDALE,November,1,Wednesday,18,31,Urban,Medium Speed (Collector),No,33.54231944,-84.40201944,Non-Intersection,Dark - Lighted,Clear,6:00pm-6:59pm,31,6:00pm-6:59pm,37,7:00pm-7:59pm,0,1,Dark - Lighted,Clear,1,0,['Driver'],['Shoulder_Lapbelt'],0,0,Valid,0.0,0.0,73.0,73.0,['Male'],0,0,3,4,3,Dry,Straight,Level,Lowest,No
11964,13,Georgia,131287,0,2,2,0,5,Not Reported,November,4,Saturday,15,57,Rural,Medium Speed (Collector),No,31.12618611,-83.95184444,Complex/Circle,Daylight,Clear,3:00pm-3:59pm,58,4:00pm-4:59pm,8,4:00pm-4:59pm,45,1,Daylight,Clear,1,4,['Front_Passenger'],['Shoulder_Lapbelt'],0,0,Valid,0.0,0.0,71.0,53.0,"['Male', 'Male']",3,0,3,4,5,Dry,Straight,Grade/Hillcrest,Lowest,No
11965,13,Georgia,131288,0,1,1,0,1,Not Reported,November,7,Tuesday,16,0,Urban,Medium Speed (Collector),No,33.59088611,-83.89240278,Non-Intersection,Daylight,Clear,4:00pm-4:59pm,0,4:00pm-4:59pm,11,Not Applicable (Not Transported),Not Applicable (Not Transported),1,Daylight,Clear,1,0,['Driver'],['Shoulder_Lapbelt'],0,0,Valid,0.0,0.0,79.0,79.0,['Female'],0,0,2,4,3,Dry,Straight,Level,Lowest,No
11966,13,Georgia,131289,0,2,2,0,2,Not Reported,November,7,Tuesday,19,40,Urban,High Speed (Arterial),Yes,30.93301667,-84.64415,Non-Intersection,Dark - Not Lighted,Clear,7:00pm-7:59pm,49,7:00pm-7:59pm,52,Not Applicable (Not Transported),Not Applicable (Not Transported),1,Dark - Unlighted,Clear,1,1,['Driver'],['None_Used'],0,0,Valid,0.0,1.0,64.0,52.0,"['Male', 'Male']",0,0,4,4,5,Dry,Straight,Level,Lowest,No
11967,13,Georgia,131290,0,2,2,0,2,COLLEGE PARK,November,8,Wednesday,17,50,Urban,High Speed (Arterial),Yes,33.61509722,-84.51533056,Simple Junction,Daylight,Clear,5:00pm-5:59pm,55,6:00pm-6:59pm,4,Not Applicable (Not Transported),Not Applicable (Not Transported),1,Daylight,Clear,1,1,['Driver'],['None_Used'],0,0,Invalid,0.0,2.0,49.0,25.0,"['Male', 'Male']",1,0,5,4,5,Dry,Straight,Grade/Hillcrest,Lowest,No
11968,13,Georgia,131291,2,1,1,0,1,ATLANTA,November,8,Wednesday,16,11,Urban,High Speed (Arterial),Yes,33.77181389,-84.43993056,Non-Intersection,Daylight,Clear,4:00pm-4:59pm,20,4:00pm-4:59pm,23,4:00pm-4:59pm,30,1,Daylight,Clear,1,0,['Driver'],['None_Used'],0,0,Valid,0.0,0.0,60.0,60.0,['Male'],0,0,3,4,3,Dry,Straight,Level,Lowest,No
11969,13,Georgia,131292,1,1,1,0,1,BROOKHAVEN,November,4,Saturday,0,39,Urban,High Speed (Arterial),Yes,33.84908611,-84.32181111,Non-Intersection,Dark - Lighted,Clear,0:00am-0:59am,39,0:00am-0:59am,47,Not Applicable (Not Transported),Not Applicable (Not Transported),1,Dark - Lighted,Clear,0,1,[],[],1,1,Valid,0.0,0.0,30.0,30.0,['Female'],0,0,2,3,4,Dry,Straight,Grade/Hillcrest,Lowest,No
11970,13,Georgia,131293,0,2,2,0,3,GARDEN CITY,November,8,Wednesday,16,30,Urban,High Speed (Arterial),Yes,32.08684167,-81.15937222,Complex/Circle,Daylight,Clear,4:00pm-4:59pm,43,4:00pm-4:59pm,49,5:00pm-5:59pm,11,1,Daylight,Clear,1,2,['Rear_Seat'],['Child_Safety'],0,0,Valid,0.0,0.0,62.0,36.0,"['Male', 'Female']",0,0,4,4,5,Dry,Straight,Level,Lowest,No
11971,13,Georgia,131294,0,1,1,0,1,Not Reported,November,9,Thursday,17,50,Urban,High Speed (Arterial),Yes,33.59420833,-83.6308,Non-Intersection,Dusk,Clear,5:00pm-5:59pm,50,5:00pm-5:59pm,57,Not Applicable (Not Transported),Not Applicable (Not Transported),1,Twilight,Clear,1,0,['Driver'],['None_Used'],0,0,Invalid,0.0,0.0,46.0,46.0,['Male'],0,0,1,4,3,Dry,Straight,Grade/Hillcrest,Lowest,No
11972,13,Georgia,131295,1,1,1,0,1,Not Reported,November,9,Thursday,19,31,Urban,Medium Speed (Collector),No,30.76028333,-81.60596944,Non-Intersection,Dark - Not Lighted,Clear,7:00pm-7:59pm,38,7:00pm-7:59pm,45,8:00pm-8:59pm,22,1,Dark - Unlighted,Clear,0,1,[],[],0,0,Valid,0.0,0.0,46.0,46.0,['Female'],0,0,3,2,4,Dry,Straight,Grade/Hillcrest,Lowest,No
11973,13,Georgia,131296,1,1,1,0,1,ATHENS,November,10,Friday,0,40,Urban,High Speed (Arterial),Yes,33.97266111,-83.39660556,Non-Intersection,Dark - Not Lighted,Clear,0:00am-0:59am,43,0:00am-0:59am,43,Not Applicable (Not Transported),Not Applicable (Not Transported),1,Dark - Unlighted,Clear,0,1,[],[],0,0,Valid,0.0,0.0,43.0,43.0,['Male'],0,0,2,3,4,Dry,Straight,Level,Lowest,No
11974,13,Georgia,131297,1,3,3,0,2,SANDY SPRINGS,November,11,Saturday,1,58,Urban,High Speed (Arterial),Yes,33.91341944,-84.39508056,Non-Intersection,Dark - Not Lighted,Rain,2:00am-2:59am,0,2:00am-2:59am,21,2:00am-2:59am,37,1,Dark - Unlighted,Rain/Wind/Minor,0,2,[],[],0,0,Valid,0.0,0.0,39.0,26.0,"['Female', 'Female']",1,0,3,4,5,Wet/Standing Water,Straight,Level,Lowest,No
11975,13,Georgia,131298,0,1,1,0,1,MACON,November,11,Saturday,14,48,Urban,Low Speed (Local),No,32.86473056,-83.69783333,Non-Intersection,Daylight,Cloudy,Unknown,Unknown if Notified,Unknown EMS Scene Arrival Hour,Unknown if Arrived,Not Applicable (Not Transported),Not Applicable (Not Transported),1,Daylight,Reduced Visibility,1,0,['Driver'],['Shoulder_Lapbelt'],0,0,Invalid,0.0,0.0,37.0,37.0,['Male'],1,0,2,4,3,Wet/Standing Water,Curve,Level,Lowest,No
11976,13,Georgia,131299,2,1,1,0,2,AUGUSTA,November,13,Monday,2,1,Urban,High Speed (Arterial),Yes,33.38615,-82.00426389,Non-Intersection,Dark - Not Lighted,Clear,Unknown,Unknown,Unknown EMS Scene Arrival Hour,Unknown EMS Scene Arrival Minutes,Unknown,Unknown EMS Hospital Arrival Time,1,Dark - Unlighted,Clear,0,2,[],[],0,0,Valid,0.0,0.0,29.0,29.0,['Male'],0,0,2,4,4,Dry,Straight,Level,Lowest,No
11977,13,Georgia,131300,1,1,1,0,1,ALBANY,November,13,Monday,5,34,Urban,Medium Speed (Collector),No,31.55949722,-84.09459722,Non-Intersection,Dark - Not Lighted,Cloudy,5:00am-5:59am,34,5:00am-5:59am,40,Not Applicable (Not Transported),Not Applicable (Not Transported),1,Dark - Unlighted,Reduced Visibility,0,1,[],[],0,0,Valid,0.0,0.0,32.0,32.0,['Male'],0,0,2,3,4,Dry,Straight,Level,Lowest,No
11978,13,Georgia,131301,0,2,2,0,3,THOMASVILLE,November,13,Monday,11,10,Urban,Medium Speed (Collector),No,30.83507222,-83.981275,Complex/Circle,Daylight,Clear,11:00am-11:59am,12,11:00am-11:59am,15,11:00am-11:59am,32,1,Daylight,Clear,1,2,['Driver'],['Shoulder_Lapbelt'],0,0,Invalid,0.0,0.0,61.0,32.0,"['Male', 'Female']",0,0,3,4,5,Dry,Straight,Level,Lowest,No
11979,13,Georgia,131302,0,2,2,0,2,ATHENS,November,13,Monday,14,40,Urban,Medium Speed (Collector),No,34.02661667,-83.32245833,Non-Intersection,Daylight,Clear,2:00pm-2:59pm,40,2:00pm-2:59pm,46,3:00pm-3:59pm,12,1,Daylight,Clear,1,1,['Driver'],['Shoulder_Lapbelt'],0,0,Invalid,0.0,0.0,48.0,28.0,"['Male', 'Other']",0,0,3,4,5,Dry,Curve,Level,Lowest,No
11980,13,Georgia,131303,0,2,2,0,3,Other,November,14,Tuesday,17,57,Urban,High Speed (Arterial),Yes,33.452525,-84.35852778,Simple Junction,Daylight,Clear,Unknown,Unknown,Unknown EMS Scene Arrival Hour,Unknown EMS Scene Arrival Minutes,Unknown,Unknown EMS Hospital Arrival Time,1,Daylight,Clear,1,2,['Driver'],['Shoulder_Lapbelt'],0,0,Valid,0.0,1.0,39.0,22.0,"['Male', 'Female']",0,0,3,4,5,Dry,Straight,Level,Lowest,No
11981,13,Georgia,131304,1,1,1,0,1,Not Reported,November,14,Tuesday,4,51,Urban,Medium Speed (Collector),No,33.87291111,-84.62523889,Non-Intersection,Dark - Not Lighted,Clear,4:00am-4:59am,51,4:00am-4:59am,53,Not Applicable (Not Transported),Not Applicable (Not Transported),1,Dark - Unlighted,Clear,0,1,[],[],0,0,Valid,0.0,1.0,40.0,40.0,['Male'],1,0,3,3,4,Dry,Straight,Level,Lowest,No
11982,13,Georgia,131305,2,1,1,0,1,ATHENS,November,14,Tuesday,17,42,Urban,High Speed (Arterial),Yes,33.994525,-83.38027222,Complex/Circle,Dusk,Clear,5:00pm-5:59pm,42,5:00pm-5:59pm,50,6:00pm-6:59pm,17,1,Twilight,Clear,0,1,[],[],0,0,Valid,0.0,0.0,37.0,37.0,['Male'],0,0,3,4,4,Dry,Straight,Grade/Hillcrest,Lowest,No
11983,13,Georgia,131306,1,1,1,0,1,ATLANTA,November,14,Tuesday,20,59,Urban,Medium Speed (Collector),No,33.686025,-84.49688889,Non-Intersection,Dark - Not Lighted,Clear,9:00pm-9:59pm,1,9:00pm-9:59pm,3,Not Applicable (Not Transported),Not Applicable (Not Transported),1,Dark - Unlighted,Clear,0,1,[],[],0,0,Valid,0.0,0.0,52.0,52.0,['Male'],0,0,3,3,4,Dry,Curve,Level,Lowest,No
11984,13,Georgia,131307,1,1,1,0,1,ATLANTA,November,15,Wednesday,1,50,Urban,Medium Speed (Collector),No,33.71588333,-84.42578611,Non-Intersection,Dark - Not Lighted,Clear,2:00am-2:59am,0,2:00am-2:59am,3,Not Applicable (Not Transported),Not Applicable (Not Transported),1,Dark - Unlighted,Clear,0,1,[],[],0,0,Invalid,0.0,0.0,999.0,999.0,['Other'],0,0,1,2,4,Dry,Straight,Grade/Hillcrest,Lowest,No
11985,13,Georgia,131308,0,1,1,0,1,AUGUSTA,November,15,Wednesday,16,43,Urban,Low Speed (Local),No,33.42888889,-82.06048889,Non-Intersection,Daylight,Clear,Unknown,Unknown if Notified,Unknown EMS Scene Arrival Hour,Unknown if Arrived,Not Applicable (Not Transported),Not Applicable (Not Transported),1,Daylight,Clear,1,0,['Driver'],['None_Used'],0,0,Valid,0.0,0.0,49.0,49.0,['Female'],0,0,3,3,3,Dry,Straight,Level,Lowest,No
11986,13,Georgia,131309,1,1,1,0,1,ATLANTA,November,15,Wednesday,22,7,Urban,Medium Speed (Collector),No,33.78987222,-84.38776667,Simple Junction,Dark - Lighted,Clear,Unknown,Unknown if Notified,Unknown EMS Scene Arrival Hour,Unknown if Arrived,Not Applicable (Not Transported),Not Applicable (Not Transported),1,Dark - Lighted,Clear,0,1,[],[],0,0,Valid,0.0,0.0,64.0,64.0,['Male'],0,0,4,1,4,Dry,Straight,Level,Lowest,No
11987,13,Georgia,131310,0,2,2,0,3,THOMASVILLE,November,16,Thursday,10,40,Rural,High Speed (Arterial),Yes,30.7812,-84.05456944,Non-Intersection,Daylight,Rain,10:00am-10:59am,42,10:00am-10:59am,51,11:00am-11:59am,16,1,Daylight,Rain/Wind/Minor,1,2,['Driver'],['None_Used'],0,0,Valid,0.0,0.0,71.0,42.0,"['Male', 'Male']",2,0,5,4,5,Wet/Standing Water,Straight,Grade/Hillcrest,Lowest,No
11988,13,Georgia,131311,1,1,1,0,2,AUGUSTA,November,16,Thursday,18,21,Urban,High Speed (Arterial),Yes,33.43912222,-82.01780278,Non-Intersection,Dark - Not Lighted,Clear,6:00pm-6:59pm,24,6:00pm-6:59pm,28,Not Applicable (Not Transported),Not Applicable (Not Transported),1,Dark - Unlighted,Clear,0,2,[],[],0,0,Valid,0.0,0.0,46.0,46.0,['Male'],0,0,3,4,4,Dry,Straight,Level,Lowest,No
11989,13,Georgia,131312,0,1,1,0,1,HEPHZIBAH,November,17,Friday,0,11,Urban,High Speed (Arterial),Yes,33.38233611,-82.12652222,Non-Intersection,Dark - Not Lighted,Clear,Unknown,Unknown if Notified,Unknown EMS Scene Arrival Hour,Unknown if Arrived,Not Applicable (Not Transported),Not Applicable (Not Transported),1,Dark - Unlighted,Clear,1,0,['Driver'],['None_Used'],1,1,Valid,0.0,1.0,48.0,48.0,['Male'],0,0,1,4,3,Dry,Straight,Level,Lowest,No
11990,13,Georgia,131313,0,1,1,0,1,LEXINGTON,November,17,Friday,3,20,Rural,Medium Speed (Collector),No,33.84371944,-82.95029167,Non-Intersection,Dark - Not Lighted,Clear,3:00am-3:59am,29,3:00am-3:59am,37,Not Applicable (Not Transported),Not Applicable (Not Transported),1,Dark - Unlighted,Clear,1,0,['Driver'],['None_Used'],1,1,Valid,0.0,2.0,42.0,42.0,['Male'],0,0,2,4,3,Dry,Curve,Level,Lowest,No
11991,13,Georgia,131315,0,2,2,0,8,ADEL,November,17,Friday,19,9,Urban,Medium Speed (Collector),No,31.13656389,-83.39182778,Simple Junction,Dark - Not Lighted,Cloudy,7:00pm-7:59pm,11,7:00pm-7:59pm,18,Not Applicable (Not Transported),Not Applicable (Not Transported),1,Dark - Unlighted,Reduced Visibility,1,7,['Front_Passenger'],['None_Used'],0,0,Valid,0.0,1.0,52.0,35.0,"['Female', 'Male']",0,0,3,4,5,Dry,Curve,Level,Lowest,No
11992,13,Georgia,131316,0,1,1,0,2,ELBERTON,November,17,Friday,21,30,Urban,Low Speed (Local),No,34.11114167,-82.87867222,Simple Junction,Dark - Not Lighted,Clear,9:00pm-9:59pm,35,9:00pm-9:59pm,36,10:00pm-10:59pm,2,1,Dark - Unlighted,Clear,1,1,['Front_Passenger'],['None_Used'],1,1,Invalid,0.0,0.0,33.0,33.0,['Female'],2,0,3,4,3,Dry,Curve,Level,Lowest,No
11993,13,Georgia,131317,0,1,1,0,2,WOODSTOCK,November,17,Friday,23,21,Urban,Medium Speed (Collector),No,34.11003333,-84.44938611,Simple Junction,Dark - Not Lighted,Clear,11:00pm-11:59pm,22,11:00pm-11:59pm,30,0:00am-0:59am,12,1,Dark - Unlighted,Clear,1,1,['Front_Passenger'],['Shoulder_Lapbelt'],1,1,Valid,0.0,0.0,21.0,21.0,['Male'],0,0,2,4,2,Dry,Curve,Grade/Hillcrest,Lowest,No
11994,13,Georgia,131318,0,1,1,0,1,MOUNT AIRY,November,18,Saturday,8,55,Rural,Medium Speed (Collector),Yes,34.59753333,-83.46168333,Non-Intersection,Daylight,Clear,8:00am-8:59am,55,8:00am-8:59am,55,Not Applicable (Not Transported),Not Applicable (Not Transported),1,Daylight,Clear,1,0,['Driver'],['Shoulder_Lapbelt'],1,1,Valid,0.0,2.0,22.0,22.0,['Male'],1,0,2,4,3,Dry,Curve,Grade/Hillcrest,Lowest,No
11995,13,Georgia,131319,1,1,1,0,1,COLUMBUS,November,18,Saturday,0,20,Urban,High Speed (Arterial),Yes,32.421975,-84.94652778,Complex/Circle,Dark - Not Lighted,Clear,0:00am-0:59am,23,0:00am-0:59am,25,0:00am-0:59am,42,1,Dark - Unlighted,Clear,0,1,[],[],0,0,Invalid,0.0,0.0,35.0,35.0,['Male'],0,0,2,2,4,Dry,Straight,Level,Lowest,No
11996,13,Georgia,131320,1,1,1,0,1,Not Reported,November,18,Saturday,18,48,Urban,Low Speed (Local),No,34.01495556,-83.91063333,Non-Intersection,Dark - Not Lighted,Clear,6:00pm-6:59pm,49,6:00pm-6:59pm,54,7:00pm-7:59pm,11,1,Dark - Unlighted,Clear,0,1,[],[],0,0,Valid,0.0,0.0,59.0,59.0,['Male'],0,0,2,3,4,Dry,Straight,Grade/Hillcrest,Lowest,No
11997,13,Georgia,131321,0,2,2,0,4,GRIFFIN,November,18,Saturday,19,45,Urban,High Speed (Arterial),Yes,33.308875,-84.29119722,Non-Intersection,Dark - Not Lighted,Clear,7:00pm-7:59pm,55,8:00pm-8:59pm,3,Unknown,Unknown EMS Hospital Arrival Time,1,Dark - Unlighted,Clear,1,3,['Front_Passenger'],['None_Used'],1,1,Invalid,0.0,1.0,33.0,25.0,"['Male', 'Male']",0,0,3,4,5,Dry,Straight,Grade/Hillcrest,Lowest,No
11998,13,Georgia,131322,0,2,2,0,3,Not Reported,November,19,Sunday,18,0,Rural,High Speed (Arterial),Yes,33.24040278,-84.81031944,Simple Junction,Dark - Not Lighted,Clear,6:00pm-6:59pm,0,6:00pm-6:59pm,11,6:00pm-6:59pm,30,1,Dark - Unlighted,Clear,1,2,['Driver'],['None_Used'],1,1,Valid,0.0,1.0,46.0,23.0,"['Male', 'Male']",0,0,5,4,5,Dry,Straight,Level,Lowest,No
11999,13,Georgia,131323,0,2,2,0,3,TUCKER,November,19,Sunday,3,20,Urban,Medium Speed (Collector),No,33.89509444,-84.23864167,Non-Intersection,Dark - Lighted,Clear,3:00am-3:59am,23,3:00am-3:59am,30,4:00am-4:59am,30,1,Dark - Lighted,Clear,1,2,['Driver'],['Shoulder_Lapbelt'],0,0,Valid,0.0,4.0,52.0,23.0,"['Male', 'Male']",0,0,3,4,5,Dry,Curve,Level,Lowest,No
12000,13,Georgia,131324,1,1,1,0,1,Other,November,19,Sunday,6,4,Rural,Medium Speed (Collector),No,33.24970833,-84.46575278,Non-Intersection,Dark - Not Lighted,Clear,6:00am-6:59am,6,6:00am-6:59am,18,Not Applicable (Not Transported),Not Applicable (Not Transported),1,Dark - Unlighted,Clear,0,1,[],[],0,0,Valid,0.0,0.0,37.0,37.0,['Female'],0,0,3,4,4,Dry,Straight,Level,Lowest,No
12001,13,Georgia,131325,1,2,2,0,2,Not Reported,November,20,Monday,1,20,Urban,High Speed (Arterial),Yes,30.85693333,-83.33510278,Non-Intersection,Dark - Not Lighted,Clear,1:00am-1:59am,35,2:00am-2:59am,39,Not Applicable (Not Transported),Not Applicable (Not Transported),1,Dark - Unlighted,Clear,0,2,[],[],0,0,Valid,0.0,0.0,39.0,39.0,['Male'],0,0,4,3,5,Dry,Straight,Level,Lowest,No
12002,13,Georgia,131326,0,2,2,0,2,GUYTON,November,20,Monday,12,14,Rural,Medium Speed (Collector),No,32.19549444,-81.30063611,Simple Junction,Daylight,Cloudy,Unknown,Unknown if Notified,Unknown EMS Scene Arrival Hour,Unknown if Arrived,Not Applicable (Not Transported),Not Applicable (Not Transported),1,Daylight,Reduced Visibility,1,1,['Driver'],['Shoulder_Lapbelt'],0,0,Valid,0.0,0.0,59.0,41.0,"['Male', 'Male']",0,0,4,4,5,Dry,Straight,Level,Lowest,No
12003,13,Georgia,131327,0,2,2,0,2,Not Reported,November,20,Monday,18,0,Rural,High Speed (Arterial),Yes,31.41846667,-83.38123333,Non-Intersection,Dark - Not Lighted,Cloudy,6:00pm-6:59pm,24,6:00pm-6:59pm,24,6:00pm-6:59pm,34,1,Dark - Unlighted,Reduced Visibility,1,1,['Driver'],['Shoulder_Lapbelt'],0,0,Valid,0.0,0.0,23.0,20.0,"['Female', 'Male']",0,0,5,4,5,Dry,Straight,Grade/Hillcrest,Lowest,No
12004,13,Georgia,131328,0,1,1,0,1,COMER,November,20,Monday,19,0,Rural,Low Speed (Local),No,34.07149167,-83.13722778,Non-Intersection,Dark - Not Lighted,Clear,7:00pm-7:59pm,30,7:00pm-7:59pm,56,8:00pm-8:59pm,30,1,Dark - Unlighted,Clear,1,0,['Driver'],['None_Used'],0,0,Valid,0.0,0.0,18.0,18.0,['Male'],0,0,5,4,1,Dry,Straight,Grade/Hillcrest,Lowest,No
12005,13,Georgia,131329,0,1,1,0,1,CARROLLTON,November,21,Tuesday,3,16,Urban,Medium Speed (Collector),No,33.58213889,-85.115775,Non-Intersection,Dark - Not Lighted,Rain,3:00am-3:59am,16,3:00am-3:59am,16,Not Applicable (Not Transported),Not Applicable (Not Transported),1,Dark - Unlighted,Rain/Wind/Minor,1,0,['Driver'],['None_Used'],0,0,Valid,0.0,0.0,20.0,20.0,['Female'],0,0,3,4,2,Wet/Standing Water,Straight,Level,Lowest,No