,State_Code,State_Name,Crash_ID,Count_Non_Motorists,Count_Vehicles_Total,Count_Vehicle_Forms,Count_PVH_Involved,Count_Occupants_MV,City_Name,Month_Name,Day_of_Month,Day_of_Week,Crash_Hour,Crash_Minute,Area_Rural_Urban,Road_Functional_Class,On_NHS_Road,Latitude,Longitude,Intersection_Type,Light_Condition,Weather_Condition,Notif_Hour,Notif_Minute,Arrival_Hour,Arrival_Minute,Hospital_Hour,Hospital_Minute,Fatalities_Count,Clean_Light_Condition,Clean_Weather_Condition,Total_Killed,Total_Alive,Fatal_Seats_List,Killed_Restraint_List,Any_Driver_Drinking,Total_Drinking_Drivers,Driver_License_Category,Driver_Max_Prev_Accident_Count,Driver_Max_Prev_Speeding_Count,Max_Driver_Age,Min_Driver_Age,Driver_Sex_List,Total_Exceeding_Limit_Vehicles,Total_Too_Fast_Vehicles,Max_Vehicle_Type_Severity_5,Max_Vehicle_Damage_Rank,Max_Harmful_Event_Severity,Crash_Road_Surface_Condition,Crash_Horizontal_Alignment,Crash_Vertical_Profile,Crash_Impairment_Category,Crash_Vehicle_Defect
12006,13,Georgia,131330,0,1,1,0,5,Other,November,21,Tuesday,7,3,Rural,High Speed (Arterial),Yes,32.12194167,-81.38289722,Non-Intersection,Daylight,Rain,Unknown,Unknown,Unknown EMS Scene Arrival Hour,Unknown EMS Scene Arrival Minutes,Unknown,Unknown EMS Hospital Arrival Time,1,Daylight,Rain/Wind/Minor,1,4,['Front_Passenger'],['Shoulder_Lapbelt'],0,0,Valid,0.0,1.0,28.0,28.0,['Female'],5,0,3,4,3,Wet/Standing Water,Straight,Level,Lowest,Yes
12007,13,Georgia,131331,0,1,1,0,1,CANTON,October,25,Wednesday,9,14,Urban,High Speed (Arterial),Yes,34.22559167,-84.48134444,Non-Intersection,Daylight,Clear,9:00am-9:59am,15,9:00am-9:59am,20,Not Applicable (Not Transported),Not Applicable (Not Transported),1,Daylight,Clear,1,0,['Driver'],['Lapbelt_Only'],0,0,Valid,0.0,0.0,66.0,66.0,['Male'],0,0,4,4,3,Dry,Curve,Grade/Hillcrest,Lowest,No
12008,13,Georgia,131332,1,1,1,0,1,Not Reported,November,22,Wednesday,13,31,Urban,Low Speed (Local),No,33.79987778,-84.62673889,Non-Intersection,Daylight,Cloudy,1:00pm-1:59pm,36,1:00pm-1:59pm,44,Not Applicable (Not Transported),Not Applicable (Not Transported),1,Daylight,Reduced Visibility,0,1,[],[],0,0,Valid,0.0,0.0,37.0,37.0,['Male'],0,0,3,2,4,Dry,Straight,Level,Lowest,No
12009,13,Georgia,131333,0,1,1,0,1,COLUMBUS,November,23,Thursday,0,59,Urban,Medium Speed (Collector),No,32.48612222,-84.89655556,Non-Intersection,Dark - Lighted,Clear,0:00am-0:59am,59,1:00am-1:59am,4,Not Applicable (Not Transported),Not Applicable (Not Transported),1,Dark - Lighted,Clear,1,0,['Driver'],['Shoulder_Lapbelt'],0,0,Valid,0.0,2.0,27.0,27.0,['Male'],1,0,2,4,3,Dry,Straight,Level,Lowest,No
12010,13,Georgia,131334,0,4,4,0,6,Not Reported,November,23,Thursday,5,8,Urban,High Speed (Arterial),Yes,33.40786111,-84.15675556,Non-Intersection,Dark - Not Lighted,Clear,5:00am-5:59am,12,5:00am-5:59am,17,Not Applicable (Not Transported),Not Applicable (Not Transported),1,Dark - Unlighted,Clear,1,5,['Driver'],['Shoulder_Lapbelt'],1,1,Valid,1.0,1.0,74.0,30.0,"['Male', 'Female', 'Male', 'Male']",0,0,4,4,5,Dry,Straight,Level,Lowest,No
12011,13,Georgia,131335,0,2,2,0,11,Not Reported,November,23,Thursday,15,28,Rural,Medium Speed (Collector),No,31.13891944,-83.90069167,Non-Intersection,Daylight,Clear,3:00pm-3:59pm,27,3:00pm-3:59pm,39,Unknown,Unknown EMS Hospital Arrival Time,5,Daylight,Clear,5,6,"['Driver', 'Rear_Seat', 'Rear_Seat', 'Front_Passenger', 'Rear_Seat']","['Shoulder_Lapbelt', 'None_Used', 'None_Used', 'None_Used', 'None_Used']",1,1,Valid,0.0,0.0,58.0,18.0,"['Male', 'Male']",0,0,3,4,5,Dry,Straight,Grade/Hillcrest,Lowest,No
12012,13,Georgia,131336,1,1,1,0,3,Not Reported,November,23,Thursday,18,17,Urban,High Speed (Arterial),Yes,33.39666111,-84.756125,Non-Intersection,Dark - Not Lighted,Clear,6:00pm-6:59pm,22,6:00pm-6:59pm,26,Not Applicable (Not Transported),Not Applicable (Not Transported),1,Dark - Unlighted,Clear,0,3,[],[],0,0,Valid,0.0,4.0,24.0,24.0,['Male'],0,0,3,4,4,Dry,Straight,Level,Lowest,No
12013,13,Georgia,131337,0,1,1,0,1,WAYNESBORO,November,23,Thursday,18,45,Rural,Medium Speed (Collector),No,33.1277,-81.84138889,Non-Intersection,Dark - Not Lighted,Clear,6:00pm-6:59pm,27,6:00pm-6:59pm,40,6:00pm-6:59pm,58,1,Dark - Unlighted,Clear,1,0,['Driver'],['None_Used'],1,1,Valid,0.0,0.0,55.0,55.0,['Male'],1,0,3,4,3,Dry,Curve,Level,Lowest,No
12014,13,Georgia,131338,0,1,1,0,4,BRUNSWICK,November,23,Thursday,21,4,Rural,Low Speed (Local),No,31.24358611,-81.703,Non-Intersection,Dark - Not Lighted,Clear,9:00pm-9:59pm,5,9:00pm-9:59pm,22,10:00pm-10:59pm,59,1,Dark - Unlighted,Clear,1,3,['Front_Passenger'],['None_Used'],1,1,Valid,0.0,0.0,49.0,49.0,['Female'],0,0,5,4,3,Dry,Curve,Level,Lowest,No
12015,13,Georgia,131339,1,1,1,0,1,MCDONOUGH,November,23,Thursday,22,29,Urban,Medium Speed (Collector),No,33.45826667,-84.15309722,Non-Intersection,Dark - Not Lighted,Clear,11:00pm-11:59pm,44,0:00am-0:59am,6,Not Applicable (Not Transported),Not Applicable (Not Transported),1,Dark - Unlighted,Clear,0,1,[],[],0,0,Valid,0.0,0.0,61.0,61.0,['Male'],0,0,3,4,4,Dry,Straight,Level,Lowest,No
12016,13,Georgia,131340,0,2,2,0,2,Not Reported,November,23,Thursday,23,25,Urban,High Speed (Arterial),Yes,32.47529167,-82.83101111,Non-Intersection,Dark - Not Lighted,Cloudy,11:00pm-11:59pm,21,11:00pm-11:59pm,25,Not Applicable (Not Transported),Not Applicable (Not Transported),2,Dark - Unlighted,Reduced Visibility,2,0,"['Driver', 'Driver']","['Shoulder_Lapbelt', 'None_Used']",1,1,Valid,0.0,1.0,43.0,41.0,"['Female', 'Female']",1,0,3,4,5,Dry,Straight,Level,Lowest,No
12017,13,Georgia,131341,0,2,2,0,2,SAVANNAH,November,24,Friday,0,25,Urban,High Speed (Arterial),Yes,32.05338056,-81.10615556,Complex/Circle,Dark - Lighted,Cloudy,0:00am-0:59am,25,0:00am-0:59am,29,Not Applicable (Not Transported),Not Applicable (Not Transported),1,Dark - Lighted,Reduced Visibility,1,1,['Driver'],['None_Used'],0,0,Valid,0.0,1.0,36.0,27.0,"['Male', 'Female']",0,0,5,4,5,Dry,Straight,Level,Lowest,No
12018,13,Georgia,131342,0,2,2,0,4,ROME,November,24,Friday,11,39,Urban,High Speed (Arterial),No,34.28470556,-85.21105278,Non-Intersection,Daylight,Clear,11:00am-11:59am,40,11:00am-11:59am,47,12:00pm-12:59pm,30,1,Daylight,Clear,1,3,['Driver'],['Shoulder_Lapbelt'],0,0,Valid,0.0,0.0,60.0,60.0,"['Male', 'Male']",0,0,3,4,5,Dry,Straight,Level,Lowest,No
12019,13,Georgia,131343,0,1,1,0,1,LYONS,November,24,Friday,19,43,Rural,Medium Speed (Collector),No,31.973225,-82.29955278,Non-Intersection,Dark - Not Lighted,Clear,7:00pm-7:59pm,48,7:00pm-7:59pm,58,Unknown,Unknown EMS Hospital Arrival Time,1,Dark - Unlighted,Clear,1,0,['Driver'],['None_Used'],1,1,Valid,0.0,0.0,62.0,62.0,['Female'],1,0,3,4,3,Dry,Curve,Level,Lowest,No
12020,13,Georgia,131344,0,1,1,0,1,HARTWELL,November,24,Friday,22,10,Rural,Medium Speed (Collector),No,34.25284722,-82.90107222,Non-Intersection,Dark - Not Lighted,Clear,10:00pm-10:59pm,15,10:00pm-10:59pm,24,Not Applicable (Not Transported),Not Applicable (Not Transported),1,Dark - Unlighted,Clear,1,0,['Driver'],['Shoulder_Lapbelt'],0,0,Invalid,0.0,0.0,998.0,998.0,['Male'],1,0,3,4,3,Dry,Curve,Grade/Hillcrest,Lowest,No
12021,13,Georgia,131345,1,1,1,0,1,AUGUSTA,November,24,Friday,22,47,Urban,Medium Speed (Collector),No,33.27564167,-81.95725278,Non-Intersection,Dark - Not Lighted,Clear,Unknown,Unknown if Notified,Unknown EMS Scene Arrival Hour,Unknown if Arrived,Not Applicable (Not Transported),Not Applicable (Not Transported),1,Dark - Unlighted,Clear,0,1,[],[],0,0,Invalid,0.0,0.0,999.0,999.0,['Other'],0,0,1,3,4,Dry,Straight,Grade/Hillcrest,Lowest,No
12022,13,Georgia,131346,0,2,2,0,3,ATLANTA,November,25,Saturday,0,1,Urban,High Speed (Arterial),Yes,33.74018056,-84.34926111,Complex/Circle,Dark - Lighted,Clear,0:00am-0:59am,6,0:00am-0:59am,9,Unknown,Unknown EMS Hospital Arrival Time,1,Dark - Lighted,Clear,1,2,['Driver'],['None_Used'],0,0,Valid,2.0,1.0,32.0,31.0,"['Female', 'Male']",2,0,3,4,5,Dry,Straight,Level,Lowest,No
12023,13,Georgia,131347,1,1,1,0,1,Other,November,25,Saturday,5,57,Urban,High Speed (Arterial),Yes,33.61287778,-84.51943333,Non-Intersection,Dark - Lighted,Clear,5:00am-5:59am,57,6:00am-6:59am,22,Not Applicable (Not Transported),Not Applicable (Not Transported),1,Dark - Lighted,Clear,0,1,[],[],0,0,Valid,0.0,0.0,56.0,56.0,['Male'],0,0,2,3,4,Dry,Straight,Level,Lowest,No
12024,13,Georgia,131348,0,4,4,0,3,Not Reported,November,25,Saturday,6,13,Urban,High Speed (Arterial),Yes,33.90110556,-84.27137778,Non-Intersection,Dark - Not Lighted,Clear,6:00am-6:59am,20,6:00am-6:59am,28,7:00am-7:59am,15,1,Dark - Unlighted,Clear,1,2,['Driver'],['Shoulder_Lapbelt'],0,0,Valid,1.0,0.0,51.0,24.0,"['Male', 'Female', 'Male']",0,0,3,4,5,Dry,Straight,Level,Lowest,No
12025,13,Georgia,131349,0,2,2,0,3,Not Reported,November,25,Saturday,9,39,Rural,Medium Speed (Collector),No,31.12621389,-83.95169722,Complex/Circle,Daylight,Clear,9:00am-9:59am,40,9:00am-9:59am,51,10:00am-10:59am,21,1,Daylight,Clear,1,2,['Front_Passenger'],['Shoulder_Lapbelt'],0,0,Valid,4.0,2.0,61.0,37.0,"['Male', 'Male']",0,0,4,4,5,Dry,Straight,Grade/Hillcrest,Lowest,No
12026,13,Georgia,131350,0,1,1,0,1,NOT APPLICABLE,November,25,Saturday,99,99,Rural,Low Speed (Local),No,31.59695,-82.98598889,Non-Intersection,Dark - Not Lighted,Clear,3:00pm-3:59pm,24,3:00pm-3:59pm,55,Not Applicable (Not Transported),Not Applicable (Not Transported),1,Dark - Unlighted,Clear,1,0,['Driver'],['None_Used'],0,0,Valid,0.0,1.0,19.0,19.0,['Male'],0,0,3,4,3,Dry,Straight,Level,Lowest,No
12027,13,Georgia,131351,0,2,2,0,3,MACON,November,25,Saturday,17,15,Urban,Medium Speed (Collector),No,32.84501667,-83.63647778,Complex/Circle,Daylight,Clear,5:00pm-5:59pm,17,5:00pm-5:59pm,26,Unknown,Unknown EMS Hospital Arrival Time,1,Daylight,Clear,1,2,['Driver'],['None_Used'],1,1,Invalid,0.0,0.0,56.0,46.0,"['Male', 'Female']",0,0,5,4,5,Dry,Straight,Level,Lowest,No
12028,13,Georgia,131352,0,1,1,0,2,Not Reported,November,26,Sunday,1,30,Urban,Medium Speed (Collector),No,33.84398056,-84.27070556,Non-Intersection,Dark - Lighted,Clear,1:00am-1:59am,36,1:00am-1:59am,45,2:00am-2:59am,15,1,Dark - Lighted,Clear,1,1,['Front_Passenger'],['None_Used'],0,0,Valid,1.0,0.0,21.0,21.0,['Male'],0,0,2,4,3,Dry,Straight,Level,Lowest,No
12029,13,Georgia,131353,1,1,1,0,1,SAVANNAH,November,26,Sunday,18,29,Urban,High Speed (Arterial),Yes,32.00356111,-81.12176389,Non-Intersection,Dark - Not Lighted,Rain,6:00pm-6:59pm,29,6:00pm-6:59pm,34,Not Applicable (Not Transported),Not Applicable (Not Transported),1,Dark - Unlighted,Rain/Wind/Minor,0,1,[],[],0,0,Valid,0.0,0.0,69.0,69.0,['Female'],0,0,3,2,4,Wet/Standing Water,Straight,Level,Lowest,No
12030,13,Georgia,131354,0,5,5,0,6,Not Reported,November,26,Sunday,20,39,Urban,Medium Speed (Collector),No,33.60708333,-83.9729,Non-Intersection,Daylight,Clear,8:00pm-8:59pm,39,8:00pm-8:59pm,43,8:00pm-8:59pm,55,1,Daylight,Clear,1,5,['Driver'],['None_Used'],0,0,Valid,0.0,0.0,52.0,17.0,"['Male', 'Male', 'Female', 'Male', 'Male']",1,0,3,4,5,Dry,Straight,Level,Lowest,No
12031,13,Georgia,131355,1,1,1,0,1,Not Reported,November,27,Monday,6,0,Urban,Medium Speed (Collector),No,32.93483611,-84.33711111,Non-Intersection,Dark - Not Lighted,Clear,6:00am-6:59am,1,6:00am-6:59am,10,Not Applicable (Not Transported),Not Applicable (Not Transported),1,Dark - Unlighted,Clear,0,1,[],[],0,0,Valid,0.0,0.0,35.0,35.0,['Female'],0,0,3,3,4,Dry,Straight,Level,Lowest,No
12032,13,Georgia,131356,0,5,5,0,7,MACON,November,27,Monday,13,43,Urban,High Speed (Arterial),Yes,32.87458889,-83.66299167,Non-Intersection,Daylight,Clear,Unknown,Unknown,Unknown EMS Scene Arrival Hour,Unknown EMS Scene Arrival Minutes,Unknown,Unknown EMS Hospital Arrival Time,1,Daylight,Clear,1,6,['Front_Passenger'],['Shoulder_Lapbelt'],0,0,Valid,0.0,1.0,74.0,35.0,"['Male', 'Female', 'Male', 'Male', 'Male']",0,0,4,4,5,Dry,Straight,Grade/Hillcrest,Lowest,No
12033,13,Georgia,131357,0,2,2,0,2,Not Reported,November,27,Monday,14,0,Rural,Medium Speed (Collector),No,32.32394444,-83.32833333,Complex/Circle,Daylight,Clear,2:00pm-2:59pm,6,2:00pm-2:59pm,13,Not Applicable (Not Transported),Not Applicable (Not Transported),1,Daylight,Clear,1,1,['Driver'],['None_Used'],1,1,Valid,0.0,1.0,59.0,45.0,"['Male', 'Male']",0,0,4,4,5,Dry,Straight,Level,Lowest,No
12034,13,Georgia,131358,0,3,3,0,4,CLEVELAND,November,27,Monday,16,59,Rural,Medium Speed (Collector),Yes,34.54191944,-83.83222222,Simple Junction,Daylight,Cloudy,5:00pm-5:59pm,8,5:00pm-5:59pm,18,Not Applicable (Not Transported),Not Applicable (Not Transported),1,Daylight,Reduced Visibility,1,3,['Driver'],['Shoulder_Lapbelt'],0,0,Valid,1.0,0.0,62.0,30.0,"['Male', 'Male', 'Male']",0,0,4,4,5,Dry,Straight,Level,Lowest,No
12035,13,Georgia,131359,1,1,1,0,1,ROME,November,27,Monday,22,6,Urban,High Speed (Arterial),Yes,34.268975,-85.21468056,Non-Intersection,Dark - Lighted,Clear,10:00pm-10:59pm,8,10:00pm-10:59pm,11,Not Applicable (Not Transported),Not Applicable (Not Transported),1,Dark - Lighted,Clear,0,1,[],[],0,0,Valid,1.0,1.0,37.0,37.0,['Female'],0,0,3,2,4,Dry,Straight,Level,Lowest,No
12036,13,Georgia,131360,0,2,2,0,3,TIFTON,November,28,Tuesday,15,36,Urban,High Speed (Arterial),Yes,31.47693611,-83.51953056,Simple Junction,Daylight,Clear,3:00pm-3:59pm,39,3:00pm-3:59pm,43,4:00pm-4:59pm,6,1,Daylight,Clear,1,2,['Driver'],['None_Used'],1,1,Valid,0.0,0.0,68.0,27.0,"['Female', 'Male']",0,0,5,4,5,Dry,Straight,Level,Lowest,No
12037,13,Georgia,131361,0,1,1,0,3,ELLIJAY,November,28,Tuesday,23,5,Rural,Medium Speed (Collector),No,34.66029444,-84.38525556,Non-Intersection,Dark - Not Lighted,Clear,10:00pm-10:59pm,52,11:00pm-11:59pm,4,0:00am-0:59am,4,1,Dark - Unlighted,Clear,1,2,['Rear_Seat'],['None_Used'],0,0,Valid,0.0,0.0,54.0,54.0,['Female'],0,0,3,4,3,Dry,Curve,Grade/Hillcrest,Lowest,No
12038,13,Georgia,131362,0,2,2,0,2,Not Reported,November,29,Wednesday,18,13,Urban,High Speed (Arterial),Yes,31.69270556,-83.26945,Complex/Circle,Dark - Not Lighted,Clear,6:00pm-6:59pm,16,6:00pm-6:59pm,35,Unknown,Unknown EMS Hospital Arrival Time,1,Dark - Unlighted,Clear,1,1,['Driver'],['Shoulder_Lapbelt'],0,0,Valid,0.0,0.0,74.0,49.0,"['Male', 'Female']",0,0,3,4,5,Dry,Straight,Level,Lowest,No
12039,13,Georgia,131363,0,2,2,0,2,JASPER,November,30,Thursday,6,14,Urban,High Speed (Arterial),Yes,34.46538889,-84.45836667,Complex/Circle,Dark - Not Lighted,Clear,6:00am-6:59am,12,6:00am-6:59am,15,Not Applicable (Not Transported),Not Applicable (Not Transported),1,Dark - Unlighted,Clear,1,1,['Driver'],['Shoulder_Lapbelt'],0,0,Valid,0.0,0.0,67.0,34.0,"['Female', 'Male']",0,0,4,4,5,Dry,Straight,Level,Lowest,No
12040,13,Georgia,131364,1,1,1,0,1,Not Reported,November,30,Thursday,4,50,Urban,High Speed (Arterial),Yes,33.80617222,-84.18684167,Non-Intersection,Dark - Lighted,Clear,4:00am-4:59am,50,5:00am-5:59am,1,Not Applicable (Not Transported),Not Applicable (Not Transported),1,Dark - Lighted,Clear,0,1,[],[],0,0,Valid,0.0,0.0,37.0,37.0,['Male'],0,0,3,4,4,Dry,Straight,Level,Lowest,No
12041,13,Georgia,131365,0,1,1,0,1,Not Reported,November,30,Thursday,23,0,Urban,Low Speed (Local),No,34.82760556,-84.97439444,Non-Intersection,Dark - Not Lighted,Clear,11:00pm-11:59pm,0,11:00pm-11:59pm,42,Not Applicable (Not Transported),Not Applicable (Not Transported),1,Dark - Unlighted,Clear,1,0,['Driver'],['Shoulder_Lapbelt'],0,0,Valid,0.0,0.0,74.0,74.0,['Male'],0,0,2,4,3,Dry,Straight,Grade/Hillcrest,Lowest,No
12042,13,Georgia,131366,1,1,1,0,1,Not Reported,December,1,Friday,0,53,Urban,High Speed (Arterial),Yes,32.21507222,-82.40445556,Complex/Circle,Dark - Not Lighted,Clear,0:00am-0:59am,53,1:00am-1:59am,2,Not Applicable (Not Transported),Not Applicable (Not Transported),1,Dark - Unlighted,Clear,0,1,[],[],0,0,Valid,0.0,0.0,23.0,23.0,['Male'],0,0,3,3,4,Dry,Curve,Level,Lowest,No
12043,13,Georgia,131367,0,2,2,0,2,Not Reported,December,1,Friday,14,35,Urban,Medium Speed (Collector),No,31.48587222,-82.86173611,Non-Intersection,Daylight,Clear,2:00pm-2:59pm,36,2:00pm-2:59pm,42,3:00pm-3:59pm,21,1,Daylight,Clear,1,1,['Driver'],['Shoulder_Lapbelt'],1,1,Invalid,0.0,0.0,58.0,36.0,"['Male', 'Male']",0,0,3,4,5,Dry,Straight,Level,Lowest,No
12044,13,Georgia,131368,0,2,2,0,3,Not Reported,December,1,Friday,17,46,Rural,Medium Speed (Collector),No,31.66411389,-82.20645,Non-Intersection,Dark - Not Lighted,Other,5:00pm-5:59pm,54,6:00pm-6:59pm,0,6:00pm-6:59pm,19,1,Dark - Unlighted,Reduced Visibility,1,2,['Driver'],['None_Used'],1,2,Valid,0.0,1.0,37.0,30.0,"['Male', 'Male']",0,0,5,4,5,Dry,Straight,Level,Lowest,No
12045,13,Georgia,131369,0,1,1,0,1,Not Reported,December,2,Saturday,6,30,Rural,High Speed (Arterial),Yes,30.99720278,-81.66400833,Non-Intersection,Daylight,Cloudy,6:00am-6:59am,31,6:00am-6:59am,39,Not Applicable (Not Transported),Not Applicable (Not Transported),1,Daylight,Reduced Visibility,1,0,['Driver'],['None_Used'],0,0,Valid,0.0,0.0,62.0,62.0,['Male'],0,0,3,4,3,Wet/Standing Water,Straight,Level,Lowest,No
12046,13,Georgia,131370,0,1,1,0,1,Not Reported,December,2,Saturday,14,35,Rural,Low Speed (Local),No,31.37546667,-83.40734444,Non-Intersection,Daylight,Rain,2:00pm-2:59pm,38,2:00pm-2:59pm,49,Not Applicable (Not Transported),Not Applicable (Not Transported),1,Daylight,Rain/Wind/Minor,1,0,['Driver'],['None_Used'],1,1,Valid,0.0,0.0,59.0,59.0,['Female'],1,0,2,4,3,Wet/Standing Water,Curve,Grade/Hillcrest,Lowest,No
12047,13,Georgia,131371,1,1,1,0,1,Not Reported,December,2,Saturday,19,30,Rural,Medium Speed (Collector),No,34.54941389,-83.46152778,Non-Intersection,Dark - Not Lighted,"Fog, Smog, Smoke",7:00pm-7:59pm,33,7:00pm-7:59pm,34,Not Applicable (Not Transported),Not Applicable (Not Transported),1,Dark - Unlighted,Reduced Visibility,0,1,[],[],0,0,Invalid,0.0,0.0,998.0,998.0,['Other'],0,0,1,0,4,Wet/Standing Water,Straight,Level,Lowest,No
12048,13,Georgia,131372,0,1,1,0,4,JONESBORO,December,2,Saturday,3,6,Urban,High Speed (Arterial),Yes,33.58482778,-84.38014444,Non-Intersection,Dark - Not Lighted,Clear,3:00am-3:59am,15,3:00am-3:59am,30,Not Applicable (Not Transported),Not Applicable (Not Transported),4,Dark - Unlighted,Clear,4,0,"['Driver', 'Rear_Seat', 'Front_Passenger', 'Rear_Seat']","['Shoulder_Lapbelt', 'None_Used', 'Shoulder_Lapbelt', 'None_Used']",0,0,Valid,0.0,0.0,28.0,28.0,['Male'],4,0,3,4,3,Wet/Standing Water,Straight,Grade/Hillcrest,Lowest,No
12049,13,Georgia,131373,0,2,2,0,3,POOLER,December,2,Saturday,23,17,Urban,Medium Speed (Collector),No,32.04459444,-81.26288611,Non-Intersection,Dark - Not Lighted,Cloudy,11:00pm-11:59pm,31,11:00pm-11:59pm,48,0:00am-0:59am,18,1,Dark - Unlighted,Reduced Visibility,1,2,['Driver'],['None_Used'],0,0,Invalid,0.0,0.0,39.0,32.0,"['Male', 'Female']",0,0,3,4,5,Wet/Standing Water,Straight,Grade/Hillcrest,Lowest,No
12050,13,Georgia,131374,0,1,1,0,2,PATTERSON,December,3,Sunday,17,1,Rural,Medium Speed (Collector),No,31.33609722,-82.13890278,Non-Intersection,Daylight,Rain,5:00pm-5:59pm,10,5:00pm-5:59pm,15,Not Applicable (Not Transported),Not Applicable (Not Transported),2,Daylight,Rain/Wind/Minor,2,0,"['Driver', 'Front_Passenger']","['None_Used', 'None_Used']",1,1,Valid,0.0,1.0,29.0,29.0,['Male'],2,0,3,4,3,Wet/Standing Water,Curve,Grade/Hillcrest,Lowest,No
12051,13,Georgia,131375,0,1,1,0,1,CRAWFORDVILLE,December,3,Sunday,3,0,Urban,High Speed (Arterial),Yes,33.53176667,-82.98083611,Non-Intersection,Dark - Not Lighted,Rain,3:00am-3:59am,5,3:00am-3:59am,46,Not Applicable (Not Transported),Not Applicable (Not Transported),1,Dark - Unlighted,Rain/Wind/Minor,1,0,['Driver'],['Shoulder_Lapbelt'],0,0,Valid,0.0,0.0,75.0,75.0,['Male'],1,0,3,4,3,Wet/Standing Water,Curve,Level,Lowest,No
12052,13,Georgia,131376,0,1,1,0,3,Not Reported,December,3,Sunday,15,58,Rural,Medium Speed (Collector),No,34.80879167,-84.911025,Non-Intersection,Daylight,Cloudy,4:00pm-4:59pm,0,4:00pm-4:59pm,5,4:00pm-4:59pm,32,2,Daylight,Reduced Visibility,2,1,"['Front_Passenger', 'Rear_Seat']","['Shoulder_Lapbelt', 'Shoulder_Lapbelt']",1,1,Valid,0.0,0.0,30.0,30.0,['Male'],0,0,3,4,3,Dry,Curve,Grade/Hillcrest,Lowest,No
12053,13,Georgia,131378,0,2,2,0,3,Not Reported,December,4,Monday,9,30,Rural,High Speed (Arterial),Yes,34.69195833,-84.509175,Simple Junction,Daylight,Clear,9:00am-9:59am,32,9:00am-9:59am,37,9:00am-9:59am,52,1,Daylight,Clear,1,2,['Driver'],['Shoulder_Lapbelt'],0,0,Valid,0.0,0.0,79.0,60.0,"['Male', 'Male']",0,0,3,4,5,Dry,Straight,Grade/Hillcrest,Lowest,No
12054,13,Georgia,131379,0,2,2,0,2,STONECREST,December,4,Monday,9,54,Urban,Medium Speed (Collector),No,33.72606667,-84.16714722,Simple Junction,Daylight,Clear,10:00am-10:59am,0,10:00am-10:59am,3,10:00am-10:59am,15,1,Daylight,Clear,1,1,['Driver'],['None_Used'],0,0,Valid,1.0,1.0,70.0,30.0,"['Male', 'Male']",0,0,5,4,5,Dry,Straight,Level,Lowest,No
12055,13,Georgia,131380,0,2,2,0,4,Not Reported,December,4,Monday,14,53,Urban,High Speed (Arterial),Yes,33.13906667,-84.88490278,Non-Intersection,Daylight,Clear,2:00pm-2:59pm,52,3:00pm-3:59pm,0,3:00pm-3:59pm,44,1,Daylight,Clear,1,3,['Rear_Seat'],['None_Used'],0,0,Valid,0.0,0.0,48.0,27.0,"['Female', 'Male']",3,0,3,4,5,Dry,Straight,Level,Lowest,No
12056,13,Georgia,131381,0,1,1,0,2,FAIRBURN,December,5,Tuesday,2,6,Urban,Medium Speed (Collector),No,33.59805833,-84.66921111,Non-Intersection,Dark - Not Lighted,Clear,2:00am-2:59am,12,2:00am-2:59am,30,3:00am-3:59am,30,1,Dark - Unlighted,Clear,1,1,['Driver'],['Shoulder_Lapbelt'],0,0,Invalid,0.0,0.0,28.0,28.0,['Male'],2,0,2,4,3,Dry,Curve,Grade/Hillcrest,Lowest,No
12057,13,Georgia,131382,0,2,2,0,3,Not Reported,December,5,Tuesday,17,53,Rural,High Speed (Arterial),Yes,32.96231667,-83.58088889,Complex/Circle,Dark - Not Lighted,Clear,5:00pm-5:59pm,54,6:00pm-6:59pm,10,Not Applicable (Not Transported),Not Applicable (Not Transported),2,Dark - Unlighted,Clear,2,1,"['Driver', 'Front_Passenger']","['Shoulder_Lapbelt', 'Shoulder_Lapbelt']",0,0,Valid,0.0,0.0,59.0,28.0,"['Female', 'Male']",0,0,4,4,5,Dry,Straight,Level,Lowest,No
12058,13,Georgia,131383,0,1,1,0,2,Not Reported,December,6,Wednesday,0,13,Urban,Medium Speed (Collector),No,34.48413611,-83.55703333,Complex/Circle,Dark - Lighted,Clear,1:00am-1:59am,8,1:00am-1:59am,15,Not Applicable (Not Transported),Not Applicable (Not Transported),2,Dark - Lighted,Clear,2,0,"['Driver', 'Front_Passenger']","['Shoulder_Lapbelt', 'Shoulder_Lapbelt']",0,0,Invalid,0.0,0.0,46.0,46.0,['Male'],2,0,2,4,3,Dry,Straight,Level,Lowest,No
12059,13,Georgia,131384,1,1,1,0,1,Not Reported,December,6,Wednesday,1,48,Urban,High Speed (Arterial),Yes,34.08012778,-84.67085833,Non-Intersection,Dark - Not Lighted,Clear,2:00am-2:59am,18,2:00am-2:59am,54,Not Applicable (Not Transported),Not Applicable (Not Transported),1,Dark - Unlighted,Clear,0,1,[],[],0,0,Valid,0.0,0.0,48.0,48.0,['Male'],0,0,3,4,4,Dry,Straight,Level,Lowest,No
12060,13,Georgia,131385,0,1,1,0,1,DUNWOODY,December,6,Wednesday,1,50,Urban,High Speed (Arterial),Yes,33.92050833,-84.31660556,Non-Intersection,Dark - Lighted,Clear,1:00am-1:59am,50,1:00am-1:59am,54,Not Applicable (Not Transported),Not Applicable (Not Transported),1,Dark - Lighted,Clear,1,0,['Driver'],['None_Used'],0,0,Valid,0.0,0.0,55.0,55.0,['Male'],0,0,3,4,3,Dry,Straight,Level,Lowest,No