,State_Code,State_Name,Crash_ID,Count_Non_Motorists,Count_Vehicles_Total,Count_Vehicle_Forms,Count_PVH_Involved,Count_Occupants_MV,City_Name,Month_Name,Day_of_Month,Day_of_Week,Crash_Hour,Crash_Minute,Area_Rural_Urban,Road_Functional_Class,On_NHS_Road,Latitude,Longitude,Intersection_Type,Light_Condition,Weather_Condition,Notif_Hour,Notif_Minute,Arrival_Hour,Arrival_Minute,Hospital_Hour,Hospital_Minute,Fatalities_Count,Clean_Light_Condition,Clean_Weather_Condition,Total_Killed,Total_Alive,Fatal_Seats_List,Killed_Restraint_List,Any_Driver_Drinking,Total_Drinking_Drivers,Driver_License_Category,Driver_Max_Prev_Accident_Count,Driver_Max_Prev_Speeding_Count,Max_Driver_Age,Min_Driver_Age,Driver_Sex_List,Total_Exceeding_Limit_Vehicles,Total_Too_Fast_Vehicles,Max_Vehicle_Type_Severity_5,Max_Vehicle_Damage_Rank,Max_Harmful_Event_Severity,Crash_Road_Surface_Condition,Crash_Horizontal_Alignment,Crash_Vertical_Profile,Crash_Impairment_Category,Crash_Vehicle_Defect
12061,13,Georgia,131386,0,1,1,0,1,RINGGOLD,December,6,Wednesday,7,8,Rural,Medium Speed (Collector),No,34.85050833,-85.17098611,Non-Intersection,Dawn,Cloudy,7:00am-7:59am,12,7:00am-7:59am,22,Not Applicable (Not Transported),Not Applicable (Not Transported),1,Twilight,Reduced Visibility,1,0,['Driver'],['None_Used'],1,1,Valid,0.0,0.0,51.0,51.0,['Male'],0,0,5,4,2,Dry,Straight,Grade/Hillcrest,Lowest,No
12062,13,Georgia,131387,0,2,2,0,2,Not Reported,December,6,Wednesday,17,34,Urban,High Speed (Arterial),Yes,34.30629722,-85.17384444,Non-Intersection,Daylight,Clear,5:00pm-5:59pm,35,5:00pm-5:59pm,39,5:00pm-5:59pm,59,1,Daylight,Clear,1,1,['Driver'],['None_Used'],0,0,Valid,0.0,0.0,60.0,19.0,"['Female', 'Male']",0,0,5,4,5,Dry,Straight,Level,Lowest,No
12063,13,Georgia,131388,0,3,3,0,5,PEACHTREE CITY,December,6,Wednesday,17,50,Urban,Medium Speed (Collector),No,33.38259444,-84.57752222,Complex/Circle,Dark - Lighted,Clear,5:00pm-5:59pm,51,5:00pm-5:59pm,52,6:00pm-6:59pm,25,1,Dark - Lighted,Clear,1,4,['Front_Passenger'],['Shoulder_Lapbelt'],0,0,Valid,0.0,0.0,85.0,45.0,"['Male', 'Male', 'Female']",0,0,3,4,5,Dry,Straight,Level,Lowest,No
12064,13,Georgia,131389,1,1,1,0,1,SYLVESTER,December,4,Monday,18,30,Urban,High Speed (Arterial),Yes,31.53079167,-83.841125,Non-Intersection,Dark - Not Lighted,Clear,6:00pm-6:59pm,31,6:00pm-6:59pm,40,Not Applicable (Not Transported),Not Applicable (Not Transported),1,Dark - Unlighted,Clear,0,1,[],[],0,0,Valid,0.0,0.0,53.0,53.0,['Female'],0,0,2,3,4,Dry,Straight,Grade/Hillcrest,Lowest,No
12065,13,Georgia,131390,1,1,1,0,1,AUGUSTA,December,7,Thursday,5,38,Urban,High Speed (Arterial),Yes,33.45147222,-82.06263056,Non-Intersection,Dark - Not Lighted,Clear,6:00am-6:59am,9,6:00am-6:59am,26,Not Applicable (Not Transported),Not Applicable (Not Transported),1,Dark - Unlighted,Clear,0,1,[],[],0,0,Invalid,0.0,0.0,62.0,62.0,['Male'],0,0,3,3,4,Dry,Straight,Level,Lowest,No
12066,13,Georgia,131391,0,2,2,0,3,HIRAM,December,7,Thursday,9,10,Urban,Low Speed (Local),No,33.87528333,-84.76106111,Complex/Circle,Daylight,Clear,9:00am-9:59am,22,9:00am-9:59am,37,10:00am-10:59am,11,1,Daylight,Clear,1,2,['Front_Passenger'],['Shoulder_Lapbelt'],0,0,Valid,0.0,0.0,54.0,52.0,"['Male', 'Female']",0,0,3,4,5,Dry,Straight,Grade/Hillcrest,Lowest,No
12067,13,Georgia,131392,0,2,2,0,4,Not Reported,December,7,Thursday,18,15,Urban,High Speed (Arterial),Yes,32.04218333,-81.19041389,Non-Intersection,Dark - Not Lighted,Clear,6:00pm-6:59pm,14,6:00pm-6:59pm,48,7:00pm-7:59pm,7,1,Dark - Unlighted,Clear,1,3,['Front_Passenger'],['None_Used'],0,0,Valid,0.0,1.0,81.0,42.0,"['Male', 'Male']",0,0,4,4,5,Dry,Straight,Level,Lowest,No
12068,13,Georgia,131393,0,2,2,0,4,LAWRENCEVILLE,December,7,Thursday,18,56,Urban,High Speed (Arterial),Yes,33.90669722,-84.00340556,Complex/Circle,Dark - Not Lighted,Clear,6:00pm-6:59pm,57,7:00pm-7:59pm,3,7:00pm-7:59pm,24,3,Dark - Unlighted,Clear,3,1,"['Driver', 'Driver', 'Front_Passenger']","['None_Used', 'None_Used', 'Shoulder_Lapbelt']",0,0,Valid,0.0,0.0,37.0,27.0,"['Male', 'Female']",0,0,5,4,5,Dry,Straight,Grade/Hillcrest,Lowest,No
12069,13,Georgia,131394,1,3,3,0,4,Not Reported,December,7,Thursday,21,12,Rural,High Speed (Arterial),Yes,30.63794444,-83.183825,Non-Intersection,Dark - Not Lighted,Clear,9:00pm-9:59pm,13,9:00pm-9:59pm,37,Not Applicable (Not Transported),Not Applicable (Not Transported),1,Dark - Unlighted,Clear,0,4,[],[],0,0,Valid,0.0,1.0,39.0,23.0,"['Male', 'Male', 'Female']",0,0,4,3,4,Dry,Straight,Level,Lowest,No
12070,13,Georgia,131395,0,2,2,0,2,Not Reported,December,8,Friday,0,55,Urban,Medium Speed (Collector),No,33.76376667,-84.22324167,Complex/Circle,Dark - Not Lighted,Clear,0:00am-0:59am,55,1:00am-1:59am,0,1:00am-1:59am,27,1,Dark - Unlighted,Clear,1,1,['Driver'],['Shoulder_Lapbelt'],0,0,Invalid,0.0,1.0,37.0,15.0,"['Male', 'Male']",0,0,2,4,5,Dry,Straight,Level,Lowest,No
12071,13,Georgia,131397,0,2,2,0,2,Not Reported,December,8,Friday,13,30,Urban,High Speed (Arterial),Yes,33.48427222,-82.12295,Non-Intersection,Daylight,Clear,1:00pm-1:59pm,31,1:00pm-1:59pm,37,1:00pm-1:59pm,57,1,Daylight,Clear,1,1,['Driver'],['Shoulder_Lapbelt'],0,0,Valid,0.0,0.0,82.0,32.0,"['Male', 'Female']",0,0,3,4,5,Dry,Straight,Level,Lowest,No
12072,13,Georgia,131398,0,1,1,0,3,Not Reported,December,8,Friday,14,20,Urban,High Speed (Arterial),Yes,33.89073889,-84.26164722,Non-Intersection,Daylight,Clear,2:00pm-2:59pm,20,2:00pm-2:59pm,46,3:00pm-3:59pm,20,1,Daylight,Clear,1,2,['Driver'],['Shoulder_Lapbelt'],0,0,Invalid,0.0,0.0,46.0,46.0,['Female'],3,0,3,4,3,Dry,Curve,Level,Lowest,No
12073,13,Georgia,131399,0,3,3,0,6,Not Reported,December,8,Friday,18,0,Urban,Medium Speed (Collector),No,31.25663056,-81.49011111,Complex/Circle,Dark - Not Lighted,Clear,6:00pm-6:59pm,6,6:00pm-6:59pm,22,6:00pm-6:59pm,36,1,Dark - Unlighted,Clear,1,5,['Rear_Seat'],['Child_Safety'],0,0,Valid,0.0,0.0,55.0,23.0,"['Male', 'Male', 'Male']",0,0,3,4,5,Dry,Straight,Level,Lowest,No
12074,13,Georgia,131400,1,1,1,0,1,Not Reported,December,8,Friday,20,11,Urban,Medium Speed (Collector),No,33.66770833,-84.27979722,Simple Junction,Dark - Not Lighted,Clear,8:00pm-8:59pm,15,8:00pm-8:59pm,24,Not Applicable (Not Transported),Not Applicable (Not Transported),1,Dark - Unlighted,Clear,0,1,[],[],0,0,Invalid,0.0,0.0,998.0,998.0,['Other'],0,0,1,0,4,Dry,Straight,Level,Lowest,No
12075,13,Georgia,131401,1,1,1,0,1,VALDOSTA,December,9,Saturday,18,30,Urban,High Speed (Arterial),Yes,30.88274722,-83.25738056,Non-Intersection,Dark - Not Lighted,Clear,6:00pm-6:59pm,30,6:00pm-6:59pm,36,Not Applicable (Not Transported),Not Applicable (Not Transported),1,Dark - Unlighted,Clear,0,1,[],[],0,0,Invalid,0.0,0.0,998.0,998.0,['Other'],0,0,1,0,4,Dry,Straight,Level,Lowest,No
12076,13,Georgia,131402,0,3,3,0,4,SAVANNAH,December,9,Saturday,20,43,Urban,High Speed (Arterial),Yes,32.034925,-81.13312222,Non-Intersection,Dark - Not Lighted,Clear,8:00pm-8:59pm,45,8:00pm-8:59pm,52,9:00pm-9:59pm,10,1,Dark - Unlighted,Clear,1,3,['Driver'],['None_Used'],0,0,Valid,0.0,0.0,61.0,20.0,"['Male', 'Female', 'Male']",0,0,5,4,5,Dry,Straight,Level,Lowest,No
12077,13,Georgia,131403,0,2,2,0,4,Not Reported,December,9,Saturday,22,24,Urban,High Speed (Arterial),Yes,33.82361667,-84.23632222,Non-Intersection,Dark - Not Lighted,Clear,10:00pm-10:59pm,29,10:00pm-10:59pm,37,11:00pm-11:59pm,9,2,Dark - Unlighted,Clear,2,2,"['Front_Passenger', 'Rear_Seat']","['Shoulder_Lapbelt', 'Shoulder_Lapbelt']",1,1,Invalid,0.0,0.0,63.0,19.0,"['Male', 'Male']",0,0,3,4,5,Wet/Standing Water,Straight,Level,Lowest,No
12078,13,Georgia,131404,0,2,2,0,2,Not Reported,December,10,Sunday,0,40,Urban,High Speed (Arterial),Yes,32.07070278,-81.20282222,Non-Intersection,Dark - Not Lighted,Clear,0:00am-0:59am,40,0:00am-0:59am,48,1:00am-1:59am,44,1,Dark - Unlighted,Clear,1,1,['Driver'],['None_Used'],1,1,Invalid,0.0,0.0,41.0,20.0,"['Male', 'Male']",0,0,2,4,5,Dry,Straight,Grade/Hillcrest,Lowest,No
12079,13,Georgia,131405,1,1,1,0,1,Not Reported,December,10,Sunday,2,44,Urban,Medium Speed (Collector),No,33.68281667,-84.214775,Complex/Circle,Dark - Not Lighted,Rain,2:00am-2:59am,46,2:00am-2:59am,51,Not Applicable (Not Transported),Not Applicable (Not Transported),1,Dark - Unlighted,Rain/Wind/Minor,0,1,[],[],0,0,Invalid,0.0,0.0,999.0,999.0,['Other'],0,0,1,0,4,Wet/Standing Water,Straight,Level,Lowest,No
12080,13,Georgia,131406,0,1,1,0,1,BROOKHAVEN,December,10,Sunday,21,21,Urban,Low Speed (Local),No,33.84709444,-84.34219722,Non-Intersection,Dark - Lighted,Rain,9:00pm-9:59pm,48,10:00pm-10:59pm,2,10:00pm-10:59pm,17,1,Dark - Lighted,Rain/Wind/Minor,1,0,['Driver'],['None_Used'],1,1,Valid,0.0,0.0,18.0,18.0,['Male'],1,0,2,4,3,Wet/Standing Water,Curve,Grade/Hillcrest,Lowest,No
12081,13,Georgia,131407,1,1,1,0,1,COLUMBUS,December,10,Sunday,22,43,Urban,High Speed (Arterial),Yes,32.551075,-84.86001111,Non-Intersection,Dark - Not Lighted,Rain,10:00am-10:59am,44,10:00am-10:59am,49,11:00am-11:59am,14,1,Dark - Unlighted,Rain/Wind/Minor,0,1,[],[],0,0,Valid,0.0,0.0,18.0,18.0,['Male'],0,0,2,4,4,Wet/Standing Water,Straight,Level,Lowest,No
12082,13,Georgia,131408,0,1,1,0,3,TRENTON,December,11,Monday,1,40,Rural,Medium Speed (Collector),No,34.9243,-85.5283,Non-Intersection,Dark - Not Lighted,Cloudy,1:00am-1:59am,45,1:00am-1:59am,59,2:00am-2:59am,33,2,Dark - Unlighted,Reduced Visibility,2,1,"['Driver', 'Front_Passenger']","['Shoulder_Lapbelt', 'Shoulder_Lapbelt']",0,0,Valid,0.0,0.0,21.0,21.0,['Male'],3,0,1,4,3,Dry,Curve,Grade/Hillcrest,Lowest,No
12083,13,Georgia,131409,1,1,1,0,1,ROCKMART,December,11,Monday,7,11,Urban,High Speed (Arterial),Yes,34.01094722,-85.06418889,Complex/Circle,Dawn,Clear,7:00am-7:59am,12,7:00am-7:59am,15,Not Applicable (Not Transported),Not Applicable (Not Transported),1,Twilight,Clear,0,1,[],[],0,0,Valid,1.0,0.0,82.0,82.0,['Male'],0,0,3,4,4,Dry,Straight,Level,Lowest,No
12084,13,Georgia,131410,0,4,4,0,4,Not Reported,December,11,Monday,16,58,Rural,Medium Speed (Collector),No,33.11283056,-81.97255278,Non-Intersection,Daylight,Clear,4:00pm-4:59pm,51,4:00pm-4:59pm,58,5:00pm-5:59pm,23,1,Daylight,Clear,1,3,['Driver'],['Shoulder_Lapbelt'],0,0,Valid,0.0,0.0,65.0,31.0,"['Male', 'Male', 'Male', 'Male']",0,0,4,4,5,Dry,Straight,Grade/Hillcrest,Lowest,No
12085,13,Georgia,131411,0,3,3,0,5,MACON,December,11,Monday,18,4,Urban,Medium Speed (Collector),No,32.82523611,-83.70727778,Non-Intersection,Dusk,Clear,6:00pm-6:59pm,7,6:00pm-6:59pm,14,6:00pm-6:59pm,34,1,Twilight,Clear,1,4,['Driver'],['None_Used'],0,0,Valid,0.0,1.0,75.0,25.0,"['Male', 'Female', 'Female']",0,0,3,4,5,Dry,Straight,Level,Lowest,No
12086,13,Georgia,131413,0,2,2,0,2,SWAINSBORO,December,12,Tuesday,11,15,Urban,High Speed (Arterial),Yes,32.55730833,-82.33637778,Complex/Circle,Daylight,Clear,11:00am-11:59am,15,11:00am-11:59am,24,11:00am-11:59am,59,1,Daylight,Clear,1,1,['Driver'],['None_Used'],0,0,Valid,0.0,0.0,50.0,44.0,"['Male', 'Female']",0,0,2,4,5,Dry,Straight,Grade/Hillcrest,Lowest,No
12087,13,Georgia,131414,0,2,2,0,2,CHATSWORTH,December,12,Tuesday,15,20,Urban,High Speed (Arterial),No,34.78275,-84.78480833,Non-Intersection,Daylight,Clear,3:00pm-3:59pm,20,3:00pm-3:59pm,20,3:00pm-3:59pm,30,1,Daylight,Clear,1,1,['Driver'],['Shoulder_Lapbelt'],0,0,Valid,0.0,2.0,69.0,22.0,"['Female', 'Male']",0,0,3,4,5,Dry,Straight,Grade/Hillcrest,Lowest,No
12088,13,Georgia,131415,0,1,1,0,1,DALLAS,December,13,Wednesday,18,17,Urban,Medium Speed (Collector),No,33.90291944,-84.82836944,Non-Intersection,Dark - Not Lighted,Clear,6:00pm-6:59pm,34,6:00pm-6:59pm,41,Not Applicable (Not Transported),Not Applicable (Not Transported),1,Dark - Unlighted,Clear,1,0,['Driver'],['None_Used'],0,0,Valid,0.0,0.0,46.0,46.0,['Male'],0,0,3,4,3,Dry,Straight,Level,Lowest,No
12089,13,Georgia,131416,1,1,1,0,1,STONE MOUNTAIN,December,14,Thursday,19,39,Urban,Medium Speed (Collector),No,33.74710278,-84.28875278,Non-Intersection,Dark - Not Lighted,Clear,7:00pm-7:59pm,39,7:00pm-7:59pm,45,Not Applicable (Not Transported),Not Applicable (Not Transported),1,Dark - Unlighted,Clear,0,1,[],[],0,0,Valid,0.0,0.0,23.0,23.0,['Male'],0,0,2,4,4,Dry,Straight,Grade/Hillcrest,Lowest,No
12090,13,Georgia,131417,1,1,1,0,1,COLLEGE PARK,December,14,Thursday,20,58,Urban,Medium Speed (Collector),No,33.61960833,-84.47322222,Non-Intersection,Dark - Not Lighted,Clear,8:00pm-8:59pm,59,9:00pm-9:59pm,5,Not Applicable (Not Transported),Not Applicable (Not Transported),1,Dark - Unlighted,Clear,0,1,[],[],0,0,Valid,0.0,0.0,17.0,17.0,['Male'],0,0,3,3,4,Dry,Straight,Grade/Hillcrest,Lowest,No
12091,13,Georgia,131418,0,2,2,0,5,ATLANTA,December,15,Friday,6,20,Urban,High Speed (Arterial),Yes,33.8653,-84.28786389,Non-Intersection,Dark - Lighted,Clear,6:00am-6:59am,22,6:00am-6:59am,35,7:00am-7:59am,0,1,Dark - Lighted,Clear,1,4,['Rear_Seat'],['Child_Safety'],0,0,Valid,1.0,0.0,26.0,24.0,"['Female', 'Male']",0,0,3,4,5,Dry,Straight,Level,Lowest,No
12092,13,Georgia,131419,0,1,1,0,1,ATLANTA,January,25,Wednesday,0,16,Urban,Medium Speed (Collector),No,33.611575,-84.47183056,Non-Intersection,Dark - Lighted,Cloudy,Unknown,Unknown,Unknown EMS Scene Arrival Hour,Unknown EMS Scene Arrival Minutes,Not Applicable (Not Transported),Not Applicable (Not Transported),1,Dark - Lighted,Reduced Visibility,1,0,['Driver'],['Shoulder_Lapbelt'],0,0,Valid,0.0,0.0,33.0,33.0,['Female'],0,0,2,4,3,Wet/Standing Water,Curve,Grade/Hillcrest,Lowest,No
12093,13,Georgia,131420,0,2,2,0,2,POOLER,December,10,Sunday,2,50,Urban,High Speed (Arterial),Yes,32.09508611,-81.23663056,Non-Intersection,Dark - Not Lighted,Rain,2:00am-2:59am,55,3:00am-3:59am,2,3:00am-3:59am,29,1,Dark - Unlighted,Rain/Wind/Minor,1,1,['Driver'],['Shoulder_Lapbelt'],0,0,Valid,0.0,0.0,43.0,38.0,"['Male', 'Male']",0,0,3,4,5,Wet/Standing Water,Straight,Level,Lowest,No
12094,13,Georgia,131421,0,1,1,0,1,Other,December,12,Tuesday,11,40,Urban,Medium Speed (Collector),No,33.68939722,-84.61499167,Non-Intersection,Daylight,Clear,12:00pm-12:59pm,15,12:00pm-12:59pm,30,Not Applicable (Not Transported),Not Applicable (Not Transported),1,Daylight,Clear,1,0,['Driver'],['Shoulder_Lapbelt'],0,0,Invalid,0.0,1.0,44.0,44.0,['Male'],0,0,2,4,3,Dry,Straight,Level,Lowest,No
12095,13,Georgia,131422,0,1,1,0,1,Not Reported,December,12,Tuesday,15,20,Urban,Medium Speed (Collector),No,34.13273333,-84.11478611,Non-Intersection,Daylight,Clear,3:00pm-3:59pm,23,3:00pm-3:59pm,28,Not Applicable (Not Transported),Not Applicable (Not Transported),1,Daylight,Clear,1,0,['Driver'],['None_Used'],1,1,Valid,0.0,0.0,28.0,28.0,['Male'],1,0,2,4,3,Dry,Curve,Grade/Hillcrest,Lowest,No
12096,13,Georgia,131423,0,2,2,0,2,CONYERS,December,12,Tuesday,17,36,Urban,Medium Speed (Collector),No,33.62206389,-83.99517778,Non-Intersection,Dark - Not Lighted,Clear,Unknown,Unknown,Unknown EMS Scene Arrival Hour,Unknown EMS Scene Arrival Minutes,Unknown,Unknown EMS Hospital Arrival Time,1,Dark - Unlighted,Clear,1,1,['Driver'],['None_Used'],0,0,Valid,0.0,2.0,25.0,20.0,"['Male', 'Male']",1,0,5,4,5,Dry,Straight,Grade/Hillcrest,Lowest,No
12097,13,Georgia,131424,1,1,1,0,1,AUGUSTA,December,14,Thursday,20,23,Urban,High Speed (Arterial),Yes,33.44009722,-82.1146,Non-Intersection,Dark - Not Lighted,Clear,8:00pm-8:59pm,52,8:00pm-8:59pm,33,Not Applicable (Not Transported),Not Applicable (Not Transported),1,Dark - Unlighted,Clear,0,1,[],[],0,0,Valid,1.0,3.0,22.0,22.0,['Male'],0,0,2,4,4,Dry,Straight,Grade/Hillcrest,Lowest,No
12098,13,Georgia,131425,0,1,1,0,1,AUGUSTA,December,14,Thursday,21,8,Urban,High Speed (Arterial),Yes,33.48217778,-82.08416667,Non-Intersection,Dark - Lighted,Clear,9:00pm-9:59pm,8,9:00pm-9:59pm,13,Not Applicable (Not Transported),Not Applicable (Not Transported),1,Dark - Lighted,Clear,1,0,['Driver'],['Shoulder_Lapbelt'],0,0,Invalid,0.0,0.0,63.0,63.0,['Male'],0,0,2,4,3,Dry,Curve,Level,Lowest,No
12099,13,Georgia,131426,0,2,2,0,2,ATLANTA,December,15,Friday,5,26,Urban,Medium Speed (Collector),No,33.74600833,-84.41753333,Non-Intersection,Dark - Not Lighted,Clear,Unknown,Unknown,Unknown EMS Scene Arrival Hour,Unknown EMS Scene Arrival Minutes,Unknown,Unknown EMS Hospital Arrival Time,1,Dark - Unlighted,Clear,1,1,['Driver'],['Shoulder_Lapbelt'],0,0,Invalid,2.0,0.0,45.0,28.0,"['Male', 'Female']",1,0,2,4,5,Dry,Straight,Grade/Hillcrest,Lowest,No
12100,13,Georgia,131427,0,2,2,0,3,Other,December,15,Friday,14,33,Rural,Medium Speed (Collector),No,34.47398056,-84.04612222,Non-Intersection,Daylight,Clear,2:00pm-2:59pm,33,2:00pm-2:59pm,41,3:00pm-3:59pm,0,1,Daylight,Clear,1,2,['Driver'],['Shoulder_Lapbelt'],0,0,Valid,2.0,4.0,45.0,22.0,"['Male', 'Male']",0,0,3,4,5,Dry,Curve,Grade/Hillcrest,Lowest,No
12101,13,Georgia,131428,0,1,1,0,1,Not Reported,December,15,Friday,15,22,Urban,Low Speed (Local),No,33.78259722,-84.69960278,Non-Intersection,Daylight,Clear,3:00pm-3:59pm,32,3:00pm-3:59pm,39,Not Applicable (Not Transported),Not Applicable (Not Transported),1,Daylight,Clear,1,0,['Driver'],['None_Used'],0,0,Valid,0.0,0.0,29.0,29.0,['Female'],0,0,3,4,3,Dry,Straight,Grade/Hillcrest,Lowest,No
12102,13,Georgia,131429,0,1,1,0,1,HOMELAND,December,15,Friday,23,2,Urban,Low Speed (Local),No,30.85800278,-82.02259722,Non-Intersection,Dark - Lighted,Clear,11:00pm-11:59pm,3,11:00pm-11:59pm,12,Not Applicable (Not Transported),Not Applicable (Not Transported),1,Dark - Lighted,Clear,1,0,['Driver'],['None_Used'],1,1,Valid,0.0,0.0,42.0,42.0,['Female'],0,0,5,4,3,Dry,Straight,Level,Lowest,No
12103,13,Georgia,131430,0,1,1,0,1,Other,December,15,Friday,23,18,Rural,Medium Speed (Collector),No,33.25451389,-82.75519444,Simple Junction,Dark - Not Lighted,Clear,0:00am-0:59am,12,0:00am-0:59am,49,Not Applicable (Not Transported),Not Applicable (Not Transported),1,Dark - Unlighted,Clear,1,0,['Driver'],['Shoulder_Lapbelt'],0,0,Valid,0.0,1.0,19.0,19.0,['Male'],1,0,3,4,3,Dry,Curve,Grade/Hillcrest,Lowest,No
12104,13,Georgia,131431,1,1,1,0,1,CANTON,December,16,Saturday,4,7,Urban,Medium Speed (Collector),No,34.27186667,-84.45407778,Non-Intersection,Dark - Not Lighted,Clear,4:00am-4:59am,21,4:00am-4:59am,25,Not Applicable (Not Transported),Not Applicable (Not Transported),1,Dark - Unlighted,Clear,0,1,[],[],1,1,Valid,0.0,0.0,37.0,37.0,['Female'],0,0,3,4,4,Dry,Straight,Grade/Hillcrest,Lowest,No
12105,13,Georgia,131432,4,3,1,2,1,Not Reported,December,17,Sunday,0,35,Urban,High Speed (Arterial),Yes,33.89949722,-84.26879444,Non-Intersection,Dark - Not Lighted,Rain,0:00am-0:59am,38,0:00am-0:59am,50,1:00am-1:59am,0,1,Dark - Unlighted,Rain/Wind/Minor,0,1,[],[],1,1,Valid,0.0,0.0,50.0,50.0,['Female'],1,0,3,4,5,Wet/Standing Water,Straight,Level,Lowest,No
12106,13,Georgia,131433,0,1,1,0,1,Not Reported,December,18,Monday,14,33,Urban,Medium Speed (Collector),No,31.2774,-82.38561944,Non-Intersection,Daylight,Clear,2:00pm-2:59pm,42,2:00pm-2:59pm,59,Not Applicable (Not Transported),Not Applicable (Not Transported),1,Daylight,Clear,1,0,['Driver'],['None_Used'],1,1,Valid,0.0,0.0,53.0,53.0,['Male'],0,0,3,4,3,Dry,Straight,Level,Lowest,No
12107,13,Georgia,131434,1,1,1,0,1,DOUGLASVILLE,November,7,Tuesday,16,46,Urban,High Speed (Arterial),Yes,33.75374722,-84.74330556,Simple Junction,Daylight,Clear,4:00pm-4:59pm,45,4:00pm-4:59pm,50,5:00pm-5:59pm,32,1,Daylight,Clear,0,1,[],[],0,0,Valid,0.0,0.0,27.0,27.0,['Male'],0,0,2,3,4,Dry,Straight,Grade/Hillcrest,Lowest,No
12108,13,Georgia,131435,0,1,1,0,1,AUGUSTA,December,2,Saturday,16,0,Urban,Medium Speed (Collector),No,33.40220278,-82.06326667,Non-Intersection,Daylight,Cloudy,4:00pm-4:59pm,3,4:00pm-4:59pm,19,4:00pm-4:59pm,31,1,Daylight,Reduced Visibility,1,0,['Driver'],['Shoulder_Lapbelt'],0,0,Valid,0.0,3.0,58.0,58.0,['Male'],0,0,3,4,3,Dry,Straight,Level,Lowest,No
12109,13,Georgia,131436,0,3,3,0,3,COLUMBUS,December,6,Wednesday,14,42,Urban,High Speed (Arterial),Yes,32.55125278,-84.77306667,Non-Intersection,Daylight,Clear,2:00pm-2:59pm,43,2:00pm-2:59pm,57,3:00pm-3:59pm,34,1,Daylight,Clear,1,2,['Driver'],['Shoulder_Lapbelt'],0,0,Valid,0.0,1.0,58.0,25.0,"['Female', 'Female', 'Male']",0,0,3,4,5,Dry,Straight,Level,Lowest,No
12110,13,Georgia,131437,0,2,2,0,2,MOULTRIE,December,7,Thursday,8,10,Urban,Medium Speed (Collector),No,31.10347778,-83.77866944,Complex/Circle,Daylight,Clear,8:00am-8:59am,10,8:00am-8:59am,13,Unknown,Unknown EMS Hospital Arrival Time,1,Daylight,Clear,1,1,['Driver'],['None_Used'],0,0,Valid,0.0,0.0,32.0,24.0,"['Female', 'Male']",0,0,3,4,5,Dry,Straight,Level,Lowest,No
12111,13,Georgia,131438,0,3,3,0,4,WOODSTOCK,December,8,Friday,18,47,Urban,High Speed (Arterial),Yes,34.08952222,-84.533925,Non-Intersection,Dark - Not Lighted,Clear,Unknown,Unknown if Notified,Unknown EMS Scene Arrival Hour,Unknown if Arrived,Not Applicable (Not Transported),Not Applicable (Not Transported),1,Dark - Unlighted,Clear,1,3,['Driver'],['None_Used'],0,0,Invalid,0.0,1.0,65.0,19.0,"['Male', 'Male', 'Male']",0,0,5,4,5,Dry,Straight,Level,Lowest,No
12112,13,Georgia,131439,0,2,2,0,2,MABLETON,December,10,Sunday,2,23,Urban,High Speed (Arterial),Yes,33.76993056,-84.54008889,Non-Intersection,Dark - Not Lighted,Rain,Unknown,Unknown if Notified,Unknown EMS Scene Arrival Hour,Unknown if Arrived,Not Applicable (Not Transported),Not Applicable (Not Transported),1,Dark - Unlighted,Rain/Wind/Minor,1,1,['Driver'],['None_Used'],1,1,Invalid,0.0,3.0,59.0,38.0,"['Male', 'Male']",1,0,4,4,5,Wet/Standing Water,Straight,Level,Lowest,No
12113,13,Georgia,131440,1,1,1,0,1,ATLANTA,December,10,Sunday,2,42,Urban,Low Speed (Local),No,33.71423611,-84.39718889,Non-Intersection,Dark - Not Lighted,Clear,3:00am-3:59am,0,3:00am-3:59am,8,Not Applicable (Not Transported),Not Applicable (Not Transported),1,Dark - Unlighted,Clear,0,1,[],[],0,0,Invalid,0.0,0.0,999.0,999.0,['Other'],0,0,1,0,4,Wet/Standing Water,Curve,Grade/Hillcrest,Lowest,No
12114,13,Georgia,131441,1,1,1,0,2,Not Reported,December,13,Wednesday,18,47,Urban,Low Speed (Local),No,33.78919722,-84.5745,Non-Intersection,Dark - Not Lighted,Clear,6:00pm-6:59pm,47,6:00pm-6:59pm,52,Not Applicable (Not Transported),Not Applicable (Not Transported),1,Dark - Unlighted,Clear,0,2,[],[],0,0,Valid,0.0,0.0,27.0,27.0,['Female'],0,0,2,3,4,Dry,Straight,Level,Lowest,No
12115,13,Georgia,131442,0,1,1,0,1,TOCCOA,December,15,Friday,14,0,Rural,Medium Speed (Collector),No,34.61153889,-83.30199444,Non-Intersection,Daylight,Clear,3:00pm-3:59pm,11,3:00pm-3:59pm,21,Not Applicable (Not Transported),Not Applicable (Not Transported),1,Daylight,Clear,1,0,['Driver'],['None_Used'],1,1,Valid,0.0,1.0,40.0,40.0,['Male'],0,0,3,4,3,Dry,Curve,Grade/Hillcrest,Lowest,No
12116,13,Georgia,131443,0,2,2,0,5,ACWORTH,December,18,Monday,20,23,Urban,High Speed (Arterial),Yes,34.07745556,-84.72868333,Complex/Circle,Dark - Not Lighted,Clear,8:00pm-8:59pm,27,8:00pm-8:59pm,42,9:00pm-9:59pm,39,1,Dark - Unlighted,Clear,1,4,['Rear_Seat'],['None_Used'],0,0,Valid,0.0,1.0,53.0,36.0,"['Female', 'Male']",0,0,3,4,5,Dry,Straight,Level,Lowest,No