,State_Code,State_Name,Crash_ID,Count_Non_Motorists,Count_Vehicles_Total,Count_Vehicle_Forms,Count_PVH_Involved,Count_Occupants_MV,City_Name,Month_Name,Day_of_Month,Day_of_Week,Crash_Hour,Crash_Minute,Area_Rural_Urban,Road_Functional_Class,On_NHS_Road,Latitude,Longitude,Intersection_Type,Light_Condition,Weather_Condition,Notif_Hour,Notif_Minute,Arrival_Hour,Arrival_Minute,Hospital_Hour,Hospital_Minute,Fatalities_Count,Clean_Light_Condition,Clean_Weather_Condition,Total_Killed,Total_Alive,Fatal_Seats_List,Killed_Restraint_List,Any_Driver_Drinking,Total_Drinking_Drivers,Driver_License_Category,Driver_Max_Prev_Accident_Count,Driver_Max_Prev_Speeding_Count,Max_Driver_Age,Min_Driver_Age,Driver_Sex_List,Total_Exceeding_Limit_Vehicles,Total_Too_Fast_Vehicles,Max_Vehicle_Type_Severity_5,Max_Vehicle_Damage_Rank,Max_Harmful_Event_Severity,Crash_Road_Surface_Condition,Crash_Horizontal_Alignment,Crash_Vertical_Profile,Crash_Impairment_Category,Crash_Vehicle_Defect
12117,13,Georgia,131444,0,2,2,0,4,RIVERDALE,December,8,Friday,21,11,Urban,Medium Speed (Collector),No,33.59481111,-84.42903333,Non-Intersection,Dark - Lighted,Clear,Unknown,Unknown,Unknown EMS Scene Arrival Hour,Unknown EMS Scene Arrival Minutes,Unknown,Unknown EMS Hospital Arrival Time,1,Dark - Lighted,Clear,1,3,['Driver'],['None_Used'],0,0,Valid,0.0,0.0,33.0,24.0,"['Male', 'Female']",1,0,2,4,5,Dry,Straight,Level,Lowest,No
12118,13,Georgia,131445,0,2,2,0,5,PINE MOUNTAIN,December,15,Friday,19,0,Rural,Medium Speed (Collector),No,32.85604722,-84.97621111,Non-Intersection,Dark - Not Lighted,Clear,7:00pm-7:59pm,7,7:00pm-7:59pm,18,7:00pm-7:59pm,58,1,Dark - Unlighted,Clear,1,4,['Front_Passenger'],['Shoulder_Lapbelt'],0,0,Valid,0.0,0.0,71.0,17.0,"['Male', 'Male']",0,0,3,4,5,Dry,Straight,Level,Lowest,No
12119,13,Georgia,131446,0,3,3,0,8,SAVANNAH,December,16,Saturday,16,30,Urban,High Speed (Arterial),Yes,32.00810556,-81.23746389,Non-Intersection,Daylight,Cloudy,4:00pm-4:59pm,33,4:00pm-4:59pm,47,Unknown,Unknown EMS Hospital Arrival Time,1,Daylight,Reduced Visibility,1,7,['Front_Passenger'],['Shoulder_Lapbelt'],0,0,Valid,0.0,0.0,58.0,22.0,"['Male', 'Female', 'Male']",2,0,2,4,5,Wet/Standing Water,Curve,Level,Lowest,No
12120,13,Georgia,131447,0,2,2,0,2,AUGUSTA,December,20,Wednesday,18,41,Urban,High Speed (Arterial),Yes,33.43896111,-82.01320556,Complex/Circle,Dark - Lighted,Clear,6:00pm-6:59pm,42,6:00pm-6:59pm,51,Not Applicable (Not Transported),Not Applicable (Not Transported),1,Dark - Lighted,Clear,1,1,['Driver'],['Shoulder_Lapbelt'],0,0,Valid,0.0,0.0,65.0,44.0,"['Female', 'Male']",0,0,4,4,5,Dry,Straight,Level,Lowest,No
12121,13,Georgia,131448,1,1,1,0,2,ATHENS,December,20,Wednesday,18,48,Urban,High Speed (Arterial),Yes,33.94076111,-83.49728056,Non-Intersection,Dark - Lighted,Clear,6:00pm-6:59pm,49,6:00pm-6:59pm,51,Not Applicable (Not Transported),Not Applicable (Not Transported),1,Dark - Lighted,Clear,0,2,[],[],0,0,Valid,0.0,0.0,20.0,20.0,['Male'],0,0,3,4,4,Dry,Straight,Level,Lowest,No
12122,13,Georgia,131449,0,2,2,0,2,KINGSTON,September,29,Friday,18,54,Rural,High Speed (Arterial),Yes,34.21159167,-84.96953611,Non-Intersection,Daylight,Clear,6:00pm-6:59pm,56,7:00pm-7:59pm,0,8:00pm-8:59pm,14,1,Daylight,Clear,1,1,['Driver'],['None_Used'],0,0,Invalid,0.0,0.0,64.0,38.0,"['Male', 'Male']",0,0,5,4,5,Dry,Curve,Level,Lowest,No
12123,13,Georgia,131450,1,2,2,0,2,Not Reported,November,18,Saturday,17,15,Rural,Medium Speed (Collector),No,30.96997222,-83.08296944,Non-Intersection,Daylight,Clear,5:00pm-5:59pm,20,5:00pm-5:59pm,28,5:00pm-5:59pm,57,1,Daylight,Clear,0,2,[],[],0,0,Valid,0.0,0.0,77.0,77.0,['Male'],0,0,3,4,5,Dry,Straight,Level,Lowest,No
12124,13,Georgia,131451,0,1,1,0,1,HAWKINSVILLE,November,23,Thursday,0,53,Rural,Medium Speed (Collector),No,32.20802778,-83.53489167,Non-Intersection,Dark - Not Lighted,Clear,0:00am-0:59am,53,1:00am-1:59am,7,1:00am-1:59am,20,1,Dark - Unlighted,Clear,1,0,['Driver'],['Shoulder_Lapbelt'],1,1,Valid,0.0,1.0,41.0,41.0,['Male'],1,0,3,4,3,Dry,Curve,Level,Lowest,No
12125,13,Georgia,131452,1,1,1,0,1,Not Reported,December,14,Thursday,20,3,Urban,High Speed (Arterial),Yes,33.68647222,-84.20186111,Simple Junction,Dark - Lighted,Clear,8:00pm-8:59pm,7,8:00pm-8:59pm,10,Not Applicable (Not Transported),Not Applicable (Not Transported),1,Dark - Lighted,Clear,0,1,[],[],0,0,Invalid,0.0,0.0,999.0,999.0,['Other'],0,0,1,1,4,Dry,Straight,Level,Lowest,No
12126,13,Georgia,131453,0,2,1,1,1,ATLANTA,December,15,Friday,4,20,Urban,High Speed (Arterial),Yes,33.74550833,-84.34960833,Non-Intersection,Dark - Lighted,Clear,Unknown,Unknown,Unknown EMS Scene Arrival Hour,Unknown EMS Scene Arrival Minutes,Not Applicable (Not Transported),Not Applicable (Not Transported),1,Dark - Lighted,Clear,1,0,['Driver'],['Shoulder_Lapbelt'],0,0,Valid,0.0,0.0,27.0,27.0,['Female'],0,0,3,4,5,Dry,Straight,Level,Medium,No
12127,13,Georgia,131454,0,1,1,0,2,RICEBORO,December,15,Friday,18,10,Rural,Low Speed (Local),No,31.75579722,-81.43043889,Simple Junction,Dark - Not Lighted,Cloudy,6:00pm-6:59pm,21,6:00pm-6:59pm,42,Not Applicable (Not Transported),Not Applicable (Not Transported),1,Dark - Unlighted,Reduced Visibility,1,1,['Front_Passenger'],['None_Used'],0,0,Valid,0.0,0.0,17.0,17.0,['Male'],2,0,5,2,3,Loose/Unpaved,Straight,Level,Lowest,No
12128,13,Georgia,131455,1,1,1,0,2,ATLANTA,December,16,Saturday,10,6,Urban,Medium Speed (Collector),No,33.70539722,-84.42811667,Non-Intersection,Daylight,Clear,10:00am-10:59am,7,10:00am-10:59am,18,Not Applicable (Not Transported),Not Applicable (Not Transported),1,Daylight,Clear,0,2,[],[],0,0,Invalid,0.0,1.0,30.0,30.0,['Male'],0,0,2,3,4,Dry,Straight,Level,Lowest,No
12129,13,Georgia,131456,0,2,2,0,3,MACON,December,17,Sunday,2,7,Urban,High Speed (Arterial),Yes,32.82308056,-83.65695,Non-Intersection,Dark - Lighted,Rain,Unknown,Unknown if Notified,Unknown EMS Scene Arrival Hour,Unknown if Arrived,Not Applicable (Not Transported),Not Applicable (Not Transported),1,Dark - Lighted,Rain/Wind/Minor,1,2,['Driver'],['None_Used'],0,0,Valid,0.0,0.0,25.0,19.0,"['Male', 'Male']",1,0,2,4,5,Wet/Standing Water,Curve,Level,Lowest,No
12130,13,Georgia,131457,1,1,1,0,1,Not Reported,December,17,Sunday,19,3,Urban,High Speed (Arterial),Yes,31.24419167,-81.54530278,Simple Junction,Dark - Lighted,Clear,7:00pm-7:59pm,7,7:00pm-7:59pm,10,Not Applicable (Not Transported),Not Applicable (Not Transported),1,Dark - Lighted,Clear,0,1,[],[],0,0,Valid,0.0,0.0,33.0,33.0,['Male'],0,0,2,3,4,Dry,Straight,Level,Lowest,No
12131,13,Georgia,131458,1,2,2,0,2,JONESBORO,December,17,Sunday,22,29,Urban,High Speed (Arterial),Yes,33.52869444,-84.36342222,Complex/Circle,Dark - Lighted,Clear,11:00am-11:59am,15,12:00pm-12:59pm,38,Not Applicable (Not Transported),Not Applicable (Not Transported),1,Dark - Lighted,Clear,0,2,[],[],0,0,Valid,1.0,0.0,40.0,18.0,"['Male', 'Female']",0,0,4,3,4,Wet/Standing Water,Straight,Level,Lowest,No
12132,13,Georgia,131459,0,1,1,0,3,SPARTA,December,18,Monday,14,57,Rural,Medium Speed (Collector),Yes,33.35113333,-82.99565833,Non-Intersection,Daylight,Clear,2:00pm-2:59pm,45,2:00pm-2:59pm,49,Unknown,Unknown EMS Hospital Arrival Time,1,Daylight,Clear,1,2,['Rear_Seat'],['Shoulder_Lapbelt'],0,0,Valid,0.0,0.0,26.0,26.0,['Male'],0,0,2,4,3,Dry,Curve,Level,Medium,No
12133,13,Georgia,131460,1,1,1,0,1,CAIRO,December,19,Tuesday,18,25,Rural,Medium Speed (Collector),No,30.91261944,-84.22773056,Non-Intersection,Dark - Not Lighted,Clear,6:00pm-6:59pm,28,6:00pm-6:59pm,31,Not Applicable (Not Transported),Not Applicable (Not Transported),1,Dark - Unlighted,Clear,0,1,[],[],0,0,Valid,0.0,0.0,33.0,33.0,['Female'],0,0,3,4,4,Dry,Straight,Level,Lowest,No
12134,13,Georgia,131462,0,1,1,0,2,WOODSTOCK,December,19,Tuesday,22,44,Urban,High Speed (Arterial),Yes,34.08667222,-84.50866389,Non-Intersection,Dark - Not Lighted,Clear,Unknown,Unknown if Notified,Unknown EMS Scene Arrival Hour,Unknown if Arrived,Not Applicable (Not Transported),Not Applicable (Not Transported),2,Dark - Unlighted,Clear,2,0,"['Driver', 'Front_Passenger']","['Lapbelt_Only', 'Shoulder_Lapbelt']",0,0,Valid,0.0,0.0,53.0,53.0,['Male'],2,0,3,4,3,Dry,Straight,Grade/Hillcrest,Lowest,No
12135,13,Georgia,131463,0,1,1,0,1,Other,December,20,Wednesday,5,16,Urban,High Speed (Arterial),Yes,33.6877,-84.57311944,Non-Intersection,Dark - Not Lighted,Clear,Unknown,Unknown if Notified,Unknown EMS Scene Arrival Hour,Unknown if Arrived,Not Applicable (Not Transported),Not Applicable (Not Transported),1,Dark - Unlighted,Clear,1,0,['Driver'],['Shoulder_Lapbelt'],0,0,Valid,1.0,0.0,34.0,34.0,['Female'],0,0,3,4,3,Dry,Curve,Level,Lowest,No
12136,13,Georgia,131464,0,1,1,0,3,PINE MOUNTAIN,December,20,Wednesday,12,33,Rural,Medium Speed (Collector),No,32.85149444,-84.77180556,Non-Intersection,Daylight,Cloudy,12:00pm-12:59pm,29,12:00pm-12:59pm,43,Unknown,Unknown EMS Hospital Arrival Time,2,Daylight,Reduced Visibility,2,1,"['Driver', 'Front_Passenger']","['Shoulder_Lapbelt', 'Shoulder_Lapbelt']",0,0,Valid,0.0,0.0,18.0,18.0,['Female'],3,0,2,4,3,Dry,Curve,Grade/Hillcrest,Lowest,No
12137,13,Georgia,131465,0,2,2,0,4,OAKMAN,December,20,Wednesday,14,3,Rural,Medium Speed (Collector),No,34.56955278,-84.70772222,Non-Intersection,Daylight,Clear,2:00pm-2:59pm,7,2:00pm-2:59pm,18,Unknown,Unknown EMS Hospital Arrival Time,1,Daylight,Clear,1,3,['Driver'],['Shoulder_Lapbelt'],0,0,Valid,0.0,1.0,42.0,33.0,"['Male', 'Male']",0,0,3,4,5,Dry,Curve,Level,Lowest,No
12138,13,Georgia,131466,0,2,2,0,3,GRIFFIN,December,20,Wednesday,22,5,Urban,High Speed (Arterial),Yes,33.232625,-84.23702222,Complex/Circle,Dark - Lighted,Clear,10:00pm-10:59pm,6,10:00pm-10:59pm,13,Not Applicable (Not Transported),Not Applicable (Not Transported),1,Dark - Lighted,Clear,1,2,['Driver'],['None_Used'],0,0,Valid,0.0,0.0,34.0,18.0,"['Female', 'Male']",1,0,5,4,5,Dry,Straight,Level,Lowest,No
12139,13,Georgia,131467,1,1,1,0,1,Other,December,21,Thursday,4,17,Urban,Medium Speed (Collector),No,34.14768889,-83.97418889,Non-Intersection,Dark - Not Lighted,Clear,4:00am-4:59am,18,4:00am-4:59am,27,Not Applicable (Not Transported),Not Applicable (Not Transported),1,Dark - Unlighted,Clear,0,1,[],[],0,0,Valid,0.0,0.0,47.0,47.0,['Female'],0,0,2,3,4,Dry,Straight,Level,Lowest,No
12140,13,Georgia,131468,1,1,1,0,1,DALTON,December,21,Thursday,6,44,Urban,Medium Speed (Collector),No,34.76327778,-84.967825,Simple Junction,Dark - Lighted,Clear,6:00am-6:59am,45,6:00am-6:59am,50,7:00am-7:59am,13,1,Dark - Lighted,Clear,0,1,[],[],0,0,Valid,0.0,0.0,42.0,42.0,['Male'],0,0,3,3,4,Dry,Straight,Level,Lowest,No
12141,13,Georgia,131469,0,1,1,0,1,CARTERSVILLE,December,21,Thursday,11,19,Urban,High Speed (Arterial),Yes,34.22536111,-84.75196944,Non-Intersection,Daylight,Clear,11:00am-11:59am,18,11:00am-11:59am,27,Not Applicable (Not Transported),Not Applicable (Not Transported),1,Daylight,Clear,1,0,['Driver'],['Shoulder_Lapbelt'],0,0,Valid,0.0,0.0,56.0,56.0,['Male'],0,0,4,4,3,Dry,Straight,Grade/Hillcrest,Medium,No
12142,13,Georgia,131470,0,1,1,0,1,VIENNA,December,22,Friday,11,17,Rural,Medium Speed (Collector),No,32.12383889,-83.797925,Non-Intersection,Daylight,Cloudy,11:00am-11:59am,17,11:00am-11:59am,22,Not Applicable (Not Transported),Not Applicable (Not Transported),1,Daylight,Reduced Visibility,1,0,['Driver'],['None_Used'],0,0,Valid,0.0,0.0,69.0,69.0,['Male'],0,0,3,4,3,Dry,Straight,Grade/Hillcrest,Lowest,No
12143,13,Georgia,131471,1,1,1,0,1,COLLEGE PARK,December,22,Friday,13,15,Urban,Medium Speed (Collector),No,33.61641667,-84.472775,Complex/Circle,Daylight,Clear,1:00pm-1:59pm,20,1:00pm-1:59pm,34,2:00pm-2:59pm,10,1,Daylight,Clear,0,1,[],[],0,0,Valid,0.0,0.0,25.0,25.0,['Male'],0,0,3,1,4,Dry,Straight,Grade/Hillcrest,Lowest,No
12144,13,Georgia,131472,0,1,1,0,1,HIRAM,December,22,Friday,17,50,Urban,Low Speed (Local),No,33.83433889,-84.85420278,Simple Junction,Dark - Not Lighted,Clear,6:00pm-6:59pm,1,6:00pm-6:59pm,8,Not Applicable (Not Transported),Not Applicable (Not Transported),1,Dark - Unlighted,Clear,1,0,['Driver'],['None_Used'],1,1,Valid,0.0,0.0,32.0,32.0,['Male'],1,0,3,4,3,Dry,Curve,Grade/Hillcrest,Lowest,No
12145,13,Georgia,131473,0,2,2,0,2,UNION CITY,December,23,Saturday,4,55,Urban,High Speed (Arterial),Yes,33.59446667,-84.54964722,Non-Intersection,Dark - Not Lighted,Clear,4:00am-4:59am,57,5:00am-5:59am,5,Not Applicable (Not Transported),Not Applicable (Not Transported),1,Dark - Unlighted,Clear,1,1,['Driver'],['Shoulder_Lapbelt'],0,0,Valid,2.0,0.0,60.0,28.0,"['Male', 'Male']",0,0,4,4,5,Dry,Curve,Grade/Hillcrest,Lowest,No
12146,13,Georgia,131474,0,2,2,0,3,COLQUITT,December,23,Saturday,10,45,Rural,Medium Speed (Collector),No,31.09274167,-84.78437222,Non-Intersection,Daylight,Clear,10:00am-10:59am,47,10:00am-10:59am,56,Unknown,Unknown EMS Hospital Arrival Time,1,Daylight,Clear,1,2,['Driver'],['None_Used'],1,1,Valid,1.0,0.0,50.0,44.0,"['Male', 'Male']",0,0,3,4,5,Dry,Curve,Grade/Hillcrest,Lowest,No
12147,13,Georgia,131475,0,1,1,0,2,Other,December,23,Saturday,12,0,Rural,Low Speed (Local),No,33.90297778,-85.02301111,Non-Intersection,Daylight,Clear,12:00pm-12:59pm,2,12:00pm-12:59pm,18,Unknown,Unknown EMS Hospital Arrival Time,1,Daylight,Clear,1,1,['Front_Passenger'],['Shoulder_Lapbelt'],1,1,Valid,0.0,0.0,27.0,27.0,['Male'],2,0,2,4,3,Dry,Curve,Grade/Hillcrest,Lowest,No
12148,13,Georgia,131476,0,1,1,0,1,ATLANTA,December,23,Saturday,15,15,Urban,Medium Speed (Collector),No,33.78385833,-84.36798611,Complex/Circle,Daylight,Clear,3:00pm-3:59pm,15,3:00pm-3:59pm,23,3:00pm-3:59pm,40,1,Daylight,Clear,1,0,['Driver'],['Shoulder_Lapbelt'],0,0,Valid,0.0,0.0,65.0,65.0,['Male'],0,0,2,4,3,Dry,Straight,Grade/Hillcrest,Lowest,No
12149,13,Georgia,131477,0,1,1,0,1,AUGUSTA,December,23,Saturday,15,53,Urban,High Speed (Arterial),Yes,33.49429444,-82.08534167,Non-Intersection,Daylight,Clear,4:00pm-4:59pm,14,4:00pm-4:59pm,20,Not Applicable (Not Transported),Not Applicable (Not Transported),1,Daylight,Clear,1,0,['Driver'],['None_Used'],0,0,Valid,0.0,0.0,21.0,21.0,['Male'],1,0,5,4,3,Dry,Curve,Grade/Hillcrest,Lowest,No
12150,13,Georgia,131478,0,3,3,0,6,Other,December,23,Saturday,15,53,Urban,High Speed (Arterial),Yes,34.08772778,-84.590175,Non-Intersection,Daylight,Clear,3:00pm-3:59pm,53,3:00pm-3:59pm,58,4:00pm-4:59pm,22,1,Daylight,Clear,1,5,['Driver'],['Shoulder_Lapbelt'],0,0,Valid,1.0,1.0,75.0,24.0,"['Female', 'Male', 'Male']",0,0,3,4,5,Dry,Straight,Non-Trafficway,Lowest,No
12151,13,Georgia,131479,0,2,2,0,5,HORTENSE,December,24,Sunday,9,23,Rural,Medium Speed (Collector),Yes,31.34286111,-81.81789444,Non-Intersection,Daylight,Cloudy,9:00am-9:59am,23,9:00am-9:59am,43,Unknown,Unknown EMS Hospital Arrival Time,1,Daylight,Reduced Visibility,1,4,['Rear_Seat'],['Shoulder_Lapbelt'],0,0,Valid,3.0,1.0,26.0,25.0,"['Male', 'Male']",0,0,3,4,5,Dry,Straight,Level,Lowest,No
12152,13,Georgia,131480,0,2,2,0,5,STONE MOUNTAIN,December,24,Sunday,13,22,Urban,High Speed (Arterial),Yes,33.806875,-84.18591389,Simple Junction,Daylight,Clear,1:00pm-1:59pm,22,1:00pm-1:59pm,26,1:00pm-1:59pm,40,1,Daylight,Clear,1,4,['Driver'],['None_Used'],0,0,Invalid,0.0,0.0,55.0,33.0,"['Male', 'Male']",1,0,5,4,5,Dry,Straight,Level,Lowest,No
12153,13,Georgia,131482,0,1,1,0,1,DUDLEY,December,24,Sunday,21,38,Rural,Medium Speed (Collector),No,32.4231,-83.12811944,Non-Intersection,Dark - Not Lighted,Clear,9:00pm-9:59pm,38,9:00pm-9:59pm,55,10:00pm-10:59pm,38,1,Dark - Unlighted,Clear,1,0,['Driver'],['Shoulder_Lapbelt'],0,0,Invalid,0.0,0.0,52.0,52.0,['Male'],1,0,2,4,3,Dry,Straight,Level,Lowest,No
12154,13,Georgia,131483,0,3,3,0,6,Not Reported,December,24,Sunday,22,20,Urban,High Speed (Arterial),Yes,33.98456111,-83.95316944,Complex/Circle,Dark - Not Lighted,Rain,10:00pm-10:59pm,25,10:00pm-10:59pm,28,10:00pm-10:59pm,53,1,Dark - Unlighted,Rain/Wind/Minor,1,5,['Front_Passenger'],['Shoulder_Lapbelt'],0,0,Valid,1.0,0.0,51.0,20.0,"['Female', 'Male', 'Female']",0,0,3,4,5,Wet/Standing Water,Straight,Level,Lowest,No
12155,13,Georgia,131484,1,1,1,0,1,PINE LAKE,December,25,Monday,3,42,Urban,High Speed (Arterial),Yes,33.80116667,-84.20628611,Non-Intersection,Dark - Not Lighted,Rain,Unknown,Unknown,Unknown EMS Scene Arrival Hour,Unknown EMS Scene Arrival Minutes,Unknown,Unknown EMS Hospital Arrival Time,1,Dark - Unlighted,Rain/Wind/Minor,0,1,[],[],0,0,Valid,0.0,0.0,38.0,38.0,['Male'],0,0,2,2,4,Wet/Standing Water,Straight,Level,Lowest,No
12156,13,Georgia,131485,1,1,1,0,1,DECATUR,December,25,Monday,3,55,Urban,Medium Speed (Collector),No,33.74036111,-84.28888333,Non-Intersection,Dark - Not Lighted,Rain,Unknown,Unknown,Unknown EMS Scene Arrival Hour,Unknown EMS Scene Arrival Minutes,Unknown,Unknown EMS Hospital Arrival Time,1,Dark - Unlighted,Rain/Wind/Minor,0,1,[],[],0,0,Invalid,0.0,0.0,999.0,999.0,['Other'],0,0,1,3,4,Wet/Standing Water,Straight,Level,Lowest,No
12157,13,Georgia,131486,0,1,1,0,1,NEWNAN,December,25,Monday,13,6,Rural,Medium Speed (Collector),No,33.48828056,-84.82274167,Non-Intersection,Daylight,Rain,1:00pm-1:59pm,7,1:00pm-1:59pm,18,Not Applicable (Not Transported),Not Applicable (Not Transported),1,Daylight,Rain/Wind/Minor,1,0,['Driver'],['Shoulder_Lapbelt'],1,1,Valid,1.0,0.0,37.0,37.0,['Male'],0,0,3,4,3,Wet/Standing Water,Straight,Grade/Hillcrest,Lowest,No
12158,13,Georgia,131487,0,2,2,0,2,CANTON,December,25,Monday,13,46,Rural,High Speed (Arterial),Yes,34.25789722,-84.32515833,Simple Junction,Daylight,Rain,1:00pm-1:59pm,46,1:00pm-1:59pm,50,2:00pm-2:59pm,31,1,Daylight,Rain/Wind/Minor,1,1,['Driver'],['Shoulder_Lapbelt'],0,0,Valid,0.0,0.0,71.0,17.0,"['Male', 'Female']",0,0,3,4,5,Wet/Standing Water,Curve,Grade/Hillcrest,Lowest,No
12159,13,Georgia,131488,0,2,2,0,2,Not Reported,December,25,Monday,20,20,Rural,High Speed (Arterial),Yes,31.68849167,-84.3097,Non-Intersection,Dark - Not Lighted,Rain,8:00pm-8:59pm,16,8:00pm-8:59pm,23,Not Applicable (Not Transported),Not Applicable (Not Transported),1,Dark - Unlighted,Rain/Wind/Minor,1,1,['Driver'],['Shoulder_Lapbelt'],0,0,Valid,0.0,0.0,78.0,27.0,"['Male', 'Male']",0,0,3,4,5,Wet/Standing Water,Straight,Level,Lowest,No
12160,13,Georgia,131489,0,3,3,0,3,Not Reported,December,20,Wednesday,17,50,Urban,Medium Speed (Collector),No,33.41523333,-84.020225,Non-Intersection,Dark - Not Lighted,Clear,5:00pm-5:59pm,50,5:00pm-5:59pm,59,Not Applicable (Not Transported),Not Applicable (Not Transported),1,Dark - Unlighted,Clear,1,2,['Driver'],['None_Used'],0,0,Valid,0.0,1.0,65.0,27.0,"['Male', 'Male', 'Male']",0,0,5,4,5,Dry,Straight,Grade/Hillcrest,Lowest,No
12161,13,Georgia,131490,1,1,1,0,1,AUGUSTA,December,25,Monday,22,6,Urban,Medium Speed (Collector),No,33.3999,-82.06039444,Simple Junction,Dark - Lighted,Rain,10:00pm-10:59pm,29,10:00pm-10:59pm,35,Not Applicable (Not Transported),Not Applicable (Not Transported),1,Dark - Lighted,Rain/Wind/Minor,0,1,[],[],0,0,Valid,0.0,0.0,61.0,61.0,['Male'],0,0,3,3,4,Wet/Standing Water,Straight,Level,Lowest,No
12162,13,Georgia,131491,0,2,2,0,2,Not Reported,December,26,Tuesday,15,40,Rural,Medium Speed (Collector),No,33.04229167,-84.94709722,Non-Intersection,Daylight,Clear,3:00pm-3:59pm,44,3:00pm-3:59pm,51,4:00pm-4:59pm,18,1,Daylight,Clear,1,1,['Driver'],['Shoulder_Lapbelt'],0,0,Valid,0.0,0.0,68.0,59.0,"['Male', 'Female']",0,0,4,4,5,Dry,Straight,Level,Lowest,No
12163,13,Georgia,131492,1,1,1,0,1,ATHENS,December,27,Wednesday,18,26,Urban,Medium Speed (Collector),No,34.01005,-83.3467,Simple Junction,Dark - Not Lighted,Clear,Unknown,Unknown if Notified,Unknown EMS Scene Arrival Hour,Unknown if Arrived,Not Applicable (Not Transported),Not Applicable (Not Transported),1,Dark - Unlighted,Clear,0,1,[],[],0,0,Valid,0.0,2.0,55.0,55.0,['Female'],0,0,2,3,4,Dry,Straight,Level,Lowest,No
12164,13,Georgia,131493,0,2,2,0,3,Not Reported,December,28,Thursday,9,1,Rural,Medium Speed (Collector),No,33.03654167,-83.99928333,Non-Intersection,Daylight,Clear,9:00am-9:59am,1,9:00am-9:59am,9,9:00am-9:59am,29,1,Daylight,Clear,1,2,['Driver'],['None_Used'],0,0,Valid,0.0,2.0,37.0,34.0,"['Male', 'Male']",0,0,4,4,5,Dry,Straight,Grade/Hillcrest,Lowest,No
12165,13,Georgia,131494,0,2,2,0,3,Not Reported,December,29,Friday,8,58,Rural,High Speed (Arterial),Yes,31.37356389,-82.83871944,Complex/Circle,Daylight,Clear,9:00am-9:59am,0,9:00am-9:59am,4,Not Applicable (Not Transported),Not Applicable (Not Transported),1,Daylight,Clear,1,2,['Driver'],['Shoulder_Lapbelt'],0,0,Valid,0.0,1.0,77.0,33.0,"['Female', 'Male']",0,0,3,4,5,Dry,Straight,Grade/Hillcrest,Lowest,Yes
12166,13,Georgia,131495,1,1,1,0,1,KINGSLAND,December,29,Friday,19,33,Rural,Medium Speed (Collector),Yes,30.80866111,-81.73966389,Non-Intersection,Dark - Not Lighted,Clear,7:00pm-7:59pm,42,7:00pm-7:59pm,50,Not Applicable (Not Transported),Not Applicable (Not Transported),1,Dark - Unlighted,Clear,0,1,[],[],0,0,Valid,0.0,0.0,19.0,19.0,['Male'],0,0,3,3,4,Dry,Straight,Level,Lowest,No
12167,13,Georgia,131496,1,1,1,0,1,Other,December,30,Saturday,7,57,Urban,High Speed (Arterial),Yes,33.67458889,-84.32426667,Non-Intersection,Daylight,Clear,Unknown,Unknown,8:00am-8:59am,10,Unknown,Unknown EMS Hospital Arrival Time,1,Daylight,Clear,0,1,[],[],0,0,Invalid,0.0,0.0,999.0,999.0,['Other'],0,0,2,3,4,Dry,Straight,Level,Lowest,No
12168,13,Georgia,131497,0,1,1,0,2,PULASKI,December,30,Saturday,17,40,Rural,High Speed (Arterial),Yes,32.3469,-81.97106111,Non-Intersection,Daylight,Clear,5:00pm-5:59pm,41,5:00pm-5:59pm,56,Unknown,Unknown EMS Hospital Arrival Time,1,Daylight,Clear,1,1,['Driver'],['Shoulder_Lapbelt'],0,0,Valid,0.0,0.0,32.0,32.0,['Female'],0,0,3,4,3,Dry,Straight,Level,Lowest,No
12169,13,Georgia,131498,0,2,2,0,2,TUCKER,December,31,Sunday,4,55,Urban,High Speed (Arterial),Yes,33.83039722,-84.22295556,Non-Intersection,Dark - Not Lighted,Clear,5:00am-5:59am,0,5:00am-5:59am,5,5:00am-5:59am,30,1,Dark - Unlighted,Clear,1,1,['Driver'],['Shoulder_Lapbelt'],0,0,Valid,0.0,0.0,27.0,24.0,"['Male', 'Female']",0,0,3,4,5,Dry,Straight,Level,Lowest,No
12170,13,Georgia,131499,0,2,2,0,2,Not Reported,December,31,Sunday,20,10,Urban,Medium Speed (Collector),No,33.56231389,-82.10460278,Simple Junction,Dark - Not Lighted,Clear,8:00pm-8:59pm,12,8:00pm-8:59pm,13,Not Applicable (Not Transported),Not Applicable (Not Transported),1,Dark - Unlighted,Clear,1,1,['Driver'],['None_Used'],0,0,Valid,0.0,0.0,23.0,16.0,"['Male', 'Male']",0,0,3,4,5,Dry,Straight,Level,Lowest,No
12171,13,Georgia,131500,0,3,3,0,10,Not Reported,October,21,Saturday,20,50,Urban,High Speed (Arterial),Yes,34.09919167,-84.03648056,Complex/Circle,Dark - Lighted,Clear,8:00pm-8:59pm,56,9:00pm-9:59pm,7,9:00pm-9:59pm,30,1,Dark - Lighted,Clear,1,9,['Rear_Seat'],['Shoulder_Lapbelt'],0,0,Valid,0.0,0.0,18.0,16.0,"['Female', 'Female', 'Female']",0,0,3,4,5,Dry,Straight,Level,Lowest,No
12172,13,Georgia,131501,0,2,2,0,3,DAWSONVILLE,October,28,Saturday,6,52,Rural,Medium Speed (Collector),No,34.45355,-84.13502778,Simple Junction,Dark - Not Lighted,Clear,6:00am-6:59am,54,7:00am-7:59am,3,8:00am-8:59am,4,1,Dark - Unlighted,Clear,1,2,['Driver'],['Shoulder_Lapbelt'],0,0,Valid,0.0,0.0,78.0,51.0,"['Female', 'Male']",0,0,3,4,5,Dry,Curve,Grade/Hillcrest,Lowest,No