,State_Code,State_Name,Crash_ID,Count_Non_Motorists,Count_Vehicles_Total,Count_Vehicle_Forms,Count_PVH_Involved,Count_Occupants_MV,City_Name,Month_Name,Day_of_Month,Day_of_Week,Crash_Hour,Crash_Minute,Area_Rural_Urban,Road_Functional_Class,On_NHS_Road,Latitude,Longitude,Intersection_Type,Light_Condition,Weather_Condition,Notif_Hour,Notif_Minute,Arrival_Hour,Arrival_Minute,Hospital_Hour,Hospital_Minute,Fatalities_Count,Clean_Light_Condition,Clean_Weather_Condition,Total_Killed,Total_Alive,Fatal_Seats_List,Killed_Restraint_List,Any_Driver_Drinking,Total_Drinking_Drivers,Driver_License_Category,Driver_Max_Prev_Accident_Count,Driver_Max_Prev_Speeding_Count,Max_Driver_Age,Min_Driver_Age,Driver_Sex_List,Total_Exceeding_Limit_Vehicles,Total_Too_Fast_Vehicles,Max_Vehicle_Type_Severity_5,Max_Vehicle_Damage_Rank,Max_Harmful_Event_Severity,Crash_Road_Surface_Condition,Crash_Horizontal_Alignment,Crash_Vertical_Profile,Crash_Impairment_Category,Crash_Vehicle_Defect
12173,13,Georgia,131502,0,1,1,0,3,Not Reported,November,4,Saturday,4,30,Rural,Medium Speed (Collector),No,31.99698333,-82.00837778,Non-Intersection,Dark - Not Lighted,Clear,4:00am-4:59am,45,4:00am-4:59am,51,5:00am-5:59am,15,1,Dark - Unlighted,Clear,1,2,['Front_Passenger'],['Shoulder_Lapbelt'],1,1,Valid,0.0,0.0,30.0,30.0,['Male'],0,0,3,4,3,Dry,Straight,Grade/Hillcrest,Lowest,No
12174,13,Georgia,131504,0,1,1,0,1,DARIEN,December,23,Saturday,23,13,Rural,Medium Speed (Collector),No,31.35425,-81.445275,Non-Intersection,Dark - Not Lighted,Cloudy,11:00pm-11:59pm,20,11:00pm-11:59pm,25,Not Applicable (Not Transported),Not Applicable (Not Transported),1,Dark - Unlighted,Reduced Visibility,1,0,['Driver'],['Shoulder_Lapbelt'],1,1,Valid,0.0,0.0,34.0,34.0,['Female'],1,0,2,4,3,Dry,Curve,Level,Lowest,No
12175,13,Georgia,131505,0,2,2,0,6,DOUGLAS,December,24,Sunday,14,48,Rural,High Speed (Arterial),Yes,31.57779167,-82.85112222,Non-Intersection,Daylight,Cloudy,2:00pm-2:59pm,53,3:00pm-3:59pm,0,3:00pm-3:59pm,20,1,Daylight,Reduced Visibility,1,5,['Front_Passenger'],['None_Used'],0,0,Valid,0.0,0.0,47.0,44.0,"['Female', 'Female']",5,0,3,4,5,Dry,Curve,Grade/Hillcrest,Lowest,No
12176,13,Georgia,131506,0,1,1,0,1,PINEVIEW,December,27,Wednesday,13,54,Rural,Low Speed (Local),No,32.06559167,-83.46818611,Non-Intersection,Daylight,Cloudy,1:00pm-1:59pm,56,2:00pm-2:59pm,10,Not Applicable (Not Transported),Not Applicable (Not Transported),1,Daylight,Reduced Visibility,1,0,['Driver'],['None_Used'],0,0,Valid,0.0,2.0,31.0,31.0,['Female'],1,0,2,4,3,Dry,Curve,Grade/Hillcrest,Lowest,No
12177,13,Georgia,131507,0,1,1,0,1,POWDER SPRINGS,December,28,Thursday,18,45,Urban,Medium Speed (Collector),No,33.90721389,-84.67819722,Non-Intersection,Dark - Not Lighted,Clear,Unknown,Unknown if Notified,Unknown EMS Scene Arrival Hour,Unknown if Arrived,Not Applicable (Not Transported),Not Applicable (Not Transported),1,Dark - Unlighted,Clear,1,0,['Driver'],['None_Used'],0,0,Valid,0.0,0.0,58.0,58.0,['Female'],0,0,3,4,2,Dry,Straight,Level,Lowest,No
12178,13,Georgia,131508,1,1,1,0,1,Other,December,30,Saturday,18,2,Urban,High Speed (Arterial),Yes,34.00858333,-84.559675,Non-Intersection,Dark - Not Lighted,Clear,6:00pm-6:59pm,2,6:00pm-6:59pm,4,Not Applicable (Not Transported),Not Applicable (Not Transported),1,Dark - Unlighted,Clear,0,1,[],[],0,0,Valid,0.0,0.0,21.0,21.0,['Male'],0,0,3,2,4,Dry,Straight,Level,Lowest,No
12179,13,Georgia,131509,1,1,1,0,1,MACON,October,8,Sunday,21,9,Urban,Medium Speed (Collector),No,32.82566944,-83.57221111,Non-Intersection,Dark - Not Lighted,Clear,Unknown,Unknown if Notified,Unknown EMS Scene Arrival Hour,Unknown if Arrived,Not Applicable (Not Transported),Not Applicable (Not Transported),1,Dark - Unlighted,Clear,0,1,[],[],0,0,Valid,0.0,0.0,30.0,30.0,['Male'],0,0,3,3,4,Dry,Straight,Level,Lowest,No
12180,13,Georgia,131510,0,2,2,0,4,RABUN GAP,October,21,Saturday,13,51,Rural,High Speed (Arterial),Yes,34.94139722,-83.38777222,Non-Intersection,Daylight,Clear,Unknown,Unknown,Unknown EMS Scene Arrival Hour,Unknown EMS Scene Arrival Minutes,Unknown,Unknown EMS Hospital Arrival Time,1,Daylight,Clear,1,3,['Rear_Seat'],['Shoulder_Lapbelt'],0,0,Valid,0.0,0.0,71.0,30.0,"['Male', 'Female']",0,0,3,4,5,Dry,Straight,Level,Lowest,No
12181,13,Georgia,131511,0,1,1,0,1,LAWRENCEVILLE,December,17,Sunday,2,53,Urban,Medium Speed (Collector),No,33.93862222,-84.09018611,Simple Junction,Dark - Not Lighted,Rain,2:00am-2:59am,54,3:00am-3:59am,3,Not Applicable (Not Transported),Not Applicable (Not Transported),1,Dark - Unlighted,Rain/Wind/Minor,1,0,['Driver'],['None_Used'],0,0,Valid,0.0,1.0,34.0,34.0,['Male'],1,0,2,4,3,Wet/Standing Water,Curve,Grade/Hillcrest,Lowest,No
12182,13,Georgia,131512,1,1,1,0,2,MACON,December,17,Sunday,20,36,Urban,Medium Speed (Collector),No,32.90599722,-83.68715,Non-Intersection,Dark - Not Lighted,Clear,8:00pm-8:59pm,37,8:00pm-8:59pm,56,9:00pm-9:59pm,4,1,Dark - Unlighted,Clear,0,2,[],[],0,0,Valid,0.0,1.0,28.0,28.0,['Male'],0,0,2,3,4,Dry,Straight,Level,Lowest,No
12183,13,Georgia,131513,0,3,3,0,3,CLARKESVILLE,December,21,Thursday,13,25,Rural,High Speed (Arterial),Yes,34.64665833,-83.44947778,Complex/Circle,Daylight,Clear,Unknown,Unknown,Unknown EMS Scene Arrival Hour,Unknown EMS Scene Arrival Minutes,Unknown,Unknown EMS Hospital Arrival Time,1,Daylight,Clear,1,2,['Driver'],['None_Used'],0,0,Valid,0.0,0.0,83.0,80.0,"['Male', 'Female', 'Male']",0,0,3,4,5,Dry,Straight,Level,Lowest,No
12184,13,Georgia,131514,0,2,2,0,3,POOLER,December,28,Thursday,14,5,Urban,Medium Speed (Collector),Yes,32.08248889,-81.28064167,Complex/Circle,Daylight,Clear,2:00pm-2:59pm,7,2:00pm-2:59pm,12,Not Applicable (Not Transported),Not Applicable (Not Transported),1,Daylight,Clear,1,2,['Driver'],['None_Used'],0,0,Valid,0.0,1.0,20.0,20.0,"['Male', 'Male']",1,0,5,4,5,Dry,Straight,Grade/Hillcrest,Lowest,No
12185,13,Georgia,131515,1,1,1,0,1,ACWORTH,September,25,Monday,21,22,Urban,High Speed (Arterial),Yes,34.03187222,-84.66252222,Non-Intersection,Dark - Not Lighted,Clear,Unknown,Unknown if Notified,Unknown EMS Scene Arrival Hour,Unknown if Arrived,Not Applicable (Not Transported),Not Applicable (Not Transported),1,Dark - Unlighted,Clear,0,1,[],[],0,0,Valid,0.0,0.0,23.0,23.0,['Female'],0,0,2,2,4,Dry,Straight,Grade/Hillcrest,Lowest,No
12186,13,Georgia,131516,1,1,1,0,3,Not Reported,November,4,Saturday,4,30,Rural,Medium Speed (Collector),No,31.99020278,-81.99999722,Non-Intersection,Dark - Not Lighted,Clear,4:00am-4:59am,31,4:00am-4:59am,43,Not Applicable (Not Transported),Not Applicable (Not Transported),1,Dark - Unlighted,Clear,0,3,[],[],0,0,Valid,0.0,1.0,29.0,29.0,['Male'],0,0,2,4,4,Dry,Straight,Level,Lowest,No
12187,13,Georgia,131517,1,1,1,0,1,Not Reported,August,13,Sunday,20,40,Urban,Low Speed (Local),No,33.02654444,-85.07230833,Non-Intersection,Dark - Not Lighted,Clear,8:00pm-8:59pm,0,8:00pm-8:59pm,36,9:00pm-9:59pm,5,1,Dark - Unlighted,Clear,0,1,[],[],1,1,Valid,0.0,0.0,43.0,43.0,['Male'],0,0,3,4,4,Dry,Straight,Level,Lowest,No
12188,13,Georgia,131518,0,1,1,0,1,EATONTON,September,25,Monday,10,35,Rural,Medium Speed (Collector),No,33.321675,-83.49826389,Non-Intersection,Daylight,Clear,10:00am-10:59am,37,10:00am-10:59am,46,Not Applicable (Not Transported),Not Applicable (Not Transported),1,Daylight,Clear,1,0,['Driver'],['Shoulder_Lapbelt'],1,1,Valid,0.0,0.0,70.0,70.0,['Male'],0,0,3,4,3,Dry,Curve,Level,Lowest,No
12189,13,Georgia,131519,0,2,2,0,2,MARIETTA,October,30,Monday,22,40,Urban,High Speed (Arterial),Yes,33.94611111,-84.6248,Non-Intersection,Dark - Lighted,Clear,Unknown,Unknown,Unknown EMS Scene Arrival Hour,Unknown EMS Scene Arrival Minutes,Unknown,Unknown EMS Hospital Arrival Time,1,Dark - Lighted,Clear,1,1,['Driver'],['Shoulder_Lapbelt'],0,0,Valid,0.0,0.0,71.0,61.0,"['Male', 'Male']",0,0,3,4,5,Dry,Straight,Level,Lowest,No
12190,13,Georgia,131520,0,1,1,0,1,Not Reported,November,27,Monday,1,5,Urban,Medium Speed (Collector),No,33.80308333,-84.02181667,Non-Intersection,Dark - Not Lighted,Rain,1:00am-1:59am,12,1:00am-1:59am,22,Not Applicable (Not Transported),Not Applicable (Not Transported),1,Dark - Unlighted,Rain/Wind/Minor,1,0,['Driver'],['Shoulder_Lapbelt'],1,1,Valid,0.0,0.0,22.0,22.0,['Male'],1,0,2,4,2,Wet/Standing Water,Curve,Grade/Hillcrest,Lowest,No
12191,13,Georgia,131527,0,1,1,0,2,Not Reported,May,7,Sunday,1,25,Rural,Low Speed (Local),No,31.03379722,-83.91744722,Non-Intersection,Dark - Not Lighted,Clear,1:00am-1:59am,30,1:00am-1:59am,45,Not Applicable (Not Transported),Not Applicable (Not Transported),1,Dark - Unlighted,Clear,1,1,['Driver'],['None_Used'],1,1,Valid,0.0,0.0,44.0,44.0,['Male'],0,0,5,4,3,Dry,Straight,Level,Lowest,No
12192,13,Georgia,131532,1,2,1,1,1,ATLANTA,April,20,Thursday,13,40,Urban,High Speed (Arterial),Yes,33.80138056,-84.40162222,Non-Intersection,Daylight,Clear,1:00pm-1:59pm,30,1:00pm-1:59pm,40,Not Applicable (Not Transported),Not Applicable (Not Transported),1,Daylight,Clear,1,0,['Driver'],['None_Used'],0,0,Valid,0.0,0.0,29.0,29.0,['Male'],0,0,5,4,5,Dry,Straight,Level,Lowest,No
12193,13,Georgia,131533,1,1,1,0,1,NORCROSS,June,25,Sunday,2,0,Urban,Medium Speed (Collector),No,33.93344444,-84.18083889,Non-Intersection,Dark - Not Lighted,Clear,2:00am-2:59am,32,2:00am-2:59am,52,Not Applicable (Not Transported),Not Applicable (Not Transported),1,Dark - Unlighted,Clear,0,1,[],[],0,0,Invalid,0.0,0.0,999.0,999.0,['Other'],0,0,1,2,4,Dry,Straight,Level,Lowest,No
12194,13,Georgia,131534,0,1,1,0,1,Not Reported,August,6,Sunday,17,55,Urban,Medium Speed (Collector),No,33.48111667,-84.167075,Simple Junction,Daylight,Rain,5:00pm-5:59pm,56,6:00pm-6:59pm,5,Not Applicable (Not Transported),Not Applicable (Not Transported),1,Daylight,Rain/Wind/Minor,1,0,['Driver'],['Shoulder_Lapbelt'],0,0,Valid,0.0,0.0,43.0,43.0,['Male'],0,0,4,4,3,Wet/Standing Water,Straight,Grade/Hillcrest,Lowest,No
12195,13,Georgia,131535,0,1,1,0,1,SAVANNAH,August,15,Tuesday,1,47,Urban,High Speed (Arterial),Yes,32.07261389,-81.13599444,Non-Intersection,Dark - Not Lighted,Clear,1:00am-1:59am,51,1:00am-1:59am,56,Not Applicable (Not Transported),Not Applicable (Not Transported),1,Dark - Unlighted,Clear,1,0,['Driver'],['None_Used'],0,0,Invalid,0.0,0.0,23.0,23.0,['Male'],0,0,5,0,1,Dry,Curve,Level,Lowest,No
12196,13,Georgia,131536,0,1,1,0,1,Not Reported,August,24,Thursday,10,45,Urban,High Speed (Arterial),Yes,34.31250833,-83.78784722,Non-Intersection,Daylight,Clear,10:00am-10:59am,51,10:00am-10:59am,58,11:00am-11:59am,14,1,Daylight,Clear,1,0,['Driver'],['Shoulder_Lapbelt'],0,0,Valid,0.0,0.0,63.0,63.0,['Male'],0,0,3,4,3,Dry,Straight,Level,Medium,No
12197,13,Georgia,131537,0,3,2,1,2,Not Reported,August,26,Saturday,11,35,Rural,High Speed (Arterial),Yes,34.46545278,-85.26849722,Non-Intersection,Daylight,Clear,11:00am-11:59am,37,11:00am-11:59am,45,Not Applicable (Not Transported),Not Applicable (Not Transported),1,Daylight,Clear,1,1,['Driver'],['Shoulder_Lapbelt'],0,0,Invalid,1.0,0.0,65.0,42.0,"['Female', 'Male']",0,0,4,4,5,Dry,Straight,Non-Trafficway,Lowest,No
12198,13,Georgia,131538,0,4,4,0,10,PORT WENTWORTH,June,23,Friday,15,44,Urban,High Speed (Arterial),Yes,32.18415556,-81.20043056,Non-Intersection,Daylight,Clear,3:00pm-3:59pm,44,3:00pm-3:59pm,45,4:00pm-4:59pm,25,1,Daylight,Clear,1,9,['Driver'],['Shoulder_Lapbelt'],0,0,Valid,0.0,1.0,61.0,25.0,"['Male', 'Male', 'Female', 'Female']",0,0,3,4,5,Dry,Straight,Level,Lowest,No
12199,13,Georgia,131540,0,1,1,0,1,Not Reported,August,23,Wednesday,9,14,Rural,Medium Speed (Collector),No,31.40788611,-81.43124722,Non-Intersection,Daylight,Clear,9:00am-9:59am,10,9:00am-9:59am,26,Not Applicable (Not Transported),Not Applicable (Not Transported),1,Daylight,Clear,1,0,['Driver'],['None_Used'],0,0,Valid,0.0,0.0,57.0,57.0,['Male'],0,0,3,4,3,Dry,Straight,Grade/Hillcrest,Lowest,No
12200,13,Georgia,131541,0,1,1,0,1,SAINT MARYS,September,5,Tuesday,19,14,Urban,High Speed (Arterial),Yes,30.73781944,-81.54615,Non-Intersection,Dusk,Clear,7:00pm-7:59pm,15,7:00pm-7:59pm,18,Not Applicable (Not Transported),Not Applicable (Not Transported),1,Twilight,Clear,1,0,['Driver'],['None_Used'],0,0,Valid,0.0,0.0,50.0,50.0,['Female'],0,0,2,4,3,Dry,Curve,Level,Medium,No
12201,13,Georgia,131543,0,1,1,0,1,Not Reported,December,2,Saturday,3,0,Rural,Low Speed (Local),No,33.224275,-83.39893056,Non-Intersection,Dark - Not Lighted,"Fog, Smog, Smoke",5:00am-5:59am,13,5:00am-5:59am,20,Not Applicable (Not Transported),Not Applicable (Not Transported),1,Dark - Unlighted,Reduced Visibility,1,0,['Driver'],['None_Used'],1,1,Invalid,0.0,0.0,35.0,35.0,['Male'],0,0,2,4,3,Wet/Standing Water,Curve,Level,Lowest,No
12202,13,Georgia,131546,0,3,3,0,13,VALDOSTA,December,26,Tuesday,11,59,Rural,High Speed (Arterial),Yes,30.69287222,-83.23730556,Non-Intersection,Daylight,Clear,Unknown,Unknown,Unknown EMS Scene Arrival Hour,Unknown EMS Scene Arrival Minutes,Unknown,Unknown EMS Hospital Arrival Time,1,Daylight,Clear,1,12,['Rear_Seat'],['Shoulder_Lapbelt'],0,0,Valid,0.0,0.0,40.0,24.0,"['Female', 'Male', 'Male']",0,0,3,4,5,Dry,Straight,Level,Lowest,No
12203,13,Georgia,131547,0,1,1,0,1,BREMEN,September,26,Tuesday,17,30,Rural,Low Speed (Local),No,33.76654722,-85.1575,Non-Intersection,Daylight,Clear,5:00pm-5:59pm,34,5:00pm-5:59pm,40,Not Applicable (Not Transported),Not Applicable (Not Transported),1,Daylight,Clear,1,0,['Driver'],['None_Used'],0,0,Valid,0.0,0.0,65.0,65.0,['Male'],1,0,2,4,3,Dry,Curve,Grade/Hillcrest,Lowest,No
12204,13,Georgia,131548,0,2,2,0,3,Not Reported,December,5,Tuesday,22,35,Rural,High Speed (Arterial),Yes,33.43792222,-83.38889444,Non-Intersection,Dark - Not Lighted,Clear,10:00pm-10:59pm,37,10:00pm-10:59pm,45,11:00pm-11:59pm,3,1,Dark - Unlighted,Clear,1,2,['Driver'],['Shoulder_Lapbelt'],0,0,Valid,0.0,3.0,37.0,31.0,"['Male', 'Male']",0,0,2,4,5,Dry,Straight,Level,Lowest,No
12205,13,Georgia,131549,0,1,1,0,1,Not Reported,December,9,Saturday,7,16,Rural,Medium Speed (Collector),Yes,34.54209444,-83.8249,Non-Intersection,Daylight,Rain,7:00am-7:59am,28,7:00am-7:59am,44,8:00am-8:59am,12,1,Daylight,Rain/Wind/Minor,1,0,['Driver'],['Shoulder_Lapbelt'],0,0,Valid,0.0,1.0,63.0,63.0,['Female'],1,0,2,4,2,Wet/Standing Water,Curve,Level,Lowest,No
12206,13,Georgia,131550,0,1,1,0,1,SAVANNAH,July,14,Friday,19,40,Urban,High Speed (Arterial),Yes,32.02875556,-81.11009722,Non-Intersection,Daylight,Cloudy,7:00pm-7:59pm,44,7:00pm-7:59pm,46,8:00pm-8:59pm,0,1,Daylight,Reduced Visibility,1,0,['Driver'],['Shoulder_Lapbelt'],0,0,Invalid,0.0,1.0,64.0,64.0,['Male'],0,0,3,3,3,Dry,Straight,Level,Lowest,No
12207,13,Georgia,131552,1,2,2,0,1,NORWOOD,July,16,Sunday,22,22,Rural,High Speed (Arterial),Yes,33.49304444,-82.63288889,Non-Intersection,Dark - Not Lighted,Clear,10:00pm-10:59pm,Unknown,10:00pm-10:59pm,Unknown EMS Scene Arrival Minutes,Not Applicable (Not Transported),Not Applicable (Not Transported),1,Dark - Unlighted,Clear,0,1,[],[],0,0,Valid,0.0,0.0,16.0,16.0,['Female'],0,0,3,4,5,Dry,Straight,Grade/Hillcrest,Lowest,Yes
12208,13,Georgia,131553,1,1,1,0,1,FOLKSTON,November,9,Thursday,18,42,Rural,Low Speed (Local),No,30.85448056,-82.0125,Non-Intersection,Dark - Lighted,Clear,6:00pm-6:59pm,44,7:00pm-7:59pm,25,8:00pm-8:59pm,8,1,Dark - Lighted,Clear,0,1,[],[],0,0,Valid,0.0,0.0,35.0,35.0,['Female'],0,0,2,1,4,Dry,Straight,Non-Trafficway,Lowest,No
12209,15,Hawaii,150001,1,1,1,0,1,KAILUA,January,2,Monday,5,45,Urban,Medium Speed (Collector),No,21.38233611,-157.74049722,Simple Junction,Dark - Lighted,Clear,5:00am-5:59am,55,6:00am-6:59am,1,6:00am-6:59am,22,1,Dark - Lighted,Clear,0,1,[],[],0,0,Valid,0.0,0.0,85.0,85.0,['Male'],0,0,3,3,4,Dry,Straight,Level,Lowest,No
12210,15,Hawaii,150002,1,1,1,0,4,PAHOA,January,14,Saturday,5,9,Urban,High Speed (Arterial),No,19.51332778,-154.96291944,Non-Intersection,Dark - Not Lighted,Clear,5:00am-5:59am,15,5:00am-5:59am,24,Not Applicable (Not Transported),Not Applicable (Not Transported),1,Dark - Unlighted,Clear,0,4,[],[],0,0,Valid,0.0,0.0,46.0,46.0,['Female'],0,0,2,3,4,Dry,Straight,Level,Lowest,No
12211,15,Hawaii,150003,0,1,1,0,5,KURTISTOWN,January,13,Friday,22,0,Urban,Medium Speed (Collector),No,19.52950556,-155.01677222,Simple Junction,Dark - Not Lighted,Clear,10:00pm-10:59pm,4,10:00pm-10:59pm,16,Not Applicable (Not Transported),Not Applicable (Not Transported),1,Dark - Unlighted,Clear,1,4,['Driver'],['None_Used'],1,1,Valid,0.0,1.0,42.0,42.0,['Female'],5,0,5,3,3,Dry,Straight,Level,Lowest,No
12212,15,Hawaii,150004,0,5,2,3,2,HONOLULU,January,28,Saturday,2,29,Urban,Medium Speed (Collector),No,21.30905,-157.84956389,Non-Intersection,Dark - Lighted,Clear,2:00am-2:59am,30,2:00am-2:59am,36,Not Applicable (Not Transported),Not Applicable (Not Transported),1,Dark - Lighted,Clear,1,1,['Driver'],['None_Used'],1,2,Valid,0.0,1.0,59.0,35.0,"['Female', 'Male']",1,0,3,4,5,Dry,Straight,Grade/Hillcrest,Lowest,No
12213,15,Hawaii,150005,0,1,1,0,1,KANE`OHE,January,29,Sunday,18,50,Urban,High Speed (Arterial),Yes,21.39275,-157.81331111,Non-Intersection,Dark - Lighted,Rain,6:00pm-6:59pm,56,7:00pm-7:59pm,3,7:00pm-7:59pm,23,1,Dark - Lighted,Rain/Wind/Minor,1,0,['Driver'],['Shoulder_Lapbelt'],0,0,Invalid,0.0,2.0,36.0,36.0,['Male'],1,0,2,4,3,Wet/Standing Water,Straight,Level,Lowest,No
12214,15,Hawaii,150006,1,1,1,0,1,KAILUA,January,31,Tuesday,17,33,Urban,Medium Speed (Collector),No,21.40672778,-157.75821389,Complex/Circle,Daylight,Cloudy,5:00pm-5:59pm,33,5:00pm-5:59pm,40,6:00pm-6:59pm,8,1,Daylight,Reduced Visibility,0,1,[],[],0,0,Valid,0.0,1.0,31.0,31.0,['Male'],0,0,1,1,4,Dry,Straight,Level,Lowest,No
12215,15,Hawaii,150007,0,3,3,0,4,HONOLULU,January,15,Sunday,9,1,Urban,Medium Speed (Collector),No,21.28853889,-157.83441944,Complex/Circle,Daylight,Clear,9:00am-9:59am,13,9:00am-9:59am,24,Unknown,Unknown EMS Hospital Arrival Time,1,Daylight,Clear,1,3,['Driver'],['Shoulder_Lapbelt'],0,0,Valid,1.0,0.0,82.0,30.0,"['Male', 'Female', 'Male']",1,0,3,4,5,Dry,Straight,Grade/Hillcrest,Medium,No
12216,15,Hawaii,150008,0,2,2,0,2,WAILUKU HAWAIIAN HOME LAND (HISTORICAL),February,10,Friday,22,57,Urban,High Speed (Arterial),Yes,20.90628056,-156.48706667,Complex/Circle,Dark - Lighted,Cloudy,10:00pm-10:59pm,58,11:00pm-11:59pm,6,11:00pm-11:59pm,17,1,Dark - Lighted,Reduced Visibility,1,1,['Driver'],['None_Used'],1,1,Valid,0.0,0.0,53.0,19.0,"['Male', 'Male']",0,0,5,4,5,Dry,Straight,Level,Lowest,No
12217,15,Hawaii,150009,1,2,2,0,6,HONOLULU,February,14,Tuesday,5,30,Urban,High Speed (Arterial),Yes,21.36627222,-157.84371944,Non-Intersection,Dark - Lighted,Rain,5:00am-5:59am,35,5:00am-5:59am,54,Not Applicable (Not Transported),Not Applicable (Not Transported),1,Dark - Lighted,Rain/Wind/Minor,0,6,[],[],0,0,Valid,0.0,1.0,53.0,28.0,"['Female', 'Female']",0,0,3,3,5,Wet/Standing Water,Straight,Grade/Hillcrest,Lowest,No
12218,15,Hawaii,150010,0,1,1,0,3,WAIKOLOA VILLAGE,February,5,Sunday,3,26,Urban,High Speed (Arterial),Yes,19.92186944,-155.86048056,Non-Intersection,Other,Clear,3:00am-3:59am,29,3:00am-3:59am,35,4:00am-4:59am,20,2,Dark - Unlighted,Clear,2,1,"['Driver', 'Rear_Seat']","['None_Used', 'None_Used']",1,1,Invalid,0.0,1.0,37.0,37.0,['Male'],3,0,3,4,3,Dry,Straight,Level,Lowest,No
12219,15,Hawaii,150011,2,1,1,0,1,HONOLULU,February,15,Wednesday,6,41,Urban,Medium Speed (Collector),No,21.29645556,-157.849925,Simple Junction,Dark - Lighted,Clear,6:00am-6:59am,43,6:00am-6:59am,52,7:00am-7:59am,22,1,Dark - Lighted,Clear,0,0,[],[],0,0,Invalid,1.0,0.0,45.0,45.0,['Male'],1,0,3,3,4,Dry,Straight,Level,Lowest,No
12220,15,Hawaii,150012,0,2,2,0,2,HONOLULU,February,14,Tuesday,16,6,Urban,Medium Speed (Collector),No,21.34706667,-157.86106111,Non-Intersection,Daylight,Cloudy,4:00pm-4:59pm,14,4:00pm-4:59pm,24,4:00pm-4:59pm,50,1,Daylight,Reduced Visibility,1,1,['Driver'],['None_Used'],0,0,Invalid,0.0,2.0,54.0,31.0,"['Male', 'Male']",1,0,5,4,5,Dry,Straight,Level,Lowest,No
12221,15,Hawaii,150013,0,1,1,0,1,KAHALU`U,February,17,Friday,20,40,Urban,High Speed (Arterial),Yes,21.52628056,-157.83479722,Non-Intersection,Dark - Lighted,Rain,8:00pm-8:59pm,44,8:00pm-8:59pm,57,9:00pm-9:59pm,27,1,Dark - Lighted,Rain/Wind/Minor,1,0,['Driver'],['None_Used'],0,0,Valid,0.0,2.0,29.0,29.0,['Male'],0,0,2,4,3,Wet/Standing Water,Curve,Level,Lowest,No
12222,15,Hawaii,150014,0,2,2,0,2,WAIPAHU,February,18,Saturday,21,43,Urban,High Speed (Arterial),Yes,21.38675833,-157.99803611,Complex/Circle,Dark - Lighted,Clear,9:00pm-9:59pm,46,9:00pm-9:59pm,51,10:00pm-10:59pm,20,1,Dark - Lighted,Clear,1,1,['Driver'],['None_Used'],1,1,Valid,0.0,3.0,34.0,27.0,"['Male', 'Male']",2,0,5,4,5,Dry,Straight,Grade/Hillcrest,Lowest,No
12223,15,Hawaii,150016,0,1,1,0,1,PEARL CITY,February,25,Saturday,22,30,Urban,Medium Speed (Collector),No,21.34966667,-157.92668889,Non-Intersection,Dark - Lighted,Clear,10:00pm-10:59pm,31,10:00pm-10:59pm,43,11:00pm-11:59pm,15,1,Dark - Lighted,Clear,1,0,['Driver'],['None_Used'],0,0,Valid,1.0,0.0,61.0,61.0,['Male'],0,0,1,2,1,Dry,Straight,Grade/Hillcrest,Lowest,No
12224,15,Hawaii,150017,0,1,1,0,1,Other,March,5,Sunday,23,17,Urban,High Speed (Arterial),Yes,21.57464444,-157.87790278,Non-Intersection,Dark - Lighted,Not Reported,11:00pm-11:59pm,17,11:00pm-11:59pm,33,Not Applicable (Not Transported),Not Applicable (Not Transported),1,Dark - Lighted,Clear,1,0,['Driver'],['None_Used'],1,1,Valid,0.0,1.0,55.0,55.0,['Male'],1,0,5,4,3,Dry,Curve,Level,Lowest,No
12225,15,Hawaii,150018,0,1,1,0,1,HONOLULU,March,12,Sunday,0,40,Urban,High Speed (Arterial),Yes,21.3232,-157.86155,Non-Intersection,Dark - Lighted,Clear,0:00am-0:59am,51,0:00am-0:59am,58,Not Applicable (Not Transported),Not Applicable (Not Transported),1,Dark - Lighted,Clear,1,0,['Driver'],['None_Used'],1,1,Valid,0.0,0.0,59.0,59.0,['Male'],1,0,5,4,2,Dry,Curve,Grade/Hillcrest,Lowest,No
12226,15,Hawaii,150019,0,1,1,0,2,PAHOA,February,26,Sunday,19,37,Rural,High Speed (Arterial),Yes,19.44630833,-154.85594722,Non-Intersection,Dark - Not Lighted,Rain,7:00pm-7:59pm,38,8:00pm-8:59pm,5,Unknown,Unknown EMS Hospital Arrival Time,1,Dark - Unlighted,Rain/Wind/Minor,1,1,['Driver'],['Shoulder_Lapbelt'],1,1,Invalid,0.0,0.0,41.0,41.0,['Male'],2,0,3,4,3,Wet/Standing Water,Curve,Grade/Hillcrest,Lowest,No
12227,15,Hawaii,150021,1,1,1,0,2,Other,April,3,Monday,19,40,Rural,High Speed (Arterial),Yes,20.80923056,-156.60554444,Non-Intersection,Dark - Not Lighted,Clear,7:00pm-7:59pm,40,7:00pm-7:59pm,53,Not Applicable (Not Transported),Not Applicable (Not Transported),1,Dark - Unlighted,Clear,0,2,[],[],0,0,Valid,0.0,0.0,66.0,66.0,['Male'],0,0,3,2,4,Dry,Straight,Level,Lowest,No
12228,15,Hawaii,150022,1,1,1,0,1,KAHULUI,April,4,Tuesday,23,31,Urban,Medium Speed (Collector),No,20.88676389,-156.46525278,Non-Intersection,Dark - Lighted,Clear,11:00pm-11:59pm,31,11:00pm-11:59pm,36,Not Applicable (Not Transported),Not Applicable (Not Transported),1,Dark - Lighted,Clear,0,1,[],[],0,0,Valid,0.0,0.0,49.0,49.0,['Male'],0,0,3,3,4,Dry,Straight,Level,Lowest,No
12229,15,Hawaii,150023,1,1,1,0,1,KIHEI,April,5,Wednesday,4,5,Urban,Medium Speed (Collector),No,20.750525,-156.45251111,Non-Intersection,Dark - Not Lighted,Clear,4:00am-4:59am,8,4:00am-4:59am,15,Not Applicable (Not Transported),Not Applicable (Not Transported),1,Dark - Unlighted,Clear,0,0,[],[],0,0,Invalid,0.0,0.0,998.0,998.0,['Other'],0,0,1,0,4,Dry,Straight,Level,Lowest,No