,State_Code,State_Name,Crash_ID,Count_Non_Motorists,Count_Vehicles_Total,Count_Vehicle_Forms,Count_PVH_Involved,Count_Occupants_MV,City_Name,Month_Name,Day_of_Month,Day_of_Week,Crash_Hour,Crash_Minute,Area_Rural_Urban,Road_Functional_Class,On_NHS_Road,Latitude,Longitude,Intersection_Type,Light_Condition,Weather_Condition,Notif_Hour,Notif_Minute,Arrival_Hour,Arrival_Minute,Hospital_Hour,Hospital_Minute,Fatalities_Count,Clean_Light_Condition,Clean_Weather_Condition,Total_Killed,Total_Alive,Fatal_Seats_List,Killed_Restraint_List,Any_Driver_Drinking,Total_Drinking_Drivers,Driver_License_Category,Driver_Max_Prev_Accident_Count,Driver_Max_Prev_Speeding_Count,Max_Driver_Age,Min_Driver_Age,Driver_Sex_List,Total_Exceeding_Limit_Vehicles,Total_Too_Fast_Vehicles,Max_Vehicle_Type_Severity_5,Max_Vehicle_Damage_Rank,Max_Harmful_Event_Severity,Crash_Road_Surface_Condition,Crash_Horizontal_Alignment,Crash_Vertical_Profile,Crash_Impairment_Category,Crash_Vehicle_Defect
12230,15,Hawaii,150024,0,2,2,0,2,MAKAHA,April,9,Sunday,18,0,Urban,High Speed (Arterial),Yes,21.52032222,-158.22781111,Non-Intersection,Daylight,Clear,6:00pm-6:59pm,1,6:00pm-6:59pm,16,6:00pm-6:59pm,49,2,Daylight,Clear,2,0,"['Driver', 'Driver']","['None_Used', 'None_Used']",0,0,Invalid,0.0,0.0,60.0,36.0,"['Male', 'Male']",1,0,5,4,5,Dry,Straight,Level,Lowest,No
12231,15,Hawaii,150025,0,1,1,0,1,KANE`OHE,April,15,Saturday,1,22,Urban,High Speed (Arterial),Yes,21.40295278,-157.80730556,Complex/Circle,Dark - Lighted,Cloudy,1:00am-1:59am,31,1:00am-1:59am,36,2:00am-2:59am,4,1,Dark - Lighted,Reduced Visibility,1,0,['Driver'],['Shoulder_Lapbelt'],1,1,Invalid,0.0,0.0,29.0,29.0,['Male'],1,0,2,4,3,Dry,Curve,Level,Lowest,No
12232,15,Hawaii,150026,0,1,1,0,1,Other,April,15,Saturday,2,56,Urban,High Speed (Arterial),Yes,21.32348333,-157.8621,Non-Intersection,Dark - Lighted,Clear,3:00am-3:59am,0,3:00am-3:59am,6,Not Applicable (Not Transported),Not Applicable (Not Transported),1,Dark - Lighted,Clear,1,0,['Driver'],['None_Used'],0,0,Valid,0.0,0.0,31.0,31.0,['Male'],1,0,5,3,2,Dry,Curve,Level,Lowest,No
12233,15,Hawaii,150027,0,2,2,0,3,WAIPAHU,April,15,Saturday,16,9,Urban,High Speed (Arterial),Yes,21.426375,-157.99558889,Non-Intersection,Daylight,Clear,4:00pm-4:59pm,11,4:00pm-4:59pm,18,4:00pm-4:59pm,45,1,Daylight,Clear,1,2,['Driver'],['None_Used'],1,1,Valid,0.0,0.0,50.0,37.0,"['Male', 'Male']",1,0,5,4,5,Dry,Straight,Grade/Hillcrest,Lowest,No
12234,15,Hawaii,150028,0,1,1,0,1,KAILUA KONA,April,4,Tuesday,14,36,Urban,Medium Speed (Collector),No,19.71978611,-156.00424167,Non-Intersection,Daylight,Clear,2:00pm-2:59pm,38,2:00pm-2:59pm,56,Not Applicable (Not Transported),Not Applicable (Not Transported),1,Daylight,Clear,1,0,['Driver'],['Shoulder_Lapbelt'],1,1,Valid,0.0,0.0,62.0,62.0,['Male'],1,0,3,4,2,Dry,Curve,Grade/Hillcrest,Lowest,No
12235,15,Hawaii,150029,0,1,1,0,1,HONOLULU,April,25,Tuesday,19,55,Urban,High Speed (Arterial),Yes,21.28259722,-157.71455278,Non-Intersection,Dark - Lighted,Clear,7:00pm-7:59pm,58,8:00pm-8:59pm,3,Not Applicable (Not Transported),Not Applicable (Not Transported),1,Dark - Lighted,Clear,1,0,['Driver'],['None_Used'],0,0,Valid,0.0,1.0,20.0,20.0,['Male'],1,0,5,4,2,Dry,Straight,Level,Lowest,Yes
12236,15,Hawaii,150030,1,1,1,0,1,HONOLULU,April,25,Tuesday,21,41,Urban,High Speed (Arterial),Yes,21.34279444,-157.93550556,Non-Intersection,Dark - Not Lighted,Clear,9:00pm-9:59pm,41,9:00pm-9:59pm,48,Not Applicable (Not Transported),Not Applicable (Not Transported),1,Dark - Unlighted,Clear,0,1,[],[],0,0,Valid,0.0,0.0,20.0,20.0,['Male'],0,0,3,3,4,Dry,Straight,Grade/Hillcrest,Lowest,No
12237,15,Hawaii,150031,1,1,1,0,1,HONOLULU,April,29,Saturday,23,47,Urban,High Speed (Arterial),Yes,21.32707778,-157.88526389,Complex/Circle,Dark - Lighted,Clear,11:00pm-11:59pm,51,0:00am-0:59am,0,Not Applicable (Not Transported),Not Applicable (Not Transported),1,Dark - Lighted,Clear,0,1,[],[],0,0,Valid,0.0,0.0,59.0,59.0,['Male'],0,0,2,3,4,Dry,Straight,Level,Lowest,No
12238,15,Hawaii,150032,0,1,1,0,1,KAPOLEI,April,30,Sunday,1,30,Urban,Medium Speed (Collector),No,21.33499167,-158.04821944,Non-Intersection,Dark - Lighted,Clear,1:00am-1:59am,34,1:00am-1:59am,40,2:00am-2:59am,13,1,Dark - Lighted,Clear,1,0,['Driver'],['None_Used'],1,1,Valid,0.0,0.0,35.0,35.0,['Male'],0,0,5,4,2,Dry,Curve,Level,Lowest,No
12239,15,Hawaii,150033,0,1,1,0,1,WAIPAHU,April,30,Sunday,8,58,Urban,High Speed (Arterial),Yes,21.37609722,-158.02736111,Non-Intersection,Daylight,Clear,9:00am-9:59am,1,9:00am-9:59am,2,9:00am-9:59am,19,1,Daylight,Clear,1,0,['Driver'],['None_Used'],0,0,Valid,0.0,0.0,26.0,26.0,['Male'],1,0,5,2,1,Dry,Curve,Level,Lowest,No
12240,15,Hawaii,150034,1,1,1,0,1,KAPA`A,March,26,Sunday,21,34,Urban,High Speed (Arterial),Yes,22.07613056,-159.31813611,Complex/Circle,Dark - Lighted,Rain,9:00pm-9:59pm,43,9:00pm-9:59pm,47,10:00pm-10:59pm,19,1,Dark - Lighted,Rain/Wind/Minor,0,1,[],[],0,0,Invalid,2.0,0.0,33.0,33.0,['Male'],0,0,3,3,4,Wet/Standing Water,Straight,Level,Lowest,No
12241,15,Hawaii,150035,1,1,1,0,3,KEA`AU,April,20,Thursday,18,55,Urban,High Speed (Arterial),Yes,19.55828056,-154.99058056,Non-Intersection,Dusk,Clear,6:00pm-6:59pm,58,7:00pm-7:59pm,4,7:00pm-7:59pm,35,1,Twilight,Clear,0,3,[],[],0,0,Valid,1.0,2.0,41.0,41.0,['Female'],0,0,3,2,4,Dry,Straight,Level,Lowest,No
12242,15,Hawaii,150036,0,2,2,0,2,WAHIAWA,May,4,Thursday,5,45,Urban,High Speed (Arterial),Yes,21.48941389,-158.03526667,Simple Junction,Dawn,Cloudy,5:00am-5:59am,48,5:00am-5:59am,55,6:00am-6:59am,10,1,Twilight,Reduced Visibility,1,1,['Driver'],['None_Used'],0,0,Valid,0.0,0.0,23.0,23.0,"['Male', 'Male']",1,0,5,4,5,Dry,Straight,Level,Lowest,No
12243,15,Hawaii,150037,1,1,1,0,1,Other,May,12,Friday,20,10,Urban,High Speed (Arterial),Yes,21.28294167,-157.71515278,Complex/Circle,Dark - Lighted,Clear,8:00pm-8:59pm,13,8:00pm-8:59pm,25,8:00pm-8:59pm,52,1,Dark - Lighted,Clear,0,1,[],[],0,0,Valid,0.0,0.0,26.0,26.0,['Male'],0,0,3,3,4,Dry,Straight,Level,Lowest,No
12244,15,Hawaii,150038,0,1,1,0,1,KAHUKU,May,14,Sunday,22,45,Urban,High Speed (Arterial),Yes,21.69329722,-158.01895833,Non-Intersection,Dark - Not Lighted,Clear,10:00pm-10:59pm,48,10:00pm-10:59pm,57,Not Applicable (Not Transported),Not Applicable (Not Transported),1,Dark - Unlighted,Clear,1,0,['Driver'],['None_Used'],0,0,Valid,0.0,0.0,24.0,24.0,['Male'],1,0,5,4,3,Dry,Curve,Level,Lowest,Yes
12245,15,Hawaii,150039,0,1,1,0,1,KAILUA KONA,March,7,Tuesday,22,19,Urban,Medium Speed (Collector),No,19.69046667,-156.02279444,Simple Junction,Dark - Unknown Lighting,Clear,10:00pm-10:59pm,20,10:00pm-10:59pm,28,Not Applicable (Not Transported),Not Applicable (Not Transported),1,Dark - Unlighted,Clear,1,0,['Driver'],['Shoulder_Lapbelt'],0,0,Valid,7.0,0.0,65.0,65.0,['Male'],0,0,2,4,3,Dry,Curve,Grade/Hillcrest,Lowest,No
12246,15,Hawaii,150040,1,1,1,0,1,VOLCANO,May,14,Sunday,20,11,Rural,High Speed (Arterial),Yes,19.488225,-155.15138056,Non-Intersection,Dark - Not Lighted,Rain,Unknown,Unknown,Unknown EMS Scene Arrival Hour,Unknown EMS Scene Arrival Minutes,Not Applicable (Not Transported),Not Applicable (Not Transported),1,Dark - Unlighted,Rain/Wind/Minor,0,1,[],[],1,1,Valid,0.0,0.0,34.0,34.0,['Male'],0,0,3,3,4,Wet/Standing Water,Straight,Grade/Hillcrest,Lowest,No
12247,15,Hawaii,150041,0,1,1,0,1,`EWA BEACH,June,4,Sunday,2,17,Urban,Medium Speed (Collector),No,21.34099167,-158.00186111,Non-Intersection,Dark - Not Lighted,Cloudy,2:00am-2:59am,25,2:00am-2:59am,36,Not Applicable (Not Transported),Not Applicable (Not Transported),1,Dark - Unlighted,Reduced Visibility,1,0,['Driver'],['None_Used'],1,1,Invalid,0.0,1.0,28.0,28.0,['Female'],1,0,2,4,2,Dry,Curve,Level,Lowest,No
12248,15,Hawaii,150042,1,1,1,0,1,Other,June,6,Tuesday,8,21,Urban,High Speed (Arterial),Yes,20.83583056,-156.64244167,Simple Junction,Daylight,Clear,8:00am-8:59am,21,8:00am-8:59am,38,Not Applicable (Not Transported),Not Applicable (Not Transported),1,Daylight,Clear,0,1,[],[],0,0,Valid,0.0,0.0,28.0,28.0,['Female'],1,0,3,3,4,Dry,Straight,Grade/Hillcrest,Lowest,No
12249,15,Hawaii,150043,0,1,1,0,1,`AIEA,June,15,Thursday,23,35,Urban,High Speed (Arterial),Yes,21.38904444,-157.94278056,Non-Intersection,Dark - Lighted,Clear,11:00pm-11:59pm,37,11:00pm-11:59pm,44,Not Applicable (Not Transported),Not Applicable (Not Transported),1,Dark - Lighted,Clear,1,0,['Driver'],['None_Used'],1,1,Valid,0.0,0.0,51.0,51.0,['Male'],1,0,3,4,3,Dry,Straight,Level,Lowest,No
12250,15,Hawaii,150044,1,1,1,0,1,Other,April,27,Thursday,19,57,Urban,Medium Speed (Collector),No,20.87672222,-156.67832778,Non-Intersection,Dark - Lighted,Clear,7:00pm-7:59pm,57,8:00pm-8:59pm,0,8:00pm-8:59pm,38,1,Dark - Lighted,Clear,0,0,[],[],0,0,Valid,0.0,0.0,30.0,30.0,['Male'],0,0,3,2,4,Dry,Straight,Non-Trafficway,Lowest,No
12251,15,Hawaii,150045,0,2,2,0,3,PA`IA,May,29,Monday,14,5,Urban,High Speed (Arterial),Yes,20.92853611,-156.36638611,Non-Intersection,Daylight,Clear,2:00pm-2:59pm,5,2:00pm-2:59pm,21,2:00pm-2:59pm,48,1,Daylight,Clear,1,2,['Driver'],['Lapbelt_Only'],0,0,Invalid,1.0,1.0,72.0,28.0,"['Male', 'Male']",0,0,3,4,5,Dry,Curve,Level,Lowest,No
12252,15,Hawaii,150046,0,1,1,0,1,KAILUA KONA,June,18,Sunday,11,43,Urban,Medium Speed (Collector),No,19.72550833,-156.03371389,Non-Intersection,Daylight,Clear,11:00am-11:59am,47,11:00am-11:59am,57,12:00pm-12:59pm,31,1,Daylight,Clear,1,0,['Driver'],['None_Used'],0,0,Valid,1.0,0.0,72.0,72.0,['Male'],0,0,5,2,3,Dry,Curve,Level,Lowest,No
12253,15,Hawaii,150047,1,1,1,0,1,KAHULUI,July,27,Thursday,11,25,Rural,Medium Speed (Collector),No,20.85461389,-156.42116389,Non-Intersection,Daylight,Clear,11:00am-11:59am,30,11:00am-11:59am,37,Not Applicable (Not Transported),Not Applicable (Not Transported),1,Daylight,Clear,0,1,[],[],0,0,Valid,0.0,0.0,61.0,61.0,['Male'],0,0,3,2,4,Dry,Straight,Grade/Hillcrest,Lowest,No
12254,15,Hawaii,150048,0,2,2,0,3,Other,August,2,Wednesday,3,8,Urban,High Speed (Arterial),Yes,20.90445278,-156.68565833,Non-Intersection,Dark - Not Lighted,Clear,3:00am-3:59am,11,3:00am-3:59am,15,Not Applicable (Not Transported),Not Applicable (Not Transported),3,Dark - Unlighted,Clear,3,0,"['Driver', 'Driver', 'Front_Passenger']","['Shoulder_Lapbelt', 'Shoulder_Lapbelt', 'None_Used']",1,1,Invalid,0.0,0.0,81.0,22.0,"['Male', 'Male']",1,0,3,4,5,Dry,Straight,Level,Lowest,No
12255,15,Hawaii,150049,1,1,1,0,2,WAIMANALO,August,2,Wednesday,13,0,Urban,High Speed (Arterial),Yes,21.32385556,-157.679,Non-Intersection,Daylight,Clear,1:00pm-1:59pm,9,1:00pm-1:59pm,15,1:00pm-1:59pm,38,1,Daylight,Clear,0,2,[],[],0,0,Valid,0.0,0.0,70.0,70.0,['Male'],0,0,2,2,4,Dry,Straight,Level,Lowest,No
12256,15,Hawaii,150050,0,4,4,0,5,`AIEA,August,3,Thursday,15,18,Urban,High Speed (Arterial),Yes,21.38873611,-157.94174444,Non-Intersection,Daylight,Clear,3:00pm-3:59pm,25,3:00pm-3:59pm,38,3:00pm-3:59pm,58,2,Daylight,Clear,2,3,"['Driver', 'Front_Passenger']","['Shoulder_Lapbelt', 'Shoulder_Lapbelt']",0,0,Valid,0.0,0.0,81.0,22.0,"['Male', 'Female', 'Male', 'Female']",2,0,3,4,5,Dry,Straight,Level,Lowest,No
12257,15,Hawaii,150051,1,2,1,1,1,`AIEA,August,7,Monday,17,30,Urban,High Speed (Arterial),Yes,21.37767222,-157.92708333,Non-Intersection,Daylight,Clear,5:00pm-5:59pm,31,5:00pm-5:59pm,36,5:00pm-5:59pm,53,1,Daylight,Clear,0,1,[],[],0,0,Valid,0.0,0.0,56.0,56.0,['Female'],1,0,2,4,5,Dry,Straight,Level,Medium,No
12258,15,Hawaii,150052,0,1,1,0,1,KAPOLEI,July,11,Tuesday,21,1,Urban,High Speed (Arterial),Yes,21.34088056,-158.07430556,Non-Intersection,Dark - Lighted,Clear,9:00pm-9:59pm,4,9:00pm-9:59pm,14,9:00pm-9:59pm,44,1,Dark - Lighted,Clear,1,0,['Driver'],['None_Used'],0,0,Valid,0.0,0.0,46.0,46.0,['Male'],1,0,5,2,2,Dry,Straight,Level,Lowest,No
12259,15,Hawaii,150053,0,1,1,0,1,NANAKULI,August,10,Thursday,0,50,Urban,High Speed (Arterial),Yes,21.38420278,-158.14834444,Non-Intersection,Dark - Lighted,Clear,0:00am-0:59am,53,1:00am-1:59am,2,1:00am-1:59am,25,1,Dark - Lighted,Clear,1,0,['Driver'],['None_Used'],1,1,Valid,0.0,1.0,34.0,34.0,['Female'],1,0,2,4,3,Dry,Straight,Level,Lowest,No
12260,15,Hawaii,150054,1,1,1,0,2,WAHIAWA,August,6,Sunday,11,8,Urban,High Speed (Arterial),Yes,21.48874722,-158.03766111,Non-Intersection,Daylight,Clear,11:00am-11:59am,9,11:00am-11:59am,24,11:00am-11:59am,46,1,Daylight,Clear,0,2,[],[],0,0,Valid,0.0,0.0,46.0,46.0,['Female'],0,0,3,1,4,Dry,Straight,Level,Lowest,No
12261,15,Hawaii,150055,1,1,1,0,1,HONOLULU,August,13,Sunday,21,10,Urban,High Speed (Arterial),Yes,21.33313611,-157.89074167,Non-Intersection,Dark - Not Lighted,Clear,9:00pm-9:59pm,15,9:00pm-9:59pm,27,Not Applicable (Not Transported),Not Applicable (Not Transported),1,Dark - Unlighted,Clear,0,0,[],[],0,0,Invalid,0.0,0.0,998.0,998.0,['Other'],1,0,3,4,4,Dry,Straight,Level,Lowest,No
12262,15,Hawaii,150056,0,1,1,0,1,MAKAKILO CITY,August,15,Tuesday,21,29,Urban,Medium Speed (Collector),No,21.35110278,-158.08836389,Non-Intersection,Dark - Lighted,Clear,9:00pm-9:59pm,30,9:00pm-9:59pm,38,Not Applicable (Not Transported),Not Applicable (Not Transported),1,Dark - Lighted,Clear,1,0,['Driver'],['Shoulder_Lapbelt'],0,0,Invalid,0.0,1.0,24.0,24.0,['Male'],1,0,3,4,3,Dry,Straight,Grade/Hillcrest,Lowest,No
12263,15,Hawaii,150057,0,2,2,0,3,WAHIAWA,August,21,Monday,17,0,Urban,Medium Speed (Collector),No,21.521675,-158.07218333,Non-Intersection,Daylight,Clear,5:00pm-5:59pm,2,5:00pm-5:59pm,7,5:00pm-5:59pm,35,1,Daylight,Clear,1,2,['Driver'],['None_Used'],0,0,Valid,0.0,2.0,21.0,20.0,"['Male', 'Male']",1,0,5,4,5,Dry,Curve,Grade/Hillcrest,Lowest,No
12264,15,Hawaii,150058,0,1,1,0,1,WAIPI`O ACRES,August,22,Tuesday,20,0,Rural,Low Speed (Local),No,21.42690556,-158.00126389,Non-Intersection,Dark - Lighted,Clear,8:00pm-8:59pm,3,8:00pm-8:59pm,18,Not Applicable (Not Transported),Not Applicable (Not Transported),1,Dark - Lighted,Clear,1,0,['Driver'],['Shoulder_Lapbelt'],0,0,Valid,0.0,0.0,71.0,71.0,['Male'],1,0,3,4,2,Dry,Straight,Level,Lowest,No
12265,15,Hawaii,150059,0,1,1,0,2,Other,August,13,Sunday,20,8,Rural,High Speed (Arterial),Yes,19.11846111,-155.83415,Non-Intersection,Dark - Not Lighted,Cloudy,8:00pm-8:59pm,10,8:00pm-8:59pm,50,Not Applicable (Not Transported),Not Applicable (Not Transported),1,Dark - Unlighted,Reduced Visibility,1,1,['Driver'],['None_Used'],1,1,Invalid,0.0,0.0,30.0,30.0,['Male'],2,0,2,4,3,Wet/Standing Water,Straight,Level,Lowest,No
12266,15,Hawaii,150060,0,3,3,0,3,HONOLULU,September,7,Thursday,16,25,Urban,Medium Speed (Collector),No,21.29947222,-157.85310833,Non-Intersection,Daylight,Clear,4:00pm-4:59pm,32,4:00pm-4:59pm,33,4:00pm-4:59pm,50,1,Daylight,Clear,1,2,['Driver'],['None_Used'],0,0,Valid,0.0,1.0,65.0,25.0,"['Male', 'Male', 'Male']",1,0,5,4,5,Dry,Straight,Level,Lowest,No
12267,15,Hawaii,150061,0,2,2,0,3,KILAUEA,August,12,Saturday,19,31,Rural,High Speed (Arterial),Yes,22.202825,-159.37546667,Simple Junction,Dark - Not Lighted,Clear,7:00pm-7:59pm,34,7:00pm-7:59pm,49,Not Applicable (Not Transported),Not Applicable (Not Transported),1,Dark - Unlighted,Clear,1,2,['Driver'],['None_Used'],0,0,Invalid,0.0,1.0,60.0,30.0,"['Male', 'Male']",0,0,5,4,5,Dry,Straight,Level,Lowest,Yes
12268,15,Hawaii,150062,0,1,1,0,1,`EWA BEACH,September,13,Wednesday,22,42,Urban,Medium Speed (Collector),No,21.37624167,-158.02591389,Non-Intersection,Dark - Lighted,Clear,10:00pm-10:59pm,45,10:00pm-10:59pm,48,10:00pm-10:59pm,57,1,Dark - Lighted,Clear,1,0,['Driver'],['None_Used'],1,1,Valid,0.0,1.0,41.0,41.0,['Male'],1,0,5,3,3,Dry,Curve,Grade/Hillcrest,Lowest,No
12269,15,Hawaii,150063,0,1,1,0,1,WAIPI`O ACRES,September,11,Monday,2,31,Urban,Medium Speed (Collector),No,21.39901667,-158.00984444,Non-Intersection,Dark - Lighted,Clear,2:00am-2:59am,31,2:00am-2:59am,39,3:00am-3:59am,14,1,Dark - Lighted,Clear,1,0,['Driver'],['None_Used'],1,1,Invalid,0.0,0.0,18.0,18.0,['Male'],1,0,2,4,3,Wet/Standing Water,Curve,Grade/Hillcrest,Lowest,No
12270,15,Hawaii,150064,0,1,1,0,1,HILO,September,2,Saturday,0,36,Urban,Medium Speed (Collector),No,19.69583889,-155.06838611,Non-Intersection,Dark - Not Lighted,Clear,0:00am-0:59am,37,0:00am-0:59am,43,Unknown,Unknown EMS Hospital Arrival Time,1,Dark - Unlighted,Clear,1,0,['Driver'],['None_Used'],1,1,Valid,1.0,0.0,45.0,45.0,['Male'],0,0,5,4,3,Dry,Curve,Level,Lowest,No
12271,15,Hawaii,150065,1,1,1,0,1,KAHULUI,September,22,Friday,19,41,Urban,High Speed (Arterial),Yes,20.88405,-156.42758611,Non-Intersection,Dark - Not Lighted,Rain,7:00pm-7:59pm,42,7:00pm-7:59pm,49,Not Applicable (Not Transported),Not Applicable (Not Transported),1,Dark - Unlighted,Rain/Wind/Minor,0,1,[],[],0,0,Valid,0.0,0.0,71.0,71.0,['Male'],1,0,2,3,4,Wet/Standing Water,Straight,Level,Lowest,No
12272,15,Hawaii,150066,0,2,2,0,4,WAIPAHU,September,20,Wednesday,19,35,Urban,High Speed (Arterial),Yes,21.39832778,-158.00629444,Non-Intersection,Dark - Lighted,Clear,7:00pm-7:59pm,35,7:00pm-7:59pm,39,8:00pm-8:59pm,6,1,Dark - Lighted,Clear,1,3,['Driver'],['None_Used'],0,0,Valid,0.0,0.0,69.0,24.0,"['Male', 'Male']",1,0,5,4,5,Dry,Straight,Level,Lowest,No
12273,15,Hawaii,150067,0,1,1,0,1,KIHEI,September,19,Tuesday,2,48,Urban,High Speed (Arterial),Yes,20.79650833,-156.48599444,Non-Intersection,Dark - Not Lighted,Clear,2:00am-2:59am,51,2:00am-2:59am,57,3:00am-3:59am,25,1,Dark - Unlighted,Clear,1,0,['Driver'],['None_Used'],1,1,Invalid,0.0,0.0,39.0,39.0,['Female'],1,0,2,4,3,Dry,Curve,Level,Lowest,No
12274,15,Hawaii,150068,0,1,1,0,1,WAILUKU HAWAIIAN HOME LAND (HISTORICAL),October,3,Tuesday,1,19,Urban,Medium Speed (Collector),No,20.871175,-156.51041389,Non-Intersection,Dark - Not Lighted,Clear,1:00am-1:59am,22,1:00am-1:59am,28,Not Applicable (Not Transported),Not Applicable (Not Transported),1,Dark - Unlighted,Clear,1,0,['Driver'],['None_Used'],0,0,Invalid,0.0,0.0,31.0,31.0,['Male'],0,0,5,2,3,Wet/Standing Water,Curve,Grade/Hillcrest,Lowest,No
12275,15,Hawaii,150069,1,1,1,0,1,LIHU`E,September,27,Wednesday,4,47,Urban,High Speed (Arterial),Yes,21.98824167,-159.34672778,Non-Intersection,Dark - Not Lighted,Cloudy,4:00am-4:59am,49,4:00am-4:59am,55,Not Applicable (Not Transported),Not Applicable (Not Transported),1,Dark - Unlighted,Reduced Visibility,0,1,[],[],1,1,Valid,0.0,1.0,34.0,34.0,['Female'],0,0,1,3,4,Dry,Straight,Level,Lowest,No
12276,15,Hawaii,150070,0,1,1,0,2,KAHULUI,October,7,Saturday,0,4,Urban,Medium Speed (Collector),No,20.87693889,-156.45426389,Non-Intersection,Dark - Lighted,Clear,0:00am-0:59am,5,0:00am-0:59am,14,0:00am-0:59am,34,1,Dark - Lighted,Clear,1,1,['Driver'],['None_Used'],1,1,Valid,0.0,0.0,25.0,25.0,['Male'],2,0,5,4,3,Dry,Curve,Level,Lowest,No
12277,15,Hawaii,150071,0,1,1,0,1,HONOLULU,October,11,Wednesday,22,9,Urban,High Speed (Arterial),Yes,21.33490556,-157.91899722,Non-Intersection,Dark - Lighted,Clear,10:00pm-10:59pm,23,10:00pm-10:59pm,27,Not Applicable (Not Transported),Not Applicable (Not Transported),1,Dark - Lighted,Clear,1,0,['Driver'],['Shoulder_Lapbelt'],0,0,Valid,0.0,0.0,57.0,57.0,['Female'],1,0,2,4,2,Dry,Curve,Grade/Hillcrest,Lowest,No
12278,15,Hawaii,150072,0,1,1,0,1,HILO,September,29,Friday,19,15,Urban,Medium Speed (Collector),No,19.70725556,-155.061125,Non-Intersection,Dark - Unknown Lighting,Cloudy,7:00pm-7:59pm,16,7:00pm-7:59pm,25,Not Applicable (Not Transported),Not Applicable (Not Transported),1,Dark - Unlighted,Reduced Visibility,1,0,['Driver'],['Shoulder_Lapbelt'],0,0,Invalid,1.0,1.0,59.0,59.0,['Male'],1,0,3,4,2,Dry,Straight,Level,Lowest,No
12279,15,Hawaii,150073,1,1,1,0,1,HILO,October,3,Tuesday,9,51,Urban,Medium Speed (Collector),No,19.70891667,-155.13425833,Non-Intersection,Daylight,Clear,9:00am-9:59am,52,9:00am-9:59am,57,Not Applicable (Not Transported),Not Applicable (Not Transported),1,Daylight,Clear,0,1,[],[],0,0,Valid,0.0,0.0,70.0,70.0,['Male'],0,0,3,1,4,Dry,Straight,Grade/Hillcrest,Lowest,No
12280,15,Hawaii,150074,0,1,1,0,2,KAPOLEI,October,19,Thursday,19,12,Urban,High Speed (Arterial),Yes,21.34592222,-158.12193056,Non-Intersection,Dark - Lighted,Clear,7:00pm-7:59pm,13,7:00pm-7:59pm,29,7:00pm-7:59pm,59,1,Dark - Lighted,Clear,1,1,['Driver'],['Shoulder_Lapbelt'],1,1,Invalid,0.0,0.0,25.0,25.0,['Female'],2,0,3,4,3,Dry,Curve,Grade/Hillcrest,Lowest,No
12281,15,Hawaii,150075,0,2,2,0,3,HONOLULU,October,4,Wednesday,22,50,Urban,Medium Speed (Collector),No,21.33546944,-157.86897222,Non-Intersection,Dark - Lighted,Clear,11:00pm-11:59pm,1,11:00pm-11:59pm,3,11:00pm-11:59pm,17,1,Dark - Lighted,Clear,1,2,['Rear_Seat'],['Shoulder_Lapbelt'],0,0,Invalid,1.0,4.0,49.0,32.0,"['Male', 'Male']",1,0,3,4,5,Dry,Straight,Level,Lowest,No
12282,15,Hawaii,150076,1,1,1,0,1,HONOLULU,October,27,Friday,5,35,Urban,Medium Speed (Collector),No,21.32153889,-157.855475,Non-Intersection,Dawn,Clear,5:00am-5:59am,35,5:00am-5:59am,38,6:00am-6:59am,7,1,Twilight,Clear,0,1,[],[],0,0,Valid,0.0,0.0,57.0,57.0,['Male'],0,0,1,1,4,Dry,Straight,Level,Lowest,No
12283,15,Hawaii,150077,1,1,1,0,1,HONOLULU,October,30,Monday,6,18,Urban,High Speed (Arterial),Yes,21.28929722,-157.84222222,Non-Intersection,Dawn,Clear,6:00am-6:59am,21,6:00am-6:59am,23,Not Applicable (Not Transported),Not Applicable (Not Transported),1,Twilight,Clear,0,1,[],[],0,0,Valid,0.0,0.0,60.0,60.0,['Female'],0,0,2,2,4,Dry,Straight,Level,Lowest,No
12284,15,Hawaii,150078,0,2,2,0,3,NANAKULI,October,24,Tuesday,19,26,Urban,High Speed (Arterial),Yes,21.35715556,-158.13018333,Non-Intersection,Dark - Lighted,Clear,7:00pm-7:59pm,26,7:00pm-7:59pm,36,8:00pm-8:59pm,14,1,Dark - Lighted,Clear,1,2,['Driver'],['None_Used'],0,0,Invalid,0.0,0.0,58.0,41.0,"['Female', 'Male']",0,0,5,4,5,Dry,Straight,Level,Lowest,Yes
12285,15,Hawaii,150080,1,1,1,0,1,WAHIAWA,November,4,Saturday,16,45,Urban,Medium Speed (Collector),No,21.50058333,-158.02336111,Simple Junction,Daylight,Clear,4:00pm-4:59pm,47,4:00pm-4:59pm,58,5:00pm-5:59pm,34,1,Daylight,Clear,0,1,[],[],0,0,Valid,0.0,0.0,72.0,72.0,['Female'],0,0,3,2,4,Dry,Straight,Level,Lowest,No
12286,15,Hawaii,150081,1,1,1,0,1,HONOLULU,November,13,Monday,7,10,Urban,Medium Speed (Collector),No,21.32515278,-157.86191944,Complex/Circle,Daylight,Clear,7:00am-7:59am,17,7:00am-7:59am,23,7:00am-7:59am,40,1,Daylight,Clear,0,1,[],[],0,0,Valid,0.0,0.0,51.0,51.0,['Male'],0,0,3,1,4,Dry,Straight,Level,Lowest,No
12287,15,Hawaii,150082,0,1,1,0,1,KAHALU`U,November,15,Wednesday,1,41,Urban,High Speed (Arterial),Yes,21.47124167,-157.84481944,Non-Intersection,Dark - Lighted,Clear,1:00am-1:59am,58,2:00am-2:59am,7,Not Applicable (Not Transported),Not Applicable (Not Transported),1,Dark - Lighted,Clear,1,0,['Driver'],['None_Used'],1,1,Valid,0.0,0.0,20.0,20.0,['Male'],1,0,3,4,3,Dry,Straight,Grade/Hillcrest,Lowest,No
12288,15,Hawaii,150083,0,1,1,0,1,CAPTAIN COOK,November,12,Sunday,2,5,Rural,High Speed (Arterial),Yes,19.46868889,-155.88771667,Non-Intersection,Dark - Not Lighted,Clear,2:00am-2:59am,12,2:00am-2:59am,24,Not Applicable (Not Transported),Not Applicable (Not Transported),1,Dark - Unlighted,Clear,1,0,['Driver'],['None_Used'],1,1,Invalid,0.0,0.0,33.0,33.0,['Female'],1,0,3,4,3,Dry,Straight,Level,Lowest,No