,State_Code,State_Name,Crash_ID,Count_Non_Motorists,Count_Vehicles_Total,Count_Vehicle_Forms,Count_PVH_Involved,Count_Occupants_MV,City_Name,Month_Name,Day_of_Month,Day_of_Week,Crash_Hour,Crash_Minute,Area_Rural_Urban,Road_Functional_Class,On_NHS_Road,Latitude,Longitude,Intersection_Type,Light_Condition,Weather_Condition,Notif_Hour,Notif_Minute,Arrival_Hour,Arrival_Minute,Hospital_Hour,Hospital_Minute,Fatalities_Count,Clean_Light_Condition,Clean_Weather_Condition,Total_Killed,Total_Alive,Fatal_Seats_List,Killed_Restraint_List,Any_Driver_Drinking,Total_Drinking_Drivers,Driver_License_Category,Driver_Max_Prev_Accident_Count,Driver_Max_Prev_Speeding_Count,Max_Driver_Age,Min_Driver_Age,Driver_Sex_List,Total_Exceeding_Limit_Vehicles,Total_Too_Fast_Vehicles,Max_Vehicle_Type_Severity_5,Max_Vehicle_Damage_Rank,Max_Harmful_Event_Severity,Crash_Road_Surface_Condition,Crash_Horizontal_Alignment,Crash_Vertical_Profile,Crash_Impairment_Category,Crash_Vehicle_Defect
12289,15,Hawaii,150084,0,3,3,0,3,HONOLULU,November,21,Tuesday,21,52,Urban,High Speed (Arterial),Yes,21.32429722,-157.88206667,Complex/Circle,Dark - Lighted,Clear,9:00pm-9:59pm,54,10:00pm-10:59pm,0,10:00pm-10:59pm,17,1,Dark - Lighted,Clear,1,2,['Driver'],['None_Used'],0,0,Invalid,1.0,1.0,68.0,28.0,"['Male', 'Female', 'Male']",1,0,5,4,5,Dry,Straight,Level,Lowest,No
12290,15,Hawaii,150085,0,3,3,0,5,HONOLULU,December,2,Saturday,23,18,Urban,High Speed (Arterial),Yes,21.30660833,-157.85033333,Non-Intersection,Dark - Lighted,Clear,11:00pm-11:59pm,21,11:00pm-11:59pm,26,Not Applicable (Not Transported),Not Applicable (Not Transported),1,Dark - Lighted,Clear,1,4,['Driver'],['None_Used'],1,1,Valid,1.0,1.0,29.0,22.0,"['Male', 'Male', 'Male']",1,0,5,4,5,Dry,Straight,Level,Lowest,No
12291,15,Hawaii,150086,0,2,2,0,3,HONOLULU,December,3,Sunday,17,43,Urban,High Speed (Arterial),Yes,21.27482778,-157.69934444,Simple Junction,Dusk,Clear,5:00pm-5:59pm,44,5:00pm-5:59pm,54,6:00pm-6:59pm,24,1,Twilight,Clear,1,2,['Driver'],['None_Used'],0,0,Valid,0.0,0.0,29.0,27.0,"['Female', 'Male']",0,0,5,4,5,Dry,Straight,Grade/Hillcrest,Lowest,No
12292,15,Hawaii,150087,1,1,1,0,1,MAKAHA,December,4,Monday,14,17,Urban,Medium Speed (Collector),No,21.46561944,-158.21473611,Non-Intersection,Daylight,Clear,2:00pm-2:59pm,20,2:00pm-2:59pm,31,3:00pm-3:59pm,26,1,Daylight,Clear,0,1,[],[],0,0,Valid,0.0,0.0,59.0,59.0,['Female'],0,0,3,2,4,Dry,Straight,Level,Lowest,No
12293,15,Hawaii,150088,0,1,1,0,1,KAHULUI,December,8,Friday,3,54,Urban,High Speed (Arterial),Yes,20.86706111,-156.38073056,Non-Intersection,Dark - Not Lighted,Clear,3:00am-3:59am,54,4:00am-4:59am,9,Not Applicable (Not Transported),Not Applicable (Not Transported),1,Dark - Unlighted,Clear,1,0,['Driver'],['None_Used'],1,1,Valid,0.0,2.0,31.0,31.0,['Male'],0,0,3,4,2,Dry,Straight,Grade/Hillcrest,Lowest,No
12294,15,Hawaii,150090,0,1,1,0,1,KANE`OHE,December,31,Sunday,21,33,Urban,High Speed (Arterial),Yes,21.44130278,-157.83216944,Non-Intersection,Dark - Lighted,Clear,9:00pm-9:59pm,37,9:00pm-9:59pm,56,Not Applicable (Not Transported),Not Applicable (Not Transported),1,Dark - Lighted,Clear,1,0,['Driver'],['Shoulder_Lapbelt'],0,0,Valid,0.0,0.0,59.0,59.0,['Male'],1,0,3,4,3,Dry,Straight,Level,Lowest,No
12295,15,Hawaii,150091,0,3,3,0,3,KANE`OHE,July,24,Monday,15,25,Urban,High Speed (Arterial),Yes,21.37712222,-157.78314444,Non-Intersection,Daylight,Not Reported,Unknown,Unknown,Unknown EMS Scene Arrival Hour,Unknown EMS Scene Arrival Minutes,Unknown,Unknown EMS Hospital Arrival Time,1,Daylight,Clear,1,2,['Driver'],['Shoulder_Lapbelt'],0,0,Valid,0.0,0.0,998.0,91.0,"['Male', 'Female', 'Female']",0,0,3,0,5,Dry,Straight,Level,Lowest,No
12296,15,Hawaii,150094,1,1,1,0,1,KIHEI,July,23,Sunday,1,1,Urban,Medium Speed (Collector),No,20.76882778,-156.45881389,Non-Intersection,Dark - Not Lighted,Clear,1:00am-1:59am,1,1:00am-1:59am,8,1:00am-1:59am,35,1,Dark - Unlighted,Clear,0,0,[],[],0,0,Invalid,0.0,0.0,998.0,998.0,['Other'],0,0,1,2,4,Dry,Straight,Level,Lowest,Yes
12297,16,Idaho,160001,0,1,1,0,1,NOT APPLICABLE,January,9,Monday,9,51,Rural,High Speed (Arterial),Yes,42.63936389,-114.43899444,Non-Intersection,Daylight,Cloudy,9:00am-9:59am,54,10:00am-10:59am,9,Not Applicable (Not Transported),Not Applicable (Not Transported),1,Daylight,Reduced Visibility,1,0,['Driver'],['Shoulder_Lapbelt'],0,0,Valid,0.0,1.0,43.0,43.0,['Male'],1,0,4,4,3,Icy/Snowy,Straight,Grade/Hillcrest,Lowest,No
12298,16,Idaho,160003,1,1,1,0,1,NOT APPLICABLE,January,3,Tuesday,6,36,Rural,High Speed (Arterial),Yes,43.43612778,-116.06263333,Non-Intersection,Dawn,Clear,7:00am-7:59am,13,7:00am-7:59am,31,Not Applicable (Not Transported),Not Applicable (Not Transported),1,Twilight,Clear,0,1,[],[],0,0,Valid,0.0,0.0,51.0,51.0,['Male'],0,0,3,4,4,Dry,Straight,Level,Lowest,No
12299,16,Idaho,160004,0,2,2,0,3,NOT APPLICABLE,January,5,Thursday,12,39,Rural,High Speed (Arterial),Yes,46.47150278,-116.77386667,Non-Intersection,Daylight,Cloudy,12:00pm-12:59pm,40,12:00pm-12:59pm,53,Unknown,Unknown EMS Hospital Arrival Time,1,Daylight,Reduced Visibility,1,2,['Driver'],['None_Used'],1,1,Valid,1.0,0.0,73.0,27.0,"['Male', 'Male']",0,0,1,4,5,Dry,Curve,Level,Lowest,No
12300,16,Idaho,160005,0,1,1,0,2,NOT APPLICABLE,January,2,Monday,7,47,Urban,High Speed (Arterial),Yes,43.69468056,-116.70973889,Non-Intersection,Dawn,Clear,7:00am-7:59am,48,7:00am-7:59am,58,Unknown,Unknown EMS Hospital Arrival Time,1,Twilight,Clear,1,1,['Driver'],['Shoulder_Lapbelt'],0,0,Valid,0.0,0.0,38.0,38.0,['Male'],2,0,3,4,3,Icy/Snowy,Straight,Level,Lowest,No
12301,16,Idaho,160006,0,2,2,0,2,NOT APPLICABLE,January,24,Tuesday,6,25,Rural,High Speed (Arterial),Yes,42.79618889,-112.34989167,Non-Intersection,Dark - Not Lighted,Cloudy,6:00am-6:59am,36,6:00am-6:59am,48,Not Applicable (Not Transported),Not Applicable (Not Transported),1,Dark - Unlighted,Reduced Visibility,1,1,['Driver'],['Shoulder_Lapbelt'],0,0,Valid,0.0,0.0,71.0,66.0,"['Male', 'Male']",1,0,4,4,5,Icy/Snowy,Curve,Grade/Hillcrest,Lowest,No
12302,16,Idaho,160007,0,3,3,0,5,NOT APPLICABLE,January,27,Friday,6,57,Rural,Medium Speed (Collector),No,43.82493611,-111.20206111,Non-Intersection,Dark - Not Lighted,Blowing Snow,7:00am-7:59am,3,7:00am-7:59am,14,Unknown,Unknown EMS Hospital Arrival Time,1,Dark - Unlighted,Snow/Ice/Severe,1,4,['Driver'],['Shoulder_Lapbelt'],0,0,Valid,0.0,0.0,56.0,32.0,"['Male', 'Male', 'Male']",0,0,3,4,5,Icy/Snowy,Straight,Level,Lowest,No
12303,16,Idaho,160008,0,2,2,0,2,NOT APPLICABLE,January,21,Saturday,8,59,Rural,Medium Speed (Collector),Yes,43.41055556,-112.1009,Non-Intersection,Daylight,Cloudy,8:00am-8:59am,59,9:00am-9:59am,7,Not Applicable (Not Transported),Not Applicable (Not Transported),1,Daylight,Reduced Visibility,1,1,['Driver'],['None_Used'],1,1,Valid,2.0,0.0,78.0,59.0,"['Male', 'Female']",0,0,3,4,5,Dry,Straight,Level,Lowest,No
12304,16,Idaho,160009,0,1,1,0,1,NOT APPLICABLE,February,4,Saturday,13,15,Rural,Low Speed (Local),No,42.74143611,-114.83853333,Non-Intersection,Daylight,Clear,1:00pm-1:59pm,24,2:00pm-2:59pm,24,Not Applicable (Not Transported),Not Applicable (Not Transported),1,Daylight,Clear,1,0,['Driver'],['Shoulder_Lapbelt'],0,0,Valid,0.0,0.0,73.0,73.0,['Male'],0,0,3,4,2,Dry,Curve,Grade/Hillcrest,Lowest,No
12305,16,Idaho,160010,0,1,1,0,1,NOT APPLICABLE,March,1,Wednesday,11,8,Rural,Medium Speed (Collector),No,43.65061667,-116.59308611,Non-Intersection,Daylight,Clear,11:00am-11:59am,11,11:00am-11:59am,15,Not Applicable (Not Transported),Not Applicable (Not Transported),1,Daylight,Clear,1,0,['Driver'],['None_Used'],0,0,Valid,0.0,0.0,72.0,72.0,['Female'],0,0,3,4,3,Icy/Snowy,Straight,Level,Lowest,No
12306,16,Idaho,160011,0,1,1,0,4,NOT APPLICABLE,February,17,Friday,13,38,Rural,High Speed (Arterial),Yes,42.58865,-113.32648889,Non-Intersection,Daylight,Clear,1:00pm-1:59pm,38,2:00pm-2:59pm,2,Unknown,Unknown EMS Hospital Arrival Time,2,Daylight,Clear,2,2,"['Driver', 'Rear_Seat']","['Shoulder_Lapbelt', 'Shoulder_Lapbelt']",0,0,Valid,0.0,0.0,47.0,47.0,['Female'],0,0,3,4,3,Dry,Straight,Level,Lowest,No
12307,16,Idaho,160012,0,3,3,0,4,POCATELLO,February,17,Friday,23,30,Urban,High Speed (Arterial),Yes,42.88924722,-112.43185556,Non-Intersection,Dark - Not Lighted,Clear,11:00pm-11:59pm,30,11:00pm-11:59pm,35,Unknown,Unknown EMS Hospital Arrival Time,1,Dark - Unlighted,Clear,1,3,['Driver'],['None_Used'],1,1,Invalid,0.0,0.0,56.0,17.0,"['Male', 'Male', 'Male']",0,0,3,4,5,Dry,Straight,Grade/Hillcrest,Lowest,No
12308,16,Idaho,160013,0,3,3,0,3,NOT APPLICABLE,February,24,Friday,19,10,Rural,Medium Speed (Collector),Yes,42.53238333,-113.83240278,Non-Intersection,Dark - Not Lighted,Clear,7:00pm-7:59pm,20,7:00pm-7:59pm,44,Unknown,Unknown EMS Hospital Arrival Time,1,Dark - Unlighted,Clear,1,2,['Driver'],['None_Used'],1,1,Invalid,0.0,2.0,46.0,17.0,"['Male', 'Male', 'Female']",0,0,2,4,5,Dry,Straight,Level,Lowest,No
12309,16,Idaho,160014,0,2,2,0,3,BANKS,February,14,Tuesday,16,5,Rural,High Speed (Arterial),No,44.08469722,-116.11449444,Complex/Circle,Dusk,Clear,4:00pm-4:59pm,13,4:00pm-4:59pm,21,Unknown,Unknown EMS Hospital Arrival Time,1,Twilight,Clear,1,2,['Front_Passenger'],['Shoulder_Lapbelt'],0,0,Valid,0.0,0.0,72.0,23.0,"['Female', 'Female']",0,0,3,4,5,Dry,Straight,Level,Lowest,No
12310,16,Idaho,160015,0,1,1,0,1,NAMPA,February,19,Sunday,0,18,Rural,High Speed (Arterial),Yes,43.66303056,-116.52853611,Non-Intersection,Dark - Not Lighted,Clear,0:00am-0:59am,15,0:00am-0:59am,26,Not Applicable (Not Transported),Not Applicable (Not Transported),1,Dark - Unlighted,Clear,1,0,['Driver'],['None_Used'],1,1,Valid,0.0,1.0,33.0,33.0,['Male'],1,0,3,4,3,Dry,Straight,Level,Lowest,No
12311,16,Idaho,160016,0,1,1,0,1,NOT APPLICABLE,February,22,Wednesday,4,51,Rural,Medium Speed (Collector),No,47.60984444,-116.69294444,Non-Intersection,Dark - Not Lighted,Cloudy,4:00am-4:59am,51,4:00am-4:59am,51,Not Applicable (Not Transported),Not Applicable (Not Transported),1,Dark - Unlighted,Reduced Visibility,1,0,['Driver'],['Shoulder_Lapbelt'],1,1,Valid,0.0,0.0,33.0,33.0,['Male'],0,0,2,4,3,Icy/Snowy,Curve,Grade/Hillcrest,Lowest,No
12312,16,Idaho,160017,0,1,1,0,1,NOT APPLICABLE,March,4,Saturday,16,35,Rural,Low Speed (Local),No,42.67628611,-113.58929167,Non-Intersection,Daylight,Cloudy,4:00pm-4:59pm,36,4:00pm-4:59pm,42,Not Applicable (Not Transported),Not Applicable (Not Transported),1,Daylight,Reduced Visibility,1,0,['Driver'],['None_Used'],1,1,Valid,0.0,0.0,36.0,36.0,['Female'],0,0,3,4,4,Wet/Standing Water,Straight,Level,Lowest,No
12313,16,Idaho,160018,0,1,1,0,1,NOT APPLICABLE,February,9,Thursday,20,57,Rural,Medium Speed (Collector),No,43.39874722,-111.99124444,Non-Intersection,Dark - Not Lighted,Cloudy,8:00pm-8:59pm,58,9:00pm-9:59pm,6,Unknown,Unknown EMS Hospital Arrival Time,1,Dark - Unlighted,Reduced Visibility,1,0,['Driver'],['None_Used'],1,1,Valid,0.0,0.0,33.0,33.0,['Male'],1,0,3,4,3,Icy/Snowy,Curve,Level,Lowest,No
12314,16,Idaho,160019,0,2,2,0,2,NOT APPLICABLE,March,1,Wednesday,17,54,Rural,High Speed (Arterial),No,47.76977778,-116.97021111,Non-Intersection,Dark - Not Lighted,Cloudy,5:00pm-5:59pm,53,6:00pm-6:59pm,3,Not Applicable (Not Transported),Not Applicable (Not Transported),2,Dark - Unlighted,Reduced Visibility,2,0,"['Driver', 'Driver']","['Shoulder_Lapbelt', 'Shoulder_Lapbelt']",0,0,Valid,0.0,1.0,58.0,26.0,"['Male', 'Female']",0,0,3,4,5,Dry,Straight,Level,Lowest,No
12315,16,Idaho,160020,0,2,2,0,7,SUGAR CITY,March,10,Friday,14,42,Rural,High Speed (Arterial),Yes,43.88364167,-111.73795278,Complex/Circle,Daylight,Clear,2:00pm-2:59pm,42,3:00pm-3:59pm,0,Unknown,Unknown EMS Hospital Arrival Time,1,Daylight,Clear,1,6,['Front_Passenger'],['None_Used'],0,0,Valid,0.0,0.0,71.0,25.0,"['Female', 'Male']",0,0,3,4,5,Wet/Standing Water,Straight,Level,Lowest,No
12316,16,Idaho,160021,0,2,2,0,2,NOT APPLICABLE,February,23,Thursday,14,42,Rural,High Speed (Arterial),Yes,44.04958333,-111.47801111,Simple Junction,Daylight,Clear,2:00pm-2:59pm,42,2:00pm-2:59pm,59,Unknown,Unknown EMS Hospital Arrival Time,1,Daylight,Clear,1,1,['Driver'],['None_Used'],0,0,Valid,0.0,1.0,75.0,72.0,"['Female', 'Female']",0,0,3,3,5,Dry,Straight,Level,Lowest,No
12317,16,Idaho,160022,0,2,2,0,3,NOT APPLICABLE,March,24,Friday,4,29,Rural,High Speed (Arterial),Yes,46.33630278,-116.60551944,Non-Intersection,Dark - Not Lighted,Snow,4:00am-4:59am,30,5:00am-5:59am,1,Unknown,Unknown EMS Hospital Arrival Time,1,Dark - Unlighted,Snow/Ice/Severe,1,2,['Driver'],['Shoulder_Lapbelt'],0,0,Valid,0.0,0.0,75.0,49.0,"['Female', 'Male']",0,0,3,4,5,Icy/Snowy,Straight,Level,Lowest,No
12318,16,Idaho,160023,0,2,2,0,2,NOT APPLICABLE,March,16,Thursday,10,11,Urban,Medium Speed (Collector),No,43.62662778,-111.92380278,Complex/Circle,Daylight,Clear,10:00am-10:59am,8,10:00am-10:59am,15,Unknown,Unknown EMS Hospital Arrival Time,1,Daylight,Clear,1,1,['Driver'],['None_Used'],0,0,Valid,0.0,0.0,51.0,46.0,"['Female', 'Female']",0,0,3,4,5,Dry,Straight,Level,Lowest,No
12319,16,Idaho,160024,0,1,1,0,1,NOT APPLICABLE,January,17,Tuesday,13,23,Rural,Medium Speed (Collector),No,43.45879444,-116.35448889,Non-Intersection,Daylight,Clear,1:00pm-1:59pm,24,1:00pm-1:59pm,31,Not Applicable (Not Transported),Not Applicable (Not Transported),1,Daylight,Clear,1,0,['Driver'],['Shoulder_Lapbelt'],1,1,Valid,0.0,0.0,67.0,67.0,['Male'],0,0,3,4,4,Dry,Straight,Level,Lowest,No
12320,16,Idaho,160025,0,2,2,0,2,NOT APPLICABLE,March,12,Sunday,15,49,Rural,High Speed (Arterial),Yes,43.28500278,-116.98843333,Non-Intersection,Daylight,Rain,3:00pm-3:59pm,55,4:00pm-4:59pm,0,Unknown,Unknown EMS Hospital Arrival Time,1,Daylight,Rain/Wind/Minor,1,1,['Driver'],['Shoulder_Lapbelt'],0,0,Valid,1.0,0.0,80.0,53.0,"['Male', 'Male']",0,0,4,4,5,Wet/Standing Water,Straight,Level,Lowest,No
12321,16,Idaho,160027,0,2,2,0,3,NOT APPLICABLE,March,22,Wednesday,9,37,Rural,Medium Speed (Collector),Yes,42.59349444,-114.729525,Non-Intersection,Daylight,Cloudy,9:00am-9:59am,39,9:00am-9:59am,46,Not Applicable (Not Transported),Not Applicable (Not Transported),1,Daylight,Reduced Visibility,1,2,['Driver'],['None_Used'],0,0,Invalid,0.0,1.0,48.0,27.0,"['Male', 'Male']",0,0,4,4,5,Dry,Straight,Level,Lowest,No
12322,16,Idaho,160028,0,2,2,0,4,BLACKFOOT,March,26,Sunday,16,54,Urban,High Speed (Arterial),Yes,43.216525,-112.34838056,Non-Intersection,Daylight,Clear,4:00pm-4:59pm,56,5:00pm-5:59pm,0,Unknown,Unknown EMS Hospital Arrival Time,2,Daylight,Clear,2,2,"['Front_Passenger', 'Front_Passenger']","['None_Used', 'Shoulder_Lapbelt']",1,1,Valid,0.0,0.0,41.0,19.0,"['Male', 'Female']",0,0,3,4,5,Dry,Straight,Level,Lowest,No
12323,16,Idaho,160029,1,1,1,0,1,BOISE,January,23,Monday,12,15,Urban,Medium Speed (Collector),No,43.62042778,-116.20396389,Complex/Circle,Daylight,Clear,12:00pm-12:59pm,15,12:00pm-12:59pm,18,Unknown,Unknown EMS Hospital Arrival Time,1,Daylight,Clear,0,1,[],[],1,1,Valid,0.0,0.0,39.0,39.0,['Male'],0,0,3,1,4,Dry,Straight,Level,Lowest,No
12324,16,Idaho,160030,0,2,2,0,2,TWIN FALLS,March,17,Friday,14,12,Urban,Medium Speed (Collector),No,42.56577222,-114.49240833,Complex/Circle,Daylight,Clear,2:00pm-2:59pm,12,2:00pm-2:59pm,17,Unknown,Unknown EMS Hospital Arrival Time,1,Daylight,Clear,1,1,['Driver'],['None_Used'],0,0,Valid,0.0,2.0,39.0,25.0,"['Female', 'Male']",0,0,5,4,5,Dry,Straight,Level,Lowest,No
12325,16,Idaho,160031,0,2,2,0,3,NOT APPLICABLE,February,9,Thursday,17,15,Rural,Medium Speed (Collector),No,43.662075,-116.82268889,Complex/Circle,Dusk,Clear,5:00pm-5:59pm,16,5:00pm-5:59pm,31,6:00pm-6:59pm,4,1,Twilight,Clear,1,2,['Rear_Seat'],['None_Used'],0,0,Valid,2.0,0.0,64.0,27.0,"['Male', 'Male']",0,0,3,4,5,Dry,Straight,Level,Lowest,No
12326,16,Idaho,160032,0,2,1,1,2,POST FALLS,April,1,Saturday,15,50,Rural,High Speed (Arterial),Yes,47.71279167,-116.91673056,Non-Intersection,Daylight,Cloudy,3:00pm-3:59pm,50,4:00pm-4:59pm,0,Unknown,Unknown EMS Hospital Arrival Time,1,Daylight,Reduced Visibility,1,1,['Driver'],['None_Used'],0,0,Valid,0.0,2.0,21.0,21.0,['Male'],2,0,3,4,3,Dry,Straight,Level,Lowest,No
12327,16,Idaho,160033,0,1,1,0,1,NOT APPLICABLE,March,19,Sunday,0,2,Rural,High Speed (Arterial),Yes,43.19911667,-115.79671944,Non-Intersection,Dark - Not Lighted,Clear,0:00am-0:59am,2,0:00am-0:59am,10,Not Applicable (Not Transported),Not Applicable (Not Transported),1,Dark - Unlighted,Clear,1,0,['Driver'],['None_Used'],0,0,Valid,1.0,0.0,34.0,34.0,['Female'],0,0,2,4,3,Dry,Straight,Level,Lowest,No
12328,16,Idaho,160034,0,1,1,0,2,NOT APPLICABLE,March,28,Tuesday,13,9,Rural,High Speed (Arterial),Yes,46.44753056,-116.88163889,Non-Intersection,Daylight,Clear,1:00pm-1:59pm,9,1:00pm-1:59pm,20,Unknown,Unknown EMS Hospital Arrival Time,1,Daylight,Clear,1,1,['Driver'],['None_Used'],0,0,Valid,0.0,0.0,56.0,56.0,['Male'],0,0,3,4,3,Dry,Straight,Level,Lowest,Yes
12329,16,Idaho,160035,0,1,1,0,3,NOT APPLICABLE,April,4,Tuesday,14,24,Rural,High Speed (Arterial),Yes,43.577675,-112.07242778,Non-Intersection,Daylight,Cloudy,2:00pm-2:59pm,25,2:00pm-2:59pm,33,Unknown,Unknown EMS Hospital Arrival Time,1,Daylight,Reduced Visibility,1,2,['Front_Passenger'],['None_Used'],0,0,Valid,0.0,0.0,45.0,45.0,['Female'],0,0,2,4,3,Dry,Straight,Grade/Hillcrest,Lowest,No
12330,16,Idaho,160036,0,1,1,0,1,NOT APPLICABLE,April,10,Monday,12,57,Rural,Low Speed (Local),No,42.62486389,-114.76856944,Non-Intersection,Daylight,Clear,12:00pm-12:59pm,57,1:00pm-1:59pm,5,Not Applicable (Not Transported),Not Applicable (Not Transported),1,Daylight,Clear,1,0,['Driver'],['None_Used'],0,0,Valid,1.0,3.0,21.0,21.0,['Male'],1,0,5,3,3,Dry,Curve,Grade/Hillcrest,Lowest,No
12331,16,Idaho,160037,0,1,1,0,1,HEYBURN,April,10,Monday,15,15,Urban,High Speed (Arterial),Yes,42.56626667,-113.73843611,Non-Intersection,Daylight,Clear,3:00pm-3:59pm,19,3:00pm-3:59pm,22,Not Applicable (Not Transported),Not Applicable (Not Transported),1,Daylight,Clear,1,0,['Driver'],['None_Used'],1,1,Valid,0.0,0.0,55.0,55.0,['Male'],0,0,5,4,2,Dry,Curve,Level,Lowest,No
12332,16,Idaho,160038,0,2,2,0,2,NOT APPLICABLE,April,11,Tuesday,5,57,Rural,High Speed (Arterial),Yes,43.85763056,-116.95434167,Non-Intersection,Dark - Not Lighted,Cloudy,6:00am-6:59am,3,6:00am-6:59am,13,Unknown,Unknown EMS Hospital Arrival Time,1,Dark - Unlighted,Reduced Visibility,1,1,['Driver'],['Shoulder_Lapbelt'],0,0,Valid,0.0,0.0,52.0,20.0,"['Male', 'Male']",0,0,2,4,5,Dry,Straight,Grade/Hillcrest,Medium,No
12333,16,Idaho,160039,0,2,2,0,2,BOISE,April,11,Tuesday,13,49,Urban,Medium Speed (Collector),No,43.595875,-116.18853611,Complex/Circle,Daylight,Clear,1:00pm-1:59pm,50,1:00pm-1:59pm,54,Unknown,Unknown EMS Hospital Arrival Time,1,Daylight,Clear,1,1,['Driver'],['None_Used'],0,0,Invalid,0.0,0.0,47.0,19.0,"['Male', 'Male']",1,0,5,2,5,Dry,Straight,Level,Lowest,No
12334,16,Idaho,160040,1,1,1,0,1,MERIDIAN,January,9,Monday,18,5,Urban,Medium Speed (Collector),No,43.62481667,-116.37464444,Complex/Circle,Dark - Lighted,Rain,6:00pm-6:59pm,6,6:00pm-6:59pm,10,Unknown,Unknown EMS Hospital Arrival Time,1,Dark - Lighted,Rain/Wind/Minor,0,1,[],[],0,0,Valid,0.0,0.0,82.0,82.0,['Male'],0,0,3,2,4,Wet/Standing Water,Straight,Level,Lowest,No
12335,16,Idaho,160041,0,3,3,0,5,CALDWELL,April,5,Wednesday,7,35,Urban,Medium Speed (Collector),No,43.60434444,-116.68292778,Complex/Circle,Daylight,Clear,7:00am-7:59am,36,7:00am-7:59am,43,Unknown,Unknown EMS Hospital Arrival Time,1,Daylight,Clear,1,4,['Driver'],['Shoulder_Lapbelt'],0,0,Valid,0.0,1.0,35.0,19.0,"['Female', 'Female', 'Male']",0,0,3,4,5,Dry,Straight,Level,Lowest,No
12336,16,Idaho,160042,0,2,2,0,4,NOT APPLICABLE,April,23,Sunday,15,32,Rural,Medium Speed (Collector),No,43.26845278,-114.306575,Non-Intersection,Daylight,Clear,3:00pm-3:59pm,34,3:00pm-3:59pm,52,Unknown,Unknown EMS Hospital Arrival Time,1,Daylight,Clear,1,3,['Front_Passenger'],['Shoulder_Lapbelt'],0,0,Invalid,0.0,0.0,39.0,16.0,"['Male', 'Male']",0,0,3,4,5,Dry,Curve,Grade/Hillcrest,Lowest,No
12337,16,Idaho,160043,0,2,2,0,2,NAMPA,April,1,Saturday,17,5,Urban,High Speed (Arterial),No,43.55956389,-116.56935,Non-Intersection,Daylight,Clear,5:00pm-5:59pm,7,5:00pm-5:59pm,8,Unknown,Unknown EMS Hospital Arrival Time,1,Daylight,Clear,1,1,['Driver'],['Shoulder_Lapbelt'],1,1,Invalid,0.0,0.0,56.0,35.0,"['Female', 'Female']",0,0,3,4,5,Dry,Curve,Level,Lowest,No
12338,16,Idaho,160044,0,1,1,0,1,NAMPA,April,19,Wednesday,20,13,Urban,Medium Speed (Collector),No,43.55955833,-116.56450833,Complex/Circle,Daylight,Rain,8:00pm-8:59pm,14,8:00pm-8:59pm,21,Not Applicable (Not Transported),Not Applicable (Not Transported),1,Daylight,Rain/Wind/Minor,1,0,['Driver'],['Shoulder_Lapbelt'],0,0,Invalid,0.0,0.0,45.0,45.0,['Female'],0,0,3,4,3,Wet/Standing Water,Straight,Level,Lowest,No
12339,16,Idaho,160045,0,2,2,0,2,NOT APPLICABLE,March,19,Sunday,15,58,Rural,Medium Speed (Collector),No,43.65231667,-116.53318333,Complex/Circle,Daylight,Cloudy,4:00pm-4:59pm,38,4:00pm-4:59pm,50,Not Applicable (Not Transported),Not Applicable (Not Transported),1,Daylight,Reduced Visibility,1,1,['Driver'],['Shoulder_Lapbelt'],0,0,Valid,0.0,0.0,23.0,17.0,"['Male', 'Female']",0,0,3,4,5,Dry,Straight,Level,Lowest,No
12340,16,Idaho,160046,0,2,2,0,2,HAYDEN,March,27,Monday,15,50,Urban,High Speed (Arterial),No,47.74450278,-116.79465278,Simple Junction,Daylight,Cloudy,4:00pm-4:59pm,2,4:00pm-4:59pm,8,Not Applicable (Not Transported),Not Applicable (Not Transported),1,Daylight,Reduced Visibility,1,1,['Driver'],['None_Used'],1,1,Invalid,0.0,2.0,68.0,36.0,"['Male', 'Male']",1,0,5,4,5,Dry,Straight,Level,Lowest,No
12341,16,Idaho,160047,0,1,1,0,1,CHUBBUCK,April,12,Wednesday,20,48,Urban,High Speed (Arterial),Yes,42.91379167,-112.46634722,Non-Intersection,Dark - Lighted,Clear,8:00pm-8:59pm,51,8:00pm-8:59pm,53,Unknown,Unknown EMS Hospital Arrival Time,1,Dark - Lighted,Clear,1,0,['Driver'],['None_Used'],0,0,Valid,0.0,0.0,54.0,54.0,['Male'],1,0,2,4,3,Dry,Straight,Grade/Hillcrest,Lowest,No
12342,16,Idaho,160048,0,2,2,0,2,NAMPA,April,14,Friday,15,10,Rural,Medium Speed (Collector),No,43.65230833,-116.53318889,Complex/Circle,Daylight,Clear,Unknown,Unknown,Unknown EMS Scene Arrival Hour,Unknown if Arrived,Not Applicable (Not Transported),Not Applicable (Not Transported),1,Daylight,Clear,1,1,['Driver'],['Shoulder_Lapbelt'],0,0,Valid,0.0,1.0,38.0,25.0,"['Female', 'Male']",0,0,3,4,5,Dry,Straight,Level,Lowest,No
12343,16,Idaho,160049,0,2,2,0,2,NOT APPLICABLE,April,14,Friday,14,45,Rural,High Speed (Arterial),Yes,43.73800278,-116.84101667,Non-Intersection,Daylight,Clear,2:00pm-2:59pm,34,2:00pm-2:59pm,37,Unknown,Unknown EMS Hospital Arrival Time,1,Daylight,Clear,1,1,['Driver'],['Shoulder_Lapbelt'],0,0,Valid,2.0,1.0,67.0,29.0,"['Female', 'Female']",0,0,2,4,5,Dry,Straight,Level,Lowest,No
12344,16,Idaho,160050,0,1,1,0,1,HAYDEN,May,4,Thursday,14,30,Urban,Medium Speed (Collector),No,47.74905556,-116.77831944,Non-Intersection,Daylight,Rain,2:00pm-2:59pm,32,2:00pm-2:59pm,37,Not Applicable (Not Transported),Not Applicable (Not Transported),1,Daylight,Rain/Wind/Minor,1,0,['Driver'],['None_Used'],1,1,Valid,0.0,1.0,29.0,29.0,['Male'],1,0,5,4,3,Wet/Standing Water,Curve,Level,Lowest,No