,State_Code,State_Name,Crash_ID,Count_Non_Motorists,Count_Vehicles_Total,Count_Vehicle_Forms,Count_PVH_Involved,Count_Occupants_MV,City_Name,Month_Name,Day_of_Month,Day_of_Week,Crash_Hour,Crash_Minute,Area_Rural_Urban,Road_Functional_Class,On_NHS_Road,Latitude,Longitude,Intersection_Type,Light_Condition,Weather_Condition,Notif_Hour,Notif_Minute,Arrival_Hour,Arrival_Minute,Hospital_Hour,Hospital_Minute,Fatalities_Count,Clean_Light_Condition,Clean_Weather_Condition,Total_Killed,Total_Alive,Fatal_Seats_List,Killed_Restraint_List,Any_Driver_Drinking,Total_Drinking_Drivers,Driver_License_Category,Driver_Max_Prev_Accident_Count,Driver_Max_Prev_Speeding_Count,Max_Driver_Age,Min_Driver_Age,Driver_Sex_List,Total_Exceeding_Limit_Vehicles,Total_Too_Fast_Vehicles,Max_Vehicle_Type_Severity_5,Max_Vehicle_Damage_Rank,Max_Harmful_Event_Severity,Crash_Road_Surface_Condition,Crash_Horizontal_Alignment,Crash_Vertical_Profile,Crash_Impairment_Category,Crash_Vehicle_Defect
12345,16,Idaho,160051,0,2,2,0,2,MERIDIAN,March,17,Friday,17,5,Urban,High Speed (Arterial),No,43.60473333,-116.41821944,Simple Junction,Daylight,Clear,5:00pm-5:59pm,5,5:00pm-5:59pm,10,Unknown,Unknown EMS Hospital Arrival Time,1,Daylight,Clear,1,1,['Driver'],['Shoulder_Lapbelt'],0,0,Invalid,0.0,2.0,78.0,41.0,"['Female', 'Male']",0,0,2,3,5,Dry,Straight,Level,Lowest,No
12346,16,Idaho,160052,0,1,1,0,1,NOT APPLICABLE,May,7,Sunday,99,99,Rural,Medium Speed (Collector),No,46.92190278,-116.88066667,Non-Intersection,Dark - Not Lighted,Clear,11:00pm-11:59pm,43,11:00pm-11:59pm,45,Not Applicable (Not Transported),Not Applicable (Not Transported),1,Dark - Unlighted,Clear,1,0,['Driver'],['None_Used'],1,1,Valid,0.0,0.0,57.0,57.0,['Male'],0,0,3,4,3,Dry,Curve,Grade/Hillcrest,Lowest,No
12347,16,Idaho,160053,0,2,2,0,3,SAINT MARIES,May,11,Thursday,12,40,Urban,Medium Speed (Collector),No,47.31628611,-116.57318889,Complex/Circle,Daylight,Clear,12:00pm-12:59pm,41,12:00pm-12:59pm,50,Unknown,Unknown EMS Hospital Arrival Time,1,Daylight,Clear,1,2,['Driver'],['None_Used'],0,0,Valid,0.0,2.0,66.0,63.0,"['Male', 'Male']",0,0,5,3,5,Dry,Straight,Level,Lowest,No
12348,16,Idaho,160054,0,1,1,0,2,MERIDIAN,April,29,Saturday,20,48,Urban,High Speed (Arterial),Yes,43.59371944,-116.38006111,Non-Intersection,Dusk,Clear,Unknown,Unknown,Unknown EMS Scene Arrival Hour,Unknown EMS Scene Arrival Minutes,Unknown,Unknown EMS Hospital Arrival Time,1,Twilight,Clear,1,1,['Driver'],['Shoulder_Lapbelt'],0,0,Invalid,0.0,1.0,21.0,21.0,['Male'],2,0,2,4,3,Dry,Straight,Level,Lowest,No
12349,16,Idaho,160055,0,2,2,0,3,EAGLE,March,15,Wednesday,17,38,Urban,High Speed (Arterial),No,43.71004167,-116.458375,Complex/Circle,Daylight,Clear,5:00pm-5:59pm,38,5:00pm-5:59pm,43,Unknown,Unknown EMS Hospital Arrival Time,1,Daylight,Clear,1,2,['Front_Passenger'],['Shoulder_Lapbelt'],0,0,Valid,0.0,1.0,91.0,46.0,"['Male', 'Male']",0,0,3,4,5,Dry,Straight,Level,Lowest,No
12350,16,Idaho,160056,0,3,3,0,5,COEUR D'ALENE,May,3,Wednesday,17,45,Urban,Medium Speed (Collector),No,47.70213889,-116.80910278,Non-Intersection,Daylight,Clear,5:00pm-5:59pm,48,5:00pm-5:59pm,51,6:00pm-6:59pm,7,2,Daylight,Clear,2,3,"['Driver', 'Front_Passenger']","['Shoulder_Lapbelt', 'Shoulder_Lapbelt']",0,0,Valid,1.0,0.0,76.0,34.0,"['Male', 'Male', 'Male']",2,0,4,4,5,Dry,Straight,Level,Lowest,No
12351,16,Idaho,160057,0,2,2,0,3,NOT APPLICABLE,May,13,Saturday,13,54,Rural,High Speed (Arterial),Yes,43.87294722,-116.95453889,Complex/Circle,Daylight,Clear,1:00pm-1:59pm,54,2:00pm-2:59pm,2,Unknown,Unknown EMS Hospital Arrival Time,2,Daylight,Clear,2,1,"['Driver', 'Front_Passenger']","['None_Used', 'None_Used']",0,0,Valid,0.0,1.0,57.0,20.0,"['Male', 'Female']",0,0,3,4,5,Dry,Straight,Level,Lowest,No
12352,16,Idaho,160058,0,2,2,0,2,NOT APPLICABLE,May,21,Sunday,15,20,Rural,Medium Speed (Collector),No,47.72641389,-116.65098889,Non-Intersection,Daylight,Clear,3:00pm-3:59pm,25,3:00pm-3:59pm,41,Not Applicable (Not Transported),Not Applicable (Not Transported),1,Daylight,Clear,1,1,['Driver'],['None_Used'],1,1,Valid,0.0,0.0,83.0,32.0,"['Male', 'Male']",0,0,3,4,5,Dry,Curve,Grade/Hillcrest,Lowest,No
12353,16,Idaho,160059,0,2,2,0,4,NOT APPLICABLE,May,14,Sunday,9,59,Rural,Medium Speed (Collector),No,43.04866111,-115.99088889,Non-Intersection,Daylight,Cloudy,10:00am-10:59am,1,10:00am-10:59am,17,Not Applicable (Not Transported),Not Applicable (Not Transported),3,Daylight,Reduced Visibility,3,1,"['Driver', 'Front_Passenger', 'Rear_Seat']","['Shoulder_Lapbelt', 'Shoulder_Lapbelt', 'Shoulder_Lapbelt']",0,0,Valid,0.0,0.0,57.0,34.0,"['Male', 'Male']",0,0,4,4,5,Dry,Straight,Level,Lowest,No
12354,16,Idaho,160060,1,1,1,0,1,NOT APPLICABLE,May,15,Monday,16,25,Rural,Medium Speed (Collector),No,47.54845556,-116.27155833,Simple Junction,Daylight,Cloudy,4:00pm-4:59pm,25,4:00pm-4:59pm,33,Not Applicable (Not Transported),Not Applicable (Not Transported),1,Daylight,Reduced Visibility,0,1,[],[],0,0,Valid,0.0,0.0,77.0,77.0,['Male'],0,0,3,2,4,Dry,Straight,Level,Lowest,No
12355,16,Idaho,160061,0,2,2,0,2,NOT APPLICABLE,May,28,Sunday,22,59,Rural,Medium Speed (Collector),Yes,43.43487222,-112.08220833,Non-Intersection,Dark - Not Lighted,Clear,10:00pm-10:59pm,56,11:00pm-11:59pm,2,Unknown,Unknown EMS Hospital Arrival Time,1,Dark - Unlighted,Clear,1,1,['Driver'],['None_Used'],1,1,Invalid,1.0,0.0,37.0,19.0,"['Male', 'Male']",1,0,3,4,5,Dry,Straight,Level,Lowest,No
12356,16,Idaho,160062,1,1,1,0,1,JEROME,June,5,Monday,13,45,Urban,Medium Speed (Collector),No,42.72969722,-114.5091,Non-Intersection,Daylight,Clear,1:00pm-1:59pm,45,1:00pm-1:59pm,49,Unknown,Unknown EMS Hospital Arrival Time,1,Daylight,Clear,0,1,[],[],0,0,Valid,0.0,0.0,72.0,72.0,['Female'],0,0,3,1,4,Dry,Straight,Level,Lowest,No
12357,16,Idaho,160063,0,1,1,0,2,NOT APPLICABLE,June,6,Tuesday,19,31,Rural,Medium Speed (Collector),No,43.74741667,-114.29308611,Non-Intersection,Daylight,Clear,7:00pm-7:59pm,34,7:00pm-7:59pm,49,Unknown,Unknown EMS Hospital Arrival Time,1,Daylight,Clear,1,1,['Front_Passenger'],['Shoulder_Lapbelt'],1,1,Valid,0.0,1.0,47.0,47.0,['Male'],2,0,2,4,3,Dry,Straight,Grade/Hillcrest,Lowest,No
12358,16,Idaho,160064,0,1,1,0,1,NOT APPLICABLE,June,3,Saturday,18,40,Rural,Low Speed (Local),No,47.80460556,-116.6505,Non-Intersection,Dusk,Clear,Unknown,Unknown if Notified,Unknown EMS Scene Arrival Hour,Unknown if Arrived,Not Applicable (Not Transported),Not Applicable (Not Transported),1,Twilight,Clear,1,0,['Driver'],['None_Used'],1,1,Valid,0.0,0.0,43.0,43.0,['Male'],0,0,5,2,3,Dry,Curve,Grade/Hillcrest,Lowest,No
12359,16,Idaho,160065,0,2,2,0,2,NOT APPLICABLE,May,17,Wednesday,21,16,Urban,Medium Speed (Collector),No,43.75365,-116.702675,Non-Intersection,Dusk,Clear,9:00pm-9:59pm,17,9:00pm-9:59pm,26,Not Applicable (Not Transported),Not Applicable (Not Transported),1,Twilight,Clear,1,1,['Driver'],['None_Used'],0,0,Valid,0.0,1.0,55.0,24.0,"['Male', 'Male']",0,0,5,4,5,Dry,Straight,Level,Lowest,No
12360,16,Idaho,160066,0,2,2,0,2,NOT APPLICABLE,May,19,Friday,13,49,Urban,Medium Speed (Collector),No,44.05806111,-116.90332222,Non-Intersection,Daylight,Clear,1:00pm-1:59pm,52,1:00pm-1:59pm,57,Unknown,Unknown EMS Hospital Arrival Time,1,Daylight,Clear,1,1,['Driver'],['None_Used'],0,0,Valid,0.0,3.0,62.0,44.0,"['Male', 'Female']",0,0,3,4,5,Dry,Straight,Level,Lowest,No
12361,16,Idaho,160067,0,2,2,0,5,NOT APPLICABLE,May,27,Saturday,18,48,Rural,High Speed (Arterial),Yes,43.59411389,-116.44957778,Non-Intersection,Daylight,Clear,6:00pm-6:59pm,51,6:00pm-6:59pm,58,Not Applicable (Not Transported),Not Applicable (Not Transported),1,Daylight,Clear,1,4,['Driver'],['None_Used'],0,0,Valid,2.0,0.0,44.0,20.0,"['Male', 'Female']",1,0,5,4,5,Dry,Straight,Level,Lowest,No
12362,16,Idaho,160068,1,1,1,0,2,LEWISTON,June,3,Saturday,23,47,Urban,Medium Speed (Collector),No,46.38068611,-116.97625278,Non-Intersection,Dark - Lighted,Clear,11:00pm-11:59pm,50,11:00pm-11:59pm,53,Unknown,Unknown EMS Hospital Arrival Time,1,Dark - Lighted,Clear,0,2,[],[],0,0,Valid,0.0,0.0,32.0,32.0,['Male'],0,0,3,3,4,Dry,Straight,Level,Lowest,No
12363,16,Idaho,160070,1,1,1,0,1,NOT APPLICABLE,June,22,Thursday,11,19,Rural,Medium Speed (Collector),No,43.54548056,-112.0609,Non-Intersection,Daylight,Clear,11:00am-11:59am,20,11:00am-11:59am,32,Unknown,Unknown EMS Hospital Arrival Time,2,Daylight,Clear,1,0,['Driver'],['None_Used'],0,0,Valid,0.0,0.0,55.0,55.0,['Male'],0,0,5,4,4,Dry,Straight,Level,Lowest,No
12364,16,Idaho,160071,1,1,1,0,2,CHUBBUCK,June,25,Sunday,0,27,Urban,High Speed (Arterial),Yes,42.913,-112.49928333,Non-Intersection,Dark - Not Lighted,Clear,0:00am-0:59am,33,0:00am-0:59am,36,Not Applicable (Not Transported),Not Applicable (Not Transported),1,Dark - Unlighted,Clear,0,2,[],[],0,0,Valid,0.0,1.0,50.0,50.0,['Male'],0,0,4,3,4,Dry,Straight,Level,Lowest,No
12365,16,Idaho,160072,0,1,1,0,4,NOT APPLICABLE,June,10,Saturday,99,99,Rural,High Speed (Arterial),Yes,45.47363333,-116.30540556,Non-Intersection,Reported as Unknown,Reported as Unknown,12:00pm-12:59pm,57,1:00pm-1:59pm,9,Not Applicable (Not Transported),Not Applicable (Not Transported),4,Dark - Unlighted,Clear,4,0,"['Driver', 'Front_Passenger', 'Rear_Seat', 'Rear_Seat']","['Shoulder_Lapbelt', 'Shoulder_Lapbelt', 'Shoulder_Lapbelt', 'Shoulder_Lapbelt']",0,0,Valid,0.0,0.0,17.0,17.0,['Female'],0,0,2,4,3,Dry,Curve,Level,Medium,No
12366,16,Idaho,160073,0,1,1,0,2,NOT APPLICABLE,June,7,Wednesday,17,29,Rural,High Speed (Arterial),No,44.05602778,-116.12846944,Non-Intersection,Daylight,Rain,5:00pm-5:59pm,29,5:00pm-5:59pm,30,Unknown,Unknown EMS Hospital Arrival Time,1,Daylight,Rain/Wind/Minor,1,1,['Front_Passenger'],['Shoulder_Lapbelt'],0,0,Valid,0.0,2.0,72.0,72.0,['Female'],0,0,3,4,1,Wet/Standing Water,Straight,Level,Lowest,No
12367,16,Idaho,160074,0,3,3,0,5,NAMPA,June,15,Thursday,6,13,Urban,High Speed (Arterial),No,43.57231944,-116.56811944,Non-Intersection,Daylight,Clear,6:00am-6:59am,16,6:00am-6:59am,21,Unknown,Unknown EMS Hospital Arrival Time,1,Daylight,Clear,1,4,['Front_Passenger'],['None_Used'],1,1,Valid,0.0,0.0,63.0,16.0,"['Male', 'Male', 'Male']",0,0,4,4,5,Dry,Straight,Level,Lowest,No
12368,16,Idaho,160075,0,1,1,0,1,NOT APPLICABLE,June,21,Wednesday,10,54,Rural,Low Speed (Local),No,42.22519722,-114.53297222,Non-Intersection,Daylight,Clear,10:00am-10:59am,56,11:00am-11:59am,21,Not Applicable (Not Transported),Not Applicable (Not Transported),1,Daylight,Clear,1,0,['Driver'],['None_Used'],1,1,Valid,2.0,1.0,34.0,34.0,['Male'],0,0,4,4,3,Loose/Unpaved,Curve,Grade/Hillcrest,Lowest,No
12369,16,Idaho,160076,0,1,1,0,3,NOT APPLICABLE,June,23,Friday,18,37,Rural,Low Speed (Local),No,47.27213056,-116.58641667,Non-Intersection,Daylight,Clear,7:00pm-7:59pm,1,7:00pm-7:59pm,16,Not Applicable (Not Transported),Not Applicable (Not Transported),1,Daylight,Clear,1,2,['Driver'],['None_Used'],0,0,Invalid,0.0,0.0,34.0,34.0,['Male'],0,0,3,4,3,Dry,Straight,Grade/Hillcrest,Lowest,No
12370,16,Idaho,160077,0,1,1,0,1,NOT APPLICABLE,April,30,Sunday,99,99,Rural,High Speed (Arterial),Yes,43.403475,-113.62728056,Non-Intersection,Dark - Not Lighted,Clear,Unknown,Unknown if Notified,Unknown EMS Scene Arrival Hour,Unknown if Arrived,Not Applicable (Not Transported),Not Applicable (Not Transported),1,Dark - Unlighted,Clear,1,0,['Driver'],['Shoulder_Lapbelt'],0,0,Valid,0.0,0.0,37.0,37.0,['Female'],0,0,3,4,3,Dry,Curve,Grade/Hillcrest,Lowest,No
12371,16,Idaho,160078,0,1,1,0,1,NOT APPLICABLE,July,8,Saturday,19,43,Rural,Low Speed (Local),No,42.54299444,-114.49899444,Non-Intersection,Daylight,Clear,7:00pm-7:59pm,45,7:00pm-7:59pm,49,Not Applicable (Not Transported),Not Applicable (Not Transported),1,Daylight,Clear,1,0,['Driver'],['Shoulder_Lapbelt'],1,1,Valid,0.0,0.0,37.0,37.0,['Male'],0,0,2,4,3,Dry,Straight,Grade/Hillcrest,Lowest,No
12372,16,Idaho,160079,0,1,1,0,1,NOT APPLICABLE,July,10,Monday,20,8,Rural,Low Speed (Local),No,42.57713889,-114.29044722,Non-Intersection,Dusk,Clear,8:00pm-8:59pm,9,8:00pm-8:59pm,16,Unknown,Unknown EMS Hospital Arrival Time,1,Twilight,Clear,1,0,['Driver'],['None_Used'],1,1,Invalid,0.0,3.0,22.0,22.0,['Male'],0,0,3,4,3,Dry,Curve,Level,Lowest,No
12373,16,Idaho,160080,0,1,1,0,4,NOT APPLICABLE,February,18,Saturday,20,18,Urban,Medium Speed (Collector),No,43.67381111,-116.21241389,Non-Intersection,Dark - Not Lighted,Clear,8:00pm-8:59pm,18,8:00pm-8:59pm,24,Unknown,Unknown EMS Hospital Arrival Time,1,Dark - Unlighted,Clear,1,3,['Front_Passenger'],['None_Used'],1,1,Valid,0.0,0.0,18.0,18.0,['Male'],4,0,3,4,3,Dry,Curve,Grade/Hillcrest,Lowest,No
12374,16,Idaho,160081,1,1,1,0,1,NOT APPLICABLE,July,7,Friday,8,0,Rural,Low Speed (Local),No,43.64118889,-111.86408333,Complex/Circle,Daylight,Clear,8:00am-8:59am,8,8:00am-8:59am,14,Not Applicable (Not Transported),Not Applicable (Not Transported),1,Daylight,Clear,0,1,[],[],0,0,Valid,0.0,1.0,35.0,35.0,['Male'],0,0,3,2,4,Dry,Straight,Level,Lowest,No
12375,16,Idaho,160082,0,2,2,0,3,NOT APPLICABLE,July,17,Monday,16,25,Rural,Low Speed (Local),No,43.56806111,-112.00381389,Complex/Circle,Daylight,Clear,4:00pm-4:59pm,25,4:00pm-4:59pm,28,Unknown,Unknown EMS Hospital Arrival Time,1,Daylight,Clear,1,2,['Front_Passenger'],['Shoulder_Lapbelt'],0,0,Valid,0.0,0.0,57.0,40.0,"['Male', 'Male']",0,0,3,4,5,Dry,Straight,Level,Lowest,No
12376,16,Idaho,160083,0,2,2,0,2,CALDWELL,July,5,Wednesday,13,28,Urban,Medium Speed (Collector),No,43.63357222,-116.68301111,Complex/Circle,Daylight,Clear,1:00pm-1:59pm,26,1:00pm-1:59pm,54,Not Applicable (Not Transported),Not Applicable (Not Transported),1,Daylight,Clear,1,1,['Driver'],['None_Used'],0,0,Valid,0.0,1.0,44.0,33.0,"['Male', 'Male']",0,0,5,4,5,Dry,Straight,Level,Lowest,No
12377,16,Idaho,160084,0,2,2,0,2,EAGLE,July,9,Sunday,10,17,Urban,Medium Speed (Collector),Yes,43.68787222,-116.334275,Complex/Circle,Daylight,Clear,10:00am-10:59am,17,10:00am-10:59am,19,Unknown,Unknown EMS Hospital Arrival Time,1,Daylight,Clear,1,1,['Driver'],['None_Used'],0,0,Valid,0.0,0.0,54.0,45.0,"['Male', 'Male']",0,0,5,4,5,Dry,Straight,Level,Lowest,No
12378,16,Idaho,160085,0,1,1,0,1,NOT APPLICABLE,July,9,Sunday,21,55,Rural,Medium Speed (Collector),Yes,42.59335,-114.70607222,Non-Intersection,Dark - Not Lighted,Clear,9:00pm-9:59pm,56,10:00pm-10:59pm,5,Not Applicable (Not Transported),Not Applicable (Not Transported),1,Dark - Unlighted,Clear,1,0,['Driver'],['None_Used'],1,1,Valid,0.0,0.0,52.0,52.0,['Male'],1,0,3,4,3,Dry,Curve,Level,Lowest,No
12379,16,Idaho,160086,0,1,1,0,1,NOT APPLICABLE,June,1,Thursday,10,41,Rural,Medium Speed (Collector),No,42.632525,-113.72479444,Non-Intersection,Daylight,Cloudy,10:00am-10:59am,41,10:00am-10:59am,45,Unknown,Unknown EMS Hospital Arrival Time,1,Daylight,Reduced Visibility,1,0,['Driver'],['None_Used'],0,0,Valid,0.0,0.0,15.0,15.0,['Male'],0,0,3,4,3,Dry,Straight,Grade/Hillcrest,Lowest,No
12380,16,Idaho,160087,0,1,1,0,2,NOT APPLICABLE,July,2,Sunday,13,27,Rural,High Speed (Arterial),Yes,44.33248889,-116.05711111,Non-Intersection,Daylight,Clear,1:00pm-1:59pm,28,1:00pm-1:59pm,45,Unknown,Unknown EMS Hospital Arrival Time,1,Daylight,Clear,1,1,['Driver'],['None_Used'],0,0,Valid,0.0,0.0,69.0,69.0,['Female'],2,0,3,3,3,Dry,Curve,Grade/Hillcrest,Lowest,No
12381,16,Idaho,160088,0,2,2,0,2,NOT APPLICABLE,July,16,Sunday,16,40,Rural,Medium Speed (Collector),No,47.759425,-116.90879167,Non-Intersection,Daylight,Clear,4:00pm-4:59pm,47,4:00pm-4:59pm,56,Not Applicable (Not Transported),Not Applicable (Not Transported),1,Daylight,Clear,1,1,['Driver'],['None_Used'],0,0,Valid,0.0,0.0,63.0,56.0,"['Male', 'Male']",0,0,5,4,5,Dry,Straight,Level,Lowest,No
12382,16,Idaho,160089,0,1,1,0,1,NOT APPLICABLE,July,12,Wednesday,21,3,Rural,Medium Speed (Collector),No,42.12277778,-111.33611111,Non-Intersection,Dusk,Clear,8:00pm-8:59pm,56,9:00pm-9:59pm,3,Unknown,Unknown EMS Hospital Arrival Time,1,Twilight,Clear,1,0,['Driver'],['Shoulder_Lapbelt'],1,1,Valid,0.0,0.0,39.0,39.0,['Male'],0,0,2,4,3,Dry,Straight,Level,Lowest,No
12383,16,Idaho,160090,0,2,2,0,5,BOISE,March,12,Sunday,14,29,Urban,High Speed (Arterial),No,43.58261944,-116.19999167,Simple Junction,Daylight,Clear,2:00pm-2:59pm,29,2:00pm-2:59pm,36,Unknown,Unknown EMS Hospital Arrival Time,1,Daylight,Clear,1,4,['Front_Passenger'],['Shoulder_Lapbelt'],1,1,Invalid,0.0,3.0,77.0,21.0,"['Male', 'Female']",3,0,3,4,5,Dry,Straight,Level,Lowest,No
12384,16,Idaho,160091,1,1,1,0,1,BOISE,May,1,Monday,17,47,Urban,Medium Speed (Collector),No,43.61870556,-116.21464444,Non-Intersection,Daylight,Clear,5:00pm-5:59pm,48,Unknown EMS Scene Arrival Hour,Unknown EMS Scene Arrival Minutes,Unknown,Unknown EMS Hospital Arrival Time,1,Daylight,Clear,0,1,[],[],0,0,Valid,0.0,0.0,31.0,31.0,['Male'],0,0,3,2,4,Dry,Straight,Level,Lowest,No
12385,16,Idaho,160092,3,2,1,1,4,NOT APPLICABLE,July,15,Saturday,11,46,Rural,Medium Speed (Collector),No,42.56242222,-114.318525,Non-Intersection,Daylight,Clear,11:00am-11:59am,47,11:00am-11:59am,55,Unknown,Unknown EMS Hospital Arrival Time,1,Daylight,Clear,1,3,['Driver'],['None_Used'],0,0,Valid,0.0,0.0,28.0,28.0,['Female'],0,0,3,4,5,Dry,Straight,Level,Lowest,No
12386,16,Idaho,160093,0,1,1,0,2,NOT APPLICABLE,July,15,Saturday,20,38,Rural,Medium Speed (Collector),No,43.06485833,-114.38761944,Non-Intersection,Dusk,Clear,8:00pm-8:59pm,39,8:00pm-8:59pm,51,Not Applicable (Not Transported),Not Applicable (Not Transported),1,Twilight,Clear,1,1,['Driver'],['None_Used'],1,1,Invalid,0.0,0.0,37.0,37.0,['Male'],0,0,3,4,3,Dry,Straight,Level,Lowest,No
12387,16,Idaho,160094,0,2,2,0,2,NOT APPLICABLE,July,18,Tuesday,11,14,Rural,High Speed (Arterial),Yes,46.21363611,-115.53859444,Non-Intersection,Daylight,Clear,11:00am-11:59am,20,11:00am-11:59am,48,Unknown,Unknown EMS Hospital Arrival Time,1,Daylight,Clear,1,1,['Driver'],['None_Used'],0,0,Invalid,0.0,1.0,57.0,32.0,"['Female', 'Male']",0,0,5,4,5,Dry,Curve,Level,Lowest,No
12388,16,Idaho,160095,0,1,1,0,1,NOT APPLICABLE,July,19,Wednesday,99,99,Rural,Medium Speed (Collector),No,44.627575,-115.74354167,Non-Intersection,Daylight,Clear,4:00pm-4:59pm,28,4:00pm-4:59pm,59,Not Applicable (Not Transported),Not Applicable (Not Transported),1,Daylight,Clear,1,0,['Driver'],['None_Used'],1,1,Valid,0.0,1.0,53.0,53.0,['Male'],0,0,5,4,2,Dry,Curve,Grade/Hillcrest,Lowest,No
12389,16,Idaho,160096,0,2,2,0,2,NOT APPLICABLE,July,28,Friday,2,35,Rural,High Speed (Arterial),Yes,46.62555833,-116.99277222,Non-Intersection,Dark - Not Lighted,Clear,2:00am-2:59am,38,2:00am-2:59am,57,Unknown,Unknown EMS Hospital Arrival Time,1,Dark - Unlighted,Clear,1,1,['Driver'],['None_Used'],0,0,Invalid,0.0,1.0,35.0,21.0,"['Male', 'Male']",0,0,3,4,5,Dry,Straight,Level,Lowest,No
12390,16,Idaho,160097,0,1,1,0,2,NOT APPLICABLE,July,31,Monday,0,22,Rural,Medium Speed (Collector),No,46.5063,-116.33423611,Non-Intersection,Dark - Not Lighted,Clear,0:00am-0:59am,23,0:00am-0:59am,36,Unknown,Unknown EMS Hospital Arrival Time,1,Dark - Unlighted,Clear,1,1,['Front_Passenger'],['None_Used'],1,1,Valid,0.0,1.0,16.0,16.0,['Male'],2,0,3,3,3,Dry,Straight,Level,Lowest,No
12391,16,Idaho,160098,0,1,1,0,1,NOT APPLICABLE,July,18,Tuesday,9,30,Rural,Medium Speed (Collector),No,43.77873333,-115.478375,Non-Intersection,Daylight,Clear,9:00am-9:59am,56,10:00am-10:59am,13,Not Applicable (Not Transported),Not Applicable (Not Transported),1,Daylight,Clear,1,0,['Driver'],['Shoulder_Lapbelt'],1,1,Valid,0.0,2.0,43.0,43.0,['Male'],0,0,3,4,3,Dry,Straight,Level,Medium,No
12392,16,Idaho,160099,0,1,1,0,4,NOT APPLICABLE,July,15,Saturday,11,15,Rural,Low Speed (Local),No,48.35723333,-116.553725,Non-Intersection,Daylight,Clear,11:00am-11:59am,14,11:00am-11:59am,20,Unknown,Unknown EMS Hospital Arrival Time,3,Daylight,Clear,3,1,"['Driver', 'Front_Passenger', 'Rear_Seat']","['Shoulder_Lapbelt', 'Shoulder_Lapbelt', 'Child_Safety']",0,0,Valid,0.0,0.0,37.0,37.0,['Male'],0,0,3,4,4,Dry,Straight,Level,Lowest,No
12393,16,Idaho,160100,0,2,2,0,4,NOT APPLICABLE,July,27,Thursday,9,0,Rural,Medium Speed (Collector),No,47.76777778,-116.87268056,Non-Intersection,Daylight,Clear,9:00am-9:59am,12,9:00am-9:59am,20,Unknown,Unknown EMS Hospital Arrival Time,1,Daylight,Clear,1,3,['Front_Passenger'],['None_Used'],0,0,Invalid,0.0,0.0,33.0,24.0,"['Male', 'Male']",0,0,5,4,5,Dry,Straight,Level,Lowest,No
12394,16,Idaho,160101,0,1,1,0,4,NOT APPLICABLE,July,29,Saturday,21,30,Rural,Low Speed (Local),No,45.25438889,-114.32082222,Non-Intersection,Dark - Not Lighted,Clear,9:00pm-9:59pm,48,10:00pm-10:59pm,41,Not Applicable (Not Transported),Not Applicable (Not Transported),1,Dark - Unlighted,Clear,1,3,['Front_Passenger'],['None_Used'],1,1,Valid,0.0,3.0,21.0,21.0,['Male'],4,0,3,3,3,Dry,Straight,Grade/Hillcrest,Lowest,No
12395,16,Idaho,160102,0,2,2,0,2,NOT APPLICABLE,July,6,Thursday,12,0,Rural,High Speed (Arterial),Yes,46.45700833,-115.06007222,Non-Intersection,Daylight,Clear,12:00pm-12:59pm,8,1:00pm-1:59pm,30,Unknown,Unknown EMS Hospital Arrival Time,1,Daylight,Clear,1,1,['Driver'],['None_Used'],0,0,Invalid,0.0,0.0,75.0,55.0,"['Male', 'Male']",0,0,5,4,5,Dry,Straight,Level,Lowest,No
12396,16,Idaho,160103,0,2,2,0,3,ABERDEEN,July,18,Tuesday,12,43,Rural,Medium Speed (Collector),No,42.93515,-112.84818333,Non-Intersection,Daylight,Clear,12:00pm-12:59pm,33,12:00pm-12:59pm,35,Unknown,Unknown EMS Hospital Arrival Time,1,Daylight,Clear,1,2,['Rear_Seat'],['None_Used'],0,0,Valid,0.0,0.0,38.0,23.0,"['Male', 'Male']",0,0,3,4,5,Dry,Curve,Level,Lowest,No
12397,16,Idaho,160104,0,2,2,0,2,NOT APPLICABLE,July,22,Saturday,14,11,Rural,Medium Speed (Collector),No,42.60506389,-113.82905,Non-Intersection,Daylight,Clear,2:00pm-2:59pm,11,2:00pm-2:59pm,17,Unknown,Unknown EMS Hospital Arrival Time,1,Daylight,Clear,1,1,['Driver'],['None_Used'],0,0,Valid,1.0,0.0,68.0,41.0,"['Male', 'Male']",0,0,4,4,5,Dry,Straight,Level,Lowest,No
12398,16,Idaho,160105,0,1,1,0,1,NOT APPLICABLE,July,26,Wednesday,8,26,Rural,High Speed (Arterial),Yes,48.36884167,-116.54738056,Non-Intersection,Daylight,Clear,8:00am-8:59am,20,8:00am-8:59am,31,Not Applicable (Not Transported),Not Applicable (Not Transported),1,Daylight,Clear,1,0,['Driver'],['None_Used'],1,1,Valid,0.0,0.0,40.0,40.0,['Male'],0,0,2,4,3,Dry,Straight,Level,Lowest,No
12399,16,Idaho,160106,0,4,4,0,6,NOT APPLICABLE,July,27,Thursday,6,18,Rural,High Speed (Arterial),Yes,43.55700556,-112.44791944,Non-Intersection,Dawn,Cloudy,6:00am-6:59am,23,6:00am-6:59am,39,Unknown,Unknown EMS Hospital Arrival Time,2,Twilight,Reduced Visibility,2,4,"['Driver', 'Driver']","['None_Used', 'None_Used']",0,0,Valid,0.0,1.0,61.0,25.0,"['Female', 'Male', 'Male', 'Male']",0,0,3,4,5,Dry,Straight,Level,Lowest,No
12400,16,Idaho,160107,1,1,1,0,1,IDAHO FALLS,July,27,Thursday,12,0,Urban,High Speed (Arterial),Yes,43.49625556,-112.05298611,Complex/Circle,Daylight,Clear,12:00pm-12:59pm,2,12:00pm-12:59pm,3,Unknown,Unknown EMS Hospital Arrival Time,1,Daylight,Clear,0,1,[],[],0,0,Valid,0.0,0.0,26.0,26.0,['Male'],0,0,3,2,4,Dry,Straight,Grade/Hillcrest,Lowest,No