,State_Code,State_Name,Crash_ID,Count_Non_Motorists,Count_Vehicles_Total,Count_Vehicle_Forms,Count_PVH_Involved,Count_Occupants_MV,City_Name,Month_Name,Day_of_Month,Day_of_Week,Crash_Hour,Crash_Minute,Area_Rural_Urban,Road_Functional_Class,On_NHS_Road,Latitude,Longitude,Intersection_Type,Light_Condition,Weather_Condition,Notif_Hour,Notif_Minute,Arrival_Hour,Arrival_Minute,Hospital_Hour,Hospital_Minute,Fatalities_Count,Clean_Light_Condition,Clean_Weather_Condition,Total_Killed,Total_Alive,Fatal_Seats_List,Killed_Restraint_List,Any_Driver_Drinking,Total_Drinking_Drivers,Driver_License_Category,Driver_Max_Prev_Accident_Count,Driver_Max_Prev_Speeding_Count,Max_Driver_Age,Min_Driver_Age,Driver_Sex_List,Total_Exceeding_Limit_Vehicles,Total_Too_Fast_Vehicles,Max_Vehicle_Type_Severity_5,Max_Vehicle_Damage_Rank,Max_Harmful_Event_Severity,Crash_Road_Surface_Condition,Crash_Horizontal_Alignment,Crash_Vertical_Profile,Crash_Impairment_Category,Crash_Vehicle_Defect
12401,16,Idaho,160108,1,1,1,0,1,BOISE,August,3,Thursday,10,10,Urban,Medium Speed (Collector),No,43.624175,-116.20923611,Complex/Circle,Daylight,Clear,10:00am-10:59am,10,10:00am-10:59am,13,Not Applicable (Not Transported),Not Applicable (Not Transported),1,Daylight,Clear,0,1,[],[],0,0,Valid,0.0,0.0,73.0,73.0,['Male'],0,0,4,1,4,Dry,Straight,Level,Lowest,No
12402,16,Idaho,160109,0,2,2,0,3,NOT APPLICABLE,August,3,Thursday,10,41,Rural,Medium Speed (Collector),No,42.72400278,-114.45544444,Non-Intersection,Daylight,Clear,10:00am-10:59am,42,10:00am-10:59am,47,Not Applicable (Not Transported),Not Applicable (Not Transported),1,Daylight,Clear,1,2,['Driver'],['None_Used'],1,1,Valid,0.0,2.0,44.0,23.0,"['Male', 'Male']",1,0,5,4,5,Dry,Straight,Level,Lowest,No
12403,16,Idaho,160110,1,1,1,0,2,BOISE,May,15,Monday,14,18,Urban,High Speed (Arterial),Yes,43.64846111,-116.354225,Complex/Circle,Daylight,Cloudy,2:00pm-2:59pm,18,2:00pm-2:59pm,19,Unknown,Unknown EMS Hospital Arrival Time,1,Daylight,Reduced Visibility,0,2,[],[],0,0,Valid,0.0,0.0,83.0,83.0,['Female'],0,0,3,2,4,Dry,Straight,Level,Lowest,No
12404,16,Idaho,160111,0,3,3,0,4,NOT APPLICABLE,July,28,Friday,14,23,Rural,High Speed (Arterial),Yes,43.663175,-116.59336111,Complex/Circle,Daylight,Clear,2:00pm-2:59pm,21,2:00pm-2:59pm,26,Unknown,Unknown EMS Hospital Arrival Time,1,Daylight,Clear,1,3,['Driver'],['None_Used'],0,0,Valid,0.0,1.0,78.0,46.0,"['Male', 'Male', 'Male']",0,0,5,4,5,Dry,Straight,Level,Lowest,No
12405,16,Idaho,160112,0,2,2,0,2,NOT APPLICABLE,August,3,Thursday,21,25,Rural,High Speed (Arterial),Yes,45.61200278,-116.27771389,Non-Intersection,Dark - Not Lighted,Cloudy,9:00pm-9:59pm,33,9:00pm-9:59pm,47,Unknown,Unknown EMS Hospital Arrival Time,1,Dark - Unlighted,Reduced Visibility,1,1,['Driver'],['Shoulder_Lapbelt'],0,0,Valid,0.0,0.0,62.0,54.0,"['Male', 'Female']",0,0,4,4,5,Dry,Straight,Level,Lowest,No
12406,16,Idaho,160113,0,1,1,0,1,PAYETTE,August,8,Tuesday,15,2,Rural,Low Speed (Local),No,44.05763056,-116.94910278,Non-Intersection,Daylight,Clear,3:00pm-3:59pm,3,3:00pm-3:59pm,13,Not Applicable (Not Transported),Not Applicable (Not Transported),1,Daylight,Clear,1,0,['Driver'],['None_Used'],0,0,Valid,0.0,0.0,17.0,17.0,['Female'],0,0,2,4,4,Dry,Straight,Level,Lowest,No
12407,16,Idaho,160114,0,1,1,0,1,NOT APPLICABLE,August,10,Thursday,0,1,Rural,Low Speed (Local),No,47.79972778,-116.85083889,Non-Intersection,Dark - Not Lighted,Clear,0:00am-0:59am,15,0:00am-0:59am,22,Not Applicable (Not Transported),Not Applicable (Not Transported),1,Dark - Unlighted,Clear,1,0,['Driver'],['None_Used'],0,0,Valid,0.0,0.0,41.0,41.0,['Male'],1,0,5,4,3,Dry,Curve,Level,Lowest,No
12408,16,Idaho,160115,0,4,4,0,9,NOT APPLICABLE,August,9,Wednesday,14,0,Urban,High Speed (Arterial),Yes,42.94852222,-112.43606667,Non-Intersection,Daylight,Clear,2:00pm-2:59pm,1,2:00pm-2:59pm,14,Unknown,Unknown EMS Hospital Arrival Time,2,Daylight,Clear,2,7,"['Driver', 'Rear_Seat']","['Shoulder_Lapbelt', 'Shoulder_Lapbelt']",0,0,Valid,0.0,0.0,67.0,23.0,"['Male', 'Male', 'Male', 'Male']",1,0,4,4,5,Dry,Straight,Level,Lowest,No
12409,16,Idaho,160116,0,1,1,0,1,MOYIE SPRINGS,August,13,Sunday,0,30,Rural,Low Speed (Local),No,48.72640278,-116.188375,Simple Junction,Dark - Not Lighted,Clear,8:00am-8:59am,50,9:00am-9:59am,0,Not Applicable (Not Transported),Not Applicable (Not Transported),1,Dark - Unlighted,Clear,1,0,['Driver'],['Shoulder_Lapbelt'],0,0,Valid,1.0,2.0,24.0,24.0,['Male'],1,0,2,4,3,Dry,Curve,Level,Lowest,No
12410,16,Idaho,160118,1,1,1,0,1,RATHDRUM,July,6,Thursday,17,30,Urban,High Speed (Arterial),No,47.81178056,-116.89765556,Complex/Circle,Daylight,Clear,5:00pm-5:59pm,30,5:00pm-5:59pm,33,Unknown,Unknown EMS Hospital Arrival Time,1,Daylight,Clear,0,1,[],[],0,0,Valid,0.0,0.0,54.0,54.0,['Male'],0,0,3,3,4,Dry,Straight,Level,Lowest,No
12411,16,Idaho,160119,0,2,2,0,2,BOISE,July,9,Sunday,16,14,Urban,High Speed (Arterial),No,43.54180278,-116.15915556,Complex/Circle,Daylight,Clear,4:00pm-4:59pm,15,4:00pm-4:59pm,20,Unknown,Unknown EMS Hospital Arrival Time,1,Daylight,Clear,1,1,['Driver'],['None_Used'],0,0,Valid,0.0,2.0,56.0,35.0,"['Female', 'Female']",1,0,5,4,5,Dry,Straight,Grade/Hillcrest,Lowest,No
12412,16,Idaho,160120,0,2,2,0,2,NOT APPLICABLE,August,3,Thursday,10,1,Rural,Medium Speed (Collector),No,43.57588611,-116.43389167,Complex/Circle,Daylight,Clear,10:00am-10:59am,1,10:00am-10:59am,6,Unknown,Unknown EMS Hospital Arrival Time,1,Daylight,Clear,1,1,['Driver'],['None_Used'],0,0,Valid,0.0,0.0,55.0,42.0,"['Male', 'Female']",0,0,5,2,5,Dry,Curve,Level,Lowest,No
12413,16,Idaho,160121,0,2,2,0,3,NOT APPLICABLE,August,11,Friday,12,35,Rural,High Speed (Arterial),Yes,43.63641389,-111.93663056,Non-Intersection,Daylight,Clear,12:00pm-12:59pm,35,12:00pm-12:59pm,48,Unknown,Unknown EMS Hospital Arrival Time,1,Daylight,Clear,1,2,['Driver'],['Shoulder_Lapbelt'],0,0,Invalid,0.0,0.0,22.0,19.0,"['Male', 'Male']",0,0,3,4,5,Dry,Straight,Level,Lowest,No
12414,16,Idaho,160122,0,2,2,0,2,NOT APPLICABLE,August,23,Wednesday,8,39,Rural,High Speed (Arterial),Yes,43.89091667,-116.95405,Non-Intersection,Daylight,Clear,8:00am-8:59am,40,8:00am-8:59am,49,Not Applicable (Not Transported),Not Applicable (Not Transported),1,Daylight,Clear,1,1,['Driver'],['None_Used'],0,0,Valid,0.0,0.0,76.0,32.0,"['Male', 'Male']",0,0,4,4,5,Dry,Curve,Level,Lowest,No
12415,16,Idaho,160123,0,1,1,0,1,NOT APPLICABLE,August,26,Saturday,14,32,Rural,High Speed (Arterial),Yes,42.61806111,-114.37670833,Non-Intersection,Daylight,Cloudy,2:00pm-2:59pm,33,2:00pm-2:59pm,43,Not Applicable (Not Transported),Not Applicable (Not Transported),1,Daylight,Reduced Visibility,1,0,['Driver'],['None_Used'],1,1,Invalid,0.0,0.0,34.0,34.0,['Male'],0,0,2,4,3,Dry,Straight,Level,Lowest,No
12416,16,Idaho,160124,0,1,1,0,1,NOT APPLICABLE,August,12,Saturday,20,41,Rural,High Speed (Arterial),Yes,43.86596111,-116.77721944,Non-Intersection,Daylight,Clear,8:00pm-8:59pm,44,8:00pm-8:59pm,54,Not Applicable (Not Transported),Not Applicable (Not Transported),1,Daylight,Clear,1,0,['Driver'],['None_Used'],0,0,Valid,0.0,0.0,60.0,60.0,['Male'],0,0,5,3,3,Dry,Curve,Grade/Hillcrest,Lowest,No
12417,16,Idaho,160125,0,1,1,0,5,NOT APPLICABLE,June,25,Sunday,21,2,Rural,Low Speed (Local),No,42.03984444,-111.85702222,Non-Intersection,Dusk,Clear,9:00pm-9:59pm,2,9:00pm-9:59pm,9,Unknown,Unknown EMS Hospital Arrival Time,1,Twilight,Clear,1,4,['Front_Passenger'],['Shoulder_Lapbelt'],1,1,Valid,0.0,1.0,40.0,40.0,['Male'],5,0,2,4,4,Dry,Straight,Level,Lowest,No
12418,16,Idaho,160126,0,1,1,0,2,NOT APPLICABLE,August,25,Friday,6,36,Rural,High Speed (Arterial),Yes,42.54322778,-113.46925833,Non-Intersection,Dawn,Clear,6:00am-6:59am,40,7:00am-7:59am,5,Unknown,Unknown EMS Hospital Arrival Time,1,Twilight,Clear,1,1,['Front_Passenger'],['None_Used'],0,0,Valid,0.0,0.0,22.0,22.0,['Female'],0,0,3,3,3,Dry,Straight,Grade/Hillcrest,Lowest,Yes
12419,16,Idaho,160127,0,1,1,0,2,NOT APPLICABLE,August,26,Saturday,2,14,Rural,Medium Speed (Collector),No,42.62303056,-114.47053611,Non-Intersection,Dark - Not Lighted,Clear,2:00am-2:59am,14,2:00am-2:59am,23,Unknown,Unknown EMS Hospital Arrival Time,2,Dark - Unlighted,Clear,2,0,"['Driver', 'Front_Passenger']","['None_Used', 'Shoulder_Lapbelt']",1,1,Valid,0.0,3.0,24.0,24.0,['Male'],2,0,2,4,3,Dry,Curve,Level,Lowest,No
12420,16,Idaho,160128,0,1,1,0,1,NOT APPLICABLE,August,27,Sunday,23,35,Urban,High Speed (Arterial),Yes,42.96184444,-112.46664444,Non-Intersection,Dark - Not Lighted,Clear,Unknown,Unknown if Notified,Unknown EMS Scene Arrival Hour,Unknown if Arrived,Not Applicable (Not Transported),Not Applicable (Not Transported),1,Dark - Unlighted,Clear,1,0,['Driver'],['None_Used'],1,1,Invalid,0.0,0.0,31.0,31.0,['Female'],0,0,2,4,3,Dry,Curve,Level,Lowest,No
12421,16,Idaho,160129,0,1,1,0,1,IDAHO FALLS,August,14,Monday,23,18,Urban,Medium Speed (Collector),No,43.52198056,-112.05804722,Non-Intersection,Dark - Not Lighted,Clear,11:00pm-11:59pm,18,11:00pm-11:59pm,25,Not Applicable (Not Transported),Not Applicable (Not Transported),1,Dark - Unlighted,Clear,1,0,['Driver'],['Shoulder_Lapbelt'],1,1,Valid,0.0,0.0,41.0,41.0,['Female'],0,0,2,4,3,Dry,Curve,Grade/Hillcrest,Lowest,No
12422,16,Idaho,160130,0,2,2,0,4,CALDWELL,August,16,Wednesday,11,37,Urban,High Speed (Arterial),No,43.66642222,-116.69295,Complex/Circle,Daylight,Clear,11:00am-11:59am,37,11:00am-11:59am,41,Not Applicable (Not Transported),Not Applicable (Not Transported),1,Daylight,Clear,1,3,['Driver'],['None_Used'],0,0,Valid,0.0,0.0,62.0,35.0,"['Male', 'Male']",0,0,5,2,5,Dry,Straight,Level,Lowest,No
12423,16,Idaho,160131,0,1,1,0,3,NOT APPLICABLE,August,7,Monday,11,5,Rural,High Speed (Arterial),Yes,42.57753611,-113.44750556,Non-Intersection,Daylight,Clear,11:00am-11:59am,6,11:00am-11:59am,28,Unknown,Unknown EMS Hospital Arrival Time,1,Daylight,Clear,1,2,['Front_Passenger'],['Shoulder_Lapbelt'],0,0,Valid,0.0,0.0,43.0,43.0,['Female'],0,0,3,4,3,Dry,Straight,Level,Medium,No
12424,16,Idaho,160132,0,2,2,0,2,NOT APPLICABLE,September,1,Friday,15,50,Rural,High Speed (Arterial),Yes,42.59924167,-114.33943056,Non-Intersection,Daylight,Cloudy,3:00pm-3:59pm,51,3:00pm-3:59pm,59,Not Applicable (Not Transported),Not Applicable (Not Transported),1,Daylight,Reduced Visibility,1,1,['Driver'],['Shoulder_Lapbelt'],1,1,Valid,0.0,1.0,53.0,49.0,"['Male', 'Male']",0,0,4,4,5,Dry,Straight,Level,Lowest,No
12425,16,Idaho,160133,0,2,2,0,5,NOT APPLICABLE,September,1,Friday,21,46,Rural,Medium Speed (Collector),No,43.85614167,-111.278175,Non-Intersection,Dark - Not Lighted,Clear,9:00pm-9:59pm,49,10:00pm-10:59pm,6,Not Applicable (Not Transported),Not Applicable (Not Transported),4,Dark - Unlighted,Clear,4,1,"['Driver', 'Rear_Seat', 'Rear_Seat', 'Front_Passenger']","['Shoulder_Lapbelt', 'Shoulder_Lapbelt', 'Shoulder_Lapbelt', 'Shoulder_Lapbelt']",0,0,Valid,0.0,0.0,46.0,44.0,"['Female', 'Male']",0,0,4,4,5,Dry,Curve,Grade/Hillcrest,Lowest,No
12426,16,Idaho,160134,0,2,2,0,6,POST FALLS,July,29,Saturday,22,16,Urban,High Speed (Arterial),No,47.71623611,-117.0018,Complex/Circle,Dark - Lighted,Clear,10:00pm-10:59pm,20,10:00pm-10:59pm,24,Unknown,Unknown EMS Hospital Arrival Time,1,Dark - Lighted,Clear,1,5,['Driver'],['None_Used'],1,1,Valid,0.0,0.0,39.0,28.0,"['Male', 'Male']",1,0,5,3,5,Dry,Straight,Level,Lowest,No
12427,16,Idaho,160135,0,1,1,0,1,NOT APPLICABLE,September,9,Saturday,10,39,Rural,High Speed (Arterial),Yes,42.57629444,-114.05761667,Non-Intersection,Daylight,Clear,10:00am-10:59am,49,11:00am-11:59am,0,Not Applicable (Not Transported),Not Applicable (Not Transported),1,Daylight,Clear,1,0,['Driver'],['Shoulder_Lapbelt'],0,0,Valid,0.0,0.0,64.0,64.0,['Male'],0,0,4,4,3,Dry,Straight,Level,Lowest,No
12428,16,Idaho,160136,0,1,1,0,1,NOT APPLICABLE,September,7,Thursday,14,47,Rural,Medium Speed (Collector),No,44.58589167,-116.73683611,Non-Intersection,Daylight,Clear,2:00pm-2:59pm,48,3:00pm-3:59pm,3,Not Applicable (Not Transported),Not Applicable (Not Transported),1,Daylight,Clear,1,0,['Driver'],['None_Used'],0,0,Valid,0.0,0.0,57.0,57.0,['Male'],0,0,5,4,3,Dry,Curve,Grade/Hillcrest,Lowest,No
12429,16,Idaho,160137,0,1,1,0,1,NOT APPLICABLE,August,7,Monday,15,0,Rural,High Speed (Arterial),Yes,46.58127778,-114.61073889,Simple Junction,Daylight,Cloudy,3:00pm-3:59pm,44,4:00pm-4:59pm,6,Unknown,Unknown EMS Hospital Arrival Time,1,Daylight,Reduced Visibility,1,0,['Driver'],['None_Used'],0,0,Invalid,0.0,0.0,58.0,58.0,['Male'],0,0,5,3,3,Wet/Standing Water,Curve,Level,Lowest,No
12430,16,Idaho,160138,0,5,5,0,13,BOISE,August,26,Saturday,10,58,Urban,High Speed (Arterial),Yes,43.58114722,-116.25583056,Non-Intersection,Daylight,Clear,10:00am-10:59am,59,11:00am-11:59am,6,Unknown,Unknown EMS Hospital Arrival Time,1,Daylight,Clear,1,12,['Front_Passenger'],['Shoulder_Lapbelt'],1,1,Valid,1.0,2.0,54.0,21.0,"['Male', 'Male', 'Male', 'Female', 'Male']",0,0,4,4,5,Dry,Straight,Level,Lowest,No
12431,16,Idaho,160139,0,2,2,0,2,TETON,September,12,Tuesday,12,11,Rural,Medium Speed (Collector),No,43.88652778,-111.67639444,Complex/Circle,Daylight,Clear,12:00pm-12:59pm,13,12:00pm-12:59pm,24,Unknown,Unknown EMS Hospital Arrival Time,1,Daylight,Clear,1,1,['Driver'],['None_Used'],0,0,Valid,0.0,0.0,78.0,75.0,"['Male', 'Male']",0,0,3,4,5,Dry,Curve,Level,Lowest,No
12432,16,Idaho,160140,0,1,1,0,2,NOT APPLICABLE,September,10,Sunday,3,9,Rural,Medium Speed (Collector),No,42.76749722,-114.52033611,Non-Intersection,Dark - Not Lighted,Clear,3:00am-3:59am,33,3:00am-3:59am,41,Not Applicable (Not Transported),Not Applicable (Not Transported),1,Dark - Unlighted,Clear,1,1,['Driver'],['Shoulder_Lapbelt'],1,1,Invalid,0.0,0.0,21.0,21.0,['Male'],0,0,2,4,4,Dry,Curve,Level,Lowest,No
12433,16,Idaho,160142,0,2,2,0,3,NOT APPLICABLE,September,15,Friday,1,58,Rural,High Speed (Arterial),Yes,42.57637778,-113.93874722,Non-Intersection,Dark - Not Lighted,Clear,2:00am-2:59am,13,2:00am-2:59am,21,Unknown,Unknown EMS Hospital Arrival Time,1,Dark - Unlighted,Clear,1,2,['Driver'],['Shoulder_Lapbelt'],0,0,Valid,0.0,0.0,53.0,43.0,"['Male', 'Male']",0,0,4,4,5,Dry,Straight,Grade/Hillcrest,Lowest,No
12434,16,Idaho,160143,0,2,2,0,2,SUGAR CITY,September,17,Sunday,19,54,Rural,High Speed (Arterial),No,43.88366944,-111.73791667,Complex/Circle,Dusk,Clear,7:00pm-7:59pm,55,8:00pm-8:59pm,3,Unknown,Unknown EMS Hospital Arrival Time,1,Twilight,Clear,1,1,['Driver'],['None_Used'],0,0,Valid,0.0,0.0,61.0,15.0,"['Female', 'Male']",0,0,5,4,5,Dry,Straight,Level,Lowest,No
12435,16,Idaho,160144,1,1,1,0,1,NOT APPLICABLE,September,18,Monday,20,23,Rural,Medium Speed (Collector),No,43.93651111,-112.21391389,Non-Intersection,Dark - Not Lighted,Clear,8:00pm-8:59pm,23,8:00pm-8:59pm,24,Not Applicable (Not Transported),Not Applicable (Not Transported),1,Dark - Unlighted,Clear,0,1,[],[],0,0,Valid,0.0,0.0,59.0,59.0,['Male'],0,0,4,3,1,Dry,Straight,Level,Lowest,No
12436,16,Idaho,160145,0,2,1,1,2,LEWISTON,September,17,Sunday,13,21,Urban,Medium Speed (Collector),No,46.40663889,-117.01242222,Non-Intersection,Daylight,Clear,1:00pm-1:59pm,23,1:00pm-1:59pm,26,Unknown,Unknown EMS Hospital Arrival Time,1,Daylight,Clear,1,1,['Rear_Seat'],['None_Used'],0,0,Valid,0.0,1.0,25.0,25.0,['Male'],2,0,5,4,5,Dry,Straight,Grade/Hillcrest,Lowest,Yes
12437,16,Idaho,160146,1,1,1,0,1,NOT APPLICABLE,September,23,Saturday,19,30,Rural,High Speed (Arterial),Yes,42.57645278,-114.26338333,Non-Intersection,Dusk,Clear,7:00pm-7:59pm,33,7:00pm-7:59pm,40,Not Applicable (Not Transported),Not Applicable (Not Transported),1,Twilight,Clear,0,1,[],[],0,0,Valid,0.0,0.0,75.0,75.0,['Male'],0,0,4,3,4,Dry,Straight,Level,Lowest,No
12438,16,Idaho,160147,0,1,1,0,1,NOT APPLICABLE,September,23,Saturday,0,18,Rural,High Speed (Arterial),Yes,45.02443611,-113.91888333,Non-Intersection,Dark - Not Lighted,Clear,0:00am-0:59am,19,0:00am-0:59am,37,Not Applicable (Not Transported),Not Applicable (Not Transported),1,Dark - Unlighted,Clear,1,0,['Driver'],['None_Used'],0,0,Valid,0.0,0.0,22.0,22.0,['Male'],1,0,3,4,3,Dry,Straight,Level,Lowest,No
12439,16,Idaho,160148,0,2,2,0,2,IRWIN,September,21,Thursday,12,5,Rural,High Speed (Arterial),Yes,43.37180278,-111.23929722,Non-Intersection,Daylight,Cloudy,12:00pm-12:59pm,8,12:00pm-12:59pm,13,Not Applicable (Not Transported),Not Applicable (Not Transported),1,Daylight,Reduced Visibility,1,1,['Driver'],['Shoulder_Lapbelt'],1,1,Valid,0.0,2.0,28.0,25.0,"['Male', 'Male']",0,0,4,4,5,Wet/Standing Water,Straight,Level,Lowest,No
12440,16,Idaho,160149,0,2,2,0,4,NOT APPLICABLE,May,31,Wednesday,7,48,Rural,High Speed (Arterial),Yes,44.19756667,-116.91942222,Non-Intersection,Daylight,Clear,7:00am-7:59am,48,7:00am-7:59am,56,Unknown,Unknown EMS Hospital Arrival Time,1,Daylight,Clear,1,3,['Driver'],['Shoulder_Lapbelt'],0,0,Valid,0.0,0.0,37.0,20.0,"['Male', 'Male']",0,0,4,4,5,Dry,Straight,Level,Lowest,No
12441,16,Idaho,160150,0,1,1,0,2,NOT APPLICABLE,August,22,Tuesday,15,30,Rural,Medium Speed (Collector),No,44.16958056,-115.268125,Non-Intersection,Daylight,Clear,3:00pm-3:59pm,46,4:00pm-4:59pm,40,Unknown,Unknown EMS Hospital Arrival Time,1,Daylight,Clear,1,1,['Driver'],['Shoulder_Lapbelt'],0,0,Valid,0.0,0.0,78.0,78.0,['Male'],0,0,3,4,3,Dry,Straight,Level,Lowest,No
12442,16,Idaho,160151,0,1,1,0,3,NOT APPLICABLE,September,18,Monday,0,22,Rural,High Speed (Arterial),Yes,43.28018889,-112.29285278,Non-Intersection,Dark - Not Lighted,Clear,0:00am-0:59am,27,0:00am-0:59am,33,Unknown,Unknown EMS Hospital Arrival Time,2,Dark - Unlighted,Clear,2,1,"['Driver', 'Front_Passenger']","['None_Used', 'None_Used']",1,1,Invalid,0.0,0.0,17.0,17.0,['Male'],0,0,3,4,3,Dry,Straight,Level,Lowest,No
12443,16,Idaho,160152,1,1,1,0,1,NOT APPLICABLE,October,3,Tuesday,6,24,Rural,High Speed (Arterial),Yes,42.61708611,-111.97535833,Non-Intersection,Dark - Not Lighted,Rain,6:00am-6:59am,28,6:00am-6:59am,49,Not Applicable (Not Transported),Not Applicable (Not Transported),1,Dark - Unlighted,Rain/Wind/Minor,0,1,[],[],0,0,Valid,0.0,0.0,58.0,58.0,['Male'],0,0,3,2,4,Wet/Standing Water,Straight,Grade/Hillcrest,Lowest,No
12444,16,Idaho,160153,0,1,1,0,1,NOT APPLICABLE,August,5,Saturday,17,15,Rural,Low Speed (Local),No,43.84018333,-115.53633889,Non-Intersection,Daylight,Clear,5:00pm-5:59pm,21,6:00pm-6:59pm,20,Not Applicable (Not Transported),Not Applicable (Not Transported),1,Daylight,Clear,1,0,['Driver'],['None_Used'],0,0,Valid,0.0,1.0,19.0,19.0,['Male'],0,0,5,3,4,Dry,Curve,Level,Lowest,No
12445,16,Idaho,160154,1,1,1,0,2,CALDWELL,August,6,Sunday,23,51,Urban,High Speed (Arterial),Yes,43.60446389,-116.67323889,Complex/Circle,Dark - Lighted,Clear,11:00pm-11:59pm,47,11:00pm-11:59pm,55,Not Applicable (Not Transported),Not Applicable (Not Transported),1,Dark - Lighted,Clear,0,2,[],[],0,0,Valid,0.0,0.0,20.0,20.0,['Male'],0,0,3,3,4,Dry,Straight,Level,Lowest,No
12446,16,Idaho,160155,0,1,1,0,1,NOT APPLICABLE,October,7,Saturday,17,0,Rural,Medium Speed (Collector),No,43.93035556,-115.67998333,Non-Intersection,Dusk,Clear,5:00pm-5:59pm,9,5:00pm-5:59pm,40,Not Applicable (Not Transported),Not Applicable (Not Transported),1,Twilight,Clear,1,0,['Driver'],['None_Used'],0,0,Valid,0.0,2.0,27.0,27.0,['Male'],1,0,5,4,2,Dry,Curve,Grade/Hillcrest,Lowest,No
12447,16,Idaho,160156,0,1,1,0,1,NEW PLYMOUTH,October,7,Saturday,17,14,Rural,Medium Speed (Collector),No,43.93415833,-116.77246111,Non-Intersection,Daylight,Clear,5:00pm-5:59pm,16,5:00pm-5:59pm,31,Not Applicable (Not Transported),Not Applicable (Not Transported),1,Daylight,Clear,1,0,['Driver'],['None_Used'],0,0,Valid,0.0,1.0,47.0,47.0,['Male'],0,0,5,4,3,Dry,Straight,Level,Lowest,No
12448,16,Idaho,160157,0,1,1,0,3,NOT APPLICABLE,August,11,Friday,11,26,Rural,Low Speed (Local),No,47.58790556,-116.26311944,Non-Intersection,Daylight,Clear,11:00am-11:59am,26,11:00am-11:59am,36,Unknown,Unknown EMS Hospital Arrival Time,1,Daylight,Clear,1,2,['Non_Standard_Risk'],['None_Used'],0,0,Valid,0.0,0.0,33.0,33.0,['Male'],0,0,3,1,1,Dry,Curve,Level,Lowest,No
12449,16,Idaho,160158,0,2,2,0,3,NOT APPLICABLE,October,14,Saturday,20,46,Rural,Medium Speed (Collector),No,43.19695,-112.47478889,Complex/Circle,Dark - Not Lighted,Clear,8:00pm-8:59pm,47,8:00pm-8:59pm,50,9:00pm-9:59pm,36,1,Dark - Unlighted,Clear,1,2,['Front_Passenger'],['None_Used'],1,1,Valid,1.0,0.0,66.0,24.0,"['Male', 'Male']",2,0,3,4,5,Dry,Straight,Level,Lowest,No
12450,16,Idaho,160159,0,1,1,0,1,NOT APPLICABLE,October,8,Sunday,15,48,Rural,Medium Speed (Collector),No,44.07420833,-115.66678333,Non-Intersection,Daylight,Clear,3:00pm-3:59pm,48,Unknown EMS Scene Arrival Hour,Unknown EMS Scene Arrival Minutes,Not Applicable (Not Transported),Not Applicable (Not Transported),1,Daylight,Clear,1,0,['Driver'],['None_Used'],0,0,Valid,0.0,0.0,44.0,44.0,['Male'],1,0,5,4,2,Dry,Curve,Grade/Hillcrest,Lowest,No
12451,16,Idaho,160160,1,1,1,0,3,NOT APPLICABLE,July,4,Tuesday,22,48,Rural,Medium Speed (Collector),No,43.38652222,-116.53358333,Complex/Circle,Dark - Not Lighted,Clear,10:00pm-10:59pm,49,11:00pm-11:59pm,7,Unknown,Unknown EMS Hospital Arrival Time,1,Dark - Unlighted,Clear,0,3,[],[],0,0,Invalid,0.0,0.0,14.0,14.0,['Male'],3,0,3,3,4,Dry,Straight,Level,Lowest,No
12452,16,Idaho,160161,0,2,2,0,2,NOT APPLICABLE,October,3,Tuesday,10,46,Rural,High Speed (Arterial),No,43.82419167,-116.47808611,Non-Intersection,Daylight,Rain,10:00am-10:59am,46,11:00am-11:59am,3,Unknown,Unknown EMS Hospital Arrival Time,1,Daylight,Rain/Wind/Minor,1,1,['Driver'],['None_Used'],0,0,Valid,0.0,1.0,53.0,36.0,"['Male', 'Male']",0,0,4,4,5,Wet/Standing Water,Straight,Level,Lowest,No
12453,16,Idaho,160162,0,2,2,0,2,NOT APPLICABLE,October,6,Friday,6,39,Rural,High Speed (Arterial),Yes,42.95838056,-115.48114722,Non-Intersection,Dark - Not Lighted,Clear,6:00am-6:59am,39,7:00am-7:59am,2,Not Applicable (Not Transported),Not Applicable (Not Transported),2,Dark - Unlighted,Clear,2,0,"['Driver', 'Driver']","['Shoulder_Lapbelt', 'Shoulder_Lapbelt']",0,0,Valid,0.0,0.0,40.0,35.0,"['Male', 'Male']",0,0,4,4,5,Dry,Curve,Grade/Hillcrest,Lowest,No
12454,16,Idaho,160163,0,1,1,0,2,NOT APPLICABLE,October,9,Monday,12,20,Rural,Low Speed (Local),No,42.42296389,-114.04968333,Non-Intersection,Daylight,Clear,12:00pm-12:59pm,22,12:00pm-12:59pm,45,Unknown,Unknown EMS Hospital Arrival Time,1,Daylight,Clear,1,1,['Driver'],['None_Used'],1,1,Invalid,0.0,0.0,28.0,28.0,['Male'],0,0,3,4,3,Dry,Straight,Level,Lowest,No
12455,16,Idaho,160164,0,2,2,0,2,FRUITLAND,October,10,Tuesday,13,41,Rural,High Speed (Arterial),Yes,43.8909,-116.95404722,Non-Intersection,Daylight,Rain,1:00pm-1:59pm,41,1:00pm-1:59pm,53,Not Applicable (Not Transported),Not Applicable (Not Transported),1,Daylight,Rain/Wind/Minor,1,1,['Driver'],['None_Used'],0,0,Valid,0.0,0.0,45.0,38.0,"['Male', 'Male']",0,0,4,4,5,Wet/Standing Water,Straight,Grade/Hillcrest,Lowest,No
12456,16,Idaho,160165,0,2,2,0,3,NOT APPLICABLE,September,13,Wednesday,4,45,Rural,Medium Speed (Collector),Yes,42.47499167,-114.06935,Simple Junction,Dark - Not Lighted,Cloudy,4:00am-4:59am,51,5:00am-5:59am,6,Unknown,Unknown EMS Hospital Arrival Time,1,Dark - Unlighted,Reduced Visibility,1,2,['Front_Passenger'],['None_Used'],0,0,Invalid,0.0,0.0,22.0,20.0,"['Male', 'Male']",2,0,3,4,5,Dry,Straight,Level,Lowest,No