,State_Code,State_Name,Crash_ID,Count_Non_Motorists,Count_Vehicles_Total,Count_Vehicle_Forms,Count_PVH_Involved,Count_Occupants_MV,City_Name,Month_Name,Day_of_Month,Day_of_Week,Crash_Hour,Crash_Minute,Area_Rural_Urban,Road_Functional_Class,On_NHS_Road,Latitude,Longitude,Intersection_Type,Light_Condition,Weather_Condition,Notif_Hour,Notif_Minute,Arrival_Hour,Arrival_Minute,Hospital_Hour,Hospital_Minute,Fatalities_Count,Clean_Light_Condition,Clean_Weather_Condition,Total_Killed,Total_Alive,Fatal_Seats_List,Killed_Restraint_List,Any_Driver_Drinking,Total_Drinking_Drivers,Driver_License_Category,Driver_Max_Prev_Accident_Count,Driver_Max_Prev_Speeding_Count,Max_Driver_Age,Min_Driver_Age,Driver_Sex_List,Total_Exceeding_Limit_Vehicles,Total_Too_Fast_Vehicles,Max_Vehicle_Type_Severity_5,Max_Vehicle_Damage_Rank,Max_Harmful_Event_Severity,Crash_Road_Surface_Condition,Crash_Horizontal_Alignment,Crash_Vertical_Profile,Crash_Impairment_Category,Crash_Vehicle_Defect
12457,16,Idaho,160166,1,1,1,0,1,NOT APPLICABLE,September,16,Saturday,99,99,Rural,Low Speed (Local),No,42.54758611,-114.00049722,Non-Intersection,Dark - Not Lighted,Clear,7:00am-7:59am,36,7:00am-7:59am,56,Not Applicable (Not Transported),Not Applicable (Not Transported),1,Dark - Unlighted,Clear,0,1,[],[],1,1,Valid,1.0,2.0,20.0,20.0,['Male'],0,0,2,2,4,Dry,Straight,Level,Lowest,No
12458,16,Idaho,160167,0,1,1,0,1,NOT APPLICABLE,July,17,Monday,18,0,Rural,Medium Speed (Collector),No,43.04464167,-116.27216944,Non-Intersection,Daylight,Clear,6:00pm-6:59pm,0,6:00pm-6:59pm,10,Unknown,Unknown EMS Hospital Arrival Time,1,Daylight,Clear,1,0,['Driver'],['None_Used'],0,0,Valid,0.0,0.0,74.0,74.0,['Male'],0,0,5,4,3,Dry,Straight,Level,Lowest,No
12459,16,Idaho,160168,0,6,6,0,6,IDAHO FALLS,October,19,Thursday,6,53,Urban,High Speed (Arterial),Yes,43.45381667,-112.06756389,Simple Junction,Dark - Not Lighted,Clear,6:00am-6:59am,54,7:00am-7:59am,2,Unknown,Unknown EMS Hospital Arrival Time,1,Dark - Unlighted,Clear,1,5,['Driver'],['Shoulder_Lapbelt'],0,0,Valid,0.0,1.0,62.0,18.0,"['Female', 'Male', 'Male', 'Male', 'Female', 'Male']",0,0,4,4,5,Dry,Straight,Level,Lowest,No
12460,16,Idaho,160169,1,1,1,0,1,NAMPA,October,18,Wednesday,16,56,Urban,High Speed (Arterial),Yes,43.60736667,-116.60570556,Complex/Circle,Daylight,Clear,4:00pm-4:59pm,58,5:00pm-5:59pm,9,Unknown,Unknown EMS Hospital Arrival Time,1,Daylight,Clear,0,1,[],[],0,0,Valid,0.0,0.0,64.0,64.0,['Male'],0,0,3,2,4,Dry,Straight,Level,Lowest,No
12461,16,Idaho,160170,1,1,1,0,1,BOISE,June,10,Saturday,23,54,Urban,Medium Speed (Collector),No,43.63446111,-116.33438333,Complex/Circle,Dark - Lighted,Clear,11:00pm-11:59pm,54,11:00pm-11:59pm,58,Unknown,Unknown EMS Hospital Arrival Time,1,Dark - Lighted,Clear,0,1,[],[],0,0,Valid,0.0,0.0,55.0,55.0,['Male'],0,0,3,2,4,Dry,Straight,Level,Lowest,No
12462,16,Idaho,160171,0,2,2,0,7,NOT APPLICABLE,October,13,Friday,7,14,Rural,Medium Speed (Collector),No,42.72393056,-114.44285278,Complex/Circle,Dawn,Clear,7:00am-7:59am,16,7:00am-7:59am,21,Unknown,Unknown EMS Hospital Arrival Time,4,Twilight,Clear,4,3,"['Driver', 'Rear_Seat', 'Rear_Seat', 'Rear_Seat']","['Shoulder_Lapbelt', 'None_Used', 'None_Used', 'None_Used']",0,0,Invalid,0.0,0.0,48.0,34.0,"['Male', 'Male']",0,0,4,4,5,Dry,Straight,Level,Lowest,No
12463,16,Idaho,160172,0,3,2,1,6,NOT APPLICABLE,October,27,Friday,17,8,Rural,Medium Speed (Collector),Yes,42.92401389,-114.69304444,Complex/Circle,Daylight,Clear,5:00pm-5:59pm,9,5:00pm-5:59pm,13,Unknown,Unknown EMS Hospital Arrival Time,2,Daylight,Clear,2,4,"['Front_Passenger', 'Rear_Seat']","['Shoulder_Lapbelt', 'Shoulder_Lapbelt']",0,0,Valid,0.0,0.0,50.0,17.0,"['Female', 'Male']",0,0,3,4,5,Dry,Straight,Level,Lowest,No
12464,16,Idaho,160173,0,2,2,0,4,NOT APPLICABLE,September,26,Tuesday,21,46,Rural,Medium Speed (Collector),No,43.86260278,-116.57818333,Non-Intersection,Dark - Not Lighted,Clear,9:00pm-9:59pm,48,9:00pm-9:59pm,59,Unknown,Unknown EMS Hospital Arrival Time,3,Dark - Unlighted,Clear,3,1,"['Driver', 'Front_Passenger', 'Driver']","['Shoulder_Lapbelt', 'Shoulder_Lapbelt', 'Shoulder_Lapbelt']",1,1,Valid,1.0,0.0,22.0,18.0,"['Male', 'Male']",0,0,3,4,5,Dry,Straight,Level,Lowest,No
12465,16,Idaho,160174,0,2,2,0,4,NOT APPLICABLE,October,2,Monday,8,2,Rural,High Speed (Arterial),Yes,44.44519444,-116.79710833,Non-Intersection,Daylight,Clear,7:00am-7:59am,55,8:00am-8:59am,16,Unknown,Unknown EMS Hospital Arrival Time,1,Daylight,Clear,1,3,['Front_Passenger'],['Shoulder_Lapbelt'],0,0,Invalid,0.0,0.0,51.0,47.0,"['Male', 'Female']",0,0,3,4,5,Dry,Straight,Grade/Hillcrest,Lowest,No
12466,16,Idaho,160175,0,2,2,0,2,NOT APPLICABLE,October,19,Thursday,6,9,Rural,Medium Speed (Collector),No,47.98767222,-116.87915556,Non-Intersection,Dark - Not Lighted,Cloudy,6:00am-6:59am,9,6:00am-6:59am,18,Not Applicable (Not Transported),Not Applicable (Not Transported),1,Dark - Unlighted,Reduced Visibility,1,1,['Driver'],['None_Used'],0,0,Valid,0.0,0.0,48.0,39.0,"['Male', 'Male']",0,0,4,4,5,Dry,Straight,Grade/Hillcrest,Lowest,No
12467,16,Idaho,160176,0,1,1,0,1,NAMPA,October,22,Sunday,15,43,Rural,Medium Speed (Collector),No,43.57552222,-116.66591944,Non-Intersection,Daylight,Clear,3:00pm-3:59pm,44,3:00pm-3:59pm,50,Not Applicable (Not Transported),Not Applicable (Not Transported),1,Daylight,Clear,1,0,['Driver'],['None_Used'],0,0,Valid,0.0,0.0,60.0,60.0,['Male'],0,0,5,3,3,Dry,Straight,Level,Lowest,No
12468,16,Idaho,160177,1,1,1,0,1,HAYDEN,September,27,Wednesday,7,45,Urban,Medium Speed (Collector),No,47.78803611,-116.79296667,Complex/Circle,Daylight,Cloudy,7:00am-7:59am,48,7:00am-7:59am,53,Unknown,Unknown EMS Hospital Arrival Time,1,Daylight,Reduced Visibility,0,1,[],[],0,0,Valid,0.0,1.0,22.0,22.0,['Male'],0,0,3,3,4,Wet/Standing Water,Straight,Level,Lowest,No
12469,16,Idaho,160178,0,2,2,0,2,BOISE,October,19,Thursday,0,22,Urban,Medium Speed (Collector),Yes,43.66278056,-116.33443333,Complex/Circle,Dark - Lighted,Clear,0:00am-0:59am,25,0:00am-0:59am,32,Unknown,Unknown EMS Hospital Arrival Time,1,Dark - Lighted,Clear,1,1,['Driver'],['Shoulder_Lapbelt'],1,1,Valid,3.0,3.0,54.0,23.0,"['Female', 'Male']",0,0,3,4,5,Dry,Straight,Level,Lowest,No
12470,16,Idaho,160179,0,1,1,0,2,FRUITLAND,October,21,Saturday,21,21,Rural,Medium Speed (Collector),No,43.97466389,-116.89373889,Simple Junction,Dark - Not Lighted,Clear,9:00pm-9:59pm,24,9:00pm-9:59pm,31,Not Applicable (Not Transported),Not Applicable (Not Transported),2,Dark - Unlighted,Clear,2,0,"['Driver', 'Front_Passenger']","['None_Used', 'Shoulder_Lapbelt']",0,0,Invalid,1.0,0.0,19.0,19.0,['Male'],2,0,2,4,4,Dry,Straight,Level,Lowest,No
12471,16,Idaho,160180,0,2,2,0,4,NOT APPLICABLE,October,29,Sunday,10,27,Rural,High Speed (Arterial),Yes,42.28773056,-111.39830833,Simple Junction,Daylight,Clear,10:00am-10:59am,29,10:00am-10:59am,39,Unknown,Unknown EMS Hospital Arrival Time,1,Daylight,Clear,1,3,['Driver'],['None_Used'],0,0,Valid,0.0,1.0,54.0,21.0,"['Female', 'Male']",0,0,3,4,5,Dry,Curve,Grade/Hillcrest,Lowest,No
12472,16,Idaho,160181,0,2,2,0,4,NOT APPLICABLE,November,5,Sunday,14,57,Rural,High Speed (Arterial),Yes,44.48906667,-111.34295833,Non-Intersection,Daylight,Cloudy,2:00pm-2:59pm,59,3:00pm-3:59pm,8,Unknown,Unknown EMS Hospital Arrival Time,2,Daylight,Reduced Visibility,2,2,"['Driver', 'Front_Passenger']","['None_Used', 'Shoulder_Lapbelt']",0,0,Invalid,0.0,0.0,53.0,49.0,"['Male', 'Male']",2,0,4,4,5,Icy/Snowy,Straight,Grade/Hillcrest,Lowest,No
12473,16,Idaho,160182,0,1,1,0,1,NOT APPLICABLE,October,21,Saturday,0,44,Rural,High Speed (Arterial),Yes,42.85138611,-114.83249444,Non-Intersection,Dark - Not Lighted,Clear,Not Applicable (Not Notified),Not Applicable (Not Notified),Not Applicable,Not Applicable,Not Applicable (Not Transported),Not Applicable (Not Transported),1,Dark - Unlighted,Clear,1,0,['Driver'],['Shoulder_Lapbelt'],1,1,Invalid,0.0,0.0,27.0,27.0,['Male'],0,0,3,4,3,Dry,Curve,Level,Lowest,No
12474,16,Idaho,160184,0,1,1,0,1,NOT APPLICABLE,October,18,Wednesday,18,8,Rural,Medium Speed (Collector),No,43.85066667,-116.75125278,Simple Junction,Daylight,Clear,6:00pm-6:59pm,10,6:00pm-6:59pm,15,Not Applicable (Not Transported),Not Applicable (Not Transported),1,Daylight,Clear,1,0,['Driver'],['None_Used'],1,1,Valid,0.0,0.0,36.0,36.0,['Male'],0,0,3,4,3,Dry,Curve,Level,Lowest,No
12475,16,Idaho,160185,1,1,1,0,1,MERIDIAN,October,25,Wednesday,19,41,Urban,High Speed (Arterial),Yes,43.59340556,-116.41992778,Non-Intersection,Dark - Not Lighted,Clear,7:00pm-7:59pm,43,7:00pm-7:59pm,45,Not Applicable (Not Transported),Not Applicable (Not Transported),1,Dark - Unlighted,Clear,0,1,[],[],0,0,Valid,0.0,1.0,61.0,61.0,['Female'],0,0,3,3,4,Dry,Straight,Level,Lowest,No
12476,16,Idaho,160186,0,2,2,0,2,NEW MEADOWS,November,6,Monday,10,39,Rural,High Speed (Arterial),Yes,45.14316667,-116.28863611,Non-Intersection,Daylight,Rain,Unknown,Unknown,Unknown EMS Scene Arrival Hour,Unknown EMS Scene Arrival Minutes,Not Applicable (Not Transported),Not Applicable (Not Transported),1,Daylight,Rain/Wind/Minor,1,1,['Driver'],['None_Used'],0,0,Valid,0.0,1.0,63.0,33.0,"['Male', 'Male']",0,0,4,4,5,Wet/Standing Water,Curve,Grade/Hillcrest,Lowest,No
12477,16,Idaho,160187,1,1,1,0,1,NOT APPLICABLE,November,14,Tuesday,17,47,Urban,High Speed (Arterial),No,43.12655556,-115.74386944,Non-Intersection,Dusk,Clear,5:00pm-5:59pm,47,5:00pm-5:59pm,56,Not Applicable (Not Transported),Not Applicable (Not Transported),1,Twilight,Clear,0,1,[],[],0,0,Valid,0.0,0.0,71.0,71.0,['Female'],0,0,3,3,4,Dry,Straight,Level,Lowest,No
12478,16,Idaho,160188,0,3,3,0,3,NOT APPLICABLE,November,17,Friday,7,58,Urban,High Speed (Arterial),No,43.63335278,-116.71307222,Complex/Circle,Daylight,"Fog, Smog, Smoke",8:00am-8:59am,7,8:00am-8:59am,8,Unknown,Unknown EMS Hospital Arrival Time,1,Daylight,Reduced Visibility,1,2,['Driver'],['Shoulder_Lapbelt'],0,0,Valid,0.0,1.0,80.0,40.0,"['Male', 'Male', 'Male']",0,0,3,4,5,Dry,Straight,Level,Lowest,No
12479,16,Idaho,160189,0,1,1,0,2,NOT APPLICABLE,September,30,Saturday,1,9,Rural,Medium Speed (Collector),No,43.75030833,-115.98509444,Non-Intersection,Dark - Lighted,Clear,1:00am-1:59am,9,1:00am-1:59am,9,Unknown,Unknown EMS Hospital Arrival Time,1,Dark - Lighted,Clear,1,1,['Driver'],['None_Used'],1,1,Valid,0.0,0.0,54.0,54.0,['Male'],0,0,5,4,3,Dry,Curve,Level,Lowest,No
12480,16,Idaho,160190,0,1,1,0,1,NOT APPLICABLE,October,24,Tuesday,14,52,Rural,Medium Speed (Collector),No,47.41717222,-116.64346389,Non-Intersection,Daylight,Rain,2:00pm-2:59pm,52,3:00pm-3:59pm,13,Not Applicable (Not Transported),Not Applicable (Not Transported),1,Daylight,Rain/Wind/Minor,1,0,['Driver'],['None_Used'],0,0,Valid,0.0,0.0,40.0,40.0,['Female'],0,0,3,4,3,Wet/Standing Water,Straight,Level,Lowest,No
12481,16,Idaho,160191,0,1,1,0,1,COEUR D'ALENE,November,4,Saturday,9,54,Urban,High Speed (Arterial),No,47.70141944,-116.83601111,Non-Intersection,Daylight,Rain,9:00am-9:59am,54,9:00am-9:59am,56,Not Applicable (Not Transported),Not Applicable (Not Transported),1,Daylight,Rain/Wind/Minor,1,0,['Driver'],['Shoulder_Lapbelt'],0,0,Valid,0.0,0.0,68.0,68.0,['Female'],0,0,3,4,1,Wet/Standing Water,Straight,Level,Lowest,No
12482,16,Idaho,160192,0,2,2,0,3,NOT APPLICABLE,November,8,Wednesday,18,4,Rural,Medium Speed (Collector),No,42.56406389,-114.30179444,Non-Intersection,Dark - Not Lighted,Clear,6:00pm-6:59pm,4,6:00pm-6:59pm,10,Unknown,Unknown EMS Hospital Arrival Time,1,Dark - Unlighted,Clear,1,2,['Driver'],['Shoulder_Lapbelt'],0,0,Invalid,1.0,0.0,40.0,35.0,"['Male', 'Male']",0,0,3,4,5,Dry,Straight,Grade/Hillcrest,Lowest,No
12483,16,Idaho,160193,0,1,1,0,1,SWAN VALLEY,November,22,Wednesday,23,40,Rural,High Speed (Arterial),Yes,43.45060278,-111.40272778,Non-Intersection,Dark - Not Lighted,Clear,11:00pm-11:59pm,40,11:00pm-11:59pm,49,Not Applicable (Not Transported),Not Applicable (Not Transported),1,Dark - Unlighted,Clear,1,0,['Driver'],['None_Used'],0,0,Valid,0.0,0.0,41.0,41.0,['Male'],1,0,2,4,3,Dry,Curve,Grade/Hillcrest,Lowest,No
12484,16,Idaho,160194,0,1,1,0,1,NOT APPLICABLE,November,14,Tuesday,15,59,Rural,High Speed (Arterial),Yes,42.72070833,-114.44328333,Non-Intersection,Daylight,Clear,3:00pm-3:59pm,59,4:00pm-4:59pm,5,Unknown,Unknown EMS Hospital Arrival Time,1,Daylight,Clear,1,0,['Driver'],['None_Used'],0,0,Valid,0.0,0.0,65.0,65.0,['Male'],0,0,4,3,3,Dry,Curve,Grade/Hillcrest,Lowest,No
12485,16,Idaho,160195,0,1,1,0,1,NOT APPLICABLE,November,26,Sunday,20,15,Rural,Medium Speed (Collector),No,44.180725,-114.92654444,Non-Intersection,Dark - Not Lighted,Clear,8:00pm-8:59pm,35,8:00pm-8:59pm,51,Not Applicable (Not Transported),Not Applicable (Not Transported),1,Dark - Unlighted,Clear,1,0,['Driver'],['None_Used'],1,1,Valid,0.0,0.0,29.0,29.0,['Male'],0,0,3,4,3,Dry,Straight,Level,Medium,No
12486,16,Idaho,160196,0,2,2,0,2,NOT APPLICABLE,November,29,Wednesday,18,57,Urban,High Speed (Arterial),Yes,43.69575833,-116.71314444,Complex/Circle,Dark - Not Lighted,Clear,6:00pm-6:59pm,59,7:00pm-7:59pm,7,Unknown,Unknown EMS Hospital Arrival Time,1,Dark - Unlighted,Clear,1,1,['Driver'],['Shoulder_Lapbelt'],0,0,Invalid,0.0,0.0,58.0,37.0,"['Male', 'Female']",0,0,3,4,5,Dry,Straight,Level,Lowest,No
12487,16,Idaho,160197,0,4,4,0,8,MERIDIAN,October,10,Tuesday,17,30,Urban,High Speed (Arterial),Yes,43.60732778,-116.35476111,Non-Intersection,Daylight,Clear,5:00pm-5:59pm,30,5:00pm-5:59pm,35,Unknown,Unknown EMS Hospital Arrival Time,1,Daylight,Clear,1,7,['Driver'],['None_Used'],0,0,Valid,0.0,1.0,55.0,22.0,"['Female', 'Female', 'Male', 'Male']",1,0,3,4,5,Dry,Straight,Grade/Hillcrest,Lowest,No
12488,16,Idaho,160198,0,1,1,0,1,LEWISTON,October,24,Tuesday,15,33,Urban,High Speed (Arterial),Yes,46.43199722,-116.99579167,Non-Intersection,Daylight,Cloudy,3:00pm-3:59pm,35,3:00pm-3:59pm,35,Not Applicable (Not Transported),Not Applicable (Not Transported),1,Daylight,Reduced Visibility,1,0,['Driver'],['None_Used'],0,0,Valid,0.0,2.0,55.0,55.0,['Male'],1,0,4,4,3,Dry,Curve,Grade/Hillcrest,Lowest,No
12489,16,Idaho,160199,1,1,1,0,1,NOT APPLICABLE,October,25,Wednesday,22,17,Rural,Medium Speed (Collector),No,42.36470833,-113.36980556,Non-Intersection,Dark - Not Lighted,Severe Crosswinds,10:00pm-10:59pm,17,10:00pm-10:59pm,29,Unknown,Unknown EMS Hospital Arrival Time,1,Dark - Unlighted,Rain/Wind/Minor,0,1,[],[],1,1,Valid,0.0,0.0,30.0,30.0,['Male'],0,0,2,4,4,Wet/Standing Water,Straight,Level,Lowest,No
12490,16,Idaho,160200,0,1,1,0,1,NOT APPLICABLE,October,28,Saturday,6,36,Rural,High Speed (Arterial),Yes,42.48589167,-113.39259444,Non-Intersection,Dark - Not Lighted,Clear,6:00am-6:59am,36,6:00am-6:59am,57,Not Applicable (Not Transported),Not Applicable (Not Transported),1,Dark - Unlighted,Clear,1,0,['Driver'],['Shoulder_Lapbelt'],1,1,Valid,0.0,0.0,18.0,18.0,['Female'],0,0,3,4,3,Dry,Straight,Level,Medium,No
12491,16,Idaho,160201,1,1,1,0,1,NOT APPLICABLE,November,4,Saturday,19,30,Urban,Medium Speed (Collector),No,42.60509722,-113.72161389,Non-Intersection,Dark - Not Lighted,Cloudy,7:00pm-7:59pm,32,7:00pm-7:59pm,35,Not Applicable (Not Transported),Not Applicable (Not Transported),1,Dark - Unlighted,Reduced Visibility,0,1,[],[],0,0,Valid,0.0,1.0,38.0,38.0,['Male'],0,0,2,3,4,Dry,Straight,Level,Lowest,No
12492,16,Idaho,160202,1,1,1,0,1,NOT APPLICABLE,November,10,Friday,15,10,Urban,Medium Speed (Collector),No,47.78813889,-116.78818056,Complex/Circle,Daylight,Cloudy,3:00pm-3:59pm,10,3:00pm-3:59pm,15,Unknown,Unknown EMS Hospital Arrival Time,1,Daylight,Reduced Visibility,0,1,[],[],0,0,Valid,0.0,0.0,29.0,29.0,['Male'],0,0,3,3,4,Dry,Straight,Level,Lowest,No
12493,16,Idaho,160203,1,1,1,0,1,NOT APPLICABLE,November,20,Monday,4,2,Rural,Medium Speed (Collector),No,42.54816944,-114.35887222,Non-Intersection,Dark - Not Lighted,Clear,4:00am-4:59am,3,4:00am-4:59am,9,Not Applicable (Not Transported),Not Applicable (Not Transported),1,Dark - Unlighted,Clear,0,1,[],[],0,0,Valid,0.0,0.0,53.0,53.0,['Female'],0,0,3,3,4,Dry,Straight,Grade/Hillcrest,Lowest,No
12494,16,Idaho,160204,0,35,35,0,42,NOT APPLICABLE,November,27,Monday,7,59,Rural,High Speed (Arterial),Yes,42.90918611,-112.55180833,Non-Intersection,Daylight,"Fog, Smog, Smoke",8:00am-8:59am,10,8:00am-8:59am,35,Unknown,Unknown EMS Hospital Arrival Time,1,Daylight,Reduced Visibility,1,40,['Driver'],['Shoulder_Lapbelt'],0,0,Valid,0.0,3.0,78.0,16.0,"['Male', 'Female', 'Male', 'Female', 'Male', 'Male', 'Female', 'Female', 'Male', 'Male', 'Female', 'Female', 'Male', 'Female', 'Male', 'Female', 'Male', 'Male', 'Female', 'Male', 'Male', 'Male', 'Female', 'Male', 'Male', 'Male', 'Female', 'Female', 'Male', 'Male', 'Male', 'Male', 'Male', 'Male', 'Female']",4,0,4,4,5,Dry,Straight,Level,Lowest,No
12495,16,Idaho,160205,0,2,2,0,2,NOT APPLICABLE,December,4,Monday,7,5,Rural,Medium Speed (Collector),No,43.83826389,-112.23229722,Non-Intersection,Dark - Not Lighted,Cloudy,7:00am-7:59am,5,7:00am-7:59am,32,Not Applicable (Not Transported),Not Applicable (Not Transported),1,Dark - Unlighted,Reduced Visibility,1,1,['Driver'],['None_Used'],1,2,Valid,0.0,1.0,24.0,23.0,"['Male', 'Male']",1,0,4,4,5,Icy/Snowy,Straight,Grade/Hillcrest,Lowest,No
12496,16,Idaho,160206,0,2,2,0,2,BLACKFOOT,December,6,Wednesday,11,14,Urban,High Speed (Arterial),Yes,43.193,-112.35368056,Complex/Circle,Daylight,Clear,11:00am-11:59am,14,11:00am-11:59am,17,Unknown,Unknown EMS Hospital Arrival Time,1,Daylight,Clear,1,1,['Driver'],['None_Used'],0,0,Valid,0.0,1.0,61.0,28.0,"['Female', 'Female']",0,0,3,4,5,Dry,Straight,Level,Lowest,No
12497,16,Idaho,160207,0,1,1,0,2,NOT APPLICABLE,December,1,Friday,15,10,Rural,Medium Speed (Collector),No,47.31813333,-116.59503056,Non-Intersection,Daylight,Snow,3:00pm-3:59pm,11,3:00pm-3:59pm,22,3:00pm-3:59pm,35,1,Daylight,Snow/Ice/Severe,1,1,['Front_Passenger'],['None_Used'],0,0,Valid,0.0,0.0,16.0,16.0,['Male'],2,0,3,4,3,Icy/Snowy,Curve,Level,Lowest,No
12498,16,Idaho,160208,0,1,1,0,2,NOT APPLICABLE,December,12,Tuesday,4,54,Rural,Medium Speed (Collector),No,43.05438333,-115.73224722,Non-Intersection,Dark - Not Lighted,Clear,4:00am-4:59am,55,5:00am-5:59am,10,Unknown,Unknown EMS Hospital Arrival Time,1,Dark - Unlighted,Clear,1,1,['Front_Passenger'],['Shoulder_Lapbelt'],0,0,Invalid,0.0,0.0,24.0,24.0,['Male'],0,0,3,4,3,Dry,Straight,Level,Lowest,No
12499,16,Idaho,160209,0,2,2,0,4,NOT APPLICABLE,December,16,Saturday,16,50,Rural,Medium Speed (Collector),No,43.025825,-115.74585833,Complex/Circle,Dark - Not Lighted,"Fog, Smog, Smoke",4:00pm-4:59pm,52,5:00pm-5:59pm,5,Unknown,Unknown EMS Hospital Arrival Time,1,Dark - Unlighted,Reduced Visibility,1,3,['Rear_Seat'],['None_Used'],0,0,Valid,0.0,1.0,28.0,24.0,"['Male', 'Male']",1,0,4,4,5,Dry,Straight,Level,Lowest,No
12500,16,Idaho,160210,0,1,1,0,1,NOT APPLICABLE,August,9,Wednesday,1,45,Urban,High Speed (Arterial),Yes,43.59889167,-116.79247778,Non-Intersection,Dark - Not Lighted,Clear,1:00am-1:59am,47,2:00am-2:59am,3,Not Applicable (Not Transported),Not Applicable (Not Transported),1,Dark - Unlighted,Clear,1,0,['Driver'],['None_Used'],0,0,Valid,0.0,0.0,66.0,66.0,['Male'],0,0,5,3,2,Dry,Straight,Grade/Hillcrest,Medium,No
12501,16,Idaho,160211,1,1,1,0,2,MCCALL,August,19,Saturday,23,41,Rural,Medium Speed (Collector),No,44.91236389,-116.09262778,Non-Intersection,Dark - Not Lighted,Cloudy,11:00pm-11:59pm,43,11:00pm-11:59pm,46,Unknown,Unknown EMS Hospital Arrival Time,1,Dark - Unlighted,Reduced Visibility,0,0,[],[],1,1,Valid,0.0,1.0,36.0,36.0,['Male'],0,0,3,3,4,Dry,Curve,Grade/Hillcrest,Lowest,No
12502,16,Idaho,160212,0,1,1,0,1,NOT APPLICABLE,September,13,Wednesday,10,55,Rural,Medium Speed (Collector),No,47.98499444,-116.87853056,Non-Intersection,Daylight,Clear,11:00am-11:59am,5,11:00am-11:59am,15,Unknown,Unknown EMS Hospital Arrival Time,1,Daylight,Clear,1,0,['Driver'],['Shoulder_Lapbelt'],0,0,Valid,0.0,0.0,62.0,62.0,['Male'],0,0,3,4,3,Dry,Straight,Grade/Hillcrest,Medium,No
12503,16,Idaho,160213,0,2,2,0,6,NOT APPLICABLE,December,3,Sunday,19,50,Rural,High Speed (Arterial),Yes,42.54021667,-111.41940833,Non-Intersection,Dark - Not Lighted,Blowing Snow,7:00pm-7:59pm,54,8:00pm-8:59pm,30,Unknown,Unknown EMS Hospital Arrival Time,1,Dark - Unlighted,Snow/Ice/Severe,1,5,['Driver'],['None_Used'],0,0,Valid,0.0,0.0,44.0,24.0,"['Female', 'Male']",0,0,3,4,5,Icy/Snowy,Straight,Level,Lowest,No
12504,16,Idaho,160214,0,1,1,0,1,NOT APPLICABLE,December,6,Wednesday,7,34,Rural,Medium Speed (Collector),No,43.65352222,-116.56283056,Non-Intersection,Daylight,Cloudy,7:00am-7:59am,37,7:00am-7:59am,47,Not Applicable (Not Transported),Not Applicable (Not Transported),1,Daylight,Reduced Visibility,1,0,['Driver'],['None_Used'],0,0,Valid,0.0,0.0,34.0,34.0,['Male'],0,0,2,4,2,Dry,Straight,Level,Lowest,No
12505,16,Idaho,160215,0,1,1,0,1,NOT APPLICABLE,December,7,Thursday,7,54,Urban,High Speed (Arterial),Yes,43.604,-116.70396111,Non-Intersection,Daylight,Cloudy,7:00am-7:59am,54,8:00am-8:59am,4,Unknown,Unknown EMS Hospital Arrival Time,1,Daylight,Reduced Visibility,1,0,['Driver'],['None_Used'],0,0,Invalid,0.0,0.0,41.0,41.0,['Female'],0,0,3,4,3,Dry,Straight,Level,Lowest,Yes
12506,16,Idaho,160216,0,2,2,0,5,NOT APPLICABLE,December,10,Sunday,16,46,Rural,High Speed (Arterial),Yes,43.62791944,-111.94338611,Non-Intersection,Dusk,Cloudy,4:00pm-4:59pm,46,4:00pm-4:59pm,53,Unknown,Unknown EMS Hospital Arrival Time,2,Twilight,Reduced Visibility,2,3,"['Driver', 'Front_Passenger']","['None_Used', 'None_Used']",0,0,Valid,0.0,0.0,46.0,18.0,"['Male', 'Female']",2,0,3,4,5,Wet/Standing Water,Curve,Level,Lowest,No
12507,16,Idaho,160217,0,1,1,0,1,NOT APPLICABLE,September,25,Monday,12,30,Rural,High Speed (Arterial),Yes,45.22893056,-113.89548333,Non-Intersection,Daylight,Clear,12:00pm-12:59pm,32,12:00pm-12:59pm,40,Unknown,Unknown EMS Hospital Arrival Time,1,Daylight,Clear,1,0,['Driver'],['None_Used'],0,0,Valid,0.0,0.0,89.0,89.0,['Male'],0,0,5,2,3,Dry,Straight,Level,Lowest,Yes
12508,16,Idaho,160218,1,1,1,0,1,BOISE,July,31,Monday,1,38,Urban,Medium Speed (Collector),No,43.63065556,-116.33439167,Non-Intersection,Dark - Not Lighted,Clear,1:00am-1:59am,38,1:00am-1:59am,43,Not Applicable (Not Transported),Not Applicable (Not Transported),1,Dark - Unlighted,Clear,0,1,[],[],0,0,Valid,0.0,0.0,21.0,21.0,['Female'],0,0,2,3,4,Dry,Straight,Level,Lowest,No
12509,16,Idaho,160219,0,1,1,0,2,NOT APPLICABLE,August,26,Saturday,16,42,Rural,Low Speed (Local),No,46.83825556,-116.18633333,Non-Intersection,Daylight,Clear,4:00pm-4:59pm,46,5:00pm-5:59pm,0,Unknown,Unknown EMS Hospital Arrival Time,1,Daylight,Clear,1,1,['Driver'],['None_Used'],1,1,Valid,0.0,0.0,54.0,54.0,['Female'],0,0,5,3,3,Dry,Curve,Level,Lowest,No
12510,16,Idaho,160220,1,1,1,0,1,TWIN FALLS,September,28,Thursday,18,59,Urban,Medium Speed (Collector),No,42.57764444,-114.44164722,Non-Intersection,Dusk,Clear,7:00pm-7:59pm,0,7:00pm-7:59pm,3,Not Applicable (Not Transported),Not Applicable (Not Transported),1,Twilight,Clear,0,1,[],[],0,0,Valid,0.0,0.0,38.0,38.0,['Male'],0,0,3,3,4,Dry,Straight,Level,Lowest,No