,State_Code,State_Name,Crash_ID,Count_Non_Motorists,Count_Vehicles_Total,Count_Vehicle_Forms,Count_PVH_Involved,Count_Occupants_MV,City_Name,Month_Name,Day_of_Month,Day_of_Week,Crash_Hour,Crash_Minute,Area_Rural_Urban,Road_Functional_Class,On_NHS_Road,Latitude,Longitude,Intersection_Type,Light_Condition,Weather_Condition,Notif_Hour,Notif_Minute,Arrival_Hour,Arrival_Minute,Hospital_Hour,Hospital_Minute,Fatalities_Count,Clean_Light_Condition,Clean_Weather_Condition,Total_Killed,Total_Alive,Fatal_Seats_List,Killed_Restraint_List,Any_Driver_Drinking,Total_Drinking_Drivers,Driver_License_Category,Driver_Max_Prev_Accident_Count,Driver_Max_Prev_Speeding_Count,Max_Driver_Age,Min_Driver_Age,Driver_Sex_List,Total_Exceeding_Limit_Vehicles,Total_Too_Fast_Vehicles,Max_Vehicle_Type_Severity_5,Max_Vehicle_Damage_Rank,Max_Harmful_Event_Severity,Crash_Road_Surface_Condition,Crash_Horizontal_Alignment,Crash_Vertical_Profile,Crash_Impairment_Category,Crash_Vehicle_Defect
12511,16,Idaho,160221,0,2,2,0,2,NOT APPLICABLE,October,7,Saturday,20,27,Urban,Medium Speed (Collector),No,46.39551111,-117.03673056,Non-Intersection,Dark - Lighted,Clear,8:00pm-8:59pm,30,8:00pm-8:59pm,34,Not Applicable (Not Transported),Not Applicable (Not Transported),1,Dark - Lighted,Clear,1,1,['Driver'],['None_Used'],1,1,Valid,0.0,0.0,43.0,35.0,"['Male', 'Male']",1,0,5,4,5,Dry,Straight,Level,Lowest,No
12512,16,Idaho,160222,0,2,2,0,3,NOT APPLICABLE,December,1,Friday,19,26,Rural,High Speed (Arterial),Yes,43.27286389,-115.87618056,Non-Intersection,Dark - Not Lighted,Clear,7:00pm-7:59pm,27,7:00pm-7:59pm,32,Unknown,Unknown EMS Hospital Arrival Time,1,Dark - Unlighted,Clear,1,2,['Driver'],['None_Used'],0,0,Valid,0.0,2.0,35.0,30.0,"['Male', 'Male']",0,0,3,4,5,Icy/Snowy,Straight,Level,Lowest,No
12513,16,Idaho,160223,0,1,1,0,1,BOISE,December,8,Friday,1,24,Urban,Medium Speed (Collector),No,43.551675,-116.12865833,Non-Intersection,Dark - Lighted,Snow,1:00am-1:59am,35,1:00am-1:59am,44,Not Applicable (Not Transported),Not Applicable (Not Transported),1,Dark - Lighted,Snow/Ice/Severe,1,0,['Driver'],['None_Used'],0,0,Invalid,0.0,2.0,23.0,23.0,['Male'],1,0,2,4,3,Wet/Standing Water,Curve,Level,Lowest,No
12514,16,Idaho,160224,0,1,1,0,1,NOT APPLICABLE,December,24,Sunday,14,27,Rural,Medium Speed (Collector),No,43.00363889,-114.47970278,Non-Intersection,Daylight,Cloudy,Not Applicable (Not Notified),Not Applicable (Not Notified),Not Applicable,Not Applicable,Not Applicable (Not Transported),Not Applicable (Not Transported),1,Daylight,Reduced Visibility,1,0,['Driver'],['None_Used'],1,1,Invalid,0.0,0.0,30.0,30.0,['Male'],0,0,3,4,3,Dry,Curve,Level,Lowest,No
12515,16,Idaho,160225,0,1,1,0,2,NOT APPLICABLE,December,29,Friday,14,32,Rural,Low Speed (Local),No,42.74257778,-113.43423611,Non-Intersection,Daylight,Clear,2:00pm-2:59pm,32,2:00pm-2:59pm,40,4:00pm-4:59pm,13,2,Daylight,Clear,2,0,"['Driver', 'Front_Passenger']","['None_Used', 'None_Used']",0,0,Valid,0.0,0.0,33.0,33.0,['Male'],0,0,4,4,4,Dry,Straight,Grade/Hillcrest,Lowest,No
12516,16,Idaho,160226,0,1,1,0,2,NOT APPLICABLE,September,10,Sunday,4,51,Rural,Medium Speed (Collector),No,43.37693333,-114.26703333,Non-Intersection,Dark - Not Lighted,Clear,4:00am-4:59am,53,5:00am-5:59am,4,Unknown,Unknown EMS Hospital Arrival Time,1,Dark - Unlighted,Clear,1,1,['Front_Passenger'],['Shoulder_Lapbelt'],1,1,Invalid,0.0,0.0,35.0,35.0,['Male'],0,0,3,4,3,Dry,Curve,Level,Lowest,No
12517,16,Idaho,160227,1,1,1,0,1,CALDWELL,December,10,Sunday,19,5,Urban,Medium Speed (Collector),No,43.6457,-116.69808056,Non-Intersection,Dark - Not Lighted,Rain,7:00pm-7:59pm,5,7:00pm-7:59pm,9,Unknown,Unknown EMS Hospital Arrival Time,1,Dark - Unlighted,Rain/Wind/Minor,0,1,[],[],0,0,Valid,0.0,0.0,19.0,19.0,['Male'],0,0,3,3,4,Wet/Standing Water,Straight,Level,Lowest,No
12518,16,Idaho,160228,0,2,2,0,2,NOT APPLICABLE,December,24,Sunday,11,26,Rural,Medium Speed (Collector),No,42.87088333,-112.86204722,Non-Intersection,Daylight,Clear,11:00am-11:59am,28,11:00am-11:59am,30,Unknown,Unknown EMS Hospital Arrival Time,1,Daylight,Clear,1,1,['Driver'],['Shoulder_Lapbelt'],0,0,Invalid,0.0,0.0,46.0,43.0,"['Male', 'Female']",0,0,4,4,3,Dry,Straight,Level,Lowest,No
12519,16,Idaho,160229,0,1,1,0,1,BOISE,December,26,Tuesday,8,54,Urban,High Speed (Arterial),Yes,43.51166667,-116.14531944,Non-Intersection,Daylight,Snow,8:00am-8:59am,57,9:00am-9:59am,11,9:00am-9:59am,46,1,Daylight,Snow/Ice/Severe,1,0,['Driver'],['Shoulder_Lapbelt'],0,0,Valid,0.0,0.0,65.0,65.0,['Female'],0,0,3,4,3,Icy/Snowy,Straight,Level,Lowest,No
12520,16,Idaho,160230,0,2,2,0,3,NOT APPLICABLE,November,7,Tuesday,18,31,Rural,High Speed (Arterial),Yes,42.64455,-111.90199167,Non-Intersection,Dark - Not Lighted,Cloudy,6:00pm-6:59pm,32,6:00pm-6:59pm,47,Unknown,Unknown EMS Hospital Arrival Time,2,Dark - Unlighted,Reduced Visibility,2,1,"['Driver', 'Driver']","['None_Used', 'Shoulder_Lapbelt']",0,0,Valid,0.0,0.0,48.0,24.0,"['Female', 'Male']",0,0,3,4,5,Dry,Straight,Grade/Hillcrest,Lowest,No
12521,16,Idaho,160231,0,3,3,0,7,MERIDIAN,October,31,Tuesday,11,28,Urban,High Speed (Arterial),No,43.61925556,-116.3916,Complex/Circle,Daylight,Clear,11:00am-11:59am,32,11:00am-11:59am,36,Unknown,Unknown EMS Hospital Arrival Time,1,Daylight,Clear,1,6,['Rear_Seat'],['Shoulder_Lapbelt'],0,0,Valid,0.0,2.0,61.0,29.0,"['Male', 'Female', 'Male']",0,0,3,4,5,Dry,Straight,Level,Lowest,No
12522,16,Idaho,160232,0,1,1,0,5,IDAHO FALLS,November,15,Wednesday,22,24,Urban,Medium Speed (Collector),No,43.43666389,-111.98988889,Non-Intersection,Dark - Not Lighted,Clear,11:00pm-11:59pm,1,11:00pm-11:59pm,16,Unknown,Unknown EMS Hospital Arrival Time,1,Dark - Unlighted,Clear,1,4,['Rear_Seat'],['None_Used'],1,1,Valid,0.0,0.0,30.0,30.0,['Female'],5,0,3,4,3,Dry,Curve,Level,Lowest,No
12523,16,Idaho,160233,1,1,1,0,2,CALDWELL,December,5,Tuesday,17,3,Urban,Medium Speed (Collector),No,43.59709444,-116.66168056,Complex/Circle,Dark - Not Lighted,Clear,Unknown,Unknown,Unknown EMS Scene Arrival Hour,Unknown EMS Scene Arrival Minutes,Not Applicable (Not Transported),Not Applicable (Not Transported),1,Dark - Unlighted,Clear,0,2,[],[],0,0,Valid,0.0,0.0,38.0,38.0,['Female'],0,0,3,2,4,Dry,Straight,Level,Lowest,No
12524,16,Idaho,160234,0,1,1,0,2,IDAHO FALLS,December,9,Saturday,0,52,Urban,High Speed (Arterial),Yes,43.50460833,-112.05403611,Non-Intersection,Dark - Lighted,Clear,1:00am-1:59am,8,1:00am-1:59am,21,Not Applicable (Not Transported),Not Applicable (Not Transported),2,Dark - Lighted,Clear,2,0,"['Driver', 'Front_Passenger']","['Shoulder_Lapbelt', 'Shoulder_Lapbelt']",1,1,Invalid,0.0,0.0,39.0,39.0,['Male'],2,0,2,4,3,Icy/Snowy,Curve,Level,Lowest,No
12525,16,Idaho,160235,0,3,3,0,4,TWIN FALLS,November,6,Monday,17,43,Urban,High Speed (Arterial),Yes,42.58543056,-114.46027778,Non-Intersection,Dark - Lighted,Rain,5:00pm-5:59pm,44,5:00pm-5:59pm,54,Not Applicable (Not Transported),Not Applicable (Not Transported),1,Dark - Lighted,Rain/Wind/Minor,1,3,['Driver'],['Shoulder_Lapbelt'],0,0,Valid,1.0,0.0,76.0,20.0,"['Female', 'Female', 'Male']",0,0,3,3,5,Wet/Standing Water,Straight,Level,Lowest,No
12526,16,Idaho,160236,0,2,2,0,3,NOT APPLICABLE,September,30,Saturday,20,18,Rural,Medium Speed (Collector),No,43.62671944,-111.88408056,Complex/Circle,Dark - Not Lighted,Clear,8:00pm-8:59pm,19,8:00pm-8:59pm,30,Unknown,Unknown EMS Hospital Arrival Time,1,Dark - Unlighted,Clear,1,2,['Driver'],['Shoulder_Lapbelt'],0,0,Valid,0.0,2.0,70.0,41.0,"['Female', 'Male']",0,0,3,4,5,Dry,Straight,Level,Lowest,No
12527,16,Idaho,160238,1,1,1,0,1,BOISE,December,22,Friday,18,28,Urban,Medium Speed (Collector),No,43.61447778,-116.33445278,Simple Junction,Dark - Lighted,Rain,6:00pm-6:59pm,29,6:00pm-6:59pm,33,Unknown,Unknown EMS Hospital Arrival Time,1,Dark - Lighted,Rain/Wind/Minor,0,1,[],[],0,0,Valid,0.0,0.0,57.0,57.0,['Female'],0,0,3,4,4,Wet/Standing Water,Straight,Level,Lowest,No
12528,16,Idaho,160239,0,2,2,0,2,NOT APPLICABLE,December,31,Sunday,23,31,Rural,High Speed (Arterial),Yes,43.66317222,-116.51283889,Complex/Circle,Dark - Not Lighted,Clear,11:00pm-11:59pm,37,11:00pm-11:59pm,38,Not Applicable (Not Transported),Not Applicable (Not Transported),1,Dark - Unlighted,Clear,1,1,['Driver'],['Shoulder_Lapbelt'],1,1,Valid,0.0,0.0,78.0,36.0,"['Female', 'Female']",0,0,3,4,5,Dry,Straight,Level,Lowest,No
12529,16,Idaho,160240,0,2,2,0,3,NOT APPLICABLE,December,25,Monday,18,28,Rural,Medium Speed (Collector),No,47.999575,-116.87233889,Non-Intersection,Dark - Not Lighted,Clear,6:00pm-6:59pm,30,6:00pm-6:59pm,35,Unknown,Unknown EMS Hospital Arrival Time,1,Dark - Unlighted,Clear,1,2,['Driver'],['Shoulder_Lapbelt'],0,0,Valid,0.0,1.0,87.0,36.0,"['Male', 'Female']",0,0,3,4,5,Dry,Straight,Level,Lowest,No
12530,16,Idaho,160241,1,1,1,0,1,NAMPA,December,5,Tuesday,6,17,Urban,Low Speed (Local),No,43.60534444,-116.58945833,Non-Intersection,Dark - Not Lighted,Cloudy,6:00am-6:59am,18,6:00am-6:59am,24,Unknown,Unknown EMS Hospital Arrival Time,1,Dark - Unlighted,Reduced Visibility,0,1,[],[],0,0,Valid,0.0,2.0,36.0,36.0,['Female'],0,0,3,3,4,Dry,Curve,Grade/Hillcrest,Lowest,No
12531,16,Idaho,160242,0,1,1,0,2,NOT APPLICABLE,October,24,Tuesday,18,30,Rural,Medium Speed (Collector),No,43.02713889,-112.36753056,Non-Intersection,Daylight,Clear,6:00pm-6:59pm,39,Unknown EMS Scene Arrival Hour,Unknown EMS Scene Arrival Minutes,Unknown,Unknown EMS Hospital Arrival Time,1,Daylight,Clear,1,1,['Driver'],['Shoulder_Lapbelt'],1,1,Invalid,0.0,0.0,19.0,19.0,['Female'],0,0,3,4,3,Dry,Straight,Level,Lowest,No
12532,16,Idaho,160243,1,1,1,0,1,AMMON,December,15,Friday,10,9,Urban,Low Speed (Local),No,43.48713889,-111.98152222,Simple Junction,Daylight,Clear,10:00am-10:59am,11,10:00am-10:59am,16,Unknown,Unknown EMS Hospital Arrival Time,1,Daylight,Clear,0,1,[],[],0,0,Valid,0.0,0.0,76.0,76.0,['Male'],0,0,3,1,4,Dry,Straight,Level,Lowest,No
12533,16,Idaho,160244,0,2,2,0,4,NOT APPLICABLE,October,21,Saturday,16,49,Rural,Medium Speed (Collector),No,43.48821944,-116.35444444,Complex/Circle,Daylight,Clear,4:00pm-4:59pm,50,5:00pm-5:59pm,2,Unknown,Unknown EMS Hospital Arrival Time,1,Daylight,Clear,1,3,['Front_Passenger'],['Shoulder_Lapbelt'],0,0,Valid,0.0,1.0,38.0,30.0,"['Male', 'Male']",1,0,3,4,5,Dry,Straight,Level,Lowest,No
12534,16,Idaho,160245,1,1,1,0,1,EAGLE,November,25,Saturday,20,1,Urban,High Speed (Arterial),Yes,43.71926111,-116.31977222,Non-Intersection,Dark - Not Lighted,Clear,8:00pm-8:59pm,2,8:00pm-8:59pm,8,Unknown,Unknown EMS Hospital Arrival Time,1,Dark - Unlighted,Clear,0,1,[],[],0,0,Valid,0.0,0.0,17.0,17.0,['Female'],0,0,3,3,4,Dry,Straight,Grade/Hillcrest,Lowest,No
12535,16,Idaho,160246,0,1,1,0,1,NOT APPLICABLE,July,17,Monday,11,25,Rural,Low Speed (Local),No,46.82230833,-115.80715556,Non-Intersection,Daylight,Clear,11:00am-11:59am,34,1:00pm-1:59pm,0,Unknown,Unknown EMS Hospital Arrival Time,1,Daylight,Clear,1,0,['Driver'],['Shoulder_Lapbelt'],0,0,Valid,0.0,0.0,67.0,67.0,['Male'],0,0,4,4,3,Dry,Curve,Grade/Hillcrest,Lowest,No
12536,16,Idaho,160247,0,1,1,0,1,NOT APPLICABLE,June,17,Saturday,17,23,Rural,Low Speed (Local),No,46.82255278,-116.198625,Non-Intersection,Daylight,Clear,5:00pm-5:59pm,23,5:00pm-5:59pm,26,Not Applicable (Not Transported),Not Applicable (Not Transported),1,Daylight,Clear,1,0,['Driver'],['None_Used'],0,0,Valid,0.0,5.0,29.0,29.0,['Male'],1,0,5,2,3,Dry,Curve,Level,Lowest,No
12537,16,Idaho,160248,0,2,2,0,2,NOT APPLICABLE,September,9,Saturday,12,12,Rural,High Speed (Arterial),Yes,43.46192222,-113.56325,Simple Junction,Daylight,Clear,12:00pm-12:59pm,15,12:00pm-12:59pm,45,Unknown,Unknown EMS Hospital Arrival Time,1,Daylight,Clear,1,1,['Driver'],['None_Used'],0,0,Valid,0.0,0.0,34.0,27.0,"['Female', 'Male']",0,0,5,4,5,Dry,Straight,Level,Lowest,No
12538,16,Idaho,160249,1,1,1,0,1,BOISE,November,20,Monday,19,11,Urban,High Speed (Arterial),No,43.673675,-116.28987778,Non-Intersection,Dark - Not Lighted,Clear,7:00pm-7:59pm,11,7:00pm-7:59pm,12,Not Applicable (Not Transported),Not Applicable (Not Transported),1,Dark - Unlighted,Clear,0,1,[],[],0,0,Valid,2.0,1.0,36.0,36.0,['Male'],0,0,2,4,4,Dry,Straight,Level,Lowest,No
12539,17,Illinois,170001,0,1,1,0,1,WESTCHESTER,January,1,Sunday,2,3,Urban,Medium Speed (Collector),No,41.86566667,-87.87761111,Non-Intersection,Dark - Lighted,Clear,2:00am-2:59am,4,2:00am-2:59am,8,Unknown,Unknown EMS Hospital Arrival Time,1,Dark - Lighted,Clear,1,0,['Driver'],['None_Used'],0,0,Valid,0.0,0.0,45.0,45.0,['Male'],0,0,2,4,3,Dry,Straight,Level,Lowest,No
12540,17,Illinois,170002,0,1,1,0,6,NOT APPLICABLE,January,1,Sunday,3,10,Urban,High Speed (Arterial),Yes,41.79863611,-87.80316944,Non-Intersection,Dark - Lighted,Rain,3:00am-3:59am,15,3:00am-3:59am,30,Unknown,Unknown EMS Hospital Arrival Time,1,Dark - Lighted,Rain/Wind/Minor,1,5,['Rear_Seat'],['None_Used'],1,1,Valid,1.0,0.0,39.0,39.0,['Male'],6,0,3,4,3,Wet/Standing Water,Straight,Level,Lowest,No
12541,17,Illinois,170003,0,2,2,0,2,NOT APPLICABLE,January,1,Sunday,7,18,Rural,High Speed (Arterial),Yes,42.11028333,-89.30123333,Non-Intersection,Dawn,"Fog, Smog, Smoke",7:00am-7:59am,23,7:00am-7:59am,29,Unknown,Unknown EMS Hospital Arrival Time,2,Twilight,Reduced Visibility,2,0,"['Driver', 'Driver']","['Shoulder_Lapbelt', 'Shoulder_Lapbelt']",0,0,Valid,0.0,1.0,62.0,48.0,"['Female', 'Male']",0,0,2,1,5,Icy/Snowy,Curve,Level,Lowest,No
12542,17,Illinois,170004,0,2,2,0,7,MOKENA,January,1,Sunday,17,26,Urban,High Speed (Arterial),Yes,41.55091111,-87.85284722,Simple Junction,Dark - Lighted,Clear,5:00pm-5:59pm,26,5:00pm-5:59pm,30,Unknown,Unknown EMS Hospital Arrival Time,1,Dark - Lighted,Clear,1,6,['Rear_Seat'],['Shoulder_Lapbelt'],0,0,Valid,0.0,0.0,82.0,45.0,"['Male', 'Male']",0,0,3,4,5,Dry,Straight,Level,Lowest,No
12543,17,Illinois,170005,1,5,1,4,1,CHICAGO,January,2,Monday,1,41,Urban,Medium Speed (Collector),No,41.76198611,-87.67350556,Non-Intersection,Dark - Lighted,Clear,1:00am-1:59am,Unknown,2:00am-2:59am,0,Unknown,Unknown EMS Hospital Arrival Time,1,Dark - Lighted,Clear,0,1,[],[],1,1,Invalid,0.0,0.0,23.0,23.0,['Male'],1,0,2,4,4,Dry,Straight,Level,Lowest,No
12544,17,Illinois,170006,0,2,2,0,3,WAUKEGAN,January,2,Monday,2,40,Urban,Medium Speed (Collector),No,42.42102778,-87.855,Complex/Circle,Dark - Lighted,Clear,2:00am-2:59am,51,2:00am-2:59am,56,Unknown,Unknown EMS Hospital Arrival Time,1,Dark - Lighted,Clear,1,2,['Driver'],['Shoulder_Lapbelt'],0,0,Valid,0.0,0.0,36.0,21.0,"['Male', 'Female']",0,0,3,4,5,Dry,Straight,Level,Lowest,No
12545,17,Illinois,170007,0,2,2,0,2,NOT APPLICABLE,January,2,Monday,16,27,Rural,Medium Speed (Collector),No,42.00738056,-89.00060833,Complex/Circle,Daylight,Clear,4:00pm-4:59pm,27,4:00pm-4:59pm,41,Unknown,Unknown EMS Hospital Arrival Time,1,Daylight,Clear,1,1,['Driver'],['None_Used'],0,0,Valid,0.0,1.0,60.0,40.0,"['Female', 'Male']",0,0,4,4,5,Dry,Straight,Level,Lowest,No
12546,17,Illinois,170008,0,1,1,0,1,NOT APPLICABLE,January,2,Monday,19,20,Rural,Low Speed (Local),No,37.57448333,-89.02842222,Simple Junction,Dark - Not Lighted,Rain,7:00pm-7:59pm,21,7:00pm-7:59pm,36,Not Applicable (Not Transported),Not Applicable (Not Transported),1,Dark - Unlighted,Rain/Wind/Minor,1,0,['Driver'],['None_Used'],0,0,Valid,0.0,0.0,57.0,57.0,['Male'],0,0,5,2,3,Wet/Standing Water,Curve,Grade/Hillcrest,Lowest,No
12547,17,Illinois,170009,0,1,1,0,1,NOT APPLICABLE,January,2,Monday,16,34,Urban,Low Speed (Local),No,40.14211667,-88.26955,Non-Intersection,Dark - Not Lighted,"Fog, Smog, Smoke",4:00pm-4:59pm,34,4:00pm-4:59pm,49,Unknown,Unknown EMS Hospital Arrival Time,1,Dark - Unlighted,Reduced Visibility,1,0,['Driver'],['None_Used'],1,1,Invalid,0.0,0.0,65.0,65.0,['Male'],0,0,2,4,3,Wet/Standing Water,Curve,Level,Lowest,No
12548,17,Illinois,170010,0,3,3,0,3,NOT APPLICABLE,January,2,Monday,21,11,Rural,High Speed (Arterial),Yes,37.45027778,-89.38242222,Non-Intersection,Dark - Not Lighted,Rain,9:00pm-9:59pm,14,9:00pm-9:59pm,27,Unknown,Unknown EMS Hospital Arrival Time,1,Dark - Unlighted,Rain/Wind/Minor,1,2,['Driver'],['Shoulder_Lapbelt'],0,0,Valid,0.0,0.0,73.0,57.0,"['Male', 'Male', 'Female']",0,0,3,4,5,Wet/Standing Water,Straight,Level,Lowest,No
12549,17,Illinois,170011,1,2,2,0,5,CHICAGO,January,2,Monday,22,10,Urban,Medium Speed (Collector),No,41.75086389,-87.62585833,Complex/Circle,Dark - Lighted,"Fog, Smog, Smoke",10:00pm-10:59pm,10,10:00pm-10:59pm,15,Not Applicable (Not Transported),Not Applicable (Not Transported),1,Dark - Lighted,Reduced Visibility,0,5,[],[],0,0,Invalid,0.0,0.0,998.0,51.0,"['Other', 'Male']",4,0,4,4,5,Wet/Standing Water,Straight,Level,Lowest,No
12550,17,Illinois,170012,0,1,1,0,1,NOT APPLICABLE,January,2,Monday,23,40,Urban,High Speed (Arterial),Yes,41.60173611,-88.16344444,Non-Intersection,Dark - Not Lighted,"Fog, Smog, Smoke",11:00pm-11:59pm,40,11:00pm-11:59pm,58,Not Applicable (Not Transported),Not Applicable (Not Transported),1,Dark - Unlighted,Reduced Visibility,1,0,['Driver'],['Shoulder_Lapbelt'],1,1,Valid,0.0,1.0,18.0,18.0,['Male'],1,0,2,4,3,Dry,Straight,Level,Lowest,No
12551,17,Illinois,170013,1,1,1,0,1,CHICAGO,January,3,Tuesday,5,36,Urban,Medium Speed (Collector),No,41.73629167,-87.62480556,Complex/Circle,Dark - Lighted,Rain,5:00am-5:59am,Unknown,5:00am-5:59am,44,Unknown,Unknown EMS Hospital Arrival Time,1,Dark - Lighted,Rain/Wind/Minor,0,1,[],[],0,0,Valid,0.0,1.0,33.0,33.0,['Female'],0,0,3,3,4,Wet/Standing Water,Straight,Level,Lowest,No
12552,17,Illinois,170014,0,2,2,0,2,GLENVIEW,January,3,Tuesday,7,5,Urban,Medium Speed (Collector),No,42.07313611,-87.83964167,Complex/Circle,Daylight,Rain,7:00am-7:59am,5,7:00am-7:59am,9,Unknown,Unknown EMS Hospital Arrival Time,1,Daylight,Rain/Wind/Minor,1,1,['Driver'],['None_Used'],0,0,Valid,0.0,0.0,82.0,26.0,"['Female', 'Female']",0,0,3,4,5,Wet/Standing Water,Straight,Level,Lowest,No
12553,17,Illinois,170015,0,2,2,0,2,JACKSONVILLE,January,4,Wednesday,17,27,Urban,Medium Speed (Collector),No,39.72888056,-90.266675,Complex/Circle,Dark - Not Lighted,Clear,5:00pm-5:59pm,32,Unknown EMS Scene Arrival Hour,Unknown EMS Scene Arrival Minutes,Not Applicable (Not Transported),Not Applicable (Not Transported),1,Dark - Unlighted,Clear,1,1,['Driver'],['Shoulder_Lapbelt'],0,0,Valid,0.0,0.0,86.0,66.0,"['Male', 'Female']",0,0,3,4,5,Dry,Straight,Grade/Hillcrest,Lowest,No
12554,17,Illinois,170016,0,1,1,0,3,CHICAGO,January,4,Wednesday,17,39,Urban,Medium Speed (Collector),No,41.88579444,-87.62703333,Non-Intersection,Dark - Lighted,Rain,5:00pm-5:59pm,49,6:00pm-6:59pm,1,Unknown,Unknown EMS Hospital Arrival Time,1,Dark - Lighted,Rain/Wind/Minor,1,2,['Driver'],['Shoulder_Lapbelt'],0,0,Invalid,0.0,0.0,18.0,18.0,['Male'],3,0,3,4,3,Wet/Standing Water,Straight,Level,Lowest,No
12555,17,Illinois,170017,0,3,3,0,5,NOT APPLICABLE,January,5,Thursday,13,52,Rural,Medium Speed (Collector),No,39.58984722,-89.65499722,Non-Intersection,Daylight,Clear,1:00pm-1:59pm,52,1:00pm-1:59pm,53,Unknown,Unknown EMS Hospital Arrival Time,1,Daylight,Clear,1,4,['Driver'],['None_Used'],0,0,Valid,0.0,0.0,42.0,20.0,"['Female', 'Male', 'Female']",0,0,4,4,5,Dry,Straight,Level,Lowest,No
12556,17,Illinois,170018,1,1,1,0,1,SKOKIE,January,5,Thursday,17,22,Urban,Medium Speed (Collector),No,42.01900556,-87.74567222,Non-Intersection,Dark - Lighted,Cloudy,5:00pm-5:59pm,22,5:00pm-5:59pm,26,Unknown,Unknown EMS Hospital Arrival Time,1,Dark - Lighted,Reduced Visibility,0,1,[],[],0,0,Valid,0.0,0.0,54.0,54.0,['Male'],0,0,3,3,4,Wet/Standing Water,Straight,Level,Lowest,No
12557,17,Illinois,170019,0,2,2,0,2,NOT APPLICABLE,January,6,Friday,15,0,Rural,High Speed (Arterial),Yes,40.00602778,-88.30401667,Non-Intersection,Daylight,Clear,3:00pm-3:59pm,1,3:00pm-3:59pm,34,Unknown,Unknown EMS Hospital Arrival Time,1,Daylight,Clear,1,1,['Driver'],['Shoulder_Lapbelt'],0,0,Valid,0.0,0.0,39.0,22.0,"['Male', 'Female']",0,0,4,4,5,Dry,Straight,Level,Lowest,No
12558,17,Illinois,170020,0,2,2,0,3,ALTON,January,6,Friday,15,50,Urban,Medium Speed (Collector),No,38.90001667,-90.14345556,Non-Intersection,Daylight,Clear,3:00pm-3:59pm,52,3:00pm-3:59pm,54,Unknown,Unknown EMS Hospital Arrival Time,1,Daylight,Clear,1,2,['Driver'],['Shoulder_Lapbelt'],0,0,Valid,0.0,1.0,37.0,18.0,"['Female', 'Female']",0,0,3,4,5,Dry,Straight,Level,Lowest,No
12559,17,Illinois,170021,0,2,2,0,2,ROCKFORD,January,6,Friday,18,15,Urban,High Speed (Arterial),Yes,42.30291389,-89.14516111,Non-Intersection,Dark - Not Lighted,Clear,6:00pm-6:59pm,15,6:00pm-6:59pm,18,Unknown,Unknown EMS Hospital Arrival Time,1,Dark - Unlighted,Clear,1,1,['Driver'],['Shoulder_Lapbelt'],0,0,Valid,1.0,1.0,24.0,24.0,"['Male', 'Female']",0,0,3,4,5,Dry,Straight,Level,Lowest,No
12560,17,Illinois,170022,1,1,1,0,1,NOT APPLICABLE,January,6,Friday,20,22,Rural,Medium Speed (Collector),No,41.08535556,-87.62035833,Non-Intersection,Dark - Not Lighted,Clear,8:00pm-8:59pm,22,8:00pm-8:59pm,34,Unknown,Unknown EMS Hospital Arrival Time,1,Dark - Unlighted,Clear,0,1,[],[],0,0,Invalid,0.0,0.0,998.0,998.0,['Other'],0,0,1,1,4,Dry,Straight,Level,Lowest,No
12561,17,Illinois,170023,0,3,3,0,9,CHICAGO,January,8,Sunday,18,19,Urban,Medium Speed (Collector),No,42.01264167,-87.67492222,Complex/Circle,Dark - Lighted,Clear,Unknown,Unknown,Unknown EMS Scene Arrival Hour,Unknown EMS Scene Arrival Minutes,Unknown,Unknown EMS Hospital Arrival Time,1,Dark - Lighted,Clear,1,8,['Front_Passenger'],['Shoulder_Lapbelt'],0,0,Valid,0.0,0.0,45.0,18.0,"['Male', 'Male', 'Male']",0,0,3,4,5,Dry,Straight,Level,Lowest,No
12562,17,Illinois,170024,1,1,1,0,1,ALTON,January,8,Sunday,20,36,Urban,High Speed (Arterial),Yes,38.88844722,-90.17491111,Non-Intersection,Dark - Not Lighted,Clear,8:00pm-8:59pm,37,8:00pm-8:59pm,40,Unknown,Unknown EMS Hospital Arrival Time,1,Dark - Unlighted,Clear,0,1,[],[],0,0,Valid,0.0,0.0,27.0,27.0,['Male'],0,0,2,4,4,Dry,Straight,Level,Lowest,No
12563,17,Illinois,170025,0,1,1,0,1,NOT APPLICABLE,January,9,Monday,1,6,Urban,Medium Speed (Collector),No,41.36242222,-88.47916111,Non-Intersection,Dark - Unknown Lighting,Clear,Unknown,Unknown,Unknown EMS Scene Arrival Hour,Unknown EMS Scene Arrival Minutes,Not Applicable (Not Transported),Not Applicable (Not Transported),1,Dark - Unlighted,Clear,1,0,['Driver'],['Shoulder_Lapbelt'],1,1,Invalid,0.0,0.0,37.0,37.0,['Male'],0,0,3,4,3,Dry,Straight,Grade/Hillcrest,Lowest,No
12564,17,Illinois,170026,0,2,2,0,2,GURNEE,January,9,Monday,4,5,Urban,High Speed (Arterial),Yes,42.39802778,-87.93045,Non-Intersection,Dark - Not Lighted,Clear,4:00am-4:59am,5,4:00am-4:59am,13,Unknown,Unknown EMS Hospital Arrival Time,2,Dark - Unlighted,Clear,2,0,"['Driver', 'Driver']","['Shoulder_Lapbelt', 'Shoulder_Lapbelt']",1,1,Valid,1.0,0.0,54.0,32.0,"['Male', 'Male']",1,0,3,4,5,Dry,Straight,Level,Lowest,No
12565,17,Illinois,170027,1,1,1,0,1,HARVEY,January,9,Monday,19,41,Urban,Medium Speed (Collector),No,41.6265,-87.64139722,Non-Intersection,Dark - Not Lighted,Clear,Unknown,Unknown,Unknown EMS Scene Arrival Hour,Unknown EMS Scene Arrival Minutes,Unknown,Unknown EMS Hospital Arrival Time,1,Dark - Unlighted,Clear,0,1,[],[],0,0,Invalid,0.0,0.0,998.0,998.0,['Other'],0,0,1,0,4,Dry,Straight,Level,Lowest,No