,State_Code,State_Name,Crash_ID,Count_Non_Motorists,Count_Vehicles_Total,Count_Vehicle_Forms,Count_PVH_Involved,Count_Occupants_MV,City_Name,Month_Name,Day_of_Month,Day_of_Week,Crash_Hour,Crash_Minute,Area_Rural_Urban,Road_Functional_Class,On_NHS_Road,Latitude,Longitude,Intersection_Type,Light_Condition,Weather_Condition,Notif_Hour,Notif_Minute,Arrival_Hour,Arrival_Minute,Hospital_Hour,Hospital_Minute,Fatalities_Count,Clean_Light_Condition,Clean_Weather_Condition,Total_Killed,Total_Alive,Fatal_Seats_List,Killed_Restraint_List,Any_Driver_Drinking,Total_Drinking_Drivers,Driver_License_Category,Driver_Max_Prev_Accident_Count,Driver_Max_Prev_Speeding_Count,Max_Driver_Age,Min_Driver_Age,Driver_Sex_List,Total_Exceeding_Limit_Vehicles,Total_Too_Fast_Vehicles,Max_Vehicle_Type_Severity_5,Max_Vehicle_Damage_Rank,Max_Harmful_Event_Severity,Crash_Road_Surface_Condition,Crash_Horizontal_Alignment,Crash_Vertical_Profile,Crash_Impairment_Category,Crash_Vehicle_Defect
12566,17,Illinois,170028,0,3,3,0,5,NOT APPLICABLE,January,9,Monday,23,2,Rural,High Speed (Arterial),Yes,42.40561111,-90.38511111,Non-Intersection,Dark - Not Lighted,"Fog, Smog, Smoke",11:00pm-11:59pm,3,11:00pm-11:59pm,13,Unknown,Unknown EMS Hospital Arrival Time,2,Dark - Unlighted,Reduced Visibility,2,3,"['Front_Passenger', 'Rear_Seat']","['Shoulder_Lapbelt', 'None_Used']",0,0,Valid,2.0,1.0,26.0,14.0,"['Female', 'Male', 'Male']",1,0,4,4,5,Wet/Standing Water,Curve,Level,Lowest,No
12567,17,Illinois,170030,0,1,1,0,2,CHICAGO,January,10,Tuesday,0,45,Urban,High Speed (Arterial),Yes,41.85118056,-87.63080556,Non-Intersection,Dark - Lighted,Clear,Unknown,Unknown,Unknown EMS Scene Arrival Hour,Unknown EMS Scene Arrival Minutes,Unknown,Unknown EMS Hospital Arrival Time,1,Dark - Lighted,Clear,1,1,['Front_Passenger'],['None_Used'],1,1,Invalid,0.0,0.0,26.0,26.0,['Male'],0,0,2,4,3,Dry,Curve,Level,Lowest,No
12568,17,Illinois,170031,0,2,2,0,2,NOT APPLICABLE,January,10,Tuesday,7,34,Urban,Medium Speed (Collector),No,42.29528611,-88.93469167,Non-Intersection,Dawn,Clear,7:00am-7:59am,36,7:00am-7:59am,42,Unknown,Unknown EMS Hospital Arrival Time,1,Twilight,Clear,1,1,['Driver'],['Shoulder_Lapbelt'],0,0,Valid,0.0,0.0,50.0,17.0,"['Male', 'Male']",0,0,3,4,5,Icy/Snowy,Curve,Level,Lowest,No
12569,17,Illinois,170032,0,2,2,0,2,BELLFLOWER,January,10,Tuesday,12,52,Rural,Medium Speed (Collector),No,40.3386,-88.52688333,Complex/Circle,Daylight,Clear,12:00pm-12:59pm,52,12:00pm-12:59pm,58,Unknown,Unknown EMS Hospital Arrival Time,1,Daylight,Clear,1,1,['Driver'],['None_Used'],0,0,Valid,0.0,0.0,75.0,70.0,"['Male', 'Male']",0,0,5,4,5,Dry,Straight,Level,Lowest,No
12570,17,Illinois,170033,0,1,1,0,1,ANNA,January,10,Tuesday,15,39,Rural,Medium Speed (Collector),No,37.49755278,-89.26215556,Simple Junction,Daylight,Clear,3:00pm-3:59pm,40,3:00pm-3:59pm,40,Not Applicable (Not Transported),Not Applicable (Not Transported),1,Daylight,Clear,1,0,['Driver'],['None_Used'],0,0,Valid,0.0,1.0,29.0,29.0,['Male'],1,0,5,4,2,Dry,Curve,Level,Lowest,No
12571,17,Illinois,170034,1,1,1,0,1,NOT APPLICABLE,January,10,Tuesday,21,35,Urban,High Speed (Arterial),Yes,42.36901944,-87.94180556,Non-Intersection,Dark - Lighted,Clear,9:00pm-9:59pm,36,9:00pm-9:59pm,44,Unknown,Unknown EMS Hospital Arrival Time,1,Dark - Lighted,Clear,0,1,[],[],0,0,Invalid,0.0,0.0,998.0,998.0,['Other'],0,0,1,0,4,Dry,Straight,Level,Lowest,No
12572,17,Illinois,170035,0,3,3,0,3,NOT APPLICABLE,January,10,Tuesday,23,14,Rural,High Speed (Arterial),Yes,41.60990833,-89.06111944,Non-Intersection,Dark - Not Lighted,Clear,11:00pm-11:59pm,16,11:00pm-11:59pm,24,Not Applicable (Not Transported),Not Applicable (Not Transported),2,Dark - Unlighted,Clear,2,1,"['Driver', 'Driver']","['Shoulder_Lapbelt', 'None_Used']",1,1,Valid,2.0,0.0,71.0,34.0,"['Male', 'Female', 'Male']",0,0,3,4,5,Dry,Straight,Level,Lowest,No
12573,17,Illinois,170036,1,1,1,0,1,CHICAGO,January,10,Tuesday,23,45,Urban,Medium Speed (Collector),No,41.88490278,-87.71530556,Non-Intersection,Dark - Lighted,Clear,11:00pm-11:59pm,47,11:00pm-11:59pm,50,Unknown,Unknown EMS Hospital Arrival Time,1,Dark - Lighted,Clear,0,1,[],[],0,0,Invalid,0.0,0.0,998.0,998.0,['Other'],0,0,2,1,4,Dry,Straight,Level,Lowest,No
12574,17,Illinois,170037,0,1,1,0,1,HARRISBURG,January,11,Wednesday,9,33,Urban,High Speed (Arterial),Yes,37.76129167,-88.51274722,Non-Intersection,Daylight,Clear,Unknown,Unknown,Unknown EMS Scene Arrival Hour,Unknown EMS Scene Arrival Minutes,Unknown,Unknown EMS Hospital Arrival Time,1,Daylight,Clear,1,0,['Driver'],['Shoulder_Lapbelt'],0,0,Valid,0.0,0.0,67.0,67.0,['Female'],0,0,2,2,2,Dry,Curve,Level,Lowest,No
12575,17,Illinois,170039,1,1,1,0,1,ALGONQUIN,January,12,Thursday,20,0,Urban,High Speed (Arterial),Yes,42.15363056,-88.262325,Complex/Circle,Dark - Not Lighted,Clear,8:00pm-8:59pm,7,8:00pm-8:59pm,9,Unknown,Unknown EMS Hospital Arrival Time,1,Dark - Unlighted,Clear,0,1,[],[],0,0,Valid,0.0,1.0,48.0,48.0,['Male'],0,0,2,4,4,Dry,Straight,Level,Lowest,No
12576,17,Illinois,170040,0,1,1,0,1,AURORA,January,13,Friday,2,17,Urban,Medium Speed (Collector),No,41.75479167,-88.31514167,Non-Intersection,Dark - Lighted,Snow,2:00am-2:59am,17,2:00am-2:59am,19,Not Applicable (Not Transported),Not Applicable (Not Transported),1,Dark - Lighted,Snow/Ice/Severe,1,0,['Driver'],['Shoulder_Lapbelt'],1,1,Valid,0.0,0.0,27.0,27.0,['Male'],1,0,2,4,3,Wet/Standing Water,Straight,Level,Lowest,No
12577,17,Illinois,170041,0,5,5,0,8,DOLTON,January,13,Friday,12,35,Urban,High Speed (Arterial),Yes,41.60942222,-87.58042222,Non-Intersection,Daylight,Clear,12:00pm-12:59pm,40,12:00pm-12:59pm,50,Unknown,Unknown EMS Hospital Arrival Time,1,Daylight,Clear,1,7,['Front_Passenger'],['None_Used'],0,0,Valid,1.0,0.0,67.0,21.0,"['Male', 'Male', 'Female', 'Female', 'Female']",0,0,4,4,5,Dry,Straight,Level,Lowest,No
12578,17,Illinois,170042,1,1,1,0,1,CHICAGO,January,15,Sunday,5,2,Urban,High Speed (Arterial),Yes,41.69284444,-87.59798333,Non-Intersection,Dark - Lighted,Clear,Unknown,Unknown,Unknown EMS Scene Arrival Hour,Unknown EMS Scene Arrival Minutes,Not Applicable (Not Transported),Not Applicable (Not Transported),1,Dark - Lighted,Clear,0,1,[],[],0,0,Valid,0.0,0.0,27.0,27.0,['Female'],0,0,2,4,4,Dry,Straight,Level,Lowest,No
12579,17,Illinois,170043,0,3,3,0,4,NOT APPLICABLE,January,15,Sunday,10,45,Urban,Medium Speed (Collector),No,40.78005,-89.68904444,Complex/Circle,Daylight,Clear,10:00am-10:59am,46,10:00am-10:59am,47,Unknown,Unknown EMS Hospital Arrival Time,1,Daylight,Clear,1,3,['Driver'],['Shoulder_Lapbelt'],0,0,Invalid,0.0,0.0,52.0,43.0,"['Male', 'Female', 'Male']",1,0,3,4,5,Dry,Straight,Level,Lowest,No
12580,17,Illinois,170044,0,4,4,0,4,JOLIET,January,16,Monday,17,16,Urban,High Speed (Arterial),Yes,41.46639444,-88.0795,Complex/Circle,Dark - Lighted,Rain,5:00pm-5:59pm,16,5:00pm-5:59pm,23,Not Applicable (Not Transported),Not Applicable (Not Transported),1,Dark - Lighted,Rain/Wind/Minor,1,3,['Driver'],['None_Used'],0,0,Valid,1.0,3.0,58.0,19.0,"['Female', 'Male', 'Male', 'Female']",0,0,5,4,5,Dry,Straight,Grade/Hillcrest,Lowest,No
12581,17,Illinois,170045,0,1,1,0,2,NOT APPLICABLE,January,16,Monday,18,26,Rural,Medium Speed (Collector),No,42.36384722,-88.78386667,Non-Intersection,Dark - Not Lighted,Clear,6:00pm-6:59pm,26,6:00pm-6:59pm,35,Not Applicable (Not Transported),Not Applicable (Not Transported),2,Dark - Unlighted,Clear,2,0,"['Driver', 'Front_Passenger']","['Shoulder_Lapbelt', 'Shoulder_Lapbelt']",1,1,Invalid,0.0,0.0,28.0,28.0,['Male'],0,0,3,4,3,Wet/Standing Water,Curve,Level,Lowest,No
12582,17,Illinois,170046,0,2,2,0,2,NOT APPLICABLE,January,17,Tuesday,16,6,Rural,High Speed (Arterial),Yes,38.73183889,-89.72221389,Simple Junction,Daylight,Clear,4:00pm-4:59pm,6,4:00pm-4:59pm,10,Not Applicable (Not Transported),Not Applicable (Not Transported),1,Daylight,Clear,1,1,['Driver'],['Shoulder_Lapbelt'],0,0,Valid,0.0,0.0,88.0,51.0,"['Female', 'Male']",0,0,3,4,5,Dry,Straight,Grade/Hillcrest,Lowest,No
12583,17,Illinois,170047,0,2,2,0,2,NOT APPLICABLE,January,18,Wednesday,3,30,Urban,High Speed (Arterial),Yes,41.79826667,-88.288025,Non-Intersection,Dark - Lighted,Clear,3:00am-3:59am,38,3:00am-3:59am,47,Unknown,Unknown EMS Hospital Arrival Time,1,Dark - Lighted,Clear,1,1,['Driver'],['None_Used'],1,1,Valid,3.0,4.0,37.0,27.0,"['Female', 'Male']",0,0,4,4,5,Dry,Straight,Level,Lowest,No
12584,17,Illinois,170048,0,2,2,0,2,ELK GROVE VILLAGE,January,18,Wednesday,9,30,Urban,Medium Speed (Collector),No,42.00667778,-88.04574167,Complex/Circle,Daylight,Cloudy,9:00am-9:59am,32,9:00am-9:59am,35,Unknown,Unknown EMS Hospital Arrival Time,1,Daylight,Reduced Visibility,1,1,['Driver'],['Shoulder_Lapbelt'],0,0,Valid,0.0,0.0,66.0,25.0,"['Male', 'Female']",0,0,3,4,5,Dry,Straight,Level,Lowest,No
12585,17,Illinois,170049,0,2,2,0,2,CHICAGO,January,19,Thursday,1,17,Urban,Medium Speed (Collector),No,41.70266389,-87.52813333,Simple Junction,Dark - Lighted,Rain,1:00am-1:59am,28,Unknown EMS Scene Arrival Hour,Unknown EMS Scene Arrival Minutes,Not Applicable (Not Transported),Not Applicable (Not Transported),1,Dark - Lighted,Rain/Wind/Minor,1,1,['Driver'],['Shoulder_Lapbelt'],0,0,Valid,0.0,0.0,37.0,36.0,"['Male', 'Male']",0,0,4,4,5,Wet/Standing Water,Straight,Level,Lowest,No
12586,17,Illinois,170050,1,1,1,0,1,GLENVIEW,January,19,Thursday,20,23,Urban,High Speed (Arterial),Yes,42.07079444,-87.85362222,Non-Intersection,Dark - Not Lighted,Rain,8:00pm-8:59pm,23,8:00pm-8:59pm,27,Unknown,Unknown EMS Hospital Arrival Time,1,Dark - Unlighted,Rain/Wind/Minor,0,1,[],[],0,0,Invalid,0.0,0.0,36.0,36.0,['Female'],0,0,2,3,4,Wet/Standing Water,Straight,Level,Lowest,No
12587,17,Illinois,170051,1,1,1,0,1,PARK FOREST,January,20,Friday,15,13,Urban,Low Speed (Local),No,41.48837778,-87.69840278,Non-Intersection,Daylight,Clear,3:00pm-3:59pm,13,3:00pm-3:59pm,13,Unknown,Unknown EMS Hospital Arrival Time,1,Daylight,Clear,0,1,[],[],0,0,Valid,0.0,0.0,62.0,62.0,['Male'],0,0,1,0,4,Dry,Straight,Level,Lowest,No
12588,17,Illinois,170052,0,2,2,0,2,NOT APPLICABLE,January,20,Friday,19,22,Rural,High Speed (Arterial),Yes,40.74065556,-88.79538333,Complex/Circle,Dark - Not Lighted,Clear,7:00pm-7:59pm,22,7:00pm-7:59pm,31,Unknown,Unknown EMS Hospital Arrival Time,1,Dark - Unlighted,Clear,1,1,['Driver'],['Shoulder_Lapbelt'],0,0,Valid,0.0,0.0,50.0,29.0,"['Male', 'Female']",0,0,3,4,5,Dry,Straight,Level,Lowest,No
12589,17,Illinois,170053,0,2,2,0,3,CHICAGO,January,20,Friday,22,10,Urban,Medium Speed (Collector),No,41.91229722,-87.66764444,Complex/Circle,Dark - Lighted,Clear,10:00pm-10:59pm,16,10:00pm-10:59pm,16,Unknown,Unknown EMS Hospital Arrival Time,1,Dark - Lighted,Clear,1,2,['Driver'],['Shoulder_Lapbelt'],0,0,Invalid,3.0,1.0,26.0,24.0,"['Male', 'Male']",0,0,2,4,5,Dry,Straight,Level,Lowest,No
12590,17,Illinois,170054,0,1,1,0,1,HILLSDALE,January,21,Saturday,3,45,Rural,Medium Speed (Collector),No,41.61722222,-90.16974722,Non-Intersection,Dark - Not Lighted,Clear,3:00am-3:59am,45,4:00am-4:59am,3,Not Applicable (Not Transported),Not Applicable (Not Transported),1,Dark - Unlighted,Clear,1,0,['Driver'],['None_Used'],1,1,Valid,0.0,0.0,31.0,31.0,['Male'],0,0,3,4,3,Dry,Curve,Level,Lowest,No
12591,17,Illinois,170055,0,2,2,0,2,NOT APPLICABLE,January,21,Saturday,7,23,Urban,High Speed (Arterial),Yes,42.29471944,-88.85469167,Non-Intersection,Daylight,Clear,7:00am-7:59am,29,7:00am-7:59am,33,Unknown,Unknown EMS Hospital Arrival Time,1,Daylight,Clear,1,1,['Driver'],['Shoulder_Lapbelt'],0,0,Valid,0.0,0.0,74.0,25.0,"['Male', 'Male']",0,0,2,4,5,Dry,Straight,Grade/Hillcrest,Medium,No
12592,17,Illinois,170056,0,3,3,0,4,NOT APPLICABLE,January,21,Saturday,14,35,Urban,High Speed (Arterial),Yes,42.05406667,-87.85505,Complex/Circle,Daylight,Clear,2:00pm-2:59pm,36,2:00pm-2:59pm,43,Unknown,Unknown EMS Hospital Arrival Time,1,Daylight,Clear,1,3,['Front_Passenger'],['Shoulder_Lapbelt'],0,0,Valid,0.0,0.0,84.0,39.0,"['Female', 'Female', 'Male']",0,0,3,4,5,Dry,Straight,Level,Lowest,No
12593,17,Illinois,170057,0,2,2,0,2,SCHAUMBURG,January,22,Sunday,2,0,Urban,High Speed (Arterial),Yes,42.00355,-88.02662222,Non-Intersection,Dark - Lighted,Snow,2:00am-2:59am,3,2:00am-2:59am,15,Not Applicable (Not Transported),Not Applicable (Not Transported),2,Dark - Lighted,Snow/Ice/Severe,2,0,"['Driver', 'Driver']","['Shoulder_Lapbelt', 'Shoulder_Lapbelt']",1,1,Valid,1.0,0.0,24.0,22.0,"['Male', 'Male']",0,0,2,4,5,Dry,Straight,Level,Lowest,No
12594,17,Illinois,170058,0,3,3,0,6,NOT APPLICABLE,January,22,Sunday,3,0,Urban,High Speed (Arterial),Yes,41.82258333,-87.72616667,Non-Intersection,Dark - Not Lighted,Clear,3:00am-3:59am,5,3:00am-3:59am,7,Unknown,Unknown EMS Hospital Arrival Time,1,Dark - Unlighted,Clear,1,5,['Driver'],['Shoulder_Lapbelt'],1,1,Valid,0.0,0.0,51.0,22.0,"['Female', 'Male', 'Female']",4,0,3,4,5,Dry,Straight,Level,Lowest,No
12595,17,Illinois,170059,0,2,2,0,2,NOT APPLICABLE,January,22,Sunday,18,4,Urban,Medium Speed (Collector),No,41.65188611,-87.87591111,Non-Intersection,Dark - Lighted,Clear,Unknown,Unknown,Unknown EMS Scene Arrival Hour,Unknown EMS Scene Arrival Minutes,Unknown,Unknown EMS Hospital Arrival Time,1,Dark - Lighted,Clear,1,1,['Driver'],['Shoulder_Lapbelt'],0,0,Valid,0.0,1.0,93.0,25.0,"['Female', 'Male']",0,0,2,4,5,Wet/Standing Water,Straight,Level,Lowest,No
12596,17,Illinois,170060,1,1,1,0,1,CICERO,January,23,Monday,4,30,Urban,High Speed (Arterial),Yes,41.831825,-87.74353611,Complex/Circle,Dark - Lighted,Clear,4:00am-4:59am,30,Unknown EMS Scene Arrival Hour,Unknown EMS Scene Arrival Minutes,Unknown,Unknown EMS Hospital Arrival Time,1,Dark - Lighted,Clear,0,1,[],[],0,0,Valid,0.0,0.0,49.0,49.0,['Male'],0,0,3,3,4,Dry,Straight,Level,Lowest,No
12597,17,Illinois,170061,0,1,1,0,1,NOT APPLICABLE,January,23,Monday,17,36,Rural,Medium Speed (Collector),No,39.15185833,-89.42828611,Non-Intersection,Dusk,Clear,5:00pm-5:59pm,36,5:00pm-5:59pm,43,Unknown,Unknown EMS Hospital Arrival Time,1,Twilight,Clear,1,0,['Driver'],['None_Used'],1,1,Valid,0.0,0.0,29.0,29.0,['Male'],1,0,2,4,3,Dry,Straight,Level,Lowest,No
12598,17,Illinois,170062,0,3,3,0,3,NOT APPLICABLE,January,23,Monday,9,14,Urban,High Speed (Arterial),Yes,42.22011389,-88.99901389,Non-Intersection,Daylight,Cloudy,9:00am-9:59am,15,9:00am-9:59am,32,Unknown,Unknown EMS Hospital Arrival Time,1,Daylight,Reduced Visibility,1,2,['Driver'],['None_Used'],0,0,Valid,1.0,2.0,52.0,25.0,"['Male', 'Male', 'Male']",0,0,3,4,5,Dry,Straight,Level,Lowest,No
12599,17,Illinois,170063,1,1,1,0,1,CHICAGO,January,23,Monday,13,2,Urban,Medium Speed (Collector),No,41.77853611,-87.735075,Complex/Circle,Daylight,Clear,Unknown,Unknown,Unknown EMS Scene Arrival Hour,Unknown EMS Scene Arrival Minutes,Unknown,Unknown EMS Hospital Arrival Time,1,Daylight,Clear,0,1,[],[],0,0,Valid,0.0,0.0,61.0,61.0,['Male'],0,0,3,1,4,Dry,Straight,Level,Lowest,No
12600,17,Illinois,170064,0,4,3,1,7,HARVEY,January,23,Monday,18,45,Urban,High Speed (Arterial),Yes,41.60094722,-87.64190556,Non-Intersection,Dark - Lighted,Clear,6:00pm-6:59pm,46,6:00pm-6:59pm,57,Unknown,Unknown EMS Hospital Arrival Time,1,Dark - Lighted,Clear,1,5,['Front_Passenger'],['None_Used'],0,0,Invalid,0.0,0.0,998.0,32.0,"['Other', 'Male', 'Male']",4,0,3,4,5,Dry,Straight,Level,Lowest,No
12601,17,Illinois,170065,1,1,1,0,1,METROPOLIS,January,23,Monday,19,22,Urban,High Speed (Arterial),Yes,37.16146111,-88.68593889,Non-Intersection,Dark - Not Lighted,Clear,7:00pm-7:59pm,23,7:00pm-7:59pm,45,Unknown,Unknown EMS Hospital Arrival Time,1,Dark - Unlighted,Clear,0,1,[],[],0,0,Valid,0.0,0.0,56.0,56.0,['Male'],0,0,3,3,4,Dry,Straight,Grade/Hillcrest,Lowest,No
12602,17,Illinois,170066,0,2,2,0,3,SPRINGFIELD,January,23,Monday,22,21,Urban,High Speed (Arterial),Yes,39.81895278,-89.64322222,Complex/Circle,Dark - Lighted,Clear,10:00pm-10:59pm,23,10:00pm-10:59pm,34,Unknown,Unknown EMS Hospital Arrival Time,1,Dark - Lighted,Clear,1,2,['Driver'],['None_Used'],1,1,Invalid,0.0,1.0,27.0,18.0,"['Male', 'Male']",2,0,3,4,5,Dry,Straight,Level,Lowest,No
12603,17,Illinois,170067,0,2,2,0,2,NOT APPLICABLE,January,24,Tuesday,7,29,Rural,High Speed (Arterial),Yes,39.62212778,-90.29546111,Complex/Circle,Dawn,Clear,Unknown,Unknown,Unknown EMS Scene Arrival Hour,Unknown EMS Scene Arrival Minutes,Not Applicable (Not Transported),Not Applicable (Not Transported),1,Twilight,Clear,1,1,['Driver'],['Shoulder_Lapbelt'],0,0,Valid,0.0,1.0,66.0,28.0,"['Male', 'Female']",0,0,4,4,5,Dry,Straight,Level,Lowest,No
12604,17,Illinois,170068,0,2,2,0,2,VANDALIA,January,24,Tuesday,13,58,Urban,High Speed (Arterial),Yes,38.96560556,-89.14400556,Non-Intersection,Daylight,Clear,Unknown,Unknown,Unknown EMS Scene Arrival Hour,Unknown EMS Scene Arrival Minutes,Not Applicable (Not Transported),Not Applicable (Not Transported),1,Daylight,Clear,1,1,['Driver'],['Shoulder_Lapbelt'],0,0,Valid,0.0,0.0,52.0,26.0,"['Male', 'Male']",0,0,4,4,5,Dry,Straight,Level,Lowest,Yes
12605,17,Illinois,170069,1,1,1,0,1,WHEATON,January,2,Monday,20,15,Urban,High Speed (Arterial),Yes,41.85852778,-88.11973333,Simple Junction,Dark - Lighted,Clear,8:00pm-8:59pm,15,8:00pm-8:59pm,15,Unknown,Unknown EMS Hospital Arrival Time,1,Dark - Lighted,Clear,0,1,[],[],0,0,Invalid,0.0,0.0,998.0,998.0,['Other'],0,0,1,0,4,Dry,Straight,Level,Lowest,No
12606,17,Illinois,170070,0,1,1,0,1,NOT APPLICABLE,January,25,Wednesday,4,50,Rural,Low Speed (Local),No,41.43420833,-88.74664722,Non-Intersection,Dark - Not Lighted,Snow,4:00am-4:59am,50,5:00am-5:59am,15,Not Applicable (Not Transported),Not Applicable (Not Transported),1,Dark - Unlighted,Snow/Ice/Severe,1,0,['Driver'],['None_Used'],1,1,Valid,0.0,0.0,27.0,27.0,['Male'],1,0,1,4,3,Dry,Straight,Level,Lowest,No
12607,17,Illinois,170071,0,1,1,0,1,NOT APPLICABLE,January,25,Wednesday,8,14,Rural,Medium Speed (Collector),No,39.71228889,-88.97433333,Non-Intersection,Dark - Lighted,Snow,Unknown,Unknown if Notified,Unknown EMS Scene Arrival Hour,Unknown if Arrived,Not Applicable (Not Transported),Not Applicable (Not Transported),1,Dark - Lighted,Snow/Ice/Severe,1,0,['Driver'],['None_Used'],0,0,Invalid,0.0,0.0,32.0,32.0,['Male'],1,0,3,4,3,Icy/Snowy,Straight,Level,Lowest,No
12608,17,Illinois,170072,0,1,1,0,1,NOT APPLICABLE,January,25,Wednesday,19,0,Rural,High Speed (Arterial),Yes,42.48697222,-89.66826111,Non-Intersection,Dark - Not Lighted,Snow,Unknown,Unknown if Notified,Unknown EMS Scene Arrival Hour,Unknown if Arrived,Not Applicable (Not Transported),Not Applicable (Not Transported),1,Dark - Unlighted,Snow/Ice/Severe,1,0,['Driver'],['None_Used'],1,1,Invalid,0.0,0.0,27.0,27.0,['Male'],0,0,2,4,3,Dry,Straight,Level,Lowest,No
12609,17,Illinois,170073,1,1,1,0,1,CHICAGO,January,25,Wednesday,20,52,Urban,Medium Speed (Collector),No,41.89544444,-87.72614444,Complex/Circle,Dark - Not Lighted,Rain,8:00pm-8:59pm,52,9:00pm-9:59pm,15,Unknown,Unknown EMS Hospital Arrival Time,1,Dark - Unlighted,Rain/Wind/Minor,0,1,[],[],1,1,Valid,0.0,3.0,28.0,28.0,['Male'],0,0,2,1,4,Wet/Standing Water,Straight,Level,Lowest,No
12610,17,Illinois,170074,0,2,2,0,2,NOT APPLICABLE,January,26,Thursday,6,38,Rural,High Speed (Arterial),Yes,40.79951111,-89.81168611,Non-Intersection,Dark - Not Lighted,Snow,6:00am-6:59am,38,6:00am-6:59am,49,Unknown,Unknown EMS Hospital Arrival Time,1,Dark - Unlighted,Snow/Ice/Severe,1,1,['Driver'],['Shoulder_Lapbelt'],0,0,Valid,0.0,0.0,74.0,42.0,"['Female', 'Male']",1,0,4,4,5,Icy/Snowy,Curve,Level,Lowest,No
12611,17,Illinois,170075,1,2,2,0,3,CAROL STREAM,January,26,Thursday,11,11,Urban,High Speed (Arterial),Yes,41.90427222,-88.12029167,Non-Intersection,Daylight,Clear,11:00am-11:59am,11,12:00pm-12:59pm,0,Not Applicable (Not Transported),Not Applicable (Not Transported),1,Daylight,Clear,0,3,[],[],0,0,Valid,0.0,0.0,998.0,67.0,"['Female', 'Other']",0,0,3,2,5,Wet/Standing Water,Straight,Level,Lowest,No
12612,17,Illinois,170076,1,1,1,0,1,CHICAGO,January,26,Thursday,12,23,Urban,Medium Speed (Collector),No,41.87585278,-87.75482222,Complex/Circle,Daylight,Snow,12:00pm-12:59pm,23,12:00pm-12:59pm,33,Not Applicable (Not Transported),Not Applicable (Not Transported),1,Daylight,Snow/Ice/Severe,0,1,[],[],0,0,Invalid,0.0,0.0,998.0,998.0,['Other'],1,0,3,1,4,Dry,Straight,Level,Lowest,No
12613,17,Illinois,170077,0,1,1,0,1,MATTESON,January,26,Thursday,23,33,Urban,High Speed (Arterial),Yes,41.50605,-87.76353056,Non-Intersection,Dark - Lighted,Clear,11:00pm-11:59pm,33,11:00pm-11:59pm,38,Not Applicable (Not Transported),Not Applicable (Not Transported),1,Dark - Lighted,Clear,1,0,['Driver'],['Shoulder_Lapbelt'],0,0,Valid,1.0,1.0,18.0,18.0,['Male'],0,0,2,4,3,Dry,Straight,Level,Lowest,No
12614,17,Illinois,170078,1,2,1,1,2,NOT APPLICABLE,January,27,Friday,1,25,Rural,Medium Speed (Collector),No,40.90030278,-87.86618611,Non-Intersection,Dark - Not Lighted,Clear,1:00am-1:59am,34,1:00am-1:59am,34,Unknown,Unknown EMS Hospital Arrival Time,1,Dark - Unlighted,Clear,1,1,['Front_Passenger'],['Shoulder_Lapbelt'],0,0,Valid,0.0,0.0,72.0,72.0,['Male'],2,0,3,4,5,Dry,Straight,Level,Lowest,No
12615,17,Illinois,170079,1,2,1,1,1,WASHINGTON PARK,January,27,Friday,3,37,Urban,High Speed (Arterial),Yes,38.620725,-90.087775,Non-Intersection,Dark - Lighted,Clear,3:00am-3:59am,37,3:00am-3:59am,51,Unknown,Unknown EMS Hospital Arrival Time,1,Dark - Lighted,Clear,1,0,['Driver'],['Shoulder_Lapbelt'],1,1,Valid,0.0,0.0,58.0,58.0,['Male'],0,0,3,4,5,Dry,Straight,Level,Lowest,No
12616,17,Illinois,170080,0,1,1,0,1,NOT APPLICABLE,January,27,Friday,0,3,Urban,Medium Speed (Collector),No,40.03923889,-88.60003889,Non-Intersection,Dark - Lighted,Clear,6:00am-6:59am,51,6:00am-6:59am,58,Not Applicable (Not Transported),Not Applicable (Not Transported),1,Dark - Lighted,Clear,1,0,['Driver'],['None_Used'],1,1,Invalid,0.0,0.0,54.0,54.0,['Male'],1,0,3,4,3,Wet/Standing Water,Curve,Level,Lowest,Yes
12617,17,Illinois,170081,1,2,2,0,2,CHICAGO,January,27,Friday,17,46,Urban,Medium Speed (Collector),No,41.88174722,-87.75231667,Non-Intersection,Dark - Not Lighted,Snow,Unknown,Unknown,Unknown EMS Scene Arrival Hour,Unknown EMS Scene Arrival Minutes,Not Applicable (Not Transported),Not Applicable (Not Transported),1,Dark - Unlighted,Snow/Ice/Severe,0,2,[],[],0,0,Invalid,0.0,0.0,998.0,998.0,"['Other', 'Other']",0,0,3,1,4,Icy/Snowy,Straight,Level,Lowest,No
12618,17,Illinois,170082,0,2,2,0,3,NOT APPLICABLE,January,27,Friday,21,20,Rural,High Speed (Arterial),Yes,40.41813889,-90.61865556,Non-Intersection,Dark - Not Lighted,Clear,9:00am-9:59am,20,9:00am-9:59am,29,Not Applicable (Not Transported),Not Applicable (Not Transported),1,Dark - Unlighted,Clear,1,2,['Driver'],['Shoulder_Lapbelt'],0,0,Valid,0.0,0.0,35.0,26.0,"['Male', 'Male']",3,0,2,4,5,Dry,Straight,Level,Lowest,No
12619,17,Illinois,170083,0,1,1,0,1,NOT APPLICABLE,January,27,Friday,21,38,Urban,Low Speed (Local),No,41.92551944,-88.47646667,Non-Intersection,Dark - Not Lighted,Clear,9:00pm-9:59pm,43,9:00pm-9:59pm,43,Unknown,Unknown EMS Hospital Arrival Time,1,Dark - Unlighted,Clear,1,0,['Driver'],['None_Used'],1,1,Valid,0.0,1.0,22.0,22.0,['Male'],1,0,3,4,3,Icy/Snowy,Curve,Level,Lowest,No