,State_Code,State_Name,Crash_ID,Count_Non_Motorists,Count_Vehicles_Total,Count_Vehicle_Forms,Count_PVH_Involved,Count_Occupants_MV,City_Name,Month_Name,Day_of_Month,Day_of_Week,Crash_Hour,Crash_Minute,Area_Rural_Urban,Road_Functional_Class,On_NHS_Road,Latitude,Longitude,Intersection_Type,Light_Condition,Weather_Condition,Notif_Hour,Notif_Minute,Arrival_Hour,Arrival_Minute,Hospital_Hour,Hospital_Minute,Fatalities_Count,Clean_Light_Condition,Clean_Weather_Condition,Total_Killed,Total_Alive,Fatal_Seats_List,Killed_Restraint_List,Any_Driver_Drinking,Total_Drinking_Drivers,Driver_License_Category,Driver_Max_Prev_Accident_Count,Driver_Max_Prev_Speeding_Count,Max_Driver_Age,Min_Driver_Age,Driver_Sex_List,Total_Exceeding_Limit_Vehicles,Total_Too_Fast_Vehicles,Max_Vehicle_Type_Severity_5,Max_Vehicle_Damage_Rank,Max_Harmful_Event_Severity,Crash_Road_Surface_Condition,Crash_Horizontal_Alignment,Crash_Vertical_Profile,Crash_Impairment_Category,Crash_Vehicle_Defect
12620,17,Illinois,170084,0,1,1,0,1,NOT APPLICABLE,January,28,Saturday,5,10,Rural,High Speed (Arterial),Yes,40.62221667,-89.36339444,Non-Intersection,Dark - Not Lighted,Clear,Unknown,Unknown,Unknown EMS Scene Arrival Hour,Unknown EMS Scene Arrival Minutes,Not Applicable (Not Transported),Not Applicable (Not Transported),1,Dark - Unlighted,Clear,1,0,['Driver'],['None_Used'],0,0,Invalid,0.0,0.0,50.0,50.0,['Female'],1,0,3,4,3,Dry,Straight,Level,Lowest,No
12621,17,Illinois,170085,1,2,1,1,1,NOT APPLICABLE,January,28,Saturday,23,28,Urban,High Speed (Arterial),Yes,38.66062778,-90.10644167,Non-Intersection,Dark - Not Lighted,Clear,11:00pm-11:59pm,32,11:00pm-11:59pm,35,Not Applicable (Not Transported),Not Applicable (Not Transported),1,Dark - Unlighted,Clear,0,1,[],[],1,1,Valid,0.0,0.0,40.0,40.0,['Male'],1,0,3,4,4,Dry,Straight,Level,Lowest,No
12622,17,Illinois,170086,0,2,2,0,2,NAPERVILLE,January,30,Monday,8,51,Urban,Medium Speed (Collector),No,41.77681389,-88.11951389,Complex/Circle,Daylight,Clear,Unknown,Unknown,Unknown EMS Scene Arrival Hour,Unknown EMS Scene Arrival Minutes,Unknown,Unknown EMS Hospital Arrival Time,1,Daylight,Clear,1,1,['Driver'],['Shoulder_Lapbelt'],0,0,Valid,0.0,0.0,77.0,73.0,"['Male', 'Male']",0,0,3,4,5,Dry,Straight,Level,Lowest,No
12623,17,Illinois,170087,0,2,2,0,2,NOT APPLICABLE,January,30,Monday,13,22,Urban,High Speed (Arterial),Yes,41.90365,-87.91981667,Non-Intersection,Daylight,Clear,1:00pm-1:59pm,29,1:00pm-1:59pm,48,Unknown,Unknown EMS Hospital Arrival Time,1,Daylight,Clear,1,1,['Driver'],['Shoulder_Lapbelt'],0,0,Valid,1.0,0.0,61.0,35.0,"['Male', 'Male']",1,0,3,4,5,Dry,Curve,Level,Lowest,No
12624,17,Illinois,170088,1,2,2,0,3,CHICAGO,January,30,Monday,18,56,Urban,Medium Speed (Collector),No,41.758125,-87.62468333,Complex/Circle,Dark - Not Lighted,Clear,Unknown,Unknown,Unknown EMS Scene Arrival Hour,Unknown EMS Scene Arrival Minutes,Unknown,Unknown EMS Hospital Arrival Time,1,Dark - Unlighted,Clear,1,2,['Driver'],['Shoulder_Lapbelt'],0,0,Invalid,0.0,0.0,998.0,67.0,"['Male', 'Male']",2,0,2,4,5,Dry,Straight,Level,Lowest,No
12625,17,Illinois,170089,0,2,2,0,2,GRANITE CITY,January,30,Monday,19,17,Urban,Medium Speed (Collector),No,38.71673333,-90.14930556,Non-Intersection,Dark - Not Lighted,Clear,7:00pm-7:59pm,20,7:00pm-7:59pm,24,Not Applicable (Not Transported),Not Applicable (Not Transported),1,Dark - Unlighted,Clear,1,1,['Driver'],['Shoulder_Lapbelt'],1,1,Valid,0.0,0.0,56.0,54.0,"['Male', 'Female']",1,0,3,4,5,Icy/Snowy,Straight,Level,Lowest,No
12626,17,Illinois,170090,0,1,1,0,1,AURORA,January,31,Tuesday,0,35,Urban,Medium Speed (Collector),No,41.73461389,-88.25264167,Non-Intersection,Dark - Lighted,Clear,0:00am-0:59am,36,0:00am-0:59am,43,Unknown,Unknown EMS Hospital Arrival Time,1,Dark - Lighted,Clear,1,0,['Driver'],['Shoulder_Lapbelt'],1,1,Valid,0.0,0.0,23.0,23.0,['Male'],0,0,2,4,4,Dry,Curve,Level,Lowest,No
12627,17,Illinois,170092,0,1,1,0,1,NOT APPLICABLE,January,31,Tuesday,22,36,Rural,Low Speed (Local),No,38.30883056,-89.75095278,Non-Intersection,Dark - Not Lighted,Clear,10:00pm-10:59pm,36,10:00pm-10:59pm,47,Unknown,Unknown EMS Hospital Arrival Time,1,Dark - Unlighted,Clear,1,0,['Driver'],['None_Used'],0,0,Valid,0.0,0.0,53.0,53.0,['Male'],1,0,3,4,3,Icy/Snowy,Straight,Level,Lowest,No
12628,17,Illinois,170093,0,1,1,0,1,O'FALLON,February,6,Monday,17,47,Urban,Low Speed (Local),No,38.58453889,-89.934025,Non-Intersection,Daylight,Clear,Unknown,Unknown if Notified,Unknown EMS Scene Arrival Hour,Unknown if Arrived,Not Applicable (Not Transported),Not Applicable (Not Transported),1,Daylight,Clear,1,0,['Driver'],['Shoulder_Lapbelt'],1,1,Valid,0.0,1.0,50.0,50.0,['Male'],0,0,2,4,4,Dry,Curve,Level,Lowest,No
12629,17,Illinois,170094,1,1,1,0,1,NAPERVILLE,February,1,Wednesday,12,50,Urban,Low Speed (Local),No,41.76296667,-88.15337222,Simple Junction,Daylight,Clear,12:00pm-12:59pm,50,12:00pm-12:59pm,55,Unknown,Unknown EMS Hospital Arrival Time,1,Daylight,Clear,0,1,[],[],0,0,Valid,0.0,1.0,48.0,48.0,['Male'],0,0,3,2,4,Dry,Straight,Level,Lowest,No
12630,17,Illinois,170095,0,2,2,0,2,CHICAGO,February,2,Thursday,5,40,Urban,Medium Speed (Collector),No,41.73682222,-87.59448611,Non-Intersection,Dark - Not Lighted,Clear,Unknown,Unknown,Unknown EMS Scene Arrival Hour,Unknown EMS Scene Arrival Minutes,Unknown,Unknown EMS Hospital Arrival Time,1,Dark - Unlighted,Clear,1,1,['Driver'],['Shoulder_Lapbelt'],0,0,Invalid,0.0,0.0,998.0,63.0,"['Male', 'Male']",1,0,3,4,5,Dry,Straight,Level,Lowest,No
12631,17,Illinois,170096,0,2,2,0,3,NOT APPLICABLE,February,2,Thursday,10,13,Urban,High Speed (Arterial),Yes,41.32238611,-87.95896389,Complex/Circle,Daylight,Clear,Unknown,Unknown,Unknown EMS Scene Arrival Hour,Unknown EMS Scene Arrival Minutes,Unknown,Unknown EMS Hospital Arrival Time,1,Daylight,Clear,1,2,['Front_Passenger'],['Shoulder_Lapbelt'],0,0,Valid,0.0,1.0,65.0,20.0,"['Female', 'Female']",0,0,3,4,5,Dry,Straight,Level,Lowest,No
12632,17,Illinois,170097,1,1,1,0,1,THORNTON,February,2,Thursday,13,17,Urban,Medium Speed (Collector),No,41.57071944,-87.61336944,Complex/Circle,Daylight,Clear,1:00pm-1:59pm,17,1:00pm-1:59pm,21,Not Applicable (Not Transported),Not Applicable (Not Transported),1,Daylight,Clear,0,1,[],[],0,0,Valid,0.0,0.0,29.0,29.0,['Male'],0,0,4,1,4,Dry,Straight,Level,Lowest,No
12633,17,Illinois,170098,1,1,1,0,1,STERLING,February,2,Thursday,18,2,Urban,High Speed (Arterial),Yes,41.78634444,-89.69358333,Non-Intersection,Dark - Lighted,Clear,Unknown,Unknown,Unknown EMS Scene Arrival Hour,Unknown EMS Scene Arrival Minutes,Unknown,Unknown EMS Hospital Arrival Time,1,Dark - Lighted,Clear,0,1,[],[],0,0,Valid,0.0,0.0,46.0,46.0,['Male'],0,0,3,2,4,Icy/Snowy,Straight,Grade/Hillcrest,Lowest,No
12634,17,Illinois,170099,0,1,1,0,1,NOT APPLICABLE,February,2,Thursday,18,42,Rural,Medium Speed (Collector),No,38.72770556,-89.55717222,Non-Intersection,Dark - Not Lighted,Clear,6:00pm-6:59pm,42,7:00pm-7:59pm,5,Unknown,Unknown EMS Hospital Arrival Time,1,Dark - Unlighted,Clear,1,0,['Driver'],['None_Used'],0,0,Valid,0.0,1.0,68.0,68.0,['Male'],0,0,2,4,3,Dry,Curve,Level,Lowest,No
12635,17,Illinois,170100,0,2,2,0,2,NOT APPLICABLE,February,3,Friday,21,49,Urban,High Speed (Arterial),Yes,42.41266667,-88.12513056,Non-Intersection,Dark - Lighted,Clear,9:00pm-9:59pm,49,9:00pm-9:59pm,49,Unknown,Unknown EMS Hospital Arrival Time,1,Dark - Lighted,Clear,1,1,['Driver'],['Shoulder_Lapbelt'],0,0,Valid,0.0,0.0,74.0,73.0,"['Male', 'Male']",0,0,3,4,5,Dry,Straight,Level,Lowest,No
12636,17,Illinois,170101,0,2,2,0,8,AURORA,February,4,Saturday,2,35,Urban,Medium Speed (Collector),No,41.76316944,-88.34969167,Complex/Circle,Dark - Lighted,Clear,2:00am-2:59am,35,2:00am-2:59am,40,Unknown,Unknown EMS Hospital Arrival Time,1,Dark - Lighted,Clear,1,7,['Rear_Seat'],['Shoulder_Lapbelt'],0,0,Valid,1.0,2.0,24.0,21.0,"['Male', 'Male']",0,0,3,4,5,Dry,Straight,Level,Lowest,No
12637,17,Illinois,170102,0,1,1,0,1,CHICAGO,February,4,Saturday,2,40,Urban,High Speed (Arterial),Yes,41.87511667,-87.69368611,Non-Intersection,Dark - Lighted,Clear,2:00am-2:59am,43,2:00am-2:59am,47,Unknown,Unknown EMS Hospital Arrival Time,1,Dark - Lighted,Clear,1,0,['Driver'],['Shoulder_Lapbelt'],0,0,Valid,0.0,0.0,32.0,32.0,['Female'],1,0,3,4,3,Dry,Straight,Level,Lowest,No
12638,17,Illinois,170103,1,1,1,0,1,BERWYN,February,4,Saturday,9,10,Urban,Low Speed (Local),No,41.83058611,-87.79151111,Complex/Circle,Daylight,Clear,9:00am-9:59am,10,9:00am-9:59am,15,Unknown,Unknown EMS Hospital Arrival Time,1,Daylight,Clear,0,1,[],[],0,0,Invalid,0.0,0.0,59.0,59.0,['Male'],0,0,3,1,4,Dry,Straight,Level,Lowest,No
12639,17,Illinois,170104,0,2,2,0,2,MOLINE,February,4,Saturday,19,56,Urban,Medium Speed (Collector),No,41.50907778,-90.51496667,Complex/Circle,Dark - Not Lighted,Clear,7:00pm-7:59pm,56,8:00pm-8:59pm,1,Unknown,Unknown EMS Hospital Arrival Time,1,Dark - Unlighted,Clear,1,1,['Driver'],['None_Used'],1,1,Valid,1.0,0.0,69.0,22.0,"['Female', 'Male']",1,0,5,4,5,Dry,Straight,Level,Lowest,No
12640,17,Illinois,170105,0,2,2,0,4,CHICAGO,February,4,Saturday,23,33,Urban,High Speed (Arterial),Yes,41.71896667,-87.62503611,Non-Intersection,Dark - Lighted,Clear,11:00am-11:59am,34,11:00am-11:59am,42,Unknown,Unknown EMS Hospital Arrival Time,1,Dark - Lighted,Clear,1,3,['Front_Passenger'],['None_Used'],0,0,Valid,0.0,0.0,31.0,20.0,"['Male', 'Female']",2,0,2,4,5,Dry,Straight,Level,Lowest,No
12641,17,Illinois,170106,0,1,1,0,2,SOUTH HOLLAND,February,5,Sunday,1,37,Urban,High Speed (Arterial),Yes,41.60231389,-87.58355556,Non-Intersection,Dark - Lighted,Clear,1:00am-1:59am,49,1:00am-1:59am,54,Unknown,Unknown EMS Hospital Arrival Time,1,Dark - Lighted,Clear,1,1,['Driver'],['None_Used'],1,1,Valid,0.0,0.0,39.0,39.0,['Male'],0,0,2,4,3,Dry,Straight,Level,Lowest,No
12642,17,Illinois,170107,0,1,1,0,3,NOT APPLICABLE,February,5,Sunday,3,15,Urban,Medium Speed (Collector),No,38.60925,-90.11469444,Non-Intersection,Dark - Not Lighted,Clear,Unknown,Unknown,Unknown EMS Scene Arrival Hour,Unknown EMS Scene Arrival Minutes,Not Applicable (Not Transported),Not Applicable (Not Transported),1,Dark - Unlighted,Clear,1,2,['Rear_Seat'],['None_Used'],1,1,Valid,0.0,1.0,24.0,24.0,['Male'],3,0,2,4,3,Dry,Curve,Level,Lowest,No
12643,17,Illinois,170108,0,2,2,0,2,CHICAGO,February,5,Sunday,3,58,Urban,High Speed (Arterial),Yes,41.83288889,-87.607425,Non-Intersection,Dark - Lighted,Clear,3:00am-3:59am,58,3:00am-3:59am,59,Unknown,Unknown EMS Hospital Arrival Time,1,Dark - Lighted,Clear,1,1,['Driver'],['Shoulder_Lapbelt'],0,0,Valid,0.0,0.0,38.0,37.0,"['Male', 'Male']",1,0,3,4,5,Dry,Straight,Level,Lowest,No
12644,17,Illinois,170109,0,1,1,0,1,MCCOOK,February,6,Monday,0,33,Urban,Medium Speed (Collector),No,41.79124722,-87.84166944,Simple Junction,Dark - Lighted,Clear,0:00am-0:59am,33,0:00am-0:59am,38,Unknown,Unknown EMS Hospital Arrival Time,1,Dark - Lighted,Clear,1,0,['Driver'],['Shoulder_Lapbelt'],1,1,Valid,0.0,0.0,36.0,36.0,['Male'],0,0,3,4,3,Dry,Curve,Level,Lowest,No
12645,17,Illinois,170110,0,1,1,0,1,NOT APPLICABLE,February,6,Monday,6,55,Urban,High Speed (Arterial),Yes,41.92368333,-87.88420833,Non-Intersection,Daylight,Clear,6:00am-6:59am,55,6:00am-6:59am,59,Unknown,Unknown EMS Hospital Arrival Time,1,Daylight,Clear,1,0,['Driver'],['Shoulder_Lapbelt'],0,0,Invalid,0.0,0.0,40.0,40.0,['Male'],0,0,3,4,2,Dry,Straight,Level,Lowest,No
12646,17,Illinois,170111,1,1,1,0,1,CHICAGO,February,6,Monday,17,56,Urban,Medium Speed (Collector),No,41.79100556,-87.65475,Non-Intersection,Dark - Lighted,Clear,Unknown,Unknown,6:00pm-6:59pm,10,6:00pm-6:59pm,Unknown EMS Hospital Arrival Time,1,Dark - Lighted,Clear,0,1,[],[],0,0,Invalid,0.0,0.0,998.0,998.0,['Other'],0,0,1,1,4,Dry,Straight,Level,Lowest,No
12647,17,Illinois,170112,0,1,1,0,1,NOT APPLICABLE,February,7,Tuesday,1,2,Urban,Low Speed (Local),No,42.42275833,-88.17896667,Simple Junction,Dark - Lighted,Clear,1:00am-1:59am,2,1:00am-1:59am,8,Unknown,Unknown EMS Hospital Arrival Time,1,Dark - Lighted,Clear,1,0,['Driver'],['None_Used'],1,1,Invalid,0.0,0.0,56.0,56.0,['Male'],0,0,5,2,3,Wet/Standing Water,Straight,Level,Lowest,No
12648,17,Illinois,170113,1,1,1,0,1,CHICAGO,February,7,Tuesday,2,48,Urban,Low Speed (Local),No,41.73393056,-87.65208611,Non-Intersection,Dark - Lighted,Clear,2:00am-2:59am,50,2:00am-2:59am,50,Unknown,Unknown EMS Hospital Arrival Time,1,Dark - Lighted,Clear,0,1,[],[],0,0,Valid,0.0,0.0,49.0,49.0,['Male'],0,0,2,1,4,Dry,Straight,Level,Lowest,No
12649,17,Illinois,170114,0,2,2,0,2,ROCKFORD,February,7,Tuesday,9,1,Urban,Medium Speed (Collector),No,42.20888333,-89.08258889,Complex/Circle,Daylight,Clear,9:00am-9:59am,1,9:00am-9:59am,10,Not Applicable (Not Transported),Not Applicable (Not Transported),1,Daylight,Clear,1,1,['Driver'],['Shoulder_Lapbelt'],1,1,Invalid,0.0,0.0,41.0,41.0,"['Male', 'Male']",1,0,4,4,5,Dry,Straight,Level,Lowest,No
12650,17,Illinois,170115,0,1,1,0,1,BRIDGEVIEW,February,8,Wednesday,5,57,Urban,Low Speed (Local),No,41.74349722,-87.80686111,Non-Intersection,Dark - Not Lighted,Clear,5:00am-5:59am,58,6:00am-6:59am,0,6:00am-6:59am,Unknown EMS Hospital Arrival Time,1,Dark - Unlighted,Clear,1,0,['Driver'],['Shoulder_Lapbelt'],0,0,Valid,0.0,0.0,71.0,71.0,['Male'],0,0,3,4,2,Dry,Straight,Level,Medium,No
12651,17,Illinois,170116,0,4,1,3,1,BLUE ISLAND,February,8,Wednesday,9,16,Urban,Medium Speed (Collector),No,41.67001389,-87.67603889,Non-Intersection,Daylight,Clear,9:00am-9:59am,17,9:00am-9:59am,19,Unknown,Unknown EMS Hospital Arrival Time,1,Daylight,Clear,1,0,['Driver'],['Shoulder_Lapbelt'],0,0,Valid,0.0,0.0,59.0,59.0,['Male'],0,0,2,4,5,Dry,Straight,Grade/Hillcrest,Medium,No
12652,17,Illinois,170117,0,2,2,0,6,AURORA,February,8,Wednesday,19,27,Urban,Medium Speed (Collector),No,41.76605278,-88.31304444,Simple Junction,Dark - Not Lighted,Clear,7:00pm-7:59pm,28,7:00pm-7:59pm,38,Unknown,Unknown EMS Hospital Arrival Time,1,Dark - Unlighted,Clear,1,5,['Rear_Seat'],['None_Used'],0,0,Invalid,0.0,0.0,68.0,18.0,"['Male', 'Male']",0,0,3,4,5,Dry,Curve,Level,Lowest,No
12653,17,Illinois,170118,0,3,3,0,4,CRYSTAL LAKE,February,9,Thursday,17,55,Urban,High Speed (Arterial),Yes,42.22873611,-88.330075,Simple Junction,Dark - Lighted,Rain,Unknown,Unknown,Unknown EMS Scene Arrival Hour,Unknown EMS Scene Arrival Minutes,Not Applicable (Not Transported),Not Applicable (Not Transported),1,Dark - Lighted,Rain/Wind/Minor,1,3,['Driver'],['None_Used'],1,1,Valid,0.0,0.0,50.0,15.0,"['Male', 'Female', 'Male']",1,0,5,4,5,Wet/Standing Water,Straight,Level,Lowest,No
12654,17,Illinois,170119,0,3,3,0,3,KINGSTON,February,10,Friday,16,44,Urban,Medium Speed (Collector),No,42.10143333,-88.78337222,Non-Intersection,Daylight,Clear,4:00pm-4:59pm,45,Unknown EMS Scene Arrival Hour,Unknown EMS Scene Arrival Minutes,Unknown,Unknown EMS Hospital Arrival Time,1,Daylight,Clear,1,2,['Driver'],['Shoulder_Lapbelt'],0,0,Valid,0.0,0.0,57.0,18.0,"['Male', 'Male', 'Male']",0,0,3,4,5,Dry,Straight,Level,Lowest,No
12655,17,Illinois,170120,0,2,2,0,2,COLUMBIA,February,10,Friday,17,50,Urban,Medium Speed (Collector),No,38.45971111,-90.22812778,Non-Intersection,Dusk,Clear,5:00pm-5:59pm,50,5:00pm-5:59pm,54,Unknown,Unknown EMS Hospital Arrival Time,1,Twilight,Clear,1,1,['Driver'],['Shoulder_Lapbelt'],0,0,Invalid,3.0,0.0,68.0,31.0,"['Male', 'Male']",0,0,3,4,5,Dry,Straight,Level,Lowest,No
12656,17,Illinois,170121,0,1,1,0,1,NOT APPLICABLE,February,11,Saturday,2,48,Urban,High Speed (Arterial),Yes,41.88240278,-88.03316944,Non-Intersection,Dark - Lighted,Clear,2:00am-2:59am,57,3:00am-3:59am,8,Not Applicable (Not Transported),Not Applicable (Not Transported),1,Dark - Lighted,Clear,1,0,['Driver'],['Shoulder_Lapbelt'],1,1,Invalid,0.0,0.0,59.0,59.0,['Male'],1,0,2,4,2,Dry,Straight,Level,Lowest,No
12657,17,Illinois,170122,0,2,2,0,4,NOT APPLICABLE,February,12,Sunday,14,30,Urban,Medium Speed (Collector),No,41.63560556,-87.71056389,Non-Intersection,Daylight,Clear,2:00pm-2:59pm,30,2:00pm-2:59pm,34,Unknown,Unknown EMS Hospital Arrival Time,1,Daylight,Clear,1,3,['Driver'],['Shoulder_Lapbelt'],0,0,Invalid,0.0,0.0,70.0,14.0,"['Male', 'Male']",3,0,3,4,5,Dry,Straight,Level,Lowest,No
12658,17,Illinois,170123,0,2,2,0,2,NOT APPLICABLE,February,12,Sunday,14,57,Urban,High Speed (Arterial),Yes,41.50893611,-88.14313611,Non-Intersection,Daylight,Clear,3:00pm-3:59pm,0,3:00pm-3:59pm,3,Unknown,Unknown EMS Hospital Arrival Time,1,Daylight,Clear,1,1,['Driver'],['None_Used'],0,0,Valid,0.0,2.0,33.0,24.0,"['Male', 'Male']",1,0,5,4,5,Dry,Straight,Grade/Hillcrest,Lowest,Yes
12659,17,Illinois,170124,0,3,3,0,4,NOT APPLICABLE,February,13,Monday,3,53,Urban,High Speed (Arterial),Yes,41.64774444,-88.14124722,Non-Intersection,Dark - Not Lighted,Clear,3:00am-3:59am,59,4:00am-4:59am,10,Unknown,Unknown EMS Hospital Arrival Time,1,Dark - Unlighted,Clear,1,3,['Driver'],['Shoulder_Lapbelt'],0,0,Valid,0.0,0.0,68.0,19.0,"['Male', 'Male']",0,0,3,4,5,Dry,Straight,Level,Lowest,No
12660,17,Illinois,170125,0,2,2,0,2,NOT APPLICABLE,February,13,Monday,5,30,Rural,Medium Speed (Collector),No,39.41676944,-88.129925,Non-Intersection,Dark - Not Lighted,Clear,5:00am-5:59am,Unknown,5:00am-5:59am,36,Not Applicable (Not Transported),Not Applicable (Not Transported),2,Dark - Unlighted,Clear,2,0,"['Driver', 'Driver']","['Shoulder_Lapbelt', 'None_Used']",0,0,Valid,0.0,0.0,50.0,47.0,"['Male', 'Male']",0,0,3,4,5,Dry,Straight,Level,Lowest,No
12661,17,Illinois,170126,1,1,1,0,1,SKOKIE,February,13,Monday,17,51,Urban,Medium Speed (Collector),No,42.05529444,-87.73240278,Complex/Circle,Dusk,Clear,5:00pm-5:59pm,52,5:00pm-5:59pm,54,Unknown,Unknown EMS Hospital Arrival Time,1,Twilight,Clear,0,1,[],[],0,0,Valid,0.0,0.0,89.0,89.0,['Male'],0,0,3,3,4,Dry,Straight,Level,Lowest,No
12662,17,Illinois,170127,1,1,1,0,1,CHICAGO,February,13,Monday,21,1,Urban,High Speed (Arterial),Yes,41.90907222,-87.79519167,Complex/Circle,Dark - Lighted,Clear,Unknown,Unknown,Unknown EMS Scene Arrival Hour,Unknown EMS Scene Arrival Minutes,Unknown,Unknown EMS Hospital Arrival Time,1,Dark - Lighted,Clear,0,1,[],[],0,0,Valid,0.0,0.0,24.0,24.0,['Female'],0,0,2,1,4,Dry,Straight,Level,Lowest,No
12663,17,Illinois,170128,1,1,1,0,1,CHICAGO,February,14,Tuesday,14,0,Urban,Medium Speed (Collector),No,41.805075,-87.87209167,Complex/Circle,Daylight,Rain,2:00pm-2:59pm,0,2:00pm-2:59pm,5,Unknown,Unknown EMS Hospital Arrival Time,1,Daylight,Rain/Wind/Minor,0,1,[],[],0,0,Valid,0.0,1.0,28.0,28.0,['Male'],0,0,4,0,4,Wet/Standing Water,Straight,Level,Lowest,No
12664,17,Illinois,170129,0,1,1,0,2,ROLLING MEADOWS,February,15,Wednesday,18,26,Urban,Low Speed (Local),No,42.093375,-88.03184444,Non-Intersection,Dark - Lighted,Clear,6:00pm-6:59pm,26,6:00pm-6:59pm,28,Unknown,Unknown EMS Hospital Arrival Time,1,Dark - Lighted,Clear,1,1,['Driver'],['None_Used'],0,0,Valid,0.0,0.0,38.0,38.0,['Male'],2,0,2,4,3,Dry,Curve,Level,Lowest,No
12665,17,Illinois,170130,1,1,1,0,1,EVANSTON,February,16,Thursday,5,8,Urban,Medium Speed (Collector),No,42.03388611,-87.67270556,Simple Junction,Dark - Lighted,Cloudy,5:00am-5:59am,9,5:00am-5:59am,12,Unknown,Unknown EMS Hospital Arrival Time,1,Dark - Lighted,Reduced Visibility,0,1,[],[],0,0,Valid,0.0,0.0,51.0,51.0,['Male'],0,0,3,2,4,Dry,Straight,Level,Lowest,No
12666,17,Illinois,170131,0,3,3,0,3,NOT APPLICABLE,February,16,Thursday,7,31,Rural,Medium Speed (Collector),No,42.05480833,-89.62682778,Complex/Circle,Daylight,Blowing Snow,7:00am-7:59am,31,7:00am-7:59am,43,Unknown,Unknown EMS Hospital Arrival Time,1,Daylight,Snow/Ice/Severe,1,2,['Driver'],['Shoulder_Lapbelt'],0,0,Valid,2.0,0.0,57.0,45.0,"['Female', 'Female', 'Male']",1,0,4,4,5,Icy/Snowy,Straight,Grade/Hillcrest,Lowest,No
12667,17,Illinois,170132,1,1,1,0,1,NOT APPLICABLE,February,16,Thursday,18,8,Urban,Medium Speed (Collector),No,38.65854167,-90.05290278,Simple Junction,Dark - Not Lighted,Clear,6:00pm-6:59pm,8,6:00pm-6:59pm,20,Not Applicable (Not Transported),Not Applicable (Not Transported),1,Dark - Unlighted,Clear,0,1,[],[],0,0,Valid,0.0,0.0,50.0,50.0,['Male'],0,0,3,2,4,Dry,Straight,Level,Lowest,No
12668,17,Illinois,170133,0,1,1,0,1,NOT APPLICABLE,February,17,Friday,12,18,Rural,Medium Speed (Collector),No,77.7777,777.7777,Non-Intersection,Daylight,Clear,Unknown,Unknown if Notified,Unknown EMS Scene Arrival Hour,Unknown if Arrived,Unknown,Unknown if Transported,1,Daylight,Clear,1,0,['Driver'],['Shoulder_Lapbelt'],0,0,Valid,0.0,0.0,78.0,78.0,['Male'],0,0,2,4,2,Dry,Straight,Grade/Hillcrest,Lowest,No
12669,17,Illinois,170135,0,2,2,0,5,OAK LAWN,February,17,Friday,18,51,Urban,Medium Speed (Collector),No,41.70160556,-87.75969444,Simple Junction,Dark - Lighted,Clear,6:00pm-6:59pm,53,7:00pm-7:59pm,5,Unknown,Unknown EMS Hospital Arrival Time,1,Dark - Lighted,Clear,1,4,['Rear_Seat'],['None_Used'],0,0,Valid,0.0,1.0,45.0,22.0,"['Female', 'Female']",0,0,2,4,5,Dry,Straight,Level,Lowest,No
12670,17,Illinois,170136,0,1,1,0,2,PARK FOREST,February,18,Saturday,0,4,Urban,Low Speed (Local),No,41.47723333,-87.67659444,Non-Intersection,Dark - Lighted,Clear,0:00am-0:59am,4,0:00am-0:59am,9,Unknown,Unknown EMS Hospital Arrival Time,1,Dark - Lighted,Clear,1,1,['Driver'],['None_Used'],1,1,Valid,0.0,1.0,31.0,31.0,['Male'],2,0,2,4,3,Icy/Snowy,Curve,Grade/Hillcrest,Lowest,No
12671,17,Illinois,170137,0,1,1,0,3,NOT APPLICABLE,February,18,Saturday,0,39,Rural,High Speed (Arterial),Yes,40.12016944,-88.46305556,Non-Intersection,Dark - Not Lighted,Clear,0:00am-0:59am,39,0:00am-0:59am,48,Unknown,Unknown EMS Hospital Arrival Time,2,Dark - Unlighted,Clear,2,1,"['Rear_Seat', 'Front_Passenger']","['None_Used', 'None_Used']",1,1,Invalid,0.0,0.0,50.0,50.0,['Male'],3,0,3,4,3,Dry,Straight,Level,Lowest,No
12672,17,Illinois,170138,0,2,2,0,3,CHICAGO,February,18,Saturday,8,32,Urban,Medium Speed (Collector),No,41.91686944,-87.75506944,Non-Intersection,Daylight,Clear,8:00am-8:59am,33,8:00am-8:59am,35,Unknown,Unknown EMS Hospital Arrival Time,1,Daylight,Clear,1,2,['Driver'],['None_Used'],0,0,Valid,0.0,0.0,50.0,35.0,"['Male', 'Male']",0,0,3,4,5,Wet/Standing Water,Straight,Level,Lowest,No
12673,17,Illinois,170139,0,1,1,0,1,BRIMFIELD,February,18,Saturday,23,56,Rural,Medium Speed (Collector),No,40.830775,-89.86945556,Non-Intersection,Dark - Not Lighted,Clear,Unknown,Unknown,Unknown EMS Scene Arrival Hour,Unknown EMS Scene Arrival Minutes,Not Applicable (Not Transported),Not Applicable (Not Transported),1,Dark - Unlighted,Clear,1,0,['Driver'],['Shoulder_Lapbelt'],1,1,Valid,0.0,0.0,83.0,83.0,['Female'],0,0,3,4,3,Dry,Curve,Level,Lowest,No
12674,17,Illinois,170140,0,1,1,0,5,CHICAGO,February,18,Saturday,22,58,Urban,Medium Speed (Collector),No,41.71159444,-87.64308889,Non-Intersection,Dark - Lighted,Clear,Unknown,Unknown,11:00pm-11:59pm,5,Not Applicable (Not Transported),Not Applicable (Not Transported),3,Dark - Lighted,Clear,3,2,"['Rear_Seat', 'Rear_Seat', 'Rear_Seat']","['Shoulder_Lapbelt', 'Shoulder_Lapbelt', 'Shoulder_Lapbelt']",0,0,Invalid,0.0,0.0,18.0,18.0,['Male'],5,0,2,4,3,Dry,Straight,Level,Lowest,No