,State_Code,State_Name,Crash_ID,Count_Non_Motorists,Count_Vehicles_Total,Count_Vehicle_Forms,Count_PVH_Involved,Count_Occupants_MV,City_Name,Month_Name,Day_of_Month,Day_of_Week,Crash_Hour,Crash_Minute,Area_Rural_Urban,Road_Functional_Class,On_NHS_Road,Latitude,Longitude,Intersection_Type,Light_Condition,Weather_Condition,Notif_Hour,Notif_Minute,Arrival_Hour,Arrival_Minute,Hospital_Hour,Hospital_Minute,Fatalities_Count,Clean_Light_Condition,Clean_Weather_Condition,Total_Killed,Total_Alive,Fatal_Seats_List,Killed_Restraint_List,Any_Driver_Drinking,Total_Drinking_Drivers,Driver_License_Category,Driver_Max_Prev_Accident_Count,Driver_Max_Prev_Speeding_Count,Max_Driver_Age,Min_Driver_Age,Driver_Sex_List,Total_Exceeding_Limit_Vehicles,Total_Too_Fast_Vehicles,Max_Vehicle_Type_Severity_5,Max_Vehicle_Damage_Rank,Max_Harmful_Event_Severity,Crash_Road_Surface_Condition,Crash_Horizontal_Alignment,Crash_Vertical_Profile,Crash_Impairment_Category,Crash_Vehicle_Defect
12785,17,Illinois,170259,0,1,1,0,3,NOT APPLICABLE,April,10,Monday,11,31,Rural,High Speed (Arterial),Yes,42.28676389,-89.38781111,Non-Intersection,Daylight,Clear,11:00am-11:59am,31,11:00am-11:59am,36,Unknown,Unknown EMS Hospital Arrival Time,1,Daylight,Clear,1,2,['Front_Passenger'],['None_Used'],0,0,Valid,0.0,0.0,39.0,39.0,['Female'],0,0,3,4,3,Dry,Straight,Level,Lowest,Yes
12786,17,Illinois,170260,0,3,3,0,4,NOT APPLICABLE,April,10,Monday,12,37,Rural,Medium Speed (Collector),No,41.28595278,-88.37253333,Non-Intersection,Daylight,Clear,12:00pm-12:59pm,37,12:00pm-12:59pm,45,Unknown,Unknown EMS Hospital Arrival Time,1,Daylight,Clear,1,3,['Driver'],['None_Used'],1,1,Invalid,0.0,4.0,52.0,26.0,"['Male', 'Male', 'Male']",1,0,3,4,5,Dry,Straight,Level,Lowest,No
12787,17,Illinois,170261,0,2,2,0,2,ROUND LAKE,April,10,Monday,14,35,Urban,Medium Speed (Collector),No,42.36728056,-88.08986667,Complex/Circle,Daylight,Clear,Unknown,Unknown,Unknown EMS Scene Arrival Hour,Unknown EMS Scene Arrival Minutes,Unknown,Unknown EMS Hospital Arrival Time,1,Daylight,Clear,1,1,['Driver'],['None_Used'],0,0,Invalid,0.0,0.0,20.0,18.0,"['Male', 'Male']",1,0,5,4,5,Dry,Straight,Level,Lowest,No
12788,17,Illinois,170262,0,2,2,0,2,NOT APPLICABLE,April,11,Tuesday,10,46,Rural,Medium Speed (Collector),No,42.200725,-89.59509722,Simple Junction,Daylight,Clear,10:00am-10:59am,46,10:00am-10:59am,57,Not Applicable (Not Transported),Not Applicable (Not Transported),1,Daylight,Clear,1,1,['Driver'],['None_Used'],0,0,Valid,0.0,0.0,64.0,52.0,"['Male', 'Male']",0,0,3,4,5,Dry,Straight,Level,Lowest,No
12789,17,Illinois,170263,0,2,2,0,2,DARIEN,April,12,Wednesday,12,23,Urban,Medium Speed (Collector),No,41.75693889,-87.95487222,Complex/Circle,Daylight,Clear,12:00pm-12:59pm,24,12:00pm-12:59pm,24,Unknown,Unknown EMS Hospital Arrival Time,1,Daylight,Clear,1,1,['Driver'],['Shoulder_Lapbelt'],0,0,Valid,0.0,1.0,87.0,56.0,"['Male', 'Female']",1,0,3,4,5,Dry,Straight,Level,Lowest,No
12790,17,Illinois,170264,0,1,1,0,1,JOLIET,April,12,Wednesday,12,36,Urban,Low Speed (Local),No,41.566225,-88.18135833,Non-Intersection,Daylight,Clear,Unknown,Unknown,Unknown EMS Scene Arrival Hour,Unknown EMS Scene Arrival Minutes,Unknown,Unknown EMS Hospital Arrival Time,1,Daylight,Clear,1,0,['Driver'],['Shoulder_Lapbelt'],0,0,Valid,0.0,0.0,53.0,53.0,['Male'],0,0,3,4,3,Dry,Straight,Level,Lowest,No
12791,17,Illinois,170265,0,2,2,0,6,NOT APPLICABLE,April,12,Wednesday,20,10,Rural,Low Speed (Local),No,39.17258056,-88.36286389,Non-Intersection,Dark - Not Lighted,Clear,8:00pm-8:59pm,10,8:00pm-8:59pm,33,Unknown,Unknown EMS Hospital Arrival Time,1,Dark - Unlighted,Clear,1,5,['Rear_Seat'],['Child_Safety'],0,0,Valid,0.0,1.0,41.0,27.0,"['Female', 'Female']",0,0,3,4,5,Dry,Straight,Level,Lowest,No
12792,17,Illinois,170266,0,1,1,0,2,NOT APPLICABLE,April,13,Thursday,13,29,Rural,High Speed (Arterial),Yes,41.01871667,-88.52896944,Non-Intersection,Daylight,Clear,1:00pm-1:59pm,31,1:00pm-1:59pm,40,Unknown,Unknown EMS Hospital Arrival Time,1,Daylight,Clear,1,1,['Front_Passenger'],['Shoulder_Lapbelt'],0,0,Valid,0.0,0.0,80.0,80.0,['Female'],0,0,3,4,3,Dry,Curve,Level,Lowest,No
12793,17,Illinois,170267,0,3,3,0,3,CHICAGO,April,14,Friday,5,0,Urban,High Speed (Arterial),Yes,41.84446111,-87.6327,Non-Intersection,Dark - Lighted,Clear,5:00am-5:59am,11,5:00am-5:59am,16,Not Applicable (Not Transported),Not Applicable (Not Transported),1,Dark - Lighted,Clear,1,2,['Driver'],['None_Used'],1,1,Invalid,0.0,1.0,41.0,33.0,"['Female', 'Other', 'Female']",1,0,4,2,5,Dry,Curve,Level,Lowest,No
12794,17,Illinois,170268,0,1,1,0,1,NOT APPLICABLE,April,14,Friday,6,51,Rural,Medium Speed (Collector),No,40.48743056,-90.83845,Non-Intersection,Daylight,Clear,7:00am-7:59am,2,Unknown EMS Scene Arrival Hour,Unknown EMS Scene Arrival Minutes,Unknown,Unknown EMS Hospital Arrival Time,1,Daylight,Clear,1,0,['Driver'],['None_Used'],0,0,Valid,0.0,1.0,38.0,38.0,['Male'],0,0,3,1,2,Dry,Straight,Level,Medium,No
12795,17,Illinois,170269,0,2,2,0,5,NOT APPLICABLE,April,14,Friday,15,4,Rural,Medium Speed (Collector),No,41.22850833,-89.20171667,Complex/Circle,Daylight,Clear,3:00pm-3:59pm,9,3:00pm-3:59pm,20,Unknown,Unknown EMS Hospital Arrival Time,2,Daylight,Clear,2,3,"['Driver', 'Rear_Seat']","['None_Used', 'None_Used']",1,1,Valid,0.0,0.0,48.0,26.0,"['Male', 'Female']",0,0,3,4,5,Dry,Straight,Level,Lowest,No
12796,17,Illinois,170270,1,1,1,0,1,FRANKLIN PARK,April,14,Friday,15,43,Urban,Medium Speed (Collector),No,41.94601111,-87.85546111,Simple Junction,Daylight,Clear,Unknown,Unknown if Notified,Unknown EMS Scene Arrival Hour,Unknown if Arrived,Not Applicable (Not Transported),Not Applicable (Not Transported),1,Daylight,Clear,0,1,[],[],0,0,Valid,0.0,0.0,55.0,55.0,['Male'],0,0,4,0,4,Dry,Straight,Level,Lowest,No
12797,17,Illinois,170271,1,1,1,0,3,CHICAGO,April,14,Friday,19,30,Urban,Medium Speed (Collector),No,41.73307778,-87.60478611,Complex/Circle,Daylight,Clear,7:00pm-7:59pm,40,7:00pm-7:59pm,35,Unknown,Unknown EMS Hospital Arrival Time,1,Daylight,Clear,0,3,[],[],0,0,Valid,0.0,0.0,27.0,27.0,['Male'],0,0,3,1,4,Dry,Straight,Level,Lowest,No
12798,17,Illinois,170272,0,2,2,0,5,JOLIET,April,14,Friday,23,11,Urban,Low Speed (Local),No,41.54393889,-88.17956944,Simple Junction,Dark - Not Lighted,Clear,Unknown,Unknown,Unknown EMS Scene Arrival Hour,Unknown EMS Scene Arrival Minutes,Unknown,Unknown EMS Hospital Arrival Time,2,Dark - Unlighted,Clear,2,3,"['Driver', 'Rear_Seat']","['None_Used', 'Shoulder_Lapbelt']",1,1,Valid,0.0,0.0,69.0,20.0,"['Male', 'Male']",0,0,5,1,5,Dry,Straight,Level,Lowest,No
12799,17,Illinois,170273,0,1,1,0,2,NOT APPLICABLE,April,15,Saturday,3,24,Urban,High Speed (Arterial),Yes,38.76107778,-90.09941389,Non-Intersection,Dark - Not Lighted,Clear,3:00am-3:59am,24,3:00am-3:59am,40,Not Applicable (Not Transported),Not Applicable (Not Transported),1,Dark - Unlighted,Clear,1,1,['Front_Passenger'],['Shoulder_Lapbelt'],1,1,Invalid,0.0,0.0,21.0,21.0,['Male'],2,0,3,4,3,Dry,Straight,Level,Lowest,No
12800,17,Illinois,170274,0,1,1,0,1,NOT APPLICABLE,April,15,Saturday,5,47,Rural,Medium Speed (Collector),No,40.62407778,-89.76131944,Non-Intersection,Dawn,Clear,Unknown,Unknown,Unknown EMS Scene Arrival Hour,Unknown EMS Scene Arrival Minutes,Unknown,Unknown EMS Hospital Arrival Time,1,Twilight,Clear,1,0,['Driver'],['None_Used'],1,1,Invalid,0.0,0.0,51.0,51.0,['Male'],0,0,5,3,1,Dry,Straight,Level,Lowest,No
12801,17,Illinois,170275,0,2,2,0,6,UNIVERSITY PARK,April,15,Saturday,7,43,Urban,Medium Speed (Collector),No,41.44563056,-87.670925,Complex/Circle,Daylight,Clear,7:00am-7:59am,43,7:00am-7:59am,48,Unknown,Unknown EMS Hospital Arrival Time,2,Daylight,Clear,2,4,"['Driver', 'Rear_Seat']","['Shoulder_Lapbelt', 'Shoulder_Lapbelt']",1,1,Valid,0.0,0.0,43.0,33.0,"['Male', 'Female']",2,0,3,4,5,Dry,Straight,Level,Lowest,No
12802,17,Illinois,170276,0,1,1,0,1,NOT APPLICABLE,April,15,Saturday,11,33,Rural,Medium Speed (Collector),No,41.32110556,-88.76156111,Non-Intersection,Daylight,Clear,11:00am-11:59am,34,Unknown EMS Scene Arrival Hour,Unknown EMS Scene Arrival Minutes,Not Applicable (Not Transported),Not Applicable (Not Transported),1,Daylight,Clear,1,0,['Driver'],['None_Used'],0,0,Valid,0.0,0.0,76.0,76.0,['Male'],0,0,5,4,3,Dry,Straight,Level,Lowest,No
12803,17,Illinois,170277,0,1,1,0,3,NOT APPLICABLE,April,15,Saturday,13,6,Rural,Low Speed (Local),No,42.405875,-89.86565278,Non-Intersection,Daylight,Clear,Unknown,Unknown,Unknown EMS Scene Arrival Hour,Unknown EMS Scene Arrival Minutes,Unknown,Unknown EMS Hospital Arrival Time,1,Daylight,Clear,1,2,['Driver'],['Shoulder_Lapbelt'],0,0,Valid,0.0,1.0,19.0,19.0,['Female'],0,0,3,4,3,Dry,Straight,Level,Lowest,No
12804,17,Illinois,170278,0,1,1,0,1,NOT APPLICABLE,April,15,Saturday,15,5,Urban,Medium Speed (Collector),No,42.25170556,-88.95550278,Non-Intersection,Daylight,Clear,Unknown,Unknown,Unknown EMS Scene Arrival Hour,Unknown EMS Scene Arrival Minutes,Unknown,Unknown EMS Hospital Arrival Time,1,Daylight,Clear,1,0,['Driver'],['None_Used'],0,0,Valid,0.0,1.0,51.0,51.0,['Male'],1,0,5,1,1,Dry,Straight,Level,Medium,No
12805,17,Illinois,170279,0,1,1,0,1,CALUMET PARK,April,16,Sunday,2,25,Urban,High Speed (Arterial),Yes,41.67712778,-87.66225278,Non-Intersection,Dark - Lighted,Rain,2:00am-2:59am,28,2:00am-2:59am,36,Not Applicable (Not Transported),Not Applicable (Not Transported),1,Dark - Lighted,Rain/Wind/Minor,1,0,['Driver'],['None_Used'],0,0,Invalid,0.0,0.0,34.0,34.0,['Female'],1,0,2,4,3,Wet/Standing Water,Straight,Level,Lowest,No
12806,17,Illinois,170280,1,1,1,0,2,NOT APPLICABLE,April,16,Sunday,3,13,Rural,High Speed (Arterial),Yes,37.58814722,-88.99977222,Non-Intersection,Dark - Not Lighted,Rain,3:00am-3:59am,16,3:00am-3:59am,32,Not Applicable (Not Transported),Not Applicable (Not Transported),1,Dark - Unlighted,Rain/Wind/Minor,0,2,[],[],0,0,Valid,0.0,0.0,29.0,29.0,['Male'],0,0,3,3,4,Wet/Standing Water,Straight,Level,Lowest,No
12807,17,Illinois,170281,0,2,2,0,8,CHICAGO,April,16,Sunday,17,0,Urban,Medium Speed (Collector),No,41.88198333,-87.73557222,Complex/Circle,Daylight,Clear,3:00am-3:59am,5,3:00am-3:59am,10,Unknown,Unknown EMS Hospital Arrival Time,1,Daylight,Clear,1,7,['Rear_Seat'],['Shoulder_Lapbelt'],0,0,Invalid,0.0,0.0,998.0,34.0,"['Male', 'Female']",4,0,3,4,5,Dry,Straight,Level,Lowest,No
12808,17,Illinois,170282,0,2,2,0,4,NOT APPLICABLE,April,16,Sunday,17,8,Rural,Medium Speed (Collector),No,41.87950278,-88.60156667,Complex/Circle,Daylight,Rain,5:00pm-5:59pm,8,5:00pm-5:59pm,14,Unknown,Unknown EMS Hospital Arrival Time,1,Daylight,Rain/Wind/Minor,1,3,['Rear_Seat'],['Child_Safety'],0,0,Valid,0.0,0.0,34.0,17.0,"['Female', 'Female']",0,0,3,4,5,Wet/Standing Water,Straight,Level,Medium,No
12809,17,Illinois,170283,0,1,1,0,1,NOT APPLICABLE,April,17,Monday,12,26,Urban,High Speed (Arterial),Yes,42.38743889,-89.07840556,Non-Intersection,Daylight,Severe Crosswinds,12:00pm-12:59pm,29,Unknown EMS Scene Arrival Hour,Unknown EMS Scene Arrival Minutes,Not Applicable (Not Transported),Not Applicable (Not Transported),1,Daylight,Rain/Wind/Minor,1,0,['Driver'],['Shoulder_Lapbelt'],0,0,Invalid,0.0,1.0,21.0,21.0,['Male'],1,0,2,4,3,Dry,Straight,Level,Lowest,No
12810,17,Illinois,170284,0,2,2,0,3,NOT APPLICABLE,April,17,Monday,18,57,Rural,High Speed (Arterial),Yes,40.31087222,-89.25236389,Non-Intersection,Daylight,Clear,6:00pm-6:59pm,57,7:00pm-7:59pm,0,Unknown,Unknown EMS Hospital Arrival Time,1,Daylight,Clear,1,2,['Driver'],['Shoulder_Lapbelt'],0,0,Valid,0.0,1.0,36.0,28.0,"['Female', 'Male']",2,0,3,4,5,Dry,Straight,Grade/Hillcrest,Lowest,No
12811,17,Illinois,170285,1,1,1,0,5,ELGIN,April,18,Tuesday,5,57,Urban,High Speed (Arterial),Yes,42.01053056,-88.26924444,Non-Intersection,Dawn,Clear,5:00am-5:59am,57,6:00am-6:59am,5,Not Applicable (Not Transported),Not Applicable (Not Transported),1,Twilight,Clear,0,5,[],[],0,0,Valid,0.0,1.0,29.0,29.0,['Male'],0,0,3,3,4,Dry,Straight,Level,Lowest,No
12812,17,Illinois,170286,0,3,3,0,3,HOMEWOOD,April,18,Tuesday,11,45,Urban,High Speed (Arterial),Yes,41.56434722,-87.63628333,Complex/Circle,Daylight,Clear,11:00am-11:59am,52,12:00pm-12:59pm,0,Unknown,Unknown EMS Hospital Arrival Time,1,Daylight,Clear,1,2,['Driver'],['Shoulder_Lapbelt'],0,0,Valid,0.0,1.0,86.0,28.0,"['Female', 'Male', 'Male']",1,0,4,4,5,Dry,Straight,Level,Lowest,No
12813,17,Illinois,170287,0,2,2,0,3,SPRINGFIELD,April,18,Tuesday,14,27,Urban,High Speed (Arterial),Yes,39.80853889,-89.70622778,Complex/Circle,Daylight,Clear,Unknown,Unknown,Unknown EMS Scene Arrival Hour,Unknown EMS Scene Arrival Minutes,Unknown,Unknown EMS Hospital Arrival Time,1,Daylight,Clear,1,2,['Driver'],['Shoulder_Lapbelt'],0,0,Valid,1.0,1.0,85.0,22.0,"['Female', 'Male']",0,0,3,4,5,Dry,Straight,Level,Lowest,No
12814,17,Illinois,170288,0,2,2,0,3,LEMONT,April,18,Tuesday,17,15,Urban,Medium Speed (Collector),No,41.68572222,-88.0046,Complex/Circle,Daylight,Clear,5:00pm-5:59pm,16,5:00pm-5:59pm,20,Unknown,Unknown EMS Hospital Arrival Time,1,Daylight,Clear,1,2,['Driver'],['Shoulder_Lapbelt'],0,0,Valid,0.0,0.0,25.0,19.0,"['Male', 'Male']",2,0,3,4,5,Dry,Straight,Grade/Hillcrest,Lowest,No
12815,17,Illinois,170289,0,1,1,0,2,ANTIOCH,April,18,Tuesday,21,46,Urban,Low Speed (Local),No,42.457525,-88.13196667,Non-Intersection,Dark - Not Lighted,Clear,9:00pm-9:59pm,46,9:00pm-9:59pm,55,Not Applicable (Not Transported),Not Applicable (Not Transported),2,Dark - Unlighted,Clear,2,0,"['Driver', 'Front_Passenger']","['None_Used', 'None_Used']",1,1,Invalid,0.0,0.0,56.0,56.0,['Male'],0,0,5,4,3,Dry,Straight,Level,Lowest,No
12816,17,Illinois,170290,0,2,1,1,1,POCAHONTAS,April,19,Wednesday,0,31,Rural,Medium Speed (Collector),No,38.77882778,-89.56404722,Non-Intersection,Dark - Not Lighted,Clear,0:00am-0:59am,31,0:00am-0:59am,31,Not Applicable (Not Transported),Not Applicable (Not Transported),1,Dark - Unlighted,Clear,1,0,['Driver'],['None_Used'],1,1,Valid,0.0,0.0,25.0,25.0,['Male'],1,0,2,4,3,Dry,Straight,Level,Lowest,No
12817,17,Illinois,170291,0,1,1,0,1,PALOS HILLS,April,20,Thursday,9,41,Urban,Low Speed (Local),No,41.68689444,-87.83505556,Non-Intersection,Daylight,Clear,9:00am-9:59am,47,9:00am-9:59am,50,Unknown,Unknown EMS Hospital Arrival Time,1,Daylight,Clear,1,0,['Driver'],['Shoulder_Lapbelt'],0,0,Valid,0.0,0.0,76.0,76.0,['Male'],0,0,2,4,3,Dry,Curve,Level,Medium,No
12818,17,Illinois,170292,0,1,1,0,1,MATTESON,April,20,Thursday,23,20,Urban,High Speed (Arterial),Yes,41.50189444,-87.74234444,Non-Intersection,Dark - Lighted,Clear,Unknown,Unknown,Unknown EMS Scene Arrival Hour,Unknown EMS Scene Arrival Minutes,Not Applicable (Not Transported),Not Applicable (Not Transported),1,Dark - Lighted,Clear,1,0,['Driver'],['None_Used'],1,1,Invalid,0.0,0.0,33.0,33.0,['Male'],1,0,5,4,1,Dry,Straight,Level,Lowest,No
12819,17,Illinois,170293,1,1,1,0,1,HARVEY,April,21,Friday,22,38,Urban,High Speed (Arterial),Yes,41.6226,-87.637625,Non-Intersection,Dark - Not Lighted,Clear,10:00pm-10:59pm,38,Unknown EMS Scene Arrival Hour,Unknown EMS Scene Arrival Minutes,Unknown,Unknown EMS Hospital Arrival Time,1,Dark - Unlighted,Clear,0,1,[],[],0,0,Valid,0.0,0.0,31.0,31.0,['Male'],0,0,2,1,4,Dry,Straight,Level,Lowest,No
12820,17,Illinois,170294,1,1,1,0,1,WESTMONT,April,21,Friday,9,34,Urban,Low Speed (Local),No,41.81628333,-87.96321111,Simple Junction,Daylight,Clear,Unknown,Unknown,Unknown EMS Scene Arrival Hour,Unknown EMS Scene Arrival Minutes,Unknown,Unknown EMS Hospital Arrival Time,1,Daylight,Clear,0,1,[],[],0,0,Valid,0.0,0.0,36.0,36.0,['Female'],0,0,3,1,4,Dry,Straight,Level,Lowest,No
12821,17,Illinois,170295,0,2,2,0,3,NOT APPLICABLE,April,21,Friday,15,8,Urban,High Speed (Arterial),Yes,41.89934444,-87.88379444,Non-Intersection,Daylight,Cloudy,3:00pm-3:59pm,10,3:00pm-3:59pm,36,Unknown,Unknown EMS Hospital Arrival Time,1,Daylight,Reduced Visibility,1,2,['Driver'],['Shoulder_Lapbelt'],0,0,Valid,0.0,0.0,66.0,58.0,"['Male', 'Male']",2,0,4,4,5,Dry,Straight,Level,Lowest,No
12822,17,Illinois,170296,0,2,2,0,3,NORMAL,April,21,Friday,18,48,Urban,Medium Speed (Collector),No,40.53104167,-89.02761944,Non-Intersection,Daylight,Clear,6:00pm-6:59pm,48,6:00pm-6:59pm,57,Unknown,Unknown EMS Hospital Arrival Time,1,Daylight,Clear,1,2,['Driver'],['None_Used'],0,0,Invalid,0.0,3.0,51.0,22.0,"['Male', 'Female']",0,0,5,4,5,Dry,Straight,Grade/Hillcrest,Lowest,No
12823,17,Illinois,170297,1,1,1,0,1,CHICAGO,April,21,Friday,22,50,Urban,High Speed (Arterial),Yes,41.83194167,-87.60640278,Non-Intersection,Dark - Lighted,Clear,Unknown,Unknown,Unknown EMS Scene Arrival Hour,Unknown EMS Scene Arrival Minutes,Not Applicable (Not Transported),Not Applicable (Not Transported),1,Dark - Lighted,Clear,0,1,[],[],0,0,Invalid,0.0,0.0,998.0,998.0,['Other'],1,0,1,1,4,Dry,Straight,Level,Lowest,No
12824,17,Illinois,170298,0,1,1,0,1,BELVIDERE,April,22,Saturday,1,5,Urban,Medium Speed (Collector),No,42.29031389,-88.89987778,Non-Intersection,Dark - Not Lighted,Clear,1:00am-1:59am,9,1:00am-1:59am,12,Unknown,Unknown EMS Hospital Arrival Time,1,Dark - Unlighted,Clear,1,0,['Driver'],['Shoulder_Lapbelt'],1,1,Valid,0.0,0.0,23.0,23.0,['Male'],1,0,2,4,3,Dry,Straight,Grade/Hillcrest,Lowest,No
12825,17,Illinois,170299,0,1,1,0,1,NOT APPLICABLE,April,22,Saturday,2,23,Urban,High Speed (Arterial),Yes,42.29640278,-89.14503056,Non-Intersection,Dark - Lighted,Clear,Unknown,Unknown if Notified,Unknown EMS Scene Arrival Hour,Unknown if Arrived,Not Applicable (Not Transported),Not Applicable (Not Transported),1,Dark - Lighted,Clear,1,0,['Driver'],['None_Used'],1,1,Valid,0.0,2.0,34.0,34.0,['Male'],0,0,5,4,3,Dry,Straight,Level,Lowest,No
12826,17,Illinois,170300,0,1,1,0,1,NOT APPLICABLE,April,22,Saturday,4,25,Rural,Medium Speed (Collector),No,40.30509444,-89.69686389,Complex/Circle,Dark - Not Lighted,Clear,Unknown,Unknown,Unknown EMS Scene Arrival Hour,Unknown EMS Scene Arrival Minutes,Unknown,Unknown EMS Hospital Arrival Time,1,Dark - Unlighted,Clear,1,0,['Driver'],['None_Used'],0,0,Valid,0.0,0.0,66.0,66.0,['Female'],0,0,3,4,2,Dry,Straight,Level,Lowest,No
12827,17,Illinois,170301,0,2,2,0,5,NOT APPLICABLE,April,22,Saturday,17,55,Rural,Medium Speed (Collector),No,40.79718333,-89.52215833,Non-Intersection,Daylight,Clear,5:00pm-5:59pm,55,6:00pm-6:59pm,20,Unknown,Unknown EMS Hospital Arrival Time,1,Daylight,Clear,1,4,['Driver'],['Shoulder_Lapbelt'],1,1,Valid,1.0,2.0,67.0,28.0,"['Female', 'Male']",0,0,2,4,5,Dry,Straight,Level,Lowest,No
12828,17,Illinois,170302,1,1,1,0,1,WAUKEGAN,April,22,Saturday,22,12,Urban,Medium Speed (Collector),No,42.35949722,-87.87811944,Non-Intersection,Dark - Lighted,Clear,10:00pm-10:59pm,11,Unknown EMS Scene Arrival Hour,Unknown EMS Scene Arrival Minutes,Unknown,Unknown EMS Hospital Arrival Time,1,Dark - Lighted,Clear,0,1,[],[],0,0,Invalid,0.0,0.0,998.0,998.0,['Other'],0,0,1,1,4,Dry,Straight,Level,Lowest,No
12829,17,Illinois,170303,0,3,3,0,5,DECATUR,April,23,Sunday,19,53,Urban,High Speed (Arterial),Yes,39.84657778,-88.92638333,Complex/Circle,Dark - Not Lighted,Clear,Unknown,Unknown,Unknown EMS Scene Arrival Hour,Unknown EMS Scene Arrival Minutes,Unknown,Unknown EMS Hospital Arrival Time,1,Dark - Unlighted,Clear,1,3,['Front_Passenger'],['Shoulder_Lapbelt'],1,1,Valid,0.0,0.0,998.0,19.0,"['Male', 'Male', 'Other']",1,0,3,4,5,Dry,Straight,Level,Lowest,No
12830,17,Illinois,170304,0,1,1,0,1,NOT APPLICABLE,April,23,Sunday,20,59,Rural,Medium Speed (Collector),No,40.48538611,-89.2749,Non-Intersection,Dark - Not Lighted,Clear,9:00pm-9:59pm,2,9:00pm-9:59pm,10,Unknown,Unknown EMS Hospital Arrival Time,1,Dark - Unlighted,Clear,1,0,['Driver'],['None_Used'],1,1,Valid,0.0,0.0,26.0,26.0,['Female'],0,0,3,4,2,Dry,Straight,Level,Lowest,No
12831,17,Illinois,170305,1,1,1,0,1,NOT APPLICABLE,April,23,Sunday,21,56,Rural,Medium Speed (Collector),No,37.08360556,-89.169575,Non-Intersection,Dark - Not Lighted,Clear,9:00pm-9:59pm,56,10:00pm-10:59pm,4,Not Applicable (Not Transported),Not Applicable (Not Transported),1,Dark - Unlighted,Clear,0,1,[],[],0,0,Valid,0.0,0.0,34.0,34.0,['Male'],0,0,3,3,4,Dry,Straight,Grade/Hillcrest,Lowest,No
12832,17,Illinois,170306,0,3,3,0,6,NOT APPLICABLE,April,24,Monday,2,45,Rural,High Speed (Arterial),Yes,42.00476667,-89.02100833,Non-Intersection,Dark - Not Lighted,Clear,2:00am-2:59am,45,2:00am-2:59am,58,Unknown,Unknown EMS Hospital Arrival Time,1,Dark - Unlighted,Clear,1,5,['Driver'],['None_Used'],0,0,Invalid,1.0,2.0,79.0,29.0,"['Male', 'Male', 'Male']",0,0,3,4,5,Dry,Straight,Level,Lowest,No
12833,17,Illinois,170307,0,2,2,0,4,NOT APPLICABLE,April,24,Monday,5,35,Rural,High Speed (Arterial),Yes,37.49931667,-89.10606111,Non-Intersection,Dark - Not Lighted,Clear,5:00am-5:59am,35,5:00am-5:59am,45,Unknown,Unknown EMS Hospital Arrival Time,2,Dark - Unlighted,Clear,2,2,"['Driver', 'Rear_Seat']","['Shoulder_Lapbelt', 'None_Used']",0,0,Valid,1.0,0.0,36.0,27.0,"['Male', 'Male']",0,0,4,4,5,Dry,Straight,Grade/Hillcrest,Lowest,No
12834,17,Illinois,170308,0,1,1,0,1,NOT APPLICABLE,April,24,Monday,7,10,Rural,Medium Speed (Collector),No,41.40496944,-89.010275,Non-Intersection,Daylight,Clear,7:00am-7:59am,13,7:00am-7:59am,21,Unknown,Unknown EMS Hospital Arrival Time,1,Daylight,Clear,1,0,['Driver'],['Shoulder_Lapbelt'],0,0,Valid,0.0,0.0,72.0,72.0,['Male'],0,0,4,4,3,Dry,Straight,Level,Lowest,No
12835,17,Illinois,170309,0,2,2,0,3,NOT APPLICABLE,April,24,Monday,9,51,Rural,Medium Speed (Collector),No,41.97051111,-88.60142778,Complex/Circle,Daylight,Clear,9:00am-9:59am,52,Unknown EMS Scene Arrival Hour,Unknown EMS Scene Arrival Minutes,Not Applicable (Not Transported),Not Applicable (Not Transported),2,Daylight,Clear,2,1,"['Driver', 'Front_Passenger']","['None_Used', 'Shoulder_Lapbelt']",0,0,Valid,0.0,1.0,69.0,23.0,"['Female', 'Male']",0,0,4,4,5,Dry,Straight,Level,Lowest,No
12836,17,Illinois,170310,1,1,1,0,1,CHICAGO,April,24,Monday,13,20,Urban,High Speed (Arterial),Yes,41.99021389,-87.72900556,Complex/Circle,Daylight,Clear,Unknown,Unknown,Unknown EMS Scene Arrival Hour,Unknown EMS Scene Arrival Minutes,Unknown,Unknown EMS Hospital Arrival Time,1,Daylight,Clear,0,1,[],[],0,0,Valid,0.0,0.0,55.0,55.0,['Male'],0,0,3,1,4,Dry,Straight,Level,Lowest,No
12837,17,Illinois,170311,0,2,2,0,2,ANTIOCH,April,25,Tuesday,15,40,Urban,High Speed (Arterial),Yes,42.46399167,-88.10688333,Non-Intersection,Daylight,Clear,3:00pm-3:59pm,43,3:00pm-3:59pm,44,Unknown,Unknown EMS Hospital Arrival Time,1,Daylight,Clear,1,1,['Driver'],['Shoulder_Lapbelt'],0,0,Valid,0.0,0.0,81.0,58.0,"['Female', 'Male']",0,0,3,4,5,Dry,Straight,Grade/Hillcrest,Lowest,No
12838,17,Illinois,170312,0,1,1,0,1,NOT APPLICABLE,April,25,Tuesday,17,29,Rural,High Speed (Arterial),Yes,40.49480278,-89.93595,Non-Intersection,Dusk,Clear,5:00pm-5:59pm,29,5:00pm-5:59pm,51,Not Applicable (Not Transported),Not Applicable (Not Transported),1,Twilight,Clear,1,0,['Driver'],['None_Used'],1,1,Valid,0.0,1.0,43.0,43.0,['Male'],0,0,4,4,3,Dry,Straight,Level,Lowest,No