,State_Code,State_Name,Crash_ID,Count_Non_Motorists,Count_Vehicles_Total,Count_Vehicle_Forms,Count_PVH_Involved,Count_Occupants_MV,City_Name,Month_Name,Day_of_Month,Day_of_Week,Crash_Hour,Crash_Minute,Area_Rural_Urban,Road_Functional_Class,On_NHS_Road,Latitude,Longitude,Intersection_Type,Light_Condition,Weather_Condition,Notif_Hour,Notif_Minute,Arrival_Hour,Arrival_Minute,Hospital_Hour,Hospital_Minute,Fatalities_Count,Clean_Light_Condition,Clean_Weather_Condition,Total_Killed,Total_Alive,Fatal_Seats_List,Killed_Restraint_List,Any_Driver_Drinking,Total_Drinking_Drivers,Driver_License_Category,Driver_Max_Prev_Accident_Count,Driver_Max_Prev_Speeding_Count,Max_Driver_Age,Min_Driver_Age,Driver_Sex_List,Total_Exceeding_Limit_Vehicles,Total_Too_Fast_Vehicles,Max_Vehicle_Type_Severity_5,Max_Vehicle_Damage_Rank,Max_Harmful_Event_Severity,Crash_Road_Surface_Condition,Crash_Horizontal_Alignment,Crash_Vertical_Profile,Crash_Impairment_Category,Crash_Vehicle_Defect
12839,17,Illinois,170313,0,2,2,0,3,NOT APPLICABLE,April,26,Wednesday,7,52,Rural,Medium Speed (Collector),No,40.64081944,-90.271925,Simple Junction,Daylight,Clear,7:00am-7:59am,52,8:00am-8:59am,11,Unknown,Unknown EMS Hospital Arrival Time,1,Daylight,Clear,1,2,['Driver'],['Shoulder_Lapbelt'],1,1,Valid,0.0,0.0,64.0,20.0,"['Male', 'Female']",0,0,3,4,5,Dry,Straight,Level,Lowest,No
12840,17,Illinois,170314,0,1,1,0,1,CHICAGO,April,26,Wednesday,18,48,Urban,High Speed (Arterial),Yes,41.93399444,-87.69889167,Non-Intersection,Daylight,Clear,6:00pm-6:59pm,49,6:00pm-6:59pm,55,Unknown,Unknown EMS Hospital Arrival Time,1,Daylight,Clear,1,0,['Driver'],['Shoulder_Lapbelt'],0,0,Valid,0.0,0.0,61.0,61.0,['Male'],0,0,2,4,0,Dry,Straight,Level,Medium,No
12841,17,Illinois,170315,0,1,1,0,1,NOT APPLICABLE,April,27,Thursday,7,55,Rural,Medium Speed (Collector),No,40.6784,-89.0508,Non-Intersection,Daylight,Clear,Unknown,Unknown,Unknown EMS Scene Arrival Hour,Unknown EMS Scene Arrival Minutes,Unknown,Unknown EMS Hospital Arrival Time,1,Daylight,Clear,1,0,['Driver'],['Shoulder_Lapbelt'],0,0,Valid,0.0,0.0,68.0,68.0,['Male'],0,0,2,4,3,Loose/Unpaved,Curve,Grade/Hillcrest,Lowest,No
12842,17,Illinois,170316,0,2,2,0,2,NOT APPLICABLE,April,27,Thursday,8,3,Urban,High Speed (Arterial),Yes,41.32242222,-87.95903056,Complex/Circle,Daylight,Clear,Unknown,Unknown if Notified,Unknown EMS Scene Arrival Hour,Unknown if Arrived,Not Applicable (Not Transported),Not Applicable (Not Transported),1,Daylight,Clear,1,1,['Driver'],['Shoulder_Lapbelt'],0,0,Valid,0.0,0.0,65.0,49.0,"['Female', 'Male']",0,0,4,4,5,Dry,Straight,Level,Lowest,No
12843,17,Illinois,170317,0,5,5,0,5,SCHAUMBURG,April,27,Thursday,15,20,Urban,High Speed (Arterial),Yes,42.06105278,-88.05746111,Non-Intersection,Daylight,Clear,3:00am-3:59am,26,3:00am-3:59am,41,Unknown,Unknown EMS Hospital Arrival Time,1,Daylight,Clear,1,4,['Driver'],['Shoulder_Lapbelt'],0,0,Valid,0.0,0.0,998.0,22.0,"['Male', 'Female', 'Male', 'Male', 'Other']",1,0,3,4,5,Dry,Straight,Level,Lowest,No
12844,17,Illinois,170318,0,2,2,0,4,BELVIDERE,April,28,Friday,17,54,Urban,High Speed (Arterial),Yes,42.24060833,-88.85150556,Non-Intersection,Daylight,Clear,5:00pm-5:59pm,54,6:00pm-6:59pm,15,Unknown,Unknown EMS Hospital Arrival Time,1,Daylight,Clear,1,3,['Driver'],['None_Used'],0,0,Valid,0.0,0.0,36.0,21.0,"['Male', 'Female']",1,0,5,4,5,Dry,Straight,Level,Lowest,No
12845,17,Illinois,170319,0,2,2,0,3,WALTONVILLE,April,28,Friday,15,12,Rural,Medium Speed (Collector),No,38.21421944,-88.98645,Simple Junction,Daylight,Clear,3:00pm-3:59pm,15,3:00pm-3:59pm,23,Unknown,Unknown EMS Hospital Arrival Time,2,Daylight,Clear,2,1,"['Driver', 'Driver']","['None_Used', 'Shoulder_Lapbelt']",0,0,Valid,0.0,2.0,48.0,47.0,"['Female', 'Male']",0,0,3,4,5,Dry,Straight,Level,Lowest,No
12846,17,Illinois,170320,1,1,1,0,1,NOT APPLICABLE,April,28,Friday,16,45,Urban,High Speed (Arterial),Yes,40.45923611,-89.02775,Non-Intersection,Daylight,Clear,4:00pm-4:59pm,51,4:00pm-4:59pm,55,Not Applicable (Not Transported),Not Applicable (Not Transported),1,Daylight,Clear,0,1,[],[],0,0,Valid,0.0,0.0,64.0,64.0,['Male'],0,0,3,4,4,Dry,Straight,Level,Lowest,No
12847,17,Illinois,170321,1,1,1,0,2,SPRINGFIELD,April,28,Friday,21,37,Urban,High Speed (Arterial),Yes,39.80138056,-89.70626111,Complex/Circle,Dark - Lighted,Clear,9:00pm-9:59pm,4,9:00pm-9:59pm,13,Unknown,Unknown EMS Hospital Arrival Time,1,Dark - Lighted,Clear,0,2,[],[],0,0,Valid,0.0,0.0,56.0,56.0,['Male'],0,0,2,4,4,Dry,Straight,Level,Lowest,No
12848,17,Illinois,170322,0,6,6,0,12,HARVEY,April,29,Saturday,8,29,Urban,High Speed (Arterial),Yes,41.62259722,-87.66135833,Non-Intersection,Daylight,Clear,8:00am-8:59am,30,8:00am-8:59am,32,Unknown,Unknown EMS Hospital Arrival Time,1,Daylight,Clear,1,11,['Driver'],['Shoulder_Lapbelt'],0,0,Valid,0.0,0.0,65.0,26.0,"['Male', 'Female', 'Female', 'Male', 'Female', 'Female']",0,0,3,4,5,Wet/Standing Water,Straight,Level,Medium,No
12849,17,Illinois,170323,0,2,2,0,4,CHICAGO,April,30,Sunday,5,24,Urban,Medium Speed (Collector),No,41.89484444,-87.76544167,Complex/Circle,Dawn,Clear,Unknown,Unknown,Unknown EMS Scene Arrival Hour,Unknown EMS Scene Arrival Minutes,Unknown,Unknown EMS Hospital Arrival Time,1,Twilight,Clear,1,3,['Driver'],['None_Used'],0,0,Valid,1.0,0.0,35.0,32.0,"['Female', 'Male']",0,0,2,4,5,Dry,Straight,Level,Lowest,No
12850,17,Illinois,170324,0,1,1,0,1,O'FALLON,April,30,Sunday,16,54,Urban,Medium Speed (Collector),No,38.57056944,-89.93848889,Non-Intersection,Daylight,Clear,4:00pm-4:59pm,55,5:00pm-5:59pm,2,Not Applicable (Not Transported),Not Applicable (Not Transported),1,Daylight,Clear,1,0,['Driver'],['Shoulder_Lapbelt'],0,0,Valid,0.0,0.0,35.0,35.0,['Male'],1,0,3,4,3,Dry,Straight,Level,Lowest,No
12851,17,Illinois,170325,0,2,2,0,3,NOT APPLICABLE,April,30,Sunday,20,38,Rural,Medium Speed (Collector),No,40.11154722,-88.00990278,Non-Intersection,Dark - Not Lighted,Rain,8:00pm-8:59pm,38,8:00pm-8:59pm,38,Unknown,Unknown EMS Hospital Arrival Time,1,Dark - Unlighted,Rain/Wind/Minor,1,2,['Driver'],['Shoulder_Lapbelt'],1,1,Valid,0.0,0.0,62.0,15.0,"['Female', 'Female']",0,0,2,4,5,Wet/Standing Water,Curve,Grade/Hillcrest,Lowest,No
12852,17,Illinois,170326,0,2,2,0,2,SUMMIT,April,30,Sunday,23,16,Urban,Medium Speed (Collector),No,41.79121944,-87.80976944,Simple Junction,Dark - Lighted,Rain,11:00pm-11:59pm,16,11:00pm-11:59pm,19,Unknown,Unknown EMS Hospital Arrival Time,1,Dark - Lighted,Rain/Wind/Minor,1,1,['Driver'],['None_Used'],0,0,Valid,0.0,0.0,47.0,44.0,"['Male', 'Female']",1,0,3,4,5,Wet/Standing Water,Straight,Level,Lowest,No
12853,17,Illinois,170327,0,2,2,0,2,NOT APPLICABLE,May,1,Monday,5,2,Rural,High Speed (Arterial),Yes,40.81963889,-88.69253889,Non-Intersection,Dawn,Clear,5:00am-5:59am,2,5:00am-5:59am,12,5:00am-5:59am,Unknown EMS Hospital Arrival Time,1,Twilight,Clear,1,1,['Driver'],['Shoulder_Lapbelt'],0,0,Valid,2.0,1.0,82.0,43.0,"['Female', 'Male']",0,0,2,4,5,Dry,Straight,Level,Lowest,No
12854,17,Illinois,170328,0,4,4,0,5,NOT APPLICABLE,May,1,Monday,10,52,Rural,High Speed (Arterial),Yes,39.51388333,-89.64523611,Non-Intersection,Daylight,"Blowing Sand, Soil, Dirt",10:00am-10:59am,52,11:00am-11:59am,0,Unknown,Unknown EMS Hospital Arrival Time,1,Daylight,Rain/Wind/Minor,1,4,['Front_Passenger'],['Shoulder_Lapbelt'],0,0,Valid,0.0,0.0,68.0,55.0,"['Female', 'Male', 'Female']",3,0,4,4,5,Dry,Straight,Level,Lowest,No
12855,17,Illinois,170329,0,2,2,0,2,NOT APPLICABLE,May,1,Monday,10,52,Rural,High Speed (Arterial),Yes,39.51388333,-89.64523333,Non-Intersection,Daylight,"Blowing Sand, Soil, Dirt",10:00am-10:59am,52,11:00am-11:59am,0,Not Applicable (Not Transported),Not Applicable (Not Transported),1,Daylight,Rain/Wind/Minor,1,1,['Driver'],['Shoulder_Lapbelt'],0,0,Valid,1.0,0.0,64.0,64.0,['Male'],1,0,4,4,5,Dry,Straight,Level,Lowest,No
12856,17,Illinois,170330,0,3,3,0,4,NOT APPLICABLE,May,1,Monday,10,52,Rural,High Speed (Arterial),Yes,39.51388333,-89.64523333,Non-Intersection,Daylight,"Blowing Sand, Soil, Dirt",10:00am-10:59am,52,11:00am-11:59am,0,Not Applicable (Not Transported),Not Applicable (Not Transported),3,Daylight,Rain/Wind/Minor,3,0,"['Driver', 'Driver', 'Front_Passenger']","['Shoulder_Lapbelt', 'Shoulder_Lapbelt', 'Shoulder_Lapbelt']",0,0,Invalid,0.0,1.0,73.0,58.0,"['Male', 'Male']",3,0,4,4,5,Dry,Straight,Level,Lowest,No
12857,17,Illinois,170331,0,2,2,0,3,NOT APPLICABLE,May,1,Monday,10,52,Rural,High Speed (Arterial),Yes,39.51388056,-89.64523333,Non-Intersection,Daylight,"Blowing Sand, Soil, Dirt",10:00am-10:59am,52,11:00am-11:59am,0,Not Applicable (Not Transported),Not Applicable (Not Transported),2,Daylight,Rain/Wind/Minor,2,1,"['Driver', 'Front_Passenger']","['Shoulder_Lapbelt', 'Shoulder_Lapbelt']",0,0,Valid,0.0,0.0,55.0,55.0,['Male'],0,0,4,4,3,Dry,Straight,Level,Lowest,No
12858,17,Illinois,170332,0,3,3,0,6,NOT APPLICABLE,May,1,Monday,10,52,Rural,High Speed (Arterial),Yes,39.51388611,-89.64523056,Non-Intersection,Daylight,"Blowing Sand, Soil, Dirt",10:00am-10:59am,52,11:00am-11:59am,0,Unknown,Unknown EMS Hospital Arrival Time,1,Daylight,Rain/Wind/Minor,1,5,['Front_Passenger'],['Shoulder_Lapbelt'],0,0,Valid,0.0,0.0,87.0,63.0,"['Male', 'Female', 'Male']",6,0,3,4,5,Dry,Straight,Level,Lowest,No
12859,17,Illinois,170333,0,2,2,0,2,SPRINGFIELD,May,1,Monday,15,33,Urban,Medium Speed (Collector),No,39.79501111,-89.65343889,Complex/Circle,Daylight,Clear,3:00pm-3:59pm,33,3:00pm-3:59pm,38,Unknown,Unknown EMS Hospital Arrival Time,1,Daylight,Clear,1,1,['Driver'],['None_Used'],0,0,Valid,0.0,1.0,41.0,29.0,"['Female', 'Male']",0,0,3,4,5,Dry,Straight,Level,Lowest,No
12860,17,Illinois,170334,1,1,1,0,1,SPRINGFIELD,May,2,Tuesday,17,59,Urban,Low Speed (Local),No,39.75723333,-89.57673611,Non-Intersection,Daylight,Clear,Unknown,Unknown,Unknown EMS Scene Arrival Hour,Unknown EMS Scene Arrival Minutes,Unknown,Unknown EMS Hospital Arrival Time,1,Daylight,Clear,0,1,[],[],0,0,Valid,0.0,0.0,60.0,60.0,['Male'],0,0,3,1,4,Dry,Straight,Non-Trafficway,Lowest,No
12861,17,Illinois,170336,0,7,1,6,1,CHICAGO,May,3,Wednesday,1,0,Urban,High Speed (Arterial),Yes,41.80653333,-87.72367778,Non-Intersection,Dark - Lighted,Clear,1:00am-1:59am,Unknown,1:00am-1:59am,5,Unknown,Unknown EMS Hospital Arrival Time,1,Dark - Lighted,Clear,1,0,['Driver'],['Shoulder_Lapbelt'],1,1,Valid,0.0,0.0,22.0,22.0,['Male'],1,0,3,4,5,Dry,Straight,Level,Lowest,No
12862,17,Illinois,170337,0,1,1,0,2,NOT APPLICABLE,May,4,Thursday,16,20,Rural,Low Speed (Local),No,40.70017778,-89.17589444,Non-Intersection,Daylight,Clear,4:00am-4:59am,22,4:00am-4:59am,32,Unknown,Unknown EMS Hospital Arrival Time,1,Daylight,Clear,1,1,['Driver'],['None_Used'],1,1,Valid,0.0,0.0,38.0,38.0,['Male'],0,0,2,4,3,Dry,Straight,Level,Lowest,No
12863,17,Illinois,170338,0,3,3,0,4,ROCKFORD,May,4,Thursday,17,1,Urban,High Speed (Arterial),Yes,42.28943333,-88.999575,Non-Intersection,Daylight,Clear,5:00pm-5:59pm,1,5:00pm-5:59pm,6,Unknown,Unknown EMS Hospital Arrival Time,1,Daylight,Clear,1,3,['Driver'],['None_Used'],0,0,Invalid,0.0,0.0,80.0,43.0,"['Female', 'Male', 'Female']",0,0,3,4,5,Dry,Straight,Level,Lowest,No
12864,17,Illinois,170339,0,2,2,0,3,NOT APPLICABLE,May,4,Thursday,21,7,Urban,High Speed (Arterial),Yes,38.62380556,-88.97615,Complex/Circle,Dark - Lighted,Clear,9:00pm-9:59pm,7,9:00pm-9:59pm,16,Unknown,Unknown EMS Hospital Arrival Time,1,Dark - Lighted,Clear,1,2,['Driver'],['Shoulder_Lapbelt'],1,1,Valid,0.0,0.0,66.0,21.0,"['Male', 'Female']",2,0,3,4,5,Dry,Straight,Level,Lowest,No
12865,17,Illinois,170340,1,1,1,0,1,SKOKIE,May,5,Friday,23,2,Urban,Medium Speed (Collector),No,42.0344,-87.76133333,Complex/Circle,Dark - Lighted,Clear,11:00pm-11:59pm,3,11:00pm-11:59pm,8,Unknown,Unknown EMS Hospital Arrival Time,1,Dark - Lighted,Clear,0,1,[],[],0,0,Valid,0.0,0.0,19.0,19.0,['Male'],0,0,2,3,4,Dry,Straight,Level,Lowest,No
12866,17,Illinois,170341,0,2,2,0,2,NOT APPLICABLE,May,5,Friday,23,14,Urban,High Speed (Arterial),Yes,41.92755556,-87.96484167,Non-Intersection,Dark - Lighted,Clear,11:00pm-11:59pm,14,11:00pm-11:59pm,18,Not Applicable (Not Transported),Not Applicable (Not Transported),1,Dark - Lighted,Clear,1,1,['Driver'],['None_Used'],0,0,Invalid,0.0,0.0,998.0,19.0,"['Other', 'Male']",0,0,5,4,5,Dry,Straight,Level,Lowest,No
12867,17,Illinois,170342,0,1,1,0,2,CHICAGO,May,6,Saturday,1,41,Urban,High Speed (Arterial),Yes,41.71414722,-87.65068333,Non-Intersection,Dark - Lighted,Clear,1:00am-1:59am,41,2:00am-2:59am,0,Unknown,Unknown EMS Hospital Arrival Time,1,Dark - Lighted,Clear,1,1,['Driver'],['Shoulder_Lapbelt'],0,0,Valid,2.0,0.0,19.0,19.0,['Male'],2,0,2,4,2,Dry,Straight,Level,Lowest,No
12868,17,Illinois,170343,0,2,2,0,2,CHICAGO,May,6,Saturday,4,53,Urban,High Speed (Arterial),Yes,41.90977778,-87.73980556,Complex/Circle,Dark - Lighted,Clear,4:00am-4:59am,53,Unknown EMS Scene Arrival Hour,Unknown EMS Scene Arrival Minutes,Unknown,Unknown EMS Hospital Arrival Time,1,Dark - Lighted,Clear,1,1,['Driver'],['Shoulder_Lapbelt'],0,0,Invalid,0.0,0.0,998.0,71.0,"['Male', 'Male']",1,0,3,4,5,Dry,Straight,Level,Lowest,No
12869,17,Illinois,170344,0,2,2,0,2,SPRINGFIELD,May,6,Saturday,11,51,Urban,High Speed (Arterial),Yes,39.79426389,-89.66815556,Complex/Circle,Daylight,Clear,Unknown,Unknown,Unknown EMS Scene Arrival Hour,Unknown EMS Scene Arrival Minutes,Unknown,Unknown EMS Hospital Arrival Time,1,Daylight,Clear,1,1,['Driver'],['None_Used'],1,1,Invalid,0.0,1.0,45.0,38.0,"['Male', 'Female']",0,0,5,4,5,Dry,Straight,Level,Lowest,No
12870,17,Illinois,170345,1,2,2,0,2,CHICAGO,May,6,Saturday,12,19,Urban,High Speed (Arterial),Yes,41.808525,-87.68437222,Complex/Circle,Daylight,Rain,12:00pm-12:59pm,21,12:00pm-12:59pm,26,Unknown,Unknown EMS Hospital Arrival Time,1,Daylight,Rain/Wind/Minor,0,2,[],[],0,0,Valid,0.0,0.0,41.0,22.0,"['Male', 'Female']",0,0,3,2,4,Wet/Standing Water,Straight,Level,Lowest,No
12871,17,Illinois,170346,0,1,1,0,1,NOT APPLICABLE,May,6,Saturday,20,12,Urban,High Speed (Arterial),Yes,41.62426944,-87.79575833,Non-Intersection,Dark - Not Lighted,Clear,8:00pm-8:59pm,12,8:00pm-8:59pm,Unknown EMS Scene Arrival Minutes,Not Applicable (Not Transported),Not Applicable (Not Transported),1,Dark - Unlighted,Clear,1,0,['Driver'],['None_Used'],0,0,Valid,0.0,0.0,54.0,54.0,['Male'],0,0,5,4,3,Dry,Curve,Level,Lowest,No
12872,17,Illinois,170347,0,1,1,0,1,CHICAGO,May,7,Sunday,1,18,Urban,High Speed (Arterial),Yes,41.77372222,-87.626,Non-Intersection,Dark - Lighted,Clear,1:00am-1:59am,Unknown,1:00am-1:59am,Unknown EMS Scene Arrival Minutes,Not Applicable (Not Transported),Not Applicable (Not Transported),1,Dark - Lighted,Clear,1,0,['Driver'],['None_Used'],0,0,Valid,0.0,0.0,42.0,42.0,['Male'],1,0,2,4,3,Dry,Curve,Grade/Hillcrest,Lowest,No
12873,17,Illinois,170348,0,1,1,0,2,NOT APPLICABLE,May,7,Sunday,1,52,Urban,High Speed (Arterial),Yes,41.74594167,-87.85110278,Non-Intersection,Dark - Lighted,Clear,1:00am-1:59am,57,2:00am-2:59am,16,Not Applicable (Not Transported),Not Applicable (Not Transported),1,Dark - Lighted,Clear,1,1,['Driver'],['None_Used'],0,0,Valid,0.0,0.0,28.0,28.0,['Male'],2,0,3,4,3,Dry,Curve,Grade/Hillcrest,Lowest,No
12874,17,Illinois,170349,1,1,1,0,1,CHICAGO,May,7,Sunday,2,0,Urban,Medium Speed (Collector),No,41.899325,-87.69675833,Complex/Circle,Dark - Not Lighted,Clear,Unknown,Unknown,Unknown EMS Scene Arrival Hour,Unknown EMS Scene Arrival Minutes,Not Applicable (Not Transported),Not Applicable (Not Transported),1,Dark - Unlighted,Clear,0,1,[],[],0,0,Invalid,0.0,0.0,998.0,998.0,['Other'],0,0,2,1,4,Wet/Standing Water,Straight,Level,Lowest,No
12875,17,Illinois,170350,0,2,2,0,2,BATAVIA,May,7,Sunday,17,13,Urban,Medium Speed (Collector),No,41.84524167,-88.30567222,Non-Intersection,Daylight,Clear,5:00pm-5:59pm,13,5:00pm-5:59pm,18,Unknown,Unknown EMS Hospital Arrival Time,1,Daylight,Clear,1,1,['Driver'],['None_Used'],1,1,Valid,0.0,0.0,61.0,38.0,"['Male', 'Male']",0,0,5,4,5,Dry,Straight,Level,Lowest,No
12876,17,Illinois,170351,0,2,2,0,2,NOT APPLICABLE,May,7,Sunday,18,21,Urban,Medium Speed (Collector),No,41.43229722,-90.54114167,Non-Intersection,Daylight,Clear,6:00pm-6:59pm,21,6:00pm-6:59pm,30,Not Applicable (Not Transported),Not Applicable (Not Transported),1,Daylight,Clear,1,1,['Driver'],['None_Used'],1,1,Valid,1.0,0.0,33.0,31.0,"['Male', 'Male']",0,0,5,4,5,Dry,Curve,Level,Lowest,No
12877,17,Illinois,170353,0,2,2,0,2,LIBERTYVILLE,May,7,Sunday,23,35,Urban,High Speed (Arterial),Yes,42.30633889,-88.00446944,Complex/Circle,Dark - Lighted,Clear,11:00pm-11:59pm,35,11:00pm-11:59pm,43,Unknown,Unknown EMS Hospital Arrival Time,1,Dark - Lighted,Clear,1,1,['Driver'],['Shoulder_Lapbelt'],1,1,Valid,1.0,0.0,61.0,28.0,"['Female', 'Male']",1,0,2,4,5,Wet/Standing Water,Straight,Grade/Hillcrest,Lowest,No
12878,17,Illinois,170354,0,1,1,0,2,NOT APPLICABLE,May,8,Monday,17,55,Rural,Medium Speed (Collector),No,40.12828611,-87.95893333,Non-Intersection,Daylight,Clear,5:00pm-5:59pm,55,6:00pm-6:59pm,5,Unknown,Unknown EMS Hospital Arrival Time,2,Daylight,Clear,2,0,"['Driver', 'Front_Passenger']","['None_Used', 'None_Used']",1,1,Valid,0.0,0.0,58.0,58.0,['Male'],2,0,2,4,2,Dry,Straight,Level,Lowest,No
12879,17,Illinois,170355,1,1,1,0,1,WEST CHICAGO,May,9,Tuesday,20,28,Urban,Medium Speed (Collector),No,41.88321389,-88.20918333,Non-Intersection,Dark - Lighted,Clear,8:00pm-8:59pm,28,Unknown EMS Scene Arrival Hour,Unknown EMS Scene Arrival Minutes,Unknown,Unknown EMS Hospital Arrival Time,1,Dark - Lighted,Clear,0,1,[],[],0,0,Valid,0.0,1.0,32.0,32.0,['Male'],0,0,2,4,4,Dry,Straight,Level,Lowest,No
12880,17,Illinois,170356,0,3,3,0,3,CHICAGO,May,10,Wednesday,0,27,Urban,High Speed (Arterial),Yes,41.72609722,-87.62481389,Non-Intersection,Dark - Lighted,Clear,0:00am-0:59am,28,0:00am-0:59am,30,Unknown,Unknown EMS Hospital Arrival Time,1,Dark - Lighted,Clear,1,2,['Driver'],['None_Used'],0,0,Valid,0.0,0.0,71.0,20.0,"['Female', 'Female', 'Male']",1,0,3,4,5,Dry,Straight,Level,Lowest,No
12881,17,Illinois,170357,0,1,1,0,1,NOT APPLICABLE,May,10,Wednesday,6,52,Rural,High Speed (Arterial),Yes,38.36169722,-89.02774444,Non-Intersection,Reported as Unknown,Clear,6:00am-6:59am,53,6:00am-6:59am,53,Not Applicable (Not Transported),Not Applicable (Not Transported),1,Dark - Unlighted,Clear,1,0,['Driver'],['None_Used'],0,0,Valid,0.0,0.0,60.0,60.0,['Male'],0,0,3,4,3,Dry,Curve,Level,Lowest,No
12882,17,Illinois,170358,0,2,2,0,3,CALUMET CITY,May,10,Wednesday,17,15,Urban,High Speed (Arterial),Yes,41.62279444,-87.57061667,Non-Intersection,Daylight,Clear,5:00pm-5:59pm,Unknown,5:00pm-5:59pm,Unknown EMS Scene Arrival Minutes,Not Applicable (Not Transported),Not Applicable (Not Transported),1,Daylight,Clear,1,2,['Driver'],['None_Used'],0,0,Invalid,0.0,0.0,62.0,57.0,"['Female', 'Male']",0,0,5,0,5,Dry,Straight,Non-Trafficway,Lowest,No
12883,17,Illinois,170359,0,2,2,0,5,DEKALB,May,10,Wednesday,20,35,Urban,Medium Speed (Collector),No,41.92504167,-88.72360833,Non-Intersection,Dark - Not Lighted,Clear,8:00pm-8:59pm,37,Unknown EMS Scene Arrival Hour,Unknown EMS Scene Arrival Minutes,Unknown,Unknown EMS Hospital Arrival Time,1,Dark - Unlighted,Clear,1,4,['Driver'],['Shoulder_Lapbelt'],1,1,Invalid,0.0,0.0,51.0,37.0,"['Female', 'Female']",1,0,3,4,5,Dry,Straight,Grade/Hillcrest,Lowest,No
12884,17,Illinois,170360,0,1,1,0,1,NOT APPLICABLE,May,11,Thursday,11,39,Rural,Low Speed (Local),No,40.81563889,-88.60417222,Non-Intersection,Daylight,Clear,11:00am-11:59am,39,11:00am-11:59am,50,Not Applicable (Not Transported),Not Applicable (Not Transported),1,Daylight,Clear,1,0,['Driver'],['None_Used'],0,0,Valid,0.0,0.0,33.0,33.0,['Female'],0,0,2,4,3,Dry,Straight,Level,Lowest,No
12885,17,Illinois,170361,1,1,1,0,1,HINSDALE,May,11,Thursday,14,2,Urban,Medium Speed (Collector),No,41.81638333,-87.92549167,Non-Intersection,Daylight,Clear,2:00pm-2:59pm,2,2:00pm-2:59pm,6,Unknown,Unknown EMS Hospital Arrival Time,1,Daylight,Clear,0,1,[],[],0,0,Valid,0.0,1.0,31.0,31.0,['Male'],0,0,4,1,4,Dry,Straight,Level,Lowest,Yes
12886,17,Illinois,170362,0,2,2,0,5,JOLIET,May,11,Thursday,20,56,Urban,High Speed (Arterial),Yes,41.52798611,-88.06536944,Non-Intersection,Dark - Lighted,Clear,Unknown,Unknown,Unknown EMS Scene Arrival Hour,Unknown EMS Scene Arrival Minutes,Unknown,Unknown EMS Hospital Arrival Time,1,Dark - Lighted,Clear,1,4,['Driver'],['None_Used'],1,1,Valid,0.0,0.0,44.0,35.0,"['Male', 'Male']",2,0,5,4,5,Dry,Straight,Level,Lowest,No
12887,17,Illinois,170363,0,2,2,0,3,NOT APPLICABLE,May,13,Saturday,3,35,Rural,High Speed (Arterial),Yes,39.42121111,-89.12375,Non-Intersection,Dark - Not Lighted,"Fog, Smog, Smoke",3:00am-3:59am,37,3:00am-3:59am,40,Unknown,Unknown EMS Hospital Arrival Time,1,Dark - Unlighted,Reduced Visibility,1,2,['Driver'],['None_Used'],1,1,Valid,0.0,0.0,53.0,22.0,"['Male', 'Male']",0,0,4,4,5,Dry,Straight,Level,Lowest,No
12888,17,Illinois,170364,0,1,1,0,1,NOT APPLICABLE,May,13,Saturday,99,99,Rural,Low Speed (Local),No,39.363275,-87.70951944,Non-Intersection,Dark - Not Lighted,Clear,Unknown,Unknown if Notified,Unknown EMS Scene Arrival Hour,Unknown if Arrived,Not Applicable (Not Transported),Not Applicable (Not Transported),1,Dark - Unlighted,Clear,1,0,['Driver'],['Shoulder_Lapbelt'],1,1,Valid,0.0,0.0,36.0,36.0,['Male'],1,0,3,4,3,Dry,Straight,Level,Lowest,No
12889,17,Illinois,170365,0,1,1,0,1,NOT APPLICABLE,May,13,Saturday,12,55,Rural,Medium Speed (Collector),No,41.09847778,-88.95029722,Non-Intersection,Daylight,Clear,12:00pm-12:59pm,58,1:00pm-1:59pm,18,Not Applicable (Not Transported),Not Applicable (Not Transported),1,Daylight,Clear,1,0,['Driver'],['Shoulder_Lapbelt'],1,1,Invalid,0.0,0.0,74.0,74.0,['Male'],0,0,2,4,3,Dry,Straight,Level,Lowest,No
12890,17,Illinois,170366,0,4,4,0,10,CHICAGO,May,13,Saturday,16,30,Urban,High Speed (Arterial),Yes,41.67483056,-87.55928333,Non-Intersection,Daylight,Clear,4:00pm-4:59pm,Unknown,4:00pm-4:59pm,33,Unknown,Unknown EMS Hospital Arrival Time,1,Daylight,Clear,1,9,['Driver'],['Shoulder_Lapbelt'],0,0,Valid,0.0,0.0,58.0,24.0,"['Male', 'Male', 'Male', 'Female']",0,0,3,1,5,Dry,Straight,Level,Lowest,No
12891,17,Illinois,170367,0,2,2,0,4,DES PLAINES,May,13,Saturday,21,45,Urban,High Speed (Arterial),Yes,42.05415833,-87.89808889,Complex/Circle,Dark - Lighted,Clear,9:00pm-9:59pm,47,9:00pm-9:59pm,49,Unknown,Unknown EMS Hospital Arrival Time,1,Dark - Lighted,Clear,1,3,['Driver'],['None_Used'],0,0,Valid,0.0,0.0,60.0,17.0,"['Male', 'Male']",0,0,5,4,5,Dry,Straight,Level,Lowest,No
12892,17,Illinois,170368,0,2,2,0,3,BETHALTO,May,14,Sunday,21,55,Urban,Medium Speed (Collector),No,38.8768,-90.015,Non-Intersection,Dark - Not Lighted,Rain,9:00pm-9:59pm,56,10:00pm-10:59pm,2,Unknown,Unknown EMS Hospital Arrival Time,2,Dark - Unlighted,Rain/Wind/Minor,2,1,"['Driver', 'Front_Passenger']","['None_Used', 'Shoulder_Lapbelt']",0,0,Valid,1.0,0.0,72.0,20.0,"['Male', 'Female']",0,0,3,4,5,Wet/Standing Water,Straight,Level,Lowest,No
12893,17,Illinois,170369,0,2,2,0,3,NORTHLAKE,May,15,Monday,6,45,Urban,Low Speed (Local),No,41.90747778,-87.89025,Simple Junction,Daylight,Clear,6:00am-6:59am,46,6:00am-6:59am,50,Unknown,Unknown EMS Hospital Arrival Time,1,Daylight,Clear,1,2,['Driver'],['Shoulder_Lapbelt'],0,0,Valid,0.0,0.0,62.0,24.0,"['Male', 'Female']",3,0,2,4,5,Dry,Straight,Level,Lowest,No