,State_Code,State_Name,Crash_ID,Count_Non_Motorists,Count_Vehicles_Total,Count_Vehicle_Forms,Count_PVH_Involved,Count_Occupants_MV,City_Name,Month_Name,Day_of_Month,Day_of_Week,Crash_Hour,Crash_Minute,Area_Rural_Urban,Road_Functional_Class,On_NHS_Road,Latitude,Longitude,Intersection_Type,Light_Condition,Weather_Condition,Notif_Hour,Notif_Minute,Arrival_Hour,Arrival_Minute,Hospital_Hour,Hospital_Minute,Fatalities_Count,Clean_Light_Condition,Clean_Weather_Condition,Total_Killed,Total_Alive,Fatal_Seats_List,Killed_Restraint_List,Any_Driver_Drinking,Total_Drinking_Drivers,Driver_License_Category,Driver_Max_Prev_Accident_Count,Driver_Max_Prev_Speeding_Count,Max_Driver_Age,Min_Driver_Age,Driver_Sex_List,Total_Exceeding_Limit_Vehicles,Total_Too_Fast_Vehicles,Max_Vehicle_Type_Severity_5,Max_Vehicle_Damage_Rank,Max_Harmful_Event_Severity,Crash_Road_Surface_Condition,Crash_Horizontal_Alignment,Crash_Vertical_Profile,Crash_Impairment_Category,Crash_Vehicle_Defect
12894,17,Illinois,170370,0,1,1,0,2,Other,May,15,Monday,19,6,Rural,Low Speed (Local),No,41.93596944,-88.63043056,Non-Intersection,Daylight,Clear,7:00pm-7:59pm,7,Unknown EMS Scene Arrival Hour,Unknown EMS Scene Arrival Minutes,Unknown,Unknown EMS Hospital Arrival Time,1,Daylight,Clear,1,1,['Driver'],['None_Used'],0,0,Valid,0.0,0.0,39.0,39.0,['Female'],0,0,5,1,1,Dry,Straight,Level,Lowest,No
12895,17,Illinois,170371,0,1,1,0,1,NOT APPLICABLE,May,15,Monday,20,45,Urban,High Speed (Arterial),Yes,40.55935,-88.90905556,Non-Intersection,Dark - Not Lighted,Clear,8:00pm-8:59pm,51,9:00pm-9:59pm,0,Not Applicable (Not Transported),Not Applicable (Not Transported),1,Dark - Unlighted,Clear,1,0,['Driver'],['Shoulder_Lapbelt'],0,0,Invalid,1.0,1.0,60.0,60.0,['Male'],0,0,2,4,4,Dry,Straight,Level,Lowest,No
12896,17,Illinois,170372,0,1,1,0,1,HILLSIDE,May,15,Monday,23,44,Urban,High Speed (Arterial),Yes,41.87286667,-87.90915833,Non-Intersection,Dark - Lighted,Clear,11:00pm-11:59pm,46,11:00pm-11:59pm,50,Not Applicable (Not Transported),Not Applicable (Not Transported),1,Dark - Lighted,Clear,1,0,['Driver'],['Shoulder_Lapbelt'],0,0,Valid,1.0,0.0,49.0,49.0,['Male'],1,0,3,4,3,Dry,Curve,Level,Lowest,No
12897,17,Illinois,170373,0,2,2,0,3,MONTGOMERY,May,16,Tuesday,13,54,Urban,High Speed (Arterial),Yes,41.72694722,-88.37527778,Simple Junction,Daylight,Clear,1:00pm-1:59pm,54,Unknown EMS Scene Arrival Hour,Unknown EMS Scene Arrival Minutes,Unknown,Unknown EMS Hospital Arrival Time,1,Daylight,Clear,1,2,['Driver'],['None_Used'],0,0,Valid,0.0,0.0,52.0,33.0,"['Male', 'Male']",0,0,5,4,5,Dry,Straight,Level,Lowest,No
12898,17,Illinois,170374,0,3,3,0,7,WHEELING,May,16,Tuesday,22,19,Urban,High Speed (Arterial),Yes,42.13879444,-87.94649167,Complex/Circle,Dark - Lighted,Clear,10:00pm-10:59pm,24,Unknown EMS Scene Arrival Hour,Unknown EMS Scene Arrival Minutes,Unknown,Unknown EMS Hospital Arrival Time,4,Dark - Lighted,Clear,4,3,"['Driver', 'Front_Passenger', 'Rear_Seat', 'Rear_Seat']","['Shoulder_Lapbelt', 'Shoulder_Lapbelt', 'None_Used', 'None_Used']",0,0,Valid,0.0,0.0,62.0,18.0,"['Male', 'Male', 'Male']",5,0,3,4,5,Dry,Straight,Level,Lowest,Yes
12899,17,Illinois,170375,0,1,1,0,1,NOT APPLICABLE,May,17,Wednesday,1,56,Rural,Low Speed (Local),No,39.79931111,-88.12143611,Non-Intersection,Dark - Not Lighted,Clear,Unknown,Unknown if Notified,Unknown EMS Scene Arrival Hour,Unknown if Arrived,Not Applicable (Not Transported),Not Applicable (Not Transported),1,Dark - Unlighted,Clear,1,0,['Driver'],['None_Used'],1,1,Valid,0.0,1.0,51.0,51.0,['Male'],0,0,5,4,3,Dry,Curve,Grade/Hillcrest,Lowest,No
12900,17,Illinois,170376,0,2,2,0,2,SPRINGFIELD,May,18,Thursday,13,0,Urban,High Speed (Arterial),Yes,39.83401944,-89.60463889,Simple Junction,Daylight,Clear,1:00pm-1:59pm,1,1:00pm-1:59pm,6,Unknown,Unknown EMS Hospital Arrival Time,1,Daylight,Clear,1,1,['Driver'],['None_Used'],0,0,Valid,0.0,1.0,42.0,34.0,"['Male', 'Male']",1,0,5,4,5,Dry,Straight,Level,Lowest,No
12901,17,Illinois,170377,0,1,1,0,1,NOT APPLICABLE,May,18,Thursday,13,17,Rural,High Speed (Arterial),Yes,40.26629444,-88.66588611,Non-Intersection,Daylight,Clear,1:00pm-1:59pm,17,1:00pm-1:59pm,58,Unknown,Unknown EMS Hospital Arrival Time,1,Daylight,Clear,1,0,['Driver'],['None_Used'],0,0,Valid,0.0,0.0,76.0,76.0,['Male'],0,0,1,4,3,Dry,Straight,Level,Lowest,No
12902,17,Illinois,170378,0,1,1,0,1,RANTOUL,May,18,Thursday,14,38,Urban,High Speed (Arterial),Yes,40.3024,-88.1618,Non-Intersection,Daylight,Clear,2:00pm-2:59pm,43,2:00pm-2:59pm,46,Not Applicable (Not Transported),Not Applicable (Not Transported),1,Daylight,Clear,1,0,['Driver'],['None_Used'],0,0,Valid,0.0,1.0,58.0,58.0,['Male'],0,0,5,2,3,Dry,Curve,Level,Lowest,No
12903,17,Illinois,170379,0,2,2,0,3,PARK FOREST,May,18,Thursday,14,49,Urban,Medium Speed (Collector),No,41.49155833,-87.65849722,Simple Junction,Daylight,Clear,Unknown,Unknown,Unknown EMS Scene Arrival Hour,Unknown EMS Scene Arrival Minutes,Unknown,Unknown EMS Hospital Arrival Time,2,Daylight,Clear,2,1,"['Driver', 'Front_Passenger']","['Shoulder_Lapbelt', 'Shoulder_Lapbelt']",0,0,Valid,0.0,0.0,71.0,50.0,"['Male', 'Male']",0,0,3,4,5,Dry,Straight,Level,Lowest,No
12904,17,Illinois,170380,0,2,2,0,2,ELK GROVE VILLAGE,May,18,Thursday,17,17,Urban,Medium Speed (Collector),No,41.99281389,-87.98898889,Complex/Circle,Daylight,Clear,5:00pm-5:59pm,20,Unknown EMS Scene Arrival Hour,Unknown EMS Scene Arrival Minutes,Unknown,Unknown EMS Hospital Arrival Time,1,Daylight,Clear,1,1,['Driver'],['None_Used'],0,0,Valid,0.0,0.0,55.0,28.0,"['Female', 'Male']",1,0,5,4,5,Dry,Straight,Level,Lowest,No
12905,17,Illinois,170381,1,1,1,0,1,NORTH CHICAGO,May,18,Thursday,22,51,Urban,High Speed (Arterial),Yes,42.33741389,-87.88586944,Non-Intersection,Dark - Not Lighted,Clear,10:00pm-10:59pm,51,10:00pm-10:59pm,56,Not Applicable (Not Transported),Not Applicable (Not Transported),1,Dark - Unlighted,Clear,0,1,[],[],0,0,Invalid,1.0,0.0,50.0,50.0,['Male'],0,0,3,4,4,Dry,Straight,Level,Lowest,No
12906,17,Illinois,170382,1,1,1,0,1,CHICAGO,May,18,Thursday,23,52,Urban,High Speed (Arterial),Yes,41.83469444,-87.68675,Non-Intersection,Dark - Lighted,Clear,11:00pm-11:59pm,56,0:00am-0:59am,10,Not Applicable (Not Transported),Not Applicable (Not Transported),1,Dark - Lighted,Clear,0,1,[],[],0,0,Valid,0.0,1.0,20.0,20.0,['Female'],0,0,2,2,4,Dry,Straight,Level,Lowest,No
12907,17,Illinois,170383,0,1,1,0,2,NOT APPLICABLE,May,19,Friday,17,46,Rural,Low Speed (Local),No,41.940625,-89.28286111,Non-Intersection,Daylight,Clear,5:00pm-5:59pm,46,5:00pm-5:59pm,57,Unknown,Unknown EMS Hospital Arrival Time,1,Daylight,Clear,1,1,['Rear_Seat'],['Shoulder_Lapbelt'],1,1,Valid,0.0,0.0,32.0,32.0,['Female'],0,0,3,4,3,Dry,Straight,Grade/Hillcrest,Lowest,No
12908,17,Illinois,170384,0,1,1,0,1,CRETE,May,20,Saturday,18,55,Urban,Medium Speed (Collector),No,41.42083611,-87.60805,Non-Intersection,Daylight,Clear,6:00pm-6:59pm,57,7:00pm-7:59pm,5,Unknown,Unknown EMS Hospital Arrival Time,1,Daylight,Clear,1,0,['Driver'],['None_Used'],0,0,Valid,0.0,0.0,44.0,44.0,['Male'],1,0,5,4,2,Dry,Straight,Level,Lowest,No
12909,17,Illinois,170385,0,2,1,1,2,LAKE ZURICH,May,21,Sunday,2,7,Urban,Medium Speed (Collector),No,42.18391944,-88.07756944,Non-Intersection,Dark - Lighted,Clear,2:00am-2:59am,7,2:00am-2:59am,10,Unknown,Unknown EMS Hospital Arrival Time,1,Dark - Lighted,Clear,1,1,['Driver'],['Shoulder_Lapbelt'],1,1,Valid,0.0,0.0,24.0,24.0,['Male'],2,0,2,4,3,Dry,Curve,Grade/Hillcrest,Lowest,No
12910,17,Illinois,170386,0,2,2,0,2,ROUND LAKE BEACH,May,21,Sunday,7,56,Urban,High Speed (Arterial),Yes,42.3982,-88.0657,Complex/Circle,Daylight,Clear,7:00am-7:59am,56,8:00am-8:59am,2,Not Applicable (Not Transported),Not Applicable (Not Transported),1,Daylight,Clear,1,1,['Driver'],['None_Used'],0,0,Valid,0.0,0.0,56.0,30.0,"['Male', 'Male']",0,0,5,4,5,Dry,Straight,Level,Lowest,No
12911,17,Illinois,170387,0,1,1,0,1,NOT APPLICABLE,May,21,Sunday,10,3,Rural,Medium Speed (Collector),No,40.49345278,-87.89753056,Non-Intersection,Daylight,Clear,Unknown,Unknown if Notified,Unknown EMS Scene Arrival Hour,Unknown if Arrived,Not Applicable (Not Transported),Not Applicable (Not Transported),1,Daylight,Clear,1,0,['Driver'],['Shoulder_Lapbelt'],0,0,Valid,0.0,0.0,54.0,54.0,['Male'],0,0,3,4,3,Dry,Straight,Grade/Hillcrest,Lowest,No
12912,17,Illinois,170388,1,1,1,0,2,CENTREVILLE,May,21,Sunday,20,59,Urban,Medium Speed (Collector),No,38.57118889,-90.10756389,Non-Intersection,Dark - Not Lighted,Clear,8:00pm-8:59pm,59,9:00pm-9:59pm,12,Not Applicable (Not Transported),Not Applicable (Not Transported),1,Dark - Unlighted,Clear,0,2,[],[],0,0,Valid,0.0,0.0,44.0,44.0,['Female'],2,0,3,2,4,Dry,Straight,Level,Lowest,No
12913,17,Illinois,170389,0,3,3,0,3,NOT APPLICABLE,May,22,Monday,10,36,Rural,High Speed (Arterial),Yes,39.21366389,-90.38669444,Non-Intersection,Daylight,Clear,10:00am-10:59am,40,10:00am-10:59am,50,Unknown,Unknown EMS Hospital Arrival Time,1,Daylight,Clear,1,2,['Driver'],['None_Used'],0,0,Valid,0.0,2.0,64.0,37.0,"['Male', 'Female', 'Male']",0,0,3,4,5,Dry,Straight,Grade/Hillcrest,Lowest,No
12914,17,Illinois,170390,0,2,2,0,5,CALHOUN,May,22,Monday,11,30,Rural,Low Speed (Local),No,38.64893889,-88.04368333,Complex/Circle,Daylight,Clear,11:00am-11:59am,32,11:00am-11:59am,45,Unknown,Unknown EMS Hospital Arrival Time,2,Daylight,Clear,2,3,"['Driver', 'Rear_Seat']","['None_Used', 'None_Used']",0,0,Invalid,0.0,0.0,35.0,15.0,"['Male', 'Female']",2,0,5,4,5,Dry,Straight,Level,Lowest,No
12915,17,Illinois,170391,1,1,1,0,6,BATAVIA,May,23,Tuesday,16,42,Urban,Medium Speed (Collector),No,41.82953333,-88.32073056,Complex/Circle,Daylight,Clear,4:00pm-4:59pm,43,4:00pm-4:59pm,43,Unknown,Unknown EMS Hospital Arrival Time,1,Daylight,Clear,0,6,[],[],0,0,Valid,0.0,0.0,45.0,45.0,['Female'],0,0,3,2,4,Dry,Straight,Level,Lowest,No
12916,17,Illinois,170393,1,2,1,1,1,NOT APPLICABLE,May,25,Thursday,9,43,Rural,High Speed (Arterial),Yes,38.51206389,-89.65163611,Non-Intersection,Daylight,Clear,9:00am-9:59am,44,9:00am-9:59am,52,Unknown,Unknown EMS Hospital Arrival Time,1,Daylight,Clear,0,1,[],[],0,0,Valid,0.0,0.0,28.0,28.0,['Male'],0,0,4,2,4,Dry,Straight,Level,Lowest,No
12917,17,Illinois,170394,1,1,1,0,1,SPRINGFIELD,May,25,Thursday,14,52,Urban,Medium Speed (Collector),No,39.76538611,-89.75330833,Simple Junction,Daylight,Clear,2:00pm-2:59pm,35,2:00pm-2:59pm,48,Unknown,Unknown EMS Hospital Arrival Time,1,Daylight,Clear,0,1,[],[],0,0,Valid,0.0,0.0,16.0,16.0,['Male'],0,0,3,2,4,Dry,Straight,Level,Lowest,No
12918,17,Illinois,170395,0,1,1,0,1,NOT APPLICABLE,May,27,Saturday,18,33,Rural,Medium Speed (Collector),No,37.99488056,-88.68315556,Non-Intersection,Daylight,Clear,6:00pm-6:59pm,33,6:00pm-6:59pm,43,Unknown,Unknown EMS Hospital Arrival Time,1,Daylight,Clear,1,0,['Driver'],['None_Used'],1,1,Valid,0.0,0.0,62.0,62.0,['Male'],0,0,5,0,3,Dry,Straight,Grade/Hillcrest,Lowest,No
12919,17,Illinois,170396,0,2,2,0,5,NOT APPLICABLE,May,27,Saturday,13,52,Urban,Medium Speed (Collector),No,41.31030556,-89.12648889,Simple Junction,Daylight,Clear,1:00pm-1:59pm,57,2:00pm-2:59pm,0,Unknown,Unknown EMS Hospital Arrival Time,1,Daylight,Clear,1,4,['Rear_Seat'],['None_Used'],0,0,Valid,0.0,4.0,59.0,25.0,"['Male', 'Male']",0,0,5,4,5,Dry,Straight,Level,Lowest,No
12920,17,Illinois,170397,0,1,1,0,1,TOWER HILL,May,27,Saturday,16,52,Rural,Medium Speed (Collector),No,39.43303056,-88.95514167,Non-Intersection,Daylight,Clear,4:00pm-4:59pm,54,5:00pm-5:59pm,3,Unknown,Unknown EMS Hospital Arrival Time,1,Daylight,Clear,1,0,['Driver'],['Shoulder_Lapbelt'],0,0,Valid,0.0,0.0,74.0,74.0,['Male'],0,0,2,4,3,Dry,Curve,Level,Lowest,No
12921,17,Illinois,170398,0,3,3,0,3,CHICAGO,May,28,Sunday,4,30,Urban,High Speed (Arterial),Yes,41.69399444,-87.65946667,Non-Intersection,Dark - Lighted,Clear,4:00am-4:59am,44,4:00am-4:59am,48,Not Applicable (Not Transported),Not Applicable (Not Transported),1,Dark - Lighted,Clear,1,2,['Driver'],['None_Used'],1,1,Valid,1.0,1.0,37.0,24.0,"['Male', 'Male', 'Male']",1,0,3,4,5,Dry,Straight,Level,Lowest,No
12922,17,Illinois,170399,0,2,2,0,3,NOT APPLICABLE,May,28,Sunday,19,23,Rural,Medium Speed (Collector),No,41.93775,-89.76914444,Non-Intersection,Daylight,Clear,7:00pm-7:59pm,23,7:00pm-7:59pm,28,Unknown,Unknown EMS Hospital Arrival Time,2,Daylight,Clear,2,1,"['Driver', 'Rear_Seat']","['None_Used', 'None_Used']",0,0,Valid,1.0,1.0,69.0,19.0,"['Male', 'Male']",0,0,5,4,5,Dry,Straight,Grade/Hillcrest,Lowest,No
12923,17,Illinois,170400,1,2,2,0,2,OAK BROOK,May,28,Sunday,22,17,Urban,High Speed (Arterial),Yes,41.83314167,-87.95564444,Non-Intersection,Dark - Not Lighted,Clear,10:00pm-10:59pm,17,10:00pm-10:59pm,21,Unknown,Unknown EMS Hospital Arrival Time,1,Dark - Unlighted,Clear,0,2,[],[],0,0,Valid,2.0,4.0,31.0,26.0,"['Female', 'Male']",0,0,2,4,5,Dry,Straight,Level,Lowest,Yes
12924,17,Illinois,170401,1,1,1,0,1,CHICAGO,May,28,Sunday,22,59,Urban,Medium Speed (Collector),No,41.86612222,-87.71958333,Complex/Circle,Dark - Lighted,Clear,Unknown,Unknown,0:00am-0:59am,0,Unknown,Unknown EMS Hospital Arrival Time,1,Dark - Lighted,Clear,0,1,[],[],0,0,Invalid,0.0,0.0,998.0,998.0,['Other'],1,0,2,1,4,Dry,Straight,Level,Lowest,No
12925,17,Illinois,170402,0,1,1,0,2,NOT APPLICABLE,May,28,Sunday,23,35,Rural,Low Speed (Local),No,42.32686667,-89.5928,Non-Intersection,Dark - Not Lighted,Clear,Unknown,Unknown,Unknown EMS Scene Arrival Hour,Unknown EMS Scene Arrival Minutes,Not Applicable (Not Transported),Not Applicable (Not Transported),2,Dark - Unlighted,Clear,2,0,"['Driver', 'Front_Passenger']","['Shoulder_Lapbelt', 'Shoulder_Lapbelt']",0,0,Valid,0.0,1.0,16.0,16.0,['Female'],2,0,2,4,3,Dry,Straight,Grade/Hillcrest,Lowest,No
12926,17,Illinois,170403,1,1,1,0,1,SPRING GROVE,May,29,Monday,2,8,Urban,Medium Speed (Collector),No,42.45105833,-88.21338889,Non-Intersection,Dark - Not Lighted,Clear,2:00am-2:59am,19,2:00am-2:59am,27,Not Applicable (Not Transported),Not Applicable (Not Transported),1,Dark - Unlighted,Clear,0,1,[],[],0,0,Valid,0.0,0.0,27.0,27.0,['Female'],0,0,2,1,4,Dry,Straight,Level,Lowest,No
12927,17,Illinois,170404,0,3,2,1,3,CHICAGO HEIGHTS,May,29,Monday,7,35,Urban,Low Speed (Local),No,41.52835278,-87.65175556,Complex/Circle,Daylight,Clear,7:00am-7:59am,39,7:00am-7:59am,44,Unknown,Unknown EMS Hospital Arrival Time,1,Daylight,Clear,1,2,['Driver'],['Shoulder_Lapbelt'],0,0,Valid,0.0,0.0,57.0,19.0,"['Male', 'Male']",2,0,3,4,5,Dry,Straight,Level,Lowest,No
12928,17,Illinois,170405,0,1,1,0,3,NOT APPLICABLE,May,29,Monday,15,53,Urban,Medium Speed (Collector),No,41.73443333,-88.46965833,Non-Intersection,Daylight,Clear,3:00pm-3:59pm,53,4:00pm-4:59pm,4,Unknown,Unknown EMS Hospital Arrival Time,1,Daylight,Clear,1,2,['Rear_Seat'],['None_Used'],0,0,Valid,0.0,0.0,39.0,39.0,['Male'],3,0,2,4,3,Dry,Curve,Level,Lowest,No
12929,17,Illinois,170406,0,2,2,0,2,PARK FOREST,May,29,Monday,21,0,Urban,High Speed (Arterial),Yes,41.50604722,-87.69139444,Non-Intersection,Dark - Not Lighted,Clear,9:00pm-9:59pm,8,9:00pm-9:59pm,12,Unknown,Unknown EMS Hospital Arrival Time,1,Dark - Unlighted,Clear,1,0,['Driver'],['None_Used'],0,0,Invalid,0.0,0.0,78.0,56.0,"['Male', 'Female']",0,0,2,4,5,Dry,Straight,Level,Lowest,No
12930,17,Illinois,170407,0,2,2,0,3,EAST SAINT LOUIS,May,29,Monday,23,12,Urban,High Speed (Arterial),Yes,38.62561667,-90.16244167,Complex/Circle,Dark - Lighted,Clear,Unknown,Unknown,Unknown EMS Scene Arrival Hour,Unknown EMS Scene Arrival Minutes,Unknown,Unknown EMS Hospital Arrival Time,1,Dark - Lighted,Clear,1,2,['Driver'],['None_Used'],1,1,Invalid,0.0,0.0,998.0,25.0,"['Male', 'Other']",0,0,5,2,5,Dry,Straight,Level,Lowest,No
12931,17,Illinois,170408,1,1,1,0,1,NOT APPLICABLE,May,29,Monday,23,40,Urban,Medium Speed (Collector),No,41.6475,-87.71864167,Complex/Circle,Dark - Lighted,Clear,11:00pm-11:59pm,40,11:00pm-11:59pm,40,Not Applicable (Not Transported),Not Applicable (Not Transported),1,Dark - Lighted,Clear,0,0,[],[],0,0,Invalid,0.0,0.0,998.0,998.0,['Other'],0,0,3,0,4,Dry,Straight,Level,Lowest,No
12932,17,Illinois,170409,1,1,1,0,1,CHICAGO,May,30,Tuesday,0,20,Urban,Low Speed (Local),No,41.85741667,-87.71025833,Non-Intersection,Dark - Lighted,Clear,0:00am-0:59am,Unknown,0:00am-0:59am,30,Unknown,Unknown EMS Hospital Arrival Time,1,Dark - Lighted,Clear,0,1,[],[],0,0,Invalid,0.0,0.0,998.0,998.0,['Male'],0,0,2,1,4,Dry,Straight,Level,Lowest,No
12933,17,Illinois,170410,1,1,1,0,1,NOT APPLICABLE,May,30,Tuesday,14,13,Rural,Medium Speed (Collector),No,38.08186667,-89.07289722,Complex/Circle,Daylight,Clear,2:00pm-2:59pm,14,2:00pm-2:59pm,20,Unknown,Unknown EMS Hospital Arrival Time,1,Daylight,Clear,0,1,[],[],0,0,Valid,0.0,0.0,69.0,69.0,['Male'],0,0,3,1,4,Dry,Straight,Level,Lowest,No
12934,17,Illinois,170411,0,1,1,0,1,NOT APPLICABLE,May,30,Tuesday,15,0,Rural,Low Speed (Local),No,40.57241944,-88.36603889,Non-Intersection,Daylight,Clear,3:00pm-3:59pm,9,3:00pm-3:59pm,26,Not Applicable (Not Transported),Not Applicable (Not Transported),1,Daylight,Clear,1,0,['Driver'],['None_Used'],0,0,Valid,0.0,0.0,17.0,17.0,['Male'],0,0,3,4,3,Dry,Straight,Grade/Hillcrest,Lowest,No
12935,17,Illinois,170412,0,1,1,0,2,NOT APPLICABLE,May,31,Wednesday,14,0,Rural,Medium Speed (Collector),No,37.49299444,-89.11339722,Non-Intersection,Daylight,Clear,2:00pm-2:59pm,0,2:00pm-2:59pm,23,Unknown,Unknown EMS Hospital Arrival Time,1,Daylight,Clear,1,1,['Driver'],['None_Used'],0,0,Valid,0.0,0.0,86.0,86.0,['Female'],0,0,3,4,3,Dry,Curve,Grade/Hillcrest,Lowest,No
12936,17,Illinois,170413,0,2,2,0,2,SOUTH ROXANA,June,1,Thursday,5,15,Urban,Medium Speed (Collector),No,38.7937,-90.06693611,Simple Junction,Daylight,Clear,5:00am-5:59am,15,5:00am-5:59am,22,Unknown,Unknown EMS Hospital Arrival Time,1,Daylight,Clear,1,1,['Driver'],['None_Used'],0,0,Valid,0.0,1.0,34.0,28.0,"['Female', 'Male']",0,0,5,3,5,Dry,Straight,Level,Lowest,No
12937,17,Illinois,170414,0,1,1,0,1,ELDORADO,June,1,Thursday,10,0,Rural,Low Speed (Local),No,37.86925,-88.52223889,Non-Intersection,Daylight,Clear,Unknown,Unknown if Notified,Unknown EMS Scene Arrival Hour,Unknown if Arrived,Not Applicable (Not Transported),Not Applicable (Not Transported),1,Daylight,Clear,1,0,['Driver'],['Shoulder_Lapbelt'],0,0,Valid,0.0,0.0,99.0,99.0,['Female'],0,0,3,4,3,Dry,Straight,Level,Lowest,No
12938,17,Illinois,170415,0,1,1,0,1,SHILOH,June,1,Thursday,14,44,Urban,High Speed (Arterial),Yes,38.55916944,-89.88081111,Non-Intersection,Daylight,Clear,Unknown,Unknown,Unknown EMS Scene Arrival Hour,Unknown EMS Scene Arrival Minutes,Unknown,Unknown EMS Hospital Arrival Time,1,Daylight,Clear,1,0,['Driver'],['None_Used'],0,0,Valid,0.0,0.0,45.0,45.0,['Male'],0,0,4,4,3,Dry,Straight,Level,Lowest,Yes
12939,17,Illinois,170416,1,1,1,0,1,HOFFMAN ESTATES,June,1,Thursday,22,8,Urban,High Speed (Arterial),Yes,42.04820556,-88.10718611,Non-Intersection,Dark - Not Lighted,Clear,10:00pm-10:59pm,9,10:00pm-10:59pm,15,Unknown,Unknown EMS Hospital Arrival Time,1,Dark - Unlighted,Clear,0,1,[],[],0,0,Valid,0.0,0.0,48.0,48.0,['Male'],0,0,3,2,4,Dry,Straight,Level,Lowest,No
12940,17,Illinois,170417,0,2,2,0,2,BENSENVILLE,June,2,Friday,3,36,Urban,High Speed (Arterial),Yes,41.960875,-87.93970556,Complex/Circle,Dark - Lighted,Clear,Unknown,Unknown,Unknown EMS Scene Arrival Hour,Unknown EMS Scene Arrival Minutes,Unknown,Unknown EMS Hospital Arrival Time,1,Dark - Lighted,Clear,1,1,['Driver'],['Shoulder_Lapbelt'],1,1,Valid,0.0,0.0,58.0,22.0,"['Male', 'Female']",1,0,3,4,5,Dry,Straight,Level,Lowest,No
12941,17,Illinois,170418,0,1,1,0,2,NOT APPLICABLE,June,2,Friday,14,30,Rural,Medium Speed (Collector),No,37.44146389,-88.66871111,Non-Intersection,Daylight,Clear,2:00pm-2:59pm,33,2:00pm-2:59pm,40,Unknown,Unknown EMS Hospital Arrival Time,1,Daylight,Clear,1,1,['Driver'],['Shoulder_Lapbelt'],0,0,Valid,0.0,0.0,46.0,46.0,['Female'],0,0,3,4,3,Dry,Straight,Level,Lowest,No
12942,17,Illinois,170419,0,2,2,0,4,NAPERVILLE,February,18,Saturday,12,37,Urban,Medium Speed (Collector),No,41.71937222,-88.16741944,Complex/Circle,Daylight,Clear,Unknown,Unknown,Unknown EMS Scene Arrival Hour,Unknown EMS Scene Arrival Minutes,Unknown,Unknown EMS Hospital Arrival Time,1,Daylight,Clear,1,3,['Front_Passenger'],['Shoulder_Lapbelt'],0,0,Valid,0.0,0.0,87.0,33.0,"['Male', 'Female']",0,0,2,4,5,Dry,Straight,Level,Lowest,No
12943,17,Illinois,170421,0,2,2,0,3,EAST SAINT LOUIS,May,22,Monday,0,11,Urban,High Speed (Arterial),Yes,38.60671667,-90.17157222,Simple Junction,Dark - Lighted,Clear,Unknown,Unknown,Unknown EMS Scene Arrival Hour,Unknown EMS Scene Arrival Minutes,Unknown,Unknown EMS Hospital Arrival Time,1,Dark - Lighted,Clear,1,2,['Driver'],['Shoulder_Lapbelt'],0,0,Invalid,0.0,0.0,999.0,40.0,"['Male', 'Male']",1,0,3,4,5,Dry,Straight,Level,Lowest,No
12944,17,Illinois,170422,1,1,1,0,1,HIGHLAND PARK,June,2,Friday,12,37,Urban,Medium Speed (Collector),No,42.16908611,-87.82623889,Simple Junction,Daylight,Clear,Unknown,Unknown,Unknown EMS Scene Arrival Hour,Unknown EMS Scene Arrival Minutes,Unknown,Unknown EMS Hospital Arrival Time,1,Daylight,Clear,0,1,[],[],0,0,Invalid,0.0,0.0,998.0,998.0,['Other'],0,0,1,0,4,Dry,Straight,Level,Lowest,No
12945,17,Illinois,170423,0,2,2,0,2,OAK LAWN,June,2,Friday,21,40,Urban,High Speed (Arterial),Yes,41.70549722,-87.74015278,Complex/Circle,Dark - Lighted,Clear,9:00pm-9:59pm,40,9:00pm-9:59pm,45,Unknown,Unknown EMS Hospital Arrival Time,1,Dark - Lighted,Clear,1,1,['Driver'],['None_Used'],0,0,Valid,0.0,1.0,69.0,48.0,"['Male', 'Female']",1,0,5,3,5,Dry,Straight,Level,Lowest,No
12946,17,Illinois,170424,1,1,1,0,1,CHICAGO,January,4,Wednesday,19,15,Urban,Medium Speed (Collector),No,41.70306667,-87.642775,Non-Intersection,Dark - Lighted,Clear,7:00pm-7:59pm,23,7:00pm-7:59pm,32,Not Applicable (Not Transported),Not Applicable (Not Transported),1,Dark - Lighted,Clear,0,1,[],[],0,0,Invalid,0.0,0.0,999.0,999.0,['Other'],0,0,1,0,4,Dry,Straight,Level,Lowest,No
12947,17,Illinois,170425,0,1,1,0,1,CHICAGO,January,10,Tuesday,0,35,Urban,Medium Speed (Collector),No,41.78654167,-87.68461667,Non-Intersection,Dark - Lighted,Clear,0:00am-0:59am,37,0:00am-0:59am,40,Not Applicable (Not Transported),Not Applicable (Not Transported),1,Dark - Lighted,Clear,1,0,['Driver'],['Shoulder_Lapbelt'],0,0,Invalid,1.0,2.0,34.0,34.0,['Male'],1,0,3,4,3,Dry,Straight,Level,Lowest,No
12948,17,Illinois,170426,0,2,2,0,3,NOT APPLICABLE,May,6,Saturday,21,15,Rural,High Speed (Arterial),Yes,40.12430833,-87.85527222,Non-Intersection,Dark - Not Lighted,Clear,9:00pm-9:59pm,15,10:00pm-10:59pm,10,Unknown,Unknown EMS Hospital Arrival Time,1,Dark - Unlighted,Clear,1,2,['Driver'],['None_Used'],1,1,Valid,0.0,0.0,56.0,24.0,"['Male', 'Female']",0,0,5,2,5,Dry,Straight,Level,Lowest,No
12949,17,Illinois,170427,0,1,1,0,1,NOT APPLICABLE,June,2,Friday,21,57,Rural,Medium Speed (Collector),No,37.81484167,-88.53953333,Non-Intersection,Dark - Not Lighted,Clear,9:00pm-9:59pm,57,9:00pm-9:59pm,59,Not Applicable (Not Transported),Not Applicable (Not Transported),1,Dark - Unlighted,Clear,1,0,['Driver'],['Shoulder_Lapbelt'],1,1,Valid,0.0,0.0,54.0,54.0,['Male'],0,0,3,4,3,Dry,Straight,Level,Lowest,No