,State_Code,State_Name,Crash_ID,Count_Non_Motorists,Count_Vehicles_Total,Count_Vehicle_Forms,Count_PVH_Involved,Count_Occupants_MV,City_Name,Month_Name,Day_of_Month,Day_of_Week,Crash_Hour,Crash_Minute,Area_Rural_Urban,Road_Functional_Class,On_NHS_Road,Latitude,Longitude,Intersection_Type,Light_Condition,Weather_Condition,Notif_Hour,Notif_Minute,Arrival_Hour,Arrival_Minute,Hospital_Hour,Hospital_Minute,Fatalities_Count,Clean_Light_Condition,Clean_Weather_Condition,Total_Killed,Total_Alive,Fatal_Seats_List,Killed_Restraint_List,Any_Driver_Drinking,Total_Drinking_Drivers,Driver_License_Category,Driver_Max_Prev_Accident_Count,Driver_Max_Prev_Speeding_Count,Max_Driver_Age,Min_Driver_Age,Driver_Sex_List,Total_Exceeding_Limit_Vehicles,Total_Too_Fast_Vehicles,Max_Vehicle_Type_Severity_5,Max_Vehicle_Damage_Rank,Max_Harmful_Event_Severity,Crash_Road_Surface_Condition,Crash_Horizontal_Alignment,Crash_Vertical_Profile,Crash_Impairment_Category,Crash_Vehicle_Defect
12950,17,Illinois,170428,0,1,1,0,1,NOT APPLICABLE,June,3,Saturday,5,17,Rural,Medium Speed (Collector),No,41.8524,-89.7092,Non-Intersection,Dawn,Clear,5:00am-5:59am,18,5:00am-5:59am,24,Not Applicable (Not Transported),Not Applicable (Not Transported),1,Twilight,Clear,1,0,['Driver'],['Shoulder_Lapbelt'],1,1,Valid,0.0,0.0,18.0,18.0,['Male'],1,0,2,4,3,Dry,Curve,Grade/Hillcrest,Lowest,No
12951,17,Illinois,170429,0,2,2,0,2,NOT APPLICABLE,June,3,Saturday,9,16,Urban,Low Speed (Local),No,41.22699444,-88.24496667,Non-Intersection,Daylight,Clear,Unknown,Unknown,Unknown EMS Scene Arrival Hour,Unknown EMS Scene Arrival Minutes,Unknown,Unknown EMS Hospital Arrival Time,1,Daylight,Clear,1,1,['Driver'],['Shoulder_Lapbelt'],0,0,Valid,0.0,1.0,80.0,21.0,"['Male', 'Male']",0,0,3,4,5,Dry,Straight,Level,Lowest,No
12952,17,Illinois,170430,0,1,1,0,1,NOT APPLICABLE,June,3,Saturday,13,20,Urban,High Speed (Arterial),Yes,42.0197,-87.94815278,Non-Intersection,Daylight,Clear,1:00pm-1:59pm,21,1:00pm-1:59pm,34,Unknown,Unknown EMS Hospital Arrival Time,1,Daylight,Clear,1,0,['Driver'],['Shoulder_Lapbelt'],0,0,Valid,0.0,0.0,70.0,70.0,['Female'],0,0,3,4,3,Dry,Straight,Level,Lowest,No
12953,17,Illinois,170431,1,1,1,0,1,BELVIDERE,June,2,Friday,14,33,Urban,Low Speed (Local),No,42.24293889,-88.85656944,Non-Intersection,Daylight,Clear,2:00pm-2:59pm,34,2:00pm-2:59pm,39,Unknown,Unknown EMS Hospital Arrival Time,1,Daylight,Clear,0,1,[],[],0,0,Valid,0.0,0.0,30.0,30.0,['Male'],0,0,2,2,4,Dry,Straight,Level,Lowest,No
12954,17,Illinois,170432,0,2,2,0,2,BELLEVILLE,June,3,Saturday,16,49,Urban,High Speed (Arterial),Yes,38.51954722,-89.92415278,Simple Junction,Daylight,Clear,4:00pm-4:59pm,50,4:00pm-4:59pm,59,Unknown,Unknown EMS Hospital Arrival Time,1,Daylight,Clear,1,1,['Driver'],['None_Used'],0,0,Valid,0.0,1.0,61.0,50.0,"['Female', 'Female']",0,0,5,4,5,Dry,Straight,Level,Lowest,No
12955,17,Illinois,170433,0,2,2,0,2,GRANITE CITY,January,12,Thursday,19,38,Urban,High Speed (Arterial),Yes,38.76140833,-90.09968056,Non-Intersection,Dark - Not Lighted,Clear,7:00pm-7:59pm,38,7:00pm-7:59pm,42,Unknown,Unknown EMS Hospital Arrival Time,1,Dark - Unlighted,Clear,1,1,['Driver'],['Shoulder_Lapbelt'],0,0,Valid,0.0,0.0,34.0,33.0,"['Male', 'Male']",1,0,4,4,5,Dry,Straight,Grade/Hillcrest,Lowest,No
12956,17,Illinois,170434,2,4,3,1,5,NOT APPLICABLE,January,22,Sunday,1,59,Urban,High Speed (Arterial),Yes,41.80513333,-87.63092222,Non-Intersection,Dark - Lighted,Clear,2:00am-2:59am,1,2:00am-2:59am,4,Unknown,Unknown EMS Hospital Arrival Time,2,Dark - Lighted,Clear,2,3,"['Driver', 'Rear_Seat']","['Shoulder_Lapbelt', 'Shoulder_Lapbelt']",1,2,Valid,1.0,1.0,43.0,39.0,"['Male', 'Female']",1,0,2,4,5,Dry,Straight,Level,Lowest,No
12957,17,Illinois,170435,0,1,1,0,2,NOT APPLICABLE,January,7,Saturday,11,0,Urban,Medium Speed (Collector),No,41.35878889,-89.441375,Non-Intersection,Daylight,Not Reported,Unknown,Unknown,Unknown EMS Scene Arrival Hour,Unknown EMS Scene Arrival Minutes,Unknown,Unknown EMS Hospital Arrival Time,1,Daylight,Clear,1,0,['Front_Passenger'],['Shoulder_Lapbelt'],0,0,Invalid,0.0,0.0,998.0,998.0,['Other'],0,0,3,1,1,Dry,Curve,Level,Lowest,No
12958,17,Illinois,170437,0,1,1,0,1,CHICAGO,February,3,Friday,23,50,Urban,High Speed (Arterial),Yes,41.71335278,-87.60286667,Non-Intersection,Dark - Lighted,Clear,11:00pm-11:59pm,57,0:00am-0:59am,10,Not Applicable (Not Transported),Not Applicable (Not Transported),1,Dark - Lighted,Clear,1,0,['Driver'],['Shoulder_Lapbelt'],0,0,Invalid,0.0,0.0,41.0,41.0,['Male'],0,0,2,4,3,Dry,Straight,Level,Lowest,No
12959,17,Illinois,170438,0,2,2,0,3,NOT APPLICABLE,February,18,Saturday,7,19,Urban,High Speed (Arterial),Yes,41.85194444,-87.91902778,Non-Intersection,Daylight,Clear,7:00am-7:59am,27,7:00am-7:59am,44,Unknown,Unknown EMS Hospital Arrival Time,1,Daylight,Clear,1,2,['Driver'],['Shoulder_Lapbelt'],0,0,Valid,1.0,0.0,59.0,26.0,"['Female', 'Male']",0,0,4,4,5,Dry,Straight,Level,Lowest,No
12960,17,Illinois,170439,0,1,1,0,2,NOT APPLICABLE,June,4,Sunday,13,35,Rural,Medium Speed (Collector),No,38.51420278,-88.94088611,Non-Intersection,Daylight,Clear,1:00pm-1:59pm,39,1:00pm-1:59pm,46,Unknown,Unknown EMS Hospital Arrival Time,1,Daylight,Clear,1,1,['Driver'],['None_Used'],0,0,Valid,1.0,0.0,83.0,83.0,['Male'],0,0,3,4,3,Dry,Straight,Level,Lowest,No
12961,17,Illinois,170440,0,2,1,1,2,WAUKEGAN,June,4,Sunday,14,14,Urban,Medium Speed (Collector),No,42.36511944,-87.87753056,Non-Intersection,Daylight,Clear,2:00pm-2:59pm,14,2:00pm-2:59pm,20,Unknown,Unknown EMS Hospital Arrival Time,1,Daylight,Clear,1,1,['Driver'],['Shoulder_Lapbelt'],1,1,Invalid,0.0,1.0,31.0,31.0,['Female'],2,0,3,3,5,Dry,Curve,Level,Lowest,No
12962,17,Illinois,170441,0,2,2,0,5,RIVERDALE,June,4,Sunday,15,57,Urban,Medium Speed (Collector),No,41.64454444,-87.64153889,Complex/Circle,Daylight,Clear,3:00pm-3:59pm,58,4:00pm-4:59pm,5,Unknown,Unknown EMS Hospital Arrival Time,1,Daylight,Clear,1,4,['Driver'],['Shoulder_Lapbelt'],1,1,Invalid,0.0,0.0,41.0,25.0,"['Male', 'Male']",4,0,3,4,5,Dry,Straight,Level,Lowest,No
12963,17,Illinois,170442,0,1,1,0,1,ROUND LAKE BEACH,June,4,Sunday,19,17,Urban,Low Speed (Local),No,42.36514722,-88.11589167,Simple Junction,Daylight,Clear,Unknown,Unknown,Unknown EMS Scene Arrival Hour,Unknown EMS Scene Arrival Minutes,Unknown,Unknown EMS Hospital Arrival Time,1,Daylight,Clear,1,0,['Driver'],['None_Used'],1,1,Valid,0.0,1.0,40.0,40.0,['Male'],1,0,5,1,1,Dry,Straight,Level,Lowest,No
12964,17,Illinois,170443,1,1,1,0,2,OAK LAWN,June,5,Monday,17,38,Urban,Low Speed (Local),No,41.72723056,-87.74895556,Non-Intersection,Daylight,Clear,5:00pm-5:59pm,38,5:00pm-5:59pm,42,Unknown,Unknown EMS Hospital Arrival Time,1,Daylight,Clear,0,2,[],[],1,1,Valid,0.0,0.0,37.0,37.0,['Female'],2,0,2,1,4,Dry,Straight,Level,Lowest,No
12965,17,Illinois,170444,1,1,1,0,2,CHICAGO,June,5,Monday,23,33,Urban,Medium Speed (Collector),No,41.92816389,-87.72686667,Complex/Circle,Dark - Lighted,Clear,11:00pm-11:59pm,35,11:00pm-11:59pm,38,Unknown,Unknown EMS Hospital Arrival Time,1,Dark - Lighted,Clear,0,2,[],[],0,0,Valid,0.0,0.0,27.0,27.0,['Male'],0,0,2,1,4,Dry,Straight,Level,Lowest,No
12966,17,Illinois,170445,0,1,1,0,1,NOT APPLICABLE,June,6,Tuesday,5,24,Urban,Medium Speed (Collector),No,41.45398889,-90.42192222,Non-Intersection,Dawn,Clear,5:00am-5:59am,27,5:00am-5:59am,35,Not Applicable (Not Transported),Not Applicable (Not Transported),1,Twilight,Clear,1,0,['Driver'],['Shoulder_Lapbelt'],0,0,Invalid,1.0,1.0,59.0,59.0,['Male'],0,0,2,4,3,Dry,Straight,Level,Lowest,No
12967,17,Illinois,170446,0,3,3,0,6,GRANITE CITY,June,6,Tuesday,18,46,Urban,High Speed (Arterial),Yes,38.72563889,-90.12323333,Complex/Circle,Dusk,Clear,6:00pm-6:59pm,46,6:00pm-6:59pm,46,Unknown,Unknown EMS Hospital Arrival Time,1,Twilight,Clear,1,5,['Driver'],['Shoulder_Lapbelt'],1,1,Valid,0.0,1.0,40.0,29.0,"['Male', 'Male', 'Female']",1,0,3,4,5,Dry,Straight,Level,Lowest,No
12968,17,Illinois,170447,0,2,2,0,2,NOT APPLICABLE,June,5,Monday,18,56,Rural,Low Speed (Local),No,38.30380278,-88.36974722,Non-Intersection,Daylight,Clear,6:00pm-6:59pm,56,7:00pm-7:59pm,5,Not Applicable (Not Transported),Not Applicable (Not Transported),1,Daylight,Clear,1,1,['Driver'],['None_Used'],0,0,Valid,0.0,1.0,47.0,15.0,"['Male', 'Male']",1,0,5,2,5,Dry,Straight,Grade/Hillcrest,Lowest,Yes
12969,17,Illinois,170448,0,1,1,0,1,NOT APPLICABLE,June,6,Tuesday,19,8,Rural,High Speed (Arterial),Yes,41.40007222,-89.36214444,Non-Intersection,Daylight,Clear,7:00pm-7:59pm,8,7:00pm-7:59pm,15,7:00pm-7:59pm,Unknown EMS Hospital Arrival Time,1,Daylight,Clear,1,0,['Driver'],['None_Used'],0,0,Valid,0.0,0.0,76.0,76.0,['Male'],0,0,5,4,3,Dry,Straight,Level,Lowest,No
12970,17,Illinois,170449,0,2,2,0,6,CHICAGO,June,7,Wednesday,2,28,Urban,High Speed (Arterial),Yes,41.74955556,-87.72188333,Complex/Circle,Dark - Lighted,Clear,Unknown,Unknown,Unknown EMS Scene Arrival Hour,Unknown EMS Scene Arrival Minutes,Unknown,Unknown EMS Hospital Arrival Time,1,Dark - Lighted,Clear,1,5,['Driver'],['Shoulder_Lapbelt'],0,0,Valid,0.0,0.0,35.0,18.0,"['Female', 'Male']",5,0,4,4,5,Dry,Straight,Level,Lowest,No
12971,17,Illinois,170450,0,1,1,0,1,NOT APPLICABLE,June,7,Wednesday,21,22,Rural,High Speed (Arterial),Yes,37.60795,-88.99368056,Non-Intersection,Dark - Not Lighted,Clear,9:00pm-9:59pm,23,9:00pm-9:59pm,30,Not Applicable (Not Transported),Not Applicable (Not Transported),1,Dark - Unlighted,Clear,1,0,['Driver'],['None_Used'],0,0,Valid,0.0,0.0,40.0,40.0,['Male'],0,0,4,4,3,Dry,Curve,Level,Lowest,No
12972,17,Illinois,170451,0,1,1,0,1,NOT APPLICABLE,June,8,Thursday,7,33,Rural,Medium Speed (Collector),No,40.24337778,-89.20218056,Non-Intersection,Reported as Unknown,Reported as Unknown,Unknown,Unknown if Notified,Unknown EMS Scene Arrival Hour,Unknown if Arrived,Not Applicable (Not Transported),Not Applicable (Not Transported),1,Dark - Unlighted,Clear,1,0,['Driver'],['None_Used'],0,0,Valid,0.0,0.0,29.0,29.0,['Male'],0,0,5,4,1,Dry,Straight,Level,Lowest,No
12973,17,Illinois,170452,2,3,2,1,3,CHICAGO,June,8,Thursday,18,40,Urban,High Speed (Arterial),Yes,41.68602778,-87.60179167,Non-Intersection,Daylight,Clear,6:00pm-6:59pm,45,6:00pm-6:59pm,50,Unknown,Unknown EMS Hospital Arrival Time,1,Daylight,Clear,1,2,['Driver'],['None_Used'],0,0,Valid,0.0,0.0,49.0,23.0,"['Male', 'Female']",1,0,2,4,5,Dry,Straight,Level,Lowest,No
12974,17,Illinois,170453,0,1,1,0,1,NOT APPLICABLE,June,9,Friday,0,0,Rural,Low Speed (Local),No,40.42501944,-89.71668889,Non-Intersection,Dark - Unknown Lighting,Reported as Unknown,5:00pm-5:59pm,54,Unknown EMS Scene Arrival Hour,Unknown if Arrived,Not Applicable (Not Transported),Not Applicable (Not Transported),1,Dark - Unlighted,Clear,1,0,['Driver'],['None_Used'],1,1,Valid,0.0,0.0,36.0,36.0,['Male'],0,0,5,4,2,Dry,Curve,Level,Lowest,No
12975,17,Illinois,170454,0,2,2,0,2,NOT APPLICABLE,June,9,Friday,7,18,Urban,Medium Speed (Collector),No,41.7344,-88.47145833,Complex/Circle,Daylight,Clear,7:00am-7:59am,18,7:00am-7:59am,28,Unknown,Unknown EMS Hospital Arrival Time,1,Daylight,Clear,1,1,['Driver'],['None_Used'],0,0,Valid,0.0,1.0,64.0,50.0,"['Male', 'Male']",0,0,5,4,5,Dry,Straight,Level,Lowest,No
12976,17,Illinois,170455,0,4,3,1,3,NOT APPLICABLE,June,9,Friday,8,23,Urban,High Speed (Arterial),Yes,41.65531667,-87.66180278,Non-Intersection,Daylight,Clear,8:00am-8:59am,27,8:00am-8:59am,39,Unknown,Unknown EMS Hospital Arrival Time,1,Daylight,Clear,1,2,['Driver'],['Shoulder_Lapbelt'],0,0,Valid,0.0,0.0,52.0,25.0,"['Male', 'Female', 'Female']",0,0,2,4,5,Dry,Straight,Level,Medium,No
12977,17,Illinois,170456,1,1,1,0,1,NOT APPLICABLE,June,9,Friday,12,37,Rural,Medium Speed (Collector),No,40.579875,-88.902975,Non-Intersection,Daylight,Clear,12:00pm-12:59pm,39,12:00pm-12:59pm,47,Not Applicable (Not Transported),Not Applicable (Not Transported),1,Daylight,Clear,0,1,[],[],0,0,Valid,0.0,1.0,24.0,24.0,['Male'],1,0,2,2,4,Dry,Straight,Level,Lowest,No
12978,17,Illinois,170457,0,2,1,1,2,PARK RIDGE,June,9,Friday,13,52,Urban,Medium Speed (Collector),No,42.0274,-87.8603,Non-Intersection,Daylight,Clear,1:00am-1:59am,53,2:00am-2:59am,0,Unknown,Unknown EMS Hospital Arrival Time,1,Daylight,Clear,1,1,['Driver'],['Shoulder_Lapbelt'],0,0,Valid,0.0,0.0,67.0,67.0,['Male'],0,0,3,4,3,Dry,Straight,Level,Lowest,Yes
12979,17,Illinois,170458,0,2,2,0,3,CHICAGO,June,9,Friday,20,38,Urban,Medium Speed (Collector),No,41.80942222,-87.61665556,Complex/Circle,Dusk,Clear,Unknown,Unknown,Unknown EMS Scene Arrival Hour,Unknown EMS Scene Arrival Minutes,Unknown,Unknown EMS Hospital Arrival Time,1,Twilight,Clear,1,2,['Driver'],['Shoulder_Lapbelt'],0,0,Invalid,0.0,0.0,38.0,33.0,"['Male', 'Male']",2,0,3,4,5,Dry,Straight,Level,Lowest,No
12980,17,Illinois,170459,0,2,2,0,3,MAYWOOD,June,10,Saturday,1,0,Urban,High Speed (Arterial),Yes,41.87156944,-87.8305,Non-Intersection,Dark - Not Lighted,Clear,1:00am-1:59am,12,1:00am-1:59am,24,Unknown,Unknown EMS Hospital Arrival Time,1,Dark - Unlighted,Clear,1,2,['Driver'],['Shoulder_Lapbelt'],1,1,Valid,1.0,1.0,52.0,21.0,"['Male', 'Male']",2,0,4,4,5,Dry,Straight,Level,Lowest,No
12981,17,Illinois,170460,0,2,2,0,3,EAST MOLINE,June,10,Saturday,3,5,Urban,High Speed (Arterial),Yes,41.52691667,-90.38083889,Non-Intersection,Dark - Not Lighted,Clear,3:00am-3:59am,6,3:00am-3:59am,23,Unknown,Unknown EMS Hospital Arrival Time,2,Dark - Unlighted,Clear,2,1,"['Driver', 'Front_Passenger']","['None_Used', 'None_Used']",1,1,Valid,1.0,0.0,62.0,40.0,"['Male', 'Male']",0,0,4,4,5,Dry,Straight,Level,Lowest,No
12982,17,Illinois,170461,0,3,3,0,4,HOFFMAN ESTATES,June,10,Saturday,8,52,Urban,High Speed (Arterial),Yes,42.060525,-88.14470556,Complex/Circle,Daylight,Clear,8:00am-8:59am,52,8:00am-8:59am,55,Unknown,Unknown EMS Hospital Arrival Time,2,Daylight,Clear,2,2,"['Driver', 'Front_Passenger']","['Shoulder_Lapbelt', 'Shoulder_Lapbelt']",1,1,Invalid,1.0,0.0,32.0,18.0,"['Male', 'Female', 'Female']",1,0,3,4,5,Dry,Straight,Level,Lowest,No
12983,17,Illinois,170462,0,1,1,0,1,NOT APPLICABLE,June,10,Saturday,15,35,Urban,Medium Speed (Collector),No,41.06303611,-87.86835833,Non-Intersection,Daylight,Clear,3:00pm-3:59pm,38,3:00pm-3:59pm,45,Unknown,Unknown EMS Hospital Arrival Time,1,Daylight,Clear,1,0,['Driver'],['None_Used'],0,0,Valid,0.0,0.0,35.0,35.0,['Female'],0,0,2,4,3,Dry,Straight,Level,Lowest,No
12984,17,Illinois,170463,1,1,1,0,2,DES PLAINES,June,10,Saturday,17,40,Urban,High Speed (Arterial),Yes,42.00938889,-87.89592778,Non-Intersection,Daylight,Clear,5:00pm-5:59pm,42,5:00pm-5:59pm,46,Unknown,Unknown EMS Hospital Arrival Time,1,Daylight,Clear,0,2,[],[],0,0,Valid,0.0,0.0,38.0,38.0,['Female'],0,0,1,1,4,Dry,Straight,Level,Lowest,No
12985,17,Illinois,170464,0,2,1,1,1,LINCOLNWOOD,June,10,Saturday,20,5,Urban,Low Speed (Local),No,42.00363611,-87.72255278,Non-Intersection,Daylight,Clear,8:00pm-8:59pm,5,8:00pm-8:59pm,8,Unknown,Unknown EMS Hospital Arrival Time,1,Daylight,Clear,1,0,['Driver'],['None_Used'],0,0,Valid,0.0,0.0,57.0,57.0,['Male'],0,0,5,0,5,Dry,Straight,Non-Trafficway,Lowest,No
12986,17,Illinois,170466,0,3,3,0,3,SOUTH HOLLAND,February,21,Tuesday,17,55,Urban,High Speed (Arterial),Yes,41.57713889,-87.57195,Non-Intersection,Dusk,Clear,6:00pm-6:59pm,4,6:00pm-6:59pm,24,Not Applicable (Not Transported),Not Applicable (Not Transported),1,Twilight,Clear,1,2,['Driver'],['Shoulder_Lapbelt'],0,0,Invalid,1.0,0.0,67.0,20.0,"['Male', 'Male', 'Female']",1,0,4,4,5,Dry,Straight,Grade/Hillcrest,Lowest,No
12987,17,Illinois,170467,0,1,1,0,5,NORMAL,June,11,Sunday,0,21,Urban,Medium Speed (Collector),No,40.53159722,-88.9865,Non-Intersection,Dark - Lighted,Clear,0:00am-0:59am,22,0:00am-0:59am,25,Unknown,Unknown EMS Hospital Arrival Time,1,Dark - Lighted,Clear,1,4,['Front_Passenger'],['None_Used'],0,0,Invalid,0.0,0.0,17.0,17.0,['Male'],5,0,2,4,3,Dry,Straight,Grade/Hillcrest,Lowest,No
12988,17,Illinois,170468,0,1,1,0,1,NOT APPLICABLE,June,11,Sunday,2,37,Rural,High Speed (Arterial),Yes,41.83349444,-90.024,Non-Intersection,Dark - Not Lighted,Cloudy,2:00am-2:59am,39,2:00am-2:59am,47,Not Applicable (Not Transported),Not Applicable (Not Transported),1,Dark - Unlighted,Reduced Visibility,1,0,['Driver'],['Shoulder_Lapbelt'],0,0,Invalid,0.0,0.0,44.0,44.0,['Male'],0,0,1,4,3,Dry,Straight,Grade/Hillcrest,Lowest,No
12989,17,Illinois,170469,0,1,1,0,1,NOT APPLICABLE,June,11,Sunday,6,11,Rural,Medium Speed (Collector),No,40.47544167,-90.07715278,Non-Intersection,Reported as Unknown,Rain,6:00am-6:59am,11,6:00am-6:59am,22,Unknown,Unknown EMS Hospital Arrival Time,1,Dark - Unlighted,Rain/Wind/Minor,1,0,['Driver'],['Shoulder_Lapbelt'],1,1,Valid,0.0,0.0,33.0,33.0,['Female'],0,0,3,1,3,Wet/Standing Water,Curve,Level,Lowest,No
12990,17,Illinois,170470,0,1,1,0,2,DES PLAINES,June,11,Sunday,17,47,Urban,Medium Speed (Collector),No,42.03709444,-87.92085556,Complex/Circle,Daylight,Rain,5:00pm-5:59pm,48,5:00pm-5:59pm,49,Unknown,Unknown EMS Hospital Arrival Time,1,Daylight,Rain/Wind/Minor,1,1,['Front_Passenger'],['Shoulder_Lapbelt'],0,0,Valid,0.0,0.0,74.0,74.0,['Male'],0,0,3,4,3,Wet/Standing Water,Straight,Level,Lowest,No
12991,17,Illinois,170471,0,1,1,0,1,BENTON,June,11,Sunday,19,6,Rural,Medium Speed (Collector),No,38.03766667,-88.95344444,Non-Intersection,Daylight,Clear,7:00pm-7:59pm,7,7:00pm-7:59pm,13,Not Applicable (Not Transported),Not Applicable (Not Transported),1,Daylight,Clear,1,0,['Driver'],['Shoulder_Lapbelt'],1,1,Valid,0.0,1.0,40.0,40.0,['Male'],0,0,3,4,3,Dry,Curve,Grade/Hillcrest,Lowest,No
12992,17,Illinois,170472,0,1,1,0,1,NOT APPLICABLE,June,11,Sunday,23,30,Rural,Medium Speed (Collector),No,39.21591944,-87.71574722,Non-Intersection,Dark - Not Lighted,Clear,11:00pm-11:59pm,33,11:00pm-11:59pm,40,Not Applicable (Not Transported),Not Applicable (Not Transported),1,Dark - Unlighted,Clear,1,0,['Driver'],['Shoulder_Lapbelt'],0,0,Valid,0.0,1.0,26.0,26.0,['Male'],1,0,4,4,3,Dry,Curve,Level,Lowest,No
12993,17,Illinois,170473,0,1,1,0,1,NOT APPLICABLE,June,12,Monday,3,43,Rural,High Speed (Arterial),Yes,42.46316389,-90.54063333,Non-Intersection,Dark - Not Lighted,Clear,3:00am-3:59am,49,4:00am-4:59am,4,Not Applicable (Not Transported),Not Applicable (Not Transported),1,Dark - Unlighted,Clear,1,0,['Driver'],['Shoulder_Lapbelt'],1,1,Valid,0.0,0.0,25.0,25.0,['Male'],0,0,2,4,3,Dry,Curve,Grade/Hillcrest,Lowest,No
12994,17,Illinois,170474,0,1,1,0,1,FOREST PARK,June,12,Monday,9,47,Urban,High Speed (Arterial),Yes,41.87138056,-87.83335278,Non-Intersection,Daylight,Clear,Unknown,Unknown,Unknown EMS Scene Arrival Hour,Unknown EMS Scene Arrival Minutes,Unknown,Unknown EMS Hospital Arrival Time,1,Daylight,Clear,1,0,['Driver'],['Shoulder_Lapbelt'],0,0,Valid,0.0,0.0,61.0,61.0,['Male'],1,0,3,4,3,Dry,Straight,Level,Lowest,No
12995,17,Illinois,170475,0,2,2,0,2,NOT APPLICABLE,June,12,Monday,12,15,Urban,High Speed (Arterial),Yes,38.73098333,-87.73642778,Non-Intersection,Daylight,Clear,12:00pm-12:59pm,17,12:00pm-12:59pm,25,Unknown,Unknown EMS Hospital Arrival Time,1,Daylight,Clear,1,1,['Driver'],['Shoulder_Lapbelt'],0,0,Valid,0.0,0.0,79.0,34.0,"['Male', 'Female']",1,0,3,4,5,Dry,Straight,Grade/Hillcrest,Lowest,No
12996,17,Illinois,170476,0,1,1,0,1,NOT APPLICABLE,June,12,Monday,15,47,Rural,Medium Speed (Collector),No,38.08274167,-89.50363889,Non-Intersection,Daylight,Clear,3:00pm-3:59pm,47,Unknown EMS Scene Arrival Hour,Unknown EMS Scene Arrival Minutes,Unknown,Unknown EMS Hospital Arrival Time,1,Daylight,Clear,1,0,['Driver'],['None_Used'],0,0,Valid,0.0,1.0,58.0,58.0,['Male'],0,0,2,4,3,Dry,Curve,Level,Lowest,No
12997,17,Illinois,170477,0,2,2,0,2,Other,June,12,Monday,17,33,Urban,Low Speed (Local),No,42.31315556,-88.34545,Non-Intersection,Daylight,Clear,5:00pm-5:59pm,33,Unknown EMS Scene Arrival Hour,Unknown EMS Scene Arrival Minutes,Unknown,Unknown EMS Hospital Arrival Time,1,Daylight,Clear,1,1,['Driver'],['None_Used'],1,1,Valid,0.0,0.0,47.0,24.0,"['Male', 'Male']",1,0,5,4,5,Dry,Curve,Level,Lowest,No
12998,17,Illinois,170478,0,2,2,0,3,ROCK FALLS,June,14,Wednesday,9,43,Urban,Medium Speed (Collector),No,41.76538056,-89.68943611,Complex/Circle,Daylight,Clear,9:00am-9:59am,45,9:00am-9:59am,50,Unknown,Unknown EMS Hospital Arrival Time,1,Daylight,Clear,1,2,['Driver'],['Shoulder_Lapbelt'],0,0,Valid,0.0,4.0,86.0,31.0,"['Male', 'Male']",0,0,3,4,5,Dry,Straight,Level,Lowest,No
12999,17,Illinois,170479,0,2,2,0,3,NOT APPLICABLE,June,14,Wednesday,20,24,Rural,Medium Speed (Collector),No,42.42241944,-89.14413611,Non-Intersection,Dusk,Clear,Unknown,Unknown,Unknown EMS Scene Arrival Hour,Unknown EMS Scene Arrival Minutes,Unknown,Unknown EMS Hospital Arrival Time,1,Twilight,Clear,1,2,['Driver'],['Shoulder_Lapbelt'],1,1,Valid,0.0,0.0,75.0,45.0,"['Male', 'Male']",0,0,3,4,5,Dry,Straight,Level,Lowest,No
13000,17,Illinois,170480,0,1,1,0,2,NOT APPLICABLE,June,14,Wednesday,22,0,Urban,Low Speed (Local),No,37.70560556,-88.54201389,Non-Intersection,Dark - Not Lighted,Clear,10:00pm-10:59pm,3,10:00pm-10:59pm,8,Unknown,Unknown EMS Hospital Arrival Time,1,Dark - Unlighted,Clear,1,1,['Driver'],['None_Used'],0,0,Invalid,0.0,0.0,36.0,36.0,['Male'],2,0,5,4,3,Dry,Curve,Level,Lowest,No
13001,17,Illinois,170481,0,2,2,0,3,PALATINE,June,15,Thursday,1,10,Urban,High Speed (Arterial),Yes,42.11503056,-88.03392222,Non-Intersection,Dark - Lighted,Clear,1:00am-1:59am,10,1:00am-1:59am,20,Not Applicable (Not Transported),Not Applicable (Not Transported),1,Dark - Lighted,Clear,1,2,['Driver'],['None_Used'],0,0,Valid,0.0,0.0,50.0,37.0,"['Male', 'Male']",0,0,5,4,5,Dry,Straight,Non-Trafficway,Lowest,No
13002,17,Illinois,170482,0,2,2,0,3,PEKIN,June,15,Thursday,1,26,Urban,Low Speed (Local),No,40.57372222,-89.64986389,Non-Intersection,Dark - Lighted,Clear,1:00am-1:59am,43,Unknown EMS Scene Arrival Hour,Unknown EMS Scene Arrival Minutes,Unknown,Unknown EMS Hospital Arrival Time,2,Dark - Lighted,Clear,2,1,"['Driver', 'Rear_Seat']","['None_Used', 'None_Used']",0,0,Invalid,0.0,0.0,47.0,17.0,"['Male', 'Male']",1,0,5,4,5,Dry,Straight,Level,Lowest,No
13003,17,Illinois,170483,0,2,2,0,2,NOT APPLICABLE,June,16,Friday,13,39,Rural,Medium Speed (Collector),No,40.81793056,-87.71100833,Non-Intersection,Daylight,Clear,1:00pm-1:59pm,42,1:00pm-1:59pm,53,Unknown,Unknown EMS Hospital Arrival Time,2,Daylight,Clear,2,0,"['Driver', 'Driver']","['None_Used', 'Shoulder_Lapbelt']",0,0,Valid,1.0,0.0,26.0,19.0,"['Male', 'Male']",1,0,2,4,5,Dry,Straight,Level,Lowest,No
13004,17,Illinois,170484,0,5,5,0,6,CHICAGO,June,16,Friday,17,42,Urban,High Speed (Arterial),Yes,41.86625,-87.72010833,Complex/Circle,Daylight,Clear,5:00pm-5:59pm,Unknown,5:00pm-5:59pm,42,Unknown,Unknown EMS Hospital Arrival Time,1,Daylight,Clear,1,5,['Driver'],['Shoulder_Lapbelt'],0,0,Invalid,0.0,0.0,37.0,15.0,"['Male', 'Male', 'Female', 'Male', 'Female']",2,0,3,4,5,Dry,Straight,Level,Lowest,No