,State_Code,State_Name,Crash_ID,Count_Non_Motorists,Count_Vehicles_Total,Count_Vehicle_Forms,Count_PVH_Involved,Count_Occupants_MV,City_Name,Month_Name,Day_of_Month,Day_of_Week,Crash_Hour,Crash_Minute,Area_Rural_Urban,Road_Functional_Class,On_NHS_Road,Latitude,Longitude,Intersection_Type,Light_Condition,Weather_Condition,Notif_Hour,Notif_Minute,Arrival_Hour,Arrival_Minute,Hospital_Hour,Hospital_Minute,Fatalities_Count,Clean_Light_Condition,Clean_Weather_Condition,Total_Killed,Total_Alive,Fatal_Seats_List,Killed_Restraint_List,Any_Driver_Drinking,Total_Drinking_Drivers,Driver_License_Category,Driver_Max_Prev_Accident_Count,Driver_Max_Prev_Speeding_Count,Max_Driver_Age,Min_Driver_Age,Driver_Sex_List,Total_Exceeding_Limit_Vehicles,Total_Too_Fast_Vehicles,Max_Vehicle_Type_Severity_5,Max_Vehicle_Damage_Rank,Max_Harmful_Event_Severity,Crash_Road_Surface_Condition,Crash_Horizontal_Alignment,Crash_Vertical_Profile,Crash_Impairment_Category,Crash_Vehicle_Defect
13005,17,Illinois,170485,0,2,2,0,5,GENEVA,June,17,Saturday,13,48,Urban,High Speed (Arterial),Yes,41.88671667,-88.29860278,Simple Junction,Daylight,Clear,1:00pm-1:59pm,48,1:00pm-1:59pm,51,Unknown,Unknown EMS Hospital Arrival Time,1,Daylight,Clear,1,4,['Driver'],['None_Used'],0,0,Invalid,0.0,0.0,70.0,24.0,"['Male', 'Male']",0,0,5,4,5,Dry,Straight,Grade/Hillcrest,Lowest,Yes
13006,17,Illinois,170486,0,1,1,0,1,CHICAGO,June,17,Saturday,15,27,Urban,Medium Speed (Collector),No,41.73960833,-87.64371667,Non-Intersection,Daylight,Clear,3:00pm-3:59pm,28,3:00pm-3:59pm,Unknown EMS Scene Arrival Minutes,Not Applicable (Not Transported),Not Applicable (Not Transported),1,Daylight,Clear,1,0,['Driver'],['None_Used'],0,0,Valid,0.0,0.0,69.0,69.0,['Male'],0,0,2,4,3,Dry,Straight,Level,Lowest,No
13007,17,Illinois,170487,0,1,1,0,3,NOT APPLICABLE,June,17,Saturday,18,56,Urban,Medium Speed (Collector),No,41.34701389,-88.23129167,Non-Intersection,Daylight,Clear,Unknown,Unknown,Unknown EMS Scene Arrival Hour,Unknown EMS Scene Arrival Minutes,Not Applicable (Not Transported),Not Applicable (Not Transported),1,Daylight,Clear,1,2,['Driver'],['Shoulder_Lapbelt'],0,0,Valid,0.0,0.0,17.0,17.0,['Female'],0,0,2,4,3,Dry,Straight,Level,Lowest,No
13008,17,Illinois,170488,1,1,1,0,1,SAINT CHARLES,June,17,Saturday,21,21,Urban,High Speed (Arterial),Yes,41.90363333,-88.33981389,Complex/Circle,Dark - Lighted,Clear,9:00pm-9:59pm,21,9:00pm-9:59pm,32,Unknown,Unknown EMS Hospital Arrival Time,1,Dark - Lighted,Clear,0,1,[],[],0,0,Valid,0.0,0.0,48.0,48.0,['Female'],0,0,2,4,4,Dry,Straight,Level,Lowest,No
13009,17,Illinois,170489,1,1,1,0,1,SPRINGFIELD,June,17,Saturday,22,35,Urban,Medium Speed (Collector),No,39.81630278,-89.64453056,Non-Intersection,Dark - Lighted,Clear,10:00pm-10:59pm,36,10:00pm-10:59pm,39,Unknown,Unknown EMS Hospital Arrival Time,1,Dark - Lighted,Clear,0,1,[],[],0,0,Invalid,0.0,0.0,998.0,998.0,['Other'],0,0,3,0,4,Dry,Straight,Level,Lowest,No
13010,17,Illinois,170490,0,1,1,0,2,ELBURN,June,18,Sunday,2,56,Urban,High Speed (Arterial),Yes,41.90498889,-88.47213056,Non-Intersection,Dark - Not Lighted,Clear,2:00am-2:59am,56,3:00am-3:59am,2,Not Applicable (Not Transported),Not Applicable (Not Transported),2,Dark - Unlighted,Clear,2,0,"['Driver', 'Front_Passenger']","['None_Used', 'None_Used']",1,1,Valid,0.0,0.0,29.0,29.0,['Female'],2,0,3,4,3,Dry,Straight,Level,Lowest,No
13011,17,Illinois,170491,1,1,1,0,1,QUINCY,June,18,Sunday,6,46,Urban,High Speed (Arterial),Yes,39.93175556,-91.41650278,Non-Intersection,Daylight,Clear,6:00am-6:59am,48,6:00am-6:59am,55,Unknown,Unknown EMS Hospital Arrival Time,1,Daylight,Clear,0,1,[],[],0,0,Valid,0.0,2.0,20.0,20.0,['Female'],1,0,2,3,4,Dry,Straight,Level,Lowest,No
13012,17,Illinois,170492,0,3,3,0,5,PINGREE GROVE,June,18,Sunday,19,40,Urban,High Speed (Arterial),Yes,42.09568889,-88.45450833,Non-Intersection,Daylight,Clear,7:00pm-7:59pm,45,7:00pm-7:59pm,56,Unknown,Unknown EMS Hospital Arrival Time,1,Daylight,Clear,1,4,['Driver'],['None_Used'],0,0,Valid,0.0,0.0,50.0,22.0,"['Male', 'Female', 'Female']",0,0,3,4,5,Dry,Straight,Level,Lowest,No
13013,17,Illinois,170493,0,2,2,0,3,MORRIS,June,19,Monday,0,33,Urban,High Speed (Arterial),Yes,41.38708333,-88.42216389,Complex/Circle,Dark - Unknown Lighting,Clear,0:00am-0:59am,37,0:00am-0:59am,41,Unknown,Unknown EMS Hospital Arrival Time,1,Dark - Unlighted,Clear,1,2,['Driver'],['None_Used'],1,1,Valid,0.0,1.0,40.0,32.0,"['Male', 'Male']",0,0,4,4,5,Dry,Straight,Level,Lowest,No
13014,17,Illinois,170494,0,1,1,0,1,WAUKEGAN,June,18,Sunday,2,33,Urban,Medium Speed (Collector),No,42.37739722,-87.83055833,Non-Intersection,Dark - Lighted,Clear,2:00am-2:59am,33,Unknown EMS Scene Arrival Hour,Unknown if Arrived,Not Applicable (Not Transported),Not Applicable (Not Transported),1,Dark - Lighted,Clear,1,0,['Driver'],['Shoulder_Lapbelt'],1,1,Valid,1.0,0.0,28.0,28.0,['Male'],0,0,3,4,3,Dry,Straight,Level,Lowest,No
13015,17,Illinois,170495,0,1,1,0,3,NOT APPLICABLE,June,19,Monday,3,35,Urban,High Speed (Arterial),Yes,41.89319167,-88.63725556,Non-Intersection,Dark - Not Lighted,Clear,4:00am-4:59am,9,4:00am-4:59am,15,Unknown,Unknown EMS Hospital Arrival Time,1,Dark - Unlighted,Clear,1,2,['Driver'],['Shoulder_Lapbelt'],0,0,Valid,0.0,0.0,36.0,36.0,['Female'],0,0,2,4,3,Dry,Straight,Level,Lowest,No
13016,17,Illinois,170496,0,1,1,0,1,OTTAWA,June,19,Monday,10,30,Urban,High Speed (Arterial),Yes,41.359925,-88.84119444,Non-Intersection,Daylight,Clear,10:00am-10:59am,31,10:00am-10:59am,35,Unknown,Unknown EMS Hospital Arrival Time,1,Daylight,Clear,1,0,['Driver'],['None_Used'],0,0,Valid,0.0,0.0,89.0,89.0,['Male'],0,0,2,4,3,Dry,Straight,Level,Lowest,No
13017,17,Illinois,170497,0,1,1,0,1,NOT APPLICABLE,June,19,Monday,14,0,Rural,Low Speed (Local),No,38.43733056,-87.80486389,Non-Intersection,Daylight,Clear,2:00pm-2:59pm,2,2:00pm-2:59pm,9,Not Applicable (Not Transported),Not Applicable (Not Transported),1,Daylight,Clear,1,0,['Driver'],['None_Used'],1,1,Valid,0.0,0.0,57.0,57.0,['Male'],1,0,3,4,3,Dry,Straight,Grade/Hillcrest,Lowest,No
13018,17,Illinois,170498,0,2,2,0,4,NOT APPLICABLE,June,20,Tuesday,13,30,Rural,High Speed (Arterial),Yes,38.70291111,-89.80995833,Non-Intersection,Daylight,Clear,1:00pm-1:59pm,35,1:00pm-1:59pm,43,Unknown,Unknown EMS Hospital Arrival Time,1,Daylight,Clear,1,3,['Rear_Seat'],['None_Used'],0,0,Valid,0.0,0.0,66.0,60.0,"['Male', 'Male']",1,0,4,4,5,Dry,Straight,Grade/Hillcrest,Lowest,No
13019,17,Illinois,170499,0,1,1,0,1,NOT APPLICABLE,June,20,Tuesday,22,37,Rural,Low Speed (Local),No,42.13233611,-88.56997778,Non-Intersection,Dark - Not Lighted,Clear,10:00pm-10:59pm,40,10:00pm-10:59pm,47,Not Applicable (Not Transported),Not Applicable (Not Transported),1,Dark - Unlighted,Clear,1,0,['Driver'],['None_Used'],1,1,Valid,0.0,0.0,25.0,25.0,['Male'],1,0,2,4,3,Dry,Curve,Level,Lowest,No
13020,17,Illinois,170500,0,2,2,0,2,ENERGY,June,21,Wednesday,8,6,Urban,High Speed (Arterial),Yes,37.77594444,-89.02634167,Non-Intersection,Daylight,Clear,8:00am-8:59am,6,8:00am-8:59am,10,Not Applicable (Not Transported),Not Applicable (Not Transported),1,Daylight,Clear,1,0,['Driver'],['Shoulder_Lapbelt'],0,0,Valid,0.0,0.0,37.0,30.0,"['Female', 'Male']",0,0,4,4,5,Dry,Straight,Level,Lowest,No
13021,17,Illinois,170501,0,1,1,0,1,HIGHLAND PARK,June,22,Thursday,15,18,Urban,Medium Speed (Collector),No,42.17869722,-87.82275,Non-Intersection,Daylight,Clear,3:00pm-3:59pm,19,3:00pm-3:59pm,22,Unknown,Unknown EMS Hospital Arrival Time,1,Daylight,Clear,1,0,['Driver'],['None_Used'],0,0,Valid,0.0,0.0,50.0,50.0,['Male'],0,0,5,4,2,Dry,Curve,Grade/Hillcrest,Lowest,No
13022,17,Illinois,170502,0,2,2,0,2,ROCKFORD,June,22,Thursday,16,10,Urban,High Speed (Arterial),Yes,42.33211111,-89.07793056,Complex/Circle,Daylight,Clear,4:00pm-4:59pm,13,4:00pm-4:59pm,20,Unknown,Unknown EMS Hospital Arrival Time,1,Daylight,Clear,1,1,['Driver'],['None_Used'],0,0,Valid,0.0,2.0,33.0,30.0,"['Male', 'Male']",1,0,5,4,5,Dry,Straight,Level,Lowest,No
13023,17,Illinois,170503,0,2,2,0,2,COUNTRYSIDE,June,22,Thursday,16,52,Urban,Medium Speed (Collector),No,41.76507778,-87.88711111,Non-Intersection,Daylight,Clear,4:00pm-4:59pm,57,5:00pm-5:59pm,5,Unknown,Unknown EMS Hospital Arrival Time,1,Daylight,Clear,1,1,['Driver'],['Shoulder_Lapbelt'],0,0,Valid,0.0,0.0,77.0,24.0,"['Male', 'Female']",0,0,3,4,5,Dry,Straight,Level,Lowest,No
13024,17,Illinois,170504,0,1,1,0,1,MARKHAM,June,22,Thursday,19,28,Urban,High Speed (Arterial),Yes,41.60154444,-87.70927778,Non-Intersection,Daylight,Clear,7:00pm-7:59pm,30,7:00pm-7:59pm,33,Unknown,Unknown EMS Hospital Arrival Time,1,Daylight,Clear,1,0,['Driver'],['None_Used'],0,0,Valid,0.0,1.0,40.0,40.0,['Male'],1,0,2,4,3,Dry,Straight,Level,Lowest,No
13025,17,Illinois,170505,0,1,1,0,1,CHICAGO,June,22,Thursday,21,15,Urban,Medium Speed (Collector),No,42.02266111,-87.66593889,Non-Intersection,Dark - Lighted,Clear,Unknown,Unknown,Unknown EMS Scene Arrival Hour,Unknown EMS Scene Arrival Minutes,Unknown,Unknown EMS Hospital Arrival Time,1,Dark - Lighted,Clear,1,0,['Driver'],['None_Used'],0,0,Valid,0.0,0.0,34.0,34.0,['Male'],1,0,5,1,2,Dry,Straight,Level,Lowest,No
13026,17,Illinois,170506,6,2,1,1,1,NOT APPLICABLE,June,23,Friday,3,13,Urban,High Speed (Arterial),Yes,41.69343611,-88.05157778,Non-Intersection,Dark - Lighted,Clear,3:00am-3:59am,16,3:00am-3:59am,26,Unknown,Unknown EMS Hospital Arrival Time,1,Dark - Lighted,Clear,0,1,[],[],0,0,Invalid,0.0,0.0,998.0,998.0,['Other'],1,0,4,0,4,Dry,Straight,Level,Lowest,No
13027,17,Illinois,170507,0,3,2,1,2,CHICAGO,June,23,Friday,4,44,Urban,High Speed (Arterial),Yes,41.78599722,-87.72305,Complex/Circle,Daylight,Clear,Unknown,Unknown,Unknown EMS Scene Arrival Hour,Unknown EMS Scene Arrival Minutes,Unknown,Unknown EMS Hospital Arrival Time,1,Daylight,Clear,1,1,['Driver'],['Shoulder_Lapbelt'],0,0,Valid,1.0,0.0,50.0,25.0,"['Male', 'Male']",1,0,3,3,5,Dry,Straight,Level,Lowest,No
13028,17,Illinois,170508,0,2,2,0,7,NOT APPLICABLE,June,23,Friday,14,26,Urban,High Speed (Arterial),Yes,42.33849167,-88.49175556,Complex/Circle,Daylight,Clear,2:00pm-2:59pm,26,2:00pm-2:59pm,35,Unknown,Unknown EMS Hospital Arrival Time,1,Daylight,Clear,1,6,['Driver'],['Shoulder_Lapbelt'],0,0,Valid,0.0,0.0,74.0,25.0,"['Male', 'Male']",0,0,3,4,5,Dry,Straight,Level,Lowest,No
13029,17,Illinois,170509,0,3,3,0,3,NOT APPLICABLE,June,23,Friday,15,6,Rural,High Speed (Arterial),Yes,41.38703333,-89.70246667,Non-Intersection,Daylight,Clear,3:00pm-3:59pm,7,3:00pm-3:59pm,21,Unknown,Unknown EMS Hospital Arrival Time,1,Daylight,Clear,1,2,['Driver'],['Shoulder_Lapbelt'],0,0,Valid,0.0,0.0,51.0,23.0,"['Male', 'Male', 'Male']",0,0,4,4,5,Dry,Straight,Level,Lowest,Yes
13030,17,Illinois,170510,0,2,2,0,2,BLOOMINGTON,June,23,Friday,16,52,Urban,Medium Speed (Collector),No,40.44773611,-88.95564167,Non-Intersection,Daylight,Clear,4:00pm-4:59pm,52,4:00pm-4:59pm,58,Unknown,Unknown EMS Hospital Arrival Time,1,Daylight,Clear,1,1,['Driver'],['Shoulder_Lapbelt'],1,1,Valid,0.0,0.0,66.0,42.0,"['Male', 'Male']",0,0,3,4,5,Dry,Curve,Level,Lowest,No
13031,17,Illinois,170511,0,4,4,0,5,NOT APPLICABLE,June,23,Friday,17,45,Rural,High Speed (Arterial),Yes,39.38328889,-87.82867222,Non-Intersection,Daylight,Clear,5:00pm-5:59pm,46,6:00pm-6:59pm,0,Unknown,Unknown EMS Hospital Arrival Time,1,Daylight,Clear,1,4,['Driver'],['Shoulder_Lapbelt'],0,0,Invalid,0.0,0.0,63.0,44.0,"['Male', 'Male', 'Male', 'Male']",0,0,4,4,5,Dry,Straight,Level,Lowest,No
13032,17,Illinois,170512,1,1,1,0,1,RED BUD,June,23,Friday,23,26,Rural,High Speed (Arterial),Yes,38.210825,-89.99406389,Complex/Circle,Dark - Lighted,Clear,11:00pm-11:59pm,21,11:00pm-11:59pm,30,Unknown,Unknown EMS Hospital Arrival Time,1,Dark - Lighted,Clear,0,1,[],[],0,0,Valid,1.0,0.0,20.0,20.0,['Male'],0,0,3,1,4,Dry,Straight,Level,Lowest,No
13033,17,Illinois,170513,0,1,1,0,1,YORKVILLE,June,24,Saturday,1,50,Urban,High Speed (Arterial),Yes,41.62048611,-88.4483,Non-Intersection,Dark - Not Lighted,Clear,1:00am-1:59am,50,1:00am-1:59am,52,Unknown,Unknown EMS Hospital Arrival Time,1,Dark - Unlighted,Clear,1,0,['Driver'],['None_Used'],1,1,Invalid,0.0,1.0,30.0,30.0,['Male'],0,0,2,4,3,Dry,Curve,Level,Lowest,No
13034,17,Illinois,170514,1,1,1,0,1,CHICAGO,June,24,Saturday,21,25,Urban,Low Speed (Local),No,41.78873056,-87.78413889,Complex/Circle,Dusk,Clear,Unknown,Unknown,Unknown EMS Scene Arrival Hour,Unknown EMS Scene Arrival Minutes,Unknown,Unknown EMS Hospital Arrival Time,1,Twilight,Clear,0,1,[],[],0,0,Valid,0.0,0.0,32.0,32.0,['Male'],0,0,3,2,4,Dry,Straight,Level,Lowest,No
13035,17,Illinois,170515,0,5,2,3,3,CHICAGO,June,25,Sunday,4,2,Urban,Medium Speed (Collector),No,41.92071667,-87.73643889,Complex/Circle,Dark - Lighted,Clear,4:00am-4:59am,Unknown,4:00am-4:59am,3,Unknown,Unknown EMS Hospital Arrival Time,1,Dark - Lighted,Clear,1,2,['Driver'],['Shoulder_Lapbelt'],0,0,Invalid,1.0,1.0,37.0,25.0,"['Male', 'Male']",0,0,2,4,5,Dry,Straight,Level,Lowest,No
13036,17,Illinois,170516,1,1,1,0,1,EAST MOLINE,June,26,Monday,21,5,Urban,High Speed (Arterial),Yes,41.52266389,-90.42548611,Simple Junction,Dark - Not Lighted,Clear,9:00pm-9:59pm,6,9:00pm-9:59pm,10,Unknown,Unknown EMS Hospital Arrival Time,1,Dark - Unlighted,Clear,0,1,[],[],0,0,Invalid,0.0,2.0,31.0,31.0,['Female'],1,0,3,4,4,Dry,Straight,Level,Lowest,No
13037,17,Illinois,170517,0,1,1,0,1,NOT APPLICABLE,June,27,Tuesday,17,46,Urban,High Speed (Arterial),Yes,42.14923056,-87.84240833,Non-Intersection,Daylight,Clear,5:00pm-5:59pm,46,6:00pm-6:59pm,2,Unknown,Unknown EMS Hospital Arrival Time,1,Daylight,Clear,1,0,['Driver'],['Shoulder_Lapbelt'],0,0,Valid,0.0,0.0,20.0,20.0,['Male'],1,0,3,4,3,Dry,Straight,Level,Lowest,No
13038,17,Illinois,170518,0,2,2,0,3,NOT APPLICABLE,June,27,Tuesday,19,23,Rural,Medium Speed (Collector),No,40.37847778,-87.89380556,Complex/Circle,Daylight,Clear,7:00pm-7:59pm,23,7:00pm-7:59pm,41,Not Applicable (Not Transported),Not Applicable (Not Transported),3,Daylight,Clear,3,0,"['Driver', 'Driver', 'Front_Passenger']","['Shoulder_Lapbelt', 'Shoulder_Lapbelt', 'Shoulder_Lapbelt']",0,0,Invalid,1.0,0.0,43.0,19.0,"['Male', 'Male']",1,0,3,4,5,Dry,Straight,Level,Lowest,No
13039,17,Illinois,170519,0,1,1,0,1,NOT APPLICABLE,June,28,Wednesday,14,53,Rural,Medium Speed (Collector),No,40.16294167,-89.93883611,Non-Intersection,Daylight,Clear,2:00pm-2:59pm,53,3:00pm-3:59pm,3,Not Applicable (Not Transported),Not Applicable (Not Transported),1,Daylight,Clear,1,0,['Driver'],['Shoulder_Lapbelt'],0,0,Valid,0.0,0.0,31.0,31.0,['Male'],1,0,2,4,3,Dry,Curve,Level,Lowest,No
13040,17,Illinois,170520,0,2,2,0,2,CHICAGO HEIGHTS,June,28,Wednesday,18,25,Urban,High Speed (Arterial),Yes,41.49152222,-87.639075,Complex/Circle,Daylight,Clear,6:00pm-6:59pm,27,6:00pm-6:59pm,33,Unknown,Unknown EMS Hospital Arrival Time,1,Daylight,Clear,1,1,['Driver'],['None_Used'],1,1,Valid,0.0,0.0,71.0,61.0,"['Male', 'Female']",1,0,5,4,5,Dry,Straight,Level,Lowest,No
13041,17,Illinois,170521,0,1,1,0,1,DOLTON,June,29,Thursday,8,22,Urban,High Speed (Arterial),Yes,41.614075,-87.57876389,Non-Intersection,Daylight,Clear,Unknown,Unknown if Notified,Unknown EMS Scene Arrival Hour,Unknown if Arrived,Not Applicable (Not Transported),Not Applicable (Not Transported),1,Daylight,Clear,1,0,['Driver'],['None_Used'],0,0,Valid,0.0,0.0,57.0,57.0,['Male'],0,0,5,4,3,Dry,Straight,Level,Lowest,No
13042,17,Illinois,170522,0,2,2,0,2,NOT APPLICABLE,June,29,Thursday,11,46,Rural,High Speed (Arterial),Yes,39.97100556,-89.15847778,Non-Intersection,Daylight,Clear,11:00am-11:59am,46,11:00am-11:59am,53,Unknown,Unknown EMS Hospital Arrival Time,1,Daylight,Clear,1,1,['Driver'],['Shoulder_Lapbelt'],0,0,Valid,1.0,0.0,66.0,36.0,"['Male', 'Male']",0,0,3,4,5,Dry,Curve,Level,Lowest,No
13043,17,Illinois,170523,0,2,2,0,2,MCCOOK,June,29,Thursday,12,48,Urban,Medium Speed (Collector),No,41.79089167,-87.84988056,Non-Intersection,Daylight,Clear,12:00pm-12:59pm,48,12:00pm-12:59pm,55,Unknown,Unknown EMS Hospital Arrival Time,1,Daylight,Clear,1,1,['Driver'],['Shoulder_Lapbelt'],0,0,Valid,0.0,0.0,76.0,32.0,"['Male', 'Male']",0,0,4,4,5,Dry,Straight,Level,Medium,No
13044,17,Illinois,170524,0,2,2,0,4,NOT APPLICABLE,June,29,Thursday,22,36,Urban,Medium Speed (Collector),No,41.84235,-88.17085278,Complex/Circle,Dark - Lighted,Clear,10:00pm-10:59pm,36,10:00pm-10:59pm,44,Unknown,Unknown EMS Hospital Arrival Time,2,Dark - Lighted,Clear,2,2,"['Driver', 'Front_Passenger']","['Shoulder_Lapbelt', 'Shoulder_Lapbelt']",1,2,Valid,0.0,0.0,36.0,25.0,"['Female', 'Male']",2,0,2,4,5,Dry,Straight,Level,Lowest,No
13045,17,Illinois,170525,1,1,1,0,1,EDWARDSVILLE,June,30,Friday,7,26,Urban,Medium Speed (Collector),No,38.79404444,-89.95130556,Non-Intersection,Daylight,Clear,Unknown,Unknown,Unknown EMS Scene Arrival Hour,Unknown EMS Scene Arrival Minutes,Unknown,Unknown EMS Hospital Arrival Time,1,Daylight,Clear,0,1,[],[],0,0,Valid,0.0,0.0,16.0,16.0,['Male'],0,0,2,3,4,Dry,Straight,Level,Medium,No
13046,17,Illinois,170526,0,1,1,0,1,CHAMPAIGN,June,30,Friday,17,48,Urban,High Speed (Arterial),Yes,40.12321667,-88.24368889,Non-Intersection,Daylight,Clear,5:00pm-5:59pm,51,5:00pm-5:59pm,56,Unknown,Unknown EMS Hospital Arrival Time,1,Daylight,Clear,1,0,['Driver'],['None_Used'],1,1,Valid,0.0,1.0,22.0,22.0,['Male'],1,0,5,4,3,Dry,Straight,Level,Lowest,No
13047,17,Illinois,170527,0,1,1,0,1,NOT APPLICABLE,June,30,Friday,22,49,Rural,Medium Speed (Collector),No,41.36271389,-90.51047778,Non-Intersection,Dark - Not Lighted,Clear,10:00pm-10:59pm,49,11:00pm-11:59pm,20,Not Applicable (Not Transported),Not Applicable (Not Transported),1,Dark - Unlighted,Clear,1,0,['Driver'],['None_Used'],1,1,Valid,0.0,0.0,42.0,42.0,['Male'],1,0,3,4,3,Dry,Curve,Level,Lowest,No
13048,17,Illinois,170528,0,3,1,2,1,DUNDEE,July,1,Saturday,3,11,Urban,Low Speed (Local),No,42.12754722,-88.26951667,Non-Intersection,Dark - Not Lighted,Clear,3:00am-3:59am,13,3:00am-3:59am,18,Unknown,Unknown EMS Hospital Arrival Time,1,Dark - Unlighted,Clear,1,0,['Driver'],['None_Used'],0,0,Valid,1.0,0.0,60.0,60.0,['Male'],0,0,5,4,5,Dry,Straight,Level,Lowest,No
13049,17,Illinois,170529,0,2,2,0,3,CHICAGO,July,1,Saturday,11,30,Urban,Medium Speed (Collector),No,41.93831944,-87.78064444,Non-Intersection,Daylight,Clear,11:00am-11:59am,34,11:00am-11:59am,40,Unknown,Unknown EMS Hospital Arrival Time,2,Daylight,Clear,2,1,"['Driver', 'Front_Passenger']","['Shoulder_Lapbelt', 'Shoulder_Lapbelt']",0,0,Invalid,0.0,0.0,56.0,29.0,"['Male', 'Female']",0,0,3,4,5,Wet/Standing Water,Straight,Level,Lowest,No
13050,17,Illinois,170530,0,1,1,0,1,GENOA,July,1,Saturday,14,52,Urban,Medium Speed (Collector),No,42.09796667,-88.70298889,Non-Intersection,Daylight,Clear,2:00pm-2:59pm,53,2:00pm-2:59pm,58,Not Applicable (Not Transported),Not Applicable (Not Transported),1,Daylight,Clear,1,0,['Driver'],['None_Used'],1,1,Valid,1.0,0.0,60.0,60.0,['Male'],0,0,2,4,3,Dry,Straight,Level,Lowest,No
13051,17,Illinois,170531,1,1,1,0,2,CHICAGO,July,1,Saturday,22,13,Urban,Medium Speed (Collector),No,42.0161,-87.66517222,Complex/Circle,Dark - Lighted,Clear,10:00pm-10:59pm,13,10:00pm-10:59pm,20,Unknown,Unknown EMS Hospital Arrival Time,1,Dark - Lighted,Clear,0,2,[],[],0,0,Valid,0.0,0.0,22.0,22.0,['Male'],0,0,2,3,4,Dry,Straight,Level,Lowest,No
13052,17,Illinois,170532,0,1,1,0,1,DECATUR,July,2,Sunday,12,20,Urban,Low Speed (Local),No,39.89065278,-88.97149444,Non-Intersection,Daylight,Reported as Unknown,Unknown,Unknown if Notified,Unknown EMS Scene Arrival Hour,Unknown if Arrived,Not Applicable (Not Transported),Not Applicable (Not Transported),1,Daylight,Clear,1,0,['Driver'],['None_Used'],0,0,Valid,1.0,0.0,77.0,77.0,['Male'],0,0,5,2,3,Wet/Standing Water,Straight,Grade/Hillcrest,Lowest,No
13053,17,Illinois,170533,0,1,1,0,1,NOT APPLICABLE,July,3,Monday,0,1,Rural,Low Speed (Local),No,39.10009444,-88.91564167,Non-Intersection,Dark - Unknown Lighting,Reported as Unknown,11:00am-11:59am,50,12:00pm-12:59pm,36,Not Applicable (Not Transported),Not Applicable (Not Transported),1,Dark - Unlighted,Clear,1,0,['Driver'],['None_Used'],1,1,Invalid,0.0,0.0,48.0,48.0,['Male'],1,0,5,3,3,Dry,Curve,Level,Lowest,No
13054,17,Illinois,170534,1,1,1,0,1,NOT APPLICABLE,July,3,Monday,11,39,Rural,Medium Speed (Collector),No,39.26129167,-88.15166111,Non-Intersection,Daylight,Clear,11:00am-11:59am,39,11:00am-11:59am,43,Not Applicable (Not Transported),Not Applicable (Not Transported),1,Daylight,Clear,0,1,[],[],0,0,Valid,0.0,0.0,80.0,80.0,['Male'],0,0,3,2,4,Dry,Straight,Grade/Hillcrest,Lowest,No
13055,17,Illinois,170535,0,2,2,0,2,SPRINGFIELD,July,3,Monday,15,10,Urban,High Speed (Arterial),Yes,39.82306389,-89.69106111,Complex/Circle,Daylight,Clear,3:00pm-3:59pm,12,3:00pm-3:59pm,18,Not Applicable (Not Transported),Not Applicable (Not Transported),1,Daylight,Clear,1,1,['Driver'],['None_Used'],1,1,Valid,0.0,0.0,63.0,35.0,"['Male', 'Male']",0,0,5,4,5,Dry,Curve,Level,Medium,No
13056,17,Illinois,170536,0,2,2,0,1,WASHINGTON,July,3,Monday,16,45,Urban,Medium Speed (Collector),No,40.70133056,-89.46013889,Non-Intersection,Daylight,Clear,4:00pm-4:59pm,45,4:00pm-4:59pm,50,Unknown,Unknown EMS Hospital Arrival Time,1,Daylight,Clear,1,0,['Driver'],['Shoulder_Lapbelt'],0,0,Valid,0.0,0.0,90.0,90.0,['Female'],0,0,3,4,5,Dry,Straight,Level,Lowest,No
13057,17,Illinois,170537,0,1,1,0,7,NOT APPLICABLE,July,4,Tuesday,5,5,Rural,High Speed (Arterial),Yes,38.24308333,-88.90624444,Non-Intersection,Dark - Not Lighted,Clear,5:00am-5:59am,7,5:00am-5:59am,16,Unknown,Unknown EMS Hospital Arrival Time,1,Dark - Unlighted,Clear,1,6,['Non_Standard_Risk'],['None_Used'],0,0,Invalid,0.0,0.0,22.0,22.0,['Male'],0,0,3,4,3,Dry,Straight,Level,Lowest,No
13058,17,Illinois,170538,0,2,2,0,2,NOT APPLICABLE,July,4,Tuesday,16,8,Urban,Medium Speed (Collector),No,41.84210278,-87.85219444,Complex/Circle,Daylight,Clear,Unknown,Unknown,Unknown EMS Scene Arrival Hour,Unknown EMS Scene Arrival Minutes,Unknown,Unknown EMS Hospital Arrival Time,1,Daylight,Clear,1,1,['Driver'],['None_Used'],0,0,Valid,0.0,0.0,67.0,29.0,"['Male', 'Female']",1,0,5,4,5,Dry,Straight,Level,Lowest,No
13059,17,Illinois,170539,1,1,1,0,2,WEST CHICAGO,July,4,Tuesday,22,47,Urban,Medium Speed (Collector),No,41.85680278,-88.20452222,Non-Intersection,Dark - Lighted,Clear,Unknown,Unknown if Notified,Unknown EMS Scene Arrival Hour,Unknown if Arrived,Not Applicable (Not Transported),Not Applicable (Not Transported),1,Dark - Lighted,Clear,0,2,[],[],1,1,Valid,3.0,3.0,26.0,26.0,['Male'],2,0,2,0,4,Dry,Straight,Level,Lowest,No
13060,17,Illinois,170540,0,2,2,0,4,ELMHURST,July,5,Wednesday,5,8,Urban,Medium Speed (Collector),No,41.89015833,-87.93439167,Simple Junction,Dawn,Clear,5:00am-5:59am,8,5:00am-5:59am,12,Unknown,Unknown EMS Hospital Arrival Time,1,Twilight,Clear,1,3,['Driver'],['Shoulder_Lapbelt'],0,0,Valid,0.0,0.0,48.0,37.0,"['Female', 'Female']",0,0,3,4,5,Dry,Straight,Level,Lowest,No
13061,17,Illinois,170542,0,1,1,0,1,NOT APPLICABLE,July,6,Thursday,4,47,Rural,High Speed (Arterial),Yes,39.04877778,-88.72964444,Non-Intersection,Dark - Not Lighted,Clear,4:00am-4:59am,47,5:00am-5:59am,5,Not Applicable (Not Transported),Not Applicable (Not Transported),1,Dark - Unlighted,Clear,1,0,['Driver'],['Shoulder_Lapbelt'],0,0,Valid,0.0,1.0,58.0,58.0,['Male'],0,0,4,4,3,Dry,Straight,Level,Lowest,No