,State_Code,State_Name,Crash_ID,Count_Non_Motorists,Count_Vehicles_Total,Count_Vehicle_Forms,Count_PVH_Involved,Count_Occupants_MV,City_Name,Month_Name,Day_of_Month,Day_of_Week,Crash_Hour,Crash_Minute,Area_Rural_Urban,Road_Functional_Class,On_NHS_Road,Latitude,Longitude,Intersection_Type,Light_Condition,Weather_Condition,Notif_Hour,Notif_Minute,Arrival_Hour,Arrival_Minute,Hospital_Hour,Hospital_Minute,Fatalities_Count,Clean_Light_Condition,Clean_Weather_Condition,Total_Killed,Total_Alive,Fatal_Seats_List,Killed_Restraint_List,Any_Driver_Drinking,Total_Drinking_Drivers,Driver_License_Category,Driver_Max_Prev_Accident_Count,Driver_Max_Prev_Speeding_Count,Max_Driver_Age,Min_Driver_Age,Driver_Sex_List,Total_Exceeding_Limit_Vehicles,Total_Too_Fast_Vehicles,Max_Vehicle_Type_Severity_5,Max_Vehicle_Damage_Rank,Max_Harmful_Event_Severity,Crash_Road_Surface_Condition,Crash_Horizontal_Alignment,Crash_Vertical_Profile,Crash_Impairment_Category,Crash_Vehicle_Defect
13062,17,Illinois,170543,0,1,1,0,1,NOT APPLICABLE,July,6,Thursday,6,5,Rural,High Speed (Arterial),Yes,38.74954444,-88.89861111,Non-Intersection,Daylight,Cloudy,6:00am-6:59am,10,6:00am-6:59am,20,Not Applicable (Not Transported),Not Applicable (Not Transported),1,Daylight,Reduced Visibility,1,0,['Driver'],['Shoulder_Lapbelt'],0,0,Valid,0.0,0.0,18.0,18.0,['Male'],0,0,3,4,3,Dry,Curve,Level,Lowest,No
13063,17,Illinois,170544,0,2,2,0,2,ORLAND PARK,July,6,Thursday,11,15,Urban,Medium Speed (Collector),No,41.63055833,-87.84894722,Complex/Circle,Daylight,Clear,11:00am-11:59am,15,11:00am-11:59am,20,Unknown,Unknown EMS Hospital Arrival Time,1,Daylight,Clear,1,1,['Driver'],['Shoulder_Lapbelt'],0,0,Valid,0.0,0.0,75.0,62.0,"['Female', 'Male']",1,0,3,4,5,Dry,Straight,Level,Lowest,No
13064,17,Illinois,170545,0,3,3,0,7,ROCKFORD,July,6,Thursday,14,17,Urban,High Speed (Arterial),Yes,42.2825,-88.97987778,Complex/Circle,Daylight,Clear,2:00pm-2:59pm,23,2:00pm-2:59pm,37,Unknown,Unknown EMS Hospital Arrival Time,1,Daylight,Clear,1,6,['Front_Passenger'],['Shoulder_Lapbelt'],0,0,Valid,0.0,0.0,92.0,36.0,"['Female', 'Male', 'Female']",0,0,3,4,5,Dry,Straight,Level,Lowest,No
13065,17,Illinois,170546,0,1,1,0,1,MOMENCE,July,6,Thursday,16,49,Rural,Medium Speed (Collector),No,41.17910833,-87.63130556,Non-Intersection,Daylight,Clear,4:00pm-4:59pm,49,Unknown EMS Scene Arrival Hour,Unknown EMS Scene Arrival Minutes,Not Applicable (Not Transported),Not Applicable (Not Transported),1,Daylight,Clear,1,0,['Driver'],['None_Used'],0,0,Valid,0.0,0.0,69.0,69.0,['Male'],0,0,5,4,1,Dry,Straight,Level,Lowest,No
13066,17,Illinois,170547,0,2,2,0,2,CARTHAGE,July,6,Thursday,17,57,Rural,High Speed (Arterial),Yes,40.41615278,-91.14639722,Non-Intersection,Daylight,Clear,Unknown,Unknown,Unknown EMS Scene Arrival Hour,Unknown EMS Scene Arrival Minutes,Unknown,Unknown EMS Hospital Arrival Time,1,Daylight,Clear,1,1,['Driver'],['Shoulder_Lapbelt'],1,1,Valid,0.0,1.0,73.0,52.0,"['Female', 'Female']",0,0,2,4,5,Dry,Straight,Level,Lowest,No
13067,17,Illinois,170548,0,2,2,0,3,PEORIA,July,6,Thursday,18,15,Urban,Medium Speed (Collector),No,40.74074722,-89.60313611,Simple Junction,Daylight,Clear,6:00pm-6:59pm,15,6:00pm-6:59pm,20,Unknown,Unknown EMS Hospital Arrival Time,1,Daylight,Clear,1,2,['Driver'],['None_Used'],1,1,Valid,0.0,1.0,29.0,20.0,"['Female', 'Male']",0,0,5,4,5,Dry,Straight,Level,Lowest,No
13068,17,Illinois,170549,0,2,2,0,3,NOT APPLICABLE,July,6,Thursday,18,29,Rural,High Speed (Arterial),Yes,38.27772778,-90.11395278,Non-Intersection,Daylight,Clear,6:00pm-6:59pm,29,6:00pm-6:59pm,40,Not Applicable (Not Transported),Not Applicable (Not Transported),2,Daylight,Clear,2,1,"['Driver', 'Front_Passenger']","['Shoulder_Lapbelt', 'Shoulder_Lapbelt']",0,0,Invalid,0.0,1.0,56.0,44.0,"['Male', 'Male']",2,0,3,4,5,Dry,Straight,Grade/Hillcrest,Lowest,No
13069,17,Illinois,170550,0,1,1,0,2,ROCHELLE,July,6,Thursday,21,31,Urban,Medium Speed (Collector),No,41.89801111,-89.02955,Non-Intersection,Dark - Lighted,Clear,9:00pm-9:59pm,31,9:00pm-9:59pm,40,Unknown,Unknown EMS Hospital Arrival Time,1,Dark - Lighted,Clear,1,1,['Front_Passenger'],['Shoulder_Lapbelt'],0,0,Invalid,0.0,0.0,17.0,17.0,['Male'],2,0,2,4,3,Dry,Curve,Level,Lowest,No
13070,17,Illinois,170551,1,2,2,0,1,NOT APPLICABLE,July,8,Saturday,3,58,Urban,High Speed (Arterial),Yes,38.66793889,-90.02981944,Non-Intersection,Dark - Not Lighted,Clear,3:00am-3:59am,58,4:00am-4:59am,0,Unknown,Unknown EMS Hospital Arrival Time,1,Dark - Unlighted,Clear,0,1,[],[],0,0,Valid,0.0,0.0,27.0,27.0,['Female'],1,0,2,4,5,Dry,Curve,Level,Lowest,No
13071,17,Illinois,170552,0,2,2,0,2,BIG ROCK,July,8,Saturday,8,50,Urban,Medium Speed (Collector),No,41.76416667,-88.54602778,Non-Intersection,Daylight,Clear,8:00am-8:59am,53,8:00am-8:59am,59,Unknown,Unknown EMS Hospital Arrival Time,1,Daylight,Clear,1,1,['Driver'],['Shoulder_Lapbelt'],0,0,Valid,0.0,0.0,57.0,16.0,"['Male', 'Male']",0,0,3,4,5,Dry,Straight,Level,Lowest,No
13072,17,Illinois,170553,0,2,2,0,2,ROCKFORD,July,8,Saturday,13,30,Urban,High Speed (Arterial),Yes,42.23827778,-89.01505833,Complex/Circle,Daylight,Clear,1:00pm-1:59pm,32,1:00pm-1:59pm,35,Not Applicable (Not Transported),Not Applicable (Not Transported),1,Daylight,Clear,1,1,['Driver'],['None_Used'],0,0,Valid,0.0,0.0,87.0,55.0,"['Male', 'Male']",0,0,5,3,5,Dry,Straight,Level,Lowest,No
13073,17,Illinois,170554,1,1,1,0,2,CHICAGO,July,8,Saturday,19,30,Urban,Low Speed (Local),No,41.84241667,-87.72461389,Complex/Circle,Daylight,Clear,7:00pm-7:59pm,Unknown,7:00pm-7:59pm,30,Unknown,Unknown EMS Hospital Arrival Time,1,Daylight,Clear,0,2,[],[],0,0,Valid,0.0,0.0,24.0,24.0,['Female'],0,0,2,1,4,Dry,Straight,Level,Lowest,No
13074,17,Illinois,170555,0,2,2,0,15,CHICAGO,July,9,Sunday,5,57,Urban,High Speed (Arterial),Yes,41.8142,-87.59225556,Non-Intersection,Dawn,Clear,5:00am-5:59am,58,6:00am-6:59am,4,Unknown,Unknown EMS Hospital Arrival Time,1,Twilight,Clear,1,14,['Front_Passenger'],['Shoulder_Lapbelt'],0,0,Valid,0.0,0.0,31.0,29.0,"['Male', 'Male']",0,0,4,4,5,Dry,Straight,Level,Lowest,No
13075,17,Illinois,170556,0,2,2,0,2,NOT APPLICABLE,July,9,Sunday,9,24,Rural,Low Speed (Local),No,38.69814167,-89.53645833,Complex/Circle,Daylight,Clear,9:00am-9:59am,30,9:00am-9:59am,45,Unknown,Unknown EMS Hospital Arrival Time,1,Daylight,Clear,1,1,['Driver'],['Shoulder_Lapbelt'],0,0,Valid,0.0,0.0,83.0,64.0,"['Female', 'Male']",0,0,4,4,5,Dry,Straight,Level,Lowest,No
13076,17,Illinois,170557,0,2,2,0,4,NOT APPLICABLE,July,9,Sunday,11,19,Rural,High Speed (Arterial),Yes,40.73556667,-89.17647778,Complex/Circle,Daylight,Clear,11:00am-11:59am,19,11:00am-11:59am,28,Unknown,Unknown EMS Hospital Arrival Time,2,Daylight,Clear,2,2,"['Driver', 'Front_Passenger']","['Shoulder_Lapbelt', 'Shoulder_Lapbelt']",0,0,Valid,0.0,0.0,65.0,27.0,"['Male', 'Female']",0,0,3,4,5,Dry,Straight,Level,Lowest,No
13077,17,Illinois,170558,0,2,2,0,3,EVERGREEN PARK,July,9,Sunday,14,28,Urban,Medium Speed (Collector),No,41.7282,-87.68484167,Simple Junction,Daylight,Clear,2:00pm-2:59pm,30,2:00pm-2:59pm,39,Unknown,Unknown EMS Hospital Arrival Time,1,Daylight,Clear,1,2,['Driver'],['None_Used'],0,0,Valid,0.0,2.0,63.0,23.0,"['Male', 'Male']",0,0,5,4,5,Dry,Straight,Level,Lowest,No
13078,17,Illinois,170559,0,1,1,0,1,NOT APPLICABLE,July,9,Sunday,15,45,Rural,Medium Speed (Collector),No,39.44051111,-90.61823333,Non-Intersection,Daylight,Clear,4:00pm-4:59pm,7,4:00pm-4:59pm,20,Not Applicable (Not Transported),Not Applicable (Not Transported),1,Daylight,Clear,1,0,['Driver'],['None_Used'],0,0,Valid,0.0,0.0,71.0,71.0,['Male'],0,0,5,4,1,Dry,Straight,Level,Lowest,No
13079,17,Illinois,170560,0,1,1,0,1,NOT APPLICABLE,July,10,Monday,2,12,Rural,Medium Speed (Collector),No,40.48060556,-90.31486111,Non-Intersection,Dark - Not Lighted,Clear,2:00am-2:59am,12,2:00am-2:59am,32,Not Applicable (Not Transported),Not Applicable (Not Transported),1,Dark - Unlighted,Clear,1,0,['Driver'],['None_Used'],1,1,Valid,1.0,0.0,25.0,25.0,['Male'],1,0,3,4,3,Dry,Curve,Level,Lowest,No
13080,17,Illinois,170561,0,1,1,0,1,NOT APPLICABLE,July,10,Monday,8,3,Rural,Low Speed (Local),No,41.57401111,-88.92311944,Non-Intersection,Daylight,Reported as Unknown,8:00am-8:59am,43,9:00am-9:59am,1,Not Applicable (Not Transported),Not Applicable (Not Transported),1,Daylight,Clear,1,0,['Driver'],['None_Used'],1,1,Valid,0.0,0.0,28.0,28.0,['Male'],0,0,5,4,3,Dry,Curve,Level,Lowest,No
13081,17,Illinois,170562,0,1,1,0,1,BARTONVILLE,July,10,Monday,10,28,Urban,Medium Speed (Collector),No,40.65495278,-89.64796944,Non-Intersection,Daylight,Clear,10:00am-10:59am,28,10:00am-10:59am,33,Unknown,Unknown EMS Hospital Arrival Time,1,Daylight,Clear,1,0,['Driver'],['None_Used'],0,0,Invalid,0.0,0.0,34.0,34.0,['Male'],1,0,5,4,2,Dry,Curve,Level,Lowest,No
13082,17,Illinois,170563,1,1,1,0,1,YORKVILLE,July,10,Monday,23,4,Urban,High Speed (Arterial),Yes,41.66163889,-88.48454444,Non-Intersection,Dark - Not Lighted,Clear,11:00pm-11:59pm,6,11:00pm-11:59pm,12,Not Applicable (Not Transported),Not Applicable (Not Transported),1,Dark - Unlighted,Clear,0,1,[],[],0,0,Valid,0.0,0.0,32.0,32.0,['Female'],0,0,3,3,4,Dry,Straight,Level,Lowest,No
13083,17,Illinois,170564,0,1,1,0,3,SOUTH BELOIT,July,11,Tuesday,19,40,Urban,Low Speed (Local),No,42.48185556,-89.04848611,Non-Intersection,Daylight,Clear,7:00pm-7:59pm,40,7:00pm-7:59pm,45,Unknown,Unknown EMS Hospital Arrival Time,1,Daylight,Clear,1,2,['Driver'],['None_Used'],0,0,Invalid,0.0,0.0,17.0,17.0,['Female'],0,0,5,1,3,Dry,Straight,Level,Lowest,No
13084,17,Illinois,170565,1,1,1,0,1,PALESTINE,July,11,Tuesday,20,43,Rural,Low Speed (Local),No,39.00354444,-87.616975,Non-Intersection,Dusk,Clear,8:00pm-8:59pm,54,8:00pm-8:59pm,52,Not Applicable (Not Transported),Not Applicable (Not Transported),1,Twilight,Clear,0,1,[],[],1,1,Valid,0.0,0.0,56.0,56.0,['Male'],0,0,3,1,4,Dry,Straight,Level,Lowest,No
13085,17,Illinois,170566,0,1,1,0,1,NOT APPLICABLE,July,11,Tuesday,21,58,Rural,Medium Speed (Collector),No,39.72412222,-90.05237778,Non-Intersection,Dark - Not Lighted,Clear,9:00pm-9:59pm,58,10:00pm-10:59pm,0,Not Applicable (Not Transported),Not Applicable (Not Transported),1,Dark - Unlighted,Clear,1,0,['Driver'],['None_Used'],1,1,Valid,0.0,0.0,59.0,59.0,['Male'],0,0,3,4,3,Dry,Straight,Level,Lowest,No
13086,17,Illinois,170567,3,4,1,3,15,NOT APPLICABLE,July,12,Wednesday,1,54,Urban,High Speed (Arterial),Yes,38.78779167,-89.68514444,Non-Intersection,Dark - Not Lighted,Clear,1:00am-1:59am,56,2:00am-2:59am,3,Unknown,Unknown EMS Hospital Arrival Time,3,Dark - Unlighted,Clear,3,12,"['Non_Standard_Risk', 'Non_Standard_Risk', 'Non_Standard_Risk']","['Shoulder_Lapbelt', 'Shoulder_Lapbelt', 'Shoulder_Lapbelt']",0,0,Valid,1.0,0.0,59.0,59.0,['Male'],0,0,4,4,5,Dry,Straight,Level,Lowest,No
13087,17,Illinois,170568,0,1,1,0,2,CHAMPAIGN,July,12,Wednesday,23,0,Urban,Medium Speed (Collector),No,40.11029444,-88.24659722,Non-Intersection,Dark - Lighted,Clear,11:00pm-11:59pm,0,11:00pm-11:59pm,2,Unknown,Unknown EMS Hospital Arrival Time,1,Dark - Lighted,Clear,1,1,['Driver'],['None_Used'],0,0,Valid,0.0,1.0,42.0,42.0,['Male'],0,0,3,4,3,Dry,Straight,Level,Medium,No
13088,17,Illinois,170569,0,2,2,0,2,ELGIN,July,13,Thursday,1,30,Urban,High Speed (Arterial),Yes,42.01678333,-88.23017222,Non-Intersection,Dark - Not Lighted,Clear,1:00am-1:59am,32,1:00am-1:59am,36,Unknown,Unknown EMS Hospital Arrival Time,1,Dark - Unlighted,Clear,1,1,['Driver'],['Shoulder_Lapbelt'],0,0,Valid,0.0,0.0,47.0,25.0,"['Male', 'Male']",0,0,3,4,5,Dry,Straight,Level,Lowest,No
13089,17,Illinois,170570,0,2,2,0,2,ROLLING MEADOWS,July,13,Thursday,19,12,Urban,High Speed (Arterial),Yes,42.06003056,-88.01570833,Complex/Circle,Daylight,Clear,7:00pm-7:59pm,12,7:00pm-7:59pm,14,Unknown,Unknown EMS Hospital Arrival Time,1,Daylight,Clear,1,1,['Driver'],['None_Used'],0,0,Invalid,0.0,0.0,45.0,23.0,"['Male', 'Male']",0,0,5,4,5,Dry,Straight,Level,Lowest,No
13090,17,Illinois,170571,0,1,1,0,1,WAUKEGAN,July,14,Friday,1,20,Urban,Medium Speed (Collector),No,42.37641389,-87.83018333,Non-Intersection,Dark - Lighted,Clear,1:00am-1:59am,20,Unknown EMS Scene Arrival Hour,Unknown EMS Scene Arrival Minutes,Unknown,Unknown EMS Hospital Arrival Time,1,Dark - Lighted,Clear,1,0,['Driver'],['Shoulder_Lapbelt'],1,1,Valid,0.0,0.0,29.0,29.0,['Male'],0,0,2,4,3,Dry,Straight,Level,Lowest,No
13091,17,Illinois,170572,0,1,1,0,1,NOT APPLICABLE,July,14,Friday,4,5,Urban,Medium Speed (Collector),No,42.01574722,-88.66543333,Non-Intersection,Dark - Not Lighted,Rain,4:00am-4:59am,14,4:00am-4:59am,20,Not Applicable (Not Transported),Not Applicable (Not Transported),1,Dark - Unlighted,Rain/Wind/Minor,1,0,['Driver'],['None_Used'],1,1,Valid,0.0,0.0,51.0,51.0,['Male'],1,0,2,4,3,Wet/Standing Water,Curve,Level,Lowest,No
13092,17,Illinois,170573,0,3,3,0,5,NOT APPLICABLE,July,14,Friday,6,50,Rural,High Speed (Arterial),Yes,38.71071389,-88.13677222,Non-Intersection,Daylight,Clear,6:00am-6:59am,50,6:00am-6:59am,58,Unknown,Unknown EMS Hospital Arrival Time,2,Daylight,Clear,2,3,"['Driver', 'Front_Passenger']","['Shoulder_Lapbelt', 'Shoulder_Lapbelt']",0,0,Valid,1.0,3.0,32.0,22.0,"['Male', 'Male', 'Male']",0,0,4,4,5,Dry,Straight,Level,Lowest,No
13093,17,Illinois,170574,0,2,2,0,2,LYNWOOD,July,14,Friday,20,55,Urban,Medium Speed (Collector),No,41.51713611,-87.5583,Complex/Circle,Dark - Lighted,Clear,8:00pm-8:59pm,56,9:00pm-9:59pm,0,Unknown,Unknown EMS Hospital Arrival Time,1,Dark - Lighted,Clear,1,1,['Driver'],['None_Used'],0,0,Valid,0.0,1.0,46.0,33.0,"['Male', 'Male']",1,0,5,4,5,Dry,Straight,Level,Lowest,No
13094,17,Illinois,170575,1,1,1,0,2,MACKINAW,July,14,Friday,21,1,Rural,Medium Speed (Collector),No,40.53733333,-89.35921389,Non-Intersection,Dark - Not Lighted,Clear,9:00pm-9:59pm,1,9:00pm-9:59pm,8,Unknown,Unknown EMS Hospital Arrival Time,1,Dark - Unlighted,Clear,0,2,[],[],0,0,Valid,0.0,0.0,17.0,17.0,['Female'],0,0,3,1,4,Dry,Straight,Grade/Hillcrest,Lowest,No
13095,17,Illinois,170576,0,1,1,0,1,NOT APPLICABLE,July,15,Saturday,0,46,Rural,Low Speed (Local),No,38.38650556,-88.330325,Non-Intersection,Dark - Not Lighted,Rain,Unknown,Unknown if Notified,Unknown EMS Scene Arrival Hour,Unknown if Arrived,Not Applicable (Not Transported),Not Applicable (Not Transported),1,Dark - Unlighted,Rain/Wind/Minor,1,0,['Driver'],['None_Used'],1,1,Valid,0.0,0.0,19.0,19.0,['Male'],0,0,3,4,3,Wet/Standing Water,Straight,Grade/Hillcrest,Lowest,No
13096,17,Illinois,170577,0,1,1,0,2,GEORGETOWN,July,15,Saturday,8,21,Urban,Medium Speed (Collector),No,39.97856111,-87.62948611,Non-Intersection,Daylight,Clear,Unknown,Unknown if Notified,Unknown EMS Scene Arrival Hour,Unknown if Arrived,Not Applicable (Not Transported),Not Applicable (Not Transported),2,Daylight,Clear,2,0,"['Driver', 'Rear_Seat']","['Shoulder_Lapbelt', 'Child_Safety']",0,0,Valid,0.0,0.0,77.0,77.0,['Female'],0,0,3,4,3,Dry,Straight,Level,Lowest,No
13097,17,Illinois,170578,0,2,2,0,2,NOT APPLICABLE,July,15,Saturday,19,24,Urban,High Speed (Arterial),Yes,39.80751111,-89.60574444,Complex/Circle,Daylight,Clear,7:00pm-7:59pm,25,7:00pm-7:59pm,31,Not Applicable (Not Transported),Not Applicable (Not Transported),1,Daylight,Clear,1,1,['Driver'],['None_Used'],0,0,Valid,1.0,1.0,30.0,22.0,"['Male', 'Male']",0,0,5,4,5,Dry,Straight,Level,Lowest,No
13098,17,Illinois,170579,0,2,2,0,2,BURNHAM,July,15,Saturday,19,52,Urban,High Speed (Arterial),Yes,41.63652778,-87.55922222,Non-Intersection,Daylight,Rain,7:00pm-7:59pm,53,7:00pm-7:59pm,56,Unknown,Unknown EMS Hospital Arrival Time,1,Daylight,Rain/Wind/Minor,1,1,['Driver'],['None_Used'],1,1,Valid,0.0,1.0,50.0,41.0,"['Male', 'Male']",1,0,2,4,5,Wet/Standing Water,Straight,Grade/Hillcrest,Lowest,No
13099,17,Illinois,170580,0,2,2,0,2,NOT APPLICABLE,July,16,Sunday,18,45,Rural,Medium Speed (Collector),No,37.17481389,-88.62115833,Complex/Circle,Daylight,Clear,6:00pm-6:59pm,45,7:00pm-7:59pm,0,Unknown,Unknown EMS Hospital Arrival Time,1,Daylight,Clear,1,1,['Driver'],['None_Used'],0,0,Valid,0.0,0.0,20.0,17.0,"['Male', 'Male']",0,0,5,4,5,Dry,Straight,Grade/Hillcrest,Lowest,No
13100,17,Illinois,170582,5,1,1,0,1,HINSDALE,July,17,Monday,14,36,Urban,Low Speed (Local),No,41.80341111,-87.93090833,Non-Intersection,Daylight,Clear,2:00pm-2:59pm,36,2:00pm-2:59pm,39,Unknown,Unknown EMS Hospital Arrival Time,1,Daylight,Clear,0,1,[],[],0,0,Valid,0.0,0.0,16.0,16.0,['Male'],1,0,3,1,4,Dry,Straight,Non-Trafficway,Lowest,No
13101,17,Illinois,170583,0,2,2,0,4,NOT APPLICABLE,July,18,Tuesday,13,2,Urban,High Speed (Arterial),Yes,42.24622222,-88.12753889,Complex/Circle,Daylight,Clear,1:00pm-1:59pm,4,1:00pm-1:59pm,10,1:00pm-1:59pm,Unknown EMS Hospital Arrival Time,2,Daylight,Clear,2,2,"['Driver', 'Rear_Seat']","['None_Used', 'None_Used']",0,0,Valid,0.0,0.0,69.0,65.0,"['Male', 'Female']",0,0,5,4,5,Dry,Straight,Grade/Hillcrest,Lowest,Yes
13102,17,Illinois,170584,0,2,2,0,3,CHICAGO,July,18,Tuesday,17,47,Urban,Medium Speed (Collector),No,41.98319167,-87.69313333,Complex/Circle,Daylight,Clear,5:00pm-5:59pm,Unknown,5:00pm-5:59pm,48,Unknown,Unknown EMS Hospital Arrival Time,1,Daylight,Clear,1,2,['Driver'],['None_Used'],0,0,Valid,0.0,2.0,31.0,29.0,"['Male', 'Male']",1,0,5,4,5,Dry,Straight,Level,Lowest,No
13103,17,Illinois,170585,0,2,2,0,2,NOT APPLICABLE,July,19,Wednesday,8,29,Rural,High Speed (Arterial),Yes,39.72148333,-87.68386944,Non-Intersection,Daylight,Clear,8:00am-8:59am,30,8:00am-8:59am,45,Not Applicable (Not Transported),Not Applicable (Not Transported),1,Daylight,Clear,1,1,['Driver'],['Shoulder_Lapbelt'],0,0,Valid,0.0,0.0,46.0,17.0,"['Male', 'Male']",0,0,3,4,5,Dry,Straight,Grade/Hillcrest,Lowest,No
13104,17,Illinois,170586,0,3,3,0,6,FOX RIVER GROVE,July,19,Wednesday,16,42,Urban,High Speed (Arterial),Yes,42.19315833,-88.20971944,Simple Junction,Daylight,Clear,Unknown,Unknown,Unknown EMS Scene Arrival Hour,Unknown EMS Scene Arrival Minutes,Unknown,Unknown EMS Hospital Arrival Time,1,Daylight,Clear,1,5,['Driver'],['None_Used'],1,1,Valid,1.0,1.0,60.0,30.0,"['Female', 'Male', 'Male']",1,0,2,4,5,Dry,Straight,Level,Lowest,No
13105,17,Illinois,170587,0,1,1,0,2,NOT APPLICABLE,July,20,Thursday,11,45,Rural,Medium Speed (Collector),No,41.18803611,-91.00253056,Simple Junction,Daylight,Clear,11:00am-11:59am,47,11:00am-11:59am,58,Unknown,Unknown EMS Hospital Arrival Time,1,Daylight,Clear,1,1,['Driver'],['Shoulder_Lapbelt'],0,0,Valid,0.0,0.0,85.0,85.0,['Female'],2,0,2,4,3,Dry,Curve,Level,Lowest,No
13106,17,Illinois,170588,0,2,2,0,4,WAUKEGAN,July,20,Thursday,21,2,Rural,High Speed (Arterial),Yes,42.3703,-87.8653,Complex/Circle,Dark - Lighted,Clear,9:00pm-9:59pm,2,9:00pm-9:59pm,3,Unknown,Unknown EMS Hospital Arrival Time,1,Dark - Lighted,Clear,1,3,['Front_Passenger'],['Shoulder_Lapbelt'],1,1,Invalid,0.0,0.0,33.0,29.0,"['Male', 'Female']",3,0,2,4,5,Dry,Straight,Level,Lowest,No
13107,17,Illinois,170589,0,1,1,0,1,NOT APPLICABLE,July,21,Friday,4,48,Urban,High Speed (Arterial),Yes,39.85358056,-89.04592222,Non-Intersection,Dark - Not Lighted,Clear,Unknown,Unknown,Unknown EMS Scene Arrival Hour,Unknown EMS Scene Arrival Minutes,Unknown,Unknown EMS Hospital Arrival Time,1,Dark - Unlighted,Clear,1,0,['Driver'],['Shoulder_Lapbelt'],0,0,Valid,0.0,0.0,49.0,49.0,['Male'],0,0,3,4,2,Dry,Curve,Grade/Hillcrest,Lowest,No
13108,17,Illinois,170590,0,2,2,0,3,NOT APPLICABLE,July,21,Friday,19,12,Rural,High Speed (Arterial),Yes,41.12004167,-87.74765556,Complex/Circle,Daylight,Clear,7:00pm-7:59pm,15,7:00pm-7:59pm,20,Unknown,Unknown EMS Hospital Arrival Time,1,Daylight,Clear,1,2,['Driver'],['None_Used'],1,1,Valid,1.0,0.0,55.0,50.0,"['Male', 'Male']",0,0,5,4,5,Dry,Straight,Level,Lowest,No
13109,17,Illinois,170591,0,4,4,0,8,NOT APPLICABLE,July,21,Friday,23,9,Urban,Medium Speed (Collector),No,41.82886944,-88.41453889,Non-Intersection,Dark - Not Lighted,Clear,11:00pm-11:59pm,9,Unknown EMS Scene Arrival Hour,Unknown EMS Scene Arrival Minutes,Unknown,Unknown EMS Hospital Arrival Time,2,Dark - Unlighted,Clear,2,6,"['Driver', 'Front_Passenger']","['Shoulder_Lapbelt', 'Shoulder_Lapbelt']",1,1,Valid,0.0,0.0,67.0,30.0,"['Female', 'Male', 'Male', 'Female']",1,0,3,4,5,Dry,Straight,Level,Lowest,No
13110,17,Illinois,170592,0,1,1,0,2,VIOLA,July,22,Saturday,3,58,Rural,High Speed (Arterial),Yes,41.20114444,-90.58683889,Non-Intersection,Dark - Not Lighted,Clear,3:00am-3:59am,59,Unknown EMS Scene Arrival Hour,Unknown if Arrived,Not Applicable (Not Transported),Not Applicable (Not Transported),2,Dark - Unlighted,Clear,2,0,"['Driver', 'Front_Passenger']","['Shoulder_Lapbelt', 'Shoulder_Lapbelt']",1,1,Valid,0.0,1.0,22.0,22.0,['Male'],2,0,2,4,3,Dry,Straight,Level,Lowest,No
13111,17,Illinois,170593,0,2,2,0,4,STICKNEY,July,22,Saturday,16,23,Urban,Medium Speed (Collector),No,41.81861111,-87.76307222,Non-Intersection,Daylight,Clear,4:00pm-4:59pm,26,4:00pm-4:59pm,30,Unknown,Unknown EMS Hospital Arrival Time,1,Daylight,Clear,1,3,['Driver'],['None_Used'],0,0,Valid,1.0,1.0,51.0,37.0,"['Male', 'Male']",0,0,3,4,5,Dry,Straight,Grade/Hillcrest,Lowest,No
13112,17,Illinois,170594,0,2,2,0,3,NOT APPLICABLE,July,22,Saturday,17,21,Urban,High Speed (Arterial),Yes,42.05650278,-88.02222222,Non-Intersection,Daylight,Clear,5:00pm-5:59pm,22,5:00pm-5:59pm,29,Unknown,Unknown EMS Hospital Arrival Time,1,Daylight,Clear,1,2,['Driver'],['None_Used'],0,0,Valid,0.0,1.0,66.0,42.0,"['Male', 'Female']",1,0,5,4,5,Dry,Straight,Level,Lowest,No
13113,17,Illinois,170595,0,1,1,0,1,NOT APPLICABLE,July,22,Saturday,18,31,Rural,High Speed (Arterial),Yes,40.45271111,-88.11195,Non-Intersection,Daylight,Clear,6:00pm-6:59pm,34,6:00pm-6:59pm,40,Unknown,Unknown EMS Hospital Arrival Time,1,Daylight,Clear,1,0,['Driver'],['None_Used'],1,1,Valid,0.0,0.0,48.0,48.0,['Male'],1,0,5,4,3,Dry,Curve,Level,Lowest,No
13114,17,Illinois,170596,1,1,1,0,2,WAUKEGAN,July,22,Saturday,21,26,Urban,Medium Speed (Collector),No,42.38268333,-87.85540278,Non-Intersection,Dark - Lighted,Clear,9:00pm-9:59pm,29,9:00pm-9:59pm,33,9:00pm-9:59pm,Unknown EMS Hospital Arrival Time,1,Dark - Lighted,Clear,0,2,[],[],0,0,Valid,0.0,2.0,35.0,35.0,['Male'],0,0,2,3,4,Dry,Straight,Level,Lowest,No
13115,17,Illinois,170597,0,1,1,0,1,NOT APPLICABLE,July,22,Saturday,22,0,Urban,Medium Speed (Collector),No,42.25816389,-89.62103889,Complex/Circle,Dark - Not Lighted,Clear,10:00pm-10:59pm,1,10:00pm-10:59pm,5,Not Applicable (Not Transported),Not Applicable (Not Transported),1,Dark - Unlighted,Clear,1,0,['Driver'],['None_Used'],0,0,Valid,0.0,0.0,16.0,16.0,['Male'],1,0,3,4,3,Dry,Straight,Level,Lowest,No
13116,17,Illinois,170598,0,1,1,0,1,NOT APPLICABLE,July,23,Sunday,6,41,Rural,Medium Speed (Collector),No,38.72165278,-88.35357222,Non-Intersection,Dawn,Clear,6:00am-6:59am,41,6:00am-6:59am,55,Not Applicable (Not Transported),Not Applicable (Not Transported),1,Twilight,Clear,1,0,['Driver'],['None_Used'],1,1,Valid,0.0,0.0,19.0,19.0,['Male'],0,0,2,4,3,Dry,Straight,Level,Lowest,No