,State_Code,State_Name,Crash_ID,Count_Non_Motorists,Count_Vehicles_Total,Count_Vehicle_Forms,Count_PVH_Involved,Count_Occupants_MV,City_Name,Month_Name,Day_of_Month,Day_of_Week,Crash_Hour,Crash_Minute,Area_Rural_Urban,Road_Functional_Class,On_NHS_Road,Latitude,Longitude,Intersection_Type,Light_Condition,Weather_Condition,Notif_Hour,Notif_Minute,Arrival_Hour,Arrival_Minute,Hospital_Hour,Hospital_Minute,Fatalities_Count,Clean_Light_Condition,Clean_Weather_Condition,Total_Killed,Total_Alive,Fatal_Seats_List,Killed_Restraint_List,Any_Driver_Drinking,Total_Drinking_Drivers,Driver_License_Category,Driver_Max_Prev_Accident_Count,Driver_Max_Prev_Speeding_Count,Max_Driver_Age,Min_Driver_Age,Driver_Sex_List,Total_Exceeding_Limit_Vehicles,Total_Too_Fast_Vehicles,Max_Vehicle_Type_Severity_5,Max_Vehicle_Damage_Rank,Max_Harmful_Event_Severity,Crash_Road_Surface_Condition,Crash_Horizontal_Alignment,Crash_Vertical_Profile,Crash_Impairment_Category,Crash_Vehicle_Defect
13117,17,Illinois,170599,1,1,1,0,1,DEERFIELD,July,23,Sunday,7,19,Urban,Medium Speed (Collector),No,42.16493889,-87.84742778,Complex/Circle,Daylight,Clear,Unknown,Unknown if Notified,Unknown EMS Scene Arrival Hour,Unknown if Arrived,Not Applicable (Not Transported),Not Applicable (Not Transported),1,Daylight,Clear,0,1,[],[],0,0,Valid,0.0,0.0,47.0,47.0,['Female'],0,0,3,2,4,Dry,Straight,Level,Lowest,No
13118,17,Illinois,170600,0,1,1,0,1,NOT APPLICABLE,July,23,Sunday,9,28,Urban,High Speed (Arterial),Yes,41.84461389,-87.97292222,Non-Intersection,Daylight,Clear,9:00am-9:59am,30,9:00am-9:59am,38,Unknown,Unknown EMS Hospital Arrival Time,1,Daylight,Clear,1,0,['Driver'],['Shoulder_Lapbelt'],0,0,Valid,0.0,0.0,58.0,58.0,['Male'],1,0,2,4,2,Dry,Straight,Level,Lowest,No
13119,17,Illinois,170601,0,2,2,0,2,NOT APPLICABLE,July,23,Sunday,16,20,Rural,Medium Speed (Collector),No,40.87931389,-89.81268889,Simple Junction,Daylight,Clear,4:00pm-4:59pm,25,4:00pm-4:59pm,35,Unknown,Unknown EMS Hospital Arrival Time,1,Daylight,Clear,1,1,['Driver'],['None_Used'],0,0,Valid,0.0,0.0,64.0,57.0,"['Male', 'Male']",0,0,5,4,5,Dry,Straight,Grade/Hillcrest,Lowest,No
13120,17,Illinois,170602,0,2,2,0,4,NOT APPLICABLE,July,23,Sunday,16,36,Rural,Low Speed (Local),No,40.19168056,-87.55542222,Complex/Circle,Daylight,Clear,4:00pm-4:59pm,45,4:00pm-4:59pm,52,Unknown,Unknown EMS Hospital Arrival Time,1,Daylight,Clear,1,3,['Driver'],['None_Used'],0,0,Invalid,1.0,0.0,35.0,25.0,"['Male', 'Male']",2,0,5,4,5,Dry,Straight,Level,Lowest,No
13121,17,Illinois,170603,0,1,1,0,1,NOT APPLICABLE,July,23,Sunday,16,45,Rural,Low Speed (Local),No,40.27339167,-87.75683889,Non-Intersection,Daylight,Clear,4:00pm-4:59pm,3,4:00pm-4:59pm,Unknown EMS Scene Arrival Minutes,Not Applicable (Not Transported),Not Applicable (Not Transported),1,Daylight,Clear,1,0,['Driver'],['None_Used'],0,0,Valid,0.0,0.0,63.0,63.0,['Male'],0,0,5,2,2,Dry,Straight,Level,Lowest,No
13122,17,Illinois,170604,1,1,1,0,1,ROCKFORD,July,23,Sunday,21,50,Urban,Medium Speed (Collector),No,42.25266944,-89.03389167,Non-Intersection,Dark - Lighted,Clear,9:00pm-9:59pm,50,9:00pm-9:59pm,56,Unknown,Unknown EMS Hospital Arrival Time,1,Dark - Lighted,Clear,0,1,[],[],0,0,Invalid,0.0,0.0,998.0,998.0,['Other'],0,0,3,2,4,Dry,Straight,Level,Lowest,No
13123,17,Illinois,170605,0,2,2,0,4,ROCKFORD,July,23,Sunday,22,50,Urban,High Speed (Arterial),Yes,42.23792778,-89.07233333,Complex/Circle,Dark - Lighted,Rain,11:00pm-11:59pm,23,11:00pm-11:59pm,26,Unknown,Unknown EMS Hospital Arrival Time,1,Dark - Lighted,Rain/Wind/Minor,1,3,['Rear_Seat'],['Shoulder_Lapbelt'],0,0,Valid,0.0,0.0,55.0,49.0,"['Male', 'Male']",0,0,3,4,5,Wet/Standing Water,Straight,Level,Lowest,No
13124,17,Illinois,170606,0,1,1,0,1,CHICAGO,July,24,Monday,1,51,Urban,Medium Speed (Collector),No,41.85680833,-87.72476667,Non-Intersection,Dark - Lighted,Clear,1:00am-1:59am,Unknown,1:00am-1:59am,57,Unknown,Unknown EMS Hospital Arrival Time,1,Dark - Lighted,Clear,1,0,['Driver'],['Shoulder_Lapbelt'],0,0,Invalid,0.0,0.0,19.0,19.0,['Male'],0,0,2,4,3,Dry,Straight,Level,Lowest,No
13125,17,Illinois,170607,1,1,1,0,2,GALESBURG,July,24,Monday,13,46,Urban,High Speed (Arterial),Yes,40.95111389,-90.38335833,Complex/Circle,Daylight,Clear,1:00pm-1:59pm,47,1:00pm-1:59pm,50,Unknown,Unknown EMS Hospital Arrival Time,1,Daylight,Clear,0,2,[],[],0,0,Valid,0.0,0.0,38.0,38.0,['Female'],0,0,3,1,4,Dry,Straight,Level,Lowest,No
13126,17,Illinois,170608,1,1,1,0,3,SPRINGFIELD,July,24,Monday,20,6,Urban,Medium Speed (Collector),No,39.77934167,-89.64098333,Complex/Circle,Daylight,Clear,7:00pm-7:59pm,38,7:00pm-7:59pm,38,Unknown,Unknown EMS Hospital Arrival Time,1,Daylight,Clear,0,3,[],[],0,0,Valid,0.0,1.0,24.0,24.0,['Female'],0,0,2,3,4,Dry,Straight,Level,Lowest,No
13127,17,Illinois,170609,0,2,2,0,3,NOT APPLICABLE,February,28,Tuesday,1,50,Rural,High Speed (Arterial),Yes,40.33429444,-89.14578333,Non-Intersection,Dark - Not Lighted,Clear,1:00am-1:59am,51,2:00am-2:59am,6,Not Applicable (Not Transported),Not Applicable (Not Transported),1,Dark - Unlighted,Clear,1,2,['Driver'],['Shoulder_Lapbelt'],0,0,Valid,0.0,0.0,39.0,35.0,"['Male', 'Male']",0,0,4,4,5,Dry,Straight,Level,Lowest,No
13128,17,Illinois,170611,0,2,2,0,3,CHICAGO,March,8,Wednesday,2,30,Urban,High Speed (Arterial),Yes,41.89959444,-87.74590556,Simple Junction,Dark - Lighted,Clear,2:00am-2:59am,30,2:00am-2:59am,32,Unknown,Unknown EMS Hospital Arrival Time,1,Dark - Lighted,Clear,1,2,['Driver'],['Shoulder_Lapbelt'],0,0,Valid,0.0,0.0,50.0,46.0,"['Male', 'Male']",2,0,3,4,5,Dry,Straight,Level,Lowest,No
13129,17,Illinois,170612,0,2,2,0,2,NOT APPLICABLE,July,25,Tuesday,16,1,Rural,Medium Speed (Collector),No,39.05602778,-87.79736667,Non-Intersection,Daylight,Clear,4:00pm-4:59pm,2,4:00pm-4:59pm,13,Unknown,Unknown EMS Hospital Arrival Time,1,Daylight,Clear,1,1,['Driver'],['None_Used'],0,0,Valid,0.0,0.0,79.0,45.0,"['Male', 'Male']",0,0,3,4,5,Dry,Straight,Level,Lowest,No
13130,17,Illinois,170613,1,1,1,0,1,CHICAGO,July,25,Tuesday,22,35,Urban,Medium Speed (Collector),No,41.97514167,-87.65980833,Simple Junction,Dark - Lighted,Clear,10:00pm-10:59pm,35,10:00pm-10:59pm,40,Unknown,Unknown EMS Hospital Arrival Time,1,Dark - Lighted,Clear,0,1,[],[],0,0,Invalid,0.0,0.0,998.0,998.0,['Male'],1,0,2,0,4,Dry,Straight,Level,Lowest,No
13131,17,Illinois,170614,0,2,2,0,4,NOT APPLICABLE,July,27,Thursday,18,38,Rural,High Speed (Arterial),Yes,37.9061,-89.23554167,Simple Junction,Daylight,Clear,6:00pm-6:59pm,40,6:00pm-6:59pm,51,Unknown,Unknown EMS Hospital Arrival Time,1,Daylight,Clear,1,3,['Driver'],['None_Used'],0,0,Valid,0.0,0.0,37.0,18.0,"['Male', 'Male']",0,0,3,4,5,Dry,Straight,Level,Lowest,No
13132,17,Illinois,170615,0,3,3,0,3,OAK BROOK,March,12,Sunday,10,2,Urban,Medium Speed (Collector),No,41.84298333,-87.99066389,Complex/Circle,Daylight,Snow,10:00am-10:59am,2,10:00am-10:59am,Unknown EMS Scene Arrival Minutes,Unknown,Unknown EMS Hospital Arrival Time,1,Daylight,Snow/Ice/Severe,1,2,['Driver'],['Shoulder_Lapbelt'],0,0,Invalid,0.0,0.0,31.0,25.0,"['Male', 'Female', 'Male']",1,0,2,4,5,Icy/Snowy,Straight,Level,Lowest,No
13133,17,Illinois,170616,0,2,2,0,4,NOT APPLICABLE,July,27,Thursday,11,50,Rural,Medium Speed (Collector),No,41.38185556,-88.93341389,Complex/Circle,Daylight,Clear,11:00am-11:59am,52,12:00pm-12:59pm,5,Unknown,Unknown EMS Hospital Arrival Time,1,Daylight,Clear,1,3,['Driver'],['Shoulder_Lapbelt'],0,0,Valid,0.0,0.0,46.0,26.0,"['Female', 'Male']",0,0,4,4,5,Dry,Straight,Level,Lowest,No
13134,17,Illinois,170617,0,1,1,0,2,GREENVILLE,July,27,Thursday,17,43,Rural,Medium Speed (Collector),No,38.98163333,-89.41422222,Non-Intersection,Daylight,Clear,5:00pm-5:59pm,43,5:00pm-5:59pm,52,Not Applicable (Not Transported),Not Applicable (Not Transported),2,Daylight,Clear,2,0,"['Driver', 'Front_Passenger']","['None_Used', 'None_Used']",1,1,Valid,0.0,0.0,39.0,39.0,['Male'],2,0,2,4,3,Dry,Straight,Grade/Hillcrest,Lowest,No
13135,17,Illinois,170619,0,1,1,0,1,CHICAGO,April,10,Monday,4,5,Urban,High Speed (Arterial),Yes,41.7821,-87.74249444,Simple Junction,Dark - Lighted,Clear,Unknown,Unknown,Unknown EMS Scene Arrival Hour,Unknown EMS Scene Arrival Minutes,Not Applicable (Not Transported),Not Applicable (Not Transported),1,Dark - Lighted,Clear,1,0,['Driver'],['Shoulder_Lapbelt'],0,0,Valid,0.0,0.0,28.0,28.0,['Male'],0,0,3,0,2,Dry,Straight,Level,Lowest,No
13136,17,Illinois,170620,0,2,2,0,3,SPRINGFIELD,April,22,Saturday,4,42,Urban,High Speed (Arterial),Yes,39.72005556,-89.70495278,Complex/Circle,Dark - Lighted,Clear,4:00am-4:59am,42,Unknown EMS Scene Arrival Hour,Unknown EMS Scene Arrival Minutes,Unknown,Unknown EMS Hospital Arrival Time,1,Dark - Lighted,Clear,1,2,['Driver'],['Shoulder_Lapbelt'],0,0,Valid,0.0,1.0,31.0,21.0,"['Male', 'Male']",0,0,2,4,5,Dry,Straight,Level,Lowest,No
13137,17,Illinois,170621,0,2,2,0,2,O'FALLON,July,28,Friday,13,14,Urban,High Speed (Arterial),Yes,38.58758889,-89.86275,Simple Junction,Daylight,Clear,1:00pm-1:59pm,15,1:00pm-1:59pm,16,Unknown,Unknown EMS Hospital Arrival Time,1,Daylight,Clear,1,1,['Driver'],['None_Used'],1,1,Valid,0.0,0.0,65.0,29.0,"['Male', 'Male']",1,0,3,4,5,Dry,Straight,Level,Lowest,No
13138,17,Illinois,170622,0,1,1,0,1,CALUMET PARK,July,28,Friday,20,58,Urban,Medium Speed (Collector),No,41.66007222,-87.66068611,Non-Intersection,Dark - Lighted,Clear,8:00pm-8:59pm,59,9:00pm-9:59pm,5,Not Applicable (Not Transported),Not Applicable (Not Transported),1,Dark - Lighted,Clear,1,0,['Driver'],['Shoulder_Lapbelt'],0,0,Valid,1.0,0.0,57.0,57.0,['Male'],1,0,2,4,3,Dry,Straight,Level,Lowest,No
13139,17,Illinois,170623,0,1,1,0,1,SUGAR GROVE,July,28,Friday,22,9,Urban,Medium Speed (Collector),No,41.76345833,-88.48852222,Non-Intersection,Dark - Lighted,Cloudy,10:00pm-10:59pm,10,10:00pm-10:59pm,13,Not Applicable (Not Transported),Not Applicable (Not Transported),1,Dark - Lighted,Reduced Visibility,1,0,['Driver'],['None_Used'],1,1,Valid,0.0,1.0,56.0,56.0,['Male'],1,0,5,4,3,Dry,Curve,Level,Lowest,No
13140,17,Illinois,170624,1,1,1,0,2,NOT APPLICABLE,July,28,Friday,23,21,Rural,High Speed (Arterial),Yes,41.37817778,-87.88278611,Non-Intersection,Dark - Not Lighted,Rain,11:00pm-11:59pm,21,11:00pm-11:59pm,31,Unknown,Unknown EMS Hospital Arrival Time,1,Dark - Unlighted,Rain/Wind/Minor,0,2,[],[],0,0,Valid,0.0,0.0,21.0,21.0,['Female'],0,0,2,4,4,Wet/Standing Water,Straight,Level,Lowest,No
13141,17,Illinois,170625,0,4,4,0,4,NOT APPLICABLE,July,29,Saturday,9,30,Urban,High Speed (Arterial),Yes,42.21536389,-88.42246111,Simple Junction,Daylight,Clear,Unknown,Unknown,Unknown EMS Scene Arrival Hour,Unknown EMS Scene Arrival Minutes,Unknown,Unknown EMS Hospital Arrival Time,1,Daylight,Clear,1,3,['Driver'],['None_Used'],0,0,Valid,0.0,0.0,71.0,17.0,"['Male', 'Female', 'Male', 'Male']",1,0,5,4,5,Dry,Straight,Level,Lowest,No
13142,17,Illinois,170626,1,2,2,0,2,GRAYSLAKE,July,29,Saturday,10,12,Urban,Medium Speed (Collector),No,42.36044444,-88.02413889,Complex/Circle,Daylight,Clear,10:00am-10:59am,12,12:00pm-12:59pm,0,Unknown,Unknown EMS Hospital Arrival Time,1,Daylight,Clear,0,2,[],[],0,0,Valid,0.0,0.0,35.0,19.0,"['Male', 'Male']",0,0,3,4,5,Dry,Straight,Level,Lowest,No
13143,17,Illinois,170627,0,2,2,0,3,CHICAGO,July,29,Saturday,12,6,Urban,Medium Speed (Collector),No,41.78154167,-87.77173056,Complex/Circle,Daylight,Clear,12:00pm-12:59pm,6,12:00pm-12:59pm,11,Not Applicable (Not Transported),Not Applicable (Not Transported),1,Daylight,Clear,1,2,['Driver'],['None_Used'],0,0,Valid,0.0,1.0,56.0,29.0,"['Male', 'Female']",3,0,5,4,5,Dry,Straight,Level,Lowest,No
13144,17,Illinois,170628,1,1,1,0,1,MOUNT VERNON,July,30,Sunday,20,28,Urban,High Speed (Arterial),Yes,38.31814722,-88.89836667,Non-Intersection,Dusk,Clear,8:00pm-8:59pm,28,8:00pm-8:59pm,31,Not Applicable (Not Transported),Not Applicable (Not Transported),1,Twilight,Clear,0,1,[],[],0,0,Valid,0.0,0.0,30.0,30.0,['Male'],0,0,3,4,4,Dry,Straight,Level,Lowest,No
13145,17,Illinois,170629,0,1,1,0,1,ROCKFORD,April,2,Sunday,3,20,Urban,Medium Speed (Collector),No,99.9999,999.9999,Non-Intersection,Dark - Lighted,Clear,3:00am-3:59am,20,3:00am-3:59am,28,Unknown,Unknown EMS Hospital Arrival Time,1,Dark - Lighted,Clear,1,0,['Driver'],['None_Used'],1,1,Invalid,0.0,5.0,29.0,29.0,['Female'],1,0,3,4,3,Dry,Curve,Level,Lowest,No
13146,17,Illinois,170630,0,1,1,0,1,NOT APPLICABLE,April,9,Sunday,13,41,Rural,Low Speed (Local),No,38.69187778,-89.49871111,Non-Intersection,Daylight,Clear,Unknown,Unknown,Unknown EMS Scene Arrival Hour,Unknown EMS Scene Arrival Minutes,Not Applicable (Not Transported),Not Applicable (Not Transported),1,Daylight,Clear,1,0,['Driver'],['None_Used'],1,1,Valid,0.0,0.0,45.0,45.0,['Male'],0,0,5,4,3,Dry,Curve,Level,Lowest,No
13147,17,Illinois,170631,0,1,1,0,1,CHICAGO,April,1,Saturday,23,10,Urban,Low Speed (Local),No,41.92702778,-87.70728056,Non-Intersection,Dark - Lighted,Cloudy,11:00pm-11:59pm,20,11:00pm-11:59pm,20,Unknown,Unknown EMS Hospital Arrival Time,1,Dark - Lighted,Reduced Visibility,1,0,['Driver'],['Shoulder_Lapbelt'],0,0,Valid,0.0,0.0,37.0,37.0,['Male'],0,0,3,3,3,Wet/Standing Water,Straight,Level,Lowest,No
13148,17,Illinois,170632,0,2,2,0,2,NOT APPLICABLE,April,24,Monday,14,50,Rural,Medium Speed (Collector),No,40.16205278,-87.57071111,Non-Intersection,Daylight,Clear,2:00pm-2:59pm,51,2:00pm-2:59pm,51,Unknown,Unknown EMS Hospital Arrival Time,1,Daylight,Clear,1,1,['Driver'],['None_Used'],0,0,Valid,0.0,1.0,29.0,23.0,"['Male', 'Male']",1,0,3,4,5,Dry,Straight,Level,Lowest,No
13149,17,Illinois,170633,0,2,2,0,2,NOT APPLICABLE,May,9,Tuesday,16,48,Rural,Medium Speed (Collector),No,42.05283889,-88.45083889,Non-Intersection,Daylight,Clear,4:00pm-4:59pm,53,4:00pm-4:59pm,59,Unknown,Unknown EMS Hospital Arrival Time,1,Daylight,Clear,1,1,['Driver'],['Shoulder_Lapbelt'],0,0,Valid,0.0,0.0,38.0,19.0,"['Female', 'Male']",0,0,3,4,5,Dry,Straight,Level,Lowest,No
13150,17,Illinois,170634,0,2,2,0,3,CHICAGO,May,18,Thursday,7,15,Urban,High Speed (Arterial),Yes,41.73468333,-87.72871944,Simple Junction,Daylight,Clear,7:00am-7:59am,17,7:00am-7:59am,17,Unknown,Unknown EMS Hospital Arrival Time,1,Daylight,Clear,1,2,['Driver'],['None_Used'],0,0,Valid,0.0,0.0,69.0,18.0,"['Male', 'Male']",0,0,5,4,5,Dry,Straight,Level,Lowest,No
13151,17,Illinois,170636,0,3,3,0,4,NORTH CHICAGO,May,29,Monday,11,46,Urban,Medium Speed (Collector),No,42.33645556,-87.87236667,Non-Intersection,Daylight,Clear,11:00am-11:59am,46,11:00am-11:59am,50,11:00am-11:59am,50,1,Daylight,Clear,1,3,['Rear_Seat'],['None_Used'],0,0,Valid,0.0,1.0,76.0,58.0,"['Male', 'Male', 'Male']",1,0,5,4,5,Dry,Straight,Level,Lowest,No
13152,17,Illinois,170637,0,2,2,0,3,CHICAGO,May,31,Wednesday,17,28,Urban,Medium Speed (Collector),No,41.88708611,-87.71116944,Non-Intersection,Daylight,Clear,Unknown,Unknown,Unknown EMS Scene Arrival Hour,Unknown EMS Scene Arrival Minutes,Unknown,Unknown EMS Hospital Arrival Time,2,Daylight,Clear,2,1,"['Driver', 'Front_Passenger']","['Shoulder_Lapbelt', 'Shoulder_Lapbelt']",0,0,Invalid,1.0,0.0,47.0,38.0,"['Male', 'Male']",0,0,3,4,5,Dry,Straight,Level,Lowest,No
13153,17,Illinois,170638,0,2,2,0,2,NOT APPLICABLE,July,30,Sunday,13,46,Rural,Medium Speed (Collector),No,40.60308333,-89.40292222,Simple Junction,Daylight,Clear,Unknown,Unknown,Unknown EMS Scene Arrival Hour,Unknown EMS Scene Arrival Minutes,Unknown,Unknown EMS Hospital Arrival Time,1,Daylight,Clear,1,1,['Driver'],['None_Used'],0,0,Valid,0.0,0.0,67.0,29.0,"['Female', 'Male']",0,0,5,4,5,Dry,Straight,Level,Lowest,No
13154,17,Illinois,170639,0,2,2,0,3,SOUTH HOLLAND,July,30,Sunday,19,7,Urban,Medium Speed (Collector),No,41.58658333,-87.57818056,Non-Intersection,Daylight,Clear,7:00pm-7:59pm,10,7:00pm-7:59pm,13,Unknown,Unknown EMS Hospital Arrival Time,1,Daylight,Clear,1,2,['Driver'],['None_Used'],0,0,Valid,0.0,0.0,75.0,28.0,"['Male', 'Male']",2,0,3,4,5,Dry,Straight,Level,Lowest,No
13155,17,Illinois,170640,0,2,2,0,2,NOT APPLICABLE,July,30,Sunday,19,38,Rural,Medium Speed (Collector),No,40.90431389,-89.67806667,Non-Intersection,Daylight,Clear,Unknown,Unknown,Unknown EMS Scene Arrival Hour,Unknown EMS Scene Arrival Minutes,Unknown,Unknown EMS Hospital Arrival Time,1,Daylight,Clear,1,1,['Driver'],['Shoulder_Lapbelt'],0,0,Valid,1.0,2.0,66.0,41.0,"['Male', 'Male']",0,0,3,4,5,Dry,Straight,Level,Lowest,No
13156,17,Illinois,170641,1,2,1,1,1,NOT APPLICABLE,July,31,Monday,2,17,Urban,High Speed (Arterial),Yes,38.47526944,-90.23626111,Non-Intersection,Dark - Not Lighted,Clear,2:00am-2:59am,18,2:00am-2:59am,25,Not Applicable (Not Transported),Not Applicable (Not Transported),1,Dark - Unlighted,Clear,1,0,['Driver'],['None_Used'],0,0,Valid,0.0,1.0,66.0,66.0,['Female'],0,0,2,4,5,Dry,Straight,Level,Lowest,No
13157,17,Illinois,170642,0,2,2,0,2,BENSENVILLE,July,31,Monday,22,12,Urban,Medium Speed (Collector),No,41.96094722,-87.94582222,Complex/Circle,Dark - Lighted,Clear,Unknown,Unknown,Unknown EMS Scene Arrival Hour,Unknown EMS Scene Arrival Minutes,Unknown,Unknown EMS Hospital Arrival Time,1,Dark - Lighted,Clear,1,1,['Driver'],['None_Used'],0,0,Invalid,0.0,0.0,46.0,42.0,"['Male', 'Male']",0,0,5,4,5,Dry,Straight,Level,Lowest,No
13158,17,Illinois,170643,1,1,1,0,1,EAST ALTON,August,1,Tuesday,1,21,Urban,High Speed (Arterial),Yes,38.90824167,-90.08770833,Non-Intersection,Dark - Not Lighted,Clear,1:00am-1:59am,22,1:00am-1:59am,30,Not Applicable (Not Transported),Not Applicable (Not Transported),1,Dark - Unlighted,Clear,0,1,[],[],0,0,Valid,0.0,0.0,56.0,56.0,['Male'],0,0,3,3,4,Dry,Curve,Level,Lowest,No
13159,17,Illinois,170644,0,2,2,0,2,ROCKFORD,August,2,Wednesday,0,37,Urban,Medium Speed (Collector),No,42.21519167,-89.05755,Non-Intersection,Dark - Not Lighted,Clear,0:00am-0:59am,37,0:00am-0:59am,48,Unknown,Unknown EMS Hospital Arrival Time,1,Dark - Unlighted,Clear,1,1,['Driver'],['None_Used'],1,1,Invalid,0.0,0.0,44.0,34.0,"['Male', 'Male']",1,0,3,4,5,Dry,Straight,Grade/Hillcrest,Lowest,No
13160,17,Illinois,170645,0,1,1,0,1,NOT APPLICABLE,August,2,Wednesday,12,38,Rural,High Speed (Arterial),Yes,41.04451389,-87.89215,Non-Intersection,Daylight,Clear,12:00pm-12:59pm,38,12:00pm-12:59pm,50,Unknown,Unknown EMS Hospital Arrival Time,1,Daylight,Clear,1,0,['Driver'],['Shoulder_Lapbelt'],0,0,Valid,0.0,0.0,80.0,80.0,['Female'],1,0,3,4,3,Dry,Straight,Level,Lowest,No
13161,17,Illinois,170646,0,2,2,0,3,NOT APPLICABLE,August,2,Wednesday,13,20,Rural,High Speed (Arterial),Yes,39.43857222,-88.36019444,Non-Intersection,Daylight,Clear,1:00pm-1:59pm,20,1:00pm-1:59pm,29,Unknown,Unknown EMS Hospital Arrival Time,2,Daylight,Clear,2,1,"['Driver', 'Front_Passenger']","['Shoulder_Lapbelt', 'Shoulder_Lapbelt']",0,0,Valid,0.0,3.0,61.0,34.0,"['Male', 'Male']",2,0,4,4,5,Wet/Standing Water,Straight,Level,Lowest,No
13162,17,Illinois,170647,0,2,2,0,2,VILLA PARK,August,3,Thursday,0,44,Urban,High Speed (Arterial),Yes,41.88319722,-87.96146389,Non-Intersection,Dark - Not Lighted,Clear,Unknown,Unknown,Unknown EMS Scene Arrival Hour,Unknown EMS Scene Arrival Minutes,Unknown,Unknown EMS Hospital Arrival Time,2,Dark - Unlighted,Clear,2,0,"['Driver', 'Driver']","['None_Used', 'Shoulder_Lapbelt']",1,1,Valid,0.0,0.0,68.0,35.0,"['Male', 'Male']",0,0,3,4,5,Dry,Straight,Level,Lowest,No
13163,17,Illinois,170648,0,1,1,0,1,NOT APPLICABLE,August,4,Friday,23,22,Rural,Low Speed (Local),No,41.02312778,-88.27693056,Non-Intersection,Dark - Not Lighted,Clear,11:00pm-11:59pm,23,Unknown EMS Scene Arrival Hour,Unknown EMS Scene Arrival Minutes,Not Applicable (Not Transported),Not Applicable (Not Transported),1,Dark - Unlighted,Clear,1,0,['Driver'],['None_Used'],1,1,Valid,0.0,0.0,61.0,61.0,['Male'],1,0,3,3,3,Dry,Straight,Level,Lowest,No
13164,17,Illinois,170649,0,1,1,0,1,NOT APPLICABLE,August,4,Friday,17,36,Rural,Medium Speed (Collector),No,39.88820833,-90.75946667,Non-Intersection,Daylight,Clear,5:00pm-5:59pm,36,5:00pm-5:59pm,50,Not Applicable (Not Transported),Not Applicable (Not Transported),1,Daylight,Clear,1,0,['Driver'],['None_Used'],1,1,Valid,0.0,0.0,36.0,36.0,['Male'],0,0,2,4,3,Dry,Straight,Level,Lowest,No
13165,17,Illinois,170650,0,2,2,0,2,LEMONT,August,4,Friday,23,19,Urban,Medium Speed (Collector),No,41.68788889,-87.94918889,Non-Intersection,Dark - Not Lighted,Clear,11:00pm-11:59pm,22,11:00pm-11:59pm,27,Not Applicable (Not Transported),Not Applicable (Not Transported),2,Dark - Unlighted,Clear,2,0,"['Driver', 'Driver']","['Shoulder_Lapbelt', 'Shoulder_Lapbelt']",0,0,Valid,0.0,0.0,34.0,24.0,"['Male', 'Male']",2,0,2,4,5,Dry,Straight,Grade/Hillcrest,Lowest,No
13166,17,Illinois,170651,1,1,1,0,1,MELROSE PARK,August,5,Saturday,4,44,Urban,High Speed (Arterial),Yes,41.90833056,-87.82986389,Non-Intersection,Dark - Lighted,Clear,4:00am-4:59am,45,4:00am-4:59am,50,Unknown,Unknown EMS Hospital Arrival Time,1,Dark - Lighted,Clear,0,1,[],[],0,0,Valid,0.0,1.0,30.0,30.0,['Male'],0,0,2,4,4,Dry,Straight,Level,Lowest,No
13167,17,Illinois,170652,0,2,2,0,2,NOT APPLICABLE,August,5,Saturday,9,37,Rural,Low Speed (Local),No,40.20773889,-89.81139167,Simple Junction,Daylight,Rain,9:00am-9:59am,14,9:00am-9:59am,32,Unknown,Unknown EMS Hospital Arrival Time,1,Daylight,Rain/Wind/Minor,1,1,['Driver'],['None_Used'],0,0,Valid,0.0,0.0,60.0,57.0,"['Male', 'Male']",0,0,5,4,5,Wet/Standing Water,Straight,Level,Lowest,No
13168,17,Illinois,170653,0,2,2,0,3,DOLTON,August,5,Saturday,12,0,Urban,High Speed (Arterial),Yes,41.62269167,-87.62397778,Non-Intersection,Daylight,Rain,12:00pm-12:59pm,8,12:00pm-12:59pm,11,Unknown,Unknown EMS Hospital Arrival Time,2,Daylight,Rain/Wind/Minor,2,1,"['Driver', 'Front_Passenger']","['Shoulder_Lapbelt', 'Shoulder_Lapbelt']",0,0,Valid,1.0,0.0,37.0,33.0,"['Male', 'Female']",2,0,3,4,5,Wet/Standing Water,Straight,Level,Lowest,No
13169,17,Illinois,170654,0,2,2,0,5,NOT APPLICABLE,August,5,Saturday,16,22,Rural,Medium Speed (Collector),No,42.3131,-88.58872778,Complex/Circle,Daylight,Clear,4:00pm-4:59pm,22,Unknown EMS Scene Arrival Hour,Unknown EMS Scene Arrival Minutes,Unknown,Unknown EMS Hospital Arrival Time,1,Daylight,Clear,1,4,['Driver'],['None_Used'],0,0,Valid,0.0,4.0,60.0,38.0,"['Male', 'Female']",0,0,5,4,5,Dry,Straight,Grade/Hillcrest,Lowest,No
13170,17,Illinois,170655,0,2,2,0,3,ROSCOE,August,5,Saturday,16,25,Urban,Medium Speed (Collector),No,42.40238611,-89.00657222,Non-Intersection,Daylight,Rain,4:00pm-4:59pm,28,4:00pm-4:59pm,32,Unknown,Unknown EMS Hospital Arrival Time,1,Daylight,Rain/Wind/Minor,1,2,['Driver'],['None_Used'],1,1,Invalid,0.0,0.0,26.0,24.0,"['Male', 'Female']",1,0,3,4,5,Wet/Standing Water,Curve,Grade/Hillcrest,Lowest,No
13171,17,Illinois,170656,0,1,1,0,1,ELGIN,August,5,Saturday,17,56,Urban,Medium Speed (Collector),No,42.04471389,-88.29291111,Non-Intersection,Daylight,Clear,5:00pm-5:59pm,56,6:00pm-6:59pm,2,Not Applicable (Not Transported),Not Applicable (Not Transported),1,Daylight,Clear,1,0,['Driver'],['Shoulder_Lapbelt'],0,0,Valid,0.0,0.0,17.0,17.0,['Male'],1,0,2,4,3,Wet/Standing Water,Straight,Level,Lowest,No