,State_Code,State_Name,Crash_ID,Count_Non_Motorists,Count_Vehicles_Total,Count_Vehicle_Forms,Count_PVH_Involved,Count_Occupants_MV,City_Name,Month_Name,Day_of_Month,Day_of_Week,Crash_Hour,Crash_Minute,Area_Rural_Urban,Road_Functional_Class,On_NHS_Road,Latitude,Longitude,Intersection_Type,Light_Condition,Weather_Condition,Notif_Hour,Notif_Minute,Arrival_Hour,Arrival_Minute,Hospital_Hour,Hospital_Minute,Fatalities_Count,Clean_Light_Condition,Clean_Weather_Condition,Total_Killed,Total_Alive,Fatal_Seats_List,Killed_Restraint_List,Any_Driver_Drinking,Total_Drinking_Drivers,Driver_License_Category,Driver_Max_Prev_Accident_Count,Driver_Max_Prev_Speeding_Count,Max_Driver_Age,Min_Driver_Age,Driver_Sex_List,Total_Exceeding_Limit_Vehicles,Total_Too_Fast_Vehicles,Max_Vehicle_Type_Severity_5,Max_Vehicle_Damage_Rank,Max_Harmful_Event_Severity,Crash_Road_Surface_Condition,Crash_Horizontal_Alignment,Crash_Vertical_Profile,Crash_Impairment_Category,Crash_Vehicle_Defect
13172,17,Illinois,170657,0,3,3,0,5,PALOS HILLS,August,6,Sunday,0,23,Urban,Medium Speed (Collector),No,41.69251944,-87.80876389,Non-Intersection,Dark - Lighted,Rain,0:00am-0:59am,23,0:00am-0:59am,24,Unknown,Unknown EMS Hospital Arrival Time,1,Dark - Lighted,Rain/Wind/Minor,1,4,['Driver'],['Shoulder_Lapbelt'],1,1,Valid,0.0,1.0,40.0,25.0,"['Male', 'Male', 'Male']",2,0,3,4,5,Wet/Standing Water,Curve,Level,Lowest,No
13173,17,Illinois,170658,0,1,1,0,1,YORKVILLE,August,6,Sunday,1,30,Urban,Medium Speed (Collector),No,41.62637778,-88.42989167,Non-Intersection,Dark - Not Lighted,Reported as Unknown,8:00am-8:59am,51,8:00am-8:59am,58,Not Applicable (Not Transported),Not Applicable (Not Transported),1,Dark - Unlighted,Clear,1,0,['Driver'],['None_Used'],1,1,Valid,0.0,0.0,26.0,26.0,['Male'],1,0,5,4,3,Dry,Curve,Level,Lowest,No
13174,17,Illinois,170659,1,1,1,0,2,BELLEVILLE,August,6,Sunday,2,43,Urban,High Speed (Arterial),Yes,38.52380833,-89.98411667,Non-Intersection,Dark - Not Lighted,Clear,0:00am-0:59am,22,0:00am-0:59am,32,Unknown,Unknown EMS Hospital Arrival Time,1,Dark - Unlighted,Clear,0,2,[],[],0,0,Valid,0.0,0.0,26.0,26.0,['Male'],2,0,2,3,4,Dry,Straight,Level,Lowest,No
13175,17,Illinois,170660,0,3,2,1,6,SPRINGFIELD,August,6,Sunday,4,5,Urban,Medium Speed (Collector),No,39.79471944,-89.63681389,Complex/Circle,Dark - Lighted,Clear,4:00am-4:59am,5,4:00am-4:59am,12,Unknown,Unknown EMS Hospital Arrival Time,1,Dark - Lighted,Clear,1,5,['Rear_Seat'],['None_Used'],1,1,Valid,1.0,3.0,23.0,19.0,"['Male', 'Female']",3,0,2,4,5,Dry,Straight,Level,Lowest,No
13176,17,Illinois,170661,0,4,4,0,4,NOT APPLICABLE,August,6,Sunday,13,36,Urban,Medium Speed (Collector),No,41.40318611,-88.39044722,Non-Intersection,Daylight,Clear,Unknown,Unknown,Unknown EMS Scene Arrival Hour,Unknown EMS Scene Arrival Minutes,Not Applicable (Not Transported),Not Applicable (Not Transported),1,Daylight,Clear,1,3,['Driver'],['None_Used'],0,0,Valid,0.0,0.0,998.0,21.0,"['Male', 'Female', 'Female', 'Male']",0,0,5,4,5,Dry,Straight,Level,Lowest,No
13177,17,Illinois,170662,1,1,1,0,1,LISLE,August,6,Sunday,17,10,Urban,Low Speed (Local),No,41.76519722,-88.08977222,Non-Intersection,Daylight,Clear,5:00pm-5:59pm,12,5:00pm-5:59pm,Unknown EMS Scene Arrival Minutes,5:00pm-5:59pm,Unknown EMS Hospital Arrival Time,1,Daylight,Clear,0,1,[],[],1,1,Valid,0.0,0.0,33.0,33.0,['Male'],1,0,2,4,4,Dry,Curve,Grade/Hillcrest,Lowest,No
13178,17,Illinois,170663,0,1,1,0,1,NOT APPLICABLE,August,6,Sunday,19,45,Rural,Medium Speed (Collector),No,39.21575833,-89.04325,Non-Intersection,Dusk,Rain,7:00pm-7:59pm,46,Unknown EMS Scene Arrival Hour,Unknown EMS Scene Arrival Minutes,Unknown,Unknown EMS Hospital Arrival Time,1,Twilight,Rain/Wind/Minor,1,0,['Driver'],['Shoulder_Lapbelt'],0,0,Valid,0.0,0.0,66.0,66.0,['Male'],0,0,3,4,3,Wet/Standing Water,Straight,Grade/Hillcrest,Lowest,No
13179,17,Illinois,170664,0,2,2,0,2,BLOOMINGTON,August,7,Monday,10,30,Urban,Medium Speed (Collector),No,40.43901111,-89.02640833,Non-Intersection,Daylight,Cloudy,10:00am-10:59am,31,Unknown EMS Scene Arrival Hour,Unknown if Arrived,Not Applicable (Not Transported),Not Applicable (Not Transported),1,Daylight,Reduced Visibility,1,1,['Front_Passenger'],['None_Used'],0,0,Valid,0.0,0.0,43.0,43.0,['Male'],0,0,3,4,5,Dry,Straight,Level,Lowest,No
13180,17,Illinois,170665,0,2,2,0,2,NOT APPLICABLE,August,8,Tuesday,5,17,Urban,High Speed (Arterial),Yes,41.92538889,-88.47814444,Complex/Circle,Dark - Not Lighted,Clear,5:00am-5:59am,17,5:00am-5:59am,20,Not Applicable (Not Transported),Not Applicable (Not Transported),1,Dark - Unlighted,Clear,1,1,['Driver'],['Shoulder_Lapbelt'],0,0,Valid,0.0,0.0,49.0,46.0,"['Male', 'Male']",2,0,4,4,5,Dry,Straight,Level,Lowest,No
13181,17,Illinois,170666,0,1,1,0,2,NOT APPLICABLE,August,8,Tuesday,11,10,Rural,Low Speed (Local),No,40.82531944,-90.97485,Non-Intersection,Daylight,Clear,11:00am-11:59am,12,11:00am-11:59am,27,Unknown,Unknown EMS Hospital Arrival Time,1,Daylight,Clear,1,0,['Driver'],['Shoulder_Lapbelt'],0,0,Invalid,0.0,0.0,79.0,79.0,['Male'],0,0,5,1,3,Dry,Straight,Level,Lowest,No
13182,17,Illinois,170667,0,2,2,0,5,NOT APPLICABLE,April,18,Tuesday,13,54,Urban,High Speed (Arterial),Yes,42.46546667,-87.95261944,Complex/Circle,Daylight,Clear,1:00pm-1:59pm,51,1:00pm-1:59pm,54,Unknown,Unknown EMS Hospital Arrival Time,1,Daylight,Clear,1,4,['Rear_Seat'],['None_Used'],0,0,Valid,1.0,5.0,45.0,39.0,"['Female', 'Male']",0,0,2,4,5,Dry,Straight,Level,Lowest,No
13183,17,Illinois,170668,1,1,1,0,1,NOT APPLICABLE,August,8,Tuesday,18,3,Rural,Medium Speed (Collector),No,38.25790833,-89.48897778,Non-Intersection,Daylight,Clear,Unknown,Unknown if Notified,Unknown EMS Scene Arrival Hour,Unknown if Arrived,Not Applicable (Not Transported),Not Applicable (Not Transported),1,Daylight,Clear,0,1,[],[],1,1,Valid,0.0,0.0,36.0,36.0,['Male'],1,0,3,1,4,Dry,Straight,Level,Lowest,No
13184,17,Illinois,170669,0,2,2,0,2,WEST DUNDEE,August,9,Wednesday,21,42,Urban,Medium Speed (Collector),No,42.11774444,-88.32220278,Simple Junction,Dark - Not Lighted,Clear,9:00pm-9:59pm,44,9:00pm-9:59pm,45,Not Applicable (Not Transported),Not Applicable (Not Transported),1,Dark - Unlighted,Clear,1,1,['Driver'],['None_Used'],1,1,Valid,0.0,0.0,61.0,53.0,"['Female', 'Male']",0,0,5,4,5,Dry,Straight,Level,Lowest,No
13185,17,Illinois,170670,1,1,1,0,1,CLARENDON HILLS,August,10,Thursday,4,45,Urban,High Speed (Arterial),Yes,41.7886,-87.947,Non-Intersection,Dark - Lighted,Clear,4:00am-4:59am,45,4:00am-4:59am,52,Unknown,Unknown EMS Hospital Arrival Time,1,Dark - Lighted,Clear,0,1,[],[],0,0,Valid,0.0,0.0,42.0,42.0,['Female'],0,0,2,4,4,Dry,Straight,Level,Lowest,No
13186,17,Illinois,170671,0,3,3,0,3,NOT APPLICABLE,August,10,Thursday,15,6,Rural,High Speed (Arterial),Yes,39.79206389,-88.76023889,Non-Intersection,Daylight,Clear,3:00pm-3:59pm,6,3:00pm-3:59pm,20,Unknown,Unknown EMS Hospital Arrival Time,1,Daylight,Clear,1,2,['Driver'],['Shoulder_Lapbelt'],0,0,Valid,0.0,0.0,65.0,18.0,"['Male', 'Male', 'Male']",0,0,3,4,5,Dry,Straight,Level,Lowest,No
13187,17,Illinois,170672,0,2,2,0,3,NOT APPLICABLE,August,11,Friday,0,48,Urban,High Speed (Arterial),Yes,42.30649444,-88.85082222,Simple Junction,Dark - Not Lighted,Clear,Unknown,Unknown,Unknown EMS Scene Arrival Hour,Unknown EMS Scene Arrival Minutes,Unknown,Unknown EMS Hospital Arrival Time,1,Dark - Unlighted,Clear,1,2,['Driver'],['None_Used'],1,1,Valid,0.0,0.0,61.0,31.0,"['Female', 'Male']",0,0,5,4,5,Dry,Straight,Level,Lowest,No
13188,17,Illinois,170673,0,1,1,0,1,ALSIP,August,11,Friday,2,0,Urban,Medium Speed (Collector),No,41.68314722,-87.75965278,Non-Intersection,Dark - Not Lighted,Clear,2:00am-2:59am,1,2:00am-2:59am,2,Unknown,Unknown EMS Hospital Arrival Time,1,Dark - Unlighted,Clear,1,0,['Driver'],['Shoulder_Lapbelt'],0,0,Invalid,0.0,0.0,38.0,38.0,['Male'],0,0,2,4,3,Dry,Straight,Level,Lowest,No
13189,17,Illinois,170674,1,1,1,0,1,PEORIA,August,11,Friday,7,40,Urban,Medium Speed (Collector),No,40.72649722,-89.61278611,Complex/Circle,Daylight,Rain,7:00am-7:59am,41,7:00am-7:59am,46,Not Applicable (Not Transported),Not Applicable (Not Transported),1,Daylight,Rain/Wind/Minor,0,1,[],[],0,0,Valid,0.0,0.0,44.0,44.0,['Female'],0,0,3,3,4,Wet/Standing Water,Straight,Grade/Hillcrest,Lowest,No
13190,17,Illinois,170675,0,3,3,0,3,NOT APPLICABLE,August,11,Friday,10,11,Rural,Medium Speed (Collector),No,42.00668611,-89.06560556,Complex/Circle,Daylight,Clear,10:00am-10:59am,14,10:00am-10:59am,23,Not Applicable (Not Transported),Not Applicable (Not Transported),1,Daylight,Clear,1,2,['Driver'],['Shoulder_Lapbelt'],0,0,Valid,0.0,0.0,83.0,40.0,"['Male', 'Female', 'Male']",0,0,4,4,5,Dry,Straight,Level,Lowest,No
13191,17,Illinois,170676,0,2,2,0,2,HARVEY,August,11,Friday,22,50,Urban,High Speed (Arterial),Yes,41.60075,-87.65779444,Non-Intersection,Dark - Lighted,Clear,10:00pm-10:59pm,51,10:00pm-10:59pm,52,Unknown,Unknown EMS Hospital Arrival Time,1,Dark - Lighted,Clear,1,1,['Driver'],['None_Used'],0,0,Valid,0.0,0.0,63.0,26.0,"['Male', 'Male']",0,0,5,4,5,Dry,Straight,Level,Lowest,No
13192,17,Illinois,170677,0,2,2,0,2,DANVILLE,August,11,Friday,23,39,Urban,High Speed (Arterial),Yes,40.11382222,-87.63621111,Non-Intersection,Dark - Lighted,Clear,11:00pm-11:59pm,47,11:00pm-11:59pm,47,Unknown,Unknown EMS Hospital Arrival Time,1,Dark - Lighted,Clear,1,1,['Driver'],['None_Used'],0,0,Valid,0.0,0.0,68.0,30.0,"['Male', 'Male']",0,0,5,4,5,Dry,Straight,Grade/Hillcrest,Lowest,No
13193,17,Illinois,170678,0,2,2,0,2,NOT APPLICABLE,August,12,Saturday,1,21,Rural,Medium Speed (Collector),No,38.84181944,-89.37123889,Non-Intersection,Dark - Lighted,Clear,1:00am-1:59am,21,1:00am-1:59am,33,Not Applicable (Not Transported),Not Applicable (Not Transported),1,Dark - Lighted,Clear,1,1,['Driver'],['None_Used'],1,2,Valid,0.0,0.0,40.0,17.0,"['Female', 'Male']",0,0,5,4,5,Dry,Straight,Level,Lowest,No
13194,17,Illinois,170679,0,1,1,0,1,LEMONT,August,12,Saturday,3,30,Urban,Medium Speed (Collector),No,41.71111944,-87.91525556,Non-Intersection,Dark - Not Lighted,Clear,3:00am-3:59am,30,Unknown EMS Scene Arrival Hour,Unknown EMS Scene Arrival Minutes,Not Applicable (Not Transported),Not Applicable (Not Transported),1,Dark - Unlighted,Clear,1,0,['Driver'],['None_Used'],0,0,Valid,0.0,0.0,37.0,37.0,['Female'],0,0,3,4,2,Dry,Straight,Level,Lowest,No
13195,17,Illinois,170680,0,2,2,0,2,VOLO,August,12,Saturday,7,24,Urban,High Speed (Arterial),Yes,42.30376667,-88.16469722,Simple Junction,Daylight,Cloudy,7:00am-7:59am,24,7:00am-7:59am,29,Unknown,Unknown EMS Hospital Arrival Time,1,Daylight,Reduced Visibility,1,1,['Driver'],['None_Used'],0,0,Valid,0.0,0.0,83.0,44.0,"['Female', 'Male']",0,0,4,4,5,Dry,Straight,Level,Lowest,No
13196,17,Illinois,170681,0,2,2,0,3,NOT APPLICABLE,August,12,Saturday,13,10,Rural,Medium Speed (Collector),No,42.22983889,-89.17317222,Complex/Circle,Daylight,Clear,Unknown,Unknown,Unknown EMS Scene Arrival Hour,Unknown EMS Scene Arrival Minutes,Unknown,Unknown EMS Hospital Arrival Time,1,Daylight,Clear,1,1,['Driver'],['Shoulder_Lapbelt'],0,0,Valid,1.0,0.0,85.0,39.0,"['Male', 'Male']",0,0,2,4,5,Dry,Straight,Level,Lowest,No
13197,17,Illinois,170682,0,1,1,0,1,ALTON,August,12,Saturday,17,20,Urban,Medium Speed (Collector),No,38.89056667,-90.18815833,Non-Intersection,Daylight,Clear,5:00pm-5:59pm,21,5:00pm-5:59pm,25,Not Applicable (Not Transported),Not Applicable (Not Transported),1,Daylight,Clear,1,0,['Driver'],['None_Used'],1,1,Valid,0.0,0.0,33.0,33.0,['Male'],1,0,5,4,3,Dry,Curve,Level,Lowest,No
13198,17,Illinois,170683,1,4,3,1,5,CHICAGO,August,13,Sunday,2,20,Urban,High Speed (Arterial),Yes,41.87424167,-87.71323333,Non-Intersection,Dark - Lighted,Clear,2:00am-2:59am,20,2:00am-2:59am,30,Unknown,Unknown EMS Hospital Arrival Time,1,Dark - Lighted,Clear,0,5,[],[],0,0,Valid,0.0,3.0,44.0,22.0,"['Male', 'Male', 'Male']",4,0,3,4,5,Dry,Straight,Level,Lowest,No
13199,17,Illinois,170684,0,2,2,0,2,NOT APPLICABLE,August,13,Sunday,3,0,Urban,High Speed (Arterial),Yes,41.76687222,-88.04071111,Non-Intersection,Dark - Not Lighted,Clear,3:00am-3:59am,9,3:00am-3:59am,13,Unknown,Unknown EMS Hospital Arrival Time,1,Dark - Unlighted,Clear,1,1,['Driver'],['Shoulder_Lapbelt'],1,1,Valid,0.0,1.0,39.0,36.0,"['Male', 'Female']",1,0,4,4,5,Dry,Straight,Level,Lowest,No
13200,17,Illinois,170685,1,1,1,0,1,NOT APPLICABLE,August,13,Sunday,23,19,Urban,High Speed (Arterial),Yes,42.13855833,-87.88321389,Non-Intersection,Dark - Not Lighted,Clear,Unknown,Unknown,Unknown EMS Scene Arrival Hour,Unknown EMS Scene Arrival Minutes,Not Applicable (Not Transported),Not Applicable (Not Transported),1,Dark - Unlighted,Clear,0,0,[],[],0,0,Invalid,0.0,0.0,998.0,998.0,['Other'],0,0,1,0,4,Dry,Straight,Grade/Hillcrest,Lowest,No
13201,17,Illinois,170686,0,3,3,0,7,SKOKIE,August,13,Sunday,18,14,Urban,High Speed (Arterial),Yes,42.01181389,-87.76379722,Complex/Circle,Daylight,Cloudy,6:00pm-6:59pm,14,6:00pm-6:59pm,17,Unknown,Unknown EMS Hospital Arrival Time,1,Daylight,Reduced Visibility,1,6,['Rear_Seat'],['Shoulder_Lapbelt'],0,0,Valid,0.0,0.0,81.0,51.0,"['Female', 'Male', 'Male']",0,0,3,4,5,Dry,Straight,Level,Lowest,No
13202,17,Illinois,170687,1,1,1,0,1,EVANSTON,August,15,Tuesday,21,36,Urban,Medium Speed (Collector),No,42.06426944,-87.69089444,Non-Intersection,Dark - Lighted,Clear,9:00pm-9:59pm,35,9:00pm-9:59pm,36,Not Applicable (Not Transported),Not Applicable (Not Transported),1,Dark - Lighted,Clear,0,1,[],[],0,0,Valid,0.0,0.0,65.0,65.0,['Male'],0,0,3,4,4,Dry,Straight,Level,Lowest,No
13203,17,Illinois,170688,0,1,1,0,1,LAKE BARRINGTON,August,16,Wednesday,12,49,Urban,Low Speed (Local),No,42.2142,-88.15558611,Non-Intersection,Daylight,Clear,12:00pm-12:59pm,50,1:00pm-1:59pm,3,Not Applicable (Not Transported),Not Applicable (Not Transported),1,Daylight,Clear,1,0,['Driver'],['None_Used'],0,0,Valid,0.0,0.0,87.0,87.0,['Female'],0,0,2,4,3,Dry,Straight,Level,Lowest,No
13204,17,Illinois,170689,0,2,2,0,2,BLOOMINGDALE,August,16,Wednesday,16,24,Urban,High Speed (Arterial),Yes,41.9594,-88.0892,Simple Junction,Daylight,Clear,4:00pm-4:59pm,25,4:00pm-4:59pm,34,Unknown,Unknown EMS Hospital Arrival Time,1,Daylight,Clear,1,1,['Driver'],['None_Used'],0,0,Valid,0.0,0.0,47.0,16.0,"['Male', 'Male']",1,0,5,4,5,Dry,Straight,Level,Lowest,No
13205,17,Illinois,170690,0,1,1,0,1,NOT APPLICABLE,August,17,Thursday,1,13,Urban,High Speed (Arterial),Yes,42.06632222,-88.14864167,Non-Intersection,Dark - Lighted,Clear,1:00am-1:59am,13,1:00am-1:59am,21,Unknown,Unknown EMS Hospital Arrival Time,1,Dark - Lighted,Clear,1,0,['Driver'],['None_Used'],0,0,Valid,0.0,0.0,24.0,24.0,['Male'],1,0,5,4,3,Dry,Straight,Level,Lowest,No
13206,17,Illinois,170691,1,1,1,0,1,FOREST PARK,August,17,Thursday,21,47,Urban,High Speed (Arterial),Yes,41.87330833,-87.81574722,Non-Intersection,Dark - Lighted,Clear,9:00pm-9:59pm,47,9:00pm-9:59pm,50,Not Applicable (Not Transported),Not Applicable (Not Transported),1,Dark - Lighted,Clear,0,0,[],[],0,0,Invalid,0.0,0.0,998.0,998.0,['Other'],0,0,1,0,4,Dry,Straight,Level,Lowest,No
13207,17,Illinois,170692,0,1,1,0,1,FAIRMONT CITY,August,18,Friday,0,5,Urban,Medium Speed (Collector),No,38.659125,-90.078425,Non-Intersection,Dark - Not Lighted,Clear,0:00am-0:59am,5,0:00am-0:59am,12,Not Applicable (Not Transported),Not Applicable (Not Transported),1,Dark - Unlighted,Clear,1,0,['Driver'],['Shoulder_Lapbelt'],1,1,Invalid,0.0,0.0,34.0,34.0,['Male'],1,0,2,4,3,Dry,Straight,Level,Lowest,No
13208,17,Illinois,170693,0,1,1,0,1,NOT APPLICABLE,August,19,Saturday,1,11,Rural,Low Speed (Local),No,40.64042222,-87.65044444,Non-Intersection,Dark - Not Lighted,Clear,1:00am-1:59am,14,1:00am-1:59am,26,Not Applicable (Not Transported),Not Applicable (Not Transported),1,Dark - Unlighted,Clear,1,0,['Driver'],['None_Used'],1,1,Valid,0.0,0.0,24.0,24.0,['Male'],0,0,3,4,3,Dry,Straight,Level,Lowest,No
13209,17,Illinois,170694,0,2,2,0,3,TINLEY PARK,August,18,Friday,18,7,Urban,Medium Speed (Collector),No,41.55850833,-87.79918333,Simple Junction,Daylight,Clear,Unknown,Unknown,Unknown EMS Scene Arrival Hour,Unknown EMS Scene Arrival Minutes,Unknown,Unknown EMS Hospital Arrival Time,1,Daylight,Clear,1,2,['Driver'],['None_Used'],0,0,Valid,0.0,0.0,39.0,36.0,"['Male', 'Female']",1,0,5,4,5,Dry,Straight,Level,Lowest,No
13210,17,Illinois,170695,1,1,1,0,2,SKOKIE,August,18,Friday,20,57,Urban,High Speed (Arterial),Yes,42.05256667,-87.76165556,Non-Intersection,Dark - Lighted,Clear,8:00pm-8:59pm,57,9:00pm-9:59pm,14,Unknown,Unknown EMS Hospital Arrival Time,1,Dark - Lighted,Clear,0,2,[],[],0,0,Valid,0.0,1.0,27.0,27.0,['Male'],0,0,4,2,4,Dry,Straight,Level,Lowest,No
13211,17,Illinois,170696,0,5,5,0,7,LANSING,June,6,Tuesday,17,4,Urban,High Speed (Arterial),Yes,41.57764722,-87.55670556,Non-Intersection,Daylight,Clear,5:00pm-5:59pm,35,5:00pm-5:59pm,44,Unknown,Unknown EMS Hospital Arrival Time,1,Daylight,Clear,1,6,['Driver'],['Shoulder_Lapbelt'],0,0,Invalid,3.0,0.0,59.0,20.0,"['Male', 'Male', 'Male', 'Male', 'Male']",0,0,4,4,5,Dry,Straight,Level,Lowest,No
13212,17,Illinois,170697,0,3,3,0,4,DOWNERS GROVE,August,18,Friday,9,23,Urban,Medium Speed (Collector),No,41.77273611,-88.02195833,Non-Intersection,Daylight,Clear,9:00am-9:59am,Unknown,9:00am-9:59am,Unknown EMS Scene Arrival Minutes,9:00am-9:59am,Unknown EMS Hospital Arrival Time,1,Daylight,Clear,1,3,['Driver'],['None_Used'],0,0,Valid,0.0,0.0,86.0,63.0,"['Male', 'Female', 'Male']",0,0,3,4,5,Dry,Straight,Level,Lowest,No
13213,17,Illinois,170698,0,2,2,0,4,NOT APPLICABLE,August,19,Saturday,21,48,Urban,Medium Speed (Collector),No,41.45371667,-88.32948056,Simple Junction,Dark - Not Lighted,Clear,9:00am-9:59am,49,Unknown EMS Scene Arrival Hour,Unknown EMS Scene Arrival Minutes,Unknown,Unknown EMS Hospital Arrival Time,1,Dark - Unlighted,Clear,1,3,['Driver'],['Shoulder_Lapbelt'],0,0,Valid,0.0,0.0,56.0,17.0,"['Male', 'Male']",0,0,3,4,5,Dry,Straight,Level,Lowest,No
13214,17,Illinois,170699,0,1,1,0,1,NOT APPLICABLE,August,20,Sunday,0,45,Rural,Medium Speed (Collector),No,41.81689444,-90.11141389,Non-Intersection,Dark - Not Lighted,Clear,0:00am-0:59am,49,1:00am-1:59am,3,Not Applicable (Not Transported),Not Applicable (Not Transported),1,Dark - Unlighted,Clear,1,0,['Driver'],['None_Used'],1,1,Invalid,0.0,0.0,24.0,24.0,['Male'],1,0,3,4,3,Dry,Straight,Grade/Hillcrest,Lowest,No
13215,17,Illinois,170700,1,1,1,0,1,CHICAGO,August,20,Sunday,0,55,Urban,High Speed (Arterial),Yes,41.90953333,-87.75723056,Simple Junction,Dark - Lighted,Clear,0:00am-0:59am,55,1:00am-1:59am,0,1:00am-1:59am,Unknown EMS Hospital Arrival Time,1,Dark - Lighted,Clear,0,1,[],[],0,0,Invalid,0.0,0.0,998.0,998.0,['Male'],0,0,2,1,4,Dry,Straight,Level,Lowest,No
13216,17,Illinois,170701,0,2,2,0,2,SPRINGFIELD,August,20,Sunday,10,16,Urban,High Speed (Arterial),Yes,39.77540556,-89.70669722,Complex/Circle,Daylight,Clear,10:00am-10:59am,18,10:00am-10:59am,23,Unknown,Unknown EMS Hospital Arrival Time,1,Daylight,Clear,1,1,['Driver'],['Shoulder_Lapbelt'],0,0,Valid,0.0,0.0,87.0,41.0,"['Male', 'Female']",0,0,3,4,5,Dry,Straight,Level,Lowest,No
13217,17,Illinois,170702,0,1,1,0,2,NOT APPLICABLE,August,20,Sunday,12,20,Rural,High Speed (Arterial),Yes,40.40764444,-90.88331389,Non-Intersection,Daylight,Clear,12:00pm-12:59pm,20,12:00pm-12:59pm,25,Unknown,Unknown EMS Hospital Arrival Time,1,Daylight,Clear,1,1,['Driver'],['None_Used'],0,0,Valid,0.0,0.0,56.0,56.0,['Male'],2,0,5,2,3,Dry,Straight,Level,Lowest,No
13218,17,Illinois,170703,0,2,2,0,2,CHICAGO,August,20,Sunday,21,58,Urban,High Speed (Arterial),Yes,41.79290556,-87.75497778,Simple Junction,Dark - Lighted,Clear,Unknown,Unknown,Unknown EMS Scene Arrival Hour,Unknown EMS Scene Arrival Minutes,Unknown,Unknown EMS Hospital Arrival Time,1,Dark - Lighted,Clear,1,1,['Driver'],['None_Used'],0,0,Valid,0.0,0.0,39.0,37.0,"['Male', 'Male']",0,0,5,4,5,Dry,Straight,Level,Lowest,No
13219,17,Illinois,170704,0,1,1,0,1,OAK PARK,August,20,Sunday,22,54,Urban,High Speed (Arterial),Yes,41.87304722,-87.80065833,Non-Intersection,Dark - Lighted,Clear,10:00pm-10:59pm,54,11:00pm-11:59pm,4,Not Applicable (Not Transported),Not Applicable (Not Transported),1,Dark - Lighted,Clear,1,0,['Driver'],['Shoulder_Lapbelt'],1,1,Valid,0.0,0.0,40.0,40.0,['Male'],1,0,3,4,3,Dry,Straight,Level,Lowest,No
13220,17,Illinois,170705,0,1,1,0,1,NOT APPLICABLE,August,20,Sunday,23,30,Rural,High Speed (Arterial),Yes,39.752075,-87.68339167,Non-Intersection,Dark - Not Lighted,Clear,Unknown,Unknown if Notified,Unknown EMS Scene Arrival Hour,Unknown if Arrived,Not Applicable (Not Transported),Not Applicable (Not Transported),1,Dark - Unlighted,Clear,1,0,['Driver'],['None_Used'],0,0,Invalid,0.0,0.0,48.0,48.0,['Male'],0,0,5,4,2,Dry,Straight,Level,Lowest,No
13221,17,Illinois,170706,1,1,1,0,1,CHICAGO,August,21,Monday,1,52,Urban,Medium Speed (Collector),No,41.80939444,-87.61685278,Complex/Circle,Dark - Lighted,Clear,2:00am-2:59am,0,2:00am-2:59am,5,Unknown,Unknown EMS Hospital Arrival Time,1,Dark - Lighted,Clear,0,1,[],[],0,0,Valid,0.0,0.0,44.0,44.0,['Female'],0,0,3,4,4,Dry,Straight,Level,Lowest,No
13222,17,Illinois,170707,0,2,2,0,2,MAPLE PARK,August,21,Monday,15,12,Rural,Medium Speed (Collector),No,41.88029722,-88.53480833,Simple Junction,Daylight,Not Reported,3:00pm-3:59pm,13,3:00pm-3:59pm,20,Not Applicable (Not Transported),Not Applicable (Not Transported),1,Daylight,Clear,1,1,['Driver'],['None_Used'],1,1,Valid,0.0,0.0,60.0,16.0,"['Female', 'Male']",1,0,5,4,5,Dry,Straight,Level,Lowest,No
13223,17,Illinois,170708,0,1,1,0,2,LEMONT,August,21,Monday,18,20,Urban,Low Speed (Local),No,41.66389722,-88.00116944,Complex/Circle,Daylight,Clear,6:00pm-6:59pm,21,6:00pm-6:59pm,27,Unknown,Unknown EMS Hospital Arrival Time,1,Daylight,Clear,1,1,['Non_Standard_Risk'],['None_Used'],0,0,Valid,0.0,0.0,35.0,35.0,['Female'],0,0,3,1,1,Dry,Straight,Level,Lowest,No
13224,17,Illinois,170709,1,1,1,0,1,DECATUR,August,22,Tuesday,6,40,Urban,Medium Speed (Collector),No,39.83348056,-88.93558056,Complex/Circle,Daylight,Clear,Unknown,Unknown,Unknown EMS Scene Arrival Hour,Unknown EMS Scene Arrival Minutes,Unknown,Unknown EMS Hospital Arrival Time,1,Daylight,Clear,0,1,[],[],0,0,Valid,0.0,0.0,43.0,43.0,['Male'],0,0,3,2,4,Dry,Straight,Level,Lowest,No
13225,17,Illinois,170710,0,2,2,0,4,NOT APPLICABLE,August,22,Tuesday,17,15,Rural,Medium Speed (Collector),No,37.90874167,-88.45356667,Non-Intersection,Daylight,Clear,5:00pm-5:59pm,17,5:00pm-5:59pm,30,Not Applicable (Not Transported),Not Applicable (Not Transported),3,Daylight,Clear,3,1,"['Driver', 'Front_Passenger', 'Rear_Seat']","['Shoulder_Lapbelt', 'Shoulder_Lapbelt', 'Shoulder_Lapbelt']",0,0,Valid,0.0,1.0,54.0,40.0,"['Male', 'Male']",3,0,4,4,5,Dry,Curve,Level,Lowest,No
13226,17,Illinois,170711,1,1,1,0,1,MOKENA,August,23,Wednesday,6,42,Urban,Medium Speed (Collector),No,41.49841389,-87.89796944,Non-Intersection,Daylight,Clear,6:00am-6:59am,42,6:00am-6:59am,48,Unknown,Unknown EMS Hospital Arrival Time,1,Daylight,Clear,0,1,[],[],0,0,Valid,0.0,0.0,44.0,44.0,['Male'],0,0,3,1,4,Dry,Straight,Grade/Hillcrest,Lowest,No
13227,17,Illinois,170712,0,2,1,1,2,CHICAGO,August,23,Wednesday,8,30,Urban,Low Speed (Local),No,41.798975,-87.65985,Non-Intersection,Daylight,Clear,8:00am-8:59am,31,8:00am-8:59am,35,Unknown,Unknown EMS Hospital Arrival Time,1,Daylight,Clear,1,1,['Driver'],['Shoulder_Lapbelt'],0,0,Valid,0.0,0.0,61.0,61.0,['Male'],0,0,3,4,5,Dry,Straight,Level,Lowest,No