,State_Code,State_Name,Crash_ID,Count_Non_Motorists,Count_Vehicles_Total,Count_Vehicle_Forms,Count_PVH_Involved,Count_Occupants_MV,City_Name,Month_Name,Day_of_Month,Day_of_Week,Crash_Hour,Crash_Minute,Area_Rural_Urban,Road_Functional_Class,On_NHS_Road,Latitude,Longitude,Intersection_Type,Light_Condition,Weather_Condition,Notif_Hour,Notif_Minute,Arrival_Hour,Arrival_Minute,Hospital_Hour,Hospital_Minute,Fatalities_Count,Clean_Light_Condition,Clean_Weather_Condition,Total_Killed,Total_Alive,Fatal_Seats_List,Killed_Restraint_List,Any_Driver_Drinking,Total_Drinking_Drivers,Driver_License_Category,Driver_Max_Prev_Accident_Count,Driver_Max_Prev_Speeding_Count,Max_Driver_Age,Min_Driver_Age,Driver_Sex_List,Total_Exceeding_Limit_Vehicles,Total_Too_Fast_Vehicles,Max_Vehicle_Type_Severity_5,Max_Vehicle_Damage_Rank,Max_Harmful_Event_Severity,Crash_Road_Surface_Condition,Crash_Horizontal_Alignment,Crash_Vertical_Profile,Crash_Impairment_Category,Crash_Vehicle_Defect
13228,17,Illinois,170713,0,2,2,0,3,NOT APPLICABLE,August,23,Wednesday,16,32,Urban,High Speed (Arterial),Yes,37.75763611,-89.27221944,Complex/Circle,Daylight,Clear,4:00pm-4:59pm,33,4:00pm-4:59pm,42,Unknown,Unknown EMS Hospital Arrival Time,1,Daylight,Clear,1,2,['Driver'],['Shoulder_Lapbelt'],0,0,Valid,1.0,1.0,77.0,55.0,"['Female', 'Female']",0,0,3,4,5,Dry,Straight,Grade/Hillcrest,Lowest,No
13229,17,Illinois,170714,1,1,1,0,1,CHICAGO,August,23,Wednesday,17,33,Urban,Medium Speed (Collector),No,41.85220278,-87.67841389,Complex/Circle,Daylight,Clear,5:00pm-5:59pm,33,5:00pm-5:59pm,35,Unknown,Unknown EMS Hospital Arrival Time,1,Daylight,Clear,0,1,[],[],0,0,Invalid,0.0,0.0,38.0,38.0,['Male'],0,0,3,1,4,Dry,Straight,Level,Lowest,No
13230,17,Illinois,170715,0,2,2,0,3,LYONS,August,24,Thursday,1,36,Urban,High Speed (Arterial),Yes,41.80853889,-87.80212222,Complex/Circle,Dark - Not Lighted,Clear,1:00am-1:59am,44,1:00am-1:59am,44,Unknown,Unknown EMS Hospital Arrival Time,1,Dark - Unlighted,Clear,1,2,['Driver'],['None_Used'],0,0,Valid,1.0,1.0,47.0,22.0,"['Male', 'Male']",2,0,3,4,5,Dry,Curve,Grade/Hillcrest,Lowest,No
13231,17,Illinois,170716,0,1,1,0,3,NOT APPLICABLE,August,24,Thursday,13,55,Rural,Medium Speed (Collector),No,39.02494444,-88.552875,Non-Intersection,Daylight,Clear,1:00pm-1:59pm,56,2:00pm-2:59pm,5,Unknown,Unknown EMS Hospital Arrival Time,1,Daylight,Clear,1,2,['Rear_Seat'],['None_Used'],0,0,Valid,0.0,0.0,65.0,65.0,['Female'],0,0,2,4,2,Dry,Straight,Level,Medium,No
13232,17,Illinois,170717,0,2,2,0,2,NOT APPLICABLE,August,24,Thursday,15,15,Rural,Medium Speed (Collector),No,40.14356111,-89.46199444,Non-Intersection,Daylight,Clear,3:00pm-3:59pm,15,Unknown EMS Scene Arrival Hour,Unknown EMS Scene Arrival Minutes,Unknown,Unknown EMS Hospital Arrival Time,1,Daylight,Clear,1,1,['Driver'],['Shoulder_Lapbelt'],0,0,Valid,0.0,0.0,85.0,60.0,"['Male', 'Male']",0,0,4,4,5,Dry,Straight,Level,Lowest,No
13233,17,Illinois,170719,0,2,2,0,2,NOT APPLICABLE,August,24,Thursday,21,39,Urban,High Speed (Arterial),Yes,42.37314722,-88.16914167,Non-Intersection,Dark - Not Lighted,Clear,9:00pm-9:59pm,39,9:00pm-9:59pm,51,Unknown,Unknown EMS Hospital Arrival Time,1,Dark - Unlighted,Clear,1,1,['Driver'],['Shoulder_Lapbelt'],1,2,Invalid,0.0,1.0,48.0,21.0,"['Male', 'Male']",0,0,3,4,5,Dry,Straight,Level,Lowest,No
13234,17,Illinois,170721,0,2,2,0,2,NOT APPLICABLE,August,25,Friday,7,21,Urban,Medium Speed (Collector),No,41.62416667,-88.60195,Complex/Circle,Daylight,Clear,7:00am-7:59am,19,7:00am-7:59am,28,Unknown,Unknown EMS Hospital Arrival Time,1,Daylight,Clear,1,1,['Driver'],['Shoulder_Lapbelt'],0,0,Valid,0.0,0.0,52.0,36.0,"['Female', 'Female']",1,0,3,4,5,Dry,Straight,Level,Lowest,No
13235,17,Illinois,170722,0,1,1,0,1,STICKNEY,August,31,Thursday,22,23,Urban,High Speed (Arterial),Yes,41.80923611,-87.76741389,Non-Intersection,Dark - Lighted,Clear,10:00pm-10:59pm,23,10:00pm-10:59pm,25,Unknown,Unknown EMS Hospital Arrival Time,1,Dark - Lighted,Clear,1,0,['Driver'],['Shoulder_Lapbelt'],0,0,Valid,0.0,0.0,33.0,33.0,['Male'],1,0,1,4,3,Dry,Straight,Level,Lowest,No
13236,17,Illinois,170723,0,2,2,0,2,ELK GROVE VILLAGE,August,25,Friday,17,50,Urban,Medium Speed (Collector),No,41.99339722,-87.94909444,Simple Junction,Daylight,Clear,Unknown,Unknown if Notified,Unknown EMS Scene Arrival Hour,Unknown if Arrived,Not Applicable (Not Transported),Not Applicable (Not Transported),1,Daylight,Clear,1,1,['Driver'],['Shoulder_Lapbelt'],0,0,Valid,0.0,1.0,54.0,25.0,"['Male', 'Male']",1,0,4,4,5,Dry,Straight,Level,Lowest,No
13237,17,Illinois,170724,0,2,2,0,5,MATTESON,August,31,Thursday,22,15,Urban,High Speed (Arterial),Yes,41.527975,-87.73249722,Complex/Circle,Dark - Lighted,Clear,10:00pm-10:59pm,15,10:00pm-10:59pm,23,Unknown,Unknown EMS Hospital Arrival Time,1,Dark - Lighted,Clear,1,4,['Rear_Seat'],['Shoulder_Lapbelt'],0,0,Valid,0.0,0.0,58.0,45.0,"['Female', 'Male']",0,0,3,4,5,Dry,Straight,Level,Lowest,No
13238,17,Illinois,170725,0,5,1,4,1,GRAFTON,August,25,Friday,21,4,Rural,Medium Speed (Collector),No,38.96970833,-90.43935556,Non-Intersection,Dark - Not Lighted,Clear,9:00pm-9:59pm,5,9:00pm-9:59pm,12,Unknown,Unknown EMS Hospital Arrival Time,1,Dark - Unlighted,Clear,1,0,['Driver'],['Shoulder_Lapbelt'],1,1,Invalid,0.0,0.0,37.0,37.0,['Female'],1,0,2,4,3,Dry,Straight,Level,Lowest,No
13239,17,Illinois,170726,0,2,2,0,2,NOT APPLICABLE,August,25,Friday,21,53,Urban,High Speed (Arterial),Yes,42.31589444,-88.00595278,Simple Junction,Dark - Not Lighted,Clear,9:00pm-9:59pm,55,10:00pm-10:59pm,3,Unknown,Unknown EMS Hospital Arrival Time,1,Dark - Unlighted,Clear,1,1,['Driver'],['None_Used'],0,0,Valid,0.0,0.0,56.0,25.0,"['Male', 'Male']",0,0,5,4,5,Dry,Curve,Grade/Hillcrest,Lowest,No
13240,17,Illinois,170727,0,1,1,0,1,NOT APPLICABLE,August,26,Saturday,2,53,Urban,Medium Speed (Collector),No,38.60618889,-90.07379167,Non-Intersection,Dark - Not Lighted,Clear,2:00am-2:59am,56,3:00am-3:59am,2,Not Applicable (Not Transported),Not Applicable (Not Transported),1,Dark - Unlighted,Clear,1,0,['Driver'],['None_Used'],0,0,Valid,0.0,0.0,68.0,68.0,['Male'],1,0,2,4,3,Dry,Straight,Level,Lowest,No
13241,17,Illinois,170728,0,2,2,0,4,NOT APPLICABLE,August,26,Saturday,3,4,Rural,Medium Speed (Collector),No,42.47293333,-88.85012778,Complex/Circle,Dark - Not Lighted,Clear,3:00am-3:59am,7,3:00am-3:59am,23,Unknown,Unknown EMS Hospital Arrival Time,1,Dark - Unlighted,Clear,1,3,['Front_Passenger'],['Shoulder_Lapbelt'],1,1,Invalid,0.0,0.0,22.0,21.0,"['Male', 'Female']",0,0,3,4,5,Dry,Straight,Level,Lowest,No
13242,17,Illinois,170729,0,2,2,0,2,ARGENTA,August,31,Thursday,14,35,Rural,Medium Speed (Collector),No,39.9789,-88.82246667,Complex/Circle,Daylight,Clear,Unknown,Unknown,Unknown EMS Scene Arrival Hour,Unknown EMS Scene Arrival Minutes,Unknown,Unknown EMS Hospital Arrival Time,1,Daylight,Clear,1,1,['Driver'],['None_Used'],0,0,Valid,0.0,0.0,74.0,70.0,"['Male', 'Male']",0,0,5,4,5,Dry,Straight,Level,Lowest,No
13243,17,Illinois,170730,0,1,1,0,1,CHICAGO,August,26,Saturday,10,30,Urban,High Speed (Arterial),Yes,41.63428611,-87.57892222,Non-Intersection,Daylight,Clear,10:00am-10:59am,39,10:00am-10:59am,59,Not Applicable (Not Transported),Not Applicable (Not Transported),1,Daylight,Clear,1,0,['Driver'],['Shoulder_Lapbelt'],0,0,Valid,0.0,1.0,22.0,22.0,['Male'],1,0,2,4,3,Dry,Curve,Level,Lowest,No
13244,17,Illinois,170731,0,2,2,0,5,Other,August,31,Thursday,7,2,Urban,High Speed (Arterial),Yes,42.00083611,-88.26865,Complex/Circle,Daylight,Clear,7:00am-7:59am,2,7:00am-7:59am,9,Unknown,Unknown EMS Hospital Arrival Time,2,Daylight,Clear,2,3,"['Rear_Seat', 'Front_Passenger']","['Shoulder_Lapbelt', 'Shoulder_Lapbelt']",0,0,Valid,1.0,1.0,24.0,17.0,"['Female', 'Male']",0,0,4,4,5,Dry,Straight,Level,Lowest,No
13245,17,Illinois,170732,0,2,2,0,2,ROCKBRIDGE,August,31,Thursday,6,29,Rural,Medium Speed (Collector),No,39.30573889,-90.17255,Non-Intersection,Daylight,Clear,6:00am-6:59am,39,6:00am-6:59am,45,Unknown,Unknown EMS Hospital Arrival Time,1,Daylight,Clear,1,1,['Driver'],['None_Used'],0,0,Valid,0.0,0.0,81.0,55.0,"['Male', 'Male']",0,0,4,4,5,Dry,Straight,Level,Lowest,No
13246,17,Illinois,170733,0,1,1,0,1,ROCKFORD,August,31,Thursday,1,35,Urban,Medium Speed (Collector),No,42.28636389,-89.05409444,Non-Intersection,Dark - Lighted,Clear,1:00am-1:59am,35,Unknown EMS Scene Arrival Hour,Unknown EMS Scene Arrival Minutes,Unknown,Unknown EMS Hospital Arrival Time,1,Dark - Lighted,Clear,1,0,['Driver'],['None_Used'],1,1,Valid,0.0,0.0,31.0,31.0,['Male'],0,0,5,4,3,Dry,Curve,Grade/Hillcrest,Lowest,No
13247,17,Illinois,170734,0,2,2,0,2,DECATUR,August,30,Wednesday,18,57,Urban,High Speed (Arterial),Yes,39.81991111,-88.8738,Complex/Circle,Dark - Lighted,Clear,Unknown,Unknown,Unknown EMS Scene Arrival Hour,Unknown EMS Scene Arrival Minutes,Unknown,Unknown EMS Hospital Arrival Time,1,Dark - Lighted,Clear,1,1,['Driver'],['None_Used'],0,0,Valid,0.0,0.0,44.0,28.0,"['Female', 'Male']",0,0,5,4,5,Dry,Straight,Level,Lowest,No
13248,17,Illinois,170735,1,1,1,0,1,ELK GROVE VILLAGE,August,30,Wednesday,11,12,Urban,High Speed (Arterial),Yes,42.00391667,-87.95945,Complex/Circle,Daylight,Clear,Unknown,Unknown,Unknown EMS Scene Arrival Hour,Unknown EMS Scene Arrival Minutes,Unknown,Unknown EMS Hospital Arrival Time,1,Daylight,Clear,0,1,[],[],0,0,Valid,0.0,0.0,39.0,39.0,['Male'],0,0,4,1,4,Dry,Straight,Level,Lowest,No
13249,17,Illinois,170736,0,1,1,0,1,NOT APPLICABLE,August,26,Saturday,14,45,Rural,Medium Speed (Collector),No,41.42299444,-89.56015833,Non-Intersection,Daylight,Clear,2:00pm-2:59pm,53,3:00pm-3:59pm,10,Not Applicable (Not Transported),Not Applicable (Not Transported),1,Daylight,Clear,1,0,['Driver'],['None_Used'],0,0,Valid,0.0,0.0,44.0,44.0,['Female'],1,0,2,4,2,Dry,Straight,Level,Lowest,No
13250,17,Illinois,170737,0,3,3,0,3,NOT APPLICABLE,August,30,Wednesday,7,49,Rural,High Speed (Arterial),Yes,40.12746944,-87.72989167,Non-Intersection,Daylight,Clear,7:00am-7:59am,49,8:00am-8:59am,2,Not Applicable (Not Transported),Not Applicable (Not Transported),1,Daylight,Clear,1,2,['Driver'],['Shoulder_Lapbelt'],0,0,Valid,0.0,0.0,61.0,47.0,"['Male', 'Male', 'Male']",1,0,4,4,5,Dry,Straight,Grade/Hillcrest,Lowest,No
13251,17,Illinois,170738,0,3,3,0,5,NOT APPLICABLE,August,26,Saturday,15,28,Rural,High Speed (Arterial),Yes,39.20068056,-88.29874722,Non-Intersection,Daylight,Clear,3:00pm-3:59pm,29,3:00pm-3:59pm,35,Unknown,Unknown EMS Hospital Arrival Time,1,Daylight,Clear,1,4,['Driver'],['Shoulder_Lapbelt'],1,1,Valid,0.0,0.0,60.0,24.0,"['Male', 'Male', 'Male']",0,0,4,4,5,Dry,Straight,Level,Lowest,No
13252,17,Illinois,170739,1,2,1,1,2,NOT APPLICABLE,August,30,Wednesday,6,35,Rural,High Speed (Arterial),Yes,40.33705278,-88.76411111,Non-Intersection,Daylight,Clear,6:00am-6:59am,35,6:00am-6:59am,37,Unknown,Unknown EMS Hospital Arrival Time,1,Daylight,Clear,1,1,['Driver'],['None_Used'],0,0,Valid,0.0,3.0,33.0,33.0,['Male'],2,0,3,4,5,Dry,Straight,Grade/Hillcrest,Lowest,No
13253,17,Illinois,170740,0,1,1,0,2,NOT APPLICABLE,August,27,Sunday,2,2,Rural,Medium Speed (Collector),No,41.29744167,-87.592975,Non-Intersection,Dark - Not Lighted,Clear,2:00am-2:59am,2,2:00am-2:59am,13,Not Applicable (Not Transported),Not Applicable (Not Transported),2,Dark - Unlighted,Clear,2,0,"['Driver', 'Rear_Seat']","['None_Used', 'None_Used']",1,1,Valid,0.0,0.0,34.0,34.0,['Male'],0,0,5,4,2,Dry,Straight,Level,Lowest,No
13254,17,Illinois,170741,1,1,1,0,1,BELLEVILLE,August,28,Monday,21,52,Urban,Medium Speed (Collector),No,38.541425,-90.01059722,Non-Intersection,Dark - Lighted,Clear,9:00pm-9:59pm,52,10:00pm-10:59pm,4,Unknown,Unknown EMS Hospital Arrival Time,1,Dark - Lighted,Clear,0,1,[],[],1,1,Invalid,0.0,0.0,45.0,45.0,['Male'],0,0,2,3,4,Dry,Straight,Level,Lowest,No
13255,17,Illinois,170743,0,2,2,0,2,NOT APPLICABLE,August,27,Sunday,2,45,Rural,Medium Speed (Collector),No,41.17926667,-87.59779444,Non-Intersection,Dark - Not Lighted,Clear,Unknown,Unknown,Unknown EMS Scene Arrival Hour,Unknown EMS Scene Arrival Minutes,Unknown,Unknown EMS Hospital Arrival Time,1,Dark - Unlighted,Clear,1,1,['Driver'],['None_Used'],0,0,Invalid,0.0,0.0,998.0,52.0,"['Other', 'Male']",0,0,5,4,5,Dry,Straight,Grade/Hillcrest,Lowest,No
13256,17,Illinois,170744,0,2,2,0,2,NOT APPLICABLE,August,28,Monday,16,45,Urban,Medium Speed (Collector),No,42.03345833,-88.62672222,Complex/Circle,Daylight,Clear,Unknown,Unknown,Unknown EMS Scene Arrival Hour,Unknown EMS Scene Arrival Minutes,Not Applicable (Not Transported),Not Applicable (Not Transported),1,Daylight,Clear,1,1,['Driver'],['Shoulder_Lapbelt'],0,0,Valid,0.0,0.0,59.0,27.0,"['Male', 'Male']",0,0,4,4,5,Dry,Straight,Level,Lowest,No
13257,17,Illinois,170745,1,1,1,0,1,PEORIA,August,28,Monday,3,28,Urban,High Speed (Arterial),Yes,40.6823,-89.62318611,Complex/Circle,Dark - Lighted,Clear,3:00am-3:59am,35,3:00am-3:59am,38,Not Applicable (Not Transported),Not Applicable (Not Transported),1,Dark - Lighted,Clear,0,1,[],[],0,0,Invalid,0.0,0.0,998.0,998.0,['Other'],1,0,3,3,4,Dry,Straight,Level,Lowest,No
13258,17,Illinois,170746,0,3,3,0,4,CHICAGO,August,28,Monday,11,45,Urban,Medium Speed (Collector),No,41.77172222,-87.70303056,Complex/Circle,Daylight,Clear,11:00am-11:59am,52,12:00pm-12:59pm,0,12:00pm-12:59pm,Unknown EMS Hospital Arrival Time,1,Daylight,Clear,1,3,['Driver'],['None_Used'],0,0,Valid,0.0,0.0,83.0,37.0,"['Female', 'Male', 'Male']",0,0,5,4,5,Dry,Straight,Level,Lowest,No
13259,17,Illinois,170747,1,1,1,0,6,MAYWOOD,August,28,Monday,7,9,Urban,Low Speed (Local),No,41.87091111,-87.83846944,Complex/Circle,Daylight,Clear,7:00am-7:59am,10,7:00am-7:59am,17,Unknown,Unknown EMS Hospital Arrival Time,1,Daylight,Clear,0,6,[],[],0,0,Valid,0.0,0.0,63.0,63.0,['Male'],0,0,3,2,4,Dry,Straight,Level,Lowest,No
13260,17,Illinois,170748,0,1,1,0,1,CHICAGO,September,1,Friday,2,17,Urban,Low Speed (Local),No,41.97602222,-87.89111944,Non-Intersection,Dark - Lighted,Clear,2:00am-2:59am,Unknown,2:00am-2:59am,25,Unknown,Unknown EMS Hospital Arrival Time,1,Dark - Lighted,Clear,1,0,['Driver'],['None_Used'],0,0,Valid,0.0,0.0,80.0,80.0,['Male'],1,0,4,4,3,Dry,Curve,Level,Lowest,No
13261,17,Illinois,170749,0,1,1,0,1,NOT APPLICABLE,September,30,Saturday,20,45,Rural,Medium Speed (Collector),No,39.69438333,-91.0119,Non-Intersection,Dark - Not Lighted,Clear,Unknown,Unknown,Unknown EMS Scene Arrival Hour,Unknown EMS Scene Arrival Minutes,Not Applicable (Not Transported),Not Applicable (Not Transported),1,Dark - Unlighted,Clear,1,0,['Driver'],['None_Used'],1,1,Valid,0.0,1.0,25.0,25.0,['Female'],0,0,3,4,3,Dry,Curve,Grade/Hillcrest,Lowest,No
13262,17,Illinois,170750,0,2,2,0,2,DES PLAINES,September,1,Friday,4,18,Urban,High Speed (Arterial),Yes,42.00881389,-87.90842778,Non-Intersection,Dark - Not Lighted,Clear,4:00am-4:59am,20,4:00am-4:59am,47,Not Applicable (Not Transported),Not Applicable (Not Transported),1,Dark - Unlighted,Clear,1,1,['Driver'],['None_Used'],0,0,Valid,2.0,0.0,55.0,26.0,"['Male', 'Male']",1,0,5,4,5,Dry,Straight,Level,Lowest,No
13263,17,Illinois,170751,0,3,3,0,4,NOT APPLICABLE,September,30,Saturday,20,20,Rural,Medium Speed (Collector),No,41.54008611,-89.68664444,Non-Intersection,Dark - Not Lighted,Clear,8:00pm-8:59pm,24,8:00pm-8:59pm,40,Unknown,Unknown EMS Hospital Arrival Time,1,Dark - Unlighted,Clear,1,3,['Driver'],['None_Used'],1,1,Valid,0.0,0.0,54.0,18.0,"['Male', 'Female', 'Male']",0,0,5,4,5,Dry,Straight,Level,Lowest,No
13264,17,Illinois,170752,0,2,2,0,2,NOT APPLICABLE,September,1,Friday,23,18,Urban,High Speed (Arterial),Yes,38.73555556,-87.673825,Non-Intersection,Dark - Not Lighted,Clear,11:00pm-11:59pm,22,11:00pm-11:59pm,40,Unknown,Unknown EMS Hospital Arrival Time,1,Dark - Unlighted,Clear,1,1,['Driver'],['Shoulder_Lapbelt'],0,0,Valid,0.0,1.0,47.0,26.0,"['Male', 'Male']",0,0,4,4,5,Dry,Straight,Level,Lowest,No
13265,17,Illinois,170753,0,2,2,0,2,SHABBONA,September,30,Saturday,16,51,Rural,Medium Speed (Collector),No,41.76792222,-88.86236111,Complex/Circle,Daylight,Clear,4:00pm-4:59pm,52,Unknown EMS Scene Arrival Hour,Unknown EMS Scene Arrival Minutes,Not Applicable (Not Transported),Not Applicable (Not Transported),1,Daylight,Clear,1,1,['Driver'],['None_Used'],0,0,Invalid,0.0,0.0,58.0,35.0,"['Male', 'Male']",0,0,5,3,5,Dry,Straight,Level,Lowest,No
13266,17,Illinois,170754,0,2,2,0,2,CHICAGO,September,1,Friday,13,39,Urban,High Speed (Arterial),Yes,41.72251111,-87.570525,Complex/Circle,Daylight,Clear,2:00pm-2:59pm,0,2:00pm-2:59pm,9,Unknown,Unknown EMS Hospital Arrival Time,1,Daylight,Clear,1,1,['Driver'],['Shoulder_Lapbelt'],0,0,Valid,0.0,1.0,84.0,35.0,"['Female', 'Male']",0,0,3,4,5,Dry,Straight,Level,Lowest,No
13267,17,Illinois,170755,0,1,1,0,2,NOT APPLICABLE,September,30,Saturday,10,39,Rural,Low Speed (Local),No,42.05893889,-89.23796389,Complex/Circle,Daylight,Clear,10:00am-10:59am,46,10:00am-10:59am,54,Not Applicable (Not Transported),Not Applicable (Not Transported),2,Daylight,Clear,2,0,"['Driver', 'Front_Passenger']","['Shoulder_Lapbelt', 'Shoulder_Lapbelt']",1,1,Invalid,0.0,1.0,26.0,26.0,['Male'],2,0,3,4,3,Dry,Straight,Level,Lowest,No
13268,17,Illinois,170756,0,3,2,1,2,NOT APPLICABLE,September,30,Saturday,9,23,Urban,Medium Speed (Collector),No,42.28651111,-87.883375,Non-Intersection,Daylight,Clear,9:00am-9:59am,23,9:00am-9:59am,35,Not Applicable (Not Transported),Not Applicable (Not Transported),1,Daylight,Clear,1,1,['Driver'],['None_Used'],0,0,Valid,0.0,1.0,36.0,21.0,"['Male', 'Male']",0,0,4,4,5,Dry,Straight,Level,Lowest,No
13269,17,Illinois,170757,0,3,3,0,3,CHICAGO,September,1,Friday,16,15,Urban,Medium Speed (Collector),No,41.89475,-87.70655,Non-Intersection,Daylight,Clear,4:00pm-4:59pm,16,4:00pm-4:59pm,18,Unknown,Unknown EMS Hospital Arrival Time,1,Daylight,Clear,1,2,['Driver'],['Shoulder_Lapbelt'],0,0,Invalid,0.0,1.0,33.0,26.0,"['Male', 'Male', 'Male']",1,0,3,1,5,Dry,Straight,Level,Lowest,No
13270,17,Illinois,170758,1,1,1,0,1,EAST SAINT LOUIS,September,30,Saturday,8,46,Urban,High Speed (Arterial),Yes,38.61880833,-90.150075,Non-Intersection,Dark - Lighted,Clear,8:00am-8:59am,40,Unknown EMS Scene Arrival Hour,Unknown EMS Scene Arrival Minutes,Unknown,Unknown EMS Hospital Arrival Time,1,Dark - Lighted,Clear,0,1,[],[],0,0,Invalid,0.0,0.0,998.0,998.0,['Other'],0,0,3,1,4,Dry,Straight,Level,Lowest,No
13271,17,Illinois,170759,0,2,2,0,2,NOT APPLICABLE,September,2,Saturday,2,40,Rural,High Speed (Arterial),Yes,39.32475556,-87.97160278,Non-Intersection,Dark - Not Lighted,Clear,2:00am-2:59am,40,2:00am-2:59am,40,Unknown,Unknown EMS Hospital Arrival Time,1,Dark - Unlighted,Clear,1,1,['Driver'],['Shoulder_Lapbelt'],0,0,Valid,0.0,0.0,60.0,54.0,"['Male', 'Male']",0,0,4,4,5,Dry,Straight,Level,Lowest,No
13272,17,Illinois,170760,0,1,1,0,2,CHICAGO,June,17,Saturday,23,5,Urban,High Speed (Arterial),Yes,41.73593889,-87.63501111,Non-Intersection,Dark - Lighted,Clear,Unknown,Unknown,Unknown EMS Scene Arrival Hour,Unknown EMS Scene Arrival Minutes,Not Applicable (Not Transported),Not Applicable (Not Transported),2,Dark - Lighted,Clear,2,0,"['Driver', 'Front_Passenger']","['Shoulder_Lapbelt', 'Shoulder_Lapbelt']",0,0,Invalid,0.0,0.0,24.0,24.0,['Male'],2,0,2,4,3,Dry,Straight,Level,Lowest,No
13273,17,Illinois,170761,0,2,2,0,5,MELROSE PARK,September,30,Saturday,2,34,Urban,High Speed (Arterial),Yes,41.90776111,-87.86320556,Simple Junction,Dark - Lighted,Clear,Unknown,Unknown,Unknown EMS Scene Arrival Hour,Unknown EMS Scene Arrival Minutes,Unknown,Unknown EMS Hospital Arrival Time,1,Dark - Lighted,Clear,1,4,['Front_Passenger'],['Shoulder_Lapbelt'],0,0,Valid,0.0,0.0,53.0,35.0,"['Male', 'Male']",2,0,4,4,5,Dry,Straight,Level,Lowest,No
13274,17,Illinois,170763,0,2,2,0,4,NOT APPLICABLE,September,30,Saturday,2,15,Rural,Low Speed (Local),No,41.79053889,-88.77386667,Complex/Circle,Dark - Not Lighted,Clear,2:00am-2:59am,16,2:00am-2:59am,Unknown EMS Scene Arrival Minutes,Unknown,Unknown EMS Hospital Arrival Time,1,Dark - Unlighted,Clear,1,3,['Rear_Seat'],['None_Used'],0,0,Valid,0.0,0.0,50.0,48.0,"['Male', 'Male']",0,0,3,4,5,Dry,Straight,Level,Lowest,No
13275,17,Illinois,170764,0,2,2,0,4,WOOD RIVER,June,24,Saturday,23,31,Urban,High Speed (Arterial),Yes,38.85824444,-90.108625,Complex/Circle,Dark - Lighted,Clear,11:00pm-11:59pm,32,11:00pm-11:59pm,33,Unknown,Unknown EMS Hospital Arrival Time,1,Dark - Lighted,Clear,1,3,['Front_Passenger'],['Shoulder_Lapbelt'],0,0,Invalid,0.0,0.0,43.0,24.0,"['Male', 'Female']",0,0,3,4,5,Dry,Straight,Level,Lowest,No
13276,17,Illinois,170765,0,1,1,0,1,DES PLAINES,September,30,Saturday,1,50,Urban,High Speed (Arterial),Yes,42.05023056,-87.91265833,Complex/Circle,Dark - Not Lighted,Clear,1:00am-1:59am,53,1:00am-1:59am,57,Unknown,Unknown EMS Hospital Arrival Time,1,Dark - Unlighted,Clear,1,0,['Driver'],['None_Used'],0,0,Valid,0.0,0.0,35.0,35.0,['Male'],0,0,5,4,3,Dry,Curve,Level,Lowest,No
13277,17,Illinois,170766,1,1,1,0,1,GLENDALE HEIGHTS,September,29,Friday,14,46,Urban,High Speed (Arterial),Yes,41.90235278,-88.09390833,Complex/Circle,Daylight,Clear,2:00pm-2:59pm,46,2:00pm-2:59pm,51,Unknown,Unknown EMS Hospital Arrival Time,1,Daylight,Clear,0,1,[],[],0,0,Valid,0.0,0.0,57.0,57.0,['Female'],0,0,3,3,4,Dry,Straight,Level,Lowest,No
13278,17,Illinois,170767,0,3,3,0,4,NOT APPLICABLE,September,2,Saturday,21,28,Urban,Medium Speed (Collector),No,41.7638,-88.48345,Non-Intersection,Dark - Not Lighted,Clear,9:00pm-9:59pm,28,9:00pm-9:59pm,30,Unknown,Unknown EMS Hospital Arrival Time,3,Dark - Unlighted,Clear,3,1,"['Driver', 'Driver', 'Rear_Seat']","['None_Used', 'None_Used', 'None_Used']",1,1,Valid,1.0,1.0,55.0,39.0,"['Male', 'Male', 'Male']",1,0,5,4,5,Dry,Straight,Level,Lowest,No
13279,17,Illinois,170768,0,4,4,0,8,NOT APPLICABLE,June,27,Tuesday,21,50,Rural,High Speed (Arterial),Yes,41.30904167,-88.19988056,Non-Intersection,Dark - Not Lighted,Clear,9:00pm-9:59pm,51,9:00pm-9:59pm,52,Unknown,Unknown EMS Hospital Arrival Time,2,Dark - Unlighted,Clear,2,6,"['Driver', 'Front_Passenger']","['Shoulder_Lapbelt', 'Shoulder_Lapbelt']",1,2,Valid,1.0,0.0,68.0,33.0,"['Male', 'Male', 'Male', 'Male']",0,0,4,4,5,Dry,Curve,Level,Lowest,No
13280,17,Illinois,170769,0,1,1,0,1,CICERO,September,29,Friday,0,35,Urban,High Speed (Arterial),Yes,41.83971667,-87.75670833,Non-Intersection,Dark - Lighted,Clear,0:00am-0:59am,36,0:00am-0:59am,42,Not Applicable (Not Transported),Not Applicable (Not Transported),1,Dark - Lighted,Clear,1,0,['Driver'],['Shoulder_Lapbelt'],0,0,Valid,0.0,0.0,23.0,23.0,['Female'],0,0,2,4,3,Dry,Straight,Level,Lowest,No
13281,17,Illinois,170770,0,2,2,0,2,NOT APPLICABLE,September,28,Thursday,20,30,Rural,Medium Speed (Collector),No,38.25415556,-88.53818611,Non-Intersection,Dark - Not Lighted,Clear,8:00am-8:59am,30,8:00am-8:59am,40,Unknown,Unknown EMS Hospital Arrival Time,1,Dark - Unlighted,Clear,1,1,['Driver'],['None_Used'],0,0,Valid,0.0,0.0,17.0,17.0,"['Male', 'Male']",0,0,2,4,5,Dry,Straight,Level,Lowest,No