,State_Code,State_Name,Crash_ID,Count_Non_Motorists,Count_Vehicles_Total,Count_Vehicle_Forms,Count_PVH_Involved,Count_Occupants_MV,City_Name,Month_Name,Day_of_Month,Day_of_Week,Crash_Hour,Crash_Minute,Area_Rural_Urban,Road_Functional_Class,On_NHS_Road,Latitude,Longitude,Intersection_Type,Light_Condition,Weather_Condition,Notif_Hour,Notif_Minute,Arrival_Hour,Arrival_Minute,Hospital_Hour,Hospital_Minute,Fatalities_Count,Clean_Light_Condition,Clean_Weather_Condition,Total_Killed,Total_Alive,Fatal_Seats_List,Killed_Restraint_List,Any_Driver_Drinking,Total_Drinking_Drivers,Driver_License_Category,Driver_Max_Prev_Accident_Count,Driver_Max_Prev_Speeding_Count,Max_Driver_Age,Min_Driver_Age,Driver_Sex_List,Total_Exceeding_Limit_Vehicles,Total_Too_Fast_Vehicles,Max_Vehicle_Type_Severity_5,Max_Vehicle_Damage_Rank,Max_Harmful_Event_Severity,Crash_Road_Surface_Condition,Crash_Horizontal_Alignment,Crash_Vertical_Profile,Crash_Impairment_Category,Crash_Vehicle_Defect
13282,17,Illinois,170771,0,1,1,0,2,NOT APPLICABLE,September,2,Saturday,21,44,Rural,Medium Speed (Collector),No,41.25593056,-89.01209444,Non-Intersection,Dark - Not Lighted,Clear,Unknown,Unknown if Notified,Unknown EMS Scene Arrival Hour,Unknown if Arrived,Not Applicable (Not Transported),Not Applicable (Not Transported),2,Dark - Unlighted,Clear,2,0,"['Driver', 'Rear_Seat']","['None_Used', 'None_Used']",1,1,Valid,0.0,0.0,60.0,60.0,['Male'],2,0,5,4,3,Dry,Curve,Grade/Hillcrest,Lowest,No
13283,17,Illinois,170772,0,1,1,0,1,CHICAGO,September,2,Saturday,23,59,Urban,Medium Speed (Collector),Yes,41.69704167,-87.62094167,Non-Intersection,Dark - Not Lighted,Clear,Unknown,Unknown,0:00am-0:59am,15,Unknown,Unknown EMS Hospital Arrival Time,1,Dark - Unlighted,Clear,1,0,['Driver'],['Shoulder_Lapbelt'],0,0,Valid,0.0,0.0,54.0,54.0,['Male'],0,0,2,4,3,Dry,Straight,Level,Lowest,No
13284,17,Illinois,170773,0,2,2,0,3,NOT APPLICABLE,September,3,Sunday,17,36,Rural,High Speed (Arterial),Yes,42.08828889,-88.56889444,Complex/Circle,Daylight,Clear,5:00pm-5:59pm,36,5:00pm-5:59pm,48,Unknown,Unknown EMS Hospital Arrival Time,1,Daylight,Clear,1,2,['Front_Passenger'],['Shoulder_Lapbelt'],0,0,Valid,0.0,0.0,40.0,34.0,"['Male', 'Female']",0,0,3,4,5,Dry,Straight,Level,Lowest,No
13285,17,Illinois,170774,1,1,1,0,2,CHICAGO HEIGHTS,September,3,Sunday,20,17,Urban,Medium Speed (Collector),No,41.513225,-87.64219722,Non-Intersection,Dusk,Clear,8:00pm-8:59pm,17,8:00pm-8:59pm,17,Unknown,Unknown EMS Hospital Arrival Time,1,Twilight,Clear,0,2,[],[],0,0,Valid,0.0,0.0,26.0,26.0,['Female'],0,0,1,2,4,Dry,Straight,Level,Lowest,No
13286,17,Illinois,170775,0,1,1,0,1,NOT APPLICABLE,September,3,Sunday,21,51,Rural,High Speed (Arterial),Yes,39.04672222,-89.088325,Non-Intersection,Dark - Not Lighted,Clear,9:00pm-9:59pm,51,10:00pm-10:59pm,0,Not Applicable (Not Transported),Not Applicable (Not Transported),1,Dark - Unlighted,Clear,1,0,['Driver'],['Shoulder_Lapbelt'],0,0,Valid,0.0,0.0,17.0,17.0,['Female'],1,0,3,4,3,Dry,Straight,Grade/Hillcrest,Lowest,No
13287,17,Illinois,170776,0,1,1,0,1,NOT APPLICABLE,September,4,Monday,0,44,Rural,Low Speed (Local),No,40.86193889,-90.34611111,Non-Intersection,Dark - Not Lighted,Clear,Unknown,Unknown if Notified,Unknown EMS Scene Arrival Hour,Unknown if Arrived,Not Applicable (Not Transported),Not Applicable (Not Transported),1,Dark - Unlighted,Clear,1,0,['Driver'],['None_Used'],1,1,Valid,0.0,0.0,56.0,56.0,['Male'],0,0,5,4,3,Dry,Curve,Level,Lowest,No
13288,17,Illinois,170777,0,2,2,0,2,CHICAGO,September,5,Tuesday,0,11,Urban,Medium Speed (Collector),No,41.75990556,-87.64429167,Non-Intersection,Dark - Lighted,Clear,Unknown,Unknown,0:00am-0:59am,0,Unknown,Unknown EMS Hospital Arrival Time,1,Dark - Lighted,Clear,1,1,['Driver'],['None_Used'],0,0,Invalid,0.0,0.0,998.0,48.0,"['Other', 'Male']",0,0,5,1,5,Dry,Straight,Level,Lowest,No
13289,17,Illinois,170778,0,2,2,0,2,CARTERVILLE,September,5,Tuesday,8,35,Rural,Medium Speed (Collector),No,37.65389167,-89.0816,Non-Intersection,Daylight,Clear,8:00am-8:59am,38,8:00am-8:59am,45,Unknown,Unknown EMS Hospital Arrival Time,1,Daylight,Clear,1,1,['Driver'],['None_Used'],0,0,Valid,0.0,2.0,24.0,20.0,"['Male', 'Male']",1,0,3,4,5,Dry,Straight,Grade/Hillcrest,Medium,No
13290,17,Illinois,170779,1,1,1,0,1,CHICAGO,September,5,Tuesday,8,40,Urban,High Speed (Arterial),Yes,41.86735556,-87.62597778,Complex/Circle,Daylight,Clear,8:00am-8:59am,Unknown,8:00am-8:59am,45,Unknown,Unknown EMS Hospital Arrival Time,1,Daylight,Clear,0,1,[],[],0,0,Invalid,0.0,0.0,998.0,998.0,['Female'],0,0,3,1,4,Dry,Straight,Level,Lowest,No
13291,17,Illinois,170780,0,2,2,0,2,BERWYN,September,5,Tuesday,8,57,Urban,High Speed (Arterial),Yes,41.82802222,-87.79030278,Complex/Circle,Daylight,Clear,8:00am-8:59am,57,9:00am-9:59am,5,Unknown,Unknown EMS Hospital Arrival Time,1,Daylight,Clear,1,1,['Driver'],['None_Used'],0,0,Valid,0.0,1.0,33.0,23.0,"['Male', 'Male']",0,0,5,4,5,Dry,Straight,Level,Lowest,No
13292,17,Illinois,170782,0,2,1,1,2,FREEPORT,September,5,Tuesday,14,25,Urban,Medium Speed (Collector),No,42.29639444,-89.65147778,Non-Intersection,Daylight,Clear,2:00am-2:59am,31,2:00am-2:59am,35,Unknown,Unknown EMS Hospital Arrival Time,1,Daylight,Clear,1,1,['Driver'],['Shoulder_Lapbelt'],0,0,Invalid,0.0,0.0,79.0,79.0,['Male'],0,0,3,4,5,Dry,Straight,Level,Medium,No
13293,17,Illinois,170783,0,2,2,0,2,NOT APPLICABLE,September,5,Tuesday,17,5,Urban,High Speed (Arterial),Yes,42.31625556,-87.96254722,Non-Intersection,Daylight,Clear,5:00pm-5:59pm,5,5:00pm-5:59pm,14,Unknown,Unknown EMS Hospital Arrival Time,1,Daylight,Clear,1,1,['Driver'],['None_Used'],0,0,Valid,1.0,0.0,68.0,49.0,"['Male', 'Female']",1,0,5,4,5,Dry,Straight,Level,Lowest,No
13294,17,Illinois,170784,0,1,1,0,1,NOT APPLICABLE,September,28,Thursday,11,36,Rural,High Speed (Arterial),Yes,40.68264722,-88.76066389,Non-Intersection,Daylight,Cloudy,11:00am-11:59am,36,11:00am-11:59am,48,Unknown,Unknown EMS Hospital Arrival Time,1,Daylight,Reduced Visibility,1,0,['Driver'],['Shoulder_Lapbelt'],0,0,Valid,0.0,0.0,78.0,78.0,['Male'],1,0,3,4,3,Dry,Straight,Level,Lowest,Yes
13295,17,Illinois,170785,0,1,1,0,3,HARVEY,September,28,Thursday,16,35,Urban,Low Speed (Local),No,41.62138333,-87.65588056,Non-Intersection,Dusk,Other,4:00pm-4:59pm,40,4:00pm-4:59pm,45,Unknown,Unknown EMS Hospital Arrival Time,1,Twilight,Reduced Visibility,1,2,['Driver'],['None_Used'],0,0,Invalid,0.0,0.0,41.0,41.0,['Male'],3,0,2,4,3,Dry,Straight,Grade/Hillcrest,Lowest,No
13296,17,Illinois,170786,0,2,2,0,2,NOT APPLICABLE,September,6,Wednesday,6,6,Urban,Medium Speed (Collector),No,42.0617,-88.32863056,Non-Intersection,Dawn,Clear,6:00am-6:59am,6,6:00am-6:59am,11,Unknown,Unknown EMS Hospital Arrival Time,1,Twilight,Clear,1,1,['Driver'],['Shoulder_Lapbelt'],0,0,Valid,0.0,0.0,45.0,28.0,"['Male', 'Male']",1,0,2,4,5,Wet/Standing Water,Straight,Level,Lowest,Yes
13297,17,Illinois,170787,0,1,1,0,2,NOT APPLICABLE,September,27,Wednesday,14,25,Rural,Medium Speed (Collector),No,41.31969722,-88.765175,Non-Intersection,Daylight,Clear,2:00pm-2:59pm,27,2:00pm-2:59pm,40,Unknown,Unknown EMS Hospital Arrival Time,1,Daylight,Clear,1,1,['Driver'],['None_Used'],0,0,Valid,0.0,0.0,58.0,58.0,['Male'],2,0,2,4,3,Dry,Curve,Level,Lowest,No
13298,17,Illinois,170788,0,3,3,0,4,HOMEWOOD,September,6,Wednesday,8,48,Urban,Medium Speed (Collector),No,41.55711667,-87.69425,Complex/Circle,Daylight,Clear,8:00am-8:59am,48,8:00am-8:59am,55,Unknown,Unknown EMS Hospital Arrival Time,1,Daylight,Clear,1,3,['Driver'],['Shoulder_Lapbelt'],0,0,Valid,0.0,0.0,76.0,19.0,"['Male', 'Female', 'Female']",1,0,3,4,5,Wet/Standing Water,Straight,Level,Lowest,Yes
13299,17,Illinois,170789,0,3,3,0,4,BARRINGTON HILLS,September,27,Wednesday,12,11,Urban,High Speed (Arterial),Yes,42.13051111,-88.22380833,Complex/Circle,Daylight,Clear,12:00pm-12:59pm,11,12:00pm-12:59pm,20,Not Applicable (Not Transported),Not Applicable (Not Transported),1,Daylight,Clear,1,3,['Driver'],['Shoulder_Lapbelt'],0,0,Valid,0.0,0.0,74.0,41.0,"['Female', 'Male', 'Male']",0,0,4,4,5,Dry,Straight,Level,Lowest,No
13300,17,Illinois,170790,0,1,1,0,3,CHICAGO,September,27,Wednesday,2,30,Urban,High Speed (Arterial),Yes,41.71323333,-87.65137222,Non-Intersection,Dark - Lighted,Clear,2:00am-2:59am,32,2:00am-2:59am,40,Unknown,Unknown EMS Hospital Arrival Time,2,Dark - Lighted,Clear,2,1,"['Driver', 'Rear_Seat']","['None_Used', 'None_Used']",0,0,Invalid,0.0,0.0,28.0,28.0,['Male'],3,0,3,4,3,Wet/Standing Water,Curve,Level,Lowest,No
13301,17,Illinois,170791,1,1,1,0,1,PEOTONE,September,6,Wednesday,19,52,Urban,High Speed (Arterial),Yes,41.3321,-87.78538333,Complex/Circle,Dark - Lighted,Rain,7:00pm-7:59pm,53,7:00pm-7:59pm,56,Unknown,Unknown EMS Hospital Arrival Time,1,Dark - Lighted,Rain/Wind/Minor,0,1,[],[],0,0,Valid,0.0,0.0,17.0,17.0,['Male'],0,0,2,4,4,Wet/Standing Water,Straight,Level,Lowest,No
13302,17,Illinois,170792,1,1,1,0,1,AURORA,September,27,Wednesday,1,56,Urban,Medium Speed (Collector),No,41.7672,-88.39672778,Non-Intersection,Dark - Not Lighted,Clear,1:00am-1:59am,56,2:00am-2:59am,1,Not Applicable (Not Transported),Not Applicable (Not Transported),1,Dark - Unlighted,Clear,0,1,[],[],0,0,Invalid,0.0,0.0,998.0,998.0,['Other'],0,0,1,0,4,Dry,Straight,Level,Lowest,No
13303,17,Illinois,170793,1,1,1,0,1,NOT APPLICABLE,September,6,Wednesday,21,43,Rural,Medium Speed (Collector),No,39.90180278,-88.46231667,Non-Intersection,Dark - Not Lighted,Clear,9:00pm-9:59pm,43,9:00pm-9:59pm,57,Not Applicable (Not Transported),Not Applicable (Not Transported),1,Dark - Unlighted,Clear,0,1,[],[],0,0,Valid,0.0,0.0,18.0,18.0,['Female'],0,0,2,4,4,Dry,Straight,Level,Lowest,No
13304,17,Illinois,170794,1,1,1,0,1,KANKAKEE,September,26,Tuesday,23,40,Urban,Medium Speed (Collector),No,41.11438611,-87.86878889,Complex/Circle,Dark - Lighted,Clear,Unknown,Unknown,Unknown EMS Scene Arrival Hour,Unknown EMS Scene Arrival Minutes,Unknown,Unknown EMS Hospital Arrival Time,1,Dark - Lighted,Clear,0,1,[],[],0,0,Invalid,0.0,0.0,998.0,998.0,['Other'],0,0,3,0,4,Dry,Straight,Level,Lowest,No
13305,17,Illinois,170795,1,1,1,0,1,SKOKIE,September,7,Thursday,21,8,Urban,High Speed (Arterial),Yes,42.04078889,-87.71713333,Non-Intersection,Dark - Not Lighted,Clear,9:00pm-9:59pm,8,9:00pm-9:59pm,12,Unknown,Unknown EMS Hospital Arrival Time,1,Dark - Unlighted,Clear,0,1,[],[],0,0,Valid,0.0,0.0,44.0,44.0,['Male'],0,0,3,4,4,Dry,Straight,Level,Lowest,No
13306,17,Illinois,170796,0,2,2,0,4,LINCOLNSHIRE,September,26,Tuesday,20,14,Urban,High Speed (Arterial),Yes,42.18086944,-87.92596389,Complex/Circle,Dark - Lighted,Clear,8:00pm-8:59pm,14,8:00pm-8:59pm,18,Unknown,Unknown EMS Hospital Arrival Time,1,Dark - Lighted,Clear,1,3,['Driver'],['Shoulder_Lapbelt'],0,0,Valid,0.0,0.0,79.0,19.0,"['Male', 'Male']",0,0,3,4,5,Dry,Straight,Level,Lowest,No
13307,17,Illinois,170797,0,2,2,0,4,EAST SAINT LOUIS,September,8,Friday,15,48,Urban,Medium Speed (Collector),No,38.6102,-90.0927,Complex/Circle,Daylight,Clear,3:00pm-3:59pm,42,3:00pm-3:59pm,55,Unknown,Unknown EMS Hospital Arrival Time,1,Daylight,Clear,1,3,['Rear_Seat'],['None_Used'],0,0,Invalid,0.0,0.0,33.0,16.0,"['Female', 'Male']",0,0,2,4,5,Dry,Straight,Level,Lowest,No
13308,17,Illinois,170798,0,2,2,0,3,DANVILLE,September,26,Tuesday,18,32,Urban,Medium Speed (Collector),No,40.14573056,-87.63552778,Complex/Circle,Daylight,Clear,6:00pm-6:59pm,32,6:00pm-6:59pm,37,Unknown,Unknown EMS Hospital Arrival Time,1,Daylight,Clear,1,2,['Driver'],['None_Used'],0,0,Invalid,0.0,0.0,74.0,22.0,"['Male', 'Male']",1,0,3,4,5,Dry,Straight,Level,Lowest,No
13309,17,Illinois,170799,0,2,2,0,2,NOT APPLICABLE,September,26,Tuesday,15,35,Urban,High Speed (Arterial),Yes,41.85984444,-87.92690278,Non-Intersection,Daylight,Clear,2:00pm-2:59pm,38,2:00pm-2:59pm,45,Unknown,Unknown EMS Hospital Arrival Time,1,Daylight,Clear,1,1,['Driver'],['Shoulder_Lapbelt'],0,0,Valid,0.0,0.0,37.0,35.0,"['Male', 'Male']",0,0,4,4,5,Dry,Straight,Grade/Hillcrest,Lowest,No
13310,17,Illinois,170800,0,2,2,0,2,LONG CREEK,September,8,Friday,14,35,Urban,High Speed (Arterial),Yes,39.80919722,-88.87792778,Simple Junction,Daylight,Clear,2:00pm-2:59pm,35,2:00pm-2:59pm,35,Unknown,Unknown EMS Hospital Arrival Time,1,Daylight,Clear,1,1,['Driver'],['Shoulder_Lapbelt'],0,0,Valid,0.0,1.0,90.0,38.0,"['Female', 'Female']",0,0,3,4,5,Dry,Straight,Level,Lowest,No
13311,17,Illinois,170801,0,2,2,0,2,BOLINGBROOK,September,26,Tuesday,14,45,Urban,High Speed (Arterial),Yes,41.68535556,-88.06784167,Non-Intersection,Daylight,Clear,2:00pm-2:59pm,50,2:00pm-2:59pm,58,Unknown,Unknown EMS Hospital Arrival Time,1,Daylight,Clear,1,1,['Driver'],['None_Used'],1,1,Valid,0.0,0.0,41.0,37.0,"['Male', 'Female']",1,0,5,4,5,Dry,Straight,Level,Lowest,No
13312,17,Illinois,170802,0,2,2,0,2,ROCK ISLAND,September,8,Friday,18,45,Urban,High Speed (Arterial),Yes,41.50474444,-90.54153056,Complex/Circle,Dusk,Clear,6:00pm-6:59pm,46,6:00pm-6:59pm,51,Not Applicable (Not Transported),Not Applicable (Not Transported),1,Twilight,Clear,1,1,['Driver'],['None_Used'],0,0,Valid,0.0,0.0,47.0,33.0,"['Male', 'Male']",0,0,5,4,5,Dry,Straight,Level,Lowest,No
13313,17,Illinois,170803,0,3,3,0,3,GLEN ELLYN,September,26,Tuesday,9,25,Urban,High Speed (Arterial),Yes,41.86396667,-88.05226667,Non-Intersection,Daylight,Rain,Unknown,Unknown,Unknown EMS Scene Arrival Hour,Unknown EMS Scene Arrival Minutes,Unknown,Unknown EMS Hospital Arrival Time,1,Daylight,Rain/Wind/Minor,1,2,['Driver'],['Shoulder_Lapbelt'],0,0,Valid,0.0,1.0,77.0,52.0,"['Male', 'Male', 'Female']",0,0,4,4,5,Wet/Standing Water,Curve,Level,Lowest,No
13314,17,Illinois,170804,0,1,1,0,1,GILBERTS,September,8,Friday,21,39,Urban,Medium Speed (Collector),No,42.10930278,-88.36073611,Non-Intersection,Dark - Not Lighted,Clear,9:00pm-9:59pm,39,9:00pm-9:59pm,45,Unknown,Unknown EMS Hospital Arrival Time,1,Dark - Unlighted,Clear,1,0,['Driver'],['None_Used'],1,1,Valid,0.0,1.0,32.0,32.0,['Male'],1,0,5,4,3,Dry,Curve,Level,Lowest,No
13315,17,Illinois,170805,1,1,1,0,2,WAUKEGAN,September,8,Friday,22,1,Urban,High Speed (Arterial),Yes,42.3703,-87.8612,Non-Intersection,Dark - Not Lighted,Clear,10:00pm-10:59pm,3,10:00pm-10:59pm,6,Not Applicable (Not Transported),Not Applicable (Not Transported),1,Dark - Unlighted,Clear,0,2,[],[],0,0,Valid,0.0,0.0,29.0,29.0,['Female'],0,0,2,3,4,Dry,Straight,Level,Lowest,No
13316,17,Illinois,170806,1,2,2,0,2,PROSPECT HEIGHTS,September,26,Tuesday,20,14,Urban,High Speed (Arterial),Yes,42.11339167,-87.93673611,Non-Intersection,Dark - Not Lighted,Clear,8:00pm-8:59pm,14,8:00pm-8:59pm,14,8:00pm-8:59pm,Unknown EMS Hospital Arrival Time,1,Dark - Unlighted,Clear,0,2,[],[],0,0,Valid,0.0,0.0,80.0,65.0,"['Male', 'Female']",0,0,3,2,5,Dry,Straight,Level,Lowest,No
13317,17,Illinois,170807,1,1,1,0,3,EAST PEORIA,September,8,Friday,23,31,Urban,Medium Speed (Collector),No,40.67145,-89.55291111,Non-Intersection,Dark - Lighted,Clear,11:00pm-11:59pm,32,11:00pm-11:59pm,36,Unknown,Unknown EMS Hospital Arrival Time,1,Dark - Lighted,Clear,0,3,[],[],0,0,Valid,0.0,0.0,19.0,19.0,['Male'],0,0,3,2,4,Dry,Straight,Level,Lowest,No
13318,17,Illinois,170808,0,1,1,0,3,MACOMB,September,9,Saturday,21,56,Urban,Low Speed (Local),No,40.45333611,-90.65734167,Non-Intersection,Dark - Lighted,Clear,Unknown,Unknown,Unknown EMS Scene Arrival Hour,Unknown EMS Scene Arrival Minutes,Unknown,Unknown EMS Hospital Arrival Time,1,Dark - Lighted,Clear,1,2,['Rear_Seat'],['None_Used'],0,0,Valid,0.0,0.0,16.0,16.0,['Female'],0,0,3,1,1,Dry,Curve,Level,Lowest,No
13319,17,Illinois,170809,0,2,2,0,3,NOT APPLICABLE,September,9,Saturday,14,21,Urban,Medium Speed (Collector),No,42.48173333,-88.15000556,Simple Junction,Daylight,Clear,2:00pm-2:59pm,21,2:00pm-2:59pm,30,Unknown,Unknown EMS Hospital Arrival Time,1,Daylight,Clear,1,2,['Driver'],['None_Used'],1,1,Valid,0.0,0.0,60.0,29.0,"['Female', 'Male']",0,0,5,4,5,Dry,Straight,Level,Lowest,No
13320,17,Illinois,170810,1,1,1,0,1,CHICAGO,September,9,Saturday,20,18,Urban,Medium Speed (Collector),No,41.87422778,-87.72045278,Non-Intersection,Dark - Lighted,Clear,8:00pm-8:59pm,22,8:00pm-8:59pm,26,Not Applicable (Not Transported),Not Applicable (Not Transported),1,Dark - Lighted,Clear,0,1,[],[],0,0,Invalid,0.0,0.0,998.0,998.0,['Other'],0,0,1,0,4,Dry,Straight,Level,Lowest,No
13321,17,Illinois,170811,0,2,2,0,2,LINCOLNWOOD,September,9,Saturday,21,18,Urban,Medium Speed (Collector),No,42.00009444,-87.72335278,Simple Junction,Dark - Lighted,Clear,Unknown,Unknown,Unknown EMS Scene Arrival Hour,Unknown EMS Scene Arrival Minutes,Unknown,Unknown EMS Hospital Arrival Time,1,Dark - Lighted,Clear,1,1,['Driver'],['None_Used'],0,0,Valid,1.0,0.0,59.0,32.0,"['Female', 'Male']",1,0,5,4,5,Dry,Straight,Level,Lowest,No
13322,17,Illinois,170812,0,1,1,0,2,NOT APPLICABLE,September,9,Saturday,23,35,Rural,Medium Speed (Collector),No,40.65527222,-87.59198889,Non-Intersection,Dark - Not Lighted,Clear,11:00pm-11:59pm,40,11:00pm-11:59pm,53,Unknown,Unknown EMS Hospital Arrival Time,1,Dark - Unlighted,Clear,1,1,['Driver'],['None_Used'],1,1,Invalid,0.0,0.0,36.0,36.0,['Male'],0,0,3,4,3,Dry,Straight,Level,Lowest,No
13323,17,Illinois,170813,0,2,2,0,3,BEACH,September,10,Sunday,15,43,Urban,High Speed (Arterial),Yes,42.41003333,-87.82485833,Complex/Circle,Daylight,Clear,3:00pm-3:59pm,43,3:00pm-3:59pm,55,Unknown,Unknown EMS Hospital Arrival Time,1,Daylight,Clear,1,2,['Driver'],['Shoulder_Lapbelt'],0,0,Valid,0.0,0.0,60.0,59.0,"['Female', 'Male']",3,0,3,4,5,Dry,Straight,Level,Lowest,No
13324,17,Illinois,170814,0,1,1,0,1,NOT APPLICABLE,September,11,Monday,6,27,Rural,Medium Speed (Collector),No,42.4291,-88.8945,Non-Intersection,Dark - Not Lighted,Rain,7:00am-7:59am,7,7:00am-7:59am,16,Not Applicable (Not Transported),Not Applicable (Not Transported),1,Dark - Unlighted,Rain/Wind/Minor,1,0,['Driver'],['None_Used'],1,1,Valid,0.0,0.0,18.0,18.0,['Male'],0,0,3,4,3,Wet/Standing Water,Straight,Grade/Hillcrest,Lowest,No
13325,17,Illinois,170815,2,1,1,0,1,MUNDELEIN,September,12,Tuesday,23,36,Urban,Medium Speed (Collector),No,42.23334167,-87.97701944,Complex/Circle,Dark - Not Lighted,Rain,11:00pm-11:59pm,36,11:00pm-11:59pm,41,Unknown,Unknown EMS Hospital Arrival Time,1,Dark - Unlighted,Rain/Wind/Minor,0,1,[],[],0,0,Valid,0.0,0.0,67.0,67.0,['Female'],0,0,3,4,4,Wet/Standing Water,Straight,Level,Lowest,No
13326,17,Illinois,170816,0,1,1,0,2,NOT APPLICABLE,September,13,Wednesday,18,0,Rural,Low Speed (Local),No,38.32319722,-90.24461389,Non-Intersection,Daylight,Clear,5:00pm-5:59pm,51,6:00pm-6:59pm,5,Unknown,Unknown EMS Hospital Arrival Time,1,Daylight,Clear,1,1,['Rear_Seat'],['None_Used'],0,0,Valid,0.0,0.0,20.0,20.0,['Male'],2,0,5,2,2,Dry,Curve,Grade/Hillcrest,Lowest,No
13327,17,Illinois,170817,0,2,2,0,3,NOT APPLICABLE,September,14,Thursday,12,5,Rural,Medium Speed (Collector),No,40.38501667,-89.96127222,Non-Intersection,Daylight,Clear,12:00pm-12:59pm,7,12:00pm-12:59pm,20,Unknown,Unknown EMS Hospital Arrival Time,1,Daylight,Clear,1,2,['Front_Passenger'],['None_Used'],1,1,Valid,0.0,0.0,74.0,52.0,"['Male', 'Male']",2,0,3,4,5,Dry,Curve,Level,Lowest,No
13328,17,Illinois,170818,0,2,2,0,3,ALTON,September,25,Monday,19,0,Urban,High Speed (Arterial),Yes,38.91575833,-90.15192778,Complex/Circle,Dusk,Clear,7:00pm-7:59pm,1,7:00pm-7:59pm,3,Unknown,Unknown EMS Hospital Arrival Time,1,Twilight,Clear,1,2,['Driver'],['None_Used'],0,0,Valid,0.0,0.0,48.0,26.0,"['Female', 'Male']",1,0,5,4,5,Dry,Straight,Level,Lowest,No
13329,17,Illinois,170819,0,2,2,0,3,NOT APPLICABLE,September,14,Thursday,13,25,Urban,High Speed (Arterial),Yes,41.8569,-88.17472222,Non-Intersection,Daylight,Clear,1:00pm-1:59pm,25,1:00pm-1:59pm,26,Unknown,Unknown EMS Hospital Arrival Time,1,Daylight,Clear,1,2,['Driver'],['Shoulder_Lapbelt'],0,0,Valid,0.0,0.0,70.0,21.0,"['Male', 'Male']",1,0,2,4,5,Dry,Straight,Grade/Hillcrest,Lowest,No
13330,17,Illinois,170820,0,2,2,0,2,Other,September,25,Monday,16,35,Urban,High Speed (Arterial),Yes,41.99032778,-88.46473056,Complex/Circle,Daylight,Clear,4:00pm-4:59pm,35,4:00pm-4:59pm,48,Unknown,Unknown EMS Hospital Arrival Time,1,Daylight,Clear,1,1,['Driver'],['Shoulder_Lapbelt'],0,0,Valid,0.0,1.0,69.0,29.0,"['Female', 'Male']",0,0,4,4,5,Dry,Straight,Level,Lowest,No
13331,17,Illinois,170821,0,2,2,0,3,NOT APPLICABLE,September,14,Thursday,22,0,Urban,High Speed (Arterial),Yes,42.00824444,-87.93291111,Non-Intersection,Dark - Lighted,Clear,10:00pm-10:59pm,0,10:00pm-10:59pm,14,Unknown,Unknown EMS Hospital Arrival Time,1,Dark - Lighted,Clear,1,2,['Driver'],['None_Used'],0,0,Valid,0.0,0.0,27.0,19.0,"['Male', 'Female']",0,0,5,4,5,Dry,Straight,Level,Lowest,No
13332,17,Illinois,170822,0,2,2,0,2,CHICAGO,September,25,Monday,15,16,Urban,Medium Speed (Collector),No,41.82736111,-87.69470833,Complex/Circle,Daylight,Clear,3:00pm-3:59pm,Unknown,3:00pm-3:59pm,19,Unknown,Unknown EMS Hospital Arrival Time,1,Daylight,Clear,1,1,['Driver'],['None_Used'],0,0,Valid,1.0,0.0,50.0,35.0,"['Female', 'Male']",1,0,5,4,5,Dry,Straight,Level,Lowest,No
13333,17,Illinois,170823,1,1,1,0,1,NILES,September,25,Monday,2,20,Urban,Medium Speed (Collector),No,42.04379722,-87.832725,Non-Intersection,Dark - Lighted,Clear,Unknown,Unknown,Unknown EMS Scene Arrival Hour,Unknown EMS Scene Arrival Minutes,Not Applicable (Not Transported),Not Applicable (Not Transported),1,Dark - Lighted,Clear,0,1,[],[],0,0,Valid,0.0,0.0,21.0,21.0,['Male'],0,0,3,1,4,Dry,Straight,Level,Lowest,No
13334,17,Illinois,170824,1,2,2,0,1,NOT APPLICABLE,September,24,Sunday,22,55,Urban,High Speed (Arterial),Yes,41.87704444,-88.61572222,Non-Intersection,Dark - Not Lighted,Clear,11:00pm-11:59pm,3,11:00pm-11:59pm,18,Unknown,Unknown EMS Hospital Arrival Time,1,Dark - Unlighted,Clear,0,1,[],[],0,0,Valid,0.0,0.0,32.0,32.0,['Male'],0,0,4,4,5,Dry,Curve,Level,Lowest,No
13335,17,Illinois,170825,0,2,2,0,3,NOT APPLICABLE,September,15,Friday,3,44,Rural,High Speed (Arterial),Yes,38.70621389,-89.80934722,Non-Intersection,Dark - Not Lighted,Clear,3:00am-3:59am,44,3:00am-3:59am,58,Not Applicable (Not Transported),Not Applicable (Not Transported),3,Dark - Unlighted,Clear,3,0,"['Driver', 'Driver', 'Front_Passenger']","['Shoulder_Lapbelt', 'Shoulder_Lapbelt', 'Shoulder_Lapbelt']",1,1,Valid,0.0,0.0,21.0,21.0,"['Male', 'Female']",0,0,3,4,5,Dry,Curve,Level,Lowest,No
13336,17,Illinois,170826,0,2,2,0,2,NOT APPLICABLE,September,24,Sunday,21,50,Rural,High Speed (Arterial),Yes,39.00278333,-88.88778333,Non-Intersection,Dark - Not Lighted,Clear,9:00pm-9:59pm,51,10:00pm-10:59pm,1,Unknown,Unknown EMS Hospital Arrival Time,1,Dark - Unlighted,Clear,1,1,['Driver'],['None_Used'],1,1,Valid,0.0,0.0,53.0,29.0,"['Male', 'Male']",0,0,3,4,5,Dry,Straight,Level,Lowest,No
13337,17,Illinois,170827,1,1,1,0,1,ROCKFORD,September,15,Friday,8,25,Urban,High Speed (Arterial),Yes,42.26490833,-89.01122778,Non-Intersection,Daylight,Clear,8:00am-8:59am,26,8:00am-8:59am,29,Unknown,Unknown EMS Hospital Arrival Time,1,Daylight,Clear,0,1,[],[],0,0,Invalid,0.0,0.0,998.0,998.0,['Male'],0,0,2,0,4,Dry,Straight,Level,Lowest,No