,State_Code,State_Name,Crash_ID,Count_Non_Motorists,Count_Vehicles_Total,Count_Vehicle_Forms,Count_PVH_Involved,Count_Occupants_MV,City_Name,Month_Name,Day_of_Month,Day_of_Week,Crash_Hour,Crash_Minute,Area_Rural_Urban,Road_Functional_Class,On_NHS_Road,Latitude,Longitude,Intersection_Type,Light_Condition,Weather_Condition,Notif_Hour,Notif_Minute,Arrival_Hour,Arrival_Minute,Hospital_Hour,Hospital_Minute,Fatalities_Count,Clean_Light_Condition,Clean_Weather_Condition,Total_Killed,Total_Alive,Fatal_Seats_List,Killed_Restraint_List,Any_Driver_Drinking,Total_Drinking_Drivers,Driver_License_Category,Driver_Max_Prev_Accident_Count,Driver_Max_Prev_Speeding_Count,Max_Driver_Age,Min_Driver_Age,Driver_Sex_List,Total_Exceeding_Limit_Vehicles,Total_Too_Fast_Vehicles,Max_Vehicle_Type_Severity_5,Max_Vehicle_Damage_Rank,Max_Harmful_Event_Severity,Crash_Road_Surface_Condition,Crash_Horizontal_Alignment,Crash_Vertical_Profile,Crash_Impairment_Category,Crash_Vehicle_Defect
13338,17,Illinois,170828,0,2,2,0,2,WAUKEGAN,September,24,Sunday,17,45,Urban,Medium Speed (Collector),No,42.34145,-87.87341111,Complex/Circle,Daylight,Clear,5:00pm-5:59pm,47,5:00pm-5:59pm,48,Unknown,Unknown EMS Hospital Arrival Time,1,Daylight,Clear,1,1,['Driver'],['None_Used'],0,0,Valid,0.0,4.0,53.0,20.0,"['Male', 'Male']",1,0,5,4,5,Dry,Straight,Level,Lowest,No
13339,17,Illinois,170829,0,1,1,0,2,BLOOMINGTON,September,24,Sunday,3,23,Urban,Low Speed (Local),No,40.46255833,-89.00313889,Non-Intersection,Dark - Not Lighted,Clear,3:00am-3:59am,23,3:00am-3:59am,30,Not Applicable (Not Transported),Not Applicable (Not Transported),1,Dark - Unlighted,Clear,1,1,['Front_Passenger'],['Shoulder_Lapbelt'],1,1,Valid,0.0,0.0,26.0,26.0,['Male'],2,0,2,4,3,Dry,Straight,Grade/Hillcrest,Lowest,No
13340,17,Illinois,170830,0,2,2,0,3,NOT APPLICABLE,September,15,Friday,10,48,Rural,High Speed (Arterial),Yes,42.28401667,-89.39788889,Simple Junction,Daylight,Clear,10:00am-10:59am,48,10:00am-10:59am,55,Unknown,Unknown EMS Hospital Arrival Time,1,Daylight,Clear,1,2,['Driver'],['Shoulder_Lapbelt'],0,0,Valid,0.0,0.0,79.0,59.0,"['Male', 'Male']",0,0,3,4,5,Dry,Straight,Level,Lowest,No
13341,17,Illinois,170831,0,2,2,0,3,JUSTICE,September,23,Saturday,18,54,Urban,Medium Speed (Collector),No,41.76005,-87.82755556,Complex/Circle,Daylight,Clear,6:00pm-6:59pm,56,Unknown EMS Scene Arrival Hour,Unknown EMS Scene Arrival Minutes,Unknown,Unknown EMS Hospital Arrival Time,1,Daylight,Clear,1,2,['Driver'],['Shoulder_Lapbelt'],0,0,Valid,1.0,0.0,67.0,45.0,"['Female', 'Female']",0,0,3,4,5,Dry,Straight,Level,Lowest,No
13342,17,Illinois,170832,0,1,1,0,1,NOT APPLICABLE,September,23,Saturday,2,3,Rural,Medium Speed (Collector),No,42.4766,-89.14991944,Non-Intersection,Dark - Not Lighted,Rain,Unknown,Unknown,Unknown EMS Scene Arrival Hour,Unknown EMS Scene Arrival Minutes,Not Applicable (Not Transported),Not Applicable (Not Transported),1,Dark - Unlighted,Rain/Wind/Minor,1,0,['Driver'],['Shoulder_Lapbelt'],1,1,Valid,0.0,0.0,17.0,17.0,['Male'],0,0,3,4,3,Wet/Standing Water,Straight,Level,Lowest,No
13343,17,Illinois,170833,0,1,1,0,2,NOT APPLICABLE,September,23,Saturday,1,54,Rural,Medium Speed (Collector),No,41.06956389,-89.87018889,Non-Intersection,Dark - Not Lighted,Clear,Unknown,Unknown,Unknown EMS Scene Arrival Hour,Unknown EMS Scene Arrival Minutes,Not Applicable (Not Transported),Not Applicable (Not Transported),1,Dark - Unlighted,Clear,1,1,['Driver'],['Shoulder_Lapbelt'],0,0,Valid,0.0,0.0,33.0,33.0,['Female'],0,0,3,1,3,Dry,Curve,Level,Lowest,No
13344,17,Illinois,170834,0,2,2,0,2,ZION,September,15,Friday,13,47,Urban,Medium Speed (Collector),No,42.46755833,-87.85447222,Non-Intersection,Daylight,Clear,1:00pm-1:59pm,47,1:00pm-1:59pm,54,Unknown,Unknown EMS Hospital Arrival Time,1,Daylight,Clear,1,1,['Driver'],['Shoulder_Lapbelt'],0,0,Valid,1.0,0.0,38.0,19.0,"['Male', 'Male']",0,0,3,4,5,Dry,Straight,Level,Lowest,No
13345,17,Illinois,170835,0,1,1,0,1,NOT APPLICABLE,September,22,Friday,20,46,Urban,Medium Speed (Collector),No,41.24813056,-88.23266667,Non-Intersection,Dark - Not Lighted,Clear,8:00pm-8:59pm,51,9:00pm-9:59pm,1,Unknown,Unknown EMS Hospital Arrival Time,1,Dark - Unlighted,Clear,1,0,['Driver'],['None_Used'],0,0,Valid,0.0,0.0,31.0,31.0,['Male'],0,0,5,4,1,Dry,Straight,Level,Lowest,No
13346,17,Illinois,170836,0,2,2,0,2,DECATUR,September,22,Friday,19,33,Urban,Medium Speed (Collector),No,39.84517222,-88.91276667,Non-Intersection,Dark - Not Lighted,Other,Unknown,Unknown,Unknown EMS Scene Arrival Hour,Unknown EMS Scene Arrival Minutes,Unknown,Unknown EMS Hospital Arrival Time,1,Dark - Unlighted,Reduced Visibility,1,1,['Driver'],['None_Used'],1,1,Valid,1.0,1.0,44.0,21.0,"['Female', 'Male']",0,0,5,4,5,Dry,Curve,Level,Lowest,No
13347,17,Illinois,170837,0,2,2,0,4,SCHILLER PARK,September,15,Friday,19,55,Urban,Medium Speed (Collector),No,41.96968889,-87.86185,Simple Junction,Dark - Lighted,Clear,7:00pm-7:59pm,56,8:00pm-8:59pm,1,Unknown,Unknown EMS Hospital Arrival Time,1,Dark - Lighted,Clear,1,3,['Driver'],['None_Used'],0,0,Valid,0.0,1.0,23.0,22.0,"['Female', 'Male']",0,0,5,4,5,Dry,Straight,Level,Lowest,No
13348,17,Illinois,170838,0,2,2,0,3,NOT APPLICABLE,September,22,Friday,14,38,Rural,Medium Speed (Collector),No,42.27689722,-88.78362222,Complex/Circle,Daylight,Clear,2:00pm-2:59pm,39,2:00pm-2:59pm,45,Unknown,Unknown EMS Hospital Arrival Time,1,Daylight,Clear,1,1,['Front_Passenger'],['Shoulder_Lapbelt'],0,0,Valid,0.0,0.0,70.0,23.0,"['Male', 'Female']",1,0,3,4,5,Dry,Straight,Level,Lowest,No
13349,17,Illinois,170839,0,1,1,0,1,NOT APPLICABLE,September,22,Friday,8,50,Rural,High Speed (Arterial),Yes,38.37201944,-88.55304167,Non-Intersection,Dark - Not Lighted,Clear,Unknown,Unknown if Notified,Unknown EMS Scene Arrival Hour,Unknown if Arrived,Not Applicable (Not Transported),Not Applicable (Not Transported),1,Dark - Unlighted,Clear,1,0,['Driver'],['None_Used'],0,0,Valid,0.0,0.0,42.0,42.0,['Male'],1,0,5,4,3,Dry,Straight,Level,Lowest,No
13350,17,Illinois,170840,0,1,1,0,1,MACHESNEY PARK,September,15,Friday,23,25,Urban,Medium Speed (Collector),No,42.36984167,-89.02810833,Non-Intersection,Dark - Lighted,Clear,Unknown,Unknown if Notified,Unknown EMS Scene Arrival Hour,Unknown if Arrived,Not Applicable (Not Transported),Not Applicable (Not Transported),1,Dark - Lighted,Clear,1,0,['Driver'],['None_Used'],1,1,Valid,1.0,0.0,18.0,18.0,['Male'],1,0,2,4,3,Dry,Straight,Level,Lowest,No
13351,17,Illinois,170841,0,2,2,0,4,NOT APPLICABLE,September,22,Friday,7,43,Rural,Medium Speed (Collector),No,39.98188889,-88.16125,Complex/Circle,Daylight,Clear,7:00am-7:59am,44,7:00am-7:59am,50,Unknown,Unknown EMS Hospital Arrival Time,1,Daylight,Clear,1,3,['Driver'],['Shoulder_Lapbelt'],0,0,Valid,1.0,2.0,35.0,30.0,"['Female', 'Female']",1,0,3,4,5,Dry,Straight,Level,Lowest,No
13352,17,Illinois,170842,0,2,2,0,7,CAHOKIA,September,16,Saturday,14,8,Urban,High Speed (Arterial),Yes,38.57230833,-90.18794167,Simple Junction,Daylight,Clear,2:00pm-2:59pm,10,2:00pm-2:59pm,40,Unknown,Unknown EMS Hospital Arrival Time,1,Daylight,Clear,1,6,['Rear_Seat'],['None_Used'],0,0,Valid,0.0,0.0,84.0,16.0,"['Male', 'Female']",0,0,3,4,5,Dry,Straight,Level,Lowest,No
13353,17,Illinois,170843,0,2,2,0,5,NOT APPLICABLE,September,22,Friday,5,23,Rural,High Speed (Arterial),Yes,38.06569167,-88.92404444,Non-Intersection,Dark - Not Lighted,Clear,5:00am-5:59am,27,5:00am-5:59am,38,Unknown,Unknown EMS Hospital Arrival Time,1,Dark - Unlighted,Clear,1,4,['Driver'],['None_Used'],1,1,Valid,0.0,2.0,24.0,20.0,"['Female', 'Male']",0,0,3,4,5,Dry,Curve,Level,Lowest,No
13354,17,Illinois,170844,0,1,1,0,5,NOT APPLICABLE,September,16,Saturday,16,55,Rural,Low Speed (Local),No,37.98528889,-88.94240278,Non-Intersection,Daylight,Clear,4:00pm-4:59pm,58,5:00pm-5:59pm,6,Unknown,Unknown EMS Hospital Arrival Time,3,Daylight,Clear,3,2,"['Rear_Seat', 'Rear_Seat', 'Rear_Seat']","['None_Used', 'None_Used', 'None_Used']",0,0,Valid,0.0,0.0,16.0,16.0,['Female'],5,0,2,4,3,Dry,Straight,Grade/Hillcrest,Lowest,No
13355,17,Illinois,170845,1,1,1,0,1,CHICAGO,September,21,Thursday,22,47,Urban,Medium Speed (Collector),No,41.78673056,-87.61578333,Non-Intersection,Dark - Lighted,Reported as Unknown,Unknown,Unknown,Unknown EMS Scene Arrival Hour,Unknown EMS Scene Arrival Minutes,Unknown,Unknown EMS Hospital Arrival Time,1,Dark - Lighted,Clear,0,1,[],[],0,0,Invalid,0.0,0.0,998.0,998.0,['Other'],0,0,1,0,4,Dry,Straight,Level,Lowest,No
13356,17,Illinois,170846,0,1,1,0,2,NOT APPLICABLE,September,16,Saturday,18,0,Rural,Low Speed (Local),No,38.85695,-87.98981389,Non-Intersection,Dark - Not Lighted,Clear,6:00pm-6:59pm,3,6:00pm-6:59pm,18,Unknown,Unknown EMS Hospital Arrival Time,1,Dark - Unlighted,Clear,1,1,['Front_Passenger'],['None_Used'],1,1,Valid,0.0,0.0,33.0,33.0,['Male'],2,0,5,4,3,Dry,Straight,Level,Lowest,No
13357,17,Illinois,170847,1,1,1,0,1,DECATUR,September,21,Thursday,20,34,Urban,Medium Speed (Collector),No,39.84809444,-88.97279722,Complex/Circle,Dark - Not Lighted,Rain,Unknown,Unknown,Unknown EMS Scene Arrival Hour,Unknown EMS Scene Arrival Minutes,Unknown,Unknown EMS Hospital Arrival Time,1,Dark - Unlighted,Rain/Wind/Minor,0,1,[],[],0,0,Valid,0.0,4.0,32.0,32.0,['Female'],0,0,3,2,4,Wet/Standing Water,Straight,Grade/Hillcrest,Lowest,No
13358,17,Illinois,170848,1,1,1,0,2,CHICAGO,September,21,Thursday,13,47,Urban,Medium Speed (Collector),No,41.85141389,-87.63196389,Simple Junction,Daylight,Rain,1:00pm-1:59pm,49,1:00pm-1:59pm,52,Unknown,Unknown EMS Hospital Arrival Time,1,Daylight,Rain/Wind/Minor,0,2,[],[],0,0,Valid,0.0,0.0,76.0,76.0,['Female'],0,0,2,1,4,Wet/Standing Water,Straight,Level,Lowest,No
13359,17,Illinois,170849,0,1,1,0,4,CHICAGO,September,17,Sunday,2,5,Urban,Low Speed (Local),No,41.88884167,-87.65894722,Simple Junction,Dark - Not Lighted,Clear,2:00am-2:59am,Unknown,2:00am-2:59am,15,Not Applicable (Not Transported),Not Applicable (Not Transported),1,Dark - Unlighted,Clear,1,3,['Non_Standard_Risk'],['None_Used'],0,0,Valid,0.0,0.0,28.0,28.0,['Female'],0,0,3,1,2,Dry,Straight,Level,Lowest,No
13360,17,Illinois,170850,1,1,1,0,1,ELGIN,September,21,Thursday,0,49,Urban,Medium Speed (Collector),No,42.03648333,-88.29062222,Simple Junction,Dark - Not Lighted,Clear,0:00am-0:59am,49,0:00am-0:59am,55,Unknown,Unknown EMS Hospital Arrival Time,1,Dark - Unlighted,Clear,0,1,[],[],1,1,Valid,0.0,0.0,31.0,31.0,['Male'],1,0,2,3,4,Dry,Curve,Level,Lowest,No
13361,17,Illinois,170851,0,3,3,0,4,Other,October,1,Sunday,1,52,Urban,High Speed (Arterial),Yes,42.41495278,-88.652325,Non-Intersection,Dark - Not Lighted,Clear,1:00am-1:59am,52,1:00am-1:59am,59,Unknown,Unknown EMS Hospital Arrival Time,1,Dark - Unlighted,Clear,1,3,['Driver'],['Shoulder_Lapbelt'],1,1,Valid,0.0,0.0,31.0,21.0,"['Male', 'Female', 'Male']",1,0,3,4,5,Dry,Straight,Level,Lowest,No
13362,17,Illinois,170852,0,1,1,0,1,DES PLAINES,September,17,Sunday,3,18,Urban,High Speed (Arterial),Yes,42.0509,-87.8868,Non-Intersection,Dark - Not Lighted,Rain,3:00am-3:59am,18,3:00am-3:59am,19,3:00am-3:59am,Unknown EMS Hospital Arrival Time,1,Dark - Unlighted,Rain/Wind/Minor,1,0,['Driver'],['None_Used'],0,0,Invalid,0.0,0.0,17.0,17.0,['Male'],0,0,3,4,4,Wet/Standing Water,Straight,Level,Lowest,No
13363,17,Illinois,170853,0,2,2,0,2,CHICAGO,September,17,Sunday,22,34,Urban,High Speed (Arterial),Yes,41.95051667,-87.64423889,Non-Intersection,Dark - Lighted,Clear,11:00pm-11:59pm,Unknown,11:00pm-11:59pm,43,Unknown,Unknown EMS Hospital Arrival Time,1,Dark - Lighted,Clear,1,1,['Driver'],['None_Used'],0,0,Valid,0.0,2.0,998.0,25.0,"['Male', 'Other']",1,0,5,1,5,Dry,Straight,Level,Lowest,No
13364,17,Illinois,170854,1,1,1,0,1,DECATUR,September,20,Wednesday,19,17,Urban,High Speed (Arterial),Yes,39.85104444,-88.95615,Non-Intersection,Dark - Lighted,Clear,Unknown,Unknown,Unknown EMS Scene Arrival Hour,Unknown EMS Scene Arrival Minutes,Unknown,Unknown EMS Hospital Arrival Time,1,Dark - Lighted,Clear,0,1,[],[],0,0,Valid,0.0,0.0,20.0,20.0,['Female'],0,0,2,3,4,Dry,Straight,Level,Lowest,No
13365,17,Illinois,170855,0,2,2,0,4,NOT APPLICABLE,September,20,Wednesday,16,28,Rural,Medium Speed (Collector),No,40.9546,-90.93114167,Simple Junction,Daylight,Clear,4:00pm-4:59pm,Unknown,4:00pm-4:59pm,Unknown EMS Scene Arrival Minutes,Unknown,Unknown EMS Hospital Arrival Time,1,Daylight,Clear,1,3,['Driver'],['None_Used'],0,0,Valid,0.0,0.0,45.0,36.0,"['Male', 'Female']",0,0,3,4,5,Dry,Straight,Level,Lowest,No
13366,17,Illinois,170856,0,2,2,0,3,NOT APPLICABLE,September,17,Sunday,16,25,Rural,Medium Speed (Collector),No,38.47643333,-88.94325,Complex/Circle,Daylight,Clear,4:00pm-4:59pm,29,4:00pm-4:59pm,45,Unknown,Unknown EMS Hospital Arrival Time,1,Daylight,Clear,1,2,['Driver'],['Shoulder_Lapbelt'],0,0,Invalid,1.0,0.0,80.0,57.0,"['Male', 'Male']",0,0,3,4,5,Dry,Straight,Level,Lowest,No
13367,17,Illinois,170857,1,1,1,0,1,CHICAGO,October,1,Sunday,2,20,Urban,Medium Speed (Collector),No,41.92450833,-87.726825,Complex/Circle,Dark - Lighted,Clear,Unknown,Unknown,Unknown EMS Scene Arrival Hour,Unknown if Arrived,Not Applicable (Not Transported),Not Applicable (Not Transported),1,Dark - Lighted,Clear,0,1,[],[],0,0,Invalid,0.0,0.0,998.0,998.0,['Other'],1,0,2,0,4,Dry,Straight,Level,Lowest,No
13368,17,Illinois,170858,0,2,2,0,4,DIX,September,19,Tuesday,15,46,Rural,Medium Speed (Collector),No,38.45899444,-88.94200556,Non-Intersection,Daylight,Clear,3:00pm-3:59pm,47,4:00pm-4:59pm,0,Unknown,Unknown EMS Hospital Arrival Time,1,Daylight,Clear,1,3,['Driver'],['Shoulder_Lapbelt'],0,0,Valid,0.0,0.0,61.0,55.0,"['Female', 'Male']",0,0,3,4,5,Dry,Straight,Level,Lowest,No
13369,17,Illinois,170859,0,1,1,0,2,INVERNESS,September,18,Monday,1,15,Urban,High Speed (Arterial),Yes,42.13237778,-88.1082,Simple Junction,Dark - Not Lighted,Clear,1:00am-1:59am,23,1:00am-1:59am,28,Not Applicable (Not Transported),Not Applicable (Not Transported),1,Dark - Unlighted,Clear,1,1,['Front_Passenger'],['None_Used'],0,0,Valid,0.0,0.0,28.0,28.0,['Male'],0,0,3,1,1,Dry,Straight,Level,Lowest,No
13370,17,Illinois,170860,0,1,1,0,2,CHICAGO,October,1,Sunday,3,48,Urban,High Speed (Arterial),Yes,41.90919167,-87.77465833,Non-Intersection,Dark - Lighted,Clear,3:00am-3:59am,48,3:00am-3:59am,54,Unknown,Unknown EMS Hospital Arrival Time,1,Dark - Lighted,Clear,1,1,['Driver'],['None_Used'],0,0,Invalid,0.0,0.0,24.0,24.0,['Male'],0,0,2,4,2,Dry,Straight,Level,Lowest,No
13371,17,Illinois,170861,0,2,2,0,2,SCHAUMBURG,September,18,Monday,6,45,Urban,Medium Speed (Collector),No,42.0254,-88.1289,Complex/Circle,Daylight,Clear,6:00am-6:59am,45,6:00am-6:59am,48,Unknown,Unknown EMS Hospital Arrival Time,1,Daylight,Clear,1,1,['Driver'],['Shoulder_Lapbelt'],0,0,Valid,0.0,0.0,73.0,36.0,"['Female', 'Female']",1,0,3,4,5,Dry,Straight,Level,Lowest,No
13372,17,Illinois,170862,0,5,1,4,1,SPRINGFIELD,October,1,Sunday,10,9,Urban,Medium Speed (Collector),No,39.80242222,-89.65077222,Non-Intersection,Daylight,Clear,10:00am-10:59am,9,10:00am-10:59am,15,Unknown,Unknown EMS Hospital Arrival Time,1,Daylight,Clear,1,0,['Driver'],['Shoulder_Lapbelt'],0,0,Valid,0.0,0.0,72.0,72.0,['Male'],0,0,3,4,5,Dry,Straight,Level,Medium,No
13373,17,Illinois,170863,1,2,2,0,2,CHICAGO,September,18,Monday,7,26,Urban,High Speed (Arterial),Yes,41.9904,-87.69944167,Complex/Circle,Daylight,Clear,7:00am-7:59am,30,7:00am-7:59am,46,Unknown,Unknown EMS Hospital Arrival Time,1,Daylight,Clear,0,2,[],[],0,0,Valid,0.0,0.0,18.0,18.0,"['Male', 'Female']",1,0,3,4,4,Dry,Straight,Level,Lowest,No
13374,17,Illinois,170864,0,2,2,0,2,JOLIET,October,1,Sunday,15,48,Urban,High Speed (Arterial),No,41.47805833,-88.08011667,Non-Intersection,Daylight,Clear,Unknown,Unknown,Unknown EMS Scene Arrival Hour,Unknown EMS Scene Arrival Minutes,Unknown,Unknown EMS Hospital Arrival Time,1,Daylight,Clear,1,1,['Driver'],['None_Used'],0,0,Valid,0.0,0.0,91.0,29.0,"['Male', 'Female']",1,0,3,4,5,Dry,Straight,Level,Lowest,No
13375,17,Illinois,170865,0,2,2,0,3,NOT APPLICABLE,September,18,Monday,12,4,Urban,High Speed (Arterial),Yes,41.65758611,-88.23488056,Non-Intersection,Daylight,Clear,12:00pm-12:59pm,4,12:00pm-12:59pm,6,Unknown,Unknown EMS Hospital Arrival Time,1,Daylight,Clear,1,2,['Driver'],['Shoulder_Lapbelt'],1,1,Valid,0.0,0.0,54.0,18.0,"['Male', 'Male']",1,0,3,4,5,Dry,Straight,Level,Lowest,No
13376,17,Illinois,170866,0,2,2,0,3,ROUND LAKE BEACH,October,1,Sunday,15,58,Urban,High Speed (Arterial),Yes,42.38362778,-88.06293889,Complex/Circle,Daylight,Clear,Unknown,Unknown,Unknown EMS Scene Arrival Hour,Unknown EMS Scene Arrival Minutes,Unknown,Unknown EMS Hospital Arrival Time,1,Daylight,Clear,1,2,['Driver'],['None_Used'],0,0,Valid,0.0,0.0,60.0,28.0,"['Male', 'Male']",2,0,5,3,5,Dry,Straight,Level,Lowest,No
13377,17,Illinois,170867,0,3,3,0,3,LAKE FOREST,October,1,Sunday,16,10,Urban,High Speed (Arterial),Yes,42.23233611,-87.85478333,Complex/Circle,Daylight,Clear,4:00pm-4:59pm,11,4:00pm-4:59pm,13,Not Applicable (Not Transported),Not Applicable (Not Transported),1,Daylight,Clear,1,2,['Driver'],['None_Used'],0,0,Valid,0.0,0.0,46.0,20.0,"['Male', 'Male', 'Female']",1,0,5,4,5,Dry,Straight,Level,Lowest,No
13378,17,Illinois,170868,0,1,1,0,1,LEMONT,October,1,Sunday,17,47,Urban,Low Speed (Local),No,41.71699167,-88.00399167,Non-Intersection,Daylight,Clear,Unknown,Unknown,Unknown EMS Scene Arrival Hour,Unknown EMS Scene Arrival Minutes,Unknown,Unknown EMS Hospital Arrival Time,1,Daylight,Clear,1,0,['Driver'],['None_Used'],0,0,Valid,0.0,0.0,46.0,46.0,['Male'],0,0,5,4,2,Dry,Curve,Level,Lowest,No
13379,17,Illinois,170869,1,1,1,0,2,PEORIA,October,1,Sunday,18,30,Urban,Medium Speed (Collector),No,40.67590833,-89.62313333,Complex/Circle,Dusk,Clear,6:00am-6:59am,35,6:00am-6:59am,40,Unknown,Unknown EMS Hospital Arrival Time,1,Twilight,Clear,0,2,[],[],0,0,Valid,0.0,0.0,51.0,51.0,['Female'],0,0,3,1,4,Dry,Straight,Level,Lowest,No
13380,17,Illinois,170870,0,2,2,0,3,CASEYVILLE,October,1,Sunday,22,12,Urban,Medium Speed (Collector),No,38.63915,-89.97041111,Non-Intersection,Dark - Lighted,Clear,10:00pm-10:59pm,14,10:00pm-10:59pm,25,Unknown,Unknown EMS Hospital Arrival Time,1,Dark - Lighted,Clear,1,2,['Driver'],['None_Used'],0,0,Valid,0.0,0.0,63.0,34.0,"['Female', 'Male']",0,0,3,4,5,Dry,Straight,Level,Lowest,No
13381,17,Illinois,170871,0,1,1,0,1,MULKEYTOWN,October,2,Monday,0,52,Rural,High Speed (Arterial),No,37.93614444,-89.05850278,Non-Intersection,Dark - Not Lighted,"Fog, Smog, Smoke",0:00am-0:59am,52,1:00am-1:59am,10,Unknown,Unknown EMS Hospital Arrival Time,1,Dark - Unlighted,Reduced Visibility,1,0,['Driver'],['Shoulder_Lapbelt'],0,0,Valid,0.0,0.0,55.0,55.0,['Male'],0,0,3,4,3,Dry,Curve,Level,Lowest,No
13382,17,Illinois,170872,1,1,1,0,1,ROCHELLE,October,2,Monday,11,0,Urban,High Speed (Arterial),No,41.93421389,-89.05454722,Complex/Circle,Daylight,Clear,11:00am-11:59am,2,11:00am-11:59am,4,Unknown,Unknown EMS Hospital Arrival Time,1,Daylight,Clear,0,1,[],[],0,0,Valid,0.0,0.0,21.0,21.0,['Female'],0,0,2,3,4,Dry,Straight,Level,Lowest,No
13383,17,Illinois,170873,0,2,2,0,3,Other,October,2,Monday,12,50,Rural,Medium Speed (Collector),No,40.529125,-87.89894444,Complex/Circle,Daylight,Clear,Unknown,Unknown,Unknown EMS Scene Arrival Hour,Unknown EMS Scene Arrival Minutes,Unknown,Unknown EMS Hospital Arrival Time,1,Daylight,Clear,1,2,['Driver'],['Shoulder_Lapbelt'],0,0,Invalid,0.0,0.0,64.0,37.0,"['Male', 'Female']",1,0,4,4,5,Dry,Straight,Level,Lowest,No
13384,17,Illinois,170874,1,1,1,0,1,JOLIET,September,18,Monday,19,16,Urban,Medium Speed (Collector),No,41.51542222,-88.12545,Simple Junction,Dusk,Clear,Unknown,Unknown,Unknown EMS Scene Arrival Hour,Unknown EMS Scene Arrival Minutes,Unknown,Unknown EMS Hospital Arrival Time,1,Twilight,Clear,0,1,[],[],0,0,Valid,0.0,0.0,33.0,33.0,['Male'],0,0,3,0,4,Dry,Straight,Level,Lowest,No
13385,17,Illinois,170875,0,1,1,0,1,EAST HAZEL CREST,October,2,Monday,20,43,Urban,Medium Speed (Collector),No,41.57870278,-87.65478611,Non-Intersection,Dark - Lighted,Clear,8:00pm-8:59pm,48,8:00pm-8:59pm,52,Unknown,Unknown EMS Hospital Arrival Time,1,Dark - Lighted,Clear,1,0,['Driver'],['None_Used'],0,0,Valid,0.0,0.0,54.0,54.0,['Male'],1,0,1,4,3,Dry,Curve,Level,Lowest,No
13386,17,Illinois,170876,0,2,2,0,5,CHAMPAIGN,September,19,Tuesday,20,30,Urban,High Speed (Arterial),Yes,40.1132,-88.3145,Complex/Circle,Dark - Lighted,Clear,8:00pm-8:59pm,35,Unknown EMS Scene Arrival Hour,Unknown EMS Scene Arrival Minutes,Unknown,Unknown EMS Hospital Arrival Time,1,Dark - Lighted,Clear,1,4,['Driver'],['None_Used'],0,0,Invalid,0.0,0.0,64.0,23.0,"['Male', 'Female']",1,0,3,4,5,Dry,Straight,Level,Lowest,No
13387,17,Illinois,170877,0,2,2,0,3,LONG GROVE,September,19,Tuesday,10,12,Urban,Medium Speed (Collector),No,42.16069167,-88.02618056,Non-Intersection,Daylight,Rain,10:00am-10:59am,15,10:00am-10:59am,19,Unknown,Unknown EMS Hospital Arrival Time,1,Daylight,Rain/Wind/Minor,1,2,['Driver'],['Shoulder_Lapbelt'],0,0,Valid,0.0,1.0,22.0,22.0,"['Male', 'Male']",0,0,4,4,5,Wet/Standing Water,Straight,Level,Lowest,No
13388,17,Illinois,170878,0,1,1,0,3,ROCKFORD,October,2,Monday,22,34,Urban,High Speed (Arterial),Yes,42.27621111,-89.08168333,Non-Intersection,Dark - Lighted,Clear,10:00pm-10:59pm,35,10:00pm-10:59pm,45,Unknown,Unknown EMS Hospital Arrival Time,1,Dark - Lighted,Clear,1,2,['Front_Passenger'],['Shoulder_Lapbelt'],1,1,Valid,0.0,0.0,22.0,22.0,['Male'],3,0,2,4,3,Dry,Curve,Level,Lowest,No
13389,17,Illinois,170879,3,5,5,0,9,NOT APPLICABLE,September,29,Friday,20,41,Rural,Medium Speed (Collector),No,39.14086111,-88.43886389,Non-Intersection,Dark - Not Lighted,Clear,8:00pm-8:59pm,45,9:00pm-9:59pm,3,Unknown,Unknown EMS Hospital Arrival Time,5,Dark - Unlighted,Clear,2,7,"['Driver', 'Driver']","['Shoulder_Lapbelt', 'Shoulder_Lapbelt']",0,0,Valid,1.0,1.0,67.0,18.0,"['Male', 'Female', 'Male', 'Male', 'Male']",0,0,4,4,4,Dry,Curve,Grade/Hillcrest,Lowest,No
13390,17,Illinois,170880,0,1,1,0,1,PARK RIDGE,October,3,Tuesday,2,39,Urban,Medium Speed (Collector),No,42.02563611,-87.83765833,Non-Intersection,Dark - Unknown Lighting,Clear,2:00am-2:59am,39,Unknown EMS Scene Arrival Hour,Unknown EMS Scene Arrival Minutes,Not Applicable (Not Transported),Not Applicable (Not Transported),1,Dark - Unlighted,Clear,1,0,['Driver'],['None_Used'],0,0,Valid,0.0,0.0,37.0,37.0,['Male'],0,0,3,4,3,Dry,Straight,Level,Lowest,No
13391,17,Illinois,170881,0,2,2,0,4,NOT APPLICABLE,October,3,Tuesday,14,28,Rural,High Speed (Arterial),Yes,39.72747222,-89.49828611,Complex/Circle,Daylight,Clear,2:00pm-2:59pm,31,2:00pm-2:59pm,35,Unknown,Unknown EMS Hospital Arrival Time,1,Daylight,Clear,1,3,['Rear_Seat'],['Shoulder_Lapbelt'],0,0,Valid,1.0,1.0,69.0,64.0,"['Male', 'Male']",0,0,3,4,5,Dry,Straight,Level,Lowest,No
13392,17,Illinois,170882,1,1,1,0,2,CHICAGO,October,4,Wednesday,19,30,Urban,Low Speed (Local),No,41.94776944,-87.76189167,Complex/Circle,Dark - Lighted,Clear,Unknown,Unknown,Unknown EMS Scene Arrival Hour,Unknown EMS Scene Arrival Minutes,Unknown,Unknown EMS Hospital Arrival Time,1,Dark - Lighted,Clear,0,2,[],[],0,0,Valid,0.0,0.0,41.0,41.0,['Female'],0,0,2,2,4,Dry,Straight,Level,Lowest,No