,State_Code,State_Name,Crash_ID,Count_Non_Motorists,Count_Vehicles_Total,Count_Vehicle_Forms,Count_PVH_Involved,Count_Occupants_MV,City_Name,Month_Name,Day_of_Month,Day_of_Week,Crash_Hour,Crash_Minute,Area_Rural_Urban,Road_Functional_Class,On_NHS_Road,Latitude,Longitude,Intersection_Type,Light_Condition,Weather_Condition,Notif_Hour,Notif_Minute,Arrival_Hour,Arrival_Minute,Hospital_Hour,Hospital_Minute,Fatalities_Count,Clean_Light_Condition,Clean_Weather_Condition,Total_Killed,Total_Alive,Fatal_Seats_List,Killed_Restraint_List,Any_Driver_Drinking,Total_Drinking_Drivers,Driver_License_Category,Driver_Max_Prev_Accident_Count,Driver_Max_Prev_Speeding_Count,Max_Driver_Age,Min_Driver_Age,Driver_Sex_List,Total_Exceeding_Limit_Vehicles,Total_Too_Fast_Vehicles,Max_Vehicle_Type_Severity_5,Max_Vehicle_Damage_Rank,Max_Harmful_Event_Severity,Crash_Road_Surface_Condition,Crash_Horizontal_Alignment,Crash_Vertical_Profile,Crash_Impairment_Category,Crash_Vehicle_Defect
13393,17,Illinois,170883,0,2,2,0,2,NOT APPLICABLE,October,31,Tuesday,9,14,Urban,Medium Speed (Collector),No,42.48912778,-87.92627222,Non-Intersection,Daylight,Snow,9:00am-9:59am,14,9:00am-9:59am,17,Unknown,Unknown EMS Hospital Arrival Time,1,Daylight,Snow/Ice/Severe,1,1,['Driver'],['Shoulder_Lapbelt'],0,0,Valid,0.0,0.0,72.0,46.0,"['Male', 'Male']",1,0,3,4,5,Icy/Snowy,Straight,Level,Lowest,No
13394,17,Illinois,170884,0,2,2,0,7,CHICAGO,October,30,Monday,20,46,Urban,High Speed (Arterial),Yes,41.84100556,-87.60975556,Non-Intersection,Dark - Lighted,Clear,8:00pm-8:59pm,46,8:00pm-8:59pm,55,Unknown,Unknown EMS Hospital Arrival Time,2,Dark - Lighted,Clear,2,5,"['Driver', 'Front_Passenger']","['Shoulder_Lapbelt', 'Shoulder_Lapbelt']",0,0,Valid,0.0,0.0,49.0,24.0,"['Male', 'Male']",0,0,2,4,5,Dry,Straight,Level,Lowest,No
13395,17,Illinois,170885,1,1,1,0,1,CHICAGO,October,4,Wednesday,8,34,Urban,Medium Speed (Collector),No,41.87433611,-87.73513333,Complex/Circle,Daylight,Clear,8:00am-8:59am,35,8:00am-8:59am,40,Not Applicable (Not Transported),Not Applicable (Not Transported),1,Daylight,Clear,0,1,[],[],0,0,Invalid,0.0,0.0,28.0,28.0,['Male'],0,0,4,1,4,Dry,Straight,Level,Lowest,No
13396,17,Illinois,170886,0,1,1,0,1,PALATINE,October,30,Monday,14,53,Urban,High Speed (Arterial),Yes,42.10755556,-88.06328611,Non-Intersection,Daylight,Clear,Unknown,Unknown,Unknown EMS Scene Arrival Hour,Unknown EMS Scene Arrival Minutes,Not Applicable (Not Transported),Not Applicable (Not Transported),1,Daylight,Clear,1,0,['Driver'],['Shoulder_Lapbelt'],0,0,Valid,0.0,0.0,85.0,85.0,['Female'],1,0,2,4,3,Dry,Straight,Level,Lowest,No
13397,17,Illinois,170887,0,3,3,0,3,NOT APPLICABLE,October,4,Wednesday,10,40,Rural,Medium Speed (Collector),No,42.41007778,-89.48129167,Non-Intersection,Daylight,Clear,10:00am-10:59am,43,10:00am-10:59am,43,Unknown,Unknown EMS Hospital Arrival Time,1,Daylight,Clear,1,2,['Driver'],['Shoulder_Lapbelt'],0,0,Valid,0.0,0.0,93.0,27.0,"['Male', 'Male', 'Male']",0,0,4,4,5,Dry,Straight,Level,Lowest,No
13398,17,Illinois,170888,1,2,2,0,2,SCHILLER PARK,October,30,Monday,6,40,Urban,High Speed (Arterial),Yes,41.950875,-87.88564444,Simple Junction,Dark - Not Lighted,Clear,6:00am-6:59am,38,6:00am-6:59am,43,Unknown,Unknown EMS Hospital Arrival Time,1,Dark - Unlighted,Clear,0,2,[],[],0,0,Valid,0.0,0.0,998.0,36.0,"['Male', 'Male']",0,0,2,1,5,Dry,Straight,Level,Lowest,No
13399,17,Illinois,170889,0,2,2,0,2,GLENDALE HEIGHTS,October,4,Wednesday,12,49,Urban,High Speed (Arterial),Yes,41.90363333,-88.06281667,Complex/Circle,Daylight,Clear,12:00pm-12:59pm,49,12:00pm-12:59pm,54,Unknown,Unknown EMS Hospital Arrival Time,1,Daylight,Clear,1,1,['Driver'],['Shoulder_Lapbelt'],0,0,Valid,0.0,0.0,68.0,59.0,"['Male', 'Male']",1,0,3,4,5,Dry,Straight,Level,Lowest,No
13400,17,Illinois,170890,2,1,1,0,3,CLAY CITY,October,29,Sunday,19,8,Rural,High Speed (Arterial),Yes,38.68694722,-88.33312778,Non-Intersection,Dark - Not Lighted,Rain,7:00pm-7:59pm,8,7:00pm-7:59pm,20,Not Applicable (Not Transported),Not Applicable (Not Transported),2,Dark - Unlighted,Rain/Wind/Minor,0,3,[],[],0,0,Valid,0.0,1.0,32.0,32.0,['Male'],0,0,3,4,4,Wet/Standing Water,Straight,Level,Lowest,No
13401,17,Illinois,170891,0,2,2,0,6,O'FALLON,October,29,Sunday,13,18,Urban,High Speed (Arterial),Yes,38.58354722,-89.87365833,Complex/Circle,Daylight,Cloudy,1:00pm-1:59pm,21,1:00pm-1:59pm,25,Unknown,Unknown EMS Hospital Arrival Time,1,Daylight,Reduced Visibility,1,5,['Rear_Seat'],['Shoulder_Lapbelt'],0,0,Valid,0.0,0.0,47.0,17.0,"['Female', 'Female']",0,0,3,1,5,Wet/Standing Water,Straight,Level,Lowest,No
13402,17,Illinois,170892,0,1,1,0,1,NOT APPLICABLE,October,4,Wednesday,13,1,Rural,Medium Speed (Collector),No,39.96109722,-89.64576389,Non-Intersection,Daylight,Clear,1:00pm-1:59pm,1,1:00pm-1:59pm,20,Unknown,Unknown EMS Hospital Arrival Time,1,Daylight,Clear,1,0,['Driver'],['Shoulder_Lapbelt'],0,0,Valid,0.0,0.0,70.0,70.0,['Female'],0,0,3,4,3,Dry,Straight,Level,Lowest,No
13403,17,Illinois,170893,1,1,1,0,2,EAST MOLINE,October,4,Wednesday,19,8,Urban,Medium Speed (Collector),No,41.48966944,-90.44063611,Non-Intersection,Dark - Lighted,Clear,7:00pm-7:59pm,11,7:00pm-7:59pm,15,Unknown,Unknown EMS Hospital Arrival Time,1,Dark - Lighted,Clear,0,2,[],[],0,0,Valid,2.0,0.0,19.0,19.0,['Female'],2,0,3,4,4,Dry,Straight,Level,Lowest,No
13404,17,Illinois,170894,0,1,1,0,1,NOT APPLICABLE,October,29,Sunday,7,35,Rural,High Speed (Arterial),Yes,42.34256111,-88.53406667,Non-Intersection,Dawn,Clear,7:00am-7:59am,35,7:00am-7:59am,43,Not Applicable (Not Transported),Not Applicable (Not Transported),1,Twilight,Clear,1,0,['Driver'],['Shoulder_Lapbelt'],1,1,Valid,0.0,0.0,32.0,32.0,['Male'],0,0,3,4,3,Dry,Straight,Level,Lowest,No
13405,17,Illinois,170895,0,2,2,0,2,ALTON,October,29,Sunday,5,54,Urban,High Speed (Arterial),Yes,38.888825,-90.17730556,Complex/Circle,Dark - Lighted,Rain,5:00am-5:59am,57,Unknown EMS Scene Arrival Hour,Unknown EMS Scene Arrival Minutes,Unknown,Unknown EMS Hospital Arrival Time,1,Dark - Lighted,Rain/Wind/Minor,1,1,['Driver'],['Shoulder_Lapbelt'],0,0,Valid,0.0,1.0,43.0,20.0,"['Male', 'Male']",0,0,4,4,5,Wet/Standing Water,Straight,Level,Lowest,No
13406,17,Illinois,170896,0,1,1,0,1,NOT APPLICABLE,October,11,Wednesday,19,31,Urban,High Speed (Arterial),Yes,40.43603889,-88.99165833,Non-Intersection,Dark - Lighted,Clear,7:00pm-7:59pm,31,7:00pm-7:59pm,46,Not Applicable (Not Transported),Not Applicable (Not Transported),1,Dark - Lighted,Clear,1,0,['Driver'],['Shoulder_Lapbelt'],1,1,Valid,0.0,0.0,52.0,52.0,['Male'],0,0,4,4,2,Dry,Straight,Level,Lowest,No
13407,17,Illinois,170897,0,2,2,0,4,NOT APPLICABLE,October,28,Saturday,15,30,Rural,Medium Speed (Collector),No,40.45717222,-88.71670278,Complex/Circle,Daylight,Cloudy,3:00pm-3:59pm,45,3:00pm-3:59pm,55,Unknown,Unknown EMS Hospital Arrival Time,1,Daylight,Reduced Visibility,1,3,['Driver'],['Shoulder_Lapbelt'],0,0,Valid,0.0,2.0,27.0,16.0,"['Female', 'Male']",0,0,4,4,5,Dry,Straight,Level,Lowest,No
13408,17,Illinois,170898,0,2,2,0,7,ORLAND PARK,October,28,Saturday,4,7,Urban,High Speed (Arterial),Yes,41.61704167,-87.79481667,Simple Junction,Dark - Lighted,Cloudy,4:00am-4:59am,7,4:00am-4:59am,22,Unknown,Unknown EMS Hospital Arrival Time,1,Dark - Lighted,Reduced Visibility,1,6,['Driver'],['Shoulder_Lapbelt'],0,0,Valid,0.0,0.0,57.0,23.0,"['Male', 'Male']",0,0,2,4,5,Dry,Straight,Level,Lowest,No
13409,17,Illinois,170899,0,2,2,0,4,CHICAGO,October,27,Friday,21,57,Urban,High Speed (Arterial),Yes,41.79523333,-87.68407778,Complex/Circle,Dark - Lighted,Clear,9:00pm-9:59pm,59,10:00pm-10:59pm,3,Unknown,Unknown EMS Hospital Arrival Time,1,Dark - Lighted,Clear,1,3,['Rear_Seat'],['Shoulder_Lapbelt'],0,0,Invalid,0.0,0.0,39.0,39.0,"['Male', 'Female']",0,0,3,4,5,Wet/Standing Water,Straight,Level,Lowest,No
13410,17,Illinois,170900,0,1,1,0,1,CARTERVILLE,October,27,Friday,15,3,Urban,High Speed (Arterial),Yes,37.74496389,-89.07690833,Complex/Circle,Daylight,Rain,3:00pm-3:59pm,5,3:00pm-3:59pm,7,Not Applicable (Not Transported),Not Applicable (Not Transported),1,Daylight,Rain/Wind/Minor,1,0,['Driver'],['None_Used'],1,1,Valid,0.0,0.0,27.0,27.0,['Male'],1,0,5,4,3,Wet/Standing Water,Straight,Level,Lowest,No
13411,17,Illinois,170901,0,2,2,0,2,HOMER GLEN,October,4,Wednesday,23,37,Urban,Medium Speed (Collector),No,41.57635278,-87.97758889,Non-Intersection,Dark - Not Lighted,Rain,11:00am-11:59am,38,Unknown EMS Scene Arrival Hour,Unknown EMS Scene Arrival Minutes,Unknown,Unknown EMS Hospital Arrival Time,1,Dark - Unlighted,Rain/Wind/Minor,1,1,['Driver'],['Shoulder_Lapbelt'],1,1,Valid,0.0,0.0,42.0,18.0,"['Female', 'Female']",0,0,3,4,5,Wet/Standing Water,Straight,Level,Lowest,No
13412,17,Illinois,170902,0,2,2,0,2,OTTAWA,October,27,Friday,14,18,Urban,High Speed (Arterial),Yes,41.35364167,-88.81943056,Complex/Circle,Daylight,Clear,2:00pm-2:59pm,19,2:00pm-2:59pm,22,Unknown,Unknown EMS Hospital Arrival Time,1,Daylight,Clear,1,1,['Driver'],['Shoulder_Lapbelt'],0,0,Valid,1.0,0.0,66.0,34.0,"['Female', 'Male']",0,0,3,4,5,Dry,Straight,Level,Lowest,No
13413,17,Illinois,170903,0,1,1,0,1,CHICAGO,October,27,Friday,2,0,Urban,High Speed (Arterial),Yes,41.85737778,-87.68571111,Non-Intersection,Dark - Lighted,Rain,2:00am-2:59am,8,2:00am-2:59am,10,Unknown,Unknown EMS Hospital Arrival Time,1,Dark - Lighted,Rain/Wind/Minor,1,0,['Driver'],['Shoulder_Lapbelt'],0,0,Valid,0.0,0.0,38.0,38.0,['Male'],0,0,3,4,3,Wet/Standing Water,Straight,Level,Lowest,No
13414,17,Illinois,170904,1,2,2,0,3,NOT APPLICABLE,October,26,Thursday,19,28,Rural,High Speed (Arterial),Yes,40.12529167,-87.81458889,Non-Intersection,Dark - Not Lighted,Clear,7:00pm-7:59pm,30,7:00pm-7:59pm,37,Unknown,Unknown EMS Hospital Arrival Time,2,Dark - Unlighted,Clear,2,1,"['Front_Passenger', 'Rear_Seat']","['Shoulder_Lapbelt', 'Shoulder_Lapbelt']",0,0,Valid,0.0,0.0,37.0,37.0,['Male'],0,0,3,4,5,Dry,Straight,Level,Lowest,Yes
13415,17,Illinois,170905,1,2,2,0,3,FRANKLIN PARK,October,26,Thursday,18,35,Urban,Medium Speed (Collector),No,41.92956944,-87.86390278,Non-Intersection,Dark - Not Lighted,Clear,6:00pm-6:59pm,35,6:00pm-6:59pm,39,Unknown,Unknown EMS Hospital Arrival Time,1,Dark - Unlighted,Clear,0,3,[],[],1,1,Valid,0.0,0.0,46.0,29.0,"['Male', 'Male']",0,0,3,1,5,Wet/Standing Water,Straight,Level,Lowest,Yes
13416,17,Illinois,170906,1,2,2,0,2,CHICAGO,October,5,Thursday,5,11,Urban,High Speed (Arterial),No,41.78951111,-87.72313333,Complex/Circle,Dark - Lighted,Rain,Unknown,Unknown,Unknown EMS Scene Arrival Hour,Unknown EMS Scene Arrival Minutes,Unknown,Unknown EMS Hospital Arrival Time,1,Dark - Lighted,Rain/Wind/Minor,0,2,[],[],0,0,Valid,0.0,0.0,62.0,28.0,"['Male', 'Male']",0,0,3,0,4,Wet/Standing Water,Straight,Level,Lowest,No
13417,17,Illinois,170907,0,2,2,0,3,NOT APPLICABLE,October,25,Wednesday,19,29,Rural,Medium Speed (Collector),No,39.89364167,-88.60848889,Non-Intersection,Dark - Not Lighted,Clear,7:00pm-7:59pm,32,7:00pm-7:59pm,40,Not Applicable (Not Transported),Not Applicable (Not Transported),1,Dark - Unlighted,Clear,1,2,['Driver'],['None_Used'],0,0,Invalid,0.0,0.0,42.0,36.0,"['Male', 'Male']",0,0,2,4,5,Dry,Straight,Level,Lowest,Yes
13418,17,Illinois,170908,0,1,1,0,1,ARROWSMITH,October,5,Thursday,13,43,Rural,Low Speed (Local),No,40.44486944,-88.59355278,Non-Intersection,Daylight,Clear,1:00pm-1:59pm,45,1:00pm-1:59pm,52,Unknown,Unknown EMS Hospital Arrival Time,1,Daylight,Clear,1,0,['Driver'],['Shoulder_Lapbelt'],0,0,Valid,0.0,0.0,75.0,75.0,['Female'],0,0,3,4,4,Dry,Straight,Grade/Hillcrest,Lowest,No
13419,17,Illinois,170909,0,2,2,0,2,NOT APPLICABLE,October,11,Wednesday,6,18,Rural,High Speed (Arterial),Yes,41.19528056,-88.83615278,Non-Intersection,Dark - Not Lighted,Clear,6:00am-6:59am,24,6:00am-6:59am,36,Not Applicable (Not Transported),Not Applicable (Not Transported),2,Dark - Unlighted,Clear,2,0,"['Driver', 'Driver']","['Shoulder_Lapbelt', 'Shoulder_Lapbelt']",1,1,Valid,0.0,1.0,40.0,19.0,"['Female', 'Male']",0,0,3,4,5,Dry,Straight,Level,Lowest,No
13420,17,Illinois,170910,1,1,1,0,1,Other,October,5,Thursday,19,10,Urban,High Speed (Arterial),Yes,41.71913889,-88.32005556,Non-Intersection,Dark - Lighted,Clear,7:00pm-7:59pm,10,7:00pm-7:59pm,12,Unknown,Unknown EMS Hospital Arrival Time,1,Dark - Lighted,Clear,0,1,[],[],0,0,Valid,0.0,0.0,55.0,55.0,['Male'],0,0,3,1,4,Dry,Straight,Level,Lowest,No
13421,17,Illinois,170911,0,2,2,0,2,JOLIET,October,11,Wednesday,22,17,Urban,Medium Speed (Collector),No,41.53664167,-88.15323611,Non-Intersection,Dark - Lighted,Rain,Unknown,Unknown,Unknown EMS Scene Arrival Hour,Unknown EMS Scene Arrival Minutes,Unknown,Unknown EMS Hospital Arrival Time,1,Dark - Lighted,Rain/Wind/Minor,1,1,['Driver'],['Shoulder_Lapbelt'],0,0,Invalid,0.0,0.0,35.0,26.0,"['Male', 'Male']",1,0,2,4,5,Wet/Standing Water,Straight,Level,Lowest,No
13422,17,Illinois,170912,0,1,1,0,2,NOT APPLICABLE,October,12,Thursday,8,20,Rural,Medium Speed (Collector),No,39.77541667,-90.73701389,Non-Intersection,Daylight,Clear,8:00am-8:59am,24,8:00am-8:59am,37,Unknown,Unknown EMS Hospital Arrival Time,1,Daylight,Clear,1,1,['Driver'],['None_Used'],0,0,Valid,0.0,0.0,17.0,17.0,['Male'],2,0,2,4,3,Dry,Curve,Level,Lowest,No
13423,17,Illinois,170913,0,1,1,0,1,NOT APPLICABLE,October,13,Friday,5,25,Rural,Medium Speed (Collector),No,40.48538611,-91.35574167,Non-Intersection,Daylight,Rain,5:00am-5:59am,33,5:00am-5:59am,40,Not Applicable (Not Transported),Not Applicable (Not Transported),1,Daylight,Rain/Wind/Minor,1,0,['Driver'],['Shoulder_Lapbelt'],0,0,Valid,0.0,0.0,57.0,57.0,['Male'],1,0,2,4,3,Wet/Standing Water,Straight,Level,Lowest,No
13424,17,Illinois,170914,0,1,1,0,2,NOT APPLICABLE,October,13,Friday,8,10,Rural,Medium Speed (Collector),No,42.41107222,-90.25764444,Non-Intersection,Daylight,Rain,8:00am-8:59am,12,8:00am-8:59am,31,Unknown,Unknown EMS Hospital Arrival Time,1,Daylight,Rain/Wind/Minor,1,1,['Front_Passenger'],['Shoulder_Lapbelt'],0,0,Valid,0.0,0.0,34.0,34.0,['Male'],0,0,3,4,3,Wet/Standing Water,Curve,Level,Lowest,Yes
13425,17,Illinois,170915,0,2,2,0,2,SUGAR GROVE,October,6,Friday,5,11,Urban,High Speed (Arterial),Yes,41.79424444,-88.32704722,Non-Intersection,Dark - Not Lighted,Clear,5:00am-5:59am,12,5:00am-5:59am,15,Unknown,Unknown EMS Hospital Arrival Time,1,Dark - Unlighted,Clear,1,1,['Driver'],['Shoulder_Lapbelt'],1,1,Valid,0.0,0.0,67.0,21.0,"['Female', 'Male']",0,0,3,4,5,Dry,Curve,Level,Lowest,No
13426,17,Illinois,170916,0,3,3,0,4,NOT APPLICABLE,October,13,Friday,13,12,Rural,Medium Speed (Collector),No,39.86984722,-89.66438611,Non-Intersection,Daylight,Rain,Unknown,Unknown,Unknown EMS Scene Arrival Hour,Unknown EMS Scene Arrival Minutes,Unknown,Unknown EMS Hospital Arrival Time,1,Daylight,Rain/Wind/Minor,1,3,['Driver'],['None_Used'],0,0,Valid,0.0,1.0,89.0,18.0,"['Male', 'Female', 'Male']",1,0,3,4,5,Wet/Standing Water,Straight,Grade/Hillcrest,Lowest,No
13427,17,Illinois,170917,1,1,1,0,2,MONEE,October,6,Friday,5,18,Urban,Medium Speed (Collector),No,41.39890833,-87.75470556,Non-Intersection,Dark - Not Lighted,Clear,5:00am-5:59am,22,5:00am-5:59am,32,Not Applicable (Not Transported),Not Applicable (Not Transported),1,Dark - Unlighted,Clear,0,2,[],[],0,0,Valid,0.0,0.0,37.0,37.0,['Male'],0,0,2,4,4,Dry,Straight,Level,Lowest,No
13428,17,Illinois,170918,0,3,3,0,3,ARLINGTON HEIGHTS,October,6,Friday,8,21,Urban,High Speed (Arterial),Yes,42.11023056,-87.97693056,Complex/Circle,Daylight,Clear,8:00am-8:59am,21,8:00am-8:59am,25,Unknown,Unknown EMS Hospital Arrival Time,1,Daylight,Clear,1,2,['Driver'],['Shoulder_Lapbelt'],0,0,Valid,0.0,0.0,78.0,26.0,"['Female', 'Male', 'Female']",0,0,3,4,5,Dry,Straight,Level,Medium,No
13429,17,Illinois,170919,0,2,2,0,3,CHICAGO,October,6,Friday,11,48,Urban,High Speed (Arterial),Yes,41.841775,-87.60965,Non-Intersection,Daylight,Clear,Unknown,Unknown,Unknown EMS Scene Arrival Hour,Unknown EMS Scene Arrival Minutes,Unknown,Unknown EMS Hospital Arrival Time,1,Daylight,Clear,1,2,['Rear_Seat'],['Shoulder_Lapbelt'],1,1,Invalid,0.0,0.0,53.0,43.0,"['Male', 'Male']",0,0,3,4,5,Dry,Straight,Level,Lowest,No
13430,17,Illinois,170920,1,1,1,0,1,CHICAGO,October,6,Friday,20,6,Urban,Medium Speed (Collector),No,41.85219167,-87.67451389,Non-Intersection,Dark - Lighted,Clear,8:00pm-8:59pm,6,8:00pm-8:59pm,10,Unknown,Unknown EMS Hospital Arrival Time,1,Dark - Lighted,Clear,0,1,[],[],0,0,Invalid,0.0,0.0,999.0,999.0,['Other'],0,0,1,1,4,Dry,Straight,Level,Lowest,No
13431,17,Illinois,170921,1,1,1,0,1,NOT APPLICABLE,October,13,Friday,18,41,Urban,High Speed (Arterial),Yes,38.4006,-87.7901,Non-Intersection,Dusk,Clear,6:00pm-6:59pm,41,6:00pm-6:59pm,50,Unknown,Unknown EMS Hospital Arrival Time,1,Twilight,Clear,0,1,[],[],0,0,Valid,0.0,1.0,42.0,42.0,['Male'],0,0,3,3,4,Dry,Curve,Grade/Hillcrest,Lowest,No
13432,17,Illinois,170922,0,2,2,0,4,BURR RIDGE,October,13,Friday,21,56,Urban,High Speed (Arterial),Yes,41.71938056,-87.94394444,Simple Junction,Dark - Not Lighted,Rain,9:00pm-9:59pm,57,9:00pm-9:59pm,57,Unknown,Unknown EMS Hospital Arrival Time,1,Dark - Unlighted,Rain/Wind/Minor,1,3,['Front_Passenger'],['Shoulder_Lapbelt'],0,0,Valid,0.0,0.0,80.0,70.0,"['Female', 'Male']",0,0,3,4,5,Wet/Standing Water,Straight,Level,Lowest,No
13433,17,Illinois,170923,1,1,1,0,1,WAUKEGAN,October,14,Saturday,4,42,Urban,Medium Speed (Collector),No,42.35103611,-87.85361111,Non-Intersection,Dark - Lighted,Rain,4:00am-4:59am,42,4:00am-4:59am,49,Unknown,Unknown EMS Hospital Arrival Time,1,Dark - Lighted,Rain/Wind/Minor,0,1,[],[],0,0,Valid,0.0,1.0,32.0,32.0,['Male'],0,0,3,3,4,Wet/Standing Water,Straight,Level,Lowest,No
13434,17,Illinois,170924,0,1,1,0,1,LANSING,October,14,Saturday,10,44,Urban,Low Speed (Local),No,41.57916111,-87.55723889,Non-Intersection,Daylight,Rain,10:00am-10:59am,44,Unknown EMS Scene Arrival Hour,Unknown EMS Scene Arrival Minutes,Unknown,Unknown EMS Hospital Arrival Time,1,Daylight,Rain/Wind/Minor,1,0,['Driver'],['None_Used'],0,0,Valid,1.0,0.0,28.0,28.0,['Male'],0,0,2,4,3,Wet/Standing Water,Straight,Level,Lowest,No
13435,17,Illinois,170925,0,2,2,0,2,YORKVILLE,October,14,Saturday,13,49,Urban,Medium Speed (Collector),No,41.65953056,-88.44673889,Complex/Circle,Daylight,Rain,1:00pm-1:59pm,53,1:00pm-1:59pm,56,Unknown,Unknown EMS Hospital Arrival Time,1,Daylight,Rain/Wind/Minor,1,1,['Driver'],['None_Used'],0,0,Valid,0.0,0.0,57.0,54.0,"['Female', 'Male']",0,0,3,4,5,Wet/Standing Water,Straight,Level,Lowest,No
13436,17,Illinois,170926,1,1,1,0,1,CHICAGO,October,15,Sunday,19,10,Urban,Low Speed (Local),No,41.79031111,-87.79029444,Complex/Circle,Dark - Lighted,Cloudy,Unknown,Unknown,Unknown EMS Scene Arrival Hour,Unknown EMS Scene Arrival Minutes,Unknown,Unknown EMS Hospital Arrival Time,1,Dark - Lighted,Reduced Visibility,0,1,[],[],0,0,Invalid,0.0,0.0,998.0,998.0,['Other'],0,0,1,0,4,Dry,Straight,Level,Lowest,No
13437,17,Illinois,170927,0,1,1,0,1,SORENTO,October,15,Sunday,18,0,Rural,Medium Speed (Collector),No,39.026475,-89.55654167,Non-Intersection,Daylight,Clear,6:00pm-6:59pm,0,6:00pm-6:59pm,18,Not Applicable (Not Transported),Not Applicable (Not Transported),1,Daylight,Clear,1,0,['Driver'],['None_Used'],1,1,Invalid,0.0,0.0,60.0,60.0,['Male'],0,0,3,4,3,Dry,Straight,Grade/Hillcrest,Lowest,No
13438,17,Illinois,170928,1,1,1,0,1,SPRINGFIELD,October,16,Monday,13,30,Urban,High Speed (Arterial),Yes,39.81700556,-89.64319722,Non-Intersection,Daylight,Clear,Unknown,Unknown,Unknown EMS Scene Arrival Hour,Unknown EMS Scene Arrival Minutes,Unknown,Unknown EMS Hospital Arrival Time,1,Daylight,Clear,0,1,[],[],0,0,Valid,0.0,0.0,76.0,76.0,['Female'],0,0,3,2,4,Dry,Straight,Level,Lowest,No
13439,17,Illinois,170929,1,1,1,0,1,CHICAGO,October,17,Tuesday,5,25,Urban,Medium Speed (Collector),No,41.89869167,-87.61828889,Non-Intersection,Dark - Lighted,Clear,5:00am-5:59am,32,5:00am-5:59am,34,Unknown,Unknown EMS Hospital Arrival Time,1,Dark - Lighted,Clear,0,1,[],[],0,0,Valid,0.0,1.0,63.0,63.0,['Male'],0,0,3,4,4,Dry,Straight,Level,Lowest,No
13440,17,Illinois,170930,0,1,1,0,1,NOT APPLICABLE,October,17,Tuesday,21,43,Rural,Medium Speed (Collector),No,38.60603611,-88.08448611,Non-Intersection,Dark - Not Lighted,Clear,9:00am-9:59am,43,9:00am-9:59am,50,Unknown,Unknown EMS Hospital Arrival Time,1,Dark - Unlighted,Clear,1,0,['Driver'],['None_Used'],1,1,Valid,0.0,0.0,38.0,38.0,['Female'],1,0,2,4,3,Dry,Curve,Level,Lowest,No
13441,17,Illinois,170931,0,1,1,0,1,COLLINSVILLE,October,17,Tuesday,18,23,Urban,Low Speed (Local),No,38.69301944,-89.95303889,Non-Intersection,Dusk,Clear,6:00pm-6:59pm,24,Unknown EMS Scene Arrival Hour,Unknown EMS Scene Arrival Minutes,Not Applicable (Not Transported),Not Applicable (Not Transported),1,Twilight,Clear,1,0,['Driver'],['None_Used'],0,0,Valid,0.0,0.0,55.0,55.0,['Male'],0,0,5,4,1,Dry,Straight,Grade/Hillcrest,Lowest,No
13442,17,Illinois,170932,1,2,2,0,2,NOT APPLICABLE,October,17,Tuesday,21,5,Rural,High Speed (Arterial),Yes,39.17542778,-89.69356389,Non-Intersection,Dark - Not Lighted,Clear,9:00pm-9:59pm,9,9:00pm-9:59pm,11,Not Applicable (Not Transported),Not Applicable (Not Transported),1,Dark - Unlighted,Clear,0,2,[],[],0,0,Valid,0.0,0.0,998.0,66.0,"['Male', 'Other']",0,0,3,3,4,Dry,Straight,Level,Lowest,No
13443,17,Illinois,170933,0,1,1,0,1,NOT APPLICABLE,October,17,Tuesday,22,29,Urban,High Speed (Arterial),Yes,41.93365556,-88.47924722,Non-Intersection,Dark - Not Lighted,Clear,10:00pm-10:59pm,30,10:00pm-10:59pm,33,Unknown,Unknown EMS Hospital Arrival Time,1,Dark - Unlighted,Clear,1,0,['Driver'],['None_Used'],1,1,Valid,0.0,0.0,22.0,22.0,['Male'],1,0,5,4,3,Dry,Straight,Grade/Hillcrest,Lowest,No
13444,17,Illinois,170934,0,1,1,0,1,NOT APPLICABLE,October,18,Wednesday,2,12,Rural,Medium Speed (Collector),No,37.887675,-89.15554722,Non-Intersection,Dark - Not Lighted,Clear,2:00am-2:59am,27,2:00am-2:59am,44,Unknown,Unknown EMS Hospital Arrival Time,1,Dark - Unlighted,Clear,1,0,['Driver'],['None_Used'],1,1,Valid,0.0,1.0,31.0,31.0,['Male'],1,0,3,4,3,Dry,Straight,Level,Lowest,No
13445,17,Illinois,170935,0,3,3,0,3,NOT APPLICABLE,October,18,Wednesday,12,44,Rural,Medium Speed (Collector),No,38.44372222,-90.12394722,Non-Intersection,Daylight,Clear,12:00pm-12:59pm,44,1:00pm-1:59pm,0,Unknown,Unknown EMS Hospital Arrival Time,1,Daylight,Clear,1,2,['Driver'],['Shoulder_Lapbelt'],0,0,Valid,0.0,0.0,82.0,21.0,"['Male', 'Female', 'Female']",1,0,3,4,5,Dry,Straight,Level,Lowest,No
13446,17,Illinois,170936,1,3,1,2,1,NOT APPLICABLE,October,18,Wednesday,16,15,Urban,Medium Speed (Collector),No,42.37920278,-88.10236389,Non-Intersection,Daylight,Clear,4:00pm-4:59pm,19,4:00pm-4:59pm,23,Unknown,Unknown EMS Hospital Arrival Time,1,Daylight,Clear,1,0,['Driver'],['Shoulder_Lapbelt'],0,0,Invalid,0.0,0.0,38.0,38.0,['Male'],1,0,2,4,4,Dry,Straight,Level,Lowest,No
13447,17,Illinois,170937,0,2,2,0,2,NOT APPLICABLE,October,25,Wednesday,18,15,Rural,Medium Speed (Collector),No,42.10777778,-89.62753889,Non-Intersection,Dark - Not Lighted,Clear,6:00pm-6:59pm,18,6:00pm-6:59pm,28,Unknown,Unknown EMS Hospital Arrival Time,1,Dark - Unlighted,Clear,1,1,['Driver'],['Shoulder_Lapbelt'],1,1,Invalid,0.0,0.0,43.0,41.0,"['Male', 'Male']",0,0,3,4,5,Dry,Straight,Level,Lowest,No