,State_Code,State_Name,Crash_ID,Count_Non_Motorists,Count_Vehicles_Total,Count_Vehicle_Forms,Count_PVH_Involved,Count_Occupants_MV,City_Name,Month_Name,Day_of_Month,Day_of_Week,Crash_Hour,Crash_Minute,Area_Rural_Urban,Road_Functional_Class,On_NHS_Road,Latitude,Longitude,Intersection_Type,Light_Condition,Weather_Condition,Notif_Hour,Notif_Minute,Arrival_Hour,Arrival_Minute,Hospital_Hour,Hospital_Minute,Fatalities_Count,Clean_Light_Condition,Clean_Weather_Condition,Total_Killed,Total_Alive,Fatal_Seats_List,Killed_Restraint_List,Any_Driver_Drinking,Total_Drinking_Drivers,Driver_License_Category,Driver_Max_Prev_Accident_Count,Driver_Max_Prev_Speeding_Count,Max_Driver_Age,Min_Driver_Age,Driver_Sex_List,Total_Exceeding_Limit_Vehicles,Total_Too_Fast_Vehicles,Max_Vehicle_Type_Severity_5,Max_Vehicle_Damage_Rank,Max_Harmful_Event_Severity,Crash_Road_Surface_Condition,Crash_Horizontal_Alignment,Crash_Vertical_Profile,Crash_Impairment_Category,Crash_Vehicle_Defect
13448,17,Illinois,170938,1,1,1,0,1,HARVEY,October,25,Wednesday,18,0,Urban,Medium Speed (Collector),No,41.62096667,-87.64144722,Non-Intersection,Dark - Not Lighted,Clear,6:00pm-6:59pm,7,6:00pm-6:59pm,10,Unknown,Unknown EMS Hospital Arrival Time,1,Dark - Unlighted,Clear,0,1,[],[],0,0,Invalid,0.0,0.0,998.0,998.0,['Other'],0,0,1,0,4,Dry,Straight,Level,Lowest,No
13449,17,Illinois,170939,0,2,2,0,3,NOT APPLICABLE,October,25,Wednesday,10,32,Rural,Medium Speed (Collector),No,39.71036389,-88.45181667,Complex/Circle,Daylight,Rain,10:00am-10:59am,32,10:00am-10:59am,40,Unknown,Unknown EMS Hospital Arrival Time,1,Daylight,Rain/Wind/Minor,1,2,['Front_Passenger'],['Shoulder_Lapbelt'],0,0,Valid,0.0,0.0,36.0,25.0,"['Male', 'Female']",0,0,2,4,5,Wet/Standing Water,Straight,Level,Lowest,No
13450,17,Illinois,170940,0,2,2,0,3,NOT APPLICABLE,October,25,Wednesday,7,15,Urban,High Speed (Arterial),Yes,38.71754722,-89.84697778,Complex/Circle,Dawn,Rain,7:00am-7:59am,16,7:00am-7:59am,25,Unknown,Unknown EMS Hospital Arrival Time,1,Twilight,Rain/Wind/Minor,1,2,['Front_Passenger'],['Shoulder_Lapbelt'],0,0,Valid,0.0,0.0,81.0,55.0,"['Male', 'Male']",0,0,3,4,5,Wet/Standing Water,Straight,Level,Lowest,No
13451,17,Illinois,170941,1,1,1,0,1,SWANSEA,October,26,Thursday,14,41,Urban,High Speed (Arterial),Yes,38.53360556,-89.97768611,Non-Intersection,Daylight,Clear,Unknown,Unknown,Unknown EMS Scene Arrival Hour,Unknown EMS Scene Arrival Minutes,Unknown,Unknown EMS Hospital Arrival Time,1,Daylight,Clear,0,1,[],[],0,0,Valid,0.0,2.0,46.0,46.0,['Male'],0,0,2,1,4,Dry,Straight,Level,Lowest,No
13452,17,Illinois,170942,0,2,2,0,4,Other,October,7,Saturday,15,37,Rural,High Speed (Arterial),Yes,77.7777,777.7777,Non-Intersection,Daylight,Clear,Unknown,Unknown,Unknown EMS Scene Arrival Hour,Unknown EMS Scene Arrival Minutes,Unknown,Unknown EMS Hospital Arrival Time,1,Daylight,Clear,1,3,['Driver'],['None_Used'],1,1,Valid,0.0,0.0,47.0,43.0,"['Male', 'Male']",1,0,5,4,5,Dry,Curve,Level,Lowest,No
13453,17,Illinois,170943,0,1,1,0,1,Other,October,8,Sunday,1,30,Rural,Low Speed (Local),No,42.04565833,-89.60694722,Non-Intersection,Dark - Unknown Lighting,Clear,8:00am-8:59am,24,8:00am-8:59am,35,Not Applicable (Not Transported),Not Applicable (Not Transported),1,Dark - Unlighted,Clear,1,0,['Driver'],['None_Used'],1,1,Valid,0.0,0.0,22.0,22.0,['Female'],0,0,3,4,4,Dry,Straight,Grade/Hillcrest,Lowest,No
13454,17,Illinois,170944,0,1,1,0,2,BLOOMINGTON,July,2,Sunday,12,24,Urban,Medium Speed (Collector),No,40.46403889,-88.94291667,Non-Intersection,Daylight,Clear,12:00pm-12:59pm,25,12:00pm-12:59pm,40,Unknown,Unknown EMS Hospital Arrival Time,1,Daylight,Clear,1,1,['Rear_Seat'],['Child_Safety'],1,1,Valid,1.0,0.0,33.0,33.0,['Female'],0,0,3,4,3,Dry,Straight,Level,Lowest,No
13455,17,Illinois,170945,0,1,1,0,1,GALESBURG,August,30,Wednesday,2,29,Rural,Medium Speed (Collector),No,40.90850278,-90.36528056,Non-Intersection,Dark - Not Lighted,Clear,Unknown,Unknown,Unknown EMS Scene Arrival Hour,Unknown EMS Scene Arrival Minutes,Not Applicable (Not Transported),Not Applicable (Not Transported),1,Dark - Unlighted,Clear,1,0,['Driver'],['None_Used'],1,1,Valid,0.0,0.0,64.0,64.0,['Male'],0,0,3,0,3,Dry,Straight,Level,Lowest,No
13456,17,Illinois,170946,0,1,1,0,1,CHICAGO,September,11,Monday,6,26,Urban,Medium Speed (Collector),No,41.73954722,-87.56606389,Non-Intersection,Daylight,Rain,6:00am-6:59am,30,6:00am-6:59am,40,Not Applicable (Not Transported),Not Applicable (Not Transported),1,Daylight,Rain/Wind/Minor,1,0,['Driver'],['Shoulder_Lapbelt'],0,0,Invalid,1.0,0.0,65.0,65.0,['Male'],0,0,2,1,3,Wet/Standing Water,Straight,Level,Lowest,No
13457,17,Illinois,170947,0,1,1,0,2,NOKOMIS,September,23,Saturday,22,6,Rural,High Speed (Arterial),Yes,39.31777222,-89.26088056,Non-Intersection,Dark - Not Lighted,Clear,10:00pm-10:59pm,6,10:00pm-10:59pm,15,Unknown,Unknown EMS Hospital Arrival Time,1,Dark - Unlighted,Clear,1,1,['Driver'],['Shoulder_Lapbelt'],1,1,Invalid,0.0,0.0,42.0,42.0,['Male'],0,0,3,4,3,Dry,Straight,Level,Lowest,No
13458,17,Illinois,170948,0,3,3,0,3,CHICAGO,October,24,Tuesday,22,56,Urban,Medium Speed (Collector),No,41.87196389,-87.75469167,Complex/Circle,Dark - Lighted,Rain,Unknown,Unknown,11:00pm-11:59pm,7,Unknown,Unknown EMS Hospital Arrival Time,1,Dark - Lighted,Rain/Wind/Minor,1,2,['Driver'],['Shoulder_Lapbelt'],0,0,Invalid,0.0,0.0,998.0,22.0,"['Other', 'Female', 'Female']",1,0,2,4,5,Wet/Standing Water,Straight,Level,Lowest,No
13459,17,Illinois,170949,1,1,1,0,1,SAINT CHARLES,October,24,Tuesday,21,8,Urban,High Speed (Arterial),Yes,41.91263333,-88.3296,Non-Intersection,Dark - Lighted,Clear,9:00pm-9:59pm,9,9:00pm-9:59pm,10,Unknown,Unknown EMS Hospital Arrival Time,1,Dark - Lighted,Clear,0,1,[],[],0,0,Valid,0.0,1.0,21.0,21.0,['Female'],0,0,3,1,4,Dry,Straight,Level,Lowest,No
13460,17,Illinois,170950,1,1,1,0,1,CHICAGO,October,19,Thursday,16,11,Urban,High Speed (Arterial),Yes,41.916275,-87.80599444,Complex/Circle,Daylight,Rain,Unknown,Unknown,0:00am-0:59am,0,Unknown,Unknown EMS Hospital Arrival Time,1,Daylight,Rain/Wind/Minor,0,1,[],[],0,0,Valid,0.0,0.0,58.0,58.0,['Male'],0,0,3,0,4,Wet/Standing Water,Straight,Level,Lowest,No
13461,17,Illinois,170951,0,1,1,0,1,PONTOON BEACH,October,24,Tuesday,20,22,Urban,Medium Speed (Collector),No,38.76016667,-90.0341,Non-Intersection,Dark - Not Lighted,Clear,8:00pm-8:59pm,23,8:00pm-8:59pm,29,Unknown,Unknown EMS Hospital Arrival Time,1,Dark - Unlighted,Clear,1,0,['Driver'],['None_Used'],0,0,Valid,0.0,0.0,65.0,65.0,['Male'],0,0,5,4,3,Dry,Straight,Level,Lowest,No
13462,17,Illinois,170952,1,1,1,0,1,MELROSE PARK,October,24,Tuesday,5,30,Urban,High Speed (Arterial),Yes,41.91459167,-87.88410556,Non-Intersection,Dark - Lighted,Clear,Unknown,Unknown,Unknown EMS Scene Arrival Hour,Unknown EMS Scene Arrival Minutes,Unknown,Unknown EMS Hospital Arrival Time,1,Dark - Lighted,Clear,0,1,[],[],0,0,Valid,0.0,0.0,25.0,25.0,['Male'],0,0,3,1,4,Dry,Straight,Level,Lowest,No
13463,17,Illinois,170953,0,1,1,0,1,ODIN,October,20,Friday,14,25,Rural,Low Speed (Local),No,38.63017778,-89.03124167,Non-Intersection,Daylight,Clear,3:00pm-3:59pm,51,4:00pm-4:59pm,5,Not Applicable (Not Transported),Not Applicable (Not Transported),1,Daylight,Clear,1,0,['Driver'],['Shoulder_Lapbelt'],0,0,Valid,0.0,0.0,60.0,60.0,['Female'],0,0,3,4,4,Dry,Straight,Grade/Hillcrest,Lowest,No
13464,17,Illinois,170954,0,1,1,0,4,NOT APPLICABLE,October,20,Friday,16,54,Urban,Low Speed (Local),No,38.634,-89.911475,Non-Intersection,Daylight,Clear,4:00pm-4:59pm,54,5:00pm-5:59pm,2,Unknown,Unknown EMS Hospital Arrival Time,1,Daylight,Clear,1,3,['Rear_Seat'],['Shoulder_Lapbelt'],0,0,Valid,0.0,0.0,18.0,18.0,['Male'],4,0,2,4,3,Dry,Curve,Level,Lowest,No
13465,17,Illinois,170955,1,2,1,1,1,CHICAGO,October,23,Monday,19,54,Urban,Medium Speed (Collector),No,41.97523611,-87.67933889,Non-Intersection,Dark - Lighted,Clear,7:00pm-7:59pm,55,7:00pm-7:59pm,59,Not Applicable (Not Transported),Not Applicable (Not Transported),1,Dark - Lighted,Clear,0,1,[],[],1,1,Valid,0.0,0.0,30.0,30.0,['Female'],1,0,2,2,4,Dry,Straight,Level,Lowest,No
13466,17,Illinois,170956,0,2,2,0,2,GALESBURG,October,20,Friday,18,8,Urban,High Speed (Arterial),Yes,40.95805278,-90.38328611,Non-Intersection,Daylight,Clear,6:00pm-6:59pm,11,6:00pm-6:59pm,15,Unknown,Unknown EMS Hospital Arrival Time,1,Daylight,Clear,1,1,['Driver'],['None_Used'],1,1,Valid,0.0,0.0,80.0,49.0,"['Female', 'Male']",0,0,5,4,5,Dry,Straight,Non-Trafficway,Lowest,No
13467,17,Illinois,170957,1,1,1,0,1,CHICAGO,October,23,Monday,10,8,Urban,Low Speed (Local),No,41.94137778,-87.82033056,Complex/Circle,Daylight,Clear,10:00am-10:59am,5,10:00am-10:59am,10,Unknown,Unknown EMS Hospital Arrival Time,1,Daylight,Clear,0,1,[],[],0,0,Valid,1.0,1.0,39.0,39.0,['Male'],0,0,2,2,4,Dry,Straight,Level,Lowest,No
13468,17,Illinois,170958,1,1,1,0,1,NOT APPLICABLE,October,23,Monday,6,43,Urban,High Speed (Arterial),Yes,40.90270278,-89.49426944,Non-Intersection,Dark - Not Lighted,Clear,6:00am-6:59am,44,6:00am-6:59am,56,Not Applicable (Not Transported),Not Applicable (Not Transported),1,Dark - Unlighted,Clear,0,1,[],[],0,0,Valid,0.0,0.0,53.0,53.0,['Male'],0,0,2,4,4,Dry,Straight,Level,Lowest,No
13469,17,Illinois,170959,0,2,2,0,3,CHICAGO,October,20,Friday,19,27,Urban,Medium Speed (Collector),Yes,41.85035833,-87.67088889,Complex/Circle,Dusk,Clear,7:00pm-7:59pm,27,7:00pm-7:59pm,30,Unknown,Unknown EMS Hospital Arrival Time,1,Twilight,Clear,1,2,['Driver'],['None_Used'],0,0,Valid,0.0,0.0,48.0,36.0,"['Male', 'Male']",0,0,5,1,5,Dry,Straight,Level,Lowest,No
13470,17,Illinois,170960,1,1,1,0,1,NOT APPLICABLE,October,23,Monday,4,51,Rural,High Speed (Arterial),Yes,41.39217222,-88.76065,Non-Intersection,Dark - Not Lighted,Clear,4:00am-4:59am,52,5:00am-5:59am,6,Not Applicable (Not Transported),Not Applicable (Not Transported),1,Dark - Unlighted,Clear,0,1,[],[],0,0,Valid,0.0,1.0,34.0,34.0,['Male'],0,0,3,4,4,Dry,Straight,Level,Lowest,No
13471,17,Illinois,170961,0,1,1,0,1,NOT APPLICABLE,October,21,Saturday,99,99,Rural,Medium Speed (Collector),No,41.55506944,-89.27675,Non-Intersection,Dark - Not Lighted,Reported as Unknown,7:00am-7:59am,38,7:00am-7:59am,50,Not Applicable (Not Transported),Not Applicable (Not Transported),1,Dark - Unlighted,Clear,1,0,['Driver'],['None_Used'],1,1,Valid,0.0,0.0,61.0,61.0,['Male'],0,0,3,4,2,Dry,Straight,Level,Lowest,No
13472,17,Illinois,170962,0,1,1,0,1,CALUMET PARK,October,21,Saturday,21,13,Urban,Medium Speed (Collector),No,41.6771,-87.6613,Non-Intersection,Dark - Lighted,Rain,9:00am-9:59am,15,9:00am-9:59am,18,Unknown,Unknown EMS Hospital Arrival Time,1,Dark - Lighted,Rain/Wind/Minor,1,0,['Driver'],['None_Used'],0,0,Valid,0.0,0.0,64.0,64.0,['Male'],1,0,2,4,3,Wet/Standing Water,Straight,Level,Lowest,No
13473,17,Illinois,170963,0,2,2,0,2,CHICAGO,October,23,Monday,2,7,Urban,High Speed (Arterial),Yes,41.80680556,-87.77643056,Non-Intersection,Dark - Lighted,Clear,2:00am-2:59am,14,2:00am-2:59am,20,Not Applicable (Not Transported),Not Applicable (Not Transported),1,Dark - Lighted,Clear,1,1,['Driver'],['None_Used'],0,0,Invalid,1.0,0.0,48.0,31.0,"['Male', 'Male']",1,0,4,2,5,Dry,Straight,Level,Lowest,No
13474,17,Illinois,170964,1,1,1,0,1,FORD HEIGHTS,October,22,Sunday,18,53,Urban,High Speed (Arterial),Yes,41.50628889,-87.58754167,Complex/Circle,Dusk,Clear,Unknown,Unknown if Notified,Unknown EMS Scene Arrival Hour,Unknown if Arrived,Not Applicable (Not Transported),Not Applicable (Not Transported),1,Twilight,Clear,0,1,[],[],0,0,Valid,0.0,0.0,48.0,48.0,['Female'],0,0,3,4,4,Dry,Straight,Level,Lowest,No
13475,17,Illinois,170965,0,2,2,0,3,MONAVILLE,October,22,Sunday,18,35,Urban,Low Speed (Local),No,42.37818889,-88.17086667,Simple Junction,Dark - Lighted,Clear,6:00pm-6:59pm,36,6:00pm-6:59pm,47,Unknown,Unknown EMS Hospital Arrival Time,1,Dark - Lighted,Clear,1,2,['Front_Passenger'],['Shoulder_Lapbelt'],0,0,Valid,0.0,1.0,31.0,30.0,"['Male', 'Male']",2,0,3,4,5,Dry,Straight,Level,Lowest,No
13476,17,Illinois,170966,0,2,2,0,2,Other,September,20,Wednesday,12,0,Rural,High Speed (Arterial),Yes,42.35175278,-89.79276667,Non-Intersection,Daylight,Clear,12:00pm-12:59pm,0,12:00pm-12:59pm,7,Not Applicable (Not Transported),Not Applicable (Not Transported),1,Daylight,Clear,1,1,['Driver'],['None_Used'],0,0,Valid,1.0,1.0,57.0,48.0,"['Male', 'Male']",0,0,4,4,5,Dry,Curve,Level,Lowest,No
13477,17,Illinois,170967,1,1,1,0,1,CHICAGO,October,21,Saturday,22,43,Urban,Medium Speed (Collector),No,41.771775,-87.69324167,Complex/Circle,Dark - Not Lighted,Reported as Unknown,Unknown,Unknown,Unknown EMS Scene Arrival Hour,Unknown EMS Scene Arrival Minutes,Unknown,Unknown EMS Hospital Arrival Time,1,Dark - Unlighted,Clear,0,1,[],[],0,0,Invalid,0.0,0.0,998.0,998.0,['Other'],0,0,1,0,4,Dry,Straight,Level,Lowest,No
13478,17,Illinois,170968,1,1,1,0,1,NOT APPLICABLE,August,1,Tuesday,5,24,Urban,Medium Speed (Collector),No,41.48801667,-87.57157778,Non-Intersection,Dawn,Clear,5:00am-5:59am,26,5:00am-5:59am,29,Unknown,Unknown EMS Hospital Arrival Time,1,Twilight,Clear,0,1,[],[],0,0,Valid,0.0,0.0,21.0,21.0,['Female'],0,0,2,1,4,Dry,Straight,Level,Lowest,No
13479,17,Illinois,170969,0,2,2,0,2,SAUK VILLAGE,November,1,Wednesday,4,0,Urban,High Speed (Arterial),Yes,41.48920833,-87.57754722,Non-Intersection,Dark - Not Lighted,Clear,4:00am-4:59am,10,4:00am-4:59am,20,Unknown,Unknown EMS Hospital Arrival Time,1,Dark - Unlighted,Clear,1,1,['Driver'],['None_Used'],1,1,Invalid,0.0,0.0,998.0,36.0,"['Other', 'Male']",1,0,4,4,5,Icy/Snowy,Straight,Level,Lowest,No
13480,17,Illinois,170970,0,2,2,0,2,NOT APPLICABLE,November,1,Wednesday,8,5,Rural,High Speed (Arterial),Yes,39.983175,-90.74176111,Complex/Circle,Daylight,Clear,8:00am-8:59am,8,8:00am-8:59am,12,Unknown,Unknown EMS Hospital Arrival Time,1,Daylight,Clear,1,1,['Driver'],['Shoulder_Lapbelt'],0,0,Valid,0.0,0.0,97.0,41.0,"['Male', 'Male']",0,0,4,4,5,Dry,Straight,Level,Lowest,No
13481,17,Illinois,170971,0,2,2,0,3,EL PASO,September,27,Wednesday,16,44,Rural,High Speed (Arterial),Yes,40.71287222,-89.03208611,Non-Intersection,Daylight,Clear,4:00pm-4:59pm,44,4:00pm-4:59pm,51,Unknown,Unknown EMS Hospital Arrival Time,1,Daylight,Clear,1,2,['Driver'],['Shoulder_Lapbelt'],0,0,Valid,0.0,1.0,82.0,52.0,"['Male', 'Male']",0,0,4,4,5,Dry,Straight,Level,Lowest,No
13482,17,Illinois,170972,0,1,1,0,1,MOUNT VERNON,November,1,Wednesday,9,4,Urban,Medium Speed (Collector),No,38.326975,-88.88255278,Non-Intersection,Daylight,Clear,9:00am-9:59am,12,9:00am-9:59am,24,Unknown,Unknown EMS Hospital Arrival Time,1,Daylight,Clear,1,0,['Driver'],['None_Used'],0,0,Valid,0.0,0.0,72.0,72.0,['Male'],0,0,3,4,3,Dry,Straight,Level,Lowest,No
13483,17,Illinois,170973,0,2,2,0,2,HOFFMAN ESTATES,November,2,Thursday,12,50,Urban,High Speed (Arterial),Yes,42.04628333,-88.17878056,Complex/Circle,Daylight,Clear,1:00pm-1:59pm,0,1:00pm-1:59pm,2,Unknown,Unknown EMS Hospital Arrival Time,1,Daylight,Clear,1,1,['Driver'],['Shoulder_Lapbelt'],0,0,Valid,0.0,0.0,73.0,28.0,"['Female', 'Male']",0,0,2,4,5,Dry,Straight,Level,Lowest,No
13484,17,Illinois,170974,0,1,1,0,3,NOT APPLICABLE,November,3,Friday,2,55,Rural,Low Speed (Local),No,40.71954722,-89.32879167,Non-Intersection,Dark - Not Lighted,Clear,2:00am-2:59am,55,3:00am-3:59am,0,Unknown,Unknown EMS Hospital Arrival Time,1,Dark - Unlighted,Clear,1,2,['Driver'],['Shoulder_Lapbelt'],0,0,Valid,0.0,0.0,38.0,38.0,['Male'],3,0,3,4,3,Dry,Curve,Level,Lowest,No
13485,17,Illinois,170975,0,2,2,0,2,NOT APPLICABLE,October,8,Sunday,3,54,Rural,High Speed (Arterial),Yes,38.2389,-89.72531667,Non-Intersection,Dark - Not Lighted,Clear,3:00am-3:59am,54,4:00am-4:59am,10,Unknown,Unknown EMS Hospital Arrival Time,1,Dark - Unlighted,Clear,1,1,['Driver'],['Shoulder_Lapbelt'],1,1,Valid,1.0,0.0,26.0,23.0,"['Female', 'Male']",0,0,3,4,5,Dry,Straight,Grade/Hillcrest,Lowest,No
13486,17,Illinois,170977,0,2,2,0,2,CARBONDALE,November,3,Friday,4,56,Urban,High Speed (Arterial),Yes,37.74906111,-89.21940278,Non-Intersection,Dark - Lighted,Clear,4:00am-4:59am,56,5:00am-5:59am,2,Unknown,Unknown EMS Hospital Arrival Time,1,Dark - Lighted,Clear,1,1,['Driver'],['Shoulder_Lapbelt'],0,0,Valid,0.0,0.0,84.0,69.0,"['Male', 'Male']",1,0,4,4,5,Dry,Straight,Level,Lowest,No
13487,17,Illinois,170978,0,2,2,0,2,CHICAGO,October,8,Sunday,4,50,Urban,High Speed (Arterial),Yes,41.84398056,-87.63171944,Non-Intersection,Dark - Lighted,Clear,4:00am-4:59am,50,5:00am-5:59am,7,Unknown,Unknown EMS Hospital Arrival Time,1,Dark - Lighted,Clear,1,1,['Driver'],['Shoulder_Lapbelt'],0,0,Valid,0.0,1.0,31.0,22.0,"['Male', 'Female']",0,0,3,4,5,Dry,Straight,Level,Lowest,No
13488,17,Illinois,170979,1,1,1,0,2,COUNTRYSIDE,November,9,Thursday,17,23,Urban,Medium Speed (Collector),No,41.77153056,-87.88383056,Non-Intersection,Dusk,Clear,5:00pm-5:59pm,23,5:00pm-5:59pm,29,Unknown,Unknown EMS Hospital Arrival Time,1,Twilight,Clear,0,2,[],[],0,0,Valid,0.0,0.0,34.0,34.0,['Male'],0,0,3,3,4,Dry,Straight,Level,Lowest,No
13489,17,Illinois,170980,0,1,1,0,1,DEKALB,September,28,Thursday,17,47,Urban,Medium Speed (Collector),No,41.93152222,-88.77309444,Non-Intersection,Daylight,Clear,5:00pm-5:59pm,48,5:00pm-5:59pm,50,Unknown,Unknown EMS Hospital Arrival Time,1,Daylight,Clear,1,0,['Driver'],['None_Used'],0,0,Invalid,0.0,0.0,65.0,65.0,['Male'],1,0,1,0,2,Dry,Straight,Level,Lowest,No
13490,17,Illinois,170981,0,1,1,0,1,NOT APPLICABLE,November,3,Friday,10,30,Rural,Medium Speed (Collector),No,39.72589167,-89.87237778,Non-Intersection,Daylight,Clear,10:00am-10:59am,30,10:00am-10:59am,42,Unknown,Unknown EMS Hospital Arrival Time,1,Daylight,Clear,1,0,['Driver'],['None_Used'],0,0,Valid,0.0,0.0,36.0,36.0,['Female'],0,0,2,4,3,Dry,Curve,Level,Lowest,No
13491,17,Illinois,170982,1,1,1,0,1,CHICAGO,October,8,Sunday,6,35,Urban,Medium Speed (Collector),No,41.93125278,-87.76990556,Complex/Circle,Dark - Lighted,Clear,Unknown,Unknown,Unknown EMS Scene Arrival Hour,Unknown EMS Scene Arrival Minutes,Unknown,Unknown EMS Hospital Arrival Time,1,Dark - Lighted,Clear,0,1,[],[],0,0,Invalid,0.0,0.0,998.0,998.0,['Other'],0,0,3,1,4,Dry,Straight,Level,Lowest,No
13492,17,Illinois,170983,0,1,1,0,2,NEWTON,November,3,Friday,22,52,Rural,Medium Speed (Collector),No,38.94975556,-88.20727222,Non-Intersection,Dark - Not Lighted,Clear,10:00pm-10:59pm,58,11:00pm-11:59pm,7,Unknown,Unknown EMS Hospital Arrival Time,1,Dark - Unlighted,Clear,1,1,['Driver'],['Shoulder_Lapbelt'],1,1,Valid,0.0,0.0,24.0,24.0,['Male'],2,0,3,4,3,Dry,Straight,Level,Lowest,No
13493,17,Illinois,170984,1,1,1,0,1,ROODHOUSE,November,9,Thursday,18,47,Rural,Medium Speed (Collector),No,39.48396944,-90.26498056,Non-Intersection,Dark - Not Lighted,Clear,6:00pm-6:59pm,47,6:00pm-6:59pm,55,Unknown,Unknown EMS Hospital Arrival Time,1,Dark - Unlighted,Clear,0,1,[],[],0,0,Valid,0.0,0.0,50.0,50.0,['Male'],0,0,2,4,4,Dry,Straight,Grade/Hillcrest,Lowest,No
13494,17,Illinois,170985,0,3,3,0,3,NOT APPLICABLE,October,9,Monday,15,13,Rural,High Speed (Arterial),Yes,39.79162778,-88.23970556,Non-Intersection,Daylight,Clear,3:00pm-3:59pm,13,3:00pm-3:59pm,13,Unknown,Unknown EMS Hospital Arrival Time,1,Daylight,Clear,1,2,['Driver'],['Shoulder_Lapbelt'],0,0,Valid,0.0,0.0,59.0,44.0,"['Male', 'Male', 'Female']",0,0,3,4,5,Dry,Straight,Level,Lowest,No
13495,17,Illinois,170986,0,1,1,0,1,FOREST CITY,November,10,Friday,1,25,Rural,Medium Speed (Collector),No,40.34887778,-89.97966389,Non-Intersection,Dark - Not Lighted,Clear,Unknown,Unknown,Unknown EMS Scene Arrival Hour,Unknown EMS Scene Arrival Minutes,Not Applicable (Not Transported),Not Applicable (Not Transported),1,Dark - Unlighted,Clear,1,0,['Driver'],['Shoulder_Lapbelt'],1,1,Valid,0.0,0.0,52.0,52.0,['Male'],0,0,3,4,3,Dry,Straight,Level,Lowest,No
13496,17,Illinois,170987,0,2,2,0,4,NOT APPLICABLE,November,4,Saturday,12,42,Rural,Medium Speed (Collector),No,41.84920278,-88.75394167,Complex/Circle,Daylight,Clear,Unknown,Unknown,Unknown EMS Scene Arrival Hour,Unknown EMS Scene Arrival Minutes,Unknown,Unknown EMS Hospital Arrival Time,1,Daylight,Clear,1,3,['Front_Passenger'],['Shoulder_Lapbelt'],0,0,Valid,0.0,0.0,55.0,22.0,"['Female', 'Male']",0,0,2,4,5,Dry,Straight,Level,Lowest,No
13497,17,Illinois,170988,0,1,1,0,1,GRANITE CITY,November,10,Friday,1,27,Urban,High Speed (Arterial),Yes,38.73166111,-90.12407778,Non-Intersection,Dark - Lighted,Clear,1:00am-1:59am,28,1:00am-1:59am,33,Not Applicable (Not Transported),Not Applicable (Not Transported),1,Dark - Lighted,Clear,1,0,['Driver'],['None_Used'],1,1,Invalid,0.0,0.0,52.0,52.0,['Male'],1,0,2,4,3,Dry,Curve,Level,Lowest,No
13498,17,Illinois,170989,0,3,3,0,3,CHICAGO HEIGHTS,November,20,Monday,7,15,Urban,High Speed (Arterial),Yes,41.5063,-87.600625,Non-Intersection,Daylight,Clear,7:00am-7:59am,16,Unknown EMS Scene Arrival Hour,Unknown EMS Scene Arrival Minutes,Unknown,Unknown EMS Hospital Arrival Time,1,Daylight,Clear,1,2,['Driver'],['Shoulder_Lapbelt'],0,0,Valid,0.0,0.0,88.0,35.0,"['Male', 'Female', 'Female']",0,0,3,4,5,Dry,Straight,Level,Lowest,No
13499,17,Illinois,170990,0,1,1,0,2,HUMBOLDT,November,10,Friday,3,25,Rural,Medium Speed (Collector),Yes,39.561625,-88.33943611,Non-Intersection,Dark - Unknown Lighting,Clear,Unknown,Unknown,Unknown EMS Scene Arrival Hour,Unknown EMS Scene Arrival Minutes,Unknown,Unknown EMS Hospital Arrival Time,1,Dark - Unlighted,Clear,1,1,['Driver'],['None_Used'],0,0,Valid,0.0,0.0,71.0,71.0,['Female'],0,0,3,4,3,Dry,Straight,Level,Lowest,No
13500,17,Illinois,170991,0,2,2,0,3,NOT APPLICABLE,November,4,Saturday,14,20,Rural,Medium Speed (Collector),No,37.57519444,-88.57490278,Non-Intersection,Daylight,Clear,2:00pm-2:59pm,22,2:00pm-2:59pm,30,Unknown,Unknown EMS Hospital Arrival Time,1,Daylight,Clear,1,2,['Driver'],['Shoulder_Lapbelt'],0,0,Valid,0.0,0.0,65.0,31.0,"['Male', 'Female']",0,0,3,4,5,Dry,Straight,Level,Lowest,No
13501,17,Illinois,170992,0,2,2,0,6,ORLAND PARK,November,20,Monday,23,5,Urban,Medium Speed (Collector),No,41.56185833,-87.90772222,Non-Intersection,Dark - Not Lighted,Rain,11:00pm-11:59pm,6,11:00pm-11:59pm,15,Unknown,Unknown EMS Hospital Arrival Time,1,Dark - Unlighted,Rain/Wind/Minor,1,5,['Driver'],['None_Used'],0,0,Valid,0.0,0.0,48.0,31.0,"['Male', 'Male']",0,0,3,4,5,Wet/Standing Water,Straight,Grade/Hillcrest,Lowest,No
13502,17,Illinois,170993,1,1,1,0,1,PALOS HEIGHTS,November,4,Saturday,20,22,Urban,High Speed (Arterial),Yes,41.66761389,-87.79665556,Non-Intersection,Dark - Lighted,Clear,8:00pm-8:59pm,22,8:00pm-8:59pm,24,Unknown,Unknown EMS Hospital Arrival Time,1,Dark - Lighted,Clear,0,1,[],[],0,0,Valid,0.0,1.0,45.0,45.0,['Male'],0,0,3,3,4,Dry,Straight,Level,Lowest,No
13503,17,Illinois,170994,0,2,2,0,4,NOT APPLICABLE,November,21,Tuesday,16,58,Rural,High Speed (Arterial),Yes,41.50808611,-88.62828333,Non-Intersection,Dark - Not Lighted,Clear,5:00pm-5:59pm,1,5:00pm-5:59pm,11,Unknown,Unknown EMS Hospital Arrival Time,1,Dark - Unlighted,Clear,1,3,['Front_Passenger'],['Shoulder_Lapbelt'],0,0,Valid,0.0,1.0,53.0,27.0,"['Female', 'Male']",0,0,3,4,5,Dry,Straight,Level,Lowest,No