,State_Code,State_Name,Crash_ID,Count_Non_Motorists,Count_Vehicles_Total,Count_Vehicle_Forms,Count_PVH_Involved,Count_Occupants_MV,City_Name,Month_Name,Day_of_Month,Day_of_Week,Crash_Hour,Crash_Minute,Area_Rural_Urban,Road_Functional_Class,On_NHS_Road,Latitude,Longitude,Intersection_Type,Light_Condition,Weather_Condition,Notif_Hour,Notif_Minute,Arrival_Hour,Arrival_Minute,Hospital_Hour,Hospital_Minute,Fatalities_Count,Clean_Light_Condition,Clean_Weather_Condition,Total_Killed,Total_Alive,Fatal_Seats_List,Killed_Restraint_List,Any_Driver_Drinking,Total_Drinking_Drivers,Driver_License_Category,Driver_Max_Prev_Accident_Count,Driver_Max_Prev_Speeding_Count,Max_Driver_Age,Min_Driver_Age,Driver_Sex_List,Total_Exceeding_Limit_Vehicles,Total_Too_Fast_Vehicles,Max_Vehicle_Type_Severity_5,Max_Vehicle_Damage_Rank,Max_Harmful_Event_Severity,Crash_Road_Surface_Condition,Crash_Horizontal_Alignment,Crash_Vertical_Profile,Crash_Impairment_Category,Crash_Vehicle_Defect
13504,17,Illinois,170995,0,1,1,0,1,SUBLETTE,October,14,Saturday,17,21,Rural,Low Speed (Local),No,41.65757222,-89.25964722,Non-Intersection,Daylight,Clear,5:00pm-5:59pm,22,5:00pm-5:59pm,33,Not Applicable (Not Transported),Not Applicable (Not Transported),1,Daylight,Clear,1,0,['Driver'],['Shoulder_Lapbelt'],1,1,Valid,0.0,0.0,27.0,27.0,['Male'],0,0,3,4,3,Dry,Straight,Level,Lowest,No
13505,17,Illinois,170996,0,2,2,0,2,FULTON,November,10,Friday,8,30,Rural,High Speed (Arterial),Yes,41.85773611,-90.15364444,Non-Intersection,Daylight,Clear,8:00am-8:59am,29,8:00am-8:59am,33,Unknown,Unknown EMS Hospital Arrival Time,1,Daylight,Clear,1,1,['Driver'],['Shoulder_Lapbelt'],0,0,Valid,0.0,0.0,81.0,36.0,"['Male', 'Male']",0,0,3,4,5,Dry,Straight,Level,Medium,No
13506,17,Illinois,170997,0,4,4,0,4,LINCOLNWOOD,November,5,Sunday,12,35,Urban,Medium Speed (Collector),No,42.01171111,-87.72857222,Complex/Circle,Daylight,Clear,12:00pm-12:59pm,37,12:00pm-12:59pm,41,Unknown,Unknown EMS Hospital Arrival Time,1,Daylight,Clear,1,3,['Driver'],['Shoulder_Lapbelt'],0,0,Valid,0.0,1.0,70.0,29.0,"['Male', 'Male', 'Male', 'Male']",0,0,5,4,5,Dry,Straight,Level,Lowest,No
13507,17,Illinois,170998,0,2,2,0,2,NOT APPLICABLE,October,22,Sunday,22,32,Rural,High Speed (Arterial),Yes,41.07249722,-87.72368056,Non-Intersection,Dark - Not Lighted,Clear,Unknown,Unknown,Unknown EMS Scene Arrival Hour,Unknown EMS Scene Arrival Minutes,Unknown,Unknown EMS Hospital Arrival Time,1,Dark - Unlighted,Clear,1,1,['Driver'],['Shoulder_Lapbelt'],0,0,Valid,0.0,0.0,37.0,36.0,"['Male', 'Female']",0,0,3,4,5,Dry,Straight,Level,Lowest,No
13508,17,Illinois,170999,0,2,2,0,2,QUINCY,November,10,Friday,15,5,Urban,Medium Speed (Collector),No,39.94293611,-91.396225,Non-Intersection,Daylight,Clear,3:00pm-3:59pm,3,3:00pm-3:59pm,Unknown EMS Scene Arrival Minutes,Unknown,Unknown EMS Hospital Arrival Time,1,Daylight,Clear,1,1,['Driver'],['None_Used'],0,0,Valid,0.0,0.0,69.0,58.0,"['Male', 'Male']",0,0,5,4,5,Dry,Straight,Grade/Hillcrest,Lowest,No
13509,17,Illinois,171000,0,2,2,0,2,NORTH CHICAGO,November,10,Friday,15,27,Urban,High Speed (Arterial),Yes,42.21101944,-87.84002222,Non-Intersection,Daylight,Clear,3:00pm-3:59pm,27,3:00pm-3:59pm,30,Unknown,Unknown EMS Hospital Arrival Time,1,Daylight,Clear,1,1,['Driver'],['None_Used'],0,0,Valid,0.0,0.0,41.0,36.0,"['Male', 'Male']",0,0,5,4,5,Dry,Straight,Level,Lowest,No
13510,17,Illinois,171001,0,1,1,0,2,NOT APPLICABLE,October,22,Sunday,5,44,Rural,High Speed (Arterial),Yes,38.24070833,-89.38014722,Non-Intersection,Dark - Not Lighted,Clear,5:00am-5:59am,44,5:00am-5:59am,56,Unknown,Unknown EMS Hospital Arrival Time,1,Dark - Unlighted,Clear,1,1,['Driver'],['Shoulder_Lapbelt'],0,0,Valid,0.0,0.0,17.0,17.0,['Male'],2,0,2,4,3,Dry,Straight,Grade/Hillcrest,Lowest,No
13511,17,Illinois,171002,1,1,1,0,1,STEGER,November,21,Tuesday,17,20,Urban,High Speed (Arterial),Yes,41.47508889,-87.5774,Non-Intersection,Dark - Not Lighted,Clear,Unknown,Unknown if Notified,Unknown EMS Scene Arrival Hour,Unknown if Arrived,Not Applicable (Not Transported),Not Applicable (Not Transported),1,Dark - Unlighted,Clear,0,1,[],[],0,0,Valid,1.0,0.0,54.0,54.0,['Male'],0,0,4,1,4,Dry,Straight,Level,Lowest,No
13512,17,Illinois,171003,0,1,1,0,1,SPRINGFIELD,November,23,Thursday,15,10,Urban,Medium Speed (Collector),No,39.79984167,-89.68633889,Complex/Circle,Daylight,Clear,2:00pm-2:59pm,46,2:00pm-2:59pm,52,3:00pm-3:59pm,Unknown EMS Hospital Arrival Time,1,Daylight,Clear,1,0,['Driver'],['Shoulder_Lapbelt'],1,1,Valid,1.0,0.0,21.0,21.0,['Female'],1,0,3,4,3,Dry,Curve,Grade/Hillcrest,Lowest,No
13513,17,Illinois,171004,1,1,1,0,1,ROCKFORD,November,23,Thursday,20,15,Urban,Medium Speed (Collector),No,42.29776111,-89.085225,Non-Intersection,Dark - Not Lighted,Clear,Unknown,Unknown,Unknown EMS Scene Arrival Hour,Unknown EMS Scene Arrival Minutes,Unknown,Unknown EMS Hospital Arrival Time,1,Dark - Unlighted,Clear,0,1,[],[],0,0,Valid,0.0,0.0,19.0,19.0,['Female'],0,0,3,3,4,Dry,Straight,Level,Lowest,No
13514,17,Illinois,171005,1,2,2,0,2,BROADVIEW,November,23,Thursday,21,51,Urban,High Speed (Arterial),Yes,41.86416667,-87.84930278,Complex/Circle,Dark - Lighted,Clear,9:00pm-9:59pm,53,9:00pm-9:59pm,54,Not Applicable (Not Transported),Not Applicable (Not Transported),1,Dark - Lighted,Clear,0,2,[],[],0,0,Valid,0.0,0.0,998.0,21.0,"['Male', 'Other']",1,0,2,1,4,Dry,Straight,Level,Lowest,No
13515,17,Illinois,171006,0,2,2,0,5,MARYVILLE,October,26,Thursday,10,20,Urban,High Speed (Arterial),Yes,38.73815833,-89.94738333,Complex/Circle,Daylight,Cloudy,10:00am-10:59am,21,10:00am-10:59am,23,Unknown,Unknown EMS Hospital Arrival Time,1,Daylight,Reduced Visibility,1,4,['Front_Passenger'],['None_Used'],0,0,Valid,0.0,0.0,85.0,71.0,"['Male', 'Female']",0,0,3,4,5,Dry,Straight,Level,Lowest,No
13516,17,Illinois,171007,0,1,1,0,1,NOT APPLICABLE,November,23,Thursday,22,45,Rural,Medium Speed (Collector),No,38.11504444,-89.85072778,Non-Intersection,Dark - Not Lighted,Clear,10:00pm-10:59pm,45,11:00pm-11:59pm,3,Not Applicable (Not Transported),Not Applicable (Not Transported),1,Dark - Unlighted,Clear,1,0,['Driver'],['None_Used'],1,1,Valid,0.0,0.0,32.0,32.0,['Male'],1,0,3,4,3,Dry,Curve,Level,Lowest,No
13517,17,Illinois,171008,1,1,1,0,1,OAK FOREST,November,24,Friday,2,43,Urban,Medium Speed (Collector),No,41.6249,-87.75738056,Non-Intersection,Dark - Not Lighted,Clear,2:00am-2:59am,50,3:00am-3:59am,0,Unknown,Unknown EMS Hospital Arrival Time,1,Dark - Unlighted,Clear,0,1,[],[],0,0,Valid,0.0,1.0,42.0,42.0,['Male'],0,0,3,3,4,Dry,Straight,Level,Lowest,No
13518,17,Illinois,171009,0,1,1,0,1,NOT APPLICABLE,November,24,Friday,17,45,Rural,Medium Speed (Collector),No,39.47523333,-90.78193889,Non-Intersection,Dusk,Clear,Unknown,Unknown if Notified,Unknown EMS Scene Arrival Hour,Unknown if Arrived,Not Applicable (Not Transported),Not Applicable (Not Transported),1,Twilight,Clear,1,0,['Driver'],['None_Used'],1,1,Valid,1.0,1.0,36.0,36.0,['Male'],1,0,2,4,3,Dry,Straight,Grade/Hillcrest,Lowest,No
13519,17,Illinois,171010,1,1,1,0,1,HARVEY,November,24,Friday,18,7,Urban,Medium Speed (Collector),No,41.62625556,-87.64141944,Complex/Circle,Dark - Not Lighted,Clear,6:00pm-6:59pm,13,6:00pm-6:59pm,18,Unknown,Unknown EMS Hospital Arrival Time,1,Dark - Unlighted,Clear,0,1,[],[],0,0,Valid,0.0,0.0,18.0,18.0,['Male'],0,0,2,4,4,Dry,Straight,Level,Lowest,No
13520,17,Illinois,171011,0,2,2,0,7,CHICAGO,November,5,Sunday,13,36,Urban,Medium Speed (Collector),No,41.69278611,-87.60988889,Complex/Circle,Daylight,Clear,1:00pm-1:59pm,41,Unknown EMS Scene Arrival Hour,Unknown EMS Scene Arrival Minutes,Unknown,Unknown EMS Hospital Arrival Time,1,Daylight,Clear,1,5,['Front_Passenger'],['Shoulder_Lapbelt'],0,0,Valid,0.0,0.0,998.0,45.0,"['Male', 'Other']",0,0,3,4,5,Dry,Straight,Level,Lowest,No
13521,17,Illinois,171012,0,2,2,0,3,NOT APPLICABLE,November,24,Friday,20,48,Rural,Medium Speed (Collector),No,38.44083889,-90.13805,Complex/Circle,Dark - Not Lighted,Clear,8:00pm-8:59pm,49,8:00pm-8:59pm,57,Unknown,Unknown EMS Hospital Arrival Time,1,Dark - Unlighted,Clear,1,2,['Driver'],['None_Used'],0,0,Valid,1.0,2.0,19.0,16.0,"['Female', 'Male']",0,0,5,4,5,Dry,Straight,Grade/Hillcrest,Lowest,No
13522,17,Illinois,171013,0,2,2,0,4,NOT APPLICABLE,November,5,Sunday,14,43,Rural,Medium Speed (Collector),No,38.38747222,-90.25662222,Complex/Circle,Daylight,Clear,2:00pm-2:59pm,43,2:00pm-2:59pm,52,Unknown,Unknown EMS Hospital Arrival Time,1,Daylight,Clear,1,3,['Driver'],['None_Used'],0,0,Valid,0.0,0.0,79.0,54.0,"['Male', 'Male']",0,0,5,2,5,Dry,Straight,Grade/Hillcrest,Lowest,No
13523,17,Illinois,171014,0,2,2,0,2,NOT APPLICABLE,November,24,Friday,21,18,Rural,Medium Speed (Collector),No,39.59015,-89.534625,Complex/Circle,Dark - Not Lighted,Clear,9:00pm-9:59pm,18,9:00pm-9:59pm,29,Unknown,Unknown EMS Hospital Arrival Time,1,Dark - Unlighted,Clear,1,1,['Driver'],['Shoulder_Lapbelt'],0,0,Valid,0.0,0.0,53.0,26.0,"['Female', 'Male']",0,0,3,4,5,Dry,Straight,Level,Lowest,No
13524,17,Illinois,171015,0,3,3,0,3,NOT APPLICABLE,November,5,Sunday,19,21,Rural,Medium Speed (Collector),No,39.01013056,-88.03726667,Complex/Circle,Dark - Not Lighted,Clear,7:00pm-7:59pm,21,7:00pm-7:59pm,41,Unknown,Unknown EMS Hospital Arrival Time,1,Dark - Unlighted,Clear,1,2,['Driver'],['Shoulder_Lapbelt'],0,0,Valid,0.0,0.0,87.0,58.0,"['Male', 'Female', 'Female']",0,0,4,4,5,Dry,Straight,Level,Lowest,No
13525,17,Illinois,171016,0,1,1,0,1,CHICAGO,November,24,Friday,21,53,Urban,High Speed (Arterial),Yes,41.86160556,-87.6447,Non-Intersection,Dark - Not Lighted,Clear,9:00pm-9:59pm,53,9:00pm-9:59pm,58,Unknown,Unknown EMS Hospital Arrival Time,1,Dark - Unlighted,Clear,1,0,['Driver'],['None_Used'],0,0,Valid,0.0,0.0,64.0,64.0,['Female'],1,0,2,4,3,Dry,Straight,Grade/Hillcrest,Lowest,No
13526,17,Illinois,171017,0,1,1,0,1,CHICAGO,November,25,Saturday,1,30,Urban,Medium Speed (Collector),No,41.52061111,-87.67459444,Simple Junction,Dark - Lighted,Clear,Unknown,Unknown if Notified,Unknown EMS Scene Arrival Hour,Unknown if Arrived,Unknown,Unknown if Transported,1,Dark - Lighted,Clear,1,0,['Driver'],['Shoulder_Lapbelt'],0,0,Valid,0.0,0.0,23.0,23.0,['Male'],1,0,2,4,3,Dry,Straight,Level,Lowest,No
13527,17,Illinois,171018,0,1,1,0,2,NOT APPLICABLE,November,5,Sunday,20,1,Urban,Medium Speed (Collector),No,41.39087778,-88.34160833,Non-Intersection,Dark - Not Lighted,Clear,8:00pm-8:59pm,21,8:00pm-8:59pm,33,Unknown,Unknown EMS Hospital Arrival Time,1,Dark - Unlighted,Clear,1,1,['Front_Passenger'],['Shoulder_Lapbelt'],0,0,Valid,0.0,0.0,16.0,16.0,['Male'],2,0,2,4,3,Dry,Straight,Level,Lowest,No
13528,17,Illinois,171019,0,1,1,0,1,NOT APPLICABLE,November,5,Sunday,21,35,Rural,High Speed (Arterial),Yes,40.48713611,-87.68869444,Non-Intersection,Dark - Not Lighted,Clear,9:00pm-9:59pm,40,9:00pm-9:59pm,45,Not Applicable (Not Transported),Not Applicable (Not Transported),1,Dark - Unlighted,Clear,1,0,['Driver'],['None_Used'],1,1,Valid,0.0,0.0,33.0,33.0,['Male'],1,0,3,4,3,Dry,Straight,Level,Lowest,No
13529,17,Illinois,171020,0,1,1,0,1,NOT APPLICABLE,November,25,Saturday,1,55,Rural,Medium Speed (Collector),No,41.59860833,-88.94186944,Non-Intersection,Dark - Not Lighted,Clear,1:00am-1:59am,56,2:00am-2:59am,5,Not Applicable (Not Transported),Not Applicable (Not Transported),1,Dark - Unlighted,Clear,1,0,['Driver'],['None_Used'],1,1,Valid,0.0,0.0,73.0,73.0,['Male'],1,0,3,4,3,Dry,Straight,Level,Lowest,No
13530,17,Illinois,171021,0,2,2,0,5,DEKALB,November,5,Sunday,0,56,Urban,Medium Speed (Collector),No,41.91461389,-88.74859444,Non-Intersection,Dark - Unknown Lighting,Clear,0:00am-0:59am,57,1:00am-1:59am,3,Unknown,Unknown EMS Hospital Arrival Time,1,Dark - Unlighted,Clear,1,4,['Rear_Seat'],['Shoulder_Lapbelt'],1,1,Valid,1.0,0.0,49.0,25.0,"['Male', 'Female']",1,0,3,4,5,Dry,Straight,Level,Lowest,No
13531,17,Illinois,171022,0,1,1,0,1,WORDEN,November,25,Saturday,6,41,Rural,Medium Speed (Collector),No,38.98376389,-89.8593,Non-Intersection,Dark - Not Lighted,Clear,Unknown,Unknown,Unknown EMS Scene Arrival Hour,Unknown EMS Scene Arrival Minutes,Not Applicable (Not Transported),Not Applicable (Not Transported),1,Dark - Unlighted,Clear,1,0,['Driver'],['None_Used'],1,1,Valid,0.0,0.0,22.0,22.0,['Female'],1,0,2,4,3,Dry,Curve,Grade/Hillcrest,Lowest,No
13532,17,Illinois,171023,0,2,2,0,2,ZION,November,25,Saturday,5,27,Urban,Medium Speed (Collector),No,42.34339444,-87.87400278,Non-Intersection,Dark - Not Lighted,Clear,5:00am-5:59am,27,5:00am-5:59am,27,Not Applicable (Not Transported),Not Applicable (Not Transported),1,Dark - Unlighted,Clear,1,1,['Driver'],['None_Used'],0,0,Valid,0.0,1.0,51.0,37.0,"['Male', 'Male']",0,0,4,4,5,Dry,Straight,Level,Lowest,No
13533,17,Illinois,171024,1,1,1,0,1,GURNEE,November,6,Monday,21,6,Urban,Medium Speed (Collector),No,42.364625,-87.96345833,Non-Intersection,Dark - Lighted,Clear,9:00pm-9:59pm,8,9:00pm-9:59pm,10,Unknown,Unknown EMS Hospital Arrival Time,1,Dark - Lighted,Clear,0,1,[],[],0,0,Valid,1.0,1.0,24.0,24.0,['Male'],0,0,3,4,4,Dry,Straight,Level,Lowest,No
13534,17,Illinois,171025,0,2,2,0,2,ZION,November,6,Monday,13,23,Urban,Medium Speed (Collector),No,42.44275833,-87.8548,Complex/Circle,Daylight,Clear,1:00pm-1:59pm,24,1:00pm-1:59pm,29,Unknown,Unknown EMS Hospital Arrival Time,1,Daylight,Clear,1,1,['Driver'],['None_Used'],0,0,Valid,0.0,1.0,63.0,48.0,"['Male', 'Male']",0,0,5,4,5,Dry,Straight,Level,Lowest,No
13535,17,Illinois,171026,0,1,1,0,1,OAK LAWN,November,26,Sunday,7,50,Urban,High Speed (Arterial),Yes,41.71934722,-87.800075,Non-Intersection,Daylight,Snow,7:00am-7:59am,52,7:00am-7:59am,57,Unknown,Unknown EMS Hospital Arrival Time,1,Daylight,Snow/Ice/Severe,1,0,['Driver'],['Shoulder_Lapbelt'],1,1,Valid,0.0,0.0,35.0,35.0,['Male'],1,0,3,4,3,Wet/Standing Water,Curve,Grade/Hillcrest,Lowest,No
13536,17,Illinois,171027,1,1,1,0,1,SAVOY,November,7,Tuesday,4,31,Urban,High Speed (Arterial),Yes,40.03180556,-88.25514167,Non-Intersection,Dark - Not Lighted,Clear,4:00am-4:59am,32,4:00am-4:59am,43,Unknown,Unknown EMS Hospital Arrival Time,1,Dark - Unlighted,Clear,0,1,[],[],0,0,Valid,1.0,2.0,21.0,21.0,['Male'],0,0,3,4,4,Dry,Straight,Level,Lowest,No
13537,17,Illinois,171028,0,3,3,0,3,OTTAWA,November,26,Sunday,10,48,Urban,Medium Speed (Collector),No,41.35623889,-88.84665,Non-Intersection,Daylight,Snow,10:00am-10:59am,50,10:00am-10:59am,57,Unknown,Unknown EMS Hospital Arrival Time,1,Daylight,Snow/Ice/Severe,1,2,['Driver'],['Shoulder_Lapbelt'],0,0,Valid,0.0,0.0,67.0,23.0,"['Male', 'Male', 'Male']",2,0,3,4,5,Icy/Snowy,Straight,Level,Lowest,No
13538,17,Illinois,171029,1,1,1,0,1,CHICAGO HEIGHTS,November,7,Tuesday,5,49,Urban,High Speed (Arterial),Yes,41.50617222,-87.62568056,Non-Intersection,Dark - Not Lighted,Clear,5:00am-5:59am,50,5:00am-5:59am,55,Unknown,Unknown EMS Hospital Arrival Time,1,Dark - Unlighted,Clear,0,1,[],[],0,0,Valid,0.0,0.0,21.0,21.0,['Male'],0,0,2,4,4,Dry,Straight,Level,Lowest,No
13539,17,Illinois,171030,0,1,1,0,1,MAROA,November,7,Tuesday,9,4,Rural,Low Speed (Local),No,39.99339444,-88.90801111,Non-Intersection,Reported as Unknown,Clear,9:00am-9:59am,7,9:00am-9:59am,19,Not Applicable (Not Transported),Not Applicable (Not Transported),1,Dark - Unlighted,Clear,1,0,['Driver'],['None_Used'],0,0,Valid,0.0,0.0,76.0,76.0,['Male'],0,0,5,3,3,Dry,Straight,Grade/Hillcrest,Lowest,No
13540,17,Illinois,171031,1,1,1,0,1,CENTREVILLE,November,10,Friday,23,48,Urban,Medium Speed (Collector),No,38.57330833,-90.10997222,Simple Junction,Dark - Not Lighted,Clear,11:00am-11:59am,48,11:00am-11:59am,58,Not Applicable (Not Transported),Not Applicable (Not Transported),1,Dark - Unlighted,Clear,0,1,[],[],0,0,Valid,0.0,0.0,28.0,28.0,['Male'],1,0,2,3,4,Dry,Straight,Level,Lowest,No
13541,17,Illinois,171032,0,1,1,0,1,WASHINGTON,November,7,Tuesday,16,45,Urban,High Speed (Arterial),Yes,40.71541111,-89.51018056,Non-Intersection,Daylight,Clear,4:00pm-4:59pm,45,4:00pm-4:59pm,53,Not Applicable (Not Transported),Not Applicable (Not Transported),1,Daylight,Clear,1,0,['Driver'],['None_Used'],0,0,Valid,0.0,0.0,40.0,40.0,['Male'],1,0,5,4,3,Dry,Straight,Level,Lowest,No
13542,17,Illinois,171033,0,1,1,0,1,CENTRALIA,November,8,Wednesday,7,30,Rural,Low Speed (Local),No,38.54810278,-89.16586389,Non-Intersection,Dark - Not Lighted,Clear,Unknown,Unknown if Notified,Unknown EMS Scene Arrival Hour,Unknown if Arrived,Not Applicable (Not Transported),Not Applicable (Not Transported),1,Dark - Unlighted,Clear,1,0,['Driver'],['None_Used'],0,0,Valid,0.0,0.0,28.0,28.0,['Male'],0,0,5,3,2,Dry,Curve,Level,Lowest,No
13543,17,Illinois,171034,1,1,1,0,1,OAKBROOK TERRACE,November,11,Saturday,18,45,Urban,Low Speed (Local),No,41.86086944,-87.97059722,Complex/Circle,Dark - Not Lighted,Clear,6:00pm-6:59pm,43,6:00pm-6:59pm,45,Not Applicable (Not Transported),Not Applicable (Not Transported),1,Dark - Unlighted,Clear,0,1,[],[],0,0,Valid,0.0,0.0,78.0,78.0,['Female'],0,0,2,0,4,Dry,Straight,Level,Lowest,No
13544,17,Illinois,171035,0,1,1,0,1,NOT APPLICABLE,November,8,Wednesday,8,18,Rural,Low Speed (Local),No,39.94218889,-89.34371111,Non-Intersection,Daylight,Clear,8:00am-8:59am,18,Unknown EMS Scene Arrival Hour,Unknown EMS Scene Arrival Minutes,Not Applicable (Not Transported),Not Applicable (Not Transported),1,Daylight,Clear,1,0,['Driver'],['None_Used'],0,0,Valid,0.0,0.0,18.0,18.0,['Male'],1,0,3,4,3,Dry,Straight,Level,Lowest,No
13545,17,Illinois,171036,1,1,1,0,2,PLEASANT HILL,November,8,Wednesday,15,16,Rural,Medium Speed (Collector),No,39.44799167,-90.87818611,Simple Junction,Daylight,Clear,3:00pm-3:59pm,19,3:00pm-3:59pm,23,Unknown,Unknown EMS Hospital Arrival Time,1,Daylight,Clear,0,2,[],[],0,0,Invalid,0.0,0.0,30.0,30.0,['Male'],0,0,3,2,4,Dry,Straight,Level,Lowest,No
13546,17,Illinois,171037,0,1,1,0,1,NOT APPLICABLE,November,8,Wednesday,15,53,Rural,Low Speed (Local),No,40.26772778,-88.99931667,Non-Intersection,Daylight,Clear,Unknown,Unknown,Unknown EMS Scene Arrival Hour,Unknown EMS Scene Arrival Minutes,Unknown,Unknown EMS Hospital Arrival Time,1,Daylight,Clear,1,0,['Driver'],['None_Used'],0,0,Valid,0.0,0.0,67.0,67.0,['Male'],0,0,5,4,1,Dry,Straight,Level,Lowest,No
13547,17,Illinois,171038,0,2,2,0,3,NOT APPLICABLE,November,10,Friday,6,44,Urban,High Speed (Arterial),Yes,40.51684167,-89.05984722,Non-Intersection,Daylight,Clear,6:00am-6:59am,44,6:00am-6:59am,48,Unknown,Unknown EMS Hospital Arrival Time,1,Daylight,Clear,1,2,['Driver'],['None_Used'],0,0,Valid,1.0,5.0,36.0,36.0,"['Male', 'Male']",3,0,3,4,5,Dry,Straight,Level,Lowest,No
13548,17,Illinois,171039,0,1,1,0,1,LIMESTONE,November,12,Sunday,3,44,Urban,Medium Speed (Collector),No,41.11836111,-87.92303056,Non-Intersection,Dark - Not Lighted,Clear,3:00am-3:59am,47,3:00am-3:59am,53,Not Applicable (Not Transported),Not Applicable (Not Transported),1,Dark - Unlighted,Clear,1,0,['Driver'],['Shoulder_Lapbelt'],1,1,Valid,0.0,0.0,29.0,29.0,['Female'],0,0,2,4,3,Dry,Straight,Level,Lowest,No
13549,17,Illinois,171040,0,2,2,0,2,WARRENVILLE,November,12,Sunday,10,42,Urban,Medium Speed (Collector),No,41.81259444,-88.15782222,Complex/Circle,Daylight,Clear,10:00am-10:59am,42,Unknown EMS Scene Arrival Hour,Unknown EMS Scene Arrival Minutes,Unknown,Unknown EMS Hospital Arrival Time,1,Daylight,Clear,1,1,['Driver'],['Shoulder_Lapbelt'],0,0,Valid,0.0,0.0,66.0,16.0,"['Female', 'Male']",0,0,2,4,5,Dry,Straight,Level,Lowest,No
13550,17,Illinois,171041,0,2,2,0,5,NOT APPLICABLE,November,19,Sunday,17,26,Rural,High Speed (Arterial),Yes,39.28502778,-88.46208333,Non-Intersection,Dark - Not Lighted,Clear,5:00pm-5:59pm,27,5:00pm-5:59pm,37,Unknown,Unknown EMS Hospital Arrival Time,2,Dark - Unlighted,Clear,2,3,"['Rear_Seat', 'Rear_Seat']","['Shoulder_Lapbelt', 'Shoulder_Lapbelt']",0,0,Invalid,0.0,0.0,30.0,25.0,"['Male', 'Male']",0,0,4,4,5,Dry,Straight,Level,Lowest,No
13551,17,Illinois,171042,0,1,1,0,1,NOT APPLICABLE,June,24,Saturday,23,28,Rural,Low Speed (Local),No,42.38938889,-89.735675,Non-Intersection,Dark - Unknown Lighting,Reported as Unknown,11:00pm-11:59pm,27,11:00pm-11:59pm,39,Unknown,Unknown EMS Hospital Arrival Time,1,Dark - Unlighted,Clear,1,0,['Driver'],['None_Used'],1,1,Valid,0.0,0.0,19.0,19.0,['Male'],1,0,5,4,3,Dry,Straight,Level,Lowest,No
13552,17,Illinois,171043,1,1,1,0,1,HARVEY,November,19,Sunday,7,0,Urban,Low Speed (Local),No,41.62443056,-87.64626944,Complex/Circle,Daylight,Clear,7:00am-7:59am,17,7:00am-7:59am,19,Not Applicable (Not Transported),Not Applicable (Not Transported),1,Daylight,Clear,0,1,[],[],0,0,Invalid,0.0,0.0,998.0,998.0,['Other'],0,0,1,0,4,Dry,Straight,Level,Lowest,No
13553,17,Illinois,171044,0,2,2,0,2,NOT APPLICABLE,November,19,Sunday,5,25,Rural,Medium Speed (Collector),No,39.14739722,-89.35049722,Non-Intersection,Dark - Not Lighted,Clear,5:00am-5:59am,39,6:00am-6:59am,36,Not Applicable (Not Transported),Not Applicable (Not Transported),2,Dark - Unlighted,Clear,2,0,"['Driver', 'Driver']","['Shoulder_Lapbelt', 'None_Used']",1,1,Valid,0.0,0.0,58.0,20.0,"['Male', 'Male']",0,0,3,4,3,Dry,Curve,Grade/Hillcrest,Lowest,No
13554,17,Illinois,171045,0,1,1,0,1,EAST SAINT LOUIS,November,12,Sunday,15,0,Urban,Medium Speed (Collector),No,38.60759167,-90.07781111,Non-Intersection,Daylight,Reported as Unknown,Not Applicable (Not Notified),Not Applicable (Not Notified),Not Applicable,Not Applicable,Not Applicable (Not Transported),Not Applicable (Not Transported),1,Daylight,Clear,1,0,['Driver'],['None_Used'],0,0,Valid,0.0,0.0,66.0,66.0,['Male'],0,0,3,4,2,Dry,Straight,Level,Lowest,No
13555,17,Illinois,171046,0,1,1,0,1,NOT APPLICABLE,November,19,Sunday,99,99,Rural,Medium Speed (Collector),No,37.08666111,-89.35194167,Non-Intersection,Dark - Not Lighted,Clear,Unknown,Unknown if Notified,Unknown EMS Scene Arrival Hour,Unknown if Arrived,Not Applicable (Not Transported),Not Applicable (Not Transported),1,Dark - Unlighted,Clear,1,0,['Driver'],['None_Used'],1,1,Valid,0.0,0.0,23.0,23.0,['Female'],0,0,3,4,3,Dry,Curve,Level,Lowest,No
13556,17,Illinois,171047,1,1,1,0,1,WEST CHICAGO,July,1,Saturday,17,59,Urban,Medium Speed (Collector),No,41.90010556,-88.19274444,Non-Intersection,Daylight,Reported as Unknown,5:00pm-5:59pm,51,Unknown EMS Scene Arrival Hour,Unknown EMS Scene Arrival Minutes,Unknown,Unknown EMS Hospital Arrival Time,1,Daylight,Clear,0,1,[],[],0,0,Invalid,0.0,0.0,999.0,999.0,['Other'],0,0,3,0,4,Dry,Straight,Grade/Hillcrest,Lowest,No
13557,17,Illinois,171048,0,1,1,0,1,CHICAGO,November,12,Sunday,21,8,Urban,Medium Speed (Collector),No,41.88555556,-87.72585278,Non-Intersection,Dark - Lighted,Clear,9:00pm-9:59pm,10,9:00pm-9:59pm,14,Not Applicable (Not Transported),Not Applicable (Not Transported),1,Dark - Lighted,Clear,1,0,['Driver'],['Shoulder_Lapbelt'],0,0,Valid,0.0,0.0,65.0,65.0,['Male'],0,0,3,4,3,Dry,Straight,Level,Lowest,No