,State_Code,State_Name,Crash_ID,Count_Non_Motorists,Count_Vehicles_Total,Count_Vehicle_Forms,Count_PVH_Involved,Count_Occupants_MV,City_Name,Month_Name,Day_of_Month,Day_of_Week,Crash_Hour,Crash_Minute,Area_Rural_Urban,Road_Functional_Class,On_NHS_Road,Latitude,Longitude,Intersection_Type,Light_Condition,Weather_Condition,Notif_Hour,Notif_Minute,Arrival_Hour,Arrival_Minute,Hospital_Hour,Hospital_Minute,Fatalities_Count,Clean_Light_Condition,Clean_Weather_Condition,Total_Killed,Total_Alive,Fatal_Seats_List,Killed_Restraint_List,Any_Driver_Drinking,Total_Drinking_Drivers,Driver_License_Category,Driver_Max_Prev_Accident_Count,Driver_Max_Prev_Speeding_Count,Max_Driver_Age,Min_Driver_Age,Driver_Sex_List,Total_Exceeding_Limit_Vehicles,Total_Too_Fast_Vehicles,Max_Vehicle_Type_Severity_5,Max_Vehicle_Damage_Rank,Max_Harmful_Event_Severity,Crash_Road_Surface_Condition,Crash_Horizontal_Alignment,Crash_Vertical_Profile,Crash_Impairment_Category,Crash_Vehicle_Defect
13558,17,Illinois,171049,1,1,1,0,1,PANA,November,8,Wednesday,17,50,Urban,High Speed (Arterial),Yes,39.38996111,-89.06823889,Non-Intersection,Dark - Not Lighted,Clear,Unknown,Unknown if Notified,Unknown EMS Scene Arrival Hour,Unknown if Arrived,Not Applicable (Not Transported),Not Applicable (Not Transported),1,Dark - Unlighted,Clear,0,1,[],[],0,0,Valid,0.0,0.0,41.0,41.0,['Male'],0,0,5,1,4,Dry,Straight,Level,Lowest,No
13559,17,Illinois,171050,0,2,2,0,2,NOT APPLICABLE,July,25,Tuesday,8,29,Rural,Medium Speed (Collector),No,39.90905556,-88.16057222,Complex/Circle,Daylight,Clear,8:00am-8:59am,30,8:00am-8:59am,42,Unknown,Unknown EMS Hospital Arrival Time,1,Daylight,Clear,1,1,['Driver'],['Shoulder_Lapbelt'],0,0,Valid,0.0,1.0,69.0,20.0,"['Female', 'Female']",0,0,2,4,5,Dry,Straight,Grade/Hillcrest,Lowest,No
13560,17,Illinois,171051,0,1,1,0,2,CALUMET PARK,November,27,Monday,1,30,Urban,Medium Speed (Collector),No,41.6724,-87.6624,Non-Intersection,Dark - Lighted,Clear,1:00am-1:59am,31,1:00am-1:59am,35,Unknown,Unknown EMS Hospital Arrival Time,1,Dark - Lighted,Clear,1,1,['Driver'],['Shoulder_Lapbelt'],0,0,Invalid,0.0,0.0,18.0,18.0,['Male'],2,0,2,4,2,Dry,Curve,Level,Lowest,No
13561,17,Illinois,171052,0,1,1,0,1,NOT APPLICABLE,November,27,Monday,12,25,Rural,Low Speed (Local),No,40.97814722,-88.77243611,Non-Intersection,Daylight,Not Reported,12:00pm-12:59pm,25,1:00pm-1:59pm,40,Unknown,Unknown EMS Hospital Arrival Time,1,Daylight,Clear,1,0,['Driver'],['Shoulder_Lapbelt'],0,0,Valid,0.0,0.0,22.0,22.0,['Female'],1,0,2,4,3,Icy/Snowy,Curve,Grade/Hillcrest,Lowest,No
13562,17,Illinois,171053,0,3,3,0,6,NOT APPLICABLE,November,28,Tuesday,17,30,Rural,Medium Speed (Collector),No,38.08121111,-88.60028333,Non-Intersection,Dusk,Clear,5:00pm-5:59pm,34,5:00pm-5:59pm,40,Unknown,Unknown EMS Hospital Arrival Time,2,Twilight,Clear,2,4,"['Driver', 'Front_Passenger']","['None_Used', 'None_Used']",1,1,Valid,0.0,0.0,78.0,26.0,"['Male', 'Male', 'Female']",0,0,3,4,5,Dry,Straight,Level,Lowest,No
13563,17,Illinois,171054,1,1,1,0,2,MELROSE PARK,November,18,Saturday,17,51,Urban,Low Speed (Local),No,41.909925,-87.854675,Non-Intersection,Dark - Lighted,Clear,Unknown,Unknown,Unknown EMS Scene Arrival Hour,Unknown EMS Scene Arrival Minutes,Unknown,Unknown EMS Hospital Arrival Time,1,Dark - Lighted,Clear,0,2,[],[],0,0,Invalid,0.0,0.0,23.0,23.0,['Male'],0,0,3,1,4,Dry,Straight,Level,Lowest,No
13564,17,Illinois,171055,0,2,2,0,3,NOT APPLICABLE,November,29,Wednesday,10,5,Rural,High Speed (Arterial),Yes,37.94411667,-88.93763611,Non-Intersection,Daylight,Clear,10:00am-10:59am,6,10:00am-10:59am,17,Not Applicable (Not Transported),Not Applicable (Not Transported),1,Daylight,Clear,1,2,['Driver'],['Shoulder_Lapbelt'],0,0,Valid,0.0,0.0,58.0,55.0,"['Male', 'Male']",0,0,3,4,5,Dry,Straight,Level,Lowest,No
13565,17,Illinois,171056,0,1,1,0,2,NOT APPLICABLE,November,17,Friday,5,0,Rural,High Speed (Arterial),Yes,38.71266667,-87.56103056,Non-Intersection,Reported as Unknown,Reported as Unknown,7:00am-7:59am,17,7:00am-7:59am,30,Not Applicable (Not Transported),Not Applicable (Not Transported),2,Dark - Unlighted,Clear,2,0,"['Driver', 'Front_Passenger']","['None_Used', 'None_Used']",1,1,Valid,0.0,0.0,21.0,21.0,['Male'],2,0,3,4,3,Wet/Standing Water,Straight,Level,Lowest,No
13566,17,Illinois,171057,1,2,1,1,1,COLUMBIA,November,29,Wednesday,10,15,Urban,High Speed (Arterial),Yes,38.47769722,-90.225,Non-Intersection,Daylight,Clear,10:00am-10:59am,18,10:00am-10:59am,19,Not Applicable (Not Transported),Not Applicable (Not Transported),1,Daylight,Clear,0,1,[],[],0,0,Valid,0.0,0.0,47.0,47.0,['Male'],0,0,3,2,4,Dry,Curve,Grade/Hillcrest,Lowest,No
13567,17,Illinois,171058,0,3,3,0,3,WADSWORTH,November,17,Friday,8,45,Urban,High Speed (Arterial),Yes,42.465125,-87.92463611,Non-Intersection,Daylight,Clear,8:00am-8:59am,49,8:00am-8:59am,54,Unknown,Unknown EMS Hospital Arrival Time,1,Daylight,Clear,1,2,['Driver'],['None_Used'],0,0,Invalid,0.0,0.0,63.0,27.0,"['Female', 'Male', 'Male']",0,0,3,4,5,Dry,Straight,Level,Lowest,No
13568,17,Illinois,171059,0,5,5,0,6,NOT APPLICABLE,June,29,Thursday,10,53,Urban,High Speed (Arterial),Yes,42.06024444,-88.05085278,Non-Intersection,Daylight,Clear,10:00am-10:59am,56,11:00am-11:59am,4,Not Applicable (Not Transported),Not Applicable (Not Transported),1,Daylight,Clear,1,5,['Driver'],['Shoulder_Lapbelt'],0,0,Valid,0.0,2.0,79.0,28.0,"['Male', 'Male', 'Male', 'Male', 'Male']",1,0,4,4,5,Dry,Straight,Level,Lowest,No
13569,17,Illinois,171060,0,2,2,0,2,NOT APPLICABLE,November,17,Friday,18,35,Rural,Medium Speed (Collector),No,40.78790833,-89.73821389,Non-Intersection,Dark - Not Lighted,Clear,Unknown,Unknown,Unknown EMS Scene Arrival Hour,Unknown EMS Scene Arrival Minutes,Not Applicable (Not Transported),Not Applicable (Not Transported),2,Dark - Unlighted,Clear,2,0,"['Driver', 'Driver']","['Shoulder_Lapbelt', 'Shoulder_Lapbelt']",0,0,Valid,0.0,0.0,76.0,67.0,"['Female', 'Male']",0,0,3,4,5,Dry,Straight,Level,Lowest,Yes
13570,17,Illinois,171061,0,2,2,0,2,NOT APPLICABLE,December,1,Friday,1,0,Rural,High Speed (Arterial),Yes,39.03093333,-88.79163333,Non-Intersection,Dark - Not Lighted,Rain,1:00am-1:59am,10,1:00am-1:59am,20,Not Applicable (Not Transported),Not Applicable (Not Transported),1,Dark - Unlighted,Rain/Wind/Minor,1,1,['Driver'],['Shoulder_Lapbelt'],0,0,Valid,1.0,0.0,60.0,39.0,"['Male', 'Male']",1,0,4,4,5,Wet/Standing Water,Straight,Level,Lowest,No
13571,17,Illinois,171062,0,2,2,0,6,NOT APPLICABLE,July,8,Saturday,1,41,Urban,High Speed (Arterial),Yes,38.70921944,-89.95191667,Non-Intersection,Dark - Lighted,Clear,1:00am-1:59am,41,1:00am-1:59am,48,Unknown,Unknown EMS Hospital Arrival Time,2,Dark - Lighted,Clear,2,4,"['Driver', 'Front_Passenger']","['None_Used', 'Shoulder_Lapbelt']",1,1,Valid,0.0,0.0,29.0,23.0,"['Male', 'Male']",1,0,3,4,5,Dry,Straight,Grade/Hillcrest,Medium,No
13572,17,Illinois,171063,0,1,1,0,4,NOT APPLICABLE,November,16,Thursday,5,15,Rural,Low Speed (Local),No,37.62578889,-88.41298889,Non-Intersection,Dawn,Clear,6:00am-6:59am,45,7:00am-7:59am,0,Unknown,Unknown EMS Hospital Arrival Time,1,Twilight,Clear,1,3,['Non_Standard_Risk'],['None_Used'],0,0,Invalid,0.0,1.0,39.0,39.0,['Male'],4,0,3,4,3,Dry,Curve,Grade/Hillcrest,Lowest,Yes
13573,17,Illinois,171064,0,1,1,0,4,NOT APPLICABLE,November,17,Friday,21,1,Rural,Low Speed (Local),No,39.33618333,-88.80631111,Non-Intersection,Dark - Not Lighted,Clear,9:00pm-9:59pm,Unknown,9:00pm-9:59pm,Unknown EMS Scene Arrival Minutes,Unknown,Unknown EMS Hospital Arrival Time,1,Dark - Unlighted,Clear,1,3,['Driver'],['None_Used'],1,1,Invalid,1.0,1.0,18.0,18.0,['Male'],4,0,2,4,3,Dry,Straight,Grade/Hillcrest,Lowest,No
13574,17,Illinois,171065,0,1,1,0,1,NOT APPLICABLE,November,13,Monday,9,30,Rural,Low Speed (Local),No,41.58489444,-89.4442,Non-Intersection,Daylight,Clear,Unknown,Unknown,Unknown EMS Scene Arrival Hour,Unknown EMS Scene Arrival Minutes,Not Applicable (Not Transported),Not Applicable (Not Transported),1,Daylight,Clear,1,0,['Driver'],['None_Used'],0,0,Valid,0.0,0.0,66.0,66.0,['Male'],1,0,3,4,3,Dry,Straight,Grade/Hillcrest,Lowest,No
13575,17,Illinois,171066,0,1,1,0,1,CHICAGO,December,7,Thursday,2,10,Urban,Low Speed (Local),No,41.92431111,-87.74008889,Non-Intersection,Dark - Unknown Lighting,Clear,2:00am-2:59am,15,2:00am-2:59am,25,Not Applicable (Not Transported),Not Applicable (Not Transported),1,Dark - Unlighted,Clear,1,0,['Driver'],['Shoulder_Lapbelt'],0,0,Invalid,0.0,0.0,39.0,39.0,['Male'],1,0,3,4,3,Dry,Straight,Level,Lowest,No
13576,17,Illinois,171067,3,3,1,2,1,BLOOMINGTON,November,13,Monday,11,45,Urban,High Speed (Arterial),Yes,40.44789722,-89.02245833,Non-Intersection,Daylight,Clear,Unknown,Unknown,Unknown EMS Scene Arrival Hour,Unknown EMS Scene Arrival Minutes,Unknown,Unknown EMS Hospital Arrival Time,1,Daylight,Clear,1,0,['Driver'],['Shoulder_Lapbelt'],0,0,Valid,1.0,0.0,38.0,38.0,['Male'],0,0,4,4,3,Dry,Curve,Level,Lowest,No
13577,17,Illinois,171068,0,5,1,4,2,CHICAGO,November,17,Friday,22,48,Urban,High Speed (Arterial),Yes,41.77412222,-87.72282778,Non-Intersection,Dark - Lighted,Clear,Unknown,Unknown,Unknown EMS Scene Arrival Hour,Unknown EMS Scene Arrival Minutes,Unknown,Unknown EMS Hospital Arrival Time,1,Dark - Lighted,Clear,1,1,['Driver'],['None_Used'],0,0,Invalid,0.0,1.0,26.0,26.0,['Male'],2,0,3,1,5,Dry,Straight,Level,Lowest,No
13578,17,Illinois,171069,0,1,1,0,1,NOT APPLICABLE,December,2,Saturday,16,0,Urban,Medium Speed (Collector),No,38.50956667,-88.94098889,Non-Intersection,Daylight,Cloudy,3:00pm-3:59pm,59,4:00pm-4:59pm,10,Unknown,Unknown EMS Hospital Arrival Time,1,Daylight,Reduced Visibility,1,0,['Driver'],['None_Used'],0,0,Valid,0.0,0.0,67.0,67.0,['Female'],0,0,3,4,3,Dry,Straight,Level,Lowest,No
13579,17,Illinois,171070,0,1,1,0,3,CHICAGO,December,15,Friday,3,0,Urban,Low Speed (Local),No,41.83788889,-87.66185556,Simple Junction,Dark - Lighted,Clear,3:00am-3:59am,5,3:00am-3:59am,13,Unknown,Unknown EMS Hospital Arrival Time,1,Dark - Lighted,Clear,1,2,['Driver'],['Shoulder_Lapbelt'],0,0,Invalid,0.0,0.0,34.0,34.0,['Male'],3,0,2,4,3,Dry,Curve,Level,Lowest,No
13580,17,Illinois,171071,0,1,1,0,4,CHICAGO,December,17,Sunday,2,30,Urban,High Speed (Arterial),Yes,41.957125,-87.93377778,Non-Intersection,Dark - Lighted,Rain,2:00am-2:59am,30,2:00am-2:59am,45,Unknown,Unknown EMS Hospital Arrival Time,1,Dark - Lighted,Rain/Wind/Minor,1,3,['Rear_Seat'],['Shoulder_Lapbelt'],0,0,Valid,0.0,0.0,45.0,45.0,['Male'],0,0,3,4,3,Wet/Standing Water,Straight,Level,Lowest,No
13581,17,Illinois,171072,1,1,1,0,1,AURORA,November,13,Monday,16,0,Urban,Low Speed (Local),No,41.73346944,-88.26054722,Complex/Circle,Daylight,Clear,4:00pm-4:59pm,0,4:00pm-4:59pm,4,Unknown,Unknown EMS Hospital Arrival Time,1,Daylight,Clear,0,1,[],[],0,0,Valid,0.0,0.0,32.0,32.0,['Male'],0,0,3,1,4,Dry,Straight,Level,Lowest,No
13582,17,Illinois,171073,0,2,2,0,5,OAK LAWN,July,16,Sunday,1,49,Urban,High Speed (Arterial),Yes,41.7196,-87.77993889,Complex/Circle,Dark - Lighted,Clear,1:00am-1:59am,49,1:00am-1:59am,59,Unknown,Unknown EMS Hospital Arrival Time,1,Dark - Lighted,Clear,1,4,['Rear_Seat'],['Child_Safety'],1,1,Invalid,1.0,0.0,43.0,30.0,"['Male', 'Female']",1,0,3,4,5,Dry,Straight,Level,Lowest,No
13583,17,Illinois,171074,0,2,2,0,3,DAKOTA,November,13,Monday,18,12,Rural,Low Speed (Local),No,42.39564167,-89.57409167,Non-Intersection,Dark - Lighted,Clear,6:00pm-6:59pm,12,6:00pm-6:59pm,23,Unknown,Unknown EMS Hospital Arrival Time,1,Dark - Lighted,Clear,1,2,['Driver'],['Shoulder_Lapbelt'],1,1,Valid,0.0,0.0,55.0,38.0,"['Female', 'Female']",0,0,3,4,5,Dry,Straight,Grade/Hillcrest,Lowest,No
13584,17,Illinois,171075,0,2,2,0,3,JOLIET,November,14,Tuesday,15,10,Urban,High Speed (Arterial),Yes,41.49365,-88.08051111,Complex/Circle,Daylight,Clear,Unknown,Unknown,Unknown EMS Scene Arrival Hour,Unknown EMS Scene Arrival Minutes,Unknown,Unknown EMS Hospital Arrival Time,2,Daylight,Clear,2,1,"['Driver', 'Front_Passenger']","['Shoulder_Lapbelt', 'Shoulder_Lapbelt']",0,0,Valid,0.0,0.0,80.0,33.0,"['Female', 'Male']",0,0,2,4,5,Dry,Straight,Level,Lowest,No
13585,17,Illinois,171076,0,2,2,0,2,OTTAWA,July,26,Wednesday,10,48,Urban,Medium Speed (Collector),No,41.33198889,-88.83988611,Non-Intersection,Daylight,Clear,10:00am-10:59am,49,Unknown EMS Scene Arrival Hour,Unknown EMS Scene Arrival Minutes,Not Applicable (Not Transported),Not Applicable (Not Transported),1,Daylight,Clear,1,1,['Driver'],['None_Used'],0,0,Valid,0.0,0.0,42.0,33.0,"['Male', 'Male']",1,0,3,4,5,Wet/Standing Water,Straight,Grade/Hillcrest,Lowest,No
13586,17,Illinois,171077,0,2,2,0,2,HARRISBURG,December,1,Friday,8,57,Urban,Medium Speed (Collector),No,37.70506667,-88.574,Non-Intersection,Daylight,Clear,9:00am-9:59am,0,9:00am-9:59am,4,Unknown,Unknown EMS Hospital Arrival Time,1,Daylight,Clear,1,1,['Driver'],['None_Used'],0,0,Valid,0.0,0.0,55.0,42.0,"['Male', 'Male']",1,0,3,4,5,Dry,Straight,Level,Lowest,No
13587,17,Illinois,171079,0,2,2,0,9,CHICAGO,November,16,Thursday,9,34,Urban,High Speed (Arterial),Yes,41.86776944,-87.62058611,Complex/Circle,Daylight,Clear,9:00am-9:59am,34,9:00am-9:59am,34,Unknown,Unknown EMS Hospital Arrival Time,1,Daylight,Clear,1,8,['Driver'],['Shoulder_Lapbelt'],0,0,Invalid,1.0,0.0,53.0,34.0,"['Male', 'Male']",0,0,4,4,5,Dry,Straight,Level,Lowest,No
13588,17,Illinois,171080,0,2,2,0,2,ROCKFORD,November,14,Tuesday,16,57,Urban,High Speed (Arterial),Yes,42.3075,-88.9793,Complex/Circle,Dark - Lighted,Clear,4:00pm-4:59pm,57,5:00pm-5:59pm,2,Unknown,Unknown EMS Hospital Arrival Time,1,Dark - Lighted,Clear,1,1,['Driver'],['Shoulder_Lapbelt'],1,1,Valid,0.0,0.0,60.0,41.0,"['Female', 'Male']",0,0,2,4,5,Dry,Straight,Grade/Hillcrest,Lowest,No
13589,17,Illinois,171081,0,1,1,0,2,NOT APPLICABLE,December,4,Monday,12,0,Rural,Medium Speed (Collector),No,42.22922222,-88.1692,Non-Intersection,Daylight,Clear,12:00pm-12:59pm,2,12:00pm-12:59pm,10,Unknown,Unknown EMS Hospital Arrival Time,1,Daylight,Clear,1,1,['Front_Passenger'],['Shoulder_Lapbelt'],0,0,Valid,0.0,0.0,82.0,82.0,['Male'],0,0,3,4,2,Dry,Curve,Level,Medium,No
13590,17,Illinois,171082,0,1,1,0,1,GENESEO,December,5,Tuesday,1,1,Rural,Medium Speed (Collector),No,41.41788889,-90.08448333,Non-Intersection,Dark - Unknown Lighting,Snow,1:00am-1:59am,3,1:00am-1:59am,14,Not Applicable (Not Transported),Not Applicable (Not Transported),1,Dark - Unlighted,Snow/Ice/Severe,1,0,['Driver'],['Shoulder_Lapbelt'],0,0,Valid,0.0,0.0,35.0,35.0,['Female'],0,0,3,4,3,Icy/Snowy,Curve,Level,Lowest,No
13591,17,Illinois,171083,0,1,1,0,1,NOT APPLICABLE,December,13,Wednesday,1,41,Rural,Medium Speed (Collector),No,37.31777222,-89.16303611,Non-Intersection,Dark - Unknown Lighting,Clear,1:00am-1:59am,41,2:00am-2:59am,8,Not Applicable (Not Transported),Not Applicable (Not Transported),1,Dark - Unlighted,Clear,1,0,['Driver'],['None_Used'],1,1,Invalid,1.0,3.0,30.0,30.0,['Male'],0,0,3,4,3,Dry,Straight,Level,Lowest,No
13592,17,Illinois,171085,1,1,1,0,1,WOOD RIVER,November,14,Tuesday,20,38,Urban,Medium Speed (Collector),No,38.86633056,-90.06871389,Non-Intersection,Dark - Lighted,Clear,8:00pm-8:59pm,40,8:00pm-8:59pm,42,Unknown,Unknown EMS Hospital Arrival Time,1,Dark - Lighted,Clear,0,1,[],[],0,0,Valid,0.0,0.0,76.0,76.0,['Male'],0,0,3,1,4,Dry,Straight,Level,Lowest,No
13593,17,Illinois,171086,0,2,1,1,1,CAHOKIA,November,15,Wednesday,22,39,Urban,Low Speed (Local),No,38.56689444,-90.18322778,Non-Intersection,Dark - Not Lighted,Clear,10:00pm-10:59pm,39,10:00pm-10:59pm,44,Unknown,Unknown EMS Hospital Arrival Time,1,Dark - Unlighted,Clear,1,0,['Driver'],['None_Used'],0,0,Valid,0.0,0.0,28.0,28.0,['Male'],1,0,5,3,3,Dry,Straight,Level,Lowest,No
13594,17,Illinois,171087,0,2,2,0,2,Other,December,1,Friday,12,42,Urban,High Speed (Arterial),Yes,41.33744167,-87.78543333,Non-Intersection,Daylight,Rain,Unknown,Unknown,Unknown EMS Scene Arrival Hour,Unknown EMS Scene Arrival Minutes,Unknown,Unknown EMS Hospital Arrival Time,1,Daylight,Rain/Wind/Minor,1,1,['Driver'],['Shoulder_Lapbelt'],0,0,Valid,0.0,0.0,34.0,16.0,"['Male', 'Female']",0,0,3,4,5,Wet/Standing Water,Straight,Level,Lowest,No
13595,17,Illinois,171088,1,1,1,0,1,SULLIVAN,December,1,Friday,18,38,Rural,Low Speed (Local),No,39.60323611,-88.60750556,Non-Intersection,Dark - Lighted,Rain,Unknown,Unknown,Unknown EMS Scene Arrival Hour,Unknown EMS Scene Arrival Minutes,Not Applicable (Not Transported),Not Applicable (Not Transported),1,Dark - Lighted,Rain/Wind/Minor,0,1,[],[],0,0,Valid,0.0,0.0,51.0,51.0,['Male'],0,0,3,1,4,Wet/Standing Water,Straight,Level,Lowest,No
13596,17,Illinois,171089,0,2,2,0,2,SPRINGFIELD,December,1,Friday,20,21,Urban,High Speed (Arterial),Yes,39.83113056,-89.60066389,Non-Intersection,Dark - Not Lighted,Rain,8:00pm-8:59pm,23,8:00pm-8:59pm,31,Unknown,Unknown EMS Hospital Arrival Time,1,Dark - Unlighted,Rain/Wind/Minor,1,1,['Driver'],['None_Used'],1,1,Valid,0.0,0.0,77.0,41.0,"['Male', 'Female']",0,0,3,4,5,Wet/Standing Water,Straight,Grade/Hillcrest,Lowest,No
13597,17,Illinois,171090,0,2,2,0,4,CHICAGO,December,2,Saturday,13,40,Urban,High Speed (Arterial),Yes,41.98248056,-87.78593056,Non-Intersection,Daylight,Clear,Unknown,Unknown,Unknown EMS Scene Arrival Hour,Unknown EMS Scene Arrival Minutes,Unknown,Unknown EMS Hospital Arrival Time,1,Daylight,Clear,1,3,['Front_Passenger'],['None_Used'],0,0,Valid,0.0,0.0,41.0,30.0,"['Male', 'Male']",0,0,3,4,5,Dry,Straight,Level,Lowest,No
13598,17,Illinois,171091,0,2,2,0,2,NOT APPLICABLE,November,15,Wednesday,18,51,Urban,Medium Speed (Collector),No,41.46065833,-88.349025,Complex/Circle,Dark - Not Lighted,Clear,Unknown,Unknown if Notified,Unknown EMS Scene Arrival Hour,Unknown if Arrived,Not Applicable (Not Transported),Not Applicable (Not Transported),1,Dark - Unlighted,Clear,1,1,['Driver'],['Shoulder_Lapbelt'],1,1,Valid,0.0,0.0,63.0,32.0,"['Male', 'Male']",0,0,4,4,5,Dry,Straight,Level,Lowest,No
13599,17,Illinois,171092,0,2,2,0,2,NOT APPLICABLE,November,15,Wednesday,7,15,Rural,Low Speed (Local),No,40.82140556,-90.87420833,Complex/Circle,Daylight,Clear,7:00am-7:59am,20,7:00am-7:59am,45,Not Applicable (Not Transported),Not Applicable (Not Transported),1,Daylight,Clear,1,1,['Driver'],['None_Used'],0,0,Valid,0.0,0.0,32.0,20.0,"['Female', 'Male']",0,0,3,4,5,Dry,Straight,Level,Lowest,Yes
13600,17,Illinois,171093,1,1,1,0,1,ARLINGTON HEIGHTS,December,30,Saturday,18,10,Urban,High Speed (Arterial),Yes,42.11826389,-87.98873056,Non-Intersection,Dark - Not Lighted,Clear,6:00pm-6:59pm,12,6:00pm-6:59pm,16,Unknown,Unknown EMS Hospital Arrival Time,1,Dark - Unlighted,Clear,0,1,[],[],0,0,Valid,0.0,0.0,39.0,39.0,['Male'],0,0,2,3,4,Dry,Straight,Level,Lowest,No
13601,17,Illinois,171094,0,2,2,0,2,NOT APPLICABLE,December,30,Saturday,1,58,Rural,High Speed (Arterial),Yes,37.74315833,-88.42706389,Non-Intersection,Dark - Not Lighted,Clear,2:00am-2:59am,1,2:00am-2:59am,8,Unknown,Unknown EMS Hospital Arrival Time,1,Dark - Unlighted,Clear,1,1,['Driver'],['None_Used'],1,1,Valid,0.0,0.0,27.0,21.0,"['Male', 'Female']",0,0,3,4,5,Wet/Standing Water,Straight,Level,Lowest,No
13602,17,Illinois,171095,0,2,2,0,4,WHEELING,December,10,Sunday,2,15,Urban,High Speed (Arterial),Yes,42.10978056,-87.91735833,Non-Intersection,Dark - Not Lighted,Clear,2:00am-2:59am,22,2:00am-2:59am,27,Unknown,Unknown EMS Hospital Arrival Time,1,Dark - Unlighted,Clear,1,3,['Driver'],['Shoulder_Lapbelt'],1,1,Valid,1.0,0.0,53.0,28.0,"['Male', 'Male']",0,0,3,4,5,Dry,Straight,Level,Lowest,No
13603,17,Illinois,171096,0,5,5,0,9,CHICAGO,December,29,Friday,21,42,Urban,Medium Speed (Collector),No,41.78041667,-87.60592222,Complex/Circle,Dark - Lighted,Rain,Unknown,Unknown,Unknown EMS Scene Arrival Hour,Unknown EMS Scene Arrival Minutes,Unknown,Unknown EMS Hospital Arrival Time,1,Dark - Lighted,Rain/Wind/Minor,1,7,['Rear_Seat'],['None_Used'],0,0,Invalid,0.0,0.0,998.0,24.0,"['Male', 'Female', 'Male', 'Male', 'Male']",0,0,3,4,5,Wet/Standing Water,Straight,Level,Lowest,No
13604,17,Illinois,171097,0,2,2,0,2,BELLEVILLE,December,10,Sunday,14,0,Urban,High Speed (Arterial),Yes,38.51957222,-89.92419722,Simple Junction,Daylight,Clear,2:00pm-2:59pm,0,2:00pm-2:59pm,10,Unknown,Unknown EMS Hospital Arrival Time,1,Daylight,Clear,1,1,['Driver'],['Shoulder_Lapbelt'],0,0,Valid,0.0,0.0,78.0,29.0,"['Male', 'Male']",0,0,3,4,5,Dry,Straight,Level,Lowest,No
13605,17,Illinois,171098,0,2,2,0,2,NOT APPLICABLE,December,11,Monday,20,21,Rural,Medium Speed (Collector),No,37.86416667,-88.76206389,Non-Intersection,Daylight,Clear,8:00pm-8:59pm,25,8:00pm-8:59pm,35,Unknown,Unknown EMS Hospital Arrival Time,1,Daylight,Clear,1,1,['Driver'],['Shoulder_Lapbelt'],1,1,Invalid,0.0,1.0,38.0,32.0,"['Male', 'Male']",1,0,3,4,5,Dry,Curve,Grade/Hillcrest,Lowest,No
13606,17,Illinois,171099,0,3,3,0,6,EAST SAINT LOUIS,December,28,Thursday,23,26,Urban,Medium Speed (Collector),No,38.61029444,-90.09284722,Complex/Circle,Dark - Not Lighted,Rain,11:00pm-11:59pm,26,11:00pm-11:59pm,31,Unknown,Unknown EMS Hospital Arrival Time,1,Dark - Unlighted,Rain/Wind/Minor,1,5,['Front_Passenger'],['Shoulder_Lapbelt'],0,0,Invalid,1.0,0.0,47.0,21.0,"['Male', 'Female', 'Male']",3,0,3,4,5,Wet/Standing Water,Straight,Level,Lowest,No
13607,17,Illinois,171100,0,1,1,0,1,CHICAGO,December,3,Sunday,11,8,Urban,Medium Speed (Collector),No,41.96289722,-87.71330556,Complex/Circle,Daylight,Rain,11:00am-11:59am,11,11:00am-11:59am,15,Unknown,Unknown EMS Hospital Arrival Time,1,Daylight,Rain/Wind/Minor,1,0,['Driver'],['Shoulder_Lapbelt'],0,0,Valid,0.0,0.0,34.0,34.0,['Male'],0,0,3,4,3,Wet/Standing Water,Straight,Level,Lowest,No
13608,17,Illinois,171101,1,1,1,0,1,CHICAGO,December,12,Tuesday,14,33,Urban,High Speed (Arterial),Yes,41.86972778,-87.74495278,Non-Intersection,Daylight,Clear,2:00pm-2:59pm,33,2:00pm-2:59pm,39,2:00pm-2:59pm,Unknown EMS Hospital Arrival Time,1,Daylight,Clear,0,1,[],[],0,0,Valid,0.0,1.0,42.0,42.0,['Male'],0,0,4,1,4,Dry,Straight,Level,Lowest,No
13609,17,Illinois,171102,0,2,2,0,6,JOLIET,December,4,Monday,5,12,Urban,High Speed (Arterial),Yes,41.51670278,-88.08127222,Complex/Circle,Dark - Not Lighted,Clear,Unknown,Unknown,Unknown EMS Scene Arrival Hour,Unknown EMS Scene Arrival Minutes,Unknown,Unknown EMS Hospital Arrival Time,1,Dark - Unlighted,Clear,1,5,['Rear_Seat'],['Shoulder_Lapbelt'],0,0,Valid,0.0,0.0,34.0,28.0,"['Male', 'Male']",0,0,4,4,5,Dry,Straight,Level,Lowest,No
13610,17,Illinois,171103,0,2,2,0,2,CHICAGO,December,12,Tuesday,19,44,Urban,High Speed (Arterial),Yes,41.73509722,-87.58563889,Complex/Circle,Dark - Not Lighted,Clear,7:00pm-7:59pm,44,7:00pm-7:59pm,44,Unknown,Unknown EMS Hospital Arrival Time,1,Dark - Unlighted,Clear,1,1,['Driver'],['Shoulder_Lapbelt'],0,0,Invalid,0.0,0.0,67.0,27.0,"['Female', 'Male']",0,0,2,4,5,Dry,Straight,Level,Lowest,No
13611,17,Illinois,171104,1,1,1,0,4,CHICAGO,December,28,Thursday,23,4,Urban,Medium Speed (Collector),No,41.71156389,-87.64305556,Non-Intersection,Dark - Lighted,Rain,11:00pm-11:59pm,4,11:00pm-11:59pm,28,Unknown,Unknown EMS Hospital Arrival Time,1,Dark - Lighted,Rain/Wind/Minor,0,4,[],[],0,0,Valid,0.0,0.0,35.0,35.0,['Female'],4,0,2,4,4,Wet/Standing Water,Straight,Level,Lowest,No