,State_Code,State_Name,Crash_ID,Count_Non_Motorists,Count_Vehicles_Total,Count_Vehicle_Forms,Count_PVH_Involved,Count_Occupants_MV,City_Name,Month_Name,Day_of_Month,Day_of_Week,Crash_Hour,Crash_Minute,Area_Rural_Urban,Road_Functional_Class,On_NHS_Road,Latitude,Longitude,Intersection_Type,Light_Condition,Weather_Condition,Notif_Hour,Notif_Minute,Arrival_Hour,Arrival_Minute,Hospital_Hour,Hospital_Minute,Fatalities_Count,Clean_Light_Condition,Clean_Weather_Condition,Total_Killed,Total_Alive,Fatal_Seats_List,Killed_Restraint_List,Any_Driver_Drinking,Total_Drinking_Drivers,Driver_License_Category,Driver_Max_Prev_Accident_Count,Driver_Max_Prev_Speeding_Count,Max_Driver_Age,Min_Driver_Age,Driver_Sex_List,Total_Exceeding_Limit_Vehicles,Total_Too_Fast_Vehicles,Max_Vehicle_Type_Severity_5,Max_Vehicle_Damage_Rank,Max_Harmful_Event_Severity,Crash_Road_Surface_Condition,Crash_Horizontal_Alignment,Crash_Vertical_Profile,Crash_Impairment_Category,Crash_Vehicle_Defect
13612,17,Illinois,171105,0,2,2,0,2,NOT APPLICABLE,December,13,Wednesday,7,27,Rural,Medium Speed (Collector),No,39.88833889,-89.98485278,Non-Intersection,Daylight,Clear,7:00am-7:59am,29,8:00am-8:59am,0,Unknown,Unknown EMS Hospital Arrival Time,1,Daylight,Clear,1,1,['Driver'],['Shoulder_Lapbelt'],0,0,Valid,0.0,0.0,60.0,48.0,"['Female', 'Male']",0,0,3,4,5,Dry,Straight,Level,Lowest,No
13613,17,Illinois,171106,1,3,3,0,3,CHICAGO HEIGHTS,December,28,Thursday,21,42,Urban,Medium Speed (Collector),No,41.52071944,-87.63029167,Non-Intersection,Dark - Not Lighted,Rain,9:00pm-9:59pm,42,Unknown EMS Scene Arrival Hour,Unknown EMS Scene Arrival Minutes,Unknown,Unknown EMS Hospital Arrival Time,1,Dark - Unlighted,Rain/Wind/Minor,0,1,[],[],0,0,Valid,0.0,0.0,998.0,23.0,"['Female', 'Other', 'Other']",0,0,3,3,4,Wet/Standing Water,Straight,Level,Lowest,No
13614,17,Illinois,171107,0,1,1,0,1,PEKIN,December,8,Friday,13,45,Rural,Medium Speed (Collector),No,40.55293056,-89.58293056,Non-Intersection,Daylight,Clear,1:00am-1:59am,46,Unknown EMS Scene Arrival Hour,Unknown EMS Scene Arrival Minutes,Unknown,Unknown EMS Hospital Arrival Time,1,Daylight,Clear,1,0,['Driver'],['Shoulder_Lapbelt'],0,0,Valid,0.0,0.0,76.0,76.0,['Male'],0,0,3,4,2,Dry,Straight,Level,Medium,No
13615,17,Illinois,171108,0,1,1,0,2,RUSSELLVILLE,December,23,Saturday,2,15,Rural,Medium Speed (Collector),No,38.815025,-87.53102778,Non-Intersection,Dark - Unknown Lighting,Rain,Unknown,Unknown,Unknown EMS Scene Arrival Hour,Unknown EMS Scene Arrival Minutes,Not Applicable (Not Transported),Not Applicable (Not Transported),2,Dark - Unlighted,Rain/Wind/Minor,2,0,"['Driver', 'Front_Passenger']","['None_Used', 'None_Used']",1,1,Valid,0.0,1.0,26.0,26.0,['Male'],2,0,3,4,3,Wet/Standing Water,Curve,Level,Lowest,No
13616,17,Illinois,171109,0,1,1,0,1,NOT APPLICABLE,December,16,Saturday,10,59,Rural,Medium Speed (Collector),No,40.51721389,-88.09270556,Non-Intersection,Daylight,Rain,10:00am-10:59am,59,11:00am-11:59am,30,Unknown,Unknown EMS Hospital Arrival Time,1,Daylight,Rain/Wind/Minor,1,0,['Driver'],['Shoulder_Lapbelt'],0,0,Valid,0.0,0.0,68.0,68.0,['Male'],0,0,3,4,4,Wet/Standing Water,Straight,Level,Lowest,No
13617,17,Illinois,171110,0,2,2,0,3,CARBONDALE,December,4,Monday,7,45,Urban,High Speed (Arterial),Yes,37.7471,-89.21908333,Non-Intersection,Daylight,Freezing Rain or Drizzle,7:00am-7:59am,45,8:00am-8:59am,0,Unknown,Unknown EMS Hospital Arrival Time,2,Daylight,Snow/Ice/Severe,2,1,"['Driver', 'Front_Passenger']","['Shoulder_Lapbelt', 'Shoulder_Lapbelt']",0,0,Valid,0.0,0.0,23.0,19.0,"['Male', 'Male']",3,0,3,4,5,Wet/Standing Water,Straight,Level,Lowest,No
13618,17,Illinois,171111,0,1,1,0,1,NOT APPLICABLE,December,28,Thursday,5,46,Rural,Low Speed (Local),No,37.76311389,-88.83630833,Non-Intersection,Dark - Not Lighted,Clear,5:00am-5:59am,50,6:00am-6:59am,16,Not Applicable (Not Transported),Not Applicable (Not Transported),1,Dark - Unlighted,Clear,1,0,['Driver'],['None_Used'],0,0,Valid,0.0,0.0,39.0,39.0,['Male'],1,0,2,4,3,Dry,Straight,Level,Lowest,No
13619,17,Illinois,171112,0,2,2,0,4,NOT APPLICABLE,December,13,Wednesday,10,13,Rural,Medium Speed (Collector),No,40.88754167,-87.8467,Complex/Circle,Daylight,Clear,10:00am-10:59am,13,10:00am-10:59am,18,Unknown,Unknown EMS Hospital Arrival Time,1,Daylight,Clear,1,3,['Front_Passenger'],['None_Used'],0,0,Invalid,0.0,0.0,66.0,47.0,"['Male', 'Male']",0,0,4,4,5,Dry,Straight,Level,Lowest,No
13620,17,Illinois,171113,1,1,1,0,1,NOT APPLICABLE,December,28,Thursday,3,21,Urban,High Speed (Arterial),Yes,42.30563333,-87.92797778,Non-Intersection,Dark - Lighted,Clear,3:00am-3:59am,21,3:00am-3:59am,30,Unknown,Unknown EMS Hospital Arrival Time,1,Dark - Lighted,Clear,0,1,[],[],0,0,Valid,0.0,0.0,54.0,54.0,['Male'],0,0,2,1,4,Dry,Straight,Level,Lowest,No
13621,17,Illinois,171114,1,1,1,0,1,FAIRVIEW HEIGHTS,December,26,Tuesday,23,26,Urban,High Speed (Arterial),Yes,38.5946,-90.04580278,Non-Intersection,Dark - Not Lighted,Clear,11:00pm-11:59pm,26,11:00pm-11:59pm,33,Unknown,Unknown EMS Hospital Arrival Time,1,Dark - Unlighted,Clear,0,1,[],[],0,0,Valid,0.0,0.0,44.0,44.0,['Male'],0,0,2,1,4,Dry,Straight,Level,Lowest,No
13622,17,Illinois,171115,0,1,1,0,1,NOT APPLICABLE,December,13,Wednesday,21,45,Rural,Medium Speed (Collector),No,42.28414444,-89.940175,Non-Intersection,Dark - Not Lighted,Clear,9:00pm-9:59pm,52,10:00pm-10:59pm,1,Unknown,Unknown EMS Hospital Arrival Time,1,Dark - Unlighted,Clear,1,0,['Driver'],['Shoulder_Lapbelt'],1,1,Valid,0.0,1.0,47.0,47.0,['Male'],0,0,3,4,3,Dry,Curve,Level,Lowest,No
13623,17,Illinois,171116,0,2,2,0,2,Other,December,4,Monday,19,46,Rural,High Speed (Arterial),Yes,39.94056389,-89.08635833,Complex/Circle,Dusk,Clear,4:00pm-4:59pm,44,4:00pm-4:59pm,44,Not Applicable (Not Transported),Not Applicable (Not Transported),1,Twilight,Clear,1,1,['Driver'],['Shoulder_Lapbelt'],0,0,Valid,0.0,0.0,60.0,33.0,"['Male', 'Male']",0,0,4,4,5,Dry,Straight,Level,Lowest,No
13624,17,Illinois,171117,0,3,3,0,4,NOT APPLICABLE,December,25,Monday,14,50,Rural,Low Speed (Local),No,40.34110556,-88.16493611,Non-Intersection,Daylight,Rain,2:00pm-2:59pm,50,3:00pm-3:59pm,10,Not Applicable (Not Transported),Not Applicable (Not Transported),2,Daylight,Rain/Wind/Minor,2,2,"['Driver', 'Driver']","['None_Used', 'Shoulder_Lapbelt']",1,1,Invalid,0.0,0.0,78.0,34.0,"['Male', 'Male', 'Female']",1,0,4,4,5,Wet/Standing Water,Straight,Grade/Hillcrest,Lowest,No
13625,17,Illinois,171118,0,1,1,0,1,NOT APPLICABLE,December,13,Wednesday,22,14,Urban,Medium Speed (Collector),No,38.61473333,-90.08814167,Non-Intersection,Dark - Lighted,Clear,10:00pm-10:59pm,14,10:00pm-10:59pm,17,Unknown,Unknown EMS Hospital Arrival Time,1,Dark - Lighted,Clear,1,0,['Driver'],['Shoulder_Lapbelt'],0,0,Invalid,0.0,0.0,63.0,63.0,['Male'],0,0,3,4,2,Dry,Curve,Level,Medium,No
13626,17,Illinois,171119,0,1,1,0,1,VERNON HILLS,December,4,Monday,20,15,Urban,Medium Speed (Collector),No,42.23493056,-87.94622222,Simple Junction,Dark - Not Lighted,Clear,11:00am-11:59am,19,11:00am-11:59am,27,Not Applicable (Not Transported),Not Applicable (Not Transported),1,Dark - Unlighted,Clear,1,0,['Driver'],['None_Used'],1,1,Valid,0.0,0.0,17.0,17.0,['Female'],0,0,3,4,4,Dry,Straight,Level,Lowest,No
13627,17,Illinois,171120,0,3,3,0,5,AURORA,December,14,Thursday,15,5,Urban,High Speed (Arterial),Yes,41.7517,-88.3756,Complex/Circle,Daylight,Clear,3:00pm-3:59pm,7,3:00pm-3:59pm,11,Unknown,Unknown EMS Hospital Arrival Time,1,Daylight,Clear,1,4,['Driver'],['Shoulder_Lapbelt'],0,0,Valid,1.0,1.0,83.0,27.0,"['Female', 'Male', 'Female']",0,0,3,4,5,Dry,Straight,Level,Lowest,No
13628,17,Illinois,171121,0,2,2,0,3,CHICAGO,December,25,Monday,0,42,Urban,High Speed (Arterial),Yes,41.923625,-87.74619444,Non-Intersection,Dark - Lighted,Clear,2:00am-2:59am,23,2:00am-2:59am,25,Unknown,Unknown EMS Hospital Arrival Time,1,Dark - Lighted,Clear,1,2,['Rear_Seat'],['None_Used'],0,0,Invalid,0.0,0.0,35.0,33.0,"['Male', 'Male']",0,0,5,4,5,Dry,Straight,Level,Lowest,No
13629,17,Illinois,171122,0,2,2,0,2,NOT APPLICABLE,July,12,Wednesday,19,12,Rural,Low Speed (Local),No,41.48155278,-89.69734167,Complex/Circle,Daylight,Clear,7:00am-7:59am,21,7:00am-7:59am,22,Unknown,Unknown EMS Hospital Arrival Time,1,Daylight,Clear,1,1,['Driver'],['Shoulder_Lapbelt'],0,0,Invalid,1.0,2.0,61.0,13.0,"['Male', 'Female']",0,0,5,4,5,Dry,Straight,Level,Lowest,No
13630,17,Illinois,171123,1,1,1,0,1,BARTLETT,December,24,Sunday,17,54,Urban,High Speed (Arterial),Yes,42.00314722,-88.18169722,Complex/Circle,Dark - Lighted,Clear,5:00pm-5:59pm,54,6:00pm-6:59pm,0,Not Applicable (Not Transported),Not Applicable (Not Transported),1,Dark - Lighted,Clear,0,1,[],[],0,0,Valid,0.0,0.0,41.0,41.0,['Male'],0,0,3,3,4,Dry,Straight,Level,Lowest,No
13631,17,Illinois,171124,1,2,1,1,1,CHICAGO,December,15,Friday,5,28,Urban,High Speed (Arterial),Yes,41.87271667,-87.73606944,Non-Intersection,Dark - Lighted,Clear,5:00am-5:59am,29,5:00am-5:59am,40,Unknown,Unknown EMS Hospital Arrival Time,1,Dark - Lighted,Clear,0,1,[],[],1,1,Valid,0.0,0.0,46.0,46.0,['Male'],0,0,3,4,4,Dry,Curve,Level,Lowest,No
13632,17,Illinois,171125,0,2,2,0,4,MASCOUTAH,December,24,Sunday,15,51,Urban,Medium Speed (Collector),No,38.51058889,-89.79300278,Complex/Circle,Daylight,Clear,3:00pm-3:59pm,51,3:00pm-3:59pm,56,Unknown,Unknown EMS Hospital Arrival Time,1,Daylight,Clear,1,3,['Rear_Seat'],['Shoulder_Lapbelt'],1,1,Valid,0.0,0.0,67.0,20.0,"['Male', 'Female']",1,0,3,4,5,Dry,Straight,Level,Lowest,No
13633,17,Illinois,171126,1,1,1,0,1,Other,December,4,Monday,21,30,Rural,Medium Speed (Collector),No,41.72193056,-89.44860278,Non-Intersection,Dark - Not Lighted,Clear,9:00pm-9:59pm,31,9:00pm-9:59pm,42,Unknown,Unknown EMS Hospital Arrival Time,1,Dark - Unlighted,Clear,0,1,[],[],0,0,Valid,0.0,1.0,41.0,41.0,['Female'],0,0,3,3,4,Dry,Straight,Level,Lowest,No
13634,17,Illinois,171127,0,2,2,0,3,CHICAGO,December,23,Saturday,12,30,Urban,Medium Speed (Collector),No,41.88117222,-87.69391111,Complex/Circle,Daylight,Cloudy,12:00pm-12:59pm,35,12:00pm-12:59pm,40,Unknown,Unknown EMS Hospital Arrival Time,1,Daylight,Reduced Visibility,1,2,['Driver'],['None_Used'],0,0,Valid,1.0,0.0,57.0,51.0,"['Male', 'Male']",0,0,5,1,5,Dry,Straight,Level,Lowest,No
13635,17,Illinois,171128,1,2,2,0,1,CHICAGO,December,5,Tuesday,2,25,Urban,High Speed (Arterial),Yes,41.85711389,-87.64415278,Non-Intersection,Dark - Not Lighted,Freezing Rain or Drizzle,2:00am-2:59am,25,2:00am-2:59am,30,Not Applicable (Not Transported),Not Applicable (Not Transported),1,Dark - Unlighted,Snow/Ice/Severe,0,1,[],[],0,0,Valid,0.0,0.0,19.0,19.0,['Male'],1,0,3,4,5,Wet/Standing Water,Straight,Level,Lowest,No
13636,17,Illinois,171129,0,1,1,0,1,NOT APPLICABLE,December,23,Saturday,10,48,Rural,High Speed (Arterial),Yes,38.2715,-88.69032778,Non-Intersection,Daylight,Cloudy,10:00am-10:59am,48,11:00am-11:59am,0,Not Applicable (Not Transported),Not Applicable (Not Transported),1,Daylight,Reduced Visibility,1,0,['Driver'],['Shoulder_Lapbelt'],0,0,Valid,0.0,0.0,79.0,79.0,['Female'],0,0,2,4,3,Wet/Standing Water,Straight,Level,Lowest,No
13637,17,Illinois,171130,0,2,2,0,4,GRANITE CITY,December,23,Saturday,11,5,Urban,High Speed (Arterial),Yes,38.73389167,-90.14096667,Complex/Circle,Daylight,Clear,11:00am-11:59am,7,11:00am-11:59am,10,Unknown,Unknown EMS Hospital Arrival Time,2,Daylight,Clear,2,2,"['Driver', 'Front_Passenger']","['Shoulder_Lapbelt', 'Shoulder_Lapbelt']",0,0,Valid,0.0,0.0,77.0,26.0,"['Male', 'Male']",0,0,3,4,5,Dry,Straight,Level,Lowest,No
13638,17,Illinois,171131,2,1,1,0,1,CHICAGO,December,7,Thursday,0,30,Urban,Medium Speed (Collector),No,41.88851389,-87.62823056,Non-Intersection,Dark - Not Lighted,Clear,0:00am-0:59am,31,0:00am-0:59am,35,Unknown,Unknown EMS Hospital Arrival Time,1,Dark - Unlighted,Clear,0,1,[],[],0,0,Valid,0.0,0.0,40.0,40.0,['Female'],1,0,3,4,4,Dry,Straight,Level,Lowest,No
13639,17,Illinois,171132,0,1,1,0,1,GLENVIEW,December,23,Saturday,1,39,Urban,Medium Speed (Collector),No,42.07984167,-87.79169167,Non-Intersection,Dark - Not Lighted,"Fog, Smog, Smoke",1:00am-1:59am,42,1:00am-1:59am,51,Unknown,Unknown EMS Hospital Arrival Time,1,Dark - Unlighted,Reduced Visibility,1,0,['Driver'],['Shoulder_Lapbelt'],0,0,Valid,0.0,0.0,82.0,82.0,['Male'],1,0,2,4,3,Dry,Straight,Level,Lowest,No
13640,17,Illinois,171133,1,1,1,0,2,Other,December,3,Sunday,1,53,Rural,High Speed (Arterial),Yes,42.3939,-88.15568056,Complex/Circle,Dark - Not Lighted,Rain,1:00am-1:59am,53,1:00am-1:59am,58,Unknown,Unknown EMS Hospital Arrival Time,1,Dark - Unlighted,Rain/Wind/Minor,0,2,[],[],0,0,Valid,0.0,1.0,34.0,34.0,['Male'],0,0,3,2,4,Wet/Standing Water,Straight,Level,Lowest,No
13641,17,Illinois,171134,0,2,2,0,3,HARRISBURG,December,7,Thursday,14,4,Urban,High Speed (Arterial),Yes,37.74341389,-88.54028889,Complex/Circle,Daylight,Clear,2:00pm-2:59pm,4,2:00pm-2:59pm,5,Unknown,Unknown EMS Hospital Arrival Time,1,Daylight,Clear,1,2,['Driver'],['None_Used'],0,0,Valid,0.0,0.0,87.0,70.0,"['Male', 'Male']",0,0,3,4,5,Dry,Straight,Level,Lowest,No
13642,17,Illinois,171135,0,2,2,0,3,PINGREE GROVE,December,7,Thursday,19,25,Urban,High Speed (Arterial),Yes,42.08900278,-88.42666944,Non-Intersection,Dark - Not Lighted,Clear,7:00pm-7:59pm,24,7:00pm-7:59pm,24,Unknown,Unknown EMS Hospital Arrival Time,1,Dark - Unlighted,Clear,1,2,['Driver'],['None_Used'],0,0,Valid,0.0,0.0,18.0,16.0,"['Male', 'Female']",1,0,3,4,5,Wet/Standing Water,Curve,Grade/Hillcrest,Lowest,No
13643,17,Illinois,171136,0,2,2,0,2,NOT APPLICABLE,December,22,Friday,17,23,Rural,High Speed (Arterial),Yes,40.29653333,-89.87358056,Non-Intersection,Dark - Not Lighted,Rain,5:00pm-5:59pm,25,5:00pm-5:59pm,32,Unknown,Unknown EMS Hospital Arrival Time,1,Dark - Unlighted,Rain/Wind/Minor,1,1,['Driver'],['Shoulder_Lapbelt'],0,0,Invalid,0.0,0.0,80.0,16.0,"['Male', 'Female']",0,0,2,4,5,Wet/Standing Water,Straight,Level,Lowest,No
13644,17,Illinois,171137,0,1,1,0,1,CHICAGO,December,8,Friday,1,30,Urban,High Speed (Arterial),Yes,41.69836944,-87.65516389,Non-Intersection,Dark - Lighted,Clear,1:00am-1:59am,35,1:00am-1:59am,40,Unknown,Unknown EMS Hospital Arrival Time,1,Dark - Lighted,Clear,1,0,['Driver'],['None_Used'],0,0,Valid,0.0,0.0,34.0,34.0,['Male'],0,0,3,4,3,Dry,Straight,Level,Lowest,No
13645,17,Illinois,171138,1,1,1,0,1,ROCKFORD,December,21,Thursday,17,14,Urban,High Speed (Arterial),Yes,42.23962222,-89.028975,Complex/Circle,Dark - Not Lighted,Clear,5:00pm-5:59pm,14,5:00pm-5:59pm,15,Unknown,Unknown EMS Hospital Arrival Time,1,Dark - Unlighted,Clear,0,1,[],[],0,0,Valid,0.0,0.0,54.0,54.0,['Female'],0,0,3,3,4,Dry,Straight,Level,Lowest,No
13646,17,Illinois,171139,0,2,2,0,4,NOT APPLICABLE,December,8,Friday,8,0,Rural,Medium Speed (Collector),No,40.89326944,-87.57864444,Complex/Circle,Daylight,Clear,8:00am-8:59am,4,8:00am-8:59am,27,Unknown,Unknown EMS Hospital Arrival Time,1,Daylight,Clear,1,3,['Driver'],['Shoulder_Lapbelt'],0,0,Valid,0.0,0.0,60.0,42.0,"['Male', 'Female']",0,0,3,4,5,Dry,Straight,Level,Lowest,No
13647,17,Illinois,171140,0,2,2,0,2,Other,December,20,Wednesday,11,59,Urban,Medium Speed (Collector),No,41.52775278,-88.27395833,Complex/Circle,Daylight,Clear,Unknown,Unknown,Unknown EMS Scene Arrival Hour,Unknown EMS Scene Arrival Minutes,Unknown,Unknown EMS Hospital Arrival Time,1,Daylight,Clear,1,1,['Driver'],['Shoulder_Lapbelt'],0,0,Invalid,0.0,0.0,77.0,20.0,"['Male', 'Male']",0,0,3,4,5,Dry,Straight,Level,Lowest,No
13648,17,Illinois,171141,0,2,2,0,2,DECATUR,December,8,Friday,17,9,Rural,Medium Speed (Collector),No,39.89091389,-88.97166667,Non-Intersection,Dark - Unknown Lighting,Clear,Unknown,Unknown,Unknown EMS Scene Arrival Hour,Unknown EMS Scene Arrival Minutes,Unknown,Unknown EMS Hospital Arrival Time,1,Dark - Unlighted,Clear,1,1,['Driver'],['Shoulder_Lapbelt'],0,0,Valid,0.0,0.0,79.0,66.0,"['Female', 'Female']",0,0,3,4,5,Dry,Straight,Level,Medium,No
13649,17,Illinois,171142,0,2,2,0,4,NOT APPLICABLE,December,9,Saturday,11,59,Rural,Medium Speed (Collector),No,38.21331944,-89.11270833,Non-Intersection,Daylight,Clear,12:00pm-12:59pm,0,12:00pm-12:59pm,29,Unknown,Unknown EMS Hospital Arrival Time,3,Daylight,Clear,3,1,"['Driver', 'Front_Passenger', 'Driver']","['Shoulder_Lapbelt', 'Shoulder_Lapbelt', 'Shoulder_Lapbelt']",1,1,Invalid,0.0,1.0,37.0,20.0,"['Male', 'Male']",2,0,3,4,5,Dry,Straight,Grade/Hillcrest,Lowest,No
13650,17,Illinois,171143,0,2,2,0,2,NOT APPLICABLE,December,9,Saturday,8,16,Rural,Medium Speed (Collector),No,42.16616111,-88.99856111,Complex/Circle,Daylight,Clear,Unknown,Unknown,Unknown EMS Scene Arrival Hour,Unknown EMS Scene Arrival Minutes,Unknown,Unknown EMS Hospital Arrival Time,1,Daylight,Clear,1,1,['Driver'],['Shoulder_Lapbelt'],0,0,Invalid,0.0,0.0,55.0,55.0,"['Female', 'Male']",0,0,3,4,5,Dry,Straight,Grade/Hillcrest,Lowest,No
13651,17,Illinois,171144,0,2,2,0,4,CHICAGO,December,8,Friday,8,50,Urban,Medium Speed (Collector),No,41.95969722,-87.75735556,Complex/Circle,Daylight,Clear,8:00am-8:59am,55,8:00am-8:59am,55,Unknown,Unknown EMS Hospital Arrival Time,1,Daylight,Clear,1,3,['Front_Passenger'],['Shoulder_Lapbelt'],0,0,Valid,0.0,0.0,47.0,27.0,"['Male', 'Male']",0,0,2,4,5,Dry,Straight,Level,Lowest,No
13652,17,Illinois,171145,1,1,1,0,1,JACKSONVILLE,December,18,Monday,17,26,Urban,Medium Speed (Collector),No,39.73248889,-90.23240556,Complex/Circle,Dark - Lighted,Clear,5:00pm-5:59pm,26,Unknown EMS Scene Arrival Hour,Unknown EMS Scene Arrival Minutes,Unknown,Unknown EMS Hospital Arrival Time,1,Dark - Lighted,Clear,0,1,[],[],0,0,Valid,0.0,0.0,21.0,21.0,['Male'],1,0,3,1,4,Dry,Straight,Level,Lowest,No
13653,17,Illinois,171146,1,1,1,0,1,KANKAKEE,December,17,Sunday,17,16,Urban,Medium Speed (Collector),No,41.127975,-87.86896667,Non-Intersection,Dark - Not Lighted,Clear,5:00pm-5:59pm,16,5:00pm-5:59pm,21,Unknown,Unknown EMS Hospital Arrival Time,1,Dark - Unlighted,Clear,0,1,[],[],0,0,Valid,0.0,0.0,20.0,20.0,['Female'],0,0,2,3,4,Wet/Standing Water,Straight,Level,Lowest,No
13654,17,Illinois,171147,0,2,2,0,3,NOT APPLICABLE,December,8,Friday,9,0,Rural,High Speed (Arterial),Yes,38.83012778,-89.54894167,Non-Intersection,Daylight,Clear,9:00am-9:59am,3,9:00am-9:59am,15,Unknown,Unknown EMS Hospital Arrival Time,1,Daylight,Clear,1,2,['Driver'],['Shoulder_Lapbelt'],0,0,Valid,0.0,0.0,64.0,24.0,"['Male', 'Male']",1,0,4,4,5,Dry,Curve,Level,Lowest,No
13655,17,Illinois,171148,0,3,3,0,3,NOT APPLICABLE,December,16,Saturday,8,28,Urban,Medium Speed (Collector),No,41.479575,-87.65955278,Non-Intersection,Dawn,Clear,8:00am-8:59am,28,8:00am-8:59am,28,Unknown,Unknown EMS Hospital Arrival Time,1,Twilight,Clear,1,2,['Driver'],['Shoulder_Lapbelt'],0,0,Valid,0.0,0.0,71.0,44.0,"['Male', 'Male', 'Male']",1,0,3,4,5,Dry,Curve,Level,Lowest,No
13656,17,Illinois,171149,0,2,2,0,3,WEST CHICAGO,September,6,Wednesday,19,15,Urban,High Speed (Arterial),Yes,41.90384167,-88.20398611,Simple Junction,Daylight,Clear,7:00pm-7:59pm,15,7:00pm-7:59pm,18,Unknown,Unknown EMS Hospital Arrival Time,1,Daylight,Clear,1,2,['Driver'],['None_Used'],1,1,Invalid,0.0,0.0,59.0,40.0,"['Male', 'Male']",0,0,5,4,5,Dry,Curve,Grade/Hillcrest,Lowest,No
13657,17,Illinois,171150,0,2,2,0,2,TINLEY PARK,December,9,Saturday,2,31,Urban,High Speed (Arterial),Yes,41.56491389,-87.85155278,Complex/Circle,Dark - Not Lighted,Rain,2:00am-2:59am,31,Unknown EMS Scene Arrival Hour,Unknown EMS Scene Arrival Minutes,Unknown,Unknown EMS Hospital Arrival Time,1,Dark - Unlighted,Rain/Wind/Minor,1,1,['Driver'],['None_Used'],1,1,Valid,0.0,0.0,34.0,29.0,"['Male', 'Male']",0,0,3,4,5,Wet/Standing Water,Straight,Grade/Hillcrest,Lowest,No
13658,17,Illinois,171151,1,1,1,0,1,CHICAGO,December,8,Friday,21,35,Urban,Medium Speed (Collector),No,41.87428333,-87.73200278,Non-Intersection,Dark - Lighted,Clear,9:00am-9:59am,37,Unknown EMS Scene Arrival Hour,Unknown EMS Scene Arrival Minutes,Unknown,Unknown EMS Hospital Arrival Time,1,Dark - Lighted,Clear,0,1,[],[],0,0,Invalid,0.0,0.0,998.0,998.0,['Other'],1,0,3,0,4,Dry,Straight,Level,Lowest,No
13659,17,Illinois,171152,0,3,3,0,3,NOT APPLICABLE,December,9,Saturday,1,49,Urban,High Speed (Arterial),Yes,41.55087222,-87.79370833,Non-Intersection,Dark - Not Lighted,Rain,1:00am-1:59am,49,1:00am-1:59am,56,Unknown,Unknown EMS Hospital Arrival Time,1,Dark - Unlighted,Rain/Wind/Minor,1,2,['Driver'],['Shoulder_Lapbelt'],0,0,Valid,0.0,0.0,89.0,54.0,"['Female', 'Female', 'Male']",0,0,4,4,5,Wet/Standing Water,Straight,Level,Lowest,No
13660,17,Illinois,171153,1,1,1,0,1,PEORIA,October,28,Saturday,0,40,Urban,Low Speed (Local),No,40.71445,-89.59245833,Non-Intersection,Dark - Not Lighted,Clear,Unknown,Unknown,Unknown EMS Scene Arrival Hour,Unknown EMS Scene Arrival Minutes,Not Applicable (Not Transported),Not Applicable (Not Transported),1,Dark - Unlighted,Clear,0,1,[],[],0,0,Invalid,0.0,0.0,52.0,52.0,['Male'],0,0,2,1,4,Dry,Straight,Level,Lowest,No
13661,17,Illinois,171154,0,3,3,0,3,ORLAND HILLS,November,13,Monday,13,5,Urban,Medium Speed (Collector),No,41.58707222,-87.84745556,Complex/Circle,Daylight,Clear,1:00pm-1:59pm,6,1:00pm-1:59pm,10,Unknown,Unknown EMS Hospital Arrival Time,1,Daylight,Clear,1,2,['Driver'],['None_Used'],1,1,Invalid,0.0,0.0,80.0,34.0,"['Male', 'Female', 'Female']",1,0,3,4,5,Dry,Straight,Level,Lowest,No
13662,17,Illinois,171155,0,2,2,0,3,CHICAGO,September,2,Saturday,20,34,Urban,Medium Speed (Collector),No,41.76893333,-87.60986111,Non-Intersection,Dark - Not Lighted,Clear,8:00pm-8:59pm,37,8:00pm-8:59pm,37,Unknown,Unknown EMS Hospital Arrival Time,1,Dark - Unlighted,Clear,1,2,['Driver'],['Shoulder_Lapbelt'],1,1,Valid,1.0,0.0,53.0,23.0,"['Female', 'Female']",2,0,5,4,5,Dry,Straight,Level,Lowest,No
13663,17,Illinois,171156,2,2,2,0,1,NOT APPLICABLE,October,7,Saturday,1,37,Rural,High Speed (Arterial),Yes,40.60970556,-89.212425,Non-Intersection,Dark - Not Lighted,Clear,1:00am-1:59am,41,1:00am-1:59am,48,Unknown,Unknown EMS Hospital Arrival Time,2,Dark - Unlighted,Clear,0,1,[],[],0,0,Valid,0.0,1.0,20.0,20.0,['Male'],1,0,2,4,5,Dry,Straight,Level,Lowest,Yes
13664,17,Illinois,171157,0,3,3,0,9,NOT APPLICABLE,October,8,Sunday,21,35,Rural,High Speed (Arterial),Yes,39.72673611,-91.16500556,Non-Intersection,Dark - Not Lighted,Clear,9:00pm-9:59pm,40,9:00pm-9:59pm,57,Unknown,Unknown EMS Hospital Arrival Time,2,Dark - Unlighted,Clear,2,7,"['Front_Passenger', 'Front_Passenger']","['Shoulder_Lapbelt', 'Shoulder_Lapbelt']",0,0,Valid,0.0,0.0,67.0,49.0,"['Male', 'Male', 'Male']",0,0,3,4,5,Dry,Straight,Level,Lowest,No
13665,17,Illinois,171158,0,4,4,0,11,SOUTH HOLLAND,October,25,Wednesday,20,39,Urban,High Speed (Arterial),Yes,41.60090278,-87.62759444,Non-Intersection,Dark - Lighted,Clear,8:00pm-8:59pm,39,8:00pm-8:59pm,42,Unknown,Unknown EMS Hospital Arrival Time,1,Dark - Lighted,Clear,1,10,['Driver'],['Shoulder_Lapbelt'],0,0,Valid,1.0,0.0,54.0,20.0,"['Male', 'Male', 'Female', 'Female']",1,0,3,4,5,Dry,Straight,Level,Lowest,No