,State_Code,State_Name,Crash_ID,Count_Non_Motorists,Count_Vehicles_Total,Count_Vehicle_Forms,Count_PVH_Involved,Count_Occupants_MV,City_Name,Month_Name,Day_of_Month,Day_of_Week,Crash_Hour,Crash_Minute,Area_Rural_Urban,Road_Functional_Class,On_NHS_Road,Latitude,Longitude,Intersection_Type,Light_Condition,Weather_Condition,Notif_Hour,Notif_Minute,Arrival_Hour,Arrival_Minute,Hospital_Hour,Hospital_Minute,Fatalities_Count,Clean_Light_Condition,Clean_Weather_Condition,Total_Killed,Total_Alive,Fatal_Seats_List,Killed_Restraint_List,Any_Driver_Drinking,Total_Drinking_Drivers,Driver_License_Category,Driver_Max_Prev_Accident_Count,Driver_Max_Prev_Speeding_Count,Max_Driver_Age,Min_Driver_Age,Driver_Sex_List,Total_Exceeding_Limit_Vehicles,Total_Too_Fast_Vehicles,Max_Vehicle_Type_Severity_5,Max_Vehicle_Damage_Rank,Max_Harmful_Event_Severity,Crash_Road_Surface_Condition,Crash_Horizontal_Alignment,Crash_Vertical_Profile,Crash_Impairment_Category,Crash_Vehicle_Defect
13666,17,Illinois,171159,0,1,1,0,1,CHICAGO,November,11,Saturday,19,23,Urban,Low Speed (Local),No,41.78427222,-87.78758333,Non-Intersection,Dark - Lighted,Clear,7:00pm-7:59pm,23,7:00pm-7:59pm,27,Not Applicable (Not Transported),Not Applicable (Not Transported),1,Dark - Lighted,Clear,1,0,['Driver'],['Shoulder_Lapbelt'],0,0,Valid,1.0,0.0,35.0,35.0,['Male'],0,0,2,4,4,Dry,Straight,Level,Lowest,No
13667,17,Illinois,171160,1,1,1,0,1,CHICAGO,November,28,Tuesday,0,16,Urban,High Speed (Arterial),Yes,41.76495,-87.68324722,Non-Intersection,Dark - Lighted,Clear,0:00am-0:59am,17,0:00am-0:59am,19,Unknown,Unknown EMS Hospital Arrival Time,1,Dark - Lighted,Clear,0,1,[],[],1,1,Valid,0.0,0.0,20.0,20.0,['Female'],0,0,2,2,4,Dry,Straight,Level,Lowest,No
13668,17,Illinois,171161,0,3,3,0,3,NOT APPLICABLE,December,15,Friday,1,22,Rural,High Speed (Arterial),Yes,40.416675,-88.12146111,Non-Intersection,Dark - Not Lighted,Clear,1:00am-1:59am,25,1:00am-1:59am,30,Unknown,Unknown EMS Hospital Arrival Time,1,Dark - Unlighted,Clear,1,2,['Driver'],['Shoulder_Lapbelt'],1,1,Valid,1.0,1.0,36.0,27.0,"['Male', 'Male', 'Male']",0,0,4,4,5,Dry,Straight,Level,Lowest,No
13669,17,Illinois,171162,0,2,2,0,2,NOT APPLICABLE,July,8,Saturday,20,3,Urban,High Speed (Arterial),Yes,41.57848889,-87.59634444,Non-Intersection,Daylight,Clear,8:00pm-8:59pm,3,8:00pm-8:59pm,22,Not Applicable (Not Transported),Not Applicable (Not Transported),1,Daylight,Clear,1,1,['Driver'],['None_Used'],0,0,Valid,0.0,0.0,63.0,53.0,"['Male', 'Male']",1,0,4,4,5,Dry,Straight,Level,Lowest,No
13670,17,Illinois,171163,1,2,1,1,2,CHICAGO,July,13,Thursday,12,52,Urban,Medium Speed (Collector),No,41.87028611,-87.72532222,Non-Intersection,Daylight,Clear,12:00pm-12:59pm,54,12:00pm-12:59pm,55,Unknown,Unknown EMS Hospital Arrival Time,1,Daylight,Clear,0,2,[],[],0,0,Invalid,0.0,0.0,999.0,999.0,['Other'],0,0,2,0,4,Dry,Straight,Level,Lowest,No
13671,17,Illinois,171164,0,1,1,0,2,NOT APPLICABLE,July,20,Thursday,8,0,Rural,Low Speed (Local),No,39.52328333,-89.80684722,Non-Intersection,Daylight,Clear,8:00am-8:59am,5,8:00am-8:59am,34,Unknown,Unknown EMS Hospital Arrival Time,1,Daylight,Clear,1,1,['Driver'],['Shoulder_Lapbelt'],0,0,Invalid,0.0,0.0,66.0,66.0,['Male'],0,0,1,4,4,Dry,Straight,Grade/Hillcrest,Lowest,No
13672,17,Illinois,171165,0,2,2,0,2,NOT APPLICABLE,August,2,Wednesday,7,17,Rural,High Speed (Arterial),Yes,39.9642,-88.95626111,Complex/Circle,Daylight,Clear,7:00am-7:59am,17,7:00am-7:59am,23,Not Applicable (Not Transported),Not Applicable (Not Transported),1,Daylight,Clear,1,1,['Driver'],['None_Used'],0,0,Valid,0.0,0.0,44.0,44.0,"['Male', 'Male']",0,0,5,4,5,Dry,Straight,Level,Lowest,No
13673,17,Illinois,171166,0,2,2,0,2,NOT APPLICABLE,August,4,Friday,8,50,Urban,High Speed (Arterial),Yes,41.58758333,-87.68089722,Non-Intersection,Daylight,Clear,8:00am-8:59am,55,9:00am-9:59am,4,Unknown,Unknown EMS Hospital Arrival Time,1,Daylight,Clear,1,1,['Driver'],['Shoulder_Lapbelt'],0,0,Valid,0.0,1.0,59.0,21.0,"['Female', 'Male']",1,0,4,4,5,Dry,Straight,Level,Lowest,No
13674,17,Illinois,171167,0,4,4,0,6,NOT APPLICABLE,August,18,Friday,9,47,Urban,High Speed (Arterial),Yes,41.37716667,-88.78632778,Non-Intersection,Daylight,Clear,9:00am-9:59am,50,9:00am-9:59am,59,Not Applicable (Not Transported),Not Applicable (Not Transported),1,Daylight,Clear,1,5,['Driver'],['Shoulder_Lapbelt'],0,0,Valid,1.0,1.0,55.0,23.0,"['Male', 'Female', 'Male', 'Female']",0,0,4,4,5,Dry,Straight,Level,Lowest,No
13675,17,Illinois,171168,0,2,2,0,3,NOT APPLICABLE,August,19,Saturday,21,15,Rural,High Speed (Arterial),Yes,40.55892222,-88.38503056,Complex/Circle,Dark - Not Lighted,Clear,9:00pm-9:59pm,16,9:00pm-9:59pm,20,Unknown,Unknown EMS Hospital Arrival Time,1,Dark - Unlighted,Clear,1,2,['Front_Passenger'],['None_Used'],0,0,Invalid,0.0,0.0,54.0,38.0,"['Male', 'Female']",0,0,3,4,5,Dry,Straight,Level,Lowest,No
13676,17,Illinois,171169,0,5,5,0,5,NOT APPLICABLE,September,1,Friday,10,56,Rural,High Speed (Arterial),Yes,39.60830833,-88.64338611,Non-Intersection,Daylight,Clear,11:00am-11:59am,2,11:00am-11:59am,9,Unknown,Unknown EMS Hospital Arrival Time,1,Daylight,Clear,1,4,['Driver'],['None_Used'],0,0,Valid,0.0,1.0,63.0,27.0,"['Male', 'Male', 'Male', 'Male', 'Male']",1,0,5,4,5,Dry,Straight,Level,Lowest,No
13677,17,Illinois,171170,1,2,2,0,2,NOT APPLICABLE,September,23,Saturday,19,59,Urban,High Speed (Arterial),Yes,41.120275,-87.74776667,Non-Intersection,Dark - Not Lighted,Clear,7:00pm-7:59pm,59,8:00pm-8:59pm,2,Unknown,Unknown EMS Hospital Arrival Time,1,Dark - Unlighted,Clear,0,2,[],[],0,0,Valid,0.0,0.0,67.0,67.0,['Male'],0,0,3,4,5,Dry,Straight,Level,Lowest,No
13678,17,Illinois,171171,1,2,1,1,1,CHICAGO,November,17,Friday,12,25,Urban,Low Speed (Local),No,41.70504167,-87.65109167,Non-Intersection,Daylight,Clear,Not Applicable (Not Notified),Not Applicable (Not Notified),Not Applicable,Not Applicable,Not Applicable (Not Transported),Not Applicable (Not Transported),1,Daylight,Clear,0,1,[],[],0,0,Valid,0.0,0.0,28.0,28.0,['Female'],0,0,2,1,5,Dry,Straight,Level,Lowest,No
13679,17,Illinois,171172,0,8,2,6,3,CHICAGO,December,7,Thursday,23,39,Urban,Medium Speed (Collector),No,41.764525,-87.69544444,Simple Junction,Dark - Lighted,Clear,11:00pm-11:59pm,40,11:00pm-11:59pm,50,Unknown,Unknown EMS Hospital Arrival Time,1,Dark - Lighted,Clear,1,2,['Front_Passenger'],['Shoulder_Lapbelt'],0,0,Valid,0.0,1.0,22.0,18.0,"['Male', 'Male']",2,0,3,4,5,Dry,Straight,Level,Lowest,No
13680,17,Illinois,171173,0,3,3,0,4,TROY,December,8,Friday,15,44,Urban,High Speed (Arterial),Yes,38.73775278,-89.92841944,Simple Junction,Daylight,Clear,Unknown,Unknown,Unknown EMS Scene Arrival Hour,Unknown EMS Scene Arrival Minutes,Unknown,Unknown EMS Hospital Arrival Time,1,Daylight,Clear,1,3,['Front_Passenger'],['Shoulder_Lapbelt'],0,0,Valid,0.0,0.0,49.0,18.0,"['Male', 'Female', 'Male']",0,0,2,4,5,Dry,Straight,Level,Lowest,No
13681,17,Illinois,171174,1,1,1,0,1,FORD HEIGHTS,November,3,Friday,8,14,Urban,Low Speed (Local),No,41.51026111,-87.58416944,Non-Intersection,Daylight,Reported as Unknown,Unknown,Unknown if Notified,Unknown EMS Scene Arrival Hour,Unknown if Arrived,Unknown,Unknown if Transported,1,Daylight,Clear,0,0,[],[],0,0,Invalid,0.0,0.0,998.0,998.0,['Other'],0,0,1,0,4,Dry,Straight,Level,Lowest,No
13682,18,Indiana,180001,0,1,1,0,1,INDIANAPOLIS,January,3,Tuesday,3,39,Urban,Medium Speed (Collector),No,39.86746667,-86.25989722,Simple Junction,Dark - Lighted,Rain,Unknown,Unknown,Unknown EMS Scene Arrival Hour,Unknown EMS Scene Arrival Minutes,Not Applicable (Not Transported),Not Applicable (Not Transported),1,Dark - Lighted,Rain/Wind/Minor,1,0,['Driver'],['Shoulder_Lapbelt'],0,0,Invalid,0.0,0.0,15.0,15.0,['Male'],1,0,2,4,3,Wet/Standing Water,Straight,Level,Lowest,No
13683,18,Indiana,180003,0,2,1,1,1,FORT WAYNE,January,1,Sunday,3,0,Urban,Low Speed (Local),No,41.09917778,-85.14240556,Non-Intersection,Dark - Lighted,Clear,Unknown,Unknown,Unknown EMS Scene Arrival Hour,Unknown EMS Scene Arrival Minutes,Not Applicable (Not Transported),Not Applicable (Not Transported),1,Dark - Lighted,Clear,1,0,['Driver'],['Shoulder_Lapbelt'],1,1,Valid,0.0,4.0,23.0,23.0,['Male'],1,0,2,4,5,Wet/Standing Water,Curve,Level,Lowest,No
13684,18,Indiana,180004,0,1,1,0,1,FRANKFORT,January,6,Friday,15,0,Urban,Low Speed (Local),No,40.28409722,-86.50241389,Non-Intersection,Daylight,Clear,Unknown,Unknown,Unknown EMS Scene Arrival Hour,Unknown EMS Scene Arrival Minutes,Not Applicable (Not Transported),Not Applicable (Not Transported),1,Daylight,Clear,1,0,['Driver'],['None_Used'],1,1,Valid,0.0,0.0,66.0,66.0,['Male'],0,0,3,4,2,Dry,Straight,Level,Lowest,No
13685,18,Indiana,180005,0,1,1,0,2,NOT APPLICABLE,January,8,Sunday,3,12,Rural,Low Speed (Local),No,41.69958333,-86.60303333,Non-Intersection,Dark - Not Lighted,Clear,Unknown,Unknown,Unknown EMS Scene Arrival Hour,Unknown EMS Scene Arrival Minutes,Unknown,Unknown EMS Hospital Arrival Time,1,Dark - Unlighted,Clear,1,1,['Driver'],['None_Used'],1,1,Invalid,0.0,0.0,30.0,30.0,['Male'],2,0,2,4,3,Dry,Straight,Level,Lowest,No
13686,18,Indiana,180006,0,1,1,0,3,INDIANAPOLIS,January,7,Saturday,21,50,Urban,High Speed (Arterial),No,39.81570833,-86.08355278,Non-Intersection,Dark - Lighted,Clear,Unknown,Unknown,Unknown EMS Scene Arrival Hour,Unknown EMS Scene Arrival Minutes,Unknown,Unknown EMS Hospital Arrival Time,1,Dark - Lighted,Clear,1,2,['Front_Passenger'],['Shoulder_Lapbelt'],0,0,Invalid,0.0,0.0,19.0,19.0,['Male'],3,0,2,4,3,Dry,Straight,Level,Lowest,No
13687,18,Indiana,180007,0,2,2,0,2,INDIANAPOLIS,January,4,Wednesday,12,7,Urban,High Speed (Arterial),No,39.91228611,-86.18415556,Complex/Circle,Daylight,Cloudy,Unknown,Unknown,Unknown EMS Scene Arrival Hour,Unknown EMS Scene Arrival Minutes,Unknown,Unknown EMS Hospital Arrival Time,1,Daylight,Reduced Visibility,1,1,['Driver'],['Shoulder_Lapbelt'],0,0,Valid,0.0,0.0,26.0,23.0,"['Male', 'Male']",2,0,3,4,5,Dry,Straight,Level,Lowest,No
13688,18,Indiana,180008,0,3,1,2,1,CARMEL,January,6,Friday,5,18,Urban,Medium Speed (Collector),No,39.97804444,-86.14636667,Non-Intersection,Dark - Lighted,Clear,Unknown,Unknown,Unknown EMS Scene Arrival Hour,Unknown EMS Scene Arrival Minutes,Unknown,Unknown EMS Hospital Arrival Time,1,Dark - Lighted,Clear,1,0,['Driver'],['None_Used'],0,0,Valid,0.0,0.0,16.0,16.0,['Male'],1,0,3,4,2,Dry,Curve,Level,Lowest,No
13689,18,Indiana,180009,1,1,1,0,2,INDIANAPOLIS,January,3,Tuesday,20,43,Urban,Medium Speed (Collector),No,39.650775,-86.12221111,Non-Intersection,Dark - Lighted,Clear,Unknown,Unknown,Unknown EMS Scene Arrival Hour,Unknown EMS Scene Arrival Minutes,Unknown,Unknown EMS Hospital Arrival Time,1,Dark - Lighted,Clear,0,2,[],[],1,1,Valid,0.0,0.0,38.0,38.0,['Male'],0,0,3,4,4,Dry,Straight,Level,Lowest,No
13690,18,Indiana,180010,1,1,1,0,1,KOKOMO,January,6,Friday,13,32,Urban,Medium Speed (Collector),No,40.49103889,-86.12823611,Non-Intersection,Daylight,Cloudy,Unknown,Unknown,Unknown EMS Scene Arrival Hour,Unknown EMS Scene Arrival Minutes,Unknown,Unknown EMS Hospital Arrival Time,1,Daylight,Reduced Visibility,0,1,[],[],1,1,Valid,0.0,0.0,62.0,62.0,['Male'],0,0,3,4,4,Dry,Straight,Level,Lowest,No
13691,18,Indiana,180011,0,2,2,0,2,NOT APPLICABLE,January,9,Monday,21,20,Rural,High Speed (Arterial),Yes,39.41155,-85.99638056,Non-Intersection,Dark - Not Lighted,Clear,Unknown,Unknown,Unknown EMS Scene Arrival Hour,Unknown EMS Scene Arrival Minutes,Not Applicable (Not Transported),Not Applicable (Not Transported),2,Dark - Unlighted,Clear,2,0,"['Driver', 'Driver']","['Shoulder_Lapbelt', 'Shoulder_Lapbelt']",1,1,Valid,0.0,0.0,42.0,30.0,"['Female', 'Male']",0,0,3,4,5,Dry,Straight,Grade/Hillcrest,Lowest,No
13692,18,Indiana,180012,1,1,1,0,1,ELKHART,January,11,Wednesday,18,47,Urban,Medium Speed (Collector),No,41.72286944,-85.966325,Non-Intersection,Dark - Not Lighted,Cloudy,Unknown,Unknown,Unknown EMS Scene Arrival Hour,Unknown EMS Scene Arrival Minutes,Unknown,Unknown EMS Hospital Arrival Time,1,Dark - Unlighted,Reduced Visibility,0,1,[],[],0,0,Valid,0.0,0.0,79.0,79.0,['Female'],0,0,2,1,4,Dry,Straight,Level,Lowest,No
13693,18,Indiana,180013,1,2,2,0,1,NOT APPLICABLE,January,4,Wednesday,9,45,Rural,High Speed (Arterial),Yes,41.14963333,-87.26614444,Non-Intersection,Daylight,Cloudy,Unknown,Unknown,Unknown EMS Scene Arrival Hour,Unknown EMS Scene Arrival Minutes,Not Applicable (Not Transported),Not Applicable (Not Transported),1,Daylight,Reduced Visibility,0,1,[],[],0,0,Valid,2.0,1.0,42.0,42.0,['Male'],0,0,3,4,5,Dry,Curve,Level,Lowest,No
13694,18,Indiana,180014,1,2,2,0,2,INDIANAPOLIS,January,1,Sunday,3,38,Urban,High Speed (Arterial),Yes,39.84011111,-86.27584167,Non-Intersection,Dark - Lighted,"Fog, Smog, Smoke",Unknown,Unknown,Unknown EMS Scene Arrival Hour,Unknown EMS Scene Arrival Minutes,Unknown,Unknown EMS Hospital Arrival Time,1,Dark - Lighted,Reduced Visibility,0,2,[],[],0,0,Valid,0.0,1.0,20.0,20.0,['Female'],2,0,3,4,5,Dry,Straight,Level,Lowest,No
13695,18,Indiana,180015,0,2,2,0,2,NOT APPLICABLE,January,11,Wednesday,14,38,Rural,Medium Speed (Collector),No,40.16776389,-87.07323056,Non-Intersection,Daylight,Clear,Unknown,Unknown,Unknown EMS Scene Arrival Hour,Unknown EMS Scene Arrival Minutes,Not Applicable (Not Transported),Not Applicable (Not Transported),1,Daylight,Clear,1,1,['Driver'],['None_Used'],0,0,Invalid,0.0,0.0,44.0,40.0,"['Male', 'Male']",0,0,4,4,5,Dry,Straight,Level,Lowest,No
13696,18,Indiana,180016,0,1,1,0,2,NOT APPLICABLE,January,15,Sunday,15,46,Rural,Low Speed (Local),No,40.04874722,-84.88083056,Non-Intersection,Daylight,Clear,Unknown,Unknown,Unknown EMS Scene Arrival Hour,Unknown EMS Scene Arrival Minutes,Unknown,Unknown EMS Hospital Arrival Time,1,Daylight,Clear,1,1,['Driver'],['None_Used'],0,0,Invalid,0.0,0.0,16.0,16.0,['Female'],0,0,3,4,3,Dry,Straight,Grade/Hillcrest,Lowest,No
13697,18,Indiana,180017,0,2,2,0,2,NOT APPLICABLE,January,13,Friday,16,43,Rural,Medium Speed (Collector),No,37.92616111,-86.73115278,Non-Intersection,Daylight,Cloudy,Unknown,Unknown,Unknown EMS Scene Arrival Hour,Unknown EMS Scene Arrival Minutes,Unknown,Unknown EMS Hospital Arrival Time,1,Daylight,Reduced Visibility,1,1,['Driver'],['Shoulder_Lapbelt'],1,1,Valid,0.0,1.0,53.0,24.0,"['Female', 'Female']",0,0,3,4,5,Dry,Straight,Grade/Hillcrest,Lowest,No
13698,18,Indiana,180018,0,1,1,0,1,NOT APPLICABLE,January,13,Friday,10,24,Rural,Low Speed (Local),No,41.70188056,-86.037575,Non-Intersection,Daylight,Cloudy,Unknown,Unknown,Unknown EMS Scene Arrival Hour,Unknown EMS Scene Arrival Minutes,Not Applicable (Not Transported),Not Applicable (Not Transported),1,Daylight,Reduced Visibility,1,0,['Driver'],['None_Used'],0,0,Valid,0.0,0.0,34.0,34.0,['Male'],0,0,3,4,3,Dry,Straight,Level,Medium,No
13699,18,Indiana,180019,0,1,1,0,1,NOT APPLICABLE,January,1,Sunday,6,18,Rural,High Speed (Arterial),Yes,39.57041667,-86.63189722,Non-Intersection,Dark - Not Lighted,Clear,Unknown,Unknown,Unknown EMS Scene Arrival Hour,Unknown EMS Scene Arrival Minutes,Not Applicable (Not Transported),Not Applicable (Not Transported),1,Dark - Unlighted,Clear,1,0,['Driver'],['Shoulder_Lapbelt'],0,0,Valid,0.0,0.0,40.0,40.0,['Male'],1,0,3,4,1,Wet/Standing Water,Straight,Level,Lowest,No
13700,18,Indiana,180020,1,1,1,0,1,LAWRENCE,January,15,Sunday,20,55,Urban,High Speed (Arterial),No,39.85494167,-86.046175,Non-Intersection,Dark - Not Lighted,Clear,Unknown,Unknown,Unknown EMS Scene Arrival Hour,Unknown EMS Scene Arrival Minutes,Not Applicable (Not Transported),Not Applicable (Not Transported),1,Dark - Unlighted,Clear,0,1,[],[],0,0,Valid,0.0,0.0,18.0,18.0,['Male'],0,0,2,1,4,Dry,Straight,Grade/Hillcrest,Lowest,No
13701,18,Indiana,180021,0,2,2,0,3,FISHERS,January,17,Tuesday,19,26,Urban,High Speed (Arterial),No,39.95775833,-85.91868056,Complex/Circle,Dark - Lighted,Clear,Unknown,Unknown,Unknown EMS Scene Arrival Hour,Unknown EMS Scene Arrival Minutes,Unknown,Unknown EMS Hospital Arrival Time,1,Dark - Lighted,Clear,1,2,['Front_Passenger'],['None_Used'],0,0,Valid,0.0,0.0,34.0,30.0,"['Male', 'Female']",0,0,3,4,5,Dry,Straight,Level,Lowest,No
13702,18,Indiana,180022,0,2,2,0,3,NOT APPLICABLE,January,7,Saturday,5,23,Rural,High Speed (Arterial),Yes,41.21092222,-85.74251667,Non-Intersection,Dark - Not Lighted,Clear,Unknown,Unknown,Unknown EMS Scene Arrival Hour,Unknown EMS Scene Arrival Minutes,Unknown,Unknown EMS Hospital Arrival Time,1,Dark - Unlighted,Clear,1,2,['Front_Passenger'],['Shoulder_Lapbelt'],0,0,Valid,0.0,1.0,49.0,41.0,"['Male', 'Male']",2,0,4,4,5,Dry,Straight,Grade/Hillcrest,Lowest,No
13703,18,Indiana,180023,0,1,1,0,1,INDIANAPOLIS,January,16,Monday,22,22,Urban,Low Speed (Local),No,39.83478056,-86.19741667,Non-Intersection,Dark - Not Lighted,Rain,Unknown,Unknown if Notified,Unknown EMS Scene Arrival Hour,Unknown if Arrived,Not Applicable (Not Transported),Not Applicable (Not Transported),1,Dark - Unlighted,Rain/Wind/Minor,1,0,['Driver'],['None_Used'],1,1,Valid,0.0,0.0,38.0,38.0,['Female'],1,0,2,4,3,Wet/Standing Water,Straight,Level,Lowest,No
13704,18,Indiana,180024,1,1,1,0,1,EVANSVILLE,January,17,Tuesday,8,51,Urban,Low Speed (Local),No,37.98848611,-87.57091389,Complex/Circle,Daylight,Clear,Unknown,Unknown if Notified,Unknown EMS Scene Arrival Hour,Unknown if Arrived,Not Applicable (Not Transported),Not Applicable (Not Transported),1,Daylight,Clear,0,1,[],[],0,0,Valid,0.0,0.0,58.0,58.0,['Female'],0,0,4,1,4,Wet/Standing Water,Straight,Level,Lowest,No
13705,18,Indiana,180025,0,1,1,0,1,NOT APPLICABLE,January,17,Tuesday,22,0,Rural,High Speed (Arterial),Yes,39.77525833,-85.44717222,Non-Intersection,Dark - Not Lighted,Clear,Unknown,Unknown,Unknown EMS Scene Arrival Hour,Unknown EMS Scene Arrival Minutes,Not Applicable (Not Transported),Not Applicable (Not Transported),1,Dark - Unlighted,Clear,1,0,['Driver'],['Shoulder_Lapbelt'],0,0,Valid,0.0,0.0,19.0,19.0,['Male'],0,0,3,4,3,Dry,Curve,Level,Lowest,No
13706,18,Indiana,180026,0,1,1,0,1,NOT APPLICABLE,January,14,Saturday,4,0,Rural,Medium Speed (Collector),No,40.44594722,-86.73311944,Non-Intersection,Dark - Not Lighted,Clear,Unknown,Unknown,Unknown EMS Scene Arrival Hour,Unknown EMS Scene Arrival Minutes,Not Applicable (Not Transported),Not Applicable (Not Transported),1,Dark - Unlighted,Clear,1,0,['Driver'],['None_Used'],1,1,Valid,0.0,2.0,43.0,43.0,['Male'],1,0,2,4,1,Wet/Standing Water,Straight,Grade/Hillcrest,Lowest,No
13707,18,Indiana,180027,0,2,2,0,2,NOT APPLICABLE,January,18,Wednesday,9,30,Rural,High Speed (Arterial),No,40.50561667,-85.67187222,Non-Intersection,Daylight,Clear,Unknown,Unknown,Unknown EMS Scene Arrival Hour,Unknown EMS Scene Arrival Minutes,Unknown,Unknown EMS Hospital Arrival Time,1,Daylight,Clear,1,1,['Driver'],['Lapbelt_Only'],0,0,Valid,0.0,3.0,51.0,36.0,"['Female', 'Female']",0,0,3,4,5,Dry,Straight,Level,Lowest,No
13708,18,Indiana,180028,0,1,1,0,1,ZIONSVILLE,January,22,Sunday,3,25,Rural,High Speed (Arterial),Yes,39.93151111,-86.33629722,Non-Intersection,Dark - Not Lighted,Clear,Unknown,Unknown,Unknown EMS Scene Arrival Hour,Unknown EMS Scene Arrival Minutes,Not Applicable (Not Transported),Not Applicable (Not Transported),1,Dark - Unlighted,Clear,1,0,['Driver'],['Shoulder_Lapbelt'],1,1,Valid,0.0,3.0,22.0,22.0,['Male'],0,0,3,4,3,Dry,Curve,Grade/Hillcrest,Lowest,No
13709,18,Indiana,180029,0,1,1,0,1,INDIANAPOLIS,January,12,Thursday,12,58,Urban,Medium Speed (Collector),No,39.89798333,-86.08240556,Non-Intersection,Daylight,Clear,Unknown,Unknown,Unknown EMS Scene Arrival Hour,Unknown EMS Scene Arrival Minutes,Unknown,Unknown EMS Hospital Arrival Time,1,Daylight,Clear,1,0,['Driver'],['Lapbelt_Only'],0,0,Valid,0.0,0.0,59.0,59.0,['Male'],0,0,2,4,3,Dry,Straight,Level,Medium,No
13710,18,Indiana,180030,0,2,2,0,4,NOT APPLICABLE,January,10,Tuesday,8,5,Rural,Medium Speed (Collector),No,40.90952222,-86.15400278,Complex/Circle,Dawn,Rain,Unknown,Unknown,Unknown EMS Scene Arrival Hour,Unknown EMS Scene Arrival Minutes,Unknown,Unknown EMS Hospital Arrival Time,1,Twilight,Rain/Wind/Minor,1,3,['Rear_Seat'],['Child_Safety'],0,0,Valid,0.0,4.0,38.0,31.0,"['Female', 'Male']",0,0,3,4,5,Wet/Standing Water,Straight,Grade/Hillcrest,Lowest,No
13711,18,Indiana,180031,0,2,2,0,3,NOT APPLICABLE,January,15,Sunday,21,29,Rural,Medium Speed (Collector),No,41.10375556,-85.26651944,Non-Intersection,Dark - Not Lighted,Clear,Unknown,Unknown,Unknown EMS Scene Arrival Hour,Unknown EMS Scene Arrival Minutes,Unknown,Unknown EMS Hospital Arrival Time,2,Dark - Unlighted,Clear,2,1,"['Driver', 'Front_Passenger']","['Shoulder_Lapbelt', 'Shoulder_Lapbelt']",1,1,Invalid,0.0,0.0,40.0,33.0,"['Male', 'Female']",1,0,2,4,5,Dry,Straight,Grade/Hillcrest,Lowest,No
13712,18,Indiana,180032,0,2,2,0,3,INDIANAPOLIS,January,22,Sunday,21,40,Urban,High Speed (Arterial),No,39.66430278,-86.15843889,Complex/Circle,Dark - Lighted,Cloudy,Unknown,Unknown,Unknown EMS Scene Arrival Hour,Unknown EMS Scene Arrival Minutes,Unknown,Unknown EMS Hospital Arrival Time,2,Dark - Lighted,Reduced Visibility,2,1,"['Driver', 'Front_Passenger']","['None_Used', 'Shoulder_Lapbelt']",1,1,Valid,0.0,0.0,68.0,46.0,"['Male', 'Male']",1,0,2,4,5,Wet/Standing Water,Straight,Level,Lowest,No
13713,18,Indiana,180033,0,1,1,0,1,MISHAWAKA,January,22,Sunday,18,4,Urban,Medium Speed (Collector),No,41.70965833,-86.15378889,Non-Intersection,Daylight,Clear,Unknown,Unknown,Unknown EMS Scene Arrival Hour,Unknown EMS Scene Arrival Minutes,Unknown,Unknown EMS Hospital Arrival Time,1,Daylight,Clear,1,0,['Driver'],['None_Used'],0,0,Valid,0.0,0.0,43.0,43.0,['Male'],0,0,3,1,3,Wet/Standing Water,Straight,Level,Lowest,No
13714,18,Indiana,180034,0,2,2,0,2,NOT APPLICABLE,January,11,Wednesday,14,59,Rural,High Speed (Arterial),Yes,38.96971667,-86.54865833,Complex/Circle,Daylight,Rain,Unknown,Unknown,Unknown EMS Scene Arrival Hour,Unknown EMS Scene Arrival Minutes,Unknown,Unknown EMS Hospital Arrival Time,1,Daylight,Rain/Wind/Minor,1,0,['Driver'],['Shoulder_Lapbelt'],0,0,Valid,0.0,0.0,64.0,52.0,"['Male', 'Female']",0,0,4,4,5,Wet/Standing Water,Straight,Level,Lowest,No
13715,18,Indiana,180035,0,2,2,0,4,NOT APPLICABLE,January,18,Wednesday,4,29,Rural,Medium Speed (Collector),No,41.58141389,-85.69441667,Complex/Circle,Dark - Not Lighted,Clear,Unknown,Unknown,Unknown EMS Scene Arrival Hour,Unknown EMS Scene Arrival Minutes,Unknown,Unknown EMS Hospital Arrival Time,1,Dark - Unlighted,Clear,1,3,['Driver'],['Shoulder_Lapbelt'],0,0,Valid,1.0,0.0,59.0,32.0,"['Male', 'Male']",0,0,3,4,5,Dry,Straight,Level,Lowest,No
13716,18,Indiana,180036,0,1,1,0,1,NOT APPLICABLE,January,13,Friday,16,6,Rural,Low Speed (Local),No,40.50598889,-86.08315556,Simple Junction,Daylight,Clear,Unknown,Unknown if Notified,Unknown EMS Scene Arrival Hour,Unknown if Arrived,Not Applicable (Not Transported),Not Applicable (Not Transported),1,Daylight,Clear,1,0,['Driver'],['Shoulder_Lapbelt'],0,0,Valid,0.0,1.0,39.0,39.0,['Female'],0,0,3,4,3,Dry,Straight,Level,Lowest,No
13717,18,Indiana,180037,1,2,2,0,2,INDIANAPOLIS,January,23,Monday,18,45,Urban,High Speed (Arterial),No,39.66020278,-86.19622222,Non-Intersection,Dark - Not Lighted,Cloudy,Unknown,Unknown,Unknown EMS Scene Arrival Hour,Unknown EMS Scene Arrival Minutes,Not Applicable (Not Transported),Not Applicable (Not Transported),1,Dark - Unlighted,Reduced Visibility,0,2,[],[],0,0,Valid,2.0,1.0,52.0,23.0,"['Female', 'Male']",0,0,3,4,4,Dry,Curve,Level,Lowest,No