,State_Code,State_Name,Crash_ID,Count_Non_Motorists,Count_Vehicles_Total,Count_Vehicle_Forms,Count_PVH_Involved,Count_Occupants_MV,City_Name,Month_Name,Day_of_Month,Day_of_Week,Crash_Hour,Crash_Minute,Area_Rural_Urban,Road_Functional_Class,On_NHS_Road,Latitude,Longitude,Intersection_Type,Light_Condition,Weather_Condition,Notif_Hour,Notif_Minute,Arrival_Hour,Arrival_Minute,Hospital_Hour,Hospital_Minute,Fatalities_Count,Clean_Light_Condition,Clean_Weather_Condition,Total_Killed,Total_Alive,Fatal_Seats_List,Killed_Restraint_List,Any_Driver_Drinking,Total_Drinking_Drivers,Driver_License_Category,Driver_Max_Prev_Accident_Count,Driver_Max_Prev_Speeding_Count,Max_Driver_Age,Min_Driver_Age,Driver_Sex_List,Total_Exceeding_Limit_Vehicles,Total_Too_Fast_Vehicles,Max_Vehicle_Type_Severity_5,Max_Vehicle_Damage_Rank,Max_Harmful_Event_Severity,Crash_Road_Surface_Condition,Crash_Horizontal_Alignment,Crash_Vertical_Profile,Crash_Impairment_Category,Crash_Vehicle_Defect
13718,18,Indiana,180038,0,1,1,0,1,NOT APPLICABLE,January,20,Friday,8,17,Rural,Medium Speed (Collector),No,41.28577222,-85.71916389,Non-Intersection,Dawn,Cloudy,Unknown,Unknown,Unknown EMS Scene Arrival Hour,Unknown EMS Scene Arrival Minutes,Not Applicable (Not Transported),Not Applicable (Not Transported),1,Twilight,Reduced Visibility,1,0,['Driver'],['Shoulder_Lapbelt'],0,0,Valid,1.0,0.0,36.0,36.0,['Female'],1,0,2,4,3,Dry,Straight,Level,Lowest,No
13719,18,Indiana,180039,1,1,1,0,1,GARY,January,17,Tuesday,18,19,Urban,High Speed (Arterial),No,41.60383611,-87.37320556,Complex/Circle,Dark - Lighted,Cloudy,Unknown,Unknown if Notified,Unknown EMS Scene Arrival Hour,Unknown if Arrived,Not Applicable (Not Transported),Not Applicable (Not Transported),1,Dark - Lighted,Reduced Visibility,0,1,[],[],0,0,Valid,0.0,0.0,21.0,21.0,['Male'],1,0,2,4,4,Dry,Straight,Grade/Hillcrest,Lowest,No
13720,18,Indiana,180040,0,1,1,0,1,NOT APPLICABLE,January,26,Thursday,1,40,Rural,Medium Speed (Collector),No,40.02423611,-86.83546389,Non-Intersection,Dark - Lighted,Snow,Unknown,Unknown,Unknown EMS Scene Arrival Hour,Unknown EMS Scene Arrival Minutes,Unknown,Unknown EMS Hospital Arrival Time,1,Dark - Lighted,Snow/Ice/Severe,1,0,['Driver'],['Shoulder_Lapbelt'],0,0,Valid,0.0,0.0,24.0,24.0,['Male'],0,0,2,4,3,Wet/Standing Water,Curve,Level,Lowest,No
13721,18,Indiana,180041,0,2,2,0,2,NOT APPLICABLE,January,26,Thursday,8,35,Rural,High Speed (Arterial),Yes,40.48138889,-85.57996389,Non-Intersection,Daylight,Snow,Unknown,Unknown,Unknown EMS Scene Arrival Hour,Unknown EMS Scene Arrival Minutes,Not Applicable (Not Transported),Not Applicable (Not Transported),1,Daylight,Snow/Ice/Severe,1,1,['Driver'],['Shoulder_Lapbelt'],0,0,Valid,0.0,1.0,41.0,39.0,"['Male', 'Male']",0,0,4,4,5,Icy/Snowy,Curve,Level,Lowest,No
13722,18,Indiana,180042,0,1,1,0,2,INDIANAPOLIS,January,3,Tuesday,22,20,Urban,Medium Speed (Collector),No,39.819325,-86.16394722,Non-Intersection,Dark - Not Lighted,Cloudy,Unknown,Unknown,Unknown EMS Scene Arrival Hour,Unknown EMS Scene Arrival Minutes,Unknown,Unknown EMS Hospital Arrival Time,1,Dark - Unlighted,Reduced Visibility,1,1,['Front_Passenger'],['None_Used'],0,0,Invalid,0.0,0.0,999.0,999.0,['Other'],0,0,1,0,1,Dry,Straight,Level,Lowest,No
13723,18,Indiana,180043,0,2,2,0,6,NOT APPLICABLE,January,26,Thursday,20,13,Rural,Medium Speed (Collector),No,41.21900556,-85.88566389,Complex/Circle,Dark - Not Lighted,Snow,8:00pm-8:59pm,14,8:00pm-8:59pm,21,Unknown,Unknown EMS Hospital Arrival Time,1,Dark - Unlighted,Snow/Ice/Severe,1,5,['Driver'],['Shoulder_Lapbelt'],0,0,Valid,0.0,0.0,49.0,37.0,"['Male', 'Male']",0,0,3,4,5,Icy/Snowy,Straight,Level,Lowest,No
13724,18,Indiana,180044,0,2,2,0,4,NOT APPLICABLE,January,17,Tuesday,15,22,Rural,Medium Speed (Collector),No,40.09858333,-85.31544722,Complex/Circle,Daylight,Cloudy,Unknown,Unknown,Unknown EMS Scene Arrival Hour,Unknown EMS Scene Arrival Minutes,Unknown,Unknown EMS Hospital Arrival Time,1,Daylight,Reduced Visibility,1,3,['Driver'],['Shoulder_Lapbelt'],0,0,Valid,0.0,0.0,55.0,16.0,"['Female', 'Male']",0,0,3,4,5,Dry,Straight,Level,Lowest,No
13725,18,Indiana,180045,0,1,1,0,4,NOT APPLICABLE,January,27,Friday,1,2,Rural,Medium Speed (Collector),No,40.17113611,-85.44523056,Non-Intersection,Dark - Not Lighted,Snow,Unknown,Unknown,Unknown EMS Scene Arrival Hour,Unknown EMS Scene Arrival Minutes,Unknown,Unknown EMS Hospital Arrival Time,1,Dark - Unlighted,Snow/Ice/Severe,1,3,['Rear_Seat'],['None_Used'],1,1,Valid,0.0,2.0,20.0,20.0,['Male'],4,0,2,4,3,Icy/Snowy,Straight,Level,Lowest,No
13726,18,Indiana,180046,1,1,1,0,1,INDIANAPOLIS,January,16,Monday,18,20,Urban,High Speed (Arterial),No,39.78791111,-86.20928056,Non-Intersection,Dark - Lighted,Rain,Unknown,Unknown,Unknown EMS Scene Arrival Hour,Unknown EMS Scene Arrival Minutes,Unknown,Unknown EMS Hospital Arrival Time,1,Dark - Lighted,Rain/Wind/Minor,0,1,[],[],0,0,Valid,0.0,1.0,44.0,44.0,['Male'],0,0,2,4,4,Wet/Standing Water,Straight,Level,Lowest,No
13727,18,Indiana,180047,0,1,1,0,1,NOT APPLICABLE,January,28,Saturday,22,55,Rural,Low Speed (Local),No,39.85711667,-85.79138611,Non-Intersection,Dark - Not Lighted,Rain,Unknown,Unknown if Notified,Unknown EMS Scene Arrival Hour,Unknown if Arrived,Not Applicable (Not Transported),Not Applicable (Not Transported),1,Dark - Unlighted,Rain/Wind/Minor,1,0,['Driver'],['Shoulder_Lapbelt'],0,0,Valid,1.0,0.0,17.0,17.0,['Male'],1,0,2,4,3,Wet/Standing Water,Straight,Level,Lowest,No
13728,18,Indiana,180048,0,2,2,0,3,MUNCIE,January,30,Monday,13,43,Urban,Medium Speed (Collector),No,40.20019722,-85.41918056,Complex/Circle,Daylight,Cloudy,Unknown,Unknown,Unknown EMS Scene Arrival Hour,Unknown EMS Scene Arrival Minutes,Unknown,Unknown EMS Hospital Arrival Time,1,Daylight,Reduced Visibility,1,1,['Front_Passenger'],['Shoulder_Lapbelt'],0,0,Valid,1.0,0.0,80.0,51.0,"['Male', 'Male']",0,0,3,4,5,Wet/Standing Water,Straight,Level,Lowest,No
13729,18,Indiana,180049,0,1,1,0,3,NOT APPLICABLE,January,29,Sunday,11,23,Rural,Medium Speed (Collector),No,39.31770556,-86.86913333,Non-Intersection,Daylight,Rain,Unknown,Unknown,Unknown EMS Scene Arrival Hour,Unknown EMS Scene Arrival Minutes,Unknown,Unknown EMS Hospital Arrival Time,1,Daylight,Rain/Wind/Minor,1,1,['Driver'],['Shoulder_Lapbelt'],0,0,Invalid,0.0,0.0,43.0,43.0,['Male'],0,0,3,4,3,Wet/Standing Water,Straight,Level,Medium,No
13730,18,Indiana,180050,1,1,1,0,1,INDIANAPOLIS,January,27,Friday,6,38,Urban,Medium Speed (Collector),No,39.89066111,-86.05717222,Non-Intersection,Dark - Not Lighted,Clear,Unknown,Unknown,Unknown EMS Scene Arrival Hour,Unknown EMS Scene Arrival Minutes,Unknown,Unknown EMS Hospital Arrival Time,1,Dark - Unlighted,Clear,0,1,[],[],0,0,Valid,0.0,1.0,64.0,64.0,['Female'],0,0,3,1,4,Dry,Straight,Level,Lowest,No
13731,18,Indiana,180051,0,2,2,0,3,NOT APPLICABLE,February,2,Thursday,13,32,Rural,High Speed (Arterial),Yes,39.41421667,-87.41523056,Complex/Circle,Daylight,Clear,Unknown,Unknown,Unknown EMS Scene Arrival Hour,Unknown EMS Scene Arrival Minutes,Unknown,Unknown EMS Hospital Arrival Time,2,Daylight,Clear,2,1,"['Driver', 'Front_Passenger']","['Shoulder_Lapbelt', 'Shoulder_Lapbelt']",0,0,Valid,0.0,0.0,83.0,61.0,"['Female', 'Male']",0,0,4,4,5,Dry,Straight,Level,Lowest,No
13732,18,Indiana,180052,0,2,1,1,1,NOT APPLICABLE,February,3,Friday,9,12,Rural,High Speed (Arterial),Yes,39.84276389,-85.54848889,Non-Intersection,Daylight,Clear,Unknown,Unknown,Unknown EMS Scene Arrival Hour,Unknown EMS Scene Arrival Minutes,Not Applicable (Not Transported),Not Applicable (Not Transported),1,Daylight,Clear,1,0,['Driver'],['None_Used'],0,0,Valid,0.0,0.0,85.0,85.0,['Male'],0,0,2,4,5,Dry,Straight,Level,Medium,No
13733,18,Indiana,180053,0,1,1,0,1,NOT APPLICABLE,February,4,Saturday,9,5,Rural,High Speed (Arterial),Yes,38.34483333,-85.78285833,Non-Intersection,Daylight,Clear,Unknown,Unknown,Unknown EMS Scene Arrival Hour,Unknown EMS Scene Arrival Minutes,Not Applicable (Not Transported),Not Applicable (Not Transported),1,Daylight,Clear,1,0,['Driver'],['None_Used'],0,0,Invalid,0.0,0.0,28.0,28.0,['Male'],0,0,2,4,3,Dry,Straight,Level,Lowest,No
13734,18,Indiana,180054,0,1,1,0,1,INDIANAPOLIS,January,31,Tuesday,9,46,Urban,Medium Speed (Collector),No,39.6947,-86.07414722,Non-Intersection,Daylight,Clear,Unknown,Unknown,Unknown EMS Scene Arrival Hour,Unknown EMS Scene Arrival Minutes,Unknown,Unknown EMS Hospital Arrival Time,1,Daylight,Clear,1,0,['Driver'],['Shoulder_Lapbelt'],0,0,Valid,0.0,0.0,95.0,95.0,['Male'],0,0,2,4,3,Dry,Straight,Level,Medium,No
13735,18,Indiana,180055,1,1,1,0,1,INDIANAPOLIS,February,3,Friday,18,36,Urban,High Speed (Arterial),No,39.780575,-86.21472222,Non-Intersection,Dark - Not Lighted,Clear,Unknown,Unknown,Unknown EMS Scene Arrival Hour,Unknown EMS Scene Arrival Minutes,Unknown,Unknown EMS Hospital Arrival Time,1,Dark - Unlighted,Clear,0,1,[],[],0,0,Valid,0.0,0.0,28.0,28.0,['Female'],0,0,2,4,4,Dry,Straight,Level,Lowest,No
13736,18,Indiana,180056,0,2,2,0,4,NOT APPLICABLE,February,6,Monday,9,48,Rural,Low Speed (Local),No,41.63874167,-85.73455278,Complex/Circle,Daylight,Clear,Unknown,Unknown,Unknown EMS Scene Arrival Hour,Unknown EMS Scene Arrival Minutes,Unknown,Unknown EMS Hospital Arrival Time,1,Daylight,Clear,1,3,['Driver'],['Lapbelt_Only'],0,0,Valid,0.0,0.0,31.0,18.0,"['Female', 'Female']",0,0,3,4,5,Dry,Straight,Level,Lowest,No
13737,18,Indiana,180057,0,1,1,0,1,NOT APPLICABLE,February,5,Sunday,2,52,Rural,Low Speed (Local),No,39.64657778,-86.32646389,Non-Intersection,Dark - Not Lighted,Clear,Unknown,Unknown,Unknown EMS Scene Arrival Hour,Unknown EMS Scene Arrival Minutes,Not Applicable (Not Transported),Not Applicable (Not Transported),1,Dark - Unlighted,Clear,1,0,['Driver'],['None_Used'],1,1,Valid,0.0,0.0,27.0,27.0,['Male'],0,0,3,4,3,Dry,Straight,Level,Lowest,No
13738,18,Indiana,180058,0,2,2,0,2,NOT APPLICABLE,February,6,Monday,15,2,Rural,Medium Speed (Collector),No,40.34582778,-86.18383889,Complex/Circle,Daylight,Clear,Unknown,Unknown,Unknown EMS Scene Arrival Hour,Unknown EMS Scene Arrival Minutes,Unknown,Unknown EMS Hospital Arrival Time,1,Daylight,Clear,1,1,['Driver'],['None_Used'],0,0,Valid,0.0,0.0,43.0,39.0,"['Male', 'Female']",0,0,3,4,5,Dry,Straight,Level,Lowest,No
13739,18,Indiana,180059,0,2,2,0,2,NOT APPLICABLE,February,5,Sunday,22,0,Rural,Medium Speed (Collector),No,37.98336667,-87.67876389,Non-Intersection,Dark - Not Lighted,Clear,Unknown,Unknown,Unknown EMS Scene Arrival Hour,Unknown EMS Scene Arrival Minutes,Unknown,Unknown EMS Hospital Arrival Time,1,Dark - Unlighted,Clear,1,1,['Driver'],['None_Used'],0,0,Valid,0.0,0.0,35.0,17.0,"['Female', 'Male']",0,0,5,4,5,Dry,Straight,Level,Lowest,Yes
13740,18,Indiana,180060,1,3,3,0,2,NOT APPLICABLE,February,6,Monday,11,44,Urban,High Speed (Arterial),Yes,38.86788889,-86.52021667,Non-Intersection,Daylight,Clear,Unknown,Unknown,Unknown EMS Scene Arrival Hour,Unknown EMS Scene Arrival Minutes,Not Applicable (Not Transported),Not Applicable (Not Transported),1,Daylight,Clear,0,2,[],[],0,0,Valid,0.0,0.0,61.0,49.0,"['Female', 'Female']",0,0,3,4,5,Dry,Straight,Level,Lowest,No
13741,18,Indiana,180061,0,1,1,0,2,MERRILLVILLE,February,7,Tuesday,0,43,Urban,Medium Speed (Collector),No,41.47027222,-87.32803611,Non-Intersection,Dark - Lighted,Clear,Unknown,Unknown,Unknown EMS Scene Arrival Hour,Unknown EMS Scene Arrival Minutes,Unknown,Unknown EMS Hospital Arrival Time,1,Dark - Lighted,Clear,1,1,['Front_Passenger'],['None_Used'],1,1,Valid,0.0,0.0,59.0,59.0,['Male'],2,0,2,4,3,Dry,Curve,Level,Medium,No
13742,18,Indiana,180062,0,1,1,0,1,NOT APPLICABLE,February,7,Tuesday,4,12,Rural,Medium Speed (Collector),No,38.73735,-85.59391389,Non-Intersection,Dark - Not Lighted,Clear,Unknown,Unknown,Unknown EMS Scene Arrival Hour,Unknown EMS Scene Arrival Minutes,Not Applicable (Not Transported),Not Applicable (Not Transported),1,Dark - Unlighted,Clear,1,0,['Driver'],['Shoulder_Lapbelt'],0,0,Valid,0.0,0.0,60.0,60.0,['Male'],0,0,2,4,3,Dry,Straight,Grade/Hillcrest,Lowest,No
13743,18,Indiana,180063,0,1,1,0,1,NOT APPLICABLE,February,7,Tuesday,4,38,Rural,Low Speed (Local),No,40.45136111,-85.71015,Simple Junction,Daylight,Clear,Unknown,Unknown,Unknown EMS Scene Arrival Hour,Unknown EMS Scene Arrival Minutes,Not Applicable (Not Transported),Not Applicable (Not Transported),1,Daylight,Clear,1,0,['Driver'],['None_Used'],0,0,Invalid,0.0,0.0,62.0,62.0,['Male'],1,0,5,4,3,Dry,Straight,Level,Lowest,No
13744,18,Indiana,180064,0,1,1,0,1,NOT APPLICABLE,February,10,Friday,5,20,Rural,Medium Speed (Collector),No,40.207875,-85.2851,Non-Intersection,Dark - Not Lighted,Cloudy,Unknown,Unknown,Unknown EMS Scene Arrival Hour,Unknown EMS Scene Arrival Minutes,Not Applicable (Not Transported),Not Applicable (Not Transported),1,Dark - Unlighted,Reduced Visibility,1,0,['Driver'],['Shoulder_Lapbelt'],0,0,Invalid,0.0,0.0,51.0,51.0,['Male'],1,0,2,4,3,Dry,Straight,Level,Lowest,No
13745,18,Indiana,180065,0,2,2,0,2,GREENWOOD,February,11,Saturday,19,16,Urban,Medium Speed (Collector),No,39.58642222,-86.106925,Simple Junction,Dark - Not Lighted,Clear,Unknown,Unknown,Unknown EMS Scene Arrival Hour,Unknown EMS Scene Arrival Minutes,Unknown,Unknown EMS Hospital Arrival Time,1,Dark - Unlighted,Clear,1,1,['Driver'],['None_Used'],0,0,Valid,0.0,5.0,24.0,20.0,"['Male', 'Male']",1,0,5,4,5,Dry,Straight,Level,Lowest,No
13746,18,Indiana,180066,0,1,1,0,2,NOT APPLICABLE,February,14,Tuesday,15,41,Rural,Medium Speed (Collector),No,40.06450278,-85.18368611,Non-Intersection,Daylight,Cloudy,Unknown,Unknown,Unknown EMS Scene Arrival Hour,Unknown EMS Scene Arrival Minutes,Unknown,Unknown EMS Hospital Arrival Time,1,Daylight,Reduced Visibility,1,1,['Front_Passenger'],['None_Used'],0,0,Valid,0.0,0.0,17.0,17.0,['Female'],0,0,2,4,3,Dry,Straight,Grade/Hillcrest,Lowest,No
13747,18,Indiana,180067,0,2,2,0,2,INDIANAPOLIS,February,8,Wednesday,10,57,Urban,Medium Speed (Collector),No,39.78571389,-86.19469722,Non-Intersection,Daylight,Clear,Unknown,Unknown,Unknown EMS Scene Arrival Hour,Unknown EMS Scene Arrival Minutes,Unknown,Unknown EMS Hospital Arrival Time,1,Daylight,Clear,1,1,['Driver'],['None_Used'],0,0,Invalid,0.0,0.0,56.0,54.0,"['Male', 'Male']",0,0,3,4,5,Dry,Curve,Level,Lowest,No
13748,18,Indiana,180068,0,1,1,0,1,NOT APPLICABLE,February,1,Wednesday,23,20,Rural,High Speed (Arterial),Yes,39.76378333,-86.9551,Non-Intersection,Dark - Not Lighted,Clear,Unknown,Unknown,Unknown EMS Scene Arrival Hour,Unknown EMS Scene Arrival Minutes,Not Applicable (Not Transported),Not Applicable (Not Transported),1,Dark - Unlighted,Clear,1,0,['Driver'],['None_Used'],1,1,Invalid,0.0,0.0,39.0,39.0,['Male'],1,0,2,4,3,Dry,Curve,Grade/Hillcrest,Lowest,No
13749,18,Indiana,180069,0,2,2,0,2,ELKHART,February,15,Wednesday,14,40,Urban,High Speed (Arterial),No,41.69535278,-86.00353333,Complex/Circle,Daylight,Clear,Unknown,Unknown,Unknown EMS Scene Arrival Hour,Unknown EMS Scene Arrival Minutes,Unknown,Unknown EMS Hospital Arrival Time,1,Daylight,Clear,1,1,['Driver'],['None_Used'],1,1,Invalid,0.0,1.0,41.0,28.0,"['Male', 'Female']",1,0,5,4,5,Dry,Straight,Level,Lowest,No
13750,18,Indiana,180070,0,1,1,0,3,NOT APPLICABLE,February,13,Monday,16,45,Rural,High Speed (Arterial),Yes,40.06561667,-85.59029167,Non-Intersection,Daylight,Clear,Unknown,Unknown,Unknown EMS Scene Arrival Hour,Unknown EMS Scene Arrival Minutes,Unknown,Unknown EMS Hospital Arrival Time,1,Daylight,Clear,1,2,['Driver'],['Shoulder_Lapbelt'],0,0,Valid,0.0,0.0,77.0,77.0,['Male'],0,0,3,4,3,Dry,Straight,Level,Lowest,No
13751,18,Indiana,180071,0,2,2,0,2,FRANKFORT,February,16,Thursday,16,0,Urban,Medium Speed (Collector),No,40.27880833,-86.54348611,Complex/Circle,Reported as Unknown,Rain,Unknown,Unknown,Unknown EMS Scene Arrival Hour,Unknown EMS Scene Arrival Minutes,Unknown,Unknown EMS Hospital Arrival Time,1,Dark - Unlighted,Rain/Wind/Minor,1,1,['Driver'],['Shoulder_Lapbelt'],0,0,Valid,1.0,1.0,59.0,25.0,"['Male', 'Male']",1,0,4,4,5,Wet/Standing Water,Straight,Level,Lowest,No
13752,18,Indiana,180072,0,2,2,0,4,NOT APPLICABLE,January,1,Sunday,0,25,Rural,High Speed (Arterial),Yes,41.72043611,-86.80565,Non-Intersection,Dark - Not Lighted,Clear,Unknown,Unknown,Unknown EMS Scene Arrival Hour,Unknown EMS Scene Arrival Minutes,Unknown,Unknown EMS Hospital Arrival Time,1,Dark - Unlighted,Clear,1,2,['Rear_Seat'],['Shoulder_Lapbelt'],1,1,Valid,0.0,1.0,47.0,19.0,"['Male', 'Male']",0,0,3,4,5,Dry,Straight,Level,Lowest,No
13753,18,Indiana,180073,1,1,1,0,3,LAFAYETTE,February,1,Wednesday,11,49,Urban,Medium Speed (Collector),No,40.42050278,-86.88681944,Non-Intersection,Daylight,Clear,Unknown,Unknown,Unknown EMS Scene Arrival Hour,Unknown EMS Scene Arrival Minutes,Unknown,Unknown EMS Hospital Arrival Time,1,Daylight,Clear,0,3,[],[],0,0,Valid,0.0,0.0,17.0,17.0,['Female'],0,0,2,1,4,Dry,Straight,Level,Lowest,No
13754,18,Indiana,180074,0,2,2,0,2,NOT APPLICABLE,February,6,Monday,8,5,Rural,High Speed (Arterial),No,39.25813333,-85.36846389,Non-Intersection,Daylight,Cloudy,Unknown,Unknown,Unknown EMS Scene Arrival Hour,Unknown EMS Scene Arrival Minutes,Unknown,Unknown EMS Hospital Arrival Time,1,Daylight,Reduced Visibility,1,1,['Driver'],['None_Used'],1,1,Valid,0.0,1.0,38.0,26.0,"['Male', 'Male']",0,0,4,4,5,Dry,Straight,Level,Lowest,No
13755,18,Indiana,180075,0,1,1,0,1,Not Reported,February,8,Wednesday,22,30,Rural,Low Speed (Local),No,40.25805278,-87.32678056,Non-Intersection,Dark - Not Lighted,Rain,Unknown,Unknown,Unknown EMS Scene Arrival Hour,Unknown EMS Scene Arrival Minutes,Unknown,Unknown EMS Hospital Arrival Time,1,Dark - Unlighted,Rain/Wind/Minor,1,0,['Driver'],['None_Used'],1,1,Valid,0.0,0.0,53.0,53.0,['Male'],0,0,3,4,3,Wet/Standing Water,Straight,Level,Medium,No
13756,18,Indiana,180076,1,2,1,1,1,NOT APPLICABLE,February,9,Thursday,22,8,Rural,High Speed (Arterial),Yes,41.6759,-86.83660278,Non-Intersection,Dark - Not Lighted,Clear,Unknown,Unknown,Unknown EMS Scene Arrival Hour,Unknown EMS Scene Arrival Minutes,Not Applicable (Not Transported),Not Applicable (Not Transported),1,Dark - Unlighted,Clear,1,0,['Driver'],['None_Used'],0,0,Valid,0.0,0.0,51.0,51.0,['Male'],0,0,3,4,5,Wet/Standing Water,Straight,Level,Lowest,No
13757,18,Indiana,180077,0,2,2,0,2,EVANSVILLE,February,12,Sunday,1,30,Urban,High Speed (Arterial),Yes,37.97722778,-87.569,Non-Intersection,Dark - Lighted,Clear,Unknown,Unknown,Unknown EMS Scene Arrival Hour,Unknown EMS Scene Arrival Minutes,Unknown,Unknown EMS Hospital Arrival Time,1,Dark - Lighted,Clear,1,1,['Driver'],['Lapbelt_Only'],1,1,Valid,0.0,0.0,30.0,20.0,"['Male', 'Female']",0,0,3,4,5,Dry,Straight,Level,Lowest,No
13758,18,Indiana,180078,0,1,1,0,1,TERRE HAUTE,February,14,Tuesday,23,28,Urban,Low Speed (Local),No,39.433825,-87.39867778,Non-Intersection,Dark - Lighted,Rain,Unknown,Unknown,Unknown EMS Scene Arrival Hour,Unknown EMS Scene Arrival Minutes,Not Applicable (Not Transported),Not Applicable (Not Transported),1,Dark - Lighted,Rain/Wind/Minor,1,0,['Driver'],['None_Used'],1,1,Valid,0.0,0.0,56.0,56.0,['Male'],1,0,2,4,3,Wet/Standing Water,Straight,Level,Lowest,No
13759,18,Indiana,180079,0,2,2,0,3,BEDFORD,February,15,Wednesday,5,35,Urban,High Speed (Arterial),Yes,38.86090833,-86.52106944,Complex/Circle,Dark - Lighted,Clear,Unknown,Unknown,Unknown EMS Scene Arrival Hour,Unknown EMS Scene Arrival Minutes,Unknown,Unknown EMS Hospital Arrival Time,1,Dark - Lighted,Clear,1,2,['Front_Passenger'],['None_Used'],0,0,Valid,0.0,0.0,40.0,26.0,"['Male', 'Male']",0,0,3,4,5,Wet/Standing Water,Straight,Level,Lowest,No
13760,18,Indiana,180080,0,1,1,0,1,GEORGETOWN,February,14,Tuesday,18,42,Rural,Medium Speed (Collector),No,38.27655,-85.91363889,Non-Intersection,Dark - Not Lighted,Cloudy,Unknown,Unknown,Unknown EMS Scene Arrival Hour,Unknown EMS Scene Arrival Minutes,Not Applicable (Not Transported),Not Applicable (Not Transported),1,Dark - Unlighted,Reduced Visibility,1,0,['Driver'],['None_Used'],1,1,Valid,0.0,0.0,71.0,71.0,['Male'],1,0,5,4,3,Dry,Curve,Level,Lowest,No
13761,18,Indiana,180081,0,1,1,0,2,NOT APPLICABLE,February,17,Friday,6,59,Rural,Low Speed (Local),No,38.12851667,-87.20203333,Non-Intersection,Daylight,Cloudy,Unknown,Unknown,Unknown EMS Scene Arrival Hour,Unknown EMS Scene Arrival Minutes,Unknown,Unknown EMS Hospital Arrival Time,1,Daylight,Reduced Visibility,1,1,['Driver'],['None_Used'],0,0,Valid,0.0,0.0,17.0,17.0,['Female'],0,0,3,4,2,Dry,Straight,Grade/Hillcrest,Lowest,No
13762,18,Indiana,180082,1,1,1,0,1,FORT WAYNE,February,19,Sunday,3,10,Urban,Low Speed (Local),No,41.11238889,-85.08556944,Non-Intersection,Dark - Lighted,Clear,Unknown,Unknown,Unknown EMS Scene Arrival Hour,Unknown EMS Scene Arrival Minutes,Not Applicable (Not Transported),Not Applicable (Not Transported),1,Dark - Lighted,Clear,0,1,[],[],0,0,Valid,0.0,0.0,27.0,27.0,['Male'],0,0,3,1,4,Dry,Straight,Level,Lowest,No
13763,18,Indiana,180083,0,2,2,0,4,NOT APPLICABLE,February,15,Wednesday,14,4,Rural,Low Speed (Local),No,40.07406111,-87.02642778,Complex/Circle,Daylight,Clear,Unknown,Unknown,Unknown EMS Scene Arrival Hour,Unknown EMS Scene Arrival Minutes,Unknown,Unknown EMS Hospital Arrival Time,1,Daylight,Clear,1,3,['Driver'],['Shoulder_Lapbelt'],0,0,Valid,0.0,0.0,45.0,19.0,"['Male', 'Male']",0,0,4,4,5,Dry,Straight,Level,Lowest,No
13764,18,Indiana,180084,1,1,1,0,1,WESTFIELD,February,20,Monday,18,58,Urban,Medium Speed (Collector),No,40.03257222,-86.16494722,Non-Intersection,Dark - Not Lighted,Clear,Unknown,Unknown,Unknown EMS Scene Arrival Hour,Unknown EMS Scene Arrival Minutes,Unknown,Unknown EMS Hospital Arrival Time,1,Dark - Unlighted,Clear,0,1,[],[],0,0,Valid,0.0,0.0,50.0,50.0,['Male'],0,0,2,1,4,Dry,Straight,Grade/Hillcrest,Lowest,No
13765,18,Indiana,180085,0,1,1,0,2,SOUTH BEND,February,19,Sunday,4,18,Urban,Medium Speed (Collector),No,41.68721944,-86.22728611,Non-Intersection,Dark - Not Lighted,Clear,Unknown,Unknown,Unknown EMS Scene Arrival Hour,Unknown EMS Scene Arrival Minutes,Unknown,Unknown EMS Hospital Arrival Time,2,Dark - Unlighted,Clear,2,0,"['Driver', 'Front_Passenger']","['None_Used', 'None_Used']",0,0,Invalid,0.0,0.0,21.0,21.0,['Male'],2,0,2,4,3,Dry,Straight,Level,Lowest,No
13766,18,Indiana,180086,0,2,2,0,3,NOT APPLICABLE,January,26,Thursday,8,5,Rural,High Speed (Arterial),Yes,41.58416667,-86.89675833,Non-Intersection,Daylight,Blowing Snow,Unknown,Unknown,Unknown EMS Scene Arrival Hour,Unknown EMS Scene Arrival Minutes,Unknown,Unknown EMS Hospital Arrival Time,1,Daylight,Snow/Ice/Severe,1,2,['Driver'],['Shoulder_Lapbelt'],0,0,Valid,1.0,0.0,66.0,34.0,"['Male', 'Female']",0,0,3,4,5,Icy/Snowy,Straight,Level,Lowest,No