,State_Code,State_Name,Crash_ID,Count_Non_Motorists,Count_Vehicles_Total,Count_Vehicle_Forms,Count_PVH_Involved,Count_Occupants_MV,City_Name,Month_Name,Day_of_Month,Day_of_Week,Crash_Hour,Crash_Minute,Area_Rural_Urban,Road_Functional_Class,On_NHS_Road,Latitude,Longitude,Intersection_Type,Light_Condition,Weather_Condition,Notif_Hour,Notif_Minute,Arrival_Hour,Arrival_Minute,Hospital_Hour,Hospital_Minute,Fatalities_Count,Clean_Light_Condition,Clean_Weather_Condition,Total_Killed,Total_Alive,Fatal_Seats_List,Killed_Restraint_List,Any_Driver_Drinking,Total_Drinking_Drivers,Driver_License_Category,Driver_Max_Prev_Accident_Count,Driver_Max_Prev_Speeding_Count,Max_Driver_Age,Min_Driver_Age,Driver_Sex_List,Total_Exceeding_Limit_Vehicles,Total_Too_Fast_Vehicles,Max_Vehicle_Type_Severity_5,Max_Vehicle_Damage_Rank,Max_Harmful_Event_Severity,Crash_Road_Surface_Condition,Crash_Horizontal_Alignment,Crash_Vertical_Profile,Crash_Impairment_Category,Crash_Vehicle_Defect
13767,18,Indiana,180087,0,1,1,0,4,NOT APPLICABLE,February,19,Sunday,16,3,Rural,Medium Speed (Collector),No,40.10134167,-85.49966389,Non-Intersection,Daylight,Clear,Unknown,Unknown,Unknown EMS Scene Arrival Hour,Unknown EMS Scene Arrival Minutes,Not Applicable (Not Transported),Not Applicable (Not Transported),3,Daylight,Clear,3,1,"['Front_Passenger', 'Rear_Seat', 'Rear_Seat']","['Shoulder_Lapbelt', 'Child_Safety', 'Child_Safety']",0,0,Invalid,0.0,0.0,54.0,54.0,['Female'],0,0,3,4,3,Dry,Straight,Level,Lowest,No
13768,18,Indiana,180088,0,1,1,0,2,NOT APPLICABLE,January,23,Monday,6,46,Rural,High Speed (Arterial),Yes,40.95067222,-85.06093333,Non-Intersection,Dark - Not Lighted,Snow,Unknown,Unknown,Unknown EMS Scene Arrival Hour,Unknown EMS Scene Arrival Minutes,Unknown,Unknown EMS Hospital Arrival Time,1,Dark - Unlighted,Snow/Ice/Severe,1,1,['Front_Passenger'],['Shoulder_Lapbelt'],0,0,Valid,0.0,1.0,19.0,19.0,['Male'],2,0,2,4,3,Icy/Snowy,Straight,Level,Lowest,No
13769,18,Indiana,180089,0,1,1,0,4,NOT APPLICABLE,February,19,Sunday,17,30,Rural,Medium Speed (Collector),No,40.47467778,-86.51158611,Non-Intersection,Daylight,Clear,Unknown,Unknown,Unknown EMS Scene Arrival Hour,Unknown EMS Scene Arrival Minutes,Unknown,Unknown EMS Hospital Arrival Time,1,Daylight,Clear,1,3,['Front_Passenger'],['None_Used'],1,1,Valid,0.0,0.0,25.0,25.0,['Male'],4,0,3,4,3,Dry,Straight,Level,Lowest,Yes
13770,18,Indiana,180090,0,1,1,0,2,HAMMOND,February,20,Monday,1,50,Urban,High Speed (Arterial),Yes,41.57274167,-87.4783,Non-Intersection,Dark - Lighted,Clear,Unknown,Unknown,Unknown EMS Scene Arrival Hour,Unknown EMS Scene Arrival Minutes,Unknown,Unknown EMS Hospital Arrival Time,1,Dark - Lighted,Clear,1,1,['Driver'],['None_Used'],1,1,Valid,0.0,0.0,35.0,35.0,['Male'],2,0,2,4,3,Dry,Curve,Grade/Hillcrest,Lowest,No
13771,18,Indiana,180091,0,2,2,0,6,INDIANAPOLIS,February,21,Tuesday,18,18,Urban,Medium Speed (Collector),No,39.75421667,-86.21606111,Non-Intersection,Dusk,Clear,Unknown,Unknown,Unknown EMS Scene Arrival Hour,Unknown EMS Scene Arrival Minutes,Unknown,Unknown EMS Hospital Arrival Time,1,Twilight,Clear,1,3,['Driver'],['None_Used'],1,1,Valid,0.0,0.0,48.0,24.0,"['Male', 'Female']",0,0,3,4,5,Dry,Straight,Level,Lowest,No
13772,18,Indiana,180092,0,1,1,0,4,NOT APPLICABLE,February,26,Sunday,0,4,Rural,High Speed (Arterial),Yes,41.65187778,-86.76095556,Non-Intersection,Dark - Not Lighted,Clear,Unknown,Unknown,Unknown EMS Scene Arrival Hour,Unknown EMS Scene Arrival Minutes,Unknown,Unknown EMS Hospital Arrival Time,1,Dark - Unlighted,Clear,1,3,['Rear_Seat'],['Shoulder_Only'],1,1,Valid,0.0,0.0,42.0,42.0,['Female'],0,0,3,4,3,Dry,Curve,Level,Medium,No
13773,18,Indiana,180093,0,1,1,0,2,NOT APPLICABLE,February,25,Saturday,4,12,Rural,Medium Speed (Collector),No,41.25856111,-85.31823611,Non-Intersection,Dark - Not Lighted,Clear,Unknown,Unknown,Unknown EMS Scene Arrival Hour,Unknown EMS Scene Arrival Minutes,Unknown,Unknown EMS Hospital Arrival Time,1,Dark - Unlighted,Clear,1,1,['Driver'],['None_Used'],1,1,Valid,0.0,1.0,19.0,19.0,['Male'],2,0,2,4,3,Dry,Straight,Grade/Hillcrest,Lowest,No
13774,18,Indiana,180094,0,1,1,0,1,NOT APPLICABLE,February,25,Saturday,22,19,Rural,High Speed (Arterial),Yes,39.30601944,-87.38830278,Non-Intersection,Dark - Not Lighted,Clear,Unknown,Unknown,Unknown EMS Scene Arrival Hour,Unknown EMS Scene Arrival Minutes,Unknown,Unknown EMS Hospital Arrival Time,1,Dark - Unlighted,Clear,1,0,['Driver'],['None_Used'],1,1,Valid,0.0,0.0,73.0,73.0,['Male'],0,0,3,4,3,Dry,Straight,Level,Lowest,No
13775,18,Indiana,180095,0,1,1,0,1,NOT APPLICABLE,February,21,Tuesday,15,47,Rural,Medium Speed (Collector),No,41.24140278,-87.275725,Non-Intersection,Daylight,Clear,Unknown,Unknown,Unknown EMS Scene Arrival Hour,Unknown EMS Scene Arrival Minutes,Not Applicable (Not Transported),Not Applicable (Not Transported),1,Daylight,Clear,1,0,['Driver'],['None_Used'],0,0,Valid,0.0,0.0,47.0,47.0,['Male'],0,0,3,4,2,Dry,Straight,Level,Lowest,No
13776,18,Indiana,180096,0,2,2,0,3,GARY,February,24,Friday,15,15,Urban,Medium Speed (Collector),No,41.52263333,-87.38940556,Simple Junction,Daylight,Clear,Unknown,Unknown,Unknown EMS Scene Arrival Hour,Unknown EMS Scene Arrival Minutes,Unknown,Unknown EMS Hospital Arrival Time,1,Daylight,Clear,1,1,['Driver'],['None_Used'],0,0,Valid,2.0,0.0,22.0,18.0,"['Male', 'Male']",1,0,5,4,5,Dry,Straight,Level,Lowest,No
13777,18,Indiana,180097,0,2,2,0,3,NOT APPLICABLE,January,6,Friday,13,41,Rural,High Speed (Arterial),No,39.2957,-85.95640833,Complex/Circle,Daylight,Clear,Unknown,Unknown,Unknown EMS Scene Arrival Hour,Unknown EMS Scene Arrival Minutes,Unknown,Unknown EMS Hospital Arrival Time,1,Daylight,Clear,1,2,['Driver'],['Shoulder_Lapbelt'],0,0,Valid,0.0,0.0,89.0,21.0,"['Male', 'Female']",0,0,3,4,5,Dry,Straight,Level,Lowest,No
13778,18,Indiana,180098,0,1,1,0,2,NOT APPLICABLE,January,8,Sunday,13,33,Rural,Medium Speed (Collector),No,40.63896111,-86.73397222,Non-Intersection,Daylight,Clear,Unknown,Unknown,Unknown EMS Scene Arrival Hour,Unknown EMS Scene Arrival Minutes,Unknown,Unknown EMS Hospital Arrival Time,1,Daylight,Clear,1,0,['Front_Passenger'],['Shoulder_Lapbelt'],0,0,Valid,1.0,0.0,91.0,91.0,['Male'],0,0,2,4,2,Dry,Straight,Level,Lowest,No
13779,18,Indiana,180099,1,1,1,0,1,NOT APPLICABLE,January,24,Tuesday,9,42,Rural,Medium Speed (Collector),No,37.969,-87.34025833,Complex/Circle,Daylight,Clear,Unknown,Unknown,Unknown EMS Scene Arrival Hour,Unknown EMS Scene Arrival Minutes,Unknown,Unknown EMS Hospital Arrival Time,1,Daylight,Clear,0,1,[],[],0,0,Valid,0.0,0.0,31.0,31.0,['Female'],0,0,3,4,4,Dry,Straight,Level,Lowest,No
13780,18,Indiana,180100,0,2,2,0,2,NOT APPLICABLE,February,19,Sunday,6,0,Rural,Medium Speed (Collector),No,40.74244167,-85.12699444,Non-Intersection,Dark - Not Lighted,Clear,Unknown,Unknown,Unknown EMS Scene Arrival Hour,Unknown EMS Scene Arrival Minutes,Unknown,Unknown EMS Hospital Arrival Time,1,Dark - Unlighted,Clear,1,1,['Driver'],['None_Used'],1,1,Valid,0.0,0.0,60.0,26.0,"['Male', 'Male']",1,0,5,4,5,Dry,Straight,Grade/Hillcrest,Lowest,No
13781,18,Indiana,180101,0,2,2,0,3,HAMMOND,February,14,Tuesday,14,29,Urban,High Speed (Arterial),No,41.60793056,-87.44648333,Non-Intersection,Daylight,Rain,Unknown,Unknown,Unknown EMS Scene Arrival Hour,Unknown EMS Scene Arrival Minutes,Unknown,Unknown EMS Hospital Arrival Time,1,Daylight,Rain/Wind/Minor,1,2,['Driver'],['Shoulder_Lapbelt'],0,0,Invalid,0.0,0.0,60.0,57.0,"['Female', 'Male']",0,0,3,4,5,Wet/Standing Water,Straight,Level,Lowest,No
13782,18,Indiana,180102,0,2,2,0,2,NOT APPLICABLE,January,29,Sunday,7,9,Rural,Medium Speed (Collector),No,38.91153889,-85.62160833,Complex/Circle,Dark - Not Lighted,Rain,Unknown,Unknown,Unknown EMS Scene Arrival Hour,Unknown EMS Scene Arrival Minutes,Unknown,Unknown EMS Hospital Arrival Time,1,Dark - Unlighted,Rain/Wind/Minor,1,1,['Driver'],['Shoulder_Lapbelt'],0,0,Valid,0.0,0.0,85.0,48.0,"['Female', 'Female']",0,0,3,4,5,Wet/Standing Water,Straight,Level,Lowest,No
13783,18,Indiana,180103,0,2,2,0,2,NOT APPLICABLE,February,6,Monday,5,28,Rural,High Speed (Arterial),Yes,38.82641667,-86.922425,Non-Intersection,Dark - Not Lighted,Clear,Unknown,Unknown,Unknown EMS Scene Arrival Hour,Unknown EMS Scene Arrival Minutes,Unknown,Unknown EMS Hospital Arrival Time,1,Dark - Unlighted,Clear,1,1,['Driver'],['None_Used'],0,0,Valid,0.0,1.0,69.0,61.0,"['Female', 'Male']",0,0,4,4,5,Dry,Curve,Grade/Hillcrest,Lowest,No
13784,18,Indiana,180104,1,3,3,0,3,GREENDALE,February,16,Thursday,19,30,Rural,High Speed (Arterial),No,39.13150278,-84.83856111,Non-Intersection,Dark - Not Lighted,Clear,Unknown,Unknown,Unknown EMS Scene Arrival Hour,Unknown EMS Scene Arrival Minutes,Not Applicable (Not Transported),Not Applicable (Not Transported),1,Dark - Unlighted,Clear,0,3,[],[],0,0,Valid,0.0,0.0,76.0,15.0,"['Male', 'Male', 'Male']",0,0,3,4,5,Wet/Standing Water,Straight,Level,Lowest,No
13785,18,Indiana,180105,0,2,2,0,5,NOT APPLICABLE,February,18,Saturday,17,53,Rural,High Speed (Arterial),Yes,38.03173889,-87.01728889,Complex/Circle,Dark - Not Lighted,Clear,Unknown,Unknown,Unknown EMS Scene Arrival Hour,Unknown EMS Scene Arrival Minutes,Unknown,Unknown EMS Hospital Arrival Time,4,Dark - Unlighted,Clear,4,1,"['Driver', 'Rear_Seat', 'Front_Passenger', 'Rear_Seat']","['None_Used', 'None_Used', 'None_Used', 'None_Used']",1,1,Valid,0.0,1.0,56.0,27.0,"['Male', 'Male']",0,0,3,4,5,Dry,Straight,Level,Lowest,No
13786,18,Indiana,180106,0,1,1,0,1,NOT APPLICABLE,March,8,Wednesday,19,45,Rural,Low Speed (Local),No,39.47511667,-86.09470278,Non-Intersection,Dark - Not Lighted,Clear,Unknown,Unknown,Unknown EMS Scene Arrival Hour,Unknown EMS Scene Arrival Minutes,Not Applicable (Not Transported),Not Applicable (Not Transported),1,Dark - Unlighted,Clear,1,0,['Driver'],['Shoulder_Lapbelt'],1,1,Valid,0.0,2.0,22.0,22.0,['Male'],1,0,3,4,3,Dry,Curve,Grade/Hillcrest,Lowest,No
13787,18,Indiana,180107,0,2,2,0,2,RICHMOND,February,23,Thursday,5,53,Rural,Medium Speed (Collector),No,39.85740833,-84.93901667,Simple Junction,Dark - Not Lighted,"Fog, Smog, Smoke",Unknown,Unknown,Unknown EMS Scene Arrival Hour,Unknown EMS Scene Arrival Minutes,Unknown,Unknown EMS Hospital Arrival Time,1,Dark - Unlighted,Reduced Visibility,1,1,['Driver'],['Shoulder_Lapbelt'],0,0,Invalid,0.0,0.0,59.0,53.0,"['Male', 'Male']",1,0,4,4,5,Wet/Standing Water,Straight,Level,Lowest,No
13788,18,Indiana,180108,0,2,2,0,2,NOT APPLICABLE,March,2,Thursday,8,48,Rural,Medium Speed (Collector),No,40.05415278,-84.930025,Non-Intersection,Daylight,Clear,Unknown,Unknown,Unknown EMS Scene Arrival Hour,Unknown EMS Scene Arrival Minutes,Not Applicable (Not Transported),Not Applicable (Not Transported),1,Daylight,Clear,1,1,['Driver'],['Shoulder_Lapbelt'],0,0,Valid,0.0,0.0,60.0,32.0,"['Male', 'Male']",0,0,4,4,5,Dry,Curve,Level,Lowest,No
13789,18,Indiana,180109,0,1,1,0,3,NOT APPLICABLE,March,4,Saturday,7,20,Rural,Low Speed (Local),No,39.733125,-86.85887778,Non-Intersection,Dark - Lighted,Sleet or Hail,Unknown,Unknown,Unknown EMS Scene Arrival Hour,Unknown EMS Scene Arrival Minutes,Unknown,Unknown EMS Hospital Arrival Time,2,Dark - Lighted,Snow/Ice/Severe,2,1,"['Driver', 'Rear_Seat']","['Lapbelt_Only', 'Lapbelt_Only']",0,0,Valid,0.0,0.0,46.0,46.0,['Female'],0,0,3,4,1,Wet/Standing Water,Straight,Level,Lowest,No
13790,18,Indiana,180110,0,2,2,0,2,NOT APPLICABLE,March,7,Tuesday,18,35,Rural,High Speed (Arterial),Yes,41.42843611,-84.93306111,Non-Intersection,Daylight,Clear,Unknown,Unknown,Unknown EMS Scene Arrival Hour,Unknown EMS Scene Arrival Minutes,Unknown,Unknown EMS Hospital Arrival Time,1,Daylight,Clear,1,1,['Driver'],['None_Used'],0,0,Valid,0.0,0.0,57.0,30.0,"['Female', 'Male']",0,0,4,4,5,Dry,Straight,Level,Lowest,No
13791,18,Indiana,180111,0,2,2,0,6,NOT APPLICABLE,March,8,Wednesday,1,29,Urban,High Speed (Arterial),Yes,41.61086111,-87.47074444,Non-Intersection,Dark - Lighted,Clear,Unknown,Unknown,Unknown EMS Scene Arrival Hour,Unknown EMS Scene Arrival Minutes,Unknown,Unknown EMS Hospital Arrival Time,1,Dark - Lighted,Clear,1,5,['Rear_Seat'],['None_Used'],1,1,Valid,0.0,6.0,49.0,27.0,"['Female', 'Male']",0,0,4,4,5,Dry,Straight,Level,Lowest,No
13792,18,Indiana,180112,0,1,1,0,1,LAWRENCE,March,12,Sunday,20,8,Urban,High Speed (Arterial),No,39.84057778,-86.04596667,Complex/Circle,Dark - Not Lighted,Clear,Unknown,Unknown,Unknown EMS Scene Arrival Hour,Unknown EMS Scene Arrival Minutes,Not Applicable (Not Transported),Not Applicable (Not Transported),1,Dark - Unlighted,Clear,1,0,['Driver'],['None_Used'],0,0,Invalid,0.0,3.0,19.0,19.0,['Male'],0,0,2,1,3,Wet/Standing Water,Straight,Level,Lowest,No
13793,18,Indiana,180113,1,1,1,0,1,GREENWOOD,February,25,Saturday,16,13,Urban,Low Speed (Local),No,39.59276944,-86.10693611,Non-Intersection,Daylight,Clear,Unknown,Unknown,Unknown EMS Scene Arrival Hour,Unknown EMS Scene Arrival Minutes,Unknown,Unknown EMS Hospital Arrival Time,1,Daylight,Clear,0,1,[],[],0,0,Valid,2.0,0.0,30.0,30.0,['Male'],0,0,3,1,4,Dry,Straight,Level,Lowest,No
13794,18,Indiana,180114,1,1,1,0,1,INDIANAPOLIS,March,3,Friday,12,0,Urban,Medium Speed (Collector),No,39.78168611,-86.05693889,Non-Intersection,Daylight,Rain,Unknown,Unknown,Unknown EMS Scene Arrival Hour,Unknown EMS Scene Arrival Minutes,Unknown,Unknown EMS Hospital Arrival Time,1,Daylight,Rain/Wind/Minor,0,1,[],[],0,0,Valid,0.0,0.0,63.0,63.0,['Female'],0,0,2,1,4,Wet/Standing Water,Straight,Grade/Hillcrest,Lowest,No
13795,18,Indiana,180115,0,1,1,0,1,EVANSVILLE,March,16,Thursday,11,16,Urban,Low Speed (Local),No,37.97719167,-87.54068611,Non-Intersection,Daylight,Cloudy,Unknown,Unknown,Unknown EMS Scene Arrival Hour,Unknown EMS Scene Arrival Minutes,Not Applicable (Not Transported),Not Applicable (Not Transported),1,Daylight,Reduced Visibility,1,0,['Driver'],['None_Used'],0,0,Invalid,0.0,0.0,26.0,26.0,['Female'],1,0,2,4,3,Dry,Straight,Level,Lowest,No
13796,18,Indiana,180116,0,2,2,0,3,LAGRANGE,March,8,Wednesday,15,33,Urban,Medium Speed (Collector),No,41.63654722,-85.41766667,Simple Junction,Daylight,Clear,Unknown,Unknown,Unknown EMS Scene Arrival Hour,Unknown EMS Scene Arrival Minutes,Unknown,Unknown EMS Hospital Arrival Time,1,Daylight,Clear,1,2,['Front_Passenger'],['Shoulder_Lapbelt'],0,0,Valid,0.0,0.0,80.0,47.0,"['Male', 'Female']",1,0,3,4,5,Dry,Straight,Grade/Hillcrest,Lowest,No
13797,18,Indiana,180117,0,2,2,0,3,MONTICELLO,February,22,Wednesday,12,3,Urban,Medium Speed (Collector),No,40.74051111,-86.76186111,Complex/Circle,Daylight,Rain,Unknown,Unknown,Unknown EMS Scene Arrival Hour,Unknown EMS Scene Arrival Minutes,Unknown,Unknown EMS Hospital Arrival Time,1,Daylight,Rain/Wind/Minor,1,2,['Driver'],['Shoulder_Lapbelt'],0,0,Valid,0.0,0.0,78.0,33.0,"['Female', 'Male']",0,0,3,4,5,Wet/Standing Water,Straight,Level,Lowest,No
13798,18,Indiana,180118,0,1,1,0,1,ELIZABETH,February,20,Monday,5,3,Rural,Medium Speed (Collector),No,38.12720278,-85.97415556,Non-Intersection,Dark - Not Lighted,Clear,Unknown,Unknown if Notified,Unknown EMS Scene Arrival Hour,Unknown if Arrived,Not Applicable (Not Transported),Not Applicable (Not Transported),1,Dark - Unlighted,Clear,1,0,['Driver'],['None_Used'],0,0,Invalid,0.0,0.0,28.0,28.0,['Male'],0,0,5,4,2,Dry,Curve,Level,Lowest,No
13799,18,Indiana,180119,0,2,2,0,4,NOT APPLICABLE,March,1,Wednesday,15,17,Rural,High Speed (Arterial),Yes,38.82284444,-86.51758333,Simple Junction,Daylight,Clear,Unknown,Unknown,Unknown EMS Scene Arrival Hour,Unknown EMS Scene Arrival Minutes,Unknown,Unknown EMS Hospital Arrival Time,1,Daylight,Clear,1,3,['Driver'],['None_Used'],0,0,Valid,0.0,0.0,66.0,60.0,"['Male', 'Male']",0,0,2,4,5,Dry,Straight,Level,Lowest,No
13800,18,Indiana,180120,0,2,2,0,3,NOT APPLICABLE,February,28,Tuesday,9,55,Rural,Medium Speed (Collector),No,41.31795833,-87.1781,Non-Intersection,Daylight,Clear,Unknown,Unknown,Unknown EMS Scene Arrival Hour,Unknown EMS Scene Arrival Minutes,Unknown,Unknown EMS Hospital Arrival Time,1,Daylight,Clear,1,2,['Driver'],['Lapbelt_Only'],0,0,Valid,0.0,0.0,57.0,26.0,"['Male', 'Male']",0,0,4,4,5,Dry,Straight,Level,Lowest,No
13801,18,Indiana,180121,0,3,3,0,4,NOT APPLICABLE,March,1,Wednesday,17,19,Rural,High Speed (Arterial),Yes,41.16933333,-85.51288333,Non-Intersection,Daylight,Clear,Unknown,Unknown,Unknown EMS Scene Arrival Hour,Unknown EMS Scene Arrival Minutes,Unknown,Unknown EMS Hospital Arrival Time,2,Daylight,Clear,2,2,"['Driver', 'Front_Passenger']","['Shoulder_Lapbelt', 'Shoulder_Lapbelt']",0,0,Valid,1.0,0.0,95.0,23.0,"['Male', 'Male', 'Male']",0,0,4,4,5,Dry,Straight,Level,Lowest,No
13802,18,Indiana,180122,0,5,5,0,8,GARY,March,1,Wednesday,18,10,Urban,High Speed (Arterial),No,41.60386389,-87.33969722,Complex/Circle,Dark - Lighted,Clear,Unknown,Unknown,Unknown EMS Scene Arrival Hour,Unknown EMS Scene Arrival Minutes,Unknown,Unknown EMS Hospital Arrival Time,2,Dark - Lighted,Clear,2,6,"['Driver', 'Front_Passenger']","['None_Used', 'None_Used']",1,1,Invalid,0.0,0.0,64.0,21.0,"['Male', 'Male', 'Male', 'Male', 'Female']",2,0,3,4,5,Dry,Straight,Level,Lowest,No
13803,18,Indiana,180123,1,1,1,0,1,NOT APPLICABLE,March,3,Friday,16,30,Rural,High Speed (Arterial),Yes,41.33397778,-85.08771111,Non-Intersection,Daylight,Rain,Unknown,Unknown,Unknown EMS Scene Arrival Hour,Unknown EMS Scene Arrival Minutes,Unknown,Unknown EMS Hospital Arrival Time,1,Daylight,Rain/Wind/Minor,0,1,[],[],0,0,Valid,0.0,0.0,42.0,42.0,['Male'],1,0,3,4,4,Dry,Straight,Grade/Hillcrest,Lowest,No
13804,18,Indiana,180124,0,1,1,0,2,NOT APPLICABLE,March,4,Saturday,3,52,Rural,Low Speed (Local),No,41.49179167,-86.84227222,Non-Intersection,Dark - Not Lighted,Clear,Unknown,Unknown,Unknown EMS Scene Arrival Hour,Unknown EMS Scene Arrival Minutes,Not Applicable (Not Transported),Not Applicable (Not Transported),2,Dark - Unlighted,Clear,2,0,"['Driver', 'Front_Passenger']","['None_Used', 'None_Used']",1,1,Valid,0.0,0.0,40.0,40.0,['Male'],2,0,3,4,3,Wet/Standing Water,Straight,Level,Lowest,No
13805,18,Indiana,180125,0,3,3,0,3,NOT APPLICABLE,March,3,Friday,15,17,Rural,High Speed (Arterial),Yes,41.42948889,-84.95966111,Non-Intersection,Daylight,Snow,Unknown,Unknown,Unknown EMS Scene Arrival Hour,Unknown EMS Scene Arrival Minutes,Unknown,Unknown EMS Hospital Arrival Time,1,Daylight,Snow/Ice/Severe,1,2,['Driver'],['Shoulder_Lapbelt'],0,0,Valid,0.0,1.0,41.0,21.0,"['Male', 'Female', 'Female']",1,0,3,4,5,Icy/Snowy,Straight,Level,Lowest,No
13806,18,Indiana,180127,0,1,1,0,2,NOT APPLICABLE,March,3,Friday,19,2,Rural,Medium Speed (Collector),No,40.75630556,-86.29801111,Non-Intersection,Dark - Not Lighted,Snow,Unknown,Unknown,Unknown EMS Scene Arrival Hour,Unknown EMS Scene Arrival Minutes,Unknown,Unknown EMS Hospital Arrival Time,1,Dark - Unlighted,Snow/Ice/Severe,1,1,['Front_Passenger'],['Shoulder_Lapbelt'],0,0,Valid,0.0,0.0,53.0,53.0,['Male'],2,0,3,4,3,Dry,Curve,Grade/Hillcrest,Lowest,No
13807,18,Indiana,180128,0,1,1,0,1,NOT APPLICABLE,March,11,Saturday,3,51,Rural,High Speed (Arterial),Yes,38.87973611,-85.81019167,Non-Intersection,Dark - Not Lighted,Cloudy,Unknown,Unknown,Unknown EMS Scene Arrival Hour,Unknown EMS Scene Arrival Minutes,Not Applicable (Not Transported),Not Applicable (Not Transported),1,Dark - Unlighted,Reduced Visibility,1,0,['Driver'],['Shoulder_Lapbelt'],0,0,Valid,0.0,0.0,37.0,37.0,['Male'],0,0,4,4,3,Dry,Straight,Level,Lowest,No
13808,18,Indiana,180129,0,1,1,0,1,NOT APPLICABLE,March,12,Sunday,15,35,Rural,Low Speed (Local),No,39.515775,-86.42104167,Non-Intersection,Daylight,Clear,Unknown,Unknown,Unknown EMS Scene Arrival Hour,Unknown EMS Scene Arrival Minutes,Not Applicable (Not Transported),Not Applicable (Not Transported),1,Daylight,Clear,1,0,['Driver'],['Shoulder_Lapbelt'],0,0,Valid,0.0,0.0,27.0,27.0,['Male'],1,0,3,1,3,Dry,Straight,Level,Lowest,No
13809,18,Indiana,180130,0,2,2,0,2,NOT APPLICABLE,March,16,Thursday,3,54,Rural,Medium Speed (Collector),No,41.14459167,-87.25975,Complex/Circle,Dark - Not Lighted,Clear,Unknown,Unknown,Unknown EMS Scene Arrival Hour,Unknown EMS Scene Arrival Minutes,Not Applicable (Not Transported),Not Applicable (Not Transported),1,Dark - Unlighted,Clear,1,1,['Driver'],['None_Used'],1,1,Valid,0.0,2.0,59.0,30.0,"['Male', 'Male']",1,0,4,4,5,Dry,Straight,Level,Lowest,No
13810,18,Indiana,180131,1,1,1,0,1,NOT APPLICABLE,March,15,Wednesday,8,5,Rural,Medium Speed (Collector),No,40.26701389,-85.50060278,Non-Intersection,Dawn,Cloudy,Unknown,Unknown,Unknown EMS Scene Arrival Hour,Unknown EMS Scene Arrival Minutes,Not Applicable (Not Transported),Not Applicable (Not Transported),1,Twilight,Reduced Visibility,0,1,[],[],0,0,Valid,0.0,0.0,65.0,65.0,['Male'],0,0,3,1,4,Dry,Straight,Level,Lowest,No
13811,18,Indiana,180132,0,2,2,0,3,COLUMBUS,March,18,Saturday,20,6,Urban,Medium Speed (Collector),No,39.20339167,-85.92388611,Complex/Circle,Dark - Lighted,Cloudy,Unknown,Unknown,Unknown EMS Scene Arrival Hour,Unknown EMS Scene Arrival Minutes,Unknown,Unknown EMS Hospital Arrival Time,1,Dark - Lighted,Reduced Visibility,1,2,['Driver'],['Shoulder_Lapbelt'],0,0,Valid,0.0,0.0,36.0,28.0,"['Female', 'Male']",0,0,3,4,5,Dry,Straight,Level,Lowest,No
13812,18,Indiana,180133,0,2,2,0,5,NOT APPLICABLE,March,18,Saturday,5,0,Rural,Medium Speed (Collector),No,41.23572778,-85.75017778,Non-Intersection,Dark - Not Lighted,Snow,Unknown,Unknown,Unknown EMS Scene Arrival Hour,Unknown EMS Scene Arrival Minutes,Unknown,Unknown EMS Hospital Arrival Time,1,Dark - Unlighted,Snow/Ice/Severe,1,4,['Rear_Seat'],['None_Used'],1,2,Invalid,0.0,0.0,24.0,20.0,"['Male', 'Male']",0,0,3,4,5,Icy/Snowy,Straight,Level,Lowest,No
13813,18,Indiana,180134,0,3,3,0,5,GARY,March,17,Friday,14,50,Urban,High Speed (Arterial),No,41.60378056,-87.37188611,Complex/Circle,Daylight,Clear,Unknown,Unknown,Unknown EMS Scene Arrival Hour,Unknown EMS Scene Arrival Minutes,Unknown,Unknown EMS Hospital Arrival Time,1,Daylight,Clear,1,4,['Driver'],['Shoulder_Lapbelt'],0,0,Valid,0.0,0.0,46.0,23.0,"['Male', 'Male', 'Male']",0,0,3,4,5,Dry,Straight,Grade/Hillcrest,Lowest,No
13814,18,Indiana,180135,0,1,1,0,1,NOT APPLICABLE,March,25,Saturday,0,27,Rural,Medium Speed (Collector),No,41.20381667,-87.34317778,Non-Intersection,Dark - Not Lighted,Rain,Unknown,Unknown,Unknown EMS Scene Arrival Hour,Unknown EMS Scene Arrival Minutes,Not Applicable (Not Transported),Not Applicable (Not Transported),1,Dark - Unlighted,Rain/Wind/Minor,1,0,['Driver'],['Shoulder_Lapbelt'],0,0,Valid,0.0,0.0,17.0,17.0,['Male'],1,0,2,4,3,Wet/Standing Water,Straight,Level,Lowest,No
13815,18,Indiana,180136,0,2,2,0,2,LAFAYETTE,March,16,Thursday,7,26,Urban,Medium Speed (Collector),No,40.41254444,-86.851975,Non-Intersection,Dark - Lighted,Clear,Unknown,Unknown,Unknown EMS Scene Arrival Hour,Unknown EMS Scene Arrival Minutes,Unknown,Unknown EMS Hospital Arrival Time,1,Dark - Lighted,Clear,1,1,['Driver'],['None_Used'],0,0,Valid,0.0,1.0,42.0,36.0,"['Female', 'Male']",0,0,5,1,5,Dry,Straight,Level,Lowest,Yes
13816,18,Indiana,180137,0,1,1,0,1,ELWOOD,March,18,Saturday,3,21,Urban,Low Speed (Local),No,40.27511389,-85.84583056,Non-Intersection,Dark - Not Lighted,Cloudy,Unknown,Unknown if Notified,Unknown EMS Scene Arrival Hour,Unknown if Arrived,Not Applicable (Not Transported),Not Applicable (Not Transported),1,Dark - Unlighted,Reduced Visibility,1,0,['Driver'],['Shoulder_Lapbelt'],1,1,Invalid,0.0,0.0,32.0,32.0,['Male'],0,0,2,4,2,Dry,Straight,Level,Lowest,No