,State_Code,State_Name,Crash_ID,Count_Non_Motorists,Count_Vehicles_Total,Count_Vehicle_Forms,Count_PVH_Involved,Count_Occupants_MV,City_Name,Month_Name,Day_of_Month,Day_of_Week,Crash_Hour,Crash_Minute,Area_Rural_Urban,Road_Functional_Class,On_NHS_Road,Latitude,Longitude,Intersection_Type,Light_Condition,Weather_Condition,Notif_Hour,Notif_Minute,Arrival_Hour,Arrival_Minute,Hospital_Hour,Hospital_Minute,Fatalities_Count,Clean_Light_Condition,Clean_Weather_Condition,Total_Killed,Total_Alive,Fatal_Seats_List,Killed_Restraint_List,Any_Driver_Drinking,Total_Drinking_Drivers,Driver_License_Category,Driver_Max_Prev_Accident_Count,Driver_Max_Prev_Speeding_Count,Max_Driver_Age,Min_Driver_Age,Driver_Sex_List,Total_Exceeding_Limit_Vehicles,Total_Too_Fast_Vehicles,Max_Vehicle_Type_Severity_5,Max_Vehicle_Damage_Rank,Max_Harmful_Event_Severity,Crash_Road_Surface_Condition,Crash_Horizontal_Alignment,Crash_Vertical_Profile,Crash_Impairment_Category,Crash_Vehicle_Defect
13817,18,Indiana,180138,2,1,1,0,1,SEYMOUR,March,24,Friday,22,40,Rural,Low Speed (Local),No,38.95163056,-85.88269444,Non-Intersection,Dark - Lighted,Rain,Unknown,Unknown,Unknown EMS Scene Arrival Hour,Unknown EMS Scene Arrival Minutes,Unknown,Unknown EMS Hospital Arrival Time,1,Dark - Lighted,Rain/Wind/Minor,0,1,[],[],0,0,Invalid,0.0,0.0,999.0,999.0,['Other'],1,0,1,1,4,Wet/Standing Water,Straight,Level,Lowest,No
13818,18,Indiana,180139,0,1,1,0,1,NOT APPLICABLE,March,22,Wednesday,8,55,Rural,High Speed (Arterial),Yes,39.99693889,-85.77739167,Non-Intersection,Daylight,Cloudy,Unknown,Unknown,Unknown EMS Scene Arrival Hour,Unknown EMS Scene Arrival Minutes,Unknown,Unknown EMS Hospital Arrival Time,1,Daylight,Reduced Visibility,1,0,['Driver'],['Shoulder_Lapbelt'],1,1,Valid,1.0,0.0,31.0,31.0,['Male'],0,0,1,4,3,Wet/Standing Water,Curve,Level,Lowest,No
13819,18,Indiana,180140,0,2,2,0,2,COLUMBUS,March,28,Tuesday,11,5,Urban,Medium Speed (Collector),No,39.18326667,-85.93043056,Non-Intersection,Daylight,Clear,Unknown,Unknown,Unknown EMS Scene Arrival Hour,Unknown EMS Scene Arrival Minutes,Unknown,Unknown EMS Hospital Arrival Time,1,Daylight,Clear,1,1,['Driver'],['None_Used'],0,0,Valid,0.0,0.0,69.0,46.0,"['Male', 'Female']",0,0,3,4,5,Dry,Straight,Level,Lowest,No
13820,18,Indiana,180141,0,2,2,0,5,NOT APPLICABLE,March,12,Sunday,14,41,Rural,Medium Speed (Collector),No,40.25820556,-86.77116667,Complex/Circle,Daylight,Cloudy,Unknown,Unknown,Unknown EMS Scene Arrival Hour,Unknown EMS Scene Arrival Minutes,Unknown,Unknown EMS Hospital Arrival Time,1,Daylight,Reduced Visibility,1,4,['Driver'],['None_Used'],0,0,Valid,0.0,0.0,79.0,62.0,"['Male', 'Male']",0,0,3,4,5,Dry,Straight,Level,Lowest,No
13821,18,Indiana,180145,0,1,1,0,1,BROWNSBURG,March,29,Wednesday,6,0,Urban,High Speed (Arterial),Yes,39.84867222,-86.37016944,Non-Intersection,Reported as Unknown,Clear,Unknown,Unknown if Notified,Unknown EMS Scene Arrival Hour,Unknown if Arrived,Not Applicable (Not Transported),Not Applicable (Not Transported),1,Dark - Unlighted,Clear,1,0,['Driver'],['Shoulder_Lapbelt'],0,0,Invalid,1.0,0.0,56.0,56.0,['Male'],0,0,2,4,4,Dry,Straight,Level,Lowest,No
13822,18,Indiana,180146,0,2,2,0,2,NOT APPLICABLE,March,28,Tuesday,18,26,Rural,Low Speed (Local),No,40.14681389,-86.08873889,Complex/Circle,Daylight,Clear,Unknown,Unknown,Unknown EMS Scene Arrival Hour,Unknown EMS Scene Arrival Minutes,Not Applicable (Not Transported),Not Applicable (Not Transported),1,Daylight,Clear,1,1,['Driver'],['None_Used'],1,1,Valid,0.0,1.0,66.0,30.0,"['Male', 'Male']",0,0,3,4,5,Dry,Straight,Level,Lowest,No
13823,18,Indiana,180147,0,2,2,0,2,NOT APPLICABLE,March,22,Wednesday,15,12,Rural,Medium Speed (Collector),No,40.60494722,-86.94424722,Non-Intersection,Daylight,Cloudy,Unknown,Unknown,Unknown EMS Scene Arrival Hour,Unknown EMS Scene Arrival Minutes,Unknown,Unknown EMS Hospital Arrival Time,1,Daylight,Reduced Visibility,1,1,['Driver'],['Shoulder_Lapbelt'],0,0,Valid,0.0,1.0,67.0,21.0,"['Male', 'Male']",0,0,3,4,5,Dry,Straight,Level,Lowest,No
13824,18,Indiana,180148,0,2,2,0,2,GARY,March,21,Tuesday,19,10,Urban,High Speed (Arterial),Yes,41.5697,-87.38876667,Non-Intersection,Dusk,Rain,Unknown,Unknown,Unknown EMS Scene Arrival Hour,Unknown EMS Scene Arrival Minutes,Not Applicable (Not Transported),Not Applicable (Not Transported),1,Twilight,Rain/Wind/Minor,1,1,['Driver'],['None_Used'],0,0,Valid,0.0,1.0,64.0,22.0,"['Male', 'Male']",1,0,5,4,5,Wet/Standing Water,Straight,Level,Lowest,No
13825,18,Indiana,180149,0,1,1,0,1,NOT APPLICABLE,March,28,Tuesday,18,5,Rural,Low Speed (Local),No,40.04752778,-85.62218056,Non-Intersection,Daylight,Clear,Unknown,Unknown if Notified,Unknown EMS Scene Arrival Hour,Unknown if Arrived,Not Applicable (Not Transported),Not Applicable (Not Transported),1,Daylight,Clear,1,0,['Driver'],['Shoulder_Lapbelt'],1,1,Valid,1.0,0.0,37.0,37.0,['Male'],1,0,3,4,3,Dry,Straight,Level,Lowest,No
13826,18,Indiana,180150,0,2,2,0,2,NOT APPLICABLE,March,30,Thursday,6,54,Rural,Medium Speed (Collector),No,37.99165278,-86.78921111,Non-Intersection,Daylight,Clear,Unknown,Unknown,Unknown EMS Scene Arrival Hour,Unknown EMS Scene Arrival Minutes,Unknown,Unknown EMS Hospital Arrival Time,1,Daylight,Clear,1,1,['Driver'],['None_Used'],0,0,Valid,0.0,1.0,71.0,43.0,"['Male', 'Female']",0,0,5,4,5,Dry,Straight,Level,Lowest,No
13827,18,Indiana,180151,0,1,1,0,3,INDIANAPOLIS,April,2,Sunday,20,0,Rural,High Speed (Arterial),No,39.85509167,-86.05913611,Non-Intersection,Daylight,Clear,Unknown,Unknown,Unknown EMS Scene Arrival Hour,Unknown EMS Scene Arrival Minutes,Unknown,Unknown EMS Hospital Arrival Time,1,Daylight,Clear,1,2,['Front_Passenger'],['Shoulder_Lapbelt'],0,0,Invalid,0.0,0.0,25.0,25.0,['Male'],0,0,2,4,3,Dry,Straight,Level,Lowest,No
13828,18,Indiana,180152,0,2,2,0,2,GARY,April,1,Saturday,5,30,Urban,High Speed (Arterial),Yes,41.57048056,-87.43626111,Non-Intersection,Dark - Lighted,Rain,Unknown,Unknown,Unknown EMS Scene Arrival Hour,Unknown EMS Scene Arrival Minutes,Unknown,Unknown EMS Hospital Arrival Time,1,Dark - Lighted,Rain/Wind/Minor,1,1,['Driver'],['Lapbelt_Only'],1,1,Valid,0.0,1.0,43.0,23.0,"['Male', 'Male']",0,0,3,4,5,Wet/Standing Water,Curve,Level,Lowest,No
13829,18,Indiana,180153,1,1,1,0,1,INDIANAPOLIS,April,3,Monday,5,50,Urban,Medium Speed (Collector),No,39.72636111,-86.15881667,Non-Intersection,Dark - Lighted,Clear,Unknown,Unknown,Unknown EMS Scene Arrival Hour,Unknown EMS Scene Arrival Minutes,Not Applicable (Not Transported),Not Applicable (Not Transported),1,Dark - Lighted,Clear,0,1,[],[],0,0,Valid,0.0,0.0,45.0,45.0,['Female'],0,0,2,1,4,Dry,Straight,Level,Lowest,No
13830,18,Indiana,180155,0,1,1,0,1,INDIANAPOLIS,April,3,Monday,14,30,Urban,High Speed (Arterial),No,39.78596944,-86.16836944,Non-Intersection,Daylight,Clear,Unknown,Unknown,Unknown EMS Scene Arrival Hour,Unknown EMS Scene Arrival Minutes,Unknown,Unknown EMS Hospital Arrival Time,1,Daylight,Clear,1,0,['Driver'],['Shoulder_Lapbelt'],0,0,Valid,0.0,0.0,57.0,57.0,['Female'],0,0,2,4,3,Dry,Straight,Level,Lowest,No
13831,18,Indiana,180156,0,1,1,0,1,RICHMOND,April,7,Friday,16,47,Urban,Medium Speed (Collector),No,39.81389722,-84.901675,Non-Intersection,Daylight,Clear,Unknown,Unknown,Unknown EMS Scene Arrival Hour,Unknown EMS Scene Arrival Minutes,Not Applicable (Not Transported),Not Applicable (Not Transported),1,Daylight,Clear,1,0,['Driver'],['None_Used'],0,0,Valid,0.0,0.0,29.0,29.0,['Male'],1,0,5,4,2,Dry,Curve,Level,Lowest,No
13832,18,Indiana,180157,0,2,2,0,2,BLOOMINGTON,March,7,Tuesday,13,18,Urban,High Speed (Arterial),No,39.142,-86.58261111,Complex/Circle,Daylight,Clear,Unknown,Unknown,Unknown EMS Scene Arrival Hour,Unknown EMS Scene Arrival Minutes,Unknown,Unknown EMS Hospital Arrival Time,1,Daylight,Clear,1,1,['Driver'],['Shoulder_Lapbelt'],0,0,Valid,0.0,0.0,90.0,20.0,"['Female', 'Male']",0,0,3,4,5,Dry,Straight,Grade/Hillcrest,Lowest,No
13833,18,Indiana,180158,1,1,1,0,1,EVANSVILLE,March,9,Thursday,18,47,Urban,High Speed (Arterial),No,37.98505556,-87.60040278,Simple Junction,Dark - Lighted,Rain,Unknown,Unknown,Unknown EMS Scene Arrival Hour,Unknown EMS Scene Arrival Minutes,Unknown,Unknown EMS Hospital Arrival Time,1,Dark - Lighted,Rain/Wind/Minor,0,0,[],[],0,0,Valid,0.0,1.0,58.0,58.0,['Male'],0,0,3,0,4,Wet/Standing Water,Straight,Level,Lowest,No
13834,18,Indiana,180159,0,2,2,0,2,NOT APPLICABLE,March,13,Monday,7,5,Rural,High Speed (Arterial),Yes,40.96141944,-85.07374722,Complex/Circle,Dark - Not Lighted,Cloudy,Unknown,Unknown,Unknown EMS Scene Arrival Hour,Unknown EMS Scene Arrival Minutes,Unknown,Unknown EMS Hospital Arrival Time,1,Dark - Unlighted,Reduced Visibility,1,1,['Driver'],['Shoulder_Lapbelt'],0,0,Valid,0.0,0.0,80.0,40.0,"['Male', 'Male']",0,0,3,4,5,Dry,Straight,Level,Lowest,No
13835,18,Indiana,180160,0,3,3,0,3,INDIANAPOLIS,March,26,Sunday,19,28,Urban,High Speed (Arterial),Yes,39.69921944,-86.29499444,Non-Intersection,Dusk,Clear,Unknown,Unknown,Unknown EMS Scene Arrival Hour,Unknown EMS Scene Arrival Minutes,Not Applicable (Not Transported),Not Applicable (Not Transported),1,Twilight,Clear,1,2,['Driver'],['None_Used'],0,0,Valid,0.0,1.0,54.0,36.0,"['Male', 'Male', 'Female']",1,0,5,4,5,Dry,Straight,Level,Lowest,No
13836,18,Indiana,180162,0,1,1,0,1,INDIANAPOLIS,April,9,Sunday,19,12,Urban,High Speed (Arterial),Yes,39.70173611,-86.16367222,Non-Intersection,Daylight,Clear,Unknown,Unknown,Unknown EMS Scene Arrival Hour,Unknown EMS Scene Arrival Minutes,Unknown,Unknown EMS Hospital Arrival Time,1,Daylight,Clear,1,0,['Driver'],['None_Used'],0,0,Valid,0.0,0.0,51.0,51.0,['Male'],0,0,5,4,1,Dry,Curve,Grade/Hillcrest,Lowest,No
13837,18,Indiana,180163,0,1,1,0,1,NOT APPLICABLE,March,31,Friday,23,45,Rural,Medium Speed (Collector),No,39.95183333,-85.85710833,Non-Intersection,Dark - Not Lighted,Rain,Unknown,Unknown if Notified,Unknown EMS Scene Arrival Hour,Unknown if Arrived,Not Applicable (Not Transported),Not Applicable (Not Transported),1,Dark - Unlighted,Rain/Wind/Minor,1,0,['Driver'],['Shoulder_Lapbelt'],1,1,Valid,0.0,0.0,38.0,38.0,['Female'],1,0,2,4,3,Wet/Standing Water,Curve,Level,Lowest,No
13838,18,Indiana,180164,0,1,1,0,3,NOT APPLICABLE,April,10,Monday,21,48,Rural,Medium Speed (Collector),No,39.87323611,-85.51931667,Non-Intersection,Dark - Not Lighted,Clear,Unknown,Unknown,Unknown EMS Scene Arrival Hour,Unknown EMS Scene Arrival Minutes,Unknown,Unknown EMS Hospital Arrival Time,1,Dark - Unlighted,Clear,1,2,['Rear_Seat'],['Shoulder_Lapbelt'],0,0,Valid,0.0,0.0,17.0,17.0,['Female'],0,0,2,4,3,Dry,Curve,Level,Lowest,No
13839,18,Indiana,180165,0,1,1,0,1,NOT APPLICABLE,March,26,Sunday,16,20,Rural,Medium Speed (Collector),No,37.915925,-87.10027222,Non-Intersection,Daylight,Clear,Unknown,Unknown if Notified,Unknown EMS Scene Arrival Hour,Unknown if Arrived,Not Applicable (Not Transported),Not Applicable (Not Transported),1,Daylight,Clear,1,0,['Driver'],['Shoulder_Lapbelt'],0,0,Valid,1.0,0.0,71.0,71.0,['Female'],0,0,2,4,3,Dry,Straight,Level,Lowest,No
13840,18,Indiana,180166,0,1,1,0,1,NOT APPLICABLE,April,14,Friday,4,10,Urban,Medium Speed (Collector),No,40.53530556,-85.65863611,Simple Junction,Dark - Lighted,Clear,Unknown,Unknown,Unknown EMS Scene Arrival Hour,Unknown EMS Scene Arrival Minutes,Unknown,Unknown EMS Hospital Arrival Time,1,Dark - Lighted,Clear,1,0,['Driver'],['Shoulder_Lapbelt'],0,0,Valid,0.0,0.0,24.0,24.0,['Male'],0,0,3,4,2,Dry,Curve,Level,Lowest,No
13841,18,Indiana,180167,0,3,2,1,3,GARY,April,12,Wednesday,23,22,Urban,High Speed (Arterial),No,41.60207778,-87.33713611,Complex/Circle,Dark - Lighted,Clear,Unknown,Unknown,Unknown EMS Scene Arrival Hour,Unknown EMS Scene Arrival Minutes,Unknown,Unknown EMS Hospital Arrival Time,1,Dark - Lighted,Clear,1,2,['Driver'],['None_Used'],1,1,Invalid,0.0,0.0,42.0,25.0,"['Male', 'Female']",1,0,5,4,5,Dry,Straight,Level,Lowest,No
13842,18,Indiana,180168,1,1,1,0,1,INDIANAPOLIS,April,12,Wednesday,5,48,Urban,Medium Speed (Collector),No,39.84025833,-86.09321944,Non-Intersection,Dark - Not Lighted,Clear,Unknown,Unknown if Notified,Unknown EMS Scene Arrival Hour,Unknown if Arrived,Not Applicable (Not Transported),Not Applicable (Not Transported),1,Dark - Unlighted,Clear,0,1,[],[],0,0,Invalid,0.0,2.0,53.0,53.0,['Female'],0,0,2,4,4,Dry,Straight,Level,Lowest,No
13843,18,Indiana,180169,0,2,2,0,3,NOT APPLICABLE,April,14,Friday,15,42,Rural,Medium Speed (Collector),No,39.40000556,-86.19593333,Complex/Circle,Daylight,Clear,Unknown,Unknown,Unknown EMS Scene Arrival Hour,Unknown EMS Scene Arrival Minutes,Unknown,Unknown EMS Hospital Arrival Time,1,Daylight,Clear,1,2,['Front_Passenger'],['Shoulder_Lapbelt'],0,0,Valid,0.0,0.0,79.0,16.0,"['Male', 'Male']",0,0,3,4,5,Dry,Straight,Level,Lowest,No
13844,18,Indiana,180170,0,1,1,0,1,NOT APPLICABLE,April,13,Thursday,20,50,Rural,Medium Speed (Collector),No,37.95332222,-87.65969722,Non-Intersection,Dark - Not Lighted,Clear,Unknown,Unknown,Unknown EMS Scene Arrival Hour,Unknown EMS Scene Arrival Minutes,Not Applicable (Not Transported),Not Applicable (Not Transported),1,Dark - Unlighted,Clear,1,0,['Driver'],['Shoulder_Lapbelt'],1,1,Valid,0.0,0.0,65.0,65.0,['Female'],0,0,2,4,3,Dry,Straight,Level,Lowest,No
13845,18,Indiana,180171,0,2,2,0,2,NOT APPLICABLE,April,14,Friday,3,25,Rural,High Speed (Arterial),Yes,38.14311667,-87.55105278,Non-Intersection,Dark - Not Lighted,Clear,Unknown,Unknown,Unknown EMS Scene Arrival Hour,Unknown EMS Scene Arrival Minutes,Unknown,Unknown EMS Hospital Arrival Time,1,Dark - Unlighted,Clear,1,1,['Driver'],['Shoulder_Lapbelt'],1,1,Valid,1.0,1.0,43.0,20.0,"['Male', 'Female']",0,0,2,4,5,Dry,Straight,Level,Lowest,No
13846,18,Indiana,180172,0,2,2,0,2,NOT APPLICABLE,April,14,Friday,14,34,Rural,Medium Speed (Collector),No,40.46103056,-86.76662778,Non-Intersection,Daylight,Clear,Unknown,Unknown,Unknown EMS Scene Arrival Hour,Unknown EMS Scene Arrival Minutes,Unknown,Unknown EMS Hospital Arrival Time,1,Daylight,Clear,1,1,['Driver'],['None_Used'],0,0,Valid,1.0,0.0,69.0,20.0,"['Male', 'Female']",1,0,5,4,5,Dry,Straight,Level,Lowest,No
13847,18,Indiana,180173,0,2,2,0,3,INDIANAPOLIS,March,18,Saturday,2,7,Urban,High Speed (Arterial),No,39.80314722,-86.28053611,Non-Intersection,Dark - Lighted,Cloudy,Unknown,Unknown,Unknown EMS Scene Arrival Hour,Unknown EMS Scene Arrival Minutes,Unknown,Unknown EMS Hospital Arrival Time,1,Dark - Lighted,Reduced Visibility,1,2,['Driver'],['Shoulder_Lapbelt'],1,1,Valid,1.0,1.0,62.0,34.0,"['Female', 'Male']",0,0,3,4,5,Dry,Straight,Level,Lowest,No
13848,18,Indiana,180174,1,1,1,0,1,NOT APPLICABLE,April,13,Thursday,5,41,Rural,Medium Speed (Collector),No,41.53742778,-85.93805833,Non-Intersection,Dark - Not Lighted,Clear,Unknown,Unknown,Unknown EMS Scene Arrival Hour,Unknown EMS Scene Arrival Minutes,Unknown,Unknown EMS Hospital Arrival Time,1,Dark - Unlighted,Clear,0,1,[],[],0,0,Valid,0.0,0.0,58.0,58.0,['Male'],0,0,4,0,4,Dry,Straight,Level,Lowest,Yes
13849,18,Indiana,180175,0,3,3,0,11,FORT WAYNE,March,22,Wednesday,13,3,Urban,High Speed (Arterial),No,41.06935278,-85.13669722,Complex/Circle,Daylight,Rain,Unknown,Unknown,Unknown EMS Scene Arrival Hour,Unknown EMS Scene Arrival Minutes,Unknown,Unknown EMS Hospital Arrival Time,1,Daylight,Rain/Wind/Minor,1,9,['Non_Standard_Risk'],['Shoulder_Lapbelt'],0,0,Valid,0.0,0.0,66.0,56.0,"['Male', 'Male', 'Male']",0,0,4,4,5,Wet/Standing Water,Straight,Grade/Hillcrest,Lowest,No
13850,18,Indiana,180176,0,2,2,0,3,FORT WAYNE,April,11,Tuesday,9,22,Urban,High Speed (Arterial),No,41.07439444,-85.2446,Simple Junction,Daylight,Clear,Unknown,Unknown,Unknown EMS Scene Arrival Hour,Unknown EMS Scene Arrival Minutes,Unknown,Unknown EMS Hospital Arrival Time,1,Daylight,Clear,1,2,['Front_Passenger'],['Shoulder_Lapbelt'],0,0,Valid,0.0,0.0,91.0,37.0,"['Female', 'Female']",0,0,3,4,5,Dry,Straight,Level,Lowest,No
13851,18,Indiana,180177,1,2,1,1,4,NOT APPLICABLE,March,27,Monday,0,16,Rural,High Speed (Arterial),Yes,38.5271,-85.77416667,Non-Intersection,Dark - Not Lighted,Clear,Unknown,Unknown,Unknown EMS Scene Arrival Hour,Unknown EMS Scene Arrival Minutes,Unknown,Unknown EMS Hospital Arrival Time,1,Dark - Unlighted,Clear,0,4,[],[],0,0,Valid,0.0,0.0,56.0,56.0,['Male'],4,0,3,4,4,Dry,Straight,Level,Lowest,No
13852,18,Indiana,180178,0,3,3,0,3,DANVILLE,April,5,Wednesday,14,34,Urban,High Speed (Arterial),Yes,39.760025,-86.51282778,Non-Intersection,Daylight,Rain,2:00pm-2:59pm,34,2:00pm-2:59pm,38,2:00pm-2:59pm,50,1,Daylight,Rain/Wind/Minor,1,2,['Driver'],['Shoulder_Lapbelt'],0,0,Valid,0.0,1.0,69.0,21.0,"['Female', 'Female', 'Female']",0,0,3,4,5,Wet/Standing Water,Straight,Level,Lowest,No
13853,18,Indiana,180179,0,1,1,0,1,JEFFERSONVILLE,April,14,Friday,19,55,Urban,Medium Speed (Collector),No,38.30556389,-85.74459167,Simple Junction,Dusk,Clear,Unknown,Unknown,Unknown EMS Scene Arrival Hour,Unknown EMS Scene Arrival Minutes,Not Applicable (Not Transported),Not Applicable (Not Transported),1,Twilight,Clear,1,0,['Driver'],['None_Used'],0,0,Invalid,0.0,0.0,26.0,26.0,['Male'],1,0,5,4,2,Dry,Curve,Grade/Hillcrest,Lowest,No
13854,18,Indiana,180180,0,1,1,0,1,NOT APPLICABLE,April,14,Friday,18,55,Rural,Medium Speed (Collector),No,39.69096667,-87.35327222,Non-Intersection,Daylight,Clear,Unknown,Unknown,Unknown EMS Scene Arrival Hour,Unknown EMS Scene Arrival Minutes,Not Applicable (Not Transported),Not Applicable (Not Transported),1,Daylight,Clear,1,0,['Driver'],['None_Used'],0,0,Valid,2.0,0.0,31.0,31.0,['Male'],1,0,5,4,2,Dry,Curve,Grade/Hillcrest,Lowest,No
13855,18,Indiana,180181,0,1,1,0,1,FORT WAYNE,April,19,Wednesday,1,40,Urban,Medium Speed (Collector),No,41.05063889,-85.09661944,Non-Intersection,Dark - Lighted,Clear,Unknown,Unknown,Unknown EMS Scene Arrival Hour,Unknown EMS Scene Arrival Minutes,Unknown,Unknown EMS Hospital Arrival Time,1,Dark - Lighted,Clear,1,0,['Driver'],['None_Used'],0,0,Valid,3.0,0.0,59.0,59.0,['Male'],0,0,5,4,2,Dry,Straight,Level,Lowest,No
13856,18,Indiana,180182,0,1,1,0,1,NOT APPLICABLE,April,20,Thursday,14,45,Rural,High Speed (Arterial),Yes,41.40051111,-86.29128056,Non-Intersection,Daylight,Clear,Unknown,Unknown if Notified,Unknown EMS Scene Arrival Hour,Unknown if Arrived,Not Applicable (Not Transported),Not Applicable (Not Transported),1,Daylight,Clear,1,0,['Driver'],['Shoulder_Lapbelt'],0,0,Valid,1.0,0.0,33.0,33.0,['Male'],0,0,2,1,3,Dry,Straight,Level,Lowest,No
13857,18,Indiana,180183,0,2,2,0,3,INDIANAPOLIS,April,17,Monday,16,26,Urban,Medium Speed (Collector),No,39.65115833,-86.08453611,Complex/Circle,Daylight,Cloudy,Unknown,Unknown,Unknown EMS Scene Arrival Hour,Unknown EMS Scene Arrival Minutes,Unknown,Unknown EMS Hospital Arrival Time,1,Daylight,Reduced Visibility,1,0,['Rear_Seat'],['Shoulder_Lapbelt'],0,0,Valid,1.0,0.0,54.0,18.0,"['Female', 'Male']",0,0,3,4,5,Dry,Straight,Level,Lowest,No
13858,18,Indiana,180184,0,1,1,0,2,SOUTH BEND,April,9,Sunday,20,35,Urban,High Speed (Arterial),No,41.65774167,-86.21706389,Non-Intersection,Dark - Lighted,Clear,Unknown,Unknown,Unknown EMS Scene Arrival Hour,Unknown EMS Scene Arrival Minutes,Unknown,Unknown EMS Hospital Arrival Time,1,Dark - Lighted,Clear,1,1,['Front_Passenger'],['Shoulder_Lapbelt'],1,1,Valid,0.0,0.0,35.0,35.0,['Male'],2,0,2,1,3,Dry,Straight,Level,Lowest,No
13859,18,Indiana,180185,0,1,1,0,1,NOT APPLICABLE,April,25,Tuesday,9,14,Rural,Low Speed (Local),No,38.66236389,-85.86955556,Non-Intersection,Daylight,Clear,Unknown,Unknown if Notified,Unknown EMS Scene Arrival Hour,Unknown if Arrived,Not Applicable (Not Transported),Not Applicable (Not Transported),1,Daylight,Clear,1,0,['Driver'],['Shoulder_Lapbelt'],0,0,Valid,1.0,0.0,53.0,53.0,['Female'],0,0,2,4,3,Dry,Straight,Level,Lowest,No
13860,18,Indiana,180186,0,2,2,0,3,PLAINFIELD,April,8,Saturday,20,53,Urban,High Speed (Arterial),No,39.6972,-86.37098611,Complex/Circle,Dusk,Cloudy,8:00pm-8:59pm,51,8:00pm-8:59pm,57,Unknown,Unknown EMS Hospital Arrival Time,1,Twilight,Reduced Visibility,1,2,['Front_Passenger'],['None_Used'],0,0,Valid,1.0,0.0,43.0,35.0,"['Male', 'Female']",0,0,3,4,5,Dry,Straight,Level,Lowest,No
13861,18,Indiana,180187,0,1,1,0,1,INDIANAPOLIS,April,16,Sunday,4,0,Urban,High Speed (Arterial),No,39.83305556,-86.01000278,Non-Intersection,Dark - Not Lighted,Cloudy,Unknown,Unknown,Unknown EMS Scene Arrival Hour,Unknown EMS Scene Arrival Minutes,Unknown,Unknown EMS Hospital Arrival Time,1,Dark - Unlighted,Reduced Visibility,1,0,['Driver'],['None_Used'],1,1,Valid,0.0,1.0,26.0,26.0,['Male'],1,0,5,4,1,Wet/Standing Water,Straight,Level,Lowest,No
13862,18,Indiana,180188,0,1,1,0,2,NOT APPLICABLE,April,13,Thursday,22,40,Rural,Medium Speed (Collector),No,40.01113889,-86.82836111,Non-Intersection,Dark - Not Lighted,Clear,Unknown,Unknown,Unknown EMS Scene Arrival Hour,Unknown EMS Scene Arrival Minutes,Unknown,Unknown EMS Hospital Arrival Time,2,Dark - Unlighted,Clear,2,0,"['Driver', 'Front_Passenger']","['Shoulder_Lapbelt', 'Shoulder_Lapbelt']",0,0,Valid,1.0,1.0,33.0,33.0,['Male'],0,0,3,4,4,Dry,Straight,Level,Lowest,No
13863,18,Indiana,180189,0,1,1,0,1,JASPER,February,27,Monday,16,44,Rural,High Speed (Arterial),Yes,38.40543611,-86.93710278,Non-Intersection,Daylight,Clear,Unknown,Unknown,Unknown EMS Scene Arrival Hour,Unknown EMS Scene Arrival Minutes,Unknown,Unknown EMS Hospital Arrival Time,1,Daylight,Clear,1,0,['Driver'],['Shoulder_Lapbelt'],0,0,Invalid,0.0,0.0,43.0,43.0,['Male'],1,0,2,4,3,Dry,Curve,Level,Lowest,No
13864,18,Indiana,180190,0,2,2,0,2,JEFFERSONVILLE,March,7,Tuesday,19,10,Rural,Medium Speed (Collector),No,38.32828056,-85.73680556,Non-Intersection,Dark - Lighted,Clear,Unknown,Unknown,Unknown EMS Scene Arrival Hour,Unknown EMS Scene Arrival Minutes,Unknown,Unknown EMS Hospital Arrival Time,1,Dark - Lighted,Clear,1,1,['Driver'],['None_Used'],0,0,Valid,0.0,0.0,51.0,46.0,"['Female', 'Female']",0,0,2,4,5,Dry,Curve,Level,Lowest,No
13865,18,Indiana,180191,0,3,3,0,4,NOT APPLICABLE,April,27,Thursday,18,25,Rural,High Speed (Arterial),Yes,40.19339722,-85.30619444,Simple Junction,Daylight,Clear,Unknown,Unknown,Unknown EMS Scene Arrival Hour,Unknown EMS Scene Arrival Minutes,Unknown,Unknown EMS Hospital Arrival Time,1,Daylight,Clear,1,3,['Driver'],['Shoulder_Lapbelt'],0,0,Valid,0.0,0.0,45.0,27.0,"['Male', 'Female', 'Female']",0,0,3,4,5,Dry,Straight,Grade/Hillcrest,Lowest,No
13866,18,Indiana,180192,0,2,2,0,2,NOT APPLICABLE,April,29,Saturday,1,23,Rural,High Speed (Arterial),Yes,41.66186389,-86.77075833,Non-Intersection,Dark - Not Lighted,Clear,Unknown,Unknown,Unknown EMS Scene Arrival Hour,Unknown EMS Scene Arrival Minutes,Unknown,Unknown EMS Hospital Arrival Time,1,Dark - Unlighted,Clear,1,1,['Driver'],['Shoulder_Lapbelt'],1,2,Invalid,0.0,1.0,37.0,21.0,"['Male', 'Male']",0,0,3,4,5,Dry,Curve,Grade/Hillcrest,Lowest,No