,State_Code,State_Name,Crash_ID,Count_Non_Motorists,Count_Vehicles_Total,Count_Vehicle_Forms,Count_PVH_Involved,Count_Occupants_MV,City_Name,Month_Name,Day_of_Month,Day_of_Week,Crash_Hour,Crash_Minute,Area_Rural_Urban,Road_Functional_Class,On_NHS_Road,Latitude,Longitude,Intersection_Type,Light_Condition,Weather_Condition,Notif_Hour,Notif_Minute,Arrival_Hour,Arrival_Minute,Hospital_Hour,Hospital_Minute,Fatalities_Count,Clean_Light_Condition,Clean_Weather_Condition,Total_Killed,Total_Alive,Fatal_Seats_List,Killed_Restraint_List,Any_Driver_Drinking,Total_Drinking_Drivers,Driver_License_Category,Driver_Max_Prev_Accident_Count,Driver_Max_Prev_Speeding_Count,Max_Driver_Age,Min_Driver_Age,Driver_Sex_List,Total_Exceeding_Limit_Vehicles,Total_Too_Fast_Vehicles,Max_Vehicle_Type_Severity_5,Max_Vehicle_Damage_Rank,Max_Harmful_Event_Severity,Crash_Road_Surface_Condition,Crash_Horizontal_Alignment,Crash_Vertical_Profile,Crash_Impairment_Category,Crash_Vehicle_Defect
13867,18,Indiana,180193,0,2,2,0,2,NOT APPLICABLE,April,28,Friday,15,26,Rural,High Speed (Arterial),Yes,41.40574444,-86.73661111,Complex/Circle,Daylight,Clear,Unknown,Unknown,Unknown EMS Scene Arrival Hour,Unknown EMS Scene Arrival Minutes,Unknown,Unknown EMS Hospital Arrival Time,1,Daylight,Clear,1,1,['Driver'],['Shoulder_Lapbelt'],0,0,Valid,0.0,1.0,39.0,27.0,"['Male', 'Male']",0,0,4,4,5,Dry,Straight,Level,Lowest,No
13868,18,Indiana,180194,0,1,1,0,1,NOT APPLICABLE,April,26,Wednesday,0,29,Rural,High Speed (Arterial),Yes,41.65813056,-86.89369722,Non-Intersection,Dark - Lighted,Clear,Unknown,Unknown if Notified,Unknown EMS Scene Arrival Hour,Unknown if Arrived,Not Applicable (Not Transported),Not Applicable (Not Transported),1,Dark - Lighted,Clear,1,0,['Driver'],['Shoulder_Lapbelt'],0,0,Valid,0.0,0.0,64.0,64.0,['Female'],0,0,3,4,3,Dry,Straight,Level,Lowest,No
13869,18,Indiana,180195,0,3,3,0,3,HOBART,May,3,Wednesday,14,57,Urban,High Speed (Arterial),No,41.55078611,-87.26003056,Complex/Circle,Daylight,Clear,Unknown,Unknown,Unknown EMS Scene Arrival Hour,Unknown EMS Scene Arrival Minutes,Unknown,Unknown EMS Hospital Arrival Time,1,Daylight,Clear,1,2,['Driver'],['Shoulder_Lapbelt'],0,0,Valid,0.0,0.0,65.0,39.0,"['Male', 'Female', 'Female']",1,0,3,4,5,Dry,Straight,Level,Lowest,No
13870,18,Indiana,180196,0,1,1,0,1,MICHIGAN CITY,May,3,Wednesday,18,10,Urban,High Speed (Arterial),No,41.70830833,-86.82593056,Non-Intersection,Daylight,Clear,Unknown,Unknown,Unknown EMS Scene Arrival Hour,Unknown EMS Scene Arrival Minutes,Unknown,Unknown EMS Hospital Arrival Time,1,Daylight,Clear,1,0,['Driver'],['Shoulder_Lapbelt'],0,0,Valid,0.0,0.0,74.0,74.0,['Male'],0,0,2,4,3,Dry,Straight,Level,Lowest,No
13871,18,Indiana,180197,0,2,2,0,5,KOKOMO,April,23,Sunday,20,50,Urban,Medium Speed (Collector),No,40.495475,-86.13374722,Complex/Circle,Dark - Lighted,Clear,Unknown,Unknown,Unknown EMS Scene Arrival Hour,Unknown EMS Scene Arrival Minutes,Unknown,Unknown EMS Hospital Arrival Time,1,Dark - Lighted,Clear,1,4,['Rear_Seat'],['None_Used'],1,1,Invalid,0.0,0.0,28.0,22.0,"['Male', 'Female']",1,0,3,4,5,Dry,Straight,Level,Lowest,No
13872,18,Indiana,180198,0,1,1,0,1,FORT WAYNE,April,27,Thursday,23,8,Rural,Medium Speed (Collector),No,41.02813333,-85.12338611,Non-Intersection,Dark - Not Lighted,Rain,Unknown,Unknown if Notified,Unknown EMS Scene Arrival Hour,Unknown if Arrived,Not Applicable (Not Transported),Not Applicable (Not Transported),1,Dark - Unlighted,Rain/Wind/Minor,1,0,['Driver'],['Shoulder_Lapbelt'],1,1,Invalid,0.0,0.0,22.0,22.0,['Female'],1,0,2,4,2,Wet/Standing Water,Straight,Level,Lowest,No
13873,18,Indiana,180199,0,3,3,0,5,NOT APPLICABLE,May,2,Tuesday,6,15,Rural,Medium Speed (Collector),No,40.06642222,-85.91947778,Non-Intersection,Dark - Not Lighted,Clear,Unknown,Unknown,Unknown EMS Scene Arrival Hour,Unknown EMS Scene Arrival Minutes,Unknown,Unknown EMS Hospital Arrival Time,1,Dark - Unlighted,Clear,1,4,['Driver'],['Shoulder_Lapbelt'],0,0,Valid,0.0,0.0,49.0,24.0,"['Male', 'Female', 'Male']",0,0,3,4,5,Wet/Standing Water,Straight,Level,Lowest,No
13874,18,Indiana,180200,0,1,1,0,1,NOT APPLICABLE,May,9,Tuesday,6,43,Rural,Medium Speed (Collector),No,38.229225,-85.93375833,Non-Intersection,Dawn,Cloudy,Unknown,Unknown,Unknown EMS Scene Arrival Hour,Unknown EMS Scene Arrival Minutes,Not Applicable (Not Transported),Not Applicable (Not Transported),1,Twilight,Reduced Visibility,1,0,['Driver'],['Shoulder_Lapbelt'],0,0,Valid,0.0,0.0,16.0,16.0,['Male'],1,0,3,4,3,Wet/Standing Water,Curve,Level,Lowest,No
13875,18,Indiana,180201,0,1,1,0,1,NOT APPLICABLE,March,20,Monday,16,28,Rural,High Speed (Arterial),Yes,41.41564722,-86.29787778,Non-Intersection,Daylight,Severe Crosswinds,Unknown,Unknown,Unknown EMS Scene Arrival Hour,Unknown EMS Scene Arrival Minutes,Not Applicable (Not Transported),Not Applicable (Not Transported),1,Daylight,Rain/Wind/Minor,1,0,['Driver'],['Shoulder_Lapbelt'],0,0,Valid,0.0,0.0,35.0,35.0,['Male'],0,0,3,4,3,Dry,Straight,Level,Lowest,No
13876,18,Indiana,180202,0,1,1,0,1,WESTPOINT,March,20,Monday,15,59,Rural,Medium Speed (Collector),No,40.34295278,-87.04289722,Non-Intersection,Daylight,Clear,Unknown,Unknown,Unknown EMS Scene Arrival Hour,Unknown EMS Scene Arrival Minutes,Not Applicable (Not Transported),Not Applicable (Not Transported),1,Daylight,Clear,1,0,['Driver'],['Shoulder_Lapbelt'],0,0,Valid,0.0,0.0,62.0,62.0,['Male'],0,0,3,4,3,Dry,Straight,Level,Medium,No
13877,18,Indiana,180203,0,1,1,0,1,LAWRENCE,March,25,Saturday,0,0,Urban,Medium Speed (Collector),No,39.90089167,-85.95713889,Non-Intersection,Dark - Not Lighted,Rain,Unknown,Unknown,Unknown EMS Scene Arrival Hour,Unknown EMS Scene Arrival Minutes,Not Applicable (Not Transported),Not Applicable (Not Transported),1,Dark - Unlighted,Rain/Wind/Minor,1,0,['Driver'],['Shoulder_Lapbelt'],0,0,Valid,0.0,0.0,83.0,83.0,['Male'],0,0,3,4,3,Wet/Standing Water,Straight,Level,Medium,No
13878,18,Indiana,180204,1,1,1,0,1,INDIANAPOLIS,March,27,Monday,15,2,Urban,High Speed (Arterial),No,39.77504444,-85.98536111,Complex/Circle,Daylight,Clear,Unknown,Unknown,Unknown EMS Scene Arrival Hour,Unknown EMS Scene Arrival Minutes,Unknown,Unknown EMS Hospital Arrival Time,1,Daylight,Clear,0,0,[],[],0,0,Invalid,0.0,0.0,36.0,36.0,['Female'],0,0,3,4,4,Dry,Straight,Level,Lowest,No
13879,18,Indiana,180205,0,2,2,0,5,NOT APPLICABLE,March,29,Wednesday,16,25,Rural,Medium Speed (Collector),No,41.60686111,-85.16933889,Complex/Circle,Daylight,Clear,Unknown,Unknown,Unknown EMS Scene Arrival Hour,Unknown EMS Scene Arrival Minutes,Unknown,Unknown EMS Hospital Arrival Time,1,Daylight,Clear,1,4,['Rear_Seat'],['None_Used'],0,0,Valid,0.0,0.0,56.0,18.0,"['Male', 'Male']",0,0,4,4,5,Dry,Straight,Level,Lowest,No
13880,18,Indiana,180206,0,2,2,0,4,INDIANAPOLIS,April,2,Sunday,19,30,Urban,Medium Speed (Collector),No,39.78164444,-86.06428611,Complex/Circle,Dark - Lighted,Clear,Unknown,Unknown,Unknown EMS Scene Arrival Hour,Unknown EMS Scene Arrival Minutes,Unknown,Unknown EMS Hospital Arrival Time,2,Dark - Lighted,Clear,2,2,"['Driver', 'Front_Passenger']","['None_Used', 'None_Used']",1,1,Valid,0.0,0.0,54.0,43.0,"['Male', 'Male']",0,0,3,4,5,Dry,Straight,Level,Lowest,No
13881,18,Indiana,180208,0,2,2,0,3,NOT APPLICABLE,March,24,Friday,14,25,Rural,Medium Speed (Collector),No,40.08721944,-85.28086944,Non-Intersection,Daylight,Severe Crosswinds,Unknown,Unknown,Unknown EMS Scene Arrival Hour,Unknown EMS Scene Arrival Minutes,Unknown,Unknown EMS Hospital Arrival Time,1,Daylight,Rain/Wind/Minor,1,1,['Driver'],['Shoulder_Only'],0,0,Valid,0.0,1.0,38.0,24.0,"['Female', 'Female']",0,0,3,4,5,Wet/Standing Water,Curve,Grade/Hillcrest,Lowest,No
13882,18,Indiana,180210,0,2,2,0,2,LAWRENCEBURG,April,3,Monday,9,58,Urban,High Speed (Arterial),Yes,39.07919167,-84.88646389,Non-Intersection,Daylight,Rain,Unknown,Unknown,Unknown EMS Scene Arrival Hour,Unknown EMS Scene Arrival Minutes,Unknown,Unknown EMS Hospital Arrival Time,1,Daylight,Rain/Wind/Minor,1,1,['Driver'],['None_Used'],0,0,Invalid,0.0,0.0,70.0,48.0,"['Male', 'Female']",0,0,3,4,5,Wet/Standing Water,Straight,Grade/Hillcrest,Medium,No
13883,18,Indiana,180211,0,1,1,0,1,EVANSVILLE,April,2,Sunday,22,56,Urban,Medium Speed (Collector),No,38.01147778,-87.58283889,Non-Intersection,Dark - Lighted,Clear,Unknown,Unknown,Unknown EMS Scene Arrival Hour,Unknown EMS Scene Arrival Minutes,Not Applicable (Not Transported),Not Applicable (Not Transported),1,Dark - Lighted,Clear,1,0,['Driver'],['None_Used'],1,1,Valid,0.0,1.0,48.0,48.0,['Female'],0,0,3,4,3,Dry,Straight,Grade/Hillcrest,Lowest,No
13884,18,Indiana,180212,0,3,3,0,3,ANDERSON,April,8,Saturday,18,40,Urban,High Speed (Arterial),No,40.090175,-85.65265278,Simple Junction,Daylight,Clear,Unknown,Unknown,Unknown EMS Scene Arrival Hour,Unknown EMS Scene Arrival Minutes,Unknown,Unknown EMS Hospital Arrival Time,1,Daylight,Clear,1,2,['Driver'],['Shoulder_Lapbelt'],1,1,Valid,1.0,0.0,49.0,22.0,"['Female', 'Male', 'Female']",0,0,3,4,5,Dry,Straight,Level,Medium,No
13885,18,Indiana,180213,0,2,2,0,3,NOT APPLICABLE,April,11,Tuesday,11,12,Rural,High Speed (Arterial),Yes,41.71620278,-86.19965,Non-Intersection,Daylight,Clear,Unknown,Unknown,Unknown EMS Scene Arrival Hour,Unknown EMS Scene Arrival Minutes,Unknown,Unknown EMS Hospital Arrival Time,1,Daylight,Clear,1,2,['Front_Passenger'],['Shoulder_Lapbelt'],0,0,Valid,0.0,1.0,33.0,28.0,"['Male', 'Male']",0,0,4,4,5,Dry,Straight,Level,Lowest,Yes
13886,18,Indiana,180214,0,1,1,0,1,NOT APPLICABLE,April,10,Monday,19,27,Rural,Low Speed (Local),No,41.01852778,-86.149425,Non-Intersection,Daylight,Clear,Unknown,Unknown,Unknown EMS Scene Arrival Hour,Unknown EMS Scene Arrival Minutes,Not Applicable (Not Transported),Not Applicable (Not Transported),1,Daylight,Clear,1,0,['Driver'],['None_Used'],1,1,Valid,0.0,0.0,44.0,44.0,['Male'],1,0,5,4,2,Dry,Curve,Level,Lowest,No
13887,18,Indiana,180215,0,2,2,0,4,BOURBON,April,14,Friday,10,12,Urban,Medium Speed (Collector),No,41.29557778,-86.11384167,Complex/Circle,Daylight,Clear,Unknown,Unknown,Unknown EMS Scene Arrival Hour,Unknown EMS Scene Arrival Minutes,Unknown,Unknown EMS Hospital Arrival Time,1,Daylight,Clear,1,3,['Rear_Seat'],['None_Used'],0,0,Valid,0.0,0.0,74.0,44.0,"['Female', 'Female']",0,0,3,4,5,Dry,Straight,Level,Lowest,No
13888,18,Indiana,180216,0,1,1,0,1,NOT APPLICABLE,April,15,Saturday,1,47,Rural,Medium Speed (Collector),No,40.33790556,-87.03982222,Non-Intersection,Dark - Not Lighted,Clear,Unknown,Unknown,Unknown EMS Scene Arrival Hour,Unknown EMS Scene Arrival Minutes,Not Applicable (Not Transported),Not Applicable (Not Transported),1,Dark - Unlighted,Clear,1,0,['Driver'],['None_Used'],1,1,Invalid,0.0,0.0,29.0,29.0,['Male'],0,0,2,4,3,Dry,Curve,Grade/Hillcrest,Lowest,No
13889,18,Indiana,180217,0,1,1,0,2,NOT APPLICABLE,April,15,Saturday,14,58,Rural,High Speed (Arterial),Yes,39.44996667,-86.38541944,Non-Intersection,Daylight,Clear,Unknown,Unknown,Unknown EMS Scene Arrival Hour,Unknown EMS Scene Arrival Minutes,Unknown,Unknown EMS Hospital Arrival Time,1,Daylight,Clear,1,1,['Driver'],['Shoulder_Lapbelt'],0,0,Valid,0.0,0.0,64.0,64.0,['Male'],0,0,2,4,3,Dry,Straight,Level,Lowest,No
13890,18,Indiana,180218,0,2,2,0,2,NOT APPLICABLE,April,15,Saturday,17,30,Rural,Medium Speed (Collector),No,39.98743889,-84.86758889,Simple Junction,Daylight,Clear,Unknown,Unknown,Unknown EMS Scene Arrival Hour,Unknown EMS Scene Arrival Minutes,Not Applicable (Not Transported),Not Applicable (Not Transported),1,Daylight,Clear,1,1,['Driver'],['Shoulder_Lapbelt'],0,0,Valid,0.0,0.0,55.0,18.0,"['Male', 'Male']",0,0,4,4,5,Dry,Straight,Level,Lowest,No
13891,18,Indiana,180219,0,1,1,0,1,WAKARUSA,April,16,Sunday,10,42,Urban,High Speed (Arterial),No,41.53230833,-86.00143056,Non-Intersection,Daylight,Rain,Unknown,Unknown,Unknown EMS Scene Arrival Hour,Unknown EMS Scene Arrival Minutes,Not Applicable (Not Transported),Not Applicable (Not Transported),1,Daylight,Rain/Wind/Minor,1,0,['Driver'],['Shoulder_Lapbelt'],0,0,Invalid,0.0,0.0,29.0,29.0,['Male'],1,0,2,4,3,Wet/Standing Water,Straight,Level,Lowest,No
13892,18,Indiana,180220,0,2,2,0,3,SHELBYVILLE,April,17,Monday,8,8,Urban,Medium Speed (Collector),No,39.50983056,-85.79597778,Non-Intersection,Daylight,Cloudy,Unknown,Unknown,Unknown EMS Scene Arrival Hour,Unknown EMS Scene Arrival Minutes,Unknown,Unknown EMS Hospital Arrival Time,1,Daylight,Reduced Visibility,1,2,['Driver'],['None_Used'],0,0,Valid,0.0,0.0,41.0,18.0,"['Male', 'Male']",0,0,4,4,5,Dry,Straight,Level,Lowest,No
13893,18,Indiana,180221,0,1,1,0,1,FISHERS,April,14,Friday,22,35,Urban,High Speed (Arterial),No,39.98847222,-85.92084167,Non-Intersection,Dark - Not Lighted,Clear,Unknown,Unknown,Unknown EMS Scene Arrival Hour,Unknown EMS Scene Arrival Minutes,Not Applicable (Not Transported),Not Applicable (Not Transported),1,Dark - Unlighted,Clear,1,0,['Driver'],['None_Used'],0,0,Valid,0.0,0.0,39.0,39.0,['Male'],1,0,5,4,3,Dry,Straight,Level,Lowest,No
13894,18,Indiana,180222,0,1,1,0,1,NOT APPLICABLE,April,19,Wednesday,23,30,Rural,Medium Speed (Collector),No,41.52751111,-85.00758889,Non-Intersection,Dark - Not Lighted,Clear,Unknown,Unknown,Unknown EMS Scene Arrival Hour,Unknown EMS Scene Arrival Minutes,Not Applicable (Not Transported),Not Applicable (Not Transported),1,Dark - Unlighted,Clear,1,0,['Driver'],['Shoulder_Lapbelt'],0,0,Invalid,0.0,0.0,14.0,14.0,['Male'],1,0,3,4,3,Dry,Straight,Level,Lowest,No
13895,18,Indiana,180223,0,3,3,0,3,NOT APPLICABLE,April,21,Friday,14,15,Rural,High Speed (Arterial),No,41.52154722,-87.20887778,Simple Junction,Daylight,Clear,Unknown,Unknown,Unknown EMS Scene Arrival Hour,Unknown EMS Scene Arrival Minutes,Unknown,Unknown EMS Hospital Arrival Time,1,Daylight,Clear,1,2,['Driver'],['Shoulder_Lapbelt'],0,0,Valid,0.0,4.0,69.0,21.0,"['Male', 'Female', 'Male']",0,0,3,4,5,Dry,Straight,Level,Lowest,No
13896,18,Indiana,180224,1,1,1,0,1,ZIONSVILLE,April,22,Saturday,6,20,Urban,High Speed (Arterial),No,39.97519722,-86.25341667,Non-Intersection,Dark - Not Lighted,Cloudy,Unknown,Unknown,Unknown EMS Scene Arrival Hour,Unknown EMS Scene Arrival Minutes,Unknown,Unknown EMS Hospital Arrival Time,1,Dark - Unlighted,Reduced Visibility,0,1,[],[],1,1,Valid,0.0,0.0,36.0,36.0,['Male'],0,0,2,1,4,Wet/Standing Water,Straight,Grade/Hillcrest,Lowest,No
13897,18,Indiana,180225,0,1,1,0,3,HAMMOND,April,23,Sunday,2,57,Urban,Medium Speed (Collector),No,41.63206389,-87.50266944,Non-Intersection,Dark - Lighted,Clear,Unknown,Unknown,Unknown EMS Scene Arrival Hour,Unknown EMS Scene Arrival Minutes,Unknown,Unknown EMS Hospital Arrival Time,2,Dark - Lighted,Clear,2,1,"['Non_Standard_Risk', 'Non_Standard_Risk']","['Shoulder_Lapbelt', 'Shoulder_Lapbelt']",0,0,Invalid,0.0,0.0,17.0,17.0,['Male'],3,0,3,4,3,Dry,Straight,Level,Lowest,Yes
13898,18,Indiana,180226,0,2,2,0,2,NOT APPLICABLE,April,24,Monday,15,16,Rural,High Speed (Arterial),Yes,39.05485278,-86.53603889,Non-Intersection,Daylight,Clear,Unknown,Unknown,Unknown EMS Scene Arrival Hour,Unknown EMS Scene Arrival Minutes,Not Applicable (Not Transported),Not Applicable (Not Transported),2,Daylight,Clear,2,0,"['Driver', 'Driver']","['None_Used', 'Shoulder_Lapbelt']",0,0,Valid,0.0,0.0,47.0,42.0,"['Female', 'Male']",0,0,3,4,5,Dry,Straight,Level,Lowest,No
13899,18,Indiana,180227,0,1,1,0,1,NOT APPLICABLE,April,25,Tuesday,2,50,Rural,Medium Speed (Collector),No,41.11829722,-85.23638889,Non-Intersection,Dark - Not Lighted,Cloudy,Unknown,Unknown,Unknown EMS Scene Arrival Hour,Unknown EMS Scene Arrival Minutes,Not Applicable (Not Transported),Not Applicable (Not Transported),1,Dark - Unlighted,Reduced Visibility,1,0,['Driver'],['None_Used'],1,1,Valid,0.0,1.0,22.0,22.0,['Male'],1,0,5,4,2,Dry,Curve,Level,Lowest,No
13900,18,Indiana,180228,0,2,2,0,3,NOT APPLICABLE,April,25,Tuesday,11,5,Rural,Medium Speed (Collector),No,41.28799722,-86.55628889,Non-Intersection,Daylight,Cloudy,Unknown,Unknown,Unknown EMS Scene Arrival Hour,Unknown EMS Scene Arrival Minutes,Unknown,Unknown EMS Hospital Arrival Time,1,Daylight,Reduced Visibility,1,2,['Front_Passenger'],['None_Used'],0,0,Valid,0.0,0.0,83.0,43.0,"['Male', 'Male']",0,0,3,4,5,Dry,Straight,Level,Lowest,No
13901,18,Indiana,180230,0,1,1,0,1,NOT APPLICABLE,April,27,Thursday,21,10,Rural,Medium Speed (Collector),No,40.12744722,-86.57906111,Non-Intersection,Dark - Not Lighted,Clear,Unknown,Unknown,Unknown EMS Scene Arrival Hour,Unknown EMS Scene Arrival Minutes,Not Applicable (Not Transported),Not Applicable (Not Transported),1,Dark - Unlighted,Clear,1,0,['Driver'],['Shoulder_Lapbelt'],1,1,Valid,0.0,0.0,45.0,45.0,['Female'],0,0,3,4,3,Dry,Straight,Level,Lowest,No
13902,18,Indiana,180231,0,5,5,0,6,INDIANAPOLIS,April,29,Saturday,19,58,Urban,High Speed (Arterial),Yes,39.86745833,-86.04736111,Non-Intersection,Dusk,Clear,Unknown,Unknown,Unknown EMS Scene Arrival Hour,Unknown EMS Scene Arrival Minutes,Unknown,Unknown EMS Hospital Arrival Time,1,Twilight,Clear,1,5,['Driver'],['Shoulder_Lapbelt'],1,1,Valid,0.0,0.0,55.0,24.0,"['Male', 'Female', 'Female', 'Male', 'Male']",0,0,3,4,5,Dry,Straight,Grade/Hillcrest,Lowest,No
13903,18,Indiana,180232,0,2,2,0,3,NOT APPLICABLE,April,29,Saturday,15,10,Rural,Medium Speed (Collector),No,39.11481667,-86.19632222,Non-Intersection,Daylight,Clear,Unknown,Unknown,Unknown EMS Scene Arrival Hour,Unknown EMS Scene Arrival Minutes,Unknown,Unknown EMS Hospital Arrival Time,1,Daylight,Clear,1,2,['Driver'],['Shoulder_Lapbelt'],1,1,Valid,0.0,0.0,46.0,21.0,"['Male', 'Male']",2,0,3,4,5,Dry,Curve,Grade/Hillcrest,Lowest,No
13904,18,Indiana,180234,1,1,1,0,1,EVANSVILLE,April,19,Wednesday,20,28,Urban,Medium Speed (Collector),No,37.95185833,-87.52060278,Non-Intersection,Dark - Not Lighted,Clear,Unknown,Unknown,Unknown EMS Scene Arrival Hour,Unknown EMS Scene Arrival Minutes,Not Applicable (Not Transported),Not Applicable (Not Transported),1,Dark - Unlighted,Clear,0,1,[],[],1,1,Valid,0.0,0.0,37.0,37.0,['Male'],0,0,3,4,4,Dry,Straight,Level,Medium,No
13905,18,Indiana,180235,0,3,3,0,7,NOT APPLICABLE,May,1,Monday,10,41,Urban,High Speed (Arterial),Yes,41.00510833,-85.346325,Simple Junction,Daylight,Rain,Unknown,Unknown,Unknown EMS Scene Arrival Hour,Unknown EMS Scene Arrival Minutes,Unknown,Unknown EMS Hospital Arrival Time,1,Daylight,Rain/Wind/Minor,1,6,['Driver'],['Shoulder_Lapbelt'],0,0,Valid,0.0,1.0,81.0,30.0,"['Male', 'Male', 'Female']",0,0,3,4,5,Wet/Standing Water,Straight,Level,Lowest,No
13906,18,Indiana,180236,0,1,1,0,1,INDIANAPOLIS,May,1,Monday,20,29,Urban,Medium Speed (Collector),No,39.79419722,-86.12928889,Non-Intersection,Dusk,Rain,Unknown,Unknown,Unknown EMS Scene Arrival Hour,Unknown EMS Scene Arrival Minutes,Not Applicable (Not Transported),Not Applicable (Not Transported),1,Twilight,Rain/Wind/Minor,1,0,['Driver'],['Shoulder_Lapbelt'],1,1,Valid,0.0,0.0,41.0,41.0,['Male'],0,0,3,4,3,Wet/Standing Water,Straight,Level,Lowest,No
13907,18,Indiana,180237,0,1,1,0,1,NOT APPLICABLE,May,6,Saturday,1,13,Rural,High Speed (Arterial),Yes,41.45220556,-85.05382222,Non-Intersection,Dark - Not Lighted,Clear,Unknown,Unknown,Unknown EMS Scene Arrival Hour,Unknown EMS Scene Arrival Minutes,Not Applicable (Not Transported),Not Applicable (Not Transported),1,Dark - Unlighted,Clear,1,0,['Driver'],['Shoulder_Lapbelt'],0,0,Valid,0.0,0.0,50.0,50.0,['Female'],0,0,2,4,3,Dry,Straight,Level,Lowest,Yes
13908,18,Indiana,180238,0,1,1,0,1,NOT APPLICABLE,May,6,Saturday,14,0,Rural,Medium Speed (Collector),No,39.57101389,-85.91896667,Non-Intersection,Daylight,Clear,Unknown,Unknown,Unknown EMS Scene Arrival Hour,Unknown EMS Scene Arrival Minutes,Unknown,Unknown EMS Hospital Arrival Time,1,Daylight,Clear,1,0,['Driver'],['None_Used'],0,0,Valid,0.0,0.0,30.0,30.0,['Male'],1,0,5,4,3,Dry,Curve,Level,Lowest,No
13909,18,Indiana,180239,0,2,2,0,3,NEW CASTLE,May,6,Saturday,15,26,Urban,High Speed (Arterial),Yes,39.92311944,-85.38208333,Complex/Circle,Daylight,Clear,Unknown,Unknown,Unknown EMS Scene Arrival Hour,Unknown EMS Scene Arrival Minutes,Unknown,Unknown EMS Hospital Arrival Time,2,Daylight,Clear,2,1,"['Front_Passenger', 'Driver']","['Lapbelt_Only', 'None_Used']",0,0,Valid,0.0,0.0,86.0,21.0,"['Male', 'Male']",0,0,5,4,5,Dry,Straight,Level,Lowest,No
13910,18,Indiana,180240,0,2,2,0,2,NOT APPLICABLE,May,6,Saturday,21,18,Rural,Medium Speed (Collector),No,39.11729444,-85.64013333,Non-Intersection,Dark - Not Lighted,Clear,Unknown,Unknown,Unknown EMS Scene Arrival Hour,Unknown EMS Scene Arrival Minutes,Unknown,Unknown EMS Hospital Arrival Time,1,Dark - Unlighted,Clear,1,1,['Driver'],['None_Used'],1,1,Valid,0.0,0.0,45.0,23.0,"['Male', 'Male']",2,0,5,4,5,Dry,Straight,Grade/Hillcrest,Lowest,No
13911,18,Indiana,180241,0,1,1,0,3,NOT APPLICABLE,May,6,Saturday,12,20,Rural,Low Speed (Local),No,41.42996389,-84.84143889,Non-Intersection,Daylight,Cloudy,Unknown,Unknown,Unknown EMS Scene Arrival Hour,Unknown EMS Scene Arrival Minutes,Unknown,Unknown EMS Hospital Arrival Time,1,Daylight,Reduced Visibility,1,2,['Driver'],['Shoulder_Lapbelt'],0,0,Valid,0.0,1.0,27.0,27.0,['Male'],3,0,2,4,3,Dry,Straight,Level,Lowest,No
13912,18,Indiana,180242,1,1,1,0,1,INDIANAPOLIS,April,2,Sunday,21,50,Urban,Medium Speed (Collector),No,39.81803889,-86.12456944,Non-Intersection,Dark - Lighted,Clear,Unknown,Unknown,Unknown EMS Scene Arrival Hour,Unknown EMS Scene Arrival Minutes,Unknown,Unknown EMS Hospital Arrival Time,1,Dark - Lighted,Clear,0,1,[],[],0,0,Valid,0.0,4.0,29.0,29.0,['Female'],0,0,3,0,4,Dry,Straight,Level,Lowest,No
13913,18,Indiana,180243,0,2,2,0,2,FORT WAYNE,May,5,Friday,16,59,Urban,Medium Speed (Collector),No,41.06009722,-85.19975278,Non-Intersection,Daylight,Clear,Unknown,Unknown,Unknown EMS Scene Arrival Hour,Unknown EMS Scene Arrival Minutes,Unknown,Unknown EMS Hospital Arrival Time,1,Daylight,Clear,1,1,['Driver'],['Lapbelt_Only'],0,0,Valid,0.0,0.0,73.0,22.0,"['Male', 'Male']",1,0,2,4,5,Dry,Curve,Grade/Hillcrest,Lowest,No
13914,18,Indiana,180244,0,3,3,0,3,NOT APPLICABLE,April,19,Wednesday,14,17,Rural,High Speed (Arterial),Yes,40.20136389,-86.57806111,Non-Intersection,Daylight,Clear,Unknown,Unknown,Unknown EMS Scene Arrival Hour,Unknown EMS Scene Arrival Minutes,Unknown,Unknown EMS Hospital Arrival Time,1,Daylight,Clear,1,2,['Driver'],['Shoulder_Lapbelt'],0,0,Valid,2.0,1.0,54.0,43.0,"['Male', 'Male', 'Male']",0,0,4,4,5,Dry,Straight,Level,Lowest,No
13915,18,Indiana,180245,0,2,2,0,2,NOT APPLICABLE,May,3,Wednesday,1,31,Rural,Medium Speed (Collector),No,40.06216389,-85.61536389,Non-Intersection,Dark - Not Lighted,Cloudy,Unknown,Unknown,Unknown EMS Scene Arrival Hour,Unknown EMS Scene Arrival Minutes,Unknown,Unknown EMS Hospital Arrival Time,1,Dark - Unlighted,Reduced Visibility,1,1,['Driver'],['None_Used'],0,0,Invalid,0.0,0.0,57.0,56.0,"['Male', 'Female']",1,0,3,4,5,Dry,Straight,Level,Lowest,Yes
13916,18,Indiana,180246,0,1,1,0,2,NOT APPLICABLE,May,3,Wednesday,18,6,Rural,Medium Speed (Collector),No,41.11353611,-86.36729444,Non-Intersection,Daylight,Clear,Unknown,Unknown,Unknown EMS Scene Arrival Hour,Unknown EMS Scene Arrival Minutes,Not Applicable (Not Transported),Not Applicable (Not Transported),2,Daylight,Clear,2,0,"['Driver', 'Front_Passenger']","['Shoulder_Lapbelt', 'Shoulder_Lapbelt']",0,0,Valid,0.0,2.0,25.0,25.0,['Male'],2,0,2,4,3,Dry,Curve,Level,Lowest,No