,State_Code,State_Name,Crash_ID,Count_Non_Motorists,Count_Vehicles_Total,Count_Vehicle_Forms,Count_PVH_Involved,Count_Occupants_MV,City_Name,Month_Name,Day_of_Month,Day_of_Week,Crash_Hour,Crash_Minute,Area_Rural_Urban,Road_Functional_Class,On_NHS_Road,Latitude,Longitude,Intersection_Type,Light_Condition,Weather_Condition,Notif_Hour,Notif_Minute,Arrival_Hour,Arrival_Minute,Hospital_Hour,Hospital_Minute,Fatalities_Count,Clean_Light_Condition,Clean_Weather_Condition,Total_Killed,Total_Alive,Fatal_Seats_List,Killed_Restraint_List,Any_Driver_Drinking,Total_Drinking_Drivers,Driver_License_Category,Driver_Max_Prev_Accident_Count,Driver_Max_Prev_Speeding_Count,Max_Driver_Age,Min_Driver_Age,Driver_Sex_List,Total_Exceeding_Limit_Vehicles,Total_Too_Fast_Vehicles,Max_Vehicle_Type_Severity_5,Max_Vehicle_Damage_Rank,Max_Harmful_Event_Severity,Crash_Road_Surface_Condition,Crash_Horizontal_Alignment,Crash_Vertical_Profile,Crash_Impairment_Category,Crash_Vehicle_Defect
13917,18,Indiana,180247,0,1,1,0,1,BOONVILLE,April,26,Wednesday,20,42,Rural,Low Speed (Local),No,38.03322778,-87.2786,Simple Junction,Dark - Lighted,Clear,Unknown,Unknown,Unknown EMS Scene Arrival Hour,Unknown EMS Scene Arrival Minutes,Unknown,Unknown EMS Hospital Arrival Time,1,Dark - Lighted,Clear,1,0,['Driver'],['Shoulder_Lapbelt'],0,0,Valid,0.0,0.0,85.0,85.0,['Male'],0,0,2,4,3,Dry,Straight,Level,Lowest,No
13918,18,Indiana,180248,0,2,2,0,3,NOT APPLICABLE,May,1,Monday,11,50,Rural,High Speed (Arterial),Yes,41.73568889,-85.00420833,Non-Intersection,Daylight,Cloudy,Unknown,Unknown,Unknown EMS Scene Arrival Hour,Unknown EMS Scene Arrival Minutes,Unknown,Unknown EMS Hospital Arrival Time,1,Daylight,Reduced Visibility,1,2,['Driver'],['None_Used'],0,0,Valid,1.0,2.0,44.0,33.0,"['Male', 'Male']",0,0,3,4,5,Wet/Standing Water,Curve,Level,Lowest,No
13919,18,Indiana,180249,1,1,1,0,1,INDIANAPOLIS,May,6,Saturday,23,0,Urban,Medium Speed (Collector),No,39.83231389,-86.27051944,Simple Junction,Dark - Not Lighted,Rain,Unknown,Unknown,Unknown EMS Scene Arrival Hour,Unknown EMS Scene Arrival Minutes,Not Applicable (Not Transported),Not Applicable (Not Transported),1,Dark - Unlighted,Rain/Wind/Minor,0,0,[],[],0,0,Invalid,0.0,0.0,999.0,999.0,['Other'],0,0,1,0,4,Wet/Standing Water,Straight,Level,Lowest,No
13920,18,Indiana,180250,0,1,1,0,5,ELKHART,May,14,Sunday,3,2,Urban,High Speed (Arterial),No,41.67419722,-85.91679722,Non-Intersection,Dark - Not Lighted,Clear,Unknown,Unknown,Unknown EMS Scene Arrival Hour,Unknown EMS Scene Arrival Minutes,Unknown,Unknown EMS Hospital Arrival Time,3,Dark - Unlighted,Clear,3,2,"['Driver', 'Rear_Seat', 'Front_Passenger']","['Shoulder_Lapbelt', 'Shoulder_Lapbelt', 'Lapbelt_Only']",1,1,Invalid,0.0,0.0,18.0,18.0,['Male'],5,0,2,4,3,Dry,Curve,Level,Lowest,No
13921,18,Indiana,180251,0,2,2,0,3,NOT APPLICABLE,May,13,Saturday,14,9,Rural,High Speed (Arterial),No,39.78001111,-85.883525,Non-Intersection,Daylight,Clear,Unknown,Unknown,Unknown EMS Scene Arrival Hour,Unknown EMS Scene Arrival Minutes,Unknown,Unknown EMS Hospital Arrival Time,1,Daylight,Clear,1,2,['Driver'],['None_Used'],0,0,Valid,0.0,0.0,46.0,39.0,"['Male', 'Male']",0,0,3,4,5,Dry,Straight,Level,Lowest,No
13922,18,Indiana,180252,0,4,4,0,5,NOT APPLICABLE,May,9,Tuesday,22,10,Rural,Medium Speed (Collector),No,39.85033889,-85.769975,Non-Intersection,Dark - Not Lighted,Clear,Unknown,Unknown,Unknown EMS Scene Arrival Hour,Unknown EMS Scene Arrival Minutes,Unknown,Unknown EMS Hospital Arrival Time,1,Dark - Unlighted,Clear,1,4,['Driver'],['None_Used'],0,0,Valid,0.0,1.0,74.0,16.0,"['Female', 'Male', 'Male', 'Male']",0,0,5,4,5,Dry,Straight,Level,Lowest,No
13923,18,Indiana,180253,1,1,1,0,1,NOT APPLICABLE,May,12,Friday,10,30,Rural,Medium Speed (Collector),No,41.35409444,-86.00050833,Non-Intersection,Daylight,Cloudy,Unknown,Unknown,Unknown EMS Scene Arrival Hour,Unknown EMS Scene Arrival Minutes,Not Applicable (Not Transported),Not Applicable (Not Transported),1,Daylight,Reduced Visibility,0,1,[],[],0,0,Valid,0.0,0.0,43.0,43.0,['Male'],0,0,1,4,1,Dry,Straight,Level,Lowest,No
13924,18,Indiana,180254,0,2,2,0,4,NOT APPLICABLE,May,11,Thursday,22,33,Rural,Medium Speed (Collector),No,41.535925,-86.09872778,Complex/Circle,Dark - Not Lighted,Clear,Unknown,Unknown,Unknown EMS Scene Arrival Hour,Unknown EMS Scene Arrival Minutes,Unknown,Unknown EMS Hospital Arrival Time,1,Dark - Unlighted,Clear,1,3,['Driver'],['None_Used'],1,2,Valid,0.0,0.0,29.0,24.0,"['Male', 'Male']",2,0,5,4,5,Dry,Straight,Level,Lowest,No
13925,18,Indiana,180255,0,1,1,0,1,NOT APPLICABLE,April,30,Sunday,9,30,Rural,Medium Speed (Collector),No,40.72842778,-85.13889722,Non-Intersection,Daylight,Rain,Unknown,Unknown if Notified,Unknown EMS Scene Arrival Hour,Unknown if Arrived,Not Applicable (Not Transported),Not Applicable (Not Transported),1,Daylight,Rain/Wind/Minor,1,0,['Driver'],['None_Used'],1,1,Valid,2.0,1.0,19.0,19.0,['Male'],1,0,3,4,4,Wet/Standing Water,Curve,Level,Lowest,No
13926,18,Indiana,180256,0,1,1,0,1,NOT APPLICABLE,May,15,Monday,15,20,Rural,Medium Speed (Collector),No,39.34686111,-87.37886389,Non-Intersection,Daylight,Cloudy,Unknown,Unknown,Unknown EMS Scene Arrival Hour,Unknown EMS Scene Arrival Minutes,Not Applicable (Not Transported),Not Applicable (Not Transported),1,Daylight,Reduced Visibility,1,0,['Driver'],['None_Used'],0,0,Valid,0.0,0.0,19.0,19.0,['Male'],0,0,3,4,4,Dry,Straight,Level,Lowest,No
13927,18,Indiana,180257,1,1,1,0,1,EAST CHICAGO,May,11,Thursday,4,30,Urban,High Speed (Arterial),No,41.62914167,-87.44728056,Non-Intersection,Dark - Not Lighted,Clear,Unknown,Unknown,Unknown EMS Scene Arrival Hour,Unknown EMS Scene Arrival Minutes,Not Applicable (Not Transported),Not Applicable (Not Transported),1,Dark - Unlighted,Clear,0,0,[],[],0,0,Valid,0.0,0.0,45.0,45.0,['Male'],0,0,2,4,4,Dry,Straight,Level,Lowest,No
13928,18,Indiana,180258,0,2,2,0,2,ELKHART,May,16,Tuesday,17,42,Urban,Medium Speed (Collector),No,41.66146667,-85.98476111,Non-Intersection,Daylight,Clear,Unknown,Unknown,Unknown EMS Scene Arrival Hour,Unknown EMS Scene Arrival Minutes,Unknown,Unknown EMS Hospital Arrival Time,1,Daylight,Clear,1,1,['Driver'],['None_Used'],0,0,Invalid,0.0,0.0,75.0,61.0,"['Male', 'Male']",0,0,5,4,5,Dry,Straight,Grade/Hillcrest,Lowest,No
13929,18,Indiana,180259,0,1,1,0,1,NOT APPLICABLE,May,17,Wednesday,17,14,Rural,Medium Speed (Collector),No,39.38358889,-85.95386667,Non-Intersection,Daylight,Clear,Unknown,Unknown,Unknown EMS Scene Arrival Hour,Unknown EMS Scene Arrival Minutes,Not Applicable (Not Transported),Not Applicable (Not Transported),1,Daylight,Clear,1,0,['Driver'],['Shoulder_Lapbelt'],0,0,Valid,0.0,0.0,26.0,26.0,['Male'],0,0,4,4,3,Dry,Straight,Level,Lowest,Yes
13930,18,Indiana,180260,0,2,2,0,2,INDIANAPOLIS,May,6,Saturday,22,24,Urban,High Speed (Arterial),No,39.70698889,-86.14896389,Simple Junction,Dark - Lighted,Rain,Unknown,Unknown,Unknown EMS Scene Arrival Hour,Unknown EMS Scene Arrival Minutes,Unknown,Unknown EMS Hospital Arrival Time,1,Dark - Lighted,Rain/Wind/Minor,1,1,['Driver'],['None_Used'],1,1,Valid,0.0,2.0,49.0,45.0,"['Male', 'Male']",1,0,5,4,5,Wet/Standing Water,Straight,Level,Lowest,No
13931,18,Indiana,180261,0,1,1,0,1,JASPER,May,8,Monday,23,20,Rural,Low Speed (Local),No,38.3957,-86.96284167,Non-Intersection,Dark - Lighted,Clear,Unknown,Unknown,Unknown EMS Scene Arrival Hour,Unknown EMS Scene Arrival Minutes,Unknown,Unknown EMS Hospital Arrival Time,1,Dark - Lighted,Clear,1,0,['Driver'],['None_Used'],0,0,Valid,0.0,0.0,59.0,59.0,['Male'],1,0,2,4,3,Dry,Curve,Level,Lowest,No
13932,18,Indiana,180262,0,2,2,0,2,NOT APPLICABLE,May,18,Thursday,0,20,Rural,Medium Speed (Collector),No,41.72586667,-86.21698333,Non-Intersection,Dark - Not Lighted,Clear,Unknown,Unknown,Unknown EMS Scene Arrival Hour,Unknown EMS Scene Arrival Minutes,Not Applicable (Not Transported),Not Applicable (Not Transported),1,Dark - Unlighted,Clear,1,1,['Driver'],['None_Used'],1,1,Valid,0.0,0.0,46.0,24.0,"['Male', 'Male']",0,0,5,4,5,Dry,Straight,Level,Lowest,No
13933,18,Indiana,180263,0,1,1,0,1,NOT APPLICABLE,May,19,Friday,5,50,Rural,Medium Speed (Collector),No,38.24586111,-85.95326111,Non-Intersection,Dawn,Clear,Unknown,Unknown,Unknown EMS Scene Arrival Hour,Unknown EMS Scene Arrival Minutes,Unknown,Unknown EMS Hospital Arrival Time,1,Twilight,Clear,1,0,['Driver'],['None_Used'],0,0,Valid,0.0,0.0,46.0,46.0,['Male'],0,0,5,1,1,Dry,Straight,Level,Lowest,No
13934,18,Indiana,180264,0,2,2,0,3,NOT APPLICABLE,May,19,Friday,10,32,Rural,Medium Speed (Collector),No,40.43880278,-85.01977778,Complex/Circle,Daylight,Clear,Unknown,Unknown,Unknown EMS Scene Arrival Hour,Unknown EMS Scene Arrival Minutes,Unknown,Unknown EMS Hospital Arrival Time,1,Daylight,Clear,1,2,['Driver'],['Shoulder_Lapbelt'],0,0,Valid,0.0,1.0,67.0,50.0,"['Male', 'Male']",0,0,4,4,5,Dry,Straight,Level,Lowest,No
13935,18,Indiana,180265,0,2,2,0,2,NOT APPLICABLE,May,22,Monday,9,33,Rural,Medium Speed (Collector),No,40.46439444,-85.95688889,Complex/Circle,Daylight,Clear,Unknown,Unknown,Unknown EMS Scene Arrival Hour,Unknown EMS Scene Arrival Minutes,Not Applicable (Not Transported),Not Applicable (Not Transported),1,Daylight,Clear,1,1,['Driver'],['None_Used'],0,0,Valid,0.0,0.0,81.0,43.0,"['Female', 'Male']",0,0,5,4,5,Dry,Straight,Level,Lowest,No
13936,18,Indiana,180266,0,2,2,0,2,ELLETTSVILLE,May,23,Tuesday,15,49,Urban,High Speed (Arterial),Yes,39.24596111,-86.64245,Non-Intersection,Daylight,Clear,Unknown,Unknown,Unknown EMS Scene Arrival Hour,Unknown EMS Scene Arrival Minutes,Unknown,Unknown EMS Hospital Arrival Time,1,Daylight,Clear,1,1,['Driver'],['None_Used'],0,0,Valid,0.0,0.0,72.0,53.0,"['Male', 'Male']",0,0,5,4,5,Dry,Straight,Level,Lowest,No
13937,18,Indiana,180267,0,2,2,0,2,INDIANAPOLIS,May,20,Saturday,1,26,Urban,High Speed (Arterial),No,39.80396944,-86.00968056,Complex/Circle,Dark - Lighted,Rain,Unknown,Unknown,Unknown EMS Scene Arrival Hour,Unknown EMS Scene Arrival Minutes,Unknown,Unknown EMS Hospital Arrival Time,1,Dark - Lighted,Rain/Wind/Minor,1,1,['Driver'],['None_Used'],1,1,Valid,0.0,0.0,32.0,21.0,"['Male', 'Male']",0,0,2,4,5,Wet/Standing Water,Straight,Level,Lowest,No
13938,18,Indiana,180268,0,1,1,0,1,NOT APPLICABLE,May,21,Sunday,10,6,Rural,Low Speed (Local),No,39.28690278,-86.22690556,Non-Intersection,Daylight,Clear,Unknown,Unknown,Unknown EMS Scene Arrival Hour,Unknown EMS Scene Arrival Minutes,Unknown,Unknown EMS Hospital Arrival Time,1,Daylight,Clear,1,0,['Driver'],['Shoulder_Lapbelt'],0,0,Valid,0.0,0.0,59.0,59.0,['Male'],0,0,3,4,3,Dry,Curve,Grade/Hillcrest,Lowest,No
13939,18,Indiana,180269,0,1,1,0,1,NOT APPLICABLE,May,19,Friday,14,22,Rural,Low Speed (Local),No,40.95581667,-86.83090556,Non-Intersection,Daylight,Clear,Unknown,Unknown,Unknown EMS Scene Arrival Hour,Unknown EMS Scene Arrival Minutes,Not Applicable (Not Transported),Not Applicable (Not Transported),1,Daylight,Clear,1,0,['Driver'],['None_Used'],1,1,Valid,0.0,0.0,60.0,60.0,['Male'],0,0,3,4,4,Dry,Straight,Grade/Hillcrest,Lowest,No
13940,18,Indiana,180270,0,2,2,0,2,INDIANAPOLIS,May,20,Saturday,21,13,Urban,Medium Speed (Collector),No,39.81631111,-86.18051111,Complex/Circle,Dusk,Clear,Unknown,Unknown,Unknown EMS Scene Arrival Hour,Unknown EMS Scene Arrival Minutes,Unknown,Unknown EMS Hospital Arrival Time,1,Twilight,Clear,1,1,['Driver'],['None_Used'],1,1,Valid,0.0,0.0,62.0,48.0,"['Male', 'Male']",0,0,5,4,5,Dry,Straight,Level,Lowest,No
13941,18,Indiana,180271,0,2,2,0,2,CORYDON,May,4,Thursday,15,55,Urban,High Speed (Arterial),Yes,38.23941667,-86.12724444,Non-Intersection,Daylight,Clear,Unknown,Unknown,Unknown EMS Scene Arrival Hour,Unknown EMS Scene Arrival Minutes,Unknown,Unknown EMS Hospital Arrival Time,1,Daylight,Clear,1,1,['Driver'],['Shoulder_Lapbelt'],0,0,Valid,0.0,0.0,64.0,39.0,"['Male', 'Male']",0,0,4,4,5,Dry,Straight,Level,Lowest,No
13942,18,Indiana,180272,0,2,2,0,2,NOT APPLICABLE,May,14,Sunday,2,33,Rural,Medium Speed (Collector),No,38.68168333,-85.86146389,Non-Intersection,Dark - Not Lighted,Clear,Unknown,Unknown,Unknown EMS Scene Arrival Hour,Unknown EMS Scene Arrival Minutes,Unknown,Unknown EMS Hospital Arrival Time,1,Dark - Unlighted,Clear,1,1,['Driver'],['Shoulder_Lapbelt'],0,0,Valid,0.0,0.0,81.0,81.0,['Male'],0,0,3,4,5,Dry,Straight,Grade/Hillcrest,Lowest,No
13943,18,Indiana,180273,0,2,2,0,2,INDIANAPOLIS,May,19,Friday,23,5,Urban,Low Speed (Local),No,39.81012222,-86.15670556,Complex/Circle,Dark - Lighted,Rain,Unknown,Unknown,Unknown EMS Scene Arrival Hour,Unknown EMS Scene Arrival Minutes,Not Applicable (Not Transported),Not Applicable (Not Transported),1,Dark - Lighted,Rain/Wind/Minor,1,1,['Driver'],['None_Used'],1,1,Valid,0.0,0.0,40.0,32.0,"['Male', 'Female']",1,0,3,4,5,Wet/Standing Water,Straight,Level,Lowest,No
13944,18,Indiana,180274,1,1,1,0,1,NOT APPLICABLE,May,22,Monday,5,15,Urban,High Speed (Arterial),No,40.14591944,-85.66752222,Non-Intersection,Dark - Not Lighted,Clear,Unknown,Unknown if Notified,Unknown EMS Scene Arrival Hour,Unknown if Arrived,Not Applicable (Not Transported),Not Applicable (Not Transported),1,Dark - Unlighted,Clear,0,0,[],[],0,0,Valid,0.0,1.0,40.0,40.0,['Male'],0,0,2,4,4,Dry,Straight,Level,Lowest,No
13945,18,Indiana,180275,0,2,2,0,3,INDIANAPOLIS,May,23,Tuesday,16,10,Urban,Medium Speed (Collector),No,39.72017778,-86.03704167,Non-Intersection,Daylight,Clear,Unknown,Unknown,Unknown EMS Scene Arrival Hour,Unknown EMS Scene Arrival Minutes,Unknown,Unknown EMS Hospital Arrival Time,1,Daylight,Clear,1,2,['Driver'],['Shoulder_Lapbelt'],0,0,Valid,0.0,0.0,54.0,26.0,"['Female', 'Female']",0,0,2,4,5,Dry,Straight,Level,Lowest,No
13946,18,Indiana,180276,0,3,3,0,4,LAPEL,May,23,Tuesday,16,49,Urban,Medium Speed (Collector),No,40.01837778,-85.84318333,Non-Intersection,Daylight,Clear,Unknown,Unknown,Unknown EMS Scene Arrival Hour,Unknown EMS Scene Arrival Minutes,Unknown,Unknown EMS Hospital Arrival Time,1,Daylight,Clear,1,3,['Driver'],['None_Used'],0,0,Valid,0.0,0.0,50.0,37.0,"['Male', 'Male', 'Male']",2,0,3,4,5,Dry,Straight,Level,Lowest,No
13947,18,Indiana,180277,0,2,2,0,2,INDIANAPOLIS,May,24,Wednesday,20,45,Urban,High Speed (Arterial),No,39.76689444,-86.14245556,Complex/Circle,Dark - Lighted,Cloudy,Unknown,Unknown,Unknown EMS Scene Arrival Hour,Unknown EMS Scene Arrival Minutes,Unknown,Unknown EMS Hospital Arrival Time,1,Dark - Lighted,Reduced Visibility,1,0,['Driver'],['None_Used'],0,0,Valid,0.0,0.0,24.0,20.0,"['Male', 'Female']",0,0,5,4,5,Dry,Straight,Level,Lowest,No
13948,18,Indiana,180278,1,2,2,0,2,SCHERERVILLE,May,22,Monday,20,54,Urban,Medium Speed (Collector),No,41.50505833,-87.47396389,Non-Intersection,Dark - Not Lighted,Clear,Unknown,Unknown,Unknown EMS Scene Arrival Hour,Unknown EMS Scene Arrival Minutes,Unknown,Unknown EMS Hospital Arrival Time,1,Dark - Unlighted,Clear,0,2,[],[],0,0,Valid,0.0,0.0,21.0,21.0,"['Male', 'Female']",1,0,2,1,4,Dry,Curve,Level,Lowest,No
13949,18,Indiana,180279,0,2,2,0,4,NOT APPLICABLE,May,21,Sunday,16,0,Rural,Low Speed (Local),No,38.94223056,-86.08119444,Complex/Circle,Daylight,Clear,Unknown,Unknown,Unknown EMS Scene Arrival Hour,Unknown EMS Scene Arrival Minutes,Unknown,Unknown EMS Hospital Arrival Time,1,Daylight,Clear,1,3,['Driver'],['None_Used'],0,0,Valid,0.0,0.0,78.0,58.0,"['Male', 'Male']",0,0,5,4,5,Dry,Straight,Level,Lowest,No
13950,18,Indiana,180280,0,1,1,0,1,NOT APPLICABLE,May,25,Thursday,14,18,Rural,Low Speed (Local),No,41.61641389,-86.50196389,Non-Intersection,Daylight,Clear,Unknown,Unknown,Unknown EMS Scene Arrival Hour,Unknown EMS Scene Arrival Minutes,Unknown,Unknown EMS Hospital Arrival Time,1,Daylight,Clear,1,0,['Driver'],['Shoulder_Lapbelt'],0,0,Valid,0.0,0.0,20.0,20.0,['Male'],0,0,2,4,3,Dry,Straight,Level,Lowest,No
13951,18,Indiana,180281,0,1,1,0,6,NOT APPLICABLE,May,17,Wednesday,13,37,Rural,Medium Speed (Collector),No,40.50740278,-86.78849444,Non-Intersection,Daylight,Clear,Unknown,Unknown,Unknown EMS Scene Arrival Hour,Unknown EMS Scene Arrival Minutes,Unknown,Unknown EMS Hospital Arrival Time,1,Daylight,Clear,1,4,['Rear_Seat'],['None_Used'],0,0,Valid,1.0,2.0,31.0,31.0,['Female'],0,0,3,4,3,Dry,Curve,Grade/Hillcrest,Lowest,No
13952,18,Indiana,180282,0,2,2,0,2,NOT APPLICABLE,May,12,Friday,11,3,Rural,Medium Speed (Collector),No,40.35853611,-86.50579444,Complex/Circle,Daylight,Clear,Unknown,Unknown,Unknown EMS Scene Arrival Hour,Unknown EMS Scene Arrival Minutes,Unknown,Unknown EMS Hospital Arrival Time,1,Daylight,Clear,1,1,['Driver'],['Shoulder_Lapbelt'],0,0,Valid,0.0,1.0,74.0,24.0,"['Female', 'Male']",0,0,5,4,5,Dry,Straight,Level,Lowest,No
13953,18,Indiana,180283,0,1,1,0,1,SOUTH BEND,May,27,Saturday,14,5,Urban,High Speed (Arterial),Yes,41.7483,-86.33603889,Non-Intersection,Daylight,Clear,Unknown,Unknown,Unknown EMS Scene Arrival Hour,Unknown EMS Scene Arrival Minutes,Unknown,Unknown EMS Hospital Arrival Time,1,Daylight,Clear,1,0,['Driver'],['None_Used'],0,0,Valid,0.0,3.0,51.0,51.0,['Female'],0,0,5,0,1,Dry,Straight,Level,Lowest,Yes
13954,18,Indiana,180284,1,1,1,0,1,INDIANAPOLIS,May,13,Saturday,9,10,Urban,Medium Speed (Collector),No,39.82494722,-86.16395833,Complex/Circle,Daylight,Clear,Unknown,Unknown,Unknown EMS Scene Arrival Hour,Unknown EMS Scene Arrival Minutes,Unknown,Unknown EMS Hospital Arrival Time,1,Daylight,Clear,0,0,[],[],0,0,Invalid,0.0,0.0,29.0,29.0,['Male'],1,0,2,4,4,Dry,Straight,Level,Lowest,No
13955,18,Indiana,180285,0,1,1,0,1,NOT APPLICABLE,May,28,Sunday,1,57,Rural,High Speed (Arterial),Yes,39.81965556,-85.89429167,Non-Intersection,Dark - Not Lighted,Clear,Unknown,Unknown if Notified,Unknown EMS Scene Arrival Hour,Unknown if Arrived,Not Applicable (Not Transported),Not Applicable (Not Transported),1,Dark - Unlighted,Clear,1,0,['Driver'],['None_Used'],1,1,Valid,0.0,0.0,24.0,24.0,['Male'],1,0,2,4,3,Dry,Straight,Level,Lowest,No
13956,18,Indiana,180286,1,1,1,0,1,INDIANAPOLIS,April,8,Saturday,13,5,Urban,Low Speed (Local),No,39.82441667,-86.24963056,Non-Intersection,Daylight,Clear,Unknown,Unknown,Unknown EMS Scene Arrival Hour,Unknown EMS Scene Arrival Minutes,Unknown,Unknown EMS Hospital Arrival Time,1,Daylight,Clear,0,1,[],[],0,0,Valid,0.0,0.0,21.0,21.0,['Female'],0,0,3,0,4,Dry,Straight,Level,Lowest,No
13957,18,Indiana,180287,0,1,1,0,1,NOT APPLICABLE,May,26,Friday,6,8,Rural,Low Speed (Local),No,40.78556111,-86.79688333,Non-Intersection,Dawn,Clear,Unknown,Unknown,Unknown EMS Scene Arrival Hour,Unknown EMS Scene Arrival Minutes,Unknown,Unknown EMS Hospital Arrival Time,1,Twilight,Clear,1,0,['Driver'],['Shoulder_Lapbelt'],0,0,Invalid,1.0,1.0,28.0,28.0,['Female'],1,0,2,4,3,Dry,Straight,Level,Lowest,No
13958,18,Indiana,180288,0,1,1,0,2,BREMEN,May,26,Friday,22,54,Urban,Low Speed (Local),No,41.44574722,-86.1426,Non-Intersection,Dark - Lighted,Clear,Unknown,Unknown,Unknown EMS Scene Arrival Hour,Unknown EMS Scene Arrival Minutes,Unknown,Unknown EMS Hospital Arrival Time,1,Dark - Lighted,Clear,1,1,['Driver'],['None_Used'],1,1,Valid,0.0,0.0,38.0,38.0,['Male'],2,0,3,4,3,Dry,Straight,Level,Lowest,No
13959,18,Indiana,180289,0,2,2,0,2,WARSAW,May,18,Thursday,15,6,Urban,Medium Speed (Collector),No,41.26296667,-85.85243333,Complex/Circle,Daylight,Clear,Unknown,Unknown,Unknown EMS Scene Arrival Hour,Unknown EMS Scene Arrival Minutes,Unknown,Unknown EMS Hospital Arrival Time,1,Daylight,Clear,1,1,['Driver'],['None_Used'],0,0,Valid,1.0,0.0,54.0,30.0,"['Female', 'Male']",0,0,5,4,5,Dry,Straight,Level,Lowest,No
13960,18,Indiana,180290,0,2,2,0,3,NOT APPLICABLE,May,11,Thursday,20,59,Rural,High Speed (Arterial),No,37.98518889,-86.71689722,Non-Intersection,Dark - Not Lighted,Clear,Unknown,Unknown,Unknown EMS Scene Arrival Hour,Unknown EMS Scene Arrival Minutes,Unknown,Unknown EMS Hospital Arrival Time,1,Dark - Unlighted,Clear,1,2,['Rear_Seat'],['None_Used'],1,1,Invalid,0.0,0.0,39.0,35.0,"['Male', 'Male']",0,0,5,1,5,Dry,Straight,Level,Lowest,No
13961,18,Indiana,180291,0,2,2,0,6,NOT APPLICABLE,May,12,Friday,16,30,Rural,High Speed (Arterial),Yes,39.25021667,-86.65172222,Non-Intersection,Daylight,Clear,Unknown,Unknown,Unknown EMS Scene Arrival Hour,Unknown EMS Scene Arrival Minutes,Unknown,Unknown EMS Hospital Arrival Time,1,Daylight,Clear,1,5,['Driver'],['Shoulder_Lapbelt'],0,0,Valid,0.0,0.0,68.0,65.0,"['Male', 'Male']",0,0,2,4,5,Dry,Curve,Level,Lowest,No
13962,18,Indiana,180292,0,1,1,0,1,NOT APPLICABLE,May,30,Tuesday,18,3,Rural,Low Speed (Local),No,38.71863611,-87.51131944,Non-Intersection,Daylight,Clear,Unknown,Unknown,Unknown EMS Scene Arrival Hour,Unknown EMS Scene Arrival Minutes,Not Applicable (Not Transported),Not Applicable (Not Transported),1,Daylight,Clear,1,0,['Driver'],['Shoulder_Lapbelt'],0,0,Valid,0.0,0.0,56.0,56.0,['Male'],0,0,2,4,3,Dry,Curve,Level,Lowest,No
13963,18,Indiana,180293,1,1,1,0,1,WEST LAFAYETTE,May,31,Wednesday,4,41,Urban,High Speed (Arterial),No,40.45243333,-86.90154722,Non-Intersection,Dark - Not Lighted,Clear,Unknown,Unknown if Notified,Unknown EMS Scene Arrival Hour,Unknown if Arrived,Not Applicable (Not Transported),Not Applicable (Not Transported),1,Dark - Unlighted,Clear,0,1,[],[],0,0,Valid,0.0,2.0,24.0,24.0,['Male'],0,0,2,0,4,Dry,Straight,Grade/Hillcrest,Lowest,No
13964,18,Indiana,180294,0,2,2,0,4,NOT APPLICABLE,May,31,Wednesday,8,45,Rural,Medium Speed (Collector),No,39.18799444,-85.81461667,Complex/Circle,Daylight,Clear,Unknown,Unknown,Unknown EMS Scene Arrival Hour,Unknown EMS Scene Arrival Minutes,Unknown,Unknown EMS Hospital Arrival Time,1,Daylight,Clear,1,3,['Front_Passenger'],['Shoulder_Lapbelt'],0,0,Valid,0.0,0.0,52.0,19.0,"['Male', 'Female']",0,0,3,4,5,Dry,Straight,Level,Lowest,No
13965,18,Indiana,180295,0,1,1,0,1,NOT APPLICABLE,June,1,Thursday,3,37,Rural,Medium Speed (Collector),No,41.73958889,-85.72766111,Non-Intersection,Dark - Not Lighted,Clear,Unknown,Unknown,Unknown EMS Scene Arrival Hour,Unknown EMS Scene Arrival Minutes,Not Applicable (Not Transported),Not Applicable (Not Transported),1,Dark - Unlighted,Clear,1,0,['Driver'],['None_Used'],0,0,Valid,0.0,0.0,45.0,45.0,['Male'],0,0,5,4,1,Dry,Straight,Level,Lowest,No
13966,18,Indiana,180296,0,2,2,0,2,HUNTINGTON,May,31,Wednesday,15,14,Urban,High Speed (Arterial),No,40.87728333,-85.49425556,Non-Intersection,Daylight,Clear,Unknown,Unknown,Unknown EMS Scene Arrival Hour,Unknown EMS Scene Arrival Minutes,Not Applicable (Not Transported),Not Applicable (Not Transported),1,Daylight,Clear,1,1,['Driver'],['None_Used'],0,0,Valid,0.0,0.0,38.0,26.0,"['Male', 'Male']",0,0,5,4,5,Dry,Curve,Level,Lowest,No
13967,18,Indiana,180297,0,1,1,0,2,NOT APPLICABLE,April,13,Thursday,17,23,Rural,Low Speed (Local),No,39.42735,-86.94689444,Non-Intersection,Daylight,Clear,Unknown,Unknown,Unknown EMS Scene Arrival Hour,Unknown EMS Scene Arrival Minutes,Not Applicable (Not Transported),Not Applicable (Not Transported),1,Daylight,Clear,1,1,['Front_Passenger'],['None_Used'],0,0,Invalid,0.0,0.0,998.0,998.0,['Male'],0,0,5,0,3,Dry,Straight,Level,Lowest,No