,State_Code,State_Name,Crash_ID,Count_Non_Motorists,Count_Vehicles_Total,Count_Vehicle_Forms,Count_PVH_Involved,Count_Occupants_MV,City_Name,Month_Name,Day_of_Month,Day_of_Week,Crash_Hour,Crash_Minute,Area_Rural_Urban,Road_Functional_Class,On_NHS_Road,Latitude,Longitude,Intersection_Type,Light_Condition,Weather_Condition,Notif_Hour,Notif_Minute,Arrival_Hour,Arrival_Minute,Hospital_Hour,Hospital_Minute,Fatalities_Count,Clean_Light_Condition,Clean_Weather_Condition,Total_Killed,Total_Alive,Fatal_Seats_List,Killed_Restraint_List,Any_Driver_Drinking,Total_Drinking_Drivers,Driver_License_Category,Driver_Max_Prev_Accident_Count,Driver_Max_Prev_Speeding_Count,Max_Driver_Age,Min_Driver_Age,Driver_Sex_List,Total_Exceeding_Limit_Vehicles,Total_Too_Fast_Vehicles,Max_Vehicle_Type_Severity_5,Max_Vehicle_Damage_Rank,Max_Harmful_Event_Severity,Crash_Road_Surface_Condition,Crash_Horizontal_Alignment,Crash_Vertical_Profile,Crash_Impairment_Category,Crash_Vehicle_Defect
13968,18,Indiana,180298,1,1,1,0,1,SOUTH BEND,May,25,Thursday,10,31,Urban,High Speed (Arterial),No,41.71240833,-86.29387778,Non-Intersection,Reported as Unknown,Clear,Unknown,Unknown if Notified,Unknown EMS Scene Arrival Hour,Unknown if Arrived,Not Applicable (Not Transported),Not Applicable (Not Transported),1,Dark - Unlighted,Clear,0,1,[],[],0,0,Invalid,0.0,0.0,998.0,998.0,['Other'],0,0,1,0,4,Dry,Straight,Level,Lowest,No
13969,18,Indiana,180299,0,2,2,0,2,NOT APPLICABLE,May,23,Tuesday,10,35,Rural,Medium Speed (Collector),No,41.07764167,-85.51962222,Non-Intersection,Daylight,Clear,Unknown,Unknown,Unknown EMS Scene Arrival Hour,Unknown EMS Scene Arrival Minutes,Not Applicable (Not Transported),Not Applicable (Not Transported),2,Daylight,Clear,2,0,"['Driver', 'Driver']","['Shoulder_Lapbelt', 'Shoulder_Lapbelt']",0,0,Valid,0.0,0.0,69.0,45.0,"['Male', 'Female']",0,0,3,4,5,Dry,Straight,Level,Lowest,No
13970,18,Indiana,180300,0,2,2,0,2,NOT APPLICABLE,June,2,Friday,11,48,Rural,High Speed (Arterial),Yes,41.44966667,-86.27645833,Non-Intersection,Daylight,Clear,Unknown,Unknown,Unknown EMS Scene Arrival Hour,Unknown EMS Scene Arrival Minutes,Not Applicable (Not Transported),Not Applicable (Not Transported),1,Daylight,Clear,1,1,['Driver'],['Shoulder_Lapbelt'],1,1,Valid,0.0,0.0,52.0,46.0,"['Male', 'Male']",0,0,4,4,5,Dry,Straight,Level,Lowest,No
13971,18,Indiana,180301,0,1,1,0,2,NOT APPLICABLE,May,31,Wednesday,3,19,Rural,High Speed (Arterial),Yes,40.47904722,-85.83539722,Non-Intersection,Dark - Not Lighted,Clear,Unknown,Unknown,Unknown EMS Scene Arrival Hour,Unknown EMS Scene Arrival Minutes,Unknown,Unknown EMS Hospital Arrival Time,1,Dark - Unlighted,Clear,1,1,['Driver'],['Shoulder_Lapbelt'],0,0,Invalid,1.0,0.0,22.0,22.0,['Male'],0,0,3,4,3,Dry,Straight,Level,Lowest,No
13972,18,Indiana,180302,0,1,1,0,1,NOT APPLICABLE,May,29,Monday,17,30,Rural,Medium Speed (Collector),No,41.40608889,-85.06002778,Non-Intersection,Daylight,Clear,Unknown,Unknown,Unknown EMS Scene Arrival Hour,Unknown EMS Scene Arrival Minutes,Unknown,Unknown EMS Hospital Arrival Time,1,Daylight,Clear,1,0,['Driver'],['None_Used'],0,0,Valid,0.0,0.0,68.0,68.0,['Male'],0,0,5,1,2,Dry,Curve,Level,Lowest,No
13973,18,Indiana,180303,0,1,1,0,2,FARMLAND,May,25,Thursday,6,26,Rural,Low Speed (Local),No,40.22513611,-85.16559167,Non-Intersection,Daylight,Clear,Unknown,Unknown,Unknown EMS Scene Arrival Hour,Unknown EMS Scene Arrival Minutes,Unknown,Unknown EMS Hospital Arrival Time,1,Daylight,Clear,1,1,['Driver'],['None_Used'],0,0,Valid,0.0,0.0,29.0,29.0,['Male'],2,0,1,4,3,Dry,Curve,Level,Lowest,No
13974,18,Indiana,180304,0,2,2,0,2,NOT APPLICABLE,May,30,Tuesday,20,40,Rural,Medium Speed (Collector),No,39.967525,-87.24239722,Complex/Circle,Dusk,Clear,Unknown,Unknown,Unknown EMS Scene Arrival Hour,Unknown EMS Scene Arrival Minutes,Not Applicable (Not Transported),Not Applicable (Not Transported),1,Twilight,Clear,1,1,['Driver'],['Shoulder_Lapbelt'],0,0,Valid,0.0,0.0,72.0,36.0,"['Female', 'Male']",0,0,4,4,5,Dry,Straight,Level,Lowest,No
13975,18,Indiana,180305,0,2,2,0,2,NOT APPLICABLE,June,1,Thursday,18,36,Rural,High Speed (Arterial),Yes,40.72603611,-86.12589167,Simple Junction,Daylight,Clear,Unknown,Unknown,Unknown EMS Scene Arrival Hour,Unknown EMS Scene Arrival Minutes,Unknown,Unknown EMS Hospital Arrival Time,1,Daylight,Clear,1,1,['Driver'],['Shoulder_Lapbelt'],0,0,Valid,3.0,0.0,64.0,55.0,"['Male', 'Male']",0,0,3,4,5,Dry,Straight,Level,Lowest,No
13976,18,Indiana,180306,0,1,1,0,4,NOT APPLICABLE,June,4,Sunday,20,46,Rural,Low Speed (Local),No,40.17849722,-85.12636111,Non-Intersection,Dusk,Clear,Unknown,Unknown,Unknown EMS Scene Arrival Hour,Unknown EMS Scene Arrival Minutes,Unknown,Unknown EMS Hospital Arrival Time,1,Twilight,Clear,1,3,['Driver'],['None_Used'],0,0,Valid,0.0,0.0,19.0,19.0,['Male'],0,0,2,4,3,Dry,Straight,Grade/Hillcrest,Lowest,No
13977,18,Indiana,180307,0,1,1,0,1,NEW CASTLE,June,4,Sunday,0,50,Urban,Medium Speed (Collector),No,39.93459722,-85.35253333,Non-Intersection,Dark - Lighted,Clear,Unknown,Unknown,Unknown EMS Scene Arrival Hour,Unknown EMS Scene Arrival Minutes,Not Applicable (Not Transported),Not Applicable (Not Transported),1,Dark - Lighted,Clear,1,0,['Driver'],['None_Used'],1,1,Valid,0.0,0.0,20.0,20.0,['Male'],1,0,3,4,3,Dry,Straight,Level,Lowest,No
13978,18,Indiana,180308,0,1,1,0,1,NOT APPLICABLE,May,28,Sunday,4,31,Rural,Low Speed (Local),No,38.94577778,-87.01671389,Complex/Circle,Dark - Not Lighted,Clear,Unknown,Unknown,Unknown EMS Scene Arrival Hour,Unknown EMS Scene Arrival Minutes,Not Applicable (Not Transported),Not Applicable (Not Transported),1,Dark - Unlighted,Clear,1,0,['Driver'],['None_Used'],1,1,Valid,0.0,0.0,26.0,26.0,['Male'],0,0,5,4,3,Dry,Straight,Grade/Hillcrest,Lowest,No
13979,18,Indiana,180309,0,1,1,0,3,NOT APPLICABLE,May,31,Wednesday,3,30,Rural,High Speed (Arterial),Yes,41.20497222,-85.10426389,Non-Intersection,Dark - Lighted,Clear,Unknown,Unknown,Unknown EMS Scene Arrival Hour,Unknown EMS Scene Arrival Minutes,Unknown,Unknown EMS Hospital Arrival Time,1,Dark - Lighted,Clear,1,2,['Driver'],['None_Used'],0,0,Valid,0.0,0.0,24.0,24.0,['Female'],0,0,2,4,3,Dry,Straight,Level,Lowest,No
13980,18,Indiana,180310,0,2,2,0,2,EVANSVILLE,June,5,Monday,14,23,Urban,Medium Speed (Collector),No,37.96805278,-87.53632778,Complex/Circle,Daylight,Clear,Unknown,Unknown,Unknown EMS Scene Arrival Hour,Unknown EMS Scene Arrival Minutes,Unknown,Unknown EMS Hospital Arrival Time,1,Daylight,Clear,1,1,['Driver'],['None_Used'],0,0,Valid,0.0,0.0,65.0,43.0,"['Female', 'Male']",0,0,5,4,5,Dry,Straight,Level,Lowest,No
13981,18,Indiana,180311,0,3,1,2,1,NOT APPLICABLE,May,25,Thursday,20,43,Rural,Medium Speed (Collector),No,38.22883333,-86.00406389,Non-Intersection,Daylight,Clear,Unknown,Unknown,Unknown EMS Scene Arrival Hour,Unknown EMS Scene Arrival Minutes,Not Applicable (Not Transported),Not Applicable (Not Transported),1,Daylight,Clear,1,0,['Driver'],['None_Used'],1,1,Valid,0.0,0.0,38.0,38.0,['Male'],1,0,5,4,5,Dry,Curve,Level,Lowest,No
13982,18,Indiana,180312,0,2,2,0,2,MISHAWAKA,May,24,Wednesday,21,50,Urban,High Speed (Arterial),No,41.68041667,-86.16769167,Simple Junction,Dark - Lighted,Clear,Unknown,Unknown,Unknown EMS Scene Arrival Hour,Unknown EMS Scene Arrival Minutes,Not Applicable (Not Transported),Not Applicable (Not Transported),1,Dark - Lighted,Clear,1,1,['Driver'],['None_Used'],0,0,Valid,0.0,1.0,51.0,36.0,"['Male', 'Female']",1,0,5,4,5,Dry,Straight,Level,Lowest,No
13983,18,Indiana,180313,0,1,1,0,2,NOT APPLICABLE,June,4,Sunday,17,44,Rural,Low Speed (Local),No,40.33845,-84.81925,Non-Intersection,Daylight,Clear,Unknown,Unknown,Unknown EMS Scene Arrival Hour,Unknown EMS Scene Arrival Minutes,Unknown,Unknown EMS Hospital Arrival Time,1,Daylight,Clear,1,1,['Front_Passenger'],['Shoulder_Lapbelt'],1,1,Invalid,0.0,0.0,27.0,27.0,['Male'],0,0,2,4,3,Dry,Straight,Level,Lowest,No
13984,18,Indiana,180314,0,1,1,0,1,NOT APPLICABLE,June,5,Monday,20,43,Rural,Low Speed (Local),No,39.51470278,-86.74837778,Non-Intersection,Daylight,Clear,Unknown,Unknown,Unknown EMS Scene Arrival Hour,Unknown EMS Scene Arrival Minutes,Unknown,Unknown EMS Hospital Arrival Time,1,Daylight,Clear,1,0,['Driver'],['None_Used'],0,0,Valid,0.0,0.0,71.0,71.0,['Male'],0,0,5,1,1,Dry,Curve,Grade/Hillcrest,Lowest,No
13985,18,Indiana,180315,0,2,2,0,6,NOT APPLICABLE,June,5,Monday,17,53,Rural,High Speed (Arterial),Yes,40.19334722,-85.30965556,Non-Intersection,Daylight,Clear,Unknown,Unknown,Unknown EMS Scene Arrival Hour,Unknown EMS Scene Arrival Minutes,Unknown,Unknown EMS Hospital Arrival Time,1,Daylight,Clear,1,5,['Rear_Seat'],['Shoulder_Lapbelt'],0,0,Invalid,0.0,0.0,37.0,20.0,"['Male', 'Female']",2,0,3,4,5,Dry,Straight,Level,Medium,No
13986,18,Indiana,180316,1,1,1,0,1,FORT WAYNE,April,19,Wednesday,19,27,Urban,Medium Speed (Collector),No,41.08033056,-85.13987222,Complex/Circle,Daylight,Clear,Unknown,Unknown,Unknown EMS Scene Arrival Hour,Unknown EMS Scene Arrival Minutes,Unknown,Unknown EMS Hospital Arrival Time,1,Daylight,Clear,0,1,[],[],0,0,Valid,0.0,0.0,46.0,46.0,['Male'],0,0,3,0,4,Dry,Straight,Level,Lowest,No
13987,18,Indiana,180317,0,1,1,0,2,NOT APPLICABLE,May,12,Friday,20,40,Rural,Low Speed (Local),No,38.60009167,-87.36387222,Non-Intersection,Dusk,Clear,Unknown,Unknown,Unknown EMS Scene Arrival Hour,Unknown EMS Scene Arrival Minutes,Unknown,Unknown EMS Hospital Arrival Time,1,Twilight,Clear,1,1,['Front_Passenger'],['None_Used'],0,0,Valid,0.0,1.0,20.0,20.0,['Male'],2,0,2,4,3,Dry,Straight,Grade/Hillcrest,Lowest,No
13988,18,Indiana,180318,0,2,2,0,2,GARY,May,24,Wednesday,14,23,Urban,Medium Speed (Collector),No,41.58744167,-87.31028333,Simple Junction,Daylight,Clear,Unknown,Unknown,Unknown EMS Scene Arrival Hour,Unknown EMS Scene Arrival Minutes,Not Applicable (Not Transported),Not Applicable (Not Transported),1,Daylight,Clear,1,1,['Driver'],['None_Used'],1,1,Valid,0.0,1.0,56.0,40.0,"['Male', 'Male']",1,0,5,4,5,Dry,Straight,Level,Lowest,No
13989,18,Indiana,180320,0,7,7,0,9,NOT APPLICABLE,May,27,Saturday,12,5,Rural,High Speed (Arterial),Yes,39.65474167,-86.39546111,Non-Intersection,Daylight,Clear,12:00pm-12:59pm,4,12:00pm-12:59pm,12,Unknown,Unknown EMS Hospital Arrival Time,1,Daylight,Clear,1,8,['Driver'],['Shoulder_Lapbelt'],0,0,Valid,0.0,3.0,68.0,23.0,"['Male', 'Female', 'Male', 'Male', 'Male', 'Male', 'Female']",0,0,4,4,5,Dry,Straight,Grade/Hillcrest,Lowest,No
13990,18,Indiana,180321,0,2,2,0,4,INDIANAPOLIS,June,4,Sunday,2,30,Urban,High Speed (Arterial),No,39.77370833,-86.22808889,Complex/Circle,Dark - Lighted,Clear,Unknown,Unknown,Unknown EMS Scene Arrival Hour,Unknown EMS Scene Arrival Minutes,Unknown,Unknown EMS Hospital Arrival Time,1,Dark - Lighted,Clear,1,3,['Rear_Seat'],['None_Used'],1,1,Valid,0.0,0.0,51.0,28.0,"['Male', 'Male']",0,0,4,4,5,Dry,Straight,Level,Lowest,No
13991,18,Indiana,180322,0,1,1,0,1,NOT APPLICABLE,June,9,Friday,10,21,Rural,High Speed (Arterial),No,41.40845,-87.47015556,Non-Intersection,Daylight,Clear,Unknown,Unknown,Unknown EMS Scene Arrival Hour,Unknown EMS Scene Arrival Minutes,Not Applicable (Not Transported),Not Applicable (Not Transported),1,Daylight,Clear,1,0,['Driver'],['None_Used'],0,0,Valid,0.0,0.0,84.0,84.0,['Female'],0,0,3,4,2,Dry,Straight,Level,Lowest,No
13992,18,Indiana,180323,0,1,1,0,2,NOT APPLICABLE,June,6,Tuesday,23,12,Rural,Low Speed (Local),No,40.74291667,-86.30955,Non-Intersection,Dark - Not Lighted,Clear,Unknown,Unknown,Unknown EMS Scene Arrival Hour,Unknown EMS Scene Arrival Minutes,Unknown,Unknown EMS Hospital Arrival Time,1,Dark - Unlighted,Clear,1,1,['Driver'],['None_Used'],1,1,Valid,0.0,0.0,24.0,24.0,['Male'],2,0,3,4,3,Dry,Curve,Level,Lowest,No
13993,18,Indiana,180324,0,2,2,0,2,NOBLESVILLE,June,6,Tuesday,16,27,Urban,Medium Speed (Collector),No,40.05028056,-86.01569444,Non-Intersection,Daylight,Cloudy,Unknown,Unknown,Unknown EMS Scene Arrival Hour,Unknown EMS Scene Arrival Minutes,Unknown,Unknown EMS Hospital Arrival Time,1,Daylight,Reduced Visibility,1,1,['Driver'],['Shoulder_Lapbelt'],0,0,Valid,0.0,2.0,26.0,20.0,"['Male', 'Male']",0,0,3,1,5,Dry,Curve,Level,Lowest,No
13994,18,Indiana,180325,0,2,2,0,2,NOT APPLICABLE,June,6,Tuesday,22,0,Rural,Low Speed (Local),No,40.53068611,-85.63179167,Non-Intersection,Dark - Not Lighted,Clear,Unknown,Unknown,Unknown EMS Scene Arrival Hour,Unknown EMS Scene Arrival Minutes,Not Applicable (Not Transported),Not Applicable (Not Transported),1,Dark - Unlighted,Clear,1,1,['Driver'],['None_Used'],0,0,Valid,0.0,0.0,70.0,38.0,"['Male', 'Female']",0,0,5,4,5,Dry,Straight,Level,Lowest,No
13995,18,Indiana,180326,0,2,2,0,2,NOT APPLICABLE,June,10,Saturday,1,51,Urban,Low Speed (Local),No,39.12825833,-87.41163056,Non-Intersection,Dark - Lighted,Clear,Unknown,Unknown,Unknown EMS Scene Arrival Hour,Unknown EMS Scene Arrival Minutes,Not Applicable (Not Transported),Not Applicable (Not Transported),1,Dark - Lighted,Clear,1,1,['Driver'],['None_Used'],1,1,Valid,0.0,0.0,56.0,22.0,"['Male', 'Male']",0,0,5,4,5,Dry,Straight,Level,Lowest,No
13996,18,Indiana,180327,0,1,1,0,1,LINTON,June,10,Saturday,22,30,Urban,Low Speed (Local),No,39.03591944,-87.16495556,Non-Intersection,Dark - Lighted,Clear,Unknown,Unknown,Unknown EMS Scene Arrival Hour,Unknown EMS Scene Arrival Minutes,Unknown,Unknown EMS Hospital Arrival Time,1,Dark - Lighted,Clear,1,0,['Driver'],['None_Used'],0,0,Valid,0.0,0.0,60.0,60.0,['Male'],0,0,5,1,1,Dry,Straight,Level,Medium,No
13997,18,Indiana,180328,2,1,1,0,1,NOT APPLICABLE,May,30,Tuesday,22,0,Rural,Medium Speed (Collector),No,39.29016111,-85.103025,Non-Intersection,Dark - Not Lighted,Clear,10:00pm-10:59pm,2,10:00pm-10:59pm,12,Unknown,Unknown EMS Hospital Arrival Time,1,Dark - Unlighted,Clear,0,1,[],[],0,0,Valid,0.0,0.0,28.0,28.0,['Male'],0,0,2,4,4,Dry,Curve,Level,Lowest,No
13998,18,Indiana,180329,0,3,3,0,3,NOT APPLICABLE,June,4,Sunday,21,59,Rural,Medium Speed (Collector),No,39.22275556,-84.85781389,Non-Intersection,Dark - Not Lighted,Clear,Unknown,Unknown,Unknown EMS Scene Arrival Hour,Unknown EMS Scene Arrival Minutes,Not Applicable (Not Transported),Not Applicable (Not Transported),1,Dark - Unlighted,Clear,1,2,['Driver'],['Shoulder_Lapbelt'],0,0,Valid,0.0,1.0,60.0,16.0,"['Male', 'Female', 'Male']",0,0,3,4,5,Dry,Straight,Level,Lowest,No
13999,18,Indiana,180330,0,4,4,0,4,NOT APPLICABLE,June,5,Monday,12,6,Rural,Medium Speed (Collector),No,40.27386944,-86.20984167,Non-Intersection,Daylight,Clear,Unknown,Unknown,Unknown EMS Scene Arrival Hour,Unknown EMS Scene Arrival Minutes,Unknown,Unknown EMS Hospital Arrival Time,1,Daylight,Clear,1,3,['Driver'],['Shoulder_Lapbelt'],0,0,Valid,0.0,1.0,57.0,17.0,"['Female', 'Male', 'Male', 'Male']",0,0,4,4,5,Dry,Straight,Level,Lowest,No
14000,18,Indiana,180331,0,2,2,0,3,NOT APPLICABLE,June,7,Wednesday,11,10,Rural,High Speed (Arterial),Yes,39.76065,-86.65004167,Non-Intersection,Daylight,Clear,Unknown,Unknown,Unknown EMS Scene Arrival Hour,Unknown EMS Scene Arrival Minutes,Unknown,Unknown EMS Hospital Arrival Time,1,Daylight,Clear,1,2,['Driver'],['Shoulder_Lapbelt'],0,0,Valid,0.0,0.0,64.0,33.0,"['Male', 'Male']",0,0,4,4,5,Dry,Straight,Level,Lowest,No
14001,18,Indiana,180332,0,2,2,0,2,NOT APPLICABLE,June,9,Friday,17,52,Rural,High Speed (Arterial),Yes,40.59580833,-85.54880833,Non-Intersection,Daylight,Clear,Unknown,Unknown,Unknown EMS Scene Arrival Hour,Unknown EMS Scene Arrival Minutes,Unknown,Unknown EMS Hospital Arrival Time,1,Daylight,Clear,1,1,['Driver'],['Shoulder_Lapbelt'],0,0,Valid,0.0,0.0,81.0,33.0,"['Male', 'Male']",0,0,4,4,5,Dry,Straight,Level,Lowest,No
14002,18,Indiana,180333,0,1,1,0,1,NOT APPLICABLE,June,11,Sunday,11,0,Rural,Medium Speed (Collector),No,39.38435278,-87.30516111,Non-Intersection,Daylight,Rain,Unknown,Unknown,Unknown EMS Scene Arrival Hour,Unknown EMS Scene Arrival Minutes,Not Applicable (Not Transported),Not Applicable (Not Transported),1,Daylight,Rain/Wind/Minor,1,0,['Driver'],['Shoulder_Lapbelt'],0,0,Valid,0.0,0.0,20.0,20.0,['Male'],0,0,3,4,3,Wet/Standing Water,Curve,Level,Lowest,No
14003,18,Indiana,180334,0,2,2,0,3,NOT APPLICABLE,June,9,Friday,15,43,Rural,Medium Speed (Collector),No,39.54195,-87.45438333,Complex/Circle,Daylight,Clear,Unknown,Unknown,Unknown EMS Scene Arrival Hour,Unknown EMS Scene Arrival Minutes,Not Applicable (Not Transported),Not Applicable (Not Transported),2,Daylight,Clear,2,1,"['Driver', 'Non_Standard_Risk']","['None_Used', 'None_Used']",0,0,Valid,0.0,1.0,67.0,34.0,"['Male', 'Male']",0,0,5,4,5,Dry,Straight,Level,Lowest,No
14004,18,Indiana,180335,0,1,1,0,1,NOT APPLICABLE,June,8,Thursday,22,0,Rural,Medium Speed (Collector),No,41.40235278,-85.74301667,Non-Intersection,Dark - Not Lighted,Clear,10:00pm-10:59pm,24,10:00pm-10:59pm,50,Not Applicable (Not Transported),Not Applicable (Not Transported),1,Dark - Unlighted,Clear,1,0,['Driver'],['None_Used'],1,1,Valid,0.0,0.0,55.0,55.0,['Male'],1,0,5,4,2,Dry,Curve,Grade/Hillcrest,Lowest,No
14005,18,Indiana,180336,0,1,1,0,2,NOT APPLICABLE,June,9,Friday,20,5,Rural,Medium Speed (Collector),No,41.33400278,-87.29793611,Non-Intersection,Dark - Not Lighted,Cloudy,Unknown,Unknown,Unknown EMS Scene Arrival Hour,Unknown EMS Scene Arrival Minutes,Unknown,Unknown EMS Hospital Arrival Time,1,Dark - Unlighted,Reduced Visibility,1,1,['Driver'],['Shoulder_Lapbelt'],1,1,Valid,0.0,1.0,22.0,22.0,['Female'],2,0,3,4,3,Wet/Standing Water,Curve,Grade/Hillcrest,Lowest,No
14006,18,Indiana,180338,0,1,1,0,1,GARY,April,14,Friday,6,58,Urban,Low Speed (Local),No,41.60573056,-87.39988333,Non-Intersection,Daylight,Clear,Unknown,Unknown,Unknown EMS Scene Arrival Hour,Unknown EMS Scene Arrival Minutes,Unknown,Unknown EMS Hospital Arrival Time,1,Daylight,Clear,1,0,['Driver'],['None_Used'],0,0,Invalid,0.0,0.0,49.0,49.0,['Male'],0,0,3,4,4,Dry,Straight,Grade/Hillcrest,Lowest,No
14007,18,Indiana,180339,0,1,1,0,1,NOT APPLICABLE,May,21,Sunday,17,11,Rural,Medium Speed (Collector),No,39.89952222,-85.88926667,Non-Intersection,Daylight,Clear,Unknown,Unknown,Unknown EMS Scene Arrival Hour,Unknown EMS Scene Arrival Minutes,Unknown,Unknown EMS Hospital Arrival Time,1,Daylight,Clear,1,0,['Driver'],['Shoulder_Lapbelt'],0,0,Valid,0.0,1.0,63.0,63.0,['Female'],0,0,3,4,2,Dry,Straight,Level,Medium,No
14008,18,Indiana,180340,0,2,2,0,2,NOT APPLICABLE,May,23,Tuesday,8,15,Rural,High Speed (Arterial),Yes,41.15685,-86.60246944,Complex/Circle,Daylight,Clear,Unknown,Unknown,Unknown EMS Scene Arrival Hour,Unknown EMS Scene Arrival Minutes,Unknown,Unknown EMS Hospital Arrival Time,1,Daylight,Clear,1,1,['Driver'],['None_Used'],0,0,Valid,0.0,0.0,83.0,78.0,"['Male', 'Male']",0,0,3,4,5,Dry,Straight,Level,Lowest,No
14009,18,Indiana,180341,0,2,2,0,3,INDIANAPOLIS,June,5,Monday,5,51,Urban,High Speed (Arterial),No,39.66441944,-86.14764444,Complex/Circle,Daylight,Clear,Unknown,Unknown,Unknown EMS Scene Arrival Hour,Unknown EMS Scene Arrival Minutes,Unknown,Unknown EMS Hospital Arrival Time,1,Daylight,Clear,1,2,['Front_Passenger'],['None_Used'],0,0,Valid,0.0,0.0,998.0,63.0,"['Male', 'Other']",0,0,3,4,5,Dry,Straight,Level,Lowest,No
14010,18,Indiana,180342,0,2,2,0,3,SOUTH BEND,June,9,Friday,22,17,Urban,High Speed (Arterial),No,41.68245556,-86.26404722,Non-Intersection,Dark - Lighted,Clear,Unknown,Unknown,Unknown EMS Scene Arrival Hour,Unknown EMS Scene Arrival Minutes,Unknown,Unknown EMS Hospital Arrival Time,1,Dark - Lighted,Clear,1,2,['Front_Passenger'],['Shoulder_Only'],1,1,Invalid,0.0,0.0,49.0,18.0,"['Male', 'Female']",2,0,3,4,5,Dry,Straight,Level,Lowest,No
14011,18,Indiana,180343,0,1,1,0,1,NOT APPLICABLE,June,12,Monday,12,23,Rural,Low Speed (Local),No,38.27601389,-86.06295833,Non-Intersection,Daylight,Cloudy,Unknown,Unknown,Unknown EMS Scene Arrival Hour,Unknown EMS Scene Arrival Minutes,Not Applicable (Not Transported),Not Applicable (Not Transported),1,Daylight,Reduced Visibility,1,0,['Driver'],['None_Used'],1,1,Invalid,0.0,0.0,35.0,35.0,['Female'],0,0,2,4,2,Dry,Straight,Grade/Hillcrest,Lowest,No
14012,18,Indiana,180344,0,1,1,0,3,NOT APPLICABLE,April,22,Saturday,4,44,Rural,Low Speed (Local),No,39.41977222,-85.97948333,Non-Intersection,Dark - Not Lighted,Cloudy,Unknown,Unknown,Unknown EMS Scene Arrival Hour,Unknown EMS Scene Arrival Minutes,Unknown,Unknown EMS Hospital Arrival Time,1,Dark - Unlighted,Reduced Visibility,1,2,['Rear_Seat'],['Shoulder_Lapbelt'],1,1,Valid,0.0,0.0,27.0,27.0,['Male'],3,0,3,4,3,Wet/Standing Water,Straight,Level,Lowest,No
14013,18,Indiana,180345,0,3,3,0,4,INDIANAPOLIS,June,8,Thursday,20,32,Urban,Medium Speed (Collector),No,39.81836944,-86.07846944,Simple Junction,Daylight,Clear,Unknown,Unknown,Unknown EMS Scene Arrival Hour,Unknown EMS Scene Arrival Minutes,Not Applicable (Not Transported),Not Applicable (Not Transported),1,Daylight,Clear,1,3,['Driver'],['None_Used'],1,1,Valid,0.0,1.0,56.0,25.0,"['Male', 'Female', 'Male']",0,0,5,4,5,Dry,Straight,Level,Lowest,No
14014,18,Indiana,180346,0,1,1,0,1,NOT APPLICABLE,June,3,Saturday,1,10,Rural,Medium Speed (Collector),No,40.329325,-87.33398056,Non-Intersection,Dark - Not Lighted,Clear,Unknown,Unknown,Unknown EMS Scene Arrival Hour,Unknown EMS Scene Arrival Minutes,Not Applicable (Not Transported),Not Applicable (Not Transported),1,Dark - Unlighted,Clear,1,0,['Driver'],['None_Used'],1,1,Valid,1.0,0.0,20.0,20.0,['Female'],1,0,2,4,3,Dry,Straight,Level,Lowest,No
14015,18,Indiana,180347,0,1,1,0,1,NOT APPLICABLE,June,13,Tuesday,22,25,Rural,Low Speed (Local),No,39.58642778,-86.288425,Non-Intersection,Dark - Not Lighted,Rain,Unknown,Unknown,Unknown EMS Scene Arrival Hour,Unknown EMS Scene Arrival Minutes,Unknown,Unknown EMS Hospital Arrival Time,1,Dark - Unlighted,Rain/Wind/Minor,1,0,['Driver'],['None_Used'],0,0,Invalid,0.0,1.0,34.0,34.0,['Female'],1,0,2,4,2,Wet/Standing Water,Curve,Grade/Hillcrest,Lowest,No
14016,18,Indiana,180348,0,1,1,0,1,INDIANAPOLIS,May,27,Saturday,1,20,Urban,High Speed (Arterial),Yes,39.75413889,-86.14568611,Non-Intersection,Dark - Not Lighted,Clear,Unknown,Unknown,Unknown EMS Scene Arrival Hour,Unknown EMS Scene Arrival Minutes,Unknown,Unknown EMS Hospital Arrival Time,1,Dark - Unlighted,Clear,1,0,['Driver'],['None_Used'],0,0,Invalid,0.0,0.0,19.0,19.0,['Male'],1,0,5,4,3,Dry,Curve,Grade/Hillcrest,Lowest,No
14017,18,Indiana,180349,0,1,1,0,1,NOT APPLICABLE,June,5,Monday,14,42,Rural,Medium Speed (Collector),No,38.26387222,-86.94248056,Non-Intersection,Daylight,Clear,Unknown,Unknown,Unknown EMS Scene Arrival Hour,Unknown EMS Scene Arrival Minutes,Unknown,Unknown EMS Hospital Arrival Time,1,Daylight,Clear,1,0,['Driver'],['None_Used'],1,1,Valid,0.0,0.0,64.0,64.0,['Male'],1,0,2,4,3,Dry,Straight,Level,Medium,No
14018,18,Indiana,180350,0,2,2,0,2,NOT APPLICABLE,June,9,Friday,16,15,Rural,High Speed (Arterial),Yes,40.54161111,-85.55043611,Non-Intersection,Daylight,Clear,Unknown,Unknown,Unknown EMS Scene Arrival Hour,Unknown EMS Scene Arrival Minutes,Unknown,Unknown EMS Hospital Arrival Time,1,Daylight,Clear,1,1,['Driver'],['Shoulder_Lapbelt'],0,0,Valid,0.0,0.0,48.0,45.0,"['Male', 'Male']",0,0,4,4,5,Dry,Straight,Level,Lowest,No