,State_Code,State_Name,Crash_ID,Count_Non_Motorists,Count_Vehicles_Total,Count_Vehicle_Forms,Count_PVH_Involved,Count_Occupants_MV,City_Name,Month_Name,Day_of_Month,Day_of_Week,Crash_Hour,Crash_Minute,Area_Rural_Urban,Road_Functional_Class,On_NHS_Road,Latitude,Longitude,Intersection_Type,Light_Condition,Weather_Condition,Notif_Hour,Notif_Minute,Arrival_Hour,Arrival_Minute,Hospital_Hour,Hospital_Minute,Fatalities_Count,Clean_Light_Condition,Clean_Weather_Condition,Total_Killed,Total_Alive,Fatal_Seats_List,Killed_Restraint_List,Any_Driver_Drinking,Total_Drinking_Drivers,Driver_License_Category,Driver_Max_Prev_Accident_Count,Driver_Max_Prev_Speeding_Count,Max_Driver_Age,Min_Driver_Age,Driver_Sex_List,Total_Exceeding_Limit_Vehicles,Total_Too_Fast_Vehicles,Max_Vehicle_Type_Severity_5,Max_Vehicle_Damage_Rank,Max_Harmful_Event_Severity,Crash_Road_Surface_Condition,Crash_Horizontal_Alignment,Crash_Vertical_Profile,Crash_Impairment_Category,Crash_Vehicle_Defect
14019,18,Indiana,180351,0,1,1,0,2,NOT APPLICABLE,June,17,Saturday,2,7,Rural,Low Speed (Local),No,41.60871111,-85.84848889,Non-Intersection,Dark - Lighted,"Fog, Smog, Smoke",Unknown,Unknown,Unknown EMS Scene Arrival Hour,Unknown EMS Scene Arrival Minutes,Unknown,Unknown EMS Hospital Arrival Time,1,Dark - Lighted,Reduced Visibility,1,1,['Front_Passenger'],['Shoulder_Lapbelt'],0,0,Valid,0.0,0.0,16.0,16.0,['Male'],0,0,2,4,3,Loose/Unpaved,Curve,Level,Lowest,No
14020,18,Indiana,180352,0,3,3,0,4,HUNTERTOWN,June,14,Wednesday,17,55,Urban,Medium Speed (Collector),No,41.22453611,-85.16699722,Complex/Circle,Daylight,Clear,Unknown,Unknown,Unknown EMS Scene Arrival Hour,Unknown EMS Scene Arrival Minutes,Unknown,Unknown EMS Hospital Arrival Time,1,Daylight,Clear,1,3,['Driver'],['Shoulder_Lapbelt'],0,0,Valid,0.0,2.0,78.0,21.0,"['Female', 'Male', 'Male']",0,0,3,4,5,Dry,Straight,Level,Lowest,No
14021,18,Indiana,180354,0,1,1,0,1,FORT WAYNE,June,16,Friday,20,26,Rural,Low Speed (Local),No,41.09971389,-85.03142778,Non-Intersection,Dusk,Clear,Unknown,Unknown,Unknown EMS Scene Arrival Hour,Unknown EMS Scene Arrival Minutes,Not Applicable (Not Transported),Not Applicable (Not Transported),1,Twilight,Clear,1,0,['Driver'],['Shoulder_Lapbelt'],0,0,Valid,0.0,0.0,20.0,20.0,['Male'],1,0,2,4,3,Dry,Straight,Level,Lowest,No
14022,18,Indiana,180355,0,2,2,0,2,GREENWOOD,June,19,Monday,12,13,Urban,Medium Speed (Collector),No,39.58510278,-86.13977778,Complex/Circle,Daylight,Cloudy,Unknown,Unknown,Unknown EMS Scene Arrival Hour,Unknown EMS Scene Arrival Minutes,Unknown,Unknown EMS Hospital Arrival Time,1,Daylight,Reduced Visibility,1,1,['Driver'],['Shoulder_Lapbelt'],0,0,Valid,0.0,1.0,58.0,37.0,"['Female', 'Male']",0,0,3,4,5,Wet/Standing Water,Straight,Grade/Hillcrest,Lowest,No
14023,18,Indiana,180356,0,1,1,0,1,NOT APPLICABLE,June,18,Sunday,9,19,Rural,Low Speed (Local),No,39.43416389,-86.73880278,Non-Intersection,Daylight,Clear,Unknown,Unknown,Unknown EMS Scene Arrival Hour,Unknown EMS Scene Arrival Minutes,Unknown,Unknown EMS Hospital Arrival Time,1,Daylight,Clear,1,0,['Driver'],['None_Used'],1,1,Valid,0.0,0.0,63.0,63.0,['Male'],1,0,2,4,3,Dry,Straight,Level,Lowest,No
14024,18,Indiana,180357,0,1,1,0,1,NOT APPLICABLE,March,30,Thursday,0,0,Rural,Low Speed (Local),No,38.91932222,-87.14381667,Non-Intersection,Dark - Not Lighted,Clear,Unknown,Unknown,Unknown EMS Scene Arrival Hour,Unknown EMS Scene Arrival Minutes,Not Applicable (Not Transported),Not Applicable (Not Transported),1,Dark - Unlighted,Clear,1,0,['Driver'],['None_Used'],0,0,Valid,0.0,0.0,55.0,55.0,['Male'],0,0,3,4,3,Dry,Straight,Level,Lowest,No
14025,18,Indiana,180358,0,1,1,0,1,NOT APPLICABLE,June,10,Saturday,15,7,Rural,Medium Speed (Collector),No,41.657425,-85.27708889,Non-Intersection,Daylight,Clear,Unknown,Unknown,Unknown EMS Scene Arrival Hour,Unknown EMS Scene Arrival Minutes,Unknown,Unknown EMS Hospital Arrival Time,1,Daylight,Clear,1,0,['Driver'],['None_Used'],0,0,Valid,2.0,0.0,23.0,23.0,['Female'],0,0,2,4,3,Dry,Curve,Level,Lowest,No
14026,18,Indiana,180359,0,2,2,0,2,INDIANAPOLIS,June,4,Sunday,12,27,Urban,Medium Speed (Collector),No,39.74553056,-86.09216389,Non-Intersection,Daylight,Clear,Unknown,Unknown,Unknown EMS Scene Arrival Hour,Unknown EMS Scene Arrival Minutes,Unknown,Unknown EMS Hospital Arrival Time,1,Daylight,Clear,1,1,['Driver'],['None_Used'],0,0,Valid,0.0,2.0,59.0,23.0,"['Male', 'Male']",0,0,5,4,5,Dry,Straight,Level,Lowest,No
14027,18,Indiana,180360,1,1,1,0,1,NOT APPLICABLE,June,1,Thursday,9,0,Rural,Medium Speed (Collector),No,38.68269722,-86.09687222,Non-Intersection,Daylight,Clear,Unknown,Unknown,Unknown EMS Scene Arrival Hour,Unknown EMS Scene Arrival Minutes,Unknown,Unknown EMS Hospital Arrival Time,1,Daylight,Clear,0,1,[],[],0,0,Valid,2.0,0.0,81.0,81.0,['Male'],0,0,3,1,4,Dry,Straight,Grade/Hillcrest,Lowest,No
14028,18,Indiana,180361,0,2,2,0,2,PORTER,May,24,Wednesday,15,41,Urban,High Speed (Arterial),No,41.62756389,-87.07705556,Complex/Circle,Daylight,Clear,Unknown,Unknown,Unknown EMS Scene Arrival Hour,Unknown EMS Scene Arrival Minutes,Unknown,Unknown EMS Hospital Arrival Time,1,Daylight,Clear,1,1,['Driver'],['Shoulder_Lapbelt'],0,0,Valid,0.0,0.0,56.0,19.0,"['Female', 'Female']",0,0,3,4,5,Dry,Straight,Level,Lowest,No
14029,18,Indiana,180362,0,1,1,0,1,NOT APPLICABLE,June,17,Saturday,13,30,Rural,High Speed (Arterial),Yes,39.99176389,-85.78807222,Non-Intersection,Daylight,Clear,Unknown,Unknown,Unknown EMS Scene Arrival Hour,Unknown EMS Scene Arrival Minutes,Not Applicable (Not Transported),Not Applicable (Not Transported),1,Daylight,Clear,1,0,['Driver'],['None_Used'],0,0,Valid,0.0,0.0,33.0,33.0,['Male'],0,0,2,4,3,Dry,Straight,Level,Lowest,No
14030,18,Indiana,180363,0,2,2,0,2,PORTAGE,June,20,Tuesday,23,55,Urban,Medium Speed (Collector),No,41.55448333,-87.19727778,Non-Intersection,Dark - Not Lighted,Clear,Unknown,Unknown,Unknown EMS Scene Arrival Hour,Unknown EMS Scene Arrival Minutes,Unknown,Unknown EMS Hospital Arrival Time,1,Dark - Unlighted,Clear,1,1,['Driver'],['None_Used'],1,1,Invalid,0.0,1.0,47.0,26.0,"['Male', 'Male']",0,0,5,4,5,Dry,Straight,Non-Trafficway,Lowest,No
14031,18,Indiana,180364,0,2,2,0,2,GASTON,June,17,Saturday,17,15,Rural,High Speed (Arterial),Yes,40.35641111,-85.55861667,Non-Intersection,Daylight,Clear,Unknown,Unknown,Unknown EMS Scene Arrival Hour,Unknown EMS Scene Arrival Minutes,Unknown,Unknown EMS Hospital Arrival Time,1,Daylight,Clear,1,1,['Driver'],['Shoulder_Lapbelt'],0,0,Valid,0.0,0.0,65.0,58.0,"['Male', 'Male']",0,0,4,4,5,Dry,Straight,Level,Lowest,No
14032,18,Indiana,180365,0,1,1,0,1,NOT APPLICABLE,June,21,Wednesday,1,4,Rural,Medium Speed (Collector),No,41.17174167,-87.19861667,Non-Intersection,Dark - Not Lighted,Clear,Unknown,Unknown,Unknown EMS Scene Arrival Hour,Unknown EMS Scene Arrival Minutes,Not Applicable (Not Transported),Not Applicable (Not Transported),1,Dark - Unlighted,Clear,1,0,['Driver'],['None_Used'],1,1,Valid,1.0,1.0,38.0,38.0,['Male'],0,0,2,4,3,Dry,Curve,Grade/Hillcrest,Lowest,No
14033,18,Indiana,180366,0,3,3,0,4,NOT APPLICABLE,June,12,Monday,20,14,Urban,High Speed (Arterial),Yes,39.92269167,-86.11216111,Simple Junction,Daylight,Clear,Unknown,Unknown,Unknown EMS Scene Arrival Hour,Unknown EMS Scene Arrival Minutes,Unknown,Unknown EMS Hospital Arrival Time,1,Daylight,Clear,1,3,['Rear_Seat'],['Shoulder_Lapbelt'],0,0,Valid,0.0,2.0,63.0,25.0,"['Male', 'Male', 'Male']",0,0,3,4,5,Dry,Straight,Level,Lowest,No
14034,18,Indiana,180368,0,2,2,0,2,NOT APPLICABLE,June,7,Wednesday,16,42,Rural,High Speed (Arterial),No,39.08688333,-86.67927222,Non-Intersection,Daylight,Cloudy,Unknown,Unknown,Unknown EMS Scene Arrival Hour,Unknown EMS Scene Arrival Minutes,Unknown,Unknown EMS Hospital Arrival Time,1,Daylight,Reduced Visibility,1,1,['Driver'],['None_Used'],0,0,Valid,0.0,0.0,86.0,60.0,"['Female', 'Male']",0,0,5,4,5,Dry,Curve,Grade/Hillcrest,Lowest,No
14035,18,Indiana,180369,1,1,1,0,1,NOT APPLICABLE,June,23,Friday,5,13,Rural,Medium Speed (Collector),No,40.21890833,-85.55559444,Non-Intersection,Dark - Not Lighted,Clear,Unknown,Unknown if Notified,Unknown EMS Scene Arrival Hour,Unknown if Arrived,Not Applicable (Not Transported),Not Applicable (Not Transported),1,Dark - Unlighted,Clear,0,1,[],[],0,0,Valid,0.0,0.0,17.0,17.0,['Male'],0,0,2,4,4,Dry,Straight,Grade/Hillcrest,Lowest,No
14036,18,Indiana,180370,0,2,2,0,3,HOBART,June,24,Saturday,18,37,Urban,Medium Speed (Collector),No,41.54619444,-87.26956111,Simple Junction,Daylight,Clear,Unknown,Unknown,Unknown EMS Scene Arrival Hour,Unknown EMS Scene Arrival Minutes,Unknown,Unknown EMS Hospital Arrival Time,1,Daylight,Clear,1,2,['Driver'],['None_Used'],0,0,Valid,0.0,0.0,63.0,34.0,"['Male', 'Male']",1,0,5,4,5,Dry,Straight,Level,Lowest,No
14037,18,Indiana,180371,0,1,1,0,1,NOT APPLICABLE,June,21,Wednesday,17,8,Rural,Medium Speed (Collector),No,38.79516389,-85.61445556,Non-Intersection,Daylight,Cloudy,Unknown,Unknown,Unknown EMS Scene Arrival Hour,Unknown EMS Scene Arrival Minutes,Not Applicable (Not Transported),Not Applicable (Not Transported),1,Daylight,Reduced Visibility,1,0,['Driver'],['None_Used'],0,0,Valid,0.0,1.0,25.0,25.0,['Male'],1,0,2,4,3,Dry,Curve,Grade/Hillcrest,Lowest,No
14038,18,Indiana,180372,0,2,2,0,3,INDIANAPOLIS,June,24,Saturday,14,58,Urban,High Speed (Arterial),No,39.78176389,-86.04540278,Complex/Circle,Daylight,Clear,Unknown,Unknown,Unknown EMS Scene Arrival Hour,Unknown EMS Scene Arrival Minutes,Unknown,Unknown EMS Hospital Arrival Time,1,Daylight,Clear,1,2,['Driver'],['None_Used'],0,0,Invalid,0.0,1.0,50.0,21.0,"['Female', 'Female']",0,0,3,4,5,Dry,Straight,Level,Lowest,No
14039,18,Indiana,180373,0,2,2,0,2,NOT APPLICABLE,June,24,Saturday,16,28,Rural,High Speed (Arterial),Yes,41.54910833,-86.98938056,Non-Intersection,Daylight,Clear,Unknown,Unknown,Unknown EMS Scene Arrival Hour,Unknown EMS Scene Arrival Minutes,Unknown,Unknown EMS Hospital Arrival Time,1,Daylight,Clear,1,1,['Driver'],['None_Used'],0,0,Valid,0.0,0.0,52.0,17.0,"['Male', 'Male']",0,0,5,4,5,Dry,Straight,Grade/Hillcrest,Lowest,No
14040,18,Indiana,180374,0,2,1,1,1,INDIANAPOLIS,June,24,Saturday,4,44,Urban,High Speed (Arterial),Yes,39.78531667,-86.16640833,Non-Intersection,Dark - Lighted,Clear,Unknown,Unknown,Unknown EMS Scene Arrival Hour,Unknown EMS Scene Arrival Minutes,Not Applicable (Not Transported),Not Applicable (Not Transported),1,Dark - Lighted,Clear,1,0,['Driver'],['None_Used'],1,1,Invalid,0.0,0.0,34.0,34.0,['Male'],0,0,3,4,5,Dry,Straight,Level,Lowest,No
14041,18,Indiana,180375,0,1,1,0,1,GARY,June,15,Thursday,12,59,Urban,Medium Speed (Collector),No,41.569725,-87.41313056,Non-Intersection,Daylight,Clear,Unknown,Unknown,Unknown EMS Scene Arrival Hour,Unknown EMS Scene Arrival Minutes,Unknown,Unknown EMS Hospital Arrival Time,1,Daylight,Clear,1,0,['Driver'],['None_Used'],0,0,Valid,0.0,0.0,34.0,34.0,['Male'],1,0,5,4,2,Dry,Straight,Grade/Hillcrest,Lowest,No
14042,18,Indiana,180376,0,1,1,0,1,NOT APPLICABLE,June,18,Sunday,0,33,Rural,Low Speed (Local),No,39.28513056,-87.12718889,Non-Intersection,Dark - Not Lighted,Clear,Unknown,Unknown,Unknown EMS Scene Arrival Hour,Unknown EMS Scene Arrival Minutes,Unknown,Unknown EMS Hospital Arrival Time,1,Dark - Unlighted,Clear,1,0,['Driver'],['Shoulder_Lapbelt'],0,0,Valid,0.0,0.0,19.0,19.0,['Male'],1,0,2,4,3,Dry,Curve,Grade/Hillcrest,Lowest,No
14043,18,Indiana,180377,0,2,2,0,2,TERRE HAUTE,June,16,Friday,19,58,Urban,High Speed (Arterial),Yes,39.46747222,-87.41403056,Complex/Circle,Daylight,Clear,Unknown,Unknown,Unknown EMS Scene Arrival Hour,Unknown EMS Scene Arrival Minutes,Unknown,Unknown EMS Hospital Arrival Time,1,Daylight,Clear,1,1,['Driver'],['None_Used'],0,0,Valid,0.0,1.0,53.0,24.0,"['Male', 'Male']",0,0,5,4,5,Dry,Straight,Level,Lowest,No
14044,18,Indiana,180378,0,1,1,0,1,KOKOMO,June,25,Sunday,23,3,Urban,Medium Speed (Collector),No,40.47488333,-86.14893056,Non-Intersection,Dark - Not Lighted,Clear,Unknown,Unknown,Unknown EMS Scene Arrival Hour,Unknown EMS Scene Arrival Minutes,Unknown,Unknown EMS Hospital Arrival Time,1,Dark - Unlighted,Clear,1,0,['Driver'],['None_Used'],0,0,Valid,0.0,1.0,28.0,28.0,['Male'],0,0,5,4,2,Dry,Curve,Level,Lowest,No
14045,18,Indiana,180379,1,2,2,0,1,NOT APPLICABLE,June,28,Wednesday,4,54,Rural,High Speed (Arterial),Yes,41.14674722,-85.21542222,Complex/Circle,Dark - Not Lighted,Cloudy,Unknown,Unknown,Unknown EMS Scene Arrival Hour,Unknown EMS Scene Arrival Minutes,Not Applicable (Not Transported),Not Applicable (Not Transported),1,Dark - Unlighted,Reduced Visibility,0,1,[],[],0,0,Valid,0.0,1.0,24.0,24.0,['Male'],0,0,4,4,5,Dry,Straight,Level,Lowest,Yes
14046,18,Indiana,180380,0,2,2,0,4,NOT APPLICABLE,May,29,Monday,16,30,Rural,Medium Speed (Collector),No,38.33327222,-86.65054444,Non-Intersection,Daylight,Clear,Unknown,Unknown,Unknown EMS Scene Arrival Hour,Unknown EMS Scene Arrival Minutes,Unknown,Unknown EMS Hospital Arrival Time,1,Daylight,Clear,1,3,['Rear_Seat'],['Shoulder_Lapbelt'],0,0,Valid,0.0,0.0,86.0,17.0,"['Male', 'Male']",0,0,3,4,5,Dry,Curve,Grade/Hillcrest,Lowest,No
14047,18,Indiana,180381,0,2,2,0,3,NOT APPLICABLE,June,2,Friday,11,51,Rural,Medium Speed (Collector),No,39.22414444,-85.83117778,Non-Intersection,Daylight,Clear,Unknown,Unknown,Unknown EMS Scene Arrival Hour,Unknown EMS Scene Arrival Minutes,Unknown,Unknown EMS Hospital Arrival Time,1,Daylight,Clear,1,2,['Driver'],['None_Used'],0,0,Valid,0.0,0.0,68.0,23.0,"['Female', 'Male']",0,0,2,4,5,Dry,Straight,Level,Lowest,No
14048,18,Indiana,180382,1,1,1,0,1,FORT WAYNE,June,29,Thursday,17,56,Urban,Medium Speed (Collector),No,41.0989,-85.06569722,Non-Intersection,Daylight,Cloudy,Unknown,Unknown,Unknown EMS Scene Arrival Hour,Unknown EMS Scene Arrival Minutes,Unknown,Unknown EMS Hospital Arrival Time,1,Daylight,Reduced Visibility,0,1,[],[],0,0,Valid,0.0,0.0,51.0,51.0,['Male'],0,0,2,1,4,Dry,Straight,Level,Lowest,No
14049,18,Indiana,180383,1,1,1,0,1,EVANSVILLE,July,1,Saturday,9,9,Urban,Medium Speed (Collector),No,37.99381389,-87.54268056,Complex/Circle,Daylight,Clear,9:00am-9:59am,10,9:00am-9:59am,19,Not Applicable (Not Transported),Not Applicable (Not Transported),1,Daylight,Clear,0,1,[],[],0,0,Valid,0.0,0.0,35.0,35.0,['Male'],0,0,2,1,4,Dry,Straight,Level,Lowest,No
14050,18,Indiana,180384,0,2,2,0,3,FISHERS,July,1,Saturday,4,24,Urban,Medium Speed (Collector),No,39.97130833,-86.024825,Simple Junction,Dark - Not Lighted,Cloudy,4:00am-4:59am,28,4:00am-4:59am,39,Unknown,Unknown EMS Hospital Arrival Time,1,Dark - Unlighted,Reduced Visibility,1,2,['Driver'],['Shoulder_Lapbelt'],0,0,Valid,0.0,2.0,66.0,24.0,"['Male', 'Male']",1,0,3,4,5,Wet/Standing Water,Straight,Grade/Hillcrest,Lowest,No
14051,18,Indiana,180385,0,2,2,0,2,NOT APPLICABLE,June,9,Friday,16,36,Rural,Medium Speed (Collector),No,38.73727222,-85.60535556,Non-Intersection,Daylight,Clear,Unknown,Unknown,Unknown EMS Scene Arrival Hour,Unknown EMS Scene Arrival Minutes,Not Applicable (Not Transported),Not Applicable (Not Transported),1,Daylight,Clear,1,1,['Driver'],['None_Used'],0,0,Valid,0.0,0.0,73.0,33.0,"['Male', 'Male']",0,0,5,4,5,Dry,Straight,Grade/Hillcrest,Lowest,No
14052,18,Indiana,180386,0,1,1,0,1,NOT APPLICABLE,June,24,Saturday,15,17,Rural,Low Speed (Local),No,41.06168333,-86.28052778,Non-Intersection,Daylight,Clear,Unknown,Unknown,Unknown EMS Scene Arrival Hour,Unknown EMS Scene Arrival Minutes,Unknown,Unknown EMS Hospital Arrival Time,1,Daylight,Clear,1,0,['Driver'],['None_Used'],0,0,Valid,0.0,0.0,23.0,23.0,['Female'],1,0,3,4,3,Dry,Straight,Level,Lowest,No
14053,18,Indiana,180387,1,1,1,0,1,INDIANAPOLIS,June,25,Sunday,1,2,Urban,High Speed (Arterial),No,39.76836389,-86.11645,Complex/Circle,Dark - Lighted,Clear,Unknown,Unknown,Unknown EMS Scene Arrival Hour,Unknown EMS Scene Arrival Minutes,Unknown,Unknown EMS Hospital Arrival Time,1,Dark - Lighted,Clear,0,1,[],[],0,0,Valid,0.0,0.0,60.0,60.0,['Male'],0,0,3,1,4,Dry,Straight,Level,Lowest,No
14054,18,Indiana,180388,0,2,2,0,4,NOT APPLICABLE,July,4,Tuesday,16,35,Rural,Medium Speed (Collector),No,41.40558056,-87.25239167,Non-Intersection,Daylight,Clear,Unknown,Unknown,Unknown EMS Scene Arrival Hour,Unknown EMS Scene Arrival Minutes,Unknown,Unknown EMS Hospital Arrival Time,1,Daylight,Clear,1,3,['Driver'],['Lapbelt_Only'],0,0,Valid,0.0,0.0,44.0,19.0,"['Female', 'Female']",0,0,3,4,5,Dry,Straight,Grade/Hillcrest,Lowest,No
14055,18,Indiana,180389,0,1,1,0,1,FORT WAYNE,July,4,Tuesday,2,50,Urban,High Speed (Arterial),No,41.07582778,-85.10000556,Non-Intersection,Dark - Not Lighted,Clear,Unknown,Unknown,Unknown EMS Scene Arrival Hour,Unknown EMS Scene Arrival Minutes,Not Applicable (Not Transported),Not Applicable (Not Transported),1,Dark - Unlighted,Clear,1,0,['Driver'],['None_Used'],0,0,Valid,0.0,0.0,41.0,41.0,['Male'],1,0,5,4,2,Dry,Curve,Level,Lowest,No
14056,18,Indiana,180390,0,2,2,0,2,INDIANAPOLIS,June,12,Monday,23,55,Urban,Medium Speed (Collector),No,39.83842778,-86.25610278,Non-Intersection,Dark - Not Lighted,Cloudy,Unknown,Unknown,Unknown EMS Scene Arrival Hour,Unknown EMS Scene Arrival Minutes,Unknown,Unknown EMS Hospital Arrival Time,1,Dark - Unlighted,Reduced Visibility,1,0,['Driver'],['None_Used'],1,1,Valid,1.0,0.0,56.0,23.0,"['Male', 'Male']",0,0,5,4,5,Dry,Straight,Grade/Hillcrest,Lowest,No
14057,18,Indiana,180391,1,1,1,0,1,EVANSVILLE,June,20,Tuesday,17,57,Urban,Medium Speed (Collector),No,37.99219722,-87.54282778,Complex/Circle,Daylight,Clear,Unknown,Unknown,Unknown EMS Scene Arrival Hour,Unknown EMS Scene Arrival Minutes,Unknown,Unknown EMS Hospital Arrival Time,1,Daylight,Clear,0,1,[],[],0,0,Valid,0.0,0.0,61.0,61.0,['Female'],0,0,3,1,4,Dry,Straight,Level,Lowest,No
14058,18,Indiana,180392,0,2,2,0,2,WESTFIELD,July,2,Sunday,6,50,Urban,High Speed (Arterial),Yes,40.01559444,-86.12930833,Non-Intersection,Dawn,Cloudy,Unknown,Unknown,Unknown EMS Scene Arrival Hour,Unknown EMS Scene Arrival Minutes,Not Applicable (Not Transported),Not Applicable (Not Transported),1,Twilight,Reduced Visibility,1,1,['Driver'],['Shoulder_Lapbelt'],1,1,Valid,0.0,0.0,38.0,22.0,"['Male', 'Male']",1,0,3,4,5,Dry,Straight,Level,Lowest,No
14059,18,Indiana,180393,0,2,2,0,6,NOT APPLICABLE,July,1,Saturday,14,9,Rural,High Speed (Arterial),No,41.67999444,-86.95979167,Simple Junction,Daylight,Clear,Unknown,Unknown,Unknown EMS Scene Arrival Hour,Unknown EMS Scene Arrival Minutes,Unknown,Unknown EMS Hospital Arrival Time,2,Daylight,Clear,2,4,"['Driver', 'Rear_Seat']","['Shoulder_Lapbelt', 'Shoulder_Lapbelt']",0,0,Valid,0.0,0.0,73.0,62.0,"['Female', 'Male']",0,0,3,4,5,Dry,Straight,Level,Lowest,No
14060,18,Indiana,180394,0,2,2,0,2,NOT APPLICABLE,June,21,Wednesday,7,0,Rural,High Speed (Arterial),Yes,41.75390278,-85.4303,Non-Intersection,Daylight,Clear,Unknown,Unknown,Unknown EMS Scene Arrival Hour,Unknown EMS Scene Arrival Minutes,Not Applicable (Not Transported),Not Applicable (Not Transported),1,Daylight,Clear,1,1,['Driver'],['None_Used'],0,0,Valid,0.0,0.0,51.0,29.0,"['Male', 'Male']",1,0,4,4,5,Dry,Straight,Level,Lowest,No
14061,18,Indiana,180395,0,1,1,0,1,NOT APPLICABLE,June,19,Monday,12,45,Rural,Low Speed (Local),No,39.32936111,-85.44315833,Non-Intersection,Daylight,Rain,Unknown,Unknown,Unknown EMS Scene Arrival Hour,Unknown EMS Scene Arrival Minutes,Not Applicable (Not Transported),Not Applicable (Not Transported),1,Daylight,Rain/Wind/Minor,1,0,['Driver'],['Shoulder_Lapbelt'],0,0,Valid,0.0,0.0,78.0,78.0,['Male'],0,0,3,4,4,Wet/Standing Water,Straight,Grade/Hillcrest,Lowest,No
14062,18,Indiana,180396,0,4,1,3,2,JEFFERSONVILLE,July,7,Friday,21,57,Rural,Medium Speed (Collector),No,38.27221944,-85.73633889,Non-Intersection,Dark - Not Lighted,Clear,Unknown,Unknown,Unknown EMS Scene Arrival Hour,Unknown EMS Scene Arrival Minutes,Unknown,Unknown EMS Hospital Arrival Time,1,Dark - Unlighted,Clear,1,1,['Rear_Seat'],['None_Used'],0,0,Valid,0.0,0.0,49.0,49.0,['Male'],0,0,5,4,5,Dry,Straight,Level,Lowest,No
14063,18,Indiana,180397,0,1,1,0,1,GARY,June,21,Wednesday,20,55,Urban,Medium Speed (Collector),No,41.56315278,-87.34622222,Non-Intersection,Dark - Lighted,Clear,Unknown,Unknown if Notified,Unknown EMS Scene Arrival Hour,Unknown if Arrived,Not Applicable (Not Transported),Not Applicable (Not Transported),1,Dark - Lighted,Clear,1,0,['Driver'],['Shoulder_Lapbelt'],0,0,Valid,0.0,0.0,59.0,59.0,['Male'],1,0,3,4,3,Dry,Curve,Grade/Hillcrest,Lowest,No
14064,18,Indiana,180398,1,1,1,0,1,INDIANAPOLIS,June,30,Friday,15,18,Urban,High Speed (Arterial),No,39.88881944,-86.21168889,Non-Intersection,Daylight,Clear,Unknown,Unknown,Unknown EMS Scene Arrival Hour,Unknown EMS Scene Arrival Minutes,Unknown,Unknown EMS Hospital Arrival Time,1,Daylight,Clear,0,1,[],[],0,0,Invalid,0.0,0.0,59.0,59.0,['Male'],0,0,3,1,4,Dry,Straight,Level,Lowest,No
14065,18,Indiana,180399,0,1,1,0,1,NOT APPLICABLE,July,2,Sunday,20,33,Rural,Medium Speed (Collector),No,40.16254722,-86.76054444,Non-Intersection,Dusk,Rain,8:00pm-8:59pm,37,8:00pm-8:59pm,50,Unknown,Unknown EMS Hospital Arrival Time,1,Twilight,Rain/Wind/Minor,1,0,['Driver'],['None_Used'],0,0,Valid,0.0,0.0,37.0,37.0,['Male'],0,0,5,1,3,Wet/Standing Water,Straight,Level,Lowest,No
14066,18,Indiana,180400,0,1,1,0,1,INDIANAPOLIS,July,6,Thursday,3,29,Urban,High Speed (Arterial),No,39.70624722,-86.25578056,Non-Intersection,Dark - Lighted,Cloudy,3:00am-3:59am,28,3:00am-3:59am,36,Unknown,Unknown EMS Hospital Arrival Time,1,Dark - Lighted,Reduced Visibility,1,0,['Driver'],['None_Used'],1,1,Valid,0.0,0.0,37.0,37.0,['Male'],0,0,5,4,2,Dry,Straight,Level,Lowest,No
14067,18,Indiana,180402,0,1,1,0,1,GARY,July,7,Friday,22,49,Urban,Medium Speed (Collector),No,41.57449444,-87.35615,Non-Intersection,Dark - Lighted,Clear,Unknown,Unknown,Unknown EMS Scene Arrival Hour,Unknown EMS Scene Arrival Minutes,Not Applicable (Not Transported),Not Applicable (Not Transported),1,Dark - Lighted,Clear,1,0,['Driver'],['None_Used'],0,0,Valid,0.0,0.0,18.0,18.0,['Female'],1,0,2,4,3,Dry,Straight,Level,Lowest,No
14068,18,Indiana,180403,0,1,1,0,2,INDIANAPOLIS,July,9,Sunday,21,53,Urban,High Speed (Arterial),No,39.82333889,-86.20503056,Non-Intersection,Dark - Unknown Lighting,Clear,Unknown,Unknown,Unknown EMS Scene Arrival Hour,Unknown EMS Scene Arrival Minutes,Not Applicable (Not Transported),Not Applicable (Not Transported),2,Dark - Unlighted,Clear,2,0,"['Driver', 'Front_Passenger']","['None_Used', 'Lapbelt_Only']",0,0,Valid,0.0,3.0,21.0,21.0,['Male'],2,0,2,4,3,Dry,Curve,Grade/Hillcrest,Lowest,No
14069,18,Indiana,180404,0,1,1,0,1,INDIANAPOLIS,July,10,Monday,4,0,Urban,Medium Speed (Collector),No,39.67527222,-86.06351389,Complex/Circle,Dark - Lighted,Clear,4:00am-4:59am,3,4:00am-4:59am,11,Unknown,Unknown EMS Hospital Arrival Time,1,Dark - Lighted,Clear,1,0,['Driver'],['None_Used'],0,0,Invalid,0.0,0.0,58.0,58.0,['Male'],0,0,5,4,1,Dry,Curve,Level,Lowest,No