,State_Code,State_Name,Crash_ID,Count_Non_Motorists,Count_Vehicles_Total,Count_Vehicle_Forms,Count_PVH_Involved,Count_Occupants_MV,City_Name,Month_Name,Day_of_Month,Day_of_Week,Crash_Hour,Crash_Minute,Area_Rural_Urban,Road_Functional_Class,On_NHS_Road,Latitude,Longitude,Intersection_Type,Light_Condition,Weather_Condition,Notif_Hour,Notif_Minute,Arrival_Hour,Arrival_Minute,Hospital_Hour,Hospital_Minute,Fatalities_Count,Clean_Light_Condition,Clean_Weather_Condition,Total_Killed,Total_Alive,Fatal_Seats_List,Killed_Restraint_List,Any_Driver_Drinking,Total_Drinking_Drivers,Driver_License_Category,Driver_Max_Prev_Accident_Count,Driver_Max_Prev_Speeding_Count,Max_Driver_Age,Min_Driver_Age,Driver_Sex_List,Total_Exceeding_Limit_Vehicles,Total_Too_Fast_Vehicles,Max_Vehicle_Type_Severity_5,Max_Vehicle_Damage_Rank,Max_Harmful_Event_Severity,Crash_Road_Surface_Condition,Crash_Horizontal_Alignment,Crash_Vertical_Profile,Crash_Impairment_Category,Crash_Vehicle_Defect
14070,18,Indiana,180405,1,1,1,0,1,NOT APPLICABLE,July,10,Monday,5,27,Urban,High Speed (Arterial),No,39.76701944,-86.13533889,Non-Intersection,Dark - Lighted,Clear,5:00am-5:59am,30,5:00am-5:59am,38,Unknown,Unknown EMS Hospital Arrival Time,1,Dark - Lighted,Clear,0,1,[],[],0,0,Invalid,0.0,0.0,53.0,53.0,['Female'],0,0,3,1,4,Dry,Straight,Level,Lowest,No
14071,18,Indiana,180406,1,1,1,0,1,BROOKVILLE,April,27,Thursday,14,0,Urban,High Speed (Arterial),No,39.42677778,-85.01267778,Complex/Circle,Daylight,Clear,Unknown,Unknown,Unknown EMS Scene Arrival Hour,Unknown EMS Scene Arrival Minutes,Unknown,Unknown EMS Hospital Arrival Time,1,Daylight,Clear,0,1,[],[],0,0,Valid,0.0,1.0,44.0,44.0,['Male'],0,0,4,1,4,Dry,Straight,Level,Lowest,No
14072,18,Indiana,180407,0,2,2,0,4,LEBANON,July,11,Tuesday,15,18,Rural,High Speed (Arterial),No,40.07897222,-86.47568333,Complex/Circle,Daylight,Clear,3:00pm-3:59pm,20,3:00pm-3:59pm,21,Unknown,Unknown EMS Hospital Arrival Time,1,Daylight,Clear,1,2,['Driver'],['Shoulder_Lapbelt'],0,0,Valid,0.0,1.0,88.0,46.0,"['Male', 'Female']",0,0,2,4,5,Dry,Straight,Level,Lowest,No
14073,18,Indiana,180408,0,3,3,0,3,INDIANAPOLIS,July,7,Friday,21,40,Urban,High Speed (Arterial),No,39.81464167,-86.12164444,Non-Intersection,Dark - Lighted,Clear,Unknown,Unknown,Unknown EMS Scene Arrival Hour,Unknown EMS Scene Arrival Minutes,Unknown,Unknown EMS Hospital Arrival Time,1,Dark - Lighted,Clear,1,2,['Driver'],['Shoulder_Lapbelt'],0,0,Invalid,0.0,0.0,67.0,28.0,"['Male', 'Male', 'Male']",1,0,3,4,5,Dry,Straight,Level,Lowest,No
14074,18,Indiana,180409,0,2,2,0,2,NOT APPLICABLE,July,11,Tuesday,16,4,Urban,High Speed (Arterial),No,38.71599722,-85.47376111,Simple Junction,Daylight,Clear,Unknown,Unknown,Unknown EMS Scene Arrival Hour,Unknown EMS Scene Arrival Minutes,Not Applicable (Not Transported),Not Applicable (Not Transported),1,Daylight,Clear,1,1,['Driver'],['None_Used'],0,0,Invalid,0.0,0.0,59.0,50.0,"['Male', 'Female']",0,0,5,4,5,Dry,Straight,Level,Lowest,No
14075,18,Indiana,180410,0,2,2,0,5,NOT APPLICABLE,June,24,Saturday,8,34,Rural,High Speed (Arterial),Yes,41.66720556,-86.86178333,Non-Intersection,Daylight,Clear,Unknown,Unknown,Unknown EMS Scene Arrival Hour,Unknown EMS Scene Arrival Minutes,Unknown,Unknown EMS Hospital Arrival Time,3,Daylight,Clear,3,1,"['Rear_Seat', 'Rear_Seat', 'Front_Passenger']","['Shoulder_Lapbelt', 'Shoulder_Lapbelt', 'Shoulder_Lapbelt']",0,0,Valid,0.0,1.0,41.0,29.0,"['Male', 'Male']",0,0,3,4,5,Dry,Straight,Level,Lowest,Yes
14076,18,Indiana,180411,0,1,1,0,1,NOT APPLICABLE,July,9,Sunday,12,0,Rural,High Speed (Arterial),Yes,39.05647778,-85.4712,Non-Intersection,Daylight,Clear,Unknown,Unknown,Unknown EMS Scene Arrival Hour,Unknown EMS Scene Arrival Minutes,Not Applicable (Not Transported),Not Applicable (Not Transported),1,Daylight,Clear,1,0,['Driver'],['None_Used'],0,0,Invalid,0.0,1.0,50.0,50.0,['Male'],0,0,2,4,3,Dry,Straight,Level,Lowest,No
14077,18,Indiana,180412,0,2,2,0,4,MCCORDSVILLE,July,14,Friday,4,30,Urban,Medium Speed (Collector),No,39.86987778,-85.93494722,Complex/Circle,Dark - Not Lighted,Clear,4:00am-4:59am,33,4:00am-4:59am,43,Unknown,Unknown EMS Hospital Arrival Time,1,Dark - Unlighted,Clear,1,3,['Driver'],['None_Used'],0,0,Invalid,0.0,0.0,28.0,23.0,"['Male', 'Male']",1,0,2,4,5,Dry,Straight,Level,Lowest,No
14078,18,Indiana,180413,0,1,1,0,2,NOT APPLICABLE,July,15,Saturday,2,2,Rural,High Speed (Arterial),No,41.53518333,-86.92427778,Non-Intersection,Dark - Not Lighted,Cloudy,Unknown,Unknown,Unknown EMS Scene Arrival Hour,Unknown EMS Scene Arrival Minutes,Unknown,Unknown EMS Hospital Arrival Time,1,Dark - Unlighted,Reduced Visibility,1,0,['Front_Passenger'],['None_Used'],1,1,Valid,0.0,0.0,28.0,28.0,['Female'],2,0,3,4,3,Wet/Standing Water,Straight,Level,Lowest,No
14079,18,Indiana,180414,1,1,1,0,1,INDIANAPOLIS,July,4,Tuesday,20,13,Urban,Medium Speed (Collector),No,39.70267778,-86.13929722,Complex/Circle,Daylight,Clear,8:00pm-8:59pm,14,8:00pm-8:59pm,23,Unknown,Unknown EMS Hospital Arrival Time,1,Daylight,Clear,0,1,[],[],0,0,Valid,0.0,0.0,83.0,83.0,['Female'],0,0,2,4,4,Dry,Straight,Level,Lowest,No
14080,18,Indiana,180415,0,3,3,0,3,KOKOMO,July,13,Thursday,23,27,Urban,High Speed (Arterial),Yes,40.41895,-86.12191667,Non-Intersection,Dark - Not Lighted,Clear,Unknown,Unknown,Unknown EMS Scene Arrival Hour,Unknown EMS Scene Arrival Minutes,Unknown,Unknown EMS Hospital Arrival Time,1,Dark - Unlighted,Clear,1,2,['Driver'],['None_Used'],1,1,Valid,0.0,1.0,30.0,17.0,"['Male', 'Male', 'Female']",0,0,5,4,5,Dry,Straight,Level,Lowest,No
14081,18,Indiana,180416,0,1,1,0,1,NOT APPLICABLE,June,4,Sunday,20,10,Rural,High Speed (Arterial),Yes,38.2268,-86.64057222,Non-Intersection,Reported as Unknown,Clear,Unknown,Unknown,Unknown EMS Scene Arrival Hour,Unknown EMS Scene Arrival Minutes,Not Applicable (Not Transported),Not Applicable (Not Transported),1,Dark - Unlighted,Clear,1,0,['Driver'],['Shoulder_Lapbelt'],1,1,Valid,0.0,0.0,35.0,35.0,['Female'],1,0,3,4,3,Dry,Curve,Grade/Hillcrest,Lowest,No
14082,18,Indiana,180417,0,1,1,0,1,INDIANAPOLIS,July,16,Sunday,20,0,Urban,Medium Speed (Collector),No,39.83519444,-86.27056111,Non-Intersection,Daylight,Rain,Unknown,Unknown,Unknown EMS Scene Arrival Hour,Unknown EMS Scene Arrival Minutes,Unknown,Unknown EMS Hospital Arrival Time,1,Daylight,Rain/Wind/Minor,1,0,['Driver'],['Shoulder_Lapbelt'],1,1,Valid,1.0,0.0,30.0,30.0,['Male'],0,0,2,4,3,Wet/Standing Water,Straight,Level,Medium,No
14083,18,Indiana,180418,0,2,2,0,2,INDIANAPOLIS,July,17,Monday,18,36,Urban,Low Speed (Local),No,39.72133611,-86.13549444,Complex/Circle,Daylight,Rain,6:00pm-6:59pm,35,6:00pm-6:59pm,41,Unknown,Unknown EMS Hospital Arrival Time,1,Daylight,Rain/Wind/Minor,1,0,['Driver'],['None_Used'],1,1,Invalid,0.0,0.0,61.0,59.0,"['Male', 'Female']",0,0,5,4,5,Wet/Standing Water,Straight,Level,Lowest,No
14084,18,Indiana,180419,0,2,2,0,2,MOORESVILLE,July,15,Saturday,8,59,Urban,High Speed (Arterial),No,39.62815833,-86.384725,Non-Intersection,Daylight,Rain,9:00am-9:59am,3,9:00am-9:59am,5,Unknown,Unknown EMS Hospital Arrival Time,1,Daylight,Rain/Wind/Minor,1,1,['Driver'],['None_Used'],0,0,Invalid,0.0,1.0,30.0,21.0,"['Male', 'Male']",0,0,2,4,5,Wet/Standing Water,Straight,Grade/Hillcrest,Lowest,No
14085,18,Indiana,180420,0,1,1,0,1,NOT APPLICABLE,May,23,Tuesday,23,25,Rural,Low Speed (Local),No,41.30234722,-86.50998889,Non-Intersection,Dark - Not Lighted,Clear,Unknown,Unknown,Unknown EMS Scene Arrival Hour,Unknown EMS Scene Arrival Minutes,Unknown,Unknown EMS Hospital Arrival Time,1,Dark - Unlighted,Clear,1,0,['Driver'],['None_Used'],0,0,Valid,0.0,0.0,43.0,43.0,['Male'],0,0,5,4,1,Dry,Straight,Level,Lowest,No
14086,18,Indiana,180421,1,2,1,1,1,NOT APPLICABLE,July,8,Saturday,13,12,Rural,High Speed (Arterial),Yes,41.74738611,-85.02785,Non-Intersection,Daylight,Clear,Unknown,Unknown if Notified,Unknown EMS Scene Arrival Hour,Unknown if Arrived,Not Applicable (Not Transported),Not Applicable (Not Transported),1,Daylight,Clear,0,1,[],[],0,0,Valid,0.0,0.0,30.0,30.0,['Male'],0,0,4,1,4,Dry,Straight,Level,Lowest,No
14087,18,Indiana,180422,0,1,1,0,1,NOT APPLICABLE,July,14,Friday,22,26,Rural,Low Speed (Local),No,41.34313333,-85.83160833,Non-Intersection,Dark - Not Lighted,Clear,Unknown,Unknown,Unknown EMS Scene Arrival Hour,Unknown EMS Scene Arrival Minutes,Not Applicable (Not Transported),Not Applicable (Not Transported),1,Dark - Unlighted,Clear,1,0,['Driver'],['None_Used'],1,1,Invalid,0.0,0.0,36.0,36.0,['Male'],1,0,5,1,2,Dry,Straight,Level,Lowest,Yes
14088,18,Indiana,180423,0,1,1,0,1,NOT APPLICABLE,July,7,Friday,17,35,Rural,Low Speed (Local),No,41.25014444,-85.52424722,Non-Intersection,Daylight,Cloudy,Unknown,Unknown,Unknown EMS Scene Arrival Hour,Unknown EMS Scene Arrival Minutes,Not Applicable (Not Transported),Not Applicable (Not Transported),1,Daylight,Reduced Visibility,1,0,['Driver'],['Shoulder_Only'],0,0,Valid,0.0,0.0,79.0,79.0,['Male'],0,0,3,4,3,Dry,Straight,Grade/Hillcrest,Lowest,No
14089,18,Indiana,180424,0,2,2,0,3,GARY,June,9,Friday,21,7,Urban,High Speed (Arterial),No,41.54937222,-87.41018611,Simple Junction,Dark - Lighted,Clear,Unknown,Unknown,Unknown EMS Scene Arrival Hour,Unknown EMS Scene Arrival Minutes,Unknown,Unknown EMS Hospital Arrival Time,1,Dark - Lighted,Clear,1,1,['Driver'],['None_Used'],1,1,Valid,1.0,1.0,86.0,44.0,"['Male', 'Male']",0,0,5,4,5,Dry,Straight,Level,Lowest,No
14090,18,Indiana,180425,0,1,1,0,1,NOT APPLICABLE,July,15,Saturday,14,8,Rural,High Speed (Arterial),Yes,40.99383333,-87.44996111,Non-Intersection,Daylight,Clear,Unknown,Unknown,Unknown EMS Scene Arrival Hour,Unknown EMS Scene Arrival Minutes,Unknown,Unknown EMS Hospital Arrival Time,1,Daylight,Clear,1,0,['Driver'],['None_Used'],0,0,Invalid,0.0,0.0,51.0,51.0,['Male'],0,0,5,4,3,Dry,Straight,Level,Lowest,No
14091,18,Indiana,180426,0,2,2,0,2,NOT APPLICABLE,July,13,Thursday,2,35,Rural,High Speed (Arterial),Yes,41.12701667,-85.37961944,Non-Intersection,Dark - Not Lighted,Clear,Unknown,Unknown,Unknown EMS Scene Arrival Hour,Unknown EMS Scene Arrival Minutes,Not Applicable (Not Transported),Not Applicable (Not Transported),1,Dark - Unlighted,Clear,1,1,['Driver'],['Shoulder_Lapbelt'],1,1,Valid,0.0,0.0,39.0,23.0,"['Female', 'Male']",1,0,4,4,5,Dry,Straight,Level,Lowest,No
14092,18,Indiana,180427,0,1,1,0,2,NOT APPLICABLE,July,17,Monday,5,16,Rural,Medium Speed (Collector),No,38.06637778,-87.74255278,Non-Intersection,Dark - Not Lighted,Rain,Unknown,Unknown,Unknown EMS Scene Arrival Hour,Unknown EMS Scene Arrival Minutes,Not Applicable (Not Transported),Not Applicable (Not Transported),1,Dark - Unlighted,Rain/Wind/Minor,1,1,['Front_Passenger'],['None_Used'],0,0,Invalid,0.0,0.0,35.0,35.0,['Male'],0,0,2,4,3,Wet/Standing Water,Straight,Level,Lowest,No
14093,18,Indiana,180428,0,1,1,0,1,EVANSVILLE,July,20,Thursday,10,54,Urban,High Speed (Arterial),Yes,37.97701944,-87.52931944,Non-Intersection,Daylight,Clear,Unknown,Unknown,Unknown EMS Scene Arrival Hour,Unknown EMS Scene Arrival Minutes,Not Applicable (Not Transported),Not Applicable (Not Transported),1,Daylight,Clear,1,0,['Driver'],['Shoulder_Lapbelt'],0,0,Invalid,0.0,0.0,53.0,53.0,['Male'],0,0,3,4,3,Dry,Straight,Level,Lowest,No
14094,18,Indiana,180429,0,1,1,0,1,NOT APPLICABLE,July,20,Thursday,19,42,Rural,High Speed (Arterial),Yes,39.226125,-86.84525278,Non-Intersection,Daylight,Cloudy,Unknown,Unknown,Unknown EMS Scene Arrival Hour,Unknown EMS Scene Arrival Minutes,Not Applicable (Not Transported),Not Applicable (Not Transported),1,Daylight,Reduced Visibility,1,0,['Driver'],['Shoulder_Lapbelt'],0,0,Valid,0.0,0.0,17.0,17.0,['Male'],0,0,2,4,3,Dry,Straight,Grade/Hillcrest,Lowest,No
14095,18,Indiana,180430,0,1,1,0,1,NOT APPLICABLE,July,22,Saturday,20,48,Rural,High Speed (Arterial),No,40.84450556,-85.525275,Non-Intersection,Dusk,Clear,8:00pm-8:59pm,52,9:00pm-9:59pm,3,Unknown,Unknown EMS Hospital Arrival Time,1,Twilight,Clear,1,0,['Driver'],['None_Used'],1,1,Valid,0.0,1.0,50.0,50.0,['Male'],1,0,5,4,3,Dry,Curve,Level,Lowest,No
14096,18,Indiana,180431,0,1,1,0,1,NOT APPLICABLE,July,6,Thursday,22,33,Rural,Medium Speed (Collector),No,41.03384722,-85.33589167,Complex/Circle,Dark - Lighted,Clear,Unknown,Unknown,Unknown EMS Scene Arrival Hour,Unknown EMS Scene Arrival Minutes,Unknown,Unknown EMS Hospital Arrival Time,1,Dark - Lighted,Clear,1,0,['Driver'],['None_Used'],1,1,Valid,0.0,0.0,56.0,56.0,['Male'],1,0,5,4,3,Dry,Straight,Grade/Hillcrest,Lowest,No
14097,18,Indiana,180432,0,2,2,0,2,INDIANAPOLIS,July,9,Sunday,13,50,Urban,Medium Speed (Collector),No,39.78880278,-86.09458333,Complex/Circle,Daylight,Clear,1:00pm-1:59pm,50,1:00pm-1:59pm,52,Unknown,Unknown EMS Hospital Arrival Time,1,Daylight,Clear,1,1,['Driver'],['None_Used'],0,0,Valid,0.0,0.0,42.0,39.0,"['Male', 'Female']",0,0,5,4,5,Dry,Straight,Level,Lowest,No
14098,18,Indiana,180433,1,1,1,0,1,ANDERSON,July,3,Monday,17,45,Urban,Medium Speed (Collector),No,40.07886389,-85.67776944,Non-Intersection,Daylight,Clear,Unknown,Unknown,Unknown EMS Scene Arrival Hour,Unknown EMS Scene Arrival Minutes,Unknown,Unknown EMS Hospital Arrival Time,1,Daylight,Clear,0,1,[],[],0,0,Invalid,0.0,0.0,58.0,58.0,['Female'],0,0,3,1,4,Dry,Straight,Level,Lowest,No
14099,18,Indiana,180434,0,1,1,0,1,NOT APPLICABLE,July,4,Tuesday,20,14,Rural,Medium Speed (Collector),No,39.23416667,-85.01771111,Non-Intersection,Daylight,Clear,Unknown,Unknown,Unknown EMS Scene Arrival Hour,Unknown EMS Scene Arrival Minutes,Not Applicable (Not Transported),Not Applicable (Not Transported),1,Daylight,Clear,1,0,['Driver'],['None_Used'],1,1,Valid,0.0,0.0,63.0,63.0,['Male'],0,0,5,1,3,Dry,Straight,Level,Lowest,No
14100,18,Indiana,180435,0,2,2,0,2,NOT APPLICABLE,July,14,Friday,6,57,Rural,Medium Speed (Collector),No,41.05556389,-86.51806389,Non-Intersection,Dawn,"Fog, Smog, Smoke",Unknown,Unknown,Unknown EMS Scene Arrival Hour,Unknown EMS Scene Arrival Minutes,Not Applicable (Not Transported),Not Applicable (Not Transported),2,Twilight,Reduced Visibility,2,0,"['Driver', 'Driver']","['Shoulder_Lapbelt', 'None_Used']",0,0,Valid,0.0,0.0,25.0,16.0,"['Male', 'Male']",0,0,3,4,5,Dry,Straight,Grade/Hillcrest,Lowest,No
14101,18,Indiana,180436,0,2,2,0,2,FISHERS,July,22,Saturday,18,18,Urban,High Speed (Arterial),No,39.95708611,-85.98418333,Complex/Circle,Daylight,Cloudy,6:00pm-6:59pm,22,6:00pm-6:59pm,26,Unknown,Unknown EMS Hospital Arrival Time,1,Daylight,Reduced Visibility,1,1,['Driver'],['None_Used'],0,0,Valid,0.0,1.0,48.0,21.0,"['Male', 'Female']",1,0,5,4,5,Dry,Straight,Level,Lowest,No
14102,18,Indiana,180437,0,2,2,0,2,NOT APPLICABLE,July,24,Monday,11,51,Rural,Medium Speed (Collector),No,39.8504,-84.81942778,Complex/Circle,Daylight,Clear,Unknown,Unknown,Unknown EMS Scene Arrival Hour,Unknown EMS Scene Arrival Minutes,Unknown,Unknown EMS Hospital Arrival Time,1,Daylight,Clear,1,1,['Driver'],['None_Used'],0,0,Valid,0.0,0.0,80.0,78.0,"['Male', 'Male']",0,0,5,4,5,Dry,Straight,Level,Lowest,No
14103,18,Indiana,180438,1,2,1,1,1,NOT APPLICABLE,July,24,Monday,0,5,Rural,High Speed (Arterial),Yes,41.65617222,-86.32691389,Non-Intersection,Dark - Not Lighted,Clear,Unknown,Unknown,Unknown EMS Scene Arrival Hour,Unknown EMS Scene Arrival Minutes,Not Applicable (Not Transported),Not Applicable (Not Transported),1,Dark - Unlighted,Clear,1,0,['Driver'],['Shoulder_Lapbelt'],0,0,Valid,0.0,0.0,48.0,48.0,['Male'],0,0,2,4,5,Dry,Straight,Level,Lowest,No
14104,18,Indiana,180440,0,1,1,0,1,NOT APPLICABLE,July,20,Thursday,12,53,Rural,Medium Speed (Collector),No,39.07545,-86.75808056,Non-Intersection,Reported as Unknown,Clear,Unknown,Unknown,Unknown EMS Scene Arrival Hour,Unknown EMS Scene Arrival Minutes,Not Applicable (Not Transported),Not Applicable (Not Transported),1,Dark - Unlighted,Clear,1,0,['Driver'],['None_Used'],0,0,Valid,0.0,0.0,64.0,64.0,['Male'],0,0,5,4,3,Dry,Curve,Level,Lowest,No
14105,18,Indiana,180441,1,1,1,0,1,INDIANAPOLIS,July,15,Saturday,23,26,Urban,Medium Speed (Collector),No,39.81838333,-86.08227222,Non-Intersection,Dark - Lighted,Clear,11:00pm-11:59pm,26,11:00pm-11:59pm,28,Unknown,Unknown EMS Hospital Arrival Time,1,Dark - Lighted,Clear,0,1,[],[],0,0,Invalid,0.0,0.0,999.0,999.0,['Other'],0,0,1,1,4,Dry,Straight,Level,Lowest,No
14106,18,Indiana,180442,1,1,1,0,1,GARY,July,22,Saturday,20,41,Urban,High Speed (Arterial),No,41.60379167,-87.37363333,Non-Intersection,Dark - Lighted,Clear,Unknown,Unknown,Unknown EMS Scene Arrival Hour,Unknown EMS Scene Arrival Minutes,Not Applicable (Not Transported),Not Applicable (Not Transported),1,Dark - Lighted,Clear,0,1,[],[],0,0,Valid,1.0,0.0,25.0,25.0,['Female'],0,0,2,1,4,Dry,Straight,Grade/Hillcrest,Lowest,No
14107,18,Indiana,180443,1,1,1,0,1,SCHERERVILLE,July,6,Thursday,3,24,Urban,High Speed (Arterial),Yes,41.49102222,-87.48352778,Non-Intersection,Dark - Lighted,Cloudy,Unknown,Unknown,Unknown EMS Scene Arrival Hour,Unknown EMS Scene Arrival Minutes,Not Applicable (Not Transported),Not Applicable (Not Transported),1,Dark - Lighted,Reduced Visibility,0,1,[],[],0,0,Valid,0.0,0.0,31.0,31.0,['Male'],0,0,4,1,4,Dry,Straight,Level,Lowest,No
14108,18,Indiana,180444,0,2,2,0,2,HIGHLAND,July,13,Thursday,15,40,Urban,High Speed (Arterial),Yes,41.53512222,-87.47121389,Complex/Circle,Daylight,Clear,3:00pm-3:59pm,45,3:00pm-3:59pm,51,Unknown,Unknown EMS Hospital Arrival Time,1,Daylight,Clear,1,1,['Driver'],['None_Used'],0,0,Valid,0.0,0.0,72.0,24.0,"['Male', 'Male']",1,0,5,4,5,Dry,Straight,Level,Lowest,No
14109,18,Indiana,180445,0,2,2,0,3,NOT APPLICABLE,July,19,Wednesday,12,30,Rural,Medium Speed (Collector),No,40.93152222,-85.50950278,Complex/Circle,Daylight,Clear,12:00pm-12:59pm,35,12:00pm-12:59pm,40,Unknown,Unknown EMS Hospital Arrival Time,1,Daylight,Clear,1,2,['Driver'],['Shoulder_Lapbelt'],0,0,Valid,0.0,0.0,84.0,58.0,"['Male', 'Male']",0,0,3,4,5,Dry,Straight,Level,Lowest,No
14110,18,Indiana,180446,1,2,2,0,2,SOUTH BEND,July,9,Sunday,16,30,Urban,Medium Speed (Collector),No,41.67289167,-86.21001944,Non-Intersection,Daylight,Clear,4:00pm-4:59pm,38,4:00pm-4:59pm,42,Unknown,Unknown EMS Hospital Arrival Time,1,Daylight,Clear,0,2,[],[],0,0,Invalid,0.0,1.0,26.0,25.0,"['Female', 'Male']",0,0,3,4,5,Dry,Straight,Level,Lowest,No
14111,18,Indiana,180447,0,1,1,0,1,CROWN POINT,July,22,Saturday,2,8,Urban,Medium Speed (Collector),No,41.4349,-87.35481389,Non-Intersection,Dark - Lighted,Clear,Unknown,Unknown,Unknown EMS Scene Arrival Hour,Unknown EMS Scene Arrival Minutes,Not Applicable (Not Transported),Not Applicable (Not Transported),1,Dark - Lighted,Clear,1,0,['Driver'],['Shoulder_Lapbelt'],1,1,Valid,0.0,0.0,27.0,27.0,['Male'],1,0,3,4,2,Dry,Straight,Level,Lowest,No
14112,18,Indiana,180448,0,2,2,0,2,INDIANAPOLIS,July,25,Tuesday,21,31,Urban,High Speed (Arterial),No,39.82459167,-86.18497222,Complex/Circle,Dark - Lighted,Cloudy,Unknown,Unknown,Unknown EMS Scene Arrival Hour,Unknown EMS Scene Arrival Minutes,Not Applicable (Not Transported),Not Applicable (Not Transported),1,Dark - Lighted,Reduced Visibility,1,1,['Driver'],['None_Used'],1,1,Valid,0.0,0.0,43.0,28.0,"['Male', 'Male']",0,0,5,4,5,Dry,Straight,Level,Lowest,No
14113,18,Indiana,180450,0,2,2,0,3,NOT APPLICABLE,July,22,Saturday,15,5,Rural,Medium Speed (Collector),No,41.711925,-86.389125,Non-Intersection,Daylight,Clear,Unknown,Unknown,Unknown EMS Scene Arrival Hour,Unknown EMS Scene Arrival Minutes,Unknown,Unknown EMS Hospital Arrival Time,2,Daylight,Clear,2,1,"['Driver', 'Rear_Seat']","['None_Used', 'None_Used']",0,0,Valid,0.0,0.0,59.0,44.0,"['Male', 'Male']",0,0,5,4,5,Dry,Straight,Level,Lowest,No
14114,18,Indiana,180451,1,1,1,0,1,GARY,July,18,Tuesday,23,40,Urban,High Speed (Arterial),Yes,41.56732222,-87.32952222,Non-Intersection,Dark - Lighted,Clear,Unknown,Unknown,Unknown EMS Scene Arrival Hour,Unknown EMS Scene Arrival Minutes,Not Applicable (Not Transported),Not Applicable (Not Transported),1,Dark - Lighted,Clear,0,1,[],[],0,0,Invalid,0.0,0.0,999.0,999.0,['Other'],0,0,1,1,4,Dry,Straight,Level,Lowest,No
14115,18,Indiana,180452,0,1,1,0,1,NOT APPLICABLE,July,22,Saturday,2,35,Rural,Low Speed (Local),No,39.02364444,-87.13568611,Non-Intersection,Dark - Not Lighted,Clear,Unknown,Unknown,Unknown EMS Scene Arrival Hour,Unknown EMS Scene Arrival Minutes,Not Applicable (Not Transported),Not Applicable (Not Transported),1,Dark - Unlighted,Clear,1,0,['Driver'],['None_Used'],0,0,Valid,0.0,0.0,57.0,57.0,['Male'],0,0,5,4,1,Dry,Straight,Level,Lowest,No
14116,18,Indiana,180453,0,2,2,0,2,EVANSVILLE,July,24,Monday,18,10,Urban,High Speed (Arterial),Yes,37.95106111,-87.54252222,Complex/Circle,Daylight,Clear,6:00pm-6:59pm,12,6:00pm-6:59pm,18,Unknown,Unknown EMS Hospital Arrival Time,1,Daylight,Clear,1,1,['Driver'],['Lapbelt_Only'],1,1,Valid,0.0,1.0,44.0,32.0,"['Male', 'Female']",0,0,3,4,5,Dry,Straight,Level,Lowest,No
14117,18,Indiana,180454,0,2,2,0,2,NOT APPLICABLE,July,25,Tuesday,18,5,Rural,Medium Speed (Collector),No,40.00438611,-85.61470833,Complex/Circle,Daylight,Clear,6:00pm-6:59pm,27,6:00pm-6:59pm,41,Unknown,Unknown EMS Hospital Arrival Time,1,Daylight,Clear,1,1,['Driver'],['None_Used'],0,0,Valid,0.0,0.0,81.0,28.0,"['Male', 'Male']",0,0,2,4,5,Dry,Straight,Level,Lowest,No
14118,18,Indiana,180455,1,1,1,0,1,INDIANAPOLIS,July,27,Thursday,2,9,Urban,High Speed (Arterial),Yes,39.70032778,-86.16886944,Non-Intersection,Dark - Not Lighted,Clear,Unknown,Unknown,Unknown EMS Scene Arrival Hour,Unknown EMS Scene Arrival Minutes,Not Applicable (Not Transported),Not Applicable (Not Transported),1,Dark - Unlighted,Clear,0,1,[],[],0,0,Valid,0.0,0.0,59.0,59.0,['Male'],0,0,4,1,4,Dry,Straight,Level,Lowest,No
14119,18,Indiana,180456,0,1,1,0,1,KOKOMO,July,29,Saturday,12,50,Urban,Low Speed (Local),No,40.46166944,-86.16665,Complex/Circle,Daylight,Clear,Unknown,Unknown,Unknown EMS Scene Arrival Hour,Unknown EMS Scene Arrival Minutes,Not Applicable (Not Transported),Not Applicable (Not Transported),1,Daylight,Clear,1,0,['Driver'],['None_Used'],1,1,Invalid,0.0,0.0,34.0,34.0,['Male'],0,0,5,4,3,Dry,Curve,Level,Lowest,No
14120,18,Indiana,180457,0,1,1,0,1,NOT APPLICABLE,July,30,Sunday,15,50,Rural,Medium Speed (Collector),No,39.34322778,-87.27238611,Non-Intersection,Daylight,Clear,Unknown,Unknown,Unknown EMS Scene Arrival Hour,Unknown EMS Scene Arrival Minutes,Not Applicable (Not Transported),Not Applicable (Not Transported),1,Daylight,Clear,1,0,['Driver'],['None_Used'],0,0,Valid,0.0,0.0,47.0,47.0,['Male'],0,0,3,4,3,Dry,Curve,Level,Lowest,No
14121,18,Indiana,180458,0,2,2,0,3,NOT APPLICABLE,July,30,Sunday,17,5,Rural,Low Speed (Local),No,40.41750556,-86.25284722,Simple Junction,Daylight,Clear,5:00pm-5:59pm,5,5:00pm-5:59pm,18,5:00pm-5:59pm,55,1,Daylight,Clear,1,2,['Front_Passenger'],['Shoulder_Lapbelt'],0,0,Valid,0.0,0.0,69.0,64.0,"['Male', 'Male']",0,0,3,4,5,Dry,Straight,Level,Lowest,No
14122,18,Indiana,180459,1,1,1,0,3,MISHAWAKA,July,29,Saturday,21,49,Urban,Medium Speed (Collector),No,41.64883889,-86.20169444,Non-Intersection,Dark - Not Lighted,Clear,9:00pm-9:59pm,49,9:00pm-9:59pm,55,Unknown,Unknown EMS Hospital Arrival Time,1,Dark - Unlighted,Clear,0,3,[],[],0,0,Valid,0.0,0.0,33.0,33.0,['Male'],0,0,3,4,4,Dry,Straight,Level,Lowest,No