,State_Code,State_Name,Crash_ID,Count_Non_Motorists,Count_Vehicles_Total,Count_Vehicle_Forms,Count_PVH_Involved,Count_Occupants_MV,City_Name,Month_Name,Day_of_Month,Day_of_Week,Crash_Hour,Crash_Minute,Area_Rural_Urban,Road_Functional_Class,On_NHS_Road,Latitude,Longitude,Intersection_Type,Light_Condition,Weather_Condition,Notif_Hour,Notif_Minute,Arrival_Hour,Arrival_Minute,Hospital_Hour,Hospital_Minute,Fatalities_Count,Clean_Light_Condition,Clean_Weather_Condition,Total_Killed,Total_Alive,Fatal_Seats_List,Killed_Restraint_List,Any_Driver_Drinking,Total_Drinking_Drivers,Driver_License_Category,Driver_Max_Prev_Accident_Count,Driver_Max_Prev_Speeding_Count,Max_Driver_Age,Min_Driver_Age,Driver_Sex_List,Total_Exceeding_Limit_Vehicles,Total_Too_Fast_Vehicles,Max_Vehicle_Type_Severity_5,Max_Vehicle_Damage_Rank,Max_Harmful_Event_Severity,Crash_Road_Surface_Condition,Crash_Horizontal_Alignment,Crash_Vertical_Profile,Crash_Impairment_Category,Crash_Vehicle_Defect
14123,18,Indiana,180460,0,1,1,0,1,NOT APPLICABLE,July,28,Friday,16,54,Rural,Low Speed (Local),No,38.77963889,-86.461275,Non-Intersection,Daylight,Clear,Unknown,Unknown,Unknown EMS Scene Arrival Hour,Unknown EMS Scene Arrival Minutes,Not Applicable (Not Transported),Not Applicable (Not Transported),1,Daylight,Clear,1,0,['Driver'],['Shoulder_Lapbelt'],1,1,Valid,0.0,0.0,24.0,24.0,['Male'],0,0,3,4,3,Dry,Curve,Level,Lowest,No
14124,18,Indiana,180461,0,2,2,0,3,ANDERSON,July,15,Saturday,17,17,Urban,Low Speed (Local),No,40.11110278,-85.652825,Complex/Circle,Daylight,Clear,5:00pm-5:59pm,18,5:00pm-5:59pm,25,Unknown,Unknown EMS Hospital Arrival Time,2,Daylight,Clear,2,1,"['Driver', 'Front_Passenger']","['Shoulder_Lapbelt', 'None_Used']",0,0,Valid,0.0,0.0,40.0,17.0,"['Male', 'Female']",0,0,3,4,5,Dry,Straight,Level,Lowest,No
14125,18,Indiana,180462,0,2,2,0,2,NOT APPLICABLE,July,23,Sunday,19,23,Rural,Medium Speed (Collector),No,40.91539167,-85.58422222,Non-Intersection,Daylight,Clear,Unknown,Unknown,Unknown EMS Scene Arrival Hour,Unknown EMS Scene Arrival Minutes,Unknown,Unknown EMS Hospital Arrival Time,1,Daylight,Clear,1,1,['Driver'],['None_Used'],0,0,Valid,0.0,0.0,26.0,25.0,"['Male', 'Female']",0,0,5,4,5,Dry,Straight,Grade/Hillcrest,Lowest,No
14126,18,Indiana,180463,0,3,3,0,3,NOT APPLICABLE,July,28,Friday,11,20,Rural,Medium Speed (Collector),No,39.48823333,-85.76859444,Non-Intersection,Daylight,Rain,Unknown,Unknown,Unknown EMS Scene Arrival Hour,Unknown EMS Scene Arrival Minutes,Not Applicable (Not Transported),Not Applicable (Not Transported),1,Daylight,Rain/Wind/Minor,1,2,['Driver'],['Shoulder_Lapbelt'],0,0,Valid,0.0,0.0,54.0,26.0,"['Male', 'Male', 'Male']",0,0,4,4,5,Wet/Standing Water,Straight,Level,Lowest,No
14127,18,Indiana,180464,0,1,1,0,2,NOT APPLICABLE,July,31,Monday,9,36,Rural,Medium Speed (Collector),No,40.02937222,-87.24347222,Non-Intersection,Daylight,Clear,Unknown,Unknown,Unknown EMS Scene Arrival Hour,Unknown EMS Scene Arrival Minutes,Unknown,Unknown EMS Hospital Arrival Time,1,Daylight,Clear,1,1,['Driver'],['None_Used'],0,0,Invalid,0.0,0.0,22.0,22.0,['Male'],0,0,4,4,3,Dry,Straight,Grade/Hillcrest,Lowest,No
14128,18,Indiana,180466,0,1,1,0,1,NOT APPLICABLE,July,29,Saturday,17,4,Rural,Medium Speed (Collector),No,40.23641667,-85.01610833,Non-Intersection,Daylight,Clear,5:00pm-5:59pm,6,5:00pm-5:59pm,28,Unknown,Unknown EMS Hospital Arrival Time,1,Daylight,Clear,1,0,['Driver'],['None_Used'],1,1,Valid,0.0,0.0,39.0,39.0,['Male'],1,0,5,1,3,Dry,Straight,Level,Lowest,No
14129,18,Indiana,180467,0,1,1,0,1,NOT APPLICABLE,August,2,Wednesday,0,15,Rural,Low Speed (Local),No,41.62314444,-85.016875,Non-Intersection,Dark - Not Lighted,Clear,Unknown,Unknown,Unknown EMS Scene Arrival Hour,Unknown EMS Scene Arrival Minutes,Not Applicable (Not Transported),Not Applicable (Not Transported),1,Dark - Unlighted,Clear,1,0,['Driver'],['Shoulder_Lapbelt'],1,1,Valid,0.0,0.0,23.0,23.0,['Male'],1,0,2,4,3,Dry,Curve,Grade/Hillcrest,Lowest,No
14130,18,Indiana,180468,1,1,1,0,1,NOT APPLICABLE,July,15,Saturday,4,5,Rural,High Speed (Arterial),Yes,41.73051111,-86.34501111,Non-Intersection,Dark - Not Lighted,Rain,Unknown,Unknown,Unknown EMS Scene Arrival Hour,Unknown EMS Scene Arrival Minutes,Not Applicable (Not Transported),Not Applicable (Not Transported),1,Dark - Unlighted,Rain/Wind/Minor,0,1,[],[],0,0,Valid,0.0,0.0,26.0,26.0,['Male'],0,0,2,4,4,Wet/Standing Water,Straight,Level,Lowest,No
14131,18,Indiana,180469,0,1,1,0,1,NOT APPLICABLE,July,30,Sunday,17,5,Rural,Low Speed (Local),No,39.23010833,-86.72328889,Non-Intersection,Daylight,Clear,Unknown,Unknown,Unknown EMS Scene Arrival Hour,Unknown EMS Scene Arrival Minutes,Not Applicable (Not Transported),Not Applicable (Not Transported),1,Daylight,Clear,1,0,['Driver'],['None_Used'],0,0,Invalid,0.0,0.0,26.0,26.0,['Female'],0,0,2,4,3,Dry,Curve,Grade/Hillcrest,Lowest,No
14132,18,Indiana,180470,0,1,1,0,1,NOT APPLICABLE,July,28,Friday,14,30,Rural,Low Speed (Local),No,39.44614722,-86.38786667,Non-Intersection,Daylight,Clear,2:00pm-2:59pm,32,2:00pm-2:59pm,36,Unknown,Unknown EMS Hospital Arrival Time,1,Daylight,Clear,1,0,['Driver'],['None_Used'],0,0,Valid,0.0,0.0,93.0,93.0,['Male'],0,0,2,1,3,Dry,Curve,Grade/Hillcrest,Medium,No
14133,18,Indiana,180471,0,2,2,0,2,NOT APPLICABLE,July,30,Sunday,16,23,Rural,Medium Speed (Collector),No,39.91651667,-85.88115,Complex/Circle,Daylight,Clear,Unknown,Unknown,Unknown EMS Scene Arrival Hour,Unknown EMS Scene Arrival Minutes,Unknown,Unknown EMS Hospital Arrival Time,1,Daylight,Clear,1,1,['Driver'],['None_Used'],1,1,Valid,0.0,1.0,38.0,30.0,"['Male', 'Male']",1,0,5,4,5,Dry,Straight,Level,Lowest,No
14134,18,Indiana,180472,0,2,2,0,3,NOT APPLICABLE,August,4,Friday,11,50,Rural,Medium Speed (Collector),No,41.07505,-85.33690833,Complex/Circle,Daylight,Clear,Unknown,Unknown,Unknown EMS Scene Arrival Hour,Unknown EMS Scene Arrival Minutes,Unknown,Unknown EMS Hospital Arrival Time,1,Daylight,Clear,1,2,['Rear_Seat'],['None_Used'],0,0,Valid,0.0,0.0,54.0,48.0,"['Male', 'Female']",0,0,5,4,5,Dry,Straight,Level,Lowest,No
14135,18,Indiana,180473,0,2,2,0,2,NOT APPLICABLE,July,14,Friday,9,2,Rural,High Speed (Arterial),Yes,41.07608611,-86.24013889,Complex/Circle,Daylight,Clear,Unknown,Unknown,Unknown EMS Scene Arrival Hour,Unknown EMS Scene Arrival Minutes,Unknown,Unknown EMS Hospital Arrival Time,1,Daylight,Clear,1,1,['Driver'],['Shoulder_Lapbelt'],0,0,Valid,0.0,0.0,27.0,20.0,"['Male', 'Male']",0,0,3,4,5,Dry,Straight,Grade/Hillcrest,Lowest,No
14136,18,Indiana,180474,0,1,1,0,2,INDIANAPOLIS,July,23,Sunday,14,55,Urban,Medium Speed (Collector),No,39.64750278,-86.28827222,Non-Intersection,Daylight,Clear,2:00pm-2:59pm,54,2:00pm-2:59pm,59,Unknown,Unknown EMS Hospital Arrival Time,1,Daylight,Clear,1,1,['Rear_Seat'],['None_Used'],0,0,Invalid,0.0,0.0,73.0,73.0,['Male'],0,0,5,4,3,Dry,Curve,Level,Lowest,No
14137,18,Indiana,180475,0,2,2,0,2,JEFFERSONVILLE,July,4,Tuesday,1,24,Urban,High Speed (Arterial),No,38.29022778,-85.72805833,Complex/Circle,Dark - Lighted,Clear,Unknown,Unknown,Unknown EMS Scene Arrival Hour,Unknown EMS Scene Arrival Minutes,Unknown,Unknown EMS Hospital Arrival Time,1,Dark - Lighted,Clear,1,1,['Driver'],['None_Used'],1,1,Valid,0.0,2.0,22.0,22.0,"['Female', 'Male']",1,0,5,4,5,Dry,Straight,Level,Lowest,No
14138,18,Indiana,180476,0,2,2,0,2,NOT APPLICABLE,August,1,Tuesday,16,30,Rural,Medium Speed (Collector),No,39.55995278,-86.29742222,Non-Intersection,Daylight,Clear,Unknown,Unknown,Unknown EMS Scene Arrival Hour,Unknown EMS Scene Arrival Minutes,Not Applicable (Not Transported),Not Applicable (Not Transported),1,Daylight,Clear,1,1,['Driver'],['None_Used'],0,0,Invalid,0.0,0.0,62.0,39.0,"['Male', 'Male']",0,0,3,4,5,Dry,Curve,Level,Lowest,No
14139,18,Indiana,180477,0,2,2,0,3,NOT APPLICABLE,August,5,Saturday,15,19,Rural,Low Speed (Local),No,41.18641667,-86.56315833,Complex/Circle,Daylight,Rain,Unknown,Unknown,Unknown EMS Scene Arrival Hour,Unknown EMS Scene Arrival Minutes,Unknown,Unknown EMS Hospital Arrival Time,1,Daylight,Rain/Wind/Minor,1,2,['Driver'],['Shoulder_Lapbelt'],0,0,Valid,0.0,0.0,87.0,49.0,"['Male', 'Female']",0,0,2,4,5,Wet/Standing Water,Straight,Grade/Hillcrest,Lowest,No
14140,18,Indiana,180478,0,1,1,0,1,NOT APPLICABLE,August,5,Saturday,15,30,Rural,Medium Speed (Collector),No,39.48407222,-86.41730833,Non-Intersection,Daylight,Clear,Unknown,Unknown,Unknown EMS Scene Arrival Hour,Unknown EMS Scene Arrival Minutes,Not Applicable (Not Transported),Not Applicable (Not Transported),1,Daylight,Clear,1,0,['Driver'],['None_Used'],0,0,Valid,0.0,1.0,30.0,30.0,['Male'],0,0,3,4,3,Dry,Curve,Level,Lowest,No
14141,18,Indiana,180479,0,2,2,0,2,NOT APPLICABLE,July,7,Friday,1,15,Rural,High Speed (Arterial),Yes,40.57874167,-87.26861389,Non-Intersection,Dark - Not Lighted,Clear,2:00am-2:59am,9,2:00am-2:59am,41,Unknown,Unknown EMS Hospital Arrival Time,1,Dark - Unlighted,Clear,1,1,['Driver'],['None_Used'],0,0,Valid,0.0,0.0,65.0,16.0,"['Male', 'Female']",1,0,2,4,5,Dry,Straight,Level,Lowest,No
14142,18,Indiana,180480,0,2,2,0,2,FISHERS,July,13,Thursday,14,20,Urban,High Speed (Arterial),No,39.957,-85.99487222,Complex/Circle,Daylight,Cloudy,5:00pm-5:59pm,43,6:00pm-6:59pm,27,Unknown,Unknown EMS Hospital Arrival Time,1,Daylight,Reduced Visibility,1,1,['Driver'],['Shoulder_Lapbelt'],0,0,Valid,0.0,0.0,82.0,20.0,"['Male', 'Male']",0,0,3,4,5,Dry,Straight,Level,Lowest,No
14143,18,Indiana,180481,0,2,1,1,1,NOT APPLICABLE,August,5,Saturday,15,9,Rural,Medium Speed (Collector),No,40.04089722,-85.67799444,Non-Intersection,Daylight,Clear,Unknown,Unknown,Unknown EMS Scene Arrival Hour,Unknown EMS Scene Arrival Minutes,Not Applicable (Not Transported),Not Applicable (Not Transported),1,Daylight,Clear,1,0,['Driver'],['None_Used'],0,0,Invalid,0.0,2.0,46.0,46.0,['Male'],0,0,2,4,3,Dry,Straight,Level,Lowest,No
14144,18,Indiana,180482,0,1,1,0,1,NOT APPLICABLE,July,29,Saturday,18,20,Rural,Low Speed (Local),No,38.37170278,-86.73881944,Non-Intersection,Daylight,Clear,Unknown,Unknown,Unknown EMS Scene Arrival Hour,Unknown EMS Scene Arrival Minutes,Not Applicable (Not Transported),Not Applicable (Not Transported),1,Daylight,Clear,1,0,['Driver'],['None_Used'],0,0,Valid,0.0,0.0,15.0,15.0,['Male'],0,0,5,1,2,Dry,Curve,Grade/Hillcrest,Lowest,No
14145,18,Indiana,180483,0,1,1,0,1,MADISON,June,22,Thursday,12,13,Urban,Medium Speed (Collector),No,38.74746944,-85.38825278,Non-Intersection,Daylight,Cloudy,Unknown,Unknown,Unknown EMS Scene Arrival Hour,Unknown EMS Scene Arrival Minutes,Unknown,Unknown EMS Hospital Arrival Time,1,Daylight,Reduced Visibility,1,0,['Driver'],['Shoulder_Lapbelt'],0,0,Valid,0.0,0.0,97.0,97.0,['Female'],0,0,3,4,2,Dry,Curve,Grade/Hillcrest,Medium,No
14146,18,Indiana,180484,0,2,2,0,2,BRISTOL,July,26,Wednesday,15,3,Urban,Low Speed (Local),No,41.72063889,-85.81263333,Complex/Circle,Daylight,Cloudy,Unknown,Unknown,Unknown EMS Scene Arrival Hour,Unknown EMS Scene Arrival Minutes,Unknown,Unknown EMS Hospital Arrival Time,1,Daylight,Reduced Visibility,1,1,['Driver'],['Shoulder_Lapbelt'],0,0,Valid,0.0,0.0,61.0,53.0,"['Female', 'Male']",0,0,3,1,5,Dry,Straight,Level,Lowest,No
14147,18,Indiana,180485,1,1,1,0,1,NOT APPLICABLE,August,7,Monday,19,17,Rural,Medium Speed (Collector),No,41.32059167,-85.88400278,Complex/Circle,Daylight,Clear,7:00pm-7:59pm,18,7:00pm-7:59pm,26,Not Applicable (Not Transported),Not Applicable (Not Transported),1,Daylight,Clear,0,1,[],[],0,0,Valid,0.0,0.0,21.0,21.0,['Male'],0,0,3,1,4,Dry,Straight,Level,Lowest,No
14148,18,Indiana,180486,0,2,2,0,2,NOT APPLICABLE,July,24,Monday,8,54,Rural,Medium Speed (Collector),No,40.01965,-85.84316389,Complex/Circle,Daylight,Clear,9:00am-9:59am,2,9:00am-9:59am,27,Unknown,Unknown EMS Hospital Arrival Time,1,Daylight,Clear,1,1,['Driver'],['Shoulder_Lapbelt'],0,0,Valid,0.0,0.0,59.0,52.0,"['Male', 'Male']",0,0,1,4,5,Dry,Straight,Level,Lowest,No
14149,18,Indiana,180487,1,1,1,0,1,INDIANAPOLIS,August,5,Saturday,2,6,Urban,Medium Speed (Collector),No,39.81474167,-86.15914167,Non-Intersection,Dark - Lighted,Clear,Unknown,Unknown,Unknown EMS Scene Arrival Hour,Unknown EMS Scene Arrival Minutes,Not Applicable (Not Transported),Not Applicable (Not Transported),1,Dark - Lighted,Clear,0,1,[],[],0,0,Invalid,0.0,0.0,999.0,999.0,['Other'],0,0,1,1,4,Dry,Straight,Level,Lowest,No
14150,18,Indiana,180488,0,2,2,0,2,EVANSVILLE,August,8,Tuesday,19,32,Urban,Medium Speed (Collector),No,37.97754167,-87.57080556,Complex/Circle,Dusk,Clear,7:00pm-7:59pm,34,7:00pm-7:59pm,45,Not Applicable (Not Transported),Not Applicable (Not Transported),1,Twilight,Clear,1,1,['Driver'],['None_Used'],1,1,Invalid,0.0,0.0,49.0,33.0,"['Male', 'Female']",0,0,5,4,5,Dry,Straight,Level,Lowest,No
14151,18,Indiana,180489,0,1,1,0,1,NOT APPLICABLE,August,9,Wednesday,5,10,Rural,Medium Speed (Collector),No,41.40157778,-86.31404167,Non-Intersection,Dark - Not Lighted,Clear,Unknown,Unknown,Unknown EMS Scene Arrival Hour,Unknown EMS Scene Arrival Minutes,Not Applicable (Not Transported),Not Applicable (Not Transported),1,Dark - Unlighted,Clear,1,0,['Driver'],['None_Used'],0,0,Valid,0.0,1.0,44.0,44.0,['Male'],0,0,2,4,2,Dry,Straight,Grade/Hillcrest,Lowest,No
14152,18,Indiana,180490,0,1,1,0,1,JEFFERSONVILLE,August,10,Thursday,21,14,Rural,Medium Speed (Collector),No,38.28697778,-85.749425,Non-Intersection,Dark - Lighted,Clear,Unknown,Unknown,Unknown EMS Scene Arrival Hour,Unknown EMS Scene Arrival Minutes,Not Applicable (Not Transported),Not Applicable (Not Transported),1,Dark - Lighted,Clear,1,0,['Driver'],['None_Used'],0,0,Valid,0.0,0.0,21.0,21.0,['Male'],1,0,5,4,2,Dry,Curve,Level,Lowest,No
14153,18,Indiana,180491,0,2,2,0,2,NOT APPLICABLE,June,3,Saturday,9,56,Rural,Medium Speed (Collector),No,41.43521389,-87.41700833,Non-Intersection,Daylight,Clear,Unknown,Unknown,Unknown EMS Scene Arrival Hour,Unknown EMS Scene Arrival Minutes,Unknown,Unknown EMS Hospital Arrival Time,1,Daylight,Clear,1,1,['Driver'],['None_Used'],0,0,Invalid,3.0,0.0,52.0,31.0,"['Female', 'Female']",0,0,5,4,5,Dry,Straight,Non-Trafficway,Lowest,No
14154,18,Indiana,180492,0,1,1,0,1,NOT APPLICABLE,August,4,Friday,13,19,Rural,Medium Speed (Collector),No,39.41847222,-84.97389722,Non-Intersection,Daylight,Clear,Unknown,Unknown,Unknown EMS Scene Arrival Hour,Unknown EMS Scene Arrival Minutes,Unknown,Unknown EMS Hospital Arrival Time,1,Daylight,Clear,1,0,['Driver'],['Shoulder_Lapbelt'],0,0,Valid,0.0,0.0,95.0,95.0,['Male'],0,0,2,4,2,Dry,Curve,Grade/Hillcrest,Lowest,No
14155,18,Indiana,180493,0,2,2,0,2,NOT APPLICABLE,August,11,Friday,17,42,Rural,Medium Speed (Collector),No,39.79125833,-85.61268056,Complex/Circle,Daylight,Clear,Unknown,Unknown,Unknown EMS Scene Arrival Hour,Unknown EMS Scene Arrival Minutes,Unknown,Unknown EMS Hospital Arrival Time,1,Daylight,Clear,1,1,['Driver'],['None_Used'],1,1,Valid,0.0,0.0,70.0,58.0,"['Male', 'Male']",0,0,5,4,5,Dry,Straight,Level,Lowest,No
14156,18,Indiana,180494,0,1,1,0,1,NOT APPLICABLE,August,11,Friday,10,18,Rural,High Speed (Arterial),Yes,39.98675278,-85.38377778,Non-Intersection,Daylight,Clear,Unknown,Unknown,Unknown EMS Scene Arrival Hour,Unknown EMS Scene Arrival Minutes,Not Applicable (Not Transported),Not Applicable (Not Transported),1,Daylight,Clear,1,0,['Driver'],['Shoulder_Lapbelt'],0,0,Valid,0.0,0.0,83.0,83.0,['Female'],0,0,2,4,4,Dry,Straight,Level,Lowest,No
14157,18,Indiana,180495,0,1,1,0,1,NOT APPLICABLE,August,11,Friday,10,12,Rural,Medium Speed (Collector),No,41.13120833,-87.27572222,Non-Intersection,Daylight,Rain,Unknown,Unknown,Unknown EMS Scene Arrival Hour,Unknown EMS Scene Arrival Minutes,Not Applicable (Not Transported),Not Applicable (Not Transported),1,Daylight,Rain/Wind/Minor,1,0,['Driver'],['None_Used'],0,0,Valid,0.0,0.0,32.0,32.0,['Female'],0,0,3,4,3,Wet/Standing Water,Straight,Level,Lowest,No
14158,18,Indiana,180496,0,1,1,0,3,INDIANAPOLIS,August,12,Saturday,8,34,Urban,Medium Speed (Collector),No,39.75210556,-86.06389444,Non-Intersection,Daylight,Cloudy,8:00am-8:59am,34,8:00am-8:59am,39,Unknown,Unknown EMS Hospital Arrival Time,1,Daylight,Reduced Visibility,1,2,['Front_Passenger'],['None_Used'],0,0,Valid,0.0,0.0,42.0,42.0,['Female'],0,0,3,4,3,Dry,Straight,Level,Lowest,No
14159,18,Indiana,180497,1,1,1,0,2,MERRILLVILLE,August,12,Saturday,21,30,Urban,High Speed (Arterial),No,41.45781944,-87.36496667,Non-Intersection,Dark - Not Lighted,Clear,Unknown,Unknown,Unknown EMS Scene Arrival Hour,Unknown EMS Scene Arrival Minutes,Unknown,Unknown EMS Hospital Arrival Time,1,Dark - Unlighted,Clear,0,2,[],[],0,0,Valid,0.0,1.0,24.0,24.0,['Male'],0,0,5,4,4,Dry,Straight,Grade/Hillcrest,Lowest,No
14160,18,Indiana,180498,0,1,1,0,1,INDIANAPOLIS,August,13,Sunday,10,57,Urban,High Speed (Arterial),Yes,39.70416111,-86.09689167,Non-Intersection,Daylight,Clear,Unknown,Unknown,Unknown EMS Scene Arrival Hour,Unknown EMS Scene Arrival Minutes,Not Applicable (Not Transported),Not Applicable (Not Transported),1,Daylight,Clear,1,0,['Driver'],['None_Used'],0,0,Invalid,0.0,0.0,48.0,48.0,['Male'],1,0,5,4,3,Dry,Straight,Grade/Hillcrest,Lowest,No
14161,18,Indiana,180499,1,1,1,0,1,NOT APPLICABLE,August,14,Monday,1,25,Urban,High Speed (Arterial),Yes,39.83261944,-86.33581389,Non-Intersection,Dark - Not Lighted,Cloudy,Unknown,Unknown,Unknown EMS Scene Arrival Hour,Unknown EMS Scene Arrival Minutes,Not Applicable (Not Transported),Not Applicable (Not Transported),1,Dark - Unlighted,Reduced Visibility,0,1,[],[],0,0,Valid,0.0,0.0,31.0,31.0,['Male'],0,0,2,4,4,Dry,Straight,Level,Lowest,No
14162,18,Indiana,180500,1,2,1,1,2,MERRILLVILLE,July,30,Sunday,10,5,Urban,High Speed (Arterial),Yes,41.51103056,-87.31994722,Non-Intersection,Daylight,Clear,Unknown,Unknown,Unknown EMS Scene Arrival Hour,Unknown EMS Scene Arrival Minutes,Unknown,Unknown EMS Hospital Arrival Time,1,Daylight,Clear,1,1,['Driver'],['Shoulder_Lapbelt'],1,1,Invalid,0.0,0.0,37.0,37.0,['Female'],0,0,2,4,5,Dry,Straight,Level,Lowest,No
14163,18,Indiana,180501,0,1,1,0,1,NOT APPLICABLE,August,12,Saturday,15,45,Rural,Medium Speed (Collector),No,39.11465278,-85.46766944,Non-Intersection,Daylight,Cloudy,Unknown,Unknown,Unknown EMS Scene Arrival Hour,Unknown EMS Scene Arrival Minutes,Not Applicable (Not Transported),Not Applicable (Not Transported),1,Daylight,Reduced Visibility,1,0,['Driver'],['None_Used'],0,0,Valid,0.0,0.0,57.0,57.0,['Male'],1,0,5,4,3,Dry,Curve,Level,Lowest,No
14164,18,Indiana,180502,1,1,1,0,1,INDIANAPOLIS,August,13,Sunday,19,42,Urban,Medium Speed (Collector),No,39.81077778,-86.12828333,Simple Junction,Dusk,Cloudy,7:00pm-7:59pm,45,7:00pm-7:59pm,51,Unknown,Unknown EMS Hospital Arrival Time,1,Twilight,Reduced Visibility,0,1,[],[],0,0,Valid,0.0,0.0,44.0,44.0,['Female'],0,0,2,1,4,Dry,Straight,Level,Lowest,No
14165,18,Indiana,180503,0,1,1,0,1,FISHERS,August,12,Saturday,4,29,Urban,High Speed (Arterial),Yes,39.95570556,-86.00624444,Non-Intersection,Dark - Not Lighted,Cloudy,4:00am-4:59am,33,4:00am-4:59am,39,Unknown,Unknown EMS Hospital Arrival Time,1,Dark - Unlighted,Reduced Visibility,1,0,['Driver'],['None_Used'],0,0,Valid,0.0,1.0,19.0,19.0,['Male'],0,0,5,4,2,Dry,Curve,Grade/Hillcrest,Lowest,No
14166,18,Indiana,180504,0,1,1,0,5,NOT APPLICABLE,August,14,Monday,2,20,Rural,Medium Speed (Collector),No,40.43806944,-85.01558611,Non-Intersection,Dark - Not Lighted,Clear,2:00am-2:59am,38,2:00am-2:59am,38,Unknown,Unknown EMS Hospital Arrival Time,1,Dark - Unlighted,Clear,1,4,['Rear_Seat'],['None_Used'],1,1,Invalid,0.0,1.0,22.0,22.0,['Female'],5,0,2,4,3,Dry,Curve,Grade/Hillcrest,Lowest,No
14167,18,Indiana,180505,0,1,1,0,2,NOT APPLICABLE,August,15,Tuesday,14,42,Rural,High Speed (Arterial),Yes,38.96580833,-86.77905833,Non-Intersection,Daylight,Clear,Unknown,Unknown,Unknown EMS Scene Arrival Hour,Unknown EMS Scene Arrival Minutes,Unknown,Unknown EMS Hospital Arrival Time,1,Daylight,Clear,1,1,['Driver'],['None_Used'],0,0,Valid,0.0,0.0,49.0,49.0,['Female'],0,0,3,4,3,Dry,Straight,Grade/Hillcrest,Lowest,No
14168,18,Indiana,180506,0,1,1,0,1,NOT APPLICABLE,August,15,Tuesday,5,52,Rural,Medium Speed (Collector),No,41.71600833,-85.55739444,Non-Intersection,Dark - Not Lighted,Rain,Unknown,Unknown,Unknown EMS Scene Arrival Hour,Unknown EMS Scene Arrival Minutes,Not Applicable (Not Transported),Not Applicable (Not Transported),1,Dark - Unlighted,Rain/Wind/Minor,1,0,['Driver'],['Shoulder_Lapbelt'],0,0,Valid,0.0,1.0,36.0,36.0,['Male'],0,0,3,4,3,Wet/Standing Water,Straight,Level,Lowest,No
14169,18,Indiana,180507,0,2,2,0,3,NOT APPLICABLE,August,11,Friday,21,0,Urban,High Speed (Arterial),No,40.547275,-85.67389444,Non-Intersection,Dusk,Clear,Unknown,Unknown,Unknown EMS Scene Arrival Hour,Unknown EMS Scene Arrival Minutes,Unknown,Unknown EMS Hospital Arrival Time,1,Twilight,Clear,1,2,['Driver'],['None_Used'],0,0,Valid,0.0,2.0,36.0,33.0,"['Male', 'Male']",3,0,5,4,5,Dry,Straight,Level,Lowest,No
14170,18,Indiana,180508,0,2,2,0,2,INDIANAPOLIS,August,15,Tuesday,17,49,Rural,Medium Speed (Collector),No,39.78440278,-86.06430833,Simple Junction,Daylight,Cloudy,Unknown,Unknown,Unknown EMS Scene Arrival Hour,Unknown EMS Scene Arrival Minutes,Unknown,Unknown EMS Hospital Arrival Time,1,Daylight,Reduced Visibility,1,1,['Driver'],['None_Used'],0,0,Valid,0.0,1.0,54.0,39.0,"['Male', 'Male']",1,0,5,4,5,Dry,Straight,Level,Lowest,No
14171,18,Indiana,180509,0,1,1,0,3,NOT APPLICABLE,August,14,Monday,16,40,Rural,Medium Speed (Collector),No,40.50891111,-85.76122778,Non-Intersection,Daylight,Rain,Unknown,Unknown,Unknown EMS Scene Arrival Hour,Unknown EMS Scene Arrival Minutes,Unknown,Unknown EMS Hospital Arrival Time,1,Daylight,Rain/Wind/Minor,1,2,['Driver'],['None_Used'],0,0,Valid,0.0,0.0,41.0,41.0,['Female'],0,0,3,4,3,Wet/Standing Water,Straight,Level,Lowest,No
14172,18,Indiana,180510,0,2,2,0,2,NOT APPLICABLE,August,20,Sunday,12,45,Urban,Low Speed (Local),No,39.4675,-87.39304444,Simple Junction,Daylight,Clear,12:00pm-12:59pm,47,12:00pm-12:59pm,52,Unknown,Unknown EMS Hospital Arrival Time,1,Daylight,Clear,1,1,['Driver'],['None_Used'],0,0,Valid,0.0,0.0,59.0,49.0,"['Male', 'Female']",0,0,5,4,5,Dry,Straight,Level,Lowest,No
14173,18,Indiana,180511,0,1,1,0,5,NOT APPLICABLE,August,5,Saturday,18,59,Rural,Medium Speed (Collector),No,38.09365278,-87.69302778,Non-Intersection,Daylight,Cloudy,7:00pm-7:59pm,0,7:00pm-7:59pm,16,Unknown,Unknown EMS Hospital Arrival Time,1,Daylight,Reduced Visibility,1,4,['Front_Passenger'],['None_Used'],1,1,Valid,0.0,0.0,35.0,35.0,['Female'],5,0,5,4,3,Dry,Curve,Level,Lowest,No
14174,18,Indiana,180512,0,1,1,0,2,NOT APPLICABLE,August,4,Friday,22,48,Rural,Low Speed (Local),No,41.686525,-84.97341944,Non-Intersection,Dark - Not Lighted,Clear,10:00pm-10:59pm,50,10:00pm-10:59pm,52,Unknown,Unknown EMS Hospital Arrival Time,1,Dark - Unlighted,Clear,1,1,['Rear_Seat'],['None_Used'],0,0,Invalid,0.0,1.0,40.0,40.0,['Male'],2,0,5,4,2,Dry,Straight,Grade/Hillcrest,Lowest,No