,State_Code,State_Name,Crash_ID,Count_Non_Motorists,Count_Vehicles_Total,Count_Vehicle_Forms,Count_PVH_Involved,Count_Occupants_MV,City_Name,Month_Name,Day_of_Month,Day_of_Week,Crash_Hour,Crash_Minute,Area_Rural_Urban,Road_Functional_Class,On_NHS_Road,Latitude,Longitude,Intersection_Type,Light_Condition,Weather_Condition,Notif_Hour,Notif_Minute,Arrival_Hour,Arrival_Minute,Hospital_Hour,Hospital_Minute,Fatalities_Count,Clean_Light_Condition,Clean_Weather_Condition,Total_Killed,Total_Alive,Fatal_Seats_List,Killed_Restraint_List,Any_Driver_Drinking,Total_Drinking_Drivers,Driver_License_Category,Driver_Max_Prev_Accident_Count,Driver_Max_Prev_Speeding_Count,Max_Driver_Age,Min_Driver_Age,Driver_Sex_List,Total_Exceeding_Limit_Vehicles,Total_Too_Fast_Vehicles,Max_Vehicle_Type_Severity_5,Max_Vehicle_Damage_Rank,Max_Harmful_Event_Severity,Crash_Road_Surface_Condition,Crash_Horizontal_Alignment,Crash_Vertical_Profile,Crash_Impairment_Category,Crash_Vehicle_Defect
14175,18,Indiana,180513,1,1,1,0,1,EVANSVILLE,August,15,Tuesday,5,33,Urban,High Speed (Arterial),No,37.96071389,-87.57108056,Complex/Circle,Dark - Lighted,Clear,Unknown,Unknown,Unknown EMS Scene Arrival Hour,Unknown EMS Scene Arrival Minutes,Not Applicable (Not Transported),Not Applicable (Not Transported),1,Dark - Lighted,Clear,0,1,[],[],0,0,Valid,0.0,0.0,55.0,55.0,['Male'],0,0,3,1,4,Dry,Straight,Level,Lowest,No
14176,18,Indiana,180514,0,2,2,0,2,NOT APPLICABLE,August,18,Friday,8,14,Rural,High Speed (Arterial),Yes,40.74284444,-86.25954167,Non-Intersection,Daylight,Clear,Unknown,Unknown,Unknown EMS Scene Arrival Hour,Unknown EMS Scene Arrival Minutes,Not Applicable (Not Transported),Not Applicable (Not Transported),1,Daylight,Clear,1,1,['Driver'],['Shoulder_Lapbelt'],0,0,Valid,0.0,0.0,20.0,19.0,"['Female', 'Male']",0,0,4,4,5,Dry,Straight,Level,Lowest,No
14177,18,Indiana,180515,0,2,2,0,2,NOT APPLICABLE,August,20,Sunday,20,19,Rural,High Speed (Arterial),Yes,40.99679167,-85.22881667,Non-Intersection,Dusk,Clear,Unknown,Unknown,Unknown EMS Scene Arrival Hour,Unknown EMS Scene Arrival Minutes,Not Applicable (Not Transported),Not Applicable (Not Transported),2,Twilight,Clear,2,0,"['Driver', 'Driver']","['Shoulder_Lapbelt', 'Shoulder_Lapbelt']",1,1,Valid,0.0,0.0,50.0,45.0,"['Male', 'Male']",0,0,2,4,5,Dry,Straight,Level,Lowest,No
14178,18,Indiana,180516,0,2,2,0,4,NOT APPLICABLE,July,21,Friday,15,19,Rural,High Speed (Arterial),Yes,38.73979722,-87.48090556,Simple Junction,Daylight,Clear,3:00pm-3:59pm,28,3:00pm-3:59pm,56,Unknown,Unknown EMS Hospital Arrival Time,1,Daylight,Clear,1,3,['Driver'],['Shoulder_Lapbelt'],0,0,Invalid,0.0,0.0,88.0,16.0,"['Male', 'Male']",3,0,3,4,5,Dry,Straight,Grade/Hillcrest,Lowest,No
14179,18,Indiana,180517,0,2,2,0,2,MADISON,August,5,Saturday,8,35,Rural,High Speed (Arterial),No,38.73800556,-85.446,Non-Intersection,Daylight,Clear,Unknown,Unknown,Unknown EMS Scene Arrival Hour,Unknown EMS Scene Arrival Minutes,Not Applicable (Not Transported),Not Applicable (Not Transported),1,Daylight,Clear,1,1,['Driver'],['None_Used'],0,0,Valid,0.0,0.0,69.0,44.0,"['Male', 'Female']",0,0,4,4,5,Dry,Curve,Grade/Hillcrest,Lowest,No
14180,18,Indiana,180518,0,1,1,0,2,NOT APPLICABLE,August,16,Wednesday,13,58,Rural,Medium Speed (Collector),No,39.31991389,-85.67203333,Non-Intersection,Daylight,Clear,Unknown,Unknown,Unknown EMS Scene Arrival Hour,Unknown EMS Scene Arrival Minutes,Unknown,Unknown EMS Hospital Arrival Time,1,Daylight,Clear,1,1,['Front_Passenger'],['Shoulder_Lapbelt'],0,0,Valid,0.0,0.0,32.0,32.0,['Male'],2,0,3,4,3,Dry,Straight,Grade/Hillcrest,Lowest,No
14181,18,Indiana,180519,0,4,4,0,4,NOT APPLICABLE,August,18,Friday,23,23,Rural,High Speed (Arterial),Yes,39.82013333,-85.85200833,Non-Intersection,Dark - Lighted,"Fog, Smog, Smoke",Unknown,Unknown,Unknown EMS Scene Arrival Hour,Unknown EMS Scene Arrival Minutes,Not Applicable (Not Transported),Not Applicable (Not Transported),1,Dark - Lighted,Reduced Visibility,1,3,['Driver'],['Shoulder_Lapbelt'],0,0,Valid,0.0,0.0,53.0,31.0,"['Male', 'Male', 'Male', 'Male']",1,0,4,4,5,Dry,Straight,Level,Lowest,No
14182,18,Indiana,180520,0,2,2,0,2,EVANSVILLE,August,21,Monday,22,28,Urban,Medium Speed (Collector),No,37.98029167,-87.57512222,Complex/Circle,Dark - Lighted,Clear,10:00pm-10:59pm,36,10:00pm-10:59pm,37,Unknown,Unknown EMS Hospital Arrival Time,1,Dark - Lighted,Clear,1,1,['Driver'],['None_Used'],1,1,Valid,0.0,1.0,44.0,37.0,"['Male', 'Male']",0,0,5,4,5,Dry,Straight,Level,Lowest,No
14183,18,Indiana,180521,0,2,2,0,3,TIPTON,August,19,Saturday,21,50,Urban,Medium Speed (Collector),No,40.26330833,-86.04108611,Non-Intersection,Dark - Not Lighted,Cloudy,Unknown,Unknown,Unknown EMS Scene Arrival Hour,Unknown EMS Scene Arrival Minutes,Unknown,Unknown EMS Hospital Arrival Time,1,Dark - Unlighted,Reduced Visibility,1,2,['Front_Passenger'],['Shoulder_Lapbelt'],0,0,Valid,0.0,0.0,19.0,17.0,"['Male', 'Male']",0,0,2,4,5,Dry,Straight,Level,Lowest,No
14184,18,Indiana,180522,0,2,2,0,2,NOT APPLICABLE,August,22,Tuesday,19,28,Rural,Medium Speed (Collector),No,40.11440278,-86.17402222,Non-Intersection,Daylight,Clear,7:00pm-7:59pm,29,7:00pm-7:59pm,37,Unknown,Unknown EMS Hospital Arrival Time,2,Daylight,Clear,2,0,"['Driver', 'Driver']","['Shoulder_Lapbelt', 'Shoulder_Lapbelt']",0,0,Invalid,0.0,1.0,31.0,26.0,"['Male', 'Male']",0,0,3,4,5,Dry,Straight,Level,Lowest,No
14185,18,Indiana,180523,0,2,2,0,3,NOT APPLICABLE,August,22,Tuesday,6,44,Rural,Medium Speed (Collector),No,40.48944167,-86.27134722,Complex/Circle,Dawn,Clear,Unknown,Unknown,Unknown EMS Scene Arrival Hour,Unknown EMS Scene Arrival Minutes,Unknown,Unknown EMS Hospital Arrival Time,2,Twilight,Clear,2,1,"['Driver', 'Front_Passenger']","['None_Used', 'Shoulder_Lapbelt']",0,0,Valid,0.0,0.0,32.0,20.0,"['Male', 'Male']",0,0,3,4,5,Dry,Straight,Level,Lowest,No
14186,18,Indiana,180524,1,1,1,0,1,FORT WAYNE,August,20,Sunday,2,6,Urban,Medium Speed (Collector),No,41.04979167,-85.209475,Non-Intersection,Dark - Not Lighted,"Fog, Smog, Smoke",Unknown,Unknown,Unknown EMS Scene Arrival Hour,Unknown EMS Scene Arrival Minutes,Unknown,Unknown EMS Hospital Arrival Time,1,Dark - Unlighted,Reduced Visibility,0,1,[],[],0,0,Valid,0.0,0.0,23.0,23.0,['Male'],0,0,2,1,4,Dry,Straight,Level,Lowest,No
14187,18,Indiana,180525,0,1,1,0,1,NOT APPLICABLE,July,31,Monday,6,0,Rural,High Speed (Arterial),Yes,39.65303889,-86.57798056,Non-Intersection,Dark - Not Lighted,Cloudy,Unknown,Unknown,Unknown EMS Scene Arrival Hour,Unknown if Arrived,Not Applicable (Not Transported),Not Applicable (Not Transported),1,Dark - Unlighted,Reduced Visibility,1,0,['Driver'],['Shoulder_Lapbelt'],0,0,Valid,0.0,0.0,17.0,17.0,['Male'],0,0,2,4,3,Dry,Straight,Level,Lowest,No
14188,18,Indiana,180526,0,2,2,0,3,SOUTH BEND,August,18,Friday,9,52,Urban,Medium Speed (Collector),No,41.74495278,-86.26390833,Non-Intersection,Daylight,Clear,Unknown,Unknown,Unknown EMS Scene Arrival Hour,Unknown EMS Scene Arrival Minutes,Unknown,Unknown EMS Hospital Arrival Time,2,Daylight,Clear,2,1,"['Driver', 'Front_Passenger']","['None_Used', 'None_Used']",0,0,Valid,0.0,0.0,29.0,18.0,"['Female', 'Female']",0,0,3,4,5,Dry,Curve,Level,Lowest,No
14189,18,Indiana,180527,1,1,1,0,1,INDIANAPOLIS,August,3,Thursday,19,36,Urban,Low Speed (Local),No,39.80065,-86.17980556,Simple Junction,Daylight,Clear,7:00pm-7:59pm,40,7:00pm-7:59pm,41,Unknown,Unknown EMS Hospital Arrival Time,1,Daylight,Clear,0,1,[],[],0,0,Invalid,0.0,0.0,999.0,999.0,['Other'],0,0,1,1,4,Dry,Straight,Level,Lowest,No
14190,18,Indiana,180528,0,3,3,0,4,NOT APPLICABLE,August,24,Thursday,16,46,Rural,Medium Speed (Collector),No,40.12001389,-85.94571944,Non-Intersection,Daylight,Cloudy,Unknown,Unknown,Unknown EMS Scene Arrival Hour,Unknown EMS Scene Arrival Minutes,Unknown,Unknown EMS Hospital Arrival Time,1,Daylight,Reduced Visibility,1,3,['Driver'],['None_Used'],0,0,Valid,0.0,0.0,50.0,18.0,"['Male', 'Male', 'Male']",2,0,3,4,5,Dry,Straight,Level,Lowest,No
14191,18,Indiana,180529,0,1,1,0,1,INDIANAPOLIS,August,21,Monday,18,55,Rural,High Speed (Arterial),No,39.69483333,-86.14893333,Simple Junction,Daylight,Clear,Unknown,Unknown,Unknown EMS Scene Arrival Hour,Unknown EMS Scene Arrival Minutes,Not Applicable (Not Transported),Not Applicable (Not Transported),1,Daylight,Clear,1,0,['Driver'],['None_Used'],0,0,Valid,0.0,2.0,31.0,31.0,['Male'],0,0,5,4,3,Dry,Straight,Level,Lowest,No
14192,18,Indiana,180530,1,1,1,0,1,ANDERSON,August,23,Wednesday,12,35,Urban,Medium Speed (Collector),No,40.09728056,-85.69196389,Complex/Circle,Daylight,Clear,Unknown,Unknown,Unknown EMS Scene Arrival Hour,Unknown EMS Scene Arrival Minutes,Not Applicable (Not Transported),Not Applicable (Not Transported),1,Daylight,Clear,0,1,[],[],0,0,Valid,0.0,0.0,37.0,37.0,['Male'],0,0,1,1,4,Dry,Straight,Level,Lowest,No
14193,18,Indiana,180531,0,1,1,0,1,NOT APPLICABLE,August,25,Friday,1,48,Rural,Medium Speed (Collector),No,40.99092778,-85.02808056,Non-Intersection,Dark - Not Lighted,Clear,Unknown,Unknown,Unknown EMS Scene Arrival Hour,Unknown EMS Scene Arrival Minutes,Not Applicable (Not Transported),Not Applicable (Not Transported),1,Dark - Unlighted,Clear,1,0,['Driver'],['Shoulder_Lapbelt'],1,1,Valid,0.0,0.0,41.0,41.0,['Male'],1,0,2,4,3,Dry,Curve,Level,Lowest,No
14194,18,Indiana,180532,0,1,1,0,2,NOT APPLICABLE,August,24,Thursday,14,20,Rural,Low Speed (Local),No,39.72508889,-86.97320833,Non-Intersection,Daylight,Clear,Unknown,Unknown,Unknown EMS Scene Arrival Hour,Unknown EMS Scene Arrival Minutes,Unknown,Unknown EMS Hospital Arrival Time,1,Daylight,Clear,1,1,['Driver'],['Shoulder_Lapbelt'],0,0,Invalid,0.0,0.0,72.0,72.0,['Female'],2,0,3,4,3,Dry,Curve,Grade/Hillcrest,Lowest,No
14195,18,Indiana,180533,0,1,1,0,2,NOT APPLICABLE,August,26,Saturday,19,52,Urban,Medium Speed (Collector),No,39.34686111,-87.38021111,Non-Intersection,Daylight,Clear,7:00pm-7:59pm,56,8:00pm-8:59pm,2,Unknown,Unknown EMS Hospital Arrival Time,1,Daylight,Clear,1,1,['Front_Passenger'],['Shoulder_Lapbelt'],1,1,Invalid,0.0,0.0,47.0,47.0,['Male'],2,0,2,4,3,Dry,Straight,Grade/Hillcrest,Lowest,No
14196,18,Indiana,180534,1,1,1,0,1,NOT APPLICABLE,August,24,Thursday,17,55,Rural,Medium Speed (Collector),No,40.54092778,-84.96954167,Non-Intersection,Daylight,Clear,6:00pm-6:59pm,5,6:00pm-6:59pm,20,Unknown,Unknown EMS Hospital Arrival Time,1,Daylight,Clear,0,1,[],[],0,0,Valid,0.0,0.0,74.0,74.0,['Female'],0,0,3,4,1,Dry,Straight,Level,Lowest,No
14197,18,Indiana,180535,0,2,2,0,3,NOT APPLICABLE,August,19,Saturday,19,58,Rural,High Speed (Arterial),Yes,41.67182778,-86.35105,Complex/Circle,Dark - Not Lighted,Clear,8:00pm-8:59pm,2,8:00pm-8:59pm,6,Unknown,Unknown EMS Hospital Arrival Time,1,Dark - Unlighted,Clear,1,2,['Driver'],['None_Used'],0,0,Valid,0.0,0.0,73.0,67.0,"['Male', 'Male']",0,0,3,4,5,Dry,Straight,Level,Lowest,No
14198,18,Indiana,180536,0,3,3,0,3,INDIANAPOLIS,August,26,Saturday,13,30,Urban,High Speed (Arterial),No,39.92696111,-86.04142778,Non-Intersection,Daylight,Clear,1:00pm-1:59pm,36,1:00pm-1:59pm,43,Unknown,Unknown EMS Hospital Arrival Time,1,Daylight,Clear,1,2,['Driver'],['None_Used'],0,0,Valid,0.0,1.0,67.0,21.0,"['Male', 'Female', 'Female']",0,0,5,4,5,Dry,Straight,Level,Lowest,No
14199,18,Indiana,180537,0,3,3,0,3,NOT APPLICABLE,August,29,Tuesday,15,40,Rural,Medium Speed (Collector),No,38.46724167,-85.61558333,Non-Intersection,Daylight,Clear,Unknown,Unknown,Unknown EMS Scene Arrival Hour,Unknown EMS Scene Arrival Minutes,Unknown,Unknown EMS Hospital Arrival Time,1,Daylight,Clear,1,2,['Driver'],['Shoulder_Lapbelt'],0,0,Valid,0.0,0.0,71.0,39.0,"['Male', 'Female', 'Female']",0,0,3,4,5,Dry,Straight,Grade/Hillcrest,Lowest,No
14200,18,Indiana,180538,0,2,2,0,2,NOT APPLICABLE,August,28,Monday,5,40,Rural,Medium Speed (Collector),No,40.86565833,-87.34016944,Non-Intersection,Dark - Not Lighted,Clear,Unknown,Unknown,Unknown EMS Scene Arrival Hour,Unknown EMS Scene Arrival Minutes,Not Applicable (Not Transported),Not Applicable (Not Transported),1,Dark - Unlighted,Clear,1,1,['Driver'],['None_Used'],0,0,Valid,0.0,0.0,63.0,61.0,"['Female', 'Male']",0,0,5,4,5,Dry,Straight,Level,Lowest,Yes
14201,18,Indiana,180539,0,2,2,0,4,NOT APPLICABLE,August,12,Saturday,15,28,Rural,Medium Speed (Collector),No,38.418675,-87.00775278,Simple Junction,Daylight,Clear,Unknown,Unknown,Unknown EMS Scene Arrival Hour,Unknown EMS Scene Arrival Minutes,Unknown,Unknown EMS Hospital Arrival Time,1,Daylight,Clear,1,3,['Rear_Seat'],['Shoulder_Lapbelt'],0,0,Valid,0.0,0.0,60.0,19.0,"['Female', 'Female']",3,0,3,4,5,Dry,Straight,Level,Lowest,No
14202,18,Indiana,180540,0,1,1,0,1,NOT APPLICABLE,August,25,Friday,6,35,Rural,Medium Speed (Collector),No,41.09683056,-85.61652778,Simple Junction,Dark - Not Lighted,Clear,Unknown,Unknown,Unknown EMS Scene Arrival Hour,Unknown EMS Scene Arrival Minutes,Not Applicable (Not Transported),Not Applicable (Not Transported),1,Dark - Unlighted,Clear,1,0,['Driver'],['None_Used'],1,1,Valid,0.0,3.0,41.0,41.0,['Male'],0,0,5,4,3,Dry,Curve,Grade/Hillcrest,Lowest,No
14203,18,Indiana,180541,1,1,1,0,1,INDIANAPOLIS,July,31,Monday,14,18,Urban,Medium Speed (Collector),No,39.78138056,-86.10954167,Complex/Circle,Daylight,Clear,2:00pm-2:59pm,22,2:00pm-2:59pm,31,Unknown,Unknown EMS Hospital Arrival Time,1,Daylight,Clear,0,1,[],[],0,0,Valid,0.0,0.0,28.0,28.0,['Male'],0,0,2,4,4,Dry,Straight,Level,Lowest,No
14204,18,Indiana,180542,0,1,1,0,1,NOT APPLICABLE,August,12,Saturday,22,45,Rural,Medium Speed (Collector),No,39.71969722,-85.57681944,Non-Intersection,Dark - Not Lighted,"Fog, Smog, Smoke",Unknown,Unknown,Unknown EMS Scene Arrival Hour,Unknown EMS Scene Arrival Minutes,Unknown,Unknown EMS Hospital Arrival Time,1,Dark - Unlighted,Reduced Visibility,1,0,['Driver'],['None_Used'],0,0,Invalid,0.0,0.0,50.0,50.0,['Male'],0,0,5,4,3,Dry,Curve,Grade/Hillcrest,Lowest,No
14205,18,Indiana,180543,2,2,1,1,1,Not Reported,August,27,Sunday,4,22,Urban,High Speed (Arterial),Yes,39.54233333,-86.03609722,Non-Intersection,Dark - Not Lighted,Clear,Unknown,Unknown,Unknown EMS Scene Arrival Hour,Unknown EMS Scene Arrival Minutes,Not Applicable (Not Transported),Not Applicable (Not Transported),1,Dark - Unlighted,Clear,1,0,['Driver'],['Shoulder_Lapbelt'],1,1,Invalid,0.0,1.0,23.0,23.0,['Female'],0,0,2,4,5,Dry,Straight,Level,Lowest,No
14206,18,Indiana,180544,0,3,2,1,2,WEST LAFAYETTE,August,25,Friday,16,16,Urban,Medium Speed (Collector),No,40.432875,-86.90378333,Non-Intersection,Daylight,Clear,Unknown,Unknown,Unknown EMS Scene Arrival Hour,Unknown EMS Scene Arrival Minutes,Not Applicable (Not Transported),Not Applicable (Not Transported),1,Daylight,Clear,1,1,['Driver'],['Shoulder_Lapbelt'],0,0,Valid,0.0,1.0,28.0,24.0,"['Female', 'Male']",0,0,4,4,5,Dry,Straight,Level,Lowest,No
14207,18,Indiana,180545,0,1,1,0,1,NOT APPLICABLE,September,1,Friday,11,39,Rural,Medium Speed (Collector),No,41.15191389,-84.87435278,Non-Intersection,Daylight,Clear,Unknown,Unknown,Unknown EMS Scene Arrival Hour,Unknown EMS Scene Arrival Minutes,Not Applicable (Not Transported),Not Applicable (Not Transported),1,Daylight,Clear,1,0,['Driver'],['None_Used'],0,0,Valid,0.0,1.0,71.0,71.0,['Male'],0,0,1,4,2,Dry,Curve,Level,Lowest,No
14208,18,Indiana,180546,1,1,1,0,1,ELKHART,September,1,Friday,23,10,Urban,Low Speed (Local),No,41.70245278,-85.93953611,Non-Intersection,Dark - Lighted,Clear,11:00pm-11:59pm,20,11:00pm-11:59pm,27,Unknown,Unknown EMS Hospital Arrival Time,1,Dark - Lighted,Clear,0,1,[],[],0,0,Invalid,0.0,0.0,998.0,998.0,['Other'],0,0,1,1,4,Dry,Straight,Level,Lowest,No
14209,18,Indiana,180547,0,2,2,0,3,CLARKSVILLE,July,6,Thursday,17,24,Urban,High Speed (Arterial),Yes,38.33148889,-85.753925,Non-Intersection,Daylight,Cloudy,Unknown,Unknown,Unknown EMS Scene Arrival Hour,Unknown EMS Scene Arrival Minutes,Unknown,Unknown EMS Hospital Arrival Time,1,Daylight,Reduced Visibility,1,2,['Front_Passenger'],['Shoulder_Lapbelt'],0,0,Valid,1.0,1.0,42.0,20.0,"['Male', 'Male']",2,0,4,4,5,Dry,Straight,Level,Lowest,No
14210,18,Indiana,180548,0,2,2,0,4,NOT APPLICABLE,August,18,Friday,11,35,Rural,High Speed (Arterial),Yes,38.93668611,-85.84221667,Non-Intersection,Daylight,Clear,Unknown,Unknown,Unknown EMS Scene Arrival Hour,Unknown EMS Scene Arrival Minutes,Unknown,Unknown EMS Hospital Arrival Time,1,Daylight,Clear,1,3,['Rear_Seat'],['None_Used'],0,0,Valid,0.0,2.0,31.0,22.0,"['Male', 'Male']",4,0,3,4,5,Dry,Straight,Level,Lowest,No
14211,18,Indiana,180549,0,1,1,0,1,MICHIGAN CITY,July,26,Wednesday,21,58,Urban,Medium Speed (Collector),No,41.70025,-86.92248611,Non-Intersection,Dark - Lighted,Clear,Unknown,Unknown,Unknown EMS Scene Arrival Hour,Unknown EMS Scene Arrival Minutes,Not Applicable (Not Transported),Not Applicable (Not Transported),1,Dark - Lighted,Clear,1,0,['Driver'],['None_Used'],0,0,Invalid,0.0,0.0,40.0,40.0,['Male'],1,0,5,4,3,Dry,Curve,Level,Lowest,No
14212,18,Indiana,180550,1,1,1,0,1,HAMMOND,September,2,Saturday,22,20,Urban,Medium Speed (Collector),No,41.59569444,-87.47487778,Non-Intersection,Dark - Not Lighted,Clear,Unknown,Unknown,Unknown EMS Scene Arrival Hour,Unknown EMS Scene Arrival Minutes,Not Applicable (Not Transported),Not Applicable (Not Transported),1,Dark - Unlighted,Clear,0,1,[],[],0,0,Invalid,0.0,0.0,39.0,39.0,['Male'],0,0,2,1,4,Dry,Straight,Grade/Hillcrest,Lowest,No
14213,18,Indiana,180551,1,1,1,0,1,NEW ALBANY,August,11,Friday,5,37,Urban,Medium Speed (Collector),No,38.29620278,-85.83642222,Non-Intersection,Dark - Not Lighted,Clear,Unknown,Unknown,Unknown EMS Scene Arrival Hour,Unknown EMS Scene Arrival Minutes,Not Applicable (Not Transported),Not Applicable (Not Transported),1,Dark - Unlighted,Clear,0,1,[],[],0,0,Valid,0.0,0.0,18.0,18.0,['Female'],0,0,3,1,4,Dry,Straight,Level,Lowest,No
14214,18,Indiana,180552,0,1,1,0,1,VINCENNES,August,19,Saturday,22,55,Urban,Medium Speed (Collector),No,38.67401389,-87.514075,Simple Junction,Dark - Lighted,Clear,Unknown,Unknown,Unknown EMS Scene Arrival Hour,Unknown EMS Scene Arrival Minutes,Not Applicable (Not Transported),Not Applicable (Not Transported),1,Dark - Lighted,Clear,1,0,['Driver'],['None_Used'],1,1,Invalid,0.0,0.0,37.0,37.0,['Male'],1,0,3,4,3,Dry,Straight,Level,Lowest,No
14215,18,Indiana,180553,4,1,1,0,1,HAMMOND,August,15,Tuesday,10,30,Urban,High Speed (Arterial),Yes,41.57499167,-87.51818333,Non-Intersection,Daylight,Clear,Unknown,Unknown,Unknown EMS Scene Arrival Hour,Unknown EMS Scene Arrival Minutes,Unknown,Unknown EMS Hospital Arrival Time,1,Daylight,Clear,0,1,[],[],0,0,Valid,0.0,0.0,25.0,25.0,['Male'],0,0,4,4,4,Dry,Straight,Grade/Hillcrest,Lowest,Yes
14216,18,Indiana,180554,0,2,2,0,2,NOT APPLICABLE,September,2,Saturday,13,42,Rural,Medium Speed (Collector),No,41.31848333,-87.05479444,Complex/Circle,Daylight,Clear,Unknown,Unknown,Unknown EMS Scene Arrival Hour,Unknown EMS Scene Arrival Minutes,Not Applicable (Not Transported),Not Applicable (Not Transported),1,Daylight,Clear,1,1,['Driver'],['None_Used'],0,0,Valid,0.0,0.0,62.0,29.0,"['Male', 'Male']",0,0,5,4,5,Dry,Straight,Level,Lowest,No
14217,18,Indiana,180555,0,1,1,0,1,LOGANSPORT,August,4,Friday,21,55,Rural,Medium Speed (Collector),No,40.77762778,-86.45005556,Non-Intersection,Dark - Not Lighted,Clear,Unknown,Unknown,Unknown EMS Scene Arrival Hour,Unknown EMS Scene Arrival Minutes,Not Applicable (Not Transported),Not Applicable (Not Transported),1,Dark - Unlighted,Clear,1,0,['Driver'],['None_Used'],0,0,Valid,0.0,0.0,35.0,35.0,['Male'],0,0,5,1,3,Dry,Straight,Level,Lowest,No
14218,18,Indiana,180556,0,2,2,0,3,NOT APPLICABLE,September,4,Monday,19,44,Rural,High Speed (Arterial),Yes,38.14129722,-87.47302778,Non-Intersection,Dark - Not Lighted,Clear,Unknown,Unknown,Unknown EMS Scene Arrival Hour,Unknown EMS Scene Arrival Minutes,Unknown,Unknown EMS Hospital Arrival Time,1,Dark - Unlighted,Clear,1,2,['Driver'],['Shoulder_Lapbelt'],1,1,Valid,0.0,4.0,54.0,29.0,"['Female', 'Female']",1,0,2,4,5,Dry,Straight,Level,Lowest,No
14219,18,Indiana,180559,0,2,2,0,2,NOT APPLICABLE,August,31,Thursday,10,35,Rural,High Speed (Arterial),No,41.28928056,-87.19946667,Complex/Circle,Daylight,Clear,10:00am-10:59am,37,10:00am-10:59am,45,Unknown,Unknown EMS Hospital Arrival Time,1,Daylight,Clear,1,1,['Driver'],['Shoulder_Lapbelt'],0,0,Valid,0.0,0.0,82.0,55.0,"['Male', 'Male']",0,0,4,4,5,Dry,Straight,Level,Lowest,No
14220,18,Indiana,180560,0,1,1,0,1,NOT APPLICABLE,September,4,Monday,15,47,Rural,Medium Speed (Collector),No,39.09375278,-86.20885556,Non-Intersection,Daylight,Clear,3:00pm-3:59pm,56,4:00pm-4:59pm,24,Unknown,Unknown EMS Hospital Arrival Time,1,Daylight,Clear,1,0,['Driver'],['None_Used'],0,0,Valid,0.0,0.0,77.0,77.0,['Male'],0,0,5,4,3,Dry,Curve,Grade/Hillcrest,Lowest,No
14221,18,Indiana,180561,0,1,1,0,1,NOT APPLICABLE,September,1,Friday,0,40,Rural,High Speed (Arterial),Yes,41.25529167,-85.35505833,Non-Intersection,Dark - Not Lighted,Clear,Unknown,Unknown,Unknown EMS Scene Arrival Hour,Unknown EMS Scene Arrival Minutes,Not Applicable (Not Transported),Not Applicable (Not Transported),1,Dark - Unlighted,Clear,1,0,['Driver'],['None_Used'],1,1,Valid,0.0,1.0,36.0,36.0,['Male'],1,0,3,4,3,Dry,Curve,Level,Lowest,No
14222,18,Indiana,180562,0,2,2,0,2,INDIANAPOLIS,August,30,Wednesday,12,8,Urban,Low Speed (Local),No,39.76121944,-86.07021944,Complex/Circle,Daylight,Clear,Unknown,Unknown,Unknown EMS Scene Arrival Hour,Unknown EMS Scene Arrival Minutes,Not Applicable (Not Transported),Not Applicable (Not Transported),1,Daylight,Clear,1,1,['Driver'],['None_Used'],0,0,Valid,0.0,1.0,34.0,29.0,"['Female', 'Female']",1,0,3,4,5,Dry,Straight,Level,Lowest,No
14223,18,Indiana,180563,0,1,1,0,1,NOT APPLICABLE,September,6,Wednesday,23,39,Rural,Low Speed (Local),No,38.01928611,-87.36793611,Non-Intersection,Dark - Not Lighted,Clear,Unknown,Unknown,Unknown EMS Scene Arrival Hour,Unknown EMS Scene Arrival Minutes,Not Applicable (Not Transported),Not Applicable (Not Transported),1,Dark - Unlighted,Clear,1,0,['Driver'],['None_Used'],1,1,Valid,0.0,0.0,25.0,25.0,['Male'],1,0,3,4,3,Dry,Straight,Level,Lowest,No
14224,18,Indiana,180564,0,2,2,0,2,INDIANAPOLIS,September,2,Saturday,22,45,Urban,Medium Speed (Collector),No,39.73380833,-86.25029167,Complex/Circle,Dark - Lighted,Clear,Unknown,Unknown,Unknown EMS Scene Arrival Hour,Unknown EMS Scene Arrival Minutes,Not Applicable (Not Transported),Not Applicable (Not Transported),1,Dark - Lighted,Clear,1,1,['Driver'],['None_Used'],0,0,Invalid,0.0,0.0,44.0,39.0,"['Female', 'Male']",0,0,5,1,5,Dry,Straight,Level,Lowest,No
14225,18,Indiana,180565,0,2,2,0,3,NOT APPLICABLE,September,7,Thursday,9,50,Rural,Medium Speed (Collector),No,41.07158333,-84.96227222,Complex/Circle,Daylight,Cloudy,9:00am-9:59am,53,9:00am-9:59am,56,Unknown,Unknown EMS Hospital Arrival Time,1,Daylight,Reduced Visibility,1,2,['Front_Passenger'],['Shoulder_Lapbelt'],0,0,Valid,1.0,0.0,53.0,46.0,"['Male', 'Female']",1,0,4,4,5,Dry,Straight,Level,Lowest,No