,State_Code,State_Name,Crash_ID,Count_Non_Motorists,Count_Vehicles_Total,Count_Vehicle_Forms,Count_PVH_Involved,Count_Occupants_MV,City_Name,Month_Name,Day_of_Month,Day_of_Week,Crash_Hour,Crash_Minute,Area_Rural_Urban,Road_Functional_Class,On_NHS_Road,Latitude,Longitude,Intersection_Type,Light_Condition,Weather_Condition,Notif_Hour,Notif_Minute,Arrival_Hour,Arrival_Minute,Hospital_Hour,Hospital_Minute,Fatalities_Count,Clean_Light_Condition,Clean_Weather_Condition,Total_Killed,Total_Alive,Fatal_Seats_List,Killed_Restraint_List,Any_Driver_Drinking,Total_Drinking_Drivers,Driver_License_Category,Driver_Max_Prev_Accident_Count,Driver_Max_Prev_Speeding_Count,Max_Driver_Age,Min_Driver_Age,Driver_Sex_List,Total_Exceeding_Limit_Vehicles,Total_Too_Fast_Vehicles,Max_Vehicle_Type_Severity_5,Max_Vehicle_Damage_Rank,Max_Harmful_Event_Severity,Crash_Road_Surface_Condition,Crash_Horizontal_Alignment,Crash_Vertical_Profile,Crash_Impairment_Category,Crash_Vehicle_Defect
14226,18,Indiana,180566,1,1,1,0,1,INDIANAPOLIS,September,2,Saturday,22,55,Urban,Medium Speed (Collector),No,39.8062,-86.21105556,Complex/Circle,Dark - Not Lighted,Clear,Unknown,Unknown,Unknown EMS Scene Arrival Hour,Unknown EMS Scene Arrival Minutes,Not Applicable (Not Transported),Not Applicable (Not Transported),1,Dark - Unlighted,Clear,0,1,[],[],0,0,Valid,0.0,0.0,26.0,26.0,['Male'],0,0,3,4,4,Dry,Straight,Level,Lowest,No
14227,18,Indiana,180567,1,1,1,0,1,INDIANAPOLIS,August,30,Wednesday,4,5,Urban,High Speed (Arterial),No,39.76882222,-86.11031944,Non-Intersection,Dark - Lighted,Cloudy,4:00am-4:59am,10,4:00am-4:59am,12,Not Applicable (Not Transported),Not Applicable (Not Transported),1,Dark - Lighted,Reduced Visibility,0,1,[],[],0,0,Invalid,0.0,0.0,998.0,998.0,['Other'],0,0,1,1,4,Dry,Straight,Level,Lowest,No
14228,18,Indiana,180568,0,1,1,0,1,NOT APPLICABLE,September,9,Saturday,8,10,Rural,Low Speed (Local),No,40.18230278,-84.90050556,Non-Intersection,Daylight,Cloudy,Unknown,Unknown,Unknown EMS Scene Arrival Hour,Unknown EMS Scene Arrival Minutes,Unknown,Unknown EMS Hospital Arrival Time,1,Daylight,Reduced Visibility,1,0,['Driver'],['Shoulder_Only'],0,0,Valid,0.0,0.0,26.0,26.0,['Male'],0,0,3,4,4,Dry,Straight,Grade/Hillcrest,Lowest,No
14229,18,Indiana,180569,0,2,2,0,2,REYNOLDS,July,23,Sunday,17,14,Urban,High Speed (Arterial),Yes,40.74930278,-86.87505,Complex/Circle,Daylight,Clear,Unknown,Unknown,Unknown EMS Scene Arrival Hour,Unknown EMS Scene Arrival Minutes,Unknown,Unknown EMS Hospital Arrival Time,1,Daylight,Clear,1,1,['Driver'],['None_Used'],0,0,Valid,0.0,0.0,79.0,18.0,"['Male', 'Male']",0,0,3,4,5,Dry,Straight,Level,Lowest,No
14230,18,Indiana,180570,0,1,1,0,1,NOT APPLICABLE,September,3,Sunday,3,2,Rural,Low Speed (Local),No,39.09005833,-87.17104722,Non-Intersection,Dark - Not Lighted,Clear,Unknown,Unknown,Unknown EMS Scene Arrival Hour,Unknown EMS Scene Arrival Minutes,Not Applicable (Not Transported),Not Applicable (Not Transported),1,Dark - Unlighted,Clear,1,0,['Driver'],['None_Used'],1,1,Valid,0.0,0.0,41.0,41.0,['Male'],0,0,3,4,3,Dry,Curve,Grade/Hillcrest,Lowest,No
14231,18,Indiana,180571,0,2,2,0,2,INDIANAPOLIS,September,6,Wednesday,12,3,Urban,Medium Speed (Collector),No,39.88190278,-86.24776389,Non-Intersection,Daylight,Clear,Unknown,Unknown,Unknown EMS Scene Arrival Hour,Unknown EMS Scene Arrival Minutes,Unknown,Unknown EMS Hospital Arrival Time,1,Daylight,Clear,1,1,['Driver'],['Shoulder_Lapbelt'],0,0,Valid,0.0,0.0,30.0,24.0,"['Male', 'Male']",1,0,4,4,5,Dry,Straight,Level,Lowest,No
14232,18,Indiana,180572,1,1,1,0,1,NOT APPLICABLE,August,29,Tuesday,3,32,Urban,Medium Speed (Collector),No,39.86953333,-84.92964167,Non-Intersection,Dark - Lighted,Clear,Unknown,Unknown,Unknown EMS Scene Arrival Hour,Unknown EMS Scene Arrival Minutes,Not Applicable (Not Transported),Not Applicable (Not Transported),1,Dark - Lighted,Clear,0,1,[],[],0,0,Valid,0.0,1.0,55.0,55.0,['Male'],0,0,2,4,4,Dry,Straight,Level,Lowest,No
14233,18,Indiana,180573,0,2,2,0,3,NOT APPLICABLE,September,10,Sunday,17,43,Rural,Medium Speed (Collector),No,40.52561389,-86.09198889,Non-Intersection,Daylight,Clear,5:00pm-5:59pm,43,6:00pm-6:59pm,11,Unknown,Unknown EMS Hospital Arrival Time,2,Daylight,Clear,2,1,"['Driver', 'Front_Passenger']","['None_Used', 'Shoulder_Lapbelt']",0,0,Valid,0.0,0.0,83.0,20.0,"['Male', 'Male']",0,0,5,4,5,Dry,Straight,Level,Lowest,No
14234,18,Indiana,180574,0,1,1,0,1,NOT APPLICABLE,September,10,Sunday,10,39,Rural,High Speed (Arterial),Yes,39.07205278,-86.62835833,Non-Intersection,Daylight,Clear,10:00am-10:59am,45,10:00am-10:59am,55,Unknown,Unknown EMS Hospital Arrival Time,1,Daylight,Clear,1,0,['Driver'],['Shoulder_Lapbelt'],0,0,Valid,0.0,0.0,63.0,63.0,['Male'],0,0,3,4,3,Dry,Straight,Level,Lowest,No
14235,18,Indiana,180575,0,1,1,0,1,NOT APPLICABLE,September,8,Friday,19,55,Rural,Low Speed (Local),No,39.56728056,-85.24040278,Non-Intersection,Dark - Not Lighted,Clear,Unknown,Unknown,Unknown EMS Scene Arrival Hour,Unknown EMS Scene Arrival Minutes,Not Applicable (Not Transported),Not Applicable (Not Transported),1,Dark - Unlighted,Clear,1,0,['Driver'],['None_Used'],1,1,Valid,0.0,1.0,45.0,45.0,['Male'],1,0,5,4,3,Dry,Curve,Grade/Hillcrest,Lowest,No
14236,18,Indiana,180577,0,2,2,0,2,INDIANAPOLIS,September,11,Monday,7,47,Urban,High Speed (Arterial),Yes,39.75491111,-86.20976667,Non-Intersection,Dawn,Clear,Unknown,Unknown,Unknown EMS Scene Arrival Hour,Unknown EMS Scene Arrival Minutes,Not Applicable (Not Transported),Not Applicable (Not Transported),1,Twilight,Clear,1,1,['Driver'],['Shoulder_Lapbelt'],0,0,Invalid,0.0,0.0,68.0,39.0,"['Male', 'Female']",0,0,3,4,5,Dry,Straight,Grade/Hillcrest,Lowest,Yes
14237,18,Indiana,180578,0,2,2,0,3,NOT APPLICABLE,September,10,Sunday,20,10,Rural,High Speed (Arterial),Yes,41.316725,-86.27570833,Non-Intersection,Dusk,Clear,8:00pm-8:59pm,25,8:00pm-8:59pm,47,Unknown,Unknown EMS Hospital Arrival Time,1,Twilight,Clear,1,2,['Front_Passenger'],['Shoulder_Lapbelt'],1,1,Invalid,0.0,0.0,45.0,24.0,"['Male', 'Male']",0,0,3,4,5,Dry,Straight,Level,Lowest,No
14238,18,Indiana,180579,0,1,1,0,1,NOT APPLICABLE,September,12,Tuesday,15,59,Rural,Low Speed (Local),No,41.61076389,-86.65034722,Non-Intersection,Daylight,Cloudy,Unknown,Unknown,Unknown EMS Scene Arrival Hour,Unknown EMS Scene Arrival Minutes,Not Applicable (Not Transported),Not Applicable (Not Transported),1,Daylight,Reduced Visibility,1,0,['Driver'],['Shoulder_Lapbelt'],0,0,Valid,0.0,0.0,62.0,62.0,['Male'],0,0,2,4,3,Dry,Straight,Level,Lowest,No
14239,18,Indiana,180580,0,2,2,0,3,INDIANAPOLIS,September,13,Wednesday,6,29,Urban,High Speed (Arterial),No,39.77394167,-86.00928889,Complex/Circle,Dark - Lighted,"Fog, Smog, Smoke",6:00am-6:59am,29,6:00am-6:59am,35,Unknown,Unknown EMS Hospital Arrival Time,1,Dark - Lighted,Reduced Visibility,1,2,['Driver'],['None_Used'],0,0,Invalid,2.0,0.0,30.0,28.0,"['Female', 'Male']",0,0,5,4,5,Dry,Straight,Level,Lowest,No
14240,18,Indiana,180581,0,5,5,0,5,NOT APPLICABLE,August,30,Wednesday,13,42,Rural,High Speed (Arterial),Yes,40.45464444,-85.54942222,Non-Intersection,Daylight,Clear,Unknown,Unknown,Unknown EMS Scene Arrival Hour,Unknown EMS Scene Arrival Minutes,Not Applicable (Not Transported),Not Applicable (Not Transported),1,Daylight,Clear,1,4,['Driver'],['Shoulder_Lapbelt'],0,0,Invalid,0.0,0.0,68.0,31.0,"['Male', 'Male', 'Male', 'Male', 'Male']",0,0,4,4,5,Dry,Straight,Grade/Hillcrest,Lowest,No
14241,18,Indiana,180582,0,1,1,0,1,NOT APPLICABLE,September,13,Wednesday,14,47,Rural,Medium Speed (Collector),No,39.54099167,-86.05913889,Non-Intersection,Daylight,Clear,Unknown,Unknown,Unknown EMS Scene Arrival Hour,Unknown EMS Scene Arrival Minutes,Not Applicable (Not Transported),Not Applicable (Not Transported),1,Daylight,Clear,1,0,['Driver'],['Lapbelt_Only'],0,0,Valid,0.0,0.0,64.0,64.0,['Male'],0,0,3,4,3,Dry,Straight,Level,Lowest,No
14242,18,Indiana,180583,0,2,2,0,2,NOT APPLICABLE,August,17,Thursday,18,20,Rural,Medium Speed (Collector),No,41.14060833,-85.63500278,Non-Intersection,Daylight,Rain,Unknown,Unknown,Unknown EMS Scene Arrival Hour,Unknown EMS Scene Arrival Minutes,Not Applicable (Not Transported),Not Applicable (Not Transported),1,Daylight,Rain/Wind/Minor,1,1,['Driver'],['Shoulder_Lapbelt'],1,1,Valid,0.0,0.0,23.0,22.0,"['Male', 'Male']",0,0,3,4,5,Wet/Standing Water,Curve,Grade/Hillcrest,Lowest,No
14243,18,Indiana,180584,0,3,3,0,4,NOT APPLICABLE,September,14,Thursday,13,34,Rural,High Speed (Arterial),Yes,41.09584722,-84.97470556,Non-Intersection,Daylight,Clear,Unknown,Unknown,Unknown EMS Scene Arrival Hour,Unknown EMS Scene Arrival Minutes,Unknown,Unknown EMS Hospital Arrival Time,2,Daylight,Clear,2,2,"['Driver', 'Front_Passenger']","['Shoulder_Lapbelt', 'Shoulder_Lapbelt']",0,0,Valid,1.0,0.0,60.0,21.0,"['Female', 'Male', 'Male']",0,0,4,4,5,Dry,Straight,Level,Lowest,No
14244,18,Indiana,180585,1,1,1,0,1,HUNTERTOWN,September,16,Saturday,5,40,Urban,Medium Speed (Collector),No,41.20291111,-85.21008611,Non-Intersection,Dark - Not Lighted,Cloudy,Unknown,Unknown,Unknown EMS Scene Arrival Hour,Unknown EMS Scene Arrival Minutes,Not Applicable (Not Transported),Not Applicable (Not Transported),1,Dark - Unlighted,Reduced Visibility,0,0,[],[],0,0,Invalid,0.0,0.0,999.0,999.0,['Other'],0,0,3,1,4,Dry,Straight,Grade/Hillcrest,Lowest,No
14245,18,Indiana,180586,0,1,1,0,2,NOT APPLICABLE,September,18,Monday,18,12,Rural,Low Speed (Local),No,40.98583056,-84.95968611,Non-Intersection,Daylight,Clear,8:00am-8:59am,10,8:00am-8:59am,21,Unknown,Unknown EMS Hospital Arrival Time,1,Daylight,Clear,1,1,['Driver'],['Shoulder_Lapbelt'],1,1,Valid,0.0,0.0,17.0,17.0,['Male'],2,0,3,4,3,Loose/Unpaved,Straight,Level,Lowest,No
14246,18,Indiana,180587,1,1,1,0,1,INDIANAPOLIS,September,14,Thursday,21,50,Urban,Low Speed (Local),No,39.78059167,-86.21311389,Complex/Circle,Dark - Not Lighted,Clear,9:00pm-9:59pm,50,9:00pm-9:59pm,54,Unknown,Unknown EMS Hospital Arrival Time,1,Dark - Unlighted,Clear,0,1,[],[],0,0,Valid,0.0,0.0,64.0,64.0,['Male'],0,0,4,1,4,Dry,Straight,Level,Lowest,No
14247,18,Indiana,180588,0,1,1,0,1,NOT APPLICABLE,September,18,Monday,13,35,Rural,Low Speed (Local),No,40.36824167,-84.90083333,Non-Intersection,Daylight,Clear,Unknown,Unknown,Unknown EMS Scene Arrival Hour,Unknown EMS Scene Arrival Minutes,Not Applicable (Not Transported),Not Applicable (Not Transported),1,Daylight,Clear,1,0,['Driver'],['None_Used'],1,1,Valid,0.0,0.0,61.0,61.0,['Male'],0,0,3,4,3,Dry,Straight,Level,Medium,No
14248,18,Indiana,180589,0,1,1,0,1,NOT APPLICABLE,September,15,Friday,18,54,Rural,Low Speed (Local),No,40.88035833,-86.63914444,Non-Intersection,Daylight,Clear,6:00pm-6:59pm,57,7:00pm-7:59pm,11,Unknown,Unknown EMS Hospital Arrival Time,1,Daylight,Clear,1,0,['Driver'],['Shoulder_Lapbelt'],0,0,Valid,0.0,0.0,19.0,19.0,['Male'],1,0,3,4,3,Dry,Straight,Level,Lowest,No
14249,18,Indiana,180590,0,2,2,0,2,NOT APPLICABLE,September,15,Friday,17,27,Rural,Medium Speed (Collector),No,38.100425,-87.11864722,Complex/Circle,Daylight,Clear,Unknown,Unknown,Unknown EMS Scene Arrival Hour,Unknown EMS Scene Arrival Minutes,Not Applicable (Not Transported),Not Applicable (Not Transported),1,Daylight,Clear,1,1,['Driver'],['None_Used'],1,1,Invalid,0.0,0.0,60.0,45.0,"['Male', 'Male']",0,0,5,4,5,Dry,Straight,Grade/Hillcrest,Lowest,No
14250,18,Indiana,180591,1,1,1,0,1,AVON,July,2,Sunday,22,25,Urban,High Speed (Arterial),Yes,39.76697222,-86.33681667,Non-Intersection,Dark - Not Lighted,Clear,Unknown,Unknown,Unknown EMS Scene Arrival Hour,Unknown EMS Scene Arrival Minutes,Not Applicable (Not Transported),Not Applicable (Not Transported),1,Dark - Unlighted,Clear,0,1,[],[],0,0,Valid,0.0,0.0,18.0,18.0,['Male'],0,0,2,4,4,Dry,Straight,Level,Lowest,No
14251,18,Indiana,180592,0,1,1,0,5,NOT APPLICABLE,September,10,Sunday,3,15,Rural,Medium Speed (Collector),No,41.28534722,-87.35536389,Non-Intersection,Dark - Not Lighted,Clear,Unknown,Unknown,Unknown EMS Scene Arrival Hour,Unknown EMS Scene Arrival Minutes,Unknown,Unknown EMS Hospital Arrival Time,1,Dark - Unlighted,Clear,1,4,['Front_Passenger'],['Shoulder_Lapbelt'],1,1,Valid,0.0,0.0,18.0,18.0,['Male'],5,0,3,4,3,Dry,Curve,Level,Lowest,No
14252,18,Indiana,180593,0,2,2,0,2,NOT APPLICABLE,September,15,Friday,11,28,Rural,High Speed (Arterial),Yes,39.12224722,-86.61445278,Non-Intersection,Daylight,Clear,Unknown,Unknown,Unknown EMS Scene Arrival Hour,Unknown EMS Scene Arrival Minutes,Unknown,Unknown EMS Hospital Arrival Time,1,Daylight,Clear,1,1,['Driver'],['None_Used'],0,0,Invalid,0.0,3.0,32.0,19.0,"['Male', 'Female']",0,0,2,4,5,Dry,Straight,Grade/Hillcrest,Medium,No
14253,18,Indiana,180594,0,2,2,0,2,CRAWFORDSVILLE,September,20,Wednesday,15,11,Urban,Medium Speed (Collector),No,40.04176667,-86.88668333,Complex/Circle,Daylight,Clear,Unknown,Unknown,Unknown EMS Scene Arrival Hour,Unknown EMS Scene Arrival Minutes,Unknown,Unknown EMS Hospital Arrival Time,1,Daylight,Clear,1,1,['Driver'],['None_Used'],0,0,Valid,0.0,0.0,69.0,52.0,"['Female', 'Male']",0,0,5,4,5,Dry,Straight,Level,Lowest,No
14254,18,Indiana,180597,0,1,1,0,1,NOT APPLICABLE,July,14,Friday,21,32,Rural,Medium Speed (Collector),No,38.54521389,-85.66555,Non-Intersection,Dusk,Clear,Unknown,Unknown,Unknown EMS Scene Arrival Hour,Unknown EMS Scene Arrival Minutes,Unknown,Unknown EMS Hospital Arrival Time,1,Twilight,Clear,1,0,['Driver'],['Shoulder_Lapbelt'],0,0,Invalid,0.0,0.0,42.0,42.0,['Male'],0,0,2,4,3,Dry,Straight,Level,Lowest,No
14255,18,Indiana,180598,0,1,1,0,1,NOT APPLICABLE,September,22,Friday,14,12,Rural,Medium Speed (Collector),No,40.72181111,-85.62064722,Non-Intersection,Daylight,Clear,Unknown,Unknown,Unknown EMS Scene Arrival Hour,Unknown EMS Scene Arrival Minutes,Not Applicable (Not Transported),Not Applicable (Not Transported),1,Daylight,Clear,1,0,['Driver'],['None_Used'],1,1,Valid,0.0,0.0,31.0,31.0,['Female'],0,0,3,4,3,Dry,Straight,Level,Lowest,No
14256,18,Indiana,180600,1,1,1,0,1,NOT APPLICABLE,September,23,Saturday,2,5,Rural,Medium Speed (Collector),No,40.7542,-85.57296944,Non-Intersection,Dark - Not Lighted,Clear,Unknown,Unknown,Unknown EMS Scene Arrival Hour,Unknown EMS Scene Arrival Minutes,Not Applicable (Not Transported),Not Applicable (Not Transported),1,Dark - Unlighted,Clear,0,1,[],[],1,1,Valid,0.0,0.0,23.0,23.0,['Male'],0,0,3,1,4,Dry,Straight,Level,Medium,No
14257,18,Indiana,180601,0,1,1,0,2,NOT APPLICABLE,September,23,Saturday,23,40,Rural,Low Speed (Local),No,38.75725,-87.10643611,Non-Intersection,Dark - Not Lighted,Clear,Unknown,Unknown,Unknown EMS Scene Arrival Hour,Unknown EMS Scene Arrival Minutes,Not Applicable (Not Transported),Not Applicable (Not Transported),1,Dark - Unlighted,Clear,1,1,['Front_Passenger'],['None_Used'],1,1,Invalid,0.0,0.0,19.0,19.0,['Male'],0,0,3,1,3,Dry,Straight,Grade/Hillcrest,Lowest,No
14258,18,Indiana,180602,0,1,1,0,2,NOT APPLICABLE,September,17,Sunday,18,2,Rural,High Speed (Arterial),Yes,40.24355,-86.68929722,Non-Intersection,Daylight,Clear,7:00pm-7:59pm,43,8:00pm-8:59pm,19,Unknown,Unknown EMS Hospital Arrival Time,1,Daylight,Clear,1,1,['Front_Passenger'],['None_Used'],0,0,Valid,0.0,0.0,18.0,18.0,['Male'],0,0,3,4,3,Dry,Straight,Level,Medium,No
14259,18,Indiana,180603,0,1,1,0,1,NOT APPLICABLE,September,21,Thursday,20,5,Rural,Medium Speed (Collector),No,40.707875,-86.71977222,Non-Intersection,Dark - Not Lighted,Clear,Unknown,Unknown,Unknown EMS Scene Arrival Hour,Unknown EMS Scene Arrival Minutes,Not Applicable (Not Transported),Not Applicable (Not Transported),1,Dark - Unlighted,Clear,1,0,['Driver'],['None_Used'],1,1,Valid,0.0,0.0,37.0,37.0,['Male'],0,0,3,4,3,Dry,Straight,Level,Medium,No
14260,18,Indiana,180604,1,1,1,0,1,NOT APPLICABLE,September,25,Monday,6,59,Urban,High Speed (Arterial),Yes,39.39846389,-87.40040556,Simple Junction,Dark - Not Lighted,Clear,Unknown,Unknown,Unknown EMS Scene Arrival Hour,Unknown EMS Scene Arrival Minutes,Unknown,Unknown EMS Hospital Arrival Time,1,Dark - Unlighted,Clear,0,1,[],[],0,0,Valid,0.0,0.0,24.0,24.0,['Female'],0,0,3,4,4,Dry,Straight,Level,Lowest,No
14261,18,Indiana,180605,0,1,1,0,1,NOT APPLICABLE,September,26,Tuesday,3,6,Rural,Medium Speed (Collector),No,39.00680556,-85.68140278,Non-Intersection,Dark - Not Lighted,Clear,Unknown,Unknown,Unknown EMS Scene Arrival Hour,Unknown EMS Scene Arrival Minutes,Not Applicable (Not Transported),Not Applicable (Not Transported),1,Dark - Unlighted,Clear,1,0,['Driver'],['None_Used'],0,0,Invalid,0.0,0.0,23.0,23.0,['Male'],1,0,2,4,3,Dry,Straight,Grade/Hillcrest,Lowest,No
14262,18,Indiana,180606,0,2,2,0,2,NOT APPLICABLE,September,19,Tuesday,15,45,Rural,Medium Speed (Collector),No,39.44154444,-84.972075,Non-Intersection,Daylight,Clear,Unknown,Unknown,Unknown EMS Scene Arrival Hour,Unknown EMS Scene Arrival Minutes,Unknown,Unknown EMS Hospital Arrival Time,1,Daylight,Clear,1,1,['Driver'],['None_Used'],0,0,Valid,0.0,0.0,76.0,71.0,"['Male', 'Male']",0,0,5,4,5,Dry,Curve,Level,Medium,No
14263,18,Indiana,180607,0,1,1,0,1,WEST HARRISON,September,21,Thursday,20,4,Rural,High Speed (Arterial),No,39.29146111,-84.87398333,Non-Intersection,Dark - Not Lighted,Clear,Unknown,Unknown,Unknown EMS Scene Arrival Hour,Unknown EMS Scene Arrival Minutes,Unknown,Unknown EMS Hospital Arrival Time,1,Dark - Unlighted,Clear,1,0,['Driver'],['None_Used'],0,0,Valid,0.0,0.0,53.0,53.0,['Male'],0,0,5,4,1,Dry,Straight,Level,Lowest,No
14264,18,Indiana,180608,0,1,1,0,1,NOT APPLICABLE,September,26,Tuesday,17,41,Rural,Medium Speed (Collector),No,37.92989722,-86.65886667,Non-Intersection,Daylight,Clear,Unknown,Unknown,Unknown EMS Scene Arrival Hour,Unknown EMS Scene Arrival Minutes,Not Applicable (Not Transported),Not Applicable (Not Transported),1,Daylight,Clear,1,0,['Driver'],['None_Used'],1,1,Valid,1.0,0.0,40.0,40.0,['Male'],1,0,5,4,2,Dry,Curve,Grade/Hillcrest,Lowest,No
14265,18,Indiana,180609,0,1,1,0,1,NOT APPLICABLE,September,24,Sunday,22,25,Rural,Medium Speed (Collector),No,39.79792222,-85.89752222,Non-Intersection,Dark - Not Lighted,Clear,Unknown,Unknown,Unknown EMS Scene Arrival Hour,Unknown EMS Scene Arrival Minutes,Not Applicable (Not Transported),Not Applicable (Not Transported),1,Dark - Unlighted,Clear,1,0,['Driver'],['Lapbelt_Only'],1,1,Invalid,2.0,2.0,22.0,22.0,['Male'],0,0,2,4,3,Dry,Straight,Level,Lowest,No
14266,18,Indiana,180610,0,1,1,0,1,NOT APPLICABLE,September,22,Friday,19,56,Rural,Low Speed (Local),No,38.53453611,-86.17827778,Non-Intersection,Dusk,Clear,Unknown,Unknown,Unknown EMS Scene Arrival Hour,Unknown EMS Scene Arrival Minutes,Unknown,Unknown EMS Hospital Arrival Time,1,Twilight,Clear,1,0,['Driver'],['None_Used'],0,0,Invalid,1.0,0.0,47.0,47.0,['Male'],0,0,5,4,1,Dry,Straight,Level,Lowest,No
14267,18,Indiana,180611,1,1,1,0,1,INDIANAPOLIS,September,24,Sunday,2,2,Urban,Medium Speed (Collector),No,39.77435556,-86.12628056,Non-Intersection,Dark - Lighted,Clear,2:00am-2:59am,3,2:00am-2:59am,10,Unknown,Unknown EMS Hospital Arrival Time,1,Dark - Lighted,Clear,0,1,[],[],0,0,Valid,0.0,0.0,37.0,37.0,['Male'],0,0,3,1,4,Dry,Straight,Level,Lowest,No
14268,18,Indiana,180612,0,1,1,0,2,WESTFIELD,September,24,Sunday,19,15,Urban,Medium Speed (Collector),No,40.03461667,-86.16498056,Non-Intersection,Daylight,Clear,7:00pm-7:59pm,17,7:00pm-7:59pm,22,Unknown,Unknown EMS Hospital Arrival Time,1,Daylight,Clear,1,1,['Front_Passenger'],['None_Used'],1,1,Valid,3.0,2.0,35.0,35.0,['Male'],0,0,3,1,1,Dry,Straight,Level,Lowest,No
14269,18,Indiana,180613,0,2,2,0,2,LOGANSPORT,August,29,Tuesday,16,36,Urban,Medium Speed (Collector),No,40.75725833,-86.30844444,Simple Junction,Daylight,Clear,Unknown,Unknown,Unknown EMS Scene Arrival Hour,Unknown EMS Scene Arrival Minutes,Unknown,Unknown EMS Hospital Arrival Time,1,Daylight,Clear,1,1,['Driver'],['None_Used'],0,0,Valid,0.0,0.0,66.0,61.0,"['Female', 'Male']",0,0,5,4,5,Dry,Curve,Level,Medium,No
14270,18,Indiana,180614,0,2,2,0,5,NOT APPLICABLE,September,18,Monday,21,24,Rural,High Speed (Arterial),Yes,40.46763333,-86.98038056,Complex/Circle,Dark - Not Lighted,Clear,Unknown,Unknown,Unknown EMS Scene Arrival Hour,Unknown EMS Scene Arrival Minutes,Unknown,Unknown EMS Hospital Arrival Time,2,Dark - Unlighted,Clear,2,3,"['Driver', 'Rear_Seat']","['Shoulder_Lapbelt', 'Shoulder_Lapbelt']",1,1,Valid,0.0,0.0,56.0,44.0,"['Male', 'Female']",2,0,3,4,5,Dry,Straight,Level,Lowest,No
14271,18,Indiana,180615,0,1,1,0,2,NOT APPLICABLE,September,20,Wednesday,17,41,Rural,High Speed (Arterial),Yes,38.65280833,-85.78348611,Non-Intersection,Dusk,Clear,Unknown,Unknown,Unknown EMS Scene Arrival Hour,Unknown EMS Scene Arrival Minutes,Unknown,Unknown EMS Hospital Arrival Time,1,Twilight,Clear,1,1,['Driver'],['Shoulder_Lapbelt'],0,0,Valid,0.0,0.0,67.0,67.0,['Male'],0,0,1,4,3,Dry,Straight,Level,Lowest,Yes
14272,18,Indiana,180616,0,2,2,0,2,GREENSBURG,September,24,Sunday,0,45,Urban,High Speed (Arterial),Yes,39.36217778,-85.49254722,Non-Intersection,Dark - Not Lighted,Clear,Unknown,Unknown,Unknown EMS Scene Arrival Hour,Unknown EMS Scene Arrival Minutes,Unknown,Unknown EMS Hospital Arrival Time,1,Dark - Unlighted,Clear,1,1,['Driver'],['Shoulder_Lapbelt'],0,0,Valid,0.0,0.0,35.0,31.0,"['Male', 'Male']",0,0,3,4,5,Dry,Straight,Level,Lowest,No
14273,18,Indiana,180617,0,1,1,0,2,SELLERSBURG,September,25,Monday,17,54,Urban,High Speed (Arterial),Yes,38.39180278,-85.76166111,Non-Intersection,Dusk,Clear,Unknown,Unknown,Unknown EMS Scene Arrival Hour,Unknown EMS Scene Arrival Minutes,Unknown,Unknown EMS Hospital Arrival Time,2,Twilight,Clear,2,0,"['Driver', 'Front_Passenger']","['Shoulder_Lapbelt', 'Shoulder_Lapbelt']",0,0,Valid,0.0,0.0,58.0,58.0,['Female'],0,0,3,4,3,Dry,Curve,Level,Lowest,No
14274,18,Indiana,180618,0,2,2,0,2,NOT APPLICABLE,September,26,Tuesday,12,12,Urban,Medium Speed (Collector),No,39.17915833,-86.58308333,Complex/Circle,Daylight,Clear,12:00pm-12:59pm,14,12:00pm-12:59pm,22,Unknown,Unknown EMS Hospital Arrival Time,1,Daylight,Clear,1,1,['Driver'],['Shoulder_Lapbelt'],0,0,Valid,0.0,0.0,81.0,24.0,"['Male', 'Female']",1,0,3,4,5,Dry,Straight,Grade/Hillcrest,Lowest,No
14275,18,Indiana,180619,0,3,3,0,8,SOUTH BEND,September,23,Saturday,16,2,Urban,High Speed (Arterial),No,41.65633889,-86.26631389,Complex/Circle,Daylight,Clear,Unknown,Unknown,Unknown EMS Scene Arrival Hour,Unknown EMS Scene Arrival Minutes,Unknown,Unknown EMS Hospital Arrival Time,1,Daylight,Clear,1,7,['Front_Passenger'],['None_Used'],1,1,Valid,0.0,0.0,64.0,23.0,"['Male', 'Male', 'Male']",0,0,2,4,5,Dry,Curve,Level,Lowest,No
14276,18,Indiana,180620,0,2,2,0,3,MONTGOMERY,September,28,Thursday,13,46,Urban,High Speed (Arterial),Yes,38.65560278,-87.06106944,Non-Intersection,Daylight,Clear,Unknown,Unknown,Unknown EMS Scene Arrival Hour,Unknown EMS Scene Arrival Minutes,Unknown,Unknown EMS Hospital Arrival Time,2,Daylight,Clear,2,1,"['Driver', 'Front_Passenger']","['None_Used', 'None_Used']",0,0,Valid,0.0,0.0,68.0,20.0,"['Female', 'Male']",0,0,3,4,5,Dry,Curve,Level,Lowest,No