,State_Code,State_Name,Crash_ID,Count_Non_Motorists,Count_Vehicles_Total,Count_Vehicle_Forms,Count_PVH_Involved,Count_Occupants_MV,City_Name,Month_Name,Day_of_Month,Day_of_Week,Crash_Hour,Crash_Minute,Area_Rural_Urban,Road_Functional_Class,On_NHS_Road,Latitude,Longitude,Intersection_Type,Light_Condition,Weather_Condition,Notif_Hour,Notif_Minute,Arrival_Hour,Arrival_Minute,Hospital_Hour,Hospital_Minute,Fatalities_Count,Clean_Light_Condition,Clean_Weather_Condition,Total_Killed,Total_Alive,Fatal_Seats_List,Killed_Restraint_List,Any_Driver_Drinking,Total_Drinking_Drivers,Driver_License_Category,Driver_Max_Prev_Accident_Count,Driver_Max_Prev_Speeding_Count,Max_Driver_Age,Min_Driver_Age,Driver_Sex_List,Total_Exceeding_Limit_Vehicles,Total_Too_Fast_Vehicles,Max_Vehicle_Type_Severity_5,Max_Vehicle_Damage_Rank,Max_Harmful_Event_Severity,Crash_Road_Surface_Condition,Crash_Horizontal_Alignment,Crash_Vertical_Profile,Crash_Impairment_Category,Crash_Vehicle_Defect
14277,18,Indiana,180621,0,2,2,0,2,NOT APPLICABLE,September,5,Tuesday,8,40,Urban,Medium Speed (Collector),No,41.261975,-85.9112,Complex/Circle,Daylight,Clear,Unknown,Unknown,Unknown EMS Scene Arrival Hour,Unknown EMS Scene Arrival Minutes,Unknown,Unknown EMS Hospital Arrival Time,1,Daylight,Clear,1,1,['Driver'],['Shoulder_Lapbelt'],0,0,Valid,0.0,0.0,64.0,26.0,"['Male', 'Male']",0,0,3,4,5,Dry,Straight,Level,Lowest,No
14278,18,Indiana,180622,0,1,1,0,1,NOT APPLICABLE,September,24,Sunday,20,5,Rural,Medium Speed (Collector),No,41.24974444,-86.05084722,Non-Intersection,Dark - Not Lighted,Clear,8:00pm-8:59pm,9,8:00pm-8:59pm,25,Not Applicable (Not Transported),Not Applicable (Not Transported),1,Dark - Unlighted,Clear,1,0,['Driver'],['None_Used'],1,1,Valid,0.0,0.0,24.0,24.0,['Male'],0,0,5,4,2,Dry,Straight,Grade/Hillcrest,Lowest,No
14279,18,Indiana,180623,0,2,2,0,2,NOT APPLICABLE,September,22,Friday,11,4,Urban,High Speed (Arterial),Yes,39.17451944,-85.78319167,Simple Junction,Daylight,Clear,11:00am-11:59am,18,11:00am-11:59am,42,Unknown,Unknown EMS Hospital Arrival Time,1,Daylight,Clear,1,1,['Driver'],['None_Used'],0,0,Valid,0.0,0.0,45.0,18.0,"['Female', 'Male']",0,0,3,4,5,Dry,Straight,Level,Lowest,No
14280,18,Indiana,180624,1,2,2,0,1,NOT APPLICABLE,August,26,Saturday,0,54,Rural,High Speed (Arterial),Yes,41.667625,-85.77251389,Non-Intersection,Dark - Not Lighted,Clear,Unknown,Unknown,Unknown EMS Scene Arrival Hour,Unknown EMS Scene Arrival Minutes,Not Applicable (Not Transported),Not Applicable (Not Transported),1,Dark - Unlighted,Clear,0,1,[],[],0,0,Valid,0.0,0.0,37.0,37.0,['Male'],0,0,4,4,5,Dry,Straight,Level,Lowest,No
14281,18,Indiana,180625,0,1,1,0,2,MERRILLVILLE,September,4,Monday,14,10,Rural,Medium Speed (Collector),No,41.43969722,-87.31623056,Non-Intersection,Daylight,Clear,Unknown,Unknown,Unknown EMS Scene Arrival Hour,Unknown EMS Scene Arrival Minutes,Unknown,Unknown EMS Hospital Arrival Time,1,Daylight,Clear,1,1,['Front_Passenger'],['Shoulder_Lapbelt'],0,0,Valid,1.0,0.0,75.0,75.0,['Male'],0,0,2,4,3,Dry,Straight,Level,Lowest,No
14282,18,Indiana,180626,0,1,1,0,1,NOT APPLICABLE,October,3,Tuesday,4,59,Rural,Medium Speed (Collector),No,39.44476667,-86.04370278,Non-Intersection,Dark - Not Lighted,Clear,Unknown,Unknown,Unknown EMS Scene Arrival Hour,Unknown EMS Scene Arrival Minutes,Not Applicable (Not Transported),Not Applicable (Not Transported),1,Dark - Unlighted,Clear,1,0,['Driver'],['None_Used'],0,0,Valid,0.0,0.0,59.0,59.0,['Male'],0,0,3,4,3,Dry,Curve,Level,Lowest,No
14283,18,Indiana,180627,0,1,1,0,1,NOT APPLICABLE,September,30,Saturday,21,30,Rural,Medium Speed (Collector),No,41.75790556,-86.15719167,Non-Intersection,Dark - Not Lighted,Clear,Unknown,Unknown,Unknown EMS Scene Arrival Hour,Unknown EMS Scene Arrival Minutes,Not Applicable (Not Transported),Not Applicable (Not Transported),1,Dark - Unlighted,Clear,1,0,['Driver'],['None_Used'],0,0,Valid,0.0,0.0,38.0,38.0,['Male'],0,0,5,4,2,Dry,Curve,Level,Lowest,No
14284,18,Indiana,180628,0,2,2,0,3,DEMOTTE,October,2,Monday,10,1,Urban,Medium Speed (Collector),No,41.20838611,-87.19885556,Non-Intersection,Daylight,Clear,Unknown,Unknown,Unknown EMS Scene Arrival Hour,Unknown EMS Scene Arrival Minutes,Unknown,Unknown EMS Hospital Arrival Time,1,Daylight,Clear,1,2,['Driver'],['None_Used'],0,0,Valid,0.0,0.0,79.0,71.0,"['Male', 'Male']",0,0,4,4,5,Dry,Straight,Non-Trafficway,Lowest,No
14285,18,Indiana,180629,0,1,1,0,2,DAYTON,October,3,Tuesday,8,45,Rural,Medium Speed (Collector),No,40.37399167,-86.76276667,Non-Intersection,Daylight,Clear,Unknown,Unknown,Unknown EMS Scene Arrival Hour,Unknown EMS Scene Arrival Minutes,Unknown,Unknown EMS Hospital Arrival Time,1,Daylight,Clear,1,1,['Driver'],['Shoulder_Lapbelt'],0,0,Valid,0.0,0.0,25.0,25.0,['Female'],0,0,2,4,3,Dry,Straight,Level,Lowest,No
14286,18,Indiana,180630,0,1,1,0,1,INDIANAPOLIS,September,17,Sunday,3,35,Urban,Medium Speed (Collector),No,39.81454722,-86.14350833,Non-Intersection,Dark - Lighted,Clear,3:00am-3:59am,36,3:00am-3:59am,47,Unknown,Unknown EMS Hospital Arrival Time,1,Dark - Lighted,Clear,1,0,['Driver'],['None_Used'],1,1,Valid,0.0,0.0,30.0,30.0,['Male'],1,0,2,4,3,Dry,Curve,Level,Lowest,No
14287,18,Indiana,180631,1,1,1,0,2,FORT WAYNE,October,1,Sunday,3,7,Urban,High Speed (Arterial),Yes,41.13808889,-85.135425,Non-Intersection,Dark - Not Lighted,Clear,Unknown,Unknown,Unknown EMS Scene Arrival Hour,Unknown EMS Scene Arrival Minutes,Not Applicable (Not Transported),Not Applicable (Not Transported),1,Dark - Unlighted,Clear,0,2,[],[],0,0,Valid,0.0,0.0,41.0,41.0,['Female'],0,0,2,1,4,Dry,Straight,Level,Lowest,No
14288,18,Indiana,180632,0,1,1,0,1,CAYUGA,September,30,Saturday,17,57,Rural,Medium Speed (Collector),No,39.95229444,-87.456425,Non-Intersection,Daylight,Clear,Unknown,Unknown,Unknown EMS Scene Arrival Hour,Unknown EMS Scene Arrival Minutes,Unknown,Unknown EMS Hospital Arrival Time,1,Daylight,Clear,1,0,['Driver'],['None_Used'],0,0,Valid,0.0,0.0,80.0,80.0,['Male'],0,0,5,1,2,Dry,Straight,Level,Lowest,No
14289,18,Indiana,180633,0,1,1,0,1,NOT APPLICABLE,September,28,Thursday,12,0,Rural,Medium Speed (Collector),No,40.63971111,-85.69496667,Non-Intersection,Daylight,Cloudy,12:00pm-12:59pm,9,12:00pm-12:59pm,25,Unknown,Unknown EMS Hospital Arrival Time,1,Daylight,Reduced Visibility,1,0,['Driver'],['Shoulder_Lapbelt'],0,0,Valid,0.0,1.0,22.0,22.0,['Male'],0,0,3,4,4,Dry,Straight,Level,Lowest,No
14290,18,Indiana,180634,0,2,2,0,2,NOT APPLICABLE,September,26,Tuesday,17,18,Rural,Medium Speed (Collector),No,38.00150556,-86.83038333,Non-Intersection,Daylight,Clear,Unknown,Unknown,Unknown EMS Scene Arrival Hour,Unknown EMS Scene Arrival Minutes,Unknown,Unknown EMS Hospital Arrival Time,1,Daylight,Clear,1,1,['Driver'],['Shoulder_Lapbelt'],0,0,Valid,0.0,1.0,68.0,22.0,"['Male', 'Female']",0,0,3,4,5,Dry,Straight,Level,Lowest,No
14291,18,Indiana,180635,0,3,3,0,4,NOT APPLICABLE,September,28,Thursday,10,53,Rural,High Speed (Arterial),Yes,41.01390556,-87.44972778,Complex/Circle,Daylight,Clear,Unknown,Unknown,Unknown EMS Scene Arrival Hour,Unknown EMS Scene Arrival Minutes,Unknown,Unknown EMS Hospital Arrival Time,1,Daylight,Clear,1,3,['Front_Passenger'],['Shoulder_Lapbelt'],0,0,Valid,0.0,0.0,70.0,31.0,"['Female', 'Male', 'Female']",0,0,4,4,5,Dry,Straight,Level,Lowest,No
14292,18,Indiana,180636,0,1,1,0,1,NOT APPLICABLE,October,2,Monday,4,0,Rural,Low Speed (Local),No,38.55255,-86.63553056,Non-Intersection,Dark - Not Lighted,Clear,Unknown,Unknown,Unknown EMS Scene Arrival Hour,Unknown EMS Scene Arrival Minutes,Not Applicable (Not Transported),Not Applicable (Not Transported),1,Dark - Unlighted,Clear,1,0,['Driver'],['None_Used'],0,0,Valid,0.0,0.0,25.0,25.0,['Male'],0,0,2,4,3,Dry,Curve,Level,Lowest,No
14293,18,Indiana,180637,0,2,2,0,4,INDIANAPOLIS,September,26,Tuesday,21,55,Urban,Medium Speed (Collector),No,39.78218333,-85.9904,Complex/Circle,Dark - Lighted,Clear,9:00pm-9:59pm,55,9:00pm-9:59pm,56,Unknown,Unknown EMS Hospital Arrival Time,3,Dark - Lighted,Clear,3,1,"['Rear_Seat', 'Front_Passenger', 'Driver']","['Shoulder_Lapbelt', 'Shoulder_Lapbelt', 'Shoulder_Lapbelt']",0,0,Valid,0.0,0.0,21.0,19.0,"['Male', 'Female']",3,0,2,4,5,Dry,Straight,Level,Lowest,No
14294,18,Indiana,180638,0,2,2,0,2,MISHAWAKA,October,3,Tuesday,20,6,Urban,Medium Speed (Collector),No,41.65513333,-86.21413056,Non-Intersection,Dark - Lighted,Clear,Unknown,Unknown,Unknown EMS Scene Arrival Hour,Unknown EMS Scene Arrival Minutes,Not Applicable (Not Transported),Not Applicable (Not Transported),1,Dark - Lighted,Clear,1,1,['Driver'],['None_Used'],0,0,Valid,0.0,0.0,55.0,33.0,"['Male', 'Male']",1,0,5,4,5,Dry,Straight,Level,Lowest,No
14295,18,Indiana,180639,0,2,2,0,3,NOT APPLICABLE,October,6,Friday,16,24,Rural,Medium Speed (Collector),No,40.74566667,-84.89846944,Complex/Circle,Daylight,Clear,Unknown,Unknown,Unknown EMS Scene Arrival Hour,Unknown EMS Scene Arrival Minutes,Unknown,Unknown EMS Hospital Arrival Time,1,Daylight,Clear,1,2,['Driver'],['None_Used'],0,0,Valid,1.0,0.0,74.0,70.0,"['Male', 'Male']",0,0,3,4,5,Dry,Straight,Level,Lowest,No
14296,18,Indiana,180641,0,2,2,0,3,NOT APPLICABLE,September,25,Monday,18,5,Rural,High Speed (Arterial),No,41.591525,-86.797925,Complex/Circle,Dusk,Clear,Unknown,Unknown,Unknown EMS Scene Arrival Hour,Unknown EMS Scene Arrival Minutes,Unknown,Unknown EMS Hospital Arrival Time,1,Twilight,Clear,1,2,['Front_Passenger'],['None_Used'],0,0,Valid,0.0,0.0,66.0,58.0,"['Male', 'Male']",0,0,3,4,5,Dry,Straight,Level,Lowest,No
14297,18,Indiana,180643,0,2,2,0,2,NOT APPLICABLE,October,4,Wednesday,6,27,Urban,Medium Speed (Collector),No,41.13243611,-85.15835278,Non-Intersection,Dark - Lighted,Clear,Unknown,Unknown,Unknown EMS Scene Arrival Hour,Unknown EMS Scene Arrival Minutes,Unknown,Unknown EMS Hospital Arrival Time,1,Dark - Lighted,Clear,1,1,['Driver'],['None_Used'],0,0,Valid,0.0,0.0,58.0,23.0,"['Male', 'Male']",0,0,5,4,5,Dry,Straight,Level,Lowest,No
14298,18,Indiana,180645,1,1,1,0,1,INDIANAPOLIS,October,7,Saturday,22,9,Urban,High Speed (Arterial),No,39.77203056,-86.04669167,Non-Intersection,Dark - Not Lighted,Cloudy,Unknown,Unknown,Unknown EMS Scene Arrival Hour,Unknown EMS Scene Arrival Minutes,Not Applicable (Not Transported),Not Applicable (Not Transported),1,Dark - Unlighted,Reduced Visibility,0,1,[],[],0,0,Valid,0.0,0.0,67.0,67.0,['Male'],0,0,3,1,4,Dry,Straight,Grade/Hillcrest,Lowest,No
14299,18,Indiana,180646,0,2,2,0,2,NOT APPLICABLE,October,8,Sunday,17,39,Rural,High Speed (Arterial),No,41.64563333,-87.01899444,Non-Intersection,Daylight,Cloudy,Unknown,Unknown,Unknown EMS Scene Arrival Hour,Unknown EMS Scene Arrival Minutes,Not Applicable (Not Transported),Not Applicable (Not Transported),1,Daylight,Reduced Visibility,1,1,['Driver'],['None_Used'],1,1,Valid,0.0,0.0,41.0,40.0,"['Male', 'Male']",1,0,5,4,5,Dry,Straight,Level,Lowest,No
14300,18,Indiana,180648,0,2,2,0,2,EVANSVILLE,September,3,Sunday,12,53,Urban,Low Speed (Local),No,37.96199444,-87.55233333,Complex/Circle,Daylight,Clear,Unknown,Unknown,Unknown EMS Scene Arrival Hour,Unknown EMS Scene Arrival Minutes,Unknown,Unknown EMS Hospital Arrival Time,1,Daylight,Clear,1,1,['Driver'],['None_Used'],0,0,Invalid,0.0,1.0,40.0,17.0,"['Female', 'Female']",0,0,5,1,5,Dry,Straight,Level,Lowest,No
14301,18,Indiana,180649,0,1,1,0,2,NOT APPLICABLE,September,9,Saturday,15,30,Rural,High Speed (Arterial),Yes,39.66795278,-87.42828056,Non-Intersection,Daylight,Clear,3:00pm-3:59pm,42,4:00pm-4:59pm,7,Unknown,Unknown EMS Hospital Arrival Time,1,Daylight,Clear,1,1,['Rear_Seat'],['None_Used'],0,0,Valid,0.0,0.0,69.0,69.0,['Male'],0,0,5,4,3,Dry,Straight,Level,Lowest,No
14302,18,Indiana,180650,0,3,3,0,3,EVANSVILLE,September,26,Tuesday,11,56,Urban,High Speed (Arterial),No,37.99664167,-87.46619444,Complex/Circle,Daylight,Clear,12:00pm-12:59pm,0,12:00pm-12:59pm,3,Unknown,Unknown EMS Hospital Arrival Time,1,Daylight,Clear,1,2,['Driver'],['Shoulder_Lapbelt'],0,0,Valid,0.0,3.0,88.0,27.0,"['Male', 'Male', 'Male']",0,0,4,4,5,Dry,Straight,Level,Lowest,No
14303,18,Indiana,180651,0,2,2,0,2,LAKE STATION,October,9,Monday,13,42,Urban,High Speed (Arterial),Yes,41.57235833,-87.28309722,Non-Intersection,Daylight,Clear,Unknown,Unknown,Unknown EMS Scene Arrival Hour,Unknown EMS Scene Arrival Minutes,Unknown,Unknown EMS Hospital Arrival Time,1,Daylight,Clear,1,1,['Driver'],['Shoulder_Lapbelt'],0,0,Valid,2.0,0.0,43.0,20.0,"['Male', 'Male']",1,0,4,4,5,Dry,Straight,Level,Lowest,No
14304,18,Indiana,180652,1,2,2,0,1,NOT APPLICABLE,October,10,Tuesday,11,40,Rural,High Speed (Arterial),No,40.34868611,-86.80284444,Non-Intersection,Daylight,Clear,Unknown,Unknown,Unknown EMS Scene Arrival Hour,Unknown EMS Scene Arrival Minutes,Not Applicable (Not Transported),Not Applicable (Not Transported),1,Daylight,Clear,0,1,[],[],0,0,Valid,0.0,0.0,36.0,36.0,['Male'],0,0,3,4,5,Dry,Straight,Level,Lowest,No
14305,18,Indiana,180653,0,1,1,0,2,GREENSBORO,September,23,Saturday,23,58,Rural,Low Speed (Local),No,39.87371667,-85.46633056,Non-Intersection,Dark - Not Lighted,Clear,Unknown,Unknown,Unknown EMS Scene Arrival Hour,Unknown EMS Scene Arrival Minutes,Unknown,Unknown EMS Hospital Arrival Time,1,Dark - Unlighted,Clear,1,1,['Driver'],['None_Used'],1,1,Valid,0.0,0.0,33.0,33.0,['Male'],2,0,5,4,3,Loose/Unpaved,Straight,Grade/Hillcrest,Lowest,No
14306,18,Indiana,180654,0,1,1,0,1,NOT APPLICABLE,October,11,Wednesday,15,5,Rural,Medium Speed (Collector),No,38.05133056,-86.61082778,Non-Intersection,Daylight,Clear,Unknown,Unknown,Unknown EMS Scene Arrival Hour,Unknown EMS Scene Arrival Minutes,Not Applicable (Not Transported),Not Applicable (Not Transported),1,Daylight,Clear,1,0,['Driver'],['None_Used'],0,0,Valid,0.0,0.0,54.0,54.0,['Male'],1,0,3,4,3,Dry,Curve,Grade/Hillcrest,Lowest,No
14307,18,Indiana,180655,0,2,2,0,3,NOT APPLICABLE,October,12,Thursday,19,3,Rural,Medium Speed (Collector),No,39.62568611,-86.04459722,Non-Intersection,Daylight,Clear,Unknown,Unknown,Unknown EMS Scene Arrival Hour,Unknown EMS Scene Arrival Minutes,Unknown,Unknown EMS Hospital Arrival Time,1,Daylight,Clear,1,2,['Driver'],['Shoulder_Lapbelt'],0,0,Valid,0.0,0.0,51.0,42.0,"['Male', 'Male']",0,0,3,4,5,Dry,Straight,Level,Lowest,No
14308,18,Indiana,180656,1,1,1,0,1,INDIANAPOLIS,October,7,Saturday,2,42,Urban,High Speed (Arterial),No,39.82093611,-86.04589722,Non-Intersection,Dark - Not Lighted,Clear,Unknown,Unknown,Unknown EMS Scene Arrival Hour,Unknown EMS Scene Arrival Minutes,Unknown,Unknown EMS Hospital Arrival Time,1,Dark - Unlighted,Clear,0,1,[],[],0,0,Valid,0.0,0.0,55.0,55.0,['Male'],0,0,3,4,4,Dry,Straight,Level,Lowest,No
14309,18,Indiana,180657,0,2,2,0,3,NOT APPLICABLE,October,12,Thursday,16,56,Rural,Medium Speed (Collector),No,40.50844722,-85.27775278,Complex/Circle,Daylight,Clear,Unknown,Unknown,Unknown EMS Scene Arrival Hour,Unknown EMS Scene Arrival Minutes,Unknown,Unknown EMS Hospital Arrival Time,2,Daylight,Clear,2,1,"['Driver', 'Front_Passenger']","['Shoulder_Lapbelt', 'Shoulder_Lapbelt']",0,0,Valid,0.0,0.0,88.0,21.0,"['Male', 'Male']",0,0,3,4,5,Dry,Straight,Level,Lowest,No
14310,18,Indiana,180658,1,1,1,0,1,INDIANAPOLIS,September,22,Friday,23,15,Urban,High Speed (Arterial),Yes,39.70056111,-86.1545,Non-Intersection,Dark - Lighted,Clear,Unknown,Unknown,Unknown EMS Scene Arrival Hour,Unknown EMS Scene Arrival Minutes,Not Applicable (Not Transported),Not Applicable (Not Transported),1,Dark - Lighted,Clear,0,1,[],[],0,0,Valid,0.0,0.0,49.0,49.0,['Male'],0,0,4,1,4,Dry,Straight,Level,Lowest,No
14311,18,Indiana,180659,0,5,5,0,7,INDIANAPOLIS,October,5,Thursday,18,38,Urban,High Speed (Arterial),Yes,39.90966111,-86.2696,Non-Intersection,Daylight,Rain,Unknown,Unknown,Unknown EMS Scene Arrival Hour,Unknown EMS Scene Arrival Minutes,Unknown,Unknown EMS Hospital Arrival Time,1,Daylight,Rain/Wind/Minor,1,6,['Rear_Seat'],['Shoulder_Lapbelt'],0,0,Valid,0.0,0.0,67.0,23.0,"['Male', 'Male', 'Male', 'Female', 'Male']",0,0,4,4,5,Wet/Standing Water,Straight,Level,Lowest,No
14312,18,Indiana,180660,0,1,1,0,1,NOT APPLICABLE,October,13,Friday,2,10,Rural,Medium Speed (Collector),No,38.69154722,-85.17921944,Non-Intersection,Dark - Unknown Lighting,Clear,Unknown,Unknown,Unknown EMS Scene Arrival Hour,Unknown EMS Scene Arrival Minutes,Not Applicable (Not Transported),Not Applicable (Not Transported),1,Dark - Unlighted,Clear,1,0,['Driver'],['Shoulder_Only'],0,0,Valid,0.0,0.0,33.0,33.0,['Female'],0,0,2,4,3,Dry,Straight,Level,Lowest,No
14313,18,Indiana,180661,0,2,2,0,3,NOT APPLICABLE,October,1,Sunday,14,34,Rural,Medium Speed (Collector),No,40.258175,-86.77116389,Complex/Circle,Daylight,Clear,Unknown,Unknown,Unknown EMS Scene Arrival Hour,Unknown EMS Scene Arrival Minutes,Unknown,Unknown EMS Hospital Arrival Time,1,Daylight,Clear,1,2,['Front_Passenger'],['None_Used'],0,0,Valid,0.0,1.0,55.0,20.0,"['Male', 'Male']",0,0,4,4,5,Dry,Straight,Level,Lowest,No
14314,18,Indiana,180662,0,5,5,0,7,NOT APPLICABLE,October,13,Friday,19,58,Rural,High Speed (Arterial),No,39.37528056,-85.98611111,Simple Junction,Dark - Not Lighted,Rain,Unknown,Unknown,Unknown EMS Scene Arrival Hour,Unknown EMS Scene Arrival Minutes,Unknown,Unknown EMS Hospital Arrival Time,1,Dark - Unlighted,Rain/Wind/Minor,1,6,['Driver'],['None_Used'],1,1,Valid,0.0,0.0,79.0,19.0,"['Female', 'Male', 'Male', 'Female', 'Female']",0,0,3,4,5,Wet/Standing Water,Straight,Level,Lowest,No
14315,18,Indiana,180663,1,1,1,0,1,INDIANAPOLIS,October,14,Saturday,19,47,Urban,High Speed (Arterial),No,39.79433056,-86.20465556,Non-Intersection,Dark - Not Lighted,Cloudy,Unknown,Unknown,Unknown EMS Scene Arrival Hour,Unknown EMS Scene Arrival Minutes,Not Applicable (Not Transported),Not Applicable (Not Transported),1,Dark - Unlighted,Reduced Visibility,0,1,[],[],1,1,Valid,0.0,1.0,50.0,50.0,['Female'],0,0,3,1,4,Wet/Standing Water,Straight,Level,Lowest,No
14316,18,Indiana,180664,0,2,2,0,2,NOT APPLICABLE,October,13,Friday,4,47,Urban,High Speed (Arterial),Yes,39.29664722,-85.18232778,Non-Intersection,Dark - Not Lighted,Clear,Unknown,Unknown,Unknown EMS Scene Arrival Hour,Unknown EMS Scene Arrival Minutes,Not Applicable (Not Transported),Not Applicable (Not Transported),1,Dark - Unlighted,Clear,1,1,['Driver'],['Shoulder_Lapbelt'],0,0,Valid,1.0,0.0,80.0,45.0,"['Male', 'Male']",0,0,4,4,5,Dry,Straight,Level,Lowest,No
14317,18,Indiana,180665,0,1,1,0,2,NOT APPLICABLE,September,16,Saturday,13,29,Rural,Medium Speed (Collector),No,38.45375833,-86.18243056,Non-Intersection,Daylight,Clear,Unknown,Unknown,Unknown EMS Scene Arrival Hour,Unknown EMS Scene Arrival Minutes,Unknown,Unknown EMS Hospital Arrival Time,1,Daylight,Clear,1,1,['Driver'],['Shoulder_Lapbelt'],0,0,Invalid,0.0,0.0,15.0,15.0,['Male'],2,0,3,4,3,Dry,Curve,Grade/Hillcrest,Lowest,No
14318,18,Indiana,180666,0,2,2,0,2,OSCEOLA,October,6,Friday,19,47,Urban,High Speed (Arterial),No,41.66335,-86.08765278,Simple Junction,Dark - Lighted,Cloudy,Unknown,Unknown,Unknown EMS Scene Arrival Hour,Unknown EMS Scene Arrival Minutes,Unknown,Unknown EMS Hospital Arrival Time,1,Dark - Lighted,Reduced Visibility,1,1,['Driver'],['Shoulder_Only'],0,0,Valid,0.0,0.0,20.0,17.0,"['Male', 'Female']",1,0,3,4,5,Dry,Straight,Level,Lowest,No
14319,18,Indiana,180667,1,1,1,0,1,LAPORTE,October,13,Friday,16,14,Urban,Medium Speed (Collector),No,41.60144167,-86.71236944,Complex/Circle,Daylight,Rain,Unknown,Unknown,Unknown EMS Scene Arrival Hour,Unknown EMS Scene Arrival Minutes,Unknown,Unknown EMS Hospital Arrival Time,1,Daylight,Rain/Wind/Minor,0,1,[],[],0,0,Valid,0.0,0.0,62.0,62.0,['Female'],0,0,4,1,4,Wet/Standing Water,Straight,Level,Lowest,No
14320,18,Indiana,180668,0,1,1,0,1,NOT APPLICABLE,October,14,Saturday,18,30,Rural,Medium Speed (Collector),No,38.67025278,-85.58057222,Non-Intersection,Daylight,Cloudy,Unknown,Unknown,Unknown EMS Scene Arrival Hour,Unknown EMS Scene Arrival Minutes,Not Applicable (Not Transported),Not Applicable (Not Transported),1,Daylight,Reduced Visibility,1,0,['Driver'],['None_Used'],1,1,Invalid,0.0,0.0,36.0,36.0,['Male'],0,0,3,4,3,Dry,Straight,Grade/Hillcrest,Lowest,No
14321,18,Indiana,180669,0,1,1,0,2,INDIANAPOLIS,October,16,Monday,2,46,Urban,High Speed (Arterial),No,39.63953889,-86.15844167,Non-Intersection,Dark - Lighted,Rain,Unknown,Unknown,Unknown EMS Scene Arrival Hour,Unknown EMS Scene Arrival Minutes,Unknown,Unknown EMS Hospital Arrival Time,1,Dark - Lighted,Rain/Wind/Minor,1,1,['Front_Passenger'],['None_Used'],0,0,Valid,0.0,1.0,19.0,19.0,['Male'],0,0,3,4,3,Wet/Standing Water,Straight,Level,Lowest,No
14322,18,Indiana,180670,1,2,2,0,8,ELKHART,October,15,Sunday,20,50,Rural,High Speed (Arterial),No,41.45082222,-86.00145556,Non-Intersection,Dark - Not Lighted,Clear,Unknown,Unknown,Unknown EMS Scene Arrival Hour,Unknown EMS Scene Arrival Minutes,Unknown,Unknown EMS Hospital Arrival Time,1,Dark - Unlighted,Clear,1,7,['Rear_Seat'],['None_Used'],0,0,Invalid,0.0,1.0,36.0,18.0,"['Male', 'Male']",0,0,3,4,5,Dry,Straight,Level,Lowest,No
14323,18,Indiana,180671,1,1,1,0,1,NOT APPLICABLE,September,12,Tuesday,1,42,Rural,High Speed (Arterial),Yes,38.56476389,-85.77864167,Non-Intersection,Dark - Not Lighted,Cloudy,Unknown,Unknown,Unknown EMS Scene Arrival Hour,Unknown EMS Scene Arrival Minutes,Not Applicable (Not Transported),Not Applicable (Not Transported),1,Dark - Unlighted,Reduced Visibility,0,1,[],[],0,0,Valid,0.0,0.0,55.0,55.0,['Male'],0,0,4,1,4,Dry,Straight,Grade/Hillcrest,Lowest,No
14324,18,Indiana,180672,0,2,2,0,2,INDIANAPOLIS,October,16,Monday,19,20,Urban,Medium Speed (Collector),No,39.69143056,-86.26630556,Non-Intersection,Dusk,Cloudy,Unknown,Unknown,Unknown EMS Scene Arrival Hour,Unknown EMS Scene Arrival Minutes,Unknown,Unknown EMS Hospital Arrival Time,1,Twilight,Reduced Visibility,1,1,['Driver'],['None_Used'],0,0,Valid,0.0,1.0,46.0,19.0,"['Male', 'Female']",0,0,3,4,5,Dry,Straight,Level,Lowest,No
14325,18,Indiana,180673,0,1,1,0,2,LAFAYETTE,October,8,Sunday,3,30,Urban,High Speed (Arterial),Yes,40.40589722,-86.80679722,Non-Intersection,Dark - Not Lighted,Clear,Unknown,Unknown,Unknown EMS Scene Arrival Hour,Unknown EMS Scene Arrival Minutes,Unknown,Unknown EMS Hospital Arrival Time,1,Dark - Unlighted,Clear,1,1,['Front_Passenger'],['Shoulder_Lapbelt'],1,1,Invalid,0.0,0.0,35.0,35.0,['Male'],2,0,3,4,3,Dry,Straight,Level,Lowest,No
14326,18,Indiana,180674,0,1,1,0,3,BLOOMINGTON,October,12,Thursday,3,0,Urban,Medium Speed (Collector),No,39.17201667,-86.48422778,Non-Intersection,Dark - Not Lighted,Clear,Unknown,Unknown,Unknown EMS Scene Arrival Hour,Unknown EMS Scene Arrival Minutes,Unknown,Unknown EMS Hospital Arrival Time,1,Dark - Unlighted,Clear,1,2,['Driver'],['None_Used'],1,1,Valid,0.0,0.0,21.0,21.0,['Female'],3,0,3,4,3,Dry,Curve,Level,Lowest,No
14327,18,Indiana,180675,0,1,1,0,1,NOT APPLICABLE,October,17,Tuesday,22,10,Rural,Low Speed (Local),No,38.79906389,-87.02321667,Non-Intersection,Dark - Not Lighted,Clear,Unknown,Unknown,Unknown EMS Scene Arrival Hour,Unknown EMS Scene Arrival Minutes,Not Applicable (Not Transported),Not Applicable (Not Transported),1,Dark - Unlighted,Clear,1,0,['Driver'],['None_Used'],0,0,Invalid,0.0,0.0,18.0,18.0,['Male'],0,0,5,4,3,Dry,Straight,Level,Lowest,No