,State_Code,State_Name,Crash_ID,Count_Non_Motorists,Count_Vehicles_Total,Count_Vehicle_Forms,Count_PVH_Involved,Count_Occupants_MV,City_Name,Month_Name,Day_of_Month,Day_of_Week,Crash_Hour,Crash_Minute,Area_Rural_Urban,Road_Functional_Class,On_NHS_Road,Latitude,Longitude,Intersection_Type,Light_Condition,Weather_Condition,Notif_Hour,Notif_Minute,Arrival_Hour,Arrival_Minute,Hospital_Hour,Hospital_Minute,Fatalities_Count,Clean_Light_Condition,Clean_Weather_Condition,Total_Killed,Total_Alive,Fatal_Seats_List,Killed_Restraint_List,Any_Driver_Drinking,Total_Drinking_Drivers,Driver_License_Category,Driver_Max_Prev_Accident_Count,Driver_Max_Prev_Speeding_Count,Max_Driver_Age,Min_Driver_Age,Driver_Sex_List,Total_Exceeding_Limit_Vehicles,Total_Too_Fast_Vehicles,Max_Vehicle_Type_Severity_5,Max_Vehicle_Damage_Rank,Max_Harmful_Event_Severity,Crash_Road_Surface_Condition,Crash_Horizontal_Alignment,Crash_Vertical_Profile,Crash_Impairment_Category,Crash_Vehicle_Defect
14328,18,Indiana,180676,0,1,1,0,3,NOT APPLICABLE,October,14,Saturday,18,13,Rural,Medium Speed (Collector),No,41.34660278,-85.078575,Non-Intersection,Daylight,Cloudy,Unknown,Unknown,Unknown EMS Scene Arrival Hour,Unknown EMS Scene Arrival Minutes,Unknown,Unknown EMS Hospital Arrival Time,1,Daylight,Reduced Visibility,1,2,['Front_Passenger'],['None_Used'],0,0,Valid,0.0,1.0,18.0,18.0,['Male'],3,0,2,4,3,Wet/Standing Water,Curve,Level,Lowest,No
14329,18,Indiana,180677,0,6,6,0,7,LAFAYETTE,October,11,Wednesday,17,13,Urban,High Speed (Arterial),No,40.443775,-86.86876389,Complex/Circle,Daylight,Cloudy,Unknown,Unknown,Unknown EMS Scene Arrival Hour,Unknown EMS Scene Arrival Minutes,Unknown,Unknown EMS Hospital Arrival Time,1,Daylight,Reduced Visibility,1,6,['Driver'],['Shoulder_Lapbelt'],0,0,Valid,0.0,2.0,58.0,26.0,"['Male', 'Female', 'Male', 'Female', 'Male', 'Male']",0,0,4,4,5,Dry,Straight,Level,Medium,No
14330,18,Indiana,180678,0,1,1,0,1,NOT APPLICABLE,October,19,Thursday,13,10,Rural,Low Speed (Local),No,39.46947778,-86.37552778,Non-Intersection,Daylight,Rain,Unknown,Unknown,Unknown EMS Scene Arrival Hour,Unknown EMS Scene Arrival Minutes,Not Applicable (Not Transported),Not Applicable (Not Transported),1,Daylight,Rain/Wind/Minor,1,0,['Driver'],['Shoulder_Lapbelt'],0,0,Valid,0.0,0.0,19.0,19.0,['Male'],1,0,3,4,3,Wet/Standing Water,Curve,Grade/Hillcrest,Lowest,No
14331,18,Indiana,180679,1,1,1,0,1,NOT APPLICABLE,October,19,Thursday,20,36,Rural,High Speed (Arterial),Yes,41.23804444,-86.26146389,Non-Intersection,Dark - Lighted,Rain,Unknown,Unknown,Unknown EMS Scene Arrival Hour,Unknown EMS Scene Arrival Minutes,Not Applicable (Not Transported),Not Applicable (Not Transported),1,Dark - Lighted,Rain/Wind/Minor,0,1,[],[],0,0,Valid,0.0,0.0,53.0,53.0,['Male'],0,0,4,1,4,Wet/Standing Water,Straight,Level,Lowest,No
14332,18,Indiana,180680,1,1,1,0,1,INDIANAPOLIS,October,19,Thursday,23,10,Urban,High Speed (Arterial),Yes,39.76414444,-86.30467222,Non-Intersection,Dark - Lighted,Cloudy,Unknown,Unknown,Unknown EMS Scene Arrival Hour,Unknown EMS Scene Arrival Minutes,Not Applicable (Not Transported),Not Applicable (Not Transported),1,Dark - Lighted,Reduced Visibility,0,1,[],[],0,0,Valid,0.0,0.0,18.0,18.0,['Female'],0,0,3,4,4,Dry,Straight,Level,Lowest,No
14333,18,Indiana,180681,1,1,1,0,1,NOT APPLICABLE,October,20,Friday,7,43,Rural,Medium Speed (Collector),No,38.04577222,-87.43632222,Simple Junction,Daylight,Clear,Unknown,Unknown,Unknown EMS Scene Arrival Hour,Unknown EMS Scene Arrival Minutes,Unknown,Unknown EMS Hospital Arrival Time,1,Daylight,Clear,0,1,[],[],0,0,Valid,0.0,0.0,44.0,44.0,['Female'],0,0,3,1,4,Wet/Standing Water,Straight,Grade/Hillcrest,Lowest,No
14334,18,Indiana,180682,0,2,2,0,3,INDIANAPOLIS,October,11,Wednesday,15,15,Urban,High Speed (Arterial),No,39.77149722,-86.16705556,Complex/Circle,Daylight,Clear,Unknown,Unknown,Unknown EMS Scene Arrival Hour,Unknown EMS Scene Arrival Minutes,Unknown,Unknown EMS Hospital Arrival Time,1,Daylight,Clear,1,2,['Front_Passenger'],['Shoulder_Lapbelt'],0,0,Valid,0.0,0.0,87.0,64.0,"['Male', 'Female']",0,0,2,4,5,Dry,Straight,Level,Lowest,No
14335,18,Indiana,180683,0,1,1,0,2,SPEEDWAY,October,22,Sunday,4,34,Urban,High Speed (Arterial),No,39.80116111,-86.26993056,Complex/Circle,Dark - Lighted,Clear,Unknown,Unknown,Unknown EMS Scene Arrival Hour,Unknown EMS Scene Arrival Minutes,Unknown,Unknown EMS Hospital Arrival Time,1,Dark - Lighted,Clear,1,1,['Front_Passenger'],['None_Used'],0,0,Valid,0.0,0.0,37.0,37.0,['Male'],2,0,2,4,3,Dry,Curve,Level,Lowest,No
14336,18,Indiana,180684,1,1,1,0,1,INDIANAPOLIS,October,23,Monday,13,5,Urban,High Speed (Arterial),No,39.76707222,-86.15690556,Non-Intersection,Daylight,Clear,Unknown,Unknown,Unknown EMS Scene Arrival Hour,Unknown EMS Scene Arrival Minutes,Unknown,Unknown EMS Hospital Arrival Time,1,Daylight,Clear,0,1,[],[],0,0,Valid,0.0,0.0,39.0,39.0,['Male'],0,0,3,1,4,Dry,Straight,Level,Lowest,No
14337,18,Indiana,180685,0,2,2,0,2,SULLIVAN,September,7,Thursday,19,46,Urban,Low Speed (Local),No,39.09915,-87.40823611,Complex/Circle,Daylight,Clear,11:00pm-11:59pm,54,0:00am-0:59am,11,Unknown,Unknown EMS Hospital Arrival Time,1,Daylight,Clear,1,1,['Driver'],['None_Used'],0,0,Valid,0.0,0.0,68.0,39.0,"['Male', 'Male']",0,0,5,4,5,Dry,Straight,Level,Medium,No
14338,18,Indiana,180686,0,3,3,0,7,ANDERSON,October,15,Sunday,12,0,Urban,Medium Speed (Collector),No,40.09735833,-85.68043333,Complex/Circle,Daylight,Clear,Unknown,Unknown,Unknown EMS Scene Arrival Hour,Unknown EMS Scene Arrival Minutes,Unknown,Unknown EMS Hospital Arrival Time,2,Daylight,Clear,2,5,"['Driver', 'Front_Passenger']","['Shoulder_Lapbelt', 'Shoulder_Lapbelt']",0,0,Invalid,0.0,0.0,74.0,35.0,"['Male', 'Male', 'Female']",1,0,3,4,5,Dry,Straight,Level,Lowest,No
14339,18,Indiana,180687,0,2,2,0,4,NOT APPLICABLE,October,22,Sunday,1,13,Urban,Medium Speed (Collector),No,39.87898056,-86.09187222,Non-Intersection,Dark - Lighted,Clear,Unknown,Unknown,Unknown EMS Scene Arrival Hour,Unknown EMS Scene Arrival Minutes,Unknown,Unknown EMS Hospital Arrival Time,1,Dark - Lighted,Clear,1,3,['Driver'],['None_Used'],1,1,Invalid,0.0,0.0,19.0,18.0,"['Male', 'Male']",1,0,2,4,5,Dry,Straight,Level,Lowest,No
14340,18,Indiana,180688,0,1,1,0,1,NOT APPLICABLE,October,21,Saturday,1,26,Rural,Medium Speed (Collector),No,41.73876111,-86.15916667,Complex/Circle,Dark - Not Lighted,"Fog, Smog, Smoke",Unknown,Unknown,Unknown EMS Scene Arrival Hour,Unknown EMS Scene Arrival Minutes,Not Applicable (Not Transported),Not Applicable (Not Transported),1,Dark - Unlighted,Reduced Visibility,1,0,['Driver'],['None_Used'],1,1,Valid,1.0,0.0,38.0,38.0,['Male'],1,0,2,4,2,Dry,Curve,Level,Lowest,No
14341,18,Indiana,180689,0,2,2,0,5,HAMMOND,October,22,Sunday,6,24,Urban,High Speed (Arterial),No,41.60995833,-87.45237222,Non-Intersection,Dawn,Cloudy,Unknown,Unknown,Unknown EMS Scene Arrival Hour,Unknown EMS Scene Arrival Minutes,Unknown,Unknown EMS Hospital Arrival Time,1,Twilight,Reduced Visibility,1,4,['Driver'],['None_Used'],1,1,Valid,0.0,0.0,22.0,19.0,"['Male', 'Female']",0,0,2,4,5,Dry,Curve,Level,Lowest,No
14342,18,Indiana,180690,0,2,2,0,2,NOBLESVILLE,October,23,Monday,8,3,Urban,High Speed (Arterial),No,40.08090278,-85.97142222,Non-Intersection,Daylight,Clear,Unknown,Unknown,Unknown EMS Scene Arrival Hour,Unknown EMS Scene Arrival Minutes,Unknown,Unknown EMS Hospital Arrival Time,1,Daylight,Clear,1,1,['Driver'],['Lapbelt_Only'],0,0,Valid,0.0,1.0,44.0,39.0,"['Female', 'Female']",0,0,3,4,5,Dry,Straight,Level,Lowest,No
14343,18,Indiana,180691,0,1,1,0,1,NOT APPLICABLE,October,23,Monday,19,25,Rural,Medium Speed (Collector),No,41.13204722,-87.27571944,Non-Intersection,Dark - Not Lighted,Clear,Unknown,Unknown,Unknown EMS Scene Arrival Hour,Unknown EMS Scene Arrival Minutes,Not Applicable (Not Transported),Not Applicable (Not Transported),1,Dark - Unlighted,Clear,1,0,['Driver'],['Shoulder_Lapbelt'],0,0,Valid,0.0,0.0,19.0,19.0,['Male'],1,0,2,4,2,Dry,Straight,Level,Lowest,No
14344,18,Indiana,180692,0,2,2,0,4,NOT APPLICABLE,September,28,Thursday,4,9,Rural,High Speed (Arterial),Yes,41.36293333,-85.84483056,Complex/Circle,Dark - Not Lighted,Cloudy,Unknown,Unknown,Unknown EMS Scene Arrival Hour,Unknown EMS Scene Arrival Minutes,Unknown,Unknown EMS Hospital Arrival Time,1,Dark - Unlighted,Reduced Visibility,1,3,['Driver'],['Lapbelt_Only'],0,0,Valid,0.0,1.0,33.0,25.0,"['Male', 'Male']",0,0,3,4,5,Wet/Standing Water,Straight,Level,Lowest,No
14345,18,Indiana,180693,0,2,2,0,2,NOT APPLICABLE,October,26,Thursday,7,10,Rural,High Speed (Arterial),Yes,41.51761111,-86.78646667,Simple Junction,Dawn,Rain,Unknown,Unknown,Unknown EMS Scene Arrival Hour,Unknown EMS Scene Arrival Minutes,Unknown,Unknown EMS Hospital Arrival Time,1,Twilight,Rain/Wind/Minor,1,1,['Driver'],['Shoulder_Lapbelt'],0,0,Valid,0.0,0.0,70.0,16.0,"['Male', 'Male']",1,0,4,4,5,Wet/Standing Water,Straight,Level,Lowest,No
14346,18,Indiana,180694,0,1,1,0,1,NOT APPLICABLE,October,24,Tuesday,15,30,Rural,Medium Speed (Collector),No,40.3181,-85.46099722,Non-Intersection,Daylight,Clear,Unknown,Unknown,Unknown EMS Scene Arrival Hour,Unknown EMS Scene Arrival Minutes,Not Applicable (Not Transported),Not Applicable (Not Transported),1,Daylight,Clear,1,0,['Driver'],['Shoulder_Lapbelt'],0,0,Valid,0.0,0.0,67.0,67.0,['Male'],0,0,3,4,3,Dry,Curve,Level,Lowest,No
14347,18,Indiana,180695,0,2,2,0,4,HAMLET,October,24,Tuesday,18,26,Rural,High Speed (Arterial),Yes,41.38879722,-86.58244444,Complex/Circle,Dusk,Clear,Unknown,Unknown,Unknown EMS Scene Arrival Hour,Unknown EMS Scene Arrival Minutes,Not Applicable (Not Transported),Not Applicable (Not Transported),1,Twilight,Clear,1,3,['Front_Passenger'],['None_Used'],0,0,Valid,0.0,1.0,60.0,27.0,"['Male', 'Female']",0,0,3,4,5,Dry,Straight,Level,Lowest,No
14348,18,Indiana,180696,0,1,1,0,1,NOT APPLICABLE,October,26,Thursday,20,34,Rural,Medium Speed (Collector),No,40.59623889,-85.56066111,Non-Intersection,Dark - Not Lighted,Clear,Unknown,Unknown,Unknown EMS Scene Arrival Hour,Unknown EMS Scene Arrival Minutes,Not Applicable (Not Transported),Not Applicable (Not Transported),1,Dark - Unlighted,Clear,1,0,['Driver'],['None_Used'],0,0,Valid,0.0,0.0,61.0,61.0,['Male'],0,0,2,4,3,Dry,Straight,Level,Lowest,No
14349,18,Indiana,180698,0,1,1,0,4,NOT APPLICABLE,October,19,Thursday,15,40,Rural,Low Speed (Local),No,38.07483611,-87.08746667,Non-Intersection,Daylight,Cloudy,Unknown,Unknown,Unknown EMS Scene Arrival Hour,Unknown EMS Scene Arrival Minutes,Not Applicable (Not Transported),Not Applicable (Not Transported),1,Daylight,Reduced Visibility,1,3,['Front_Passenger'],['None_Used'],0,0,Invalid,0.0,0.0,7.0,7.0,['Female'],0,0,5,1,3,Dry,Straight,Grade/Hillcrest,Lowest,No
14350,18,Indiana,180699,0,1,1,0,1,NOT APPLICABLE,September,30,Saturday,14,44,Rural,Medium Speed (Collector),No,38.29853889,-87.21929722,Non-Intersection,Daylight,Clear,Unknown,Unknown,Unknown EMS Scene Arrival Hour,Unknown EMS Scene Arrival Minutes,Not Applicable (Not Transported),Not Applicable (Not Transported),1,Daylight,Clear,1,0,['Driver'],['None_Used'],0,0,Valid,0.0,0.0,34.0,34.0,['Male'],0,0,5,4,3,Dry,Straight,Grade/Hillcrest,Lowest,No
14351,18,Indiana,180700,0,2,2,0,2,NEW SALISBURY,October,21,Saturday,19,49,Urban,Medium Speed (Collector),No,38.31660833,-86.08798056,Non-Intersection,Dark - Not Lighted,Clear,Unknown,Unknown,Unknown EMS Scene Arrival Hour,Unknown EMS Scene Arrival Minutes,Not Applicable (Not Transported),Not Applicable (Not Transported),1,Dark - Unlighted,Clear,1,1,['Driver'],['None_Used'],0,0,Valid,0.0,2.0,45.0,35.0,"['Male', 'Female']",0,0,5,4,5,Dry,Straight,Level,Lowest,No
14352,18,Indiana,180701,0,2,2,0,2,NOT APPLICABLE,October,23,Monday,16,48,Rural,High Speed (Arterial),Yes,40.66109444,-86.12800556,Simple Junction,Daylight,Clear,Unknown,Unknown,Unknown EMS Scene Arrival Hour,Unknown EMS Scene Arrival Minutes,Unknown,Unknown EMS Hospital Arrival Time,1,Daylight,Clear,1,1,['Driver'],['Shoulder_Lapbelt'],0,0,Valid,0.0,0.0,84.0,51.0,"['Female', 'Male']",0,0,2,4,5,Dry,Straight,Level,Lowest,No
14353,18,Indiana,180702,1,1,1,0,1,INDIANAPOLIS,October,26,Thursday,8,16,Urban,Medium Speed (Collector),No,39.82574444,-86.04572222,Complex/Circle,Daylight,Clear,Unknown,Unknown,Unknown EMS Scene Arrival Hour,Unknown EMS Scene Arrival Minutes,Unknown,Unknown EMS Hospital Arrival Time,1,Daylight,Clear,0,1,[],[],0,0,Valid,0.0,0.0,32.0,32.0,['Male'],0,0,1,1,4,Dry,Straight,Level,Lowest,No
14354,18,Indiana,180703,0,2,2,0,2,INDIANAPOLIS,October,29,Sunday,3,33,Urban,High Speed (Arterial),No,39.86806667,-86.20177778,Complex/Circle,Dark - Lighted,Rain,Unknown,Unknown,Unknown EMS Scene Arrival Hour,Unknown EMS Scene Arrival Minutes,Unknown,Unknown EMS Hospital Arrival Time,1,Dark - Lighted,Rain/Wind/Minor,1,1,['Driver'],['None_Used'],1,1,Invalid,0.0,2.0,28.0,24.0,"['Male', 'Male']",0,0,3,4,5,Wet/Standing Water,Straight,Level,Lowest,No
14355,18,Indiana,180704,1,1,1,0,1,GARY,October,29,Sunday,3,0,Urban,High Speed (Arterial),No,41.54513056,-87.33638056,Non-Intersection,Dark - Lighted,Rain,Unknown,Unknown,Unknown EMS Scene Arrival Hour,Unknown EMS Scene Arrival Minutes,Unknown,Unknown EMS Hospital Arrival Time,1,Dark - Lighted,Rain/Wind/Minor,0,1,[],[],0,0,Invalid,0.0,0.0,999.0,999.0,['Other'],1,0,1,1,4,Wet/Standing Water,Straight,Level,Lowest,No
14356,18,Indiana,180705,0,2,2,0,4,NOT APPLICABLE,October,23,Monday,9,1,Rural,Medium Speed (Collector),No,39.61714444,-85.0655,Non-Intersection,Daylight,Clear,Unknown,Unknown,Unknown EMS Scene Arrival Hour,Unknown EMS Scene Arrival Minutes,Unknown,Unknown EMS Hospital Arrival Time,1,Daylight,Clear,1,3,['Driver'],['None_Used'],0,0,Valid,0.0,0.0,66.0,23.0,"['Female', 'Male']",0,0,3,4,5,Dry,Straight,Grade/Hillcrest,Lowest,No
14357,18,Indiana,180706,0,3,3,0,3,NOT APPLICABLE,October,30,Monday,20,9,Rural,Medium Speed (Collector),No,40.05423611,-86.60104167,Non-Intersection,Dark - Not Lighted,Clear,Unknown,Unknown,Unknown EMS Scene Arrival Hour,Unknown EMS Scene Arrival Minutes,Not Applicable (Not Transported),Not Applicable (Not Transported),2,Dark - Unlighted,Clear,2,1,"['Driver', 'Driver']","['Shoulder_Lapbelt', 'Shoulder_Lapbelt']",0,0,Valid,1.0,0.0,31.0,28.0,"['Male', 'Male', 'Female']",0,0,4,4,5,Dry,Straight,Level,Lowest,No
14358,18,Indiana,180707,0,2,2,0,2,NOT APPLICABLE,October,28,Saturday,11,35,Rural,Medium Speed (Collector),No,41.18746111,-87.11248056,Complex/Circle,Daylight,Cloudy,Unknown,Unknown,Unknown EMS Scene Arrival Hour,Unknown EMS Scene Arrival Minutes,Not Applicable (Not Transported),Not Applicable (Not Transported),1,Daylight,Reduced Visibility,1,1,['Driver'],['Shoulder_Lapbelt'],0,0,Valid,0.0,0.0,46.0,44.0,"['Male', 'Male']",0,0,4,4,5,Dry,Straight,Grade/Hillcrest,Lowest,Yes
14359,18,Indiana,180708,0,2,2,0,2,NOT APPLICABLE,October,30,Monday,5,7,Rural,High Speed (Arterial),Yes,40.04897222,-86.81421667,Non-Intersection,Dark - Not Lighted,Cloudy,Unknown,Unknown,Unknown EMS Scene Arrival Hour,Unknown EMS Scene Arrival Minutes,Unknown,Unknown EMS Hospital Arrival Time,1,Dark - Unlighted,Reduced Visibility,1,1,['Driver'],['None_Used'],0,0,Valid,0.0,2.0,64.0,37.0,"['Female', 'Male']",0,0,3,4,5,Wet/Standing Water,Straight,Level,Lowest,No
14360,18,Indiana,180709,0,2,2,0,4,NOT APPLICABLE,October,30,Monday,13,32,Rural,Medium Speed (Collector),No,39.96688611,-86.80876111,Complex/Circle,Daylight,Clear,Unknown,Unknown,Unknown EMS Scene Arrival Hour,Unknown EMS Scene Arrival Minutes,Unknown,Unknown EMS Hospital Arrival Time,3,Daylight,Clear,3,1,"['Driver', 'Driver', 'Front_Passenger']","['None_Used', 'Shoulder_Lapbelt', 'Shoulder_Lapbelt']",0,0,Valid,0.0,0.0,67.0,27.0,"['Female', 'Female']",0,0,3,4,5,Dry,Straight,Level,Lowest,No
14361,18,Indiana,180710,0,1,1,0,1,NOT APPLICABLE,October,26,Thursday,18,45,Rural,Medium Speed (Collector),No,41.48992222,-87.2272,Non-Intersection,Dark - Not Lighted,Rain,Unknown,Unknown,Unknown EMS Scene Arrival Hour,Unknown EMS Scene Arrival Minutes,Not Applicable (Not Transported),Not Applicable (Not Transported),1,Dark - Unlighted,Rain/Wind/Minor,1,0,['Driver'],['Shoulder_Lapbelt'],1,1,Valid,0.0,0.0,41.0,41.0,['Male'],1,0,3,4,3,Wet/Standing Water,Curve,Level,Lowest,No
14362,18,Indiana,180711,2,1,1,0,1,NOT APPLICABLE,October,31,Tuesday,22,49,Rural,High Speed (Arterial),Yes,41.74726111,-85.68012778,Non-Intersection,Dark - Not Lighted,Cloudy,Unknown,Unknown,Unknown EMS Scene Arrival Hour,Unknown EMS Scene Arrival Minutes,Not Applicable (Not Transported),Not Applicable (Not Transported),1,Dark - Unlighted,Reduced Visibility,0,1,[],[],0,0,Invalid,0.0,0.0,26.0,26.0,['Female'],0,0,3,4,4,Icy/Snowy,Straight,Grade/Hillcrest,Lowest,No
14363,18,Indiana,180712,1,1,1,0,1,ANDERSON,September,18,Monday,22,12,Urban,High Speed (Arterial),No,40.11299167,-85.65285,Complex/Circle,Dark - Lighted,Clear,Unknown,Unknown,Unknown EMS Scene Arrival Hour,Unknown EMS Scene Arrival Minutes,Not Applicable (Not Transported),Not Applicable (Not Transported),1,Dark - Lighted,Clear,0,1,[],[],0,0,Valid,0.0,0.0,29.0,29.0,['Male'],0,0,2,1,4,Dry,Straight,Level,Lowest,No
14364,18,Indiana,180713,0,2,2,0,2,NOT APPLICABLE,September,29,Friday,17,45,Rural,Medium Speed (Collector),No,38.73731111,-85.59902778,Non-Intersection,Daylight,Clear,Unknown,Unknown,Unknown EMS Scene Arrival Hour,Unknown EMS Scene Arrival Minutes,Not Applicable (Not Transported),Not Applicable (Not Transported),2,Daylight,Clear,2,0,"['Driver', 'Driver']","['None_Used', 'None_Used']",0,0,Valid,0.0,1.0,38.0,35.0,"['Male', 'Female']",0,0,2,4,5,Dry,Straight,Grade/Hillcrest,Lowest,No
14365,18,Indiana,180714,0,2,2,0,2,NOT APPLICABLE,October,22,Sunday,21,55,Rural,High Speed (Arterial),Yes,41.75075278,-85.65781944,Non-Intersection,Dark - Not Lighted,Cloudy,Unknown,Unknown,Unknown EMS Scene Arrival Hour,Unknown EMS Scene Arrival Minutes,Not Applicable (Not Transported),Not Applicable (Not Transported),1,Dark - Unlighted,Reduced Visibility,1,1,['Driver'],['Shoulder_Lapbelt'],0,0,Invalid,0.0,0.0,47.0,44.0,"['Male', 'Male']",0,0,4,4,5,Dry,Straight,Level,Lowest,No
14366,18,Indiana,180715,0,2,2,0,2,NOT APPLICABLE,October,27,Friday,17,0,Rural,Medium Speed (Collector),No,41.69903611,-86.1292,Simple Junction,Daylight,Cloudy,Unknown,Unknown,Unknown EMS Scene Arrival Hour,Unknown EMS Scene Arrival Minutes,Not Applicable (Not Transported),Not Applicable (Not Transported),1,Daylight,Reduced Visibility,1,1,['Driver'],['None_Used'],0,0,Valid,0.0,0.0,59.0,18.0,"['Male', 'Male']",1,0,5,4,5,Dry,Straight,Level,Lowest,No
14367,18,Indiana,180716,0,1,1,0,1,NOT APPLICABLE,October,31,Tuesday,16,53,Rural,Medium Speed (Collector),No,39.47011111,-85.62962222,Non-Intersection,Daylight,Clear,Unknown,Unknown,Unknown EMS Scene Arrival Hour,Unknown EMS Scene Arrival Minutes,Not Applicable (Not Transported),Not Applicable (Not Transported),1,Daylight,Clear,1,0,['Driver'],['None_Used'],0,0,Valid,0.0,0.0,25.0,25.0,['Male'],0,0,2,4,3,Dry,Straight,Level,Lowest,No
14368,18,Indiana,180717,0,2,2,0,3,NOT APPLICABLE,October,23,Monday,14,36,Rural,High Speed (Arterial),Yes,41.64128889,-85.44321389,Non-Intersection,Daylight,Cloudy,Unknown,Unknown,Unknown EMS Scene Arrival Hour,Unknown EMS Scene Arrival Minutes,Unknown,Unknown EMS Hospital Arrival Time,1,Daylight,Reduced Visibility,1,2,['Front_Passenger'],['Shoulder_Lapbelt'],0,0,Valid,0.0,0.0,78.0,55.0,"['Male', 'Male']",0,0,2,4,5,Dry,Straight,Level,Lowest,No
14369,18,Indiana,180718,0,2,2,0,2,NOT APPLICABLE,November,2,Thursday,4,20,Urban,High Speed (Arterial),Yes,40.11615833,-86.12819167,Complex/Circle,Dark - Not Lighted,Clear,4:00am-4:59am,22,4:00am-4:59am,37,Unknown,Unknown EMS Hospital Arrival Time,1,Dark - Unlighted,Clear,1,1,['Driver'],['Shoulder_Lapbelt'],0,0,Valid,0.0,0.0,70.0,39.0,"['Female', 'Male']",1,0,3,4,5,Dry,Straight,Level,Lowest,No
14370,18,Indiana,180719,0,1,1,0,1,NOT APPLICABLE,October,31,Tuesday,15,30,Rural,Medium Speed (Collector),No,38.66316389,-85.813025,Non-Intersection,Daylight,Clear,Unknown,Unknown,Unknown EMS Scene Arrival Hour,Unknown EMS Scene Arrival Minutes,Unknown,Unknown EMS Hospital Arrival Time,1,Daylight,Clear,1,0,['Driver'],['None_Used'],0,0,Valid,0.0,0.0,48.0,48.0,['Male'],0,0,2,4,3,Dry,Straight,Level,Lowest,No
14371,18,Indiana,180720,0,1,1,0,2,NOT APPLICABLE,November,2,Thursday,18,37,Rural,Low Speed (Local),No,39.24898333,-86.29163889,Non-Intersection,Dark - Not Lighted,Clear,Unknown,Unknown,Unknown EMS Scene Arrival Hour,Unknown EMS Scene Arrival Minutes,Unknown,Unknown EMS Hospital Arrival Time,1,Dark - Unlighted,Clear,1,1,['Front_Passenger'],['Shoulder_Lapbelt'],0,0,Valid,0.0,0.0,18.0,18.0,['Male'],0,0,3,4,3,Dry,Curve,Level,Lowest,No
14372,18,Indiana,180721,0,3,3,0,3,NOT APPLICABLE,October,3,Tuesday,12,50,Rural,High Speed (Arterial),No,38.68572222,-86.45458611,Non-Intersection,Daylight,Clear,Unknown,Unknown,Unknown EMS Scene Arrival Hour,Unknown EMS Scene Arrival Minutes,Unknown,Unknown EMS Hospital Arrival Time,1,Daylight,Clear,1,2,['Driver'],['Shoulder_Lapbelt'],0,0,Valid,1.0,0.0,64.0,36.0,"['Female', 'Male', 'Male']",0,0,4,4,5,Dry,Curve,Level,Lowest,No
14373,18,Indiana,180722,0,1,1,0,1,NOT APPLICABLE,October,23,Monday,16,14,Rural,Medium Speed (Collector),No,39.07995,-85.92876389,Non-Intersection,Daylight,Clear,Unknown,Unknown,Unknown EMS Scene Arrival Hour,Unknown EMS Scene Arrival Minutes,Not Applicable (Not Transported),Not Applicable (Not Transported),1,Daylight,Clear,1,0,['Driver'],['Shoulder_Lapbelt'],1,1,Valid,0.0,1.0,43.0,43.0,['Female'],1,0,3,4,3,Dry,Curve,Grade/Hillcrest,Lowest,No
14374,18,Indiana,180723,0,1,1,0,4,NOT APPLICABLE,October,28,Saturday,20,14,Rural,Low Speed (Local),No,39.011025,-85.79797222,Non-Intersection,Dark - Not Lighted,Rain,Unknown,Unknown,Unknown EMS Scene Arrival Hour,Unknown EMS Scene Arrival Minutes,Unknown,Unknown EMS Hospital Arrival Time,1,Dark - Unlighted,Rain/Wind/Minor,1,3,['Rear_Seat'],['Shoulder_Lapbelt'],1,1,Valid,0.0,0.0,45.0,45.0,['Female'],4,0,3,4,3,Wet/Standing Water,Straight,Level,Lowest,No
14375,18,Indiana,180724,0,2,2,0,2,INDIANAPOLIS,October,26,Thursday,15,23,Urban,Medium Speed (Collector),No,39.64632222,-86.12075,Non-Intersection,Daylight,Clear,Unknown,Unknown,Unknown EMS Scene Arrival Hour,Unknown EMS Scene Arrival Minutes,Not Applicable (Not Transported),Not Applicable (Not Transported),1,Daylight,Clear,1,1,['Driver'],['None_Used'],1,1,Valid,0.0,0.0,88.0,48.0,"['Male', 'Female']",1,0,3,4,5,Dry,Straight,Level,Lowest,No
14376,18,Indiana,180725,0,1,1,0,1,NOT APPLICABLE,October,21,Saturday,15,28,Rural,Medium Speed (Collector),No,40.30844722,-87.25392778,Non-Intersection,Daylight,Clear,Unknown,Unknown,Unknown EMS Scene Arrival Hour,Unknown EMS Scene Arrival Minutes,Unknown,Unknown EMS Hospital Arrival Time,1,Daylight,Clear,1,0,['Driver'],['None_Used'],0,0,Valid,0.0,0.0,59.0,59.0,['Male'],0,0,3,4,3,Dry,Straight,Level,Medium,No