,State_Code,State_Name,Crash_ID,Count_Non_Motorists,Count_Vehicles_Total,Count_Vehicle_Forms,Count_PVH_Involved,Count_Occupants_MV,City_Name,Month_Name,Day_of_Month,Day_of_Week,Crash_Hour,Crash_Minute,Area_Rural_Urban,Road_Functional_Class,On_NHS_Road,Latitude,Longitude,Intersection_Type,Light_Condition,Weather_Condition,Notif_Hour,Notif_Minute,Arrival_Hour,Arrival_Minute,Hospital_Hour,Hospital_Minute,Fatalities_Count,Clean_Light_Condition,Clean_Weather_Condition,Total_Killed,Total_Alive,Fatal_Seats_List,Killed_Restraint_List,Any_Driver_Drinking,Total_Drinking_Drivers,Driver_License_Category,Driver_Max_Prev_Accident_Count,Driver_Max_Prev_Speeding_Count,Max_Driver_Age,Min_Driver_Age,Driver_Sex_List,Total_Exceeding_Limit_Vehicles,Total_Too_Fast_Vehicles,Max_Vehicle_Type_Severity_5,Max_Vehicle_Damage_Rank,Max_Harmful_Event_Severity,Crash_Road_Surface_Condition,Crash_Horizontal_Alignment,Crash_Vertical_Profile,Crash_Impairment_Category,Crash_Vehicle_Defect
14377,18,Indiana,180726,0,1,1,0,1,NOT APPLICABLE,November,5,Sunday,17,33,Rural,Medium Speed (Collector),No,41.17974722,-85.00738056,Non-Intersection,Daylight,Clear,Unknown,Unknown,Unknown EMS Scene Arrival Hour,Unknown EMS Scene Arrival Minutes,Unknown,Unknown EMS Hospital Arrival Time,1,Daylight,Clear,1,0,['Driver'],['None_Used'],1,1,Valid,0.0,0.0,51.0,51.0,['Female'],1,0,5,4,2,Dry,Straight,Level,Lowest,No
14378,18,Indiana,180727,0,1,1,0,1,NOT APPLICABLE,November,2,Thursday,18,11,Rural,Medium Speed (Collector),No,41.57161944,-87.10515,Non-Intersection,Dark - Not Lighted,Clear,Unknown,Unknown,Unknown EMS Scene Arrival Hour,Unknown EMS Scene Arrival Minutes,Unknown,Unknown EMS Hospital Arrival Time,1,Dark - Unlighted,Clear,1,0,['Driver'],['Shoulder_Lapbelt'],1,1,Valid,0.0,0.0,37.0,37.0,['Male'],0,0,2,4,3,Dry,Straight,Grade/Hillcrest,Lowest,No
14379,18,Indiana,180728,0,2,2,0,3,NOT APPLICABLE,November,3,Friday,17,10,Rural,Low Speed (Local),No,41.22510278,-84.91335833,Complex/Circle,Daylight,Clear,Unknown,Unknown,Unknown EMS Scene Arrival Hour,Unknown EMS Scene Arrival Minutes,Unknown,Unknown EMS Hospital Arrival Time,2,Daylight,Clear,2,1,"['Driver', 'Front_Passenger']","['Shoulder_Lapbelt', 'Shoulder_Lapbelt']",0,0,Valid,0.0,2.0,79.0,18.0,"['Male', 'Male']",1,0,3,4,5,Dry,Straight,Grade/Hillcrest,Lowest,No
14380,18,Indiana,180729,1,1,1,0,2,NOT APPLICABLE,November,2,Thursday,2,17,Urban,High Speed (Arterial),Yes,40.41750833,-86.82058056,Non-Intersection,Dark - Not Lighted,Clear,Unknown,Unknown,Unknown EMS Scene Arrival Hour,Unknown EMS Scene Arrival Minutes,Unknown,Unknown EMS Hospital Arrival Time,1,Dark - Unlighted,Clear,0,2,[],[],0,0,Valid,0.0,0.0,46.0,46.0,['Female'],0,0,3,4,4,Dry,Straight,Level,Lowest,No
14381,18,Indiana,180730,1,1,1,0,1,NEW ALBANY,November,5,Sunday,19,34,Urban,Medium Speed (Collector),No,38.30031944,-85.83487222,Non-Intersection,Dark - Not Lighted,Clear,Unknown,Unknown,Unknown EMS Scene Arrival Hour,Unknown EMS Scene Arrival Minutes,Unknown,Unknown EMS Hospital Arrival Time,1,Dark - Unlighted,Clear,0,1,[],[],0,0,Invalid,0.0,0.0,998.0,998.0,['Other'],0,0,1,0,4,Dry,Straight,Level,Lowest,No
14382,18,Indiana,180731,1,1,1,0,1,NOT APPLICABLE,November,1,Wednesday,8,1,Urban,Medium Speed (Collector),No,39.796325,-86.06774167,Non-Intersection,Dark - Lighted,Cloudy,Unknown,Unknown,Unknown EMS Scene Arrival Hour,Unknown EMS Scene Arrival Minutes,Unknown,Unknown EMS Hospital Arrival Time,1,Dark - Lighted,Reduced Visibility,0,1,[],[],0,0,Invalid,0.0,0.0,998.0,998.0,['Other'],0,0,1,1,4,Wet/Standing Water,Straight,Level,Lowest,No
14383,18,Indiana,180732,1,1,1,0,1,LAWRENCE,November,5,Sunday,23,10,Urban,Medium Speed (Collector),No,39.83898333,-86.02710833,Non-Intersection,Dark - Lighted,Clear,Unknown,Unknown,Unknown EMS Scene Arrival Hour,Unknown EMS Scene Arrival Minutes,Unknown,Unknown EMS Hospital Arrival Time,1,Dark - Lighted,Clear,0,1,[],[],0,0,Valid,0.0,0.0,18.0,18.0,['Male'],0,0,3,1,4,Dry,Straight,Level,Lowest,No
14384,18,Indiana,180733,0,2,2,0,2,CHESTERTON,November,7,Tuesday,13,40,Rural,High Speed (Arterial),No,41.64242222,-87.06582222,Non-Intersection,Daylight,Clear,Unknown,Unknown,Unknown EMS Scene Arrival Hour,Unknown EMS Scene Arrival Minutes,Unknown,Unknown EMS Hospital Arrival Time,1,Daylight,Clear,1,1,['Driver'],['Shoulder_Lapbelt'],1,1,Invalid,0.0,0.0,41.0,37.0,"['Male', 'Male']",1,0,3,4,5,Dry,Curve,Level,Lowest,No
14385,18,Indiana,180734,0,1,1,0,1,NOT APPLICABLE,October,31,Tuesday,4,0,Rural,High Speed (Arterial),Yes,39.31537778,-85.23898889,Non-Intersection,Dark - Lighted,Clear,Unknown,Unknown,Unknown EMS Scene Arrival Hour,Unknown EMS Scene Arrival Minutes,Not Applicable (Not Transported),Not Applicable (Not Transported),1,Dark - Lighted,Clear,1,0,['Driver'],['Shoulder_Lapbelt'],0,0,Valid,0.0,1.0,55.0,55.0,['Male'],0,0,4,4,3,Dry,Straight,Level,Lowest,No
14386,18,Indiana,180735,0,1,1,0,3,NOT APPLICABLE,November,4,Saturday,3,36,Rural,Medium Speed (Collector),No,38.94220556,-86.44205556,Non-Intersection,Dark - Not Lighted,Clear,Unknown,Unknown,Unknown EMS Scene Arrival Hour,Unknown EMS Scene Arrival Minutes,Unknown,Unknown EMS Hospital Arrival Time,1,Dark - Unlighted,Clear,1,2,['Front_Passenger'],['None_Used'],1,1,Valid,0.0,0.0,15.0,15.0,['Male'],3,0,2,4,3,Dry,Curve,Grade/Hillcrest,Lowest,No
14387,18,Indiana,180736,1,1,1,0,1,NOT APPLICABLE,November,8,Wednesday,14,55,Rural,High Speed (Arterial),Yes,39.94699722,-84.91735556,Non-Intersection,Daylight,Clear,Unknown,Unknown,Unknown EMS Scene Arrival Hour,Unknown EMS Scene Arrival Minutes,Unknown,Unknown EMS Hospital Arrival Time,1,Daylight,Clear,0,1,[],[],0,0,Valid,0.0,0.0,61.0,61.0,['Female'],0,0,3,4,4,Dry,Straight,Level,Lowest,No
14388,18,Indiana,180737,0,3,2,1,2,INDIANAPOLIS,November,3,Friday,9,54,Urban,Medium Speed (Collector),No,39.79711111,-85.99058611,Complex/Circle,Daylight,Clear,Unknown,Unknown,Unknown EMS Scene Arrival Hour,Unknown EMS Scene Arrival Minutes,Unknown,Unknown EMS Hospital Arrival Time,1,Daylight,Clear,1,1,['Driver'],['None_Used'],0,0,Valid,0.0,0.0,61.0,26.0,"['Female', 'Male']",0,0,3,4,5,Dry,Straight,Grade/Hillcrest,Lowest,No
14389,18,Indiana,180738,0,1,1,0,1,NOT APPLICABLE,November,6,Monday,17,42,Rural,Medium Speed (Collector),No,39.94699444,-87.53263611,Non-Intersection,Dusk,Clear,Unknown,Unknown,Unknown EMS Scene Arrival Hour,Unknown EMS Scene Arrival Minutes,Unknown,Unknown EMS Hospital Arrival Time,1,Twilight,Clear,1,0,['Driver'],['None_Used'],1,1,Valid,0.0,0.0,54.0,54.0,['Male'],0,0,5,4,3,Dry,Curve,Grade/Hillcrest,Lowest,No
14390,18,Indiana,180739,0,3,3,0,4,NOT APPLICABLE,November,12,Sunday,11,13,Rural,High Speed (Arterial),Yes,41.58913611,-86.89720278,Non-Intersection,Daylight,Clear,Unknown,Unknown,Unknown EMS Scene Arrival Hour,Unknown EMS Scene Arrival Minutes,Unknown,Unknown EMS Hospital Arrival Time,1,Daylight,Clear,1,3,['Driver'],['Shoulder_Lapbelt'],0,0,Valid,0.0,0.0,73.0,34.0,"['Female', 'Male', 'Female']",0,0,4,4,5,Dry,Straight,Level,Lowest,No
14391,18,Indiana,180740,0,2,2,0,2,NOT APPLICABLE,November,11,Saturday,13,39,Rural,Low Speed (Local),No,38.02923333,-87.67186389,Complex/Circle,Daylight,Clear,Unknown,Unknown,Unknown EMS Scene Arrival Hour,Unknown EMS Scene Arrival Minutes,Not Applicable (Not Transported),Not Applicable (Not Transported),1,Daylight,Clear,1,1,['Driver'],['None_Used'],0,0,Valid,0.0,1.0,63.0,49.0,"['Female', 'Male']",0,0,5,4,5,Dry,Straight,Level,Lowest,No
14392,18,Indiana,180741,0,1,1,0,1,EVANSVILLE,October,26,Thursday,3,50,Urban,Medium Speed (Collector),No,37.96288611,-87.55514444,Non-Intersection,Dark - Lighted,Clear,Unknown,Unknown,Unknown EMS Scene Arrival Hour,Unknown EMS Scene Arrival Minutes,Unknown,Unknown EMS Hospital Arrival Time,1,Dark - Lighted,Clear,1,0,['Driver'],['None_Used'],1,1,Invalid,0.0,0.0,45.0,45.0,['Male'],0,0,3,4,3,Dry,Straight,Level,Lowest,No
14393,18,Indiana,180742,1,1,1,0,1,NEW ALBANY,October,18,Wednesday,7,28,Urban,High Speed (Arterial),No,38.32599722,-85.80069167,Non-Intersection,Dark - Lighted,Cloudy,Unknown,Unknown,Unknown EMS Scene Arrival Hour,Unknown EMS Scene Arrival Minutes,Unknown,Unknown EMS Hospital Arrival Time,1,Dark - Lighted,Reduced Visibility,0,1,[],[],0,0,Valid,0.0,1.0,39.0,39.0,['Female'],0,0,3,1,4,Dry,Straight,Level,Lowest,No
14394,18,Indiana,180743,0,2,2,0,2,NOT APPLICABLE,October,27,Friday,16,49,Rural,Medium Speed (Collector),No,41.72206389,-85.21516111,Complex/Circle,Daylight,Cloudy,Unknown,Unknown,Unknown EMS Scene Arrival Hour,Unknown EMS Scene Arrival Minutes,Not Applicable (Not Transported),Not Applicable (Not Transported),1,Daylight,Reduced Visibility,1,1,['Driver'],['Shoulder_Lapbelt'],0,0,Valid,0.0,0.0,32.0,30.0,"['Male', 'Male']",1,0,4,4,5,Dry,Straight,Level,Lowest,No
14395,18,Indiana,180744,0,1,1,0,1,NOBLESVILLE,November,4,Saturday,3,6,Urban,High Speed (Arterial),No,40.00080833,-85.96910833,Non-Intersection,Dark - Not Lighted,Clear,Unknown,Unknown,Unknown EMS Scene Arrival Hour,Unknown EMS Scene Arrival Minutes,Not Applicable (Not Transported),Not Applicable (Not Transported),1,Dark - Unlighted,Clear,1,0,['Driver'],['Shoulder_Lapbelt'],1,1,Invalid,0.0,0.0,35.0,35.0,['Male'],1,0,2,4,3,Dry,Straight,Level,Lowest,No
14396,18,Indiana,180745,0,1,1,0,5,NOT APPLICABLE,November,7,Tuesday,6,10,Rural,High Speed (Arterial),Yes,39.45005833,-86.3857,Non-Intersection,Dark - Not Lighted,"Fog, Smog, Smoke",Unknown,Unknown,Unknown EMS Scene Arrival Hour,Unknown EMS Scene Arrival Minutes,Unknown,Unknown EMS Hospital Arrival Time,1,Dark - Unlighted,Reduced Visibility,1,4,['Rear_Seat'],['None_Used'],0,0,Valid,1.0,0.0,18.0,18.0,['Female'],0,0,2,4,3,Dry,Straight,Level,Medium,No
14397,18,Indiana,180746,0,2,2,0,2,NOT APPLICABLE,November,7,Tuesday,16,3,Rural,High Speed (Arterial),Yes,40.72793056,-86.87278056,Non-Intersection,Daylight,Clear,Unknown,Unknown,Unknown EMS Scene Arrival Hour,Unknown EMS Scene Arrival Minutes,Unknown,Unknown EMS Hospital Arrival Time,1,Daylight,Clear,1,1,['Driver'],['None_Used'],0,0,Valid,0.0,1.0,31.0,29.0,"['Male', 'Male']",0,0,4,4,5,Dry,Straight,Level,Lowest,No
14398,18,Indiana,180747,0,2,2,0,3,NOT APPLICABLE,November,11,Saturday,22,30,Rural,Medium Speed (Collector),No,41.2204,-85.13356667,Non-Intersection,Dark - Not Lighted,Clear,Unknown,Unknown,Unknown EMS Scene Arrival Hour,Unknown EMS Scene Arrival Minutes,Unknown,Unknown EMS Hospital Arrival Time,1,Dark - Unlighted,Clear,1,2,['Driver'],['Shoulder_Lapbelt'],0,0,Valid,0.0,0.0,17.0,16.0,"['Male', 'Female']",0,0,3,4,5,Dry,Straight,Level,Lowest,No
14399,18,Indiana,180748,0,2,2,0,2,NOT APPLICABLE,November,11,Saturday,7,49,Rural,Medium Speed (Collector),No,39.96753056,-85.02927778,Non-Intersection,Daylight,Clear,Unknown,Unknown,Unknown EMS Scene Arrival Hour,Unknown EMS Scene Arrival Minutes,Unknown,Unknown EMS Hospital Arrival Time,1,Daylight,Clear,1,1,['Driver'],['Shoulder_Lapbelt'],0,0,Valid,0.0,2.0,54.0,35.0,"['Female', 'Male']",0,0,4,4,5,Dry,Curve,Grade/Hillcrest,Lowest,No
14400,18,Indiana,180749,0,2,2,0,2,NOT APPLICABLE,November,9,Thursday,2,49,Rural,High Speed (Arterial),Yes,39.57558889,-85.81033333,Non-Intersection,Dark - Not Lighted,Clear,Unknown,Unknown,Unknown EMS Scene Arrival Hour,Unknown EMS Scene Arrival Minutes,Unknown,Unknown EMS Hospital Arrival Time,1,Dark - Unlighted,Clear,1,1,['Driver'],['None_Used'],1,1,Valid,0.0,0.0,72.0,49.0,"['Male', 'Male']",0,0,3,4,5,Dry,Straight,Level,Lowest,No
14401,18,Indiana,180750,3,4,1,3,2,MEMPHIS,November,2,Thursday,5,23,Urban,High Speed (Arterial),Yes,38.49156111,-85.77206111,Non-Intersection,Dark - Lighted,Clear,Unknown,Unknown,Unknown EMS Scene Arrival Hour,Unknown EMS Scene Arrival Minutes,Unknown,Unknown EMS Hospital Arrival Time,1,Dark - Lighted,Clear,1,1,['Non_Standard_Risk'],['None_Used'],0,0,Valid,0.0,2.0,59.0,59.0,['Male'],0,0,4,4,5,Dry,Straight,Grade/Hillcrest,Lowest,No
14402,18,Indiana,180751,0,1,1,0,1,GOSHEN,November,13,Monday,14,36,Urban,Medium Speed (Collector),No,41.59013333,-85.83462222,Non-Intersection,Daylight,Clear,Unknown,Unknown,Unknown EMS Scene Arrival Hour,Unknown EMS Scene Arrival Minutes,Not Applicable (Not Transported),Not Applicable (Not Transported),1,Daylight,Clear,1,0,['Driver'],['Shoulder_Lapbelt'],0,0,Valid,0.0,0.0,83.0,83.0,['Female'],0,0,3,4,4,Dry,Straight,Level,Lowest,No
14403,18,Indiana,180752,1,2,2,0,2,GARY,November,13,Monday,23,45,Urban,High Speed (Arterial),No,41.59493056,-87.23488056,Non-Intersection,Dark - Not Lighted,Clear,Unknown,Unknown,Unknown EMS Scene Arrival Hour,Unknown EMS Scene Arrival Minutes,Not Applicable (Not Transported),Not Applicable (Not Transported),1,Dark - Unlighted,Clear,0,2,[],[],1,1,Valid,0.0,1.0,80.0,36.0,"['Female', 'Female']",0,0,2,4,4,Dry,Straight,Grade/Hillcrest,Lowest,No
14404,18,Indiana,180753,0,1,1,0,1,NOT APPLICABLE,November,14,Tuesday,19,17,Rural,High Speed (Arterial),Yes,41.64442778,-85.16347778,Non-Intersection,Dark - Not Lighted,Clear,Unknown,Unknown,Unknown EMS Scene Arrival Hour,Unknown EMS Scene Arrival Minutes,Not Applicable (Not Transported),Not Applicable (Not Transported),1,Dark - Unlighted,Clear,1,0,['Driver'],['Shoulder_Lapbelt'],0,0,Valid,0.0,0.0,62.0,62.0,['Male'],0,0,1,4,3,Dry,Curve,Level,Lowest,No
14405,18,Indiana,180754,0,2,2,0,3,COLUMBUS,November,14,Tuesday,13,31,Urban,Medium Speed (Collector),No,39.18782222,-85.88823056,Non-Intersection,Daylight,Clear,Unknown,Unknown,Unknown EMS Scene Arrival Hour,Unknown EMS Scene Arrival Minutes,Unknown,Unknown EMS Hospital Arrival Time,1,Daylight,Clear,1,2,['Front_Passenger'],['Shoulder_Only'],0,0,Valid,0.0,0.0,66.0,17.0,"['Male', 'Female']",2,0,2,4,5,Dry,Curve,Level,Lowest,No
14406,18,Indiana,180755,0,2,2,0,3,NOT APPLICABLE,November,12,Sunday,16,15,Rural,Medium Speed (Collector),No,40.60248611,-86.81206111,Complex/Circle,Daylight,Cloudy,Unknown,Unknown,Unknown EMS Scene Arrival Hour,Unknown EMS Scene Arrival Minutes,Unknown,Unknown EMS Hospital Arrival Time,1,Daylight,Reduced Visibility,1,2,['Driver'],['Shoulder_Lapbelt'],0,0,Valid,0.0,1.0,47.0,39.0,"['Male', 'Female']",0,0,4,4,5,Dry,Straight,Level,Lowest,No
14407,18,Indiana,180756,0,1,1,0,3,NOT APPLICABLE,November,13,Monday,8,40,Rural,Medium Speed (Collector),No,39.62403333,-85.92255278,Complex/Circle,Daylight,Clear,Unknown,Unknown,Unknown EMS Scene Arrival Hour,Unknown EMS Scene Arrival Minutes,Unknown,Unknown EMS Hospital Arrival Time,1,Daylight,Clear,1,2,['Front_Passenger'],['Shoulder_Lapbelt'],0,0,Invalid,0.0,0.0,33.0,33.0,['Male'],0,0,2,4,2,Dry,Curve,Level,Lowest,No
14408,18,Indiana,180757,0,2,1,1,1,GARY,November,14,Tuesday,18,30,Urban,Medium Speed (Collector),No,41.554425,-87.34591944,Non-Intersection,Dusk,Clear,Unknown,Unknown,Unknown EMS Scene Arrival Hour,Unknown EMS Scene Arrival Minutes,Not Applicable (Not Transported),Not Applicable (Not Transported),1,Twilight,Clear,1,0,['Driver'],['Shoulder_Lapbelt'],1,1,Invalid,0.0,0.0,56.0,56.0,['Male'],1,0,2,4,3,Dry,Straight,Level,Lowest,No
14409,18,Indiana,180758,0,3,3,0,3,CARMEL,November,15,Wednesday,11,1,Urban,High Speed (Arterial),Yes,39.98411389,-86.14428056,Non-Intersection,Daylight,Clear,Unknown,Unknown,Unknown EMS Scene Arrival Hour,Unknown EMS Scene Arrival Minutes,Not Applicable (Not Transported),Not Applicable (Not Transported),1,Daylight,Clear,1,2,['Driver'],['None_Used'],0,0,Valid,0.0,2.0,42.0,26.0,"['Male', 'Male', 'Male']",0,0,3,4,5,Dry,Straight,Grade/Hillcrest,Lowest,No
14410,18,Indiana,180759,0,1,1,0,1,NOT APPLICABLE,November,16,Thursday,20,57,Rural,Medium Speed (Collector),No,41.608825,-84.91411111,Non-Intersection,Dark - Not Lighted,Clear,Unknown,Unknown,Unknown EMS Scene Arrival Hour,Unknown EMS Scene Arrival Minutes,Not Applicable (Not Transported),Not Applicable (Not Transported),1,Dark - Unlighted,Clear,1,0,['Driver'],['None_Used'],0,0,Invalid,0.0,0.0,36.0,36.0,['Male'],1,0,3,4,3,Dry,Curve,Grade/Hillcrest,Lowest,No
14411,18,Indiana,180760,0,1,1,0,1,NOT APPLICABLE,November,16,Thursday,23,14,Rural,High Speed (Arterial),No,38.40344722,-85.67655,Non-Intersection,Dark - Not Lighted,Clear,Unknown,Unknown,Unknown EMS Scene Arrival Hour,Unknown EMS Scene Arrival Minutes,Unknown,Unknown EMS Hospital Arrival Time,1,Dark - Unlighted,Clear,1,0,['Driver'],['None_Used'],0,0,Valid,0.0,0.0,61.0,61.0,['Male'],0,0,5,4,1,Dry,Straight,Level,Lowest,No
14412,18,Indiana,180761,2,4,2,2,2,INDIANAPOLIS,October,26,Thursday,19,35,Urban,High Speed (Arterial),Yes,39.80309444,-85.97239167,Non-Intersection,Dark - Not Lighted,Clear,Unknown,Unknown,Unknown EMS Scene Arrival Hour,Unknown EMS Scene Arrival Minutes,Unknown,Unknown EMS Hospital Arrival Time,2,Dark - Unlighted,Clear,1,1,['Driver'],['Shoulder_Lapbelt'],0,0,Valid,0.0,0.0,32.0,19.0,"['Male', 'Male']",0,0,4,4,5,Dry,Straight,Level,Lowest,No
14413,18,Indiana,180762,1,1,1,0,1,NOT APPLICABLE,November,14,Tuesday,19,28,Rural,Medium Speed (Collector),No,41.14449167,-87.28073333,Complex/Circle,Dark - Not Lighted,Clear,Unknown,Unknown,Unknown EMS Scene Arrival Hour,Unknown EMS Scene Arrival Minutes,Not Applicable (Not Transported),Not Applicable (Not Transported),1,Dark - Unlighted,Clear,0,1,[],[],0,0,Valid,0.0,1.0,19.0,19.0,['Male'],0,0,2,4,4,Dry,Straight,Level,Lowest,No
14414,18,Indiana,180763,0,1,1,0,1,NOT APPLICABLE,November,18,Saturday,12,50,Rural,Low Speed (Local),No,39.2151,-86.61138056,Non-Intersection,Daylight,Clear,Unknown,Unknown,Unknown EMS Scene Arrival Hour,Unknown EMS Scene Arrival Minutes,Not Applicable (Not Transported),Not Applicable (Not Transported),1,Daylight,Clear,1,0,['Driver'],['Shoulder_Lapbelt'],0,0,Valid,0.0,0.0,49.0,49.0,['Female'],1,0,3,4,3,Dry,Curve,Level,Lowest,No
14415,18,Indiana,180764,0,1,1,0,1,HAMMOND,November,19,Sunday,10,8,Urban,Low Speed (Local),No,41.585375,-87.46160556,Non-Intersection,Daylight,Clear,Unknown,Unknown,Unknown EMS Scene Arrival Hour,Unknown EMS Scene Arrival Minutes,Unknown,Unknown EMS Hospital Arrival Time,1,Daylight,Clear,1,0,['Driver'],['None_Used'],0,0,Valid,0.0,0.0,26.0,26.0,['Male'],0,0,2,4,3,Dry,Straight,Level,Lowest,No
14416,18,Indiana,180765,0,2,2,0,4,BROWNSBURG,November,17,Friday,12,41,Urban,High Speed (Arterial),Yes,39.80763333,-86.35010556,Complex/Circle,Daylight,Cloudy,Unknown,Unknown,Unknown EMS Scene Arrival Hour,Unknown EMS Scene Arrival Minutes,Unknown,Unknown EMS Hospital Arrival Time,1,Daylight,Reduced Visibility,1,3,['Rear_Seat'],['Shoulder_Lapbelt'],0,0,Valid,0.0,0.0,76.0,55.0,"['Male', 'Male']",0,0,3,4,5,Dry,Straight,Level,Lowest,No
14417,18,Indiana,180766,0,2,2,0,2,NOT APPLICABLE,November,21,Tuesday,15,34,Rural,High Speed (Arterial),Yes,41.17241944,-86.24203056,Complex/Circle,Daylight,Rain,Unknown,Unknown,Unknown EMS Scene Arrival Hour,Unknown EMS Scene Arrival Minutes,Not Applicable (Not Transported),Not Applicable (Not Transported),1,Daylight,Rain/Wind/Minor,1,1,['Driver'],['Shoulder_Only'],0,0,Valid,0.0,0.0,95.0,54.0,"['Female', 'Male']",0,0,4,4,5,Wet/Standing Water,Straight,Level,Lowest,No
14418,18,Indiana,180767,0,2,2,0,3,INDIANAPOLIS,October,26,Thursday,13,20,Urban,High Speed (Arterial),Yes,39.68777778,-86.27890833,Complex/Circle,Daylight,Clear,Unknown,Unknown,Unknown EMS Scene Arrival Hour,Unknown EMS Scene Arrival Minutes,Unknown,Unknown EMS Hospital Arrival Time,1,Daylight,Clear,1,2,['Front_Passenger'],['Shoulder_Lapbelt'],0,0,Valid,0.0,0.0,19.0,19.0,"['Male', 'Female']",0,0,4,4,5,Dry,Straight,Level,Lowest,No
14419,18,Indiana,180768,0,2,2,0,3,GREENWOOD,November,22,Wednesday,6,15,Urban,Medium Speed (Collector),No,39.61463056,-86.06754444,Non-Intersection,Dark - Not Lighted,Clear,Unknown,Unknown,Unknown EMS Scene Arrival Hour,Unknown EMS Scene Arrival Minutes,Unknown,Unknown EMS Hospital Arrival Time,1,Dark - Unlighted,Clear,1,2,['Driver'],['Shoulder_Lapbelt'],0,0,Valid,0.0,0.0,30.0,26.0,"['Female', 'Male']",0,0,4,4,5,Wet/Standing Water,Straight,Grade/Hillcrest,Lowest,No
14420,18,Indiana,180770,0,2,2,0,9,NOT APPLICABLE,November,18,Saturday,22,14,Rural,Medium Speed (Collector),No,40.4322,-86.73290556,Complex/Circle,Dark - Not Lighted,Clear,Unknown,Unknown,Unknown EMS Scene Arrival Hour,Unknown EMS Scene Arrival Minutes,Unknown,Unknown EMS Hospital Arrival Time,1,Dark - Unlighted,Clear,1,8,['Front_Passenger'],['Shoulder_Lapbelt'],0,0,Valid,0.0,0.0,76.0,34.0,"['Male', 'Male']",0,0,3,4,5,Dry,Straight,Level,Lowest,No
14421,18,Indiana,180771,0,2,2,0,3,INDIANAPOLIS,November,20,Monday,14,24,Urban,High Speed (Arterial),No,39.91968333,-86.15800278,Complex/Circle,Daylight,Clear,Unknown,Unknown,Unknown EMS Scene Arrival Hour,Unknown EMS Scene Arrival Minutes,Unknown,Unknown EMS Hospital Arrival Time,1,Daylight,Clear,1,2,['Front_Passenger'],['Shoulder_Lapbelt'],0,0,Valid,0.0,1.0,56.0,51.0,"['Male', 'Male']",0,0,3,4,5,Dry,Straight,Level,Lowest,No
14422,18,Indiana,180772,0,3,3,0,5,NOT APPLICABLE,November,21,Tuesday,11,0,Urban,High Speed (Arterial),No,38.40164722,-85.67719167,Complex/Circle,Daylight,Cloudy,Unknown,Unknown,Unknown EMS Scene Arrival Hour,Unknown EMS Scene Arrival Minutes,Unknown,Unknown EMS Hospital Arrival Time,1,Daylight,Reduced Visibility,1,4,['Front_Passenger'],['Shoulder_Lapbelt'],0,0,Valid,0.0,0.0,67.0,35.0,"['Female', 'Female', 'Female']",0,0,3,4,5,Wet/Standing Water,Straight,Level,Lowest,No
14423,18,Indiana,180773,1,1,1,0,1,GARY,November,24,Friday,22,35,Urban,Medium Speed (Collector),No,41.57343056,-87.39508611,Non-Intersection,Dark - Not Lighted,Clear,Unknown,Unknown,Unknown EMS Scene Arrival Hour,Unknown EMS Scene Arrival Minutes,Not Applicable (Not Transported),Not Applicable (Not Transported),1,Dark - Unlighted,Clear,0,1,[],[],0,0,Invalid,0.0,0.0,998.0,998.0,['Other'],0,0,1,1,4,Dry,Straight,Level,Lowest,No
14424,18,Indiana,180775,0,2,2,0,2,FORT WAYNE,November,15,Wednesday,7,48,Urban,High Speed (Arterial),Yes,41.04103889,-85.25258611,Non-Intersection,Daylight,Clear,Unknown,Unknown,Unknown EMS Scene Arrival Hour,Unknown EMS Scene Arrival Minutes,Unknown,Unknown EMS Hospital Arrival Time,1,Daylight,Clear,1,1,['Driver'],['Shoulder_Lapbelt'],0,0,Valid,0.0,0.0,56.0,47.0,"['Male', 'Female']",0,0,2,1,5,Dry,Straight,Level,Lowest,No
14425,18,Indiana,180776,0,2,2,0,2,INDIANAPOLIS,November,20,Monday,12,20,Urban,High Speed (Arterial),No,39.89613611,-86.04609722,Simple Junction,Daylight,Cloudy,Unknown,Unknown,Unknown EMS Scene Arrival Hour,Unknown EMS Scene Arrival Minutes,Unknown,Unknown EMS Hospital Arrival Time,1,Daylight,Reduced Visibility,1,1,['Driver'],['Shoulder_Lapbelt'],0,0,Valid,0.0,0.0,72.0,31.0,"['Male', 'Male']",0,0,3,4,5,Dry,Straight,Level,Lowest,No
14426,18,Indiana,180777,0,4,4,0,5,CLARKSVILLE,November,7,Tuesday,1,15,Urban,High Speed (Arterial),Yes,38.31774722,-85.75266111,Non-Intersection,Dark - Lighted,Cloudy,Unknown,Unknown,Unknown EMS Scene Arrival Hour,Unknown EMS Scene Arrival Minutes,Unknown,Unknown EMS Hospital Arrival Time,1,Dark - Lighted,Reduced Visibility,1,4,['Driver'],['Shoulder_Lapbelt'],0,0,Valid,0.0,0.0,46.0,25.0,"['Male', 'Male', 'Male', 'Male']",2,0,4,4,5,Dry,Straight,Level,Lowest,No