,State_Code,State_Name,Crash_ID,Count_Non_Motorists,Count_Vehicles_Total,Count_Vehicle_Forms,Count_PVH_Involved,Count_Occupants_MV,City_Name,Month_Name,Day_of_Month,Day_of_Week,Crash_Hour,Crash_Minute,Area_Rural_Urban,Road_Functional_Class,On_NHS_Road,Latitude,Longitude,Intersection_Type,Light_Condition,Weather_Condition,Notif_Hour,Notif_Minute,Arrival_Hour,Arrival_Minute,Hospital_Hour,Hospital_Minute,Fatalities_Count,Clean_Light_Condition,Clean_Weather_Condition,Total_Killed,Total_Alive,Fatal_Seats_List,Killed_Restraint_List,Any_Driver_Drinking,Total_Drinking_Drivers,Driver_License_Category,Driver_Max_Prev_Accident_Count,Driver_Max_Prev_Speeding_Count,Max_Driver_Age,Min_Driver_Age,Driver_Sex_List,Total_Exceeding_Limit_Vehicles,Total_Too_Fast_Vehicles,Max_Vehicle_Type_Severity_5,Max_Vehicle_Damage_Rank,Max_Harmful_Event_Severity,Crash_Road_Surface_Condition,Crash_Horizontal_Alignment,Crash_Vertical_Profile,Crash_Impairment_Category,Crash_Vehicle_Defect
14427,18,Indiana,180778,0,1,1,0,1,RENSSELAER,November,18,Saturday,16,25,Urban,Low Speed (Local),No,40.93346667,-87.16406389,Non-Intersection,Dusk,Clear,Unknown,Unknown,Unknown EMS Scene Arrival Hour,Unknown EMS Scene Arrival Minutes,Unknown,Unknown EMS Hospital Arrival Time,1,Twilight,Clear,1,0,['Driver'],['None_Used'],0,0,Invalid,0.0,0.0,44.0,44.0,['Male'],0,0,5,1,1,Dry,Straight,Level,Lowest,No
14428,18,Indiana,180779,0,1,1,0,1,NOT APPLICABLE,November,22,Wednesday,14,37,Rural,Medium Speed (Collector),No,37.85829722,-87.93762778,Non-Intersection,Daylight,Clear,Unknown,Unknown,Unknown EMS Scene Arrival Hour,Unknown EMS Scene Arrival Minutes,Not Applicable (Not Transported),Not Applicable (Not Transported),1,Daylight,Clear,1,0,['Driver'],['Shoulder_Lapbelt'],0,0,Valid,0.0,0.0,22.0,22.0,['Male'],1,0,3,4,3,Dry,Curve,Level,Lowest,No
14429,18,Indiana,180780,0,1,1,0,1,NOT APPLICABLE,November,25,Saturday,0,55,Rural,Medium Speed (Collector),No,41.45079722,-87.03668611,Non-Intersection,Dark - Not Lighted,Clear,Unknown,Unknown,Unknown EMS Scene Arrival Hour,Unknown EMS Scene Arrival Minutes,Not Applicable (Not Transported),Not Applicable (Not Transported),1,Dark - Unlighted,Clear,1,0,['Driver'],['None_Used'],0,0,Valid,0.0,0.0,20.0,20.0,['Female'],0,0,2,4,3,Dry,Straight,Level,Lowest,No
14430,18,Indiana,180781,0,1,1,0,1,NOT APPLICABLE,November,24,Friday,1,26,Rural,Low Speed (Local),No,39.48011389,-86.29414444,Non-Intersection,Dark - Not Lighted,Clear,Unknown,Unknown,Unknown EMS Scene Arrival Hour,Unknown EMS Scene Arrival Minutes,Not Applicable (Not Transported),Not Applicable (Not Transported),1,Dark - Unlighted,Clear,1,0,['Driver'],['None_Used'],0,0,Valid,0.0,0.0,75.0,75.0,['Male'],0,0,3,4,2,Dry,Curve,Grade/Hillcrest,Lowest,No
14431,18,Indiana,180782,0,2,2,0,2,NEW CASTLE,November,1,Wednesday,12,38,Rural,Medium Speed (Collector),No,40.00384722,-85.33981111,Complex/Circle,Daylight,Clear,Unknown,Unknown,Unknown EMS Scene Arrival Hour,Unknown EMS Scene Arrival Minutes,Unknown,Unknown EMS Hospital Arrival Time,1,Daylight,Clear,1,1,['Driver'],['None_Used'],0,0,Valid,0.0,0.0,71.0,65.0,"['Female', 'Female']",0,0,3,4,5,Dry,Straight,Level,Lowest,No
14432,18,Indiana,180783,0,1,1,0,1,NOT APPLICABLE,November,10,Friday,4,54,Urban,Medium Speed (Collector),No,41.03834722,-86.02431667,Non-Intersection,Dark - Not Lighted,Clear,Unknown,Unknown,Unknown EMS Scene Arrival Hour,Unknown EMS Scene Arrival Minutes,Unknown,Unknown EMS Hospital Arrival Time,1,Dark - Unlighted,Clear,1,0,['Driver'],['None_Used'],0,0,Valid,0.0,1.0,18.0,18.0,['Male'],1,0,3,4,3,Dry,Straight,Level,Lowest,No
14433,18,Indiana,180784,0,4,4,0,5,NOT APPLICABLE,November,12,Sunday,2,47,Rural,High Speed (Arterial),Yes,40.122625,-85.56857222,Non-Intersection,Dark - Not Lighted,Clear,Unknown,Unknown,Unknown EMS Scene Arrival Hour,Unknown EMS Scene Arrival Minutes,Unknown,Unknown EMS Hospital Arrival Time,2,Dark - Unlighted,Clear,2,3,"['Driver', 'Front_Passenger']","['Shoulder_Lapbelt', 'Shoulder_Lapbelt']",1,1,Valid,0.0,0.0,50.0,30.0,"['Male', 'Female', 'Male', 'Male']",1,0,4,4,5,Dry,Straight,Level,Lowest,No
14434,18,Indiana,180785,0,1,1,0,1,GARY,November,25,Saturday,2,41,Urban,Low Speed (Local),No,41.54398611,-87.33143056,Non-Intersection,Dark - Lighted,Clear,Unknown,Unknown,Unknown EMS Scene Arrival Hour,Unknown EMS Scene Arrival Minutes,Not Applicable (Not Transported),Not Applicable (Not Transported),1,Dark - Lighted,Clear,1,0,['Driver'],['None_Used'],1,1,Invalid,0.0,0.0,26.0,26.0,['Male'],0,0,3,4,4,Dry,Straight,Level,Lowest,No
14435,18,Indiana,180786,1,1,1,0,1,LAFAYETTE,November,26,Sunday,3,1,Urban,Medium Speed (Collector),No,40.39351667,-86.83839167,Non-Intersection,Dark - Not Lighted,Clear,Unknown,Unknown,Unknown EMS Scene Arrival Hour,Unknown EMS Scene Arrival Minutes,Not Applicable (Not Transported),Not Applicable (Not Transported),1,Dark - Unlighted,Clear,0,1,[],[],0,0,Invalid,0.0,0.0,998.0,998.0,['Other'],0,0,3,1,4,Dry,Straight,Level,Lowest,No
14436,18,Indiana,180787,0,1,1,0,1,NOT APPLICABLE,November,30,Thursday,9,25,Rural,Medium Speed (Collector),No,39.4814,-85.794025,Non-Intersection,Daylight,Cloudy,Unknown,Unknown,Unknown EMS Scene Arrival Hour,Unknown EMS Scene Arrival Minutes,Unknown,Unknown EMS Hospital Arrival Time,1,Daylight,Reduced Visibility,1,0,['Driver'],['None_Used'],0,0,Valid,0.0,0.0,62.0,62.0,['Female'],0,0,2,4,3,Dry,Straight,Level,Lowest,No
14437,18,Indiana,180788,0,1,1,0,1,NOT APPLICABLE,November,29,Wednesday,14,41,Rural,Medium Speed (Collector),No,38.22970278,-86.233925,Non-Intersection,Daylight,Clear,Unknown,Unknown,Unknown EMS Scene Arrival Hour,Unknown EMS Scene Arrival Minutes,Not Applicable (Not Transported),Not Applicable (Not Transported),1,Daylight,Clear,1,0,['Driver'],['Shoulder_Lapbelt'],0,0,Valid,0.0,0.0,81.0,81.0,['Female'],0,0,3,4,3,Dry,Straight,Level,Lowest,No
14438,18,Indiana,180789,1,1,1,0,1,PORTAGE,November,28,Tuesday,18,43,Urban,Medium Speed (Collector),No,41.57266944,-87.18301667,Complex/Circle,Dark - Not Lighted,Clear,Unknown,Unknown,Unknown EMS Scene Arrival Hour,Unknown EMS Scene Arrival Minutes,Unknown,Unknown EMS Hospital Arrival Time,1,Dark - Unlighted,Clear,0,1,[],[],0,0,Valid,0.0,0.0,46.0,46.0,['Male'],0,0,3,1,4,Dry,Straight,Level,Lowest,No
14439,18,Indiana,180790,0,1,1,0,1,NOT APPLICABLE,November,29,Wednesday,23,0,Rural,Medium Speed (Collector),No,40.17299722,-85.03523611,Complex/Circle,Dark - Not Lighted,Clear,Unknown,Unknown,Unknown EMS Scene Arrival Hour,Unknown EMS Scene Arrival Minutes,Not Applicable (Not Transported),Not Applicable (Not Transported),1,Dark - Unlighted,Clear,1,0,['Driver'],['None_Used'],0,0,Invalid,0.0,0.0,44.0,44.0,['Male'],1,0,2,4,2,Dry,Straight,Level,Lowest,No
14440,18,Indiana,180791,1,1,1,0,1,INDIANAPOLIS,November,28,Tuesday,6,19,Urban,Medium Speed (Collector),No,39.71303056,-86.02451111,Non-Intersection,Dark - Lighted,Cloudy,Unknown,Unknown,Unknown EMS Scene Arrival Hour,Unknown EMS Scene Arrival Minutes,Not Applicable (Not Transported),Not Applicable (Not Transported),1,Dark - Lighted,Reduced Visibility,0,1,[],[],0,0,Invalid,0.0,0.0,39.0,39.0,['Female'],0,0,2,1,4,Dry,Straight,Level,Lowest,No
14441,18,Indiana,180792,1,1,1,0,1,INDIANAPOLIS,November,22,Wednesday,15,53,Urban,Medium Speed (Collector),No,39.82513889,-85.99102222,Non-Intersection,Daylight,Clear,Unknown,Unknown,Unknown EMS Scene Arrival Hour,Unknown EMS Scene Arrival Minutes,Unknown,Unknown EMS Hospital Arrival Time,1,Daylight,Clear,0,1,[],[],0,0,Valid,0.0,0.0,30.0,30.0,['Male'],0,0,2,4,4,Dry,Straight,Level,Lowest,No
14442,18,Indiana,180793,1,1,1,0,1,SPEEDWAY,December,2,Saturday,18,50,Urban,Medium Speed (Collector),No,39.80727778,-86.26997222,Non-Intersection,Dark - Lighted,Cloudy,Unknown,Unknown,Unknown EMS Scene Arrival Hour,Unknown EMS Scene Arrival Minutes,Not Applicable (Not Transported),Not Applicable (Not Transported),1,Dark - Lighted,Reduced Visibility,0,1,[],[],0,0,Invalid,0.0,0.0,52.0,52.0,['Male'],0,0,3,1,4,Dry,Straight,Level,Lowest,No
14443,18,Indiana,180794,0,2,1,1,2,INDIANAPOLIS,November,10,Friday,23,46,Urban,Medium Speed (Collector),No,39.89932778,-86.2168,Non-Intersection,Dark - Lighted,Clear,Unknown,Unknown,Unknown EMS Scene Arrival Hour,Unknown EMS Scene Arrival Minutes,Unknown,Unknown EMS Hospital Arrival Time,1,Dark - Lighted,Clear,1,1,['Driver'],['None_Used'],1,1,Invalid,0.0,0.0,46.0,46.0,['Male'],2,0,2,4,3,Dry,Straight,Level,Lowest,No
14444,18,Indiana,180795,0,1,1,0,1,MADISON,November,14,Tuesday,21,39,Urban,High Speed (Arterial),No,38.77025278,-85.43257222,Non-Intersection,Dark - Not Lighted,Clear,Unknown,Unknown,Unknown EMS Scene Arrival Hour,Unknown EMS Scene Arrival Minutes,Not Applicable (Not Transported),Not Applicable (Not Transported),1,Dark - Unlighted,Clear,1,0,['Driver'],['None_Used'],0,0,Valid,0.0,0.0,59.0,59.0,['Male'],0,0,3,4,3,Dry,Curve,Grade/Hillcrest,Lowest,No
14445,18,Indiana,180796,0,1,1,0,2,NOT APPLICABLE,September,10,Sunday,19,18,Urban,Low Speed (Local),No,41.61018333,-87.48546389,Non-Intersection,Daylight,Clear,Unknown,Unknown,Unknown EMS Scene Arrival Hour,Unknown EMS Scene Arrival Minutes,Unknown,Unknown EMS Hospital Arrival Time,1,Daylight,Clear,1,1,['Rear_Seat'],['None_Used'],0,0,Valid,0.0,0.0,23.0,23.0,['Male'],2,0,5,1,1,Dry,Straight,Level,Lowest,No
14446,18,Indiana,180797,0,1,1,0,2,NOT APPLICABLE,November,29,Wednesday,3,29,Rural,Medium Speed (Collector),No,41.338175,-85.66761667,Non-Intersection,Dark - Not Lighted,Clear,Unknown,Unknown,Unknown EMS Scene Arrival Hour,Unknown EMS Scene Arrival Minutes,Unknown,Unknown EMS Hospital Arrival Time,1,Dark - Unlighted,Clear,1,1,['Rear_Seat'],['None_Used'],1,1,Invalid,0.0,0.0,21.0,21.0,['Male'],0,0,2,4,3,Dry,Curve,Grade/Hillcrest,Lowest,No
14447,18,Indiana,180798,0,1,1,0,1,NOT APPLICABLE,November,7,Tuesday,14,50,Urban,Medium Speed (Collector),No,39.75807778,-86.28896389,Simple Junction,Daylight,Cloudy,Unknown,Unknown,Unknown EMS Scene Arrival Hour,Unknown EMS Scene Arrival Minutes,Not Applicable (Not Transported),Not Applicable (Not Transported),1,Daylight,Reduced Visibility,1,0,['Driver'],['Shoulder_Lapbelt'],0,0,Invalid,0.0,0.0,19.0,19.0,['Male'],1,0,2,4,4,Dry,Straight,Level,Lowest,No
14448,18,Indiana,180799,0,1,1,0,2,NOT APPLICABLE,March,17,Friday,7,39,Rural,Medium Speed (Collector),No,38.81540833,-85.06395833,Non-Intersection,Dawn,Rain,Unknown,Unknown,Unknown EMS Scene Arrival Hour,Unknown EMS Scene Arrival Minutes,Unknown,Unknown EMS Hospital Arrival Time,1,Twilight,Rain/Wind/Minor,1,1,['Front_Passenger'],['Shoulder_Lapbelt'],0,0,Invalid,0.0,0.0,46.0,46.0,['Male'],2,0,3,4,3,Wet/Standing Water,Curve,Grade/Hillcrest,Lowest,No
14449,18,Indiana,180800,1,1,1,0,1,INDIANAPOLIS,December,5,Tuesday,6,31,Urban,High Speed (Arterial),No,39.72690556,-86.18688611,Non-Intersection,Dark - Not Lighted,Rain,Unknown,Unknown,Unknown EMS Scene Arrival Hour,Unknown EMS Scene Arrival Minutes,Not Applicable (Not Transported),Not Applicable (Not Transported),1,Dark - Unlighted,Rain/Wind/Minor,0,1,[],[],0,0,Valid,0.0,0.0,55.0,55.0,['Male'],0,0,4,1,4,Wet/Standing Water,Straight,Level,Lowest,No
14450,18,Indiana,180802,0,2,2,0,3,GREENWOOD,December,5,Tuesday,16,53,Rural,High Speed (Arterial),No,39.57429444,-86.15893889,Complex/Circle,Dusk,Rain,Unknown,Unknown,Unknown EMS Scene Arrival Hour,Unknown EMS Scene Arrival Minutes,Unknown,Unknown EMS Hospital Arrival Time,1,Twilight,Rain/Wind/Minor,1,2,['Front_Passenger'],['Shoulder_Lapbelt'],0,0,Valid,0.0,0.0,40.0,16.0,"['Male', 'Male']",0,0,3,4,5,Wet/Standing Water,Straight,Level,Lowest,No
14451,18,Indiana,180803,1,1,1,0,1,SOUTH BEND,November,11,Saturday,6,10,Urban,High Speed (Arterial),No,41.67231944,-86.25193056,Complex/Circle,Dark - Lighted,Cloudy,Unknown,Unknown,Unknown EMS Scene Arrival Hour,Unknown EMS Scene Arrival Minutes,Not Applicable (Not Transported),Not Applicable (Not Transported),1,Dark - Lighted,Reduced Visibility,0,1,[],[],0,0,Valid,0.0,0.0,74.0,74.0,['Female'],0,0,2,1,4,Dry,Straight,Level,Lowest,No
14452,18,Indiana,180804,0,1,1,0,1,NOT APPLICABLE,September,15,Friday,23,56,Rural,Medium Speed (Collector),No,40.73125833,-86.02988611,Non-Intersection,Dark - Not Lighted,Clear,Unknown,Unknown,Unknown EMS Scene Arrival Hour,Unknown EMS Scene Arrival Minutes,Unknown,Unknown EMS Hospital Arrival Time,1,Dark - Unlighted,Clear,1,0,['Driver'],['None_Used'],1,1,Invalid,0.0,0.0,28.0,28.0,['Male'],0,0,3,4,3,Dry,Curve,Level,Lowest,No
14453,18,Indiana,180805,0,3,3,0,5,NOT APPLICABLE,September,24,Sunday,5,34,Rural,Medium Speed (Collector),No,40.12110833,-86.48126389,Non-Intersection,Dark - Not Lighted,Clear,Unknown,Unknown,Unknown EMS Scene Arrival Hour,Unknown EMS Scene Arrival Minutes,Unknown,Unknown EMS Hospital Arrival Time,1,Dark - Unlighted,Clear,1,4,['Driver'],['Shoulder_Lapbelt'],0,0,Valid,0.0,1.0,44.0,23.0,"['Female', 'Female', 'Male']",0,0,3,4,5,Dry,Straight,Level,Lowest,No
14454,18,Indiana,180806,0,2,2,0,3,FORT WAYNE,October,11,Wednesday,9,25,Rural,High Speed (Arterial),Yes,41.07866667,-85.22745,Non-Intersection,Daylight,Clear,Unknown,Unknown,Unknown EMS Scene Arrival Hour,Unknown EMS Scene Arrival Minutes,Unknown,Unknown EMS Hospital Arrival Time,1,Daylight,Clear,1,2,['Front_Passenger'],['Shoulder_Lapbelt'],0,0,Valid,0.0,1.0,77.0,51.0,"['Female', 'Male']",0,0,3,4,5,Dry,Straight,Grade/Hillcrest,Lowest,No
14455,18,Indiana,180807,0,2,2,0,2,AUBURN,October,13,Friday,15,40,Urban,High Speed (Arterial),Yes,41.36706389,-85.08295,Non-Intersection,Daylight,Clear,Unknown,Unknown,Unknown EMS Scene Arrival Hour,Unknown EMS Scene Arrival Minutes,Unknown,Unknown EMS Hospital Arrival Time,1,Daylight,Clear,1,1,['Driver'],['Shoulder_Lapbelt'],0,0,Valid,0.0,0.0,55.0,37.0,"['Female', 'Male']",1,0,3,4,5,Dry,Curve,Grade/Hillcrest,Medium,No
14456,18,Indiana,180808,0,2,2,0,2,NOT APPLICABLE,October,14,Saturday,8,35,Rural,High Speed (Arterial),Yes,40.11333889,-85.53751389,Complex/Circle,Daylight,Cloudy,Unknown,Unknown,Unknown EMS Scene Arrival Hour,Unknown EMS Scene Arrival Minutes,Unknown,Unknown EMS Hospital Arrival Time,1,Daylight,Reduced Visibility,1,1,['Driver'],['Shoulder_Lapbelt'],0,0,Valid,0.0,0.0,54.0,54.0,"['Male', 'Female']",0,0,3,4,5,Wet/Standing Water,Straight,Level,Lowest,No
14457,18,Indiana,180809,0,1,1,0,1,CARMEL,December,5,Tuesday,13,50,Urban,High Speed (Arterial),Yes,39.93055,-86.16183333,Non-Intersection,Daylight,Rain,Unknown,Unknown,Unknown EMS Scene Arrival Hour,Unknown EMS Scene Arrival Minutes,Not Applicable (Not Transported),Not Applicable (Not Transported),1,Daylight,Rain/Wind/Minor,1,0,['Driver'],['None_Used'],0,0,Invalid,0.0,0.0,34.0,34.0,['Male'],1,0,3,4,3,Wet/Standing Water,Curve,Grade/Hillcrest,Lowest,No
14458,18,Indiana,180810,0,2,2,0,2,FISHERS,December,5,Tuesday,0,20,Urban,High Speed (Arterial),Yes,39.94751667,-86.01458889,Non-Intersection,Dark - Lighted,Clear,Unknown,Unknown,Unknown EMS Scene Arrival Hour,Unknown EMS Scene Arrival Minutes,Not Applicable (Not Transported),Not Applicable (Not Transported),1,Dark - Lighted,Clear,1,1,['Driver'],['Shoulder_Lapbelt'],1,1,Valid,2.0,3.0,63.0,28.0,"['Male', 'Male']",0,0,4,4,5,Dry,Straight,Level,Lowest,No
14459,18,Indiana,180811,0,1,1,0,1,NOT APPLICABLE,December,7,Thursday,21,10,Rural,High Speed (Arterial),No,39.47828611,-85.05260833,Non-Intersection,Dark - Not Lighted,Clear,Unknown,Unknown,Unknown EMS Scene Arrival Hour,Unknown EMS Scene Arrival Minutes,Not Applicable (Not Transported),Not Applicable (Not Transported),1,Dark - Unlighted,Clear,1,0,['Driver'],['None_Used'],0,0,Valid,0.0,0.0,46.0,46.0,['Female'],0,0,2,4,3,Dry,Straight,Level,Lowest,No
14460,18,Indiana,180813,0,1,1,0,1,INDIANAPOLIS,December,9,Saturday,14,5,Urban,High Speed (Arterial),No,39.75138889,-86.15434167,Non-Intersection,Daylight,Cloudy,Unknown,Unknown,Unknown EMS Scene Arrival Hour,Unknown EMS Scene Arrival Minutes,Not Applicable (Not Transported),Not Applicable (Not Transported),1,Daylight,Reduced Visibility,1,0,['Driver'],['Shoulder_Lapbelt'],0,0,Valid,0.0,0.0,43.0,43.0,['Male'],1,0,2,4,3,Wet/Standing Water,Curve,Grade/Hillcrest,Lowest,No
14461,18,Indiana,180814,0,1,1,0,2,NOT APPLICABLE,November,26,Sunday,14,45,Rural,Medium Speed (Collector),No,39.82796111,-85.82090278,Non-Intersection,Daylight,Rain,Unknown,Unknown,Unknown EMS Scene Arrival Hour,Unknown EMS Scene Arrival Minutes,Unknown,Unknown EMS Hospital Arrival Time,1,Daylight,Rain/Wind/Minor,1,1,['Front_Passenger'],['None_Used'],0,0,Valid,0.0,0.0,18.0,18.0,['Male'],2,0,3,4,3,Wet/Standing Water,Straight,Level,Lowest,No
14462,18,Indiana,180815,0,2,2,0,10,INDIANAPOLIS,December,10,Sunday,19,5,Urban,High Speed (Arterial),Yes,39.72983333,-86.26523333,Complex/Circle,Dark - Lighted,Rain,Unknown,Unknown,Unknown EMS Scene Arrival Hour,Unknown EMS Scene Arrival Minutes,Unknown,Unknown EMS Hospital Arrival Time,1,Dark - Lighted,Rain/Wind/Minor,1,9,['Driver'],['None_Used'],1,1,Valid,0.0,0.0,71.0,65.0,"['Male', 'Male']",0,0,3,4,5,Wet/Standing Water,Straight,Level,Lowest,No
14463,18,Indiana,180816,0,4,1,3,2,MICHIGAN CITY,November,25,Saturday,0,1,Urban,Low Speed (Local),No,41.71433611,-86.883525,Non-Intersection,Dark - Lighted,Clear,Unknown,Unknown if Notified,Unknown EMS Scene Arrival Hour,Unknown if Arrived,Not Applicable (Not Transported),Not Applicable (Not Transported),1,Dark - Lighted,Clear,1,1,['Front_Passenger'],['Shoulder_Lapbelt'],0,0,Valid,0.0,0.0,19.0,19.0,['Male'],2,0,3,4,5,Dry,Straight,Level,Lowest,No
14464,18,Indiana,180817,0,2,2,0,2,FISHERS,October,13,Friday,22,40,Urban,High Speed (Arterial),Yes,39.93795278,-86.02161944,Non-Intersection,Dark - Lighted,Rain,Unknown,Unknown if Notified,Unknown EMS Scene Arrival Hour,Unknown if Arrived,Not Applicable (Not Transported),Not Applicable (Not Transported),1,Dark - Lighted,Rain/Wind/Minor,1,1,['Driver'],['None_Used'],0,0,Invalid,0.0,0.0,999.0,61.0,"['Other', 'Male']",0,0,5,4,5,Wet/Standing Water,Straight,Level,Lowest,No
14465,18,Indiana,180818,1,1,1,0,1,INDIANAPOLIS,November,19,Sunday,5,16,Urban,High Speed (Arterial),Yes,39.83164722,-86.27569722,Non-Intersection,Dark - Lighted,Clear,Unknown,Unknown,Unknown EMS Scene Arrival Hour,Unknown EMS Scene Arrival Minutes,Unknown,Unknown EMS Hospital Arrival Time,1,Dark - Lighted,Clear,0,1,[],[],0,0,Invalid,0.0,0.0,35.0,35.0,['Male'],0,0,2,4,4,Dry,Straight,Level,Lowest,No
14466,18,Indiana,180819,1,1,1,0,1,TERRE HAUTE,December,5,Tuesday,19,21,Urban,High Speed (Arterial),Yes,39.38517222,-87.39545833,Complex/Circle,Dark - Not Lighted,Clear,Unknown,Unknown,Unknown EMS Scene Arrival Hour,Unknown EMS Scene Arrival Minutes,Not Applicable (Not Transported),Not Applicable (Not Transported),1,Dark - Unlighted,Clear,0,1,[],[],0,0,Valid,0.0,0.0,22.0,22.0,['Male'],0,0,2,1,4,Dry,Straight,Level,Lowest,No
14467,18,Indiana,180820,0,3,3,0,4,KOKOMO,December,2,Saturday,16,5,Urban,High Speed (Arterial),Yes,40.43342222,-86.12729167,Complex/Circle,Daylight,Clear,Unknown,Unknown,Unknown EMS Scene Arrival Hour,Unknown EMS Scene Arrival Minutes,Unknown,Unknown EMS Hospital Arrival Time,1,Daylight,Clear,1,3,['Driver'],['Shoulder_Only'],1,1,Valid,0.0,1.0,66.0,23.0,"['Female', 'Male', 'Female']",0,0,3,4,5,Dry,Straight,Level,Lowest,No
14468,18,Indiana,180821,0,2,2,0,4,TERRE HAUTE,December,13,Wednesday,12,13,Rural,Low Speed (Local),No,39.375775,-87.30527222,Complex/Circle,Daylight,Clear,Unknown,Unknown,Unknown EMS Scene Arrival Hour,Unknown EMS Scene Arrival Minutes,Unknown,Unknown EMS Hospital Arrival Time,2,Daylight,Clear,2,2,"['Driver', 'Front_Passenger']","['None_Used', 'None_Used']",0,0,Valid,0.0,0.0,81.0,74.0,"['Male', 'Male']",0,0,3,4,5,Dry,Straight,Level,Lowest,No
14469,18,Indiana,180822,1,2,1,1,1,NOT APPLICABLE,December,6,Wednesday,21,12,Rural,High Speed (Arterial),Yes,39.35396389,-85.94243889,Non-Intersection,Dark - Not Lighted,Clear,Unknown,Unknown,Unknown EMS Scene Arrival Hour,Unknown EMS Scene Arrival Minutes,Not Applicable (Not Transported),Not Applicable (Not Transported),1,Dark - Unlighted,Clear,0,1,[],[],0,0,Valid,1.0,0.0,32.0,32.0,['Male'],0,0,4,4,4,Dry,Straight,Level,Lowest,No
14470,18,Indiana,180823,1,2,1,1,1,INDIANAPOLIS,November,20,Monday,5,9,Urban,High Speed (Arterial),Yes,39.907475,-86.07328333,Non-Intersection,Dark - Lighted,Clear,Unknown,Unknown,Unknown EMS Scene Arrival Hour,Unknown EMS Scene Arrival Minutes,Unknown,Unknown EMS Hospital Arrival Time,1,Dark - Lighted,Clear,0,1,[],[],0,0,Valid,0.0,0.0,57.0,57.0,['Female'],0,0,2,4,4,Dry,Curve,Level,Lowest,No
14471,18,Indiana,180824,0,2,2,0,3,NOT APPLICABLE,December,13,Wednesday,5,36,Rural,High Speed (Arterial),Yes,38.26074167,-86.96343056,Non-Intersection,Dark - Not Lighted,Clear,Unknown,Unknown,Unknown EMS Scene Arrival Hour,Unknown EMS Scene Arrival Minutes,Unknown,Unknown EMS Hospital Arrival Time,3,Dark - Unlighted,Clear,3,0,"['Driver', 'Driver', 'Front_Passenger']","['None_Used', 'Shoulder_Lapbelt', 'None_Used']",0,0,Valid,0.0,2.0,52.0,34.0,"['Male', 'Female']",1,0,3,4,5,Dry,Straight,Grade/Hillcrest,Lowest,No
14472,18,Indiana,180825,1,1,1,0,1,SAINT LEON,December,12,Tuesday,18,23,Rural,Medium Speed (Collector),No,39.28023611,-84.96023333,Non-Intersection,Dark - Not Lighted,Clear,Unknown,Unknown,Unknown EMS Scene Arrival Hour,Unknown EMS Scene Arrival Minutes,Unknown,Unknown EMS Hospital Arrival Time,1,Dark - Unlighted,Clear,0,1,[],[],0,0,Valid,0.0,0.0,68.0,68.0,['Male'],0,0,3,1,4,Dry,Straight,Level,Lowest,No
14473,18,Indiana,180826,0,1,1,0,1,INDIANAPOLIS,December,17,Sunday,7,15,Urban,Medium Speed (Collector),No,39.64749722,-86.28825833,Non-Intersection,Dark - Lighted,Rain,Unknown,Unknown,Unknown EMS Scene Arrival Hour,Unknown EMS Scene Arrival Minutes,Not Applicable (Not Transported),Not Applicable (Not Transported),1,Dark - Lighted,Rain/Wind/Minor,1,0,['Driver'],['None_Used'],1,1,Invalid,0.0,0.0,26.0,26.0,['Male'],1,0,3,4,3,Wet/Standing Water,Curve,Grade/Hillcrest,Lowest,No
14474,18,Indiana,180827,0,1,1,0,2,NOT APPLICABLE,December,16,Saturday,10,14,Rural,Medium Speed (Collector),No,39.74023333,-86.52844167,Non-Intersection,Daylight,Cloudy,Unknown,Unknown,Unknown EMS Scene Arrival Hour,Unknown EMS Scene Arrival Minutes,Unknown,Unknown EMS Hospital Arrival Time,1,Daylight,Reduced Visibility,1,1,['Driver'],['Shoulder_Lapbelt'],0,0,Valid,0.0,0.0,52.0,52.0,['Female'],0,0,2,4,3,Dry,Curve,Grade/Hillcrest,Lowest,No
14475,18,Indiana,180829,0,2,2,0,2,NOT APPLICABLE,December,8,Friday,7,11,Rural,Medium Speed (Collector),No,41.55221944,-86.42701111,Non-Intersection,Dawn,Clear,Unknown,Unknown,Unknown EMS Scene Arrival Hour,Unknown EMS Scene Arrival Minutes,Not Applicable (Not Transported),Not Applicable (Not Transported),1,Twilight,Clear,1,1,['Driver'],['Shoulder_Lapbelt'],0,0,Valid,0.0,0.0,61.0,32.0,"['Male', 'Female']",1,0,4,4,5,Dry,Straight,Level,Lowest,No
14476,18,Indiana,180830,0,3,3,0,6,INDIANAPOLIS,December,17,Sunday,2,19,Urban,High Speed (Arterial),No,39.85194722,-86.19394167,Non-Intersection,Dark - Not Lighted,Rain,Unknown,Unknown,Unknown EMS Scene Arrival Hour,Unknown EMS Scene Arrival Minutes,Unknown,Unknown EMS Hospital Arrival Time,1,Dark - Unlighted,Rain/Wind/Minor,1,5,['Front_Passenger'],['Shoulder_Lapbelt'],1,1,Invalid,0.0,0.0,999.0,24.0,"['Other', 'Male', 'Female']",1,0,3,4,5,Wet/Standing Water,Straight,Level,Lowest,No