,State_Code,State_Name,Crash_ID,Count_Non_Motorists,Count_Vehicles_Total,Count_Vehicle_Forms,Count_PVH_Involved,Count_Occupants_MV,City_Name,Month_Name,Day_of_Month,Day_of_Week,Crash_Hour,Crash_Minute,Area_Rural_Urban,Road_Functional_Class,On_NHS_Road,Latitude,Longitude,Intersection_Type,Light_Condition,Weather_Condition,Notif_Hour,Notif_Minute,Arrival_Hour,Arrival_Minute,Hospital_Hour,Hospital_Minute,Fatalities_Count,Clean_Light_Condition,Clean_Weather_Condition,Total_Killed,Total_Alive,Fatal_Seats_List,Killed_Restraint_List,Any_Driver_Drinking,Total_Drinking_Drivers,Driver_License_Category,Driver_Max_Prev_Accident_Count,Driver_Max_Prev_Speeding_Count,Max_Driver_Age,Min_Driver_Age,Driver_Sex_List,Total_Exceeding_Limit_Vehicles,Total_Too_Fast_Vehicles,Max_Vehicle_Type_Severity_5,Max_Vehicle_Damage_Rank,Max_Harmful_Event_Severity,Crash_Road_Surface_Condition,Crash_Horizontal_Alignment,Crash_Vertical_Profile,Crash_Impairment_Category,Crash_Vehicle_Defect
14477,18,Indiana,180831,0,1,1,0,2,NOT APPLICABLE,December,17,Sunday,1,42,Rural,Medium Speed (Collector),No,38.75918333,-87.12051667,Non-Intersection,Dark - Not Lighted,Rain,Unknown,Unknown,Unknown EMS Scene Arrival Hour,Unknown EMS Scene Arrival Minutes,Unknown,Unknown EMS Hospital Arrival Time,1,Dark - Unlighted,Rain/Wind/Minor,1,1,['Front_Passenger'],['None_Used'],0,0,Valid,0.0,0.0,21.0,21.0,['Male'],2,0,2,4,2,Wet/Standing Water,Curve,Level,Lowest,No
14478,18,Indiana,180832,0,1,1,0,1,NOT APPLICABLE,December,20,Wednesday,10,56,Rural,Low Speed (Local),No,39.02513056,-86.88953333,Non-Intersection,Daylight,Clear,Unknown,Unknown,Unknown EMS Scene Arrival Hour,Unknown EMS Scene Arrival Minutes,Not Applicable (Not Transported),Not Applicable (Not Transported),1,Daylight,Clear,1,0,['Driver'],['Shoulder_Lapbelt'],1,1,Valid,0.0,0.0,19.0,19.0,['Female'],0,0,2,4,3,Dry,Straight,Level,Lowest,No
14479,18,Indiana,180833,0,2,2,0,2,NOT APPLICABLE,December,20,Wednesday,9,25,Urban,High Speed (Arterial),Yes,39.53535,-86.38656944,Complex/Circle,Daylight,Cloudy,Unknown,Unknown,Unknown EMS Scene Arrival Hour,Unknown EMS Scene Arrival Minutes,Unknown,Unknown EMS Hospital Arrival Time,1,Daylight,Reduced Visibility,1,1,['Driver'],['Shoulder_Lapbelt'],0,0,Valid,0.0,1.0,30.0,25.0,"['Male', 'Male']",0,0,3,4,5,Dry,Straight,Grade/Hillcrest,Lowest,No
14480,18,Indiana,180834,0,1,1,0,1,NOT APPLICABLE,December,21,Thursday,21,10,Rural,Low Speed (Local),No,41.26492778,-85.70598611,Non-Intersection,Dark - Not Lighted,Clear,Unknown,Unknown,Unknown EMS Scene Arrival Hour,Unknown EMS Scene Arrival Minutes,Not Applicable (Not Transported),Not Applicable (Not Transported),1,Dark - Unlighted,Clear,1,0,['Driver'],['None_Used'],1,1,Valid,0.0,0.0,31.0,31.0,['Male'],0,0,3,4,3,Dry,Straight,Level,Lowest,No
14481,18,Indiana,180835,0,1,1,0,1,GARY,December,21,Thursday,7,44,Urban,Medium Speed (Collector),No,41.59943333,-87.26701944,Non-Intersection,Daylight,Cloudy,Unknown,Unknown,Unknown EMS Scene Arrival Hour,Unknown EMS Scene Arrival Minutes,Not Applicable (Not Transported),Not Applicable (Not Transported),1,Daylight,Reduced Visibility,1,0,['Driver'],['None_Used'],0,0,Valid,0.0,0.0,39.0,39.0,['Male'],0,0,3,4,4,Dry,Straight,Grade/Hillcrest,Lowest,No
14482,18,Indiana,180836,0,1,1,0,3,NOT APPLICABLE,December,22,Friday,17,27,Rural,Medium Speed (Collector),No,38.36476667,-86.46635833,Non-Intersection,Dark - Not Lighted,Clear,Unknown,Unknown,Unknown EMS Scene Arrival Hour,Unknown EMS Scene Arrival Minutes,Unknown,Unknown EMS Hospital Arrival Time,2,Dark - Unlighted,Clear,2,1,"['Driver', 'Rear_Seat']","['None_Used', 'None_Used']",0,0,Valid,0.0,0.0,45.0,45.0,['Male'],0,0,2,4,3,Dry,Straight,Level,Lowest,No
14483,18,Indiana,180837,0,1,1,0,2,NOT APPLICABLE,December,22,Friday,18,30,Rural,High Speed (Arterial),No,41.73641944,-86.1519,Simple Junction,Dark - Lighted,Rain,Unknown,Unknown,Unknown EMS Scene Arrival Hour,Unknown EMS Scene Arrival Minutes,Unknown,Unknown EMS Hospital Arrival Time,1,Dark - Lighted,Rain/Wind/Minor,1,1,['Front_Passenger'],['None_Used'],0,0,Valid,0.0,0.0,72.0,72.0,['Female'],2,0,2,4,3,Wet/Standing Water,Straight,Level,Lowest,No
14484,18,Indiana,180838,0,2,2,0,2,MOORESVILLE,December,21,Thursday,13,23,Urban,High Speed (Arterial),No,39.60449722,-86.36059444,Complex/Circle,Daylight,Cloudy,Unknown,Unknown,Unknown EMS Scene Arrival Hour,Unknown EMS Scene Arrival Minutes,Unknown,Unknown EMS Hospital Arrival Time,1,Daylight,Reduced Visibility,1,1,['Driver'],['Shoulder_Lapbelt'],0,0,Valid,0.0,0.0,71.0,68.0,"['Female', 'Male']",0,0,4,4,5,Dry,Straight,Grade/Hillcrest,Lowest,No
14485,18,Indiana,180839,0,2,2,0,2,NOT APPLICABLE,December,17,Sunday,4,4,Rural,Medium Speed (Collector),No,41.34731389,-87.02674722,Complex/Circle,Dark - Not Lighted,Rain,Unknown,Unknown,Unknown EMS Scene Arrival Hour,Unknown EMS Scene Arrival Minutes,Unknown,Unknown EMS Hospital Arrival Time,1,Dark - Unlighted,Rain/Wind/Minor,1,1,['Driver'],['Shoulder_Lapbelt'],0,0,Valid,0.0,0.0,37.0,30.0,"['Male', 'Male']",0,0,3,4,5,Wet/Standing Water,Straight,Level,Lowest,No
14486,18,Indiana,180840,0,2,2,0,3,PORTAGE,December,21,Thursday,16,51,Urban,High Speed (Arterial),Yes,41.60341667,-87.17387222,Simple Junction,Daylight,Cloudy,Unknown,Unknown,Unknown EMS Scene Arrival Hour,Unknown EMS Scene Arrival Minutes,Unknown,Unknown EMS Hospital Arrival Time,1,Daylight,Reduced Visibility,1,2,['Driver'],['Shoulder_Lapbelt'],0,0,Valid,0.0,0.0,50.0,38.0,"['Female', 'Male']",0,0,3,4,5,Dry,Straight,Level,Lowest,No
14487,18,Indiana,180842,1,1,1,0,1,NOT APPLICABLE,December,26,Tuesday,22,37,Rural,Medium Speed (Collector),No,39.42163056,-86.47510833,Non-Intersection,Dark - Not Lighted,Clear,Unknown,Unknown,Unknown EMS Scene Arrival Hour,Unknown EMS Scene Arrival Minutes,Unknown,Unknown EMS Hospital Arrival Time,1,Dark - Unlighted,Clear,0,1,[],[],0,0,Valid,0.0,0.0,35.0,35.0,['Male'],0,0,3,4,4,Dry,Straight,Level,Lowest,No
14488,18,Indiana,180843,0,3,3,0,3,NOT APPLICABLE,December,12,Tuesday,8,15,Rural,High Speed (Arterial),Yes,41.66605278,-84.85343333,Non-Intersection,Dawn,Clear,Unknown,Unknown,Unknown EMS Scene Arrival Hour,Unknown EMS Scene Arrival Minutes,Unknown,Unknown EMS Hospital Arrival Time,1,Twilight,Clear,1,2,['Driver'],['Shoulder_Lapbelt'],0,0,Valid,1.0,0.0,73.0,35.0,"['Male', 'Male', 'Male']",1,0,4,4,5,Dry,Straight,Level,Medium,No
14489,18,Indiana,180844,0,2,2,0,2,SEYMOUR,December,24,Sunday,15,35,Urban,High Speed (Arterial),Yes,38.95320833,-85.90228611,Non-Intersection,Daylight,Cloudy,Unknown,Unknown,Unknown EMS Scene Arrival Hour,Unknown EMS Scene Arrival Minutes,Not Applicable (Not Transported),Not Applicable (Not Transported),1,Daylight,Reduced Visibility,1,1,['Driver'],['None_Used'],0,0,Valid,0.0,0.0,65.0,44.0,"['Female', 'Male']",0,0,5,4,5,Dry,Straight,Level,Lowest,No
14490,18,Indiana,180845,0,2,2,0,2,INDIANAPOLIS,December,23,Saturday,20,55,Rural,Medium Speed (Collector),No,39.66019444,-85.97455278,Non-Intersection,Dark - Not Lighted,Rain,Unknown,Unknown,Unknown EMS Scene Arrival Hour,Unknown EMS Scene Arrival Minutes,Unknown,Unknown EMS Hospital Arrival Time,1,Dark - Unlighted,Rain/Wind/Minor,1,1,['Driver'],['Shoulder_Lapbelt'],0,0,Valid,0.0,0.0,39.0,20.0,"['Male', 'Male']",0,0,3,4,5,Wet/Standing Water,Curve,Level,Lowest,No
14491,18,Indiana,180846,1,1,1,0,1,NOT APPLICABLE,December,25,Monday,20,15,Rural,High Speed (Arterial),Yes,39.44986111,-87.14900833,Non-Intersection,Dark - Not Lighted,Rain,Unknown,Unknown,Unknown EMS Scene Arrival Hour,Unknown EMS Scene Arrival Minutes,Not Applicable (Not Transported),Not Applicable (Not Transported),1,Dark - Unlighted,Rain/Wind/Minor,0,1,[],[],0,0,Valid,0.0,2.0,25.0,25.0,['Male'],0,0,3,4,4,Wet/Standing Water,Straight,Level,Lowest,No
14492,18,Indiana,180847,1,1,1,0,1,HOBART,December,27,Wednesday,7,12,Urban,High Speed (Arterial),Yes,41.55078611,-87.25335,Non-Intersection,Reported as Unknown,Clear,Unknown,Unknown,Unknown EMS Scene Arrival Hour,Unknown EMS Scene Arrival Minutes,Not Applicable (Not Transported),Not Applicable (Not Transported),1,Dark - Unlighted,Clear,0,1,[],[],0,0,Invalid,0.0,0.0,999.0,999.0,['Other'],0,0,1,1,4,Dry,Straight,Grade/Hillcrest,Lowest,No
14493,18,Indiana,180848,0,2,2,0,4,JASPER,December,28,Thursday,11,36,Rural,High Speed (Arterial),Yes,38.36503889,-86.94238889,Complex/Circle,Daylight,Cloudy,Unknown,Unknown,Unknown EMS Scene Arrival Hour,Unknown EMS Scene Arrival Minutes,Unknown,Unknown EMS Hospital Arrival Time,1,Daylight,Reduced Visibility,1,3,['Driver'],['None_Used'],0,0,Valid,0.0,0.0,77.0,47.0,"['Female', 'Male']",0,0,3,4,5,Dry,Straight,Level,Lowest,No
14494,18,Indiana,180849,0,1,1,0,1,NOT APPLICABLE,December,3,Sunday,5,58,Rural,High Speed (Arterial),Yes,41.73148056,-86.05024444,Non-Intersection,Dark - Not Lighted,Rain,Unknown,Unknown,Unknown EMS Scene Arrival Hour,Unknown EMS Scene Arrival Minutes,Not Applicable (Not Transported),Not Applicable (Not Transported),1,Dark - Unlighted,Rain/Wind/Minor,1,0,['Driver'],['None_Used'],1,1,Valid,0.0,1.0,18.0,18.0,['Male'],1,0,3,4,3,Wet/Standing Water,Curve,Level,Lowest,No
14495,18,Indiana,180850,0,1,1,0,1,NOT APPLICABLE,December,31,Sunday,1,45,Rural,Medium Speed (Collector),No,41.22558889,-87.12206944,Complex/Circle,Dark - Not Lighted,Clear,Unknown,Unknown,Unknown EMS Scene Arrival Hour,Unknown EMS Scene Arrival Minutes,Not Applicable (Not Transported),Not Applicable (Not Transported),1,Dark - Unlighted,Clear,1,0,['Driver'],['None_Used'],1,1,Valid,0.0,0.0,19.0,19.0,['Female'],1,0,2,4,3,Dry,Straight,Level,Lowest,No
14496,18,Indiana,180851,0,2,2,0,4,LEBANON,December,31,Sunday,21,22,Urban,High Speed (Arterial),Yes,40.05234167,-86.49234722,Non-Intersection,Dark - Not Lighted,Sleet or Hail,Unknown,Unknown,Unknown EMS Scene Arrival Hour,Unknown EMS Scene Arrival Minutes,Not Applicable (Not Transported),Not Applicable (Not Transported),1,Dark - Unlighted,Snow/Ice/Severe,1,3,['Driver'],['Shoulder_Lapbelt'],0,0,Valid,0.0,0.0,52.0,50.0,"['Female', 'Male']",0,0,4,4,5,Wet/Standing Water,Curve,Grade/Hillcrest,Lowest,No
14497,18,Indiana,180852,0,2,2,0,5,NOT APPLICABLE,December,21,Thursday,17,10,Rural,Low Speed (Local),No,38.96480556,-86.02130278,Complex/Circle,Daylight,Clear,Unknown,Unknown,Unknown EMS Scene Arrival Hour,Unknown EMS Scene Arrival Minutes,Unknown,Unknown EMS Hospital Arrival Time,1,Daylight,Clear,1,4,['Rear_Seat'],['Shoulder_Lapbelt'],1,1,Valid,0.0,0.0,52.0,45.0,"['Female', 'Male']",0,0,4,4,5,Dry,Straight,Level,Lowest,No
14498,18,Indiana,180853,0,2,2,0,3,NOT APPLICABLE,December,20,Wednesday,12,0,Rural,High Speed (Arterial),Yes,38.90417222,-85.99336667,Non-Intersection,Daylight,Clear,Unknown,Unknown,Unknown EMS Scene Arrival Hour,Unknown EMS Scene Arrival Minutes,Unknown,Unknown EMS Hospital Arrival Time,2,Daylight,Clear,2,1,"['Driver', 'Front_Passenger']","['Shoulder_Lapbelt', 'Shoulder_Lapbelt']",0,0,Valid,0.0,0.0,43.0,20.0,"['Male', 'Male']",0,0,3,4,5,Dry,Curve,Level,Lowest,No
14499,18,Indiana,180854,0,2,2,0,3,INDIANAPOLIS,December,31,Sunday,19,30,Urban,High Speed (Arterial),No,39.86224444,-86.16218889,Non-Intersection,Dark - Lighted,Sleet or Hail,Unknown,Unknown,Unknown EMS Scene Arrival Hour,Unknown EMS Scene Arrival Minutes,Unknown,Unknown EMS Hospital Arrival Time,1,Dark - Lighted,Snow/Ice/Severe,1,2,['Driver'],['Shoulder_Lapbelt'],0,0,Valid,0.0,0.0,52.0,20.0,"['Male', 'Male']",2,0,3,4,5,Icy/Snowy,Straight,Level,Lowest,No
14500,18,Indiana,180855,0,3,3,0,4,LAFAYETTE,December,29,Friday,14,59,Urban,High Speed (Arterial),No,40.36711667,-86.87491111,Non-Intersection,Daylight,Cloudy,Unknown,Unknown,Unknown EMS Scene Arrival Hour,Unknown EMS Scene Arrival Minutes,Unknown,Unknown EMS Hospital Arrival Time,1,Daylight,Reduced Visibility,1,3,['Driver'],['None_Used'],0,0,Valid,0.0,0.0,49.0,23.0,"['Male', 'Female', 'Male']",0,0,3,4,5,Dry,Straight,Level,Lowest,No
14501,18,Indiana,180856,1,1,1,0,1,MICHIGAN CITY,October,23,Monday,17,33,Urban,Low Speed (Local),No,41.7114,-86.89080556,Complex/Circle,Daylight,Clear,Unknown,Unknown,Unknown EMS Scene Arrival Hour,Unknown EMS Scene Arrival Minutes,Unknown,Unknown EMS Hospital Arrival Time,1,Daylight,Clear,0,1,[],[],0,0,Valid,0.0,0.0,40.0,40.0,['Female'],0,0,3,1,4,Dry,Straight,Level,Lowest,No
14502,18,Indiana,180857,0,2,2,0,2,LAPORTE,October,24,Tuesday,19,3,Urban,Medium Speed (Collector),No,41.58421389,-86.71974722,Non-Intersection,Dark - Not Lighted,Clear,Unknown,Unknown,Unknown EMS Scene Arrival Hour,Unknown EMS Scene Arrival Minutes,Unknown,Unknown EMS Hospital Arrival Time,1,Dark - Unlighted,Clear,1,1,['Driver'],['None_Used'],0,0,Invalid,0.0,0.0,31.0,17.0,"['Male', 'Male']",0,0,5,4,5,Dry,Straight,Level,Lowest,No
14503,18,Indiana,180858,1,1,1,0,1,MICHIGAN CITY,October,27,Friday,3,26,Urban,High Speed (Arterial),No,41.72278056,-86.82611944,Non-Intersection,Dark - Not Lighted,Cloudy,Unknown,Unknown,Unknown EMS Scene Arrival Hour,Unknown EMS Scene Arrival Minutes,Unknown,Unknown EMS Hospital Arrival Time,1,Dark - Unlighted,Reduced Visibility,0,1,[],[],0,0,Valid,0.0,0.0,49.0,49.0,['Male'],0,0,3,1,4,Wet/Standing Water,Straight,Level,Lowest,No
14504,18,Indiana,180859,0,2,2,0,2,MOUNT VERNON,November,3,Friday,14,3,Urban,Medium Speed (Collector),No,37.938775,-87.87001667,Complex/Circle,Daylight,Clear,Unknown,Unknown,Unknown EMS Scene Arrival Hour,Unknown EMS Scene Arrival Minutes,Unknown,Unknown EMS Hospital Arrival Time,1,Daylight,Clear,1,1,['Driver'],['Shoulder_Only'],0,0,Valid,0.0,0.0,93.0,82.0,"['Female', 'Female']",0,0,3,4,5,Dry,Straight,Level,Lowest,No
14505,18,Indiana,180860,0,2,2,0,2,SOUTH BEND,June,19,Monday,18,6,Urban,Medium Speed (Collector),No,41.6167,-86.23473056,Simple Junction,Daylight,Clear,Unknown,Unknown,Unknown EMS Scene Arrival Hour,Unknown EMS Scene Arrival Minutes,Unknown,Unknown EMS Hospital Arrival Time,1,Daylight,Clear,1,1,['Driver'],['Shoulder_Lapbelt'],0,0,Invalid,0.0,2.0,65.0,22.0,"['Male', 'Male']",0,0,3,4,5,Dry,Straight,Grade/Hillcrest,Lowest,No
14506,18,Indiana,180861,0,2,2,0,3,CROWN POINT,December,14,Thursday,15,0,Urban,High Speed (Arterial),No,41.43136389,-87.33550556,Non-Intersection,Daylight,Clear,Unknown,Unknown,Unknown EMS Scene Arrival Hour,Unknown EMS Scene Arrival Minutes,Unknown,Unknown EMS Hospital Arrival Time,1,Daylight,Clear,1,2,['Front_Passenger'],['Shoulder_Lapbelt'],0,0,Valid,0.0,0.0,31.0,30.0,"['Male', 'Female']",0,0,3,4,5,Dry,Straight,Level,Lowest,Yes
14507,18,Indiana,180862,0,1,1,0,1,CORYDON,December,16,Saturday,19,24,Urban,Medium Speed (Collector),No,38.2136,-86.13257778,Non-Intersection,Dark - Not Lighted,Rain,Unknown,Unknown,Unknown EMS Scene Arrival Hour,Unknown EMS Scene Arrival Minutes,Not Applicable (Not Transported),Not Applicable (Not Transported),1,Dark - Unlighted,Rain/Wind/Minor,1,0,['Driver'],['None_Used'],0,0,Valid,0.0,0.0,27.0,27.0,['Female'],1,0,3,4,3,Wet/Standing Water,Curve,Level,Lowest,No
14508,18,Indiana,180863,4,2,1,1,1,NOT APPLICABLE,December,29,Friday,16,45,Rural,High Speed (Arterial),Yes,41.69141389,-87.52228889,Non-Intersection,Dusk,Rain,Unknown,Unknown,Unknown EMS Scene Arrival Hour,Unknown EMS Scene Arrival Minutes,Unknown,Unknown EMS Hospital Arrival Time,1,Twilight,Rain/Wind/Minor,0,1,[],[],1,1,Valid,0.0,0.0,55.0,55.0,['Male'],1,0,3,4,4,Wet/Standing Water,Straight,Level,Lowest,No
14509,18,Indiana,180864,0,1,1,0,1,NOT APPLICABLE,November,30,Thursday,99,99,Rural,High Speed (Arterial),No,38.40231667,-87.30714167,Non-Intersection,Reported as Unknown,Clear,Unknown,Unknown,Unknown EMS Scene Arrival Hour,Unknown EMS Scene Arrival Minutes,Not Applicable (Not Transported),Not Applicable (Not Transported),1,Dark - Unlighted,Clear,1,0,['Driver'],['None_Used'],0,0,Valid,0.0,0.0,63.0,63.0,['Male'],0,0,3,4,3,Dry,Curve,Level,Lowest,No
14510,18,Indiana,180865,0,2,2,0,2,HUNTERTOWN,December,22,Friday,13,35,Urban,Medium Speed (Collector),No,41.24028333,-85.17605,Complex/Circle,Daylight,Rain,Unknown,Unknown,Unknown EMS Scene Arrival Hour,Unknown EMS Scene Arrival Minutes,Unknown,Unknown EMS Hospital Arrival Time,1,Daylight,Rain/Wind/Minor,1,1,['Driver'],['Shoulder_Lapbelt'],0,0,Valid,0.0,0.0,74.0,49.0,"['Female', 'Male']",0,0,3,4,5,Wet/Standing Water,Straight,Grade/Hillcrest,Lowest,No
14511,18,Indiana,180866,0,3,3,0,6,ANDERSON,December,31,Sunday,18,0,Urban,High Speed (Arterial),No,40.10723611,-85.65273056,Non-Intersection,Dark - Lighted,Rain,Unknown,Unknown,Unknown EMS Scene Arrival Hour,Unknown EMS Scene Arrival Minutes,Unknown,Unknown EMS Hospital Arrival Time,1,Dark - Lighted,Rain/Wind/Minor,1,5,['Front_Passenger'],['None_Used'],0,0,Invalid,0.0,0.0,79.0,22.0,"['Male', 'Male', 'Male']",3,0,3,1,5,Wet/Standing Water,Straight,Level,Lowest,Yes
14512,18,Indiana,180867,0,2,2,0,6,WESTFIELD,April,29,Saturday,10,43,Rural,Medium Speed (Collector),No,40.07795833,-86.09033333,Complex/Circle,Daylight,Cloudy,Unknown,Unknown,Unknown EMS Scene Arrival Hour,Unknown EMS Scene Arrival Minutes,Unknown,Unknown EMS Hospital Arrival Time,1,Daylight,Reduced Visibility,1,5,['Front_Passenger'],['Shoulder_Lapbelt'],0,0,Valid,0.0,0.0,58.0,26.0,"['Female', 'Female']",0,0,3,4,5,Dry,Straight,Level,Lowest,No
14513,18,Indiana,180868,0,1,1,0,1,NOT APPLICABLE,December,23,Saturday,1,43,Rural,Medium Speed (Collector),No,37.96870556,-86.90245556,Non-Intersection,Dark - Not Lighted,Cloudy,Unknown,Unknown,Unknown EMS Scene Arrival Hour,Unknown EMS Scene Arrival Minutes,Not Applicable (Not Transported),Not Applicable (Not Transported),1,Dark - Unlighted,Reduced Visibility,1,0,['Driver'],['Shoulder_Lapbelt'],0,0,Valid,0.0,1.0,52.0,52.0,['Male'],0,0,3,4,3,Dry,Curve,Level,Lowest,No
14514,18,Indiana,180869,0,2,2,0,2,MISHAWAKA,June,22,Thursday,9,11,Urban,High Speed (Arterial),No,41.68040278,-86.16743056,Simple Junction,Daylight,Clear,Unknown,Unknown,Unknown EMS Scene Arrival Hour,Unknown EMS Scene Arrival Minutes,Unknown,Unknown EMS Hospital Arrival Time,1,Daylight,Clear,1,1,['Driver'],['None_Used'],0,0,Invalid,0.0,1.0,64.0,28.0,"['Male', 'Male']",0,0,5,4,5,Dry,Straight,Level,Lowest,No
14515,18,Indiana,180870,0,1,1,0,1,NOT APPLICABLE,May,16,Tuesday,15,1,Rural,Low Speed (Local),No,40.08876944,-86.24163611,Non-Intersection,Daylight,Clear,Unknown,Unknown,Unknown EMS Scene Arrival Hour,Unknown EMS Scene Arrival Minutes,Unknown,Unknown EMS Hospital Arrival Time,1,Daylight,Clear,1,0,['Driver'],['Shoulder_Lapbelt'],0,0,Valid,0.0,0.0,57.0,57.0,['Male'],0,0,3,1,3,Dry,Straight,Level,Lowest,No
14516,18,Indiana,180871,0,2,2,0,2,TERRE HAUTE,May,14,Sunday,17,20,Urban,Medium Speed (Collector),No,39.448325,-87.39764444,Complex/Circle,Daylight,Clear,Unknown,Unknown,Unknown EMS Scene Arrival Hour,Unknown EMS Scene Arrival Minutes,Unknown,Unknown EMS Hospital Arrival Time,1,Daylight,Clear,1,1,['Driver'],['None_Used'],0,0,Valid,0.0,0.0,62.0,19.0,"['Male', 'Male']",0,0,5,4,5,Dry,Straight,Level,Medium,No
14517,18,Indiana,180872,0,2,2,0,2,TAYLORSVILLE,April,12,Wednesday,21,8,Urban,High Speed (Arterial),No,39.30032778,-85.96048333,Non-Intersection,Dark - Lighted,Clear,Unknown,Unknown,Unknown EMS Scene Arrival Hour,Unknown EMS Scene Arrival Minutes,Unknown,Unknown EMS Hospital Arrival Time,1,Dark - Lighted,Clear,1,1,['Driver'],['None_Used'],0,0,Valid,0.0,0.0,35.0,26.0,"['Female', 'Male']",0,0,5,4,5,Dry,Straight,Level,Lowest,No
14518,18,Indiana,180873,0,2,2,0,2,KNOX,March,8,Wednesday,19,54,Urban,Medium Speed (Collector),No,41.28805,-86.60692778,Non-Intersection,Dark - Not Lighted,Clear,Unknown,Unknown,Unknown EMS Scene Arrival Hour,Unknown EMS Scene Arrival Minutes,Unknown,Unknown EMS Hospital Arrival Time,1,Dark - Unlighted,Clear,1,1,['Driver'],['Shoulder_Lapbelt'],0,0,Valid,0.0,0.0,72.0,60.0,"['Male', 'Male']",0,0,4,1,5,Dry,Straight,Level,Lowest,No
14519,18,Indiana,180874,0,2,2,0,2,INDIANAPOLIS,January,26,Thursday,13,40,Urban,Medium Speed (Collector),No,39.64380278,-86.11993333,Non-Intersection,Daylight,Cloudy,Unknown,Unknown,Unknown EMS Scene Arrival Hour,Unknown EMS Scene Arrival Minutes,Unknown,Unknown EMS Hospital Arrival Time,1,Daylight,Reduced Visibility,1,1,['Driver'],['Shoulder_Lapbelt'],0,0,Valid,0.0,2.0,75.0,58.0,"['Male', 'Male']",0,0,3,4,5,Dry,Straight,Level,Lowest,No
14520,18,Indiana,180875,0,1,1,0,1,INDIANAPOLIS,June,19,Monday,20,58,Urban,High Speed (Arterial),Yes,39.66021667,-86.08165556,Non-Intersection,Dark - Lighted,Clear,Unknown,Unknown,Unknown EMS Scene Arrival Hour,Unknown EMS Scene Arrival Minutes,Unknown,Unknown EMS Hospital Arrival Time,1,Dark - Lighted,Clear,1,0,['Driver'],['Shoulder_Only'],0,0,Invalid,0.0,0.0,79.0,79.0,['Male'],0,0,3,4,3,Dry,Straight,Level,Medium,No
14521,18,Indiana,180876,0,2,2,0,3,NOT APPLICABLE,June,16,Friday,17,40,Rural,Medium Speed (Collector),No,38.10196111,-87.645975,Complex/Circle,Daylight,Clear,Unknown,Unknown,Unknown EMS Scene Arrival Hour,Unknown EMS Scene Arrival Minutes,Unknown,Unknown EMS Hospital Arrival Time,1,Daylight,Clear,1,2,['Driver'],['Shoulder_Lapbelt'],0,0,Valid,0.0,0.0,75.0,26.0,"['Female', 'Female']",0,0,3,4,5,Dry,Straight,Level,Lowest,No
14522,18,Indiana,180877,0,1,1,0,1,NOT APPLICABLE,November,28,Tuesday,5,0,Rural,High Speed (Arterial),Yes,38.68064444,-86.88986944,Non-Intersection,Dark - Not Lighted,Clear,Unknown,Unknown,Unknown EMS Scene Arrival Hour,Unknown EMS Scene Arrival Minutes,Not Applicable (Not Transported),Not Applicable (Not Transported),1,Dark - Unlighted,Clear,1,0,['Driver'],['None_Used'],0,0,Valid,1.0,0.0,62.0,62.0,['Male'],0,0,4,4,3,Dry,Curve,Level,Lowest,No
14523,18,Indiana,180878,1,1,1,0,1,Other,December,14,Thursday,7,53,Urban,High Speed (Arterial),Yes,38.73009167,-87.48320833,Complex/Circle,Dark - Not Lighted,Clear,8:00am-8:59am,19,8:00am-8:59am,19,Not Applicable (Not Transported),Not Applicable (Not Transported),1,Dark - Unlighted,Clear,0,1,[],[],0,0,Invalid,0.0,0.0,999.0,999.0,['Other'],0,0,1,1,4,Dry,Straight,Level,Lowest,No
14524,19,Iowa,190001,0,1,1,0,1,MARSHALLTOWN,January,1,Sunday,9,10,Urban,Medium Speed (Collector),No,42.040975,-92.93995556,Non-Intersection,Daylight,Clear,9:00am-9:59am,12,9:00am-9:59am,21,9:00am-9:59am,38,1,Daylight,Clear,1,0,['Driver'],['None_Used'],1,1,Valid,0.0,0.0,62.0,62.0,['Male'],1,0,2,4,3,Icy/Snowy,Curve,Level,Lowest,No
14525,19,Iowa,190002,0,2,2,0,2,HULL,January,10,Tuesday,18,4,Rural,High Speed (Arterial),Yes,43.17306111,-96.17732222,Non-Intersection,Dark - Not Lighted,Cloudy,Unknown,Unknown if Notified,Unknown EMS Scene Arrival Hour,Unknown if Arrived,Not Applicable (Not Transported),Not Applicable (Not Transported),1,Dark - Unlighted,Reduced Visibility,1,1,['Driver'],['Shoulder_Lapbelt'],0,0,Valid,0.0,0.0,25.0,18.0,"['Female', 'Male']",0,0,3,4,5,Dry,Straight,Level,Lowest,No
14526,19,Iowa,190003,0,2,2,0,2,HOLSTEIN,January,11,Wednesday,12,6,Rural,High Speed (Arterial),Yes,42.47503333,-95.54476944,Complex/Circle,Daylight,"Fog, Smog, Smoke",Unknown,Unknown if Notified,Unknown EMS Scene Arrival Hour,Unknown if Arrived,Not Applicable (Not Transported),Not Applicable (Not Transported),1,Daylight,Reduced Visibility,1,1,['Driver'],['Shoulder_Lapbelt'],0,0,Valid,1.0,1.0,40.0,23.0,"['Female', 'Male']",0,0,4,4,5,Dry,Straight,Level,Lowest,No