,State_Code,State_Name,Crash_ID,Count_Non_Motorists,Count_Vehicles_Total,Count_Vehicle_Forms,Count_PVH_Involved,Count_Occupants_MV,City_Name,Month_Name,Day_of_Month,Day_of_Week,Crash_Hour,Crash_Minute,Area_Rural_Urban,Road_Functional_Class,On_NHS_Road,Latitude,Longitude,Intersection_Type,Light_Condition,Weather_Condition,Notif_Hour,Notif_Minute,Arrival_Hour,Arrival_Minute,Hospital_Hour,Hospital_Minute,Fatalities_Count,Clean_Light_Condition,Clean_Weather_Condition,Total_Killed,Total_Alive,Fatal_Seats_List,Killed_Restraint_List,Any_Driver_Drinking,Total_Drinking_Drivers,Driver_License_Category,Driver_Max_Prev_Accident_Count,Driver_Max_Prev_Speeding_Count,Max_Driver_Age,Min_Driver_Age,Driver_Sex_List,Total_Exceeding_Limit_Vehicles,Total_Too_Fast_Vehicles,Max_Vehicle_Type_Severity_5,Max_Vehicle_Damage_Rank,Max_Harmful_Event_Severity,Crash_Road_Surface_Condition,Crash_Horizontal_Alignment,Crash_Vertical_Profile,Crash_Impairment_Category,Crash_Vehicle_Defect
14527,19,Iowa,190004,0,2,2,0,2,MARION,January,11,Wednesday,14,16,Urban,High Speed (Arterial),Yes,42.01544444,-91.59944722,Complex/Circle,Daylight,Clear,Unknown,Unknown,Unknown EMS Scene Arrival Hour,Unknown EMS Scene Arrival Minutes,Not Applicable (Not Transported),Not Applicable (Not Transported),1,Daylight,Clear,1,1,['Driver'],['Shoulder_Lapbelt'],0,0,Valid,0.0,0.0,72.0,26.0,"['Male', 'Female']",0,0,4,4,5,Dry,Straight,Level,Lowest,No
14528,19,Iowa,190005,3,2,1,1,1,DES MOINES,January,12,Thursday,14,26,Urban,High Speed (Arterial),Yes,41.61904444,-93.57675278,Non-Intersection,Daylight,Cloudy,Unknown,Unknown,Unknown EMS Scene Arrival Hour,Unknown EMS Scene Arrival Minutes,Not Applicable (Not Transported),Not Applicable (Not Transported),1,Daylight,Reduced Visibility,1,0,['Driver'],['Shoulder_Lapbelt'],0,0,Invalid,6.0,0.0,72.0,72.0,['Male'],0,0,2,4,5,Dry,Straight,Level,Lowest,No
14529,19,Iowa,190006,0,2,2,0,2,NOT APPLICABLE,January,12,Thursday,17,57,Rural,Medium Speed (Collector),Yes,41.61473333,-93.94665,Non-Intersection,Dark - Not Lighted,Clear,6:00pm-6:59pm,6,6:00pm-6:59pm,52,7:00pm-7:59pm,9,1,Dark - Unlighted,Clear,1,1,['Driver'],['Shoulder_Lapbelt'],0,0,Valid,0.0,1.0,60.0,28.0,"['Male', 'Male']",0,0,3,4,5,Dry,Straight,Level,Lowest,No
14530,19,Iowa,190007,0,2,2,0,2,NORTH LIBERTY,January,10,Tuesday,11,26,Rural,High Speed (Arterial),Yes,41.79971944,-91.64635278,Non-Intersection,Daylight,Clear,Unknown,Unknown if Notified,Unknown EMS Scene Arrival Hour,Unknown if Arrived,Not Applicable (Not Transported),Not Applicable (Not Transported),1,Daylight,Clear,1,1,['Driver'],['Shoulder_Lapbelt'],0,0,Invalid,0.0,0.0,46.0,37.0,"['Male', 'Male']",0,0,4,4,5,Dry,Straight,Level,Lowest,No
14531,19,Iowa,190008,0,3,3,0,4,NOT APPLICABLE,January,12,Thursday,13,0,Rural,High Speed (Arterial),Yes,41.69536667,-92.141175,Non-Intersection,Daylight,Severe Crosswinds,1:00pm-1:59pm,0,1:00pm-1:59pm,14,1:00pm-1:59pm,40,1,Daylight,Rain/Wind/Minor,1,3,['Driver'],['Shoulder_Lapbelt'],0,0,Valid,1.0,0.0,64.0,47.0,"['Male', 'Female', 'Male']",0,0,4,4,5,Dry,Straight,Level,Lowest,No
14532,19,Iowa,190009,0,2,2,0,3,SIOUX CITY,January,12,Thursday,5,17,Urban,Medium Speed (Collector),No,42.50196389,-96.38889722,Complex/Circle,Dark - Lighted,Clear,5:00am-5:59am,18,5:00am-5:59am,22,5:00am-5:59am,43,1,Dark - Lighted,Clear,1,2,['Driver'],['Shoulder_Lapbelt'],0,0,Valid,4.0,0.0,53.0,38.0,"['Male', 'Male']",0,0,3,4,5,Dry,Straight,Level,Lowest,No
14533,19,Iowa,190010,0,2,2,0,2,NOT APPLICABLE,January,18,Wednesday,5,49,Rural,Medium Speed (Collector),No,41.87752778,-94.78414444,Non-Intersection,Dark - Not Lighted,Clear,Unknown,Unknown,Unknown EMS Scene Arrival Hour,Unknown EMS Scene Arrival Minutes,Unknown,Unknown EMS Hospital Arrival Time,1,Dark - Unlighted,Clear,1,1,['Driver'],['None_Used'],0,0,Valid,1.0,0.0,34.0,29.0,"['Male', 'Male']",0,0,4,4,5,Dry,Curve,Level,Lowest,No
14534,19,Iowa,190011,0,2,2,0,2,NOT APPLICABLE,January,20,Friday,6,44,Rural,Medium Speed (Collector),No,41.90623889,-95.01555833,Complex/Circle,Dark - Not Lighted,Cloudy,Unknown,Unknown,Unknown EMS Scene Arrival Hour,Unknown EMS Scene Arrival Minutes,Unknown,Unknown EMS Hospital Arrival Time,1,Dark - Unlighted,Reduced Visibility,1,1,['Driver'],['None_Used'],0,0,Valid,1.0,2.0,53.0,34.0,"['Male', 'Male']",0,0,4,4,5,Wet/Standing Water,Straight,Level,Lowest,No
14535,19,Iowa,190012,1,4,4,0,4,IOWA CITY,January,8,Sunday,5,25,Urban,High Speed (Arterial),Yes,41.68676667,-91.49529167,Non-Intersection,Dark - Not Lighted,Rain,5:00am-5:59am,30,5:00am-5:59am,33,6:00am-6:59am,30,2,Dark - Unlighted,Rain/Wind/Minor,1,3,['Driver'],['Shoulder_Lapbelt'],0,0,Valid,1.0,0.0,62.0,37.0,"['Male', 'Male', 'Male', 'Male']",3,0,4,4,5,Icy/Snowy,Straight,Level,Lowest,No
14536,19,Iowa,190013,0,1,1,0,1,NOT APPLICABLE,January,23,Monday,14,25,Rural,Low Speed (Local),No,43.09276389,-92.58395556,Non-Intersection,Daylight,Cloudy,Unknown,Unknown,Unknown EMS Scene Arrival Hour,Unknown EMS Scene Arrival Minutes,Not Applicable (Not Transported),Not Applicable (Not Transported),1,Daylight,Reduced Visibility,1,0,['Driver'],['None_Used'],1,1,Valid,1.0,0.0,44.0,44.0,['Male'],0,0,1,4,3,Icy/Snowy,Straight,Grade/Hillcrest,Lowest,No
14537,19,Iowa,190014,0,1,1,0,1,NOT APPLICABLE,January,23,Monday,15,54,Rural,Medium Speed (Collector),No,40.75205278,-95.28998611,Non-Intersection,Reported as Unknown,Reported as Unknown,Unknown,Unknown,Unknown EMS Scene Arrival Hour,Unknown EMS Scene Arrival Minutes,Not Applicable (Not Transported),Not Applicable (Not Transported),1,Dark - Unlighted,Clear,1,0,['Driver'],['None_Used'],0,0,Valid,0.0,1.0,25.0,25.0,['Male'],0,0,3,4,2,Dry,Straight,Grade/Hillcrest,Lowest,No
14538,19,Iowa,190015,0,1,1,0,1,DES MOINES,January,14,Saturday,21,38,Urban,Medium Speed (Collector),No,41.60113611,-93.64025,Non-Intersection,Dark - Lighted,Clear,9:00pm-9:59pm,38,9:00pm-9:59pm,42,9:00pm-9:59pm,51,1,Dark - Lighted,Clear,1,0,['Driver'],['None_Used'],0,0,Invalid,0.0,1.0,26.0,26.0,['Male'],1,0,3,4,3,Dry,Curve,Level,Lowest,No
14539,19,Iowa,190016,0,1,1,0,1,SAINT DONATUS,January,26,Thursday,21,26,Rural,Medium Speed (Collector),No,42.37011111,-90.52296389,Non-Intersection,Dark - Not Lighted,Clear,Unknown,Unknown,Unknown EMS Scene Arrival Hour,Unknown EMS Scene Arrival Minutes,Not Applicable (Not Transported),Not Applicable (Not Transported),1,Dark - Unlighted,Clear,1,0,['Driver'],['None_Used'],0,0,Valid,1.0,0.0,60.0,60.0,['Male'],1,0,3,4,2,Icy/Snowy,Straight,Level,Lowest,No
14540,19,Iowa,190017,0,1,1,0,1,NOT APPLICABLE,January,28,Saturday,17,47,Rural,Low Speed (Local),No,41.09928611,-95.76747222,Non-Intersection,Daylight,Snow,5:00pm-5:59pm,50,5:00pm-5:59pm,56,6:00pm-6:59pm,56,1,Daylight,Snow/Ice/Severe,1,0,['Driver'],['None_Used'],0,0,Valid,1.0,0.0,20.0,20.0,['Male'],0,0,3,4,3,Icy/Snowy,Curve,Grade/Hillcrest,Lowest,No
14541,19,Iowa,190018,0,2,2,0,2,NOT APPLICABLE,January,14,Saturday,3,6,Rural,High Speed (Arterial),Yes,41.63336111,-90.90735556,Non-Intersection,Dark - Not Lighted,Clear,Unknown,Unknown if Notified,Unknown EMS Scene Arrival Hour,Unknown if Arrived,Not Applicable (Not Transported),Not Applicable (Not Transported),1,Dark - Unlighted,Clear,1,1,['Driver'],['None_Used'],1,1,Valid,0.0,3.0,65.0,46.0,"['Female', 'Male']",0,0,4,4,5,Dry,Straight,Level,Lowest,No
14542,19,Iowa,190019,0,1,1,0,14,NOT APPLICABLE,January,27,Friday,6,35,Rural,High Speed (Arterial),Yes,42.46367778,-92.89658889,Non-Intersection,Dark - Lighted,Snow,6:00am-6:59am,41,6:00am-6:59am,49,7:00am-7:59am,7,4,Dark - Lighted,Snow/Ice/Severe,4,10,"['Rear_Seat', 'Rear_Seat', 'Rear_Seat', 'Rear_Seat']","['None_Used', 'None_Used', 'None_Used', 'None_Used']",0,0,Valid,0.0,0.0,33.0,33.0,['Female'],14,0,3,4,3,Icy/Snowy,Straight,Level,Lowest,No
14543,19,Iowa,190020,0,1,1,0,1,DAVENPORT,January,26,Thursday,23,32,Urban,Low Speed (Local),No,41.53315278,-90.60887222,Non-Intersection,Dark - Lighted,Cloudy,Unknown,Unknown if Notified,Unknown EMS Scene Arrival Hour,Unknown if Arrived,Not Applicable (Not Transported),Not Applicable (Not Transported),1,Dark - Lighted,Reduced Visibility,1,0,['Driver'],['None_Used'],0,0,Valid,1.0,1.0,44.0,44.0,['Male'],0,0,2,4,3,Dry,Curve,Grade/Hillcrest,Lowest,No
14544,19,Iowa,190021,0,2,2,0,2,NOT APPLICABLE,February,1,Wednesday,15,50,Urban,Medium Speed (Collector),No,41.65890278,-93.62904167,Complex/Circle,Daylight,Clear,3:00pm-3:59pm,50,3:00pm-3:59pm,53,4:00pm-4:59pm,40,1,Daylight,Clear,1,1,['Driver'],['Shoulder_Lapbelt'],0,0,Valid,2.0,0.0,38.0,26.0,"['Male', 'Male']",0,0,2,4,5,Dry,Straight,Level,Lowest,No
14545,19,Iowa,190022,0,2,2,0,2,NOT APPLICABLE,February,5,Sunday,15,8,Rural,Medium Speed (Collector),No,42.77311944,-92.14101111,Complex/Circle,Daylight,Clear,5:00pm-5:59pm,4,5:00pm-5:59pm,8,5:00pm-5:59pm,43,1,Daylight,Clear,1,1,['Driver'],['Shoulder_Lapbelt'],0,0,Valid,0.0,1.0,22.0,22.0,"['Male', 'Male']",0,0,2,4,5,Dry,Straight,Level,Lowest,No
14546,19,Iowa,190023,0,2,2,0,3,NOT APPLICABLE,February,7,Tuesday,14,30,Rural,Low Speed (Local),No,42.10014722,-91.4433,Simple Junction,Daylight,Clear,2:00pm-2:59pm,36,2:00pm-2:59pm,49,Unknown,Unknown EMS Hospital Arrival Time,1,Daylight,Clear,1,2,['Driver'],['Shoulder_Lapbelt'],1,1,Valid,1.0,1.0,46.0,31.0,"['Male', 'Male']",0,0,3,4,5,Wet/Standing Water,Straight,Grade/Hillcrest,Lowest,No
14547,19,Iowa,190024,0,2,2,0,3,CEDAR RAPIDS,February,11,Saturday,17,5,Urban,High Speed (Arterial),Yes,41.95205,-91.72457222,Complex/Circle,Daylight,Clear,Unknown,Unknown,Unknown EMS Scene Arrival Hour,Unknown EMS Scene Arrival Minutes,Unknown,Unknown EMS Hospital Arrival Time,2,Daylight,Clear,2,1,"['Driver', 'Front_Passenger']","['Shoulder_Lapbelt', 'Shoulder_Lapbelt']",0,0,Valid,1.0,2.0,75.0,54.0,"['Male', 'Male']",0,0,3,4,5,Dry,Straight,Level,Lowest,No
14548,19,Iowa,190025,0,2,2,0,2,NOT APPLICABLE,January,29,Sunday,15,27,Rural,Medium Speed (Collector),Yes,42.74255,-91.49997778,Non-Intersection,Daylight,Clear,3:00pm-3:59pm,32,3:00pm-3:59pm,45,4:00pm-4:59pm,30,1,Daylight,Clear,1,1,['Driver'],['Shoulder_Lapbelt'],0,0,Valid,1.0,0.0,81.0,75.0,"['Male', 'Male']",0,0,4,4,5,Dry,Straight,Level,Lowest,No
14549,19,Iowa,190026,0,1,1,0,2,NOT APPLICABLE,February,18,Saturday,21,11,Rural,High Speed (Arterial),Yes,42.03445278,-94.27279167,Non-Intersection,Dark - Not Lighted,Clear,Unknown,Unknown,Unknown EMS Scene Arrival Hour,Unknown EMS Scene Arrival Minutes,Not Applicable (Not Transported),Not Applicable (Not Transported),2,Dark - Unlighted,Clear,2,0,"['Driver', 'Front_Passenger']","['None_Used', 'None_Used']",1,1,Valid,0.0,0.0,32.0,32.0,['Male'],0,0,3,4,3,Wet/Standing Water,Straight,Level,Lowest,No
14550,19,Iowa,190027,0,1,1,0,1,WATERLOO,February,19,Sunday,9,6,Urban,High Speed (Arterial),Yes,42.49618611,-92.35289722,Non-Intersection,Daylight,Clear,9:00am-9:59am,7,9:00am-9:59am,11,9:00am-9:59am,27,1,Daylight,Clear,1,0,['Driver'],['None_Used'],0,0,Valid,0.0,0.0,59.0,59.0,['Female'],0,0,2,4,3,Wet/Standing Water,Straight,Grade/Hillcrest,Lowest,No
14551,19,Iowa,190028,0,2,2,0,5,NOT APPLICABLE,February,11,Saturday,22,16,Rural,Medium Speed (Collector),No,42.614175,-92.41634722,Complex/Circle,Dark - Not Lighted,Clear,10:00pm-10:59pm,25,10:00pm-10:59pm,30,11:00pm-11:59pm,8,1,Dark - Unlighted,Clear,1,4,['Front_Passenger'],['Shoulder_Lapbelt'],0,0,Valid,1.0,4.0,23.0,18.0,"['Male', 'Male']",0,0,2,4,5,Dry,Straight,Level,Lowest,No
14552,19,Iowa,190029,1,1,1,0,1,PELLA,February,16,Thursday,17,22,Urban,Low Speed (Local),No,41.42939444,-92.92640278,Non-Intersection,Daylight,Snow,5:00pm-5:59pm,27,5:00pm-5:59pm,32,5:00pm-5:59pm,45,1,Daylight,Snow/Ice/Severe,0,1,[],[],0,0,Valid,0.0,0.0,57.0,57.0,['Male'],0,0,3,2,4,Icy/Snowy,Straight,Grade/Hillcrest,Lowest,No
14553,19,Iowa,190030,0,1,1,0,3,NOT APPLICABLE,February,22,Wednesday,20,19,Rural,Medium Speed (Collector),No,41.232525,-95.65902778,Non-Intersection,Dark - Not Lighted,Freezing Rain or Drizzle,8:00pm-8:59pm,22,8:00pm-8:59pm,33,9:00pm-9:59pm,7,1,Dark - Unlighted,Snow/Ice/Severe,1,2,['Front_Passenger'],['None_Used'],0,0,Valid,0.0,0.0,16.0,16.0,['Female'],0,0,3,4,2,Icy/Snowy,Straight,Grade/Hillcrest,Lowest,No
14554,19,Iowa,190031,0,2,2,0,2,NOT APPLICABLE,February,22,Wednesday,12,31,Rural,Medium Speed (Collector),No,42.515475,-94.24588333,Non-Intersection,Daylight,Sleet or Hail,12:00pm-12:59pm,36,12:00pm-12:59pm,43,1:00pm-1:59pm,6,1,Daylight,Snow/Ice/Severe,1,1,['Driver'],['Shoulder_Lapbelt'],0,0,Valid,0.0,0.0,58.0,42.0,"['Male', 'Male']",0,0,4,4,5,Icy/Snowy,Straight,Level,Lowest,No
14555,19,Iowa,190032,0,1,1,0,2,NOT APPLICABLE,February,21,Tuesday,15,57,Rural,High Speed (Arterial),Yes,42.29594722,-96.29296389,Non-Intersection,Daylight,Clear,4:00pm-4:59pm,8,4:00pm-4:59pm,22,Not Applicable (Not Transported),Not Applicable (Not Transported),1,Daylight,Clear,1,1,['Front_Passenger'],['None_Used'],1,1,Invalid,0.0,0.0,34.0,34.0,['Male'],2,0,2,4,3,Dry,Straight,Level,Lowest,No
14556,19,Iowa,190033,0,2,2,0,9,NOT APPLICABLE,February,12,Sunday,14,25,Rural,High Speed (Arterial),Yes,41.50798889,-91.038925,Complex/Circle,Daylight,Clear,2:00pm-2:59pm,26,2:00pm-2:59pm,38,Unknown,Unknown EMS Hospital Arrival Time,3,Daylight,Clear,3,6,"['Front_Passenger', 'Front_Passenger', 'Front_Passenger']","['Shoulder_Lapbelt', 'None_Used', 'None_Used']",0,0,Valid,1.0,3.0,60.0,57.0,"['Male', 'Male']",7,0,3,4,5,Dry,Straight,Level,Lowest,No
14557,19,Iowa,190034,0,1,1,0,1,NOT APPLICABLE,February,19,Sunday,18,0,Rural,Medium Speed (Collector),No,41.52914722,-94.87368611,Non-Intersection,Dark - Not Lighted,Clear,Unknown,Unknown,Unknown EMS Scene Arrival Hour,Unknown EMS Scene Arrival Minutes,Not Applicable (Not Transported),Not Applicable (Not Transported),1,Dark - Unlighted,Clear,1,0,['Driver'],['Shoulder_Lapbelt'],0,0,Valid,0.0,1.0,52.0,52.0,['Male'],1,0,2,4,3,Loose/Unpaved,Straight,Grade/Hillcrest,Lowest,No
14558,19,Iowa,190035,0,2,2,0,2,NOT APPLICABLE,February,28,Tuesday,6,40,Rural,High Speed (Arterial),Yes,42.54302222,-94.22711667,Non-Intersection,Daylight,Clear,6:00am-6:59am,41,6:00am-6:59am,50,7:00am-7:59am,11,1,Daylight,Clear,1,1,['Driver'],['Shoulder_Lapbelt'],0,0,Valid,0.0,1.0,54.0,51.0,"['Male', 'Male']",0,0,4,4,5,Icy/Snowy,Straight,Grade/Hillcrest,Lowest,No
14559,19,Iowa,190036,0,1,1,0,1,NOT APPLICABLE,March,4,Saturday,6,33,Rural,Medium Speed (Collector),No,42.16770278,-95.47071111,Non-Intersection,Dark - Not Lighted,Cloudy,Unknown,Unknown,Unknown EMS Scene Arrival Hour,Unknown EMS Scene Arrival Minutes,Not Applicable (Not Transported),Not Applicable (Not Transported),1,Dark - Unlighted,Reduced Visibility,1,0,['Driver'],['None_Used'],1,1,Valid,1.0,0.0,20.0,20.0,['Male'],0,0,3,4,3,Dry,Straight,Grade/Hillcrest,Lowest,No
14560,19,Iowa,190037,0,1,1,0,2,NOT APPLICABLE,March,6,Monday,8,15,Rural,Medium Speed (Collector),No,41.21275833,-92.3968,Non-Intersection,Daylight,Clear,Unknown,Unknown,Unknown EMS Scene Arrival Hour,Unknown EMS Scene Arrival Minutes,Unknown,Unknown EMS Hospital Arrival Time,1,Daylight,Clear,1,1,['Driver'],['None_Used'],0,0,Valid,0.0,0.0,70.0,70.0,['Male'],0,0,3,4,2,Dry,Straight,Grade/Hillcrest,Lowest,No
14561,19,Iowa,190038,0,1,1,0,1,NOT APPLICABLE,March,4,Saturday,19,22,Rural,Medium Speed (Collector),No,42.56236667,-94.953875,Non-Intersection,Dark - Not Lighted,Clear,Unknown,Unknown,Unknown EMS Scene Arrival Hour,Unknown EMS Scene Arrival Minutes,Not Applicable (Not Transported),Not Applicable (Not Transported),1,Dark - Unlighted,Clear,1,0,['Driver'],['None_Used'],0,0,Valid,0.0,0.0,17.0,17.0,['Male'],1,0,2,4,3,Loose/Unpaved,Straight,Level,Lowest,No
14562,19,Iowa,190039,0,2,2,0,3,NOT APPLICABLE,March,9,Thursday,15,1,Rural,Medium Speed (Collector),No,41.78287778,-95.20947778,Non-Intersection,Daylight,Snow,Unknown,Unknown if Notified,Unknown EMS Scene Arrival Hour,Unknown if Arrived,Not Applicable (Not Transported),Not Applicable (Not Transported),1,Daylight,Snow/Ice/Severe,1,2,['Driver'],['None_Used'],0,0,Valid,0.0,4.0,74.0,20.0,"['Male', 'Male']",0,0,2,4,5,Wet/Standing Water,Straight,Grade/Hillcrest,Lowest,No
14563,19,Iowa,190040,0,1,1,0,1,NOT APPLICABLE,March,15,Wednesday,23,30,Rural,Medium Speed (Collector),No,41.08586111,-92.80260833,Non-Intersection,Dark - Not Lighted,Clear,Unknown,Unknown,Unknown EMS Scene Arrival Hour,Unknown EMS Scene Arrival Minutes,Not Applicable (Not Transported),Not Applicable (Not Transported),1,Dark - Unlighted,Clear,1,0,['Driver'],['None_Used'],1,1,Valid,1.0,1.0,29.0,29.0,['Male'],0,0,3,4,3,Dry,Straight,Level,Lowest,No
14564,19,Iowa,190041,0,2,2,0,3,BOONE,February,3,Friday,17,3,Urban,High Speed (Arterial),Yes,42.03464167,-93.86400278,Complex/Circle,Daylight,Clear,Unknown,Unknown,Unknown EMS Scene Arrival Hour,Unknown EMS Scene Arrival Minutes,Unknown,Unknown EMS Hospital Arrival Time,2,Daylight,Clear,2,1,"['Driver', 'Front_Passenger']","['Shoulder_Lapbelt', 'Shoulder_Lapbelt']",0,0,Valid,0.0,1.0,55.0,20.0,"['Male', 'Female']",1,0,3,4,5,Dry,Straight,Level,Lowest,No
14565,19,Iowa,190042,0,3,3,0,4,NOT APPLICABLE,March,13,Monday,13,55,Rural,High Speed (Arterial),Yes,41.74578056,-92.59099722,Complex/Circle,Daylight,Cloudy,Unknown,Unknown,Unknown EMS Scene Arrival Hour,Unknown EMS Scene Arrival Minutes,Unknown,Unknown EMS Hospital Arrival Time,1,Daylight,Reduced Visibility,1,3,['Driver'],['Shoulder_Lapbelt'],0,0,Valid,1.0,0.0,74.0,37.0,"['Female', 'Male', 'Male']",0,0,4,4,5,Dry,Straight,Level,Lowest,No
14566,19,Iowa,190043,0,1,1,0,1,NOT APPLICABLE,March,16,Thursday,17,36,Rural,Medium Speed (Collector),No,40.59666389,-95.30710556,Non-Intersection,Daylight,Snow,Unknown,Unknown,Unknown EMS Scene Arrival Hour,Unknown EMS Scene Arrival Minutes,Not Applicable (Not Transported),Not Applicable (Not Transported),1,Daylight,Snow/Ice/Severe,1,0,['Driver'],['None_Used'],0,0,Valid,0.0,1.0,63.0,63.0,['Male'],1,0,3,4,3,Icy/Snowy,Straight,Grade/Hillcrest,Lowest,No
14567,19,Iowa,190044,0,2,2,0,3,NOT APPLICABLE,March,15,Wednesday,20,44,Rural,Medium Speed (Collector),No,40.88419722,-94.33847778,Non-Intersection,Dark - Not Lighted,Cloudy,8:00pm-8:59pm,32,9:00pm-9:59pm,11,9:00pm-9:59pm,42,2,Dark - Unlighted,Reduced Visibility,2,1,"['Driver', 'Driver']","['None_Used', 'None_Used']",1,1,Valid,0.0,1.0,54.0,44.0,"['Male', 'Female']",1,0,3,4,5,Dry,Straight,Grade/Hillcrest,Lowest,No
14568,19,Iowa,190046,0,1,1,0,2,NOT APPLICABLE,March,22,Wednesday,11,8,Rural,Medium Speed (Collector),No,40.98887778,-91.66289167,Non-Intersection,Daylight,Cloudy,11:00am-11:59am,8,11:00am-11:59am,22,11:00am-11:59am,46,1,Daylight,Reduced Visibility,1,1,['Driver'],['None_Used'],0,0,Valid,1.0,0.0,65.0,65.0,['Male'],0,0,4,4,3,Wet/Standing Water,Straight,Level,Medium,No
14569,19,Iowa,190047,0,2,2,0,4,NOT APPLICABLE,March,9,Thursday,7,46,Rural,High Speed (Arterial),Yes,41.83343056,-94.11704444,Non-Intersection,Daylight,Snow,7:00am-7:59am,41,7:00am-7:59am,47,8:00am-8:59am,5,2,Daylight,Snow/Ice/Severe,2,2,"['Front_Passenger', 'Rear_Seat']","['Shoulder_Lapbelt', 'None_Used']",0,0,Valid,0.0,0.0,56.0,17.0,"['Female', 'Male']",0,0,2,4,5,Icy/Snowy,Straight,Level,Lowest,No
14570,19,Iowa,190048,0,2,2,0,2,CORRECTIONVILLE,March,22,Wednesday,18,31,Rural,Medium Speed (Collector),No,42.49453333,-95.76055556,Non-Intersection,Daylight,Clear,6:00pm-6:59pm,41,7:00pm-7:59pm,3,7:00pm-7:59pm,49,1,Daylight,Clear,1,1,['Driver'],['Shoulder_Lapbelt'],0,0,Valid,1.0,0.0,17.0,16.0,"['Male', 'Male']",2,0,3,0,5,Dry,Curve,Level,Lowest,No
14571,19,Iowa,190049,0,1,1,0,1,WEST BURLINGTON,March,16,Thursday,17,50,Urban,High Speed (Arterial),Yes,40.81825278,-91.17234444,Non-Intersection,Daylight,Rain,5:00pm-5:59pm,53,5:00pm-5:59pm,58,Not Applicable (Not Transported),Not Applicable (Not Transported),1,Daylight,Rain/Wind/Minor,1,0,['Driver'],['None_Used'],0,0,Valid,1.0,0.0,55.0,55.0,['Male'],0,0,3,4,3,Wet/Standing Water,Straight,Level,Lowest,No
14572,19,Iowa,190050,0,3,3,0,4,NOT APPLICABLE,March,17,Friday,20,23,Rural,High Speed (Arterial),Yes,41.35193611,-92.65685833,Non-Intersection,Dark - Not Lighted,Snow,8:00pm-8:59pm,6,8:00pm-8:59pm,11,8:00pm-8:59pm,31,2,Dark - Unlighted,Snow/Ice/Severe,2,2,"['Driver', 'Front_Passenger']","['None_Used', 'Shoulder_Lapbelt']",1,1,Valid,0.0,3.0,83.0,40.0,"['Male', 'Male', 'Male']",0,0,3,4,5,Wet/Standing Water,Curve,Grade/Hillcrest,Lowest,No
14573,19,Iowa,190051,0,1,1,0,1,DES MOINES,March,28,Tuesday,20,13,Urban,High Speed (Arterial),Yes,41.605175,-93.64376667,Non-Intersection,Dark - Lighted,Clear,8:00pm-8:59pm,14,8:00pm-8:59pm,18,8:00pm-8:59pm,31,1,Dark - Lighted,Clear,1,0,['Driver'],['None_Used'],0,0,Invalid,0.0,0.0,19.0,19.0,['Male'],1,0,2,4,3,Dry,Straight,Level,Lowest,No
14574,19,Iowa,190052,0,2,2,0,3,NOT APPLICABLE,March,29,Wednesday,15,50,Rural,High Speed (Arterial),Yes,41.01281111,-92.91270556,Non-Intersection,Daylight,Clear,Unknown,Unknown,Unknown EMS Scene Arrival Hour,Unknown EMS Scene Arrival Minutes,Unknown,Unknown EMS Hospital Arrival Time,1,Daylight,Clear,1,2,['Driver'],['Shoulder_Lapbelt'],0,0,Valid,0.0,0.0,58.0,30.0,"['Male', 'Male']",0,0,4,4,5,Dry,Straight,Level,Lowest,No
14575,19,Iowa,190053,1,2,2,0,2,WATERLOO,March,31,Friday,4,26,Urban,High Speed (Arterial),Yes,42.53816111,-92.40306667,Non-Intersection,Dark - Not Lighted,Cloudy,4:00am-4:59am,26,4:00am-4:59am,33,Not Applicable (Not Transported),Not Applicable (Not Transported),1,Dark - Unlighted,Reduced Visibility,0,2,[],[],0,0,Valid,0.0,0.0,56.0,54.0,"['Male', 'Female']",0,0,2,4,4,Wet/Standing Water,Straight,Level,Lowest,No
14576,19,Iowa,190054,0,1,1,0,1,NOT APPLICABLE,March,14,Tuesday,7,47,Rural,Low Speed (Local),No,41.17131389,-91.20035833,Non-Intersection,Reported as Unknown,Reported as Unknown,7:00am-7:59am,59,8:00am-8:59am,24,8:00am-8:59am,56,1,Dark - Unlighted,Clear,1,0,['Driver'],['None_Used'],0,0,Valid,0.0,0.0,18.0,18.0,['Male'],1,0,3,4,3,Loose/Unpaved,Straight,Level,Lowest,No
14577,19,Iowa,190055,0,1,1,0,1,NOT APPLICABLE,March,31,Friday,7,53,Rural,Medium Speed (Collector),No,41.45086389,-93.44271667,Non-Intersection,Daylight,Clear,Unknown,Unknown,Unknown EMS Scene Arrival Hour,Unknown EMS Scene Arrival Minutes,Not Applicable (Not Transported),Not Applicable (Not Transported),1,Daylight,Clear,1,0,['Driver'],['Shoulder_Lapbelt'],0,0,Valid,0.0,0.0,16.0,16.0,['Female'],0,0,2,4,3,Dry,Curve,Grade/Hillcrest,Lowest,No
14578,19,Iowa,190056,0,1,1,0,1,NOT APPLICABLE,April,2,Sunday,19,32,Rural,Low Speed (Local),No,41.79151389,-94.02708333,Complex/Circle,Daylight,Clear,Unknown,Unknown,Unknown EMS Scene Arrival Hour,Unknown EMS Scene Arrival Minutes,Not Applicable (Not Transported),Not Applicable (Not Transported),1,Daylight,Clear,1,0,['Driver'],['None_Used'],1,1,Valid,0.0,1.0,32.0,32.0,['Male'],1,0,5,4,2,Loose/Unpaved,Straight,Level,Lowest,No