,State_Code,State_Name,Crash_ID,Count_Non_Motorists,Count_Vehicles_Total,Count_Vehicle_Forms,Count_PVH_Involved,Count_Occupants_MV,City_Name,Month_Name,Day_of_Month,Day_of_Week,Crash_Hour,Crash_Minute,Area_Rural_Urban,Road_Functional_Class,On_NHS_Road,Latitude,Longitude,Intersection_Type,Light_Condition,Weather_Condition,Notif_Hour,Notif_Minute,Arrival_Hour,Arrival_Minute,Hospital_Hour,Hospital_Minute,Fatalities_Count,Clean_Light_Condition,Clean_Weather_Condition,Total_Killed,Total_Alive,Fatal_Seats_List,Killed_Restraint_List,Any_Driver_Drinking,Total_Drinking_Drivers,Driver_License_Category,Driver_Max_Prev_Accident_Count,Driver_Max_Prev_Speeding_Count,Max_Driver_Age,Min_Driver_Age,Driver_Sex_List,Total_Exceeding_Limit_Vehicles,Total_Too_Fast_Vehicles,Max_Vehicle_Type_Severity_5,Max_Vehicle_Damage_Rank,Max_Harmful_Event_Severity,Crash_Road_Surface_Condition,Crash_Horizontal_Alignment,Crash_Vertical_Profile,Crash_Impairment_Category,Crash_Vehicle_Defect
14579,19,Iowa,190058,1,1,1,0,1,ALTOONA,March,19,Sunday,20,35,Urban,High Speed (Arterial),Yes,41.66144444,-93.5129,Non-Intersection,Dark - Not Lighted,Clear,Unknown,Unknown,Unknown EMS Scene Arrival Hour,Unknown EMS Scene Arrival Minutes,Not Applicable (Not Transported),Not Applicable (Not Transported),1,Dark - Unlighted,Clear,0,1,[],[],0,0,Valid,0.0,0.0,49.0,49.0,['Male'],0,0,3,2,4,Dry,Straight,Level,Lowest,No
14580,19,Iowa,190059,0,2,2,0,3,NOT APPLICABLE,April,5,Wednesday,16,31,Rural,High Speed (Arterial),Yes,40.72611111,-91.56328056,Complex/Circle,Daylight,Clear,Unknown,Unknown if Notified,Unknown EMS Scene Arrival Hour,Unknown if Arrived,Not Applicable (Not Transported),Not Applicable (Not Transported),2,Daylight,Clear,2,1,"['Driver', 'Front_Passenger']","['None_Used', 'None_Used']",0,0,Valid,0.0,0.0,73.0,53.0,"['Female', 'Male']",0,0,4,4,5,Dry,Straight,Level,Lowest,No
14581,19,Iowa,190060,0,2,2,0,2,NOT APPLICABLE,March,30,Thursday,9,58,Rural,High Speed (Arterial),Yes,42.71485833,-92.03799167,Complex/Circle,Daylight,Cloudy,Unknown,Unknown,Unknown EMS Scene Arrival Hour,Unknown EMS Scene Arrival Minutes,Unknown,Unknown EMS Hospital Arrival Time,1,Daylight,Reduced Visibility,1,1,['Driver'],['Shoulder_Lapbelt'],0,0,Valid,0.0,0.0,57.0,31.0,"['Male', 'Male']",0,0,4,4,5,Dry,Straight,Level,Lowest,No
14582,19,Iowa,190061,0,2,2,0,2,NOT APPLICABLE,April,2,Sunday,17,57,Rural,High Speed (Arterial),Yes,43.22289444,-95.15034444,Non-Intersection,Daylight,Clear,6:00pm-6:59pm,2,6:00pm-6:59pm,8,7:00pm-7:59pm,29,1,Daylight,Clear,1,1,['Driver'],['None_Used'],0,0,Valid,0.0,2.0,77.0,68.0,"['Male', 'Male']",0,0,5,4,5,Dry,Straight,Level,Lowest,No
14583,19,Iowa,190062,0,2,2,0,2,NOT APPLICABLE,April,5,Wednesday,21,38,Rural,Medium Speed (Collector),No,41.87767222,-93.45170556,Non-Intersection,Dark - Not Lighted,Clear,Unknown,Unknown,Unknown EMS Scene Arrival Hour,Unknown EMS Scene Arrival Minutes,Not Applicable (Not Transported),Not Applicable (Not Transported),1,Dark - Unlighted,Clear,1,1,['Driver'],['Shoulder_Lapbelt'],1,1,Valid,0.0,0.0,51.0,30.0,"['Male', 'Male']",1,0,2,4,5,Dry,Straight,Grade/Hillcrest,Lowest,No
14584,19,Iowa,190063,0,2,2,0,2,NOT APPLICABLE,April,13,Thursday,17,41,Rural,Medium Speed (Collector),No,42.70825556,-96.48171944,Non-Intersection,Daylight,Clear,Unknown,Unknown if Notified,Unknown EMS Scene Arrival Hour,Unknown if Arrived,Not Applicable (Not Transported),Not Applicable (Not Transported),2,Daylight,Clear,2,0,"['Driver', 'Driver']","['Shoulder_Lapbelt', 'Shoulder_Lapbelt']",0,0,Valid,0.0,5.0,54.0,37.0,"['Male', 'Male']",0,0,3,4,3,Dry,Curve,Grade/Hillcrest,Lowest,No
14585,19,Iowa,190064,0,1,1,0,1,NOT APPLICABLE,April,5,Wednesday,15,45,Rural,Low Speed (Local),No,41.11268611,-93.385025,Non-Intersection,Daylight,Clear,Unknown,Unknown,Unknown EMS Scene Arrival Hour,Unknown EMS Scene Arrival Minutes,Unknown,Unknown EMS Hospital Arrival Time,1,Daylight,Clear,1,0,['Driver'],['None_Used'],0,0,Valid,0.0,0.0,14.0,14.0,['Male'],0,0,5,4,3,Loose/Unpaved,Straight,Grade/Hillcrest,Lowest,No
14586,19,Iowa,190065,0,2,2,0,2,NOT APPLICABLE,April,12,Wednesday,7,38,Rural,Medium Speed (Collector),No,40.83288889,-93.75471111,Non-Intersection,Daylight,Clear,7:00am-7:59am,52,8:00am-8:59am,40,9:00am-9:59am,9,1,Daylight,Clear,1,1,['Driver'],['None_Used'],0,0,Valid,0.0,1.0,49.0,31.0,"['Male', 'Female']",0,0,3,4,5,Dry,Curve,Level,Medium,No
14587,19,Iowa,190066,0,1,1,0,2,NOT APPLICABLE,April,8,Saturday,1,35,Urban,Medium Speed (Collector),No,41.72872222,-91.56124167,Non-Intersection,Dark - Not Lighted,Clear,1:00am-1:59am,36,1:00am-1:59am,50,2:00am-2:59am,15,1,Dark - Unlighted,Clear,1,1,['Driver'],['None_Used'],0,0,Valid,1.0,0.0,18.0,18.0,['Male'],0,0,3,4,3,Dry,Straight,Grade/Hillcrest,Lowest,No
14588,19,Iowa,190067,0,1,1,0,2,NOT APPLICABLE,April,15,Saturday,17,53,Rural,Medium Speed (Collector),No,42.61435278,-91.92500278,Non-Intersection,Daylight,Clear,Unknown,Unknown,Unknown EMS Scene Arrival Hour,Unknown EMS Scene Arrival Minutes,Unknown,Unknown EMS Hospital Arrival Time,1,Daylight,Clear,1,1,['Driver'],['None_Used'],1,1,Valid,0.0,0.0,50.0,50.0,['Male'],0,0,5,4,3,Dry,Curve,Level,Lowest,No
14589,19,Iowa,190068,0,1,1,0,1,NOT APPLICABLE,April,10,Monday,13,50,Rural,Medium Speed (Collector),No,41.88512778,-93.95013056,Simple Junction,Daylight,Clear,1:00pm-1:59pm,56,2:00pm-2:59pm,24,2:00pm-2:59pm,50,1,Daylight,Clear,1,0,['Driver'],['None_Used'],0,0,Invalid,0.0,0.0,41.0,41.0,['Female'],0,0,3,4,3,Dry,Curve,Level,Lowest,No
14590,19,Iowa,190069,0,1,1,0,1,WATERLOO,April,19,Wednesday,18,32,Rural,Low Speed (Local),No,42.43643611,-92.39600556,Non-Intersection,Daylight,Clear,Unknown,Unknown,Unknown EMS Scene Arrival Hour,Unknown EMS Scene Arrival Minutes,Not Applicable (Not Transported),Not Applicable (Not Transported),1,Daylight,Clear,1,0,['Driver'],['None_Used'],0,0,Valid,0.0,0.0,49.0,49.0,['Female'],1,0,2,4,3,Loose/Unpaved,Straight,Level,Lowest,No
14591,19,Iowa,190070,0,2,2,0,4,NOT APPLICABLE,March,10,Friday,23,15,Rural,High Speed (Arterial),Yes,41.61405833,-90.77131389,Non-Intersection,Dark - Not Lighted,Clear,11:00pm-11:59pm,22,11:00pm-11:59pm,25,11:00pm-11:59pm,56,3,Dark - Unlighted,Clear,3,1,"['Driver', 'Front_Passenger', 'Rear_Seat']","['Shoulder_Lapbelt', 'None_Used', 'None_Used']",1,1,Valid,1.0,0.0,46.0,29.0,"['Female', 'Female']",0,0,2,4,5,Dry,Straight,Grade/Hillcrest,Lowest,No
14592,19,Iowa,190071,0,2,2,0,2,NOT APPLICABLE,April,11,Tuesday,13,24,Urban,High Speed (Arterial),Yes,41.70382222,-91.48521111,Non-Intersection,Daylight,Clear,Unknown,Unknown if Notified,Unknown EMS Scene Arrival Hour,Unknown if Arrived,Not Applicable (Not Transported),Not Applicable (Not Transported),1,Daylight,Clear,1,1,['Driver'],['None_Used'],0,0,Valid,0.0,1.0,72.0,20.0,"['Male', 'Male']",0,0,5,4,5,Dry,Straight,Level,Lowest,No
14593,19,Iowa,190072,0,1,1,0,1,NOT APPLICABLE,April,2,Sunday,15,20,Rural,Medium Speed (Collector),No,41.43481667,-95.746475,Non-Intersection,Daylight,Clear,Unknown,Unknown if Notified,Unknown EMS Scene Arrival Hour,Unknown if Arrived,Not Applicable (Not Transported),Not Applicable (Not Transported),1,Daylight,Clear,1,0,['Driver'],['None_Used'],0,0,Valid,0.0,0.0,60.0,60.0,['Male'],0,0,5,4,2,Dry,Curve,Grade/Hillcrest,Lowest,No
14594,19,Iowa,190073,0,1,1,0,1,DAWSON,April,19,Wednesday,22,40,Rural,Low Speed (Local),No,41.805625,-94.23123333,Non-Intersection,Dark - Not Lighted,Rain,Unknown,Unknown,Unknown EMS Scene Arrival Hour,Unknown EMS Scene Arrival Minutes,Not Applicable (Not Transported),Not Applicable (Not Transported),1,Dark - Unlighted,Rain/Wind/Minor,1,0,['Driver'],['Shoulder_Lapbelt'],0,0,Valid,0.0,0.0,29.0,29.0,['Male'],0,0,3,4,2,Loose/Unpaved,Straight,Level,Lowest,No
14595,19,Iowa,190074,0,3,3,0,3,CLEAR LAKE,April,21,Friday,12,30,Urban,High Speed (Arterial),Yes,43.14141667,-93.411625,Non-Intersection,Daylight,Cloudy,12:00pm-12:59pm,32,12:00pm-12:59pm,37,12:00pm-12:59pm,59,1,Daylight,Reduced Visibility,1,2,['Driver'],['Shoulder_Lapbelt'],0,0,Valid,1.0,1.0,65.0,60.0,"['Female', 'Male', 'Male']",0,0,3,4,5,Dry,Straight,Level,Lowest,No
14596,19,Iowa,190075,0,1,1,0,1,NOT APPLICABLE,April,23,Sunday,2,20,Rural,High Speed (Arterial),Yes,41.83493889,-93.98176667,Non-Intersection,Dark - Not Lighted,Clear,Unknown,Unknown,Unknown EMS Scene Arrival Hour,Unknown EMS Scene Arrival Minutes,Not Applicable (Not Transported),Not Applicable (Not Transported),1,Dark - Unlighted,Clear,1,0,['Driver'],['None_Used'],1,1,Valid,0.0,1.0,39.0,39.0,['Male'],0,0,3,4,3,Dry,Straight,Level,Lowest,No
14597,19,Iowa,190076,1,2,1,1,2,NOT APPLICABLE,April,17,Monday,2,4,Urban,High Speed (Arterial),Yes,41.59763333,-90.44533611,Non-Intersection,Dark - Not Lighted,Rain,2:00am-2:59am,8,2:00am-2:59am,18,Unknown,Unknown EMS Hospital Arrival Time,1,Dark - Unlighted,Rain/Wind/Minor,0,2,[],[],0,0,Valid,0.0,0.0,27.0,27.0,['Male'],0,0,3,4,4,Wet/Standing Water,Straight,Grade/Hillcrest,Lowest,No
14598,19,Iowa,190077,0,3,3,0,3,BETTENDORF,April,24,Monday,5,52,Urban,High Speed (Arterial),Yes,41.5251,-90.51305,Complex/Circle,Dawn,Clear,Unknown,Unknown,Unknown EMS Scene Arrival Hour,Unknown EMS Scene Arrival Minutes,Not Applicable (Not Transported),Not Applicable (Not Transported),1,Twilight,Clear,1,2,['Driver'],['Shoulder_Lapbelt'],0,0,Invalid,1.0,2.0,70.0,32.0,"['Male', 'Male', 'Male']",1,0,3,4,5,Dry,Straight,Grade/Hillcrest,Lowest,No
14599,19,Iowa,190078,0,2,2,0,2,NOT APPLICABLE,April,24,Monday,12,5,Rural,High Speed (Arterial),Yes,42.23551389,-96.24361667,Non-Intersection,Daylight,Clear,Unknown,Unknown,Unknown EMS Scene Arrival Hour,Unknown EMS Scene Arrival Minutes,Unknown,Unknown EMS Hospital Arrival Time,1,Daylight,Clear,1,1,['Driver'],['Shoulder_Lapbelt'],0,0,Valid,0.0,0.0,71.0,48.0,"['Male', 'Male']",0,0,3,4,5,Dry,Curve,Level,Lowest,No
14600,19,Iowa,190079,0,1,1,0,1,NOT APPLICABLE,April,26,Wednesday,20,38,Rural,Low Speed (Local),No,41.28740833,-91.36994722,Simple Junction,Dark - Not Lighted,Clear,Unknown,Unknown,Unknown EMS Scene Arrival Hour,Unknown EMS Scene Arrival Minutes,Unknown,Unknown EMS Hospital Arrival Time,1,Dark - Unlighted,Clear,1,0,['Driver'],['None_Used'],0,0,Valid,0.0,2.0,63.0,63.0,['Male'],1,0,3,4,3,Loose/Unpaved,Curve,Grade/Hillcrest,Lowest,No
14601,19,Iowa,190080,0,2,2,0,2,NOT APPLICABLE,April,28,Friday,7,30,Rural,Medium Speed (Collector),No,42.26974167,-95.594075,Non-Intersection,Dawn,Rain,Unknown,Unknown,Unknown EMS Scene Arrival Hour,Unknown EMS Scene Arrival Minutes,Unknown,Unknown EMS Hospital Arrival Time,1,Twilight,Rain/Wind/Minor,1,1,['Driver'],['Shoulder_Lapbelt'],1,1,Valid,1.0,0.0,59.0,33.0,"['Male', 'Male']",0,0,3,4,5,Wet/Standing Water,Straight,Grade/Hillcrest,Lowest,No
14602,19,Iowa,190081,0,1,1,0,1,NOT APPLICABLE,May,1,Monday,20,46,Rural,Medium Speed (Collector),No,41.92981944,-90.23298333,Non-Intersection,Dark - Not Lighted,Clear,Unknown,Unknown if Notified,Unknown EMS Scene Arrival Hour,Unknown if Arrived,Not Applicable (Not Transported),Not Applicable (Not Transported),1,Dark - Unlighted,Clear,1,0,['Driver'],['None_Used'],0,0,Valid,2.0,2.0,65.0,65.0,['Male'],0,0,5,4,2,Dry,Curve,Level,Lowest,No
14603,19,Iowa,190082,0,1,1,0,2,NOT APPLICABLE,April,23,Sunday,19,54,Rural,Medium Speed (Collector),No,42.28391389,-95.05261389,Non-Intersection,Dusk,Clear,8:00pm-8:59pm,2,8:00pm-8:59pm,9,Not Applicable (Not Transported),Not Applicable (Not Transported),1,Twilight,Clear,1,1,['Front_Passenger'],['None_Used'],1,1,Valid,0.0,2.0,22.0,22.0,['Male'],0,0,2,4,3,Dry,Straight,Level,Lowest,No
14604,19,Iowa,190083,0,1,1,0,1,NOT APPLICABLE,May,5,Friday,22,0,Rural,Low Speed (Local),No,41.28846389,-94.83463056,Non-Intersection,Dark - Not Lighted,Cloudy,Unknown,Unknown if Notified,Unknown EMS Scene Arrival Hour,Unknown if Arrived,Not Applicable (Not Transported),Not Applicable (Not Transported),1,Dark - Unlighted,Reduced Visibility,1,0,['Driver'],['None_Used'],0,0,Valid,0.0,0.0,40.0,40.0,['Male'],1,0,5,4,3,Dry,Straight,Grade/Hillcrest,Lowest,Yes
14605,19,Iowa,190084,0,2,2,0,2,SIOUX CITY,May,8,Monday,2,0,Urban,Medium Speed (Collector),No,42.52367222,-96.34920833,Non-Intersection,Dark - Not Lighted,Clear,2:00am-2:59am,0,2:00am-2:59am,8,2:00am-2:59am,30,1,Dark - Unlighted,Clear,1,1,['Driver'],['Shoulder_Lapbelt'],1,1,Invalid,1.0,3.0,48.0,42.0,"['Male', 'Male']",0,0,3,4,5,Dry,Straight,Level,Lowest,No
14606,19,Iowa,190085,0,2,2,0,4,NOT APPLICABLE,May,10,Wednesday,17,43,Rural,Medium Speed (Collector),No,40.78995278,-92.48521667,Non-Intersection,Daylight,Clear,5:00pm-5:59pm,49,6:00pm-6:59pm,16,6:00pm-6:59pm,58,1,Daylight,Clear,1,3,['Driver'],['Shoulder_Lapbelt'],0,0,Valid,0.0,0.0,31.0,20.0,"['Male', 'Male']",0,0,3,4,5,Dry,Curve,Grade/Hillcrest,Lowest,No
14607,19,Iowa,190086,1,1,1,0,0,CEDAR RAPIDS,April,30,Sunday,20,8,Urban,Medium Speed (Collector),No,41.93800556,-91.71578333,Non-Intersection,Dusk,Clear,8:00pm-8:59pm,8,8:00pm-8:59pm,12,8:00pm-8:59pm,51,1,Twilight,Clear,0,0,[],[],0,0,Valid,0.0,0.0,49.0,34.0,Other,0,0,3,2,4,Dry,Straight,Grade/Hillcrest,Lowest,No
14608,19,Iowa,190087,0,2,2,0,5,NOT APPLICABLE,May,8,Monday,12,37,Rural,High Speed (Arterial),Yes,41.27704722,-91.23885556,Non-Intersection,Daylight,Clear,12:00pm-12:59pm,42,1:00pm-1:59pm,3,1:00pm-1:59pm,36,3,Daylight,Clear,3,2,"['Front_Passenger', 'Rear_Seat', 'Front_Passenger']","['Shoulder_Lapbelt', 'Shoulder_Lapbelt', 'None_Used']",0,0,Valid,0.0,0.0,51.0,48.0,"['Male', 'Female']",0,0,3,4,5,Dry,Straight,Grade/Hillcrest,Lowest,No
14609,19,Iowa,190088,0,2,2,0,3,CEDAR RAPIDS,May,14,Sunday,2,56,Urban,High Speed (Arterial),Yes,41.96831389,-91.70169444,Non-Intersection,Dark - Lighted,Clear,2:00am-2:59am,57,3:00am-3:59am,0,Unknown,Unknown EMS Hospital Arrival Time,2,Dark - Lighted,Clear,2,1,"['Driver', 'Front_Passenger']","['Shoulder_Lapbelt', 'None_Used']",1,1,Invalid,1.0,0.0,47.0,23.0,"['Female', 'Female']",0,0,3,4,5,Dry,Straight,Grade/Hillcrest,Lowest,Yes
14610,19,Iowa,190089,0,1,1,0,1,NOT APPLICABLE,May,12,Friday,13,37,Rural,Low Speed (Local),No,41.92564167,-91.34211944,Non-Intersection,Daylight,Clear,Unknown,Unknown,Unknown EMS Scene Arrival Hour,Unknown EMS Scene Arrival Minutes,Not Applicable (Not Transported),Not Applicable (Not Transported),1,Daylight,Clear,1,0,['Driver'],['None_Used'],0,0,Valid,1.0,0.0,47.0,47.0,['Male'],0,0,4,4,4,Dry,Straight,Level,Lowest,No
14611,19,Iowa,190090,0,2,2,0,2,NOT APPLICABLE,May,12,Friday,22,28,Rural,High Speed (Arterial),Yes,41.80606944,-93.31365556,Non-Intersection,Dark - Not Lighted,Clear,10:00pm-10:59pm,40,11:00pm-11:59pm,5,11:00pm-11:59pm,28,1,Dark - Unlighted,Clear,1,1,['Driver'],['Shoulder_Lapbelt'],1,1,Valid,2.0,1.0,79.0,39.0,"['Male', 'Male']",0,0,4,4,5,Dry,Straight,Level,Lowest,No
14612,19,Iowa,190091,0,1,1,0,2,ROCK VALLEY,May,14,Sunday,0,26,Rural,Low Speed (Local),No,43.19777778,-96.30049167,Simple Junction,Dark - Lighted,Cloudy,Unknown,Unknown,Unknown EMS Scene Arrival Hour,Unknown EMS Scene Arrival Minutes,Not Applicable (Not Transported),Not Applicable (Not Transported),1,Dark - Lighted,Reduced Visibility,1,1,['Driver'],['None_Used'],1,1,Valid,0.0,3.0,18.0,18.0,['Male'],2,0,2,4,3,Dry,Straight,Level,Lowest,No
14613,19,Iowa,190092,0,2,2,0,2,NOT APPLICABLE,May,21,Sunday,12,7,Rural,Medium Speed (Collector),No,42.36812778,-91.18954722,Non-Intersection,Daylight,Cloudy,12:00pm-12:59pm,14,Unknown EMS Scene Arrival Hour,Officially Cancelled,Unknown,Officially Canceled,1,Daylight,Reduced Visibility,1,1,['Driver'],['None_Used'],0,0,Valid,1.0,0.0,24.0,15.0,"['Male', 'Male']",0,0,5,4,5,Wet/Standing Water,Straight,Level,Lowest,No
14614,19,Iowa,190093,0,2,2,0,2,BLOOMFIELD,May,20,Saturday,21,0,Rural,High Speed (Arterial),Yes,40.73980833,-92.41269167,Complex/Circle,Dark - Lighted,Clear,9:00pm-9:59pm,1,9:00pm-9:59pm,3,9:00pm-9:59pm,13,1,Dark - Lighted,Clear,1,1,['Driver'],['None_Used'],0,0,Valid,0.0,1.0,19.0,17.0,"['Male', 'Male']",1,0,5,4,5,Dry,Straight,Level,Lowest,No
14615,19,Iowa,190094,0,1,1,0,1,NOT APPLICABLE,May,17,Wednesday,19,13,Rural,Medium Speed (Collector),No,42.15603611,-91.82059722,Non-Intersection,Daylight,Clear,7:00pm-7:59pm,15,7:00pm-7:59pm,36,8:00pm-8:59pm,19,1,Daylight,Clear,1,0,['Driver'],['None_Used'],1,1,Valid,0.0,0.0,51.0,51.0,['Male'],0,0,5,4,2,Dry,Curve,Grade/Hillcrest,Lowest,No
14616,19,Iowa,190095,0,2,2,0,2,WATERLOO,May,22,Monday,7,57,Urban,High Speed (Arterial),Yes,42.56324444,-92.33769722,Non-Intersection,Daylight,Clear,8:00am-8:59am,4,8:00am-8:59am,8,Not Applicable (Not Transported),Not Applicable (Not Transported),2,Daylight,Clear,2,0,"['Driver', 'Driver']","['Shoulder_Lapbelt', 'Shoulder_Lapbelt']",0,0,Valid,0.0,0.0,58.0,31.0,"['Male', 'Female']",0,0,3,4,5,Dry,Straight,Grade/Hillcrest,Lowest,No
14617,19,Iowa,190096,0,2,2,0,2,RED OAK,May,21,Sunday,19,58,Urban,High Speed (Arterial),Yes,41.02589722,-95.21361667,Non-Intersection,Daylight,Clear,Unknown,Unknown,Unknown EMS Scene Arrival Hour,Unknown EMS Scene Arrival Minutes,Unknown,Unknown EMS Hospital Arrival Time,1,Daylight,Clear,1,1,['Driver'],['None_Used'],1,1,Valid,0.0,1.0,68.0,54.0,"['Male', 'Male']",0,0,4,4,5,Dry,Straight,Grade/Hillcrest,Lowest,No
14618,19,Iowa,190097,0,1,1,0,1,CEDAR RAPIDS,May,5,Friday,14,59,Urban,Medium Speed (Collector),No,41.98093889,-91.66923889,Non-Intersection,Daylight,Cloudy,Unknown,Unknown,Unknown EMS Scene Arrival Hour,Unknown EMS Scene Arrival Minutes,Unknown,Unknown EMS Hospital Arrival Time,1,Daylight,Reduced Visibility,1,0,['Driver'],['None_Used'],0,0,Valid,0.0,0.0,47.0,47.0,['Male'],0,0,5,4,3,Dry,Straight,Level,Lowest,No
14619,19,Iowa,190098,1,1,1,0,1,DES MOINES,May,26,Friday,21,0,Urban,High Speed (Arterial),Yes,41.52481389,-93.5967,Non-Intersection,Dark - Lighted,Clear,9:00pm-9:59pm,1,9:00pm-9:59pm,5,9:00pm-9:59pm,28,1,Dark - Lighted,Clear,0,1,[],[],0,0,Valid,0.0,1.0,64.0,64.0,['Female'],0,0,2,4,4,Dry,Straight,Level,Lowest,No
14620,19,Iowa,190099,0,1,1,0,1,NOT APPLICABLE,May,29,Monday,14,0,Rural,Low Speed (Local),No,41.84360833,-90.57286111,Non-Intersection,Daylight,Clear,Unknown,Unknown,Unknown EMS Scene Arrival Hour,Unknown EMS Scene Arrival Minutes,Unknown,Unknown EMS Hospital Arrival Time,1,Daylight,Clear,1,0,['Driver'],['None_Used'],0,0,Valid,0.0,0.0,47.0,47.0,['Male'],0,0,5,4,2,Dry,Curve,Level,Lowest,No
14621,19,Iowa,190100,0,1,1,0,2,NOT APPLICABLE,May,20,Saturday,3,7,Rural,High Speed (Arterial),Yes,42.18562778,-91.80113333,Non-Intersection,Dark - Not Lighted,Clear,Unknown,Unknown,Unknown EMS Scene Arrival Hour,Unknown EMS Scene Arrival Minutes,Unknown,Unknown EMS Hospital Arrival Time,1,Dark - Unlighted,Clear,1,1,['Rear_Seat'],['None_Used'],0,0,Valid,1.0,1.0,30.0,30.0,['Female'],0,0,3,4,3,Dry,Straight,Level,Lowest,No
14622,19,Iowa,190101,0,2,2,0,2,NOT APPLICABLE,May,20,Saturday,11,16,Rural,High Speed (Arterial),Yes,42.07911944,-93.00052222,Non-Intersection,Daylight,Clear,11:00am-11:59am,18,11:00am-11:59am,28,12:00pm-12:59pm,1,1,Daylight,Clear,1,1,['Driver'],['None_Used'],0,0,Valid,1.0,2.0,86.0,22.0,"['Female', 'Male']",0,0,5,4,5,Dry,Straight,Level,Lowest,No
14623,19,Iowa,190103,0,2,2,0,2,NOT APPLICABLE,May,22,Monday,9,46,Rural,Medium Speed (Collector),No,41.68826667,-93.92158056,Non-Intersection,Daylight,Clear,Unknown,Unknown,Unknown EMS Scene Arrival Hour,Unknown EMS Scene Arrival Minutes,Not Applicable (Not Transported),Not Applicable (Not Transported),1,Daylight,Clear,1,1,['Driver'],['Shoulder_Lapbelt'],0,0,Valid,1.0,1.0,69.0,32.0,"['Male', 'Male']",0,0,4,4,5,Dry,Straight,Grade/Hillcrest,Lowest,No
14624,19,Iowa,190104,0,1,1,0,1,NOT APPLICABLE,June,2,Friday,20,47,Rural,Medium Speed (Collector),No,41.55009722,-93.36581944,Non-Intersection,Dusk,Clear,Unknown,Unknown,Unknown EMS Scene Arrival Hour,Unknown EMS Scene Arrival Minutes,Not Applicable (Not Transported),Not Applicable (Not Transported),1,Twilight,Clear,1,0,['Driver'],['None_Used'],1,1,Valid,0.0,1.0,63.0,63.0,['Male'],0,0,5,4,2,Dry,Curve,Grade/Hillcrest,Lowest,No
14625,19,Iowa,190105,0,1,1,0,1,ANKENY,April,8,Saturday,1,35,Urban,Low Speed (Local),No,41.75666667,-93.60991667,Non-Intersection,Dark - Lighted,Clear,Unknown,Unknown,Unknown EMS Scene Arrival Hour,Unknown EMS Scene Arrival Minutes,Not Applicable (Not Transported),Not Applicable (Not Transported),1,Dark - Lighted,Clear,1,0,['Driver'],['Shoulder_Lapbelt'],0,0,Valid,1.0,0.0,21.0,21.0,['Male'],1,0,2,4,3,Dry,Straight,Level,Lowest,No
14626,19,Iowa,190106,0,2,2,0,2,NOT APPLICABLE,May,17,Wednesday,11,13,Rural,Medium Speed (Collector),No,43.38943056,-96.05917778,Non-Intersection,Daylight,Clear,Unknown,Unknown if Notified,Unknown EMS Scene Arrival Hour,Unknown if Arrived,Not Applicable (Not Transported),Not Applicable (Not Transported),1,Daylight,Clear,1,1,['Driver'],['None_Used'],0,0,Valid,0.0,1.0,81.0,76.0,"['Male', 'Male']",0,0,5,4,5,Dry,Straight,Level,Lowest,Yes
14627,19,Iowa,190107,0,2,2,0,3,NOT APPLICABLE,June,6,Tuesday,8,23,Rural,Medium Speed (Collector),No,42.09469167,-91.59941111,Complex/Circle,Daylight,Cloudy,Unknown,Unknown,Unknown EMS Scene Arrival Hour,Unknown EMS Scene Arrival Minutes,Unknown,Unknown EMS Hospital Arrival Time,1,Daylight,Reduced Visibility,1,2,['Front_Passenger'],['Shoulder_Lapbelt'],0,0,Valid,0.0,0.0,74.0,18.0,"['Female', 'Male']",0,0,4,4,5,Dry,Straight,Grade/Hillcrest,Lowest,No
14628,19,Iowa,190108,0,3,3,0,3,IOWA CITY,May,27,Saturday,22,54,Urban,Low Speed (Local),No,41.65673611,-91.51159167,Complex/Circle,Dark - Lighted,Clear,10:00pm-10:59pm,57,11:00pm-11:59pm,3,11:00pm-11:59pm,21,1,Dark - Lighted,Clear,1,2,['Driver'],['Shoulder_Lapbelt'],0,0,Valid,0.0,1.0,22.0,17.0,"['Female', 'Male', 'Male']",2,0,3,4,5,Dry,Straight,Level,Lowest,No
14629,19,Iowa,190109,0,1,1,0,1,NOT APPLICABLE,May,31,Wednesday,20,53,Rural,Medium Speed (Collector),No,43.24899167,-93.64254722,Non-Intersection,Dark - Not Lighted,Cloudy,Unknown,Unknown,Unknown EMS Scene Arrival Hour,Unknown EMS Scene Arrival Minutes,Unknown,Unknown EMS Hospital Arrival Time,1,Dark - Unlighted,Reduced Visibility,1,0,['Driver'],['None_Used'],1,1,Valid,0.0,0.0,25.0,25.0,['Female'],1,0,3,4,3,Dry,Curve,Level,Lowest,No
14630,19,Iowa,190110,0,1,1,0,1,NOT APPLICABLE,June,6,Tuesday,6,24,Rural,Medium Speed (Collector),No,43.32495,-93.00445833,Non-Intersection,Dawn,Clear,Unknown,Unknown if Notified,Unknown EMS Scene Arrival Hour,Unknown if Arrived,Not Applicable (Not Transported),Not Applicable (Not Transported),1,Twilight,Clear,1,0,['Driver'],['Shoulder_Lapbelt'],0,0,Valid,1.0,0.0,60.0,60.0,['Male'],0,0,3,4,3,Dry,Straight,Level,Lowest,No
14631,19,Iowa,190111,0,1,1,0,1,CEDAR RAPIDS,May,12,Friday,22,51,Urban,High Speed (Arterial),Yes,41.98336111,-91.66514444,Non-Intersection,Dark - Lighted,Cloudy,10:00pm-10:59pm,53,10:00pm-10:59pm,55,Not Applicable (Not Transported),Not Applicable (Not Transported),1,Dark - Lighted,Reduced Visibility,1,0,['Driver'],['Shoulder_Lapbelt'],1,1,Valid,1.0,1.0,19.0,19.0,['Female'],1,0,3,4,3,Dry,Straight,Level,Lowest,No