,State_Code,State_Name,Crash_ID,Count_Non_Motorists,Count_Vehicles_Total,Count_Vehicle_Forms,Count_PVH_Involved,Count_Occupants_MV,City_Name,Month_Name,Day_of_Month,Day_of_Week,Crash_Hour,Crash_Minute,Area_Rural_Urban,Road_Functional_Class,On_NHS_Road,Latitude,Longitude,Intersection_Type,Light_Condition,Weather_Condition,Notif_Hour,Notif_Minute,Arrival_Hour,Arrival_Minute,Hospital_Hour,Hospital_Minute,Fatalities_Count,Clean_Light_Condition,Clean_Weather_Condition,Total_Killed,Total_Alive,Fatal_Seats_List,Killed_Restraint_List,Any_Driver_Drinking,Total_Drinking_Drivers,Driver_License_Category,Driver_Max_Prev_Accident_Count,Driver_Max_Prev_Speeding_Count,Max_Driver_Age,Min_Driver_Age,Driver_Sex_List,Total_Exceeding_Limit_Vehicles,Total_Too_Fast_Vehicles,Max_Vehicle_Type_Severity_5,Max_Vehicle_Damage_Rank,Max_Harmful_Event_Severity,Crash_Road_Surface_Condition,Crash_Horizontal_Alignment,Crash_Vertical_Profile,Crash_Impairment_Category,Crash_Vehicle_Defect
14632,19,Iowa,190112,0,1,1,0,2,WEST DES MOINES,May,17,Wednesday,11,0,Urban,High Speed (Arterial),Yes,41.59437778,-93.77894722,Non-Intersection,Daylight,Clear,Unknown,Unknown,Unknown EMS Scene Arrival Hour,Unknown EMS Scene Arrival Minutes,Unknown,Unknown EMS Hospital Arrival Time,1,Daylight,Clear,1,1,['Front_Passenger'],['None_Used'],0,0,Valid,0.0,0.0,37.0,37.0,['Female'],0,0,3,1,1,Dry,Straight,Level,Lowest,No
14633,19,Iowa,190113,1,1,1,0,1,IOWA CITY,May,22,Monday,16,14,Urban,Medium Speed (Collector),No,41.65714722,-91.588675,Simple Junction,Daylight,Clear,4:00pm-4:59pm,16,4:00pm-4:59pm,25,4:00pm-4:59pm,37,1,Daylight,Clear,0,1,[],[],0,0,Valid,0.0,0.0,16.0,16.0,['Male'],0,0,3,4,4,Dry,Straight,Level,Lowest,No
14634,19,Iowa,190114,1,1,1,0,1,BONDURANT,May,31,Wednesday,13,33,Urban,Low Speed (Local),No,41.69611944,-93.48384167,Non-Intersection,Daylight,Clear,1:00pm-1:59pm,33,1:00pm-1:59pm,38,2:00pm-2:59pm,11,1,Daylight,Clear,0,1,[],[],0,0,Valid,0.0,0.0,33.0,33.0,['Male'],0,0,2,2,4,Dry,Straight,Grade/Hillcrest,Lowest,No
14635,19,Iowa,190115,0,1,1,0,1,CEDAR RAPIDS,June,4,Sunday,2,30,Urban,High Speed (Arterial),Yes,41.87915833,-91.67058889,Non-Intersection,Dark - Lighted,Clear,Unknown,Unknown,Unknown EMS Scene Arrival Hour,Unknown EMS Scene Arrival Minutes,Not Applicable (Not Transported),Not Applicable (Not Transported),1,Dark - Lighted,Clear,1,0,['Driver'],['None_Used'],0,0,Valid,0.0,5.0,28.0,28.0,['Female'],0,0,5,4,1,Dry,Straight,Level,Lowest,No
14636,19,Iowa,190116,0,2,2,0,2,DES MOINES,June,9,Friday,8,23,Urban,High Speed (Arterial),Yes,41.630525,-93.69786667,Non-Intersection,Daylight,Clear,Unknown,Unknown,Unknown EMS Scene Arrival Hour,Unknown EMS Scene Arrival Minutes,Unknown,Unknown EMS Hospital Arrival Time,1,Daylight,Clear,1,1,['Driver'],['Shoulder_Lapbelt'],0,0,Valid,1.0,0.0,55.0,50.0,"['Male', 'Male']",0,0,4,4,5,Dry,Straight,Level,Lowest,No
14637,19,Iowa,190117,0,2,2,0,2,CEDAR FALLS,June,10,Saturday,13,58,Urban,Medium Speed (Collector),No,42.46949167,-92.46556667,Complex/Circle,Daylight,Clear,Unknown,Unknown,Unknown EMS Scene Arrival Hour,Unknown EMS Scene Arrival Minutes,Unknown,Unknown EMS Hospital Arrival Time,1,Daylight,Clear,1,1,['Driver'],['None_Used'],0,0,Valid,1.0,1.0,70.0,21.0,"['Male', 'Male']",0,0,5,4,5,Dry,Straight,Level,Lowest,No
14638,19,Iowa,190118,0,1,1,0,1,WATERLOO,June,3,Saturday,23,30,Urban,Low Speed (Local),No,42.50828056,-92.331575,Non-Intersection,Dark - Not Lighted,Clear,Not Applicable (Not Notified),Not Applicable (Not Notified),Not Applicable,Not Applicable,Not Applicable (Not Transported),Not Applicable (Not Transported),1,Dark - Unlighted,Clear,1,0,['Driver'],['None_Used'],0,0,Valid,0.0,0.0,52.0,52.0,['Male'],0,0,5,3,3,Loose/Unpaved,Straight,Level,Lowest,No
14639,19,Iowa,190119,1,1,1,0,1,NOT APPLICABLE,June,11,Sunday,19,18,Rural,Medium Speed (Collector),No,43.48654722,-92.04174722,Non-Intersection,Daylight,Clear,7:00pm-7:59pm,29,Unknown EMS Scene Arrival Hour,Officially Cancelled,Unknown,Officially Canceled,2,Daylight,Clear,1,0,['Driver'],['None_Used'],1,1,Valid,0.0,0.0,21.0,21.0,['Male'],1,0,5,4,4,Dry,Straight,Level,Lowest,No
14640,19,Iowa,190120,0,1,1,0,1,NOT APPLICABLE,June,1,Thursday,11,0,Rural,High Speed (Arterial),Yes,41.69602778,-92.20701389,Non-Intersection,Daylight,Rain,11:00am-11:59am,19,11:00am-11:59am,48,12:00pm-12:59pm,38,1,Daylight,Rain/Wind/Minor,1,0,['Driver'],['Shoulder_Lapbelt'],0,0,Valid,2.0,1.0,75.0,75.0,['Male'],0,0,3,4,3,Wet/Standing Water,Straight,Grade/Hillcrest,Medium,No
14641,19,Iowa,190121,0,1,1,0,1,NOT APPLICABLE,June,9,Friday,14,22,Rural,High Speed (Arterial),Yes,42.74468333,-92.73495,Non-Intersection,Daylight,Clear,2:00pm-2:59pm,27,2:00pm-2:59pm,52,3:00pm-3:59pm,58,1,Daylight,Clear,1,0,['Driver'],['None_Used'],0,0,Valid,0.0,2.0,69.0,69.0,['Male'],0,0,5,4,1,Dry,Straight,Level,Lowest,No
14642,19,Iowa,190122,0,1,1,0,1,NOT APPLICABLE,June,9,Friday,22,45,Rural,High Speed (Arterial),Yes,41.68138889,-93.3341,Non-Intersection,Dark - Not Lighted,Clear,10:00pm-10:59pm,50,11:00pm-11:59pm,13,Not Applicable (Not Transported),Not Applicable (Not Transported),1,Dark - Unlighted,Clear,1,0,['Driver'],['None_Used'],0,0,Valid,0.0,1.0,40.0,40.0,['Male'],0,0,3,4,3,Dry,Straight,Level,Lowest,No
14643,19,Iowa,190123,0,1,1,0,1,SERGEANT BLUFF,May,20,Saturday,23,19,Urban,High Speed (Arterial),Yes,42.40201111,-96.36772778,Non-Intersection,Dark - Not Lighted,Clear,Unknown,Unknown,Unknown EMS Scene Arrival Hour,Officially Cancelled,Unknown,Officially Canceled,1,Dark - Unlighted,Clear,1,0,['Driver'],['None_Used'],1,1,Invalid,0.0,0.0,27.0,27.0,['Male'],1,0,2,4,3,Dry,Curve,Grade/Hillcrest,Lowest,No
14644,19,Iowa,190124,1,1,1,0,1,SIOUX CENTER,June,8,Thursday,22,8,Urban,High Speed (Arterial),Yes,43.05729722,-96.175375,Simple Junction,Dark - Not Lighted,Clear,Unknown,Unknown,Unknown EMS Scene Arrival Hour,Unknown EMS Scene Arrival Minutes,Unknown,Unknown EMS Hospital Arrival Time,1,Dark - Unlighted,Clear,0,1,[],[],0,0,Valid,0.0,2.0,27.0,27.0,['Male'],0,0,2,3,4,Dry,Straight,Level,Lowest,No
14645,19,Iowa,190125,0,1,1,0,1,NOT APPLICABLE,May,28,Sunday,11,56,Rural,Medium Speed (Collector),No,42.61709444,-90.97824722,Non-Intersection,Daylight,Clear,11:00am-11:59am,58,12:00pm-12:59pm,11,12:00pm-12:59pm,45,1,Daylight,Clear,1,0,['Driver'],['None_Used'],0,0,Valid,0.0,0.0,57.0,57.0,['Male'],0,0,5,4,2,Dry,Curve,Grade/Hillcrest,Lowest,No
14646,19,Iowa,190126,0,1,1,0,1,NOT APPLICABLE,June,10,Saturday,22,15,Rural,Medium Speed (Collector),No,42.97362222,-94.44291111,Non-Intersection,Dark - Not Lighted,Clear,Unknown,Unknown if Notified,Unknown EMS Scene Arrival Hour,Unknown if Arrived,Not Applicable (Not Transported),Not Applicable (Not Transported),1,Dark - Unlighted,Clear,1,0,['Driver'],['None_Used'],1,1,Valid,0.0,0.0,60.0,60.0,['Male'],0,0,5,4,3,Dry,Straight,Level,Lowest,No
14647,19,Iowa,190127,0,3,3,0,4,NOT APPLICABLE,June,18,Sunday,16,23,Rural,Medium Speed (Collector),No,41.698675,-95.9472,Simple Junction,Daylight,Clear,4:00pm-4:59pm,28,4:00pm-4:59pm,58,5:00pm-5:59pm,28,3,Daylight,Clear,3,1,"['Driver', 'Driver', 'Rear_Seat']","['None_Used', 'None_Used', 'None_Used']",1,1,Valid,0.0,0.0,73.0,52.0,"['Male', 'Male', 'Male']",0,0,5,4,5,Dry,Curve,Grade/Hillcrest,Lowest,No
14648,19,Iowa,190128,0,2,2,0,3,LUZERNE,June,10,Saturday,14,1,Rural,Medium Speed (Collector),No,41.90606944,-92.146075,Non-Intersection,Daylight,Cloudy,2:00pm-2:59pm,1,2:00pm-2:59pm,5,2:00pm-2:59pm,52,1,Daylight,Reduced Visibility,1,2,['Non_Standard_Risk'],['None_Used'],0,0,Valid,0.0,0.0,84.0,45.0,"['Female', 'Female']",0,0,2,4,5,Dry,Straight,Grade/Hillcrest,Lowest,No
14649,19,Iowa,190129,0,1,1,0,1,NOT APPLICABLE,June,20,Tuesday,14,59,Rural,Medium Speed (Collector),No,42.75170556,-95.486025,Non-Intersection,Daylight,Clear,Unknown,Unknown if Notified,Unknown EMS Scene Arrival Hour,Unknown if Arrived,Not Applicable (Not Transported),Not Applicable (Not Transported),1,Daylight,Clear,1,0,['Driver'],['None_Used'],0,0,Valid,0.0,0.0,75.0,75.0,['Male'],0,0,5,4,2,Dry,Straight,Level,Lowest,No
14650,19,Iowa,190130,0,1,1,0,1,NOT APPLICABLE,June,6,Tuesday,16,26,Rural,Medium Speed (Collector),No,42.51735278,-90.80479722,Non-Intersection,Daylight,Cloudy,4:00pm-4:59pm,48,5:00pm-5:59pm,2,5:00pm-5:59pm,45,1,Daylight,Reduced Visibility,1,0,['Driver'],['Shoulder_Lapbelt'],0,0,Valid,2.0,0.0,63.0,63.0,['Male'],0,0,3,4,3,Dry,Straight,Level,Lowest,No
14651,19,Iowa,190131,0,1,1,0,1,UNIONVILLE,June,20,Tuesday,11,50,Rural,Medium Speed (Collector),No,40.8181,-92.69580278,Non-Intersection,Daylight,Clear,Unknown,Unknown,Unknown EMS Scene Arrival Hour,Unknown EMS Scene Arrival Minutes,Not Applicable (Not Transported),Not Applicable (Not Transported),1,Daylight,Clear,1,0,['Driver'],['None_Used'],0,0,Valid,0.0,0.0,65.0,65.0,['Male'],0,0,3,4,3,Dry,Straight,Level,Lowest,No
14652,19,Iowa,190132,0,2,2,0,2,NOT APPLICABLE,June,20,Tuesday,14,26,Rural,Medium Speed (Collector),No,42.02215,-94.82206667,Complex/Circle,Daylight,Clear,Unknown,Unknown,Unknown EMS Scene Arrival Hour,Unknown EMS Scene Arrival Minutes,Unknown,Unknown EMS Hospital Arrival Time,1,Daylight,Clear,1,1,['Driver'],['None_Used'],0,0,Valid,0.0,0.0,62.0,60.0,"['Male', 'Male']",0,0,5,4,5,Dry,Straight,Level,Lowest,No
14653,19,Iowa,190133,0,2,2,0,3,NOT APPLICABLE,June,24,Saturday,12,0,Rural,Medium Speed (Collector),No,40.78429444,-91.51643889,Complex/Circle,Daylight,Clear,Unknown,Unknown,Unknown EMS Scene Arrival Hour,Unknown EMS Scene Arrival Minutes,Not Applicable (Not Transported),Not Applicable (Not Transported),1,Daylight,Clear,1,2,['Driver'],['None_Used'],0,0,Valid,1.0,3.0,21.0,16.0,"['Female', 'Male']",0,0,4,4,5,Dry,Straight,Level,Lowest,No
14654,19,Iowa,190134,0,1,1,0,1,NOT APPLICABLE,June,20,Tuesday,17,25,Rural,High Speed (Arterial),Yes,42.55643056,-91.47056944,Non-Intersection,Daylight,Clear,5:00pm-5:59pm,31,5:00pm-5:59pm,59,7:00pm-7:59pm,7,1,Daylight,Clear,1,0,['Driver'],['None_Used'],0,0,Valid,0.0,0.0,72.0,72.0,['Male'],0,0,5,4,3,Dry,Straight,Level,Lowest,No
14655,19,Iowa,190135,0,2,2,0,2,NOT APPLICABLE,June,23,Friday,15,12,Rural,High Speed (Arterial),Yes,42.74469167,-92.76868889,Non-Intersection,Daylight,Clear,Unknown,Unknown,Unknown EMS Scene Arrival Hour,Unknown EMS Scene Arrival Minutes,Unknown,Unknown EMS Hospital Arrival Time,1,Daylight,Clear,1,1,['Driver'],['Shoulder_Lapbelt'],1,1,Valid,0.0,0.0,64.0,41.0,"['Male', 'Male']",0,0,4,4,5,Dry,Straight,Level,Lowest,No
14656,19,Iowa,190136,1,1,1,0,1,FORT MADISON,June,26,Monday,22,55,Urban,Low Speed (Local),No,40.62660278,-91.35596111,Non-Intersection,Dark - Not Lighted,Clear,10:00pm-10:59pm,58,11:00pm-11:59pm,0,11:00pm-11:59pm,20,1,Dark - Unlighted,Clear,0,1,[],[],0,0,Valid,1.0,0.0,56.0,56.0,['Male'],0,0,3,1,4,Dry,Straight,Level,Lowest,No
14657,19,Iowa,190137,0,3,3,0,4,NOT APPLICABLE,June,23,Friday,16,55,Rural,Medium Speed (Collector),Yes,41.26015278,-93.56284444,Non-Intersection,Daylight,Clear,4:00pm-4:59pm,59,5:00pm-5:59pm,24,5:00pm-5:59pm,53,2,Daylight,Clear,2,2,"['Driver', 'Front_Passenger']","['Shoulder_Lapbelt', 'None_Used']",0,0,Invalid,0.0,1.0,67.0,38.0,"['Male', 'Male', 'Female']",0,0,3,4,5,Dry,Straight,Level,Lowest,No
14658,19,Iowa,190138,0,4,4,0,6,NOT APPLICABLE,June,26,Monday,17,34,Rural,High Speed (Arterial),Yes,42.03464722,-94.51690556,Non-Intersection,Daylight,Clear,Unknown,Unknown,Unknown EMS Scene Arrival Hour,Unknown EMS Scene Arrival Minutes,Unknown,Unknown EMS Hospital Arrival Time,1,Daylight,Clear,1,5,['Front_Passenger'],['Lapbelt_Only'],0,0,Valid,0.0,3.0,88.0,17.0,"['Female', 'Male', 'Female', 'Female']",0,0,3,4,5,Dry,Straight,Level,Lowest,No
14659,19,Iowa,190139,0,1,1,0,1,MARION,June,30,Friday,8,4,Urban,High Speed (Arterial),Yes,42.03324722,-91.60736944,Non-Intersection,Daylight,Cloudy,Unknown,Unknown,Unknown EMS Scene Arrival Hour,Unknown EMS Scene Arrival Minutes,Not Applicable (Not Transported),Not Applicable (Not Transported),1,Daylight,Reduced Visibility,1,0,['Driver'],['None_Used'],0,0,Valid,2.0,1.0,33.0,33.0,['Male'],1,0,5,4,3,Dry,Straight,Level,Lowest,No
14660,19,Iowa,190140,0,1,1,0,4,NOT APPLICABLE,July,4,Tuesday,17,14,Rural,Medium Speed (Collector),No,41.245125,-93.24155833,Non-Intersection,Daylight,Clear,5:00pm-5:59pm,28,5:00pm-5:59pm,56,6:00pm-6:59pm,29,1,Daylight,Clear,1,3,['Rear_Seat'],['None_Used'],0,0,Valid,0.0,0.0,49.0,49.0,['Female'],0,0,3,4,3,Dry,Curve,Grade/Hillcrest,Lowest,No
14661,19,Iowa,190141,0,1,1,0,1,NOT APPLICABLE,June,24,Saturday,7,50,Rural,High Speed (Arterial),Yes,42.04666667,-91.4945,Non-Intersection,Daylight,Clear,7:00am-7:59am,52,8:00am-8:59am,1,8:00am-8:59am,28,1,Daylight,Clear,1,0,['Driver'],['None_Used'],0,0,Valid,0.0,0.0,68.0,68.0,['Male'],0,0,5,4,2,Dry,Straight,Grade/Hillcrest,Lowest,No
14662,19,Iowa,190142,0,1,1,0,1,NOT APPLICABLE,June,18,Sunday,5,24,Rural,Medium Speed (Collector),No,42.16806111,-93.96613056,Non-Intersection,Reported as Unknown,Cloudy,Unknown,Unknown,Unknown EMS Scene Arrival Hour,Unknown EMS Scene Arrival Minutes,Not Applicable (Not Transported),Not Applicable (Not Transported),1,Dark - Unlighted,Reduced Visibility,1,0,['Driver'],['None_Used'],0,0,Valid,0.0,0.0,70.0,70.0,['Male'],0,0,3,4,2,Dry,Straight,Grade/Hillcrest,Lowest,No
14663,19,Iowa,190143,0,1,1,0,1,NOT APPLICABLE,June,30,Friday,21,5,Rural,High Speed (Arterial),Yes,42.984825,-92.58415,Non-Intersection,Dark - Not Lighted,Clear,Unknown,Unknown,Unknown EMS Scene Arrival Hour,Unknown EMS Scene Arrival Minutes,Not Applicable (Not Transported),Not Applicable (Not Transported),1,Dark - Unlighted,Clear,1,0,['Driver'],['None_Used'],0,0,Invalid,0.0,0.0,86.0,86.0,['Male'],0,0,3,4,3,Dry,Curve,Grade/Hillcrest,Lowest,No
14664,19,Iowa,190144,0,2,2,0,2,DES MOINES,June,14,Wednesday,10,14,Urban,High Speed (Arterial),Yes,41.52472222,-93.59688889,Simple Junction,Daylight,Clear,10:00am-10:59am,15,10:00am-10:59am,21,10:00am-10:59am,45,1,Daylight,Clear,1,1,['Driver'],['None_Used'],0,0,Invalid,0.0,0.0,83.0,22.0,"['Female', 'Male']",0,0,5,4,5,Dry,Straight,Level,Lowest,No
14665,19,Iowa,190145,0,3,3,0,3,NOT APPLICABLE,July,6,Thursday,8,41,Rural,High Speed (Arterial),Yes,42.00777222,-93.16511944,Complex/Circle,Daylight,Clear,Unknown,Unknown if Notified,Unknown EMS Scene Arrival Hour,Unknown if Arrived,Not Applicable (Not Transported),Not Applicable (Not Transported),1,Daylight,Clear,1,2,['Driver'],['None_Used'],0,0,Valid,1.0,2.0,43.0,27.0,"['Male', 'Male', 'Female']",0,0,3,4,5,Dry,Straight,Level,Lowest,No
14666,19,Iowa,190146,0,2,2,0,2,NOT APPLICABLE,July,1,Saturday,0,50,Rural,High Speed (Arterial),Yes,42.80325278,-93.20233889,Complex/Circle,Dark - Lighted,Cloudy,0:00am-0:59am,52,1:00am-1:59am,6,1:00am-1:59am,53,1,Dark - Lighted,Reduced Visibility,1,1,['Driver'],['Shoulder_Lapbelt'],1,1,Valid,0.0,1.0,34.0,26.0,"['Male', 'Male']",0,0,3,4,5,Dry,Straight,Level,Lowest,No
14667,19,Iowa,190147,0,3,3,0,3,NOT APPLICABLE,July,6,Thursday,18,27,Rural,Medium Speed (Collector),No,41.61440556,-90.501625,Non-Intersection,Daylight,Clear,6:00pm-6:59pm,29,6:00pm-6:59pm,40,Unknown,Unknown EMS Hospital Arrival Time,1,Daylight,Clear,1,2,['Driver'],['None_Used'],0,0,Valid,0.0,0.0,33.0,18.0,"['Male', 'Female', 'Male']",0,0,3,4,5,Dry,Straight,Level,Lowest,No
14668,19,Iowa,190148,0,1,1,0,1,NOT APPLICABLE,July,2,Sunday,17,58,Rural,Medium Speed (Collector),No,41.66604444,-91.92906667,Non-Intersection,Daylight,Clear,Unknown,Unknown,Unknown EMS Scene Arrival Hour,Unknown EMS Scene Arrival Minutes,Unknown,Unknown EMS Hospital Arrival Time,1,Daylight,Clear,1,0,['Driver'],['Shoulder_Lapbelt'],0,0,Valid,0.0,2.0,70.0,70.0,['Male'],0,0,3,4,2,Dry,Curve,Level,Lowest,No
14669,19,Iowa,190149,0,2,2,0,2,COUNCIL BLUFFS,July,8,Saturday,3,3,Urban,High Speed (Arterial),Yes,41.24248889,-95.82357778,Non-Intersection,Dark - Not Lighted,Cloudy,3:00am-3:59am,4,3:00am-3:59am,17,3:00am-3:59am,42,1,Dark - Unlighted,Reduced Visibility,1,1,['Driver'],['Shoulder_Lapbelt'],0,0,Valid,1.0,0.0,39.0,37.0,"['Male', 'Male']",1,0,4,4,5,Dry,Curve,Level,Lowest,No
14670,19,Iowa,190150,0,2,2,0,2,COUNCIL BLUFFS,July,8,Saturday,7,29,Urban,High Speed (Arterial),Yes,41.27736389,-95.78674722,Non-Intersection,Daylight,Clear,7:00am-7:59am,29,7:00am-7:59am,35,7:00am-7:59am,56,1,Daylight,Clear,1,1,['Driver'],['None_Used'],0,0,Valid,1.0,0.0,40.0,30.0,"['Male', 'Male']",0,0,5,4,5,Dry,Straight,Grade/Hillcrest,Lowest,No
14671,19,Iowa,190151,0,1,1,0,1,NOT APPLICABLE,July,9,Sunday,23,45,Rural,Medium Speed (Collector),No,41.01620556,-95.194775,Non-Intersection,Dark - Not Lighted,Clear,Unknown,Unknown,Unknown EMS Scene Arrival Hour,Unknown EMS Scene Arrival Minutes,Not Applicable (Not Transported),Not Applicable (Not Transported),1,Dark - Unlighted,Clear,1,0,['Driver'],['None_Used'],0,0,Valid,0.0,0.0,21.0,21.0,['Male'],0,0,3,0,3,Dry,Straight,Level,Lowest,No
14672,19,Iowa,190152,0,1,1,0,3,NOT APPLICABLE,July,11,Tuesday,13,29,Rural,High Speed (Arterial),Yes,41.68675833,-91.9949,Non-Intersection,Daylight,Clear,Unknown,Unknown,Unknown EMS Scene Arrival Hour,Unknown EMS Scene Arrival Minutes,Unknown,Unknown EMS Hospital Arrival Time,1,Daylight,Clear,1,2,['Front_Passenger'],['Shoulder_Lapbelt'],0,0,Valid,0.0,0.0,18.0,18.0,['Female'],3,0,3,4,3,Dry,Straight,Level,Medium,No
14673,19,Iowa,190153,0,1,1,0,1,NOT APPLICABLE,July,9,Sunday,17,36,Rural,Medium Speed (Collector),No,42.05664444,-95.18886944,Non-Intersection,Daylight,Clear,Unknown,Unknown if Notified,Unknown EMS Scene Arrival Hour,Unknown if Arrived,Not Applicable (Not Transported),Not Applicable (Not Transported),1,Daylight,Clear,1,0,['Driver'],['None_Used'],0,0,Valid,0.0,0.0,56.0,56.0,['Male'],0,0,5,4,3,Dry,Curve,Level,Lowest,No
14674,19,Iowa,190154,1,1,1,0,1,DES MOINES,July,5,Wednesday,16,7,Urban,Medium Speed (Collector),No,41.56625,-93.605275,Complex/Circle,Daylight,Clear,4:00pm-4:59pm,7,4:00pm-4:59pm,32,4:00pm-4:59pm,42,1,Daylight,Clear,0,1,[],[],0,0,Valid,0.0,0.0,69.0,69.0,['Male'],0,0,3,2,4,Dry,Straight,Level,Lowest,No
14675,19,Iowa,190155,0,2,2,0,3,FLOYD,July,2,Sunday,15,50,Rural,High Speed (Arterial),Yes,43.12583611,-92.74573056,Non-Intersection,Daylight,Clear,Unknown,Unknown,Unknown EMS Scene Arrival Hour,Unknown EMS Scene Arrival Minutes,Unknown,Unknown EMS Hospital Arrival Time,2,Daylight,Clear,2,1,"['Driver', 'Rear_Seat']","['Shoulder_Lapbelt', 'Shoulder_Lapbelt']",0,0,Valid,0.0,2.0,74.0,37.0,"['Female', 'Male']",0,0,3,4,5,Dry,Straight,Level,Lowest,No
14676,19,Iowa,190156,0,2,2,0,2,NOT APPLICABLE,July,11,Tuesday,14,30,Rural,High Speed (Arterial),Yes,40.74240556,-95.11916944,Non-Intersection,Daylight,Clear,Unknown,Unknown,Unknown EMS Scene Arrival Hour,Unknown EMS Scene Arrival Minutes,Not Applicable (Not Transported),Not Applicable (Not Transported),2,Daylight,Clear,2,0,"['Driver', 'Driver']","['Shoulder_Lapbelt', 'Shoulder_Lapbelt']",1,1,Valid,0.0,1.0,78.0,71.0,"['Female', 'Female']",0,0,2,4,5,Dry,Straight,Level,Lowest,No
14677,19,Iowa,190157,0,1,1,0,1,NOT APPLICABLE,July,14,Friday,11,31,Rural,High Speed (Arterial),Yes,42.14301389,-91.74057222,Non-Intersection,Daylight,Reported as Unknown,Unknown,Unknown if Notified,Unknown EMS Scene Arrival Hour,Unknown if Arrived,Not Applicable (Not Transported),Not Applicable (Not Transported),1,Daylight,Clear,1,0,['Driver'],['None_Used'],0,0,Valid,0.0,0.0,77.0,77.0,['Male'],0,0,5,4,3,Dry,Straight,Level,Lowest,No
14678,19,Iowa,190158,0,2,2,0,5,NOT APPLICABLE,July,14,Friday,12,51,Rural,High Speed (Arterial),Yes,41.43941944,-94.94558889,Non-Intersection,Daylight,Cloudy,Unknown,Unknown,Unknown EMS Scene Arrival Hour,Unknown EMS Scene Arrival Minutes,Unknown,Unknown EMS Hospital Arrival Time,3,Daylight,Reduced Visibility,3,2,"['Driver', 'Driver', 'Front_Passenger']","['None_Used', 'Shoulder_Lapbelt', 'Shoulder_Lapbelt']",1,1,Valid,1.0,0.0,46.0,43.0,"['Male', 'Male']",0,0,3,4,5,Dry,Straight,Level,Lowest,No
14679,19,Iowa,190159,1,1,1,0,1,NOT APPLICABLE,July,18,Tuesday,16,43,Rural,High Speed (Arterial),Yes,42.96522778,-92.18137778,Non-Intersection,Daylight,Clear,Unknown,Unknown,Unknown EMS Scene Arrival Hour,Unknown EMS Scene Arrival Minutes,Not Applicable (Not Transported),Not Applicable (Not Transported),1,Daylight,Clear,0,1,[],[],0,0,Valid,0.0,0.0,85.0,85.0,['Male'],0,0,2,4,4,Dry,Straight,Level,Lowest,No
14680,19,Iowa,190160,0,1,1,0,1,Other,July,15,Saturday,9,30,Urban,High Speed (Arterial),Yes,41.59148056,-93.80918611,Non-Intersection,Daylight,Clear,Unknown,Unknown,Unknown EMS Scene Arrival Hour,Unknown EMS Scene Arrival Minutes,Not Applicable (Not Transported),Not Applicable (Not Transported),1,Daylight,Clear,1,0,['Driver'],['Shoulder_Lapbelt'],0,0,Valid,1.0,0.0,37.0,37.0,['Male'],1,0,2,4,3,Dry,Curve,Level,Lowest,No
14681,19,Iowa,190161,0,1,1,0,1,NOT APPLICABLE,July,14,Friday,2,19,Rural,High Speed (Arterial),Yes,42.75093333,-96.15554722,Non-Intersection,Dark - Not Lighted,Clear,2:00am-2:59am,28,2:00am-2:59am,48,3:00am-3:59am,22,1,Dark - Unlighted,Clear,1,0,['Driver'],['None_Used'],0,0,Valid,0.0,0.0,37.0,37.0,['Male'],0,0,5,4,3,Dry,Straight,Level,Lowest,No
14682,19,Iowa,190162,0,1,1,0,3,NOT APPLICABLE,June,9,Friday,20,9,Rural,Medium Speed (Collector),No,41.30249722,-93.97725,Non-Intersection,Daylight,Clear,8:00pm-8:59pm,23,8:00pm-8:59pm,53,9:00pm-9:59pm,14,1,Daylight,Clear,1,2,['Driver'],['Shoulder_Lapbelt'],0,0,Valid,0.0,0.0,43.0,43.0,['Male'],3,0,2,4,3,Dry,Curve,Grade/Hillcrest,Lowest,No
14683,19,Iowa,190163,1,1,1,0,1,NOT APPLICABLE,July,18,Tuesday,23,25,Rural,High Speed (Arterial),Yes,41.90480278,-91.26558056,Non-Intersection,Dark - Not Lighted,Clear,Unknown,Unknown,Unknown EMS Scene Arrival Hour,Unknown EMS Scene Arrival Minutes,Not Applicable (Not Transported),Not Applicable (Not Transported),1,Dark - Unlighted,Clear,0,1,[],[],0,0,Valid,0.0,0.0,46.0,46.0,['Female'],0,0,3,4,4,Dry,Straight,Level,Lowest,No
14684,19,Iowa,190164,0,2,2,0,4,NOT APPLICABLE,May,7,Sunday,15,16,Rural,Medium Speed (Collector),No,42.26709167,-94.37897222,Complex/Circle,Daylight,Clear,Unknown,Unknown,Unknown EMS Scene Arrival Hour,Unknown EMS Scene Arrival Minutes,Unknown,Unknown EMS Hospital Arrival Time,1,Daylight,Clear,1,3,['Driver'],['Shoulder_Lapbelt'],0,0,Valid,1.0,1.0,72.0,22.0,"['Female', 'Male']",0,0,2,4,5,Dry,Straight,Level,Lowest,No
14685,19,Iowa,190165,0,3,3,0,4,NOT APPLICABLE,June,22,Thursday,15,45,Urban,High Speed (Arterial),Yes,41.65453333,-93.56005278,Non-Intersection,Daylight,Clear,3:00pm-3:59pm,51,4:00pm-4:59pm,0,4:00pm-4:59pm,46,1,Daylight,Clear,1,3,['Driver'],['None_Used'],0,0,Valid,0.0,4.0,74.0,21.0,"['Female', 'Male', 'Male']",2,0,5,4,5,Dry,Straight,Grade/Hillcrest,Lowest,No
14686,19,Iowa,190166,0,2,2,0,6,NOT APPLICABLE,July,21,Friday,22,18,Rural,High Speed (Arterial),Yes,41.02849444,-94.15831389,Simple Junction,Dark - Not Lighted,Clear,Unknown,Unknown,Unknown EMS Scene Arrival Hour,Unknown EMS Scene Arrival Minutes,Unknown,Unknown EMS Hospital Arrival Time,3,Dark - Unlighted,Clear,3,3,"['Driver', 'Rear_Seat', 'Front_Passenger']","['None_Used', 'None_Used', 'Shoulder_Lapbelt']",1,1,Valid,0.0,1.0,59.0,19.0,"['Female', 'Male']",0,0,3,4,5,Dry,Straight,Grade/Hillcrest,Lowest,No