,State_Code,State_Name,Crash_ID,Count_Non_Motorists,Count_Vehicles_Total,Count_Vehicle_Forms,Count_PVH_Involved,Count_Occupants_MV,City_Name,Month_Name,Day_of_Month,Day_of_Week,Crash_Hour,Crash_Minute,Area_Rural_Urban,Road_Functional_Class,On_NHS_Road,Latitude,Longitude,Intersection_Type,Light_Condition,Weather_Condition,Notif_Hour,Notif_Minute,Arrival_Hour,Arrival_Minute,Hospital_Hour,Hospital_Minute,Fatalities_Count,Clean_Light_Condition,Clean_Weather_Condition,Total_Killed,Total_Alive,Fatal_Seats_List,Killed_Restraint_List,Any_Driver_Drinking,Total_Drinking_Drivers,Driver_License_Category,Driver_Max_Prev_Accident_Count,Driver_Max_Prev_Speeding_Count,Max_Driver_Age,Min_Driver_Age,Driver_Sex_List,Total_Exceeding_Limit_Vehicles,Total_Too_Fast_Vehicles,Max_Vehicle_Type_Severity_5,Max_Vehicle_Damage_Rank,Max_Harmful_Event_Severity,Crash_Road_Surface_Condition,Crash_Horizontal_Alignment,Crash_Vertical_Profile,Crash_Impairment_Category,Crash_Vehicle_Defect
14687,19,Iowa,190167,0,1,1,0,1,NOT APPLICABLE,July,23,Sunday,17,25,Rural,High Speed (Arterial),Yes,41.66326111,-91.25851111,Non-Intersection,Daylight,Clear,Unknown,Unknown if Notified,Unknown EMS Scene Arrival Hour,Unknown if Arrived,Not Applicable (Not Transported),Not Applicable (Not Transported),1,Daylight,Clear,1,0,['Driver'],['None_Used'],0,0,Valid,0.0,0.0,24.0,24.0,['Male'],0,0,4,4,3,Dry,Straight,Grade/Hillcrest,Lowest,No
14688,19,Iowa,190168,0,1,1,0,2,ROCK VALLEY,July,30,Sunday,0,35,Rural,Medium Speed (Collector),No,43.21475,-96.26403056,Simple Junction,Dark - Not Lighted,Clear,0:00am-0:59am,35,0:00am-0:59am,39,0:00am-0:59am,59,1,Dark - Unlighted,Clear,1,1,['Front_Passenger'],['None_Used'],1,1,Valid,0.0,0.0,21.0,21.0,['Male'],2,0,2,4,3,Dry,Curve,Level,Lowest,No
14689,19,Iowa,190169,0,1,1,0,3,NOT APPLICABLE,July,19,Wednesday,3,5,Rural,Low Speed (Local),No,42.01878889,-92.81540278,Non-Intersection,Dark - Not Lighted,Clear,Unknown,Unknown if Notified,Unknown EMS Scene Arrival Hour,Unknown if Arrived,Not Applicable (Not Transported),Not Applicable (Not Transported),1,Dark - Unlighted,Clear,1,2,['Front_Passenger'],['None_Used'],0,0,Invalid,0.0,0.0,29.0,29.0,['Male'],0,0,2,4,3,Loose/Unpaved,Straight,Level,Lowest,No
14690,19,Iowa,190170,0,2,2,0,2,WEST DES MOINES,June,27,Tuesday,8,1,Urban,Medium Speed (Collector),No,41.571,-93.73171944,Complex/Circle,Daylight,Clear,8:00am-8:59am,1,8:00am-8:59am,3,Not Applicable (Not Transported),Not Applicable (Not Transported),1,Daylight,Clear,1,1,['Driver'],['None_Used'],0,0,Invalid,1.0,1.0,63.0,25.0,"['Male', 'Male']",1,0,5,4,5,Dry,Straight,Level,Lowest,No
14691,19,Iowa,190171,0,1,1,0,1,DAVENPORT,August,1,Tuesday,22,50,Urban,High Speed (Arterial),Yes,41.59748889,-90.56713056,Non-Intersection,Dark - Not Lighted,Clear,10:00pm-10:59pm,51,10:00pm-10:59pm,58,11:00pm-11:59pm,27,1,Dark - Unlighted,Clear,1,0,['Driver'],['None_Used'],1,1,Valid,1.0,2.0,17.0,17.0,['Male'],0,0,3,4,3,Dry,Curve,Grade/Hillcrest,Lowest,No
14692,19,Iowa,190172,0,2,2,0,4,NOT APPLICABLE,July,26,Wednesday,15,58,Rural,High Speed (Arterial),Yes,41.77070833,-96.04845833,Non-Intersection,Daylight,Clear,Unknown,Unknown,Unknown EMS Scene Arrival Hour,Unknown EMS Scene Arrival Minutes,Unknown,Unknown EMS Hospital Arrival Time,2,Daylight,Clear,2,2,"['Driver', 'Front_Passenger']","['Shoulder_Lapbelt', 'Shoulder_Lapbelt']",1,1,Invalid,0.0,0.0,57.0,39.0,"['Male', 'Male']",0,0,3,4,5,Dry,Straight,Level,Lowest,No
14693,19,Iowa,190173,0,2,2,0,2,NOT APPLICABLE,July,22,Saturday,14,17,Urban,High Speed (Arterial),Yes,41.50827222,-93.78061944,Non-Intersection,Daylight,Clear,2:00pm-2:59pm,17,2:00pm-2:59pm,23,2:00pm-2:59pm,45,1,Daylight,Clear,1,1,['Driver'],['None_Used'],0,0,Valid,0.0,0.0,64.0,64.0,"['Female', 'Female']",0,0,5,4,5,Dry,Straight,Level,Lowest,No
14694,19,Iowa,190175,0,2,2,0,4,NOT APPLICABLE,July,29,Saturday,0,36,Rural,Low Speed (Local),No,40.77538056,-94.83336667,Non-Intersection,Dark - Not Lighted,Clear,0:00am-0:59am,49,1:00am-1:59am,9,1:00am-1:59am,23,1,Dark - Unlighted,Clear,1,3,['Front_Passenger'],['None_Used'],0,0,Valid,1.0,5.0,24.0,24.0,"['Male', 'Male']",0,0,5,4,5,Dry,Straight,Grade/Hillcrest,Lowest,No
14695,19,Iowa,190176,0,1,1,0,2,NOT APPLICABLE,August,6,Sunday,2,50,Rural,Low Speed (Local),No,42.99195,-92.898325,Non-Intersection,Dark - Not Lighted,Clear,Unknown,Unknown,Unknown EMS Scene Arrival Hour,Unknown EMS Scene Arrival Minutes,Unknown,Unknown EMS Hospital Arrival Time,1,Dark - Unlighted,Clear,1,1,['Front_Passenger'],['None_Used'],1,1,Valid,0.0,1.0,24.0,24.0,['Male'],2,0,5,0,3,Dry,Curve,Level,Lowest,No
14696,19,Iowa,190177,0,1,1,0,1,NOT APPLICABLE,July,29,Saturday,3,1,Rural,High Speed (Arterial),Yes,41.51163889,-93.12066667,Non-Intersection,Dark - Not Lighted,Clear,Unknown,Unknown if Notified,Unknown EMS Scene Arrival Hour,Unknown if Arrived,Not Applicable (Not Transported),Not Applicable (Not Transported),1,Dark - Unlighted,Clear,1,0,['Driver'],['None_Used'],1,1,Invalid,1.0,2.0,24.0,24.0,['Male'],0,0,3,4,3,Dry,Curve,Grade/Hillcrest,Lowest,No
14697,19,Iowa,190178,0,1,1,0,1,NOT APPLICABLE,August,2,Wednesday,16,36,Rural,High Speed (Arterial),Yes,41.27735833,-91.28305556,Non-Intersection,Daylight,Clear,4:00pm-4:59pm,38,4:00pm-4:59pm,54,5:00pm-5:59pm,51,1,Daylight,Clear,1,0,['Driver'],['Shoulder_Lapbelt'],0,0,Valid,0.0,0.0,72.0,72.0,['Male'],0,0,3,4,2,Dry,Straight,Level,Lowest,No
14698,19,Iowa,190179,0,1,1,0,1,NOT APPLICABLE,August,3,Thursday,17,34,Rural,Medium Speed (Collector),No,42.60664167,-92.16056944,Non-Intersection,Daylight,Cloudy,Unknown,Unknown,Unknown EMS Scene Arrival Hour,Officially Cancelled,Unknown,Officially Canceled,1,Daylight,Reduced Visibility,1,0,['Driver'],['Shoulder_Lapbelt'],0,0,Valid,0.0,0.0,71.0,71.0,['Male'],0,0,3,4,3,Dry,Straight,Grade/Hillcrest,Lowest,No
14699,19,Iowa,190180,0,2,2,0,2,URBANDALE,August,8,Tuesday,23,3,Urban,High Speed (Arterial),Yes,41.61720278,-93.77673611,Non-Intersection,Dark - Not Lighted,Cloudy,10:00pm-10:59pm,56,11:00pm-11:59pm,3,11:00pm-11:59pm,28,1,Dark - Unlighted,Reduced Visibility,1,1,['Driver'],['None_Used'],1,1,Valid,1.0,1.0,50.0,31.0,"['Male', 'Male']",0,0,5,4,5,Wet/Standing Water,Straight,Level,Lowest,No
14700,19,Iowa,190181,0,2,2,0,2,NOT APPLICABLE,August,9,Wednesday,14,40,Rural,Medium Speed (Collector),No,41.62655556,-90.43938889,Non-Intersection,Daylight,Clear,2:00pm-2:59pm,43,2:00pm-2:59pm,58,3:00pm-3:59pm,23,1,Daylight,Clear,1,1,['Driver'],['None_Used'],0,0,Valid,0.0,0.0,70.0,61.0,"['Male', 'Male']",0,0,5,4,5,Dry,Straight,Level,Lowest,No
14701,19,Iowa,190182,0,2,2,0,2,NOT APPLICABLE,August,4,Friday,17,52,Rural,Medium Speed (Collector),No,40.87297222,-95.46086667,Complex/Circle,Daylight,Clear,5:00pm-5:59pm,47,5:00pm-5:59pm,58,6:00pm-6:59pm,22,1,Daylight,Clear,1,1,['Driver'],['None_Used'],1,1,Invalid,0.0,0.0,31.0,31.0,"['Male', 'Female']",0,0,5,4,5,Dry,Straight,Level,Lowest,No
14702,19,Iowa,190183,0,2,2,0,2,DES MOINES,August,9,Wednesday,22,39,Urban,Medium Speed (Collector),No,41.61631944,-93.61988333,Complex/Circle,Dark - Lighted,Clear,Unknown,Unknown if Notified,Unknown EMS Scene Arrival Hour,Unknown if Arrived,Not Applicable (Not Transported),Not Applicable (Not Transported),1,Dark - Lighted,Clear,1,1,['Driver'],['Shoulder_Lapbelt'],0,0,Invalid,0.0,1.0,73.0,34.0,"['Male', 'Male']",0,0,3,4,5,Dry,Straight,Level,Lowest,No
14703,19,Iowa,190184,0,2,2,0,5,NOT APPLICABLE,August,13,Sunday,23,32,Rural,High Speed (Arterial),Yes,42.31578333,-90.94525,Non-Intersection,Dark - Not Lighted,Clear,11:00pm-11:59pm,45,0:00am-0:59am,2,0:00am-0:59am,31,1,Dark - Unlighted,Clear,1,4,['Driver'],['Shoulder_Lapbelt'],1,1,Valid,1.0,0.0,59.0,24.0,"['Male', 'Female']",0,0,2,4,5,Dry,Straight,Level,Lowest,No
14704,19,Iowa,190185,0,2,1,1,2,CRESTON,August,5,Saturday,21,43,Urban,High Speed (Arterial),No,41.06073056,-94.37248889,Complex/Circle,Dark - Lighted,Cloudy,9:00pm-9:59pm,51,10:00pm-10:59pm,30,11:00pm-11:59pm,1,1,Dark - Lighted,Reduced Visibility,1,1,['Front_Passenger'],['Shoulder_Lapbelt'],0,0,Valid,0.0,1.0,26.0,26.0,['Male'],2,0,2,4,5,Dry,Straight,Grade/Hillcrest,Lowest,No
14705,19,Iowa,190186,0,1,1,0,1,NOT APPLICABLE,August,11,Friday,18,52,Urban,High Speed (Arterial),Yes,42.45080278,-92.23288333,Non-Intersection,Daylight,Clear,6:00pm-6:59pm,53,7:00pm-7:59pm,4,7:00pm-7:59pm,41,1,Daylight,Clear,1,0,['Driver'],['None_Used'],0,0,Valid,0.0,1.0,53.0,53.0,['Male'],0,0,5,4,3,Dry,Straight,Level,Lowest,No
14706,19,Iowa,190187,0,2,2,0,3,NOT APPLICABLE,August,11,Friday,16,9,Rural,High Speed (Arterial),Yes,41.69503056,-92.55218056,Complex/Circle,Daylight,Clear,Unknown,Unknown,Unknown EMS Scene Arrival Hour,Unknown EMS Scene Arrival Minutes,Unknown,Unknown EMS Hospital Arrival Time,1,Daylight,Clear,1,2,['Driver'],['Shoulder_Lapbelt'],0,0,Valid,0.0,0.0,61.0,34.0,"['Male', 'Male']",0,0,3,4,5,Dry,Straight,Level,Lowest,No
14707,19,Iowa,190188,1,1,1,0,1,NOT APPLICABLE,June,26,Monday,7,23,Rural,Medium Speed (Collector),No,40.75167778,-92.48571389,Non-Intersection,Daylight,Clear,Unknown,Unknown,Unknown EMS Scene Arrival Hour,Unknown EMS Scene Arrival Minutes,Not Applicable (Not Transported),Not Applicable (Not Transported),1,Daylight,Clear,0,1,[],[],0,0,Valid,0.0,0.0,60.0,60.0,['Male'],1,0,2,0,1,Dry,Straight,Grade/Hillcrest,Lowest,No
14708,19,Iowa,190189,0,2,2,0,2,NOT APPLICABLE,August,8,Tuesday,8,49,Rural,High Speed (Arterial),Yes,41.543525,-95.91746389,Non-Intersection,Daylight,Cloudy,8:00am-8:59am,48,9:00am-9:59am,3,9:00am-9:59am,19,1,Daylight,Reduced Visibility,1,1,['Driver'],['Shoulder_Lapbelt'],0,0,Valid,0.0,0.0,63.0,61.0,"['Male', 'Male']",0,0,4,4,5,Dry,Straight,Level,Medium,No
14709,19,Iowa,190190,0,1,1,0,2,CAMANCHE,August,15,Tuesday,15,1,Urban,Low Speed (Local),No,41.78018611,-90.25645556,Non-Intersection,Daylight,Clear,3:00pm-3:59pm,6,3:00pm-3:59pm,10,3:00pm-3:59pm,27,1,Daylight,Clear,1,1,['Front_Passenger'],['None_Used'],0,0,Valid,0.0,1.0,42.0,42.0,['Male'],0,0,5,4,3,Dry,Straight,Level,Lowest,No
14710,19,Iowa,190191,0,2,2,0,4,NOT APPLICABLE,August,17,Thursday,19,15,Rural,Low Speed (Local),No,41.26766389,-92.501125,Non-Intersection,Daylight,Clear,7:00pm-7:59pm,19,7:00pm-7:59pm,30,Not Applicable (Not Transported),Not Applicable (Not Transported),1,Daylight,Clear,1,3,['Front_Passenger'],['None_Used'],0,0,Valid,1.0,0.0,19.0,16.0,"['Male', 'Female']",0,0,5,4,5,Dry,Straight,Level,Lowest,No
14711,19,Iowa,190192,0,4,4,0,6,NOT APPLICABLE,July,28,Friday,19,57,Rural,High Speed (Arterial),Yes,40.92060556,-92.40988056,Non-Intersection,Daylight,Clear,Unknown,Unknown,Unknown EMS Scene Arrival Hour,Unknown EMS Scene Arrival Minutes,Unknown,Unknown EMS Hospital Arrival Time,2,Daylight,Clear,2,4,"['Driver', 'Front_Passenger']","['Shoulder_Lapbelt', 'Shoulder_Lapbelt']",1,1,Valid,3.0,5.0,68.0,22.0,"['Male', 'Male', 'Male', 'Female']",0,0,4,4,5,Dry,Straight,Grade/Hillcrest,Lowest,No
14712,19,Iowa,190193,0,2,2,0,2,DES MOINES,August,5,Saturday,15,39,Urban,High Speed (Arterial),Yes,41.59308333,-93.66638889,Non-Intersection,Daylight,Clear,3:00pm-3:59pm,39,3:00pm-3:59pm,42,3:00pm-3:59pm,54,1,Daylight,Clear,1,1,['Driver'],['None_Used'],0,0,Valid,1.0,2.0,44.0,40.0,"['Male', 'Male']",0,0,5,4,5,Dry,Straight,Level,Lowest,Yes
14713,19,Iowa,190194,0,1,1,0,1,NOT APPLICABLE,August,16,Wednesday,19,43,Rural,Medium Speed (Collector),No,41.99383056,-94.60470556,Non-Intersection,Dark - Not Lighted,Cloudy,Unknown,Unknown,Unknown EMS Scene Arrival Hour,Unknown EMS Scene Arrival Minutes,Unknown,Unknown EMS Hospital Arrival Time,1,Dark - Unlighted,Reduced Visibility,1,0,['Driver'],['None_Used'],0,0,Invalid,1.0,0.0,27.0,27.0,['Male'],0,0,5,3,1,Dry,Straight,Level,Lowest,No
14714,19,Iowa,190195,0,1,1,0,1,NOT APPLICABLE,August,18,Friday,20,14,Rural,Medium Speed (Collector),No,41.50206389,-94.18568056,Non-Intersection,Dark - Not Lighted,Clear,Unknown,Unknown,Unknown EMS Scene Arrival Hour,Unknown EMS Scene Arrival Minutes,Not Applicable (Not Transported),Not Applicable (Not Transported),1,Dark - Unlighted,Clear,1,0,['Driver'],['None_Used'],0,0,Valid,0.0,1.0,60.0,60.0,['Male'],0,0,5,4,2,Dry,Curve,Level,Lowest,No
14715,19,Iowa,190196,0,2,2,0,2,NOT APPLICABLE,August,18,Friday,21,58,Rural,High Speed (Arterial),Yes,41.33721667,-92.05250833,Simple Junction,Dark - Not Lighted,Clear,Unknown,Unknown,Unknown EMS Scene Arrival Hour,Unknown EMS Scene Arrival Minutes,Unknown,Unknown EMS Hospital Arrival Time,1,Dark - Unlighted,Clear,1,1,['Driver'],['Shoulder_Lapbelt'],1,1,Valid,0.0,0.0,74.0,31.0,"['Male', 'Male']",0,0,3,4,5,Dry,Straight,Level,Lowest,No
14716,19,Iowa,190197,3,2,1,1,1,NOT APPLICABLE,August,21,Monday,15,51,Rural,High Speed (Arterial),Yes,41.92173056,-93.14568611,Non-Intersection,Daylight,Cloudy,Unknown,Unknown,Unknown EMS Scene Arrival Hour,Unknown EMS Scene Arrival Minutes,Unknown,Unknown EMS Hospital Arrival Time,2,Daylight,Reduced Visibility,0,1,[],[],0,0,Valid,0.0,2.0,43.0,43.0,['Male'],0,0,2,4,4,Dry,Straight,Grade/Hillcrest,Lowest,No
14717,19,Iowa,190198,0,2,2,0,5,NOT APPLICABLE,July,1,Saturday,23,11,Rural,Medium Speed (Collector),No,43.20035556,-91.93110833,Simple Junction,Dark - Not Lighted,Cloudy,11:00pm-11:59pm,16,11:00pm-11:59pm,31,0:00am-0:59am,11,2,Dark - Unlighted,Reduced Visibility,2,3,"['Driver', 'Front_Passenger']","['None_Used', 'None_Used']",1,1,Valid,1.0,2.0,49.0,42.0,"['Male', 'Male']",0,0,3,4,5,Dry,Straight,Grade/Hillcrest,Lowest,No
14718,19,Iowa,190199,0,1,1,0,1,DAVENPORT,August,20,Sunday,22,22,Rural,High Speed (Arterial),Yes,41.590675,-90.67364722,Non-Intersection,Dark - Not Lighted,Clear,Unknown,Unknown,Unknown EMS Scene Arrival Hour,Unknown EMS Scene Arrival Minutes,Not Applicable (Not Transported),Not Applicable (Not Transported),1,Dark - Unlighted,Clear,1,0,['Driver'],['Shoulder_Lapbelt'],1,1,Valid,0.0,0.0,67.0,67.0,['Male'],0,0,3,4,3,Dry,Straight,Level,Lowest,No
14719,19,Iowa,190200,0,1,1,0,2,CEDAR RAPIDS,August,7,Monday,19,35,Urban,Low Speed (Local),No,41.95944167,-91.652975,Non-Intersection,Dusk,Clear,7:00pm-7:59pm,36,7:00pm-7:59pm,41,7:00pm-7:59pm,58,1,Twilight,Clear,1,1,['Driver'],['None_Used'],0,0,Valid,0.0,0.0,68.0,68.0,['Male'],0,0,5,2,2,Dry,Straight,Grade/Hillcrest,Lowest,No
14720,19,Iowa,190201,0,1,1,0,1,NOT APPLICABLE,August,19,Saturday,9,25,Rural,Medium Speed (Collector),No,41.65935556,-93.29224444,Non-Intersection,Daylight,Clear,Unknown,Unknown if Notified,Unknown EMS Scene Arrival Hour,Unknown if Arrived,Not Applicable (Not Transported),Not Applicable (Not Transported),1,Daylight,Clear,1,0,['Driver'],['Shoulder_Lapbelt'],0,0,Valid,1.0,0.0,67.0,67.0,['Male'],1,0,2,4,3,Dry,Curve,Level,Lowest,No
14721,19,Iowa,190202,0,1,1,0,2,NOT APPLICABLE,August,13,Sunday,16,30,Rural,Medium Speed (Collector),No,41.14725,-93.66629167,Non-Intersection,Daylight,Cloudy,Unknown,Unknown,Unknown EMS Scene Arrival Hour,Unknown EMS Scene Arrival Minutes,Unknown,Unknown EMS Hospital Arrival Time,2,Daylight,Reduced Visibility,2,0,"['Driver', 'Front_Passenger']","['None_Used', 'None_Used']",1,1,Valid,2.0,3.0,24.0,24.0,['Male'],2,0,3,4,3,Loose/Unpaved,Straight,Grade/Hillcrest,Lowest,No
14722,19,Iowa,190203,0,1,1,0,2,NOT APPLICABLE,August,17,Thursday,23,25,Rural,High Speed (Arterial),Yes,41.5419,-93.99610278,Non-Intersection,Dark - Not Lighted,Clear,Unknown,Unknown if Notified,Unknown EMS Scene Arrival Hour,Unknown if Arrived,Not Applicable (Not Transported),Not Applicable (Not Transported),2,Dark - Unlighted,Clear,2,0,"['Driver', 'Non_Standard_Risk']","['Shoulder_Lapbelt', 'None_Used']",0,0,Valid,0.0,0.0,59.0,59.0,['Male'],0,0,4,4,3,Dry,Curve,Level,Lowest,No
14723,19,Iowa,190204,0,2,2,0,2,OTTUMWA,August,21,Monday,15,52,Urban,High Speed (Arterial),Yes,41.016125,-92.45613056,Simple Junction,Daylight,Clear,Unknown,Unknown if Notified,Unknown EMS Scene Arrival Hour,Unknown if Arrived,Not Applicable (Not Transported),Not Applicable (Not Transported),1,Daylight,Clear,1,1,['Driver'],['None_Used'],0,0,Valid,0.0,0.0,71.0,67.0,"['Male', 'Female']",0,0,5,4,5,Dry,Straight,Level,Lowest,No
14724,19,Iowa,190205,0,2,2,0,7,NOT APPLICABLE,August,20,Sunday,9,16,Rural,Medium Speed (Collector),Yes,43.33122222,-95.64323889,Complex/Circle,Daylight,Clear,Unknown,Unknown,Unknown EMS Scene Arrival Hour,Unknown EMS Scene Arrival Minutes,Unknown,Unknown EMS Hospital Arrival Time,2,Daylight,Clear,2,5,"['Rear_Seat', 'Rear_Seat']","['None_Used', 'None_Used']",0,0,Valid,1.0,2.0,27.0,22.0,"['Male', 'Male']",0,0,3,4,5,Dry,Straight,Level,Lowest,No
14725,19,Iowa,190206,0,2,2,0,2,CEDAR RAPIDS,August,22,Tuesday,16,52,Urban,High Speed (Arterial),Yes,42.00081111,-91.66648056,Non-Intersection,Daylight,Clear,4:00pm-4:59pm,54,4:00pm-4:59pm,56,5:00pm-5:59pm,9,1,Daylight,Clear,1,1,['Driver'],['None_Used'],1,1,Valid,0.0,4.0,32.0,30.0,"['Male', 'Female']",1,0,5,4,5,Dry,Straight,Level,Lowest,No
14726,19,Iowa,190207,0,1,1,0,1,NOT APPLICABLE,August,26,Saturday,4,0,Rural,Medium Speed (Collector),No,42.58738611,-94.17808056,Non-Intersection,Dark - Unknown Lighting,Clear,Unknown,Unknown if Notified,Unknown EMS Scene Arrival Hour,Unknown if Arrived,Not Applicable (Not Transported),Not Applicable (Not Transported),1,Dark - Unlighted,Clear,1,0,['Driver'],['None_Used'],1,1,Valid,0.0,0.0,20.0,20.0,['Male'],1,0,3,4,3,Dry,Straight,Level,Lowest,No
14727,19,Iowa,190208,0,1,1,0,2,NOT APPLICABLE,August,26,Saturday,20,45,Rural,Medium Speed (Collector),No,40.77161667,-95.742375,Non-Intersection,Dark - Not Lighted,Clear,8:00pm-8:59pm,50,9:00pm-9:59pm,25,10:00pm-10:59pm,20,1,Dark - Unlighted,Clear,1,1,['Driver'],['None_Used'],0,0,Valid,0.0,0.0,39.0,39.0,['Male'],0,0,5,4,1,Dry,Straight,Level,Lowest,Yes
14728,19,Iowa,190209,0,1,1,0,1,REDFIELD,August,29,Tuesday,1,37,Rural,Low Speed (Local),No,41.59066111,-94.20255278,Non-Intersection,Dark - Not Lighted,Clear,Unknown,Unknown,Unknown EMS Scene Arrival Hour,Unknown EMS Scene Arrival Minutes,Not Applicable (Not Transported),Not Applicable (Not Transported),1,Dark - Unlighted,Clear,1,0,['Driver'],['Shoulder_Lapbelt'],0,0,Valid,0.0,0.0,32.0,32.0,['Male'],1,0,2,4,4,Loose/Unpaved,Straight,Level,Lowest,No
14729,19,Iowa,190210,0,2,2,0,2,NOT APPLICABLE,August,29,Tuesday,16,37,Rural,High Speed (Arterial),Yes,42.44886667,-94.22329167,Complex/Circle,Daylight,Clear,Unknown,Unknown if Notified,Unknown EMS Scene Arrival Hour,Unknown if Arrived,Not Applicable (Not Transported),Not Applicable (Not Transported),1,Daylight,Clear,1,1,['Driver'],['None_Used'],0,0,Valid,1.0,0.0,74.0,57.0,"['Male', 'Male']",0,0,5,4,5,Dry,Straight,Level,Lowest,No
14730,19,Iowa,190211,0,1,1,0,1,NOT APPLICABLE,August,29,Tuesday,23,14,Rural,High Speed (Arterial),Yes,41.80873333,-90.47464444,Non-Intersection,Dark - Not Lighted,Clear,Unknown,Unknown if Notified,Unknown EMS Scene Arrival Hour,Unknown if Arrived,Not Applicable (Not Transported),Not Applicable (Not Transported),1,Dark - Unlighted,Clear,1,0,['Driver'],['Shoulder_Lapbelt'],0,0,Valid,1.0,0.0,22.0,22.0,['Female'],0,0,2,4,3,Dry,Straight,Level,Lowest,No
14731,19,Iowa,190212,0,2,2,0,2,NOT APPLICABLE,August,30,Wednesday,18,49,Rural,Medium Speed (Collector),No,43.20419722,-91.41198333,Non-Intersection,Daylight,Clear,Unknown,Unknown,Unknown EMS Scene Arrival Hour,Unknown EMS Scene Arrival Minutes,Not Applicable (Not Transported),Not Applicable (Not Transported),1,Daylight,Clear,1,1,['Driver'],['None_Used'],0,0,Valid,1.0,3.0,60.0,32.0,"['Male', 'Male']",0,0,5,4,5,Dry,Straight,Level,Lowest,No
14732,19,Iowa,190213,0,2,2,0,3,NOT APPLICABLE,September,2,Saturday,14,57,Rural,Medium Speed (Collector),No,42.57205556,-93.8134,Simple Junction,Daylight,Clear,Unknown,Unknown,Unknown EMS Scene Arrival Hour,Unknown EMS Scene Arrival Minutes,Not Applicable (Not Transported),Not Applicable (Not Transported),2,Daylight,Clear,2,1,"['Driver', 'Rear_Seat']","['None_Used', 'None_Used']",0,0,Valid,0.0,2.0,52.0,49.0,"['Male', 'Female']",0,0,5,4,5,Dry,Straight,Level,Lowest,No
14733,19,Iowa,190214,0,2,2,0,2,NOT APPLICABLE,September,4,Monday,16,35,Rural,High Speed (Arterial),Yes,41.27952222,-91.71873611,Non-Intersection,Daylight,Clear,Unknown,Unknown,Unknown EMS Scene Arrival Hour,Unknown EMS Scene Arrival Minutes,Unknown,Unknown EMS Hospital Arrival Time,1,Daylight,Clear,1,1,['Driver'],['Shoulder_Lapbelt'],0,0,Valid,0.0,0.0,76.0,22.0,"['Female', 'Male']",0,0,2,4,5,Dry,Curve,Grade/Hillcrest,Lowest,No
14734,19,Iowa,190215,0,2,2,0,3,NOT APPLICABLE,September,4,Monday,6,45,Rural,High Speed (Arterial),Yes,42.46960833,-94.20266111,Simple Junction,Daylight,Clear,6:00am-6:59am,43,6:00am-6:59am,47,7:00am-7:59am,Unknown EMS Hospital Arrival Time,1,Daylight,Clear,1,2,['Driver'],['Shoulder_Lapbelt'],0,0,Valid,0.0,2.0,45.0,27.0,"['Male', 'Male']",0,0,3,4,5,Dry,Straight,Level,Lowest,No
14735,19,Iowa,190216,0,1,1,0,1,NOT APPLICABLE,September,5,Tuesday,15,39,Rural,Medium Speed (Collector),No,43.30988611,-91.15288333,Non-Intersection,Daylight,Clear,Unknown,Unknown if Notified,Unknown EMS Scene Arrival Hour,Unknown if Arrived,Not Applicable (Not Transported),Not Applicable (Not Transported),1,Daylight,Clear,1,0,['Driver'],['None_Used'],0,0,Valid,0.0,0.0,53.0,53.0,['Female'],0,0,5,4,2,Dry,Curve,Grade/Hillcrest,Lowest,No
14736,19,Iowa,190217,0,1,1,0,1,PATON,September,6,Wednesday,16,0,Rural,Low Speed (Local),No,42.16711944,-94.25451389,Non-Intersection,Daylight,Clear,Unknown,Unknown,Unknown EMS Scene Arrival Hour,Unknown EMS Scene Arrival Minutes,Not Applicable (Not Transported),Not Applicable (Not Transported),1,Daylight,Clear,1,0,['Driver'],['Shoulder_Lapbelt'],0,0,Valid,0.0,0.0,76.0,76.0,['Male'],0,0,5,1,3,Loose/Unpaved,Straight,Level,Lowest,No
14737,19,Iowa,190218,0,1,1,0,3,VOLGA,July,29,Saturday,19,5,Rural,Medium Speed (Collector),No,42.80359722,-91.53522778,Non-Intersection,Daylight,Clear,Unknown,Unknown,Unknown EMS Scene Arrival Hour,Unknown EMS Scene Arrival Minutes,Unknown,Unknown EMS Hospital Arrival Time,1,Daylight,Clear,1,2,['Non_Standard_Risk'],['None_Used'],0,0,Valid,0.0,1.0,24.0,24.0,['Male'],0,0,3,0,1,Dry,Straight,Level,Lowest,No
14738,19,Iowa,190219,0,1,1,0,1,NOT APPLICABLE,August,28,Monday,17,13,Rural,Medium Speed (Collector),No,41.75939167,-91.23158333,Non-Intersection,Daylight,Clear,Unknown,Unknown,Unknown EMS Scene Arrival Hour,Unknown EMS Scene Arrival Minutes,Unknown,Unknown EMS Hospital Arrival Time,1,Daylight,Clear,1,0,['Driver'],['Shoulder_Lapbelt'],0,0,Valid,0.0,0.0,58.0,58.0,['Male'],0,0,3,4,3,Dry,Curve,Grade/Hillcrest,Lowest,No
14739,19,Iowa,190220,0,1,1,0,1,NOT APPLICABLE,September,9,Saturday,0,53,Rural,Low Speed (Local),No,41.33620833,-95.79071389,Non-Intersection,Dark - Not Lighted,Clear,Unknown,Unknown,Unknown EMS Scene Arrival Hour,Unknown EMS Scene Arrival Minutes,Not Applicable (Not Transported),Not Applicable (Not Transported),1,Dark - Unlighted,Clear,1,0,['Driver'],['None_Used'],0,0,Valid,0.0,1.0,54.0,54.0,['Male'],0,0,3,4,3,Dry,Curve,Level,Lowest,No
14740,19,Iowa,190221,0,1,1,0,2,NOT APPLICABLE,September,2,Saturday,3,6,Rural,Medium Speed (Collector),No,42.48600278,-93.82325556,Simple Junction,Dark - Lighted,Clear,Unknown,Unknown,Unknown EMS Scene Arrival Hour,Unknown EMS Scene Arrival Minutes,Unknown,Unknown EMS Hospital Arrival Time,1,Dark - Lighted,Clear,1,1,['Rear_Seat'],['None_Used'],1,1,Invalid,0.0,0.0,39.0,39.0,['Male'],2,0,3,4,3,Dry,Straight,Level,Lowest,No