,State_Code,State_Name,Crash_ID,Count_Non_Motorists,Count_Vehicles_Total,Count_Vehicle_Forms,Count_PVH_Involved,Count_Occupants_MV,City_Name,Month_Name,Day_of_Month,Day_of_Week,Crash_Hour,Crash_Minute,Area_Rural_Urban,Road_Functional_Class,On_NHS_Road,Latitude,Longitude,Intersection_Type,Light_Condition,Weather_Condition,Notif_Hour,Notif_Minute,Arrival_Hour,Arrival_Minute,Hospital_Hour,Hospital_Minute,Fatalities_Count,Clean_Light_Condition,Clean_Weather_Condition,Total_Killed,Total_Alive,Fatal_Seats_List,Killed_Restraint_List,Any_Driver_Drinking,Total_Drinking_Drivers,Driver_License_Category,Driver_Max_Prev_Accident_Count,Driver_Max_Prev_Speeding_Count,Max_Driver_Age,Min_Driver_Age,Driver_Sex_List,Total_Exceeding_Limit_Vehicles,Total_Too_Fast_Vehicles,Max_Vehicle_Type_Severity_5,Max_Vehicle_Damage_Rank,Max_Harmful_Event_Severity,Crash_Road_Surface_Condition,Crash_Horizontal_Alignment,Crash_Vertical_Profile,Crash_Impairment_Category,Crash_Vehicle_Defect
14741,19,Iowa,190222,0,1,1,0,1,NOT APPLICABLE,August,9,Wednesday,17,39,Rural,High Speed (Arterial),Yes,40.64001944,-93.87376111,Non-Intersection,Daylight,Cloudy,Unknown,Unknown,Unknown EMS Scene Arrival Hour,Unknown EMS Scene Arrival Minutes,Not Applicable (Not Transported),Not Applicable (Not Transported),1,Daylight,Reduced Visibility,1,0,['Driver'],['Shoulder_Lapbelt'],0,0,Valid,0.0,0.0,72.0,72.0,['Female'],0,0,3,4,3,Dry,Straight,Level,Lowest,No
14742,19,Iowa,190223,0,5,5,0,6,HINTON,September,9,Saturday,13,36,Rural,High Speed (Arterial),Yes,42.62664444,-96.29192778,Complex/Circle,Daylight,Clear,1:00pm-1:59pm,41,1:00pm-1:59pm,46,2:00pm-2:59pm,43,1,Daylight,Clear,1,5,['Driver'],['None_Used'],1,1,Invalid,0.0,1.0,51.0,25.0,"['Male', 'Male', 'Female', 'Male', 'Male']",1,0,3,4,5,Dry,Straight,Level,Lowest,No
14743,19,Iowa,190224,0,1,1,0,1,NOT APPLICABLE,July,16,Sunday,1,0,Rural,Medium Speed (Collector),No,41.58895,-93.36758611,Non-Intersection,Dark - Not Lighted,Clear,1:00am-1:59am,15,1:00am-1:59am,28,1:00am-1:59am,57,1,Dark - Unlighted,Clear,1,0,['Driver'],['None_Used'],0,0,Valid,0.0,0.0,27.0,27.0,['Male'],0,0,5,4,2,Dry,Straight,Level,Lowest,No
14744,19,Iowa,190225,0,2,2,0,3,NOT APPLICABLE,September,7,Thursday,12,56,Rural,Medium Speed (Collector),No,41.81969444,-92.72753333,Complex/Circle,Daylight,Clear,Unknown,Unknown,Unknown EMS Scene Arrival Hour,Unknown EMS Scene Arrival Minutes,Not Applicable (Not Transported),Not Applicable (Not Transported),2,Daylight,Clear,2,1,"['Driver', 'Front_Passenger']","['Shoulder_Lapbelt', 'Shoulder_Lapbelt']",0,0,Valid,0.0,0.0,61.0,45.0,"['Male', 'Female']",0,0,3,4,5,Dry,Straight,Grade/Hillcrest,Lowest,No
14745,19,Iowa,190226,1,1,1,0,1,DES MOINES,September,18,Monday,5,20,Urban,High Speed (Arterial),Yes,41.62057222,-93.57616111,Non-Intersection,Dark - Lighted,Clear,Unknown,Unknown,Unknown EMS Scene Arrival Hour,Unknown EMS Scene Arrival Minutes,Not Applicable (Not Transported),Not Applicable (Not Transported),1,Dark - Lighted,Clear,0,1,[],[],0,0,Invalid,0.0,0.0,46.0,46.0,['Male'],0,0,3,4,4,Dry,Straight,Level,Lowest,No
14746,19,Iowa,190227,0,2,2,0,2,CLIVE,August,1,Tuesday,20,28,Urban,Low Speed (Local),No,41.60568333,-93.73621389,Complex/Circle,Dusk,Rain,8:00pm-8:59pm,28,8:00pm-8:59pm,31,8:00pm-8:59pm,53,1,Twilight,Rain/Wind/Minor,1,1,['Driver'],['None_Used'],1,1,Invalid,0.0,0.0,60.0,31.0,"['Male', 'Male']",0,0,5,4,5,Wet/Standing Water,Straight,Grade/Hillcrest,Lowest,No
14747,19,Iowa,190228,0,1,1,0,1,NOT APPLICABLE,September,19,Tuesday,14,24,Rural,Medium Speed (Collector),No,41.41979444,-93.91288333,Non-Intersection,Daylight,Cloudy,Unknown,Unknown if Notified,Unknown EMS Scene Arrival Hour,Unknown if Arrived,Not Applicable (Not Transported),Not Applicable (Not Transported),1,Daylight,Reduced Visibility,1,0,['Driver'],['Shoulder_Lapbelt'],0,0,Valid,1.0,2.0,62.0,62.0,['Female'],0,0,3,4,3,Dry,Curve,Grade/Hillcrest,Lowest,No
14748,19,Iowa,190229,0,2,2,0,2,NOT APPLICABLE,September,9,Saturday,11,37,Rural,High Speed (Arterial),Yes,41.69526944,-92.45273333,Non-Intersection,Daylight,Clear,Unknown,Unknown,Unknown EMS Scene Arrival Hour,Unknown EMS Scene Arrival Minutes,Not Applicable (Not Transported),Not Applicable (Not Transported),1,Daylight,Clear,1,1,['Driver'],['None_Used'],0,0,Valid,0.0,0.0,57.0,44.0,"['Male', 'Male']",1,0,5,4,5,Dry,Straight,Level,Lowest,No
14749,19,Iowa,190230,0,2,2,0,3,NOT APPLICABLE,September,16,Saturday,17,35,Rural,Medium Speed (Collector),No,42.16668611,-93.444525,Complex/Circle,Daylight,Clear,5:00pm-5:59pm,59,6:00pm-6:59pm,26,6:00pm-6:59pm,50,1,Daylight,Clear,1,2,['Driver'],['Shoulder_Lapbelt'],1,1,Valid,0.0,0.0,56.0,31.0,"['Male', 'Female']",2,0,3,4,5,Dry,Straight,Level,Lowest,No
14750,19,Iowa,190231,1,1,1,0,1,NOT APPLICABLE,August,30,Wednesday,13,30,Rural,Medium Speed (Collector),No,42.28361667,-92.20087222,Non-Intersection,Daylight,Clear,Unknown,Unknown,Unknown EMS Scene Arrival Hour,Unknown EMS Scene Arrival Minutes,Not Applicable (Not Transported),Not Applicable (Not Transported),1,Daylight,Clear,0,1,[],[],0,0,Valid,0.0,3.0,77.0,77.0,['Male'],0,0,2,3,4,Dry,Straight,Grade/Hillcrest,Lowest,No
14751,19,Iowa,190232,0,1,1,0,1,NOT APPLICABLE,September,4,Monday,6,26,Rural,High Speed (Arterial),Yes,42.31200278,-91.97787778,Non-Intersection,Dawn,Clear,Unknown,Unknown if Notified,Unknown EMS Scene Arrival Hour,Unknown if Arrived,Not Applicable (Not Transported),Not Applicable (Not Transported),1,Twilight,Clear,1,0,['Driver'],['Shoulder_Lapbelt'],0,0,Valid,0.0,0.0,63.0,63.0,['Female'],0,0,1,4,3,Dry,Straight,Level,Lowest,No
14752,19,Iowa,190233,0,2,2,0,2,NOT APPLICABLE,September,22,Friday,21,51,Rural,Medium Speed (Collector),No,41.67345,-94.56224167,Non-Intersection,Dark - Not Lighted,Cloudy,10:00pm-10:59pm,8,10:00pm-10:59pm,37,11:00pm-11:59pm,9,1,Dark - Unlighted,Reduced Visibility,1,1,['Driver'],['Shoulder_Lapbelt'],1,1,Valid,0.0,2.0,60.0,54.0,"['Female', 'Male']",0,0,2,4,5,Dry,Curve,Level,Lowest,No
14753,19,Iowa,190234,0,2,2,0,2,DES MOINES,September,27,Wednesday,15,51,Urban,High Speed (Arterial),Yes,41.60039167,-93.58672222,Non-Intersection,Daylight,Clear,3:00pm-3:59pm,51,3:00pm-3:59pm,57,4:00pm-4:59pm,11,1,Daylight,Clear,1,1,['Driver'],['None_Used'],0,0,Valid,1.0,2.0,69.0,61.0,"['Male', 'Female']",0,0,5,0,5,Dry,Straight,Level,Lowest,Yes
14754,19,Iowa,190235,0,3,3,0,4,IOWA CITY,August,7,Monday,12,59,Urban,High Speed (Arterial),Yes,41.64423056,-91.52782222,Complex/Circle,Daylight,Clear,1:00pm-1:59pm,0,1:00pm-1:59pm,2,1:00pm-1:59pm,24,1,Daylight,Clear,1,3,['Driver'],['Shoulder_Lapbelt'],0,0,Valid,0.0,2.0,67.0,24.0,"['Female', 'Male', 'Female']",0,0,3,4,5,Dry,Straight,Level,Lowest,No
14755,19,Iowa,190236,1,1,1,0,1,FAIRFAX,September,29,Friday,20,59,Rural,High Speed (Arterial),Yes,41.92922778,-91.77897222,Non-Intersection,Dark - Not Lighted,Clear,9:00pm-9:59pm,0,9:00pm-9:59pm,5,9:00pm-9:59pm,22,1,Dark - Unlighted,Clear,0,1,[],[],0,0,Valid,0.0,0.0,63.0,63.0,['Female'],0,0,3,4,4,Dry,Straight,Level,Lowest,No
14756,19,Iowa,190237,0,2,2,0,2,DES MOINES,September,30,Saturday,21,4,Urban,High Speed (Arterial),Yes,41.63063889,-93.54183333,Simple Junction,Dark - Lighted,Clear,Unknown,Unknown if Notified,Unknown EMS Scene Arrival Hour,Unknown if Arrived,Not Applicable (Not Transported),Not Applicable (Not Transported),1,Dark - Lighted,Clear,1,1,['Driver'],['None_Used'],0,0,Valid,0.0,2.0,35.0,21.0,"['Male', 'Female']",1,0,5,4,5,Dry,Straight,Grade/Hillcrest,Lowest,No
14757,19,Iowa,190238,0,2,2,0,2,BETTENDORF,September,27,Wednesday,18,49,Urban,Low Speed (Local),No,41.55306944,-90.51049167,Simple Junction,Dusk,Clear,6:00pm-6:59pm,54,6:00pm-6:59pm,55,7:00pm-7:59pm,10,1,Twilight,Clear,1,1,['Driver'],['None_Used'],1,1,Valid,0.0,1.0,45.0,21.0,"['Male', 'Male']",1,0,5,4,5,Dry,Straight,Level,Lowest,No
14758,19,Iowa,190239,1,1,1,0,1,NOT APPLICABLE,September,29,Friday,7,58,Rural,Low Speed (Local),No,40.69055,-95.78918611,Non-Intersection,Daylight,Clear,Unknown,Unknown if Notified,Unknown EMS Scene Arrival Hour,Unknown if Arrived,Not Applicable (Not Transported),Not Applicable (Not Transported),1,Daylight,Clear,0,1,[],[],0,0,Valid,0.0,0.0,44.0,44.0,['Male'],0,0,4,2,4,Dry,Straight,Level,Lowest,No
14759,19,Iowa,190240,0,2,2,0,2,NOT APPLICABLE,October,3,Tuesday,19,6,Urban,Medium Speed (Collector),No,41.99810556,-91.60410556,Non-Intersection,Dark - Lighted,Clear,Unknown,Unknown if Notified,Unknown EMS Scene Arrival Hour,Unknown if Arrived,Not Applicable (Not Transported),Not Applicable (Not Transported),1,Dark - Lighted,Clear,1,1,['Driver'],['None_Used'],1,1,Valid,2.0,0.0,60.0,48.0,"['Female', 'Male']",0,0,5,4,5,Dry,Straight,Grade/Hillcrest,Lowest,No
14760,19,Iowa,190241,0,2,2,0,3,NOT APPLICABLE,September,10,Sunday,18,30,Rural,Medium Speed (Collector),No,41.48677222,-91.55241389,Non-Intersection,Daylight,Rain,Unknown,Unknown,Unknown EMS Scene Arrival Hour,Unknown EMS Scene Arrival Minutes,Unknown,Unknown EMS Hospital Arrival Time,1,Daylight,Rain/Wind/Minor,1,2,['Front_Passenger'],['None_Used'],0,0,Valid,0.0,0.0,71.0,14.0,"['Female', 'Male']",0,0,5,4,5,Wet/Standing Water,Straight,Level,Lowest,No
14761,19,Iowa,190242,0,2,2,0,2,NOT APPLICABLE,September,26,Tuesday,12,45,Rural,Medium Speed (Collector),No,41.60836667,-91.71133056,Non-Intersection,Daylight,Cloudy,Unknown,Unknown,Unknown EMS Scene Arrival Hour,Unknown EMS Scene Arrival Minutes,Not Applicable (Not Transported),Not Applicable (Not Transported),1,Daylight,Reduced Visibility,1,1,['Driver'],['Shoulder_Lapbelt'],0,0,Valid,0.0,1.0,74.0,39.0,"['Male', 'Female']",0,0,4,4,5,Dry,Curve,Level,Lowest,No
14762,19,Iowa,190243,0,1,1,0,1,NOT APPLICABLE,August,21,Monday,16,13,Rural,Medium Speed (Collector),No,41.72893056,-95.6338,Non-Intersection,Daylight,Clear,4:00pm-4:59pm,11,4:00pm-4:59pm,24,4:00pm-4:59pm,52,1,Daylight,Clear,1,0,['Driver'],['None_Used'],1,1,Valid,0.0,0.0,40.0,40.0,['Male'],0,0,3,4,3,Dry,Curve,Grade/Hillcrest,Lowest,No
14763,19,Iowa,190244,1,1,1,0,1,NOT APPLICABLE,September,23,Saturday,20,42,Urban,High Speed (Arterial),Yes,41.649425,-93.62953333,Non-Intersection,Dark - Lighted,Clear,Unknown,Unknown,Unknown EMS Scene Arrival Hour,Unknown EMS Scene Arrival Minutes,Not Applicable (Not Transported),Not Applicable (Not Transported),1,Dark - Lighted,Clear,0,1,[],[],0,0,Valid,0.0,0.0,27.0,27.0,['Male'],0,0,3,3,4,Dry,Straight,Level,Lowest,No
14764,19,Iowa,190245,0,1,1,0,1,NOT APPLICABLE,October,7,Saturday,16,31,Rural,Medium Speed (Collector),No,41.36665,-92.00473056,Non-Intersection,Daylight,Cloudy,Unknown,Unknown,Unknown EMS Scene Arrival Hour,Unknown EMS Scene Arrival Minutes,Not Applicable (Not Transported),Not Applicable (Not Transported),1,Daylight,Reduced Visibility,1,0,['Driver'],['None_Used'],0,0,Valid,1.0,0.0,39.0,39.0,['Male'],1,0,5,4,3,Dry,Straight,Level,Lowest,No
14765,19,Iowa,190246,0,1,1,0,5,NOT APPLICABLE,August,12,Saturday,22,59,Rural,Low Speed (Local),No,41.71741111,-93.54623056,Non-Intersection,Dark - Not Lighted,Clear,Unknown,Unknown,Unknown EMS Scene Arrival Hour,Unknown EMS Scene Arrival Minutes,Not Applicable (Not Transported),Not Applicable (Not Transported),1,Dark - Unlighted,Clear,1,4,['Non_Standard_Risk'],['None_Used'],0,0,Valid,0.0,0.0,16.0,16.0,['Male'],0,0,3,4,3,Dry,Straight,Level,Lowest,No
14766,19,Iowa,190247,0,1,1,0,1,NOT APPLICABLE,September,29,Friday,13,22,Rural,Medium Speed (Collector),No,42.11461944,-93.38628056,Non-Intersection,Daylight,Clear,Unknown,Unknown,Unknown EMS Scene Arrival Hour,Unknown EMS Scene Arrival Minutes,Not Applicable (Not Transported),Not Applicable (Not Transported),1,Daylight,Clear,1,0,['Driver'],['Shoulder_Lapbelt'],0,0,Valid,1.0,0.0,71.0,71.0,['Male'],0,0,2,4,3,Dry,Straight,Level,Lowest,No
14767,19,Iowa,190248,0,2,2,0,2,NOT APPLICABLE,October,1,Sunday,15,22,Rural,High Speed (Arterial),Yes,42.77438333,-93.20224722,Complex/Circle,Daylight,Clear,3:00pm-3:59pm,24,3:00pm-3:59pm,30,3:00pm-3:59pm,42,1,Daylight,Clear,1,1,['Driver'],['None_Used'],1,1,Valid,1.0,0.0,84.0,54.0,"['Male', 'Male']",0,0,5,4,5,Dry,Straight,Level,Lowest,No
14768,19,Iowa,190249,0,1,1,0,1,NOT APPLICABLE,October,7,Saturday,13,55,Rural,Medium Speed (Collector),No,42.16638611,-93.92901667,Non-Intersection,Daylight,Clear,Unknown,Unknown,Unknown EMS Scene Arrival Hour,Unknown EMS Scene Arrival Minutes,Not Applicable (Not Transported),Not Applicable (Not Transported),1,Daylight,Clear,1,0,['Driver'],['None_Used'],0,0,Valid,0.0,0.0,59.0,59.0,['Male'],1,0,3,4,3,Dry,Curve,Level,Lowest,No
14769,19,Iowa,190250,0,1,1,0,1,CARSON,October,8,Sunday,2,17,Rural,Low Speed (Local),No,41.24011944,-95.414825,Non-Intersection,Dark - Lighted,Clear,Unknown,Unknown if Notified,Unknown EMS Scene Arrival Hour,Unknown if Arrived,Not Applicable (Not Transported),Not Applicable (Not Transported),1,Dark - Lighted,Clear,1,0,['Driver'],['None_Used'],1,1,Valid,0.0,0.0,51.0,51.0,['Male'],1,0,3,4,2,Dry,Straight,Grade/Hillcrest,Lowest,No
14770,19,Iowa,190251,0,1,1,0,2,NOT APPLICABLE,October,7,Saturday,18,54,Rural,Medium Speed (Collector),No,41.24136111,-91.13991667,Non-Intersection,Dark - Not Lighted,Clear,7:00pm-7:59pm,14,7:00pm-7:59pm,34,8:00pm-8:59pm,53,1,Dark - Unlighted,Clear,1,1,['Driver'],['None_Used'],0,0,Valid,1.0,0.0,61.0,61.0,['Male'],0,0,5,4,3,Dry,Straight,Level,Lowest,No
14771,19,Iowa,190252,0,1,1,0,1,ALTON,October,1,Sunday,23,50,Rural,High Speed (Arterial),Yes,42.9767,-96.00336111,Non-Intersection,Dark - Not Lighted,Clear,11:00pm-11:59pm,51,0:00am-0:59am,0,0:00am-0:59am,20,1,Dark - Unlighted,Clear,1,0,['Driver'],['None_Used'],0,0,Valid,0.0,0.0,51.0,51.0,['Male'],0,0,5,4,3,Dry,Curve,Level,Lowest,No
14772,19,Iowa,190253,0,2,2,0,2,NOT APPLICABLE,September,2,Saturday,20,26,Urban,High Speed (Arterial),Yes,41.65885,-93.53095,Non-Intersection,Dark - Not Lighted,Clear,8:00pm-8:59pm,47,8:00pm-8:59pm,56,9:00pm-9:59pm,14,1,Dark - Unlighted,Clear,1,1,['Driver'],['None_Used'],0,0,Valid,0.0,0.0,63.0,61.0,"['Male', 'Female']",0,0,5,4,5,Dry,Curve,Level,Lowest,No
14773,19,Iowa,190254,0,2,2,0,2,NOT APPLICABLE,September,22,Friday,17,10,Rural,Medium Speed (Collector),No,43.45794167,-92.75228889,Simple Junction,Daylight,Rain,Unknown,Unknown if Notified,Unknown EMS Scene Arrival Hour,Unknown if Arrived,Not Applicable (Not Transported),Not Applicable (Not Transported),1,Daylight,Rain/Wind/Minor,1,1,['Driver'],['None_Used'],0,0,Invalid,0.0,0.0,83.0,33.0,"['Male', 'Female']",0,0,3,4,5,Wet/Standing Water,Straight,Level,Lowest,No
14774,19,Iowa,190255,0,2,2,0,3,SIOUX CITY,October,13,Friday,21,11,Urban,Medium Speed (Collector),No,42.49631111,-96.41074444,Complex/Circle,Dark - Lighted,Rain,Unknown,Unknown,Unknown EMS Scene Arrival Hour,Unknown EMS Scene Arrival Minutes,Not Applicable (Not Transported),Not Applicable (Not Transported),2,Dark - Lighted,Rain/Wind/Minor,2,0,"['Driver', 'Front_Passenger']","['Shoulder_Lapbelt', 'Shoulder_Lapbelt']",0,0,Invalid,0.0,0.0,51.0,30.0,"['Male', 'Male']",1,0,3,4,5,Wet/Standing Water,Straight,Level,Lowest,No
14775,19,Iowa,190256,0,1,1,0,1,NOT APPLICABLE,August,16,Wednesday,17,42,Rural,Medium Speed (Collector),No,43.12616389,-91.96129167,Non-Intersection,Daylight,Clear,Unknown,Unknown if Notified,Unknown EMS Scene Arrival Hour,Unknown if Arrived,Not Applicable (Not Transported),Not Applicable (Not Transported),1,Daylight,Clear,1,0,['Driver'],['Shoulder_Lapbelt'],0,0,Valid,0.0,0.0,33.0,33.0,['Male'],0,0,4,4,3,Dry,Straight,Level,Lowest,No
14776,19,Iowa,190257,1,1,1,0,1,NEWTON,October,17,Tuesday,16,44,Urban,Low Speed (Local),No,41.69473889,-93.05608333,Simple Junction,Daylight,Clear,4:00pm-4:59pm,47,5:00pm-5:59pm,7,5:00pm-5:59pm,30,1,Daylight,Clear,0,1,[],[],0,0,Valid,0.0,0.0,29.0,29.0,['Male'],0,0,3,2,4,Dry,Straight,Level,Lowest,No
14777,19,Iowa,190258,0,1,1,0,2,NOT APPLICABLE,August,26,Saturday,2,41,Rural,Medium Speed (Collector),No,41.75129722,-92.82565,Non-Intersection,Dark - Not Lighted,Clear,Unknown,Unknown,Unknown EMS Scene Arrival Hour,Unknown EMS Scene Arrival Minutes,Unknown,Unknown EMS Hospital Arrival Time,1,Dark - Unlighted,Clear,1,1,['Front_Passenger'],['None_Used'],1,1,Valid,0.0,2.0,18.0,18.0,['Male'],0,0,3,4,3,Dry,Curve,Level,Lowest,No
14778,19,Iowa,190259,0,1,1,0,1,NOT APPLICABLE,October,16,Monday,1,36,Rural,High Speed (Arterial),Yes,41.54184167,-93.99694167,Non-Intersection,Dark - Not Lighted,Clear,Unknown,Unknown,Unknown EMS Scene Arrival Hour,Unknown EMS Scene Arrival Minutes,Not Applicable (Not Transported),Not Applicable (Not Transported),1,Dark - Unlighted,Clear,1,0,['Driver'],['Shoulder_Lapbelt'],0,0,Valid,1.0,0.0,26.0,26.0,['Male'],0,0,4,4,3,Dry,Curve,Level,Lowest,No
14779,19,Iowa,190260,0,2,2,0,2,NOT APPLICABLE,October,18,Wednesday,6,19,Rural,Medium Speed (Collector),No,42.02669444,-96.17531944,Non-Intersection,Dark - Not Lighted,Clear,6:00am-6:59am,22,6:00am-6:59am,30,7:00am-7:59am,7,1,Dark - Unlighted,Clear,1,1,['Driver'],['None_Used'],1,1,Invalid,1.0,0.0,52.0,35.0,"['Male', 'Male']",0,0,3,4,5,Dry,Straight,Level,Lowest,No
14780,19,Iowa,190261,0,3,3,0,3,DES MOINES,October,20,Friday,19,26,Urban,High Speed (Arterial),Yes,41.63655278,-93.53050833,Non-Intersection,Dark - Lighted,Clear,7:00pm-7:59pm,26,7:00pm-7:59pm,29,7:00pm-7:59pm,50,1,Dark - Lighted,Clear,1,2,['Driver'],['Shoulder_Lapbelt'],1,1,Invalid,3.0,2.0,66.0,20.0,"['Male', 'Male', 'Male']",1,0,3,4,5,Dry,Straight,Level,Lowest,No
14781,19,Iowa,190262,0,1,1,0,1,NOT APPLICABLE,October,22,Sunday,15,10,Rural,Low Speed (Local),No,42.70941944,-91.07980833,Non-Intersection,Daylight,Clear,Unknown,Unknown,Unknown EMS Scene Arrival Hour,Unknown EMS Scene Arrival Minutes,Not Applicable (Not Transported),Not Applicable (Not Transported),1,Daylight,Clear,1,0,['Driver'],['None_Used'],0,0,Valid,0.0,0.0,83.0,83.0,['Male'],0,0,5,4,3,Dry,Curve,Level,Lowest,No
14782,19,Iowa,190263,0,3,1,2,1,DAVENPORT,October,23,Monday,2,51,Urban,High Speed (Arterial),Yes,41.57984167,-90.57122222,Non-Intersection,Dark - Lighted,Clear,2:00am-2:59am,52,2:00am-2:59am,58,3:00am-3:59am,10,1,Dark - Lighted,Clear,1,0,['Driver'],['None_Used'],0,0,Invalid,0.0,1.0,25.0,25.0,['Male'],0,0,3,4,3,Dry,Straight,Level,Lowest,No
14783,19,Iowa,190264,0,2,2,0,2,CLIVE,October,27,Friday,6,51,Urban,High Speed (Arterial),Yes,41.61483056,-93.78183333,Complex/Circle,Dark - Not Lighted,Cloudy,Unknown,Unknown if Notified,Unknown EMS Scene Arrival Hour,Unknown if Arrived,Not Applicable (Not Transported),Not Applicable (Not Transported),1,Dark - Unlighted,Reduced Visibility,1,1,['Driver'],['None_Used'],0,0,Valid,1.0,2.0,54.0,26.0,"['Male', 'Male']",0,0,5,4,5,Wet/Standing Water,Straight,Level,Lowest,No
14784,19,Iowa,190266,0,1,1,0,1,SPIRIT LAKE,October,27,Friday,5,25,Urban,High Speed (Arterial),Yes,43.39544167,-95.12711944,Non-Intersection,Dark - Lighted,Rain,Unknown,Unknown,Unknown EMS Scene Arrival Hour,Unknown EMS Scene Arrival Minutes,Not Applicable (Not Transported),Not Applicable (Not Transported),1,Dark - Lighted,Rain/Wind/Minor,1,0,['Driver'],['None_Used'],1,1,Valid,1.0,0.0,52.0,52.0,['Male'],0,0,2,4,3,Wet/Standing Water,Straight,Grade/Hillcrest,Lowest,No
14785,19,Iowa,190267,0,1,1,0,1,NOT APPLICABLE,October,18,Wednesday,8,26,Rural,Medium Speed (Collector),No,42.50131111,-94.099,Non-Intersection,Daylight,Cloudy,8:00am-8:59am,41,9:00am-9:59am,0,9:00am-9:59am,37,1,Daylight,Reduced Visibility,1,0,['Driver'],['Shoulder_Lapbelt'],0,0,Valid,0.0,0.0,81.0,81.0,['Male'],0,0,3,4,3,Dry,Straight,Level,Lowest,No
14786,19,Iowa,190268,0,2,2,0,2,NOT APPLICABLE,October,31,Tuesday,17,2,Rural,Low Speed (Local),No,42.04934167,-93.52147778,Complex/Circle,Daylight,Clear,5:00pm-5:59pm,18,5:00pm-5:59pm,26,Unknown,Unknown EMS Hospital Arrival Time,1,Daylight,Clear,1,1,['Driver'],['Shoulder_Lapbelt'],0,0,Valid,0.0,0.0,60.0,56.0,"['Male', 'Male']",0,0,4,4,5,Dry,Straight,Level,Lowest,No
14787,19,Iowa,190269,0,2,2,0,3,NOT APPLICABLE,October,22,Sunday,1,38,Urban,High Speed (Arterial),Yes,41.64988889,-93.65011944,Non-Intersection,Dark - Lighted,Clear,Unknown,Unknown,Unknown EMS Scene Arrival Hour,Unknown EMS Scene Arrival Minutes,Unknown,Unknown EMS Hospital Arrival Time,1,Dark - Lighted,Clear,1,2,['Front_Passenger'],['Shoulder_Lapbelt'],1,1,Valid,0.0,3.0,51.0,39.0,"['Male', 'Male']",0,0,4,4,5,Dry,Straight,Level,Lowest,No
14788,19,Iowa,190270,0,1,1,0,2,DAVENPORT,October,29,Sunday,2,0,Urban,High Speed (Arterial),Yes,41.52131111,-90.58251944,Non-Intersection,Dark - Lighted,Cloudy,2:00am-2:59am,12,2:00am-2:59am,17,2:00am-2:59am,45,2,Dark - Lighted,Reduced Visibility,2,0,"['Driver', 'Front_Passenger']","['None_Used', 'None_Used']",0,0,Invalid,0.0,1.0,30.0,30.0,['Male'],2,0,2,4,3,Dry,Straight,Level,Lowest,No
14789,19,Iowa,190271,1,1,1,0,1,COUNCIL BLUFFS,November,3,Friday,6,47,Urban,High Speed (Arterial),Yes,41.23251111,-95.885575,Non-Intersection,Dark - Lighted,Clear,Unknown,Unknown if Notified,Unknown EMS Scene Arrival Hour,Unknown if Arrived,Not Applicable (Not Transported),Not Applicable (Not Transported),1,Dark - Lighted,Clear,0,1,[],[],1,1,Valid,1.0,1.0,44.0,44.0,['Female'],0,0,3,2,4,Dry,Straight,Level,Lowest,No
14790,19,Iowa,190272,0,1,1,0,1,NOT APPLICABLE,November,4,Saturday,0,30,Rural,High Speed (Arterial),Yes,41.30909444,-95.76424444,Non-Intersection,Dark - Not Lighted,Clear,Unknown,Unknown if Notified,Unknown EMS Scene Arrival Hour,Unknown if Arrived,Not Applicable (Not Transported),Not Applicable (Not Transported),1,Dark - Unlighted,Clear,1,0,['Driver'],['Shoulder_Lapbelt'],0,0,Valid,1.0,0.0,23.0,23.0,['Male'],0,0,3,4,2,Dry,Straight,Level,Lowest,No
14791,19,Iowa,190273,0,1,1,0,1,NOT APPLICABLE,November,9,Thursday,0,48,Urban,High Speed (Arterial),Yes,41.26049444,-92.64241389,Non-Intersection,Dark - Not Lighted,Clear,Unknown,Unknown if Notified,Unknown EMS Scene Arrival Hour,Unknown if Arrived,Not Applicable (Not Transported),Not Applicable (Not Transported),1,Dark - Unlighted,Clear,1,0,['Driver'],['Shoulder_Lapbelt'],0,0,Valid,0.0,0.0,27.0,27.0,['Male'],0,0,2,4,2,Dry,Curve,Grade/Hillcrest,Lowest,No
14792,19,Iowa,190274,3,2,2,0,1,NOT APPLICABLE,November,11,Saturday,17,45,Urban,High Speed (Arterial),Yes,42.51549722,-90.63696667,Non-Intersection,Dark - Not Lighted,Clear,5:00pm-5:59pm,46,5:00pm-5:59pm,51,6:00pm-6:59pm,20,1,Dark - Unlighted,Clear,0,1,[],[],0,0,Valid,0.0,1.0,19.0,19.0,['Male'],0,0,3,4,5,Dry,Straight,Level,Lowest,No
14793,19,Iowa,190275,0,2,2,0,3,DES MOINES,November,12,Sunday,19,59,Urban,High Speed (Arterial),Yes,41.60056389,-93.56525833,Complex/Circle,Dark - Lighted,Clear,Unknown,Unknown,Unknown EMS Scene Arrival Hour,Unknown EMS Scene Arrival Minutes,Not Applicable (Not Transported),Not Applicable (Not Transported),2,Dark - Lighted,Clear,2,1,"['Driver', 'Front_Passenger']","['Shoulder_Lapbelt', 'Shoulder_Lapbelt']",0,0,Valid,1.0,1.0,79.0,18.0,"['Male', 'Female']",1,0,2,4,5,Dry,Straight,Level,Lowest,No