,State_Code,State_Name,Crash_ID,Count_Non_Motorists,Count_Vehicles_Total,Count_Vehicle_Forms,Count_PVH_Involved,Count_Occupants_MV,City_Name,Month_Name,Day_of_Month,Day_of_Week,Crash_Hour,Crash_Minute,Area_Rural_Urban,Road_Functional_Class,On_NHS_Road,Latitude,Longitude,Intersection_Type,Light_Condition,Weather_Condition,Notif_Hour,Notif_Minute,Arrival_Hour,Arrival_Minute,Hospital_Hour,Hospital_Minute,Fatalities_Count,Clean_Light_Condition,Clean_Weather_Condition,Total_Killed,Total_Alive,Fatal_Seats_List,Killed_Restraint_List,Any_Driver_Drinking,Total_Drinking_Drivers,Driver_License_Category,Driver_Max_Prev_Accident_Count,Driver_Max_Prev_Speeding_Count,Max_Driver_Age,Min_Driver_Age,Driver_Sex_List,Total_Exceeding_Limit_Vehicles,Total_Too_Fast_Vehicles,Max_Vehicle_Type_Severity_5,Max_Vehicle_Damage_Rank,Max_Harmful_Event_Severity,Crash_Road_Surface_Condition,Crash_Horizontal_Alignment,Crash_Vertical_Profile,Crash_Impairment_Category,Crash_Vehicle_Defect
14794,19,Iowa,190276,0,1,1,0,2,NOT APPLICABLE,November,10,Friday,1,5,Urban,Medium Speed (Collector),No,42.69251667,-91.93375556,Non-Intersection,Dark - Not Lighted,Clear,1:00am-1:59am,15,1:00am-1:59am,24,1:00am-1:59am,53,1,Dark - Unlighted,Clear,1,1,['Driver'],['None_Used'],1,1,Valid,0.0,0.0,21.0,21.0,['Male'],2,0,3,4,3,Dry,Curve,Level,Lowest,No
14795,19,Iowa,190277,0,1,1,0,1,DES MOINES,October,23,Monday,16,31,Urban,Low Speed (Local),No,41.57734722,-93.56065278,Non-Intersection,Daylight,Clear,4:00pm-4:59pm,31,4:00pm-4:59pm,39,4:00pm-4:59pm,56,1,Daylight,Clear,1,0,['Driver'],['None_Used'],0,0,Valid,2.0,0.0,58.0,58.0,['Male'],0,0,5,0,3,Dry,Straight,Level,Lowest,No
14796,19,Iowa,190278,1,2,1,1,1,URBANDALE,November,12,Sunday,22,14,Urban,High Speed (Arterial),Yes,41.65254722,-93.726375,Non-Intersection,Dark - Not Lighted,Clear,Unknown,Unknown if Notified,Unknown EMS Scene Arrival Hour,Unknown if Arrived,Not Applicable (Not Transported),Not Applicable (Not Transported),1,Dark - Unlighted,Clear,0,1,[],[],1,1,Valid,0.0,0.0,54.0,54.0,['Male'],0,0,4,3,5,Dry,Straight,Level,Lowest,No
14797,19,Iowa,190279,0,1,1,0,1,NOT APPLICABLE,November,14,Tuesday,12,10,Rural,Medium Speed (Collector),No,40.827425,-95.47975278,Non-Intersection,Daylight,Clear,12:00pm-12:59pm,17,12:00pm-12:59pm,25,12:00pm-12:59pm,57,1,Daylight,Clear,1,0,['Driver'],['Shoulder_Lapbelt'],0,0,Valid,0.0,0.0,67.0,67.0,['Male'],0,0,4,4,3,Dry,Straight,Grade/Hillcrest,Lowest,No
14798,19,Iowa,190280,0,2,2,0,2,NOT APPLICABLE,November,11,Saturday,6,14,Rural,Medium Speed (Collector),No,41.44765833,-91.33061944,Non-Intersection,Dark - Not Lighted,"Fog, Smog, Smoke",6:00am-6:59am,15,6:00am-6:59am,36,7:00am-7:59am,31,1,Dark - Unlighted,Reduced Visibility,1,1,['Driver'],['None_Used'],0,0,Valid,0.0,2.0,43.0,33.0,"['Female', 'Male']",0,0,3,4,5,Dry,Straight,Level,Lowest,No
14799,19,Iowa,190281,2,1,1,0,1,CEDAR RAPIDS,November,12,Sunday,16,44,Urban,Medium Speed (Collector),No,41.97101944,-91.62920833,Non-Intersection,Daylight,Clear,4:00pm-4:59pm,46,4:00pm-4:59pm,53,5:00pm-5:59pm,6,1,Daylight,Clear,0,1,[],[],1,1,Valid,0.0,0.0,45.0,45.0,['Male'],0,0,3,3,4,Dry,Straight,Level,Lowest,No
14800,19,Iowa,190282,1,1,1,0,2,NOT APPLICABLE,November,17,Friday,17,25,Rural,High Speed (Arterial),Yes,41.94163333,-90.62166389,Non-Intersection,Dark - Not Lighted,Clear,Unknown,Unknown,Unknown EMS Scene Arrival Hour,Unknown EMS Scene Arrival Minutes,Unknown,Unknown EMS Hospital Arrival Time,1,Dark - Unlighted,Clear,0,2,[],[],0,0,Valid,0.0,0.0,19.0,19.0,['Male'],0,0,3,4,4,Dry,Straight,Level,Lowest,No
14801,19,Iowa,190283,0,1,1,0,1,CEDAR RAPIDS,November,17,Friday,18,5,Urban,High Speed (Arterial),Yes,41.93526944,-91.70217778,Non-Intersection,Dark - Not Lighted,Clear,Unknown,Unknown,Unknown EMS Scene Arrival Hour,Unknown EMS Scene Arrival Minutes,Not Applicable (Not Transported),Not Applicable (Not Transported),1,Dark - Unlighted,Clear,1,0,['Driver'],['Shoulder_Lapbelt'],0,0,Valid,0.0,0.0,21.0,21.0,['Male'],0,0,2,4,4,Dry,Straight,Level,Lowest,No
14802,19,Iowa,190284,1,1,1,0,1,COUNCIL BLUFFS,November,19,Sunday,18,26,Urban,High Speed (Arterial),Yes,41.21486111,-95.88975278,Complex/Circle,Dark - Lighted,Rain,Unknown,Unknown,Unknown EMS Scene Arrival Hour,Unknown EMS Scene Arrival Minutes,Not Applicable (Not Transported),Not Applicable (Not Transported),1,Dark - Lighted,Rain/Wind/Minor,0,1,[],[],0,0,Valid,0.0,0.0,60.0,60.0,['Male'],0,0,3,3,4,Wet/Standing Water,Straight,Level,Lowest,No
14803,19,Iowa,190285,0,1,1,0,1,NOT APPLICABLE,November,19,Sunday,0,31,Rural,Medium Speed (Collector),No,42.60680556,-93.90240833,Non-Intersection,Dark - Not Lighted,Clear,Unknown,Unknown,Unknown EMS Scene Arrival Hour,Unknown EMS Scene Arrival Minutes,Not Applicable (Not Transported),Not Applicable (Not Transported),1,Dark - Unlighted,Clear,1,0,['Driver'],['None_Used'],1,1,Invalid,0.0,0.0,36.0,36.0,['Male'],1,0,3,4,3,Dry,Curve,Level,Lowest,No
14804,19,Iowa,190286,0,2,2,0,2,NOT APPLICABLE,November,25,Saturday,2,56,Rural,High Speed (Arterial),Yes,41.60053333,-93.36699722,Complex/Circle,Dark - Lighted,Cloudy,Unknown,Unknown if Notified,Unknown EMS Scene Arrival Hour,Unknown if Arrived,Not Applicable (Not Transported),Not Applicable (Not Transported),1,Dark - Lighted,Reduced Visibility,1,1,['Driver'],['None_Used'],0,0,Valid,0.0,1.0,56.0,24.0,"['Male', 'Male']",0,0,4,4,5,Dry,Straight,Level,Lowest,No
14805,19,Iowa,190287,0,2,2,0,3,NOT APPLICABLE,November,25,Saturday,12,33,Rural,Medium Speed (Collector),No,41.20167778,-91.99316111,Non-Intersection,Daylight,Cloudy,Unknown,Unknown,Unknown EMS Scene Arrival Hour,Unknown EMS Scene Arrival Minutes,Unknown,Unknown EMS Hospital Arrival Time,1,Daylight,Reduced Visibility,1,2,['Front_Passenger'],['None_Used'],0,0,Valid,0.0,0.0,79.0,47.0,"['Female', 'Female']",0,0,3,4,5,Dry,Straight,Grade/Hillcrest,Medium,No
14806,19,Iowa,190288,0,2,2,0,2,NOT APPLICABLE,October,21,Saturday,21,48,Rural,High Speed (Arterial),Yes,41.03926944,-91.96812222,Complex/Circle,Dark - Not Lighted,Clear,9:00pm-9:59pm,49,9:00pm-9:59pm,56,10:00pm-10:59pm,30,1,Dark - Unlighted,Clear,1,1,['Driver'],['Shoulder_Lapbelt'],0,0,Valid,1.0,1.0,90.0,62.0,"['Male', 'Male']",0,0,3,4,5,Dry,Straight,Level,Lowest,No
14807,19,Iowa,190289,1,1,1,0,1,WATERLOO,November,9,Thursday,13,55,Urban,Low Speed (Local),No,42.49266111,-92.3406,Complex/Circle,Daylight,Clear,1:00pm-1:59pm,56,2:00pm-2:59pm,0,2:00pm-2:59pm,15,1,Daylight,Clear,0,1,[],[],0,0,Valid,0.0,0.0,59.0,59.0,['Male'],0,0,3,2,4,Dry,Straight,Level,Lowest,No
14808,19,Iowa,190290,0,2,2,0,2,NOT APPLICABLE,October,22,Sunday,16,0,Rural,Medium Speed (Collector),No,43.04745556,-92.45591667,Non-Intersection,Daylight,Clear,Unknown,Unknown,Unknown EMS Scene Arrival Hour,Unknown EMS Scene Arrival Minutes,Unknown,Unknown EMS Hospital Arrival Time,1,Daylight,Clear,1,1,['Driver'],['None_Used'],0,0,Valid,0.0,0.0,68.0,43.0,"['Male', 'Male']",0,0,5,4,5,Dry,Straight,Level,Lowest,No
14809,19,Iowa,190291,1,2,2,0,1,DAVENPORT,November,27,Monday,16,49,Urban,High Speed (Arterial),Yes,41.5164,-90.58228056,Non-Intersection,Dark - Lighted,Clear,Unknown,Unknown,Unknown EMS Scene Arrival Hour,Unknown EMS Scene Arrival Minutes,Unknown,Unknown EMS Hospital Arrival Time,1,Dark - Lighted,Clear,0,1,[],[],0,0,Valid,0.0,0.0,43.0,43.0,['Male'],0,0,3,4,5,Dry,Straight,Level,Lowest,No
14810,19,Iowa,190292,0,2,2,0,2,NOT APPLICABLE,November,8,Wednesday,17,0,Rural,Medium Speed (Collector),No,42.89172222,-94.43475,Complex/Circle,Dusk,Clear,Unknown,Unknown,Unknown EMS Scene Arrival Hour,Unknown EMS Scene Arrival Minutes,Unknown,Unknown EMS Hospital Arrival Time,1,Twilight,Clear,1,1,['Driver'],['None_Used'],0,0,Valid,1.0,1.0,29.0,27.0,"['Male', 'Male']",0,0,4,4,5,Dry,Straight,Level,Lowest,No
14811,19,Iowa,190293,0,1,1,0,1,SIOUX CITY,November,26,Sunday,19,56,Urban,Medium Speed (Collector),Yes,42.50756389,-96.39339722,Non-Intersection,Dark - Lighted,Clear,7:00pm-7:59pm,57,8:00pm-8:59pm,4,8:00pm-8:59pm,16,1,Dark - Lighted,Clear,1,0,['Driver'],['Shoulder_Lapbelt'],0,0,Invalid,0.0,0.0,24.0,24.0,['Male'],1,0,2,4,2,Icy/Snowy,Straight,Grade/Hillcrest,Lowest,No
14812,19,Iowa,190294,0,1,1,0,1,NOT APPLICABLE,November,30,Thursday,7,59,Rural,Medium Speed (Collector),No,42.236475,-91.21019722,Non-Intersection,Daylight,Clear,Unknown,Unknown if Notified,Unknown EMS Scene Arrival Hour,Unknown if Arrived,Not Applicable (Not Transported),Not Applicable (Not Transported),1,Daylight,Clear,1,0,['Driver'],['None_Used'],0,0,Valid,0.0,0.0,37.0,37.0,['Female'],0,0,3,4,3,Icy/Snowy,Curve,Level,Lowest,No
14813,19,Iowa,190295,0,1,1,0,1,NOT APPLICABLE,January,3,Tuesday,8,56,Rural,Medium Speed (Collector),No,40.79533333,-92.57177778,Non-Intersection,Daylight,"Fog, Smog, Smoke",Unknown,Unknown,Unknown EMS Scene Arrival Hour,Unknown EMS Scene Arrival Minutes,Not Applicable (Not Transported),Not Applicable (Not Transported),1,Daylight,Reduced Visibility,1,0,['Driver'],['None_Used'],0,0,Valid,0.0,0.0,71.0,71.0,['Male'],0,0,3,4,2,Wet/Standing Water,Curve,Level,Medium,No
14814,19,Iowa,190296,1,1,1,0,1,NOT APPLICABLE,November,9,Thursday,7,52,Rural,Medium Speed (Collector),No,40.71654722,-91.44325833,Non-Intersection,Daylight,Clear,Unknown,Unknown,Unknown EMS Scene Arrival Hour,Unknown EMS Scene Arrival Minutes,Unknown,Unknown EMS Hospital Arrival Time,1,Daylight,Clear,0,1,[],[],0,0,Valid,0.0,0.0,15.0,15.0,['Male'],0,0,3,2,4,Dry,Straight,Level,Lowest,No
14815,19,Iowa,190297,0,1,1,0,1,NOT APPLICABLE,November,27,Monday,12,45,Rural,Low Speed (Local),No,41.6779,-93.09945,Non-Intersection,Daylight,Clear,Unknown,Unknown,Unknown EMS Scene Arrival Hour,Unknown EMS Scene Arrival Minutes,Not Applicable (Not Transported),Not Applicable (Not Transported),1,Daylight,Clear,1,0,['Driver'],['None_Used'],0,0,Valid,0.0,0.0,61.0,61.0,['Male'],0,0,3,4,4,Dry,Straight,Level,Lowest,No
14816,19,Iowa,190298,0,1,1,0,4,NOT APPLICABLE,November,25,Saturday,15,52,Rural,Medium Speed (Collector),No,40.81522778,-95.72643056,Non-Intersection,Daylight,Snow,Unknown,Unknown,Unknown EMS Scene Arrival Hour,Unknown EMS Scene Arrival Minutes,Unknown,Unknown EMS Hospital Arrival Time,1,Daylight,Snow/Ice/Severe,1,3,['Driver'],['Shoulder_Lapbelt'],0,0,Valid,0.0,0.0,46.0,46.0,['Male'],4,0,3,4,3,Icy/Snowy,Curve,Grade/Hillcrest,Lowest,No
14817,19,Iowa,190299,0,2,2,0,4,CEDAR RAPIDS,December,1,Friday,21,55,Urban,Medium Speed (Collector),No,41.92154444,-91.63718056,Non-Intersection,Dark - Not Lighted,Clear,10:00pm-10:59pm,4,10:00pm-10:59pm,12,10:00pm-10:59pm,19,4,Dark - Unlighted,Clear,4,0,"['Driver', 'Front_Passenger', 'Driver', 'Front_Passenger']","['Shoulder_Lapbelt', 'Shoulder_Lapbelt', 'Shoulder_Lapbelt', 'Shoulder_Lapbelt']",1,1,Valid,0.0,1.0,52.0,18.0,"['Male', 'Female']",2,0,3,4,5,Dry,Straight,Level,Lowest,No
14818,19,Iowa,190300,0,2,1,1,1,ANKENY,October,3,Tuesday,16,16,Urban,Low Speed (Local),No,41.69576389,-93.60613889,Non-Intersection,Daylight,Cloudy,4:00pm-4:59pm,17,4:00pm-4:59pm,25,4:00pm-4:59pm,50,1,Daylight,Reduced Visibility,1,0,['Driver'],['Shoulder_Lapbelt'],0,0,Valid,0.0,0.0,38.0,38.0,['Female'],1,0,2,4,3,Dry,Curve,Level,Lowest,No
14819,19,Iowa,190301,0,2,2,0,2,NOT APPLICABLE,December,1,Friday,13,35,Rural,High Speed (Arterial),Yes,41.02681667,-93.89799167,Non-Intersection,Daylight,Clear,1:00pm-1:59pm,43,2:00pm-2:59pm,15,2:00pm-2:59pm,44,1,Daylight,Clear,1,1,['Driver'],['Shoulder_Lapbelt'],1,1,Valid,0.0,0.0,91.0,33.0,"['Male', 'Female']",0,0,3,4,5,Dry,Straight,Level,Lowest,No
14820,19,Iowa,190302,0,2,2,0,4,NOT APPLICABLE,December,1,Friday,19,2,Rural,High Speed (Arterial),Yes,41.05017222,-94.31808056,Complex/Circle,Dark - Not Lighted,Cloudy,7:00pm-7:59pm,4,7:00pm-7:59pm,13,7:00pm-7:59pm,41,2,Dark - Unlighted,Reduced Visibility,2,2,"['Driver', 'Front_Passenger']","['Shoulder_Lapbelt', 'Shoulder_Lapbelt']",0,0,Valid,0.0,0.0,63.0,17.0,"['Male', 'Female']",0,0,4,4,5,Dry,Straight,Level,Lowest,No
14821,19,Iowa,190303,0,3,3,0,3,GRANGER,November,18,Saturday,18,7,Rural,High Speed (Arterial),Yes,41.75618611,-93.82347222,Non-Intersection,Dark - Not Lighted,Clear,6:00pm-6:59pm,9,6:00pm-6:59pm,24,7:00pm-7:59pm,18,1,Dark - Unlighted,Clear,1,2,['Driver'],['Shoulder_Lapbelt'],1,1,Valid,0.0,2.0,61.0,24.0,"['Male', 'Male', 'Male']",0,0,3,4,5,Dry,Straight,Level,Lowest,No
14822,19,Iowa,190304,0,1,1,0,1,NOT APPLICABLE,December,8,Friday,16,9,Rural,Medium Speed (Collector),No,43.40219722,-94.45249444,Non-Intersection,Daylight,Clear,Unknown,Unknown,Unknown EMS Scene Arrival Hour,Unknown EMS Scene Arrival Minutes,Not Applicable (Not Transported),Not Applicable (Not Transported),1,Daylight,Clear,1,0,['Driver'],['None_Used'],1,1,Valid,0.0,0.0,31.0,31.0,['Female'],0,0,3,4,3,Dry,Curve,Level,Lowest,No
14823,19,Iowa,190305,0,2,2,0,2,NOT APPLICABLE,October,11,Wednesday,13,35,Rural,High Speed (Arterial),Yes,42.74541111,-93.28235,Non-Intersection,Daylight,Cloudy,Unknown,Unknown,Unknown EMS Scene Arrival Hour,Unknown EMS Scene Arrival Minutes,Not Applicable (Not Transported),Not Applicable (Not Transported),1,Daylight,Reduced Visibility,1,1,['Driver'],['Shoulder_Lapbelt'],1,1,Invalid,0.0,2.0,54.0,53.0,"['Male', 'Male']",0,0,4,4,5,Dry,Straight,Level,Lowest,No
14824,19,Iowa,190306,0,1,1,0,4,NOT APPLICABLE,December,10,Sunday,14,54,Rural,High Speed (Arterial),Yes,41.00202222,-92.24829722,Non-Intersection,Daylight,Clear,Unknown,Unknown,Unknown EMS Scene Arrival Hour,Unknown EMS Scene Arrival Minutes,Unknown,Unknown EMS Hospital Arrival Time,1,Daylight,Clear,1,3,['Driver'],['None_Used'],0,0,Valid,0.0,0.0,37.0,37.0,['Male'],0,0,3,4,3,Dry,Curve,Level,Lowest,No
14825,19,Iowa,190307,0,2,2,0,2,CEDAR RAPIDS,December,6,Wednesday,13,36,Urban,Medium Speed (Collector),Yes,41.98855556,-91.682175,Non-Intersection,Daylight,Clear,Unknown,Unknown,Unknown EMS Scene Arrival Hour,Unknown EMS Scene Arrival Minutes,Unknown,Unknown EMS Hospital Arrival Time,1,Daylight,Clear,1,1,['Driver'],['None_Used'],0,0,Invalid,1.0,0.0,63.0,29.0,"['Male', 'Male']",1,0,5,4,5,Dry,Straight,Level,Lowest,No
14826,19,Iowa,190308,0,2,2,0,2,NOT APPLICABLE,October,7,Saturday,10,39,Rural,Medium Speed (Collector),No,42.74991944,-96.38541111,Non-Intersection,Daylight,Clear,Unknown,Unknown,Unknown EMS Scene Arrival Hour,Unknown EMS Scene Arrival Minutes,Not Applicable (Not Transported),Not Applicable (Not Transported),1,Daylight,Clear,1,1,['Driver'],['None_Used'],0,0,Invalid,0.0,0.0,45.0,11.0,"['Male', 'Male']",0,0,5,4,5,Dry,Straight,Non-Trafficway,Lowest,No
14827,19,Iowa,190309,0,2,2,0,5,MARSHALLTOWN,November,11,Saturday,12,0,Urban,Medium Speed (Collector),No,42.00695556,-92.91718889,Complex/Circle,Daylight,Clear,12:00pm-12:59pm,18,12:00pm-12:59pm,23,12:00pm-12:59pm,36,1,Daylight,Clear,1,4,['Driver'],['None_Used'],0,0,Valid,0.0,0.0,87.0,77.0,"['Male', 'Male']",0,0,3,4,5,Dry,Straight,Level,Lowest,No
14828,19,Iowa,190310,0,1,1,0,2,NOT APPLICABLE,December,15,Friday,0,3,Rural,Low Speed (Local),No,43.22472778,-91.22910278,Simple Junction,Dark - Not Lighted,Clear,0:00am-0:59am,36,1:00am-1:59am,22,1:00am-1:59am,55,1,Dark - Unlighted,Clear,1,1,['Driver'],['None_Used'],1,1,Valid,1.0,0.0,32.0,32.0,['Male'],2,0,5,4,3,Loose/Unpaved,Curve,Level,Lowest,No
14829,19,Iowa,190311,0,1,1,0,1,NOT APPLICABLE,December,16,Saturday,15,58,Rural,High Speed (Arterial),Yes,41.49690556,-94.72479722,Non-Intersection,Daylight,Cloudy,Unknown,Unknown,Unknown EMS Scene Arrival Hour,Unknown EMS Scene Arrival Minutes,Not Applicable (Not Transported),Not Applicable (Not Transported),1,Daylight,Reduced Visibility,1,0,['Driver'],['Shoulder_Lapbelt'],0,0,Valid,0.0,1.0,29.0,29.0,['Male'],0,0,4,4,3,Wet/Standing Water,Straight,Level,Lowest,No
14830,19,Iowa,190312,0,2,2,0,2,NOT APPLICABLE,December,4,Monday,16,30,Rural,High Speed (Arterial),Yes,42.03380833,-93.9508,Complex/Circle,Daylight,Clear,4:00pm-4:59pm,35,4:00pm-4:59pm,40,4:00pm-4:59pm,56,1,Daylight,Clear,1,1,['Driver'],['Shoulder_Lapbelt'],0,0,Valid,0.0,1.0,24.0,16.0,"['Female', 'Male']",0,0,3,4,5,Dry,Straight,Level,Lowest,No
14831,19,Iowa,190313,0,2,2,0,3,NOT APPLICABLE,December,15,Friday,7,11,Rural,High Speed (Arterial),Yes,42.71986667,-95.15146111,Complex/Circle,Dark - Not Lighted,Other,7:00am-7:59am,11,7:00am-7:59am,22,7:00am-7:59am,42,2,Dark - Unlighted,Reduced Visibility,2,1,"['Driver', 'Front_Passenger']","['Shoulder_Lapbelt', 'Shoulder_Lapbelt']",0,0,Valid,1.0,0.0,47.0,30.0,"['Female', 'Male']",0,0,3,4,5,Wet/Standing Water,Straight,Level,Lowest,No
14832,19,Iowa,190314,0,1,1,0,1,NOT APPLICABLE,December,8,Friday,4,25,Rural,High Speed (Arterial),Yes,41.69494444,-91.69841389,Non-Intersection,Dark - Not Lighted,Cloudy,Unknown,Unknown,Unknown EMS Scene Arrival Hour,Unknown EMS Scene Arrival Minutes,Not Applicable (Not Transported),Not Applicable (Not Transported),1,Dark - Unlighted,Reduced Visibility,1,0,['Driver'],['Shoulder_Lapbelt'],0,0,Valid,0.0,0.0,55.0,55.0,['Male'],0,0,4,4,3,Dry,Straight,Level,Lowest,No
14833,19,Iowa,190315,1,1,1,0,1,WATERLOO,December,20,Wednesday,17,12,Urban,High Speed (Arterial),Yes,42.48113611,-92.32339722,Non-Intersection,Dark - Lighted,Clear,5:00pm-5:59pm,14,5:00pm-5:59pm,19,5:00pm-5:59pm,33,1,Dark - Lighted,Clear,0,1,[],[],0,0,Valid,0.0,1.0,38.0,38.0,['Male'],0,0,2,3,4,Dry,Straight,Level,Lowest,No
14834,19,Iowa,190316,0,2,2,0,2,NOT APPLICABLE,December,11,Monday,16,43,Rural,High Speed (Arterial),Yes,41.90769167,-95.34414444,Complex/Circle,Daylight,Clear,Unknown,Unknown,Unknown EMS Scene Arrival Hour,Unknown EMS Scene Arrival Minutes,Unknown,Unknown EMS Hospital Arrival Time,1,Daylight,Clear,1,1,['Driver'],['None_Used'],0,0,Valid,0.0,1.0,65.0,23.0,"['Male', 'Male']",0,0,4,4,5,Dry,Straight,Level,Lowest,No
14835,19,Iowa,190317,0,2,2,0,3,NOT APPLICABLE,December,22,Friday,6,48,Rural,High Speed (Arterial),Yes,42.08584167,-91.26915,Complex/Circle,Dark - Lighted,Cloudy,6:00am-6:59am,55,7:00am-7:59am,12,7:00am-7:59am,33,2,Dark - Lighted,Reduced Visibility,2,1,"['Driver', 'Front_Passenger']","['Shoulder_Lapbelt', 'Shoulder_Lapbelt']",0,0,Valid,0.0,0.0,81.0,77.0,"['Male', 'Female']",0,0,3,4,5,Dry,Straight,Level,Lowest,No
14836,19,Iowa,190318,0,2,2,0,2,DES MOINES,December,23,Saturday,19,22,Urban,High Speed (Arterial),Yes,41.54669167,-93.59691944,Non-Intersection,Dark - Lighted,Clear,7:00pm-7:59pm,22,7:00pm-7:59pm,28,7:00pm-7:59pm,49,1,Dark - Lighted,Clear,1,1,['Driver'],['None_Used'],0,0,Invalid,0.0,0.0,35.0,17.0,"['Male', 'Male']",1,0,2,4,5,Dry,Straight,Level,Lowest,No
14837,19,Iowa,190319,0,3,3,0,3,NOT APPLICABLE,December,25,Monday,18,30,Rural,High Speed (Arterial),Yes,41.34443889,-93.97804722,Non-Intersection,Dark - Not Lighted,Clear,Unknown,Unknown,Unknown EMS Scene Arrival Hour,Unknown EMS Scene Arrival Minutes,Unknown,Unknown EMS Hospital Arrival Time,1,Dark - Unlighted,Clear,1,2,['Driver'],['None_Used'],1,1,Valid,1.0,1.0,66.0,32.0,"['Female', 'Male', 'Male']",0,0,3,4,5,Dry,Straight,Level,Lowest,No
14838,19,Iowa,190320,0,1,1,0,5,NOT APPLICABLE,December,26,Tuesday,17,26,Rural,High Speed (Arterial),Yes,42.31135278,-93.56924444,Non-Intersection,Dark - Not Lighted,Cloudy,Unknown,Unknown,Unknown EMS Scene Arrival Hour,Unknown EMS Scene Arrival Minutes,Not Applicable (Not Transported),Not Applicable (Not Transported),1,Dark - Unlighted,Reduced Visibility,1,4,['Rear_Seat'],['None_Used'],0,0,Invalid,0.0,0.0,29.0,29.0,['Male'],0,0,3,4,3,Wet/Standing Water,Straight,Level,Lowest,Yes
14839,19,Iowa,190321,0,2,2,0,2,NOT APPLICABLE,December,11,Monday,19,5,Rural,Medium Speed (Collector),No,42.10718056,-93.97036944,Complex/Circle,Dark - Not Lighted,Clear,7:00pm-7:59pm,8,7:00pm-7:59pm,24,7:00pm-7:59pm,56,1,Dark - Unlighted,Clear,1,1,['Driver'],['Shoulder_Lapbelt'],0,0,Valid,1.0,0.0,74.0,62.0,"['Male', 'Male']",0,0,3,4,5,Dry,Straight,Level,Lowest,No
14840,19,Iowa,190322,0,1,1,0,2,DES MOINES,November,23,Thursday,1,38,Urban,Low Speed (Local),No,41.54361667,-93.60240278,Simple Junction,Dark - Not Lighted,Clear,1:00am-1:59am,40,1:00am-1:59am,49,2:00am-2:59am,16,1,Dark - Unlighted,Clear,1,1,['Front_Passenger'],['Shoulder_Lapbelt'],0,0,Invalid,0.0,0.0,46.0,46.0,['Male'],2,0,2,4,2,Dry,Curve,Level,Lowest,No
14841,19,Iowa,190323,0,2,2,0,4,NOT APPLICABLE,November,22,Wednesday,15,42,Rural,Medium Speed (Collector),No,42.63051111,-94.05004444,Complex/Circle,Daylight,Clear,3:00pm-3:59pm,44,3:00pm-3:59pm,59,4:00pm-4:59pm,55,1,Daylight,Clear,1,3,['Front_Passenger'],['Shoulder_Lapbelt'],1,1,Valid,2.0,1.0,37.0,33.0,"['Male', 'Female']",0,0,3,4,5,Dry,Straight,Level,Lowest,No
14842,19,Iowa,190324,0,2,2,0,3,NOT APPLICABLE,December,5,Tuesday,15,55,Rural,Medium Speed (Collector),No,41.73128889,-92.06556944,Complex/Circle,Daylight,Cloudy,4:00pm-4:59pm,0,4:00pm-4:59pm,27,4:00pm-4:59pm,52,1,Daylight,Reduced Visibility,1,2,['Driver'],['None_Used'],0,0,Valid,0.0,1.0,64.0,55.0,"['Male', 'Female']",2,0,2,4,5,Dry,Straight,Level,Lowest,No
14843,19,Iowa,190325,0,2,2,0,2,WATERLOO,December,22,Friday,18,0,Urban,Medium Speed (Collector),No,42.542,-92.39537778,Complex/Circle,Dark - Lighted,Clear,6:00pm-6:59pm,0,6:00pm-6:59pm,5,6:00pm-6:59pm,30,1,Dark - Lighted,Clear,1,1,['Driver'],['None_Used'],0,0,Valid,0.0,1.0,43.0,31.0,"['Male', 'Other']",0,0,3,4,5,Dry,Straight,Level,Lowest,No
14844,19,Iowa,190326,0,1,1,0,1,NOT APPLICABLE,December,31,Sunday,16,18,Rural,Medium Speed (Collector),Yes,40.87490556,-93.76758889,Non-Intersection,Daylight,Cloudy,Unknown,Unknown,Unknown EMS Scene Arrival Hour,Unknown EMS Scene Arrival Minutes,Unknown,Unknown EMS Hospital Arrival Time,1,Daylight,Reduced Visibility,1,0,['Driver'],['Shoulder_Lapbelt'],0,0,Valid,0.0,1.0,45.0,45.0,['Female'],0,0,2,4,3,Dry,Straight,Level,Lowest,No
14845,19,Iowa,190327,0,2,2,0,2,NOT APPLICABLE,December,8,Friday,13,30,Rural,High Speed (Arterial),Yes,41.83445556,-94.24142222,Complex/Circle,Daylight,Clear,Unknown,Unknown if Notified,Unknown EMS Scene Arrival Hour,Unknown if Arrived,Not Applicable (Not Transported),Not Applicable (Not Transported),1,Daylight,Clear,1,1,['Driver'],['None_Used'],0,0,Valid,1.0,0.0,64.0,56.0,"['Male', 'Male']",0,0,5,4,5,Dry,Straight,Level,Lowest,No
14846,19,Iowa,190328,1,1,1,0,1,DAVENPORT,December,23,Saturday,22,21,Urban,Low Speed (Local),No,41.52732222,-90.62196944,Non-Intersection,Dark - Not Lighted,"Fog, Smog, Smoke",10:00pm-10:59pm,23,10:00pm-10:59pm,37,10:00pm-10:59pm,56,1,Dark - Unlighted,Reduced Visibility,0,1,[],[],1,1,Valid,0.0,0.0,45.0,45.0,['Male'],0,0,3,4,4,Wet/Standing Water,Straight,Grade/Hillcrest,Lowest,No
14847,19,Iowa,190329,1,2,1,1,1,COUNCIL BLUFFS,December,24,Sunday,3,21,Urban,Low Speed (Local),No,41.25114722,-95.89065,Non-Intersection,Dark - Lighted,Rain,Unknown,Unknown if Notified,Unknown EMS Scene Arrival Hour,Unknown if Arrived,Not Applicable (Not Transported),Not Applicable (Not Transported),1,Dark - Lighted,Rain/Wind/Minor,0,1,[],[],0,0,Valid,2.0,0.0,47.0,47.0,['Female'],0,0,3,2,4,Wet/Standing Water,Straight,Level,Lowest,No