,State_Code,State_Name,Crash_ID,Count_Non_Motorists,Count_Vehicles_Total,Count_Vehicle_Forms,Count_PVH_Involved,Count_Occupants_MV,City_Name,Month_Name,Day_of_Month,Day_of_Week,Crash_Hour,Crash_Minute,Area_Rural_Urban,Road_Functional_Class,On_NHS_Road,Latitude,Longitude,Intersection_Type,Light_Condition,Weather_Condition,Notif_Hour,Notif_Minute,Arrival_Hour,Arrival_Minute,Hospital_Hour,Hospital_Minute,Fatalities_Count,Clean_Light_Condition,Clean_Weather_Condition,Total_Killed,Total_Alive,Fatal_Seats_List,Killed_Restraint_List,Any_Driver_Drinking,Total_Drinking_Drivers,Driver_License_Category,Driver_Max_Prev_Accident_Count,Driver_Max_Prev_Speeding_Count,Max_Driver_Age,Min_Driver_Age,Driver_Sex_List,Total_Exceeding_Limit_Vehicles,Total_Too_Fast_Vehicles,Max_Vehicle_Type_Severity_5,Max_Vehicle_Damage_Rank,Max_Harmful_Event_Severity,Crash_Road_Surface_Condition,Crash_Horizontal_Alignment,Crash_Vertical_Profile,Crash_Impairment_Category,Crash_Vehicle_Defect
14848,19,Iowa,190330,0,2,2,0,2,NOT APPLICABLE,December,22,Friday,18,15,Rural,Medium Speed (Collector),No,42.98803611,-96.31271944,Non-Intersection,Dark - Not Lighted,"Fog, Smog, Smoke",6:00pm-6:59pm,17,6:00pm-6:59pm,20,6:00pm-6:59pm,40,1,Dark - Unlighted,Reduced Visibility,1,1,['Driver'],['None_Used'],0,0,Valid,0.0,1.0,59.0,50.0,"['Female', 'Male']",0,0,4,4,5,Wet/Standing Water,Straight,Level,Lowest,No
14849,19,Iowa,190331,0,1,1,0,2,NOT APPLICABLE,December,23,Saturday,0,14,Rural,High Speed (Arterial),Yes,41.621225,-93.49266944,Non-Intersection,Dark - Not Lighted,Rain,Unknown,Unknown,Unknown EMS Scene Arrival Hour,Unknown EMS Scene Arrival Minutes,Not Applicable (Not Transported),Not Applicable (Not Transported),2,Dark - Unlighted,Rain/Wind/Minor,2,0,"['Driver', 'Front_Passenger']","['Shoulder_Lapbelt', 'Shoulder_Lapbelt']",1,1,Valid,0.0,0.0,22.0,22.0,['Male'],2,0,2,4,3,Wet/Standing Water,Curve,Level,Lowest,No
14850,19,Iowa,190332,0,1,1,0,1,NOT APPLICABLE,December,9,Saturday,8,48,Rural,Medium Speed (Collector),Yes,40.62773889,-93.83441944,Non-Intersection,Daylight,Cloudy,Unknown,Unknown if Notified,Unknown EMS Scene Arrival Hour,Unknown if Arrived,Not Applicable (Not Transported),Not Applicable (Not Transported),1,Daylight,Reduced Visibility,1,0,['Driver'],['Shoulder_Lapbelt'],0,0,Valid,0.0,1.0,38.0,38.0,['Male'],0,0,3,4,3,Dry,Straight,Level,Lowest,No
14851,19,Iowa,190333,0,2,2,0,2,AVOCA,November,21,Tuesday,7,55,Rural,High Speed (Arterial),Yes,41.49635556,-95.33629167,Simple Junction,Dawn,Clear,Unknown,Unknown,Unknown EMS Scene Arrival Hour,Unknown EMS Scene Arrival Minutes,Unknown,Unknown EMS Hospital Arrival Time,1,Twilight,Clear,1,1,['Driver'],['Shoulder_Lapbelt'],0,0,Valid,0.0,0.0,75.0,30.0,"['Male', 'Male']",0,0,4,4,5,Dry,Straight,Level,Lowest,No
14852,20,Kansas,200001,0,1,1,0,4,ATCHISON,January,2,Monday,2,12,Urban,Medium Speed (Collector),No,39.57085833,-95.11746389,Complex/Circle,Dark - Not Lighted,Not Reported,2:00am-2:59am,13,2:00am-2:59am,22,3:00am-3:59am,11,1,Dark - Unlighted,Clear,1,3,['Rear_Seat'],['None_Used'],0,0,Valid,1.0,2.0,22.0,22.0,['Male'],4,0,2,4,3,Dry,Straight,Grade/Hillcrest,Lowest,No
14853,20,Kansas,200002,0,2,2,0,2,LAWRENCE,January,2,Monday,1,50,Urban,Medium Speed (Collector),No,38.97231944,-95.26238056,Non-Intersection,Dark - Lighted,Not Reported,1:00am-1:59am,52,1:00am-1:59am,57,2:00am-2:59am,33,1,Dark - Lighted,Clear,1,1,['Driver'],['None_Used'],1,1,Valid,0.0,0.0,39.0,36.0,"['Female', 'Male']",1,0,2,4,5,Dry,Straight,Level,Lowest,No
14854,20,Kansas,200003,0,2,2,0,3,NOT APPLICABLE,January,1,Sunday,20,30,Rural,High Speed (Arterial),Yes,37.60856944,-99.234525,Non-Intersection,Dark - Not Lighted,Clear,8:00pm-8:59pm,34,Unknown EMS Scene Arrival Hour,Officially Cancelled,Unknown,Officially Canceled,2,Dark - Unlighted,Clear,2,1,"['Driver', 'Rear_Seat']","['None_Used', 'Child_Safety']",1,1,Invalid,1.0,1.0,40.0,38.0,"['Female', 'Male']",0,0,4,4,5,Dry,Straight,Level,Lowest,No
14855,20,Kansas,200004,0,1,1,0,6,RANDALL,January,13,Friday,7,35,Rural,Medium Speed (Collector),No,39.76893056,-98.04485833,Non-Intersection,Dawn,"Fog, Smog, Smoke",7:00am-7:59am,40,7:00am-7:59am,49,8:00am-8:59am,36,1,Twilight,Reduced Visibility,1,5,['Rear_Seat'],['None_Used'],0,0,Valid,0.0,1.0,43.0,43.0,['Female'],0,0,3,4,3,Dry,Straight,Grade/Hillcrest,Lowest,No
14856,20,Kansas,200005,0,2,2,0,3,NOT APPLICABLE,January,4,Wednesday,17,31,Rural,High Speed (Arterial),Yes,39.88516111,-95.78153889,Complex/Circle,Dusk,Cloudy,5:00pm-5:59pm,36,Unknown EMS Scene Arrival Hour,Officially Cancelled,Unknown,Officially Canceled,2,Twilight,Reduced Visibility,2,1,"['Driver', 'Front_Passenger']","['Shoulder_Lapbelt', 'Shoulder_Lapbelt']",0,0,Valid,2.0,0.0,61.0,58.0,"['Male', 'Male']",0,0,3,4,5,Dry,Straight,Grade/Hillcrest,Lowest,No
14857,20,Kansas,200006,0,2,2,0,2,NOT APPLICABLE,January,16,Monday,14,43,Rural,High Speed (Arterial),Yes,37.51321944,-95.79755556,Non-Intersection,Daylight,Not Reported,2:00pm-2:59pm,45,2:00pm-2:59pm,51,3:00pm-3:59pm,20,1,Daylight,Clear,1,1,['Driver'],['Shoulder_Lapbelt'],0,0,Valid,0.0,0.0,44.0,18.0,"['Female', 'Female']",0,0,3,4,5,Dry,Curve,Level,Lowest,No
14858,20,Kansas,200007,0,1,1,0,1,NOT APPLICABLE,January,18,Wednesday,99,99,Rural,Medium Speed (Collector),No,39.98705278,-95.39241944,Non-Intersection,Daylight,Rain,2:00pm-2:59pm,40,Unknown EMS Scene Arrival Hour,Unknown EMS Scene Arrival Minutes,Not Applicable (Not Transported),Not Applicable (Not Transported),1,Daylight,Rain/Wind/Minor,1,0,['Driver'],['None_Used'],0,0,Valid,1.0,0.0,24.0,24.0,['Male'],0,0,4,4,2,Wet/Standing Water,Straight,Grade/Hillcrest,Lowest,No
14859,20,Kansas,200008,0,1,1,0,1,NOT APPLICABLE,January,16,Monday,9,21,Rural,Medium Speed (Collector),No,37.609825,-100.12515,Non-Intersection,Daylight,Clear,9:00am-9:59am,24,9:00am-9:59am,41,Not Applicable (Not Transported),Not Applicable (Not Transported),1,Daylight,Clear,1,0,['Driver'],['None_Used'],0,0,Valid,0.0,0.0,56.0,56.0,['Female'],0,0,3,4,3,Dry,Straight,Level,Lowest,No
14860,20,Kansas,200009,0,3,3,0,9,Not Reported,January,23,Monday,20,36,Rural,High Speed (Arterial),Yes,37.34958889,-95.32388056,Non-Intersection,Dark - Not Lighted,Clear,8:00pm-8:59pm,51,9:00pm-9:59pm,10,9:00pm-9:59pm,33,2,Dark - Unlighted,Clear,2,7,"['Driver', 'Rear_Seat']","['None_Used', 'Child_Safety']",0,0,Valid,0.0,1.0,41.0,30.0,"['Female', 'Male', 'Male']",0,0,3,4,5,Dry,Curve,Level,Lowest,No
14861,20,Kansas,200010,0,2,2,0,2,NOT APPLICABLE,January,6,Friday,8,46,Rural,Medium Speed (Collector),No,37.56196389,-100.56454444,Simple Junction,Daylight,Clear,8:00am-8:59am,48,8:00am-8:59am,57,9:00am-9:59am,54,1,Daylight,Clear,1,1,['Driver'],['Shoulder_Lapbelt'],0,0,Valid,0.0,0.0,70.0,37.0,"['Female', 'Male']",0,0,4,4,5,Dry,Straight,Level,Lowest,No
14862,20,Kansas,200011,0,2,2,0,3,NOT APPLICABLE,January,9,Monday,18,57,Urban,High Speed (Arterial),Yes,39.04178889,-96.76386389,Non-Intersection,Dark - Lighted,Clear,7:00pm-7:59pm,3,7:00pm-7:59pm,3,7:00pm-7:59pm,45,2,Dark - Lighted,Clear,2,1,"['Driver', 'Front_Passenger']","['None_Used', 'Shoulder_Lapbelt']",0,0,Valid,0.0,7.0,76.0,32.0,"['Female', 'Male']",0,0,2,4,5,Dry,Straight,Level,Medium,No
14863,20,Kansas,200012,0,1,1,0,1,NOT APPLICABLE,January,16,Monday,11,0,Rural,Medium Speed (Collector),No,37.19435,-99.93482222,Non-Intersection,Daylight,Not Reported,11:00am-11:59am,4,11:00am-11:59am,14,Not Applicable (Not Transported),Not Applicable (Not Transported),1,Daylight,Clear,1,0,['Driver'],['None_Used'],0,0,Valid,0.0,4.0,42.0,42.0,['Male'],0,0,4,4,3,Dry,Straight,Level,Lowest,No
14864,20,Kansas,200013,0,2,2,0,4,NOT APPLICABLE,January,16,Monday,14,0,Rural,Low Speed (Local),No,37.30968333,-94.66860833,Complex/Circle,Daylight,Clear,2:00pm-2:59pm,8,2:00pm-2:59pm,25,Unknown,Unknown EMS Hospital Arrival Time,1,Daylight,Clear,1,3,['Driver'],['Shoulder_Lapbelt'],0,0,Valid,0.0,0.0,71.0,39.0,"['Male', 'Male']",0,0,3,4,5,Dry,Straight,Level,Lowest,No
14865,20,Kansas,200014,0,2,2,0,3,WICHITA,January,26,Thursday,8,25,Urban,Medium Speed (Collector),No,37.66116944,-97.32633056,Non-Intersection,Daylight,Clear,8:00am-8:59am,26,8:00am-8:59am,32,Not Applicable (Not Transported),Not Applicable (Not Transported),1,Daylight,Clear,1,2,['Driver'],['Shoulder_Lapbelt'],0,0,Invalid,1.0,0.0,67.0,59.0,"['Male', 'Female']",2,0,2,4,5,Dry,Straight,Level,Lowest,No
14866,20,Kansas,200015,0,2,2,0,2,NOT APPLICABLE,January,31,Tuesday,1,29,Rural,High Speed (Arterial),Yes,38.73843056,-94.83940278,Complex/Circle,Dark - Not Lighted,Not Reported,1:00am-1:59am,32,1:00am-1:59am,40,2:00am-2:59am,19,1,Dark - Unlighted,Clear,1,1,['Driver'],['None_Used'],1,1,Valid,0.0,0.0,58.0,46.0,"['Male', 'Male']",0,0,4,4,5,Dry,Straight,Grade/Hillcrest,Lowest,No
14867,20,Kansas,200016,0,2,2,0,2,NOT APPLICABLE,January,31,Tuesday,18,13,Rural,High Speed (Arterial),Yes,37.610675,-95.892325,Non-Intersection,Dark - Not Lighted,Not Reported,6:00pm-6:59pm,19,6:00pm-6:59pm,25,6:00pm-6:59pm,46,1,Dark - Unlighted,Clear,1,1,['Driver'],['Shoulder_Lapbelt'],1,1,Valid,0.0,1.0,54.0,23.0,"['Male', 'Male']",0,0,3,4,5,Dry,Curve,Level,Lowest,No
14868,20,Kansas,200017,0,2,2,0,3,NOT APPLICABLE,January,12,Thursday,19,30,Rural,High Speed (Arterial),Yes,37.79618889,-97.13551667,Complex/Circle,Dark - Lighted,Clear,7:00pm-7:59pm,35,7:00pm-7:59pm,50,Unknown,Unknown EMS Hospital Arrival Time,2,Dark - Lighted,Clear,2,1,"['Driver', 'Front_Passenger']","['None_Used', 'None_Used']",0,0,Valid,1.0,0.0,43.0,35.0,"['Male', 'Male']",0,0,3,4,5,Dry,Straight,Level,Lowest,No
14869,20,Kansas,200018,0,1,1,0,1,TOPEKA,January,19,Thursday,23,31,Urban,High Speed (Arterial),Yes,39.03959444,-95.68298889,Non-Intersection,Dark - Lighted,Not Reported,11:00pm-11:59pm,40,11:00pm-11:59pm,43,0:00am-0:59am,4,1,Dark - Lighted,Clear,1,0,['Driver'],['None_Used'],0,0,Invalid,0.0,0.0,21.0,21.0,['Female'],0,0,2,4,3,Dry,Straight,Level,Lowest,No
14870,20,Kansas,200019,0,2,2,0,4,OVERLAND PARK,January,26,Thursday,7,44,Urban,High Speed (Arterial),Yes,38.940075,-94.70485556,Non-Intersection,Daylight,Not Reported,7:00am-7:59am,45,7:00am-7:59am,50,Not Applicable (Not Transported),Not Applicable (Not Transported),2,Daylight,Clear,2,2,"['Driver', 'Front_Passenger']","['None_Used', 'None_Used']",0,0,Invalid,2.0,4.0,35.0,26.0,"['Male', 'Male']",0,0,3,4,5,Dry,Straight,Level,Lowest,No
14871,20,Kansas,200020,0,1,1,0,1,WICHITA,January,29,Sunday,7,41,Urban,High Speed (Arterial),Yes,37.67899722,-97.32678333,Non-Intersection,Daylight,Not Reported,7:00am-7:59am,42,7:00am-7:59am,51,Not Applicable (Not Transported),Not Applicable (Not Transported),1,Daylight,Clear,1,0,['Driver'],['Shoulder_Lapbelt'],1,1,Invalid,0.0,0.0,22.0,22.0,['Female'],0,0,2,4,3,Dry,Straight,Level,Lowest,No
14872,20,Kansas,200021,0,1,1,0,1,NOT APPLICABLE,January,29,Sunday,3,44,Rural,Medium Speed (Collector),No,38.59210278,-95.10236389,Non-Intersection,Dark - Not Lighted,Not Reported,Unknown,Unknown if Notified,Unknown EMS Scene Arrival Hour,Unknown if Arrived,Not Applicable (Not Transported),Not Applicable (Not Transported),1,Dark - Unlighted,Clear,1,0,['Driver'],['Shoulder_Lapbelt'],1,1,Valid,0.0,0.0,23.0,23.0,['Male'],0,0,3,4,3,Dry,Straight,Grade/Hillcrest,Lowest,No
14873,20,Kansas,200022,0,1,1,0,1,NOT APPLICABLE,February,1,Wednesday,21,55,Urban,Medium Speed (Collector),No,38.150675,-98.08731667,Non-Intersection,Dark - Not Lighted,Not Reported,10:00pm-10:59pm,1,10:00pm-10:59pm,19,Not Applicable (Not Transported),Not Applicable (Not Transported),1,Dark - Unlighted,Clear,1,0,['Driver'],['None_Used'],1,1,Invalid,1.0,0.0,45.0,45.0,['Female'],0,0,3,4,3,Dry,Curve,Level,Lowest,No
14874,20,Kansas,200023,0,2,2,0,3,NOT APPLICABLE,February,4,Saturday,18,53,Rural,High Speed (Arterial),Yes,39.46461111,-100.76298611,Non-Intersection,Dark - Not Lighted,Clear,6:00pm-6:59pm,59,7:00pm-7:59pm,17,7:00pm-7:59pm,45,2,Dark - Unlighted,Clear,2,1,"['Driver', 'Driver']","['None_Used', 'Shoulder_Lapbelt']",1,1,Valid,0.0,0.0,75.0,25.0,"['Male', 'Male']",0,0,3,4,5,Dry,Curve,Level,Lowest,No
14875,20,Kansas,200024,0,2,2,0,2,KANSAS CITY,February,1,Wednesday,4,55,Urban,High Speed (Arterial),Yes,39.10594722,-94.69885556,Non-Intersection,Dark - Not Lighted,Not Reported,5:00am-5:59am,0,5:00am-5:59am,8,5:00am-5:59am,34,1,Dark - Unlighted,Clear,1,1,['Driver'],['Shoulder_Lapbelt'],0,0,Invalid,0.0,1.0,47.0,40.0,"['Male', 'Male']",0,0,3,4,5,Dry,Curve,Level,Lowest,No
14876,20,Kansas,200025,0,1,1,0,1,NOT APPLICABLE,February,9,Thursday,10,5,Rural,Low Speed (Local),No,38.72447778,-95.82683611,Non-Intersection,Daylight,Clear,10:00am-10:59am,14,10:00am-10:59am,23,Not Applicable (Not Transported),Not Applicable (Not Transported),1,Daylight,Clear,1,0,['Front_Passenger'],['Shoulder_Lapbelt'],0,0,Valid,0.0,0.0,49.0,34.0,Other,0,0,3,4,4,Dry,Straight,Grade/Hillcrest,Lowest,No
14877,20,Kansas,200026,0,2,2,0,3,NOT APPLICABLE,February,2,Thursday,17,50,Rural,High Speed (Arterial),Yes,37.6639,-97.64336944,Complex/Circle,Dark - Not Lighted,Not Reported,5:00pm-5:59pm,56,6:00pm-6:59pm,2,6:00pm-6:59pm,46,1,Dark - Unlighted,Clear,1,2,['Driver'],['Shoulder_Lapbelt'],1,1,Valid,1.0,0.0,24.0,16.0,"['Male', 'Male']",0,0,4,4,5,Dry,Straight,Level,Lowest,No
14878,20,Kansas,200027,0,1,1,0,1,NOT APPLICABLE,February,15,Wednesday,14,51,Rural,Medium Speed (Collector),No,38.37468333,-94.89929167,Non-Intersection,Daylight,Not Reported,2:00pm-2:59pm,51,3:00pm-3:59pm,12,Unknown,Unknown if Transported,1,Daylight,Clear,1,0,['Driver'],['Shoulder_Lapbelt'],0,0,Valid,1.0,0.0,60.0,60.0,['Female'],0,0,3,4,2,Dry,Straight,Grade/Hillcrest,Lowest,No
14879,20,Kansas,200028,0,1,1,0,5,NOT APPLICABLE,February,12,Sunday,2,35,Rural,High Speed (Arterial),Yes,37.21233889,-100.87161111,Non-Intersection,Dark - Not Lighted,Clear,2:00am-2:59am,40,2:00am-2:59am,53,3:00am-3:59am,28,1,Dark - Unlighted,Clear,1,4,['Front_Passenger'],['None_Used'],0,0,Valid,1.0,0.0,17.0,17.0,['Male'],0,0,3,4,3,Dry,Curve,Grade/Hillcrest,Lowest,No
14880,20,Kansas,200029,0,1,1,0,4,NOT APPLICABLE,February,5,Sunday,14,51,Rural,Medium Speed (Collector),No,37.63184167,-95.74480833,Non-Intersection,Daylight,Not Reported,2:00pm-2:59pm,51,3:00pm-3:59pm,2,4:00pm-4:59pm,24,1,Daylight,Clear,1,3,['Driver'],['None_Used'],0,0,Valid,0.0,0.0,24.0,24.0,['Female'],4,0,3,4,3,Dry,Curve,Level,Lowest,No
14881,20,Kansas,200030,0,1,1,0,1,NOT APPLICABLE,January,2,Monday,21,14,Rural,Medium Speed (Collector),No,38.91598889,-97.61188611,Simple Junction,Dark - Not Lighted,"Fog, Smog, Smoke",9:00pm-9:59pm,16,9:00pm-9:59pm,25,Not Applicable (Not Transported),Not Applicable (Not Transported),1,Dark - Unlighted,Reduced Visibility,1,0,['Driver'],['Shoulder_Lapbelt'],0,0,Valid,0.0,0.0,36.0,36.0,['Male'],1,0,4,4,2,Wet/Standing Water,Curve,Level,Lowest,No
14882,20,Kansas,200031,0,1,1,0,1,NOT APPLICABLE,February,18,Saturday,3,25,Rural,High Speed (Arterial),Yes,39.67584444,-100.31655278,Non-Intersection,Dark - Not Lighted,Clear,3:00am-3:59am,38,4:00am-4:59am,10,Not Applicable (Not Transported),Not Applicable (Not Transported),1,Dark - Unlighted,Clear,1,0,['Driver'],['None_Used'],1,1,Valid,1.0,1.0,26.0,26.0,['Female'],0,0,3,4,3,Dry,Curve,Grade/Hillcrest,Lowest,No
14883,20,Kansas,200032,0,2,2,0,3,NOT APPLICABLE,February,16,Thursday,6,50,Rural,Medium Speed (Collector),No,38.69582222,-94.92656944,Non-Intersection,Dark - Not Lighted,Other,6:00am-6:59am,52,7:00am-7:59am,15,8:00am-8:59am,54,1,Dark - Unlighted,Reduced Visibility,1,2,['Driver'],['Shoulder_Lapbelt'],0,0,Valid,1.0,2.0,31.0,23.0,"['Female', 'Male']",1,0,3,4,5,Icy/Snowy,Curve,Grade/Hillcrest,Lowest,No
14884,20,Kansas,200034,0,1,1,0,2,WINFIELD,February,18,Saturday,23,12,Urban,Medium Speed (Collector),No,37.21590833,-96.99836667,Non-Intersection,Dark - Not Lighted,Not Reported,11:00pm-11:59pm,24,11:00pm-11:59pm,24,11:00pm-11:59pm,42,1,Dark - Unlighted,Clear,1,1,['Front_Passenger'],['None_Used'],0,0,Invalid,0.0,0.0,41.0,41.0,['Male'],2,0,2,4,3,Dry,Straight,Grade/Hillcrest,Lowest,No
14885,20,Kansas,200035,0,2,2,0,2,NOT APPLICABLE,March,2,Thursday,7,48,Rural,High Speed (Arterial),Yes,37.338475,-94.66837778,Complex/Circle,Daylight,Cloudy,7:00am-7:59am,54,8:00am-8:59am,1,Not Applicable (Not Transported),Not Applicable (Not Transported),1,Daylight,Reduced Visibility,1,1,['Driver'],['Shoulder_Lapbelt'],0,0,Valid,0.0,0.0,59.0,21.0,"['Male', 'Male']",0,0,4,4,5,Dry,Straight,Level,Lowest,No
14886,20,Kansas,200036,0,1,1,0,4,PAXICO,February,24,Friday,15,45,Rural,High Speed (Arterial),Yes,39.058425,-96.16625278,Non-Intersection,Daylight,Sleet or Hail,3:00pm-3:59pm,54,4:00pm-4:59pm,21,Unknown,Unknown EMS Hospital Arrival Time,1,Daylight,Snow/Ice/Severe,1,3,['Front_Passenger'],['None_Used'],0,0,Invalid,0.0,0.0,32.0,32.0,['Male'],4,0,3,4,3,Icy/Snowy,Curve,Level,Lowest,No
14887,20,Kansas,200037,0,2,2,0,2,PARTRIDGE,February,25,Saturday,12,43,Rural,High Speed (Arterial),Yes,37.96573889,-98.08761111,Complex/Circle,Daylight,Not Reported,12:00pm-12:59pm,45,12:00pm-12:59pm,54,Not Applicable (Not Transported),Not Applicable (Not Transported),1,Daylight,Clear,1,1,['Driver'],['Shoulder_Lapbelt'],0,0,Valid,0.0,1.0,75.0,30.0,"['Male', 'Male']",0,0,4,4,5,Dry,Straight,Level,Lowest,No
14888,20,Kansas,200038,0,1,1,0,1,NOT APPLICABLE,February,11,Saturday,16,28,Rural,High Speed (Arterial),Yes,39.06375278,-96.44301111,Non-Intersection,Daylight,Not Reported,4:00pm-4:59pm,31,4:00pm-4:59pm,47,Not Applicable (Not Transported),Not Applicable (Not Transported),1,Daylight,Clear,1,0,['Driver'],['None_Used'],0,0,Valid,0.0,0.0,60.0,60.0,['Male'],0,0,3,4,3,Dry,Straight,Level,Lowest,No
14889,20,Kansas,200039,0,1,1,0,1,NOT APPLICABLE,February,13,Monday,21,35,Rural,High Speed (Arterial),Yes,38.38534444,-96.26068333,Non-Intersection,Dark - Not Lighted,Clear,9:00pm-9:59pm,37,9:00pm-9:59pm,50,10:00pm-10:59pm,20,1,Dark - Unlighted,Clear,1,0,['Driver'],['Shoulder_Lapbelt'],0,0,Valid,0.0,0.0,60.0,60.0,['Male'],0,0,2,4,3,Dry,Straight,Level,Medium,No
14890,20,Kansas,200040,0,1,1,0,1,KANSAS CITY,March,6,Monday,3,12,Urban,High Speed (Arterial),Yes,39.10901667,-94.60833611,Non-Intersection,Dark - Lighted,Not Reported,Not Applicable (Not Notified),Not Applicable (Not Notified),Not Applicable,Not Applicable,Not Applicable (Not Transported),Not Applicable (Not Transported),1,Dark - Lighted,Clear,1,0,['Driver'],['None_Used'],1,1,Invalid,0.0,0.0,28.0,28.0,['Male'],1,0,5,4,2,Dry,Curve,Level,Lowest,No
14891,20,Kansas,200041,0,1,1,0,1,NOT APPLICABLE,February,20,Monday,16,40,Rural,Medium Speed (Collector),No,39.00768611,-97.16693333,Non-Intersection,Daylight,Not Reported,5:00pm-5:59pm,10,5:00pm-5:59pm,21,5:00pm-5:59pm,50,1,Daylight,Clear,1,0,['Driver'],['None_Used'],0,0,Valid,0.0,0.0,56.0,56.0,['Male'],0,0,3,4,3,Dry,Straight,Level,Medium,No
14892,20,Kansas,200042,0,2,2,0,3,NOT APPLICABLE,February,23,Thursday,9,46,Rural,High Speed (Arterial),Yes,37.88175,-97.71988611,Complex/Circle,Daylight,Clear,9:00am-9:59am,49,9:00am-9:59am,53,10:00am-10:59am,55,1,Daylight,Clear,1,2,['Front_Passenger'],['Shoulder_Lapbelt'],0,0,Valid,1.0,0.0,57.0,27.0,"['Male', 'Male']",0,0,1,4,5,Dry,Straight,Level,Lowest,No
14893,20,Kansas,200043,0,2,2,0,2,PARK CITY,February,24,Friday,15,13,Urban,High Speed (Arterial),Yes,37.861575,-97.32624722,Non-Intersection,Daylight,Other,3:00pm-3:59pm,17,3:00pm-3:59pm,32,Not Applicable (Not Transported),Not Applicable (Not Transported),1,Daylight,Reduced Visibility,1,1,['Driver'],['Shoulder_Lapbelt'],0,0,Valid,2.0,1.0,58.0,26.0,"['Female', 'Male']",0,0,4,4,5,Dry,Straight,Level,Lowest,No
14894,20,Kansas,200044,0,1,1,0,1,LENEXA,February,28,Tuesday,23,30,Urban,High Speed (Arterial),Yes,38.93403056,-94.75234722,Non-Intersection,Dark - Not Lighted,Not Reported,11:00pm-11:59pm,40,11:00pm-11:59pm,48,Not Applicable (Not Transported),Not Applicable (Not Transported),1,Dark - Unlighted,Clear,1,0,['Driver'],['None_Used'],0,0,Valid,0.0,0.0,33.0,33.0,['Male'],1,0,2,4,3,Dry,Straight,Grade/Hillcrest,Lowest,Yes
14895,20,Kansas,200045,1,1,1,0,1,GARDNER,February,23,Thursday,7,46,Urban,Medium Speed (Collector),No,38.81802222,-94.936325,Complex/Circle,Daylight,Not Reported,7:00am-7:59am,46,7:00am-7:59am,51,8:00am-8:59am,23,1,Daylight,Clear,0,1,[],[],0,0,Valid,0.0,0.0,18.0,18.0,['Male'],0,0,3,3,4,Dry,Straight,Level,Lowest,No
14896,20,Kansas,200046,0,2,2,0,2,NOT APPLICABLE,March,10,Friday,13,5,Rural,Medium Speed (Collector),No,38.11061389,-97.34515833,Non-Intersection,Daylight,Clear,1:00pm-1:59pm,11,1:00pm-1:59pm,20,1:00pm-1:59pm,43,1,Daylight,Clear,1,1,['Driver'],['Shoulder_Lapbelt'],0,0,Valid,0.0,2.0,40.0,19.0,"['Female', 'Female']",0,0,3,4,5,Dry,Straight,Level,Lowest,No
14897,20,Kansas,200047,0,1,1,0,2,MANKATO,February,4,Saturday,23,56,Urban,Low Speed (Local),No,39.78554167,-98.21394167,Non-Intersection,Dark - Lighted,Not Reported,0:00am-0:59am,0,0:00am-0:59am,6,0:00am-0:59am,15,1,Dark - Lighted,Clear,1,1,['Front_Passenger'],['None_Used'],1,1,Valid,0.0,1.0,18.0,18.0,['Male'],2,0,3,4,3,Dry,Curve,Level,Lowest,No
14898,20,Kansas,200048,0,2,2,0,2,NOT APPLICABLE,February,15,Wednesday,21,2,Rural,High Speed (Arterial),Yes,38.89301111,-95.68385,Non-Intersection,Dark - Not Lighted,Clear,9:00pm-9:59pm,7,9:00pm-9:59pm,15,9:00pm-9:59pm,39,1,Dark - Unlighted,Clear,1,1,['Driver'],['Shoulder_Lapbelt'],1,1,Valid,0.0,1.0,40.0,16.0,"['Male', 'Female']",0,0,2,4,5,Dry,Straight,Level,Lowest,No
14899,20,Kansas,200049,1,2,1,1,1,NOT APPLICABLE,March,6,Monday,22,10,Rural,High Speed (Arterial),Yes,38.34065,-96.29547778,Non-Intersection,Dark - Not Lighted,Not Reported,10:00pm-10:59pm,16,10:00pm-10:59pm,30,10:00pm-10:59pm,52,1,Dark - Unlighted,Clear,1,0,['Driver'],['Shoulder_Lapbelt'],0,0,Valid,0.0,0.0,35.0,35.0,['Male'],0,0,4,4,5,Dry,Straight,Level,Lowest,No
14900,20,Kansas,200050,0,1,1,0,3,NOT APPLICABLE,March,6,Monday,15,5,Rural,Medium Speed (Collector),No,38.34813056,-97.05870833,Non-Intersection,Daylight,Severe Crosswinds,3:00pm-3:59pm,10,3:00pm-3:59pm,15,4:00pm-4:59pm,46,1,Daylight,Rain/Wind/Minor,1,2,['Rear_Seat'],['Child_Safety'],0,0,Valid,0.0,0.0,15.0,15.0,['Male'],0,0,2,4,3,Dry,Straight,Grade/Hillcrest,Lowest,No
14901,20,Kansas,200051,0,2,2,0,2,NOT APPLICABLE,March,13,Monday,16,14,Rural,High Speed (Arterial),Yes,38.00375,-100.843775,Non-Intersection,Daylight,Not Reported,4:00pm-4:59pm,15,4:00pm-4:59pm,19,4:00pm-4:59pm,54,1,Daylight,Clear,1,1,['Driver'],['Shoulder_Lapbelt'],0,0,Valid,0.0,0.0,35.0,16.0,"['Male', 'Female']",0,0,4,4,5,Dry,Curve,Level,Lowest,No
14902,20,Kansas,200052,0,1,1,0,1,LENEXA,March,16,Thursday,19,18,Urban,High Speed (Arterial),Yes,38.97979722,-94.71208333,Non-Intersection,Dark - Lighted,Rain,7:00pm-7:59pm,20,7:00pm-7:59pm,26,8:00pm-8:59pm,13,1,Dark - Lighted,Rain/Wind/Minor,1,0,['Driver'],['None_Used'],0,0,Valid,0.0,0.0,64.0,64.0,['Male'],1,0,3,4,3,Wet/Standing Water,Curve,Grade/Hillcrest,Lowest,No
14903,20,Kansas,200053,0,1,1,0,1,NOT APPLICABLE,March,15,Wednesday,22,5,Rural,Medium Speed (Collector),No,39.12935,-95.59090278,Non-Intersection,Dark - Not Lighted,Clear,10:00pm-10:59pm,15,10:00pm-10:59pm,22,11:00pm-11:59pm,26,1,Dark - Unlighted,Clear,1,0,['Driver'],['Shoulder_Lapbelt'],1,1,Valid,0.0,0.0,49.0,49.0,['Male'],0,0,2,4,3,Dry,Curve,Level,Lowest,No