,State_Code,State_Name,Crash_ID,Count_Non_Motorists,Count_Vehicles_Total,Count_Vehicle_Forms,Count_PVH_Involved,Count_Occupants_MV,City_Name,Month_Name,Day_of_Month,Day_of_Week,Crash_Hour,Crash_Minute,Area_Rural_Urban,Road_Functional_Class,On_NHS_Road,Latitude,Longitude,Intersection_Type,Light_Condition,Weather_Condition,Notif_Hour,Notif_Minute,Arrival_Hour,Arrival_Minute,Hospital_Hour,Hospital_Minute,Fatalities_Count,Clean_Light_Condition,Clean_Weather_Condition,Total_Killed,Total_Alive,Fatal_Seats_List,Killed_Restraint_List,Any_Driver_Drinking,Total_Drinking_Drivers,Driver_License_Category,Driver_Max_Prev_Accident_Count,Driver_Max_Prev_Speeding_Count,Max_Driver_Age,Min_Driver_Age,Driver_Sex_List,Total_Exceeding_Limit_Vehicles,Total_Too_Fast_Vehicles,Max_Vehicle_Type_Severity_5,Max_Vehicle_Damage_Rank,Max_Harmful_Event_Severity,Crash_Road_Surface_Condition,Crash_Horizontal_Alignment,Crash_Vertical_Profile,Crash_Impairment_Category,Crash_Vehicle_Defect
14904,20,Kansas,200054,0,2,2,0,2,NOT APPLICABLE,March,5,Sunday,20,55,Urban,Medium Speed (Collector),No,37.72306111,-97.11688889,Complex/Circle,Dark - Not Lighted,Not Reported,8:00pm-8:59pm,58,9:00pm-9:59pm,3,Not Applicable (Not Transported),Not Applicable (Not Transported),1,Dark - Unlighted,Clear,1,1,['Driver'],['None_Used'],1,1,Valid,2.0,8.0,32.0,23.0,"['Female', 'Male']",0,0,5,4,5,Dry,Straight,Level,Lowest,No
14905,20,Kansas,200055,0,2,2,0,3,NOT APPLICABLE,March,17,Friday,14,49,Rural,High Speed (Arterial),Yes,37.77978611,-98.50666111,Non-Intersection,Daylight,Cloudy,2:00pm-2:59pm,51,3:00pm-3:59pm,2,Not Applicable (Not Transported),Not Applicable (Not Transported),3,Daylight,Reduced Visibility,3,0,"['Driver', 'Driver', 'Front_Passenger']","['Shoulder_Lapbelt', 'Shoulder_Lapbelt', 'Shoulder_Lapbelt']",0,0,Valid,1.0,1.0,32.0,30.0,"['Male', 'Male']",0,0,2,4,5,Dry,Straight,Level,Lowest,No
14906,20,Kansas,200056,0,2,2,0,2,NOT APPLICABLE,March,17,Friday,18,48,Urban,Medium Speed (Collector),No,39.39704167,-101.05518889,Complex/Circle,Daylight,Clear,6:00pm-6:59pm,50,6:00pm-6:59pm,58,7:00pm-7:59pm,15,1,Daylight,Clear,1,1,['Driver'],['None_Used'],0,0,Valid,0.0,0.0,69.0,17.0,"['Male', 'Male']",0,0,4,4,5,Dry,Straight,Level,Lowest,No
14907,20,Kansas,200057,0,2,2,0,2,NOT APPLICABLE,March,20,Monday,8,35,Rural,Medium Speed (Collector),No,37.51440556,-94.89293611,Non-Intersection,Daylight,Not Reported,8:00am-8:59am,42,8:00am-8:59am,51,9:00am-9:59am,41,1,Daylight,Clear,1,1,['Driver'],['Shoulder_Lapbelt'],0,0,Valid,0.0,2.0,69.0,43.0,"['Female', 'Female']",0,0,3,4,5,Dry,Straight,Grade/Hillcrest,Lowest,No
14908,20,Kansas,200058,0,1,1,0,1,NOT APPLICABLE,March,23,Thursday,14,45,Rural,Medium Speed (Collector),No,38.36226944,-98.59984167,Non-Intersection,Daylight,Not Reported,2:00pm-2:59pm,48,2:00pm-2:59pm,53,3:00pm-3:59pm,20,1,Daylight,Clear,1,0,['Driver'],['None_Used'],0,0,Valid,1.0,0.0,83.0,83.0,['Male'],0,0,3,4,2,Dry,Straight,Level,Lowest,No
14909,20,Kansas,200059,0,1,1,0,1,HUTCHINSON,March,17,Friday,3,30,Rural,Medium Speed (Collector),No,38.05726111,-98.31329444,Non-Intersection,Dark - Not Lighted,Not Reported,4:00am-4:59am,58,5:00am-5:59am,22,Not Applicable (Not Transported),Not Applicable (Not Transported),1,Dark - Unlighted,Clear,1,0,['Driver'],['None_Used'],0,0,Valid,0.0,0.0,17.0,17.0,['Male'],0,0,2,4,3,Dry,Straight,Level,Lowest,No
14910,20,Kansas,200060,1,1,1,0,1,TOPEKA,February,19,Sunday,18,32,Urban,Low Speed (Local),No,39.03313889,-95.72473889,Complex/Circle,Dark - Lighted,Not Reported,6:00pm-6:59pm,33,6:00pm-6:59pm,36,6:00pm-6:59pm,56,1,Dark - Lighted,Clear,0,1,[],[],0,0,Valid,0.0,0.0,71.0,71.0,['Female'],0,0,2,2,4,Dry,Straight,Grade/Hillcrest,Lowest,No
14911,20,Kansas,200061,0,2,2,0,4,NOT APPLICABLE,March,21,Tuesday,20,25,Rural,High Speed (Arterial),Yes,38.289675,-98.20191667,Complex/Circle,Dark - Lighted,Clear,8:00pm-8:59pm,29,8:00pm-8:59pm,37,8:00pm-8:59pm,55,1,Dark - Lighted,Clear,1,3,['Front_Passenger'],['Shoulder_Lapbelt'],0,0,Valid,0.0,0.0,50.0,33.0,"['Female', 'Female']",0,0,3,4,5,Dry,Straight,Level,Lowest,No
14912,20,Kansas,200063,0,1,1,0,1,NOT APPLICABLE,March,23,Thursday,15,19,Rural,High Speed (Arterial),Yes,38.66385,-95.17358056,Non-Intersection,Daylight,Cloudy,3:00pm-3:59pm,22,3:00pm-3:59pm,33,Not Applicable (Not Transported),Not Applicable (Not Transported),1,Daylight,Reduced Visibility,1,0,['Driver'],['None_Used'],0,0,Valid,1.0,0.0,20.0,20.0,['Male'],0,0,3,4,3,Dry,Straight,Level,Lowest,No
14913,20,Kansas,200065,0,2,2,0,3,SALINA,February,15,Wednesday,1,5,Urban,High Speed (Arterial),Yes,38.76309167,-97.61785278,Non-Intersection,Dark - Not Lighted,Cloudy,1:00am-1:59am,12,1:00am-1:59am,20,1:00am-1:59am,45,1,Dark - Unlighted,Reduced Visibility,1,2,['Front_Passenger'],['Shoulder_Lapbelt'],1,1,Valid,0.0,0.0,41.0,20.0,"['Female', 'Male']",0,0,3,4,5,Dry,Straight,Level,Lowest,No
14914,20,Kansas,200066,0,2,2,0,4,NOT APPLICABLE,March,25,Saturday,20,57,Rural,High Speed (Arterial),Yes,37.85196667,-100.47572222,Non-Intersection,Dark - Not Lighted,Clear,9:00pm-9:59pm,10,9:00pm-9:59pm,24,Not Applicable (Not Transported),Not Applicable (Not Transported),1,Dark - Unlighted,Clear,1,3,['Driver'],['None_Used'],0,0,Invalid,1.0,0.0,44.0,37.0,"['Male', 'Male']",0,0,3,4,5,Dry,Straight,Level,Lowest,No
14915,20,Kansas,200067,1,4,3,1,7,OVERLAND PARK,March,31,Friday,18,52,Urban,High Speed (Arterial),Yes,38.95255,-94.70542778,Non-Intersection,Daylight,Severe Crosswinds,6:00pm-6:59pm,53,6:00pm-6:59pm,58,7:00pm-7:59pm,41,1,Daylight,Rain/Wind/Minor,1,6,['Driver'],['Shoulder_Lapbelt'],0,0,Valid,0.0,0.0,79.0,30.0,"['Female', 'Male', 'Female']",0,0,3,4,5,Dry,Curve,Level,Lowest,No
14916,20,Kansas,200068,0,1,1,0,3,WICHITA,February,19,Sunday,17,16,Urban,Medium Speed (Collector),No,37.62080556,-97.58384444,Non-Intersection,Daylight,Not Reported,5:00pm-5:59pm,17,5:00pm-5:59pm,23,6:00pm-6:59pm,21,1,Daylight,Clear,1,2,['Rear_Seat'],['Shoulder_Lapbelt'],1,1,Valid,1.0,2.0,32.0,32.0,['Female'],3,0,3,4,3,Dry,Straight,Level,Lowest,No
14917,20,Kansas,200069,0,2,2,0,3,VALLEY CENTER,April,5,Wednesday,19,15,Urban,Medium Speed (Collector),No,37.831,-97.37206944,Non-Intersection,Daylight,Not Reported,7:00pm-7:59pm,19,7:00pm-7:59pm,29,8:00pm-8:59pm,2,1,Daylight,Clear,1,2,['Driver'],['Shoulder_Lapbelt'],0,0,Invalid,0.0,0.0,51.0,28.0,"['Female', 'Male']",0,0,3,4,5,Dry,Straight,Level,Lowest,No
14918,20,Kansas,200070,0,2,2,0,3,WICHITA,March,18,Saturday,1,48,Urban,Medium Speed (Collector),No,37.51688611,-97.33400278,Non-Intersection,Dark - Not Lighted,Not Reported,2:00am-2:59am,9,2:00am-2:59am,17,2:00am-2:59am,47,1,Dark - Unlighted,Clear,1,2,['Driver'],['Shoulder_Lapbelt'],0,0,Valid,0.0,1.0,61.0,28.0,"['Female', 'Male']",0,0,3,4,5,Dry,Straight,Level,Lowest,No
14919,20,Kansas,200071,0,2,2,0,3,NOT APPLICABLE,April,3,Monday,15,22,Urban,Medium Speed (Collector),No,37.52789722,-97.33398333,Non-Intersection,Daylight,Not Reported,3:00pm-3:59pm,23,3:00pm-3:59pm,34,4:00pm-4:59pm,45,2,Daylight,Clear,2,1,"['Driver', 'Front_Passenger']","['None_Used', 'None_Used']",0,0,Valid,0.0,0.0,67.0,57.0,"['Male', 'Female']",0,0,4,4,5,Dry,Straight,Level,Lowest,No
14920,20,Kansas,200072,0,2,2,0,2,ELLSWORTH,March,22,Wednesday,9,32,Rural,High Speed (Arterial),Yes,38.74009722,-98.21561389,Complex/Circle,Daylight,"Fog, Smog, Smoke",9:00am-9:59am,31,9:00am-9:59am,35,10:00am-10:59am,6,1,Daylight,Reduced Visibility,1,1,['Driver'],['None_Used'],0,0,Valid,0.0,0.0,70.0,39.0,"['Male', 'Male']",0,0,4,4,5,Dry,Straight,Level,Lowest,No
14921,20,Kansas,200073,0,1,1,0,1,NOT APPLICABLE,March,19,Sunday,7,55,Rural,Medium Speed (Collector),No,39.76932778,-96.60601111,Non-Intersection,Daylight,Not Reported,7:00am-7:59am,59,8:00am-8:59am,10,Not Applicable (Not Transported),Not Applicable (Not Transported),1,Daylight,Clear,1,0,['Driver'],['Shoulder_Lapbelt'],0,0,Valid,0.0,0.0,25.0,25.0,['Male'],0,0,3,4,3,Dry,Straight,Grade/Hillcrest,Lowest,No
14922,20,Kansas,200074,0,1,1,0,1,NOT APPLICABLE,April,3,Monday,16,37,Rural,Medium Speed (Collector),No,37.67345278,-95.106275,Non-Intersection,Daylight,Not Reported,Unknown,Unknown if Notified,Unknown EMS Scene Arrival Hour,Unknown if Arrived,Not Applicable (Not Transported),Not Applicable (Not Transported),1,Daylight,Clear,1,0,['Driver'],['None_Used'],0,0,Valid,0.0,0.0,62.0,62.0,['Male'],0,0,3,4,2,Dry,Straight,Grade/Hillcrest,Lowest,No
14923,20,Kansas,200075,0,1,1,0,1,NOT APPLICABLE,March,30,Thursday,23,30,Rural,Medium Speed (Collector),No,37.01315833,-97.08392778,Non-Intersection,Dark - Not Lighted,Rain,11:00pm-11:59pm,56,0:00am-0:59am,5,Not Applicable (Not Transported),Not Applicable (Not Transported),1,Dark - Unlighted,Rain/Wind/Minor,1,0,['Driver'],['None_Used'],0,0,Valid,0.0,0.0,74.0,74.0,['Male'],0,0,2,4,3,Wet/Standing Water,Straight,Level,Lowest,No
14924,20,Kansas,200076,1,1,1,0,1,AUGUSTA,March,20,Monday,20,2,Urban,High Speed (Arterial),Yes,37.67838889,-96.98016389,Non-Intersection,Dark - Lighted,Rain,8:00pm-8:59pm,7,8:00pm-8:59pm,11,8:00pm-8:59pm,48,1,Dark - Lighted,Rain/Wind/Minor,0,1,[],[],0,0,Valid,0.0,0.0,21.0,21.0,['Male'],1,0,2,3,4,Wet/Standing Water,Straight,Level,Lowest,No
14925,20,Kansas,200077,0,1,1,0,2,MCFARLAND,April,2,Sunday,18,17,Rural,Medium Speed (Collector),No,39.05088333,-96.24482778,Non-Intersection,Daylight,Not Reported,6:00pm-6:59pm,24,6:00pm-6:59pm,34,7:00pm-7:59pm,25,1,Daylight,Clear,1,1,['Front_Passenger'],['None_Used'],1,1,Valid,0.0,0.0,26.0,26.0,['Male'],0,0,5,4,3,Dry,Curve,Level,Lowest,No
14926,20,Kansas,200078,0,1,1,0,2,WICHITA,January,28,Saturday,5,22,Urban,Medium Speed (Collector),No,37.67640556,-97.40764722,Simple Junction,Dark - Lighted,Not Reported,5:00am-5:59am,24,5:00am-5:59am,31,6:00am-6:59am,1,1,Dark - Lighted,Clear,1,1,['Front_Passenger'],['None_Used'],0,0,Invalid,1.0,0.0,22.0,22.0,['Male'],2,0,2,4,3,Dry,Curve,Level,Lowest,No
14927,20,Kansas,200079,0,5,5,0,7,NOT APPLICABLE,April,5,Wednesday,18,8,Rural,High Speed (Arterial),Yes,38.40655,-96.30891111,Non-Intersection,Daylight,Clear,6:00pm-6:59pm,12,6:00pm-6:59pm,17,6:00pm-6:59pm,49,2,Daylight,Clear,2,5,"['Driver', 'Driver']","['Shoulder_Lapbelt', 'Shoulder_Lapbelt']",1,1,Valid,1.0,0.0,67.0,29.0,"['Male', 'Male', 'Male', 'Female', 'Male']",0,0,4,4,5,Dry,Straight,Level,Lowest,No
14928,20,Kansas,200081,1,1,1,0,1,KANSAS CITY,April,10,Monday,3,26,Urban,High Speed (Arterial),Yes,39.07516389,-94.61110556,Non-Intersection,Dark - Not Lighted,Not Reported,3:00am-3:59am,29,3:00am-3:59am,37,Not Applicable (Not Transported),Not Applicable (Not Transported),1,Dark - Unlighted,Clear,0,1,[],[],0,0,Valid,1.0,0.0,51.0,51.0,['Male'],0,0,4,3,4,Dry,Straight,Grade/Hillcrest,Lowest,No
14929,20,Kansas,200082,0,2,2,0,3,NOT APPLICABLE,April,4,Tuesday,14,52,Rural,Medium Speed (Collector),No,38.40546389,-98.76819167,Simple Junction,Daylight,Clear,1:00pm-1:59pm,54,1:00pm-1:59pm,58,2:00pm-2:59pm,13,1,Daylight,Clear,1,2,['Driver'],['None_Used'],0,0,Invalid,0.0,0.0,70.0,26.0,"['Female', 'Male']",0,0,5,4,5,Dry,Straight,Level,Lowest,No
14930,20,Kansas,200084,0,1,1,0,1,NOT APPLICABLE,April,17,Monday,6,45,Rural,Medium Speed (Collector),No,38.46586389,-101.74882222,Non-Intersection,Dawn,Not Reported,5:00am-5:59am,57,6:00am-6:59am,6,6:00am-6:59am,20,1,Twilight,Clear,1,0,['Driver'],['None_Used'],0,0,Valid,1.0,0.0,60.0,60.0,['Female'],0,0,3,4,3,Dry,Straight,Level,Medium,No
14931,20,Kansas,200085,0,1,1,0,1,NOT APPLICABLE,April,17,Monday,15,19,Rural,Medium Speed (Collector),No,37.04205278,-97.430725,Non-Intersection,Daylight,Clear,3:00pm-3:59pm,23,3:00pm-3:59pm,33,Not Applicable (Not Transported),Not Applicable (Not Transported),1,Daylight,Clear,1,0,['Driver'],['Shoulder_Lapbelt'],0,0,Valid,0.0,0.0,74.0,74.0,['Female'],0,0,3,4,3,Dry,Straight,Level,Lowest,No
14932,20,Kansas,200086,0,2,2,0,4,NOT APPLICABLE,April,19,Wednesday,7,30,Rural,High Speed (Arterial),Yes,37.61904167,-99.02926944,Non-Intersection,Daylight,Clear,7:00am-7:59am,33,7:00am-7:59am,47,8:00am-8:59am,13,1,Daylight,Clear,1,3,['Front_Passenger'],['Shoulder_Lapbelt'],0,0,Valid,1.0,3.0,19.0,18.0,"['Male', 'Male']",0,0,3,4,5,Dry,Straight,Level,Lowest,No
14933,20,Kansas,200087,0,4,4,0,4,WICHITA,February,27,Monday,9,11,Urban,Medium Speed (Collector),No,37.65108056,-97.35263056,Complex/Circle,Daylight,Not Reported,9:00am-9:59am,12,9:00am-9:59am,14,9:00am-9:59am,55,1,Daylight,Clear,1,3,['Driver'],['Shoulder_Lapbelt'],0,0,Valid,0.0,0.0,64.0,15.0,"['Female', 'Male', 'Male', 'Female']",0,0,3,4,5,Dry,Straight,Level,Lowest,No
14934,20,Kansas,200089,1,1,1,0,1,HUTCHINSON,March,23,Thursday,20,37,Urban,Medium Speed (Collector),No,38.03500833,-97.91295,Non-Intersection,Dark - Not Lighted,Not Reported,8:00pm-8:59pm,38,8:00pm-8:59pm,46,9:00pm-9:59pm,13,1,Dark - Unlighted,Clear,0,1,[],[],0,0,Valid,0.0,0.0,51.0,51.0,['Male'],0,0,2,3,4,Dry,Straight,Level,Lowest,No
14935,20,Kansas,200091,0,2,2,0,2,LAWRENCE,April,10,Monday,7,30,Urban,Medium Speed (Collector),No,38.97516111,-95.26117778,Simple Junction,Daylight,Not Reported,7:00am-7:59am,32,7:00am-7:59am,36,Not Applicable (Not Transported),Not Applicable (Not Transported),1,Daylight,Clear,1,1,['Driver'],['None_Used'],0,0,Valid,2.0,1.0,36.0,31.0,"['Male', 'Female']",1,0,5,4,5,Dry,Curve,Grade/Hillcrest,Lowest,No
14936,20,Kansas,200092,0,2,2,0,2,ELLINWOOD,April,25,Tuesday,22,26,Rural,High Speed (Arterial),Yes,38.35470833,-98.58699722,Non-Intersection,Dark - Lighted,Rain,Unknown,Unknown if Notified,Unknown EMS Scene Arrival Hour,Unknown if Arrived,Not Applicable (Not Transported),Not Applicable (Not Transported),1,Dark - Lighted,Rain/Wind/Minor,1,1,['Driver'],['None_Used'],0,0,Valid,0.0,0.0,49.0,29.0,"['Male', 'Male']",0,0,4,4,5,Wet/Standing Water,Straight,Level,Lowest,No
14937,20,Kansas,200093,0,1,1,0,2,WICHITA,April,16,Sunday,0,29,Urban,Medium Speed (Collector),No,37.67013889,-97.35270278,Non-Intersection,Dark - Lighted,Not Reported,0:00am-0:59am,30,0:00am-0:59am,35,1:00am-1:59am,5,1,Dark - Lighted,Clear,1,1,['Driver'],['Shoulder_Lapbelt'],0,0,Valid,0.0,1.0,18.0,18.0,['Female'],2,0,2,4,3,Dry,Straight,Grade/Hillcrest,Lowest,No
14938,20,Kansas,200094,0,2,1,1,1,NOT APPLICABLE,April,20,Thursday,9,0,Rural,Medium Speed (Collector),No,39.63988611,-97.33171667,Complex/Circle,Daylight,Clear,9:00am-9:59am,2,9:00am-9:59am,16,Not Applicable (Not Transported),Not Applicable (Not Transported),1,Daylight,Clear,1,0,['Driver'],['None_Used'],0,0,Valid,0.0,0.0,78.0,78.0,['Male'],0,0,3,4,5,Wet/Standing Water,Straight,Level,Lowest,No
14939,20,Kansas,200095,0,1,1,0,1,TOPEKA,April,22,Saturday,21,50,Urban,High Speed (Arterial),Yes,38.99152222,-95.67859167,Non-Intersection,Dark - Not Lighted,Not Reported,9:00pm-9:59pm,53,10:00pm-10:59pm,0,Not Applicable (Not Transported),Not Applicable (Not Transported),1,Dark - Unlighted,Clear,1,0,['Driver'],['None_Used'],1,1,Valid,0.0,0.0,47.0,47.0,['Male'],0,0,3,4,2,Dry,Curve,Level,Lowest,No
14940,20,Kansas,200096,0,2,2,0,3,NOT APPLICABLE,April,29,Saturday,22,16,Rural,High Speed (Arterial),Yes,38.36874722,-96.27258889,Non-Intersection,Dark - Not Lighted,Not Reported,10:00pm-10:59pm,18,10:00pm-10:59pm,27,11:00pm-11:59pm,21,1,Dark - Unlighted,Clear,1,2,['Front_Passenger'],['Shoulder_Lapbelt'],0,0,Invalid,3.0,0.0,61.0,22.0,"['Male', 'Male']",2,0,4,4,5,Dry,Straight,Level,Lowest,No
14941,20,Kansas,200097,0,1,1,0,1,NOT APPLICABLE,March,5,Sunday,15,12,Rural,Medium Speed (Collector),No,39.00250556,-95.01545278,Non-Intersection,Daylight,Not Reported,3:00pm-3:59pm,16,3:00pm-3:59pm,29,4:00pm-4:59pm,26,1,Daylight,Clear,1,0,['Driver'],['None_Used'],0,0,Invalid,0.0,1.0,51.0,51.0,['Male'],0,0,5,4,3,Dry,Curve,Grade/Hillcrest,Lowest,No
14942,20,Kansas,200098,0,2,2,0,2,NOT APPLICABLE,April,14,Friday,15,39,Rural,High Speed (Arterial),Yes,39.43955833,-95.74793333,Non-Intersection,Daylight,Not Reported,3:00pm-3:59pm,41,3:00pm-3:59pm,57,4:00pm-4:59pm,27,1,Daylight,Clear,1,1,['Driver'],['Shoulder_Lapbelt'],0,0,Valid,1.0,0.0,90.0,56.0,"['Female', 'Male']",0,0,2,4,5,Dry,Straight,Non-Trafficway,Lowest,No
14943,20,Kansas,200099,0,1,1,0,1,NOT APPLICABLE,April,15,Saturday,16,3,Rural,High Speed (Arterial),Yes,39.102525,-100.44191667,Non-Intersection,Daylight,Severe Crosswinds,4:00pm-4:59pm,4,4:00pm-4:59pm,17,Not Applicable (Not Transported),Not Applicable (Not Transported),1,Daylight,Rain/Wind/Minor,1,0,['Driver'],['Shoulder_Lapbelt'],0,0,Valid,0.0,0.0,71.0,71.0,['Male'],1,0,3,4,3,Dry,Straight,Level,Lowest,No
14944,20,Kansas,200101,0,2,2,0,2,NOT APPLICABLE,April,25,Tuesday,5,45,Rural,Medium Speed (Collector),No,38.69544722,-97.224925,Non-Intersection,Dark - Not Lighted,Cloudy,5:00am-5:59am,49,6:00am-6:59am,6,Not Applicable (Not Transported),Not Applicable (Not Transported),1,Dark - Unlighted,Reduced Visibility,1,1,['Driver'],['None_Used'],0,0,Valid,2.0,1.0,54.0,43.0,"['Male', 'Male']",0,0,3,4,5,Dry,Curve,Level,Medium,No
14945,20,Kansas,200102,0,2,2,0,2,HOLTON,April,26,Wednesday,10,50,Rural,High Speed (Arterial),Yes,39.50400833,-95.74810556,Non-Intersection,Daylight,Clear,10:00am-10:59am,51,10:00am-10:59am,58,Not Applicable (Not Transported),Not Applicable (Not Transported),1,Daylight,Clear,1,1,['Driver'],['Shoulder_Lapbelt'],1,1,Valid,0.0,2.0,74.0,44.0,"['Male', 'Female']",0,0,2,4,5,Dry,Straight,Level,Lowest,No
14946,20,Kansas,200103,1,1,1,0,1,NOT APPLICABLE,April,13,Thursday,2,2,Rural,High Speed (Arterial),Yes,37.66651944,-98.06323889,Non-Intersection,Dark - Not Lighted,Clear,2:00am-2:59am,4,2:00am-2:59am,10,Not Applicable (Not Transported),Not Applicable (Not Transported),1,Dark - Unlighted,Clear,0,1,[],[],0,0,Valid,0.0,0.0,57.0,57.0,['Male'],0,0,4,3,4,Dry,Straight,Level,Lowest,No
14947,20,Kansas,200104,0,1,1,0,2,NOT APPLICABLE,May,5,Friday,10,25,Rural,Medium Speed (Collector),No,39.14471944,-100.44256667,Non-Intersection,Daylight,Clear,10:00am-10:59am,32,10:00am-10:59am,49,11:00am-11:59am,8,1,Daylight,Clear,1,1,['Driver'],['None_Used'],0,0,Valid,0.0,0.0,18.0,18.0,['Male'],2,0,2,4,3,Dry,Straight,Grade/Hillcrest,Lowest,No
14948,20,Kansas,200105,0,1,1,0,1,NOT APPLICABLE,May,3,Wednesday,10,30,Rural,Medium Speed (Collector),No,38.50700278,-98.79996389,Non-Intersection,Daylight,Clear,10:00am-10:59am,50,10:00am-10:59am,53,11:00am-11:59am,11,1,Daylight,Clear,1,0,['Driver'],['None_Used'],0,0,Valid,0.0,0.0,76.0,76.0,['Male'],0,0,3,4,3,Dry,Straight,Level,Lowest,No
14949,20,Kansas,200106,0,1,1,0,1,NOT APPLICABLE,May,8,Monday,19,2,Rural,Medium Speed (Collector),No,38.16935833,-94.82417778,Non-Intersection,Daylight,Not Reported,7:00pm-7:59pm,8,7:00pm-7:59pm,20,Not Applicable (Not Transported),Not Applicable (Not Transported),1,Daylight,Clear,1,0,['Driver'],['None_Used'],0,0,Valid,1.0,0.0,67.0,67.0,['Female'],0,0,3,4,3,Dry,Curve,Level,Medium,No
14950,20,Kansas,200108,0,1,1,0,5,NOT APPLICABLE,May,6,Saturday,17,40,Rural,Low Speed (Local),No,37.69327778,-96.25827778,Non-Intersection,Daylight,Not Reported,5:00pm-5:59pm,43,5:00pm-5:59pm,57,6:00pm-6:59pm,38,1,Daylight,Clear,1,4,['Front_Passenger'],['None_Used'],0,0,Valid,0.0,0.0,69.0,69.0,['Male'],0,0,5,2,3,Dry,Straight,Level,Lowest,No
14951,20,Kansas,200109,0,1,1,0,1,WICHITA,May,5,Friday,18,20,Urban,High Speed (Arterial),Yes,37.67233333,-97.40075833,Non-Intersection,Daylight,Cloudy,6:00pm-6:59pm,25,6:00pm-6:59pm,25,7:00pm-7:59pm,0,1,Daylight,Reduced Visibility,1,0,['Driver'],['None_Used'],0,0,Valid,0.0,1.0,21.0,21.0,['Male'],1,0,5,4,2,Dry,Curve,Grade/Hillcrest,Lowest,No
14952,20,Kansas,200110,0,2,2,0,2,NOT APPLICABLE,May,12,Friday,17,48,Rural,Low Speed (Local),No,37.14116667,-100.95851944,Complex/Circle,Daylight,Not Reported,5:00pm-5:59pm,52,6:00pm-6:59pm,5,6:00pm-6:59pm,34,1,Daylight,Clear,1,1,['Driver'],['None_Used'],0,0,Valid,0.0,2.0,38.0,19.0,"['Male', 'Male']",0,0,4,4,5,Dry,Straight,Level,Lowest,No
14953,20,Kansas,200111,0,2,2,0,2,NOT APPLICABLE,May,4,Thursday,6,52,Rural,High Speed (Arterial),Yes,39.3814,-97.08693889,Non-Intersection,Dawn,Cloudy,6:00am-6:59am,54,6:00am-6:59am,58,Not Applicable (Not Transported),Not Applicable (Not Transported),1,Twilight,Reduced Visibility,1,1,['Driver'],['Shoulder_Lapbelt'],1,2,Valid,0.0,0.0,82.0,27.0,"['Male', 'Male']",0,0,3,4,5,Dry,Straight,Grade/Hillcrest,Lowest,No
14954,20,Kansas,200113,0,1,1,0,1,MAPLE HILL,May,16,Tuesday,9,20,Rural,Medium Speed (Collector),No,39.02354167,-96.02070556,Non-Intersection,Daylight,Not Reported,9:00am-9:59am,24,9:00am-9:59am,47,10:00am-10:59am,22,1,Daylight,Clear,1,0,['Driver'],['Shoulder_Lapbelt'],0,0,Valid,0.0,0.0,90.0,90.0,['Male'],0,0,2,4,3,Wet/Standing Water,Straight,Level,Lowest,No
14955,20,Kansas,200114,0,2,2,0,2,NOT APPLICABLE,May,17,Wednesday,15,15,Rural,Medium Speed (Collector),No,37.89383611,-99.40784167,Non-Intersection,Daylight,Clear,3:00pm-3:59pm,17,3:00pm-3:59pm,21,Not Applicable (Not Transported),Not Applicable (Not Transported),1,Daylight,Clear,1,1,['Driver'],['Shoulder_Lapbelt'],0,0,Valid,0.0,0.0,51.0,43.0,"['Male', 'Male']",0,0,4,4,5,Dry,Straight,Grade/Hillcrest,Lowest,No
14956,20,Kansas,200115,0,3,3,0,4,NOT APPLICABLE,May,12,Friday,15,55,Rural,High Speed (Arterial),Yes,39.29212222,-96.75322222,Simple Junction,Daylight,Clear,3:00pm-3:59pm,57,4:00pm-4:59pm,11,Not Applicable (Not Transported),Not Applicable (Not Transported),1,Daylight,Clear,1,3,['Driver'],['None_Used'],0,0,Valid,1.0,1.0,66.0,15.0,"['Male', 'Male', 'Female']",0,0,5,4,5,Dry,Curve,Level,Lowest,No
14957,20,Kansas,200116,0,2,2,0,2,NOT APPLICABLE,May,24,Wednesday,14,6,Rural,Medium Speed (Collector),No,38.28985,-97.66705556,Complex/Circle,Daylight,Not Reported,2:00pm-2:59pm,9,2:00pm-2:59pm,25,Not Applicable (Not Transported),Not Applicable (Not Transported),1,Daylight,Clear,1,1,['Driver'],['None_Used'],0,0,Valid,0.0,0.0,63.0,37.0,"['Male', 'Male']",0,0,5,4,5,Dry,Straight,Level,Lowest,No
14958,20,Kansas,200117,0,2,2,0,4,NOT APPLICABLE,May,26,Friday,23,46,Rural,High Speed (Arterial),Yes,37.04873333,-95.47596111,Non-Intersection,Dark - Not Lighted,Not Reported,11:00pm-11:59pm,54,0:00am-0:59am,9,0:00am-0:59am,56,3,Dark - Unlighted,Clear,3,1,"['Driver', 'Front_Passenger', 'Rear_Seat']","['None_Used', 'None_Used', 'None_Used']",0,0,Valid,0.0,0.0,81.0,42.0,"['Male', 'Male']",0,0,4,4,5,Dry,Straight,Level,Lowest,No
14959,20,Kansas,200118,0,1,1,0,1,KANSAS CITY,May,27,Saturday,21,52,Urban,High Speed (Arterial),Yes,39.11401111,-94.61608056,Non-Intersection,Dark - Lighted,Not Reported,9:00pm-9:59pm,55,9:00pm-9:59pm,58,Not Applicable (Not Transported),Not Applicable (Not Transported),1,Dark - Lighted,Clear,1,0,['Driver'],['None_Used'],0,0,Valid,0.0,0.0,52.0,52.0,['Male'],1,0,5,3,3,Dry,Curve,Grade/Hillcrest,Lowest,No
14960,20,Kansas,200119,0,2,2,0,2,NOT APPLICABLE,May,28,Sunday,18,15,Rural,Medium Speed (Collector),No,37.094275,-97.601025,Non-Intersection,Daylight,Not Reported,6:00pm-6:59pm,15,6:00pm-6:59pm,25,7:00pm-7:59pm,49,2,Daylight,Clear,2,0,"['Driver', 'Driver']","['None_Used', 'Shoulder_Lapbelt']",0,0,Valid,0.0,0.0,68.0,64.0,"['Male', 'Male']",0,0,3,4,5,Dry,Straight,Level,Medium,No