,State_Code,State_Name,Crash_ID,Count_Non_Motorists,Count_Vehicles_Total,Count_Vehicle_Forms,Count_PVH_Involved,Count_Occupants_MV,City_Name,Month_Name,Day_of_Month,Day_of_Week,Crash_Hour,Crash_Minute,Area_Rural_Urban,Road_Functional_Class,On_NHS_Road,Latitude,Longitude,Intersection_Type,Light_Condition,Weather_Condition,Notif_Hour,Notif_Minute,Arrival_Hour,Arrival_Minute,Hospital_Hour,Hospital_Minute,Fatalities_Count,Clean_Light_Condition,Clean_Weather_Condition,Total_Killed,Total_Alive,Fatal_Seats_List,Killed_Restraint_List,Any_Driver_Drinking,Total_Drinking_Drivers,Driver_License_Category,Driver_Max_Prev_Accident_Count,Driver_Max_Prev_Speeding_Count,Max_Driver_Age,Min_Driver_Age,Driver_Sex_List,Total_Exceeding_Limit_Vehicles,Total_Too_Fast_Vehicles,Max_Vehicle_Type_Severity_5,Max_Vehicle_Damage_Rank,Max_Harmful_Event_Severity,Crash_Road_Surface_Condition,Crash_Horizontal_Alignment,Crash_Vertical_Profile,Crash_Impairment_Category,Crash_Vehicle_Defect
14961,20,Kansas,200120,0,1,1,0,2,PRESTON,May,31,Wednesday,22,47,Rural,Medium Speed (Collector),No,37.80561389,-98.48826944,Non-Intersection,Dark - Not Lighted,Not Reported,11:00pm-11:59pm,7,11:00pm-11:59pm,25,Not Applicable (Not Transported),Not Applicable (Not Transported),1,Dark - Unlighted,Clear,1,1,['Driver'],['None_Used'],1,1,Valid,1.0,1.0,42.0,42.0,['Male'],2,0,3,4,3,Dry,Straight,Level,Lowest,No
14962,20,Kansas,200121,0,3,3,0,4,SHAWNEE,May,14,Sunday,16,30,Urban,Medium Speed (Collector),No,38.99839167,-94.76165,Complex/Circle,Daylight,Not Reported,4:00pm-4:59pm,33,4:00pm-4:59pm,38,5:00pm-5:59pm,5,1,Daylight,Clear,1,3,['Driver'],['Shoulder_Lapbelt'],1,1,Valid,0.0,1.0,71.0,17.0,"['Male', 'Male', 'Male']",1,0,3,4,5,Dry,Straight,Level,Lowest,No
14963,20,Kansas,200122,0,2,2,0,2,KANSAS CITY,May,6,Saturday,7,18,Urban,High Speed (Arterial),Yes,39.10611111,-94.72674722,Non-Intersection,Daylight,Not Reported,7:00am-7:59am,18,7:00am-7:59am,31,7:00am-7:59am,48,1,Daylight,Clear,1,1,['Driver'],['Shoulder_Lapbelt'],1,1,Valid,0.0,0.0,48.0,38.0,"['Male', 'Male']",0,0,3,4,5,Dry,Straight,Level,Lowest,No
14964,20,Kansas,200124,0,2,2,0,3,OLATHE,May,27,Saturday,16,43,Urban,Medium Speed (Collector),No,38.85480556,-94.74728056,Non-Intersection,Daylight,Clear,4:00pm-4:59pm,45,4:00pm-4:59pm,50,Not Applicable (Not Transported),Not Applicable (Not Transported),1,Daylight,Clear,1,2,['Driver'],['None_Used'],0,0,Valid,0.0,1.0,79.0,18.0,"['Male', 'Male']",1,0,5,4,5,Dry,Straight,Grade/Hillcrest,Lowest,No
14965,20,Kansas,200125,0,1,1,0,1,BELOIT,May,15,Monday,2,36,Rural,Medium Speed (Collector),No,39.39546944,-98.11630556,Non-Intersection,Dark - Not Lighted,Rain,2:00am-2:59am,50,3:00am-3:59am,1,Not Applicable (Not Transported),Not Applicable (Not Transported),1,Dark - Unlighted,Rain/Wind/Minor,1,0,['Driver'],['Shoulder_Lapbelt'],0,0,Valid,0.0,1.0,54.0,54.0,['Male'],0,0,2,4,3,Wet/Standing Water,Straight,Level,Medium,No
14966,20,Kansas,200126,0,1,1,0,2,HUTCHINSON,May,29,Monday,21,25,Rural,Low Speed (Local),No,37.98762778,-98.05033333,Complex/Circle,Dark - Not Lighted,Not Reported,9:00pm-9:59pm,33,9:00pm-9:59pm,46,Not Applicable (Not Transported),Not Applicable (Not Transported),2,Dark - Unlighted,Clear,2,0,"['Driver', 'Rear_Seat']","['None_Used', 'None_Used']",1,1,Valid,0.0,0.0,32.0,32.0,['Male'],2,0,5,4,3,Dry,Straight,Level,Lowest,No
14967,20,Kansas,200127,0,1,1,0,1,NOT APPLICABLE,May,19,Friday,19,2,Rural,Medium Speed (Collector),No,39.25238333,-94.97496667,Non-Intersection,Daylight,Not Reported,7:00pm-7:59pm,6,7:00pm-7:59pm,11,Not Applicable (Not Transported),Not Applicable (Not Transported),1,Daylight,Clear,1,0,['Driver'],['None_Used'],0,0,Valid,0.0,0.0,45.0,45.0,['Female'],0,0,2,4,3,Dry,Curve,Grade/Hillcrest,Lowest,No
14968,20,Kansas,200128,0,1,1,0,1,WELLINGTON,May,7,Sunday,1,0,Urban,Low Speed (Local),No,37.26129444,-97.42084444,Simple Junction,Dark - Lighted,Not Reported,7:00am-7:59am,51,7:00am-7:59am,56,Not Applicable (Not Transported),Not Applicable (Not Transported),1,Dark - Lighted,Clear,1,0,['Driver'],['None_Used'],1,1,Valid,0.0,3.0,42.0,42.0,['Male'],0,0,2,4,3,Dry,Straight,Level,Lowest,No
14969,20,Kansas,200129,0,3,3,0,4,NOT APPLICABLE,May,28,Sunday,14,57,Rural,Medium Speed (Collector),No,37.57751389,-97.20748056,Non-Intersection,Daylight,Cloudy,2:00pm-2:59pm,57,3:00pm-3:59pm,2,3:00pm-3:59pm,39,2,Daylight,Reduced Visibility,2,2,"['Driver', 'Front_Passenger']","['Shoulder_Lapbelt', 'Shoulder_Lapbelt']",0,0,Valid,1.0,2.0,34.0,19.0,"['Male', 'Male', 'Female']",1,0,3,4,5,Dry,Straight,Level,Lowest,Yes
14970,20,Kansas,200130,0,1,1,0,1,NOT APPLICABLE,May,28,Sunday,5,20,Rural,Medium Speed (Collector),No,38.84211944,-98.56376111,Non-Intersection,Dark - Not Lighted,Reported as Unknown,Unknown,Unknown,Unknown EMS Scene Arrival Hour,Unknown EMS Scene Arrival Minutes,Not Applicable (Not Transported),Not Applicable (Not Transported),1,Dark - Unlighted,Clear,1,0,['Driver'],['None_Used'],0,0,Valid,1.0,1.0,45.0,45.0,['Male'],0,0,3,4,3,Dry,Straight,Level,Lowest,No
14971,20,Kansas,200131,1,1,1,0,4,NOT APPLICABLE,June,1,Thursday,2,46,Rural,Medium Speed (Collector),No,37.38054444,-99.32521667,Non-Intersection,Dark - Not Lighted,Not Reported,2:00am-2:59am,48,2:00am-2:59am,58,3:00am-3:59am,12,1,Dark - Unlighted,Clear,0,4,[],[],0,0,Valid,0.0,0.0,26.0,26.0,['Male'],0,0,3,3,4,Dry,Curve,Grade/Hillcrest,Lowest,No
14972,20,Kansas,200132,0,2,2,0,4,NOT APPLICABLE,June,10,Saturday,17,20,Rural,High Speed (Arterial),Yes,39.09421944,-95.79788333,Complex/Circle,Daylight,Rain,5:00pm-5:59pm,25,5:00pm-5:59pm,33,6:00pm-6:59pm,4,1,Daylight,Rain/Wind/Minor,1,3,['Driver'],['Shoulder_Lapbelt'],0,0,Valid,1.0,1.0,60.0,26.0,"['Male', 'Male']",0,0,3,4,5,Wet/Standing Water,Straight,Level,Lowest,No
14973,20,Kansas,200133,0,2,2,0,4,NOT APPLICABLE,June,10,Saturday,15,46,Rural,High Speed (Arterial),Yes,37.84182778,-94.6165,Complex/Circle,Daylight,Cloudy,3:00pm-3:59pm,47,3:00pm-3:59pm,58,4:00pm-4:59pm,25,1,Daylight,Reduced Visibility,1,3,['Driver'],['None_Used'],1,1,Invalid,0.0,0.0,60.0,58.0,"['Male', 'Male']",0,0,5,4,5,Dry,Straight,Grade/Hillcrest,Lowest,No
14974,20,Kansas,200134,0,2,2,0,3,NOT APPLICABLE,June,9,Friday,16,19,Rural,Medium Speed (Collector),No,37.17983056,-94.9471,Non-Intersection,Daylight,Cloudy,4:00pm-4:59pm,20,4:00pm-4:59pm,29,4:00pm-4:59pm,50,1,Daylight,Reduced Visibility,1,2,['Driver'],['None_Used'],0,0,Valid,1.0,0.0,67.0,18.0,"['Male', 'Female']",0,0,3,4,5,Dry,Curve,Level,Lowest,No
14975,20,Kansas,200136,0,1,1,0,2,NOT APPLICABLE,May,13,Saturday,17,34,Rural,High Speed (Arterial),Yes,37.59219167,-96.98112222,Non-Intersection,Daylight,Not Reported,5:00pm-5:59pm,36,5:00pm-5:59pm,46,6:00pm-6:59pm,34,1,Daylight,Clear,1,1,['Rear_Seat'],['None_Used'],0,0,Valid,0.0,1.0,46.0,46.0,['Male'],0,0,5,4,3,Dry,Straight,Grade/Hillcrest,Lowest,No
14976,20,Kansas,200137,0,1,1,0,1,NOT APPLICABLE,June,13,Tuesday,18,25,Rural,Medium Speed (Collector),No,38.08379722,-100.82882222,Non-Intersection,Dusk,Not Reported,6:00pm-6:59pm,35,6:00pm-6:59pm,45,7:00pm-7:59pm,12,1,Twilight,Clear,1,0,['Driver'],['None_Used'],0,0,Valid,0.0,1.0,57.0,57.0,['Male'],0,0,3,4,3,Loose/Unpaved,Straight,Level,Lowest,No
14977,20,Kansas,200138,0,1,1,0,3,NOT APPLICABLE,June,4,Sunday,8,35,Urban,Medium Speed (Collector),No,37.06156667,-95.67458611,Non-Intersection,Daylight,Clear,8:00am-8:59am,36,8:00am-8:59am,42,9:00am-9:59am,10,1,Daylight,Clear,1,2,['Driver'],['Shoulder_Lapbelt'],1,1,Valid,0.0,0.0,18.0,18.0,['Female'],0,0,2,4,2,Dry,Straight,Level,Lowest,No
14978,20,Kansas,200139,0,1,1,0,3,NOT APPLICABLE,May,7,Sunday,0,50,Rural,Medium Speed (Collector),No,38.90733889,-98.78421944,Non-Intersection,Dark - Not Lighted,Not Reported,Not Applicable (Not Notified),Not Applicable (Not Notified),Not Applicable,Not Applicable,Not Applicable (Not Transported),Not Applicable (Not Transported),1,Dark - Unlighted,Clear,1,2,['Non_Standard_Risk'],['None_Used'],0,0,Valid,0.0,0.0,18.0,18.0,['Male'],3,0,3,1,1,Loose/Unpaved,Straight,Level,Lowest,No
14979,20,Kansas,200140,0,1,1,0,2,NOT APPLICABLE,June,12,Monday,7,0,Rural,Medium Speed (Collector),No,39.30223333,-99.97713611,Non-Intersection,Dawn,Not Reported,7:00am-7:59am,7,7:00am-7:59am,23,7:00am-7:59am,48,1,Twilight,Clear,1,1,['Driver'],['None_Used'],0,0,Valid,0.0,0.0,39.0,39.0,['Male'],0,0,3,4,3,Dry,Straight,Level,Medium,No
14980,20,Kansas,200141,0,1,1,0,1,NOT APPLICABLE,June,13,Tuesday,9,25,Urban,Medium Speed (Collector),No,37.23983056,-97.02759167,Non-Intersection,Daylight,Clear,9:00am-9:59am,26,9:00am-9:59am,34,9:00am-9:59am,43,1,Daylight,Clear,1,0,['Driver'],['None_Used'],0,0,Valid,0.0,0.0,50.0,50.0,['Male'],0,0,4,4,3,Dry,Curve,Level,Lowest,No
14981,20,Kansas,200143,0,1,1,0,1,NOT APPLICABLE,June,11,Sunday,12,20,Rural,Low Speed (Local),No,37.04596944,-94.860475,Non-Intersection,Daylight,Not Reported,12:00pm-12:59pm,26,12:00pm-12:59pm,36,1:00pm-1:59pm,5,1,Daylight,Clear,1,0,['Driver'],['None_Used'],0,0,Valid,0.0,2.0,57.0,57.0,['Male'],0,0,5,4,1,Dry,Straight,Level,Lowest,No
14982,20,Kansas,200144,0,1,1,0,1,NOT APPLICABLE,June,11,Sunday,19,22,Rural,Medium Speed (Collector),No,38.10952222,-97.39679444,Non-Intersection,Daylight,Not Reported,7:00pm-7:59pm,23,7:00pm-7:59pm,29,Not Applicable (Not Transported),Not Applicable (Not Transported),1,Daylight,Clear,1,0,['Driver'],['None_Used'],0,0,Valid,1.0,0.0,35.0,35.0,['Female'],0,0,2,4,3,Dry,Straight,Level,Lowest,No
14983,20,Kansas,200145,0,2,2,0,2,NOT APPLICABLE,June,12,Monday,17,18,Rural,Low Speed (Local),No,37.32880556,-100.25553611,Non-Intersection,Daylight,Rain,5:00pm-5:59pm,22,5:00pm-5:59pm,30,5:00pm-5:59pm,42,1,Daylight,Rain/Wind/Minor,1,1,['Driver'],['None_Used'],0,0,Invalid,0.0,0.0,27.0,15.0,"['Male', 'Male']",0,0,5,4,5,Dry,Straight,Non-Trafficway,Lowest,No
14984,20,Kansas,200146,0,3,3,0,4,NOT APPLICABLE,June,14,Wednesday,11,17,Rural,High Speed (Arterial),Yes,38.34658889,-95.7295,Non-Intersection,Daylight,Cloudy,11:00am-11:59am,25,11:00am-11:59am,38,12:00pm-12:59pm,2,2,Daylight,Reduced Visibility,2,2,"['Driver', 'Front_Passenger']","['None_Used', 'Shoulder_Lapbelt']",0,0,Invalid,2.0,1.0,52.0,24.0,"['Male', 'Male', 'Male']",2,0,4,4,5,Dry,Straight,Grade/Hillcrest,Lowest,No
14985,20,Kansas,200147,0,1,1,0,1,NOT APPLICABLE,June,22,Thursday,22,19,Rural,Low Speed (Local),No,37.99331944,-99.89208056,Non-Intersection,Dark - Not Lighted,Clear,10:00pm-10:59pm,35,10:00pm-10:59pm,44,Not Applicable (Not Transported),Not Applicable (Not Transported),1,Dark - Unlighted,Clear,1,0,['Driver'],['None_Used'],1,1,Valid,0.0,0.0,16.0,16.0,['Female'],0,0,3,4,3,Loose/Unpaved,Curve,Level,Lowest,No
14986,20,Kansas,200149,0,1,1,0,1,NOT APPLICABLE,June,16,Friday,21,45,Rural,Low Speed (Local),No,38.59969444,-95.41581944,Non-Intersection,Dark - Not Lighted,Not Reported,9:00pm-9:59pm,54,10:00pm-10:59pm,2,Not Applicable (Not Transported),Not Applicable (Not Transported),1,Dark - Unlighted,Clear,1,0,['Driver'],['None_Used'],1,1,Valid,1.0,0.0,26.0,26.0,['Male'],0,0,5,4,2,Dry,Straight,Grade/Hillcrest,Lowest,No
14987,20,Kansas,200150,0,2,2,0,2,NOT APPLICABLE,June,6,Tuesday,17,52,Rural,Medium Speed (Collector),No,38.56337778,-94.700425,Non-Intersection,Daylight,Not Reported,5:00pm-5:59pm,49,5:00pm-5:59pm,59,6:00pm-6:59pm,44,1,Daylight,Clear,1,1,['Driver'],['None_Used'],0,0,Valid,1.0,0.0,65.0,63.0,"['Male', 'Male']",0,0,4,2,5,Dry,Straight,Level,Lowest,No
14988,20,Kansas,200151,0,2,2,0,3,MERRIAM,June,15,Thursday,1,38,Urban,Medium Speed (Collector),No,39.01521667,-94.68648889,Complex/Circle,Dark - Lighted,Not Reported,1:00am-1:59am,38,1:00am-1:59am,42,2:00am-2:59am,10,1,Dark - Lighted,Clear,1,2,['Driver'],['Shoulder_Lapbelt'],1,1,Invalid,2.0,2.0,24.0,19.0,"['Male', 'Male']",1,0,3,4,5,Dry,Straight,Grade/Hillcrest,Lowest,No
14989,20,Kansas,200152,0,2,2,0,2,WICHITA,May,4,Thursday,18,7,Urban,Medium Speed (Collector),No,37.66958889,-97.34532778,Simple Junction,Daylight,Not Reported,6:00pm-6:59pm,9,6:00pm-6:59pm,15,6:00pm-6:59pm,54,1,Daylight,Clear,1,1,['Driver'],['None_Used'],0,0,Valid,0.0,0.0,72.0,69.0,"['Male', 'Male']",0,0,5,4,5,Dry,Straight,Level,Lowest,No
14990,20,Kansas,200154,1,1,1,0,1,WICHITA,January,18,Wednesday,20,9,Urban,Medium Speed (Collector),No,37.66460278,-97.26876389,Non-Intersection,Dark - Lighted,Not Reported,8:00pm-8:59pm,10,8:00pm-8:59pm,16,Not Applicable (Not Transported),Not Applicable (Not Transported),1,Dark - Lighted,Clear,0,1,[],[],0,0,Valid,0.0,0.0,65.0,65.0,['Male'],0,0,3,3,4,Dry,Straight,Level,Lowest,No
14991,20,Kansas,200155,1,2,2,0,2,TOPEKA,May,24,Wednesday,22,4,Urban,Medium Speed (Collector),No,39.02950833,-95.72840278,Non-Intersection,Dark - Lighted,Not Reported,10:00pm-10:59pm,7,10:00pm-10:59pm,7,10:00pm-10:59pm,25,1,Dark - Lighted,Clear,0,0,[],[],0,0,Invalid,0.0,0.0,999.0,999.0,"['Other', 'Other']",0,0,1,3,4,Dry,Straight,Level,Lowest,No
14992,20,Kansas,200156,0,2,2,0,2,ST. JOHN,June,18,Sunday,0,48,Urban,Low Speed (Local),No,38.00516667,-98.76437778,Non-Intersection,Dark - Lighted,Not Reported,0:00am-0:59am,50,0:00am-0:59am,57,1:00am-1:59am,15,1,Dark - Lighted,Clear,1,1,['Driver'],['None_Used'],1,1,Valid,2.0,0.0,23.0,22.0,"['Male', 'Male']",0,0,5,3,5,Wet/Standing Water,Straight,Level,Lowest,No
14993,20,Kansas,200157,0,1,1,0,1,NOT APPLICABLE,June,25,Sunday,3,53,Rural,High Speed (Arterial),Yes,37.63639167,-96.35166111,Non-Intersection,Dark - Not Lighted,Not Reported,4:00am-4:59am,0,4:00am-4:59am,23,Not Applicable (Not Transported),Not Applicable (Not Transported),1,Dark - Unlighted,Clear,1,0,['Driver'],['None_Used'],0,0,Valid,0.0,0.0,64.0,64.0,['Male'],0,0,5,4,1,Dry,Straight,Level,Lowest,No
14994,20,Kansas,200158,1,1,1,0,2,ELK CITY,July,1,Saturday,21,55,Rural,Low Speed (Local),No,37.28841111,-95.90968333,Non-Intersection,Dark - Not Lighted,Cloudy,9:00pm-9:59pm,51,10:00pm-10:59pm,7,Not Applicable (Not Transported),Not Applicable (Not Transported),1,Dark - Unlighted,Reduced Visibility,0,2,[],[],0,0,Valid,0.0,0.0,71.0,71.0,['Male'],0,0,1,1,4,Dry,Straight,Non-Trafficway,Lowest,No
14995,20,Kansas,200159,0,2,2,0,2,NOT APPLICABLE,June,21,Wednesday,7,25,Rural,Medium Speed (Collector),No,38.06238056,-94.80560833,Non-Intersection,Daylight,Not Reported,7:00am-7:59am,35,7:00am-7:59am,50,Not Applicable (Not Transported),Not Applicable (Not Transported),1,Daylight,Clear,1,1,['Driver'],['Shoulder_Lapbelt'],0,0,Valid,1.0,0.0,67.0,45.0,"['Male', 'Male']",0,0,4,4,5,Dry,Straight,Grade/Hillcrest,Lowest,No
14996,20,Kansas,200160,0,1,1,0,3,NOT APPLICABLE,July,1,Saturday,12,25,Rural,Low Speed (Local),No,38.21315,-99.0772,Non-Intersection,Daylight,Clear,12:00pm-12:59pm,29,12:00pm-12:59pm,37,Unknown,Unknown EMS Hospital Arrival Time,1,Daylight,Clear,1,2,['Front_Passenger'],['None_Used'],0,0,Valid,0.0,0.0,25.0,25.0,['Female'],0,0,3,4,3,Dry,Straight,Level,Lowest,No
14997,20,Kansas,200161,1,1,1,0,1,PHILLIPSBURG,July,7,Friday,22,15,Urban,Low Speed (Local),No,39.7593,-99.32744167,Complex/Circle,Dark - Lighted,Not Reported,10:00pm-10:59pm,25,10:00pm-10:59pm,30,10:00pm-10:59pm,46,1,Dark - Lighted,Clear,0,1,[],[],0,0,Valid,0.0,0.0,15.0,15.0,['Female'],0,0,3,2,4,Dry,Straight,Level,Lowest,No
14998,20,Kansas,200162,0,2,2,0,2,NOT APPLICABLE,May,6,Saturday,9,48,Urban,Medium Speed (Collector),No,37.41177222,-94.70482222,Non-Intersection,Daylight,Not Reported,9:00am-9:59am,49,9:00am-9:59am,50,10:00am-10:59am,11,1,Daylight,Clear,1,1,['Driver'],['None_Used'],0,0,Valid,2.0,0.0,75.0,53.0,"['Female', 'Male']",0,0,3,4,5,Dry,Straight,Non-Trafficway,Lowest,No
14999,20,Kansas,200163,0,1,1,0,2,NOT APPLICABLE,June,22,Thursday,10,14,Rural,High Speed (Arterial),Yes,38.87876111,-97.86356111,Non-Intersection,Daylight,Not Reported,10:00am-10:59am,16,10:00am-10:59am,32,11:00am-11:59am,11,1,Daylight,Clear,1,1,['Rear_Seat'],['None_Used'],0,0,Valid,0.0,1.0,52.0,52.0,['Male'],0,0,5,4,1,Dry,Straight,Grade/Hillcrest,Lowest,Yes
15000,20,Kansas,200164,0,2,2,0,2,NOT APPLICABLE,June,30,Friday,16,29,Rural,High Speed (Arterial),Yes,37.78255278,-98.50016944,Non-Intersection,Daylight,Clear,4:00pm-4:59pm,31,4:00pm-4:59pm,45,Not Applicable (Not Transported),Not Applicable (Not Transported),1,Daylight,Clear,1,1,['Driver'],['None_Used'],0,0,Valid,0.0,0.0,67.0,31.0,"['Male', 'Male']",0,0,5,4,5,Dry,Straight,Level,Lowest,No
15001,20,Kansas,200165,0,2,2,0,5,NOT APPLICABLE,July,9,Sunday,10,10,Rural,High Speed (Arterial),Yes,39.09886111,-100.42348611,Non-Intersection,Daylight,Clear,10:00am-10:59am,13,10:00am-10:59am,25,10:00am-10:59am,55,1,Daylight,Clear,1,4,['Driver'],['None_Used'],0,0,Valid,0.0,0.0,68.0,51.0,"['Male', 'Female']",0,0,3,4,5,Dry,Straight,Level,Lowest,No
15002,20,Kansas,200166,0,1,1,0,1,KANSAS CITY,May,21,Sunday,2,7,Urban,Medium Speed (Collector),No,39.10184444,-94.77913056,Non-Intersection,Dark - Lighted,Not Reported,2:00am-2:59am,8,2:00am-2:59am,17,2:00am-2:59am,43,1,Dark - Lighted,Clear,1,0,['Driver'],['None_Used'],0,0,Valid,1.0,0.0,59.0,59.0,['Male'],1,0,2,4,2,Dry,Straight,Level,Lowest,No
15003,20,Kansas,200167,1,2,2,0,4,KANSAS CITY,March,20,Monday,15,10,Urban,Medium Speed (Collector),No,39.10071667,-94.63548889,Complex/Circle,Daylight,Not Reported,3:00pm-3:59pm,13,3:00pm-3:59pm,14,3:00pm-3:59pm,27,1,Daylight,Clear,0,0,[],[],0,0,Valid,0.0,0.0,35.0,20.0,"['Male', 'Male']",0,0,3,0,4,Dry,Straight,Level,Lowest,No
15004,20,Kansas,200168,0,2,2,0,5,KANSAS CITY,April,29,Saturday,16,19,Urban,Medium Speed (Collector),No,39.06234722,-94.64651944,Non-Intersection,Daylight,Not Reported,4:00pm-4:59pm,20,4:00pm-4:59pm,25,4:00pm-4:59pm,50,1,Daylight,Clear,1,4,['Driver'],['Shoulder_Lapbelt'],0,0,Valid,0.0,1.0,52.0,39.0,"['Male', 'Male']",1,0,3,4,5,Dry,Straight,Level,Medium,No
15005,20,Kansas,200169,1,1,1,0,1,KANSAS CITY,May,28,Sunday,22,21,Urban,Medium Speed (Collector),No,39.08743611,-94.74178056,Non-Intersection,Dark - Lighted,Not Reported,10:00pm-10:59pm,22,10:00pm-10:59pm,29,Not Applicable (Not Transported),Not Applicable (Not Transported),1,Dark - Lighted,Clear,0,1,[],[],0,0,Invalid,0.0,0.0,20.0,20.0,['Male'],0,0,3,4,4,Dry,Straight,Level,Lowest,No
15006,20,Kansas,200170,0,1,1,0,3,NOT APPLICABLE,July,12,Wednesday,20,33,Rural,Low Speed (Local),No,37.58406944,-99.4666,Non-Intersection,Daylight,Clear,8:00pm-8:59pm,36,8:00pm-8:59pm,48,9:00pm-9:59pm,1,1,Daylight,Clear,1,2,['Front_Passenger'],['Shoulder_Lapbelt'],0,0,Valid,0.0,1.0,54.0,54.0,['Female'],0,0,2,4,4,Dry,Straight,Level,Lowest,No
15007,20,Kansas,200171,0,2,2,0,2,LENEXA,July,19,Wednesday,16,42,Urban,High Speed (Arterial),Yes,38.95158889,-94.85325556,Non-Intersection,Daylight,Not Reported,4:00pm-4:59pm,49,4:00pm-4:59pm,55,Not Applicable (Not Transported),Not Applicable (Not Transported),1,Daylight,Clear,1,1,['Driver'],['Shoulder_Lapbelt'],0,0,Valid,0.0,0.0,49.0,18.0,"['Female', 'Female']",0,0,3,4,5,Dry,Straight,Grade/Hillcrest,Lowest,No
15008,20,Kansas,200173,0,2,2,0,2,NOT APPLICABLE,July,15,Saturday,13,0,Rural,Medium Speed (Collector),No,38.04255,-97.00556667,Complex/Circle,Daylight,Not Reported,1:00pm-1:59pm,9,1:00pm-1:59pm,27,2:00pm-2:59pm,43,1,Daylight,Clear,1,1,['Driver'],['Shoulder_Lapbelt'],0,0,Valid,0.0,0.0,64.0,63.0,"['Female', 'Female']",1,0,3,4,5,Dry,Straight,Level,Lowest,No
15009,20,Kansas,200175,0,1,1,0,2,NOT APPLICABLE,April,9,Sunday,17,13,Rural,Medium Speed (Collector),No,38.347575,-98.08604444,Non-Intersection,Daylight,Not Reported,5:00pm-5:59pm,14,5:00pm-5:59pm,23,5:00pm-5:59pm,53,1,Daylight,Clear,1,1,['Driver'],['None_Used'],0,0,Valid,1.0,0.0,30.0,30.0,['Male'],0,0,3,4,2,Dry,Straight,Level,Lowest,No
15010,20,Kansas,200177,0,9,9,0,10,OVERLAND PARK,July,26,Wednesday,6,45,Urban,Medium Speed (Collector),No,38.91876667,-94.66761944,Complex/Circle,Dawn,Not Reported,6:00am-6:59am,46,6:00am-6:59am,54,7:00am-7:59am,12,1,Twilight,Clear,1,9,['Driver'],['Shoulder_Lapbelt'],0,0,Valid,1.0,0.0,56.0,17.0,"['Male', 'Male', 'Female', 'Male', 'Male', 'Male', 'Male', 'Male', 'Female']",0,0,4,4,5,Dry,Straight,Grade/Hillcrest,Lowest,No
15011,20,Kansas,200178,0,2,2,0,3,NOT APPLICABLE,July,29,Saturday,16,56,Rural,Medium Speed (Collector),No,38.05193056,-94.91059444,Non-Intersection,Daylight,Rain,5:00pm-5:59pm,1,5:00pm-5:59pm,23,7:00pm-7:59pm,11,2,Daylight,Rain/Wind/Minor,2,1,"['Driver', 'Front_Passenger']","['Shoulder_Lapbelt', 'Shoulder_Lapbelt']",0,0,Valid,0.0,0.0,62.0,21.0,"['Male', 'Male']",0,0,3,4,5,Wet/Standing Water,Straight,Grade/Hillcrest,Lowest,No
15012,20,Kansas,200180,0,1,1,0,15,NOT APPLICABLE,July,14,Friday,10,45,Rural,Medium Speed (Collector),No,38.91123889,-101.57841389,Non-Intersection,Daylight,Not Reported,9:00am-9:59am,50,10:00am-10:59am,2,10:00am-10:59am,47,3,Daylight,Clear,3,12,"['Driver', 'Rear_Seat', 'Rear_Seat']","['None_Used', 'None_Used', 'None_Used']",0,0,Valid,0.0,1.0,37.0,37.0,['Female'],0,0,3,4,3,Dry,Curve,Level,Lowest,No
15013,20,Kansas,200181,0,1,1,0,3,NOT APPLICABLE,August,4,Friday,1,50,Rural,Medium Speed (Collector),No,37.7662,-99.74213056,Non-Intersection,Dark - Not Lighted,Severe Crosswinds,2:00am-2:59am,13,2:00am-2:59am,28,3:00am-3:59am,0,2,Dark - Unlighted,Rain/Wind/Minor,2,1,"['Driver', 'Rear_Seat']","['None_Used', 'None_Used']",1,1,Invalid,1.0,0.0,21.0,21.0,['Male'],0,0,3,4,3,Dry,Straight,Level,Lowest,No
15014,20,Kansas,200182,0,2,2,0,5,WICHITA,July,20,Thursday,19,56,Urban,High Speed (Arterial),Yes,37.71520556,-97.32179444,Non-Intersection,Daylight,Cloudy,7:00pm-7:59pm,56,8:00pm-8:59pm,0,8:00pm-8:59pm,36,1,Daylight,Reduced Visibility,1,4,['Driver'],['Shoulder_Lapbelt'],0,0,Valid,0.0,1.0,31.0,18.0,"['Male', 'Male']",1,0,3,4,5,Dry,Straight,Level,Lowest,No
15015,20,Kansas,200183,0,1,1,0,2,ULYSSES,July,4,Tuesday,18,57,Rural,Medium Speed (Collector),No,37.59084722,-101.27173889,Non-Intersection,Daylight,Not Reported,7:00pm-7:59pm,0,7:00pm-7:59pm,4,7:00pm-7:59pm,26,2,Daylight,Clear,2,0,"['Driver', 'Rear_Seat']","['None_Used', 'None_Used']",0,0,Valid,0.0,0.0,17.0,17.0,['Female'],2,0,2,4,3,Dry,Straight,Level,Lowest,No
15016,20,Kansas,200184,1,1,1,0,1,WICHITA,July,22,Saturday,5,10,Urban,High Speed (Arterial),Yes,37.69499444,-97.40930556,Non-Intersection,Dark - Lighted,Clear,5:00am-5:59am,17,5:00am-5:59am,23,5:00am-5:59am,43,1,Dark - Lighted,Clear,0,1,[],[],0,0,Valid,1.0,1.0,42.0,42.0,['Male'],0,0,3,3,4,Dry,Straight,Level,Lowest,No
15017,20,Kansas,200185,0,1,1,0,1,SALINA,July,25,Tuesday,0,9,Urban,Medium Speed (Collector),No,38.85088889,-97.61256389,Non-Intersection,Dark - Lighted,Not Reported,0:00am-0:59am,11,0:00am-0:59am,15,Not Applicable (Not Transported),Not Applicable (Not Transported),1,Dark - Lighted,Clear,1,0,['Driver'],['Shoulder_Lapbelt'],0,0,Valid,0.0,0.0,18.0,18.0,['Male'],1,0,2,4,3,Dry,Straight,Level,Lowest,No
15018,20,Kansas,200186,0,1,1,0,1,NOT APPLICABLE,July,26,Wednesday,18,10,Rural,Medium Speed (Collector),No,38.95542222,-97.59346944,Non-Intersection,Daylight,Not Reported,6:00pm-6:59pm,15,6:00pm-6:59pm,25,7:00pm-7:59pm,2,1,Daylight,Clear,1,0,['Driver'],['None_Used'],0,0,Valid,0.0,0.0,65.0,65.0,['Female'],0,0,3,4,3,Dry,Straight,Level,Lowest,No