,State_Code,State_Name,Crash_ID,Count_Non_Motorists,Count_Vehicles_Total,Count_Vehicle_Forms,Count_PVH_Involved,Count_Occupants_MV,City_Name,Month_Name,Day_of_Month,Day_of_Week,Crash_Hour,Crash_Minute,Area_Rural_Urban,Road_Functional_Class,On_NHS_Road,Latitude,Longitude,Intersection_Type,Light_Condition,Weather_Condition,Notif_Hour,Notif_Minute,Arrival_Hour,Arrival_Minute,Hospital_Hour,Hospital_Minute,Fatalities_Count,Clean_Light_Condition,Clean_Weather_Condition,Total_Killed,Total_Alive,Fatal_Seats_List,Killed_Restraint_List,Any_Driver_Drinking,Total_Drinking_Drivers,Driver_License_Category,Driver_Max_Prev_Accident_Count,Driver_Max_Prev_Speeding_Count,Max_Driver_Age,Min_Driver_Age,Driver_Sex_List,Total_Exceeding_Limit_Vehicles,Total_Too_Fast_Vehicles,Max_Vehicle_Type_Severity_5,Max_Vehicle_Damage_Rank,Max_Harmful_Event_Severity,Crash_Road_Surface_Condition,Crash_Horizontal_Alignment,Crash_Vertical_Profile,Crash_Impairment_Category,Crash_Vehicle_Defect
15019,20,Kansas,200187,0,1,1,0,1,NOT APPLICABLE,August,5,Saturday,7,2,Rural,Medium Speed (Collector),No,37.289375,-97.894725,Non-Intersection,Daylight,Rain,8:00am-8:59am,53,9:00am-9:59am,3,Not Applicable (Not Transported),Not Applicable (Not Transported),1,Daylight,Rain/Wind/Minor,1,0,['Driver'],['None_Used'],0,0,Valid,0.0,0.0,81.0,81.0,['Male'],0,0,3,4,4,Wet/Standing Water,Straight,Level,Lowest,No
15020,20,Kansas,200188,0,2,2,0,4,PRATT,August,8,Tuesday,10,35,Rural,High Speed (Arterial),Yes,37.64174722,-98.77666389,Non-Intersection,Daylight,Cloudy,10:00am-10:59am,39,10:00am-10:59am,44,11:00am-11:59am,17,3,Daylight,Reduced Visibility,3,1,"['Driver', 'Rear_Seat', 'Rear_Seat']","['None_Used', 'Shoulder_Lapbelt', 'Shoulder_Lapbelt']",0,0,Invalid,1.0,0.0,38.0,32.0,"['Female', 'Male']",0,0,4,4,5,Dry,Straight,Level,Lowest,No
15021,20,Kansas,200189,0,1,1,0,1,NOT APPLICABLE,August,9,Wednesday,1,0,Rural,Medium Speed (Collector),No,37.941375,-97.42771667,Non-Intersection,Dark - Unknown Lighting,Reported as Unknown,8:00am-8:59am,23,8:00am-8:59am,38,Not Applicable (Not Transported),Not Applicable (Not Transported),1,Dark - Unlighted,Clear,1,0,['Driver'],['None_Used'],0,0,Valid,0.0,0.0,66.0,66.0,['Male'],1,0,5,4,2,Dry,Curve,Level,Lowest,No
15022,20,Kansas,200190,1,1,1,0,1,OLATHE,August,12,Saturday,2,28,Urban,High Speed (Arterial),Yes,38.88448333,-94.79126111,Non-Intersection,Dark - Not Lighted,Not Reported,6:00am-6:59am,24,6:00am-6:59am,31,Not Applicable (Not Transported),Not Applicable (Not Transported),1,Dark - Unlighted,Clear,0,1,[],[],0,0,Valid,0.0,0.0,29.0,29.0,['Male'],0,0,4,3,4,Dry,Straight,Level,Lowest,No
15023,20,Kansas,200191,0,1,1,0,1,NOT APPLICABLE,March,31,Friday,15,3,Rural,Low Speed (Local),No,39.23871389,-96.20700833,Non-Intersection,Daylight,Severe Crosswinds,3:00pm-3:59pm,27,3:00pm-3:59pm,32,Not Applicable (Not Transported),Not Applicable (Not Transported),1,Daylight,Rain/Wind/Minor,1,0,['Driver'],['None_Used'],0,0,Valid,0.0,0.0,17.0,17.0,['Male'],1,0,5,2,1,Dry,Straight,Level,Lowest,No
15024,20,Kansas,200192,0,2,2,0,2,LAWRENCE,April,11,Tuesday,7,20,Urban,Medium Speed (Collector),No,38.94276667,-95.24683333,Non-Intersection,Daylight,Not Reported,7:00am-7:59am,22,7:00am-7:59am,25,8:00am-8:59am,2,1,Daylight,Clear,1,1,['Driver'],['None_Used'],0,0,Valid,2.0,0.0,57.0,47.0,"['Male', 'Male']",1,0,5,4,5,Dry,Straight,Level,Lowest,No
15025,20,Kansas,200193,0,1,1,0,1,NOT APPLICABLE,July,25,Tuesday,18,38,Rural,High Speed (Arterial),Yes,39.36474444,-97.62184722,Non-Intersection,Daylight,Clear,6:00pm-6:59pm,40,7:00pm-7:59pm,0,Unknown,Unknown EMS Hospital Arrival Time,1,Daylight,Clear,1,0,['Driver'],['None_Used'],0,0,Valid,0.0,0.0,71.0,71.0,['Male'],0,0,4,4,2,Dry,Straight,Grade/Hillcrest,Lowest,Yes
15026,20,Kansas,200194,0,2,2,0,2,PAOLA,August,10,Thursday,4,4,Urban,High Speed (Arterial),Yes,38.53753333,-94.88699167,Non-Intersection,Dark - Lighted,Not Reported,4:00am-4:59am,13,4:00am-4:59am,20,Not Applicable (Not Transported),Not Applicable (Not Transported),2,Dark - Lighted,Clear,2,0,"['Driver', 'Driver']","['Shoulder_Lapbelt', 'Shoulder_Lapbelt']",0,0,Valid,1.0,0.0,58.0,49.0,"['Female', 'Female']",0,0,3,4,5,Dry,Straight,Level,Lowest,No
15027,20,Kansas,200195,0,1,1,0,1,GARDNER,August,15,Tuesday,23,10,Urban,High Speed (Arterial),Yes,38.81513333,-94.899725,Non-Intersection,Dark - Lighted,Not Reported,Unknown,Unknown,Unknown EMS Scene Arrival Hour,Unknown EMS Scene Arrival Minutes,Not Applicable (Not Transported),Not Applicable (Not Transported),1,Dark - Lighted,Clear,1,0,['Driver'],['Shoulder_Lapbelt'],1,1,Valid,0.0,0.0,59.0,59.0,['Male'],0,0,2,4,2,Dry,Curve,Grade/Hillcrest,Lowest,No
15028,20,Kansas,200196,0,1,1,0,2,HUTCHINSON,July,6,Thursday,12,33,Urban,Medium Speed (Collector),No,38.07877222,-97.89469444,Non-Intersection,Daylight,Not Reported,12:00pm-12:59pm,38,12:00pm-12:59pm,42,1:00pm-1:59pm,16,1,Daylight,Clear,1,1,['Front_Passenger'],['Shoulder_Lapbelt'],0,0,Valid,0.0,0.0,91.0,91.0,['Male'],0,0,3,4,3,Dry,Straight,Level,Medium,No
15029,20,Kansas,200197,1,1,1,0,2,OLATHE,August,18,Friday,20,21,Urban,Medium Speed (Collector),No,38.89338333,-94.79568611,Simple Junction,Dusk,Not Reported,8:00pm-8:59pm,25,8:00pm-8:59pm,30,8:00pm-8:59pm,54,1,Twilight,Clear,0,2,[],[],0,0,Valid,0.0,0.0,17.0,17.0,['Female'],0,0,2,4,4,Dry,Straight,Level,Lowest,No
15030,20,Kansas,200198,1,1,1,0,1,OVERLAND PARK,July,30,Sunday,22,24,Urban,Medium Speed (Collector),No,38.9479,-94.68618889,Non-Intersection,Dark - Lighted,Not Reported,10:00pm-10:59pm,26,10:00pm-10:59pm,29,Unknown,Unknown EMS Hospital Arrival Time,1,Dark - Lighted,Clear,0,1,[],[],0,0,Valid,1.0,0.0,33.0,33.0,['Female'],0,0,2,4,4,Wet/Standing Water,Straight,Grade/Hillcrest,Lowest,No
15031,20,Kansas,200199,0,2,2,0,9,WICHITA,May,22,Monday,11,53,Urban,Medium Speed (Collector),No,37.69750556,-97.32936667,Non-Intersection,Daylight,Not Reported,11:00am-11:59am,59,11:00am-11:59am,59,12:00pm-12:59pm,14,1,Daylight,Clear,1,8,['Front_Passenger'],['Shoulder_Lapbelt'],0,0,Invalid,0.0,0.0,35.0,18.0,"['Male', 'Female']",5,0,3,4,5,Dry,Straight,Level,Lowest,No
15032,20,Kansas,200200,1,1,1,0,1,GALENA,August,19,Saturday,23,24,Rural,Medium Speed (Collector),No,37.07464722,-94.65135833,Non-Intersection,Dark - Not Lighted,Not Reported,Unknown,Unknown,Unknown EMS Scene Arrival Hour,Unknown EMS Scene Arrival Minutes,Not Applicable (Not Transported),Not Applicable (Not Transported),1,Dark - Unlighted,Clear,0,1,[],[],0,0,Valid,0.0,0.0,17.0,17.0,['Male'],0,0,3,3,4,Dry,Straight,Level,Lowest,No
15033,20,Kansas,200201,1,1,1,0,1,WICHITA,June,8,Thursday,18,32,Urban,Medium Speed (Collector),No,37.6764,-97.41614167,Non-Intersection,Daylight,Not Reported,6:00pm-6:59pm,34,6:00pm-6:59pm,37,7:00pm-7:59pm,1,1,Daylight,Clear,0,1,[],[],1,1,Valid,0.0,0.0,32.0,32.0,['Female'],0,0,2,3,4,Dry,Straight,Level,Lowest,No
15034,20,Kansas,200202,0,1,1,0,1,NOT APPLICABLE,April,19,Wednesday,2,2,Rural,High Speed (Arterial),Yes,38.87993333,-99.20298889,Non-Intersection,Dark - Not Lighted,Not Reported,2:00am-2:59am,5,2:00am-2:59am,14,Not Applicable (Not Transported),Not Applicable (Not Transported),1,Dark - Unlighted,Clear,1,0,['Driver'],['Shoulder_Lapbelt'],0,0,Valid,0.0,0.0,34.0,34.0,['Female'],0,0,2,4,3,Dry,Straight,Level,Lowest,No
15035,20,Kansas,200203,1,1,1,0,1,LAWRENCE,August,12,Saturday,14,36,Rural,High Speed (Arterial),Yes,39.01798056,-95.49728056,Non-Intersection,Daylight,Clear,2:00pm-2:59pm,38,2:00pm-2:59pm,45,3:00pm-3:59pm,23,1,Daylight,Clear,0,1,[],[],0,0,Valid,0.0,0.0,50.0,50.0,['Male'],0,0,4,2,4,Dry,Straight,Grade/Hillcrest,Lowest,No
15036,20,Kansas,200204,0,2,2,0,2,NOT APPLICABLE,August,19,Saturday,17,5,Rural,Medium Speed (Collector),No,37.54853333,-97.13519444,Complex/Circle,Daylight,Not Reported,5:00pm-5:59pm,8,5:00pm-5:59pm,16,6:00pm-6:59pm,18,1,Daylight,Clear,1,1,['Driver'],['Shoulder_Lapbelt'],0,0,Valid,1.0,0.0,62.0,18.0,"['Male', 'Male']",0,0,3,4,5,Dry,Straight,Level,Lowest,No
15037,20,Kansas,200205,0,2,2,0,2,WICHITA,August,3,Thursday,22,44,Urban,High Speed (Arterial),Yes,37.68535,-97.40898056,Non-Intersection,Dark - Lighted,Clear,10:00pm-10:59pm,49,10:00pm-10:59pm,55,Not Applicable (Not Transported),Not Applicable (Not Transported),1,Dark - Lighted,Clear,1,1,['Driver'],['Shoulder_Lapbelt'],1,1,Valid,0.0,2.0,38.0,22.0,"['Female', 'Female']",0,0,3,4,5,Dry,Curve,Grade/Hillcrest,Lowest,No
15038,20,Kansas,200206,1,1,1,0,1,NOT APPLICABLE,July,24,Monday,18,59,Rural,High Speed (Arterial),Yes,37.92586111,-96.78479722,Non-Intersection,Daylight,Clear,7:00pm-7:59pm,3,7:00pm-7:59pm,16,Not Applicable (Not Transported),Not Applicable (Not Transported),1,Daylight,Clear,0,1,[],[],0,0,Valid,1.0,0.0,55.0,55.0,['Male'],0,0,4,2,4,Dry,Straight,Level,Lowest,No
15039,20,Kansas,200207,0,1,1,0,1,WELLINGTON,September,1,Friday,22,30,Rural,Medium Speed (Collector),No,37.25859444,-97.49069444,Non-Intersection,Dark - Not Lighted,Not Reported,10:00pm-10:59pm,35,10:00pm-10:59pm,45,Not Applicable (Not Transported),Not Applicable (Not Transported),1,Dark - Unlighted,Clear,1,0,['Driver'],['None_Used'],1,1,Valid,0.0,0.0,25.0,25.0,['Female'],0,0,3,4,3,Dry,Straight,Level,Lowest,No
15040,20,Kansas,200208,0,1,1,0,1,BISON,August,21,Monday,9,40,Rural,Low Speed (Local),No,38.59249722,-99.16165833,Non-Intersection,Daylight,Not Reported,9:00am-9:59am,43,9:00am-9:59am,59,Unknown,Unknown EMS Hospital Arrival Time,1,Daylight,Clear,1,0,['Driver'],['None_Used'],0,0,Valid,0.0,0.0,80.0,80.0,['Male'],0,0,5,4,3,Dry,Straight,Level,Lowest,Yes
15041,20,Kansas,200209,0,1,1,0,1,NOT APPLICABLE,August,6,Sunday,10,55,Rural,Medium Speed (Collector),No,38.59478333,-96.66608333,Non-Intersection,Daylight,Not Reported,11:00am-11:59am,6,11:00am-11:59am,23,12:00pm-12:59pm,21,1,Daylight,Clear,1,0,['Driver'],['None_Used'],0,0,Valid,1.0,0.0,15.0,15.0,['Male'],0,0,3,4,3,Dry,Straight,Level,Lowest,No
15042,20,Kansas,200210,0,3,3,0,4,KANSAS CITY,June,2,Friday,19,19,Urban,Low Speed (Local),No,39.11171667,-94.63811944,Complex/Circle,Daylight,Not Reported,7:00pm-7:59pm,27,7:00pm-7:59pm,32,7:00pm-7:59pm,58,1,Daylight,Clear,1,2,['Rear_Seat'],['None_Used'],0,0,Invalid,0.0,0.0,999.0,18.0,"['Male', 'Other', 'Male']",2,0,5,4,5,Dry,Straight,Level,Lowest,No
15043,20,Kansas,200211,0,3,3,0,3,KANSAS CITY,June,19,Monday,6,38,Urban,High Speed (Arterial),Yes,39.07754722,-94.625675,Non-Intersection,Dawn,Not Reported,6:00am-6:59am,39,6:00am-6:59am,45,6:00am-6:59am,58,1,Twilight,Clear,1,2,['Driver'],['None_Used'],0,0,Valid,0.0,0.0,41.0,25.0,"['Female', 'Female', 'Female']",1,0,3,4,5,Dry,Curve,Level,Lowest,No
15044,20,Kansas,200212,0,1,1,0,2,KANSAS CITY,June,1,Thursday,1,24,Urban,Medium Speed (Collector),No,39.11055833,-94.61466389,Non-Intersection,Dark - Lighted,Not Reported,1:00am-1:59am,25,1:00am-1:59am,31,1:00am-1:59am,47,1,Dark - Lighted,Clear,1,1,['Front_Passenger'],['None_Used'],0,0,Invalid,0.0,1.0,51.0,51.0,['Male'],2,0,2,4,3,Dry,Straight,Grade/Hillcrest,Lowest,No
15045,20,Kansas,200213,0,1,1,0,1,NOT APPLICABLE,August,25,Friday,12,10,Rural,Medium Speed (Collector),No,39.81609444,-96.86221944,Non-Intersection,Daylight,Cloudy,12:00pm-12:59pm,24,12:00pm-12:59pm,37,Not Applicable (Not Transported),Not Applicable (Not Transported),1,Daylight,Reduced Visibility,1,0,['Driver'],['None_Used'],0,0,Valid,0.0,0.0,39.0,39.0,['Male'],0,0,3,4,3,Dry,Straight,Level,Medium,No
15046,20,Kansas,200214,1,1,1,0,1,WICHITA,July,17,Monday,18,50,Urban,Medium Speed (Collector),No,37.762375,-97.37190278,Non-Intersection,Daylight,Not Reported,6:00pm-6:59pm,56,6:00pm-6:59pm,56,7:00pm-7:59pm,30,1,Daylight,Clear,0,1,[],[],0,0,Valid,0.0,0.0,78.0,78.0,['Female'],0,0,3,3,4,Dry,Straight,Level,Lowest,No
15047,20,Kansas,200215,0,2,2,0,3,NOT APPLICABLE,August,30,Wednesday,20,43,Rural,High Speed (Arterial),Yes,37.8104,-96.77658889,Non-Intersection,Dark - Not Lighted,Not Reported,8:00pm-8:59pm,47,8:00pm-8:59pm,58,9:00pm-9:59pm,52,1,Dark - Unlighted,Clear,1,2,['Driver'],['Shoulder_Lapbelt'],0,0,Valid,1.0,1.0,43.0,28.0,"['Female', 'Male']",0,0,3,4,5,Dry,Straight,Grade/Hillcrest,Lowest,No
15048,20,Kansas,200216,0,2,2,0,3,NOT APPLICABLE,September,4,Monday,14,43,Rural,High Speed (Arterial),Yes,37.90849722,-95.73940833,Complex/Circle,Daylight,Not Reported,2:00pm-2:59pm,44,2:00pm-2:59pm,51,4:00pm-4:59pm,54,1,Daylight,Clear,1,2,['Driver'],['Shoulder_Lapbelt'],0,0,Valid,1.0,0.0,73.0,72.0,"['Male', 'Male']",0,0,3,4,5,Dry,Straight,Level,Lowest,No
15049,20,Kansas,200217,2,1,1,0,1,MANHATTAN,September,7,Thursday,5,35,Urban,High Speed (Arterial),Yes,39.15805,-96.63626944,Non-Intersection,Dark - Not Lighted,Not Reported,5:00am-5:59am,38,5:00am-5:59am,45,6:00am-6:59am,3,1,Dark - Unlighted,Clear,0,1,[],[],0,0,Valid,0.0,0.0,42.0,42.0,['Male'],0,0,3,4,4,Dry,Curve,Level,Lowest,No
15050,20,Kansas,200218,0,3,3,0,5,NOT APPLICABLE,August,18,Friday,14,1,Rural,Medium Speed (Collector),No,39.23072778,-95.52965278,Simple Junction,Daylight,Clear,2:00pm-2:59pm,2,2:00pm-2:59pm,9,2:00pm-2:59pm,50,1,Daylight,Clear,1,4,['Driver'],['None_Used'],0,0,Valid,0.0,0.0,59.0,33.0,"['Male', 'Male', 'Male']",2,0,5,4,5,Dry,Straight,Level,Lowest,No
15051,20,Kansas,200220,0,2,2,0,3,NOT APPLICABLE,August,28,Monday,20,42,Urban,Low Speed (Local),No,38.61208056,-95.45137778,Complex/Circle,Dark - Lighted,Not Reported,8:00pm-8:59pm,57,9:00pm-9:59pm,16,10:00pm-10:59pm,6,1,Dark - Lighted,Clear,1,2,['Driver'],['None_Used'],1,1,Valid,0.0,0.0,31.0,16.0,"['Male', 'Female']",0,0,5,3,5,Dry,Straight,Grade/Hillcrest,Lowest,No
15052,20,Kansas,200221,0,2,2,0,3,OVERLAND PARK,September,1,Friday,8,40,Urban,Medium Speed (Collector),No,38.88362222,-94.71643056,Complex/Circle,Daylight,Not Reported,8:00am-8:59am,41,8:00am-8:59am,44,Not Applicable (Not Transported),Not Applicable (Not Transported),1,Daylight,Clear,1,2,['Driver'],['None_Used'],0,0,Valid,0.0,0.0,61.0,24.0,"['Male', 'Female']",0,0,3,4,5,Dry,Straight,Grade/Hillcrest,Lowest,No
15053,20,Kansas,200222,2,3,3,0,4,KANSAS CITY,August,14,Monday,19,52,Urban,High Speed (Arterial),Yes,39.07111667,-94.65088333,Non-Intersection,Daylight,Not Reported,7:00pm-7:59pm,54,8:00pm-8:59pm,0,8:00pm-8:59pm,22,1,Daylight,Clear,0,4,[],[],0,0,Valid,0.0,0.0,86.0,35.0,"['Male', 'Female', 'Female']",0,0,3,4,5,Dry,Straight,Level,Lowest,Yes
15054,20,Kansas,200223,0,1,1,0,1,WICHITA,June,10,Saturday,8,33,Urban,Medium Speed (Collector),No,37.69388056,-97.45189722,Non-Intersection,Daylight,Not Reported,8:00am-8:59am,36,8:00am-8:59am,37,9:00am-9:59am,11,1,Daylight,Clear,1,0,['Driver'],['Shoulder_Lapbelt'],1,1,Valid,1.0,0.0,40.0,40.0,['Male'],0,0,3,4,3,Dry,Straight,Level,Lowest,No
15055,20,Kansas,200224,1,1,1,0,1,WICHITA,June,18,Sunday,17,27,Urban,Medium Speed (Collector),No,37.686475,-97.29207778,Complex/Circle,Daylight,Not Reported,5:00pm-5:59pm,30,5:00pm-5:59pm,32,5:00pm-5:59pm,45,1,Daylight,Clear,0,1,[],[],0,0,Valid,0.0,0.0,22.0,22.0,['Male'],0,0,2,2,4,Dry,Straight,Grade/Hillcrest,Lowest,No
15056,20,Kansas,200225,0,2,2,0,2,NOT APPLICABLE,August,31,Thursday,20,9,Urban,Medium Speed (Collector),No,37.10776111,-97.03696667,Simple Junction,Dusk,Not Reported,8:00pm-8:59pm,10,8:00pm-8:59pm,16,Not Applicable (Not Transported),Not Applicable (Not Transported),1,Twilight,Clear,1,1,['Driver'],['None_Used'],0,0,Valid,0.0,0.0,41.0,20.0,"['Male', 'Male']",1,0,5,4,5,Dry,Straight,Level,Lowest,No
15057,20,Kansas,200226,0,2,2,0,3,NOT APPLICABLE,September,16,Saturday,17,21,Rural,Medium Speed (Collector),No,39.00066944,-95.19352778,Non-Intersection,Daylight,Rain,5:00pm-5:59pm,22,5:00pm-5:59pm,31,6:00pm-6:59pm,28,1,Daylight,Rain/Wind/Minor,1,2,['Driver'],['Shoulder_Lapbelt'],0,0,Valid,0.0,0.0,74.0,47.0,"['Male', 'Female']",0,0,3,4,5,Wet/Standing Water,Curve,Grade/Hillcrest,Lowest,No
15058,20,Kansas,200228,0,2,2,0,15,TOWANDA,September,8,Friday,16,0,Rural,High Speed (Arterial),Yes,37.79593889,-97.03525278,Complex/Circle,Daylight,Not Reported,4:00pm-4:59pm,4,4:00pm-4:59pm,16,4:00pm-4:59pm,49,1,Daylight,Clear,1,14,['Front_Passenger'],['None_Used'],0,0,Valid,0.0,0.0,45.0,18.0,"['Female', 'Male']",0,0,4,4,5,Dry,Straight,Level,Lowest,No
15059,20,Kansas,200229,0,1,1,0,1,IUKA,September,19,Tuesday,2,0,Rural,High Speed (Arterial),Yes,37.73537778,-98.73917778,Non-Intersection,Dark - Lighted,Not Reported,7:00am-7:59am,40,7:00am-7:59am,49,Not Applicable (Not Transported),Not Applicable (Not Transported),1,Dark - Lighted,Clear,1,0,['Driver'],['None_Used'],1,1,Valid,0.0,2.0,24.0,24.0,['Male'],0,0,2,4,3,Dry,Straight,Level,Lowest,No
15060,20,Kansas,200230,0,2,2,0,2,NOT APPLICABLE,September,13,Wednesday,18,1,Rural,High Speed (Arterial),Yes,38.42693611,-95.72865,Non-Intersection,Daylight,Not Reported,5:00pm-5:59pm,41,5:00pm-5:59pm,43,Not Applicable (Not Transported),Not Applicable (Not Transported),1,Daylight,Clear,1,1,['Driver'],['Shoulder_Lapbelt'],0,0,Valid,2.0,1.0,67.0,51.0,"['Male', 'Male']",1,0,4,4,5,Dry,Straight,Non-Trafficway,Lowest,No
15061,20,Kansas,200231,0,1,1,0,2,KANSAS CITY,June,24,Saturday,13,50,Urban,Medium Speed (Collector),No,39.12435556,-94.62161389,Complex/Circle,Daylight,Not Reported,1:00pm-1:59pm,51,1:00pm-1:59pm,55,2:00pm-2:59pm,26,1,Daylight,Clear,1,1,['Driver'],['Shoulder_Lapbelt'],0,0,Invalid,0.0,0.0,41.0,41.0,['Male'],0,0,2,4,3,Dry,Straight,Level,Lowest,No
15062,20,Kansas,200232,0,2,2,0,3,NOT APPLICABLE,September,15,Friday,17,44,Rural,High Speed (Arterial),Yes,37.03101667,-94.77696667,Complex/Circle,Daylight,Cloudy,5:00pm-5:59pm,45,5:00pm-5:59pm,48,6:00pm-6:59pm,36,2,Daylight,Reduced Visibility,2,1,"['Driver', 'Front_Passenger']","['Shoulder_Lapbelt', 'Shoulder_Lapbelt']",1,1,Valid,0.0,0.0,54.0,50.0,"['Male', 'Male']",0,0,4,4,5,Dry,Straight,Level,Lowest,No
15063,20,Kansas,200233,0,1,1,0,1,NOT APPLICABLE,September,18,Monday,12,8,Rural,High Speed (Arterial),Yes,38.42600833,-95.82080556,Non-Intersection,Daylight,Not Reported,12:00pm-12:59pm,18,12:00pm-12:59pm,30,Not Applicable (Not Transported),Not Applicable (Not Transported),1,Daylight,Clear,1,0,['Driver'],['Shoulder_Lapbelt'],0,0,Valid,0.0,0.0,52.0,52.0,['Female'],0,0,2,4,3,Dry,Straight,Level,Lowest,No
15064,20,Kansas,200234,0,1,1,0,1,NOT APPLICABLE,September,10,Sunday,2,35,Urban,Medium Speed (Collector),No,38.56352778,-94.733125,Non-Intersection,Dark - Not Lighted,Not Reported,2:00am-2:59am,41,2:00am-2:59am,51,Not Applicable (Not Transported),Not Applicable (Not Transported),1,Dark - Unlighted,Clear,1,0,['Driver'],['None_Used'],0,0,Valid,0.0,0.0,18.0,18.0,['Female'],0,0,3,4,3,Dry,Straight,Grade/Hillcrest,Lowest,No
15065,20,Kansas,200235,0,3,3,0,3,NOT APPLICABLE,September,15,Friday,23,24,Rural,High Speed (Arterial),Yes,37.63221111,-96.149425,Non-Intersection,Dark - Not Lighted,Not Reported,11:00pm-11:59pm,29,11:00pm-11:59pm,47,0:00am-0:59am,27,1,Dark - Unlighted,Clear,1,2,['Driver'],['Shoulder_Lapbelt'],0,0,Valid,0.0,0.0,61.0,29.0,"['Male', 'Male', 'Male']",0,0,4,4,5,Dry,Straight,Grade/Hillcrest,Lowest,No
15066,20,Kansas,200236,0,2,2,0,2,KANSAS CITY,September,15,Friday,16,25,Urban,High Speed (Arterial),Yes,39.09366944,-94.62671111,Non-Intersection,Daylight,Not Reported,4:00pm-4:59pm,29,4:00pm-4:59pm,37,4:00pm-4:59pm,52,1,Daylight,Clear,1,1,['Driver'],['None_Used'],1,1,Invalid,2.0,0.0,52.0,48.0,"['Male', 'Male']",1,0,5,4,5,Dry,Straight,Level,Lowest,No
15067,20,Kansas,200237,0,2,2,0,3,NOT APPLICABLE,September,18,Monday,9,56,Rural,Low Speed (Local),No,37.57678611,-100.39764722,Complex/Circle,Daylight,Severe Crosswinds,9:00am-9:59am,56,10:00am-10:59am,6,Not Applicable (Not Transported),Not Applicable (Not Transported),1,Daylight,Rain/Wind/Minor,1,2,['Driver'],['Shoulder_Lapbelt'],0,0,Valid,0.0,0.0,74.0,38.0,"['Male', 'Male']",0,0,3,4,5,Dry,Straight,Level,Lowest,No
15068,20,Kansas,200238,0,1,1,0,1,NOT APPLICABLE,August,31,Thursday,9,30,Rural,High Speed (Arterial),Yes,39.11144444,-100.571875,Non-Intersection,Daylight,Severe Crosswinds,9:00am-9:59am,33,9:00am-9:59am,55,Not Applicable (Not Transported),Not Applicable (Not Transported),1,Daylight,Rain/Wind/Minor,1,0,['Driver'],['None_Used'],0,0,Valid,0.0,1.0,69.0,69.0,['Male'],0,0,5,4,3,Dry,Straight,Level,Lowest,No
15069,20,Kansas,200239,0,1,1,0,1,NOT APPLICABLE,September,4,Monday,16,56,Urban,High Speed (Arterial),Yes,39.10597778,-96.70088611,Non-Intersection,Daylight,Severe Crosswinds,4:00pm-4:59pm,58,5:00pm-5:59pm,6,Not Applicable (Not Transported),Not Applicable (Not Transported),1,Daylight,Rain/Wind/Minor,1,0,['Driver'],['None_Used'],0,0,Valid,0.0,0.0,47.0,47.0,['Male'],0,0,2,4,3,Dry,Straight,Level,Lowest,No
15070,20,Kansas,200240,0,2,2,0,2,PARTRIDGE,September,8,Friday,17,0,Rural,High Speed (Arterial),Yes,37.96571944,-98.08759444,Complex/Circle,Daylight,Clear,5:00pm-5:59pm,0,5:00pm-5:59pm,11,6:00pm-6:59pm,7,1,Daylight,Clear,1,1,['Driver'],['Shoulder_Lapbelt'],0,0,Valid,0.0,0.0,77.0,57.0,"['Female', 'Male']",0,0,4,4,5,Dry,Straight,Level,Lowest,No
15071,20,Kansas,200241,0,1,1,0,1,NOT APPLICABLE,September,16,Saturday,4,52,Rural,Medium Speed (Collector),No,37.77156389,-94.70548056,Non-Intersection,Dark - Not Lighted,Rain,4:00am-4:59am,53,5:00am-5:59am,0,Not Applicable (Not Transported),Not Applicable (Not Transported),1,Dark - Unlighted,Rain/Wind/Minor,1,0,['Driver'],['Shoulder_Lapbelt'],0,0,Valid,0.0,1.0,38.0,38.0,['Male'],1,0,3,4,3,Wet/Standing Water,Curve,Grade/Hillcrest,Lowest,No
15072,20,Kansas,200242,0,1,1,0,1,NOT APPLICABLE,September,15,Friday,22,14,Rural,Medium Speed (Collector),No,37.48734722,-95.89334722,Non-Intersection,Dark - Not Lighted,Rain,10:00pm-10:59pm,15,10:00pm-10:59pm,31,Not Applicable (Not Transported),Not Applicable (Not Transported),1,Dark - Unlighted,Rain/Wind/Minor,1,0,['Driver'],['None_Used'],1,1,Valid,0.0,0.0,59.0,59.0,['Male'],0,0,3,4,3,Wet/Standing Water,Curve,Level,Lowest,No
15073,20,Kansas,200243,0,2,2,0,2,KANSAS CITY,June,22,Thursday,14,37,Urban,High Speed (Arterial),Yes,39.07147778,-94.61896667,Non-Intersection,Daylight,Clear,Unknown,Unknown,Unknown EMS Scene Arrival Hour,Unknown EMS Scene Arrival Minutes,Unknown,Unknown EMS Hospital Arrival Time,1,Daylight,Clear,1,1,['Driver'],['None_Used'],0,0,Valid,0.0,0.0,64.0,62.0,"['Female', 'Male']",0,0,5,4,5,Dry,Curve,Grade/Hillcrest,Lowest,No
15074,20,Kansas,200244,0,1,1,0,1,NOT APPLICABLE,September,28,Thursday,7,17,Rural,High Speed (Arterial),Yes,37.91304167,-100.70321111,Non-Intersection,Dawn,Clear,7:00am-7:59am,20,7:00am-7:59am,26,Not Applicable (Not Transported),Not Applicable (Not Transported),1,Twilight,Clear,1,0,['Driver'],['None_Used'],0,0,Invalid,0.0,0.0,39.0,39.0,['Male'],1,0,3,4,3,Dry,Straight,Level,Lowest,No
15075,20,Kansas,200245,0,1,1,0,1,ATWOOD,June,12,Monday,21,58,Rural,Medium Speed (Collector),No,39.80653056,-101.04879167,Non-Intersection,Dark - Not Lighted,Rain,9:00pm-9:59pm,56,9:00pm-9:59pm,58,Not Applicable (Not Transported),Not Applicable (Not Transported),1,Dark - Unlighted,Rain/Wind/Minor,1,0,['Driver'],['Shoulder_Lapbelt'],0,0,Valid,0.0,0.0,75.0,75.0,['Female'],0,0,2,4,3,Wet/Standing Water,Straight,Level,Lowest,No