,State_Code,State_Name,Crash_ID,Count_Non_Motorists,Count_Vehicles_Total,Count_Vehicle_Forms,Count_PVH_Involved,Count_Occupants_MV,City_Name,Month_Name,Day_of_Month,Day_of_Week,Crash_Hour,Crash_Minute,Area_Rural_Urban,Road_Functional_Class,On_NHS_Road,Latitude,Longitude,Intersection_Type,Light_Condition,Weather_Condition,Notif_Hour,Notif_Minute,Arrival_Hour,Arrival_Minute,Hospital_Hour,Hospital_Minute,Fatalities_Count,Clean_Light_Condition,Clean_Weather_Condition,Total_Killed,Total_Alive,Fatal_Seats_List,Killed_Restraint_List,Any_Driver_Drinking,Total_Drinking_Drivers,Driver_License_Category,Driver_Max_Prev_Accident_Count,Driver_Max_Prev_Speeding_Count,Max_Driver_Age,Min_Driver_Age,Driver_Sex_List,Total_Exceeding_Limit_Vehicles,Total_Too_Fast_Vehicles,Max_Vehicle_Type_Severity_5,Max_Vehicle_Damage_Rank,Max_Harmful_Event_Severity,Crash_Road_Surface_Condition,Crash_Horizontal_Alignment,Crash_Vertical_Profile,Crash_Impairment_Category,Crash_Vehicle_Defect
15076,20,Kansas,200246,0,2,2,0,4,NOT APPLICABLE,September,12,Tuesday,19,57,Rural,Medium Speed (Collector),No,38.49207778,-95.39959444,Non-Intersection,Dusk,Not Reported,7:00pm-7:59pm,59,8:00pm-8:59pm,12,Not Applicable (Not Transported),Not Applicable (Not Transported),1,Twilight,Clear,1,3,['Driver'],['None_Used'],0,0,Valid,0.0,1.0,37.0,25.0,"['Male', 'Female']",0,0,5,4,5,Dry,Straight,Grade/Hillcrest,Lowest,No
15077,20,Kansas,200247,0,1,1,0,1,NOT APPLICABLE,October,8,Sunday,11,45,Rural,Medium Speed (Collector),No,38.48045833,-95.56403056,Non-Intersection,Daylight,Not Reported,1:00pm-1:59pm,47,2:00pm-2:59pm,15,Not Applicable (Not Transported),Not Applicable (Not Transported),1,Daylight,Clear,1,0,['Driver'],['None_Used'],1,1,Valid,0.0,0.0,36.0,36.0,['Male'],1,0,3,4,3,Dry,Straight,Grade/Hillcrest,Lowest,No
15078,20,Kansas,200248,1,1,1,0,1,GARDEN CITY,September,20,Wednesday,21,56,Urban,High Speed (Arterial),Yes,37.97481389,-100.83860278,Complex/Circle,Dark - Lighted,Not Reported,9:00pm-9:59pm,57,10:00pm-10:59pm,2,Not Applicable (Not Transported),Not Applicable (Not Transported),1,Dark - Lighted,Clear,0,1,[],[],0,0,Valid,0.0,0.0,36.0,36.0,['Male'],0,0,3,3,4,Dry,Straight,Level,Lowest,No
15079,20,Kansas,200249,0,2,2,0,3,TOPEKA,September,2,Saturday,20,23,Urban,Medium Speed (Collector),No,39.03678889,-95.66934167,Complex/Circle,Dusk,Not Reported,8:00pm-8:59pm,25,8:00pm-8:59pm,32,8:00pm-8:59pm,52,1,Twilight,Clear,1,2,['Driver'],['Shoulder_Lapbelt'],0,0,Invalid,0.0,0.0,65.0,24.0,"['Male', 'Female']",0,0,2,4,5,Dry,Straight,Level,Lowest,No
15080,20,Kansas,200250,0,1,1,0,1,WICHITA,September,17,Sunday,0,55,Urban,High Speed (Arterial),Yes,37.75739444,-97.37101667,Non-Intersection,Dark - Lighted,Clear,1:00am-1:59am,2,1:00am-1:59am,10,1:00am-1:59am,36,1,Dark - Lighted,Clear,1,0,['Driver'],['None_Used'],1,1,Invalid,0.0,0.0,17.0,17.0,['Male'],1,0,2,4,3,Dry,Curve,Level,Lowest,No
15081,20,Kansas,200251,0,1,1,0,1,WICHITA,September,18,Monday,0,30,Urban,High Speed (Arterial),Yes,37.75836667,-97.32035,Non-Intersection,Dark - Lighted,Clear,0:00am-0:59am,33,0:00am-0:59am,38,Not Applicable (Not Transported),Not Applicable (Not Transported),1,Dark - Lighted,Clear,1,0,['Driver'],['None_Used'],1,1,Valid,0.0,0.0,44.0,44.0,['Male'],0,0,3,4,3,Dry,Straight,Level,Lowest,No
15082,20,Kansas,200252,1,1,1,0,1,NOT APPLICABLE,September,30,Saturday,19,57,Rural,Medium Speed (Collector),No,38.40526111,-97.61180278,Non-Intersection,Dark - Not Lighted,Clear,8:00pm-8:59pm,8,8:00pm-8:59pm,16,Not Applicable (Not Transported),Not Applicable (Not Transported),1,Dark - Unlighted,Clear,0,1,[],[],1,1,Valid,0.0,0.0,25.0,25.0,['Male'],0,0,3,3,4,Dry,Straight,Level,Lowest,No
15083,20,Kansas,200253,0,1,1,0,1,DEXTER,October,1,Sunday,13,4,Rural,Medium Speed (Collector),No,37.16182778,-96.75984722,Non-Intersection,Daylight,Not Reported,7:00pm-7:59pm,8,7:00pm-7:59pm,33,Not Applicable (Not Transported),Not Applicable (Not Transported),1,Daylight,Clear,1,0,['Driver'],['None_Used'],0,0,Valid,0.0,0.0,55.0,55.0,['Male'],1,0,5,4,2,Dry,Curve,Level,Lowest,No
15084,20,Kansas,200254,1,1,1,0,1,OLATHE,October,5,Thursday,5,49,Rural,Medium Speed (Collector),No,38.83986389,-94.83452778,Complex/Circle,Dark - Lighted,Not Reported,5:00am-5:59am,49,5:00am-5:59am,58,Not Applicable (Not Transported),Not Applicable (Not Transported),1,Dark - Lighted,Clear,0,1,[],[],0,0,Valid,0.0,0.0,64.0,64.0,['Female'],0,0,3,3,4,Dry,Straight,Level,Lowest,No
15085,20,Kansas,200255,1,1,1,0,1,NOT APPLICABLE,September,11,Monday,21,0,Rural,High Speed (Arterial),Yes,37.67977778,-97.06941111,Non-Intersection,Dark - Not Lighted,Rain,9:00pm-9:59pm,5,9:00pm-9:59pm,11,Not Applicable (Not Transported),Not Applicable (Not Transported),1,Dark - Unlighted,Rain/Wind/Minor,0,1,[],[],0,0,Valid,0.0,0.0,60.0,60.0,['Male'],0,0,2,4,4,Wet/Standing Water,Straight,Level,Lowest,No
15086,20,Kansas,200256,0,1,1,0,1,NOT APPLICABLE,August,25,Friday,99,99,Rural,Medium Speed (Collector),No,39.92895833,-97.88536667,Non-Intersection,Daylight,Not Reported,12:00pm-12:59pm,51,1:00pm-1:59pm,10,Not Applicable (Not Transported),Not Applicable (Not Transported),1,Daylight,Clear,1,0,['Driver'],['None_Used'],0,0,Valid,0.0,0.0,65.0,65.0,['Male'],0,0,3,4,3,Dry,Straight,Level,Lowest,No
15087,20,Kansas,200257,0,1,1,0,1,NOT APPLICABLE,October,3,Tuesday,17,37,Rural,High Speed (Arterial),Yes,39.25100556,-96.6377,Non-Intersection,Daylight,Not Reported,5:00pm-5:59pm,38,5:00pm-5:59pm,48,6:00pm-6:59pm,10,1,Daylight,Clear,1,0,['Driver'],['Shoulder_Lapbelt'],0,0,Valid,0.0,0.0,74.0,74.0,['Male'],0,0,3,4,3,Dry,Curve,Grade/Hillcrest,Lowest,No
15088,20,Kansas,200259,0,2,2,0,2,NOT APPLICABLE,October,14,Saturday,14,44,Rural,High Speed (Arterial),Yes,37.35243333,-95.31826111,Non-Intersection,Daylight,Not Reported,2:00pm-2:59pm,49,2:00pm-2:59pm,58,3:00pm-3:59pm,46,1,Daylight,Clear,1,1,['Driver'],['Shoulder_Lapbelt'],1,1,Valid,0.0,0.0,78.0,43.0,"['Female', 'Male']",0,0,4,4,5,Dry,Straight,Level,Lowest,No
15089,20,Kansas,200260,0,1,1,0,1,NOT APPLICABLE,October,14,Saturday,8,2,Rural,Low Speed (Local),No,38.55144444,-97.80524722,Non-Intersection,Dark - Not Lighted,Not Reported,8:00am-8:59am,4,8:00am-8:59am,11,Not Applicable (Not Transported),Not Applicable (Not Transported),1,Dark - Unlighted,Clear,1,0,['Driver'],['None_Used'],1,1,Invalid,0.0,0.0,39.0,39.0,['Male'],0,0,5,2,3,Dry,Straight,Level,Lowest,No
15090,20,Kansas,200261,0,2,2,0,5,ELBING,September,15,Friday,15,6,Rural,Medium Speed (Collector),No,38.043825,-97.13433056,Complex/Circle,Daylight,Rain,3:00pm-3:59pm,11,3:00pm-3:59pm,28,4:00pm-4:59pm,1,1,Daylight,Rain/Wind/Minor,1,4,['Driver'],['Shoulder_Lapbelt'],0,0,Valid,1.0,3.0,50.0,26.0,"['Male', 'Male']",0,0,3,4,5,Wet/Standing Water,Straight,Level,Lowest,No
15091,20,Kansas,200262,0,1,1,0,1,NOT APPLICABLE,September,16,Saturday,19,15,Rural,High Speed (Arterial),Yes,38.814275,-95.89738333,Non-Intersection,Dusk,Rain,12:00pm-12:59pm,59,1:00pm-1:59pm,25,Not Applicable (Not Transported),Not Applicable (Not Transported),1,Twilight,Rain/Wind/Minor,1,0,['Driver'],['None_Used'],0,0,Valid,0.0,0.0,67.0,67.0,['Male'],0,0,2,4,3,Wet/Standing Water,Straight,Level,Lowest,No
15092,20,Kansas,200263,0,1,1,0,1,NOT APPLICABLE,October,2,Monday,14,20,Rural,Medium Speed (Collector),No,39.68374167,-99.41059444,Non-Intersection,Daylight,Not Reported,2:00pm-2:59pm,43,2:00pm-2:59pm,54,Not Applicable (Not Transported),Not Applicable (Not Transported),1,Daylight,Clear,1,0,['Driver'],['Shoulder_Lapbelt'],0,0,Valid,0.0,0.0,38.0,38.0,['Male'],0,0,2,4,3,Dry,Curve,Grade/Hillcrest,Lowest,No
15093,20,Kansas,200264,0,2,2,0,3,NOT APPLICABLE,October,21,Saturday,10,45,Rural,Medium Speed (Collector),No,38.31805278,-98.88487778,Complex/Circle,Daylight,Not Reported,10:00am-10:59am,45,10:00am-10:59am,51,11:00am-11:59am,11,1,Daylight,Clear,1,2,['Front_Passenger'],['Shoulder_Lapbelt'],0,0,Valid,0.0,0.0,75.0,53.0,"['Male', 'Male']",0,0,3,4,5,Dry,Straight,Level,Lowest,No
15094,20,Kansas,200266,0,3,3,0,5,NOT APPLICABLE,September,22,Friday,16,16,Rural,High Speed (Arterial),Yes,39.84158889,-96.2588,Complex/Circle,Daylight,Cloudy,4:00pm-4:59pm,21,4:00pm-4:59pm,27,5:00pm-5:59pm,20,1,Daylight,Reduced Visibility,1,4,['Driver'],['Shoulder_Lapbelt'],0,0,Valid,0.0,0.0,63.0,39.0,"['Male', 'Female', 'Male']",0,0,4,4,5,Dry,Straight,Level,Lowest,No
15095,20,Kansas,200267,0,2,2,0,3,WICHITA,June,17,Saturday,22,46,Urban,Medium Speed (Collector),No,37.65488611,-97.28040833,Non-Intersection,Dark - Lighted,Not Reported,10:00pm-10:59pm,48,10:00pm-10:59pm,55,11:00pm-11:59pm,33,1,Dark - Lighted,Clear,1,2,['Driver'],['Shoulder_Lapbelt'],0,0,Valid,0.0,1.0,71.0,29.0,"['Male', 'Female']",0,0,3,4,5,Dry,Straight,Level,Lowest,No
15096,20,Kansas,200268,0,1,1,0,1,NOT APPLICABLE,October,10,Tuesday,13,50,Rural,High Speed (Arterial),Yes,38.69892778,-96.93014722,Non-Intersection,Daylight,Clear,3:00pm-3:59pm,0,3:00pm-3:59pm,7,Not Applicable (Not Transported),Not Applicable (Not Transported),1,Daylight,Clear,1,0,['Driver'],['Shoulder_Lapbelt'],0,0,Invalid,0.0,0.0,60.0,60.0,['Male'],0,0,3,4,2,Dry,Straight,Grade/Hillcrest,Lowest,No
15097,20,Kansas,200269,0,2,2,0,2,NOT APPLICABLE,October,18,Wednesday,20,5,Urban,High Speed (Arterial),Yes,38.04487222,-99.27710278,Non-Intersection,Dark - Not Lighted,Clear,8:00pm-8:59pm,13,8:00pm-8:59pm,26,10:00pm-10:59pm,43,1,Dark - Unlighted,Clear,1,1,['Driver'],['Shoulder_Lapbelt'],0,0,Valid,1.0,0.0,46.0,40.0,"['Female', 'Male']",0,0,2,4,5,Dry,Straight,Level,Lowest,No
15098,20,Kansas,200271,0,1,1,0,1,NOT APPLICABLE,October,11,Wednesday,16,7,Rural,Medium Speed (Collector),No,37.340875,-98.06692778,Non-Intersection,Daylight,Severe Crosswinds,4:00pm-4:59pm,8,4:00pm-4:59pm,23,Not Applicable (Not Transported),Not Applicable (Not Transported),1,Daylight,Rain/Wind/Minor,1,0,['Driver'],['Shoulder_Lapbelt'],0,0,Valid,0.0,0.0,59.0,59.0,['Male'],0,0,1,4,3,Dry,Curve,Level,Lowest,No
15099,20,Kansas,200272,0,2,2,0,2,NOT APPLICABLE,October,24,Tuesday,0,17,Rural,High Speed (Arterial),Yes,37.55906389,-95.84474444,Non-Intersection,Dark - Not Lighted,Not Reported,0:00am-0:59am,18,0:00am-0:59am,24,Not Applicable (Not Transported),Not Applicable (Not Transported),2,Dark - Unlighted,Clear,2,0,"['Driver', 'Driver']","['None_Used', 'Shoulder_Lapbelt']",1,1,Valid,0.0,1.0,51.0,29.0,"['Male', 'Male']",0,0,3,4,5,Dry,Straight,Level,Lowest,No
15100,20,Kansas,200273,0,2,2,0,5,ULYSSES,October,2,Monday,18,41,Rural,Medium Speed (Collector),No,37.57666389,-101.48455,Non-Intersection,Daylight,Not Reported,6:00pm-6:59pm,45,6:00pm-6:59pm,52,7:00pm-7:59pm,34,1,Daylight,Clear,1,4,['Driver'],['None_Used'],0,0,Valid,0.0,0.0,53.0,19.0,"['Female', 'Female']",0,0,3,4,5,Dry,Straight,Level,Lowest,No
15101,20,Kansas,200274,0,1,1,0,1,DERBY,May,23,Tuesday,23,42,Urban,Medium Speed (Collector),No,37.61946944,-97.24414444,Non-Intersection,Dark - Lighted,Not Reported,11:00pm-11:59pm,43,11:00pm-11:59pm,55,Not Applicable (Not Transported),Not Applicable (Not Transported),1,Dark - Lighted,Clear,1,0,['Driver'],['None_Used'],0,0,Valid,0.0,0.0,18.0,18.0,['Male'],0,0,2,4,3,Dry,Straight,Level,Lowest,No
15102,20,Kansas,200275,0,3,3,0,5,NOT APPLICABLE,October,25,Wednesday,7,20,Rural,High Speed (Arterial),Yes,37.08189444,-96.11238333,Non-Intersection,Dawn,Cloudy,7:00am-7:59am,29,7:00am-7:59am,41,9:00am-9:59am,38,1,Twilight,Reduced Visibility,1,4,['Driver'],['None_Used'],0,0,Valid,1.0,0.0,54.0,15.0,"['Female', 'Male', 'Female']",0,0,3,4,5,Dry,Curve,Grade/Hillcrest,Lowest,No
15103,20,Kansas,200276,0,1,1,0,1,GOVE,October,10,Tuesday,7,50,Urban,Low Speed (Local),No,38.872675,-100.43011111,Non-Intersection,Daylight,Not Reported,7:00am-7:59am,54,8:00am-8:59am,23,8:00am-8:59am,56,1,Daylight,Clear,1,0,['Driver'],['None_Used'],0,0,Valid,0.0,0.0,70.0,70.0,['Female'],0,0,3,4,3,Dry,Straight,Level,Lowest,No
15104,20,Kansas,200277,1,1,1,0,1,KIOWA,October,26,Thursday,11,49,Urban,Medium Speed (Collector),No,37.01701389,-98.49149167,Non-Intersection,Daylight,Clear,11:00am-11:59am,51,12:00pm-12:59pm,0,Not Applicable (Not Transported),Not Applicable (Not Transported),1,Daylight,Clear,1,0,['Driver'],['Shoulder_Lapbelt'],0,0,Valid,0.0,1.0,40.0,40.0,['Male'],0,0,4,4,4,Dry,Straight,Level,Lowest,No
15105,20,Kansas,200278,0,1,1,0,2,BENNINGTON,October,21,Saturday,2,0,Rural,High Speed (Arterial),Yes,39.04403889,-97.65077778,Non-Intersection,Dark - Not Lighted,Not Reported,2:00am-2:59am,23,2:00am-2:59am,50,3:00am-3:59am,16,1,Dark - Unlighted,Clear,1,1,['Driver'],['None_Used'],1,1,Valid,0.0,0.0,20.0,20.0,['Male'],0,0,3,4,3,Dry,Curve,Grade/Hillcrest,Lowest,No
15106,20,Kansas,200279,0,1,1,0,1,NOT APPLICABLE,September,14,Thursday,7,21,Rural,Medium Speed (Collector),No,38.656975,-96.13118611,Non-Intersection,Dawn,Not Reported,7:00am-7:59am,38,8:00am-8:59am,2,8:00am-8:59am,59,1,Twilight,Clear,1,0,['Driver'],['None_Used'],0,0,Valid,0.0,0.0,56.0,56.0,['Male'],0,0,4,4,3,Dry,Straight,Level,Lowest,No
15107,20,Kansas,200280,0,2,2,0,2,NOT APPLICABLE,October,19,Thursday,16,41,Rural,Low Speed (Local),No,38.057825,-97.62893611,Complex/Circle,Daylight,Clear,4:00pm-4:59pm,41,4:00pm-4:59pm,53,5:00pm-5:59pm,28,1,Daylight,Clear,1,1,['Driver'],['Shoulder_Lapbelt'],0,0,Invalid,0.0,0.0,60.0,29.0,"['Male', 'Male']",0,0,3,4,5,Dry,Straight,Level,Lowest,No
15108,20,Kansas,200281,0,1,1,0,1,NOT APPLICABLE,October,21,Saturday,20,45,Urban,High Speed (Arterial),Yes,39.24676389,-96.59728611,Non-Intersection,Dark - Not Lighted,Clear,8:00pm-8:59pm,47,8:00pm-8:59pm,52,Not Applicable (Not Transported),Not Applicable (Not Transported),1,Dark - Unlighted,Clear,1,0,['Driver'],['None_Used'],1,1,Invalid,1.0,0.0,49.0,49.0,['Male'],0,0,3,4,3,Dry,Curve,Level,Lowest,No
15109,20,Kansas,200282,1,1,1,0,1,KANSAS CITY,October,29,Sunday,2,25,Urban,High Speed (Arterial),Yes,39.09761389,-94.66176667,Non-Intersection,Dark - Lighted,Cloudy,2:00am-2:59am,27,2:00am-2:59am,34,Not Applicable (Not Transported),Not Applicable (Not Transported),1,Dark - Lighted,Reduced Visibility,0,1,[],[],0,0,Valid,0.0,0.0,43.0,43.0,['Male'],0,0,3,3,4,Wet/Standing Water,Straight,Level,Lowest,No
15110,20,Kansas,200283,0,1,1,0,2,NOT APPLICABLE,October,31,Tuesday,7,43,Rural,Medium Speed (Collector),No,37.52955,-100.67865833,Non-Intersection,Dawn,Clear,7:00am-7:59am,45,8:00am-8:59am,0,Not Applicable (Not Transported),Not Applicable (Not Transported),1,Twilight,Clear,1,1,['Driver'],['None_Used'],0,0,Valid,0.0,0.0,21.0,21.0,['Male'],0,0,3,4,3,Dry,Straight,Level,Medium,No
15111,20,Kansas,200284,0,2,2,0,3,ENGLEWOOD,October,21,Saturday,12,54,Rural,Medium Speed (Collector),No,37.04235278,-99.98715,Complex/Circle,Daylight,Not Reported,12:00pm-12:59pm,55,1:00pm-1:59pm,16,1:00pm-1:59pm,54,1,Daylight,Clear,1,2,['Rear_Seat'],['None_Used'],0,0,Valid,0.0,0.0,69.0,26.0,"['Male', 'Female']",0,0,5,4,5,Dry,Straight,Level,Lowest,No
15112,20,Kansas,200285,0,1,1,0,1,NOT APPLICABLE,October,21,Saturday,13,25,Rural,Low Speed (Local),No,39.21250556,-96.46396944,Non-Intersection,Daylight,Not Reported,3:00am-3:59am,56,4:00am-4:59am,5,4:00am-4:59am,52,1,Daylight,Clear,1,0,['Driver'],['Shoulder_Lapbelt'],0,0,Valid,0.0,0.0,42.0,42.0,['Male'],1,0,3,4,3,Dry,Straight,Grade/Hillcrest,Lowest,No
15113,20,Kansas,200286,2,7,4,3,5,LEAWOOD,October,21,Saturday,17,51,Urban,High Speed (Arterial),Yes,38.93518333,-94.61340556,Non-Intersection,Daylight,Not Reported,5:00pm-5:59pm,53,5:00pm-5:59pm,59,6:00pm-6:59pm,20,1,Daylight,Clear,0,5,[],[],0,0,Valid,0.0,0.0,64.0,27.0,"['Male', 'Male', 'Male', 'Female']",0,0,4,4,5,Dry,Straight,Level,Lowest,No
15114,20,Kansas,200287,0,2,2,0,3,NOT APPLICABLE,October,27,Friday,6,3,Rural,High Speed (Arterial),Yes,38.40668056,-96.38306944,Non-Intersection,Dark - Not Lighted,Clear,6:00am-6:59am,7,6:00am-6:59am,18,Not Applicable (Not Transported),Not Applicable (Not Transported),2,Dark - Unlighted,Clear,2,1,"['Driver', 'Rear_Seat']","['None_Used', 'None_Used']",0,0,Invalid,0.0,0.0,53.0,26.0,"['Female', 'Male']",0,0,4,4,5,Dry,Curve,Level,Lowest,No
15115,20,Kansas,200288,0,1,1,0,1,KANSAS CITY,November,4,Saturday,4,40,Urban,High Speed (Arterial),Yes,39.07265,-94.65078333,Non-Intersection,Dark - Lighted,Clear,4:00am-4:59am,42,4:00am-4:59am,45,Not Applicable (Not Transported),Not Applicable (Not Transported),1,Dark - Lighted,Clear,1,0,['Driver'],['None_Used'],0,0,Invalid,0.0,0.0,21.0,21.0,['Male'],1,0,2,4,3,Dry,Straight,Level,Lowest,No
15116,20,Kansas,200290,0,2,2,0,2,NOT APPLICABLE,September,30,Saturday,17,52,Rural,High Speed (Arterial),Yes,37.88169167,-97.71979722,Complex/Circle,Daylight,Clear,5:00pm-5:59pm,54,6:00pm-6:59pm,4,Not Applicable (Not Transported),Not Applicable (Not Transported),1,Daylight,Clear,1,1,['Driver'],['Shoulder_Lapbelt'],0,0,Valid,0.0,0.0,71.0,47.0,"['Female', 'Male']",0,0,4,4,5,Dry,Straight,Level,Lowest,No
15117,20,Kansas,200291,0,2,2,0,3,WICHITA,October,14,Saturday,1,55,Urban,High Speed (Arterial),Yes,37.69448333,-97.40863889,Complex/Circle,Dark - Lighted,Clear,2:00am-2:59am,0,Unknown EMS Scene Arrival Hour,Officially Cancelled,Unknown,Officially Canceled,1,Dark - Lighted,Clear,1,2,['Driver'],['None_Used'],1,1,Invalid,0.0,1.0,29.0,26.0,"['Male', 'Male']",1,0,5,4,5,Dry,Straight,Level,Lowest,No
15118,20,Kansas,200292,0,1,1,0,1,NOT APPLICABLE,November,9,Thursday,11,30,Rural,Medium Speed (Collector),No,39.19096111,-100.44289444,Non-Intersection,Daylight,Not Reported,11:00am-11:59am,32,11:00am-11:59am,49,Not Applicable (Not Transported),Not Applicable (Not Transported),1,Daylight,Clear,1,0,['Driver'],['Shoulder_Lapbelt'],0,0,Valid,0.0,0.0,30.0,30.0,['Male'],0,0,4,4,3,Dry,Straight,Level,Lowest,No
15119,20,Kansas,200293,0,1,1,0,1,NOT APPLICABLE,November,12,Sunday,2,13,Rural,High Speed (Arterial),Yes,37.98612778,-101.77680278,Non-Intersection,Dark - Not Lighted,Clear,1:00am-1:59am,17,1:00am-1:59am,28,Not Applicable (Not Transported),Not Applicable (Not Transported),1,Dark - Unlighted,Clear,1,0,['Driver'],['Shoulder_Lapbelt'],0,0,Invalid,0.0,0.0,18.0,18.0,['Male'],0,0,2,4,3,Dry,Straight,Level,Lowest,No
15120,20,Kansas,200294,0,2,2,0,4,HAVEN,November,7,Tuesday,6,40,Rural,High Speed (Arterial),Yes,37.89908056,-97.7925,Complex/Circle,Dawn,"Fog, Smog, Smoke",6:00am-6:59am,48,6:00am-6:59am,58,Not Applicable (Not Transported),Not Applicable (Not Transported),1,Twilight,Reduced Visibility,1,3,['Driver'],['None_Used'],0,0,Valid,0.0,0.0,67.0,21.0,"['Female', 'Male']",3,0,3,4,5,Wet/Standing Water,Curve,Level,Lowest,No
15121,20,Kansas,200295,0,2,2,0,3,MERRIAM,November,14,Tuesday,17,46,Urban,High Speed (Arterial),Yes,38.99545833,-94.69580278,Non-Intersection,Dark - Not Lighted,Clear,5:00pm-5:59pm,49,5:00pm-5:59pm,59,6:00pm-6:59pm,44,1,Dark - Unlighted,Clear,1,1,['Front_Passenger'],['Lapbelt_Only'],0,0,Valid,0.0,0.0,999.0,81.0,"['Male', 'Other']",0,0,3,4,5,Dry,Straight,Grade/Hillcrest,Lowest,No
15122,20,Kansas,200296,0,2,2,0,8,OLATHE,November,10,Friday,15,35,Urban,Medium Speed (Collector),No,38.90584167,-94.79745556,Simple Junction,Daylight,Not Reported,3:00pm-3:59pm,36,3:00pm-3:59pm,40,Not Applicable (Not Transported),Not Applicable (Not Transported),1,Daylight,Clear,1,7,['Driver'],['None_Used'],0,0,Valid,1.0,0.0,56.0,20.0,"['Male', 'Female']",0,0,5,4,5,Dry,Straight,Grade/Hillcrest,Lowest,No
15123,20,Kansas,200297,0,2,2,0,4,NOT APPLICABLE,October,25,Wednesday,18,45,Rural,High Speed (Arterial),Yes,37.86344722,-94.97936944,Simple Junction,Dark - Not Lighted,Not Reported,6:00pm-6:59pm,46,7:00pm-7:59pm,3,7:00pm-7:59pm,49,1,Dark - Unlighted,Clear,1,3,['Front_Passenger'],['None_Used'],0,0,Valid,1.0,0.0,75.0,35.0,"['Female', 'Male']",0,0,3,4,5,Dry,Straight,Grade/Hillcrest,Lowest,No
15124,20,Kansas,200298,0,1,1,0,1,NOT APPLICABLE,November,9,Thursday,6,0,Rural,High Speed (Arterial),Yes,39.45164444,-100.80441944,Non-Intersection,Dark - Not Lighted,Not Reported,6:00am-6:59am,12,6:00am-6:59am,29,7:00am-7:59am,5,1,Dark - Unlighted,Clear,1,0,['Driver'],['None_Used'],0,0,Valid,0.0,1.0,54.0,54.0,['Female'],0,0,3,4,3,Dry,Straight,Level,Lowest,No
15125,20,Kansas,200299,0,2,2,0,5,NOT APPLICABLE,November,13,Monday,15,58,Urban,High Speed (Arterial),Yes,38.93022778,-95.30041111,Non-Intersection,Daylight,Clear,4:00pm-4:59pm,1,4:00pm-4:59pm,7,Unknown,Unknown EMS Hospital Arrival Time,1,Daylight,Clear,1,4,['Driver'],['Shoulder_Lapbelt'],0,0,Valid,0.0,1.0,58.0,27.0,"['Female', 'Male']",0,0,3,4,5,Dry,Curve,Grade/Hillcrest,Lowest,No
15126,20,Kansas,200300,0,1,1,0,3,NOT APPLICABLE,November,15,Wednesday,15,22,Urban,Low Speed (Local),No,39.14269167,-95.23401944,Non-Intersection,Daylight,Not Reported,3:00pm-3:59pm,29,3:00pm-3:59pm,50,Not Applicable (Not Transported),Not Applicable (Not Transported),1,Daylight,Clear,1,2,['Non_Standard_Risk'],['None_Used'],0,0,Valid,0.0,0.0,22.0,22.0,['Male'],0,0,4,1,1,Dry,Curve,Grade/Hillcrest,Lowest,No
15127,20,Kansas,200301,0,1,1,0,1,NOT APPLICABLE,October,31,Tuesday,16,47,Rural,Medium Speed (Collector),No,37.99412778,-97.66543333,Non-Intersection,Daylight,Not Reported,5:00pm-5:59pm,6,5:00pm-5:59pm,25,Not Applicable (Not Transported),Not Applicable (Not Transported),1,Daylight,Clear,1,0,['Driver'],['Shoulder_Lapbelt'],0,0,Valid,0.0,0.0,26.0,26.0,['Male'],0,0,1,4,3,Dry,Straight,Level,Lowest,No
15128,20,Kansas,200302,0,1,1,0,2,KANSAS CITY,September,17,Sunday,19,8,Urban,Medium Speed (Collector),No,39.10251667,-94.67068333,Complex/Circle,Daylight,Not Reported,7:00pm-7:59pm,10,7:00pm-7:59pm,16,Not Applicable (Not Transported),Not Applicable (Not Transported),2,Daylight,Clear,2,0,"['Driver', 'Front_Passenger']","['Shoulder_Lapbelt', 'Shoulder_Lapbelt']",0,0,Valid,0.0,0.0,74.0,74.0,['Female'],0,0,2,4,3,Dry,Curve,Level,Lowest,No
15129,20,Kansas,200303,0,2,2,0,2,LEAVENWORTH,October,23,Monday,8,7,Urban,Medium Speed (Collector),No,39.27426111,-94.89205833,Non-Intersection,Daylight,Not Reported,8:00am-8:59am,9,8:00am-8:59am,11,8:00am-8:59am,27,1,Daylight,Clear,1,1,['Driver'],['None_Used'],1,1,Valid,0.0,0.0,36.0,29.0,"['Male', 'Male']",0,0,5,4,5,Dry,Curve,Level,Lowest,No
15130,20,Kansas,200304,0,1,1,0,1,NOT APPLICABLE,November,10,Friday,9,34,Rural,High Speed (Arterial),Yes,39.13518333,-97.66910556,Non-Intersection,Daylight,Clear,9:00am-9:59am,34,9:00am-9:59am,43,Not Applicable (Not Transported),Not Applicable (Not Transported),1,Daylight,Clear,1,0,['Driver'],['Shoulder_Lapbelt'],0,0,Valid,0.0,0.0,58.0,58.0,['Male'],0,0,1,4,3,Dry,Straight,Level,Lowest,No
15131,20,Kansas,200305,0,1,1,0,1,JUNCTION CITY,November,14,Tuesday,2,17,Urban,Medium Speed (Collector),No,39.02482778,-96.84939444,Non-Intersection,Dark - Lighted,Not Reported,2:00am-2:59am,20,2:00am-2:59am,22,2:00am-2:59am,41,1,Dark - Lighted,Clear,1,0,['Driver'],['None_Used'],1,1,Invalid,1.0,0.0,25.0,25.0,['Male'],0,0,3,4,3,Dry,Curve,Level,Lowest,No
15132,20,Kansas,200306,1,1,1,0,1,WICHITA,November,4,Saturday,15,14,Urban,Medium Speed (Collector),No,37.64251389,-97.31100833,Non-Intersection,Daylight,Not Reported,3:00pm-3:59pm,5,3:00pm-3:59pm,12,Not Applicable (Not Transported),Not Applicable (Not Transported),1,Daylight,Clear,1,0,['Driver'],['Shoulder_Lapbelt'],0,0,Valid,0.0,0.0,67.0,67.0,['Female'],0,0,3,4,4,Dry,Straight,Level,Lowest,No