,State_Code,State_Name,Crash_ID,Count_Non_Motorists,Count_Vehicles_Total,Count_Vehicle_Forms,Count_PVH_Involved,Count_Occupants_MV,City_Name,Month_Name,Day_of_Month,Day_of_Week,Crash_Hour,Crash_Minute,Area_Rural_Urban,Road_Functional_Class,On_NHS_Road,Latitude,Longitude,Intersection_Type,Light_Condition,Weather_Condition,Notif_Hour,Notif_Minute,Arrival_Hour,Arrival_Minute,Hospital_Hour,Hospital_Minute,Fatalities_Count,Clean_Light_Condition,Clean_Weather_Condition,Total_Killed,Total_Alive,Fatal_Seats_List,Killed_Restraint_List,Any_Driver_Drinking,Total_Drinking_Drivers,Driver_License_Category,Driver_Max_Prev_Accident_Count,Driver_Max_Prev_Speeding_Count,Max_Driver_Age,Min_Driver_Age,Driver_Sex_List,Total_Exceeding_Limit_Vehicles,Total_Too_Fast_Vehicles,Max_Vehicle_Type_Severity_5,Max_Vehicle_Damage_Rank,Max_Harmful_Event_Severity,Crash_Road_Surface_Condition,Crash_Horizontal_Alignment,Crash_Vertical_Profile,Crash_Impairment_Category,Crash_Vehicle_Defect
15133,20,Kansas,200307,0,2,2,0,3,NOT APPLICABLE,November,18,Saturday,17,54,Rural,Medium Speed (Collector),No,37.72300278,-97.08404444,Non-Intersection,Dark - Not Lighted,Not Reported,5:00pm-5:59pm,58,6:00pm-6:59pm,8,6:00pm-6:59pm,51,1,Dark - Unlighted,Clear,1,2,['Driver'],['Shoulder_Lapbelt'],0,0,Valid,0.0,0.0,67.0,62.0,"['Female', 'Male']",0,0,5,4,5,Dry,Straight,Level,Lowest,No
15134,20,Kansas,200308,0,1,1,0,1,WICHITA,July,28,Friday,3,52,Urban,Medium Speed (Collector),No,37.70893056,-97.40468333,Non-Intersection,Dark - Lighted,Not Reported,3:00am-3:59am,53,3:00am-3:59am,58,Not Applicable (Not Transported),Not Applicable (Not Transported),1,Dark - Lighted,Clear,1,0,['Driver'],['None_Used'],1,1,Valid,0.0,0.0,29.0,29.0,['Male'],1,0,5,4,2,Dry,Curve,Level,Lowest,No
15135,20,Kansas,200309,1,1,1,0,2,WICHITA,September,4,Monday,20,53,Urban,Medium Speed (Collector),No,37.638825,-97.28038333,Non-Intersection,Dark - Lighted,Not Reported,8:00pm-8:59pm,55,8:00pm-8:59pm,59,Not Applicable (Not Transported),Not Applicable (Not Transported),1,Dark - Lighted,Clear,0,2,[],[],0,0,Valid,0.0,0.0,58.0,58.0,['Male'],0,0,2,4,4,Dry,Straight,Level,Lowest,No
15136,20,Kansas,200310,1,1,1,0,5,NOT APPLICABLE,August,16,Wednesday,7,17,Urban,Low Speed (Local),No,37.60631667,-97.29610833,Non-Intersection,Daylight,Not Reported,7:00am-7:59am,20,7:00am-7:59am,31,Not Applicable (Not Transported),Not Applicable (Not Transported),1,Daylight,Clear,0,1,[],[],0,0,Valid,0.0,0.0,66.0,66.0,['Female'],0,0,4,2,4,Dry,Straight,Level,Lowest,No
15137,20,Kansas,200311,1,1,1,0,1,WICHITA,September,4,Monday,2,43,Urban,Medium Speed (Collector),No,37.62251667,-97.37061111,Complex/Circle,Dark - Lighted,Not Reported,2:00am-2:59am,44,2:00am-2:59am,48,Not Applicable (Not Transported),Not Applicable (Not Transported),1,Dark - Lighted,Clear,0,1,[],[],0,0,Valid,1.0,0.0,70.0,70.0,['Male'],0,0,2,2,4,Dry,Straight,Level,Lowest,No
15138,20,Kansas,200312,0,2,2,0,4,NEWTON,November,13,Monday,10,38,Urban,Low Speed (Local),No,38.04976944,-97.32221944,Complex/Circle,Daylight,Not Reported,10:00am-10:59am,40,10:00am-10:59am,43,Not Applicable (Not Transported),Not Applicable (Not Transported),1,Daylight,Clear,1,3,['Front_Passenger'],['Shoulder_Lapbelt'],0,0,Valid,0.0,0.0,23.0,22.0,"['Male', 'Male']",2,0,4,4,5,Dry,Straight,Level,Lowest,No
15139,20,Kansas,200313,0,2,2,0,2,NOT APPLICABLE,December,8,Friday,11,26,Urban,High Speed (Arterial),Yes,37.73446389,-99.979275,Non-Intersection,Daylight,Clear,11:00am-11:59am,31,11:00am-11:59am,36,Not Applicable (Not Transported),Not Applicable (Not Transported),1,Daylight,Clear,1,1,['Driver'],['Shoulder_Lapbelt'],1,1,Valid,0.0,0.0,69.0,20.0,"['Male', 'Male']",0,0,4,4,5,Dry,Straight,Level,Lowest,No
15140,20,Kansas,200314,0,2,2,0,2,NOT APPLICABLE,November,4,Saturday,7,24,Rural,High Speed (Arterial),Yes,38.15112222,-99.13439722,Non-Intersection,Dawn,Not Reported,7:00am-7:59am,28,7:00am-7:59am,36,8:00am-8:59am,7,1,Twilight,Clear,1,1,['Driver'],['Shoulder_Lapbelt'],0,0,Valid,0.0,0.0,72.0,71.0,"['Male', 'Male']",0,0,5,4,5,Dry,Straight,Grade/Hillcrest,Lowest,No
15141,20,Kansas,200315,0,2,2,0,3,NOT APPLICABLE,November,16,Thursday,3,55,Rural,Medium Speed (Collector),No,37.38514167,-94.83293611,Non-Intersection,Dark - Not Lighted,Not Reported,3:00am-3:59am,58,4:00am-4:59am,14,7:00am-7:59am,5,1,Dark - Unlighted,Clear,1,2,['Driver'],['None_Used'],0,0,Valid,0.0,1.0,66.0,31.0,"['Male', 'Female']",0,0,3,4,5,Dry,Straight,Level,Lowest,No
15142,20,Kansas,200316,0,2,2,0,2,NOT APPLICABLE,November,23,Thursday,17,48,Rural,Medium Speed (Collector),No,39.26082222,-95.31108056,Non-Intersection,Dark - Not Lighted,Clear,5:00pm-5:59pm,52,5:00pm-5:59pm,54,6:00pm-6:59pm,39,1,Dark - Unlighted,Clear,1,1,['Driver'],['Shoulder_Lapbelt'],0,0,Valid,0.0,0.0,81.0,33.0,"['Female', 'Male']",0,0,2,4,5,Dry,Straight,Level,Lowest,No
15143,20,Kansas,200317,0,2,2,0,2,NOT APPLICABLE,November,30,Thursday,22,7,Rural,Medium Speed (Collector),No,37.68925833,-95.49745556,Non-Intersection,Dark - Not Lighted,Rain,10:00pm-10:59pm,11,10:00pm-10:59pm,32,Not Applicable (Not Transported),Not Applicable (Not Transported),1,Dark - Unlighted,Rain/Wind/Minor,1,1,['Driver'],['Shoulder_Lapbelt'],0,0,Valid,2.0,1.0,68.0,58.0,"['Male', 'Male']",0,0,4,4,5,Wet/Standing Water,Straight,Level,Lowest,No
15144,20,Kansas,200318,0,1,1,0,1,NOT APPLICABLE,December,7,Thursday,1,30,Rural,High Speed (Arterial),Yes,37.06703611,-95.92571944,Non-Intersection,Dark - Not Lighted,Not Reported,1:00am-1:59am,37,1:00am-1:59am,44,Not Applicable (Not Transported),Not Applicable (Not Transported),1,Dark - Unlighted,Clear,1,0,['Driver'],['Shoulder_Lapbelt'],0,0,Valid,0.0,0.0,64.0,64.0,['Male'],1,0,4,4,3,Dry,Curve,Grade/Hillcrest,Lowest,No
15145,20,Kansas,200319,0,2,2,0,2,NOT APPLICABLE,November,27,Monday,13,30,Rural,Medium Speed (Collector),No,37.19204722,-99.65266111,Complex/Circle,Daylight,Clear,1:00pm-1:59pm,42,1:00pm-1:59pm,52,2:00pm-2:59pm,12,1,Daylight,Clear,1,1,['Driver'],['None_Used'],0,0,Valid,0.0,0.0,73.0,50.0,"['Male', 'Male']",0,0,4,4,5,Dry,Straight,Level,Lowest,No
15146,20,Kansas,200320,0,1,1,0,1,NOT APPLICABLE,November,22,Wednesday,7,45,Rural,Medium Speed (Collector),No,38.84190278,-97.73654167,Non-Intersection,Reported as Unknown,Reported as Unknown,Not Applicable (Not Notified),Not Applicable (Not Notified),Not Applicable,Not Applicable,Not Applicable (Not Transported),Not Applicable (Not Transported),1,Dark - Unlighted,Clear,1,0,['Driver'],['None_Used'],0,0,Valid,0.0,0.0,20.0,20.0,['Male'],1,0,3,4,3,Dry,Straight,Level,Lowest,No
15147,20,Kansas,200321,0,1,1,0,1,NOT APPLICABLE,November,1,Wednesday,23,15,Rural,Medium Speed (Collector),No,38.72572778,-98.26265278,Non-Intersection,Dark - Not Lighted,Not Reported,11:00pm-11:59pm,49,0:00am-0:59am,0,Not Applicable (Not Transported),Not Applicable (Not Transported),1,Dark - Unlighted,Clear,1,0,['Driver'],['None_Used'],1,1,Valid,0.0,0.0,44.0,44.0,['Male'],0,0,3,4,3,Dry,Straight,Level,Lowest,No
15148,20,Kansas,200322,0,2,2,0,3,NOT APPLICABLE,December,4,Monday,18,16,Rural,High Speed (Arterial),Yes,38.34825833,-96.96669444,Complex/Circle,Dark - Not Lighted,Not Reported,6:00pm-6:59pm,20,6:00pm-6:59pm,25,Unknown,Unknown EMS Hospital Arrival Time,2,Dark - Unlighted,Clear,2,1,"['Driver', 'Front_Passenger']","['None_Used', 'None_Used']",0,0,Valid,0.0,0.0,31.0,17.0,"['Male', 'Male']",0,0,4,4,5,Dry,Straight,Level,Lowest,No
15149,20,Kansas,200323,0,1,1,0,1,LAWRENCE,July,26,Wednesday,15,42,Urban,Medium Speed (Collector),No,38.97127222,-95.36499167,Non-Intersection,Daylight,Not Reported,3:00pm-3:59pm,48,3:00pm-3:59pm,55,4:00pm-4:59pm,25,1,Daylight,Clear,1,0,['Driver'],['Shoulder_Lapbelt'],0,0,Valid,0.0,0.0,59.0,59.0,['Female'],0,0,2,4,3,Dry,Straight,Level,Lowest,No
15150,20,Kansas,200324,0,1,1,0,1,NOT APPLICABLE,December,6,Wednesday,17,35,Rural,High Speed (Arterial),Yes,37.11319167,-96.27248333,Non-Intersection,Dark - Not Lighted,Clear,5:00pm-5:59pm,41,5:00pm-5:59pm,52,Not Applicable (Not Transported),Not Applicable (Not Transported),1,Dark - Unlighted,Clear,1,0,['Driver'],['None_Used'],0,0,Valid,0.0,0.0,41.0,41.0,['Male'],0,0,2,4,3,Dry,Straight,Level,Medium,No
15151,20,Kansas,200325,0,3,3,0,3,NOT APPLICABLE,December,1,Friday,21,57,Rural,Medium Speed (Collector),No,38.05891944,-100.46356944,Complex/Circle,Dark - Not Lighted,Not Reported,9:00pm-9:59pm,57,10:00pm-10:59pm,18,11:00pm-11:59pm,7,1,Dark - Unlighted,Clear,1,2,['Driver'],['Shoulder_Lapbelt'],0,0,Valid,1.0,3.0,51.0,24.0,"['Male', 'Female', 'Male']",0,0,4,4,5,Dry,Straight,Level,Lowest,No
15152,20,Kansas,200326,0,1,1,0,1,NOT APPLICABLE,December,5,Tuesday,19,56,Rural,Medium Speed (Collector),No,39.14376111,-96.52357222,Non-Intersection,Dark - Not Lighted,Not Reported,7:00pm-7:59pm,57,8:00pm-8:59pm,5,Not Applicable (Not Transported),Not Applicable (Not Transported),1,Dark - Unlighted,Clear,1,0,['Driver'],['Shoulder_Lapbelt'],0,0,Valid,0.0,0.0,33.0,33.0,['Male'],0,0,2,4,3,Dry,Curve,Grade/Hillcrest,Lowest,No
15153,20,Kansas,200327,1,1,1,0,1,ABILENE,October,30,Monday,6,57,Urban,Medium Speed (Collector),No,38.92487778,-97.21023333,Non-Intersection,Dark - Lighted,Not Reported,6:00am-6:59am,58,7:00am-7:59am,4,7:00am-7:59am,46,1,Dark - Lighted,Clear,0,1,[],[],0,0,Valid,0.0,1.0,19.0,19.0,['Female'],0,0,2,2,4,Dry,Straight,Grade/Hillcrest,Lowest,No
15154,20,Kansas,200328,0,2,2,0,3,NOT APPLICABLE,September,6,Wednesday,16,42,Urban,Medium Speed (Collector),No,37.65285833,-97.26586667,Non-Intersection,Daylight,Not Reported,4:00pm-4:59pm,43,4:00pm-4:59pm,49,5:00pm-5:59pm,19,1,Daylight,Clear,1,2,['Driver'],['Shoulder_Lapbelt'],0,0,Valid,0.0,0.0,48.0,18.0,"['Male', 'Male']",2,0,3,4,5,Dry,Curve,Grade/Hillcrest,Lowest,No
15155,20,Kansas,200329,1,1,1,0,1,OVERLAND PARK,October,9,Monday,1,9,Urban,High Speed (Arterial),Yes,38.93149722,-94.66435556,Non-Intersection,Dark - Not Lighted,Not Reported,1:00am-1:59am,14,1:00am-1:59am,19,Not Applicable (Not Transported),Not Applicable (Not Transported),1,Dark - Unlighted,Clear,0,1,[],[],0,0,Valid,0.0,0.0,51.0,51.0,['Female'],0,0,4,2,4,Dry,Straight,Grade/Hillcrest,Lowest,No
15156,20,Kansas,200330,0,2,2,0,3,NOT APPLICABLE,August,11,Friday,12,43,Rural,Medium Speed (Collector),No,37.82915556,-97.51879167,Non-Intersection,Daylight,Rain,12:00pm-12:59pm,48,1:00pm-1:59pm,3,1:00pm-1:59pm,40,1,Daylight,Rain/Wind/Minor,1,2,['Front_Passenger'],['Shoulder_Lapbelt'],0,0,Valid,0.0,0.0,80.0,17.0,"['Male', 'Male']",0,0,3,4,5,Wet/Standing Water,Straight,Level,Medium,No
15157,20,Kansas,200331,0,2,2,0,2,NOT APPLICABLE,December,1,Friday,8,40,Rural,High Speed (Arterial),Yes,37.66471389,-96.62620833,Non-Intersection,Daylight,Rain,8:00am-8:59am,59,9:00am-9:59am,23,10:00am-10:59am,23,1,Daylight,Rain/Wind/Minor,1,1,['Driver'],['Shoulder_Lapbelt'],0,0,Valid,0.0,0.0,49.0,27.0,"['Male', 'Male']",0,0,4,4,5,Wet/Standing Water,Straight,Level,Lowest,No
15158,20,Kansas,200332,0,2,2,0,3,NOT APPLICABLE,December,8,Friday,16,38,Rural,Medium Speed (Collector),No,39.71150556,-96.97558333,Complex/Circle,Daylight,Not Reported,4:00pm-4:59pm,44,4:00pm-4:59pm,50,5:00pm-5:59pm,10,1,Daylight,Clear,1,2,['Driver'],['None_Used'],0,0,Invalid,0.0,0.0,20.0,15.0,"['Male', 'Female']",0,0,3,4,5,Dry,Straight,Level,Lowest,No
15159,20,Kansas,200333,0,2,2,0,3,NOT APPLICABLE,December,5,Tuesday,14,44,Rural,Medium Speed (Collector),No,37.47121944,-95.26934444,Complex/Circle,Daylight,Clear,2:00pm-2:59pm,48,2:00pm-2:59pm,48,4:00pm-4:59pm,0,1,Daylight,Clear,1,2,['Driver'],['Shoulder_Lapbelt'],0,0,Valid,0.0,0.0,53.0,51.0,"['Male', 'Male']",0,0,3,4,5,Dry,Straight,Level,Lowest,No
15160,20,Kansas,200334,0,1,1,0,1,KANSAS CITY,April,2,Sunday,4,2,Urban,Medium Speed (Collector),No,39.10708889,-94.73951111,Complex/Circle,Dark - Lighted,Not Reported,4:00am-4:59am,6,4:00am-4:59am,11,4:00am-4:59am,24,1,Dark - Lighted,Clear,1,0,['Driver'],['None_Used'],0,0,Valid,0.0,0.0,19.0,19.0,['Male'],1,0,2,4,3,Dry,Straight,Level,Lowest,No
15161,20,Kansas,200335,0,1,1,0,1,NOT APPLICABLE,December,8,Friday,0,30,Rural,Medium Speed (Collector),No,39.85045556,-100.95933333,Non-Intersection,Dark - Lighted,Not Reported,5:00am-5:59am,11,5:00am-5:59am,24,Not Applicable (Not Transported),Not Applicable (Not Transported),1,Dark - Lighted,Clear,1,0,['Driver'],['None_Used'],1,1,Valid,1.0,0.0,63.0,63.0,['Male'],0,0,2,4,3,Dry,Curve,Level,Lowest,No
15162,20,Kansas,200336,0,1,1,0,3,Not Reported,December,15,Friday,2,23,Rural,Medium Speed (Collector),No,37.55949167,-95.90664167,Simple Junction,Dark - Not Lighted,Not Reported,2:00am-2:59am,34,2:00am-2:59am,47,3:00am-3:59am,15,1,Dark - Unlighted,Clear,1,2,['Front_Passenger'],['Shoulder_Lapbelt'],0,0,Valid,0.0,0.0,18.0,18.0,['Male'],0,0,2,4,3,Dry,Curve,Grade/Hillcrest,Lowest,No
15163,20,Kansas,200337,0,2,2,0,8,NOT APPLICABLE,December,14,Thursday,8,10,Rural,Medium Speed (Collector),No,37.54901667,-100.60708611,Non-Intersection,Daylight,Freezing Rain or Drizzle,8:00am-8:59am,14,8:00am-8:59am,26,9:00am-9:59am,45,1,Daylight,Snow/Ice/Severe,1,7,['Driver'],['Shoulder_Lapbelt'],0,0,Valid,0.0,0.0,59.0,32.0,"['Female', 'Female']",1,0,3,4,5,Icy/Snowy,Straight,Level,Lowest,No
15164,20,Kansas,200339,0,1,1,0,2,NOT APPLICABLE,December,6,Wednesday,12,47,Rural,Medium Speed (Collector),No,38.89892222,-95.64768333,Non-Intersection,Daylight,Clear,12:00pm-12:59pm,51,1:00pm-1:59pm,13,Not Applicable (Not Transported),Not Applicable (Not Transported),2,Daylight,Clear,2,0,"['Driver', 'Front_Passenger']","['None_Used', 'Shoulder_Lapbelt']",0,0,Valid,1.0,0.0,82.0,82.0,['Male'],0,0,3,4,2,Dry,Straight,Grade/Hillcrest,Lowest,No
15165,20,Kansas,200340,0,3,3,0,4,NOT APPLICABLE,December,15,Friday,7,40,Rural,Medium Speed (Collector),No,38.37695833,-97.47712778,Non-Intersection,Dawn,Rain,7:00am-7:59am,42,8:00am-8:59am,9,8:00am-8:59am,32,1,Twilight,Rain/Wind/Minor,1,3,['Driver'],['Shoulder_Lapbelt'],0,0,Valid,1.0,0.0,64.0,30.0,"['Male', 'Female', 'Female']",0,0,3,4,5,Wet/Standing Water,Straight,Level,Medium,No
15166,20,Kansas,200341,0,2,2,0,3,NOT APPLICABLE,December,10,Sunday,16,45,Rural,Medium Speed (Collector),No,37.60683333,-97.04381667,Complex/Circle,Daylight,Cloudy,4:00pm-4:59pm,51,4:00pm-4:59pm,58,5:00pm-5:59pm,38,2,Daylight,Reduced Visibility,2,1,"['Driver', 'Front_Passenger']","['Shoulder_Lapbelt', 'Shoulder_Lapbelt']",0,0,Valid,0.0,2.0,46.0,30.0,"['Female', 'Female']",0,0,3,4,5,Dry,Straight,Level,Lowest,No
15167,20,Kansas,200342,0,1,1,0,2,NOT APPLICABLE,November,8,Wednesday,12,26,Rural,Medium Speed (Collector),No,37.25777778,-97.40662222,Complex/Circle,Daylight,Not Reported,12:00pm-12:59pm,30,12:00pm-12:59pm,33,12:00pm-12:59pm,56,1,Daylight,Clear,1,1,['Driver'],['None_Used'],0,0,Valid,0.0,1.0,66.0,66.0,['Male'],0,0,5,4,1,Dry,Curve,Level,Lowest,No
15168,20,Kansas,200343,1,1,1,0,1,WICHITA,February,20,Monday,19,16,Urban,Medium Speed (Collector),No,37.70451667,-97.33551667,Complex/Circle,Dark - Lighted,Not Reported,7:00pm-7:59pm,17,7:00pm-7:59pm,19,7:00pm-7:59pm,32,1,Dark - Lighted,Clear,0,1,[],[],0,0,Valid,0.0,4.0,21.0,21.0,['Male'],1,0,5,0,4,Dry,Straight,Level,Lowest,No
15169,20,Kansas,200345,0,2,2,0,3,NOT APPLICABLE,December,13,Wednesday,11,11,Rural,High Speed (Arterial),Yes,38.43513056,-96.95765,Complex/Circle,Daylight,Not Reported,11:00am-11:59am,24,11:00am-11:59am,35,Not Applicable (Not Transported),Not Applicable (Not Transported),2,Daylight,Clear,2,1,"['Driver', 'Front_Passenger']","['Shoulder_Lapbelt', 'None_Used']",0,0,Valid,0.0,2.0,43.0,21.0,"['Female', 'Male']",0,0,4,4,5,Dry,Straight,Grade/Hillcrest,Lowest,No
15170,20,Kansas,200346,0,1,1,0,1,KANSAS CITY,December,15,Friday,21,29,Urban,Medium Speed (Collector),No,39.10189167,-94.75997222,Complex/Circle,Dark - Lighted,Rain,9:00pm-9:59pm,25,9:00pm-9:59pm,31,9:00pm-9:59pm,47,1,Dark - Lighted,Rain/Wind/Minor,1,0,['Driver'],['None_Used'],1,1,Valid,0.0,0.0,42.0,42.0,['Male'],0,0,3,4,3,Wet/Standing Water,Straight,Grade/Hillcrest,Lowest,No
15171,20,Kansas,200347,0,2,2,0,4,NOT APPLICABLE,December,24,Sunday,21,10,Rural,High Speed (Arterial),Yes,38.19705,-98.13321667,Non-Intersection,Dark - Not Lighted,Rain,9:00pm-9:59pm,15,9:00pm-9:59pm,34,10:00pm-10:59pm,7,1,Dark - Unlighted,Rain/Wind/Minor,1,3,['Driver'],['None_Used'],0,0,Valid,0.0,1.0,23.0,21.0,"['Male', 'Female']",0,0,3,4,5,Wet/Standing Water,Straight,Level,Lowest,No
15172,20,Kansas,200348,0,2,2,0,2,WICHITA,April,29,Saturday,16,7,Urban,Medium Speed (Collector),No,37.69459722,-97.41238056,Simple Junction,Daylight,Not Reported,4:00pm-4:59pm,9,4:00pm-4:59pm,9,4:00pm-4:59pm,50,1,Daylight,Clear,1,1,['Driver'],['None_Used'],0,0,Valid,0.0,0.0,71.0,25.0,"['Female', 'Female']",0,0,2,4,5,Dry,Straight,Level,Lowest,No
15173,20,Kansas,200349,0,2,2,0,3,SHAWNEE,December,1,Friday,18,53,Urban,Medium Speed (Collector),No,39.02218333,-94.77178333,Non-Intersection,Dark - Lighted,Not Reported,6:00pm-6:59pm,56,6:00pm-6:59pm,59,7:00pm-7:59pm,27,1,Dark - Lighted,Clear,1,2,['Rear_Seat'],['Shoulder_Lapbelt'],1,1,Valid,0.0,0.0,39.0,25.0,"['Male', 'Male']",0,0,3,4,5,Wet/Standing Water,Straight,Level,Lowest,No
15174,20,Kansas,200350,0,2,2,0,5,NOT APPLICABLE,December,25,Monday,17,6,Rural,Medium Speed (Collector),No,38.19041111,-99.20507222,Non-Intersection,Dusk,Snow,5:00pm-5:59pm,10,5:00pm-5:59pm,18,5:00pm-5:59pm,51,1,Twilight,Snow/Ice/Severe,1,4,['Front_Passenger'],['Shoulder_Lapbelt'],0,0,Valid,1.0,0.0,58.0,27.0,"['Male', 'Male']",1,0,3,4,5,Icy/Snowy,Curve,Level,Lowest,No
15175,20,Kansas,200351,0,2,2,0,2,WICHITA,November,22,Wednesday,22,20,Urban,Medium Speed (Collector),No,37.688375,-97.42606944,Simple Junction,Dark - Lighted,Not Reported,10:00pm-10:59pm,21,10:00pm-10:59pm,25,10:00pm-10:59pm,44,1,Dark - Lighted,Clear,1,1,['Driver'],['None_Used'],1,2,Invalid,1.0,3.0,30.0,24.0,"['Male', 'Female']",0,0,3,4,5,Dry,Straight,Level,Lowest,No
15176,20,Kansas,200352,1,1,1,0,1,WICHITA,June,8,Thursday,21,23,Urban,Medium Speed (Collector),No,37.69847222,-97.38951389,Non-Intersection,Dark - Lighted,Not Reported,9:00pm-9:59pm,27,9:00pm-9:59pm,33,Not Applicable (Not Transported),Not Applicable (Not Transported),1,Dark - Lighted,Clear,0,1,[],[],0,0,Valid,0.0,0.0,24.0,24.0,['Female'],0,0,3,2,4,Dry,Straight,Level,Lowest,No
15177,20,Kansas,200353,0,1,1,0,1,WICHITA,September,23,Saturday,19,22,Urban,Medium Speed (Collector),No,37.71546111,-97.32916944,Non-Intersection,Dusk,Not Reported,7:00pm-7:59pm,24,7:00pm-7:59pm,27,7:00pm-7:59pm,49,1,Twilight,Clear,1,0,['Driver'],['None_Used'],1,1,Invalid,0.0,0.0,19.0,19.0,['Male'],0,0,2,4,3,Dry,Straight,Grade/Hillcrest,Lowest,No
15178,20,Kansas,200354,1,1,1,0,1,WICHITA,September,30,Saturday,2,13,Urban,Medium Speed (Collector),No,37.61218333,-97.3341,Non-Intersection,Dark - Lighted,Not Reported,2:00am-2:59am,13,2:00am-2:59am,18,2:00am-2:59am,43,1,Dark - Lighted,Clear,0,0,[],[],0,0,Invalid,0.0,0.0,999.0,999.0,['Other'],0,0,3,0,4,Dry,Straight,Level,Lowest,No
15179,20,Kansas,200355,0,2,2,0,4,WICHITA,November,8,Wednesday,14,51,Urban,Medium Speed (Collector),No,37.72619444,-97.34248056,Complex/Circle,Daylight,Clear,3:00pm-3:59pm,0,3:00pm-3:59pm,2,3:00pm-3:59pm,23,1,Daylight,Clear,1,3,['Front_Passenger'],['Shoulder_Lapbelt'],0,0,Invalid,1.0,0.0,23.0,16.0,"['Male', 'Female']",2,0,3,4,5,Dry,Straight,Level,Lowest,No
15180,20,Kansas,200356,0,1,1,0,1,NOT APPLICABLE,December,27,Wednesday,5,20,Rural,Medium Speed (Collector),No,37.95898889,-100.65999444,Non-Intersection,Dark - Not Lighted,Not Reported,5:00am-5:59am,33,5:00am-5:59am,57,6:00am-6:59am,25,1,Dark - Unlighted,Clear,1,0,['Driver'],['None_Used'],0,0,Invalid,0.0,0.0,31.0,31.0,['Male'],0,0,3,4,3,Dry,Straight,Level,Lowest,No
15181,20,Kansas,200357,0,1,1,0,1,WICHITA,July,1,Saturday,10,25,Urban,Medium Speed (Collector),No,37.64019722,-97.28034167,Non-Intersection,Daylight,Not Reported,10:00am-10:59am,23,10:00am-10:59am,29,10:00am-10:59am,56,1,Daylight,Clear,1,0,['Driver'],['None_Used'],0,0,Invalid,0.0,0.0,19.0,19.0,['Male'],0,0,2,4,3,Dry,Straight,Level,Lowest,No
15182,20,Kansas,200358,0,1,1,0,1,WICHITA,July,1,Saturday,19,24,Urban,Medium Speed (Collector),No,37.67340556,-97.34976667,Non-Intersection,Daylight,Not Reported,7:00pm-7:59pm,25,7:00pm-7:59pm,30,7:00pm-7:59pm,41,1,Daylight,Clear,1,0,['Driver'],['None_Used'],1,1,Valid,0.0,0.0,37.0,37.0,['Male'],1,0,5,4,2,Dry,Curve,Level,Lowest,No
15183,20,Kansas,200359,0,2,2,0,2,WICHITA,November,5,Sunday,13,57,Rural,Low Speed (Local),No,37.68977778,-97.34200556,Complex/Circle,Daylight,Not Reported,1:00pm-1:59pm,58,1:00pm-1:59pm,59,2:00pm-2:59pm,17,1,Daylight,Clear,1,1,['Driver'],['None_Used'],0,0,Valid,1.0,0.0,38.0,23.0,"['Male', 'Male']",1,0,5,4,5,Dry,Straight,Level,Lowest,No
15184,20,Kansas,200360,0,1,1,0,2,WICHITA,August,7,Monday,21,45,Urban,Medium Speed (Collector),No,37.60803056,-97.33451667,Complex/Circle,Dark - Lighted,Not Reported,9:00pm-9:59pm,45,9:00pm-9:59pm,51,10:00pm-10:59pm,7,1,Dark - Lighted,Clear,1,1,['Front_Passenger'],['Shoulder_Lapbelt'],1,1,Invalid,0.0,0.0,34.0,34.0,['Male'],0,0,2,1,1,Dry,Straight,Level,Lowest,No
15185,20,Kansas,200361,1,1,1,0,2,EMPORIA,December,30,Saturday,6,20,Urban,High Speed (Arterial),Yes,38.41374444,-96.16473056,Non-Intersection,Dark - Lighted,Not Reported,6:00am-6:59am,28,6:00am-6:59am,36,Not Applicable (Not Transported),Not Applicable (Not Transported),1,Dark - Lighted,Clear,0,2,[],[],0,0,Valid,0.0,0.0,43.0,43.0,['Male'],0,0,4,3,4,Dry,Curve,Level,Lowest,No
15186,20,Kansas,200362,0,2,2,0,7,NOT APPLICABLE,October,15,Sunday,19,3,Rural,Medium Speed (Collector),No,37.71964444,-97.78985556,Complex/Circle,Dusk,Not Reported,7:00pm-7:59pm,6,7:00pm-7:59pm,22,8:00pm-8:59pm,5,1,Twilight,Clear,1,6,['Front_Passenger'],['Shoulder_Lapbelt'],0,0,Valid,1.0,0.0,36.0,22.0,"['Male', 'Male']",0,0,3,4,5,Dry,Straight,Level,Lowest,No
15187,20,Kansas,200363,0,2,2,0,3,WICHITA,November,8,Wednesday,11,50,Urban,Medium Speed (Collector),No,37.62047778,-97.28239167,Non-Intersection,Daylight,Not Reported,11:00am-11:59am,53,11:00am-11:59am,57,Not Applicable (Not Transported),Not Applicable (Not Transported),1,Daylight,Clear,1,2,['Driver'],['None_Used'],0,0,Invalid,0.0,1.0,35.0,19.0,"['Male', 'Male']",1,0,5,4,5,Dry,Straight,Grade/Hillcrest,Lowest,No
15188,20,Kansas,200364,1,3,3,0,3,WICHITA,October,24,Tuesday,22,8,Urban,Medium Speed (Collector),No,37.70848056,-97.20791944,Complex/Circle,Dark - Not Lighted,Rain,10:00pm-10:59pm,9,10:00pm-10:59pm,16,10:00pm-10:59pm,45,1,Dark - Unlighted,Rain/Wind/Minor,0,3,[],[],1,1,Valid,0.0,0.0,41.0,31.0,"['Female', 'Male']",0,0,3,4,5,Wet/Standing Water,Straight,Level,Lowest,No
15189,20,Kansas,200365,1,1,1,0,2,WICHITA,September,10,Sunday,20,36,Urban,Medium Speed (Collector),No,37.67194167,-97.27487778,Non-Intersection,Dark - Lighted,Not Reported,8:00pm-8:59pm,38,8:00pm-8:59pm,41,Not Applicable (Not Transported),Not Applicable (Not Transported),1,Dark - Lighted,Clear,0,2,[],[],0,0,Valid,0.0,0.0,32.0,32.0,['Male'],0,0,3,3,4,Dry,Straight,Level,Lowest,No