,State_Code,State_Name,Crash_ID,Count_Non_Motorists,Count_Vehicles_Total,Count_Vehicle_Forms,Count_PVH_Involved,Count_Occupants_MV,City_Name,Month_Name,Day_of_Month,Day_of_Week,Crash_Hour,Crash_Minute,Area_Rural_Urban,Road_Functional_Class,On_NHS_Road,Latitude,Longitude,Intersection_Type,Light_Condition,Weather_Condition,Notif_Hour,Notif_Minute,Arrival_Hour,Arrival_Minute,Hospital_Hour,Hospital_Minute,Fatalities_Count,Clean_Light_Condition,Clean_Weather_Condition,Total_Killed,Total_Alive,Fatal_Seats_List,Killed_Restraint_List,Any_Driver_Drinking,Total_Drinking_Drivers,Driver_License_Category,Driver_Max_Prev_Accident_Count,Driver_Max_Prev_Speeding_Count,Max_Driver_Age,Min_Driver_Age,Driver_Sex_List,Total_Exceeding_Limit_Vehicles,Total_Too_Fast_Vehicles,Max_Vehicle_Type_Severity_5,Max_Vehicle_Damage_Rank,Max_Harmful_Event_Severity,Crash_Road_Surface_Condition,Crash_Horizontal_Alignment,Crash_Vertical_Profile,Crash_Impairment_Category,Crash_Vehicle_Defect
15190,20,Kansas,200367,0,2,2,0,2,TOPEKA,October,30,Monday,12,9,Urban,Low Speed (Local),No,39.07513056,-95.67313611,Complex/Circle,Daylight,Not Reported,12:00pm-12:59pm,11,12:00pm-12:59pm,14,12:00pm-12:59pm,40,1,Daylight,Clear,1,1,['Driver'],['Shoulder_Lapbelt'],0,0,Invalid,0.0,0.0,38.0,33.0,"['Male', 'Female']",1,0,3,4,5,Dry,Straight,Level,Lowest,No
15191,20,Kansas,200368,0,2,2,0,3,NOT APPLICABLE,November,19,Sunday,11,10,Urban,Medium Speed (Collector),No,37.44038889,-94.74166944,Complex/Circle,Daylight,Cloudy,11:00am-11:59am,13,11:00am-11:59am,21,11:00am-11:59am,57,1,Daylight,Reduced Visibility,1,2,['Driver'],['None_Used'],0,0,Valid,0.0,0.0,84.0,20.0,"['Male', 'Female']",2,0,3,4,5,Dry,Straight,Level,Lowest,No
15192,20,Kansas,200369,0,2,2,0,3,NOT APPLICABLE,December,12,Tuesday,12,50,Rural,High Speed (Arterial),Yes,38.28908889,-97.73490833,Complex/Circle,Daylight,Cloudy,12:00pm-12:59pm,53,1:00pm-1:59pm,1,2:00pm-2:59pm,7,1,Daylight,Reduced Visibility,1,2,['Rear_Seat'],['Shoulder_Lapbelt'],0,0,Valid,0.0,0.0,22.0,21.0,"['Female', 'Female']",0,0,3,4,5,Dry,Straight,Level,Lowest,No
15193,20,Kansas,200370,0,1,1,0,3,NOT APPLICABLE,November,15,Wednesday,2,28,Urban,Medium Speed (Collector),No,37.65445556,-97.26364444,Non-Intersection,Dark - Lighted,Not Reported,2:00am-2:59am,30,2:00am-2:59am,36,3:00am-3:59am,8,2,Dark - Lighted,Clear,2,1,"['Front_Passenger', 'Rear_Seat']","['Shoulder_Lapbelt', 'None_Used']",0,0,Valid,0.0,0.0,20.0,20.0,['Male'],3,0,2,4,3,Dry,Curve,Grade/Hillcrest,Lowest,No
15194,20,Kansas,200371,0,1,1,0,1,SHAWNEE,September,4,Monday,17,35,Urban,Low Speed (Local),No,39.02643889,-94.88762222,Non-Intersection,Daylight,Not Reported,5:00pm-5:59pm,40,5:00pm-5:59pm,53,6:00pm-6:59pm,28,1,Daylight,Clear,1,0,['Driver'],['None_Used'],1,1,Valid,1.0,0.0,42.0,42.0,['Male'],0,0,5,4,3,Dry,Straight,Level,Lowest,No
15195,20,Kansas,200372,0,2,2,0,2,TOPEKA,December,20,Wednesday,23,23,Urban,Medium Speed (Collector),No,39.015175,-95.68970278,Simple Junction,Dark - Lighted,Not Reported,11:00pm-11:59pm,25,11:00pm-11:59pm,27,11:00pm-11:59pm,40,1,Dark - Lighted,Clear,1,1,['Driver'],['None_Used'],0,0,Invalid,1.0,0.0,36.0,29.0,"['Female', 'Male']",0,0,5,4,5,Dry,Straight,Grade/Hillcrest,Medium,No
15196,20,Kansas,200373,1,1,1,0,1,KANSAS CITY,December,17,Sunday,13,41,Urban,Medium Speed (Collector),No,39.14030278,-94.67326111,Complex/Circle,Daylight,Not Reported,1:00pm-1:59pm,42,1:00pm-1:59pm,46,Not Applicable (Not Transported),Not Applicable (Not Transported),1,Daylight,Clear,0,1,[],[],0,0,Valid,0.0,0.0,71.0,71.0,['Male'],0,0,3,4,4,Dry,Straight,Level,Lowest,No
15197,20,Kansas,200374,0,2,2,0,3,KANSAS CITY,December,31,Sunday,15,31,Urban,Medium Speed (Collector),No,39.1286,-94.74005278,Complex/Circle,Daylight,Not Reported,3:00pm-3:59pm,33,3:00pm-3:59pm,39,3:00pm-3:59pm,55,1,Daylight,Clear,1,2,['Front_Passenger'],['None_Used'],0,0,Valid,0.0,0.0,60.0,42.0,"['Female', 'Male']",0,0,3,4,5,Dry,Straight,Grade/Hillcrest,Lowest,No
15198,20,Kansas,200375,1,1,1,0,1,KANSAS CITY,December,3,Sunday,18,51,Urban,Medium Speed (Collector),No,39.14295556,-94.70322778,Non-Intersection,Dark - Lighted,Rain,6:00pm-6:59pm,52,6:00pm-6:59pm,53,Not Applicable (Not Transported),Not Applicable (Not Transported),1,Dark - Lighted,Rain/Wind/Minor,0,1,[],[],0,0,Invalid,2.0,3.0,27.0,27.0,['Male'],0,0,2,3,4,Wet/Standing Water,Straight,Level,Lowest,No
15199,20,Kansas,200376,0,1,1,0,1,NOT APPLICABLE,October,23,Monday,19,50,Rural,Low Speed (Local),No,39.63966389,-99.67462778,Non-Intersection,Dark - Not Lighted,Not Reported,8:00pm-8:59pm,1,8:00pm-8:59pm,24,9:00pm-9:59pm,7,1,Dark - Unlighted,Clear,1,0,['Driver'],['Shoulder_Lapbelt'],0,0,Valid,2.0,1.0,77.0,77.0,['Male'],0,0,4,4,3,Dry,Straight,Level,Lowest,No
15200,20,Kansas,200377,0,1,1,0,1,NOT APPLICABLE,November,22,Wednesday,15,17,Rural,High Speed (Arterial),Yes,38.12874722,-96.54653056,Non-Intersection,Daylight,Not Reported,3:00pm-3:59pm,37,4:00pm-4:59pm,7,4:00pm-4:59pm,56,1,Daylight,Clear,1,0,['Driver'],['Shoulder_Lapbelt'],0,0,Valid,0.0,0.0,56.0,56.0,['Female'],0,0,3,4,3,Dry,Curve,Grade/Hillcrest,Lowest,No
15201,20,Kansas,200378,0,1,1,0,1,KANSAS CITY,December,30,Saturday,99,99,Urban,Low Speed (Local),No,39.08054444,-94.66134444,Non-Intersection,Reported as Unknown,Not Reported,Unknown,Unknown,Unknown EMS Scene Arrival Hour,Unknown EMS Scene Arrival Minutes,Not Applicable (Not Transported),Not Applicable (Not Transported),1,Dark - Unlighted,Clear,1,0,['Driver'],['None_Used'],1,1,Valid,0.0,0.0,42.0,42.0,['Female'],0,0,2,4,2,Dry,Curve,Grade/Hillcrest,Lowest,No
15202,20,Kansas,200379,0,2,2,0,2,OVERLAND PARK,December,21,Thursday,17,47,Urban,Medium Speed (Collector),No,38.90781944,-94.68648333,Complex/Circle,Dark - Lighted,Not Reported,5:00pm-5:59pm,49,5:00pm-5:59pm,53,6:00pm-6:59pm,18,1,Dark - Lighted,Clear,1,1,['Driver'],['Shoulder_Lapbelt'],0,0,Valid,1.0,0.0,76.0,55.0,"['Female', 'Male']",0,0,3,4,5,Dry,Straight,Level,Lowest,No
15203,20,Kansas,200380,0,1,1,0,1,NEWTON,December,29,Friday,17,35,Urban,Low Speed (Local),No,38.01394722,-97.36937778,Non-Intersection,Dusk,Clear,5:00pm-5:59pm,36,5:00pm-5:59pm,45,6:00pm-6:59pm,13,1,Twilight,Clear,1,0,['Driver'],['None_Used'],0,0,Valid,0.0,0.0,30.0,30.0,['Female'],1,0,3,4,3,Dry,Straight,Level,Lowest,No
15204,20,Kansas,200381,1,1,1,0,1,NESS CITY,November,10,Friday,15,29,Rural,Medium Speed (Collector),No,38.45372778,-99.90513056,Non-Intersection,Daylight,Not Reported,3:00pm-3:59pm,33,3:00pm-3:59pm,35,3:00pm-3:59pm,50,1,Daylight,Clear,0,1,[],[],0,0,Valid,1.0,0.0,88.0,88.0,['Male'],0,0,3,2,4,Dry,Straight,Level,Lowest,No
15205,21,Kentucky,210001,0,2,2,0,2,RUSSELL SPRINGS,January,2,Monday,17,22,Rural,High Speed (Arterial),Yes,37.10531944,-85.05746667,Non-Intersection,Dark - Not Lighted,Clear,5:00pm-5:59pm,28,5:00pm-5:59pm,37,6:00pm-6:59pm,11,1,Dark - Unlighted,Clear,1,1,['Driver'],['Shoulder_Lapbelt'],1,1,Invalid,0.0,0.0,75.0,23.0,"['Male', 'Female']",0,0,3,4,5,Dry,Straight,Level,Lowest,No
15206,21,Kentucky,210002,0,2,2,0,4,NOT APPLICABLE,January,3,Tuesday,18,35,Rural,High Speed (Arterial),Yes,38.41825,-82.81485833,Non-Intersection,Dusk,Rain,6:00pm-6:59pm,32,7:00pm-7:59pm,5,7:00pm-7:59pm,57,2,Twilight,Rain/Wind/Minor,2,2,"['Driver', 'Front_Passenger']","['Shoulder_Lapbelt', 'None_Used']",1,2,Invalid,0.0,0.0,43.0,26.0,"['Male', 'Male']",0,0,3,4,5,Wet/Standing Water,Straight,Level,Lowest,No
15207,21,Kentucky,210003,0,1,1,0,1,MAYFIELD,January,4,Wednesday,22,0,Rural,Medium Speed (Collector),No,36.72750833,-88.55946389,Non-Intersection,Dark - Not Lighted,Clear,9:00pm-9:59pm,26,9:00pm-9:59pm,34,Not Applicable (Not Transported),Not Applicable (Not Transported),1,Dark - Unlighted,Clear,1,0,['Driver'],['Shoulder_Lapbelt'],0,0,Valid,0.0,0.0,17.0,17.0,['Female'],0,0,2,4,3,Dry,Curve,Level,Lowest,No
15208,21,Kentucky,210004,0,2,2,0,2,ALBANY,January,5,Thursday,11,41,Rural,High Speed (Arterial),Yes,36.75463333,-85.13706111,Complex/Circle,Daylight,Clear,11:00am-11:59am,32,11:00am-11:59am,42,12:00pm-12:59pm,1,1,Daylight,Clear,1,1,['Driver'],['Shoulder_Lapbelt'],0,0,Valid,1.0,0.0,89.0,65.0,"['Female', 'Male']",0,0,4,4,5,Dry,Straight,Level,Lowest,No
15209,21,Kentucky,210005,0,2,2,0,2,BOWLING GREEN,January,5,Thursday,13,0,Urban,Medium Speed (Collector),No,37.01693056,-86.37516944,Complex/Circle,Daylight,Clear,1:00pm-1:59pm,5,1:00pm-1:59pm,7,1:00pm-1:59pm,47,1,Daylight,Clear,1,1,['Driver'],['None_Used'],0,0,Valid,1.0,0.0,49.0,20.0,"['Male', 'Male']",0,0,5,4,5,Dry,Straight,Level,Lowest,No
15210,21,Kentucky,210006,0,1,1,0,2,NOT APPLICABLE,January,5,Thursday,20,36,Rural,Medium Speed (Collector),No,37.53685833,-83.29195,Non-Intersection,Dark - Not Lighted,Clear,8:00pm-8:59pm,36,8:00pm-8:59pm,49,Not Applicable (Not Transported),Not Applicable (Not Transported),2,Dark - Unlighted,Clear,2,0,"['Driver', 'Front_Passenger']","['None_Used', 'None_Used']",1,1,Valid,0.0,0.0,31.0,31.0,['Male'],2,0,2,4,3,Dry,Curve,Grade/Hillcrest,Lowest,No
15211,21,Kentucky,210007,0,2,2,0,3,NOT APPLICABLE,January,6,Friday,15,59,Rural,High Speed (Arterial),Yes,37.35158889,-85.75646944,Non-Intersection,Daylight,Clear,4:00pm-4:59pm,0,4:00pm-4:59pm,13,4:00pm-4:59pm,47,1,Daylight,Clear,1,2,['Driver'],['Shoulder_Lapbelt'],0,0,Valid,0.0,1.0,42.0,22.0,"['Male', 'Male']",0,0,2,4,5,Dry,Straight,Level,Lowest,No
15212,21,Kentucky,210008,0,2,2,0,8,SOMERSET,January,6,Friday,22,29,Urban,Medium Speed (Collector),No,37.07945556,-84.60881944,Non-Intersection,Dark - Lighted,Clear,10:00pm-10:59pm,34,10:00pm-10:59pm,34,10:00pm-10:59pm,51,2,Dark - Lighted,Clear,2,6,"['Driver', 'Rear_Seat']","['Shoulder_Lapbelt', 'Shoulder_Lapbelt']",1,1,Valid,0.0,0.0,38.0,37.0,"['Male', 'Male']",0,0,3,4,5,Wet/Standing Water,Straight,Level,Lowest,No
15213,21,Kentucky,210009,0,3,3,0,5,FRAZER,January,7,Saturday,18,28,Rural,Medium Speed (Collector),No,36.95013333,-84.71192778,Non-Intersection,Dark - Lighted,Clear,6:00pm-6:59pm,10,6:00pm-6:59pm,25,7:00pm-7:59pm,29,1,Dark - Lighted,Clear,1,4,['Driver'],['None_Used'],0,0,Valid,0.0,0.0,71.0,27.0,"['Male', 'Female', 'Female']",0,0,3,4,5,Dry,Curve,Level,Lowest,No
15214,21,Kentucky,210010,1,1,1,0,2,RADCLIFF,January,7,Saturday,21,1,Urban,High Speed (Arterial),Yes,37.86108889,-85.95552778,Non-Intersection,Dark - Lighted,Clear,9:00pm-9:59pm,1,9:00pm-9:59pm,10,Not Applicable (Not Transported),Not Applicable (Not Transported),1,Dark - Lighted,Clear,0,2,[],[],0,0,Valid,0.0,0.0,39.0,39.0,['Male'],0,0,2,3,4,Dry,Straight,Level,Lowest,No
15215,21,Kentucky,210011,0,1,1,0,2,ASHLAND,January,8,Sunday,1,33,Urban,Medium Speed (Collector),No,38.44631944,-82.64029167,Non-Intersection,Dark - Lighted,Clear,1:00am-1:59am,34,1:00am-1:59am,46,3:00am-3:59am,47,1,Dark - Lighted,Clear,1,1,['Driver'],['None_Used'],1,1,Valid,0.0,1.0,34.0,34.0,['Male'],0,0,3,4,3,Dry,Curve,Grade/Hillcrest,Lowest,No
15216,21,Kentucky,210012,0,1,1,0,1,NOT APPLICABLE,January,9,Monday,15,25,Rural,Medium Speed (Collector),No,38.13999722,-84.74634722,Non-Intersection,Daylight,Clear,3:00pm-3:59pm,26,3:00pm-3:59pm,34,Not Applicable (Not Transported),Not Applicable (Not Transported),1,Daylight,Clear,1,0,['Driver'],['None_Used'],0,0,Valid,0.0,0.0,72.0,72.0,['Male'],0,0,3,4,3,Dry,Straight,Grade/Hillcrest,Lowest,No
15217,21,Kentucky,210013,0,1,1,0,1,PHELPS,January,9,Monday,23,18,Rural,Low Speed (Local),No,37.47942778,-82.14726667,Non-Intersection,Dark - Not Lighted,Cloudy,11:00pm-11:59pm,23,11:00pm-11:59pm,59,Not Applicable (Not Transported),Not Applicable (Not Transported),1,Dark - Unlighted,Reduced Visibility,1,0,['Driver'],['None_Used'],0,0,Invalid,0.0,0.0,57.0,57.0,['Male'],1,0,5,4,2,Wet/Standing Water,Straight,Level,Lowest,Yes
15218,21,Kentucky,210014,1,1,1,0,1,LOUISVILLE,January,7,Saturday,1,52,Urban,High Speed (Arterial),Yes,38.13469167,-85.84507778,Non-Intersection,Dark - Lighted,Clear,1:00am-1:59am,53,1:00am-1:59am,59,2:00am-2:59am,14,1,Dark - Lighted,Clear,0,0,[],[],0,0,Invalid,0.0,0.0,998.0,998.0,['Other'],0,0,1,0,4,Dry,Straight,Level,Lowest,No
15219,21,Kentucky,210015,0,2,2,0,4,NOT APPLICABLE,January,8,Sunday,22,52,Urban,High Speed (Arterial),Yes,38.38705278,-82.71631389,Complex/Circle,Dark - Lighted,Rain,10:00pm-10:59pm,36,10:00pm-10:59pm,39,11:00pm-11:59pm,27,1,Dark - Lighted,Rain/Wind/Minor,1,3,['Driver'],['None_Used'],1,2,Invalid,0.0,0.0,57.0,32.0,"['Male', 'Male']",0,0,3,4,5,Wet/Standing Water,Straight,Level,Lowest,No
15220,21,Kentucky,210016,0,2,2,0,3,NOT APPLICABLE,January,13,Friday,12,42,Rural,Medium Speed (Collector),No,37.05625556,-85.95361667,Non-Intersection,Daylight,Clear,12:00pm-12:59pm,45,12:00pm-12:59pm,47,1:00pm-1:59pm,58,3,Daylight,Clear,3,0,"['Driver', 'Driver', 'Front_Passenger']","['Shoulder_Lapbelt', 'Shoulder_Lapbelt', 'None_Used']",0,0,Valid,1.0,0.0,74.0,48.0,"['Male', 'Male']",0,0,3,4,5,Dry,Straight,Grade/Hillcrest,Lowest,No
15221,21,Kentucky,210017,0,1,1,0,1,LOUISVILLE,January,13,Friday,22,4,Urban,Low Speed (Local),No,38.21470278,-85.76390556,Non-Intersection,Dark - Not Lighted,Cloudy,10:00pm-10:59pm,9,10:00pm-10:59pm,26,10:00pm-10:59pm,36,1,Dark - Unlighted,Reduced Visibility,1,0,['Driver'],['None_Used'],0,0,Valid,1.0,0.0,65.0,65.0,['Female'],0,0,3,4,3,Dry,Straight,Grade/Hillcrest,Lowest,No
15222,21,Kentucky,210018,0,2,2,0,3,NOT APPLICABLE,January,14,Saturday,16,29,Rural,High Speed (Arterial),Yes,36.66635556,-85.12849444,Non-Intersection,Dusk,Clear,4:00pm-4:59pm,22,4:00pm-4:59pm,27,4:00pm-4:59pm,52,2,Twilight,Clear,2,1,"['Driver', 'Front_Passenger']","['None_Used', 'None_Used']",1,1,Valid,0.0,0.0,72.0,32.0,"['Male', 'Female']",3,0,3,4,5,Dry,Straight,Level,Lowest,No
15223,21,Kentucky,210019,1,1,1,0,1,BARBOURVILLE,January,14,Saturday,18,3,Urban,Low Speed (Local),No,36.76194167,-83.85042778,Non-Intersection,Dark - Not Lighted,Clear,6:00pm-6:59pm,3,6:00pm-6:59pm,8,6:00pm-6:59pm,29,1,Dark - Unlighted,Clear,0,1,[],[],0,0,Valid,0.0,1.0,35.0,35.0,['Male'],0,0,3,2,4,Dry,Straight,Level,Lowest,No
15224,21,Kentucky,210020,0,2,2,0,2,LEXINGTON-FAYETTE,January,13,Friday,22,2,Urban,High Speed (Arterial),Yes,38.05465278,-84.42958333,Non-Intersection,Dark - Lighted,Not Reported,10:00pm-10:59pm,3,10:00pm-10:59pm,11,10:00pm-10:59pm,39,1,Dark - Lighted,Clear,1,1,['Driver'],['None_Used'],0,0,Valid,0.0,1.0,52.0,19.0,"['Male', 'Male']",1,0,4,4,5,Icy/Snowy,Curve,Grade/Hillcrest,Lowest,No
15225,21,Kentucky,210021,1,1,1,0,1,LOUISVILLE,January,15,Sunday,2,54,Urban,Low Speed (Local),No,38.25369722,-85.75536389,Complex/Circle,Dark - Lighted,Clear,2:00am-2:59am,55,3:00am-3:59am,2,3:00am-3:59am,32,1,Dark - Lighted,Clear,0,0,[],[],0,0,Invalid,0.0,0.0,998.0,998.0,['Other'],1,0,2,4,4,Dry,Straight,Level,Lowest,No
15226,21,Kentucky,210022,1,1,1,0,1,HENDERSON,January,15,Sunday,18,29,Urban,High Speed (Arterial),Yes,37.86645833,-87.57273333,Non-Intersection,Dark - Lighted,Clear,6:00pm-6:59pm,31,6:00pm-6:59pm,39,6:00pm-6:59pm,59,1,Dark - Lighted,Clear,0,1,[],[],0,0,Valid,0.0,0.0,36.0,36.0,['Male'],0,0,3,2,4,Dry,Straight,Level,Lowest,No
15227,21,Kentucky,210023,0,2,2,0,2,LOUISVILLE,January,12,Thursday,22,14,Urban,High Speed (Arterial),Yes,38.18998056,-85.7373,Non-Intersection,Dark - Not Lighted,Cloudy,10:00pm-10:59pm,17,10:00pm-10:59pm,22,10:00pm-10:59pm,49,1,Dark - Unlighted,Reduced Visibility,1,1,['Driver'],['None_Used'],1,1,Valid,1.0,0.0,59.0,47.0,"['Male', 'Male']",0,0,2,4,5,Wet/Standing Water,Straight,Level,Lowest,No
15228,21,Kentucky,210024,0,3,3,0,3,LOUISVILLE,January,17,Tuesday,7,51,Urban,High Speed (Arterial),Yes,38.27651111,-85.63270278,Non-Intersection,Daylight,Cloudy,12:00pm-12:59pm,15,12:00pm-12:59pm,15,Not Applicable (Not Transported),Not Applicable (Not Transported),1,Daylight,Reduced Visibility,1,2,['Driver'],['Shoulder_Lapbelt'],0,0,Valid,1.0,0.0,50.0,20.0,"['Male', 'Male', 'Male']",1,0,4,4,5,Dry,Straight,Level,Lowest,No
15229,21,Kentucky,210025,1,1,1,0,1,LOUISVILLE,January,12,Thursday,20,52,Urban,High Speed (Arterial),Yes,38.19855,-85.78269167,Complex/Circle,Dark - Lighted,Clear,8:00pm-8:59pm,52,9:00pm-9:59pm,12,9:00pm-9:59pm,23,1,Dark - Lighted,Clear,0,1,[],[],0,0,Valid,0.0,1.0,38.0,38.0,['Male'],0,0,3,3,4,Dry,Straight,Level,Lowest,No
15230,21,Kentucky,210026,1,1,1,0,1,LEXINGTON-FAYETTE,January,19,Thursday,5,28,Urban,Low Speed (Local),No,38.03301944,-84.45955278,Non-Intersection,Dark - Lighted,Rain,5:00am-5:59am,29,5:00am-5:59am,34,5:00am-5:59am,54,1,Dark - Lighted,Rain/Wind/Minor,0,1,[],[],0,0,Invalid,0.0,3.0,29.0,29.0,['Male'],0,0,3,2,4,Wet/Standing Water,Straight,Grade/Hillcrest,Lowest,No
15231,21,Kentucky,210027,1,1,1,0,1,LOUISVILLE,January,18,Wednesday,8,17,Urban,Low Speed (Local),No,38.23764444,-85.81049722,Non-Intersection,Daylight,Cloudy,8:00am-8:59am,17,8:00am-8:59am,20,9:00am-9:59am,2,1,Daylight,Reduced Visibility,0,0,[],[],0,0,Invalid,0.0,0.0,998.0,998.0,['Other'],1,0,2,4,4,Dry,Straight,Level,Lowest,No
15232,21,Kentucky,210028,0,1,1,0,1,NOT APPLICABLE,January,23,Monday,12,52,Rural,Medium Speed (Collector),No,38.26562778,-84.6033,Non-Intersection,Daylight,Cloudy,12:00pm-12:59pm,57,1:00pm-1:59pm,3,Not Applicable (Not Transported),Not Applicable (Not Transported),1,Daylight,Reduced Visibility,1,0,['Driver'],['Shoulder_Lapbelt'],0,0,Valid,1.0,0.0,57.0,57.0,['Female'],0,0,3,4,3,Wet/Standing Water,Curve,Grade/Hillcrest,Lowest,No
15233,21,Kentucky,210029,1,1,1,0,1,NICHOLASVILLE,January,24,Tuesday,5,52,Urban,High Speed (Arterial),Yes,37.86693611,-84.59590833,Complex/Circle,Dark - Not Lighted,Clear,5:00am-5:59am,57,6:00am-6:59am,4,Not Applicable (Not Transported),Not Applicable (Not Transported),1,Dark - Unlighted,Clear,0,1,[],[],0,0,Valid,0.0,0.0,35.0,35.0,['Male'],0,0,4,2,4,Dry,Straight,Level,Lowest,No
15234,21,Kentucky,210030,0,2,2,0,2,SPRINGFIELD,January,26,Thursday,5,54,Rural,High Speed (Arterial),Yes,37.77023056,-85.16708333,Non-Intersection,Dark - Not Lighted,Snow,12:00pm-12:59pm,33,12:00pm-12:59pm,34,Not Applicable (Not Transported),Not Applicable (Not Transported),1,Dark - Unlighted,Snow/Ice/Severe,1,1,['Driver'],['Shoulder_Lapbelt'],0,0,Valid,1.0,1.0,28.0,19.0,"['Male', 'Male']",0,0,3,4,5,Dry,Straight,Grade/Hillcrest,Lowest,No
15235,21,Kentucky,210031,0,1,1,0,3,NOT APPLICABLE,January,28,Saturday,17,37,Rural,Medium Speed (Collector),No,37.61211944,-87.07266667,Non-Intersection,Dusk,Cloudy,5:00pm-5:59pm,41,6:00pm-6:59pm,0,7:00pm-7:59pm,0,1,Twilight,Reduced Visibility,1,2,['Driver'],['Shoulder_Lapbelt'],1,1,Valid,0.0,0.0,53.0,53.0,['Male'],0,0,2,4,2,Dry,Straight,Level,Lowest,No
15236,21,Kentucky,210032,0,2,2,0,2,NOT APPLICABLE,January,28,Saturday,20,54,Rural,Medium Speed (Collector),No,38.02148611,-85.52298611,Simple Junction,Dark - Not Lighted,Rain,8:00pm-8:59pm,54,9:00pm-9:59pm,0,Not Applicable (Not Transported),Not Applicable (Not Transported),1,Dark - Unlighted,Rain/Wind/Minor,1,1,['Driver'],['None_Used'],0,0,Valid,0.0,0.0,49.0,38.0,"['Male', 'Female']",1,0,3,4,5,Wet/Standing Water,Straight,Level,Lowest,No
15237,21,Kentucky,210033,0,1,1,0,2,MURRAY,January,29,Sunday,3,45,Rural,Medium Speed (Collector),No,36.58038056,-88.24047222,Non-Intersection,Dark - Not Lighted,Rain,3:00am-3:59am,55,4:00am-4:59am,4,4:00am-4:59am,40,1,Dark - Unlighted,Rain/Wind/Minor,1,1,['Front_Passenger'],['Shoulder_Lapbelt'],1,1,Invalid,0.0,0.0,59.0,59.0,['Male'],2,0,3,4,3,Wet/Standing Water,Curve,Level,Lowest,No
15238,21,Kentucky,210034,0,2,2,0,5,GEORGETOWN,January,29,Sunday,9,22,Rural,High Speed (Arterial),Yes,38.19025556,-84.52510833,Non-Intersection,Daylight,Not Reported,9:00am-9:59am,22,9:00am-9:59am,34,10:00am-10:59am,25,2,Daylight,Clear,2,3,"['Driver', 'Front_Passenger']","['Shoulder_Lapbelt', 'None_Used']",0,0,Valid,0.0,0.0,78.0,32.0,"['Male', 'Female']",0,0,3,4,5,Wet/Standing Water,Curve,Grade/Hillcrest,Lowest,No
15239,21,Kentucky,210035,0,1,1,0,1,NOT APPLICABLE,January,29,Sunday,17,58,Rural,Medium Speed (Collector),No,36.78823333,-88.43866944,Non-Intersection,Dark - Not Lighted,Rain,5:00pm-5:59pm,59,6:00pm-6:59pm,12,Not Applicable (Not Transported),Not Applicable (Not Transported),1,Dark - Unlighted,Rain/Wind/Minor,1,0,['Driver'],['Shoulder_Lapbelt'],1,1,Valid,0.0,0.0,36.0,36.0,['Male'],1,0,2,4,3,Wet/Standing Water,Straight,Level,Lowest,No
15240,21,Kentucky,210036,0,2,2,0,3,NOT APPLICABLE,January,24,Tuesday,17,12,Rural,Medium Speed (Collector),No,37.83026111,-86.04643333,Simple Junction,Daylight,Clear,5:00pm-5:59pm,14,5:00pm-5:59pm,27,6:00pm-6:59pm,36,1,Daylight,Clear,1,2,['Front_Passenger'],['Shoulder_Lapbelt'],0,0,Valid,0.0,0.0,78.0,22.0,"['Male', 'Male']",0,0,3,4,5,Dry,Straight,Level,Lowest,Yes
15241,21,Kentucky,210037,0,2,2,0,3,EKRON,January,30,Monday,6,51,Rural,Medium Speed (Collector),No,37.88839722,-86.15700278,Non-Intersection,Dark - Not Lighted,"Fog, Smog, Smoke",6:00am-6:59am,53,7:00am-7:59am,0,8:00am-8:59am,30,1,Dark - Unlighted,Reduced Visibility,1,2,['Driver'],['Shoulder_Lapbelt'],0,0,Invalid,0.0,0.0,70.0,34.0,"['Male', 'Male']",0,0,4,4,5,Dry,Straight,Level,Lowest,No
15242,21,Kentucky,210038,0,2,2,0,5,PRESTONSBURG,January,30,Monday,7,38,Urban,Medium Speed (Collector),No,37.64840833,-82.70691111,Non-Intersection,Daylight,Cloudy,7:00am-7:59am,43,7:00am-7:59am,59,8:00am-8:59am,40,2,Daylight,Reduced Visibility,2,3,"['Driver', 'Front_Passenger']","['None_Used', 'Shoulder_Lapbelt']",0,0,Valid,0.0,0.0,49.0,39.0,"['Female', 'Male']",0,0,3,4,5,Wet/Standing Water,Straight,Level,Lowest,No
15243,21,Kentucky,210039,0,2,2,0,3,FRANKLIN,January,31,Tuesday,16,34,Urban,Medium Speed (Collector),No,36.75496667,-86.57684444,Non-Intersection,Daylight,Other,4:00pm-4:59pm,41,4:00pm-4:59pm,47,5:00pm-5:59pm,18,1,Daylight,Reduced Visibility,1,2,['Driver'],['None_Used'],0,0,Valid,0.0,0.0,52.0,16.0,"['Male', 'Male']",0,0,3,4,5,Dry,Straight,Level,Lowest,No
15244,21,Kentucky,210040,0,1,1,0,1,NOT APPLICABLE,January,2,Monday,1,3,Rural,Medium Speed (Collector),No,37.66603333,-85.49853333,Non-Intersection,Dark - Not Lighted,Clear,1:00am-1:59am,6,1:00am-1:59am,18,Not Applicable (Not Transported),Not Applicable (Not Transported),1,Dark - Unlighted,Clear,1,0,['Driver'],['None_Used'],0,0,Valid,1.0,0.0,31.0,31.0,['Female'],0,0,2,4,3,Dry,Straight,Level,Lowest,No
15245,21,Kentucky,210041,0,1,1,0,1,MOUNT VERNON,January,4,Wednesday,13,30,Rural,High Speed (Arterial),Yes,37.36169722,-84.35929444,Complex/Circle,Daylight,Cloudy,1:00pm-1:59pm,34,1:00pm-1:59pm,36,1:00pm-1:59pm,43,1,Daylight,Reduced Visibility,1,0,['Driver'],['None_Used'],0,0,Valid,2.0,0.0,65.0,65.0,['Male'],0,0,3,4,2,Dry,Straight,Grade/Hillcrest,Lowest,No
15246,21,Kentucky,210042,0,4,3,1,3,ALEXANDRIA,January,4,Wednesday,14,20,Urban,Medium Speed (Collector),No,38.97531944,-84.39242778,Non-Intersection,Daylight,Clear,2:00pm-2:59pm,24,2:00pm-2:59pm,25,3:00pm-3:59pm,0,1,Daylight,Clear,1,2,['Driver'],['Shoulder_Lapbelt'],0,0,Valid,1.0,1.0,84.0,25.0,"['Male', 'Male', 'Male']",0,0,4,4,5,Dry,Straight,Level,Lowest,No
15247,21,Kentucky,210043,0,1,1,0,1,BARDWELL,January,5,Thursday,12,37,Urban,Low Speed (Local),No,36.87139444,-89.00506944,Non-Intersection,Daylight,Clear,12:00pm-12:59pm,40,12:00pm-12:59pm,42,1:00pm-1:59pm,30,1,Daylight,Clear,1,0,['Driver'],['None_Used'],0,0,Valid,0.0,0.0,76.0,76.0,['Male'],0,0,3,4,3,Dry,Straight,Level,Medium,No