,State_Code,State_Name,Crash_ID,Count_Non_Motorists,Count_Vehicles_Total,Count_Vehicle_Forms,Count_PVH_Involved,Count_Occupants_MV,City_Name,Month_Name,Day_of_Month,Day_of_Week,Crash_Hour,Crash_Minute,Area_Rural_Urban,Road_Functional_Class,On_NHS_Road,Latitude,Longitude,Intersection_Type,Light_Condition,Weather_Condition,Notif_Hour,Notif_Minute,Arrival_Hour,Arrival_Minute,Hospital_Hour,Hospital_Minute,Fatalities_Count,Clean_Light_Condition,Clean_Weather_Condition,Total_Killed,Total_Alive,Fatal_Seats_List,Killed_Restraint_List,Any_Driver_Drinking,Total_Drinking_Drivers,Driver_License_Category,Driver_Max_Prev_Accident_Count,Driver_Max_Prev_Speeding_Count,Max_Driver_Age,Min_Driver_Age,Driver_Sex_List,Total_Exceeding_Limit_Vehicles,Total_Too_Fast_Vehicles,Max_Vehicle_Type_Severity_5,Max_Vehicle_Damage_Rank,Max_Harmful_Event_Severity,Crash_Road_Surface_Condition,Crash_Horizontal_Alignment,Crash_Vertical_Profile,Crash_Impairment_Category,Crash_Vehicle_Defect
15248,21,Kentucky,210044,0,2,2,0,3,NOT APPLICABLE,January,7,Saturday,9,45,Rural,High Speed (Arterial),Yes,37.122775,-84.04291944,Complex/Circle,Daylight,Clear,9:00am-9:59am,45,9:00am-9:59am,51,10:00am-10:59am,44,1,Daylight,Clear,1,2,['Front_Passenger'],['Shoulder_Lapbelt'],0,0,Valid,0.0,2.0,36.0,36.0,"['Female', 'Male']",0,0,3,4,5,Dry,Straight,Level,Lowest,No
15249,21,Kentucky,210045,0,2,2,0,3,META,January,9,Monday,16,27,Rural,High Speed (Arterial),Yes,37.557975,-82.43018889,Simple Junction,Daylight,Clear,4:00pm-4:59pm,35,4:00pm-4:59pm,46,5:00pm-5:59pm,18,2,Daylight,Clear,2,1,"['Driver', 'Front_Passenger']","['None_Used', 'None_Used']",0,0,Valid,0.0,0.0,70.0,40.0,"['Female', 'Male']",0,0,4,4,5,Dry,Straight,Level,Lowest,No
15250,21,Kentucky,210046,0,2,2,0,2,HENDERSON,January,13,Friday,14,12,Urban,Medium Speed (Collector),No,37.86041944,-87.56634722,Non-Intersection,Daylight,Cloudy,2:00pm-2:59pm,16,2:00pm-2:59pm,34,2:00pm-2:59pm,34,1,Daylight,Reduced Visibility,1,1,['Driver'],['Lapbelt_Only'],0,0,Valid,0.0,0.0,76.0,69.0,"['Female', 'Female']",0,0,3,4,5,Wet/Standing Water,Straight,Level,Lowest,No
15251,21,Kentucky,210047,0,1,1,0,1,STANTON,January,16,Monday,12,33,Rural,Medium Speed (Collector),No,37.84618889,-83.8298,Non-Intersection,Daylight,Clear,12:00pm-12:59pm,33,12:00pm-12:59pm,36,1:00pm-1:59pm,41,1,Daylight,Clear,1,0,['Driver'],['Shoulder_Lapbelt'],0,0,Valid,0.0,0.0,88.0,88.0,['Female'],0,0,2,4,3,Dry,Curve,Level,Lowest,No
15252,21,Kentucky,210048,1,1,1,0,1,PRESTONSBURG,January,18,Wednesday,0,26,Rural,Medium Speed (Collector),No,37.65978333,-82.73334722,Non-Intersection,Dark - Lighted,"Fog, Smog, Smoke",0:00am-0:59am,26,0:00am-0:59am,29,Not Applicable (Not Transported),Not Applicable (Not Transported),1,Dark - Lighted,Reduced Visibility,0,1,[],[],0,0,Valid,0.0,0.0,32.0,32.0,['Male'],0,0,3,4,4,Dry,Straight,Level,Lowest,No
15253,21,Kentucky,210049,1,2,2,0,3,SHIVELY,January,19,Thursday,20,15,Urban,High Speed (Arterial),Yes,38.20626667,-85.79927778,Non-Intersection,Dark - Not Lighted,Cloudy,8:00pm-8:59pm,17,8:00pm-8:59pm,25,Not Applicable (Not Transported),Not Applicable (Not Transported),1,Dark - Unlighted,Reduced Visibility,0,2,[],[],0,0,Invalid,1.0,0.0,998.0,32.0,"['Other', 'Male']",0,0,4,2,4,Dry,Straight,Level,Lowest,No
15254,21,Kentucky,210050,0,2,2,0,3,NOT APPLICABLE,January,24,Tuesday,12,23,Urban,High Speed (Arterial),Yes,37.78889722,-87.62469167,Non-Intersection,Daylight,Cloudy,12:00pm-12:59pm,39,12:00pm-12:59pm,42,1:00pm-1:59pm,23,1,Daylight,Reduced Visibility,1,2,['Driver'],['Shoulder_Lapbelt'],1,1,Valid,2.0,0.0,52.0,33.0,"['Male', 'Male']",0,0,4,4,5,Dry,Straight,Level,Lowest,No
15255,21,Kentucky,210051,0,2,2,0,5,NOT APPLICABLE,January,27,Friday,17,46,Urban,Medium Speed (Collector),No,36.98851667,-84.62260556,Simple Junction,Daylight,Clear,5:00pm-5:59pm,47,6:00pm-6:59pm,4,7:00pm-7:59pm,25,1,Daylight,Clear,1,4,['Rear_Seat'],['None_Used'],0,0,Valid,0.0,0.0,83.0,34.0,"['Male', 'Female']",0,0,2,4,5,Dry,Straight,Level,Lowest,No
15256,21,Kentucky,210052,1,1,1,0,3,NOT APPLICABLE,January,25,Wednesday,19,55,Rural,Medium Speed (Collector),No,37.70442222,-86.75940278,Non-Intersection,Dark - Not Lighted,Rain,8:00pm-8:59pm,1,8:00pm-8:59pm,24,Not Applicable (Not Transported),Not Applicable (Not Transported),1,Dark - Unlighted,Rain/Wind/Minor,0,3,[],[],0,0,Valid,0.0,1.0,37.0,37.0,['Female'],0,0,2,4,4,Wet/Standing Water,Straight,Grade/Hillcrest,Lowest,Yes
15257,21,Kentucky,210053,0,2,2,0,2,NOT APPLICABLE,January,31,Tuesday,18,19,Rural,Medium Speed (Collector),No,36.81676667,-86.85187778,Non-Intersection,Dark - Not Lighted,Not Reported,6:00pm-6:59pm,20,6:00pm-6:59pm,29,7:00pm-7:59pm,35,1,Dark - Unlighted,Clear,1,1,['Driver'],['None_Used'],0,0,Valid,0.0,0.0,34.0,25.0,"['Male', 'Male']",0,0,3,4,5,Icy/Snowy,Straight,Grade/Hillcrest,Lowest,No
15258,21,Kentucky,210054,0,2,2,0,2,JACKSON,February,2,Thursday,0,54,Rural,High Speed (Arterial),Yes,37.55743056,-83.38690278,Simple Junction,Dark - Not Lighted,Cloudy,11:00am-11:59am,11,11:00am-11:59am,11,Not Applicable (Not Transported),Not Applicable (Not Transported),1,Dark - Unlighted,Reduced Visibility,1,1,['Driver'],['None_Used'],1,1,Invalid,0.0,0.0,35.0,20.0,"['Male', 'Male']",0,0,5,4,5,Dry,Straight,Level,Lowest,Yes
15259,21,Kentucky,210055,1,1,1,0,1,LOUISVILLE,February,2,Thursday,20,19,Urban,High Speed (Arterial),Yes,38.09545833,-85.87392778,Complex/Circle,Dark - Not Lighted,Cloudy,8:00pm-8:59pm,21,8:00pm-8:59pm,25,Not Applicable (Not Transported),Not Applicable (Not Transported),1,Dark - Unlighted,Reduced Visibility,0,1,[],[],0,0,Valid,0.0,0.0,76.0,76.0,['Female'],0,0,3,3,4,Dry,Straight,Level,Lowest,No
15260,21,Kentucky,210056,0,3,1,2,1,LOUISVILLE,February,2,Thursday,22,50,Urban,High Speed (Arterial),Yes,38.11940278,-85.85703333,Non-Intersection,Dark - Lighted,Cloudy,10:00pm-10:59pm,50,10:00pm-10:59pm,57,Not Applicable (Not Transported),Not Applicable (Not Transported),1,Dark - Lighted,Reduced Visibility,1,0,['Driver'],['None_Used'],1,1,Valid,1.0,0.0,21.0,21.0,['Male'],0,0,2,4,5,Dry,Straight,Level,Lowest,No
15261,21,Kentucky,210057,0,2,2,0,3,NOT APPLICABLE,February,3,Friday,7,41,Rural,Medium Speed (Collector),No,37.54098889,-87.97049167,Non-Intersection,Daylight,Clear,7:00am-7:59am,44,7:00am-7:59am,54,Not Applicable (Not Transported),Not Applicable (Not Transported),1,Daylight,Clear,1,2,['Driver'],['Shoulder_Lapbelt'],0,0,Valid,0.0,1.0,32.0,26.0,"['Male', 'Male']",0,0,4,4,5,Dry,Straight,Level,Lowest,No
15262,21,Kentucky,210058,0,1,1,0,1,LEXINGTON-FAYETTE,February,5,Sunday,15,50,Urban,Low Speed (Local),No,38.07626944,-84.52738889,Non-Intersection,Daylight,Clear,3:00pm-3:59pm,53,4:00pm-4:59pm,3,4:00pm-4:59pm,15,1,Daylight,Clear,1,0,['Driver'],['Shoulder_Lapbelt'],0,0,Valid,0.0,0.0,29.0,29.0,['Female'],0,0,2,4,3,Dry,Straight,Level,Lowest,No
15263,21,Kentucky,210059,0,1,1,0,1,LEXINGTON-FAYETTE,February,6,Monday,8,30,Urban,High Speed (Arterial),Yes,38.01531111,-84.55122222,Non-Intersection,Daylight,Clear,8:00am-8:59am,37,8:00am-8:59am,40,8:00am-8:59am,55,1,Daylight,Clear,1,0,['Driver'],['None_Used'],0,0,Valid,0.0,0.0,69.0,69.0,['Male'],0,0,3,4,2,Wet/Standing Water,Straight,Level,Lowest,No
15264,21,Kentucky,210060,0,1,1,0,1,ELKHORN CITY,February,6,Monday,16,32,Rural,Medium Speed (Collector),No,37.29678333,-82.35718056,Non-Intersection,Daylight,Clear,4:00pm-4:59pm,32,5:00pm-5:59pm,32,Not Applicable (Not Transported),Not Applicable (Not Transported),1,Daylight,Clear,1,0,['Driver'],['Shoulder_Lapbelt'],0,0,Valid,1.0,0.0,64.0,64.0,['Male'],0,0,3,4,3,Dry,Straight,Level,Lowest,No
15265,21,Kentucky,210061,0,1,1,0,3,NOT APPLICABLE,February,7,Tuesday,12,10,Rural,Medium Speed (Collector),No,38.47076667,-84.83586111,Non-Intersection,Daylight,Clear,12:00pm-12:59pm,24,12:00pm-12:59pm,22,12:00pm-12:59pm,56,1,Daylight,Clear,1,2,['Driver'],['None_Used'],0,0,Valid,1.0,0.0,77.0,77.0,['Female'],0,0,3,4,2,Dry,Curve,Grade/Hillcrest,Lowest,No
15266,21,Kentucky,210062,0,1,1,0,1,LEXINGTON-FAYETTE,February,7,Tuesday,14,50,Urban,Low Speed (Local),No,38.05314167,-84.38431111,Non-Intersection,Daylight,Cloudy,2:00pm-2:59pm,52,3:00pm-3:59pm,2,3:00pm-3:59pm,33,1,Daylight,Reduced Visibility,1,0,['Driver'],['None_Used'],0,0,Valid,0.0,0.0,45.0,45.0,['Male'],0,0,3,4,3,Dry,Straight,Grade/Hillcrest,Lowest,No
15267,21,Kentucky,210063,1,1,1,0,1,NOT APPLICABLE,February,6,Monday,19,49,Rural,High Speed (Arterial),Yes,37.44573611,-84.83827778,Non-Intersection,Dark - Not Lighted,Cloudy,7:00pm-7:59pm,26,7:00pm-7:59pm,31,8:00pm-8:59pm,5,1,Dark - Unlighted,Reduced Visibility,0,1,[],[],0,0,Valid,0.0,0.0,66.0,66.0,['Male'],0,0,3,4,4,Dry,Straight,Grade/Hillcrest,Lowest,No
15268,21,Kentucky,210064,0,1,1,0,1,LIBERTY,February,7,Tuesday,14,32,Rural,Medium Speed (Collector),No,37.11675278,-84.95375278,Non-Intersection,Daylight,Cloudy,2:00pm-2:59pm,32,2:00pm-2:59pm,55,Not Applicable (Not Transported),Not Applicable (Not Transported),1,Daylight,Reduced Visibility,1,0,['Driver'],['None_Used'],0,0,Valid,0.0,0.0,73.0,73.0,['Female'],0,0,3,4,3,Dry,Straight,Level,Lowest,No
15269,21,Kentucky,210065,0,2,2,0,4,CAMPBELLSVILLE,February,9,Thursday,17,43,Urban,Medium Speed (Collector),No,37.33394444,-85.37535278,Complex/Circle,Daylight,Clear,5:00pm-5:59pm,36,5:00pm-5:59pm,40,5:00pm-5:59pm,56,1,Daylight,Clear,1,3,['Driver'],['None_Used'],0,0,Valid,0.0,0.0,58.0,32.0,"['Male', 'Female']",0,0,3,4,5,Dry,Straight,Level,Lowest,No
15270,21,Kentucky,210066,0,2,2,0,2,NOT APPLICABLE,February,10,Friday,15,36,Rural,Medium Speed (Collector),No,37.30238056,-88.17844444,Non-Intersection,Daylight,Clear,3:00pm-3:59pm,35,3:00pm-3:59pm,52,5:00pm-5:59pm,0,2,Daylight,Clear,2,0,"['Driver', 'Driver']","['Shoulder_Lapbelt', 'Shoulder_Lapbelt']",1,1,Valid,0.0,0.0,51.0,25.0,"['Male', 'Male']",0,0,3,4,5,Dry,Straight,Level,Lowest,No
15271,21,Kentucky,210067,0,2,2,0,2,LOUISVILLE,February,11,Saturday,18,51,Urban,High Speed (Arterial),Yes,38.14455833,-85.77494722,Simple Junction,Dark - Lighted,Cloudy,6:00pm-6:59pm,51,6:00pm-6:59pm,58,7:00pm-7:59pm,58,1,Dark - Lighted,Reduced Visibility,1,1,['Driver'],['None_Used'],0,0,Valid,0.0,0.0,41.0,30.0,"['Male', 'Male']",0,0,5,4,5,Dry,Straight,Level,Lowest,No
15272,21,Kentucky,210068,0,1,1,0,1,NOT APPLICABLE,February,11,Saturday,20,0,Rural,Medium Speed (Collector),No,38.46195833,-84.36935,Non-Intersection,Dark - Not Lighted,Clear,7:00pm-7:59pm,8,7:00pm-7:59pm,21,Not Applicable (Not Transported),Not Applicable (Not Transported),1,Dark - Unlighted,Clear,1,0,['Driver'],['None_Used'],0,0,Valid,0.0,0.0,47.0,47.0,['Male'],0,0,2,4,2,Dry,Straight,Grade/Hillcrest,Lowest,No
15273,21,Kentucky,210069,0,2,2,0,2,LEXINGTON-FAYETTE,February,13,Monday,18,42,Urban,Low Speed (Local),No,38.004525,-84.44073056,Complex/Circle,Dark - Lighted,Cloudy,6:00pm-6:59pm,43,6:00pm-6:59pm,46,7:00pm-7:59pm,43,1,Dark - Lighted,Reduced Visibility,1,1,['Driver'],['None_Used'],1,1,Valid,1.0,0.0,50.0,23.0,"['Male', 'Male']",0,0,5,4,5,Dry,Straight,Level,Lowest,No
15274,21,Kentucky,210070,0,2,2,0,2,ROLLING FIELDS,February,13,Monday,20,10,Urban,High Speed (Arterial),Yes,38.28576389,-85.578775,Non-Intersection,Dark - Lighted,Clear,8:00pm-8:59pm,10,8:00pm-8:59pm,14,Not Applicable (Not Transported),Not Applicable (Not Transported),1,Dark - Lighted,Clear,1,1,['Driver'],['None_Used'],1,1,Valid,0.0,0.0,75.0,38.0,"['Female', 'Male']",0,0,5,4,5,Dry,Straight,Level,Lowest,No
15275,21,Kentucky,210071,0,4,4,0,6,LEXINGTON-FAYETTE,February,5,Sunday,14,2,Urban,Medium Speed (Collector),No,37.99688889,-84.58136944,Complex/Circle,Daylight,Cloudy,2:00pm-2:59pm,4,2:00pm-2:59pm,13,2:00pm-2:59pm,54,1,Daylight,Reduced Visibility,1,5,['Driver'],['Shoulder_Only'],0,0,Valid,0.0,0.0,83.0,34.0,"['Female', 'Male', 'Male', 'Male']",0,0,3,4,5,Dry,Straight,Level,Lowest,No
15276,21,Kentucky,210072,0,1,1,0,1,ASHLAND,February,14,Tuesday,12,3,Urban,Low Speed (Local),No,38.45098611,-82.61210833,Non-Intersection,Daylight,Clear,12:00pm-12:59pm,5,12:00pm-12:59pm,8,Not Applicable (Not Transported),Not Applicable (Not Transported),1,Daylight,Clear,1,0,['Driver'],['None_Used'],1,1,Valid,0.0,0.0,58.0,58.0,['Male'],0,0,4,4,4,Dry,Straight,Level,Lowest,No
15277,21,Kentucky,210073,1,1,1,0,1,LOUISVILLE,February,13,Monday,16,39,Urban,High Speed (Arterial),Yes,38.114125,-85.71574722,Non-Intersection,Daylight,Clear,4:00pm-4:59pm,41,4:00pm-4:59pm,59,Not Applicable (Not Transported),Not Applicable (Not Transported),1,Daylight,Clear,0,1,[],[],0,0,Valid,1.0,0.0,25.0,25.0,['Female'],0,0,2,3,4,Dry,Straight,Level,Lowest,No
15278,21,Kentucky,210074,0,2,2,0,3,NOT APPLICABLE,February,15,Wednesday,6,55,Rural,High Speed (Arterial),Yes,38.54066389,-82.80311111,Non-Intersection,Dawn,Clear,5:00am-5:59am,58,6:00am-6:59am,15,8:00am-8:59am,9,1,Twilight,Clear,1,2,['Driver'],['None_Used'],0,0,Valid,0.0,2.0,32.0,23.0,"['Male', 'Male']",0,0,2,4,5,Dry,Straight,Level,Lowest,No
15279,21,Kentucky,210075,1,1,1,0,1,LOUISVILLE,February,3,Friday,21,5,Urban,High Speed (Arterial),Yes,38.18777222,-85.78358056,Non-Intersection,Dark - Lighted,Clear,9:00pm-9:59pm,5,9:00pm-9:59pm,15,9:00pm-9:59pm,41,1,Dark - Lighted,Clear,0,0,[],[],0,0,Invalid,0.0,0.0,998.0,998.0,['Other'],1,0,1,3,4,Dry,Straight,Level,Lowest,No
15280,21,Kentucky,210076,0,2,2,0,5,RICHMOND,February,16,Thursday,9,35,Urban,Medium Speed (Collector),No,37.87726389,-84.33591389,Non-Intersection,Daylight,Rain,9:00am-9:59am,36,9:00am-9:59am,46,10:00am-10:59am,23,1,Daylight,Rain/Wind/Minor,1,4,['Front_Passenger'],['Shoulder_Lapbelt'],0,0,Valid,0.0,0.0,49.0,22.0,"['Male', 'Male']",0,0,2,4,5,Wet/Standing Water,Curve,Level,Lowest,No
15281,21,Kentucky,210077,1,1,1,0,1,LOUISVILLE,February,16,Thursday,19,55,Urban,High Speed (Arterial),Yes,38.17544167,-85.78261667,Non-Intersection,Dark - Lighted,Cloudy,7:00pm-7:59pm,55,8:00pm-8:59pm,3,8:00pm-8:59pm,14,1,Dark - Lighted,Reduced Visibility,0,1,[],[],0,0,Valid,0.0,0.0,19.0,19.0,['Female'],0,0,2,3,4,Dry,Straight,Level,Lowest,No
15282,21,Kentucky,210079,0,1,1,0,1,NOT APPLICABLE,February,18,Saturday,15,41,Rural,Medium Speed (Collector),No,38.08300556,-84.72780833,Non-Intersection,Daylight,Clear,3:00pm-3:59pm,41,3:00pm-3:59pm,46,4:00pm-4:59pm,9,1,Daylight,Clear,1,0,['Driver'],['None_Used'],0,0,Valid,0.0,0.0,19.0,19.0,['Male'],0,0,2,4,2,Dry,Straight,Grade/Hillcrest,Lowest,No
15283,21,Kentucky,210080,1,1,1,0,1,LEXINGTON-FAYETTE,February,19,Sunday,6,22,Urban,High Speed (Arterial),Yes,38.01672778,-84.40729722,Non-Intersection,Dark - Lighted,Clear,6:00am-6:59am,16,6:00am-6:59am,23,6:00am-6:59am,55,1,Dark - Lighted,Clear,0,1,[],[],0,0,Valid,0.0,0.0,27.0,27.0,['Female'],0,0,3,1,4,Dry,Straight,Level,Lowest,No
15284,21,Kentucky,210081,0,1,1,0,1,NOT APPLICABLE,February,19,Sunday,20,27,Rural,Low Speed (Local),No,36.740225,-88.20521111,Non-Intersection,Dark - Not Lighted,Clear,8:00pm-8:59pm,43,9:00pm-9:59pm,1,Not Applicable (Not Transported),Not Applicable (Not Transported),1,Dark - Unlighted,Clear,1,0,['Driver'],['None_Used'],0,0,Valid,0.0,0.0,69.0,69.0,['Male'],0,0,3,4,3,Dry,Straight,Level,Medium,No
15285,21,Kentucky,210082,0,2,2,0,2,NOT APPLICABLE,February,7,Tuesday,11,30,Urban,High Speed (Arterial),Yes,37.81945278,-87.04017222,Complex/Circle,Daylight,Cloudy,11:00am-11:59am,32,11:00am-11:59am,40,11:00am-11:59am,56,1,Daylight,Reduced Visibility,1,1,['Driver'],['Shoulder_Lapbelt'],0,0,Valid,2.0,0.0,62.0,38.0,"['Male', 'Male']",0,0,3,4,5,Dry,Straight,Level,Lowest,No
15286,21,Kentucky,210083,0,1,1,0,1,PRINCETON,February,16,Thursday,19,46,Rural,Medium Speed (Collector),No,37.10088889,-87.86388611,Non-Intersection,Dark - Lighted,Cloudy,7:00pm-7:59pm,48,7:00pm-7:59pm,49,Not Applicable (Not Transported),Not Applicable (Not Transported),1,Dark - Lighted,Reduced Visibility,1,0,['Driver'],['None_Used'],0,0,Valid,0.0,0.0,38.0,38.0,['Male'],0,0,2,4,3,Wet/Standing Water,Curve,Grade/Hillcrest,Lowest,No
15287,21,Kentucky,210084,0,1,1,0,1,NOT APPLICABLE,February,21,Tuesday,19,5,Urban,Medium Speed (Collector),No,37.86759167,-85.96963056,Non-Intersection,Dark - Not Lighted,Clear,7:00pm-7:59pm,6,7:00pm-7:59pm,16,Not Applicable (Not Transported),Not Applicable (Not Transported),1,Dark - Unlighted,Clear,1,0,['Driver'],['None_Used'],1,1,Valid,0.0,0.0,63.0,63.0,['Male'],0,0,5,4,3,Dry,Curve,Level,Lowest,No
15288,21,Kentucky,210085,0,2,2,0,4,NOT APPLICABLE,February,24,Friday,23,21,Rural,High Speed (Arterial),Yes,38.56602778,-85.19233889,Non-Intersection,Dark - Not Lighted,Clear,11:00pm-11:59pm,27,11:00pm-11:59pm,47,Not Applicable (Not Transported),Not Applicable (Not Transported),1,Dark - Unlighted,Clear,1,3,['Driver'],['Shoulder_Lapbelt'],1,1,Invalid,0.0,1.0,61.0,19.0,"['Male', 'Male']",0,0,4,4,5,Dry,Straight,Level,Lowest,No
15289,21,Kentucky,210086,0,1,1,0,1,DRY RIDGE,February,25,Saturday,20,25,Rural,Medium Speed (Collector),No,38.68625,-84.6114,Non-Intersection,Dark - Not Lighted,Clear,8:00pm-8:59pm,28,8:00pm-8:59pm,35,Not Applicable (Not Transported),Not Applicable (Not Transported),1,Dark - Unlighted,Clear,1,0,['Driver'],['None_Used'],1,1,Valid,0.0,0.0,35.0,35.0,['Female'],1,0,2,4,3,Dry,Curve,Level,Lowest,No
15290,21,Kentucky,210087,0,1,1,0,1,NOT APPLICABLE,February,26,Sunday,3,0,Rural,Medium Speed (Collector),No,38.86836944,-84.54016389,Non-Intersection,Dark - Not Lighted,Clear,2:00am-2:59am,56,3:00am-3:59am,4,Not Applicable (Not Transported),Not Applicable (Not Transported),1,Dark - Unlighted,Clear,1,0,['Driver'],['Shoulder_Lapbelt'],1,1,Valid,0.0,0.0,22.0,22.0,['Male'],1,0,2,4,3,Dry,Curve,Level,Lowest,No
15291,21,Kentucky,210088,0,2,2,0,2,MIDDLETOWN,February,27,Monday,12,35,Urban,High Speed (Arterial),No,38.24835833,-85.530425,Non-Intersection,Daylight,Clear,12:00pm-12:59pm,35,12:00pm-12:59pm,50,1:00pm-1:59pm,13,1,Daylight,Clear,1,1,['Driver'],['None_Used'],0,0,Valid,0.0,0.0,75.0,54.0,"['Male', 'Male']",0,0,2,4,5,Dry,Straight,Non-Trafficway,Lowest,No
15292,21,Kentucky,210089,1,1,1,0,1,LEXINGTON-FAYETTE,February,4,Saturday,6,27,Urban,Low Speed (Local),No,38.06287778,-84.49145278,Non-Intersection,Dark - Lighted,Clear,6:00am-6:59am,28,6:00am-6:59am,33,6:00am-6:59am,49,1,Dark - Lighted,Clear,0,1,[],[],0,0,Valid,0.0,0.0,84.0,84.0,['Male'],0,0,2,2,4,Dry,Straight,Level,Lowest,No
15293,21,Kentucky,210090,0,2,2,0,2,LOUISVILLE,February,9,Thursday,6,21,Urban,High Speed (Arterial),Yes,38.11651389,-85.89493889,Complex/Circle,Dark - Not Lighted,Cloudy,6:00am-6:59am,25,6:00am-6:59am,35,8:00am-8:59am,1,1,Dark - Unlighted,Reduced Visibility,1,1,['Driver'],['Shoulder_Lapbelt'],0,0,Valid,0.0,2.0,55.0,22.0,"['Female', 'Male']",0,0,2,4,5,Wet/Standing Water,Straight,Level,Lowest,No
15294,21,Kentucky,210091,0,2,2,0,2,LOUISVILLE,February,16,Thursday,21,42,Urban,Medium Speed (Collector),No,38.14374444,-85.84528333,Simple Junction,Dark - Unknown Lighting,Clear,9:00pm-9:59pm,42,9:00pm-9:59pm,43,0:00am-0:59am,0,1,Dark - Unlighted,Clear,1,1,['Driver'],['None_Used'],0,0,Valid,0.0,0.0,37.0,29.0,"['Female', 'Male']",0,0,5,2,5,Dry,Straight,Level,Lowest,Yes
15295,21,Kentucky,210092,0,2,2,0,2,NOT APPLICABLE,February,22,Wednesday,8,23,Rural,Medium Speed (Collector),No,36.975,-87.36763056,Non-Intersection,Daylight,Cloudy,8:00am-8:59am,25,8:00am-8:59am,40,9:00am-9:59am,13,1,Daylight,Reduced Visibility,1,1,['Driver'],['None_Used'],0,0,Valid,1.0,0.0,47.0,20.0,"['Male', 'Male']",0,0,4,4,5,Dry,Straight,Level,Lowest,No
15296,21,Kentucky,210093,0,1,1,0,2,NOT APPLICABLE,February,20,Monday,6,51,Rural,Medium Speed (Collector),No,37.807775,-86.48813333,Simple Junction,Dark - Unknown Lighting,Cloudy,6:00am-6:59am,51,10:00am-10:59am,11,Not Applicable (Not Transported),Not Applicable (Not Transported),2,Dark - Unlighted,Reduced Visibility,2,0,"['Driver', 'Front_Passenger']","['None_Used', 'None_Used']",1,1,Valid,0.0,3.0,20.0,20.0,['Male'],0,0,2,4,3,Dry,Curve,Grade/Hillcrest,Lowest,No
15297,21,Kentucky,210094,0,1,1,0,2,NOT APPLICABLE,February,7,Tuesday,5,7,Rural,Low Speed (Local),No,36.68006667,-86.46899722,Non-Intersection,Daylight,Clear,5:00am-5:59am,11,5:00am-5:59am,26,Not Applicable (Not Transported),Not Applicable (Not Transported),2,Daylight,Clear,2,0,"['Driver', 'Front_Passenger']","['Shoulder_Lapbelt', 'Shoulder_Lapbelt']",1,1,Valid,0.0,0.0,18.0,18.0,['Male'],2,0,3,4,3,Dry,Curve,Grade/Hillcrest,Lowest,No
15298,21,Kentucky,210095,0,1,1,0,2,SOMERSET,January,7,Saturday,17,39,Rural,High Speed (Arterial),Yes,37.11811111,-84.55926389,Non-Intersection,Daylight,Clear,5:00pm-5:59pm,40,5:00pm-5:59pm,48,6:00pm-6:59pm,22,1,Daylight,Clear,1,1,['Front_Passenger'],['None_Used'],0,0,Valid,0.0,0.0,29.0,29.0,['Male'],2,0,3,4,3,Dry,Straight,Grade/Hillcrest,Lowest,No
15299,21,Kentucky,210096,1,1,1,0,1,NOT APPLICABLE,February,24,Friday,21,56,Rural,High Speed (Arterial),Yes,37.25984444,-84.63985556,Non-Intersection,Dark - Not Lighted,Clear,9:00pm-9:59pm,58,10:00pm-10:59pm,7,10:00pm-10:59pm,58,1,Dark - Unlighted,Clear,0,1,[],[],0,0,Valid,0.0,0.0,36.0,36.0,['Male'],0,0,3,2,4,Dry,Straight,Level,Lowest,No
15300,21,Kentucky,210097,0,1,1,0,2,LOUISVILLE,February,26,Sunday,15,4,Urban,High Speed (Arterial),Yes,38.11375,-85.71848056,Non-Intersection,Daylight,Clear,3:00pm-3:59pm,15,3:00pm-3:59pm,32,4:00pm-4:59pm,0,1,Daylight,Clear,1,1,['Front_Passenger'],['None_Used'],0,0,Valid,0.0,0.0,42.0,42.0,['Male'],2,0,3,4,3,Dry,Curve,Level,Lowest,No
15301,21,Kentucky,210098,1,1,1,0,1,OWENSBORO,March,1,Wednesday,7,5,Urban,High Speed (Arterial),Yes,37.76528056,-87.09035278,Complex/Circle,Daylight,Clear,7:00am-7:59am,7,7:00am-7:59am,8,7:00am-7:59am,33,1,Daylight,Clear,0,1,[],[],0,0,Valid,0.0,0.0,25.0,25.0,['Male'],0,0,3,2,4,Dry,Curve,Level,Lowest,No
15302,21,Kentucky,210099,0,2,2,0,2,NOT APPLICABLE,March,2,Thursday,21,41,Rural,Medium Speed (Collector),No,37.84511389,-86.32231667,Non-Intersection,Dark - Not Lighted,Rain,9:00pm-9:59pm,38,9:00pm-9:59pm,42,Not Applicable (Not Transported),Not Applicable (Not Transported),1,Dark - Unlighted,Rain/Wind/Minor,1,1,['Driver'],['Shoulder_Lapbelt'],0,0,Valid,0.0,1.0,38.0,21.0,"['Male', 'Male']",0,0,4,4,5,Wet/Standing Water,Curve,Grade/Hillcrest,Lowest,No
15303,21,Kentucky,210100,0,1,1,0,2,LEXINGTON-FAYETTE,March,3,Friday,17,19,Urban,Low Speed (Local),No,38.04320833,-84.54525,Non-Intersection,Daylight,Severe Crosswinds,5:00pm-5:59pm,21,5:00pm-5:59pm,32,5:00pm-5:59pm,57,1,Daylight,Rain/Wind/Minor,1,1,['Driver'],['None_Used'],0,0,Valid,0.0,0.0,41.0,41.0,['Female'],0,0,2,4,1,Wet/Standing Water,Straight,Level,Lowest,No
15304,21,Kentucky,210101,0,1,1,0,1,INDIAN HILLS,March,3,Friday,19,26,Rural,Low Speed (Local),No,38.27606667,-85.64685278,Non-Intersection,Dark - Not Lighted,Cloudy,7:00pm-7:59pm,31,7:00pm-7:59pm,33,8:00pm-8:59pm,1,1,Dark - Unlighted,Reduced Visibility,1,0,['Driver'],['Shoulder_Lapbelt'],0,0,Valid,0.0,0.0,64.0,64.0,['Male'],0,0,2,4,3,Wet/Standing Water,Straight,Level,Lowest,No
15305,21,Kentucky,210102,1,2,2,0,2,LOUISVILLE,March,4,Saturday,19,33,Urban,High Speed (Arterial),Yes,38.19548333,-85.84253611,Complex/Circle,Dark - Lighted,Clear,7:00pm-7:59pm,34,7:00pm-7:59pm,46,Not Applicable (Not Transported),Not Applicable (Not Transported),1,Dark - Lighted,Clear,0,1,[],[],0,0,Valid,1.0,0.0,998.0,46.0,"['Male', 'Other']",0,0,2,2,4,Dry,Straight,Level,Lowest,No