,State_Code,State_Name,Crash_ID,Count_Non_Motorists,Count_Vehicles_Total,Count_Vehicle_Forms,Count_PVH_Involved,Count_Occupants_MV,City_Name,Month_Name,Day_of_Month,Day_of_Week,Crash_Hour,Crash_Minute,Area_Rural_Urban,Road_Functional_Class,On_NHS_Road,Latitude,Longitude,Intersection_Type,Light_Condition,Weather_Condition,Notif_Hour,Notif_Minute,Arrival_Hour,Arrival_Minute,Hospital_Hour,Hospital_Minute,Fatalities_Count,Clean_Light_Condition,Clean_Weather_Condition,Total_Killed,Total_Alive,Fatal_Seats_List,Killed_Restraint_List,Any_Driver_Drinking,Total_Drinking_Drivers,Driver_License_Category,Driver_Max_Prev_Accident_Count,Driver_Max_Prev_Speeding_Count,Max_Driver_Age,Min_Driver_Age,Driver_Sex_List,Total_Exceeding_Limit_Vehicles,Total_Too_Fast_Vehicles,Max_Vehicle_Type_Severity_5,Max_Vehicle_Damage_Rank,Max_Harmful_Event_Severity,Crash_Road_Surface_Condition,Crash_Horizontal_Alignment,Crash_Vertical_Profile,Crash_Impairment_Category,Crash_Vehicle_Defect
15306,21,Kentucky,210103,0,3,3,0,3,LOUISVILLE,March,5,Sunday,0,34,Urban,High Speed (Arterial),Yes,38.15086389,-85.836925,Complex/Circle,Dark - Lighted,Cloudy,0:00am-0:59am,34,0:00am-0:59am,34,1:00am-1:59am,20,1,Dark - Lighted,Reduced Visibility,1,2,['Driver'],['None_Used'],0,0,Valid,0.0,0.0,50.0,27.0,"['Female', 'Male', 'Female']",0,0,3,4,5,Dry,Straight,Level,Lowest,No
15307,21,Kentucky,210104,0,3,3,0,9,OWENSBORO,March,5,Sunday,9,28,Urban,Low Speed (Local),No,37.75861111,-87.10745278,Complex/Circle,Daylight,Clear,9:00am-9:59am,30,9:00am-9:59am,30,9:00am-9:59am,51,1,Daylight,Clear,1,8,['Driver'],['Shoulder_Lapbelt'],0,0,Valid,0.0,0.0,62.0,38.0,"['Female', 'Male', 'Male']",0,0,3,4,5,Dry,Straight,Level,Lowest,No
15308,21,Kentucky,210105,0,2,2,0,3,LOUISVILLE,March,5,Sunday,16,41,Urban,Low Speed (Local),No,38.24961389,-85.79994722,Complex/Circle,Daylight,Clear,4:00pm-4:59pm,41,5:00pm-5:59pm,5,5:00pm-5:59pm,26,1,Daylight,Clear,1,2,['Driver'],['None_Used'],0,0,Valid,1.0,1.0,53.0,37.0,"['Male', 'Male']",0,0,5,4,5,Dry,Straight,Level,Lowest,No
15309,21,Kentucky,210106,0,1,1,0,1,NOT APPLICABLE,March,6,Monday,16,16,Rural,Low Speed (Local),No,38.10481111,-84.10088611,Non-Intersection,Daylight,Clear,4:00pm-4:59pm,17,4:00pm-4:59pm,33,5:00pm-5:59pm,6,1,Daylight,Clear,1,0,['Driver'],['None_Used'],0,0,Valid,0.0,0.0,85.0,85.0,['Male'],0,0,5,4,3,Dry,Curve,Level,Lowest,No
15310,21,Kentucky,210107,1,1,1,0,1,PRESTONSBURG,March,6,Monday,20,7,Rural,High Speed (Arterial),Yes,37.59945556,-82.68411111,Non-Intersection,Dark - Not Lighted,Clear,8:00pm-8:59pm,3,8:00pm-8:59pm,16,9:00pm-9:59pm,17,1,Dark - Unlighted,Clear,0,1,[],[],0,0,Valid,0.0,1.0,26.0,26.0,['Male'],0,0,3,2,4,Dry,Straight,Level,Lowest,No
15311,21,Kentucky,210108,0,1,1,0,1,SOMERSET,March,2,Thursday,12,33,Urban,High Speed (Arterial),Yes,37.129975,-84.63788333,Complex/Circle,Daylight,Cloudy,12:00pm-12:59pm,34,12:00pm-12:59pm,38,1:00pm-1:59pm,11,1,Daylight,Reduced Visibility,1,0,['Driver'],['None_Used'],0,0,Valid,0.0,0.0,88.0,88.0,['Female'],0,0,3,4,3,Dry,Curve,Grade/Hillcrest,Medium,No
15312,21,Kentucky,210109,0,3,3,0,7,NOT APPLICABLE,March,10,Friday,12,5,Rural,Medium Speed (Collector),No,37.10635278,-87.95297222,Non-Intersection,Daylight,Clear,12:00pm-12:59pm,6,12:00pm-12:59pm,12,1:00pm-1:59pm,19,1,Daylight,Clear,1,6,['Driver'],['Shoulder_Lapbelt'],0,0,Valid,0.0,0.0,59.0,31.0,"['Male', 'Male', 'Male']",0,0,3,4,5,Dry,Straight,Level,Lowest,No
15313,21,Kentucky,210110,0,1,1,0,2,LOUISVILLE,March,11,Saturday,14,53,Rural,High Speed (Arterial),Yes,38.25705278,-85.75304444,Non-Intersection,Daylight,Clear,2:00pm-2:59pm,53,3:00pm-3:59pm,0,3:00pm-3:59pm,32,1,Daylight,Clear,1,1,['Front_Passenger'],['None_Used'],1,1,Valid,0.0,0.0,22.0,22.0,['Male'],2,0,2,4,3,Dry,Straight,Level,Lowest,No
15314,21,Kentucky,210111,0,1,1,0,1,GLASGOW,March,13,Monday,15,30,Rural,Medium Speed (Collector),No,36.84725833,-85.76904722,Non-Intersection,Daylight,Cloudy,3:00pm-3:59pm,25,3:00pm-3:59pm,40,Not Applicable (Not Transported),Not Applicable (Not Transported),1,Daylight,Reduced Visibility,1,0,['Driver'],['Shoulder_Lapbelt'],0,0,Valid,2.0,0.0,25.0,25.0,['Male'],0,0,4,4,3,Dry,Curve,Grade/Hillcrest,Lowest,No
15315,21,Kentucky,210112,0,3,3,0,4,NOT APPLICABLE,March,12,Sunday,12,20,Urban,Medium Speed (Collector),No,37.01840278,-88.59056111,Simple Junction,Daylight,Cloudy,12:00pm-12:59pm,23,12:00pm-12:59pm,27,12:00pm-12:59pm,38,1,Daylight,Reduced Visibility,1,3,['Driver'],['Shoulder_Lapbelt'],0,0,Valid,0.0,0.0,86.0,45.0,"['Female', 'Male', 'Female']",0,0,3,4,5,Dry,Straight,Level,Lowest,No
15316,21,Kentucky,210113,0,2,2,0,3,NOT APPLICABLE,March,15,Wednesday,9,55,Rural,Medium Speed (Collector),No,36.62875556,-88.356475,Non-Intersection,Daylight,Clear,9:00am-9:59am,58,10:00am-10:59am,5,10:00am-10:59am,27,1,Daylight,Clear,1,2,['Driver'],['Lapbelt_Only'],0,0,Valid,0.0,0.0,65.0,62.0,"['Female', 'Male']",0,0,4,4,5,Dry,Straight,Level,Lowest,No
15317,21,Kentucky,210114,0,1,1,0,1,LOUISVILLE,March,16,Thursday,3,25,Urban,Medium Speed (Collector),No,38.12757222,-85.79510833,Simple Junction,Dark - Lighted,Clear,3:00am-3:59am,25,3:00am-3:59am,30,4:00am-4:59am,9,1,Dark - Lighted,Clear,1,0,['Driver'],['None_Used'],1,1,Valid,0.0,0.0,25.0,25.0,['Female'],0,0,2,4,3,Dry,Straight,Grade/Hillcrest,Lowest,No
15318,21,Kentucky,210115,0,2,2,0,3,NOT APPLICABLE,March,16,Thursday,13,43,Rural,Medium Speed (Collector),No,37.48404444,-87.13485,Non-Intersection,Daylight,Cloudy,1:00pm-1:59pm,47,2:00pm-2:59pm,23,3:00pm-3:59pm,17,1,Daylight,Reduced Visibility,1,2,['Driver'],['Shoulder_Lapbelt'],0,0,Valid,0.0,0.0,64.0,33.0,"['Male', 'Male']",0,0,3,4,5,Dry,Straight,Grade/Hillcrest,Lowest,Yes
15319,21,Kentucky,210116,0,2,2,0,3,LOUISVILLE,March,17,Friday,15,43,Rural,Low Speed (Local),No,38.08865833,-85.68786944,Non-Intersection,Daylight,Clear,3:00pm-3:59pm,45,4:00pm-4:59pm,3,4:00pm-4:59pm,46,1,Daylight,Clear,1,2,['Driver'],['None_Used'],0,0,Valid,0.0,0.0,46.0,37.0,"['Male', 'Male']",0,0,2,4,5,Dry,Straight,Level,Lowest,No
15320,21,Kentucky,210117,0,2,2,0,2,OWENSBORO,March,18,Saturday,13,49,Urban,Low Speed (Local),No,37.76715833,-87.11755,Complex/Circle,Daylight,Cloudy,1:00pm-1:59pm,50,1:00pm-1:59pm,53,2:00pm-2:59pm,6,1,Daylight,Reduced Visibility,1,1,['Driver'],['None_Used'],0,0,Invalid,0.0,0.0,62.0,34.0,"['Male', 'Male']",0,0,5,4,5,Dry,Straight,Level,Lowest,No
15321,21,Kentucky,210118,0,1,1,0,1,NOT APPLICABLE,March,18,Saturday,21,15,Rural,Low Speed (Local),No,38.38063056,-83.03166944,Non-Intersection,Dark - Unknown Lighting,Clear,9:00pm-9:59pm,14,9:00pm-9:59pm,27,Not Applicable (Not Transported),Not Applicable (Not Transported),1,Dark - Unlighted,Clear,1,0,['Driver'],['None_Used'],0,0,Invalid,0.0,0.0,41.0,41.0,['Male'],0,0,5,4,2,Dry,Curve,Level,Lowest,No
15322,21,Kentucky,210119,0,1,1,0,2,LEXINGTON-FAYETTE,March,19,Sunday,2,16,Rural,Medium Speed (Collector),No,38.01591667,-84.49498889,Non-Intersection,Dark - Lighted,Clear,2:00am-2:59am,16,2:00am-2:59am,16,2:00am-2:59am,41,1,Dark - Lighted,Clear,1,1,['Front_Passenger'],['None_Used'],1,1,Invalid,0.0,0.0,20.0,20.0,['Female'],0,0,3,4,3,Dry,Straight,Level,Lowest,No
15323,21,Kentucky,210120,0,1,1,0,1,LOUISVILLE,March,23,Thursday,17,57,Urban,High Speed (Arterial),Yes,38.29130833,-85.65038056,Non-Intersection,Daylight,Cloudy,6:00pm-6:59pm,13,6:00pm-6:59pm,20,Not Applicable (Not Transported),Not Applicable (Not Transported),1,Daylight,Reduced Visibility,1,0,['Driver'],['None_Used'],1,1,Valid,0.0,0.0,35.0,35.0,['Male'],1,0,5,4,3,Wet/Standing Water,Curve,Grade/Hillcrest,Lowest,No
15324,21,Kentucky,210121,0,3,3,0,3,NOT APPLICABLE,March,25,Saturday,9,32,Rural,High Speed (Arterial),Yes,36.68974722,-87.13238333,Non-Intersection,Daylight,Cloudy,9:00am-9:59am,15,9:00am-9:59am,34,Not Applicable (Not Transported),Not Applicable (Not Transported),1,Daylight,Reduced Visibility,1,2,['Driver'],['Shoulder_Lapbelt'],0,0,Invalid,0.0,1.0,42.0,33.0,"['Male', 'Male', 'Female']",0,0,4,4,5,Dry,Straight,Level,Lowest,No
15325,21,Kentucky,210122,0,2,2,0,4,VINE GROVE,March,23,Thursday,11,34,Urban,Medium Speed (Collector),No,37.82450278,-85.97689444,Complex/Circle,Daylight,Clear,11:00am-11:59am,35,11:00am-11:59am,38,12:00pm-12:59pm,9,1,Daylight,Clear,1,3,['Rear_Seat'],['Shoulder_Lapbelt'],0,0,Valid,0.0,0.0,87.0,18.0,"['Female', 'Female']",0,0,2,4,5,Dry,Straight,Grade/Hillcrest,Lowest,No
15326,21,Kentucky,210123,0,1,1,0,1,PIKEVILLE,March,2,Thursday,8,3,Rural,Low Speed (Local),No,37.39021944,-82.51983611,Non-Intersection,Daylight,Cloudy,8:00am-8:59am,3,8:00am-8:59am,20,8:00am-8:59am,40,1,Daylight,Reduced Visibility,1,0,['Driver'],['Shoulder_Lapbelt'],0,0,Valid,0.0,1.0,45.0,45.0,['Female'],0,0,3,4,3,Wet/Standing Water,Straight,Level,Medium,No
15327,21,Kentucky,210124,0,2,2,0,3,NOT APPLICABLE,March,4,Saturday,11,32,Rural,High Speed (Arterial),Yes,36.82541111,-86.98555,Complex/Circle,Daylight,Clear,11:00am-11:59am,33,11:00am-11:59am,40,12:00pm-12:59pm,54,1,Daylight,Clear,1,2,['Driver'],['None_Used'],0,0,Valid,0.0,0.0,73.0,59.0,"['Male', 'Male']",0,0,5,4,5,Dry,Straight,Level,Lowest,No
15328,21,Kentucky,210125,0,2,2,0,2,WILLIAMSBURG,March,8,Wednesday,8,50,Rural,Medium Speed (Collector),No,36.74416111,-84.14307778,Non-Intersection,Daylight,Clear,8:00am-8:59am,56,9:00am-9:59am,7,Not Applicable (Not Transported),Not Applicable (Not Transported),1,Daylight,Clear,1,1,['Driver'],['None_Used'],0,0,Valid,0.0,0.0,77.0,62.0,"['Male', 'Male']",1,0,2,4,5,Dry,Curve,Level,Lowest,No
15329,21,Kentucky,210126,0,2,2,0,3,NOT APPLICABLE,March,30,Thursday,16,28,Rural,Medium Speed (Collector),No,37.77623333,-85.37421667,Non-Intersection,Daylight,Clear,4:00pm-4:59pm,29,4:00pm-4:59pm,40,5:00pm-5:59pm,52,1,Daylight,Clear,1,2,['Driver'],['Shoulder_Lapbelt'],0,0,Invalid,0.0,3.0,43.0,43.0,"['Female', 'Male']",2,0,2,4,5,Dry,Straight,Level,Lowest,No
15330,21,Kentucky,210127,0,2,2,0,2,LOUISVILLE,March,6,Monday,19,12,Urban,High Speed (Arterial),Yes,38.21925,-85.67922778,Simple Junction,Daylight,Clear,7:00pm-7:59pm,13,7:00pm-7:59pm,27,7:00pm-7:59pm,47,1,Daylight,Clear,1,1,['Driver'],['None_Used'],0,0,Valid,1.0,0.0,54.0,17.0,"['Male', 'Male']",0,0,5,4,5,Dry,Straight,Level,Lowest,No
15331,21,Kentucky,210128,0,2,2,0,2,NOT APPLICABLE,March,31,Friday,18,38,Rural,High Speed (Arterial),Yes,38.58663611,-85.17533056,Non-Intersection,Daylight,Cloudy,6:00pm-6:59pm,41,6:00pm-6:59pm,55,Not Applicable (Not Transported),Not Applicable (Not Transported),1,Daylight,Reduced Visibility,1,1,['Driver'],['Shoulder_Lapbelt'],0,0,Invalid,0.0,1.0,40.0,39.0,"['Female', 'Male']",0,0,4,4,5,Wet/Standing Water,Curve,Grade/Hillcrest,Lowest,No
15332,21,Kentucky,210129,0,2,2,0,2,NOT APPLICABLE,March,31,Friday,21,38,Rural,High Speed (Arterial),Yes,37.87690833,-85.70239444,Non-Intersection,Dark - Not Lighted,Rain,9:00pm-9:59pm,2,9:00pm-9:59pm,8,Not Applicable (Not Transported),Not Applicable (Not Transported),1,Dark - Unlighted,Rain/Wind/Minor,1,1,['Driver'],['None_Used'],0,0,Valid,2.0,0.0,65.0,53.0,"['Male', 'Male']",0,0,4,4,5,Wet/Standing Water,Straight,Grade/Hillcrest,Lowest,No
15333,21,Kentucky,210130,0,1,1,0,1,TEABERRY,March,27,Monday,16,40,Rural,Medium Speed (Collector),No,37.42454444,-82.64479444,Non-Intersection,Daylight,Clear,4:00pm-4:59pm,40,4:00pm-4:59pm,59,5:00pm-5:59pm,20,1,Daylight,Clear,1,0,['Driver'],['None_Used'],0,0,Valid,1.0,0.0,58.0,58.0,['Male'],0,0,5,4,3,Dry,Curve,Grade/Hillcrest,Lowest,No
15334,21,Kentucky,210131,0,2,2,0,2,LOUISVILLE,March,31,Friday,9,33,Rural,High Speed (Arterial),Yes,38.22142222,-85.79325278,Complex/Circle,Daylight,Rain,9:00am-9:59am,33,9:00am-9:59am,43,10:00am-10:59am,9,1,Daylight,Rain/Wind/Minor,1,1,['Driver'],['None_Used'],0,0,Valid,0.0,0.0,69.0,44.0,"['Male', 'Female']",0,0,3,4,5,Dry,Curve,Level,Lowest,No
15335,21,Kentucky,210132,0,1,1,0,1,FRANKFORT,March,24,Friday,2,44,Rural,Low Speed (Local),No,38.19705,-84.88545,Non-Intersection,Dark - Not Lighted,Rain,2:00am-2:59am,43,2:00am-2:59am,56,Not Applicable (Not Transported),Not Applicable (Not Transported),1,Dark - Unlighted,Rain/Wind/Minor,1,0,['Driver'],['Shoulder_Lapbelt'],0,0,Invalid,0.0,0.0,45.0,45.0,['Male'],0,0,3,4,3,Wet/Standing Water,Curve,Level,Lowest,No
15336,21,Kentucky,210133,0,1,1,0,1,NOT APPLICABLE,March,27,Monday,12,34,Rural,Medium Speed (Collector),No,37.27637222,-83.13003056,Non-Intersection,Daylight,Clear,12:00pm-12:59pm,37,12:00pm-12:59pm,49,1:00pm-1:59pm,59,1,Daylight,Clear,1,0,['Driver'],['Shoulder_Lapbelt'],0,0,Valid,0.0,0.0,61.0,61.0,['Male'],0,0,3,4,3,Dry,Curve,Level,Medium,No
15337,21,Kentucky,210134,1,1,1,0,1,PIKEVILLE,February,4,Saturday,14,56,Urban,High Speed (Arterial),Yes,37.48574444,-82.54243056,Non-Intersection,Daylight,Clear,2:00pm-2:59pm,58,3:00pm-3:59pm,1,3:00pm-3:59pm,37,1,Daylight,Clear,0,1,[],[],0,0,Valid,0.0,0.0,60.0,60.0,['Female'],0,0,3,3,4,Dry,Straight,Level,Lowest,No
15338,21,Kentucky,210135,0,1,1,0,1,NOT APPLICABLE,March,31,Friday,15,4,Rural,Low Speed (Local),No,37.19649444,-84.63273056,Non-Intersection,Daylight,Rain,3:00pm-3:59pm,8,3:00pm-3:59pm,19,Not Applicable (Not Transported),Not Applicable (Not Transported),1,Daylight,Rain/Wind/Minor,1,0,['Driver'],['None_Used'],0,0,Invalid,0.0,0.0,82.0,82.0,['Male'],0,0,3,4,4,Wet/Standing Water,Straight,Level,Lowest,No
15339,21,Kentucky,210136,0,1,1,0,2,LOUISVILLE,February,6,Monday,15,12,Urban,High Speed (Arterial),Yes,38.25800278,-85.76826944,Complex/Circle,Daylight,Clear,3:00pm-3:59pm,13,3:00pm-3:59pm,18,3:00pm-3:59pm,52,1,Daylight,Clear,1,1,['Driver'],['Shoulder_Lapbelt'],0,0,Valid,0.0,0.0,75.0,75.0,['Male'],0,0,3,4,3,Dry,Straight,Level,Lowest,No
15340,21,Kentucky,210137,0,1,1,0,1,NOT APPLICABLE,March,12,Sunday,5,6,Rural,Medium Speed (Collector),No,38.66976389,-83.83101667,Non-Intersection,Dark - Not Lighted,Snow,5:00am-5:59am,12,5:00am-5:59am,21,Not Applicable (Not Transported),Not Applicable (Not Transported),1,Dark - Unlighted,Snow/Ice/Severe,1,0,['Driver'],['None_Used'],1,1,Valid,0.0,2.0,22.0,22.0,['Male'],0,0,2,4,3,Wet/Standing Water,Curve,Level,Lowest,No
15341,21,Kentucky,210138,0,1,1,0,2,WARSAW,March,19,Sunday,23,21,Rural,Medium Speed (Collector),No,38.77232778,-84.92968333,Non-Intersection,Dark - Not Lighted,Clear,11:00pm-11:59pm,21,11:00pm-11:59pm,24,0:00am-0:59am,15,1,Dark - Unlighted,Clear,1,1,['Driver'],['None_Used'],1,1,Invalid,0.0,0.0,39.0,39.0,['Male'],0,0,5,4,2,Dry,Curve,Level,Lowest,No
15342,21,Kentucky,210139,0,1,1,0,1,NOT APPLICABLE,March,28,Tuesday,2,36,Rural,High Speed (Arterial),Yes,37.75576111,-85.62995833,Non-Intersection,Dark - Not Lighted,Clear,2:00am-2:59am,39,3:00am-3:59am,4,Not Applicable (Not Transported),Not Applicable (Not Transported),1,Dark - Unlighted,Clear,1,0,['Driver'],['Shoulder_Lapbelt'],0,0,Valid,0.0,1.0,57.0,57.0,['Male'],0,0,4,4,3,Dry,Straight,Level,Lowest,No
15343,21,Kentucky,210140,0,1,1,0,1,NOT APPLICABLE,March,31,Friday,19,8,Rural,Medium Speed (Collector),No,38.15013611,-84.61652222,Non-Intersection,Dusk,Cloudy,7:00pm-7:59pm,10,7:00pm-7:59pm,17,7:00pm-7:59pm,52,1,Twilight,Reduced Visibility,1,0,['Driver'],['None_Used'],0,0,Valid,0.0,0.0,67.0,67.0,['Male'],0,0,3,4,2,Dry,Curve,Grade/Hillcrest,Lowest,No
15344,21,Kentucky,210141,1,1,1,0,1,OWENSBORO,March,30,Thursday,14,4,Urban,Low Speed (Local),No,37.72282778,-87.11296389,Simple Junction,Daylight,Clear,1:00pm-1:59pm,55,2:00pm-2:59pm,9,2:00pm-2:59pm,50,1,Daylight,Clear,0,1,[],[],0,0,Valid,1.0,0.0,67.0,67.0,['Male'],0,0,3,4,4,Dry,Straight,Level,Lowest,No
15345,21,Kentucky,210142,0,1,1,0,1,NOT APPLICABLE,April,2,Sunday,0,35,Rural,Low Speed (Local),No,36.60138889,-84.24310278,Non-Intersection,Dark - Not Lighted,Cloudy,1:00am-1:59am,23,1:00am-1:59am,52,Not Applicable (Not Transported),Not Applicable (Not Transported),1,Dark - Unlighted,Reduced Visibility,1,0,['Driver'],['None_Used'],1,1,Invalid,0.0,1.0,19.0,19.0,['Male'],1,0,5,4,3,Wet/Standing Water,Curve,Level,Lowest,No
15346,21,Kentucky,210143,0,1,1,0,1,ST. MATTHEWS,April,3,Monday,10,52,Urban,High Speed (Arterial),Yes,38.25118056,-85.63561389,Non-Intersection,Daylight,Cloudy,10:00am-10:59am,53,11:00am-11:59am,3,11:00am-11:59am,35,1,Daylight,Reduced Visibility,1,0,['Driver'],['Shoulder_Lapbelt'],0,0,Valid,0.0,0.0,49.0,49.0,['Male'],0,0,3,4,3,Wet/Standing Water,Straight,Level,Medium,No
15347,21,Kentucky,210144,0,2,2,0,2,NOT APPLICABLE,April,4,Tuesday,5,41,Rural,High Speed (Arterial),Yes,37.977275,-82.67175556,Non-Intersection,Dawn,Clear,5:00am-5:59am,33,5:00am-5:59am,47,Not Applicable (Not Transported),Not Applicable (Not Transported),1,Twilight,Clear,1,1,['Driver'],['Shoulder_Lapbelt'],0,0,Valid,1.0,0.0,61.0,36.0,"['Male', 'Male']",0,0,3,4,5,Dry,Straight,Level,Lowest,No
15348,21,Kentucky,210145,1,1,1,0,1,SALVISA,April,4,Tuesday,7,37,Rural,High Speed (Arterial),Yes,37.91398611,-84.86061944,Non-Intersection,Dawn,Clear,0:00am-0:59am,0,0:00am-0:59am,0,Not Applicable (Not Transported),Not Applicable (Not Transported),1,Twilight,Clear,0,1,[],[],0,0,Valid,0.0,1.0,24.0,24.0,['Male'],0,0,2,4,4,Wet/Standing Water,Straight,Level,Lowest,No
15349,21,Kentucky,210146,0,2,2,0,3,NOT APPLICABLE,April,4,Tuesday,14,25,Rural,Medium Speed (Collector),No,38.03317222,-84.02121111,Non-Intersection,Daylight,Clear,2:00pm-2:59pm,25,2:00pm-2:59pm,31,3:00pm-3:59pm,31,1,Daylight,Clear,1,2,['Driver'],['Shoulder_Lapbelt'],0,0,Valid,0.0,0.0,61.0,52.0,"['Male', 'Male']",0,0,3,4,5,Dry,Curve,Grade/Hillcrest,Lowest,No
15350,21,Kentucky,210147,0,2,1,1,1,NOT APPLICABLE,April,5,Wednesday,23,7,Rural,High Speed (Arterial),Yes,36.90730556,-87.77540833,Non-Intersection,Dark - Not Lighted,Rain,10:00pm-10:59pm,55,11:00pm-11:59pm,10,1:00am-1:59am,54,1,Dark - Unlighted,Rain/Wind/Minor,1,0,['Driver'],['Shoulder_Lapbelt'],0,0,Valid,0.0,0.0,62.0,62.0,['Male'],0,0,4,4,3,Wet/Standing Water,Straight,Level,Lowest,No
15351,21,Kentucky,210148,0,1,1,0,2,NOT APPLICABLE,April,7,Friday,1,31,Urban,Medium Speed (Collector),No,38.90013889,-84.65043056,Non-Intersection,Dark - Not Lighted,Clear,1:00am-1:59am,31,1:00am-1:59am,40,1:00am-1:59am,40,1,Dark - Unlighted,Clear,1,1,['Front_Passenger'],['None_Used'],1,1,Valid,0.0,0.0,22.0,22.0,['Female'],2,0,2,4,2,Dry,Curve,Level,Lowest,No
15352,21,Kentucky,210149,1,1,1,0,1,CRITTENDEN,April,7,Friday,21,27,Rural,Low Speed (Local),No,38.79019167,-84.61018056,Non-Intersection,Dark - Lighted,Clear,9:00pm-9:59pm,29,9:00pm-9:59pm,37,Not Applicable (Not Transported),Not Applicable (Not Transported),1,Dark - Lighted,Clear,0,1,[],[],0,0,Valid,0.0,0.0,68.0,68.0,['Male'],0,0,2,2,4,Dry,Straight,Level,Lowest,No
15353,21,Kentucky,210150,0,2,2,0,6,PADUCAH,April,9,Sunday,2,31,Urban,High Speed (Arterial),Yes,37.08696111,-88.61633056,Non-Intersection,Dark - Lighted,Clear,2:00am-2:59am,33,2:00am-2:59am,39,2:00am-2:59am,49,1,Dark - Lighted,Clear,1,5,['Driver'],['Shoulder_Lapbelt'],1,1,Invalid,1.0,2.0,43.0,35.0,"['Male', 'Female']",0,0,3,4,5,Dry,Straight,Level,Lowest,No
15354,21,Kentucky,210151,0,1,1,0,1,LOUISVILLE,April,6,Thursday,0,19,Urban,High Speed (Arterial),Yes,38.11568889,-85.86028056,Non-Intersection,Dark - Lighted,Clear,0:00am-0:59am,19,0:00am-0:59am,29,1:00am-1:59am,6,1,Dark - Lighted,Clear,1,0,['Driver'],['None_Used'],1,1,Valid,0.0,1.0,22.0,22.0,['Male'],1,0,3,4,3,Wet/Standing Water,Straight,Level,Lowest,No
15355,21,Kentucky,210152,0,2,2,0,2,LEXINGTON-FAYETTE,April,10,Monday,6,49,Urban,Medium Speed (Collector),No,38.11434722,-84.52076111,Non-Intersection,Dark - Not Lighted,Clear,6:00am-6:59am,51,7:00am-7:59am,2,7:00am-7:59am,44,1,Dark - Unlighted,Clear,1,1,['Driver'],['Shoulder_Lapbelt'],1,1,Valid,0.0,0.0,63.0,22.0,"['Male', 'Female']",0,0,3,4,5,Dry,Curve,Grade/Hillcrest,Lowest,No
15356,21,Kentucky,210153,0,2,2,0,5,BOWLING GREEN,April,10,Monday,18,40,Urban,High Speed (Arterial),Yes,36.96187222,-86.48964722,Non-Intersection,Daylight,Clear,6:00pm-6:59pm,42,6:00pm-6:59pm,46,Not Applicable (Not Transported),Not Applicable (Not Transported),1,Daylight,Clear,1,4,['Driver'],['None_Used'],0,0,Valid,0.0,0.0,50.0,43.0,"['Female', 'Male']",1,0,5,4,5,Dry,Straight,Level,Lowest,No
15357,21,Kentucky,210154,0,1,1,0,1,NOT APPLICABLE,April,11,Tuesday,17,22,Rural,Low Speed (Local),No,36.65039167,-88.21013611,Non-Intersection,Daylight,Clear,5:00pm-5:59pm,23,5:00pm-5:59pm,34,Not Applicable (Not Transported),Not Applicable (Not Transported),1,Daylight,Clear,1,0,['Driver'],['None_Used'],1,1,Valid,0.0,0.0,42.0,42.0,['Male'],0,0,5,4,3,Dry,Curve,Level,Lowest,No
15358,21,Kentucky,210155,0,2,2,0,3,SOMERSET,April,11,Tuesday,18,20,Rural,High Speed (Arterial),Yes,37.17969722,-84.47865,Non-Intersection,Daylight,Clear,6:00pm-6:59pm,21,6:00pm-6:59pm,36,7:00pm-7:59pm,12,1,Daylight,Clear,1,2,['Driver'],['None_Used'],0,0,Valid,0.0,0.0,70.0,48.0,"['Female', 'Female']",0,0,3,4,5,Dry,Straight,Level,Lowest,No
15359,21,Kentucky,210156,0,1,1,0,1,NOT APPLICABLE,April,13,Thursday,13,56,Rural,Medium Speed (Collector),No,38.08598611,-84.72561389,Non-Intersection,Daylight,Clear,1:00pm-1:59pm,56,2:00pm-2:59pm,2,Not Applicable (Not Transported),Not Applicable (Not Transported),1,Daylight,Clear,1,0,['Driver'],['None_Used'],0,0,Valid,0.0,0.0,69.0,69.0,['Male'],0,0,5,4,3,Dry,Straight,Level,Lowest,No
15360,21,Kentucky,210157,1,1,1,0,1,LEXINGTON-FAYETTE,April,11,Tuesday,7,53,Urban,Low Speed (Local),No,38.00525833,-84.39807778,Non-Intersection,Daylight,Clear,7:00am-7:59am,55,8:00am-8:59am,1,8:00am-8:59am,26,1,Daylight,Clear,0,1,[],[],0,0,Valid,0.0,0.0,24.0,24.0,['Female'],0,0,2,2,4,Dry,Straight,Level,Lowest,No
15361,21,Kentucky,210158,0,1,1,0,1,LOUISVILLE,April,14,Friday,6,42,Urban,High Speed (Arterial),Yes,38.25128611,-85.71601667,Non-Intersection,Dawn,Clear,6:00am-6:59am,42,6:00am-6:59am,55,7:00am-7:59am,29,1,Twilight,Clear,1,0,['Driver'],['None_Used'],0,0,Valid,0.0,0.0,40.0,40.0,['Male'],0,0,5,4,3,Dry,Curve,Level,Lowest,No
15362,21,Kentucky,210159,0,1,1,0,1,NOT APPLICABLE,April,16,Sunday,3,28,Rural,High Speed (Arterial),Yes,37.79223611,-84.32370833,Non-Intersection,Dark - Not Lighted,Clear,3:00am-3:59am,30,3:00am-3:59am,41,4:00am-4:59am,13,1,Dark - Unlighted,Clear,1,0,['Driver'],['None_Used'],1,1,Valid,0.0,3.0,45.0,45.0,['Male'],1,0,2,4,3,Dry,Straight,Level,Lowest,No
15363,21,Kentucky,210160,0,1,1,0,1,NOT APPLICABLE,April,2,Sunday,5,7,Rural,Medium Speed (Collector),No,38.11116111,-84.26131111,Non-Intersection,Dark - Not Lighted,Clear,5:00am-5:59am,8,5:00am-5:59am,20,Not Applicable (Not Transported),Not Applicable (Not Transported),1,Dark - Unlighted,Clear,1,0,['Driver'],['None_Used'],1,1,Valid,0.0,0.0,25.0,25.0,['Male'],0,0,2,4,3,Dry,Curve,Grade/Hillcrest,Lowest,No
15364,21,Kentucky,210161,0,1,1,0,1,NOT APPLICABLE,April,4,Tuesday,4,37,Rural,Medium Speed (Collector),No,37.86125278,-85.4639,Non-Intersection,Dark - Lighted,Clear,4:00am-4:59am,41,4:00am-4:59am,50,5:00am-5:59am,18,1,Dark - Lighted,Clear,1,0,['Driver'],['Shoulder_Lapbelt'],1,1,Valid,1.0,2.0,25.0,25.0,['Male'],0,0,2,4,3,Dry,Straight,Level,Lowest,No