,State_Code,State_Name,Crash_ID,Count_Non_Motorists,Count_Vehicles_Total,Count_Vehicle_Forms,Count_PVH_Involved,Count_Occupants_MV,City_Name,Month_Name,Day_of_Month,Day_of_Week,Crash_Hour,Crash_Minute,Area_Rural_Urban,Road_Functional_Class,On_NHS_Road,Latitude,Longitude,Intersection_Type,Light_Condition,Weather_Condition,Notif_Hour,Notif_Minute,Arrival_Hour,Arrival_Minute,Hospital_Hour,Hospital_Minute,Fatalities_Count,Clean_Light_Condition,Clean_Weather_Condition,Total_Killed,Total_Alive,Fatal_Seats_List,Killed_Restraint_List,Any_Driver_Drinking,Total_Drinking_Drivers,Driver_License_Category,Driver_Max_Prev_Accident_Count,Driver_Max_Prev_Speeding_Count,Max_Driver_Age,Min_Driver_Age,Driver_Sex_List,Total_Exceeding_Limit_Vehicles,Total_Too_Fast_Vehicles,Max_Vehicle_Type_Severity_5,Max_Vehicle_Damage_Rank,Max_Harmful_Event_Severity,Crash_Road_Surface_Condition,Crash_Horizontal_Alignment,Crash_Vertical_Profile,Crash_Impairment_Category,Crash_Vehicle_Defect
15365,21,Kentucky,210163,0,1,1,0,1,VIPER,April,8,Saturday,14,28,Rural,Medium Speed (Collector),No,37.15809167,-83.12303056,Non-Intersection,Daylight,Cloudy,2:00pm-2:59pm,30,2:00pm-2:59pm,43,0:00am-0:59am,0,1,Daylight,Reduced Visibility,1,0,['Driver'],['Shoulder_Lapbelt'],1,1,Valid,0.0,0.0,45.0,45.0,['Female'],0,0,2,4,3,Dry,Curve,Level,Lowest,No
15366,21,Kentucky,210164,0,5,5,0,5,NOT APPLICABLE,April,10,Monday,17,1,Urban,Medium Speed (Collector),No,38.85242222,-84.38269167,Non-Intersection,Daylight,Clear,5:00pm-5:59pm,2,5:00pm-5:59pm,5,Not Applicable (Not Transported),Not Applicable (Not Transported),1,Daylight,Clear,1,4,['Driver'],['None_Used'],0,0,Valid,0.0,1.0,50.0,24.0,"['Male', 'Male', 'Male', 'Male', 'Male']",0,0,5,4,5,Dry,Straight,Grade/Hillcrest,Lowest,No
15367,21,Kentucky,210165,1,1,1,0,1,MURRAY,April,10,Monday,22,31,Urban,High Speed (Arterial),Yes,36.60971389,-88.31518056,Non-Intersection,Dark - Lighted,Clear,10:00pm-10:59pm,36,10:00pm-10:59pm,38,10:00pm-10:59pm,50,1,Dark - Lighted,Clear,0,1,[],[],0,0,Valid,1.0,0.0,44.0,44.0,['Female'],0,0,3,3,4,Dry,Straight,Level,Lowest,No
15368,21,Kentucky,210166,0,2,2,0,2,LOUISVILLE,April,13,Thursday,21,30,Urban,Medium Speed (Collector),No,38.22288611,-85.78848056,Non-Intersection,Dark - Lighted,Clear,9:00pm-9:59pm,30,9:00pm-9:59pm,47,9:00pm-9:59pm,55,1,Dark - Lighted,Clear,1,1,['Driver'],['None_Used'],0,0,Valid,0.0,0.0,58.0,37.0,"['Female', 'Male']",0,0,5,2,5,Dry,Straight,Non-Trafficway,Lowest,No
15369,21,Kentucky,210167,0,1,1,0,1,NOT APPLICABLE,April,14,Friday,19,52,Rural,Medium Speed (Collector),No,37.03136389,-86.29408333,Non-Intersection,Dark - Not Lighted,Cloudy,7:00pm-7:59pm,54,8:00pm-8:59pm,4,8:00pm-8:59pm,32,1,Dark - Unlighted,Reduced Visibility,1,0,['Driver'],['None_Used'],1,1,Valid,0.0,1.0,34.0,34.0,['Female'],1,0,3,4,3,Dry,Straight,Grade/Hillcrest,Lowest,No
15370,21,Kentucky,210168,0,4,4,0,4,NOT APPLICABLE,April,18,Tuesday,7,42,Rural,Medium Speed (Collector),No,36.89728333,-84.79233056,Non-Intersection,Daylight,Clear,7:00am-7:59am,45,7:00am-7:59am,50,8:00am-8:59am,22,2,Daylight,Clear,2,2,"['Driver', 'Driver']","['Shoulder_Lapbelt', 'None_Used']",1,1,Valid,1.0,1.0,68.0,32.0,"['Male', 'Male', 'Male', 'Female']",0,0,3,4,5,Dry,Straight,Grade/Hillcrest,Lowest,No
15371,21,Kentucky,210169,0,1,1,0,1,NOT APPLICABLE,April,18,Tuesday,15,29,Rural,Medium Speed (Collector),No,37.50065278,-86.39161389,Non-Intersection,Daylight,Clear,3:00pm-3:59pm,30,3:00pm-3:59pm,38,Not Applicable (Not Transported),Not Applicable (Not Transported),1,Daylight,Clear,1,0,['Driver'],['None_Used'],0,0,Invalid,0.0,0.0,66.0,66.0,['Male'],0,0,5,4,3,Dry,Straight,Grade/Hillcrest,Lowest,No
15372,21,Kentucky,210170,1,3,3,0,7,OWENSBORO,April,12,Wednesday,15,53,Urban,High Speed (Arterial),Yes,37.73668333,-87.07895556,Non-Intersection,Daylight,Clear,3:00pm-3:59pm,55,3:00pm-3:59pm,57,4:00pm-4:59pm,24,1,Daylight,Clear,0,7,[],[],0,0,Valid,0.0,0.0,54.0,16.0,"['Male', 'Female', 'Female']",0,0,3,4,5,Dry,Straight,Level,Lowest,No
15373,21,Kentucky,210171,0,1,1,0,1,NOT APPLICABLE,April,15,Saturday,11,6,Rural,Medium Speed (Collector),No,36.76424167,-88.25986111,Non-Intersection,Daylight,Clear,11:00am-11:59am,8,11:00am-11:59am,32,Not Applicable (Not Transported),Not Applicable (Not Transported),1,Daylight,Clear,1,0,['Driver'],['Shoulder_Lapbelt'],0,0,Valid,0.0,0.0,40.0,40.0,['Male'],1,0,3,4,3,Dry,Curve,Level,Lowest,No
15374,21,Kentucky,210172,0,2,2,0,2,NOT APPLICABLE,April,20,Thursday,9,42,Rural,High Speed (Arterial),Yes,36.87974444,-86.66754167,Non-Intersection,Daylight,Clear,9:00am-9:59am,27,10:00am-10:59am,29,Not Applicable (Not Transported),Not Applicable (Not Transported),1,Daylight,Clear,1,1,['Driver'],['None_Used'],0,0,Valid,0.0,0.0,40.0,39.0,"['Male', 'Male']",0,0,4,4,5,Dry,Straight,Level,Lowest,No
15375,21,Kentucky,210173,0,1,1,0,1,NOT APPLICABLE,April,14,Friday,16,25,Rural,Low Speed (Local),No,36.95320833,-86.14091389,Non-Intersection,Daylight,Clear,4:00pm-4:59pm,29,4:00pm-4:59pm,40,6:00pm-6:59pm,21,1,Daylight,Clear,1,0,['Driver'],['Shoulder_Lapbelt'],0,0,Valid,0.0,0.0,61.0,61.0,['Female'],0,0,2,4,3,Dry,Curve,Level,Lowest,No
15376,21,Kentucky,210174,0,1,1,0,1,OWENSBORO,April,21,Friday,1,25,Urban,Low Speed (Local),No,37.71275556,-87.116175,Non-Intersection,Dark - Lighted,Clear,1:00am-1:59am,31,1:00am-1:59am,38,Not Applicable (Not Transported),Not Applicable (Not Transported),1,Dark - Lighted,Clear,1,0,['Driver'],['None_Used'],1,1,Valid,1.0,0.0,40.0,40.0,['Male'],0,0,5,4,1,Dry,Straight,Level,Lowest,No
15377,21,Kentucky,210175,0,2,2,0,2,NOT APPLICABLE,April,22,Saturday,7,28,Rural,Medium Speed (Collector),No,37.50784722,-84.58654722,Non-Intersection,Dawn,Clear,0:00am-0:59am,0,0:00am-0:59am,0,0:00am-0:59am,0,1,Twilight,Clear,1,1,['Driver'],['None_Used'],0,0,Valid,0.0,0.0,46.0,40.0,"['Male', 'Male']",0,0,5,4,5,Wet/Standing Water,Straight,Grade/Hillcrest,Lowest,No
15378,21,Kentucky,210176,0,4,4,0,7,LOUISVILLE,April,22,Saturday,23,49,Urban,Medium Speed (Collector),No,38.17875,-85.65931667,Complex/Circle,Dark - Not Lighted,Clear,11:00pm-11:59pm,53,11:00pm-11:59pm,57,0:00am-0:59am,27,1,Dark - Unlighted,Clear,1,6,['Rear_Seat'],['Shoulder_Lapbelt'],1,1,Invalid,0.0,0.0,58.0,18.0,"['Male', 'Male', 'Male', 'Male']",1,0,2,4,5,Dry,Straight,Level,Lowest,No
15379,21,Kentucky,210177,0,1,1,0,2,NOT APPLICABLE,April,15,Saturday,12,5,Urban,High Speed (Arterial),Yes,38.28409722,-85.64079722,Non-Intersection,Daylight,Clear,12:00pm-12:59pm,7,12:00pm-12:59pm,13,12:00pm-12:59pm,51,1,Daylight,Clear,1,1,['Front_Passenger'],['Shoulder_Lapbelt'],0,0,Valid,0.0,0.0,64.0,64.0,['Female'],0,0,2,4,2,Dry,Straight,Level,Lowest,No
15380,21,Kentucky,210178,0,1,1,0,2,NOT APPLICABLE,April,19,Wednesday,19,30,Rural,Medium Speed (Collector),No,38.26102222,-83.73636944,Non-Intersection,Daylight,Clear,7:00pm-7:59pm,13,7:00pm-7:59pm,28,8:00pm-8:59pm,0,1,Daylight,Clear,1,1,['Driver'],['Shoulder_Lapbelt'],0,0,Invalid,0.0,0.0,57.0,57.0,['Male'],0,0,3,4,3,Dry,Curve,Grade/Hillcrest,Lowest,No
15381,21,Kentucky,210179,0,2,2,0,2,SONORA,April,22,Saturday,4,37,Rural,High Speed (Arterial),Yes,37.53286667,-85.88258611,Non-Intersection,Dark - Not Lighted,Clear,0:00am-0:59am,0,0:00am-0:59am,0,Not Applicable (Not Transported),Not Applicable (Not Transported),1,Dark - Unlighted,Clear,1,1,['Driver'],['Shoulder_Lapbelt'],1,1,Valid,0.0,0.0,59.0,28.0,"['Male', 'Male']",0,0,4,4,5,Dry,Straight,Level,Lowest,No
15382,21,Kentucky,210180,0,1,1,0,1,NOT APPLICABLE,April,26,Wednesday,20,13,Rural,Medium Speed (Collector),No,37.07718889,-84.68174722,Non-Intersection,Dark - Not Lighted,Clear,8:00pm-8:59pm,16,8:00pm-8:59pm,26,Not Applicable (Not Transported),Not Applicable (Not Transported),1,Dark - Unlighted,Clear,1,0,['Driver'],['None_Used'],1,1,Invalid,0.0,0.0,40.0,40.0,['Female'],1,0,2,4,3,Dry,Curve,Grade/Hillcrest,Lowest,No
15383,21,Kentucky,210181,0,2,2,0,2,NOT APPLICABLE,April,27,Thursday,11,6,Rural,Medium Speed (Collector),No,36.82825556,-84.21126667,Non-Intersection,Daylight,Cloudy,11:00am-11:59am,5,11:00am-11:59am,14,Not Applicable (Not Transported),Not Applicable (Not Transported),1,Daylight,Reduced Visibility,1,1,['Driver'],['None_Used'],0,0,Valid,0.0,0.0,86.0,59.0,"['Male', 'Male']",0,0,4,4,5,Dry,Straight,Level,Lowest,No
15384,21,Kentucky,210182,0,1,1,0,1,LEXINGTON-FAYETTE,April,28,Friday,6,58,Rural,Medium Speed (Collector),No,38.06707222,-84.37305278,Non-Intersection,Dawn,Rain,7:00am-7:59am,1,7:00am-7:59am,9,Not Applicable (Not Transported),Not Applicable (Not Transported),1,Twilight,Rain/Wind/Minor,1,0,['Driver'],['None_Used'],0,0,Valid,0.0,0.0,39.0,39.0,['Female'],1,0,2,4,3,Wet/Standing Water,Curve,Level,Lowest,No
15385,21,Kentucky,210183,0,3,3,0,3,NOT APPLICABLE,April,29,Saturday,19,11,Rural,Medium Speed (Collector),No,38.79232222,-84.80142778,Non-Intersection,Daylight,Clear,0:00am-0:59am,11,0:00am-0:59am,22,Not Applicable (Not Transported),Not Applicable (Not Transported),1,Daylight,Clear,1,1,['Driver'],['None_Used'],1,1,Valid,0.0,1.0,44.0,31.0,"['Male', 'Male', 'Male']",0,0,5,4,5,Dry,Straight,Level,Lowest,No
15386,21,Kentucky,210184,1,1,1,0,1,WINCHESTER,April,29,Saturday,20,55,Urban,High Speed (Arterial),Yes,37.99393333,-84.21461944,Complex/Circle,Dark - Lighted,Cloudy,8:00pm-8:59pm,56,8:00pm-8:59pm,58,Not Applicable (Not Transported),Not Applicable (Not Transported),1,Dark - Lighted,Reduced Visibility,0,1,[],[],0,0,Valid,0.0,0.0,20.0,20.0,['Male'],0,0,3,3,4,Dry,Curve,Level,Lowest,No
15387,21,Kentucky,210185,0,3,3,0,4,BOWLING GREEN,April,26,Wednesday,18,44,Urban,High Speed (Arterial),Yes,36.97304167,-86.40014167,Non-Intersection,Daylight,Clear,6:00pm-6:59pm,44,6:00pm-6:59pm,47,7:00pm-7:59pm,16,1,Daylight,Clear,1,3,['Driver'],['None_Used'],0,0,Invalid,1.0,3.0,88.0,33.0,"['Male', 'Male', 'Male']",0,0,3,4,5,Dry,Straight,Level,Lowest,No
15388,21,Kentucky,210186,0,1,1,0,1,NOT APPLICABLE,April,24,Monday,15,53,Rural,Medium Speed (Collector),No,37.38679722,-86.87771944,Non-Intersection,Daylight,Clear,3:00pm-3:59pm,58,4:00pm-4:59pm,18,4:00pm-4:59pm,39,1,Daylight,Clear,1,0,['Driver'],['None_Used'],0,0,Valid,0.0,0.0,64.0,64.0,['Female'],0,0,3,4,3,Dry,Curve,Level,Lowest,No
15389,21,Kentucky,210187,0,1,1,0,1,NOT APPLICABLE,April,28,Friday,12,4,Rural,Medium Speed (Collector),No,36.98784722,-86.00716111,Non-Intersection,Daylight,Cloudy,12:00pm-12:59pm,7,12:00pm-12:59pm,12,12:00pm-12:59pm,44,1,Daylight,Reduced Visibility,1,0,['Driver'],['None_Used'],1,1,Invalid,0.0,0.0,35.0,35.0,['Male'],0,0,3,4,3,Dry,Curve,Grade/Hillcrest,Lowest,No
15390,21,Kentucky,210188,0,2,2,0,3,AUBURN,April,24,Monday,7,49,Urban,High Speed (Arterial),Yes,36.85981667,-86.73988611,Complex/Circle,Daylight,Clear,7:00am-7:59am,50,8:00am-8:59am,32,9:00am-9:59am,28,1,Daylight,Clear,1,2,['Driver'],['None_Used'],0,0,Valid,0.0,0.0,59.0,39.0,"['Male', 'Female']",0,0,3,4,5,Dry,Straight,Level,Lowest,No
15391,21,Kentucky,210189,0,1,1,0,2,NOT APPLICABLE,April,29,Saturday,23,29,Rural,Medium Speed (Collector),No,37.99823056,-85.42406111,Non-Intersection,Dark - Not Lighted,Clear,11:00pm-11:59pm,40,11:00pm-11:59pm,47,Not Applicable (Not Transported),Not Applicable (Not Transported),1,Dark - Unlighted,Clear,1,1,['Driver'],['None_Used'],0,0,Valid,0.0,0.0,18.0,18.0,['Male'],0,0,2,4,3,Dry,Curve,Level,Lowest,No
15392,21,Kentucky,210190,0,2,2,0,5,CENTRAL CITY,April,26,Wednesday,13,59,Urban,Medium Speed (Collector),No,37.27188333,-87.14283056,Non-Intersection,Daylight,Clear,2:00pm-2:59pm,0,2:00pm-2:59pm,4,2:00pm-2:59pm,22,1,Daylight,Clear,1,4,['Rear_Seat'],['Child_Safety'],0,0,Invalid,1.0,0.0,72.0,23.0,"['Male', 'Male']",0,0,3,4,5,Dry,Straight,Level,Lowest,No
15393,21,Kentucky,210191,0,1,1,0,1,NOT APPLICABLE,March,17,Friday,23,19,Rural,Medium Speed (Collector),No,38.69516667,-83.04071389,Non-Intersection,Dark - Not Lighted,Clear,11:00pm-11:59pm,25,11:00pm-11:59pm,48,Not Applicable (Not Transported),Not Applicable (Not Transported),1,Dark - Unlighted,Clear,1,0,['Driver'],['None_Used'],0,0,Valid,0.0,0.0,65.0,65.0,['Male'],0,0,2,4,2,Dry,Curve,Level,Lowest,No
15394,21,Kentucky,210192,0,2,2,0,3,DANVILLE,April,16,Sunday,1,1,Urban,Medium Speed (Collector),No,37.64570833,-84.77084167,Non-Intersection,Dark - Not Lighted,Clear,0:00am-0:59am,28,0:00am-0:59am,31,0:00am-0:59am,50,1,Dark - Unlighted,Clear,1,2,['Driver'],['None_Used'],1,1,Valid,2.0,0.0,46.0,31.0,"['Male', 'Male']",0,0,5,4,5,Dry,Straight,Level,Lowest,No
15395,21,Kentucky,210193,1,1,1,0,3,ALBANY,January,6,Friday,7,13,Rural,High Speed (Arterial),Yes,36.69582222,-85.13525556,Non-Intersection,Daylight,Clear,7:00am-7:59am,13,7:00am-7:59am,14,7:00am-7:59am,24,1,Daylight,Clear,0,3,[],[],0,0,Valid,0.0,0.0,25.0,25.0,['Male'],0,0,3,2,4,Dry,Straight,Level,Lowest,No
15396,21,Kentucky,210194,0,2,2,0,5,WAYNESBURG,February,24,Friday,11,59,Rural,High Speed (Arterial),Yes,37.33433056,-84.65906944,Simple Junction,Daylight,Clear,11:00am-11:59am,56,12:00pm-12:59pm,9,12:00pm-12:59pm,39,1,Daylight,Clear,1,4,['Front_Passenger'],['Shoulder_Lapbelt'],0,0,Invalid,0.0,1.0,50.0,19.0,"['Female', 'Male']",0,0,3,4,5,Dry,Straight,Level,Lowest,No
15397,21,Kentucky,210195,0,2,2,0,2,PEWEE VALLEY,January,17,Tuesday,6,16,Urban,Medium Speed (Collector),No,38.31610556,-85.48503056,Non-Intersection,Dark - Not Lighted,Cloudy,6:00am-6:59am,17,6:00am-6:59am,23,7:00am-7:59am,22,1,Dark - Unlighted,Reduced Visibility,1,1,['Driver'],['None_Used'],0,0,Valid,1.0,0.0,62.0,37.0,"['Male', 'Male']",0,0,3,4,5,Wet/Standing Water,Curve,Level,Lowest,No
15398,21,Kentucky,210196,0,1,1,0,2,PRESTONSBURG,February,24,Friday,13,52,Urban,Medium Speed (Collector),No,37.67962778,-82.77917222,Non-Intersection,Daylight,Clear,1:00pm-1:59pm,54,1:00pm-1:59pm,56,2:00pm-2:59pm,10,2,Daylight,Clear,2,0,"['Driver', 'Front_Passenger']","['Shoulder_Lapbelt', 'Shoulder_Lapbelt']",1,1,Valid,0.0,0.0,61.0,61.0,['Female'],0,0,2,4,3,Dry,Curve,Level,Medium,No
15399,21,Kentucky,210197,0,2,2,0,2,PRESTONSBURG,April,12,Wednesday,6,22,Rural,High Speed (Arterial),Yes,37.64514722,-82.77748333,Non-Intersection,Dark - Not Lighted,Clear,6:00am-6:59am,24,6:00am-6:59am,35,Not Applicable (Not Transported),Not Applicable (Not Transported),1,Dark - Unlighted,Clear,1,1,['Driver'],['Shoulder_Lapbelt'],0,0,Valid,1.0,1.0,45.0,22.0,"['Male', 'Male']",1,0,4,4,5,Dry,Straight,Grade/Hillcrest,Lowest,No
15400,21,Kentucky,210199,1,2,1,1,1,NOT APPLICABLE,April,25,Tuesday,10,32,Rural,High Speed (Arterial),Yes,37.77577222,-85.54448056,Non-Intersection,Daylight,Clear,10:00am-10:59am,33,10:00am-10:59am,44,Not Applicable (Not Transported),Not Applicable (Not Transported),1,Daylight,Clear,0,1,[],[],1,1,Valid,0.0,1.0,42.0,42.0,['Male'],0,0,3,4,4,Dry,Straight,Level,Medium,No
15401,21,Kentucky,210200,0,3,3,0,4,NOT APPLICABLE,May,3,Wednesday,8,4,Rural,High Speed (Arterial),Yes,38.39628889,-83.01543611,Non-Intersection,Daylight,Clear,8:00am-8:59am,0,8:00am-8:59am,12,8:00am-8:59am,52,1,Daylight,Clear,1,3,['Driver'],['None_Used'],1,1,Valid,0.0,0.0,50.0,42.0,"['Female', 'Male', 'Male']",0,0,4,4,5,Dry,Straight,Grade/Hillcrest,Lowest,No
15402,21,Kentucky,210201,0,2,2,0,3,NOT APPLICABLE,May,4,Thursday,13,0,Rural,Medium Speed (Collector),No,37.25325833,-84.64253889,Non-Intersection,Daylight,Clear,1:00pm-1:59pm,5,1:00pm-1:59pm,16,Not Applicable (Not Transported),Not Applicable (Not Transported),1,Daylight,Clear,1,2,['Driver'],['None_Used'],0,0,Invalid,0.0,1.0,64.0,21.0,"['Male', 'Male']",0,0,3,4,5,Dry,Curve,Level,Lowest,No
15403,21,Kentucky,210202,1,1,1,0,1,LEXINGTON-FAYETTE,May,5,Friday,22,10,Urban,High Speed (Arterial),No,38.06003889,-84.50091667,Non-Intersection,Dark - Lighted,Clear,10:00pm-10:59pm,11,10:00pm-10:59pm,12,10:00pm-10:59pm,30,1,Dark - Lighted,Clear,0,1,[],[],0,0,Invalid,0.0,0.0,40.0,40.0,['Female'],0,0,2,2,4,Dry,Straight,Grade/Hillcrest,Lowest,No
15404,21,Kentucky,210203,0,2,2,0,6,BOWLING GREEN,May,6,Saturday,21,54,Urban,High Speed (Arterial),Yes,37.00792778,-86.37454167,Complex/Circle,Dark - Lighted,Clear,10:00pm-10:59pm,6,10:00pm-10:59pm,12,10:00pm-10:59pm,45,1,Dark - Lighted,Clear,1,5,['Driver'],['Shoulder_Lapbelt'],0,0,Valid,0.0,0.0,60.0,17.0,"['Male', 'Female']",0,0,3,4,5,Dry,Straight,Level,Lowest,No
15405,21,Kentucky,210204,1,1,1,0,1,LEXINGTON-FAYETTE,May,6,Saturday,22,33,Urban,Low Speed (Local),No,38.08598056,-84.513925,Non-Intersection,Dark - Lighted,Clear,10:00pm-10:59pm,34,10:00pm-10:59pm,38,11:00pm-11:59pm,5,1,Dark - Lighted,Clear,0,0,[],[],0,0,Invalid,0.0,0.0,998.0,998.0,['Other'],0,0,2,0,4,Dry,Straight,Level,Lowest,No
15406,21,Kentucky,210205,1,1,1,0,1,CAVE CITY,May,7,Sunday,1,10,Rural,Medium Speed (Collector),No,37.12954722,-85.961475,Non-Intersection,Dark - Lighted,Clear,1:00am-1:59am,10,1:00am-1:59am,22,Not Applicable (Not Transported),Not Applicable (Not Transported),1,Dark - Lighted,Clear,0,1,[],[],0,0,Valid,0.0,0.0,37.0,37.0,['Male'],0,0,3,2,4,Dry,Straight,Level,Lowest,Yes
15407,21,Kentucky,210206,0,1,1,0,1,NOT APPLICABLE,May,7,Sunday,18,29,Rural,Medium Speed (Collector),No,37.23106667,-83.77820833,Non-Intersection,Daylight,Cloudy,6:00pm-6:59pm,27,6:00pm-6:59pm,38,Not Applicable (Not Transported),Not Applicable (Not Transported),1,Daylight,Reduced Visibility,1,0,['Driver'],['None_Used'],0,0,Valid,0.0,1.0,77.0,77.0,['Male'],1,0,3,4,2,Wet/Standing Water,Straight,Grade/Hillcrest,Medium,No
15408,21,Kentucky,210207,0,1,1,0,1,LOUISVILLE,May,8,Monday,12,24,Urban,High Speed (Arterial),Yes,38.25962778,-85.74118611,Non-Intersection,Daylight,Rain,12:00pm-12:59pm,25,12:00pm-12:59pm,33,Not Applicable (Not Transported),Not Applicable (Not Transported),1,Daylight,Rain/Wind/Minor,1,0,['Driver'],['Shoulder_Lapbelt'],0,0,Valid,0.0,0.0,61.0,61.0,['Male'],0,0,4,4,3,Wet/Standing Water,Curve,Level,Lowest,No
15409,21,Kentucky,210208,0,1,1,0,2,NOT APPLICABLE,May,6,Saturday,16,19,Rural,Medium Speed (Collector),No,37.66439167,-84.50816111,Non-Intersection,Daylight,Clear,5:00pm-5:59pm,14,5:00pm-5:59pm,40,6:00pm-6:59pm,8,1,Daylight,Clear,1,1,['Front_Passenger'],['None_Used'],0,0,Valid,0.0,0.0,25.0,25.0,['Male'],0,0,5,4,2,Dry,Curve,Grade/Hillcrest,Lowest,No
15410,21,Kentucky,210209,0,2,2,0,2,NOT APPLICABLE,May,9,Tuesday,7,13,Rural,High Speed (Arterial),Yes,37.80494167,-85.83440833,Non-Intersection,Dawn,Cloudy,7:00am-7:59am,13,7:00am-7:59am,25,8:00am-8:59am,15,1,Twilight,Reduced Visibility,1,1,['Driver'],['Shoulder_Lapbelt'],0,0,Valid,0.0,0.0,28.0,19.0,"['Male', 'Male']",0,0,3,4,5,Wet/Standing Water,Curve,Grade/Hillcrest,Lowest,No
15411,21,Kentucky,210210,0,2,2,0,3,NOT APPLICABLE,May,9,Tuesday,17,14,Rural,Medium Speed (Collector),No,37.02054722,-87.13307778,Non-Intersection,Daylight,Clear,5:00pm-5:59pm,29,5:00pm-5:59pm,47,6:00pm-6:59pm,48,1,Daylight,Clear,1,2,['Driver'],['None_Used'],0,0,Valid,1.0,1.0,58.0,30.0,"['Female', 'Male']",0,0,3,4,5,Dry,Curve,Level,Lowest,No
15412,21,Kentucky,210211,0,1,1,0,2,NOT APPLICABLE,May,10,Wednesday,0,4,Rural,Low Speed (Local),No,37.27533333,-84.75409167,Non-Intersection,Dark - Not Lighted,Clear,0:00am-0:59am,35,0:00am-0:59am,57,1:00am-1:59am,20,1,Dark - Unlighted,Clear,1,1,['Front_Passenger'],['Shoulder_Lapbelt'],1,1,Invalid,0.0,1.0,47.0,47.0,['Male'],2,0,2,4,3,Dry,Curve,Grade/Hillcrest,Lowest,No
15413,21,Kentucky,210212,0,1,1,0,1,RICHMOND,May,11,Thursday,0,45,Rural,Medium Speed (Collector),No,37.78125833,-84.2774,Non-Intersection,Dark - Not Lighted,Clear,0:00am-0:59am,51,1:00am-1:59am,3,Not Applicable (Not Transported),Not Applicable (Not Transported),1,Dark - Unlighted,Clear,1,0,['Driver'],['None_Used'],1,1,Valid,1.0,0.0,27.0,27.0,['Male'],0,0,3,4,3,Dry,Straight,Level,Lowest,No
15414,21,Kentucky,210213,0,2,2,0,2,MORELAND,May,2,Tuesday,18,44,Urban,High Speed (Arterial),Yes,37.56519444,-84.79725833,Non-Intersection,Daylight,Clear,6:00pm-6:59pm,46,6:00pm-6:59pm,50,6:00pm-6:59pm,50,1,Daylight,Clear,1,1,['Driver'],['None_Used'],1,1,Valid,0.0,1.0,32.0,30.0,"['Female', 'Female']",0,0,3,4,5,Dry,Straight,Level,Lowest,No
15415,21,Kentucky,210215,0,2,2,0,3,LOUISVILLE,May,12,Friday,18,31,Urban,High Speed (Arterial),Yes,38.19011389,-85.75391111,Non-Intersection,Daylight,Cloudy,6:00pm-6:59pm,31,6:00pm-6:59pm,31,7:00pm-7:59pm,2,1,Daylight,Reduced Visibility,1,2,['Driver'],['None_Used'],0,0,Valid,2.0,0.0,61.0,59.0,"['Female', 'Female']",1,0,3,4,5,Dry,Straight,Grade/Hillcrest,Lowest,No
15416,21,Kentucky,210216,1,1,1,0,2,PRESTONSBURG,May,13,Saturday,23,3,Rural,High Speed (Arterial),Yes,37.64633056,-82.85794444,Non-Intersection,Dark - Not Lighted,Cloudy,10:00pm-10:59pm,50,11:00pm-11:59pm,4,Not Applicable (Not Transported),Not Applicable (Not Transported),1,Dark - Unlighted,Reduced Visibility,0,2,[],[],0,0,Valid,0.0,0.0,42.0,42.0,['Male'],0,0,3,4,4,Wet/Standing Water,Straight,Level,Lowest,No
15417,21,Kentucky,210217,0,2,2,0,3,NOT APPLICABLE,May,13,Saturday,21,44,Rural,Medium Speed (Collector),No,37.95077222,-84.59673333,Non-Intersection,Dark - Not Lighted,Rain,9:00pm-9:59pm,44,9:00pm-9:59pm,48,10:00pm-10:59pm,6,1,Dark - Unlighted,Rain/Wind/Minor,1,2,['Rear_Seat'],['None_Used'],0,0,Valid,2.0,0.0,63.0,58.0,"['Male', 'Male']",0,0,5,4,5,Wet/Standing Water,Straight,Level,Lowest,No
15418,21,Kentucky,210218,0,1,1,0,1,JEFFERSONVILLE,May,14,Sunday,17,50,Rural,Medium Speed (Collector),No,37.96787222,-83.85817778,Non-Intersection,Daylight,Clear,5:00pm-5:59pm,50,6:00pm-6:59pm,0,Not Applicable (Not Transported),Not Applicable (Not Transported),1,Daylight,Clear,1,0,['Driver'],['None_Used'],0,0,Valid,0.0,0.0,27.0,27.0,['Male'],1,0,3,4,3,Dry,Curve,Level,Lowest,No
15419,21,Kentucky,210219,0,1,1,0,1,LEXINGTON-FAYETTE,May,14,Sunday,23,58,Urban,Low Speed (Local),No,37.96967778,-84.47536111,Non-Intersection,Dark - Lighted,Clear,0:00am-0:59am,0,0:00am-0:59am,0,0:00am-0:59am,0,1,Dark - Lighted,Clear,1,0,['Driver'],['None_Used'],0,0,Valid,1.0,0.0,18.0,18.0,['Female'],0,0,5,4,3,Dry,Curve,Level,Lowest,No
15420,21,Kentucky,210220,0,1,1,0,1,RICHMOND,May,13,Saturday,9,50,Rural,High Speed (Arterial),Yes,37.66958056,-84.31071111,Non-Intersection,Daylight,Cloudy,9:00am-9:59am,50,10:00am-10:59am,0,10:00am-10:59am,39,1,Daylight,Reduced Visibility,1,0,['Driver'],['None_Used'],0,0,Valid,0.0,0.0,53.0,53.0,['Male'],0,0,5,3,1,Dry,Straight,Level,Lowest,No
15421,21,Kentucky,210221,0,2,2,0,2,NOT APPLICABLE,May,16,Tuesday,8,22,Rural,Low Speed (Local),No,38.12005278,-85.11060833,Non-Intersection,Daylight,Rain,8:00am-8:59am,29,8:00am-8:59am,39,9:00am-9:59am,16,1,Daylight,Rain/Wind/Minor,1,1,['Driver'],['None_Used'],0,0,Valid,0.0,0.0,46.0,22.0,"['Female', 'Female']",0,0,3,4,5,Wet/Standing Water,Straight,Grade/Hillcrest,Lowest,No
15422,21,Kentucky,210222,0,2,2,0,2,NOT APPLICABLE,May,16,Tuesday,17,7,Rural,Low Speed (Local),No,37.23734722,-86.73130556,Non-Intersection,Daylight,Clear,5:00pm-5:59pm,4,5:00pm-5:59pm,19,6:00pm-6:59pm,23,1,Daylight,Clear,1,1,['Driver'],['Shoulder_Lapbelt'],0,0,Valid,1.0,1.0,27.0,22.0,"['Male', 'Female']",0,0,3,4,5,Dry,Straight,Level,Lowest,No