,State_Code,State_Name,Crash_ID,Count_Non_Motorists,Count_Vehicles_Total,Count_Vehicle_Forms,Count_PVH_Involved,Count_Occupants_MV,City_Name,Month_Name,Day_of_Month,Day_of_Week,Crash_Hour,Crash_Minute,Area_Rural_Urban,Road_Functional_Class,On_NHS_Road,Latitude,Longitude,Intersection_Type,Light_Condition,Weather_Condition,Notif_Hour,Notif_Minute,Arrival_Hour,Arrival_Minute,Hospital_Hour,Hospital_Minute,Fatalities_Count,Clean_Light_Condition,Clean_Weather_Condition,Total_Killed,Total_Alive,Fatal_Seats_List,Killed_Restraint_List,Any_Driver_Drinking,Total_Drinking_Drivers,Driver_License_Category,Driver_Max_Prev_Accident_Count,Driver_Max_Prev_Speeding_Count,Max_Driver_Age,Min_Driver_Age,Driver_Sex_List,Total_Exceeding_Limit_Vehicles,Total_Too_Fast_Vehicles,Max_Vehicle_Type_Severity_5,Max_Vehicle_Damage_Rank,Max_Harmful_Event_Severity,Crash_Road_Surface_Condition,Crash_Horizontal_Alignment,Crash_Vertical_Profile,Crash_Impairment_Category,Crash_Vehicle_Defect
15423,21,Kentucky,210223,0,2,2,0,5,BURNSIDE,May,3,Wednesday,12,36,Urban,High Speed (Arterial),Yes,37.01598611,-84.62770833,Simple Junction,Daylight,Clear,12:00pm-12:59pm,36,12:00pm-12:59pm,47,1:00pm-1:59pm,24,1,Daylight,Clear,1,4,['Rear_Seat'],['None_Used'],0,0,Valid,0.0,0.0,41.0,21.0,"['Female', 'Male']",0,0,3,4,5,Dry,Straight,Level,Lowest,No
15424,21,Kentucky,210224,0,1,1,0,1,NOT APPLICABLE,May,11,Thursday,3,40,Rural,Medium Speed (Collector),No,37.22374167,-83.17608611,Non-Intersection,Dark - Not Lighted,Cloudy,3:00am-3:59am,40,4:00am-4:59am,0,4:00am-4:59am,30,1,Dark - Unlighted,Reduced Visibility,1,0,['Driver'],['None_Used'],0,0,Valid,0.0,0.0,45.0,45.0,['Male'],0,0,3,4,3,Dry,Curve,Level,Lowest,No
15425,21,Kentucky,210225,0,2,2,0,3,NOT APPLICABLE,May,17,Wednesday,20,0,Rural,Medium Speed (Collector),No,38.61600278,-84.57201111,Non-Intersection,Dusk,Clear,8:00pm-8:59pm,1,8:00pm-8:59pm,12,0:00am-0:59am,0,1,Twilight,Clear,1,2,['Front_Passenger'],['None_Used'],1,1,Invalid,0.0,2.0,60.0,32.0,"['Male', 'Female']",0,0,3,4,5,Dry,Straight,Level,Lowest,No
15426,21,Kentucky,210226,0,2,2,0,2,NOT APPLICABLE,May,12,Friday,13,34,Rural,Medium Speed (Collector),No,37.02477222,-85.39051667,Non-Intersection,Daylight,Rain,1:00pm-1:59pm,32,1:00pm-1:59pm,46,2:00pm-2:59pm,10,1,Daylight,Rain/Wind/Minor,1,1,['Driver'],['None_Used'],0,0,Valid,0.0,1.0,81.0,39.0,"['Male', 'Female']",0,0,2,4,5,Wet/Standing Water,Straight,Grade/Hillcrest,Lowest,No
15427,21,Kentucky,210227,0,1,1,0,1,NOT APPLICABLE,May,13,Saturday,22,36,Urban,Medium Speed (Collector),No,37.867625,-85.52747222,Non-Intersection,Dark - Not Lighted,Cloudy,10:00pm-10:59pm,37,10:00pm-10:59pm,48,Not Applicable (Not Transported),Not Applicable (Not Transported),1,Dark - Unlighted,Reduced Visibility,1,0,['Driver'],['None_Used'],1,1,Valid,0.0,0.0,34.0,34.0,['Male'],0,0,3,4,2,Dry,Straight,Level,Lowest,No
15428,21,Kentucky,210229,0,1,1,0,2,NOT APPLICABLE,May,15,Monday,19,1,Rural,High Speed (Arterial),Yes,37.23832778,-84.63395833,Non-Intersection,Dark - Lighted,Clear,7:00pm-7:59pm,4,7:00pm-7:59pm,12,7:00pm-7:59pm,59,1,Dark - Lighted,Clear,1,1,['Driver'],['Shoulder_Lapbelt'],1,1,Valid,0.0,0.0,38.0,38.0,['Female'],2,0,3,4,3,Dry,Straight,Level,Lowest,No
15429,21,Kentucky,210230,0,2,2,0,3,NOT APPLICABLE,May,18,Thursday,7,7,Rural,High Speed (Arterial),Yes,37.78840833,-84.32193056,Non-Intersection,Daylight,Clear,7:00am-7:59am,8,7:00am-7:59am,15,Not Applicable (Not Transported),Not Applicable (Not Transported),1,Daylight,Clear,1,2,['Driver'],['None_Used'],0,0,Valid,0.0,1.0,46.0,30.0,"['Male', 'Male']",0,0,4,4,5,Dry,Straight,Level,Lowest,Yes
15430,21,Kentucky,210231,0,2,2,0,2,GLASGOW,May,12,Friday,9,47,Urban,Medium Speed (Collector),No,36.99316667,-85.95332222,Complex/Circle,Daylight,Rain,9:00am-9:59am,50,9:00am-9:59am,56,10:00am-10:59am,17,1,Daylight,Rain/Wind/Minor,1,1,['Driver'],['Shoulder_Lapbelt'],0,0,Valid,0.0,0.0,82.0,59.0,"['Male', 'Female']",0,0,4,4,5,Dry,Straight,Level,Lowest,No
15431,21,Kentucky,210232,0,1,1,0,3,MC CARR,May,19,Friday,4,38,Rural,Medium Speed (Collector),No,37.59414444,-82.16896389,Non-Intersection,Dark - Unknown Lighting,Clear,4:00am-4:59am,49,5:00am-5:59am,17,Not Applicable (Not Transported),Not Applicable (Not Transported),1,Dark - Unlighted,Clear,1,2,['Front_Passenger'],['None_Used'],1,1,Valid,0.0,0.0,25.0,25.0,['Male'],0,0,5,4,3,Dry,Curve,Level,Lowest,No
15432,21,Kentucky,210233,0,1,1,0,3,GILBERTSVILLE,May,21,Sunday,2,2,Rural,Low Speed (Local),No,36.89562778,-88.23780556,Non-Intersection,Dark - Lighted,Clear,2:00am-2:59am,6,2:00am-2:59am,19,3:00am-3:59am,18,1,Dark - Lighted,Clear,1,2,['Rear_Seat'],['None_Used'],1,1,Invalid,0.0,0.0,31.0,31.0,['Male'],3,0,5,4,3,Dry,Straight,Level,Lowest,No
15433,21,Kentucky,210234,0,2,2,0,2,LOUISVILLE,May,21,Sunday,17,23,Urban,Medium Speed (Collector),No,38.13800278,-85.66525833,Complex/Circle,Dark - Lighted,Clear,5:00pm-5:59pm,23,5:00pm-5:59pm,25,6:00pm-6:59pm,6,1,Dark - Lighted,Clear,1,1,['Driver'],['None_Used'],0,0,Valid,0.0,1.0,60.0,32.0,"['Female', 'Male']",0,0,5,4,5,Dry,Straight,Level,Lowest,No
15434,21,Kentucky,210235,0,2,2,0,2,BOWLING GREEN,May,21,Sunday,17,36,Urban,Medium Speed (Collector),No,36.93851111,-86.485075,Non-Intersection,Daylight,Clear,5:00pm-5:59pm,42,5:00pm-5:59pm,51,6:00pm-6:59pm,18,1,Daylight,Clear,1,1,['Driver'],['None_Used'],0,0,Valid,0.0,0.0,79.0,23.0,"['Female', 'Male']",0,0,5,4,5,Dry,Straight,Non-Trafficway,Lowest,No
15435,21,Kentucky,210236,0,3,3,0,4,LEXINGTON-FAYETTE,May,21,Sunday,21,7,Rural,High Speed (Arterial),Yes,38.06456111,-84.44246944,Non-Intersection,Dark - Lighted,Clear,9:00pm-9:59pm,10,9:00pm-9:59pm,14,9:00pm-9:59pm,33,1,Dark - Lighted,Clear,1,3,['Driver'],['Shoulder_Lapbelt'],0,0,Valid,1.0,0.0,84.0,18.0,"['Male', 'Male', 'Male']",0,0,3,4,5,Dry,Straight,Level,Lowest,No
15436,21,Kentucky,210237,0,2,2,0,3,NOT APPLICABLE,May,22,Monday,17,23,Rural,Medium Speed (Collector),No,37.01005833,-85.88033056,Complex/Circle,Daylight,Clear,5:00pm-5:59pm,25,5:00pm-5:59pm,30,5:00pm-5:59pm,49,1,Daylight,Clear,1,2,['Driver'],['Shoulder_Lapbelt'],0,0,Valid,1.0,0.0,63.0,37.0,"['Male', 'Male']",0,0,3,4,5,Dry,Straight,Level,Lowest,No
15437,21,Kentucky,210238,0,2,2,0,3,NOT APPLICABLE,May,21,Sunday,11,15,Rural,Medium Speed (Collector),No,36.90787222,-88.86219167,Complex/Circle,Daylight,Clear,11:00am-11:59am,28,11:00am-11:59am,31,11:00am-11:59am,56,1,Daylight,Clear,1,2,['Rear_Seat'],['Child_Safety'],0,0,Valid,0.0,1.0,55.0,35.0,"['Male', 'Female']",2,0,3,4,5,Dry,Curve,Grade/Hillcrest,Lowest,No
15438,21,Kentucky,210239,0,2,2,0,2,NOT APPLICABLE,May,23,Tuesday,16,43,Rural,High Speed (Arterial),Yes,38.435575,-85.31372222,Non-Intersection,Daylight,Clear,4:00pm-4:59pm,43,5:00pm-5:59pm,0,Not Applicable (Not Transported),Not Applicable (Not Transported),1,Daylight,Clear,1,1,['Driver'],['None_Used'],1,1,Valid,0.0,0.0,60.0,46.0,"['Male', 'Male']",0,0,4,4,5,Dry,Straight,Grade/Hillcrest,Lowest,No
15439,21,Kentucky,210240,0,2,2,0,5,NOT APPLICABLE,May,8,Monday,15,29,Rural,Medium Speed (Collector),No,37.10946111,-84.00015833,Non-Intersection,Daylight,Cloudy,3:00pm-3:59pm,29,3:00pm-3:59pm,39,4:00pm-4:59pm,11,1,Daylight,Reduced Visibility,1,4,['Driver'],['None_Used'],0,0,Valid,0.0,0.0,44.0,31.0,"['Female', 'Female']",0,0,3,4,5,Wet/Standing Water,Curve,Level,Lowest,No
15440,21,Kentucky,210241,0,1,1,0,2,NOT APPLICABLE,May,19,Friday,5,19,Rural,Low Speed (Local),No,37.12373611,-87.43256667,Non-Intersection,Dawn,Clear,5:00am-5:59am,11,5:00am-5:59am,40,6:00am-6:59am,31,1,Twilight,Clear,1,1,['Driver'],['None_Used'],1,1,Valid,0.0,0.0,16.0,16.0,['Male'],0,0,5,4,3,Dry,Curve,Grade/Hillcrest,Lowest,No
15441,21,Kentucky,210242,0,3,3,0,5,NOT APPLICABLE,May,25,Thursday,14,20,Rural,High Speed (Arterial),Yes,38.43565278,-85.31368056,Non-Intersection,Daylight,Clear,2:00pm-2:59pm,20,2:00pm-2:59pm,43,Not Applicable (Not Transported),Not Applicable (Not Transported),1,Daylight,Clear,1,4,['Driver'],['None_Used'],0,0,Valid,0.0,1.0,54.0,40.0,"['Male', 'Male', 'Male']",0,0,4,4,5,Dry,Straight,Grade/Hillcrest,Lowest,No
15442,21,Kentucky,210243,1,1,1,0,1,NOT APPLICABLE,May,24,Wednesday,19,10,Rural,Medium Speed (Collector),No,37.08139722,-88.17236111,Non-Intersection,Daylight,Clear,7:00pm-7:59pm,18,7:00pm-7:59pm,23,Not Applicable (Not Transported),Not Applicable (Not Transported),1,Daylight,Clear,0,1,[],[],0,0,Valid,0.0,0.0,37.0,37.0,['Male'],0,0,3,3,4,Dry,Straight,Grade/Hillcrest,Lowest,No
15443,21,Kentucky,210244,1,1,1,0,1,CAMARGO,May,27,Saturday,15,28,Rural,Medium Speed (Collector),No,37.99501944,-83.89016944,Non-Intersection,Daylight,Clear,3:00pm-3:59pm,28,3:00pm-3:59pm,38,3:00pm-3:59pm,50,1,Daylight,Clear,0,1,[],[],0,0,Valid,0.0,0.0,37.0,37.0,['Male'],0,0,3,2,4,Dry,Straight,Level,Lowest,Yes
15444,21,Kentucky,210245,1,1,1,0,1,LOUISVILLE,May,27,Saturday,5,30,Urban,Medium Speed (Collector),No,38.13630833,-85.69763889,Non-Intersection,Dark - Not Lighted,Clear,5:00am-5:59am,30,5:00am-5:59am,32,Not Applicable (Not Transported),Not Applicable (Not Transported),1,Dark - Unlighted,Clear,0,1,[],[],0,0,Valid,0.0,0.0,66.0,66.0,['Male'],0,0,3,3,4,Dry,Straight,Level,Lowest,No
15445,21,Kentucky,210246,1,1,1,0,1,LOUISVILLE,May,25,Thursday,2,19,Urban,High Speed (Arterial),Yes,38.15628611,-85.66274722,Non-Intersection,Dark - Not Lighted,Cloudy,2:00am-2:59am,20,2:00am-2:59am,26,Not Applicable (Not Transported),Not Applicable (Not Transported),1,Dark - Unlighted,Reduced Visibility,0,0,[],[],0,0,Invalid,0.0,0.0,998.0,998.0,['Other'],0,0,2,0,4,Dry,Straight,Level,Lowest,No
15446,21,Kentucky,210247,0,1,1,0,1,NOT APPLICABLE,May,25,Thursday,11,3,Rural,Medium Speed (Collector),No,36.62532222,-85.40322222,Non-Intersection,Daylight,Clear,10:00am-10:59am,59,11:00am-11:59am,10,11:00am-11:59am,35,1,Daylight,Clear,1,0,['Driver'],['Shoulder_Lapbelt'],0,0,Valid,0.0,0.0,24.0,24.0,['Male'],0,0,3,4,3,Dry,Curve,Grade/Hillcrest,Lowest,No
15447,21,Kentucky,210248,0,1,1,0,1,NOT APPLICABLE,May,31,Wednesday,3,50,Rural,Medium Speed (Collector),No,38.37241389,-83.63072222,Non-Intersection,Dark - Not Lighted,Clear,7:00am-7:59am,2,7:00am-7:59am,16,Not Applicable (Not Transported),Not Applicable (Not Transported),1,Dark - Unlighted,Clear,1,0,['Driver'],['None_Used'],0,0,Valid,0.0,0.0,31.0,31.0,['Female'],0,0,2,4,3,Dry,Straight,Level,Lowest,No
15448,21,Kentucky,210249,0,1,1,0,1,ELKHORN CITY,May,22,Monday,10,41,Rural,Medium Speed (Collector),No,37.328925,-82.32198333,Non-Intersection,Daylight,Clear,10:00am-10:59am,41,10:00am-10:59am,55,Not Applicable (Not Transported),Not Applicable (Not Transported),1,Daylight,Clear,1,0,['Driver'],['None_Used'],0,0,Valid,0.0,0.0,42.0,42.0,['Male'],0,0,5,4,3,Dry,Curve,Level,Lowest,No
15449,21,Kentucky,210250,0,1,1,0,3,NOT APPLICABLE,May,26,Friday,12,12,Rural,Medium Speed (Collector),No,38.33555278,-83.40204167,Non-Intersection,Daylight,Clear,12:00pm-12:59pm,13,12:00pm-12:59pm,27,1:00pm-1:59pm,20,1,Daylight,Clear,1,2,['Driver'],['None_Used'],0,0,Valid,0.0,0.0,75.0,75.0,['Male'],0,0,3,4,3,Dry,Straight,Level,Lowest,No
15450,21,Kentucky,210251,1,1,1,0,1,LOUISVILLE,May,28,Sunday,3,29,Urban,Low Speed (Local),No,38.24973333,-85.80345556,Non-Intersection,Dark - Lighted,Cloudy,3:00am-3:59am,31,3:00am-3:59am,33,Not Applicable (Not Transported),Not Applicable (Not Transported),1,Dark - Lighted,Reduced Visibility,0,0,[],[],0,0,Invalid,0.0,0.0,998.0,998.0,['Other'],0,0,2,2,4,Dry,Straight,Level,Lowest,No
15451,21,Kentucky,210252,1,1,1,0,6,OWENSBORO,May,29,Monday,14,52,Urban,Low Speed (Local),No,37.75950833,-87.08814444,Simple Junction,Daylight,Clear,2:00pm-2:59pm,53,3:00pm-3:59pm,0,3:00pm-3:59pm,34,1,Daylight,Clear,0,6,[],[],0,0,Valid,0.0,0.0,28.0,28.0,['Male'],0,0,3,2,4,Dry,Straight,Level,Lowest,No
15452,21,Kentucky,210253,0,2,2,0,2,SANDY HOOK,May,17,Wednesday,9,30,Rural,Medium Speed (Collector),No,38.13435833,-83.09307778,Simple Junction,Daylight,Clear,9:00am-9:59am,32,9:00am-9:59am,35,10:00am-10:59am,32,1,Daylight,Clear,1,1,['Driver'],['None_Used'],0,0,Valid,0.0,1.0,60.0,28.0,"['Male', 'Male']",0,0,5,3,5,Dry,Straight,Level,Lowest,No
15453,21,Kentucky,210254,0,1,1,0,1,NOT APPLICABLE,May,29,Monday,16,38,Rural,Low Speed (Local),No,36.80932222,-88.47681111,Non-Intersection,Daylight,Clear,4:00pm-4:59pm,38,4:00pm-4:59pm,47,Not Applicable (Not Transported),Not Applicable (Not Transported),1,Daylight,Clear,1,0,['Driver'],['None_Used'],1,1,Valid,0.0,0.0,51.0,51.0,['Male'],0,0,5,4,3,Dry,Straight,Level,Lowest,No
15454,21,Kentucky,210255,0,2,2,0,3,PIKEVILLE,May,10,Wednesday,17,57,Urban,High Speed (Arterial),Yes,37.54259167,-82.58567778,Non-Intersection,Daylight,Clear,5:00pm-5:59pm,59,6:00pm-6:59pm,13,6:00pm-6:59pm,25,1,Daylight,Clear,1,2,['Rear_Seat'],['None_Used'],0,0,Invalid,0.0,0.0,60.0,34.0,"['Male', 'Male']",0,0,5,4,5,Dry,Straight,Non-Trafficway,Lowest,No
15455,21,Kentucky,210256,0,2,2,0,2,SOMERSET,May,5,Friday,15,2,Rural,High Speed (Arterial),Yes,37.09682222,-84.6612,Complex/Circle,Daylight,Clear,3:00pm-3:59pm,5,3:00pm-3:59pm,9,4:00pm-4:59pm,9,1,Daylight,Clear,1,1,['Driver'],['None_Used'],0,0,Valid,0.0,1.0,79.0,29.0,"['Female', 'Female']",0,0,3,4,5,Dry,Straight,Level,Lowest,No
15456,21,Kentucky,210257,0,1,1,0,1,NOT APPLICABLE,May,23,Tuesday,20,21,Rural,Medium Speed (Collector),No,37.68689722,-85.39695278,Non-Intersection,Daylight,Clear,8:00pm-8:59pm,21,8:00pm-8:59pm,40,8:00pm-8:59pm,40,1,Daylight,Clear,1,0,['Driver'],['None_Used'],0,0,Valid,0.0,0.0,43.0,43.0,['Male'],0,0,5,4,1,Dry,Straight,Level,Lowest,No
15457,21,Kentucky,210258,0,2,2,0,2,GEORGETOWN,May,30,Tuesday,6,16,Rural,Medium Speed (Collector),No,38.25553056,-84.565675,Non-Intersection,Dawn,Clear,6:00am-6:59am,19,6:00am-6:59am,23,7:00am-7:59am,40,1,Twilight,Clear,1,1,['Driver'],['None_Used'],0,0,Invalid,1.0,1.0,46.0,21.0,"['Male', 'Male']",1,0,2,4,5,Dry,Curve,Grade/Hillcrest,Lowest,No
15458,21,Kentucky,210259,0,1,1,0,1,NOT APPLICABLE,May,6,Saturday,18,43,Rural,High Speed (Arterial),Yes,38.16552222,-82.64545556,Non-Intersection,Daylight,Clear,7:00pm-7:59pm,5,7:00pm-7:59pm,5,7:00pm-7:59pm,20,1,Daylight,Clear,1,0,['Driver'],['None_Used'],1,1,Valid,0.0,0.0,48.0,48.0,['Female'],0,0,3,4,3,Dry,Curve,Level,Lowest,No
15459,21,Kentucky,210260,1,1,1,0,1,LEITCHFIELD,May,24,Wednesday,5,30,Rural,Low Speed (Local),No,37.47010556,-86.32031389,Non-Intersection,Daylight,Clear,4:00pm-4:59pm,52,4:00pm-4:59pm,55,5:00pm-5:59pm,17,1,Daylight,Clear,0,1,[],[],0,0,Invalid,0.0,0.0,53.0,53.0,['Male'],0,0,3,4,4,Dry,Straight,Level,Lowest,No
15460,21,Kentucky,210261,0,1,1,0,1,NOT APPLICABLE,May,26,Friday,14,29,Rural,High Speed (Arterial),Yes,37.12795833,-83.87171111,Non-Intersection,Daylight,Clear,2:00pm-2:59pm,28,2:00pm-2:59pm,36,3:00pm-3:59pm,2,1,Daylight,Clear,1,0,['Driver'],['None_Used'],0,0,Valid,0.0,0.0,58.0,58.0,['Male'],0,0,3,4,2,Dry,Straight,Level,Lowest,No
15461,21,Kentucky,210262,0,2,2,0,9,RACELAND,April,9,Sunday,19,2,Urban,High Speed (Arterial),Yes,38.54020833,-82.72862778,Non-Intersection,Daylight,Clear,7:00pm-7:59pm,6,7:00pm-7:59pm,9,7:00pm-7:59pm,46,1,Daylight,Clear,1,8,['Rear_Seat'],['Shoulder_Lapbelt'],0,0,Valid,0.0,1.0,54.0,37.0,"['Male', 'Male']",0,0,4,4,5,Dry,Straight,Level,Lowest,No
15462,21,Kentucky,210263,0,2,2,0,2,CHAVIES,April,27,Thursday,8,13,Rural,Medium Speed (Collector),No,37.35761389,-83.32569167,Non-Intersection,Daylight,Cloudy,0:00am-0:59am,0,0:00am-0:59am,0,Not Applicable (Not Transported),Not Applicable (Not Transported),1,Daylight,Reduced Visibility,1,1,['Driver'],['Shoulder_Lapbelt'],0,0,Valid,0.0,0.0,57.0,32.0,"['Female', 'Male']",0,0,3,4,5,Dry,Straight,Level,Lowest,No
15463,21,Kentucky,210264,0,3,3,0,3,NOT APPLICABLE,May,19,Friday,9,42,Rural,High Speed (Arterial),Yes,38.76633333,-84.18603056,Non-Intersection,Daylight,Clear,9:00am-9:59am,43,10:00am-10:59am,11,10:00am-10:59am,11,1,Daylight,Clear,1,2,['Driver'],['Shoulder_Lapbelt'],0,0,Valid,1.0,4.0,36.0,21.0,"['Female', 'Female', 'Female']",0,0,3,4,5,Dry,Straight,Grade/Hillcrest,Lowest,No
15464,21,Kentucky,210265,0,2,2,0,2,LOUISVILLE,May,17,Wednesday,21,51,Urban,High Speed (Arterial),Yes,38.07543333,-85.88443056,Complex/Circle,Dark - Lighted,Clear,9:00pm-9:59pm,51,10:00pm-10:59pm,0,10:00pm-10:59pm,33,1,Dark - Lighted,Clear,1,0,['Driver'],['None_Used'],0,0,Invalid,1.0,1.0,998.0,50.0,"['Male', 'Male']",0,0,3,4,5,Dry,Straight,Level,Lowest,No
15465,21,Kentucky,210266,0,2,2,0,3,NOT APPLICABLE,April,13,Thursday,17,15,Rural,High Speed (Arterial),Yes,36.78517778,-86.28198889,Non-Intersection,Daylight,Not Reported,4:00pm-4:59pm,51,4:00pm-4:59pm,56,5:00pm-5:59pm,16,1,Daylight,Clear,1,2,['Driver'],['None_Used'],0,0,Valid,0.0,0.0,80.0,25.0,"['Female', 'Male']",0,0,5,4,5,Dry,Straight,Level,Lowest,No
15466,21,Kentucky,210267,0,1,1,0,1,SUMMIT,April,13,Thursday,15,10,Urban,High Speed (Arterial),Yes,38.43068056,-82.69484167,Non-Intersection,Daylight,Clear,3:00pm-3:59pm,13,3:00pm-3:59pm,14,4:00pm-4:59pm,4,1,Daylight,Clear,1,0,['Driver'],['None_Used'],0,0,Valid,0.0,0.0,73.0,73.0,['Male'],0,0,3,4,3,Dry,Straight,Grade/Hillcrest,Medium,No
15467,21,Kentucky,210268,0,2,2,0,2,LEXINGTON-FAYETTE,April,30,Sunday,17,17,Rural,Medium Speed (Collector),No,38.00004167,-84.32633056,Non-Intersection,Daylight,Rain,5:00pm-5:59pm,47,5:00pm-5:59pm,47,6:00pm-6:59pm,13,1,Daylight,Rain/Wind/Minor,1,1,['Driver'],['Shoulder_Lapbelt'],1,1,Valid,0.0,0.0,71.0,66.0,"['Male', 'Female']",0,0,2,4,5,Wet/Standing Water,Curve,Grade/Hillcrest,Lowest,No
15468,21,Kentucky,210269,1,1,1,0,1,UNION,April,12,Wednesday,14,50,Urban,Low Speed (Local),No,38.96076111,-84.67323889,Non-Intersection,Daylight,Clear,2:00pm-2:59pm,50,2:00pm-2:59pm,54,3:00pm-3:59pm,45,1,Daylight,Clear,0,1,[],[],0,0,Valid,0.0,1.0,37.0,37.0,['Male'],0,0,3,1,4,Dry,Straight,Level,Lowest,No
15469,21,Kentucky,210270,0,1,1,0,1,NOT APPLICABLE,February,10,Friday,17,5,Rural,Low Speed (Local),No,37.56044167,-84.34898611,Non-Intersection,Daylight,Cloudy,5:00pm-5:59pm,3,5:00pm-5:59pm,11,6:00pm-6:59pm,18,1,Daylight,Reduced Visibility,1,0,['Driver'],['None_Used'],0,0,Valid,0.0,0.0,55.0,55.0,['Male'],0,0,5,0,3,Dry,Straight,Level,Lowest,No
15470,21,Kentucky,210271,0,2,2,0,4,LOUISVILLE,April,30,Sunday,3,38,Urban,Medium Speed (Collector),No,38.13843889,-85.68675278,Complex/Circle,Dark - Lighted,Clear,3:00am-3:59am,37,3:00am-3:59am,39,4:00am-4:59am,7,1,Dark - Lighted,Clear,1,3,['Driver'],['None_Used'],1,1,Invalid,0.0,0.0,54.0,25.0,"['Male', 'Male']",0,0,3,4,5,Dry,Straight,Level,Lowest,No
15471,21,Kentucky,210272,0,1,1,0,1,NOT APPLICABLE,May,25,Thursday,11,59,Rural,Medium Speed (Collector),No,37.42220833,-87.00701389,Non-Intersection,Daylight,Clear,12:00pm-12:59pm,4,12:00pm-12:59pm,14,12:00pm-12:59pm,46,1,Daylight,Clear,1,0,['Driver'],['Shoulder_Lapbelt'],0,0,Valid,1.0,1.0,77.0,77.0,['Male'],0,0,3,3,2,Dry,Curve,Level,Medium,No
15472,21,Kentucky,210273,0,2,2,0,2,LOUISVILLE,June,2,Friday,9,34,Urban,Medium Speed (Collector),No,38.20779167,-85.73820278,Non-Intersection,Daylight,Clear,9:00am-9:59am,34,9:00am-9:59am,44,10:00am-10:59am,9,1,Daylight,Clear,1,1,['Driver'],['None_Used'],0,0,Valid,1.0,0.0,55.0,44.0,"['Female', 'Female']",0,0,4,4,5,Dry,Straight,Level,Lowest,No
15473,21,Kentucky,210274,0,2,2,0,3,NOT APPLICABLE,June,3,Saturday,0,58,Urban,Medium Speed (Collector),No,38.37416111,-85.61729167,Non-Intersection,Dark - Not Lighted,Clear,1:00am-1:59am,3,1:00am-1:59am,14,Not Applicable (Not Transported),Not Applicable (Not Transported),1,Dark - Unlighted,Clear,1,2,['Driver'],['None_Used'],1,2,Invalid,0.0,0.0,22.0,22.0,"['Male', 'Male']",3,0,3,4,5,Dry,Straight,Grade/Hillcrest,Lowest,No
15474,21,Kentucky,210275,0,2,2,0,3,DOVER,June,3,Saturday,18,55,Rural,Medium Speed (Collector),No,38.69485556,-83.91411667,Non-Intersection,Daylight,Clear,5:00pm-5:59pm,20,5:00pm-5:59pm,20,5:00pm-5:59pm,49,1,Daylight,Clear,1,0,['Front_Passenger'],['None_Used'],1,1,Valid,0.0,0.0,59.0,28.0,"['Male', 'Female']",0,0,3,4,5,Dry,Straight,Grade/Hillcrest,Lowest,No
15475,21,Kentucky,210276,0,1,1,0,6,LOUISVILLE,June,4,Sunday,1,49,Urban,High Speed (Arterial),Yes,38.24505556,-85.69911389,Non-Intersection,Dark - Unknown Lighting,Clear,1:00am-1:59am,49,1:00am-1:59am,57,2:00am-2:59am,39,1,Dark - Unlighted,Clear,1,5,['Rear_Seat'],['None_Used'],1,1,Invalid,0.0,0.0,24.0,24.0,['Male'],6,0,2,4,2,Dry,Curve,Grade/Hillcrest,Lowest,No
15476,21,Kentucky,210277,0,2,2,0,4,PADUCAH,June,4,Sunday,15,30,Rural,Medium Speed (Collector),No,37.00711944,-88.83199444,Non-Intersection,Daylight,Clear,3:00pm-3:59pm,35,3:00pm-3:59pm,51,4:00pm-4:59pm,18,2,Daylight,Clear,2,2,"['Driver', 'Front_Passenger']","['None_Used', 'Shoulder_Lapbelt']",0,0,Valid,0.0,0.0,57.0,49.0,"['Male', 'Female']",0,0,3,4,5,Dry,Straight,Grade/Hillcrest,Lowest,No
15477,21,Kentucky,210278,0,2,2,0,3,JEFFERSONVILLE,June,4,Sunday,17,54,Rural,Medium Speed (Collector),No,37.976325,-83.85087778,Simple Junction,Daylight,Clear,5:00pm-5:59pm,59,6:00pm-6:59pm,11,6:00pm-6:59pm,38,1,Daylight,Clear,1,2,['Driver'],['None_Used'],1,1,Valid,0.0,0.0,64.0,58.0,"['Male', 'Female']",0,0,3,4,5,Dry,Straight,Level,Lowest,No
15478,21,Kentucky,210279,0,2,2,0,2,JEFFERSONTOWN,June,5,Monday,5,54,Urban,Medium Speed (Collector),No,38.17648611,-85.57281667,Non-Intersection,Dark - Not Lighted,Clear,6:00am-6:59am,5,6:00am-6:59am,7,7:00am-7:59am,6,1,Dark - Unlighted,Clear,1,1,['Driver'],['Shoulder_Lapbelt'],1,1,Valid,0.0,0.0,55.0,24.0,"['Male', 'Male']",0,0,3,4,5,Dry,Straight,Level,Lowest,No
15479,21,Kentucky,210280,0,1,1,0,1,NOT APPLICABLE,June,6,Tuesday,21,35,Rural,Medium Speed (Collector),No,37.91860556,-84.27296944,Non-Intersection,Dark - Not Lighted,Clear,9:00pm-9:59pm,37,9:00pm-9:59pm,50,Not Applicable (Not Transported),Not Applicable (Not Transported),1,Dark - Unlighted,Clear,1,0,['Driver'],['Shoulder_Lapbelt'],1,1,Valid,0.0,0.0,17.0,17.0,['Female'],1,0,2,4,3,Dry,Curve,Grade/Hillcrest,Lowest,No
15480,21,Kentucky,210281,1,1,1,0,2,FLORENCE,June,7,Wednesday,23,18,Urban,Medium Speed (Collector),No,38.97758611,-84.61901667,Non-Intersection,Dark - Lighted,Clear,11:00pm-11:59pm,18,11:00pm-11:59pm,19,Not Applicable (Not Transported),Not Applicable (Not Transported),1,Dark - Lighted,Clear,0,2,[],[],1,1,Valid,0.0,0.0,50.0,50.0,['Female'],0,0,3,2,4,Dry,Straight,Level,Lowest,No
15481,21,Kentucky,210282,0,1,1,0,1,PAYNEVILLE,June,6,Tuesday,21,57,Rural,Medium Speed (Collector),No,38.02381667,-86.34256944,Non-Intersection,Dark - Not Lighted,Cloudy,10:00pm-10:59pm,0,10:00pm-10:59pm,9,11:00pm-11:59pm,10,1,Dark - Unlighted,Reduced Visibility,1,0,['Driver'],['Shoulder_Lapbelt'],1,1,Valid,0.0,0.0,59.0,59.0,['Male'],0,0,2,4,3,Dry,Straight,Grade/Hillcrest,Lowest,No
15482,21,Kentucky,210283,0,1,1,0,1,NOT APPLICABLE,June,8,Thursday,13,40,Rural,High Speed (Arterial),Yes,36.83919722,-87.24400556,Non-Intersection,Daylight,Clear,1:00pm-1:59pm,33,1:00pm-1:59pm,42,Not Applicable (Not Transported),Not Applicable (Not Transported),1,Daylight,Clear,1,0,['Driver'],['None_Used'],0,0,Valid,0.0,0.0,71.0,71.0,['Male'],0,0,3,4,3,Oil/Contaminated,Curve,Grade/Hillcrest,Lowest,No