,State_Code,State_Name,Crash_ID,Count_Non_Motorists,Count_Vehicles_Total,Count_Vehicle_Forms,Count_PVH_Involved,Count_Occupants_MV,City_Name,Month_Name,Day_of_Month,Day_of_Week,Crash_Hour,Crash_Minute,Area_Rural_Urban,Road_Functional_Class,On_NHS_Road,Latitude,Longitude,Intersection_Type,Light_Condition,Weather_Condition,Notif_Hour,Notif_Minute,Arrival_Hour,Arrival_Minute,Hospital_Hour,Hospital_Minute,Fatalities_Count,Clean_Light_Condition,Clean_Weather_Condition,Total_Killed,Total_Alive,Fatal_Seats_List,Killed_Restraint_List,Any_Driver_Drinking,Total_Drinking_Drivers,Driver_License_Category,Driver_Max_Prev_Accident_Count,Driver_Max_Prev_Speeding_Count,Max_Driver_Age,Min_Driver_Age,Driver_Sex_List,Total_Exceeding_Limit_Vehicles,Total_Too_Fast_Vehicles,Max_Vehicle_Type_Severity_5,Max_Vehicle_Damage_Rank,Max_Harmful_Event_Severity,Crash_Road_Surface_Condition,Crash_Horizontal_Alignment,Crash_Vertical_Profile,Crash_Impairment_Category,Crash_Vehicle_Defect
15483,21,Kentucky,210284,4,2,1,1,1,NOT APPLICABLE,June,9,Friday,16,0,Rural,High Speed (Arterial),Yes,38.00124167,-84.79351667,Non-Intersection,Daylight,Clear,3:00pm-3:59pm,52,4:00pm-4:59pm,0,Not Applicable (Not Transported),Not Applicable (Not Transported),1,Daylight,Clear,0,1,[],[],1,1,Valid,0.0,1.0,27.0,27.0,['Male'],0,0,3,4,4,Dry,Straight,Level,Lowest,No
15484,21,Kentucky,210285,0,1,1,0,1,NOT APPLICABLE,June,10,Saturday,15,37,Rural,Low Speed (Local),No,36.93525278,-83.13810278,Non-Intersection,Daylight,Clear,3:00pm-3:59pm,37,3:00pm-3:59pm,56,Not Applicable (Not Transported),Not Applicable (Not Transported),1,Daylight,Clear,1,0,['Driver'],['None_Used'],0,0,Invalid,0.0,0.0,14.0,14.0,['Male'],0,0,5,2,3,Dry,Curve,Grade/Hillcrest,Lowest,No
15485,21,Kentucky,210286,0,2,2,0,3,SHELBIANA,June,12,Monday,20,50,Urban,High Speed (Arterial),Yes,37.40605833,-82.43743056,Non-Intersection,Dark - Not Lighted,Clear,8:00pm-8:59pm,51,9:00pm-9:59pm,11,9:00pm-9:59pm,46,2,Dark - Unlighted,Clear,2,1,"['Driver', 'Driver']","['None_Used', 'Shoulder_Lapbelt']",1,1,Valid,0.0,0.0,61.0,51.0,"['Female', 'Male']",0,0,2,4,5,Dry,Curve,Level,Lowest,No
15486,21,Kentucky,210287,0,2,2,0,6,SOUTH WILLIAMSON,June,9,Friday,11,55,Rural,High Speed (Arterial),Yes,37.663775,-82.27315833,Non-Intersection,Daylight,Clear,11:00am-11:59am,55,12:00pm-12:59pm,10,12:00pm-12:59pm,29,1,Daylight,Clear,1,5,['Driver'],['None_Used'],0,0,Valid,0.0,0.0,55.0,33.0,"['Male', 'Male']",0,0,5,4,5,Dry,Straight,Non-Trafficway,Lowest,No
15487,21,Kentucky,210288,0,2,2,0,2,RUSSELLVILLE,June,14,Wednesday,11,48,Urban,Medium Speed (Collector),No,36.842275,-86.87887778,Non-Intersection,Daylight,Clear,11:00am-11:59am,49,11:00am-11:59am,51,12:00pm-12:59pm,4,1,Daylight,Clear,1,1,['Driver'],['None_Used'],0,0,Valid,2.0,1.0,55.0,34.0,"['Male', 'Male']",0,0,4,4,5,Dry,Straight,Grade/Hillcrest,Lowest,No
15488,21,Kentucky,210289,0,1,1,0,1,GOSHEN,June,14,Wednesday,20,3,Urban,Medium Speed (Collector),No,38.39977778,-85.57816944,Non-Intersection,Daylight,Clear,8:00pm-8:59pm,5,8:00pm-8:59pm,9,Not Applicable (Not Transported),Not Applicable (Not Transported),1,Daylight,Clear,1,0,['Driver'],['Shoulder_Lapbelt'],1,1,Valid,1.0,0.0,25.0,25.0,['Male'],1,0,2,4,3,Dry,Straight,Level,Lowest,No
15489,21,Kentucky,210290,0,2,2,0,3,WINCHESTER,June,13,Tuesday,22,2,Urban,Medium Speed (Collector),No,38.02182222,-84.25793611,Non-Intersection,Dark - Not Lighted,Cloudy,10:00pm-10:59pm,2,10:00pm-10:59pm,9,10:00pm-10:59pm,20,1,Dark - Unlighted,Reduced Visibility,1,2,['Rear_Seat'],['Child_Safety'],1,2,Valid,0.0,0.0,56.0,28.0,"['Male', 'Male']",0,0,5,4,5,Dry,Straight,Grade/Hillcrest,Lowest,No
15490,21,Kentucky,210291,0,1,1,0,4,ZOE,June,16,Friday,18,13,Rural,Low Speed (Local),No,37.67249444,-83.67885556,Non-Intersection,Daylight,Clear,6:00pm-6:59pm,27,6:00pm-6:59pm,49,7:00pm-7:59pm,40,1,Daylight,Clear,1,3,['Rear_Seat'],['None_Used'],1,1,Valid,0.0,0.0,20.0,20.0,['Male'],0,0,3,4,3,Dry,Curve,Grade/Hillcrest,Lowest,No
15491,21,Kentucky,210292,0,2,2,0,3,LOUISVILLE,June,16,Friday,23,15,Urban,Medium Speed (Collector),No,38.16878611,-85.70660833,Simple Junction,Dark - Lighted,Clear,11:00pm-11:59pm,15,11:00pm-11:59pm,20,Not Applicable (Not Transported),Not Applicable (Not Transported),2,Dark - Lighted,Clear,2,1,"['Driver', 'Rear_Seat']","['None_Used', 'None_Used']",0,0,Valid,0.0,2.0,41.0,22.0,"['Male', 'Male']",2,0,5,4,5,Dry,Straight,Level,Lowest,No
15492,21,Kentucky,210293,0,1,1,0,1,NOT APPLICABLE,June,17,Saturday,8,50,Rural,Medium Speed (Collector),No,36.61003611,-88.54469444,Non-Intersection,Daylight,Clear,8:00am-8:59am,51,9:00am-9:59am,5,Not Applicable (Not Transported),Not Applicable (Not Transported),1,Daylight,Clear,1,0,['Driver'],['Shoulder_Lapbelt'],0,0,Valid,1.0,0.0,62.0,62.0,['Male'],0,0,4,4,3,Dry,Curve,Level,Lowest,No
15493,21,Kentucky,210294,0,1,1,0,1,MALLIE,June,17,Saturday,11,19,Rural,Medium Speed (Collector),No,37.30085278,-82.91355556,Non-Intersection,Daylight,Clear,11:00am-11:59am,20,11:00am-11:59am,35,Not Applicable (Not Transported),Not Applicable (Not Transported),1,Daylight,Clear,1,0,['Driver'],['Shoulder_Lapbelt'],0,0,Valid,0.0,0.0,70.0,70.0,['Male'],0,0,3,4,1,Dry,Straight,Level,Lowest,No
15494,21,Kentucky,210295,0,1,1,0,1,LOUISVILLE,June,18,Sunday,1,27,Urban,High Speed (Arterial),Yes,38.21431667,-85.5891,Non-Intersection,Dark - Lighted,Clear,1:00am-1:59am,27,1:00am-1:59am,31,Not Applicable (Not Transported),Not Applicable (Not Transported),1,Dark - Lighted,Clear,1,0,['Driver'],['Shoulder_Lapbelt'],1,1,Valid,0.0,0.0,27.0,27.0,['Female'],1,0,2,4,3,Dry,Straight,Level,Lowest,No
15495,21,Kentucky,210296,0,2,2,0,2,MURRAY,June,14,Wednesday,17,43,Urban,High Speed (Arterial),Yes,36.60853889,-88.31523333,Complex/Circle,Daylight,Clear,5:00pm-5:59pm,46,5:00pm-5:59pm,49,6:00pm-6:59pm,8,1,Daylight,Clear,1,1,['Driver'],['None_Used'],0,0,Valid,0.0,2.0,93.0,22.0,"['Male', 'Male']",1,0,2,4,5,Dry,Straight,Level,Lowest,No
15496,21,Kentucky,210297,0,2,2,0,2,LEXINGTON-FAYETTE,June,10,Saturday,22,21,Urban,Low Speed (Local),No,38.04238611,-84.42367222,Non-Intersection,Dark - Lighted,Clear,10:00pm-10:59pm,22,10:00pm-10:59pm,33,10:00pm-10:59pm,54,1,Dark - Lighted,Clear,1,1,['Driver'],['None_Used'],0,0,Valid,0.0,0.0,53.0,23.0,"['Female', 'Male']",0,0,5,4,5,Dry,Straight,Level,Lowest,No
15497,21,Kentucky,210298,0,2,2,0,5,SOUTH WILLIAMSON,June,18,Sunday,21,48,Rural,Medium Speed (Collector),No,37.68302222,-82.29961111,Non-Intersection,Dark - Not Lighted,Clear,9:00pm-9:59pm,56,10:00pm-10:59pm,4,10:00pm-10:59pm,25,1,Dark - Unlighted,Clear,1,4,['Driver'],['None_Used'],0,0,Valid,0.0,0.0,36.0,24.0,"['Male', 'Female']",0,0,5,4,5,Dry,Straight,Level,Lowest,No
15498,21,Kentucky,210299,0,2,2,0,3,NOT APPLICABLE,June,1,Thursday,13,6,Rural,High Speed (Arterial),Yes,37.75437222,-84.61716111,Non-Intersection,Daylight,Clear,1:00pm-1:59pm,7,1:00pm-1:59pm,18,1:00pm-1:59pm,47,1,Daylight,Clear,1,2,['Driver'],['None_Used'],0,0,Valid,0.0,0.0,67.0,52.0,"['Male', 'Female']",0,0,3,4,5,Dry,Straight,Level,Lowest,No
15499,21,Kentucky,210300,1,1,1,0,1,DOVER,June,5,Monday,23,44,Rural,Medium Speed (Collector),No,38.70455556,-83.83364722,Non-Intersection,Dark - Not Lighted,Clear,11:00pm-11:59pm,33,11:00pm-11:59pm,38,Not Applicable (Not Transported),Not Applicable (Not Transported),1,Dark - Unlighted,Clear,0,1,[],[],1,1,Invalid,0.0,1.0,40.0,40.0,['Male'],0,0,3,4,4,Dry,Straight,Level,Lowest,No
15500,21,Kentucky,210301,0,1,1,0,1,NOT APPLICABLE,June,7,Wednesday,9,0,Rural,High Speed (Arterial),Yes,36.90584722,-85.0935,Non-Intersection,Daylight,Rain,9:00am-9:59am,0,9:00am-9:59am,12,Not Applicable (Not Transported),Not Applicable (Not Transported),1,Daylight,Rain/Wind/Minor,1,0,['Driver'],['None_Used'],0,0,Valid,0.0,0.0,50.0,50.0,['Female'],0,0,2,4,3,Wet/Standing Water,Curve,Level,Lowest,No
15501,21,Kentucky,210302,0,1,1,0,1,HOPKINSVILLE,June,14,Wednesday,11,49,Urban,Medium Speed (Collector),No,36.88621111,-87.49075556,Non-Intersection,Daylight,Clear,11:00am-11:59am,51,11:00am-11:59am,55,12:00pm-12:59pm,19,1,Daylight,Clear,1,0,['Driver'],['None_Used'],0,0,Valid,0.0,0.0,58.0,58.0,['Male'],0,0,5,3,1,Dry,Straight,Level,Lowest,Yes
15502,21,Kentucky,210303,0,2,2,0,2,PRESTONSBURG,June,19,Monday,21,53,Rural,High Speed (Arterial),Yes,37.66684444,-82.90520556,Non-Intersection,Dark - Not Lighted,Cloudy,9:00pm-9:59pm,47,9:00pm-9:59pm,57,9:00pm-9:59pm,57,1,Dark - Unlighted,Reduced Visibility,1,1,['Driver'],['Shoulder_Lapbelt'],0,0,Valid,1.0,1.0,69.0,25.0,"['Male', 'Male']",0,0,3,4,5,Wet/Standing Water,Curve,Level,Lowest,No
15503,21,Kentucky,210304,0,1,1,0,1,PIKEVILLE,June,7,Wednesday,2,16,Rural,Medium Speed (Collector),No,37.36874167,-82.472075,Non-Intersection,Dark - Not Lighted,Clear,2:00am-2:59am,16,2:00am-2:59am,30,Not Applicable (Not Transported),Not Applicable (Not Transported),1,Dark - Unlighted,Clear,1,0,['Driver'],['None_Used'],0,0,Valid,0.0,0.0,47.0,47.0,['Male'],0,0,3,4,3,Wet/Standing Water,Curve,Grade/Hillcrest,Lowest,No
15504,21,Kentucky,210305,0,1,1,0,1,NOT APPLICABLE,June,7,Wednesday,16,27,Rural,Medium Speed (Collector),No,37.23369167,-83.74738889,Non-Intersection,Daylight,Rain,4:00pm-4:59pm,31,4:00pm-4:59pm,40,Not Applicable (Not Transported),Not Applicable (Not Transported),1,Daylight,Rain/Wind/Minor,1,0,['Driver'],['None_Used'],0,0,Valid,0.0,0.0,56.0,56.0,['Female'],1,0,2,4,3,Wet/Standing Water,Curve,Level,Lowest,No
15505,21,Kentucky,210306,0,1,1,0,1,NOT APPLICABLE,June,9,Friday,20,2,Rural,Low Speed (Local),No,36.97868889,-86.12208056,Non-Intersection,Daylight,Clear,8:00pm-8:59pm,4,8:00pm-8:59pm,17,8:00pm-8:59pm,46,1,Daylight,Clear,1,0,['Driver'],['None_Used'],1,1,Valid,0.0,1.0,48.0,48.0,['Male'],1,0,3,4,2,Dry,Curve,Level,Lowest,No
15506,21,Kentucky,210307,0,1,1,0,1,NOT APPLICABLE,June,10,Saturday,20,18,Rural,Low Speed (Local),No,37.07126111,-83.85142222,Non-Intersection,Dusk,Clear,8:00pm-8:59pm,25,8:00pm-8:59pm,42,Not Applicable (Not Transported),Not Applicable (Not Transported),1,Twilight,Clear,1,0,['Driver'],['None_Used'],1,1,Valid,0.0,0.0,40.0,40.0,['Male'],0,0,5,4,3,Dry,Straight,Level,Lowest,No
15507,21,Kentucky,210308,0,1,1,0,2,NOT APPLICABLE,June,10,Saturday,23,40,Rural,Low Speed (Local),No,37.22945278,-84.19909722,Non-Intersection,Dark - Unknown Lighting,Clear,11:00pm-11:59pm,40,11:00pm-11:59pm,54,0:00am-0:59am,12,1,Dark - Unlighted,Clear,1,1,['Driver'],['None_Used'],0,0,Valid,0.0,0.0,30.0,30.0,['Male'],0,0,5,4,3,Dry,Straight,Level,Lowest,No
15508,21,Kentucky,210309,1,1,1,0,1,LOUISVILLE,June,19,Monday,5,55,Urban,Low Speed (Local),No,38.17136389,-85.76807778,Complex/Circle,Daylight,Rain,5:00am-5:59am,55,6:00am-6:59am,4,6:00am-6:59am,37,1,Daylight,Rain/Wind/Minor,0,1,[],[],0,0,Invalid,0.0,0.0,998.0,998.0,['Other'],0,0,2,0,4,Wet/Standing Water,Straight,Level,Lowest,No
15509,21,Kentucky,210310,1,1,1,0,1,LEXINGTON-FAYETTE,June,21,Wednesday,0,48,Urban,High Speed (Arterial),Yes,38.07477778,-84.49724722,Non-Intersection,Dark - Unknown Lighting,Clear,0:00am-0:59am,51,0:00am-0:59am,55,Not Applicable (Not Transported),Not Applicable (Not Transported),1,Dark - Unlighted,Clear,0,1,[],[],0,0,Valid,0.0,0.0,69.0,69.0,['Male'],0,0,3,2,4,Dry,Straight,Level,Lowest,No
15510,21,Kentucky,210311,0,2,2,0,8,SUMMERSVILLE,June,24,Saturday,1,0,Rural,Medium Speed (Collector),No,37.32629444,-85.54443889,Complex/Circle,Dark - Unknown Lighting,Clear,1:00am-1:59am,8,1:00am-1:59am,13,2:00am-2:59am,1,1,Dark - Unlighted,Clear,1,7,['Front_Passenger'],['Shoulder_Lapbelt'],1,1,Valid,0.0,0.0,63.0,22.0,"['Male', 'Male']",0,0,3,4,5,Dry,Straight,Level,Lowest,No
15511,21,Kentucky,210312,0,1,1,0,1,CLOSPLINT,June,19,Monday,10,27,Rural,Medium Speed (Collector),No,36.89661389,-83.11865278,Non-Intersection,Daylight,Rain,10:00am-10:59am,31,11:00am-11:59am,4,11:00am-11:59am,39,1,Daylight,Rain/Wind/Minor,1,0,['Driver'],['None_Used'],0,0,Valid,0.0,1.0,32.0,32.0,['Male'],0,0,3,4,3,Wet/Standing Water,Straight,Level,Lowest,No
15512,21,Kentucky,210313,0,2,2,0,3,LOUISVILLE,June,24,Saturday,23,24,Urban,Low Speed (Local),No,38.26373333,-85.72785278,Simple Junction,Dark - Lighted,Clear,11:00pm-11:59pm,24,11:00pm-11:59pm,38,Not Applicable (Not Transported),Not Applicable (Not Transported),1,Dark - Lighted,Clear,1,2,['Driver'],['None_Used'],0,0,Valid,0.0,0.0,50.0,26.0,"['Female', 'Male']",1,0,5,4,5,Dry,Straight,Level,Lowest,No
15513,21,Kentucky,210314,0,1,1,0,1,NOT APPLICABLE,June,10,Saturday,16,3,Rural,Low Speed (Local),No,37.20481667,-87.72479444,Non-Intersection,Daylight,Clear,4:00pm-4:59pm,7,4:00pm-4:59pm,27,Not Applicable (Not Transported),Not Applicable (Not Transported),1,Daylight,Clear,1,0,['Driver'],['None_Used'],0,0,Valid,0.0,1.0,27.0,27.0,['Male'],0,0,5,4,3,Dry,Curve,Level,Lowest,No
15514,21,Kentucky,210315,0,1,1,0,2,NOT APPLICABLE,June,29,Thursday,14,22,Rural,Low Speed (Local),No,37.31763056,-86.58010556,Non-Intersection,Daylight,Severe Crosswinds,2:00pm-2:59pm,24,2:00pm-2:59pm,44,Not Applicable (Not Transported),Not Applicable (Not Transported),2,Daylight,Rain/Wind/Minor,2,0,"['Driver', 'Rear_Seat']","['Shoulder_Lapbelt', 'Shoulder_Lapbelt']",0,0,Valid,0.0,0.0,49.0,49.0,['Male'],0,0,3,4,1,Wet/Standing Water,Straight,Level,Lowest,No
15515,21,Kentucky,210316,0,1,1,0,1,NOT APPLICABLE,June,29,Thursday,16,15,Rural,Medium Speed (Collector),No,36.6834,-85.49660833,Non-Intersection,Daylight,Cloudy,4:00pm-4:59pm,11,4:00pm-4:59pm,34,Not Applicable (Not Transported),Not Applicable (Not Transported),1,Daylight,Reduced Visibility,1,0,['Driver'],['None_Used'],0,0,Valid,1.0,0.0,30.0,30.0,['Male'],0,0,3,4,3,Wet/Standing Water,Curve,Grade/Hillcrest,Lowest,No
15516,21,Kentucky,210317,3,2,1,1,1,NOT APPLICABLE,June,29,Thursday,16,27,Rural,High Speed (Arterial),Yes,37.41545278,-86.41515,Non-Intersection,Daylight,Clear,3:00pm-3:59pm,28,3:00pm-3:59pm,35,3:00pm-3:59pm,59,1,Daylight,Clear,0,1,[],[],0,0,Valid,0.0,0.0,43.0,43.0,['Male'],0,0,3,2,4,Wet/Standing Water,Straight,Level,Lowest,No
15517,21,Kentucky,210318,1,1,1,0,1,LOUISVILLE,June,28,Wednesday,3,0,Urban,Medium Speed (Collector),No,38.13583333,-85.58038611,Non-Intersection,Dark - Not Lighted,Cloudy,3:00am-3:59am,0,3:00am-3:59am,6,3:00am-3:59am,30,1,Dark - Unlighted,Reduced Visibility,0,1,[],[],0,0,Valid,0.0,0.0,63.0,63.0,['Female'],0,0,2,3,4,Dry,Straight,Level,Lowest,No
15518,21,Kentucky,210319,0,1,1,0,1,NOT APPLICABLE,June,3,Saturday,7,52,Rural,Low Speed (Local),No,36.84218333,-87.21320278,Non-Intersection,Daylight,Clear,7:00am-7:59am,52,8:00am-8:59am,2,8:00am-8:59am,53,1,Daylight,Clear,1,0,['Driver'],['Shoulder_Lapbelt'],0,0,Invalid,0.0,0.0,47.0,47.0,['Male'],0,0,2,4,3,Dry,Curve,Level,Lowest,No
15519,21,Kentucky,210320,0,2,2,0,2,LOUISVILLE,June,26,Monday,14,6,Urban,High Speed (Arterial),Yes,38.12109167,-85.85576667,Simple Junction,Daylight,Clear,2:00pm-2:59pm,8,2:00pm-2:59pm,11,2:00pm-2:59pm,33,1,Daylight,Clear,1,1,['Driver'],['None_Used'],0,0,Valid,0.0,0.0,76.0,40.0,"['Female', 'Female']",0,0,3,4,5,Dry,Straight,Level,Lowest,No
15520,21,Kentucky,210321,0,1,1,0,5,NOT APPLICABLE,June,3,Saturday,23,39,Rural,Medium Speed (Collector),No,38.34841389,-83.95574722,Non-Intersection,Dark - Not Lighted,Clear,11:00pm-11:59pm,23,11:00pm-11:59pm,49,1:00am-1:59am,23,2,Dark - Unlighted,Clear,2,3,"['Rear_Seat', 'Front_Passenger']","['None_Used', 'None_Used']",1,1,Valid,0.0,0.0,24.0,24.0,['Male'],5,0,3,4,3,Dry,Curve,Level,Lowest,No
15521,21,Kentucky,210322,0,1,1,0,1,NOT APPLICABLE,June,10,Saturday,9,20,Rural,Low Speed (Local),No,37.785625,-86.28205556,Non-Intersection,Daylight,Clear,9:00am-9:59am,21,9:00am-9:59am,34,11:00am-11:59am,4,1,Daylight,Clear,1,0,['Driver'],['None_Used'],0,0,Valid,0.0,0.0,71.0,71.0,['Male'],0,0,5,2,3,Dry,Straight,Level,Lowest,No
15522,21,Kentucky,210323,0,3,3,0,4,NOT APPLICABLE,June,27,Tuesday,0,57,Rural,High Speed (Arterial),Yes,37.63438333,-85.86059444,Non-Intersection,Dark - Not Lighted,Clear,0:00am-0:59am,57,1:00am-1:59am,10,2:00am-2:59am,7,1,Dark - Unlighted,Clear,1,3,['Driver'],['Shoulder_Lapbelt'],0,0,Valid,0.0,1.0,48.0,26.0,"['Male', 'Male', 'Male']",0,0,4,4,5,Dry,Straight,Level,Lowest,No
15523,21,Kentucky,210324,0,1,1,0,1,NOT APPLICABLE,June,30,Friday,12,32,Rural,Medium Speed (Collector),No,38.12746944,-83.62700278,Simple Junction,Daylight,Clear,1:00pm-1:59pm,7,1:00pm-1:59pm,30,Not Applicable (Not Transported),Not Applicable (Not Transported),1,Daylight,Clear,1,0,['Driver'],['None_Used'],0,0,Valid,0.0,1.0,66.0,66.0,['Male'],1,0,1,4,2,Dry,Straight,Level,Lowest,No
15524,21,Kentucky,210325,0,1,1,0,3,NOT APPLICABLE,April,30,Sunday,19,24,Rural,Low Speed (Local),No,37.64509444,-84.246125,Non-Intersection,Daylight,Cloudy,7:00pm-7:59pm,28,7:00pm-7:59pm,36,8:00pm-8:59pm,35,1,Daylight,Reduced Visibility,1,2,['Rear_Seat'],['None_Used'],1,1,Valid,0.0,0.0,35.0,35.0,['Male'],3,0,3,4,3,Dry,Curve,Grade/Hillcrest,Lowest,No
15525,21,Kentucky,210326,2,1,1,0,1,LAWRENCEBURG,May,15,Monday,14,5,Urban,Medium Speed (Collector),No,38.03520278,-84.89563889,Complex/Circle,Daylight,Cloudy,2:00pm-2:59pm,7,2:00pm-2:59pm,11,2:00pm-2:59pm,45,1,Daylight,Reduced Visibility,0,1,[],[],0,0,Valid,0.0,0.0,64.0,64.0,['Male'],0,0,3,2,4,Dry,Straight,Level,Lowest,No
15526,21,Kentucky,210327,1,1,1,0,1,ELIZABETHTOWN,June,18,Sunday,22,4,Urban,High Speed (Arterial),Yes,37.74250278,-85.89123889,Non-Intersection,Dark - Lighted,Cloudy,10:00pm-10:59pm,4,10:00pm-10:59pm,10,10:00pm-10:59pm,54,1,Dark - Lighted,Reduced Visibility,0,1,[],[],0,0,Valid,0.0,0.0,51.0,51.0,['Male'],0,0,2,2,4,Dry,Straight,Level,Lowest,No
15527,21,Kentucky,210328,0,1,1,0,1,NOT APPLICABLE,May,8,Monday,10,57,Rural,Medium Speed (Collector),No,37.54386111,-86.28798889,Non-Intersection,Daylight,Cloudy,10:00am-10:59am,58,11:00am-11:59am,4,Not Applicable (Not Transported),Not Applicable (Not Transported),1,Daylight,Reduced Visibility,1,0,['Driver'],['None_Used'],0,0,Invalid,0.0,0.0,51.0,51.0,['Male'],0,0,2,4,3,Dry,Straight,Level,Lowest,No
15528,21,Kentucky,210329,0,1,1,0,1,NICHOLASVILLE,April,22,Saturday,22,43,Rural,Medium Speed (Collector),No,37.909275,-84.47048056,Non-Intersection,Dark - Lighted,Cloudy,10:00pm-10:59pm,45,10:00pm-10:59pm,56,11:00pm-11:59pm,14,1,Dark - Lighted,Reduced Visibility,1,0,['Driver'],['None_Used'],0,0,Valid,1.0,1.0,58.0,58.0,['Male'],1,0,3,4,3,Dry,Curve,Grade/Hillcrest,Lowest,No
15529,21,Kentucky,210330,0,2,1,1,1,NOT APPLICABLE,April,29,Saturday,21,34,Rural,Low Speed (Local),No,37.48334444,-86.41503611,Non-Intersection,Dark - Not Lighted,Clear,9:00pm-9:59pm,36,9:00pm-9:59pm,49,10:00pm-10:59pm,29,1,Dark - Unlighted,Clear,1,0,['Driver'],['None_Used'],1,1,Valid,0.0,0.0,32.0,32.0,['Male'],1,0,3,4,3,Dry,Straight,Grade/Hillcrest,Lowest,No
15530,21,Kentucky,210331,0,1,1,0,1,CORINTH,June,21,Wednesday,4,36,Rural,Medium Speed (Collector),No,38.48941944,-84.58858889,Non-Intersection,Dark - Not Lighted,Clear,4:00am-4:59am,58,5:00am-5:59am,13,6:00am-6:59am,0,1,Dark - Unlighted,Clear,1,0,['Driver'],['None_Used'],0,0,Valid,0.0,0.0,46.0,46.0,['Female'],0,0,3,4,3,Dry,Straight,Level,Lowest,No
15531,21,Kentucky,210332,0,2,2,0,2,LOUISVILLE,April,18,Tuesday,18,12,Urban,High Speed (Arterial),Yes,38.19356944,-85.78317222,Non-Intersection,Daylight,Clear,6:00pm-6:59pm,13,6:00pm-6:59pm,30,7:00pm-7:59pm,0,1,Daylight,Clear,1,1,['Driver'],['None_Used'],0,0,Valid,0.0,1.0,59.0,34.0,"['Male', 'Male']",0,0,5,4,5,Dry,Straight,Level,Lowest,No
15532,21,Kentucky,210333,0,2,2,0,2,VINE GROVE,June,12,Monday,12,34,Urban,Medium Speed (Collector),No,37.82448611,-85.97689722,Non-Intersection,Daylight,Clear,12:00pm-12:59pm,34,12:00pm-12:59pm,42,Not Applicable (Not Transported),Not Applicable (Not Transported),1,Daylight,Clear,1,1,['Driver'],['Shoulder_Lapbelt'],0,0,Valid,1.0,0.0,70.0,27.0,"['Male', 'Female']",0,0,4,4,5,Dry,Straight,Level,Lowest,No
15533,21,Kentucky,210334,0,2,2,0,5,NOT APPLICABLE,June,28,Wednesday,20,55,Rural,High Speed (Arterial),Yes,36.82310556,-88.47171389,Non-Intersection,Dark - Not Lighted,Clear,0:00am-0:59am,0,0:00am-0:59am,8,0:00am-0:59am,50,1,Dark - Unlighted,Clear,1,4,['Front_Passenger'],['None_Used'],1,1,Invalid,0.0,0.0,61.0,28.0,"['Male', 'Male']",0,0,3,4,5,Dry,Straight,Grade/Hillcrest,Lowest,No
15534,21,Kentucky,210335,0,1,1,0,1,NOT APPLICABLE,July,2,Sunday,18,26,Rural,Medium Speed (Collector),No,37.38291111,-85.75976667,Non-Intersection,Daylight,Rain,6:00pm-6:59pm,30,6:00pm-6:59pm,41,Not Applicable (Not Transported),Not Applicable (Not Transported),1,Daylight,Rain/Wind/Minor,1,0,['Driver'],['None_Used'],1,1,Valid,0.0,0.0,57.0,57.0,['Male'],0,0,3,4,3,Wet/Standing Water,Straight,Level,Lowest,No
15535,21,Kentucky,210336,1,1,1,0,1,HENDERSON,July,7,Friday,6,26,Rural,Medium Speed (Collector),No,37.83936944,-87.58851389,Non-Intersection,Daylight,Clear,6:00am-6:59am,27,6:00am-6:59am,31,Not Applicable (Not Transported),Not Applicable (Not Transported),1,Daylight,Clear,0,1,[],[],0,0,Valid,1.0,0.0,43.0,43.0,['Female'],0,0,4,2,4,Dry,Straight,Level,Lowest,No
15536,21,Kentucky,210337,0,2,2,0,3,LOUISVILLE,July,7,Friday,13,29,Urban,High Speed (Arterial),Yes,38.10418056,-85.89313889,Complex/Circle,Daylight,Clear,1:00pm-1:59pm,31,1:00pm-1:59pm,42,2:00pm-2:59pm,15,1,Daylight,Clear,1,2,['Driver'],['Shoulder_Lapbelt'],0,0,Valid,0.0,0.0,85.0,34.0,"['Male', 'Male']",0,0,2,4,5,Dry,Straight,Level,Lowest,No
15537,21,Kentucky,210338,0,1,1,0,2,LOUISVILLE,July,8,Saturday,17,57,Urban,High Speed (Arterial),Yes,38.11029167,-85.67277222,Non-Intersection,Daylight,Cloudy,5:00pm-5:59pm,58,6:00pm-6:59pm,11,6:00pm-6:59pm,37,1,Daylight,Reduced Visibility,1,1,['Front_Passenger'],['None_Used'],1,1,Valid,0.0,0.0,27.0,27.0,['Male'],2,0,3,4,3,Dry,Curve,Grade/Hillcrest,Lowest,No
15538,21,Kentucky,210339,0,2,2,0,3,NOT APPLICABLE,July,9,Sunday,10,56,Rural,High Speed (Arterial),Yes,36.79296944,-86.47515278,Non-Intersection,Daylight,Cloudy,10:00am-10:59am,57,11:00am-11:59am,11,Not Applicable (Not Transported),Not Applicable (Not Transported),2,Daylight,Reduced Visibility,2,1,"['Driver', 'Front_Passenger']","['Shoulder_Lapbelt', 'Shoulder_Lapbelt']",0,0,Valid,0.0,0.0,62.0,36.0,"['Male', 'Male']",0,0,4,4,5,Wet/Standing Water,Straight,Level,Lowest,No
15539,21,Kentucky,210340,0,2,2,0,2,PHELPS,July,5,Wednesday,10,55,Rural,Medium Speed (Collector),No,37.51838056,-82.15412778,Non-Intersection,Daylight,Clear,11:00am-11:59am,28,11:00am-11:59am,28,12:00pm-12:59pm,23,1,Daylight,Clear,1,1,['Driver'],['None_Used'],1,1,Valid,1.0,0.0,69.0,54.0,"['Male', 'Male']",0,0,4,4,5,Dry,Curve,Level,Lowest,No
15540,21,Kentucky,210341,0,2,2,0,2,LOUISVILLE,July,6,Thursday,17,23,Urban,Medium Speed (Collector),No,38.14354722,-85.65994722,Simple Junction,Daylight,Clear,5:00pm-5:59pm,23,5:00pm-5:59pm,29,6:00pm-6:59pm,2,1,Daylight,Clear,1,1,['Driver'],['Shoulder_Lapbelt'],0,0,Valid,0.0,0.0,24.0,17.0,"['Female', 'Male']",0,0,2,4,5,Dry,Straight,Grade/Hillcrest,Lowest,No
15541,21,Kentucky,210342,0,2,2,0,2,LITTCARR,July,10,Monday,2,52,Rural,High Speed (Arterial),Yes,37.22953889,-83.000475,Non-Intersection,Dark - Lighted,Clear,2:00am-2:59am,52,3:00am-3:59am,0,3:00am-3:59am,40,1,Dark - Lighted,Clear,1,1,['Driver'],['None_Used'],0,0,Valid,0.0,1.0,45.0,36.0,"['Male', 'Male']",0,0,5,4,5,Dry,Straight,Level,Lowest,No