,State_Code,State_Name,Crash_ID,Count_Non_Motorists,Count_Vehicles_Total,Count_Vehicle_Forms,Count_PVH_Involved,Count_Occupants_MV,City_Name,Month_Name,Day_of_Month,Day_of_Week,Crash_Hour,Crash_Minute,Area_Rural_Urban,Road_Functional_Class,On_NHS_Road,Latitude,Longitude,Intersection_Type,Light_Condition,Weather_Condition,Notif_Hour,Notif_Minute,Arrival_Hour,Arrival_Minute,Hospital_Hour,Hospital_Minute,Fatalities_Count,Clean_Light_Condition,Clean_Weather_Condition,Total_Killed,Total_Alive,Fatal_Seats_List,Killed_Restraint_List,Any_Driver_Drinking,Total_Drinking_Drivers,Driver_License_Category,Driver_Max_Prev_Accident_Count,Driver_Max_Prev_Speeding_Count,Max_Driver_Age,Min_Driver_Age,Driver_Sex_List,Total_Exceeding_Limit_Vehicles,Total_Too_Fast_Vehicles,Max_Vehicle_Type_Severity_5,Max_Vehicle_Damage_Rank,Max_Harmful_Event_Severity,Crash_Road_Surface_Condition,Crash_Horizontal_Alignment,Crash_Vertical_Profile,Crash_Impairment_Category,Crash_Vehicle_Defect
15542,21,Kentucky,210343,0,2,2,0,2,NOT APPLICABLE,July,10,Monday,17,54,Rural,Medium Speed (Collector),No,37.75273333,-85.84497222,Non-Intersection,Daylight,Clear,5:00pm-5:59pm,56,6:00pm-6:59pm,3,6:00pm-6:59pm,40,2,Daylight,Clear,2,0,"['Driver', 'Driver']","['Shoulder_Lapbelt', 'Shoulder_Lapbelt']",1,1,Valid,1.0,0.0,54.0,27.0,"['Male', 'Female']",0,0,3,4,5,Dry,Straight,Level,Lowest,No
15543,21,Kentucky,210344,1,1,1,0,1,CRESTWOOD,July,8,Saturday,0,38,Urban,Medium Speed (Collector),No,38.32136667,-85.47580556,Non-Intersection,Dark - Not Lighted,Clear,0:00am-0:59am,38,0:00am-0:59am,41,Not Applicable (Not Transported),Not Applicable (Not Transported),1,Dark - Unlighted,Clear,0,1,[],[],1,1,Invalid,0.0,0.0,25.0,25.0,['Male'],0,0,3,3,4,Dry,Straight,Grade/Hillcrest,Lowest,No
15544,21,Kentucky,210345,0,2,2,0,2,LOUISVILLE,July,12,Wednesday,17,8,Urban,Medium Speed (Collector),No,38.13612222,-85.69562778,Non-Intersection,Daylight,Clear,5:00pm-5:59pm,10,5:00pm-5:59pm,15,6:00pm-6:59pm,27,1,Daylight,Clear,1,1,['Driver'],['Shoulder_Lapbelt'],0,0,Valid,0.0,0.0,52.0,27.0,"['Female', 'Male']",0,0,3,4,5,Dry,Straight,Level,Lowest,No
15545,21,Kentucky,210346,0,2,2,0,4,NOT APPLICABLE,July,14,Friday,17,16,Rural,Low Speed (Local),No,38.50696389,-84.58191944,Non-Intersection,Daylight,Clear,5:00pm-5:59pm,19,5:00pm-5:59pm,45,6:00pm-6:59pm,6,1,Daylight,Clear,1,3,['Driver'],['None_Used'],0,0,Invalid,0.0,2.0,42.0,35.0,"['Male', 'Female']",0,0,5,4,5,Dry,Curve,Grade/Hillcrest,Lowest,No
15546,21,Kentucky,210347,1,1,1,0,1,NOT APPLICABLE,July,14,Friday,21,56,Rural,Medium Speed (Collector),No,38.14649167,-84.95252778,Non-Intersection,Dark - Not Lighted,Clear,9:00pm-9:59pm,58,10:00pm-10:59pm,5,Not Applicable (Not Transported),Not Applicable (Not Transported),1,Dark - Unlighted,Clear,0,1,[],[],0,0,Invalid,0.0,0.0,998.0,998.0,['Other'],0,0,1,4,4,Dry,Straight,Level,Lowest,No
15547,21,Kentucky,210348,0,2,2,0,5,JEFFERSONTOWN,July,14,Friday,22,15,Urban,High Speed (Arterial),Yes,38.20506111,-85.57947222,Non-Intersection,Dark - Lighted,Clear,10:00pm-10:59pm,17,10:00pm-10:59pm,23,11:00pm-11:59pm,20,1,Dark - Lighted,Clear,1,4,['Driver'],['None_Used'],1,1,Valid,0.0,0.0,58.0,44.0,"['Female', 'Male']",1,0,5,4,5,Dry,Straight,Level,Lowest,No
15548,21,Kentucky,210349,0,2,2,0,2,NOT APPLICABLE,July,16,Sunday,0,15,Urban,High Speed (Arterial),Yes,38.92239722,-84.62991944,Non-Intersection,Dark - Lighted,Clear,0:00am-0:59am,15,0:00am-0:59am,24,1:00am-1:59am,54,1,Dark - Lighted,Clear,1,1,['Driver'],['Shoulder_Lapbelt'],0,0,Valid,0.0,0.0,36.0,18.0,"['Male', 'Female']",0,0,3,4,5,Dry,Straight,Grade/Hillcrest,Lowest,Yes
15549,21,Kentucky,210350,0,2,2,0,2,FLORENCE,July,16,Sunday,10,17,Urban,Medium Speed (Collector),No,38.99301111,-84.63481667,Non-Intersection,Daylight,Clear,10:00am-10:59am,17,10:00am-10:59am,22,10:00am-10:59am,38,1,Daylight,Clear,1,1,['Driver'],['Shoulder_Lapbelt'],0,0,Valid,0.0,0.0,71.0,34.0,"['Female', 'Female']",0,0,2,4,5,Dry,Straight,Level,Lowest,No
15550,21,Kentucky,210351,0,1,1,0,2,SILERVILLE,July,16,Sunday,21,57,Rural,Medium Speed (Collector),No,36.63009444,-84.461875,Non-Intersection,Dark - Not Lighted,Clear,9:00pm-9:59pm,29,9:00pm-9:59pm,40,10:00pm-10:59pm,16,1,Dark - Unlighted,Clear,1,1,['Driver'],['Shoulder_Lapbelt'],1,1,Invalid,1.0,0.0,45.0,45.0,['Male'],0,0,2,4,3,Dry,Straight,Grade/Hillcrest,Lowest,No
15551,21,Kentucky,210352,1,1,1,0,1,LEXINGTON-FAYETTE,July,16,Sunday,23,2,Urban,High Speed (Arterial),Yes,38.07731667,-84.49390833,Complex/Circle,Dark - Lighted,Clear,0:00am-0:59am,0,0:00am-0:59am,0,Not Applicable (Not Transported),Not Applicable (Not Transported),1,Dark - Lighted,Clear,0,1,[],[],0,0,Valid,0.0,0.0,71.0,71.0,['Male'],0,0,4,2,4,Dry,Straight,Grade/Hillcrest,Lowest,No
15552,21,Kentucky,210353,0,1,1,0,1,NOT APPLICABLE,July,10,Monday,20,53,Rural,Medium Speed (Collector),No,38.04251389,-83.89553333,Non-Intersection,Dusk,Clear,8:00pm-8:59pm,53,9:00pm-9:59pm,0,9:00pm-9:59pm,53,1,Twilight,Clear,1,0,['Driver'],['None_Used'],0,0,Valid,0.0,0.0,46.0,46.0,['Male'],0,0,5,4,2,Dry,Curve,Level,Lowest,No
15553,21,Kentucky,210354,0,2,2,0,2,NOT APPLICABLE,July,18,Tuesday,8,6,Rural,Medium Speed (Collector),No,36.99469444,-88.63049167,Non-Intersection,Daylight,Clear,8:00am-8:59am,8,8:00am-8:59am,17,Not Applicable (Not Transported),Not Applicable (Not Transported),1,Daylight,Clear,1,1,['Driver'],['None_Used'],0,0,Valid,0.0,0.0,59.0,32.0,"['Male', 'Male']",0,0,5,4,5,Dry,Straight,Grade/Hillcrest,Lowest,No
15554,21,Kentucky,210355,0,1,1,0,1,NOT APPLICABLE,July,17,Monday,21,19,Rural,Medium Speed (Collector),No,37.421025,-84.00050833,Non-Intersection,Dark - Not Lighted,Clear,9:00pm-9:59pm,21,9:00pm-9:59pm,25,Not Applicable (Not Transported),Not Applicable (Not Transported),1,Dark - Unlighted,Clear,1,0,['Driver'],['None_Used'],1,1,Valid,0.0,0.0,78.0,78.0,['Male'],0,0,3,4,3,Dry,Curve,Grade/Hillcrest,Lowest,No
15555,21,Kentucky,210356,0,1,1,0,1,LOUISVILLE,July,21,Friday,1,33,Urban,Low Speed (Local),No,38.26123611,-85.72349722,Non-Intersection,Dark - Not Lighted,Clear,1:00am-1:59am,33,1:00am-1:59am,44,Not Applicable (Not Transported),Not Applicable (Not Transported),1,Dark - Unlighted,Clear,1,0,['Driver'],['None_Used'],1,1,Valid,0.0,0.0,20.0,20.0,['Male'],1,0,2,4,2,Dry,Straight,Grade/Hillcrest,Lowest,No
15556,21,Kentucky,210357,0,1,1,0,1,NOT APPLICABLE,July,21,Friday,17,11,Rural,Medium Speed (Collector),No,36.99544444,-87.853075,Non-Intersection,Daylight,Clear,4:00pm-4:59pm,27,4:00pm-4:59pm,43,5:00pm-5:59pm,7,1,Daylight,Clear,1,0,['Driver'],['None_Used'],0,0,Valid,1.0,0.0,80.0,80.0,['Male'],0,0,3,4,3,Dry,Straight,Level,Lowest,No
15557,21,Kentucky,210358,0,2,2,0,2,LEXINGTON-FAYETTE,July,21,Friday,2,55,Urban,High Speed (Arterial),Yes,38.01302778,-84.45898889,Non-Intersection,Dark - Lighted,Cloudy,2:00am-2:59am,55,3:00am-3:59am,0,Not Applicable (Not Transported),Not Applicable (Not Transported),1,Dark - Lighted,Reduced Visibility,1,1,['Driver'],['Shoulder_Lapbelt'],1,1,Invalid,1.0,2.0,29.0,25.0,"['Male', 'Male']",1,0,4,4,5,Dry,Straight,Level,Lowest,No
15558,21,Kentucky,210359,0,1,1,0,6,HAROLD,July,23,Sunday,2,25,Rural,Medium Speed (Collector),No,37.49606111,-82.65706389,Non-Intersection,Dark - Not Lighted,Clear,2:00am-2:59am,18,2:00am-2:59am,36,2:00am-2:59am,36,2,Dark - Unlighted,Clear,2,4,"['Rear_Seat', 'Rear_Seat']","['None_Used', 'None_Used']",1,1,Valid,1.0,0.0,20.0,20.0,['Male'],0,0,3,4,2,Dry,Curve,Grade/Hillcrest,Lowest,No
15559,21,Kentucky,210360,0,2,2,0,2,COLDIRON,July,23,Sunday,23,29,Rural,High Speed (Arterial),Yes,36.83188333,-83.4621,Non-Intersection,Dark - Not Lighted,Clear,11:00pm-11:59pm,27,11:00pm-11:59pm,42,Not Applicable (Not Transported),Not Applicable (Not Transported),1,Dark - Unlighted,Clear,1,1,['Driver'],['None_Used'],0,0,Invalid,0.0,0.0,68.0,59.0,"['Female', 'Male']",0,0,4,4,5,Dry,Curve,Level,Lowest,No
15560,21,Kentucky,210361,0,1,1,0,2,TOPMOST,July,25,Tuesday,16,45,Rural,Medium Speed (Collector),No,37.37516944,-82.78509167,Non-Intersection,Daylight,Clear,4:00pm-4:59pm,56,5:00pm-5:59pm,32,5:00pm-5:59pm,49,1,Daylight,Clear,1,1,['Non_Standard_Risk'],['None_Used'],0,0,Valid,0.0,0.0,46.0,46.0,['Male'],0,0,5,2,3,Dry,Curve,Level,Lowest,No
15561,21,Kentucky,210362,0,1,1,0,1,LOUISVILLE,July,21,Friday,12,24,Rural,Medium Speed (Collector),No,38.12981111,-85.46909444,Non-Intersection,Daylight,Clear,12:00pm-12:59pm,24,12:00pm-12:59pm,48,1:00pm-1:59pm,37,1,Daylight,Clear,1,0,['Driver'],['None_Used'],0,0,Valid,0.0,0.0,78.0,78.0,['Male'],0,0,3,4,3,Dry,Curve,Grade/Hillcrest,Lowest,No
15562,21,Kentucky,210363,1,1,1,0,1,LOUISVILLE,July,23,Sunday,2,51,Urban,High Speed (Arterial),Yes,38.25713611,-85.72018611,Simple Junction,Dark - Not Lighted,Clear,2:00am-2:59am,53,3:00am-3:59am,0,Not Applicable (Not Transported),Not Applicable (Not Transported),1,Dark - Unlighted,Clear,0,0,[],[],0,0,Invalid,0.0,0.0,998.0,998.0,['Other'],0,0,2,2,4,Dry,Straight,Level,Lowest,No
15563,21,Kentucky,210364,0,2,2,0,3,LOUISVILLE,July,26,Wednesday,16,28,Urban,High Speed (Arterial),Yes,38.07545278,-85.88447222,Complex/Circle,Daylight,Cloudy,4:00pm-4:59pm,33,4:00pm-4:59pm,46,5:00pm-5:59pm,13,2,Daylight,Reduced Visibility,2,1,"['Driver', 'Front_Passenger']","['Shoulder_Lapbelt', 'Shoulder_Lapbelt']",0,0,Valid,0.0,0.0,54.0,49.0,"['Male', 'Male']",0,0,3,4,5,Dry,Straight,Level,Lowest,No
15564,21,Kentucky,210365,0,1,1,0,1,LEXINGTON-FAYETTE,July,26,Wednesday,16,40,Rural,Medium Speed (Collector),No,38.11184444,-84.45196667,Non-Intersection,Daylight,Clear,4:00pm-4:59pm,50,4:00pm-4:59pm,54,Not Applicable (Not Transported),Not Applicable (Not Transported),1,Daylight,Clear,1,0,['Driver'],['None_Used'],1,1,Invalid,1.0,1.0,29.0,29.0,['Male'],0,0,2,4,3,Dry,Straight,Level,Lowest,No
15565,21,Kentucky,210366,0,2,2,0,6,NOT APPLICABLE,July,1,Saturday,11,40,Rural,High Speed (Arterial),Yes,36.82718889,-87.22066944,Complex/Circle,Daylight,Cloudy,11:00am-11:59am,40,12:00pm-12:59pm,2,1:00pm-1:59pm,0,1,Daylight,Reduced Visibility,1,5,['Rear_Seat'],['None_Used'],0,0,Valid,0.0,0.0,56.0,33.0,"['Male', 'Male']",0,0,3,4,5,Dry,Straight,Level,Lowest,No
15566,21,Kentucky,210367,0,1,1,0,2,NOT APPLICABLE,July,3,Monday,17,49,Rural,High Speed (Arterial),Yes,37.23284722,-87.30348333,Non-Intersection,Daylight,Clear,5:00pm-5:59pm,53,6:00pm-6:59pm,5,7:00pm-7:59pm,30,1,Daylight,Clear,1,1,['Rear_Seat'],['Child_Safety'],0,0,Valid,0.0,0.0,40.0,40.0,['Male'],0,0,2,4,3,Dry,Straight,Grade/Hillcrest,Lowest,No
15567,21,Kentucky,210368,0,1,1,0,4,NOT APPLICABLE,July,3,Monday,23,0,Rural,Medium Speed (Collector),No,37.869625,-83.53121389,Non-Intersection,Dark - Not Lighted,Rain,10:00pm-10:59pm,56,11:00pm-11:59pm,36,0:00am-0:59am,35,1,Dark - Unlighted,Rain/Wind/Minor,1,3,['Driver'],['None_Used'],0,0,Valid,0.0,3.0,26.0,26.0,['Male'],4,0,3,4,3,Wet/Standing Water,Curve,Grade/Hillcrest,Lowest,No
15568,21,Kentucky,210369,0,2,2,0,3,ELIZABETHTOWN,July,4,Tuesday,14,5,Urban,High Speed (Arterial),Yes,37.75804444,-85.89825278,Non-Intersection,Daylight,Clear,2:00pm-2:59pm,3,2:00pm-2:59pm,8,2:00pm-2:59pm,57,1,Daylight,Clear,1,2,['Driver'],['None_Used'],0,0,Valid,0.0,0.0,62.0,33.0,"['Male', 'Female']",0,0,5,4,5,Dry,Straight,Level,Lowest,No
15569,21,Kentucky,210370,0,2,2,0,3,NOT APPLICABLE,July,7,Friday,9,29,Rural,Medium Speed (Collector),No,37.1117,-85.74131944,Complex/Circle,Daylight,Cloudy,9:00am-9:59am,28,9:00am-9:59am,44,10:00am-10:59am,36,1,Daylight,Reduced Visibility,1,2,['Front_Passenger'],['Shoulder_Lapbelt'],0,0,Valid,1.0,0.0,66.0,47.0,"['Male', 'Female']",0,0,3,4,5,Dry,Straight,Level,Lowest,No
15570,21,Kentucky,210371,1,1,1,0,2,NICHOLASVILLE,July,8,Saturday,21,58,Rural,High Speed (Arterial),No,37.89501667,-84.56680833,Non-Intersection,Dark - Not Lighted,Clear,10:00pm-10:59pm,1,10:00pm-10:59pm,2,10:00pm-10:59pm,30,1,Dark - Unlighted,Clear,0,2,[],[],0,0,Invalid,1.0,0.0,27.0,27.0,['Female'],0,0,3,3,4,Dry,Straight,Level,Lowest,Yes
15571,21,Kentucky,210372,0,3,3,0,5,NOT APPLICABLE,July,10,Monday,13,54,Rural,Medium Speed (Collector),No,36.80205,-86.14008333,Non-Intersection,Daylight,Clear,1:00pm-1:59pm,56,2:00pm-2:59pm,0,2:00pm-2:59pm,0,2,Daylight,Clear,2,3,"['Front_Passenger', 'Rear_Seat']","['Shoulder_Lapbelt', 'Shoulder_Lapbelt']",1,1,Valid,2.0,1.0,60.0,31.0,"['Female', 'Female', 'Male']",1,0,4,4,5,Dry,Straight,Grade/Hillcrest,Lowest,No
15572,21,Kentucky,210373,0,2,2,0,3,LOUISVILLE,July,11,Tuesday,13,31,Urban,Medium Speed (Collector),No,38.13060833,-85.73399167,Simple Junction,Daylight,Clear,1:00pm-1:59pm,32,1:00pm-1:59pm,39,1:00pm-1:59pm,51,1,Daylight,Clear,1,2,['Driver'],['Shoulder_Lapbelt'],0,0,Valid,1.0,0.0,60.0,51.0,"['Male', 'Female']",2,0,3,4,5,Dry,Straight,Grade/Hillcrest,Lowest,No
15573,21,Kentucky,210374,0,1,1,0,1,NOT APPLICABLE,July,12,Wednesday,7,12,Rural,Low Speed (Local),No,38.31272778,-82.86739444,Non-Intersection,Dawn,Clear,7:00am-7:59am,14,7:00am-7:59am,22,Not Applicable (Not Transported),Not Applicable (Not Transported),1,Twilight,Clear,1,0,['Driver'],['None_Used'],0,0,Invalid,0.0,0.0,52.0,52.0,['Female'],1,0,2,4,3,Dry,Curve,Grade/Hillcrest,Lowest,No
15574,21,Kentucky,210375,0,1,1,0,2,ELIZABETHTOWN,July,13,Thursday,1,31,Urban,Low Speed (Local),No,37.69573056,-85.85554722,Complex/Circle,Dark - Not Lighted,Clear,1:00am-1:59am,35,1:00am-1:59am,42,2:00am-2:59am,41,1,Dark - Unlighted,Clear,1,1,['Front_Passenger'],['None_Used'],1,1,Valid,0.0,0.0,49.0,49.0,['Male'],0,0,2,4,3,Dry,Curve,Level,Lowest,No
15575,21,Kentucky,210376,0,2,2,0,3,FORT THOMAS,July,14,Friday,9,33,Urban,High Speed (Arterial),Yes,39.07136667,-84.46308889,Non-Intersection,Daylight,Clear,9:00am-9:59am,31,9:00am-9:59am,39,10:00am-10:59am,0,1,Daylight,Clear,1,1,['Driver'],['Shoulder_Lapbelt'],0,0,Invalid,0.0,0.0,998.0,66.0,"['Other', 'Female']",0,0,3,4,5,Dry,Curve,Level,Lowest,Yes
15576,21,Kentucky,210377,0,1,1,0,2,ELIZABETHTOWN,June,21,Wednesday,7,29,Rural,High Speed (Arterial),Yes,37.76896667,-85.78991667,Non-Intersection,Daylight,Rain,7:00am-7:59am,53,7:00am-7:59am,53,8:00am-8:59am,27,1,Daylight,Rain/Wind/Minor,1,1,['Front_Passenger'],['None_Used'],0,0,Valid,1.0,0.0,19.0,19.0,['Male'],0,0,3,4,3,Wet/Standing Water,Straight,Level,Lowest,No
15577,21,Kentucky,210378,0,1,1,0,1,MIDDLETOWN,July,17,Monday,1,4,Urban,High Speed (Arterial),Yes,38.24365278,-85.52073611,Non-Intersection,Dark - Not Lighted,Cloudy,1:00am-1:59am,7,1:00am-1:59am,12,Not Applicable (Not Transported),Not Applicable (Not Transported),1,Dark - Unlighted,Reduced Visibility,1,0,['Driver'],['None_Used'],1,1,Valid,0.0,0.0,49.0,49.0,['Male'],0,0,3,4,3,Dry,Curve,Level,Lowest,No
15578,21,Kentucky,210379,0,2,2,0,2,LOUISVILLE,July,27,Thursday,1,38,Urban,High Speed (Arterial),Yes,38.16540278,-85.87856944,Simple Junction,Dark - Not Lighted,Clear,1:00am-1:59am,38,1:00am-1:59am,47,Not Applicable (Not Transported),Not Applicable (Not Transported),1,Dark - Unlighted,Clear,1,1,['Driver'],['Shoulder_Lapbelt'],0,0,Valid,2.0,0.0,46.0,36.0,"['Male', 'Male']",0,0,4,4,5,Dry,Straight,Level,Lowest,No
15579,21,Kentucky,210380,0,2,2,0,2,LOUISVILLE,July,27,Thursday,2,39,Urban,High Speed (Arterial),No,38.04012222,-85.90598056,Non-Intersection,Dark - Not Lighted,Clear,2:00am-2:59am,41,2:00am-2:59am,50,3:00am-3:59am,24,1,Dark - Unlighted,Clear,1,1,['Driver'],['Shoulder_Lapbelt'],0,0,Valid,1.0,0.0,32.0,24.0,"['Male', 'Male']",1,0,4,4,5,Dry,Straight,Level,Lowest,No
15580,21,Kentucky,210381,1,1,1,0,1,LEXINGTON-FAYETTE,July,26,Wednesday,0,57,Urban,High Speed (Arterial),Yes,38.00108611,-84.52011667,Non-Intersection,Dark - Lighted,Cloudy,0:00am-0:59am,58,1:00am-1:59am,3,1:00am-1:59am,19,1,Dark - Lighted,Reduced Visibility,0,1,[],[],0,0,Invalid,0.0,2.0,41.0,41.0,['Male'],0,0,2,2,4,Dry,Straight,Grade/Hillcrest,Lowest,No
15581,21,Kentucky,210383,0,1,1,0,1,LOUISVILLE,July,30,Sunday,2,21,Urban,High Speed (Arterial),Yes,38.25015278,-85.80702222,Non-Intersection,Dark - Lighted,Clear,2:00am-2:59am,30,2:00am-2:59am,36,3:00am-3:59am,11,1,Dark - Lighted,Clear,1,0,['Driver'],['None_Used'],1,1,Valid,0.0,0.0,44.0,44.0,['Female'],0,0,3,4,3,Dry,Straight,Grade/Hillcrest,Lowest,No
15582,21,Kentucky,210384,0,2,2,0,2,LOUISVILLE,July,26,Wednesday,1,33,Urban,High Speed (Arterial),Yes,38.188125,-85.82916944,Non-Intersection,Dark - Lighted,Cloudy,1:00am-1:59am,31,1:00am-1:59am,39,Not Applicable (Not Transported),Not Applicable (Not Transported),2,Dark - Lighted,Reduced Visibility,2,0,"['Driver', 'Driver']","['None_Used', 'Shoulder_Lapbelt']",1,1,Invalid,0.0,0.0,31.0,26.0,"['Male', 'Male']",0,0,3,4,5,Dry,Curve,Level,Lowest,No
15583,21,Kentucky,210385,0,2,2,0,4,LEBANON,July,31,Monday,12,48,Rural,High Speed (Arterial),Yes,37.58544167,-85.26449167,Complex/Circle,Daylight,Clear,12:00pm-12:59pm,43,12:00pm-12:59pm,49,12:00pm-12:59pm,57,2,Daylight,Clear,2,2,"['Driver', 'Rear_Seat']","['Shoulder_Lapbelt', 'None_Used']",0,0,Valid,0.0,0.0,58.0,40.0,"['Male', 'Male']",0,0,4,4,5,Dry,Curve,Level,Lowest,No
15584,21,Kentucky,210386,0,1,1,0,2,NOT APPLICABLE,July,12,Wednesday,20,21,Rural,Medium Speed (Collector),No,37.65722778,-85.03813889,Non-Intersection,Daylight,Clear,8:00pm-8:59pm,22,8:00pm-8:59pm,38,9:00pm-9:59pm,15,1,Daylight,Clear,1,1,['Driver'],['None_Used'],0,0,Invalid,0.0,0.0,27.0,27.0,['Male'],0,0,2,4,3,Dry,Curve,Grade/Hillcrest,Lowest,No
15585,21,Kentucky,210387,0,1,1,0,4,NOT APPLICABLE,July,26,Wednesday,17,32,Rural,Medium Speed (Collector),No,36.75741111,-84.73272778,Non-Intersection,Daylight,Clear,5:00pm-5:59pm,35,6:00pm-6:59pm,6,7:00pm-7:59pm,37,1,Daylight,Clear,1,3,['Front_Passenger'],['Shoulder_Lapbelt'],0,0,Valid,0.0,0.0,33.0,33.0,['Female'],0,0,3,4,3,Dry,Curve,Level,Medium,No
15586,21,Kentucky,210388,0,2,2,0,6,LOUISVILLE,June,18,Sunday,22,10,Urban,Medium Speed (Collector),No,38.3126,-85.56741389,Simple Junction,Dark - Lighted,Clear,10:00pm-10:59pm,20,10:00pm-10:59pm,21,10:00pm-10:59pm,45,1,Dark - Lighted,Clear,1,5,['Driver'],['Shoulder_Lapbelt'],0,0,Valid,0.0,2.0,70.0,33.0,"['Male', 'Female']",0,0,3,4,5,Dry,Straight,Level,Medium,No
15587,21,Kentucky,210389,0,1,1,0,1,NOT APPLICABLE,June,23,Friday,20,15,Rural,High Speed (Arterial),Yes,37.89126944,-83.95853889,Non-Intersection,Daylight,Clear,8:00pm-8:59pm,15,8:00pm-8:59pm,26,8:00pm-8:59pm,58,1,Daylight,Clear,1,0,['Driver'],['Shoulder_Lapbelt'],0,0,Valid,0.0,1.0,80.0,80.0,['Female'],0,0,2,4,3,Dry,Straight,Level,Lowest,No
15588,21,Kentucky,210391,0,1,1,0,1,NOT APPLICABLE,July,13,Thursday,15,38,Rural,Low Speed (Local),No,37.31620833,-84.07572222,Non-Intersection,Daylight,Clear,3:00pm-3:59pm,30,3:00pm-3:59pm,47,3:00pm-3:59pm,47,1,Daylight,Clear,1,0,['Driver'],['None_Used'],0,0,Invalid,0.0,0.0,48.0,48.0,['Male'],0,0,5,4,3,Dry,Curve,Level,Lowest,No
15589,21,Kentucky,210392,1,1,1,0,2,OWENSBORO,July,24,Monday,21,0,Urban,Low Speed (Local),No,37.77142778,-87.13249722,Complex/Circle,Dark - Not Lighted,Clear,9:00pm-9:59pm,4,9:00pm-9:59pm,9,9:00pm-9:59pm,20,1,Dark - Unlighted,Clear,0,2,[],[],0,0,Valid,0.0,0.0,22.0,22.0,['Male'],0,0,3,2,4,Dry,Straight,Level,Lowest,No
15590,21,Kentucky,210393,0,2,2,0,5,NOT APPLICABLE,June,10,Saturday,11,8,Rural,Low Speed (Local),No,37.92497222,-86.93533889,Non-Intersection,Daylight,Clear,11:00am-11:59am,9,11:00am-11:59am,16,12:00pm-12:59pm,5,1,Daylight,Clear,1,4,['Driver'],['Shoulder_Lapbelt'],0,0,Valid,0.0,2.0,68.0,28.0,"['Female', 'Male']",3,0,3,4,5,Dry,Straight,Level,Lowest,No
15591,21,Kentucky,210394,0,2,2,0,2,NOT APPLICABLE,June,19,Monday,19,59,Rural,Medium Speed (Collector),No,37.07955278,-88.06411667,Non-Intersection,Daylight,Cloudy,8:00pm-8:59pm,1,8:00pm-8:59pm,7,9:00pm-9:59pm,27,1,Daylight,Reduced Visibility,1,1,['Driver'],['None_Used'],0,0,Valid,0.0,0.0,50.0,17.0,"['Male', 'Male']",0,0,5,4,5,Wet/Standing Water,Curve,Grade/Hillcrest,Lowest,No
15592,21,Kentucky,210395,1,1,1,0,1,NOT APPLICABLE,July,15,Saturday,20,0,Rural,Medium Speed (Collector),No,37.46644444,-83.60693889,Non-Intersection,Dark - Not Lighted,Clear,8:00pm-8:59pm,12,8:00pm-8:59pm,16,Not Applicable (Not Transported),Not Applicable (Not Transported),1,Dark - Unlighted,Clear,0,1,[],[],0,0,Invalid,0.0,0.0,26.0,26.0,['Female'],0,0,2,2,4,Dry,Straight,Level,Lowest,No
15593,21,Kentucky,210396,0,2,2,0,5,ELKHORN CITY,July,22,Saturday,7,39,Rural,High Speed (Arterial),Yes,37.38455556,-82.43857222,Non-Intersection,Daylight,Clear,7:00am-7:59am,43,8:00am-8:59am,4,10:00am-10:59am,2,1,Daylight,Clear,1,4,['Driver'],['None_Used'],0,0,Valid,0.0,0.0,48.0,47.0,"['Male', 'Male']",0,0,3,4,5,Dry,Curve,Level,Medium,No
15594,21,Kentucky,210397,0,2,2,0,2,NOT APPLICABLE,July,30,Sunday,3,59,Rural,Medium Speed (Collector),No,37.96542222,-83.85828333,Non-Intersection,Dark - Not Lighted,Clear,4:00am-4:59am,2,4:00am-4:59am,8,Not Applicable (Not Transported),Not Applicable (Not Transported),1,Dark - Unlighted,Clear,1,1,['Driver'],['None_Used'],1,2,Valid,0.0,2.0,34.0,32.0,"['Male', 'Female']",0,0,5,4,5,Dry,Straight,Level,Lowest,Yes
15595,21,Kentucky,210398,0,2,2,0,2,ELIZABETHTOWN,July,26,Wednesday,8,44,Urban,Medium Speed (Collector),No,37.68776667,-85.85241944,Non-Intersection,Daylight,Clear,Not Applicable (Not Notified),Not Applicable (Not Notified),Not Applicable,Not Applicable,Not Applicable (Not Transported),Not Applicable (Not Transported),1,Daylight,Clear,1,1,['Driver'],['None_Used'],0,0,Valid,0.0,0.0,47.0,29.0,"['Female', 'Male']",0,0,4,4,5,Dry,Curve,Level,Lowest,No
15596,21,Kentucky,210399,0,2,2,0,2,NOT APPLICABLE,April,30,Sunday,22,50,Rural,Medium Speed (Collector),No,38.21923333,-85.31305278,Non-Intersection,Dark - Not Lighted,Rain,10:00pm-10:59pm,52,10:00pm-10:59pm,54,11:00pm-11:59pm,16,1,Dark - Unlighted,Rain/Wind/Minor,1,1,['Driver'],['None_Used'],0,0,Invalid,1.0,0.0,42.0,18.0,"['Male', 'Male']",0,0,5,4,5,Wet/Standing Water,Straight,Grade/Hillcrest,Lowest,No
15597,21,Kentucky,210400,0,2,2,0,2,NOT APPLICABLE,April,12,Wednesday,18,0,Rural,Medium Speed (Collector),No,38.26811667,-84.29703333,Non-Intersection,Daylight,Clear,6:00pm-6:59pm,1,6:00pm-6:59pm,13,6:00pm-6:59pm,49,1,Daylight,Clear,1,1,['Driver'],['Shoulder_Lapbelt'],0,0,Valid,0.0,0.0,86.0,64.0,"['Female', 'Female']",0,0,3,4,5,Dry,Straight,Level,Lowest,No
15598,21,Kentucky,210401,0,2,2,0,2,NOT APPLICABLE,February,19,Sunday,15,18,Rural,Low Speed (Local),No,37.64298611,-86.60948056,Non-Intersection,Daylight,Clear,3:00pm-3:59pm,19,3:00pm-3:59pm,37,4:00pm-4:59pm,46,1,Daylight,Clear,1,0,['Driver'],['None_Used'],0,0,Invalid,0.0,0.0,998.0,15.0,"['Female', 'Other']",0,0,5,2,5,Dry,Straight,Level,Lowest,No
15599,21,Kentucky,210402,0,1,1,0,2,NOT APPLICABLE,March,3,Friday,15,53,Rural,Medium Speed (Collector),No,37.05321944,-86.98853333,Non-Intersection,Daylight,Rain,3:00pm-3:59pm,53,4:00pm-4:59pm,10,5:00pm-5:59pm,6,1,Daylight,Rain/Wind/Minor,1,1,['Driver'],['Shoulder_Lapbelt'],0,0,Valid,0.0,0.0,62.0,62.0,['Male'],0,0,2,4,1,Dry,Straight,Level,Lowest,No
15600,21,Kentucky,210403,0,1,1,0,1,NOT APPLICABLE,June,21,Wednesday,22,57,Rural,Medium Speed (Collector),No,37.205575,-85.54532222,Non-Intersection,Dark - Not Lighted,Clear,10:00pm-10:59pm,59,11:00pm-11:59pm,24,Not Applicable (Not Transported),Not Applicable (Not Transported),1,Dark - Unlighted,Clear,1,0,['Driver'],['Shoulder_Lapbelt'],1,1,Valid,2.0,0.0,20.0,20.0,['Male'],0,0,2,4,3,Dry,Curve,Level,Lowest,No