,State_Code,State_Name,Crash_ID,Count_Non_Motorists,Count_Vehicles_Total,Count_Vehicle_Forms,Count_PVH_Involved,Count_Occupants_MV,City_Name,Month_Name,Day_of_Month,Day_of_Week,Crash_Hour,Crash_Minute,Area_Rural_Urban,Road_Functional_Class,On_NHS_Road,Latitude,Longitude,Intersection_Type,Light_Condition,Weather_Condition,Notif_Hour,Notif_Minute,Arrival_Hour,Arrival_Minute,Hospital_Hour,Hospital_Minute,Fatalities_Count,Clean_Light_Condition,Clean_Weather_Condition,Total_Killed,Total_Alive,Fatal_Seats_List,Killed_Restraint_List,Any_Driver_Drinking,Total_Drinking_Drivers,Driver_License_Category,Driver_Max_Prev_Accident_Count,Driver_Max_Prev_Speeding_Count,Max_Driver_Age,Min_Driver_Age,Driver_Sex_List,Total_Exceeding_Limit_Vehicles,Total_Too_Fast_Vehicles,Max_Vehicle_Type_Severity_5,Max_Vehicle_Damage_Rank,Max_Harmful_Event_Severity,Crash_Road_Surface_Condition,Crash_Horizontal_Alignment,Crash_Vertical_Profile,Crash_Impairment_Category,Crash_Vehicle_Defect
15601,21,Kentucky,210404,1,1,1,0,1,SHEPHERDSVILLE,July,19,Wednesday,14,23,Urban,Medium Speed (Collector),No,37.99876389,-85.69509722,Non-Intersection,Daylight,Clear,2:00pm-2:59pm,23,2:00pm-2:59pm,27,2:00pm-2:59pm,55,1,Daylight,Clear,0,1,[],[],0,0,Valid,0.0,0.0,59.0,59.0,['Female'],0,0,3,0,4,Dry,Straight,Level,Lowest,No
15602,21,Kentucky,210405,0,1,1,0,4,NOT APPLICABLE,August,1,Tuesday,14,59,Rural,Medium Speed (Collector),No,38.01555,-84.66943889,Non-Intersection,Daylight,Clear,2:00pm-2:59pm,59,3:00pm-3:59pm,8,3:00pm-3:59pm,53,1,Daylight,Clear,1,3,['Driver'],['Shoulder_Lapbelt'],0,0,Valid,1.0,0.0,38.0,38.0,['Female'],0,0,3,4,2,Dry,Straight,Level,Lowest,No
15603,21,Kentucky,210406,1,1,1,0,1,CALVERT CITY,August,1,Tuesday,5,39,Rural,Medium Speed (Collector),No,37.00754444,-88.3426,Non-Intersection,Dark - Unknown Lighting,Cloudy,5:00am-5:59am,39,5:00am-5:59am,45,Not Applicable (Not Transported),Not Applicable (Not Transported),1,Dark - Unlighted,Reduced Visibility,0,1,[],[],0,0,Valid,0.0,0.0,45.0,45.0,['Male'],0,0,3,0,4,Dry,Straight,Level,Lowest,No
15604,21,Kentucky,210407,0,1,1,0,4,NOT APPLICABLE,August,3,Thursday,16,4,Rural,Medium Speed (Collector),No,38.65506111,-83.88568333,Non-Intersection,Daylight,Clear,4:00pm-4:59pm,7,4:00pm-4:59pm,14,4:00pm-4:59pm,53,1,Daylight,Clear,1,3,['Driver'],['None_Used'],0,0,Valid,0.0,0.0,16.0,16.0,['Male'],0,0,3,4,3,Dry,Straight,Grade/Hillcrest,Lowest,Yes
15605,21,Kentucky,210408,0,1,1,0,1,GEORGETOWN,August,4,Friday,6,5,Rural,Medium Speed (Collector),No,38.26664167,-84.50890556,Non-Intersection,Dawn,"Fog, Smog, Smoke",6:00am-6:59am,8,6:00am-6:59am,15,Not Applicable (Not Transported),Not Applicable (Not Transported),1,Twilight,Reduced Visibility,1,0,['Driver'],['None_Used'],0,0,Valid,0.0,0.0,43.0,43.0,['Male'],0,0,5,4,3,Wet/Standing Water,Curve,Level,Lowest,No
15606,21,Kentucky,210409,0,2,2,0,3,NOT APPLICABLE,August,4,Friday,19,21,Rural,Medium Speed (Collector),No,36.89829722,-86.0088,Non-Intersection,Daylight,Clear,7:00pm-7:59pm,25,7:00pm-7:59pm,43,8:00pm-8:59pm,20,1,Daylight,Clear,1,2,['Driver'],['Shoulder_Lapbelt'],1,1,Valid,0.0,0.0,50.0,50.0,"['Male', 'Male']",1,0,3,4,5,Dry,Curve,Grade/Hillcrest,Lowest,No
15607,21,Kentucky,210410,0,2,2,0,5,NOT APPLICABLE,August,5,Saturday,14,33,Rural,Medium Speed (Collector),No,36.84349444,-84.22641111,Simple Junction,Daylight,Clear,2:00pm-2:59pm,9,2:00pm-2:59pm,19,2:00pm-2:59pm,52,1,Daylight,Clear,1,4,['Rear_Seat'],['None_Used'],0,0,Valid,0.0,0.0,68.0,52.0,"['Male', 'Female']",0,0,3,4,5,Dry,Straight,Level,Lowest,No
15608,21,Kentucky,210411,0,1,1,0,1,NOT APPLICABLE,August,5,Saturday,21,16,Rural,Medium Speed (Collector),No,38.63555,-83.71443611,Non-Intersection,Dark - Unknown Lighting,Clear,9:00pm-9:59pm,18,9:00pm-9:59pm,22,Not Applicable (Not Transported),Not Applicable (Not Transported),1,Dark - Unlighted,Clear,1,0,['Driver'],['None_Used'],1,1,Invalid,0.0,0.0,62.0,62.0,['Male'],0,0,5,4,2,Dry,Curve,Grade/Hillcrest,Lowest,No
15609,21,Kentucky,210412,0,1,1,0,1,LOUISVILLE,August,6,Sunday,11,21,Urban,High Speed (Arterial),Yes,38.11971667,-85.78293889,Non-Intersection,Daylight,Clear,11:00am-11:59am,21,11:00am-11:59am,44,11:00am-11:59am,44,1,Daylight,Clear,1,0,['Driver'],['None_Used'],0,0,Invalid,0.0,0.0,29.0,29.0,['Male'],1,0,2,4,3,Dry,Straight,Level,Lowest,No
15610,21,Kentucky,210413,1,1,1,0,1,LEXINGTON-FAYETTE,August,2,Wednesday,20,1,Rural,High Speed (Arterial),Yes,37.88605833,-84.34259722,Non-Intersection,Dusk,Clear,8:00pm-8:59pm,2,8:00pm-8:59pm,13,8:00pm-8:59pm,44,1,Twilight,Clear,0,1,[],[],0,0,Invalid,0.0,0.0,21.0,21.0,['Female'],0,0,3,4,4,Dry,Straight,Level,Lowest,Yes
15611,21,Kentucky,210414,0,1,1,0,1,LOUISVILLE,August,7,Monday,1,29,Urban,Low Speed (Local),No,38.28642778,-85.49831944,Non-Intersection,Dark - Not Lighted,Cloudy,1:00am-1:59am,27,1:00am-1:59am,31,Not Applicable (Not Transported),Not Applicable (Not Transported),1,Dark - Unlighted,Reduced Visibility,1,0,['Driver'],['None_Used'],0,0,Valid,0.0,0.0,24.0,24.0,['Female'],0,0,3,4,3,Dry,Straight,Level,Lowest,No
15612,21,Kentucky,210415,0,2,2,0,2,LEXINGTON-FAYETTE,August,7,Monday,15,24,Urban,High Speed (Arterial),Yes,38.09312222,-84.48725278,Non-Intersection,Daylight,Clear,3:00pm-3:59pm,26,3:00pm-3:59pm,33,3:00pm-3:59pm,50,1,Daylight,Clear,1,1,['Driver'],['Shoulder_Lapbelt'],0,0,Valid,0.0,2.0,63.0,42.0,"['Male', 'Female']",0,0,4,4,5,Dry,Straight,Level,Lowest,No
15613,21,Kentucky,210416,0,2,2,0,2,NOT APPLICABLE,August,8,Tuesday,9,6,Rural,Medium Speed (Collector),No,37.13024444,-86.33168611,Simple Junction,Daylight,Clear,8:00am-8:59am,45,9:00am-9:59am,2,Not Applicable (Not Transported),Not Applicable (Not Transported),1,Daylight,Clear,1,1,['Driver'],['None_Used'],0,0,Valid,1.0,0.0,43.0,19.0,"['Female', 'Female']",0,0,2,4,5,Dry,Curve,Grade/Hillcrest,Lowest,No
15614,21,Kentucky,210417,1,1,1,0,1,ERLANGER,August,7,Monday,6,26,Urban,Medium Speed (Collector),No,39.038125,-84.60550278,Non-Intersection,Dark - Not Lighted,Rain,6:00am-6:59am,29,6:00am-6:59am,34,7:00am-7:59am,3,1,Dark - Unlighted,Rain/Wind/Minor,0,1,[],[],0,0,Valid,0.0,0.0,26.0,26.0,['Male'],0,0,3,2,4,Wet/Standing Water,Curve,Level,Lowest,No
15615,21,Kentucky,210418,0,2,2,0,2,NOT APPLICABLE,August,9,Wednesday,15,3,Rural,High Speed (Arterial),Yes,37.15516944,-87.77739722,Non-Intersection,Daylight,Rain,3:00pm-3:59pm,5,3:00pm-3:59pm,11,Not Applicable (Not Transported),Not Applicable (Not Transported),1,Daylight,Rain/Wind/Minor,1,1,['Driver'],['None_Used'],0,0,Valid,0.0,1.0,60.0,23.0,"['Male', 'Male']",0,0,4,4,5,Wet/Standing Water,Straight,Grade/Hillcrest,Lowest,Yes
15616,21,Kentucky,210419,0,2,2,0,2,NOT APPLICABLE,August,8,Tuesday,14,54,Rural,Medium Speed (Collector),No,37.08373333,-83.97086389,Non-Intersection,Daylight,Clear,2:00pm-2:59pm,59,2:00pm-2:59pm,59,Not Applicable (Not Transported),Not Applicable (Not Transported),2,Daylight,Clear,2,0,"['Driver', 'Driver']","['Shoulder_Lapbelt', 'Shoulder_Lapbelt']",0,0,Valid,0.0,0.0,30.0,30.0,"['Female', 'Male']",1,0,2,4,5,Dry,Straight,Grade/Hillcrest,Lowest,No
15617,21,Kentucky,210420,0,2,2,0,3,LOUISVILLE,August,11,Friday,12,21,Urban,Medium Speed (Collector),No,38.15278889,-85.81747778,Non-Intersection,Daylight,Clear,12:00pm-12:59pm,23,12:00pm-12:59pm,35,1:00pm-1:59pm,18,1,Daylight,Clear,1,2,['Driver'],['None_Used'],0,0,Valid,0.0,1.0,64.0,34.0,"['Female', 'Male']",0,0,3,4,5,Dry,Curve,Level,Lowest,No
15618,21,Kentucky,210421,0,1,1,0,1,NOT APPLICABLE,August,11,Friday,13,4,Urban,Medium Speed (Collector),No,37.71892778,-85.81890556,Non-Intersection,Daylight,Clear,1:00pm-1:59pm,5,1:00pm-1:59pm,14,Not Applicable (Not Transported),Not Applicable (Not Transported),1,Daylight,Clear,1,0,['Driver'],['None_Used'],0,0,Valid,0.0,0.0,29.0,29.0,['Male'],0,0,5,4,3,Dry,Curve,Grade/Hillcrest,Lowest,No
15619,21,Kentucky,210422,0,2,2,0,3,GRAY,August,11,Friday,17,24,Urban,High Speed (Arterial),Yes,36.94655,-84.00042778,Non-Intersection,Daylight,Clear,Not Applicable (Not Notified),Not Applicable (Not Notified),Not Applicable,Not Applicable,Not Applicable (Not Transported),Not Applicable (Not Transported),2,Daylight,Clear,2,1,"['Driver', 'Front_Passenger']","['Shoulder_Lapbelt', 'Shoulder_Lapbelt']",1,1,Valid,0.0,0.0,65.0,43.0,"['Male', 'Female']",2,0,3,4,5,Dry,Straight,Grade/Hillcrest,Lowest,No
15620,21,Kentucky,210423,0,2,2,0,5,RUSH,August,11,Friday,20,52,Rural,Low Speed (Local),No,38.37065556,-82.76111111,Non-Intersection,Dusk,Clear,8:00pm-8:59pm,37,8:00pm-8:59pm,48,9:00pm-9:59pm,33,1,Twilight,Clear,1,4,['Rear_Seat'],['None_Used'],1,1,Valid,0.0,0.0,56.0,27.0,"['Female', 'Male']",0,0,5,4,5,Dry,Curve,Level,Lowest,No
15621,21,Kentucky,210424,0,1,1,0,2,NOT APPLICABLE,August,12,Saturday,20,42,Rural,Medium Speed (Collector),No,37.65662222,-83.81407778,Non-Intersection,Dark - Not Lighted,Cloudy,8:00pm-8:59pm,46,8:00pm-8:59pm,52,Not Applicable (Not Transported),Not Applicable (Not Transported),2,Dark - Unlighted,Reduced Visibility,2,0,"['Driver', 'Front_Passenger']","['None_Used', 'None_Used']",1,1,Invalid,0.0,0.0,39.0,39.0,['Male'],0,0,3,4,2,Dry,Curve,Level,Lowest,No
15622,21,Kentucky,210425,0,1,1,0,1,PILGRIM,August,13,Sunday,4,51,Rural,Medium Speed (Collector),No,37.7869,-82.41948611,Non-Intersection,Dark - Not Lighted,Clear,4:00am-4:59am,45,5:00am-5:59am,15,Not Applicable (Not Transported),Not Applicable (Not Transported),1,Dark - Unlighted,Clear,1,0,['Driver'],['None_Used'],1,1,Valid,0.0,0.0,29.0,29.0,['Male'],0,0,5,4,3,Dry,Straight,Level,Lowest,No
15623,21,Kentucky,210426,0,1,1,0,1,NOT APPLICABLE,August,13,Sunday,22,8,Rural,Low Speed (Local),No,38.60524722,-84.11938056,Non-Intersection,Dark - Not Lighted,Clear,10:00pm-10:59pm,5,10:00pm-10:59pm,29,Not Applicable (Not Transported),Not Applicable (Not Transported),1,Dark - Unlighted,Clear,1,0,['Driver'],['None_Used'],1,1,Valid,0.0,0.0,62.0,62.0,['Male'],0,0,3,4,3,Dry,Curve,Grade/Hillcrest,Lowest,No
15624,21,Kentucky,210427,0,2,2,0,3,OWENSBORO,August,7,Monday,20,6,Urban,Low Speed (Local),No,37.7627,-87.136475,Non-Intersection,Dusk,Clear,8:00pm-8:59pm,11,8:00pm-8:59pm,11,8:00pm-8:59pm,26,1,Twilight,Clear,1,2,['Driver'],['None_Used'],0,0,Valid,1.0,0.0,57.0,16.0,"['Female', 'Male']",0,0,5,4,5,Dry,Straight,Level,Lowest,No
15625,21,Kentucky,210428,0,2,2,0,5,NOT APPLICABLE,August,13,Sunday,12,5,Rural,Medium Speed (Collector),Yes,36.89869167,-86.51841944,Complex/Circle,Daylight,Clear,12:00pm-12:59pm,5,12:00pm-12:59pm,23,12:00pm-12:59pm,51,1,Daylight,Clear,1,4,['Driver'],['None_Used'],0,0,Valid,0.0,0.0,84.0,41.0,"['Male', 'Female']",0,0,5,4,5,Dry,Straight,Level,Medium,No
15626,21,Kentucky,210429,1,2,2,0,2,LYNDON,August,15,Tuesday,7,19,Urban,Low Speed (Local),No,38.26543333,-85.59462222,Non-Intersection,Daylight,Clear,7:00am-7:59am,21,7:00am-7:59am,25,Not Applicable (Not Transported),Not Applicable (Not Transported),1,Daylight,Clear,0,2,[],[],0,0,Valid,0.0,0.0,40.0,22.0,"['Female', 'Female']",0,0,3,2,4,Dry,Straight,Level,Lowest,No
15627,21,Kentucky,210430,0,2,2,0,3,VERSAILLES,August,15,Tuesday,11,36,Urban,Medium Speed (Collector),No,38.05171111,-84.72015833,Non-Intersection,Daylight,Clear,11:00am-11:59am,36,11:00am-11:59am,39,12:00pm-12:59pm,5,1,Daylight,Clear,1,2,['Driver'],['Shoulder_Lapbelt'],0,0,Valid,1.0,1.0,84.0,52.0,"['Male', 'Male']",0,0,3,4,5,Dry,Straight,Level,Lowest,No
15628,21,Kentucky,210431,0,2,2,0,2,LOUISVILLE,August,15,Tuesday,13,34,Urban,High Speed (Arterial),Yes,38.15792778,-85.59109444,Non-Intersection,Daylight,Clear,1:00pm-1:59pm,35,1:00pm-1:59pm,40,2:00pm-2:59pm,25,1,Daylight,Clear,1,1,['Driver'],['None_Used'],0,0,Valid,0.0,0.0,77.0,25.0,"['Male', 'Male']",0,0,5,4,5,Dry,Straight,Non-Trafficway,Lowest,No
15629,21,Kentucky,210432,0,2,2,0,2,COVINGTON,August,14,Monday,14,6,Urban,Medium Speed (Collector),Yes,39.089875,-84.51895,Non-Intersection,Daylight,Cloudy,2:00pm-2:59pm,9,2:00pm-2:59pm,26,2:00pm-2:59pm,34,2,Daylight,Reduced Visibility,2,0,"['Driver', 'Driver']","['None_Used', 'Shoulder_Lapbelt']",1,1,Valid,2.0,0.0,61.0,36.0,"['Male', 'Male']",0,0,3,4,5,Dry,Straight,Level,Lowest,No
15630,21,Kentucky,210433,0,1,1,0,1,KIMPER,August,16,Wednesday,10,43,Rural,Medium Speed (Collector),No,37.48811389,-82.23005,Non-Intersection,Daylight,Clear,11:00am-11:59am,30,11:00am-11:59am,30,Not Applicable (Not Transported),Not Applicable (Not Transported),1,Daylight,Clear,1,0,['Driver'],['None_Used'],0,0,Valid,0.0,0.0,57.0,57.0,['Male'],0,0,3,4,2,Dry,Straight,Grade/Hillcrest,Medium,No
15631,21,Kentucky,210434,1,1,1,0,1,LOUISVILLE,August,15,Tuesday,23,37,Urban,High Speed (Arterial),Yes,38.20412222,-85.665325,Non-Intersection,Dark - Not Lighted,Clear,11:00pm-11:59pm,37,11:00pm-11:59pm,42,Not Applicable (Not Transported),Not Applicable (Not Transported),1,Dark - Unlighted,Clear,0,1,[],[],0,0,Valid,2.0,0.0,35.0,35.0,['Female'],0,0,3,3,4,Dry,Straight,Level,Lowest,No
15632,21,Kentucky,210435,1,1,1,0,2,LEXINGTON-FAYETTE,August,13,Sunday,2,0,Urban,High Speed (Arterial),Yes,38.00345278,-84.46163611,Non-Intersection,Dark - Not Lighted,Clear,2:00am-2:59am,57,3:00am-3:59am,2,Not Applicable (Not Transported),Not Applicable (Not Transported),1,Dark - Unlighted,Clear,0,2,[],[],1,1,Invalid,1.0,1.0,31.0,31.0,['Male'],0,0,2,3,4,Dry,Straight,Level,Lowest,No
15633,21,Kentucky,210436,0,2,2,0,2,CLAY CITY,August,16,Wednesday,14,12,Rural,Medium Speed (Collector),No,37.87695,-83.93199167,Non-Intersection,Daylight,Clear,2:00pm-2:59pm,15,2:00pm-2:59pm,20,Not Applicable (Not Transported),Not Applicable (Not Transported),2,Daylight,Clear,2,0,"['Driver', 'Driver']","['Shoulder_Lapbelt', 'Shoulder_Lapbelt']",0,0,Valid,0.0,0.0,80.0,79.0,"['Male', 'Female']",0,0,3,4,5,Dry,Straight,Level,Lowest,No
15634,21,Kentucky,210437,0,2,2,0,2,LOUISVILLE,August,19,Saturday,20,53,Urban,Medium Speed (Collector),No,38.18934444,-85.78343333,Complex/Circle,Dark - Not Lighted,Clear,8:00pm-8:59pm,59,9:00pm-9:59pm,2,9:00pm-9:59pm,26,1,Dark - Unlighted,Clear,1,1,['Driver'],['None_Used'],0,0,Invalid,1.0,0.0,28.0,20.0,"['Male', 'Female']",0,0,5,4,5,Dry,Straight,Level,Lowest,Yes
15635,21,Kentucky,210438,1,2,2,0,4,LOUISVILLE,August,20,Sunday,15,10,Urban,High Speed (Arterial),Yes,38.19021389,-85.760375,Non-Intersection,Daylight,Clear,3:00pm-3:59pm,12,3:00pm-3:59pm,24,3:00pm-3:59pm,34,1,Daylight,Clear,0,4,[],[],0,0,Invalid,0.0,0.0,38.0,38.0,['Male'],0,0,3,3,5,Dry,Straight,Grade/Hillcrest,Lowest,No
15636,21,Kentucky,210439,0,4,4,0,7,NOT APPLICABLE,August,11,Friday,22,56,Urban,High Speed (Arterial),Yes,38.05595556,-85.69890278,Non-Intersection,Dark - Lighted,Clear,11:00pm-11:59pm,0,11:00pm-11:59pm,9,11:00pm-11:59pm,46,1,Dark - Lighted,Clear,1,6,['Front_Passenger'],['Shoulder_Lapbelt'],0,0,Invalid,0.0,0.0,57.0,25.0,"['Male', 'Female', 'Female', 'Male']",0,0,2,4,5,Dry,Straight,Level,Lowest,No
15637,21,Kentucky,210440,0,3,3,0,5,NOT APPLICABLE,August,16,Wednesday,13,46,Rural,Medium Speed (Collector),No,37.31728889,-85.41396111,Simple Junction,Daylight,Cloudy,2:00pm-2:59pm,52,3:00pm-3:59pm,9,4:00pm-4:59pm,13,1,Daylight,Reduced Visibility,1,4,['Driver'],['None_Used'],0,0,Valid,1.0,0.0,71.0,30.0,"['Male', 'Male', 'Female']",0,0,3,4,5,Dry,Straight,Grade/Hillcrest,Lowest,No
15638,21,Kentucky,210441,0,2,2,0,2,NOT APPLICABLE,August,21,Monday,16,4,Rural,Medium Speed (Collector),No,38.82406389,-84.756025,Non-Intersection,Daylight,Clear,3:00pm-3:59pm,51,4:00pm-4:59pm,0,Not Applicable (Not Transported),Not Applicable (Not Transported),1,Daylight,Clear,1,1,['Driver'],['None_Used'],0,0,Valid,0.0,0.0,46.0,30.0,"['Male', 'Male']",0,0,5,4,5,Dry,Curve,Grade/Hillcrest,Lowest,No
15639,21,Kentucky,210442,0,1,1,0,1,LOUISVILLE,August,3,Thursday,17,19,Urban,Medium Speed (Collector),No,38.14933056,-85.76126667,Non-Intersection,Daylight,Clear,5:00pm-5:59pm,14,5:00pm-5:59pm,22,6:00pm-6:59pm,43,1,Daylight,Clear,1,0,['Driver'],['None_Used'],0,0,Valid,0.0,0.0,50.0,50.0,['Male'],0,0,2,4,2,Dry,Straight,Level,Lowest,No
15640,21,Kentucky,210443,0,2,2,0,2,LOUISVILLE,August,12,Saturday,3,19,Urban,Low Speed (Local),No,38.12592222,-85.64294722,Simple Junction,Dark - Not Lighted,Clear,3:00am-3:59am,24,3:00am-3:59am,32,4:00am-4:59am,8,1,Dark - Unlighted,Clear,1,1,['Driver'],['None_Used'],1,1,Invalid,0.0,0.0,45.0,30.0,"['Female', 'Male']",0,0,2,4,5,Dry,Straight,Level,Lowest,No
15641,21,Kentucky,210444,1,1,1,0,1,LEXINGTON-FAYETTE,August,12,Saturday,23,20,Urban,High Speed (Arterial),Yes,38.05996389,-84.48408056,Non-Intersection,Dark - Lighted,Cloudy,11:00pm-11:59pm,20,11:00pm-11:59pm,24,Not Applicable (Not Transported),Not Applicable (Not Transported),1,Dark - Lighted,Reduced Visibility,0,1,[],[],1,1,Valid,0.0,0.0,40.0,40.0,['Male'],0,0,2,2,4,Dry,Straight,Grade/Hillcrest,Lowest,No
15642,21,Kentucky,210445,0,2,2,0,4,LOUISVILLE,August,22,Tuesday,3,2,Urban,Medium Speed (Collector),Yes,38.21031111,-85.76465833,Complex/Circle,Dark - Not Lighted,Clear,3:00am-3:59am,2,3:00am-3:59am,8,5:00am-5:59am,1,1,Dark - Unlighted,Clear,1,3,['Driver'],['Shoulder_Lapbelt'],1,2,Valid,1.0,0.0,66.0,18.0,"['Male', 'Male']",0,0,2,4,5,Dry,Straight,Level,Lowest,No
15643,21,Kentucky,210446,0,2,2,0,2,NOT APPLICABLE,August,22,Tuesday,15,32,Rural,Medium Speed (Collector),No,36.99300556,-86.20240278,Non-Intersection,Daylight,Clear,3:00pm-3:59pm,34,3:00pm-3:59pm,57,4:00pm-4:59pm,30,1,Daylight,Clear,1,1,['Driver'],['None_Used'],1,1,Valid,0.0,0.0,28.0,28.0,"['Male', 'Male']",1,0,3,4,5,Dry,Straight,Level,Lowest,No
15644,21,Kentucky,210447,0,1,1,0,3,NOT APPLICABLE,August,1,Tuesday,17,15,Urban,High Speed (Arterial),Yes,38.98005278,-84.37028889,Non-Intersection,Daylight,Clear,5:00pm-5:59pm,25,5:00pm-5:59pm,30,6:00pm-6:59pm,1,1,Daylight,Clear,1,2,['Front_Passenger'],['Shoulder_Lapbelt'],0,0,Valid,1.0,0.0,65.0,65.0,['Male'],0,0,3,4,3,Dry,Straight,Grade/Hillcrest,Medium,No
15645,21,Kentucky,210448,0,1,1,0,2,NOT APPLICABLE,August,2,Wednesday,16,55,Rural,Medium Speed (Collector),No,37.77446944,-85.68744167,Non-Intersection,Daylight,Clear,4:00pm-4:59pm,55,5:00pm-5:59pm,11,Not Applicable (Not Transported),Not Applicable (Not Transported),1,Daylight,Clear,1,1,['Front_Passenger'],['Shoulder_Lapbelt'],0,0,Valid,0.0,0.0,19.0,19.0,['Male'],0,0,3,4,3,Dry,Straight,Level,Lowest,No
15646,21,Kentucky,210449,0,1,1,0,2,BIG SPRING,August,4,Friday,12,21,Rural,Medium Speed (Collector),No,37.79869722,-86.22987222,Non-Intersection,Daylight,Clear,12:00pm-12:59pm,20,12:00pm-12:59pm,36,3:00pm-3:59pm,11,1,Daylight,Clear,1,1,['Driver'],['Shoulder_Lapbelt'],0,0,Valid,0.0,0.0,20.0,20.0,['Male'],0,0,3,4,3,Dry,Straight,Grade/Hillcrest,Lowest,No
15647,21,Kentucky,210451,0,1,1,0,1,LEXINGTON-FAYETTE,August,6,Sunday,21,25,Rural,Medium Speed (Collector),No,38.10136389,-84.38279167,Non-Intersection,Dark - Not Lighted,Clear,9:00pm-9:59pm,26,9:00pm-9:59pm,38,Not Applicable (Not Transported),Not Applicable (Not Transported),1,Dark - Unlighted,Clear,1,0,['Driver'],['Shoulder_Lapbelt'],0,0,Valid,2.0,0.0,28.0,28.0,['Female'],0,0,2,4,3,Dry,Curve,Grade/Hillcrest,Lowest,No
15648,21,Kentucky,210452,0,1,1,0,1,NOT APPLICABLE,August,10,Thursday,13,8,Rural,Medium Speed (Collector),No,37.62968889,-85.88738889,Non-Intersection,Daylight,Clear,1:00pm-1:59pm,10,1:00pm-1:59pm,17,Not Applicable (Not Transported),Not Applicable (Not Transported),1,Daylight,Clear,1,0,['Driver'],['None_Used'],0,0,Valid,0.0,0.0,23.0,23.0,['Male'],0,0,2,4,3,Dry,Straight,Level,Lowest,No
15649,21,Kentucky,210453,0,1,1,0,2,LOUISVILLE,August,17,Thursday,0,58,Urban,High Speed (Arterial),Yes,38.18734722,-85.81131944,Simple Junction,Dark - Lighted,Clear,0:00am-0:59am,58,1:00am-1:59am,5,1:00am-1:59am,30,1,Dark - Lighted,Clear,1,1,['Driver'],['Shoulder_Lapbelt'],1,1,Invalid,0.0,1.0,20.0,20.0,['Male'],2,0,2,4,3,Dry,Straight,Level,Lowest,No
15650,21,Kentucky,210454,0,2,2,0,3,NOT APPLICABLE,August,20,Sunday,15,48,Rural,High Speed (Arterial),Yes,37.15671667,-84.32367222,Non-Intersection,Daylight,Clear,3:00pm-3:59pm,51,4:00pm-4:59pm,15,4:00pm-4:59pm,43,1,Daylight,Clear,1,2,['Rear_Seat'],['None_Used'],0,0,Valid,2.0,0.0,63.0,22.0,"['Male', 'Female']",0,0,5,4,5,Dry,Curve,Grade/Hillcrest,Lowest,No
15651,21,Kentucky,210455,0,1,1,0,1,NOT APPLICABLE,August,20,Sunday,18,30,Rural,Medium Speed (Collector),No,37.901325,-85.27722778,Non-Intersection,Daylight,Clear,6:00pm-6:59pm,31,6:00pm-6:59pm,49,Not Applicable (Not Transported),Not Applicable (Not Transported),1,Daylight,Clear,1,0,['Driver'],['None_Used'],1,1,Valid,0.0,0.0,56.0,56.0,['Male'],1,0,5,4,3,Dry,Straight,Level,Lowest,No
15652,21,Kentucky,210456,0,3,3,0,3,LOUISVILLE,August,20,Sunday,16,42,Urban,Low Speed (Local),No,38.20051389,-85.53125,Non-Intersection,Daylight,Clear,4:00pm-4:59pm,42,4:00pm-4:59pm,42,5:00pm-5:59pm,25,1,Daylight,Clear,1,2,['Driver'],['Shoulder_Lapbelt'],0,0,Valid,2.0,2.0,49.0,28.0,"['Male', 'Female', 'Male']",0,0,3,4,5,Dry,Straight,Level,Lowest,No
15653,21,Kentucky,210457,0,1,1,0,1,NOT APPLICABLE,August,21,Monday,23,59,Rural,High Speed (Arterial),Yes,36.99693333,-87.465525,Non-Intersection,Dark - Not Lighted,Clear,0:00am-0:59am,0,0:00am-0:59am,14,Not Applicable (Not Transported),Not Applicable (Not Transported),1,Dark - Unlighted,Clear,1,0,['Driver'],['None_Used'],0,0,Invalid,0.0,0.0,25.0,25.0,['Female'],0,0,3,4,3,Dry,Curve,Grade/Hillcrest,Lowest,No
15654,21,Kentucky,210458,0,1,1,0,1,NOT APPLICABLE,August,25,Friday,9,36,Urban,Medium Speed (Collector),No,36.91414167,-86.44012778,Non-Intersection,Daylight,Cloudy,9:00am-9:59am,35,9:00am-9:59am,45,Not Applicable (Not Transported),Not Applicable (Not Transported),1,Daylight,Reduced Visibility,1,0,['Driver'],['None_Used'],1,1,Valid,0.0,0.0,21.0,21.0,['Male'],0,0,5,4,3,Dry,Curve,Grade/Hillcrest,Lowest,No
15655,21,Kentucky,210459,0,2,2,0,5,LEITCHFIELD,August,26,Saturday,14,8,Urban,Medium Speed (Collector),No,37.49887222,-86.27157222,Complex/Circle,Daylight,Clear,12:00pm-12:59pm,45,12:00pm-12:59pm,49,12:00pm-12:59pm,52,1,Daylight,Clear,1,4,['Driver'],['Shoulder_Lapbelt'],0,0,Valid,1.0,0.0,70.0,58.0,"['Female', 'Male']",0,0,3,4,5,Dry,Straight,Level,Lowest,Yes
15656,21,Kentucky,210460,0,1,1,0,1,NOT APPLICABLE,August,17,Thursday,16,58,Rural,Low Speed (Local),No,37.27013611,-87.49398056,Non-Intersection,Daylight,Clear,5:00pm-5:59pm,2,5:00pm-5:59pm,10,Not Applicable (Not Transported),Not Applicable (Not Transported),1,Daylight,Clear,1,0,['Driver'],['None_Used'],1,1,Valid,0.0,0.0,55.0,55.0,['Male'],0,0,3,4,3,Dry,Curve,Level,Lowest,No
15657,21,Kentucky,210461,0,2,2,0,2,NOT APPLICABLE,August,23,Wednesday,16,26,Rural,Medium Speed (Collector),No,37.04558333,-88.26722222,Non-Intersection,Daylight,Clear,4:00pm-4:59pm,26,4:00pm-4:59pm,34,4:00pm-4:59pm,58,1,Daylight,Clear,1,1,['Driver'],['Shoulder_Lapbelt'],0,0,Invalid,0.0,0.0,67.0,53.0,"['Male', 'Male']",0,0,3,4,5,Dry,Curve,Grade/Hillcrest,Lowest,No