,State_Code,State_Name,Crash_ID,Count_Non_Motorists,Count_Vehicles_Total,Count_Vehicle_Forms,Count_PVH_Involved,Count_Occupants_MV,City_Name,Month_Name,Day_of_Month,Day_of_Week,Crash_Hour,Crash_Minute,Area_Rural_Urban,Road_Functional_Class,On_NHS_Road,Latitude,Longitude,Intersection_Type,Light_Condition,Weather_Condition,Notif_Hour,Notif_Minute,Arrival_Hour,Arrival_Minute,Hospital_Hour,Hospital_Minute,Fatalities_Count,Clean_Light_Condition,Clean_Weather_Condition,Total_Killed,Total_Alive,Fatal_Seats_List,Killed_Restraint_List,Any_Driver_Drinking,Total_Drinking_Drivers,Driver_License_Category,Driver_Max_Prev_Accident_Count,Driver_Max_Prev_Speeding_Count,Max_Driver_Age,Min_Driver_Age,Driver_Sex_List,Total_Exceeding_Limit_Vehicles,Total_Too_Fast_Vehicles,Max_Vehicle_Type_Severity_5,Max_Vehicle_Damage_Rank,Max_Harmful_Event_Severity,Crash_Road_Surface_Condition,Crash_Horizontal_Alignment,Crash_Vertical_Profile,Crash_Impairment_Category,Crash_Vehicle_Defect
15658,21,Kentucky,210462,1,1,1,0,1,MOREHEAD,August,28,Monday,4,28,Rural,High Speed (Arterial),Yes,38.18832222,-83.48937778,Non-Intersection,Dark - Not Lighted,Clear,Not Applicable (Not Notified),Not Applicable (Not Notified),Not Applicable,Not Applicable,Not Applicable (Not Transported),Not Applicable (Not Transported),1,Dark - Unlighted,Clear,0,1,[],[],0,0,Valid,0.0,0.0,59.0,59.0,['Male'],0,0,4,2,4,Dry,Straight,Grade/Hillcrest,Lowest,No
15659,21,Kentucky,210463,0,2,2,0,4,NOT APPLICABLE,August,28,Monday,17,31,Rural,Medium Speed (Collector),No,37.86456111,-84.63520556,Simple Junction,Daylight,Clear,5:00pm-5:59pm,33,5:00pm-5:59pm,36,Not Applicable (Not Transported),Not Applicable (Not Transported),1,Daylight,Clear,1,3,['Driver'],['None_Used'],0,0,Invalid,0.0,0.0,49.0,31.0,"['Male', 'Female']",0,0,5,4,5,Dry,Straight,Level,Lowest,No
15660,21,Kentucky,210464,0,2,2,0,2,LOUISVILLE,August,18,Friday,23,33,Urban,Medium Speed (Collector),No,38.11391667,-85.67611944,Complex/Circle,Dark - Not Lighted,Clear,11:00pm-11:59pm,33,11:00pm-11:59pm,38,11:00pm-11:59pm,58,1,Dark - Unlighted,Clear,1,1,['Driver'],['None_Used'],0,0,Valid,1.0,0.0,77.0,59.0,"['Male', 'Female']",0,0,5,4,5,Dry,Straight,Grade/Hillcrest,Lowest,No
15661,21,Kentucky,210465,0,3,3,0,3,NOT APPLICABLE,August,29,Tuesday,14,49,Rural,High Speed (Arterial),Yes,37.73425278,-83.46308333,Non-Intersection,Daylight,Clear,11:00am-11:59am,11,11:00am-11:59am,12,11:00am-11:59am,13,1,Daylight,Clear,1,2,['Driver'],['None_Used'],0,0,Valid,0.0,1.0,54.0,20.0,"['Female', 'Male', 'Male']",0,0,4,4,5,Wet/Standing Water,Curve,Level,Lowest,No
15662,21,Kentucky,210466,0,1,1,0,2,NOT APPLICABLE,August,25,Friday,22,21,Rural,Medium Speed (Collector),No,37.96446111,-85.620175,Non-Intersection,Dark - Unknown Lighting,Cloudy,10:00pm-10:59pm,20,10:00pm-10:59pm,31,11:00pm-11:59pm,49,1,Dark - Unlighted,Reduced Visibility,1,1,['Front_Passenger'],['Shoulder_Lapbelt'],0,0,Valid,0.0,0.0,17.0,17.0,['Male'],0,0,2,4,3,Wet/Standing Water,Curve,Grade/Hillcrest,Lowest,No
15663,21,Kentucky,210467,0,2,2,0,3,NOT APPLICABLE,August,28,Monday,18,12,Rural,High Speed (Arterial),Yes,38.01563333,-84.16091389,Non-Intersection,Daylight,Cloudy,6:00pm-6:59pm,12,6:00pm-6:59pm,33,6:00pm-6:59pm,40,1,Daylight,Reduced Visibility,1,2,['Front_Passenger'],['Shoulder_Lapbelt'],0,0,Valid,0.0,0.0,68.0,65.0,"['Female', 'Female']",0,0,3,4,5,Dry,Straight,Level,Lowest,No
15664,21,Kentucky,210468,0,2,2,0,2,NOT APPLICABLE,August,31,Thursday,16,15,Rural,Medium Speed (Collector),No,37.30023889,-87.34808056,Non-Intersection,Daylight,Clear,4:00pm-4:59pm,16,4:00pm-4:59pm,34,5:00pm-5:59pm,13,1,Daylight,Clear,1,1,['Driver'],['None_Used'],0,0,Valid,2.0,3.0,79.0,26.0,"['Male', 'Male']",0,0,2,4,5,Dry,Straight,Level,Medium,No
15665,21,Kentucky,210469,0,2,2,0,2,LOUISVILLE,August,31,Thursday,21,39,Urban,High Speed (Arterial),Yes,38.23210278,-85.62905,Non-Intersection,Dark - Lighted,Clear,9:00pm-9:59pm,45,9:00pm-9:59pm,45,Not Applicable (Not Transported),Not Applicable (Not Transported),1,Dark - Lighted,Clear,1,1,['Driver'],['Shoulder_Lapbelt'],0,0,Valid,0.0,1.0,46.0,24.0,"['Male', 'Male']",0,0,4,4,5,Dry,Straight,Level,Lowest,No
15666,21,Kentucky,210470,0,1,1,0,1,NOT APPLICABLE,August,21,Monday,13,15,Urban,High Speed (Arterial),Yes,36.85721667,-87.55272778,Non-Intersection,Daylight,Clear,Not Applicable (Not Notified),Not Applicable (Not Notified),Not Applicable,Not Applicable,Not Applicable (Not Transported),Not Applicable (Not Transported),1,Daylight,Clear,1,0,['Driver'],['Shoulder_Lapbelt'],0,0,Valid,0.0,0.0,57.0,57.0,['Male'],1,0,3,4,3,Dry,Curve,Level,Medium,No
15667,21,Kentucky,210471,0,1,1,0,1,LOUISVILLE,August,21,Monday,19,37,Urban,Low Speed (Local),No,38.08056667,-85.83051111,Non-Intersection,Daylight,Clear,7:00pm-7:59pm,37,7:00pm-7:59pm,45,8:00pm-8:59pm,22,1,Daylight,Clear,1,0,['Driver'],['None_Used'],1,1,Invalid,0.0,0.0,28.0,28.0,['Male'],0,0,5,3,3,Dry,Curve,Grade/Hillcrest,Lowest,No
15668,21,Kentucky,210472,0,1,1,0,1,LONDON,August,24,Thursday,20,2,Rural,High Speed (Arterial),Yes,37.08123056,-84.09932778,Non-Intersection,Daylight,Clear,8:00pm-8:59pm,2,8:00pm-8:59pm,12,8:00pm-8:59pm,22,1,Daylight,Clear,1,0,['Driver'],['None_Used'],0,0,Invalid,0.0,1.0,39.0,39.0,['Male'],0,0,5,4,3,Dry,Straight,Level,Lowest,No
15669,21,Kentucky,210473,0,1,1,0,1,LOUISVILLE,August,27,Sunday,2,39,Urban,High Speed (Arterial),Yes,38.14004167,-85.585825,Non-Intersection,Dark - Not Lighted,Clear,10:00am-10:59am,0,10:00am-10:59am,30,Not Applicable (Not Transported),Not Applicable (Not Transported),1,Dark - Unlighted,Clear,1,0,['Driver'],['Shoulder_Lapbelt'],0,0,Valid,0.0,1.0,29.0,29.0,['Male'],1,0,2,4,3,Dry,Curve,Grade/Hillcrest,Lowest,No
15670,21,Kentucky,210474,0,3,3,0,5,RUSSELLVILLE,August,31,Thursday,11,48,Rural,High Speed (Arterial),Yes,36.84215278,-86.86382778,Complex/Circle,Daylight,Clear,11:00am-11:59am,49,11:00am-11:59am,53,12:00pm-12:59pm,17,1,Daylight,Clear,1,4,['Driver'],['Shoulder_Lapbelt'],0,0,Valid,0.0,0.0,82.0,30.0,"['Female', 'Male', 'Male']",0,0,3,4,5,Dry,Straight,Level,Lowest,No
15671,21,Kentucky,210475,1,1,1,0,1,CADIZ,August,22,Tuesday,5,6,Rural,High Speed (Arterial),Yes,36.87923333,-87.73115278,Non-Intersection,Dark - Lighted,Clear,5:00am-5:59am,9,5:00am-5:59am,14,Not Applicable (Not Transported),Not Applicable (Not Transported),1,Dark - Lighted,Clear,0,1,[],[],0,0,Valid,1.0,0.0,55.0,55.0,['Male'],0,0,3,4,4,Dry,Straight,Grade/Hillcrest,Lowest,No
15672,21,Kentucky,210476,0,2,2,0,2,NOT APPLICABLE,August,10,Thursday,11,53,Urban,Medium Speed (Collector),No,37.81084722,-85.49555833,Simple Junction,Daylight,Clear,11:00am-11:59am,57,11:00am-11:59am,59,1:00pm-1:59pm,8,1,Daylight,Clear,1,1,['Driver'],['Shoulder_Lapbelt'],0,0,Valid,0.0,0.0,83.0,34.0,"['Male', 'Male']",0,0,3,4,5,Dry,Straight,Level,Lowest,No
15673,21,Kentucky,210477,0,2,2,0,3,NOT APPLICABLE,August,11,Friday,12,16,Rural,High Speed (Arterial),Yes,36.83640556,-86.95956667,Simple Junction,Daylight,Clear,12:00pm-12:59pm,16,12:00pm-12:59pm,22,12:00pm-12:59pm,43,1,Daylight,Clear,1,2,['Driver'],['Shoulder_Lapbelt'],0,0,Valid,0.0,0.0,87.0,75.0,"['Male', 'Male']",0,0,4,4,5,Dry,Straight,Level,Lowest,No
15674,21,Kentucky,210478,0,1,1,0,1,CLOVERPORT,August,13,Sunday,18,24,Rural,Medium Speed (Collector),No,37.82552222,-86.65761944,Non-Intersection,Daylight,Clear,6:00pm-6:59pm,26,6:00pm-6:59pm,51,Not Applicable (Not Transported),Not Applicable (Not Transported),1,Daylight,Clear,1,0,['Driver'],['None_Used'],1,1,Valid,0.0,0.0,51.0,51.0,['Male'],0,0,1,4,3,Dry,Curve,Grade/Hillcrest,Lowest,No
15675,21,Kentucky,210479,0,1,1,0,1,NOT APPLICABLE,August,26,Saturday,7,40,Rural,Medium Speed (Collector),No,36.690125,-88.87714722,Non-Intersection,Daylight,Clear,7:00am-7:59am,49,7:00am-7:59am,56,Not Applicable (Not Transported),Not Applicable (Not Transported),1,Daylight,Clear,1,0,['Driver'],['None_Used'],1,1,Valid,0.0,0.0,48.0,48.0,['Male'],0,0,3,4,3,Dry,Curve,Level,Lowest,No
15676,21,Kentucky,210480,0,1,1,0,1,PAINTSVILLE,August,14,Monday,5,53,Rural,Medium Speed (Collector),No,37.81596944,-82.79207778,Non-Intersection,Dark - Not Lighted,Clear,6:00am-6:59am,0,6:00am-6:59am,2,Not Applicable (Not Transported),Not Applicable (Not Transported),1,Dark - Unlighted,Clear,1,0,['Driver'],['None_Used'],0,0,Invalid,0.0,0.0,42.0,42.0,['Male'],0,0,5,4,2,Dry,Curve,Grade/Hillcrest,Lowest,No
15677,21,Kentucky,210481,0,1,1,0,1,NOT APPLICABLE,August,12,Saturday,4,59,Rural,Low Speed (Local),No,36.99898056,-84.84109722,Non-Intersection,Dark - Lighted,Cloudy,Not Applicable (Not Notified),Not Applicable (Not Notified),Not Applicable,Not Applicable,Not Applicable (Not Transported),Not Applicable (Not Transported),1,Dark - Lighted,Reduced Visibility,1,0,['Driver'],['None_Used'],1,1,Valid,0.0,2.0,27.0,27.0,['Male'],0,0,3,4,3,Dry,Curve,Grade/Hillcrest,Lowest,No
15678,21,Kentucky,210482,0,1,1,0,1,NOT APPLICABLE,August,5,Saturday,16,3,Rural,Low Speed (Local),No,37.443125,-83.31438056,Non-Intersection,Daylight,Clear,4:00pm-4:59pm,6,4:00pm-4:59pm,23,4:00pm-4:59pm,45,1,Daylight,Clear,1,0,['Driver'],['None_Used'],0,0,Valid,0.0,0.0,66.0,66.0,['Male'],0,0,5,2,3,Dry,Curve,Grade/Hillcrest,Lowest,No
15679,21,Kentucky,210483,0,1,1,0,4,NOT APPLICABLE,August,4,Friday,3,21,Rural,Medium Speed (Collector),No,37.478375,-85.44206389,Non-Intersection,Dark - Not Lighted,"Fog, Smog, Smoke",3:00am-3:59am,23,3:00am-3:59am,50,4:00am-4:59am,34,1,Dark - Unlighted,Reduced Visibility,1,3,['Rear_Seat'],['None_Used'],0,0,Valid,0.0,0.0,16.0,16.0,['Male'],0,0,2,4,3,Wet/Standing Water,Curve,Grade/Hillcrest,Lowest,No
15680,21,Kentucky,210484,0,1,1,0,2,NOT APPLICABLE,August,19,Saturday,21,5,Rural,Low Speed (Local),No,36.84366944,-87.78541944,Non-Intersection,Dark - Not Lighted,Clear,9:00pm-9:59pm,5,9:00pm-9:59pm,14,9:00pm-9:59pm,43,1,Dark - Unlighted,Clear,1,1,['Front_Passenger'],['None_Used'],0,0,Valid,0.0,0.0,17.0,17.0,['Female'],0,0,2,4,3,Dry,Curve,Grade/Hillcrest,Lowest,No
15681,21,Kentucky,210485,0,1,1,0,1,OAK GROVE,July,26,Wednesday,4,42,Urban,Medium Speed (Collector),No,36.65044167,-87.41535556,Non-Intersection,Dark - Unknown Lighting,Clear,4:00am-4:59am,16,4:00am-4:59am,20,4:00am-4:59am,54,1,Dark - Unlighted,Clear,1,0,['Driver'],['None_Used'],0,0,Invalid,1.0,0.0,41.0,41.0,['Male'],1,0,5,4,3,Dry,Curve,Level,Lowest,No
15682,21,Kentucky,210486,0,2,2,0,2,DRY RIDGE,August,11,Friday,14,20,Rural,Medium Speed (Collector),No,38.6807,-84.61233056,Non-Intersection,Daylight,Clear,2:00pm-2:59pm,22,2:00pm-2:59pm,24,2:00pm-2:59pm,58,1,Daylight,Clear,1,1,['Driver'],['Shoulder_Lapbelt'],0,0,Valid,0.0,0.0,83.0,65.0,"['Male', 'Male']",0,0,2,4,5,Dry,Straight,Level,Lowest,No
15683,21,Kentucky,210487,1,1,1,0,1,LOUISVILLE,September,1,Friday,16,20,Urban,Low Speed (Local),No,38.30123333,-85.595475,Non-Intersection,Daylight,Clear,4:00pm-4:59pm,23,4:00pm-4:59pm,25,4:00pm-4:59pm,55,1,Daylight,Clear,0,1,[],[],0,0,Valid,0.0,0.0,81.0,81.0,['Female'],0,0,3,2,4,Dry,Straight,Level,Lowest,No
15684,21,Kentucky,210488,1,1,1,0,1,LEXINGTON-FAYETTE,September,2,Saturday,21,48,Urban,High Speed (Arterial),Yes,38.00460278,-84.44964167,Non-Intersection,Dark - Lighted,Clear,9:00pm-9:59pm,48,9:00pm-9:59pm,52,10:00pm-10:59pm,9,1,Dark - Lighted,Clear,0,1,[],[],0,0,Valid,0.0,0.0,17.0,17.0,['Male'],0,0,3,4,4,Dry,Straight,Grade/Hillcrest,Lowest,No
15685,21,Kentucky,210489,0,2,2,0,7,NOT APPLICABLE,September,2,Saturday,18,8,Rural,Medium Speed (Collector),No,37.32734444,-86.76195833,Non-Intersection,Daylight,Clear,6:00pm-6:59pm,14,6:00pm-6:59pm,26,7:00pm-7:59pm,29,2,Daylight,Clear,2,5,"['Front_Passenger', 'Rear_Seat']","['Shoulder_Lapbelt', 'Shoulder_Lapbelt']",0,0,Valid,0.0,1.0,36.0,28.0,"['Male', 'Male']",0,0,3,4,5,Dry,Straight,Grade/Hillcrest,Lowest,No
15686,21,Kentucky,210490,0,2,2,0,2,NOT APPLICABLE,September,3,Sunday,13,8,Rural,High Speed (Arterial),Yes,37.82835,-83.74572778,Non-Intersection,Daylight,Clear,1:00pm-1:59pm,6,1:00pm-1:59pm,10,1:00pm-1:59pm,41,1,Daylight,Clear,1,1,['Driver'],['None_Used'],0,0,Valid,0.0,0.0,58.0,56.0,"['Male', 'Male']",0,0,5,4,5,Dry,Straight,Level,Lowest,No
15687,21,Kentucky,210491,0,1,1,0,1,NOT APPLICABLE,September,3,Sunday,14,53,Rural,Medium Speed (Collector),No,38.81186389,-84.35676667,Non-Intersection,Daylight,Clear,1:00pm-1:59pm,29,1:00pm-1:59pm,43,Not Applicable (Not Transported),Not Applicable (Not Transported),1,Daylight,Clear,1,0,['Driver'],['Shoulder_Lapbelt'],0,0,Valid,0.0,0.0,77.0,77.0,['Male'],0,0,3,4,3,Dry,Curve,Grade/Hillcrest,Medium,No
15688,21,Kentucky,210492,0,2,2,0,2,LOUISVILLE,September,3,Sunday,23,10,Urban,Low Speed (Local),No,38.16143611,-85.76555556,Non-Intersection,Dark - Lighted,Cloudy,11:00pm-11:59pm,10,11:00pm-11:59pm,17,Not Applicable (Not Transported),Not Applicable (Not Transported),1,Dark - Lighted,Reduced Visibility,1,0,['Driver'],['None_Used'],0,0,Invalid,0.0,0.0,998.0,70.0,"['Other', 'Female']",0,0,5,4,5,Dry,Curve,Level,Lowest,No
15689,21,Kentucky,210493,0,1,1,0,2,NOT APPLICABLE,September,4,Monday,3,30,Rural,Low Speed (Local),No,37.29702778,-85.38359444,Non-Intersection,Dark - Not Lighted,Clear,3:00am-3:59am,36,3:00am-3:59am,45,4:00am-4:59am,10,1,Dark - Unlighted,Clear,1,1,['Driver'],['None_Used'],1,1,Valid,0.0,0.0,42.0,42.0,['Male'],0,0,5,4,3,Dry,Curve,Level,Lowest,No
15690,21,Kentucky,210494,0,1,1,0,1,NOT APPLICABLE,September,4,Monday,8,34,Rural,Medium Speed (Collector),No,38.67546111,-85.08150833,Non-Intersection,Daylight,Clear,8:00am-8:59am,37,8:00am-8:59am,45,Not Applicable (Not Transported),Not Applicable (Not Transported),1,Daylight,Clear,1,0,['Driver'],['Shoulder_Lapbelt'],0,0,Valid,0.0,0.0,50.0,50.0,['Male'],0,0,2,4,2,Dry,Curve,Grade/Hillcrest,Lowest,No
15691,21,Kentucky,210495,0,2,2,0,2,NOT APPLICABLE,September,4,Monday,15,5,Urban,Medium Speed (Collector),No,38.92143889,-84.51769444,Simple Junction,Daylight,Cloudy,3:00pm-3:59pm,6,3:00pm-3:59pm,10,Not Applicable (Not Transported),Not Applicable (Not Transported),1,Daylight,Reduced Visibility,1,1,['Driver'],['None_Used'],1,1,Valid,1.0,0.0,80.0,24.0,"['Male', 'Male']",1,0,5,4,5,Dry,Straight,Grade/Hillcrest,Lowest,No
15692,21,Kentucky,210496,0,2,2,0,2,CRANKS,September,7,Thursday,5,56,Rural,Medium Speed (Collector),No,36.76591944,-83.15590278,Non-Intersection,Dark - Not Lighted,Cloudy,5:00am-5:59am,55,6:00am-6:59am,14,6:00am-6:59am,38,1,Dark - Unlighted,Reduced Visibility,1,1,['Driver'],['None_Used'],0,0,Valid,0.0,0.0,49.0,37.0,"['Male', 'Male']",0,0,4,4,5,Wet/Standing Water,Curve,Level,Lowest,Yes
15693,21,Kentucky,210497,0,1,1,0,1,NOT APPLICABLE,September,7,Thursday,10,45,Rural,Medium Speed (Collector),No,36.75245,-84.95100833,Non-Intersection,Daylight,Cloudy,10:00am-10:59am,45,10:00am-10:59am,58,Not Applicable (Not Transported),Not Applicable (Not Transported),1,Daylight,Reduced Visibility,1,0,['Driver'],['None_Used'],0,0,Valid,0.0,0.0,62.0,62.0,['Male'],0,0,4,4,3,Dry,Curve,Grade/Hillcrest,Lowest,No
15694,21,Kentucky,210498,0,2,2,0,2,PIKEVILLE,September,7,Thursday,12,27,Rural,High Speed (Arterial),Yes,37.42385833,-82.51691667,Non-Intersection,Daylight,Clear,11:00am-11:59am,6,11:00am-11:59am,16,Not Applicable (Not Transported),Not Applicable (Not Transported),1,Daylight,Clear,1,1,['Driver'],['None_Used'],0,0,Valid,0.0,1.0,66.0,30.0,"['Male', 'Male']",0,0,3,4,5,Dry,Straight,Grade/Hillcrest,Lowest,Yes
15695,21,Kentucky,210499,0,1,1,0,2,VINE GROVE,September,8,Friday,2,52,Urban,Medium Speed (Collector),No,37.81708889,-85.97041944,Non-Intersection,Dark - Not Lighted,Clear,2:00am-2:59am,56,3:00am-3:59am,1,4:00am-4:59am,1,1,Dark - Unlighted,Clear,1,1,['Front_Passenger'],['None_Used'],1,1,Invalid,0.0,0.0,15.0,15.0,['Male'],2,0,3,4,3,Dry,Curve,Grade/Hillcrest,Lowest,No
15696,21,Kentucky,210500,0,2,2,0,2,NOT APPLICABLE,September,8,Friday,5,26,Urban,Medium Speed (Collector),No,38.01019722,-85.66395278,Non-Intersection,Dark - Not Lighted,Clear,5:00am-5:59am,27,5:00am-5:59am,29,6:00am-6:59am,34,1,Dark - Unlighted,Clear,1,1,['Driver'],['None_Used'],0,0,Valid,0.0,0.0,48.0,33.0,"['Male', 'Male']",0,0,3,4,5,Dry,Curve,Level,Lowest,No
15697,21,Kentucky,210501,1,1,1,0,1,LOUISVILLE,September,8,Friday,22,25,Urban,High Speed (Arterial),Yes,38.22063611,-85.79359722,Non-Intersection,Dark - Not Lighted,Clear,4:00pm-4:59pm,33,4:00pm-4:59pm,46,Not Applicable (Not Transported),Not Applicable (Not Transported),1,Dark - Unlighted,Clear,0,1,[],[],0,0,Valid,0.0,0.0,28.0,28.0,['Male'],1,0,2,4,4,Dry,Straight,Level,Lowest,No
15698,21,Kentucky,210502,0,2,2,0,2,LOUISVILLE,September,10,Sunday,5,0,Urban,High Speed (Arterial),Yes,38.14078889,-85.58744722,Non-Intersection,Dark - Unknown Lighting,Clear,5:00am-5:59am,0,5:00am-5:59am,6,Not Applicable (Not Transported),Not Applicable (Not Transported),1,Dark - Unlighted,Clear,1,1,['Driver'],['Shoulder_Lapbelt'],1,1,Valid,0.0,0.0,40.0,28.0,"['Male', 'Male']",0,0,4,4,3,Dry,Straight,Grade/Hillcrest,Lowest,No
15699,21,Kentucky,210503,0,1,1,0,1,EZEL,September,10,Sunday,17,3,Rural,Medium Speed (Collector),No,37.86934722,-83.45151111,Non-Intersection,Dark - Not Lighted,Clear,4:00pm-4:59pm,43,4:00pm-4:59pm,51,Not Applicable (Not Transported),Not Applicable (Not Transported),1,Dark - Unlighted,Clear,1,0,['Driver'],['None_Used'],1,1,Valid,0.0,0.0,54.0,54.0,['Male'],0,0,3,4,3,Dry,Straight,Grade/Hillcrest,Lowest,No
15700,21,Kentucky,210504,0,1,1,0,1,TEABERRY,September,9,Saturday,22,12,Rural,Medium Speed (Collector),No,37.43695,-82.64730278,Non-Intersection,Dark - Not Lighted,Clear,10:00pm-10:59pm,16,10:00pm-10:59pm,52,Not Applicable (Not Transported),Not Applicable (Not Transported),1,Dark - Unlighted,Clear,1,0,['Driver'],['None_Used'],0,0,Valid,0.0,0.0,62.0,62.0,['Male'],0,0,3,4,2,Wet/Standing Water,Straight,Level,Lowest,No
15701,21,Kentucky,210505,1,1,1,0,2,VERSAILLES,September,6,Wednesday,20,31,Urban,Medium Speed (Collector),No,38.05248889,-84.72610278,Non-Intersection,Dark - Not Lighted,Clear,8:00pm-8:59pm,32,8:00pm-8:59pm,33,9:00pm-9:59pm,4,1,Dark - Unlighted,Clear,0,2,[],[],0,0,Valid,0.0,0.0,69.0,69.0,['Male'],0,0,3,2,4,Dry,Straight,Grade/Hillcrest,Lowest,No
15702,21,Kentucky,210506,0,1,1,0,2,NOT APPLICABLE,September,9,Saturday,0,11,Rural,Medium Speed (Collector),No,38.42365556,-84.28217222,Non-Intersection,Dark - Not Lighted,Clear,0:00am-0:59am,11,0:00am-0:59am,15,0:00am-0:59am,54,1,Dark - Unlighted,Clear,1,1,['Non_Standard_Risk'],['None_Used'],0,0,Valid,2.0,0.0,19.0,19.0,['Male'],0,0,1,1,1,Dry,Curve,Grade/Hillcrest,Lowest,No
15703,21,Kentucky,210507,1,1,1,0,1,HOPKINSVILLE,September,9,Saturday,22,30,Urban,High Speed (Arterial),Yes,36.82854167,-87.47326667,Non-Intersection,Dark - Lighted,Clear,10:00pm-10:59pm,34,10:00pm-10:59pm,39,Not Applicable (Not Transported),Not Applicable (Not Transported),1,Dark - Lighted,Clear,0,1,[],[],0,0,Valid,0.0,0.0,25.0,25.0,['Male'],0,0,3,2,4,Dry,Straight,Level,Lowest,No
15704,21,Kentucky,210508,0,2,2,0,3,RADCLIFF,September,10,Sunday,12,47,Urban,High Speed (Arterial),Yes,37.87133333,-85.9604,Non-Intersection,Daylight,Cloudy,12:00pm-12:59pm,49,12:00pm-12:59pm,49,1:00pm-1:59pm,34,2,Daylight,Reduced Visibility,2,1,"['Driver', 'Rear_Seat']","['None_Used', 'None_Used']",0,0,Valid,0.0,1.0,55.0,43.0,"['Male', 'Female']",2,0,5,4,5,Dry,Straight,Grade/Hillcrest,Lowest,No
15705,21,Kentucky,210509,0,2,2,0,3,NOT APPLICABLE,September,14,Thursday,2,38,Urban,High Speed (Arterial),Yes,38.04517222,-85.69705833,Non-Intersection,Dark - Not Lighted,Clear,2:00am-2:59am,40,2:00am-2:59am,50,3:00am-3:59am,20,1,Dark - Unlighted,Clear,1,2,['Driver'],['None_Used'],1,1,Valid,0.0,1.0,52.0,30.0,"['Male', 'Female']",0,0,4,4,5,Dry,Straight,Level,Lowest,No
15706,21,Kentucky,210510,0,2,2,0,2,LEXINGTON-FAYETTE,September,14,Thursday,22,30,Urban,High Speed (Arterial),No,38.04110556,-84.51226667,Non-Intersection,Dark - Lighted,Clear,10:00pm-10:59pm,33,10:00pm-10:59pm,33,Not Applicable (Not Transported),Not Applicable (Not Transported),1,Dark - Lighted,Clear,1,1,['Driver'],['None_Used'],0,0,Invalid,1.0,0.0,30.0,20.0,"['Male', 'Male']",1,0,5,4,5,Dry,Straight,Non-Trafficway,Lowest,No
15707,21,Kentucky,210511,0,2,2,0,2,JUNCTION CITY,September,11,Monday,16,11,Urban,Medium Speed (Collector),No,37.57579444,-84.79165278,Complex/Circle,Daylight,Clear,2:00pm-2:59pm,54,2:00pm-2:59pm,56,3:00pm-3:59pm,50,1,Daylight,Clear,1,1,['Driver'],['None_Used'],0,0,Valid,0.0,0.0,57.0,39.0,"['Female', 'Male']",0,0,5,4,5,Dry,Straight,Level,Lowest,No
15708,21,Kentucky,210512,1,1,1,0,1,LOUISVILLE,September,13,Wednesday,23,2,Urban,High Speed (Arterial),Yes,38.13794167,-85.88776111,Non-Intersection,Dark - Unknown Lighting,Clear,11:00pm-11:59pm,3,11:00pm-11:59pm,10,Not Applicable (Not Transported),Not Applicable (Not Transported),1,Dark - Unlighted,Clear,0,1,[],[],0,0,Valid,0.0,0.0,38.0,38.0,['Male'],1,0,2,4,4,Dry,Straight,Level,Lowest,No
15709,21,Kentucky,210513,0,2,2,0,2,LEXINGTON-FAYETTE,September,15,Friday,16,54,Urban,Medium Speed (Collector),No,38.08506944,-84.55165556,Non-Intersection,Daylight,Clear,4:00pm-4:59pm,54,5:00pm-5:59pm,1,5:00pm-5:59pm,22,1,Daylight,Clear,1,1,['Driver'],['None_Used'],0,0,Valid,1.0,0.0,62.0,29.0,"['Female', 'Male']",0,0,5,4,5,Dry,Straight,Level,Lowest,No
15710,21,Kentucky,210514,1,1,1,0,1,LEXINGTON-FAYETTE,September,15,Friday,22,4,Urban,High Speed (Arterial),Yes,38.07091389,-84.47686944,Non-Intersection,Dark - Lighted,Clear,10:00pm-10:59pm,6,10:00pm-10:59pm,8,10:00pm-10:59pm,27,1,Dark - Lighted,Clear,0,0,[],[],0,0,Invalid,0.0,0.0,998.0,998.0,['Other'],0,0,5,3,4,Dry,Straight,Level,Lowest,No
15711,21,Kentucky,210516,0,2,2,0,3,CRESTWOOD,September,16,Saturday,15,46,Rural,Medium Speed (Collector),No,38.348075,-85.49122778,Complex/Circle,Daylight,Clear,3:00pm-3:59pm,42,3:00pm-3:59pm,48,4:00pm-4:59pm,29,1,Daylight,Clear,1,2,['Front_Passenger'],['Shoulder_Lapbelt'],1,1,Invalid,0.0,0.0,61.0,23.0,"['Male', 'Female']",1,0,3,4,5,Dry,Curve,Level,Lowest,No
15712,21,Kentucky,210517,0,2,2,0,3,NOT APPLICABLE,September,16,Saturday,18,43,Rural,Medium Speed (Collector),No,37.65798056,-85.11910556,Non-Intersection,Daylight,Clear,6:00pm-6:59pm,39,6:00pm-6:59pm,51,8:00pm-8:59pm,8,1,Daylight,Clear,1,2,['Driver'],['None_Used'],1,1,Valid,0.0,0.0,47.0,35.0,"['Male', 'Male']",2,0,3,4,5,Dry,Straight,Level,Lowest,No
15713,21,Kentucky,210518,0,1,1,0,1,NOT APPLICABLE,September,17,Sunday,9,2,Rural,Medium Speed (Collector),No,37.59471944,-86.19513056,Non-Intersection,Daylight,Cloudy,9:00am-9:59am,1,9:00am-9:59am,26,Not Applicable (Not Transported),Not Applicable (Not Transported),1,Daylight,Reduced Visibility,1,0,['Driver'],['None_Used'],0,0,Valid,0.0,0.0,18.0,18.0,['Female'],1,0,2,4,2,Dry,Straight,Level,Lowest,Yes
15714,21,Kentucky,210519,0,2,2,0,4,MOUNT VERNON,September,17,Sunday,14,31,Rural,Medium Speed (Collector),No,37.34153333,-84.30724722,Non-Intersection,Daylight,Clear,2:00pm-2:59pm,18,2:00pm-2:59pm,23,2:00pm-2:59pm,44,1,Daylight,Clear,1,3,['Driver'],['None_Used'],0,0,Valid,0.0,0.0,62.0,50.0,"['Male', 'Male']",0,0,5,4,5,Dry,Straight,Level,Lowest,No