,State_Code,State_Name,Crash_ID,Count_Non_Motorists,Count_Vehicles_Total,Count_Vehicle_Forms,Count_PVH_Involved,Count_Occupants_MV,City_Name,Month_Name,Day_of_Month,Day_of_Week,Crash_Hour,Crash_Minute,Area_Rural_Urban,Road_Functional_Class,On_NHS_Road,Latitude,Longitude,Intersection_Type,Light_Condition,Weather_Condition,Notif_Hour,Notif_Minute,Arrival_Hour,Arrival_Minute,Hospital_Hour,Hospital_Minute,Fatalities_Count,Clean_Light_Condition,Clean_Weather_Condition,Total_Killed,Total_Alive,Fatal_Seats_List,Killed_Restraint_List,Any_Driver_Drinking,Total_Drinking_Drivers,Driver_License_Category,Driver_Max_Prev_Accident_Count,Driver_Max_Prev_Speeding_Count,Max_Driver_Age,Min_Driver_Age,Driver_Sex_List,Total_Exceeding_Limit_Vehicles,Total_Too_Fast_Vehicles,Max_Vehicle_Type_Severity_5,Max_Vehicle_Damage_Rank,Max_Harmful_Event_Severity,Crash_Road_Surface_Condition,Crash_Horizontal_Alignment,Crash_Vertical_Profile,Crash_Impairment_Category,Crash_Vehicle_Defect
15715,21,Kentucky,210520,0,2,1,1,2,LOUISVILLE,September,17,Sunday,3,9,Urban,High Speed (Arterial),Yes,38.13518333,-85.59701389,Non-Intersection,Dark - Not Lighted,Clear,3:00am-3:59am,18,3:00am-3:59am,20,4:00am-4:59am,2,1,Dark - Unlighted,Clear,1,1,['Front_Passenger'],['Shoulder_Lapbelt'],1,1,Invalid,0.0,0.0,19.0,19.0,['Male'],0,0,3,4,5,Dry,Straight,Level,Lowest,No
15716,21,Kentucky,210521,0,1,1,0,1,LOUISVILLE,September,19,Tuesday,18,41,Urban,Medium Speed (Collector),No,38.20164722,-85.68874444,Non-Intersection,Daylight,Clear,6:00pm-6:59pm,44,6:00pm-6:59pm,46,7:00pm-7:59pm,14,1,Daylight,Clear,1,0,['Driver'],['None_Used'],0,0,Invalid,0.0,0.0,34.0,34.0,['Male'],0,0,5,4,3,Dry,Straight,Level,Lowest,No
15717,21,Kentucky,210522,0,2,2,0,4,NOT APPLICABLE,September,1,Friday,15,46,Rural,Medium Speed (Collector),No,37.806325,-85.602925,Non-Intersection,Daylight,Clear,3:00pm-3:59pm,46,3:00pm-3:59pm,59,5:00pm-5:59pm,13,1,Daylight,Clear,1,3,['Front_Passenger'],['Shoulder_Lapbelt'],0,0,Valid,1.0,1.0,54.0,19.0,"['Male', 'Female']",0,0,2,4,5,Dry,Curve,Level,Lowest,No
15718,21,Kentucky,210523,0,1,1,0,1,NOT APPLICABLE,September,3,Sunday,16,48,Rural,Low Speed (Local),No,38.83196111,-84.40036111,Non-Intersection,Daylight,Clear,4:00pm-4:59pm,49,5:00pm-5:59pm,3,5:00pm-5:59pm,53,1,Daylight,Clear,1,0,['Driver'],['None_Used'],0,0,Invalid,0.0,0.0,15.0,15.0,['Female'],0,0,5,4,3,Dry,Curve,Grade/Hillcrest,Lowest,No
15719,21,Kentucky,210524,0,1,1,0,1,NOT APPLICABLE,September,8,Friday,22,12,Rural,Low Speed (Local),No,37.915925,-85.35717222,Non-Intersection,Dark - Not Lighted,Clear,10:00pm-10:59pm,13,10:00pm-10:59pm,20,Not Applicable (Not Transported),Not Applicable (Not Transported),1,Dark - Unlighted,Clear,1,0,['Driver'],['None_Used'],0,0,Invalid,1.0,2.0,33.0,33.0,['Male'],1,0,5,4,3,Dry,Curve,Level,Lowest,No
15720,21,Kentucky,210525,0,2,2,0,2,NOT APPLICABLE,September,9,Saturday,14,36,Rural,Medium Speed (Collector),No,37.50778889,-86.84031111,Simple Junction,Daylight,Clear,2:00pm-2:59pm,43,2:00pm-2:59pm,49,3:00pm-3:59pm,26,1,Daylight,Clear,1,1,['Driver'],['None_Used'],0,0,Valid,1.0,0.0,67.0,25.0,"['Female', 'Male']",0,0,5,4,5,Dry,Straight,Grade/Hillcrest,Lowest,No
15721,21,Kentucky,210526,1,1,1,0,1,SHIVELY,September,10,Sunday,20,53,Urban,High Speed (Arterial),Yes,38.19233333,-85.80787222,Non-Intersection,Dark - Not Lighted,Clear,8:00pm-8:59pm,52,8:00pm-8:59pm,58,9:00pm-9:59pm,19,1,Dark - Unlighted,Clear,0,1,[],[],1,1,Invalid,0.0,0.0,37.0,37.0,['Male'],0,0,3,0,4,Dry,Straight,Level,Lowest,No
15722,21,Kentucky,210527,1,1,1,0,1,SHIVELY,September,14,Thursday,4,20,Urban,Medium Speed (Collector),No,38.20111389,-85.79425278,Non-Intersection,Dark - Lighted,Clear,3:00am-3:59am,52,3:00am-3:59am,52,4:00am-4:59am,20,1,Dark - Lighted,Clear,0,0,[],[],0,0,Invalid,0.0,0.0,998.0,998.0,['Other'],0,0,1,0,4,Dry,Straight,Level,Lowest,No
15723,21,Kentucky,210528,1,1,1,0,1,LEBANON JUNCTION,September,15,Friday,2,3,Rural,Medium Speed (Collector),No,37.822,-85.70561389,Non-Intersection,Dark - Not Lighted,Clear,2:00am-2:59am,2,2:00am-2:59am,6,2:00am-2:59am,43,1,Dark - Unlighted,Clear,0,1,[],[],0,0,Valid,0.0,0.0,39.0,39.0,['Female'],0,0,2,2,4,Dry,Straight,Level,Lowest,No
15724,21,Kentucky,210529,0,1,1,0,1,NOT APPLICABLE,September,23,Saturday,15,41,Rural,High Speed (Arterial),Yes,38.17229444,-85.156575,Non-Intersection,Daylight,Clear,3:00pm-3:59pm,42,3:00pm-3:59pm,47,4:00pm-4:59pm,13,1,Daylight,Clear,1,0,['Driver'],['None_Used'],0,0,Valid,0.0,0.0,43.0,43.0,['Male'],0,0,3,4,3,Dry,Straight,Level,Lowest,No
15725,21,Kentucky,210530,0,1,1,0,2,NOT APPLICABLE,September,23,Saturday,17,37,Rural,Medium Speed (Collector),No,38.82405556,-84.760925,Non-Intersection,Daylight,Clear,4:00pm-4:59pm,43,4:00pm-4:59pm,55,5:00pm-5:59pm,15,1,Daylight,Clear,1,1,['Front_Passenger'],['None_Used'],0,0,Valid,0.0,0.0,64.0,64.0,['Female'],0,0,3,4,3,Dry,Curve,Grade/Hillcrest,Lowest,No
15726,21,Kentucky,210531,0,3,3,0,4,NOT APPLICABLE,September,23,Saturday,23,48,Rural,Medium Speed (Collector),No,36.80105,-86.55988333,Non-Intersection,Dark - Not Lighted,Clear,11:00pm-11:59pm,59,0:00am-0:59am,4,1:00am-1:59am,0,2,Dark - Unlighted,Clear,2,2,"['Driver', 'Driver']","['Shoulder_Lapbelt', 'None_Used']",1,1,Valid,1.0,0.0,28.0,17.0,"['Male', 'Male', 'Female']",0,0,3,4,5,Dry,Straight,Level,Lowest,No
15727,21,Kentucky,210532,0,1,1,0,1,NOT APPLICABLE,September,24,Sunday,9,53,Rural,Medium Speed (Collector),No,38.28495278,-84.58214444,Non-Intersection,Daylight,Clear,9:00am-9:59am,59,10:00am-10:59am,10,Not Applicable (Not Transported),Not Applicable (Not Transported),1,Daylight,Clear,1,0,['Driver'],['None_Used'],1,1,Valid,0.0,0.0,45.0,45.0,['Male'],0,0,2,4,3,Dry,Curve,Level,Lowest,No
15728,21,Kentucky,210533,0,2,2,0,2,NOT APPLICABLE,September,24,Sunday,17,47,Rural,Medium Speed (Collector),No,37.96098889,-84.75237778,Non-Intersection,Daylight,Clear,5:00pm-5:59pm,47,5:00pm-5:59pm,56,5:00pm-5:59pm,56,1,Daylight,Clear,1,1,['Driver'],['None_Used'],0,0,Valid,1.0,0.0,21.0,20.0,"['Male', 'Male']",0,0,5,4,5,Dry,Curve,Level,Lowest,No
15729,21,Kentucky,210534,0,1,1,0,1,NOT APPLICABLE,September,24,Sunday,19,53,Rural,Medium Speed (Collector),No,38.48121389,-84.98570556,Non-Intersection,Dark - Not Lighted,Clear,8:00pm-8:59pm,16,8:00pm-8:59pm,45,Not Applicable (Not Transported),Not Applicable (Not Transported),1,Dark - Unlighted,Clear,1,0,['Driver'],['None_Used'],1,1,Valid,0.0,0.0,33.0,33.0,['Male'],0,0,2,4,3,Dry,Straight,Level,Lowest,No
15730,21,Kentucky,210535,1,1,1,0,1,LOUISVILLE,September,22,Friday,23,25,Urban,Medium Speed (Collector),No,38.13828333,-85.68364444,Non-Intersection,Dark - Not Lighted,Clear,11:00pm-11:59pm,25,11:00pm-11:59pm,31,Not Applicable (Not Transported),Not Applicable (Not Transported),1,Dark - Unlighted,Clear,0,1,[],[],0,0,Valid,0.0,0.0,34.0,34.0,['Male'],0,0,3,2,4,Dry,Straight,Level,Lowest,No
15731,21,Kentucky,210536,1,1,1,0,1,LOUISVILLE,September,26,Tuesday,6,23,Urban,Medium Speed (Collector),No,38.24862778,-85.67458056,Simple Junction,Dark - Not Lighted,Clear,6:00am-6:59am,23,6:00am-6:59am,34,6:00am-6:59am,55,1,Dark - Unlighted,Clear,0,1,[],[],0,0,Valid,0.0,0.0,20.0,20.0,['Male'],0,0,2,2,4,Dry,Straight,Level,Lowest,No
15732,21,Kentucky,210537,0,2,2,0,2,NOT APPLICABLE,September,26,Tuesday,16,15,Rural,Low Speed (Local),No,37.36625556,-83.91564444,Non-Intersection,Daylight,Clear,3:00pm-3:59pm,49,4:00pm-4:59pm,18,4:00pm-4:59pm,25,1,Daylight,Clear,1,1,['Driver'],['None_Used'],1,1,Valid,2.0,3.0,46.0,39.0,"['Male', 'Male']",0,0,5,4,5,Dry,Curve,Grade/Hillcrest,Lowest,No
15733,21,Kentucky,210538,0,2,2,0,2,LEXINGTON-FAYETTE,September,26,Tuesday,23,27,Rural,High Speed (Arterial),Yes,38.0924,-84.42985556,Non-Intersection,Dark - Not Lighted,Clear,11:00pm-11:59pm,29,11:00pm-11:59pm,34,0:00am-0:59am,3,1,Dark - Unlighted,Clear,1,1,['Driver'],['Shoulder_Lapbelt'],1,1,Valid,2.0,3.0,28.0,25.0,"['Female', 'Female']",0,0,2,4,5,Dry,Straight,Level,Lowest,No
15734,21,Kentucky,210539,0,1,1,0,4,NOT APPLICABLE,September,3,Sunday,15,45,Rural,Medium Speed (Collector),No,38.14680556,-84.21683333,Non-Intersection,Daylight,Clear,5:00pm-5:59pm,49,5:00pm-5:59pm,54,6:00pm-6:59pm,42,2,Daylight,Clear,2,2,"['Front_Passenger', 'Front_Passenger']","['None_Used', 'None_Used']",0,0,Valid,1.0,1.0,38.0,38.0,['Female'],0,0,2,4,3,Dry,Straight,Level,Lowest,No
15735,21,Kentucky,210540,0,1,1,0,1,NOT APPLICABLE,September,13,Wednesday,18,41,Rural,Low Speed (Local),No,37.83103889,-87.04481111,Non-Intersection,Daylight,Clear,6:00pm-6:59pm,44,6:00pm-6:59pm,54,Not Applicable (Not Transported),Not Applicable (Not Transported),1,Daylight,Clear,1,0,['Driver'],['Shoulder_Lapbelt'],0,0,Valid,0.0,0.0,30.0,30.0,['Male'],0,0,3,4,2,Dry,Curve,Grade/Hillcrest,Lowest,No
15736,21,Kentucky,210541,0,1,1,0,1,NOT APPLICABLE,September,28,Thursday,12,0,Rural,Medium Speed (Collector),No,37.66941667,-84.05180278,Non-Intersection,Daylight,Rain,12:00pm-12:59pm,0,12:00pm-12:59pm,12,Not Applicable (Not Transported),Not Applicable (Not Transported),1,Daylight,Rain/Wind/Minor,1,0,['Driver'],['None_Used'],0,0,Invalid,0.0,0.0,50.0,50.0,['Male'],0,0,2,4,3,Wet/Standing Water,Straight,Level,Medium,No
15737,21,Kentucky,210542,1,1,1,0,1,LEXINGTON-FAYETTE,September,29,Friday,19,25,Urban,High Speed (Arterial),Yes,37.99815833,-84.46354444,Non-Intersection,Dusk,Clear,7:00pm-7:59pm,25,7:00pm-7:59pm,25,Not Applicable (Not Transported),Not Applicable (Not Transported),1,Twilight,Clear,0,1,[],[],0,0,Valid,1.0,0.0,40.0,40.0,['Female'],0,0,3,3,4,Dry,Straight,Level,Lowest,No
15738,21,Kentucky,210543,0,2,2,0,4,SPARTA,September,15,Friday,16,51,Rural,Medium Speed (Collector),No,38.70859167,-84.91001389,Complex/Circle,Daylight,Clear,4:00pm-4:59pm,51,5:00pm-5:59pm,15,5:00pm-5:59pm,52,1,Daylight,Clear,1,3,['Driver'],['Shoulder_Lapbelt'],0,0,Valid,1.0,0.0,68.0,19.0,"['Male', 'Female']",0,0,3,4,5,Dry,Straight,Level,Lowest,No
15739,21,Kentucky,210544,0,1,1,0,1,NOT APPLICABLE,September,19,Tuesday,22,4,Rural,Low Speed (Local),No,37.36997222,-86.83914722,Non-Intersection,Dark - Not Lighted,Clear,10:00pm-10:59pm,9,10:00pm-10:59pm,24,10:00pm-10:59pm,57,1,Dark - Unlighted,Clear,1,0,['Driver'],['None_Used'],0,0,Valid,2.0,0.0,36.0,36.0,['Male'],1,0,5,4,3,Dry,Curve,Grade/Hillcrest,Lowest,No
15740,21,Kentucky,210545,0,1,1,0,1,GEORGETOWN,September,26,Tuesday,23,19,Urban,High Speed (Arterial),Yes,38.24435833,-84.52805278,Simple Junction,Dark - Lighted,Rain,11:00pm-11:59pm,22,11:00pm-11:59pm,25,Not Applicable (Not Transported),Not Applicable (Not Transported),1,Dark - Lighted,Rain/Wind/Minor,1,0,['Driver'],['Shoulder_Lapbelt'],0,0,Valid,0.0,0.0,72.0,72.0,['Female'],0,0,2,4,3,Dry,Straight,Level,Lowest,No
15741,21,Kentucky,210546,0,1,1,0,1,NOT APPLICABLE,September,7,Thursday,15,19,Rural,Medium Speed (Collector),No,36.82796111,-84.21100833,Non-Intersection,Daylight,Clear,3:00pm-3:59pm,22,3:00pm-3:59pm,29,Not Applicable (Not Transported),Not Applicable (Not Transported),1,Daylight,Clear,1,0,['Driver'],['None_Used'],0,0,Valid,0.0,0.0,79.0,79.0,['Male'],0,0,3,4,2,Dry,Straight,Grade/Hillcrest,Medium,No
15742,21,Kentucky,210547,0,1,1,0,1,NOT APPLICABLE,September,28,Thursday,14,27,Rural,Medium Speed (Collector),No,37.50585556,-87.65691667,Non-Intersection,Daylight,Clear,2:00pm-2:59pm,30,2:00pm-2:59pm,40,3:00pm-3:59pm,20,1,Daylight,Clear,1,0,['Driver'],['None_Used'],0,0,Valid,0.0,0.0,36.0,36.0,['Male'],0,0,3,4,2,Dry,Straight,Level,Lowest,No
15743,21,Kentucky,210548,1,1,1,0,3,NOT APPLICABLE,September,28,Thursday,19,50,Rural,Low Speed (Local),No,38.07458056,-83.91012222,Simple Junction,Dark - Not Lighted,Clear,7:00pm-7:59pm,52,7:00pm-7:59pm,58,Not Applicable (Not Transported),Not Applicable (Not Transported),1,Dark - Unlighted,Clear,0,3,[],[],0,0,Valid,0.0,0.0,26.0,26.0,['Female'],0,0,3,4,4,Dry,Straight,Level,Lowest,No
15744,21,Kentucky,210549,0,1,1,0,1,NOT APPLICABLE,September,30,Saturday,19,8,Rural,Low Speed (Local),No,36.64988611,-87.353775,Non-Intersection,Dark - Lighted,Clear,7:00pm-7:59pm,8,7:00pm-7:59pm,17,Not Applicable (Not Transported),Not Applicable (Not Transported),1,Dark - Lighted,Clear,1,0,['Driver'],['None_Used'],1,1,Valid,0.0,0.0,24.0,24.0,['Male'],1,0,2,4,2,Dry,Straight,Level,Lowest,No
15745,21,Kentucky,210550,0,1,1,0,2,CORBIN,September,3,Sunday,6,40,Rural,Medium Speed (Collector),No,36.92285556,-84.14802778,Non-Intersection,Dark - Not Lighted,Clear,6:00am-6:59am,40,6:00am-6:59am,48,7:00am-7:59am,9,1,Dark - Unlighted,Clear,1,1,['Front_Passenger'],['None_Used'],1,1,Valid,1.0,0.0,25.0,25.0,['Male'],0,0,2,4,3,Dry,Straight,Level,Lowest,No
15746,21,Kentucky,210551,1,1,1,0,1,NOT APPLICABLE,April,3,Monday,4,44,Rural,High Speed (Arterial),Yes,38.15881389,-84.90485278,Non-Intersection,Dark - Not Lighted,Clear,4:00am-4:59am,46,4:00am-4:59am,59,Not Applicable (Not Transported),Not Applicable (Not Transported),1,Dark - Unlighted,Clear,0,1,[],[],0,0,Valid,0.0,0.0,38.0,38.0,['Male'],0,0,2,2,4,Dry,Straight,Level,Lowest,No
15747,21,Kentucky,210552,0,1,1,0,3,FRANKFORT,August,29,Tuesday,22,32,Urban,Low Speed (Local),No,38.18195556,-84.85826944,Non-Intersection,Dark - Not Lighted,Clear,10:00pm-10:59pm,37,10:00pm-10:59pm,40,11:00pm-11:59pm,19,1,Dark - Unlighted,Clear,1,2,['Rear_Seat'],['Shoulder_Lapbelt'],0,0,Valid,0.0,1.0,30.0,30.0,['Female'],0,0,3,1,1,Dry,Curve,Level,Lowest,No
15748,21,Kentucky,210553,0,1,1,0,1,NOT APPLICABLE,September,28,Thursday,14,22,Rural,Medium Speed (Collector),No,36.71593889,-86.91529444,Non-Intersection,Daylight,Cloudy,2:00pm-2:59pm,22,2:00pm-2:59pm,31,3:00pm-3:59pm,1,1,Daylight,Reduced Visibility,1,0,['Driver'],['None_Used'],0,0,Valid,0.0,0.0,71.0,71.0,['Male'],1,0,3,4,3,Wet/Standing Water,Curve,Level,Lowest,No
15749,21,Kentucky,210554,0,1,1,0,2,LOUISVILLE,September,22,Friday,4,29,Urban,Low Speed (Local),No,38.14137778,-85.79327222,Non-Intersection,Dark - Lighted,Clear,4:00am-4:59am,29,4:00am-4:59am,36,5:00am-5:59am,0,1,Dark - Lighted,Clear,1,1,['Driver'],['None_Used'],1,1,Valid,0.0,0.0,29.0,29.0,['Male'],2,0,2,4,3,Dry,Curve,Level,Lowest,No
15750,21,Kentucky,210555,1,1,1,0,1,LEXINGTON-FAYETTE,September,29,Friday,21,17,Urban,Low Speed (Local),No,38.04671111,-84.48406111,Non-Intersection,Dark - Lighted,Clear,9:00pm-9:59pm,18,9:00pm-9:59pm,21,9:00pm-9:59pm,53,1,Dark - Lighted,Clear,0,1,[],[],1,1,Valid,0.0,0.0,37.0,37.0,['Female'],0,0,2,2,4,Dry,Straight,Level,Lowest,No
15751,21,Kentucky,210556,0,1,1,0,1,META,June,7,Wednesday,6,15,Rural,Medium Speed (Collector),No,37.56036667,-82.435825,Non-Intersection,Dark - Not Lighted,Rain,6:00am-6:59am,20,6:00am-6:59am,24,Not Applicable (Not Transported),Not Applicable (Not Transported),1,Dark - Unlighted,Rain/Wind/Minor,1,0,['Driver'],['None_Used'],0,0,Valid,0.0,0.0,35.0,35.0,['Male'],0,0,2,4,3,Wet/Standing Water,Curve,Level,Lowest,No
15752,21,Kentucky,210557,0,1,1,0,1,LEXINGTON-FAYETTE,August,24,Thursday,17,6,Rural,Medium Speed (Collector),No,38.08109444,-84.35876667,Non-Intersection,Daylight,Clear,5:00pm-5:59pm,4,5:00pm-5:59pm,22,6:00pm-6:59pm,4,1,Daylight,Clear,1,0,['Driver'],['Shoulder_Lapbelt'],0,0,Valid,0.0,0.0,91.0,91.0,['Female'],0,0,2,4,3,Dry,Curve,Grade/Hillcrest,Lowest,No
15753,21,Kentucky,210558,0,2,2,0,2,NOT APPLICABLE,August,28,Monday,13,8,Rural,Medium Speed (Collector),No,37.64360833,-87.12024722,Non-Intersection,Daylight,Clear,1:00pm-1:59pm,8,1:00pm-1:59pm,17,1:00pm-1:59pm,50,1,Daylight,Clear,1,1,['Driver'],['Shoulder_Lapbelt'],0,0,Valid,1.0,0.0,73.0,69.0,"['Male', 'Male']",0,0,3,4,5,Dry,Straight,Level,Lowest,No
15754,21,Kentucky,210559,0,3,3,0,4,NOT APPLICABLE,September,16,Saturday,11,6,Rural,Medium Speed (Collector),No,37.52228056,-86.47279167,Non-Intersection,Daylight,Clear,11:00am-11:59am,12,11:00am-11:59am,29,11:00am-11:59am,52,1,Daylight,Clear,1,3,['Driver'],['Shoulder_Lapbelt'],0,0,Valid,0.0,0.0,63.0,52.0,"['Female', 'Male', 'Male']",0,0,3,4,5,Dry,Straight,Level,Lowest,No
15755,21,Kentucky,210560,0,1,1,0,1,MCDOWELL,August,31,Thursday,13,47,Rural,Low Speed (Local),No,37.42441111,-82.69564444,Non-Intersection,Daylight,Clear,2:00pm-2:59pm,26,2:00pm-2:59pm,35,Not Applicable (Not Transported),Not Applicable (Not Transported),1,Daylight,Clear,1,0,['Driver'],['None_Used'],0,0,Valid,0.0,0.0,40.0,40.0,['Male'],0,0,5,4,2,Dry,Curve,Level,Lowest,Yes
15756,21,Kentucky,210561,0,2,2,0,2,ERLANGER,October,2,Monday,20,10,Urban,Medium Speed (Collector),No,39.02018333,-84.59266389,Complex/Circle,Dark - Lighted,Clear,8:00pm-8:59pm,11,8:00pm-8:59pm,15,8:00pm-8:59pm,38,1,Dark - Lighted,Clear,1,1,['Driver'],['None_Used'],0,0,Valid,0.0,0.0,66.0,46.0,"['Female', 'Male']",0,0,5,4,5,Dry,Curve,Grade/Hillcrest,Lowest,No
15757,21,Kentucky,210562,0,3,3,0,4,LOUISVILLE,October,4,Wednesday,15,14,Urban,High Speed (Arterial),Yes,38.30954722,-85.59210833,Non-Intersection,Daylight,Cloudy,3:00pm-3:59pm,21,3:00pm-3:59pm,37,4:00pm-4:59pm,32,1,Daylight,Reduced Visibility,1,3,['Front_Passenger'],['Shoulder_Lapbelt'],0,0,Valid,1.0,2.0,84.0,60.0,"['Male', 'Male', 'Male']",1,0,4,4,5,Dry,Straight,Grade/Hillcrest,Lowest,No
15758,21,Kentucky,210563,1,1,1,0,1,COVINGTON,October,3,Tuesday,18,31,Urban,High Speed (Arterial),Yes,39.04126667,-84.50658889,Complex/Circle,Daylight,Clear,6:00pm-6:59pm,31,6:00pm-6:59pm,36,6:00pm-6:59pm,59,1,Daylight,Clear,0,1,[],[],0,0,Valid,0.0,0.0,21.0,21.0,['Male'],0,0,2,2,4,Dry,Straight,Level,Lowest,No
15759,21,Kentucky,210564,0,1,1,0,1,NOT APPLICABLE,October,3,Tuesday,15,5,Rural,Low Speed (Local),No,36.95270278,-85.82946944,Non-Intersection,Daylight,Clear,3:00pm-3:59pm,9,3:00pm-3:59pm,32,3:00pm-3:59pm,43,1,Daylight,Clear,1,0,['Driver'],['None_Used'],1,1,Valid,0.0,0.0,50.0,50.0,['Male'],0,0,2,4,3,Dry,Straight,Level,Lowest,No
15760,21,Kentucky,210565,0,1,1,0,1,NOT APPLICABLE,October,5,Thursday,3,59,Rural,High Speed (Arterial),Yes,37.33301667,-84.30426944,Non-Intersection,Dark - Lighted,Clear,3:00am-3:59am,34,3:00am-3:59am,47,4:00am-4:59am,5,1,Dark - Lighted,Clear,1,0,['Driver'],['None_Used'],0,0,Valid,1.0,1.0,26.0,26.0,['Male'],0,0,2,4,3,Dry,Curve,Grade/Hillcrest,Lowest,No
15761,21,Kentucky,210566,0,3,3,0,4,HEBRON,October,9,Monday,13,52,Urban,High Speed (Arterial),Yes,39.07538611,-84.67975,Non-Intersection,Daylight,Cloudy,1:00pm-1:59pm,53,1:00pm-1:59pm,58,2:00pm-2:59pm,34,1,Daylight,Reduced Visibility,1,3,['Front_Passenger'],['Shoulder_Lapbelt'],0,0,Valid,1.0,1.0,70.0,36.0,"['Male', 'Male', 'Male']",0,0,3,4,5,Dry,Straight,Grade/Hillcrest,Lowest,No
15762,21,Kentucky,210567,0,2,2,0,2,NOT APPLICABLE,October,10,Tuesday,9,26,Rural,Medium Speed (Collector),No,36.92252778,-85.13935,Non-Intersection,Daylight,Clear,9:00am-9:59am,17,9:00am-9:59am,29,Not Applicable (Not Transported),Not Applicable (Not Transported),1,Daylight,Clear,1,1,['Driver'],['Shoulder_Lapbelt'],1,1,Valid,2.0,0.0,37.0,36.0,"['Male', 'Male']",0,0,4,4,5,Dry,Curve,Grade/Hillcrest,Lowest,No
15763,21,Kentucky,210568,0,2,2,0,3,BARDSTOWN,October,10,Tuesday,21,4,Rural,High Speed (Arterial),Yes,37.80800556,-85.41638333,Non-Intersection,Dark - Not Lighted,Clear,9:00pm-9:59pm,9,9:00pm-9:59pm,17,11:00pm-11:59pm,56,1,Dark - Unlighted,Clear,1,2,['Driver'],['Shoulder_Lapbelt'],1,1,Valid,0.0,1.0,71.0,33.0,"['Male', 'Male']",0,0,2,4,5,Dry,Straight,Level,Lowest,No
15764,21,Kentucky,210569,0,3,3,0,3,OWENSBORO,October,11,Wednesday,18,10,Urban,High Speed (Arterial),Yes,37.76645,-87.08799444,Complex/Circle,Daylight,Cloudy,6:00pm-6:59pm,9,6:00pm-6:59pm,13,6:00pm-6:59pm,33,1,Daylight,Reduced Visibility,1,2,['Driver'],['None_Used'],0,0,Valid,1.0,2.0,48.0,23.0,"['Female', 'Male', 'Female']",0,0,5,4,5,Dry,Straight,Level,Lowest,No
15765,21,Kentucky,210570,0,2,2,0,7,WILLIAMSBURG,October,12,Thursday,18,30,Rural,Medium Speed (Collector),No,36.727475,-84.18945278,Non-Intersection,Dark - Not Lighted,Clear,8:00pm-8:59pm,28,8:00pm-8:59pm,40,9:00pm-9:59pm,20,1,Dark - Unlighted,Clear,1,6,['Front_Passenger'],['Shoulder_Lapbelt'],0,0,Valid,1.0,0.0,31.0,18.0,"['Male', 'Male']",0,0,3,4,5,Dry,Curve,Level,Medium,No
15766,21,Kentucky,210571,0,2,2,0,2,NOT APPLICABLE,October,12,Thursday,18,18,Rural,Medium Speed (Collector),No,37.21770833,-85.58691111,Non-Intersection,Dusk,Clear,6:00pm-6:59pm,13,6:00pm-6:59pm,25,Not Applicable (Not Transported),Not Applicable (Not Transported),1,Twilight,Clear,1,1,['Driver'],['None_Used'],0,0,Valid,0.0,1.0,79.0,25.0,"['Male', 'Male']",0,0,5,4,5,Dry,Straight,Level,Lowest,No
15767,21,Kentucky,210572,0,1,1,0,2,LOUISVILLE,October,10,Tuesday,22,40,Urban,Medium Speed (Collector),No,38.14991667,-85.761725,Non-Intersection,Dark - Unknown Lighting,Clear,10:00pm-10:59pm,41,10:00pm-10:59pm,48,Unknown,Unknown EMS Hospital Arrival Time,1,Dark - Unlighted,Clear,1,0,['Front_Passenger'],['None_Used'],0,0,Invalid,0.0,0.0,998.0,998.0,['Male'],2,0,2,4,3,Dry,Curve,Level,Lowest,No
15768,21,Kentucky,210573,0,3,3,0,6,BOWLING GREEN,October,13,Friday,17,41,Urban,High Speed (Arterial),Yes,37.01031944,-86.39688333,Non-Intersection,Daylight,Clear,5:00pm-5:59pm,42,5:00pm-5:59pm,47,6:00pm-6:59pm,13,1,Daylight,Clear,1,5,['Driver'],['Shoulder_Lapbelt'],0,0,Valid,0.0,0.0,68.0,20.0,"['Male', 'Female', 'Female']",0,0,3,4,5,Dry,Straight,Level,Lowest,No
15769,21,Kentucky,210574,2,2,1,1,2,NOT APPLICABLE,October,14,Saturday,0,5,Rural,High Speed (Arterial),Yes,38.74945833,-84.81280556,Non-Intersection,Dark - Not Lighted,Rain,0:00am-0:59am,0,0:00am-0:59am,19,0:00am-0:59am,54,2,Dark - Unlighted,Rain/Wind/Minor,2,0,"['Driver', 'Front_Passenger']","['Shoulder_Lapbelt', 'Shoulder_Lapbelt']",1,1,Valid,2.0,1.0,20.0,20.0,['Female'],0,0,3,4,5,Wet/Standing Water,Curve,Level,Lowest,No
15770,21,Kentucky,210575,0,1,1,0,2,NOT APPLICABLE,October,14,Saturday,9,31,Rural,Medium Speed (Collector),No,37.91592222,-83.8694,Non-Intersection,Daylight,Rain,9:00am-9:59am,32,9:00am-9:59am,50,Not Applicable (Not Transported),Not Applicable (Not Transported),2,Daylight,Rain/Wind/Minor,2,0,"['Driver', 'Front_Passenger']","['Shoulder_Lapbelt', 'Shoulder_Lapbelt']",0,0,Valid,0.0,1.0,76.0,76.0,['Male'],0,0,2,4,3,Wet/Standing Water,Curve,Grade/Hillcrest,Lowest,No
15771,21,Kentucky,210576,0,1,1,0,1,LOUISVILLE,October,11,Wednesday,1,48,Urban,Medium Speed (Collector),No,38.07235,-85.90411389,Non-Intersection,Dark - Not Lighted,"Fog, Smog, Smoke",1:00am-1:59am,50,1:00am-1:59am,56,Not Applicable (Not Transported),Not Applicable (Not Transported),1,Dark - Unlighted,Reduced Visibility,1,0,['Driver'],['Shoulder_Only'],1,1,Valid,0.0,0.0,32.0,32.0,['Female'],1,0,3,4,3,Dry,Curve,Level,Lowest,No
15772,21,Kentucky,210577,0,2,2,0,3,ANNVILLE,October,16,Monday,9,33,Rural,Medium Speed (Collector),No,37.31955278,-83.94261389,Non-Intersection,Daylight,Clear,9:00am-9:59am,31,9:00am-9:59am,42,10:00am-10:59am,32,1,Daylight,Clear,1,2,['Driver'],['Shoulder_Lapbelt'],0,0,Valid,0.0,1.0,72.0,70.0,"['Female', 'Male']",0,0,3,4,5,Wet/Standing Water,Straight,Grade/Hillcrest,Lowest,No
15773,21,Kentucky,210578,0,2,2,0,2,NOT APPLICABLE,October,17,Tuesday,16,40,Urban,High Speed (Arterial),Yes,37.00116944,-86.374175,Non-Intersection,Daylight,Clear,4:00pm-4:59pm,51,5:00pm-5:59pm,22,6:00pm-6:59pm,11,1,Daylight,Clear,1,1,['Driver'],['Shoulder_Lapbelt'],0,0,Invalid,1.0,0.0,78.0,19.0,"['Male', 'Female']",1,0,3,4,5,Dry,Straight,Level,Lowest,No