,State_Code,State_Name,Crash_ID,Count_Non_Motorists,Count_Vehicles_Total,Count_Vehicle_Forms,Count_PVH_Involved,Count_Occupants_MV,City_Name,Month_Name,Day_of_Month,Day_of_Week,Crash_Hour,Crash_Minute,Area_Rural_Urban,Road_Functional_Class,On_NHS_Road,Latitude,Longitude,Intersection_Type,Light_Condition,Weather_Condition,Notif_Hour,Notif_Minute,Arrival_Hour,Arrival_Minute,Hospital_Hour,Hospital_Minute,Fatalities_Count,Clean_Light_Condition,Clean_Weather_Condition,Total_Killed,Total_Alive,Fatal_Seats_List,Killed_Restraint_List,Any_Driver_Drinking,Total_Drinking_Drivers,Driver_License_Category,Driver_Max_Prev_Accident_Count,Driver_Max_Prev_Speeding_Count,Max_Driver_Age,Min_Driver_Age,Driver_Sex_List,Total_Exceeding_Limit_Vehicles,Total_Too_Fast_Vehicles,Max_Vehicle_Type_Severity_5,Max_Vehicle_Damage_Rank,Max_Harmful_Event_Severity,Crash_Road_Surface_Condition,Crash_Horizontal_Alignment,Crash_Vertical_Profile,Crash_Impairment_Category,Crash_Vehicle_Defect
15774,21,Kentucky,210579,0,1,1,0,2,MARION,October,17,Tuesday,18,27,Rural,Medium Speed (Collector),No,37.33793611,-88.08024444,Simple Junction,Dark - Lighted,Clear,6:00pm-6:59pm,27,6:00pm-6:59pm,32,6:00pm-6:59pm,45,1,Dark - Lighted,Clear,1,1,['Driver'],['None_Used'],1,1,Valid,1.0,0.0,49.0,49.0,['Male'],0,0,5,2,3,Dry,Straight,Level,Lowest,No
15775,21,Kentucky,210580,0,2,2,0,2,SALYERSVILLE,October,18,Wednesday,19,44,Rural,High Speed (Arterial),Yes,37.73621389,-83.09948611,Non-Intersection,Dark - Lighted,Clear,7:00pm-7:59pm,44,7:00pm-7:59pm,51,Not Applicable (Not Transported),Not Applicable (Not Transported),1,Dark - Lighted,Clear,1,1,['Driver'],['Shoulder_Lapbelt'],1,1,Valid,0.0,0.0,43.0,26.0,"['Male', 'Male']",0,0,3,4,5,Dry,Straight,Level,Lowest,No
15776,21,Kentucky,210581,0,1,1,0,3,LEXINGTON-FAYETTE,October,13,Friday,2,48,Rural,Medium Speed (Collector),Yes,37.91338889,-84.36359444,Non-Intersection,Dark - Not Lighted,Clear,2:00am-2:59am,52,2:00am-2:59am,54,3:00am-3:59am,8,1,Dark - Unlighted,Clear,1,2,['Front_Passenger'],['Shoulder_Lapbelt'],1,1,Valid,0.0,0.0,21.0,21.0,['Male'],0,0,2,4,3,Dry,Straight,Level,Lowest,No
15777,21,Kentucky,210582,0,3,3,0,3,LOUISVILLE,October,19,Thursday,15,44,Urban,High Speed (Arterial),Yes,38.19013333,-85.76205,Non-Intersection,Daylight,Rain,3:00pm-3:59pm,45,3:00pm-3:59pm,50,4:00pm-4:59pm,18,1,Daylight,Rain/Wind/Minor,1,1,['Driver'],['None_Used'],0,0,Invalid,0.0,0.0,998.0,18.0,"['Other', 'Female', 'Female']",0,0,3,4,5,Wet/Standing Water,Straight,Level,Lowest,No
15778,21,Kentucky,210583,0,2,2,0,4,NOT APPLICABLE,October,20,Friday,1,43,Rural,High Speed (Arterial),Yes,36.99506667,-84.10759444,Non-Intersection,Dark - Not Lighted,Rain,1:00am-1:59am,43,1:00am-1:59am,54,2:00am-2:59am,37,1,Dark - Unlighted,Rain/Wind/Minor,1,3,['Front_Passenger'],['None_Used'],0,0,Valid,2.0,2.0,68.0,41.0,"['Male', 'Male']",0,0,3,4,5,Wet/Standing Water,Straight,Level,Lowest,No
15779,21,Kentucky,210584,0,1,1,0,1,NOT APPLICABLE,October,20,Friday,10,45,Rural,Medium Speed (Collector),No,37.90401389,-83.24166944,Non-Intersection,Daylight,Rain,10:00am-10:59am,49,10:00am-10:59am,53,11:00am-11:59am,33,1,Daylight,Rain/Wind/Minor,1,0,['Driver'],['None_Used'],0,0,Valid,0.0,0.0,53.0,53.0,['Female'],1,0,3,4,2,Wet/Standing Water,Curve,Grade/Hillcrest,Lowest,No
15780,21,Kentucky,210585,0,2,2,0,3,NOT APPLICABLE,October,20,Friday,12,25,Urban,High Speed (Arterial),No,38.05293889,-83.96517222,Simple Junction,Daylight,Rain,12:00pm-12:59pm,25,12:00pm-12:59pm,29,12:00pm-12:59pm,54,1,Daylight,Rain/Wind/Minor,1,2,['Driver'],['Shoulder_Lapbelt'],0,0,Valid,0.0,0.0,92.0,54.0,"['Female', 'Male']",0,0,3,4,5,Wet/Standing Water,Straight,Level,Lowest,No
15781,21,Kentucky,210586,1,1,1,0,2,LEXINGTON-FAYETTE,October,23,Monday,20,25,Urban,High Speed (Arterial),Yes,38.04215,-84.46520833,Non-Intersection,Dark - Lighted,Clear,8:00pm-8:59pm,26,8:00pm-8:59pm,28,Not Applicable (Not Transported),Not Applicable (Not Transported),1,Dark - Lighted,Clear,0,2,[],[],0,0,Valid,0.0,0.0,49.0,49.0,['Female'],0,0,3,2,4,Dry,Straight,Grade/Hillcrest,Lowest,No
15782,21,Kentucky,210587,0,2,2,0,4,HENDERSON,October,18,Wednesday,16,56,Urban,Low Speed (Local),No,37.83367222,-87.59328611,Non-Intersection,Daylight,Clear,4:00pm-4:59pm,57,5:00pm-5:59pm,2,5:00pm-5:59pm,25,1,Daylight,Clear,1,3,['Front_Passenger'],['Shoulder_Lapbelt'],0,0,Valid,0.0,0.0,78.0,24.0,"['Female', 'Male']",0,0,3,4,5,Dry,Straight,Level,Lowest,No
15783,21,Kentucky,210588,0,1,1,0,1,PINEVILLE,October,21,Saturday,2,18,Rural,Medium Speed (Collector),No,36.70864167,-83.54376389,Non-Intersection,Dark - Not Lighted,"Fog, Smog, Smoke",2:00am-2:59am,22,2:00am-2:59am,44,Not Applicable (Not Transported),Not Applicable (Not Transported),1,Dark - Unlighted,Reduced Visibility,1,0,['Driver'],['Shoulder_Lapbelt'],1,1,Invalid,0.0,1.0,27.0,27.0,['Male'],0,0,3,4,3,Dry,Straight,Level,Lowest,No
15784,21,Kentucky,210589,0,2,2,0,2,SHARPSBURG,October,24,Tuesday,16,11,Rural,Medium Speed (Collector),No,38.16296111,-83.95659167,Non-Intersection,Daylight,Clear,4:00pm-4:59pm,7,4:00pm-4:59pm,13,4:00pm-4:59pm,13,1,Daylight,Clear,1,1,['Driver'],['Shoulder_Lapbelt'],0,0,Valid,0.0,0.0,90.0,34.0,"['Female', 'Male']",0,0,2,4,5,Dry,Straight,Level,Lowest,No
15785,21,Kentucky,210590,0,2,2,0,3,NOT APPLICABLE,October,23,Monday,19,44,Rural,Medium Speed (Collector),No,37.39265556,-86.20058611,Non-Intersection,Dusk,Clear,7:00pm-7:59pm,44,7:00pm-7:59pm,44,Not Applicable (Not Transported),Not Applicable (Not Transported),1,Twilight,Clear,1,2,['Driver'],['None_Used'],0,0,Valid,0.0,0.0,47.0,19.0,"['Male', 'Female']",0,0,3,4,5,Dry,Straight,Grade/Hillcrest,Lowest,No
15786,21,Kentucky,210591,0,1,1,0,3,NOT APPLICABLE,October,5,Thursday,14,32,Rural,Medium Speed (Collector),No,37.60651389,-87.72193056,Non-Intersection,Daylight,Rain,2:00pm-2:59pm,38,2:00pm-2:59pm,48,4:00pm-4:59pm,9,1,Daylight,Rain/Wind/Minor,1,2,['Front_Passenger'],['None_Used'],1,1,Valid,0.0,0.0,54.0,54.0,['Male'],3,0,3,4,3,Wet/Standing Water,Straight,Level,Lowest,No
15787,21,Kentucky,210592,0,1,1,0,1,NOT APPLICABLE,October,6,Friday,8,37,Rural,Medium Speed (Collector),No,37.94403056,-85.40364167,Non-Intersection,Dawn,Clear,8:00am-8:59am,36,8:00am-8:59am,55,9:00am-9:59am,32,1,Twilight,Clear,1,0,['Driver'],['Shoulder_Lapbelt'],0,0,Valid,0.0,0.0,35.0,35.0,['Female'],0,0,3,4,3,Dry,Curve,Level,Lowest,No
15788,21,Kentucky,210593,0,1,1,0,2,NOT APPLICABLE,October,6,Friday,14,40,Rural,Medium Speed (Collector),No,37.56209167,-85.59726111,Non-Intersection,Daylight,Clear,2:00pm-2:59pm,40,2:00pm-2:59pm,50,3:00pm-3:59pm,20,1,Daylight,Clear,1,1,['Front_Passenger'],['None_Used'],0,0,Valid,0.0,0.0,49.0,34.0,Other,0,0,3,4,3,Dry,Straight,Grade/Hillcrest,Lowest,No
15789,21,Kentucky,210594,0,1,1,0,2,NOT APPLICABLE,October,7,Saturday,14,10,Rural,Low Speed (Local),No,36.50359167,-88.05962778,Non-Intersection,Daylight,Clear,2:00pm-2:59pm,11,2:00pm-2:59pm,25,3:00pm-3:59pm,2,1,Daylight,Clear,1,1,['Non_Standard_Risk'],['None_Used'],0,0,Invalid,0.0,0.0,15.0,15.0,['Female'],0,0,5,1,3,Dry,Curve,Level,Lowest,No
15790,21,Kentucky,210595,0,1,1,0,1,NOT APPLICABLE,October,8,Sunday,23,40,Rural,High Speed (Arterial),Yes,37.57628889,-87.481075,Non-Intersection,Dark - Not Lighted,Clear,11:00pm-11:59pm,47,0:00am-0:59am,14,Not Applicable (Not Transported),Not Applicable (Not Transported),1,Dark - Unlighted,Clear,1,0,['Driver'],['Shoulder_Lapbelt'],1,1,Valid,0.0,0.0,54.0,54.0,['Male'],0,0,2,4,3,Dry,Straight,Level,Lowest,No
15791,21,Kentucky,210596,0,1,1,0,1,HAGERHILL,October,17,Tuesday,8,5,Urban,Medium Speed (Collector),No,37.79167222,-82.79307778,Non-Intersection,Daylight,Cloudy,8:00am-8:59am,16,8:00am-8:59am,20,Not Applicable (Not Transported),Not Applicable (Not Transported),1,Daylight,Reduced Visibility,1,0,['Driver'],['None_Used'],0,0,Valid,1.0,0.0,60.0,60.0,['Male'],0,0,3,4,3,Dry,Curve,Grade/Hillcrest,Lowest,No
15792,21,Kentucky,210597,1,1,1,0,4,MOUNT WASHINGTON,October,22,Sunday,15,50,Urban,Low Speed (Local),No,38.055525,-85.55439722,Non-Intersection,Daylight,Clear,3:00pm-3:59pm,50,3:00pm-3:59pm,54,4:00pm-4:59pm,36,1,Daylight,Clear,0,4,[],[],0,0,Valid,0.0,0.0,41.0,41.0,['Female'],0,0,3,1,4,Dry,Straight,Level,Lowest,No
15793,21,Kentucky,210598,0,1,1,0,1,NOT APPLICABLE,October,22,Sunday,20,11,Rural,Medium Speed (Collector),No,37.18638611,-87.58236667,Non-Intersection,Dark - Not Lighted,Clear,8:00pm-8:59pm,15,8:00pm-8:59pm,23,Not Applicable (Not Transported),Not Applicable (Not Transported),1,Dark - Unlighted,Clear,1,0,['Driver'],['None_Used'],1,1,Valid,1.0,0.0,61.0,61.0,['Male'],0,0,5,4,1,Dry,Straight,Level,Lowest,No
15794,21,Kentucky,210599,0,5,5,0,5,LEXINGTON-FAYETTE,October,24,Tuesday,16,45,Urban,Low Speed (Local),No,38.00649167,-84.48568611,Complex/Circle,Daylight,Clear,4:00pm-4:59pm,58,5:00pm-5:59pm,1,5:00pm-5:59pm,20,1,Daylight,Clear,1,4,['Driver'],['Shoulder_Lapbelt'],0,0,Valid,1.0,0.0,90.0,24.0,"['Female', 'Female', 'Female', 'Female', 'Male']",0,0,3,4,5,Dry,Straight,Level,Lowest,No
15795,21,Kentucky,210600,0,2,2,0,2,LOUISVILLE,October,27,Friday,22,48,Urban,High Speed (Arterial),Yes,38.18307778,-85.78377222,Complex/Circle,Dark - Lighted,Clear,10:00pm-10:59pm,48,10:00pm-10:59pm,55,Not Applicable (Not Transported),Not Applicable (Not Transported),1,Dark - Lighted,Clear,1,0,['Driver'],['None_Used'],0,0,Invalid,0.0,0.0,998.0,35.0,"['Other', 'Male']",0,0,5,4,5,Dry,Straight,Level,Lowest,No
15796,21,Kentucky,210602,0,1,1,0,2,NOT APPLICABLE,October,29,Sunday,0,40,Rural,Low Speed (Local),No,37.14753889,-84.00178333,Non-Intersection,Dark - Unknown Lighting,Clear,0:00am-0:59am,40,0:00am-0:59am,49,1:00am-1:59am,30,1,Dark - Unlighted,Clear,1,1,['Driver'],['None_Used'],0,0,Invalid,0.0,0.0,52.0,52.0,['Male'],0,0,5,4,2,Dry,Straight,Level,Lowest,No
15797,21,Kentucky,210603,0,1,1,0,1,PINE KNOT,October,29,Sunday,14,23,Rural,Medium Speed (Collector),No,36.66413889,-84.31867778,Non-Intersection,Daylight,Cloudy,2:00pm-2:59pm,20,2:00pm-2:59pm,28,2:00pm-2:59pm,57,1,Daylight,Reduced Visibility,1,0,['Driver'],['None_Used'],0,0,Valid,0.0,1.0,33.0,33.0,['Male'],0,0,5,4,2,Dry,Curve,Grade/Hillcrest,Lowest,No
15798,21,Kentucky,210604,0,1,1,0,1,NOT APPLICABLE,October,20,Friday,14,56,Rural,Low Speed (Local),No,36.836175,-86.81494444,Non-Intersection,Daylight,Clear,2:00pm-2:59pm,58,3:00pm-3:59pm,7,3:00pm-3:59pm,37,1,Daylight,Clear,1,0,['Driver'],['Shoulder_Lapbelt'],0,0,Valid,0.0,0.0,71.0,71.0,['Female'],0,0,3,4,3,Dry,Curve,Level,Lowest,No
15799,21,Kentucky,210605,0,1,1,0,1,NOT APPLICABLE,October,30,Monday,2,17,Rural,Medium Speed (Collector),No,37.51434167,-83.73511667,Non-Intersection,Dark - Not Lighted,Cloudy,3:00am-3:59am,1,3:00am-3:59am,9,Not Applicable (Not Transported),Not Applicable (Not Transported),1,Dark - Unlighted,Reduced Visibility,1,0,['Driver'],['None_Used'],1,1,Valid,0.0,0.0,20.0,20.0,['Male'],0,0,3,4,3,Wet/Standing Water,Straight,Grade/Hillcrest,Lowest,No
15800,21,Kentucky,210606,0,3,3,0,3,LOUISVILLE,October,30,Monday,17,2,Urban,High Speed (Arterial),Yes,38.06883056,-85.88496389,Non-Intersection,Daylight,Clear,5:00pm-5:59pm,4,5:00pm-5:59pm,10,Not Applicable (Not Transported),Not Applicable (Not Transported),1,Daylight,Clear,1,2,['Driver'],['Shoulder_Lapbelt'],0,0,Valid,0.0,1.0,40.0,20.0,"['Male', 'Male', 'Male']",0,0,4,4,5,Dry,Straight,Level,Lowest,No
15801,21,Kentucky,210607,2,2,2,0,1,NOT APPLICABLE,October,31,Tuesday,4,42,Rural,High Speed (Arterial),Yes,36.78424444,-86.27893611,Non-Intersection,Dark - Not Lighted,Clear,4:00am-4:59am,40,4:00am-4:59am,49,Not Applicable (Not Transported),Not Applicable (Not Transported),2,Dark - Unlighted,Clear,0,1,[],[],0,0,Valid,0.0,1.0,26.0,26.0,['Male'],0,0,3,4,5,Dry,Straight,Level,Lowest,No
15802,21,Kentucky,210608,0,1,1,0,2,COLUMBIA,October,5,Thursday,17,20,Rural,High Speed (Arterial),Yes,37.07914167,-85.32295833,Non-Intersection,Daylight,Cloudy,5:00pm-5:59pm,22,5:00pm-5:59pm,26,6:00pm-6:59pm,0,1,Daylight,Reduced Visibility,1,1,['Driver'],['None_Used'],0,0,Valid,0.0,0.0,24.0,24.0,['Female'],0,0,3,4,3,Dry,Straight,Level,Lowest,No
15803,21,Kentucky,210609,0,1,1,0,2,NOT APPLICABLE,October,13,Friday,12,49,Rural,High Speed (Arterial),Yes,37.00273889,-89.06185278,Non-Intersection,Daylight,Clear,12:00pm-12:59pm,52,1:00pm-1:59pm,3,1:00pm-1:59pm,55,1,Daylight,Clear,1,1,['Front_Passenger'],['Shoulder_Lapbelt'],0,0,Valid,1.0,0.0,77.0,77.0,['Male'],0,0,3,4,3,Dry,Straight,Grade/Hillcrest,Lowest,No
15804,21,Kentucky,210610,1,1,1,0,1,NOT APPLICABLE,October,15,Sunday,23,20,Rural,High Speed (Arterial),Yes,37.52640833,-85.88401944,Non-Intersection,Dark - Not Lighted,Clear,11:00pm-11:59pm,32,11:00pm-11:59pm,46,Not Applicable (Not Transported),Not Applicable (Not Transported),1,Dark - Unlighted,Clear,0,1,[],[],0,0,Valid,0.0,0.0,57.0,57.0,['Male'],0,0,4,3,4,Dry,Straight,Level,Lowest,No
15805,21,Kentucky,210611,1,1,1,0,1,PARKWAY VILLAGE,October,16,Monday,7,48,Urban,Medium Speed (Collector),No,38.21281389,-85.74150556,Simple Junction,Dawn,Cloudy,7:00am-7:59am,49,7:00am-7:59am,52,8:00am-8:59am,15,1,Twilight,Reduced Visibility,0,1,[],[],0,0,Valid,0.0,0.0,58.0,58.0,['Male'],0,0,3,2,4,Wet/Standing Water,Straight,Level,Lowest,No
15806,21,Kentucky,210612,0,2,2,0,2,NOT APPLICABLE,October,17,Tuesday,18,18,Rural,Medium Speed (Collector),No,38.7052,-85.28777222,Non-Intersection,Daylight,Cloudy,6:00pm-6:59pm,21,7:00pm-7:59pm,8,Not Applicable (Not Transported),Not Applicable (Not Transported),1,Daylight,Reduced Visibility,1,1,['Driver'],['None_Used'],0,0,Valid,0.0,0.0,56.0,30.0,"['Male', 'Male']",1,0,5,4,5,Dry,Curve,Grade/Hillcrest,Lowest,No
15807,21,Kentucky,210613,1,1,1,0,2,HENDERSON,October,26,Thursday,16,33,Urban,Low Speed (Local),No,37.82420833,-87.58833889,Non-Intersection,Daylight,Clear,4:00pm-4:59pm,33,4:00pm-4:59pm,39,4:00pm-4:59pm,46,1,Daylight,Clear,0,2,[],[],0,0,Valid,0.0,2.0,44.0,44.0,['Male'],0,0,3,2,4,Dry,Straight,Level,Lowest,No
15808,21,Kentucky,210614,1,1,1,0,1,LOUISVILLE,October,26,Thursday,20,46,Urban,High Speed (Arterial),Yes,38.24806389,-85.77499167,Non-Intersection,Dark - Lighted,Clear,8:00pm-8:59pm,46,8:00pm-8:59pm,51,Not Applicable (Not Transported),Not Applicable (Not Transported),1,Dark - Lighted,Clear,0,0,[],[],0,0,Invalid,0.0,0.0,998.0,998.0,['Other'],0,0,3,0,4,Dry,Straight,Level,Lowest,No
15809,21,Kentucky,210616,0,1,1,0,1,NOT APPLICABLE,October,29,Sunday,14,40,Rural,Medium Speed (Collector),No,37.4704,-87.70559444,Non-Intersection,Daylight,Rain,2:00pm-2:59pm,45,2:00pm-2:59pm,56,Not Applicable (Not Transported),Not Applicable (Not Transported),1,Daylight,Rain/Wind/Minor,1,0,['Driver'],['Shoulder_Lapbelt'],0,0,Valid,0.0,0.0,70.0,70.0,['Female'],1,0,2,4,3,Wet/Standing Water,Curve,Grade/Hillcrest,Lowest,No
15810,21,Kentucky,210617,0,2,2,0,2,LOUISVILLE,October,17,Tuesday,14,15,Urban,High Speed (Arterial),Yes,38.29373889,-85.55918611,Complex/Circle,Daylight,Cloudy,2:00pm-2:59pm,21,2:00pm-2:59pm,29,3:00pm-3:59pm,4,1,Daylight,Reduced Visibility,1,1,['Driver'],['Shoulder_Lapbelt'],0,0,Valid,0.0,0.0,63.0,19.0,"['Male', 'Female']",0,0,3,4,5,Dry,Straight,Grade/Hillcrest,Lowest,No
15811,21,Kentucky,210618,0,7,7,0,9,WILDER,October,31,Tuesday,16,50,Urban,High Speed (Arterial),Yes,39.02256389,-84.48903333,Non-Intersection,Daylight,Clear,4:00pm-4:59pm,50,4:00pm-4:59pm,53,5:00pm-5:59pm,17,1,Daylight,Clear,1,8,['Driver'],['None_Used'],0,0,Valid,1.0,0.0,56.0,18.0,"['Male', 'Male', 'Male', 'Male', 'Female', 'Female', 'Male']",0,0,4,4,5,Dry,Straight,Level,Lowest,No
15812,21,Kentucky,210619,0,1,1,0,1,BURKESVILLE,October,10,Tuesday,9,50,Rural,Medium Speed (Collector),No,36.76971944,-85.36056111,Non-Intersection,Daylight,Clear,9:00am-9:59am,50,9:00am-9:59am,54,10:00am-10:59am,12,1,Daylight,Clear,1,0,['Driver'],['None_Used'],0,0,Valid,0.0,0.0,79.0,79.0,['Male'],1,0,3,4,3,Dry,Curve,Level,Lowest,No
15813,21,Kentucky,210620,0,1,1,0,1,NOT APPLICABLE,October,15,Sunday,14,19,Rural,Medium Speed (Collector),No,37.63426389,-86.75472222,Non-Intersection,Daylight,Clear,2:00pm-2:59pm,32,2:00pm-2:59pm,58,3:00pm-3:59pm,53,1,Daylight,Clear,1,0,['Driver'],['Shoulder_Lapbelt'],0,0,Valid,0.0,0.0,70.0,70.0,['Male'],0,0,3,4,3,Wet/Standing Water,Curve,Grade/Hillcrest,Lowest,No
15814,21,Kentucky,210621,0,2,2,0,3,NOT APPLICABLE,October,22,Sunday,5,48,Rural,High Speed (Arterial),Yes,37.21835278,-83.35578889,Non-Intersection,Dark - Not Lighted,Clear,5:00am-5:59am,48,6:00am-6:59am,5,6:00am-6:59am,56,1,Dark - Unlighted,Clear,1,2,['Front_Passenger'],['Shoulder_Lapbelt'],0,0,Valid,1.0,1.0,46.0,23.0,"['Male', 'Male']",0,0,3,4,5,Dry,Curve,Grade/Hillcrest,Lowest,Yes
15815,21,Kentucky,210622,0,1,1,0,2,NOT APPLICABLE,October,26,Thursday,17,58,Rural,High Speed (Arterial),Yes,37.30646667,-85.90327222,Non-Intersection,Dusk,Clear,6:00pm-6:59pm,2,6:00pm-6:59pm,16,6:00pm-6:59pm,16,1,Twilight,Clear,1,1,['Front_Passenger'],['None_Used'],0,0,Valid,0.0,0.0,46.0,46.0,['Female'],0,0,2,4,3,Dry,Straight,Grade/Hillcrest,Lowest,No
15816,21,Kentucky,210623,0,1,1,0,3,NOT APPLICABLE,October,28,Saturday,21,23,Rural,Low Speed (Local),No,37.10513333,-83.28965556,Non-Intersection,Dark - Not Lighted,Clear,9:00pm-9:59pm,29,10:00pm-10:59pm,24,10:00pm-10:59pm,47,1,Dark - Unlighted,Clear,1,2,['Front_Passenger'],['None_Used'],1,1,Valid,0.0,0.0,23.0,23.0,['Male'],0,0,3,4,3,Dry,Curve,Level,Lowest,No
15817,21,Kentucky,210624,1,1,1,0,1,LOUISVILLE,August,18,Friday,21,34,Urban,Low Speed (Local),No,38.17116111,-85.68460278,Non-Intersection,Dark - Not Lighted,Clear,9:00pm-9:59pm,36,9:00pm-9:59pm,40,Not Applicable (Not Transported),Not Applicable (Not Transported),1,Dark - Unlighted,Clear,0,0,[],[],0,0,Invalid,0.0,0.0,998.0,998.0,['Other'],0,0,1,0,4,Dry,Straight,Level,Lowest,No
15818,21,Kentucky,210625,1,1,1,0,1,LOUISVILLE,October,30,Monday,1,31,Urban,Medium Speed (Collector),No,38.13800556,-85.66545,Complex/Circle,Dark - Lighted,Rain,1:00am-1:59am,32,1:00am-1:59am,40,1:00am-1:59am,51,1,Dark - Lighted,Rain/Wind/Minor,0,1,[],[],0,0,Valid,0.0,0.0,50.0,50.0,['Male'],0,0,3,2,4,Wet/Standing Water,Straight,Level,Lowest,No
15819,21,Kentucky,210626,0,1,1,0,1,NOT APPLICABLE,January,30,Monday,16,25,Rural,Medium Speed (Collector),No,37.81268056,-82.56718056,Non-Intersection,Daylight,Clear,4:00pm-4:59pm,0,4:00pm-4:59pm,1,4:00pm-4:59pm,2,1,Daylight,Clear,1,0,['Driver'],['None_Used'],0,0,Valid,0.0,0.0,41.0,41.0,['Female'],0,0,3,4,3,Dry,Straight,Grade/Hillcrest,Lowest,No
15820,21,Kentucky,210627,0,1,1,0,1,INEZ,October,18,Wednesday,22,58,Rural,Medium Speed (Collector),No,37.88521111,-82.55405278,Non-Intersection,Daylight,Clear,11:00pm-11:59pm,12,11:00pm-11:59pm,18,Not Applicable (Not Transported),Not Applicable (Not Transported),1,Daylight,Clear,1,0,['Driver'],['Shoulder_Lapbelt'],0,0,Valid,0.0,0.0,72.0,72.0,['Female'],0,0,2,4,3,Dry,Straight,Level,Lowest,No
15821,21,Kentucky,210628,0,2,2,0,2,SOMERSET,November,2,Thursday,21,4,Urban,High Speed (Arterial),Yes,37.10012778,-84.56965,Complex/Circle,Dark - Not Lighted,Clear,9:00pm-9:59pm,6,9:00pm-9:59pm,12,9:00pm-9:59pm,49,1,Dark - Unlighted,Clear,1,1,['Driver'],['None_Used'],0,0,Valid,1.0,1.0,47.0,35.0,"['Male', 'Male']",0,0,3,4,5,Dry,Straight,Level,Lowest,No
15822,21,Kentucky,210629,0,2,2,0,2,NOT APPLICABLE,November,3,Friday,19,53,Rural,Medium Speed (Collector),No,37.48383611,-83.64931111,Non-Intersection,Dark - Not Lighted,Clear,8:00pm-8:59pm,0,8:00pm-8:59pm,8,9:00pm-9:59pm,28,1,Dark - Unlighted,Clear,1,1,['Driver'],['None_Used'],0,0,Valid,0.0,0.0,69.0,56.0,"['Male', 'Male']",0,0,3,4,5,Dry,Straight,Level,Lowest,No
15823,21,Kentucky,210630,0,2,2,0,3,RICHMOND,November,5,Sunday,16,58,Urban,Medium Speed (Collector),No,37.76493889,-84.32757778,Non-Intersection,Daylight,Clear,4:00pm-4:59pm,58,5:00pm-5:59pm,2,7:00pm-7:59pm,7,1,Daylight,Clear,1,2,['Driver'],['None_Used'],0,0,Invalid,0.0,0.0,45.0,40.0,"['Male', 'Male']",0,0,4,4,5,Dry,Straight,Level,Lowest,No
15824,21,Kentucky,210631,0,2,2,0,5,FRANKLIN,November,2,Thursday,11,39,Urban,Medium Speed (Collector),No,36.74145278,-86.55822222,Complex/Circle,Daylight,Clear,11:00am-11:59am,46,11:00am-11:59am,47,12:00pm-12:59pm,4,1,Daylight,Clear,1,4,['Rear_Seat'],['None_Used'],0,0,Valid,0.0,0.0,40.0,18.0,"['Female', 'Male']",0,0,4,4,5,Dry,Straight,Level,Lowest,No
15825,21,Kentucky,210632,0,2,2,0,4,NOT APPLICABLE,November,4,Saturday,16,21,Urban,High Speed (Arterial),Yes,37.02491667,-88.67151944,Simple Junction,Daylight,Clear,4:00pm-4:59pm,24,4:00pm-4:59pm,27,4:00pm-4:59pm,50,1,Daylight,Clear,1,3,['Front_Passenger'],['Shoulder_Lapbelt'],0,0,Valid,0.0,0.0,66.0,31.0,"['Male', 'Male']",0,0,3,4,5,Dry,Straight,Non-Trafficway,Lowest,No
15826,21,Kentucky,210633,0,2,2,0,2,NOT APPLICABLE,November,8,Wednesday,7,30,Rural,Medium Speed (Collector),No,36.78025278,-87.16382778,Non-Intersection,Daylight,Clear,7:00am-7:59am,32,7:00am-7:59am,32,Not Applicable (Not Transported),Not Applicable (Not Transported),1,Daylight,Clear,1,1,['Driver'],['Shoulder_Lapbelt'],0,0,Valid,0.0,0.0,76.0,66.0,"['Male', 'Male']",0,0,4,4,5,Dry,Straight,Level,Lowest,No
15827,21,Kentucky,210634,0,2,2,0,2,CAMPBELLSVILLE,November,8,Wednesday,13,54,Urban,Medium Speed (Collector),No,37.35962778,-85.34175556,Non-Intersection,Daylight,Clear,11:00am-11:59am,11,11:00am-11:59am,11,11:00am-11:59am,11,1,Daylight,Clear,1,1,['Driver'],['Shoulder_Lapbelt'],0,0,Valid,0.0,0.0,83.0,60.0,"['Female', 'Female']",0,0,2,4,5,Dry,Curve,Level,Lowest,No
15828,21,Kentucky,210635,0,1,1,0,1,LOUISVILLE,November,9,Thursday,0,54,Urban,High Speed (Arterial),Yes,38.21041389,-85.67159167,Non-Intersection,Dark - Unknown Lighting,Clear,0:00am-0:59am,54,0:00am-0:59am,54,Not Applicable (Not Transported),Not Applicable (Not Transported),1,Dark - Unlighted,Clear,1,0,['Driver'],['Shoulder_Lapbelt'],1,1,Valid,0.0,0.0,30.0,30.0,['Female'],0,0,3,4,3,Dry,Straight,Level,Lowest,No
15829,21,Kentucky,210636,0,1,1,0,2,NOT APPLICABLE,November,10,Friday,1,35,Rural,Medium Speed (Collector),No,37.96091667,-84.93459722,Non-Intersection,Dark - Not Lighted,Rain,1:00am-1:59am,36,1:00am-1:59am,41,1:00am-1:59am,41,1,Dark - Unlighted,Rain/Wind/Minor,1,1,['Front_Passenger'],['None_Used'],1,1,Valid,0.0,3.0,22.0,22.0,['Male'],0,0,3,4,3,Wet/Standing Water,Straight,Level,Lowest,No
15830,21,Kentucky,210637,1,1,1,0,3,PRESTONVILLE,November,10,Friday,18,45,Urban,Medium Speed (Collector),No,38.68006944,-85.19221944,Non-Intersection,Daylight,Clear,6:00pm-6:59pm,47,6:00pm-6:59pm,50,6:00pm-6:59pm,59,1,Daylight,Clear,0,3,[],[],0,0,Valid,0.0,1.0,36.0,36.0,['Female'],0,0,2,3,4,Dry,Straight,Level,Lowest,No
15831,21,Kentucky,210638,1,1,1,0,1,PAINTSVILLE,November,10,Friday,19,17,Urban,Medium Speed (Collector),No,37.81523611,-82.79259167,Simple Junction,Dark - Not Lighted,Clear,Not Applicable (Not Notified),Not Applicable (Not Notified),Not Applicable,Not Applicable,Not Applicable (Not Transported),Not Applicable (Not Transported),1,Dark - Unlighted,Clear,0,1,[],[],0,0,Valid,0.0,0.0,55.0,55.0,['Female'],0,0,3,4,4,Dry,Straight,Grade/Hillcrest,Lowest,No