,State_Code,State_Name,Crash_ID,Count_Non_Motorists,Count_Vehicles_Total,Count_Vehicle_Forms,Count_PVH_Involved,Count_Occupants_MV,City_Name,Month_Name,Day_of_Month,Day_of_Week,Crash_Hour,Crash_Minute,Area_Rural_Urban,Road_Functional_Class,On_NHS_Road,Latitude,Longitude,Intersection_Type,Light_Condition,Weather_Condition,Notif_Hour,Notif_Minute,Arrival_Hour,Arrival_Minute,Hospital_Hour,Hospital_Minute,Fatalities_Count,Clean_Light_Condition,Clean_Weather_Condition,Total_Killed,Total_Alive,Fatal_Seats_List,Killed_Restraint_List,Any_Driver_Drinking,Total_Drinking_Drivers,Driver_License_Category,Driver_Max_Prev_Accident_Count,Driver_Max_Prev_Speeding_Count,Max_Driver_Age,Min_Driver_Age,Driver_Sex_List,Total_Exceeding_Limit_Vehicles,Total_Too_Fast_Vehicles,Max_Vehicle_Type_Severity_5,Max_Vehicle_Damage_Rank,Max_Harmful_Event_Severity,Crash_Road_Surface_Condition,Crash_Horizontal_Alignment,Crash_Vertical_Profile,Crash_Impairment_Category,Crash_Vehicle_Defect
15832,21,Kentucky,210639,0,2,2,0,3,NOT APPLICABLE,November,11,Saturday,2,48,Urban,High Speed (Arterial),Yes,38.34329444,-85.49755833,Non-Intersection,Dark - Not Lighted,Clear,2:00am-2:59am,48,2:00am-2:59am,57,3:00am-3:59am,59,1,Dark - Unlighted,Clear,1,2,['Driver'],['None_Used'],1,1,Valid,1.0,0.0,46.0,41.0,"['Male', 'Male']",0,0,2,4,5,Dry,Straight,Level,Lowest,No
15833,21,Kentucky,210640,0,2,2,0,3,NOT APPLICABLE,November,11,Saturday,18,31,Rural,Medium Speed (Collector),No,38.29306667,-84.41747778,Complex/Circle,Dark - Lighted,Clear,6:00pm-6:59pm,31,6:00pm-6:59pm,43,7:00pm-7:59pm,5,1,Dark - Lighted,Clear,1,2,['Driver'],['None_Used'],0,0,Valid,1.0,0.0,65.0,20.0,"['Female', 'Male']",0,0,3,4,5,Dry,Straight,Level,Lowest,No
15834,21,Kentucky,210641,0,1,1,0,1,PIKEVILLE,November,13,Monday,5,10,Rural,Low Speed (Local),No,37.49968611,-82.51861111,Non-Intersection,Dawn,Clear,Not Applicable (Not Notified),Not Applicable (Not Notified),Not Applicable,Not Applicable,Not Applicable (Not Transported),Not Applicable (Not Transported),1,Twilight,Clear,1,0,['Driver'],['None_Used'],0,0,Valid,1.0,0.0,64.0,64.0,['Male'],0,0,3,4,3,Dry,Straight,Grade/Hillcrest,Medium,No
15835,21,Kentucky,210642,0,1,1,0,1,NOT APPLICABLE,November,13,Monday,6,22,Rural,Low Speed (Local),No,36.87132778,-87.95834722,Simple Junction,Dark - Not Lighted,"Fog, Smog, Smoke",6:00am-6:59am,22,6:00am-6:59am,36,Not Applicable (Not Transported),Not Applicable (Not Transported),1,Dark - Unlighted,Reduced Visibility,1,0,['Driver'],['None_Used'],0,0,Valid,0.0,0.0,53.0,53.0,['Male'],0,0,5,4,3,Dry,Straight,Level,Lowest,No
15836,21,Kentucky,210643,0,1,1,0,2,NOT APPLICABLE,November,13,Monday,7,48,Rural,Medium Speed (Collector),No,38.48467222,-84.83103889,Non-Intersection,Daylight,Clear,7:00am-7:59am,51,8:00am-8:59am,0,Not Applicable (Not Transported),Not Applicable (Not Transported),1,Daylight,Clear,1,1,['Driver'],['Shoulder_Lapbelt'],1,1,Invalid,1.0,0.0,34.0,34.0,['Male'],0,0,3,4,3,Dry,Curve,Grade/Hillcrest,Lowest,No
15837,21,Kentucky,210644,0,2,2,0,2,LOUISVILLE,November,9,Thursday,13,39,Urban,High Speed (Arterial),Yes,38.17456111,-85.87116111,Complex/Circle,Daylight,Clear,1:00pm-1:59pm,39,1:00pm-1:59pm,44,2:00pm-2:59pm,19,1,Daylight,Clear,1,1,['Driver'],['Shoulder_Lapbelt'],0,0,Valid,0.0,0.0,75.0,43.0,"['Male', 'Male']",0,0,3,4,5,Dry,Straight,Level,Lowest,No
15838,21,Kentucky,210645,1,1,1,0,1,RADCLIFF,November,14,Tuesday,6,45,Urban,Medium Speed (Collector),No,37.79821944,-85.93142222,Non-Intersection,Dark - Not Lighted,Clear,6:00am-6:59am,46,6:00am-6:59am,56,Not Applicable (Not Transported),Not Applicable (Not Transported),1,Dark - Unlighted,Clear,0,1,[],[],0,0,Valid,1.0,0.0,67.0,67.0,['Male'],0,0,4,2,4,Dry,Straight,Level,Lowest,No
15839,21,Kentucky,210646,0,3,3,0,8,NOT APPLICABLE,November,14,Tuesday,23,15,Rural,High Speed (Arterial),Yes,36.67240556,-83.68573333,Non-Intersection,Dark - Not Lighted,Clear,11:00pm-11:59pm,14,11:00pm-11:59pm,24,0:00am-0:59am,57,1,Dark - Unlighted,Clear,1,7,['Rear_Seat'],['None_Used'],0,0,Valid,0.0,1.0,40.0,18.0,"['Male', 'Female', 'Male']",0,0,4,4,5,Dry,Straight,Grade/Hillcrest,Medium,No
15840,21,Kentucky,210647,0,3,3,0,3,NOT APPLICABLE,November,15,Wednesday,13,40,Rural,High Speed (Arterial),Yes,37.22513333,-87.38130833,Non-Intersection,Daylight,Clear,1:00pm-1:59pm,46,2:00pm-2:59pm,5,3:00pm-3:59pm,28,1,Daylight,Clear,1,2,['Driver'],['Shoulder_Lapbelt'],1,1,Valid,1.0,0.0,44.0,33.0,"['Female', 'Female', 'Male']",0,0,4,4,5,Dry,Straight,Level,Lowest,No
15841,21,Kentucky,210648,0,1,1,0,1,NOT APPLICABLE,November,16,Thursday,9,42,Rural,Low Speed (Local),No,37.32965833,-87.09157222,Non-Intersection,Daylight,Clear,9:00am-9:59am,41,9:00am-9:59am,49,Not Applicable (Not Transported),Not Applicable (Not Transported),1,Daylight,Clear,1,0,['Driver'],['Shoulder_Lapbelt'],0,0,Valid,0.0,0.0,32.0,32.0,['Male'],0,0,4,4,3,Dry,Curve,Level,Lowest,No
15842,21,Kentucky,210649,1,2,2,0,3,LEXINGTON-FAYETTE,November,17,Friday,21,0,Urban,High Speed (Arterial),Yes,38.00718611,-84.45230833,Non-Intersection,Dark - Lighted,Clear,9:00pm-9:59pm,1,9:00pm-9:59pm,6,Not Applicable (Not Transported),Not Applicable (Not Transported),1,Dark - Lighted,Clear,0,3,[],[],0,0,Valid,0.0,0.0,56.0,28.0,"['Male', 'Male']",0,0,3,4,4,Wet/Standing Water,Straight,Level,Lowest,No
15843,21,Kentucky,210650,0,2,2,0,4,NOT APPLICABLE,November,17,Friday,15,24,Rural,Medium Speed (Collector),No,37.73813333,-86.24272222,Non-Intersection,Daylight,Rain,3:00pm-3:59pm,26,3:00pm-3:59pm,26,3:00pm-3:59pm,26,3,Daylight,Rain/Wind/Minor,3,1,"['Driver', 'Front_Passenger', 'Driver']","['None_Used', 'None_Used', 'None_Used']",1,1,Valid,0.0,0.0,59.0,37.0,"['Male', 'Male']",0,0,3,4,5,Wet/Standing Water,Curve,Grade/Hillcrest,Lowest,No
15844,21,Kentucky,210651,0,1,1,0,1,NOT APPLICABLE,November,17,Friday,16,33,Rural,Medium Speed (Collector),No,38.35869722,-85.27628889,Non-Intersection,Daylight,Clear,4:00pm-4:59pm,33,4:00pm-4:59pm,48,Not Applicable (Not Transported),Not Applicable (Not Transported),1,Daylight,Clear,1,0,['Driver'],['Shoulder_Lapbelt'],0,0,Valid,0.0,0.0,43.0,43.0,['Female'],0,0,2,4,3,Wet/Standing Water,Curve,Level,Lowest,No
15845,21,Kentucky,210652,1,1,1,0,1,HENDERSON,November,18,Saturday,3,47,Rural,High Speed (Arterial),Yes,37.807475,-87.628475,Non-Intersection,Dark - Not Lighted,Clear,3:00am-3:59am,54,3:00am-3:59am,58,Not Applicable (Not Transported),Not Applicable (Not Transported),1,Dark - Unlighted,Clear,0,1,[],[],0,0,Valid,0.0,0.0,45.0,45.0,['Male'],0,0,3,3,4,Dry,Straight,Level,Lowest,No
15846,21,Kentucky,210653,0,2,2,0,2,NOT APPLICABLE,November,18,Saturday,10,44,Rural,Medium Speed (Collector),No,36.78003333,-86.77078333,Non-Intersection,Daylight,Clear,10:00am-10:59am,45,10:00am-10:59am,54,11:00am-11:59am,28,1,Daylight,Clear,1,1,['Driver'],['Shoulder_Lapbelt'],1,1,Valid,0.0,1.0,59.0,55.0,"['Male', 'Male']",0,0,3,4,5,Dry,Straight,Level,Lowest,No
15847,21,Kentucky,210654,0,3,3,0,3,NOT APPLICABLE,November,19,Sunday,18,10,Urban,Medium Speed (Collector),No,38.36895,-85.42398333,Complex/Circle,Dark - Not Lighted,Clear,6:00pm-6:59pm,10,6:00pm-6:59pm,18,6:00pm-6:59pm,47,1,Dark - Unlighted,Clear,1,2,['Driver'],['None_Used'],0,0,Valid,0.0,0.0,26.0,16.0,"['Female', 'Male', 'Female']",0,0,5,4,5,Dry,Straight,Grade/Hillcrest,Lowest,No
15848,21,Kentucky,210655,1,1,1,0,1,LEXINGTON-FAYETTE,November,19,Sunday,21,40,Urban,High Speed (Arterial),Yes,38.06162778,-84.46649722,Non-Intersection,Dark - Lighted,Clear,9:00pm-9:59pm,42,9:00pm-9:59pm,44,9:00pm-9:59pm,56,1,Dark - Lighted,Clear,0,1,[],[],0,0,Valid,0.0,0.0,46.0,46.0,['Male'],0,0,2,2,4,Dry,Straight,Level,Lowest,No
15849,21,Kentucky,210656,1,1,1,0,1,JEFFERSONTOWN,November,13,Monday,22,28,Urban,High Speed (Arterial),Yes,38.21024444,-85.58575556,Non-Intersection,Dark - Not Lighted,Clear,10:00pm-10:59pm,29,10:00pm-10:59pm,32,11:00pm-11:59pm,15,1,Dark - Unlighted,Clear,0,1,[],[],0,0,Valid,0.0,0.0,49.0,49.0,['Female'],0,0,2,2,4,Dry,Straight,Level,Lowest,No
15850,21,Kentucky,210657,0,3,3,0,3,LEXINGTON-FAYETTE,November,20,Monday,6,50,Urban,High Speed (Arterial),Yes,38.10305,-84.49204722,Non-Intersection,Dark - Lighted,Cloudy,6:00am-6:59am,53,7:00am-7:59am,7,7:00am-7:59am,30,1,Dark - Lighted,Reduced Visibility,1,2,['Driver'],['Shoulder_Lapbelt'],0,0,Valid,1.0,0.0,62.0,26.0,"['Male', 'Male', 'Male']",0,0,4,4,5,Dry,Straight,Level,Lowest,No
15851,21,Kentucky,210658,1,2,2,0,2,LOUISVILLE,November,18,Saturday,19,2,Urban,High Speed (Arterial),Yes,38.17629167,-85.51413056,Non-Intersection,Dark - Not Lighted,Clear,7:00pm-7:59pm,12,7:00pm-7:59pm,27,Not Applicable (Not Transported),Not Applicable (Not Transported),1,Dark - Unlighted,Clear,0,1,[],[],0,0,Valid,0.0,1.0,998.0,23.0,"['Male', 'Other']",0,0,4,4,4,Dry,Straight,Level,Lowest,No
15852,21,Kentucky,210659,0,2,2,0,3,NOT APPLICABLE,November,19,Sunday,6,46,Rural,High Speed (Arterial),Yes,37.88033889,-85.70159722,Non-Intersection,Dark - Not Lighted,Clear,6:00am-6:59am,48,6:00am-6:59am,56,7:00am-7:59am,30,1,Dark - Unlighted,Clear,1,2,['Front_Passenger'],['Shoulder_Lapbelt'],0,0,Valid,0.0,0.0,43.0,27.0,"['Male', 'Male']",0,0,2,4,5,Dry,Straight,Grade/Hillcrest,Lowest,No
15853,21,Kentucky,210660,1,1,1,0,1,LEXINGTON-FAYETTE,November,21,Tuesday,0,51,Urban,High Speed (Arterial),Yes,38.05369444,-84.493075,Non-Intersection,Dark - Lighted,Rain,0:00am-0:59am,53,1:00am-1:59am,3,1:00am-1:59am,12,1,Dark - Lighted,Rain/Wind/Minor,0,0,[],[],0,0,Invalid,0.0,0.0,998.0,998.0,['Other'],0,0,1,0,4,Wet/Standing Water,Straight,Level,Lowest,No
15854,21,Kentucky,210661,0,2,2,0,3,NOT APPLICABLE,November,21,Tuesday,10,44,Rural,High Speed (Arterial),Yes,37.35070278,-84.307775,Non-Intersection,Daylight,Rain,10:00am-10:59am,38,10:00am-10:59am,47,11:00am-11:59am,6,1,Daylight,Rain/Wind/Minor,1,2,['Front_Passenger'],['Shoulder_Lapbelt'],0,0,Valid,0.0,0.0,81.0,43.0,"['Male', 'Male']",2,0,4,4,5,Wet/Standing Water,Straight,Level,Lowest,No
15855,21,Kentucky,210662,1,1,1,0,1,LOUISVILLE,November,20,Monday,21,12,Urban,Low Speed (Local),No,38.16456667,-85.74634167,Non-Intersection,Dark - Not Lighted,Cloudy,9:00pm-9:59pm,13,9:00pm-9:59pm,22,Not Applicable (Not Transported),Not Applicable (Not Transported),1,Dark - Unlighted,Reduced Visibility,0,1,[],[],0,0,Valid,0.0,0.0,23.0,23.0,['Male'],1,0,2,3,4,Dry,Straight,Level,Lowest,No
15856,21,Kentucky,210663,0,1,1,0,1,LOUISVILLE,November,22,Wednesday,1,46,Urban,High Speed (Arterial),Yes,38.18972222,-85.72823333,Non-Intersection,Dark - Lighted,Clear,2:00am-2:59am,0,2:00am-2:59am,10,Not Applicable (Not Transported),Not Applicable (Not Transported),1,Dark - Lighted,Clear,1,0,['Driver'],['None_Used'],1,1,Invalid,0.0,0.0,47.0,47.0,['Male'],0,0,5,4,3,Dry,Curve,Grade/Hillcrest,Lowest,No
15857,21,Kentucky,210664,0,1,1,0,4,PRINCETON,November,22,Wednesday,2,46,Urban,Low Speed (Local),No,37.11838889,-87.87079722,Non-Intersection,Dark - Lighted,Rain,2:00am-2:59am,46,2:00am-2:59am,52,3:00am-3:59am,12,1,Dark - Lighted,Rain/Wind/Minor,1,3,['Driver'],['Shoulder_Lapbelt'],0,0,Invalid,0.0,0.0,14.0,14.0,['Male'],4,0,2,4,3,Wet/Standing Water,Straight,Grade/Hillcrest,Lowest,No
15858,21,Kentucky,210665,1,1,1,0,3,LOUISVILLE,November,22,Wednesday,18,10,Urban,High Speed (Arterial),Yes,38.19507222,-85.84304444,Non-Intersection,Dark - Lighted,Clear,6:00pm-6:59pm,9,6:00pm-6:59pm,21,6:00pm-6:59pm,51,1,Dark - Lighted,Clear,0,3,[],[],0,0,Valid,0.0,0.0,43.0,43.0,['Male'],0,0,3,2,4,Dry,Straight,Level,Lowest,No
15859,21,Kentucky,210666,0,3,3,0,6,NOT APPLICABLE,November,25,Saturday,16,1,Rural,Medium Speed (Collector),No,37.31477778,-88.1545,Non-Intersection,Daylight,Clear,3:00pm-3:59pm,14,3:00pm-3:59pm,32,4:00pm-4:59pm,47,2,Daylight,Clear,2,4,"['Driver', 'Driver']","['Shoulder_Lapbelt', 'Shoulder_Lapbelt']",0,0,Valid,1.0,1.0,59.0,21.0,"['Female', 'Male', 'Male']",0,0,3,4,5,Dry,Straight,Level,Medium,No
15860,21,Kentucky,210667,1,2,1,1,2,LOUISVILLE,November,26,Sunday,13,15,Rural,High Speed (Arterial),Yes,38.25667778,-85.7414,Non-Intersection,Daylight,Rain,1:00pm-1:59pm,15,1:00pm-1:59pm,27,1:00pm-1:59pm,53,1,Daylight,Rain/Wind/Minor,1,1,['Driver'],['None_Used'],0,0,Valid,0.0,0.0,74.0,74.0,['Male'],0,0,2,4,5,Wet/Standing Water,Curve,Grade/Hillcrest,Lowest,No
15861,21,Kentucky,210668,0,2,2,0,2,LOUISVILLE,November,22,Wednesday,2,5,Urban,Low Speed (Local),No,38.250375,-85.82934167,Non-Intersection,Dark - Lighted,Cloudy,2:00am-2:59am,4,2:00am-2:59am,14,2:00am-2:59am,28,1,Dark - Lighted,Reduced Visibility,1,1,['Driver'],['None_Used'],1,1,Valid,1.0,0.0,56.0,26.0,"['Male', 'Male']",0,0,5,4,5,Dry,Straight,Level,Lowest,No
15862,21,Kentucky,210669,0,2,2,0,2,NOT APPLICABLE,November,28,Tuesday,22,9,Rural,Medium Speed (Collector),No,37.06338333,-84.14697222,Non-Intersection,Dark - Unknown Lighting,Clear,10:00pm-10:59pm,18,10:00pm-10:59pm,27,10:00pm-10:59pm,27,1,Dark - Unlighted,Clear,1,1,['Driver'],['Shoulder_Lapbelt'],1,1,Valid,1.0,0.0,64.0,29.0,"['Male', 'Male']",0,0,3,4,5,Dry,Straight,Grade/Hillcrest,Lowest,No
15863,21,Kentucky,210670,1,1,1,0,1,LOUISVILLE,November,23,Thursday,23,28,Urban,Low Speed (Local),No,38.24994444,-85.809175,Simple Junction,Dark - Not Lighted,Clear,11:00pm-11:59pm,34,11:00pm-11:59pm,41,Not Applicable (Not Transported),Not Applicable (Not Transported),1,Dark - Unlighted,Clear,0,0,[],[],0,0,Invalid,0.0,0.0,998.0,998.0,['Other'],0,0,3,0,4,Dry,Straight,Level,Lowest,No
15864,21,Kentucky,210671,0,1,1,0,1,NOT APPLICABLE,November,3,Friday,11,0,Rural,Medium Speed (Collector),No,38.586825,-84.15168889,Non-Intersection,Daylight,Clear,11:00am-11:59am,2,12:00pm-12:59pm,16,Not Applicable (Not Transported),Not Applicable (Not Transported),1,Daylight,Clear,1,0,['Driver'],['None_Used'],0,0,Valid,1.0,0.0,47.0,47.0,['Female'],0,0,2,4,2,Dry,Curve,Level,Lowest,No
15865,21,Kentucky,210672,0,1,1,0,1,MADISONVILLE,November,5,Sunday,20,59,Urban,Medium Speed (Collector),No,37.30872222,-87.49076389,Non-Intersection,Dark - Unknown Lighting,Clear,9:00pm-9:59pm,2,9:00pm-9:59pm,7,10:00pm-10:59pm,21,1,Dark - Unlighted,Clear,1,0,['Driver'],['Shoulder_Lapbelt'],0,0,Valid,0.0,3.0,24.0,24.0,['Male'],1,0,2,4,3,Dry,Straight,Level,Lowest,Yes
15866,21,Kentucky,210673,0,1,1,0,1,NOT APPLICABLE,November,7,Tuesday,9,27,Rural,Medium Speed (Collector),No,38.49112222,-82.72609444,Non-Intersection,Daylight,Clear,9:00am-9:59am,36,9:00am-9:59am,58,10:00am-10:59am,31,1,Daylight,Clear,1,0,['Driver'],['None_Used'],0,0,Valid,0.0,0.0,47.0,47.0,['Female'],0,0,3,4,3,Dry,Straight,Grade/Hillcrest,Lowest,No
15867,21,Kentucky,210674,0,1,1,0,1,NOT APPLICABLE,November,7,Tuesday,9,58,Rural,Medium Speed (Collector),No,37.37419722,-85.58687778,Non-Intersection,Daylight,Clear,10:00am-10:59am,3,10:00am-10:59am,14,11:00am-11:59am,2,1,Daylight,Clear,1,0,['Driver'],['None_Used'],0,0,Valid,0.0,0.0,67.0,67.0,['Male'],0,0,5,4,2,Dry,Straight,Level,Lowest,Yes
15868,21,Kentucky,210675,0,1,1,0,1,NOT APPLICABLE,November,7,Tuesday,11,14,Rural,Medium Speed (Collector),No,36.79730556,-88.26328056,Non-Intersection,Daylight,Clear,11:00am-11:59am,17,11:00am-11:59am,30,Not Applicable (Not Transported),Not Applicable (Not Transported),1,Daylight,Clear,1,0,['Driver'],['None_Used'],0,0,Valid,0.0,0.0,80.0,80.0,['Male'],0,0,2,4,3,Dry,Straight,Grade/Hillcrest,Lowest,Yes
15869,21,Kentucky,210676,1,1,1,0,1,ELIZABETHTOWN,November,9,Thursday,20,29,Urban,High Speed (Arterial),Yes,37.75764444,-85.89795556,Non-Intersection,Dark - Not Lighted,Cloudy,8:00pm-8:59pm,28,8:00pm-8:59pm,32,8:00pm-8:59pm,46,1,Dark - Unlighted,Reduced Visibility,0,1,[],[],0,0,Valid,3.0,0.0,42.0,42.0,['Male'],0,0,2,3,4,Dry,Straight,Level,Lowest,Yes
15870,21,Kentucky,210677,0,2,2,0,2,PRESTONSBURG,November,10,Friday,13,22,Rural,High Speed (Arterial),Yes,37.65585,-82.78448056,Non-Intersection,Daylight,Clear,1:00pm-1:59pm,23,1:00pm-1:59pm,27,2:00pm-2:59pm,18,1,Daylight,Clear,1,1,['Driver'],['Shoulder_Lapbelt'],0,0,Valid,0.0,0.0,76.0,55.0,"['Female', 'Male']",0,0,3,4,5,Dry,Curve,Level,Lowest,No
15871,21,Kentucky,210678,0,2,2,0,5,NOT APPLICABLE,November,10,Friday,18,49,Rural,Medium Speed (Collector),No,37.85947222,-87.46716389,Non-Intersection,Dark - Not Lighted,Clear,7:00pm-7:59pm,1,7:00pm-7:59pm,4,7:00pm-7:59pm,36,1,Dark - Unlighted,Clear,1,4,['Driver'],['Shoulder_Lapbelt'],1,1,Valid,0.0,0.0,69.0,24.0,"['Male', 'Female']",0,0,3,4,5,Dry,Straight,Level,Lowest,No
15872,21,Kentucky,210679,2,2,1,1,3,SHEPHERDSVILLE,November,11,Saturday,4,25,Urban,High Speed (Arterial),Yes,38.01195833,-85.69703889,Non-Intersection,Dark - Not Lighted,Clear,4:00am-4:59am,28,4:00am-4:59am,40,5:00am-5:59am,30,1,Dark - Unlighted,Clear,0,3,[],[],0,0,Valid,0.0,1.0,60.0,60.0,['Male'],0,0,3,4,5,Dry,Curve,Grade/Hillcrest,Lowest,No
15873,21,Kentucky,210680,0,1,1,0,1,NOT APPLICABLE,November,11,Saturday,20,30,Rural,Medium Speed (Collector),No,36.74138333,-84.09205833,Non-Intersection,Dark - Not Lighted,Cloudy,11:00am-11:59am,34,11:00am-11:59am,51,Not Applicable (Not Transported),Not Applicable (Not Transported),1,Dark - Unlighted,Reduced Visibility,1,0,['Driver'],['None_Used'],1,1,Valid,1.0,0.0,39.0,39.0,['Male'],0,0,3,4,3,Dry,Curve,Grade/Hillcrest,Lowest,No
15874,21,Kentucky,210681,1,1,1,0,1,NOT APPLICABLE,November,12,Sunday,17,35,Rural,Medium Speed (Collector),No,37.56857778,-86.98298889,Non-Intersection,Dark - Not Lighted,Clear,5:00pm-5:59pm,38,5:00pm-5:59pm,49,Not Applicable (Not Transported),Not Applicable (Not Transported),1,Dark - Unlighted,Clear,0,1,[],[],1,1,Valid,0.0,0.0,25.0,25.0,['Male'],0,0,2,4,4,Dry,Straight,Grade/Hillcrest,Lowest,No
15875,21,Kentucky,210682,1,2,2,0,3,BOWLING GREEN,November,17,Friday,17,16,Rural,Medium Speed (Collector),Yes,36.96155,-86.46298611,Simple Junction,Dark - Lighted,Clear,5:00pm-5:59pm,19,5:00pm-5:59pm,23,5:00pm-5:59pm,51,1,Dark - Lighted,Clear,0,3,[],[],0,0,Valid,0.0,0.0,26.0,19.0,"['Female', 'Female']",0,0,3,4,4,Dry,Straight,Level,Lowest,No
15876,21,Kentucky,210683,1,1,1,0,1,NOT APPLICABLE,November,20,Monday,17,10,Rural,Medium Speed (Collector),No,37.37786389,-87.58115,Non-Intersection,Dark - Not Lighted,Rain,5:00pm-5:59pm,12,5:00pm-5:59pm,19,Not Applicable (Not Transported),Not Applicable (Not Transported),1,Dark - Unlighted,Rain/Wind/Minor,0,1,[],[],0,0,Valid,0.0,0.0,23.0,23.0,['Male'],0,0,3,3,4,Wet/Standing Water,Straight,Level,Lowest,No
15877,21,Kentucky,210684,0,2,2,0,2,SHEPHERDSVILLE,November,20,Monday,17,11,Urban,Low Speed (Local),No,37.96483889,-85.68130556,Non-Intersection,Daylight,Cloudy,5:00pm-5:59pm,11,5:00pm-5:59pm,22,5:00pm-5:59pm,58,1,Daylight,Reduced Visibility,1,1,['Driver'],['Shoulder_Lapbelt'],0,0,Invalid,0.0,0.0,48.0,37.0,"['Male', 'Male']",0,0,4,4,5,Dry,Curve,Level,Lowest,No
15878,21,Kentucky,210685,1,1,1,0,1,DANVILLE,November,22,Wednesday,18,26,Urban,High Speed (Arterial),Yes,37.61843611,-84.76856667,Non-Intersection,Dark - Lighted,Clear,6:00pm-6:59pm,27,6:00pm-6:59pm,32,6:00pm-6:59pm,56,1,Dark - Lighted,Clear,0,1,[],[],0,0,Valid,0.0,1.0,35.0,35.0,['Female'],0,0,3,4,4,Dry,Straight,Level,Lowest,No
15879,21,Kentucky,210686,0,2,2,0,2,EASTVIEW,November,24,Friday,21,3,Rural,Medium Speed (Collector),No,37.58405,-86.02881111,Non-Intersection,Dark - Not Lighted,Clear,9:00pm-9:59pm,7,9:00pm-9:59pm,24,10:00pm-10:59pm,26,1,Dark - Unlighted,Clear,1,1,['Driver'],['None_Used'],0,0,Valid,1.0,2.0,58.0,40.0,"['Male', 'Male']",0,0,3,4,5,Dry,Straight,Level,Lowest,No
15880,21,Kentucky,210687,1,1,1,0,1,BOWLING GREEN,November,25,Saturday,12,24,Rural,Medium Speed (Collector),No,36.990575,-86.42167778,Non-Intersection,Daylight,Clear,12:00pm-12:59pm,25,12:00pm-12:59pm,30,Not Applicable (Not Transported),Not Applicable (Not Transported),1,Daylight,Clear,0,1,[],[],0,0,Valid,0.0,0.0,49.0,49.0,['Male'],0,0,2,4,4,Dry,Straight,Level,Lowest,No
15881,21,Kentucky,210688,0,2,2,0,2,NOT APPLICABLE,November,28,Tuesday,9,30,Rural,Medium Speed (Collector),No,36.72191667,-83.97509167,Non-Intersection,Daylight,Clear,9:00am-9:59am,35,9:00am-9:59am,53,Not Applicable (Not Transported),Not Applicable (Not Transported),1,Daylight,Clear,1,1,['Driver'],['None_Used'],0,0,Valid,0.0,1.0,57.0,52.0,"['Female', 'Male']",0,0,4,4,5,Dry,Straight,Level,Lowest,No
15882,21,Kentucky,210689,0,2,2,0,2,WOODBURN,November,30,Thursday,14,45,Rural,Medium Speed (Collector),No,36.84605556,-86.53611944,Complex/Circle,Daylight,Clear,2:00pm-2:59pm,46,3:00pm-3:59pm,0,3:00pm-3:59pm,47,1,Daylight,Clear,1,1,['Driver'],['None_Used'],0,0,Valid,0.0,0.0,64.0,30.0,"['Female', 'Male']",0,0,4,4,5,Dry,Straight,Level,Lowest,No
15883,21,Kentucky,210690,0,2,2,0,4,MOREHEAD,November,5,Sunday,20,15,Urban,Medium Speed (Collector),No,38.17866944,-83.44043333,Complex/Circle,Dark - Not Lighted,Clear,8:00pm-8:59pm,18,8:00pm-8:59pm,27,8:00pm-8:59pm,33,1,Dark - Unlighted,Clear,1,3,['Driver'],['None_Used'],0,0,Valid,0.0,3.0,50.0,47.0,"['Female', 'Male']",0,0,5,4,5,Dry,Straight,Level,Lowest,No
15884,21,Kentucky,210691,0,2,2,0,6,NOT APPLICABLE,November,10,Friday,13,41,Rural,Low Speed (Local),No,37.07735278,-83.55897222,Non-Intersection,Daylight,Cloudy,1:00pm-1:59pm,45,2:00pm-2:59pm,9,3:00pm-3:59pm,28,1,Daylight,Reduced Visibility,1,5,['Front_Passenger'],['Shoulder_Lapbelt'],0,0,Invalid,0.0,0.0,44.0,35.0,"['Male', 'Female']",3,0,3,4,5,Wet/Standing Water,Curve,Level,Lowest,No
15885,21,Kentucky,210692,0,2,2,0,2,RICHMOND,November,6,Monday,16,51,Urban,High Speed (Arterial),Yes,37.75516111,-84.26979444,Complex/Circle,Daylight,Clear,3:00pm-3:59pm,53,4:00pm-4:59pm,58,5:00pm-5:59pm,45,1,Daylight,Clear,1,1,['Driver'],['Shoulder_Lapbelt'],0,0,Valid,2.0,0.0,86.0,20.0,"['Female', 'Female']",0,0,2,4,5,Dry,Straight,Level,Lowest,No
15886,21,Kentucky,210693,0,1,1,0,1,NOT APPLICABLE,August,10,Thursday,17,15,Rural,Medium Speed (Collector),No,37.31611389,-83.98491111,Non-Intersection,Daylight,Clear,Not Applicable (Not Notified),Not Applicable (Not Notified),Not Applicable,Not Applicable,Not Applicable (Not Transported),Not Applicable (Not Transported),1,Daylight,Clear,1,0,['Driver'],['None_Used'],0,0,Valid,1.0,0.0,32.0,32.0,['Male'],1,0,5,4,2,Dry,Curve,Grade/Hillcrest,Lowest,No
15887,21,Kentucky,210694,0,2,2,0,3,NOT APPLICABLE,December,1,Friday,15,46,Rural,Medium Speed (Collector),No,37.67278889,-87.92578611,Complex/Circle,Daylight,Rain,3:00pm-3:59pm,46,3:00pm-3:59pm,48,4:00pm-4:59pm,22,1,Daylight,Rain/Wind/Minor,1,2,['Driver'],['Shoulder_Lapbelt'],0,0,Valid,1.0,0.0,78.0,53.0,"['Female', 'Male']",0,0,3,4,5,Wet/Standing Water,Straight,Level,Lowest,No
15888,21,Kentucky,210695,0,1,1,0,2,NOT APPLICABLE,December,4,Monday,17,40,Rural,Medium Speed (Collector),No,37.03288056,-87.75331389,Non-Intersection,Dark - Not Lighted,Clear,5:00pm-5:59pm,26,6:00pm-6:59pm,11,6:00pm-6:59pm,50,1,Dark - Unlighted,Clear,1,1,['Driver'],['Shoulder_Lapbelt'],0,0,Valid,1.0,0.0,54.0,54.0,['Male'],0,0,4,4,3,Dry,Straight,Grade/Hillcrest,Lowest,No
15889,21,Kentucky,210696,0,1,1,0,1,NOT APPLICABLE,December,4,Monday,17,44,Rural,Medium Speed (Collector),No,36.80131389,-84.4316,Non-Intersection,Dark - Not Lighted,Clear,5:00pm-5:59pm,40,5:00pm-5:59pm,49,8:00pm-8:59pm,37,1,Dark - Unlighted,Clear,1,0,['Driver'],['Shoulder_Lapbelt'],0,0,Valid,0.0,0.0,85.0,85.0,['Male'],0,0,3,4,3,Dry,Curve,Grade/Hillcrest,Lowest,No