,State_Code,State_Name,Crash_ID,Count_Non_Motorists,Count_Vehicles_Total,Count_Vehicle_Forms,Count_PVH_Involved,Count_Occupants_MV,City_Name,Month_Name,Day_of_Month,Day_of_Week,Crash_Hour,Crash_Minute,Area_Rural_Urban,Road_Functional_Class,On_NHS_Road,Latitude,Longitude,Intersection_Type,Light_Condition,Weather_Condition,Notif_Hour,Notif_Minute,Arrival_Hour,Arrival_Minute,Hospital_Hour,Hospital_Minute,Fatalities_Count,Clean_Light_Condition,Clean_Weather_Condition,Total_Killed,Total_Alive,Fatal_Seats_List,Killed_Restraint_List,Any_Driver_Drinking,Total_Drinking_Drivers,Driver_License_Category,Driver_Max_Prev_Accident_Count,Driver_Max_Prev_Speeding_Count,Max_Driver_Age,Min_Driver_Age,Driver_Sex_List,Total_Exceeding_Limit_Vehicles,Total_Too_Fast_Vehicles,Max_Vehicle_Type_Severity_5,Max_Vehicle_Damage_Rank,Max_Harmful_Event_Severity,Crash_Road_Surface_Condition,Crash_Horizontal_Alignment,Crash_Vertical_Profile,Crash_Impairment_Category,Crash_Vehicle_Defect
15890,21,Kentucky,210697,0,2,2,0,2,LOUISVILLE,December,5,Tuesday,12,14,Rural,Medium Speed (Collector),No,38.17106944,-85.456175,Non-Intersection,Daylight,Cloudy,12:00pm-12:59pm,17,12:00pm-12:59pm,22,Not Applicable (Not Transported),Not Applicable (Not Transported),2,Daylight,Reduced Visibility,2,0,"['Driver', 'Driver']","['None_Used', 'None_Used']",0,0,Valid,0.0,0.0,48.0,30.0,"['Male', 'Male']",0,0,3,4,5,Dry,Straight,Level,Lowest,No
15891,21,Kentucky,210698,0,2,2,0,2,MULDRAUGH,December,4,Monday,23,15,Urban,High Speed (Arterial),Yes,37.93899444,-85.99551111,Complex/Circle,Dark - Not Lighted,Clear,11:00pm-11:59pm,13,11:00pm-11:59pm,25,1:00am-1:59am,34,1,Dark - Unlighted,Clear,1,1,['Driver'],['None_Used'],1,1,Valid,0.0,0.0,52.0,18.0,"['Male', 'Female']",0,0,3,4,5,Dry,Straight,Level,Lowest,No
15892,21,Kentucky,210699,0,1,1,0,1,NOT APPLICABLE,December,6,Wednesday,17,20,Rural,Medium Speed (Collector),No,37.80176667,-86.76158333,Non-Intersection,Dark - Not Lighted,Clear,5:00pm-5:59pm,22,5:00pm-5:59pm,32,Not Applicable (Not Transported),Not Applicable (Not Transported),1,Dark - Unlighted,Clear,1,0,['Driver'],['None_Used'],1,1,Valid,1.0,0.0,58.0,58.0,['Male'],0,0,5,4,1,Dry,Straight,Level,Lowest,No
15893,21,Kentucky,210700,0,1,1,0,1,STANFORD,December,7,Thursday,6,55,Rural,Medium Speed (Collector),No,37.42940278,-84.77922222,Non-Intersection,Daylight,Clear,6:00am-6:59am,55,7:00am-7:59am,10,Not Applicable (Not Transported),Not Applicable (Not Transported),1,Daylight,Clear,1,0,['Driver'],['Shoulder_Lapbelt'],0,0,Valid,0.0,0.0,19.0,19.0,['Female'],0,0,4,4,3,Wet/Standing Water,Straight,Grade/Hillcrest,Lowest,No
15894,21,Kentucky,210701,0,3,3,0,4,CAMPBELLSVILLE,December,7,Thursday,12,44,Urban,Medium Speed (Collector),No,37.35551111,-85.34343056,Non-Intersection,Daylight,Clear,12:00pm-12:59pm,26,12:00pm-12:59pm,30,12:00pm-12:59pm,43,1,Daylight,Clear,1,3,['Front_Passenger'],['Shoulder_Lapbelt'],1,1,Valid,0.0,0.0,68.0,46.0,"['Female', 'Male', 'Male']",0,0,2,4,5,Dry,Straight,Grade/Hillcrest,Lowest,No
15895,21,Kentucky,210702,0,1,1,0,3,PAYNEVILLE,December,2,Saturday,16,46,Rural,Low Speed (Local),No,38.02291111,-86.44311389,Non-Intersection,Daylight,Cloudy,4:00pm-4:59pm,57,5:00pm-5:59pm,15,6:00pm-6:59pm,48,1,Daylight,Reduced Visibility,1,2,['Rear_Seat'],['None_Used'],0,0,Valid,0.0,0.0,19.0,19.0,['Male'],3,0,2,4,3,Dry,Straight,Grade/Hillcrest,Lowest,Yes
15896,21,Kentucky,210703,0,2,2,0,2,FRANKFORT,December,8,Friday,9,3,Urban,High Speed (Arterial),Yes,38.19571944,-84.82896389,Complex/Circle,Daylight,Cloudy,9:00am-9:59am,5,9:00am-9:59am,7,9:00am-9:59am,29,1,Daylight,Reduced Visibility,1,1,['Driver'],['None_Used'],0,0,Valid,1.0,0.0,77.0,44.0,"['Female', 'Male']",0,0,5,4,5,Dry,Straight,Level,Lowest,No
15897,21,Kentucky,210704,0,1,1,0,1,NOT APPLICABLE,December,8,Friday,19,57,Rural,Low Speed (Local),No,37.407825,-83.45410556,Non-Intersection,Dark - Not Lighted,Clear,8:00pm-8:59pm,9,8:00pm-8:59pm,24,Not Applicable (Not Transported),Not Applicable (Not Transported),1,Dark - Unlighted,Clear,1,0,['Driver'],['None_Used'],1,1,Invalid,0.0,0.0,57.0,57.0,['Male'],1,0,5,2,3,Oil/Contaminated,Curve,Level,Lowest,No
15898,21,Kentucky,210705,0,3,3,0,4,NOT APPLICABLE,December,10,Sunday,12,14,Rural,High Speed (Arterial),Yes,36.67665278,-88.30240833,Complex/Circle,Daylight,Clear,12:00pm-12:59pm,30,12:00pm-12:59pm,30,12:00pm-12:59pm,30,2,Daylight,Clear,2,2,"['Driver', 'Front_Passenger']","['None_Used', 'None_Used']",0,0,Valid,3.0,1.0,72.0,29.0,"['Female', 'Male', 'Male']",0,0,4,4,5,Dry,Straight,Level,Lowest,No
15899,21,Kentucky,210706,1,1,1,0,1,SHIVELY,December,4,Monday,21,49,Urban,High Speed (Arterial),Yes,38.17546667,-85.82218611,Simple Junction,Dark - Lighted,Clear,9:00pm-9:59pm,50,10:00pm-10:59pm,2,10:00pm-10:59pm,21,1,Dark - Lighted,Clear,0,1,[],[],0,0,Valid,0.0,0.0,19.0,19.0,['Female'],0,0,2,4,4,Dry,Straight,Level,Lowest,No
15900,21,Kentucky,210707,0,1,1,0,2,NOT APPLICABLE,December,12,Tuesday,8,45,Urban,Medium Speed (Collector),No,37.04161111,-88.56250278,Non-Intersection,Daylight,Clear,8:00am-8:59am,51,8:00am-8:59am,54,9:00am-9:59am,9,1,Daylight,Clear,1,1,['Driver'],['Shoulder_Lapbelt'],0,0,Valid,0.0,0.0,39.0,39.0,['Male'],2,0,2,4,2,Dry,Straight,Grade/Hillcrest,Lowest,No
15901,21,Kentucky,210708,0,2,2,0,3,LOUISVILLE,December,7,Thursday,10,12,Urban,High Speed (Arterial),Yes,38.30648333,-85.56605278,Non-Intersection,Daylight,Clear,10:00am-10:59am,25,10:00am-10:59am,32,10:00am-10:59am,58,1,Daylight,Clear,1,2,['Driver'],['Shoulder_Lapbelt'],0,0,Valid,0.0,0.0,77.0,53.0,"['Male', 'Male']",0,0,4,4,5,Dry,Straight,Level,Lowest,No
15902,21,Kentucky,210709,1,1,1,0,1,LOUISVILLE,December,13,Wednesday,18,2,Urban,Medium Speed (Collector),No,38.18461667,-85.66528889,Complex/Circle,Dark - Not Lighted,Clear,6:00pm-6:59pm,9,6:00pm-6:59pm,12,6:00pm-6:59pm,41,1,Dark - Unlighted,Clear,0,1,[],[],0,0,Valid,0.0,0.0,47.0,47.0,['Female'],0,0,3,2,4,Dry,Straight,Level,Lowest,No
15903,21,Kentucky,210710,0,2,2,0,3,LOUISVILLE,December,7,Thursday,16,7,Urban,Medium Speed (Collector),No,38.12573611,-85.79633889,Non-Intersection,Daylight,Clear,4:00pm-4:59pm,8,4:00pm-4:59pm,24,4:00pm-4:59pm,59,1,Daylight,Clear,1,2,['Driver'],['Shoulder_Lapbelt'],0,0,Invalid,1.0,0.0,64.0,41.0,"['Male', 'Female']",0,0,3,4,5,Dry,Straight,Level,Lowest,No
15904,21,Kentucky,210711,0,2,2,0,2,NOT APPLICABLE,December,14,Thursday,17,48,Rural,High Speed (Arterial),Yes,37.50769722,-83.34330833,Non-Intersection,Dusk,Clear,10:00pm-10:59pm,22,10:00pm-10:59pm,22,10:00pm-10:59pm,22,2,Twilight,Clear,2,0,"['Driver', 'Driver']","['Shoulder_Lapbelt', 'Shoulder_Lapbelt']",0,0,Valid,0.0,0.0,78.0,27.0,"['Male', 'Male']",0,0,3,4,5,Dry,Straight,Level,Lowest,No
15905,21,Kentucky,210712,0,5,5,0,6,NOT APPLICABLE,December,14,Thursday,17,48,Rural,High Speed (Arterial),Yes,37.23298889,-85.92970278,Non-Intersection,Daylight,Clear,5:00pm-5:59pm,50,6:00pm-6:59pm,3,7:00pm-7:59pm,49,1,Daylight,Clear,1,5,['Driver'],['None_Used'],0,0,Valid,1.0,1.0,49.0,18.0,"['Male', 'Female', 'Male', 'Male', 'Female']",0,0,4,4,5,Dry,Straight,Grade/Hillcrest,Lowest,No
15906,21,Kentucky,210713,1,1,1,0,1,NOT APPLICABLE,December,15,Friday,5,0,Rural,Medium Speed (Collector),No,37.96401667,-85.00511111,Non-Intersection,Dark - Not Lighted,Clear,7:00am-7:59am,55,8:00am-8:59am,2,Not Applicable (Not Transported),Not Applicable (Not Transported),1,Dark - Unlighted,Clear,0,1,[],[],0,0,Valid,0.0,1.0,42.0,42.0,['Male'],0,0,3,4,4,Dry,Curve,Level,Lowest,No
15907,21,Kentucky,210714,1,1,1,0,1,LEXINGTON-FAYETTE,December,15,Friday,15,3,Urban,High Speed (Arterial),Yes,38.01694722,-84.51462778,Simple Junction,Daylight,Clear,3:00pm-3:59pm,4,3:00pm-3:59pm,7,Not Applicable (Not Transported),Not Applicable (Not Transported),1,Daylight,Clear,0,1,[],[],0,0,Valid,0.0,0.0,58.0,58.0,['Male'],0,0,3,2,4,Dry,Straight,Level,Lowest,No
15908,21,Kentucky,210715,1,1,1,0,1,NOT APPLICABLE,December,18,Monday,18,43,Urban,High Speed (Arterial),Yes,38.92026111,-84.62932222,Non-Intersection,Dark - Lighted,Cloudy,6:00pm-6:59pm,44,6:00pm-6:59pm,48,Not Applicable (Not Transported),Not Applicable (Not Transported),1,Dark - Lighted,Reduced Visibility,0,1,[],[],0,0,Valid,0.0,0.0,43.0,43.0,['Male'],0,0,3,3,4,Icy/Snowy,Straight,Level,Lowest,No
15909,21,Kentucky,210716,0,1,1,0,3,EUBANK,December,15,Friday,23,2,Rural,Low Speed (Local),No,37.28129722,-84.65749722,Non-Intersection,Dark - Lighted,Clear,11:00pm-11:59pm,6,11:00pm-11:59pm,22,0:00am-0:59am,33,1,Dark - Lighted,Clear,1,2,['Front_Passenger'],['Shoulder_Only'],1,1,Valid,1.0,0.0,17.0,17.0,['Male'],0,0,2,4,3,Dry,Curve,Grade/Hillcrest,Lowest,No
15910,21,Kentucky,210717,0,4,4,0,12,WALTON,December,18,Monday,20,41,Urban,High Speed (Arterial),Yes,38.86216111,-84.62324167,Non-Intersection,Dark - Not Lighted,Cloudy,8:00pm-8:59pm,42,8:00pm-8:59pm,46,10:00pm-10:59pm,2,1,Dark - Unlighted,Reduced Visibility,1,11,['Rear_Seat'],['None_Used'],0,0,Valid,0.0,0.0,35.0,19.0,"['Female', 'Female', 'Female', 'Male']",0,0,3,4,5,Dry,Straight,Grade/Hillcrest,Lowest,No
15911,21,Kentucky,210718,1,1,1,0,1,LOUISVILLE,December,20,Wednesday,22,55,Urban,Medium Speed (Collector),No,38.17462778,-85.71272778,Complex/Circle,Dark - Lighted,Clear,10:00pm-10:59pm,55,11:00pm-11:59pm,1,Not Applicable (Not Transported),Not Applicable (Not Transported),1,Dark - Lighted,Clear,0,0,[],[],0,0,Invalid,0.0,0.0,998.0,998.0,['Other'],0,0,2,0,4,Dry,Straight,Level,Lowest,No
15912,21,Kentucky,210719,1,1,1,0,1,LEXINGTON-FAYETTE,December,20,Wednesday,16,16,Urban,Low Speed (Local),No,38.04566111,-84.50011944,Non-Intersection,Daylight,Clear,4:00pm-4:59pm,18,4:00pm-4:59pm,21,4:00pm-4:59pm,33,1,Daylight,Clear,0,1,[],[],0,0,Valid,0.0,0.0,27.0,27.0,['Female'],0,0,3,2,4,Dry,Straight,Grade/Hillcrest,Lowest,No
15913,21,Kentucky,210720,0,2,2,0,4,HOPKINSVILLE,December,22,Friday,19,4,Urban,Low Speed (Local),No,36.82349444,-87.43343611,Non-Intersection,Dark - Lighted,Clear,7:00pm-7:59pm,6,7:00pm-7:59pm,13,8:00pm-8:59pm,32,1,Dark - Lighted,Clear,1,3,['Driver'],['None_Used'],0,0,Valid,0.0,0.0,34.0,18.0,"['Male', 'Male']",3,0,2,4,5,Dry,Straight,Level,Lowest,No
15914,21,Kentucky,210721,0,1,1,0,2,NOT APPLICABLE,December,23,Saturday,11,1,Rural,Medium Speed (Collector),No,37.14768889,-85.10524444,Non-Intersection,Daylight,Rain,11:00am-11:59am,3,11:00am-11:59am,18,11:00am-11:59am,39,1,Daylight,Rain/Wind/Minor,1,1,['Driver'],['None_Used'],0,0,Valid,0.0,0.0,55.0,55.0,['Female'],0,0,3,4,3,Wet/Standing Water,Straight,Grade/Hillcrest,Lowest,No
15915,21,Kentucky,210722,0,1,1,0,2,NOT APPLICABLE,December,23,Saturday,21,11,Rural,Medium Speed (Collector),No,36.72998611,-86.191575,Non-Intersection,Dark - Not Lighted,Rain,9:00pm-9:59pm,12,9:00pm-9:59pm,18,0:00am-0:59am,3,1,Dark - Unlighted,Rain/Wind/Minor,1,1,['Driver'],['None_Used'],0,0,Valid,0.0,0.0,16.0,16.0,['Male'],2,0,2,4,3,Wet/Standing Water,Curve,Grade/Hillcrest,Lowest,No
15916,21,Kentucky,210723,0,1,1,0,1,GEORGETOWN,December,24,Sunday,5,31,Urban,High Speed (Arterial),Yes,38.24408611,-84.52799722,Simple Junction,Dark - Not Lighted,Cloudy,5:00am-5:59am,33,5:00am-5:59am,40,Not Applicable (Not Transported),Not Applicable (Not Transported),1,Dark - Unlighted,Reduced Visibility,1,0,['Driver'],['Shoulder_Lapbelt'],0,0,Valid,0.0,0.0,53.0,53.0,['Male'],0,0,3,4,3,Wet/Standing Water,Straight,Level,Lowest,No
15917,21,Kentucky,210724,0,1,1,0,1,NOT APPLICABLE,December,24,Sunday,17,28,Urban,High Speed (Arterial),Yes,38.99387222,-84.69693611,Non-Intersection,Dusk,Cloudy,5:00pm-5:59pm,29,5:00pm-5:59pm,37,Not Applicable (Not Transported),Not Applicable (Not Transported),1,Twilight,Reduced Visibility,1,0,['Driver'],['None_Used'],0,0,Invalid,0.0,0.0,22.0,22.0,['Male'],1,0,5,4,2,Dry,Curve,Grade/Hillcrest,Lowest,No
15918,21,Kentucky,210725,1,2,2,0,3,LEXINGTON-FAYETTE,December,26,Tuesday,2,49,Urban,High Speed (Arterial),Yes,38.07493333,-84.51780833,Non-Intersection,Dark - Not Lighted,Cloudy,2:00am-2:59am,51,2:00am-2:59am,58,3:00am-3:59am,21,1,Dark - Unlighted,Reduced Visibility,0,3,[],[],0,0,Valid,0.0,0.0,60.0,32.0,"['Female', 'Male']",0,0,3,4,4,Wet/Standing Water,Straight,Level,Lowest,No
15919,21,Kentucky,210726,1,1,1,0,1,LOUISVILLE,December,21,Thursday,9,44,Urban,Low Speed (Local),No,38.23285833,-85.76060833,Non-Intersection,Daylight,Clear,9:00am-9:59am,44,9:00am-9:59am,54,10:00am-10:59am,5,1,Daylight,Clear,0,1,[],[],0,0,Valid,0.0,0.0,61.0,61.0,['Female'],0,0,2,1,4,Dry,Straight,Level,Lowest,Yes
15920,21,Kentucky,210727,0,2,2,0,2,SECO,December,21,Thursday,23,12,Rural,Medium Speed (Collector),No,37.17541944,-82.72036667,Non-Intersection,Dark - Not Lighted,Cloudy,11:00pm-11:59pm,16,11:00pm-11:59pm,22,11:00pm-11:59pm,56,1,Dark - Unlighted,Reduced Visibility,1,1,['Driver'],['None_Used'],0,0,Valid,1.0,0.0,61.0,25.0,"['Female', 'Female']",0,0,3,4,5,Dry,Curve,Level,Lowest,No
15921,21,Kentucky,210728,0,2,2,0,2,NOT APPLICABLE,December,27,Wednesday,7,32,Urban,High Speed (Arterial),Yes,37.78823611,-87.046875,Non-Intersection,Daylight,Clear,7:00am-7:59am,23,7:00am-7:59am,29,Not Applicable (Not Transported),Not Applicable (Not Transported),2,Daylight,Clear,2,0,"['Driver', 'Driver']","['Shoulder_Lapbelt', 'Shoulder_Lapbelt']",0,0,Valid,0.0,0.0,46.0,43.0,"['Female', 'Male']",0,0,3,4,5,Dry,Straight,Level,Lowest,Yes
15922,21,Kentucky,210729,1,1,1,0,1,LOUISVILLE,December,21,Thursday,21,52,Urban,Medium Speed (Collector),No,38.215125,-85.76212222,Non-Intersection,Dark - Lighted,Cloudy,9:00pm-9:59pm,54,10:00pm-10:59pm,4,10:00pm-10:59pm,25,1,Dark - Lighted,Reduced Visibility,0,1,[],[],0,0,Valid,0.0,0.0,42.0,42.0,['Male'],0,0,3,4,4,Dry,Straight,Grade/Hillcrest,Lowest,No
15923,21,Kentucky,210730,1,1,1,0,1,FLORENCE,December,28,Thursday,0,29,Urban,Medium Speed (Collector),No,39.00675,-84.65151667,Non-Intersection,Dark - Not Lighted,Cloudy,0:00am-0:59am,31,0:00am-0:59am,37,Not Applicable (Not Transported),Not Applicable (Not Transported),1,Dark - Unlighted,Reduced Visibility,0,1,[],[],0,0,Valid,0.0,0.0,65.0,65.0,['Female'],0,0,2,3,4,Dry,Straight,Grade/Hillcrest,Lowest,No
15924,21,Kentucky,210731,0,1,1,0,3,NOT APPLICABLE,December,28,Thursday,9,39,Rural,Low Speed (Local),No,37.51605556,-85.23051111,Non-Intersection,Daylight,"Fog, Smog, Smoke",9:00am-9:59am,7,9:00am-9:59am,15,9:00am-9:59am,55,1,Daylight,Reduced Visibility,1,2,['Driver'],['None_Used'],1,1,Valid,0.0,0.0,18.0,18.0,['Female'],0,0,2,4,3,Dry,Curve,Level,Lowest,No
15925,21,Kentucky,210732,2,1,1,0,1,BOWLING GREEN,December,28,Thursday,23,57,Urban,High Speed (Arterial),Yes,36.94037222,-86.42068333,Complex/Circle,Dark - Lighted,Cloudy,11:00pm-11:59pm,58,0:00am-0:59am,1,Not Applicable (Not Transported),Not Applicable (Not Transported),2,Dark - Lighted,Reduced Visibility,0,1,[],[],0,0,Valid,0.0,0.0,17.0,17.0,['Male'],0,0,3,2,4,Dry,Straight,Level,Lowest,No
15926,21,Kentucky,210733,1,1,1,0,2,HARDY,December,1,Friday,19,2,Rural,Medium Speed (Collector),No,37.58517222,-82.19591389,Non-Intersection,Dark - Not Lighted,Rain,7:00pm-7:59pm,37,7:00pm-7:59pm,52,Not Applicable (Not Transported),Not Applicable (Not Transported),1,Dark - Unlighted,Rain/Wind/Minor,0,2,[],[],0,0,Valid,0.0,0.0,91.0,91.0,['Male'],0,0,3,2,4,Wet/Standing Water,Curve,Grade/Hillcrest,Lowest,No
15927,21,Kentucky,210734,0,1,1,0,2,SHIVELY,December,2,Saturday,4,1,Urban,Medium Speed (Collector),No,38.17641389,-85.84335556,Non-Intersection,Dark - Lighted,Clear,4:00am-4:59am,3,4:00am-4:59am,12,4:00am-4:59am,48,1,Dark - Lighted,Clear,1,1,['Driver'],['Shoulder_Lapbelt'],1,1,Invalid,0.0,0.0,21.0,21.0,['Female'],0,0,2,4,3,Wet/Standing Water,Straight,Level,Lowest,No
15928,21,Kentucky,210735,0,1,1,0,1,MOREHEAD,December,3,Sunday,17,59,Rural,High Speed (Arterial),Yes,38.19920833,-83.46847778,Non-Intersection,Dark - Not Lighted,Cloudy,6:00pm-6:59pm,3,6:00pm-6:59pm,8,Not Applicable (Not Transported),Not Applicable (Not Transported),1,Dark - Unlighted,Reduced Visibility,1,0,['Driver'],['None_Used'],1,1,Valid,0.0,0.0,40.0,40.0,['Female'],0,0,3,4,2,Dry,Straight,Level,Medium,No
15929,21,Kentucky,210736,1,1,1,0,1,OAK GROVE,December,7,Thursday,20,23,Urban,High Speed (Arterial),Yes,36.64211944,-87.43636667,Non-Intersection,Dark - Not Lighted,Clear,8:00pm-8:59pm,28,8:00pm-8:59pm,30,Not Applicable (Not Transported),Not Applicable (Not Transported),1,Dark - Unlighted,Clear,0,1,[],[],0,0,Valid,0.0,0.0,23.0,23.0,['Female'],0,0,2,4,4,Dry,Straight,Level,Lowest,No
15930,21,Kentucky,210738,0,1,1,0,1,NOT APPLICABLE,December,10,Sunday,17,12,Rural,Low Speed (Local),No,37.35975,-84.93745278,Non-Intersection,Daylight,Clear,5:00pm-5:59pm,12,5:00pm-5:59pm,21,6:00pm-6:59pm,4,1,Daylight,Clear,1,0,['Driver'],['None_Used'],1,1,Valid,0.0,1.0,33.0,33.0,['Male'],0,0,3,4,4,Dry,Straight,Level,Lowest,No
15931,21,Kentucky,210739,0,1,1,0,1,HAZARD,December,13,Wednesday,21,0,Rural,Medium Speed (Collector),No,37.32208333,-83.17830556,Non-Intersection,Dark - Not Lighted,Clear,10:00pm-10:59pm,18,10:00pm-10:59pm,29,Not Applicable (Not Transported),Not Applicable (Not Transported),1,Dark - Unlighted,Clear,1,0,['Driver'],['None_Used'],1,1,Valid,0.0,1.0,46.0,46.0,['Female'],0,0,2,4,2,Dry,Curve,Grade/Hillcrest,Lowest,No
15932,21,Kentucky,210740,1,2,2,0,3,PRESTONSBURG,December,15,Friday,18,7,Rural,High Speed (Arterial),Yes,37.68270833,-82.79047778,Non-Intersection,Dark - Not Lighted,Clear,6:00pm-6:59pm,7,6:00pm-6:59pm,10,6:00pm-6:59pm,30,1,Dark - Unlighted,Clear,0,2,[],[],0,0,Valid,0.0,0.0,998.0,54.0,"['Male', 'Other']",0,0,3,4,4,Dry,Straight,Grade/Hillcrest,Lowest,No
15933,21,Kentucky,210741,0,1,1,0,3,RUSSELL SPRINGS,December,15,Friday,18,57,Rural,Medium Speed (Collector),No,37.05499722,-85.07969722,Non-Intersection,Dark - Unknown Lighting,Clear,7:00pm-7:59pm,3,7:00pm-7:59pm,7,7:00pm-7:59pm,29,1,Dark - Unlighted,Clear,1,2,['Front_Passenger'],['Shoulder_Lapbelt'],1,1,Invalid,0.0,0.0,25.0,25.0,['Male'],0,0,3,4,3,Dry,Curve,Level,Lowest,No
15934,21,Kentucky,210742,0,1,1,0,2,WESTVIEW,December,20,Wednesday,10,28,Rural,Medium Speed (Collector),No,37.68476111,-86.38223056,Non-Intersection,Daylight,Cloudy,10:00am-10:59am,28,10:00am-10:59am,52,11:00am-11:59am,16,1,Daylight,Reduced Visibility,1,1,['Front_Passenger'],['None_Used'],0,0,Valid,0.0,0.0,20.0,20.0,['Male'],0,0,2,4,3,Dry,Straight,Grade/Hillcrest,Lowest,No
15935,21,Kentucky,210743,0,1,1,0,1,SOMERSET,December,20,Wednesday,17,0,Urban,High Speed (Arterial),Yes,37.07496667,-84.56638056,Non-Intersection,Daylight,Clear,5:00pm-5:59pm,2,5:00pm-5:59pm,10,5:00pm-5:59pm,35,1,Daylight,Clear,1,0,['Driver'],['Shoulder_Lapbelt'],0,0,Valid,0.0,0.0,67.0,67.0,['Male'],0,0,3,4,2,Dry,Curve,Grade/Hillcrest,Lowest,No
15936,21,Kentucky,210744,0,1,1,0,1,NOT APPLICABLE,December,21,Thursday,14,9,Rural,Medium Speed (Collector),No,36.68328056,-83.89158889,Non-Intersection,Daylight,Cloudy,2:00pm-2:59pm,22,Unknown EMS Scene Arrival Hour,Unknown EMS Scene Arrival Minutes,Not Applicable (Not Transported),Not Applicable (Not Transported),1,Daylight,Reduced Visibility,1,0,['Driver'],['Shoulder_Lapbelt'],1,1,Valid,0.0,0.0,60.0,60.0,['Male'],0,0,3,4,3,Dry,Straight,Level,Lowest,No
15937,21,Kentucky,210745,0,1,1,0,1,BELTON,December,24,Sunday,3,32,Rural,Low Speed (Local),No,37.16246389,-87.02351389,Non-Intersection,Dark - Not Lighted,Cloudy,3:00am-3:59am,41,4:00am-4:59am,1,4:00am-4:59am,40,1,Dark - Unlighted,Reduced Visibility,1,0,['Driver'],['Shoulder_Lapbelt'],0,0,Valid,0.0,0.0,71.0,71.0,['Male'],0,0,3,4,3,Wet/Standing Water,Curve,Level,Lowest,No
15938,21,Kentucky,210746,0,1,1,0,1,NOT APPLICABLE,December,26,Tuesday,15,6,Rural,Medium Speed (Collector),No,37.28239444,-86.599725,Non-Intersection,Daylight,Cloudy,3:00pm-3:59pm,8,3:00pm-3:59pm,19,Not Applicable (Not Transported),Not Applicable (Not Transported),1,Daylight,Reduced Visibility,1,0,['Driver'],['None_Used'],0,0,Valid,0.0,0.0,52.0,52.0,['Male'],0,0,3,4,3,Dry,Straight,Grade/Hillcrest,Lowest,No
15939,21,Kentucky,210747,0,1,1,0,1,NOT APPLICABLE,December,27,Wednesday,13,14,Rural,Low Speed (Local),No,37.50948889,-84.81405278,Non-Intersection,Daylight,Clear,1:00pm-1:59pm,15,1:00pm-1:59pm,15,Not Applicable (Not Transported),Not Applicable (Not Transported),1,Daylight,Clear,1,0,['Driver'],['None_Used'],0,0,Valid,0.0,0.0,70.0,70.0,['Male'],0,0,3,4,3,Dry,Straight,Grade/Hillcrest,Lowest,No
15940,21,Kentucky,210748,0,2,2,0,2,LEXINGTON-FAYETTE,December,29,Friday,15,33,Urban,Medium Speed (Collector),No,37.96265,-84.49442778,Complex/Circle,Daylight,Cloudy,3:00pm-3:59pm,58,4:00pm-4:59pm,51,4:00pm-4:59pm,28,1,Daylight,Reduced Visibility,1,1,['Driver'],['Shoulder_Lapbelt'],0,0,Valid,0.0,1.0,87.0,57.0,"['Male', 'Female']",0,0,3,4,5,Dry,Straight,Level,Lowest,No
15941,21,Kentucky,210749,0,1,1,0,1,NOT APPLICABLE,December,31,Sunday,17,50,Rural,Medium Speed (Collector),No,37.18714722,-86.71493056,Non-Intersection,Dark - Not Lighted,Clear,5:00pm-5:59pm,53,5:00pm-5:59pm,59,7:00pm-7:59pm,20,1,Dark - Unlighted,Clear,1,0,['Driver'],['None_Used'],0,0,Valid,0.0,0.0,20.0,20.0,['Male'],0,0,2,4,3,Dry,Curve,Level,Lowest,No
15942,21,Kentucky,210750,0,1,1,0,2,LOUISVILLE,December,31,Sunday,19,50,Urban,Medium Speed (Collector),No,38.15090278,-85.82196944,Simple Junction,Dark - Not Lighted,Clear,Not Applicable (Not Notified),Not Applicable (Not Notified),Not Applicable,Not Applicable,Not Applicable (Not Transported),Not Applicable (Not Transported),1,Dark - Unlighted,Clear,1,1,['Front_Passenger'],['None_Used'],0,0,Invalid,0.0,0.0,26.0,26.0,['Male'],0,0,2,4,3,Dry,Straight,Level,Lowest,No
15943,21,Kentucky,210751,0,1,1,0,1,NOT APPLICABLE,December,13,Wednesday,21,24,Rural,High Speed (Arterial),Yes,38.28414722,-84.15723889,Non-Intersection,Dark - Not Lighted,Clear,9:00pm-9:59pm,28,9:00pm-9:59pm,39,0:00am-0:59am,14,1,Dark - Unlighted,Clear,1,0,['Driver'],['None_Used'],0,0,Valid,1.0,0.0,42.0,42.0,['Male'],1,0,3,4,3,Dry,Straight,Level,Lowest,No
15944,21,Kentucky,210752,0,1,1,0,1,NOT APPLICABLE,December,21,Thursday,9,9,Rural,Medium Speed (Collector),No,37.95134722,-85.49485556,Non-Intersection,Daylight,Clear,9:00am-9:59am,9,9:00am-9:59am,29,Not Applicable (Not Transported),Not Applicable (Not Transported),1,Daylight,Clear,1,0,['Driver'],['None_Used'],1,1,Valid,0.0,0.0,56.0,56.0,['Male'],0,0,3,4,3,Dry,Curve,Grade/Hillcrest,Lowest,No
15945,21,Kentucky,210753,0,1,1,0,1,NOT APPLICABLE,December,22,Friday,23,25,Rural,Low Speed (Local),No,37.72253333,-84.45695,Non-Intersection,Dark - Not Lighted,Clear,11:00pm-11:59pm,22,11:00pm-11:59pm,42,0:00am-0:59am,17,1,Dark - Unlighted,Clear,1,0,['Driver'],['None_Used'],1,1,Valid,0.0,0.0,45.0,45.0,['Male'],0,0,5,2,3,Dry,Curve,Level,Lowest,No
15946,21,Kentucky,210754,1,1,1,0,1,CYNTHIANA,December,24,Sunday,17,48,Urban,Medium Speed (Collector),No,38.39066667,-84.29741111,Non-Intersection,Dark - Not Lighted,Clear,5:00pm-5:59pm,49,6:00pm-6:59pm,2,6:00pm-6:59pm,15,1,Dark - Unlighted,Clear,0,1,[],[],0,0,Valid,0.0,0.0,61.0,61.0,['Female'],0,0,3,4,4,Dry,Straight,Level,Medium,No