,State_Code,State_Name,Crash_ID,Count_Non_Motorists,Count_Vehicles_Total,Count_Vehicle_Forms,Count_PVH_Involved,Count_Occupants_MV,City_Name,Month_Name,Day_of_Month,Day_of_Week,Crash_Hour,Crash_Minute,Area_Rural_Urban,Road_Functional_Class,On_NHS_Road,Latitude,Longitude,Intersection_Type,Light_Condition,Weather_Condition,Notif_Hour,Notif_Minute,Arrival_Hour,Arrival_Minute,Hospital_Hour,Hospital_Minute,Fatalities_Count,Clean_Light_Condition,Clean_Weather_Condition,Total_Killed,Total_Alive,Fatal_Seats_List,Killed_Restraint_List,Any_Driver_Drinking,Total_Drinking_Drivers,Driver_License_Category,Driver_Max_Prev_Accident_Count,Driver_Max_Prev_Speeding_Count,Max_Driver_Age,Min_Driver_Age,Driver_Sex_List,Total_Exceeding_Limit_Vehicles,Total_Too_Fast_Vehicles,Max_Vehicle_Type_Severity_5,Max_Vehicle_Damage_Rank,Max_Harmful_Event_Severity,Crash_Road_Surface_Condition,Crash_Horizontal_Alignment,Crash_Vertical_Profile,Crash_Impairment_Category,Crash_Vehicle_Defect
15947,21,Kentucky,210755,0,1,1,0,6,NOT APPLICABLE,August,19,Saturday,1,55,Rural,Low Speed (Local),No,37.69646389,-84.10571389,Non-Intersection,Dark - Not Lighted,Clear,1:00am-1:59am,56,2:00am-2:59am,16,2:00am-2:59am,21,1,Dark - Unlighted,Clear,1,5,['Front_Passenger'],['None_Used'],1,1,Valid,0.0,0.0,20.0,20.0,['Female'],0,0,5,2,3,Dry,Straight,Grade/Hillcrest,Lowest,No
15948,21,Kentucky,210756,0,1,1,0,1,NOT APPLICABLE,November,24,Friday,15,57,Rural,Medium Speed (Collector),No,36.57470278,-88.87173056,Non-Intersection,Daylight,Clear,3:00pm-3:59pm,48,3:00pm-3:59pm,59,4:00pm-4:59pm,19,1,Daylight,Clear,1,0,['Driver'],['None_Used'],0,0,Valid,0.0,0.0,82.0,82.0,['Female'],0,0,3,4,3,Dry,Straight,Grade/Hillcrest,Lowest,No
15949,21,Kentucky,210757,0,1,1,0,1,NOT APPLICABLE,November,24,Friday,16,34,Rural,Low Speed (Local),No,38.60605556,-83.16233889,Non-Intersection,Daylight,Clear,4:00pm-4:59pm,38,4:00pm-4:59pm,50,5:00pm-5:59pm,20,1,Daylight,Clear,1,0,['Driver'],['None_Used'],0,0,Invalid,0.0,0.0,10.0,10.0,['Male'],0,0,5,2,3,Dry,Straight,Level,Lowest,No
15950,21,Kentucky,210758,1,1,1,0,1,PRESTONVILLE,November,21,Tuesday,18,17,Urban,Medium Speed (Collector),No,38.68006944,-85.19223889,Non-Intersection,Dark - Lighted,Cloudy,6:00pm-6:59pm,17,6:00pm-6:59pm,21,6:00pm-6:59pm,35,1,Dark - Lighted,Reduced Visibility,0,1,[],[],0,0,Invalid,0.0,0.0,58.0,58.0,['Male'],0,0,3,2,4,Dry,Straight,Grade/Hillcrest,Lowest,No
15951,21,Kentucky,210759,1,1,1,0,1,NOT APPLICABLE,July,2,Sunday,5,26,Urban,Medium Speed (Collector),No,38.95358333,-84.62120833,Non-Intersection,Dark - Not Lighted,Clear,5:00am-5:59am,27,5:00am-5:59am,34,6:00am-6:59am,1,1,Dark - Unlighted,Clear,0,1,[],[],1,1,Invalid,0.0,0.0,27.0,27.0,['Male'],0,0,3,3,4,Dry,Straight,Level,Lowest,No
15952,21,Kentucky,210760,0,3,3,0,6,CORBIN,July,20,Thursday,15,47,Rural,High Speed (Arterial),Yes,36.92365556,-84.05455,Complex/Circle,Daylight,Cloudy,3:00pm-3:59pm,47,3:00pm-3:59pm,51,4:00pm-4:59pm,20,1,Daylight,Reduced Visibility,1,5,['Driver'],['Shoulder_Lapbelt'],0,0,Valid,1.0,1.0,67.0,33.0,"['Male', 'Male', 'Male']",0,0,3,4,5,Dry,Straight,Level,Lowest,No
15953,21,Kentucky,210761,0,3,3,0,4,NOT APPLICABLE,July,21,Friday,21,38,Rural,High Speed (Arterial),Yes,37.67574722,-85.23504444,Non-Intersection,Dark - Not Lighted,Clear,9:00pm-9:59pm,38,9:00pm-9:59pm,44,10:00pm-10:59pm,10,1,Dark - Unlighted,Clear,1,3,['Driver'],['Shoulder_Lapbelt'],0,0,Valid,1.0,0.0,79.0,35.0,"['Male', 'Female', 'Male']",0,0,3,4,5,Dry,Straight,Grade/Hillcrest,Lowest,No
15954,21,Kentucky,210762,0,1,1,0,2,NOT APPLICABLE,July,22,Saturday,2,7,Rural,Low Speed (Local),No,37.58876667,-87.40462778,Non-Intersection,Dark - Not Lighted,Clear,Not Applicable (Not Notified),Not Applicable (Not Notified),Not Applicable,Not Applicable,Not Applicable (Not Transported),Not Applicable (Not Transported),2,Dark - Unlighted,Clear,2,0,"['Driver', 'Front_Passenger']","['Shoulder_Lapbelt', 'Shoulder_Lapbelt']",1,1,Valid,0.0,0.0,59.0,59.0,['Female'],0,0,3,4,4,Dry,Straight,Grade/Hillcrest,Lowest,No
15955,21,Kentucky,210763,0,1,1,0,1,NOT APPLICABLE,September,3,Sunday,15,18,Rural,Medium Speed (Collector),No,37.51925,-85.64608056,Non-Intersection,Daylight,Clear,3:00pm-3:59pm,18,3:00pm-3:59pm,25,3:00pm-3:59pm,45,1,Daylight,Clear,1,0,['Driver'],['Shoulder_Lapbelt'],0,0,Valid,0.0,0.0,81.0,81.0,['Male'],0,0,3,4,3,Dry,Curve,Level,Lowest,No
15956,21,Kentucky,210764,0,1,1,0,2,NOT APPLICABLE,September,28,Thursday,15,11,Rural,Medium Speed (Collector),No,38.15494444,-83.372275,Non-Intersection,Daylight,Cloudy,3:00pm-3:59pm,13,3:00pm-3:59pm,23,3:00pm-3:59pm,46,1,Daylight,Reduced Visibility,1,1,['Driver'],['None_Used'],1,1,Valid,1.0,3.0,44.0,44.0,['Male'],0,0,3,4,3,Dry,Curve,Grade/Hillcrest,Lowest,No
15957,21,Kentucky,210765,0,1,1,0,1,ELIZABETHTOWN,September,29,Friday,7,49,Rural,Medium Speed (Collector),Yes,37.68251389,-85.8619,Non-Intersection,Dawn,"Fog, Smog, Smoke",8:00am-8:59am,31,8:00am-8:59am,41,Not Applicable (Not Transported),Not Applicable (Not Transported),1,Twilight,Reduced Visibility,1,0,['Driver'],['None_Used'],0,0,Valid,0.0,0.0,26.0,26.0,['Male'],0,0,4,4,3,Dry,Straight,Level,Medium,No
15958,21,Kentucky,210766,0,1,1,0,4,NOT APPLICABLE,October,15,Sunday,15,30,Rural,Medium Speed (Collector),No,37.37949722,-86.25401389,Non-Intersection,Daylight,Rain,3:00pm-3:59pm,45,4:00pm-4:59pm,2,4:00pm-4:59pm,20,1,Daylight,Rain/Wind/Minor,1,3,['Front_Passenger'],['Shoulder_Lapbelt'],0,0,Valid,0.0,0.0,35.0,35.0,['Female'],0,0,2,4,3,Wet/Standing Water,Curve,Level,Lowest,No
15959,21,Kentucky,210767,0,2,2,0,3,NOT APPLICABLE,December,9,Saturday,16,31,Rural,Medium Speed (Collector),No,37.75781944,-84.80622222,Non-Intersection,Daylight,Rain,4:00pm-4:59pm,33,4:00pm-4:59pm,38,5:00pm-5:59pm,13,1,Daylight,Rain/Wind/Minor,1,2,['Front_Passenger'],['Shoulder_Lapbelt'],0,0,Valid,1.0,0.0,75.0,20.0,"['Male', 'Male']",0,0,3,4,5,Wet/Standing Water,Curve,Grade/Hillcrest,Lowest,Yes
15960,21,Kentucky,210768,0,2,2,0,3,NOT APPLICABLE,September,28,Thursday,9,33,Rural,High Speed (Arterial),No,36.74121111,-85.13459444,Complex/Circle,Daylight,Cloudy,9:00am-9:59am,35,9:00am-9:59am,38,10:00am-10:59am,10,1,Daylight,Reduced Visibility,1,2,['Driver'],['None_Used'],0,0,Valid,0.0,0.0,77.0,72.0,"['Female', 'Male']",0,0,3,4,5,Wet/Standing Water,Straight,Level,Lowest,No
15961,21,Kentucky,210769,1,3,2,1,2,RADCLIFF,October,24,Tuesday,8,0,Urban,High Speed (Arterial),Yes,37.78155,-85.90916111,Non-Intersection,Daylight,Cloudy,8:00am-8:59am,13,8:00am-8:59am,14,8:00am-8:59am,33,1,Daylight,Reduced Visibility,1,1,['Driver'],['Shoulder_Lapbelt'],0,0,Invalid,0.0,0.0,34.0,25.0,"['Male', 'Female']",0,0,3,4,5,Dry,Straight,Level,Lowest,No
15962,21,Kentucky,210770,0,2,2,0,3,PINEVILLE,December,19,Tuesday,18,16,Rural,High Speed (Arterial),Yes,36.73588056,-83.67255278,Non-Intersection,Dark - Not Lighted,Clear,6:00pm-6:59pm,43,6:00pm-6:59pm,43,Not Applicable (Not Transported),Not Applicable (Not Transported),1,Dark - Unlighted,Clear,1,2,['Driver'],['None_Used'],0,0,Valid,0.0,0.0,43.0,18.0,"['Male', 'Female']",0,0,5,4,5,Dry,Straight,Level,Lowest,No
15963,21,Kentucky,210771,0,1,1,0,1,NOT APPLICABLE,May,26,Friday,12,57,Rural,Medium Speed (Collector),No,37.23207778,-83.76349722,Non-Intersection,Daylight,Clear,12:00pm-12:59pm,57,1:00pm-1:59pm,6,1:00pm-1:59pm,27,1,Daylight,Clear,1,0,['Driver'],['Shoulder_Lapbelt'],0,0,Valid,0.0,0.0,65.0,65.0,['Female'],0,0,2,4,3,Dry,Straight,Level,Lowest,No
15964,21,Kentucky,210772,0,1,1,0,1,PINE KNOT,June,18,Sunday,15,58,Rural,Medium Speed (Collector),No,36.65972778,-84.38726667,Non-Intersection,Daylight,Clear,3:00pm-3:59pm,58,4:00pm-4:59pm,4,Not Applicable (Not Transported),Not Applicable (Not Transported),1,Daylight,Clear,1,0,['Driver'],['Shoulder_Lapbelt'],0,0,Valid,0.0,0.0,52.0,52.0,['Male'],0,0,2,4,3,Dry,Straight,Level,Lowest,No
15965,21,Kentucky,210773,0,1,1,0,1,NOT APPLICABLE,July,16,Sunday,6,11,Rural,Low Speed (Local),No,37.20273611,-83.8359,Non-Intersection,Dawn,Not Reported,Unknown,Unknown,Unknown EMS Scene Arrival Hour,Unknown EMS Scene Arrival Minutes,Not Applicable (Not Transported),Not Applicable (Not Transported),1,Twilight,Clear,1,0,['Driver'],['None_Used'],0,0,Invalid,0.0,0.0,66.0,66.0,['Male'],0,0,5,0,1,Dry,Straight,Level,Lowest,Yes
15966,21,Kentucky,210774,0,1,1,0,1,NOT APPLICABLE,August,5,Saturday,99,99,Rural,Low Speed (Local),No,88.8888,888.8888,Non-Intersection,Not Reported,Not Reported,Unknown,Unknown,Unknown EMS Scene Arrival Hour,Unknown EMS Scene Arrival Minutes,Not Applicable (Not Transported),Not Applicable (Not Transported),1,Dark - Unlighted,Clear,1,0,['Driver'],['None_Used'],0,0,Invalid,0.0,0.0,49.0,49.0,['Male'],0,0,5,0,3,Dry,Straight,Level,Lowest,No
15967,21,Kentucky,210775,0,2,2,0,2,NOT APPLICABLE,August,15,Tuesday,20,11,Rural,Medium Speed (Collector),No,36.77200833,-84.95979167,Non-Intersection,Daylight,Clear,Unknown,Unknown,Unknown EMS Scene Arrival Hour,Unknown EMS Scene Arrival Minutes,Unknown,Unknown EMS Hospital Arrival Time,1,Daylight,Clear,1,1,['Driver'],['Shoulder_Lapbelt'],0,0,Valid,1.0,0.0,81.0,32.0,"['Male', 'Male']",0,0,2,4,5,Dry,Straight,Level,Lowest,No
15968,21,Kentucky,210776,0,2,2,0,3,SALVISA,November,1,Wednesday,17,16,Rural,High Speed (Arterial),Yes,37.91653333,-84.86232778,Complex/Circle,Daylight,Clear,5:00pm-5:59pm,15,5:00pm-5:59pm,26,5:00pm-5:59pm,56,1,Daylight,Clear,1,2,['Driver'],['Shoulder_Lapbelt'],0,0,Valid,0.0,0.0,81.0,60.0,"['Female', 'Male']",0,0,3,4,5,Dry,Straight,Level,Lowest,No
15969,21,Kentucky,210777,0,1,1,0,1,NOT APPLICABLE,December,2,Saturday,2,47,Rural,Medium Speed (Collector),No,38.24827778,-84.49407778,Non-Intersection,Dark - Not Lighted,Clear,2:00am-2:59am,53,3:00am-3:59am,2,3:00am-3:59am,38,1,Dark - Unlighted,Clear,1,0,['Driver'],['Shoulder_Lapbelt'],0,0,Valid,1.0,1.0,76.0,76.0,['Male'],0,0,3,4,3,Wet/Standing Water,Curve,Grade/Hillcrest,Lowest,No
15970,21,Kentucky,210778,0,1,1,0,1,NOT APPLICABLE,December,22,Friday,17,23,Rural,Medium Speed (Collector),No,37.26188611,-85.02403611,Non-Intersection,Dusk,Clear,5:00pm-5:59pm,26,5:00pm-5:59pm,35,Not Applicable (Not Transported),Not Applicable (Not Transported),1,Twilight,Clear,1,0,['Driver'],['Shoulder_Lapbelt'],0,0,Valid,0.0,0.0,63.0,63.0,['Male'],0,0,3,4,3,Dry,Straight,Level,Lowest,No
15971,21,Kentucky,210779,1,1,1,0,1,HENDERSON,December,3,Sunday,15,13,Rural,Low Speed (Local),No,37.8566,-87.56673889,Non-Intersection,Daylight,Cloudy,3:00pm-3:59pm,15,3:00pm-3:59pm,24,3:00pm-3:59pm,46,1,Daylight,Reduced Visibility,0,1,[],[],0,0,Valid,0.0,0.0,67.0,67.0,['Male'],0,0,3,1,4,Dry,Straight,Non-Trafficway,Lowest,No
15972,22,Louisiana,220001,0,2,2,0,4,NOT APPLICABLE,January,1,Sunday,0,26,Urban,High Speed (Arterial),Yes,30.2985,-89.71207222,Non-Intersection,Dark - Not Lighted,"Fog, Smog, Smoke",Unknown,Unknown,Unknown EMS Scene Arrival Hour,Unknown EMS Scene Arrival Minutes,Unknown,Unknown EMS Hospital Arrival Time,1,Dark - Unlighted,Reduced Visibility,1,3,['Driver'],['Shoulder_Lapbelt'],0,0,Valid,0.0,0.0,50.0,36.0,"['Male', 'Male']",3,0,4,4,5,Dry,Straight,Level,Lowest,No
15973,22,Louisiana,220002,0,1,1,0,1,NOT APPLICABLE,January,1,Sunday,4,46,Rural,Medium Speed (Collector),No,30.25740833,-91.82013611,Complex/Circle,Dark - Not Lighted,"Fog, Smog, Smoke",Unknown,Unknown,Unknown EMS Scene Arrival Hour,Unknown EMS Scene Arrival Minutes,Not Applicable (Not Transported),Not Applicable (Not Transported),1,Dark - Unlighted,Reduced Visibility,1,0,['Driver'],['None_Used'],1,1,Valid,0.0,0.0,35.0,35.0,['Male'],0,0,5,3,3,Dry,Curve,Level,Lowest,No
15974,22,Louisiana,220003,1,1,1,0,1,BATON ROUGE,January,1,Sunday,5,9,Rural,High Speed (Arterial),Yes,30.42754722,-91.16977778,Non-Intersection,Dark - Lighted,"Fog, Smog, Smoke",Unknown,Unknown,Unknown EMS Scene Arrival Hour,Unknown EMS Scene Arrival Minutes,Not Applicable (Not Transported),Not Applicable (Not Transported),1,Dark - Lighted,Reduced Visibility,0,1,[],[],0,0,Valid,0.0,1.0,28.0,28.0,['Female'],0,0,2,4,4,Dry,Straight,Level,Lowest,No
15975,22,Louisiana,220004,0,1,1,0,1,NOT APPLICABLE,January,3,Tuesday,21,34,Rural,Medium Speed (Collector),No,31.9815,-93.68378889,Non-Intersection,Dark - Not Lighted,Clear,Unknown,Unknown if Notified,Unknown EMS Scene Arrival Hour,Unknown if Arrived,Not Applicable (Not Transported),Not Applicable (Not Transported),1,Dark - Unlighted,Clear,1,0,['Driver'],['Shoulder_Lapbelt'],0,0,Valid,1.0,2.0,52.0,52.0,['Female'],0,0,4,4,3,Dry,Straight,Level,Lowest,No
15976,22,Louisiana,220005,1,2,1,1,1,ALEXANDRIA,January,4,Wednesday,20,32,Urban,High Speed (Arterial),Yes,31.34734167,-92.5198,Non-Intersection,Dark - Lighted,Clear,Unknown,Unknown,Unknown EMS Scene Arrival Hour,Unknown EMS Scene Arrival Minutes,Unknown,Unknown EMS Hospital Arrival Time,1,Dark - Lighted,Clear,1,0,['Driver'],['None_Used'],0,0,Valid,0.0,2.0,24.0,24.0,['Male'],1,0,2,4,5,Dry,Straight,Level,Lowest,No
15977,22,Louisiana,220006,0,2,2,0,5,NOT APPLICABLE,January,4,Wednesday,23,55,Rural,High Speed (Arterial),Yes,30.01482222,-92.12376667,Non-Intersection,Dark - Not Lighted,Clear,11:00pm-11:59pm,57,0:00am-0:59am,4,Unknown,Unknown EMS Hospital Arrival Time,2,Dark - Unlighted,Clear,2,3,"['Driver', 'Front_Passenger']","['None_Used', 'None_Used']",1,1,Valid,0.0,0.0,36.0,34.0,"['Male', 'Male']",2,0,3,4,3,Dry,Straight,Level,Lowest,No
15978,22,Louisiana,220007,0,2,2,0,2,NOT APPLICABLE,January,6,Friday,7,30,Urban,Medium Speed (Collector),No,29.95114444,-90.38030278,Simple Junction,Daylight,Clear,7:00am-7:59am,31,7:00am-7:59am,37,Unknown,Unknown EMS Hospital Arrival Time,1,Daylight,Clear,1,1,['Driver'],['Shoulder_Lapbelt'],0,0,Valid,0.0,0.0,86.0,52.0,"['Male', 'Male']",0,0,4,4,5,Dry,Straight,Level,Lowest,No
15979,22,Louisiana,220008,0,3,3,0,4,NOT APPLICABLE,January,6,Friday,20,0,Urban,High Speed (Arterial),Yes,30.33252778,-89.88090278,Non-Intersection,Dark - Not Lighted,Clear,8:00pm-8:59pm,3,8:00pm-8:59pm,14,8:00pm-8:59pm,44,1,Dark - Unlighted,Clear,1,3,['Driver'],['None_Used'],0,0,Valid,0.0,3.0,56.0,18.0,"['Female', 'Female', 'Male']",0,0,4,4,5,Dry,Straight,Level,Lowest,No
15980,22,Louisiana,220009,0,2,2,0,2,NOT APPLICABLE,January,6,Friday,22,33,Urban,Medium Speed (Collector),No,29.9582,-90.23808333,Simple Junction,Dark - Lighted,Clear,11:00pm-11:59pm,12,11:00pm-11:59pm,27,11:00pm-11:59pm,53,1,Dark - Lighted,Clear,1,1,['Driver'],['None_Used'],0,0,Valid,0.0,1.0,45.0,35.0,"['Male', 'Male']",0,0,5,4,5,Dry,Straight,Level,Lowest,No
15981,22,Louisiana,220010,0,1,1,0,1,NOT APPLICABLE,January,8,Sunday,1,20,Rural,High Speed (Arterial),Yes,30.23196944,-92.53021667,Non-Intersection,Dark - Not Lighted,Clear,Unknown,Unknown,Unknown EMS Scene Arrival Hour,Unknown EMS Scene Arrival Minutes,Unknown,Unknown EMS Hospital Arrival Time,1,Dark - Unlighted,Clear,1,0,['Driver'],['None_Used'],0,0,Valid,0.0,0.0,71.0,71.0,['Male'],0,0,4,4,3,Dry,Straight,Level,Lowest,No
15982,22,Louisiana,220011,1,1,1,0,1,NEW ORLEANS,January,8,Sunday,18,0,Rural,High Speed (Arterial),Yes,30.14408611,-89.86394722,Non-Intersection,Dark - Not Lighted,Clear,6:00pm-6:59pm,18,6:00pm-6:59pm,38,Not Applicable (Not Transported),Not Applicable (Not Transported),1,Dark - Unlighted,Clear,0,1,[],[],0,0,Valid,0.0,1.0,27.0,27.0,['Male'],0,0,2,2,4,Dry,Straight,Level,Lowest,No
15983,22,Louisiana,220012,0,1,1,0,1,NOT APPLICABLE,January,8,Sunday,16,10,Rural,High Speed (Arterial),Yes,32.53886944,-92.51488889,Non-Intersection,Daylight,Clear,Unknown,Unknown,Unknown EMS Scene Arrival Hour,Unknown EMS Scene Arrival Minutes,Unknown,Unknown EMS Hospital Arrival Time,1,Daylight,Clear,1,0,['Driver'],['None_Used'],0,0,Valid,0.0,0.0,47.0,47.0,['Male'],1,0,5,4,3,Dry,Straight,Level,Lowest,No
15984,22,Louisiana,220013,1,1,1,0,2,YOUNGSVILLE,January,7,Saturday,9,0,Urban,Low Speed (Local),No,30.10927778,-92.02699167,Non-Intersection,Daylight,Reported as Unknown,Unknown,Unknown,Unknown EMS Scene Arrival Hour,Unknown EMS Scene Arrival Minutes,Not Applicable (Not Transported),Not Applicable (Not Transported),1,Daylight,Clear,0,2,[],[],0,0,Valid,0.0,0.0,43.0,43.0,['Male'],0,0,2,2,4,Dry,Straight,Level,Lowest,No
15985,22,Louisiana,220014,0,2,2,0,3,GONZALES,January,9,Monday,17,12,Urban,High Speed (Arterial),Yes,30.21092778,-90.92051667,Complex/Circle,Daylight,Clear,5:00pm-5:59pm,24,5:00pm-5:59pm,28,5:00pm-5:59pm,55,1,Daylight,Clear,1,2,['Rear_Seat'],['None_Used'],0,0,Valid,0.0,0.0,46.0,37.0,"['Male', 'Female']",0,0,3,4,5,Dry,Straight,Level,Lowest,No
15986,22,Louisiana,220015,1,1,1,0,1,MANDEVILLE,January,9,Monday,17,48,Urban,High Speed (Arterial),Yes,30.36734167,-90.06918056,Non-Intersection,Dark - Not Lighted,Clear,5:00pm-5:59pm,51,5:00pm-5:59pm,54,Unknown,Unknown EMS Hospital Arrival Time,1,Dark - Unlighted,Clear,0,1,[],[],0,0,Valid,0.0,0.0,60.0,60.0,['Male'],1,0,3,4,4,Dry,Straight,Level,Lowest,No
15987,22,Louisiana,220016,1,1,1,0,1,NOT APPLICABLE,January,9,Monday,18,52,Rural,Low Speed (Local),No,30.052475,-92.65397222,Non-Intersection,Dark - Not Lighted,Clear,Unknown,Unknown,Unknown EMS Scene Arrival Hour,Unknown EMS Scene Arrival Minutes,Not Applicable (Not Transported),Not Applicable (Not Transported),1,Dark - Unlighted,Clear,0,1,[],[],1,1,Valid,0.0,0.0,20.0,20.0,['Male'],0,0,3,4,4,Dry,Straight,Level,Lowest,No
15988,22,Louisiana,220017,0,2,2,0,3,SHREVEPORT,January,10,Tuesday,18,17,Urban,Low Speed (Local),No,32.41673056,-93.81462222,Simple Junction,Dark - Lighted,Clear,6:00pm-6:59pm,20,6:00pm-6:59pm,26,6:00pm-6:59pm,44,2,Dark - Lighted,Clear,2,1,"['Driver', 'Front_Passenger']","['Shoulder_Lapbelt', 'Child_Safety']",0,0,Valid,0.0,0.0,31.0,25.0,"['Male', 'Female']",1,0,2,4,5,Dry,Straight,Grade/Hillcrest,Lowest,No
15989,22,Louisiana,220018,0,3,3,0,3,LAFAYETTE,January,10,Tuesday,18,34,Urban,Medium Speed (Collector),No,30.23416111,-91.99897222,Simple Junction,Dark - Lighted,Clear,6:00pm-6:59pm,36,6:00pm-6:59pm,41,Not Applicable (Not Transported),Not Applicable (Not Transported),1,Dark - Lighted,Clear,1,2,['Driver'],['None_Used'],1,1,Valid,0.0,0.0,54.0,37.0,"['Female', 'Male', 'Female']",0,0,5,4,5,Dry,Straight,Level,Lowest,No
15990,22,Louisiana,220019,0,2,2,0,2,NOT APPLICABLE,January,11,Wednesday,10,10,Rural,Low Speed (Local),No,30.35364167,-91.04443611,Non-Intersection,Daylight,Clear,10:00am-10:59am,14,10:00am-10:59am,21,11:00am-11:59am,11,1,Daylight,Clear,1,1,['Driver'],['None_Used'],0,0,Invalid,0.0,0.0,54.0,47.0,"['Male', 'Female']",0,0,3,4,5,Dry,Straight,Level,Lowest,No
15991,22,Louisiana,220020,1,1,1,0,1,BATON ROUGE,January,11,Wednesday,19,15,Urban,High Speed (Arterial),Yes,30.45065278,-91.14456667,Non-Intersection,Dark - Lighted,Clear,Unknown,Unknown,Unknown EMS Scene Arrival Hour,Unknown EMS Scene Arrival Minutes,Not Applicable (Not Transported),Not Applicable (Not Transported),1,Dark - Lighted,Clear,0,1,[],[],0,0,Valid,0.0,0.0,36.0,36.0,['Male'],0,0,2,2,4,Dry,Straight,Level,Lowest,No
15992,22,Louisiana,220021,0,1,1,0,1,LAFAYETTE,January,12,Thursday,2,45,Urban,Medium Speed (Collector),No,30.22860833,-91.99347778,Non-Intersection,Dark - Lighted,Clear,2:00am-2:59am,56,3:00am-3:59am,5,Not Applicable (Not Transported),Not Applicable (Not Transported),1,Dark - Lighted,Clear,1,0,['Driver'],['None_Used'],1,1,Valid,0.0,0.0,29.0,29.0,['Male'],1,0,2,4,3,Dry,Curve,Level,Lowest,No
15993,22,Louisiana,220022,0,1,1,0,1,NOT APPLICABLE,January,13,Friday,21,9,Rural,High Speed (Arterial),Yes,30.47525,-90.22635556,Non-Intersection,Dark - Not Lighted,Clear,Unknown,Unknown,Unknown EMS Scene Arrival Hour,Unknown EMS Scene Arrival Minutes,Unknown,Unknown EMS Hospital Arrival Time,1,Dark - Unlighted,Clear,1,0,['Driver'],['Shoulder_Lapbelt'],0,0,Valid,0.0,0.0,19.0,19.0,['Female'],1,0,2,4,3,Dry,Straight,Level,Lowest,No
15994,22,Louisiana,220023,0,2,2,0,2,NOT APPLICABLE,January,15,Sunday,1,16,Rural,Medium Speed (Collector),No,30.18724722,-92.20956389,Non-Intersection,Dark - Not Lighted,Clear,1:00am-1:59am,14,1:00am-1:59am,31,2:00am-2:59am,11,1,Dark - Unlighted,Clear,1,1,['Driver'],['None_Used'],1,1,Invalid,0.0,1.0,58.0,49.0,"['Male', 'Male']",0,0,5,4,5,Dry,Straight,Level,Lowest,No
15995,22,Louisiana,220024,1,1,1,0,1,NOT APPLICABLE,January,15,Sunday,2,45,Urban,High Speed (Arterial),Yes,30.366225,-91.13269167,Non-Intersection,Dark - Not Lighted,Clear,2:00am-2:59am,51,2:00am-2:59am,53,3:00am-3:59am,7,1,Dark - Unlighted,Clear,0,1,[],[],0,0,Valid,0.0,0.0,53.0,53.0,['Male'],0,0,3,3,4,Dry,Straight,Level,Lowest,No
15996,22,Louisiana,220025,0,1,1,0,1,NOT APPLICABLE,January,16,Monday,7,32,Rural,Low Speed (Local),No,29.961775,-91.83655278,Non-Intersection,Reported as Unknown,Clear,Unknown,Unknown if Notified,Unknown EMS Scene Arrival Hour,Unknown if Arrived,Not Applicable (Not Transported),Not Applicable (Not Transported),1,Dark - Unlighted,Clear,1,0,['Driver'],['Shoulder_Lapbelt'],1,1,Valid,0.0,0.0,62.0,62.0,['Male'],0,0,3,4,4,Dry,Straight,Level,Lowest,No
15997,22,Louisiana,220026,0,1,1,0,1,NOT APPLICABLE,January,16,Monday,10,6,Urban,Low Speed (Local),No,30.6781,-92.26259167,Non-Intersection,Daylight,Clear,Unknown,Unknown,Unknown EMS Scene Arrival Hour,Unknown EMS Scene Arrival Minutes,Unknown,Unknown EMS Hospital Arrival Time,1,Daylight,Clear,1,0,['Driver'],['None_Used'],0,0,Valid,0.0,1.0,49.0,49.0,['Female'],0,0,2,4,3,Dry,Straight,Level,Lowest,No
15998,22,Louisiana,220027,0,2,2,0,2,NOT APPLICABLE,January,16,Monday,11,24,Urban,High Speed (Arterial),Yes,29.73716667,-90.80486389,Non-Intersection,Daylight,Clear,Unknown,Unknown,Unknown EMS Scene Arrival Hour,Unknown EMS Scene Arrival Minutes,Unknown,Unknown EMS Hospital Arrival Time,1,Daylight,Clear,1,1,['Driver'],['None_Used'],0,0,Invalid,0.0,0.0,43.0,39.0,"['Male', 'Male']",0,0,4,4,5,Dry,Straight,Level,Lowest,No
15999,22,Louisiana,220028,0,2,2,0,2,NOT APPLICABLE,January,16,Monday,21,1,Rural,High Speed (Arterial),Yes,30.56877222,-92.05104444,Non-Intersection,Dark - Not Lighted,Cloudy,Unknown,Unknown,9:00pm-9:59pm,20,Not Applicable (Not Transported),Not Applicable (Not Transported),1,Dark - Unlighted,Reduced Visibility,1,1,['Driver'],['None_Used'],0,0,Invalid,0.0,0.0,53.0,17.0,"['Female', 'Male']",1,0,4,4,5,Dry,Straight,Level,Lowest,No
16000,22,Louisiana,220029,0,1,1,0,1,NOT APPLICABLE,January,17,Tuesday,7,45,Rural,Medium Speed (Collector),No,32.85183889,-91.42033889,Non-Intersection,Daylight,Clear,7:00am-7:59am,52,7:00am-7:59am,56,Not Applicable (Not Transported),Not Applicable (Not Transported),1,Daylight,Clear,1,0,['Driver'],['None_Used'],0,0,Valid,0.0,0.0,79.0,79.0,['Female'],0,0,3,4,3,Wet/Standing Water,Straight,Level,Lowest,Yes
16001,22,Louisiana,220030,1,1,1,0,2,GILBERT,January,17,Tuesday,14,57,Rural,High Speed (Arterial),Yes,32.04946944,-91.65795556,Non-Intersection,Daylight,Clear,2:00pm-2:59pm,54,3:00pm-3:59pm,4,Not Applicable (Not Transported),Not Applicable (Not Transported),1,Daylight,Clear,0,2,[],[],0,0,Valid,0.0,0.0,54.0,54.0,['Male'],0,0,3,3,4,Dry,Straight,Level,Lowest,No