,State_Code,State_Name,Crash_ID,Count_Non_Motorists,Count_Vehicles_Total,Count_Vehicle_Forms,Count_PVH_Involved,Count_Occupants_MV,City_Name,Month_Name,Day_of_Month,Day_of_Week,Crash_Hour,Crash_Minute,Area_Rural_Urban,Road_Functional_Class,On_NHS_Road,Latitude,Longitude,Intersection_Type,Light_Condition,Weather_Condition,Notif_Hour,Notif_Minute,Arrival_Hour,Arrival_Minute,Hospital_Hour,Hospital_Minute,Fatalities_Count,Clean_Light_Condition,Clean_Weather_Condition,Total_Killed,Total_Alive,Fatal_Seats_List,Killed_Restraint_List,Any_Driver_Drinking,Total_Drinking_Drivers,Driver_License_Category,Driver_Max_Prev_Accident_Count,Driver_Max_Prev_Speeding_Count,Max_Driver_Age,Min_Driver_Age,Driver_Sex_List,Total_Exceeding_Limit_Vehicles,Total_Too_Fast_Vehicles,Max_Vehicle_Type_Severity_5,Max_Vehicle_Damage_Rank,Max_Harmful_Event_Severity,Crash_Road_Surface_Condition,Crash_Horizontal_Alignment,Crash_Vertical_Profile,Crash_Impairment_Category,Crash_Vehicle_Defect
16002,22,Louisiana,220031,0,3,3,0,4,NOT APPLICABLE,January,13,Friday,9,4,Rural,Medium Speed (Collector),Yes,30.77575833,-93.31227778,Non-Intersection,Daylight,Clear,Unknown,Unknown,Unknown EMS Scene Arrival Hour,Unknown EMS Scene Arrival Minutes,Unknown,Unknown EMS Hospital Arrival Time,1,Daylight,Clear,1,3,['Driver'],['None_Used'],0,0,Valid,0.0,0.0,79.0,53.0,"['Male', 'Male', 'Female']",0,0,3,4,5,Dry,Straight,Level,Lowest,No
16003,22,Louisiana,220032,0,2,2,0,2,NOT APPLICABLE,January,18,Wednesday,5,54,Rural,Low Speed (Local),No,30.726,-90.43088333,Simple Junction,Dark - Not Lighted,"Fog, Smog, Smoke",Unknown,Unknown,Unknown EMS Scene Arrival Hour,Unknown EMS Scene Arrival Minutes,Unknown,Unknown EMS Hospital Arrival Time,1,Dark - Unlighted,Reduced Visibility,1,1,['Driver'],['None_Used'],0,0,Invalid,3.0,0.0,62.0,28.0,"['Male', 'Male']",1,0,3,4,5,Wet/Standing Water,Straight,Level,Lowest,No
16004,22,Louisiana,220033,0,1,1,0,1,NOT APPLICABLE,January,20,Friday,5,1,Rural,Medium Speed (Collector),Yes,30.52641389,-93.56752222,Simple Junction,Dark - Not Lighted,Clear,5:00am-5:59am,1,5:00am-5:59am,35,Not Applicable (Not Transported),Not Applicable (Not Transported),1,Dark - Unlighted,Clear,1,0,['Driver'],['None_Used'],0,0,Valid,0.0,0.0,18.0,18.0,['Male'],0,0,3,4,3,Dry,Curve,Level,Lowest,No
16005,22,Louisiana,220034,3,3,1,2,1,NOT APPLICABLE,January,25,Wednesday,15,15,Rural,High Speed (Arterial),Yes,31.87719722,-93.69726944,Non-Intersection,Daylight,Clear,Unknown,Unknown,Unknown EMS Scene Arrival Hour,Unknown EMS Scene Arrival Minutes,Unknown,Unknown EMS Hospital Arrival Time,1,Daylight,Clear,0,1,[],[],0,0,Valid,0.0,0.0,42.0,42.0,['Male'],0,0,4,4,5,Dry,Straight,Level,Lowest,No
16006,22,Louisiana,220035,1,1,1,0,1,PORT ALLEN,January,29,Sunday,23,30,Urban,High Speed (Arterial),Yes,30.42832222,-91.21378611,Non-Intersection,Dark - Not Lighted,Rain,11:00pm-11:59pm,34,11:00pm-11:59pm,52,Not Applicable (Not Transported),Not Applicable (Not Transported),1,Dark - Unlighted,Rain/Wind/Minor,0,1,[],[],0,0,Valid,0.0,0.0,19.0,19.0,['Female'],0,0,2,2,4,Wet/Standing Water,Straight,Level,Lowest,No
16007,22,Louisiana,220036,0,1,1,0,1,BATON ROUGE,January,30,Monday,17,27,Urban,High Speed (Arterial),Yes,30.45820556,-91.16761944,Non-Intersection,Dark - Lighted,Rain,5:00pm-5:59pm,30,5:00pm-5:59pm,33,Not Applicable (Not Transported),Not Applicable (Not Transported),1,Dark - Lighted,Rain/Wind/Minor,1,0,['Driver'],['None_Used'],0,0,Invalid,0.0,0.0,23.0,23.0,['Male'],0,0,2,4,3,Wet/Standing Water,Curve,Level,Lowest,No
16008,22,Louisiana,220037,0,2,2,0,3,NOT APPLICABLE,January,31,Tuesday,16,5,Urban,Low Speed (Local),No,30.00184444,-90.13438889,Complex/Circle,Daylight,Clear,Unknown,Unknown,Unknown EMS Scene Arrival Hour,Unknown EMS Scene Arrival Minutes,Unknown,Unknown EMS Hospital Arrival Time,1,Daylight,Clear,1,2,['Driver'],['None_Used'],0,0,Valid,0.0,0.0,41.0,39.0,"['Male', 'Female']",0,0,5,4,5,Dry,Straight,Level,Lowest,No
16009,22,Louisiana,220038,2,1,1,0,1,RINGGOLD,January,31,Tuesday,17,59,Rural,Medium Speed (Collector),No,32.32769722,-93.29373889,Non-Intersection,Dark - Not Lighted,Clear,Unknown,Unknown,Unknown EMS Scene Arrival Hour,Unknown EMS Scene Arrival Minutes,Unknown,Unknown EMS Hospital Arrival Time,1,Dark - Unlighted,Clear,0,1,[],[],0,0,Valid,0.0,0.0,27.0,27.0,['Female'],0,0,2,3,4,Wet/Standing Water,Straight,Level,Lowest,No
16010,22,Louisiana,220039,0,3,1,2,1,NOT APPLICABLE,February,1,Wednesday,14,3,Urban,Medium Speed (Collector),No,29.95531389,-92.13788056,Non-Intersection,Daylight,Cloudy,2:00pm-2:59pm,10,2:00pm-2:59pm,13,Not Applicable (Not Transported),Not Applicable (Not Transported),1,Daylight,Reduced Visibility,1,0,['Driver'],['Shoulder_Lapbelt'],1,1,Valid,0.0,0.0,61.0,61.0,['Male'],0,0,3,4,3,Wet/Standing Water,Curve,Level,Lowest,No
16011,22,Louisiana,220041,1,1,1,0,1,HAMMOND,January,18,Wednesday,12,7,Urban,Low Speed (Local),No,30.53065,-90.47103056,Non-Intersection,Daylight,Clear,Unknown,Unknown,Unknown EMS Scene Arrival Hour,Unknown EMS Scene Arrival Minutes,Not Applicable (Not Transported),Not Applicable (Not Transported),1,Daylight,Clear,0,1,[],[],0,0,Invalid,0.0,1.0,29.0,29.0,['Female'],0,0,3,2,4,Dry,Straight,Level,Lowest,No
16012,22,Louisiana,220042,1,3,3,0,4,DENHAM SPRINGS,January,19,Thursday,0,17,Urban,High Speed (Arterial),Yes,30.44765833,-90.98581667,Non-Intersection,Dark - Not Lighted,Rain,Unknown,Unknown,Unknown EMS Scene Arrival Hour,Unknown EMS Scene Arrival Minutes,Not Applicable (Not Transported),Not Applicable (Not Transported),1,Dark - Unlighted,Rain/Wind/Minor,0,4,[],[],0,0,Invalid,0.0,0.0,999.0,33.0,"['Other', 'Female', 'Female']",0,0,3,2,4,Wet/Standing Water,Straight,Level,Lowest,No
16013,22,Louisiana,220043,1,1,1,0,1,BREAUX BRIDGE,January,20,Friday,22,50,Urban,High Speed (Arterial),Yes,30.29403889,-91.92033889,Non-Intersection,Dark - Not Lighted,Cloudy,10:00pm-10:59pm,55,11:00pm-11:59pm,8,Not Applicable (Not Transported),Not Applicable (Not Transported),1,Dark - Unlighted,Reduced Visibility,0,1,[],[],0,0,Valid,0.0,0.0,46.0,46.0,['Male'],0,0,3,2,4,Wet/Standing Water,Straight,Level,Lowest,No
16014,22,Louisiana,220044,1,1,1,0,2,Not Reported,January,21,Saturday,9,40,Urban,Medium Speed (Collector),No,29.55350833,-90.61385833,Non-Intersection,Daylight,Cloudy,Unknown,Unknown,Unknown EMS Scene Arrival Hour,Unknown EMS Scene Arrival Minutes,Not Applicable (Not Transported),Not Applicable (Not Transported),1,Daylight,Reduced Visibility,0,2,[],[],0,0,Valid,0.0,0.0,39.0,39.0,['Male'],0,0,4,2,4,Dry,Straight,Level,Lowest,No
16015,22,Louisiana,220045,0,2,1,1,1,BATON ROUGE,January,22,Sunday,20,8,Urban,High Speed (Arterial),Yes,30.41764167,-91.10144444,Non-Intersection,Dark - Lighted,Clear,8:00pm-8:59pm,16,8:00pm-8:59pm,23,Not Applicable (Not Transported),Not Applicable (Not Transported),1,Dark - Lighted,Clear,1,0,['Driver'],['None_Used'],1,1,Valid,0.0,0.0,34.0,34.0,['Male'],0,0,2,4,5,Dry,Straight,Level,Lowest,No
16016,22,Louisiana,220046,0,1,1,0,1,Not Reported,January,23,Monday,15,15,Rural,Medium Speed (Collector),No,31.86495278,-92.68299444,Non-Intersection,Daylight,Clear,3:00pm-3:59pm,21,3:00pm-3:59pm,30,Not Applicable (Not Transported),Not Applicable (Not Transported),1,Daylight,Clear,1,0,['Driver'],['None_Used'],1,1,Valid,0.0,0.0,62.0,62.0,['Male'],0,0,5,4,2,Dry,Curve,Level,Lowest,No
16017,22,Louisiana,220048,0,2,2,0,3,Not Reported,January,24,Tuesday,1,5,Rural,Medium Speed (Collector),No,30.17621111,-92.00209444,Non-Intersection,Dark - Lighted,Clear,1:00am-1:59am,7,1:00am-1:59am,14,Not Applicable (Not Transported),Not Applicable (Not Transported),1,Dark - Lighted,Clear,1,2,['Driver'],['None_Used'],1,1,Invalid,0.0,0.0,47.0,45.0,"['Female', 'Male']",0,0,3,4,5,Dry,Curve,Level,Lowest,No
16018,22,Louisiana,220049,0,2,2,0,2,BOSSIER CITY,January,25,Wednesday,19,11,Urban,High Speed (Arterial),Yes,32.57591667,-93.7313,Simple Junction,Dark - Lighted,Clear,7:00pm-7:59pm,13,7:00pm-7:59pm,20,7:00pm-7:59pm,44,1,Dark - Lighted,Clear,1,1,['Driver'],['Shoulder_Lapbelt'],0,0,Valid,0.0,0.0,83.0,37.0,"['Female', 'Female']",0,0,3,4,5,Dry,Straight,Level,Lowest,No
16019,22,Louisiana,220050,0,2,2,0,3,Not Reported,January,28,Saturday,10,30,Rural,Medium Speed (Collector),No,31.89346389,-92.26305833,Simple Junction,Daylight,Clear,Unknown,Unknown,Unknown EMS Scene Arrival Hour,Unknown EMS Scene Arrival Minutes,Unknown,Unknown EMS Hospital Arrival Time,1,Daylight,Clear,1,2,['Front_Passenger'],['Shoulder_Lapbelt'],0,0,Valid,0.0,0.0,70.0,70.0,"['Male', 'Male']",0,0,4,4,5,Dry,Straight,Level,Lowest,No
16020,22,Louisiana,220051,1,1,1,0,1,NOT APPLICABLE,February,9,Thursday,17,36,Urban,Low Speed (Local),No,30.19190556,-93.255875,Non-Intersection,Daylight,Clear,Unknown,Unknown,Unknown EMS Scene Arrival Hour,Unknown EMS Scene Arrival Minutes,Unknown,Unknown EMS Hospital Arrival Time,1,Daylight,Clear,0,1,[],[],0,0,Valid,0.0,0.0,36.0,36.0,['Male'],0,0,3,1,4,Dry,Straight,Level,Lowest,No
16021,22,Louisiana,220052,0,1,1,0,1,NOT APPLICABLE,February,10,Friday,22,58,Rural,High Speed (Arterial),Yes,32.4203,-91.313525,Non-Intersection,Dark - Not Lighted,Clear,11:00pm-11:59pm,13,11:00pm-11:59pm,16,Not Applicable (Not Transported),Not Applicable (Not Transported),1,Dark - Unlighted,Clear,1,0,['Driver'],['None_Used'],0,0,Valid,0.0,6.0,52.0,52.0,['Female'],0,0,3,4,3,Dry,Straight,Level,Lowest,No
16022,22,Louisiana,220053,0,1,1,0,1,NOT APPLICABLE,February,11,Saturday,15,15,Rural,High Speed (Arterial),Yes,32.54223889,-93.54966389,Non-Intersection,Daylight,Cloudy,3:00pm-3:59pm,18,3:00pm-3:59pm,27,Not Applicable (Not Transported),Not Applicable (Not Transported),1,Daylight,Reduced Visibility,1,0,['Driver'],['None_Used'],0,0,Valid,0.0,0.0,62.0,62.0,['Male'],0,0,2,4,3,Dry,Straight,Grade/Hillcrest,Lowest,No
16023,22,Louisiana,220054,1,1,1,0,2,NOT APPLICABLE,February,11,Saturday,19,7,Urban,High Speed (Arterial),Yes,29.96323889,-90.16148333,Non-Intersection,Dark - Not Lighted,Rain,Unknown,Unknown if Notified,Unknown EMS Scene Arrival Hour,Unknown if Arrived,Not Applicable (Not Transported),Not Applicable (Not Transported),1,Dark - Unlighted,Rain/Wind/Minor,0,2,[],[],0,0,Valid,0.0,0.0,37.0,37.0,['Female'],0,0,3,3,4,Wet/Standing Water,Straight,Level,Lowest,Yes
16024,22,Louisiana,220055,0,1,1,0,1,NOT APPLICABLE,February,12,Sunday,16,15,Rural,High Speed (Arterial),Yes,31.69753333,-93.68561111,Non-Intersection,Daylight,Clear,4:00pm-4:59pm,5,4:00pm-4:59pm,14,5:00pm-5:59pm,28,1,Daylight,Clear,1,0,['Driver'],['Shoulder_Lapbelt'],0,0,Valid,0.0,0.0,30.0,30.0,['Male'],0,0,3,4,3,Dry,Straight,Level,Lowest,No
16025,22,Louisiana,220056,0,3,3,0,4,IOWA,February,12,Sunday,16,40,Urban,High Speed (Arterial),Yes,30.24985833,-93.00673889,Non-Intersection,Daylight,Clear,Unknown,Unknown if Notified,Unknown EMS Scene Arrival Hour,Unknown if Arrived,Not Applicable (Not Transported),Not Applicable (Not Transported),1,Daylight,Clear,1,3,['Driver'],['Shoulder_Lapbelt'],0,0,Invalid,0.0,0.0,57.0,27.0,"['Male', 'Female', 'Male']",0,0,4,4,5,Dry,Straight,Level,Lowest,No
16026,22,Louisiana,220057,0,2,2,0,7,SHREVEPORT,February,15,Wednesday,19,31,Urban,Low Speed (Local),No,32.41133056,-93.85534722,Non-Intersection,Dark - Lighted,Cloudy,7:00pm-7:59pm,43,7:00pm-7:59pm,53,8:00pm-8:59pm,13,1,Dark - Lighted,Reduced Visibility,1,6,['Driver'],['Shoulder_Lapbelt'],0,0,Valid,0.0,1.0,68.0,30.0,"['Female', 'Female']",3,0,3,4,5,Dry,Straight,Level,Lowest,No
16027,22,Louisiana,220058,0,1,1,0,1,NOT APPLICABLE,February,16,Thursday,2,45,Rural,Low Speed (Local),No,30.62876389,-92.406675,Non-Intersection,Dark - Not Lighted,Clear,Unknown,Unknown,Unknown EMS Scene Arrival Hour,Unknown EMS Scene Arrival Minutes,Not Applicable (Not Transported),Not Applicable (Not Transported),1,Dark - Unlighted,Clear,1,0,['Driver'],['None_Used'],1,1,Valid,0.0,0.0,33.0,33.0,['Male'],1,0,2,4,3,Oil/Contaminated,Straight,Grade/Hillcrest,Lowest,No
16028,22,Louisiana,220059,0,1,1,0,1,NOT APPLICABLE,February,17,Friday,6,55,Rural,Medium Speed (Collector),No,31.66966389,-91.83580278,Simple Junction,Reported as Unknown,Reported as Unknown,7:00am-7:59am,12,7:00am-7:59am,19,Not Applicable (Not Transported),Not Applicable (Not Transported),1,Dark - Unlighted,Clear,1,0,['Driver'],['None_Used'],1,1,Valid,0.0,0.0,39.0,39.0,['Female'],0,0,2,4,2,Dry,Straight,Level,Lowest,No
16029,22,Louisiana,220060,0,1,1,0,2,NOT APPLICABLE,February,19,Sunday,13,3,Urban,Medium Speed (Collector),No,30.31108889,-91.88248333,Non-Intersection,Daylight,Clear,1:00pm-1:59pm,6,1:00pm-1:59pm,12,Not Applicable (Not Transported),Not Applicable (Not Transported),2,Daylight,Clear,2,0,"['Driver', 'Front_Passenger']","['None_Used', 'Lapbelt_Only']",1,1,Valid,0.0,0.0,41.0,41.0,['Male'],2,0,3,4,3,Dry,Straight,Level,Lowest,No
16030,22,Louisiana,220061,0,1,1,0,1,NOT APPLICABLE,February,20,Monday,16,4,Rural,Low Speed (Local),No,30.10663611,-93.21575833,Non-Intersection,Daylight,Clear,Unknown,Unknown,Unknown EMS Scene Arrival Hour,Unknown EMS Scene Arrival Minutes,Unknown,Unknown EMS Hospital Arrival Time,1,Daylight,Clear,1,0,['Driver'],['None_Used'],0,0,Valid,0.0,0.0,49.0,49.0,['Male'],0,0,5,4,2,Dry,Curve,Level,Lowest,No
16031,22,Louisiana,220062,0,4,4,0,8,NOT APPLICABLE,February,3,Friday,21,33,Urban,High Speed (Arterial),Yes,30.28186667,-91.94795,Non-Intersection,Dark - Not Lighted,Clear,9:00pm-9:59pm,49,10:00pm-10:59pm,5,Not Applicable (Not Transported),Not Applicable (Not Transported),1,Dark - Unlighted,Clear,1,7,['Driver'],['None_Used'],0,0,Invalid,3.0,0.0,71.0,30.0,"['Male', 'Female', 'Male']",0,0,5,4,5,Dry,Straight,Level,Lowest,Yes
16032,22,Louisiana,220063,1,1,1,0,1,NOT APPLICABLE,February,4,Saturday,19,10,Rural,Medium Speed (Collector),No,31.23655,-93.39184722,Non-Intersection,Dark - Not Lighted,Clear,Unknown,Unknown if Notified,Unknown EMS Scene Arrival Hour,Unknown if Arrived,Not Applicable (Not Transported),Not Applicable (Not Transported),1,Dark - Unlighted,Clear,0,1,[],[],0,0,Invalid,0.0,0.0,44.0,44.0,['Female'],0,0,2,3,4,Dry,Straight,Grade/Hillcrest,Lowest,No
16033,22,Louisiana,220064,0,1,1,0,2,NOT APPLICABLE,February,6,Monday,7,30,Urban,High Speed (Arterial),Yes,32.54240833,-93.5423,Non-Intersection,Daylight,"Fog, Smog, Smoke",7:00am-7:59am,35,7:00am-7:59am,51,8:00am-8:59am,45,1,Daylight,Reduced Visibility,1,1,['Front_Passenger'],['None_Used'],0,0,Valid,0.0,0.0,30.0,30.0,['Male'],0,0,2,4,3,Dry,Straight,Level,Medium,No
16034,22,Louisiana,220065,0,2,2,0,2,HAMMOND,February,6,Monday,11,16,Urban,High Speed (Arterial),Yes,30.48507778,-90.48272778,Non-Intersection,Daylight,Clear,Unknown,Unknown,Unknown EMS Scene Arrival Hour,Unknown EMS Scene Arrival Minutes,Unknown,Unknown EMS Hospital Arrival Time,1,Daylight,Clear,1,1,['Driver'],['None_Used'],0,0,Valid,0.0,1.0,74.0,34.0,"['Female', 'Male']",0,0,5,4,5,Dry,Straight,Level,Lowest,No
16035,22,Louisiana,220066,0,5,5,0,7,BATON ROUGE,February,6,Monday,15,11,Urban,High Speed (Arterial),Yes,30.46638889,-91.10544722,Complex/Circle,Daylight,Clear,3:00pm-3:59pm,11,3:00pm-3:59pm,24,3:00pm-3:59pm,46,1,Daylight,Clear,1,6,['Driver'],['Shoulder_Lapbelt'],0,0,Valid,0.0,0.0,75.0,32.0,"['Female', 'Male', 'Male', 'Female', 'Male']",0,0,3,4,5,Dry,Straight,Level,Lowest,No
16036,22,Louisiana,220067,0,2,2,0,3,NOT APPLICABLE,February,6,Monday,17,1,Rural,Medium Speed (Collector),No,30.65594167,-90.20135833,Simple Junction,Daylight,Clear,5:00pm-5:59pm,13,5:00pm-5:59pm,37,5:00pm-5:59pm,58,1,Daylight,Clear,1,2,['Driver'],['Shoulder_Lapbelt'],0,0,Valid,0.0,0.0,65.0,29.0,"['Female', 'Female']",0,0,3,4,5,Dry,Straight,Level,Lowest,No
16037,22,Louisiana,220068,0,1,1,0,1,NOT APPLICABLE,February,7,Tuesday,20,33,Urban,Medium Speed (Collector),No,30.30804722,-91.90465833,Non-Intersection,Dark - Not Lighted,Clear,8:00pm-8:59pm,33,8:00pm-8:59pm,49,9:00pm-9:59pm,36,1,Dark - Unlighted,Clear,1,0,['Driver'],['None_Used'],1,1,Invalid,0.0,0.0,37.0,37.0,['Female'],0,0,2,4,2,Dry,Straight,Level,Lowest,No
16038,22,Louisiana,220069,0,1,1,0,1,BATON ROUGE,February,8,Wednesday,0,5,Urban,Low Speed (Local),No,30.44140278,-91.13839722,Complex/Circle,Dark - Lighted,Clear,0:00am-0:59am,3,0:00am-0:59am,6,0:00am-0:59am,27,1,Dark - Lighted,Clear,1,0,['Driver'],['None_Used'],1,1,Valid,0.0,0.0,28.0,28.0,['Male'],0,0,5,4,3,Dry,Curve,Level,Lowest,No
16039,22,Louisiana,220070,0,1,1,0,1,NOT APPLICABLE,February,8,Wednesday,7,35,Rural,Medium Speed (Collector),No,32.63725833,-92.11596667,Non-Intersection,Daylight,Cloudy,Unknown,Unknown if Notified,Unknown EMS Scene Arrival Hour,Unknown if Arrived,Not Applicable (Not Transported),Not Applicable (Not Transported),1,Daylight,Reduced Visibility,1,0,['Driver'],['Shoulder_Lapbelt'],0,0,Valid,0.0,0.0,17.0,17.0,['Male'],1,0,3,4,3,Wet/Standing Water,Curve,Level,Lowest,No
16040,22,Louisiana,220071,0,2,2,0,2,NOT APPLICABLE,February,9,Thursday,15,33,Rural,High Speed (Arterial),Yes,32.83314444,-91.22124444,Non-Intersection,Daylight,Clear,3:00pm-3:59pm,56,4:00pm-4:59pm,9,4:00pm-4:59pm,44,1,Daylight,Clear,1,1,['Driver'],['Shoulder_Lapbelt'],1,1,Invalid,0.0,0.0,72.0,45.0,"['Female', 'Male']",0,0,3,4,5,Dry,Straight,Level,Lowest,No
16041,22,Louisiana,220072,0,2,2,0,4,NOT APPLICABLE,February,19,Sunday,16,0,Rural,Medium Speed (Collector),No,29.45526944,-90.70315,Non-Intersection,Daylight,Clear,Unknown,Unknown,Unknown EMS Scene Arrival Hour,Unknown EMS Scene Arrival Minutes,Unknown,Unknown EMS Hospital Arrival Time,2,Daylight,Clear,2,2,"['Driver', 'Front_Passenger']","['Shoulder_Lapbelt', 'Shoulder_Lapbelt']",1,1,Invalid,0.0,0.0,60.0,50.0,"['Male', 'Male']",0,0,3,4,5,Dry,Straight,Level,Lowest,No
16042,22,Louisiana,220073,0,2,2,0,4,NOT APPLICABLE,February,20,Monday,18,26,Rural,Medium Speed (Collector),No,30.66675833,-91.74893889,Non-Intersection,Dark - Not Lighted,Clear,6:00pm-6:59pm,35,7:00pm-7:59pm,4,8:00pm-8:59pm,43,1,Dark - Unlighted,Clear,1,3,['Driver'],['Shoulder_Lapbelt'],1,1,Valid,0.0,3.0,59.0,43.0,"['Male', 'Female']",0,0,3,4,5,Dry,Curve,Level,Lowest,No
16043,22,Louisiana,220074,0,2,2,0,2,NOT APPLICABLE,February,20,Monday,18,30,Urban,Medium Speed (Collector),No,29.77574444,-90.83055278,Simple Junction,Dark - Lighted,Clear,6:00pm-6:59pm,32,6:00pm-6:59pm,40,7:00pm-7:59pm,2,1,Dark - Lighted,Clear,1,1,['Driver'],['None_Used'],0,0,Invalid,0.0,0.0,47.0,46.0,"['Male', 'Female']",0,0,3,4,5,Dry,Straight,Level,Lowest,No
16044,22,Louisiana,220075,0,4,4,0,6,NOT APPLICABLE,February,21,Tuesday,16,0,Urban,High Speed (Arterial),Yes,30.24753333,-92.18174167,Non-Intersection,Daylight,Clear,Unknown,Unknown,Unknown EMS Scene Arrival Hour,Unknown EMS Scene Arrival Minutes,Unknown,Unknown EMS Hospital Arrival Time,1,Daylight,Clear,1,5,['Driver'],['Shoulder_Lapbelt'],1,2,Valid,0.0,1.0,82.0,21.0,"['Female', 'Female', 'Female', 'Male']",0,0,4,4,5,Dry,Straight,Level,Lowest,No
16045,22,Louisiana,220076,0,2,2,0,2,NEW ORLEANS,February,22,Wednesday,16,34,Urban,High Speed (Arterial),Yes,29.96015,-90.07716389,Simple Junction,Daylight,Clear,4:00pm-4:59pm,34,4:00pm-4:59pm,37,4:00pm-4:59pm,46,1,Daylight,Clear,1,1,['Driver'],['None_Used'],0,0,Invalid,0.0,0.0,57.0,24.0,"['Female', 'Male']",0,0,5,4,5,Dry,Straight,Level,Lowest,No
16046,22,Louisiana,220077,1,1,1,0,2,NEW ORLEANS,February,22,Wednesday,20,37,Urban,High Speed (Arterial),Yes,29.96629167,-90.10918889,Non-Intersection,Dark - Unknown Lighting,Clear,Unknown,Unknown,Unknown EMS Scene Arrival Hour,Unknown EMS Scene Arrival Minutes,Not Applicable (Not Transported),Not Applicable (Not Transported),1,Dark - Unlighted,Clear,0,2,[],[],0,0,Invalid,0.0,0.0,31.0,31.0,['Male'],0,0,2,2,4,Dry,Straight,Level,Lowest,No
16047,22,Louisiana,220078,0,1,1,0,1,BATON ROUGE,February,23,Thursday,5,51,Urban,High Speed (Arterial),Yes,30.45465833,-91.08466667,Simple Junction,Dark - Lighted,Cloudy,5:00am-5:59am,52,5:00am-5:59am,58,6:00am-6:59am,29,1,Dark - Lighted,Reduced Visibility,1,0,['Driver'],['Shoulder_Lapbelt'],0,0,Valid,0.0,0.0,73.0,73.0,['Male'],0,0,3,4,3,Dry,Straight,Level,Highest,No
16048,22,Louisiana,220079,1,1,1,0,1,NOT APPLICABLE,February,23,Thursday,19,0,Rural,Medium Speed (Collector),No,32.68945,-93.94875,Non-Intersection,Dark - Not Lighted,Reported as Unknown,Not Applicable (Not Notified),Not Applicable (Not Notified),Not Applicable,Not Applicable,Not Applicable (Not Transported),Not Applicable (Not Transported),1,Dark - Unlighted,Clear,0,1,[],[],0,0,Invalid,0.0,0.0,74.0,74.0,['Male'],0,0,3,2,4,Dry,Straight,Level,Lowest,No
16049,22,Louisiana,220080,1,1,1,0,1,NOT APPLICABLE,February,24,Friday,6,30,Rural,Medium Speed (Collector),No,31.53208889,-93.70341667,Non-Intersection,Dark - Not Lighted,"Fog, Smog, Smoke",6:00am-6:59am,44,6:00am-6:59am,55,Not Applicable (Not Transported),Not Applicable (Not Transported),1,Dark - Unlighted,Reduced Visibility,0,1,[],[],0,0,Valid,0.0,0.0,90.0,90.0,['Male'],0,0,3,3,4,Wet/Standing Water,Curve,Level,Lowest,No
16050,22,Louisiana,220081,0,1,1,0,1,NOT APPLICABLE,February,25,Saturday,22,22,Rural,Low Speed (Local),No,30.36325556,-93.72224444,Non-Intersection,Dark - Not Lighted,Clear,Unknown,Unknown if Notified,Unknown EMS Scene Arrival Hour,Unknown if Arrived,Not Applicable (Not Transported),Not Applicable (Not Transported),1,Dark - Unlighted,Clear,1,0,['Driver'],['None_Used'],1,1,Valid,0.0,0.0,41.0,41.0,['Male'],1,0,5,4,3,Dry,Straight,Grade/Hillcrest,Lowest,No
16051,22,Louisiana,220082,0,2,2,0,3,BATON ROUGE,February,26,Sunday,3,30,Urban,High Speed (Arterial),Yes,30.48862778,-91.07616111,Simple Junction,Dark - Lighted,Clear,3:00am-3:59am,41,3:00am-3:59am,51,4:00am-4:59am,17,1,Dark - Lighted,Clear,1,2,['Front_Passenger'],['None_Used'],0,0,Valid,0.0,0.0,65.0,45.0,"['Male', 'Male']",0,0,3,4,5,Dry,Straight,Level,Lowest,No
16052,22,Louisiana,220083,0,2,2,0,4,NOT APPLICABLE,February,26,Sunday,15,3,Rural,High Speed (Arterial),Yes,30.48179167,-90.28899167,Non-Intersection,Daylight,Clear,Unknown,Unknown,Unknown EMS Scene Arrival Hour,Unknown EMS Scene Arrival Minutes,Unknown,Unknown EMS Hospital Arrival Time,1,Daylight,Clear,1,3,['Driver'],['None_Used'],0,0,Valid,2.0,1.0,63.0,39.0,"['Male', 'Male']",2,0,5,4,5,Dry,Straight,Level,Lowest,No
16053,22,Louisiana,220084,1,1,1,0,1,BATON ROUGE,February,26,Sunday,18,27,Urban,Medium Speed (Collector),No,30.42304167,-91.178825,Complex/Circle,Dark - Lighted,Clear,Unknown,Unknown,Unknown EMS Scene Arrival Hour,Unknown EMS Scene Arrival Minutes,Unknown,Unknown EMS Hospital Arrival Time,1,Dark - Lighted,Clear,0,1,[],[],0,0,Invalid,0.0,0.0,62.0,62.0,['Male'],0,0,3,2,4,Dry,Straight,Level,Lowest,No
16054,22,Louisiana,220086,0,2,2,0,2,NOT APPLICABLE,February,27,Monday,18,11,Rural,Low Speed (Local),No,30.34435556,-93.26560556,Simple Junction,Dusk,Clear,Unknown,Unknown,Unknown EMS Scene Arrival Hour,Unknown EMS Scene Arrival Minutes,Unknown,Unknown EMS Hospital Arrival Time,1,Twilight,Clear,1,1,['Driver'],['None_Used'],1,1,Valid,0.0,0.0,34.0,21.0,"['Male', 'Male']",1,0,5,4,5,Dry,Straight,Level,Lowest,No
16055,22,Louisiana,220087,1,1,1,0,1,LAKE CHARLES,March,1,Wednesday,21,49,Urban,High Speed (Arterial),Yes,30.17748889,-93.17986111,Non-Intersection,Other,Clear,Unknown,Unknown,Unknown EMS Scene Arrival Hour,Unknown EMS Scene Arrival Minutes,Unknown,Unknown EMS Hospital Arrival Time,1,Dark - Unlighted,Clear,0,1,[],[],0,0,Valid,0.0,0.0,34.0,34.0,['Female'],0,0,3,2,4,Dry,Straight,Level,Lowest,No