,State_Code,State_Name,Crash_ID,Count_Non_Motorists,Count_Vehicles_Total,Count_Vehicle_Forms,Count_PVH_Involved,Count_Occupants_MV,City_Name,Month_Name,Day_of_Month,Day_of_Week,Crash_Hour,Crash_Minute,Area_Rural_Urban,Road_Functional_Class,On_NHS_Road,Latitude,Longitude,Intersection_Type,Light_Condition,Weather_Condition,Notif_Hour,Notif_Minute,Arrival_Hour,Arrival_Minute,Hospital_Hour,Hospital_Minute,Fatalities_Count,Clean_Light_Condition,Clean_Weather_Condition,Total_Killed,Total_Alive,Fatal_Seats_List,Killed_Restraint_List,Any_Driver_Drinking,Total_Drinking_Drivers,Driver_License_Category,Driver_Max_Prev_Accident_Count,Driver_Max_Prev_Speeding_Count,Max_Driver_Age,Min_Driver_Age,Driver_Sex_List,Total_Exceeding_Limit_Vehicles,Total_Too_Fast_Vehicles,Max_Vehicle_Type_Severity_5,Max_Vehicle_Damage_Rank,Max_Harmful_Event_Severity,Crash_Road_Surface_Condition,Crash_Horizontal_Alignment,Crash_Vertical_Profile,Crash_Impairment_Category,Crash_Vehicle_Defect
16056,22,Louisiana,220088,0,1,1,0,1,NOT APPLICABLE,March,3,Friday,11,28,Rural,Medium Speed (Collector),No,31.11,-92.79834167,Non-Intersection,Daylight,Clear,Unknown,Unknown if Notified,Unknown EMS Scene Arrival Hour,Unknown if Arrived,Not Applicable (Not Transported),Not Applicable (Not Transported),1,Daylight,Clear,1,0,['Driver'],['None_Used'],0,0,Valid,0.0,1.0,43.0,43.0,['Male'],1,0,4,4,3,Dry,Curve,Level,Lowest,No
16057,22,Louisiana,220089,0,2,2,0,2,JENNINGS,March,3,Friday,12,38,Urban,Medium Speed (Collector),No,30.24000278,-92.63544722,Non-Intersection,Daylight,Clear,1:00pm-1:59pm,1,1:00pm-1:59pm,22,1:00pm-1:59pm,58,1,Daylight,Clear,1,1,['Driver'],['Shoulder_Lapbelt'],0,0,Valid,0.0,1.0,73.0,31.0,"['Female', 'Male']",0,0,3,4,5,Dry,Straight,Non-Trafficway,Lowest,No
16058,22,Louisiana,220090,0,2,2,0,4,MANDEVILLE,March,4,Saturday,21,19,Urban,High Speed (Arterial),Yes,30.3656,-90.06563333,Non-Intersection,Dark - Not Lighted,Clear,9:00pm-9:59pm,21,9:00pm-9:59pm,23,9:00pm-9:59pm,40,1,Dark - Unlighted,Clear,1,3,['Front_Passenger'],['None_Used'],1,1,Valid,0.0,0.0,75.0,44.0,"['Female', 'Male']",0,0,3,4,5,Dry,Straight,Level,Lowest,No
16059,22,Louisiana,220091,0,1,1,0,3,NEW ORLEANS,February,10,Friday,23,59,Urban,Medium Speed (Collector),No,29.96488333,-90.10920556,Non-Intersection,Dark - Not Lighted,Clear,Unknown,Unknown,Unknown EMS Scene Arrival Hour,Unknown EMS Scene Arrival Minutes,Unknown,Unknown EMS Hospital Arrival Time,1,Dark - Unlighted,Clear,1,2,['Driver'],['None_Used'],1,1,Invalid,0.0,0.0,27.0,27.0,['Male'],3,0,2,4,3,Dry,Curve,Level,Lowest,No
16060,22,Louisiana,220092,0,2,2,0,5,SHREVEPORT,February,16,Thursday,11,35,Urban,Medium Speed (Collector),No,32.45480556,-93.70854167,Non-Intersection,Daylight,Clear,11:00am-11:59am,38,11:00am-11:59am,44,12:00pm-12:59pm,28,1,Daylight,Clear,1,4,['Rear_Seat'],['None_Used'],0,0,Valid,0.0,0.0,61.0,17.0,"['Female', 'Female']",0,0,3,4,5,Dry,Straight,Level,Lowest,No
16061,22,Louisiana,220093,0,2,2,0,2,NOT APPLICABLE,February,23,Thursday,2,44,Rural,Medium Speed (Collector),No,30.69359167,-90.81815556,Non-Intersection,Dark - Not Lighted,Clear,Unknown,Unknown,Unknown EMS Scene Arrival Hour,Unknown EMS Scene Arrival Minutes,Not Applicable (Not Transported),Not Applicable (Not Transported),1,Dark - Unlighted,Clear,1,1,['Driver'],['None_Used'],1,1,Valid,1.0,1.0,55.0,35.0,"['Female', 'Male']",0,0,4,4,5,Dry,Straight,Level,Lowest,No
16062,22,Louisiana,220094,1,1,1,0,1,NOT APPLICABLE,March,4,Saturday,4,57,Urban,High Speed (Arterial),Yes,30.88938333,-93.28575833,Non-Intersection,Dark - Not Lighted,Clear,Unknown,Unknown,Unknown EMS Scene Arrival Hour,Unknown EMS Scene Arrival Minutes,Not Applicable (Not Transported),Not Applicable (Not Transported),1,Dark - Unlighted,Clear,0,1,[],[],0,0,Valid,0.0,0.0,72.0,72.0,['Male'],0,0,3,2,4,Dry,Straight,Level,Lowest,No
16063,22,Louisiana,220095,0,1,1,0,1,NOT APPLICABLE,February,24,Friday,6,49,Rural,Medium Speed (Collector),No,30.46856944,-92.94746389,Non-Intersection,Daylight,Cloudy,Unknown,Unknown,Unknown EMS Scene Arrival Hour,Unknown EMS Scene Arrival Minutes,Not Applicable (Not Transported),Not Applicable (Not Transported),1,Daylight,Reduced Visibility,1,0,['Driver'],['None_Used'],0,0,Invalid,0.0,0.0,21.0,21.0,['Male'],1,0,2,4,3,Dry,Curve,Level,Lowest,No
16064,22,Louisiana,220096,0,2,2,0,2,NOT APPLICABLE,February,24,Friday,23,0,Rural,High Speed (Arterial),Yes,30.47544444,-90.69350833,Non-Intersection,Dark - Not Lighted,Clear,11:00pm-11:59pm,0,11:00pm-11:59pm,13,Not Applicable (Not Transported),Not Applicable (Not Transported),1,Dark - Unlighted,Clear,1,1,['Driver'],['None_Used'],1,1,Valid,0.0,0.0,69.0,18.0,"['Female', 'Male']",0,0,2,4,5,Dry,Straight,Level,Lowest,No
16065,22,Louisiana,220097,0,1,1,0,1,Not Reported,March,8,Wednesday,8,51,Rural,Low Speed (Local),No,30.98893889,-91.87505,Non-Intersection,Daylight,Clear,Unknown,Unknown,Unknown EMS Scene Arrival Hour,Unknown EMS Scene Arrival Minutes,Unknown,Unknown EMS Hospital Arrival Time,1,Daylight,Clear,1,0,['Driver'],['None_Used'],0,0,Valid,0.0,0.0,55.0,55.0,['Male'],0,0,5,4,3,Dry,Straight,Level,Lowest,Yes
16066,22,Louisiana,220098,0,2,2,0,8,Not Reported,March,8,Wednesday,15,40,Urban,High Speed (Arterial),Yes,32.19774167,-92.70713889,Non-Intersection,Daylight,Clear,3:00pm-3:59pm,42,3:00pm-3:59pm,48,4:00pm-4:59pm,17,2,Daylight,Clear,2,6,"['Driver', 'Front_Passenger']","['Shoulder_Lapbelt', 'None_Used']",0,0,Invalid,0.0,0.0,56.0,28.0,"['Female', 'Female']",0,0,4,4,5,Dry,Straight,Grade/Hillcrest,Lowest,No
16067,22,Louisiana,220099,0,2,2,0,2,BATON ROUGE,March,9,Thursday,0,4,Urban,Low Speed (Local),No,30.46704167,-91.15638611,Simple Junction,Dark - Lighted,Clear,0:00am-0:59am,14,0:00am-0:59am,26,0:00am-0:59am,49,1,Dark - Lighted,Clear,1,1,['Driver'],['None_Used'],1,1,Invalid,0.0,1.0,56.0,22.0,"['Male', 'Male']",1,0,3,4,5,Dry,Straight,Level,Lowest,No
16068,22,Louisiana,220100,1,2,2,0,2,PATTERSON,March,9,Thursday,20,21,Urban,High Speed (Arterial),Yes,29.68609722,-91.30426389,Non-Intersection,Dark - Not Lighted,Clear,Unknown,Unknown,Unknown EMS Scene Arrival Hour,Unknown EMS Scene Arrival Minutes,Not Applicable (Not Transported),Not Applicable (Not Transported),1,Dark - Unlighted,Clear,0,2,[],[],0,0,Valid,0.0,0.0,18.0,18.0,"['Male', 'Male']",0,0,2,2,4,Dry,Straight,Level,Lowest,No
16069,22,Louisiana,220101,1,1,1,0,1,Not Reported,March,10,Friday,19,24,Rural,Medium Speed (Collector),No,32.45723611,-92.16330278,Non-Intersection,Dark - Not Lighted,Clear,Unknown,Unknown,Unknown EMS Scene Arrival Hour,Unknown EMS Scene Arrival Minutes,Unknown,Unknown EMS Hospital Arrival Time,1,Dark - Unlighted,Clear,0,1,[],[],0,0,Valid,0.0,0.0,53.0,53.0,['Female'],1,0,2,2,4,Dry,Straight,Level,Lowest,No
16070,22,Louisiana,220103,0,1,1,0,1,LILLIE,March,12,Sunday,8,37,Rural,High Speed (Arterial),Yes,32.92164444,-92.655975,Non-Intersection,Daylight,Rain,9:00am-9:59am,3,9:00am-9:59am,12,Not Applicable (Not Transported),Not Applicable (Not Transported),1,Daylight,Rain/Wind/Minor,1,0,['Driver'],['Shoulder_Lapbelt'],0,0,Valid,0.0,0.0,26.0,26.0,['Female'],0,0,3,4,3,Wet/Standing Water,Straight,Level,Lowest,No
16071,22,Louisiana,220104,1,1,1,0,1,NEW ORLEANS,March,13,Monday,4,35,Urban,High Speed (Arterial),Yes,29.97211667,-90.12463333,Simple Junction,Dark - Lighted,Clear,Unknown,Unknown,Unknown EMS Scene Arrival Hour,Unknown EMS Scene Arrival Minutes,Not Applicable (Not Transported),Not Applicable (Not Transported),1,Dark - Lighted,Clear,0,0,[],[],0,0,Invalid,0.0,0.0,998.0,998.0,['Other'],0,0,1,0,4,Dry,Straight,Level,Lowest,No
16072,22,Louisiana,220105,0,2,2,0,3,LAFAYETTE,March,13,Monday,21,10,Urban,High Speed (Arterial),No,30.18206667,-92.00613889,Non-Intersection,Dark - Not Lighted,Cloudy,8:00pm-8:59pm,35,8:00pm-8:59pm,36,9:00pm-9:59pm,21,1,Dark - Unlighted,Reduced Visibility,1,2,['Driver'],['None_Used'],0,0,Valid,0.0,0.0,55.0,28.0,"['Male', 'Male']",0,0,5,4,5,Dry,Straight,Level,Lowest,No
16073,22,Louisiana,220106,0,2,2,0,2,BATON ROUGE,March,18,Saturday,16,20,Urban,Low Speed (Local),No,30.39454167,-91.10894444,Non-Intersection,Daylight,Clear,Unknown,Unknown,Unknown EMS Scene Arrival Hour,Unknown EMS Scene Arrival Minutes,Unknown,Unknown EMS Hospital Arrival Time,1,Daylight,Clear,1,1,['Driver'],['None_Used'],0,0,Invalid,0.0,0.0,46.0,29.0,"['Male', 'Male']",0,0,5,4,5,Dry,Straight,Level,Lowest,No
16074,22,Louisiana,220107,0,2,2,0,6,NOT APPLICABLE,March,6,Monday,15,25,Rural,Medium Speed (Collector),No,31.65539167,-92.77591111,Non-Intersection,Daylight,Clear,6:00pm-6:59pm,28,6:00pm-6:59pm,30,7:00pm-7:59pm,0,2,Daylight,Clear,2,4,"['Non_Standard_Risk', 'Non_Standard_Risk']","['None_Used', 'None_Used']",0,0,Valid,0.0,0.0,50.0,17.0,"['Male', 'Female']",1,0,3,4,5,Dry,Straight,Grade/Hillcrest,Lowest,No
16075,22,Louisiana,220108,1,1,1,0,1,NOT APPLICABLE,March,12,Sunday,19,45,Urban,High Speed (Arterial),Yes,29.91203056,-89.89819167,Complex/Circle,Dark - Lighted,Clear,Unknown,Unknown,Unknown EMS Scene Arrival Hour,Unknown EMS Scene Arrival Minutes,Unknown,Unknown EMS Hospital Arrival Time,1,Dark - Lighted,Clear,0,1,[],[],0,0,Valid,0.0,0.0,24.0,24.0,['Male'],0,0,3,2,4,Dry,Straight,Level,Lowest,No
16076,22,Louisiana,220109,1,1,1,0,2,NOT APPLICABLE,March,15,Wednesday,21,30,Urban,High Speed (Arterial),Yes,30.31287778,-89.82448889,Non-Intersection,Dark - Lighted,Clear,Unknown,Unknown if Notified,Unknown EMS Scene Arrival Hour,Unknown if Arrived,Not Applicable (Not Transported),Not Applicable (Not Transported),1,Dark - Lighted,Clear,0,2,[],[],0,0,Valid,0.0,0.0,30.0,30.0,['Male'],0,0,4,3,4,Dry,Straight,Level,Lowest,No
16077,22,Louisiana,220110,0,1,1,0,1,NOT APPLICABLE,March,16,Thursday,17,12,Rural,Medium Speed (Collector),No,30.75689722,-92.10375833,Non-Intersection,Daylight,Cloudy,Unknown,Unknown,Unknown EMS Scene Arrival Hour,Unknown EMS Scene Arrival Minutes,Unknown,Unknown EMS Hospital Arrival Time,1,Daylight,Reduced Visibility,1,0,['Driver'],['None_Used'],1,1,Valid,0.0,1.0,72.0,72.0,['Male'],0,0,3,4,3,Dry,Curve,Level,Lowest,No
16078,22,Louisiana,220111,0,1,1,0,1,NOT APPLICABLE,March,16,Thursday,21,58,Urban,Medium Speed (Collector),No,29.536775,-90.67719722,Non-Intersection,Dark - Lighted,Clear,Unknown,Unknown,Unknown EMS Scene Arrival Hour,Unknown EMS Scene Arrival Minutes,Not Applicable (Not Transported),Not Applicable (Not Transported),1,Dark - Lighted,Clear,1,0,['Driver'],['None_Used'],1,1,Valid,0.0,1.0,37.0,37.0,['Male'],1,0,2,4,3,Dry,Curve,Level,Lowest,No
16079,22,Louisiana,220112,0,2,2,0,3,CARENCRO,March,20,Monday,8,12,Urban,High Speed (Arterial),Yes,30.37215,-92.05121667,Non-Intersection,Daylight,Clear,Unknown,Unknown,8:00am-8:59am,32,Unknown,Unknown EMS Hospital Arrival Time,1,Daylight,Clear,1,2,['Driver'],['Shoulder_Lapbelt'],1,1,Valid,0.0,0.0,59.0,38.0,"['Male', 'Female']",0,0,3,4,5,Dry,Straight,Level,Lowest,No
16080,22,Louisiana,220113,1,3,1,2,1,NOT APPLICABLE,March,25,Saturday,16,34,Urban,High Speed (Arterial),Yes,32.51026111,-92.26141111,Non-Intersection,Daylight,Clear,Unknown,Unknown,Unknown EMS Scene Arrival Hour,Unknown EMS Scene Arrival Minutes,Unknown,Unknown EMS Hospital Arrival Time,1,Daylight,Clear,0,1,[],[],0,0,Valid,0.0,0.0,50.0,50.0,['Male'],0,0,3,4,5,Dry,Straight,Grade/Hillcrest,Lowest,No
16081,22,Louisiana,220114,0,1,1,0,1,LAFAYETTE,March,29,Wednesday,14,26,Urban,Medium Speed (Collector),No,30.21938333,-92.07908333,Non-Intersection,Daylight,Clear,1:00pm-1:59pm,29,1:00pm-1:59pm,30,Not Applicable (Not Transported),Not Applicable (Not Transported),1,Daylight,Clear,1,0,['Driver'],['None_Used'],0,0,Valid,0.0,0.0,61.0,61.0,['Male'],0,0,2,4,2,Dry,Curve,Level,Medium,No
16082,22,Louisiana,220115,0,1,1,0,1,NOT APPLICABLE,March,31,Friday,2,25,Rural,Low Speed (Local),No,32.30829167,-91.05202222,Non-Intersection,Dark - Not Lighted,Clear,Unknown,Unknown,Unknown EMS Scene Arrival Hour,Unknown EMS Scene Arrival Minutes,Not Applicable (Not Transported),Not Applicable (Not Transported),1,Dark - Unlighted,Clear,1,0,['Driver'],['None_Used'],1,1,Valid,0.0,0.0,49.0,49.0,['Male'],1,0,3,4,3,Dry,Straight,Level,Lowest,No
16083,22,Louisiana,220116,0,2,2,0,8,BATON ROUGE,April,1,Saturday,15,37,Urban,Medium Speed (Collector),No,30.46319722,-91.11170833,Complex/Circle,Daylight,Clear,2:00pm-2:59pm,37,2:00pm-2:59pm,45,3:00pm-3:59pm,2,1,Daylight,Clear,1,7,['Front_Passenger'],['None_Used'],0,0,Valid,0.0,1.0,52.0,27.0,"['Male', 'Male']",0,0,3,4,5,Dry,Straight,Level,Lowest,Yes
16084,22,Louisiana,220117,0,2,2,0,2,BATON ROUGE,April,2,Sunday,15,25,Urban,Medium Speed (Collector),No,30.49309444,-91.14374167,Complex/Circle,Daylight,Clear,Unknown,Unknown,Unknown EMS Scene Arrival Hour,Unknown EMS Scene Arrival Minutes,Not Applicable (Not Transported),Not Applicable (Not Transported),1,Daylight,Clear,1,1,['Driver'],['None_Used'],0,0,Invalid,0.0,0.0,44.0,35.0,"['Male', 'Male']",1,0,5,4,5,Dry,Straight,Level,Lowest,No
16085,22,Louisiana,220118,0,2,2,0,2,NEW ORLEANS,April,2,Sunday,19,48,Urban,High Speed (Arterial),Yes,29.95959722,-90.07743333,Non-Intersection,Dark - Unknown Lighting,Clear,Unknown,Unknown,Unknown EMS Scene Arrival Hour,Unknown EMS Scene Arrival Minutes,Unknown,Unknown EMS Hospital Arrival Time,1,Dark - Unlighted,Clear,1,1,['Driver'],['None_Used'],0,0,Invalid,0.0,0.0,55.0,34.0,"['Male', 'Male']",0,0,5,4,5,Dry,Straight,Level,Lowest,No
16086,22,Louisiana,220119,0,1,1,0,2,SHREVEPORT,April,8,Saturday,17,30,Urban,High Speed (Arterial),Yes,32.45613333,-93.75709167,Non-Intersection,Daylight,Clear,4:00pm-4:59pm,35,4:00pm-4:59pm,36,4:00pm-4:59pm,48,1,Daylight,Clear,1,1,['Front_Passenger'],['Shoulder_Lapbelt'],0,0,Valid,0.0,0.0,18.0,18.0,['Male'],0,0,2,4,3,Dry,Straight,Grade/Hillcrest,Lowest,No
16087,22,Louisiana,220120,0,1,1,0,4,NOT APPLICABLE,January,19,Thursday,6,15,Urban,High Speed (Arterial),Yes,30.36926944,-91.04840278,Non-Intersection,Dark - Lighted,Clear,6:00am-6:59am,20,6:00am-6:59am,24,6:00am-6:59am,53,1,Dark - Lighted,Clear,1,3,['Driver'],['Shoulder_Lapbelt'],0,0,Invalid,0.0,0.0,39.0,39.0,['Male'],4,0,2,4,3,Dry,Straight,Level,Medium,No
16088,22,Louisiana,220121,0,2,2,0,2,NOT APPLICABLE,February,2,Thursday,9,10,Rural,Medium Speed (Collector),No,30.77796389,-91.13156667,Non-Intersection,Daylight,Cloudy,9:00am-9:59am,18,9:00am-9:59am,30,9:00am-9:59am,52,1,Daylight,Reduced Visibility,1,1,['Driver'],['None_Used'],1,1,Valid,0.0,1.0,63.0,32.0,"['Female', 'Female']",0,0,3,4,5,Dry,Straight,Level,Lowest,No
16089,22,Louisiana,220122,0,3,3,0,3,NOT APPLICABLE,February,2,Thursday,9,44,Rural,Medium Speed (Collector),No,32.36755556,-93.05206944,Non-Intersection,Daylight,Rain,9:00am-9:59am,54,10:00am-10:59am,33,11:00am-11:59am,27,1,Daylight,Rain/Wind/Minor,1,2,['Driver'],['None_Used'],0,0,Valid,0.0,1.0,43.0,34.0,"['Male', 'Male', 'Female']",1,0,4,4,5,Wet/Standing Water,Curve,Grade/Hillcrest,Lowest,No
16090,22,Louisiana,220123,0,2,2,0,2,NOT APPLICABLE,February,6,Monday,0,5,Urban,High Speed (Arterial),Yes,30.35421389,-91.11038889,Complex/Circle,Dark - Lighted,Clear,0:00am-0:59am,5,0:00am-0:59am,15,0:00am-0:59am,39,1,Dark - Lighted,Clear,1,1,['Driver'],['Shoulder_Lapbelt'],1,1,Invalid,0.0,0.0,56.0,38.0,"['Male', 'Male']",1,0,3,4,5,Dry,Straight,Level,Lowest,No
16091,22,Louisiana,220124,0,2,2,0,2,NOT APPLICABLE,February,16,Thursday,18,32,Urban,High Speed (Arterial),No,30.16290833,-93.213875,Complex/Circle,Dark - Lighted,Rain,6:00pm-6:59pm,33,6:00pm-6:59pm,40,7:00pm-7:59pm,36,1,Dark - Lighted,Rain/Wind/Minor,1,1,['Driver'],['None_Used'],1,1,Valid,0.0,0.0,88.0,22.0,"['Male', 'Female']",0,0,3,4,5,Wet/Standing Water,Straight,Level,Lowest,No
16092,22,Louisiana,220125,1,1,1,0,1,NOT APPLICABLE,February,24,Friday,4,16,Rural,High Speed (Arterial),Yes,30.27113889,-91.22221667,Non-Intersection,Dark - Not Lighted,Clear,Unknown,Unknown if Notified,Unknown EMS Scene Arrival Hour,Unknown if Arrived,Not Applicable (Not Transported),Not Applicable (Not Transported),1,Dark - Unlighted,Clear,0,1,[],[],0,0,Valid,0.0,1.0,65.0,65.0,['Male'],0,0,3,2,4,Dry,Straight,Level,Lowest,No
16093,22,Louisiana,220126,0,1,1,0,1,NOT APPLICABLE,January,30,Monday,0,12,Urban,Medium Speed (Collector),No,30.53008889,-90.82896389,Non-Intersection,Dark - Not Lighted,Cloudy,Unknown,Unknown,Unknown EMS Scene Arrival Hour,Unknown EMS Scene Arrival Minutes,Not Applicable (Not Transported),Not Applicable (Not Transported),1,Dark - Unlighted,Reduced Visibility,1,0,['Driver'],['Shoulder_Lapbelt'],1,1,Valid,0.0,0.0,46.0,46.0,['Male'],0,0,2,4,3,Wet/Standing Water,Curve,Level,Lowest,No
16094,22,Louisiana,220127,1,1,1,0,1,NEW ORLEANS,March,4,Saturday,22,18,Urban,Low Speed (Local),No,29.95572222,-90.07356389,Non-Intersection,Dark - Lighted,Clear,Unknown,Unknown,Unknown EMS Scene Arrival Hour,Unknown EMS Scene Arrival Minutes,Not Applicable (Not Transported),Not Applicable (Not Transported),1,Dark - Lighted,Clear,0,1,[],[],0,0,Valid,0.0,0.0,49.0,49.0,['Male'],0,0,4,2,4,Dry,Straight,Level,Lowest,No
16095,22,Louisiana,220128,1,1,1,0,1,Not Reported,March,5,Sunday,1,41,Rural,High Speed (Arterial),Yes,30.16736111,-93.60873333,Non-Intersection,Dark - Not Lighted,Clear,Unknown,Unknown,Unknown EMS Scene Arrival Hour,Unknown EMS Scene Arrival Minutes,Not Applicable (Not Transported),Not Applicable (Not Transported),1,Dark - Unlighted,Clear,0,0,[],[],0,0,Invalid,0.0,0.0,999.0,999.0,['Other'],0,0,1,0,4,Dry,Straight,Level,Lowest,No
16096,22,Louisiana,220129,0,2,2,0,3,Not Reported,March,8,Wednesday,20,12,Rural,High Speed (Arterial),Yes,31.69131389,-91.53998611,Non-Intersection,Dark - Not Lighted,Clear,8:00pm-8:59pm,7,8:00pm-8:59pm,21,Not Applicable (Not Transported),Not Applicable (Not Transported),1,Dark - Unlighted,Clear,1,2,['Driver'],['None_Used'],0,0,Invalid,0.0,0.0,51.0,46.0,"['Female', 'Male']",0,0,3,4,5,Dry,Straight,Level,Lowest,No
16097,22,Louisiana,220130,1,1,1,0,2,Not Reported,March,11,Saturday,1,48,Rural,High Speed (Arterial),Yes,30.52616111,-91.38705278,Non-Intersection,Dark - Not Lighted,Clear,1:00am-1:59am,59,2:00am-2:59am,16,Not Applicable (Not Transported),Not Applicable (Not Transported),1,Dark - Unlighted,Clear,0,2,[],[],0,0,Valid,0.0,3.0,25.0,25.0,['Male'],0,0,2,4,4,Dry,Straight,Level,Lowest,No
16098,22,Louisiana,220131,0,2,2,0,2,Not Reported,March,14,Tuesday,6,30,Rural,High Speed (Arterial),Yes,30.42277222,-90.05782778,Non-Intersection,Dark - Not Lighted,Clear,6:00am-6:59am,34,6:00am-6:59am,39,Not Applicable (Not Transported),Not Applicable (Not Transported),1,Dark - Unlighted,Clear,1,1,['Driver'],['Shoulder_Lapbelt'],0,0,Valid,0.0,0.0,23.0,17.0,"['Male', 'Female']",2,0,2,4,5,Dry,Curve,Level,Lowest,No
16099,22,Louisiana,220132,0,1,1,0,1,Not Reported,March,19,Sunday,17,0,Rural,Medium Speed (Collector),No,30.90247778,-92.08059722,Non-Intersection,Daylight,Clear,Unknown,Unknown,Unknown EMS Scene Arrival Hour,Unknown EMS Scene Arrival Minutes,Not Applicable (Not Transported),Not Applicable (Not Transported),1,Daylight,Clear,1,0,['Driver'],['Shoulder_Lapbelt'],0,0,Valid,0.0,0.0,76.0,76.0,['Male'],0,0,2,4,2,Dry,Straight,Level,Lowest,No
16100,22,Louisiana,220133,0,2,2,0,1,NEW ORLEANS,March,23,Thursday,16,30,Urban,Medium Speed (Collector),No,30.03353889,-89.92025278,Non-Intersection,Daylight,Clear,Unknown,Unknown,Unknown EMS Scene Arrival Hour,Unknown EMS Scene Arrival Minutes,Not Applicable (Not Transported),Not Applicable (Not Transported),1,Daylight,Clear,1,0,['Driver'],['None_Used'],0,0,Invalid,0.0,0.0,71.0,71.0,['Male'],0,0,5,4,5,Dry,Straight,Level,Lowest,No
16101,22,Louisiana,220134,0,1,1,0,3,Not Reported,April,6,Thursday,0,30,Rural,Low Speed (Local),No,32.518375,-92.22881389,Non-Intersection,Dark - Not Lighted,Rain,Unknown,Unknown,Unknown EMS Scene Arrival Hour,Unknown EMS Scene Arrival Minutes,Not Applicable (Not Transported),Not Applicable (Not Transported),3,Dark - Unlighted,Rain/Wind/Minor,3,0,"['Driver', 'Front_Passenger', 'Rear_Seat']","['None_Used', 'None_Used', 'None_Used']",1,1,Valid,0.0,0.0,23.0,23.0,['Female'],0,0,2,4,3,Wet/Standing Water,Straight,Level,Lowest,No
16102,22,Louisiana,220135,0,2,2,0,2,SHREVEPORT,April,9,Sunday,20,17,Urban,High Speed (Arterial),Yes,32.47589444,-93.72213611,Non-Intersection,Dark - Lighted,Clear,Unknown,Unknown,Unknown EMS Scene Arrival Hour,Unknown EMS Scene Arrival Minutes,Not Applicable (Not Transported),Not Applicable (Not Transported),1,Dark - Lighted,Clear,1,1,['Driver'],['None_Used'],0,0,Invalid,0.0,0.0,28.0,20.0,"['Male', 'Male']",1,0,5,2,5,Dry,Straight,Level,Lowest,No
16103,22,Louisiana,220136,1,1,1,0,3,BATON ROUGE,April,18,Tuesday,20,2,Urban,High Speed (Arterial),Yes,30.52109722,-91.16566111,Non-Intersection,Dark - Lighted,Clear,Unknown,Unknown,Unknown EMS Scene Arrival Hour,Unknown EMS Scene Arrival Minutes,Not Applicable (Not Transported),Not Applicable (Not Transported),1,Dark - Lighted,Clear,0,3,[],[],0,0,Invalid,0.0,0.0,26.0,26.0,['Female'],0,0,3,2,4,Dry,Straight,Level,Lowest,No
16104,22,Louisiana,220137,0,4,4,0,6,NEW ORLEANS,January,7,Saturday,7,40,Urban,High Speed (Arterial),Yes,30.00461944,-90.02679444,Non-Intersection,Daylight,Clear,7:00am-7:59am,57,8:00am-8:59am,4,8:00am-8:59am,43,1,Daylight,Clear,1,5,['Driver'],['Shoulder_Lapbelt'],0,0,Valid,0.0,0.0,66.0,34.0,"['Male', 'Male', 'Male', 'Male']",0,0,4,4,5,Dry,Straight,Grade/Hillcrest,Lowest,No
16105,22,Louisiana,220138,0,5,5,0,7,NOT APPLICABLE,January,17,Tuesday,4,40,Urban,High Speed (Arterial),Yes,30.20867778,-90.87780556,Non-Intersection,Dark - Not Lighted,Clear,4:00am-4:59am,56,5:00am-5:59am,13,6:00am-6:59am,7,1,Dark - Unlighted,Clear,1,6,['Front_Passenger'],['None_Used'],0,0,Valid,0.0,0.0,45.0,18.0,"['Male', 'Male', 'Male', 'Male', 'Female']",0,0,3,4,5,Dry,Straight,Level,Lowest,No
16106,22,Louisiana,220139,1,1,1,0,1,NEW ORLEANS,January,18,Wednesday,21,30,Urban,High Speed (Arterial),Yes,29.96597778,-90.03638889,Simple Junction,Dark - Lighted,Clear,Unknown,Unknown,Unknown EMS Scene Arrival Hour,Unknown EMS Scene Arrival Minutes,Unknown,Unknown EMS Hospital Arrival Time,1,Dark - Lighted,Clear,0,1,[],[],0,0,Invalid,0.0,0.0,999.0,999.0,['Other'],0,0,1,0,4,Dry,Straight,Level,Lowest,No
16107,22,Louisiana,220140,0,2,2,0,2,NOT APPLICABLE,February,2,Thursday,17,55,Rural,High Speed (Arterial),Yes,32.28550278,-93.74846389,Non-Intersection,Dusk,Cloudy,Unknown,Unknown,Unknown EMS Scene Arrival Hour,Unknown EMS Scene Arrival Minutes,Not Applicable (Not Transported),Not Applicable (Not Transported),1,Twilight,Reduced Visibility,1,1,['Driver'],['None_Used'],0,0,Valid,0.0,1.0,30.0,22.0,"['Male', 'Female']",0,0,4,4,5,Wet/Standing Water,Straight,Grade/Hillcrest,Lowest,No
16108,22,Louisiana,220141,1,1,1,0,1,NOT APPLICABLE,February,4,Saturday,6,24,Urban,Medium Speed (Collector),No,30.35376944,-91.01896944,Non-Intersection,Dark - Not Lighted,Clear,Unknown,Unknown,Unknown EMS Scene Arrival Hour,Unknown EMS Scene Arrival Minutes,Unknown,Unknown EMS Hospital Arrival Time,1,Dark - Unlighted,Clear,0,1,[],[],0,0,Invalid,0.0,2.0,47.0,47.0,['Male'],0,0,3,2,4,Dry,Straight,Level,Lowest,No