,State_Code,State_Name,Crash_ID,Count_Non_Motorists,Count_Vehicles_Total,Count_Vehicle_Forms,Count_PVH_Involved,Count_Occupants_MV,City_Name,Month_Name,Day_of_Month,Day_of_Week,Crash_Hour,Crash_Minute,Area_Rural_Urban,Road_Functional_Class,On_NHS_Road,Latitude,Longitude,Intersection_Type,Light_Condition,Weather_Condition,Notif_Hour,Notif_Minute,Arrival_Hour,Arrival_Minute,Hospital_Hour,Hospital_Minute,Fatalities_Count,Clean_Light_Condition,Clean_Weather_Condition,Total_Killed,Total_Alive,Fatal_Seats_List,Killed_Restraint_List,Any_Driver_Drinking,Total_Drinking_Drivers,Driver_License_Category,Driver_Max_Prev_Accident_Count,Driver_Max_Prev_Speeding_Count,Max_Driver_Age,Min_Driver_Age,Driver_Sex_List,Total_Exceeding_Limit_Vehicles,Total_Too_Fast_Vehicles,Max_Vehicle_Type_Severity_5,Max_Vehicle_Damage_Rank,Max_Harmful_Event_Severity,Crash_Road_Surface_Condition,Crash_Horizontal_Alignment,Crash_Vertical_Profile,Crash_Impairment_Category,Crash_Vehicle_Defect
16109,22,Louisiana,220142,0,2,2,0,7,NOT APPLICABLE,February,21,Tuesday,20,19,Rural,High Speed (Arterial),Yes,30.33333056,-93.20028889,Simple Junction,Dark - Not Lighted,Clear,Unknown,Unknown,Unknown EMS Scene Arrival Hour,Unknown EMS Scene Arrival Minutes,Not Applicable (Not Transported),Not Applicable (Not Transported),2,Dark - Unlighted,Clear,2,5,"['Driver', 'Rear_Seat']","['None_Used', 'None_Used']",1,2,Valid,0.0,0.0,43.0,32.0,"['Male', 'Male']",2,0,5,4,5,Dry,Straight,Level,Lowest,No
16110,22,Louisiana,220143,0,3,3,0,4,NOT APPLICABLE,March,8,Wednesday,12,14,Rural,Medium Speed (Collector),No,30.65592778,-90.20139167,Simple Junction,Daylight,Clear,Unknown,Unknown,Unknown EMS Scene Arrival Hour,Unknown EMS Scene Arrival Minutes,Unknown,Unknown EMS Hospital Arrival Time,1,Daylight,Clear,1,3,['Driver'],['Shoulder_Lapbelt'],0,0,Valid,0.0,1.0,83.0,35.0,"['Female', 'Male', 'Male']",0,0,3,4,5,Dry,Straight,Level,Lowest,No
16111,22,Louisiana,220144,0,1,1,0,1,NOT APPLICABLE,March,11,Saturday,20,50,Rural,Medium Speed (Collector),No,31.79043056,-92.76760556,Non-Intersection,Dark - Not Lighted,Clear,8:00pm-8:59pm,58,9:00pm-9:59pm,17,Not Applicable (Not Transported),Not Applicable (Not Transported),1,Dark - Unlighted,Clear,1,0,['Driver'],['None_Used'],1,1,Valid,0.0,0.0,37.0,37.0,['Male'],0,0,2,4,3,Dry,Straight,Level,Lowest,No
16112,22,Louisiana,220145,1,1,1,0,1,SLAUGHTER,March,24,Friday,7,9,Rural,Medium Speed (Collector),No,30.722,-91.14214722,Non-Intersection,Daylight,Cloudy,Unknown,Unknown if Notified,Unknown EMS Scene Arrival Hour,Unknown if Arrived,Not Applicable (Not Transported),Not Applicable (Not Transported),1,Daylight,Reduced Visibility,0,1,[],[],0,0,Valid,0.0,1.0,21.0,21.0,['Male'],1,0,2,3,4,Dry,Straight,Level,Lowest,No
16113,22,Louisiana,220146,3,3,3,0,7,ALEXANDRIA,March,27,Monday,6,55,Urban,Medium Speed (Collector),Yes,31.279475,-92.43995556,Non-Intersection,Dawn,Cloudy,Unknown,Unknown,Unknown EMS Scene Arrival Hour,Unknown EMS Scene Arrival Minutes,Unknown,Unknown EMS Hospital Arrival Time,1,Twilight,Reduced Visibility,0,7,[],[],0,0,Valid,0.0,0.0,63.0,34.0,"['Female', 'Female', 'Male']",0,0,3,4,5,Dry,Straight,Level,Medium,No
16114,22,Louisiana,220147,0,1,1,0,2,BOURG,March,29,Wednesday,16,6,Urban,Medium Speed (Collector),No,29.53045833,-90.57692778,Non-Intersection,Daylight,Cloudy,3:00pm-3:59pm,6,3:00pm-3:59pm,25,3:00pm-3:59pm,57,1,Daylight,Reduced Visibility,1,1,['Non_Standard_Risk'],['None_Used'],0,0,Invalid,0.0,0.0,55.0,55.0,['Male'],0,0,3,4,3,Wet/Standing Water,Curve,Level,Lowest,No
16115,22,Louisiana,220148,0,2,1,1,1,NEW IBERIA,March,29,Wednesday,16,52,Urban,Low Speed (Local),No,29.99874167,-91.83731944,Non-Intersection,Daylight,Clear,Unknown,Unknown,Unknown EMS Scene Arrival Hour,Unknown EMS Scene Arrival Minutes,Unknown,Unknown EMS Hospital Arrival Time,1,Daylight,Clear,1,0,['Driver'],['None_Used'],0,0,Valid,0.0,0.0,76.0,76.0,['Female'],0,0,3,2,1,Dry,Straight,Level,Lowest,No
16116,22,Louisiana,220149,1,1,1,0,2,NOT APPLICABLE,March,29,Wednesday,17,15,Rural,Medium Speed (Collector),No,31.41323611,-92.50377222,Non-Intersection,Daylight,Clear,Unknown,Unknown,Unknown EMS Scene Arrival Hour,Unknown EMS Scene Arrival Minutes,Not Applicable (Not Transported),Not Applicable (Not Transported),1,Daylight,Clear,0,2,[],[],0,0,Valid,0.0,0.0,41.0,41.0,['Male'],0,0,2,4,4,Dry,Straight,Level,Lowest,No
16117,22,Louisiana,220150,0,2,2,0,3,COVINGTON,March,30,Thursday,11,48,Urban,High Speed (Arterial),Yes,30.49333889,-90.15810833,Simple Junction,Daylight,Clear,10:00am-10:59am,55,11:00am-11:59am,18,11:00am-11:59am,47,1,Daylight,Clear,1,2,['Driver'],['Shoulder_Lapbelt'],0,0,Valid,0.0,0.0,30.0,19.0,"['Male', 'Male']",0,0,3,4,5,Dry,Straight,Level,Lowest,No
16118,22,Louisiana,220151,0,2,2,0,2,NOT APPLICABLE,April,3,Monday,5,32,Urban,High Speed (Arterial),Yes,29.99730833,-90.14304444,Complex/Circle,Dark - Lighted,Cloudy,4:00am-4:59am,37,4:00am-4:59am,46,Unknown,Unknown EMS Hospital Arrival Time,1,Dark - Lighted,Reduced Visibility,1,1,['Driver'],['None_Used'],1,1,Valid,0.0,0.0,52.0,34.0,"['Male', 'Male']",1,0,3,4,5,Dry,Straight,Level,Lowest,No
16119,22,Louisiana,220152,0,1,1,0,1,NOT APPLICABLE,April,8,Saturday,6,0,Rural,Medium Speed (Collector),No,32.68985556,-92.46673889,Non-Intersection,Dawn,Clear,Unknown,Unknown,Unknown EMS Scene Arrival Hour,Unknown EMS Scene Arrival Minutes,Not Applicable (Not Transported),Not Applicable (Not Transported),1,Twilight,Clear,1,0,['Driver'],['None_Used'],1,1,Valid,0.0,0.0,20.0,20.0,['Male'],1,0,3,4,3,Dry,Curve,Level,Lowest,No
16120,22,Louisiana,220153,1,2,2,0,2,BATON ROUGE,April,9,Sunday,4,39,Urban,High Speed (Arterial),Yes,30.42203333,-91.12966667,Non-Intersection,Dark - Not Lighted,Clear,Unknown,Unknown,Unknown EMS Scene Arrival Hour,Unknown if Arrived,Not Applicable (Not Transported),Not Applicable (Not Transported),1,Dark - Unlighted,Clear,0,2,[],[],0,0,Invalid,0.0,0.0,999.0,26.0,"['Other', 'Male']",0,0,3,2,4,Dry,Straight,Level,Lowest,No
16121,22,Louisiana,220154,1,1,1,0,1,NOT APPLICABLE,April,9,Sunday,21,4,Rural,High Speed (Arterial),Yes,32.08477222,-92.09155,Non-Intersection,Dark - Not Lighted,Clear,7:00pm-7:59pm,18,7:00pm-7:59pm,40,Not Applicable (Not Transported),Not Applicable (Not Transported),1,Dark - Unlighted,Clear,0,1,[],[],0,0,Invalid,0.0,0.0,54.0,54.0,['Male'],0,0,2,2,4,Dry,Straight,Level,Lowest,No
16122,22,Louisiana,220155,0,1,1,0,5,NEW ORLEANS,April,10,Monday,21,56,Urban,Low Speed (Local),No,30.02806389,-90.09648889,Non-Intersection,Dark - Lighted,Clear,9:00pm-9:59pm,15,9:00pm-9:59pm,30,9:00pm-9:59pm,44,1,Dark - Lighted,Clear,1,4,['Rear_Seat'],['Shoulder_Lapbelt'],0,0,Invalid,0.0,0.0,17.0,17.0,['Female'],5,0,3,4,3,Dry,Curve,Level,Lowest,No
16123,22,Louisiana,220156,1,1,1,0,3,NOT APPLICABLE,April,10,Monday,23,15,Urban,High Speed (Arterial),Yes,31.37333333,-92.42643611,Non-Intersection,Dark - Not Lighted,Clear,Unknown,Unknown,Unknown EMS Scene Arrival Hour,Unknown EMS Scene Arrival Minutes,Unknown,Unknown EMS Hospital Arrival Time,1,Dark - Unlighted,Clear,0,3,[],[],0,0,Valid,0.0,0.0,57.0,57.0,['Male'],0,0,3,3,4,Dry,Straight,Level,Lowest,No
16124,22,Louisiana,220157,0,1,1,0,2,NOT APPLICABLE,February,18,Saturday,11,10,Rural,High Speed (Arterial),Yes,30.19215278,-93.53431111,Non-Intersection,Daylight,Cloudy,11:00am-11:59am,20,11:00am-11:59am,41,12:00pm-12:59pm,7,1,Daylight,Reduced Visibility,1,1,['Driver'],['None_Used'],0,0,Invalid,0.0,0.0,56.0,56.0,['Male'],0,0,3,4,3,Dry,Straight,Level,Lowest,Yes
16125,22,Louisiana,220158,0,2,2,0,2,NOT APPLICABLE,February,28,Tuesday,18,8,Rural,Low Speed (Local),No,30.37248333,-89.79080278,Non-Intersection,Daylight,Clear,4:00pm-4:59pm,11,6:00pm-6:59pm,11,Not Applicable (Not Transported),Not Applicable (Not Transported),1,Daylight,Clear,1,1,['Driver'],['None_Used'],0,0,Valid,0.0,0.0,36.0,31.0,"['Female', 'Male']",1,0,5,4,5,Dry,Straight,Level,Lowest,No
16126,22,Louisiana,220159,1,1,1,0,1,BATON ROUGE,March,13,Monday,20,7,Urban,High Speed (Arterial),Yes,30.45120556,-91.13054722,Non-Intersection,Dark - Lighted,Clear,Unknown,Unknown,Unknown EMS Scene Arrival Hour,Unknown EMS Scene Arrival Minutes,Unknown,Unknown EMS Hospital Arrival Time,1,Dark - Lighted,Clear,0,1,[],[],0,0,Valid,0.0,0.0,41.0,41.0,['Female'],0,0,2,3,4,Dry,Straight,Level,Lowest,No
16127,22,Louisiana,220160,0,1,1,0,4,NOT APPLICABLE,March,17,Friday,6,34,Rural,High Speed (Arterial),Yes,30.24669722,-92.70003333,Non-Intersection,Dawn,Rain,Unknown,Unknown,Unknown EMS Scene Arrival Hour,Unknown EMS Scene Arrival Minutes,Unknown,Unknown EMS Hospital Arrival Time,1,Twilight,Rain/Wind/Minor,1,3,['Rear_Seat'],['None_Used'],0,0,Valid,0.0,1.0,55.0,55.0,['Male'],4,0,3,4,3,Wet/Standing Water,Straight,Grade/Hillcrest,Lowest,No
16128,22,Louisiana,220161,0,2,2,0,2,NOT APPLICABLE,March,30,Thursday,6,34,Rural,Medium Speed (Collector),No,29.55157778,-90.39135833,Non-Intersection,Daylight,Clear,5:00am-5:59am,39,5:00am-5:59am,58,6:00am-6:59am,59,1,Daylight,Clear,1,1,['Driver'],['Shoulder_Lapbelt'],0,0,Invalid,0.0,0.0,36.0,24.0,"['Male', 'Male']",0,0,4,4,5,Dry,Curve,Level,Lowest,No
16129,22,Louisiana,220162,0,1,1,0,1,NOT APPLICABLE,April,1,Saturday,5,50,Urban,High Speed (Arterial),Yes,31.61985,-91.58965556,Non-Intersection,Dark - Not Lighted,Clear,Unknown,Unknown,Unknown EMS Scene Arrival Hour,Unknown EMS Scene Arrival Minutes,Unknown,Unknown EMS Hospital Arrival Time,1,Dark - Unlighted,Clear,1,0,['Driver'],['None_Used'],1,1,Valid,0.0,0.0,23.0,23.0,['Male'],0,0,3,4,3,Wet/Standing Water,Straight,Level,Lowest,No
16130,22,Louisiana,220163,1,1,1,0,1,NOT APPLICABLE,April,4,Tuesday,8,45,Urban,Medium Speed (Collector),No,29.90399444,-90.10710278,Non-Intersection,Daylight,Clear,Unknown,Unknown,8:00am-8:59am,51,Not Applicable (Not Transported),Not Applicable (Not Transported),1,Daylight,Clear,0,1,[],[],0,0,Valid,0.0,0.0,27.0,27.0,['Female'],0,0,4,2,4,Dry,Curve,Level,Lowest,No
16131,22,Louisiana,220164,0,2,2,0,2,NOT APPLICABLE,April,10,Monday,16,45,Rural,Medium Speed (Collector),No,29.77481389,-91.17712778,Non-Intersection,Daylight,Clear,Unknown,Unknown,Unknown EMS Scene Arrival Hour,Unknown EMS Scene Arrival Minutes,Unknown,Unknown EMS Hospital Arrival Time,1,Daylight,Clear,1,1,['Driver'],['Shoulder_Lapbelt'],0,0,Valid,0.0,0.0,79.0,23.0,"['Male', 'Male']",0,0,2,4,5,Dry,Curve,Level,Lowest,No
16132,22,Louisiana,220165,0,1,1,0,1,NOT APPLICABLE,April,16,Sunday,23,40,Rural,Medium Speed (Collector),No,32.90342778,-91.76665556,Non-Intersection,Dark - Not Lighted,Clear,11:00pm-11:59pm,44,0:00am-0:59am,2,0:00am-0:59am,29,1,Dark - Unlighted,Clear,1,0,['Driver'],['None_Used'],0,0,Valid,0.0,1.0,39.0,39.0,['Male'],1,0,3,4,2,Dry,Curve,Level,Lowest,No
16133,22,Louisiana,220166,0,3,3,0,3,NEW ORLEANS,April,18,Tuesday,19,30,Urban,High Speed (Arterial),Yes,29.97119722,-90.11329444,Non-Intersection,Dusk,Clear,Unknown,Unknown,Unknown EMS Scene Arrival Hour,Unknown EMS Scene Arrival Minutes,Unknown,Unknown EMS Hospital Arrival Time,1,Twilight,Clear,1,2,['Driver'],['Shoulder_Lapbelt'],0,0,Invalid,0.0,0.0,55.0,19.0,"['Male', 'Male', 'Female']",0,0,3,4,5,Dry,Straight,Level,Lowest,No
16134,22,Louisiana,220167,0,2,2,0,2,LAFAYETTE,April,25,Tuesday,11,3,Urban,Medium Speed (Collector),No,30.2657,-92.00813611,Non-Intersection,Daylight,Clear,10:00am-10:59am,5,10:00am-10:59am,12,Unknown,Unknown EMS Hospital Arrival Time,1,Daylight,Clear,1,1,['Driver'],['None_Used'],0,0,Valid,0.0,0.0,75.0,63.0,"['Male', 'Male']",1,0,3,4,5,Dry,Straight,Level,Lowest,No
16135,22,Louisiana,220168,0,1,1,0,2,NOT APPLICABLE,April,25,Tuesday,18,0,Urban,Low Speed (Local),No,30.27875556,-89.85934722,Non-Intersection,Daylight,Clear,Unknown,Unknown,Unknown EMS Scene Arrival Hour,Unknown EMS Scene Arrival Minutes,Unknown,Unknown EMS Hospital Arrival Time,1,Daylight,Clear,1,1,['Rear_Seat'],['None_Used'],0,0,Invalid,0.0,0.0,14.0,14.0,['Female'],0,0,5,4,3,Dry,Curve,Level,Lowest,No
16136,22,Louisiana,220169,1,1,1,0,1,BATON ROUGE,April,27,Thursday,3,0,Urban,High Speed (Arterial),Yes,30.44980278,-91.17198333,Non-Intersection,Dark - Not Lighted,Rain,Unknown,Unknown if Notified,Unknown EMS Scene Arrival Hour,Unknown if Arrived,Not Applicable (Not Transported),Not Applicable (Not Transported),1,Dark - Unlighted,Rain/Wind/Minor,0,0,[],[],0,0,Invalid,0.0,0.0,999.0,999.0,['Other'],0,0,1,0,4,Wet/Standing Water,Straight,Level,Lowest,No
16137,22,Louisiana,220170,1,2,2,0,2,BATON ROUGE,May,5,Friday,22,11,Rural,Low Speed (Local),No,30.38674722,-91.16288611,Non-Intersection,Dark - Lighted,Clear,9:00pm-9:59pm,14,9:00pm-9:59pm,18,Not Applicable (Not Transported),Not Applicable (Not Transported),1,Dark - Lighted,Clear,0,2,[],[],1,1,Valid,0.0,0.0,23.0,23.0,"['Female', 'Female']",0,0,2,3,4,Dry,Straight,Level,Lowest,No
16138,22,Louisiana,220171,0,2,2,0,4,NATCHITOCHES,May,4,Thursday,1,30,Urban,Medium Speed (Collector),No,31.72456667,-93.09295278,Non-Intersection,Dark - Not Lighted,Clear,Unknown,Unknown,Unknown EMS Scene Arrival Hour,Unknown EMS Scene Arrival Minutes,Unknown,Unknown EMS Hospital Arrival Time,1,Dark - Unlighted,Clear,1,3,['Front_Passenger'],['None_Used'],0,0,Valid,0.0,0.0,40.0,20.0,"['Male', 'Male']",1,0,3,4,5,Dry,Straight,Level,Lowest,No
16139,22,Louisiana,220172,0,2,2,0,6,Not Reported,February,1,Wednesday,18,44,Urban,High Speed (Arterial),Yes,30.53581667,-91.13981111,Non-Intersection,Dark - Not Lighted,Rain,6:00pm-6:59pm,45,6:00pm-6:59pm,49,7:00pm-7:59pm,41,1,Dark - Unlighted,Rain/Wind/Minor,1,5,['Rear_Seat'],['Shoulder_Lapbelt'],0,0,Valid,0.0,0.0,46.0,33.0,"['Female', 'Male']",1,0,3,4,5,Wet/Standing Water,Straight,Level,Lowest,No
16140,22,Louisiana,220173,0,1,1,0,1,Not Reported,March,27,Monday,17,12,Rural,Medium Speed (Collector),No,30.86388889,-93.50861111,Non-Intersection,Daylight,Clear,4:00pm-4:59pm,24,4:00pm-4:59pm,42,5:00pm-5:59pm,11,1,Daylight,Clear,1,0,['Driver'],['None_Used'],1,1,Valid,0.0,1.0,39.0,39.0,['Male'],1,0,3,4,3,Dry,Curve,Level,Lowest,No
16141,22,Louisiana,220174,1,1,1,0,1,NOT APPLICABLE,April,16,Sunday,0,42,Urban,Medium Speed (Collector),No,30.47918056,-92.43154722,Non-Intersection,Dark - Not Lighted,Rain,Unknown,Unknown,Unknown EMS Scene Arrival Hour,Unknown EMS Scene Arrival Minutes,Unknown,Unknown EMS Hospital Arrival Time,1,Dark - Unlighted,Rain/Wind/Minor,0,1,[],[],1,1,Valid,0.0,0.0,28.0,28.0,['Male'],0,0,3,2,4,Wet/Standing Water,Straight,Level,Lowest,No
16142,22,Louisiana,220175,0,2,2,0,7,HAMMOND,April,21,Friday,17,46,Urban,High Speed (Arterial),Yes,30.47886111,-90.4466,Non-Intersection,Daylight,Clear,Unknown,Unknown,Unknown EMS Scene Arrival Hour,Unknown EMS Scene Arrival Minutes,Unknown,Unknown EMS Hospital Arrival Time,1,Daylight,Clear,1,6,['Driver'],['None_Used'],0,0,Valid,0.0,0.0,67.0,36.0,"['Male', 'Female']",0,0,3,4,5,Dry,Straight,Level,Lowest,No
16143,22,Louisiana,220176,1,1,1,0,2,NOT APPLICABLE,February,16,Thursday,20,49,Rural,Medium Speed (Collector),No,29.56180833,-89.7916,Non-Intersection,Dark - Not Lighted,Cloudy,Unknown,Unknown,8:00pm-8:59pm,55,Not Applicable (Not Transported),Not Applicable (Not Transported),1,Dark - Unlighted,Reduced Visibility,0,2,[],[],0,0,Valid,0.0,1.0,70.0,70.0,['Female'],0,0,3,3,4,Dry,Straight,Level,Lowest,No
16144,22,Louisiana,220178,1,1,1,0,3,NOT APPLICABLE,March,19,Sunday,2,35,Urban,High Speed (Arterial),Yes,30.24436667,-89.7645,Non-Intersection,Dark - Not Lighted,Clear,Unknown,Unknown,Unknown EMS Scene Arrival Hour,Unknown EMS Scene Arrival Minutes,Not Applicable (Not Transported),Not Applicable (Not Transported),1,Dark - Unlighted,Clear,0,3,[],[],0,0,Valid,0.0,0.0,24.0,24.0,['Male'],0,0,2,3,4,Dry,Straight,Level,Lowest,No
16145,22,Louisiana,220179,0,2,2,0,2,NOT APPLICABLE,April,12,Wednesday,16,40,Rural,Medium Speed (Collector),No,30.57218889,-90.07559722,Non-Intersection,Daylight,Clear,3:00pm-3:59pm,13,3:00pm-3:59pm,42,4:00pm-4:59pm,9,1,Daylight,Clear,1,1,['Driver'],['Shoulder_Lapbelt'],0,0,Valid,0.0,0.0,82.0,53.0,"['Female', 'Male']",0,0,3,4,5,Dry,Straight,Non-Trafficway,Lowest,No
16146,22,Louisiana,220180,0,3,2,1,3,NOT APPLICABLE,April,13,Thursday,17,30,Rural,Medium Speed (Collector),No,32.93716944,-93.45606944,Non-Intersection,Daylight,Clear,4:00pm-4:59pm,49,5:00pm-5:59pm,15,6:00pm-6:59pm,15,1,Daylight,Clear,1,2,['Driver'],['None_Used'],0,0,Valid,0.0,1.0,68.0,26.0,"['Male', 'Male']",0,0,3,4,5,Dry,Straight,Level,Lowest,No
16147,22,Louisiana,220181,0,2,2,0,8,NOT APPLICABLE,April,25,Tuesday,17,22,Rural,High Speed (Arterial),Yes,30.51657778,-92.21093889,Simple Junction,Daylight,Clear,4:00pm-4:59pm,30,4:00pm-4:59pm,45,5:00pm-5:59pm,43,1,Daylight,Clear,1,7,['Rear_Seat'],['None_Used'],0,0,Valid,0.0,1.0,34.0,22.0,"['Male', 'Female']",0,0,3,4,5,Dry,Straight,Level,Lowest,No
16148,22,Louisiana,220182,0,1,1,0,1,NEW ORLEANS,May,4,Thursday,0,33,Urban,High Speed (Arterial),Yes,30.01934722,-89.96553056,Non-Intersection,Dark - Lighted,Clear,Unknown,Unknown,Unknown EMS Scene Arrival Hour,Unknown EMS Scene Arrival Minutes,Not Applicable (Not Transported),Not Applicable (Not Transported),1,Dark - Lighted,Clear,1,0,['Driver'],['Shoulder_Lapbelt'],1,1,Valid,0.0,1.0,22.0,22.0,['Male'],0,0,3,4,3,Dry,Straight,Level,Lowest,No
16149,22,Louisiana,220183,0,2,2,0,2,BATON ROUGE,May,6,Saturday,0,57,Urban,High Speed (Arterial),Yes,30.49249722,-91.06757778,Non-Intersection,Dark - Lighted,Clear,Unknown,Unknown if Notified,Unknown EMS Scene Arrival Hour,Unknown if Arrived,Not Applicable (Not Transported),Not Applicable (Not Transported),1,Dark - Lighted,Clear,1,1,['Driver'],['None_Used'],1,1,Invalid,0.0,0.0,999.0,34.0,"['Other', 'Male']",0,0,5,4,5,Dry,Straight,Level,Lowest,No
16150,22,Louisiana,220184,0,2,2,0,2,LAFAYETTE,May,9,Tuesday,20,4,Urban,High Speed (Arterial),Yes,30.22404444,-92.05467222,Complex/Circle,Dark - Lighted,Clear,7:00pm-7:59pm,5,7:00pm-7:59pm,11,Unknown,Unknown EMS Hospital Arrival Time,1,Dark - Lighted,Clear,1,1,['Driver'],['Shoulder_Lapbelt'],0,0,Valid,0.0,1.0,52.0,27.0,"['Female', 'Male']",0,0,2,4,5,Dry,Straight,Level,Lowest,No
16151,22,Louisiana,220185,0,1,1,0,1,NOT APPLICABLE,May,6,Saturday,3,15,Rural,Low Speed (Local),No,32.043875,-91.82655833,Non-Intersection,Dark - Not Lighted,Clear,3:00am-3:59am,30,3:00am-3:59am,48,Not Applicable (Not Transported),Not Applicable (Not Transported),1,Dark - Unlighted,Clear,1,0,['Driver'],['Shoulder_Lapbelt'],1,1,Invalid,0.0,0.0,45.0,45.0,['Male'],1,0,3,4,2,Dry,Curve,Level,Lowest,No
16152,22,Louisiana,220186,0,1,1,0,1,NOT APPLICABLE,May,7,Sunday,22,40,Urban,Medium Speed (Collector),No,29.84576944,-90.11961944,Non-Intersection,Dark - Lighted,Clear,10:00pm-10:59pm,39,10:00pm-10:59pm,46,11:00pm-11:59pm,11,1,Dark - Lighted,Clear,1,0,['Driver'],['None_Used'],1,1,Invalid,0.0,0.0,20.0,20.0,['Male'],1,0,5,4,2,Dry,Curve,Level,Lowest,No
16153,22,Louisiana,220187,1,1,1,0,2,LAFAYETTE,May,13,Saturday,20,38,Urban,Medium Speed (Collector),No,30.21495833,-92.04679167,Complex/Circle,Dark - Lighted,Clear,7:00pm-7:59pm,39,7:00pm-7:59pm,43,7:00pm-7:59pm,56,1,Dark - Lighted,Clear,0,2,[],[],0,0,Valid,0.0,0.0,55.0,55.0,['Male'],0,0,3,3,4,Dry,Straight,Level,Lowest,No
16154,22,Louisiana,220188,1,1,1,0,1,BASILE,May,14,Sunday,0,35,Rural,Medium Speed (Collector),No,30.48070278,-92.59412778,Non-Intersection,Dark - Not Lighted,Clear,Unknown,Unknown,1:00am-1:59am,43,Not Applicable (Not Transported),Not Applicable (Not Transported),1,Dark - Unlighted,Clear,0,1,[],[],0,0,Valid,0.0,0.0,79.0,79.0,['Male'],0,0,2,4,4,Dry,Straight,Level,Lowest,No
16155,22,Louisiana,220189,0,2,2,0,2,NEW ORLEANS,May,14,Sunday,15,20,Urban,High Speed (Arterial),Yes,29.99783889,-90.06094444,Complex/Circle,Daylight,Clear,Unknown,Unknown,Unknown EMS Scene Arrival Hour,Unknown EMS Scene Arrival Minutes,Unknown,Unknown EMS Hospital Arrival Time,1,Daylight,Clear,1,1,['Driver'],['None_Used'],0,0,Invalid,0.0,0.0,56.0,36.0,"['Male', 'Female']",0,0,5,4,5,Dry,Straight,Level,Lowest,No
16156,22,Louisiana,220190,0,2,2,0,2,DENHAM SPRINGS,May,20,Saturday,22,17,Urban,High Speed (Arterial),Yes,30.48450833,-90.94865278,Simple Junction,Dark - Not Lighted,Clear,9:00pm-9:59pm,18,9:00pm-9:59pm,23,Unknown,Unknown EMS Hospital Arrival Time,1,Dark - Unlighted,Clear,1,1,['Driver'],['None_Used'],1,2,Valid,0.0,1.0,40.0,21.0,"['Male', 'Male']",0,0,5,4,5,Dry,Straight,Level,Lowest,No
16157,22,Louisiana,220191,0,2,2,0,2,LAKE CHARLES,April,19,Wednesday,13,39,Urban,High Speed (Arterial),Yes,30.16872222,-93.249275,Complex/Circle,Daylight,Clear,Unknown,Unknown if Notified,Unknown EMS Scene Arrival Hour,Unknown if Arrived,Not Applicable (Not Transported),Not Applicable (Not Transported),1,Daylight,Clear,1,1,['Driver'],['None_Used'],0,0,Valid,0.0,0.0,81.0,46.0,"['Female', 'Male']",0,0,5,4,5,Dry,Straight,Level,Lowest,No
16158,22,Louisiana,220192,0,2,2,0,2,NOT APPLICABLE,March,25,Saturday,21,20,Rural,High Speed (Arterial),Yes,30.11748333,-90.61454722,Non-Intersection,Dark - Not Lighted,Cloudy,Not Applicable (Not Notified),Not Applicable (Not Notified),Not Applicable,Not Applicable,Not Applicable (Not Transported),Not Applicable (Not Transported),1,Dark - Unlighted,Reduced Visibility,1,1,['Driver'],['Shoulder_Lapbelt'],0,0,Valid,0.0,1.0,27.0,18.0,"['Male', 'Male']",0,0,4,4,5,Dry,Straight,Level,Lowest,Yes
16159,22,Louisiana,220193,0,2,2,0,1,NOT APPLICABLE,March,25,Saturday,21,25,Rural,High Speed (Arterial),Yes,30.11748333,-90.61454722,Non-Intersection,Dark - Not Lighted,Cloudy,Unknown,Unknown if Notified,Unknown EMS Scene Arrival Hour,Unknown if Arrived,Not Applicable (Not Transported),Not Applicable (Not Transported),1,Dark - Unlighted,Reduced Visibility,1,0,['Driver'],['None_Used'],1,1,Invalid,0.0,0.0,32.0,32.0,['Male'],0,0,4,4,5,Dry,Straight,Level,Lowest,Yes
16160,22,Louisiana,220194,0,2,2,0,2,NOT APPLICABLE,March,28,Tuesday,6,56,Urban,Medium Speed (Collector),No,30.28490833,-90.85521667,Non-Intersection,Daylight,Cloudy,6:00am-6:59am,10,6:00am-6:59am,23,6:00am-6:59am,57,1,Daylight,Reduced Visibility,1,1,['Driver'],['Shoulder_Lapbelt'],0,0,Valid,0.0,0.0,76.0,57.0,"['Male', 'Female']",0,0,3,4,5,Dry,Straight,Non-Trafficway,Lowest,No
16161,22,Louisiana,220195,0,1,1,0,2,NOT APPLICABLE,April,7,Friday,19,45,Rural,Low Speed (Local),No,30.90506667,-92.19198333,Non-Intersection,Dark - Not Lighted,Rain,Unknown,Unknown,Unknown EMS Scene Arrival Hour,Unknown EMS Scene Arrival Minutes,Unknown,Unknown EMS Hospital Arrival Time,1,Dark - Unlighted,Rain/Wind/Minor,1,1,['Front_Passenger'],['Shoulder_Lapbelt'],1,1,Valid,0.0,0.0,23.0,23.0,['Male'],2,0,3,4,3,Wet/Standing Water,Straight,Level,Lowest,No
16162,22,Louisiana,220196,1,1,1,0,1,NOT APPLICABLE,April,9,Sunday,8,26,Urban,Medium Speed (Collector),No,30.43959444,-90.50566944,Simple Junction,Daylight,Clear,Unknown,Unknown,Unknown EMS Scene Arrival Hour,Unknown EMS Scene Arrival Minutes,Unknown,Unknown EMS Hospital Arrival Time,1,Daylight,Clear,0,1,[],[],0,0,Valid,0.0,0.0,57.0,57.0,['Male'],0,0,3,2,4,Dry,Straight,Level,Lowest,No