,State_Code,State_Name,Crash_ID,Count_Non_Motorists,Count_Vehicles_Total,Count_Vehicle_Forms,Count_PVH_Involved,Count_Occupants_MV,City_Name,Month_Name,Day_of_Month,Day_of_Week,Crash_Hour,Crash_Minute,Area_Rural_Urban,Road_Functional_Class,On_NHS_Road,Latitude,Longitude,Intersection_Type,Light_Condition,Weather_Condition,Notif_Hour,Notif_Minute,Arrival_Hour,Arrival_Minute,Hospital_Hour,Hospital_Minute,Fatalities_Count,Clean_Light_Condition,Clean_Weather_Condition,Total_Killed,Total_Alive,Fatal_Seats_List,Killed_Restraint_List,Any_Driver_Drinking,Total_Drinking_Drivers,Driver_License_Category,Driver_Max_Prev_Accident_Count,Driver_Max_Prev_Speeding_Count,Max_Driver_Age,Min_Driver_Age,Driver_Sex_List,Total_Exceeding_Limit_Vehicles,Total_Too_Fast_Vehicles,Max_Vehicle_Type_Severity_5,Max_Vehicle_Damage_Rank,Max_Harmful_Event_Severity,Crash_Road_Surface_Condition,Crash_Horizontal_Alignment,Crash_Vertical_Profile,Crash_Impairment_Category,Crash_Vehicle_Defect
16163,22,Louisiana,220197,0,1,1,0,1,NOT APPLICABLE,April,28,Friday,21,25,Rural,Medium Speed (Collector),No,30.09744167,-92.49788056,Non-Intersection,Dark - Not Lighted,Clear,Unknown,Unknown,Unknown EMS Scene Arrival Hour,Unknown EMS Scene Arrival Minutes,Not Applicable (Not Transported),Not Applicable (Not Transported),1,Dark - Unlighted,Clear,1,0,['Driver'],['None_Used'],0,0,Invalid,0.0,0.0,42.0,42.0,['Male'],0,0,2,4,3,Dry,Straight,Level,Lowest,Yes
16164,22,Louisiana,220198,0,1,1,0,2,NOT APPLICABLE,April,30,Sunday,13,2,Rural,Low Speed (Local),No,32.38585278,-92.61351111,Non-Intersection,Daylight,Clear,12:00pm-12:59pm,6,12:00pm-12:59pm,26,1:00pm-1:59pm,42,1,Daylight,Clear,1,1,['Front_Passenger'],['Shoulder_Lapbelt'],0,0,Valid,0.0,0.0,78.0,78.0,['Female'],0,0,3,4,3,Dry,Straight,Grade/Hillcrest,Medium,No
16165,22,Louisiana,220199,1,1,1,0,7,NOT APPLICABLE,April,14,Friday,23,13,Urban,Medium Speed (Collector),No,30.14495278,-93.28289722,Non-Intersection,Dark - Lighted,Clear,Unknown,Unknown,Unknown EMS Scene Arrival Hour,Unknown EMS Scene Arrival Minutes,Unknown,Unknown EMS Hospital Arrival Time,1,Dark - Lighted,Clear,0,7,[],[],0,0,Valid,0.0,0.0,41.0,41.0,['Male'],0,0,3,3,4,Dry,Straight,Level,Lowest,No
16166,22,Louisiana,220200,0,1,1,0,1,NOT APPLICABLE,April,8,Saturday,23,19,Urban,High Speed (Arterial),Yes,30.36811944,-91.02733611,Non-Intersection,Dark - Lighted,Clear,Unknown,Unknown,Unknown EMS Scene Arrival Hour,Unknown EMS Scene Arrival Minutes,Not Applicable (Not Transported),Not Applicable (Not Transported),1,Dark - Lighted,Clear,1,0,['Driver'],['None_Used'],1,1,Invalid,0.0,0.0,31.0,31.0,['Male'],1,0,2,4,3,Dry,Curve,Level,Lowest,No
16167,22,Louisiana,220201,0,6,6,0,8,NEW ORLEANS,May,1,Monday,8,10,Urban,High Speed (Arterial),Yes,30.03025,-89.99316944,Non-Intersection,Daylight,Clear,7:00am-7:59am,23,7:00am-7:59am,35,8:00am-8:59am,1,1,Daylight,Clear,1,7,['Driver'],['Shoulder_Lapbelt'],0,0,Invalid,0.0,0.0,57.0,24.0,"['Female', 'Male', 'Female', 'Male', 'Other', 'Female']",0,0,3,4,5,Dry,Straight,Level,Lowest,No
16168,22,Louisiana,220202,1,1,1,0,1,NEW ORLEANS,May,3,Wednesday,20,53,Urban,High Speed (Arterial),Yes,29.99236111,-90.0493,Non-Intersection,Dark - Not Lighted,Clear,Unknown,Unknown,Unknown EMS Scene Arrival Hour,Unknown EMS Scene Arrival Minutes,Not Applicable (Not Transported),Not Applicable (Not Transported),1,Dark - Unlighted,Clear,0,1,[],[],0,0,Invalid,0.0,0.0,999.0,999.0,['Other'],0,0,1,0,4,Dry,Straight,Level,Lowest,No
16169,22,Louisiana,220203,0,5,5,0,7,BOSSIER CITY,May,10,Wednesday,16,34,Urban,High Speed (Arterial),Yes,32.53905833,-93.72151389,Complex/Circle,Daylight,Clear,3:00pm-3:59pm,35,3:00pm-3:59pm,39,4:00pm-4:59pm,5,1,Daylight,Clear,1,6,['Front_Passenger'],['Shoulder_Lapbelt'],1,1,Valid,0.0,0.0,75.0,18.0,"['Male', 'Male', 'Female', 'Male', 'Male']",1,0,3,4,5,Dry,Straight,Level,Lowest,No
16170,22,Louisiana,220204,0,1,1,0,1,Not Reported,May,11,Thursday,23,1,Rural,Low Speed (Local),No,30.81344722,-90.41828889,Non-Intersection,Dark - Not Lighted,Clear,Unknown,Unknown,Unknown EMS Scene Arrival Hour,Unknown EMS Scene Arrival Minutes,Not Applicable (Not Transported),Not Applicable (Not Transported),1,Dark - Unlighted,Clear,1,0,['Driver'],['None_Used'],0,0,Invalid,0.0,0.0,28.0,28.0,['Male'],1,0,2,4,3,Dry,Straight,Level,Lowest,No
16171,22,Louisiana,220205,0,2,2,0,2,Not Reported,May,14,Sunday,0,43,Urban,Medium Speed (Collector),No,30.55076667,-90.07499167,Simple Junction,Dark - Not Lighted,Clear,Unknown,Unknown,Unknown EMS Scene Arrival Hour,Unknown EMS Scene Arrival Minutes,Not Applicable (Not Transported),Not Applicable (Not Transported),1,Dark - Unlighted,Clear,1,1,['Driver'],['None_Used'],1,2,Invalid,0.0,0.0,54.0,54.0,"['Male', 'Male']",1,0,5,4,5,Dry,Straight,Level,Lowest,No
16172,22,Louisiana,220206,1,1,1,0,1,NEW ORLEANS,May,14,Sunday,5,33,Urban,Low Speed (Local),No,29.95576111,-90.07259167,Complex/Circle,Dark - Lighted,Clear,Unknown,Unknown,Unknown EMS Scene Arrival Hour,Unknown EMS Scene Arrival Minutes,Not Applicable (Not Transported),Not Applicable (Not Transported),1,Dark - Lighted,Clear,0,1,[],[],0,0,Invalid,0.0,0.0,999.0,999.0,['Male'],0,0,1,0,4,Dry,Straight,Level,Lowest,No
16173,22,Louisiana,220207,0,1,1,0,1,Not Reported,May,21,Sunday,12,51,Rural,Low Speed (Local),No,30.24666111,-91.72101667,Non-Intersection,Daylight,Clear,Unknown,Unknown,Unknown EMS Scene Arrival Hour,Unknown EMS Scene Arrival Minutes,Not Applicable (Not Transported),Not Applicable (Not Transported),1,Daylight,Clear,1,0,['Driver'],['None_Used'],0,0,Valid,0.0,0.0,56.0,56.0,['Female'],0,0,2,4,3,Dry,Straight,Level,Lowest,No
16174,22,Louisiana,220208,0,1,1,0,1,NOT APPLICABLE,March,23,Thursday,23,19,Urban,Low Speed (Local),No,30.23368056,-90.95420278,Simple Junction,Dark - Not Lighted,Clear,10:00pm-10:59pm,14,10:00pm-10:59pm,20,11:00pm-11:59pm,0,1,Dark - Unlighted,Clear,1,0,['Driver'],['None_Used'],1,1,Invalid,0.0,0.0,26.0,26.0,['Male'],1,0,2,4,2,Dry,Straight,Level,Lowest,No
16175,22,Louisiana,220209,0,1,1,0,1,NOT APPLICABLE,April,15,Saturday,15,50,Rural,Low Speed (Local),No,32.13892222,-93.86464722,Non-Intersection,Daylight,Clear,Unknown,Unknown if Notified,Unknown EMS Scene Arrival Hour,Unknown if Arrived,Not Applicable (Not Transported),Not Applicable (Not Transported),1,Daylight,Clear,1,0,['Driver'],['None_Used'],1,1,Invalid,0.0,0.0,36.0,36.0,['Male'],1,0,5,4,3,Dry,Straight,Level,Lowest,No
16176,22,Louisiana,220210,1,1,1,0,1,NOT APPLICABLE,April,16,Sunday,23,10,Urban,High Speed (Arterial),Yes,31.79047778,-93.08594167,Non-Intersection,Dark - Not Lighted,Clear,Unknown,Unknown,Unknown EMS Scene Arrival Hour,Unknown EMS Scene Arrival Minutes,Unknown,Unknown EMS Hospital Arrival Time,1,Dark - Unlighted,Clear,0,1,[],[],1,1,Valid,0.0,1.0,24.0,24.0,['Male'],0,0,3,3,4,Dry,Straight,Level,Lowest,No
16177,22,Louisiana,220211,1,1,1,0,1,NOT APPLICABLE,April,28,Friday,16,30,Rural,Medium Speed (Collector),No,30.38074444,-92.09405,Non-Intersection,Daylight,Reported as Unknown,Unknown,Unknown,Unknown EMS Scene Arrival Hour,Unknown EMS Scene Arrival Minutes,Not Applicable (Not Transported),Not Applicable (Not Transported),1,Daylight,Clear,0,1,[],[],0,0,Invalid,0.0,1.0,32.0,32.0,['Male'],0,0,2,3,4,Dry,Straight,Level,Lowest,No
16178,22,Louisiana,220212,0,1,1,0,1,LAFAYETTE,May,20,Saturday,0,24,Urban,Low Speed (Local),No,30.21689167,-91.98240556,Non-Intersection,Dark - Lighted,Clear,Unknown,Unknown if Notified,Unknown EMS Scene Arrival Hour,Unknown if Arrived,Not Applicable (Not Transported),Not Applicable (Not Transported),1,Dark - Lighted,Clear,1,0,['Driver'],['None_Used'],0,0,Invalid,0.0,0.0,72.0,72.0,['Male'],0,0,3,4,3,Dry,Curve,Level,Lowest,No
16179,22,Louisiana,220213,0,3,2,1,3,LAFAYETTE,May,20,Saturday,16,10,Urban,High Speed (Arterial),Yes,30.28703889,-92.02210833,Complex/Circle,Daylight,Clear,Unknown,Unknown if Notified,Unknown EMS Scene Arrival Hour,Unknown if Arrived,Not Applicable (Not Transported),Not Applicable (Not Transported),1,Daylight,Clear,1,2,['Driver'],['Shoulder_Lapbelt'],0,0,Valid,0.0,0.0,73.0,57.0,"['Male', 'Male']",0,0,4,4,3,Dry,Straight,Level,Lowest,No
16180,22,Louisiana,220214,0,2,2,0,2,LAFAYETTE,May,28,Sunday,20,52,Urban,Medium Speed (Collector),No,30.13125556,-92.05572778,Non-Intersection,Dark - Lighted,Clear,Unknown,Unknown,Unknown EMS Scene Arrival Hour,Unknown EMS Scene Arrival Minutes,Unknown,Unknown EMS Hospital Arrival Time,1,Dark - Lighted,Clear,1,1,['Driver'],['Shoulder_Lapbelt'],0,0,Valid,0.0,0.0,42.0,17.0,"['Male', 'Female']",0,0,3,4,5,Dry,Curve,Level,Lowest,No
16181,22,Louisiana,220215,0,1,1,0,1,NOT APPLICABLE,May,29,Monday,13,15,Rural,Medium Speed (Collector),No,32.71439722,-93.84418333,Non-Intersection,Daylight,Clear,Unknown,Unknown,Unknown EMS Scene Arrival Hour,Unknown EMS Scene Arrival Minutes,Not Applicable (Not Transported),Not Applicable (Not Transported),1,Daylight,Clear,1,0,['Driver'],['Shoulder_Lapbelt'],0,0,Valid,0.0,0.0,51.0,51.0,['Male'],1,0,3,4,2,Dry,Straight,Level,Lowest,No
16182,22,Louisiana,220216,0,1,1,0,1,NOT APPLICABLE,May,29,Monday,16,33,Rural,Low Speed (Local),No,32.36698611,-93.90012222,Non-Intersection,Daylight,Clear,Unknown,Unknown,Unknown EMS Scene Arrival Hour,Unknown EMS Scene Arrival Minutes,Not Applicable (Not Transported),Not Applicable (Not Transported),1,Daylight,Clear,1,0,['Driver'],['None_Used'],0,0,Valid,0.0,0.0,20.0,20.0,['Female'],1,0,2,4,3,Dry,Straight,Level,Lowest,No
16183,22,Louisiana,220217,0,2,2,0,2,SHREVEPORT,May,30,Tuesday,20,49,Rural,Low Speed (Local),No,32.53808056,-93.82881944,Complex/Circle,Dark - Lighted,Clear,Unknown,Unknown,Unknown EMS Scene Arrival Hour,Unknown EMS Scene Arrival Minutes,Unknown,Unknown EMS Hospital Arrival Time,1,Dark - Lighted,Clear,1,1,['Driver'],['None_Used'],0,0,Invalid,0.0,0.0,29.0,23.0,"['Male', 'Male']",1,0,5,4,5,Dry,Straight,Non-Trafficway,Lowest,No
16184,22,Louisiana,220218,0,2,2,0,3,SHREVEPORT,February,18,Saturday,12,15,Urban,High Speed (Arterial),Yes,32.44355833,-93.71016944,Non-Intersection,Daylight,Clear,12:00pm-12:59pm,14,12:00pm-12:59pm,21,12:00pm-12:59pm,34,1,Daylight,Clear,1,2,['Driver'],['Shoulder_Lapbelt'],0,0,Valid,0.0,0.0,73.0,39.0,"['Female', 'Female']",2,0,3,4,5,Dry,Straight,Non-Trafficway,Lowest,No
16185,22,Louisiana,220219,1,1,1,0,1,NOT APPLICABLE,March,17,Friday,22,5,Urban,High Speed (Arterial),Yes,29.95955833,-90.17184444,Complex/Circle,Dark - Lighted,Clear,Unknown,Unknown,Unknown EMS Scene Arrival Hour,Unknown EMS Scene Arrival Minutes,Unknown,Unknown EMS Hospital Arrival Time,1,Dark - Lighted,Clear,0,1,[],[],0,0,Valid,0.0,0.0,58.0,58.0,['Male'],0,0,3,2,4,Dry,Straight,Level,Lowest,No
16186,22,Louisiana,220220,0,1,1,0,1,NOT APPLICABLE,April,12,Wednesday,2,40,Rural,Medium Speed (Collector),No,29.921575,-90.41567222,Non-Intersection,Dark - Not Lighted,Clear,1:00am-1:59am,48,1:00am-1:59am,57,3:00am-3:59am,0,1,Dark - Unlighted,Clear,1,0,['Driver'],['None_Used'],0,0,Invalid,0.0,2.0,32.0,32.0,['Male'],0,0,3,4,3,Dry,Straight,Level,Lowest,No
16187,22,Louisiana,220221,0,1,1,0,1,NOT APPLICABLE,April,19,Wednesday,21,39,Rural,Medium Speed (Collector),No,31.83285556,-92.31125278,Non-Intersection,Dark - Not Lighted,Cloudy,Unknown,Unknown,Unknown EMS Scene Arrival Hour,Unknown EMS Scene Arrival Minutes,Unknown,Unknown EMS Hospital Arrival Time,1,Dark - Unlighted,Reduced Visibility,1,0,['Driver'],['None_Used'],0,0,Valid,0.0,0.0,74.0,74.0,['Male'],0,0,3,4,3,Dry,Straight,Level,Lowest,No
16188,22,Louisiana,220222,0,3,3,0,3,NOT APPLICABLE,April,20,Thursday,15,35,Rural,High Speed (Arterial),Yes,32.24758611,-93.82372222,Non-Intersection,Daylight,Clear,Unknown,Unknown,Unknown EMS Scene Arrival Hour,Unknown EMS Scene Arrival Minutes,Not Applicable (Not Transported),Not Applicable (Not Transported),1,Daylight,Clear,1,2,['Driver'],['None_Used'],0,0,Valid,0.0,0.0,79.0,40.0,"['Male', 'Male', 'Male']",1,0,3,4,5,Dry,Straight,Level,Lowest,No
16189,22,Louisiana,220223,0,2,2,0,2,NOT APPLICABLE,April,26,Wednesday,4,20,Urban,High Speed (Arterial),Yes,30.20693056,-93.28485278,Non-Intersection,Dark - Not Lighted,Clear,Unknown,Unknown,Unknown EMS Scene Arrival Hour,Unknown EMS Scene Arrival Minutes,Unknown,Unknown EMS Hospital Arrival Time,1,Dark - Unlighted,Clear,1,1,['Driver'],['None_Used'],0,0,Valid,0.0,0.0,57.0,46.0,"['Male', 'Female']",0,0,2,4,5,Dry,Straight,Grade/Hillcrest,Lowest,No
16190,22,Louisiana,220224,0,1,1,0,1,NEW ORLEANS,April,27,Thursday,11,40,Rural,Low Speed (Local),No,30.03429444,-90.05268889,Simple Junction,Daylight,Clear,Unknown,Unknown,Unknown EMS Scene Arrival Hour,Unknown EMS Scene Arrival Minutes,Not Applicable (Not Transported),Not Applicable (Not Transported),1,Daylight,Clear,1,0,['Driver'],['Shoulder_Lapbelt'],1,1,Valid,0.0,0.0,63.0,63.0,['Male'],0,0,3,4,4,Dry,Straight,Grade/Hillcrest,Lowest,No
16191,22,Louisiana,220225,0,2,2,0,5,NOT APPLICABLE,April,28,Friday,6,54,Rural,Medium Speed (Collector),No,31.44551111,-92.56989444,Non-Intersection,Daylight,Clear,Unknown,Unknown,Unknown EMS Scene Arrival Hour,Unknown EMS Scene Arrival Minutes,Unknown,Unknown EMS Hospital Arrival Time,3,Daylight,Clear,3,2,"['Driver', 'Front_Passenger', 'Rear_Seat']","['None_Used', 'Shoulder_Lapbelt', 'None_Used']",0,0,Invalid,0.0,0.0,32.0,24.0,"['Male', 'Female']",4,0,3,4,5,Dry,Straight,Level,Lowest,No
16192,22,Louisiana,220226,0,2,2,0,2,NOT APPLICABLE,May,1,Monday,8,22,Urban,Medium Speed (Collector),No,30.08874722,-91.90630278,Complex/Circle,Daylight,Clear,7:00am-7:59am,29,7:00am-7:59am,47,8:00am-8:59am,7,1,Daylight,Clear,1,1,['Driver'],['None_Used'],0,0,Valid,0.0,0.0,57.0,37.0,"['Male', 'Male']",0,0,5,4,5,Dry,Straight,Level,Lowest,No
16193,22,Louisiana,220227,0,2,2,0,3,NOT APPLICABLE,May,22,Monday,15,30,Urban,High Speed (Arterial),Yes,30.36498889,-92.04774444,Simple Junction,Daylight,Clear,2:00pm-2:59pm,31,2:00pm-2:59pm,33,3:00pm-3:59pm,14,2,Daylight,Clear,2,1,"['Front_Passenger', 'Driver']","['Shoulder_Lapbelt', 'Shoulder_Lapbelt']",0,0,Valid,0.0,1.0,43.0,35.0,"['Female', 'Female']",2,0,3,4,5,Dry,Straight,Level,Lowest,No
16194,22,Louisiana,220228,0,1,1,0,1,NOT APPLICABLE,June,4,Sunday,0,23,Rural,Medium Speed (Collector),No,30.73800556,-91.98823611,Non-Intersection,Dark - Not Lighted,Clear,Unknown,Unknown,Unknown EMS Scene Arrival Hour,Unknown EMS Scene Arrival Minutes,Not Applicable (Not Transported),Not Applicable (Not Transported),1,Dark - Unlighted,Clear,1,0,['Driver'],['None_Used'],1,1,Valid,0.0,0.0,55.0,55.0,['Female'],0,0,3,4,3,Dry,Straight,Level,Lowest,No
16195,22,Louisiana,220229,0,2,2,0,3,SHREVEPORT,June,5,Monday,17,10,Urban,Medium Speed (Collector),Yes,32.44960278,-93.86839722,Non-Intersection,Daylight,Clear,Unknown,Unknown,Unknown EMS Scene Arrival Hour,Unknown EMS Scene Arrival Minutes,Unknown,Unknown EMS Hospital Arrival Time,1,Daylight,Clear,1,2,['Driver'],['None_Used'],0,0,Valid,0.0,0.0,82.0,39.0,"['Female', 'Male']",0,0,5,4,5,Dry,Curve,Level,Lowest,No
16196,22,Louisiana,220230,0,2,2,0,2,SULPHUR,June,5,Monday,23,6,Urban,Low Speed (Local),No,30.24201667,-93.353125,Non-Intersection,Dark - Lighted,Clear,11:00pm-11:59pm,Unknown,11:00pm-11:59pm,19,Not Applicable (Not Transported),Not Applicable (Not Transported),1,Dark - Lighted,Clear,1,1,['Driver'],['None_Used'],1,2,Invalid,0.0,0.0,44.0,36.0,"['Male', 'Male']",0,0,5,4,5,Dry,Straight,Level,Lowest,No
16197,22,Louisiana,220231,0,1,1,0,2,LAFAYETTE,June,7,Wednesday,10,45,Urban,High Speed (Arterial),Yes,30.15095,-92.04182222,Non-Intersection,Daylight,Clear,9:00am-9:59am,46,9:00am-9:59am,48,10:00am-10:59am,23,1,Daylight,Clear,1,1,['Rear_Seat'],['None_Used'],0,0,Valid,0.0,0.0,43.0,43.0,['Male'],0,0,2,4,3,Dry,Straight,Level,Lowest,No
16198,22,Louisiana,220232,0,2,2,0,2,SAINT GABRIEL,May,21,Sunday,3,1,Urban,Medium Speed (Collector),No,30.24449444,-91.06064444,Non-Intersection,Dawn,Clear,Unknown,Unknown,Unknown EMS Scene Arrival Hour,Unknown EMS Scene Arrival Minutes,Unknown,Unknown EMS Hospital Arrival Time,1,Twilight,Clear,1,1,['Driver'],['Shoulder_Lapbelt'],1,1,Invalid,0.0,0.0,39.0,24.0,"['Male', 'Male']",1,0,3,4,5,Dry,Straight,Level,Lowest,No
16199,22,Louisiana,220234,1,1,1,0,1,BATON ROUGE,June,12,Monday,2,18,Urban,High Speed (Arterial),Yes,30.50474444,-91.13340278,Non-Intersection,Dark - Lighted,Clear,Unknown,Unknown if Notified,Unknown EMS Scene Arrival Hour,Unknown if Arrived,Not Applicable (Not Transported),Not Applicable (Not Transported),1,Dark - Lighted,Clear,0,1,[],[],0,0,Invalid,0.0,0.0,46.0,46.0,['Female'],0,0,2,2,4,Dry,Straight,Level,Lowest,No
16200,22,Louisiana,220235,0,1,1,0,2,KENNER,June,1,Thursday,20,39,Rural,Low Speed (Local),No,30.01305278,-90.25926111,Non-Intersection,Dark - Lighted,Clear,Unknown,Unknown,Unknown EMS Scene Arrival Hour,Unknown EMS Scene Arrival Minutes,Unknown,Unknown EMS Hospital Arrival Time,1,Dark - Lighted,Clear,1,1,['Driver'],['Shoulder_Lapbelt'],0,0,Invalid,0.0,0.0,58.0,58.0,['Female'],2,0,2,4,4,Dry,Straight,Level,Lowest,No
16201,22,Louisiana,220236,1,1,1,0,3,NOT APPLICABLE,June,9,Friday,22,35,Rural,High Speed (Arterial),Yes,30.24688611,-92.30065833,Non-Intersection,Dark - Not Lighted,Clear,Unknown,Unknown,Unknown EMS Scene Arrival Hour,Unknown EMS Scene Arrival Minutes,Unknown,Unknown EMS Hospital Arrival Time,1,Dark - Unlighted,Clear,0,3,[],[],0,0,Valid,0.0,0.0,32.0,32.0,['Male'],0,0,2,3,4,Dry,Straight,Level,Lowest,No
16202,22,Louisiana,220237,0,3,3,0,5,BATON ROUGE,June,11,Sunday,19,19,Urban,High Speed (Arterial),Yes,30.51308611,-91.14835833,Complex/Circle,Daylight,Clear,6:00pm-6:59pm,35,6:00pm-6:59pm,41,7:00pm-7:59pm,1,1,Daylight,Clear,1,4,['Front_Passenger'],['None_Used'],1,1,Valid,0.0,0.0,59.0,33.0,"['Female', 'Male', 'Male']",3,0,3,4,5,Dry,Straight,Level,Lowest,No
16203,22,Louisiana,220238,1,1,1,0,1,NOT APPLICABLE,March,30,Thursday,17,18,Rural,Low Speed (Local),No,29.88558333,-90.11410278,Non-Intersection,Daylight,Clear,5:00pm-5:59pm,20,5:00pm-5:59pm,25,5:00pm-5:59pm,57,1,Daylight,Clear,0,1,[],[],0,0,Valid,0.0,0.0,64.0,64.0,['Male'],0,0,3,3,4,Dry,Straight,Level,Lowest,No
16204,22,Louisiana,220239,0,1,1,0,1,NOT APPLICABLE,April,14,Friday,21,58,Urban,High Speed (Arterial),Yes,30.28090278,-90.98865,Non-Intersection,Dark - Not Lighted,Clear,Unknown,Unknown,Unknown EMS Scene Arrival Hour,Unknown EMS Scene Arrival Minutes,Unknown,Unknown EMS Hospital Arrival Time,1,Dark - Unlighted,Clear,1,0,['Driver'],['None_Used'],1,1,Valid,0.0,0.0,25.0,25.0,['Male'],1,0,3,4,3,Dry,Straight,Level,Lowest,No
16205,22,Louisiana,220240,1,1,1,0,3,HAMMOND,June,1,Thursday,21,47,Urban,High Speed (Arterial),Yes,30.48250278,-90.45698333,Non-Intersection,Dark - Lighted,Clear,Unknown,Unknown if Notified,Unknown EMS Scene Arrival Hour,Unknown if Arrived,Not Applicable (Not Transported),Not Applicable (Not Transported),1,Dark - Lighted,Clear,0,3,[],[],0,0,Valid,0.0,0.0,21.0,21.0,['Female'],0,0,2,2,4,Dry,Straight,Level,Lowest,No
16206,22,Louisiana,220241,1,1,1,0,1,NOT APPLICABLE,June,6,Tuesday,21,28,Urban,Medium Speed (Collector),No,30.22716111,-92.28166944,Non-Intersection,Dark - Not Lighted,Clear,Unknown,Unknown,Unknown EMS Scene Arrival Hour,Unknown EMS Scene Arrival Minutes,Unknown,Unknown EMS Hospital Arrival Time,1,Dark - Unlighted,Clear,0,1,[],[],0,0,Valid,0.0,0.0,62.0,62.0,['Female'],0,0,2,3,4,Dry,Straight,Level,Lowest,No
16207,22,Louisiana,220242,0,1,1,0,2,MANDEVILLE,June,8,Thursday,23,34,Rural,Low Speed (Local),No,30.35669722,-90.05506389,Non-Intersection,Dark - Lighted,Clear,11:00pm-11:59pm,36,Unknown EMS Scene Arrival Hour,Unknown EMS Scene Arrival Minutes,Unknown,Unknown EMS Hospital Arrival Time,1,Dark - Lighted,Clear,1,1,['Driver'],['None_Used'],1,1,Valid,0.0,0.0,18.0,18.0,['Male'],2,0,2,4,3,Dry,Straight,Grade/Hillcrest,Lowest,Yes
16208,22,Louisiana,220243,0,2,2,0,4,NOT APPLICABLE,June,9,Friday,8,28,Rural,Medium Speed (Collector),No,32.31997778,-91.88053333,Non-Intersection,Daylight,Clear,7:00am-7:59am,33,7:00am-7:59am,51,8:00am-8:59am,28,1,Daylight,Clear,1,3,['Driver'],['Shoulder_Lapbelt'],0,0,Valid,0.0,0.0,41.0,30.0,"['Female', 'Male']",3,0,4,4,5,Dry,Straight,Level,Lowest,Yes
16209,22,Louisiana,220244,0,1,1,0,2,NOT APPLICABLE,June,11,Sunday,1,29,Rural,High Speed (Arterial),Yes,32.897425,-92.65740833,Non-Intersection,Dark - Not Lighted,Clear,Unknown,Unknown,Unknown EMS Scene Arrival Hour,Unknown EMS Scene Arrival Minutes,Not Applicable (Not Transported),Not Applicable (Not Transported),2,Dark - Unlighted,Clear,2,0,"['Driver', 'Front_Passenger']","['None_Used', 'Shoulder_Lapbelt']",1,1,Valid,0.0,1.0,25.0,25.0,['Male'],2,0,2,4,3,Dry,Curve,Level,Lowest,No
16210,22,Louisiana,220245,0,1,1,0,1,NOT APPLICABLE,June,21,Wednesday,0,17,Rural,Low Speed (Local),No,32.73773889,-93.39668611,Non-Intersection,Dark - Not Lighted,Clear,Unknown,Unknown if Notified,Unknown EMS Scene Arrival Hour,Unknown if Arrived,Not Applicable (Not Transported),Not Applicable (Not Transported),1,Dark - Unlighted,Clear,1,0,['Driver'],['None_Used'],1,1,Invalid,0.0,0.0,50.0,50.0,['Male'],1,0,3,4,3,Dry,Curve,Level,Lowest,No
16211,22,Louisiana,220246,0,3,3,0,4,NEW ORLEANS,June,21,Wednesday,22,5,Urban,High Speed (Arterial),Yes,29.96740278,-90.12818611,Non-Intersection,Dark - Not Lighted,Cloudy,9:00pm-9:59pm,18,9:00pm-9:59pm,23,9:00pm-9:59pm,43,1,Dark - Unlighted,Reduced Visibility,1,3,['Rear_Seat'],['None_Used'],0,0,Invalid,0.0,0.0,999.0,55.0,"['Other', 'Other', 'Male']",0,0,5,2,5,Dry,Straight,Grade/Hillcrest,Lowest,No
16212,22,Louisiana,220247,0,3,1,2,1,NEW ORLEANS,February,20,Monday,5,45,Urban,Medium Speed (Collector),No,29.97998333,-90.09600278,Non-Intersection,Dawn,Clear,Unknown,Unknown,Unknown EMS Scene Arrival Hour,Unknown EMS Scene Arrival Minutes,Unknown,Unknown EMS Hospital Arrival Time,1,Twilight,Clear,1,0,['Driver'],['Shoulder_Lapbelt'],0,0,Invalid,0.0,1.0,25.0,25.0,['Male'],1,0,2,4,3,Dry,Straight,Level,Lowest,No
16213,22,Louisiana,220248,0,1,1,0,1,NOT APPLICABLE,March,23,Thursday,7,20,Rural,Medium Speed (Collector),No,30.88879167,-90.86915,Non-Intersection,Daylight,Clear,Unknown,Unknown if Notified,Unknown EMS Scene Arrival Hour,Unknown if Arrived,Not Applicable (Not Transported),Not Applicable (Not Transported),1,Daylight,Clear,1,0,['Driver'],['None_Used'],0,0,Valid,0.0,0.0,76.0,76.0,['Male'],0,0,2,4,3,Dry,Straight,Level,Lowest,No
16214,22,Louisiana,220249,0,1,1,0,1,NOT APPLICABLE,March,30,Thursday,21,30,Urban,High Speed (Arterial),Yes,30.22651111,-93.30247222,Non-Intersection,Dark - Not Lighted,Clear,Unknown,Unknown,Unknown EMS Scene Arrival Hour,Unknown EMS Scene Arrival Minutes,Not Applicable (Not Transported),Not Applicable (Not Transported),1,Dark - Unlighted,Clear,1,0,['Driver'],['None_Used'],1,1,Invalid,0.0,0.0,51.0,51.0,['Male'],0,0,5,3,2,Dry,Curve,Grade/Hillcrest,Lowest,No
16215,22,Louisiana,220250,0,2,2,0,2,NOT APPLICABLE,April,10,Monday,9,20,Urban,High Speed (Arterial),Yes,30.30078333,-93.228075,Non-Intersection,Daylight,Clear,Unknown,Unknown,Unknown EMS Scene Arrival Hour,Unknown EMS Scene Arrival Minutes,Unknown,Unknown EMS Hospital Arrival Time,1,Daylight,Clear,1,1,['Driver'],['None_Used'],1,1,Valid,0.0,0.0,64.0,47.0,"['Male', 'Male']",0,0,3,4,5,Dry,Straight,Level,Lowest,No