,State_Code,State_Name,Crash_ID,Count_Non_Motorists,Count_Vehicles_Total,Count_Vehicle_Forms,Count_PVH_Involved,Count_Occupants_MV,City_Name,Month_Name,Day_of_Month,Day_of_Week,Crash_Hour,Crash_Minute,Area_Rural_Urban,Road_Functional_Class,On_NHS_Road,Latitude,Longitude,Intersection_Type,Light_Condition,Weather_Condition,Notif_Hour,Notif_Minute,Arrival_Hour,Arrival_Minute,Hospital_Hour,Hospital_Minute,Fatalities_Count,Clean_Light_Condition,Clean_Weather_Condition,Total_Killed,Total_Alive,Fatal_Seats_List,Killed_Restraint_List,Any_Driver_Drinking,Total_Drinking_Drivers,Driver_License_Category,Driver_Max_Prev_Accident_Count,Driver_Max_Prev_Speeding_Count,Max_Driver_Age,Min_Driver_Age,Driver_Sex_List,Total_Exceeding_Limit_Vehicles,Total_Too_Fast_Vehicles,Max_Vehicle_Type_Severity_5,Max_Vehicle_Damage_Rank,Max_Harmful_Event_Severity,Crash_Road_Surface_Condition,Crash_Horizontal_Alignment,Crash_Vertical_Profile,Crash_Impairment_Category,Crash_Vehicle_Defect
16216,22,Louisiana,220251,0,1,1,0,1,NOT APPLICABLE,May,2,Tuesday,6,15,Rural,Medium Speed (Collector),No,30.08009444,-90.90213056,Non-Intersection,Dawn,Clear,4:00am-4:59am,54,5:00am-5:59am,7,6:00am-6:59am,10,1,Twilight,Clear,1,0,['Driver'],['None_Used'],0,0,Valid,0.0,1.0,19.0,19.0,['Male'],1,0,3,4,3,Dry,Curve,Level,Lowest,No
16217,22,Louisiana,220252,0,2,2,0,2,NOT APPLICABLE,May,7,Sunday,16,24,Rural,Medium Speed (Collector),No,31.25704722,-93.56163889,Non-Intersection,Daylight,Clear,2:00pm-2:59pm,59,3:00pm-3:59pm,34,Not Applicable (Not Transported),Not Applicable (Not Transported),1,Daylight,Clear,1,1,['Driver'],['Shoulder_Lapbelt'],1,1,Valid,0.0,1.0,32.0,17.0,"['Female', 'Male']",0,0,3,4,5,Dry,Straight,Level,Lowest,No
16218,22,Louisiana,220253,0,2,2,0,2,NOT APPLICABLE,May,23,Tuesday,14,30,Rural,High Speed (Arterial),Yes,31.38400278,-92.24513333,Non-Intersection,Daylight,Cloudy,Unknown,Unknown,Unknown EMS Scene Arrival Hour,Unknown EMS Scene Arrival Minutes,Not Applicable (Not Transported),Not Applicable (Not Transported),1,Daylight,Reduced Visibility,1,1,['Driver'],['None_Used'],0,0,Valid,0.0,0.0,65.0,61.0,"['Male', 'Male']",0,0,5,4,5,Dry,Straight,Level,Lowest,No
16219,22,Louisiana,220254,1,3,2,1,2,NEW ORLEANS,May,27,Saturday,16,30,Urban,Medium Speed (Collector),No,29.94651111,-90.08894722,Complex/Circle,Daylight,Clear,Unknown,Unknown,Unknown EMS Scene Arrival Hour,Unknown EMS Scene Arrival Minutes,Unknown,Unknown EMS Hospital Arrival Time,1,Daylight,Clear,0,2,[],[],0,0,Invalid,0.0,0.0,53.0,34.0,"['Male', 'Male']",0,0,3,4,5,Dry,Straight,Level,Lowest,Yes
16220,22,Louisiana,220255,0,2,2,0,2,PIERRE PART,May,28,Sunday,20,10,Rural,Medium Speed (Collector),No,29.95137222,-91.21287778,Simple Junction,Dusk,Clear,7:00pm-7:59pm,19,7:00pm-7:59pm,53,8:00pm-8:59pm,19,1,Twilight,Clear,1,1,['Driver'],['None_Used'],0,0,Invalid,0.0,0.0,44.0,34.0,"['Male', 'Female']",0,0,5,4,5,Dry,Straight,Level,Lowest,No
16221,22,Louisiana,220256,0,2,2,0,4,NOT APPLICABLE,May,6,Saturday,8,40,Rural,High Speed (Arterial),Yes,30.30105833,-89.65203056,Non-Intersection,Daylight,Cloudy,Unknown,Unknown,Unknown EMS Scene Arrival Hour,Unknown EMS Scene Arrival Minutes,Unknown,Unknown EMS Hospital Arrival Time,1,Daylight,Reduced Visibility,1,3,['Driver'],['None_Used'],0,0,Valid,0.0,0.0,46.0,45.0,"['Male', 'Female']",0,0,2,4,5,Dry,Straight,Level,Lowest,No
16222,22,Louisiana,220257,0,3,3,0,3,NOT APPLICABLE,April,7,Friday,0,39,Rural,High Speed (Arterial),Yes,30.47481111,-90.61587778,Non-Intersection,Dark - Lighted,Rain,Unknown,Unknown,Unknown EMS Scene Arrival Hour,Unknown EMS Scene Arrival Minutes,Not Applicable (Not Transported),Not Applicable (Not Transported),1,Dark - Lighted,Rain/Wind/Minor,1,2,['Driver'],['None_Used'],1,1,Valid,0.0,1.0,54.0,25.0,"['Female', 'Male', 'Male']",0,0,4,4,5,Wet/Standing Water,Straight,Level,Lowest,No
16223,22,Louisiana,220258,0,2,2,0,2,NOT APPLICABLE,April,23,Sunday,2,57,Rural,Medium Speed (Collector),No,30.43537222,-90.68343056,Non-Intersection,Dark - Not Lighted,Clear,1:00am-1:59am,54,2:00am-2:59am,11,Unknown,Unknown EMS Hospital Arrival Time,1,Dark - Unlighted,Clear,1,1,['Driver'],['None_Used'],0,0,Invalid,0.0,0.0,46.0,41.0,"['Male', 'Male']",2,0,3,4,5,Dry,Curve,Level,Lowest,No
16224,22,Louisiana,220259,0,2,2,0,3,NOT APPLICABLE,May,17,Wednesday,6,25,Rural,High Speed (Arterial),Yes,31.29460556,-92.61486389,Complex/Circle,Daylight,Clear,Unknown,Unknown,Unknown EMS Scene Arrival Hour,Unknown EMS Scene Arrival Minutes,Not Applicable (Not Transported),Not Applicable (Not Transported),1,Daylight,Clear,1,2,['Driver'],['None_Used'],1,1,Valid,0.0,0.0,48.0,36.0,"['Male', 'Male']",0,0,3,4,5,Dry,Straight,Level,Lowest,No
16225,22,Louisiana,220260,0,1,1,0,1,NOT APPLICABLE,May,19,Friday,6,30,Rural,Medium Speed (Collector),No,32.38514444,-93.59426944,Non-Intersection,Daylight,Clear,5:00am-5:59am,28,5:00am-5:59am,30,Not Applicable (Not Transported),Not Applicable (Not Transported),1,Daylight,Clear,1,0,['Driver'],['None_Used'],0,0,Valid,0.0,0.0,21.0,21.0,['Male'],0,0,3,4,1,Oil/Contaminated,Straight,Level,Lowest,No
16226,22,Louisiana,220261,0,2,2,0,7,NOT APPLICABLE,May,19,Friday,10,46,Urban,Medium Speed (Collector),Yes,29.53108889,-90.35000278,Complex/Circle,Daylight,Clear,Unknown,Unknown,Unknown EMS Scene Arrival Hour,Unknown EMS Scene Arrival Minutes,Unknown,Unknown EMS Hospital Arrival Time,2,Daylight,Clear,2,5,"['Front_Passenger', 'Rear_Seat']","['None_Used', 'None_Used']",0,0,Valid,0.0,1.0,60.0,36.0,"['Female', 'Male']",2,0,3,4,5,Dry,Straight,Level,Lowest,No
16227,22,Louisiana,220262,0,2,2,0,3,NOT APPLICABLE,May,31,Wednesday,12,40,Rural,Medium Speed (Collector),No,30.70652778,-90.74438611,Non-Intersection,Daylight,Clear,Unknown,Unknown,Unknown EMS Scene Arrival Hour,Unknown EMS Scene Arrival Minutes,Unknown,Unknown EMS Hospital Arrival Time,2,Daylight,Clear,2,1,"['Driver', 'Rear_Seat']","['Shoulder_Lapbelt', 'None_Used']",0,0,Valid,0.0,0.0,61.0,36.0,"['Male', 'Male']",2,0,4,4,5,Dry,Straight,Grade/Hillcrest,Lowest,No
16228,22,Louisiana,220263,0,1,1,0,1,NOT APPLICABLE,June,2,Friday,18,33,Rural,Low Speed (Local),No,30.32425,-91.78967222,Non-Intersection,Daylight,Clear,5:00pm-5:59pm,33,5:00pm-5:59pm,51,6:00pm-6:59pm,30,1,Daylight,Clear,1,0,['Driver'],['None_Used'],0,0,Valid,0.0,0.0,23.0,23.0,['Male'],0,0,5,4,2,Dry,Curve,Level,Lowest,No
16229,22,Louisiana,220264,0,2,2,0,3,LAKE CHARLES,June,4,Sunday,3,29,Urban,High Speed (Arterial),No,30.17199167,-93.21390278,Simple Junction,Dark - Lighted,Clear,2:00am-2:59am,31,2:00am-2:59am,36,3:00am-3:59am,13,1,Dark - Lighted,Clear,1,2,['Driver'],['Shoulder_Lapbelt'],1,2,Invalid,0.0,0.0,21.0,19.0,"['Male', 'Female']",2,0,3,4,5,Dry,Straight,Level,Lowest,No
16230,22,Louisiana,220265,0,1,1,0,1,NOT APPLICABLE,June,7,Wednesday,22,38,Rural,Low Speed (Local),No,31.12927778,-92.70015556,Non-Intersection,Dark - Not Lighted,Cloudy,Unknown,Unknown if Notified,Unknown EMS Scene Arrival Hour,Unknown if Arrived,Not Applicable (Not Transported),Not Applicable (Not Transported),1,Dark - Unlighted,Reduced Visibility,1,0,['Driver'],['None_Used'],1,1,Valid,0.0,0.0,36.0,36.0,['Male'],0,0,3,4,3,Dry,Straight,Level,Lowest,No
16231,22,Louisiana,220266,0,2,2,0,4,NOT APPLICABLE,June,9,Friday,9,28,Urban,Medium Speed (Collector),No,29.80076944,-90.84413611,Non-Intersection,Daylight,Clear,8:00am-8:59am,31,8:00am-8:59am,37,Not Applicable (Not Transported),Not Applicable (Not Transported),1,Daylight,Clear,1,3,['Driver'],['None_Used'],0,0,Valid,0.0,0.0,81.0,77.0,"['Male', 'Male']",0,0,3,4,5,Dry,Straight,Non-Trafficway,Lowest,No
16232,22,Louisiana,220267,1,1,1,0,1,NOT APPLICABLE,June,12,Monday,3,0,Rural,High Speed (Arterial),Yes,31.19651667,-92.47446667,Non-Intersection,Dark - Not Lighted,Clear,Unknown,Unknown if Notified,Unknown EMS Scene Arrival Hour,Unknown if Arrived,Not Applicable (Not Transported),Not Applicable (Not Transported),1,Dark - Unlighted,Clear,0,1,[],[],1,1,Valid,0.0,0.0,19.0,19.0,['Female'],0,0,2,4,4,Dry,Curve,Level,Lowest,No
16233,22,Louisiana,220268,0,1,1,0,1,SHREVEPORT,June,22,Thursday,1,55,Urban,Medium Speed (Collector),No,32.35528333,-93.727725,Non-Intersection,Dark - Not Lighted,Clear,Unknown,Unknown if Notified,Unknown EMS Scene Arrival Hour,Unknown if Arrived,Not Applicable (Not Transported),Not Applicable (Not Transported),1,Dark - Unlighted,Clear,1,0,['Driver'],['None_Used'],1,1,Valid,0.0,0.0,19.0,19.0,['Male'],0,0,3,4,3,Dry,Curve,Grade/Hillcrest,Lowest,No
16234,22,Louisiana,220269,0,1,1,0,2,BOSSIER CITY,June,23,Friday,15,15,Urban,Low Speed (Local),No,32.47969722,-93.67615833,Simple Junction,Daylight,Clear,2:00pm-2:59pm,15,2:00pm-2:59pm,26,2:00pm-2:59pm,41,1,Daylight,Clear,1,1,['Driver'],['Shoulder_Lapbelt'],0,0,Invalid,0.0,0.0,38.0,38.0,['Male'],2,0,3,4,3,Dry,Straight,Level,Medium,No
16235,22,Louisiana,220270,0,2,2,0,3,DONALDSONVILLE,June,28,Wednesday,13,32,Urban,High Speed (Arterial),Yes,30.09323889,-90.98042778,Non-Intersection,Daylight,Clear,12:00pm-12:59pm,37,12:00pm-12:59pm,59,1:00pm-1:59pm,23,1,Daylight,Clear,1,2,['Front_Passenger'],['None_Used'],0,0,Invalid,0.0,0.0,38.0,17.0,"['Male', 'Male']",1,0,3,4,5,Dry,Straight,Level,Lowest,No
16236,22,Louisiana,220271,0,2,2,0,2,BATON ROUGE,July,2,Sunday,3,17,Urban,High Speed (Arterial),Yes,30.471125,-91.10888333,Complex/Circle,Dark - Lighted,Clear,Unknown,Unknown,Unknown EMS Scene Arrival Hour,Unknown EMS Scene Arrival Minutes,Unknown,Unknown EMS Hospital Arrival Time,1,Dark - Lighted,Clear,1,1,['Driver'],['None_Used'],0,0,Invalid,0.0,0.0,999.0,29.0,"['Other', 'Male']",1,0,5,4,5,Dry,Straight,Level,Lowest,No
16237,22,Louisiana,220272,0,1,1,0,1,Not Reported,April,22,Saturday,17,32,Rural,Medium Speed (Collector),No,32.27395,-93.10211667,Non-Intersection,Daylight,Clear,Unknown,Unknown,Unknown EMS Scene Arrival Hour,Unknown EMS Scene Arrival Minutes,Not Applicable (Not Transported),Not Applicable (Not Transported),1,Daylight,Clear,1,0,['Driver'],['Shoulder_Lapbelt'],0,0,Valid,0.0,0.0,57.0,57.0,['Female'],0,0,3,4,3,Dry,Straight,Level,Lowest,No
16238,22,Louisiana,220273,0,1,1,0,1,Not Reported,April,30,Sunday,13,7,Rural,Medium Speed (Collector),No,30.43537222,-90.55797778,Non-Intersection,Daylight,Clear,Unknown,Unknown,Unknown EMS Scene Arrival Hour,Unknown EMS Scene Arrival Minutes,Unknown,Unknown EMS Hospital Arrival Time,1,Daylight,Clear,1,0,['Driver'],['None_Used'],1,1,Valid,0.0,0.0,51.0,51.0,['Male'],0,0,5,4,3,Dry,Straight,Level,Lowest,No
16239,22,Louisiana,220274,0,2,2,0,3,Not Reported,May,11,Thursday,23,30,Rural,High Speed (Arterial),Yes,30.37536389,-91.60018611,Non-Intersection,Dark - Not Lighted,Clear,10:00pm-10:59pm,44,10:00pm-10:59pm,54,Not Applicable (Not Transported),Not Applicable (Not Transported),1,Dark - Unlighted,Clear,1,2,['Driver'],['Shoulder_Lapbelt'],0,0,Valid,0.0,0.0,48.0,37.0,"['Male', 'Male']",0,0,4,4,3,Dry,Straight,Level,Lowest,No
16240,22,Louisiana,220275,0,1,1,0,1,Not Reported,May,27,Saturday,3,50,Rural,Low Speed (Local),No,30.77975833,-90.41758611,Non-Intersection,Dark - Not Lighted,Clear,Unknown,Unknown,Unknown EMS Scene Arrival Hour,Unknown EMS Scene Arrival Minutes,Unknown,Unknown EMS Hospital Arrival Time,1,Dark - Unlighted,Clear,1,0,['Driver'],['Shoulder_Lapbelt'],1,1,Valid,0.0,0.0,53.0,53.0,['Male'],0,0,3,4,3,Dry,Curve,Level,Lowest,No
16241,22,Louisiana,220276,1,1,1,0,2,Not Reported,June,9,Friday,3,29,Rural,High Speed (Arterial),Yes,30.29014167,-92.95986944,Non-Intersection,Dark - Not Lighted,Clear,Unknown,Unknown,Unknown EMS Scene Arrival Hour,Unknown EMS Scene Arrival Minutes,Not Applicable (Not Transported),Not Applicable (Not Transported),1,Dark - Unlighted,Clear,0,2,[],[],0,0,Valid,0.0,0.0,30.0,30.0,['Male'],0,0,2,3,4,Dry,Straight,Level,Lowest,No
16242,22,Louisiana,220277,0,1,1,0,1,Not Reported,June,24,Saturday,1,14,Rural,Medium Speed (Collector),No,30.32486944,-91.90931944,Non-Intersection,Dark - Not Lighted,Clear,Unknown,Unknown,Unknown EMS Scene Arrival Hour,Unknown EMS Scene Arrival Minutes,Not Applicable (Not Transported),Not Applicable (Not Transported),1,Dark - Unlighted,Clear,1,0,['Driver'],['None_Used'],1,1,Valid,0.0,2.0,52.0,52.0,['Male'],0,0,5,4,3,Dry,Straight,Level,Lowest,No
16243,22,Louisiana,220279,0,1,1,0,1,NOT APPLICABLE,April,21,Friday,5,10,Rural,Medium Speed (Collector),No,29.79595278,-90.00500833,Non-Intersection,Dark - Lighted,Cloudy,Unknown,Unknown,5:00am-5:59am,37,Unknown,Unknown EMS Hospital Arrival Time,1,Dark - Lighted,Reduced Visibility,1,0,['Driver'],['None_Used'],1,1,Valid,0.0,0.0,45.0,45.0,['Female'],1,0,2,4,3,Dry,Straight,Level,Lowest,No
16244,22,Louisiana,220280,0,3,3,0,5,NOT APPLICABLE,May,20,Saturday,20,48,Rural,Medium Speed (Collector),No,30.18430278,-92.92876389,Non-Intersection,Dark - Not Lighted,Rain,8:00pm-8:59pm,50,Unknown EMS Scene Arrival Hour,Unknown EMS Scene Arrival Minutes,Not Applicable (Not Transported),Not Applicable (Not Transported),2,Dark - Unlighted,Rain/Wind/Minor,2,3,"['Driver', 'Rear_Seat']","['None_Used', 'None_Used']",0,0,Valid,0.0,0.0,67.0,17.0,"['Female', 'Male', 'Male']",1,0,5,4,5,Wet/Standing Water,Straight,Level,Lowest,No
16245,22,Louisiana,220281,0,2,2,0,3,NOT APPLICABLE,May,14,Sunday,15,42,Urban,Medium Speed (Collector),No,32.557475,-93.54948333,Complex/Circle,Daylight,Cloudy,2:00pm-2:59pm,51,3:00pm-3:59pm,3,3:00pm-3:59pm,34,1,Daylight,Reduced Visibility,1,2,['Front_Passenger'],['None_Used'],0,0,Valid,1.0,1.0,58.0,28.0,"['Female', 'Female']",0,0,3,4,5,Dry,Straight,Level,Lowest,Yes
16246,22,Louisiana,220282,0,1,1,0,1,NOT APPLICABLE,June,14,Wednesday,18,38,Urban,Medium Speed (Collector),No,30.18386111,-89.73876667,Non-Intersection,Daylight,Clear,Unknown,Unknown,Unknown EMS Scene Arrival Hour,Unknown EMS Scene Arrival Minutes,Not Applicable (Not Transported),Not Applicable (Not Transported),1,Daylight,Clear,1,0,['Driver'],['None_Used'],1,1,Valid,0.0,0.0,33.0,33.0,['Male'],0,0,5,4,3,Dry,Straight,Level,Lowest,No
16247,22,Louisiana,220283,1,1,1,0,1,NEW ORLEANS,June,13,Tuesday,23,0,Urban,High Speed (Arterial),Yes,29.96882222,-90.05555,Complex/Circle,Dark - Lighted,Clear,10:00pm-10:59pm,27,10:00pm-10:59pm,33,10:00pm-10:59pm,49,1,Dark - Lighted,Clear,0,1,[],[],0,0,Valid,0.0,0.0,36.0,36.0,['Male'],1,0,2,3,4,Dry,Straight,Level,Lowest,No
16248,22,Louisiana,220284,0,1,1,0,1,NOT APPLICABLE,June,12,Monday,15,44,Urban,Medium Speed (Collector),No,30.23008889,-89.7469,Non-Intersection,Daylight,Clear,Unknown,Unknown,Unknown EMS Scene Arrival Hour,Unknown EMS Scene Arrival Minutes,Not Applicable (Not Transported),Not Applicable (Not Transported),1,Daylight,Clear,1,0,['Driver'],['None_Used'],1,1,Valid,0.0,1.0,52.0,52.0,['Female'],0,0,3,4,3,Dry,Curve,Level,Lowest,No
16249,22,Louisiana,220285,0,1,1,0,1,NOT APPLICABLE,June,16,Friday,2,20,Rural,Medium Speed (Collector),No,32.32776111,-93.91520833,Non-Intersection,Dark - Not Lighted,Rain,1:00am-1:59am,1,1:00am-1:59am,19,2:00am-2:59am,3,1,Dark - Unlighted,Rain/Wind/Minor,1,0,['Driver'],['Shoulder_Lapbelt'],0,0,Valid,0.0,0.0,63.0,63.0,['Male'],0,0,3,4,1,Wet/Standing Water,Straight,Level,Lowest,No
16250,22,Louisiana,220287,1,1,1,0,2,NOT APPLICABLE,July,3,Monday,0,51,Urban,Medium Speed (Collector),No,32.55774167,-92.00546944,Non-Intersection,Dark - Not Lighted,Clear,Unknown,Unknown,Unknown EMS Scene Arrival Hour,Unknown EMS Scene Arrival Minutes,Unknown,Unknown EMS Hospital Arrival Time,1,Dark - Unlighted,Clear,0,2,[],[],0,0,Valid,0.0,0.0,40.0,40.0,['Male'],0,0,2,4,4,Dry,Straight,Level,Lowest,No
16251,22,Louisiana,220288,1,1,1,0,1,SHREVEPORT,July,16,Sunday,0,4,Rural,Low Speed (Local),No,32.45654167,-93.76037778,Non-Intersection,Dark - Lighted,Clear,0:00am-0:59am,4,Unknown EMS Scene Arrival Hour,Unknown EMS Scene Arrival Minutes,Unknown,Unknown EMS Hospital Arrival Time,1,Dark - Lighted,Clear,0,1,[],[],1,1,Valid,0.0,0.0,46.0,46.0,['Male'],0,0,3,2,4,Dry,Straight,Level,Lowest,No
16252,22,Louisiana,220289,0,1,1,0,1,MONROE,February,9,Thursday,23,55,Urban,High Speed (Arterial),Yes,32.54633889,-92.07758056,Non-Intersection,Dark - Not Lighted,Clear,Unknown,Unknown,Unknown EMS Scene Arrival Hour,Unknown EMS Scene Arrival Minutes,Unknown,Unknown EMS Hospital Arrival Time,1,Dark - Unlighted,Clear,1,0,['Driver'],['None_Used'],1,1,Invalid,0.0,0.0,35.0,35.0,['Male'],0,0,3,4,3,Dry,Straight,Level,Lowest,No
16253,22,Louisiana,220290,1,1,1,0,1,URANIA,March,15,Wednesday,5,50,Rural,High Speed (Arterial),Yes,31.8527,-92.28168611,Non-Intersection,Dark - Not Lighted,Clear,Unknown,Unknown if Notified,Unknown EMS Scene Arrival Hour,Unknown if Arrived,Not Applicable (Not Transported),Not Applicable (Not Transported),1,Dark - Unlighted,Clear,0,1,[],[],0,0,Valid,0.0,0.0,31.0,31.0,['Male'],0,0,4,1,4,Dry,Straight,Level,Lowest,No
16254,22,Louisiana,220291,0,1,1,0,2,NOT APPLICABLE,March,24,Friday,16,16,Rural,Medium Speed (Collector),No,32.76519444,-93.95815833,Non-Intersection,Daylight,Rain,4:00pm-4:59pm,16,4:00pm-4:59pm,21,4:00pm-4:59pm,58,1,Daylight,Rain/Wind/Minor,1,1,['Front_Passenger'],['Shoulder_Lapbelt'],0,0,Valid,0.0,0.0,23.0,23.0,['Female'],2,0,3,4,3,Wet/Standing Water,Straight,Level,Lowest,No
16255,22,Louisiana,220292,1,1,1,0,3,PINEVILLE,March,24,Friday,23,27,Urban,High Speed (Arterial),Yes,31.31201111,-92.43636944,Non-Intersection,Dark - Not Lighted,Clear,Unknown,Unknown,Unknown EMS Scene Arrival Hour,Unknown EMS Scene Arrival Minutes,Not Applicable (Not Transported),Not Applicable (Not Transported),1,Dark - Unlighted,Clear,0,3,[],[],0,0,Valid,0.0,0.0,32.0,32.0,['Male'],0,0,2,3,4,Wet/Standing Water,Straight,Level,Lowest,No
16256,22,Louisiana,220293,0,2,2,0,2,NOT APPLICABLE,March,25,Saturday,0,53,Rural,Low Speed (Local),No,30.69268333,-92.43237778,Non-Intersection,Dark - Not Lighted,Clear,Unknown,Unknown,Unknown EMS Scene Arrival Hour,Unknown EMS Scene Arrival Minutes,Unknown,Unknown EMS Hospital Arrival Time,1,Dark - Unlighted,Clear,1,1,['Driver'],['None_Used'],1,2,Valid,0.0,0.0,33.0,19.0,"['Male', 'Male']",0,0,5,3,5,Dry,Straight,Level,Lowest,No
16257,22,Louisiana,220294,0,1,1,0,3,MONROE,April,1,Saturday,4,4,Urban,High Speed (Arterial),Yes,32.49902222,-92.08204167,Non-Intersection,Dark - Lighted,Clear,Unknown,Unknown,Unknown EMS Scene Arrival Hour,Unknown EMS Scene Arrival Minutes,Unknown,Unknown EMS Hospital Arrival Time,1,Dark - Lighted,Clear,1,2,['Front_Passenger'],['None_Used'],1,1,Valid,0.0,0.0,43.0,43.0,['Male'],3,0,2,4,3,Dry,Straight,Grade/Hillcrest,Lowest,No
16258,22,Louisiana,220295,0,2,2,0,4,NOT APPLICABLE,May,24,Wednesday,15,36,Rural,High Speed (Arterial),Yes,31.61811111,-93.59293889,Non-Intersection,Daylight,Clear,2:00pm-2:59pm,41,2:00pm-2:59pm,44,3:00pm-3:59pm,11,3,Daylight,Clear,3,1,"['Driver', 'Front_Passenger', 'Rear_Seat']","['Shoulder_Lapbelt', 'None_Used', 'None_Used']",0,0,Valid,0.0,0.0,66.0,53.0,"['Male', 'Male']",3,0,4,4,5,Dry,Straight,Grade/Hillcrest,Lowest,No
16259,22,Louisiana,220296,0,2,2,0,2,NOT APPLICABLE,May,29,Monday,21,10,Urban,High Speed (Arterial),Yes,32.49020833,-92.00292222,Non-Intersection,Dark - Not Lighted,Clear,9:00pm-9:59pm,10,Unknown EMS Scene Arrival Hour,Unknown EMS Scene Arrival Minutes,Not Applicable (Not Transported),Not Applicable (Not Transported),1,Dark - Unlighted,Clear,1,1,['Driver'],['None_Used'],1,1,Valid,0.0,0.0,52.0,36.0,"['Male', 'Female']",1,0,5,4,5,Dry,Straight,Level,Lowest,No
16260,22,Louisiana,220297,1,1,1,0,1,NEW ORLEANS,May,30,Tuesday,3,23,Rural,Low Speed (Local),No,29.962175,-90.07474722,Simple Junction,Dark - Not Lighted,Clear,Unknown,Unknown,Unknown EMS Scene Arrival Hour,Unknown EMS Scene Arrival Minutes,Unknown,Unknown EMS Hospital Arrival Time,1,Dark - Unlighted,Clear,0,1,[],[],0,0,Invalid,0.0,0.0,46.0,46.0,['Male'],0,0,3,3,4,Dry,Straight,Level,Lowest,No
16261,22,Louisiana,220298,0,1,1,0,1,NOT APPLICABLE,June,2,Friday,22,34,Rural,Low Speed (Local),No,30.17946944,-90.92650278,Non-Intersection,Dark - Not Lighted,Clear,Not Applicable (Not Notified),Not Applicable (Not Notified),Not Applicable,Not Applicable,Not Applicable (Not Transported),Not Applicable (Not Transported),1,Dark - Unlighted,Clear,1,0,['Driver'],['Shoulder_Lapbelt'],1,1,Valid,0.0,0.0,22.0,22.0,['Male'],1,0,2,4,3,Dry,Straight,Level,Lowest,No
16262,22,Louisiana,220299,0,1,1,0,3,NEW ORLEANS,April,2,Sunday,23,43,Urban,Low Speed (Local),No,29.971425,-90.06651389,Non-Intersection,Dark - Lighted,Clear,Unknown,Unknown,Unknown EMS Scene Arrival Hour,Unknown EMS Scene Arrival Minutes,Unknown,Unknown EMS Hospital Arrival Time,1,Dark - Lighted,Clear,1,2,['Driver'],['Shoulder_Lapbelt'],0,0,Invalid,0.0,0.0,23.0,23.0,['Male'],0,0,2,4,3,Dry,Straight,Level,Lowest,No
16263,22,Louisiana,220300,0,2,2,0,4,TICKFAW,April,3,Monday,9,48,Urban,Medium Speed (Collector),No,30.56872778,-90.48243889,Non-Intersection,Daylight,Clear,Unknown,Unknown,Unknown EMS Scene Arrival Hour,Unknown EMS Scene Arrival Minutes,Unknown,Unknown EMS Hospital Arrival Time,1,Daylight,Clear,1,3,['Driver'],['None_Used'],0,0,Valid,0.0,0.0,86.0,45.0,"['Male', 'Male']",0,0,3,4,5,Dry,Straight,Level,Lowest,No
16264,22,Louisiana,220301,0,1,1,0,1,NEW ORLEANS,April,3,Monday,12,21,Urban,Low Speed (Local),No,30.02877778,-89.9949,Non-Intersection,Daylight,Clear,11:00am-11:59am,28,11:00am-11:59am,34,11:00am-11:59am,59,1,Daylight,Clear,1,0,['Driver'],['Shoulder_Lapbelt'],0,0,Invalid,0.0,0.0,48.0,48.0,['Male'],0,0,3,3,2,Dry,Straight,Level,Lowest,No
16265,22,Louisiana,220302,0,3,3,0,3,Not Reported,April,8,Saturday,12,9,Urban,High Speed (Arterial),Yes,29.9972,-90.1461,Non-Intersection,Daylight,Cloudy,Unknown,Unknown,Unknown EMS Scene Arrival Hour,Unknown EMS Scene Arrival Minutes,Unknown,Unknown EMS Hospital Arrival Time,1,Daylight,Reduced Visibility,1,2,['Driver'],['None_Used'],0,0,Valid,0.0,0.0,82.0,20.0,"['Male', 'Male', 'Female']",1,0,2,4,5,Dry,Straight,Level,Lowest,No
16266,22,Louisiana,220303,1,1,1,0,1,SHREVEPORT,May,18,Thursday,19,2,Urban,Low Speed (Local),No,32.49268889,-93.74322222,Non-Intersection,Daylight,Clear,Unknown,Unknown,Unknown EMS Scene Arrival Hour,Unknown EMS Scene Arrival Minutes,Unknown,Unknown EMS Hospital Arrival Time,1,Daylight,Clear,0,1,[],[],0,0,Invalid,0.0,0.0,31.0,31.0,['Female'],0,0,2,2,4,Dry,Straight,Grade/Hillcrest,Lowest,No
16267,22,Louisiana,220304,1,1,1,0,1,WHITE CASTLE,June,23,Friday,21,44,Rural,Medium Speed (Collector),No,30.15937778,-91.15052778,Non-Intersection,Dark - Lighted,Clear,Unknown,Unknown,Unknown EMS Scene Arrival Hour,Unknown EMS Scene Arrival Minutes,Unknown,Unknown EMS Hospital Arrival Time,1,Dark - Lighted,Clear,0,1,[],[],1,1,Valid,0.0,0.0,66.0,66.0,['Male'],0,0,3,2,4,Dry,Straight,Level,Lowest,No
16268,22,Louisiana,220305,1,1,1,0,1,SHREVEPORT,May,28,Sunday,21,20,Rural,Low Speed (Local),No,32.47518889,-93.75835833,Non-Intersection,Dark - Lighted,Clear,Unknown,Unknown if Notified,Unknown EMS Scene Arrival Hour,Unknown if Arrived,Not Applicable (Not Transported),Not Applicable (Not Transported),1,Dark - Lighted,Clear,0,1,[],[],0,0,Invalid,0.0,0.0,999.0,999.0,['Other'],0,0,2,4,4,Dry,Straight,Level,Lowest,No