,State_Code,State_Name,Crash_ID,Count_Non_Motorists,Count_Vehicles_Total,Count_Vehicle_Forms,Count_PVH_Involved,Count_Occupants_MV,City_Name,Month_Name,Day_of_Month,Day_of_Week,Crash_Hour,Crash_Minute,Area_Rural_Urban,Road_Functional_Class,On_NHS_Road,Latitude,Longitude,Intersection_Type,Light_Condition,Weather_Condition,Notif_Hour,Notif_Minute,Arrival_Hour,Arrival_Minute,Hospital_Hour,Hospital_Minute,Fatalities_Count,Clean_Light_Condition,Clean_Weather_Condition,Total_Killed,Total_Alive,Fatal_Seats_List,Killed_Restraint_List,Any_Driver_Drinking,Total_Drinking_Drivers,Driver_License_Category,Driver_Max_Prev_Accident_Count,Driver_Max_Prev_Speeding_Count,Max_Driver_Age,Min_Driver_Age,Driver_Sex_List,Total_Exceeding_Limit_Vehicles,Total_Too_Fast_Vehicles,Max_Vehicle_Type_Severity_5,Max_Vehicle_Damage_Rank,Max_Harmful_Event_Severity,Crash_Road_Surface_Condition,Crash_Horizontal_Alignment,Crash_Vertical_Profile,Crash_Impairment_Category,Crash_Vehicle_Defect
16269,22,Louisiana,220307,0,2,2,0,2,NOT APPLICABLE,May,8,Monday,23,58,Rural,Medium Speed (Collector),No,30.77388333,-90.22410278,Non-Intersection,Dark - Not Lighted,Clear,Unknown,Unknown if Notified,Unknown EMS Scene Arrival Hour,Unknown if Arrived,Not Applicable (Not Transported),Not Applicable (Not Transported),2,Dark - Unlighted,Clear,2,0,"['Driver', 'Driver']","['None_Used', 'Shoulder_Lapbelt']",0,0,Valid,0.0,1.0,43.0,20.0,"['Female', 'Female']",0,0,2,4,5,Dry,Straight,Level,Lowest,No
16270,22,Louisiana,220309,0,3,3,0,5,NOT APPLICABLE,April,14,Friday,17,42,Urban,Medium Speed (Collector),No,30.08711389,-91.03011944,Complex/Circle,Daylight,Clear,Unknown,Unknown,10:00am-10:59am,10,Unknown,Unknown EMS Hospital Arrival Time,1,Daylight,Clear,1,4,['Driver'],['None_Used'],0,0,Valid,0.0,0.0,77.0,17.0,"['Female', 'Female', 'Male']",0,0,3,4,5,Dry,Straight,Level,Lowest,No
16271,22,Louisiana,220310,1,1,1,0,1,BATON ROUGE,March,12,Sunday,20,45,Rural,Low Speed (Local),No,30.40334444,-91.05224167,Non-Intersection,Dark - Not Lighted,Clear,Unknown,Unknown,Unknown EMS Scene Arrival Hour,Unknown EMS Scene Arrival Minutes,Unknown,Unknown EMS Hospital Arrival Time,1,Dark - Unlighted,Clear,0,1,[],[],0,0,Valid,0.0,0.0,22.0,22.0,['Male'],0,0,2,3,4,Dry,Straight,Level,Lowest,No
16272,22,Louisiana,220311,1,1,1,0,1,SHREVEPORT,February,26,Sunday,0,12,Urban,High Speed (Arterial),Yes,32.52411389,-93.78029444,Non-Intersection,Dark - Not Lighted,"Fog, Smog, Smoke",Unknown,Unknown,Unknown EMS Scene Arrival Hour,Unknown EMS Scene Arrival Minutes,Unknown,Unknown EMS Hospital Arrival Time,1,Dark - Unlighted,Reduced Visibility,0,1,[],[],0,0,Invalid,0.0,0.0,999.0,999.0,['Other'],0,0,1,0,4,Dry,Straight,Level,Lowest,No
16273,22,Louisiana,220312,0,2,2,0,3,HAMMOND,June,20,Tuesday,4,21,Urban,High Speed (Arterial),Yes,30.50041389,-90.50370833,Non-Intersection,Dark - Not Lighted,Rain,Unknown,Unknown,Unknown EMS Scene Arrival Hour,Unknown EMS Scene Arrival Minutes,Unknown,Unknown EMS Hospital Arrival Time,1,Dark - Unlighted,Rain/Wind/Minor,1,2,['Driver'],['Shoulder_Lapbelt'],0,0,Valid,0.0,0.0,60.0,33.0,"['Male', 'Male']",0,0,4,4,5,Wet/Standing Water,Curve,Grade/Hillcrest,Lowest,Yes
16274,22,Louisiana,220313,0,1,1,0,1,NOT APPLICABLE,July,9,Sunday,14,15,Urban,High Speed (Arterial),Yes,30.30521944,-89.73795,Non-Intersection,Daylight,Clear,Unknown,Unknown if Notified,Unknown EMS Scene Arrival Hour,Unknown if Arrived,Not Applicable (Not Transported),Not Applicable (Not Transported),1,Daylight,Clear,1,0,['Driver'],['None_Used'],1,1,Valid,0.0,3.0,38.0,38.0,['Male'],1,0,5,4,3,Dry,Curve,Level,Lowest,No
16275,22,Louisiana,220314,1,1,1,0,1,NOT APPLICABLE,July,14,Friday,22,0,Urban,Medium Speed (Collector),No,31.39536389,-92.43945833,Non-Intersection,Dark - Not Lighted,Clear,Unknown,Unknown,Unknown EMS Scene Arrival Hour,Unknown EMS Scene Arrival Minutes,Not Applicable (Not Transported),Not Applicable (Not Transported),1,Dark - Unlighted,Clear,0,1,[],[],0,0,Valid,0.0,0.0,37.0,37.0,['Male'],0,0,3,3,4,Dry,Straight,Level,Lowest,No
16276,22,Louisiana,220315,0,2,2,0,5,BOGALUSA,July,23,Sunday,1,4,Urban,Medium Speed (Collector),No,30.7711,-89.85311667,Non-Intersection,Dark - Lighted,Clear,1:00am-1:59am,21,1:00am-1:59am,22,2:00am-2:59am,6,1,Dark - Lighted,Clear,1,4,['Front_Passenger'],['None_Used'],1,1,Valid,0.0,0.0,28.0,26.0,"['Male', 'Female']",3,0,2,4,5,Wet/Standing Water,Straight,Level,Lowest,No
16277,22,Louisiana,220316,0,1,1,0,1,ASHLAND,July,19,Wednesday,4,59,Rural,Medium Speed (Collector),No,32.12009444,-93.09645278,Non-Intersection,Dark - Lighted,Clear,Unknown,Unknown,Unknown EMS Scene Arrival Hour,Unknown EMS Scene Arrival Minutes,Not Applicable (Not Transported),Not Applicable (Not Transported),1,Dark - Lighted,Clear,1,0,['Driver'],['None_Used'],1,1,Valid,0.0,0.0,39.0,39.0,['Male'],1,0,3,4,3,Dry,Curve,Level,Lowest,No
16278,22,Louisiana,220317,0,2,2,0,3,NOT APPLICABLE,July,9,Sunday,8,27,Urban,High Speed (Arterial),Yes,32.59896111,-93.83759722,Simple Junction,Daylight,Clear,7:00am-7:59am,28,7:00am-7:59am,31,7:00am-7:59am,58,2,Daylight,Clear,2,1,"['Driver', 'Front_Passenger']","['None_Used', 'Shoulder_Lapbelt']",0,0,Valid,0.0,1.0,53.0,28.0,"['Male', 'Female']",2,0,3,4,5,Dry,Straight,Level,Lowest,No
16279,22,Louisiana,220318,0,1,1,0,1,NOT APPLICABLE,May,29,Monday,17,22,Urban,High Speed (Arterial),Yes,30.54078056,-91.136425,Non-Intersection,Daylight,Clear,Unknown,Unknown,Unknown EMS Scene Arrival Hour,Unknown EMS Scene Arrival Minutes,Not Applicable (Not Transported),Not Applicable (Not Transported),1,Daylight,Clear,1,0,['Driver'],['None_Used'],1,1,Valid,0.0,0.0,66.0,66.0,['Male'],1,0,3,4,3,Dry,Curve,Level,Lowest,No
16280,22,Louisiana,220319,0,2,2,0,2,NOT APPLICABLE,May,7,Sunday,22,24,Rural,High Speed (Arterial),Yes,30.1383,-90.78584167,Non-Intersection,Dark - Not Lighted,Clear,Unknown,Unknown,Unknown EMS Scene Arrival Hour,Unknown EMS Scene Arrival Minutes,Unknown,Unknown EMS Hospital Arrival Time,1,Dark - Unlighted,Clear,1,1,['Driver'],['None_Used'],1,2,Valid,0.0,1.0,50.0,26.0,"['Male', 'Female']",0,0,3,4,5,Dry,Straight,Level,Lowest,No
16281,22,Louisiana,220320,1,1,1,0,1,NEW ORLEANS,June,3,Saturday,15,4,Urban,Low Speed (Local),No,29.99414167,-90.09263333,Non-Intersection,Daylight,Clear,2:00pm-2:59pm,6,2:00pm-2:59pm,18,2:00pm-2:59pm,37,1,Daylight,Clear,0,1,[],[],0,0,Valid,0.0,0.0,34.0,34.0,['Female'],0,0,4,3,4,Dry,Straight,Level,Lowest,No
16282,22,Louisiana,220321,0,1,1,0,2,NOT APPLICABLE,May,11,Thursday,13,15,Rural,High Speed (Arterial),Yes,31.27206944,-92.69122222,Complex/Circle,Daylight,Clear,Unknown,Unknown,Unknown EMS Scene Arrival Hour,Unknown EMS Scene Arrival Minutes,Unknown,Unknown EMS Hospital Arrival Time,1,Daylight,Clear,1,1,['Front_Passenger'],['Shoulder_Lapbelt'],0,0,Invalid,1.0,0.0,20.0,20.0,['Male'],0,0,2,4,3,Dry,Straight,Level,Lowest,No
16283,22,Louisiana,220322,0,1,1,0,2,NOT APPLICABLE,July,4,Tuesday,19,41,Rural,Medium Speed (Collector),No,30.64088611,-90.01969167,Non-Intersection,Dusk,Clear,Unknown,Unknown,Unknown EMS Scene Arrival Hour,Unknown if Arrived,Not Applicable (Not Transported),Not Applicable (Not Transported),2,Twilight,Clear,2,0,"['Driver', 'Front_Passenger']","['Shoulder_Lapbelt', 'Shoulder_Lapbelt']",1,1,Valid,0.0,0.0,45.0,45.0,['Male'],2,0,2,4,3,Dry,Curve,Grade/Hillcrest,Lowest,No
16284,22,Louisiana,220323,0,2,2,0,2,NOT APPLICABLE,July,7,Friday,16,40,Rural,Medium Speed (Collector),No,32.13199722,-91.60748056,Non-Intersection,Daylight,Clear,3:00pm-3:59pm,40,3:00pm-3:59pm,52,Not Applicable (Not Transported),Not Applicable (Not Transported),1,Daylight,Clear,1,1,['Driver'],['Shoulder_Lapbelt'],0,0,Invalid,0.0,0.0,57.0,46.0,"['Male', 'Male']",0,0,4,4,5,Dry,Curve,Level,Lowest,No
16285,22,Louisiana,220324,1,1,1,0,1,MORGAN CITY,July,25,Tuesday,22,20,Urban,Medium Speed (Collector),No,29.69373333,-91.18351389,Non-Intersection,Dark - Not Lighted,Clear,Unknown,Unknown,Unknown EMS Scene Arrival Hour,Unknown EMS Scene Arrival Minutes,Unknown,Unknown EMS Hospital Arrival Time,1,Dark - Unlighted,Clear,0,1,[],[],0,0,Valid,0.0,0.0,70.0,70.0,['Male'],0,0,3,2,4,Dry,Straight,Level,Lowest,No
16286,22,Louisiana,220325,0,2,2,0,2,SHREVEPORT,July,26,Wednesday,17,26,Urban,High Speed (Arterial),Yes,32.44865278,-93.72160833,Complex/Circle,Daylight,Clear,Unknown,Unknown,Unknown EMS Scene Arrival Hour,Unknown EMS Scene Arrival Minutes,Unknown,Unknown EMS Hospital Arrival Time,1,Daylight,Clear,1,1,['Driver'],['Shoulder_Lapbelt'],0,0,Valid,0.0,0.0,85.0,24.0,"['Female', 'Female']",0,0,2,4,5,Dry,Straight,Level,Lowest,No
16287,22,Louisiana,220326,0,2,2,0,2,NOT APPLICABLE,June,28,Wednesday,9,24,Urban,Medium Speed (Collector),Yes,29.53567778,-90.35173611,Complex/Circle,Daylight,Clear,Unknown,Unknown,Unknown EMS Scene Arrival Hour,Unknown EMS Scene Arrival Minutes,Unknown,Unknown EMS Hospital Arrival Time,1,Daylight,Clear,1,1,['Driver'],['Shoulder_Lapbelt'],0,0,Valid,0.0,0.0,70.0,44.0,"['Female', 'Male']",0,0,3,4,5,Dry,Straight,Level,Lowest,No
16288,22,Louisiana,220327,0,1,1,0,5,NOT APPLICABLE,July,9,Sunday,16,29,Urban,High Speed (Arterial),Yes,29.69556944,-90.58301667,Non-Intersection,Daylight,Clear,Unknown,Unknown,Unknown EMS Scene Arrival Hour,Unknown EMS Scene Arrival Minutes,Unknown,Unknown EMS Hospital Arrival Time,1,Daylight,Clear,1,4,['Front_Passenger'],['None_Used'],0,0,Invalid,0.0,0.0,14.0,14.0,['Male'],0,0,3,4,3,Dry,Curve,Level,Lowest,Yes
16289,22,Louisiana,220328,0,2,2,0,2,SHREVEPORT,July,17,Monday,18,22,Urban,High Speed (Arterial),Yes,32.56351667,-93.78641944,Non-Intersection,Daylight,Clear,Unknown,Unknown,Unknown EMS Scene Arrival Hour,Unknown EMS Scene Arrival Minutes,Not Applicable (Not Transported),Not Applicable (Not Transported),1,Daylight,Clear,1,1,['Driver'],['None_Used'],0,0,Valid,0.0,0.0,68.0,37.0,"['Male', 'Male']",0,0,3,4,5,Dry,Straight,Grade/Hillcrest,Lowest,Yes
16290,22,Louisiana,220329,1,1,1,0,1,NATCHITOCHES,July,31,Monday,20,47,Rural,Low Speed (Local),No,31.75628889,-93.07893611,Complex/Circle,Dark - Lighted,Clear,Not Applicable (Not Notified),Not Applicable (Not Notified),Not Applicable,Not Applicable,Not Applicable (Not Transported),Not Applicable (Not Transported),1,Dark - Lighted,Clear,0,1,[],[],0,0,Invalid,0.0,0.0,58.0,58.0,['Male'],0,0,3,2,4,Dry,Straight,Level,Lowest,No
16291,22,Louisiana,220330,0,2,2,0,3,GRAND COTEAU,May,21,Sunday,18,26,Urban,High Speed (Arterial),Yes,30.41964167,-92.05421944,Non-Intersection,Daylight,Clear,5:00pm-5:59pm,30,5:00pm-5:59pm,41,Unknown,Unknown EMS Hospital Arrival Time,2,Daylight,Clear,2,1,"['Driver', 'Front_Passenger']","['None_Used', 'Shoulder_Lapbelt']",0,0,Valid,0.0,5.0,67.0,38.0,"['Male', 'Female']",0,0,5,4,5,Dry,Straight,Level,Lowest,No
16292,22,Louisiana,220331,1,1,1,0,1,Not Reported,June,11,Sunday,21,12,Rural,High Speed (Arterial),Yes,30.24619722,-92.93973889,Non-Intersection,Dark - Not Lighted,Clear,8:00pm-8:59pm,11,8:00pm-8:59pm,34,9:00pm-9:59pm,2,1,Dark - Unlighted,Clear,0,1,[],[],0,0,Valid,0.0,0.0,37.0,37.0,['Male'],0,0,3,2,4,Dry,Straight,Level,Lowest,No
16293,22,Louisiana,220332,1,2,2,0,2,Not Reported,June,15,Thursday,21,20,Urban,High Speed (Arterial),Yes,30.51912778,-90.49537222,Non-Intersection,Dark - Not Lighted,Clear,Unknown,Unknown,Unknown EMS Scene Arrival Hour,Unknown EMS Scene Arrival Minutes,Not Applicable (Not Transported),Not Applicable (Not Transported),1,Dark - Unlighted,Clear,0,2,[],[],0,0,Valid,0.0,0.0,18.0,17.0,"['Male', 'Female']",0,0,2,2,4,Dry,Straight,Level,Lowest,No
16294,22,Louisiana,220333,0,2,2,0,2,SHREVEPORT,July,18,Tuesday,16,45,Urban,Low Speed (Local),No,32.40264167,-93.90010278,Non-Intersection,Daylight,Clear,3:00pm-3:59pm,46,3:00pm-3:59pm,48,4:00pm-4:59pm,34,1,Daylight,Clear,1,1,['Driver'],['Shoulder_Lapbelt'],0,0,Valid,0.0,0.0,60.0,58.0,"['Male', 'Male']",0,0,3,4,5,Dry,Straight,Level,Lowest,No
16295,22,Louisiana,220334,0,1,1,0,2,LAKE CHARLES,July,25,Tuesday,3,5,Urban,Medium Speed (Collector),No,30.22736111,-93.18895833,Simple Junction,Dark - Lighted,Clear,Unknown,Unknown,Unknown EMS Scene Arrival Hour,Unknown EMS Scene Arrival Minutes,Unknown,Unknown EMS Hospital Arrival Time,1,Dark - Lighted,Clear,1,1,['Driver'],['None_Used'],0,0,Invalid,0.0,0.0,17.0,17.0,['Male'],2,0,2,4,2,Dry,Straight,Level,Lowest,No
16296,22,Louisiana,220335,1,1,1,0,1,CROWLEY,July,27,Thursday,4,47,Rural,Low Speed (Local),No,30.22328889,-92.36902222,Non-Intersection,Dark - Not Lighted,Clear,Unknown,Unknown,Unknown EMS Scene Arrival Hour,Unknown EMS Scene Arrival Minutes,Not Applicable (Not Transported),Not Applicable (Not Transported),1,Dark - Unlighted,Clear,0,1,[],[],0,0,Valid,0.0,0.0,66.0,66.0,['Male'],0,0,2,2,4,Dry,Straight,Level,Lowest,No
16297,22,Louisiana,220336,1,2,1,1,1,NOT APPLICABLE,July,14,Friday,23,1,Rural,High Speed (Arterial),Yes,31.46629167,-92.80484722,Non-Intersection,Dark - Not Lighted,Clear,Unknown,Unknown,Unknown EMS Scene Arrival Hour,Unknown EMS Scene Arrival Minutes,Not Applicable (Not Transported),Not Applicable (Not Transported),1,Dark - Unlighted,Clear,1,0,['Driver'],['None_Used'],0,0,Valid,0.0,0.0,28.0,28.0,['Male'],0,0,2,4,5,Dry,Straight,Grade/Hillcrest,Lowest,Yes
16298,22,Louisiana,220337,0,1,1,0,2,NOT APPLICABLE,July,24,Monday,14,13,Rural,Low Speed (Local),No,30.58204722,-90.31776389,Non-Intersection,Daylight,Clear,Unknown,Unknown,Unknown EMS Scene Arrival Hour,Unknown EMS Scene Arrival Minutes,Unknown,Unknown EMS Hospital Arrival Time,1,Daylight,Clear,1,1,['Driver'],['None_Used'],0,0,Invalid,0.0,0.0,14.0,14.0,['Male'],2,0,5,4,2,Dry,Curve,Level,Lowest,No
16299,22,Louisiana,220338,1,1,1,0,1,KENNER,August,4,Friday,20,40,Urban,High Speed (Arterial),Yes,29.97964167,-90.24228333,Complex/Circle,Dark - Lighted,Clear,Unknown,Unknown,Unknown EMS Scene Arrival Hour,Unknown EMS Scene Arrival Minutes,Unknown,Unknown EMS Hospital Arrival Time,1,Dark - Lighted,Clear,0,1,[],[],0,0,Valid,0.0,0.0,24.0,24.0,['Male'],0,0,3,3,4,Dry,Straight,Level,Lowest,No
16300,22,Louisiana,220339,0,1,1,0,1,SHREVEPORT,August,6,Sunday,5,0,Rural,Low Speed (Local),No,32.44585556,-93.84209167,Non-Intersection,Reported as Unknown,Clear,5:00pm-5:59pm,53,5:00pm-5:59pm,57,Not Applicable (Not Transported),Not Applicable (Not Transported),1,Dark - Unlighted,Clear,1,0,['Driver'],['Shoulder_Lapbelt'],1,1,Valid,0.0,0.0,56.0,56.0,['Male'],0,0,2,4,3,Dry,Curve,Level,Lowest,No
16301,22,Louisiana,220340,1,1,1,0,1,NOT APPLICABLE,May,1,Monday,1,25,Urban,High Speed (Arterial),Yes,30.10826667,-91.01969722,Non-Intersection,Dark - Lighted,Clear,Unknown,Unknown,Unknown EMS Scene Arrival Hour,Unknown EMS Scene Arrival Minutes,Not Applicable (Not Transported),Not Applicable (Not Transported),1,Dark - Lighted,Clear,0,1,[],[],0,0,Invalid,0.0,0.0,43.0,43.0,['Male'],0,0,3,3,4,Dry,Straight,Level,Lowest,No
16302,22,Louisiana,220341,1,1,1,0,2,NOT APPLICABLE,April,29,Saturday,21,21,Urban,Medium Speed (Collector),No,30.25460278,-90.99160833,Non-Intersection,Other,Clear,Unknown,Unknown,Unknown EMS Scene Arrival Hour,Unknown EMS Scene Arrival Minutes,Unknown,Unknown EMS Hospital Arrival Time,1,Dark - Unlighted,Clear,0,2,[],[],0,0,Valid,0.0,0.0,17.0,17.0,['Female'],0,0,2,3,4,Dry,Straight,Level,Lowest,Yes
16303,22,Louisiana,220342,0,1,1,0,1,NOT APPLICABLE,June,1,Thursday,0,50,Rural,Low Speed (Local),No,30.84070833,-91.71273056,Simple Junction,Dark - Not Lighted,Clear,Unknown,Unknown,Unknown EMS Scene Arrival Hour,Unknown EMS Scene Arrival Minutes,Not Applicable (Not Transported),Not Applicable (Not Transported),1,Dark - Unlighted,Clear,1,0,['Driver'],['None_Used'],1,1,Valid,0.0,0.0,64.0,64.0,['Male'],1,0,3,3,3,Dry,Curve,Level,Lowest,No
16304,22,Louisiana,220343,0,1,1,0,2,MONROE,June,12,Monday,16,29,Rural,Low Speed (Local),No,32.50094167,-92.10621667,Non-Intersection,Daylight,Clear,Unknown,Unknown,Unknown EMS Scene Arrival Hour,Unknown EMS Scene Arrival Minutes,Unknown,Unknown EMS Hospital Arrival Time,1,Daylight,Clear,1,1,['Driver'],['Shoulder_Lapbelt'],1,1,Valid,0.0,0.0,47.0,47.0,['Male'],2,0,3,4,3,Dry,Straight,Level,Lowest,No
16305,22,Louisiana,220344,0,1,1,0,1,NOT APPLICABLE,June,24,Saturday,18,47,Rural,Medium Speed (Collector),No,32.68144722,-93.53950278,Non-Intersection,Dusk,Clear,5:00pm-5:59pm,56,6:00pm-6:59pm,11,Not Applicable (Not Transported),Not Applicable (Not Transported),1,Twilight,Clear,1,0,['Driver'],['None_Used'],1,1,Valid,0.0,0.0,80.0,80.0,['Male'],1,0,2,4,3,Dry,Curve,Level,Lowest,No
16306,22,Louisiana,220345,1,3,2,1,3,NOT APPLICABLE,July,8,Saturday,15,8,Urban,High Speed (Arterial),Yes,30.45428333,-90.16553889,Non-Intersection,Daylight,Rain,Unknown,Unknown,Unknown EMS Scene Arrival Hour,Unknown EMS Scene Arrival Minutes,Not Applicable (Not Transported),Not Applicable (Not Transported),1,Daylight,Rain/Wind/Minor,1,2,['Driver'],['Shoulder_Lapbelt'],0,0,Valid,0.0,0.0,37.0,18.0,"['Male', 'Male']",0,0,3,4,5,Wet/Standing Water,Straight,Level,Lowest,No
16307,22,Louisiana,220346,0,1,1,0,1,NEW ORLEANS,July,14,Friday,15,31,Urban,High Speed (Arterial),Yes,30.02005,-90.0137,Non-Intersection,Daylight,Clear,Unknown,Unknown,Unknown EMS Scene Arrival Hour,Unknown EMS Scene Arrival Minutes,Not Applicable (Not Transported),Not Applicable (Not Transported),1,Daylight,Clear,1,0,['Driver'],['None_Used'],0,0,Valid,0.0,0.0,52.0,52.0,['Male'],0,0,5,4,2,Dry,Straight,Grade/Hillcrest,Lowest,No
16308,22,Louisiana,220347,0,1,1,0,1,MINDEN,August,5,Saturday,17,24,Urban,High Speed (Arterial),Yes,32.58911389,-93.29096111,Non-Intersection,Daylight,Clear,5:00pm-5:59pm,27,5:00pm-5:59pm,38,Not Applicable (Not Transported),Not Applicable (Not Transported),1,Daylight,Clear,1,0,['Driver'],['None_Used'],1,1,Valid,1.0,1.0,23.0,23.0,['Female'],0,0,3,4,3,Dry,Straight,Level,Lowest,No
16309,22,Louisiana,220348,1,1,1,0,1,Not Reported,June,21,Wednesday,5,23,Rural,High Speed (Arterial),Yes,30.37523333,-91.16209167,Non-Intersection,Dark - Not Lighted,Clear,Unknown,Unknown,Unknown EMS Scene Arrival Hour,Unknown EMS Scene Arrival Minutes,Not Applicable (Not Transported),Not Applicable (Not Transported),1,Dark - Unlighted,Clear,0,1,[],[],0,0,Valid,0.0,0.0,35.0,35.0,['Male'],0,0,2,3,4,Dry,Straight,Level,Lowest,No
16310,22,Louisiana,220349,1,1,1,0,1,Not Reported,June,27,Tuesday,5,22,Rural,Low Speed (Local),No,31.46095278,-92.411725,Non-Intersection,Dark - Not Lighted,Clear,Unknown,Unknown,Unknown EMS Scene Arrival Hour,Unknown EMS Scene Arrival Minutes,Not Applicable (Not Transported),Not Applicable (Not Transported),1,Dark - Unlighted,Clear,0,1,[],[],0,0,Valid,0.0,0.0,48.0,48.0,['Male'],0,0,3,3,4,Dry,Straight,Grade/Hillcrest,Lowest,No
16311,22,Louisiana,220350,0,1,1,0,1,Not Reported,June,30,Friday,21,30,Rural,High Speed (Arterial),Yes,32.13624167,-93.62349167,Non-Intersection,Dark - Not Lighted,Clear,Unknown,Unknown,Unknown EMS Scene Arrival Hour,Unknown EMS Scene Arrival Minutes,Not Applicable (Not Transported),Not Applicable (Not Transported),1,Dark - Unlighted,Clear,1,0,['Driver'],['None_Used'],1,1,Valid,0.0,0.0,33.0,33.0,['Male'],1,0,2,4,3,Dry,Straight,Level,Lowest,No
16312,22,Louisiana,220351,0,1,1,0,1,Not Reported,July,1,Saturday,22,21,Rural,Medium Speed (Collector),No,30.26913611,-90.73418889,Non-Intersection,Dark - Not Lighted,Clear,Unknown,Unknown,Unknown EMS Scene Arrival Hour,Unknown EMS Scene Arrival Minutes,Not Applicable (Not Transported),Not Applicable (Not Transported),1,Dark - Unlighted,Clear,1,0,['Driver'],['None_Used'],0,0,Valid,0.0,0.0,37.0,37.0,['Female'],0,0,2,4,4,Dry,Curve,Level,Lowest,No
16313,22,Louisiana,220352,0,2,2,0,2,Not Reported,July,6,Thursday,4,20,Rural,Medium Speed (Collector),No,30.70812778,-90.76404722,Non-Intersection,Dark - Not Lighted,"Fog, Smog, Smoke",Unknown,Unknown,Unknown EMS Scene Arrival Hour,Unknown EMS Scene Arrival Minutes,Unknown,Unknown EMS Hospital Arrival Time,1,Dark - Unlighted,Reduced Visibility,1,1,['Driver'],['None_Used'],1,1,Valid,0.0,0.0,32.0,28.0,"['Male', 'Male']",0,0,4,4,5,Dry,Straight,Level,Lowest,No
16314,22,Louisiana,220353,0,3,3,0,3,Not Reported,July,20,Thursday,8,32,Rural,Medium Speed (Collector),No,29.97100278,-91.99376111,Non-Intersection,Daylight,Clear,Unknown,Unknown,Unknown EMS Scene Arrival Hour,Unknown EMS Scene Arrival Minutes,Not Applicable (Not Transported),Not Applicable (Not Transported),1,Daylight,Clear,1,2,['Driver'],['None_Used'],0,0,Valid,0.0,0.0,67.0,19.0,"['Male', 'Male', 'Male']",0,0,3,4,5,Dry,Straight,Level,Lowest,No
16315,22,Louisiana,220354,0,1,1,0,2,Not Reported,July,8,Saturday,22,57,Rural,Medium Speed (Collector),No,30.96755833,-93.00355278,Non-Intersection,Dark - Not Lighted,Cloudy,10:00pm-10:59pm,37,11:00pm-11:59pm,16,11:00pm-11:59pm,59,1,Dark - Unlighted,Reduced Visibility,1,1,['Front_Passenger'],['None_Used'],1,1,Valid,0.0,0.0,28.0,28.0,['Male'],2,0,3,4,3,Dry,Straight,Level,Lowest,No
16316,22,Louisiana,220356,0,1,1,0,1,SHREVEPORT,August,18,Friday,5,0,Rural,Low Speed (Local),No,32.500025,-93.79726667,Complex/Circle,Dark - Not Lighted,Clear,6:00am-6:59am,7,6:00am-6:59am,14,Not Applicable (Not Transported),Not Applicable (Not Transported),1,Dark - Unlighted,Clear,1,0,['Driver'],['None_Used'],1,1,Valid,0.0,0.0,24.0,24.0,['Male'],0,0,3,4,3,Dry,Straight,Grade/Hillcrest,Lowest,No
16317,22,Louisiana,220357,0,2,2,0,4,NEW ORLEANS,August,8,Tuesday,20,43,Urban,High Speed (Arterial),Yes,30.01596944,-89.97871389,Simple Junction,Dark - Lighted,Clear,Unknown,Unknown,Unknown EMS Scene Arrival Hour,Unknown EMS Scene Arrival Minutes,Not Applicable (Not Transported),Not Applicable (Not Transported),1,Dark - Lighted,Clear,1,3,['Driver'],['None_Used'],0,0,Invalid,0.0,0.0,39.0,26.0,"['Male', 'Female']",1,0,5,4,5,Dry,Straight,Level,Lowest,Yes
16318,22,Louisiana,220358,0,1,1,0,1,NEW ORLEANS,August,13,Sunday,1,33,Urban,High Speed (Arterial),Yes,30.02439444,-90.013375,Non-Intersection,Dark - Unknown Lighting,Clear,Unknown,Unknown,Unknown EMS Scene Arrival Hour,Unknown EMS Scene Arrival Minutes,Not Applicable (Not Transported),Not Applicable (Not Transported),1,Dark - Unlighted,Clear,1,0,['Driver'],['None_Used'],1,1,Invalid,0.0,0.0,45.0,45.0,['Male'],1,0,3,4,3,Dry,Curve,Level,Lowest,No
16319,22,Louisiana,220359,0,1,1,0,1,NOT APPLICABLE,August,11,Friday,20,22,Rural,Low Speed (Local),No,31.319075,-92.297,Non-Intersection,Dark - Not Lighted,Clear,Unknown,Unknown,Unknown EMS Scene Arrival Hour,Unknown EMS Scene Arrival Minutes,Not Applicable (Not Transported),Not Applicable (Not Transported),1,Dark - Unlighted,Clear,1,0,['Driver'],['None_Used'],1,1,Valid,0.0,0.0,59.0,59.0,['Male'],0,0,5,4,3,Dry,Curve,Level,Lowest,No
16320,22,Louisiana,220360,1,1,1,0,2,NOT APPLICABLE,July,12,Wednesday,20,46,Rural,Low Speed (Local),No,30.38911111,-91.06189167,Simple Junction,Dark - Not Lighted,Clear,7:00pm-7:59pm,46,7:00pm-7:59pm,50,8:00pm-8:59pm,27,1,Dark - Unlighted,Clear,0,2,[],[],0,0,Valid,0.0,0.0,32.0,32.0,['Female'],0,0,3,2,4,Dry,Straight,Level,Lowest,No