,State_Code,State_Name,Crash_ID,Count_Non_Motorists,Count_Vehicles_Total,Count_Vehicle_Forms,Count_PVH_Involved,Count_Occupants_MV,City_Name,Month_Name,Day_of_Month,Day_of_Week,Crash_Hour,Crash_Minute,Area_Rural_Urban,Road_Functional_Class,On_NHS_Road,Latitude,Longitude,Intersection_Type,Light_Condition,Weather_Condition,Notif_Hour,Notif_Minute,Arrival_Hour,Arrival_Minute,Hospital_Hour,Hospital_Minute,Fatalities_Count,Clean_Light_Condition,Clean_Weather_Condition,Total_Killed,Total_Alive,Fatal_Seats_List,Killed_Restraint_List,Any_Driver_Drinking,Total_Drinking_Drivers,Driver_License_Category,Driver_Max_Prev_Accident_Count,Driver_Max_Prev_Speeding_Count,Max_Driver_Age,Min_Driver_Age,Driver_Sex_List,Total_Exceeding_Limit_Vehicles,Total_Too_Fast_Vehicles,Max_Vehicle_Type_Severity_5,Max_Vehicle_Damage_Rank,Max_Harmful_Event_Severity,Crash_Road_Surface_Condition,Crash_Horizontal_Alignment,Crash_Vertical_Profile,Crash_Impairment_Category,Crash_Vehicle_Defect
16321,22,Louisiana,220362,0,1,1,0,1,NOT APPLICABLE,August,13,Sunday,1,0,Rural,High Speed (Arterial),Yes,30.439575,-91.363775,Non-Intersection,Dark - Not Lighted,Clear,Not Applicable (Not Notified),Not Applicable (Not Notified),Not Applicable,Not Applicable,Not Applicable (Not Transported),Not Applicable (Not Transported),1,Dark - Unlighted,Clear,1,0,['Driver'],['Shoulder_Lapbelt'],0,0,Valid,0.0,0.0,53.0,53.0,['Male'],0,0,3,4,3,Dry,Straight,Level,Lowest,No
16322,22,Louisiana,220363,0,2,2,0,5,NOT APPLICABLE,August,3,Thursday,11,55,Rural,Medium Speed (Collector),No,32.82273056,-92.41053333,Non-Intersection,Daylight,Clear,11:00am-11:59am,54,12:00pm-12:59pm,8,12:00pm-12:59pm,31,1,Daylight,Clear,1,4,['Rear_Seat'],['Shoulder_Lapbelt'],0,0,Valid,0.0,0.0,26.0,18.0,"['Male', 'Male']",0,0,4,4,5,Dry,Straight,Level,Lowest,No
16323,22,Louisiana,220364,0,2,2,0,3,NEW ROADS,February,21,Tuesday,16,30,Urban,Low Speed (Local),No,30.69790833,-91.42763889,Simple Junction,Daylight,Clear,4:00pm-4:59pm,35,4:00pm-4:59pm,43,5:00pm-5:59pm,59,1,Daylight,Clear,1,2,['Driver'],['None_Used'],1,1,Valid,0.0,0.0,72.0,42.0,"['Male', 'Female']",0,0,2,4,5,Dry,Straight,Level,Lowest,No
16324,22,Louisiana,220365,0,2,2,0,2,Not Reported,August,2,Wednesday,4,30,Rural,Medium Speed (Collector),No,32.28584444,-92.74874167,Non-Intersection,Dark - Not Lighted,Clear,3:00am-3:59am,30,3:00am-3:59am,33,Not Applicable (Not Transported),Not Applicable (Not Transported),1,Dark - Unlighted,Clear,1,1,['Driver'],['None_Used'],1,1,Invalid,0.0,0.0,58.0,43.0,"['Male', 'Male']",0,0,4,4,5,Dry,Straight,Level,Lowest,No
16325,22,Louisiana,220366,0,1,1,0,1,Not Reported,June,6,Tuesday,21,23,Rural,Medium Speed (Collector),No,30.87678611,-90.98732222,Non-Intersection,Dark - Not Lighted,Clear,8:00pm-8:59pm,27,8:00pm-8:59pm,36,Not Applicable (Not Transported),Not Applicable (Not Transported),1,Dark - Unlighted,Clear,1,0,['Driver'],['Shoulder_Lapbelt'],0,0,Valid,0.0,0.0,16.0,16.0,['Male'],1,0,2,4,3,Dry,Straight,Level,Lowest,No
16326,22,Louisiana,220367,0,1,1,0,1,Not Reported,June,23,Friday,0,28,Rural,Low Speed (Local),No,30.77976111,-90.41756111,Simple Junction,Dark - Not Lighted,Clear,Unknown,Unknown,Unknown EMS Scene Arrival Hour,Unknown EMS Scene Arrival Minutes,Not Applicable (Not Transported),Not Applicable (Not Transported),1,Dark - Unlighted,Clear,1,0,['Driver'],['None_Used'],1,1,Valid,0.0,2.0,21.0,21.0,['Male'],1,0,3,4,3,Dry,Straight,Level,Lowest,No
16327,22,Louisiana,220368,0,1,1,0,1,LAKE CHARLES,June,23,Friday,19,5,Urban,High Speed (Arterial),Yes,30.24659167,-93.18057222,Non-Intersection,Daylight,Clear,Unknown,Unknown,Unknown EMS Scene Arrival Hour,Unknown EMS Scene Arrival Minutes,Not Applicable (Not Transported),Not Applicable (Not Transported),1,Daylight,Clear,1,0,['Driver'],['None_Used'],1,1,Valid,0.0,0.0,40.0,40.0,['Male'],1,0,3,4,3,Dry,Curve,Level,Lowest,No
16328,22,Louisiana,220369,1,1,1,0,1,Not Reported,July,13,Thursday,1,37,Rural,High Speed (Arterial),Yes,29.69528889,-90.96079167,Non-Intersection,Dark - Not Lighted,Clear,Unknown,Unknown,Unknown EMS Scene Arrival Hour,Unknown EMS Scene Arrival Minutes,Unknown,Unknown EMS Hospital Arrival Time,1,Dark - Unlighted,Clear,0,1,[],[],0,0,Invalid,0.0,0.0,999.0,999.0,['Other'],0,0,1,0,4,Dry,Straight,Grade/Hillcrest,Lowest,No
16329,22,Louisiana,220370,0,2,2,0,4,Not Reported,July,28,Friday,3,50,Rural,High Speed (Arterial),Yes,30.48183056,-90.29839444,Non-Intersection,Dark - Not Lighted,Clear,Unknown,Unknown,Unknown EMS Scene Arrival Hour,Unknown EMS Scene Arrival Minutes,Unknown,Unknown EMS Hospital Arrival Time,2,Dark - Unlighted,Clear,2,2,"['Driver', 'Front_Passenger']","['None_Used', 'None_Used']",1,1,Valid,0.0,0.0,45.0,22.0,"['Male', 'Male']",3,0,4,4,5,Dry,Straight,Level,Lowest,No
16330,22,Louisiana,220371,0,1,1,0,1,NEW ORLEANS,August,2,Wednesday,6,5,Urban,High Speed (Arterial),Yes,30.04131667,-89.96915,Non-Intersection,Dark - Lighted,Clear,Unknown,Unknown,Unknown EMS Scene Arrival Hour,Unknown EMS Scene Arrival Minutes,Not Applicable (Not Transported),Not Applicable (Not Transported),1,Dark - Lighted,Clear,1,0,['Driver'],['None_Used'],0,0,Invalid,0.0,0.0,31.0,31.0,['Female'],0,0,2,4,3,Dry,Straight,Level,Lowest,No
16331,22,Louisiana,220372,0,2,2,0,2,Not Reported,August,10,Thursday,9,15,Rural,Medium Speed (Collector),No,32.30108889,-91.54497222,Complex/Circle,Daylight,Clear,8:00am-8:59am,22,8:00am-8:59am,35,Not Applicable (Not Transported),Not Applicable (Not Transported),1,Daylight,Clear,1,1,['Driver'],['Shoulder_Lapbelt'],0,0,Valid,0.0,0.0,62.0,61.0,"['Female', 'Male']",0,0,3,4,5,Dry,Straight,Level,Lowest,No
16332,22,Louisiana,220373,0,2,2,0,4,NOT APPLICABLE,April,19,Wednesday,6,50,Rural,High Speed (Arterial),Yes,30.83921667,-93.37793056,Simple Junction,Daylight,Clear,5:00am-5:59am,53,6:00am-6:59am,4,7:00am-7:59am,22,1,Daylight,Clear,1,3,['Driver'],['None_Used'],0,0,Valid,0.0,1.0,59.0,27.0,"['Female', 'Male']",0,0,5,4,5,Dry,Straight,Level,Lowest,No
16333,22,Louisiana,220374,0,2,2,0,3,NOT APPLICABLE,June,28,Wednesday,14,10,Rural,Medium Speed (Collector),No,32.07848611,-93.69636389,Non-Intersection,Daylight,Clear,Unknown,Unknown,Unknown EMS Scene Arrival Hour,Unknown EMS Scene Arrival Minutes,Unknown,Unknown EMS Hospital Arrival Time,1,Daylight,Clear,1,2,['Driver'],['Shoulder_Lapbelt'],0,0,Valid,0.0,1.0,84.0,72.0,"['Female', 'Female']",1,0,3,4,5,Dry,Curve,Level,Lowest,No
16334,22,Louisiana,220375,0,2,2,0,2,NOT APPLICABLE,August,5,Saturday,6,9,Urban,Medium Speed (Collector),No,30.33078611,-91.84958333,Non-Intersection,Dawn,Clear,5:00am-5:59am,5,5:00am-5:59am,19,5:00am-5:59am,57,1,Twilight,Clear,1,1,['Driver'],['None_Used'],0,0,Invalid,0.0,0.0,60.0,36.0,"['Female', 'Female']",0,0,3,4,5,Dry,Curve,Level,Lowest,No
16335,22,Louisiana,220376,0,2,2,0,4,NOT APPLICABLE,August,6,Sunday,3,25,Urban,High Speed (Arterial),Yes,30.3721,-92.05069167,Non-Intersection,Dark - Not Lighted,Clear,2:00am-2:59am,28,2:00am-2:59am,39,Not Applicable (Not Transported),Not Applicable (Not Transported),2,Dark - Unlighted,Clear,2,2,"['Driver', 'Front_Passenger']","['Shoulder_Lapbelt', 'None_Used']",1,1,Valid,0.0,0.0,28.0,16.0,"['Male', 'Male']",0,0,4,4,5,Dry,Straight,Level,Lowest,No
16336,22,Louisiana,220377,1,1,1,0,1,SLIDELL,August,6,Sunday,20,25,Urban,High Speed (Arterial),Yes,30.29394444,-89.79902222,Complex/Circle,Dark - Not Lighted,Clear,Unknown,Unknown,Unknown EMS Scene Arrival Hour,Unknown EMS Scene Arrival Minutes,Not Applicable (Not Transported),Not Applicable (Not Transported),1,Dark - Unlighted,Clear,0,1,[],[],0,0,Invalid,0.0,0.0,17.0,17.0,['Male'],0,0,3,3,4,Dry,Straight,Level,Lowest,No
16337,22,Louisiana,220378,0,1,1,0,2,NOT APPLICABLE,August,7,Monday,2,45,Urban,Medium Speed (Collector),No,29.94555556,-91.70494722,Non-Intersection,Dark - Not Lighted,Clear,Unknown,Unknown,Unknown EMS Scene Arrival Hour,Unknown EMS Scene Arrival Minutes,Not Applicable (Not Transported),Not Applicable (Not Transported),2,Dark - Unlighted,Clear,2,0,"['Front_Passenger', 'Front_Passenger']","['None_Used', 'None_Used']",0,0,Valid,0.0,0.0,49.0,34.0,Other,0,0,3,4,3,Dry,Straight,Level,Lowest,No
16338,22,Louisiana,220379,0,1,1,0,3,SCOTT,August,8,Tuesday,21,2,Urban,Medium Speed (Collector),No,30.26194167,-92.10833056,Non-Intersection,Dark - Not Lighted,Clear,8:00pm-8:59pm,3,8:00pm-8:59pm,7,8:00pm-8:59pm,26,1,Dark - Unlighted,Clear,1,2,['Front_Passenger'],['None_Used'],1,1,Valid,0.0,0.0,23.0,23.0,['Male'],3,0,3,4,3,Dry,Curve,Level,Lowest,No
16339,22,Louisiana,220380,0,2,2,0,2,NEW ORLEANS,August,11,Friday,5,30,Rural,Low Speed (Local),No,30.0103,-89.96370556,Non-Intersection,Dark - Not Lighted,Clear,Unknown,Unknown,Unknown EMS Scene Arrival Hour,Unknown EMS Scene Arrival Minutes,Not Applicable (Not Transported),Not Applicable (Not Transported),1,Dark - Unlighted,Clear,1,1,['Driver'],['Shoulder_Lapbelt'],1,1,Valid,0.0,0.0,34.0,23.0,"['Male', 'Male']",2,0,3,4,3,Dry,Straight,Level,Lowest,No
16340,22,Louisiana,220381,1,1,1,0,1,NEW ORLEANS,August,20,Sunday,9,0,Urban,High Speed (Arterial),Yes,30.02061111,-90.01371667,Non-Intersection,Reported as Unknown,Clear,Unknown,Unknown,Unknown EMS Scene Arrival Hour,Unknown EMS Scene Arrival Minutes,Not Applicable (Not Transported),Not Applicable (Not Transported),1,Dark - Unlighted,Clear,0,1,[],[],0,0,Invalid,0.0,0.0,999.0,999.0,['Other'],0,0,1,0,4,Dry,Straight,Grade/Hillcrest,Lowest,No
16341,22,Louisiana,220382,0,1,1,0,1,NOT APPLICABLE,August,2,Wednesday,22,33,Rural,Low Speed (Local),No,32.57180833,-92.34256944,Non-Intersection,Dark - Not Lighted,Clear,Unknown,Unknown,Unknown EMS Scene Arrival Hour,Unknown EMS Scene Arrival Minutes,Not Applicable (Not Transported),Not Applicable (Not Transported),1,Dark - Unlighted,Clear,1,0,['Driver'],['None_Used'],1,1,Invalid,0.0,0.0,56.0,56.0,['Male'],1,0,5,4,3,Dry,Curve,Grade/Hillcrest,Lowest,No
16342,22,Louisiana,220383,1,1,1,0,2,NEW IBERIA,May,1,Monday,0,16,Urban,Medium Speed (Collector),No,29.98768611,-91.837225,Non-Intersection,Dark - Not Lighted,Clear,0:00am-0:59am,37,Unknown EMS Scene Arrival Hour,Unknown EMS Scene Arrival Minutes,Not Applicable (Not Transported),Not Applicable (Not Transported),1,Dark - Unlighted,Clear,0,2,[],[],0,0,Invalid,0.0,0.0,36.0,36.0,['Female'],2,0,2,3,4,Dry,Straight,Level,Lowest,No
16343,22,Louisiana,220384,0,1,1,0,1,NOT APPLICABLE,July,8,Saturday,6,10,Urban,Medium Speed (Collector),No,29.84573056,-90.11966667,Non-Intersection,Dawn,Clear,Unknown,Unknown,Unknown EMS Scene Arrival Hour,Unknown EMS Scene Arrival Minutes,Not Applicable (Not Transported),Not Applicable (Not Transported),1,Twilight,Clear,1,0,['Driver'],['None_Used'],1,1,Valid,0.0,0.0,30.0,30.0,['Male'],1,0,5,4,2,Dry,Curve,Level,Lowest,No
16344,22,Louisiana,220385,0,1,1,0,1,NOT APPLICABLE,July,12,Wednesday,7,58,Rural,Medium Speed (Collector),No,29.83876111,-90.10195,Non-Intersection,Daylight,Clear,Unknown,Unknown,Unknown EMS Scene Arrival Hour,Unknown EMS Scene Arrival Minutes,Not Applicable (Not Transported),Not Applicable (Not Transported),1,Daylight,Clear,1,0,['Driver'],['None_Used'],0,0,Invalid,0.0,0.0,26.0,26.0,['Male'],0,0,2,4,3,Dry,Straight,Level,Medium,No
16345,22,Louisiana,220386,0,1,1,0,2,NOT APPLICABLE,July,20,Thursday,23,50,Rural,Low Speed (Local),No,31.07086944,-91.93876944,Non-Intersection,Dark - Not Lighted,Clear,11:00pm-11:59pm,25,11:00pm-11:59pm,58,0:00am-0:59am,25,1,Dark - Unlighted,Clear,1,1,['Front_Passenger'],['None_Used'],1,1,Valid,0.0,0.0,19.0,19.0,['Male'],2,0,2,4,3,Dry,Curve,Level,Lowest,No
16346,22,Louisiana,220387,0,1,1,0,6,NOT APPLICABLE,July,29,Saturday,4,6,Rural,Low Speed (Local),No,30.05101667,-92.47078611,Non-Intersection,Dark - Not Lighted,Clear,3:00am-3:59am,5,3:00am-3:59am,27,4:00am-4:59am,19,1,Dark - Unlighted,Clear,1,5,['Front_Passenger'],['None_Used'],1,1,Invalid,0.0,1.0,22.0,22.0,['Male'],6,0,3,4,3,Dry,Curve,Grade/Hillcrest,Lowest,No
16347,22,Louisiana,220388,0,1,1,0,1,NOT APPLICABLE,August,1,Tuesday,12,46,Rural,High Speed (Arterial),Yes,31.49686667,-93.62636389,Non-Intersection,Daylight,Clear,11:00am-11:59am,28,11:00am-11:59am,39,Not Applicable (Not Transported),Not Applicable (Not Transported),1,Daylight,Clear,1,0,['Driver'],['Shoulder_Lapbelt'],0,0,Valid,0.0,0.0,46.0,46.0,['Male'],0,0,3,4,3,Dry,Straight,Level,Lowest,No
16348,22,Louisiana,220389,0,2,2,0,2,Not Reported,August,4,Friday,17,24,Rural,High Speed (Arterial),Yes,30.24751667,-93.04218333,Non-Intersection,Daylight,Clear,4:00pm-4:59pm,38,5:00pm-5:59pm,4,5:00pm-5:59pm,47,1,Daylight,Clear,1,1,['Driver'],['None_Used'],0,0,Valid,0.0,0.0,999.0,46.0,"['Male', 'Other']",1,0,5,4,5,Dry,Straight,Level,Lowest,No
16349,22,Louisiana,220390,0,1,1,0,3,Not Reported,August,10,Thursday,10,51,Urban,Medium Speed (Collector),No,30.05454722,-90.55594722,Non-Intersection,Daylight,Clear,9:00am-9:59am,57,10:00am-10:59am,24,10:00am-10:59am,54,1,Daylight,Clear,1,2,['Rear_Seat'],['None_Used'],1,1,Valid,0.0,0.0,66.0,66.0,['Male'],3,0,3,4,3,Dry,Curve,Level,Lowest,No
16350,22,Louisiana,220391,0,2,2,0,5,Not Reported,August,14,Monday,7,30,Rural,Medium Speed (Collector),Yes,32.5005,-91.75699444,Complex/Circle,Daylight,Clear,6:00am-6:59am,34,6:00am-6:59am,38,7:00am-7:59am,2,2,Daylight,Clear,2,3,"['Rear_Seat', 'Rear_Seat']","['Shoulder_Lapbelt', 'Child_Safety']",0,0,Valid,0.0,0.0,70.0,43.0,"['Male', 'Female']",0,0,4,4,5,Dry,Straight,Level,Lowest,No
16351,22,Louisiana,220392,0,1,1,0,2,Not Reported,August,19,Saturday,18,58,Rural,Low Speed (Local),No,30.59481389,-89.97668611,Non-Intersection,Dusk,Clear,Unknown,Unknown,Unknown EMS Scene Arrival Hour,Unknown EMS Scene Arrival Minutes,Unknown,Unknown EMS Hospital Arrival Time,1,Twilight,Clear,1,1,['Driver'],['None_Used'],0,0,Invalid,0.0,0.0,12.0,12.0,['Female'],0,0,5,4,3,Dry,Straight,Grade/Hillcrest,Lowest,No
16352,22,Louisiana,220393,0,1,1,0,1,Not Reported,August,26,Saturday,4,48,Rural,Medium Speed (Collector),No,31.33200278,-92.67693056,Non-Intersection,Dark - Lighted,Clear,Unknown,Unknown,Unknown EMS Scene Arrival Hour,Unknown EMS Scene Arrival Minutes,Not Applicable (Not Transported),Not Applicable (Not Transported),1,Dark - Lighted,Clear,1,0,['Driver'],['None_Used'],0,0,Valid,0.0,0.0,61.0,61.0,['Male'],0,0,3,4,3,Dry,Curve,Level,Lowest,No
16353,22,Louisiana,220394,2,2,1,1,1,BOSSIER CITY,August,29,Tuesday,16,20,Urban,Low Speed (Local),No,32.485875,-93.68778056,Non-Intersection,Daylight,Clear,3:00pm-3:59pm,22,3:00pm-3:59pm,27,3:00pm-3:59pm,56,1,Daylight,Clear,0,1,[],[],0,0,Valid,0.0,0.0,55.0,55.0,['Male'],0,0,3,2,4,Dry,Straight,Level,Lowest,No
16354,22,Louisiana,220395,0,2,2,0,2,Not Reported,August,30,Wednesday,18,16,Rural,Low Speed (Local),No,30.32369444,-93.49856111,Non-Intersection,Daylight,Clear,Unknown,Unknown,Unknown EMS Scene Arrival Hour,Unknown EMS Scene Arrival Minutes,Not Applicable (Not Transported),Not Applicable (Not Transported),1,Daylight,Clear,1,1,['Driver'],['Shoulder_Lapbelt'],1,1,Valid,0.0,0.0,65.0,39.0,"['Female', 'Male']",0,0,3,4,5,Dry,Curve,Level,Lowest,No
16355,22,Louisiana,220396,0,5,5,0,9,NEW ORLEANS,April,30,Sunday,2,35,Urban,High Speed (Arterial),Yes,88.8888,888.8888,Non-Intersection,Dark - Lighted,Clear,Unknown,Unknown,Unknown EMS Scene Arrival Hour,Unknown EMS Scene Arrival Minutes,Unknown,Unknown EMS Hospital Arrival Time,1,Dark - Lighted,Clear,1,8,['Driver'],['Shoulder_Lapbelt'],1,2,Valid,0.0,1.0,999.0,19.0,"['Male', 'Other', 'Male', 'Male', 'Male']",0,0,3,4,5,Dry,Straight,Grade/Hillcrest,Lowest,No
16356,22,Louisiana,220397,0,1,1,0,1,GARYVILLE,June,20,Tuesday,21,35,Urban,Medium Speed (Collector),No,30.05065278,-90.53890833,Non-Intersection,Dark - Not Lighted,Cloudy,Unknown,Unknown if Notified,Unknown EMS Scene Arrival Hour,Unknown if Arrived,Not Applicable (Not Transported),Not Applicable (Not Transported),1,Dark - Unlighted,Reduced Visibility,1,0,['Driver'],['None_Used'],1,1,Invalid,0.0,0.0,56.0,56.0,['Male'],1,0,3,4,3,Dry,Curve,Level,Lowest,No
16357,22,Louisiana,220398,0,1,1,0,1,NOT APPLICABLE,June,25,Sunday,12,30,Urban,High Speed (Arterial),Yes,30.11657778,-91.04521944,Non-Intersection,Daylight,Clear,Unknown,Unknown,Unknown EMS Scene Arrival Hour,Unknown EMS Scene Arrival Minutes,Unknown,Unknown EMS Hospital Arrival Time,1,Daylight,Clear,1,0,['Driver'],['None_Used'],0,0,Valid,0.0,0.0,47.0,47.0,['Female'],0,0,5,4,3,Dry,Straight,Level,Lowest,No
16358,22,Louisiana,220399,0,2,2,0,3,NOT APPLICABLE,June,29,Thursday,15,45,Rural,Medium Speed (Collector),No,30.41075,-91.50629167,Non-Intersection,Daylight,Clear,Unknown,Unknown,Unknown EMS Scene Arrival Hour,Unknown EMS Scene Arrival Minutes,Not Applicable (Not Transported),Not Applicable (Not Transported),1,Daylight,Clear,1,2,['Driver'],['None_Used'],0,0,Valid,0.0,0.0,66.0,49.0,"['Male', 'Female']",0,0,5,4,5,Dry,Curve,Level,Lowest,No
16359,22,Louisiana,220400,0,1,1,0,2,NEW ORLEANS,July,29,Saturday,15,30,Urban,High Speed (Arterial),Yes,29.93823889,-90.06766944,Non-Intersection,Daylight,Cloudy,Unknown,Unknown,Unknown EMS Scene Arrival Hour,Unknown EMS Scene Arrival Minutes,Unknown,Unknown EMS Hospital Arrival Time,1,Daylight,Reduced Visibility,1,1,['Front_Passenger'],['None_Used'],0,0,Valid,0.0,0.0,74.0,74.0,['Male'],0,0,2,4,3,Dry,Curve,Grade/Hillcrest,Lowest,No
16360,22,Louisiana,220401,0,2,2,0,3,NOT APPLICABLE,August,21,Monday,3,30,Rural,Medium Speed (Collector),No,32.54080833,-92.35615833,Non-Intersection,Dark - Not Lighted,Clear,Unknown,Unknown,Unknown EMS Scene Arrival Hour,Unknown EMS Scene Arrival Minutes,Unknown,Unknown EMS Hospital Arrival Time,1,Dark - Unlighted,Clear,1,2,['Front_Passenger'],['Shoulder_Lapbelt'],0,0,Valid,0.0,2.0,60.0,40.0,"['Female', 'Male']",0,0,3,4,5,Dry,Curve,Level,Lowest,No
16361,22,Louisiana,220402,1,1,1,0,1,LAKE CHARLES,September,5,Tuesday,20,13,Urban,High Speed (Arterial),Yes,30.25590556,-93.18060833,Non-Intersection,Dark - Lighted,Clear,Unknown,Unknown,Unknown EMS Scene Arrival Hour,Unknown EMS Scene Arrival Minutes,Unknown,Unknown EMS Hospital Arrival Time,1,Dark - Lighted,Clear,0,1,[],[],0,0,Valid,0.0,0.0,64.0,64.0,['Male'],0,0,3,3,4,Dry,Straight,Level,Lowest,No
16362,22,Louisiana,220403,0,1,1,0,1,GRAYSON,April,20,Thursday,15,58,Rural,Low Speed (Local),No,32.04530833,-92.10995,Non-Intersection,Daylight,Clear,Unknown,Unknown if Notified,Unknown EMS Scene Arrival Hour,Unknown if Arrived,Not Applicable (Not Transported),Not Applicable (Not Transported),1,Daylight,Clear,1,0,['Driver'],['None_Used'],0,0,Valid,0.0,0.0,53.0,53.0,['Male'],1,0,5,4,3,Dry,Curve,Level,Lowest,No
16363,22,Louisiana,220404,0,1,1,0,1,AMITE,May,27,Saturday,5,40,Urban,Medium Speed (Collector),No,30.75093889,-90.50958889,Non-Intersection,Dawn,Clear,Unknown,Unknown,Unknown EMS Scene Arrival Hour,Unknown EMS Scene Arrival Minutes,Unknown,Unknown EMS Hospital Arrival Time,1,Twilight,Clear,1,0,['Driver'],['Shoulder_Lapbelt'],0,0,Valid,0.0,0.0,79.0,79.0,['Female'],0,0,2,4,3,Dry,Straight,Level,Lowest,No
16364,22,Louisiana,220405,0,2,2,0,2,NOT APPLICABLE,July,27,Thursday,7,23,Rural,Medium Speed (Collector),No,30.7108,-90.57928889,Simple Junction,Daylight,Clear,Unknown,Unknown,Unknown EMS Scene Arrival Hour,Unknown EMS Scene Arrival Minutes,Unknown,Unknown EMS Hospital Arrival Time,1,Daylight,Clear,1,1,['Driver'],['Shoulder_Lapbelt'],0,0,Valid,0.0,0.0,80.0,46.0,"['Female', 'Male']",0,0,4,4,5,Dry,Straight,Level,Lowest,No
16365,22,Louisiana,220406,0,2,2,0,4,NOT APPLICABLE,August,6,Sunday,1,45,Rural,Low Speed (Local),No,29.84413333,-90.066725,Non-Intersection,Dark - Lighted,Clear,1:00am-1:59am,47,1:00am-1:59am,55,2:00am-2:59am,41,1,Dark - Lighted,Clear,1,3,['Front_Passenger'],['None_Used'],1,2,Valid,0.0,3.0,51.0,20.0,"['Male', 'Female']",1,0,2,4,5,Dry,Curve,Level,Lowest,No
16366,22,Louisiana,220407,0,1,1,0,1,NOT APPLICABLE,August,9,Wednesday,19,12,Urban,High Speed (Arterial),Yes,30.41179167,-90.43370556,Non-Intersection,Daylight,Clear,Unknown,Unknown,Unknown EMS Scene Arrival Hour,Unknown EMS Scene Arrival Minutes,Unknown,Unknown EMS Hospital Arrival Time,1,Daylight,Clear,1,0,['Driver'],['None_Used'],1,1,Valid,0.0,0.0,74.0,74.0,['Male'],0,0,3,4,2,Dry,Curve,Level,Lowest,No
16367,22,Louisiana,220408,0,2,2,0,4,NOT APPLICABLE,August,29,Tuesday,7,30,Rural,Medium Speed (Collector),No,32.61126111,-91.33088611,Complex/Circle,Daylight,Clear,Unknown,Unknown,Unknown EMS Scene Arrival Hour,Unknown EMS Scene Arrival Minutes,Unknown,Unknown EMS Hospital Arrival Time,1,Daylight,Clear,1,3,['Rear_Seat'],['Child_Safety'],0,0,Valid,0.0,2.0,55.0,43.0,"['Male', 'Male']",0,0,4,4,5,Dry,Straight,Level,Lowest,No
16368,22,Louisiana,220409,1,3,3,0,3,NEW ORLEANS,September,5,Tuesday,22,40,Urban,High Speed (Arterial),Yes,30.04018889,-89.97044444,Non-Intersection,Dark - Lighted,Clear,Unknown,Unknown,Unknown EMS Scene Arrival Hour,Unknown EMS Scene Arrival Minutes,Not Applicable (Not Transported),Not Applicable (Not Transported),1,Dark - Lighted,Clear,0,3,[],[],0,0,Valid,0.0,0.0,53.0,21.0,"['Male', 'Male', 'Male']",0,0,3,3,4,Dry,Straight,Level,Lowest,No
16369,22,Louisiana,220410,0,1,1,0,1,NOT APPLICABLE,May,6,Saturday,22,30,Rural,Low Speed (Local),No,29.87475833,-90.11196667,Complex/Circle,Dark - Lighted,Clear,10:00pm-10:59pm,33,10:00pm-10:59pm,45,11:00pm-11:59pm,7,1,Dark - Lighted,Clear,1,0,['Driver'],['Shoulder_Lapbelt'],1,1,Valid,0.0,0.0,21.0,21.0,['Female'],1,0,2,4,3,Dry,Straight,Level,Lowest,No
16370,22,Louisiana,220411,1,1,1,0,2,NOT APPLICABLE,May,15,Monday,21,54,Urban,Medium Speed (Collector),No,29.90124444,-90.06451389,Non-Intersection,Dark - Lighted,Clear,Unknown,Unknown,Unknown EMS Scene Arrival Hour,Unknown EMS Scene Arrival Minutes,Unknown,Unknown EMS Hospital Arrival Time,1,Dark - Lighted,Clear,0,2,[],[],0,0,Valid,0.0,0.0,21.0,21.0,['Male'],0,0,2,3,4,Dry,Straight,Level,Lowest,No
16371,22,Louisiana,220412,1,1,1,0,1,KENNER,May,20,Saturday,15,42,Rural,Low Speed (Local),No,30.00952778,-90.26922222,Simple Junction,Daylight,Clear,Unknown,Unknown,Unknown EMS Scene Arrival Hour,Unknown EMS Scene Arrival Minutes,Unknown,Unknown EMS Hospital Arrival Time,1,Daylight,Clear,0,1,[],[],0,0,Valid,0.0,0.0,71.0,71.0,['Male'],1,0,3,4,4,Dry,Straight,Level,Lowest,No
16372,22,Louisiana,220413,0,1,1,0,1,NOT APPLICABLE,July,16,Sunday,15,50,Rural,Medium Speed (Collector),No,30.61296667,-90.99394722,Non-Intersection,Daylight,Clear,Unknown,Unknown,Unknown EMS Scene Arrival Hour,Unknown EMS Scene Arrival Minutes,Unknown,Unknown EMS Hospital Arrival Time,1,Daylight,Clear,1,0,['Driver'],['None_Used'],1,1,Valid,0.0,0.0,44.0,44.0,['Male'],0,0,3,4,3,Dry,Curve,Level,Lowest,No
16373,22,Louisiana,220414,0,1,1,0,1,NOT APPLICABLE,July,25,Tuesday,15,33,Urban,Medium Speed (Collector),No,29.63641389,-90.69866389,Non-Intersection,Daylight,Clear,Unknown,Unknown,Unknown EMS Scene Arrival Hour,Unknown EMS Scene Arrival Minutes,Unknown,Unknown EMS Hospital Arrival Time,1,Daylight,Clear,1,0,['Driver'],['None_Used'],0,0,Valid,0.0,0.0,63.0,63.0,['Male'],0,0,5,4,3,Dry,Straight,Level,Lowest,No