,State_Code,State_Name,Crash_ID,Count_Non_Motorists,Count_Vehicles_Total,Count_Vehicle_Forms,Count_PVH_Involved,Count_Occupants_MV,City_Name,Month_Name,Day_of_Month,Day_of_Week,Crash_Hour,Crash_Minute,Area_Rural_Urban,Road_Functional_Class,On_NHS_Road,Latitude,Longitude,Intersection_Type,Light_Condition,Weather_Condition,Notif_Hour,Notif_Minute,Arrival_Hour,Arrival_Minute,Hospital_Hour,Hospital_Minute,Fatalities_Count,Clean_Light_Condition,Clean_Weather_Condition,Total_Killed,Total_Alive,Fatal_Seats_List,Killed_Restraint_List,Any_Driver_Drinking,Total_Drinking_Drivers,Driver_License_Category,Driver_Max_Prev_Accident_Count,Driver_Max_Prev_Speeding_Count,Max_Driver_Age,Min_Driver_Age,Driver_Sex_List,Total_Exceeding_Limit_Vehicles,Total_Too_Fast_Vehicles,Max_Vehicle_Type_Severity_5,Max_Vehicle_Damage_Rank,Max_Harmful_Event_Severity,Crash_Road_Surface_Condition,Crash_Horizontal_Alignment,Crash_Vertical_Profile,Crash_Impairment_Category,Crash_Vehicle_Defect
16374,22,Louisiana,220415,0,1,1,0,1,NOT APPLICABLE,July,26,Wednesday,19,40,Rural,Medium Speed (Collector),No,30.27679167,-90.74774167,Non-Intersection,Dark - Not Lighted,Clear,Unknown,Unknown,Unknown EMS Scene Arrival Hour,Unknown EMS Scene Arrival Minutes,Not Applicable (Not Transported),Not Applicable (Not Transported),1,Dark - Unlighted,Clear,1,0,['Driver'],['None_Used'],1,1,Valid,0.0,0.0,47.0,47.0,['Male'],0,0,5,2,2,Dry,Curve,Level,Lowest,No
16375,22,Louisiana,220416,0,2,2,0,2,NOT APPLICABLE,August,5,Saturday,19,23,Urban,Medium Speed (Collector),No,29.45279722,-90.30442778,Non-Intersection,Dark - Not Lighted,Clear,7:00pm-7:59pm,26,7:00pm-7:59pm,33,7:00pm-7:59pm,59,1,Dark - Unlighted,Clear,1,1,['Driver'],['Shoulder_Lapbelt'],1,2,Invalid,0.0,0.0,46.0,32.0,"['Male', 'Male']",0,0,3,4,4,Dry,Straight,Level,Lowest,No
16376,22,Louisiana,220417,0,2,2,0,3,NOT APPLICABLE,August,15,Tuesday,18,57,Urban,Medium Speed (Collector),No,30.54467778,-90.51768056,Non-Intersection,Daylight,Clear,Unknown,Unknown,6:00pm-6:59pm,57,Unknown,Unknown EMS Hospital Arrival Time,1,Daylight,Clear,1,2,['Driver'],['None_Used'],0,0,Valid,0.0,0.0,25.0,20.0,"['Male', 'Female']",0,0,2,4,5,Dry,Straight,Level,Lowest,No
16377,22,Louisiana,220418,0,1,1,0,1,NOT APPLICABLE,August,20,Sunday,12,59,Rural,Medium Speed (Collector),No,30.99462778,-92.66136944,Non-Intersection,Daylight,Clear,Unknown,Unknown,Unknown EMS Scene Arrival Hour,Unknown EMS Scene Arrival Minutes,Not Applicable (Not Transported),Not Applicable (Not Transported),1,Daylight,Clear,1,0,['Driver'],['None_Used'],0,0,Valid,0.0,0.0,64.0,64.0,['Female'],0,0,3,4,3,Dry,Straight,Level,Lowest,No
16378,22,Louisiana,220419,2,2,2,0,2,NOT APPLICABLE,August,20,Sunday,19,56,Rural,Medium Speed (Collector),No,30.47341389,-92.35133889,Non-Intersection,Dusk,Clear,Unknown,Unknown,Unknown EMS Scene Arrival Hour,Unknown EMS Scene Arrival Minutes,Unknown,Unknown EMS Hospital Arrival Time,1,Twilight,Clear,0,2,[],[],0,0,Valid,0.0,4.0,22.0,22.0,['Female'],0,0,2,4,5,Dry,Straight,Level,Lowest,No
16379,22,Louisiana,220420,1,1,1,0,1,NOT APPLICABLE,August,22,Tuesday,19,55,Urban,Medium Speed (Collector),No,30.41145278,-91.06653611,Non-Intersection,Dark - Not Lighted,Clear,7:00pm-7:59pm,49,7:00pm-7:59pm,59,8:00pm-8:59pm,18,1,Dark - Unlighted,Clear,0,1,[],[],0,0,Valid,0.0,0.0,68.0,68.0,['Female'],0,0,3,3,4,Dry,Straight,Level,Lowest,No
16380,22,Louisiana,220421,0,2,2,0,2,NOT APPLICABLE,August,30,Wednesday,8,30,Rural,Medium Speed (Collector),No,31.06023889,-92.50675278,Simple Junction,Daylight,Clear,Unknown,Unknown,Unknown EMS Scene Arrival Hour,Unknown EMS Scene Arrival Minutes,Unknown,Unknown EMS Hospital Arrival Time,1,Daylight,Clear,1,1,['Driver'],['None_Used'],0,0,Invalid,0.0,0.0,67.0,36.0,"['Male', 'Male']",0,0,5,4,5,Dry,Straight,Level,Lowest,No
16381,22,Louisiana,220422,0,1,1,0,1,PINEVILLE,August,31,Thursday,2,48,Urban,High Speed (Arterial),Yes,31.33493889,-92.38393611,Complex/Circle,Dark - Unknown Lighting,Clear,Unknown,Unknown,Unknown EMS Scene Arrival Hour,Unknown EMS Scene Arrival Minutes,Not Applicable (Not Transported),Not Applicable (Not Transported),1,Dark - Unlighted,Clear,1,0,['Driver'],['Shoulder_Lapbelt'],1,1,Invalid,0.0,0.0,35.0,35.0,['Male'],0,0,3,4,3,Dry,Straight,Level,Lowest,No
16382,22,Louisiana,220423,0,2,2,0,3,ZACHARY,September,3,Sunday,22,28,Urban,High Speed (Arterial),Yes,30.64426111,-91.10671389,Non-Intersection,Dark - Not Lighted,Clear,Unknown,Unknown,Unknown EMS Scene Arrival Hour,Unknown EMS Scene Arrival Minutes,Unknown,Unknown EMS Hospital Arrival Time,1,Dark - Unlighted,Clear,1,2,['Driver'],['None_Used'],1,1,Valid,0.0,0.0,34.0,33.0,"['Male', 'Male']",2,0,3,4,5,Dry,Straight,Level,Lowest,No
16383,22,Louisiana,220424,0,2,2,0,2,NOT APPLICABLE,September,6,Wednesday,10,34,Rural,Medium Speed (Collector),No,32.06524722,-91.65535833,Non-Intersection,Daylight,Clear,Unknown,Unknown if Notified,Unknown EMS Scene Arrival Hour,Unknown if Arrived,Not Applicable (Not Transported),Not Applicable (Not Transported),1,Daylight,Clear,1,1,['Driver'],['None_Used'],0,0,Invalid,0.0,0.0,76.0,39.0,"['Male', 'Male']",0,0,5,4,5,Dry,Straight,Non-Trafficway,Lowest,No
16384,22,Louisiana,220425,0,1,1,0,3,NOT APPLICABLE,September,6,Wednesday,16,4,Rural,Low Speed (Local),No,32.13892778,-91.75004444,Non-Intersection,Daylight,Rain,Unknown,Unknown,Unknown EMS Scene Arrival Hour,Unknown EMS Scene Arrival Minutes,Not Applicable (Not Transported),Not Applicable (Not Transported),1,Daylight,Rain/Wind/Minor,1,2,['Driver'],['None_Used'],0,0,Valid,0.0,0.0,21.0,21.0,['Female'],3,0,3,4,3,Wet/Standing Water,Curve,Level,Lowest,No
16385,22,Louisiana,220426,0,2,2,0,3,ZACHARY,September,13,Wednesday,7,21,Urban,Medium Speed (Collector),No,30.672575,-91.190425,Non-Intersection,Dawn,Clear,Unknown,Unknown,Unknown EMS Scene Arrival Hour,Unknown EMS Scene Arrival Minutes,Not Applicable (Not Transported),Not Applicable (Not Transported),1,Twilight,Clear,1,2,['Driver'],['None_Used'],0,0,Invalid,0.0,3.0,38.0,35.0,"['Male', 'Male']",1,0,3,4,5,Dry,Straight,Level,Lowest,No
16386,22,Louisiana,220427,1,2,2,0,2,NOT APPLICABLE,January,20,Friday,19,18,Rural,Low Speed (Local),No,30.35456389,-91.11128333,Non-Intersection,Dark - Not Lighted,Clear,Unknown,Unknown,Unknown EMS Scene Arrival Hour,Unknown EMS Scene Arrival Minutes,Unknown,Unknown EMS Hospital Arrival Time,1,Dark - Unlighted,Clear,0,0,[],[],0,0,Invalid,0.0,0.0,999.0,999.0,"['Other', 'Other']",0,0,1,0,4,Dry,Straight,Level,Lowest,No
16387,22,Louisiana,220428,0,1,1,0,1,GREENWELL SPRINGS,July,4,Tuesday,16,41,Urban,High Speed (Arterial),Yes,30.53144167,-91.08931667,Non-Intersection,Daylight,Clear,Unknown,Unknown,Unknown EMS Scene Arrival Hour,Unknown EMS Scene Arrival Minutes,Not Applicable (Not Transported),Not Applicable (Not Transported),1,Daylight,Clear,1,0,['Driver'],['Shoulder_Lapbelt'],1,1,Invalid,0.0,0.0,44.0,44.0,['Female'],1,0,2,4,3,Dry,Curve,Level,Lowest,No
16388,22,Louisiana,220429,0,2,2,0,7,NEW ORLEANS,July,27,Thursday,16,44,Urban,Low Speed (Local),No,29.925275,-89.98801944,Complex/Circle,Daylight,Clear,4:00pm-4:59pm,0,4:00pm-4:59pm,12,4:00pm-4:59pm,48,1,Daylight,Clear,1,6,['Front_Passenger'],['Shoulder_Lapbelt'],0,0,Invalid,0.0,0.0,24.0,21.0,"['Male', 'Female']",6,0,2,3,5,Dry,Straight,Level,Lowest,No
16389,22,Louisiana,220430,0,2,2,0,3,NOT APPLICABLE,August,8,Tuesday,13,0,Rural,Medium Speed (Collector),No,30.82255278,-89.84101111,Complex/Circle,Daylight,Clear,1:00pm-1:59pm,12,1:00pm-1:59pm,17,1:00pm-1:59pm,43,1,Daylight,Clear,1,2,['Driver'],['None_Used'],0,0,Valid,0.0,0.0,54.0,29.0,"['Female', 'Male']",0,0,5,4,5,Dry,Straight,Level,Lowest,No
16390,22,Louisiana,220431,1,3,3,0,3,NOT APPLICABLE,August,15,Tuesday,5,6,Urban,Medium Speed (Collector),No,30.43865556,-90.52019167,Non-Intersection,Dark - Lighted,Clear,Unknown,Unknown,Unknown EMS Scene Arrival Hour,Unknown EMS Scene Arrival Minutes,Not Applicable (Not Transported),Not Applicable (Not Transported),1,Dark - Lighted,Clear,0,3,[],[],0,0,Valid,0.0,0.0,50.0,27.0,"['Male', 'Female', 'Male']",0,0,3,3,4,Dry,Straight,Level,Lowest,No
16391,22,Louisiana,220432,0,1,1,0,1,NOT APPLICABLE,August,26,Saturday,1,30,Rural,Medium Speed (Collector),No,30.73971667,-90.61840278,Non-Intersection,Dark - Not Lighted,Clear,Unknown,Unknown,Unknown EMS Scene Arrival Hour,Unknown EMS Scene Arrival Minutes,Not Applicable (Not Transported),Not Applicable (Not Transported),1,Dark - Unlighted,Clear,1,0,['Driver'],['None_Used'],1,1,Valid,0.0,1.0,25.0,25.0,['Male'],0,0,2,4,3,Dry,Curve,Level,Lowest,No
16392,22,Louisiana,220433,1,1,1,0,1,NEW ORLEANS,August,31,Thursday,20,26,Urban,High Speed (Arterial),Yes,29.97598889,-90.07818333,Complex/Circle,Dark - Lighted,Clear,Unknown,Unknown,Unknown EMS Scene Arrival Hour,Unknown EMS Scene Arrival Minutes,Not Applicable (Not Transported),Not Applicable (Not Transported),1,Dark - Lighted,Clear,0,1,[],[],0,0,Invalid,0.0,0.0,27.0,27.0,['Male'],0,0,3,2,4,Dry,Straight,Level,Lowest,No
16393,22,Louisiana,220434,0,2,2,0,4,NOT APPLICABLE,September,2,Saturday,11,2,Rural,Medium Speed (Collector),No,30.01695278,-90.66628333,Non-Intersection,Daylight,Rain,Unknown,Unknown,Unknown EMS Scene Arrival Hour,Unknown EMS Scene Arrival Minutes,Unknown,Unknown EMS Hospital Arrival Time,1,Daylight,Rain/Wind/Minor,1,3,['Driver'],['None_Used'],0,0,Valid,0.0,3.0,53.0,32.0,"['Male', 'Male']",1,0,3,4,5,Wet/Standing Water,Straight,Level,Lowest,No
16394,22,Louisiana,220435,0,1,1,0,1,NOT APPLICABLE,September,3,Sunday,13,11,Rural,Medium Speed (Collector),No,30.91975556,-90.32831111,Non-Intersection,Daylight,Clear,Unknown,Unknown,Unknown EMS Scene Arrival Hour,Unknown EMS Scene Arrival Minutes,Not Applicable (Not Transported),Not Applicable (Not Transported),1,Daylight,Clear,1,0,['Driver'],['None_Used'],0,0,Valid,0.0,1.0,41.0,41.0,['Male'],1,0,5,4,3,Dry,Curve,Level,Lowest,No
16395,22,Louisiana,220436,0,2,2,0,2,ZACHARY,September,14,Thursday,16,34,Urban,Medium Speed (Collector),No,30.6512,-91.14993056,Simple Junction,Daylight,Clear,Unknown,Unknown,Unknown EMS Scene Arrival Hour,Unknown EMS Scene Arrival Minutes,Unknown,Unknown EMS Hospital Arrival Time,1,Daylight,Clear,1,1,['Driver'],['Shoulder_Lapbelt'],1,2,Valid,0.0,0.0,60.0,54.0,"['Male', 'Female']",0,0,3,4,5,Dry,Straight,Level,Lowest,No
16396,22,Louisiana,220437,0,2,2,0,4,SHREVEPORT,September,16,Saturday,15,59,Urban,High Speed (Arterial),Yes,32.56778333,-93.78876667,Non-Intersection,Daylight,Clear,Unknown,Unknown,Unknown EMS Scene Arrival Hour,Unknown EMS Scene Arrival Minutes,Unknown,Unknown EMS Hospital Arrival Time,1,Daylight,Clear,1,3,['Driver'],['None_Used'],0,0,Valid,0.0,1.0,30.0,29.0,"['Male', 'Male']",1,0,5,4,5,Dry,Straight,Level,Lowest,No
16397,22,Louisiana,220438,1,1,1,0,2,NOT APPLICABLE,September,18,Monday,5,56,Urban,High Speed (Arterial),Yes,32.37576667,-93.75201389,Non-Intersection,Dark - Not Lighted,Clear,Unknown,Unknown,Unknown EMS Scene Arrival Hour,Unknown EMS Scene Arrival Minutes,Unknown,Unknown EMS Hospital Arrival Time,1,Dark - Unlighted,Clear,0,2,[],[],0,0,Valid,0.0,1.0,54.0,54.0,['Female'],0,0,2,3,4,Dry,Straight,Grade/Hillcrest,Lowest,No
16398,22,Louisiana,220439,0,1,1,0,2,NOT APPLICABLE,August,28,Monday,9,40,Rural,Medium Speed (Collector),No,30.85891944,-93.23020833,Non-Intersection,Daylight,Clear,8:00am-8:59am,40,8:00am-8:59am,47,9:00am-9:59am,32,1,Daylight,Clear,1,1,['Front_Passenger'],['None_Used'],0,0,Valid,0.0,0.0,19.0,19.0,['Male'],2,0,4,4,3,Dry,Curve,Level,Medium,No
16399,22,Louisiana,220440,0,1,1,0,1,NOT APPLICABLE,August,14,Monday,21,4,Rural,Medium Speed (Collector),No,30.22757222,-93.51360556,Non-Intersection,Dark - Not Lighted,Clear,Unknown,Unknown,Unknown EMS Scene Arrival Hour,Unknown EMS Scene Arrival Minutes,Unknown,Unknown EMS Hospital Arrival Time,1,Dark - Unlighted,Clear,1,0,['Driver'],['Shoulder_Lapbelt'],0,0,Valid,0.0,0.0,36.0,36.0,['Female'],1,0,2,4,3,Dry,Curve,Level,Lowest,No
16400,22,Louisiana,220441,0,2,2,0,2,NOT APPLICABLE,September,1,Friday,15,31,Rural,Medium Speed (Collector),No,29.90483889,-90.77195833,Non-Intersection,Daylight,Clear,Unknown,Unknown,Unknown EMS Scene Arrival Hour,Unknown EMS Scene Arrival Minutes,Unknown,Unknown EMS Hospital Arrival Time,1,Daylight,Clear,1,1,['Driver'],['Shoulder_Lapbelt'],1,2,Valid,0.0,0.0,59.0,42.0,"['Male', 'Male']",1,0,3,4,5,Dry,Curve,Level,Lowest,No
16401,22,Louisiana,220442,1,3,3,0,3,MONROE,September,25,Monday,23,17,Urban,High Speed (Arterial),Yes,32.478825,-92.08275278,Non-Intersection,Dark - Lighted,Clear,Unknown,Unknown if Notified,Unknown EMS Scene Arrival Hour,Unknown if Arrived,Not Applicable (Not Transported),Not Applicable (Not Transported),1,Dark - Lighted,Clear,0,3,[],[],0,0,Invalid,0.0,0.0,999.0,26.0,"['Other', 'Male', 'Male']",0,0,4,4,4,Dry,Straight,Level,Lowest,No
16402,22,Louisiana,220443,0,1,1,0,2,NEW ORLEANS,September,25,Monday,8,44,Urban,High Speed (Arterial),Yes,29.99633333,-90.04549167,Non-Intersection,Daylight,Clear,Unknown,Unknown,Unknown EMS Scene Arrival Hour,Unknown EMS Scene Arrival Minutes,Not Applicable (Not Transported),Not Applicable (Not Transported),1,Daylight,Clear,1,1,['Driver'],['None_Used'],0,0,Invalid,0.0,0.0,27.0,27.0,['Female'],0,0,2,4,3,Dry,Straight,Level,Lowest,No
16403,22,Louisiana,220444,1,1,1,0,1,NEW ORLEANS,September,21,Thursday,23,57,Urban,Medium Speed (Collector),No,29.96633333,-90.07107778,Complex/Circle,Dark - Lighted,Clear,Unknown,Unknown,Unknown EMS Scene Arrival Hour,Unknown EMS Scene Arrival Minutes,Unknown,Unknown EMS Hospital Arrival Time,1,Dark - Lighted,Clear,0,1,[],[],0,0,Invalid,0.0,0.0,999.0,999.0,['Other'],0,0,1,0,4,Dry,Straight,Level,Lowest,No
16404,22,Louisiana,220445,0,2,2,0,3,NOT APPLICABLE,July,24,Monday,5,14,Urban,Medium Speed (Collector),No,30.43866111,-90.51790556,Non-Intersection,Dark - Lighted,Clear,Unknown,Unknown,Unknown EMS Scene Arrival Hour,Unknown EMS Scene Arrival Minutes,Unknown,Unknown EMS Hospital Arrival Time,1,Dark - Lighted,Clear,1,2,['Driver'],['Shoulder_Lapbelt'],0,0,Invalid,0.0,1.0,53.0,36.0,"['Female', 'Female']",0,0,3,4,5,Dry,Straight,Level,Lowest,No
16405,22,Louisiana,220446,0,2,2,0,15,NOT APPLICABLE,August,27,Sunday,19,7,Urban,Medium Speed (Collector),No,29.64224167,-90.69031111,Non-Intersection,Dusk,Clear,6:00pm-6:59pm,12,6:00pm-6:59pm,21,8:00pm-8:59pm,9,2,Twilight,Clear,2,13,"['Driver', 'Driver']","['Shoulder_Lapbelt', 'Shoulder_Lapbelt']",0,0,Valid,1.0,1.0,61.0,36.0,"['Male', 'Male']",0,0,3,4,5,Dry,Curve,Level,Lowest,No
16406,22,Louisiana,220447,0,1,1,0,2,NOT APPLICABLE,September,18,Monday,6,0,Rural,Medium Speed (Collector),No,32.14755833,-92.02738611,Non-Intersection,Dark - Not Lighted,Clear,Unknown,Unknown,Unknown EMS Scene Arrival Hour,Unknown EMS Scene Arrival Minutes,Not Applicable (Not Transported),Not Applicable (Not Transported),2,Dark - Unlighted,Clear,2,0,"['Driver', 'Front_Passenger']","['None_Used', 'None_Used']",1,1,Valid,0.0,0.0,60.0,60.0,['Female'],0,0,2,4,3,Dry,Straight,Level,Lowest,No
16407,22,Louisiana,220448,0,2,2,0,4,NOT APPLICABLE,September,20,Wednesday,11,18,Rural,High Speed (Arterial),Yes,32.52593056,-92.43565278,Non-Intersection,Daylight,Clear,Unknown,Unknown,Unknown EMS Scene Arrival Hour,Unknown EMS Scene Arrival Minutes,Unknown,Unknown EMS Hospital Arrival Time,1,Daylight,Clear,1,3,['Rear_Seat'],['Child_Safety'],0,0,Valid,0.0,3.0,50.0,27.0,"['Male', 'Female']",0,0,4,4,5,Dry,Straight,Level,Lowest,No
16408,22,Louisiana,220449,0,2,2,0,2,BATON ROUGE,September,23,Saturday,19,38,Urban,High Speed (Arterial),Yes,30.43492222,-91.06461111,Simple Junction,Dark - Lighted,Clear,Unknown,Unknown,Unknown EMS Scene Arrival Hour,Unknown EMS Scene Arrival Minutes,Unknown,Unknown EMS Hospital Arrival Time,1,Dark - Lighted,Clear,1,1,['Driver'],['Shoulder_Lapbelt'],1,1,Invalid,0.0,0.0,39.0,30.0,"['Male', 'Female']",0,0,3,4,5,Dry,Straight,Level,Lowest,No
16409,22,Louisiana,220450,0,2,2,0,3,MAURICE,September,19,Tuesday,7,40,Rural,High Speed (Arterial),Yes,30.09403889,-92.12423333,Simple Junction,Daylight,Clear,Unknown,Unknown,Unknown EMS Scene Arrival Hour,Unknown EMS Scene Arrival Minutes,Unknown,Unknown EMS Hospital Arrival Time,1,Daylight,Clear,1,2,['Driver'],['None_Used'],0,0,Valid,0.0,1.0,21.0,17.0,"['Female', 'Male']",0,0,5,4,5,Dry,Straight,Level,Lowest,No
16410,22,Louisiana,220451,0,2,2,0,3,DENHAM SPRINGS,September,15,Friday,15,30,Urban,High Speed (Arterial),Yes,30.49198611,-90.95626111,Simple Junction,Daylight,Cloudy,Unknown,Unknown,Unknown EMS Scene Arrival Hour,Unknown EMS Scene Arrival Minutes,Unknown,Unknown EMS Hospital Arrival Time,1,Daylight,Reduced Visibility,1,2,['Driver'],['None_Used'],0,0,Valid,0.0,0.0,29.0,25.0,"['Male', 'Female']",0,0,5,4,5,Dry,Straight,Level,Lowest,No
16411,22,Louisiana,220452,0,2,2,0,3,NEW ORLEANS,September,19,Tuesday,17,45,Urban,Medium Speed (Collector),No,30.0134,-90.05102222,Complex/Circle,Daylight,Clear,Unknown,Unknown,Unknown EMS Scene Arrival Hour,Unknown EMS Scene Arrival Minutes,Not Applicable (Not Transported),Not Applicable (Not Transported),1,Daylight,Clear,1,2,['Driver'],['None_Used'],1,1,Invalid,0.0,1.0,35.0,30.0,"['Male', 'Female']",0,0,5,3,5,Dry,Straight,Level,Lowest,No
16412,22,Louisiana,220453,0,2,2,0,3,NEW ORLEANS,September,19,Tuesday,22,5,Urban,High Speed (Arterial),Yes,29.95567222,-90.08060556,Complex/Circle,Dark - Lighted,Clear,Unknown,Unknown,Unknown EMS Scene Arrival Hour,Unknown EMS Scene Arrival Minutes,Unknown,Unknown EMS Hospital Arrival Time,2,Dark - Lighted,Clear,2,1,"['Driver', 'Rear_Seat']","['None_Used', 'None_Used']",0,0,Valid,0.0,1.0,33.0,24.0,"['Male', 'Male']",0,0,5,4,5,Dry,Straight,Level,Lowest,No
16413,22,Louisiana,220454,0,1,1,0,1,NEW ORLEANS,September,24,Sunday,21,3,Urban,Medium Speed (Collector),No,29.96398333,-90.08116667,Non-Intersection,Dark - Lighted,Clear,Unknown,Unknown,Unknown EMS Scene Arrival Hour,Unknown EMS Scene Arrival Minutes,Not Applicable (Not Transported),Not Applicable (Not Transported),1,Dark - Lighted,Clear,1,0,['Driver'],['None_Used'],0,0,Valid,0.0,1.0,26.0,26.0,['Female'],1,0,2,4,3,Dry,Straight,Level,Lowest,No
16414,22,Louisiana,220455,0,3,3,0,3,BATON ROUGE,January,21,Saturday,10,51,Urban,High Speed (Arterial),Yes,30.51858611,-91.14644167,Simple Junction,Daylight,Rain,10:00am-10:59am,52,10:00am-10:59am,56,11:00am-11:59am,35,1,Daylight,Rain/Wind/Minor,1,2,['Driver'],['Shoulder_Lapbelt'],0,0,Invalid,0.0,0.0,56.0,30.0,"['Male', 'Female', 'Male']",0,0,4,4,5,Wet/Standing Water,Straight,Level,Lowest,No
16415,22,Louisiana,220456,1,2,2,0,3,BATON ROUGE,January,28,Saturday,20,17,Urban,High Speed (Arterial),Yes,30.43040278,-91.0797,Non-Intersection,Dark - Lighted,Clear,8:00pm-8:59pm,18,8:00pm-8:59pm,24,8:00pm-8:59pm,52,1,Dark - Lighted,Clear,0,3,[],[],0,0,Valid,0.0,2.0,42.0,19.0,"['Male', 'Female']",0,0,3,2,4,Dry,Straight,Level,Lowest,No
16416,22,Louisiana,220457,0,1,1,0,3,NORWOOD,June,3,Saturday,19,42,Rural,Medium Speed (Collector),No,30.97631667,-91.10392222,Non-Intersection,Daylight,Cloudy,Unknown,Unknown,Unknown EMS Scene Arrival Hour,Unknown EMS Scene Arrival Minutes,Not Applicable (Not Transported),Not Applicable (Not Transported),1,Daylight,Reduced Visibility,1,2,['Driver'],['None_Used'],0,0,Valid,0.0,0.0,60.0,60.0,['Male'],0,0,1,1,2,Dry,Straight,Level,Lowest,No
16417,22,Louisiana,220458,0,3,3,0,7,NOT APPLICABLE,June,27,Tuesday,11,15,Rural,Medium Speed (Collector),No,30.71600833,-91.55425833,Non-Intersection,Daylight,Clear,Unknown,Unknown,Unknown EMS Scene Arrival Hour,Unknown EMS Scene Arrival Minutes,Unknown,Unknown EMS Hospital Arrival Time,2,Daylight,Clear,2,5,"['Driver', 'Non_Standard_Risk']","['Shoulder_Lapbelt', 'None_Used']",0,0,Valid,0.0,0.0,86.0,28.0,"['Female', 'Male', 'Male']",0,0,4,4,5,Dry,Straight,Level,Lowest,No
16418,22,Louisiana,220459,2,1,1,0,1,NOT APPLICABLE,July,4,Tuesday,6,3,Rural,High Speed (Arterial),Yes,30.12128333,-90.66051111,Non-Intersection,Daylight,Clear,Unknown,Unknown,Unknown EMS Scene Arrival Hour,Unknown EMS Scene Arrival Minutes,Not Applicable (Not Transported),Not Applicable (Not Transported),1,Daylight,Clear,0,1,[],[],0,0,Valid,0.0,0.0,30.0,30.0,['Female'],0,0,3,2,4,Dry,Straight,Level,Lowest,No
16419,22,Louisiana,220460,1,3,3,0,4,NOT APPLICABLE,July,8,Saturday,20,36,Urban,High Speed (Arterial),Yes,30.57838889,-91.21179167,Non-Intersection,Dark - Not Lighted,Clear,Unknown,Unknown,Unknown EMS Scene Arrival Hour,Unknown EMS Scene Arrival Minutes,Not Applicable (Not Transported),Not Applicable (Not Transported),1,Dark - Unlighted,Clear,0,4,[],[],0,0,Invalid,0.0,1.0,999.0,53.0,"['Other', 'Female', 'Female']",0,0,3,1,4,Dry,Straight,Level,Lowest,No
16420,22,Louisiana,220461,0,3,3,0,3,NOT APPLICABLE,July,12,Wednesday,13,46,Urban,High Speed (Arterial),Yes,30.53581944,-90.98035278,Non-Intersection,Daylight,Clear,1:00pm-1:59pm,16,1:00pm-1:59pm,42,2:00pm-2:59pm,0,1,Daylight,Clear,1,2,['Driver'],['None_Used'],1,1,Invalid,0.0,0.0,56.0,19.0,"['Male', 'Male', 'Female']",0,0,3,4,5,Dry,Straight,Level,Lowest,No
16421,22,Louisiana,220462,1,1,1,0,1,NOT APPLICABLE,July,24,Monday,0,29,Urban,Medium Speed (Collector),No,30.24739167,-90.90918333,Non-Intersection,Dark - Not Lighted,Clear,Unknown,Unknown,Unknown EMS Scene Arrival Hour,Unknown EMS Scene Arrival Minutes,Not Applicable (Not Transported),Not Applicable (Not Transported),1,Dark - Unlighted,Clear,0,1,[],[],0,0,Invalid,0.0,0.0,18.0,18.0,['Male'],0,0,2,3,4,Dry,Straight,Level,Lowest,No
16422,22,Louisiana,220463,0,1,1,0,2,BOGALUSA,June,10,Saturday,2,33,Urban,Medium Speed (Collector),No,30.79055,-89.85121389,Non-Intersection,Dark - Lighted,Clear,Unknown,Unknown,Unknown EMS Scene Arrival Hour,Unknown EMS Scene Arrival Minutes,Unknown,Unknown EMS Hospital Arrival Time,1,Dark - Lighted,Clear,1,1,['Driver'],['None_Used'],0,0,Valid,0.0,0.0,43.0,43.0,['Male'],0,0,3,4,2,Dry,Straight,Level,Lowest,No
16423,22,Louisiana,220464,0,1,1,0,1,SAINT GABRIEL,June,17,Saturday,11,30,Urban,Medium Speed (Collector),No,30.28636111,-91.15351667,Non-Intersection,Daylight,Clear,Unknown,Unknown,Unknown EMS Scene Arrival Hour,Unknown EMS Scene Arrival Minutes,Unknown,Unknown EMS Hospital Arrival Time,1,Daylight,Clear,1,0,['Driver'],['None_Used'],0,0,Valid,0.0,1.0,45.0,45.0,['Male'],0,0,5,2,2,Dry,Curve,Level,Lowest,No
16424,22,Louisiana,220465,0,1,1,0,2,NOT APPLICABLE,June,29,Thursday,17,28,Rural,Low Speed (Local),No,30.27483889,-91.70070833,Non-Intersection,Daylight,Clear,5:00pm-5:59pm,5,5:00pm-5:59pm,24,6:00pm-6:59pm,14,1,Daylight,Clear,1,1,['Front_Passenger'],['Shoulder_Lapbelt'],0,0,Valid,0.0,0.0,59.0,59.0,['Male'],0,0,3,3,2,Dry,Straight,Level,Lowest,No
16425,22,Louisiana,220467,0,2,2,0,2,NEW ORLEANS,June,30,Friday,18,18,Urban,Low Speed (Local),No,29.96653611,-90.039625,Complex/Circle,Daylight,Clear,5:00pm-5:59pm,26,5:00pm-5:59pm,32,6:00pm-6:59pm,5,1,Daylight,Clear,1,1,['Driver'],['Shoulder_Lapbelt'],0,0,Valid,0.0,0.0,79.0,19.0,"['Female', 'Female']",0,0,2,4,5,Dry,Straight,Level,Lowest,No