,State_Code,State_Name,Crash_ID,Count_Non_Motorists,Count_Vehicles_Total,Count_Vehicle_Forms,Count_PVH_Involved,Count_Occupants_MV,City_Name,Month_Name,Day_of_Month,Day_of_Week,Crash_Hour,Crash_Minute,Area_Rural_Urban,Road_Functional_Class,On_NHS_Road,Latitude,Longitude,Intersection_Type,Light_Condition,Weather_Condition,Notif_Hour,Notif_Minute,Arrival_Hour,Arrival_Minute,Hospital_Hour,Hospital_Minute,Fatalities_Count,Clean_Light_Condition,Clean_Weather_Condition,Total_Killed,Total_Alive,Fatal_Seats_List,Killed_Restraint_List,Any_Driver_Drinking,Total_Drinking_Drivers,Driver_License_Category,Driver_Max_Prev_Accident_Count,Driver_Max_Prev_Speeding_Count,Max_Driver_Age,Min_Driver_Age,Driver_Sex_List,Total_Exceeding_Limit_Vehicles,Total_Too_Fast_Vehicles,Max_Vehicle_Type_Severity_5,Max_Vehicle_Damage_Rank,Max_Harmful_Event_Severity,Crash_Road_Surface_Condition,Crash_Horizontal_Alignment,Crash_Vertical_Profile,Crash_Impairment_Category,Crash_Vehicle_Defect
16426,22,Louisiana,220468,0,1,1,0,1,NOT APPLICABLE,July,16,Sunday,2,17,Rural,Medium Speed (Collector),No,30.54736111,-90.86348611,Non-Intersection,Dark - Not Lighted,Clear,1:00am-1:59am,20,1:00am-1:59am,32,2:00am-2:59am,37,1,Dark - Unlighted,Clear,1,0,['Driver'],['None_Used'],1,1,Valid,0.0,0.0,46.0,46.0,['Male'],1,0,2,4,3,Dry,Curve,Level,Lowest,No
16427,22,Louisiana,220469,0,3,3,0,8,NOT APPLICABLE,July,16,Sunday,16,55,Urban,High Speed (Arterial),Yes,31.35721389,-92.55860278,Non-Intersection,Daylight,Cloudy,Unknown,Unknown,Unknown EMS Scene Arrival Hour,Unknown EMS Scene Arrival Minutes,Unknown,Unknown EMS Hospital Arrival Time,1,Daylight,Reduced Visibility,1,7,['Rear_Seat'],['None_Used'],0,0,Valid,0.0,0.0,81.0,36.0,"['Male', 'Female', 'Female']",0,0,3,4,5,Dry,Curve,Level,Lowest,No
16428,22,Louisiana,220470,0,3,3,0,3,NOT APPLICABLE,August,1,Tuesday,10,38,Urban,Medium Speed (Collector),No,29.85853611,-90.9777,Non-Intersection,Daylight,Clear,Unknown,Unknown,Unknown EMS Scene Arrival Hour,Unknown EMS Scene Arrival Minutes,Unknown,Unknown EMS Hospital Arrival Time,1,Daylight,Clear,1,2,['Driver'],['Shoulder_Lapbelt'],0,0,Valid,1.0,2.0,38.0,21.0,"['Male', 'Male', 'Female']",0,0,3,4,5,Dry,Straight,Level,Lowest,No
16429,22,Louisiana,220471,0,1,1,0,4,FORDOCHE,August,10,Thursday,3,40,Rural,Medium Speed (Collector),No,30.59729444,-91.62415833,Simple Junction,Dark - Not Lighted,Clear,Unknown,Unknown,Unknown EMS Scene Arrival Hour,Unknown EMS Scene Arrival Minutes,Unknown,Unknown EMS Hospital Arrival Time,3,Dark - Unlighted,Clear,3,1,"['Driver', 'Front_Passenger', 'Rear_Seat']","['Shoulder_Lapbelt', 'Shoulder_Lapbelt', 'Shoulder_Lapbelt']",0,0,Invalid,0.0,0.0,18.0,18.0,['Male'],4,0,3,4,3,Dry,Curve,Level,Lowest,No
16430,22,Louisiana,220472,3,2,1,1,1,NOT APPLICABLE,August,25,Friday,23,50,Rural,High Speed (Arterial),Yes,30.19104444,-90.43817778,Non-Intersection,Dark - Not Lighted,Clear,Unknown,Unknown,Unknown EMS Scene Arrival Hour,Unknown EMS Scene Arrival Minutes,Unknown,Unknown EMS Hospital Arrival Time,1,Dark - Unlighted,Clear,0,1,[],[],1,1,Invalid,0.0,0.0,37.0,37.0,['Male'],1,0,3,3,4,Dry,Straight,Level,Lowest,No
16431,22,Louisiana,220474,0,1,1,0,2,NOT APPLICABLE,September,3,Sunday,21,55,Rural,Low Speed (Local),No,31.00687778,-92.09746944,Non-Intersection,Dark - Not Lighted,Clear,Unknown,Unknown,Unknown EMS Scene Arrival Hour,Unknown EMS Scene Arrival Minutes,Unknown,Unknown EMS Hospital Arrival Time,1,Dark - Unlighted,Clear,1,1,['Driver'],['None_Used'],1,1,Valid,0.0,0.0,40.0,40.0,['Male'],0,0,5,4,3,Dry,Curve,Level,Lowest,No
16432,22,Louisiana,220476,0,1,1,0,1,NOT APPLICABLE,September,3,Sunday,17,55,Rural,Medium Speed (Collector),No,31.35149722,-92.717925,Non-Intersection,Daylight,Clear,Unknown,Unknown,Unknown EMS Scene Arrival Hour,Unknown EMS Scene Arrival Minutes,Not Applicable (Not Transported),Not Applicable (Not Transported),1,Daylight,Clear,1,0,['Driver'],['None_Used'],1,1,Valid,0.0,0.0,70.0,70.0,['Female'],0,0,3,4,3,Dry,Straight,Level,Lowest,No
16433,22,Louisiana,220477,1,1,1,0,1,NOT APPLICABLE,September,9,Saturday,3,30,Urban,High Speed (Arterial),Yes,29.89726111,-90.08423889,Non-Intersection,Dark - Lighted,Clear,Unknown,Unknown,Unknown EMS Scene Arrival Hour,Unknown EMS Scene Arrival Minutes,Unknown,Unknown EMS Hospital Arrival Time,1,Dark - Lighted,Clear,0,1,[],[],1,1,Invalid,0.0,0.0,24.0,24.0,['Male'],0,0,3,4,4,Dry,Straight,Grade/Hillcrest,Lowest,No
16434,22,Louisiana,220478,0,1,1,0,1,NOT APPLICABLE,September,10,Sunday,4,0,Rural,Medium Speed (Collector),No,31.19493056,-93.48326111,Non-Intersection,Dark - Not Lighted,Clear,Unknown,Unknown,7:00am-7:59am,7,Not Applicable (Not Transported),Not Applicable (Not Transported),1,Dark - Unlighted,Clear,1,0,['Driver'],['None_Used'],1,1,Valid,0.0,0.0,56.0,56.0,['Female'],1,0,2,4,3,Dry,Curve,Grade/Hillcrest,Lowest,No
16435,22,Louisiana,220479,0,2,2,0,2,ALEXANDRIA,September,12,Tuesday,21,32,Urban,High Speed (Arterial),Yes,31.30094167,-92.48031389,Complex/Circle,Dark - Lighted,Clear,Unknown,Unknown,Unknown EMS Scene Arrival Hour,Unknown EMS Scene Arrival Minutes,Not Applicable (Not Transported),Not Applicable (Not Transported),1,Dark - Lighted,Clear,1,1,['Driver'],['None_Used'],0,0,Valid,0.0,0.0,25.0,23.0,"['Female', 'Male']",0,0,5,4,5,Dry,Straight,Level,Lowest,No
16436,22,Louisiana,220480,1,1,1,0,1,HOUMA,September,19,Tuesday,21,55,Urban,High Speed (Arterial),Yes,29.57692222,-90.68841111,Non-Intersection,Dark - Not Lighted,Clear,Unknown,Unknown,Unknown EMS Scene Arrival Hour,Unknown EMS Scene Arrival Minutes,Not Applicable (Not Transported),Not Applicable (Not Transported),1,Dark - Unlighted,Clear,0,1,[],[],0,0,Valid,0.0,0.0,29.0,29.0,['Male'],0,0,3,0,4,Dry,Curve,Level,Lowest,No
16437,22,Louisiana,220481,0,1,1,0,1,NOT APPLICABLE,September,21,Thursday,18,10,Rural,Medium Speed (Collector),No,32.27023889,-92.20635,Non-Intersection,Daylight,Clear,Unknown,Unknown if Notified,Unknown EMS Scene Arrival Hour,Unknown if Arrived,Not Applicable (Not Transported),Not Applicable (Not Transported),1,Daylight,Clear,1,0,['Driver'],['None_Used'],0,0,Valid,0.0,0.0,67.0,67.0,['Male'],0,0,5,4,2,Dry,Curve,Level,Lowest,No
16438,22,Louisiana,220482,0,1,1,0,1,NOT APPLICABLE,September,25,Monday,15,57,Urban,High Speed (Arterial),Yes,29.68836389,-90.65797222,Non-Intersection,Daylight,Rain,Unknown,Unknown,4:00pm-4:59pm,21,Not Applicable (Not Transported),Not Applicable (Not Transported),1,Daylight,Rain/Wind/Minor,1,0,['Driver'],['Shoulder_Lapbelt'],0,0,Valid,0.0,0.0,61.0,61.0,['Male'],0,0,3,4,3,Wet/Standing Water,Straight,Level,Lowest,No
16439,22,Louisiana,220483,2,1,1,0,1,NOT APPLICABLE,July,24,Monday,3,40,Urban,Medium Speed (Collector),No,30.56172778,-90.89173889,Non-Intersection,Dark - Not Lighted,Clear,Unknown,Unknown,Unknown EMS Scene Arrival Hour,Unknown EMS Scene Arrival Minutes,Unknown,Unknown EMS Hospital Arrival Time,2,Dark - Unlighted,Clear,0,1,[],[],0,0,Valid,0.0,0.0,33.0,33.0,['Male'],0,0,3,2,4,Dry,Curve,Level,Lowest,No
16440,22,Louisiana,220484,0,4,4,0,4,BATON ROUGE,July,26,Wednesday,11,29,Urban,Medium Speed (Collector),No,30.41920556,-91.09666111,Simple Junction,Daylight,Clear,Unknown,Unknown,Unknown EMS Scene Arrival Hour,Unknown EMS Scene Arrival Minutes,Unknown,Unknown EMS Hospital Arrival Time,1,Daylight,Clear,1,3,['Driver'],['Shoulder_Lapbelt'],0,0,Valid,0.0,0.0,84.0,39.0,"['Female', 'Female', 'Male', 'Male']",0,0,3,4,5,Dry,Straight,Level,Lowest,No
16441,22,Louisiana,220485,0,1,1,0,3,NOT APPLICABLE,August,24,Thursday,17,18,Urban,High Speed (Arterial),Yes,30.47918333,-90.53277222,Non-Intersection,Daylight,Clear,Unknown,Unknown,Unknown EMS Scene Arrival Hour,Unknown EMS Scene Arrival Minutes,Unknown,Unknown EMS Hospital Arrival Time,1,Daylight,Clear,1,2,['Rear_Seat'],['Shoulder_Lapbelt'],0,0,Invalid,0.0,0.0,33.0,33.0,['Male'],0,0,3,4,3,Dry,Straight,Level,Lowest,Yes
16442,22,Louisiana,220486,0,2,2,0,8,NOT APPLICABLE,September,5,Tuesday,4,25,Rural,High Speed (Arterial),Yes,30.48067222,-90.25478333,Non-Intersection,Dark - Not Lighted,Clear,Unknown,Unknown,Unknown EMS Scene Arrival Hour,Unknown EMS Scene Arrival Minutes,Unknown,Unknown EMS Hospital Arrival Time,1,Dark - Unlighted,Clear,1,7,['Rear_Seat'],['None_Used'],0,0,Valid,0.0,0.0,63.0,24.0,"['Male', 'Male']",0,0,3,4,3,Dry,Straight,Level,Lowest,No
16443,22,Louisiana,220487,0,2,2,0,3,NOT APPLICABLE,September,8,Friday,7,41,Rural,Medium Speed (Collector),No,30.18695,-92.79095278,Non-Intersection,Daylight,Clear,Unknown,Unknown,Unknown EMS Scene Arrival Hour,Unknown EMS Scene Arrival Minutes,Unknown,Unknown EMS Hospital Arrival Time,1,Daylight,Clear,1,2,['Driver'],['None_Used'],0,0,Valid,0.0,0.0,84.0,18.0,"['Male', 'Male']",0,0,5,4,5,Dry,Straight,Level,Lowest,No
16444,22,Louisiana,220488,1,1,1,0,1,NOT APPLICABLE,October,7,Saturday,21,22,Urban,Medium Speed (Collector),No,31.566475,-91.45925833,Non-Intersection,Dark - Not Lighted,Clear,9:00pm-9:59pm,24,9:00pm-9:59pm,33,10:00pm-10:59pm,2,1,Dark - Unlighted,Clear,0,1,[],[],0,0,Invalid,0.0,0.0,999.0,999.0,['Other'],0,0,1,0,4,Dry,Straight,Level,Lowest,No
16445,22,Louisiana,220489,1,1,1,0,1,LAFAYETTE,October,5,Thursday,20,31,Urban,Low Speed (Local),No,30.24442778,-92.03718611,Non-Intersection,Dark - Not Lighted,Clear,Unknown,Unknown,Unknown EMS Scene Arrival Hour,Unknown EMS Scene Arrival Minutes,Not Applicable (Not Transported),Not Applicable (Not Transported),1,Dark - Unlighted,Clear,0,1,[],[],0,0,Invalid,0.0,0.0,47.0,47.0,['Female'],0,0,2,3,4,Dry,Straight,Level,Lowest,No
16446,22,Louisiana,220490,1,2,2,0,2,NOT APPLICABLE,October,12,Thursday,20,33,Urban,High Speed (Arterial),Yes,32.41062778,-93.75164167,Non-Intersection,Dark - Lighted,Clear,Unknown,Unknown,Unknown EMS Scene Arrival Hour,Unknown EMS Scene Arrival Minutes,Unknown,Unknown EMS Hospital Arrival Time,1,Dark - Lighted,Clear,0,2,[],[],0,0,Valid,0.0,0.0,30.0,22.0,"['Male', 'Male']",0,0,3,4,4,Dry,Straight,Grade/Hillcrest,Lowest,No
16447,22,Louisiana,220491,0,2,2,0,4,NOT APPLICABLE,September,11,Monday,6,32,Rural,High Speed (Arterial),Yes,30.44727222,-92.87186944,Non-Intersection,Dawn,Clear,Unknown,Unknown,Unknown EMS Scene Arrival Hour,Unknown EMS Scene Arrival Minutes,Unknown,Unknown EMS Hospital Arrival Time,1,Twilight,Clear,1,3,['Front_Passenger'],['None_Used'],0,0,Valid,0.0,1.0,56.0,38.0,"['Male', 'Male']",0,0,4,4,5,Dry,Straight,Level,Medium,No
16448,22,Louisiana,220492,0,4,4,0,6,HAMMOND,September,18,Monday,18,49,Urban,High Speed (Arterial),Yes,30.50097222,-90.47572222,Complex/Circle,Dusk,Clear,Unknown,Unknown,Unknown EMS Scene Arrival Hour,Unknown EMS Scene Arrival Minutes,Unknown,Unknown EMS Hospital Arrival Time,1,Twilight,Clear,1,5,['Front_Passenger'],['None_Used'],1,1,Invalid,0.0,2.0,60.0,21.0,"['Female', 'Male', 'Male', 'Male']",2,0,3,4,5,Dry,Curve,Level,Lowest,No
16449,22,Louisiana,220493,0,1,1,0,1,NOT APPLICABLE,September,20,Wednesday,15,24,Urban,High Speed (Arterial),Yes,30.27538889,-91.96937222,Non-Intersection,Daylight,Clear,Unknown,Unknown,Unknown EMS Scene Arrival Hour,Unknown EMS Scene Arrival Minutes,Not Applicable (Not Transported),Not Applicable (Not Transported),1,Daylight,Clear,1,0,['Driver'],['Shoulder_Lapbelt'],0,0,Valid,0.0,0.0,45.0,45.0,['Male'],0,0,4,4,3,Dry,Straight,Level,Lowest,No
16450,22,Louisiana,220494,1,1,1,0,1,NOT APPLICABLE,September,23,Saturday,6,16,Urban,Medium Speed (Collector),No,29.81556111,-90.87578333,Non-Intersection,Dark - Not Lighted,Clear,Unknown,Unknown,Unknown EMS Scene Arrival Hour,Unknown EMS Scene Arrival Minutes,Not Applicable (Not Transported),Not Applicable (Not Transported),1,Dark - Unlighted,Clear,0,1,[],[],0,0,Valid,0.0,0.0,32.0,32.0,['Female'],0,0,2,3,4,Dry,Straight,Level,Lowest,No
16451,22,Louisiana,220495,0,1,1,0,1,NOT APPLICABLE,September,26,Tuesday,9,8,Urban,Medium Speed (Collector),No,29.95578056,-92.14953333,Non-Intersection,Daylight,Cloudy,Unknown,Unknown,Unknown EMS Scene Arrival Hour,Unknown EMS Scene Arrival Minutes,Unknown,Unknown EMS Hospital Arrival Time,1,Daylight,Reduced Visibility,1,0,['Driver'],['None_Used'],0,0,Valid,0.0,0.0,44.0,44.0,['Male'],0,0,3,4,3,Dry,Straight,Level,Lowest,No
16452,22,Louisiana,220496,0,1,1,0,6,NOT APPLICABLE,September,29,Friday,17,20,Rural,Medium Speed (Collector),No,32.45411667,-91.45181111,Non-Intersection,Daylight,Clear,Unknown,Unknown,Unknown EMS Scene Arrival Hour,Unknown EMS Scene Arrival Minutes,Unknown,Unknown EMS Hospital Arrival Time,2,Daylight,Clear,2,4,"['Non_Standard_Risk', 'Non_Standard_Risk']","['None_Used', 'None_Used']",1,1,Invalid,0.0,1.0,26.0,26.0,['Female'],6,0,3,4,3,Dry,Curve,Level,Lowest,No
16453,22,Louisiana,220497,0,1,1,0,1,NOT APPLICABLE,September,26,Tuesday,14,9,Rural,Medium Speed (Collector),No,32.19798056,-91.70469444,Non-Intersection,Daylight,Clear,1:00pm-1:59pm,59,Unknown EMS Scene Arrival Hour,Unknown EMS Scene Arrival Minutes,Not Applicable (Not Transported),Not Applicable (Not Transported),1,Daylight,Clear,1,0,['Driver'],['None_Used'],1,1,Valid,0.0,0.0,48.0,48.0,['Female'],1,0,3,4,3,Dry,Curve,Level,Lowest,No
16454,22,Louisiana,220498,0,2,2,0,3,NOT APPLICABLE,September,26,Tuesday,17,20,Urban,High Speed (Arterial),Yes,32.51034722,-92.25694444,Non-Intersection,Daylight,Clear,Unknown,Unknown,Unknown EMS Scene Arrival Hour,Unknown EMS Scene Arrival Minutes,Not Applicable (Not Transported),Not Applicable (Not Transported),2,Daylight,Clear,2,1,"['Driver', 'Front_Passenger']","['Shoulder_Lapbelt', 'Shoulder_Lapbelt']",1,1,Invalid,0.0,0.0,60.0,24.0,"['Male', 'Male']",0,0,2,4,5,Dry,Straight,Level,Lowest,No
16455,22,Louisiana,220499,0,1,1,0,1,NOT APPLICABLE,September,28,Thursday,19,27,Rural,Low Speed (Local),No,30.05070833,-92.07542222,Non-Intersection,Dark - Not Lighted,Clear,Unknown,Unknown,Unknown EMS Scene Arrival Hour,Unknown EMS Scene Arrival Minutes,Unknown,Unknown EMS Hospital Arrival Time,1,Dark - Unlighted,Clear,1,0,['Driver'],['None_Used'],1,1,Valid,0.0,0.0,45.0,45.0,['Male'],0,0,5,4,2,Dry,Curve,Level,Lowest,No
16456,22,Louisiana,220500,1,1,1,0,1,HOUMA,September,28,Thursday,21,56,Urban,High Speed (Arterial),Yes,29.57680278,-90.68825556,Non-Intersection,Dark - Not Lighted,Clear,Unknown,Unknown,Unknown EMS Scene Arrival Hour,Unknown EMS Scene Arrival Minutes,Not Applicable (Not Transported),Not Applicable (Not Transported),1,Dark - Unlighted,Clear,0,1,[],[],0,0,Valid,0.0,0.0,47.0,47.0,['Male'],0,0,3,3,4,Dry,Straight,Level,Lowest,No
16457,22,Louisiana,220501,0,2,2,0,5,GRAYSON,September,29,Friday,15,47,Rural,High Speed (Arterial),Yes,32.04403333,-92.11485278,Non-Intersection,Daylight,Clear,Unknown,Unknown,Unknown EMS Scene Arrival Hour,Unknown EMS Scene Arrival Minutes,Unknown,Unknown EMS Hospital Arrival Time,2,Daylight,Clear,2,3,"['Driver', 'Driver']","['Shoulder_Lapbelt', 'Shoulder_Lapbelt']",1,1,Valid,0.0,0.0,60.0,53.0,"['Female', 'Female']",0,0,3,4,5,Dry,Straight,Level,Lowest,No
16458,22,Louisiana,220502,0,1,1,0,1,NOT APPLICABLE,September,30,Saturday,21,58,Rural,Medium Speed (Collector),No,32.79113611,-94.02821111,Non-Intersection,Dark - Not Lighted,Clear,Unknown,Unknown,Unknown EMS Scene Arrival Hour,Unknown EMS Scene Arrival Minutes,Not Applicable (Not Transported),Not Applicable (Not Transported),1,Dark - Unlighted,Clear,1,0,['Driver'],['None_Used'],1,1,Invalid,0.0,0.0,66.0,66.0,['Male'],1,0,3,4,3,Dry,Curve,Level,Lowest,No
16459,22,Louisiana,220503,1,2,2,0,2,BATON ROUGE,September,30,Saturday,23,42,Urban,High Speed (Arterial),Yes,30.45388611,-91.139175,Complex/Circle,Dark - Lighted,Clear,Unknown,Unknown,Unknown EMS Scene Arrival Hour,Unknown EMS Scene Arrival Minutes,Not Applicable (Not Transported),Not Applicable (Not Transported),1,Dark - Lighted,Clear,0,2,[],[],0,0,Invalid,0.0,0.0,26.0,26.0,"['Male', 'Male']",0,0,2,2,4,Dry,Straight,Level,Lowest,No
16460,22,Louisiana,220504,1,1,1,0,1,MAMOU,October,5,Thursday,6,34,Rural,Medium Speed (Collector),No,30.62651667,-92.41382222,Non-Intersection,Dark - Not Lighted,Cloudy,6:00am-6:59am,34,6:00am-6:59am,41,Not Applicable (Not Transported),Not Applicable (Not Transported),1,Dark - Unlighted,Reduced Visibility,0,1,[],[],0,0,Valid,0.0,0.0,58.0,58.0,['Male'],0,0,3,3,4,Dry,Straight,Level,Lowest,No
16461,22,Louisiana,220505,0,1,1,0,1,NOT APPLICABLE,August,13,Sunday,1,30,Urban,Medium Speed (Collector),No,32.62994444,-93.73330833,Non-Intersection,Dark - Lighted,Clear,0:00am-0:59am,21,0:00am-0:59am,26,1:00am-1:59am,4,1,Dark - Lighted,Clear,1,0,['Driver'],['Shoulder_Lapbelt'],0,0,Valid,0.0,0.0,67.0,67.0,['Male'],1,0,3,4,3,Dry,Straight,Level,Lowest,No
16462,22,Louisiana,220506,0,1,1,0,1,NOT APPLICABLE,August,30,Wednesday,10,59,Urban,High Speed (Arterial),Yes,29.97666111,-90.19315278,Non-Intersection,Daylight,Clear,Unknown,Unknown,Unknown EMS Scene Arrival Hour,Unknown EMS Scene Arrival Minutes,Unknown,Unknown EMS Hospital Arrival Time,1,Daylight,Clear,1,0,['Driver'],['Shoulder_Lapbelt'],0,0,Valid,0.0,0.0,64.0,64.0,['Male'],0,0,2,4,3,Dry,Straight,Level,Lowest,No
16463,22,Louisiana,220507,0,2,2,0,2,NOT APPLICABLE,September,1,Friday,2,16,Rural,High Speed (Arterial),Yes,30.21696111,-89.78829722,Non-Intersection,Dark - Lighted,Clear,Unknown,Unknown,Unknown EMS Scene Arrival Hour,Unknown EMS Scene Arrival Minutes,Unknown,Unknown EMS Hospital Arrival Time,1,Dark - Lighted,Clear,1,1,['Driver'],['Shoulder_Lapbelt'],1,1,Invalid,0.0,1.0,44.0,32.0,"['Male', 'Male']",0,0,3,4,5,Dry,Straight,Level,Lowest,No
16464,22,Louisiana,220508,0,2,2,0,4,LAKE CHARLES,September,7,Thursday,6,53,Urban,Medium Speed (Collector),Yes,30.124475,-93.28278611,Complex/Circle,Dawn,Clear,Unknown,Unknown,Unknown EMS Scene Arrival Hour,Unknown EMS Scene Arrival Minutes,Unknown,Unknown EMS Hospital Arrival Time,2,Twilight,Clear,2,2,"['Front_Passenger', 'Rear_Seat']","['Shoulder_Lapbelt', 'None_Used']",0,0,Valid,0.0,0.0,47.0,29.0,"['Male', 'Male']",0,0,4,4,5,Dry,Straight,Level,Lowest,No
16465,22,Louisiana,220509,1,1,1,0,1,BATON ROUGE,September,8,Friday,6,5,Urban,High Speed (Arterial),Yes,30.46347222,-91.13731389,Non-Intersection,Dark - Lighted,Clear,Unknown,Unknown,Unknown EMS Scene Arrival Hour,Unknown EMS Scene Arrival Minutes,Unknown,Unknown EMS Hospital Arrival Time,1,Dark - Lighted,Clear,0,1,[],[],0,0,Invalid,0.0,0.0,43.0,43.0,['Male'],0,0,3,2,4,Dry,Straight,Level,Lowest,No
16466,22,Louisiana,220510,0,1,1,0,1,NOT APPLICABLE,September,10,Sunday,11,1,Rural,High Speed (Arterial),Yes,30.24634167,-92.69166111,Non-Intersection,Daylight,Clear,Unknown,Unknown,Unknown EMS Scene Arrival Hour,Unknown EMS Scene Arrival Minutes,Not Applicable (Not Transported),Not Applicable (Not Transported),1,Daylight,Clear,1,0,['Driver'],['Shoulder_Lapbelt'],0,0,Valid,0.0,0.0,47.0,47.0,['Male'],0,0,2,4,3,Dry,Straight,Level,Lowest,No
16467,22,Louisiana,220511,0,2,2,0,2,NOT APPLICABLE,September,21,Thursday,20,46,Rural,Low Speed (Local),No,30.30570278,-92.72165833,Non-Intersection,Dark - Not Lighted,Clear,Unknown,Unknown,Unknown EMS Scene Arrival Hour,Unknown EMS Scene Arrival Minutes,Not Applicable (Not Transported),Not Applicable (Not Transported),1,Dark - Unlighted,Clear,1,1,['Driver'],['None_Used'],1,1,Valid,0.0,0.0,46.0,33.0,"['Male', 'Male']",0,0,3,2,1,Dry,Straight,Level,Lowest,No
16468,22,Louisiana,220512,0,2,2,0,3,NOT APPLICABLE,September,24,Sunday,0,24,Rural,High Speed (Arterial),Yes,31.70910833,-91.53899722,Non-Intersection,Dark - Not Lighted,Clear,Unknown,Unknown,Unknown EMS Scene Arrival Hour,Unknown EMS Scene Arrival Minutes,Unknown,Unknown EMS Hospital Arrival Time,1,Dark - Unlighted,Clear,1,2,['Front_Passenger'],['Shoulder_Lapbelt'],0,0,Valid,0.0,0.0,48.0,40.0,"['Male', 'Male']",0,0,4,4,5,Dry,Straight,Level,Lowest,No
16469,22,Louisiana,220513,0,1,1,0,2,NOT APPLICABLE,September,30,Saturday,6,30,Rural,Medium Speed (Collector),No,29.86069722,-91.52275,Non-Intersection,Dark - Not Lighted,Clear,Unknown,Unknown,Unknown EMS Scene Arrival Hour,Unknown EMS Scene Arrival Minutes,Unknown,Unknown EMS Hospital Arrival Time,1,Dark - Unlighted,Clear,1,1,['Driver'],['None_Used'],1,1,Valid,0.0,0.0,54.0,54.0,['Female'],0,0,2,4,3,Dry,Curve,Level,Lowest,No
16470,22,Louisiana,220514,1,1,1,0,1,NOT APPLICABLE,October,13,Friday,20,6,Rural,Medium Speed (Collector),No,30.692775,-92.39337222,Non-Intersection,Dark - Not Lighted,Clear,Unknown,Unknown,Unknown EMS Scene Arrival Hour,Unknown EMS Scene Arrival Minutes,Not Applicable (Not Transported),Not Applicable (Not Transported),1,Dark - Unlighted,Clear,0,1,[],[],0,0,Valid,0.0,0.0,54.0,54.0,['Female'],0,0,3,4,4,Dry,Straight,Level,Lowest,No
16471,22,Louisiana,220515,1,1,1,0,1,NOT APPLICABLE,October,13,Friday,22,57,Rural,Low Speed (Local),No,30.52740556,-91.36463889,Non-Intersection,Dark - Not Lighted,Clear,11:00pm-11:59pm,2,11:00pm-11:59pm,31,Unknown,Unknown EMS Hospital Arrival Time,1,Dark - Unlighted,Clear,1,0,['Driver'],['None_Used'],1,1,Invalid,0.0,0.0,43.0,43.0,['Male'],1,0,3,4,2,Dry,Straight,Level,Lowest,No
16472,22,Louisiana,220516,0,2,2,0,2,NEW ORLEANS,October,15,Sunday,11,10,Urban,Low Speed (Local),No,30.021675,-90.11539167,Simple Junction,Daylight,Clear,Unknown,Unknown,Unknown EMS Scene Arrival Hour,Unknown EMS Scene Arrival Minutes,Unknown,Unknown EMS Hospital Arrival Time,1,Daylight,Clear,1,1,['Driver'],['None_Used'],0,0,Valid,0.0,1.0,78.0,48.0,"['Female', 'Male']",0,0,5,4,5,Dry,Straight,Level,Lowest,No
16473,22,Louisiana,220517,0,1,1,0,1,SHREVEPORT,October,21,Saturday,0,29,Urban,Medium Speed (Collector),No,32.49995,-93.72883611,Complex/Circle,Dark - Lighted,Clear,Unknown,Unknown,Unknown EMS Scene Arrival Hour,Unknown EMS Scene Arrival Minutes,Unknown,Unknown EMS Hospital Arrival Time,1,Dark - Lighted,Clear,1,0,['Driver'],['None_Used'],1,1,Valid,0.0,0.0,45.0,45.0,['Male'],0,0,2,4,2,Dry,Straight,Grade/Hillcrest,Lowest,No
16474,22,Louisiana,220518,0,2,2,0,2,NOT APPLICABLE,March,8,Wednesday,19,31,Rural,Medium Speed (Collector),No,30.36983889,-90.84807222,Complex/Circle,Dark - Lighted,Clear,7:00pm-7:59pm,36,8:00pm-8:59pm,7,8:00pm-8:59pm,41,1,Dark - Lighted,Clear,1,1,['Driver'],['None_Used'],0,0,Valid,0.0,1.0,68.0,56.0,"['Male', 'Male']",0,0,5,4,5,Dry,Straight,Level,Lowest,No
16475,22,Louisiana,220519,1,1,1,0,1,NEW ORLEANS,April,22,Saturday,0,11,Urban,Low Speed (Local),No,29.94863611,-90.06957222,Complex/Circle,Dark - Not Lighted,Clear,Unknown,Unknown,Unknown EMS Scene Arrival Hour,Unknown EMS Scene Arrival Minutes,Unknown,Unknown EMS Hospital Arrival Time,1,Dark - Unlighted,Clear,0,1,[],[],0,0,Valid,0.0,0.0,38.0,38.0,['Male'],0,0,2,2,4,Dry,Straight,Level,Lowest,No
16476,22,Louisiana,220520,0,1,1,0,3,NOT APPLICABLE,July,18,Tuesday,19,29,Rural,Medium Speed (Collector),No,30.48158611,-90.64587222,Non-Intersection,Daylight,Clear,Unknown,Unknown,Unknown EMS Scene Arrival Hour,Unknown EMS Scene Arrival Minutes,Unknown,Unknown EMS Hospital Arrival Time,2,Daylight,Clear,2,1,"['Driver', 'Rear_Seat']","['None_Used', 'None_Used']",1,1,Valid,0.0,0.0,40.0,40.0,['Female'],3,0,2,4,3,Dry,Straight,Level,Lowest,No