,State_Code,State_Name,Crash_ID,Count_Non_Motorists,Count_Vehicles_Total,Count_Vehicle_Forms,Count_PVH_Involved,Count_Occupants_MV,City_Name,Month_Name,Day_of_Month,Day_of_Week,Crash_Hour,Crash_Minute,Area_Rural_Urban,Road_Functional_Class,On_NHS_Road,Latitude,Longitude,Intersection_Type,Light_Condition,Weather_Condition,Notif_Hour,Notif_Minute,Arrival_Hour,Arrival_Minute,Hospital_Hour,Hospital_Minute,Fatalities_Count,Clean_Light_Condition,Clean_Weather_Condition,Total_Killed,Total_Alive,Fatal_Seats_List,Killed_Restraint_List,Any_Driver_Drinking,Total_Drinking_Drivers,Driver_License_Category,Driver_Max_Prev_Accident_Count,Driver_Max_Prev_Speeding_Count,Max_Driver_Age,Min_Driver_Age,Driver_Sex_List,Total_Exceeding_Limit_Vehicles,Total_Too_Fast_Vehicles,Max_Vehicle_Type_Severity_5,Max_Vehicle_Damage_Rank,Max_Harmful_Event_Severity,Crash_Road_Surface_Condition,Crash_Horizontal_Alignment,Crash_Vertical_Profile,Crash_Impairment_Category,Crash_Vehicle_Defect
16477,22,Louisiana,220521,0,1,1,0,1,NOT APPLICABLE,July,22,Saturday,13,5,Rural,Low Speed (Local),No,31.56755278,-93.52520278,Non-Intersection,Daylight,Clear,12:00pm-12:59pm,9,12:00pm-12:59pm,19,1:00pm-1:59pm,11,1,Daylight,Clear,1,0,['Driver'],['Shoulder_Lapbelt'],0,0,Valid,0.0,0.0,62.0,62.0,['Male'],0,0,3,4,3,Dry,Straight,Level,Lowest,No
16478,22,Louisiana,220522,1,1,1,0,1,NEW ORLEANS,July,23,Sunday,16,42,Urban,Low Speed (Local),No,29.94493611,-90.08991944,Complex/Circle,Daylight,Clear,5:00pm-5:59pm,43,5:00pm-5:59pm,47,6:00pm-6:59pm,4,1,Daylight,Clear,0,1,[],[],0,0,Valid,0.0,0.0,23.0,23.0,['Female'],0,0,2,2,4,Dry,Straight,Level,Lowest,No
16479,22,Louisiana,220523,1,1,1,0,1,NEW ORLEANS,August,15,Tuesday,19,40,Urban,High Speed (Arterial),Yes,29.959925,-90.097,Non-Intersection,Dusk,Clear,Unknown,Unknown,Unknown EMS Scene Arrival Hour,Unknown EMS Scene Arrival Minutes,Unknown,Unknown EMS Hospital Arrival Time,1,Twilight,Clear,0,1,[],[],0,0,Valid,0.0,0.0,63.0,63.0,['Male'],0,0,3,2,4,Dry,Straight,Level,Lowest,No
16480,22,Louisiana,220524,0,1,1,0,1,NOT APPLICABLE,August,26,Saturday,6,55,Urban,Medium Speed (Collector),No,30.687075,-90.50830833,Non-Intersection,Dawn,Clear,6:00am-6:59am,0,6:00am-6:59am,19,6:00am-6:59am,35,1,Twilight,Clear,1,0,['Driver'],['None_Used'],1,1,Valid,0.0,0.0,30.0,30.0,['Female'],0,0,3,4,3,Dry,Straight,Level,Lowest,No
16481,22,Louisiana,220525,0,1,1,0,3,NOT APPLICABLE,September,13,Wednesday,19,40,Rural,Medium Speed (Collector),No,30.83925556,-90.17396944,Simple Junction,Dark - Not Lighted,Clear,Unknown,Unknown,Unknown EMS Scene Arrival Hour,Unknown EMS Scene Arrival Minutes,Unknown,Unknown EMS Hospital Arrival Time,1,Dark - Unlighted,Clear,1,2,['Driver'],['None_Used'],0,0,Valid,0.0,0.0,44.0,44.0,['Male'],3,0,2,4,4,Dry,Straight,Level,Lowest,No
16482,22,Louisiana,220526,0,2,2,0,3,RUSTON,September,13,Wednesday,19,35,Urban,Medium Speed (Collector),No,32.52371667,-92.64866944,Non-Intersection,Dark - Lighted,Cloudy,Unknown,Unknown,Unknown EMS Scene Arrival Hour,Unknown EMS Scene Arrival Minutes,Unknown,Unknown EMS Hospital Arrival Time,1,Dark - Lighted,Reduced Visibility,1,2,['Driver'],['Shoulder_Lapbelt'],0,0,Valid,0.0,0.0,74.0,18.0,"['Male', 'Male']",0,0,3,4,5,Dry,Straight,Non-Trafficway,Lowest,No
16483,22,Louisiana,220527,0,2,2,0,2,NOT APPLICABLE,September,15,Friday,21,29,Urban,Medium Speed (Collector),Yes,29.64819722,-90.69093889,Simple Junction,Dark - Lighted,Clear,Unknown,Unknown,Unknown EMS Scene Arrival Hour,Unknown EMS Scene Arrival Minutes,Unknown,Unknown EMS Hospital Arrival Time,1,Dark - Lighted,Clear,1,1,['Driver'],['None_Used'],1,1,Valid,0.0,0.0,54.0,30.0,"['Male', 'Male']",0,0,5,4,5,Dry,Straight,Level,Lowest,No
16484,22,Louisiana,220528,0,1,1,0,1,NOT APPLICABLE,September,21,Thursday,0,5,Rural,Medium Speed (Collector),No,31.361,-92.17458056,Non-Intersection,Dark - Not Lighted,Clear,Unknown,Unknown if Notified,Unknown EMS Scene Arrival Hour,Unknown if Arrived,Not Applicable (Not Transported),Not Applicable (Not Transported),1,Dark - Unlighted,Clear,1,0,['Driver'],['None_Used'],1,1,Valid,0.0,0.0,32.0,32.0,['Male'],0,0,3,4,3,Dry,Straight,Level,Lowest,No
16485,22,Louisiana,220529,0,2,2,0,2,NOT APPLICABLE,September,24,Sunday,19,45,Rural,Medium Speed (Collector),No,30.53777778,-90.66390833,Non-Intersection,Dark - Not Lighted,Clear,Unknown,Unknown,Unknown EMS Scene Arrival Hour,Unknown EMS Scene Arrival Minutes,Unknown,Unknown EMS Hospital Arrival Time,1,Dark - Unlighted,Clear,1,1,['Driver'],['None_Used'],0,0,Valid,0.0,0.0,88.0,57.0,"['Male', 'Male']",0,0,5,4,5,Dry,Straight,Level,Lowest,Yes
16486,22,Louisiana,220530,0,1,1,0,2,NOT APPLICABLE,September,28,Thursday,23,50,Rural,High Speed (Arterial),Yes,32.50948889,-92.28699167,Non-Intersection,Dark - Not Lighted,Clear,Unknown,Unknown,Unknown EMS Scene Arrival Hour,Unknown EMS Scene Arrival Minutes,Unknown,Unknown EMS Hospital Arrival Time,1,Dark - Unlighted,Clear,1,1,['Front_Passenger'],['None_Used'],1,1,Valid,1.0,1.0,29.0,29.0,['Male'],2,0,3,4,3,Dry,Straight,Level,Lowest,No
16487,22,Louisiana,220531,1,1,1,0,1,NEW ORLEANS,October,1,Sunday,23,11,Urban,High Speed (Arterial),Yes,29.973125,-90.05964167,Complex/Circle,Dark - Lighted,Clear,Unknown,Unknown,Unknown EMS Scene Arrival Hour,Unknown EMS Scene Arrival Minutes,Unknown,Unknown EMS Hospital Arrival Time,1,Dark - Lighted,Clear,0,1,[],[],0,0,Valid,0.0,0.0,50.0,50.0,['Male'],0,0,3,2,4,Dry,Straight,Level,Lowest,No
16488,22,Louisiana,220532,0,2,2,0,2,NOT APPLICABLE,October,6,Friday,23,53,Rural,High Speed (Arterial),Yes,29.87928611,-91.65893056,Non-Intersection,Dark - Not Lighted,Clear,Unknown,Unknown,Unknown EMS Scene Arrival Hour,Unknown EMS Scene Arrival Minutes,Unknown,Unknown EMS Hospital Arrival Time,1,Dark - Unlighted,Clear,1,1,['Driver'],['None_Used'],1,1,Invalid,0.0,1.0,59.0,26.0,"['Male', 'Male']",0,0,3,4,5,Dry,Straight,Level,Lowest,No
16489,22,Louisiana,220533,0,2,2,0,2,NOT APPLICABLE,October,3,Tuesday,12,38,Rural,High Speed (Arterial),Yes,31.37337778,-92.27078056,Simple Junction,Daylight,Clear,12:00pm-12:59pm,42,1:00pm-1:59pm,3,1:00pm-1:59pm,27,1,Daylight,Clear,1,1,['Driver'],['Shoulder_Lapbelt'],0,0,Valid,0.0,0.0,25.0,24.0,"['Female', 'Male']",0,0,4,4,5,Dry,Straight,Level,Lowest,No
16490,22,Louisiana,220534,1,1,1,0,1,HOUMA,October,8,Sunday,19,47,Urban,High Speed (Arterial),Yes,29.54999167,-90.679375,Simple Junction,Dark - Lighted,Clear,Unknown,Unknown,Unknown EMS Scene Arrival Hour,Unknown EMS Scene Arrival Minutes,Not Applicable (Not Transported),Not Applicable (Not Transported),1,Dark - Lighted,Clear,0,1,[],[],0,0,Valid,0.0,2.0,66.0,66.0,['Male'],0,0,3,3,4,Dry,Straight,Level,Lowest,No
16491,22,Louisiana,220535,0,2,2,0,2,NOT APPLICABLE,October,9,Monday,14,18,Rural,Medium Speed (Collector),No,30.52886667,-90.07484444,Simple Junction,Daylight,Clear,2:00pm-2:59pm,20,2:00pm-2:59pm,28,3:00pm-3:59pm,10,1,Daylight,Clear,1,1,['Driver'],['None_Used'],0,0,Invalid,0.0,0.0,67.0,46.0,"['Female', 'Male']",0,0,5,4,5,Dry,Straight,Level,Lowest,No
16492,22,Louisiana,220536,0,1,1,0,1,NOT APPLICABLE,October,17,Tuesday,99,99,Rural,Medium Speed (Collector),No,30.57993056,-92.56891944,Non-Intersection,Dark - Unknown Lighting,Clear,Unknown,Unknown,Unknown EMS Scene Arrival Hour,Unknown if Arrived,Not Applicable (Not Transported),Not Applicable (Not Transported),1,Dark - Unlighted,Clear,1,0,['Driver'],['None_Used'],0,0,Invalid,0.0,0.0,64.0,64.0,['Male'],0,0,5,4,3,Dry,Straight,Level,Lowest,No
16493,22,Louisiana,220537,0,8,8,0,9,BATON ROUGE,October,20,Friday,22,26,Urban,Medium Speed (Collector),No,30.44455278,-91.13859167,Complex/Circle,Dark - Lighted,Clear,Unknown,Unknown,Unknown EMS Scene Arrival Hour,Unknown EMS Scene Arrival Minutes,Unknown,Unknown EMS Hospital Arrival Time,1,Dark - Lighted,Clear,1,8,['Driver'],['None_Used'],0,0,Valid,1.0,1.0,67.0,23.0,"['Female', 'Male', 'Female', 'Male', 'Male', 'Male', 'Female', 'Female']",2,0,3,4,5,Dry,Straight,Level,Lowest,No
16494,22,Louisiana,220538,0,1,1,0,1,NOT APPLICABLE,October,22,Sunday,0,20,Rural,Low Speed (Local),No,32.73329167,-92.34378056,Non-Intersection,Dark - Not Lighted,Clear,0:00am-0:59am,35,0:00am-0:59am,43,Not Applicable (Not Transported),Not Applicable (Not Transported),1,Dark - Unlighted,Clear,1,0,['Driver'],['None_Used'],1,1,Valid,0.0,1.0,21.0,21.0,['Male'],0,0,3,4,3,Dry,Straight,Level,Lowest,No
16495,22,Louisiana,220539,0,1,1,0,1,VINTON,May,10,Wednesday,8,7,Urban,High Speed (Arterial),Yes,30.18521389,-93.56735,Non-Intersection,Reported as Unknown,Rain,Unknown,Unknown,Unknown EMS Scene Arrival Hour,Unknown EMS Scene Arrival Minutes,Not Applicable (Not Transported),Not Applicable (Not Transported),1,Dark - Unlighted,Rain/Wind/Minor,1,0,['Driver'],['Shoulder_Lapbelt'],0,0,Valid,0.0,0.0,54.0,54.0,['Female'],0,0,2,4,4,Wet/Standing Water,Curve,Level,Lowest,No
16496,22,Louisiana,220540,0,1,1,0,1,NOT APPLICABLE,August,4,Friday,8,50,Rural,High Speed (Arterial),Yes,30.425875,-91.41085556,Non-Intersection,Daylight,Clear,Unknown,Unknown,Unknown EMS Scene Arrival Hour,Unknown EMS Scene Arrival Minutes,Not Applicable (Not Transported),Not Applicable (Not Transported),1,Daylight,Clear,1,0,['Driver'],['Shoulder_Lapbelt'],0,0,Valid,0.0,1.0,65.0,65.0,['Male'],0,0,3,4,3,Dry,Straight,Level,Lowest,No
16497,22,Louisiana,220541,0,2,2,0,2,NOT APPLICABLE,September,17,Sunday,20,2,Rural,Medium Speed (Collector),No,30.16260278,-92.672025,Non-Intersection,Dark - Not Lighted,Clear,Unknown,Unknown,Unknown EMS Scene Arrival Hour,Unknown EMS Scene Arrival Minutes,Unknown,Unknown EMS Hospital Arrival Time,1,Dark - Unlighted,Clear,1,1,['Driver'],['None_Used'],1,1,Valid,0.0,0.0,65.0,29.0,"['Male', 'Female']",0,0,3,4,5,Dry,Straight,Level,Lowest,No
16498,22,Louisiana,220542,0,1,1,0,1,MARTIN,October,6,Friday,8,19,Urban,Low Speed (Local),No,32.08994167,-93.17799444,Non-Intersection,Daylight,Cloudy,Unknown,Unknown,Unknown EMS Scene Arrival Hour,Unknown EMS Scene Arrival Minutes,Not Applicable (Not Transported),Not Applicable (Not Transported),1,Daylight,Reduced Visibility,1,0,['Driver'],['None_Used'],0,0,Valid,0.0,0.0,36.0,36.0,['Female'],0,0,3,4,3,Dry,Curve,Grade/Hillcrest,Lowest,No
16499,22,Louisiana,220543,0,1,1,0,1,NOT APPLICABLE,October,15,Sunday,0,0,Rural,Medium Speed (Collector),No,31.60467778,-92.14456667,Non-Intersection,Dark - Not Lighted,Clear,Unknown,Unknown,Unknown EMS Scene Arrival Hour,Unknown EMS Scene Arrival Minutes,Not Applicable (Not Transported),Not Applicable (Not Transported),1,Dark - Unlighted,Clear,1,0,['Driver'],['None_Used'],0,0,Invalid,0.0,0.0,49.0,49.0,['Male'],0,0,2,4,3,Dry,Curve,Grade/Hillcrest,Lowest,No
16500,22,Louisiana,220544,0,2,2,0,2,NOT APPLICABLE,October,18,Wednesday,16,49,Rural,Medium Speed (Collector),No,30.30371389,-92.396775,Complex/Circle,Daylight,Clear,Unknown,Unknown,Unknown EMS Scene Arrival Hour,Unknown EMS Scene Arrival Minutes,Not Applicable (Not Transported),Not Applicable (Not Transported),1,Daylight,Clear,1,1,['Driver'],['Shoulder_Lapbelt'],0,0,Valid,0.0,3.0,75.0,59.0,"['Male', 'Male']",0,0,3,4,5,Dry,Straight,Level,Lowest,No
16501,22,Louisiana,220545,1,1,1,0,1,KAPLAN,October,23,Monday,19,12,Rural,Medium Speed (Collector),No,30.00024722,-92.292475,Non-Intersection,Dark - Not Lighted,Clear,7:00pm-7:59pm,13,7:00pm-7:59pm,18,8:00pm-8:59pm,1,1,Dark - Unlighted,Clear,0,1,[],[],0,0,Valid,0.0,0.0,68.0,68.0,['Female'],0,0,3,2,4,Dry,Straight,Level,Lowest,No
16502,22,Louisiana,220546,0,2,2,0,2,NOT APPLICABLE,August,4,Friday,12,40,Urban,High Speed (Arterial),Yes,30.239325,-91.04044444,Non-Intersection,Daylight,Clear,11:00am-11:59am,48,11:00am-11:59am,57,12:00pm-12:59pm,38,1,Daylight,Clear,1,1,['Driver'],['None_Used'],0,0,Valid,0.0,0.0,63.0,43.0,"['Male', 'Male']",0,0,4,4,5,Dry,Straight,Level,Lowest,No
16503,22,Louisiana,220547,0,1,1,0,1,NOT APPLICABLE,August,5,Saturday,17,42,Urban,High Speed (Arterial),Yes,30.23118889,-90.96372222,Non-Intersection,Daylight,Clear,Unknown,Unknown,Unknown EMS Scene Arrival Hour,Unknown EMS Scene Arrival Minutes,Unknown,Unknown EMS Hospital Arrival Time,1,Daylight,Clear,1,0,['Driver'],['None_Used'],0,0,Valid,0.0,0.0,60.0,60.0,['Male'],0,0,2,4,3,Dry,Straight,Level,Lowest,No
16504,22,Louisiana,220548,1,1,1,0,1,BATON ROUGE,August,16,Wednesday,21,20,Urban,High Speed (Arterial),Yes,30.427975,-91.07811667,Complex/Circle,Dark - Lighted,Clear,Unknown,Unknown,Unknown EMS Scene Arrival Hour,Unknown EMS Scene Arrival Minutes,Unknown,Unknown EMS Hospital Arrival Time,1,Dark - Lighted,Clear,0,1,[],[],0,0,Valid,0.0,0.0,20.0,20.0,['Female'],0,0,2,3,4,Dry,Straight,Level,Lowest,No
16505,22,Louisiana,220549,0,1,1,0,1,NOT APPLICABLE,August,16,Wednesday,17,27,Rural,Low Speed (Local),No,30.66644722,-92.39830556,Non-Intersection,Daylight,Clear,Unknown,Unknown if Notified,Unknown EMS Scene Arrival Hour,Unknown if Arrived,Not Applicable (Not Transported),Not Applicable (Not Transported),1,Daylight,Clear,1,0,['Driver'],['None_Used'],1,1,Valid,0.0,0.0,38.0,38.0,['Male'],0,0,3,4,3,Dry,Straight,Level,Lowest,No
16506,22,Louisiana,220550,0,2,2,0,3,NOT APPLICABLE,September,1,Friday,13,20,Urban,Medium Speed (Collector),No,30.40730278,-90.93665278,Simple Junction,Daylight,Clear,Unknown,Unknown,Unknown EMS Scene Arrival Hour,Unknown EMS Scene Arrival Minutes,Unknown,Unknown EMS Hospital Arrival Time,1,Daylight,Clear,1,2,['Driver'],['None_Used'],0,0,Valid,0.0,0.0,73.0,35.0,"['Female', 'Male']",0,0,2,4,5,Dry,Straight,Level,Lowest,No
16507,22,Louisiana,220551,0,1,1,0,1,NOT APPLICABLE,September,16,Saturday,0,50,Urban,High Speed (Arterial),Yes,32.59373333,-93.32395,Non-Intersection,Dark - Not Lighted,Clear,Unknown,Unknown,Unknown EMS Scene Arrival Hour,Unknown EMS Scene Arrival Minutes,Not Applicable (Not Transported),Not Applicable (Not Transported),1,Dark - Unlighted,Clear,1,0,['Driver'],['None_Used'],0,0,Valid,0.0,0.0,53.0,53.0,['Male'],1,0,5,4,2,Dry,Straight,Level,Lowest,No
16508,22,Louisiana,220552,0,1,1,0,2,EUNICE,August,13,Sunday,1,53,Urban,Low Speed (Local),No,30.48753333,-92.41040556,Non-Intersection,Dark - Lighted,Clear,Unknown,Unknown,Unknown EMS Scene Arrival Hour,Unknown EMS Scene Arrival Minutes,Unknown,Unknown EMS Hospital Arrival Time,1,Dark - Lighted,Clear,1,1,['Front_Passenger'],['None_Used'],1,1,Invalid,0.0,2.0,32.0,32.0,['Female'],2,0,2,4,3,Dry,Straight,Level,Lowest,No
16509,22,Louisiana,220553,1,1,1,0,1,NOT APPLICABLE,September,19,Tuesday,7,35,Rural,High Speed (Arterial),Yes,30.47915833,-90.5361,Non-Intersection,Daylight,Clear,Unknown,Unknown,Unknown EMS Scene Arrival Hour,Unknown EMS Scene Arrival Minutes,Not Applicable (Not Transported),Not Applicable (Not Transported),1,Daylight,Clear,0,1,[],[],0,0,Valid,0.0,0.0,60.0,60.0,['Male'],0,0,4,2,4,Dry,Straight,Level,Lowest,No
16510,22,Louisiana,220554,0,1,1,0,1,NOT APPLICABLE,October,3,Tuesday,12,37,Rural,Medium Speed (Collector),No,30.28600833,-90.70725833,Simple Junction,Daylight,Clear,12:00pm-12:59pm,43,1:00pm-1:59pm,11,Not Applicable (Not Transported),Not Applicable (Not Transported),1,Daylight,Clear,1,0,['Driver'],['None_Used'],0,0,Valid,0.0,0.0,72.0,72.0,['Male'],0,0,5,3,3,Dry,Curve,Level,Lowest,No
16511,22,Louisiana,220555,0,2,2,0,3,NOT APPLICABLE,October,8,Sunday,21,30,Rural,Medium Speed (Collector),No,30.39204722,-92.20238611,Non-Intersection,Dark - Not Lighted,Clear,8:00pm-8:59pm,30,8:00pm-8:59pm,31,8:00pm-8:59pm,53,1,Dark - Unlighted,Clear,1,2,['Driver'],['None_Used'],1,1,Valid,0.0,0.0,38.0,34.0,"['Male', 'Male']",0,0,5,4,2,Dry,Straight,Level,Lowest,No
16512,22,Louisiana,220556,0,3,3,0,4,NOT APPLICABLE,October,28,Saturday,18,55,Rural,High Speed (Arterial),Yes,32.47274444,-91.83683889,Non-Intersection,Dark - Not Lighted,Other,5:00pm-5:59pm,57,6:00pm-6:59pm,4,6:00pm-6:59pm,29,1,Dark - Unlighted,Reduced Visibility,1,3,['Driver'],['None_Used'],1,1,Valid,0.0,1.0,63.0,54.0,"['Male', 'Male', 'Male']",0,0,5,4,2,Oil/Contaminated,Straight,Level,Lowest,No
16513,22,Louisiana,220557,0,1,1,0,1,MARKSVILLE,October,28,Saturday,13,32,Urban,Medium Speed (Collector),No,31.14050278,-92.04502222,Simple Junction,Daylight,Clear,Unknown,Unknown,Unknown EMS Scene Arrival Hour,Unknown EMS Scene Arrival Minutes,Not Applicable (Not Transported),Not Applicable (Not Transported),1,Daylight,Clear,1,0,['Driver'],['None_Used'],0,0,Valid,0.0,0.0,16.0,16.0,['Male'],0,0,5,0,2,Dry,Straight,Level,Lowest,No
16514,22,Louisiana,220558,1,2,2,0,3,SULPHUR,October,29,Sunday,20,5,Urban,Medium Speed (Collector),No,30.21417222,-93.37623333,Non-Intersection,Dark - Not Lighted,Clear,Unknown,Unknown,Unknown EMS Scene Arrival Hour,Unknown EMS Scene Arrival Minutes,Not Applicable (Not Transported),Not Applicable (Not Transported),1,Dark - Unlighted,Clear,0,3,[],[],0,0,Valid,0.0,0.0,998.0,16.0,"['Female', 'Other']",0,0,2,3,4,Dry,Straight,Level,Lowest,No
16515,22,Louisiana,220559,0,2,2,0,1,NOT APPLICABLE,September,23,Saturday,2,54,Rural,Medium Speed (Collector),No,30.20903611,-89.83066944,Non-Intersection,Dark - Not Lighted,Clear,Unknown,Unknown,Unknown EMS Scene Arrival Hour,Unknown EMS Scene Arrival Minutes,Not Applicable (Not Transported),Not Applicable (Not Transported),1,Dark - Unlighted,Clear,1,0,['Driver'],['None_Used'],1,1,Valid,0.0,0.0,34.0,34.0,['Male'],1,0,3,4,5,Dry,Straight,Level,Lowest,Yes
16516,22,Louisiana,220560,0,2,2,0,3,NOT APPLICABLE,October,11,Wednesday,14,9,Rural,High Speed (Arterial),Yes,29.76134444,-90.55091944,Non-Intersection,Daylight,Rain,2:00pm-2:59pm,13,2:00pm-2:59pm,13,Unknown,Unknown EMS Hospital Arrival Time,1,Daylight,Rain/Wind/Minor,1,2,['Driver'],['Shoulder_Lapbelt'],0,0,Valid,0.0,0.0,73.0,63.0,"['Female', 'Male']",1,0,2,4,5,Wet/Standing Water,Curve,Level,Lowest,No
16517,22,Louisiana,220561,0,2,2,0,2,NOT APPLICABLE,October,12,Thursday,19,21,Rural,Medium Speed (Collector),No,29.68463056,-90.09833611,Non-Intersection,Dark - Lighted,Clear,Unknown,Unknown,Unknown EMS Scene Arrival Hour,Unknown EMS Scene Arrival Minutes,Unknown,Unknown EMS Hospital Arrival Time,1,Dark - Lighted,Clear,1,1,['Driver'],['None_Used'],0,0,Invalid,0.0,0.0,35.0,28.0,"['Male', 'Male']",0,0,5,4,5,Dry,Straight,Level,Lowest,No
16518,22,Louisiana,220562,1,1,1,0,1,DUSON,October,15,Sunday,20,7,Rural,Low Speed (Local),No,30.24028056,-92.20431667,Non-Intersection,Dark - Not Lighted,Clear,8:00pm-8:59pm,38,8:00pm-8:59pm,52,Not Applicable (Not Transported),Not Applicable (Not Transported),1,Dark - Unlighted,Clear,0,1,[],[],0,0,Valid,0.0,0.0,34.0,34.0,['Male'],1,0,3,3,4,Dry,Straight,Level,Lowest,No
16519,22,Louisiana,220563,0,1,1,0,2,NOT APPLICABLE,October,22,Sunday,15,22,Rural,Medium Speed (Collector),No,31.76465278,-92.46328611,Non-Intersection,Daylight,Clear,Unknown,Unknown,4:00pm-4:59pm,5,Unknown,Unknown EMS Hospital Arrival Time,1,Daylight,Clear,1,1,['Front_Passenger'],['None_Used'],0,0,Invalid,0.0,0.0,31.0,31.0,['Female'],0,0,3,4,3,Dry,Straight,Level,Lowest,Yes
16520,22,Louisiana,220564,0,1,1,0,1,NOT APPLICABLE,November,2,Thursday,17,33,Rural,High Speed (Arterial),Yes,32.53953611,-92.54145,Non-Intersection,Daylight,Clear,Unknown,Unknown,5:00pm-5:59pm,44,Unknown,Unknown EMS Hospital Arrival Time,1,Daylight,Clear,1,0,['Driver'],['Shoulder_Lapbelt'],1,1,Valid,0.0,0.0,36.0,36.0,['Female'],0,0,2,4,3,Dry,Straight,Level,Lowest,No
16521,22,Louisiana,220565,0,1,1,0,1,NOT APPLICABLE,November,8,Wednesday,3,48,Rural,High Speed (Arterial),Yes,32.48062222,-91.88524444,Non-Intersection,Dark - Not Lighted,Clear,Unknown,Unknown,Unknown EMS Scene Arrival Hour,Unknown EMS Scene Arrival Minutes,Not Applicable (Not Transported),Not Applicable (Not Transported),1,Dark - Unlighted,Clear,1,0,['Driver'],['Shoulder_Lapbelt'],0,0,Valid,0.0,0.0,70.0,70.0,['Female'],0,0,2,4,3,Dry,Straight,Level,Lowest,No
16522,22,Louisiana,220566,0,1,1,0,1,NOT APPLICABLE,September,3,Sunday,3,15,Rural,Low Speed (Local),No,29.98977778,-91.93102778,Non-Intersection,Dark - Not Lighted,Clear,Unknown,Unknown,Unknown EMS Scene Arrival Hour,Unknown EMS Scene Arrival Minutes,Not Applicable (Not Transported),Not Applicable (Not Transported),1,Dark - Unlighted,Clear,1,0,['Driver'],['None_Used'],1,1,Valid,0.0,0.0,28.0,28.0,['Female'],0,0,2,4,2,Dry,Curve,Level,Lowest,No
16523,22,Louisiana,220567,0,1,1,0,1,NOT APPLICABLE,September,15,Friday,17,30,Rural,Low Speed (Local),No,29.96142778,-91.89124722,Non-Intersection,Daylight,Rain,Unknown,Unknown,Unknown EMS Scene Arrival Hour,Unknown EMS Scene Arrival Minutes,Not Applicable (Not Transported),Not Applicable (Not Transported),1,Daylight,Rain/Wind/Minor,1,0,['Driver'],['None_Used'],1,1,Valid,0.0,0.0,44.0,44.0,['Male'],1,0,3,4,3,Wet/Standing Water,Straight,Level,Lowest,No
16524,22,Louisiana,220568,1,2,2,0,2,NOT APPLICABLE,October,13,Friday,19,30,Rural,High Speed (Arterial),Yes,30.08540278,-90.44723611,Non-Intersection,Dark - Not Lighted,Clear,Unknown,Unknown,Unknown EMS Scene Arrival Hour,Unknown EMS Scene Arrival Minutes,Unknown,Unknown EMS Hospital Arrival Time,1,Dark - Unlighted,Clear,0,2,[],[],0,0,Valid,0.0,0.0,46.0,34.0,"['Male', 'Female']",0,0,3,3,4,Dry,Straight,Level,Lowest,No
16525,22,Louisiana,220569,0,1,1,0,1,NOT APPLICABLE,October,20,Friday,21,4,Rural,Low Speed (Local),No,29.89357222,-90.17280556,Non-Intersection,Dark - Lighted,Clear,9:00pm-9:59pm,3,9:00pm-9:59pm,11,9:00pm-9:59pm,40,1,Dark - Lighted,Clear,1,0,['Driver'],['None_Used'],1,1,Valid,0.0,0.0,31.0,31.0,['Male'],0,0,2,4,3,Dry,Straight,Level,Lowest,No
16526,22,Louisiana,220570,1,1,1,0,1,GONZALES,October,29,Sunday,15,33,Urban,High Speed (Arterial),Yes,30.21483889,-90.92058056,Non-Intersection,Daylight,Clear,Unknown,Unknown,Unknown EMS Scene Arrival Hour,Unknown EMS Scene Arrival Minutes,Unknown,Unknown EMS Hospital Arrival Time,1,Daylight,Clear,0,1,[],[],1,1,Valid,0.0,0.0,44.0,44.0,['Male'],0,0,3,3,4,Dry,Straight,Level,Lowest,No
16527,22,Louisiana,220571,0,1,1,0,1,NOT APPLICABLE,November,4,Saturday,1,3,Rural,Medium Speed (Collector),No,30.99713333,-92.2343,Non-Intersection,Dark - Not Lighted,Clear,Unknown,Unknown,Unknown EMS Scene Arrival Hour,Unknown EMS Scene Arrival Minutes,Not Applicable (Not Transported),Not Applicable (Not Transported),1,Dark - Unlighted,Clear,1,0,['Driver'],['None_Used'],1,1,Invalid,0.0,1.0,34.0,34.0,['Male'],1,0,2,4,3,Dry,Curve,Level,Lowest,No
16528,22,Louisiana,220572,0,2,2,0,2,NEW ORLEANS,November,6,Monday,4,5,Urban,High Speed (Arterial),Yes,30.00557778,-90.02326944,Non-Intersection,Dark - Not Lighted,Clear,4:00am-4:59am,7,4:00am-4:59am,10,Not Applicable (Not Transported),Not Applicable (Not Transported),1,Dark - Unlighted,Clear,1,1,['Driver'],['None_Used'],1,1,Valid,1.0,0.0,53.0,49.0,"['Male', 'Male']",1,0,4,4,5,Dry,Straight,Grade/Hillcrest,Lowest,No
16529,22,Louisiana,220573,0,5,5,0,5,NEW ORLEANS,November,7,Tuesday,4,37,Rural,High Speed (Arterial),Yes,30.08610278,-89.91405,Non-Intersection,Dark - Not Lighted,"Fog, Smog, Smoke",5:00am-5:59am,10,5:00am-5:59am,16,6:00am-6:59am,15,1,Dark - Unlighted,Reduced Visibility,1,4,['Driver'],['None_Used'],0,0,Valid,0.0,0.0,56.0,36.0,"['Male', 'Male', 'Male', 'Male', 'Female']",2,0,4,4,5,Wet/Standing Water,Straight,Level,Lowest,No