,State_Code,State_Name,Crash_ID,Count_Non_Motorists,Count_Vehicles_Total,Count_Vehicle_Forms,Count_PVH_Involved,Count_Occupants_MV,City_Name,Month_Name,Day_of_Month,Day_of_Week,Crash_Hour,Crash_Minute,Area_Rural_Urban,Road_Functional_Class,On_NHS_Road,Latitude,Longitude,Intersection_Type,Light_Condition,Weather_Condition,Notif_Hour,Notif_Minute,Arrival_Hour,Arrival_Minute,Hospital_Hour,Hospital_Minute,Fatalities_Count,Clean_Light_Condition,Clean_Weather_Condition,Total_Killed,Total_Alive,Fatal_Seats_List,Killed_Restraint_List,Any_Driver_Drinking,Total_Drinking_Drivers,Driver_License_Category,Driver_Max_Prev_Accident_Count,Driver_Max_Prev_Speeding_Count,Max_Driver_Age,Min_Driver_Age,Driver_Sex_List,Total_Exceeding_Limit_Vehicles,Total_Too_Fast_Vehicles,Max_Vehicle_Type_Severity_5,Max_Vehicle_Damage_Rank,Max_Harmful_Event_Severity,Crash_Road_Surface_Condition,Crash_Horizontal_Alignment,Crash_Vertical_Profile,Crash_Impairment_Category,Crash_Vehicle_Defect
16530,22,Louisiana,220574,1,1,1,0,1,NEW ORLEANS,November,10,Friday,18,47,Urban,High Speed (Arterial),Yes,30.01402778,-89.98986389,Non-Intersection,Dark - Lighted,Clear,Unknown,Unknown,Unknown EMS Scene Arrival Hour,Unknown EMS Scene Arrival Minutes,Not Applicable (Not Transported),Not Applicable (Not Transported),1,Dark - Lighted,Clear,0,1,[],[],0,0,Valid,0.0,1.0,58.0,58.0,['Male'],0,0,3,3,4,Dry,Straight,Level,Lowest,No
16531,22,Louisiana,220575,0,2,2,0,2,NOT APPLICABLE,November,11,Saturday,16,30,Rural,Medium Speed (Collector),No,32.71065833,-92.40964444,Simple Junction,Daylight,Clear,4:00pm-4:59pm,40,4:00pm-4:59pm,52,6:00pm-6:59pm,14,1,Daylight,Clear,1,1,['Driver'],['None_Used'],1,1,Invalid,0.0,0.0,42.0,32.0,"['Male', 'Male']",0,0,4,4,5,Dry,Curve,Level,Lowest,No
16532,22,Louisiana,220576,0,2,2,0,2,BATON ROUGE,November,13,Monday,20,4,Urban,Medium Speed (Collector),No,30.49253889,-91.16951389,Complex/Circle,Dark - Lighted,Rain,8:00pm-8:59pm,18,8:00pm-8:59pm,26,8:00pm-8:59pm,44,1,Dark - Lighted,Rain/Wind/Minor,1,1,['Driver'],['Shoulder_Lapbelt'],0,0,Invalid,0.0,3.0,28.0,23.0,"['Male', 'Male']",0,0,3,4,5,Wet/Standing Water,Straight,Level,Lowest,No
16533,22,Louisiana,220577,1,1,1,0,1,GONZALES,November,6,Monday,18,48,Urban,Low Speed (Local),No,30.21488333,-90.93724722,Non-Intersection,Dark - Not Lighted,Clear,Unknown,Unknown,Unknown EMS Scene Arrival Hour,Unknown EMS Scene Arrival Minutes,Not Applicable (Not Transported),Not Applicable (Not Transported),1,Dark - Unlighted,Clear,0,1,[],[],0,0,Invalid,0.0,1.0,41.0,41.0,['Male'],0,0,5,2,4,Dry,Straight,Level,Lowest,No
16534,22,Louisiana,220578,0,2,2,0,3,NOT APPLICABLE,September,16,Saturday,17,40,Urban,High Speed (Arterial),Yes,30.32117222,-91.12859444,Non-Intersection,Daylight,Clear,Unknown,Unknown,Unknown EMS Scene Arrival Hour,Unknown EMS Scene Arrival Minutes,Unknown,Unknown EMS Hospital Arrival Time,2,Daylight,Clear,2,1,"['Driver', 'Driver']","['None_Used', 'Shoulder_Lapbelt']",1,1,Valid,0.0,1.0,45.0,34.0,"['Male', 'Female']",0,0,3,4,5,Dry,Straight,Level,Lowest,No
16535,22,Louisiana,220579,0,2,2,0,3,NOT APPLICABLE,October,7,Saturday,15,0,Urban,High Speed (Arterial),Yes,29.97426389,-90.15206111,Complex/Circle,Daylight,Clear,Unknown,Unknown,Unknown EMS Scene Arrival Hour,Unknown EMS Scene Arrival Minutes,Unknown,Unknown EMS Hospital Arrival Time,1,Daylight,Clear,1,2,['Driver'],['None_Used'],0,0,Valid,0.0,0.0,66.0,51.0,"['Female', 'Male']",0,0,5,4,5,Dry,Straight,Level,Lowest,No
16536,22,Louisiana,220580,0,2,2,0,2,NOT APPLICABLE,October,27,Friday,11,38,Rural,High Speed (Arterial),Yes,30.24761944,-93.08646389,Non-Intersection,Daylight,Clear,11:00am-11:59am,41,11:00am-11:59am,48,12:00pm-12:59pm,22,1,Daylight,Clear,1,1,['Driver'],['Shoulder_Lapbelt'],0,0,Valid,0.0,1.0,38.0,30.0,"['Female', 'Male']",0,0,4,4,5,Dry,Straight,Level,Lowest,No
16537,22,Louisiana,220582,0,1,1,0,1,NOT APPLICABLE,September,18,Monday,8,28,Rural,Low Speed (Local),No,32.56847778,-92.06711389,Non-Intersection,Daylight,Clear,Unknown,Unknown,Unknown EMS Scene Arrival Hour,Unknown EMS Scene Arrival Minutes,Unknown,Unknown EMS Hospital Arrival Time,1,Daylight,Clear,1,0,['Driver'],['None_Used'],0,0,Valid,0.0,0.0,71.0,71.0,['Male'],0,0,3,4,2,Dry,Straight,Level,Lowest,No
16538,22,Louisiana,220583,0,2,2,0,2,NOT APPLICABLE,October,11,Wednesday,22,32,Rural,Medium Speed (Collector),No,30.60414722,-91.75581389,Non-Intersection,Dark - Not Lighted,Rain,Unknown,Unknown,Unknown EMS Scene Arrival Hour,Unknown EMS Scene Arrival Minutes,Not Applicable (Not Transported),Not Applicable (Not Transported),1,Dark - Unlighted,Rain/Wind/Minor,1,1,['Driver'],['Shoulder_Lapbelt'],0,0,Valid,0.0,0.0,47.0,30.0,"['Male', 'Male']",0,0,4,4,5,Wet/Standing Water,Curve,Level,Lowest,No
16539,22,Louisiana,220584,0,2,2,0,3,NOT APPLICABLE,October,16,Monday,14,46,Rural,Low Speed (Local),No,30.82645,-91.36485,Non-Intersection,Daylight,Clear,2:00pm-2:59pm,54,3:00pm-3:59pm,1,3:00pm-3:59pm,17,1,Daylight,Clear,1,2,['Driver'],['None_Used'],0,0,Valid,0.0,0.0,70.0,17.0,"['Male', 'Male']",2,0,4,4,5,Dry,Curve,Level,Lowest,No
16540,22,Louisiana,220585,0,2,2,0,2,SPRINGHILL,October,25,Wednesday,7,0,Urban,Medium Speed (Collector),No,32.97687222,-93.45765,Non-Intersection,Dawn,Cloudy,Unknown,Unknown,Unknown EMS Scene Arrival Hour,Unknown EMS Scene Arrival Minutes,Not Applicable (Not Transported),Not Applicable (Not Transported),1,Twilight,Reduced Visibility,1,1,['Driver'],['None_Used'],0,0,Valid,0.0,1.0,65.0,22.0,"['Female', 'Male']",0,0,4,4,5,Dry,Straight,Level,Lowest,No
16541,22,Louisiana,220586,0,1,1,0,1,NOT APPLICABLE,November,3,Friday,22,8,Rural,Medium Speed (Collector),No,30.00573611,-91.1045,Non-Intersection,Dark - Not Lighted,Clear,10:00pm-10:59pm,6,10:00pm-10:59pm,12,11:00pm-11:59pm,8,1,Dark - Unlighted,Clear,1,0,['Driver'],['None_Used'],1,1,Invalid,0.0,1.0,66.0,66.0,['Male'],1,0,3,4,3,Dry,Curve,Level,Lowest,No
16542,22,Louisiana,220588,0,1,1,0,2,NOT APPLICABLE,September,23,Saturday,0,33,Rural,Low Speed (Local),No,31.89684722,-93.81887778,Non-Intersection,Dark - Not Lighted,Clear,0:00am-0:59am,44,0:00am-0:59am,51,Unknown,Unknown EMS Hospital Arrival Time,1,Dark - Unlighted,Clear,1,1,['Driver'],['None_Used'],1,1,Valid,0.0,0.0,17.0,17.0,['Female'],2,0,5,4,2,Dry,Curve,Level,Lowest,No
16543,22,Louisiana,220589,0,2,2,0,2,NOT APPLICABLE,October,17,Tuesday,14,2,Rural,Medium Speed (Collector),No,30.126175,-93.03822222,Non-Intersection,Daylight,Clear,2:00pm-2:59pm,7,2:00pm-2:59pm,24,Not Applicable (Not Transported),Not Applicable (Not Transported),1,Daylight,Clear,1,1,['Driver'],['Shoulder_Lapbelt'],0,0,Valid,0.0,1.0,41.0,27.0,"['Male', 'Male']",0,0,4,4,5,Dry,Straight,Level,Lowest,No
16544,22,Louisiana,220590,0,1,1,0,2,NOT APPLICABLE,November,8,Wednesday,17,15,Rural,Medium Speed (Collector),No,31.47816389,-92.64381389,Non-Intersection,Dusk,Clear,5:00pm-5:59pm,9,5:00pm-5:59pm,25,Not Applicable (Not Transported),Not Applicable (Not Transported),2,Twilight,Clear,2,0,"['Driver', 'Front_Passenger']","['None_Used', 'None_Used']",1,1,Valid,0.0,0.0,21.0,21.0,['Male'],2,0,3,4,3,Dry,Curve,Level,Lowest,No
16545,22,Louisiana,220591,1,1,1,0,1,NOT APPLICABLE,November,23,Thursday,12,35,Urban,Low Speed (Local),No,30.31978889,-91.00427222,Non-Intersection,Daylight,Clear,12:00pm-12:59pm,37,12:00pm-12:59pm,55,1:00pm-1:59pm,11,1,Daylight,Clear,0,1,[],[],0,0,Valid,0.0,0.0,22.0,22.0,['Male'],0,0,3,1,4,Dry,Curve,Level,Lowest,No
16546,22,Louisiana,220593,0,2,2,0,2,WINNFIELD,November,29,Wednesday,5,40,Urban,High Speed (Arterial),Yes,31.92446944,-92.62562778,Non-Intersection,Dark - Lighted,Clear,5:00am-5:59am,46,5:00am-5:59am,56,6:00am-6:59am,26,1,Dark - Lighted,Clear,1,1,['Driver'],['None_Used'],1,1,Invalid,0.0,0.0,54.0,35.0,"['Male', 'Male']",0,0,4,4,5,Dry,Curve,Level,Lowest,No
16547,22,Louisiana,220594,1,1,1,0,1,BATON ROUGE,December,2,Saturday,7,23,Urban,High Speed (Arterial),Yes,30.43538056,-91.08325833,Non-Intersection,Reported as Unknown,Reported as Unknown,Unknown,Unknown if Notified,Unknown EMS Scene Arrival Hour,Unknown if Arrived,Not Applicable (Not Transported),Not Applicable (Not Transported),1,Dark - Unlighted,Clear,0,1,[],[],0,0,Invalid,0.0,0.0,999.0,999.0,['Other'],0,0,1,0,4,Dry,Straight,Level,Lowest,No
16548,22,Louisiana,220595,1,1,1,0,1,BASTROP,December,2,Saturday,17,51,Urban,High Speed (Arterial),Yes,32.78658333,-91.91348611,Non-Intersection,Dark - Not Lighted,Cloudy,Unknown,Unknown,Unknown EMS Scene Arrival Hour,Unknown EMS Scene Arrival Minutes,Not Applicable (Not Transported),Not Applicable (Not Transported),1,Dark - Unlighted,Reduced Visibility,0,1,[],[],0,0,Valid,0.0,0.0,26.0,26.0,['Female'],0,0,3,3,4,Dry,Straight,Level,Lowest,No
16549,22,Louisiana,220596,0,3,3,0,3,LUTCHER,August,14,Monday,16,41,Rural,High Speed (Arterial),Yes,30.08368889,-90.71494722,Non-Intersection,Daylight,Clear,Unknown,Unknown,Unknown EMS Scene Arrival Hour,Unknown EMS Scene Arrival Minutes,Unknown,Unknown EMS Hospital Arrival Time,1,Daylight,Clear,1,2,['Driver'],['Shoulder_Lapbelt'],0,0,Valid,0.0,0.0,33.0,17.0,"['Male', 'Female', 'Male']",0,0,3,4,5,Dry,Straight,Level,Lowest,No
16550,22,Louisiana,220597,0,1,1,0,1,NOT APPLICABLE,October,11,Wednesday,4,58,Rural,Low Speed (Local),No,32.86145,-93.50881667,Non-Intersection,Dark - Not Lighted,Cloudy,Unknown,Unknown,Unknown EMS Scene Arrival Hour,Unknown if Arrived,Not Applicable (Not Transported),Not Applicable (Not Transported),1,Dark - Unlighted,Reduced Visibility,1,0,['Driver'],['None_Used'],1,1,Valid,0.0,0.0,42.0,42.0,['Male'],1,0,3,4,3,Dry,Curve,Level,Lowest,No
16551,22,Louisiana,220598,0,3,3,0,4,PINEVILLE,November,4,Saturday,11,4,Urban,High Speed (Arterial),Yes,31.34585278,-92.42996667,Complex/Circle,Daylight,Clear,Unknown,Unknown,Unknown EMS Scene Arrival Hour,Unknown EMS Scene Arrival Minutes,Unknown,Unknown EMS Hospital Arrival Time,1,Daylight,Clear,1,3,['Driver'],['None_Used'],0,0,Valid,0.0,1.0,64.0,30.0,"['Female', 'Male', 'Male']",2,0,3,4,5,Dry,Straight,Grade/Hillcrest,Lowest,No
16552,22,Louisiana,220599,0,1,1,0,1,NOT APPLICABLE,November,4,Saturday,21,8,Rural,Medium Speed (Collector),No,30.64124444,-92.34290556,Non-Intersection,Dark - Not Lighted,Clear,9:00pm-9:59pm,16,9:00pm-9:59pm,27,10:00pm-10:59pm,25,1,Dark - Unlighted,Clear,1,0,['Driver'],['None_Used'],0,0,Invalid,0.0,0.0,42.0,42.0,['Male'],0,0,2,4,3,Dry,Straight,Level,Lowest,No
16553,22,Louisiana,220600,0,1,1,0,1,NEW ORLEANS,October,21,Saturday,11,0,Urban,High Speed (Arterial),Yes,29.93046389,-90.03715278,Non-Intersection,Daylight,Clear,Unknown,Unknown,Unknown EMS Scene Arrival Hour,Unknown EMS Scene Arrival Minutes,Unknown,Unknown EMS Hospital Arrival Time,1,Daylight,Clear,1,0,['Driver'],['Shoulder_Lapbelt'],0,0,Valid,0.0,0.0,59.0,59.0,['Male'],0,0,3,4,3,Dry,Straight,Level,Lowest,No
16554,22,Louisiana,220601,1,1,1,0,6,SAINT MARTINVILLE,October,22,Sunday,22,56,Urban,Medium Speed (Collector),No,30.10885833,-91.83598611,Non-Intersection,Dark - Not Lighted,"Fog, Smog, Smoke",Unknown,Unknown if Notified,Unknown EMS Scene Arrival Hour,Unknown if Arrived,Not Applicable (Not Transported),Not Applicable (Not Transported),1,Dark - Unlighted,Reduced Visibility,0,6,[],[],1,1,Valid,0.0,0.0,24.0,24.0,['Female'],0,0,3,3,4,Dry,Straight,Level,Lowest,No
16555,22,Louisiana,220602,0,3,3,0,4,NOT APPLICABLE,November,7,Tuesday,18,25,Urban,High Speed (Arterial),Yes,30.01933333,-91.91107778,Non-Intersection,Dark - Not Lighted,Clear,6:00pm-6:59pm,27,6:00pm-6:59pm,38,Not Applicable (Not Transported),Not Applicable (Not Transported),1,Dark - Unlighted,Clear,1,3,['Driver'],['Shoulder_Lapbelt'],0,0,Valid,0.0,0.0,67.0,48.0,"['Male', 'Female', 'Male']",0,0,3,4,5,Dry,Straight,Level,Lowest,No
16556,22,Louisiana,220603,1,1,1,0,2,BALDWIN,November,16,Thursday,13,32,Urban,High Speed (Arterial),Yes,29.83131389,-91.56097778,Non-Intersection,Daylight,Cloudy,1:00pm-1:59pm,23,1:00pm-1:59pm,33,Unknown,Unknown EMS Hospital Arrival Time,1,Daylight,Reduced Visibility,0,2,[],[],0,0,Valid,0.0,2.0,49.0,49.0,['Female'],0,0,3,2,4,Dry,Straight,Level,Lowest,No
16557,22,Louisiana,220604,1,2,2,0,2,NEW ORLEANS,November,25,Saturday,19,9,Urban,High Speed (Arterial),Yes,29.94968611,-90.08608056,Non-Intersection,Dark - Lighted,Rain,Unknown,Unknown,Unknown EMS Scene Arrival Hour,Unknown EMS Scene Arrival Minutes,Not Applicable (Not Transported),Not Applicable (Not Transported),1,Dark - Lighted,Rain/Wind/Minor,0,2,[],[],0,0,Invalid,0.0,0.0,999.0,999.0,"['Other', 'Other']",0,0,2,0,4,Wet/Standing Water,Straight,Grade/Hillcrest,Lowest,No
16558,22,Louisiana,220605,0,2,2,0,5,BATON ROUGE,December,5,Tuesday,9,43,Urban,High Speed (Arterial),Yes,30.45736111,-91.16615278,Complex/Circle,Daylight,Cloudy,9:00am-9:59am,45,9:00am-9:59am,50,10:00am-10:59am,33,1,Daylight,Reduced Visibility,1,3,['Front_Passenger'],['None_Used'],0,0,Invalid,0.0,0.0,999.0,39.0,"['Male', 'Female']",2,0,3,4,5,Dry,Straight,Level,Lowest,No
16559,22,Louisiana,220606,1,1,1,0,1,NEW ORLEANS,September,5,Tuesday,23,37,Urban,Medium Speed (Collector),No,29.95440278,-90.0687,Non-Intersection,Dark - Lighted,Clear,Unknown,Unknown,Unknown EMS Scene Arrival Hour,Unknown EMS Scene Arrival Minutes,Unknown,Unknown EMS Hospital Arrival Time,1,Dark - Lighted,Clear,0,1,[],[],0,0,Valid,0.0,0.0,23.0,23.0,['Female'],0,0,2,1,4,Dry,Straight,Level,Lowest,No
16560,22,Louisiana,220607,1,1,1,0,1,NOT APPLICABLE,October,5,Thursday,15,6,Urban,High Speed (Arterial),Yes,30.44458889,-90.99819444,Non-Intersection,Daylight,Clear,2:00pm-2:59pm,5,2:00pm-2:59pm,18,3:00pm-3:59pm,36,1,Daylight,Clear,0,1,[],[],0,0,Valid,0.0,0.0,61.0,61.0,['Male'],0,0,1,4,4,Dry,Straight,Level,Lowest,No
16561,22,Louisiana,220608,0,2,2,0,3,ALEXANDRIA,October,7,Saturday,0,45,Urban,Low Speed (Local),No,31.30982222,-92.492925,Non-Intersection,Dark - Not Lighted,Clear,Unknown,Unknown,Unknown EMS Scene Arrival Hour,Unknown EMS Scene Arrival Minutes,Unknown,Unknown EMS Hospital Arrival Time,1,Dark - Unlighted,Clear,1,2,['Front_Passenger'],['None_Used'],1,1,Valid,0.0,2.0,41.0,34.0,"['Female', 'Male']",3,0,2,4,5,Dry,Straight,Level,Lowest,No
16562,22,Louisiana,220609,0,2,2,0,2,NOT APPLICABLE,October,22,Sunday,16,58,Rural,Medium Speed (Collector),No,30.83850278,-90.99657222,Non-Intersection,Daylight,Clear,5:00pm-5:59pm,1,5:00pm-5:59pm,27,Not Applicable (Not Transported),Not Applicable (Not Transported),1,Daylight,Clear,1,1,['Driver'],['None_Used'],0,0,Valid,0.0,0.0,39.0,17.0,"['Female', 'Male']",0,0,2,4,5,Dry,Curve,Level,Lowest,No
16563,22,Louisiana,220610,0,1,1,0,1,NOT APPLICABLE,October,22,Sunday,22,32,Rural,Medium Speed (Collector),No,30.62139167,-90.30333333,Non-Intersection,Dark - Not Lighted,Clear,Unknown,Unknown,Unknown EMS Scene Arrival Hour,Unknown EMS Scene Arrival Minutes,Unknown,Unknown EMS Hospital Arrival Time,1,Dark - Unlighted,Clear,1,0,['Driver'],['None_Used'],1,1,Valid,0.0,1.0,27.0,27.0,['Male'],0,0,2,4,3,Dry,Straight,Level,Lowest,No
16564,22,Louisiana,220611,0,1,1,0,1,NOT APPLICABLE,October,29,Sunday,21,25,Rural,High Speed (Arterial),Yes,30.33811111,-89.73800833,Non-Intersection,Dark - Not Lighted,Clear,Unknown,Unknown if Notified,Unknown EMS Scene Arrival Hour,Unknown if Arrived,Not Applicable (Not Transported),Not Applicable (Not Transported),1,Dark - Unlighted,Clear,1,0,['Driver'],['None_Used'],0,0,Valid,0.0,0.0,44.0,44.0,['Male'],0,0,5,3,1,Dry,Straight,Level,Lowest,Yes
16565,22,Louisiana,220612,0,1,1,0,1,NOT APPLICABLE,November,18,Saturday,19,15,Rural,Medium Speed (Collector),No,31.35732222,-91.82746111,Non-Intersection,Dark - Not Lighted,Clear,7:00pm-7:59pm,10,7:00pm-7:59pm,55,Not Applicable (Not Transported),Not Applicable (Not Transported),1,Dark - Unlighted,Clear,1,0,['Driver'],['None_Used'],1,1,Valid,0.0,0.0,29.0,29.0,['Male'],0,0,1,4,3,Dry,Straight,Level,Lowest,No
16566,22,Louisiana,220613,0,1,1,0,6,SHREVEPORT,November,26,Sunday,19,5,Urban,Low Speed (Local),No,32.4211,-93.76260556,Non-Intersection,Dark - Lighted,Clear,7:00pm-7:59pm,4,7:00pm-7:59pm,10,7:00pm-7:59pm,43,1,Dark - Lighted,Clear,1,5,['Rear_Seat'],['None_Used'],0,0,Invalid,0.0,0.0,44.0,44.0,['Male'],0,0,2,3,3,Dry,Straight,Level,Lowest,No
16567,22,Louisiana,220614,1,1,1,0,2,NOT APPLICABLE,December,1,Friday,21,38,Urban,Medium Speed (Collector),No,32.53886389,-91.99063056,Simple Junction,Dark - Not Lighted,Cloudy,9:00pm-9:59pm,39,9:00pm-9:59pm,53,Not Applicable (Not Transported),Not Applicable (Not Transported),1,Dark - Unlighted,Reduced Visibility,0,2,[],[],0,0,Valid,0.0,0.0,75.0,75.0,['Male'],0,0,3,2,4,Dry,Straight,Level,Lowest,No
16568,22,Louisiana,220615,2,1,1,0,1,NOT APPLICABLE,December,6,Wednesday,18,44,Rural,Low Speed (Local),No,30.26295,-93.08106667,Non-Intersection,Dark - Not Lighted,Clear,6:00pm-6:59pm,44,6:00pm-6:59pm,58,Not Applicable (Not Transported),Not Applicable (Not Transported),1,Dark - Unlighted,Clear,0,1,[],[],0,0,Valid,0.0,0.0,30.0,30.0,['Female'],0,0,3,2,4,Dry,Straight,Level,Lowest,No
16569,22,Louisiana,220616,0,2,2,0,3,NOT APPLICABLE,October,27,Friday,4,55,Rural,Medium Speed (Collector),No,30.54684167,-90.14124722,Non-Intersection,Dark - Not Lighted,Clear,4:00am-4:59am,59,5:00am-5:59am,0,Unknown,Unknown EMS Hospital Arrival Time,1,Dark - Unlighted,Clear,1,2,['Driver'],['Shoulder_Lapbelt'],0,0,Valid,0.0,1.0,54.0,44.0,"['Male', 'Male']",0,0,4,4,5,Dry,Straight,Level,Lowest,No
16570,22,Louisiana,220617,0,2,2,0,3,NOT APPLICABLE,October,28,Saturday,3,4,Rural,High Speed (Arterial),Yes,30.48194722,-90.31626667,Non-Intersection,Dark - Not Lighted,Clear,3:00am-3:59am,14,3:00am-3:59am,24,Not Applicable (Not Transported),Not Applicable (Not Transported),1,Dark - Unlighted,Clear,1,2,['Driver'],['None_Used'],1,1,Valid,0.0,1.0,42.0,25.0,"['Male', 'Female']",0,0,5,4,5,Dry,Straight,Level,Lowest,No
16571,22,Louisiana,220618,1,1,1,0,2,THIBODAUX,November,11,Saturday,17,48,Urban,High Speed (Arterial),Yes,29.77971667,-90.81888611,Non-Intersection,Dark - Lighted,Cloudy,5:00pm-5:59pm,56,6:00pm-6:59pm,11,6:00pm-6:59pm,33,1,Dark - Lighted,Reduced Visibility,0,2,[],[],0,0,Valid,0.0,0.0,35.0,35.0,['Female'],0,0,3,3,4,Dry,Straight,Level,Lowest,No
16572,22,Louisiana,220619,0,2,2,0,2,NOT APPLICABLE,November,11,Saturday,21,31,Urban,High Speed (Arterial),Yes,30.45462778,-90.16768611,Non-Intersection,Dark - Not Lighted,Clear,10:00pm-10:59pm,1,10:00pm-10:59pm,8,Not Applicable (Not Transported),Not Applicable (Not Transported),1,Dark - Unlighted,Clear,1,1,['Driver'],['Shoulder_Lapbelt'],1,1,Valid,1.0,0.0,36.0,29.0,"['Male', 'Male']",1,0,4,4,5,Dry,Straight,Level,Lowest,No
16573,22,Louisiana,220620,0,2,2,0,2,LIVONIA,November,14,Tuesday,16,18,Rural,High Speed (Arterial),Yes,30.55487222,-91.56554444,Non-Intersection,Daylight,Rain,Unknown,Unknown,Unknown EMS Scene Arrival Hour,Unknown EMS Scene Arrival Minutes,Not Applicable (Not Transported),Not Applicable (Not Transported),1,Daylight,Rain/Wind/Minor,1,1,['Driver'],['None_Used'],0,0,Valid,0.0,0.0,46.0,34.0,"['Male', 'Male']",1,0,4,4,5,Wet/Standing Water,Straight,Level,Lowest,No
16574,22,Louisiana,220621,0,2,2,0,4,KROTZ SPRINGS,November,16,Thursday,13,16,Rural,High Speed (Arterial),Yes,30.54498333,-91.75202222,Non-Intersection,Other,Rain,1:00pm-1:59pm,22,1:00pm-1:59pm,50,2:00pm-2:59pm,24,1,Dark - Unlighted,Rain/Wind/Minor,1,3,['Rear_Seat'],['None_Used'],0,0,Invalid,0.0,0.0,53.0,32.0,"['Female', 'Male']",0,0,4,4,5,Wet/Standing Water,Straight,Grade/Hillcrest,Lowest,Yes
16575,22,Louisiana,220622,0,1,1,0,1,NOT APPLICABLE,November,25,Saturday,18,18,Rural,Medium Speed (Collector),No,30.77081667,-91.83592222,Non-Intersection,Dark - Not Lighted,Clear,6:00pm-6:59pm,30,7:00pm-7:59pm,2,7:00pm-7:59pm,51,1,Dark - Unlighted,Clear,1,0,['Driver'],['None_Used'],0,0,Valid,0.0,0.0,17.0,17.0,['Male'],1,0,3,4,3,Dry,Curve,Level,Lowest,No
16576,22,Louisiana,220624,1,2,2,0,2,NOT APPLICABLE,November,30,Thursday,13,25,Rural,Medium Speed (Collector),No,32.47384444,-92.15523889,Simple Junction,Daylight,Rain,1:00pm-1:59pm,53,1:00pm-1:59pm,59,2:00pm-2:59pm,24,1,Daylight,Rain/Wind/Minor,0,2,[],[],0,0,Valid,0.0,0.0,75.0,61.0,"['Male', 'Male']",1,0,3,4,5,Wet/Standing Water,Straight,Level,Lowest,No
16577,22,Louisiana,220626,2,1,1,0,1,NOT APPLICABLE,November,9,Thursday,19,49,Urban,Medium Speed (Collector),No,30.27755833,-93.16886111,Non-Intersection,Dark - Not Lighted,Clear,Unknown,Unknown,Unknown EMS Scene Arrival Hour,Unknown EMS Scene Arrival Minutes,Unknown,Unknown EMS Hospital Arrival Time,1,Dark - Unlighted,Clear,0,1,[],[],1,1,Valid,0.0,0.0,68.0,68.0,['Male'],0,0,3,3,4,Dry,Curve,Level,Lowest,No
16578,22,Louisiana,220627,1,1,1,0,1,NOT APPLICABLE,December,5,Tuesday,19,4,Urban,High Speed (Arterial),Yes,32.494875,-92.15745,Non-Intersection,Dark - Not Lighted,Clear,Unknown,Unknown,Unknown EMS Scene Arrival Hour,Unknown EMS Scene Arrival Minutes,Unknown,Unknown EMS Hospital Arrival Time,1,Dark - Unlighted,Clear,0,1,[],[],0,0,Valid,0.0,1.0,63.0,63.0,['Male'],0,0,3,3,4,Dry,Straight,Level,Lowest,No
16579,22,Louisiana,220628,0,1,1,0,1,NOT APPLICABLE,December,8,Friday,23,4,Rural,High Speed (Arterial),Yes,30.24760556,-92.142525,Non-Intersection,Dark - Not Lighted,Clear,11:00pm-11:59pm,12,11:00pm-11:59pm,27,11:00pm-11:59pm,56,1,Dark - Unlighted,Clear,1,0,['Driver'],['None_Used'],1,1,Valid,0.0,0.0,40.0,40.0,['Female'],0,0,2,4,3,Dry,Straight,Level,Lowest,No
16580,22,Louisiana,220629,1,1,1,0,1,ALEXANDRIA,December,13,Wednesday,19,48,Urban,Medium Speed (Collector),No,31.29846667,-92.45163056,Non-Intersection,Dark - Not Lighted,Clear,7:00pm-7:59pm,47,7:00pm-7:59pm,51,Not Applicable (Not Transported),Not Applicable (Not Transported),1,Dark - Unlighted,Clear,0,1,[],[],0,0,Valid,0.0,0.0,48.0,48.0,['Male'],0,0,4,3,4,Dry,Straight,Level,Lowest,No
16581,22,Louisiana,220630,0,3,3,0,5,NOT APPLICABLE,September,29,Friday,9,33,Urban,High Speed (Arterial),Yes,30.52705,-91.11720278,Non-Intersection,Daylight,Clear,Unknown,Unknown,Unknown EMS Scene Arrival Hour,Unknown EMS Scene Arrival Minutes,Unknown,Unknown EMS Hospital Arrival Time,3,Daylight,Clear,3,2,"['Driver', 'Driver', 'Front_Passenger']","['None_Used', 'Shoulder_Lapbelt', 'Shoulder_Lapbelt']",0,0,Valid,0.0,0.0,76.0,53.0,"['Male', 'Female', 'Male']",1,0,3,4,5,Dry,Straight,Level,Lowest,No
16582,22,Louisiana,220631,0,1,1,0,1,NOT APPLICABLE,October,1,Sunday,1,30,Urban,Medium Speed (Collector),No,30.231075,-90.88823333,Non-Intersection,Dark - Not Lighted,Clear,6:00am-6:59am,56,7:00am-7:59am,2,Not Applicable (Not Transported),Not Applicable (Not Transported),1,Dark - Unlighted,Clear,1,0,['Driver'],['None_Used'],1,1,Invalid,0.0,1.0,42.0,42.0,['Male'],0,0,2,4,3,Dry,Curve,Level,Lowest,No
16583,22,Louisiana,220632,0,3,3,0,5,NOT APPLICABLE,October,24,Tuesday,17,52,Urban,High Speed (Arterial),Yes,30.06194444,-90.47345278,Non-Intersection,Daylight,Rain,6:00pm-6:59pm,3,6:00pm-6:59pm,10,7:00pm-7:59pm,15,1,Daylight,Rain/Wind/Minor,1,4,['Driver'],['None_Used'],0,0,Valid,0.0,2.0,46.0,34.0,"['Female', 'Male', 'Male']",0,0,4,4,5,Wet/Standing Water,Straight,Level,Lowest,No