,State_Code,State_Name,Crash_ID,Count_Non_Motorists,Count_Vehicles_Total,Count_Vehicle_Forms,Count_PVH_Involved,Count_Occupants_MV,City_Name,Month_Name,Day_of_Month,Day_of_Week,Crash_Hour,Crash_Minute,Area_Rural_Urban,Road_Functional_Class,On_NHS_Road,Latitude,Longitude,Intersection_Type,Light_Condition,Weather_Condition,Notif_Hour,Notif_Minute,Arrival_Hour,Arrival_Minute,Hospital_Hour,Hospital_Minute,Fatalities_Count,Clean_Light_Condition,Clean_Weather_Condition,Total_Killed,Total_Alive,Fatal_Seats_List,Killed_Restraint_List,Any_Driver_Drinking,Total_Drinking_Drivers,Driver_License_Category,Driver_Max_Prev_Accident_Count,Driver_Max_Prev_Speeding_Count,Max_Driver_Age,Min_Driver_Age,Driver_Sex_List,Total_Exceeding_Limit_Vehicles,Total_Too_Fast_Vehicles,Max_Vehicle_Type_Severity_5,Max_Vehicle_Damage_Rank,Max_Harmful_Event_Severity,Crash_Road_Surface_Condition,Crash_Horizontal_Alignment,Crash_Vertical_Profile,Crash_Impairment_Category,Crash_Vehicle_Defect
16584,22,Louisiana,220633,0,2,2,0,2,NOT APPLICABLE,October,27,Friday,21,11,Urban,High Speed (Arterial),Yes,30.01702222,-90.31522778,Non-Intersection,Dark - Not Lighted,Clear,Unknown,Unknown if Notified,Unknown EMS Scene Arrival Hour,Unknown if Arrived,Not Applicable (Not Transported),Not Applicable (Not Transported),1,Dark - Unlighted,Clear,1,1,['Driver'],['None_Used'],0,0,Valid,0.0,0.0,49.0,40.0,"['Male', 'Male']",1,0,5,4,3,Dry,Straight,Level,Lowest,No
16585,22,Louisiana,220634,1,1,1,0,1,NOT APPLICABLE,November,4,Saturday,18,45,Urban,High Speed (Arterial),Yes,29.91291389,-90.17111667,Non-Intersection,Dusk,Clear,Unknown,Unknown if Notified,Unknown EMS Scene Arrival Hour,Unknown if Arrived,Not Applicable (Not Transported),Not Applicable (Not Transported),1,Twilight,Clear,0,1,[],[],0,0,Invalid,0.0,0.0,999.0,999.0,['Other'],0,0,1,0,4,Dry,Straight,Level,Lowest,No
16586,22,Louisiana,220635,0,7,7,0,10,NOT APPLICABLE,November,13,Monday,17,50,Urban,High Speed (Arterial),Yes,30.28757778,-93.18948889,Non-Intersection,Dark - Not Lighted,Cloudy,5:00pm-5:59pm,58,6:00pm-6:59pm,6,6:00pm-6:59pm,59,1,Dark - Unlighted,Reduced Visibility,1,9,['Front_Passenger'],['Shoulder_Lapbelt'],0,0,Valid,0.0,3.0,66.0,20.0,"['Male', 'Female', 'Male', 'Male', 'Male', 'Female', 'Male']",0,0,3,4,5,Wet/Standing Water,Straight,Grade/Hillcrest,Lowest,Yes
16587,22,Louisiana,220636,0,2,2,0,3,NOT APPLICABLE,November,19,Sunday,4,40,Urban,Medium Speed (Collector),No,29.78009444,-90.02738056,Non-Intersection,Dark - Not Lighted,Clear,4:00am-4:59am,33,4:00am-4:59am,45,Unknown,Unknown EMS Hospital Arrival Time,1,Dark - Unlighted,Clear,1,2,['Driver'],['Shoulder_Lapbelt'],1,1,Valid,1.0,1.0,48.0,32.0,"['Male', 'Male']",1,0,3,4,5,Dry,Straight,Level,Lowest,No
16588,22,Louisiana,220637,0,1,1,0,1,NOT APPLICABLE,November,25,Saturday,21,49,Rural,Low Speed (Local),No,30.80946944,-90.46204722,Non-Intersection,Dark - Not Lighted,Clear,9:00pm-9:59pm,54,10:00pm-10:59pm,12,Not Applicable (Not Transported),Not Applicable (Not Transported),1,Dark - Unlighted,Clear,1,0,['Driver'],['None_Used'],1,1,Invalid,0.0,0.0,44.0,44.0,['Male'],1,0,3,4,3,Dry,Curve,Grade/Hillcrest,Lowest,No
16589,22,Louisiana,220638,1,1,1,0,1,NOT APPLICABLE,November,29,Wednesday,13,33,Urban,Medium Speed (Collector),No,29.53640556,-90.33645,Non-Intersection,Daylight,Clear,1:00pm-1:59pm,44,2:00pm-2:59pm,11,2:00pm-2:59pm,42,1,Daylight,Clear,0,1,[],[],0,0,Valid,0.0,0.0,19.0,19.0,['Female'],0,0,3,2,4,Dry,Straight,Level,Lowest,No
16590,22,Louisiana,220639,0,2,2,0,3,NOT APPLICABLE,December,4,Monday,15,40,Rural,Medium Speed (Collector),No,32.62247778,-93.35775278,Complex/Circle,Daylight,Clear,3:00pm-3:59pm,45,3:00pm-3:59pm,55,Not Applicable (Not Transported),Not Applicable (Not Transported),1,Daylight,Clear,1,2,['Driver'],['Shoulder_Lapbelt'],0,0,Valid,0.0,0.0,35.0,34.0,"['Female', 'Female']",0,0,3,4,5,Dry,Straight,Level,Lowest,No
16591,22,Louisiana,220640,0,2,2,0,5,NOT APPLICABLE,December,4,Monday,17,21,Rural,Medium Speed (Collector),No,30.53410556,-91.52918333,Non-Intersection,Dark - Not Lighted,Clear,Unknown,Unknown,Unknown EMS Scene Arrival Hour,Unknown EMS Scene Arrival Minutes,Unknown,Unknown EMS Hospital Arrival Time,1,Dark - Unlighted,Clear,1,4,['Driver'],['Shoulder_Lapbelt'],0,0,Invalid,0.0,0.0,43.0,30.0,"['Male', 'Female']",3,0,3,4,5,Dry,Curve,Level,Lowest,No
16592,22,Louisiana,220641,0,2,2,0,3,NOT APPLICABLE,December,5,Tuesday,19,35,Rural,Medium Speed (Collector),No,30.23267778,-93.0883,Simple Junction,Dark - Not Lighted,Cloudy,7:00pm-7:59pm,43,7:00pm-7:59pm,56,8:00pm-8:59pm,47,1,Dark - Unlighted,Reduced Visibility,1,2,['Driver'],['None_Used'],0,0,Invalid,0.0,0.0,56.0,40.0,"['Male', 'Male']",0,0,3,4,5,Dry,Straight,Level,Lowest,No
16593,22,Louisiana,220642,0,2,2,0,2,NOT APPLICABLE,December,8,Friday,18,12,Rural,Medium Speed (Collector),No,30.29211944,-90.79401667,Non-Intersection,Dark - Not Lighted,Rain,6:00pm-6:59pm,17,6:00pm-6:59pm,34,7:00pm-7:59pm,20,1,Dark - Unlighted,Rain/Wind/Minor,1,1,['Driver'],['Shoulder_Lapbelt'],0,0,Invalid,0.0,0.0,96.0,37.0,"['Male', 'Male']",0,0,2,4,5,Wet/Standing Water,Curve,Level,Lowest,No
16594,22,Louisiana,220643,0,1,1,0,1,NOT APPLICABLE,December,10,Sunday,7,25,Rural,Medium Speed (Collector),No,32.46099167,-92.29385278,Non-Intersection,Daylight,Clear,Unknown,Unknown,Unknown EMS Scene Arrival Hour,Unknown EMS Scene Arrival Minutes,Unknown,Unknown EMS Hospital Arrival Time,1,Daylight,Clear,1,0,['Driver'],['None_Used'],0,0,Valid,0.0,0.0,27.0,27.0,['Male'],0,0,3,4,3,Dry,Curve,Level,Lowest,No
16595,22,Louisiana,220644,1,1,1,0,1,NOT APPLICABLE,December,10,Sunday,19,14,Rural,Medium Speed (Collector),No,29.90236944,-92.16678056,Non-Intersection,Dark - Not Lighted,Clear,7:00pm-7:59pm,19,7:00pm-7:59pm,31,8:00pm-8:59pm,1,1,Dark - Unlighted,Clear,0,1,[],[],0,0,Valid,0.0,1.0,46.0,46.0,['Female'],0,0,3,3,4,Dry,Curve,Level,Lowest,No
16596,22,Louisiana,220645,0,3,3,0,5,NOT APPLICABLE,December,11,Monday,17,20,Urban,Medium Speed (Collector),No,32.51964167,-91.97629722,Non-Intersection,Dusk,Clear,Unknown,Unknown,Unknown EMS Scene Arrival Hour,Unknown EMS Scene Arrival Minutes,Not Applicable (Not Transported),Not Applicable (Not Transported),1,Twilight,Clear,1,4,['Driver'],['None_Used'],0,0,Invalid,0.0,0.0,42.0,33.0,"['Male', 'Male', 'Male']",0,0,5,4,5,Dry,Straight,Level,Lowest,No
16597,22,Louisiana,220646,0,2,2,0,2,NOT APPLICABLE,December,14,Thursday,6,51,Rural,Medium Speed (Collector),No,30.80163611,-92.59503056,Non-Intersection,Daylight,Clear,Unknown,Unknown,Unknown EMS Scene Arrival Hour,Unknown EMS Scene Arrival Minutes,Unknown,Unknown EMS Hospital Arrival Time,1,Daylight,Clear,1,1,['Driver'],['Shoulder_Lapbelt'],0,0,Valid,0.0,0.0,75.0,31.0,"['Male', 'Female']",0,0,3,4,5,Dry,Straight,Level,Lowest,No
16598,22,Louisiana,220647,0,2,2,0,2,NOT APPLICABLE,December,15,Friday,6,54,Rural,Medium Speed (Collector),Yes,29.23341667,-90.19702222,Non-Intersection,Daylight,Clear,6:00am-6:59am,57,7:00am-7:59am,18,8:00am-8:59am,32,1,Daylight,Clear,1,1,['Driver'],['None_Used'],0,0,Invalid,0.0,0.0,57.0,27.0,"['Male', 'Male']",0,0,3,4,3,Dry,Straight,Level,Lowest,No
16599,22,Louisiana,220648,0,2,2,0,2,ANACOCO,December,15,Friday,9,45,Rural,High Speed (Arterial),Yes,31.25298333,-93.34205833,Non-Intersection,Daylight,Clear,Unknown,Unknown,Unknown EMS Scene Arrival Hour,Unknown EMS Scene Arrival Minutes,Unknown,Unknown EMS Hospital Arrival Time,1,Daylight,Clear,1,1,['Driver'],['None_Used'],0,0,Valid,0.0,0.0,82.0,40.0,"['Female', 'Male']",0,0,3,4,5,Dry,Straight,Level,Lowest,No
16600,22,Louisiana,220649,0,1,1,0,2,NOT APPLICABLE,December,11,Monday,14,12,Rural,Low Speed (Local),No,30.49488611,-90.05164444,Non-Intersection,Daylight,Clear,4:00pm-4:59pm,2,4:00pm-4:59pm,9,4:00pm-4:59pm,52,1,Daylight,Clear,1,1,['Non_Standard_Risk'],['None_Used'],0,0,Valid,0.0,0.0,34.0,34.0,['Female'],0,0,5,4,3,Dry,Curve,Level,Lowest,No
16601,22,Louisiana,220650,1,2,2,0,3,NOT APPLICABLE,October,4,Wednesday,21,0,Urban,Medium Speed (Collector),No,30.25461111,-90.97252222,Non-Intersection,Dark - Not Lighted,Clear,Unknown,Unknown,Unknown EMS Scene Arrival Hour,Unknown EMS Scene Arrival Minutes,Unknown,Unknown EMS Hospital Arrival Time,1,Dark - Unlighted,Clear,0,3,[],[],0,0,Valid,0.0,0.0,23.0,19.0,"['Male', 'Female']",0,0,3,2,4,Dry,Straight,Level,Lowest,No
16602,22,Louisiana,220651,1,1,1,0,1,KENNER,October,10,Tuesday,7,45,Urban,Medium Speed (Collector),No,30.03124167,-90.24866944,Complex/Circle,Daylight,Clear,Unknown,Unknown,Unknown EMS Scene Arrival Hour,Unknown EMS Scene Arrival Minutes,Unknown,Unknown EMS Hospital Arrival Time,1,Daylight,Clear,0,1,[],[],0,0,Valid,0.0,0.0,66.0,66.0,['Female'],0,0,2,2,4,Dry,Straight,Level,Lowest,No
16603,22,Louisiana,220652,0,2,2,0,2,NOT APPLICABLE,October,24,Tuesday,23,20,Rural,High Speed (Arterial),Yes,30.15524167,-90.81755278,Non-Intersection,Dark - Not Lighted,Clear,11:00pm-11:59pm,18,11:00pm-11:59pm,26,0:00am-0:59am,18,1,Dark - Unlighted,Clear,1,1,['Driver'],['None_Used'],1,2,Valid,1.0,1.0,34.0,23.0,"['Male', 'Female']",0,0,3,4,5,Dry,Straight,Level,Lowest,No
16604,22,Louisiana,220653,0,3,3,0,4,NOT APPLICABLE,November,8,Wednesday,18,18,Rural,Medium Speed (Collector),No,30.52941667,-91.40728333,Non-Intersection,Dusk,Clear,Unknown,Unknown,Unknown EMS Scene Arrival Hour,Unknown EMS Scene Arrival Minutes,Not Applicable (Not Transported),Not Applicable (Not Transported),1,Twilight,Clear,1,3,['Driver'],['None_Used'],0,0,Valid,0.0,3.0,71.0,28.0,"['Female', 'Male', 'Male']",0,0,5,3,5,Dry,Straight,Level,Lowest,No
16605,22,Louisiana,220654,0,2,2,0,2,NOT APPLICABLE,November,10,Friday,21,27,Urban,High Speed (Arterial),Yes,30.077275,-90.55052222,Non-Intersection,Dark - Lighted,Rain,9:00pm-9:59pm,30,9:00pm-9:59pm,33,10:00pm-10:59pm,37,1,Dark - Lighted,Rain/Wind/Minor,1,1,['Driver'],['None_Used'],1,1,Valid,0.0,2.0,68.0,21.0,"['Male', 'Male']",0,0,3,4,5,Dry,Straight,Non-Trafficway,Lowest,No
16606,22,Louisiana,220655,0,2,2,0,2,NOT APPLICABLE,November,22,Wednesday,13,10,Urban,Medium Speed (Collector),No,29.66368333,-91.12564444,Non-Intersection,Daylight,Clear,1:00pm-1:59pm,26,1:00pm-1:59pm,52,2:00pm-2:59pm,53,1,Daylight,Clear,1,1,['Driver'],['None_Used'],0,0,Valid,0.0,1.0,33.0,33.0,"['Female', 'Male']",0,0,3,4,5,Dry,Straight,Level,Lowest,No
16607,22,Louisiana,220656,0,1,1,0,2,NOT APPLICABLE,November,30,Thursday,9,22,Rural,Medium Speed (Collector),No,30.43095278,-90.69293889,Non-Intersection,Daylight,Clear,9:00am-9:59am,21,9:00am-9:59am,41,10:00am-10:59am,1,1,Daylight,Clear,1,1,['Driver'],['Shoulder_Lapbelt'],0,0,Invalid,0.0,0.0,39.0,39.0,['Male'],2,0,3,4,3,Wet/Standing Water,Curve,Level,Lowest,No
16608,22,Louisiana,220657,0,2,2,0,2,NOT APPLICABLE,November,30,Thursday,19,52,Urban,High Speed (Arterial),Yes,31.35143889,-92.34276389,Non-Intersection,Dark - Not Lighted,Rain,7:00pm-7:59pm,55,8:00pm-8:59pm,12,8:00pm-8:59pm,47,1,Dark - Unlighted,Rain/Wind/Minor,1,1,['Driver'],['Shoulder_Lapbelt'],0,0,Valid,0.0,0.0,77.0,54.0,"['Female', 'Male']",1,0,3,4,5,Dry,Straight,Non-Trafficway,Lowest,No
16609,22,Louisiana,220658,0,3,3,0,5,NOT APPLICABLE,December,1,Friday,9,0,Rural,Medium Speed (Collector),No,31.25128333,-92.19034444,Simple Junction,Daylight,Cloudy,9:00am-9:59am,6,9:00am-9:59am,15,10:00am-10:59am,31,2,Daylight,Reduced Visibility,2,3,"['Driver', 'Rear_Seat']","['Shoulder_Lapbelt', 'Shoulder_Lapbelt']",0,0,Valid,0.0,0.0,71.0,21.0,"['Female', 'Female', 'Female']",0,0,3,4,5,Wet/Standing Water,Curve,Level,Lowest,No
16610,22,Louisiana,220659,0,1,1,0,1,NOT APPLICABLE,December,2,Saturday,23,59,Urban,Medium Speed (Collector),No,30.29115,-91.88531944,Non-Intersection,Dark - Not Lighted,Clear,Unknown,Unknown if Notified,Unknown EMS Scene Arrival Hour,Unknown if Arrived,Not Applicable (Not Transported),Not Applicable (Not Transported),1,Dark - Unlighted,Clear,1,0,['Driver'],['None_Used'],1,1,Invalid,0.0,0.0,41.0,41.0,['Male'],1,0,3,4,3,Dry,Curve,Level,Lowest,No
16611,22,Louisiana,220660,1,1,1,0,1,NOT APPLICABLE,December,4,Monday,2,47,Rural,High Speed (Arterial),Yes,30.23585833,-92.40958333,Non-Intersection,Dark - Not Lighted,Clear,Unknown,Unknown,Unknown EMS Scene Arrival Hour,Unknown EMS Scene Arrival Minutes,Not Applicable (Not Transported),Not Applicable (Not Transported),1,Dark - Unlighted,Clear,0,1,[],[],0,0,Valid,0.0,1.0,38.0,38.0,['Male'],0,0,2,4,4,Dry,Straight,Level,Lowest,No
16612,22,Louisiana,220661,1,1,1,0,1,NOT APPLICABLE,December,4,Monday,20,35,Rural,Low Speed (Local),No,30.38327778,-93.18972778,Non-Intersection,Dark - Not Lighted,Clear,8:00pm-8:59pm,32,8:00pm-8:59pm,44,9:00pm-9:59pm,26,1,Dark - Unlighted,Clear,0,1,[],[],0,0,Valid,0.0,0.0,39.0,39.0,['Male'],0,0,3,2,4,Dry,Straight,Level,Lowest,No
16613,22,Louisiana,220662,0,2,2,0,5,NOT APPLICABLE,December,9,Saturday,10,54,Urban,High Speed (Arterial),Yes,29.99727222,-90.14801944,Non-Intersection,Daylight,Clear,Unknown,Unknown,Unknown EMS Scene Arrival Hour,Unknown EMS Scene Arrival Minutes,Unknown,Unknown EMS Hospital Arrival Time,1,Daylight,Clear,1,4,['Driver'],['None_Used'],0,0,Invalid,0.0,0.0,46.0,34.0,"['Female', 'Male']",4,0,2,4,5,Dry,Straight,Level,Lowest,No
16614,22,Louisiana,220664,0,2,2,0,3,NOT APPLICABLE,December,16,Saturday,2,6,Rural,Medium Speed (Collector),No,30.47341111,-92.09603889,Non-Intersection,Dark - Not Lighted,Rain,2:00am-2:59am,10,2:00am-2:59am,19,Not Applicable (Not Transported),Not Applicable (Not Transported),1,Dark - Unlighted,Rain/Wind/Minor,1,2,['Driver'],['None_Used'],1,1,Invalid,0.0,0.0,41.0,30.0,"['Male', 'Female']",0,0,3,4,5,Wet/Standing Water,Straight,Level,Lowest,No
16615,22,Louisiana,220665,0,2,2,0,5,NOT APPLICABLE,December,17,Sunday,9,40,Rural,Medium Speed (Collector),No,32.58211389,-91.48720833,Complex/Circle,Daylight,Clear,9:00am-9:59am,37,9:00am-9:59am,55,11:00am-11:59am,14,1,Daylight,Clear,1,4,['Front_Passenger'],['Shoulder_Lapbelt'],0,0,Valid,0.0,0.0,56.0,30.0,"['Female', 'Male']",0,0,3,4,5,Dry,Straight,Level,Lowest,No
16616,22,Louisiana,220666,0,2,2,0,8,NOT APPLICABLE,December,22,Friday,20,28,Rural,Low Speed (Local),No,30.110275,-93.24881389,Complex/Circle,Dark - Not Lighted,Clear,8:00pm-8:59pm,58,9:00pm-9:59pm,6,9:00pm-9:59pm,30,1,Dark - Unlighted,Clear,1,7,['Rear_Seat'],['None_Used'],0,0,Valid,0.0,1.0,60.0,35.0,"['Male', 'Female']",0,0,3,4,5,Dry,Straight,Level,Lowest,No
16617,22,Louisiana,220667,1,1,1,0,1,NOT APPLICABLE,December,23,Saturday,19,7,Rural,Low Speed (Local),No,30.19731111,-92.35803889,Non-Intersection,Dark - Not Lighted,Cloudy,9:00am-9:59am,37,9:00am-9:59am,48,10:00am-10:59am,45,1,Dark - Unlighted,Reduced Visibility,0,1,[],[],0,0,Valid,0.0,0.0,34.0,34.0,['Male'],0,0,3,2,4,Dry,Straight,Level,Lowest,No
16618,22,Louisiana,220668,0,1,1,0,1,NOT APPLICABLE,December,25,Monday,1,42,Rural,Medium Speed (Collector),No,31.70886944,-93.05996667,Simple Junction,Dark - Not Lighted,Clear,Unknown,Unknown,Unknown EMS Scene Arrival Hour,Unknown EMS Scene Arrival Minutes,Not Applicable (Not Transported),Not Applicable (Not Transported),1,Dark - Unlighted,Clear,1,0,['Driver'],['None_Used'],1,1,Valid,0.0,0.0,59.0,59.0,['Male'],0,0,3,4,3,Dry,Straight,Level,Lowest,No
16619,22,Louisiana,220669,0,2,2,0,2,HAMMOND,December,25,Monday,5,49,Urban,Low Speed (Local),No,30.47554722,-90.46520556,Complex/Circle,Dark - Lighted,Cloudy,5:00am-5:59am,51,6:00am-6:59am,0,6:00am-6:59am,21,1,Dark - Lighted,Reduced Visibility,1,1,['Driver'],['None_Used'],0,0,Invalid,0.0,0.0,59.0,44.0,"['Female', 'Male']",0,0,5,4,5,Wet/Standing Water,Straight,Level,Lowest,No
16620,22,Louisiana,220670,0,1,1,0,1,NOT APPLICABLE,November,27,Monday,9,45,Rural,Medium Speed (Collector),No,30.33939167,-90.7303,Non-Intersection,Daylight,Clear,9:00am-9:59am,52,10:00am-10:59am,6,Not Applicable (Not Transported),Not Applicable (Not Transported),1,Daylight,Clear,1,0,['Driver'],['Shoulder_Lapbelt'],0,0,Valid,0.0,0.0,73.0,73.0,['Male'],0,0,2,4,3,Dry,Straight,Level,Lowest,No
16621,22,Louisiana,220671,1,1,1,0,2,LAFAYETTE,December,14,Thursday,18,48,Urban,Medium Speed (Collector),Yes,30.28281944,-92.02064167,Non-Intersection,Dark - Lighted,Clear,6:00pm-6:59pm,49,6:00pm-6:59pm,58,Not Applicable (Not Transported),Not Applicable (Not Transported),1,Dark - Lighted,Clear,0,2,[],[],1,1,Invalid,0.0,1.0,47.0,47.0,['Male'],0,0,2,3,4,Dry,Straight,Level,Lowest,No
16622,22,Louisiana,220672,0,2,2,0,3,NOT APPLICABLE,December,28,Thursday,16,14,Rural,Medium Speed (Collector),No,32.43523056,-92.33281111,Non-Intersection,Daylight,Clear,4:00pm-4:59pm,39,4:00pm-4:59pm,54,5:00pm-5:59pm,27,1,Daylight,Clear,1,2,['Rear_Seat'],['Child_Safety'],0,0,Valid,0.0,0.0,30.0,27.0,"['Female', 'Male']",0,0,3,4,5,Dry,Straight,Level,Lowest,No
16623,22,Louisiana,220673,0,2,2,0,3,SULPHUR,December,23,Saturday,13,10,Urban,Medium Speed (Collector),No,30.22123333,-93.32546111,Non-Intersection,Daylight,Clear,1:00pm-1:59pm,15,1:00pm-1:59pm,19,Not Applicable (Not Transported),Not Applicable (Not Transported),1,Daylight,Clear,1,2,['Driver'],['None_Used'],0,0,Valid,0.0,1.0,40.0,26.0,"['Female', 'Male']",0,0,5,4,5,Dry,Straight,Non-Trafficway,Lowest,No
16624,22,Louisiana,220674,0,1,1,0,1,SHREVEPORT,September,23,Saturday,5,30,Urban,High Speed (Arterial),Yes,32.478825,-93.71599722,Non-Intersection,Dark - Lighted,Clear,Unknown,Unknown,Unknown EMS Scene Arrival Hour,Unknown EMS Scene Arrival Minutes,Not Applicable (Not Transported),Not Applicable (Not Transported),1,Dark - Lighted,Clear,1,0,['Driver'],['Shoulder_Lapbelt'],1,1,Invalid,0.0,0.0,26.0,26.0,['Male'],0,0,3,4,3,Dry,Curve,Level,Lowest,No
16625,22,Louisiana,220676,1,2,1,1,2,NOT APPLICABLE,December,15,Friday,8,23,Rural,High Speed (Arterial),Yes,30.24299167,-92.31090278,Non-Intersection,Daylight,Clear,8:00am-8:59am,27,8:00am-8:59am,34,9:00am-9:59am,17,1,Daylight,Clear,1,1,['Front_Passenger'],['None_Used'],0,0,Invalid,0.0,0.0,43.0,43.0,['Female'],0,0,2,4,5,Dry,Straight,Level,Lowest,No
16626,22,Louisiana,220677,0,2,2,0,2,NOT APPLICABLE,December,26,Tuesday,9,33,Rural,Medium Speed (Collector),No,30.20443889,-92.46608611,Non-Intersection,Daylight,Cloudy,9:00am-9:59am,37,9:00am-9:59am,48,10:00am-10:59am,45,1,Daylight,Reduced Visibility,1,1,['Driver'],['None_Used'],1,1,Valid,0.0,2.0,67.0,42.0,"['Male', 'Male']",0,0,3,4,5,Dry,Curve,Level,Lowest,No
16627,22,Louisiana,220678,0,2,2,0,3,GREENWOOD,December,28,Thursday,5,10,Urban,Medium Speed (Collector),No,32.44535,-93.93051944,Non-Intersection,Dark - Not Lighted,Clear,Unknown,Unknown,Unknown EMS Scene Arrival Hour,Unknown EMS Scene Arrival Minutes,Unknown,Unknown EMS Hospital Arrival Time,1,Dark - Unlighted,Clear,1,2,['Driver'],['Shoulder_Lapbelt'],0,0,Valid,0.0,0.0,45.0,45.0,"['Male', 'Male']",0,0,4,4,5,Dry,Straight,Non-Trafficway,Lowest,No
16628,22,Louisiana,220679,0,3,3,0,6,BOSSIER CITY,December,29,Friday,16,54,Urban,High Speed (Arterial),Yes,32.52905,-93.71883056,Non-Intersection,Dusk,Clear,4:00pm-4:59pm,56,5:00pm-5:59pm,1,5:00pm-5:59pm,21,1,Twilight,Clear,1,5,['Rear_Seat'],['Shoulder_Lapbelt'],0,0,Valid,0.0,1.0,59.0,20.0,"['Female', 'Male', 'Male']",0,0,3,4,5,Dry,Straight,Non-Trafficway,Lowest,No
16629,22,Louisiana,220680,0,2,2,0,3,NOT APPLICABLE,November,13,Monday,11,0,Rural,Medium Speed (Collector),No,30.86815556,-90.00261667,Non-Intersection,Daylight,Rain,11:00am-11:59am,5,11:00am-11:59am,20,Unknown,Unknown EMS Hospital Arrival Time,1,Daylight,Rain/Wind/Minor,1,2,['Driver'],['Shoulder_Lapbelt'],0,0,Valid,0.0,0.0,64.0,48.0,"['Female', 'Male']",0,0,3,4,5,Wet/Standing Water,Straight,Level,Lowest,No
16630,22,Louisiana,220681,1,3,2,1,3,NOT APPLICABLE,November,27,Monday,15,0,Urban,High Speed (Arterial),Yes,30.24373611,-93.13489167,Non-Intersection,Daylight,Clear,3:00pm-3:59pm,5,3:00pm-3:59pm,19,Not Applicable (Not Transported),Not Applicable (Not Transported),1,Daylight,Clear,1,2,['Driver'],['Shoulder_Lapbelt'],0,0,Valid,0.0,1.0,33.0,27.0,"['Male', 'Male']",0,0,4,4,5,Dry,Curve,Level,Lowest,No
16631,22,Louisiana,220682,1,1,1,0,1,NOT APPLICABLE,December,15,Friday,4,43,Rural,High Speed (Arterial),Yes,31.55107222,-92.51884167,Non-Intersection,Dark - Not Lighted,Clear,4:00am-4:59am,40,5:00am-5:59am,1,5:00am-5:59am,39,1,Dark - Unlighted,Clear,0,1,[],[],0,0,Valid,0.0,0.0,59.0,59.0,['Male'],0,0,3,3,4,Dry,Straight,Grade/Hillcrest,Lowest,No
16632,22,Louisiana,220683,0,1,1,0,2,BATON ROUGE,December,24,Sunday,1,16,Urban,High Speed (Arterial),Yes,30.44773333,-91.09211667,Non-Intersection,Dark - Lighted,Sleet or Hail,Unknown,Unknown if Notified,Unknown EMS Scene Arrival Hour,Unknown if Arrived,Not Applicable (Not Transported),Not Applicable (Not Transported),2,Dark - Lighted,Snow/Ice/Severe,2,0,"['Driver', 'Front_Passenger']","['Shoulder_Lapbelt', 'Shoulder_Lapbelt']",1,1,Valid,0.0,0.0,22.0,22.0,['Male'],2,0,2,4,3,Wet/Standing Water,Straight,Level,Lowest,No
16633,22,Louisiana,220684,0,2,2,0,7,NOT APPLICABLE,December,17,Sunday,12,2,Urban,Medium Speed (Collector),No,30.15816389,-93.16299722,Complex/Circle,Daylight,Clear,12:00pm-12:59pm,14,12:00pm-12:59pm,24,12:00pm-12:59pm,58,1,Daylight,Clear,1,6,['Driver'],['None_Used'],1,1,Invalid,0.0,0.0,41.0,20.0,"['Male', 'Female']",4,0,3,4,5,Dry,Straight,Level,Lowest,No
16634,22,Louisiana,220685,0,2,2,0,4,NOT APPLICABLE,December,19,Tuesday,22,43,Urban,Medium Speed (Collector),No,30.15266944,-90.92190833,Non-Intersection,Dark - Lighted,Clear,11:00pm-11:59pm,0,11:00pm-11:59pm,2,11:00pm-11:59pm,51,3,Dark - Lighted,Clear,3,1,"['Driver', 'Front_Passenger', 'Front_Passenger']","['Shoulder_Lapbelt', 'Shoulder_Lapbelt', 'Shoulder_Lapbelt']",1,1,Valid,0.0,0.0,46.0,28.0,"['Male', 'Male']",0,0,3,4,3,Dry,Straight,Level,Lowest,No
16635,22,Louisiana,220686,0,3,3,0,5,LAFAYETTE,December,21,Thursday,14,49,Urban,Medium Speed (Collector),No,30.22570833,-92.00790556,Complex/Circle,Daylight,Cloudy,2:00pm-2:59pm,57,3:00pm-3:59pm,4,3:00pm-3:59pm,32,1,Daylight,Reduced Visibility,1,4,['Front_Passenger'],['None_Used'],0,0,Valid,0.0,1.0,68.0,23.0,"['Female', 'Male', 'Female']",0,0,2,4,5,Dry,Straight,Level,Lowest,No
16636,22,Louisiana,220687,0,3,3,0,4,NOT APPLICABLE,December,25,Monday,1,1,Urban,High Speed (Arterial),Yes,30.33446944,-92.03806389,Non-Intersection,Dark - Not Lighted,Clear,1:00am-1:59am,5,1:00am-1:59am,16,1:00am-1:59am,49,1,Dark - Unlighted,Clear,1,3,['Driver'],['None_Used'],1,2,Invalid,0.0,2.0,41.0,27.0,"['Male', 'Male', 'Female']",3,0,4,4,5,Dry,Straight,Level,Lowest,No
16637,22,Louisiana,220688,0,1,1,0,3,NOT APPLICABLE,December,28,Thursday,21,3,Urban,Medium Speed (Collector),No,29.82450278,-90.91059444,Non-Intersection,Dark - Lighted,Clear,9:00pm-9:59pm,15,10:00pm-10:59pm,4,11:00pm-11:59pm,11,2,Dark - Lighted,Clear,2,1,"['Driver', 'Front_Passenger']","['Shoulder_Lapbelt', 'Shoulder_Lapbelt']",0,0,Valid,0.0,0.0,16.0,16.0,['Male'],3,0,2,4,3,Dry,Straight,Level,Lowest,No
16638,22,Louisiana,220689,1,1,1,0,3,NOT APPLICABLE,December,29,Friday,23,43,Urban,High Speed (Arterial),Yes,31.23870278,-92.49003056,Non-Intersection,Dark - Not Lighted,Clear,Unknown,Unknown,Unknown EMS Scene Arrival Hour,Unknown EMS Scene Arrival Minutes,Not Applicable (Not Transported),Not Applicable (Not Transported),1,Dark - Unlighted,Clear,0,3,[],[],0,0,Invalid,0.0,1.0,38.0,38.0,['Male'],0,0,3,3,4,Dry,Straight,Level,Lowest,No