,State_Code,State_Name,Crash_ID,Count_Non_Motorists,Count_Vehicles_Total,Count_Vehicle_Forms,Count_PVH_Involved,Count_Occupants_MV,City_Name,Month_Name,Day_of_Month,Day_of_Week,Crash_Hour,Crash_Minute,Area_Rural_Urban,Road_Functional_Class,On_NHS_Road,Latitude,Longitude,Intersection_Type,Light_Condition,Weather_Condition,Notif_Hour,Notif_Minute,Arrival_Hour,Arrival_Minute,Hospital_Hour,Hospital_Minute,Fatalities_Count,Clean_Light_Condition,Clean_Weather_Condition,Total_Killed,Total_Alive,Fatal_Seats_List,Killed_Restraint_List,Any_Driver_Drinking,Total_Drinking_Drivers,Driver_License_Category,Driver_Max_Prev_Accident_Count,Driver_Max_Prev_Speeding_Count,Max_Driver_Age,Min_Driver_Age,Driver_Sex_List,Total_Exceeding_Limit_Vehicles,Total_Too_Fast_Vehicles,Max_Vehicle_Type_Severity_5,Max_Vehicle_Damage_Rank,Max_Harmful_Event_Severity,Crash_Road_Surface_Condition,Crash_Horizontal_Alignment,Crash_Vertical_Profile,Crash_Impairment_Category,Crash_Vehicle_Defect
16639,22,Louisiana,220690,0,2,2,0,2,NEW ORLEANS,July,1,Saturday,14,33,Urban,Low Speed (Local),No,29.96035,-90.11756389,Complex/Circle,Daylight,Clear,Unknown,Unknown,Unknown EMS Scene Arrival Hour,Unknown EMS Scene Arrival Minutes,Unknown,Unknown EMS Hospital Arrival Time,1,Daylight,Clear,1,1,['Driver'],['None_Used'],0,0,Invalid,0.0,0.0,47.0,33.0,"['Male', 'Male']",1,0,3,4,5,Dry,Straight,Level,Lowest,No
16640,22,Louisiana,220691,0,1,1,0,1,NOT APPLICABLE,October,21,Saturday,14,50,Rural,Low Speed (Local),No,32.695275,-93.69852778,Non-Intersection,Daylight,Clear,Unknown,Unknown,Unknown EMS Scene Arrival Hour,Unknown EMS Scene Arrival Minutes,Unknown,Unknown EMS Hospital Arrival Time,1,Daylight,Clear,1,0,['Driver'],['None_Used'],1,1,Valid,0.0,0.0,62.0,62.0,['Male'],1,0,3,4,3,Dry,Straight,Level,Lowest,No
16641,22,Louisiana,220692,1,1,1,0,1,NOT APPLICABLE,November,7,Tuesday,16,5,Rural,Medium Speed (Collector),No,29.89848611,-89.9011,Simple Junction,Daylight,Clear,Unknown,Unknown,Unknown EMS Scene Arrival Hour,Unknown EMS Scene Arrival Minutes,Unknown,Unknown EMS Hospital Arrival Time,1,Daylight,Clear,0,1,[],[],0,0,Valid,0.0,0.0,60.0,60.0,['Male'],0,0,4,2,4,Dry,Straight,Level,Lowest,No
16642,22,Louisiana,220693,0,1,1,0,2,NOT APPLICABLE,December,8,Friday,13,52,Urban,High Speed (Arterial),Yes,29.90009722,-90.07363889,Non-Intersection,Daylight,Clear,2:00pm-2:59pm,7,2:00pm-2:59pm,12,Not Applicable (Not Transported),Not Applicable (Not Transported),2,Daylight,Clear,2,0,"['Driver', 'Front_Passenger']","['None_Used', 'None_Used']",0,0,Invalid,0.0,0.0,37.0,37.0,['Male'],0,0,3,4,3,Dry,Straight,Level,Lowest,No
16643,22,Louisiana,220694,0,2,2,0,2,NOT APPLICABLE,December,27,Wednesday,4,33,Rural,Medium Speed (Collector),No,29.57010556,-90.76655556,Non-Intersection,Dark - Lighted,Clear,4:00am-4:59am,44,4:00am-4:59am,51,Not Applicable (Not Transported),Not Applicable (Not Transported),2,Dark - Lighted,Clear,2,0,"['Driver', 'Driver']","['Shoulder_Lapbelt', 'Shoulder_Lapbelt']",1,1,Invalid,0.0,1.0,34.0,28.0,"['Female', 'Male']",1,0,3,4,3,Dry,Curve,Level,Lowest,No
16644,22,Louisiana,220695,0,2,2,0,3,BATON ROUGE,October,27,Friday,6,55,Rural,High Speed (Arterial),Yes,30.43656667,-91.08429444,Non-Intersection,Daylight,Cloudy,5:00am-5:59am,Unknown,6:00am-6:59am,10,6:00am-6:59am,32,1,Daylight,Reduced Visibility,1,2,['Driver'],['Shoulder_Lapbelt'],0,0,Valid,0.0,0.0,32.0,32.0,"['Female', 'Male']",0,0,3,4,5,Dry,Straight,Level,Lowest,No
16645,22,Louisiana,220696,0,1,1,0,1,COTTONPORT,April,18,Tuesday,11,30,Rural,Medium Speed (Collector),No,30.99775278,-92.04493889,Non-Intersection,Daylight,Clear,Unknown,Unknown,Unknown EMS Scene Arrival Hour,Unknown EMS Scene Arrival Minutes,Unknown,Unknown EMS Hospital Arrival Time,1,Daylight,Clear,1,0,['Driver'],['None_Used'],0,0,Valid,0.0,0.0,70.0,70.0,['Female'],0,0,3,4,3,Dry,Straight,Level,Lowest,Yes
16646,22,Louisiana,220697,0,5,5,0,6,NOT APPLICABLE,October,22,Sunday,3,12,Urban,High Speed (Arterial),Yes,30.44735278,-90.98691389,Non-Intersection,Dark - Not Lighted,Clear,Unknown,Unknown,Unknown EMS Scene Arrival Hour,Unknown EMS Scene Arrival Minutes,Unknown,Unknown EMS Hospital Arrival Time,1,Dark - Unlighted,Clear,1,5,['Front_Passenger'],['None_Used'],1,1,Invalid,0.0,0.0,36.0,20.0,"['Male', 'Male', 'Male', 'Male', 'Female']",1,0,3,4,5,Dry,Straight,Level,Lowest,No
16647,22,Louisiana,220698,0,1,1,0,4,STONEWALL,October,27,Friday,4,30,Rural,Low Speed (Local),No,32.267775,-93.82903056,Non-Intersection,Dark - Not Lighted,Cloudy,Unknown,Unknown,Unknown EMS Scene Arrival Hour,Unknown EMS Scene Arrival Minutes,Unknown,Unknown EMS Hospital Arrival Time,2,Dark - Unlighted,Reduced Visibility,2,2,"['Driver', 'Front_Passenger']","['None_Used', 'Shoulder_Lapbelt']",1,1,Valid,0.0,0.0,18.0,18.0,['Male'],4,0,3,4,3,Wet/Standing Water,Straight,Grade/Hillcrest,Lowest,No
16648,22,Louisiana,220699,0,2,2,0,5,NOT APPLICABLE,November,11,Saturday,18,25,Urban,High Speed (Arterial),Yes,30.46139444,-91.24961667,Complex/Circle,Dark - Lighted,Cloudy,Unknown,Unknown,Unknown EMS Scene Arrival Hour,Unknown EMS Scene Arrival Minutes,Unknown,Unknown EMS Hospital Arrival Time,1,Dark - Lighted,Reduced Visibility,1,4,['Front_Passenger'],['None_Used'],0,0,Valid,0.0,0.0,48.0,33.0,"['Male', 'Female']",0,0,3,4,5,Dry,Straight,Level,Lowest,No
16649,22,Louisiana,220700,0,1,1,0,1,SHREVEPORT,November,20,Monday,13,35,Urban,Medium Speed (Collector),No,32.36281111,-93.71375,Non-Intersection,Daylight,Rain,Unknown,Unknown,Unknown EMS Scene Arrival Hour,Unknown EMS Scene Arrival Minutes,Not Applicable (Not Transported),Not Applicable (Not Transported),1,Daylight,Rain/Wind/Minor,1,0,['Driver'],['Shoulder_Lapbelt'],1,1,Valid,0.0,1.0,32.0,32.0,['Female'],0,0,2,4,4,Wet/Standing Water,Straight,Level,Lowest,No
16650,22,Louisiana,220701,0,2,2,0,2,NOT APPLICABLE,December,2,Saturday,18,0,Urban,Medium Speed (Collector),No,30.58054444,-90.46156667,Non-Intersection,Dark - Not Lighted,Clear,Unknown,Unknown,Unknown EMS Scene Arrival Hour,Unknown EMS Scene Arrival Minutes,Unknown,Unknown EMS Hospital Arrival Time,1,Dark - Unlighted,Clear,1,1,['Driver'],['None_Used'],0,0,Invalid,0.0,1.0,40.0,19.0,"['Male', 'Male']",0,0,5,4,5,Dry,Straight,Level,Lowest,Yes
16651,22,Louisiana,220702,0,1,1,0,1,NOT APPLICABLE,December,3,Sunday,2,11,Rural,Medium Speed (Collector),No,30.72971111,-90.56491667,Non-Intersection,Dark - Not Lighted,Cloudy,Unknown,Unknown,Unknown EMS Scene Arrival Hour,Unknown EMS Scene Arrival Minutes,Not Applicable (Not Transported),Not Applicable (Not Transported),1,Dark - Unlighted,Reduced Visibility,1,0,['Driver'],['None_Used'],1,1,Valid,0.0,0.0,25.0,25.0,['Male'],0,0,2,4,3,Dry,Straight,Level,Lowest,No
16652,22,Louisiana,220703,0,3,3,0,3,NOT APPLICABLE,December,9,Saturday,3,17,Urban,Medium Speed (Collector),No,30.05005,-90.67506111,Non-Intersection,Dark - Not Lighted,"Fog, Smog, Smoke",Unknown,Unknown,Unknown EMS Scene Arrival Hour,Unknown EMS Scene Arrival Minutes,Unknown,Unknown EMS Hospital Arrival Time,1,Dark - Unlighted,Reduced Visibility,1,2,['Driver'],['None_Used'],1,1,Valid,0.0,0.0,66.0,45.0,"['Male', 'Male', 'Male']",2,0,4,4,5,Wet/Standing Water,Straight,Grade/Hillcrest,Lowest,No
16653,22,Louisiana,220704,0,1,1,0,1,NOT APPLICABLE,December,11,Monday,7,57,Rural,High Speed (Arterial),Yes,30.203375,-93.47260556,Non-Intersection,Daylight,Clear,Unknown,Unknown,Unknown EMS Scene Arrival Hour,Unknown EMS Scene Arrival Minutes,Unknown,Unknown EMS Hospital Arrival Time,1,Daylight,Clear,1,0,['Driver'],['Shoulder_Lapbelt'],0,0,Valid,0.0,0.0,20.0,20.0,['Male'],0,0,2,4,3,Dry,Straight,Level,Lowest,No
16654,22,Louisiana,220705,0,2,2,0,4,WESTWEGO,December,14,Thursday,15,9,Urban,High Speed (Arterial),No,29.89429167,-90.15836389,Non-Intersection,Daylight,Clear,Unknown,Unknown,Unknown EMS Scene Arrival Hour,Unknown EMS Scene Arrival Minutes,Unknown,Unknown EMS Hospital Arrival Time,1,Daylight,Clear,1,2,['Driver'],['Shoulder_Lapbelt'],1,1,Invalid,0.0,0.0,58.0,48.0,"['Male', 'Male']",0,0,3,4,5,Dry,Straight,Grade/Hillcrest,Lowest,No
16655,22,Louisiana,220706,0,1,1,0,3,NOT APPLICABLE,December,16,Saturday,12,23,Rural,Medium Speed (Collector),No,30.59940278,-90.17928889,Non-Intersection,Daylight,Rain,Unknown,Unknown,Unknown EMS Scene Arrival Hour,Unknown EMS Scene Arrival Minutes,Not Applicable (Not Transported),Not Applicable (Not Transported),1,Daylight,Rain/Wind/Minor,1,2,['Driver'],['Shoulder_Lapbelt'],1,1,Invalid,0.0,0.0,50.0,50.0,['Male'],0,0,2,3,3,Wet/Standing Water,Curve,Level,Lowest,No
16656,22,Louisiana,220707,1,1,1,0,1,NOT APPLICABLE,December,19,Tuesday,10,20,Rural,High Speed (Arterial),Yes,30.196475,-89.80920556,Non-Intersection,Daylight,Clear,Unknown,Unknown,Unknown EMS Scene Arrival Hour,Unknown EMS Scene Arrival Minutes,Not Applicable (Not Transported),Not Applicable (Not Transported),1,Daylight,Clear,0,1,[],[],0,0,Valid,0.0,0.0,50.0,50.0,['Male'],0,0,4,2,4,Dry,Straight,Level,Lowest,No
16657,22,Louisiana,220708,0,1,1,0,1,NOT APPLICABLE,December,21,Thursday,13,41,Urban,Medium Speed (Collector),No,30.31320556,-91.83280833,Non-Intersection,Daylight,Clear,Unknown,Unknown,Unknown EMS Scene Arrival Hour,Unknown EMS Scene Arrival Minutes,Not Applicable (Not Transported),Not Applicable (Not Transported),1,Daylight,Clear,1,0,['Driver'],['None_Used'],1,1,Valid,0.0,0.0,59.0,59.0,['Male'],0,0,2,4,3,Dry,Curve,Level,Lowest,No
16658,22,Louisiana,220709,0,2,2,0,6,NOT APPLICABLE,December,26,Tuesday,12,54,Urban,Medium Speed (Collector),No,29.53321111,-90.33616667,Non-Intersection,Daylight,Clear,Unknown,Unknown,Unknown EMS Scene Arrival Hour,Unknown EMS Scene Arrival Minutes,Unknown,Unknown EMS Hospital Arrival Time,1,Daylight,Clear,1,5,['Driver'],['Shoulder_Lapbelt'],0,0,Valid,0.0,0.0,54.0,31.0,"['Male', 'Male']",1,0,3,4,5,Dry,Curve,Level,Medium,No
16659,22,Louisiana,220710,0,1,1,0,1,NOT APPLICABLE,December,27,Wednesday,19,11,Rural,Medium Speed (Collector),No,30.08301111,-92.91163333,Non-Intersection,Dark - Not Lighted,Clear,Unknown,Unknown,Unknown EMS Scene Arrival Hour,Unknown EMS Scene Arrival Minutes,Not Applicable (Not Transported),Not Applicable (Not Transported),1,Dark - Unlighted,Clear,1,0,['Driver'],['Shoulder_Lapbelt'],0,0,Valid,0.0,0.0,46.0,46.0,['Male'],0,0,3,4,3,Dry,Straight,Level,Lowest,No
16660,22,Louisiana,220711,0,2,2,0,2,NOT APPLICABLE,December,27,Wednesday,22,40,Rural,High Speed (Arterial),Yes,30.30325,-89.64216667,Non-Intersection,Dark - Not Lighted,Clear,Unknown,Unknown,Unknown EMS Scene Arrival Hour,Unknown EMS Scene Arrival Minutes,Unknown,Unknown EMS Hospital Arrival Time,1,Dark - Unlighted,Clear,1,1,['Driver'],['Shoulder_Lapbelt'],1,1,Invalid,0.0,1.0,46.0,31.0,"['Male', 'Male']",0,0,4,4,5,Dry,Straight,Level,Lowest,No
16661,22,Louisiana,220712,0,2,2,0,2,NOT APPLICABLE,December,28,Thursday,7,21,Rural,Medium Speed (Collector),No,30.44387778,-90.33861389,Non-Intersection,Daylight,Clear,Unknown,Unknown,Unknown EMS Scene Arrival Hour,Unknown EMS Scene Arrival Minutes,Unknown,Unknown EMS Hospital Arrival Time,1,Daylight,Clear,1,1,['Driver'],['Shoulder_Lapbelt'],1,1,Valid,0.0,0.0,47.0,44.0,"['Male', 'Female']",1,0,3,4,5,Dry,Straight,Level,Lowest,No
16662,22,Louisiana,220713,0,2,2,0,2,GREENWELL SPRINGS,December,29,Friday,10,40,Urban,Low Speed (Local),No,30.59788333,-91.0883,Non-Intersection,Daylight,Clear,Unknown,Unknown,Unknown EMS Scene Arrival Hour,Unknown EMS Scene Arrival Minutes,Unknown,Unknown EMS Hospital Arrival Time,1,Daylight,Clear,1,1,['Driver'],['None_Used'],0,0,Valid,0.0,0.0,77.0,62.0,"['Male', 'Male']",0,0,3,4,5,Dry,Curve,Level,Lowest,No
16663,22,Louisiana,220714,0,2,2,0,3,SLIDELL,December,29,Friday,20,44,Urban,High Speed (Arterial),Yes,30.29336667,-89.77650278,Non-Intersection,Dark - Lighted,Clear,Unknown,Unknown,Unknown EMS Scene Arrival Hour,Unknown EMS Scene Arrival Minutes,Unknown,Unknown EMS Hospital Arrival Time,2,Dark - Lighted,Clear,2,1,"['Driver', 'Front_Passenger']","['None_Used', 'None_Used']",1,1,Invalid,0.0,1.0,47.0,40.0,"['Female', 'Male']",0,0,2,4,5,Dry,Straight,Grade/Hillcrest,Lowest,No
16664,22,Louisiana,220715,0,1,1,0,1,NOT APPLICABLE,December,31,Sunday,5,3,Rural,Medium Speed (Collector),No,30.93524444,-92.89129167,Simple Junction,Dark - Not Lighted,Clear,Unknown,Unknown,Unknown EMS Scene Arrival Hour,Unknown EMS Scene Arrival Minutes,Unknown,Unknown EMS Hospital Arrival Time,1,Dark - Unlighted,Clear,1,0,['Driver'],['None_Used'],1,1,Invalid,0.0,2.0,30.0,30.0,['Male'],1,0,3,4,3,Dry,Curve,Level,Lowest,No
16665,22,Louisiana,220716,0,1,1,0,1,NOT APPLICABLE,December,31,Sunday,20,11,Rural,Low Speed (Local),No,30.06219722,-92.07709444,Simple Junction,Dark - Not Lighted,Clear,Unknown,Unknown,Unknown EMS Scene Arrival Hour,Unknown EMS Scene Arrival Minutes,Not Applicable (Not Transported),Not Applicable (Not Transported),1,Dark - Unlighted,Clear,1,0,['Driver'],['None_Used'],1,1,Valid,0.0,0.0,40.0,40.0,['Male'],1,0,2,4,3,Dry,Curve,Level,Lowest,No
16666,22,Louisiana,220717,0,2,2,0,2,NOT APPLICABLE,October,1,Sunday,19,30,Urban,Medium Speed (Collector),No,30.13613056,-90.95728333,Non-Intersection,Dusk,Clear,Unknown,Unknown,Unknown EMS Scene Arrival Hour,Unknown EMS Scene Arrival Minutes,Unknown,Unknown EMS Hospital Arrival Time,1,Twilight,Clear,1,1,['Driver'],['None_Used'],0,0,Invalid,0.0,1.0,60.0,46.0,"['Male', 'Male']",1,0,5,4,5,Dry,Straight,Level,Lowest,Yes
16667,22,Louisiana,220718,0,1,1,0,1,NEW ORLEANS,October,9,Monday,5,57,Urban,High Speed (Arterial),Yes,29.95036111,-90.0846,Non-Intersection,Dark - Lighted,Clear,Unknown,Unknown,Unknown EMS Scene Arrival Hour,Unknown EMS Scene Arrival Minutes,Unknown,Unknown EMS Hospital Arrival Time,1,Dark - Lighted,Clear,1,0,['Driver'],['None_Used'],0,0,Valid,0.0,0.0,37.0,37.0,['Male'],1,0,5,2,3,Dry,Curve,Grade/Hillcrest,Lowest,No
16668,22,Louisiana,220719,0,1,1,0,2,NOT APPLICABLE,October,12,Thursday,9,2,Urban,Low Speed (Local),No,30.85038611,-93.24276389,Simple Junction,Daylight,Cloudy,Unknown,Unknown,Unknown EMS Scene Arrival Hour,Unknown EMS Scene Arrival Minutes,Unknown,Unknown EMS Hospital Arrival Time,1,Daylight,Reduced Visibility,1,1,['Driver'],['Shoulder_Lapbelt'],0,0,Invalid,0.0,0.0,55.0,55.0,['Male'],0,0,3,4,3,Dry,Curve,Level,Medium,No
16669,22,Louisiana,220720,1,1,1,0,1,NOT APPLICABLE,October,8,Sunday,8,38,Urban,High Speed (Arterial),No,29.87613889,-90.09821667,Non-Intersection,Daylight,Clear,Unknown,Unknown,Unknown EMS Scene Arrival Hour,Unknown EMS Scene Arrival Minutes,Unknown,Unknown EMS Hospital Arrival Time,1,Daylight,Clear,0,1,[],[],0,0,Valid,0.0,1.0,32.0,32.0,['Female'],0,0,2,2,4,Dry,Straight,Level,Lowest,No
16670,22,Louisiana,220721,0,2,2,0,2,NOT APPLICABLE,November,4,Saturday,22,10,Rural,Medium Speed (Collector),No,30.626,-90.92188611,Simple Junction,Dark - Not Lighted,Clear,Unknown,Unknown,10:00pm-10:59pm,28,11:00pm-11:59pm,2,1,Dark - Unlighted,Clear,1,1,['Driver'],['None_Used'],0,0,Valid,0.0,1.0,62.0,51.0,"['Male', 'Female']",0,0,5,1,1,Dry,Straight,Level,Lowest,No
16671,22,Louisiana,220722,0,2,2,0,2,NOT APPLICABLE,November,16,Thursday,18,4,Urban,Medium Speed (Collector),No,30.39901944,-91.01730278,Simple Junction,Dark - Lighted,Clear,Unknown,Unknown,Unknown EMS Scene Arrival Hour,Unknown EMS Scene Arrival Minutes,Unknown,Unknown EMS Hospital Arrival Time,1,Dark - Lighted,Clear,1,1,['Driver'],['None_Used'],0,0,Valid,0.0,4.0,33.0,27.0,"['Male', 'Male']",0,0,5,4,5,Dry,Straight,Level,Lowest,No
16672,22,Louisiana,220723,0,4,4,0,7,NOT APPLICABLE,December,1,Friday,20,18,Urban,High Speed (Arterial),Yes,30.33045833,-91.13298889,Non-Intersection,Dark - Lighted,Clear,Unknown,Unknown,Unknown EMS Scene Arrival Hour,Unknown EMS Scene Arrival Minutes,Unknown,Unknown EMS Hospital Arrival Time,1,Dark - Lighted,Clear,1,6,['Driver'],['Shoulder_Lapbelt'],0,0,Valid,0.0,0.0,53.0,38.0,"['Male', 'Female', 'Male', 'Female']",0,0,3,4,5,Dry,Straight,Level,Lowest,No
16673,22,Louisiana,220724,0,2,2,0,2,NEW ORLEANS,December,1,Friday,3,8,Urban,High Speed (Arterial),Yes,29.96089444,-90.07633611,Non-Intersection,Dark - Unknown Lighting,Clear,Unknown,Unknown,Unknown EMS Scene Arrival Hour,Unknown EMS Scene Arrival Minutes,Unknown,Unknown EMS Hospital Arrival Time,1,Dark - Unlighted,Clear,1,1,['Driver'],['None_Used'],0,0,Valid,0.0,0.0,53.0,30.0,"['Male', 'Male']",0,0,3,4,5,Dry,Straight,Level,Lowest,No
16674,22,Louisiana,220725,0,2,2,0,2,NEW ORLEANS,December,1,Friday,9,55,Urban,High Speed (Arterial),Yes,30.01108333,-90.00974167,Complex/Circle,Daylight,Rain,Unknown,Unknown,Unknown EMS Scene Arrival Hour,Unknown EMS Scene Arrival Minutes,Unknown,Unknown EMS Hospital Arrival Time,1,Daylight,Rain/Wind/Minor,1,1,['Driver'],['Shoulder_Lapbelt'],0,0,Invalid,0.0,0.0,78.0,17.0,"['Male', 'Male']",1,0,3,4,5,Wet/Standing Water,Straight,Level,Lowest,No
16675,22,Louisiana,220726,0,1,1,0,2,BATON ROUGE,December,2,Saturday,23,32,Urban,Medium Speed (Collector),No,30.5447,-91.15446111,Non-Intersection,Dark - Lighted,Clear,Unknown,Unknown,Unknown EMS Scene Arrival Hour,Unknown EMS Scene Arrival Minutes,Unknown,Unknown EMS Hospital Arrival Time,1,Dark - Lighted,Clear,1,1,['Driver'],['None_Used'],0,0,Valid,0.0,0.0,61.0,61.0,['Female'],0,0,3,4,3,Dry,Straight,Level,Lowest,No
16676,22,Louisiana,220727,2,1,1,0,1,BATON ROUGE,November,28,Tuesday,18,30,Urban,Medium Speed (Collector),No,30.46438056,-91.02197778,Non-Intersection,Dark - Not Lighted,Clear,Unknown,Unknown,Unknown EMS Scene Arrival Hour,Unknown EMS Scene Arrival Minutes,Unknown,Unknown EMS Hospital Arrival Time,1,Dark - Unlighted,Clear,0,1,[],[],0,0,Invalid,0.0,0.0,999.0,999.0,['Other'],0,0,1,0,4,Dry,Straight,Level,Lowest,No
16677,22,Louisiana,220728,0,2,2,0,2,MONROE,September,2,Saturday,1,15,Urban,High Speed (Arterial),Yes,32.49671111,-92.11449167,Non-Intersection,Dark - Not Lighted,Clear,Unknown,Unknown,Unknown EMS Scene Arrival Hour,Unknown EMS Scene Arrival Minutes,Not Applicable (Not Transported),Not Applicable (Not Transported),1,Dark - Unlighted,Clear,1,1,['Driver'],['Shoulder_Lapbelt'],1,1,Invalid,0.0,0.0,61.0,29.0,"['Female', 'Male']",0,0,4,4,5,Dry,Straight,Level,Lowest,No
16678,22,Louisiana,220729,0,1,1,0,1,NOT APPLICABLE,September,30,Saturday,23,35,Rural,Medium Speed (Collector),No,29.66859722,-90.10695278,Complex/Circle,Dark - Lighted,Clear,Unknown,Unknown,Unknown EMS Scene Arrival Hour,Unknown EMS Scene Arrival Minutes,Not Applicable (Not Transported),Not Applicable (Not Transported),1,Dark - Lighted,Clear,1,0,['Driver'],['None_Used'],1,1,Valid,0.0,0.0,50.0,50.0,['Male'],1,0,5,3,3,Dry,Straight,Level,Lowest,No
16679,22,Louisiana,220731,0,2,2,0,2,GREENWELL SPRINGS,November,3,Friday,6,50,Rural,Low Speed (Local),No,30.6169,-91.05082778,Non-Intersection,Daylight,Clear,Unknown,Unknown,Unknown EMS Scene Arrival Hour,Unknown EMS Scene Arrival Minutes,Unknown,Unknown EMS Hospital Arrival Time,1,Daylight,Clear,1,1,['Driver'],['None_Used'],0,0,Valid,0.0,0.0,50.0,20.0,"['Male', 'Male']",0,0,3,4,5,Dry,Straight,Level,Lowest,No
16680,22,Louisiana,220732,1,2,2,0,4,NOT APPLICABLE,November,29,Wednesday,10,9,Rural,Low Speed (Local),No,29.8749,-90.09801389,Non-Intersection,Daylight,Clear,Unknown,Unknown,Unknown EMS Scene Arrival Hour,Unknown EMS Scene Arrival Minutes,Unknown,Unknown EMS Hospital Arrival Time,1,Daylight,Clear,0,4,[],[],0,0,Valid,0.0,0.0,43.0,35.0,"['Female', 'Male']",1,0,5,4,5,Dry,Straight,Level,Lowest,No
16681,22,Louisiana,220733,0,2,2,0,2,BROUSSARD,December,7,Thursday,5,53,Urban,Low Speed (Local),No,30.116475,-91.95394722,Non-Intersection,Dark - Lighted,Clear,Unknown,Unknown,Unknown EMS Scene Arrival Hour,Unknown EMS Scene Arrival Minutes,Unknown,Unknown EMS Hospital Arrival Time,1,Dark - Lighted,Clear,1,1,['Driver'],['None_Used'],0,0,Valid,0.0,0.0,82.0,35.0,"['Male', 'Male']",0,0,3,4,5,Dry,Straight,Level,Lowest,No
16682,22,Louisiana,220734,0,2,2,0,2,NEW IBERIA,December,7,Thursday,6,16,Urban,High Speed (Arterial),Yes,29.98923611,-91.8643,Simple Junction,Dark - Not Lighted,Clear,Unknown,Unknown,Unknown EMS Scene Arrival Hour,Unknown EMS Scene Arrival Minutes,Unknown,Unknown EMS Hospital Arrival Time,1,Dark - Unlighted,Clear,1,1,['Driver'],['Shoulder_Lapbelt'],0,0,Valid,0.0,0.0,74.0,56.0,"['Male', 'Female']",0,0,5,4,5,Dry,Straight,Level,Lowest,No
16683,22,Louisiana,220735,0,1,1,0,1,NOT APPLICABLE,December,9,Saturday,19,0,Rural,Medium Speed (Collector),No,32.65308889,-93.51531389,Non-Intersection,Dark - Not Lighted,Clear,Unknown,Unknown,Unknown EMS Scene Arrival Hour,Unknown EMS Scene Arrival Minutes,Unknown,Unknown EMS Hospital Arrival Time,1,Dark - Unlighted,Clear,1,0,['Driver'],['None_Used'],0,0,Valid,0.0,5.0,31.0,31.0,['Male'],1,0,5,4,2,Dry,Curve,Level,Lowest,No
16684,22,Louisiana,220736,0,1,1,0,2,NOT APPLICABLE,December,20,Wednesday,20,46,Rural,Low Speed (Local),No,30.66006111,-90.43136944,Non-Intersection,Dark - Not Lighted,Clear,Unknown,Unknown,Unknown EMS Scene Arrival Hour,Unknown EMS Scene Arrival Minutes,Unknown,Unknown EMS Hospital Arrival Time,1,Dark - Unlighted,Clear,1,1,['Driver'],['None_Used'],0,0,Valid,0.0,0.0,18.0,18.0,['Male'],0,0,2,4,3,Dry,Straight,Grade/Hillcrest,Lowest,No
16685,22,Louisiana,220737,0,2,2,0,3,NOT APPLICABLE,December,26,Tuesday,0,35,Urban,High Speed (Arterial),Yes,29.95668611,-90.36564444,Non-Intersection,Dark - Lighted,Clear,Unknown,Unknown,Unknown EMS Scene Arrival Hour,Unknown EMS Scene Arrival Minutes,Unknown,Unknown EMS Hospital Arrival Time,1,Dark - Lighted,Clear,1,2,['Front_Passenger'],['Shoulder_Lapbelt'],1,2,Valid,0.0,0.0,38.0,20.0,"['Male', 'Male']",1,0,3,4,5,Dry,Straight,Grade/Hillcrest,Lowest,No
16686,22,Louisiana,220738,1,1,1,0,1,BATON ROUGE,December,2,Saturday,0,12,Urban,Medium Speed (Collector),No,30.45367778,-91.14815,Non-Intersection,Dark - Lighted,Rain,Unknown,Unknown,Unknown EMS Scene Arrival Hour,Unknown EMS Scene Arrival Minutes,Unknown,Unknown EMS Hospital Arrival Time,1,Dark - Lighted,Rain/Wind/Minor,0,1,[],[],0,0,Invalid,0.0,0.0,999.0,999.0,['Other'],0,0,1,2,4,Wet/Standing Water,Straight,Level,Lowest,No
16687,22,Louisiana,220739,0,2,2,0,3,MINDEN,August,31,Thursday,17,50,Urban,Medium Speed (Collector),No,32.60686944,-93.30596667,Complex/Circle,Daylight,Clear,Unknown,Unknown,Unknown EMS Scene Arrival Hour,Unknown EMS Scene Arrival Minutes,Unknown,Unknown EMS Hospital Arrival Time,1,Daylight,Clear,1,2,['Driver'],['Shoulder_Lapbelt'],0,0,Invalid,0.0,0.0,66.0,43.0,"['Male', 'Male']",0,0,3,4,5,Dry,Straight,Grade/Hillcrest,Lowest,No
16688,22,Louisiana,220740,0,1,1,0,1,NOT APPLICABLE,November,28,Tuesday,14,59,Rural,Low Speed (Local),No,30.39306389,-91.08951111,Non-Intersection,Daylight,Clear,Unknown,Unknown,Unknown EMS Scene Arrival Hour,Unknown EMS Scene Arrival Minutes,Unknown,Unknown EMS Hospital Arrival Time,1,Daylight,Clear,1,0,['Driver'],['Shoulder_Lapbelt'],0,0,Valid,0.0,0.0,34.0,34.0,['Female'],0,0,3,4,2,Dry,Straight,Level,Lowest,No