,State_Code,State_Name,Crash_ID,Count_Non_Motorists,Count_Vehicles_Total,Count_Vehicle_Forms,Count_PVH_Involved,Count_Occupants_MV,City_Name,Month_Name,Day_of_Month,Day_of_Week,Crash_Hour,Crash_Minute,Area_Rural_Urban,Road_Functional_Class,On_NHS_Road,Latitude,Longitude,Intersection_Type,Light_Condition,Weather_Condition,Notif_Hour,Notif_Minute,Arrival_Hour,Arrival_Minute,Hospital_Hour,Hospital_Minute,Fatalities_Count,Clean_Light_Condition,Clean_Weather_Condition,Total_Killed,Total_Alive,Fatal_Seats_List,Killed_Restraint_List,Any_Driver_Drinking,Total_Drinking_Drivers,Driver_License_Category,Driver_Max_Prev_Accident_Count,Driver_Max_Prev_Speeding_Count,Max_Driver_Age,Min_Driver_Age,Driver_Sex_List,Total_Exceeding_Limit_Vehicles,Total_Too_Fast_Vehicles,Max_Vehicle_Type_Severity_5,Max_Vehicle_Damage_Rank,Max_Harmful_Event_Severity,Crash_Road_Surface_Condition,Crash_Horizontal_Alignment,Crash_Vertical_Profile,Crash_Impairment_Category,Crash_Vehicle_Defect
16689,22,Louisiana,220741,0,3,3,0,3,NOT APPLICABLE,December,30,Saturday,16,37,Rural,Medium Speed (Collector),No,30.46870278,-91.34321667,Non-Intersection,Daylight,Clear,Unknown,Unknown,Unknown EMS Scene Arrival Hour,Unknown EMS Scene Arrival Minutes,Unknown,Unknown EMS Hospital Arrival Time,2,Daylight,Clear,2,1,"['Driver', 'Driver']","['Shoulder_Lapbelt', 'Shoulder_Lapbelt']",0,0,Valid,0.0,0.0,63.0,26.0,"['Male', 'Male', 'Male']",0,0,3,4,5,Dry,Straight,Level,Lowest,No
16690,22,Louisiana,220742,0,1,1,0,2,NOT APPLICABLE,December,27,Wednesday,3,35,Rural,Medium Speed (Collector),No,30.5027,-91.51140556,Non-Intersection,Dark - Lighted,Clear,Unknown,Unknown,Unknown EMS Scene Arrival Hour,Unknown EMS Scene Arrival Minutes,Unknown,Unknown EMS Hospital Arrival Time,1,Dark - Lighted,Clear,1,1,['Driver'],['None_Used'],0,0,Invalid,0.0,0.0,16.0,16.0,['Male'],2,0,3,4,3,Dry,Curve,Level,Lowest,No
16691,22,Louisiana,220743,1,1,1,0,1,JEANERETTE,November,3,Friday,0,14,Urban,Low Speed (Local),No,29.91564167,-91.67871667,Non-Intersection,Dark - Lighted,Clear,Unknown,Unknown,Unknown EMS Scene Arrival Hour,Unknown EMS Scene Arrival Minutes,Unknown,Unknown EMS Hospital Arrival Time,2,Dark - Lighted,Clear,1,0,['Driver'],['None_Used'],0,0,Valid,0.0,1.0,37.0,37.0,['Male'],1,0,5,4,4,Dry,Curve,Grade/Hillcrest,Lowest,No
16692,22,Louisiana,220744,0,1,1,0,1,ALEXANDRIA,December,2,Saturday,17,15,Urban,Low Speed (Local),No,31.314525,-92.49679444,Non-Intersection,Dark - Not Lighted,Clear,Unknown,Unknown,Unknown EMS Scene Arrival Hour,Unknown EMS Scene Arrival Minutes,Unknown,Unknown EMS Hospital Arrival Time,1,Dark - Unlighted,Clear,1,0,['Driver'],['Shoulder_Lapbelt'],0,0,Valid,0.0,0.0,78.0,78.0,['Female'],0,0,2,4,2,Dry,Curve,Level,Medium,No
16693,22,Louisiana,220745,1,1,1,0,1,JONESVILLE,December,19,Tuesday,18,22,Rural,High Speed (Arterial),Yes,31.62665278,-91.81902778,Non-Intersection,Dark - Not Lighted,Clear,Unknown,Unknown,6:00pm-6:59pm,28,Unknown,Unknown EMS Hospital Arrival Time,1,Dark - Unlighted,Clear,0,1,[],[],0,0,Valid,0.0,0.0,52.0,52.0,['Female'],0,0,3,3,4,Dry,Straight,Level,Lowest,No
16694,22,Louisiana,220746,0,34,34,0,39,NOT APPLICABLE,October,23,Monday,8,40,Rural,High Speed (Arterial),Yes,30.27951111,-90.40058889,Non-Intersection,Daylight,"Fog, Smog, Smoke",Unknown,Unknown,Unknown EMS Scene Arrival Hour,Unknown EMS Scene Arrival Minutes,Unknown,Unknown EMS Hospital Arrival Time,3,Daylight,Reduced Visibility,3,36,"['Driver', 'Front_Passenger', 'Driver']","['Shoulder_Lapbelt', 'Shoulder_Lapbelt', 'Shoulder_Lapbelt']",0,0,Valid,0.0,1.0,87.0,21.0,"['Male', 'Male', 'Male', 'Male', 'Male', 'Male', 'Female', 'Male', 'Male', 'Male', 'Female', 'Male', 'Male', 'Female', 'Male', 'Male', 'Male', 'Male', 'Male', 'Female', 'Male', 'Female', 'Male', 'Male', 'Male', 'Male', 'Male', 'Female', 'Male', 'Male', 'Female', 'Male', 'Male', 'Male']",21,0,4,4,5,Wet/Standing Water,Straight,Level,Lowest,Yes
16695,22,Louisiana,220747,0,2,2,0,3,BATON ROUGE,November,20,Monday,11,51,Urban,High Speed (Arterial),Yes,30.41514722,-91.06871944,Non-Intersection,Daylight,Clear,Unknown,Unknown,Unknown EMS Scene Arrival Hour,Unknown EMS Scene Arrival Minutes,Unknown,Unknown EMS Hospital Arrival Time,1,Daylight,Clear,1,2,['Front_Passenger'],['Shoulder_Lapbelt'],0,0,Valid,0.0,0.0,70.0,26.0,"['Male', 'Female']",0,0,3,4,5,Dry,Straight,Level,Lowest,No
16696,22,Louisiana,220748,0,4,4,0,5,NOT APPLICABLE,October,23,Monday,9,1,Rural,High Speed (Arterial),Yes,30.27766667,-90.4002,Non-Intersection,Daylight,"Fog, Smog, Smoke",Unknown,Unknown,Unknown EMS Scene Arrival Hour,Unknown EMS Scene Arrival Minutes,Unknown,Unknown EMS Hospital Arrival Time,2,Daylight,Reduced Visibility,2,3,"['Driver', 'Front_Passenger']","['Shoulder_Lapbelt', 'Shoulder_Lapbelt']",0,0,Valid,0.0,1.0,55.0,22.0,"['Male', 'Male', 'Female', 'Male']",2,0,4,4,5,Wet/Standing Water,Straight,Level,Lowest,No
16697,22,Louisiana,220749,0,9,9,0,11,NOT APPLICABLE,October,23,Monday,8,50,Rural,High Speed (Arterial),Yes,88.8888,888.8888,Non-Intersection,Other,"Fog, Smog, Smoke",Unknown,Unknown,Unknown EMS Scene Arrival Hour,Unknown EMS Scene Arrival Minutes,Unknown,Unknown EMS Hospital Arrival Time,1,Dark - Unlighted,Reduced Visibility,1,10,['Driver'],['Shoulder_Lapbelt'],0,0,Valid,0.0,1.0,69.0,24.0,"['Male', 'Male', 'Male', 'Male', 'Male', 'Female', 'Male', 'Female', 'Male']",2,0,3,4,5,Wet/Standing Water,Straight,Level,Lowest,No
16698,22,Louisiana,220750,0,35,35,0,46,NOT APPLICABLE,October,23,Monday,8,48,Rural,High Speed (Arterial),Yes,30.27212778,-90.39909444,Non-Intersection,Daylight,"Fog, Smog, Smoke",Unknown,Unknown,Unknown EMS Scene Arrival Hour,Unknown EMS Scene Arrival Minutes,Unknown,Unknown EMS Hospital Arrival Time,1,Daylight,Reduced Visibility,1,45,['Driver'],['Shoulder_Lapbelt'],0,0,Invalid,0.0,2.0,999.0,19.0,"['Male', 'Male', 'Male', 'Male', 'Male', 'Female', 'Male', 'Male', 'Male', 'Male', 'Female', 'Male', 'Female', 'Male', 'Male', 'Female', 'Male', 'Male', 'Male', 'Other', 'Male', 'Male', 'Male', 'Female', 'Female', 'Female', 'Male', 'Male', 'Female', 'Male', 'Male', 'Female', 'Female', 'Male', 'Male']",0,0,3,4,5,Wet/Standing Water,Straight,Level,Lowest,No
16699,22,Louisiana,220751,0,2,2,0,2,SHREVEPORT,October,29,Sunday,17,54,Urban,High Speed (Arterial),Yes,32.48996667,-93.700075,Simple Junction,Dusk,Clear,Unknown,Unknown,Unknown EMS Scene Arrival Hour,Unknown EMS Scene Arrival Minutes,Unknown,Unknown EMS Hospital Arrival Time,1,Twilight,Clear,1,1,['Driver'],['None_Used'],0,0,Valid,0.0,0.0,69.0,49.0,"['Female', 'Male']",0,0,5,4,5,Dry,Straight,Grade/Hillcrest,Lowest,No
16700,22,Louisiana,220752,0,1,1,0,1,BREAUX BRIDGE,June,13,Tuesday,12,36,Rural,Low Speed (Local),No,30.27894444,-91.81675556,Non-Intersection,Daylight,Not Reported,Unknown,Unknown if Notified,Unknown EMS Scene Arrival Hour,Unknown if Arrived,Not Applicable (Not Transported),Not Applicable (Not Transported),1,Daylight,Clear,1,0,['Driver'],['Shoulder_Lapbelt'],1,1,Valid,0.0,0.0,49.0,49.0,['Female'],0,0,3,0,4,Dry,Straight,Level,Lowest,No
16701,22,Louisiana,220753,0,1,1,0,1,NOT APPLICABLE,June,23,Friday,17,55,Urban,Medium Speed (Collector),No,30.35968889,-90.86488056,Non-Intersection,Daylight,Clear,Unknown,Unknown,6:00pm-6:59pm,15,Unknown,Unknown EMS Hospital Arrival Time,1,Daylight,Clear,1,0,['Driver'],['None_Used'],0,0,Valid,0.0,0.0,70.0,70.0,['Female'],0,0,2,4,3,Dry,Curve,Level,Lowest,No
16702,22,Louisiana,220754,0,1,1,0,2,NOT APPLICABLE,June,24,Saturday,21,55,Urban,Medium Speed (Collector),No,30.42157222,-90.41529722,Non-Intersection,Dark - Not Lighted,Clear,Unknown,Unknown,Unknown EMS Scene Arrival Hour,Unknown EMS Scene Arrival Minutes,Unknown,Unknown EMS Hospital Arrival Time,1,Dark - Unlighted,Clear,1,1,['Driver'],['Shoulder_Lapbelt'],0,0,Valid,0.0,0.0,44.0,44.0,['Female'],2,0,3,4,3,Dry,Curve,Level,Lowest,No
16703,22,Louisiana,220755,0,1,1,0,1,NOT APPLICABLE,August,20,Sunday,22,14,Urban,High Speed (Arterial),Yes,30.670375,-91.26033333,Non-Intersection,Dark - Not Lighted,Clear,Unknown,Unknown,Unknown EMS Scene Arrival Hour,Unknown EMS Scene Arrival Minutes,Unknown,Unknown EMS Hospital Arrival Time,1,Dark - Unlighted,Clear,1,0,['Driver'],['None_Used'],0,0,Invalid,0.0,0.0,47.0,47.0,['Male'],1,0,5,4,2,Dry,Straight,Level,Lowest,No
16704,22,Louisiana,220756,0,2,2,0,2,NOT APPLICABLE,September,27,Wednesday,16,55,Urban,Medium Speed (Collector),No,30.44020556,-90.38006944,Complex/Circle,Daylight,Clear,Unknown,Unknown,Unknown EMS Scene Arrival Hour,Unknown EMS Scene Arrival Minutes,Unknown,Unknown EMS Hospital Arrival Time,1,Daylight,Clear,1,1,['Driver'],['Shoulder_Lapbelt'],1,1,Valid,0.0,0.0,44.0,25.0,"['Female', 'Male']",0,0,3,4,5,Dry,Straight,Level,Lowest,No
16705,22,Louisiana,220757,1,1,1,0,1,MARKSVILLE,September,28,Thursday,7,29,Urban,Medium Speed (Collector),No,31.13726667,-92.05496667,Non-Intersection,Dark - Unknown Lighting,Clear,Not Applicable (Not Notified),Not Applicable (Not Notified),Not Applicable,Not Applicable,Not Applicable (Not Transported),Not Applicable (Not Transported),1,Dark - Unlighted,Clear,0,1,[],[],0,0,Invalid,0.0,0.0,999.0,999.0,['Other'],0,0,1,0,4,Dry,Straight,Level,Lowest,No
16706,22,Louisiana,220758,1,1,1,0,1,SHREVEPORT,October,9,Monday,20,41,Urban,High Speed (Arterial),Yes,32.558,-93.78361667,Non-Intersection,Dark - Not Lighted,Clear,Unknown,Unknown,Unknown EMS Scene Arrival Hour,Unknown EMS Scene Arrival Minutes,Unknown,Unknown EMS Hospital Arrival Time,1,Dark - Unlighted,Clear,0,1,[],[],0,0,Invalid,0.0,0.0,19.0,19.0,['Female'],0,0,3,4,4,Dry,Straight,Level,Lowest,No
16707,22,Louisiana,220759,0,2,2,0,4,SHREVEPORT,October,21,Saturday,3,20,Urban,Medium Speed (Collector),No,32.49996944,-93.75272778,Complex/Circle,Dark - Lighted,Clear,Unknown,Unknown,Unknown EMS Scene Arrival Hour,Unknown EMS Scene Arrival Minutes,Unknown,Unknown EMS Hospital Arrival Time,1,Dark - Lighted,Clear,1,3,['Driver'],['None_Used'],1,2,Invalid,0.0,0.0,23.0,22.0,"['Male', 'Male']",0,0,5,4,5,Dry,Straight,Level,Lowest,No
16708,22,Louisiana,220760,1,1,1,0,1,NOT APPLICABLE,December,17,Sunday,15,30,Rural,Medium Speed (Collector),No,30.53304167,-90.04543333,Non-Intersection,Daylight,Clear,Unknown,Unknown,Unknown EMS Scene Arrival Hour,Unknown EMS Scene Arrival Minutes,Unknown,Unknown EMS Hospital Arrival Time,1,Daylight,Clear,0,1,[],[],0,0,Valid,0.0,2.0,22.0,22.0,['Male'],1,0,3,3,4,Dry,Straight,Grade/Hillcrest,Lowest,No
16709,22,Louisiana,220761,0,1,1,0,1,NOT APPLICABLE,December,19,Tuesday,7,7,Rural,High Speed (Arterial),Yes,31.75985556,-93.17864444,Non-Intersection,Daylight,Clear,Unknown,Unknown if Notified,Unknown EMS Scene Arrival Hour,Unknown if Arrived,Not Applicable (Not Transported),Not Applicable (Not Transported),1,Daylight,Clear,1,0,['Driver'],['None_Used'],0,0,Valid,0.0,2.0,41.0,41.0,['Male'],0,0,3,4,3,Dry,Straight,Level,Lowest,No
16710,22,Louisiana,220762,0,1,1,0,2,COLFAX,July,20,Thursday,23,56,Urban,Low Speed (Local),No,31.52101944,-92.7104,Non-Intersection,Dark - Unknown Lighting,Not Reported,Unknown,Unknown,0:00am-0:59am,20,Unknown,Unknown EMS Hospital Arrival Time,1,Dark - Unlighted,Clear,1,1,['Front_Passenger'],['Shoulder_Lapbelt'],0,0,Valid,0.0,0.0,49.0,34.0,Other,2,0,3,4,3,Dry,Straight,Level,Lowest,No
16711,22,Louisiana,220763,1,1,1,0,1,DRY PRONG,October,5,Thursday,20,11,Rural,Low Speed (Local),No,31.43962222,-92.49084444,Non-Intersection,Dark - Lighted,Not Reported,Unknown,Unknown,Unknown EMS Scene Arrival Hour,Unknown EMS Scene Arrival Minutes,Not Applicable (Not Transported),Not Applicable (Not Transported),1,Dark - Lighted,Clear,0,1,[],[],0,0,Valid,0.0,0.0,61.0,61.0,['Male'],1,0,3,3,4,Dry,Straight,Level,Lowest,No
16712,22,Louisiana,220764,0,1,1,0,1,NOT APPLICABLE,May,1,Monday,18,49,Rural,High Speed (Arterial),Yes,30.20295,-93.47767778,Non-Intersection,Daylight,Clear,Unknown,Unknown,Unknown EMS Scene Arrival Hour,Unknown EMS Scene Arrival Minutes,Not Applicable (Not Transported),Not Applicable (Not Transported),1,Daylight,Clear,1,0,['Driver'],['Shoulder_Lapbelt'],1,1,Valid,0.0,0.0,54.0,54.0,['Male'],0,0,4,4,3,Dry,Straight,Level,Lowest,Yes
16713,22,Louisiana,220765,1,1,1,0,1,MONROE,September,16,Saturday,5,30,Urban,Medium Speed (Collector),No,32.51006667,-92.08553333,Non-Intersection,Dawn,Clear,Unknown,Unknown,Unknown EMS Scene Arrival Hour,Unknown EMS Scene Arrival Minutes,Unknown,Unknown EMS Hospital Arrival Time,1,Twilight,Clear,0,1,[],[],0,0,Invalid,0.0,0.0,999.0,999.0,['Other'],0,0,1,0,4,Dry,Straight,Level,Lowest,No
16714,22,Louisiana,220766,0,2,2,0,4,NOT APPLICABLE,February,6,Monday,13,17,Urban,High Speed (Arterial),Yes,30.45528611,-90.17633333,Complex/Circle,Daylight,Clear,Unknown,Unknown,Unknown EMS Scene Arrival Hour,Unknown EMS Scene Arrival Minutes,Unknown,Unknown EMS Hospital Arrival Time,1,Daylight,Clear,1,3,['Front_Passenger'],['Shoulder_Lapbelt'],0,0,Valid,0.0,0.0,75.0,24.0,"['Male', 'Female']",0,0,3,4,5,Dry,Straight,Grade/Hillcrest,Lowest,No
16715,22,Louisiana,220767,0,2,2,0,3,MONROE,February,22,Wednesday,15,35,Urban,High Speed (Arterial),Yes,32.49089167,-92.08341389,Complex/Circle,Daylight,Rain,Unknown,Unknown,Unknown EMS Scene Arrival Hour,Unknown EMS Scene Arrival Minutes,Unknown,Unknown EMS Hospital Arrival Time,1,Daylight,Rain/Wind/Minor,1,2,['Driver'],['Shoulder_Lapbelt'],0,0,Valid,0.0,0.0,999.0,71.0,"['Female', 'Male']",1,0,3,4,5,Wet/Standing Water,Straight,Level,Lowest,No
16716,22,Louisiana,220768,1,1,1,0,1,VILLE PLATTE,July,10,Monday,18,17,Urban,Medium Speed (Collector),No,30.67803333,-92.24722778,Non-Intersection,Daylight,Clear,Unknown,Unknown,Unknown EMS Scene Arrival Hour,Unknown EMS Scene Arrival Minutes,Unknown,Unknown EMS Hospital Arrival Time,1,Daylight,Clear,0,1,[],[],0,0,Valid,0.0,0.0,18.0,18.0,['Female'],0,0,3,4,4,Dry,Straight,Level,Lowest,No
16717,22,Louisiana,220769,0,2,2,0,4,NOT APPLICABLE,August,23,Wednesday,12,59,Rural,High Speed (Arterial),Yes,30.740975,-92.70171667,Non-Intersection,Daylight,Clear,Unknown,Unknown,Unknown EMS Scene Arrival Hour,Unknown EMS Scene Arrival Minutes,Unknown,Unknown EMS Hospital Arrival Time,1,Daylight,Clear,1,3,['Driver'],['Shoulder_Lapbelt'],0,0,Valid,0.0,0.0,73.0,45.0,"['Male', 'Male']",0,0,3,4,5,Dry,Straight,Level,Lowest,No
16718,22,Louisiana,220770,0,1,1,0,1,NOT APPLICABLE,September,19,Tuesday,10,53,Urban,Medium Speed (Collector),No,32.47418889,-92.15785556,Non-Intersection,Daylight,Clear,Unknown,Unknown,Unknown EMS Scene Arrival Hour,Unknown EMS Scene Arrival Minutes,Unknown,Unknown EMS Hospital Arrival Time,1,Daylight,Clear,1,0,['Driver'],['Shoulder_Lapbelt'],0,0,Invalid,0.0,0.0,76.0,76.0,['Male'],0,0,3,4,3,Dry,Straight,Level,Lowest,No
16719,22,Louisiana,220771,0,1,1,0,1,NOT APPLICABLE,September,22,Friday,7,8,Urban,Medium Speed (Collector),No,30.39560556,-90.06077222,Non-Intersection,Daylight,Clear,Not Applicable (Not Notified),Not Applicable (Not Notified),Not Applicable,Not Applicable,Not Applicable (Not Transported),Not Applicable (Not Transported),1,Daylight,Clear,1,0,['Driver'],['Shoulder_Lapbelt'],1,1,Valid,0.0,0.0,52.0,52.0,['Male'],0,0,3,0,3,Dry,Curve,Level,Lowest,No
16720,22,Louisiana,220772,0,2,2,0,6,NOT APPLICABLE,January,14,Saturday,17,20,Rural,Medium Speed (Collector),No,30.91700556,-90.11273056,Non-Intersection,Dark - Not Lighted,Clear,Unknown,Unknown,Unknown EMS Scene Arrival Hour,Unknown EMS Scene Arrival Minutes,Unknown,Unknown EMS Hospital Arrival Time,1,Dark - Unlighted,Clear,1,5,['Driver'],['Shoulder_Lapbelt'],0,0,Valid,0.0,0.0,84.0,36.0,"['Female', 'Female']",0,0,3,4,5,Dry,Straight,Level,Medium,No
16721,22,Louisiana,220773,1,1,1,0,1,NEW ORLEANS,December,17,Sunday,13,50,Urban,Medium Speed (Collector),No,29.96813056,-90.06295833,Complex/Circle,Daylight,Clear,Unknown,Unknown,Unknown EMS Scene Arrival Hour,Unknown EMS Scene Arrival Minutes,Unknown,Unknown EMS Hospital Arrival Time,1,Daylight,Clear,0,1,[],[],0,0,Invalid,0.0,0.0,999.0,999.0,['Female'],0,0,3,2,4,Dry,Straight,Level,Lowest,No
16722,22,Louisiana,220774,0,1,1,0,2,FLUKER,August,17,Thursday,21,53,Rural,Low Speed (Local),No,30.80749722,-90.512725,Non-Intersection,Dark - Unknown Lighting,Not Reported,Unknown,Unknown,Unknown EMS Scene Arrival Hour,Unknown EMS Scene Arrival Minutes,Unknown,Unknown EMS Hospital Arrival Time,1,Dark - Unlighted,Clear,1,1,['Non_Standard_Risk'],['None_Used'],0,0,Invalid,0.0,0.0,30.0,30.0,['Female'],0,0,2,1,1,Dry,Straight,Level,Lowest,No
16723,22,Louisiana,220775,0,1,1,0,2,BRAITHWAITE,September,15,Friday,12,46,Rural,Medium Speed (Collector),No,29.8593,-89.96199444,Non-Intersection,Daylight,Not Reported,Unknown,Unknown,Unknown EMS Scene Arrival Hour,Unknown EMS Scene Arrival Minutes,Unknown,Unknown EMS Hospital Arrival Time,1,Daylight,Clear,1,1,['Non_Standard_Risk'],['None_Used'],0,0,Valid,0.0,0.0,61.0,61.0,['Male'],0,0,1,1,1,Dry,Straight,Level,Lowest,No
16724,22,Louisiana,220776,0,1,1,0,1,MANSURA,January,30,Monday,14,31,Rural,Low Speed (Local),No,31.07005833,-92.004175,Non-Intersection,Daylight,Rain,Unknown,Unknown,Unknown EMS Scene Arrival Hour,Unknown EMS Scene Arrival Minutes,Not Applicable (Not Transported),Not Applicable (Not Transported),1,Daylight,Rain/Wind/Minor,1,0,['Driver'],['Shoulder_Lapbelt'],0,0,Valid,0.0,0.0,63.0,63.0,['Female'],1,0,3,4,3,Wet/Standing Water,Straight,Level,Lowest,No
16725,22,Louisiana,220777,1,1,1,0,2,NOT APPLICABLE,October,18,Wednesday,12,18,Rural,Low Speed (Local),No,30.00131667,-90.17944722,Non-Intersection,Daylight,Clear,12:00pm-12:59pm,22,Unknown EMS Scene Arrival Hour,Unknown EMS Scene Arrival Minutes,Not Applicable (Not Transported),Not Applicable (Not Transported),1,Daylight,Clear,0,2,[],[],0,0,Invalid,0.0,0.0,30.0,30.0,['Male'],0,0,3,1,4,Dry,Straight,Level,Lowest,No
16726,22,Louisiana,220778,1,1,1,0,1,BATON ROUGE,December,18,Monday,9,52,Rural,Low Speed (Local),No,30.42195833,-91.14096667,Non-Intersection,Daylight,Clear,Unknown,Unknown,Unknown EMS Scene Arrival Hour,Unknown EMS Scene Arrival Minutes,Not Applicable (Not Transported),Not Applicable (Not Transported),1,Daylight,Clear,0,1,[],[],0,0,Valid,0.0,0.0,76.0,76.0,['Female'],0,0,2,1,4,Dry,Straight,Level,Lowest,No
16727,23,Maine,230001,0,2,2,0,2,POLAND,January,2,Monday,7,40,Rural,Medium Speed (Collector),No,44.07993056,-70.36096111,Non-Intersection,Daylight,Clear,7:00am-7:59am,40,7:00am-7:59am,49,Not Applicable (Not Transported),Not Applicable (Not Transported),1,Daylight,Clear,1,1,['Driver'],['None_Used'],1,1,Valid,2.0,1.0,71.0,41.0,"['Male', 'Male']",1,0,4,4,5,Dry,Straight,Grade/Hillcrest,Lowest,Yes
16728,23,Maine,230004,0,1,1,0,1,ALTON,January,26,Thursday,11,45,Rural,Low Speed (Local),No,45.04768889,-68.7176,Non-Intersection,Daylight,Clear,Unknown,Unknown if Notified,Unknown EMS Scene Arrival Hour,Unknown if Arrived,Not Applicable (Not Transported),Not Applicable (Not Transported),1,Daylight,Clear,1,0,['Driver'],['None_Used'],1,1,Valid,2.0,0.0,33.0,33.0,['Female'],0,0,3,4,3,Icy/Snowy,Curve,Grade/Hillcrest,Lowest,No
16729,23,Maine,230006,0,3,3,0,6,AUBURN,March,11,Saturday,17,17,Rural,High Speed (Arterial),Yes,44.15258889,-70.23203889,Non-Intersection,Dusk,Clear,5:00pm-5:59pm,19,5:00pm-5:59pm,23,5:00pm-5:59pm,39,1,Twilight,Clear,1,5,['Driver'],['Shoulder_Lapbelt'],0,0,Invalid,0.0,0.0,50.0,32.0,"['Male', 'Female', 'Male']",0,0,3,4,5,Dry,Straight,Level,Medium,No
16730,23,Maine,230007,1,1,1,0,1,DRESDEN,January,30,Monday,17,42,Rural,Medium Speed (Collector),No,44.13218889,-69.74063889,Non-Intersection,Dark - Not Lighted,Snow,5:00pm-5:59pm,44,5:00pm-5:59pm,56,6:00pm-6:59pm,33,1,Dark - Unlighted,Snow/Ice/Severe,0,1,[],[],0,0,Valid,0.0,1.0,27.0,27.0,['Male'],0,0,2,4,4,Dry,Straight,Level,Lowest,No
16731,23,Maine,230008,0,2,2,0,3,SACO,February,3,Friday,13,52,Rural,High Speed (Arterial),Yes,43.4988,-70.48826111,Non-Intersection,Daylight,Clear,1:00pm-1:59pm,56,2:00pm-2:59pm,5,2:00pm-2:59pm,14,1,Daylight,Clear,1,2,['Driver'],['None_Used'],0,0,Valid,2.0,0.0,25.0,21.0,"['Male', 'Male']",0,0,3,4,5,Dry,Straight,Level,Lowest,No
16732,23,Maine,230009,0,2,2,0,2,GUILFORD,February,14,Tuesday,6,52,Rural,Medium Speed (Collector),No,45.16991111,-69.38068889,Non-Intersection,Daylight,Cloudy,6:00am-6:59am,57,7:00am-7:59am,5,Not Applicable (Not Transported),Not Applicable (Not Transported),1,Daylight,Reduced Visibility,1,1,['Driver'],['Shoulder_Lapbelt'],0,0,Valid,0.0,1.0,65.0,64.0,"['Male', 'Male']",0,0,4,4,5,Wet/Standing Water,Straight,Level,Lowest,No
16733,23,Maine,230010,0,1,1,0,3,SACO,February,22,Wednesday,0,31,Rural,Low Speed (Local),No,43.58034167,-70.46589167,Non-Intersection,Dark - Not Lighted,Snow,0:00am-0:59am,39,0:00am-0:59am,49,1:00am-1:59am,22,1,Dark - Unlighted,Snow/Ice/Severe,1,2,['Front_Passenger'],['Shoulder_Lapbelt'],0,0,Valid,0.0,0.0,18.0,18.0,['Male'],3,0,2,4,3,Icy/Snowy,Straight,Level,Lowest,No
16734,23,Maine,230011,0,1,1,0,1,WELLS,March,5,Sunday,7,58,Rural,High Speed (Arterial),Yes,43.31041944,-70.61468056,Non-Intersection,Daylight,Clear,8:00am-8:59am,4,8:00am-8:59am,11,Not Applicable (Not Transported),Not Applicable (Not Transported),1,Daylight,Clear,1,0,['Driver'],['None_Used'],0,0,Valid,0.0,0.0,22.0,22.0,['Male'],0,0,2,4,3,Dry,Curve,Grade/Hillcrest,Lowest,No
16735,23,Maine,230012,1,1,1,0,3,NAPLES,March,5,Sunday,18,27,Rural,Medium Speed (Collector),No,43.97361944,-70.59446111,Non-Intersection,Dark - Not Lighted,Clear,6:00pm-6:59pm,25,6:00pm-6:59pm,31,Not Applicable (Not Transported),Not Applicable (Not Transported),1,Dark - Unlighted,Clear,0,3,[],[],0,0,Invalid,3.0,0.0,48.0,48.0,['Male'],0,0,2,4,4,Dry,Straight,Grade/Hillcrest,Lowest,No
16736,23,Maine,230013,0,1,1,0,1,HERMON,March,19,Sunday,8,1,Rural,Medium Speed (Collector),No,44.79473056,-68.87738056,Non-Intersection,Daylight,Snow,8:00am-8:59am,3,8:00am-8:59am,14,Not Applicable (Not Transported),Not Applicable (Not Transported),1,Daylight,Snow/Ice/Severe,1,0,['Driver'],['None_Used'],1,1,Valid,1.0,1.0,22.0,22.0,['Male'],1,0,2,4,3,Wet/Standing Water,Straight,Level,Lowest,No
16737,23,Maine,230014,0,1,1,0,1,SOUTH BRISTOL,March,20,Monday,21,7,Rural,Medium Speed (Collector),No,43.97261111,-69.55603056,Non-Intersection,Dark - Not Lighted,Clear,9:00pm-9:59pm,17,9:00pm-9:59pm,23,Not Applicable (Not Transported),Not Applicable (Not Transported),1,Dark - Unlighted,Clear,1,0,['Driver'],['None_Used'],0,0,Valid,0.0,0.0,64.0,64.0,['Male'],0,0,2,4,3,Dry,Straight,Grade/Hillcrest,Lowest,No
16738,23,Maine,230015,0,3,1,2,1,LEWISTON,March,27,Monday,1,6,Urban,High Speed (Arterial),Yes,44.10993889,-70.20466111,Non-Intersection,Dark - Lighted,Clear,1:00am-1:59am,9,1:00am-1:59am,14,Not Applicable (Not Transported),Not Applicable (Not Transported),1,Dark - Lighted,Clear,1,0,['Driver'],['None_Used'],1,1,Valid,1.0,0.0,31.0,31.0,['Male'],0,0,2,4,3,Dry,Straight,Level,Lowest,No
16739,23,Maine,230016,0,2,2,0,3,FRYEBURG,February,23,Thursday,17,3,Rural,High Speed (Arterial),Yes,44.00123056,-70.99656944,Non-Intersection,Dark - Not Lighted,Snow,5:00pm-5:59pm,8,5:00pm-5:59pm,20,6:00pm-6:59pm,25,1,Dark - Unlighted,Snow/Ice/Severe,1,2,['Driver'],['None_Used'],0,0,Valid,1.0,0.0,83.0,45.0,"['Male', 'Male']",0,0,3,4,5,Icy/Snowy,Straight,Level,Lowest,No