,State_Code,State_Name,Crash_ID,Count_Non_Motorists,Count_Vehicles_Total,Count_Vehicle_Forms,Count_PVH_Involved,Count_Occupants_MV,City_Name,Month_Name,Day_of_Month,Day_of_Week,Crash_Hour,Crash_Minute,Area_Rural_Urban,Road_Functional_Class,On_NHS_Road,Latitude,Longitude,Intersection_Type,Light_Condition,Weather_Condition,Notif_Hour,Notif_Minute,Arrival_Hour,Arrival_Minute,Hospital_Hour,Hospital_Minute,Fatalities_Count,Clean_Light_Condition,Clean_Weather_Condition,Total_Killed,Total_Alive,Fatal_Seats_List,Killed_Restraint_List,Any_Driver_Drinking,Total_Drinking_Drivers,Driver_License_Category,Driver_Max_Prev_Accident_Count,Driver_Max_Prev_Speeding_Count,Max_Driver_Age,Min_Driver_Age,Driver_Sex_List,Total_Exceeding_Limit_Vehicles,Total_Too_Fast_Vehicles,Max_Vehicle_Type_Severity_5,Max_Vehicle_Damage_Rank,Max_Harmful_Event_Severity,Crash_Road_Surface_Condition,Crash_Horizontal_Alignment,Crash_Vertical_Profile,Crash_Impairment_Category,Crash_Vehicle_Defect
16740,23,Maine,230017,0,2,2,0,2,CARIBOU,March,23,Thursday,14,7,Rural,High Speed (Arterial),Yes,46.82506111,-67.99358889,Non-Intersection,Daylight,Snow,2:00pm-2:59pm,5,2:00pm-2:59pm,12,2:00pm-2:59pm,43,1,Daylight,Snow/Ice/Severe,1,1,['Driver'],['None_Used'],0,0,Valid,0.0,0.0,57.0,37.0,"['Male', 'Male']",0,0,4,4,5,Icy/Snowy,Straight,Level,Lowest,No
16741,23,Maine,230018,0,2,2,0,2,LIVERMORE,April,16,Sunday,6,9,Rural,Medium Speed (Collector),No,44.38808889,-70.25651111,Non-Intersection,Dawn,Cloudy,6:00am-6:59am,15,6:00am-6:59am,24,6:00am-6:59am,52,1,Twilight,Reduced Visibility,1,1,['Driver'],['Shoulder_Lapbelt'],1,1,Valid,0.0,0.0,63.0,30.0,"['Male', 'Female']",0,0,3,4,5,Dry,Straight,Level,Lowest,No
16742,23,Maine,230019,0,1,1,0,1,CORINNA,April,29,Saturday,16,35,Rural,Low Speed (Local),No,44.94606944,-69.24586944,Non-Intersection,Reported as Unknown,Other,Unknown,Unknown if Notified,Unknown EMS Scene Arrival Hour,Unknown if Arrived,Not Applicable (Not Transported),Not Applicable (Not Transported),1,Dark - Unlighted,Reduced Visibility,1,0,['Driver'],['None_Used'],1,1,Valid,1.0,0.0,50.0,50.0,['Male'],0,0,3,4,2,Dry,Curve,Level,Lowest,No
16743,23,Maine,230020,0,1,1,0,1,FALMOUTH,May,3,Wednesday,6,4,Rural,High Speed (Arterial),Yes,43.79006944,-70.31496111,Non-Intersection,Dawn,Rain,6:00am-6:59am,5,6:00am-6:59am,17,7:00am-7:59am,39,1,Twilight,Rain/Wind/Minor,1,0,['Driver'],['Shoulder_Lapbelt'],0,0,Valid,0.0,0.0,59.0,59.0,['Male'],0,0,3,4,3,Wet/Standing Water,Straight,Level,Medium,No
16744,23,Maine,230021,1,1,1,0,1,AUBURN,April,13,Thursday,15,12,Urban,Medium Speed (Collector),No,44.08828889,-70.2345,Simple Junction,Daylight,Clear,3:00pm-3:59pm,12,3:00pm-3:59pm,15,3:00pm-3:59pm,30,1,Daylight,Clear,0,1,[],[],0,0,Valid,1.0,0.0,63.0,63.0,['Male'],0,0,3,3,4,Dry,Straight,Level,Lowest,No
16745,23,Maine,230022,0,2,2,0,2,GRAY,April,28,Friday,20,28,Urban,High Speed (Arterial),Yes,43.92513056,-70.35431111,Non-Intersection,Dark - Not Lighted,Clear,Unknown,Unknown if Notified,Unknown EMS Scene Arrival Hour,Unknown if Arrived,Not Applicable (Not Transported),Not Applicable (Not Transported),1,Dark - Unlighted,Clear,1,1,['Driver'],['Shoulder_Lapbelt'],1,1,Valid,2.0,0.0,42.0,30.0,"['Male', 'Male']",0,0,3,4,5,Dry,Straight,Level,Lowest,No
16746,23,Maine,230023,0,2,2,0,3,PALMYRA,May,4,Thursday,11,30,Rural,Medium Speed (Collector),No,44.809025,-69.40591389,Non-Intersection,Daylight,Cloudy,11:00am-11:59am,30,11:00am-11:59am,38,12:00pm-12:59pm,6,1,Daylight,Reduced Visibility,1,2,['Driver'],['Shoulder_Lapbelt'],0,0,Valid,1.0,0.0,67.0,39.0,"['Male', 'Male']",0,0,4,4,5,Dry,Curve,Level,Lowest,No
16747,23,Maine,230024,0,2,1,1,1,HODGDON,May,4,Thursday,17,6,Rural,Medium Speed (Collector),No,46.07398889,-67.85043889,Non-Intersection,Daylight,Cloudy,Unknown,Unknown,Unknown EMS Scene Arrival Hour,Unknown EMS Scene Arrival Minutes,Not Applicable (Not Transported),Not Applicable (Not Transported),1,Daylight,Reduced Visibility,1,0,['Driver'],['None_Used'],1,1,Valid,0.0,0.0,49.0,49.0,['Male'],1,0,3,4,3,Dry,Curve,Level,Lowest,No
16748,23,Maine,230026,0,1,1,0,1,WATERVILLE,May,15,Monday,22,43,Urban,Medium Speed (Collector),No,44.56171944,-69.62631111,Non-Intersection,Dark - Lighted,Clear,10:00pm-10:59pm,40,10:00pm-10:59pm,47,Not Applicable (Not Transported),Not Applicable (Not Transported),1,Dark - Lighted,Clear,1,0,['Driver'],['None_Used'],1,1,Valid,3.0,0.0,27.0,27.0,['Female'],0,0,3,4,3,Dry,Straight,Level,Lowest,No
16749,23,Maine,230027,0,1,1,0,1,NORWAY,May,20,Saturday,13,15,Rural,Medium Speed (Collector),No,44.21376944,-70.55411111,Non-Intersection,Daylight,Cloudy,1:00pm-1:59pm,20,1:00pm-1:59pm,35,Not Applicable (Not Transported),Not Applicable (Not Transported),1,Daylight,Reduced Visibility,1,0,['Driver'],['None_Used'],1,1,Valid,1.0,1.0,63.0,63.0,['Male'],0,0,3,4,3,Dry,Curve,Grade/Hillcrest,Lowest,No
16750,23,Maine,230029,0,1,1,0,1,NEWBURGH,May,15,Monday,17,32,Rural,Medium Speed (Collector),No,44.71158056,-69.03825,Non-Intersection,Daylight,Clear,5:00pm-5:59pm,32,5:00pm-5:59pm,45,Not Applicable (Not Transported),Not Applicable (Not Transported),1,Daylight,Clear,1,0,['Driver'],['None_Used'],1,1,Valid,0.0,0.0,61.0,61.0,['Female'],0,0,3,4,3,Dry,Straight,Grade/Hillcrest,Lowest,No
16751,23,Maine,230030,0,1,1,0,2,CUSHING,May,31,Wednesday,17,12,Rural,Low Speed (Local),No,44.0573,-69.21576111,Non-Intersection,Daylight,Clear,5:00pm-5:59pm,12,5:00pm-5:59pm,26,6:00pm-6:59pm,37,1,Daylight,Clear,1,1,['Driver'],['None_Used'],1,1,Valid,1.0,0.0,29.0,29.0,['Male'],2,0,2,4,3,Dry,Curve,Level,Lowest,No
16752,23,Maine,230031,0,1,1,0,1,KITTERY,June,4,Sunday,18,53,Urban,Medium Speed (Collector),No,43.1068,-70.76533056,Non-Intersection,Dusk,Rain,6:00pm-6:59pm,55,7:00pm-7:59pm,0,Not Applicable (Not Transported),Not Applicable (Not Transported),1,Twilight,Rain/Wind/Minor,1,0,['Driver'],['None_Used'],0,0,Valid,0.0,0.0,69.0,69.0,['Male'],0,0,2,4,3,Wet/Standing Water,Curve,Level,Lowest,No
16753,23,Maine,230032,0,1,1,0,2,PORTLAND,June,8,Thursday,6,45,Rural,Low Speed (Local),No,43.96566111,-70.55708889,Non-Intersection,Daylight,Cloudy,Unknown,Unknown,Unknown EMS Scene Arrival Hour,Unknown EMS Scene Arrival Minutes,Unknown,Unknown EMS Hospital Arrival Time,2,Daylight,Reduced Visibility,2,0,"['Driver', 'Front_Passenger']","['None_Used', 'None_Used']",1,1,Valid,0.0,0.0,20.0,20.0,['Male'],0,0,2,4,3,Wet/Standing Water,Curve,Level,Lowest,No
16754,23,Maine,230033,0,1,1,0,1,BLUE HILL,June,11,Sunday,0,54,Rural,Medium Speed (Collector),No,44.41483889,-68.60856111,Non-Intersection,Dark - Not Lighted,Clear,0:00am-0:59am,57,1:00am-1:59am,2,Not Applicable (Not Transported),Not Applicable (Not Transported),1,Dark - Unlighted,Clear,1,0,['Driver'],['None_Used'],1,1,Valid,1.0,0.0,25.0,25.0,['Male'],1,0,5,4,3,Dry,Curve,Level,Lowest,No
16755,23,Maine,230034,0,3,3,0,7,FALMOUTH,May,29,Monday,10,8,Urban,High Speed (Arterial),Yes,43.7265,-70.23891944,Non-Intersection,Daylight,Clear,10:00am-10:59am,18,10:00am-10:59am,31,10:00am-10:59am,48,3,Daylight,Clear,3,4,"['Driver', 'Driver', 'Front_Passenger']","['None_Used', 'Shoulder_Lapbelt', 'Shoulder_Lapbelt']",1,1,Valid,0.0,0.0,72.0,34.0,"['Female', 'Male', 'Male']",0,0,3,4,5,Dry,Straight,Level,Medium,No
16756,23,Maine,230035,0,1,1,0,1,SOUTH PORTLAND,May,26,Friday,18,49,Urban,High Speed (Arterial),Yes,43.6321,-70.34235,Non-Intersection,Daylight,Clear,6:00pm-6:59pm,50,7:00pm-7:59pm,0,7:00pm-7:59pm,15,1,Daylight,Clear,1,0,['Driver'],['None_Used'],1,1,Valid,0.0,0.0,50.0,50.0,['Male'],0,0,5,4,3,Dry,Curve,Level,Lowest,No
16757,23,Maine,230036,0,1,1,0,1,DAMARISCOTTA,June,6,Tuesday,7,52,Rural,Medium Speed (Collector),No,44.03671111,-69.48948056,Non-Intersection,Daylight,Cloudy,Unknown,Unknown if Notified,Unknown EMS Scene Arrival Hour,Unknown if Arrived,Not Applicable (Not Transported),Not Applicable (Not Transported),1,Daylight,Reduced Visibility,1,0,['Driver'],['Shoulder_Lapbelt'],1,1,Valid,0.0,0.0,43.0,43.0,['Male'],0,0,3,4,3,Dry,Curve,Grade/Hillcrest,Lowest,No
16758,23,Maine,230037,0,2,2,0,2,ELLSWORTH,April,21,Friday,6,24,Rural,High Speed (Arterial),Yes,44.64688889,-68.56195,Non-Intersection,Daylight,Clear,6:00am-6:59am,23,6:00am-6:59am,38,7:00am-7:59am,5,1,Daylight,Clear,1,1,['Driver'],['None_Used'],0,0,Valid,0.0,1.0,43.0,27.0,"['Male', 'Male']",0,0,3,4,5,Dry,Curve,Level,Medium,No
16759,23,Maine,230038,0,2,1,1,1,NORRIDGEWOCK,June,24,Saturday,3,14,Rural,Medium Speed (Collector),No,44.70786389,-69.79101389,Non-Intersection,Dark - Lighted,Clear,3:00am-3:59am,17,3:00am-3:59am,26,Not Applicable (Not Transported),Not Applicable (Not Transported),1,Dark - Lighted,Clear,1,0,['Driver'],['None_Used'],0,0,Invalid,1.0,0.0,54.0,54.0,['Male'],1,0,2,4,3,Dry,Straight,Level,Lowest,No
16760,23,Maine,230039,0,2,2,0,5,NEW SHARON,May,2,Tuesday,14,19,Rural,High Speed (Arterial),Yes,44.64148056,-70.01921944,Non-Intersection,Daylight,Clear,2:00pm-2:59pm,34,2:00pm-2:59pm,55,3:00pm-3:59pm,25,1,Daylight,Clear,1,4,['Front_Passenger'],['Shoulder_Lapbelt'],0,0,Valid,3.0,2.0,41.0,39.0,"['Male', 'Female']",0,0,4,4,5,Dry,Straight,Grade/Hillcrest,Lowest,No
16761,23,Maine,230040,0,2,2,0,2,CARRABASSETT VALLEY,May,26,Friday,14,22,Rural,Medium Speed (Collector),No,45.06643056,-70.20128889,Non-Intersection,Daylight,Clear,2:00pm-2:59pm,25,2:00pm-2:59pm,29,3:00pm-3:59pm,51,1,Daylight,Clear,1,1,['Driver'],['None_Used'],0,0,Valid,1.0,0.0,55.0,42.0,"['Male', 'Male']",1,0,3,4,5,Dry,Curve,Level,Lowest,No
16762,23,Maine,230041,0,1,1,0,3,AUBURN,June,14,Wednesday,20,17,Rural,Low Speed (Local),No,44.07491944,-70.28658056,Non-Intersection,Dusk,Cloudy,8:00pm-8:59pm,17,8:00pm-8:59pm,31,8:00pm-8:59pm,54,1,Twilight,Reduced Visibility,1,2,['Front_Passenger'],['None_Used'],0,0,Valid,1.0,2.0,24.0,24.0,['Male'],3,0,1,4,3,Dry,Curve,Grade/Hillcrest,Lowest,No
16763,23,Maine,230042,0,1,1,0,1,HAMPDEN,June,17,Saturday,16,37,Rural,High Speed (Arterial),Yes,44.76143889,-68.95848889,Non-Intersection,Daylight,Rain,Unknown,Unknown if Notified,Unknown EMS Scene Arrival Hour,Unknown if Arrived,Not Applicable (Not Transported),Not Applicable (Not Transported),1,Daylight,Rain/Wind/Minor,1,0,['Driver'],['None_Used'],0,0,Valid,0.0,0.0,63.0,63.0,['Male'],1,0,2,4,2,Wet/Standing Water,Straight,Grade/Hillcrest,Lowest,No
16764,23,Maine,230043,0,2,2,0,4,PARIS,July,7,Friday,17,20,Rural,High Speed (Arterial),Yes,44.28636111,-70.52186111,Non-Intersection,Daylight,Clear,5:00pm-5:59pm,50,6:00pm-6:59pm,12,6:00pm-6:59pm,32,3,Daylight,Clear,3,1,"['Driver', 'Front_Passenger', 'Rear_Seat']","['Shoulder_Lapbelt', 'Shoulder_Lapbelt', 'None_Used']",1,1,Invalid,0.0,0.0,52.0,22.0,"['Female', 'Female']",0,0,3,4,5,Dry,Straight,Level,Lowest,No
16765,23,Maine,230044,0,1,1,0,1,TOWN OF READFIELD,July,10,Monday,16,15,Rural,Medium Speed (Collector),No,44.38673889,-69.94601944,Non-Intersection,Daylight,Cloudy,4:00pm-4:59pm,20,4:00pm-4:59pm,30,5:00pm-5:59pm,0,1,Daylight,Reduced Visibility,1,0,['Driver'],['None_Used'],0,0,Valid,0.0,0.0,82.0,82.0,['Male'],0,0,3,4,3,Wet/Standing Water,Straight,Level,Lowest,Yes
16766,23,Maine,230045,0,2,2,0,4,DAYTON,June,13,Tuesday,20,1,Rural,Medium Speed (Collector),No,43.54363889,-70.54748056,Complex/Circle,Daylight,Clear,7:00pm-7:59pm,58,8:00pm-8:59pm,5,Not Applicable (Not Transported),Not Applicable (Not Transported),1,Daylight,Clear,1,3,['Driver'],['None_Used'],0,0,Valid,1.0,0.0,18.0,16.0,"['Male', 'Female']",1,0,5,4,5,Dry,Straight,Level,Lowest,No
16767,23,Maine,230046,0,1,1,0,1,BENTON,July,21,Friday,14,24,Rural,Medium Speed (Collector),No,44.59561111,-69.53951944,Non-Intersection,Daylight,Rain,Unknown,Unknown if Notified,Unknown EMS Scene Arrival Hour,Unknown if Arrived,Not Applicable (Not Transported),Not Applicable (Not Transported),1,Daylight,Rain/Wind/Minor,1,0,['Driver'],['None_Used'],0,0,Invalid,0.0,0.0,74.0,74.0,['Male'],0,0,5,4,2,Wet/Standing Water,Curve,Level,Lowest,No
16768,23,Maine,230047,0,1,1,0,1,BOOTHBAY,June,19,Monday,17,39,Rural,Medium Speed (Collector),No,43.91613889,-69.60736944,Non-Intersection,Daylight,Clear,Unknown,Unknown if Notified,Unknown EMS Scene Arrival Hour,Unknown if Arrived,Not Applicable (Not Transported),Not Applicable (Not Transported),1,Daylight,Clear,1,0,['Driver'],['Shoulder_Lapbelt'],0,0,Valid,0.0,1.0,40.0,40.0,['Male'],1,0,2,4,3,Dry,Curve,Grade/Hillcrest,Lowest,Yes
16769,23,Maine,230048,0,1,1,0,1,BANGOR,July,3,Monday,1,55,Rural,Medium Speed (Collector),No,44.85958889,-68.82691111,Non-Intersection,Dark - Not Lighted,Rain,1:00am-1:59am,55,2:00am-2:59am,4,2:00am-2:59am,33,1,Dark - Unlighted,Rain/Wind/Minor,1,0,['Driver'],['None_Used'],0,0,Valid,1.0,1.0,62.0,62.0,['Male'],0,0,2,4,3,Wet/Standing Water,Straight,Grade/Hillcrest,Lowest,No
16770,23,Maine,230049,0,2,2,0,2,BANGOR,July,5,Wednesday,9,0,Urban,Medium Speed (Collector),No,44.82131111,-68.76118889,Simple Junction,Daylight,Clear,9:00am-9:59am,0,9:00am-9:59am,7,9:00am-9:59am,21,1,Daylight,Clear,1,1,['Driver'],['Shoulder_Lapbelt'],0,0,Valid,0.0,0.0,86.0,55.0,"['Male', 'Male']",0,0,3,4,5,Dry,Straight,Level,Lowest,No
16771,23,Maine,230050,0,1,1,0,2,JEFFERSON,July,7,Friday,2,9,Rural,Medium Speed (Collector),No,44.20636944,-69.51661111,Non-Intersection,Dark - Not Lighted,Clear,2:00am-2:59am,14,2:00am-2:59am,34,3:00am-3:59am,43,1,Dark - Unlighted,Clear,1,1,['Front_Passenger'],['Shoulder_Lapbelt'],1,1,Valid,0.0,0.0,36.0,36.0,['Male'],0,0,3,4,3,Dry,Curve,Grade/Hillcrest,Lowest,No
16772,23,Maine,230051,0,1,1,0,1,SOUTH BERWICK,July,12,Wednesday,5,29,Rural,Low Speed (Local),No,43.25891111,-70.66863056,Non-Intersection,Dawn,Clear,5:00am-5:59am,36,5:00am-5:59am,42,Not Applicable (Not Transported),Not Applicable (Not Transported),1,Twilight,Clear,1,0,['Driver'],['None_Used'],0,0,Valid,0.0,0.0,31.0,31.0,['Male'],1,0,5,4,3,Dry,Curve,Grade/Hillcrest,Lowest,No
16773,23,Maine,230052,0,1,1,0,7,WOODLAND,July,31,Monday,22,0,Rural,Low Speed (Local),No,45.21843056,-67.48933056,Non-Intersection,Dark - Not Lighted,Clear,10:00pm-10:59pm,3,10:00pm-10:59pm,16,11:00pm-11:59pm,14,1,Dark - Unlighted,Clear,1,6,['Rear_Seat'],['None_Used'],1,1,Valid,0.0,0.0,17.0,17.0,['Male'],7,0,3,4,3,Dry,Straight,Level,Lowest,No
16774,23,Maine,230053,1,1,1,0,1,SACO,August,2,Wednesday,16,42,Urban,Low Speed (Local),No,43.49667222,-70.44711111,Complex/Circle,Daylight,Clear,4:00pm-4:59pm,48,4:00pm-4:59pm,52,5:00pm-5:59pm,20,1,Daylight,Clear,0,1,[],[],0,0,Valid,0.0,0.0,59.0,59.0,['Male'],0,0,4,1,4,Dry,Straight,Level,Lowest,No
16775,23,Maine,230054,0,1,1,0,3,Other,August,4,Friday,0,52,Rural,Medium Speed (Collector),No,45.20631111,-68.52073056,Non-Intersection,Dark - Not Lighted,Cloudy,0:00am-0:59am,55,1:00am-1:59am,18,2:00am-2:59am,11,1,Dark - Unlighted,Reduced Visibility,1,2,['Rear_Seat'],['None_Used'],0,0,Valid,0.0,0.0,17.0,17.0,['Male'],3,0,2,4,3,Wet/Standing Water,Curve,Grade/Hillcrest,Lowest,No
16776,23,Maine,230055,0,2,2,0,4,JONESBORO,August,8,Tuesday,12,46,Rural,Medium Speed (Collector),No,44.6464,-67.65648889,Non-Intersection,Daylight,Clear,12:00pm-12:59pm,28,12:00pm-12:59pm,34,1:00pm-1:59pm,8,1,Daylight,Clear,1,3,['Front_Passenger'],['Shoulder_Lapbelt'],0,0,Valid,0.0,0.0,69.0,62.0,"['Female', 'Female']",0,0,3,4,5,Dry,Curve,Grade/Hillcrest,Lowest,No
16777,23,Maine,230056,0,1,1,0,1,VINALHAVEN,July,12,Wednesday,12,9,Rural,Low Speed (Local),No,44.07506111,-68.82438056,Non-Intersection,Daylight,Clear,12:00pm-12:59pm,10,12:00pm-12:59pm,18,Not Applicable (Not Transported),Not Applicable (Not Transported),1,Daylight,Clear,1,0,['Driver'],['None_Used'],0,0,Valid,0.0,0.0,67.0,67.0,['Male'],0,0,3,4,3,Dry,Straight,Level,Medium,No
16778,23,Maine,230057,1,1,1,0,1,WINDHAM CENTER,July,23,Sunday,11,5,Rural,Low Speed (Local),No,43.77811111,-70.41895,Non-Intersection,Daylight,Clear,11:00am-11:59am,8,11:00am-11:59am,15,11:00am-11:59am,39,1,Daylight,Clear,0,1,[],[],0,0,Valid,0.0,0.0,17.0,17.0,['Male'],0,0,3,3,4,Dry,Curve,Level,Lowest,No
16779,23,Maine,230058,0,2,2,0,2,FARMINGTON,August,1,Tuesday,3,29,Urban,High Speed (Arterial),Yes,44.6604,-70.14558889,Non-Intersection,Dark - Lighted,Clear,3:00am-3:59am,30,3:00am-3:59am,41,4:00am-4:59am,20,1,Dark - Lighted,Clear,1,1,['Driver'],['None_Used'],1,1,Invalid,0.0,5.0,57.0,26.0,"['Male', 'Male']",1,0,4,4,5,Dry,Straight,Level,Lowest,No
16780,23,Maine,230059,2,1,1,0,1,SANFORD,August,2,Wednesday,16,1,Rural,Low Speed (Local),No,43.39971111,-70.66518056,Non-Intersection,Daylight,Clear,4:00pm-4:59pm,1,4:00pm-4:59pm,13,5:00pm-5:59pm,9,2,Daylight,Clear,0,1,[],[],0,0,Valid,0.0,0.0,70.0,70.0,['Male'],0,0,3,4,4,Dry,Straight,Level,Lowest,No
16781,23,Maine,230060,1,1,1,0,1,CANTON,July,26,Wednesday,16,56,Rural,Medium Speed (Collector),No,44.44048889,-70.31533056,Complex/Circle,Daylight,Clear,5:00pm-5:59pm,0,5:00pm-5:59pm,15,5:00pm-5:59pm,46,1,Daylight,Clear,0,1,[],[],0,0,Valid,0.0,0.0,57.0,57.0,['Male'],0,0,3,1,4,Dry,Straight,Level,Lowest,Yes
16782,23,Maine,230061,0,3,3,0,3,NORTH YARMOUTH,August,23,Wednesday,15,31,Rural,Medium Speed (Collector),No,43.86208889,-70.27735,Simple Junction,Daylight,Clear,3:00pm-3:59pm,33,3:00pm-3:59pm,39,4:00pm-4:59pm,24,1,Daylight,Clear,1,2,['Driver'],['None_Used'],0,0,Valid,0.0,1.0,74.0,23.0,"['Male', 'Male', 'Female']",0,0,5,2,5,Dry,Straight,Grade/Hillcrest,Lowest,No
16783,23,Maine,230062,1,1,1,0,1,SOUTHWEST HARBOR,June,10,Saturday,23,20,Rural,Medium Speed (Collector),No,44.30463056,-68.32981111,Non-Intersection,Dark - Not Lighted,Clear,Unknown,Unknown if Notified,Unknown EMS Scene Arrival Hour,Unknown if Arrived,Not Applicable (Not Transported),Not Applicable (Not Transported),1,Dark - Unlighted,Clear,0,1,[],[],0,0,Valid,0.0,0.0,30.0,30.0,['Male'],0,0,3,3,4,Dry,Straight,Level,Lowest,No
16784,23,Maine,230063,0,1,1,0,1,CHELSEA,August,16,Wednesday,18,42,Rural,Medium Speed (Collector),No,44.25753056,-69.70961944,Non-Intersection,Daylight,Clear,6:00pm-6:59pm,42,6:00pm-6:59pm,48,Not Applicable (Not Transported),Not Applicable (Not Transported),1,Daylight,Clear,1,0,['Driver'],['None_Used'],1,1,Valid,0.0,1.0,27.0,27.0,['Male'],1,0,2,4,3,Dry,Straight,Grade/Hillcrest,Lowest,No
16785,23,Maine,230064,0,1,1,0,1,FORT KENT,June,10,Saturday,21,35,Rural,Low Speed (Local),No,47.24575,-68.59956111,Non-Intersection,Dark - Not Lighted,Clear,9:00pm-9:59pm,39,9:00pm-9:59pm,43,Not Applicable (Not Transported),Not Applicable (Not Transported),1,Dark - Unlighted,Clear,1,0,['Driver'],['None_Used'],1,1,Valid,0.0,0.0,60.0,60.0,['Male'],0,0,5,2,3,Dry,Curve,Grade/Hillcrest,Lowest,No
16786,23,Maine,230065,0,1,1,0,1,FRANKLIN,August,19,Saturday,1,8,Rural,Medium Speed (Collector),No,44.58626111,-68.25365,Non-Intersection,Dark - Not Lighted,Cloudy,Unknown,Unknown if Notified,Unknown EMS Scene Arrival Hour,Unknown if Arrived,Not Applicable (Not Transported),Not Applicable (Not Transported),1,Dark - Unlighted,Reduced Visibility,1,0,['Driver'],['Shoulder_Lapbelt'],1,1,Valid,0.0,0.0,51.0,51.0,['Male'],0,0,2,4,2,Wet/Standing Water,Straight,Level,Lowest,No
16787,23,Maine,230066,0,2,2,0,2,Other,August,12,Saturday,15,30,Rural,Medium Speed (Collector),No,44.56065833,-68.84290833,Non-Intersection,Daylight,Clear,3:00pm-3:59pm,31,3:00pm-3:59pm,40,Not Applicable (Not Transported),Not Applicable (Not Transported),1,Daylight,Clear,1,1,['Driver'],['None_Used'],0,0,Valid,2.0,1.0,63.0,22.0,"['Male', 'Female']",1,0,5,4,5,Dry,Curve,Grade/Hillcrest,Lowest,No
16788,23,Maine,230067,0,2,2,0,2,DOVER FOXCROFT,August,4,Friday,6,50,Rural,Medium Speed (Collector),No,45.11778889,-69.11798056,Non-Intersection,Daylight,Cloudy,6:00am-6:59am,55,7:00am-7:59am,1,8:00am-8:59am,51,1,Daylight,Reduced Visibility,1,1,['Driver'],['Shoulder_Lapbelt'],1,1,Valid,4.0,1.0,45.0,37.0,"['Male', 'Male']",0,0,3,4,5,Wet/Standing Water,Straight,Level,Lowest,No
16789,23,Maine,230068,0,3,3,0,4,HERMON,September,7,Thursday,19,43,Rural,Medium Speed (Collector),No,44.80786111,-68.92945,Complex/Circle,Dusk,Clear,7:00pm-7:59pm,51,Unknown EMS Scene Arrival Hour,Unknown EMS Scene Arrival Minutes,Unknown,Unknown EMS Hospital Arrival Time,1,Twilight,Clear,1,3,['Driver'],['None_Used'],0,0,Valid,1.0,1.0,51.0,30.0,"['Male', 'Female', 'Female']",1,0,5,4,5,Dry,Straight,Grade/Hillcrest,Lowest,No
16790,23,Maine,230069,0,1,1,0,2,MADISON,June,4,Sunday,18,45,Rural,High Speed (Arterial),Yes,44.81368056,-69.76173889,Non-Intersection,Daylight,Rain,6:00pm-6:59pm,52,7:00pm-7:59pm,11,Not Applicable (Not Transported),Not Applicable (Not Transported),1,Daylight,Rain/Wind/Minor,1,1,['Driver'],['None_Used'],1,1,Invalid,0.0,0.0,42.0,42.0,['Male'],0,0,3,4,3,Wet/Standing Water,Straight,Level,Lowest,No
16791,23,Maine,230070,1,1,1,0,1,BLAINE,July,19,Wednesday,21,44,Rural,High Speed (Arterial),Yes,46.47266111,-67.86846111,Non-Intersection,Dark - Not Lighted,Clear,9:00pm-9:59pm,46,9:00pm-9:59pm,52,Not Applicable (Not Transported),Not Applicable (Not Transported),1,Dark - Unlighted,Clear,0,1,[],[],0,0,Invalid,0.0,0.0,41.0,41.0,['Male'],1,0,3,4,4,Dry,Straight,Level,Lowest,Yes
16792,23,Maine,230071,0,2,2,0,5,WALDOBORO,August,28,Monday,14,40,Rural,High Speed (Arterial),Yes,44.10631944,-69.3619,Non-Intersection,Daylight,Clear,2:00pm-2:59pm,44,2:00pm-2:59pm,46,Not Applicable (Not Transported),Not Applicable (Not Transported),1,Daylight,Clear,1,4,['Driver'],['None_Used'],0,0,Valid,0.0,0.0,78.0,57.0,"['Male', 'Male']",0,0,3,4,5,Dry,Straight,Level,Lowest,No
16793,23,Maine,230072,0,1,1,0,1,TURNER,September,4,Monday,21,10,Rural,Medium Speed (Collector),No,44.25676111,-70.25426944,Non-Intersection,Dark - Not Lighted,Clear,9:00pm-9:59pm,14,9:00pm-9:59pm,15,9:00pm-9:59pm,44,1,Dark - Unlighted,Clear,1,0,['Driver'],['None_Used'],1,1,Valid,1.0,1.0,22.0,22.0,['Male'],1,0,2,4,3,Dry,Curve,Grade/Hillcrest,Lowest,Yes
16794,23,Maine,230073,0,2,2,0,2,AUBURN,September,7,Thursday,12,59,Rural,High Speed (Arterial),Yes,44.16041111,-70.23391111,Non-Intersection,Daylight,Clear,1:00pm-1:59pm,1,1:00pm-1:59pm,8,Not Applicable (Not Transported),Not Applicable (Not Transported),1,Daylight,Clear,1,1,['Driver'],['None_Used'],0,0,Valid,0.0,1.0,95.0,26.0,"['Male', 'Male']",1,0,5,4,5,Dry,Straight,Level,Lowest,No
16795,23,Maine,230074,0,2,2,0,4,NEWPORT,September,4,Monday,16,0,Rural,Medium Speed (Collector),No,44.85051111,-69.28221111,Non-Intersection,Daylight,Clear,4:00pm-4:59pm,12,4:00pm-4:59pm,19,4:00pm-4:59pm,57,1,Daylight,Clear,1,3,['Rear_Seat'],['Lapbelt_Only'],0,0,Valid,0.0,0.0,73.0,26.0,"['Male', 'Male']",0,0,3,4,5,Dry,Straight,Level,Lowest,No
16796,23,Maine,230075,0,1,1,0,1,PENOBSCOT,September,5,Tuesday,13,30,Rural,Medium Speed (Collector),No,44.50516944,-68.65558889,Non-Intersection,Daylight,Clear,1:00pm-1:59pm,27,1:00pm-1:59pm,38,Not Applicable (Not Transported),Not Applicable (Not Transported),1,Daylight,Clear,1,0,['Driver'],['None_Used'],0,0,Valid,0.0,0.0,90.0,90.0,['Male'],0,0,3,4,3,Dry,Curve,Level,Lowest,No
16797,23,Maine,230076,1,1,1,0,1,CHELSEA,September,20,Wednesday,14,23,Rural,Low Speed (Local),No,44.25103889,-69.69873056,Non-Intersection,Daylight,Clear,2:00pm-2:59pm,27,2:00pm-2:59pm,36,3:00pm-3:59pm,4,1,Daylight,Clear,0,1,[],[],0,0,Valid,0.0,0.0,62.0,62.0,['Male'],0,0,1,1,4,Dry,Straight,Grade/Hillcrest,Lowest,No