,State_Code,State_Name,Crash_ID,Count_Non_Motorists,Count_Vehicles_Total,Count_Vehicle_Forms,Count_PVH_Involved,Count_Occupants_MV,City_Name,Month_Name,Day_of_Month,Day_of_Week,Crash_Hour,Crash_Minute,Area_Rural_Urban,Road_Functional_Class,On_NHS_Road,Latitude,Longitude,Intersection_Type,Light_Condition,Weather_Condition,Notif_Hour,Notif_Minute,Arrival_Hour,Arrival_Minute,Hospital_Hour,Hospital_Minute,Fatalities_Count,Clean_Light_Condition,Clean_Weather_Condition,Total_Killed,Total_Alive,Fatal_Seats_List,Killed_Restraint_List,Any_Driver_Drinking,Total_Drinking_Drivers,Driver_License_Category,Driver_Max_Prev_Accident_Count,Driver_Max_Prev_Speeding_Count,Max_Driver_Age,Min_Driver_Age,Driver_Sex_List,Total_Exceeding_Limit_Vehicles,Total_Too_Fast_Vehicles,Max_Vehicle_Type_Severity_5,Max_Vehicle_Damage_Rank,Max_Harmful_Event_Severity,Crash_Road_Surface_Condition,Crash_Horizontal_Alignment,Crash_Vertical_Profile,Crash_Impairment_Category,Crash_Vehicle_Defect
16798,23,Maine,230077,0,2,2,0,2,STOCKTON SPRINGS,September,22,Friday,9,40,Rural,High Speed (Arterial),Yes,44.53435,-68.86118056,Non-Intersection,Daylight,Clear,9:00am-9:59am,42,9:00am-9:59am,53,10:00am-10:59am,31,1,Daylight,Clear,1,1,['Driver'],['Shoulder_Lapbelt'],0,0,Valid,1.0,0.0,80.0,43.0,"['Female', 'Female']",0,0,3,4,5,Dry,Straight,Grade/Hillcrest,Lowest,No
16799,23,Maine,230078,0,1,1,0,3,GLENBURN,September,24,Sunday,2,28,Rural,Low Speed (Local),No,44.87195,-68.90751111,Non-Intersection,Dark - Not Lighted,Clear,Unknown,Unknown if Notified,Unknown EMS Scene Arrival Hour,Unknown if Arrived,Not Applicable (Not Transported),Not Applicable (Not Transported),3,Dark - Unlighted,Clear,3,0,"['Driver', 'Front_Passenger', 'Rear_Seat']","['None_Used', 'None_Used', 'None_Used']",1,1,Invalid,0.0,0.0,35.0,35.0,['Male'],3,0,2,4,2,Dry,Straight,Level,Lowest,No
16800,23,Maine,230079,0,2,2,0,2,PRESQUE ISLE,October,7,Saturday,20,30,Urban,Medium Speed (Collector),No,46.69628056,-68.02113889,Non-Intersection,Dark - Not Lighted,Rain,8:00pm-8:59pm,35,8:00pm-8:59pm,38,8:00pm-8:59pm,55,1,Dark - Unlighted,Rain/Wind/Minor,1,1,['Driver'],['None_Used'],1,1,Valid,1.0,0.0,48.0,43.0,"['Male', 'Female']",0,0,3,4,5,Wet/Standing Water,Curve,Grade/Hillcrest,Lowest,No
16801,23,Maine,230080,0,2,2,0,2,WINTHROP,September,21,Thursday,9,15,Rural,Medium Speed (Collector),No,44.29326111,-69.98965,Non-Intersection,Daylight,Clear,9:00am-9:59am,16,9:00am-9:59am,18,Not Applicable (Not Transported),Not Applicable (Not Transported),1,Daylight,Clear,1,1,['Driver'],['Shoulder_Lapbelt'],0,0,Valid,1.0,1.0,35.0,24.0,"['Female', 'Male']",0,0,4,4,5,Dry,Straight,Grade/Hillcrest,Lowest,No
16802,23,Maine,230081,0,2,2,0,3,LEBANON,August,5,Saturday,14,44,Rural,Low Speed (Local),No,43.37293889,-70.97861944,Non-Intersection,Daylight,Clear,2:00pm-2:59pm,44,2:00pm-2:59pm,48,Unknown,Unknown EMS Hospital Arrival Time,1,Daylight,Clear,1,2,['Driver'],['None_Used'],1,1,Invalid,0.0,2.0,36.0,36.0,"['Male', 'Female']",0,0,5,4,5,Dry,Curve,Grade/Hillcrest,Lowest,No
16803,23,Maine,230082,0,1,1,0,1,Other,September,7,Thursday,7,58,Rural,Medium Speed (Collector),No,44.34608889,-68.30036111,Non-Intersection,Daylight,Cloudy,8:00am-8:59am,0,8:00am-8:59am,5,Not Applicable (Not Transported),Not Applicable (Not Transported),1,Daylight,Reduced Visibility,1,0,['Driver'],['None_Used'],0,0,Valid,0.0,0.0,65.0,65.0,['Male'],1,0,5,4,2,Dry,Straight,Level,Lowest,No
16804,23,Maine,230083,0,2,2,0,3,LIVERMORE,September,8,Friday,16,42,Rural,Medium Speed (Collector),No,44.37438889,-70.20591111,Non-Intersection,Daylight,Clear,4:00pm-4:59pm,42,4:00pm-4:59pm,53,Not Applicable (Not Transported),Not Applicable (Not Transported),1,Daylight,Clear,1,2,['Driver'],['None_Used'],1,1,Valid,1.0,1.0,78.0,55.0,"['Female', 'Male']",0,0,3,4,5,Dry,Straight,Grade/Hillcrest,Lowest,No
16805,23,Maine,230084,1,1,1,0,1,AUBURN,September,11,Monday,22,36,Urban,High Speed (Arterial),Yes,44.12281944,-70.22505,Complex/Circle,Dark - Lighted,Rain,Unknown,Unknown,Unknown EMS Scene Arrival Hour,Unknown EMS Scene Arrival Minutes,Unknown,Unknown EMS Hospital Arrival Time,1,Dark - Lighted,Rain/Wind/Minor,0,1,[],[],0,0,Valid,0.0,0.0,54.0,54.0,['Male'],0,0,3,3,4,Wet/Standing Water,Straight,Level,Lowest,No
16806,23,Maine,230085,0,1,1,0,1,SCARBOROUGH,September,14,Thursday,5,39,Urban,Medium Speed (Collector),No,43.57496111,-70.40653889,Non-Intersection,Dark - Not Lighted,Clear,5:00am-5:59am,39,5:00am-5:59am,45,Not Applicable (Not Transported),Not Applicable (Not Transported),1,Dark - Unlighted,Clear,1,0,['Driver'],['None_Used'],0,0,Valid,1.0,1.0,52.0,52.0,['Male'],1,0,5,4,3,Dry,Curve,Grade/Hillcrest,Lowest,No
16807,23,Maine,230086,0,2,2,0,2,WEST STONINGTON,September,17,Sunday,15,6,Rural,Medium Speed (Collector),No,44.18138056,-68.69351111,Non-Intersection,Daylight,Clear,3:00pm-3:59pm,8,3:00pm-3:59pm,26,Not Applicable (Not Transported),Not Applicable (Not Transported),1,Daylight,Clear,1,1,['Driver'],['None_Used'],1,1,Valid,1.0,0.0,31.0,30.0,"['Male', 'Female']",1,0,5,4,5,Dry,Straight,Grade/Hillcrest,Lowest,No
16808,23,Maine,230087,0,1,1,0,1,ETNA,September,12,Tuesday,14,0,Rural,High Speed (Arterial),Yes,44.7881,-69.13135,Non-Intersection,Daylight,Rain,2:00pm-2:59pm,2,2:00pm-2:59pm,16,3:00pm-3:59pm,13,1,Daylight,Rain/Wind/Minor,1,0,['Driver'],['None_Used'],0,0,Valid,0.0,0.0,53.0,53.0,['Male'],0,0,3,4,2,Wet/Standing Water,Straight,Grade/Hillcrest,Lowest,No
16809,23,Maine,230088,0,1,1,0,4,SAINT ALBANS,August,25,Friday,14,19,Rural,Low Speed (Local),No,44.89373889,-69.34641944,Non-Intersection,Daylight,Rain,2:00pm-2:59pm,50,3:00pm-3:59pm,8,3:00pm-3:59pm,49,1,Daylight,Rain/Wind/Minor,1,3,['Rear_Seat'],['None_Used'],0,0,Valid,0.0,0.0,18.0,18.0,['Male'],4,0,3,4,3,Wet/Standing Water,Straight,Grade/Hillcrest,Lowest,No
16810,23,Maine,230089,0,1,1,0,1,ALTON,September,28,Thursday,16,24,Rural,Low Speed (Local),No,45.02771944,-68.76541111,Non-Intersection,Daylight,Clear,Unknown,Unknown if Notified,Unknown EMS Scene Arrival Hour,Unknown if Arrived,Not Applicable (Not Transported),Not Applicable (Not Transported),1,Daylight,Clear,1,0,['Driver'],['None_Used'],1,1,Valid,1.0,0.0,26.0,26.0,['Male'],1,0,3,4,3,Loose/Unpaved,Straight,Grade/Hillcrest,Lowest,No
16811,23,Maine,230090,0,2,2,0,2,LEWISTON,October,4,Wednesday,2,35,Urban,High Speed (Arterial),Yes,44.07145,-70.1804,Non-Intersection,Dark - Lighted,Clear,Unknown,Unknown if Notified,Unknown EMS Scene Arrival Hour,Unknown if Arrived,Not Applicable (Not Transported),Not Applicable (Not Transported),1,Dark - Lighted,Clear,1,1,['Driver'],['Shoulder_Lapbelt'],0,0,Valid,1.0,0.0,78.0,63.0,"['Female', 'Male']",0,0,4,4,5,Dry,Straight,Grade/Hillcrest,Lowest,No
16812,23,Maine,230091,0,3,3,0,3,YORK,July,26,Wednesday,16,28,Rural,Medium Speed (Collector),No,43.15608889,-70.66393889,Complex/Circle,Daylight,Clear,4:00pm-4:59pm,28,4:00pm-4:59pm,31,Not Applicable (Not Transported),Not Applicable (Not Transported),1,Daylight,Clear,1,2,['Driver'],['None_Used'],0,0,Valid,0.0,0.0,60.0,30.0,"['Male', 'Female', 'Male']",0,0,5,4,5,Dry,Straight,Level,Lowest,No
16813,23,Maine,230092,0,1,1,0,2,DOVER FOXCROFT,July,30,Sunday,0,48,Rural,Medium Speed (Collector),No,45.15045,-69.23616944,Non-Intersection,Dark - Not Lighted,Rain,0:00am-0:59am,49,0:00am-0:59am,56,1:00am-1:59am,26,1,Dark - Unlighted,Rain/Wind/Minor,1,1,['Front_Passenger'],['Shoulder_Lapbelt'],1,1,Valid,0.0,2.0,51.0,51.0,['Female'],0,0,2,4,3,Wet/Standing Water,Curve,Grade/Hillcrest,Lowest,Yes
16814,23,Maine,230093,1,2,1,1,0,LONG ISLAND,August,14,Monday,20,3,Rural,Low Speed (Local),No,43.70566111,-70.14085,Non-Intersection,Dusk,Clear,8:00pm-8:59pm,4,8:00pm-8:59pm,14,Not Applicable (Not Transported),Not Applicable (Not Transported),1,Twilight,Clear,0,0,[],[],0,0,Valid,0.0,0.0,49.0,34.0,Other,0,0,3,2,4,Dry,Straight,Grade/Hillcrest,Lowest,No
16815,23,Maine,230094,0,1,1,0,1,SANFORD,September,19,Tuesday,15,24,Rural,Low Speed (Local),No,43.46616944,-70.84768056,Non-Intersection,Daylight,Cloudy,3:00pm-3:59pm,24,3:00pm-3:59pm,33,4:00pm-4:59pm,25,1,Daylight,Reduced Visibility,1,0,['Driver'],['None_Used'],0,0,Valid,0.0,0.0,73.0,73.0,['Male'],0,0,3,4,3,Dry,Curve,Grade/Hillcrest,Medium,No
16816,23,Maine,230096,0,1,1,0,1,WAYNE,October,6,Friday,8,11,Rural,Medium Speed (Collector),No,44.34936944,-70.05046944,Non-Intersection,Dawn,Clear,8:00am-8:59am,13,8:00am-8:59am,21,Not Applicable (Not Transported),Not Applicable (Not Transported),1,Twilight,Clear,1,0,['Driver'],['None_Used'],0,0,Valid,0.0,1.0,31.0,31.0,['Female'],0,0,2,3,3,Dry,Curve,Grade/Hillcrest,Lowest,No
16817,23,Maine,230097,0,1,1,0,1,Other,October,13,Friday,11,40,Rural,Medium Speed (Collector),No,45.00578889,-70.57906111,Non-Intersection,Daylight,Clear,11:00am-11:59am,42,12:00pm-12:59pm,14,Not Applicable (Not Transported),Not Applicable (Not Transported),1,Daylight,Clear,1,0,['Driver'],['None_Used'],0,0,Valid,0.0,0.0,70.0,70.0,['Female'],0,0,3,4,3,Dry,Curve,Level,Lowest,No
16818,23,Maine,230098,1,1,1,0,1,BANGOR,October,17,Tuesday,5,54,Urban,Medium Speed (Collector),No,44.82226111,-68.77828889,Non-Intersection,Dark - Lighted,Sleet or Hail,5:00am-5:59am,54,6:00am-6:59am,3,6:00am-6:59am,23,1,Dark - Lighted,Snow/Ice/Severe,0,1,[],[],0,0,Valid,1.0,0.0,71.0,71.0,['Male'],0,0,2,2,4,Wet/Standing Water,Straight,Level,Lowest,No
16819,23,Maine,230099,0,1,1,0,1,SEARSPORT,October,24,Tuesday,14,34,Rural,Low Speed (Local),No,44.49685,-68.94186111,Non-Intersection,Daylight,Cloudy,2:00pm-2:59pm,36,2:00pm-2:59pm,45,Not Applicable (Not Transported),Not Applicable (Not Transported),1,Daylight,Reduced Visibility,1,0,['Driver'],['None_Used'],0,0,Valid,0.0,0.0,48.0,48.0,['Male'],0,0,3,4,3,Dry,Curve,Level,Lowest,No
16820,23,Maine,230100,0,1,1,0,2,BAR HARBOR,October,11,Wednesday,23,58,Rural,Medium Speed (Collector),No,44.4065,-68.3474,Non-Intersection,Dark - Not Lighted,Cloudy,Unknown,Unknown,Unknown EMS Scene Arrival Hour,Unknown EMS Scene Arrival Minutes,Unknown,Unknown EMS Hospital Arrival Time,1,Dark - Unlighted,Reduced Visibility,1,1,['Front_Passenger'],['Shoulder_Lapbelt'],0,0,Valid,0.0,0.0,83.0,83.0,['Male'],2,0,3,4,3,Dry,Straight,Level,Medium,No
16821,23,Maine,230101,0,1,1,0,2,Other,October,26,Thursday,10,15,Rural,Medium Speed (Collector),No,45.39131111,-68.53146111,Non-Intersection,Daylight,Clear,10:00am-10:59am,15,10:00am-10:59am,30,11:00am-11:59am,40,1,Daylight,Clear,1,1,['Driver'],['None_Used'],1,1,Valid,0.0,0.0,18.0,18.0,['Female'],0,0,2,4,3,Dry,Straight,Level,Lowest,No
16822,23,Maine,230102,0,1,1,0,3,WINSLOW,October,20,Friday,0,50,Rural,Medium Speed (Collector),No,44.51623889,-69.57818056,Non-Intersection,Dark - Not Lighted,Cloudy,0:00am-0:59am,50,1:00am-1:59am,20,2:00am-2:59am,34,1,Dark - Unlighted,Reduced Visibility,1,2,['Driver'],['None_Used'],0,0,Valid,1.0,0.0,37.0,37.0,['Male'],3,0,3,0,3,Dry,Curve,Grade/Hillcrest,Lowest,Yes
16823,23,Maine,230103,0,2,2,0,3,CANTON,August,25,Friday,19,22,Rural,Medium Speed (Collector),No,44.45995,-70.3206,Non-Intersection,Dusk,"Fog, Smog, Smoke",7:00pm-7:59pm,27,7:00pm-7:59pm,39,8:00pm-8:59pm,19,1,Twilight,Reduced Visibility,1,2,['Front_Passenger'],['Shoulder_Lapbelt'],0,0,Valid,0.0,0.0,75.0,19.0,"['Male', 'Male']",0,0,2,4,5,Wet/Standing Water,Curve,Grade/Hillcrest,Lowest,No
16824,23,Maine,230104,0,1,1,0,2,SOUTH PORTLAND,October,28,Saturday,22,43,Urban,High Speed (Arterial),Yes,43.63815,-70.33803889,Non-Intersection,Dark - Not Lighted,Clear,Unknown,Unknown,Unknown EMS Scene Arrival Hour,Unknown EMS Scene Arrival Minutes,Unknown,Unknown EMS Hospital Arrival Time,1,Dark - Unlighted,Clear,1,1,['Front_Passenger'],['None_Used'],0,0,Valid,1.0,0.0,19.0,19.0,['Male'],2,0,2,4,2,Dry,Straight,Level,Lowest,No
16825,23,Maine,230105,0,2,2,0,2,SULLIVAN,November,4,Saturday,16,39,Rural,Medium Speed (Collector),No,44.51806944,-68.1893,Non-Intersection,Daylight,Clear,4:00pm-4:59pm,40,4:00pm-4:59pm,47,5:00pm-5:59pm,44,1,Daylight,Clear,1,1,['Driver'],['None_Used'],0,0,Valid,0.0,0.0,41.0,26.0,"['Male', 'Male']",1,0,3,4,5,Dry,Curve,Level,Lowest,No
16826,23,Maine,230106,0,1,1,0,1,Other,October,4,Wednesday,7,16,Rural,Medium Speed (Collector),No,44.73526944,-68.45166944,Non-Intersection,Daylight,Clear,7:00am-7:59am,20,7:00am-7:59am,40,8:00am-8:59am,34,1,Daylight,Clear,1,0,['Driver'],['None_Used'],0,0,Valid,0.0,0.0,83.0,83.0,['Female'],0,0,3,4,3,Dry,Curve,Grade/Hillcrest,Lowest,No
16827,23,Maine,230107,0,1,1,0,1,BUXTON,October,24,Tuesday,8,56,Rural,Low Speed (Local),No,43.5981,-70.5145,Non-Intersection,Daylight,Clear,8:00am-8:59am,59,9:00am-9:59am,4,Not Applicable (Not Transported),Not Applicable (Not Transported),1,Daylight,Clear,1,0,['Driver'],['None_Used'],0,0,Valid,0.0,0.0,45.0,45.0,['Male'],1,0,2,4,3,Dry,Straight,Level,Lowest,No
16828,23,Maine,230108,0,1,1,0,1,SCARBOROUGH,November,12,Sunday,7,20,Urban,Medium Speed (Collector),No,43.61751944,-70.35406111,Simple Junction,Daylight,Clear,7:00am-7:59am,20,7:00am-7:59am,33,8:00am-8:59am,20,1,Daylight,Clear,1,0,['Driver'],['None_Used'],0,0,Invalid,0.0,0.0,38.0,38.0,['Female'],1,0,2,4,3,Dry,Straight,Level,Lowest,No
16829,23,Maine,230109,1,1,1,0,1,SACO,November,1,Wednesday,16,15,Urban,Medium Speed (Collector),No,43.50251667,-70.45027778,Complex/Circle,Daylight,Clear,4:00pm-4:59pm,17,4:00pm-4:59pm,19,4:00pm-4:59pm,43,1,Daylight,Clear,0,1,[],[],0,0,Valid,0.0,0.0,44.0,44.0,['Male'],0,0,3,1,4,Dry,Straight,Level,Lowest,No
16830,23,Maine,230110,0,1,1,0,1,WOODLAND,October,3,Tuesday,23,7,Rural,Medium Speed (Collector),No,46.84291944,-68.11056944,Non-Intersection,Dark - Not Lighted,Clear,11:00pm-11:59pm,13,11:00pm-11:59pm,19,11:00pm-11:59pm,52,1,Dark - Unlighted,Clear,1,0,['Driver'],['None_Used'],1,1,Invalid,0.0,0.0,47.0,47.0,['Male'],0,0,2,4,3,Dry,Straight,Grade/Hillcrest,Lowest,No
16831,23,Maine,230111,0,2,2,0,3,LINCOLN,December,9,Saturday,10,26,Rural,Medium Speed (Collector),No,45.36881111,-68.38918056,Non-Intersection,Daylight,Cloudy,10:00am-10:59am,27,10:00am-10:59am,35,11:00am-11:59am,7,1,Daylight,Reduced Visibility,1,2,['Front_Passenger'],['None_Used'],0,0,Valid,0.0,0.0,76.0,59.0,"['Male', 'Female']",0,0,3,4,5,Icy/Snowy,Straight,Grade/Hillcrest,Lowest,No
16832,23,Maine,230112,1,1,1,0,1,STANDISH,December,12,Tuesday,17,35,Rural,Low Speed (Local),No,43.77151111,-70.6392,Non-Intersection,Dark - Not Lighted,Clear,5:00pm-5:59pm,40,5:00pm-5:59pm,43,Not Applicable (Not Transported),Not Applicable (Not Transported),1,Dark - Unlighted,Clear,0,1,[],[],1,1,Valid,0.0,0.0,55.0,55.0,['Female'],0,0,2,4,4,Dry,Straight,Level,Lowest,No
16833,23,Maine,230113,0,2,2,0,2,WATERBORO,September,22,Friday,10,31,Rural,Medium Speed (Collector),No,43.62696111,-70.74146944,Non-Intersection,Daylight,Clear,10:00am-10:59am,31,10:00am-10:59am,40,11:00am-11:59am,33,1,Daylight,Clear,1,1,['Driver'],['None_Used'],0,0,Valid,5.0,1.0,35.0,28.0,"['Male', 'Male']",0,0,3,4,5,Dry,Straight,Level,Lowest,No
16834,23,Maine,230114,0,2,2,0,3,ALBION,October,6,Friday,15,6,Rural,Medium Speed (Collector),No,44.5378,-69.40231944,Simple Junction,Daylight,Clear,3:00pm-3:59pm,7,3:00pm-3:59pm,15,3:00pm-3:59pm,43,1,Daylight,Clear,1,2,['Front_Passenger'],['None_Used'],1,1,Valid,1.0,0.0,51.0,46.0,"['Female', 'Male']",0,0,3,4,5,Dry,Straight,Level,Lowest,No
16835,23,Maine,230115,0,2,2,0,2,FALMOUTH,October,18,Wednesday,20,10,Urban,High Speed (Arterial),Yes,43.7287,-70.22758056,Non-Intersection,Dark - Not Lighted,Clear,8:00pm-8:59pm,14,8:00pm-8:59pm,21,8:00pm-8:59pm,50,1,Dark - Unlighted,Clear,1,1,['Driver'],['None_Used'],1,1,Invalid,1.0,0.0,54.0,49.0,"['Male', 'Male']",0,0,3,4,5,Dry,Curve,Grade/Hillcrest,Lowest,No
16836,23,Maine,230116,0,1,1,0,1,BANGOR,October,28,Saturday,22,41,Urban,Low Speed (Local),No,44.80696111,-68.77606944,Non-Intersection,Dark - Lighted,Clear,10:00pm-10:59pm,44,10:00pm-10:59pm,48,Not Applicable (Not Transported),Not Applicable (Not Transported),1,Dark - Lighted,Clear,1,0,['Driver'],['None_Used'],1,1,Valid,1.0,0.0,24.0,24.0,['Male'],0,0,5,4,3,Dry,Curve,Grade/Hillcrest,Lowest,No
16837,23,Maine,230117,0,1,1,0,1,SCARBOROUGH,November,11,Saturday,12,17,Urban,Medium Speed (Collector),No,43.59601944,-70.37181944,Non-Intersection,Daylight,Clear,Unknown,Unknown if Notified,Unknown EMS Scene Arrival Hour,Unknown if Arrived,Not Applicable (Not Transported),Not Applicable (Not Transported),1,Daylight,Clear,1,0,['Driver'],['Shoulder_Lapbelt'],1,1,Valid,0.0,0.0,39.0,39.0,['Female'],0,0,2,4,3,Dry,Straight,Grade/Hillcrest,Lowest,No
16838,23,Maine,230118,0,1,1,0,1,ATHENS,November,16,Thursday,9,19,Rural,Low Speed (Local),No,44.91938056,-69.70348056,Non-Intersection,Daylight,Clear,9:00am-9:59am,23,9:00am-9:59am,35,Not Applicable (Not Transported),Not Applicable (Not Transported),1,Daylight,Clear,1,0,['Driver'],['None_Used'],0,0,Valid,1.0,0.0,65.0,65.0,['Male'],0,0,3,4,3,Dry,Straight,Level,Lowest,No
16839,23,Maine,230119,0,1,1,0,4,LIVERMORE,November,18,Saturday,10,11,Rural,Low Speed (Local),No,44.4054,-70.20976944,Non-Intersection,Daylight,Rain,10:00am-10:59am,15,10:00am-10:59am,34,11:00am-11:59am,39,1,Daylight,Rain/Wind/Minor,1,3,['Rear_Seat'],['None_Used'],0,0,Valid,0.0,0.0,16.0,16.0,['Male'],4,0,2,4,3,Wet/Standing Water,Curve,Grade/Hillcrest,Lowest,Yes
16840,23,Maine,230121,0,2,2,0,2,BIDDEFORD,November,30,Thursday,14,20,Urban,High Speed (Arterial),Yes,43.47432222,-70.52240556,Non-Intersection,Daylight,Clear,2:00pm-2:59pm,21,2:00pm-2:59pm,28,2:00pm-2:59pm,44,1,Daylight,Clear,1,1,['Driver'],['Shoulder_Lapbelt'],0,0,Valid,1.0,0.0,83.0,25.0,"['Female', 'Female']",0,0,3,4,5,Dry,Straight,Non-Trafficway,Lowest,No
16841,23,Maine,230122,0,1,1,0,2,STEUBEN,December,10,Sunday,13,22,Rural,Low Speed (Local),No,44.55081111,-67.96081111,Non-Intersection,Daylight,Cloudy,1:00pm-1:59pm,24,1:00pm-1:59pm,45,2:00pm-2:59pm,35,1,Daylight,Reduced Visibility,1,1,['Front_Passenger'],['Shoulder_Lapbelt'],0,0,Valid,0.0,0.0,18.0,18.0,['Male'],2,0,2,4,3,Wet/Standing Water,Curve,Grade/Hillcrest,Lowest,No
16842,23,Maine,230123,1,1,1,0,1,WILTON,November,26,Sunday,16,36,Rural,Low Speed (Local),No,44.59056944,-70.20931944,Non-Intersection,Dark - Not Lighted,Cloudy,4:00pm-4:59pm,38,4:00pm-4:59pm,42,Not Applicable (Not Transported),Not Applicable (Not Transported),1,Dark - Unlighted,Reduced Visibility,0,1,[],[],0,0,Valid,0.0,0.0,29.0,29.0,['Male'],0,0,3,2,4,Dry,Straight,Grade/Hillcrest,Lowest,No
16843,23,Maine,230124,0,1,1,0,1,PERU,October,19,Thursday,7,36,Rural,Medium Speed (Collector),No,44.49016944,-70.38238889,Simple Junction,Daylight,Clear,7:00am-7:59am,39,7:00am-7:59am,50,Not Applicable (Not Transported),Not Applicable (Not Transported),1,Daylight,Clear,1,0,['Driver'],['None_Used'],0,0,Valid,0.0,0.0,40.0,40.0,['Male'],0,0,4,4,3,Dry,Straight,Grade/Hillcrest,Lowest,No
16844,23,Maine,230125,0,1,1,0,1,PORTLAND,October,3,Tuesday,15,55,Rural,Medium Speed (Collector),No,43.98496944,-70.4917,Non-Intersection,Daylight,Clear,3:00pm-3:59pm,58,4:00pm-4:59pm,0,Not Applicable (Not Transported),Not Applicable (Not Transported),1,Daylight,Clear,1,0,['Driver'],['None_Used'],0,0,Invalid,2.0,1.0,38.0,38.0,['Male'],0,0,5,4,2,Dry,Curve,Grade/Hillcrest,Lowest,Yes
16845,23,Maine,230126,0,1,1,0,1,GREENE,December,18,Monday,5,49,Rural,Medium Speed (Collector),No,44.25571944,-70.17846944,Simple Junction,Dark - Not Lighted,Rain,5:00am-5:59am,55,6:00am-6:59am,15,7:00am-7:59am,10,1,Dark - Unlighted,Rain/Wind/Minor,1,0,['Driver'],['Shoulder_Lapbelt'],0,0,Valid,1.0,0.0,67.0,67.0,['Male'],0,0,3,4,3,Wet/Standing Water,Straight,Grade/Hillcrest,Lowest,No
16846,23,Maine,230127,0,1,1,0,1,MONMOUTH,October,26,Thursday,12,46,Rural,Medium Speed (Collector),No,44.23908889,-70.06896944,Non-Intersection,Daylight,Cloudy,Unknown,Unknown if Notified,Unknown EMS Scene Arrival Hour,Unknown if Arrived,Not Applicable (Not Transported),Not Applicable (Not Transported),1,Daylight,Reduced Visibility,1,0,['Driver'],['Shoulder_Lapbelt'],0,0,Valid,0.0,0.0,43.0,43.0,['Female'],0,0,3,4,3,Dry,Straight,Level,Lowest,No
16847,23,Maine,230128,1,1,1,0,1,AUGUSTA,December,20,Wednesday,5,20,Urban,High Speed (Arterial),Yes,44.33958056,-69.80551111,Non-Intersection,Dark - Not Lighted,Clear,Unknown,Unknown if Notified,Unknown EMS Scene Arrival Hour,Unknown if Arrived,Not Applicable (Not Transported),Not Applicable (Not Transported),1,Dark - Unlighted,Clear,0,1,[],[],0,0,Valid,0.0,0.0,32.0,32.0,['Male'],0,0,3,4,4,Dry,Straight,Grade/Hillcrest,Lowest,No
16848,23,Maine,230129,0,1,1,0,1,BERWICK,December,24,Sunday,9,48,Rural,Low Speed (Local),No,43.33931944,-70.86525,Non-Intersection,Daylight,Cloudy,9:00am-9:59am,54,10:00am-10:59am,5,Not Applicable (Not Transported),Not Applicable (Not Transported),1,Daylight,Reduced Visibility,1,0,['Driver'],['Shoulder_Lapbelt'],1,1,Invalid,0.0,1.0,19.0,19.0,['Male'],1,0,2,4,3,Wet/Standing Water,Curve,Level,Lowest,No
16849,23,Maine,230130,1,1,1,0,4,SOUTH PORTLAND,December,24,Sunday,17,7,Urban,Medium Speed (Collector),No,43.63475,-70.24715,Non-Intersection,Dark - Not Lighted,Clear,5:00pm-5:59pm,6,5:00pm-5:59pm,12,5:00pm-5:59pm,31,1,Dark - Unlighted,Clear,0,4,[],[],0,0,Valid,0.0,1.0,36.0,36.0,['Male'],0,0,3,1,4,Wet/Standing Water,Straight,Level,Lowest,No
16850,23,Maine,230131,0,1,1,0,2,CHINA,December,27,Wednesday,16,3,Rural,Low Speed (Local),No,44.46271111,-69.57476944,Non-Intersection,Dark - Not Lighted,Rain,4:00pm-4:59pm,4,4:00pm-4:59pm,24,5:00pm-5:59pm,28,1,Dark - Unlighted,Rain/Wind/Minor,1,1,['Driver'],['None_Used'],1,1,Valid,0.0,0.0,22.0,22.0,['Female'],0,0,3,4,3,Wet/Standing Water,Curve,Level,Lowest,No
16851,23,Maine,230132,0,1,1,0,1,LIMINGTON,December,28,Thursday,15,53,Rural,Medium Speed (Collector),No,43.75978889,-70.66771111,Non-Intersection,Daylight,Rain,4:00pm-4:59pm,1,4:00pm-4:59pm,15,Not Applicable (Not Transported),Not Applicable (Not Transported),1,Daylight,Rain/Wind/Minor,1,0,['Driver'],['None_Used'],1,1,Valid,1.0,0.0,36.0,36.0,['Female'],0,0,3,3,3,Wet/Standing Water,Straight,Level,Lowest,No
16852,23,Maine,230133,1,1,1,0,1,FAIRFIELD,December,28,Thursday,18,13,Urban,Medium Speed (Collector),No,44.58388889,-69.59886111,Non-Intersection,Dark - Lighted,Rain,6:00pm-6:59pm,14,6:00pm-6:59pm,24,6:00pm-6:59pm,44,1,Dark - Lighted,Rain/Wind/Minor,0,1,[],[],0,0,Valid,0.0,0.0,61.0,61.0,['Male'],0,0,3,4,4,Wet/Standing Water,Straight,Level,Lowest,No
16853,23,Maine,230134,0,1,1,0,1,PEMBROKE,September,6,Wednesday,0,30,Rural,Low Speed (Local),No,44.98548056,-67.19811111,Non-Intersection,Dark - Not Lighted,Clear,2:00am-2:59am,0,2:00am-2:59am,22,Not Applicable (Not Transported),Not Applicable (Not Transported),1,Dark - Unlighted,Clear,1,0,['Driver'],['None_Used'],0,0,Invalid,0.0,0.0,67.0,67.0,['Male'],0,0,5,3,3,Dry,Straight,Level,Lowest,No