,State_Code,State_Name,Crash_ID,Count_Non_Motorists,Count_Vehicles_Total,Count_Vehicle_Forms,Count_PVH_Involved,Count_Occupants_MV,City_Name,Month_Name,Day_of_Month,Day_of_Week,Crash_Hour,Crash_Minute,Area_Rural_Urban,Road_Functional_Class,On_NHS_Road,Latitude,Longitude,Intersection_Type,Light_Condition,Weather_Condition,Notif_Hour,Notif_Minute,Arrival_Hour,Arrival_Minute,Hospital_Hour,Hospital_Minute,Fatalities_Count,Clean_Light_Condition,Clean_Weather_Condition,Total_Killed,Total_Alive,Fatal_Seats_List,Killed_Restraint_List,Any_Driver_Drinking,Total_Drinking_Drivers,Driver_License_Category,Driver_Max_Prev_Accident_Count,Driver_Max_Prev_Speeding_Count,Max_Driver_Age,Min_Driver_Age,Driver_Sex_List,Total_Exceeding_Limit_Vehicles,Total_Too_Fast_Vehicles,Max_Vehicle_Type_Severity_5,Max_Vehicle_Damage_Rank,Max_Harmful_Event_Severity,Crash_Road_Surface_Condition,Crash_Horizontal_Alignment,Crash_Vertical_Profile,Crash_Impairment_Category,Crash_Vehicle_Defect
16854,24,Maryland,240001,0,1,1,0,4,NOT APPLICABLE,January,1,Sunday,0,18,Urban,High Speed (Arterial),Yes,39.48251389,-76.66530278,Non-Intersection,Dark - Unknown Lighting,Rain,Unknown,Unknown,Unknown EMS Scene Arrival Hour,Unknown EMS Scene Arrival Minutes,Unknown,Unknown EMS Hospital Arrival Time,1,Dark - Unlighted,Rain/Wind/Minor,1,3,['Front_Passenger'],['None_Used'],1,1,Valid,0.0,0.0,33.0,33.0,['Male'],4,0,3,4,3,Wet/Standing Water,Straight,Level,Lowest,No
16855,24,Maryland,240002,1,1,1,0,3,NOT APPLICABLE,January,1,Sunday,18,29,Urban,High Speed (Arterial),Yes,39.42908333,-76.35601389,Complex/Circle,Dark - Lighted,Not Reported,Unknown,Unknown,Unknown EMS Scene Arrival Hour,Unknown EMS Scene Arrival Minutes,Unknown,Unknown EMS Hospital Arrival Time,1,Dark - Lighted,Clear,0,3,[],[],0,0,Valid,0.0,0.0,28.0,28.0,['Male'],0,0,2,4,4,Dry,Straight,Level,Lowest,No
16856,24,Maryland,240003,0,1,1,0,1,NOT APPLICABLE,January,1,Sunday,10,10,Urban,High Speed (Arterial),Yes,39.37832778,-76.74398056,Non-Intersection,Daylight,Clear,Unknown,Unknown,Unknown EMS Scene Arrival Hour,Unknown EMS Scene Arrival Minutes,Unknown,Unknown EMS Hospital Arrival Time,1,Daylight,Clear,1,0,['Driver'],['Shoulder_Lapbelt'],0,0,Valid,0.0,0.0,79.0,79.0,['Female'],0,0,2,4,3,Wet/Standing Water,Curve,Level,Lowest,No
16857,24,Maryland,240004,0,1,1,0,1,NOT APPLICABLE,January,7,Saturday,8,59,Urban,High Speed (Arterial),Yes,38.75030278,-76.87970556,Complex/Circle,Daylight,Clear,Unknown,Unknown,Unknown EMS Scene Arrival Hour,Unknown EMS Scene Arrival Minutes,Unknown,Unknown EMS Hospital Arrival Time,1,Daylight,Clear,1,0,['Driver'],['Shoulder_Lapbelt'],0,0,Valid,0.0,0.0,35.0,35.0,['Male'],0,0,2,4,2,Dry,Straight,Level,Lowest,No
16858,24,Maryland,240005,1,1,1,0,1,WILLIAMSPORT,January,9,Monday,5,45,Urban,Medium Speed (Collector),No,39.60361667,-77.8093,Non-Intersection,Dark - Not Lighted,Clear,Unknown,Unknown,Unknown EMS Scene Arrival Hour,Unknown EMS Scene Arrival Minutes,Not Applicable (Not Transported),Not Applicable (Not Transported),1,Dark - Unlighted,Clear,0,1,[],[],0,0,Valid,0.0,0.0,62.0,62.0,['Male'],0,0,3,3,4,Wet/Standing Water,Straight,Level,Lowest,No
16859,24,Maryland,240006,0,2,2,0,7,NOT APPLICABLE,January,4,Wednesday,9,5,Urban,High Speed (Arterial),Yes,38.81304167,-75.74579167,Non-Intersection,Daylight,Clear,Unknown,Unknown,Unknown EMS Scene Arrival Hour,Unknown EMS Scene Arrival Minutes,Unknown,Unknown EMS Hospital Arrival Time,4,Daylight,Clear,4,3,"['Rear_Seat', 'Front_Passenger', 'Rear_Seat', 'Driver']","['Shoulder_Lapbelt', 'Shoulder_Lapbelt', 'Shoulder_Lapbelt', 'Shoulder_Lapbelt']",0,0,Valid,0.0,5.0,40.0,36.0,"['Female', 'Female']",0,0,3,4,5,Dry,Straight,Level,Lowest,No
16860,24,Maryland,240007,1,1,1,0,3,NOT APPLICABLE,January,13,Friday,18,0,Urban,High Speed (Arterial),Yes,39.59633611,-75.98063889,Non-Intersection,Dark - Lighted,Clear,Unknown,Unknown,Unknown EMS Scene Arrival Hour,Unknown EMS Scene Arrival Minutes,Unknown,Unknown EMS Hospital Arrival Time,1,Dark - Lighted,Clear,0,3,[],[],0,0,Valid,0.0,0.0,38.0,38.0,['Female'],0,0,2,4,4,Dry,Straight,Level,Lowest,No
16861,24,Maryland,240008,1,1,1,0,1,NOT APPLICABLE,January,12,Thursday,6,52,Urban,Medium Speed (Collector),No,39.70914722,-77.49068333,Non-Intersection,Dark - Not Lighted,"Fog, Smog, Smoke",Unknown,Unknown,Unknown EMS Scene Arrival Hour,Unknown EMS Scene Arrival Minutes,Not Applicable (Not Transported),Not Applicable (Not Transported),1,Dark - Unlighted,Reduced Visibility,0,1,[],[],0,0,Valid,0.0,0.0,37.0,37.0,['Male'],0,0,3,3,4,Wet/Standing Water,Straight,Grade/Hillcrest,Lowest,No
16862,24,Maryland,240009,0,2,2,0,3,NOT APPLICABLE,January,15,Sunday,7,23,Urban,Medium Speed (Collector),No,39.11302222,-77.09039444,Non-Intersection,Dawn,Clear,Unknown,Unknown,Unknown EMS Scene Arrival Hour,Unknown EMS Scene Arrival Minutes,Unknown,Unknown EMS Hospital Arrival Time,1,Twilight,Clear,1,2,['Driver'],['Shoulder_Lapbelt'],1,1,Valid,0.0,0.0,82.0,30.0,"['Male', 'Male']",0,0,3,4,5,Dry,Straight,Grade/Hillcrest,Lowest,No
16863,24,Maryland,240010,0,1,1,0,1,ROCKVILLE,January,17,Tuesday,14,29,Urban,Medium Speed (Collector),No,39.10670278,-77.16795278,Non-Intersection,Daylight,Cloudy,Unknown,Unknown,Unknown EMS Scene Arrival Hour,Unknown EMS Scene Arrival Minutes,Not Applicable (Not Transported),Not Applicable (Not Transported),1,Daylight,Reduced Visibility,1,0,['Driver'],['None_Used'],0,0,Valid,0.0,0.0,28.0,28.0,['Male'],1,0,2,4,3,Wet/Standing Water,Curve,Level,Lowest,No
16864,24,Maryland,240012,1,1,1,0,1,NOT APPLICABLE,January,20,Friday,23,14,Urban,High Speed (Arterial),Yes,39.37732778,-76.74435278,Non-Intersection,Dark - Lighted,Clear,Unknown,Unknown,Unknown EMS Scene Arrival Hour,Unknown EMS Scene Arrival Minutes,Unknown,Unknown EMS Hospital Arrival Time,1,Dark - Lighted,Clear,0,1,[],[],0,0,Valid,0.0,0.0,43.0,43.0,['Female'],0,0,2,3,4,Dry,Curve,Grade/Hillcrest,Lowest,No
16865,24,Maryland,240013,0,2,2,0,2,NOT APPLICABLE,January,20,Friday,22,48,Rural,Medium Speed (Collector),No,39.32905,-77.37941667,Non-Intersection,Dark - Not Lighted,Clear,Unknown,Unknown,Unknown EMS Scene Arrival Hour,Unknown EMS Scene Arrival Minutes,Unknown,Unknown EMS Hospital Arrival Time,1,Dark - Unlighted,Clear,1,1,['Driver'],['Shoulder_Lapbelt'],0,0,Valid,0.0,1.0,60.0,27.0,"['Male', 'Male']",0,0,2,4,5,Dry,Straight,Grade/Hillcrest,Lowest,No
16866,24,Maryland,240014,0,1,1,0,1,NOT APPLICABLE,January,15,Sunday,8,30,Urban,Medium Speed (Collector),No,39.2783,-75.83803889,Non-Intersection,Dark - Not Lighted,Clear,Unknown,Unknown,Unknown EMS Scene Arrival Hour,Unknown EMS Scene Arrival Minutes,Not Applicable (Not Transported),Not Applicable (Not Transported),1,Dark - Unlighted,Clear,1,0,['Driver'],['None_Used'],1,1,Valid,0.0,0.0,32.0,32.0,['Male'],0,0,2,4,3,Dry,Curve,Level,Lowest,No
16867,24,Maryland,240016,0,1,1,0,2,NOT APPLICABLE,January,24,Tuesday,0,44,Urban,High Speed (Arterial),Yes,38.53324167,-76.60403889,Non-Intersection,Dark - Not Lighted,Clear,Unknown,Unknown,Unknown EMS Scene Arrival Hour,Unknown EMS Scene Arrival Minutes,Unknown,Unknown EMS Hospital Arrival Time,1,Dark - Unlighted,Clear,1,1,['Driver'],['None_Used'],1,1,Valid,0.0,0.0,24.0,24.0,['Female'],0,0,2,4,2,Dry,Straight,Grade/Hillcrest,Lowest,No
16868,24,Maryland,240017,0,3,2,1,6,BALTIMORE,January,23,Monday,13,3,Rural,Low Speed (Local),No,39.23248056,-76.60134722,Complex/Circle,Daylight,Clear,Unknown,Unknown,Unknown EMS Scene Arrival Hour,Unknown EMS Scene Arrival Minutes,Unknown,Unknown EMS Hospital Arrival Time,1,Daylight,Clear,1,5,['Driver'],['None_Used'],0,0,Invalid,0.0,0.0,29.0,25.0,"['Male', 'Male']",0,0,2,4,5,Dry,Straight,Level,Lowest,No
16869,24,Maryland,240018,0,2,2,0,3,NOT APPLICABLE,January,24,Tuesday,14,45,Urban,High Speed (Arterial),Yes,38.73242222,-76.82940556,Complex/Circle,Daylight,Clear,Unknown,Unknown,Unknown EMS Scene Arrival Hour,Unknown EMS Scene Arrival Minutes,Unknown,Unknown EMS Hospital Arrival Time,1,Daylight,Clear,1,2,['Driver'],['Shoulder_Lapbelt'],0,0,Valid,0.0,0.0,93.0,42.0,"['Male', 'Male']",0,0,3,4,5,Dry,Straight,Level,Lowest,No
16870,24,Maryland,240019,0,2,2,0,2,NOT APPLICABLE,January,23,Monday,20,31,Urban,High Speed (Arterial),Yes,39.53026389,-77.60343056,Non-Intersection,Dark - Not Lighted,Cloudy,Unknown,Unknown,Unknown EMS Scene Arrival Hour,Unknown EMS Scene Arrival Minutes,Not Applicable (Not Transported),Not Applicable (Not Transported),1,Dark - Unlighted,Reduced Visibility,1,1,['Driver'],['None_Used'],0,0,Valid,0.0,0.0,67.0,40.0,"['Female', 'Male']",1,0,4,4,5,Wet/Standing Water,Straight,Level,Lowest,No
16871,24,Maryland,240020,0,3,3,0,4,NOT APPLICABLE,January,24,Tuesday,6,36,Urban,Medium Speed (Collector),No,38.36970278,-75.61376389,Complex/Circle,Dark - Lighted,Clear,Unknown,Unknown,Unknown EMS Scene Arrival Hour,Unknown EMS Scene Arrival Minutes,Unknown,Unknown EMS Hospital Arrival Time,1,Dark - Lighted,Clear,1,3,['Driver'],['None_Used'],0,0,Valid,0.0,0.0,61.0,47.0,"['Male', 'Male', 'Female']",0,0,3,4,5,Dry,Straight,Grade/Hillcrest,Lowest,No
16872,24,Maryland,240021,0,2,2,0,3,NOT APPLICABLE,January,25,Wednesday,4,48,Urban,High Speed (Arterial),Yes,38.3662,-75.54774722,Complex/Circle,Dark - Lighted,Clear,Unknown,Unknown,Unknown EMS Scene Arrival Hour,Unknown EMS Scene Arrival Minutes,Unknown,Unknown EMS Hospital Arrival Time,1,Dark - Lighted,Clear,1,2,['Front_Passenger'],['Shoulder_Lapbelt'],0,0,Valid,0.0,0.0,67.0,39.0,"['Female', 'Male']",0,0,3,4,5,Dry,Straight,Level,Lowest,No
16873,24,Maryland,240022,0,3,3,0,4,NOT APPLICABLE,January,16,Monday,18,48,Rural,Medium Speed (Collector),No,39.43859444,-75.86211111,Non-Intersection,Dark - Not Lighted,Clear,Unknown,Unknown,Unknown EMS Scene Arrival Hour,Unknown EMS Scene Arrival Minutes,Unknown,Unknown EMS Hospital Arrival Time,1,Dark - Unlighted,Clear,1,3,['Front_Passenger'],['Shoulder_Lapbelt'],0,0,Valid,0.0,0.0,998.0,20.0,"['Male', 'Male', 'Other']",2,0,3,4,5,Dry,Straight,Level,Lowest,No
16874,24,Maryland,240023,0,2,2,0,2,NOT APPLICABLE,January,21,Saturday,0,53,Urban,High Speed (Arterial),Yes,38.61825,-76.91913056,Complex/Circle,Dark - Lighted,Clear,Unknown,Unknown,Unknown EMS Scene Arrival Hour,Unknown EMS Scene Arrival Minutes,Unknown,Unknown EMS Hospital Arrival Time,2,Dark - Lighted,Clear,2,0,"['Driver', 'Driver']","['None_Used', 'Shoulder_Lapbelt']",1,1,Valid,0.0,0.0,42.0,25.0,"['Female', 'Male']",1,0,2,4,5,Dry,Straight,Level,Lowest,No
16875,24,Maryland,240024,1,1,1,0,1,NOT APPLICABLE,January,21,Saturday,15,36,Urban,High Speed (Arterial),Yes,39.18379444,-76.76410556,Non-Intersection,Daylight,Cloudy,Unknown,Unknown,Unknown EMS Scene Arrival Hour,Unknown EMS Scene Arrival Minutes,Not Applicable (Not Transported),Not Applicable (Not Transported),1,Daylight,Reduced Visibility,0,1,[],[],0,0,Valid,0.0,0.0,47.0,47.0,['Female'],0,0,3,3,4,Dry,Straight,Level,Lowest,No
16876,24,Maryland,240025,0,1,1,0,1,NOT APPLICABLE,January,16,Monday,5,50,Urban,High Speed (Arterial),Yes,39.04344444,-76.66956111,Non-Intersection,Dark - Lighted,Clear,Unknown,Unknown,Unknown EMS Scene Arrival Hour,Unknown EMS Scene Arrival Minutes,Not Applicable (Not Transported),Not Applicable (Not Transported),1,Dark - Lighted,Clear,1,0,['Driver'],['Shoulder_Lapbelt'],0,0,Valid,0.0,0.0,20.0,20.0,['Male'],0,0,2,4,3,Dry,Straight,Level,Lowest,No
16877,24,Maryland,240026,0,1,1,0,1,NOT APPLICABLE,January,30,Monday,20,50,Urban,Medium Speed (Collector),No,38.78022222,-76.83625278,Non-Intersection,Dark - Lighted,Clear,Unknown,Unknown,Unknown EMS Scene Arrival Hour,Unknown EMS Scene Arrival Minutes,Not Applicable (Not Transported),Not Applicable (Not Transported),1,Dark - Lighted,Clear,1,0,['Driver'],['None_Used'],1,1,Valid,0.0,0.0,32.0,32.0,['Male'],1,0,2,4,2,Dry,Curve,Grade/Hillcrest,Lowest,No
16878,24,Maryland,240027,0,2,2,0,2,NOT APPLICABLE,January,18,Wednesday,17,26,Urban,High Speed (Arterial),Yes,38.87833889,-76.89610556,Non-Intersection,Dark - Lighted,Clear,Unknown,Unknown,Unknown EMS Scene Arrival Hour,Unknown EMS Scene Arrival Minutes,Unknown,Unknown EMS Hospital Arrival Time,1,Dark - Lighted,Clear,1,1,['Driver'],['Shoulder_Lapbelt'],0,0,Valid,0.0,0.0,58.0,45.0,"['Male', 'Male']",0,0,3,4,5,Dry,Straight,Grade/Hillcrest,Lowest,No
16879,24,Maryland,240028,0,1,1,0,1,NOT APPLICABLE,February,1,Wednesday,20,12,Urban,High Speed (Arterial),No,38.93896111,-76.92605556,Non-Intersection,Dark - Lighted,Clear,Unknown,Unknown,Unknown EMS Scene Arrival Hour,Unknown EMS Scene Arrival Minutes,Not Applicable (Not Transported),Not Applicable (Not Transported),1,Dark - Lighted,Clear,1,0,['Driver'],['None_Used'],1,1,Invalid,0.0,0.0,22.0,22.0,['Female'],0,0,2,4,3,Dry,Curve,Level,Lowest,No
16880,24,Maryland,240029,1,1,1,0,1,NOT APPLICABLE,February,1,Wednesday,19,40,Urban,Medium Speed (Collector),No,39.17288333,-77.20351667,Non-Intersection,Dark - Lighted,Clear,Unknown,Unknown,Unknown EMS Scene Arrival Hour,Unknown EMS Scene Arrival Minutes,Unknown,Unknown EMS Hospital Arrival Time,1,Dark - Lighted,Clear,0,1,[],[],0,0,Valid,0.0,0.0,52.0,52.0,['Male'],0,0,2,3,4,Dry,Straight,Level,Lowest,No
16881,24,Maryland,240030,0,1,1,0,1,NOT APPLICABLE,February,4,Saturday,22,11,Urban,Medium Speed (Collector),No,38.69545556,-76.83301389,Non-Intersection,Dark - Not Lighted,Clear,Unknown,Unknown,Unknown EMS Scene Arrival Hour,Unknown EMS Scene Arrival Minutes,Not Applicable (Not Transported),Not Applicable (Not Transported),1,Dark - Unlighted,Clear,1,0,['Driver'],['None_Used'],1,1,Valid,0.0,0.0,40.0,40.0,['Male'],1,0,3,4,3,Dry,Straight,Level,Lowest,No
16882,24,Maryland,240031,0,2,2,0,2,NOT APPLICABLE,January,27,Friday,20,24,Urban,Medium Speed (Collector),No,38.22288611,-76.454325,Non-Intersection,Dark - Not Lighted,Clear,Unknown,Unknown,Unknown EMS Scene Arrival Hour,Unknown EMS Scene Arrival Minutes,Unknown,Unknown EMS Hospital Arrival Time,1,Dark - Unlighted,Clear,1,1,['Driver'],['Shoulder_Lapbelt'],1,1,Valid,0.0,0.0,46.0,35.0,"['Male', 'Female']",1,0,3,4,5,Dry,Curve,Grade/Hillcrest,Lowest,No
16883,24,Maryland,240032,1,1,1,0,1,NOT APPLICABLE,February,2,Thursday,19,44,Urban,High Speed (Arterial),No,38.89908056,-76.82303056,Simple Junction,Dark - Not Lighted,Clear,Unknown,Unknown,Unknown EMS Scene Arrival Hour,Unknown EMS Scene Arrival Minutes,Not Applicable (Not Transported),Not Applicable (Not Transported),1,Dark - Unlighted,Clear,0,1,[],[],0,0,Valid,0.0,0.0,50.0,50.0,['Male'],0,0,3,3,4,Dry,Straight,Level,Lowest,No
16884,24,Maryland,240033,0,1,1,0,1,NOT APPLICABLE,January,28,Saturday,16,48,Urban,Medium Speed (Collector),No,38.63376944,-75.78331111,Non-Intersection,Daylight,Clear,Unknown,Unknown,Unknown EMS Scene Arrival Hour,Unknown EMS Scene Arrival Minutes,Not Applicable (Not Transported),Not Applicable (Not Transported),1,Daylight,Clear,1,0,['Driver'],['None_Used'],0,0,Valid,0.0,0.0,59.0,59.0,['Male'],0,0,3,4,3,Dry,Straight,Level,Lowest,No
16885,24,Maryland,240034,1,1,1,0,1,NOT APPLICABLE,February,5,Sunday,19,37,Urban,High Speed (Arterial),Yes,39.07888611,-77.07246111,Non-Intersection,Dark - Lighted,Clear,Unknown,Unknown,Unknown EMS Scene Arrival Hour,Unknown EMS Scene Arrival Minutes,Not Applicable (Not Transported),Not Applicable (Not Transported),1,Dark - Lighted,Clear,0,1,[],[],0,0,Valid,0.0,0.0,71.0,71.0,['Male'],0,0,2,3,4,Dry,Straight,Grade/Hillcrest,Lowest,No
16886,24,Maryland,240035,0,3,3,0,6,NOT APPLICABLE,February,8,Wednesday,16,29,Urban,Medium Speed (Collector),No,38.73669722,-76.89506389,Complex/Circle,Daylight,Clear,Unknown,Unknown,Unknown EMS Scene Arrival Hour,Unknown EMS Scene Arrival Minutes,Not Applicable (Not Transported),Not Applicable (Not Transported),1,Daylight,Clear,1,5,['Driver'],['None_Used'],0,0,Valid,0.0,0.0,999.0,25.0,"['Male', 'Other', 'Male']",0,0,5,4,5,Dry,Straight,Level,Lowest,Yes
16887,24,Maryland,240036,0,2,2,0,3,NOT APPLICABLE,February,10,Friday,9,6,Urban,High Speed (Arterial),Yes,39.09921111,-75.96063056,Simple Junction,Daylight,Clear,Unknown,Unknown,Unknown EMS Scene Arrival Hour,Unknown EMS Scene Arrival Minutes,Unknown,Unknown EMS Hospital Arrival Time,1,Daylight,Clear,1,2,['Front_Passenger'],['Shoulder_Lapbelt'],0,0,Valid,0.0,0.0,55.0,30.0,"['Female', 'Male']",0,0,4,4,5,Dry,Straight,Level,Lowest,No
16888,24,Maryland,240037,0,1,1,0,2,NOT APPLICABLE,February,4,Saturday,2,39,Urban,High Speed (Arterial),Yes,39.44595833,-76.63535278,Non-Intersection,Dark - Not Lighted,Clear,Unknown,Unknown,Unknown EMS Scene Arrival Hour,Unknown EMS Scene Arrival Minutes,Not Applicable (Not Transported),Not Applicable (Not Transported),2,Dark - Unlighted,Clear,2,0,"['Driver', 'Front_Passenger']","['Shoulder_Lapbelt', 'Shoulder_Lapbelt']",1,1,Valid,0.0,0.0,21.0,21.0,['Female'],0,0,2,4,2,Dry,Curve,Grade/Hillcrest,Lowest,No
16889,24,Maryland,240038,1,1,1,0,1,NOT APPLICABLE,February,12,Sunday,22,56,Urban,Medium Speed (Collector),No,38.96763333,-76.56801944,Complex/Circle,Dark - Lighted,Rain,Unknown,Unknown,Unknown EMS Scene Arrival Hour,Unknown EMS Scene Arrival Minutes,Unknown,Unknown EMS Hospital Arrival Time,1,Dark - Lighted,Rain/Wind/Minor,0,1,[],[],0,0,Valid,0.0,0.0,17.0,17.0,['Female'],0,0,2,4,4,Wet/Standing Water,Straight,Level,Lowest,No
16890,24,Maryland,240039,0,2,2,0,2,NOT APPLICABLE,February,6,Monday,21,40,Urban,High Speed (Arterial),Yes,38.50183333,-76.54556944,Non-Intersection,Dark - Not Lighted,Clear,Unknown,Unknown,Unknown EMS Scene Arrival Hour,Unknown EMS Scene Arrival Minutes,Unknown,Unknown EMS Hospital Arrival Time,1,Dark - Unlighted,Clear,1,1,['Driver'],['None_Used'],1,1,Valid,0.0,0.0,43.0,39.0,"['Female', 'Male']",0,0,3,4,5,Dry,Straight,Level,Lowest,No
16891,24,Maryland,240040,0,2,2,0,2,NOT APPLICABLE,February,11,Saturday,22,13,Urban,Medium Speed (Collector),No,38.81359444,-76.94203611,Non-Intersection,Dark - Lighted,Clear,Unknown,Unknown,Unknown EMS Scene Arrival Hour,Unknown EMS Scene Arrival Minutes,Unknown,Unknown EMS Hospital Arrival Time,1,Dark - Lighted,Clear,1,1,['Driver'],['None_Used'],1,1,Valid,0.0,0.0,66.0,27.0,"['Male', 'Male']",0,0,3,4,5,Dry,Curve,Grade/Hillcrest,Lowest,No
16892,24,Maryland,240041,0,1,1,0,2,NOT APPLICABLE,February,13,Monday,19,16,Urban,High Speed (Arterial),Yes,39.37444444,-77.48141111,Non-Intersection,Dark - Not Lighted,Clear,Unknown,Unknown,Unknown EMS Scene Arrival Hour,Unknown EMS Scene Arrival Minutes,Unknown,Unknown EMS Hospital Arrival Time,1,Dark - Unlighted,Clear,1,1,['Front_Passenger'],['None_Used'],0,0,Invalid,0.0,0.0,59.0,59.0,['Female'],0,0,3,3,2,Dry,Straight,Level,Lowest,No
16893,24,Maryland,240042,0,1,1,0,1,NOT APPLICABLE,February,15,Wednesday,10,48,Rural,Medium Speed (Collector),No,39.32075556,-77.39122778,Non-Intersection,Daylight,Clear,Unknown,Unknown,Unknown EMS Scene Arrival Hour,Unknown EMS Scene Arrival Minutes,Not Applicable (Not Transported),Not Applicable (Not Transported),1,Daylight,Clear,1,0,['Driver'],['Shoulder_Lapbelt'],0,0,Valid,0.0,0.0,53.0,53.0,['Male'],0,0,2,4,3,Dry,Curve,Grade/Hillcrest,Lowest,No
16894,24,Maryland,240043,0,2,2,0,2,NOT APPLICABLE,February,16,Thursday,14,9,Urban,High Speed (Arterial),Yes,39.60826944,-77.79567222,Complex/Circle,Daylight,Rain,Unknown,Unknown,Unknown EMS Scene Arrival Hour,Unknown EMS Scene Arrival Minutes,Unknown,Unknown EMS Hospital Arrival Time,1,Daylight,Rain/Wind/Minor,1,1,['Driver'],['Shoulder_Lapbelt'],0,0,Valid,0.0,0.0,88.0,38.0,"['Female', 'Male']",0,0,4,4,5,Wet/Standing Water,Straight,Level,Lowest,No
16895,24,Maryland,240044,0,1,1,0,1,NOT APPLICABLE,February,20,Monday,0,10,Urban,Medium Speed (Collector),No,38.90619167,-76.81986111,Complex/Circle,Dark - Lighted,Clear,Unknown,Unknown,Unknown EMS Scene Arrival Hour,Unknown EMS Scene Arrival Minutes,0:00am-0:59am,0,1,Dark - Lighted,Clear,1,0,['Driver'],['None_Used'],1,1,Valid,0.0,0.0,28.0,28.0,['Female'],0,0,2,4,2,Dry,Curve,Level,Lowest,No
16896,24,Maryland,240045,0,1,1,0,2,NOT APPLICABLE,February,21,Tuesday,5,1,Urban,High Speed (Arterial),Yes,39.01696389,-77.11018056,Non-Intersection,Dark - Not Lighted,Cloudy,Unknown,Unknown,Unknown EMS Scene Arrival Hour,Unknown EMS Scene Arrival Minutes,Unknown,Unknown EMS Hospital Arrival Time,1,Dark - Unlighted,Reduced Visibility,1,1,['Driver'],['None_Used'],0,0,Valid,0.0,0.0,18.0,18.0,['Female'],0,0,2,4,2,Wet/Standing Water,Curve,Grade/Hillcrest,Lowest,No
16897,24,Maryland,240046,0,2,2,0,2,NOT APPLICABLE,February,19,Sunday,3,13,Urban,High Speed (Arterial),Yes,39.13161389,-76.80018056,Non-Intersection,Dark - Lighted,Clear,Unknown,Unknown,Unknown EMS Scene Arrival Hour,Unknown EMS Scene Arrival Minutes,Not Applicable (Not Transported),Not Applicable (Not Transported),1,Dark - Lighted,Clear,1,1,['Driver'],['Shoulder_Lapbelt'],1,1,Valid,0.0,0.0,37.0,32.0,"['Female', 'Male']",0,0,4,4,5,Dry,Straight,Level,Lowest,No
16898,24,Maryland,240047,1,1,1,0,1,NOT APPLICABLE,February,17,Friday,18,21,Urban,Medium Speed (Collector),No,39.64625,-75.79100278,Non-Intersection,Dark - Not Lighted,Cloudy,Unknown,Unknown,Unknown EMS Scene Arrival Hour,Unknown EMS Scene Arrival Minutes,Not Applicable (Not Transported),Not Applicable (Not Transported),1,Dark - Unlighted,Reduced Visibility,0,1,[],[],0,0,Valid,0.0,0.0,35.0,35.0,['Male'],0,0,3,3,4,Wet/Standing Water,Straight,Grade/Hillcrest,Lowest,No
16899,24,Maryland,240048,0,1,1,0,1,NOT APPLICABLE,February,18,Saturday,2,41,Rural,Medium Speed (Collector),No,39.20442222,-77.13084444,Non-Intersection,Dark - Lighted,Clear,Unknown,Unknown,Unknown EMS Scene Arrival Hour,Unknown EMS Scene Arrival Minutes,Not Applicable (Not Transported),Not Applicable (Not Transported),1,Dark - Lighted,Clear,1,0,['Driver'],['None_Used'],1,1,Valid,0.0,0.0,59.0,59.0,['Male'],1,0,3,4,3,Dry,Straight,Level,Lowest,No
16900,24,Maryland,240049,0,2,2,0,2,NOT APPLICABLE,February,24,Friday,13,57,Urban,Medium Speed (Collector),No,39.43081111,-77.005075,Non-Intersection,Daylight,Clear,Unknown,Unknown,Unknown EMS Scene Arrival Hour,Unknown EMS Scene Arrival Minutes,Unknown,Unknown EMS Hospital Arrival Time,1,Daylight,Clear,1,1,['Driver'],['Shoulder_Lapbelt'],0,0,Valid,0.0,0.0,53.0,42.0,"['Male', 'Female']",0,0,3,4,5,Dry,Straight,Level,Lowest,No
16901,24,Maryland,240050,0,1,1,0,1,NOT APPLICABLE,January,23,Monday,12,0,Urban,Medium Speed (Collector),No,38.30638889,-75.88649722,Non-Intersection,Daylight,Clear,Unknown,Unknown,Unknown EMS Scene Arrival Hour,Unknown EMS Scene Arrival Minutes,Not Applicable (Not Transported),Not Applicable (Not Transported),1,Daylight,Clear,1,0,['Driver'],['Shoulder_Lapbelt'],0,0,Valid,0.0,0.0,59.0,59.0,['Male'],0,0,3,4,3,Dry,Curve,Level,Lowest,No
16902,24,Maryland,240051,1,1,1,0,1,NOT APPLICABLE,February,9,Thursday,22,45,Urban,Medium Speed (Collector),No,39.170475,-76.60512778,Non-Intersection,Dark - Not Lighted,Not Reported,Unknown,Unknown,Unknown EMS Scene Arrival Hour,Unknown EMS Scene Arrival Minutes,Not Applicable (Not Transported),Not Applicable (Not Transported),1,Dark - Unlighted,Clear,0,1,[],[],0,0,Valid,0.0,0.0,51.0,51.0,['Male'],0,0,3,3,4,Dry,Straight,Level,Lowest,Yes