,State_Code,State_Name,Crash_ID,Count_Non_Motorists,Count_Vehicles_Total,Count_Vehicle_Forms,Count_PVH_Involved,Count_Occupants_MV,City_Name,Month_Name,Day_of_Month,Day_of_Week,Crash_Hour,Crash_Minute,Area_Rural_Urban,Road_Functional_Class,On_NHS_Road,Latitude,Longitude,Intersection_Type,Light_Condition,Weather_Condition,Notif_Hour,Notif_Minute,Arrival_Hour,Arrival_Minute,Hospital_Hour,Hospital_Minute,Fatalities_Count,Clean_Light_Condition,Clean_Weather_Condition,Total_Killed,Total_Alive,Fatal_Seats_List,Killed_Restraint_List,Any_Driver_Drinking,Total_Drinking_Drivers,Driver_License_Category,Driver_Max_Prev_Accident_Count,Driver_Max_Prev_Speeding_Count,Max_Driver_Age,Min_Driver_Age,Driver_Sex_List,Total_Exceeding_Limit_Vehicles,Total_Too_Fast_Vehicles,Max_Vehicle_Type_Severity_5,Max_Vehicle_Damage_Rank,Max_Harmful_Event_Severity,Crash_Road_Surface_Condition,Crash_Horizontal_Alignment,Crash_Vertical_Profile,Crash_Impairment_Category,Crash_Vehicle_Defect
16903,24,Maryland,240052,0,3,3,0,4,NOT APPLICABLE,February,23,Thursday,16,0,Urban,High Speed (Arterial),Yes,38.89205556,-76.59680556,Simple Junction,Daylight,Clear,Unknown,Unknown,Unknown EMS Scene Arrival Hour,Unknown EMS Scene Arrival Minutes,Unknown,Unknown EMS Hospital Arrival Time,1,Daylight,Clear,1,3,['Driver'],['Shoulder_Lapbelt'],0,0,Valid,0.0,0.0,998.0,29.0,"['Male', 'Other', 'Female']",0,0,4,4,5,Dry,Straight,Level,Lowest,No
16904,24,Maryland,240053,0,1,1,0,3,NOT APPLICABLE,February,23,Thursday,12,57,Urban,Medium Speed (Collector),No,39.70513889,-76.00234722,Non-Intersection,Daylight,Clear,Unknown,Unknown,Unknown EMS Scene Arrival Hour,Unknown EMS Scene Arrival Minutes,Unknown,Unknown EMS Hospital Arrival Time,1,Daylight,Clear,1,2,['Driver'],['None_Used'],0,0,Valid,0.0,0.0,81.0,81.0,['Male'],0,0,3,4,3,Dry,Curve,Level,Lowest,No
16905,24,Maryland,240054,0,1,1,0,3,NOT APPLICABLE,February,25,Saturday,1,54,Urban,High Speed (Arterial),Yes,39.01436111,-76.07842778,Non-Intersection,Dark - Lighted,Clear,Unknown,Unknown,Unknown EMS Scene Arrival Hour,Unknown EMS Scene Arrival Minutes,Unknown,Unknown EMS Hospital Arrival Time,1,Dark - Lighted,Clear,1,2,['Driver'],['Shoulder_Lapbelt'],0,0,Valid,0.0,0.0,20.0,20.0,['Male'],0,0,3,4,3,Dry,Straight,Level,Lowest,No
16906,24,Maryland,240055,0,1,1,0,1,NOT APPLICABLE,March,2,Thursday,20,17,Urban,High Speed (Arterial),Yes,39.08395556,-77.172175,Non-Intersection,Dark - Lighted,Clear,Unknown,Unknown,Unknown EMS Scene Arrival Hour,Unknown EMS Scene Arrival Minutes,Unknown,Unknown EMS Hospital Arrival Time,1,Dark - Lighted,Clear,1,0,['Driver'],['None_Used'],0,0,Valid,0.0,0.0,58.0,58.0,['Male'],1,0,5,3,2,Dry,Curve,Grade/Hillcrest,Lowest,No
16907,24,Maryland,240056,0,1,1,0,3,NOT APPLICABLE,March,3,Friday,23,41,Urban,High Speed (Arterial),Yes,39.64246667,-75.81220833,Non-Intersection,Dark - Not Lighted,Rain,Unknown,Unknown,Unknown EMS Scene Arrival Hour,Unknown EMS Scene Arrival Minutes,Not Applicable (Not Transported),Not Applicable (Not Transported),3,Dark - Unlighted,Rain/Wind/Minor,3,0,"['Driver', 'Rear_Seat', 'Front_Passenger']","['Shoulder_Lapbelt', 'None_Used', 'None_Used']",1,1,Valid,0.0,0.0,43.0,43.0,['Female'],0,0,3,4,3,Wet/Standing Water,Straight,Level,Lowest,No
16908,24,Maryland,240057,0,1,1,0,4,NOT APPLICABLE,March,4,Saturday,4,7,Urban,High Speed (Arterial),No,39.05439722,-77.14404722,Non-Intersection,Dark - Lighted,Cloudy,Unknown,Unknown,Unknown EMS Scene Arrival Hour,Unknown EMS Scene Arrival Minutes,Unknown,Unknown EMS Hospital Arrival Time,2,Dark - Lighted,Reduced Visibility,2,2,"['Rear_Seat', 'Rear_Seat']","['None_Used', 'None_Used']",1,1,Valid,0.0,0.0,19.0,19.0,['Male'],0,0,2,4,3,Wet/Standing Water,Curve,Grade/Hillcrest,Lowest,No
16909,24,Maryland,240058,0,2,2,0,2,NOT APPLICABLE,February,19,Sunday,4,46,Urban,Medium Speed (Collector),No,39.48012778,-76.77826111,Simple Junction,Dark - Lighted,Clear,Unknown,Unknown,Unknown EMS Scene Arrival Hour,Unknown EMS Scene Arrival Minutes,Unknown,Unknown EMS Hospital Arrival Time,1,Dark - Lighted,Clear,1,1,['Driver'],['None_Used'],1,1,Valid,0.0,0.0,30.0,23.0,"['Male', 'Female']",1,0,3,4,5,Dry,Straight,Level,Lowest,No
16910,24,Maryland,240059,1,1,1,0,1,NOT APPLICABLE,March,4,Saturday,20,36,Urban,High Speed (Arterial),Yes,38.64060833,-76.896425,Non-Intersection,Dark - Lighted,Clear,Unknown,Unknown,Unknown EMS Scene Arrival Hour,Unknown EMS Scene Arrival Minutes,Not Applicable (Not Transported),Not Applicable (Not Transported),1,Dark - Lighted,Clear,0,1,[],[],0,0,Valid,0.0,0.0,58.0,58.0,['Male'],0,0,3,3,4,Dry,Straight,Level,Lowest,No
16911,24,Maryland,240060,0,3,3,0,3,NOT APPLICABLE,March,8,Wednesday,10,59,Urban,Medium Speed (Collector),No,39.69054444,-76.30264722,Complex/Circle,Daylight,Clear,Unknown,Unknown,Unknown EMS Scene Arrival Hour,Unknown EMS Scene Arrival Minutes,Unknown,Unknown EMS Hospital Arrival Time,1,Daylight,Clear,1,2,['Driver'],['Shoulder_Lapbelt'],0,0,Valid,0.0,0.0,74.0,29.0,"['Female', 'Male', 'Female']",0,0,3,4,5,Dry,Straight,Level,Lowest,No
16912,24,Maryland,240061,1,2,1,1,2,NOT APPLICABLE,March,7,Tuesday,9,0,Urban,Medium Speed (Collector),No,38.82151389,-76.78521667,Non-Intersection,Daylight,Clear,Unknown,Unknown,Unknown EMS Scene Arrival Hour,Unknown EMS Scene Arrival Minutes,Unknown,Unknown EMS Hospital Arrival Time,1,Daylight,Clear,1,1,['Front_Passenger'],['Shoulder_Lapbelt'],0,0,Valid,0.0,0.0,18.0,18.0,['Male'],2,0,2,4,5,Dry,Straight,Level,Lowest,No
16913,24,Maryland,240062,0,2,2,0,2,NOT APPLICABLE,March,4,Saturday,11,56,Urban,High Speed (Arterial),Yes,39.42554444,-77.42514722,Non-Intersection,Daylight,Clear,Unknown,Unknown,Unknown EMS Scene Arrival Hour,Unknown EMS Scene Arrival Minutes,Not Applicable (Not Transported),Not Applicable (Not Transported),1,Daylight,Clear,1,1,['Driver'],['Shoulder_Lapbelt'],0,0,Valid,0.0,0.0,58.0,35.0,"['Male', 'Female']",0,0,4,4,3,Dry,Straight,Level,Lowest,No
16914,24,Maryland,240063,0,1,1,0,3,NOT APPLICABLE,March,5,Sunday,19,36,Urban,Medium Speed (Collector),No,38.60966944,-76.88693889,Non-Intersection,Dark - Not Lighted,Clear,Unknown,Unknown,Unknown EMS Scene Arrival Hour,Unknown EMS Scene Arrival Minutes,Unknown,Unknown EMS Hospital Arrival Time,1,Dark - Unlighted,Clear,1,2,['Front_Passenger'],['Shoulder_Lapbelt'],0,0,Invalid,0.0,0.0,16.0,16.0,['Male'],3,0,2,4,3,Dry,Curve,Level,Lowest,No
16915,24,Maryland,240064,0,2,2,0,2,NOT APPLICABLE,March,10,Friday,14,28,Urban,Medium Speed (Collector),No,38.69606111,-75.78927222,Complex/Circle,Daylight,Cloudy,Unknown,Unknown,Unknown EMS Scene Arrival Hour,Unknown EMS Scene Arrival Minutes,Not Applicable (Not Transported),Not Applicable (Not Transported),1,Daylight,Reduced Visibility,1,1,['Driver'],['Shoulder_Lapbelt'],0,0,Valid,0.0,0.0,74.0,56.0,"['Female', 'Male']",0,0,4,4,5,Dry,Straight,Level,Lowest,No
16916,24,Maryland,240065,0,2,2,0,4,NOT APPLICABLE,March,12,Sunday,0,14,Urban,High Speed (Arterial),No,39.06458056,-76.64685,Non-Intersection,Dark - Not Lighted,Clear,Unknown,Unknown,Unknown EMS Scene Arrival Hour,Unknown EMS Scene Arrival Minutes,Unknown,Unknown EMS Hospital Arrival Time,2,Dark - Unlighted,Clear,2,2,"['Driver', 'Rear_Seat']","['Shoulder_Lapbelt', 'Shoulder_Lapbelt']",0,0,Valid,0.0,0.0,54.0,45.0,"['Male', 'Female']",0,0,4,4,5,Dry,Straight,Level,Lowest,No
16917,24,Maryland,240066,0,3,3,0,4,NOT APPLICABLE,March,14,Tuesday,5,35,Urban,High Speed (Arterial),Yes,39.03684722,-76.93864444,Non-Intersection,Dark - Lighted,Clear,Unknown,Unknown,Unknown EMS Scene Arrival Hour,Unknown EMS Scene Arrival Minutes,Unknown,Unknown EMS Hospital Arrival Time,1,Dark - Lighted,Clear,1,3,['Driver'],['None_Used'],0,0,Valid,0.0,1.0,56.0,22.0,"['Male', 'Male', 'Male']",1,0,4,4,5,Dry,Straight,Level,Lowest,No
16918,24,Maryland,240067,0,1,1,0,1,NOT APPLICABLE,March,14,Tuesday,5,42,Urban,Medium Speed (Collector),No,38.94005556,-76.35545,Non-Intersection,Dark - Lighted,Cloudy,Unknown,Unknown,Unknown EMS Scene Arrival Hour,Unknown EMS Scene Arrival Minutes,Not Applicable (Not Transported),Not Applicable (Not Transported),1,Dark - Lighted,Reduced Visibility,1,0,['Driver'],['None_Used'],1,1,Valid,0.0,1.0,31.0,31.0,['Male'],0,0,2,4,2,Dry,Curve,Level,Lowest,No
16919,24,Maryland,240068,0,2,2,0,2,NOT APPLICABLE,March,16,Thursday,22,25,Urban,High Speed (Arterial),Yes,38.86473611,-76.92480556,Complex/Circle,Dark - Not Lighted,Clear,Unknown,Unknown,Unknown EMS Scene Arrival Hour,Unknown EMS Scene Arrival Minutes,Not Applicable (Not Transported),Not Applicable (Not Transported),1,Dark - Unlighted,Clear,1,1,['Driver'],['Shoulder_Lapbelt'],0,0,Valid,0.0,0.0,65.0,47.0,"['Male', 'Male']",0,0,3,4,5,Dry,Straight,Level,Lowest,No
16920,24,Maryland,240069,0,2,2,0,2,NOT APPLICABLE,March,16,Thursday,9,56,Urban,Medium Speed (Collector),No,39.62344167,-79.21651111,Non-Intersection,Daylight,Clear,Unknown,Unknown,Unknown EMS Scene Arrival Hour,Unknown EMS Scene Arrival Minutes,Not Applicable (Not Transported),Not Applicable (Not Transported),1,Daylight,Clear,1,1,['Driver'],['Shoulder_Lapbelt'],0,0,Valid,0.0,0.0,37.0,32.0,"['Female', 'Male']",0,0,3,4,5,Dry,Curve,Grade/Hillcrest,Lowest,No
16921,24,Maryland,240070,0,2,2,0,4,NOT APPLICABLE,February,24,Friday,23,46,Urban,High Speed (Arterial),Yes,39.37276667,-76.43080278,Simple Junction,Dark - Lighted,Clear,Unknown,Unknown,Unknown EMS Scene Arrival Hour,Unknown EMS Scene Arrival Minutes,Unknown,Unknown EMS Hospital Arrival Time,1,Dark - Lighted,Clear,1,3,['Driver'],['Shoulder_Lapbelt'],1,1,Invalid,0.0,0.0,32.0,30.0,"['Male', 'Male']",2,0,3,4,5,Dry,Straight,Level,Lowest,No
16922,24,Maryland,240071,0,2,2,0,3,NOT APPLICABLE,March,19,Sunday,0,31,Urban,High Speed (Arterial),Yes,38.97181944,-76.2513,Non-Intersection,Dark - Unknown Lighting,Clear,Unknown,Unknown,Unknown EMS Scene Arrival Hour,Unknown EMS Scene Arrival Minutes,Unknown,Unknown EMS Hospital Arrival Time,1,Dark - Unlighted,Clear,1,2,['Front_Passenger'],['None_Used'],1,1,Valid,0.0,0.0,46.0,40.0,"['Male', 'Female']",0,0,3,4,5,Dry,Straight,Level,Lowest,No
16923,24,Maryland,240072,0,2,2,0,4,BALTIMORE,March,1,Wednesday,14,5,Rural,Medium Speed (Collector),No,39.28660278,-76.67280278,Complex/Circle,Daylight,Clear,Unknown,Unknown,Unknown EMS Scene Arrival Hour,Unknown EMS Scene Arrival Minutes,Unknown,Unknown EMS Hospital Arrival Time,2,Daylight,Clear,2,2,"['Rear_Seat', 'Front_Passenger']","['Shoulder_Lapbelt', 'Shoulder_Lapbelt']",0,0,Invalid,0.0,0.0,998.0,50.0,"['Other', 'Female']",1,0,2,4,5,Dry,Straight,Level,Lowest,No
16924,24,Maryland,240073,1,1,1,0,1,NOT APPLICABLE,March,16,Thursday,15,53,Rural,Low Speed (Local),No,39.35259444,-77.38198333,Non-Intersection,Daylight,Clear,Unknown,Unknown,Unknown EMS Scene Arrival Hour,Unknown EMS Scene Arrival Minutes,Not Applicable (Not Transported),Not Applicable (Not Transported),1,Daylight,Clear,0,1,[],[],0,0,Valid,0.0,0.0,77.0,77.0,['Female'],0,0,3,1,4,Dry,Straight,Non-Trafficway,Lowest,No
16925,24,Maryland,240074,1,1,1,0,1,NOT APPLICABLE,March,16,Thursday,13,28,Urban,High Speed (Arterial),Yes,39.04646111,-76.98675278,Complex/Circle,Daylight,Clear,Unknown,Unknown if Notified,Unknown EMS Scene Arrival Hour,Unknown if Arrived,Not Applicable (Not Transported),Not Applicable (Not Transported),1,Daylight,Clear,0,1,[],[],0,0,Valid,0.0,0.0,62.0,62.0,['Male'],0,0,3,2,4,Dry,Straight,Level,Lowest,No
16926,24,Maryland,240075,0,3,1,2,1,NOT APPLICABLE,March,19,Sunday,18,55,Urban,Medium Speed (Collector),No,38.90453056,-76.89158056,Non-Intersection,Daylight,Clear,Unknown,Unknown,Unknown EMS Scene Arrival Hour,Unknown EMS Scene Arrival Minutes,Not Applicable (Not Transported),Not Applicable (Not Transported),1,Daylight,Clear,1,0,['Driver'],['None_Used'],0,0,Valid,0.0,0.0,28.0,28.0,['Male'],1,0,2,4,5,Dry,Curve,Grade/Hillcrest,Lowest,No
16927,24,Maryland,240076,0,3,3,0,3,NOT APPLICABLE,March,6,Monday,7,28,Urban,High Speed (Arterial),Yes,38.30355833,-75.6218,Non-Intersection,Daylight,Clear,Unknown,Unknown,Unknown EMS Scene Arrival Hour,Unknown EMS Scene Arrival Minutes,Unknown,Unknown EMS Hospital Arrival Time,1,Daylight,Clear,1,2,['Driver'],['Shoulder_Lapbelt'],0,0,Valid,0.0,0.0,73.0,34.0,"['Male', 'Male', 'Male']",1,0,3,4,5,Dry,Straight,Level,Lowest,No
16928,24,Maryland,240077,0,2,2,0,3,NOT APPLICABLE,March,21,Tuesday,23,23,Urban,High Speed (Arterial),Yes,38.07332778,-75.54186111,Complex/Circle,Dark - Lighted,Clear,Unknown,Unknown,Unknown EMS Scene Arrival Hour,Unknown EMS Scene Arrival Minutes,Not Applicable (Not Transported),Not Applicable (Not Transported),1,Dark - Lighted,Clear,1,2,['Driver'],['Shoulder_Lapbelt'],0,0,Valid,0.0,0.0,55.0,54.0,"['Male', 'Male']",0,0,2,4,5,Dry,Straight,Level,Lowest,No
16929,24,Maryland,240078,0,1,1,0,1,NOT APPLICABLE,March,22,Wednesday,0,27,Urban,Medium Speed (Collector),No,39.09186389,-77.27081111,Non-Intersection,Dark - Not Lighted,Clear,Unknown,Unknown,Unknown EMS Scene Arrival Hour,Unknown EMS Scene Arrival Minutes,Not Applicable (Not Transported),Not Applicable (Not Transported),1,Dark - Unlighted,Clear,1,0,['Driver'],['Shoulder_Lapbelt'],1,1,Valid,0.0,0.0,48.0,48.0,['Male'],1,0,3,4,3,Dry,Curve,Grade/Hillcrest,Lowest,No
16930,24,Maryland,240079,6,2,2,0,2,NOT APPLICABLE,March,22,Wednesday,12,40,Urban,High Speed (Arterial),Yes,39.32614444,-76.74469167,Non-Intersection,Daylight,Clear,Unknown,Unknown,Unknown EMS Scene Arrival Hour,Unknown EMS Scene Arrival Minutes,Unknown,Unknown EMS Hospital Arrival Time,6,Daylight,Clear,0,2,[],[],0,0,Valid,0.0,0.0,54.0,20.0,"['Female', 'Male']",2,0,2,4,5,Dry,Straight,Level,Lowest,No
16931,24,Maryland,240080,0,2,2,0,2,NOT APPLICABLE,March,18,Saturday,15,39,Urban,High Speed (Arterial),Yes,38.34860556,-75.21457222,Complex/Circle,Daylight,Clear,Unknown,Unknown,Unknown EMS Scene Arrival Hour,Unknown EMS Scene Arrival Minutes,Unknown,Unknown EMS Hospital Arrival Time,1,Daylight,Clear,1,1,['Driver'],['Shoulder_Lapbelt'],1,1,Valid,0.0,0.0,72.0,69.0,"['Female', 'Male']",0,0,4,4,5,Dry,Straight,Level,Lowest,No
16932,24,Maryland,240081,0,1,1,0,1,NOT APPLICABLE,March,15,Wednesday,17,51,Urban,Medium Speed (Collector),No,38.56615278,-75.74013056,Non-Intersection,Daylight,Clear,Unknown,Unknown,Unknown EMS Scene Arrival Hour,Unknown EMS Scene Arrival Minutes,Unknown,Unknown EMS Hospital Arrival Time,1,Daylight,Clear,1,0,['Driver'],['None_Used'],1,1,Valid,0.0,0.0,42.0,42.0,['Male'],0,0,3,4,3,Dry,Curve,Level,Lowest,No
16933,24,Maryland,240082,1,1,1,0,1,NOT APPLICABLE,March,25,Saturday,1,47,Urban,High Speed (Arterial),Yes,39.03240556,-77.00350833,Non-Intersection,Dark - Lighted,Rain,Unknown,Unknown,Unknown EMS Scene Arrival Hour,Unknown EMS Scene Arrival Minutes,Not Applicable (Not Transported),Not Applicable (Not Transported),1,Dark - Lighted,Rain/Wind/Minor,0,1,[],[],0,0,Valid,0.0,0.0,26.0,26.0,['Male'],0,0,3,3,4,Wet/Standing Water,Straight,Grade/Hillcrest,Lowest,No
16934,24,Maryland,240083,1,1,1,0,2,NOT APPLICABLE,March,25,Saturday,23,54,Urban,High Speed (Arterial),Yes,39.45255,-76.306775,Complex/Circle,Dark - Lighted,"Fog, Smog, Smoke",Unknown,Unknown,Unknown EMS Scene Arrival Hour,Unknown EMS Scene Arrival Minutes,Not Applicable (Not Transported),Not Applicable (Not Transported),1,Dark - Lighted,Reduced Visibility,0,2,[],[],0,0,Valid,0.0,0.0,45.0,45.0,['Male'],0,0,2,4,4,Wet/Standing Water,Straight,Level,Lowest,No
16935,24,Maryland,240084,1,1,1,0,1,NOT APPLICABLE,January,29,Sunday,18,12,Urban,High Speed (Arterial),Yes,38.97267222,-76.52506111,Simple Junction,Dark - Not Lighted,Clear,Unknown,Unknown,Unknown EMS Scene Arrival Hour,Unknown EMS Scene Arrival Minutes,Not Applicable (Not Transported),Not Applicable (Not Transported),1,Dark - Unlighted,Clear,0,1,[],[],0,0,Valid,0.0,0.0,61.0,61.0,['Male'],0,0,3,3,4,Dry,Curve,Level,Lowest,No
16936,24,Maryland,240085,1,1,1,0,1,NOT APPLICABLE,March,20,Monday,21,36,Urban,High Speed (Arterial),Yes,39.49157778,-76.19021111,Non-Intersection,Dark - Not Lighted,Clear,Unknown,Unknown,Unknown EMS Scene Arrival Hour,Unknown EMS Scene Arrival Minutes,Unknown,Unknown EMS Hospital Arrival Time,1,Dark - Unlighted,Clear,0,1,[],[],0,0,Valid,0.0,0.0,27.0,27.0,['Male'],0,0,2,4,4,Dry,Straight,Level,Lowest,No
16937,24,Maryland,240086,0,1,1,0,1,NOT APPLICABLE,March,24,Friday,22,8,Urban,Medium Speed (Collector),No,38.77674444,-76.86857778,Non-Intersection,Dark - Lighted,Rain,Unknown,Unknown,Unknown EMS Scene Arrival Hour,Unknown EMS Scene Arrival Minutes,Not Applicable (Not Transported),Not Applicable (Not Transported),1,Dark - Lighted,Rain/Wind/Minor,1,0,['Driver'],['Shoulder_Lapbelt'],1,1,Valid,0.0,0.0,48.0,48.0,['Male'],0,0,3,4,3,Wet/Standing Water,Straight,Level,Lowest,No
16938,24,Maryland,240087,0,2,2,0,2,NOT APPLICABLE,March,16,Thursday,14,53,Rural,Medium Speed (Collector),No,39.52801389,-77.58734167,Non-Intersection,Daylight,Clear,Unknown,Unknown,Unknown EMS Scene Arrival Hour,Unknown EMS Scene Arrival Minutes,Not Applicable (Not Transported),Not Applicable (Not Transported),2,Daylight,Clear,2,0,"['Driver', 'Driver']","['Shoulder_Lapbelt', 'Shoulder_Lapbelt']",0,0,Valid,0.0,0.0,56.0,28.0,"['Male', 'Male']",0,0,3,4,5,Dry,Straight,Grade/Hillcrest,Lowest,No
16939,24,Maryland,240088,1,1,1,0,1,NOT APPLICABLE,March,21,Tuesday,21,21,Urban,High Speed (Arterial),Yes,38.65990833,-76.87385556,Non-Intersection,Dark - Not Lighted,Clear,Unknown,Unknown,Unknown EMS Scene Arrival Hour,Unknown EMS Scene Arrival Minutes,Not Applicable (Not Transported),Not Applicable (Not Transported),1,Dark - Unlighted,Clear,0,1,[],[],0,0,Valid,0.0,0.0,40.0,40.0,['Male'],0,0,3,3,4,Dry,Curve,Grade/Hillcrest,Lowest,No
16940,24,Maryland,240089,0,1,1,0,2,NOT APPLICABLE,March,11,Saturday,11,2,Urban,High Speed (Arterial),Yes,38.81306667,-76.80457222,Non-Intersection,Daylight,Clear,Unknown,Unknown,Unknown EMS Scene Arrival Hour,Unknown EMS Scene Arrival Minutes,Not Applicable (Not Transported),Not Applicable (Not Transported),2,Daylight,Clear,2,0,"['Driver', 'Front_Passenger']","['None_Used', 'None_Used']",0,0,Valid,0.0,1.0,28.0,28.0,['Male'],2,0,3,4,3,Dry,Straight,Level,Lowest,No
16941,24,Maryland,240090,0,1,1,0,1,NOT APPLICABLE,March,14,Tuesday,13,21,Rural,Medium Speed (Collector),No,38.76146944,-75.80555,Non-Intersection,Daylight,Severe Crosswinds,Unknown,Unknown,Unknown EMS Scene Arrival Hour,Unknown EMS Scene Arrival Minutes,Not Applicable (Not Transported),Not Applicable (Not Transported),1,Daylight,Rain/Wind/Minor,1,0,['Driver'],['None_Used'],0,0,Valid,0.0,0.0,60.0,60.0,['Male'],0,0,3,4,2,Dry,Straight,Level,Lowest,No
16942,24,Maryland,240091,1,1,1,0,1,NOT APPLICABLE,March,25,Saturday,14,6,Urban,High Speed (Arterial),Yes,39.61248333,-77.69028889,Non-Intersection,Daylight,Cloudy,Unknown,Unknown,Unknown EMS Scene Arrival Hour,Unknown EMS Scene Arrival Minutes,Unknown,Unknown EMS Hospital Arrival Time,1,Daylight,Reduced Visibility,0,1,[],[],0,0,Valid,0.0,0.0,36.0,36.0,['Male'],0,0,3,2,4,Dry,Straight,Level,Lowest,No
16943,24,Maryland,240092,0,2,2,0,3,NOT APPLICABLE,March,27,Monday,12,28,Urban,Medium Speed (Collector),No,38.45544444,-75.55533056,Complex/Circle,Daylight,Clear,Unknown,Unknown,Unknown EMS Scene Arrival Hour,Unknown EMS Scene Arrival Minutes,Unknown,Unknown EMS Hospital Arrival Time,1,Daylight,Clear,1,2,['Front_Passenger'],['Shoulder_Lapbelt'],0,0,Valid,0.0,0.0,77.0,48.0,"['Male', 'Male']",0,0,3,4,5,Dry,Straight,Level,Lowest,No
16944,24,Maryland,240093,0,3,3,0,3,NOT APPLICABLE,April,1,Saturday,19,37,Urban,High Speed (Arterial),Yes,39.12036944,-77.01694167,Non-Intersection,Dusk,Clear,Unknown,Unknown,Unknown EMS Scene Arrival Hour,Unknown EMS Scene Arrival Minutes,Unknown,Unknown EMS Hospital Arrival Time,1,Twilight,Clear,1,2,['Driver'],['Shoulder_Lapbelt'],1,1,Valid,0.0,0.0,66.0,29.0,"['Male', 'Female', 'Female']",1,0,3,4,5,Dry,Curve,Level,Lowest,No
16945,24,Maryland,240094,0,2,2,0,2,NOT APPLICABLE,April,2,Sunday,17,14,Urban,Medium Speed (Collector),No,38.54295,-77.02053611,Non-Intersection,Daylight,Clear,Unknown,Unknown,Unknown EMS Scene Arrival Hour,Unknown EMS Scene Arrival Minutes,Unknown,Unknown EMS Hospital Arrival Time,1,Daylight,Clear,1,1,['Driver'],['Shoulder_Lapbelt'],1,1,Valid,0.0,0.0,42.0,30.0,"['Male', 'Male']",1,0,2,4,5,Dry,Straight,Level,Lowest,No
16946,24,Maryland,240095,0,2,2,0,2,NOT APPLICABLE,April,1,Saturday,1,39,Urban,Medium Speed (Collector),No,38.80690278,-76.90200556,Non-Intersection,Dark - Lighted,Rain,Unknown,Unknown,Unknown EMS Scene Arrival Hour,Unknown EMS Scene Arrival Minutes,Unknown,Unknown EMS Hospital Arrival Time,1,Dark - Lighted,Rain/Wind/Minor,1,1,['Driver'],['None_Used'],1,1,Valid,0.0,0.0,43.0,28.0,"['Male', 'Male']",0,0,3,4,5,Wet/Standing Water,Curve,Level,Lowest,No
16947,24,Maryland,240096,0,1,1,0,1,NOT APPLICABLE,April,1,Saturday,10,1,Urban,Medium Speed (Collector),No,38.67217778,-76.89060278,Non-Intersection,Daylight,Rain,Unknown,Unknown,Unknown EMS Scene Arrival Hour,Unknown EMS Scene Arrival Minutes,Not Applicable (Not Transported),Not Applicable (Not Transported),1,Daylight,Rain/Wind/Minor,1,0,['Driver'],['Shoulder_Lapbelt'],0,0,Valid,0.0,0.0,41.0,41.0,['Female'],0,0,2,4,3,Wet/Standing Water,Curve,Level,Lowest,No
16948,24,Maryland,240097,0,1,1,0,1,NOT APPLICABLE,April,2,Sunday,7,10,Urban,Medium Speed (Collector),No,38.86655278,-76.89224444,Non-Intersection,Daylight,Clear,Unknown,Unknown,Unknown EMS Scene Arrival Hour,Unknown EMS Scene Arrival Minutes,Not Applicable (Not Transported),Not Applicable (Not Transported),1,Daylight,Clear,1,0,['Driver'],['Shoulder_Lapbelt'],0,0,Valid,0.0,0.0,26.0,26.0,['Female'],0,0,2,4,3,Dry,Curve,Level,Lowest,No
16949,24,Maryland,240098,0,2,2,0,4,NOT APPLICABLE,March,26,Sunday,15,6,Urban,Medium Speed (Collector),No,39.69051944,-76.30269444,Complex/Circle,Daylight,Clear,Unknown,Unknown,Unknown EMS Scene Arrival Hour,Unknown EMS Scene Arrival Minutes,Unknown,Unknown EMS Hospital Arrival Time,1,Daylight,Clear,1,3,['Front_Passenger'],['Shoulder_Lapbelt'],0,0,Valid,0.0,0.0,63.0,20.0,"['Male', 'Male']",0,0,3,4,5,Dry,Straight,Level,Lowest,No
16950,24,Maryland,240099,0,3,3,0,5,NOT APPLICABLE,April,2,Sunday,12,45,Urban,High Speed (Arterial),Yes,39.14065278,-76.60304722,Complex/Circle,Daylight,Clear,Unknown,Unknown,Unknown EMS Scene Arrival Hour,Unknown EMS Scene Arrival Minutes,Unknown,Unknown EMS Hospital Arrival Time,1,Daylight,Clear,1,4,['Front_Passenger'],['Shoulder_Lapbelt'],1,1,Valid,0.0,0.0,60.0,28.0,"['Male', 'Male', 'Male']",0,0,3,4,5,Dry,Straight,Level,Lowest,No
16951,24,Maryland,240100,0,2,2,0,2,NOT APPLICABLE,April,3,Monday,19,3,Urban,High Speed (Arterial),Yes,38.86598889,-76.72282222,Non-Intersection,Dusk,Clear,Unknown,Unknown,Unknown EMS Scene Arrival Hour,Unknown EMS Scene Arrival Minutes,Not Applicable (Not Transported),Not Applicable (Not Transported),1,Twilight,Clear,1,1,['Driver'],['None_Used'],0,0,Valid,0.0,0.0,49.0,33.0,"['Male', 'Male']",1,0,5,4,5,Dry,Straight,Level,Lowest,No
16952,24,Maryland,240101,1,1,1,0,1,NOT APPLICABLE,March,8,Wednesday,12,26,Urban,High Speed (Arterial),No,39.57516389,-76.99599722,Complex/Circle,Daylight,Not Reported,Unknown,Unknown,Unknown EMS Scene Arrival Hour,Unknown EMS Scene Arrival Minutes,Unknown,Unknown EMS Hospital Arrival Time,1,Daylight,Clear,0,1,[],[],0,0,Valid,0.0,0.0,41.0,41.0,['Male'],0,0,4,1,4,Dry,Straight,Level,Lowest,No