,State_Code,State_Name,Crash_ID,Count_Non_Motorists,Count_Vehicles_Total,Count_Vehicle_Forms,Count_PVH_Involved,Count_Occupants_MV,City_Name,Month_Name,Day_of_Month,Day_of_Week,Crash_Hour,Crash_Minute,Area_Rural_Urban,Road_Functional_Class,On_NHS_Road,Latitude,Longitude,Intersection_Type,Light_Condition,Weather_Condition,Notif_Hour,Notif_Minute,Arrival_Hour,Arrival_Minute,Hospital_Hour,Hospital_Minute,Fatalities_Count,Clean_Light_Condition,Clean_Weather_Condition,Total_Killed,Total_Alive,Fatal_Seats_List,Killed_Restraint_List,Any_Driver_Drinking,Total_Drinking_Drivers,Driver_License_Category,Driver_Max_Prev_Accident_Count,Driver_Max_Prev_Speeding_Count,Max_Driver_Age,Min_Driver_Age,Driver_Sex_List,Total_Exceeding_Limit_Vehicles,Total_Too_Fast_Vehicles,Max_Vehicle_Type_Severity_5,Max_Vehicle_Damage_Rank,Max_Harmful_Event_Severity,Crash_Road_Surface_Condition,Crash_Horizontal_Alignment,Crash_Vertical_Profile,Crash_Impairment_Category,Crash_Vehicle_Defect
16953,24,Maryland,240102,1,1,1,0,1,NOT APPLICABLE,April,5,Wednesday,4,3,Urban,High Speed (Arterial),Yes,39.39813611,-76.95501944,Non-Intersection,Dark - Not Lighted,Clear,Unknown,Unknown,Unknown EMS Scene Arrival Hour,Unknown EMS Scene Arrival Minutes,Not Applicable (Not Transported),Not Applicable (Not Transported),1,Dark - Unlighted,Clear,0,1,[],[],0,0,Valid,0.0,0.0,19.0,19.0,['Male'],0,0,2,3,4,Dry,Straight,Level,Lowest,No
16954,24,Maryland,240103,1,2,2,0,4,NOT APPLICABLE,April,5,Wednesday,18,0,Urban,High Speed (Arterial),Yes,39.46354722,-76.29449444,Non-Intersection,Daylight,Clear,Unknown,Unknown,Unknown EMS Scene Arrival Hour,Unknown EMS Scene Arrival Minutes,Not Applicable (Not Transported),Not Applicable (Not Transported),1,Daylight,Clear,0,4,[],[],0,0,Valid,0.0,0.0,19.0,19.0,['Male'],4,0,4,4,4,Dry,Straight,Grade/Hillcrest,Lowest,No
16955,24,Maryland,240104,0,2,2,0,2,NOT APPLICABLE,April,5,Wednesday,14,18,Rural,Medium Speed (Collector),No,38.50025833,-77.18968611,Non-Intersection,Daylight,Clear,Unknown,Unknown,Unknown EMS Scene Arrival Hour,Unknown EMS Scene Arrival Minutes,Unknown,Unknown EMS Hospital Arrival Time,1,Daylight,Clear,1,1,['Driver'],['None_Used'],0,0,Valid,0.0,0.0,37.0,34.0,"['Male', 'Male']",0,0,5,4,5,Dry,Straight,Grade/Hillcrest,Lowest,No
16956,24,Maryland,240105,0,2,2,0,2,NOT APPLICABLE,April,7,Friday,1,15,Rural,Medium Speed (Collector),No,39.01268333,-75.78754722,Non-Intersection,Dark - Not Lighted,Clear,Unknown,Unknown,Unknown EMS Scene Arrival Hour,Unknown EMS Scene Arrival Minutes,Not Applicable (Not Transported),Not Applicable (Not Transported),2,Dark - Unlighted,Clear,2,0,"['Driver', 'Driver']","['None_Used', 'Shoulder_Lapbelt']",0,0,Valid,0.0,0.0,37.0,24.0,"['Female', 'Female']",0,0,3,4,5,Dry,Straight,Level,Lowest,No
16957,24,Maryland,240106,0,2,2,0,4,NOT APPLICABLE,April,5,Wednesday,17,15,Urban,Medium Speed (Collector),No,38.94189167,-76.90351944,Complex/Circle,Daylight,Clear,Unknown,Unknown,Unknown EMS Scene Arrival Hour,Unknown EMS Scene Arrival Minutes,Unknown,Unknown EMS Hospital Arrival Time,1,Daylight,Clear,1,3,['Driver'],['Shoulder_Lapbelt'],0,0,Valid,0.0,0.0,66.0,28.0,"['Male', 'Male']",0,0,2,4,5,Dry,Straight,Grade/Hillcrest,Lowest,No
16958,24,Maryland,240108,1,1,1,0,2,NOT APPLICABLE,March,26,Sunday,0,58,Urban,Medium Speed (Collector),No,38.94136389,-76.90421944,Non-Intersection,Dark - Lighted,"Fog, Smog, Smoke",Unknown,Unknown,Unknown EMS Scene Arrival Hour,Unknown EMS Scene Arrival Minutes,Not Applicable (Not Transported),Not Applicable (Not Transported),1,Dark - Lighted,Reduced Visibility,0,2,[],[],0,0,Valid,0.0,0.0,20.0,20.0,['Male'],0,0,2,4,4,Wet/Standing Water,Straight,Grade/Hillcrest,Lowest,No
16959,24,Maryland,240109,1,1,1,0,1,NOT APPLICABLE,April,10,Monday,21,52,Urban,High Speed (Arterial),Yes,38.93903333,-76.718125,Non-Intersection,Dark - Lighted,Clear,Unknown,Unknown,Unknown EMS Scene Arrival Hour,Unknown EMS Scene Arrival Minutes,Not Applicable (Not Transported),Not Applicable (Not Transported),1,Dark - Lighted,Clear,0,1,[],[],0,0,Valid,0.0,0.0,22.0,22.0,['Female'],0,0,3,4,4,Dry,Straight,Level,Lowest,No
16960,24,Maryland,240110,0,1,1,0,1,NOT APPLICABLE,April,13,Thursday,1,4,Urban,Medium Speed (Collector),No,39.63137778,-78.75972778,Simple Junction,Dark - Lighted,Clear,Unknown,Unknown,Unknown EMS Scene Arrival Hour,Unknown EMS Scene Arrival Minutes,Not Applicable (Not Transported),Not Applicable (Not Transported),1,Dark - Lighted,Clear,1,0,['Driver'],['None_Used'],0,0,Valid,0.0,1.0,30.0,30.0,['Male'],1,0,2,4,3,Dry,Straight,Grade/Hillcrest,Lowest,No
16961,24,Maryland,240111,1,2,1,1,1,NOT APPLICABLE,April,14,Friday,14,0,Urban,High Speed (Arterial),Yes,39.02024722,-76.93459167,Non-Intersection,Daylight,Clear,Unknown,Unknown,Unknown EMS Scene Arrival Hour,Unknown EMS Scene Arrival Minutes,Not Applicable (Not Transported),Not Applicable (Not Transported),1,Daylight,Clear,0,1,[],[],0,0,Valid,0.0,0.0,21.0,21.0,['Male'],0,0,2,4,4,Dry,Straight,Level,Lowest,No
16962,24,Maryland,240112,0,3,3,0,1,NOT APPLICABLE,April,19,Wednesday,23,33,Urban,High Speed (Arterial),Yes,38.81555278,-76.91479444,Non-Intersection,Dark - Lighted,Clear,Unknown,Unknown,Unknown EMS Scene Arrival Hour,Unknown EMS Scene Arrival Minutes,Not Applicable (Not Transported),Not Applicable (Not Transported),1,Dark - Lighted,Clear,1,0,['Driver'],['Shoulder_Lapbelt'],1,1,Valid,0.0,0.0,30.0,30.0,['Female'],1,0,4,4,5,Dry,Straight,Level,Lowest,No
16963,24,Maryland,240113,0,3,2,1,3,NOT APPLICABLE,April,17,Monday,2,39,Urban,High Speed (Arterial),Yes,39.64799722,-75.79508333,Simple Junction,Dark - Not Lighted,Clear,Unknown,Unknown,Unknown EMS Scene Arrival Hour,Unknown EMS Scene Arrival Minutes,Unknown,Unknown EMS Hospital Arrival Time,1,Dark - Unlighted,Clear,1,2,['Driver'],['Shoulder_Lapbelt'],1,1,Valid,0.0,0.0,35.0,25.0,"['Male', 'Male']",2,0,4,4,5,Dry,Straight,Level,Lowest,No
16964,24,Maryland,240114,0,2,2,0,2,NOT APPLICABLE,April,19,Wednesday,20,45,Urban,Medium Speed (Collector),No,38.93869444,-76.91082778,Non-Intersection,Dark - Lighted,Clear,Unknown,Unknown,Unknown EMS Scene Arrival Hour,Unknown EMS Scene Arrival Minutes,Not Applicable (Not Transported),Not Applicable (Not Transported),1,Dark - Lighted,Clear,1,1,['Driver'],['None_Used'],0,0,Valid,0.0,0.0,58.0,26.0,"['Male', 'Male']",1,0,5,3,5,Dry,Straight,Level,Lowest,No
16965,24,Maryland,240115,1,1,1,0,1,NOT APPLICABLE,April,20,Thursday,15,11,Rural,Medium Speed (Collector),No,38.82917778,-76.89498333,Non-Intersection,Daylight,Clear,Unknown,Unknown,Unknown EMS Scene Arrival Hour,Unknown EMS Scene Arrival Minutes,Unknown,Unknown EMS Hospital Arrival Time,1,Daylight,Clear,0,1,[],[],0,0,Valid,0.0,0.0,53.0,53.0,['Female'],0,0,3,3,4,Dry,Straight,Level,Lowest,No
16966,24,Maryland,240116,0,1,1,0,1,NOT APPLICABLE,February,14,Tuesday,21,24,Urban,Medium Speed (Collector),No,39.31520556,-76.75243056,Non-Intersection,Dark - Lighted,Clear,Unknown,Unknown,Unknown EMS Scene Arrival Hour,Unknown EMS Scene Arrival Minutes,Not Applicable (Not Transported),Not Applicable (Not Transported),1,Dark - Lighted,Clear,1,0,['Driver'],['None_Used'],1,1,Valid,0.0,0.0,31.0,31.0,['Male'],0,0,3,4,2,Dry,Curve,Level,Lowest,No
16967,24,Maryland,240117,1,2,2,0,2,NOT APPLICABLE,April,21,Friday,21,48,Urban,High Speed (Arterial),Yes,39.075275,-76.90415833,Non-Intersection,Dark - Lighted,Clear,Unknown,Unknown,Unknown EMS Scene Arrival Hour,Unknown EMS Scene Arrival Minutes,Not Applicable (Not Transported),Not Applicable (Not Transported),1,Dark - Lighted,Clear,0,2,[],[],0,0,Valid,0.0,0.0,67.0,24.0,"['Male', 'Male']",0,0,3,4,4,Dry,Straight,Level,Lowest,No
16968,24,Maryland,240118,1,2,2,0,2,NOT APPLICABLE,February,13,Monday,6,33,Urban,High Speed (Arterial),Yes,39.32576111,-76.49808611,Non-Intersection,Dark - Lighted,Clear,Unknown,Unknown,Unknown EMS Scene Arrival Hour,Unknown EMS Scene Arrival Minutes,Not Applicable (Not Transported),Not Applicable (Not Transported),1,Dark - Lighted,Clear,0,2,[],[],0,0,Valid,0.0,0.0,56.0,47.0,"['Male', 'Male']",0,0,4,2,4,Dry,Straight,Level,Lowest,No
16969,24,Maryland,240119,0,2,2,0,2,NOT APPLICABLE,April,12,Wednesday,19,54,Urban,High Speed (Arterial),Yes,38.83491389,-76.73045833,Non-Intersection,Dark - Not Lighted,Clear,Unknown,Unknown,Unknown EMS Scene Arrival Hour,Unknown EMS Scene Arrival Minutes,Unknown,Unknown EMS Hospital Arrival Time,2,Dark - Unlighted,Clear,2,0,"['Driver', 'Driver']","['None_Used', 'Shoulder_Lapbelt']",0,0,Valid,0.0,0.0,46.0,35.0,"['Male', 'Female']",1,0,5,4,5,Dry,Straight,Level,Lowest,No
16970,24,Maryland,240120,1,1,1,0,1,NOT APPLICABLE,April,20,Thursday,12,7,Urban,Medium Speed (Collector),No,38.88694444,-76.89646111,Simple Junction,Daylight,Clear,Unknown,Unknown,Unknown EMS Scene Arrival Hour,Unknown EMS Scene Arrival Minutes,Unknown,Unknown EMS Hospital Arrival Time,1,Daylight,Clear,1,0,['Driver'],['None_Used'],1,1,Invalid,0.0,0.0,57.0,57.0,['Male'],0,0,5,4,4,Dry,Straight,Grade/Hillcrest,Lowest,No
16971,24,Maryland,240121,0,2,2,0,2,NOT APPLICABLE,April,3,Monday,8,3,Urban,High Speed (Arterial),Yes,39.01935833,-76.042975,Non-Intersection,Daylight,Clear,Unknown,Unknown,Unknown EMS Scene Arrival Hour,Unknown EMS Scene Arrival Minutes,Unknown,Unknown EMS Hospital Arrival Time,1,Daylight,Clear,1,1,['Driver'],['Shoulder_Lapbelt'],0,0,Valid,0.0,0.0,66.0,20.0,"['Male', 'Female']",0,0,3,4,5,Dry,Straight,Level,Lowest,No
16972,24,Maryland,240123,0,3,3,0,3,NOT APPLICABLE,April,19,Wednesday,16,2,Urban,High Speed (Arterial),Yes,39.17761389,-76.54273889,Complex/Circle,Daylight,Clear,Unknown,Unknown,Unknown EMS Scene Arrival Hour,Unknown EMS Scene Arrival Minutes,Unknown,Unknown EMS Hospital Arrival Time,1,Daylight,Clear,1,2,['Driver'],['None_Used'],0,0,Valid,0.0,0.0,32.0,20.0,"['Male', 'Male', 'Male']",1,0,5,4,5,Dry,Straight,Level,Lowest,No
16973,24,Maryland,240124,0,1,1,0,2,NOT APPLICABLE,April,23,Sunday,4,11,Rural,Medium Speed (Collector),No,39.67311389,-77.79325,Non-Intersection,Dark - Not Lighted,Clear,Unknown,Unknown,Unknown EMS Scene Arrival Hour,Unknown EMS Scene Arrival Minutes,Not Applicable (Not Transported),Not Applicable (Not Transported),1,Dark - Unlighted,Clear,1,1,['Front_Passenger'],['Shoulder_Lapbelt'],1,1,Valid,0.0,0.0,23.0,23.0,['Male'],0,0,2,4,2,Dry,Straight,Grade/Hillcrest,Lowest,No
16974,24,Maryland,240125,0,2,2,0,2,NOT APPLICABLE,April,28,Friday,2,5,Urban,Medium Speed (Collector),No,39.19416944,-77.194975,Complex/Circle,Dark - Lighted,Cloudy,Unknown,Unknown,Unknown EMS Scene Arrival Hour,Unknown EMS Scene Arrival Minutes,Unknown,Unknown EMS Hospital Arrival Time,1,Dark - Lighted,Reduced Visibility,1,1,['Driver'],['Shoulder_Lapbelt'],0,0,Valid,0.0,2.0,51.0,33.0,"['Male', 'Male']",0,0,2,4,5,Dry,Straight,Level,Lowest,No
16975,24,Maryland,240126,0,1,1,0,3,NOT APPLICABLE,April,20,Thursday,20,29,Urban,High Speed (Arterial),Yes,38.469675,-76.51143333,Non-Intersection,Dark - Lighted,Clear,Unknown,Unknown,Unknown EMS Scene Arrival Hour,Unknown EMS Scene Arrival Minutes,Unknown,Unknown EMS Hospital Arrival Time,1,Dark - Lighted,Clear,1,2,['Rear_Seat'],['Shoulder_Lapbelt'],0,0,Valid,0.0,0.0,65.0,65.0,['Female'],0,0,3,4,2,Dry,Straight,Level,Lowest,No
16976,24,Maryland,240127,0,1,1,0,1,BALTIMORE,April,26,Wednesday,19,18,Urban,High Speed (Arterial),Yes,39.3445,-76.68570556,Non-Intersection,Daylight,Clear,Unknown,Unknown,Unknown EMS Scene Arrival Hour,Unknown EMS Scene Arrival Minutes,Unknown,Unknown EMS Hospital Arrival Time,1,Daylight,Clear,1,0,['Driver'],['None_Used'],1,1,Invalid,0.0,0.0,42.0,42.0,['Male'],1,0,5,3,2,Dry,Straight,Level,Lowest,No
16977,24,Maryland,240129,0,1,1,0,1,NOT APPLICABLE,March,8,Wednesday,20,29,Urban,High Speed (Arterial),No,39.38817222,-76.62466389,Non-Intersection,Dark - Not Lighted,Clear,Unknown,Unknown,Unknown EMS Scene Arrival Hour,Unknown EMS Scene Arrival Minutes,Not Applicable (Not Transported),Not Applicable (Not Transported),1,Dark - Unlighted,Clear,1,0,['Driver'],['None_Used'],1,1,Valid,0.0,0.0,73.0,73.0,['Male'],0,0,3,4,3,Dry,Curve,Level,Lowest,No
16978,24,Maryland,240130,0,4,4,0,6,NOT APPLICABLE,April,29,Saturday,21,15,Urban,Medium Speed (Collector),No,39.44158333,-76.99835833,Non-Intersection,Dark - Not Lighted,Clear,Unknown,Unknown,Unknown EMS Scene Arrival Hour,Unknown EMS Scene Arrival Minutes,Unknown,Unknown EMS Hospital Arrival Time,1,Dark - Unlighted,Clear,1,5,['Driver'],['Shoulder_Lapbelt'],1,1,Valid,0.0,1.0,35.0,29.0,"['Male', 'Male', 'Male', 'Female']",0,0,3,4,5,Dry,Curve,Grade/Hillcrest,Lowest,No
16979,24,Maryland,240131,1,4,2,2,4,NOT APPLICABLE,January,2,Monday,11,25,Urban,High Speed (Arterial),Yes,39.42004167,-76.78086111,Non-Intersection,Daylight,Clear,Unknown,Unknown,Unknown EMS Scene Arrival Hour,Unknown EMS Scene Arrival Minutes,Unknown,Unknown EMS Hospital Arrival Time,1,Daylight,Clear,1,3,['Front_Passenger'],['None_Used'],0,0,Valid,0.0,0.0,20.0,20.0,"['Male', 'Male']",2,0,3,4,3,Dry,Straight,Level,Lowest,No
16980,24,Maryland,240132,0,2,2,0,4,NOT APPLICABLE,May,2,Tuesday,5,54,Urban,High Speed (Arterial),Yes,38.69907778,-76.86880278,Complex/Circle,Dark - Unknown Lighting,Clear,Unknown,Unknown,Unknown EMS Scene Arrival Hour,Unknown EMS Scene Arrival Minutes,Unknown,Unknown EMS Hospital Arrival Time,1,Dark - Unlighted,Clear,1,3,['Driver'],['Shoulder_Lapbelt'],0,0,Valid,0.0,0.0,39.0,38.0,"['Male', 'Male']",0,0,2,4,5,Dry,Straight,Level,Lowest,No
16981,24,Maryland,240133,1,1,1,0,2,NOT APPLICABLE,March,26,Sunday,2,35,Urban,High Speed (Arterial),Yes,39.01986944,-76.95964167,Non-Intersection,Dark - Not Lighted,Clear,Unknown,Unknown,Unknown EMS Scene Arrival Hour,Unknown EMS Scene Arrival Minutes,Not Applicable (Not Transported),Not Applicable (Not Transported),1,Dark - Unlighted,Clear,0,2,[],[],0,0,Valid,0.0,0.0,29.0,29.0,['Female'],0,0,2,4,4,Dry,Straight,Grade/Hillcrest,Lowest,No
16982,24,Maryland,240134,0,1,1,0,1,NOT APPLICABLE,April,30,Sunday,23,40,Urban,Medium Speed (Collector),No,38.42386944,-75.46670278,Simple Junction,Dark - Not Lighted,Rain,Unknown,Unknown,Unknown EMS Scene Arrival Hour,Unknown EMS Scene Arrival Minutes,Not Applicable (Not Transported),Not Applicable (Not Transported),1,Dark - Unlighted,Rain/Wind/Minor,1,0,['Driver'],['None_Used'],0,0,Valid,0.0,0.0,52.0,52.0,['Male'],0,0,2,4,3,Wet/Standing Water,Straight,Level,Lowest,No
16983,24,Maryland,240135,0,1,1,0,1,NOT APPLICABLE,May,5,Friday,22,55,Urban,High Speed (Arterial),Yes,39.65131389,-77.87748889,Non-Intersection,Dark - Not Lighted,Clear,Unknown,Unknown,Unknown EMS Scene Arrival Hour,Unknown EMS Scene Arrival Minutes,Unknown,Unknown EMS Hospital Arrival Time,1,Dark - Unlighted,Clear,1,0,['Driver'],['Shoulder_Lapbelt'],0,0,Valid,0.0,0.0,27.0,27.0,['Male'],0,0,2,4,3,Dry,Straight,Level,Lowest,No
16984,24,Maryland,240136,0,2,2,0,4,NOT APPLICABLE,May,7,Sunday,16,29,Urban,Medium Speed (Collector),No,39.56799444,-78.66135,Non-Intersection,Daylight,Rain,Unknown,Unknown,Unknown EMS Scene Arrival Hour,Unknown EMS Scene Arrival Minutes,Unknown,Unknown EMS Hospital Arrival Time,2,Daylight,Rain/Wind/Minor,2,2,"['Driver', 'Front_Passenger']","['None_Used', 'Shoulder_Lapbelt']",0,0,Valid,0.0,0.0,33.0,21.0,"['Male', 'Male']",2,0,3,4,5,Wet/Standing Water,Curve,Grade/Hillcrest,Lowest,No
16985,24,Maryland,240137,0,2,2,0,2,NOT APPLICABLE,April,26,Wednesday,17,45,Urban,Medium Speed (Collector),No,39.5987,-76.50196111,Non-Intersection,Daylight,Clear,Unknown,Unknown,Unknown EMS Scene Arrival Hour,Unknown EMS Scene Arrival Minutes,Unknown,Unknown EMS Hospital Arrival Time,1,Daylight,Clear,1,1,['Driver'],['None_Used'],0,0,Valid,0.0,0.0,59.0,29.0,"['Male', 'Male']",0,0,5,4,5,Dry,Straight,Non-Trafficway,Lowest,No
16986,24,Maryland,240138,1,1,1,0,3,NOT APPLICABLE,May,6,Saturday,21,50,Urban,High Speed (Arterial),Yes,39.02253056,-76.473725,Non-Intersection,Dark - Lighted,Clear,Unknown,Unknown,Unknown EMS Scene Arrival Hour,Unknown EMS Scene Arrival Minutes,Not Applicable (Not Transported),Not Applicable (Not Transported),1,Dark - Lighted,Clear,0,3,[],[],0,0,Valid,0.0,0.0,43.0,43.0,['Male'],0,0,3,3,4,Dry,Straight,Grade/Hillcrest,Lowest,No
16987,24,Maryland,240139,0,1,1,0,1,NOT APPLICABLE,May,5,Friday,2,8,Urban,Medium Speed (Collector),No,39.07066944,-76.70881111,Non-Intersection,Dark - Lighted,Clear,Unknown,Unknown,Unknown EMS Scene Arrival Hour,Unknown EMS Scene Arrival Minutes,Unknown,Unknown EMS Hospital Arrival Time,1,Dark - Lighted,Clear,1,0,['Driver'],['Shoulder_Lapbelt'],1,1,Valid,0.0,0.0,21.0,21.0,['Male'],1,0,2,4,2,Dry,Curve,Grade/Hillcrest,Lowest,No
16988,24,Maryland,240140,0,1,1,0,1,NOT APPLICABLE,May,9,Tuesday,0,37,Urban,Medium Speed (Collector),No,39.15378333,-77.24949444,Non-Intersection,Dark - Not Lighted,Rain,Unknown,Unknown,Unknown EMS Scene Arrival Hour,Unknown EMS Scene Arrival Minutes,Not Applicable (Not Transported),Not Applicable (Not Transported),1,Dark - Unlighted,Rain/Wind/Minor,1,0,['Driver'],['Shoulder_Lapbelt'],0,0,Valid,0.0,0.0,19.0,19.0,['Male'],1,0,3,4,3,Wet/Standing Water,Curve,Level,Lowest,No
16989,24,Maryland,240141,0,1,1,0,1,NOT APPLICABLE,May,9,Tuesday,13,47,Urban,Medium Speed (Collector),No,39.62756111,-75.85629444,Non-Intersection,Daylight,Cloudy,Unknown,Unknown,Unknown EMS Scene Arrival Hour,Unknown EMS Scene Arrival Minutes,Unknown,Unknown EMS Hospital Arrival Time,1,Daylight,Reduced Visibility,1,0,['Driver'],['Shoulder_Lapbelt'],0,0,Valid,0.0,0.0,84.0,84.0,['Male'],0,0,3,4,3,Wet/Standing Water,Straight,Level,Lowest,No
16990,24,Maryland,240142,1,2,2,0,5,NOT APPLICABLE,February,8,Wednesday,20,54,Urban,High Speed (Arterial),Yes,39.31225833,-76.59172222,Complex/Circle,Dark - Lighted,Clear,Unknown,Unknown,Unknown EMS Scene Arrival Hour,Unknown EMS Scene Arrival Minutes,Unknown,Unknown EMS Hospital Arrival Time,1,Dark - Lighted,Clear,0,5,[],[],0,0,Valid,0.0,0.0,59.0,33.0,"['Female', 'Male']",2,0,2,4,5,Dry,Straight,Level,Lowest,No
16991,24,Maryland,240143,1,1,1,0,1,NOT APPLICABLE,May,9,Tuesday,20,53,Urban,Low Speed (Local),No,39.17152778,-77.26317778,Non-Intersection,Dark - Lighted,Clear,Unknown,Unknown,Unknown EMS Scene Arrival Hour,Unknown EMS Scene Arrival Minutes,Unknown,Unknown EMS Hospital Arrival Time,1,Dark - Lighted,Clear,0,1,[],[],0,0,Valid,0.0,0.0,17.0,17.0,['Male'],0,0,2,3,4,Dry,Straight,Level,Lowest,No
16992,24,Maryland,240144,0,1,1,0,1,NOT APPLICABLE,February,26,Sunday,13,54,Urban,Medium Speed (Collector),No,39.40201389,-76.78325556,Complex/Circle,Daylight,Clear,Unknown,Unknown,Unknown EMS Scene Arrival Hour,Unknown EMS Scene Arrival Minutes,Unknown,Unknown EMS Hospital Arrival Time,1,Daylight,Clear,1,0,['Driver'],['Shoulder_Lapbelt'],0,0,Valid,0.0,0.0,57.0,57.0,['Female'],0,0,3,4,3,Dry,Straight,Level,Medium,No
16993,24,Maryland,240145,0,1,1,0,1,NOT APPLICABLE,March,26,Sunday,2,10,Urban,Medium Speed (Collector),No,39.33852778,-76.66647778,Non-Intersection,Dark - Lighted,Clear,Unknown,Unknown,Unknown EMS Scene Arrival Hour,Unknown EMS Scene Arrival Minutes,Unknown,Unknown EMS Hospital Arrival Time,1,Dark - Lighted,Clear,1,0,['Driver'],['None_Used'],1,1,Valid,0.0,0.0,53.0,53.0,['Male'],0,0,2,3,3,Dry,Straight,Level,Lowest,No
16994,24,Maryland,240146,0,2,2,0,5,NOT APPLICABLE,May,2,Tuesday,12,51,Urban,High Speed (Arterial),Yes,38.81028611,-76.91000556,Non-Intersection,Daylight,Clear,Unknown,Unknown,Unknown EMS Scene Arrival Hour,Unknown EMS Scene Arrival Minutes,Unknown,Unknown EMS Hospital Arrival Time,1,Daylight,Clear,1,4,['Front_Passenger'],['None_Used'],0,0,Invalid,0.0,0.0,68.0,34.0,"['Male', 'Male']",2,0,3,4,5,Dry,Straight,Level,Lowest,No
16995,24,Maryland,240147,0,2,2,0,2,NOT APPLICABLE,May,7,Sunday,22,29,Urban,Medium Speed (Collector),No,39.63621944,-76.55528611,Non-Intersection,Dark - Not Lighted,Clear,Unknown,Unknown,Unknown EMS Scene Arrival Hour,Unknown EMS Scene Arrival Minutes,Unknown,Unknown EMS Hospital Arrival Time,1,Dark - Unlighted,Clear,1,1,['Driver'],['Shoulder_Lapbelt'],1,1,Valid,0.0,0.0,80.0,30.0,"['Male', 'Female']",0,0,3,4,5,Dry,Curve,Level,Lowest,No
16996,24,Maryland,240148,0,1,1,0,1,NOT APPLICABLE,May,12,Friday,16,18,Urban,Medium Speed (Collector),No,39.54937222,-78.99631111,Non-Intersection,Daylight,Clear,Unknown,Unknown,Unknown EMS Scene Arrival Hour,Unknown EMS Scene Arrival Minutes,Not Applicable (Not Transported),Not Applicable (Not Transported),1,Daylight,Clear,1,0,['Driver'],['None_Used'],0,0,Valid,0.0,0.0,40.0,40.0,['Male'],0,0,2,4,3,Dry,Straight,Level,Lowest,No
16997,24,Maryland,240149,0,2,2,0,2,NOT APPLICABLE,May,14,Sunday,13,40,Urban,Medium Speed (Collector),No,39.29663056,-77.31759167,Simple Junction,Daylight,Clear,Unknown,Unknown,Unknown EMS Scene Arrival Hour,Unknown EMS Scene Arrival Minutes,Not Applicable (Not Transported),Not Applicable (Not Transported),1,Daylight,Clear,1,1,['Driver'],['None_Used'],0,0,Valid,0.0,0.0,62.0,21.0,"['Male', 'Male']",0,0,5,4,5,Dry,Straight,Grade/Hillcrest,Lowest,No
16998,24,Maryland,240150,0,1,1,0,2,NOT APPLICABLE,May,16,Tuesday,16,29,Urban,High Speed (Arterial),Yes,39.6957,-79.13726944,Non-Intersection,Daylight,Rain,Unknown,Unknown,Unknown EMS Scene Arrival Hour,Unknown EMS Scene Arrival Minutes,Unknown,Unknown EMS Hospital Arrival Time,2,Daylight,Rain/Wind/Minor,2,0,"['Driver', 'Front_Passenger']","['Shoulder_Lapbelt', 'Shoulder_Lapbelt']",0,0,Valid,0.0,0.0,44.0,44.0,['Male'],0,0,4,4,3,Wet/Standing Water,Straight,Grade/Hillcrest,Lowest,No
16999,24,Maryland,240151,1,1,1,0,1,NOT APPLICABLE,May,1,Monday,9,22,Urban,Medium Speed (Collector),No,38.36871111,-75.15808333,Simple Junction,Daylight,Clear,Unknown,Unknown,Unknown EMS Scene Arrival Hour,Unknown EMS Scene Arrival Minutes,Unknown,Unknown if Transported,1,Daylight,Clear,0,1,[],[],0,0,Invalid,0.0,0.0,30.0,30.0,['Female'],0,0,2,3,4,Dry,Curve,Level,Lowest,No
17000,24,Maryland,240152,0,2,2,0,2,NOT APPLICABLE,May,12,Friday,4,48,Urban,Medium Speed (Collector),No,39.63331389,-77.45138333,Non-Intersection,Dark - Not Lighted,Clear,Unknown,Unknown,Unknown EMS Scene Arrival Hour,Unknown EMS Scene Arrival Minutes,Not Applicable (Not Transported),Not Applicable (Not Transported),1,Dark - Unlighted,Clear,1,1,['Driver'],['Shoulder_Lapbelt'],0,0,Valid,0.0,2.0,28.0,25.0,"['Male', 'Male']",0,0,3,4,5,Dry,Curve,Grade/Hillcrest,Lowest,No
17001,24,Maryland,240153,0,1,1,0,1,NOT APPLICABLE,May,20,Saturday,0,19,Urban,Medium Speed (Collector),No,38.71604167,-76.08970833,Non-Intersection,Dark - Not Lighted,Clear,Unknown,Unknown,Unknown EMS Scene Arrival Hour,Unknown EMS Scene Arrival Minutes,Not Applicable (Not Transported),Not Applicable (Not Transported),1,Dark - Unlighted,Clear,1,0,['Driver'],['None_Used'],1,1,Valid,0.0,0.0,23.0,23.0,['Male'],1,0,3,4,3,Dry,Curve,Level,Lowest,No