,State_Code,State_Name,Crash_ID,Count_Non_Motorists,Count_Vehicles_Total,Count_Vehicle_Forms,Count_PVH_Involved,Count_Occupants_MV,City_Name,Month_Name,Day_of_Month,Day_of_Week,Crash_Hour,Crash_Minute,Area_Rural_Urban,Road_Functional_Class,On_NHS_Road,Latitude,Longitude,Intersection_Type,Light_Condition,Weather_Condition,Notif_Hour,Notif_Minute,Arrival_Hour,Arrival_Minute,Hospital_Hour,Hospital_Minute,Fatalities_Count,Clean_Light_Condition,Clean_Weather_Condition,Total_Killed,Total_Alive,Fatal_Seats_List,Killed_Restraint_List,Any_Driver_Drinking,Total_Drinking_Drivers,Driver_License_Category,Driver_Max_Prev_Accident_Count,Driver_Max_Prev_Speeding_Count,Max_Driver_Age,Min_Driver_Age,Driver_Sex_List,Total_Exceeding_Limit_Vehicles,Total_Too_Fast_Vehicles,Max_Vehicle_Type_Severity_5,Max_Vehicle_Damage_Rank,Max_Harmful_Event_Severity,Crash_Road_Surface_Condition,Crash_Horizontal_Alignment,Crash_Vertical_Profile,Crash_Impairment_Category,Crash_Vehicle_Defect
17002,24,Maryland,240154,0,2,2,0,4,NOT APPLICABLE,May,22,Monday,9,1,Urban,Medium Speed (Collector),No,38.92362222,-75.95895833,Complex/Circle,Daylight,Clear,Unknown,Unknown,Unknown EMS Scene Arrival Hour,Unknown EMS Scene Arrival Minutes,Unknown,Unknown EMS Hospital Arrival Time,1,Daylight,Clear,1,3,['Driver'],['Shoulder_Lapbelt'],0,0,Valid,0.0,0.0,53.0,43.0,"['Male', 'Male']",1,0,4,4,5,Dry,Straight,Level,Lowest,No
17003,24,Maryland,240155,0,2,2,0,2,NOT APPLICABLE,May,22,Monday,21,8,Urban,High Speed (Arterial),Yes,39.55508889,-76.28655,Complex/Circle,Dark - Not Lighted,Clear,Unknown,Unknown,Unknown EMS Scene Arrival Hour,Unknown EMS Scene Arrival Minutes,Not Applicable (Not Transported),Not Applicable (Not Transported),1,Dark - Unlighted,Clear,1,1,['Driver'],['None_Used'],0,0,Valid,0.0,0.0,43.0,37.0,"['Male', 'Male']",0,0,5,4,5,Dry,Straight,Level,Lowest,No
17004,24,Maryland,240156,0,2,2,0,5,NOT APPLICABLE,May,3,Wednesday,12,38,Urban,High Speed (Arterial),Yes,39.27310833,-76.5541,Non-Intersection,Daylight,Clear,Unknown,Unknown,Unknown EMS Scene Arrival Hour,Unknown EMS Scene Arrival Minutes,Unknown,Unknown EMS Hospital Arrival Time,1,Daylight,Clear,1,4,['Driver'],['Shoulder_Lapbelt'],0,0,Valid,0.0,0.0,88.0,45.0,"['Male', 'Male']",3,0,3,4,5,Dry,Straight,Level,Lowest,Yes
17005,24,Maryland,240157,0,1,1,0,1,NOT APPLICABLE,May,21,Sunday,15,4,Urban,Medium Speed (Collector),No,39.1531,-77.14185833,Non-Intersection,Daylight,Clear,Unknown,Unknown,Unknown EMS Scene Arrival Hour,Unknown EMS Scene Arrival Minutes,Not Applicable (Not Transported),Not Applicable (Not Transported),1,Daylight,Clear,1,0,['Driver'],['None_Used'],1,1,Valid,0.0,0.0,45.0,45.0,['Male'],0,0,5,4,3,Dry,Curve,Level,Lowest,No
17006,24,Maryland,240158,1,1,1,0,1,NOT APPLICABLE,May,21,Sunday,5,4,Urban,High Speed (Arterial),No,39.04515833,-77.06532778,Complex/Circle,Dark - Lighted,Clear,Unknown,Unknown,Unknown EMS Scene Arrival Hour,Unknown EMS Scene Arrival Minutes,Unknown,Unknown EMS Hospital Arrival Time,1,Dark - Lighted,Clear,0,1,[],[],0,0,Valid,0.0,0.0,57.0,57.0,['Female'],0,0,3,3,4,Dry,Straight,Grade/Hillcrest,Lowest,No
17007,24,Maryland,240159,0,1,1,0,2,NOT APPLICABLE,May,21,Sunday,23,33,Rural,Medium Speed (Collector),No,39.66578889,-77.01503333,Non-Intersection,Dark - Not Lighted,Clear,Unknown,Unknown,Unknown EMS Scene Arrival Hour,Unknown EMS Scene Arrival Minutes,Unknown,Unknown EMS Hospital Arrival Time,1,Dark - Unlighted,Clear,1,1,['Front_Passenger'],['None_Used'],1,1,Invalid,0.0,0.0,27.0,27.0,['Female'],0,0,2,4,2,Dry,Curve,Grade/Hillcrest,Lowest,No
17008,24,Maryland,240160,0,1,1,0,1,NOT APPLICABLE,May,23,Tuesday,5,37,Urban,High Speed (Arterial),Yes,39.63932222,-75.79290278,Non-Intersection,Dawn,Cloudy,Unknown,Unknown,Unknown EMS Scene Arrival Hour,Unknown EMS Scene Arrival Minutes,Not Applicable (Not Transported),Not Applicable (Not Transported),1,Twilight,Reduced Visibility,1,0,['Driver'],['Shoulder_Lapbelt'],0,0,Valid,0.0,0.0,55.0,55.0,['Male'],0,0,4,4,3,Dry,Straight,Level,Medium,No
17009,24,Maryland,240161,0,3,3,0,4,NOT APPLICABLE,May,20,Saturday,5,24,Urban,High Speed (Arterial),Yes,39.07761944,-77.16855833,Non-Intersection,Dawn,Cloudy,Unknown,Unknown,Unknown EMS Scene Arrival Hour,Unknown EMS Scene Arrival Minutes,Unknown,Unknown EMS Hospital Arrival Time,1,Twilight,Reduced Visibility,1,3,['Driver'],['None_Used'],1,1,Invalid,0.0,0.0,37.0,25.0,"['Male', 'Male', 'Male']",1,0,3,4,5,Dry,Curve,Level,Lowest,Yes
17010,24,Maryland,240162,0,1,1,0,1,NOT APPLICABLE,May,11,Thursday,20,0,Urban,Medium Speed (Collector),No,38.60750833,-76.56580833,Non-Intersection,Dark - Not Lighted,Not Reported,Unknown,Unknown,Unknown EMS Scene Arrival Hour,Unknown EMS Scene Arrival Minutes,Not Applicable (Not Transported),Not Applicable (Not Transported),1,Dark - Unlighted,Clear,1,0,['Driver'],['None_Used'],0,0,Valid,0.0,0.0,25.0,25.0,['Male'],0,0,5,4,3,Dry,Curve,Grade/Hillcrest,Lowest,No
17011,24,Maryland,240163,0,2,2,0,3,NOT APPLICABLE,May,19,Friday,23,17,Urban,High Speed (Arterial),Yes,39.66958056,-78.70400833,Non-Intersection,Dark - Lighted,Clear,Unknown,Unknown,Unknown EMS Scene Arrival Hour,Unknown EMS Scene Arrival Minutes,Unknown,Unknown EMS Hospital Arrival Time,1,Dark - Lighted,Clear,1,2,['Driver'],['None_Used'],1,1,Valid,0.0,0.0,70.0,51.0,"['Female', 'Male']",0,0,3,4,5,Dry,Straight,Level,Lowest,No
17012,24,Maryland,240164,1,2,2,0,2,NOT APPLICABLE,May,21,Sunday,7,51,Urban,High Speed (Arterial),Yes,39.06830556,-77.15886944,Non-Intersection,Daylight,Clear,Unknown,Unknown,Unknown EMS Scene Arrival Hour,Unknown EMS Scene Arrival Minutes,Not Applicable (Not Transported),Not Applicable (Not Transported),1,Daylight,Clear,0,2,[],[],0,0,Valid,0.0,0.0,47.0,44.0,"['Male', 'Male']",0,0,3,3,4,Dry,Straight,Level,Lowest,No
17013,24,Maryland,240165,1,1,1,0,1,NOT APPLICABLE,May,8,Monday,21,0,Urban,High Speed (Arterial),Yes,38.80473611,-76.97771944,Non-Intersection,Dark - Lighted,Clear,Unknown,Unknown,Unknown EMS Scene Arrival Hour,Unknown EMS Scene Arrival Minutes,Not Applicable (Not Transported),Not Applicable (Not Transported),1,Dark - Lighted,Clear,0,1,[],[],0,0,Valid,0.0,0.0,31.0,31.0,['Male'],0,0,2,3,4,Dry,Straight,Grade/Hillcrest,Lowest,No
17014,24,Maryland,240166,0,2,2,0,2,NOT APPLICABLE,May,12,Friday,3,53,Urban,High Speed (Arterial),Yes,38.80383611,-76.98598333,Non-Intersection,Dark - Lighted,Clear,Unknown,Unknown,Unknown EMS Scene Arrival Hour,Unknown EMS Scene Arrival Minutes,Unknown,Unknown EMS Hospital Arrival Time,1,Dark - Lighted,Clear,1,1,['Driver'],['Shoulder_Lapbelt'],1,1,Valid,0.0,0.0,40.0,31.0,"['Male', 'Male']",1,0,4,4,5,Dry,Straight,Level,Lowest,No
17015,24,Maryland,240167,0,2,2,0,2,NOT APPLICABLE,May,21,Sunday,20,52,Urban,Medium Speed (Collector),No,39.43126944,-75.91468333,Non-Intersection,Dark - Not Lighted,Clear,Unknown,Unknown,Unknown EMS Scene Arrival Hour,Unknown EMS Scene Arrival Minutes,Not Applicable (Not Transported),Not Applicable (Not Transported),1,Dark - Unlighted,Clear,1,1,['Driver'],['None_Used'],0,0,Valid,0.0,0.0,63.0,22.0,"['Male', 'Male']",0,0,3,4,2,Dry,Straight,Level,Lowest,No
17016,24,Maryland,240168,1,4,1,3,2,NOT APPLICABLE,May,28,Sunday,12,44,Urban,Medium Speed (Collector),No,38.89083056,-76.89120833,Non-Intersection,Daylight,Clear,Unknown,Unknown,Unknown EMS Scene Arrival Hour,Unknown EMS Scene Arrival Minutes,Unknown,Unknown EMS Hospital Arrival Time,1,Daylight,Clear,0,2,[],[],0,0,Invalid,0.0,0.0,998.0,998.0,['Other'],0,0,3,4,5,Dry,Straight,Grade/Hillcrest,Lowest,No
17017,24,Maryland,240169,0,4,4,0,9,NOT APPLICABLE,May,13,Saturday,3,43,Urban,Medium Speed (Collector),No,38.43865833,-75.396725,Non-Intersection,Dark - Unknown Lighting,Clear,Unknown,Unknown,Unknown EMS Scene Arrival Hour,Unknown EMS Scene Arrival Minutes,Unknown,Unknown EMS Hospital Arrival Time,1,Dark - Unlighted,Clear,1,8,['Driver'],['None_Used'],0,0,Invalid,0.0,0.0,61.0,37.0,"['Male', 'Female', 'Female', 'Male']",0,0,3,4,5,Dry,Straight,Level,Lowest,No
17018,24,Maryland,240170,0,1,1,0,1,NOT APPLICABLE,May,27,Saturday,19,38,Rural,Low Speed (Local),No,39.32395833,-77.51429722,Non-Intersection,Daylight,Clear,Unknown,Unknown,Unknown EMS Scene Arrival Hour,Unknown EMS Scene Arrival Minutes,Not Applicable (Not Transported),Not Applicable (Not Transported),1,Daylight,Clear,1,0,['Driver'],['Shoulder_Lapbelt'],1,1,Valid,0.0,0.0,28.0,28.0,['Female'],1,0,1,4,3,Dry,Curve,Level,Lowest,No
17019,24,Maryland,240171,0,1,1,0,1,NOT APPLICABLE,May,30,Tuesday,9,3,Urban,High Speed (Arterial),Yes,39.26518333,-76.46153611,Non-Intersection,Daylight,Clear,Unknown,Unknown,Unknown EMS Scene Arrival Hour,Unknown EMS Scene Arrival Minutes,Not Applicable (Not Transported),Not Applicable (Not Transported),1,Daylight,Clear,1,0,['Driver'],['Shoulder_Lapbelt'],0,0,Valid,0.0,0.0,59.0,59.0,['Male'],0,0,3,4,3,Dry,Straight,Level,Lowest,No
17020,24,Maryland,240172,0,2,2,0,3,NOT APPLICABLE,April,29,Saturday,3,32,Urban,High Speed (Arterial),Yes,38.94920278,-76.84016389,Complex/Circle,Dark - Lighted,Rain,Unknown,Unknown,Unknown EMS Scene Arrival Hour,Unknown EMS Scene Arrival Minutes,Unknown,Unknown EMS Hospital Arrival Time,1,Dark - Lighted,Rain/Wind/Minor,1,2,['Driver'],['Shoulder_Lapbelt'],1,1,Valid,0.0,0.0,64.0,36.0,"['Female', 'Male']",2,0,3,4,5,Wet/Standing Water,Straight,Level,Lowest,No
17021,24,Maryland,240173,0,2,2,0,3,NOT APPLICABLE,May,21,Sunday,21,33,Urban,High Speed (Arterial),No,38.86202778,-76.56149722,Non-Intersection,Dark - Not Lighted,Cloudy,Unknown,Unknown,Unknown EMS Scene Arrival Hour,Unknown EMS Scene Arrival Minutes,Not Applicable (Not Transported),Not Applicable (Not Transported),1,Dark - Unlighted,Reduced Visibility,1,2,['Driver'],['None_Used'],1,1,Valid,0.0,0.0,46.0,34.0,"['Female', 'Male']",0,0,5,4,5,Dry,Straight,Grade/Hillcrest,Lowest,No
17022,24,Maryland,240174,1,1,1,0,2,NOT APPLICABLE,March,15,Wednesday,1,45,Urban,High Speed (Arterial),Yes,39.31914444,-76.51148056,Non-Intersection,Dark - Lighted,Clear,Unknown,Unknown,Unknown EMS Scene Arrival Hour,Unknown EMS Scene Arrival Minutes,Unknown,Unknown EMS Hospital Arrival Time,1,Dark - Lighted,Clear,0,2,[],[],0,0,Valid,0.0,0.0,42.0,42.0,['Male'],0,0,2,4,4,Dry,Straight,Level,Lowest,No
17023,24,Maryland,240175,1,1,1,0,1,BALTIMORE,January,25,Wednesday,8,42,Urban,High Speed (Arterial),Yes,39.31003611,-76.64390833,Non-Intersection,Daylight,Clear,Unknown,Unknown,Unknown EMS Scene Arrival Hour,Unknown EMS Scene Arrival Minutes,Unknown,Unknown EMS Hospital Arrival Time,1,Daylight,Clear,0,1,[],[],0,0,Invalid,0.0,0.0,998.0,998.0,['Other'],0,0,1,2,4,Dry,Straight,Level,Lowest,No
17024,24,Maryland,240176,1,1,1,0,1,NOT APPLICABLE,May,4,Thursday,16,3,Urban,High Speed (Arterial),No,38.92682222,-76.5685,Complex/Circle,Daylight,Clear,Unknown,Unknown,Unknown EMS Scene Arrival Hour,Unknown EMS Scene Arrival Minutes,Unknown,Unknown EMS Hospital Arrival Time,1,Daylight,Clear,0,1,[],[],0,0,Valid,0.0,0.0,58.0,58.0,['Male'],0,0,3,4,4,Dry,Straight,Level,Lowest,No
17025,24,Maryland,240178,1,3,1,2,1,NOT APPLICABLE,June,3,Saturday,6,46,Urban,High Speed (Arterial),Yes,39.64084722,-77.71777222,Complex/Circle,Daylight,Clear,Unknown,Unknown,Unknown EMS Scene Arrival Hour,Unknown EMS Scene Arrival Minutes,Not Applicable (Not Transported),Not Applicable (Not Transported),1,Daylight,Clear,0,1,[],[],0,0,Valid,0.0,0.0,48.0,48.0,['Female'],0,0,3,3,4,Dry,Straight,Level,Lowest,No
17026,24,Maryland,240179,0,2,2,0,3,NOT APPLICABLE,February,23,Thursday,10,52,Urban,High Speed (Arterial),No,39.40906667,-76.60848056,Non-Intersection,Daylight,Clear,Unknown,Unknown,Unknown EMS Scene Arrival Hour,Unknown EMS Scene Arrival Minutes,Unknown,Unknown EMS Hospital Arrival Time,1,Daylight,Clear,1,2,['Driver'],['Shoulder_Lapbelt'],0,0,Valid,0.0,0.0,78.0,22.0,"['Male', 'Male']",0,0,3,4,5,Dry,Straight,Non-Trafficway,Lowest,No
17027,24,Maryland,240180,0,2,2,0,2,NOT APPLICABLE,May,26,Friday,2,56,Urban,High Speed (Arterial),Yes,38.78033056,-76.89121944,Non-Intersection,Dark - Lighted,Clear,Unknown,Unknown,Unknown EMS Scene Arrival Hour,Unknown EMS Scene Arrival Minutes,Not Applicable (Not Transported),Not Applicable (Not Transported),1,Dark - Lighted,Clear,1,1,['Driver'],['Shoulder_Lapbelt'],1,1,Valid,0.0,0.0,58.0,24.0,"['Male', 'Male']",1,0,4,4,5,Dry,Curve,Grade/Hillcrest,Lowest,No
17028,24,Maryland,240181,0,2,2,0,2,NOT APPLICABLE,May,31,Wednesday,22,56,Urban,High Speed (Arterial),No,39.45299722,-77.36894444,Complex/Circle,Dark - Lighted,Clear,Unknown,Unknown,Unknown EMS Scene Arrival Hour,Unknown EMS Scene Arrival Minutes,Unknown,Unknown EMS Hospital Arrival Time,1,Dark - Lighted,Clear,1,1,['Driver'],['None_Used'],1,1,Valid,0.0,1.0,45.0,39.0,"['Male', 'Female']",0,0,5,4,5,Dry,Straight,Level,Lowest,No
17029,24,Maryland,240182,0,3,3,0,3,NOT APPLICABLE,May,31,Wednesday,13,44,Urban,High Speed (Arterial),Yes,38.41139444,-76.67855556,Non-Intersection,Daylight,Clear,Unknown,Unknown,Unknown EMS Scene Arrival Hour,Unknown EMS Scene Arrival Minutes,Unknown,Unknown EMS Hospital Arrival Time,1,Daylight,Clear,1,2,['Driver'],['None_Used'],0,0,Valid,0.0,1.0,50.0,33.0,"['Male', 'Male', 'Female']",1,0,3,4,5,Dry,Straight,Grade/Hillcrest,Lowest,No
17030,24,Maryland,240183,0,2,2,0,4,NOT APPLICABLE,June,1,Thursday,2,22,Urban,High Speed (Arterial),Yes,39.14805278,-76.75184167,Non-Intersection,Dark - Not Lighted,Clear,Unknown,Unknown,Unknown EMS Scene Arrival Hour,Unknown EMS Scene Arrival Minutes,Unknown,Unknown EMS Hospital Arrival Time,1,Dark - Unlighted,Clear,1,3,['Driver'],['Shoulder_Lapbelt'],1,1,Valid,0.0,0.0,62.0,33.0,"['Female', 'Female']",0,0,3,4,5,Dry,Straight,Level,Lowest,No
17031,24,Maryland,240184,0,1,1,0,1,NOT APPLICABLE,June,2,Friday,18,5,Urban,Medium Speed (Collector),No,39.05199444,-76.92462778,Non-Intersection,Daylight,Clear,Unknown,Unknown,Unknown EMS Scene Arrival Hour,Unknown EMS Scene Arrival Minutes,Not Applicable (Not Transported),Not Applicable (Not Transported),1,Daylight,Clear,1,0,['Driver'],['None_Used'],0,0,Valid,0.0,0.0,43.0,43.0,['Male'],1,0,5,4,2,Dry,Straight,Grade/Hillcrest,Lowest,No
17032,24,Maryland,240185,0,1,1,0,1,NOT APPLICABLE,June,2,Friday,6,53,Urban,Medium Speed (Collector),No,38.82468889,-76.92024722,Non-Intersection,Daylight,Clear,Unknown,Unknown,Unknown EMS Scene Arrival Hour,Unknown EMS Scene Arrival Minutes,Not Applicable (Not Transported),Not Applicable (Not Transported),1,Daylight,Clear,1,0,['Driver'],['None_Used'],0,0,Valid,0.0,0.0,18.0,18.0,['Female'],0,0,2,4,3,Dry,Curve,Level,Lowest,No
17033,24,Maryland,240186,0,2,2,0,3,NOT APPLICABLE,June,4,Sunday,15,51,Rural,Medium Speed (Collector),No,39.29551667,-77.41138889,Non-Intersection,Daylight,Clear,Unknown,Unknown,Unknown EMS Scene Arrival Hour,Unknown EMS Scene Arrival Minutes,Unknown,Unknown EMS Hospital Arrival Time,1,Daylight,Clear,1,2,['Driver'],['None_Used'],0,0,Valid,0.0,0.0,87.0,39.0,"['Male', 'Male']",1,0,5,4,5,Dry,Curve,Grade/Hillcrest,Lowest,No
17034,24,Maryland,240187,0,2,2,0,2,NOT APPLICABLE,June,7,Wednesday,22,48,Urban,High Speed (Arterial),Yes,39.48973333,-76.87326667,Simple Junction,Dark - Lighted,Clear,Unknown,Unknown,Unknown EMS Scene Arrival Hour,Unknown EMS Scene Arrival Minutes,Unknown,Unknown EMS Hospital Arrival Time,1,Dark - Lighted,Clear,1,1,['Driver'],['Shoulder_Lapbelt'],1,1,Valid,0.0,1.0,40.0,33.0,"['Male', 'Male']",0,0,4,4,5,Dry,Straight,Grade/Hillcrest,Lowest,No
17035,24,Maryland,240188,0,2,2,0,4,NOT APPLICABLE,June,8,Thursday,18,3,Urban,High Speed (Arterial),Yes,39.46143889,-76.29913889,Non-Intersection,Daylight,Cloudy,Unknown,Unknown,Unknown EMS Scene Arrival Hour,Unknown EMS Scene Arrival Minutes,Unknown,Unknown EMS Hospital Arrival Time,2,Daylight,Reduced Visibility,2,2,"['Driver', 'Driver']","['None_Used', 'Shoulder_Lapbelt']",1,1,Valid,0.0,0.0,64.0,45.0,"['Male', 'Male']",0,0,3,4,5,Dry,Straight,Level,Lowest,No
17036,24,Maryland,240189,0,1,1,0,3,NOT APPLICABLE,June,3,Saturday,21,30,Rural,Low Speed (Local),No,39.53774722,-77.17355278,Simple Junction,Dark - Not Lighted,Clear,Unknown,Unknown,Unknown EMS Scene Arrival Hour,Unknown EMS Scene Arrival Minutes,Not Applicable (Not Transported),Not Applicable (Not Transported),3,Dark - Unlighted,Clear,3,0,"['Driver', 'Rear_Seat', 'Front_Passenger']","['Shoulder_Lapbelt', 'None_Used', 'Shoulder_Lapbelt']",1,1,Valid,0.0,0.0,23.0,23.0,['Female'],3,0,2,4,3,Dry,Straight,Grade/Hillcrest,Lowest,No
17037,24,Maryland,240190,0,2,2,0,3,NOT APPLICABLE,June,10,Saturday,23,22,Urban,High Speed (Arterial),Yes,38.78241389,-76.66336111,Non-Intersection,Dark - Not Lighted,Clear,Unknown,Unknown,Unknown EMS Scene Arrival Hour,Unknown EMS Scene Arrival Minutes,Unknown,Unknown EMS Hospital Arrival Time,1,Dark - Unlighted,Clear,1,2,['Driver'],['Shoulder_Lapbelt'],1,1,Valid,0.0,0.0,28.0,23.0,"['Male', 'Male']",1,0,2,4,5,Dry,Straight,Grade/Hillcrest,Lowest,No
17038,24,Maryland,240191,0,1,1,0,1,NOT APPLICABLE,June,5,Monday,18,34,Urban,Medium Speed (Collector),No,39.61235278,-76.53118056,Non-Intersection,Daylight,Cloudy,Unknown,Unknown,Unknown EMS Scene Arrival Hour,Unknown EMS Scene Arrival Minutes,Not Applicable (Not Transported),Not Applicable (Not Transported),1,Daylight,Reduced Visibility,1,0,['Driver'],['None_Used'],1,1,Valid,0.0,0.0,41.0,41.0,['Male'],0,0,5,4,3,Dry,Curve,Level,Lowest,No
17039,24,Maryland,240192,1,1,1,0,1,NOT APPLICABLE,February,20,Monday,22,14,Urban,High Speed (Arterial),No,39.38833889,-76.73826667,Non-Intersection,Dark - Not Lighted,Not Reported,Unknown,Unknown,Unknown EMS Scene Arrival Hour,Unknown EMS Scene Arrival Minutes,Not Applicable (Not Transported),Not Applicable (Not Transported),1,Dark - Unlighted,Clear,0,1,[],[],0,0,Valid,0.0,0.0,22.0,22.0,['Male'],0,0,2,3,4,Dry,Straight,Level,Lowest,No
17040,24,Maryland,240193,1,2,2,0,5,NOT APPLICABLE,June,4,Sunday,21,54,Urban,Medium Speed (Collector),No,38.97273333,-76.84587778,Non-Intersection,Dark - Lighted,Clear,Unknown,Unknown,Unknown EMS Scene Arrival Hour,Unknown EMS Scene Arrival Minutes,Not Applicable (Not Transported),Not Applicable (Not Transported),1,Dark - Lighted,Clear,0,5,[],[],0,0,Valid,0.0,0.0,57.0,31.0,"['Female', 'Female']",1,0,3,3,4,Dry,Straight,Level,Lowest,No
17041,24,Maryland,240194,0,2,2,0,3,NOT APPLICABLE,June,11,Sunday,21,58,Urban,High Speed (Arterial),Yes,38.50972778,-76.62707778,Non-Intersection,Dark - Not Lighted,Clear,Unknown,Unknown,Unknown EMS Scene Arrival Hour,Unknown EMS Scene Arrival Minutes,Unknown,Unknown EMS Hospital Arrival Time,1,Dark - Unlighted,Clear,1,2,['Driver'],['Shoulder_Lapbelt'],0,0,Valid,0.0,0.0,26.0,18.0,"['Male', 'Male']",0,0,3,4,5,Dry,Straight,Grade/Hillcrest,Lowest,No
17042,24,Maryland,240195,0,1,1,0,3,NOT APPLICABLE,June,12,Monday,9,23,Urban,High Speed (Arterial),Yes,38.41340833,-76.95603611,Non-Intersection,Daylight,Clear,Unknown,Unknown,Unknown EMS Scene Arrival Hour,Unknown EMS Scene Arrival Minutes,Unknown,Unknown EMS Hospital Arrival Time,1,Daylight,Clear,1,2,['Front_Passenger'],['None_Used'],0,0,Valid,0.0,0.0,55.0,55.0,['Male'],0,0,3,4,3,Dry,Curve,Level,Lowest,No
17043,24,Maryland,240196,0,2,2,0,4,NOT APPLICABLE,June,15,Thursday,18,28,Urban,Medium Speed (Collector),No,39.65039167,-75.84924444,Simple Junction,Daylight,Clear,Unknown,Unknown,Unknown EMS Scene Arrival Hour,Unknown EMS Scene Arrival Minutes,Unknown,Unknown EMS Hospital Arrival Time,1,Daylight,Clear,1,3,['Driver'],['None_Used'],0,0,Valid,0.0,0.0,47.0,19.0,"['Female', 'Male']",0,0,4,4,5,Dry,Straight,Level,Lowest,No
17044,24,Maryland,240197,0,1,1,0,4,NOT APPLICABLE,June,16,Friday,0,30,Urban,High Speed (Arterial),Yes,38.12796389,-75.441125,Non-Intersection,Dark - Not Lighted,Clear,Unknown,Unknown,Unknown EMS Scene Arrival Hour,Unknown EMS Scene Arrival Minutes,Unknown,Unknown EMS Hospital Arrival Time,1,Dark - Unlighted,Clear,1,3,['Driver'],['Shoulder_Lapbelt'],0,0,Valid,0.0,0.0,34.0,34.0,['Male'],0,0,3,4,3,Dry,Curve,Level,Medium,No
17045,24,Maryland,240198,0,2,2,0,2,NOT APPLICABLE,June,18,Sunday,17,31,Rural,Medium Speed (Collector),No,38.74068333,-75.82928889,Complex/Circle,Daylight,Clear,Unknown,Unknown,Unknown EMS Scene Arrival Hour,Unknown EMS Scene Arrival Minutes,Not Applicable (Not Transported),Not Applicable (Not Transported),1,Daylight,Clear,1,1,['Driver'],['None_Used'],0,0,Valid,0.0,0.0,19.0,19.0,"['Male', 'Female']",0,0,5,4,5,Dry,Straight,Level,Lowest,No
17046,24,Maryland,240199,1,1,1,0,1,NOT APPLICABLE,June,19,Monday,13,17,Urban,Low Speed (Local),No,39.08031111,-76.70924722,Non-Intersection,Daylight,Clear,Unknown,Unknown,Unknown EMS Scene Arrival Hour,Unknown EMS Scene Arrival Minutes,Unknown,Unknown EMS Hospital Arrival Time,1,Daylight,Clear,0,1,[],[],0,0,Valid,0.0,0.0,31.0,31.0,['Female'],0,0,3,1,4,Dry,Straight,Level,Lowest,No
17047,24,Maryland,240200,1,1,1,0,2,BALTIMORE,April,5,Wednesday,17,32,Urban,Medium Speed (Collector),No,39.29984722,-76.58361111,Complex/Circle,Daylight,Clear,Unknown,Unknown,Unknown EMS Scene Arrival Hour,Unknown EMS Scene Arrival Minutes,Unknown,Unknown EMS Hospital Arrival Time,1,Daylight,Clear,0,2,[],[],0,0,Valid,0.0,0.0,41.0,41.0,['Male'],0,0,2,2,4,Dry,Straight,Level,Lowest,No
17048,24,Maryland,240201,0,1,1,0,1,NOT APPLICABLE,May,20,Saturday,19,27,Urban,High Speed (Arterial),Yes,39.32381667,-76.47611389,Non-Intersection,Dusk,Clear,Unknown,Unknown,Unknown EMS Scene Arrival Hour,Unknown EMS Scene Arrival Minutes,Unknown,Unknown EMS Hospital Arrival Time,1,Twilight,Clear,1,0,['Driver'],['None_Used'],0,0,Valid,0.0,0.0,30.0,30.0,['Male'],1,0,2,4,2,Dry,Straight,Level,Lowest,No
17049,24,Maryland,240202,0,2,2,0,3,NOT APPLICABLE,June,4,Sunday,1,44,Urban,Medium Speed (Collector),No,39.25610833,-77.05114167,Non-Intersection,Dark - Lighted,Cloudy,Unknown,Unknown,Unknown EMS Scene Arrival Hour,Unknown EMS Scene Arrival Minutes,Unknown,Unknown EMS Hospital Arrival Time,1,Dark - Lighted,Reduced Visibility,1,2,['Driver'],['None_Used'],1,1,Valid,0.0,0.0,63.0,45.0,"['Male', 'Male']",0,0,5,4,5,Dry,Straight,Level,Lowest,No
17050,24,Maryland,240203,0,1,1,0,1,NOT APPLICABLE,June,19,Monday,15,0,Urban,High Speed (Arterial),Yes,38.894175,-76.71870556,Non-Intersection,Daylight,Clear,Unknown,Unknown,Unknown EMS Scene Arrival Hour,Unknown EMS Scene Arrival Minutes,Unknown,Unknown EMS Hospital Arrival Time,1,Daylight,Clear,1,0,['Driver'],['Shoulder_Lapbelt'],0,0,Invalid,0.0,0.0,57.0,57.0,['Male'],0,0,2,4,2,Dry,Straight,Level,Lowest,No
17051,24,Maryland,240204,1,1,1,0,1,NOT APPLICABLE,June,10,Saturday,0,36,Urban,High Speed (Arterial),Yes,38.99638333,-76.99331667,Non-Intersection,Dark - Unknown Lighting,Clear,Unknown,Unknown,Unknown EMS Scene Arrival Hour,Unknown EMS Scene Arrival Minutes,Unknown,Unknown EMS Hospital Arrival Time,1,Dark - Unlighted,Clear,0,1,[],[],0,0,Invalid,0.0,0.0,999.0,999.0,['Other'],0,0,1,0,4,Dry,Straight,Level,Lowest,No
17052,24,Maryland,240205,0,3,3,0,3,NOT APPLICABLE,May,24,Wednesday,14,57,Urban,Medium Speed (Collector),No,39.62979722,-77.70632778,Non-Intersection,Daylight,Clear,Unknown,Unknown,Unknown EMS Scene Arrival Hour,Unknown EMS Scene Arrival Minutes,Unknown,Unknown EMS Hospital Arrival Time,1,Daylight,Clear,1,2,['Driver'],['None_Used'],0,0,Valid,0.0,0.0,65.0,23.0,"['Female', 'Male', 'Female']",1,0,5,4,5,Dry,Straight,Grade/Hillcrest,Lowest,No