,State_Code,State_Name,Crash_ID,Count_Non_Motorists,Count_Vehicles_Total,Count_Vehicle_Forms,Count_PVH_Involved,Count_Occupants_MV,City_Name,Month_Name,Day_of_Month,Day_of_Week,Crash_Hour,Crash_Minute,Area_Rural_Urban,Road_Functional_Class,On_NHS_Road,Latitude,Longitude,Intersection_Type,Light_Condition,Weather_Condition,Notif_Hour,Notif_Minute,Arrival_Hour,Arrival_Minute,Hospital_Hour,Hospital_Minute,Fatalities_Count,Clean_Light_Condition,Clean_Weather_Condition,Total_Killed,Total_Alive,Fatal_Seats_List,Killed_Restraint_List,Any_Driver_Drinking,Total_Drinking_Drivers,Driver_License_Category,Driver_Max_Prev_Accident_Count,Driver_Max_Prev_Speeding_Count,Max_Driver_Age,Min_Driver_Age,Driver_Sex_List,Total_Exceeding_Limit_Vehicles,Total_Too_Fast_Vehicles,Max_Vehicle_Type_Severity_5,Max_Vehicle_Damage_Rank,Max_Harmful_Event_Severity,Crash_Road_Surface_Condition,Crash_Horizontal_Alignment,Crash_Vertical_Profile,Crash_Impairment_Category,Crash_Vehicle_Defect
17053,24,Maryland,240206,0,2,1,1,1,NOT APPLICABLE,June,14,Wednesday,21,11,Urban,Low Speed (Local),No,38.5632,-76.53821667,Non-Intersection,Dark - Not Lighted,Clear,Unknown,Unknown,Unknown EMS Scene Arrival Hour,Unknown EMS Scene Arrival Minutes,Not Applicable (Not Transported),Not Applicable (Not Transported),1,Dark - Unlighted,Clear,1,0,['Driver'],['None_Used'],0,0,Valid,0.0,1.0,20.0,20.0,['Male'],1,0,5,4,3,Dry,Curve,Grade/Hillcrest,Lowest,No
17054,24,Maryland,240207,0,2,2,0,8,NOT APPLICABLE,June,16,Friday,9,43,Urban,Medium Speed (Collector),No,38.39240278,-76.82571944,Non-Intersection,Daylight,Cloudy,Unknown,Unknown,Unknown EMS Scene Arrival Hour,Unknown EMS Scene Arrival Minutes,Unknown,Unknown EMS Hospital Arrival Time,1,Daylight,Reduced Visibility,1,7,['Driver'],['None_Used'],0,0,Valid,0.0,0.0,61.0,19.0,"['Male', 'Male']",0,0,5,4,5,Dry,Straight,Level,Lowest,No
17055,24,Maryland,240208,0,1,1,0,1,NOT APPLICABLE,June,10,Saturday,22,14,Rural,Low Speed (Local),No,39.62636944,-76.34508889,Non-Intersection,Dark - Not Lighted,Clear,Unknown,Unknown,Unknown EMS Scene Arrival Hour,Unknown EMS Scene Arrival Minutes,Not Applicable (Not Transported),Not Applicable (Not Transported),1,Dark - Unlighted,Clear,1,0,['Driver'],['Shoulder_Lapbelt'],1,1,Valid,0.0,0.0,35.0,35.0,['Female'],0,0,3,4,3,Dry,Curve,Grade/Hillcrest,Lowest,No
17056,24,Maryland,240209,0,3,3,0,4,NOT APPLICABLE,June,12,Monday,19,24,Urban,Low Speed (Local),No,39.21243611,-76.82313611,Non-Intersection,Dusk,Cloudy,Unknown,Unknown,Unknown EMS Scene Arrival Hour,Unknown EMS Scene Arrival Minutes,Unknown,Unknown EMS Hospital Arrival Time,1,Twilight,Reduced Visibility,1,3,['Driver'],['Shoulder_Lapbelt'],1,1,Valid,0.0,0.0,68.0,20.0,"['Male', 'Female', 'Male']",0,0,3,4,5,Dry,Curve,Level,Lowest,No
17057,24,Maryland,240210,1,1,1,0,1,NOT APPLICABLE,May,31,Wednesday,8,24,Urban,High Speed (Arterial),No,39.33760556,-77.18498333,Non-Intersection,Daylight,Clear,Unknown,Unknown,Unknown EMS Scene Arrival Hour,Unknown EMS Scene Arrival Minutes,Unknown,Unknown EMS Hospital Arrival Time,1,Daylight,Clear,0,1,[],[],0,0,Valid,0.0,0.0,49.0,49.0,['Male'],0,0,2,4,4,Dry,Straight,Level,Lowest,No
17058,24,Maryland,240211,0,1,1,0,2,NOT APPLICABLE,June,21,Wednesday,21,46,Urban,Medium Speed (Collector),No,39.63925833,-77.71375556,Non-Intersection,Dark - Lighted,Rain,Unknown,Unknown,Unknown EMS Scene Arrival Hour,Unknown EMS Scene Arrival Minutes,Unknown,Unknown EMS Hospital Arrival Time,1,Dark - Lighted,Rain/Wind/Minor,1,1,['Driver'],['Shoulder_Lapbelt'],0,0,Valid,0.0,0.0,22.0,22.0,['Male'],2,0,2,4,3,Wet/Standing Water,Straight,Grade/Hillcrest,Lowest,No
17059,24,Maryland,240212,0,2,2,0,4,NOT APPLICABLE,May,31,Wednesday,5,55,Urban,High Speed (Arterial),Yes,38.82387222,-76.74886389,Non-Intersection,Daylight,Clear,Unknown,Unknown,Unknown EMS Scene Arrival Hour,Unknown EMS Scene Arrival Minutes,Unknown,Unknown EMS Hospital Arrival Time,1,Daylight,Clear,1,3,['Driver'],['None_Used'],1,1,Valid,0.0,0.0,52.0,30.0,"['Female', 'Male']",0,0,2,4,5,Dry,Curve,Grade/Hillcrest,Lowest,No
17060,24,Maryland,240213,0,2,2,0,3,NOT APPLICABLE,June,18,Sunday,11,8,Urban,High Speed (Arterial),No,39.54353333,-76.98851667,Complex/Circle,Daylight,Clear,Unknown,Unknown,Unknown EMS Scene Arrival Hour,Unknown EMS Scene Arrival Minutes,Unknown,Unknown EMS Hospital Arrival Time,1,Daylight,Clear,1,2,['Driver'],['None_Used'],0,0,Valid,0.0,0.0,70.0,60.0,"['Male', 'Male']",1,0,3,4,5,Dry,Straight,Level,Lowest,No
17061,24,Maryland,240214,0,3,3,0,9,NOT APPLICABLE,June,10,Saturday,23,12,Urban,Medium Speed (Collector),No,38.84390833,-76.87410556,Non-Intersection,Dark - Lighted,Clear,Unknown,Unknown,Unknown EMS Scene Arrival Hour,Unknown EMS Scene Arrival Minutes,Unknown,Unknown EMS Hospital Arrival Time,1,Dark - Lighted,Clear,1,8,['Driver'],['None_Used'],0,0,Valid,0.0,0.0,33.0,30.0,"['Male', 'Female', 'Female']",0,0,5,4,5,Dry,Straight,Level,Lowest,No
17062,24,Maryland,240215,0,1,1,0,2,NOT APPLICABLE,June,17,Saturday,13,58,Urban,High Speed (Arterial),Yes,38.52816944,-76.57800278,Non-Intersection,Daylight,Clear,Unknown,Unknown,Unknown EMS Scene Arrival Hour,Unknown EMS Scene Arrival Minutes,Unknown,Unknown EMS Hospital Arrival Time,1,Daylight,Clear,1,1,['Driver'],['None_Used'],0,0,Valid,0.0,0.0,56.0,56.0,['Male'],0,0,2,4,3,Dry,Straight,Level,Lowest,No
17063,24,Maryland,240216,0,1,1,0,1,NOT APPLICABLE,June,25,Sunday,11,37,Urban,High Speed (Arterial),Yes,39.02038611,-76.47828056,Non-Intersection,Daylight,Clear,Unknown,Unknown,Unknown EMS Scene Arrival Hour,Unknown EMS Scene Arrival Minutes,Not Applicable (Not Transported),Not Applicable (Not Transported),1,Daylight,Clear,1,0,['Driver'],['None_Used'],0,0,Valid,0.0,0.0,61.0,61.0,['Male'],0,0,5,4,2,Dry,Straight,Level,Lowest,No
17064,24,Maryland,240217,0,2,2,0,2,NOT APPLICABLE,June,25,Sunday,19,1,Urban,High Speed (Arterial),Yes,39.52429722,-77.60220556,Non-Intersection,Daylight,Clear,Unknown,Unknown,Unknown EMS Scene Arrival Hour,Unknown EMS Scene Arrival Minutes,Not Applicable (Not Transported),Not Applicable (Not Transported),1,Daylight,Clear,1,1,['Driver'],['None_Used'],1,1,Valid,0.0,1.0,59.0,48.0,"['Male', 'Male']",0,0,5,4,5,Dry,Curve,Grade/Hillcrest,Lowest,No
17065,24,Maryland,240218,0,1,1,0,1,NOT APPLICABLE,June,22,Thursday,2,14,Urban,Medium Speed (Collector),No,39.66895556,-76.074375,Complex/Circle,Dark - Not Lighted,Rain,Unknown,Unknown,Unknown EMS Scene Arrival Hour,Unknown EMS Scene Arrival Minutes,Not Applicable (Not Transported),Not Applicable (Not Transported),1,Dark - Unlighted,Rain/Wind/Minor,1,0,['Driver'],['Shoulder_Lapbelt'],0,0,Valid,0.0,0.0,26.0,26.0,['Male'],0,0,4,4,3,Wet/Standing Water,Curve,Level,Lowest,No
17066,24,Maryland,240219,0,1,1,0,2,NOT APPLICABLE,June,9,Friday,23,49,Rural,Medium Speed (Collector),No,38.726175,-76.10898611,Non-Intersection,Dark - Not Lighted,Clear,Unknown,Unknown,Unknown EMS Scene Arrival Hour,Unknown EMS Scene Arrival Minutes,Unknown,Unknown EMS Hospital Arrival Time,1,Dark - Unlighted,Clear,1,1,['Driver'],['Shoulder_Lapbelt'],0,0,Invalid,0.0,0.0,15.0,15.0,['Male'],2,0,2,4,3,Dry,Curve,Level,Lowest,No
17067,24,Maryland,240220,0,1,1,0,1,NOT APPLICABLE,June,20,Tuesday,0,56,Rural,Low Speed (Local),No,39.13161389,-76.58779167,Non-Intersection,Dark - Lighted,Clear,Unknown,Unknown,Unknown EMS Scene Arrival Hour,Unknown EMS Scene Arrival Minutes,Not Applicable (Not Transported),Not Applicable (Not Transported),1,Dark - Lighted,Clear,1,0,['Driver'],['None_Used'],0,0,Valid,0.0,0.0,63.0,63.0,['Male'],0,0,3,4,3,Dry,Curve,Level,Lowest,No
17068,24,Maryland,240221,0,1,1,0,1,NOT APPLICABLE,June,22,Thursday,13,8,Urban,Medium Speed (Collector),No,39.22116667,-76.674725,Non-Intersection,Daylight,Rain,Unknown,Unknown,Unknown EMS Scene Arrival Hour,Unknown EMS Scene Arrival Minutes,Not Applicable (Not Transported),Not Applicable (Not Transported),1,Daylight,Rain/Wind/Minor,1,0,['Driver'],['None_Used'],0,0,Valid,0.0,0.0,25.0,25.0,['Female'],1,0,3,4,2,Wet/Standing Water,Curve,Grade/Hillcrest,Lowest,No
17069,24,Maryland,240222,0,2,2,0,3,NOT APPLICABLE,February,21,Tuesday,22,18,Urban,Medium Speed (Collector),No,39.41799167,-76.39806667,Non-Intersection,Dark - Lighted,Clear,Unknown,Unknown,Unknown EMS Scene Arrival Hour,Unknown EMS Scene Arrival Minutes,Unknown,Unknown EMS Hospital Arrival Time,1,Dark - Lighted,Clear,1,2,['Driver'],['None_Used'],1,1,Valid,0.0,0.0,48.0,35.0,"['Male', 'Male']",2,0,2,4,5,Dry,Curve,Level,Lowest,No
17070,24,Maryland,240223,1,2,2,0,3,NOT APPLICABLE,June,29,Thursday,22,9,Urban,High Speed (Arterial),Yes,38.79886667,-77.00676944,Non-Intersection,Dark - Lighted,Clear,Unknown,Unknown,Unknown EMS Scene Arrival Hour,Unknown EMS Scene Arrival Minutes,Not Applicable (Not Transported),Not Applicable (Not Transported),1,Dark - Lighted,Clear,0,3,[],[],0,0,Valid,0.0,0.0,68.0,33.0,"['Male', 'Male']",0,0,3,3,4,Dry,Straight,Grade/Hillcrest,Lowest,No
17071,24,Maryland,240224,0,1,1,0,1,NOT APPLICABLE,June,30,Friday,18,19,Rural,Medium Speed (Collector),No,38.53041667,-76.79754722,Non-Intersection,Daylight,Cloudy,Unknown,Unknown,Unknown EMS Scene Arrival Hour,Unknown EMS Scene Arrival Minutes,Not Applicable (Not Transported),Not Applicable (Not Transported),1,Daylight,Reduced Visibility,1,0,['Driver'],['None_Used'],1,1,Valid,0.0,3.0,30.0,30.0,['Male'],0,0,3,4,3,Dry,Straight,Level,Lowest,No
17072,24,Maryland,240225,0,2,2,0,5,NOT APPLICABLE,June,19,Monday,17,9,Urban,High Speed (Arterial),Yes,38.24813056,-75.67585556,Complex/Circle,Daylight,Rain,Unknown,Unknown,Unknown EMS Scene Arrival Hour,Unknown EMS Scene Arrival Minutes,Unknown,Unknown EMS Hospital Arrival Time,2,Daylight,Rain/Wind/Minor,2,3,"['Rear_Seat', 'Front_Passenger']","['None_Used', 'Shoulder_Lapbelt']",0,0,Valid,0.0,0.0,70.0,32.0,"['Male', 'Male']",0,0,3,4,5,Wet/Standing Water,Straight,Level,Lowest,No
17073,24,Maryland,240226,0,2,2,0,2,NOT APPLICABLE,June,29,Thursday,14,7,Urban,High Speed (Arterial),Yes,38.62096389,-76.87530556,Non-Intersection,Daylight,Clear,Unknown,Unknown,Unknown EMS Scene Arrival Hour,Unknown EMS Scene Arrival Minutes,Unknown,Unknown EMS Hospital Arrival Time,1,Daylight,Clear,1,1,['Driver'],['Shoulder_Lapbelt'],0,0,Valid,0.0,0.0,48.0,34.0,"['Male', 'Male']",1,0,4,4,5,Dry,Straight,Level,Lowest,No
17074,24,Maryland,240227,0,2,2,0,3,NOT APPLICABLE,June,16,Friday,14,3,Urban,Medium Speed (Collector),No,38.90303056,-75.77416667,Complex/Circle,Daylight,Clear,Unknown,Unknown,Unknown EMS Scene Arrival Hour,Unknown EMS Scene Arrival Minutes,Unknown,Unknown EMS Hospital Arrival Time,1,Daylight,Clear,1,2,['Driver'],['Shoulder_Lapbelt'],0,0,Valid,0.0,0.0,45.0,29.0,"['Male', 'Male']",0,0,4,4,5,Dry,Straight,Level,Lowest,No
17075,24,Maryland,240228,1,1,1,0,1,NOT APPLICABLE,June,21,Wednesday,4,1,Urban,High Speed (Arterial),Yes,38.61346111,-76.9236,Non-Intersection,Dark - Not Lighted,Rain,Unknown,Unknown,Unknown EMS Scene Arrival Hour,Unknown EMS Scene Arrival Minutes,Not Applicable (Not Transported),Not Applicable (Not Transported),1,Dark - Unlighted,Rain/Wind/Minor,0,1,[],[],0,0,Valid,0.0,0.0,27.0,27.0,['Male'],0,0,2,3,4,Wet/Standing Water,Straight,Level,Lowest,No
17076,24,Maryland,240229,0,1,1,0,1,NOT APPLICABLE,July,4,Tuesday,20,15,Urban,Medium Speed (Collector),No,39.57279722,-77.43268889,Non-Intersection,Daylight,Clear,Unknown,Unknown,Unknown EMS Scene Arrival Hour,Unknown EMS Scene Arrival Minutes,Unknown,Unknown EMS Hospital Arrival Time,1,Daylight,Clear,1,0,['Driver'],['None_Used'],1,1,Valid,0.0,0.0,52.0,52.0,['Female'],0,0,5,4,2,Dry,Curve,Level,Lowest,No
17077,24,Maryland,240230,0,3,3,0,3,NOT APPLICABLE,April,9,Sunday,22,36,Urban,High Speed (Arterial),No,39.35912222,-76.77275556,Non-Intersection,Dark - Lighted,Clear,Unknown,Unknown,Unknown EMS Scene Arrival Hour,Unknown EMS Scene Arrival Minutes,Not Applicable (Not Transported),Not Applicable (Not Transported),1,Dark - Lighted,Clear,1,2,['Driver'],['Shoulder_Lapbelt'],0,0,Valid,0.0,0.0,70.0,26.0,"['Male', 'Male', 'Male']",0,0,2,4,5,Dry,Straight,Level,Lowest,No
17078,24,Maryland,240231,1,1,1,0,1,NOT APPLICABLE,May,5,Friday,22,16,Urban,High Speed (Arterial),Yes,39.33096667,-76.48963889,Non-Intersection,Dark - Lighted,Clear,Unknown,Unknown,Unknown EMS Scene Arrival Hour,Unknown EMS Scene Arrival Minutes,Unknown,Unknown EMS Hospital Arrival Time,1,Dark - Lighted,Clear,0,1,[],[],0,0,Valid,0.0,0.0,68.0,68.0,['Male'],0,0,3,2,4,Dry,Straight,Level,Lowest,No
17079,24,Maryland,240232,0,1,1,0,1,NOT APPLICABLE,June,16,Friday,23,20,Urban,Medium Speed (Collector),No,39.46611944,-79.01491667,Non-Intersection,Dark - Not Lighted,Clear,Unknown,Unknown,Unknown EMS Scene Arrival Hour,Unknown EMS Scene Arrival Minutes,Not Applicable (Not Transported),Not Applicable (Not Transported),1,Dark - Unlighted,Clear,1,0,['Driver'],['None_Used'],0,0,Valid,0.0,0.0,31.0,31.0,['Male'],1,0,2,4,3,Dry,Straight,Grade/Hillcrest,Lowest,No
17080,24,Maryland,240233,0,2,2,0,3,NOT APPLICABLE,June,29,Thursday,22,42,Urban,High Speed (Arterial),Yes,39.04935278,-76.93059722,Non-Intersection,Dark - Not Lighted,Clear,Unknown,Unknown,Unknown EMS Scene Arrival Hour,Unknown EMS Scene Arrival Minutes,Unknown,Unknown EMS Hospital Arrival Time,2,Dark - Unlighted,Clear,2,1,"['Driver', 'Non_Standard_Risk']","['None_Used', 'None_Used']",1,1,Valid,0.0,0.0,35.0,24.0,"['Male', 'Female']",0,0,2,4,5,Dry,Straight,Level,Lowest,No
17081,24,Maryland,240234,0,3,3,0,8,NOT APPLICABLE,July,7,Friday,17,33,Urban,High Speed (Arterial),Yes,39.44494167,-76.33572778,Non-Intersection,Daylight,Clear,Unknown,Unknown,Unknown EMS Scene Arrival Hour,Unknown EMS Scene Arrival Minutes,Unknown,Unknown EMS Hospital Arrival Time,1,Daylight,Clear,1,7,['Driver'],['None_Used'],0,0,Valid,1.0,0.0,998.0,23.0,"['Male', 'Male', 'Other']",1,0,5,4,5,Dry,Straight,Level,Lowest,No
17082,24,Maryland,240235,1,1,1,0,1,NOT APPLICABLE,July,3,Monday,0,0,Urban,High Speed (Arterial),Yes,38.98109444,-76.98930833,Non-Intersection,Dark - Lighted,Clear,Unknown,Unknown,Unknown EMS Scene Arrival Hour,Unknown EMS Scene Arrival Minutes,Not Applicable (Not Transported),Not Applicable (Not Transported),1,Dark - Lighted,Clear,0,1,[],[],1,1,Valid,0.0,0.0,31.0,31.0,['Male'],0,0,3,4,4,Dry,Straight,Level,Lowest,No
17083,24,Maryland,240236,1,1,1,0,1,NOT APPLICABLE,July,11,Tuesday,5,10,Urban,Medium Speed (Collector),No,39.10729444,-77.18047222,Non-Intersection,Dark - Lighted,Clear,Unknown,Unknown,Unknown EMS Scene Arrival Hour,Unknown EMS Scene Arrival Minutes,Not Applicable (Not Transported),Not Applicable (Not Transported),1,Dark - Lighted,Clear,0,1,[],[],0,0,Valid,0.0,1.0,30.0,30.0,['Male'],0,0,2,3,4,Dry,Straight,Grade/Hillcrest,Lowest,No
17084,24,Maryland,240237,1,2,1,1,2,NOT APPLICABLE,July,11,Tuesday,12,34,Urban,Medium Speed (Collector),No,38.59810278,-76.21052778,Non-Intersection,Daylight,Clear,Unknown,Unknown,Unknown EMS Scene Arrival Hour,Unknown EMS Scene Arrival Minutes,Unknown,Unknown EMS Hospital Arrival Time,1,Daylight,Clear,0,2,[],[],0,0,Valid,0.0,0.0,32.0,32.0,['Male'],0,0,3,4,5,Dry,Curve,Level,Lowest,No
17085,24,Maryland,240238,0,3,3,0,3,NOT APPLICABLE,June,29,Thursday,21,45,Urban,High Speed (Arterial),Yes,39.60436667,-76.03625,Non-Intersection,Dark - Unknown Lighting,Clear,Unknown,Unknown,Unknown EMS Scene Arrival Hour,Unknown EMS Scene Arrival Minutes,Not Applicable (Not Transported),Not Applicable (Not Transported),1,Dark - Unlighted,Clear,1,2,['Driver'],['Shoulder_Lapbelt'],0,0,Valid,0.0,0.0,56.0,44.0,"['Male', 'Male', 'Male']",0,0,4,4,5,Dry,Straight,Level,Lowest,No
17086,24,Maryland,240239,0,1,1,0,2,NOT APPLICABLE,July,3,Monday,15,42,Urban,Medium Speed (Collector),No,38.28496111,-76.57676667,Non-Intersection,Daylight,Clear,Unknown,Unknown,Unknown EMS Scene Arrival Hour,Unknown EMS Scene Arrival Minutes,Unknown,Unknown EMS Hospital Arrival Time,1,Daylight,Clear,1,1,['Front_Passenger'],['Shoulder_Lapbelt'],0,0,Valid,0.0,0.0,74.0,74.0,['Female'],0,0,3,4,3,Dry,Straight,Level,Lowest,No
17087,24,Maryland,240240,0,2,2,0,3,NOT APPLICABLE,July,9,Sunday,18,11,Urban,Medium Speed (Collector),No,39.208875,-77.2473,Complex/Circle,Daylight,Clear,Unknown,Unknown,Unknown EMS Scene Arrival Hour,Unknown EMS Scene Arrival Minutes,Unknown,Unknown EMS Hospital Arrival Time,1,Daylight,Clear,1,2,['Driver'],['None_Used'],0,0,Valid,0.0,0.0,30.0,24.0,"['Male', 'Female']",1,0,5,4,5,Dry,Straight,Grade/Hillcrest,Lowest,No
17088,24,Maryland,240241,0,2,2,0,2,NOT APPLICABLE,July,9,Sunday,20,24,Urban,Medium Speed (Collector),No,38.42646389,-76.46355,Simple Junction,Daylight,Cloudy,0:00am-0:59am,0,Unknown EMS Scene Arrival Hour,Unknown EMS Scene Arrival Minutes,Unknown,Unknown EMS Hospital Arrival Time,1,Daylight,Reduced Visibility,1,1,['Driver'],['Shoulder_Lapbelt'],0,0,Invalid,0.0,0.0,60.0,33.0,"['Female', 'Female']",0,0,2,4,5,Dry,Straight,Level,Lowest,No
17089,24,Maryland,240242,0,1,1,0,1,NOT APPLICABLE,July,8,Saturday,3,34,Urban,High Speed (Arterial),Yes,39.60691944,-77.77425833,Non-Intersection,Dark - Not Lighted,Clear,Unknown,Unknown,Unknown EMS Scene Arrival Hour,Unknown EMS Scene Arrival Minutes,Not Applicable (Not Transported),Not Applicable (Not Transported),1,Dark - Unlighted,Clear,1,0,['Driver'],['None_Used'],0,0,Valid,0.0,1.0,57.0,57.0,['Female'],0,0,2,4,2,Dry,Curve,Level,Lowest,No
17090,24,Maryland,240243,0,1,1,0,2,NOT APPLICABLE,July,12,Wednesday,16,50,Urban,High Speed (Arterial),Yes,39.49926111,-77.57203056,Non-Intersection,Daylight,Clear,Unknown,Unknown,Unknown EMS Scene Arrival Hour,Unknown EMS Scene Arrival Minutes,Unknown,Unknown EMS Hospital Arrival Time,1,Daylight,Clear,1,1,['Driver'],['Shoulder_Lapbelt'],0,0,Valid,0.0,0.0,68.0,68.0,['Male'],0,0,1,4,3,Dry,Straight,Level,Lowest,No
17091,24,Maryland,240244,0,2,2,0,5,NOT APPLICABLE,July,15,Saturday,12,24,Urban,High Speed (Arterial),Yes,39.30273889,-76.95305278,Complex/Circle,Daylight,Not Reported,Unknown,Unknown,Unknown EMS Scene Arrival Hour,Unknown EMS Scene Arrival Minutes,Unknown,Unknown EMS Hospital Arrival Time,1,Daylight,Clear,1,4,['Rear_Seat'],['Shoulder_Lapbelt'],0,0,Valid,0.0,0.0,82.0,26.0,"['Male', 'Male']",0,0,3,4,5,Dry,Straight,Level,Lowest,No
17092,24,Maryland,240245,0,1,1,0,1,NOT APPLICABLE,July,16,Sunday,12,45,Urban,High Speed (Arterial),Yes,39.55242778,-76.36865278,Non-Intersection,Daylight,Cloudy,Unknown,Unknown,Unknown EMS Scene Arrival Hour,Unknown EMS Scene Arrival Minutes,Not Applicable (Not Transported),Not Applicable (Not Transported),1,Daylight,Reduced Visibility,1,0,['Driver'],['Shoulder_Lapbelt'],0,0,Valid,0.0,0.0,77.0,77.0,['Female'],0,0,2,4,3,Dry,Straight,Level,Lowest,No
17093,24,Maryland,240246,0,1,1,0,1,NOT APPLICABLE,June,22,Thursday,23,38,Urban,High Speed (Arterial),Yes,39.18439722,-76.7984,Simple Junction,Dark - Lighted,Rain,Unknown,Unknown,Unknown EMS Scene Arrival Hour,Unknown EMS Scene Arrival Minutes,Not Applicable (Not Transported),Not Applicable (Not Transported),1,Dark - Lighted,Rain/Wind/Minor,1,0,['Driver'],['Shoulder_Lapbelt'],1,1,Valid,0.0,0.0,28.0,28.0,['Male'],0,0,2,4,2,Wet/Standing Water,Straight,Grade/Hillcrest,Lowest,No
17094,24,Maryland,240247,0,1,1,0,1,NOT APPLICABLE,July,9,Sunday,20,43,Urban,Medium Speed (Collector),No,39.20674722,-77.38473889,Non-Intersection,Dark - Not Lighted,Clear,Unknown,Unknown,Unknown EMS Scene Arrival Hour,Unknown EMS Scene Arrival Minutes,Unknown,Unknown EMS Hospital Arrival Time,1,Dark - Unlighted,Clear,1,0,['Driver'],['None_Used'],1,1,Valid,0.0,0.0,53.0,53.0,['Female'],0,0,5,4,1,Dry,Straight,Level,Lowest,No
17095,24,Maryland,240248,0,1,1,0,1,NOT APPLICABLE,July,17,Monday,20,6,Urban,High Speed (Arterial),Yes,39.32132778,-76.4852,Non-Intersection,Daylight,Clear,Unknown,Unknown,Unknown EMS Scene Arrival Hour,Unknown EMS Scene Arrival Minutes,Unknown,Unknown EMS Hospital Arrival Time,1,Daylight,Clear,1,0,['Driver'],['Shoulder_Lapbelt'],1,1,Valid,0.0,0.0,36.0,36.0,['Male'],0,0,2,4,3,Dry,Curve,Level,Lowest,No
17096,24,Maryland,240249,2,1,1,0,1,ANNAPOLIS,July,3,Monday,7,50,Urban,Medium Speed (Collector),No,38.98859167,-76.50213889,Complex/Circle,Daylight,Clear,Unknown,Unknown,Unknown EMS Scene Arrival Hour,Unknown EMS Scene Arrival Minutes,Unknown,Unknown EMS Hospital Arrival Time,1,Daylight,Clear,0,1,[],[],0,0,Valid,0.0,0.0,67.0,67.0,['Female'],0,0,3,2,4,Dry,Straight,Grade/Hillcrest,Lowest,No
17097,24,Maryland,240250,1,1,1,0,1,NOT APPLICABLE,July,17,Monday,23,7,Urban,High Speed (Arterial),Yes,38.76925556,-76.65775278,Non-Intersection,Dark - Not Lighted,Clear,Unknown,Unknown,Unknown EMS Scene Arrival Hour,Unknown EMS Scene Arrival Minutes,Not Applicable (Not Transported),Not Applicable (Not Transported),1,Dark - Unlighted,Clear,0,1,[],[],0,0,Valid,0.0,0.0,22.0,22.0,['Male'],0,0,2,3,4,Dry,Straight,Level,Lowest,No
17098,24,Maryland,240251,0,2,2,0,2,NOT APPLICABLE,July,20,Thursday,15,19,Urban,Medium Speed (Collector),No,38.61682222,-76.90152778,Complex/Circle,Daylight,Clear,Unknown,Unknown,Unknown EMS Scene Arrival Hour,Unknown EMS Scene Arrival Minutes,Unknown,Unknown EMS Hospital Arrival Time,1,Daylight,Clear,1,1,['Driver'],['Shoulder_Lapbelt'],0,0,Valid,0.0,0.0,84.0,33.0,"['Female', 'Male']",0,0,3,4,5,Dry,Straight,Level,Lowest,No
17099,24,Maryland,240252,1,1,1,0,1,NOT APPLICABLE,July,6,Thursday,12,10,Urban,Medium Speed (Collector),No,38.63815,-76.89470833,Non-Intersection,Daylight,Cloudy,Unknown,Unknown,Unknown EMS Scene Arrival Hour,Unknown EMS Scene Arrival Minutes,Unknown,Unknown EMS Hospital Arrival Time,1,Daylight,Reduced Visibility,0,1,[],[],0,0,Valid,0.0,0.0,77.0,77.0,['Male'],0,0,3,1,4,Dry,Straight,Level,Lowest,No
17100,24,Maryland,240253,0,1,1,0,2,NOT APPLICABLE,June,5,Monday,0,55,Urban,Medium Speed (Collector),No,39.15843056,-76.88681111,Complex/Circle,Dark - Lighted,Clear,Unknown,Unknown,Unknown EMS Scene Arrival Hour,Unknown EMS Scene Arrival Minutes,Unknown,Unknown EMS Hospital Arrival Time,1,Dark - Lighted,Clear,1,1,['Front_Passenger'],['None_Used'],1,1,Valid,0.0,0.0,24.0,24.0,['Male'],0,0,2,4,3,Dry,Curve,Grade/Hillcrest,Lowest,No
17101,24,Maryland,240254,0,3,3,0,3,NOT APPLICABLE,June,13,Tuesday,17,13,Urban,Medium Speed (Collector),No,38.766325,-76.89338889,Non-Intersection,Daylight,Clear,Unknown,Unknown,Unknown EMS Scene Arrival Hour,Unknown EMS Scene Arrival Minutes,Unknown,Unknown EMS Hospital Arrival Time,1,Daylight,Clear,1,2,['Driver'],['None_Used'],0,0,Invalid,0.0,1.0,71.0,29.0,"['Male', 'Male', 'Male']",0,0,5,4,5,Dry,Curve,Level,Lowest,No
17102,24,Maryland,240255,1,1,1,0,1,NOT APPLICABLE,June,17,Saturday,3,18,Urban,High Speed (Arterial),Yes,38.98456667,-76.98073889,Non-Intersection,Dark - Lighted,Clear,Unknown,Unknown,Unknown EMS Scene Arrival Hour,Unknown EMS Scene Arrival Minutes,Not Applicable (Not Transported),Not Applicable (Not Transported),1,Dark - Lighted,Clear,0,1,[],[],0,0,Invalid,0.0,0.0,998.0,998.0,['Other'],0,0,1,0,4,Dry,Straight,Level,Lowest,No