,State_Code,State_Name,Crash_ID,Count_Non_Motorists,Count_Vehicles_Total,Count_Vehicle_Forms,Count_PVH_Involved,Count_Occupants_MV,City_Name,Month_Name,Day_of_Month,Day_of_Week,Crash_Hour,Crash_Minute,Area_Rural_Urban,Road_Functional_Class,On_NHS_Road,Latitude,Longitude,Intersection_Type,Light_Condition,Weather_Condition,Notif_Hour,Notif_Minute,Arrival_Hour,Arrival_Minute,Hospital_Hour,Hospital_Minute,Fatalities_Count,Clean_Light_Condition,Clean_Weather_Condition,Total_Killed,Total_Alive,Fatal_Seats_List,Killed_Restraint_List,Any_Driver_Drinking,Total_Drinking_Drivers,Driver_License_Category,Driver_Max_Prev_Accident_Count,Driver_Max_Prev_Speeding_Count,Max_Driver_Age,Min_Driver_Age,Driver_Sex_List,Total_Exceeding_Limit_Vehicles,Total_Too_Fast_Vehicles,Max_Vehicle_Type_Severity_5,Max_Vehicle_Damage_Rank,Max_Harmful_Event_Severity,Crash_Road_Surface_Condition,Crash_Horizontal_Alignment,Crash_Vertical_Profile,Crash_Impairment_Category,Crash_Vehicle_Defect
17103,24,Maryland,240256,0,2,2,0,8,NOT APPLICABLE,June,18,Sunday,16,10,Urban,High Speed (Arterial),Yes,38.98992778,-77.029125,Complex/Circle,Daylight,Clear,Unknown,Unknown,Unknown EMS Scene Arrival Hour,Unknown EMS Scene Arrival Minutes,Unknown,Unknown EMS Hospital Arrival Time,1,Daylight,Clear,1,7,['Rear_Seat'],['Shoulder_Lapbelt'],0,0,Valid,0.0,0.0,62.0,54.0,"['Male', 'Female']",0,0,3,4,5,Dry,Straight,Level,Lowest,No
17104,24,Maryland,240257,0,1,1,0,1,NOT APPLICABLE,June,26,Monday,9,53,Urban,Medium Speed (Collector),No,38.52136389,-76.94868611,Non-Intersection,Daylight,Clear,Unknown,Unknown,Unknown EMS Scene Arrival Hour,Unknown EMS Scene Arrival Minutes,Unknown,Unknown EMS Hospital Arrival Time,1,Daylight,Clear,1,0,['Driver'],['Shoulder_Lapbelt'],0,0,Valid,0.0,0.0,76.0,76.0,['Male'],0,0,3,4,3,Dry,Straight,Level,Lowest,No
17105,24,Maryland,240258,0,2,2,0,2,NOT APPLICABLE,July,22,Saturday,15,36,Urban,High Speed (Arterial),Yes,39.11548333,-76.87350556,Non-Intersection,Daylight,Clear,Unknown,Unknown,Unknown EMS Scene Arrival Hour,Unknown EMS Scene Arrival Minutes,Not Applicable (Not Transported),Not Applicable (Not Transported),1,Daylight,Clear,1,1,['Driver'],['None_Used'],0,0,Valid,0.0,0.0,41.0,41.0,"['Male', 'Male']",1,0,5,4,5,Dry,Straight,Level,Lowest,No
17106,24,Maryland,240259,0,1,1,0,1,NOT APPLICABLE,July,22,Saturday,5,12,Urban,High Speed (Arterial),Yes,39.23944444,-76.70347778,Non-Intersection,Dark - Unknown Lighting,Clear,Unknown,Unknown,Unknown EMS Scene Arrival Hour,Unknown EMS Scene Arrival Minutes,Not Applicable (Not Transported),Not Applicable (Not Transported),1,Dark - Unlighted,Clear,1,0,['Driver'],['Shoulder_Lapbelt'],1,1,Valid,0.0,0.0,21.0,21.0,['Male'],0,0,3,4,2,Dry,Curve,Level,Lowest,No
17107,24,Maryland,240260,0,1,1,0,1,NOT APPLICABLE,July,11,Tuesday,22,0,Urban,High Speed (Arterial),Yes,39.07443056,-76.91438333,Non-Intersection,Dark - Lighted,Clear,Unknown,Unknown,Unknown EMS Scene Arrival Hour,Unknown EMS Scene Arrival Minutes,Not Applicable (Not Transported),Not Applicable (Not Transported),1,Dark - Lighted,Clear,1,0,['Driver'],['None_Used'],1,1,Valid,0.0,1.0,23.0,23.0,['Male'],1,0,5,4,2,Dry,Curve,Level,Lowest,No
17108,24,Maryland,240261,1,1,1,0,1,NOT APPLICABLE,July,8,Saturday,5,27,Urban,Medium Speed (Collector),No,39.08953889,-76.70376111,Non-Intersection,Dawn,Clear,Unknown,Unknown,Unknown EMS Scene Arrival Hour,Unknown EMS Scene Arrival Minutes,Unknown,Unknown EMS Hospital Arrival Time,1,Twilight,Clear,0,1,[],[],0,0,Invalid,0.0,0.0,998.0,998.0,['Other'],0,0,1,0,4,Dry,Straight,Grade/Hillcrest,Lowest,No
17109,24,Maryland,240262,0,2,2,0,3,NOT APPLICABLE,July,18,Tuesday,21,34,Urban,High Speed (Arterial),Yes,38.8419,-76.75885,Complex/Circle,Dark - Lighted,Clear,Unknown,Unknown,Unknown EMS Scene Arrival Hour,Unknown EMS Scene Arrival Minutes,Unknown,Unknown EMS Hospital Arrival Time,1,Dark - Lighted,Clear,1,2,['Front_Passenger'],['None_Used'],0,0,Valid,0.0,0.0,64.0,43.0,"['Female', 'Female']",0,0,3,4,5,Dry,Straight,Level,Lowest,No
17110,24,Maryland,240263,0,2,2,0,2,NOT APPLICABLE,June,6,Tuesday,15,41,Urban,High Speed (Arterial),Yes,38.84741111,-76.95249444,Complex/Circle,Daylight,Clear,Unknown,Unknown,Unknown EMS Scene Arrival Hour,Unknown EMS Scene Arrival Minutes,Unknown,Unknown EMS Hospital Arrival Time,1,Daylight,Clear,1,1,['Driver'],['None_Used'],0,0,Invalid,0.0,0.0,56.0,25.0,"['Male', 'Male']",0,0,5,4,5,Dry,Straight,Grade/Hillcrest,Lowest,No
17111,24,Maryland,240264,0,1,1,0,2,NOT APPLICABLE,July,7,Friday,11,50,Urban,Medium Speed (Collector),No,39.49685278,-79.04720556,Non-Intersection,Daylight,Clear,Unknown,Unknown,Unknown EMS Scene Arrival Hour,Unknown EMS Scene Arrival Minutes,Unknown,Unknown EMS Hospital Arrival Time,1,Daylight,Clear,1,1,['Front_Passenger'],['Shoulder_Lapbelt'],0,0,Valid,0.0,0.0,67.0,67.0,['Male'],0,0,3,3,1,Dry,Straight,Level,Lowest,No
17112,24,Maryland,240265,1,1,1,0,1,NOT APPLICABLE,July,19,Wednesday,4,30,Urban,High Speed (Arterial),No,38.88834167,-76.87911944,Non-Intersection,Dark - Lighted,Clear,Unknown,Unknown,Unknown EMS Scene Arrival Hour,Unknown EMS Scene Arrival Minutes,Not Applicable (Not Transported),Not Applicable (Not Transported),1,Dark - Lighted,Clear,0,1,[],[],0,0,Valid,0.0,0.0,28.0,28.0,['Female'],0,0,3,3,4,Dry,Straight,Level,Lowest,No
17113,24,Maryland,240266,0,1,1,0,2,NOT APPLICABLE,July,1,Saturday,22,59,Rural,Low Speed (Local),No,38.502975,-75.74969167,Non-Intersection,Dark - Not Lighted,Clear,Unknown,Unknown,Unknown EMS Scene Arrival Hour,Unknown EMS Scene Arrival Minutes,Unknown,Unknown EMS Hospital Arrival Time,1,Dark - Unlighted,Clear,1,1,['Driver'],['None_Used'],1,1,Valid,0.0,0.0,39.0,39.0,['Male'],0,0,5,1,1,Dry,Straight,Level,Lowest,No
17114,24,Maryland,240267,1,1,1,0,1,NOT APPLICABLE,July,21,Friday,0,9,Urban,High Speed (Arterial),Yes,38.53198333,-76.98333056,Non-Intersection,Dark - Not Lighted,Clear,Unknown,Unknown,Unknown EMS Scene Arrival Hour,Unknown EMS Scene Arrival Minutes,Not Applicable (Not Transported),Not Applicable (Not Transported),1,Dark - Unlighted,Clear,0,1,[],[],0,0,Invalid,0.0,0.0,999.0,999.0,['Other'],0,0,1,0,4,Dry,Straight,Level,Lowest,No
17115,24,Maryland,240268,0,1,1,0,1,NOT APPLICABLE,July,22,Saturday,7,49,Urban,Medium Speed (Collector),No,39.48430278,-76.26986667,Non-Intersection,Dark - Not Lighted,Reported as Unknown,Unknown,Unknown,Unknown EMS Scene Arrival Hour,Unknown EMS Scene Arrival Minutes,Not Applicable (Not Transported),Not Applicable (Not Transported),1,Dark - Unlighted,Clear,1,0,['Driver'],['None_Used'],1,1,Valid,0.0,1.0,52.0,52.0,['Male'],1,0,5,4,3,Dry,Curve,Level,Lowest,No
17116,24,Maryland,240269,1,1,1,0,1,NOT APPLICABLE,June,25,Sunday,2,10,Urban,High Speed (Arterial),Yes,38.97456944,-76.98500833,Non-Intersection,Dark - Unknown Lighting,Clear,Unknown,Unknown,Unknown EMS Scene Arrival Hour,Unknown EMS Scene Arrival Minutes,Unknown,Unknown EMS Hospital Arrival Time,1,Dark - Unlighted,Clear,0,1,[],[],0,0,Invalid,0.0,0.0,999.0,999.0,['Other'],0,0,3,0,4,Dry,Straight,Grade/Hillcrest,Lowest,No
17117,24,Maryland,240270,1,1,1,0,1,NOT APPLICABLE,July,20,Thursday,20,57,Urban,High Speed (Arterial),Yes,39.067325,-76.53682222,Non-Intersection,Dark - Not Lighted,Clear,Unknown,Unknown,Unknown EMS Scene Arrival Hour,Unknown EMS Scene Arrival Minutes,Unknown,Unknown EMS Hospital Arrival Time,1,Dark - Unlighted,Clear,0,1,[],[],0,0,Valid,0.0,0.0,72.0,72.0,['Female'],0,0,2,3,4,Dry,Straight,Grade/Hillcrest,Lowest,No
17118,24,Maryland,240271,0,1,1,0,1,NOT APPLICABLE,July,20,Thursday,21,32,Urban,Medium Speed (Collector),No,39.16166389,-77.41915278,Non-Intersection,Dark - Unknown Lighting,Clear,Unknown,Unknown,Unknown EMS Scene Arrival Hour,Unknown EMS Scene Arrival Minutes,Not Applicable (Not Transported),Not Applicable (Not Transported),1,Dark - Unlighted,Clear,1,0,['Driver'],['None_Used'],0,0,Valid,0.0,0.0,81.0,81.0,['Female'],0,0,2,4,3,Dry,Curve,Level,Lowest,No
17119,24,Maryland,240272,0,1,1,0,2,NOT APPLICABLE,July,21,Friday,8,7,Urban,Medium Speed (Collector),No,38.93703611,-76.84977778,Non-Intersection,Daylight,Clear,Unknown,Unknown,Unknown EMS Scene Arrival Hour,Unknown EMS Scene Arrival Minutes,Unknown,Unknown EMS Hospital Arrival Time,1,Daylight,Clear,1,1,['Driver'],['Shoulder_Lapbelt'],0,0,Valid,0.0,0.0,17.0,17.0,['Male'],2,0,2,4,3,Wet/Standing Water,Curve,Grade/Hillcrest,Lowest,No
17120,24,Maryland,240273,1,1,1,0,1,NOT APPLICABLE,July,24,Monday,19,51,Urban,Medium Speed (Collector),No,38.81150278,-76.80914722,Non-Intersection,Daylight,Clear,Unknown,Unknown,Unknown EMS Scene Arrival Hour,Unknown EMS Scene Arrival Minutes,Not Applicable (Not Transported),Not Applicable (Not Transported),1,Daylight,Clear,0,1,[],[],1,1,Valid,0.0,0.0,62.0,62.0,['Male'],1,0,2,3,4,Dry,Straight,Grade/Hillcrest,Lowest,No
17121,24,Maryland,240274,0,2,2,0,2,NOT APPLICABLE,July,22,Saturday,21,30,Urban,High Speed (Arterial),Yes,38.55100278,-76.82074444,Simple Junction,Dusk,Not Reported,Unknown,Unknown,Unknown EMS Scene Arrival Hour,Unknown EMS Scene Arrival Minutes,Not Applicable (Not Transported),Not Applicable (Not Transported),1,Twilight,Clear,1,1,['Driver'],['None_Used'],0,0,Valid,0.0,0.0,79.0,25.0,"['Female', 'Male']",0,0,5,4,5,Dry,Straight,Level,Lowest,No
17122,24,Maryland,240275,0,2,2,0,4,NOT APPLICABLE,May,14,Sunday,12,35,Urban,High Speed (Arterial),Yes,39.39801944,-76.54033611,Non-Intersection,Daylight,Clear,Unknown,Unknown,Unknown EMS Scene Arrival Hour,Unknown EMS Scene Arrival Minutes,Unknown,Unknown EMS Hospital Arrival Time,1,Daylight,Clear,1,3,['Driver'],['None_Used'],0,0,Valid,0.0,0.0,51.0,25.0,"['Male', 'Male']",1,0,5,4,5,Dry,Straight,Non-Trafficway,Lowest,No
17123,24,Maryland,240276,0,2,2,0,5,NOT APPLICABLE,July,16,Sunday,14,54,Urban,Medium Speed (Collector),No,38.296025,-76.66361667,Non-Intersection,Daylight,Cloudy,Unknown,Unknown,Unknown EMS Scene Arrival Hour,Unknown EMS Scene Arrival Minutes,Unknown,Unknown EMS Hospital Arrival Time,1,Daylight,Reduced Visibility,1,4,['Front_Passenger'],['None_Used'],0,0,Valid,0.0,0.0,39.0,16.0,"['Male', 'Male']",2,0,3,4,5,Dry,Curve,Level,Lowest,No
17124,24,Maryland,240277,0,2,2,0,3,NOT APPLICABLE,July,27,Thursday,12,40,Urban,Medium Speed (Collector),No,39.54404444,-76.47361667,Complex/Circle,Daylight,Clear,Unknown,Unknown,Unknown EMS Scene Arrival Hour,Unknown EMS Scene Arrival Minutes,Unknown,Unknown EMS Hospital Arrival Time,1,Daylight,Clear,1,2,['Driver'],['Shoulder_Lapbelt'],0,0,Valid,0.0,0.0,78.0,54.0,"['Male', 'Male']",0,0,4,4,5,Dry,Straight,Level,Lowest,No
17125,24,Maryland,240278,0,1,1,0,2,NOT APPLICABLE,July,22,Saturday,19,45,Urban,High Speed (Arterial),Yes,39.58592778,-77.63818889,Non-Intersection,Daylight,Clear,Unknown,Unknown,Unknown EMS Scene Arrival Hour,Unknown EMS Scene Arrival Minutes,Unknown,Unknown EMS Hospital Arrival Time,1,Daylight,Clear,1,1,['Rear_Seat'],['None_Used'],0,0,Valid,0.0,0.0,56.0,56.0,['Male'],0,0,5,3,2,Dry,Curve,Grade/Hillcrest,Lowest,No
17126,24,Maryland,240279,0,2,2,0,2,NOT APPLICABLE,July,28,Friday,9,35,Urban,High Speed (Arterial),Yes,38.75677222,-76.81031944,Complex/Circle,Daylight,Clear,Unknown,Unknown,Unknown EMS Scene Arrival Hour,Unknown EMS Scene Arrival Minutes,Unknown,Unknown EMS Hospital Arrival Time,1,Daylight,Clear,1,1,['Driver'],['Shoulder_Lapbelt'],0,0,Valid,1.0,1.0,64.0,47.0,"['Male', 'Female']",1,0,3,4,5,Dry,Straight,Level,Lowest,No
17127,24,Maryland,240281,0,1,1,0,3,NOT APPLICABLE,July,29,Saturday,5,49,Urban,High Speed (Arterial),Yes,39.07190278,-77.10959167,Non-Intersection,Dawn,Not Reported,Unknown,Unknown,Unknown EMS Scene Arrival Hour,Unknown EMS Scene Arrival Minutes,Unknown,Unknown EMS Hospital Arrival Time,1,Twilight,Clear,1,2,['Driver'],['None_Used'],0,0,Valid,0.0,0.0,22.0,22.0,['Male'],3,0,2,4,2,Dry,Straight,Level,Lowest,No
17128,24,Maryland,240282,0,5,5,0,7,NOT APPLICABLE,July,26,Wednesday,12,30,Urban,High Speed (Arterial),No,38.92743611,-76.88036111,Complex/Circle,Daylight,Clear,Unknown,Unknown,Unknown EMS Scene Arrival Hour,Unknown EMS Scene Arrival Minutes,Unknown,Unknown EMS Hospital Arrival Time,1,Daylight,Clear,1,6,['Driver'],['Shoulder_Lapbelt'],0,0,Valid,0.0,1.0,74.0,41.0,"['Male', 'Female', 'Male', 'Male', 'Male']",0,0,3,4,5,Dry,Straight,Grade/Hillcrest,Lowest,No
17129,24,Maryland,240283,0,2,2,0,4,NOT APPLICABLE,August,1,Tuesday,21,56,Urban,High Speed (Arterial),Yes,39.14653611,-76.60828889,Complex/Circle,Dark - Lighted,Clear,Unknown,Unknown,Unknown EMS Scene Arrival Hour,Unknown EMS Scene Arrival Minutes,Unknown,Unknown EMS Hospital Arrival Time,2,Dark - Lighted,Clear,2,2,"['Driver', 'Front_Passenger']","['None_Used', 'None_Used']",1,1,Valid,0.0,0.0,55.0,29.0,"['Male', 'Female']",0,0,3,4,5,Dry,Straight,Level,Lowest,No
17130,24,Maryland,240284,0,1,1,0,2,NOT APPLICABLE,June,30,Friday,3,50,Urban,Medium Speed (Collector),No,38.78438611,-76.04793611,Non-Intersection,Dark - Lighted,"Fog, Smog, Smoke",Unknown,Unknown,Unknown EMS Scene Arrival Hour,Unknown EMS Scene Arrival Minutes,Unknown,Unknown EMS Hospital Arrival Time,1,Dark - Lighted,Reduced Visibility,1,1,['Front_Passenger'],['None_Used'],0,0,Valid,0.0,0.0,36.0,36.0,['Male'],0,0,3,4,3,Wet/Standing Water,Straight,Level,Medium,No
17131,24,Maryland,240285,0,2,2,0,3,NOT APPLICABLE,July,2,Sunday,10,38,Urban,High Speed (Arterial),Yes,38.95580278,-76.82315556,Simple Junction,Daylight,Clear,Unknown,Unknown,Unknown EMS Scene Arrival Hour,Unknown EMS Scene Arrival Minutes,Unknown,Unknown EMS Hospital Arrival Time,1,Daylight,Clear,1,2,['Driver'],['Shoulder_Lapbelt'],0,0,Valid,0.0,0.0,64.0,50.0,"['Female', 'Male']",0,0,2,4,5,Dry,Straight,Level,Lowest,No
17132,24,Maryland,240286,0,1,1,0,1,NOT APPLICABLE,August,6,Sunday,23,20,Urban,Medium Speed (Collector),No,39.53883611,-75.808175,Non-Intersection,Dark - Lighted,Rain,Unknown,Unknown,Unknown EMS Scene Arrival Hour,Unknown EMS Scene Arrival Minutes,Not Applicable (Not Transported),Not Applicable (Not Transported),1,Dark - Lighted,Rain/Wind/Minor,1,0,['Driver'],['Shoulder_Lapbelt'],1,1,Valid,0.0,0.0,23.0,23.0,['Male'],1,0,3,4,4,Wet/Standing Water,Straight,Level,Lowest,No
17133,24,Maryland,240287,0,2,2,0,2,NOT APPLICABLE,August,5,Saturday,3,19,Urban,High Speed (Arterial),Yes,38.80668611,-76.9837,Non-Intersection,Dark - Not Lighted,Clear,Unknown,Unknown,Unknown EMS Scene Arrival Hour,Unknown EMS Scene Arrival Minutes,Unknown,Unknown EMS Hospital Arrival Time,1,Dark - Unlighted,Clear,1,1,['Driver'],['None_Used'],1,1,Valid,0.0,0.0,28.0,22.0,"['Male', 'Male']",0,0,5,4,5,Dry,Straight,Grade/Hillcrest,Lowest,No
17134,24,Maryland,240288,0,1,1,0,1,NOT APPLICABLE,July,26,Wednesday,6,5,Rural,Medium Speed (Collector),No,39.64011111,-75.86506667,Non-Intersection,Dawn,Clear,Unknown,Unknown,Unknown EMS Scene Arrival Hour,Unknown EMS Scene Arrival Minutes,Not Applicable (Not Transported),Not Applicable (Not Transported),1,Twilight,Clear,1,0,['Driver'],['None_Used'],0,0,Valid,0.0,0.0,58.0,58.0,['Male'],0,0,5,4,3,Dry,Curve,Level,Lowest,No
17135,24,Maryland,240289,0,2,2,0,3,NOT APPLICABLE,August,3,Thursday,16,56,Urban,High Speed (Arterial),Yes,38.26078889,-76.44183056,Simple Junction,Daylight,Cloudy,Unknown,Unknown,Unknown EMS Scene Arrival Hour,Unknown EMS Scene Arrival Minutes,Unknown,Unknown EMS Hospital Arrival Time,1,Daylight,Reduced Visibility,1,2,['Driver'],['None_Used'],0,0,Valid,0.0,1.0,38.0,28.0,"['Female', 'Male']",0,0,5,4,5,Dry,Straight,Level,Lowest,No
17136,24,Maryland,240290,1,1,1,0,1,NOT APPLICABLE,March,1,Wednesday,20,8,Urban,High Speed (Arterial),No,39.31773611,-76.45632778,Complex/Circle,Dark - Not Lighted,Clear,Unknown,Unknown,Unknown EMS Scene Arrival Hour,Unknown EMS Scene Arrival Minutes,Unknown,Unknown EMS Hospital Arrival Time,1,Dark - Unlighted,Clear,0,1,[],[],0,0,Valid,0.0,0.0,37.0,37.0,['Female'],0,0,3,3,4,Dry,Straight,Level,Lowest,No
17137,24,Maryland,240291,0,3,3,0,11,NOT APPLICABLE,August,1,Tuesday,23,43,Urban,High Speed (Arterial),Yes,39.01648889,-77.09861111,Non-Intersection,Dark - Lighted,Clear,Unknown,Unknown,Unknown EMS Scene Arrival Hour,Unknown EMS Scene Arrival Minutes,Unknown,Unknown EMS Hospital Arrival Time,1,Dark - Lighted,Clear,1,10,['Driver'],['Shoulder_Lapbelt'],1,1,Valid,0.0,0.0,36.0,21.0,"['Male', 'Male', 'Female']",0,0,3,4,5,Dry,Straight,Grade/Hillcrest,Lowest,No
17138,24,Maryland,240292,0,1,1,0,2,NOT APPLICABLE,July,26,Wednesday,22,31,Urban,High Speed (Arterial),Yes,38.87011111,-76.84391667,Non-Intersection,Dark - Not Lighted,Clear,Unknown,Unknown,Unknown EMS Scene Arrival Hour,Unknown EMS Scene Arrival Minutes,Unknown,Unknown EMS Hospital Arrival Time,1,Dark - Unlighted,Clear,1,1,['Front_Passenger'],['None_Used'],0,0,Valid,0.0,0.0,25.0,25.0,['Female'],2,0,3,4,3,Dry,Curve,Level,Lowest,No
17139,24,Maryland,240293,0,1,1,0,1,NOT APPLICABLE,July,25,Tuesday,2,43,Urban,High Speed (Arterial),Yes,38.97269167,-76.52444722,Complex/Circle,Dark - Lighted,Clear,Unknown,Unknown,Unknown EMS Scene Arrival Hour,Unknown EMS Scene Arrival Minutes,Not Applicable (Not Transported),Not Applicable (Not Transported),1,Dark - Lighted,Clear,1,0,['Driver'],['None_Used'],1,1,Valid,0.0,0.0,33.0,33.0,['Male'],1,0,5,4,3,Dry,Curve,Level,Lowest,No
17140,24,Maryland,240294,0,1,1,0,1,NOT APPLICABLE,July,30,Sunday,17,45,Urban,Medium Speed (Collector),No,39.16942778,-76.78376667,Non-Intersection,Daylight,Clear,Unknown,Unknown,Unknown EMS Scene Arrival Hour,Unknown EMS Scene Arrival Minutes,Not Applicable (Not Transported),Not Applicable (Not Transported),1,Daylight,Clear,1,0,['Driver'],['None_Used'],0,0,Valid,0.0,0.0,23.0,23.0,['Male'],0,0,5,4,2,Dry,Straight,Level,Lowest,Yes
17141,24,Maryland,240295,0,3,3,0,3,NOT APPLICABLE,August,5,Saturday,11,51,Urban,High Speed (Arterial),Yes,39.42305556,-77.486525,Non-Intersection,Daylight,Cloudy,Unknown,Unknown,Unknown EMS Scene Arrival Hour,Unknown EMS Scene Arrival Minutes,Unknown,Unknown EMS Hospital Arrival Time,1,Daylight,Reduced Visibility,1,2,['Driver'],['Shoulder_Lapbelt'],0,0,Valid,0.0,1.0,74.0,27.0,"['Female', 'Female', 'Male']",0,0,3,4,5,Dry,Straight,Grade/Hillcrest,Lowest,No
17142,24,Maryland,240296,1,1,1,0,1,NOT APPLICABLE,August,6,Sunday,8,51,Urban,High Speed (Arterial),Yes,38.57844722,-76.96138333,Non-Intersection,Reported as Unknown,Reported as Unknown,Unknown,Unknown,Unknown EMS Scene Arrival Hour,Unknown EMS Scene Arrival Minutes,Not Applicable (Not Transported),Not Applicable (Not Transported),1,Dark - Unlighted,Clear,0,1,[],[],0,0,Invalid,0.0,0.0,998.0,998.0,['Other'],0,0,1,0,4,Dry,Straight,Level,Lowest,No
17143,24,Maryland,240297,0,1,1,0,1,NOT APPLICABLE,August,10,Thursday,19,32,Urban,High Speed (Arterial),Yes,39.23061111,-77.28313056,Non-Intersection,Not Reported,Cloudy,Unknown,Unknown,Unknown EMS Scene Arrival Hour,Unknown EMS Scene Arrival Minutes,Not Applicable (Not Transported),Not Applicable (Not Transported),1,Dark - Unlighted,Reduced Visibility,1,0,['Driver'],['None_Used'],0,0,Valid,0.0,0.0,29.0,29.0,['Male'],1,0,5,4,2,Wet/Standing Water,Curve,Grade/Hillcrest,Lowest,No
17144,24,Maryland,240298,0,1,1,0,1,NOT APPLICABLE,August,11,Friday,23,11,Urban,High Speed (Arterial),Yes,39.3114,-76.5025,Non-Intersection,Dark - Not Lighted,Clear,Unknown,Unknown,Unknown EMS Scene Arrival Hour,Unknown EMS Scene Arrival Minutes,Unknown,Unknown EMS Hospital Arrival Time,1,Dark - Unlighted,Clear,1,0,['Driver'],['None_Used'],0,0,Valid,0.0,0.0,48.0,48.0,['Male'],1,0,5,4,3,Dry,Curve,Level,Lowest,No
17145,24,Maryland,240299,1,1,1,0,1,NOT APPLICABLE,August,12,Saturday,20,46,Urban,High Speed (Arterial),No,39.12385278,-76.58793889,Non-Intersection,Dark - Lighted,Not Reported,Unknown,Unknown,Unknown EMS Scene Arrival Hour,Unknown EMS Scene Arrival Minutes,Unknown,Unknown EMS Hospital Arrival Time,1,Dark - Lighted,Clear,0,1,[],[],0,0,Valid,0.0,0.0,34.0,34.0,['Male'],0,0,1,3,4,Dry,Straight,Level,Lowest,No
17146,24,Maryland,240301,0,2,2,0,2,BALTIMORE,August,14,Monday,17,20,Urban,High Speed (Arterial),Yes,39.32638889,-76.67884167,Complex/Circle,Daylight,Rain,Unknown,Unknown,Unknown EMS Scene Arrival Hour,Unknown EMS Scene Arrival Minutes,Unknown,Unknown EMS Hospital Arrival Time,1,Daylight,Rain/Wind/Minor,1,1,['Driver'],['Shoulder_Lapbelt'],0,0,Valid,0.0,0.0,88.0,56.0,"['Male', 'Female']",0,0,3,4,5,Wet/Standing Water,Straight,Level,Lowest,No
17147,24,Maryland,240302,0,4,4,0,4,NOT APPLICABLE,August,12,Saturday,21,17,Urban,High Speed (Arterial),Yes,38.40968889,-76.95440556,Non-Intersection,Dark - Not Lighted,Clear,Unknown,Unknown,Unknown EMS Scene Arrival Hour,Unknown EMS Scene Arrival Minutes,Not Applicable (Not Transported),Not Applicable (Not Transported),1,Dark - Unlighted,Clear,1,3,['Driver'],['None_Used'],0,0,Valid,0.0,0.0,998.0,57.0,"['Male', 'Male', 'Other', 'Other']",1,0,5,4,5,Dry,Straight,Level,Lowest,No
17148,24,Maryland,240304,0,2,2,0,4,NOT APPLICABLE,August,13,Sunday,13,46,Urban,Medium Speed (Collector),No,38.82123056,-76.88656111,Complex/Circle,Daylight,Clear,Unknown,Unknown,Unknown EMS Scene Arrival Hour,Unknown EMS Scene Arrival Minutes,Unknown,Unknown EMS Hospital Arrival Time,1,Daylight,Clear,1,3,['Driver'],['Shoulder_Lapbelt'],0,0,Invalid,0.0,1.0,44.0,31.0,"['Male', 'Male']",1,0,2,4,5,Dry,Straight,Level,Lowest,No
17149,24,Maryland,240305,0,1,1,0,1,NOT APPLICABLE,August,19,Saturday,2,35,Urban,High Speed (Arterial),Yes,39.30486389,-76.74616111,Non-Intersection,Dark - Lighted,Clear,Unknown,Unknown,Unknown EMS Scene Arrival Hour,Unknown EMS Scene Arrival Minutes,Not Applicable (Not Transported),Not Applicable (Not Transported),1,Dark - Lighted,Clear,1,0,['Driver'],['None_Used'],1,1,Valid,0.0,0.0,28.0,28.0,['Female'],1,0,3,4,2,Dry,Curve,Level,Lowest,No
17150,24,Maryland,240306,1,1,1,0,1,NOT APPLICABLE,August,21,Monday,4,23,Urban,High Speed (Arterial),Yes,39.43686111,-76.30370833,Non-Intersection,Dark - Lighted,Clear,Unknown,Unknown,Unknown EMS Scene Arrival Hour,Unknown EMS Scene Arrival Minutes,Not Applicable (Not Transported),Not Applicable (Not Transported),1,Dark - Lighted,Clear,0,1,[],[],0,0,Valid,0.0,0.0,61.0,61.0,['Male'],0,0,3,4,4,Dry,Straight,Level,Lowest,No
17151,24,Maryland,240307,0,2,2,0,3,NOT APPLICABLE,August,5,Saturday,16,32,Rural,Medium Speed (Collector),No,38.27688889,-76.68338056,Non-Intersection,Daylight,Clear,Unknown,Unknown,Unknown EMS Scene Arrival Hour,Unknown EMS Scene Arrival Minutes,Unknown,Unknown EMS Hospital Arrival Time,1,Daylight,Clear,1,2,['Driver'],['None_Used'],1,1,Valid,0.0,0.0,49.0,24.0,"['Male', 'Male']",0,0,5,4,5,Dry,Curve,Level,Lowest,No
17152,24,Maryland,240308,0,1,1,0,1,NOT APPLICABLE,August,6,Sunday,8,33,Rural,Low Speed (Local),No,38.75179722,-76.88586389,Simple Junction,Daylight,Clear,Unknown,Unknown,Unknown EMS Scene Arrival Hour,Unknown EMS Scene Arrival Minutes,Unknown,Unknown EMS Hospital Arrival Time,1,Daylight,Clear,1,0,['Driver'],['Shoulder_Lapbelt'],0,0,Valid,0.0,0.0,67.0,67.0,['Male'],0,0,3,4,3,Dry,Curve,Level,Lowest,No