,State_Code,State_Name,Crash_ID,Count_Non_Motorists,Count_Vehicles_Total,Count_Vehicle_Forms,Count_PVH_Involved,Count_Occupants_MV,City_Name,Month_Name,Day_of_Month,Day_of_Week,Crash_Hour,Crash_Minute,Area_Rural_Urban,Road_Functional_Class,On_NHS_Road,Latitude,Longitude,Intersection_Type,Light_Condition,Weather_Condition,Notif_Hour,Notif_Minute,Arrival_Hour,Arrival_Minute,Hospital_Hour,Hospital_Minute,Fatalities_Count,Clean_Light_Condition,Clean_Weather_Condition,Total_Killed,Total_Alive,Fatal_Seats_List,Killed_Restraint_List,Any_Driver_Drinking,Total_Drinking_Drivers,Driver_License_Category,Driver_Max_Prev_Accident_Count,Driver_Max_Prev_Speeding_Count,Max_Driver_Age,Min_Driver_Age,Driver_Sex_List,Total_Exceeding_Limit_Vehicles,Total_Too_Fast_Vehicles,Max_Vehicle_Type_Severity_5,Max_Vehicle_Damage_Rank,Max_Harmful_Event_Severity,Crash_Road_Surface_Condition,Crash_Horizontal_Alignment,Crash_Vertical_Profile,Crash_Impairment_Category,Crash_Vehicle_Defect
17153,24,Maryland,240309,0,2,2,0,2,NOT APPLICABLE,August,8,Tuesday,19,53,Urban,High Speed (Arterial),Yes,39.26528889,-76.71150278,Non-Intersection,Daylight,Clear,Unknown,Unknown,Unknown EMS Scene Arrival Hour,Unknown EMS Scene Arrival Minutes,Not Applicable (Not Transported),Not Applicable (Not Transported),1,Daylight,Clear,1,1,['Driver'],['None_Used'],0,0,Valid,0.0,0.0,50.0,36.0,"['Male', 'Female']",1,0,5,4,5,Dry,Straight,Level,Lowest,No
17154,24,Maryland,240310,1,1,1,0,1,NOT APPLICABLE,August,9,Wednesday,22,38,Urban,High Speed (Arterial),Yes,39.11199444,-76.83568889,Non-Intersection,Dark - Not Lighted,Clear,Unknown,Unknown,Unknown EMS Scene Arrival Hour,Unknown EMS Scene Arrival Minutes,Not Applicable (Not Transported),Not Applicable (Not Transported),1,Dark - Unlighted,Clear,0,1,[],[],0,0,Valid,0.0,0.0,21.0,21.0,['Male'],0,0,2,3,4,Dry,Straight,Level,Lowest,No
17155,24,Maryland,240312,0,1,1,0,2,NOT APPLICABLE,August,17,Thursday,3,20,Urban,Medium Speed (Collector),No,39.33721944,-77.50400833,Non-Intersection,Dark - Not Lighted,Clear,Unknown,Unknown,Unknown EMS Scene Arrival Hour,Unknown EMS Scene Arrival Minutes,Not Applicable (Not Transported),Not Applicable (Not Transported),1,Dark - Unlighted,Clear,1,0,['Front_Passenger'],['None_Used'],0,0,Invalid,0.0,0.0,998.0,998.0,['Other'],0,0,2,4,3,Dry,Curve,Level,Lowest,No
17156,24,Maryland,240314,0,2,2,0,3,NOT APPLICABLE,August,16,Wednesday,11,0,Urban,Medium Speed (Collector),No,38.98953333,-76.31158611,Non-Intersection,Daylight,Clear,Unknown,Unknown,Unknown EMS Scene Arrival Hour,Unknown EMS Scene Arrival Minutes,Unknown,Unknown EMS Hospital Arrival Time,1,Daylight,Clear,1,2,['Front_Passenger'],['Shoulder_Lapbelt'],0,0,Valid,0.0,0.0,64.0,33.0,"['Male', 'Female']",0,0,3,4,5,Dry,Straight,Level,Lowest,No
17157,24,Maryland,240315,0,1,1,0,1,NOT APPLICABLE,July,9,Sunday,18,42,Urban,High Speed (Arterial),Yes,39.42366944,-76.45031667,Non-Intersection,Daylight,Clear,Unknown,Unknown,Unknown EMS Scene Arrival Hour,Unknown EMS Scene Arrival Minutes,Unknown,Unknown EMS Hospital Arrival Time,1,Daylight,Clear,1,0,['Driver'],['Shoulder_Lapbelt'],0,0,Valid,0.0,0.0,88.0,88.0,['Male'],1,0,2,4,3,Wet/Standing Water,Straight,Level,Lowest,No
17158,24,Maryland,240316,1,1,1,0,1,NOT APPLICABLE,August,21,Monday,0,37,Urban,High Speed (Arterial),Yes,38.70483333,-76.86101667,Non-Intersection,Dark - Not Lighted,Clear,Unknown,Unknown,Unknown EMS Scene Arrival Hour,Unknown EMS Scene Arrival Minutes,Not Applicable (Not Transported),Not Applicable (Not Transported),1,Dark - Unlighted,Clear,0,1,[],[],0,0,Invalid,0.0,0.0,999.0,999.0,['Other'],0,0,1,3,4,Dry,Straight,Level,Lowest,No
17159,24,Maryland,240317,3,2,2,0,4,BALTIMORE,August,7,Monday,1,14,Urban,High Speed (Arterial),Yes,39.26196111,-76.58442778,Non-Intersection,Dark - Lighted,Not Reported,Unknown,Unknown,Unknown EMS Scene Arrival Hour,Unknown EMS Scene Arrival Minutes,Unknown,Unknown EMS Hospital Arrival Time,1,Dark - Lighted,Clear,0,4,[],[],0,0,Valid,0.0,0.0,47.0,47.0,['Male'],0,0,4,4,5,Dry,Curve,Level,Lowest,Yes
17160,24,Maryland,240318,0,3,2,1,3,NOT APPLICABLE,August,27,Sunday,11,18,Urban,High Speed (Arterial),No,38.50990278,-76.66186111,Non-Intersection,Daylight,Cloudy,Unknown,Unknown,Unknown EMS Scene Arrival Hour,Unknown EMS Scene Arrival Minutes,Unknown,Unknown EMS Hospital Arrival Time,1,Daylight,Reduced Visibility,1,2,['Driver'],['Lapbelt_Only'],0,0,Valid,0.0,0.0,74.0,25.0,"['Male', 'Male']",1,0,2,4,5,Dry,Curve,Level,Lowest,Yes
17161,24,Maryland,240320,0,1,1,0,1,NOT APPLICABLE,August,16,Wednesday,18,40,Urban,Medium Speed (Collector),No,39.09184722,-76.76933056,Non-Intersection,Daylight,Clear,Unknown,Unknown,Unknown EMS Scene Arrival Hour,Unknown EMS Scene Arrival Minutes,Not Applicable (Not Transported),Not Applicable (Not Transported),1,Daylight,Clear,1,0,['Driver'],['Shoulder_Lapbelt'],1,1,Valid,0.0,0.0,44.0,44.0,['Male'],0,0,3,4,3,Dry,Straight,Level,Lowest,No
17162,24,Maryland,240321,0,2,2,0,4,NOT APPLICABLE,August,28,Monday,20,44,Urban,Medium Speed (Collector),No,38.96751389,-76.85504722,Simple Junction,Dark - Lighted,Clear,Unknown,Unknown,Unknown EMS Scene Arrival Hour,Unknown EMS Scene Arrival Minutes,Unknown,Unknown EMS Hospital Arrival Time,1,Dark - Lighted,Clear,1,3,['Rear_Seat'],['None_Used'],0,0,Valid,0.0,0.0,21.0,19.0,"['Male', 'Male']",0,0,5,4,5,Dry,Straight,Level,Lowest,No
17163,24,Maryland,240322,0,2,2,0,2,NOT APPLICABLE,August,30,Wednesday,7,28,Urban,High Speed (Arterial),Yes,38.91645278,-76.88285556,Complex/Circle,Daylight,Cloudy,Unknown,Unknown,Unknown EMS Scene Arrival Hour,Unknown EMS Scene Arrival Minutes,Not Applicable (Not Transported),Not Applicable (Not Transported),1,Daylight,Reduced Visibility,1,1,['Driver'],['None_Used'],1,1,Valid,0.0,0.0,62.0,58.0,"['Male', 'Male']",0,0,5,4,5,Dry,Straight,Level,Lowest,No
17164,24,Maryland,240323,0,2,2,0,3,NOT APPLICABLE,August,30,Wednesday,22,58,Urban,High Speed (Arterial),Yes,38.91890278,-76.9117,Non-Intersection,Dark - Not Lighted,Clear,Unknown,Unknown,Unknown EMS Scene Arrival Hour,Unknown EMS Scene Arrival Minutes,Unknown,Unknown EMS Hospital Arrival Time,1,Dark - Unlighted,Clear,1,2,['Front_Passenger'],['Shoulder_Lapbelt'],1,1,Valid,0.0,0.0,62.0,25.0,"['Male', 'Male']",2,0,4,4,5,Dry,Straight,Level,Lowest,No
17165,24,Maryland,240324,0,1,1,0,1,NOT APPLICABLE,September,1,Friday,1,9,Urban,High Speed (Arterial),Yes,38.99486111,-77.04364722,Non-Intersection,Dark - Lighted,Clear,Unknown,Unknown,Unknown EMS Scene Arrival Hour,Unknown EMS Scene Arrival Minutes,Not Applicable (Not Transported),Not Applicable (Not Transported),1,Dark - Lighted,Clear,1,0,['Driver'],['Shoulder_Lapbelt'],1,1,Valid,0.0,0.0,22.0,22.0,['Male'],1,0,2,4,3,Dry,Curve,Grade/Hillcrest,Lowest,No
17166,24,Maryland,240325,0,6,6,0,9,NOT APPLICABLE,September,1,Friday,9,36,Urban,High Speed (Arterial),Yes,39.69838056,-77.73804722,Non-Intersection,Daylight,Clear,Unknown,Unknown,Unknown EMS Scene Arrival Hour,Unknown EMS Scene Arrival Minutes,Unknown,Unknown EMS Hospital Arrival Time,2,Daylight,Clear,2,7,"['Driver', 'Rear_Seat']","['Shoulder_Lapbelt', 'None_Used']",0,0,Valid,0.0,0.0,65.0,38.0,"['Male', 'Male', 'Male', 'Male', 'Male', 'Male']",4,0,4,4,5,Dry,Straight,Level,Lowest,No
17167,24,Maryland,240326,0,1,1,0,1,NOT APPLICABLE,September,3,Sunday,17,33,Urban,Medium Speed (Collector),No,39.53108056,-79.24106944,Simple Junction,Daylight,Clear,Unknown,Unknown,Unknown EMS Scene Arrival Hour,Unknown EMS Scene Arrival Minutes,Not Applicable (Not Transported),Not Applicable (Not Transported),1,Daylight,Clear,1,0,['Driver'],['None_Used'],1,1,Valid,0.0,0.0,49.0,49.0,['Male'],0,0,5,4,2,Dry,Straight,Level,Lowest,No
17168,24,Maryland,240327,0,1,1,0,1,NOT APPLICABLE,August,24,Thursday,0,34,Rural,Low Speed (Local),No,39.68406944,-77.55145278,Non-Intersection,Dark - Not Lighted,Severe Crosswinds,Unknown,Unknown,Unknown EMS Scene Arrival Hour,Unknown EMS Scene Arrival Minutes,Unknown,Unknown EMS Hospital Arrival Time,1,Dark - Unlighted,Rain/Wind/Minor,1,0,['Driver'],['None_Used'],0,0,Valid,0.0,1.0,60.0,60.0,['Male'],0,0,5,2,3,Dry,Curve,Level,Lowest,No
17169,24,Maryland,240328,1,1,1,0,1,NOT APPLICABLE,April,6,Thursday,20,3,Urban,High Speed (Arterial),Yes,38.99034444,-76.98745556,Complex/Circle,Dark - Lighted,Cloudy,Unknown,Unknown,Unknown EMS Scene Arrival Hour,Unknown EMS Scene Arrival Minutes,0:00am-0:59am,0,1,Dark - Lighted,Reduced Visibility,0,1,[],[],0,0,Invalid,0.0,0.0,998.0,998.0,['Other'],0,0,1,0,4,Wet/Standing Water,Straight,Level,Lowest,No
17170,24,Maryland,240329,1,1,1,0,1,NOT APPLICABLE,September,5,Tuesday,21,24,Urban,High Speed (Arterial),Yes,39.09328333,-77.00101667,Non-Intersection,Dark - Not Lighted,Clear,Unknown,Unknown,Unknown EMS Scene Arrival Hour,Unknown EMS Scene Arrival Minutes,Not Applicable (Not Transported),Not Applicable (Not Transported),1,Dark - Unlighted,Clear,0,1,[],[],0,0,Valid,0.0,0.0,34.0,34.0,['Female'],0,0,2,3,4,Dry,Straight,Level,Lowest,No
17171,24,Maryland,240330,0,2,2,0,2,NOT APPLICABLE,August,29,Tuesday,8,52,Urban,Medium Speed (Collector),No,38.78894167,-76.93745556,Non-Intersection,Daylight,Rain,Unknown,Unknown,Unknown EMS Scene Arrival Hour,Unknown EMS Scene Arrival Minutes,Unknown,Unknown EMS Hospital Arrival Time,1,Daylight,Rain/Wind/Minor,1,1,['Driver'],['Shoulder_Lapbelt'],0,0,Valid,0.0,0.0,24.0,22.0,"['Male', 'Female']",1,0,2,4,5,Wet/Standing Water,Straight,Level,Lowest,No
17172,24,Maryland,240331,1,3,3,0,4,NOT APPLICABLE,August,30,Wednesday,21,49,Urban,High Speed (Arterial),Yes,39.17841111,-77.23859722,Complex/Circle,Dark - Lighted,Clear,Unknown,Unknown,Unknown EMS Scene Arrival Hour,Unknown EMS Scene Arrival Minutes,Not Applicable (Not Transported),Not Applicable (Not Transported),1,Dark - Lighted,Clear,0,4,[],[],0,0,Valid,0.0,1.0,52.0,20.0,"['Male', 'Male', 'Female']",0,0,2,4,4,Dry,Straight,Level,Lowest,No
17173,24,Maryland,240332,0,2,2,0,3,NOT APPLICABLE,August,23,Wednesday,2,33,Urban,High Speed (Arterial),Yes,38.933375,-76.90780833,Complex/Circle,Dark - Lighted,Cloudy,Unknown,Unknown,Unknown EMS Scene Arrival Hour,Unknown EMS Scene Arrival Minutes,Not Applicable (Not Transported),Not Applicable (Not Transported),2,Dark - Lighted,Reduced Visibility,2,1,"['Driver', 'Front_Passenger']","['Shoulder_Lapbelt', 'Shoulder_Lapbelt']",0,0,Valid,0.0,0.0,998.0,42.0,"['Male', 'Other']",0,0,3,4,3,Dry,Straight,Level,Lowest,No
17174,24,Maryland,240333,0,1,1,0,1,NOT APPLICABLE,August,17,Thursday,15,29,Urban,High Speed (Arterial),Yes,39.44217778,-76.82499167,Non-Intersection,Daylight,Clear,Unknown,Unknown,Unknown EMS Scene Arrival Hour,Unknown EMS Scene Arrival Minutes,Not Applicable (Not Transported),Not Applicable (Not Transported),1,Daylight,Clear,1,0,['Driver'],['None_Used'],1,1,Valid,0.0,0.0,64.0,64.0,['Male'],0,0,3,4,2,Dry,Curve,Grade/Hillcrest,Lowest,No
17175,24,Maryland,240334,1,4,3,1,3,NOT APPLICABLE,August,31,Thursday,12,11,Urban,High Speed (Arterial),Yes,39.05136389,-76.92978056,Non-Intersection,Daylight,Clear,Unknown,Unknown,Unknown EMS Scene Arrival Hour,Unknown EMS Scene Arrival Minutes,Unknown,Unknown EMS Hospital Arrival Time,1,Daylight,Clear,0,3,[],[],0,0,Valid,0.0,0.0,76.0,24.0,"['Male', 'Female', 'Male']",0,0,4,4,5,Dry,Straight,Level,Medium,No
17176,24,Maryland,240335,0,4,4,0,4,NOT APPLICABLE,September,2,Saturday,14,31,Urban,High Speed (Arterial),Yes,39.42037222,-76.65049722,Non-Intersection,Daylight,Clear,Unknown,Unknown,Unknown EMS Scene Arrival Hour,Unknown EMS Scene Arrival Minutes,Unknown,Unknown EMS Hospital Arrival Time,1,Daylight,Clear,1,3,['Driver'],['None_Used'],0,0,Valid,0.0,0.0,998.0,22.0,"['Male', 'Female', 'Other', 'Male']",1,0,5,4,5,Dry,Straight,Level,Lowest,No
17177,24,Maryland,240336,1,2,2,0,1,NOT APPLICABLE,September,6,Wednesday,5,36,Urban,Medium Speed (Collector),No,39.29952222,-77.30426944,Non-Intersection,Dark - Not Lighted,Clear,Unknown,Unknown,Unknown EMS Scene Arrival Hour,Unknown EMS Scene Arrival Minutes,Unknown,Unknown EMS Hospital Arrival Time,1,Dark - Unlighted,Clear,0,1,[],[],0,0,Valid,0.0,0.0,53.0,53.0,['Male'],0,0,4,4,5,Dry,Straight,Level,Lowest,No
17178,24,Maryland,240337,0,3,3,0,5,NOT APPLICABLE,August,24,Thursday,21,51,Urban,High Speed (Arterial),Yes,38.68527778,-76.99515,Complex/Circle,Dark - Lighted,Cloudy,Unknown,Unknown,Unknown EMS Scene Arrival Hour,Unknown EMS Scene Arrival Minutes,Unknown,Unknown EMS Hospital Arrival Time,1,Dark - Lighted,Reduced Visibility,1,4,['Driver'],['Shoulder_Lapbelt'],0,0,Valid,0.0,0.0,59.0,20.0,"['Male', 'Male', 'Male']",0,0,3,4,5,Dry,Straight,Level,Lowest,No
17179,24,Maryland,240338,0,2,2,0,2,NOT APPLICABLE,September,1,Friday,11,32,Urban,High Speed (Arterial),Yes,38.98422778,-76.87913333,Non-Intersection,Daylight,Clear,Unknown,Unknown,Unknown EMS Scene Arrival Hour,Unknown EMS Scene Arrival Minutes,Not Applicable (Not Transported),Not Applicable (Not Transported),1,Daylight,Clear,1,1,['Driver'],['None_Used'],0,0,Valid,0.0,0.0,64.0,31.0,"['Male', 'Male']",1,0,5,4,5,Dry,Straight,Level,Lowest,No
17180,24,Maryland,240339,1,1,1,0,1,NOT APPLICABLE,August,20,Sunday,3,15,Urban,High Speed (Arterial),Yes,38.98350278,-76.977925,Non-Intersection,Dark - Lighted,Clear,Unknown,Unknown,Unknown EMS Scene Arrival Hour,Unknown EMS Scene Arrival Minutes,Not Applicable (Not Transported),Not Applicable (Not Transported),1,Dark - Lighted,Clear,0,1,[],[],0,0,Invalid,0.0,0.0,999.0,999.0,['Other'],0,0,1,2,4,Dry,Curve,Level,Lowest,No
17181,24,Maryland,240340,0,4,4,0,5,NOT APPLICABLE,August,25,Friday,15,46,Urban,High Speed (Arterial),Yes,39.42886389,-77.41974167,Non-Intersection,Daylight,Clear,Unknown,Unknown,Unknown EMS Scene Arrival Hour,Unknown EMS Scene Arrival Minutes,Not Applicable (Not Transported),Not Applicable (Not Transported),1,Daylight,Clear,1,4,['Driver'],['Shoulder_Lapbelt'],0,0,Valid,0.0,1.0,67.0,18.0,"['Female', 'Female', 'Male', 'Female']",0,0,3,4,5,Dry,Straight,Level,Lowest,No
17182,24,Maryland,240341,1,1,1,0,1,NOT APPLICABLE,September,4,Monday,13,56,Urban,High Speed (Arterial),Yes,39.30555278,-76.79493889,Non-Intersection,Daylight,Clear,Unknown,Unknown,Unknown EMS Scene Arrival Hour,Unknown EMS Scene Arrival Minutes,Unknown,Unknown EMS Hospital Arrival Time,1,Daylight,Clear,0,1,[],[],0,0,Valid,0.0,0.0,65.0,65.0,['Female'],0,0,3,2,4,Dry,Straight,Level,Lowest,No
17183,24,Maryland,240342,1,1,1,0,1,NOT APPLICABLE,September,9,Saturday,23,5,Urban,High Speed (Arterial),Yes,39.05451944,-76.89353333,Non-Intersection,Dark - Not Lighted,Cloudy,0:00am-0:59am,0,0:00am-0:59am,0,0:00am-0:59am,0,1,Dark - Unlighted,Reduced Visibility,0,1,[],[],0,0,Valid,0.0,0.0,56.0,56.0,['Female'],0,0,2,3,4,Wet/Standing Water,Straight,Level,Lowest,No
17184,24,Maryland,240343,1,1,1,0,1,BALTIMORE,March,18,Saturday,20,6,Urban,High Speed (Arterial),Yes,39.31000278,-76.64423889,Non-Intersection,Dark - Lighted,Cloudy,Unknown,Unknown,Unknown EMS Scene Arrival Hour,Unknown EMS Scene Arrival Minutes,Unknown,Unknown EMS Hospital Arrival Time,1,Dark - Lighted,Reduced Visibility,0,1,[],[],1,1,Invalid,0.0,1.0,48.0,48.0,['Male'],1,0,3,2,4,Dry,Straight,Level,Lowest,No
17185,24,Maryland,240344,0,2,1,1,2,BALTIMORE,March,26,Sunday,0,0,Urban,Medium Speed (Collector),No,39.35323611,-76.63388611,Non-Intersection,Dark - Lighted,"Fog, Smog, Smoke",Unknown,Unknown,Unknown EMS Scene Arrival Hour,Unknown EMS Scene Arrival Minutes,Unknown,Unknown EMS Hospital Arrival Time,1,Dark - Lighted,Reduced Visibility,1,1,['Front_Passenger'],['Shoulder_Lapbelt'],0,0,Valid,0.0,0.0,58.0,58.0,['Male'],2,0,2,4,5,Wet/Standing Water,Curve,Level,Lowest,No
17186,24,Maryland,240345,0,1,1,0,2,NOT APPLICABLE,September,4,Monday,20,31,Urban,High Speed (Arterial),Yes,39.17394722,-76.88102778,Non-Intersection,Dark - Lighted,Clear,Unknown,Unknown,Unknown EMS Scene Arrival Hour,Unknown EMS Scene Arrival Minutes,Unknown,Unknown EMS Hospital Arrival Time,1,Dark - Lighted,Clear,1,1,['Driver'],['None_Used'],0,0,Valid,0.0,0.0,22.0,22.0,['Male'],0,0,5,4,2,Dry,Straight,Grade/Hillcrest,Lowest,No
17187,24,Maryland,240346,0,1,1,0,1,NOT APPLICABLE,September,6,Wednesday,14,50,Urban,Medium Speed (Collector),No,38.37781667,-76.70871667,Non-Intersection,Daylight,Clear,Unknown,Unknown,Unknown EMS Scene Arrival Hour,Unknown EMS Scene Arrival Minutes,Not Applicable (Not Transported),Not Applicable (Not Transported),1,Daylight,Clear,1,0,['Driver'],['Shoulder_Lapbelt'],0,0,Valid,0.0,0.0,51.0,51.0,['Male'],0,0,3,4,1,Dry,Straight,Level,Lowest,No
17188,24,Maryland,240347,0,5,5,0,7,NOT APPLICABLE,September,7,Thursday,21,14,Urban,High Speed (Arterial),Yes,39.65339444,-77.76388611,Non-Intersection,Dark - Not Lighted,Cloudy,Unknown,Unknown,Unknown EMS Scene Arrival Hour,Unknown EMS Scene Arrival Minutes,Not Applicable (Not Transported),Not Applicable (Not Transported),2,Dark - Unlighted,Reduced Visibility,2,5,"['Driver', 'Rear_Seat']","['None_Used', 'None_Used']",0,0,Valid,0.0,0.0,46.0,18.0,"['Male', 'Male', 'Male', 'Male', 'Female']",1,0,5,4,5,Wet/Standing Water,Straight,Level,Lowest,No
17189,24,Maryland,240348,0,2,2,0,9,BALTIMORE,February,15,Wednesday,22,15,Urban,High Speed (Arterial),Yes,39.31051389,-76.54109722,Simple Junction,Dark - Lighted,Cloudy,Unknown,Unknown,Unknown EMS Scene Arrival Hour,Unknown EMS Scene Arrival Minutes,Unknown,Unknown EMS Hospital Arrival Time,1,Dark - Lighted,Reduced Visibility,1,8,['Rear_Seat'],['None_Used'],1,1,Valid,0.0,0.0,40.0,30.0,"['Male', 'Male']",2,0,3,4,5,Dry,Straight,Level,Lowest,No
17190,24,Maryland,240349,1,1,1,0,3,NOT APPLICABLE,September,3,Sunday,4,48,Urban,Medium Speed (Collector),No,38.65781944,-76.53019167,Non-Intersection,Dark - Not Lighted,Clear,Unknown,Unknown,Unknown EMS Scene Arrival Hour,Unknown EMS Scene Arrival Minutes,Not Applicable (Not Transported),Not Applicable (Not Transported),1,Dark - Unlighted,Clear,0,3,[],[],0,0,Valid,0.0,0.0,59.0,59.0,['Male'],0,0,3,3,4,Dry,Straight,Grade/Hillcrest,Lowest,No
17191,24,Maryland,240350,1,1,1,0,1,NOT APPLICABLE,September,13,Wednesday,4,12,Urban,High Speed (Arterial),No,39.02987222,-76.98370833,Simple Junction,Dark - Lighted,Cloudy,Unknown,Unknown,Unknown EMS Scene Arrival Hour,Unknown EMS Scene Arrival Minutes,Unknown,Unknown EMS Hospital Arrival Time,1,Dark - Lighted,Reduced Visibility,0,1,[],[],0,0,Valid,0.0,2.0,42.0,42.0,['Male'],1,0,3,3,4,Wet/Standing Water,Straight,Level,Lowest,No
17192,24,Maryland,240351,0,2,2,0,14,NOT APPLICABLE,August,31,Thursday,3,22,Urban,High Speed (Arterial),Yes,39.15386111,-76.82557778,Non-Intersection,Dark - Lighted,Clear,Unknown,Unknown,Unknown EMS Scene Arrival Hour,Unknown EMS Scene Arrival Minutes,Unknown,Unknown EMS Hospital Arrival Time,1,Dark - Lighted,Clear,1,13,['Driver'],['None_Used'],1,1,Valid,0.0,0.0,53.0,37.0,"['Male', 'Female']",0,0,4,4,5,Dry,Straight,Level,Lowest,No
17193,24,Maryland,240352,0,2,2,0,3,NOT APPLICABLE,August,26,Saturday,20,20,Urban,High Speed (Arterial),Yes,39.06064722,-76.53053611,Non-Intersection,Dark - Not Lighted,Clear,Unknown,Unknown,Unknown EMS Scene Arrival Hour,Unknown EMS Scene Arrival Minutes,Unknown,Unknown EMS Hospital Arrival Time,1,Dark - Unlighted,Clear,1,2,['Front_Passenger'],['Shoulder_Lapbelt'],0,0,Valid,0.0,0.0,80.0,52.0,"['Female', 'Male']",0,0,3,4,5,Dry,Straight,Level,Lowest,No
17194,24,Maryland,240353,1,1,1,0,1,NOT APPLICABLE,February,15,Wednesday,16,5,Urban,High Speed (Arterial),Yes,39.34283333,-76.727925,Complex/Circle,Daylight,Clear,Unknown,Unknown,Unknown EMS Scene Arrival Hour,Unknown EMS Scene Arrival Minutes,Unknown,Unknown EMS Hospital Arrival Time,1,Daylight,Clear,0,1,[],[],0,0,Valid,0.0,0.0,29.0,29.0,['Male'],0,0,3,4,4,Dry,Straight,Grade/Hillcrest,Medium,No
17195,24,Maryland,240354,0,2,2,0,2,NOT APPLICABLE,September,14,Thursday,16,10,Urban,Medium Speed (Collector),No,39.58884722,-75.97178056,Non-Intersection,Daylight,Clear,Unknown,Unknown,Unknown EMS Scene Arrival Hour,Unknown EMS Scene Arrival Minutes,Unknown,Unknown EMS Hospital Arrival Time,1,Daylight,Clear,1,1,['Driver'],['Shoulder_Lapbelt'],0,0,Valid,0.0,0.0,66.0,43.0,"['Male', 'Male']",0,0,3,4,5,Dry,Straight,Grade/Hillcrest,Lowest,No
17196,24,Maryland,240355,1,2,2,0,2,NOT APPLICABLE,July,3,Monday,23,42,Urban,Medium Speed (Collector),No,39.32053056,-76.75825833,Complex/Circle,Dark - Lighted,Rain,Unknown,Unknown,Unknown EMS Scene Arrival Hour,Unknown EMS Scene Arrival Minutes,Unknown,Unknown EMS Hospital Arrival Time,1,Dark - Lighted,Rain/Wind/Minor,0,2,[],[],0,0,Valid,0.0,0.0,998.0,55.0,"['Male', 'Other']",0,0,2,2,4,Wet/Standing Water,Straight,Level,Lowest,No
17197,24,Maryland,240356,1,1,1,0,1,NOT APPLICABLE,September,11,Monday,6,0,Urban,High Speed (Arterial),Yes,38.34533056,-75.16516389,Simple Junction,Dawn,"Fog, Smog, Smoke",Unknown,Unknown,Unknown EMS Scene Arrival Hour,Unknown EMS Scene Arrival Minutes,Unknown,Unknown EMS Hospital Arrival Time,1,Twilight,Reduced Visibility,0,1,[],[],0,0,Valid,0.0,0.0,45.0,45.0,['Female'],0,0,2,3,4,Dry,Straight,Level,Lowest,No
17198,24,Maryland,240357,0,1,1,0,3,NOT APPLICABLE,September,15,Friday,23,5,Rural,Low Speed (Local),No,39.57730278,-78.54746111,Non-Intersection,Dark - Not Lighted,Clear,Unknown,Unknown,Unknown EMS Scene Arrival Hour,Unknown EMS Scene Arrival Minutes,Unknown,Unknown EMS Hospital Arrival Time,1,Dark - Unlighted,Clear,1,2,['Front_Passenger'],['None_Used'],1,1,Valid,0.0,0.0,22.0,22.0,['Male'],3,0,2,4,3,Dry,Curve,Level,Lowest,No
17199,24,Maryland,240358,1,1,1,0,1,NOT APPLICABLE,September,3,Sunday,21,19,Urban,High Speed (Arterial),No,38.90032222,-76.79195,Complex/Circle,Dark - Lighted,Clear,Unknown,Unknown,Unknown EMS Scene Arrival Hour,Unknown EMS Scene Arrival Minutes,Unknown,Unknown EMS Hospital Arrival Time,1,Dark - Lighted,Clear,0,1,[],[],0,0,Valid,0.0,0.0,65.0,65.0,['Female'],0,0,3,2,4,Dry,Straight,Level,Lowest,No
17200,24,Maryland,240359,0,2,2,0,3,NOT APPLICABLE,September,13,Wednesday,20,34,Urban,Medium Speed (Collector),No,38.90678889,-76.90484444,Non-Intersection,Dark - Lighted,Clear,Unknown,Unknown,Unknown EMS Scene Arrival Hour,Unknown EMS Scene Arrival Minutes,Unknown,Unknown EMS Hospital Arrival Time,1,Dark - Lighted,Clear,1,2,['Driver'],['Shoulder_Lapbelt'],0,0,Valid,0.0,0.0,54.0,30.0,"['Male', 'Female']",1,0,3,4,5,Dry,Straight,Level,Lowest,No
17201,24,Maryland,240360,0,1,1,0,1,NOT APPLICABLE,September,1,Friday,15,10,Urban,Medium Speed (Collector),No,38.313075,-75.64227778,Non-Intersection,Daylight,Clear,Unknown,Unknown,Unknown EMS Scene Arrival Hour,Unknown EMS Scene Arrival Minutes,Unknown,Unknown EMS Hospital Arrival Time,1,Daylight,Clear,1,0,['Driver'],['Shoulder_Lapbelt'],0,0,Valid,0.0,0.0,57.0,57.0,['Male'],0,0,3,4,2,Dry,Curve,Level,Lowest,No
17202,24,Maryland,240361,0,1,1,0,1,NOT APPLICABLE,September,12,Tuesday,22,3,Urban,High Speed (Arterial),No,38.80188056,-76.75746111,Non-Intersection,Dark - Lighted,Cloudy,Unknown,Unknown,Unknown EMS Scene Arrival Hour,Unknown EMS Scene Arrival Minutes,Not Applicable (Not Transported),Not Applicable (Not Transported),1,Dark - Lighted,Reduced Visibility,1,0,['Driver'],['None_Used'],1,1,Valid,0.0,0.0,38.0,38.0,['Male'],0,0,3,4,3,Dry,Curve,Level,Lowest,No