,State_Code,State_Name,Crash_ID,Count_Non_Motorists,Count_Vehicles_Total,Count_Vehicle_Forms,Count_PVH_Involved,Count_Occupants_MV,City_Name,Month_Name,Day_of_Month,Day_of_Week,Crash_Hour,Crash_Minute,Area_Rural_Urban,Road_Functional_Class,On_NHS_Road,Latitude,Longitude,Intersection_Type,Light_Condition,Weather_Condition,Notif_Hour,Notif_Minute,Arrival_Hour,Arrival_Minute,Hospital_Hour,Hospital_Minute,Fatalities_Count,Clean_Light_Condition,Clean_Weather_Condition,Total_Killed,Total_Alive,Fatal_Seats_List,Killed_Restraint_List,Any_Driver_Drinking,Total_Drinking_Drivers,Driver_License_Category,Driver_Max_Prev_Accident_Count,Driver_Max_Prev_Speeding_Count,Max_Driver_Age,Min_Driver_Age,Driver_Sex_List,Total_Exceeding_Limit_Vehicles,Total_Too_Fast_Vehicles,Max_Vehicle_Type_Severity_5,Max_Vehicle_Damage_Rank,Max_Harmful_Event_Severity,Crash_Road_Surface_Condition,Crash_Horizontal_Alignment,Crash_Vertical_Profile,Crash_Impairment_Category,Crash_Vehicle_Defect
17203,24,Maryland,240362,1,2,2,0,2,NOT APPLICABLE,September,21,Thursday,22,44,Urban,High Speed (Arterial),Yes,39.17733889,-76.79007222,Non-Intersection,Dark - Lighted,Clear,Unknown,Unknown,Unknown EMS Scene Arrival Hour,Unknown EMS Scene Arrival Minutes,Unknown,Unknown EMS Hospital Arrival Time,1,Dark - Lighted,Clear,0,2,[],[],1,1,Valid,0.0,0.0,42.0,34.0,"['Female', 'Male']",0,0,3,4,5,Dry,Straight,Level,Lowest,No
17204,24,Maryland,240363,1,1,1,0,1,NOT APPLICABLE,September,22,Friday,5,42,Urban,Medium Speed (Collector),No,38.53900556,-76.78741944,Non-Intersection,Dark - Not Lighted,Clear,Unknown,Unknown,Unknown EMS Scene Arrival Hour,Unknown EMS Scene Arrival Minutes,Not Applicable (Not Transported),Not Applicable (Not Transported),1,Dark - Unlighted,Clear,0,1,[],[],0,0,Valid,0.0,0.0,40.0,40.0,['Male'],0,0,3,3,4,Dry,Straight,Level,Lowest,No
17205,24,Maryland,240364,0,1,1,0,3,NOT APPLICABLE,September,23,Saturday,3,30,Urban,High Speed (Arterial),Yes,39.64130278,-75.938425,Non-Intersection,Dark - Lighted,Rain,Unknown,Unknown,Unknown EMS Scene Arrival Hour,Unknown EMS Scene Arrival Minutes,Unknown,Unknown EMS Hospital Arrival Time,1,Dark - Lighted,Rain/Wind/Minor,1,2,['Rear_Seat'],['None_Used'],0,0,Valid,0.0,0.0,21.0,21.0,['Male'],0,0,3,4,3,Wet/Standing Water,Straight,Level,Medium,No
17206,24,Maryland,240365,1,1,1,0,1,NOT APPLICABLE,September,23,Saturday,1,47,Urban,High Speed (Arterial),Yes,38.86093056,-76.84984444,Non-Intersection,Dark - Lighted,Rain,Unknown,Unknown,Unknown EMS Scene Arrival Hour,Unknown EMS Scene Arrival Minutes,Not Applicable (Not Transported),Not Applicable (Not Transported),1,Dark - Lighted,Rain/Wind/Minor,0,1,[],[],0,0,Invalid,0.0,0.0,998.0,998.0,['Other'],0,0,1,0,4,Wet/Standing Water,Straight,Level,Lowest,No
17207,24,Maryland,240366,0,2,2,0,3,NOT APPLICABLE,September,3,Sunday,21,44,Urban,Medium Speed (Collector),No,39.69095278,-75.86609167,Simple Junction,Dark - Lighted,Clear,Unknown,Unknown,Unknown EMS Scene Arrival Hour,Unknown EMS Scene Arrival Minutes,Unknown,Unknown EMS Hospital Arrival Time,1,Dark - Lighted,Clear,1,2,['Driver'],['Shoulder_Lapbelt'],1,2,Invalid,0.0,0.0,41.0,27.0,"['Male', 'Male']",1,0,3,4,5,Dry,Straight,Level,Lowest,Yes
17208,24,Maryland,240367,1,1,1,0,1,NOT APPLICABLE,September,15,Friday,22,0,Urban,Medium Speed (Collector),No,38.61899722,-76.93442222,Complex/Circle,Dark - Lighted,Clear,Unknown,Unknown,Unknown EMS Scene Arrival Hour,Unknown EMS Scene Arrival Minutes,Not Applicable (Not Transported),Not Applicable (Not Transported),1,Dark - Lighted,Clear,0,1,[],[],0,0,Valid,0.0,0.0,20.0,20.0,['Male'],0,0,3,3,4,Dry,Curve,Level,Lowest,No
17209,24,Maryland,240368,0,1,1,0,1,NOT APPLICABLE,September,25,Monday,18,30,Urban,High Speed (Arterial),Yes,39.68281111,-78.97107778,Non-Intersection,Dusk,Rain,Unknown,Unknown,Unknown EMS Scene Arrival Hour,Unknown EMS Scene Arrival Minutes,Unknown,Unknown EMS Hospital Arrival Time,1,Twilight,Rain/Wind/Minor,1,0,['Driver'],['Shoulder_Lapbelt'],0,0,Valid,0.0,0.0,36.0,36.0,['Female'],1,0,3,4,2,Wet/Standing Water,Straight,Grade/Hillcrest,Lowest,No
17210,24,Maryland,240369,0,2,2,0,2,NOT APPLICABLE,September,21,Thursday,10,10,Urban,High Speed (Arterial),Yes,39.46164722,-77.51374722,Non-Intersection,Daylight,Clear,Unknown,Unknown,Unknown EMS Scene Arrival Hour,Unknown EMS Scene Arrival Minutes,Not Applicable (Not Transported),Not Applicable (Not Transported),1,Daylight,Clear,1,1,['Driver'],['None_Used'],0,0,Valid,0.0,0.0,53.0,50.0,"['Female', 'Male']",1,0,4,4,5,Dry,Straight,Grade/Hillcrest,Lowest,No
17211,24,Maryland,240370,0,2,2,0,2,NOT APPLICABLE,September,8,Friday,11,53,Urban,Medium Speed (Collector),No,39.10590833,-76.61730278,Simple Junction,Daylight,Clear,Unknown,Unknown,Unknown EMS Scene Arrival Hour,Unknown EMS Scene Arrival Minutes,Unknown,Unknown EMS Hospital Arrival Time,1,Daylight,Clear,1,1,['Driver'],['None_Used'],0,0,Valid,0.0,0.0,58.0,34.0,"['Male', 'Male']",0,0,5,4,5,Dry,Straight,Level,Lowest,No
17212,24,Maryland,240371,0,1,1,0,1,NOT APPLICABLE,September,26,Tuesday,2,26,Urban,High Speed (Arterial),Yes,39.39871111,-77.43650278,Non-Intersection,Dark - Not Lighted,Rain,Unknown,Unknown,Unknown EMS Scene Arrival Hour,Unknown EMS Scene Arrival Minutes,Not Applicable (Not Transported),Not Applicable (Not Transported),1,Dark - Unlighted,Rain/Wind/Minor,1,0,['Driver'],['None_Used'],0,0,Valid,0.0,0.0,53.0,53.0,['Male'],1,0,2,4,3,Wet/Standing Water,Curve,Level,Lowest,No
17213,24,Maryland,240372,0,1,1,0,1,NOT APPLICABLE,September,13,Wednesday,6,32,Rural,Medium Speed (Collector),No,38.73311389,-75.76400278,Non-Intersection,Dawn,Rain,Unknown,Unknown,Unknown EMS Scene Arrival Hour,Unknown EMS Scene Arrival Minutes,Not Applicable (Not Transported),Not Applicable (Not Transported),1,Twilight,Rain/Wind/Minor,1,0,['Driver'],['None_Used'],0,0,Valid,0.0,0.0,47.0,47.0,['Male'],1,0,2,4,3,Wet/Standing Water,Curve,Level,Lowest,Yes
17214,24,Maryland,240373,0,1,1,0,1,NOT APPLICABLE,September,18,Monday,13,17,Urban,High Speed (Arterial),Yes,39.23718333,-76.64920278,Non-Intersection,Daylight,Clear,Unknown,Unknown,Unknown EMS Scene Arrival Hour,Unknown EMS Scene Arrival Minutes,Unknown,Unknown EMS Hospital Arrival Time,1,Daylight,Clear,1,0,['Driver'],['Shoulder_Lapbelt'],0,0,Valid,0.0,0.0,35.0,35.0,['Male'],0,0,3,4,3,Dry,Straight,Grade/Hillcrest,Lowest,No
17215,24,Maryland,240374,0,2,2,0,2,NOT APPLICABLE,May,17,Wednesday,5,30,Urban,High Speed (Arterial),Yes,39.34953611,-76.45868889,Non-Intersection,Dawn,Clear,Unknown,Unknown,Unknown EMS Scene Arrival Hour,Unknown EMS Scene Arrival Minutes,Unknown,Unknown EMS Hospital Arrival Time,1,Twilight,Clear,1,1,['Driver'],['Shoulder_Lapbelt'],0,0,Valid,0.0,0.0,33.0,20.0,"['Male', 'Male']",0,0,3,4,5,Dry,Straight,Level,Lowest,No
17216,24,Maryland,240375,0,1,1,0,1,NOT APPLICABLE,September,10,Sunday,9,20,Urban,High Speed (Arterial),No,39.49600833,-76.56911111,Non-Intersection,Daylight,Cloudy,Unknown,Unknown,Unknown EMS Scene Arrival Hour,Unknown EMS Scene Arrival Minutes,Not Applicable (Not Transported),Not Applicable (Not Transported),1,Daylight,Reduced Visibility,1,0,['Driver'],['None_Used'],0,0,Valid,0.0,0.0,81.0,81.0,['Female'],1,0,3,4,3,Wet/Standing Water,Curve,Grade/Hillcrest,Lowest,No
17217,24,Maryland,240376,1,1,1,0,1,NOT APPLICABLE,September,22,Friday,19,50,Urban,Medium Speed (Collector),No,39.10708611,-76.48618056,Non-Intersection,Dark - Lighted,Clear,Unknown,Unknown,Unknown EMS Scene Arrival Hour,Unknown EMS Scene Arrival Minutes,Not Applicable (Not Transported),Not Applicable (Not Transported),1,Dark - Lighted,Clear,0,1,[],[],0,0,Valid,0.0,0.0,59.0,59.0,['Male'],0,0,3,3,4,Dry,Straight,Level,Lowest,No
17218,24,Maryland,240377,0,2,2,0,3,NOT APPLICABLE,June,26,Monday,10,48,Urban,High Speed (Arterial),Yes,39.26622222,-76.46026667,Non-Intersection,Daylight,Clear,Unknown,Unknown,Unknown EMS Scene Arrival Hour,Unknown EMS Scene Arrival Minutes,Not Applicable (Not Transported),Not Applicable (Not Transported),1,Daylight,Clear,1,2,['Front_Passenger'],['Shoulder_Lapbelt'],0,0,Valid,0.0,0.0,79.0,59.0,"['Male', 'Male']",0,0,3,4,5,Dry,Straight,Level,Lowest,No
17219,24,Maryland,240378,0,1,1,0,2,NOT APPLICABLE,August,7,Monday,15,51,Urban,Medium Speed (Collector),No,39.27704167,-76.73410278,Non-Intersection,Daylight,Clear,Unknown,Unknown,Unknown EMS Scene Arrival Hour,Unknown EMS Scene Arrival Minutes,Unknown,Unknown EMS Hospital Arrival Time,1,Daylight,Clear,1,1,['Driver'],['None_Used'],0,0,Valid,0.0,0.0,25.0,25.0,['Male'],2,0,2,4,3,Dry,Straight,Level,Lowest,No
17220,24,Maryland,240379,0,3,3,0,4,NOT APPLICABLE,September,26,Tuesday,23,51,Urban,High Speed (Arterial),Yes,39.032375,-77.13845278,Non-Intersection,Dark - Lighted,Clear,Unknown,Unknown,Unknown EMS Scene Arrival Hour,Unknown EMS Scene Arrival Minutes,Unknown,Unknown EMS Hospital Arrival Time,1,Dark - Lighted,Clear,1,3,['Driver'],['Shoulder_Lapbelt'],0,0,Valid,0.0,0.0,69.0,47.0,"['Female', 'Male', 'Male']",0,0,3,4,5,Dry,Straight,Level,Lowest,No
17221,24,Maryland,240380,0,2,2,0,4,NOT APPLICABLE,September,30,Saturday,2,40,Urban,High Speed (Arterial),Yes,39.32909444,-76.52358333,Non-Intersection,Dark - Lighted,Cloudy,Unknown,Unknown,Unknown EMS Scene Arrival Hour,Unknown EMS Scene Arrival Minutes,Unknown,Unknown EMS Hospital Arrival Time,1,Dark - Lighted,Reduced Visibility,1,3,['Front_Passenger'],['Shoulder_Lapbelt'],0,0,Valid,0.0,0.0,62.0,28.0,"['Male', 'Male']",0,0,4,4,5,Dry,Straight,Level,Lowest,No
17222,24,Maryland,240381,0,2,2,0,3,NOT APPLICABLE,October,1,Sunday,19,57,Urban,High Speed (Arterial),No,39.06731667,-77.10185556,Non-Intersection,Dark - Lighted,Clear,Unknown,Unknown,Unknown EMS Scene Arrival Hour,Unknown EMS Scene Arrival Minutes,Not Applicable (Not Transported),Not Applicable (Not Transported),1,Dark - Lighted,Clear,1,2,['Driver'],['None_Used'],1,1,Invalid,0.0,0.0,41.0,40.0,"['Male', 'Female']",1,0,5,4,5,Dry,Straight,Level,Lowest,No
17223,24,Maryland,240382,0,1,1,0,1,NOT APPLICABLE,September,20,Wednesday,21,36,Urban,Medium Speed (Collector),No,39.37938056,-77.39873056,Non-Intersection,Dark - Lighted,Clear,Unknown,Unknown,Unknown EMS Scene Arrival Hour,Unknown EMS Scene Arrival Minutes,Unknown,Unknown EMS Hospital Arrival Time,1,Dark - Lighted,Clear,1,0,['Driver'],['None_Used'],0,0,Valid,0.0,0.0,71.0,71.0,['Male'],0,0,5,3,2,Dry,Straight,Level,Lowest,No
17224,24,Maryland,240383,0,2,2,0,3,NOT APPLICABLE,September,21,Thursday,14,54,Urban,Medium Speed (Collector),No,39.39343889,-77.18251667,Complex/Circle,Daylight,Clear,Unknown,Unknown,Unknown EMS Scene Arrival Hour,Unknown EMS Scene Arrival Minutes,Unknown,Unknown EMS Hospital Arrival Time,1,Daylight,Clear,1,2,['Front_Passenger'],['Shoulder_Lapbelt'],0,0,Valid,0.0,0.0,79.0,68.0,"['Female', 'Female']",0,0,3,4,5,Dry,Straight,Level,Lowest,No
17225,24,Maryland,240384,1,1,1,0,1,NOT APPLICABLE,July,20,Thursday,5,38,Urban,High Speed (Arterial),Yes,38.37223333,-75.61592778,Non-Intersection,Dawn,Cloudy,Unknown,Unknown,Unknown EMS Scene Arrival Hour,Unknown EMS Scene Arrival Minutes,Unknown,Unknown EMS Hospital Arrival Time,1,Twilight,Reduced Visibility,0,1,[],[],0,0,Invalid,0.0,0.0,998.0,998.0,['Other'],0,0,1,0,4,Dry,Straight,Level,Lowest,No
17226,24,Maryland,240385,1,1,1,0,1,NOT APPLICABLE,September,26,Tuesday,19,42,Urban,High Speed (Arterial),Yes,38.99345833,-76.90226667,Non-Intersection,Dark - Lighted,Cloudy,Unknown,Unknown,Unknown EMS Scene Arrival Hour,Unknown EMS Scene Arrival Minutes,Unknown,Unknown EMS Hospital Arrival Time,1,Dark - Lighted,Reduced Visibility,0,1,[],[],0,0,Valid,0.0,0.0,21.0,21.0,['Male'],0,0,2,4,4,Dry,Straight,Level,Lowest,No
17227,24,Maryland,240386,0,2,2,0,2,NOT APPLICABLE,September,30,Saturday,15,5,Rural,Medium Speed (Collector),No,38.89601944,-76.35037778,Non-Intersection,Daylight,Cloudy,Unknown,Unknown,Unknown EMS Scene Arrival Hour,Unknown EMS Scene Arrival Minutes,Unknown,Unknown EMS Hospital Arrival Time,1,Daylight,Reduced Visibility,1,1,['Driver'],['None_Used'],0,0,Valid,0.0,0.0,52.0,35.0,"['Male', 'Female']",0,0,5,4,5,Dry,Straight,Level,Lowest,No
17228,24,Maryland,240387,1,1,1,0,1,NOT APPLICABLE,September,7,Thursday,11,8,Urban,Medium Speed (Collector),No,39.51427778,-76.76817778,Simple Junction,Daylight,Clear,Unknown,Unknown,Unknown EMS Scene Arrival Hour,Unknown EMS Scene Arrival Minutes,Unknown,Unknown EMS Hospital Arrival Time,1,Daylight,Clear,0,1,[],[],0,0,Valid,0.0,0.0,54.0,54.0,['Male'],0,0,3,2,4,Dry,Straight,Level,Lowest,No
17229,24,Maryland,240388,1,1,1,0,1,NOT APPLICABLE,October,1,Sunday,22,31,Urban,High Speed (Arterial),Yes,38.80008889,-76.90271111,Non-Intersection,Dark - Not Lighted,Clear,Unknown,Unknown,Unknown EMS Scene Arrival Hour,Unknown EMS Scene Arrival Minutes,Not Applicable (Not Transported),Not Applicable (Not Transported),1,Dark - Unlighted,Clear,0,1,[],[],0,0,Valid,0.0,0.0,46.0,46.0,['Female'],0,0,3,4,4,Dry,Straight,Level,Lowest,No
17230,24,Maryland,240389,0,2,2,0,2,NOT APPLICABLE,October,5,Thursday,10,15,Urban,Medium Speed (Collector),No,39.37348056,-77.41058889,Complex/Circle,Daylight,Clear,Unknown,Unknown,Unknown EMS Scene Arrival Hour,Unknown EMS Scene Arrival Minutes,Not Applicable (Not Transported),Not Applicable (Not Transported),1,Daylight,Clear,1,1,['Driver'],['Shoulder_Lapbelt'],0,0,Valid,0.0,0.0,76.0,55.0,"['Female', 'Male']",0,0,4,4,5,Dry,Straight,Level,Lowest,No
17231,24,Maryland,240390,0,1,1,0,4,NOT APPLICABLE,October,7,Saturday,0,30,Urban,High Speed (Arterial),Yes,38.35164167,-75.60133889,Non-Intersection,Dark - Lighted,"Fog, Smog, Smoke",Unknown,Unknown,Unknown EMS Scene Arrival Hour,Unknown EMS Scene Arrival Minutes,Unknown,Unknown EMS Hospital Arrival Time,1,Dark - Lighted,Reduced Visibility,1,3,['Rear_Seat'],['Shoulder_Lapbelt'],1,1,Invalid,0.0,0.0,17.0,17.0,['Male'],4,0,2,4,2,Wet/Standing Water,Straight,Level,Lowest,No
17232,24,Maryland,240391,0,1,1,0,5,NOT APPLICABLE,October,8,Sunday,8,17,Urban,Medium Speed (Collector),No,38.77115833,-76.04943056,Non-Intersection,Daylight,Clear,Unknown,Unknown,Unknown EMS Scene Arrival Hour,Unknown EMS Scene Arrival Minutes,Unknown,Unknown EMS Hospital Arrival Time,1,Daylight,Clear,1,4,['Rear_Seat'],['Shoulder_Lapbelt'],0,0,Invalid,0.0,0.0,22.0,22.0,['Male'],0,0,3,4,3,Dry,Curve,Level,Lowest,No
17233,24,Maryland,240392,0,2,2,0,2,NOT APPLICABLE,October,8,Sunday,21,55,Urban,High Speed (Arterial),Yes,38.93980278,-76.71776667,Non-Intersection,Dark - Not Lighted,Clear,Unknown,Unknown,Unknown EMS Scene Arrival Hour,Unknown EMS Scene Arrival Minutes,Unknown,Unknown EMS Hospital Arrival Time,1,Dark - Unlighted,Clear,1,1,['Driver'],['Shoulder_Lapbelt'],1,1,Valid,0.0,0.0,40.0,24.0,"['Male', 'Male']",1,0,4,4,5,Dry,Straight,Level,Lowest,No
17234,24,Maryland,240393,0,1,1,0,1,NOT APPLICABLE,October,8,Sunday,15,8,Urban,Low Speed (Local),No,39.61849167,-76.28135556,Non-Intersection,Daylight,Cloudy,Unknown,Unknown,Unknown EMS Scene Arrival Hour,Unknown EMS Scene Arrival Minutes,Not Applicable (Not Transported),Not Applicable (Not Transported),1,Daylight,Reduced Visibility,1,0,['Driver'],['None_Used'],1,1,Valid,0.0,1.0,29.0,29.0,['Male'],1,0,5,4,2,Dry,Curve,Grade/Hillcrest,Lowest,No
17235,24,Maryland,240394,2,2,1,1,1,NOT APPLICABLE,October,8,Sunday,2,16,Urban,High Speed (Arterial),Yes,39.31707222,-76.74486389,Non-Intersection,Dark - Not Lighted,Clear,Unknown,Unknown,Unknown EMS Scene Arrival Hour,Unknown EMS Scene Arrival Minutes,Unknown,Unknown EMS Hospital Arrival Time,1,Dark - Unlighted,Clear,0,1,[],[],1,1,Valid,0.0,0.0,34.0,34.0,['Female'],1,0,2,4,4,Dry,Straight,Level,Lowest,No
17236,24,Maryland,240395,1,1,1,0,1,BALTIMORE,March,17,Friday,11,48,Urban,High Speed (Arterial),No,39.22988611,-76.58885,Non-Intersection,Daylight,Cloudy,Unknown,Unknown,Unknown EMS Scene Arrival Hour,Unknown EMS Scene Arrival Minutes,Unknown,Unknown EMS Hospital Arrival Time,1,Daylight,Reduced Visibility,0,1,[],[],0,0,Valid,0.0,0.0,23.0,23.0,['Male'],0,0,1,2,4,Dry,Straight,Level,Lowest,No
17237,24,Maryland,240397,0,2,2,0,3,BALTIMORE,March,11,Saturday,23,50,Urban,High Speed (Arterial),No,39.27568611,-76.64260556,Non-Intersection,Dark - Lighted,Clear,Unknown,Unknown,Unknown EMS Scene Arrival Hour,Unknown EMS Scene Arrival Minutes,Unknown,Unknown EMS Hospital Arrival Time,1,Dark - Lighted,Clear,1,2,['Front_Passenger'],['None_Used'],0,0,Valid,0.0,0.0,65.0,56.0,"['Male', 'Male']",0,0,3,4,5,Dry,Straight,Level,Lowest,No
17238,24,Maryland,240398,0,3,3,0,3,NOT APPLICABLE,October,4,Wednesday,23,37,Urban,Low Speed (Local),No,39.00317222,-76.84173333,Non-Intersection,Dark - Not Lighted,Clear,Unknown,Unknown,Unknown EMS Scene Arrival Hour,Unknown EMS Scene Arrival Minutes,Unknown,Unknown EMS Hospital Arrival Time,1,Dark - Unlighted,Clear,1,2,['Driver'],['Shoulder_Lapbelt'],1,1,Valid,0.0,0.0,53.0,29.0,"['Male', 'Male', 'Male']",0,0,3,4,5,Dry,Straight,Level,Lowest,No
17239,24,Maryland,240399,0,2,2,0,4,NOT APPLICABLE,October,6,Friday,20,50,Urban,High Speed (Arterial),No,38.88772778,-76.88411944,Simple Junction,Dark - Lighted,Clear,Unknown,Unknown,Unknown EMS Scene Arrival Hour,Unknown EMS Scene Arrival Minutes,Unknown,Unknown EMS Hospital Arrival Time,1,Dark - Lighted,Clear,1,3,['Driver'],['None_Used'],0,0,Valid,0.0,0.0,38.0,30.0,"['Male', 'Male']",1,0,5,4,5,Dry,Straight,Level,Lowest,No
17240,24,Maryland,240400,0,2,2,0,2,BALTIMORE,October,12,Thursday,17,28,Urban,High Speed (Arterial),Yes,39.34375833,-76.54371944,Simple Junction,Daylight,Clear,Unknown,Unknown,Unknown EMS Scene Arrival Hour,Unknown EMS Scene Arrival Minutes,Unknown,Unknown EMS Hospital Arrival Time,1,Daylight,Clear,1,1,['Driver'],['Shoulder_Lapbelt'],0,0,Valid,0.0,1.0,60.0,26.0,"['Male', 'Female']",1,0,2,4,5,Dry,Straight,Level,Lowest,No
17241,24,Maryland,240401,0,1,1,0,1,NOT APPLICABLE,September,30,Saturday,1,0,Urban,High Speed (Arterial),Yes,39.01981111,-76.95515833,Non-Intersection,Not Reported,Clear,Unknown,Unknown,Unknown EMS Scene Arrival Hour,Unknown EMS Scene Arrival Minutes,Not Applicable (Not Transported),Not Applicable (Not Transported),1,Dark - Unlighted,Clear,1,0,['Driver'],['None_Used'],1,1,Valid,0.0,0.0,27.0,27.0,['Female'],0,0,2,4,3,Dry,Straight,Level,Lowest,No
17242,24,Maryland,240402,0,2,2,0,2,NOT APPLICABLE,October,7,Saturday,5,4,Urban,High Speed (Arterial),Yes,39.12105556,-75.94463889,Non-Intersection,Dark - Not Lighted,"Fog, Smog, Smoke",Unknown,Unknown,Unknown EMS Scene Arrival Hour,Unknown EMS Scene Arrival Minutes,Unknown,Unknown EMS Hospital Arrival Time,1,Dark - Unlighted,Reduced Visibility,1,1,['Driver'],['Shoulder_Lapbelt'],0,0,Valid,0.0,0.0,52.0,43.0,"['Female', 'Male']",0,0,4,4,5,Dry,Straight,Level,Lowest,No
17243,24,Maryland,240403,1,1,1,0,1,NOT APPLICABLE,October,12,Thursday,10,38,Urban,High Speed (Arterial),Yes,39.41841667,-77.45261944,Non-Intersection,Daylight,Clear,Unknown,Unknown,Unknown EMS Scene Arrival Hour,Unknown EMS Scene Arrival Minutes,Not Applicable (Not Transported),Not Applicable (Not Transported),1,Daylight,Clear,0,1,[],[],0,0,Valid,0.0,0.0,47.0,47.0,['Male'],0,0,4,2,4,Dry,Straight,Level,Lowest,No
17244,24,Maryland,240404,0,3,3,0,3,NOT APPLICABLE,October,12,Thursday,17,22,Urban,High Speed (Arterial),Yes,38.73940556,-76.820525,Simple Junction,Dusk,Clear,Unknown,Unknown,Unknown EMS Scene Arrival Hour,Unknown EMS Scene Arrival Minutes,Unknown,Unknown EMS Hospital Arrival Time,1,Twilight,Clear,1,2,['Driver'],['Shoulder_Lapbelt'],0,0,Valid,0.0,0.0,73.0,31.0,"['Female', 'Male', 'Male']",0,0,3,4,5,Dry,Straight,Level,Lowest,No
17245,24,Maryland,240405,0,2,2,0,2,NOT APPLICABLE,October,15,Sunday,6,0,Urban,High Speed (Arterial),Yes,39.60381667,-75.96040556,Complex/Circle,Dark - Not Lighted,Clear,Unknown,Unknown,Unknown EMS Scene Arrival Hour,Unknown EMS Scene Arrival Minutes,Unknown,Unknown EMS Hospital Arrival Time,1,Dark - Unlighted,Clear,1,1,['Driver'],['None_Used'],0,0,Valid,0.0,0.0,42.0,22.0,"['Male', 'Male']",0,0,3,4,5,Dry,Straight,Level,Lowest,No
17246,24,Maryland,240406,0,1,1,0,4,NOT APPLICABLE,September,29,Friday,19,32,Urban,Medium Speed (Collector),No,38.92624444,-76.78301111,Non-Intersection,Dark - Lighted,Cloudy,Unknown,Unknown,Unknown EMS Scene Arrival Hour,Unknown EMS Scene Arrival Minutes,Not Applicable (Not Transported),Not Applicable (Not Transported),4,Dark - Lighted,Reduced Visibility,4,0,"['Driver', 'Front_Passenger', 'Rear_Seat', 'Rear_Seat']","['Shoulder_Lapbelt', 'Shoulder_Lapbelt', 'Shoulder_Lapbelt', 'Shoulder_Lapbelt']",0,0,Invalid,0.0,0.0,14.0,14.0,['Male'],4,0,3,4,3,Dry,Straight,Level,Lowest,Yes
17247,24,Maryland,240407,1,1,1,0,3,NOT APPLICABLE,October,7,Saturday,20,58,Urban,Medium Speed (Collector),No,39.16553056,-77.16926667,Non-Intersection,Dark - Not Lighted,Clear,Unknown,Unknown,Unknown EMS Scene Arrival Hour,Unknown EMS Scene Arrival Minutes,Not Applicable (Not Transported),Not Applicable (Not Transported),1,Dark - Unlighted,Clear,0,3,[],[],0,0,Valid,0.0,0.0,17.0,17.0,['Male'],3,0,2,3,4,Dry,Straight,Grade/Hillcrest,Lowest,No
17248,24,Maryland,240408,1,4,4,0,3,BALTIMORE,August,13,Sunday,21,59,Urban,High Speed (Arterial),Yes,39.269525,-76.62163889,Non-Intersection,Dark - Not Lighted,Clear,Unknown,Unknown,Unknown EMS Scene Arrival Hour,Unknown EMS Scene Arrival Minutes,Not Applicable (Not Transported),Not Applicable (Not Transported),1,Dark - Unlighted,Clear,0,3,[],[],1,1,Valid,0.0,0.0,28.0,25.0,"['Male', 'Male', 'Male']",1,0,3,4,5,Dry,Straight,Level,Lowest,Yes
17249,24,Maryland,240409,1,1,1,0,2,BALTIMORE,April,12,Wednesday,18,14,Urban,High Speed (Arterial),Yes,39.29513056,-76.61641389,Non-Intersection,Dark - Lighted,Cloudy,Unknown,Unknown,Unknown EMS Scene Arrival Hour,Unknown EMS Scene Arrival Minutes,Not Applicable (Not Transported),Not Applicable (Not Transported),1,Dark - Lighted,Reduced Visibility,0,2,[],[],1,1,Valid,0.0,0.0,82.0,82.0,['Male'],0,0,3,4,4,Dry,Straight,Grade/Hillcrest,Lowest,No
17250,24,Maryland,240410,1,1,1,0,1,NOT APPLICABLE,October,15,Sunday,0,59,Urban,High Speed (Arterial),Yes,38.71286389,-76.98980833,Complex/Circle,Dark - Lighted,Rain,Unknown,Unknown,Unknown EMS Scene Arrival Hour,Unknown EMS Scene Arrival Minutes,Not Applicable (Not Transported),Not Applicable (Not Transported),1,Dark - Lighted,Rain/Wind/Minor,0,1,[],[],0,0,Valid,0.0,0.0,36.0,36.0,['Male'],0,0,2,2,4,Wet/Standing Water,Straight,Level,Lowest,No
17251,24,Maryland,240411,0,2,2,0,4,NOT APPLICABLE,August,31,Thursday,18,40,Urban,Medium Speed (Collector),No,39.33319167,-76.75265833,Complex/Circle,Daylight,Clear,Unknown,Unknown,Unknown EMS Scene Arrival Hour,Unknown EMS Scene Arrival Minutes,Unknown,Unknown EMS Hospital Arrival Time,1,Daylight,Clear,1,3,['Driver'],['None_Used'],0,0,Valid,0.0,0.0,56.0,33.0,"['Male', 'Male']",1,0,5,2,5,Dry,Straight,Level,Lowest,No
17252,24,Maryland,240412,0,1,1,0,1,NOT APPLICABLE,August,22,Tuesday,15,34,Urban,High Speed (Arterial),Yes,39.27962778,-76.86478889,Complex/Circle,Daylight,Clear,Unknown,Unknown,Unknown EMS Scene Arrival Hour,Unknown EMS Scene Arrival Minutes,Unknown,Unknown EMS Hospital Arrival Time,1,Daylight,Clear,1,0,['Driver'],['None_Used'],1,1,Valid,0.0,0.0,29.0,29.0,['Male'],1,0,5,4,3,Dry,Straight,Grade/Hillcrest,Lowest,No