,State_Code,State_Name,Crash_ID,Count_Non_Motorists,Count_Vehicles_Total,Count_Vehicle_Forms,Count_PVH_Involved,Count_Occupants_MV,City_Name,Month_Name,Day_of_Month,Day_of_Week,Crash_Hour,Crash_Minute,Area_Rural_Urban,Road_Functional_Class,On_NHS_Road,Latitude,Longitude,Intersection_Type,Light_Condition,Weather_Condition,Notif_Hour,Notif_Minute,Arrival_Hour,Arrival_Minute,Hospital_Hour,Hospital_Minute,Fatalities_Count,Clean_Light_Condition,Clean_Weather_Condition,Total_Killed,Total_Alive,Fatal_Seats_List,Killed_Restraint_List,Any_Driver_Drinking,Total_Drinking_Drivers,Driver_License_Category,Driver_Max_Prev_Accident_Count,Driver_Max_Prev_Speeding_Count,Max_Driver_Age,Min_Driver_Age,Driver_Sex_List,Total_Exceeding_Limit_Vehicles,Total_Too_Fast_Vehicles,Max_Vehicle_Type_Severity_5,Max_Vehicle_Damage_Rank,Max_Harmful_Event_Severity,Crash_Road_Surface_Condition,Crash_Horizontal_Alignment,Crash_Vertical_Profile,Crash_Impairment_Category,Crash_Vehicle_Defect
17253,24,Maryland,240413,0,2,2,0,4,NOT APPLICABLE,August,5,Saturday,23,40,Urban,Medium Speed (Collector),No,39.26993611,-76.50337778,Complex/Circle,Dark - Lighted,Clear,Unknown,Unknown,Unknown EMS Scene Arrival Hour,Unknown EMS Scene Arrival Minutes,Unknown,Unknown EMS Hospital Arrival Time,1,Dark - Lighted,Clear,1,3,['Driver'],['None_Used'],0,0,Valid,0.0,0.0,33.0,20.0,"['Female', 'Male']",0,0,5,4,5,Dry,Straight,Level,Lowest,No
17254,24,Maryland,240414,0,2,2,0,2,NOT APPLICABLE,October,19,Thursday,8,59,Rural,High Speed (Arterial),Yes,38.92381667,-75.95831944,Complex/Circle,Daylight,Clear,Unknown,Unknown,Unknown EMS Scene Arrival Hour,Unknown EMS Scene Arrival Minutes,Not Applicable (Not Transported),Not Applicable (Not Transported),1,Daylight,Clear,1,1,['Driver'],['None_Used'],0,0,Valid,0.0,0.0,57.0,42.0,"['Female', 'Male']",1,0,4,4,5,Dry,Straight,Level,Lowest,No
17255,24,Maryland,240415,0,2,2,0,3,NOT APPLICABLE,June,8,Thursday,9,11,Urban,High Speed (Arterial),Yes,39.39960833,-76.40208056,Complex/Circle,Daylight,Cloudy,Unknown,Unknown,Unknown EMS Scene Arrival Hour,Unknown EMS Scene Arrival Minutes,Unknown,Unknown EMS Hospital Arrival Time,1,Daylight,Reduced Visibility,1,2,['Driver'],['None_Used'],0,0,Valid,0.0,0.0,49.0,48.0,"['Male', 'Female']",0,0,2,4,5,Dry,Straight,Level,Lowest,No
17256,24,Maryland,240416,1,1,1,0,1,BALTIMORE,April,11,Tuesday,21,20,Urban,Medium Speed (Collector),No,39.32802222,-76.54807778,Non-Intersection,Dark - Lighted,Clear,Unknown,Unknown,Unknown EMS Scene Arrival Hour,Unknown EMS Scene Arrival Minutes,Unknown,Unknown EMS Hospital Arrival Time,1,Dark - Lighted,Clear,0,1,[],[],0,0,Valid,0.0,0.0,24.0,24.0,['Male'],0,0,2,3,4,Dry,Straight,Level,Lowest,No
17257,24,Maryland,240417,1,1,1,0,1,NOT APPLICABLE,October,19,Thursday,6,54,Urban,Medium Speed (Collector),No,38.79765556,-76.97785556,Non-Intersection,Dark - Lighted,Clear,Unknown,Unknown,Unknown EMS Scene Arrival Hour,Unknown EMS Scene Arrival Minutes,Unknown,Unknown EMS Hospital Arrival Time,1,Dark - Lighted,Clear,0,1,[],[],0,0,Valid,0.0,0.0,17.0,17.0,['Male'],0,0,2,3,4,Dry,Straight,Grade/Hillcrest,Lowest,No
17258,24,Maryland,240418,0,2,2,0,3,NOT APPLICABLE,October,23,Monday,12,5,Urban,High Speed (Arterial),Yes,39.10433056,-76.93329167,Complex/Circle,Daylight,Clear,Unknown,Unknown,Unknown EMS Scene Arrival Hour,Unknown EMS Scene Arrival Minutes,Unknown,Unknown EMS Hospital Arrival Time,1,Daylight,Clear,1,2,['Front_Passenger'],['Shoulder_Lapbelt'],0,0,Valid,0.0,0.0,69.0,58.0,"['Male', 'Male']",0,0,3,4,5,Dry,Straight,Level,Lowest,No
17259,24,Maryland,240419,1,1,1,0,2,NOT APPLICABLE,May,7,Sunday,3,12,Urban,High Speed (Arterial),Yes,39.39731111,-76.56311667,Complex/Circle,Dark - Lighted,Clear,Unknown,Unknown,Unknown EMS Scene Arrival Hour,Unknown EMS Scene Arrival Minutes,0:00am-0:59am,0,1,Dark - Lighted,Clear,0,2,[],[],0,0,Valid,0.0,0.0,27.0,27.0,['Male'],0,0,2,3,4,Dry,Straight,Level,Lowest,No
17260,24,Maryland,240420,0,2,2,0,3,NOT APPLICABLE,September,26,Tuesday,17,55,Urban,High Speed (Arterial),Yes,39.30279444,-76.75393333,Non-Intersection,Daylight,Rain,Unknown,Unknown,Unknown EMS Scene Arrival Hour,Unknown EMS Scene Arrival Minutes,Unknown,Unknown EMS Hospital Arrival Time,1,Daylight,Rain/Wind/Minor,1,2,['Driver'],['None_Used'],0,0,Valid,0.0,0.0,56.0,32.0,"['Male', 'Male']",1,0,4,4,5,Wet/Standing Water,Curve,Level,Lowest,No
17261,24,Maryland,240421,0,1,1,0,5,NOT APPLICABLE,October,15,Sunday,5,40,Urban,High Speed (Arterial),Yes,39.57756111,-76.11258889,Non-Intersection,Dark - Not Lighted,Rain,Unknown,Unknown,Unknown EMS Scene Arrival Hour,Unknown EMS Scene Arrival Minutes,Unknown,Unknown EMS Hospital Arrival Time,1,Dark - Unlighted,Rain/Wind/Minor,1,4,['Rear_Seat'],['None_Used'],0,0,Valid,0.0,0.0,66.0,66.0,['Male'],0,0,3,4,2,Wet/Standing Water,Curve,Level,Lowest,Yes
17262,24,Maryland,240422,0,1,1,0,4,NOT APPLICABLE,October,28,Saturday,22,38,Urban,High Speed (Arterial),Yes,38.81807778,-76.94045833,Non-Intersection,Dark - Lighted,Clear,Unknown,Unknown,Unknown EMS Scene Arrival Hour,Unknown EMS Scene Arrival Minutes,Unknown,Unknown EMS Hospital Arrival Time,1,Dark - Lighted,Clear,1,3,['Rear_Seat'],['None_Used'],0,0,Invalid,0.0,0.0,18.0,18.0,['Male'],4,0,2,4,3,Dry,Straight,Level,Lowest,No
17263,24,Maryland,240423,0,2,2,0,3,NOT APPLICABLE,October,18,Wednesday,13,36,Urban,Medium Speed (Collector),No,39.36996944,-77.41255278,Complex/Circle,Daylight,Cloudy,Unknown,Unknown,Unknown EMS Scene Arrival Hour,Unknown EMS Scene Arrival Minutes,Unknown,Unknown EMS Hospital Arrival Time,1,Daylight,Reduced Visibility,1,2,['Driver'],['None_Used'],0,0,Valid,0.0,1.0,51.0,20.0,"['Male', 'Male']",0,0,3,4,5,Dry,Straight,Level,Lowest,No
17264,24,Maryland,240424,1,1,1,0,1,NOT APPLICABLE,October,27,Friday,7,48,Urban,High Speed (Arterial),Yes,39.58759444,-76.0042,Non-Intersection,Dark - Not Lighted,Cloudy,Unknown,Unknown,Unknown EMS Scene Arrival Hour,Unknown EMS Scene Arrival Minutes,Not Applicable (Not Transported),Not Applicable (Not Transported),1,Dark - Unlighted,Reduced Visibility,0,1,[],[],0,0,Valid,0.0,0.0,27.0,27.0,['Male'],0,0,2,3,4,Dry,Straight,Level,Lowest,No
17265,24,Maryland,240425,0,1,1,0,1,NOT APPLICABLE,October,28,Saturday,12,15,Urban,Medium Speed (Collector),No,39.12246667,-76.92633889,Complex/Circle,Daylight,Clear,Unknown,Unknown,Unknown EMS Scene Arrival Hour,Unknown EMS Scene Arrival Minutes,Not Applicable (Not Transported),Not Applicable (Not Transported),1,Daylight,Clear,1,0,['Driver'],['None_Used'],0,0,Valid,0.0,0.0,73.0,73.0,['Male'],1,0,2,4,2,Dry,Curve,Level,Lowest,No
17266,24,Maryland,240426,1,1,1,0,1,NOT APPLICABLE,October,17,Tuesday,21,18,Urban,High Speed (Arterial),Yes,38.99415833,-76.8782,Simple Junction,Dark - Lighted,Clear,Unknown,Unknown,Unknown EMS Scene Arrival Hour,Unknown EMS Scene Arrival Minutes,Unknown,Unknown EMS Hospital Arrival Time,1,Dark - Lighted,Clear,0,1,[],[],0,0,Invalid,0.0,0.0,40.0,40.0,['Male'],0,0,5,4,4,Dry,Straight,Level,Lowest,No
17267,24,Maryland,240427,1,2,2,0,2,NOT APPLICABLE,October,30,Monday,7,6,Urban,High Speed (Arterial),No,38.91296389,-76.83885278,Complex/Circle,Dawn,Clear,Unknown,Unknown,Unknown EMS Scene Arrival Hour,Unknown EMS Scene Arrival Minutes,Unknown,Unknown EMS Hospital Arrival Time,1,Twilight,Clear,0,2,[],[],0,0,Valid,0.0,0.0,999.0,39.0,"['Female', 'Other']",0,0,2,4,4,Dry,Straight,Level,Lowest,No
17268,24,Maryland,240428,0,3,1,2,1,NOT APPLICABLE,October,30,Monday,22,10,Urban,Low Speed (Local),No,39.04382778,-76.49544444,Simple Junction,Dark - Lighted,Not Reported,Unknown,Unknown,Unknown EMS Scene Arrival Hour,Unknown EMS Scene Arrival Minutes,Not Applicable (Not Transported),Not Applicable (Not Transported),1,Dark - Lighted,Clear,1,0,['Driver'],['Shoulder_Lapbelt'],0,0,Valid,0.0,0.0,38.0,38.0,['Male'],0,0,3,4,5,Wet/Standing Water,Straight,Grade/Hillcrest,Lowest,No
17269,24,Maryland,240429,0,2,2,0,2,NOT APPLICABLE,October,31,Tuesday,10,24,Urban,Medium Speed (Collector),No,39.584425,-76.45620278,Non-Intersection,Daylight,Clear,Unknown,Unknown,Unknown EMS Scene Arrival Hour,Unknown EMS Scene Arrival Minutes,Unknown,Unknown EMS Hospital Arrival Time,1,Daylight,Clear,1,1,['Driver'],['None_Used'],0,0,Valid,0.0,1.0,51.0,34.0,"['Female', 'Male']",1,0,3,4,5,Dry,Straight,Level,Lowest,No
17270,24,Maryland,240430,1,1,1,0,1,NOT APPLICABLE,February,23,Thursday,20,39,Urban,High Speed (Arterial),No,39.65124167,-75.79176111,Complex/Circle,Dark - Not Lighted,Clear,Unknown,Unknown,Unknown EMS Scene Arrival Hour,Unknown EMS Scene Arrival Minutes,Unknown,Unknown EMS Hospital Arrival Time,1,Dark - Unlighted,Clear,0,1,[],[],0,0,Invalid,0.0,0.0,998.0,998.0,['Other'],0,0,1,0,4,Dry,Straight,Level,Lowest,No
17271,24,Maryland,240431,0,3,3,0,6,NOT APPLICABLE,October,29,Sunday,16,34,Urban,High Speed (Arterial),Yes,38.92221389,-76.85314444,Non-Intersection,Daylight,Clear,Unknown,Unknown,Unknown EMS Scene Arrival Hour,Unknown EMS Scene Arrival Minutes,Unknown,Unknown EMS Hospital Arrival Time,2,Daylight,Clear,2,4,"['Front_Passenger', 'Rear_Seat']","['Shoulder_Lapbelt', 'Shoulder_Lapbelt']",0,0,Valid,0.0,1.0,67.0,21.0,"['Male', 'Female', 'Male']",1,0,3,4,5,Dry,Straight,Level,Lowest,No
17272,24,Maryland,240432,0,2,2,0,2,NOT APPLICABLE,October,27,Friday,13,16,Urban,High Speed (Arterial),Yes,38.89896667,-76.82346944,Complex/Circle,Daylight,Clear,Unknown,Unknown,Unknown EMS Scene Arrival Hour,Unknown EMS Scene Arrival Minutes,Unknown,Unknown EMS Hospital Arrival Time,1,Daylight,Clear,1,1,['Driver'],['Shoulder_Lapbelt'],0,0,Valid,0.0,0.0,43.0,28.0,"['Male', 'Male']",1,0,4,4,5,Dry,Straight,Level,Lowest,No
17273,24,Maryland,240433,0,2,2,0,2,NOT APPLICABLE,September,28,Thursday,16,21,Urban,High Speed (Arterial),Yes,39.61128889,-78.81080278,Complex/Circle,Daylight,Clear,Unknown,Unknown,Unknown EMS Scene Arrival Hour,Unknown EMS Scene Arrival Minutes,Unknown,Unknown EMS Hospital Arrival Time,1,Daylight,Clear,1,1,['Driver'],['None_Used'],0,0,Valid,0.0,0.0,72.0,18.0,"['Male', 'Male']",0,0,5,4,5,Dry,Straight,Grade/Hillcrest,Lowest,No
17274,24,Maryland,240434,0,2,2,0,2,NOT APPLICABLE,October,30,Monday,4,57,Urban,High Speed (Arterial),No,39.65363333,-75.78958333,Complex/Circle,Dark - Lighted,Clear,Unknown,Unknown,Unknown EMS Scene Arrival Hour,Unknown EMS Scene Arrival Minutes,Unknown,Unknown EMS Hospital Arrival Time,1,Dark - Lighted,Clear,1,1,['Driver'],['None_Used'],0,0,Valid,0.0,0.0,41.0,34.0,"['Female', 'Male']",0,0,2,4,5,Dry,Straight,Level,Lowest,No
17275,24,Maryland,240435,1,2,2,0,4,NOT APPLICABLE,October,22,Sunday,21,26,Urban,High Speed (Arterial),Yes,38.77460556,-76.88728889,Non-Intersection,Dark - Not Lighted,Clear,Unknown,Unknown,Unknown EMS Scene Arrival Hour,Unknown EMS Scene Arrival Minutes,Not Applicable (Not Transported),Not Applicable (Not Transported),1,Dark - Unlighted,Clear,0,4,[],[],0,0,Valid,0.0,0.0,38.0,19.0,"['Male', 'Male']",1,0,2,4,4,Dry,Straight,Level,Lowest,No
17276,24,Maryland,240436,0,3,3,0,7,NOT APPLICABLE,November,4,Saturday,17,23,Urban,Medium Speed (Collector),No,39.45139444,-77.09106944,Simple Junction,Daylight,Not Reported,Unknown,Unknown,Unknown EMS Scene Arrival Hour,Unknown EMS Scene Arrival Minutes,Unknown,Unknown EMS Hospital Arrival Time,4,Daylight,Clear,4,3,"['Driver', 'Front_Passenger', 'Rear_Seat', 'Rear_Seat']","['Shoulder_Lapbelt', 'Shoulder_Lapbelt', 'Shoulder_Lapbelt', 'Shoulder_Lapbelt']",0,0,Valid,0.0,0.0,71.0,25.0,"['Male', 'Male', 'Male']",0,0,3,4,5,Dry,Straight,Level,Medium,No
17277,24,Maryland,240437,0,3,3,0,4,NOT APPLICABLE,August,8,Tuesday,18,12,Urban,High Speed (Arterial),Yes,39.22265556,-76.70017222,Complex/Circle,Daylight,Clear,Unknown,Unknown,Unknown EMS Scene Arrival Hour,Unknown EMS Scene Arrival Minutes,Not Applicable (Not Transported),Not Applicable (Not Transported),2,Daylight,Clear,2,2,"['Driver', 'Rear_Seat']","['None_Used', 'None_Used']",1,1,Valid,0.0,1.0,40.0,29.0,"['Male', 'Male', 'Male']",2,0,5,4,5,Dry,Straight,Level,Lowest,No
17278,24,Maryland,240438,0,1,1,0,1,BALTIMORE,June,23,Friday,12,9,Urban,High Speed (Arterial),No,39.34602222,-76.61393889,Non-Intersection,Daylight,Rain,Unknown,Unknown,Unknown EMS Scene Arrival Hour,Unknown EMS Scene Arrival Minutes,Not Applicable (Not Transported),Not Applicable (Not Transported),1,Daylight,Rain/Wind/Minor,1,0,['Driver'],['Shoulder_Lapbelt'],0,0,Invalid,0.0,0.0,20.0,20.0,['Male'],1,0,2,4,3,Wet/Standing Water,Curve,Level,Lowest,No
17279,24,Maryland,240439,0,2,2,0,3,NOT APPLICABLE,October,28,Saturday,13,38,Urban,Medium Speed (Collector),No,38.97933056,-76.51873056,Simple Junction,Daylight,Clear,Unknown,Unknown,Unknown EMS Scene Arrival Hour,Unknown EMS Scene Arrival Minutes,Not Applicable (Not Transported),Not Applicable (Not Transported),1,Daylight,Clear,1,2,['Driver'],['None_Used'],0,0,Valid,0.0,0.0,48.0,32.0,"['Male', 'Female']",1,0,5,4,5,Dry,Straight,Level,Lowest,No
17280,24,Maryland,240440,1,1,1,0,3,NOT APPLICABLE,October,27,Friday,19,55,Urban,High Speed (Arterial),No,38.31434444,-76.5369,Non-Intersection,Dark - Not Lighted,Clear,Unknown,Unknown,Unknown EMS Scene Arrival Hour,Unknown EMS Scene Arrival Minutes,Not Applicable (Not Transported),Not Applicable (Not Transported),1,Dark - Unlighted,Clear,0,3,[],[],0,0,Valid,0.0,1.0,52.0,52.0,['Male'],0,0,3,2,4,Dry,Straight,Level,Lowest,No
17281,24,Maryland,240441,1,1,1,0,1,NOT APPLICABLE,August,23,Wednesday,8,19,Urban,Medium Speed (Collector),No,39.57897222,-76.61564722,Simple Junction,Daylight,Clear,Unknown,Unknown,Unknown EMS Scene Arrival Hour,Unknown EMS Scene Arrival Minutes,Unknown,Unknown EMS Hospital Arrival Time,1,Daylight,Clear,0,1,[],[],0,0,Valid,0.0,0.0,61.0,61.0,['Male'],1,0,3,2,4,Dry,Curve,Grade/Hillcrest,Lowest,No
17282,24,Maryland,240442,0,2,2,0,2,NOT APPLICABLE,August,30,Wednesday,9,41,Urban,Medium Speed (Collector),No,39.53269722,-76.72651111,Non-Intersection,Daylight,Clear,Unknown,Unknown,Unknown EMS Scene Arrival Hour,Unknown EMS Scene Arrival Minutes,Not Applicable (Not Transported),Not Applicable (Not Transported),1,Daylight,Clear,1,1,['Driver'],['None_Used'],0,0,Valid,0.0,0.0,81.0,53.0,"['Male', 'Male']",0,0,3,4,5,Dry,Straight,Non-Trafficway,Lowest,No
17283,24,Maryland,240443,1,1,1,0,2,BALTIMORE,May,14,Sunday,23,31,Urban,High Speed (Arterial),No,39.3548,-76.57569444,Complex/Circle,Dark - Lighted,Clear,Unknown,Unknown,Unknown EMS Scene Arrival Hour,Unknown EMS Scene Arrival Minutes,Unknown,Unknown EMS Hospital Arrival Time,1,Dark - Lighted,Clear,0,2,[],[],0,0,Valid,0.0,0.0,19.0,19.0,['Female'],2,0,2,3,4,Dry,Straight,Level,Lowest,No
17284,24,Maryland,240444,0,2,2,0,2,NOT APPLICABLE,November,4,Saturday,15,54,Urban,High Speed (Arterial),Yes,39.06961667,-76.90857778,Non-Intersection,Daylight,Clear,Unknown,Unknown,Unknown EMS Scene Arrival Hour,Officially Cancelled,Unknown,Officially Canceled,1,Daylight,Clear,1,1,['Driver'],['None_Used'],0,0,Valid,0.0,0.0,74.0,52.0,"['Male', 'Female']",1,0,5,4,5,Dry,Straight,Level,Lowest,No
17285,24,Maryland,240445,1,1,1,0,1,NOT APPLICABLE,August,26,Saturday,20,28,Urban,Medium Speed (Collector),No,39.33897222,-76.48470556,Non-Intersection,Dark - Lighted,Clear,Unknown,Unknown,Unknown EMS Scene Arrival Hour,Unknown EMS Scene Arrival Minutes,Not Applicable (Not Transported),Not Applicable (Not Transported),1,Dark - Lighted,Clear,0,1,[],[],0,0,Invalid,0.0,0.0,998.0,998.0,['Other'],0,0,1,0,4,Dry,Straight,Grade/Hillcrest,Lowest,No
17286,24,Maryland,240446,0,2,2,0,2,NOT APPLICABLE,November,6,Monday,18,25,Urban,High Speed (Arterial),Yes,38.93940556,-76.93375,Non-Intersection,Dark - Lighted,Clear,Unknown,Unknown,Unknown EMS Scene Arrival Hour,Unknown EMS Scene Arrival Minutes,Unknown,Unknown EMS Hospital Arrival Time,1,Dark - Lighted,Clear,1,1,['Driver'],['None_Used'],0,0,Valid,0.0,0.0,27.0,27.0,"['Male', 'Male']",0,0,5,4,5,Dry,Straight,Grade/Hillcrest,Lowest,Yes
17287,24,Maryland,240447,0,2,2,0,2,NOT APPLICABLE,November,9,Thursday,17,16,Urban,Medium Speed (Collector),No,38.55850833,-75.99878056,Non-Intersection,Dusk,Clear,Unknown,Unknown,Unknown EMS Scene Arrival Hour,Unknown EMS Scene Arrival Minutes,Unknown,Unknown EMS Hospital Arrival Time,1,Twilight,Clear,1,1,['Driver'],['Shoulder_Lapbelt'],0,0,Valid,0.0,0.0,94.0,70.0,"['Male', 'Male']",0,0,4,4,5,Dry,Straight,Level,Lowest,No
17288,24,Maryland,240448,1,1,1,0,1,NOT APPLICABLE,November,8,Wednesday,18,49,Urban,High Speed (Arterial),Yes,39.3857,-76.96510278,Simple Junction,Dark - Not Lighted,Clear,Unknown,Unknown,Unknown EMS Scene Arrival Hour,Unknown EMS Scene Arrival Minutes,Unknown,Unknown EMS Hospital Arrival Time,1,Dark - Unlighted,Clear,0,1,[],[],0,0,Valid,0.0,0.0,44.0,44.0,['Male'],0,0,3,3,4,Dry,Curve,Grade/Hillcrest,Lowest,No
17289,24,Maryland,240449,1,1,1,0,2,NOT APPLICABLE,June,30,Friday,21,50,Urban,High Speed (Arterial),Yes,39.28369444,-76.50630556,Complex/Circle,Dark - Lighted,Clear,Unknown,Unknown,Unknown EMS Scene Arrival Hour,Unknown EMS Scene Arrival Minutes,Not Applicable (Not Transported),Not Applicable (Not Transported),1,Dark - Lighted,Clear,0,2,[],[],0,0,Valid,0.0,0.0,55.0,55.0,['Female'],0,0,3,3,4,Dry,Straight,Level,Lowest,No
17290,24,Maryland,240450,0,1,1,0,1,NOT APPLICABLE,August,26,Saturday,2,24,Urban,High Speed (Arterial),Yes,39.25115,-76.6694,Complex/Circle,Dark - Lighted,Not Reported,Unknown,Unknown,Unknown EMS Scene Arrival Hour,Unknown EMS Scene Arrival Minutes,Not Applicable (Not Transported),Not Applicable (Not Transported),1,Dark - Lighted,Clear,1,0,['Driver'],['Shoulder_Lapbelt'],1,1,Valid,0.0,0.0,29.0,29.0,['Male'],0,0,2,4,2,Dry,Straight,Grade/Hillcrest,Lowest,No
17291,24,Maryland,240451,0,1,1,0,1,NOT APPLICABLE,November,12,Sunday,19,3,Urban,High Speed (Arterial),No,39.07234444,-76.87327222,Non-Intersection,Dark - Lighted,Clear,Unknown,Unknown,Unknown EMS Scene Arrival Hour,Unknown EMS Scene Arrival Minutes,Not Applicable (Not Transported),Not Applicable (Not Transported),1,Dark - Lighted,Clear,1,0,['Driver'],['None_Used'],0,0,Valid,0.0,0.0,25.0,25.0,['Male'],0,0,2,4,3,Dry,Straight,Level,Lowest,No
17292,24,Maryland,240452,0,1,1,0,2,NOT APPLICABLE,November,12,Sunday,11,7,Urban,Medium Speed (Collector),No,38.81608611,-76.525275,Non-Intersection,Daylight,Clear,Unknown,Unknown,Unknown EMS Scene Arrival Hour,Unknown EMS Scene Arrival Minutes,Not Applicable (Not Transported),Not Applicable (Not Transported),2,Daylight,Clear,2,0,"['Driver', 'Front_Passenger']","['Shoulder_Lapbelt', 'Shoulder_Lapbelt']",1,1,Valid,0.0,0.0,24.0,24.0,['Male'],0,0,3,4,2,Dry,Curve,Level,Lowest,No
17293,24,Maryland,240453,1,1,1,0,1,BALTIMORE,July,31,Monday,5,26,Urban,High Speed (Arterial),Yes,39.28314167,-76.54914444,Non-Intersection,Dark - Lighted,Clear,Unknown,Unknown,Unknown EMS Scene Arrival Hour,Unknown EMS Scene Arrival Minutes,Not Applicable (Not Transported),Not Applicable (Not Transported),1,Dark - Lighted,Clear,0,1,[],[],0,0,Valid,0.0,0.0,25.0,25.0,['Male'],0,0,3,3,4,Dry,Curve,Level,Lowest,No
17294,24,Maryland,240454,1,1,1,0,1,NOT APPLICABLE,October,29,Sunday,18,51,Urban,High Speed (Arterial),Yes,39.59308611,-78.83384167,Complex/Circle,Dark - Lighted,Rain,Unknown,Unknown,Unknown EMS Scene Arrival Hour,Unknown EMS Scene Arrival Minutes,Not Applicable (Not Transported),Not Applicable (Not Transported),1,Dark - Lighted,Rain/Wind/Minor,0,1,[],[],0,0,Valid,0.0,0.0,38.0,38.0,['Male'],0,0,3,2,4,Wet/Standing Water,Straight,Grade/Hillcrest,Lowest,No
17295,24,Maryland,240455,0,2,2,0,2,NOT APPLICABLE,September,25,Monday,8,13,Urban,Medium Speed (Collector),No,39.47056667,-76.64756111,Simple Junction,Daylight,Cloudy,Unknown,Unknown,Unknown EMS Scene Arrival Hour,Unknown EMS Scene Arrival Minutes,Unknown,Unknown EMS Hospital Arrival Time,1,Daylight,Reduced Visibility,1,1,['Driver'],['None_Used'],0,0,Valid,0.0,0.0,77.0,54.0,"['Female', 'Male']",0,0,5,4,5,Dry,Straight,Non-Trafficway,Lowest,No
17296,24,Maryland,240456,1,1,1,0,1,NOT APPLICABLE,November,7,Tuesday,23,4,Urban,Medium Speed (Collector),No,39.612475,-75.81562222,Non-Intersection,Dark - Unknown Lighting,Clear,Unknown,Unknown,Unknown EMS Scene Arrival Hour,Unknown EMS Scene Arrival Minutes,Not Applicable (Not Transported),Not Applicable (Not Transported),1,Dark - Unlighted,Clear,0,1,[],[],0,0,Valid,0.0,0.0,25.0,25.0,['Female'],0,0,2,4,4,Dry,Straight,Level,Lowest,No
17297,24,Maryland,240457,0,1,1,0,1,NOT APPLICABLE,September,22,Friday,8,56,Rural,Low Speed (Local),No,38.90248889,-76.84603056,Simple Junction,Daylight,Clear,Unknown,Unknown,Unknown EMS Scene Arrival Hour,Unknown EMS Scene Arrival Minutes,Unknown,Unknown EMS Hospital Arrival Time,1,Daylight,Clear,1,0,['Driver'],['Shoulder_Lapbelt'],0,0,Valid,0.0,0.0,71.0,71.0,['Female'],0,0,2,4,3,Dry,Straight,Level,Lowest,No
17298,24,Maryland,240458,0,2,2,0,3,NOT APPLICABLE,November,17,Friday,20,50,Urban,High Speed (Arterial),Yes,38.7917,-76.83856944,Non-Intersection,Dark - Lighted,Cloudy,Unknown,Unknown,Unknown EMS Scene Arrival Hour,Unknown EMS Scene Arrival Minutes,Unknown,Unknown EMS Hospital Arrival Time,1,Dark - Lighted,Reduced Visibility,1,2,['Driver'],['None_Used'],0,0,Valid,0.0,0.0,998.0,41.0,"['Male', 'Other']",0,0,5,4,5,Dry,Straight,Level,Lowest,No
17299,24,Maryland,240459,0,1,1,0,1,NOT APPLICABLE,November,18,Saturday,12,13,Urban,High Speed (Arterial),Yes,39.20323611,-76.7555,Non-Intersection,Daylight,Clear,Unknown,Unknown,Unknown EMS Scene Arrival Hour,Unknown EMS Scene Arrival Minutes,Not Applicable (Not Transported),Not Applicable (Not Transported),1,Daylight,Clear,1,0,['Driver'],['None_Used'],0,0,Valid,0.0,0.0,34.0,34.0,['Male'],0,0,5,4,3,Dry,Straight,Level,Lowest,No
17300,24,Maryland,240460,0,2,2,0,3,NOT APPLICABLE,November,19,Sunday,10,20,Urban,High Speed (Arterial),Yes,39.19880278,-76.60181111,Non-Intersection,Daylight,Clear,Unknown,Unknown,Unknown EMS Scene Arrival Hour,Unknown EMS Scene Arrival Minutes,Not Applicable (Not Transported),Not Applicable (Not Transported),1,Daylight,Clear,1,2,['Driver'],['None_Used'],0,0,Valid,0.0,0.0,59.0,30.0,"['Male', 'Male']",1,0,3,4,5,Dry,Straight,Level,Lowest,No
17301,24,Maryland,240461,0,1,1,0,1,NOT APPLICABLE,November,19,Sunday,12,32,Urban,Medium Speed (Collector),No,39.035875,-77.02549722,Non-Intersection,Daylight,Clear,Unknown,Unknown,Unknown EMS Scene Arrival Hour,Unknown EMS Scene Arrival Minutes,Not Applicable (Not Transported),Not Applicable (Not Transported),1,Daylight,Clear,1,0,['Driver'],['None_Used'],0,0,Valid,0.0,0.0,43.0,43.0,['Male'],1,0,3,3,3,Dry,Curve,Grade/Hillcrest,Lowest,No
17302,24,Maryland,240462,0,2,2,0,2,NOT APPLICABLE,October,26,Thursday,16,12,Urban,High Speed (Arterial),Yes,38.38761944,-75.57968889,Simple Junction,Daylight,Clear,Unknown,Unknown,Unknown EMS Scene Arrival Hour,Unknown EMS Scene Arrival Minutes,Unknown,Unknown EMS Hospital Arrival Time,1,Daylight,Clear,1,1,['Driver'],['None_Used'],0,0,Valid,0.0,0.0,74.0,22.0,"['Male', 'Female']",1,0,5,4,5,Dry,Straight,Level,Lowest,No