,State_Code,State_Name,Crash_ID,Count_Non_Motorists,Count_Vehicles_Total,Count_Vehicle_Forms,Count_PVH_Involved,Count_Occupants_MV,City_Name,Month_Name,Day_of_Month,Day_of_Week,Crash_Hour,Crash_Minute,Area_Rural_Urban,Road_Functional_Class,On_NHS_Road,Latitude,Longitude,Intersection_Type,Light_Condition,Weather_Condition,Notif_Hour,Notif_Minute,Arrival_Hour,Arrival_Minute,Hospital_Hour,Hospital_Minute,Fatalities_Count,Clean_Light_Condition,Clean_Weather_Condition,Total_Killed,Total_Alive,Fatal_Seats_List,Killed_Restraint_List,Any_Driver_Drinking,Total_Drinking_Drivers,Driver_License_Category,Driver_Max_Prev_Accident_Count,Driver_Max_Prev_Speeding_Count,Max_Driver_Age,Min_Driver_Age,Driver_Sex_List,Total_Exceeding_Limit_Vehicles,Total_Too_Fast_Vehicles,Max_Vehicle_Type_Severity_5,Max_Vehicle_Damage_Rank,Max_Harmful_Event_Severity,Crash_Road_Surface_Condition,Crash_Horizontal_Alignment,Crash_Vertical_Profile,Crash_Impairment_Category,Crash_Vehicle_Defect
17303,24,Maryland,240463,0,2,2,0,3,NOT APPLICABLE,November,6,Monday,18,59,Urban,High Speed (Arterial),Yes,39.13065278,-77.20565,Non-Intersection,Dark - Lighted,Clear,Unknown,Unknown,Unknown EMS Scene Arrival Hour,Unknown EMS Scene Arrival Minutes,Unknown,Unknown EMS Hospital Arrival Time,1,Dark - Lighted,Clear,1,2,['Rear_Seat'],['Shoulder_Lapbelt'],0,0,Valid,0.0,0.0,77.0,54.0,"['Male', 'Female']",0,0,2,4,5,Dry,Straight,Level,Lowest,No
17304,24,Maryland,240464,1,2,2,0,2,NOT APPLICABLE,November,9,Thursday,3,0,Urban,High Speed (Arterial),Yes,38.82215833,-76.95450556,Non-Intersection,Dark - Lighted,Clear,Unknown,Unknown,Unknown EMS Scene Arrival Hour,Unknown EMS Scene Arrival Minutes,Unknown,Unknown EMS Hospital Arrival Time,1,Dark - Lighted,Clear,0,2,[],[],0,0,Valid,0.0,0.0,37.0,30.0,"['Female', 'Male']",0,0,3,2,4,Dry,Straight,Level,Lowest,No
17305,24,Maryland,240465,3,1,1,0,1,Other,November,20,Monday,7,59,Urban,Medium Speed (Collector),No,38.96112222,-76.92946944,Complex/Circle,Daylight,Clear,Unknown,Unknown,Unknown EMS Scene Arrival Hour,Unknown EMS Scene Arrival Minutes,Unknown,Unknown EMS Hospital Arrival Time,2,Daylight,Clear,0,1,[],[],0,0,Valid,0.0,0.0,51.0,51.0,['Female'],0,0,3,2,4,Dry,Straight,Level,Lowest,No
17306,24,Maryland,240466,1,2,2,0,3,NOT APPLICABLE,November,19,Sunday,3,20,Urban,Medium Speed (Collector),No,39.14969722,-76.859625,Non-Intersection,Dark - Not Lighted,Not Reported,Unknown,Unknown,Unknown EMS Scene Arrival Hour,Unknown EMS Scene Arrival Minutes,Not Applicable (Not Transported),Not Applicable (Not Transported),1,Dark - Unlighted,Clear,0,3,[],[],0,0,Valid,0.0,0.0,46.0,40.0,"['Female', 'Female']",0,0,3,3,4,Dry,Straight,Grade/Hillcrest,Lowest,No
17307,24,Maryland,240467,1,1,1,0,1,NOT APPLICABLE,September,11,Monday,22,46,Urban,Medium Speed (Collector),No,38.68288611,-76.984925,Non-Intersection,Dark - Not Lighted,Clear,Unknown,Unknown,Unknown EMS Scene Arrival Hour,Unknown EMS Scene Arrival Minutes,Unknown,Unknown EMS Hospital Arrival Time,1,Dark - Unlighted,Clear,0,1,[],[],0,0,Invalid,0.0,0.0,998.0,998.0,['Other'],0,0,1,2,4,Dry,Straight,Level,Lowest,No
17308,24,Maryland,240468,1,1,1,0,1,NOT APPLICABLE,November,11,Saturday,4,58,Urban,High Speed (Arterial),No,38.84511389,-76.92823333,Non-Intersection,Dark - Unknown Lighting,Clear,Unknown,Unknown,Unknown EMS Scene Arrival Hour,Unknown EMS Scene Arrival Minutes,Unknown,Unknown EMS Hospital Arrival Time,1,Dark - Unlighted,Clear,0,1,[],[],0,0,Valid,0.0,0.0,43.0,43.0,['Female'],0,0,2,3,4,Dry,Curve,Level,Lowest,No
17309,24,Maryland,240469,0,4,4,0,5,NOT APPLICABLE,November,22,Wednesday,13,6,Urban,High Speed (Arterial),Yes,39.45468611,-76.83277778,Non-Intersection,Daylight,Clear,Unknown,Unknown,Unknown EMS Scene Arrival Hour,Unknown EMS Scene Arrival Minutes,Unknown,Unknown EMS Hospital Arrival Time,1,Daylight,Clear,1,4,['Driver'],['Shoulder_Lapbelt'],0,0,Valid,0.0,0.0,52.0,23.0,"['Male', 'Male', 'Female', 'Male']",2,0,3,4,5,Dry,Straight,Level,Lowest,No
17310,24,Maryland,240470,1,1,1,0,1,NOT APPLICABLE,November,23,Thursday,19,41,Urban,High Speed (Arterial),Yes,39.15896667,-76.61923056,Non-Intersection,Dark - Lighted,Clear,Unknown,Unknown,Unknown EMS Scene Arrival Hour,Unknown EMS Scene Arrival Minutes,Not Applicable (Not Transported),Not Applicable (Not Transported),1,Dark - Lighted,Clear,0,1,[],[],0,0,Valid,0.0,0.0,77.0,77.0,['Male'],0,0,3,3,4,Dry,Straight,Grade/Hillcrest,Lowest,No
17311,24,Maryland,240471,0,1,1,0,1,NOT APPLICABLE,November,23,Thursday,16,48,Rural,High Speed (Arterial),Yes,39.04148056,-76.93551111,Non-Intersection,Dusk,Clear,Unknown,Unknown,Unknown EMS Scene Arrival Hour,Unknown EMS Scene Arrival Minutes,Unknown,Unknown EMS Hospital Arrival Time,1,Twilight,Clear,1,0,['Driver'],['Shoulder_Lapbelt'],1,1,Valid,0.0,0.0,57.0,57.0,['Male'],0,0,2,4,3,Dry,Straight,Level,Lowest,No
17312,24,Maryland,240472,0,1,1,0,3,NOT APPLICABLE,November,25,Saturday,0,3,Urban,Medium Speed (Collector),No,38.68828333,-76.98113889,Complex/Circle,Dark - Not Lighted,Clear,Unknown,Unknown,Unknown EMS Scene Arrival Hour,Unknown EMS Scene Arrival Minutes,Unknown,Unknown EMS Hospital Arrival Time,1,Dark - Unlighted,Clear,1,2,['Rear_Seat'],['Shoulder_Lapbelt'],0,0,Valid,0.0,1.0,33.0,33.0,['Male'],0,0,2,4,3,Dry,Curve,Level,Lowest,No
17313,24,Maryland,240473,0,2,2,0,2,NOT APPLICABLE,November,24,Friday,19,49,Urban,High Speed (Arterial),Yes,38.63658611,-76.90011667,Simple Junction,Dark - Lighted,Cloudy,Unknown,Unknown,Unknown EMS Scene Arrival Hour,Unknown EMS Scene Arrival Minutes,Unknown,Unknown EMS Hospital Arrival Time,1,Dark - Lighted,Reduced Visibility,1,1,['Driver'],['None_Used'],1,1,Valid,0.0,0.0,33.0,28.0,"['Male', 'Male']",0,0,5,4,5,Dry,Straight,Level,Lowest,No
17314,24,Maryland,240474,1,1,1,0,1,NOT APPLICABLE,November,12,Sunday,18,5,Urban,Medium Speed (Collector),No,39.18665278,-76.84054444,Simple Junction,Dark - Lighted,Clear,Unknown,Unknown,Unknown EMS Scene Arrival Hour,Unknown EMS Scene Arrival Minutes,Not Applicable (Not Transported),Not Applicable (Not Transported),1,Dark - Lighted,Clear,0,1,[],[],0,0,Valid,0.0,0.0,64.0,64.0,['Male'],0,0,3,3,4,Dry,Curve,Level,Lowest,No
17315,24,Maryland,240475,0,2,2,0,2,NOT APPLICABLE,November,20,Monday,8,59,Urban,High Speed (Arterial),No,38.27958056,-76.46688333,Complex/Circle,Daylight,Clear,Unknown,Unknown,Unknown EMS Scene Arrival Hour,Unknown EMS Scene Arrival Minutes,Unknown,Unknown EMS Hospital Arrival Time,1,Daylight,Clear,1,1,['Driver'],['None_Used'],0,0,Valid,0.0,0.0,56.0,42.0,"['Male', 'Female']",0,0,3,4,5,Dry,Straight,Level,Medium,No
17316,24,Maryland,240476,1,1,1,0,1,BALTIMORE,September,11,Monday,21,20,Urban,High Speed (Arterial),No,39.31765,-76.55548611,Complex/Circle,Dark - Lighted,Clear,Unknown,Unknown,Unknown EMS Scene Arrival Hour,Unknown EMS Scene Arrival Minutes,Unknown,Unknown EMS Hospital Arrival Time,1,Dark - Lighted,Clear,0,1,[],[],0,0,Valid,0.0,0.0,39.0,39.0,['Male'],0,0,2,3,4,Dry,Straight,Level,Lowest,No
17317,24,Maryland,240477,1,1,1,0,1,BALTIMORE,October,3,Tuesday,7,7,Urban,High Speed (Arterial),Yes,39.30185556,-76.55011111,Non-Intersection,Dark - Not Lighted,Clear,Unknown,Unknown,Unknown EMS Scene Arrival Hour,Unknown EMS Scene Arrival Minutes,Not Applicable (Not Transported),Not Applicable (Not Transported),1,Dark - Unlighted,Clear,0,1,[],[],0,0,Invalid,0.0,0.0,998.0,998.0,['Other'],0,0,1,0,4,Dry,Curve,Level,Lowest,No
17318,24,Maryland,240478,1,1,1,0,1,BALTIMORE,August,4,Friday,3,52,Urban,Medium Speed (Collector),No,39.35255833,-76.56298611,Non-Intersection,Dark - Lighted,Clear,Unknown,Unknown,Unknown EMS Scene Arrival Hour,Unknown EMS Scene Arrival Minutes,Unknown,Unknown EMS Hospital Arrival Time,1,Dark - Lighted,Clear,0,1,[],[],0,0,Valid,0.0,0.0,64.0,64.0,['Male'],0,0,3,1,4,Dry,Straight,Level,Lowest,No
17319,24,Maryland,240479,1,1,1,0,1,NOT APPLICABLE,November,24,Friday,22,54,Urban,High Speed (Arterial),Yes,39.39803611,-77.418075,Non-Intersection,Dark - Lighted,Clear,Unknown,Unknown,Unknown EMS Scene Arrival Hour,Unknown EMS Scene Arrival Minutes,Unknown,Unknown EMS Hospital Arrival Time,1,Dark - Lighted,Clear,0,1,[],[],0,0,Valid,0.0,0.0,64.0,64.0,['Female'],0,0,2,4,4,Dry,Curve,Level,Lowest,No
17320,24,Maryland,240480,0,1,1,0,1,NOT APPLICABLE,November,25,Saturday,20,2,Urban,Low Speed (Local),No,39.34461111,-77.50502778,Non-Intersection,Dark - Not Lighted,Clear,Unknown,Unknown,Unknown EMS Scene Arrival Hour,Unknown EMS Scene Arrival Minutes,Unknown,Unknown EMS Hospital Arrival Time,1,Dark - Unlighted,Clear,1,0,['Driver'],['None_Used'],1,1,Valid,0.0,0.0,33.0,33.0,['Male'],0,0,5,4,2,Dry,Curve,Level,Lowest,No
17321,24,Maryland,240481,0,2,2,0,3,NOT APPLICABLE,November,29,Wednesday,1,11,Urban,Medium Speed (Collector),No,38.60676389,-75.77970278,Non-Intersection,Dark - Lighted,Clear,Not Applicable (Not Notified),Not Applicable (Not Notified),Not Applicable,Not Applicable,Not Applicable (Not Transported),Not Applicable (Not Transported),2,Dark - Lighted,Clear,2,1,"['Driver', 'Front_Passenger']","['None_Used', 'None_Used']",0,0,Valid,0.0,0.0,47.0,40.0,"['Male', 'Male']",0,0,4,4,5,Dry,Straight,Level,Lowest,No
17322,24,Maryland,240482,0,2,2,0,4,NOT APPLICABLE,November,11,Saturday,11,14,Urban,High Speed (Arterial),Yes,39.19236111,-76.75108611,Non-Intersection,Daylight,Clear,Unknown,Unknown,Unknown EMS Scene Arrival Hour,Unknown EMS Scene Arrival Minutes,Unknown,Unknown EMS Hospital Arrival Time,1,Daylight,Clear,1,3,['Driver'],['Shoulder_Lapbelt'],0,0,Valid,0.0,0.0,38.0,37.0,"['Male', 'Female']",0,0,2,4,5,Dry,Straight,Level,Lowest,No
17323,24,Maryland,240483,1,2,1,1,1,BALTIMORE,November,7,Tuesday,5,15,Urban,High Speed (Arterial),No,39.22968333,-76.58725278,Non-Intersection,Dawn,Clear,Unknown,Unknown,Unknown EMS Scene Arrival Hour,Unknown EMS Scene Arrival Minutes,Unknown,Unknown EMS Hospital Arrival Time,1,Twilight,Clear,0,1,[],[],0,0,Invalid,0.0,0.0,998.0,998.0,['Other'],0,0,1,0,4,Dry,Straight,Level,Lowest,No
17324,24,Maryland,240484,1,3,3,0,6,NOT APPLICABLE,December,5,Tuesday,6,22,Urban,Medium Speed (Collector),No,38.99686944,-76.97286389,Complex/Circle,Dark - Not Lighted,Clear,Unknown,Unknown,Unknown EMS Scene Arrival Hour,Unknown EMS Scene Arrival Minutes,Unknown,Unknown EMS Hospital Arrival Time,1,Dark - Unlighted,Clear,0,6,[],[],0,0,Valid,0.0,0.0,43.0,28.0,"['Male', 'Female', 'Male']",0,0,3,2,4,Dry,Straight,Grade/Hillcrest,Lowest,No
17325,24,Maryland,240485,0,5,2,3,3,BALTIMORE,September,5,Tuesday,3,9,Urban,High Speed (Arterial),No,39.28525278,-76.64504444,Non-Intersection,Dark - Lighted,Clear,Unknown,Unknown,Unknown EMS Scene Arrival Hour,Unknown EMS Scene Arrival Minutes,Unknown,Unknown EMS Hospital Arrival Time,1,Dark - Lighted,Clear,1,2,['Driver'],['Shoulder_Lapbelt'],1,1,Valid,0.0,0.0,53.0,26.0,"['Male', 'Female']",2,0,2,4,5,Dry,Straight,Level,Lowest,No
17326,24,Maryland,240486,1,2,2,0,2,NOT APPLICABLE,October,21,Saturday,3,50,Urban,Medium Speed (Collector),No,38.96063611,-76.86434444,Simple Junction,Dark - Lighted,Rain,Unknown,Unknown,Unknown EMS Scene Arrival Hour,Unknown EMS Scene Arrival Minutes,Not Applicable (Not Transported),Not Applicable (Not Transported),1,Dark - Lighted,Rain/Wind/Minor,0,2,[],[],0,0,Valid,0.0,0.0,34.0,23.0,"['Male', 'Male']",0,0,2,3,5,Wet/Standing Water,Straight,Level,Lowest,No
17327,24,Maryland,240487,0,2,2,0,2,BALTIMORE,July,21,Friday,21,39,Urban,Medium Speed (Collector),No,39.31517222,-76.61954444,Complex/Circle,Dark - Lighted,Clear,Unknown,Unknown,Unknown EMS Scene Arrival Hour,Unknown EMS Scene Arrival Minutes,Unknown,Unknown EMS Hospital Arrival Time,1,Dark - Lighted,Clear,1,1,['Driver'],['None_Used'],1,1,Valid,0.0,0.0,33.0,26.0,"['Male', 'Female']",0,0,5,4,5,Dry,Straight,Level,Lowest,No
17328,24,Maryland,240488,0,2,2,0,4,NOT APPLICABLE,November,29,Wednesday,19,4,Urban,High Speed (Arterial),Yes,38.12883333,-75.69574167,Simple Junction,Dark - Not Lighted,Clear,Unknown,Unknown,Unknown EMS Scene Arrival Hour,Unknown EMS Scene Arrival Minutes,Unknown,Unknown EMS Hospital Arrival Time,1,Dark - Unlighted,Clear,1,3,['Driver'],['Shoulder_Lapbelt'],0,0,Valid,0.0,0.0,81.0,61.0,"['Female', 'Male']",0,0,2,4,5,Dry,Straight,Level,Lowest,No
17329,24,Maryland,240489,1,1,1,0,1,NOT APPLICABLE,October,18,Wednesday,6,53,Urban,High Speed (Arterial),No,38.93961111,-76.92929722,Complex/Circle,Dawn,Clear,Unknown,Unknown,Unknown EMS Scene Arrival Hour,Unknown EMS Scene Arrival Minutes,Not Applicable (Not Transported),Not Applicable (Not Transported),1,Twilight,Clear,0,1,[],[],0,0,Valid,0.0,0.0,33.0,33.0,['Male'],1,0,2,3,4,Dry,Straight,Level,Lowest,No
17330,24,Maryland,240490,0,1,1,0,1,NOT APPLICABLE,December,3,Sunday,12,20,Urban,High Speed (Arterial),No,38.28713056,-76.47855,Non-Intersection,Daylight,Not Reported,Unknown,Unknown,Unknown EMS Scene Arrival Hour,Unknown EMS Scene Arrival Minutes,Unknown,Unknown EMS Hospital Arrival Time,1,Daylight,Clear,1,0,['Driver'],['Shoulder_Lapbelt'],0,0,Valid,0.0,0.0,20.0,20.0,['Male'],0,0,2,4,2,Wet/Standing Water,Straight,Level,Lowest,No
17331,24,Maryland,240491,0,1,1,0,1,NOT APPLICABLE,September,22,Friday,23,51,Urban,Medium Speed (Collector),No,38.14161667,-75.29191667,Non-Intersection,Dark - Not Lighted,Rain,Unknown,Unknown,Unknown EMS Scene Arrival Hour,Unknown EMS Scene Arrival Minutes,Not Applicable (Not Transported),Not Applicable (Not Transported),1,Dark - Unlighted,Rain/Wind/Minor,1,0,['Driver'],['Lapbelt_Only'],1,1,Valid,0.0,0.0,60.0,60.0,['Male'],1,0,3,4,3,Wet/Standing Water,Curve,Level,Lowest,No
17332,24,Maryland,240492,0,1,1,0,1,NOT APPLICABLE,December,5,Tuesday,14,14,Urban,High Speed (Arterial),Yes,38.77134167,-76.65860278,Non-Intersection,Daylight,Clear,Unknown,Unknown,Unknown EMS Scene Arrival Hour,Unknown EMS Scene Arrival Minutes,Not Applicable (Not Transported),Not Applicable (Not Transported),1,Daylight,Clear,1,0,['Driver'],['Shoulder_Lapbelt'],0,0,Valid,0.0,1.0,23.0,23.0,['Female'],0,0,2,4,3,Dry,Curve,Level,Lowest,No
17333,24,Maryland,240493,1,1,1,0,1,NOT APPLICABLE,November,22,Wednesday,17,45,Urban,High Speed (Arterial),Yes,38.812025,-76.91133611,Non-Intersection,Dark - Lighted,Clear,Unknown,Unknown,Unknown EMS Scene Arrival Hour,Unknown EMS Scene Arrival Minutes,Unknown,Unknown EMS Hospital Arrival Time,1,Dark - Lighted,Clear,0,1,[],[],0,0,Valid,0.0,0.0,64.0,64.0,['Male'],0,0,3,3,4,Dry,Straight,Level,Lowest,No
17334,24,Maryland,240494,0,1,1,0,1,NOT APPLICABLE,December,4,Monday,11,33,Urban,Medium Speed (Collector),No,38.59370278,-77.01439167,Non-Intersection,Daylight,Clear,Unknown,Unknown,Unknown EMS Scene Arrival Hour,Unknown EMS Scene Arrival Minutes,Unknown,Unknown EMS Hospital Arrival Time,1,Daylight,Clear,1,0,['Driver'],['Shoulder_Lapbelt'],0,0,Valid,0.0,0.0,17.0,17.0,['Male'],1,0,2,4,3,Wet/Standing Water,Curve,Grade/Hillcrest,Lowest,No
17335,24,Maryland,240495,0,1,1,0,2,NOT APPLICABLE,December,7,Thursday,0,6,Urban,Medium Speed (Collector),No,39.15712222,-76.51626667,Complex/Circle,Dark - Lighted,Clear,Unknown,Unknown,Unknown EMS Scene Arrival Hour,Unknown EMS Scene Arrival Minutes,Unknown,Unknown EMS Hospital Arrival Time,1,Dark - Lighted,Clear,1,1,['Front_Passenger'],['None_Used'],0,0,Valid,0.0,0.0,23.0,23.0,['Male'],0,0,2,4,3,Dry,Curve,Level,Lowest,No
17336,24,Maryland,240496,0,3,3,0,4,NOT APPLICABLE,July,26,Wednesday,16,37,Urban,Medium Speed (Collector),No,39.31703056,-76.73728611,Non-Intersection,Daylight,Clear,Unknown,Unknown,Unknown EMS Scene Arrival Hour,Unknown EMS Scene Arrival Minutes,Unknown,Unknown EMS Hospital Arrival Time,2,Daylight,Clear,2,2,"['Driver', 'Driver']","['Shoulder_Lapbelt', 'Shoulder_Lapbelt']",0,0,Valid,0.0,0.0,91.0,35.0,"['Male', 'Male', 'Female']",1,0,3,4,5,Dry,Straight,Level,Medium,No
17337,24,Maryland,240497,0,2,2,0,2,NOT APPLICABLE,August,9,Wednesday,7,49,Urban,High Speed (Arterial),No,39.25358889,-76.46126389,Complex/Circle,Daylight,Clear,Unknown,Unknown,Unknown EMS Scene Arrival Hour,Unknown EMS Scene Arrival Minutes,Unknown,Unknown EMS Hospital Arrival Time,1,Daylight,Clear,1,1,['Driver'],['None_Used'],0,0,Valid,0.0,0.0,68.0,54.0,"['Male', 'Male']",0,0,4,4,5,Dry,Curve,Level,Lowest,No
17338,24,Maryland,240498,0,3,3,0,7,NOT APPLICABLE,December,4,Monday,10,56,Urban,Medium Speed (Collector),No,38.10354167,-75.71521389,Non-Intersection,Daylight,Clear,Unknown,Unknown,Unknown EMS Scene Arrival Hour,Unknown EMS Scene Arrival Minutes,Unknown,Unknown EMS Hospital Arrival Time,1,Daylight,Clear,1,6,['Driver'],['None_Used'],0,0,Valid,0.0,0.0,53.0,28.0,"['Male', 'Male', 'Female']",0,0,4,4,5,Dry,Straight,Level,Lowest,No
17339,24,Maryland,240499,1,1,1,0,3,NOT APPLICABLE,December,8,Friday,18,17,Urban,High Speed (Arterial),Yes,39.521675,-76.34625556,Complex/Circle,Dark - Lighted,Clear,Unknown,Unknown,Unknown EMS Scene Arrival Hour,Unknown EMS Scene Arrival Minutes,Unknown,Unknown EMS Hospital Arrival Time,1,Dark - Lighted,Clear,0,3,[],[],0,0,Valid,0.0,2.0,36.0,36.0,['Male'],0,0,2,3,4,Dry,Straight,Level,Lowest,No
17340,24,Maryland,240500,1,1,1,0,2,NOT APPLICABLE,December,10,Sunday,0,13,Urban,High Speed (Arterial),Yes,38.82314444,-76.735975,Non-Intersection,Dark - Lighted,Clear,Unknown,Unknown,Unknown EMS Scene Arrival Hour,Unknown EMS Scene Arrival Minutes,Not Applicable (Not Transported),Not Applicable (Not Transported),1,Dark - Lighted,Clear,0,2,[],[],0,0,Valid,0.0,0.0,58.0,58.0,['Male'],0,0,2,3,4,Dry,Straight,Grade/Hillcrest,Lowest,No
17341,24,Maryland,240501,1,1,1,0,1,NOT APPLICABLE,December,10,Sunday,21,58,Urban,High Speed (Arterial),Yes,39.62497222,-77.69746944,Complex/Circle,Dark - Not Lighted,Rain,Unknown,Unknown,Unknown EMS Scene Arrival Hour,Unknown EMS Scene Arrival Minutes,Unknown,Unknown EMS Hospital Arrival Time,1,Dark - Unlighted,Rain/Wind/Minor,0,1,[],[],0,0,Valid,0.0,0.0,38.0,38.0,['Male'],0,0,2,4,4,Wet/Standing Water,Straight,Level,Lowest,No
17342,24,Maryland,240502,2,1,1,0,1,NOT APPLICABLE,September,17,Sunday,9,18,Urban,Medium Speed (Collector),No,39.42453333,-76.59694444,Complex/Circle,Daylight,Clear,Unknown,Unknown,Unknown EMS Scene Arrival Hour,Unknown EMS Scene Arrival Minutes,Unknown,Unknown EMS Hospital Arrival Time,1,Daylight,Clear,0,1,[],[],0,0,Valid,0.0,0.0,31.0,31.0,['Male'],0,0,3,2,4,Dry,Straight,Grade/Hillcrest,Lowest,No
17343,24,Maryland,240503,0,1,1,0,1,NOT APPLICABLE,December,1,Friday,11,23,Urban,Medium Speed (Collector),No,38.30821111,-76.53232222,Complex/Circle,Daylight,Cloudy,Unknown,Unknown,Unknown EMS Scene Arrival Hour,Unknown EMS Scene Arrival Minutes,Unknown,Unknown EMS Hospital Arrival Time,1,Daylight,Reduced Visibility,1,0,['Driver'],['Shoulder_Lapbelt'],0,0,Valid,0.0,0.0,88.0,88.0,['Male'],0,0,3,4,3,Dry,Curve,Level,Lowest,No
17344,24,Maryland,240504,0,2,2,0,3,NOT APPLICABLE,December,3,Sunday,22,57,Urban,High Speed (Arterial),Yes,39.119775,-76.82830556,Non-Intersection,Dark - Not Lighted,Cloudy,Unknown,Unknown,Unknown EMS Scene Arrival Hour,Unknown EMS Scene Arrival Minutes,Unknown,Unknown EMS Hospital Arrival Time,1,Dark - Unlighted,Reduced Visibility,1,2,['Driver'],['None_Used'],1,1,Valid,0.0,0.0,36.0,24.0,"['Male', 'Male']",0,0,4,4,5,Dry,Straight,Level,Lowest,No
17345,24,Maryland,240505,0,1,1,0,1,NOT APPLICABLE,December,3,Sunday,1,15,Rural,Low Speed (Local),No,38.25820556,-76.48079167,Non-Intersection,Dark - Lighted,Rain,Unknown,Unknown,Unknown EMS Scene Arrival Hour,Unknown EMS Scene Arrival Minutes,Not Applicable (Not Transported),Not Applicable (Not Transported),1,Dark - Lighted,Rain/Wind/Minor,1,0,['Driver'],['None_Used'],1,1,Invalid,0.0,0.0,58.0,58.0,['Male'],0,0,2,4,3,Wet/Standing Water,Straight,Level,Lowest,No
17346,24,Maryland,240506,1,1,1,0,1,NOT APPLICABLE,December,4,Monday,20,3,Rural,Medium Speed (Collector),No,38.33199722,-75.69600833,Non-Intersection,Dark - Lighted,Clear,Unknown,Unknown,Unknown EMS Scene Arrival Hour,Unknown EMS Scene Arrival Minutes,Unknown,Unknown EMS Hospital Arrival Time,1,Dark - Lighted,Clear,0,1,[],[],0,0,Valid,0.0,0.0,39.0,39.0,['Female'],1,0,3,3,4,Dry,Straight,Level,Lowest,No
17347,24,Maryland,240507,0,2,2,0,5,NOT APPLICABLE,December,12,Tuesday,9,21,Urban,High Speed (Arterial),Yes,38.97823611,-76.80308056,Complex/Circle,Daylight,Clear,Unknown,Unknown,Unknown EMS Scene Arrival Hour,Unknown EMS Scene Arrival Minutes,Unknown,Unknown EMS Hospital Arrival Time,1,Daylight,Clear,1,4,['Front_Passenger'],['Shoulder_Lapbelt'],0,0,Valid,0.0,0.0,49.0,30.0,"['Female', 'Female']",0,0,3,4,5,Dry,Straight,Level,Lowest,No
17348,24,Maryland,240508,0,4,4,0,4,NOT APPLICABLE,December,7,Thursday,9,0,Urban,High Speed (Arterial),Yes,39.62086667,-76.29914722,Non-Intersection,Daylight,Snow,Unknown,Unknown,Unknown EMS Scene Arrival Hour,Unknown EMS Scene Arrival Minutes,Unknown,Unknown EMS Hospital Arrival Time,1,Daylight,Snow/Ice/Severe,1,3,['Driver'],['Shoulder_Lapbelt'],0,0,Valid,0.0,0.0,74.0,54.0,"['Male', 'Female', 'Male', 'Female']",1,0,3,4,5,Icy/Snowy,Straight,Level,Lowest,No
17349,24,Maryland,240509,1,1,1,0,1,NOT APPLICABLE,December,9,Saturday,19,10,Urban,High Speed (Arterial),No,38.938175,-76.92399167,Non-Intersection,Dark - Lighted,Clear,Unknown,Unknown,Unknown EMS Scene Arrival Hour,Unknown EMS Scene Arrival Minutes,Unknown,Unknown EMS Hospital Arrival Time,1,Dark - Lighted,Clear,0,1,[],[],0,0,Valid,0.0,0.0,35.0,35.0,['Male'],0,0,3,2,4,Dry,Straight,Level,Lowest,No
17350,24,Maryland,240510,1,1,1,0,3,NOT APPLICABLE,December,12,Tuesday,5,59,Urban,Medium Speed (Collector),No,38.96296389,-76.99171667,Non-Intersection,Dawn,Cloudy,Unknown,Unknown,Unknown EMS Scene Arrival Hour,Unknown EMS Scene Arrival Minutes,Not Applicable (Not Transported),Not Applicable (Not Transported),1,Twilight,Reduced Visibility,0,3,[],[],0,0,Valid,0.0,0.0,65.0,65.0,['Male'],0,0,1,2,4,Dry,Straight,Level,Lowest,No
17351,24,Maryland,240512,1,1,1,0,1,NOT APPLICABLE,December,13,Wednesday,10,14,Urban,High Speed (Arterial),Yes,39.01390278,-77.05704167,Non-Intersection,Daylight,Clear,Unknown,Unknown,Unknown EMS Scene Arrival Hour,Unknown EMS Scene Arrival Minutes,Not Applicable (Not Transported),Not Applicable (Not Transported),1,Daylight,Clear,0,1,[],[],0,0,Valid,0.0,0.0,39.0,39.0,['Male'],0,0,4,3,4,Dry,Straight,Level,Lowest,No
17352,24,Maryland,240513,0,2,2,0,2,NOT APPLICABLE,December,10,Sunday,4,20,Urban,High Speed (Arterial),Yes,39.40688889,-76.41905,Non-Intersection,Dark - Not Lighted,Cloudy,Unknown,Unknown,Unknown EMS Scene Arrival Hour,Unknown EMS Scene Arrival Minutes,Not Applicable (Not Transported),Not Applicable (Not Transported),1,Dark - Unlighted,Reduced Visibility,1,1,['Driver'],['None_Used'],1,1,Valid,0.0,0.0,50.0,29.0,"['Female', 'Male']",0,0,4,4,5,Dry,Straight,Level,Lowest,No
17353,24,Maryland,240514,0,2,2,0,2,NOT APPLICABLE,May,21,Sunday,1,38,Urban,Medium Speed (Collector),No,39.32198333,-76.74519167,Complex/Circle,Dark - Lighted,Clear,Unknown,Unknown,Unknown EMS Scene Arrival Hour,Unknown EMS Scene Arrival Minutes,Unknown,Unknown EMS Hospital Arrival Time,1,Dark - Lighted,Clear,1,1,['Driver'],['None_Used'],1,1,Valid,0.0,0.0,52.0,18.0,"['Male', 'Female']",0,0,2,4,5,Dry,Straight,Level,Lowest,No