,State_Code,State_Name,Crash_ID,Count_Non_Motorists,Count_Vehicles_Total,Count_Vehicle_Forms,Count_PVH_Involved,Count_Occupants_MV,City_Name,Month_Name,Day_of_Month,Day_of_Week,Crash_Hour,Crash_Minute,Area_Rural_Urban,Road_Functional_Class,On_NHS_Road,Latitude,Longitude,Intersection_Type,Light_Condition,Weather_Condition,Notif_Hour,Notif_Minute,Arrival_Hour,Arrival_Minute,Hospital_Hour,Hospital_Minute,Fatalities_Count,Clean_Light_Condition,Clean_Weather_Condition,Total_Killed,Total_Alive,Fatal_Seats_List,Killed_Restraint_List,Any_Driver_Drinking,Total_Drinking_Drivers,Driver_License_Category,Driver_Max_Prev_Accident_Count,Driver_Max_Prev_Speeding_Count,Max_Driver_Age,Min_Driver_Age,Driver_Sex_List,Total_Exceeding_Limit_Vehicles,Total_Too_Fast_Vehicles,Max_Vehicle_Type_Severity_5,Max_Vehicle_Damage_Rank,Max_Harmful_Event_Severity,Crash_Road_Surface_Condition,Crash_Horizontal_Alignment,Crash_Vertical_Profile,Crash_Impairment_Category,Crash_Vehicle_Defect
17354,24,Maryland,240515,0,3,2,1,2,NOT APPLICABLE,December,1,Friday,1,8,Urban,High Speed (Arterial),Yes,38.92653889,-76.88692778,Complex/Circle,Dark - Lighted,Clear,Unknown,Unknown,Unknown EMS Scene Arrival Hour,Unknown EMS Scene Arrival Minutes,Unknown,Unknown EMS Hospital Arrival Time,1,Dark - Lighted,Clear,1,1,['Driver'],['Shoulder_Lapbelt'],0,0,Valid,0.0,0.0,27.0,20.0,"['Male', 'Female']",1,0,3,4,5,Dry,Straight,Grade/Hillcrest,Lowest,No
17355,24,Maryland,240516,1,1,1,0,1,NOT APPLICABLE,December,8,Friday,2,54,Urban,High Speed (Arterial),Yes,38.82251111,-76.88618611,Non-Intersection,Dark - Not Lighted,Clear,Unknown,Unknown,Unknown EMS Scene Arrival Hour,Unknown EMS Scene Arrival Minutes,Not Applicable (Not Transported),Not Applicable (Not Transported),1,Dark - Unlighted,Clear,0,1,[],[],0,0,Valid,0.0,2.0,31.0,31.0,['Female'],0,0,2,4,4,Dry,Straight,Level,Lowest,No
17356,24,Maryland,240517,1,1,1,0,1,BALTIMORE,November,3,Friday,20,12,Urban,Medium Speed (Collector),No,39.34487222,-76.68176667,Non-Intersection,Dark - Unknown Lighting,Not Reported,Unknown,Unknown,Unknown EMS Scene Arrival Hour,Unknown EMS Scene Arrival Minutes,Unknown,Unknown EMS Hospital Arrival Time,1,Dark - Unlighted,Clear,0,1,[],[],0,0,Valid,0.0,0.0,24.0,24.0,['Male'],0,0,2,3,4,Dry,Straight,Level,Lowest,No
17357,24,Maryland,240518,0,3,3,0,5,NOT APPLICABLE,December,13,Wednesday,22,17,Urban,High Speed (Arterial),Yes,39.05080278,-77.05148611,Non-Intersection,Dark - Lighted,Clear,Unknown,Unknown,Unknown EMS Scene Arrival Hour,Unknown EMS Scene Arrival Minutes,Unknown,Unknown EMS Hospital Arrival Time,1,Dark - Lighted,Clear,1,4,['Front_Passenger'],['None_Used'],0,0,Invalid,0.0,0.0,44.0,19.0,"['Male', 'Male', 'Female']",2,0,3,4,5,Dry,Straight,Level,Lowest,No
17358,24,Maryland,240520,1,1,1,0,1,NOT APPLICABLE,December,12,Tuesday,3,1,Urban,High Speed (Arterial),Yes,38.82113889,-76.92061944,Non-Intersection,Dark - Not Lighted,Cloudy,Unknown,Unknown,Unknown EMS Scene Arrival Hour,Unknown EMS Scene Arrival Minutes,Not Applicable (Not Transported),Not Applicable (Not Transported),1,Dark - Unlighted,Reduced Visibility,0,1,[],[],0,0,Valid,0.0,0.0,47.0,47.0,['Male'],0,0,3,4,4,Wet/Standing Water,Straight,Level,Lowest,No
17359,24,Maryland,240521,0,1,1,0,2,NOT APPLICABLE,November,6,Monday,9,17,Urban,Medium Speed (Collector),No,39.40389444,-76.797675,Non-Intersection,Daylight,Not Reported,Unknown,Unknown,Unknown EMS Scene Arrival Hour,Unknown EMS Scene Arrival Minutes,Unknown,Unknown EMS Hospital Arrival Time,1,Daylight,Clear,1,1,['Driver'],['None_Used'],0,0,Valid,0.0,0.0,43.0,43.0,['Male'],2,0,2,4,3,Dry,Straight,Level,Lowest,No
17360,24,Maryland,240522,0,2,2,0,3,NOT APPLICABLE,December,13,Wednesday,21,3,Urban,High Speed (Arterial),Yes,38.85788056,-76.609925,Non-Intersection,Dark - Not Lighted,Clear,Unknown,Unknown,Unknown EMS Scene Arrival Hour,Unknown EMS Scene Arrival Minutes,Unknown,Unknown EMS Hospital Arrival Time,1,Dark - Unlighted,Clear,1,2,['Driver'],['None_Used'],1,1,Valid,0.0,0.0,68.0,32.0,"['Male', 'Male']",0,0,3,4,5,Dry,Curve,Level,Lowest,No
17361,24,Maryland,240523,1,2,2,0,3,NOT APPLICABLE,December,26,Tuesday,18,49,Urban,High Speed (Arterial),Yes,39.07488056,-77.11553056,Complex/Circle,Dark - Lighted,Cloudy,Unknown,Unknown,Unknown EMS Scene Arrival Hour,Unknown EMS Scene Arrival Minutes,Not Applicable (Not Transported),Not Applicable (Not Transported),1,Dark - Lighted,Reduced Visibility,0,3,[],[],0,0,Valid,0.0,1.0,55.0,24.0,"['Male', 'Female']",1,0,2,3,4,Dry,Straight,Level,Lowest,No
17362,24,Maryland,240524,0,2,2,0,3,NOT APPLICABLE,December,28,Thursday,11,38,Urban,High Speed (Arterial),Yes,38.97776111,-76.133875,Non-Intersection,Daylight,Cloudy,Unknown,Unknown,Unknown EMS Scene Arrival Hour,Unknown EMS Scene Arrival Minutes,Unknown,Unknown EMS Hospital Arrival Time,1,Daylight,Reduced Visibility,1,2,['Driver'],['Shoulder_Lapbelt'],0,0,Valid,0.0,0.0,88.0,24.0,"['Male', 'Female']",0,0,3,4,5,Dry,Straight,Non-Trafficway,Lowest,No
17363,24,Maryland,240525,0,2,2,0,3,NOT APPLICABLE,November,26,Sunday,15,56,Rural,Low Speed (Local),No,39.70632778,-78.26800556,Non-Intersection,Daylight,Clear,Unknown,Unknown,Unknown EMS Scene Arrival Hour,Unknown EMS Scene Arrival Minutes,Unknown,Unknown EMS Hospital Arrival Time,1,Daylight,Clear,1,2,['Driver'],['Shoulder_Lapbelt'],1,1,Valid,0.0,0.0,57.0,24.0,"['Male', 'Male']",0,0,3,4,5,Dry,Straight,Non-Trafficway,Lowest,No
17364,24,Maryland,240526,0,1,1,0,3,NOT APPLICABLE,December,21,Thursday,4,13,Urban,Medium Speed (Collector),No,38.26656944,-75.52926389,Non-Intersection,Dark - Not Lighted,Clear,Unknown,Unknown,Unknown EMS Scene Arrival Hour,Unknown EMS Scene Arrival Minutes,Unknown,Unknown EMS Hospital Arrival Time,1,Dark - Unlighted,Clear,1,2,['Front_Passenger'],['None_Used'],1,1,Valid,0.0,0.0,19.0,19.0,['Male'],0,0,3,4,3,Dry,Straight,Level,Lowest,No
17365,24,Maryland,240527,0,2,2,0,2,NOT APPLICABLE,December,8,Friday,11,29,Urban,Medium Speed (Collector),No,38.765325,-75.91230556,Complex/Circle,Daylight,Clear,Unknown,Unknown,Unknown EMS Scene Arrival Hour,Unknown EMS Scene Arrival Minutes,Unknown,Unknown EMS Hospital Arrival Time,1,Daylight,Clear,1,1,['Driver'],['Shoulder_Lapbelt'],0,0,Valid,0.0,0.0,82.0,56.0,"['Female', 'Male']",0,0,4,4,5,Dry,Straight,Level,Lowest,No
17366,24,Maryland,240528,1,1,1,0,1,NOT APPLICABLE,December,30,Saturday,20,25,Urban,High Speed (Arterial),Yes,39.43269167,-77.41384167,Non-Intersection,Dark - Not Lighted,Clear,Unknown,Unknown,Unknown EMS Scene Arrival Hour,Unknown EMS Scene Arrival Minutes,Not Applicable (Not Transported),Not Applicable (Not Transported),1,Dark - Unlighted,Clear,0,1,[],[],0,0,Valid,0.0,0.0,24.0,24.0,['Female'],0,0,2,4,4,Dry,Straight,Level,Lowest,No
17367,24,Maryland,240529,1,1,1,0,1,NOT APPLICABLE,October,7,Saturday,16,22,Urban,Medium Speed (Collector),No,39.40368056,-76.58248611,Non-Intersection,Daylight,Clear,Unknown,Unknown,Unknown EMS Scene Arrival Hour,Unknown EMS Scene Arrival Minutes,Not Applicable (Not Transported),Not Applicable (Not Transported),1,Daylight,Clear,0,1,[],[],1,1,Valid,0.0,0.0,57.0,57.0,['Male'],1,0,3,4,4,Dry,Curve,Grade/Hillcrest,Lowest,No
17368,24,Maryland,240530,0,1,1,0,1,NOT APPLICABLE,October,22,Sunday,18,14,Urban,Medium Speed (Collector),No,39.25681944,-76.50226944,Non-Intersection,Dark - Not Lighted,Clear,Unknown,Unknown,Unknown EMS Scene Arrival Hour,Unknown EMS Scene Arrival Minutes,Unknown,Unknown EMS Hospital Arrival Time,1,Dark - Unlighted,Clear,1,0,['Driver'],['None_Used'],1,1,Valid,0.0,0.0,35.0,35.0,['Male'],1,0,5,4,2,Dry,Curve,Level,Lowest,No
17369,24,Maryland,240531,1,1,1,0,1,NOT APPLICABLE,November,15,Wednesday,6,15,Urban,Medium Speed (Collector),No,39.34430833,-76.48751944,Complex/Circle,Not Reported,Clear,Unknown,Unknown,Unknown EMS Scene Arrival Hour,Unknown EMS Scene Arrival Minutes,Not Applicable (Not Transported),Not Applicable (Not Transported),1,Dark - Unlighted,Clear,0,1,[],[],0,0,Valid,0.0,0.0,35.0,35.0,['Male'],0,0,2,4,4,Dry,Straight,Grade/Hillcrest,Lowest,No
17370,24,Maryland,240532,0,1,1,0,1,NOT APPLICABLE,December,12,Tuesday,14,1,Urban,Medium Speed (Collector),No,39.69679444,-75.80085,Simple Junction,Daylight,Clear,Unknown,Unknown,Unknown EMS Scene Arrival Hour,Unknown EMS Scene Arrival Minutes,Unknown,Unknown EMS Hospital Arrival Time,1,Daylight,Clear,1,0,['Driver'],['Shoulder_Lapbelt'],0,0,Valid,0.0,0.0,88.0,88.0,['Male'],0,0,2,4,3,Dry,Straight,Level,Lowest,No
17371,24,Maryland,240533,0,1,1,0,1,NOT APPLICABLE,December,27,Wednesday,8,4,Urban,Medium Speed (Collector),No,38.26285556,-76.45439167,Simple Junction,Daylight,Rain,Unknown,Unknown,Unknown EMS Scene Arrival Hour,Unknown EMS Scene Arrival Minutes,Not Applicable (Not Transported),Not Applicable (Not Transported),1,Daylight,Rain/Wind/Minor,1,0,['Driver'],['None_Used'],0,0,Valid,0.0,0.0,69.0,69.0,['Male'],0,0,3,4,2,Wet/Standing Water,Straight,Level,Medium,No
17372,24,Maryland,240534,1,2,2,0,2,NOT APPLICABLE,December,29,Friday,5,45,Urban,High Speed (Arterial),Yes,39.20950278,-76.724125,Non-Intersection,Dark - Not Lighted,Clear,Unknown,Unknown,Unknown EMS Scene Arrival Hour,Unknown EMS Scene Arrival Minutes,Not Applicable (Not Transported),Not Applicable (Not Transported),1,Dark - Unlighted,Clear,0,2,[],[],0,0,Valid,0.0,0.0,998.0,41.0,"['Male', 'Other']",0,0,3,4,4,Dry,Straight,Level,Lowest,No
17373,24,Maryland,240535,0,2,2,0,2,NOT APPLICABLE,December,15,Friday,17,57,Rural,Low Speed (Local),No,39.63294722,-75.9165,Simple Junction,Dark - Unknown Lighting,Clear,Unknown,Unknown,Unknown EMS Scene Arrival Hour,Unknown EMS Scene Arrival Minutes,Unknown,Unknown EMS Hospital Arrival Time,1,Dark - Unlighted,Clear,1,1,['Driver'],['None_Used'],0,0,Valid,0.0,0.0,88.0,58.0,"['Male', 'Female']",0,0,3,4,5,Dry,Straight,Level,Lowest,No
17374,24,Maryland,240536,0,2,2,0,3,NOT APPLICABLE,August,2,Wednesday,9,25,Urban,Medium Speed (Collector),No,39.31866389,-76.46471944,Complex/Circle,Daylight,Clear,Unknown,Unknown,Unknown EMS Scene Arrival Hour,Unknown EMS Scene Arrival Minutes,Unknown,Unknown EMS Hospital Arrival Time,1,Daylight,Clear,1,2,['Driver'],['None_Used'],0,0,Valid,0.0,0.0,20.0,17.0,"['Male', 'Male']",0,0,5,4,5,Dry,Straight,Level,Lowest,No
17375,24,Maryland,240537,1,1,1,0,1,NOT APPLICABLE,September,27,Wednesday,0,1,Urban,High Speed (Arterial),Yes,39.32706667,-76.4822,Non-Intersection,Dark - Lighted,Cloudy,Unknown,Unknown,Unknown EMS Scene Arrival Hour,Unknown EMS Scene Arrival Minutes,Unknown,Unknown EMS Hospital Arrival Time,1,Dark - Lighted,Reduced Visibility,0,1,[],[],0,0,Valid,0.0,0.0,57.0,57.0,['Male'],0,0,3,2,4,Dry,Straight,Level,Lowest,No
17376,24,Maryland,240538,0,2,2,0,2,NOT APPLICABLE,December,16,Saturday,17,38,Urban,Medium Speed (Collector),No,38.98475833,-76.94915833,Complex/Circle,Dark - Lighted,Clear,Unknown,Unknown,Unknown EMS Scene Arrival Hour,Unknown EMS Scene Arrival Minutes,Unknown,Unknown EMS Hospital Arrival Time,1,Dark - Lighted,Clear,1,1,['Driver'],['None_Used'],0,0,Valid,0.0,0.0,53.0,22.0,"['Female', 'Male']",0,0,5,4,5,Dry,Curve,Level,Lowest,No
17377,24,Maryland,240539,0,2,2,0,2,NOT APPLICABLE,December,11,Monday,22,27,Urban,Medium Speed (Collector),No,38.90966389,-76.89207222,Complex/Circle,Dark - Lighted,Clear,Unknown,Unknown,Unknown EMS Scene Arrival Hour,Unknown EMS Scene Arrival Minutes,Unknown,Unknown EMS Hospital Arrival Time,1,Dark - Lighted,Clear,1,1,['Driver'],['None_Used'],0,0,Valid,0.0,0.0,35.0,34.0,"['Male', 'Male']",0,0,3,4,5,Dry,Straight,Level,Lowest,No
17378,24,Maryland,240540,0,2,2,0,2,NOT APPLICABLE,October,7,Saturday,18,19,Urban,Medium Speed (Collector),No,39.48795833,-76.56772222,Non-Intersection,Daylight,Clear,Unknown,Unknown,Unknown EMS Scene Arrival Hour,Unknown EMS Scene Arrival Minutes,Unknown,Unknown EMS Hospital Arrival Time,1,Daylight,Clear,1,1,['Driver'],['None_Used'],1,1,Invalid,0.0,2.0,33.0,29.0,"['Male', 'Female']",0,0,3,4,5,Dry,Curve,Level,Lowest,No
17379,24,Maryland,240541,1,2,1,1,1,NOT APPLICABLE,October,26,Thursday,13,47,Urban,Medium Speed (Collector),No,39.36345833,-76.79293333,Non-Intersection,Daylight,Clear,Unknown,Unknown,Unknown EMS Scene Arrival Hour,Unknown EMS Scene Arrival Minutes,Not Applicable (Not Transported),Not Applicable (Not Transported),1,Daylight,Clear,0,1,[],[],0,0,Valid,0.0,0.0,27.0,27.0,['Male'],0,0,3,4,4,Dry,Straight,Level,Lowest,No
17380,24,Maryland,240542,1,1,1,0,1,NOT APPLICABLE,December,17,Sunday,23,16,Urban,High Speed (Arterial),Yes,39.31201389,-76.525825,Non-Intersection,Dark - Lighted,Rain,Unknown,Unknown,Unknown EMS Scene Arrival Hour,Unknown EMS Scene Arrival Minutes,Not Applicable (Not Transported),Not Applicable (Not Transported),1,Dark - Lighted,Rain/Wind/Minor,0,1,[],[],0,0,Valid,0.0,0.0,29.0,29.0,['Female'],0,0,2,4,4,Wet/Standing Water,Straight,Grade/Hillcrest,Lowest,No
17381,24,Maryland,240543,0,2,2,0,2,NOT APPLICABLE,July,27,Thursday,8,13,Urban,Medium Speed (Collector),No,39.36685833,-76.44922778,Simple Junction,Daylight,Clear,Unknown,Unknown,Unknown EMS Scene Arrival Hour,Unknown EMS Scene Arrival Minutes,Unknown,Unknown EMS Hospital Arrival Time,1,Daylight,Clear,1,1,['Driver'],['None_Used'],0,0,Valid,0.0,1.0,76.0,30.0,"['Male', 'Male']",1,0,3,4,5,Dry,Straight,Level,Lowest,No
17382,24,Maryland,240544,0,2,2,0,2,NOT APPLICABLE,March,30,Thursday,18,45,Urban,Medium Speed (Collector),No,39.31015,-76.98044167,Simple Junction,Daylight,Clear,Unknown,Unknown,Unknown EMS Scene Arrival Hour,Unknown EMS Scene Arrival Minutes,Unknown,Unknown EMS Hospital Arrival Time,1,Daylight,Clear,1,1,['Driver'],['None_Used'],0,0,Valid,0.0,0.0,55.0,22.0,"['Male', 'Male']",0,0,5,4,5,Dry,Straight,Level,Lowest,No
17383,24,Maryland,240545,0,1,1,0,1,NOT APPLICABLE,July,22,Saturday,3,20,Urban,Medium Speed (Collector),No,39.20102222,-76.88526389,Non-Intersection,Dark - Not Lighted,Clear,Unknown,Unknown,Unknown EMS Scene Arrival Hour,Unknown EMS Scene Arrival Minutes,Unknown,Unknown EMS Hospital Arrival Time,1,Dark - Unlighted,Clear,1,0,['Driver'],['Shoulder_Lapbelt'],1,1,Valid,0.0,0.0,21.0,21.0,['Male'],1,0,2,4,3,Dry,Straight,Level,Lowest,No
17384,24,Maryland,240546,0,2,2,0,2,NOT APPLICABLE,December,8,Friday,17,55,Urban,Medium Speed (Collector),No,39.40565,-76.45772778,Non-Intersection,Dark - Lighted,Clear,Unknown,Unknown,Unknown EMS Scene Arrival Hour,Unknown EMS Scene Arrival Minutes,Unknown,Unknown EMS Hospital Arrival Time,1,Dark - Lighted,Clear,1,1,['Driver'],['None_Used'],1,1,Valid,0.0,0.0,31.0,30.0,"['Male', 'Male']",0,0,5,3,5,Dry,Straight,Level,Lowest,No
17385,24,Maryland,240547,1,1,1,0,1,LAUREL,February,6,Monday,22,13,Urban,High Speed (Arterial),Yes,39.06069444,-76.83915278,Non-Intersection,Dark - Not Lighted,Clear,Unknown,Unknown,Unknown EMS Scene Arrival Hour,Unknown EMS Scene Arrival Minutes,Not Applicable (Not Transported),Not Applicable (Not Transported),1,Dark - Unlighted,Clear,0,0,[],[],0,0,Invalid,0.0,0.0,999.0,999.0,['Other'],0,0,1,0,4,Dry,Straight,Level,Lowest,No
17386,24,Maryland,240548,1,1,1,0,1,NAYLOR,June,1,Thursday,22,1,Urban,High Speed (Arterial),Yes,38.85098889,-76.96013611,Non-Intersection,Dark - Lighted,Clear,Unknown,Unknown,Unknown EMS Scene Arrival Hour,Unknown EMS Scene Arrival Minutes,Not Applicable (Not Transported),Not Applicable (Not Transported),1,Dark - Lighted,Clear,0,1,[],[],0,0,Valid,0.0,0.0,28.0,28.0,['Female'],0,0,3,3,4,Dry,Straight,Level,Lowest,No
17387,24,Maryland,240549,0,1,1,0,1,BELTSVILLE,September,10,Sunday,4,9,Urban,High Speed (Arterial),Yes,39.0112,-76.86116389,Non-Intersection,Dark - Not Lighted,Clear,Unknown,Unknown,Unknown EMS Scene Arrival Hour,Unknown EMS Scene Arrival Minutes,Not Applicable (Not Transported),Not Applicable (Not Transported),1,Dark - Unlighted,Clear,1,0,['Driver'],['Shoulder_Lapbelt'],1,1,Valid,0.0,0.0,27.0,27.0,['Male'],1,0,2,4,3,Dry,Straight,Level,Lowest,No
17388,24,Maryland,240550,2,1,1,0,1,NOT APPLICABLE,September,6,Wednesday,23,3,Urban,Medium Speed (Collector),No,39.39301944,-76.78873056,Non-Intersection,Dark - Not Lighted,Clear,Unknown,Unknown,Unknown EMS Scene Arrival Hour,Unknown EMS Scene Arrival Minutes,Unknown,Unknown EMS Hospital Arrival Time,1,Dark - Unlighted,Clear,0,1,[],[],0,0,Valid,0.0,0.0,35.0,35.0,['Male'],0,0,2,3,4,Dry,Curve,Grade/Hillcrest,Lowest,No
17389,24,Maryland,240551,0,1,1,0,1,NOT APPLICABLE,October,21,Saturday,16,6,Urban,High Speed (Arterial),Yes,39.41844444,-76.37765278,Non-Intersection,Daylight,Cloudy,Unknown,Unknown,Unknown EMS Scene Arrival Hour,Unknown EMS Scene Arrival Minutes,Unknown,Unknown EMS Hospital Arrival Time,1,Daylight,Reduced Visibility,1,0,['Driver'],['None_Used'],0,0,Valid,0.0,0.0,64.0,64.0,['Male'],0,0,2,4,2,Dry,Straight,Level,Lowest,No
17390,24,Maryland,240552,0,2,2,0,2,NOT APPLICABLE,November,8,Wednesday,17,37,Urban,Medium Speed (Collector),No,39.280225,-76.50328056,Non-Intersection,Dark - Lighted,Clear,Unknown,Unknown,Unknown EMS Scene Arrival Hour,Unknown EMS Scene Arrival Minutes,Unknown,Unknown EMS Hospital Arrival Time,1,Dark - Lighted,Clear,1,1,['Driver'],['None_Used'],0,0,Invalid,0.0,0.0,73.0,19.0,"['Male', 'Male']",0,0,5,4,5,Dry,Straight,Level,Lowest,No
17391,24,Maryland,240553,0,2,2,0,2,BELTSVILLE,October,7,Saturday,16,53,Urban,Low Speed (Local),No,39.01603333,-76.85015,Non-Intersection,Daylight,Clear,Unknown,Unknown,Unknown EMS Scene Arrival Hour,Unknown EMS Scene Arrival Minutes,Unknown,Unknown EMS Hospital Arrival Time,1,Daylight,Clear,1,1,['Driver'],['Shoulder_Lapbelt'],1,1,Valid,0.0,0.0,55.0,34.0,"['Female', 'Male']",1,0,3,4,5,Dry,Straight,Level,Lowest,No
17392,24,Maryland,240554,0,2,2,0,2,GREENBELT,October,8,Sunday,20,23,Urban,High Speed (Arterial),Yes,77.7777,777.7777,Non-Intersection,Dark - Not Lighted,Clear,Unknown,Unknown,Unknown EMS Scene Arrival Hour,Unknown EMS Scene Arrival Minutes,Not Applicable (Not Transported),Not Applicable (Not Transported),1,Dark - Unlighted,Clear,1,1,['Driver'],['Shoulder_Lapbelt'],1,1,Valid,0.0,0.0,42.0,36.0,"['Male', 'Male']",1,0,3,4,5,Dry,Straight,Level,Lowest,No
17393,24,Maryland,240555,0,2,2,0,2,GAITHERSBURG,December,26,Tuesday,12,19,Urban,High Speed (Arterial),No,39.16709722,-77.2293,Non-Intersection,Daylight,Rain,Unknown,Unknown,Unknown EMS Scene Arrival Hour,Unknown EMS Scene Arrival Minutes,Unknown,Unknown EMS Hospital Arrival Time,1,Daylight,Rain/Wind/Minor,1,1,['Driver'],['None_Used'],0,0,Valid,0.0,0.0,26.0,20.0,"['Female', 'Male']",1,0,3,4,5,Wet/Standing Water,Straight,Level,Lowest,No
17394,24,Maryland,240556,0,2,2,0,2,NOT APPLICABLE,December,11,Monday,21,38,Urban,Medium Speed (Collector),No,39.341625,-76.52204722,Non-Intersection,Dark - Lighted,Clear,Unknown,Unknown,Unknown EMS Scene Arrival Hour,Unknown EMS Scene Arrival Minutes,Unknown,Unknown EMS Hospital Arrival Time,1,Dark - Lighted,Clear,1,1,['Driver'],['None_Used'],1,1,Valid,0.0,0.0,47.0,40.0,"['Male', 'Male']",0,0,2,4,5,Dry,Curve,Grade/Hillcrest,Lowest,No
17395,24,Maryland,240557,0,3,3,0,5,NOT APPLICABLE,November,20,Monday,16,32,Urban,High Speed (Arterial),Yes,39.37890278,-76.44600556,Simple Junction,Dark - Not Lighted,Clear,Unknown,Unknown,Unknown EMS Scene Arrival Hour,Unknown EMS Scene Arrival Minutes,Unknown,Unknown EMS Hospital Arrival Time,1,Dark - Unlighted,Clear,1,4,['Driver'],['None_Used'],0,0,Valid,0.0,0.0,30.0,22.0,"['Male', 'Female', 'Male']",1,0,5,4,5,Dry,Straight,Level,Lowest,No
17396,24,Maryland,240558,1,1,1,0,1,BALTIMORE,July,9,Sunday,16,6,Urban,High Speed (Arterial),No,39.34264444,-76.68316667,Non-Intersection,Daylight,Cloudy,Unknown,Unknown,Unknown EMS Scene Arrival Hour,Unknown EMS Scene Arrival Minutes,Not Applicable (Not Transported),Not Applicable (Not Transported),1,Daylight,Reduced Visibility,0,1,[],[],0,0,Valid,0.0,0.0,36.0,36.0,['Male'],0,0,4,1,4,Dry,Straight,Level,Lowest,No
17397,24,Maryland,240559,0,2,2,0,3,NOT APPLICABLE,April,16,Sunday,22,31,Urban,High Speed (Arterial),No,39.32407222,-76.67150556,Complex/Circle,Dark - Lighted,Clear,Unknown,Unknown,Unknown EMS Scene Arrival Hour,Unknown EMS Scene Arrival Minutes,Unknown,Unknown EMS Hospital Arrival Time,1,Dark - Lighted,Clear,1,2,['Driver'],['Shoulder_Lapbelt'],1,1,Valid,0.0,0.0,61.0,25.0,"['Male', 'Male']",1,0,2,4,5,Dry,Straight,Grade/Hillcrest,Lowest,No
17398,24,Maryland,240560,1,1,1,0,1,NOT APPLICABLE,August,26,Saturday,1,59,Urban,High Speed (Arterial),No,39.1006,-76.85418611,Complex/Circle,Dark - Lighted,Clear,Unknown,Unknown,Unknown EMS Scene Arrival Hour,Unknown EMS Scene Arrival Minutes,Unknown,Unknown EMS Hospital Arrival Time,1,Dark - Lighted,Clear,0,1,[],[],1,1,Valid,0.0,0.0,24.0,24.0,['Male'],1,0,2,4,3,Dry,Straight,Level,Lowest,No
17399,24,Maryland,240561,0,2,2,0,3,NOT APPLICABLE,December,24,Sunday,17,53,Urban,High Speed (Arterial),Yes,39.41614444,-76.62962778,Complex/Circle,Dark - Lighted,Clear,Unknown,Unknown,Unknown EMS Scene Arrival Hour,Unknown EMS Scene Arrival Minutes,Unknown,Unknown EMS Hospital Arrival Time,1,Dark - Lighted,Clear,1,2,['Front_Passenger'],['Shoulder_Lapbelt'],0,0,Valid,1.0,0.0,26.0,22.0,"['Male', 'Female']",0,0,2,4,5,Dry,Straight,Level,Lowest,No
17400,24,Maryland,240562,0,2,2,0,2,NOT APPLICABLE,June,13,Tuesday,17,43,Urban,High Speed (Arterial),Yes,39.63517222,-76.26951389,Non-Intersection,Daylight,Clear,Unknown,Unknown,Unknown EMS Scene Arrival Hour,Unknown EMS Scene Arrival Minutes,Unknown,Unknown EMS Hospital Arrival Time,1,Daylight,Clear,1,1,['Driver'],['None_Used'],0,0,Valid,0.0,0.0,52.0,41.0,"['Male', 'Male']",0,0,5,4,5,Dry,Straight,Level,Lowest,No
17401,24,Maryland,240563,1,2,1,1,1,NOT APPLICABLE,December,2,Saturday,11,0,Urban,Medium Speed (Collector),No,39.28271389,-76.50791667,Non-Intersection,Daylight,"Fog, Smog, Smoke",Unknown,Unknown,Unknown EMS Scene Arrival Hour,Unknown EMS Scene Arrival Minutes,Unknown,Unknown EMS Hospital Arrival Time,1,Daylight,Reduced Visibility,0,1,[],[],0,0,Valid,0.0,0.0,72.0,72.0,['Male'],0,0,3,2,5,Dry,Straight,Level,Lowest,No
17402,24,Maryland,240564,1,1,1,0,1,NOT APPLICABLE,January,24,Tuesday,22,8,Urban,Medium Speed (Collector),No,38.96760556,-76.51616667,Non-Intersection,Dark - Not Lighted,Clear,Unknown,Unknown,Unknown EMS Scene Arrival Hour,Unknown EMS Scene Arrival Minutes,Not Applicable (Not Transported),Not Applicable (Not Transported),1,Dark - Unlighted,Clear,0,1,[],[],1,1,Valid,0.0,0.0,63.0,63.0,['Male'],0,0,3,3,4,Dry,Straight,Level,Lowest,No
17403,24,Maryland,240565,1,1,1,0,1,NOT APPLICABLE,November,2,Thursday,17,34,Urban,Medium Speed (Collector),No,39.24898611,-76.68946389,Simple Junction,Dusk,Clear,Unknown,Unknown,Unknown EMS Scene Arrival Hour,Unknown EMS Scene Arrival Minutes,Unknown,Unknown EMS Hospital Arrival Time,1,Twilight,Clear,0,1,[],[],0,0,Valid,0.0,1.0,64.0,64.0,['Male'],0,0,3,2,4,Dry,Straight,Level,Lowest,No