,State_Code,State_Name,Crash_ID,Count_Non_Motorists,Count_Vehicles_Total,Count_Vehicle_Forms,Count_PVH_Involved,Count_Occupants_MV,City_Name,Month_Name,Day_of_Month,Day_of_Week,Crash_Hour,Crash_Minute,Area_Rural_Urban,Road_Functional_Class,On_NHS_Road,Latitude,Longitude,Intersection_Type,Light_Condition,Weather_Condition,Notif_Hour,Notif_Minute,Arrival_Hour,Arrival_Minute,Hospital_Hour,Hospital_Minute,Fatalities_Count,Clean_Light_Condition,Clean_Weather_Condition,Total_Killed,Total_Alive,Fatal_Seats_List,Killed_Restraint_List,Any_Driver_Drinking,Total_Drinking_Drivers,Driver_License_Category,Driver_Max_Prev_Accident_Count,Driver_Max_Prev_Speeding_Count,Max_Driver_Age,Min_Driver_Age,Driver_Sex_List,Total_Exceeding_Limit_Vehicles,Total_Too_Fast_Vehicles,Max_Vehicle_Type_Severity_5,Max_Vehicle_Damage_Rank,Max_Harmful_Event_Severity,Crash_Road_Surface_Condition,Crash_Horizontal_Alignment,Crash_Vertical_Profile,Crash_Impairment_Category,Crash_Vehicle_Defect
17404,24,Maryland,240566,0,2,2,0,2,BALTIMORE,May,6,Saturday,15,0,Rural,Low Speed (Local),No,39.28800556,-76.64695,Complex/Circle,Daylight,Clear,Unknown,Unknown,Unknown EMS Scene Arrival Hour,Unknown EMS Scene Arrival Minutes,Unknown,Unknown EMS Hospital Arrival Time,1,Daylight,Clear,1,1,['Driver'],['None_Used'],0,0,Valid,0.0,0.0,53.0,43.0,"['Male', 'Male']",0,0,5,4,5,Dry,Straight,Level,Lowest,No
17405,24,Maryland,240568,1,1,1,0,1,BALTIMORE,November,5,Sunday,18,12,Urban,High Speed (Arterial),No,39.28642222,-76.61356389,Non-Intersection,Dark - Lighted,Clear,Unknown,Unknown,Unknown EMS Scene Arrival Hour,Unknown EMS Scene Arrival Minutes,Unknown,Unknown EMS Hospital Arrival Time,1,Dark - Lighted,Clear,0,1,[],[],0,0,Valid,0.0,0.0,55.0,55.0,['Female'],0,0,4,3,4,Dry,Straight,Level,Lowest,No
17406,24,Maryland,240569,1,1,1,0,1,NOT APPLICABLE,January,29,Sunday,9,54,Urban,High Speed (Arterial),Yes,39.28381944,-76.75357778,Complex/Circle,Daylight,Clear,Unknown,Unknown,Unknown EMS Scene Arrival Hour,Officially Cancelled,Unknown,Officially Canceled,1,Daylight,Clear,0,1,[],[],0,0,Valid,0.0,0.0,19.0,19.0,['Male'],0,0,2,2,4,Dry,Straight,Level,Lowest,No
17407,24,Maryland,240570,1,2,1,1,1,NOT APPLICABLE,December,31,Sunday,14,27,Urban,High Speed (Arterial),Yes,39.15253333,-76.74976944,Non-Intersection,Daylight,Clear,Unknown,Unknown,Unknown EMS Scene Arrival Hour,Unknown EMS Scene Arrival Minutes,Unknown,Unknown EMS Hospital Arrival Time,1,Daylight,Clear,0,1,[],[],0,0,Invalid,0.0,0.0,36.0,36.0,['Male'],0,0,3,4,5,Dry,Straight,Level,Lowest,No
17408,24,Maryland,240571,0,2,2,0,2,BALTIMORE,January,5,Thursday,18,32,Urban,Medium Speed (Collector),No,39.35767778,-76.59524167,Non-Intersection,Dark - Lighted,Cloudy,Unknown,Unknown,Unknown EMS Scene Arrival Hour,Unknown EMS Scene Arrival Minutes,Unknown,Unknown EMS Hospital Arrival Time,1,Dark - Lighted,Reduced Visibility,1,1,['Driver'],['None_Used'],1,1,Valid,0.0,0.0,30.0,30.0,"['Male', 'Male']",0,0,5,4,5,Dry,Straight,Level,Lowest,No
17409,24,Maryland,240572,1,1,1,0,1,NOT APPLICABLE,October,28,Saturday,22,35,Urban,Medium Speed (Collector),No,39.45147778,-76.803475,Simple Junction,Dark - Lighted,Clear,Unknown,Unknown,Unknown EMS Scene Arrival Hour,Unknown EMS Scene Arrival Minutes,Unknown,Unknown EMS Hospital Arrival Time,1,Dark - Lighted,Clear,0,1,[],[],0,0,Valid,0.0,0.0,62.0,62.0,['Male'],0,0,2,4,4,Dry,Straight,Grade/Hillcrest,Lowest,No
17410,24,Maryland,240573,1,1,1,0,1,BALTIMORE,December,3,Sunday,12,20,Urban,Medium Speed (Collector),No,39.29375833,-76.63721389,Non-Intersection,Reported as Unknown,Clear,Unknown,Unknown,Unknown EMS Scene Arrival Hour,Unknown EMS Scene Arrival Minutes,Not Applicable (Not Transported),Not Applicable (Not Transported),1,Dark - Unlighted,Clear,0,1,[],[],0,0,Invalid,0.0,0.0,999.0,999.0,['Other'],0,0,1,0,4,Dry,Straight,Level,Lowest,No
17411,24,Maryland,240574,0,2,2,0,2,BALTIMORE,December,1,Friday,9,10,Urban,Low Speed (Local),No,39.35932778,-76.59463333,Non-Intersection,Daylight,Clear,Unknown,Unknown,Unknown EMS Scene Arrival Hour,Unknown EMS Scene Arrival Minutes,Unknown,Unknown EMS Hospital Arrival Time,1,Daylight,Clear,1,1,['Driver'],['Shoulder_Lapbelt'],0,0,Valid,0.0,0.0,46.0,20.0,"['Female', 'Male']",1,0,3,4,2,Dry,Straight,Level,Lowest,No
17412,24,Maryland,240575,1,1,1,0,1,BALTIMORE,July,19,Wednesday,2,38,Urban,Medium Speed (Collector),No,39.28590278,-76.67228889,Complex/Circle,Dark - Lighted,Cloudy,Unknown,Unknown,Unknown EMS Scene Arrival Hour,Unknown EMS Scene Arrival Minutes,Not Applicable (Not Transported),Not Applicable (Not Transported),1,Dark - Lighted,Reduced Visibility,0,1,[],[],0,0,Valid,0.0,0.0,22.0,22.0,['Female'],1,0,2,4,4,Dry,Straight,Level,Lowest,No
17413,24,Maryland,240576,0,2,1,1,1,BALTIMORE,August,4,Friday,22,35,Urban,High Speed (Arterial),No,39.30983056,-76.64904444,Non-Intersection,Dark - Lighted,Cloudy,Unknown,Unknown,Unknown EMS Scene Arrival Hour,Unknown EMS Scene Arrival Minutes,Unknown,Unknown EMS Hospital Arrival Time,1,Dark - Lighted,Reduced Visibility,1,0,['Driver'],['None_Used'],0,0,Invalid,0.0,0.0,43.0,43.0,['Male'],0,0,5,4,5,Dry,Straight,Level,Lowest,No
17414,24,Maryland,240577,0,2,2,0,4,NOT APPLICABLE,May,7,Sunday,3,33,Urban,High Speed (Arterial),Yes,39.37015278,-76.46108611,Non-Intersection,Dark - Lighted,Clear,Unknown,Unknown,Unknown EMS Scene Arrival Hour,Unknown EMS Scene Arrival Minutes,Unknown,Unknown EMS Hospital Arrival Time,1,Dark - Lighted,Clear,1,3,['Non_Standard_Risk'],['Shoulder_Lapbelt'],1,1,Valid,0.0,0.0,54.0,39.0,"['Male', 'Male']",0,0,3,4,5,Dry,Straight,Level,Lowest,No
17415,24,Maryland,240578,1,1,1,0,1,BALTIMORE,September,13,Wednesday,0,9,Urban,Medium Speed (Collector),No,39.31065833,-76.58621389,Non-Intersection,Dark - Lighted,Rain,Unknown,Unknown,Unknown EMS Scene Arrival Hour,Unknown EMS Scene Arrival Minutes,Unknown,Unknown EMS Hospital Arrival Time,1,Dark - Lighted,Rain/Wind/Minor,0,1,[],[],0,0,Invalid,0.0,0.0,998.0,998.0,['Other'],0,0,1,0,4,Wet/Standing Water,Straight,Level,Lowest,No
17416,24,Maryland,240579,0,2,2,0,3,SUITLAND,July,29,Saturday,19,37,Urban,High Speed (Arterial),Yes,77.7777,777.7777,Non-Intersection,Daylight,Clear,Unknown,Unknown,Unknown EMS Scene Arrival Hour,Unknown EMS Scene Arrival Minutes,Unknown,Unknown EMS Hospital Arrival Time,3,Daylight,Clear,3,0,"['Driver', 'Driver', 'Front_Passenger']","['Shoulder_Lapbelt', 'Shoulder_Lapbelt', 'Shoulder_Lapbelt']",1,1,Invalid,0.0,0.0,58.0,25.0,"['Female', 'Male']",1,0,3,4,5,Dry,Curve,Level,Lowest,No
17417,24,Maryland,240580,0,2,2,0,2,BELTSVILLE,October,23,Monday,6,10,Urban,Low Speed (Local),Yes,39.02280833,-76.84770278,Non-Intersection,Dark - Not Lighted,Clear,Unknown,Unknown,Unknown EMS Scene Arrival Hour,Unknown EMS Scene Arrival Minutes,Unknown,Unknown EMS Hospital Arrival Time,1,Dark - Unlighted,Clear,1,1,['Driver'],['Shoulder_Lapbelt'],1,1,Valid,0.0,0.0,63.0,29.0,"['Male', 'Male']",0,0,3,4,5,Dry,Straight,Level,Lowest,No
17418,24,Maryland,240581,0,1,1,0,2,NOT APPLICABLE,November,24,Friday,1,49,Rural,Low Speed (Local),No,39.09628056,-76.74730833,Complex/Circle,Dark - Not Lighted,Clear,1:00am-1:59am,47,1:00am-1:59am,51,Unknown,Unknown EMS Hospital Arrival Time,1,Dark - Unlighted,Clear,1,1,['Front_Passenger'],['Shoulder_Lapbelt'],1,1,Invalid,0.0,0.0,998.0,998.0,['Male'],2,0,2,4,3,Wet/Standing Water,Straight,Level,Lowest,No
17419,24,Maryland,240582,1,1,1,0,1,NOT APPLICABLE,December,7,Thursday,17,6,Urban,High Speed (Arterial),Yes,39.4161,-76.77580278,Non-Intersection,Dark - Lighted,Clear,Unknown,Unknown,Unknown EMS Scene Arrival Hour,Unknown EMS Scene Arrival Minutes,Unknown,Unknown EMS Hospital Arrival Time,1,Dark - Lighted,Clear,0,1,[],[],0,0,Valid,0.0,0.0,18.0,18.0,['Male'],0,0,3,2,4,Dry,Straight,Level,Lowest,No
17420,24,Maryland,240583,0,2,2,0,4,NOT APPLICABLE,November,10,Friday,19,2,Urban,High Speed (Arterial),Yes,39.30170833,-76.54244444,Non-Intersection,Dark - Lighted,Cloudy,Unknown,Unknown,Unknown EMS Scene Arrival Hour,Unknown EMS Scene Arrival Minutes,Unknown,Unknown EMS Hospital Arrival Time,1,Dark - Lighted,Reduced Visibility,1,3,['Driver'],['None_Used'],0,0,Valid,0.0,0.0,41.0,21.0,"['Male', 'Female']",1,0,5,4,5,Dry,Straight,Grade/Hillcrest,Lowest,No
17421,24,Maryland,240584,0,4,4,0,5,NOT APPLICABLE,December,14,Thursday,7,23,Urban,High Speed (Arterial),Yes,39.34076389,-76.722625,Simple Junction,Daylight,Cloudy,Unknown,Unknown,Unknown EMS Scene Arrival Hour,Unknown EMS Scene Arrival Minutes,Unknown,Unknown EMS Hospital Arrival Time,1,Daylight,Reduced Visibility,1,4,['Driver'],['Shoulder_Lapbelt'],0,0,Valid,0.0,0.0,92.0,21.0,"['Male', 'Female', 'Male', 'Female']",1,0,2,4,5,Dry,Straight,Grade/Hillcrest,Lowest,No
17422,24,Maryland,240585,1,1,1,0,1,BALTIMORE,October,1,Sunday,15,56,Urban,High Speed (Arterial),No,39.34960833,-76.62287222,Simple Junction,Daylight,Clear,Unknown,Unknown,Unknown EMS Scene Arrival Hour,Unknown EMS Scene Arrival Minutes,Unknown,Unknown EMS Hospital Arrival Time,1,Daylight,Clear,0,1,[],[],0,0,Valid,0.0,0.0,35.0,35.0,['Male'],0,0,3,1,4,Dry,Straight,Level,Lowest,No
17423,24,Maryland,240586,0,2,2,0,3,NOT APPLICABLE,October,3,Tuesday,15,18,Urban,Medium Speed (Collector),No,39.351875,-76.47611389,Complex/Circle,Daylight,Clear,Unknown,Unknown,Unknown EMS Scene Arrival Hour,Unknown EMS Scene Arrival Minutes,Unknown,Unknown EMS Hospital Arrival Time,1,Daylight,Clear,1,2,['Front_Passenger'],['Shoulder_Lapbelt'],0,0,Valid,0.0,0.0,52.0,43.0,"['Female', 'Female']",0,0,2,4,5,Dry,Straight,Level,Lowest,No
17424,24,Maryland,240587,0,1,1,0,2,SUITLAND,October,13,Friday,10,46,Urban,High Speed (Arterial),Yes,77.7777,777.7777,Non-Intersection,Daylight,Clear,Unknown,Unknown,Unknown EMS Scene Arrival Hour,Unknown EMS Scene Arrival Minutes,Unknown,Unknown EMS Hospital Arrival Time,1,Daylight,Clear,1,1,['Driver'],['Shoulder_Lapbelt'],0,0,Valid,0.0,0.0,42.0,42.0,['Female'],2,0,2,4,2,Dry,Curve,Level,Lowest,No
17425,24,Maryland,240588,0,3,3,0,3,Other,August,5,Saturday,22,51,Urban,High Speed (Arterial),Yes,39.10875556,-76.78558333,Non-Intersection,Dark - Not Lighted,Clear,Unknown,Unknown,Unknown EMS Scene Arrival Hour,Unknown EMS Scene Arrival Minutes,Unknown,Unknown EMS Hospital Arrival Time,1,Dark - Unlighted,Clear,1,1,['Driver'],['Shoulder_Lapbelt'],1,1,Valid,0.0,0.0,56.0,32.0,"['Male', 'Female', 'Male']",1,0,3,4,5,Dry,Straight,Level,Lowest,No
17426,24,Maryland,240589,2,1,1,0,1,BALTIMORE,May,7,Sunday,17,50,Urban,Low Speed (Local),No,39.29242778,-76.61083611,Non-Intersection,Daylight,Cloudy,Unknown,Unknown,Unknown EMS Scene Arrival Hour,Unknown EMS Scene Arrival Minutes,Unknown,Unknown EMS Hospital Arrival Time,1,Daylight,Reduced Visibility,0,1,[],[],0,0,Invalid,0.0,0.0,998.0,998.0,['Other'],0,0,3,2,4,Dry,Straight,Grade/Hillcrest,Lowest,No
17427,24,Maryland,240590,1,1,1,0,1,BALTIMORE,May,15,Monday,18,43,Urban,Medium Speed (Collector),No,39.26139722,-76.65834167,Simple Junction,Daylight,Clear,Unknown,Unknown,Unknown EMS Scene Arrival Hour,Unknown EMS Scene Arrival Minutes,Not Applicable (Not Transported),Not Applicable (Not Transported),1,Daylight,Clear,0,1,[],[],0,0,Valid,0.0,0.0,24.0,24.0,['Male'],0,0,5,3,4,Dry,Straight,Grade/Hillcrest,Lowest,No
17428,24,Maryland,240591,0,1,1,0,2,SUITLAND,January,31,Tuesday,14,41,Urban,High Speed (Arterial),Yes,38.83455556,-76.91636111,Non-Intersection,Daylight,Rain,Unknown,Unknown,Unknown EMS Scene Arrival Hour,Unknown EMS Scene Arrival Minutes,Unknown,Unknown EMS Hospital Arrival Time,1,Daylight,Rain/Wind/Minor,1,1,['Front_Passenger'],['Shoulder_Lapbelt'],0,0,Valid,0.0,0.0,26.0,26.0,['Female'],2,0,2,4,3,Wet/Standing Water,Curve,Level,Lowest,No
17429,24,Maryland,240592,1,2,2,0,2,BALTIMORE,October,19,Thursday,11,8,Urban,High Speed (Arterial),Yes,39.31102778,-76.62293889,Simple Junction,Daylight,Clear,Unknown,Unknown,Unknown EMS Scene Arrival Hour,Unknown EMS Scene Arrival Minutes,Unknown,Unknown EMS Hospital Arrival Time,1,Daylight,Clear,0,1,[],[],0,0,Invalid,0.0,0.0,999.0,20.0,"['Other', 'Male']",0,0,3,3,4,Dry,Straight,Level,Lowest,No
17430,24,Maryland,240593,0,2,2,0,2,BALTIMORE,December,1,Friday,16,20,Urban,Medium Speed (Collector),No,39.366775,-76.66853056,Non-Intersection,Daylight,Rain,Unknown,Unknown,Unknown EMS Scene Arrival Hour,Unknown EMS Scene Arrival Minutes,Unknown,Unknown EMS Hospital Arrival Time,1,Daylight,Rain/Wind/Minor,1,1,['Driver'],['Shoulder_Lapbelt'],0,0,Valid,0.0,0.0,89.0,86.0,"['Female', 'Male']",0,0,3,4,5,Wet/Standing Water,Curve,Level,Lowest,No
17431,25,Massachusetts,250001,0,3,3,0,4,CHELMSFORD,January,1,Sunday,13,18,Urban,High Speed (Arterial),Yes,42.60215278,-71.35731944,Non-Intersection,Daylight,Clear,1:00pm-1:59pm,21,1:00pm-1:59pm,24,Unknown,Unknown EMS Hospital Arrival Time,1,Daylight,Clear,1,3,['Driver'],['Shoulder_Lapbelt'],0,0,Invalid,0.0,2.0,31.0,23.0,"['Male', 'Female', 'Male']",0,0,3,4,5,Dry,Straight,Level,Lowest,No
17432,25,Massachusetts,250002,0,1,1,0,1,CHELMSFORD,January,1,Sunday,20,12,Urban,Medium Speed (Collector),No,42.59277222,-71.36679722,Non-Intersection,Dark - Lighted,Clear,8:00pm-8:59pm,16,8:00pm-8:59pm,18,8:00pm-8:59pm,50,1,Dark - Lighted,Clear,1,0,['Driver'],['None_Used'],1,1,Invalid,0.0,0.0,30.0,30.0,['Male'],1,0,2,4,3,Dry,Curve,Level,Lowest,No
17433,25,Massachusetts,250003,0,3,2,1,2,WAKEFIELD,January,4,Wednesday,18,28,Urban,Medium Speed (Collector),No,42.50424722,-71.07721389,Non-Intersection,Dark - Lighted,Cloudy,6:00pm-6:59pm,27,6:00pm-6:59pm,31,7:00pm-7:59pm,7,1,Dark - Lighted,Reduced Visibility,1,1,['Driver'],['None_Used'],0,0,Valid,1.0,0.0,78.0,72.0,"['Female', 'Female']",0,0,3,4,5,Dry,Straight,Level,Lowest,No
17434,25,Massachusetts,250004,1,1,1,0,1,HOLYOKE,January,5,Thursday,19,50,Urban,Medium Speed (Collector),No,42.19712778,-72.60353889,Complex/Circle,Dark - Lighted,Clear,7:00pm-7:59pm,50,7:00pm-7:59pm,55,8:00pm-8:59pm,13,1,Dark - Lighted,Clear,0,1,[],[],0,0,Valid,0.0,0.0,27.0,27.0,['Male'],0,0,2,1,4,Dry,Straight,Level,Lowest,No
17435,25,Massachusetts,250005,0,1,1,0,1,HANOVER,January,6,Friday,9,55,Urban,High Speed (Arterial),Yes,42.15319722,-70.85018056,Non-Intersection,Daylight,Not Reported,9:00am-9:59am,52,9:00am-9:59am,57,10:00am-10:59am,24,1,Daylight,Clear,1,0,['Driver'],['Shoulder_Lapbelt'],0,0,Valid,0.0,1.0,77.0,77.0,['Male'],0,0,3,4,3,Wet/Standing Water,Straight,Level,Lowest,No
17436,25,Massachusetts,250006,0,1,1,0,1,WILLIAMSBURG,January,7,Saturday,6,10,Rural,High Speed (Arterial),Yes,42.38235833,-72.71433056,Non-Intersection,Daylight,Cloudy,6:00am-6:59am,10,6:00am-6:59am,23,6:00am-6:59am,56,1,Daylight,Reduced Visibility,1,0,['Driver'],['Shoulder_Lapbelt'],0,0,Valid,0.0,0.0,76.0,76.0,['Male'],0,0,2,4,3,Icy/Snowy,Curve,Level,Lowest,No
17437,25,Massachusetts,250007,0,2,2,0,2,WESTWOOD,January,7,Saturday,17,39,Urban,High Speed (Arterial),Yes,42.21088611,-71.14569722,Non-Intersection,Dark - Not Lighted,Cloudy,5:00pm-5:59pm,37,5:00pm-5:59pm,43,6:00pm-6:59pm,8,1,Dark - Unlighted,Reduced Visibility,1,1,['Driver'],['None_Used'],0,0,Valid,1.0,1.0,67.0,32.0,"['Male', 'Male']",1,0,5,4,5,Dry,Straight,Level,Lowest,No
17438,25,Massachusetts,250010,1,1,1,0,1,SHARON,January,9,Monday,16,50,Urban,Medium Speed (Collector),No,42.12119167,-71.18046944,Complex/Circle,Daylight,Clear,4:00pm-4:59pm,52,4:00pm-4:59pm,57,6:00pm-6:59pm,23,1,Daylight,Clear,0,1,[],[],0,0,Valid,1.0,0.0,84.0,84.0,['Male'],0,0,3,2,4,Dry,Straight,Level,Lowest,No
17439,25,Massachusetts,250011,0,1,1,0,1,WAREHAM,January,12,Thursday,13,4,Urban,Medium Speed (Collector),No,41.78444722,-70.64770278,Non-Intersection,Daylight,Cloudy,1:00pm-1:59pm,9,1:00pm-1:59pm,27,2:00pm-2:59pm,17,1,Daylight,Reduced Visibility,1,0,['Driver'],['Shoulder_Lapbelt'],0,0,Valid,0.0,0.0,54.0,54.0,['Female'],1,0,2,4,3,Wet/Standing Water,Curve,Level,Lowest,No
17440,25,Massachusetts,250012,0,1,1,0,2,BERKLEY,January,15,Sunday,7,15,Urban,High Speed (Arterial),Yes,41.83186111,-71.02556389,Non-Intersection,Daylight,Cloudy,7:00am-7:59am,17,7:00am-7:59am,24,7:00am-7:59am,56,1,Daylight,Reduced Visibility,1,1,['Front_Passenger'],['None_Used'],0,0,Valid,0.0,0.0,16.0,16.0,['Male'],0,0,3,4,3,Dry,Curve,Level,Lowest,Yes
17441,25,Massachusetts,250013,0,1,1,0,1,LITTLETON,January,17,Tuesday,9,4,Urban,High Speed (Arterial),Yes,42.55850278,-71.49120556,Non-Intersection,Daylight,Clear,9:00am-9:59am,4,9:00am-9:59am,8,9:00am-9:59am,41,1,Daylight,Clear,1,0,['Driver'],['None_Used'],0,0,Valid,0.0,0.0,66.0,66.0,['Male'],0,0,3,4,3,Wet/Standing Water,Straight,Level,Lowest,No
17442,25,Massachusetts,250014,0,3,3,0,6,AUBURN,January,19,Thursday,7,25,Urban,High Speed (Arterial),Yes,42.18785,-71.87334167,Non-Intersection,Daylight,Cloudy,7:00am-7:59am,32,7:00am-7:59am,40,8:00am-8:59am,7,1,Daylight,Reduced Visibility,1,5,['Driver'],['Shoulder_Lapbelt'],0,0,Invalid,0.0,0.0,60.0,23.0,"['Male', 'Female', 'Female']",0,0,3,3,5,Wet/Standing Water,Straight,Grade/Hillcrest,Lowest,No
17443,25,Massachusetts,250015,1,1,1,0,1,BOSTON,January,20,Friday,22,36,Urban,High Speed (Arterial),Yes,42.33251667,-71.07239444,Complex/Circle,Dark - Lighted,Rain,10:00pm-10:59pm,43,10:00pm-10:59pm,51,Not Applicable (Not Transported),Not Applicable (Not Transported),1,Dark - Lighted,Rain/Wind/Minor,0,1,[],[],0,0,Valid,0.0,1.0,36.0,36.0,['Male'],0,0,3,0,4,Wet/Standing Water,Straight,Level,Lowest,No
17444,25,Massachusetts,250016,0,2,2,0,5,FAIRHAVEN,January,22,Sunday,18,52,Urban,Medium Speed (Collector),No,41.65015833,-70.90922778,Complex/Circle,Dark - Lighted,Rain,6:00pm-6:59pm,49,6:00pm-6:59pm,53,7:00pm-7:59pm,17,1,Dark - Lighted,Rain/Wind/Minor,1,4,['Driver'],['None_Used'],0,0,Valid,0.0,0.0,59.0,36.0,"['Male', 'Male']",0,0,3,4,5,Wet/Standing Water,Straight,Grade/Hillcrest,Lowest,No
17445,25,Massachusetts,250017,0,2,2,0,2,WORCESTER,January,22,Sunday,20,52,Urban,High Speed (Arterial),Yes,42.27328056,-71.79535278,Non-Intersection,Dark - Lighted,Rain,8:00pm-8:59pm,54,9:00pm-9:59pm,0,Unknown,Unknown EMS Hospital Arrival Time,1,Dark - Lighted,Rain/Wind/Minor,1,1,['Driver'],['Shoulder_Lapbelt'],1,1,Valid,0.0,0.0,31.0,24.0,"['Male', 'Male']",0,0,3,4,5,Wet/Standing Water,Straight,Level,Lowest,No
17446,25,Massachusetts,250018,1,1,1,0,1,SOUTH ACTON,January,23,Monday,11,46,Urban,Medium Speed (Collector),No,42.47870278,-71.42438611,Non-Intersection,Daylight,Cloudy,11:00am-11:59am,49,11:00am-11:59am,49,12:00pm-12:59pm,1,1,Daylight,Reduced Visibility,0,1,[],[],0,0,Valid,0.0,0.0,60.0,60.0,['Male'],0,0,3,1,4,Wet/Standing Water,Straight,Level,Lowest,No
17447,25,Massachusetts,250019,0,2,1,1,1,WAREHAM,January,26,Thursday,14,1,Urban,Medium Speed (Collector),No,41.76366667,-70.72265556,Non-Intersection,Daylight,Cloudy,2:00pm-2:59pm,4,2:00pm-2:59pm,10,2:00pm-2:59pm,33,1,Daylight,Reduced Visibility,1,0,['Driver'],['None_Used'],0,0,Valid,0.0,0.0,95.0,95.0,['Male'],0,0,2,4,5,Dry,Straight,Level,Medium,No
17448,25,Massachusetts,250020,0,1,1,0,1,HAVERHILL,January,30,Monday,2,7,Urban,Medium Speed (Collector),No,42.77795278,-71.08987778,Non-Intersection,Dark - Lighted,Clear,2:00am-2:59am,8,2:00am-2:59am,16,Unknown,Unknown EMS Hospital Arrival Time,1,Dark - Lighted,Clear,1,0,['Driver'],['None_Used'],1,1,Valid,0.0,0.0,23.0,23.0,['Male'],1,0,2,4,3,Dry,Curve,Level,Lowest,No
17449,25,Massachusetts,250021,2,1,1,0,1,PITTSFIELD,January,30,Monday,9,13,Urban,Medium Speed (Collector),No,42.44994444,-73.26306667,Non-Intersection,Daylight,Clear,9:00am-9:59am,14,9:00am-9:59am,17,9:00am-9:59am,31,1,Daylight,Clear,0,1,[],[],0,0,Valid,1.0,0.0,84.0,84.0,['Female'],0,0,2,4,4,Dry,Straight,Level,Lowest,No
17450,25,Massachusetts,250022,0,1,1,0,1,DEDHAM,February,2,Thursday,15,40,Urban,High Speed (Arterial),Yes,42.24161111,-71.14576111,Non-Intersection,Daylight,Clear,3:00pm-3:59pm,42,3:00pm-3:59pm,43,4:00pm-4:59pm,13,1,Daylight,Clear,1,0,['Driver'],['None_Used'],0,0,Valid,0.0,0.0,66.0,66.0,['Male'],0,0,2,1,3,Dry,Straight,Level,Medium,No
17451,25,Massachusetts,250023,0,1,1,0,2,SOUTHWICK,February,3,Friday,11,57,Urban,High Speed (Arterial),Yes,42.06395556,-72.72729167,Non-Intersection,Daylight,Severe Crosswinds,11:00am-11:59am,57,12:00pm-12:59pm,2,Unknown,Unknown EMS Hospital Arrival Time,1,Daylight,Rain/Wind/Minor,1,1,['Rear_Seat'],['Child_Safety'],0,0,Valid,0.0,0.0,23.0,23.0,['Female'],0,0,3,4,1,Dry,Straight,Level,Lowest,No
17452,25,Massachusetts,250024,1,2,1,1,3,EAST BROOKFIELD,February,3,Friday,17,43,Rural,Medium Speed (Collector),No,42.19554167,-72.04615,Non-Intersection,Dark - Not Lighted,Severe Crosswinds,5:00pm-5:59pm,43,5:00pm-5:59pm,47,Unknown,Unknown EMS Hospital Arrival Time,1,Dark - Unlighted,Rain/Wind/Minor,1,2,['Driver'],['None_Used'],1,1,Valid,0.0,0.0,33.0,33.0,['Male'],3,0,3,4,3,Dry,Curve,Level,Lowest,No
17453,25,Massachusetts,250025,0,1,1,0,1,"OTIS ANGB, BARNSTABLE",February,3,Friday,23,39,Urban,Medium Speed (Collector),No,41.63456944,-70.449375,Non-Intersection,Dark - Lighted,Clear,11:00pm-11:59pm,43,11:00pm-11:59pm,48,0:00am-0:59am,20,1,Dark - Lighted,Clear,1,0,['Driver'],['Shoulder_Lapbelt'],1,1,Valid,1.0,1.0,63.0,63.0,['Male'],1,0,3,4,3,Dry,Curve,Level,Lowest,No
17454,25,Massachusetts,250026,0,3,3,0,3,SPRINGFIELD,February,5,Sunday,1,44,Urban,Medium Speed (Collector),No,42.13168889,-72.58461667,Simple Junction,Dark - Lighted,Clear,1:00am-1:59am,47,1:00am-1:59am,57,Unknown,Unknown EMS Hospital Arrival Time,1,Dark - Lighted,Clear,1,2,['Driver'],['None_Used'],1,1,Valid,0.0,1.0,49.0,18.0,"['Male', 'Male', 'Male']",1,0,3,4,5,Dry,Straight,Level,Lowest,No
17455,25,Massachusetts,250027,0,1,1,0,1,HINGHAM,February,5,Sunday,16,43,Urban,High Speed (Arterial),Yes,42.24952222,-70.91815556,Complex/Circle,Daylight,Clear,4:00pm-4:59pm,43,4:00pm-4:59pm,48,Not Applicable (Not Transported),Not Applicable (Not Transported),1,Daylight,Clear,1,0,['Driver'],['Shoulder_Lapbelt'],1,1,Valid,0.0,0.0,59.0,59.0,['Male'],1,0,2,4,3,Dry,Straight,Level,Lowest,No
17456,25,Massachusetts,250028,1,1,1,0,1,LENOX,February,6,Monday,17,43,Urban,High Speed (Arterial),Yes,42.40369167,-73.26559167,Non-Intersection,Dark - Not Lighted,Clear,5:00pm-5:59pm,43,5:00pm-5:59pm,51,6:00pm-6:59pm,5,1,Dark - Unlighted,Clear,0,1,[],[],0,0,Valid,0.0,1.0,57.0,57.0,['Female'],0,0,2,4,4,Dry,Straight,Level,Lowest,No
17457,25,Massachusetts,250029,0,2,1,1,1,WORCESTER,February,7,Tuesday,4,9,Urban,Medium Speed (Collector),No,42.24583056,-71.81048333,Non-Intersection,Dark - Lighted,Clear,4:00am-4:59am,10,4:00am-4:59am,17,4:00am-4:59am,39,1,Dark - Lighted,Clear,1,0,['Driver'],['None_Used'],0,0,Invalid,0.0,0.0,36.0,36.0,['Male'],0,0,3,1,5,Dry,Straight,Level,Lowest,No
17458,25,Massachusetts,250030,1,1,1,0,3,CHELSEA,February,11,Saturday,4,45,Urban,Medium Speed (Collector),No,42.396675,-71.02305278,Simple Junction,Dark - Lighted,Clear,4:00am-4:59am,46,4:00am-4:59am,55,5:00am-5:59am,23,1,Dark - Lighted,Clear,0,3,[],[],1,1,Valid,0.0,0.0,18.0,18.0,['Male'],0,0,2,4,4,Dry,Straight,Level,Lowest,No
17459,25,Massachusetts,250031,0,2,2,0,4,SPRINGFIELD,February,11,Saturday,16,31,Urban,High Speed (Arterial),Yes,42.126,-72.53353611,Non-Intersection,Daylight,Clear,4:00pm-4:59pm,39,4:00pm-4:59pm,40,Unknown,Unknown EMS Hospital Arrival Time,1,Daylight,Clear,1,3,['Driver'],['Shoulder_Lapbelt'],1,1,Valid,0.0,1.0,56.0,44.0,"['Male', 'Female']",0,0,3,4,5,Dry,Straight,Level,Lowest,No