,State_Code,State_Name,Crash_ID,Count_Non_Motorists,Count_Vehicles_Total,Count_Vehicle_Forms,Count_PVH_Involved,Count_Occupants_MV,City_Name,Month_Name,Day_of_Month,Day_of_Week,Crash_Hour,Crash_Minute,Area_Rural_Urban,Road_Functional_Class,On_NHS_Road,Latitude,Longitude,Intersection_Type,Light_Condition,Weather_Condition,Notif_Hour,Notif_Minute,Arrival_Hour,Arrival_Minute,Hospital_Hour,Hospital_Minute,Fatalities_Count,Clean_Light_Condition,Clean_Weather_Condition,Total_Killed,Total_Alive,Fatal_Seats_List,Killed_Restraint_List,Any_Driver_Drinking,Total_Drinking_Drivers,Driver_License_Category,Driver_Max_Prev_Accident_Count,Driver_Max_Prev_Speeding_Count,Max_Driver_Age,Min_Driver_Age,Driver_Sex_List,Total_Exceeding_Limit_Vehicles,Total_Too_Fast_Vehicles,Max_Vehicle_Type_Severity_5,Max_Vehicle_Damage_Rank,Max_Harmful_Event_Severity,Crash_Road_Surface_Condition,Crash_Horizontal_Alignment,Crash_Vertical_Profile,Crash_Impairment_Category,Crash_Vehicle_Defect
17460,25,Massachusetts,250032,0,1,1,0,1,ABINGTON,February,12,Sunday,3,46,Urban,High Speed (Arterial),Yes,42.13103056,-70.96773333,Non-Intersection,Dark - Lighted,Clear,3:00am-3:59am,47,3:00am-3:59am,51,4:00am-4:59am,5,1,Dark - Lighted,Clear,1,0,['Driver'],['None_Used'],0,0,Valid,0.0,1.0,32.0,32.0,['Male'],0,0,2,4,3,Dry,Curve,Level,Lowest,No
17461,25,Massachusetts,250033,0,1,1,0,2,CHICOPEE,February,12,Sunday,21,34,Urban,High Speed (Arterial),Yes,42.16246389,-72.524325,Non-Intersection,Dark - Not Lighted,Clear,9:00pm-9:59pm,37,9:00pm-9:59pm,48,Unknown,Unknown EMS Hospital Arrival Time,1,Dark - Unlighted,Clear,1,1,['Driver'],['None_Used'],0,0,Valid,1.0,3.0,42.0,42.0,['Female'],0,0,3,4,3,Dry,Straight,Level,Lowest,No
17462,25,Massachusetts,250034,0,1,1,0,2,AVON,February,13,Monday,13,38,Urban,High Speed (Arterial),Yes,42.10563333,-71.05813889,Non-Intersection,Daylight,Clear,1:00pm-1:59pm,35,1:00pm-1:59pm,40,2:00pm-2:59pm,1,1,Daylight,Clear,1,1,['Driver'],['None_Used'],0,0,Valid,1.0,0.0,24.0,24.0,['Male'],2,0,3,4,3,Dry,Straight,Level,Lowest,No
17463,25,Massachusetts,250036,0,2,2,0,2,PRINCETON,February,14,Tuesday,9,43,Rural,Medium Speed (Collector),No,42.445875,-71.91518056,Simple Junction,Daylight,Clear,9:00am-9:59am,44,9:00am-9:59am,49,10:00am-10:59am,26,1,Daylight,Clear,1,1,['Driver'],['Shoulder_Lapbelt'],0,0,Valid,2.0,0.0,82.0,27.0,"['Male', 'Female']",0,0,3,4,5,Dry,Straight,Level,Lowest,No
17464,25,Massachusetts,250037,0,2,2,0,2,BURLINGTON,February,14,Tuesday,13,58,Urban,Medium Speed (Collector),No,42.52936667,-71.20583611,Complex/Circle,Daylight,Clear,1:00pm-1:59pm,57,2:00pm-2:59pm,2,2:00pm-2:59pm,28,1,Daylight,Clear,1,1,['Driver'],['None_Used'],0,0,Valid,1.0,0.0,82.0,54.0,"['Male', 'Female']",0,0,3,4,5,Dry,Straight,Level,Lowest,No
17465,25,Massachusetts,250038,0,2,2,0,3,CHELMSFORD,February,16,Thursday,9,2,Urban,Medium Speed (Collector),No,42.62297778,-71.35993333,Non-Intersection,Daylight,Clear,9:00am-9:59am,4,9:00am-9:59am,8,9:00am-9:59am,36,1,Daylight,Clear,1,2,['Front_Passenger'],['Shoulder_Lapbelt'],0,0,Valid,0.0,0.0,75.0,62.0,"['Female', 'Female']",0,0,3,4,5,Dry,Straight,Level,Lowest,No
17466,25,Massachusetts,250039,1,1,1,0,1,CHICOPEE,February,16,Thursday,16,5,Urban,Medium Speed (Collector),No,42.1611,-72.61503333,Simple Junction,Daylight,Clear,4:00pm-4:59pm,4,4:00pm-4:59pm,11,4:00pm-4:59pm,35,1,Daylight,Clear,0,1,[],[],0,0,Valid,0.0,0.0,18.0,18.0,['Female'],0,0,2,1,4,Dry,Straight,Level,Lowest,No
17467,25,Massachusetts,250040,0,1,1,0,2,SPRINGFIELD,February,18,Saturday,1,48,Urban,Medium Speed (Collector),No,42.12703056,-72.55845833,Non-Intersection,Dark - Lighted,Clear,2:00am-2:59am,9,2:00am-2:59am,17,Not Applicable (Not Transported),Not Applicable (Not Transported),2,Dark - Lighted,Clear,2,0,"['Driver', 'Front_Passenger']","['None_Used', 'None_Used']",1,1,Valid,0.0,0.0,25.0,25.0,['Female'],0,0,3,4,3,Dry,Curve,Level,Lowest,No
17468,25,Massachusetts,250041,0,2,2,0,8,NOT APPLICABLE,February,19,Sunday,20,58,Urban,High Speed (Arterial),Yes,42.21631111,-71.03951389,Non-Intersection,Dark - Not Lighted,Clear,8:00pm-8:59pm,54,9:00pm-9:59pm,0,9:00pm-9:59pm,18,1,Dark - Unlighted,Clear,1,7,['Driver'],['None_Used'],1,1,Valid,0.0,0.0,46.0,18.0,"['Male', 'Male']",5,0,3,1,5,Dry,Straight,Level,Lowest,No
17469,25,Massachusetts,250042,1,1,1,0,1,MILFORD,February,20,Monday,4,15,Urban,Medium Speed (Collector),No,42.1616,-71.50961667,Simple Junction,Dark - Not Lighted,Clear,4:00am-4:59am,19,4:00am-4:59am,22,4:00am-4:59am,42,1,Dark - Unlighted,Clear,0,1,[],[],0,0,Valid,0.0,0.0,34.0,34.0,['Female'],0,0,2,4,4,Dry,Straight,Level,Lowest,No
17470,25,Massachusetts,250044,1,1,1,0,1,NEEDHAM,February,24,Friday,1,22,Urban,High Speed (Arterial),Yes,42.273375,-71.19913056,Non-Intersection,Dark - Not Lighted,"Fog, Smog, Smoke",1:00am-1:59am,27,1:00am-1:59am,31,Not Applicable (Not Transported),Not Applicable (Not Transported),1,Dark - Unlighted,Reduced Visibility,0,1,[],[],0,0,Valid,0.0,0.0,52.0,52.0,['Other'],0,0,4,1,4,Wet/Standing Water,Straight,Level,Lowest,No
17471,25,Massachusetts,250045,0,1,1,0,1,SWANSEA,February,26,Sunday,3,40,Urban,High Speed (Arterial),Yes,41.76281667,-71.23271667,Non-Intersection,Dark - Lighted,Clear,3:00am-3:59am,38,3:00am-3:59am,42,4:00am-4:59am,12,1,Dark - Lighted,Clear,1,0,['Driver'],['Shoulder_Lapbelt'],0,0,Valid,0.0,0.0,32.0,32.0,['Male'],0,0,3,4,3,Dry,Straight,Level,Medium,No
17472,25,Massachusetts,250046,0,2,2,0,3,GARDNER,February,26,Sunday,5,48,Urban,Medium Speed (Collector),No,42.5973,-71.98805,Non-Intersection,Dawn,Cloudy,5:00am-5:59am,49,5:00am-5:59am,56,Unknown,Unknown EMS Hospital Arrival Time,2,Twilight,Reduced Visibility,2,1,"['Driver', 'Front_Passenger']","['None_Used', 'None_Used']",1,1,Valid,0.0,1.0,45.0,23.0,"['Male', 'Female']",0,0,3,4,5,Wet/Standing Water,Straight,Level,Lowest,No
17473,25,Massachusetts,250047,1,1,1,0,1,EASTON,February,26,Sunday,18,45,Urban,High Speed (Arterial),Yes,42.02385,-71.12511944,Non-Intersection,Dark - Lighted,Clear,6:00pm-6:59pm,44,6:00pm-6:59pm,51,7:00pm-7:59pm,14,1,Dark - Lighted,Clear,0,1,[],[],0,0,Valid,0.0,1.0,24.0,24.0,['Male'],0,0,2,4,4,Dry,Straight,Level,Lowest,No
17474,25,Massachusetts,250048,0,2,2,0,4,DEDHAM,February,28,Tuesday,11,9,Urban,High Speed (Arterial),Yes,42.25713056,-71.16226111,Non-Intersection,Daylight,Snow,6:00am-6:59am,56,7:00am-7:59am,3,7:00am-7:59am,26,1,Daylight,Snow/Ice/Severe,1,3,['Driver'],['None_Used'],0,0,Valid,0.0,0.0,33.0,17.0,"['Male', 'Male']",2,0,5,1,5,Wet/Standing Water,Straight,Level,Lowest,No
17475,25,Massachusetts,250049,1,1,1,0,1,BROCKTON,February,28,Tuesday,18,0,Urban,Medium Speed (Collector),No,42.11694722,-70.99993889,Non-Intersection,Dark - Lighted,Rain,6:00pm-6:59pm,1,6:00pm-6:59pm,8,6:00pm-6:59pm,28,1,Dark - Lighted,Rain/Wind/Minor,0,1,[],[],0,0,Valid,0.0,0.0,26.0,26.0,['Male'],0,0,3,2,4,Wet/Standing Water,Straight,Level,Lowest,Yes
17476,25,Massachusetts,250050,0,2,2,0,2,DRACUT,March,1,Wednesday,17,12,Urban,High Speed (Arterial),Yes,42.65781944,-71.27132778,Non-Intersection,Daylight,Cloudy,5:00pm-5:59pm,18,5:00pm-5:59pm,20,5:00pm-5:59pm,47,1,Daylight,Reduced Visibility,1,1,['Driver'],['None_Used'],0,0,Valid,0.0,0.0,54.0,33.0,"['Male', 'Male']",1,0,3,4,5,Dry,Straight,Level,Lowest,No
17477,25,Massachusetts,250051,1,1,1,0,1,PLAINVILLE,March,1,Wednesday,19,7,Urban,Medium Speed (Collector),No,42.02422222,-71.30906111,Non-Intersection,Dark - Lighted,Cloudy,7:00pm-7:59pm,8,7:00pm-7:59pm,13,7:00pm-7:59pm,41,1,Dark - Lighted,Reduced Visibility,0,1,[],[],0,0,Valid,0.0,0.0,17.0,17.0,['Male'],0,0,2,1,4,Dry,Straight,Grade/Hillcrest,Lowest,No
17478,25,Massachusetts,250052,0,3,3,0,3,BOSTON,March,1,Wednesday,19,50,Urban,High Speed (Arterial),Yes,42.34759444,-71.08571389,Non-Intersection,Dark - Lighted,Clear,7:00pm-7:59pm,43,7:00pm-7:59pm,54,8:00pm-8:59pm,18,1,Dark - Lighted,Clear,1,2,['Driver'],['Shoulder_Lapbelt'],0,0,Valid,2.0,0.0,58.0,39.0,"['Male', 'Male', 'Male']",0,0,3,1,5,Dry,Straight,Level,Lowest,No
17479,25,Massachusetts,250053,0,1,1,0,1,NORTHBOROUGH,March,1,Wednesday,23,14,Urban,High Speed (Arterial),Yes,42.332425,-71.67645,Non-Intersection,Dark - Lighted,Clear,10:00pm-10:59pm,54,11:00pm-11:59pm,1,11:00pm-11:59pm,22,1,Dark - Lighted,Clear,1,0,['Driver'],['Shoulder_Lapbelt'],0,0,Valid,0.0,0.0,54.0,54.0,['Male'],0,0,2,4,3,Dry,Straight,Level,Lowest,No
17480,25,Massachusetts,250054,0,4,4,0,5,FREETOWN,March,7,Tuesday,8,18,Urban,High Speed (Arterial),Yes,41.779475,-70.9614,Non-Intersection,Daylight,Clear,8:00am-8:59am,19,8:00am-8:59am,26,Unknown,Unknown EMS Hospital Arrival Time,2,Daylight,Clear,2,3,"['Driver', 'Front_Passenger']","['Shoulder_Lapbelt', 'Shoulder_Lapbelt']",0,0,Invalid,0.0,0.0,54.0,39.0,"['Male', 'Female', 'Male', 'Female']",2,0,3,4,5,Dry,Straight,Level,Lowest,No
17481,25,Massachusetts,250055,0,3,3,0,3,NORTH READING,March,3,Friday,13,40,Urban,Medium Speed (Collector),No,42.57378611,-71.08998056,Non-Intersection,Daylight,Cloudy,1:00pm-1:59pm,40,1:00pm-1:59pm,41,2:00pm-2:59pm,7,1,Daylight,Reduced Visibility,1,2,['Driver'],['Shoulder_Lapbelt'],0,0,Valid,1.0,0.0,86.0,45.0,"['Female', 'Male', 'Male']",0,0,3,4,5,Dry,Straight,Level,Lowest,No
17482,25,Massachusetts,250056,0,1,1,0,1,NEW BEDFORD,March,8,Wednesday,21,20,Urban,High Speed (Arterial),Yes,41.64779167,-70.95559444,Non-Intersection,Dark - Not Lighted,Clear,9:00pm-9:59pm,9,9:00pm-9:59pm,21,10:00pm-10:59pm,5,1,Dark - Unlighted,Clear,1,0,['Driver'],['None_Used'],0,0,Valid,0.0,0.0,59.0,59.0,['Male'],0,0,2,1,3,Dry,Straight,Level,Lowest,No
17483,25,Massachusetts,250057,0,1,1,0,1,KINGSTON,March,13,Monday,7,39,Urban,Medium Speed (Collector),No,42.00055,-70.71909167,Non-Intersection,Daylight,Cloudy,7:00am-7:59am,40,7:00am-7:59am,46,Not Applicable (Not Transported),Not Applicable (Not Transported),1,Daylight,Reduced Visibility,1,0,['Driver'],['None_Used'],0,0,Valid,0.0,0.0,67.0,67.0,['Female'],0,0,2,1,3,Dry,Curve,Level,Lowest,No
17484,25,Massachusetts,250058,0,2,2,0,4,MANSFIELD,March,13,Monday,9,5,Urban,High Speed (Arterial),Yes,42.004575,-71.28733889,Non-Intersection,Daylight,Cloudy,8:00am-8:59am,57,9:00am-9:59am,8,Unknown,Unknown EMS Hospital Arrival Time,1,Daylight,Reduced Visibility,1,3,['Driver'],['None_Used'],0,0,Valid,2.0,0.0,58.0,28.0,"['Male', 'Male']",0,0,3,4,5,Dry,Straight,Level,Lowest,No
17485,25,Massachusetts,250059,0,1,1,0,1,FALL RIVER,March,15,Wednesday,10,17,Urban,High Speed (Arterial),Yes,41.74213889,-71.12388889,Non-Intersection,Daylight,Cloudy,10:00am-10:59am,11,10:00am-10:59am,16,10:00am-10:59am,43,1,Daylight,Reduced Visibility,1,0,['Driver'],['None_Used'],1,1,Valid,1.0,0.0,51.0,51.0,['Male'],1,0,3,4,2,Dry,Straight,Level,Medium,No
17486,25,Massachusetts,250060,1,1,1,0,1,WESTWOOD,March,16,Thursday,9,50,Urban,Medium Speed (Collector),No,42.21103333,-71.14988889,Complex/Circle,Daylight,Cloudy,9:00am-9:59am,55,9:00am-9:59am,59,10:00am-10:59am,19,1,Daylight,Reduced Visibility,0,1,[],[],0,0,Valid,1.0,0.0,83.0,83.0,['Male'],0,0,2,1,4,Dry,Straight,Level,Lowest,No
17487,25,Massachusetts,250061,0,2,2,0,3,WRENTHAM,March,17,Friday,19,49,Urban,High Speed (Arterial),Yes,42.06560556,-71.32519722,Simple Junction,Dark - Lighted,Clear,7:00pm-7:59pm,50,7:00pm-7:59pm,53,8:00pm-8:59pm,59,1,Dark - Lighted,Clear,1,2,['Front_Passenger'],['Shoulder_Lapbelt'],0,0,Valid,1.0,0.0,80.0,33.0,"['Male', 'Male']",0,0,3,4,5,Dry,Straight,Level,Lowest,No
17488,25,Massachusetts,250062,0,1,1,0,2,HOLLISTON,March,18,Saturday,21,55,Urban,Medium Speed (Collector),No,42.20951667,-71.44836944,Non-Intersection,Dark - Lighted,Clear,9:00pm-9:59pm,56,10:00pm-10:59pm,1,Not Applicable (Not Transported),Not Applicable (Not Transported),2,Dark - Lighted,Clear,2,0,"['Driver', 'Front_Passenger']","['Shoulder_Lapbelt', 'None_Used']",1,1,Valid,1.0,3.0,23.0,23.0,['Male'],2,0,3,4,3,Dry,Straight,Level,Lowest,No
17489,25,Massachusetts,250063,1,2,1,1,1,BOSTON,March,27,Monday,16,59,Urban,High Speed (Arterial),No,42.36918889,-71.01956111,Non-Intersection,Daylight,Cloudy,4:00pm-4:59pm,59,5:00pm-5:59pm,3,Not Applicable (Not Transported),Not Applicable (Not Transported),1,Daylight,Reduced Visibility,0,1,[],[],0,0,Valid,0.0,1.0,54.0,54.0,['Female'],0,0,4,2,4,Dry,Straight,Grade/Hillcrest,Lowest,No
17490,25,Massachusetts,250064,1,1,1,0,1,LYNN,March,29,Wednesday,5,57,Urban,High Speed (Arterial),Yes,42.454075,-70.97546944,Simple Junction,Dawn,Clear,5:00am-5:59am,59,6:00am-6:59am,7,Not Applicable (Not Transported),Not Applicable (Not Transported),1,Twilight,Clear,0,1,[],[],0,0,Valid,2.0,1.0,27.0,27.0,['Male'],0,0,3,1,4,Dry,Straight,Level,Lowest,No
17491,25,Massachusetts,250065,0,2,2,0,3,EASTON,March,29,Wednesday,17,51,Urban,Medium Speed (Collector),No,42.01021944,-71.06689444,Non-Intersection,Daylight,Clear,5:00pm-5:59pm,52,5:00pm-5:59pm,57,6:00pm-6:59pm,21,1,Daylight,Clear,1,2,['Driver'],['None_Used'],0,0,Valid,0.0,0.0,40.0,39.0,"['Male', 'Female']",0,0,5,4,5,Dry,Straight,Level,Lowest,No
17492,25,Massachusetts,250066,0,1,1,0,1,WESTFORD,April,1,Saturday,22,56,Urban,Low Speed (Local),No,42.55875,-71.40341111,Simple Junction,Dark - Lighted,Clear,10:00pm-10:59pm,56,11:00pm-11:59pm,6,Not Applicable (Not Transported),Not Applicable (Not Transported),1,Dark - Lighted,Clear,1,0,['Driver'],['Shoulder_Lapbelt'],1,1,Valid,0.0,1.0,30.0,30.0,['Male'],1,0,3,4,3,Icy/Snowy,Straight,Level,Lowest,No
17493,25,Massachusetts,250067,0,2,2,0,2,WEST BRIDGEWATER,April,3,Monday,21,30,Urban,High Speed (Arterial),Yes,42.00339722,-71.03683889,Non-Intersection,Dark - Not Lighted,Clear,10:00pm-10:59pm,30,10:00pm-10:59pm,38,Not Applicable (Not Transported),Not Applicable (Not Transported),1,Dark - Unlighted,Clear,1,1,['Driver'],['Shoulder_Lapbelt'],0,0,Valid,2.0,0.0,46.0,23.0,"['Female', 'Male']",1,0,3,4,5,Dry,Straight,Level,Lowest,No
17494,25,Massachusetts,250068,0,1,1,0,1,MANSFIELD,April,6,Thursday,4,1,Urban,High Speed (Arterial),Yes,42.0063,-71.22380556,Non-Intersection,Dark - Not Lighted,Rain,4:00am-4:59am,2,4:00am-4:59am,18,Not Applicable (Not Transported),Not Applicable (Not Transported),1,Dark - Unlighted,Rain/Wind/Minor,1,0,['Driver'],['None_Used'],1,1,Invalid,0.0,0.0,32.0,32.0,['Male'],1,0,3,4,2,Wet/Standing Water,Straight,Level,Lowest,No
17495,25,Massachusetts,250069,0,1,1,0,1,CANTON,April,8,Saturday,5,0,Urban,High Speed (Arterial),Yes,42.18422778,-71.15916389,Non-Intersection,Dark - Not Lighted,Clear,5:00am-5:59am,4,5:00am-5:59am,11,Not Applicable (Not Transported),Not Applicable (Not Transported),1,Dark - Unlighted,Clear,1,0,['Driver'],['None_Used'],1,1,Valid,0.0,0.0,34.0,34.0,['Male'],1,0,3,4,3,Dry,Straight,Level,Lowest,No
17496,25,Massachusetts,250070,0,1,1,0,1,HARWICH,April,8,Saturday,17,49,Urban,Medium Speed (Collector),No,41.66574444,-70.09776944,Non-Intersection,Daylight,Clear,5:00pm-5:59pm,48,5:00pm-5:59pm,53,Not Applicable (Not Transported),Not Applicable (Not Transported),1,Daylight,Clear,1,0,['Driver'],['None_Used'],1,1,Valid,0.0,0.0,54.0,54.0,['Female'],1,0,3,4,3,Wet/Standing Water,Straight,Level,Lowest,No
17497,25,Massachusetts,250071,0,2,2,0,4,TOWN OF DIGHTON,April,8,Saturday,23,29,Urban,Medium Speed (Collector),No,41.89679444,-71.08025278,Non-Intersection,Dark - Lighted,Clear,11:00pm-11:59pm,24,11:00pm-11:59pm,27,11:00pm-11:59pm,38,1,Dark - Lighted,Clear,1,3,['Driver'],['None_Used'],1,1,Valid,0.0,0.0,64.0,60.0,"['Female', 'Male']",1,0,3,4,5,Dry,Curve,Level,Lowest,No
17498,25,Massachusetts,250072,1,1,1,0,1,SALEM,April,9,Sunday,20,21,Urban,Medium Speed (Collector),No,42.50618611,-70.90146389,Simple Junction,Dark - Lighted,Clear,8:00pm-8:59pm,22,8:00pm-8:59pm,26,8:00pm-8:59pm,35,1,Dark - Lighted,Clear,0,1,[],[],0,0,Valid,0.0,0.0,68.0,68.0,['Female'],1,0,3,1,4,Dry,Straight,Level,Lowest,No
17499,25,Massachusetts,250073,0,1,1,0,1,SPENCER,April,11,Tuesday,13,50,Rural,Medium Speed (Collector),No,42.21781944,-71.986825,Non-Intersection,Daylight,Clear,1:00pm-1:59pm,52,2:00pm-2:59pm,1,2:00pm-2:59pm,39,1,Daylight,Clear,1,0,['Driver'],['None_Used'],0,0,Valid,0.0,0.0,81.0,81.0,['Male'],0,0,2,4,3,Dry,Straight,Level,Medium,No
17500,25,Massachusetts,250074,0,2,2,0,3,CHARLEMONT,April,12,Wednesday,13,0,Rural,High Speed (Arterial),Yes,42.61885833,-72.81996667,Non-Intersection,Daylight,Clear,1:00pm-1:59pm,0,1:00pm-1:59pm,11,1:00pm-1:59pm,56,1,Daylight,Clear,1,2,['Driver'],['None_Used'],0,0,Valid,0.0,1.0,66.0,38.0,"['Male', 'Female']",0,0,5,4,5,Dry,Curve,Level,Lowest,No
17501,25,Massachusetts,250075,0,1,1,0,1,SOUTH LYNNFIELD,April,12,Wednesday,17,33,Urban,Medium Speed (Collector),No,42.54721389,-71.06265556,Non-Intersection,Daylight,Clear,5:00pm-5:59pm,33,5:00pm-5:59pm,33,6:00pm-6:59pm,10,1,Daylight,Clear,1,0,['Driver'],['None_Used'],0,0,Valid,0.0,4.0,50.0,50.0,['Male'],1,0,5,4,3,Dry,Curve,Level,Lowest,No
17502,25,Massachusetts,250076,0,1,1,0,5,WEST STOCKBRIDGE,April,20,Thursday,8,2,Rural,High Speed (Arterial),Yes,42.33513611,-73.37785,Non-Intersection,Daylight,Clear,8:00am-8:59am,6,8:00am-8:59am,19,8:00am-8:59am,59,1,Daylight,Clear,1,4,['Rear_Seat'],['None_Used'],0,0,Valid,0.0,1.0,30.0,30.0,['Male'],0,0,3,4,3,Dry,Straight,Level,Medium,No
17503,25,Massachusetts,250077,0,1,1,0,1,REVERE,April,20,Thursday,20,50,Urban,High Speed (Arterial),No,42.41677778,-70.99091944,Non-Intersection,Dark - Lighted,Clear,8:00pm-8:59pm,52,8:00pm-8:59pm,58,9:00pm-9:59pm,16,1,Dark - Lighted,Clear,1,0,['Driver'],['None_Used'],0,0,Valid,0.0,0.0,44.0,44.0,['Male'],1,0,5,4,2,Dry,Curve,Level,Lowest,No
17504,25,Massachusetts,250078,0,2,2,0,2,AVON,April,22,Saturday,2,24,Urban,High Speed (Arterial),Yes,42.13620833,-71.06468889,Non-Intersection,Dark - Not Lighted,Cloudy,Unknown,Unknown,Unknown EMS Scene Arrival Hour,Unknown EMS Scene Arrival Minutes,Unknown,Unknown EMS Hospital Arrival Time,1,Dark - Unlighted,Reduced Visibility,1,1,['Driver'],['Shoulder_Lapbelt'],1,1,Valid,1.0,0.0,44.0,30.0,"['Male', 'Male']",1,0,4,4,5,Dry,Straight,Level,Lowest,No
17505,25,Massachusetts,250079,0,1,1,0,2,SOUTH HADLEY,April,27,Thursday,7,33,Urban,Low Speed (Local),No,42.25307778,-72.59923889,Non-Intersection,Daylight,Cloudy,7:00am-7:59am,35,7:00am-7:59am,41,8:00am-8:59am,11,1,Daylight,Reduced Visibility,1,1,['Front_Passenger'],['None_Used'],0,0,Valid,0.0,0.0,19.0,19.0,['Male'],2,0,2,4,3,Dry,Straight,Level,Lowest,No
17506,25,Massachusetts,250080,0,2,2,0,3,NOT APPLICABLE,April,29,Saturday,2,33,Urban,High Speed (Arterial),Yes,41.98141944,-71.15810278,Non-Intersection,Dark - Not Lighted,Clear,2:00am-2:59am,32,2:00am-2:59am,41,Unknown,Unknown EMS Hospital Arrival Time,1,Dark - Unlighted,Clear,1,2,['Driver'],['None_Used'],1,1,Valid,0.0,0.0,52.0,48.0,"['Male', 'Male']",0,0,3,4,5,Dry,Straight,Level,Lowest,No
17507,25,Massachusetts,250081,0,1,1,0,1,WEST BRIDGEWATER,May,2,Tuesday,7,21,Urban,Medium Speed (Collector),No,41.99422222,-71.02857778,Non-Intersection,Daylight,Clear,7:00am-7:59am,20,7:00am-7:59am,24,7:00am-7:59am,47,1,Daylight,Clear,1,0,['Driver'],['Shoulder_Lapbelt'],0,0,Valid,0.0,0.0,42.0,42.0,['Male'],0,0,2,4,4,Dry,Straight,Level,Lowest,No
17508,25,Massachusetts,250082,0,1,1,0,1,OXFORD,May,2,Tuesday,10,26,Urban,Medium Speed (Collector),No,42.09416667,-71.89262778,Non-Intersection,Daylight,Cloudy,10:00am-10:59am,31,10:00am-10:59am,36,11:00am-11:59am,11,1,Daylight,Reduced Visibility,1,0,['Driver'],['Shoulder_Lapbelt'],0,0,Valid,1.0,0.0,24.0,24.0,['Male'],0,0,1,4,3,Dry,Straight,Level,Medium,No
17509,25,Massachusetts,250083,0,1,1,0,1,REHOBOTH,May,4,Thursday,19,29,Urban,Low Speed (Local),No,41.79831944,-71.20120556,Non-Intersection,Daylight,Cloudy,7:00pm-7:59pm,35,7:00pm-7:59pm,47,8:00pm-8:59pm,24,1,Daylight,Reduced Visibility,1,0,['Driver'],['None_Used'],1,1,Valid,0.0,0.0,42.0,42.0,['Male'],1,0,3,4,3,Dry,Straight,Level,Lowest,No
17510,25,Massachusetts,250084,0,2,2,0,3,TOWN OF DIGHTON,March,5,Sunday,1,30,Urban,Medium Speed (Collector),No,41.89677222,-71.08148889,Non-Intersection,Dark - Lighted,Cloudy,1:00am-1:59am,42,1:00am-1:59am,44,2:00am-2:59am,20,1,Dark - Lighted,Reduced Visibility,1,2,['Driver'],['None_Used'],1,1,Valid,1.0,1.0,25.0,23.0,"['Female', 'Female']",0,0,2,4,5,Wet/Standing Water,Curve,Level,Lowest,No
17511,25,Massachusetts,250085,0,3,1,2,1,MONTAGUE,March,13,Monday,1,22,Rural,Medium Speed (Collector),No,42.55294722,-72.53438333,Non-Intersection,Dark - Not Lighted,Clear,1:00am-1:59am,29,1:00am-1:59am,40,Not Applicable (Not Transported),Not Applicable (Not Transported),1,Dark - Unlighted,Clear,1,0,['Driver'],['None_Used'],1,1,Valid,0.0,1.0,22.0,22.0,['Male'],1,0,2,4,3,Dry,Curve,Level,Lowest,No
17512,25,Massachusetts,250086,0,2,2,0,3,LUDLOW,March,15,Wednesday,7,59,Urban,Medium Speed (Collector),No,42.20986944,-72.40652222,Non-Intersection,Daylight,Snow,7:00am-7:59am,59,8:00am-8:59am,10,8:00am-8:59am,55,1,Daylight,Snow/Ice/Severe,1,2,['Driver'],['Shoulder_Lapbelt'],0,0,Valid,0.0,0.0,74.0,51.0,"['Female', 'Female']",2,0,3,4,5,Icy/Snowy,Curve,Level,Lowest,No
17513,25,Massachusetts,250087,1,1,1,0,5,HATFIELD,March,24,Friday,23,42,Rural,Low Speed (Local),No,42.35178889,-72.61252222,Non-Intersection,Dark - Not Lighted,Clear,11:00pm-11:59pm,45,11:00pm-11:59pm,55,0:00am-0:59am,38,1,Dark - Unlighted,Clear,0,5,[],[],0,0,Valid,0.0,0.0,16.0,16.0,['Male'],0,0,3,1,4,Dry,Curve,Level,Lowest,Yes
17514,25,Massachusetts,250088,1,1,1,0,4,CHICOPEE,March,25,Saturday,2,43,Urban,Medium Speed (Collector),No,42.18638056,-72.59765,Non-Intersection,Dark - Lighted,Clear,2:00am-2:59am,51,3:00am-3:59am,1,Unknown,Unknown EMS Hospital Arrival Time,1,Dark - Lighted,Clear,1,3,['Rear_Seat'],['None_Used'],1,1,Invalid,0.0,0.0,19.0,19.0,['Male'],4,0,3,4,3,Dry,Straight,Level,Lowest,No
17515,25,Massachusetts,250089,2,2,1,1,1,BOSTON,March,26,Sunday,17,3,Urban,High Speed (Arterial),Yes,42.29328889,-71.12070833,Simple Junction,Daylight,Clear,5:00pm-5:59pm,5,5:00pm-5:59pm,9,5:00pm-5:59pm,49,1,Daylight,Clear,0,0,[],[],0,0,Valid,0.0,0.0,29.0,29.0,['Male'],0,0,2,4,4,Dry,Straight,Level,Lowest,No
17516,25,Massachusetts,250090,0,1,1,0,1,SALEM,March,26,Sunday,22,1,Urban,High Speed (Arterial),Yes,42.52683056,-70.89382778,Non-Intersection,Dark - Lighted,Clear,9:00pm-9:59pm,59,10:00pm-10:59pm,2,10:00pm-10:59pm,49,1,Dark - Lighted,Clear,1,0,['Driver'],['None_Used'],1,1,Valid,1.0,0.0,42.0,42.0,['Male'],1,0,5,4,2,Dry,Curve,Level,Lowest,No
17517,25,Massachusetts,250091,0,1,1,0,1,SPRINGFIELD,April,2,Sunday,19,24,Urban,Medium Speed (Collector),No,42.1158,-72.48219167,Non-Intersection,Dusk,Clear,7:00pm-7:59pm,30,7:00pm-7:59pm,37,7:00pm-7:59pm,51,1,Twilight,Clear,1,0,['Driver'],['None_Used'],1,1,Valid,0.0,0.0,61.0,61.0,['Male'],0,0,3,4,3,Dry,Straight,Level,Lowest,No
17518,25,Massachusetts,250092,1,1,1,0,1,NEW BEDFORD,April,6,Thursday,17,34,Urban,Low Speed (Local),No,41.62647778,-71.00243611,Non-Intersection,Daylight,Cloudy,5:00pm-5:59pm,35,5:00pm-5:59pm,44,5:00pm-5:59pm,58,1,Daylight,Reduced Visibility,0,1,[],[],0,0,Valid,1.0,0.0,22.0,22.0,['Female'],1,0,2,4,4,Dry,Curve,Grade/Hillcrest,Lowest,No