,State_Code,State_Name,Crash_ID,Count_Non_Motorists,Count_Vehicles_Total,Count_Vehicle_Forms,Count_PVH_Involved,Count_Occupants_MV,City_Name,Month_Name,Day_of_Month,Day_of_Week,Crash_Hour,Crash_Minute,Area_Rural_Urban,Road_Functional_Class,On_NHS_Road,Latitude,Longitude,Intersection_Type,Light_Condition,Weather_Condition,Notif_Hour,Notif_Minute,Arrival_Hour,Arrival_Minute,Hospital_Hour,Hospital_Minute,Fatalities_Count,Clean_Light_Condition,Clean_Weather_Condition,Total_Killed,Total_Alive,Fatal_Seats_List,Killed_Restraint_List,Any_Driver_Drinking,Total_Drinking_Drivers,Driver_License_Category,Driver_Max_Prev_Accident_Count,Driver_Max_Prev_Speeding_Count,Max_Driver_Age,Min_Driver_Age,Driver_Sex_List,Total_Exceeding_Limit_Vehicles,Total_Too_Fast_Vehicles,Max_Vehicle_Type_Severity_5,Max_Vehicle_Damage_Rank,Max_Harmful_Event_Severity,Crash_Road_Surface_Condition,Crash_Horizontal_Alignment,Crash_Vertical_Profile,Crash_Impairment_Category,Crash_Vehicle_Defect
17519,25,Massachusetts,250094,1,1,1,0,1,ATHOL,April,8,Saturday,21,23,Urban,High Speed (Arterial),Yes,42.57800278,-72.25934444,Non-Intersection,Dark - Not Lighted,Cloudy,9:00pm-9:59pm,25,9:00pm-9:59pm,30,10:00pm-10:59pm,6,1,Dark - Unlighted,Reduced Visibility,0,1,[],[],0,0,Valid,0.0,0.0,20.0,20.0,['Male'],0,0,2,4,4,Dry,Straight,Level,Lowest,No
17520,25,Massachusetts,250095,0,1,1,0,1,NEEDHAM,April,12,Wednesday,9,37,Urban,Medium Speed (Collector),No,42.265125,-71.2686,Non-Intersection,Daylight,Clear,9:00am-9:59am,40,9:00am-9:59am,46,10:00am-10:59am,8,1,Daylight,Clear,1,0,['Driver'],['None_Used'],0,0,Valid,0.0,0.0,58.0,58.0,['Male'],0,0,3,4,3,Dry,Straight,Level,Lowest,No
17521,25,Massachusetts,250096,1,1,1,0,1,BOSTON,April,23,Sunday,21,35,Urban,High Speed (Arterial),Yes,42.27992222,-71.066075,Complex/Circle,Dark - Lighted,Rain,9:00pm-9:59pm,31,9:00pm-9:59pm,35,10:00pm-10:59pm,3,1,Dark - Lighted,Rain/Wind/Minor,0,1,[],[],0,0,Valid,0.0,0.0,52.0,52.0,['Male'],0,0,3,4,4,Wet/Standing Water,Straight,Level,Lowest,No
17522,25,Massachusetts,250097,0,1,1,0,1,PALMER,May,4,Thursday,22,22,Urban,High Speed (Arterial),Yes,42.16262778,-72.34524167,Non-Intersection,Dark - Lighted,Cloudy,10:00pm-10:59pm,24,10:00pm-10:59pm,26,10:00pm-10:59pm,50,1,Dark - Lighted,Reduced Visibility,1,0,['Driver'],['None_Used'],1,1,Valid,0.0,0.0,31.0,31.0,['Female'],1,0,3,4,3,Wet/Standing Water,Straight,Level,Lowest,No
17523,25,Massachusetts,250098,0,2,2,0,2,LAWRENCE,May,8,Monday,20,7,Urban,High Speed (Arterial),Yes,42.69186389,-71.16058056,Complex/Circle,Daylight,Clear,8:00pm-8:59pm,10,8:00pm-8:59pm,14,8:00pm-8:59pm,27,1,Daylight,Clear,1,1,['Driver'],['None_Used'],0,0,Valid,1.0,1.0,22.0,20.0,"['Male', 'Male']",1,0,5,4,5,Dry,Straight,Level,Lowest,No
17524,25,Massachusetts,250099,0,1,1,0,1,BREWSTER,May,13,Saturday,15,56,Urban,Low Speed (Local),No,41.73754722,-70.06104444,Non-Intersection,Daylight,Clear,3:00pm-3:59pm,55,4:00pm-4:59pm,1,4:00pm-4:59pm,34,1,Daylight,Clear,1,0,['Driver'],['None_Used'],1,1,Valid,0.0,0.0,65.0,65.0,['Male'],0,0,5,1,3,Dry,Curve,Level,Lowest,No
17525,25,Massachusetts,250100,0,1,1,0,1,WEYMOUTH,May,13,Saturday,23,0,Urban,Low Speed (Local),No,42.21271667,-70.93561389,Non-Intersection,Dark - Lighted,Clear,11:00pm-11:59pm,11,11:00pm-11:59pm,16,11:00pm-11:59pm,35,1,Dark - Lighted,Clear,1,0,['Driver'],['None_Used'],0,0,Invalid,0.0,0.0,19.0,19.0,['Male'],1,0,5,4,3,Dry,Curve,Level,Lowest,No
17526,25,Massachusetts,250101,0,1,1,0,1,REHOBOTH,May,15,Monday,1,5,Urban,Medium Speed (Collector),No,41.86960556,-71.296975,Non-Intersection,Dark - Not Lighted,Clear,0:00am-0:59am,29,0:00am-0:59am,34,0:00am-0:59am,56,1,Dark - Unlighted,Clear,1,0,['Driver'],['None_Used'],1,1,Valid,0.0,0.0,30.0,30.0,['Male'],1,0,3,4,3,Dry,Curve,Level,Lowest,No
17527,25,Massachusetts,250102,0,1,1,0,1,DOVER,May,18,Thursday,17,51,Urban,High Speed (Arterial),Yes,42.20426111,-71.26081111,Non-Intersection,Daylight,Clear,5:00pm-5:59pm,51,6:00pm-6:59pm,1,6:00pm-6:59pm,29,1,Daylight,Clear,1,0,['Driver'],['None_Used'],0,0,Invalid,0.0,0.0,51.0,51.0,['Male'],0,0,3,4,3,Dry,Straight,Level,Lowest,No
17528,25,Massachusetts,250103,0,2,2,0,2,OXFORD,May,6,Saturday,21,47,Urban,High Speed (Arterial),Yes,42.15123056,-71.854325,Non-Intersection,Dark - Not Lighted,Clear,9:00pm-9:59pm,50,9:00pm-9:59pm,51,10:00pm-10:59pm,20,1,Dark - Unlighted,Clear,1,1,['Driver'],['None_Used'],1,1,Valid,4.0,2.0,46.0,34.0,"['Female', 'Male']",0,0,2,1,5,Dry,Curve,Grade/Hillcrest,Lowest,No
17529,25,Massachusetts,250104,0,2,2,0,2,PITTSFIELD,May,7,Sunday,5,3,Urban,High Speed (Arterial),Yes,42.47003056,-73.19551389,Non-Intersection,Dawn,Clear,5:00am-5:59am,5,5:00am-5:59am,12,5:00am-5:59am,32,1,Twilight,Clear,1,1,['Driver'],['Shoulder_Lapbelt'],1,1,Invalid,2.0,0.0,85.0,28.0,"['Male', 'Male']",0,0,3,4,5,Dry,Straight,Level,Lowest,No
17530,25,Massachusetts,250105,1,1,1,0,1,NORTH ANDOVER CENTER,May,7,Sunday,13,37,Urban,Medium Speed (Collector),No,42.68711111,-71.12031111,Non-Intersection,Daylight,Clear,1:00pm-1:59pm,38,1:00pm-1:59pm,39,1:00pm-1:59pm,56,1,Daylight,Clear,0,0,[],[],0,0,Valid,0.0,0.0,18.0,18.0,['Male'],0,0,2,4,4,Dry,Straight,Level,Medium,No
17531,25,Massachusetts,250106,1,1,1,0,1,ANDOVER,May,9,Tuesday,16,39,Urban,Medium Speed (Collector),No,42.65703333,-71.14073611,Complex/Circle,Daylight,Clear,5:00pm-5:59pm,14,5:00pm-5:59pm,15,5:00pm-5:59pm,38,1,Daylight,Clear,0,1,[],[],0,0,Valid,0.0,0.0,36.0,36.0,['Male'],0,0,4,1,4,Wet/Standing Water,Curve,Level,Lowest,No
17532,25,Massachusetts,250107,0,1,1,0,1,AMESBURY,May,12,Friday,1,16,Urban,Medium Speed (Collector),No,42.85280556,-70.91586389,Non-Intersection,Dark - Lighted,Clear,1:00am-1:59am,21,1:00am-1:59am,23,Not Applicable (Not Transported),Not Applicable (Not Transported),1,Dark - Lighted,Clear,1,0,['Driver'],['None_Used'],1,1,Valid,0.0,0.0,21.0,21.0,['Male'],1,0,5,4,3,Dry,Curve,Level,Lowest,No
17533,25,Massachusetts,250108,1,1,1,0,2,FITCHBURG,May,19,Friday,20,42,Urban,High Speed (Arterial),Yes,42.55810556,-71.77349167,Complex/Circle,Dark - Lighted,Clear,8:00pm-8:59pm,44,8:00pm-8:59pm,44,8:00pm-8:59pm,59,1,Dark - Lighted,Clear,0,2,[],[],0,0,Valid,0.0,0.0,68.0,68.0,['Male'],0,0,2,4,4,Dry,Straight,Level,Lowest,No
17534,25,Massachusetts,250109,1,1,1,0,2,NORTH READING,May,20,Saturday,14,2,Urban,Medium Speed (Collector),No,42.53717222,-71.08657222,Non-Intersection,Daylight,Rain,2:00pm-2:59pm,2,2:00pm-2:59pm,6,2:00pm-2:59pm,30,1,Daylight,Rain/Wind/Minor,0,2,[],[],0,0,Valid,0.0,0.0,19.0,19.0,['Female'],0,0,3,1,4,Wet/Standing Water,Straight,Level,Lowest,No
17535,25,Massachusetts,250110,0,1,1,0,1,HINSDALE,May,20,Saturday,20,30,Urban,Medium Speed (Collector),No,42.44716389,-73.14336111,Non-Intersection,Dusk,Rain,8:00pm-8:59pm,35,8:00pm-8:59pm,53,Not Applicable (Not Transported),Not Applicable (Not Transported),1,Twilight,Rain/Wind/Minor,1,0,['Driver'],['Shoulder_Lapbelt'],1,1,Invalid,0.0,0.0,33.0,33.0,['Male'],1,0,2,4,3,Wet/Standing Water,Straight,Level,Lowest,No
17536,25,Massachusetts,250111,0,2,2,0,3,GREENFIELD,May,2,Tuesday,12,29,Urban,Medium Speed (Collector),No,42.57091944,-72.58578889,Non-Intersection,Daylight,Rain,12:00pm-12:59pm,32,12:00pm-12:59pm,42,1:00pm-1:59pm,43,1,Daylight,Rain/Wind/Minor,1,2,['Front_Passenger'],['Shoulder_Lapbelt'],0,0,Valid,0.0,0.0,63.0,18.0,"['Male', 'Male']",1,0,3,4,5,Wet/Standing Water,Curve,Grade/Hillcrest,Lowest,No
17537,25,Massachusetts,250112,0,1,1,0,1,WEST SPRINGFIELD,May,23,Tuesday,6,25,Urban,High Speed (Arterial),Yes,42.13688889,-72.63111944,Non-Intersection,Daylight,Cloudy,6:00am-6:59am,37,6:00am-6:59am,45,Not Applicable (Not Transported),Not Applicable (Not Transported),1,Daylight,Reduced Visibility,1,0,['Driver'],['None_Used'],0,0,Valid,1.0,0.0,24.0,24.0,['Male'],1,0,5,4,2,Dry,Straight,Level,Lowest,No
17538,25,Massachusetts,250113,0,2,2,0,2,BOSTON,May,24,Wednesday,23,54,Urban,Medium Speed (Collector),No,42.24942778,-71.12305278,Non-Intersection,Dark - Lighted,Clear,11:00pm-11:59pm,53,11:00pm-11:59pm,59,Unknown,Unknown EMS Hospital Arrival Time,1,Dark - Lighted,Clear,1,1,['Driver'],['Shoulder_Lapbelt'],1,1,Valid,3.0,0.0,60.0,54.0,"['Male', 'Male']",1,0,2,4,5,Dry,Straight,Level,Lowest,No
17539,25,Massachusetts,250114,0,1,1,0,1,MEDFORD,May,26,Friday,23,34,Urban,High Speed (Arterial),Yes,42.41848889,-71.10681389,Non-Intersection,Dark - Lighted,Clear,11:00pm-11:59pm,37,11:00pm-11:59pm,42,0:00am-0:59am,8,1,Dark - Lighted,Clear,1,0,['Driver'],['None_Used'],1,1,Valid,0.0,2.0,37.0,37.0,['Male'],0,0,5,4,3,Dry,Straight,Level,Lowest,No
17540,25,Massachusetts,250115,1,1,1,0,1,EVERETT,May,28,Sunday,3,11,Urban,Medium Speed (Collector),No,42.41010833,-71.04328889,Simple Junction,Dark - Lighted,Clear,3:00am-3:59am,16,3:00am-3:59am,20,4:00am-4:59am,14,1,Dark - Lighted,Clear,0,1,[],[],0,0,Valid,0.0,0.0,29.0,29.0,['Male'],0,0,3,1,4,Dry,Straight,Level,Lowest,No
17541,25,Massachusetts,250116,0,1,1,0,3,CHICOPEE,May,28,Sunday,3,40,Urban,High Speed (Arterial),Yes,42.17699722,-72.60810833,Non-Intersection,Dark - Lighted,Clear,3:00am-3:59am,41,3:00am-3:59am,45,Unknown,Unknown EMS Hospital Arrival Time,3,Dark - Lighted,Clear,3,0,"['Driver', 'Front_Passenger', 'Rear_Seat']","['Shoulder_Lapbelt', 'Shoulder_Lapbelt', 'Shoulder_Lapbelt']",1,1,Invalid,0.0,0.0,24.0,24.0,['Male'],0,0,2,4,3,Dry,Straight,Level,Medium,No
17542,25,Massachusetts,250117,0,1,1,0,1,LAKEVILLE,May,28,Sunday,22,28,Urban,Medium Speed (Collector),No,41.79475833,-70.98756111,Non-Intersection,Dark - Not Lighted,Clear,10:00pm-10:59pm,30,10:00pm-10:59pm,37,11:00pm-11:59pm,6,1,Dark - Unlighted,Clear,1,0,['Driver'],['None_Used'],0,0,Valid,1.0,0.0,66.0,66.0,['Male'],1,0,5,4,2,Dry,Curve,Level,Lowest,No
17543,25,Massachusetts,250118,0,1,1,0,1,YARMOUTH,May,28,Sunday,22,50,Urban,High Speed (Arterial),Yes,41.69055278,-70.20682222,Non-Intersection,Dark - Lighted,Clear,10:00pm-10:59pm,52,11:00pm-11:59pm,13,11:00pm-11:59pm,46,1,Dark - Lighted,Clear,1,0,['Driver'],['Shoulder_Lapbelt'],0,0,Valid,1.0,1.0,73.0,73.0,['Male'],1,0,2,4,2,Dry,Straight,Level,Lowest,No
17544,25,Massachusetts,250119,0,1,1,0,1,NOT APPLICABLE,June,7,Wednesday,14,40,Urban,High Speed (Arterial),Yes,42.31895556,-71.09531944,Simple Junction,Daylight,Clear,2:00pm-2:59pm,40,2:00pm-2:59pm,45,3:00pm-3:59pm,0,1,Daylight,Clear,1,0,['Driver'],['None_Used'],1,1,Invalid,0.0,0.0,51.0,51.0,['Male'],0,0,5,1,3,Dry,Straight,Level,Lowest,No
17545,25,Massachusetts,250120,0,2,2,0,2,SALEM,June,8,Thursday,23,18,Urban,High Speed (Arterial),Yes,42.49695833,-70.93146944,Non-Intersection,Dark - Lighted,Cloudy,11:00pm-11:59pm,15,11:00pm-11:59pm,24,Unknown,Unknown EMS Hospital Arrival Time,1,Dark - Lighted,Reduced Visibility,1,1,['Driver'],['None_Used'],1,1,Valid,1.0,0.0,29.0,20.0,"['Male', 'Male']",1,0,5,4,5,Dry,Straight,Level,Lowest,No
17546,25,Massachusetts,250121,0,2,2,0,2,STURBRIDGE,May,26,Friday,14,40,Urban,High Speed (Arterial),Yes,42.10524167,-72.07592222,Simple Junction,Daylight,Clear,2:00pm-2:59pm,40,2:00pm-2:59pm,40,3:00pm-3:59pm,21,1,Daylight,Clear,1,1,['Driver'],['None_Used'],0,0,Valid,0.0,0.0,84.0,67.0,"['Female', 'Male']",0,0,3,4,5,Dry,Straight,Level,Lowest,No
17547,25,Massachusetts,250122,0,1,1,0,1,BOXFORD,June,2,Friday,16,3,Urban,High Speed (Arterial),Yes,42.68745,-70.98321667,Non-Intersection,Daylight,Cloudy,4:00pm-4:59pm,8,4:00pm-4:59pm,22,Not Applicable (Not Transported),Not Applicable (Not Transported),1,Daylight,Reduced Visibility,1,0,['Driver'],['None_Used'],1,1,Valid,0.0,0.0,57.0,57.0,['Male'],0,0,2,4,3,Dry,Straight,Level,Lowest,No
17548,25,Massachusetts,250123,1,1,1,0,1,SPRINGFIELD,June,15,Thursday,16,56,Urban,Medium Speed (Collector),No,42.13698333,-72.5696,Non-Intersection,Daylight,Clear,4:00pm-4:59pm,58,5:00pm-5:59pm,4,5:00pm-5:59pm,41,1,Daylight,Clear,0,1,[],[],0,0,Valid,0.0,0.0,21.0,21.0,['Male'],0,0,2,4,4,Dry,Straight,Level,Lowest,No
17549,25,Massachusetts,250124,1,2,1,1,1,LANCASTER,June,19,Monday,1,41,Urban,High Speed (Arterial),Yes,42.47611111,-71.72361111,Non-Intersection,Dark - Not Lighted,Clear,1:00am-1:59am,44,1:00am-1:59am,56,Not Applicable (Not Transported),Not Applicable (Not Transported),1,Dark - Unlighted,Clear,0,1,[],[],0,0,Valid,0.0,1.0,36.0,36.0,['Male'],0,0,4,1,5,Dry,Straight,Level,Lowest,No
17550,25,Massachusetts,250125,0,2,2,0,2,WINCHENDON,June,19,Monday,17,38,Urban,High Speed (Arterial),Yes,42.66881944,-72.01710556,Non-Intersection,Daylight,Clear,5:00pm-5:59pm,48,6:00pm-6:59pm,12,6:00pm-6:59pm,49,1,Daylight,Clear,1,1,['Driver'],['Shoulder_Lapbelt'],0,0,Valid,1.0,0.0,66.0,27.0,"['Male', 'Female']",0,0,3,4,5,Dry,Curve,Level,Medium,No
17551,25,Massachusetts,250126,0,1,1,0,2,MANCHESTER,June,20,Tuesday,7,19,Urban,High Speed (Arterial),Yes,42.59363333,-70.75399444,Non-Intersection,Daylight,Cloudy,7:00am-7:59am,21,7:00am-7:59am,26,8:00am-8:59am,38,2,Daylight,Reduced Visibility,2,0,"['Driver', 'Front_Passenger']","['Shoulder_Lapbelt', 'Shoulder_Lapbelt']",0,0,Invalid,0.0,0.0,26.0,26.0,['Male'],2,0,2,4,3,Dry,Straight,Level,Lowest,No
17552,25,Massachusetts,250127,0,1,1,0,1,LENOX,June,21,Wednesday,11,56,Urban,Low Speed (Local),No,42.35561389,-73.26487778,Simple Junction,Daylight,Clear,10:00am-10:59am,0,10:00am-10:59am,2,10:00am-10:59am,25,1,Daylight,Clear,1,0,['Driver'],['None_Used'],0,0,Valid,0.0,0.0,81.0,81.0,['Male'],0,0,3,4,3,Dry,Straight,Level,Medium,No
17553,25,Massachusetts,250128,0,2,2,0,4,CHARLTON DEPOT,May,5,Friday,21,46,Urban,High Speed (Arterial),Yes,42.14578889,-71.98696111,Complex/Circle,Dark - Lighted,Clear,9:00pm-9:59pm,49,9:00pm-9:59pm,52,10:00pm-10:59pm,21,1,Dark - Lighted,Clear,1,3,['Front_Passenger'],['Shoulder_Lapbelt'],1,1,Valid,1.0,0.0,44.0,21.0,"['Male', 'Female']",0,0,3,1,5,Dry,Straight,Level,Lowest,No
17554,25,Massachusetts,250129,0,4,4,0,7,BERKLEY,June,22,Thursday,14,0,Urban,High Speed (Arterial),Yes,41.84739444,-71.06251944,Non-Intersection,Daylight,Clear,2:00pm-2:59pm,0,2:00pm-2:59pm,10,2:00pm-2:59pm,37,1,Daylight,Clear,1,6,['Driver'],['Shoulder_Lapbelt'],0,0,Valid,0.0,0.0,63.0,31.0,"['Male', 'Male', 'Male', 'Female']",0,0,3,1,5,Dry,Straight,Level,Lowest,No
17555,25,Massachusetts,250130,0,1,1,0,1,DRACUT,June,24,Saturday,0,6,Urban,Medium Speed (Collector),No,42.670475,-71.32729167,Non-Intersection,Dark - Lighted,Clear,0:00am-0:59am,10,0:00am-0:59am,11,0:00am-0:59am,33,1,Dark - Lighted,Clear,1,0,['Driver'],['None_Used'],1,1,Valid,0.0,0.0,23.0,23.0,['Male'],0,0,5,4,3,Dry,Curve,Level,Lowest,No
17556,25,Massachusetts,250131,0,2,2,0,4,LYNN,June,24,Saturday,14,13,Urban,High Speed (Arterial),Yes,42.47363333,-70.98750556,Simple Junction,Daylight,Clear,2:00pm-2:59pm,14,2:00pm-2:59pm,24,2:00pm-2:59pm,46,1,Daylight,Clear,1,3,['Driver'],['None_Used'],0,0,Valid,0.0,0.0,30.0,24.0,"['Female', 'Male']",1,0,5,4,5,Dry,Straight,Level,Lowest,No
17557,25,Massachusetts,250132,1,1,1,0,2,NEWBURYPORT,June,24,Saturday,21,1,Urban,Medium Speed (Collector),No,42.81866667,-70.90416111,Non-Intersection,Dark - Lighted,Clear,8:00pm-8:59pm,59,9:00pm-9:59pm,8,Unknown,Unknown EMS Hospital Arrival Time,1,Dark - Lighted,Clear,0,2,[],[],0,0,Valid,0.0,0.0,75.0,75.0,['Male'],0,0,3,1,4,Dry,Straight,Level,Lowest,No
17558,25,Massachusetts,250133,0,2,2,0,3,GILL,June,30,Friday,16,0,Urban,High Speed (Arterial),Yes,42.60863889,-72.53538056,Non-Intersection,Daylight,Cloudy,4:00pm-4:59pm,2,4:00pm-4:59pm,17,4:00pm-4:59pm,35,1,Daylight,Reduced Visibility,1,2,['Driver'],['Shoulder_Lapbelt'],0,0,Valid,0.0,0.0,63.0,57.0,"['Female', 'Male']",0,0,2,4,5,Dry,Straight,Level,Lowest,No
17559,25,Massachusetts,250134,0,2,2,0,2,PALMER,June,13,Tuesday,14,21,Urban,High Speed (Arterial),Yes,42.18791111,-72.34893889,Non-Intersection,Daylight,Cloudy,2:00pm-2:59pm,26,2:00pm-2:59pm,28,Not Applicable (Not Transported),Not Applicable (Not Transported),1,Daylight,Reduced Visibility,1,1,['Driver'],['Shoulder_Lapbelt'],0,0,Valid,0.0,0.0,41.0,16.0,"['Female', 'Male']",0,0,4,4,5,Dry,Straight,Non-Trafficway,Lowest,No
17560,25,Massachusetts,250135,0,1,1,0,1,FRANKLIN,June,12,Monday,21,6,Urban,Low Speed (Local),No,42.11140278,-71.38171389,Non-Intersection,Dark - Lighted,Rain,9:00pm-9:59pm,7,9:00pm-9:59pm,13,Not Applicable (Not Transported),Not Applicable (Not Transported),1,Dark - Lighted,Rain/Wind/Minor,1,0,['Driver'],['Shoulder_Lapbelt'],0,0,Valid,0.0,0.0,16.0,16.0,['Male'],1,0,3,4,3,Wet/Standing Water,Straight,Level,Lowest,No
17561,25,Massachusetts,250136,0,2,2,0,3,GRANBY,July,1,Saturday,1,13,Urban,Medium Speed (Collector),No,42.24108056,-72.537575,Non-Intersection,Dark - Not Lighted,Cloudy,1:00am-1:59am,15,1:00am-1:59am,20,1:00am-1:59am,48,1,Dark - Unlighted,Reduced Visibility,1,2,['Front_Passenger'],['None_Used'],1,1,Valid,0.0,0.0,74.0,30.0,"['Male', 'Male']",2,0,3,4,5,Dry,Curve,Level,Lowest,No
17562,25,Massachusetts,250137,1,1,1,0,1,ESSEX,July,1,Saturday,17,6,Urban,Low Speed (Local),No,42.83085833,-70.99983889,Non-Intersection,Daylight,Clear,5:00pm-5:59pm,8,5:00pm-5:59pm,10,5:00pm-5:59pm,46,1,Daylight,Clear,0,1,[],[],0,0,Valid,1.0,0.0,17.0,17.0,['Male'],0,0,3,4,4,Dry,Straight,Level,Lowest,No
17563,25,Massachusetts,250138,0,1,1,0,2,BOSTON,July,3,Monday,15,40,Urban,High Speed (Arterial),Yes,42.3403,-71.10993889,Non-Intersection,Daylight,Clear,3:00pm-3:59pm,41,3:00pm-3:59pm,47,3:00pm-3:59pm,57,1,Daylight,Clear,1,1,['Rear_Seat'],['None_Used'],0,0,Invalid,1.0,0.0,39.0,39.0,['Male'],2,0,3,4,3,Dry,Straight,Level,Lowest,No
17564,25,Massachusetts,250139,0,1,1,0,1,FALMOUTH,July,4,Tuesday,7,58,Urban,Medium Speed (Collector),No,41.57280833,-70.63892222,Non-Intersection,Daylight,Rain,8:00am-8:59am,9,8:00am-8:59am,16,Not Applicable (Not Transported),Not Applicable (Not Transported),1,Daylight,Rain/Wind/Minor,1,0,['Driver'],['Shoulder_Lapbelt'],0,0,Valid,0.0,0.0,70.0,70.0,['Male'],0,0,3,4,3,Wet/Standing Water,Curve,Level,Lowest,No
17565,25,Massachusetts,250140,1,1,1,0,2,GARDNER,July,6,Thursday,19,16,Urban,Medium Speed (Collector),No,42.56388889,-72.00527778,Non-Intersection,Daylight,Cloudy,7:00pm-7:59pm,16,7:00pm-7:59pm,22,Not Applicable (Not Transported),Not Applicable (Not Transported),1,Daylight,Reduced Visibility,0,2,[],[],0,0,Valid,0.0,0.0,35.0,35.0,['Female'],0,0,3,1,4,Dry,Straight,Level,Lowest,No
17566,25,Massachusetts,250141,0,1,1,0,1,NORFOLK,July,7,Friday,10,31,Urban,Medium Speed (Collector),No,42.12041389,-71.31077222,Non-Intersection,Daylight,Clear,10:00am-10:59am,33,10:00am-10:59am,35,11:00am-11:59am,48,1,Daylight,Clear,1,0,['Driver'],['None_Used'],0,0,Invalid,0.0,0.0,54.0,54.0,['Female'],0,0,2,4,3,Dry,Straight,Level,Lowest,No
17567,25,Massachusetts,250142,0,2,2,0,2,SPRINGFIELD,July,7,Friday,14,7,Urban,High Speed (Arterial),Yes,42.12138889,-72.60911944,Non-Intersection,Daylight,Clear,2:00pm-2:59pm,11,2:00pm-2:59pm,15,2:00pm-2:59pm,41,1,Daylight,Clear,1,1,['Driver'],['None_Used'],0,0,Invalid,0.0,0.0,42.0,23.0,"['Male', 'Male']",1,0,5,1,5,Dry,Straight,Level,Lowest,No
17568,25,Massachusetts,250143,0,3,3,0,3,NOT APPLICABLE,July,8,Saturday,2,28,Urban,High Speed (Arterial),Yes,41.86904444,-71.0565,Non-Intersection,Dark - Not Lighted,Clear,2:00am-2:59am,35,2:00am-2:59am,47,3:00am-3:59am,26,1,Dark - Unlighted,Clear,1,2,['Driver'],['None_Used'],1,2,Valid,1.0,1.0,39.0,30.0,"['Male', 'Male', 'Male']",0,0,5,4,5,Dry,Straight,Level,Lowest,No
17569,25,Massachusetts,250144,0,2,2,0,2,BOSTON,July,11,Tuesday,9,37,Urban,Medium Speed (Collector),No,42.32076111,-71.08181667,Complex/Circle,Daylight,Clear,9:00am-9:59am,37,9:00am-9:59am,39,9:00am-9:59am,53,1,Daylight,Clear,1,1,['Driver'],['None_Used'],0,0,Invalid,1.0,0.0,70.0,57.0,"['Male', 'Male']",0,0,5,1,5,Dry,Straight,Level,Lowest,No
17570,25,Massachusetts,250145,0,2,2,0,2,PLYMPTON,July,11,Tuesday,14,7,Rural,Medium Speed (Collector),No,41.95740833,-70.81542778,Simple Junction,Daylight,Clear,2:00pm-2:59pm,7,2:00pm-2:59pm,9,Unknown,Unknown EMS Hospital Arrival Time,1,Daylight,Clear,1,1,['Driver'],['None_Used'],0,0,Valid,0.0,0.0,80.0,54.0,"['Male', 'Male']",0,0,3,4,5,Dry,Curve,Level,Lowest,No
17571,25,Massachusetts,250146,0,1,1,0,1,CHARLTON CITY,May,27,Saturday,23,21,Rural,Medium Speed (Collector),No,42.131,-71.93051944,Non-Intersection,Dark - Lighted,Clear,11:00pm-11:59pm,21,11:00pm-11:59pm,30,11:00pm-11:59pm,32,1,Dark - Lighted,Clear,1,0,['Driver'],['Shoulder_Lapbelt'],0,0,Valid,0.0,0.0,17.0,17.0,['Male'],1,0,2,4,3,Dry,Curve,Grade/Hillcrest,Lowest,No
17572,25,Massachusetts,250147,0,5,5,0,5,BROCKTON,July,13,Thursday,23,39,Urban,High Speed (Arterial),Yes,42.09718889,-71.05827222,Non-Intersection,Dark - Not Lighted,Rain,11:00pm-11:59pm,45,11:00pm-11:59pm,50,0:00am-0:59am,1,1,Dark - Unlighted,Rain/Wind/Minor,1,4,['Driver'],['None_Used'],0,0,Valid,1.0,1.0,53.0,16.0,"['Male', 'Male', 'Male', 'Male', 'Male']",0,0,5,4,5,Wet/Standing Water,Straight,Level,Lowest,No
17573,25,Massachusetts,250148,0,2,2,0,6,WAREHAM,July,15,Saturday,22,52,Urban,Medium Speed (Collector),No,41.75888611,-70.72743611,Simple Junction,Dark - Lighted,Cloudy,10:00pm-10:59pm,52,10:00pm-10:59pm,56,11:00pm-11:59pm,14,2,Dark - Lighted,Reduced Visibility,2,4,"['Driver', 'Rear_Seat']","['None_Used', 'None_Used']",0,0,Valid,0.0,0.0,36.0,17.0,"['Male', 'Male']",0,0,5,4,5,Dry,Straight,Level,Lowest,No
17574,25,Massachusetts,250149,0,1,1,0,4,RANDOLPH,July,18,Tuesday,22,25,Urban,High Speed (Arterial),Yes,42.18048333,-71.051625,Non-Intersection,Dark - Lighted,Clear,10:00pm-10:59pm,29,10:00pm-10:59pm,31,11:00pm-11:59pm,0,2,Dark - Lighted,Clear,2,2,"['Driver', 'Front_Passenger']","['Shoulder_Lapbelt', 'None_Used']",0,0,Valid,0.0,0.0,18.0,18.0,['Male'],4,0,2,4,3,Dry,Straight,Level,Lowest,No
17575,25,Massachusetts,250150,0,1,1,0,1,NEW SALEM,July,19,Wednesday,11,51,Rural,Medium Speed (Collector),Yes,42.51843611,-72.267775,Non-Intersection,Daylight,Cloudy,11:00am-11:59am,57,12:00pm-12:59pm,11,Not Applicable (Not Transported),Not Applicable (Not Transported),1,Daylight,Reduced Visibility,1,0,['Driver'],['Shoulder_Lapbelt'],0,0,Valid,0.0,0.0,75.0,75.0,['Male'],0,0,3,4,1,Dry,Curve,Level,Lowest,No
17576,25,Massachusetts,250151,0,1,1,0,1,THREE RIVERS,July,21,Friday,22,32,Urban,Medium Speed (Collector),No,42.179925,-72.38502778,Non-Intersection,Dark - Lighted,Clear,10:00pm-10:59pm,39,10:00pm-10:59pm,43,Not Applicable (Not Transported),Not Applicable (Not Transported),1,Dark - Lighted,Clear,1,0,['Driver'],['Shoulder_Lapbelt'],1,1,Valid,1.0,0.0,25.0,25.0,['Female'],0,0,2,4,3,Wet/Standing Water,Curve,Level,Lowest,No
17577,25,Massachusetts,250152,0,1,1,0,1,GLOUCESTER,July,25,Tuesday,12,22,Urban,Low Speed (Local),No,42.67884167,-70.65739167,Simple Junction,Daylight,Clear,12:00pm-12:59pm,22,12:00pm-12:59pm,26,1:00pm-1:59pm,19,1,Daylight,Clear,1,0,['Driver'],['None_Used'],0,0,Valid,0.0,0.0,64.0,64.0,['Male'],0,0,5,4,2,Dry,Curve,Level,Lowest,No
17578,25,Massachusetts,250153,0,1,1,0,1,BOSTON,July,16,Sunday,23,41,Urban,High Speed (Arterial),Yes,42.35738889,-71.16586944,Non-Intersection,Dark - Lighted,Rain,11:00pm-11:59pm,44,11:00pm-11:59pm,52,0:00am-0:59am,15,1,Dark - Lighted,Rain/Wind/Minor,1,0,['Driver'],['None_Used'],0,0,Valid,0.0,0.0,73.0,73.0,['Male'],0,0,3,4,2,Wet/Standing Water,Straight,Level,Lowest,No