,State_Code,State_Name,Crash_ID,Count_Non_Motorists,Count_Vehicles_Total,Count_Vehicle_Forms,Count_PVH_Involved,Count_Occupants_MV,City_Name,Month_Name,Day_of_Month,Day_of_Week,Crash_Hour,Crash_Minute,Area_Rural_Urban,Road_Functional_Class,On_NHS_Road,Latitude,Longitude,Intersection_Type,Light_Condition,Weather_Condition,Notif_Hour,Notif_Minute,Arrival_Hour,Arrival_Minute,Hospital_Hour,Hospital_Minute,Fatalities_Count,Clean_Light_Condition,Clean_Weather_Condition,Total_Killed,Total_Alive,Fatal_Seats_List,Killed_Restraint_List,Any_Driver_Drinking,Total_Drinking_Drivers,Driver_License_Category,Driver_Max_Prev_Accident_Count,Driver_Max_Prev_Speeding_Count,Max_Driver_Age,Min_Driver_Age,Driver_Sex_List,Total_Exceeding_Limit_Vehicles,Total_Too_Fast_Vehicles,Max_Vehicle_Type_Severity_5,Max_Vehicle_Damage_Rank,Max_Harmful_Event_Severity,Crash_Road_Surface_Condition,Crash_Horizontal_Alignment,Crash_Vertical_Profile,Crash_Impairment_Category,Crash_Vehicle_Defect
17579,25,Massachusetts,250154,0,1,1,0,1,WINCHESTER,July,17,Monday,6,15,Urban,High Speed (Arterial),Yes,42.46503889,-71.14545556,Non-Intersection,Daylight,Clear,6:00am-6:59am,12,6:00am-6:59am,18,6:00am-6:59am,32,1,Daylight,Clear,1,0,['Driver'],['Shoulder_Lapbelt'],0,0,Valid,2.0,0.0,70.0,70.0,['Male'],0,0,2,1,3,Dry,Straight,Level,Lowest,No
17580,25,Massachusetts,250155,1,1,1,0,1,QUINCY,July,23,Sunday,15,50,Urban,Medium Speed (Collector),No,42.25185,-70.99734722,Complex/Circle,Daylight,Clear,3:00pm-3:59pm,54,3:00pm-3:59pm,55,4:00pm-4:59pm,16,1,Daylight,Clear,0,1,[],[],0,0,Invalid,0.0,0.0,31.0,31.0,['Female'],0,0,2,4,4,Dry,Straight,Level,Lowest,No
17581,25,Massachusetts,250156,1,1,1,0,1,MIDDLEBOROUGH,May,14,Sunday,19,25,Urban,Medium Speed (Collector),No,41.88418889,-70.91219444,Complex/Circle,Dusk,Clear,7:00pm-7:59pm,23,7:00pm-7:59pm,26,7:00pm-7:59pm,32,1,Twilight,Clear,0,1,[],[],0,0,Valid,1.0,0.0,49.0,49.0,['Male'],0,0,2,1,4,Dry,Straight,Level,Lowest,No
17582,25,Massachusetts,250157,0,2,2,0,3,BROCKTON,May,28,Sunday,0,30,Urban,High Speed (Arterial),Yes,42.08947778,-71.04185278,Non-Intersection,Dark - Lighted,Clear,0:00am-0:59am,38,0:00am-0:59am,40,1:00am-1:59am,5,1,Dark - Lighted,Clear,1,2,['Front_Passenger'],['None_Used'],0,0,Valid,0.0,0.0,39.0,25.0,"['Female', 'Male']",1,0,2,4,5,Dry,Straight,Level,Lowest,No
17583,25,Massachusetts,250159,0,2,2,0,2,LUDLOW,June,11,Sunday,18,21,Urban,Low Speed (Local),No,42.18398056,-72.4525,Non-Intersection,Daylight,Cloudy,6:00pm-6:59pm,22,6:00pm-6:59pm,26,6:00pm-6:59pm,51,1,Daylight,Reduced Visibility,1,1,['Driver'],['None_Used'],1,1,Invalid,0.0,1.0,53.0,49.0,"['Male', 'Male']",2,0,5,4,3,Dry,Curve,Level,Lowest,No
17584,25,Massachusetts,250160,0,1,1,0,1,DUDLEY,June,16,Friday,1,26,Urban,Medium Speed (Collector),No,42.03815278,-71.89186389,Non-Intersection,Dark - Lighted,Clear,1:00am-1:59am,33,1:00am-1:59am,40,2:00am-2:59am,13,1,Dark - Lighted,Clear,1,0,['Driver'],['Shoulder_Lapbelt'],1,1,Valid,0.0,0.0,28.0,28.0,['Male'],1,0,3,4,2,Dry,Straight,Level,Lowest,No
17585,25,Massachusetts,250161,0,2,2,0,2,WEST NEWBURY,July,13,Thursday,19,47,Urban,High Speed (Arterial),Yes,42.78443611,-70.88065833,Non-Intersection,Daylight,Cloudy,7:00pm-7:59pm,48,7:00pm-7:59pm,55,8:00pm-8:59pm,29,1,Daylight,Reduced Visibility,1,0,['Driver'],['None_Used'],1,2,Valid,0.0,0.0,63.0,55.0,"['Male', 'Male']",1,0,5,4,5,Dry,Straight,Level,Lowest,No
17586,25,Massachusetts,250162,0,2,2,0,2,METHUEN,August,9,Wednesday,20,26,Urban,Medium Speed (Collector),No,42.72200278,-71.19455,Simple Junction,Dusk,Clear,8:00pm-8:59pm,29,8:00pm-8:59pm,30,8:00pm-8:59pm,58,1,Twilight,Clear,1,1,['Driver'],['None_Used'],0,0,Valid,1.0,0.0,59.0,28.0,"['Male', 'Male']",1,0,5,4,5,Dry,Straight,Level,Lowest,No
17587,25,Massachusetts,250163,0,2,2,0,5,WILMINGTON,July,16,Sunday,19,21,Urban,High Speed (Arterial),Yes,42.54856111,-71.13670278,Non-Intersection,Daylight,Rain,7:00pm-7:59pm,26,7:00pm-7:59pm,32,7:00pm-7:59pm,49,1,Daylight,Rain/Wind/Minor,1,4,['Front_Passenger'],['Shoulder_Lapbelt'],1,1,Valid,0.0,0.0,41.0,40.0,"['Male', 'Male']",3,0,3,4,5,Wet/Standing Water,Straight,Level,Lowest,No
17588,25,Massachusetts,250164,0,1,1,0,1,BRIMFIELD,July,18,Tuesday,10,43,Rural,Medium Speed (Collector),No,42.09487778,-72.14876389,Non-Intersection,Daylight,Clear,10:00am-10:59am,46,10:00am-10:59am,53,11:00am-11:59am,35,1,Daylight,Clear,1,0,['Driver'],['None_Used'],0,0,Valid,0.0,0.0,39.0,39.0,['Male'],1,0,1,1,3,Dry,Straight,Level,Lowest,No
17589,25,Massachusetts,250165,0,1,1,0,1,MARSHFIELD,July,19,Wednesday,6,46,Urban,High Speed (Arterial),Yes,42.1184,-70.73910833,Non-Intersection,Daylight,Clear,6:00am-6:59am,47,6:00am-6:59am,50,Not Applicable (Not Transported),Not Applicable (Not Transported),1,Daylight,Clear,1,0,['Driver'],['Shoulder_Lapbelt'],0,0,Valid,2.0,0.0,57.0,57.0,['Female'],0,0,3,4,3,Dry,Straight,Level,Lowest,No
17590,25,Massachusetts,250166,1,1,1,0,1,BOSTON,July,18,Tuesday,21,30,Urban,Medium Speed (Collector),No,42.26825556,-71.11131389,Non-Intersection,Dark - Lighted,Clear,9:00pm-9:59pm,30,9:00pm-9:59pm,34,10:00pm-10:59pm,45,1,Dark - Lighted,Clear,0,1,[],[],0,0,Valid,0.0,0.0,30.0,30.0,['Male'],0,0,2,1,4,Dry,Straight,Level,Lowest,No
17591,25,Massachusetts,250167,0,3,3,0,3,ABINGTON,July,25,Tuesday,9,31,Urban,High Speed (Arterial),Yes,42.12958611,-70.94999167,Non-Intersection,Daylight,Clear,9:00am-9:59am,31,9:00am-9:59am,33,9:00am-9:59am,45,1,Daylight,Clear,1,2,['Driver'],['None_Used'],0,0,Valid,2.0,1.0,79.0,49.0,"['Female', 'Male', 'Female']",0,0,5,1,5,Dry,Straight,Non-Trafficway,Lowest,No
17592,25,Massachusetts,250168,0,2,2,0,3,NORTH DARTMOUTH,July,9,Sunday,15,50,Urban,Medium Speed (Collector),No,41.61885,-70.99886667,Non-Intersection,Daylight,Cloudy,3:00pm-3:59pm,52,3:00pm-3:59pm,57,4:00pm-4:59pm,36,1,Daylight,Reduced Visibility,1,2,['Driver'],['None_Used'],0,0,Valid,0.0,0.0,82.0,75.0,"['Male', 'Male']",0,0,3,4,5,Dry,Straight,Level,Lowest,No
17593,25,Massachusetts,250169,0,8,8,0,18,LONGMEADOW,May,7,Sunday,2,55,Urban,High Speed (Arterial),Yes,42.02775,-72.59016389,Non-Intersection,Dark - Lighted,Clear,2:00am-2:59am,56,3:00am-3:59am,4,Unknown,Unknown EMS Hospital Arrival Time,1,Dark - Lighted,Clear,1,16,['Front_Passenger'],['None_Used'],1,1,Valid,1.0,2.0,71.0,19.0,"['Male', 'Male', 'Male', 'Female', 'Female', 'Female', 'Male', 'Male']",4,0,3,4,5,Dry,Curve,Level,Lowest,No
17594,25,Massachusetts,250170,0,1,1,0,1,TOWN OF DIGHTON,July,2,Sunday,3,41,Urban,Medium Speed (Collector),No,41.89371389,-71.07281111,Non-Intersection,Dark - Lighted,Clear,3:00am-3:59am,45,3:00am-3:59am,49,4:00am-4:59am,24,1,Dark - Lighted,Clear,1,0,['Driver'],['Shoulder_Lapbelt'],1,1,Valid,0.0,1.0,24.0,24.0,['Male'],0,0,2,4,3,Dry,Curve,Level,Lowest,No
17595,25,Massachusetts,250171,1,1,1,0,1,CHELSEA,March,31,Friday,20,30,Urban,High Speed (Arterial),Yes,42.40307222,-71.01843611,Non-Intersection,Dark - Lighted,Rain,8:00pm-8:59pm,31,8:00pm-8:59pm,37,9:00pm-9:59pm,5,1,Dark - Lighted,Rain/Wind/Minor,0,0,[],[],0,0,Valid,0.0,0.0,45.0,45.0,['Female'],0,0,3,1,4,Wet/Standing Water,Straight,Level,Lowest,No
17596,25,Massachusetts,250172,0,1,1,0,1,RANDOLPH,August,17,Thursday,7,42,Urban,High Speed (Arterial),Yes,42.14621667,-71.06639722,Non-Intersection,Daylight,Clear,7:00am-7:59am,40,7:00am-7:59am,48,8:00am-8:59am,20,1,Daylight,Clear,1,0,['Driver'],['None_Used'],0,0,Valid,1.0,1.0,65.0,65.0,['Male'],0,0,3,4,3,Dry,Straight,Level,Lowest,No
17597,25,Massachusetts,250173,0,2,2,0,4,MALDEN,July,27,Thursday,14,30,Urban,High Speed (Arterial),Yes,42.43090833,-71.03993611,Non-Intersection,Daylight,Cloudy,2:00pm-2:59pm,38,2:00pm-2:59pm,54,3:00pm-3:59pm,21,1,Daylight,Reduced Visibility,1,3,['Driver'],['None_Used'],0,0,Valid,0.0,1.0,50.0,22.0,"['Female', 'Male']",0,0,5,4,5,Dry,Straight,Level,Lowest,No
17598,25,Massachusetts,250174,0,2,2,0,4,MANSFIELD,April,15,Saturday,8,31,Urban,Medium Speed (Collector),No,42.02911667,-71.20294167,Non-Intersection,Daylight,Clear,8:00am-8:59am,31,8:00am-8:59am,34,9:00am-9:59am,15,1,Daylight,Clear,1,3,['Rear_Seat'],['Shoulder_Lapbelt'],0,0,Valid,1.0,0.0,58.0,17.0,"['Male', 'Female']",0,0,3,4,5,Dry,Straight,Level,Lowest,No
17599,25,Massachusetts,250175,1,1,1,0,2,HOLYOKE,August,2,Wednesday,21,27,Urban,Medium Speed (Collector),No,42.16373889,-72.63298889,Non-Intersection,Dark - Not Lighted,Clear,9:00pm-9:59pm,27,9:00pm-9:59pm,34,9:00pm-9:59pm,52,1,Dark - Unlighted,Clear,0,2,[],[],0,0,Valid,0.0,0.0,44.0,44.0,['Female'],0,0,3,1,4,Dry,Straight,Level,Lowest,No
17600,25,Massachusetts,250176,0,2,2,0,5,TOPSFIELD,July,28,Friday,16,17,Urban,High Speed (Arterial),Yes,42.60904444,-70.97213056,Non-Intersection,Daylight,Clear,4:00pm-4:59pm,18,4:00pm-4:59pm,25,Unknown,Unknown EMS Hospital Arrival Time,1,Daylight,Clear,1,4,['Rear_Seat'],['None_Used'],0,0,Invalid,0.0,0.0,52.0,32.0,"['Male', 'Male']",0,0,3,4,5,Dry,Straight,Level,Lowest,No
17601,25,Massachusetts,250177,0,2,2,0,3,WEYMOUTH,August,5,Saturday,5,5,Urban,High Speed (Arterial),Yes,42.19927222,-70.96886111,Non-Intersection,Dark - Not Lighted,Cloudy,5:00am-5:59am,0,5:00am-5:59am,1,Unknown,Unknown EMS Hospital Arrival Time,1,Dark - Unlighted,Reduced Visibility,1,2,['Driver'],['None_Used'],0,0,Valid,2.0,0.0,67.0,60.0,"['Female', 'Male']",0,0,3,1,5,Dry,Straight,Level,Lowest,No
17602,25,Massachusetts,250178,0,3,3,0,3,NORTH ATTLEBORO,August,5,Saturday,14,13,Urban,Medium Speed (Collector),No,41.96133056,-71.34096944,Non-Intersection,Daylight,Clear,2:00pm-2:59pm,16,2:00pm-2:59pm,17,2:00pm-2:59pm,35,1,Daylight,Clear,1,2,['Driver'],['None_Used'],0,0,Valid,0.0,1.0,45.0,29.0,"['Male', 'Male', 'Female']",0,0,5,4,5,Dry,Straight,Level,Lowest,No
17603,25,Massachusetts,250180,0,2,2,0,2,WARREN,August,10,Thursday,21,23,Rural,High Speed (Arterial),Yes,42.18,-72.23833056,Non-Intersection,Dark - Not Lighted,Rain,9:00pm-9:59pm,19,9:00pm-9:59pm,42,Not Applicable (Not Transported),Not Applicable (Not Transported),1,Dark - Unlighted,Rain/Wind/Minor,1,1,['Driver'],['Shoulder_Lapbelt'],1,1,Valid,0.0,2.0,45.0,28.0,"['Male', 'Male']",1,0,4,1,5,Wet/Standing Water,Straight,Level,Lowest,No
17604,25,Massachusetts,250181,0,3,3,0,3,RAYNHAM CENTER,August,13,Sunday,21,47,Urban,Medium Speed (Collector),No,41.94764722,-71.07372778,Non-Intersection,Dark - Lighted,Clear,9:00pm-9:59pm,48,9:00pm-9:59pm,53,10:00pm-10:59pm,54,1,Dark - Lighted,Clear,1,2,['Driver'],['None_Used'],1,1,Valid,1.0,0.0,58.0,20.0,"['Male', 'Female', 'Male']",0,0,3,4,5,Dry,Straight,Level,Lowest,No
17605,25,Massachusetts,250182,0,1,1,0,1,GEORGETOWN,August,14,Monday,9,40,Urban,High Speed (Arterial),Yes,42.71916389,-70.97834167,Non-Intersection,Daylight,Clear,9:00am-9:59am,40,9:00am-9:59am,44,10:00am-10:59am,21,1,Daylight,Clear,1,0,['Driver'],['None_Used'],0,0,Valid,1.0,0.0,74.0,74.0,['Male'],0,0,3,4,3,Dry,Curve,Level,Lowest,No
17606,25,Massachusetts,250183,0,2,2,0,2,WILLIAMSBURG,August,15,Tuesday,14,11,Urban,High Speed (Arterial),Yes,42.36968056,-72.69408889,Non-Intersection,Daylight,Cloudy,2:00pm-2:59pm,12,2:00pm-2:59pm,24,Not Applicable (Not Transported),Not Applicable (Not Transported),1,Daylight,Reduced Visibility,1,1,['Driver'],['None_Used'],1,1,Valid,0.0,0.0,57.0,50.0,"['Male', 'Male']",0,0,3,4,5,Dry,Straight,Level,Lowest,No
17607,25,Massachusetts,250184,0,2,2,0,2,LITTLETON,August,17,Thursday,0,42,Urban,High Speed (Arterial),Yes,42.51543056,-71.49696111,Non-Intersection,Dark - Not Lighted,Clear,0:00am-0:59am,26,0:00am-0:59am,38,1:00am-1:59am,39,1,Dark - Unlighted,Clear,1,1,['Driver'],['Shoulder_Lapbelt'],1,1,Valid,0.0,0.0,25.0,22.0,"['Female', 'Female']",0,0,3,4,5,Dry,Straight,Level,Lowest,No
17608,25,Massachusetts,250185,0,1,1,0,1,TOPSFIELD,August,17,Thursday,7,32,Urban,High Speed (Arterial),Yes,42.60516389,-70.95745,Non-Intersection,Dark - Not Lighted,Cloudy,7:00am-7:59am,40,7:00am-7:59am,44,Not Applicable (Not Transported),Not Applicable (Not Transported),1,Dark - Unlighted,Reduced Visibility,1,0,['Driver'],['None_Used'],1,1,Valid,0.0,0.0,63.0,63.0,['Male'],0,0,2,4,3,Dry,Straight,Level,Lowest,No
17609,25,Massachusetts,250186,0,1,1,0,1,WESTON,April,2,Sunday,4,54,Urban,High Speed (Arterial),Yes,42.34161111,-71.26296389,Non-Intersection,Dawn,Clear,4:00am-4:59am,51,4:00am-4:59am,56,5:00am-5:59am,28,1,Twilight,Clear,1,0,['Driver'],['Shoulder_Lapbelt'],1,1,Valid,0.0,0.0,36.0,36.0,['Male'],1,0,2,4,2,Dry,Curve,Level,Lowest,No
17610,25,Massachusetts,250187,0,1,1,0,1,WARREN,March,21,Tuesday,15,18,Urban,Low Speed (Local),No,42.21329444,-72.19435278,Non-Intersection,Daylight,Clear,3:00pm-3:59pm,25,3:00pm-3:59pm,29,4:00pm-4:59pm,21,1,Daylight,Clear,1,0,['Driver'],['None_Used'],0,0,Valid,0.0,0.0,47.0,47.0,['Female'],0,0,5,4,3,Dry,Straight,Level,Lowest,No
17611,25,Massachusetts,250188,1,1,1,0,1,WAREHAM,April,18,Tuesday,19,57,Urban,Medium Speed (Collector),No,41.75687778,-70.71201667,Simple Junction,Dusk,Cloudy,7:00pm-7:59pm,56,7:00pm-7:59pm,59,8:00pm-8:59pm,14,1,Twilight,Reduced Visibility,0,1,[],[],0,0,Valid,0.0,0.0,80.0,80.0,['Female'],0,0,3,3,4,Dry,Straight,Level,Lowest,No
17612,25,Massachusetts,250189,0,2,1,1,1,PLYMOUTH,August,20,Sunday,0,19,Urban,Medium Speed (Collector),No,41.93565833,-70.70227778,Simple Junction,Dark - Lighted,Clear,0:00am-0:59am,23,0:00am-0:59am,32,1:00am-1:59am,0,1,Dark - Lighted,Clear,1,0,['Driver'],['None_Used'],1,1,Valid,0.0,0.0,27.0,27.0,['Male'],0,0,5,4,3,Dry,Straight,Level,Lowest,No
17613,25,Massachusetts,250190,0,2,2,0,2,MILTON,August,20,Sunday,3,5,Urban,High Speed (Arterial),Yes,42.22889722,-71.11483611,Simple Junction,Dark - Lighted,Clear,3:00am-3:59am,8,3:00am-3:59am,14,3:00am-3:59am,50,1,Dark - Lighted,Clear,1,1,['Driver'],['None_Used'],1,1,Valid,0.0,1.0,36.0,28.0,"['Male', 'Male']",1,0,5,4,5,Dry,Straight,Grade/Hillcrest,Lowest,No
17614,25,Massachusetts,250191,0,3,3,0,4,BROOKLINE TOWN,August,20,Sunday,14,43,Urban,High Speed (Arterial),Yes,42.32874167,-71.13259722,Complex/Circle,Daylight,Clear,2:00pm-2:59pm,48,2:00pm-2:59pm,51,4:00pm-4:59pm,34,1,Daylight,Clear,1,3,['Driver'],['Shoulder_Lapbelt'],0,0,Valid,3.0,0.0,50.0,17.0,"['Male', 'Female', 'Male']",0,0,3,4,5,Dry,Straight,Level,Medium,No
17615,25,Massachusetts,250192,2,1,1,0,1,LAWRENCE,April,3,Monday,15,34,Urban,Medium Speed (Collector),No,42.71434444,-71.16399167,Simple Junction,Daylight,Clear,3:00pm-3:59pm,39,3:00pm-3:59pm,43,3:00pm-3:59pm,59,1,Daylight,Clear,0,1,[],[],0,0,Valid,1.0,0.0,56.0,56.0,['Male'],0,0,3,1,4,Dry,Straight,Level,Lowest,No
17616,25,Massachusetts,250193,0,3,1,2,1,BELCHERTOWN,August,20,Sunday,20,50,Urban,High Speed (Arterial),Yes,42.28491667,-72.40676944,Non-Intersection,Dark - Not Lighted,Clear,8:00pm-8:59pm,50,8:00pm-8:59pm,54,Not Applicable (Not Transported),Not Applicable (Not Transported),1,Dark - Unlighted,Clear,1,0,['Driver'],['Shoulder_Lapbelt'],1,1,Valid,0.0,0.0,19.0,19.0,['Male'],0,0,2,1,5,Dry,Curve,Level,Lowest,No
17617,25,Massachusetts,250194,0,1,1,0,1,BOXFORD,August,24,Thursday,0,53,Urban,Low Speed (Local),No,42.66501111,-70.99332222,Non-Intersection,Dark - Not Lighted,Clear,0:00am-0:59am,56,1:00am-1:59am,15,Not Applicable (Not Transported),Not Applicable (Not Transported),1,Dark - Unlighted,Clear,1,0,['Driver'],['Shoulder_Lapbelt'],1,1,Valid,0.0,0.0,16.0,16.0,['Male'],1,0,2,4,3,Dry,Curve,Level,Lowest,No
17618,25,Massachusetts,250195,0,2,2,0,2,CHARLTON CITY,August,25,Friday,16,3,Urban,High Speed (Arterial),Yes,42.11892222,-72.00938889,Non-Intersection,Daylight,Rain,4:00pm-4:59pm,5,4:00pm-4:59pm,11,4:00pm-4:59pm,40,1,Daylight,Rain/Wind/Minor,1,1,['Driver'],['Shoulder_Lapbelt'],0,0,Valid,0.0,0.0,52.0,25.0,"['Male', 'Male']",0,0,2,4,5,Wet/Standing Water,Straight,Level,Lowest,No
17619,25,Massachusetts,250196,0,3,3,0,3,EVERETT,August,25,Friday,21,9,Urban,High Speed (Arterial),Yes,42.39811111,-71.06369444,Complex/Circle,Dark - Lighted,Clear,9:00pm-9:59pm,12,9:00pm-9:59pm,19,Unknown,Unknown EMS Hospital Arrival Time,1,Dark - Lighted,Clear,1,2,['Driver'],['None_Used'],1,1,Valid,1.0,0.0,60.0,51.0,"['Female', 'Female', 'Male']",0,0,5,4,5,Dry,Straight,Level,Lowest,No
17620,25,Massachusetts,250198,0,1,1,0,1,WORCESTER,February,25,Saturday,8,6,Urban,Medium Speed (Collector),No,42.32085278,-71.78627222,Non-Intersection,Daylight,Clear,8:00am-8:59am,10,8:00am-8:59am,18,8:00am-8:59am,38,1,Daylight,Clear,1,0,['Driver'],['None_Used'],0,0,Valid,0.0,0.0,55.0,55.0,['Male'],0,0,2,4,3,Dry,Straight,Level,Medium,No
17621,25,Massachusetts,250199,1,1,1,0,1,FAIRHAVEN,February,28,Tuesday,18,24,Urban,Low Speed (Local),No,41.63373333,-70.87681667,Non-Intersection,Dark - Lighted,Rain,6:00pm-6:59pm,26,6:00pm-6:59pm,33,6:00pm-6:59pm,55,1,Dark - Lighted,Rain/Wind/Minor,0,1,[],[],0,0,Valid,0.0,0.0,67.0,67.0,['Female'],0,0,2,3,4,Wet/Standing Water,Straight,Level,Lowest,No
17622,25,Massachusetts,250200,0,1,1,0,2,BELLINGHAM,February,19,Sunday,17,36,Urban,High Speed (Arterial),Yes,42.11389722,-71.46618889,Non-Intersection,Dusk,Clear,5:00pm-5:59pm,35,5:00pm-5:59pm,48,6:00pm-6:59pm,15,1,Twilight,Clear,1,1,['Front_Passenger'],['Shoulder_Lapbelt'],1,1,Valid,0.0,0.0,44.0,44.0,['Male'],0,0,3,4,3,Dry,Straight,Level,Lowest,No
17623,25,Massachusetts,250201,0,1,1,0,1,DUXBURY,January,29,Sunday,4,22,Urban,High Speed (Arterial),Yes,42.08903056,-70.74506667,Non-Intersection,Dark - Not Lighted,Not Reported,4:00am-4:59am,24,4:00am-4:59am,33,4:00am-4:59am,47,1,Dark - Unlighted,Clear,1,0,['Driver'],['None_Used'],0,0,Valid,3.0,1.0,30.0,30.0,['Male'],0,0,3,4,3,Dry,Straight,Level,Lowest,No
17624,25,Massachusetts,250202,1,1,1,0,1,HANSON,August,24,Thursday,15,56,Urban,Medium Speed (Collector),No,42.0627,-70.87084167,Non-Intersection,Daylight,Clear,3:00pm-3:59pm,57,4:00pm-4:59pm,4,4:00pm-4:59pm,43,1,Daylight,Clear,0,1,[],[],0,0,Valid,0.0,0.0,61.0,61.0,['Female'],0,0,3,3,4,Dry,Straight,Level,Lowest,No
17625,25,Massachusetts,250203,0,1,1,0,1,SALEM,August,27,Sunday,18,17,Urban,Low Speed (Local),No,42.51771944,-70.91863889,Non-Intersection,Daylight,Clear,6:00pm-6:59pm,18,6:00pm-6:59pm,24,6:00pm-6:59pm,59,1,Daylight,Clear,1,0,['Driver'],['Shoulder_Lapbelt'],1,1,Valid,0.0,0.0,20.0,20.0,['Male'],1,0,3,4,2,Dry,Curve,Level,Lowest,No
17626,25,Massachusetts,250204,0,3,3,0,5,NORTH ATTLEBORO,August,28,Monday,16,7,Urban,High Speed (Arterial),Yes,41.97855833,-71.29416667,Non-Intersection,Daylight,Clear,4:00pm-4:59pm,16,4:00pm-4:59pm,21,5:00pm-5:59pm,2,1,Daylight,Clear,1,4,['Driver'],['Shoulder_Lapbelt'],0,0,Valid,1.0,1.0,61.0,50.0,"['Male', 'Male', 'Male']",0,0,3,4,5,Dry,Straight,Level,Lowest,No
17627,25,Massachusetts,250205,1,1,1,0,1,NEWTON,August,28,Monday,17,24,Urban,High Speed (Arterial),Yes,42.36049444,-71.20171111,Simple Junction,Daylight,Clear,5:00pm-5:59pm,26,5:00pm-5:59pm,29,5:00pm-5:59pm,57,1,Daylight,Clear,0,1,[],[],0,0,Valid,0.0,0.0,57.0,57.0,['Male'],0,0,3,4,4,Dry,Straight,Level,Lowest,No
17628,25,Massachusetts,250206,0,2,2,0,2,WOBURN,August,29,Tuesday,16,34,Urban,Medium Speed (Collector),No,42.48291389,-71.12081389,Simple Junction,Daylight,Clear,4:00pm-4:59pm,37,4:00pm-4:59pm,39,4:00pm-4:59pm,57,1,Daylight,Clear,1,1,['Driver'],['None_Used'],0,0,Invalid,0.0,0.0,52.0,29.0,"['Male', 'Male']",1,0,5,4,5,Dry,Straight,Level,Lowest,No
17629,25,Massachusetts,250207,0,2,2,0,2,ATTLEBORO,August,30,Wednesday,6,28,Urban,High Speed (Arterial),Yes,41.95265833,-71.32310833,Non-Intersection,Daylight,Rain,6:00am-6:59am,30,6:00am-6:59am,38,Not Applicable (Not Transported),Not Applicable (Not Transported),1,Daylight,Rain/Wind/Minor,1,1,['Driver'],['Shoulder_Lapbelt'],0,0,Valid,0.0,0.0,44.0,40.0,"['Male', 'Male']",1,0,4,1,5,Wet/Standing Water,Straight,Level,Lowest,No
17630,25,Massachusetts,250208,0,1,1,0,1,FEEDING HILLS,August,31,Thursday,6,9,Urban,Medium Speed (Collector),No,42.04173889,-72.61641667,Non-Intersection,Daylight,Clear,6:00am-6:59am,13,6:00am-6:59am,17,6:00am-6:59am,47,1,Daylight,Clear,1,0,['Driver'],['None_Used'],0,0,Invalid,1.0,3.0,27.0,27.0,['Male'],1,0,2,4,3,Dry,Curve,Grade/Hillcrest,Lowest,No
17631,25,Massachusetts,250209,1,1,1,0,1,SPRINGFIELD,August,31,Thursday,20,6,Urban,Medium Speed (Collector),No,42.08936111,-72.56235556,Non-Intersection,Dark - Lighted,Clear,8:00pm-8:59pm,8,8:00pm-8:59pm,19,9:00pm-9:59pm,40,1,Dark - Lighted,Clear,0,1,[],[],0,0,Valid,0.0,0.0,20.0,20.0,['Female'],0,0,2,4,4,Dry,Straight,Level,Lowest,No
17632,25,Massachusetts,250210,0,2,2,0,2,"OTIS ANGB, BARNSTABLE",June,11,Sunday,13,41,Urban,High Speed (Arterial),Yes,41.66661389,-70.30296111,Simple Junction,Daylight,Clear,1:00pm-1:59pm,42,1:00pm-1:59pm,45,2:00pm-2:59pm,4,1,Daylight,Clear,1,1,['Driver'],['None_Used'],0,0,Valid,0.0,0.0,67.0,55.0,"['Male', 'Male']",0,0,5,4,5,Dry,Straight,Level,Lowest,No
17633,25,Massachusetts,250211,1,1,1,0,4,SPRINGFIELD,September,1,Friday,19,59,Urban,Medium Speed (Collector),No,42.11425833,-72.57598333,Non-Intersection,Dark - Lighted,Clear,8:00pm-8:59pm,8,8:00pm-8:59pm,12,Not Applicable (Not Transported),Not Applicable (Not Transported),1,Dark - Lighted,Clear,0,4,[],[],0,0,Valid,0.0,0.0,29.0,29.0,['Female'],0,0,3,1,4,Dry,Straight,Level,Lowest,No
17634,25,Massachusetts,250212,0,1,1,0,1,DUXBURY,September,2,Saturday,1,17,Urban,Low Speed (Local),No,42.08931111,-70.74064167,Non-Intersection,Dark - Not Lighted,Clear,1:00am-1:59am,18,1:00am-1:59am,25,2:00am-2:59am,2,1,Dark - Unlighted,Clear,1,0,['Driver'],['None_Used'],1,1,Valid,0.0,0.0,49.0,49.0,['Male'],0,0,3,4,3,Dry,Curve,Level,Medium,No
17635,25,Massachusetts,250213,0,2,2,0,3,HINGHAM,September,4,Monday,16,50,Urban,Medium Speed (Collector),No,42.23962222,-70.90464444,Non-Intersection,Daylight,Clear,4:00pm-4:59pm,50,4:00pm-4:59pm,53,5:00pm-5:59pm,7,1,Daylight,Clear,1,2,['Driver'],['None_Used'],1,1,Valid,1.0,3.0,50.0,31.0,"['Male', 'Male']",1,0,5,4,5,Dry,Straight,Level,Lowest,No
17636,25,Massachusetts,250214,0,1,1,0,1,SWANSEA,September,5,Tuesday,3,0,Urban,Low Speed (Local),No,41.798225,-71.18689167,Non-Intersection,Dark - Not Lighted,Cloudy,3:00am-3:59am,2,3:00am-3:59am,11,Not Applicable (Not Transported),Not Applicable (Not Transported),1,Dark - Unlighted,Reduced Visibility,1,0,['Driver'],['None_Used'],1,1,Valid,1.0,3.0,24.0,24.0,['Male'],1,0,5,4,3,Dry,Curve,Level,Lowest,No
17637,25,Massachusetts,250215,0,1,1,0,3,MARSHFIELD,September,5,Tuesday,3,40,Urban,High Speed (Arterial),Yes,42.10070278,-70.75616389,Non-Intersection,Dark - Not Lighted,Clear,3:00am-3:59am,40,3:00am-3:59am,44,3:00am-3:59am,52,1,Dark - Unlighted,Clear,1,2,['Rear_Seat'],['Shoulder_Lapbelt'],1,1,Valid,0.0,0.0,25.0,25.0,['Male'],0,0,2,4,3,Dry,Straight,Level,Medium,No
17638,25,Massachusetts,250217,0,2,2,0,2,FOXBORO,September,5,Tuesday,17,18,Urban,High Speed (Arterial),Yes,42.03119444,-71.27355556,Non-Intersection,Daylight,Clear,5:00pm-5:59pm,20,5:00pm-5:59pm,30,5:00pm-5:59pm,57,1,Daylight,Clear,1,1,['Driver'],['Shoulder_Lapbelt'],0,0,Valid,2.0,0.0,30.0,24.0,"['Male', 'Female']",0,0,3,4,5,Dry,Straight,Level,Lowest,No