,State_Code,State_Name,Crash_ID,Count_Non_Motorists,Count_Vehicles_Total,Count_Vehicle_Forms,Count_PVH_Involved,Count_Occupants_MV,City_Name,Month_Name,Day_of_Month,Day_of_Week,Crash_Hour,Crash_Minute,Area_Rural_Urban,Road_Functional_Class,On_NHS_Road,Latitude,Longitude,Intersection_Type,Light_Condition,Weather_Condition,Notif_Hour,Notif_Minute,Arrival_Hour,Arrival_Minute,Hospital_Hour,Hospital_Minute,Fatalities_Count,Clean_Light_Condition,Clean_Weather_Condition,Total_Killed,Total_Alive,Fatal_Seats_List,Killed_Restraint_List,Any_Driver_Drinking,Total_Drinking_Drivers,Driver_License_Category,Driver_Max_Prev_Accident_Count,Driver_Max_Prev_Speeding_Count,Max_Driver_Age,Min_Driver_Age,Driver_Sex_List,Total_Exceeding_Limit_Vehicles,Total_Too_Fast_Vehicles,Max_Vehicle_Type_Severity_5,Max_Vehicle_Damage_Rank,Max_Harmful_Event_Severity,Crash_Road_Surface_Condition,Crash_Horizontal_Alignment,Crash_Vertical_Profile,Crash_Impairment_Category,Crash_Vehicle_Defect
17639,25,Massachusetts,250218,0,2,2,0,3,WEST BRIDGEWATER,September,13,Wednesday,22,11,Urban,High Speed (Arterial),Yes,42.00491944,-71.03808889,Non-Intersection,Dark - Not Lighted,Rain,10:00pm-10:59pm,15,10:00pm-10:59pm,20,10:00pm-10:59pm,46,1,Dark - Unlighted,Rain/Wind/Minor,1,2,['Driver'],['Shoulder_Lapbelt'],0,0,Valid,0.0,2.0,59.0,34.0,"['Male', 'Female']",0,0,2,4,5,Wet/Standing Water,Straight,Level,Lowest,No
17640,25,Massachusetts,250220,0,1,1,0,1,SPRINGFIELD,September,16,Saturday,3,48,Urban,Medium Speed (Collector),No,42.10145833,-72.56739722,Complex/Circle,Dark - Lighted,Clear,3:00am-3:59am,53,3:00am-3:59am,57,Not Applicable (Not Transported),Not Applicable (Not Transported),1,Dark - Lighted,Clear,1,0,['Driver'],['None_Used'],1,1,Invalid,0.0,0.0,26.0,26.0,['Male'],0,0,5,4,0,Dry,Curve,Level,Lowest,No
17641,25,Massachusetts,250221,0,1,1,0,1,MILLBURY,September,25,Monday,20,9,Urban,Medium Speed (Collector),No,42.17743889,-71.80988889,Non-Intersection,Dark - Not Lighted,Clear,8:00pm-8:59pm,11,8:00pm-8:59pm,17,8:00pm-8:59pm,55,1,Dark - Unlighted,Clear,1,0,['Driver'],['Shoulder_Lapbelt'],1,1,Valid,0.0,3.0,46.0,46.0,['Male'],0,0,2,4,3,Wet/Standing Water,Straight,Level,Lowest,No
17642,25,Massachusetts,250222,0,1,1,0,1,HINGHAM,September,28,Thursday,22,37,Urban,Medium Speed (Collector),No,42.18064444,-70.900175,Complex/Circle,Dark - Lighted,Clear,10:00pm-10:59pm,37,10:00pm-10:59pm,42,11:00pm-11:59pm,0,1,Dark - Lighted,Clear,1,0,['Driver'],['None_Used'],1,1,Valid,0.0,0.0,19.0,19.0,['Male'],1,0,5,4,2,Dry,Straight,Level,Lowest,No
17643,25,Massachusetts,250223,0,2,2,0,3,CHICOPEE,October,2,Monday,19,18,Urban,Medium Speed (Collector),No,42.18472222,-72.61103333,Non-Intersection,Dark - Lighted,Clear,7:00pm-7:59pm,19,7:00pm-7:59pm,22,Not Applicable (Not Transported),Not Applicable (Not Transported),1,Dark - Lighted,Clear,1,2,['Driver'],['Shoulder_Lapbelt'],0,0,Valid,2.0,1.0,49.0,31.0,"['Female', 'Female']",0,0,3,4,5,Dry,Straight,Level,Lowest,No
17644,25,Massachusetts,250224,0,2,2,0,4,CHARLTON CITY,September,7,Thursday,11,0,Urban,High Speed (Arterial),Yes,42.13963056,-72.01643889,Simple Junction,Daylight,Clear,11:00am-11:59am,2,11:00am-11:59am,6,11:00am-11:59am,21,2,Daylight,Clear,2,2,"['Rear_Seat', 'Driver']","['Shoulder_Lapbelt', 'None_Used']",0,0,Valid,0.0,2.0,64.0,25.0,"['Female', 'Male']",1,0,5,4,5,Dry,Straight,Level,Lowest,No
17645,25,Massachusetts,250225,1,1,1,0,1,QUINCY,September,8,Friday,11,17,Urban,High Speed (Arterial),No,42.25355,-70.99632778,Non-Intersection,Daylight,Clear,11:00am-11:59am,22,11:00am-11:59am,23,11:00am-11:59am,50,1,Daylight,Clear,0,1,[],[],0,0,Valid,0.0,1.0,73.0,73.0,['Male'],0,0,3,4,4,Dry,Straight,Level,Lowest,No
17646,25,Massachusetts,250226,0,2,2,0,3,SOMERSET,September,9,Saturday,1,13,Urban,Medium Speed (Collector),No,41.72269444,-71.16021111,Complex/Circle,Dark - Lighted,Cloudy,1:00am-1:59am,16,1:00am-1:59am,20,1:00am-1:59am,40,2,Dark - Lighted,Reduced Visibility,2,1,"['Driver', 'Rear_Seat']","['None_Used', 'None_Used']",1,1,Valid,0.0,2.0,44.0,33.0,"['Male', 'Female']",0,0,5,4,5,Dry,Curve,Level,Lowest,No
17647,25,Massachusetts,250227,0,1,1,0,1,ABINGTON,September,13,Wednesday,19,11,Urban,Medium Speed (Collector),No,42.14405278,-70.947025,Non-Intersection,Dark - Not Lighted,Rain,7:00pm-7:59pm,9,7:00pm-7:59pm,17,Not Applicable (Not Transported),Not Applicable (Not Transported),1,Dark - Unlighted,Rain/Wind/Minor,1,0,['Driver'],['None_Used'],1,1,Valid,0.0,0.0,24.0,24.0,['Male'],0,0,3,4,3,Wet/Standing Water,Curve,Level,Lowest,No
17648,25,Massachusetts,250228,0,1,1,0,1,NEW BEDFORD,March,31,Friday,1,34,Urban,Low Speed (Local),No,41.634725,-70.92096667,Non-Intersection,Dark - Lighted,Clear,1:00am-1:59am,38,1:00am-1:59am,43,2:00am-2:59am,12,1,Dark - Lighted,Clear,1,0,['Driver'],['None_Used'],0,0,Valid,0.0,0.0,49.0,49.0,['Male'],0,0,5,4,3,Dry,Straight,Level,Lowest,No
17649,25,Massachusetts,250229,0,2,2,0,3,ROCHESTER,September,22,Friday,20,40,Urban,Medium Speed (Collector),No,41.73729722,-70.83387222,Simple Junction,Dark - Lighted,Cloudy,8:00pm-8:59pm,43,8:00pm-8:59pm,46,Not Applicable (Not Transported),Not Applicable (Not Transported),1,Dark - Lighted,Reduced Visibility,1,2,['Driver'],['None_Used'],1,1,Valid,0.0,0.0,34.0,18.0,"['Male', 'Male']",1,0,3,1,5,Dry,Curve,Level,Lowest,No
17650,25,Massachusetts,250230,0,2,2,0,2,WOBURN,September,28,Thursday,1,2,Urban,High Speed (Arterial),Yes,42.52446111,-71.13521111,Non-Intersection,Dark - Not Lighted,Clear,1:00am-1:59am,1,1:00am-1:59am,11,Not Applicable (Not Transported),Not Applicable (Not Transported),1,Dark - Unlighted,Clear,1,1,['Driver'],['None_Used'],0,0,Valid,0.0,0.0,51.0,41.0,"['Male', 'Male']",0,0,4,4,5,Dry,Straight,Level,Lowest,No
17651,25,Massachusetts,250231,1,2,2,0,1,WEYMOUTH,September,29,Friday,5,10,Urban,High Speed (Arterial),Yes,42.19530556,-70.95843056,Non-Intersection,Dark - Not Lighted,Cloudy,5:00am-5:59am,12,5:00am-5:59am,20,5:00am-5:59am,44,1,Dark - Unlighted,Reduced Visibility,0,1,[],[],0,0,Valid,4.0,0.0,29.0,29.0,['Male'],0,0,3,4,5,Dry,Straight,Level,Lowest,No
17652,25,Massachusetts,250233,0,1,1,0,1,OXFORD,September,29,Friday,22,0,Urban,High Speed (Arterial),Yes,42.09158056,-71.86501111,Non-Intersection,Dark - Not Lighted,Rain,10:00pm-10:59pm,1,10:00pm-10:59pm,10,Not Applicable (Not Transported),Not Applicable (Not Transported),1,Dark - Unlighted,Rain/Wind/Minor,1,0,['Driver'],['Shoulder_Lapbelt'],1,1,Valid,1.0,0.0,31.0,31.0,['Male'],0,0,3,4,3,Wet/Standing Water,Straight,Level,Lowest,No
17653,25,Massachusetts,250234,0,1,1,0,1,WATERTOWN,September,7,Thursday,13,12,Urban,Medium Speed (Collector),No,42.36366944,-71.16293889,Non-Intersection,Daylight,Clear,1:00pm-1:59pm,12,1:00pm-1:59pm,13,1:00pm-1:59pm,43,1,Daylight,Clear,1,0,['Driver'],['Shoulder_Lapbelt'],0,0,Valid,0.0,0.0,82.0,82.0,['Male'],1,0,3,4,3,Dry,Straight,Level,Lowest,No
17654,25,Massachusetts,250235,0,1,1,0,1,FAIRHAVEN,September,8,Friday,23,28,Urban,Medium Speed (Collector),No,41.64845833,-70.90932222,Non-Intersection,Dark - Lighted,Clear,11:00pm-11:59pm,30,11:00pm-11:59pm,34,11:00pm-11:59pm,57,1,Dark - Lighted,Clear,1,0,['Driver'],['None_Used'],0,0,Invalid,0.0,0.0,46.0,46.0,['Male'],1,0,5,4,2,Dry,Straight,Level,Lowest,No
17655,25,Massachusetts,250236,0,2,2,0,3,AUBURN,September,22,Friday,17,21,Urban,High Speed (Arterial),Yes,42.2054,-71.80776944,Non-Intersection,Daylight,Clear,5:00pm-5:59pm,24,5:00pm-5:59pm,36,6:00pm-6:59pm,7,1,Daylight,Clear,1,2,['Front_Passenger'],['Shoulder_Lapbelt'],0,0,Valid,0.0,0.0,81.0,69.0,"['Male', 'Male']",0,0,3,4,5,Dry,Straight,Level,Lowest,No
17656,25,Massachusetts,250237,1,1,1,0,1,QUINCY,September,26,Tuesday,10,2,Urban,Low Speed (Local),No,42.27166389,-71.02246389,Simple Junction,Daylight,Clear,10:00am-10:59am,6,10:00am-10:59am,8,10:00am-10:59am,25,1,Daylight,Clear,0,1,[],[],0,0,Valid,0.0,0.0,47.0,47.0,['Male'],0,0,1,4,4,Dry,Straight,Level,Lowest,No
17657,25,Massachusetts,250238,0,1,1,0,1,LOWELL,October,1,Sunday,2,47,Urban,High Speed (Arterial),Yes,42.64335833,-71.34038333,Non-Intersection,Dark - Lighted,Clear,2:00am-2:59am,48,2:00am-2:59am,52,Not Applicable (Not Transported),Not Applicable (Not Transported),1,Dark - Lighted,Clear,1,0,['Driver'],['Shoulder_Lapbelt'],1,1,Valid,0.0,0.0,17.0,17.0,['Male'],0,0,2,1,2,Dry,Straight,Level,Lowest,No
17658,25,Massachusetts,250239,0,1,1,0,1,FALMOUTH,October,4,Wednesday,14,19,Urban,Medium Speed (Collector),No,41.56396944,-70.56256944,Non-Intersection,Daylight,Clear,2:00pm-2:59pm,20,2:00pm-2:59pm,24,2:00pm-2:59pm,50,1,Daylight,Clear,1,0,['Driver'],['Shoulder_Lapbelt'],0,0,Valid,0.0,0.0,74.0,74.0,['Male'],0,0,3,4,3,Dry,Straight,Level,Medium,No
17659,25,Massachusetts,250240,0,2,2,0,2,BOSTON,October,7,Saturday,23,33,Urban,High Speed (Arterial),Yes,42.33436111,-71.06187778,Non-Intersection,Dark - Lighted,Rain,11:00pm-11:59pm,37,11:00pm-11:59pm,41,0:00am-0:59am,2,1,Dark - Lighted,Rain/Wind/Minor,1,1,['Driver'],['None_Used'],1,1,Valid,1.0,1.0,65.0,23.0,"['Female', 'Male']",1,0,4,4,5,Wet/Standing Water,Curve,Level,Lowest,No
17660,25,Massachusetts,250241,0,1,1,0,1,UXBRIDGE,March,19,Sunday,0,28,Rural,Medium Speed (Collector),No,42.01492778,-71.66989722,Non-Intersection,Dark - Lighted,Clear,0:00am-0:59am,38,0:00am-0:59am,49,1:00am-1:59am,18,1,Dark - Lighted,Clear,1,0,['Driver'],['Shoulder_Lapbelt'],0,0,Valid,0.0,0.0,25.0,25.0,['Male'],1,0,2,3,3,Dry,Straight,Level,Lowest,No
17661,25,Massachusetts,250242,0,1,1,0,1,TEWKSBURY,June,17,Saturday,15,57,Urban,Medium Speed (Collector),No,42.60265833,-71.25245833,Non-Intersection,Dusk,Rain,3:00pm-3:59pm,58,4:00pm-4:59pm,5,5:00pm-5:59pm,3,1,Twilight,Rain/Wind/Minor,1,0,['Driver'],['None_Used'],0,0,Valid,0.0,0.0,40.0,40.0,['Male'],0,0,3,4,3,Wet/Standing Water,Curve,Level,Lowest,No
17662,25,Massachusetts,250243,0,3,1,2,1,WORCESTER,May,13,Saturday,15,23,Urban,Medium Speed (Collector),No,42.23325278,-71.795125,Non-Intersection,Daylight,Clear,3:00pm-3:59pm,27,3:00pm-3:59pm,33,3:00pm-3:59pm,56,1,Daylight,Clear,1,0,['Driver'],['Shoulder_Lapbelt'],0,0,Valid,0.0,0.0,89.0,89.0,['Male'],0,0,2,4,5,Dry,Straight,Level,Lowest,No
17663,25,Massachusetts,250244,0,2,2,0,3,WORCESTER,September,5,Tuesday,23,39,Urban,Medium Speed (Collector),No,42.21848611,-71.79675,Simple Junction,Dark - Lighted,Clear,11:00pm-11:59pm,47,11:00pm-11:59pm,52,0:00am-0:59am,28,1,Dark - Lighted,Clear,1,2,['Driver'],['Shoulder_Lapbelt'],0,0,Valid,0.0,0.0,74.0,53.0,"['Female', 'Male']",1,0,3,4,5,Dry,Straight,Level,Lowest,No
17664,25,Massachusetts,250245,1,2,2,0,2,SPRINGFIELD,September,17,Sunday,19,53,Urban,Medium Speed (Collector),No,42.09894444,-72.56674167,Non-Intersection,Dark - Lighted,Clear,8:00pm-8:59pm,1,8:00pm-8:59pm,9,Not Applicable (Not Transported),Not Applicable (Not Transported),1,Dark - Lighted,Clear,0,2,[],[],0,0,Valid,0.0,0.0,62.0,27.0,"['Female', 'Female']",0,0,3,1,5,Dry,Straight,Level,Lowest,No
17665,25,Massachusetts,250246,1,2,1,1,1,CHICOPEE,October,9,Monday,1,55,Urban,High Speed (Arterial),Yes,42.14035556,-72.61244444,Non-Intersection,Dark - Lighted,Clear,2:00am-2:59am,1,2:00am-2:59am,12,Not Applicable (Not Transported),Not Applicable (Not Transported),1,Dark - Lighted,Clear,1,0,['Driver'],['None_Used'],1,1,Invalid,2.0,2.0,50.0,50.0,['Male'],1,0,5,4,5,Dry,Straight,Level,Lowest,No
17666,25,Massachusetts,250247,0,2,1,1,1,SPRINGFIELD,October,6,Friday,0,9,Urban,High Speed (Arterial),Yes,42.10384444,-72.49573333,Non-Intersection,Dark - Lighted,Clear,0:00am-0:59am,19,0:00am-0:59am,19,Not Applicable (Not Transported),Not Applicable (Not Transported),1,Dark - Lighted,Clear,1,0,['Driver'],['Shoulder_Lapbelt'],1,1,Valid,0.0,0.0,28.0,28.0,['Female'],1,0,2,4,3,Dry,Curve,Level,Lowest,No
17667,25,Massachusetts,250248,1,1,1,0,2,PEABODY,October,8,Sunday,19,39,Urban,Medium Speed (Collector),No,42.51836111,-70.95181389,Non-Intersection,Dark - Lighted,Clear,7:00pm-7:59pm,41,7:00pm-7:59pm,45,8:00pm-8:59pm,11,1,Dark - Lighted,Clear,0,2,[],[],0,0,Valid,0.0,0.0,26.0,26.0,['Male'],2,0,2,1,4,Dry,Straight,Level,Lowest,No
17668,25,Massachusetts,250249,0,1,1,0,1,PLAINVILLE,October,10,Tuesday,3,45,Urban,High Speed (Arterial),Yes,42.03663056,-71.2958,Non-Intersection,Dark - Not Lighted,Clear,3:00am-3:59am,52,4:00am-4:59am,5,4:00am-4:59am,29,1,Dark - Unlighted,Clear,1,0,['Driver'],['None_Used'],0,0,Valid,0.0,0.0,23.0,23.0,['Male'],1,0,2,4,2,Dry,Straight,Level,Lowest,No
17669,25,Massachusetts,250250,1,1,1,0,1,PITTSFIELD,October,12,Thursday,7,52,Urban,Medium Speed (Collector),No,42.45339167,-73.28668333,Non-Intersection,Daylight,Clear,7:00am-7:59am,53,7:00am-7:59am,58,Not Applicable (Not Transported),Not Applicable (Not Transported),1,Daylight,Clear,0,1,[],[],0,0,Valid,0.0,0.0,87.0,87.0,['Male'],1,0,3,4,4,Dry,Straight,Level,Lowest,No
17670,25,Massachusetts,250251,0,2,2,0,5,LYNN,October,12,Thursday,13,58,Urban,Low Speed (Local),No,42.46791667,-70.97336667,Non-Intersection,Daylight,Clear,1:00pm-1:59pm,57,2:00pm-2:59pm,7,Unknown,Unknown EMS Hospital Arrival Time,1,Daylight,Clear,1,4,['Driver'],['None_Used'],0,0,Invalid,0.0,0.0,37.0,23.0,"['Male', 'Female']",1,0,5,1,5,Dry,Straight,Level,Lowest,No
17671,25,Massachusetts,250252,0,1,1,0,1,NORWOOD,October,16,Monday,18,33,Urban,Low Speed (Local),No,42.20801389,-71.19759722,Non-Intersection,Dark - Lighted,Rain,6:00pm-6:59pm,32,6:00pm-6:59pm,40,Not Applicable (Not Transported),Not Applicable (Not Transported),1,Dark - Lighted,Rain/Wind/Minor,1,0,['Driver'],['None_Used'],0,0,Valid,0.0,0.0,51.0,51.0,['Male'],0,0,3,4,2,Wet/Standing Water,Curve,Level,Lowest,No
17672,25,Massachusetts,250253,0,2,2,0,2,LAKEVILLE,October,22,Sunday,14,58,Urban,Medium Speed (Collector),No,41.82098889,-70.92626111,Simple Junction,Daylight,Clear,2:00pm-2:59pm,57,3:00pm-3:59pm,2,3:00pm-3:59pm,39,1,Daylight,Clear,1,1,['Driver'],['None_Used'],0,0,Valid,0.0,0.0,61.0,42.0,"['Male', 'Male']",0,0,5,4,5,Dry,Straight,Level,Lowest,No
17673,25,Massachusetts,250254,0,1,1,0,1,STOUGHTON,October,24,Tuesday,13,49,Urban,High Speed (Arterial),Yes,42.158475,-71.06898056,Non-Intersection,Daylight,Clear,Unknown,Unknown if Notified,Unknown EMS Scene Arrival Hour,Unknown if Arrived,Not Applicable (Not Transported),Not Applicable (Not Transported),1,Daylight,Clear,1,0,['Driver'],['None_Used'],1,1,Valid,0.0,1.0,23.0,23.0,['Male'],0,0,5,4,3,Dry,Straight,Level,Lowest,No
17674,25,Massachusetts,250255,0,2,2,0,4,RANDOLPH,October,29,Sunday,4,47,Urban,High Speed (Arterial),Yes,42.20383611,-71.07664444,Non-Intersection,Dark - Not Lighted,Clear,4:00am-4:59am,50,4:00am-4:59am,55,Not Applicable (Not Transported),Not Applicable (Not Transported),1,Dark - Unlighted,Clear,1,3,['Driver'],['None_Used'],1,1,Valid,0.0,0.0,59.0,25.0,"['Male', 'Male']",1,0,3,4,5,Dry,Curve,Level,Lowest,No
17675,25,Massachusetts,250256,0,1,1,0,1,NEW BEDFORD,November,2,Thursday,4,15,Urban,High Speed (Arterial),Yes,41.72787222,-70.94973889,Non-Intersection,Dark - Not Lighted,Clear,4:00am-4:59am,22,4:00am-4:59am,24,Not Applicable (Not Transported),Not Applicable (Not Transported),1,Dark - Unlighted,Clear,1,0,['Driver'],['None_Used'],0,0,Valid,0.0,0.0,44.0,44.0,['Male'],1,0,3,4,2,Wet/Standing Water,Straight,Level,Lowest,No
17676,25,Massachusetts,250257,1,1,1,0,1,MARBLEHEAD,October,27,Friday,18,1,Urban,High Speed (Arterial),Yes,42.49486111,-70.86582778,Non-Intersection,Dusk,Clear,6:00pm-6:59pm,1,6:00pm-6:59pm,3,6:00pm-6:59pm,36,1,Twilight,Clear,0,1,[],[],0,0,Valid,0.0,0.0,42.0,42.0,['Female'],0,0,3,0,4,Dry,Straight,Level,Lowest,No
17677,25,Massachusetts,250258,0,2,2,0,2,LEXINGTON,October,14,Saturday,1,26,Urban,High Speed (Arterial),Yes,42.471,-71.24376667,Non-Intersection,Dark - Not Lighted,Clear,1:00am-1:59am,18,1:00am-1:59am,26,Not Applicable (Not Transported),Not Applicable (Not Transported),2,Dark - Unlighted,Clear,2,0,"['Driver', 'Driver']","['Shoulder_Lapbelt', 'Shoulder_Lapbelt']",1,1,Valid,0.0,1.0,43.0,42.0,"['Male', 'Female']",0,0,3,4,5,Dry,Straight,Level,Lowest,No
17678,25,Massachusetts,250259,0,2,2,0,2,PITTSFIELD,September,10,Sunday,13,18,Urban,Medium Speed (Collector),No,42.46378333,-73.27370556,Complex/Circle,Daylight,Cloudy,1:00pm-1:59pm,19,1:00pm-1:59pm,23,1:00pm-1:59pm,44,1,Daylight,Reduced Visibility,1,1,['Driver'],['Shoulder_Lapbelt'],0,0,Valid,0.0,0.0,81.0,26.0,"['Male', 'Male']",0,0,3,4,5,Dry,Straight,Level,Lowest,No
17679,25,Massachusetts,250260,0,2,2,0,2,WESTFIELD,October,27,Friday,21,25,Urban,High Speed (Arterial),Yes,42.14201667,-72.718975,Non-Intersection,Dark - Not Lighted,Clear,9:00pm-9:59pm,30,9:00pm-9:59pm,40,Not Applicable (Not Transported),Not Applicable (Not Transported),1,Dark - Unlighted,Clear,1,1,['Driver'],['None_Used'],0,0,Valid,0.0,1.0,27.0,19.0,"['Female', 'Male']",0,0,4,4,5,Dry,Straight,Level,Lowest,No
17680,25,Massachusetts,250261,1,1,1,0,1,SPRINGFIELD,July,28,Friday,8,2,Urban,High Speed (Arterial),No,42.09044444,-72.57728889,Simple Junction,Daylight,Clear,8:00am-8:59am,5,8:00am-8:59am,9,8:00am-8:59am,29,1,Daylight,Clear,0,1,[],[],0,0,Invalid,0.0,0.0,23.0,23.0,['Male'],0,0,3,3,4,Dry,Straight,Level,Lowest,No
17681,25,Massachusetts,250262,2,1,1,0,1,HINGHAM,October,30,Monday,6,11,Urban,Medium Speed (Collector),No,42.253,-70.8567,Non-Intersection,Dark - Not Lighted,Rain,6:00am-6:59am,11,6:00am-6:59am,17,6:00am-6:59am,37,1,Dark - Unlighted,Rain/Wind/Minor,0,1,[],[],0,0,Valid,0.0,0.0,37.0,37.0,['Male'],0,0,3,1,4,Wet/Standing Water,Straight,Level,Lowest,No
17682,25,Massachusetts,250264,0,1,1,0,1,GREENFIELD,October,30,Monday,16,58,Urban,Low Speed (Local),No,42.64176944,-72.5771,Non-Intersection,Dark - Not Lighted,Clear,5:00pm-5:59pm,3,5:00pm-5:59pm,15,6:00pm-6:59pm,25,1,Dark - Unlighted,Clear,1,0,['Driver'],['None_Used'],0,0,Valid,0.0,0.0,34.0,34.0,['Male'],1,0,2,4,3,Wet/Standing Water,Curve,Level,Medium,No
17683,25,Massachusetts,250265,0,2,2,0,2,FALL RIVER,October,26,Thursday,11,30,Urban,High Speed (Arterial),Yes,41.68101944,-71.12216111,Non-Intersection,Daylight,Clear,11:00am-11:59am,49,11:00am-11:59am,57,Not Applicable (Not Transported),Not Applicable (Not Transported),1,Daylight,Clear,1,1,['Driver'],['None_Used'],0,0,Valid,0.0,0.0,41.0,29.0,"['Male', 'Male']",1,0,3,4,5,Dry,Straight,Level,Lowest,No
17684,25,Massachusetts,250266,0,2,2,0,3,SPRINGFIELD,October,6,Friday,18,0,Urban,High Speed (Arterial),No,42.13959722,-72.49600278,Non-Intersection,Daylight,Clear,6:00pm-6:59pm,3,6:00pm-6:59pm,6,6:00pm-6:59pm,29,1,Daylight,Clear,1,2,['Driver'],['None_Used'],0,0,Valid,0.0,0.0,38.0,25.0,"['Male', 'Female']",1,0,5,4,5,Dry,Straight,Level,Lowest,No
17685,25,Massachusetts,250267,0,3,3,0,3,BRIDGEWATER,October,12,Thursday,16,15,Urban,High Speed (Arterial),Yes,41.96213889,-70.97142778,Non-Intersection,Daylight,Clear,4:00pm-4:59pm,13,4:00pm-4:59pm,18,4:00pm-4:59pm,40,1,Daylight,Clear,1,2,['Driver'],['None_Used'],0,0,Valid,0.0,0.0,68.0,18.0,"['Male', 'Male', 'Female']",1,0,5,4,5,Dry,Straight,Level,Lowest,No
17686,25,Massachusetts,250268,0,4,4,0,5,MASHPEE,July,25,Tuesday,13,22,Urban,High Speed (Arterial),Yes,41.61680278,-70.50959167,Non-Intersection,Daylight,Clear,1:00pm-1:59pm,22,1:00pm-1:59pm,25,2:00pm-2:59pm,4,1,Daylight,Clear,1,4,['Driver'],['Shoulder_Lapbelt'],0,0,Valid,0.0,0.0,73.0,45.0,"['Male', 'Male', 'Male', 'Male']",0,0,3,4,5,Dry,Straight,Level,Lowest,No
17687,25,Massachusetts,250269,1,1,1,0,3,HYANNIS,September,27,Wednesday,21,51,Urban,High Speed (Arterial),Yes,41.68315556,-70.32804722,Complex/Circle,Dark - Not Lighted,Clear,9:00pm-9:59pm,54,9:00pm-9:59pm,58,10:00pm-10:59pm,26,1,Dark - Unlighted,Clear,0,3,[],[],0,0,Valid,0.0,0.0,48.0,48.0,['Female'],0,0,3,1,4,Dry,Straight,Level,Lowest,No
17688,25,Massachusetts,250270,1,2,2,0,3,MALDEN,October,19,Thursday,12,54,Urban,Medium Speed (Collector),No,42.43079722,-71.06770278,Complex/Circle,Daylight,Clear,12:00pm-12:59pm,56,1:00pm-1:59pm,4,Unknown,Unknown EMS Hospital Arrival Time,1,Daylight,Clear,0,3,[],[],0,0,Valid,0.0,0.0,63.0,54.0,"['Male', 'Male']",0,0,3,4,5,Dry,Straight,Level,Lowest,No
17689,25,Massachusetts,250271,1,1,1,0,1,SPRINGFIELD,October,27,Friday,18,24,Urban,High Speed (Arterial),No,42.10390278,-72.583675,Non-Intersection,Dark - Lighted,Clear,6:00pm-6:59pm,30,6:00pm-6:59pm,37,6:00pm-6:59pm,50,1,Dark - Lighted,Clear,0,1,[],[],0,0,Valid,0.0,0.0,22.0,22.0,['Female'],0,0,2,4,4,Dry,Straight,Level,Lowest,No
17690,25,Massachusetts,250272,0,2,2,0,3,SPRINGFIELD,November,6,Monday,16,12,Urban,Medium Speed (Collector),No,42.14638611,-72.49418611,Simple Junction,Daylight,Clear,4:00pm-4:59pm,16,4:00pm-4:59pm,23,5:00pm-5:59pm,1,1,Daylight,Clear,1,2,['Driver'],['None_Used'],0,0,Valid,1.0,0.0,72.0,35.0,"['Male', 'Male']",0,0,5,1,5,Dry,Straight,Level,Lowest,No
17691,25,Massachusetts,250273,1,1,1,0,1,GARDNER,October,26,Thursday,19,35,Urban,Medium Speed (Collector),No,42.5748,-71.99543611,Complex/Circle,Dark - Lighted,Clear,7:00pm-7:59pm,35,7:00pm-7:59pm,35,7:00pm-7:59pm,54,1,Dark - Lighted,Clear,0,1,[],[],0,0,Valid,0.0,0.0,82.0,82.0,['Female'],0,0,2,4,4,Dry,Straight,Level,Lowest,No
17692,25,Massachusetts,250274,0,1,1,0,1,WRENTHAM,October,28,Saturday,17,28,Urban,Low Speed (Local),No,42.08092222,-71.33025,Non-Intersection,Dark - Not Lighted,Clear,5:00pm-5:59pm,28,5:00pm-5:59pm,33,6:00pm-6:59pm,0,1,Dark - Unlighted,Clear,1,0,['Driver'],['None_Used'],1,1,Valid,1.0,0.0,63.0,63.0,['Male'],1,0,5,4,3,Dry,Curve,Level,Lowest,No
17693,25,Massachusetts,250275,1,1,1,0,2,BROCKTON,November,3,Friday,6,35,Urban,High Speed (Arterial),Yes,42.08915278,-71.04489722,Non-Intersection,Dark - Lighted,Clear,6:00am-6:59am,37,6:00am-6:59am,41,6:00am-6:59am,58,1,Dark - Lighted,Clear,0,2,[],[],0,0,Valid,1.0,0.0,67.0,67.0,['Male'],0,0,2,1,4,Dry,Straight,Level,Lowest,No
17694,25,Massachusetts,250276,0,3,3,0,7,LAWRENCE,November,9,Thursday,21,17,Urban,High Speed (Arterial),Yes,42.68952778,-71.14159444,Non-Intersection,Dark - Lighted,Clear,9:00pm-9:59pm,20,9:00pm-9:59pm,25,Not Applicable (Not Transported),Not Applicable (Not Transported),1,Dark - Lighted,Clear,1,6,['Driver'],['None_Used'],1,1,Valid,1.0,0.0,55.0,18.0,"['Female', 'Male', 'Female']",4,0,3,4,5,Dry,Straight,Level,Lowest,No
17695,25,Massachusetts,250277,0,1,1,0,2,SPRINGFIELD,November,13,Monday,22,5,Urban,Medium Speed (Collector),No,42.12276111,-72.51976111,Non-Intersection,Dark - Lighted,Clear,10:00pm-10:59pm,12,10:00pm-10:59pm,18,10:00pm-10:59pm,45,1,Dark - Lighted,Clear,1,1,['Front_Passenger'],['None_Used'],0,0,Valid,0.0,0.0,21.0,21.0,['Male'],2,0,2,4,3,Dry,Curve,Level,Lowest,No
17696,25,Massachusetts,250278,0,1,1,0,1,WEST TISBURY,November,14,Tuesday,22,33,Rural,Medium Speed (Collector),No,41.42093333,-70.66426389,Non-Intersection,Dark - Not Lighted,Clear,10:00pm-10:59pm,34,10:00pm-10:59pm,49,Not Applicable (Not Transported),Not Applicable (Not Transported),1,Dark - Unlighted,Clear,1,0,['Driver'],['Shoulder_Lapbelt'],0,0,Valid,0.0,0.0,17.0,17.0,['Male'],1,0,2,4,3,Dry,Curve,Level,Lowest,No
17697,25,Massachusetts,250279,1,1,1,0,3,FALL RIVER,November,17,Friday,5,15,Urban,High Speed (Arterial),Yes,41.7514,-71.11938889,Non-Intersection,Dark - Not Lighted,"Fog, Smog, Smoke",5:00am-5:59am,25,5:00am-5:59am,32,Not Applicable (Not Transported),Not Applicable (Not Transported),1,Dark - Unlighted,Reduced Visibility,0,3,[],[],0,0,Valid,0.0,0.0,44.0,44.0,['Male'],0,0,3,1,4,Dry,Straight,Level,Lowest,No