,State_Code,State_Name,Crash_ID,Count_Non_Motorists,Count_Vehicles_Total,Count_Vehicle_Forms,Count_PVH_Involved,Count_Occupants_MV,City_Name,Month_Name,Day_of_Month,Day_of_Week,Crash_Hour,Crash_Minute,Area_Rural_Urban,Road_Functional_Class,On_NHS_Road,Latitude,Longitude,Intersection_Type,Light_Condition,Weather_Condition,Notif_Hour,Notif_Minute,Arrival_Hour,Arrival_Minute,Hospital_Hour,Hospital_Minute,Fatalities_Count,Clean_Light_Condition,Clean_Weather_Condition,Total_Killed,Total_Alive,Fatal_Seats_List,Killed_Restraint_List,Any_Driver_Drinking,Total_Drinking_Drivers,Driver_License_Category,Driver_Max_Prev_Accident_Count,Driver_Max_Prev_Speeding_Count,Max_Driver_Age,Min_Driver_Age,Driver_Sex_List,Total_Exceeding_Limit_Vehicles,Total_Too_Fast_Vehicles,Max_Vehicle_Type_Severity_5,Max_Vehicle_Damage_Rank,Max_Harmful_Event_Severity,Crash_Road_Surface_Condition,Crash_Horizontal_Alignment,Crash_Vertical_Profile,Crash_Impairment_Category,Crash_Vehicle_Defect
17698,25,Massachusetts,250280,0,1,1,0,1,WESTMINSTER,November,9,Thursday,21,16,Urban,Low Speed (Local),No,42.58643056,-71.90358056,Simple Junction,Dark - Not Lighted,Cloudy,9:00pm-9:59pm,18,9:00pm-9:59pm,22,Not Applicable (Not Transported),Not Applicable (Not Transported),1,Dark - Unlighted,Reduced Visibility,1,0,['Driver'],['None_Used'],1,1,Invalid,1.0,0.0,46.0,46.0,['Male'],1,0,3,4,3,Wet/Standing Water,Straight,Level,Lowest,No
17699,25,Massachusetts,250281,1,1,1,0,1,SHREWSBURY,September,3,Sunday,17,41,Urban,Low Speed (Local),No,42.29206667,-71.7035,Non-Intersection,Daylight,Clear,5:00pm-5:59pm,43,5:00pm-5:59pm,54,6:00pm-6:59pm,12,1,Daylight,Clear,0,1,[],[],0,0,Valid,0.0,0.0,87.0,87.0,['Male'],0,0,3,1,4,Dry,Straight,Non-Trafficway,Lowest,No
17700,25,Massachusetts,250282,2,1,1,0,0,NEWTON,April,28,Friday,10,8,Urban,Medium Speed (Collector),No,42.35102222,-71.21226111,Non-Intersection,Daylight,Clear,10:00am-10:59am,10,10:00am-10:59am,13,10:00am-10:59am,49,1,Daylight,Clear,0,0,[],[],0,0,Valid,0.0,0.0,49.0,34.0,Other,0,0,2,1,4,Dry,Straight,Non-Trafficway,Lowest,No
17701,25,Massachusetts,250283,0,1,1,0,1,MASHPEE,September,22,Friday,22,54,Urban,Medium Speed (Collector),No,41.61228889,-70.52285833,Non-Intersection,Dark - Not Lighted,Cloudy,10:00pm-10:59pm,54,10:00pm-10:59pm,58,11:00pm-11:59pm,25,1,Dark - Unlighted,Reduced Visibility,1,0,['Driver'],['None_Used'],1,1,Valid,0.0,1.0,24.0,24.0,['Male'],0,0,5,4,3,Dry,Curve,Level,Lowest,No
17702,25,Massachusetts,250284,1,1,1,0,1,EASTON,November,25,Saturday,23,34,Urban,High Speed (Arterial),Yes,42.02433611,-71.13185,Non-Intersection,Dark - Not Lighted,Clear,11:00pm-11:59pm,35,11:00pm-11:59pm,40,0:00am-0:59am,14,1,Dark - Unlighted,Clear,0,1,[],[],0,0,Valid,0.0,0.0,18.0,18.0,['Female'],0,0,2,1,4,Dry,Straight,Level,Lowest,No
17703,25,Massachusetts,250285,1,1,1,0,1,SPRINGFIELD,November,29,Wednesday,18,58,Urban,High Speed (Arterial),Yes,42.08753889,-72.56521389,Non-Intersection,Dark - Lighted,Clear,7:00pm-7:59pm,1,7:00pm-7:59pm,8,7:00pm-7:59pm,28,1,Dark - Lighted,Clear,0,1,[],[],0,0,Valid,1.0,0.0,54.0,54.0,['Male'],0,0,3,1,4,Dry,Straight,Level,Lowest,No
17704,25,Massachusetts,250286,0,1,1,0,1,SPRINGFIELD,November,29,Wednesday,20,16,Urban,Medium Speed (Collector),No,42.096425,-72.53629167,Non-Intersection,Dark - Lighted,Clear,8:00pm-8:59pm,22,8:00pm-8:59pm,28,8:00pm-8:59pm,40,1,Dark - Lighted,Clear,1,0,['Driver'],['None_Used'],0,0,Invalid,0.0,0.0,16.0,16.0,['Male'],0,0,5,1,1,Dry,Straight,Level,Lowest,No
17705,25,Massachusetts,250288,0,2,2,0,2,WEBSTER,December,2,Saturday,22,14,Urban,High Speed (Arterial),Yes,42.06309167,-71.8595,Non-Intersection,Dark - Not Lighted,"Fog, Smog, Smoke",10:00pm-10:59pm,16,10:00pm-10:59pm,23,Not Applicable (Not Transported),Not Applicable (Not Transported),2,Dark - Unlighted,Reduced Visibility,2,0,"['Driver', 'Driver']","['Shoulder_Lapbelt', 'Shoulder_Lapbelt']",1,1,Valid,0.0,0.0,35.0,31.0,"['Male', 'Female']",0,0,3,4,5,Dry,Curve,Level,Lowest,No
17706,25,Massachusetts,250289,0,1,1,0,1,SHARON,December,4,Monday,18,7,Urban,High Speed (Arterial),Yes,42.09,-71.22263056,Non-Intersection,Dark - Not Lighted,Cloudy,6:00pm-6:59pm,7,6:00pm-6:59pm,15,7:00pm-7:59pm,10,1,Dark - Unlighted,Reduced Visibility,1,0,['Driver'],['None_Used'],0,0,Valid,0.0,0.0,48.0,48.0,['Male'],0,0,3,4,2,Wet/Standing Water,Straight,Level,Lowest,No
17707,25,Massachusetts,250290,0,2,2,0,5,NEWTON,August,28,Monday,20,47,Urban,Medium Speed (Collector),No,42.36007778,-71.112875,Complex/Circle,Dark - Lighted,Cloudy,8:00pm-8:59pm,50,8:00pm-8:59pm,54,9:00pm-9:59pm,24,1,Dark - Lighted,Reduced Visibility,1,4,['Rear_Seat'],['None_Used'],0,0,Valid,0.0,0.0,78.0,17.0,"['Male', 'Male']",2,0,5,4,5,Dry,Straight,Level,Lowest,No
17708,25,Massachusetts,250291,1,1,1,0,1,BOSTON,November,25,Saturday,22,45,Urban,High Speed (Arterial),Yes,42.29838333,-71.08676111,Simple Junction,Dark - Lighted,Clear,10:00pm-10:59pm,45,10:00pm-10:59pm,46,11:00pm-11:59pm,8,2,Dark - Lighted,Clear,1,0,['Driver'],['None_Used'],1,1,Invalid,1.0,1.0,27.0,27.0,['Male'],0,0,5,4,4,Dry,Straight,Level,Lowest,No
17709,25,Massachusetts,250292,0,3,3,0,6,WORCESTER,September,29,Friday,15,23,Urban,High Speed (Arterial),Yes,42.22130556,-71.77293056,Non-Intersection,Daylight,Rain,3:00pm-3:59pm,28,3:00pm-3:59pm,57,4:00pm-4:59pm,7,1,Daylight,Rain/Wind/Minor,1,5,['Driver'],['Shoulder_Lapbelt'],0,0,Valid,1.0,0.0,70.0,53.0,"['Female', 'Female', 'Female']",0,0,3,4,5,Wet/Standing Water,Straight,Level,Lowest,No
17710,25,Massachusetts,250293,0,1,1,0,1,WELLESLEY,December,6,Wednesday,7,16,Urban,High Speed (Arterial),Yes,42.31529722,-71.25056389,Non-Intersection,Dawn,Cloudy,7:00am-7:59am,21,7:00am-7:59am,23,7:00am-7:59am,44,1,Twilight,Reduced Visibility,1,0,['Driver'],['Shoulder_Lapbelt'],0,0,Valid,0.0,0.0,60.0,60.0,['Male'],0,0,3,4,3,Dry,Straight,Level,Lowest,No
17711,25,Massachusetts,250294,0,1,1,0,1,ORANGE,December,7,Thursday,10,33,Urban,Medium Speed (Collector),No,42.6323,-72.24601389,Non-Intersection,Daylight,Cloudy,10:00am-10:59am,36,10:00am-10:59am,44,11:00am-11:59am,7,1,Daylight,Reduced Visibility,1,0,['Driver'],['None_Used'],0,0,Valid,0.0,0.0,76.0,76.0,['Male'],0,0,3,4,3,Dry,Curve,Grade/Hillcrest,Medium,No
17712,25,Massachusetts,250295,0,1,1,0,1,MIDDLETON,December,6,Wednesday,12,38,Urban,High Speed (Arterial),Yes,42.61576944,-71.04621389,Non-Intersection,Daylight,Clear,12:00pm-12:59pm,38,12:00pm-12:59pm,43,1:00pm-1:59pm,17,1,Daylight,Clear,1,0,['Driver'],['Shoulder_Lapbelt'],0,0,Valid,0.0,0.0,84.0,84.0,['Male'],0,0,2,4,3,Dry,Straight,Level,Lowest,No
17713,25,Massachusetts,250296,0,3,1,2,3,WALTHAM,December,9,Saturday,23,57,Urban,High Speed (Arterial),No,42.37256111,-71.23663611,Non-Intersection,Dark - Lighted,Cloudy,11:00pm-11:59pm,58,0:00am-0:59am,1,Not Applicable (Not Transported),Not Applicable (Not Transported),1,Dark - Lighted,Reduced Visibility,1,2,['Front_Passenger'],['None_Used'],0,0,Valid,3.0,3.0,21.0,21.0,['Female'],0,0,2,3,5,Dry,Straight,Level,Lowest,No
17714,25,Massachusetts,250297,0,1,1,0,4,MIDDLETON,December,6,Wednesday,21,59,Urban,Low Speed (Local),No,42.63364167,-71.03011111,Non-Intersection,Dark - Not Lighted,Clear,9:00pm-9:59pm,59,10:00pm-10:59pm,31,11:00pm-11:59pm,11,1,Dark - Unlighted,Clear,1,3,['Rear_Seat'],['Shoulder_Lapbelt'],0,0,Valid,0.0,0.0,17.0,17.0,['Male'],0,0,3,3,3,Dry,Straight,Level,Lowest,No
17715,25,Massachusetts,250298,0,1,1,0,1,TOWNSEND,December,15,Friday,20,47,Urban,Low Speed (Local),No,42.67194444,-71.67527778,Simple Junction,Dark - Lighted,Clear,8:00pm-8:59pm,49,8:00pm-8:59pm,56,Not Applicable (Not Transported),Not Applicable (Not Transported),1,Dark - Lighted,Clear,1,0,['Driver'],['Shoulder_Lapbelt'],1,1,Valid,0.0,0.0,53.0,53.0,['Female'],1,0,2,4,3,Dry,Straight,Level,Lowest,No
17716,25,Massachusetts,250299,0,1,1,0,1,EASTHAMPTON,December,12,Tuesday,6,39,Urban,Medium Speed (Collector),No,42.26877778,-72.693875,Complex/Circle,Dawn,Cloudy,7:00am-7:59am,50,7:00am-7:59am,55,Not Applicable (Not Transported),Not Applicable (Not Transported),1,Twilight,Reduced Visibility,1,0,['Driver'],['None_Used'],0,0,Valid,1.0,1.0,21.0,21.0,['Male'],1,0,2,4,3,Dry,Straight,Level,Lowest,No
17717,25,Massachusetts,250300,0,1,1,0,2,MILTON,December,17,Sunday,23,50,Urban,High Speed (Arterial),Yes,42.263525,-71.04525,Non-Intersection,Dark - Lighted,Rain,0:00am-0:59am,0,0:00am-0:59am,5,0:00am-0:59am,33,1,Dark - Lighted,Rain/Wind/Minor,1,1,['Driver'],['None_Used'],1,1,Valid,0.0,0.0,32.0,32.0,['Female'],0,0,2,4,0,Wet/Standing Water,Straight,Level,Lowest,No
17718,25,Massachusetts,250301,1,1,1,0,1,SOMERSET,December,13,Wednesday,21,27,Urban,Medium Speed (Collector),No,41.72355,-71.17884167,Complex/Circle,Dark - Lighted,Clear,9:00pm-9:59pm,27,9:00pm-9:59pm,33,9:00pm-9:59pm,48,1,Dark - Lighted,Clear,0,1,[],[],0,0,Valid,0.0,0.0,49.0,49.0,['Male'],0,0,3,1,4,Dry,Straight,Level,Lowest,No
17719,25,Massachusetts,250303,1,1,1,0,1,BOSTON,September,8,Friday,0,9,Urban,High Speed (Arterial),Yes,42.34870278,-71.07511667,Non-Intersection,Dark - Lighted,Clear,0:00am-0:59am,14,0:00am-0:59am,17,0:00am-0:59am,38,1,Dark - Lighted,Clear,0,1,[],[],0,0,Invalid,1.0,1.0,26.0,26.0,['Male'],0,0,3,1,4,Dry,Straight,Level,Lowest,No
17720,25,Massachusetts,250304,0,3,3,0,6,SOMERSET,December,25,Monday,23,42,Urban,High Speed (Arterial),Yes,41.727225,-71.15296111,Non-Intersection,Dark - Lighted,Clear,11:00pm-11:59pm,4,11:00pm-11:59pm,7,11:00pm-11:59pm,48,3,Dark - Lighted,Clear,3,2,"['Driver', 'Front_Passenger', 'Front_Passenger']","['Shoulder_Lapbelt', 'Shoulder_Lapbelt', 'Shoulder_Lapbelt']",1,1,Valid,0.0,0.0,73.0,25.0,"['Male', 'Male', 'Male']",0,0,3,4,5,Dry,Straight,Level,Lowest,No
17721,25,Massachusetts,250305,0,2,2,0,2,BELCHERTOWN,December,1,Friday,7,30,Urban,Medium Speed (Collector),No,42.30135,-72.41829444,Complex/Circle,Daylight,Cloudy,7:00am-7:59am,31,7:00am-7:59am,37,8:00am-8:59am,20,1,Daylight,Reduced Visibility,1,1,['Driver'],['None_Used'],0,0,Valid,0.0,0.0,54.0,29.0,"['Male', 'Male']",0,0,3,4,5,Dry,Straight,Level,Lowest,No
17722,25,Massachusetts,250306,0,1,1,0,2,EAST LONGMEADOW,December,22,Friday,23,7,Urban,Low Speed (Local),No,42.04717222,-72.47004722,Simple Junction,Dark - Lighted,Cloudy,11:00pm-11:59pm,10,11:00pm-11:59pm,14,11:00pm-11:59pm,38,1,Dark - Lighted,Reduced Visibility,1,1,['Driver'],['Shoulder_Lapbelt'],1,1,Valid,0.0,0.0,28.0,28.0,['Female'],2,0,2,4,4,Dry,Straight,Level,Lowest,No
17723,25,Massachusetts,250307,1,1,1,0,3,BROCKTON,December,30,Saturday,19,1,Urban,High Speed (Arterial),Yes,42.08214167,-71.02286944,Complex/Circle,Dark - Lighted,Clear,7:00pm-7:59pm,6,7:00pm-7:59pm,7,7:00pm-7:59pm,21,1,Dark - Lighted,Clear,0,3,[],[],0,0,Valid,0.0,0.0,68.0,68.0,['Female'],0,0,3,1,4,Dry,Straight,Level,Lowest,No
17724,25,Massachusetts,250308,0,1,1,0,1,SANDWICH,October,1,Sunday,3,26,Urban,Medium Speed (Collector),No,41.69044167,-70.501975,Non-Intersection,Dark - Not Lighted,Clear,3:00am-3:59am,28,3:00am-3:59am,37,Not Applicable (Not Transported),Not Applicable (Not Transported),1,Dark - Unlighted,Clear,1,0,['Driver'],['Shoulder_Lapbelt'],1,1,Valid,2.0,0.0,18.0,18.0,['Female'],1,0,3,4,3,Wet/Standing Water,Straight,Level,Lowest,No
17725,25,Massachusetts,250309,1,1,1,0,1,HAVERHILL,December,20,Wednesday,8,40,Urban,Medium Speed (Collector),No,42.79641111,-71.04970278,Simple Junction,Daylight,Clear,8:00am-8:59am,41,8:00am-8:59am,49,9:00am-9:59am,9,1,Daylight,Clear,0,1,[],[],0,0,Valid,0.0,0.0,51.0,51.0,['Male'],0,0,4,4,4,Dry,Curve,Level,Lowest,No
17726,25,Massachusetts,250310,1,1,1,0,1,BOSTON,December,19,Tuesday,10,8,Urban,High Speed (Arterial),Yes,42.35405,-71.136325,Simple Junction,Daylight,Clear,10:00am-10:59am,8,10:00am-10:59am,16,10:00am-10:59am,34,1,Daylight,Clear,0,1,[],[],0,0,Valid,1.0,0.0,35.0,35.0,['Male'],0,0,4,3,4,Dry,Straight,Level,Lowest,No
17727,25,Massachusetts,250311,0,2,2,0,3,CHELMSFORD,October,4,Wednesday,9,47,Urban,High Speed (Arterial),Yes,42.59964167,-71.36213889,Non-Intersection,Daylight,Clear,9:00am-9:59am,47,9:00am-9:59am,59,10:00am-10:59am,19,1,Daylight,Clear,1,2,['Front_Passenger'],['Shoulder_Lapbelt'],0,0,Valid,0.0,0.0,75.0,65.0,"['Female', 'Male']",0,0,3,4,5,Dry,Straight,Level,Medium,No
17728,25,Massachusetts,250312,1,1,1,0,1,NORTHAMPTON,October,11,Wednesday,18,55,Urban,Medium Speed (Collector),No,42.33130556,-72.63436944,Non-Intersection,Dark - Lighted,Clear,6:00pm-6:59pm,55,6:00pm-6:59pm,58,7:00pm-7:59pm,29,1,Dark - Lighted,Clear,0,1,[],[],0,0,Valid,0.0,0.0,69.0,69.0,['Male'],0,0,2,4,4,Dry,Straight,Level,Lowest,No
17729,25,Massachusetts,250313,0,1,1,0,1,TEMPLETON,October,27,Friday,1,54,Urban,Low Speed (Local),No,42.56299444,-72.1153,Non-Intersection,Dark - Not Lighted,Clear,1:00am-1:59am,56,2:00am-2:59am,4,Not Applicable (Not Transported),Not Applicable (Not Transported),1,Dark - Unlighted,Clear,1,0,['Driver'],['None_Used'],1,1,Valid,0.0,1.0,23.0,23.0,['Male'],1,0,2,4,3,Dry,Straight,Level,Lowest,No
17730,25,Massachusetts,250314,0,2,1,1,1,WAKEFIELD,October,29,Sunday,13,34,Urban,High Speed (Arterial),Yes,42.50024444,-71.05052778,Simple Junction,Daylight,Rain,1:00pm-1:59pm,34,1:00pm-1:59pm,45,2:00pm-2:59pm,24,1,Daylight,Rain/Wind/Minor,1,0,['Driver'],['Shoulder_Lapbelt'],0,0,Valid,0.0,0.0,82.0,82.0,['Female'],0,0,3,4,2,Wet/Standing Water,Straight,Level,Lowest,No
17731,25,Massachusetts,250315,0,2,2,0,2,WEST BOYLSTON,December,13,Wednesday,1,30,Urban,High Speed (Arterial),Yes,42.34171667,-71.80046389,Non-Intersection,Dark - Not Lighted,Clear,1:00am-1:59am,10,1:00am-1:59am,11,2:00am-2:59am,8,1,Dark - Unlighted,Clear,1,1,['Driver'],['Shoulder_Lapbelt'],1,2,Valid,0.0,0.0,30.0,30.0,"['Male', 'Female']",0,0,2,4,5,Dry,Straight,Level,Lowest,No
17732,25,Massachusetts,250316,0,2,2,0,2,METHUEN,November,1,Wednesday,17,33,Urban,Medium Speed (Collector),No,42.72566389,-71.17927222,Non-Intersection,Dusk,Clear,5:00pm-5:59pm,36,5:00pm-5:59pm,39,Unknown,Unknown EMS Hospital Arrival Time,1,Twilight,Clear,1,1,['Driver'],['Shoulder_Lapbelt'],0,0,Valid,0.0,1.0,40.0,19.0,"['Female', 'Male']",0,0,3,4,5,Dry,Curve,Level,Lowest,No
17733,25,Massachusetts,250317,1,1,1,0,1,PITTSFIELD,November,3,Friday,15,32,Urban,High Speed (Arterial),Yes,42.42032778,-73.33480833,Non-Intersection,Daylight,Clear,3:00pm-3:59pm,27,3:00pm-3:59pm,40,4:00pm-4:59pm,0,1,Daylight,Clear,0,1,[],[],0,0,Valid,0.0,0.0,85.0,85.0,['Female'],0,0,2,3,4,Dry,Straight,Level,Lowest,No
17734,25,Massachusetts,250318,0,2,2,0,2,MARSHFIELD,November,20,Monday,9,51,Urban,High Speed (Arterial),Yes,42.10081111,-70.72931111,Simple Junction,Daylight,Clear,9:00am-9:59am,51,9:00am-9:59am,54,10:00am-10:59am,15,1,Daylight,Clear,1,1,['Driver'],['Shoulder_Lapbelt'],0,0,Valid,1.0,0.0,79.0,50.0,"['Female', 'Male']",0,0,3,4,5,Dry,Straight,Level,Lowest,No
17735,25,Massachusetts,250319,1,1,1,0,3,CHARLTON DEPOT,December,14,Thursday,18,9,Urban,High Speed (Arterial),Yes,42.07107222,-72.01411389,Non-Intersection,Dark - Not Lighted,Clear,6:00pm-6:59pm,11,6:00pm-6:59pm,12,6:00pm-6:59pm,52,1,Dark - Unlighted,Clear,0,3,[],[],0,0,Valid,1.0,0.0,46.0,46.0,['Male'],0,0,3,3,4,Dry,Curve,Grade/Hillcrest,Lowest,No
17736,25,Massachusetts,250320,0,2,2,0,2,BOSTON,December,17,Sunday,5,41,Urban,Medium Speed (Collector),No,42.3835,-71.02299444,Simple Junction,Dark - Lighted,Clear,5:00am-5:59am,42,5:00am-5:59am,46,Not Applicable (Not Transported),Not Applicable (Not Transported),1,Dark - Lighted,Clear,1,1,['Driver'],['None_Used'],1,1,Invalid,0.0,0.0,68.0,27.0,"['Male', 'Male']",0,0,5,3,5,Dry,Straight,Level,Lowest,No
17737,25,Massachusetts,250321,0,1,1,0,2,CHARLTON CITY,December,17,Sunday,1,29,Urban,Medium Speed (Collector),No,42.17986111,-71.92731111,Non-Intersection,Dark - Not Lighted,Cloudy,1:00am-1:59am,31,1:00am-1:59am,38,2:00am-2:59am,30,1,Dark - Unlighted,Reduced Visibility,1,1,['Non_Standard_Risk'],['None_Used'],1,1,Valid,1.0,0.0,23.0,23.0,['Male'],0,0,3,1,1,Dry,Curve,Level,Lowest,No
17738,25,Massachusetts,250323,1,3,3,0,3,NEW BEDFORD,December,29,Friday,17,10,Urban,High Speed (Arterial),Yes,41.67396111,-70.9436,Non-Intersection,Dark - Not Lighted,Cloudy,5:00pm-5:59pm,11,5:00pm-5:59pm,17,Unknown,Unknown EMS Hospital Arrival Time,1,Dark - Unlighted,Reduced Visibility,0,3,[],[],0,0,Valid,0.0,0.0,63.0,58.0,"['Male', 'Male']",0,0,3,4,5,Dry,Straight,Level,Lowest,No
17739,25,Massachusetts,250324,0,1,1,0,1,ASHBY,October,19,Thursday,17,53,Urban,Medium Speed (Collector),No,42.66488889,-71.79328056,Non-Intersection,Dark - Not Lighted,Clear,5:00pm-5:59pm,53,6:00pm-6:59pm,3,6:00pm-6:59pm,52,1,Dark - Unlighted,Clear,1,0,['Driver'],['None_Used'],0,0,Valid,0.0,0.0,22.0,22.0,['Male'],1,0,5,4,3,Dry,Curve,Level,Lowest,No
17740,25,Massachusetts,250327,0,2,2,0,4,BOSTON,December,22,Friday,12,26,Urban,Medium Speed (Collector),No,42.27226111,-71.16403333,Simple Junction,Daylight,Clear,12:00pm-12:59pm,31,12:00pm-12:59pm,38,1:00pm-1:59pm,13,1,Daylight,Clear,1,3,['Driver'],['Shoulder_Lapbelt'],0,0,Valid,1.0,0.0,96.0,62.0,"['Male', 'Female']",0,0,3,4,5,Dry,Straight,Level,Lowest,No
17741,25,Massachusetts,250328,0,1,1,0,1,WORCESTER,August,5,Saturday,10,19,Urban,Low Speed (Local),No,42.25767222,-71.75886667,Non-Intersection,Daylight,Clear,10:00am-10:59am,34,10:00am-10:59am,36,11:00am-11:59am,6,1,Daylight,Clear,1,0,['Driver'],['None_Used'],0,0,Valid,2.0,0.0,37.0,37.0,['Female'],1,0,3,4,3,Dry,Straight,Level,Lowest,No
17742,25,Massachusetts,250329,0,1,1,0,1,ROCKPORT,November,15,Wednesday,10,28,Urban,Medium Speed (Collector),No,42.64081389,-70.60087222,Non-Intersection,Daylight,Clear,10:00am-10:59am,30,10:00am-10:59am,44,11:00am-11:59am,2,1,Daylight,Clear,1,0,['Driver'],['Shoulder_Lapbelt'],0,0,Valid,0.0,0.0,83.0,83.0,['Male'],0,0,3,4,3,Dry,Straight,Level,Lowest,No
17743,25,Massachusetts,250330,5,4,2,2,2,WALTHAM,December,6,Wednesday,16,16,Urban,High Speed (Arterial),Yes,42.39337778,-71.24519444,Non-Intersection,Daylight,Cloudy,4:00pm-4:59pm,17,4:00pm-4:59pm,27,4:00pm-4:59pm,54,2,Daylight,Reduced Visibility,0,2,[],[],1,1,Invalid,1.0,0.0,54.0,43.0,"['Male', 'Female']",1,0,3,4,5,Dry,Straight,Level,Lowest,No
17744,25,Massachusetts,250331,0,3,3,0,5,CENTERVILLE,August,22,Tuesday,16,51,Urban,Medium Speed (Collector),No,41.66233056,-70.35461389,Simple Junction,Daylight,Clear,4:00pm-4:59pm,51,4:00pm-4:59pm,59,5:00pm-5:59pm,27,1,Daylight,Clear,1,3,['Driver'],['None_Used'],1,1,Valid,0.0,0.0,53.0,39.0,"['Female', 'Male', 'Female']",0,0,3,4,5,Dry,Straight,Level,Lowest,No
17745,25,Massachusetts,250333,0,1,1,0,1,BEVERLY,December,27,Wednesday,11,45,Urban,Medium Speed (Collector),No,42.55487778,-70.90682222,Non-Intersection,Daylight,Clear,11:00am-11:59am,47,11:00am-11:59am,51,12:00pm-12:59pm,9,1,Daylight,Clear,1,0,['Driver'],['Shoulder_Lapbelt'],0,0,Valid,0.0,0.0,70.0,70.0,['Male'],0,0,2,4,3,Dry,Straight,Level,Lowest,No
17746,25,Massachusetts,250334,1,1,1,0,1,ROCKLAND,August,18,Friday,21,20,Urban,Medium Speed (Collector),No,42.13398333,-70.91675278,Non-Intersection,Dark - Lighted,Clear,9:00pm-9:59pm,20,9:00pm-9:59pm,20,9:00pm-9:59pm,35,1,Dark - Lighted,Clear,0,1,[],[],0,0,Valid,0.0,0.0,18.0,18.0,['Male'],0,0,2,1,4,Dry,Straight,Level,Lowest,No
17747,25,Massachusetts,250335,0,1,1,0,2,ANDOVER,November,24,Friday,3,40,Urban,High Speed (Arterial),Yes,42.67385556,-71.17514722,Non-Intersection,Dark - Not Lighted,Clear,3:00am-3:59am,41,3:00am-3:59am,50,4:00am-4:59am,21,1,Dark - Unlighted,Clear,1,1,['Rear_Seat'],['Child_Safety'],1,1,Valid,0.0,1.0,33.0,33.0,['Female'],0,0,2,4,3,Dry,Straight,Level,Lowest,No
17748,25,Massachusetts,250336,0,3,3,0,3,STONEHAM,December,13,Wednesday,8,36,Urban,High Speed (Arterial),Yes,42.46402778,-71.10346667,Non-Intersection,Daylight,Clear,8:00am-8:59am,38,8:00am-8:59am,50,Unknown,Unknown EMS Hospital Arrival Time,1,Daylight,Clear,1,1,['Driver'],['None_Used'],0,0,Valid,0.0,0.0,998.0,34.0,"['Female', 'Male', 'Other']",2,0,3,4,5,Dry,Straight,Level,Lowest,No
17749,25,Massachusetts,250337,0,2,2,0,5,ANDOVER,December,30,Saturday,22,45,Urban,High Speed (Arterial),Yes,42.67598611,-71.16574167,Non-Intersection,Dark - Not Lighted,Clear,10:00pm-10:59pm,49,10:00pm-10:59pm,59,11:00pm-11:59pm,35,2,Dark - Unlighted,Clear,2,3,"['Rear_Seat', 'Rear_Seat']","['Shoulder_Lapbelt', 'Shoulder_Lapbelt']",1,1,Valid,0.0,0.0,32.0,22.0,"['Female', 'Female']",0,0,3,4,5,Wet/Standing Water,Straight,Level,Medium,No
17750,25,Massachusetts,250338,1,1,1,0,1,BOSTON,December,18,Monday,2,52,Urban,High Speed (Arterial),Yes,42.39414444,-71.06723889,Simple Junction,Dark - Lighted,Rain,3:00am-3:59am,13,3:00am-3:59am,19,Not Applicable (Not Transported),Not Applicable (Not Transported),1,Dark - Lighted,Rain/Wind/Minor,0,1,[],[],0,0,Valid,1.0,0.0,22.0,22.0,['Male'],0,0,2,1,4,Wet/Standing Water,Straight,Level,Lowest,No
17751,25,Massachusetts,250339,0,1,1,0,1,EAST BILLERICA,August,16,Wednesday,20,2,Urban,Low Speed (Local),No,42.54663611,-71.31427778,Non-Intersection,Dusk,Cloudy,8:00pm-8:59pm,4,8:00pm-8:59pm,9,8:00pm-8:59pm,50,1,Twilight,Reduced Visibility,1,0,['Driver'],['None_Used'],0,0,Valid,1.0,1.0,20.0,20.0,['Male'],1,0,5,4,3,Dry,Straight,Level,Lowest,No
17752,25,Massachusetts,250340,2,5,3,2,4,GRAFTON,November,15,Wednesday,21,44,Urban,High Speed (Arterial),Yes,42.22565833,-71.70375278,Non-Intersection,Dark - Not Lighted,Cloudy,9:00pm-9:59pm,32,9:00pm-9:59pm,43,10:00pm-10:59pm,15,1,Dark - Unlighted,Reduced Visibility,0,4,[],[],0,0,Valid,0.0,1.0,61.0,30.0,"['Male', 'Male', 'Male']",0,0,4,4,5,Dry,Straight,Level,Lowest,No
17753,25,Massachusetts,250341,0,1,1,0,1,HOLYOKE,August,19,Saturday,13,45,Urban,Medium Speed (Collector),No,42.20761111,-72.59463889,Non-Intersection,Daylight,Cloudy,1:00pm-1:59pm,46,1:00pm-1:59pm,54,Not Applicable (Not Transported),Not Applicable (Not Transported),1,Daylight,Reduced Visibility,1,0,['Driver'],['Shoulder_Lapbelt'],0,0,Valid,0.0,0.0,58.0,58.0,['Male'],0,0,2,4,4,Dry,Curve,Level,Medium,No
17754,25,Massachusetts,250342,1,5,5,0,6,LITTLETON,December,28,Thursday,21,18,Urban,High Speed (Arterial),Yes,42.54936111,-71.47738056,Non-Intersection,Dark - Not Lighted,Rain,9:00pm-9:59pm,22,9:00pm-9:59pm,27,Unknown,Unknown EMS Hospital Arrival Time,1,Dark - Unlighted,Rain/Wind/Minor,0,6,[],[],0,0,Valid,1.0,3.0,70.0,24.0,"['Male', 'Male', 'Male', 'Female']",0,0,3,4,5,Wet/Standing Water,Straight,Level,Lowest,No
17755,25,Massachusetts,250343,0,2,1,1,1,NEW BEDFORD,December,22,Friday,20,14,Urban,High Speed (Arterial),Yes,41.68146667,-70.93397778,Non-Intersection,Dark - Lighted,Clear,8:00pm-8:59pm,14,8:00pm-8:59pm,27,Not Applicable (Not Transported),Not Applicable (Not Transported),1,Dark - Lighted,Clear,1,0,['Driver'],['None_Used'],1,1,Valid,1.0,7.0,26.0,26.0,['Male'],1,0,2,4,5,Dry,Straight,Level,Lowest,Yes
17756,26,Michigan,260001,1,1,1,0,1,NOT APPLICABLE,January,1,Sunday,5,49,Urban,Medium Speed (Collector),No,42.72443611,-83.1355,Non-Intersection,Dark - Not Lighted,Clear,5:00am-5:59am,49,5:00am-5:59am,54,Not Applicable (Not Transported),Not Applicable (Not Transported),1,Dark - Unlighted,Clear,0,1,[],[],0,0,Valid,0.0,1.0,57.0,57.0,['Female'],0,0,2,3,4,Dry,Straight,Level,Lowest,No