,State_Code,State_Name,Crash_ID,Count_Non_Motorists,Count_Vehicles_Total,Count_Vehicle_Forms,Count_PVH_Involved,Count_Occupants_MV,City_Name,Month_Name,Day_of_Month,Day_of_Week,Crash_Hour,Crash_Minute,Area_Rural_Urban,Road_Functional_Class,On_NHS_Road,Latitude,Longitude,Intersection_Type,Light_Condition,Weather_Condition,Notif_Hour,Notif_Minute,Arrival_Hour,Arrival_Minute,Hospital_Hour,Hospital_Minute,Fatalities_Count,Clean_Light_Condition,Clean_Weather_Condition,Total_Killed,Total_Alive,Fatal_Seats_List,Killed_Restraint_List,Any_Driver_Drinking,Total_Drinking_Drivers,Driver_License_Category,Driver_Max_Prev_Accident_Count,Driver_Max_Prev_Speeding_Count,Max_Driver_Age,Min_Driver_Age,Driver_Sex_List,Total_Exceeding_Limit_Vehicles,Total_Too_Fast_Vehicles,Max_Vehicle_Type_Severity_5,Max_Vehicle_Damage_Rank,Max_Harmful_Event_Severity,Crash_Road_Surface_Condition,Crash_Horizontal_Alignment,Crash_Vertical_Profile,Crash_Impairment_Category,Crash_Vehicle_Defect
17757,26,Michigan,260002,0,1,1,0,1,NOT APPLICABLE,January,6,Friday,13,16,Rural,Medium Speed (Collector),No,42.32215278,-84.23135556,Non-Intersection,Daylight,Cloudy,1:00pm-1:59pm,22,1:00pm-1:59pm,32,Not Applicable (Not Transported),Not Applicable (Not Transported),1,Daylight,Reduced Visibility,1,0,['Driver'],['None_Used'],0,0,Invalid,0.0,0.0,35.0,35.0,['Female'],1,0,2,4,2,Wet/Standing Water,Straight,Level,Lowest,No
17758,26,Michigan,260003,0,1,1,0,1,PARMA,January,1,Sunday,3,46,Rural,High Speed (Arterial),Yes,42.2623,-84.70618333,Non-Intersection,Dark - Not Lighted,Clear,Unknown,Unknown if Notified,Unknown EMS Scene Arrival Hour,Unknown if Arrived,Not Applicable (Not Transported),Not Applicable (Not Transported),1,Dark - Unlighted,Clear,1,0,['Driver'],['Shoulder_Lapbelt'],1,1,Valid,0.0,0.0,42.0,42.0,['Female'],0,0,2,4,2,Dry,Curve,Level,Lowest,No
17759,26,Michigan,260004,0,2,2,0,3,NOT APPLICABLE,January,8,Sunday,15,10,Rural,High Speed (Arterial),Yes,43.42603611,-84.67745278,Non-Intersection,Daylight,Cloudy,3:00pm-3:59pm,12,3:00pm-3:59pm,20,Unknown,Unknown EMS Hospital Arrival Time,1,Daylight,Reduced Visibility,1,2,['Front_Passenger'],['Shoulder_Lapbelt'],0,0,Valid,0.0,0.0,66.0,16.0,"['Male', 'Female']",0,0,3,4,5,Dry,Straight,Level,Lowest,No
17760,26,Michigan,260005,0,1,1,0,1,FLINT TOWNSHIP,January,2,Monday,12,6,Urban,High Speed (Arterial),Yes,43.03896111,-83.75435,Non-Intersection,Daylight,Clear,Unknown,Unknown,Unknown EMS Scene Arrival Hour,Unknown EMS Scene Arrival Minutes,Not Applicable (Not Transported),Not Applicable (Not Transported),1,Daylight,Clear,1,0,['Driver'],['Shoulder_Lapbelt'],0,0,Valid,0.0,0.0,41.0,41.0,['Male'],0,0,2,4,3,Dry,Straight,Level,Lowest,No
17761,26,Michigan,260006,0,2,2,0,2,NOT APPLICABLE,January,9,Monday,15,33,Urban,High Speed (Arterial),Yes,41.80541667,-86.30407778,Non-Intersection,Daylight,Cloudy,3:00pm-3:59pm,33,3:00pm-3:59pm,43,Unknown,Unknown EMS Hospital Arrival Time,2,Daylight,Reduced Visibility,2,0,"['Driver', 'Driver']","['Shoulder_Lapbelt', 'Shoulder_Lapbelt']",0,0,Valid,0.0,0.0,45.0,35.0,"['Male', 'Male']",0,0,4,4,5,Dry,Straight,Level,Lowest,No
17762,26,Michigan,260007,1,1,1,0,1,NOT APPLICABLE,January,11,Wednesday,21,48,Rural,High Speed (Arterial),Yes,41.82700556,-83.43185278,Non-Intersection,Dark - Lighted,Cloudy,Unknown,Unknown,Unknown EMS Scene Arrival Hour,Unknown EMS Scene Arrival Minutes,Not Applicable (Not Transported),Not Applicable (Not Transported),1,Dark - Lighted,Reduced Visibility,0,1,[],[],0,0,Valid,0.0,1.0,36.0,36.0,['Male'],0,0,3,4,4,Dry,Straight,Level,Lowest,No
17763,26,Michigan,260008,0,2,2,0,2,NOT APPLICABLE,January,15,Sunday,12,34,Urban,High Speed (Arterial),Yes,45.82808056,-87.04515278,Non-Intersection,Daylight,Clear,12:00pm-12:59pm,37,12:00pm-12:59pm,43,Unknown,Unknown EMS Hospital Arrival Time,1,Daylight,Clear,1,1,['Driver'],['None_Used'],0,0,Valid,0.0,0.0,81.0,55.0,"['Male', 'Male']",0,0,3,4,5,Dry,Straight,Level,Lowest,No
17764,26,Michigan,260009,0,1,1,0,1,NOT APPLICABLE,January,16,Monday,5,10,Urban,Medium Speed (Collector),No,42.19829722,-83.79710556,Non-Intersection,Dark - Lighted,Cloudy,6:00am-6:59am,3,6:00am-6:59am,20,Not Applicable (Not Transported),Not Applicable (Not Transported),1,Dark - Lighted,Reduced Visibility,1,0,['Driver'],['None_Used'],1,1,Invalid,0.0,0.0,69.0,69.0,['Male'],0,0,3,4,3,Dry,Straight,Level,Lowest,No
17765,26,Michigan,260010,0,1,1,0,1,NOT APPLICABLE,January,6,Friday,8,0,Rural,Medium Speed (Collector),No,43.48154167,-85.79158333,Non-Intersection,Dark - Not Lighted,Sleet or Hail,8:00am-8:59am,30,8:00am-8:59am,40,Not Applicable (Not Transported),Not Applicable (Not Transported),1,Dark - Unlighted,Snow/Ice/Severe,1,0,['Driver'],['None_Used'],0,0,Valid,0.0,0.0,66.0,66.0,['Male'],0,0,3,4,3,Icy/Snowy,Straight,Level,Lowest,No
17766,26,Michigan,260011,0,1,1,0,1,NOT APPLICABLE,January,13,Friday,18,58,Rural,Low Speed (Local),No,42.79819167,-85.37390833,Non-Intersection,Dark - Not Lighted,Cloudy,Unknown,Unknown,Unknown EMS Scene Arrival Hour,Unknown EMS Scene Arrival Minutes,Not Applicable (Not Transported),Not Applicable (Not Transported),1,Dark - Unlighted,Reduced Visibility,1,0,['Driver'],['Shoulder_Lapbelt'],1,1,Valid,0.0,0.0,60.0,60.0,['Male'],0,0,3,4,3,Dry,Straight,Level,Lowest,No
17767,26,Michigan,260012,1,1,1,0,2,SAULT STE MARIE,January,6,Friday,22,55,Urban,Medium Speed (Collector),No,46.46301111,-84.35187222,Non-Intersection,Dark - Not Lighted,Clear,10:00pm-10:59pm,57,11:00pm-11:59pm,5,Unknown,Unknown EMS Hospital Arrival Time,1,Dark - Unlighted,Clear,0,2,[],[],0,0,Valid,0.0,0.0,81.0,81.0,['Male'],0,0,1,4,4,Dry,Straight,Level,Lowest,No
17768,26,Michigan,260013,0,1,1,0,2,DUNDEE,January,6,Friday,21,53,Rural,Medium Speed (Collector),No,41.95735556,-83.65979444,Complex/Circle,Dark - Lighted,Rain,9:00pm-9:59pm,58,9:00pm-9:59pm,58,Unknown,Unknown EMS Hospital Arrival Time,1,Dark - Lighted,Rain/Wind/Minor,1,1,['Front_Passenger'],['None_Used'],1,1,Invalid,2.0,0.0,31.0,31.0,['Male'],0,0,2,4,3,Wet/Standing Water,Straight,Level,Lowest,No
17769,26,Michigan,260014,0,1,1,0,1,NOT APPLICABLE,January,16,Monday,2,20,Rural,Medium Speed (Collector),No,44.91298333,-85.50497778,Non-Intersection,Dark - Not Lighted,Clear,Unknown,Unknown,Unknown EMS Scene Arrival Hour,Unknown EMS Scene Arrival Minutes,Not Applicable (Not Transported),Not Applicable (Not Transported),1,Dark - Unlighted,Clear,1,0,['Driver'],['Shoulder_Lapbelt'],1,1,Valid,0.0,1.0,23.0,23.0,['Male'],1,0,3,4,3,Dry,Curve,Level,Lowest,No
17770,26,Michigan,260015,0,2,2,0,2,NOT APPLICABLE,January,13,Friday,7,13,Urban,Medium Speed (Collector),No,43.20641667,-85.28239444,Simple Junction,Dark - Lighted,Cloudy,7:00am-7:59am,20,7:00am-7:59am,28,Not Applicable (Not Transported),Not Applicable (Not Transported),1,Dark - Lighted,Reduced Visibility,1,1,['Driver'],['Shoulder_Lapbelt'],1,1,Valid,1.0,0.0,54.0,18.0,"['Female', 'Male']",0,0,3,4,5,Dry,Straight,Level,Lowest,No
17771,26,Michigan,260016,0,1,1,0,1,NOT APPLICABLE,January,19,Thursday,10,24,Rural,Medium Speed (Collector),No,42.79953611,-84.70114722,Non-Intersection,Daylight,Rain,10:00am-10:59am,25,10:00am-10:59am,40,Not Applicable (Not Transported),Not Applicable (Not Transported),1,Daylight,Rain/Wind/Minor,1,0,['Driver'],['Shoulder_Lapbelt'],0,0,Valid,1.0,4.0,52.0,52.0,['Male'],0,0,3,4,3,Wet/Standing Water,Straight,Grade/Hillcrest,Lowest,No
17772,26,Michigan,260017,0,1,1,0,1,NOT APPLICABLE,January,16,Monday,8,51,Rural,Medium Speed (Collector),No,42.16665556,-85.18296667,Non-Intersection,Daylight,Clear,8:00am-8:59am,51,9:00am-9:59am,0,Unknown,Unknown EMS Hospital Arrival Time,1,Daylight,Clear,1,0,['Driver'],['None_Used'],0,0,Valid,0.0,0.0,72.0,72.0,['Female'],0,0,2,4,3,Dry,Straight,Level,Lowest,No
17773,26,Michigan,260018,0,1,1,0,1,DETROIT,January,21,Saturday,13,54,Urban,Medium Speed (Collector),No,42.32347222,-83.10598333,Non-Intersection,Daylight,Cloudy,Unknown,Unknown,Unknown EMS Scene Arrival Hour,Unknown EMS Scene Arrival Minutes,Not Applicable (Not Transported),Not Applicable (Not Transported),1,Daylight,Reduced Visibility,1,0,['Driver'],['Shoulder_Lapbelt'],0,0,Invalid,0.0,0.0,33.0,33.0,['Female'],1,0,2,4,3,Dry,Straight,Level,Lowest,No
17774,26,Michigan,260019,1,1,1,0,2,NOT APPLICABLE,January,11,Wednesday,18,20,Urban,Medium Speed (Collector),No,43.10476111,-83.71290833,Non-Intersection,Dark - Lighted,Clear,Unknown,Unknown if Notified,Unknown EMS Scene Arrival Hour,Unknown if Arrived,Not Applicable (Not Transported),Not Applicable (Not Transported),1,Dark - Lighted,Clear,0,2,[],[],0,0,Valid,0.0,0.0,29.0,29.0,['Male'],0,0,3,2,4,Dry,Straight,Level,Lowest,No
17775,26,Michigan,260020,0,1,1,0,3,NOT APPLICABLE,January,22,Sunday,1,40,Urban,Low Speed (Local),No,42.77183056,-86.19521667,Non-Intersection,Dark - Not Lighted,Reported as Unknown,Unknown,Unknown,Unknown EMS Scene Arrival Hour,Unknown EMS Scene Arrival Minutes,Unknown,Unknown EMS Hospital Arrival Time,1,Dark - Unlighted,Clear,1,2,['Driver'],['Shoulder_Lapbelt'],1,1,Invalid,0.0,0.0,52.0,52.0,['Male'],0,0,2,4,4,Dry,Straight,Level,Lowest,No
17776,26,Michigan,260021,1,1,1,0,1,NOT APPLICABLE,January,13,Friday,6,35,Urban,Low Speed (Local),No,43.01824167,-83.53715833,Non-Intersection,Dark - Not Lighted,Cloudy,Unknown,Unknown if Notified,Unknown EMS Scene Arrival Hour,Unknown if Arrived,Not Applicable (Not Transported),Not Applicable (Not Transported),1,Dark - Unlighted,Reduced Visibility,0,1,[],[],0,0,Valid,0.0,0.0,22.0,22.0,['Male'],0,0,3,2,4,Dry,Straight,Level,Lowest,No
17777,26,Michigan,260022,1,1,1,0,1,DEARBORN,January,20,Friday,18,34,Urban,High Speed (Arterial),Yes,42.34409167,-83.17218889,Complex/Circle,Dark - Not Lighted,Clear,6:00pm-6:59pm,35,6:00pm-6:59pm,38,Unknown,Unknown EMS Hospital Arrival Time,1,Dark - Unlighted,Clear,0,1,[],[],0,0,Valid,2.0,0.0,24.0,24.0,['Male'],0,0,2,3,4,Dry,Straight,Level,Lowest,No
17778,26,Michigan,260023,0,1,1,0,1,NOT APPLICABLE,January,14,Saturday,5,49,Rural,High Speed (Arterial),Yes,42.74113333,-83.47548611,Non-Intersection,Dark - Not Lighted,Cloudy,Unknown,Unknown,Unknown EMS Scene Arrival Hour,Unknown EMS Scene Arrival Minutes,Not Applicable (Not Transported),Not Applicable (Not Transported),1,Dark - Unlighted,Reduced Visibility,1,0,['Driver'],['None_Used'],0,0,Valid,0.0,0.0,32.0,32.0,['Male'],0,0,2,4,3,Dry,Straight,Level,Lowest,No
17779,26,Michigan,260024,1,1,1,0,1,DEARBORN,January,16,Monday,22,0,Urban,High Speed (Arterial),Yes,42.32441111,-83.16793889,Non-Intersection,Dark - Lighted,Rain,Unknown,Unknown,Unknown EMS Scene Arrival Hour,Unknown EMS Scene Arrival Minutes,Unknown,Unknown EMS Hospital Arrival Time,1,Dark - Lighted,Rain/Wind/Minor,0,1,[],[],0,0,Valid,1.0,0.0,54.0,54.0,['Male'],0,0,3,3,4,Wet/Standing Water,Straight,Level,Lowest,No
17780,26,Michigan,260025,0,1,1,0,1,FLINT TOWNSHIP,January,18,Wednesday,22,26,Urban,Medium Speed (Collector),No,43.03223333,-83.75363611,Non-Intersection,Dark - Not Lighted,Clear,Unknown,Unknown,Unknown EMS Scene Arrival Hour,Unknown EMS Scene Arrival Minutes,Not Applicable (Not Transported),Not Applicable (Not Transported),1,Dark - Unlighted,Clear,1,0,['Driver'],['Shoulder_Lapbelt'],0,0,Valid,2.0,0.0,42.0,42.0,['Male'],1,0,3,4,3,Dry,Straight,Level,Lowest,No
17781,26,Michigan,260026,0,2,2,0,2,NOT APPLICABLE,January,19,Thursday,14,10,Urban,Medium Speed (Collector),No,42.61055278,-83.56698333,Simple Junction,Daylight,Cloudy,2:00pm-2:59pm,11,2:00pm-2:59pm,16,Not Applicable (Not Transported),Not Applicable (Not Transported),1,Daylight,Reduced Visibility,1,1,['Driver'],['Shoulder_Lapbelt'],0,0,Valid,2.0,0.0,62.0,16.0,"['Male', 'Female']",0,0,4,4,5,Wet/Standing Water,Straight,Level,Lowest,No
17782,26,Michigan,260027,0,1,1,0,1,NOT APPLICABLE,January,23,Monday,6,54,Rural,Medium Speed (Collector),No,42.89076389,-84.24657778,Non-Intersection,Dark - Not Lighted,Cloudy,Unknown,Unknown,Unknown EMS Scene Arrival Hour,Unknown EMS Scene Arrival Minutes,Not Applicable (Not Transported),Not Applicable (Not Transported),1,Dark - Unlighted,Reduced Visibility,1,0,['Driver'],['None_Used'],0,0,Valid,0.0,0.0,20.0,20.0,['Female'],1,0,3,4,3,Icy/Snowy,Curve,Level,Lowest,No
17783,26,Michigan,260028,0,1,1,0,4,DETROIT,January,21,Saturday,9,48,Urban,Low Speed (Local),No,42.41387778,-82.93019167,Complex/Circle,Daylight,Clear,Unknown,Unknown,Unknown EMS Scene Arrival Hour,Unknown EMS Scene Arrival Minutes,Unknown,Unknown EMS Hospital Arrival Time,1,Daylight,Clear,1,3,['Front_Passenger'],['Shoulder_Lapbelt'],0,0,Valid,0.0,1.0,29.0,29.0,['Male'],4,0,3,4,3,Dry,Straight,Level,Lowest,No
17784,26,Michigan,260029,0,1,1,0,2,NOT APPLICABLE,January,24,Tuesday,21,15,Rural,Medium Speed (Collector),No,41.90986389,-86.30982222,Non-Intersection,Dark - Not Lighted,Clear,Unknown,Unknown,Unknown EMS Scene Arrival Hour,Unknown EMS Scene Arrival Minutes,Not Applicable (Not Transported),Not Applicable (Not Transported),2,Dark - Unlighted,Clear,2,0,"['Driver', 'Front_Passenger']","['Shoulder_Lapbelt', 'Shoulder_Lapbelt']",0,0,Valid,0.0,0.0,60.0,60.0,['Male'],2,0,3,4,3,Dry,Straight,Level,Lowest,No
17785,26,Michigan,260030,0,1,1,0,1,NOT APPLICABLE,January,16,Monday,13,48,Rural,Medium Speed (Collector),No,43.87313611,-84.71894444,Non-Intersection,Daylight,Cloudy,Unknown,Unknown,Unknown EMS Scene Arrival Hour,Unknown EMS Scene Arrival Minutes,Not Applicable (Not Transported),Not Applicable (Not Transported),1,Daylight,Reduced Visibility,1,0,['Driver'],['Shoulder_Lapbelt'],0,0,Valid,0.0,0.0,70.0,70.0,['Male'],0,0,2,4,3,Dry,Straight,Level,Lowest,No
17786,26,Michigan,260031,0,1,1,0,1,NOT APPLICABLE,January,26,Thursday,10,59,Rural,Medium Speed (Collector),No,42.28852778,-85.73430833,Non-Intersection,Daylight,Snow,10:00am-10:59am,59,11:00am-11:59am,7,Not Applicable (Not Transported),Not Applicable (Not Transported),1,Daylight,Snow/Ice/Severe,1,0,['Driver'],['Shoulder_Lapbelt'],0,0,Valid,0.0,0.0,70.0,70.0,['Male'],1,0,3,4,3,Icy/Snowy,Curve,Grade/Hillcrest,Lowest,No
17787,26,Michigan,260032,0,2,2,0,2,NOT APPLICABLE,January,26,Thursday,18,16,Urban,Medium Speed (Collector),No,42.71614722,-83.19594722,Non-Intersection,Dark - Not Lighted,Snow,6:00pm-6:59pm,16,6:00pm-6:59pm,26,Unknown,Unknown EMS Hospital Arrival Time,1,Dark - Unlighted,Snow/Ice/Severe,1,1,['Driver'],['None_Used'],0,0,Valid,2.0,0.0,61.0,30.0,"['Male', 'Male']",0,0,3,4,5,Wet/Standing Water,Straight,Level,Lowest,No
17788,26,Michigan,260033,0,1,1,0,3,NOT APPLICABLE,January,10,Tuesday,19,45,Rural,Medium Speed (Collector),No,44.24131111,-84.16581944,Simple Junction,Dark - Not Lighted,Clear,Unknown,Unknown,Unknown EMS Scene Arrival Hour,Unknown EMS Scene Arrival Minutes,Unknown,Unknown EMS Hospital Arrival Time,1,Dark - Unlighted,Clear,1,2,['Driver'],['None_Used'],0,0,Valid,4.0,2.0,58.0,58.0,['Male'],0,0,2,4,3,Wet/Standing Water,Straight,Level,Lowest,No
17789,26,Michigan,260034,0,3,3,0,6,NOT APPLICABLE,January,26,Thursday,7,25,Rural,Medium Speed (Collector),No,43.03753889,-84.38704167,Non-Intersection,Dark - Not Lighted,Cloudy,Unknown,Unknown,Unknown EMS Scene Arrival Hour,Unknown EMS Scene Arrival Minutes,Unknown,Unknown EMS Hospital Arrival Time,1,Dark - Unlighted,Reduced Visibility,1,5,['Front_Passenger'],['Shoulder_Lapbelt'],0,0,Valid,1.0,0.0,59.0,38.0,"['Female', 'Female', 'Male']",0,0,3,4,5,Icy/Snowy,Straight,Level,Lowest,No
17790,26,Michigan,260035,0,2,2,0,2,NOT APPLICABLE,January,14,Saturday,13,6,Rural,Low Speed (Local),No,43.46621111,-83.54282222,Complex/Circle,Daylight,Clear,1:00pm-1:59pm,6,1:00pm-1:59pm,10,Unknown,Unknown EMS Hospital Arrival Time,1,Daylight,Clear,1,1,['Driver'],['Shoulder_Lapbelt'],1,1,Valid,1.0,1.0,42.0,17.0,"['Male', 'Female']",1,0,3,4,5,Dry,Straight,Level,Lowest,No
17791,26,Michigan,260036,0,2,2,0,2,NOT APPLICABLE,January,23,Monday,8,30,Urban,Medium Speed (Collector),No,42.00745,-83.34876389,Non-Intersection,Daylight,Cloudy,8:00am-8:59am,39,8:00am-8:59am,44,Not Applicable (Not Transported),Not Applicable (Not Transported),1,Daylight,Reduced Visibility,1,1,['Driver'],['Shoulder_Lapbelt'],1,1,Valid,0.0,0.0,34.0,25.0,"['Female', 'Female']",1,0,3,4,5,Icy/Snowy,Straight,Level,Lowest,No
17792,26,Michigan,260037,0,2,2,0,2,MONROE,January,24,Tuesday,20,38,Urban,High Speed (Arterial),Yes,41.90099444,-83.37366111,Non-Intersection,Dark - Lighted,Cloudy,8:00pm-8:59pm,39,8:00pm-8:59pm,46,Unknown,Unknown EMS Hospital Arrival Time,1,Dark - Lighted,Reduced Visibility,1,1,['Driver'],['None_Used'],0,0,Valid,2.0,1.0,21.0,18.0,"['Male', 'Female']",0,0,3,4,5,Dry,Curve,Grade/Hillcrest,Lowest,No
17793,26,Michigan,260038,0,1,1,0,2,NOT APPLICABLE,January,24,Tuesday,19,58,Rural,High Speed (Arterial),Yes,44.37053056,-85.62182222,Non-Intersection,Dark - Not Lighted,Cloudy,8:00pm-8:59pm,3,8:00pm-8:59pm,13,Not Applicable (Not Transported),Not Applicable (Not Transported),2,Dark - Unlighted,Reduced Visibility,2,0,"['Driver', 'Front_Passenger']","['None_Used', 'Shoulder_Lapbelt']",1,1,Valid,1.0,3.0,31.0,31.0,['Male'],2,0,2,4,3,Wet/Standing Water,Straight,Level,Lowest,No
17794,26,Michigan,260039,0,1,1,0,3,NOT APPLICABLE,January,21,Saturday,12,5,Rural,Medium Speed (Collector),No,44.35818611,-83.69011667,Non-Intersection,Daylight,Cloudy,12:00pm-12:59pm,6,12:00pm-12:59pm,16,Not Applicable (Not Transported),Not Applicable (Not Transported),1,Daylight,Reduced Visibility,1,2,['Driver'],['Shoulder_Lapbelt'],0,0,Valid,2.0,1.0,26.0,26.0,['Female'],3,0,3,4,3,Icy/Snowy,Straight,Level,Lowest,No
17795,26,Michigan,260040,0,2,2,0,2,NOT APPLICABLE,January,25,Wednesday,4,58,Rural,High Speed (Arterial),Yes,42.10058056,-84.99681111,Non-Intersection,Dark - Not Lighted,Snow,4:00am-4:59am,58,5:00am-5:59am,4,Not Applicable (Not Transported),Not Applicable (Not Transported),1,Dark - Unlighted,Snow/Ice/Severe,1,1,['Driver'],['None_Used'],0,0,Valid,1.0,2.0,44.0,43.0,"['Male', 'Male']",1,0,4,4,5,Icy/Snowy,Straight,Level,Lowest,Yes
17796,26,Michigan,260041,0,3,3,0,6,NOT APPLICABLE,January,7,Saturday,13,15,Urban,High Speed (Arterial),Yes,42.66028889,-83.39286389,Non-Intersection,Daylight,Clear,1:00pm-1:59pm,15,1:00pm-1:59pm,22,Unknown,Unknown EMS Hospital Arrival Time,1,Daylight,Clear,1,5,['Driver'],['Shoulder_Lapbelt'],0,0,Valid,3.0,0.0,53.0,33.0,"['Male', 'Female', 'Male']",0,0,3,4,5,Dry,Straight,Non-Trafficway,Lowest,No
17797,26,Michigan,260042,0,2,2,0,2,NOT APPLICABLE,January,24,Tuesday,7,22,Rural,High Speed (Arterial),Yes,43.96329167,-86.28842778,Non-Intersection,Dawn,Cloudy,Unknown,Unknown,Unknown EMS Scene Arrival Hour,Unknown EMS Scene Arrival Minutes,Unknown,Unknown EMS Hospital Arrival Time,1,Twilight,Reduced Visibility,1,1,['Driver'],['Shoulder_Lapbelt'],0,0,Valid,0.0,0.0,63.0,42.0,"['Male', 'Male']",1,0,4,4,5,Icy/Snowy,Curve,Level,Lowest,No
17798,26,Michigan,260043,1,1,1,0,2,FRASER,January,4,Wednesday,18,46,Urban,Medium Speed (Collector),No,42.53614444,-82.951225,Non-Intersection,Dark - Lighted,Clear,Unknown,Unknown,Unknown EMS Scene Arrival Hour,Unknown EMS Scene Arrival Minutes,Unknown,Unknown EMS Hospital Arrival Time,1,Dark - Lighted,Clear,0,2,[],[],0,0,Valid,0.0,0.0,70.0,70.0,['Male'],0,0,3,4,4,Wet/Standing Water,Straight,Level,Lowest,No
17799,26,Michigan,260044,1,1,1,0,1,DETROIT,January,19,Thursday,12,0,Urban,High Speed (Arterial),Yes,42.35191667,-83.04598056,Complex/Circle,Other,Rain,Unknown,Unknown,Unknown EMS Scene Arrival Hour,Unknown EMS Scene Arrival Minutes,Unknown,Unknown EMS Hospital Arrival Time,1,Dark - Unlighted,Rain/Wind/Minor,0,1,[],[],0,0,Valid,0.0,0.0,59.0,59.0,['Male'],0,0,3,3,4,Wet/Standing Water,Straight,Level,Lowest,No
17800,26,Michigan,260045,0,2,2,0,2,NOT APPLICABLE,January,17,Tuesday,11,51,Urban,High Speed (Arterial),Yes,42.85125278,-85.53921389,Non-Intersection,Daylight,Rain,Unknown,Unknown,Unknown EMS Scene Arrival Hour,Unknown EMS Scene Arrival Minutes,Unknown,Unknown EMS Hospital Arrival Time,1,Daylight,Rain/Wind/Minor,1,1,['Driver'],['Shoulder_Lapbelt'],0,0,Valid,0.0,0.0,54.0,18.0,"['Female', 'Male']",1,0,4,4,5,Wet/Standing Water,Straight,Level,Lowest,No
17801,26,Michigan,260046,1,1,1,0,1,BURTON,January,23,Monday,5,28,Urban,High Speed (Arterial),Yes,42.97511389,-83.63366944,Non-Intersection,Dark - Lighted,Cloudy,Unknown,Unknown,Unknown EMS Scene Arrival Hour,Unknown EMS Scene Arrival Minutes,Not Applicable (Not Transported),Not Applicable (Not Transported),1,Dark - Lighted,Reduced Visibility,0,1,[],[],1,1,Valid,1.0,0.0,29.0,29.0,['Male'],0,0,3,4,4,Icy/Snowy,Straight,Level,Lowest,No
17802,26,Michigan,260047,1,1,1,0,1,NOT APPLICABLE,January,27,Friday,4,36,Urban,Medium Speed (Collector),No,42.74075278,-84.69162222,Non-Intersection,Dark - Lighted,Cloudy,Unknown,Unknown,Unknown EMS Scene Arrival Hour,Unknown EMS Scene Arrival Minutes,Not Applicable (Not Transported),Not Applicable (Not Transported),1,Dark - Lighted,Reduced Visibility,0,1,[],[],0,0,Valid,2.0,0.0,45.0,45.0,['Male'],0,0,2,3,4,Wet/Standing Water,Straight,Level,Lowest,No
17803,26,Michigan,260048,0,1,1,0,3,NOT APPLICABLE,January,25,Wednesday,6,48,Urban,High Speed (Arterial),Yes,42.28148889,-85.15558889,Non-Intersection,Dark - Not Lighted,Snow,6:00am-6:59am,48,6:00am-6:59am,54,Unknown,Unknown EMS Hospital Arrival Time,1,Dark - Unlighted,Snow/Ice/Severe,1,2,['Driver'],['Shoulder_Lapbelt'],0,0,Valid,1.0,0.0,55.0,55.0,['Male'],3,0,3,4,3,Icy/Snowy,Straight,Level,Lowest,No
17804,26,Michigan,260049,0,2,2,0,2,BERTRAND,January,26,Thursday,11,43,Rural,Medium Speed (Collector),No,41.80530278,-86.381225,Non-Intersection,Daylight,Snow,11:00am-11:59am,47,11:00am-11:59am,52,Not Applicable (Not Transported),Not Applicable (Not Transported),1,Daylight,Snow/Ice/Severe,1,1,['Driver'],['None_Used'],0,0,Valid,0.0,0.0,51.0,40.0,"['Male', 'Male']",1,0,4,4,5,Icy/Snowy,Straight,Level,Lowest,No
17805,26,Michigan,260050,0,2,2,0,3,"MACOMB, TOWNSHIP",January,30,Monday,14,8,Urban,Medium Speed (Collector),No,42.711425,-82.87929167,Non-Intersection,Daylight,Cloudy,Unknown,Unknown,Unknown EMS Scene Arrival Hour,Unknown EMS Scene Arrival Minutes,Unknown,Unknown EMS Hospital Arrival Time,2,Daylight,Reduced Visibility,2,1,"['Driver', 'Driver']","['Shoulder_Lapbelt', 'Shoulder_Lapbelt']",0,0,Valid,0.0,1.0,39.0,33.0,"['Male', 'Male']",0,0,3,4,5,Dry,Curve,Level,Lowest,No
17806,26,Michigan,260051,0,3,3,0,4,NOT APPLICABLE,January,28,Saturday,14,45,Rural,Medium Speed (Collector),No,43.17884444,-83.65996944,Complex/Circle,Daylight,Cloudy,Unknown,Unknown,Unknown EMS Scene Arrival Hour,Unknown EMS Scene Arrival Minutes,Unknown,Unknown EMS Hospital Arrival Time,1,Daylight,Reduced Visibility,1,3,['Driver'],['Shoulder_Lapbelt'],0,0,Valid,0.0,0.0,82.0,58.0,"['Female', 'Male', 'Male']",0,0,3,4,5,Dry,Straight,Level,Lowest,No
17807,26,Michigan,260052,0,3,3,0,4,NOT APPLICABLE,January,27,Friday,15,57,Rural,High Speed (Arterial),Yes,45.90284444,-86.57849444,Non-Intersection,Daylight,Blowing Snow,3:00pm-3:59pm,58,4:00pm-4:59pm,26,Unknown,Unknown EMS Hospital Arrival Time,2,Daylight,Snow/Ice/Severe,2,2,"['Driver', 'Front_Passenger']","['Shoulder_Lapbelt', 'Shoulder_Lapbelt']",0,0,Valid,0.0,0.0,54.0,29.0,"['Male', 'Male', 'Male']",0,0,4,4,5,Icy/Snowy,Straight,Level,Lowest,No