,State_Code,State_Name,Crash_ID,Count_Non_Motorists,Count_Vehicles_Total,Count_Vehicle_Forms,Count_PVH_Involved,Count_Occupants_MV,City_Name,Month_Name,Day_of_Month,Day_of_Week,Crash_Hour,Crash_Minute,Area_Rural_Urban,Road_Functional_Class,On_NHS_Road,Latitude,Longitude,Intersection_Type,Light_Condition,Weather_Condition,Notif_Hour,Notif_Minute,Arrival_Hour,Arrival_Minute,Hospital_Hour,Hospital_Minute,Fatalities_Count,Clean_Light_Condition,Clean_Weather_Condition,Total_Killed,Total_Alive,Fatal_Seats_List,Killed_Restraint_List,Any_Driver_Drinking,Total_Drinking_Drivers,Driver_License_Category,Driver_Max_Prev_Accident_Count,Driver_Max_Prev_Speeding_Count,Max_Driver_Age,Min_Driver_Age,Driver_Sex_List,Total_Exceeding_Limit_Vehicles,Total_Too_Fast_Vehicles,Max_Vehicle_Type_Severity_5,Max_Vehicle_Damage_Rank,Max_Harmful_Event_Severity,Crash_Road_Surface_Condition,Crash_Horizontal_Alignment,Crash_Vertical_Profile,Crash_Impairment_Category,Crash_Vehicle_Defect
17808,26,Michigan,260053,0,1,1,0,1,NOT APPLICABLE,January,29,Sunday,0,53,Rural,Medium Speed (Collector),No,41.78310833,-86.15511667,Non-Intersection,Dark - Not Lighted,Clear,0:00am-0:59am,53,1:00am-1:59am,0,Not Applicable (Not Transported),Not Applicable (Not Transported),1,Dark - Unlighted,Clear,1,0,['Driver'],['None_Used'],1,1,Valid,0.0,1.0,19.0,19.0,['Male'],0,0,3,4,3,Dry,Straight,Level,Lowest,No
17809,26,Michigan,260054,0,2,2,0,5,NOT APPLICABLE,January,14,Saturday,16,4,Rural,High Speed (Arterial),Yes,43.88783889,-85.63716111,Complex/Circle,Daylight,Clear,Unknown,Unknown,Unknown EMS Scene Arrival Hour,Unknown EMS Scene Arrival Minutes,Unknown,Unknown EMS Hospital Arrival Time,1,Daylight,Clear,1,4,['Front_Passenger'],['Shoulder_Lapbelt'],0,0,Valid,1.0,0.0,42.0,15.0,"['Male', 'Male']",1,0,3,4,5,Dry,Straight,Level,Lowest,No
17810,26,Michigan,260055,0,1,1,0,1,NOT APPLICABLE,January,31,Tuesday,21,30,Urban,Medium Speed (Collector),No,43.5898,-83.93288056,Non-Intersection,Dark - Not Lighted,Clear,9:00pm-9:59pm,37,9:00pm-9:59pm,43,Not Applicable (Not Transported),Not Applicable (Not Transported),1,Dark - Unlighted,Clear,1,0,['Driver'],['None_Used'],1,1,Valid,0.0,0.0,32.0,32.0,['Male'],0,0,2,4,3,Dry,Straight,Level,Lowest,No
17811,26,Michigan,260056,0,5,2,3,3,WARREN,January,13,Friday,23,10,Urban,Medium Speed (Collector),No,42.46348056,-83.00569722,Complex/Circle,Dark - Lighted,Clear,Unknown,Unknown,Unknown EMS Scene Arrival Hour,Unknown EMS Scene Arrival Minutes,Unknown,Unknown EMS Hospital Arrival Time,1,Dark - Lighted,Clear,1,2,['Driver'],['Shoulder_Lapbelt'],0,0,Valid,0.0,1.0,41.0,27.0,"['Female', 'Female']",0,0,3,4,5,Dry,Straight,Level,Lowest,No
17812,26,Michigan,260057,0,1,1,0,1,FARMINGTON HILLS,January,21,Saturday,1,56,Urban,High Speed (Arterial),Yes,42.49369722,-83.40601389,Non-Intersection,Dark - Not Lighted,Clear,Unknown,Unknown,Unknown EMS Scene Arrival Hour,Unknown EMS Scene Arrival Minutes,Not Applicable (Not Transported),Not Applicable (Not Transported),1,Dark - Unlighted,Clear,1,0,['Driver'],['None_Used'],0,0,Invalid,0.0,1.0,21.0,21.0,['Male'],1,0,2,4,3,Dry,Straight,Level,Lowest,No
17813,26,Michigan,260058,1,1,1,0,1,NORTON SHORES,January,26,Thursday,21,30,Urban,High Speed (Arterial),Yes,43.15285278,-86.21152778,Non-Intersection,Dark - Not Lighted,Snow,Unknown,Unknown if Notified,Unknown EMS Scene Arrival Hour,Unknown if Arrived,Not Applicable (Not Transported),Not Applicable (Not Transported),1,Dark - Unlighted,Snow/Ice/Severe,0,1,[],[],0,0,Valid,0.0,0.0,58.0,58.0,['Female'],0,0,3,3,4,Wet/Standing Water,Straight,Level,Lowest,No
17814,26,Michigan,260059,0,2,2,0,2,NOT APPLICABLE,January,31,Tuesday,19,12,Rural,High Speed (Arterial),Yes,43.29874722,-83.07962222,Simple Junction,Dark - Not Lighted,Clear,7:00pm-7:59pm,14,7:00pm-7:59pm,20,Unknown,Unknown EMS Hospital Arrival Time,1,Dark - Unlighted,Clear,1,1,['Driver'],['Shoulder_Lapbelt'],0,0,Valid,1.0,0.0,52.0,24.0,"['Male', 'Female']",0,0,3,4,5,Dry,Straight,Level,Lowest,No
17815,26,Michigan,260060,0,2,2,0,5,NOT APPLICABLE,January,27,Friday,7,20,Rural,High Speed (Arterial),Yes,46.74942778,-88.46759167,Non-Intersection,Dark - Not Lighted,Clear,Unknown,Unknown,Unknown EMS Scene Arrival Hour,Unknown EMS Scene Arrival Minutes,Unknown,Unknown EMS Hospital Arrival Time,1,Dark - Unlighted,Clear,1,4,['Rear_Seat'],['Child_Safety'],1,1,Valid,0.0,0.0,40.0,20.0,"['Female', 'Male']",0,0,3,4,5,Dry,Curve,Level,Lowest,No
17816,26,Michigan,260061,0,3,3,0,6,IMLAY CITY,January,29,Sunday,20,5,Rural,High Speed (Arterial),Yes,43.01503889,-83.07181111,Non-Intersection,Dark - Lighted,Clear,Unknown,Unknown,Unknown EMS Scene Arrival Hour,Unknown EMS Scene Arrival Minutes,Unknown,Unknown EMS Hospital Arrival Time,1,Dark - Lighted,Clear,1,5,['Driver'],['Shoulder_Lapbelt'],0,0,Valid,0.0,0.0,36.0,17.0,"['Male', 'Male', 'Male']",0,0,3,4,5,Oil/Contaminated,Straight,Level,Lowest,No
17817,26,Michigan,260062,0,3,3,0,4,CARROLLTON,January,24,Tuesday,11,58,Urban,Medium Speed (Collector),No,43.46590556,-83.94641111,Simple Junction,Daylight,Clear,11:00am-11:59am,59,12:00pm-12:59pm,5,Unknown,Unknown EMS Hospital Arrival Time,1,Daylight,Clear,1,2,['Driver'],['Shoulder_Lapbelt'],0,0,Valid,0.0,0.0,998.0,70.0,"['Female', 'Female', 'Other']",0,0,3,4,5,Dry,Straight,Level,Lowest,No
17818,26,Michigan,260063,0,2,2,0,4,WARREN,January,21,Saturday,17,30,Urban,High Speed (Arterial),Yes,42.44920556,-83.00258056,Complex/Circle,Dark - Lighted,Clear,Unknown,Unknown,Unknown EMS Scene Arrival Hour,Unknown EMS Scene Arrival Minutes,Unknown,Unknown EMS Hospital Arrival Time,1,Dark - Lighted,Clear,1,3,['Driver'],['Shoulder_Lapbelt'],1,1,Invalid,1.0,0.0,62.0,35.0,"['Male', 'Male']",0,0,3,4,5,Dry,Straight,Level,Lowest,No
17819,26,Michigan,260064,0,2,2,0,2,REDFORD TOWNSHIP,January,18,Wednesday,10,53,Urban,High Speed (Arterial),Yes,42.35686944,-83.27433889,Complex/Circle,Daylight,Clear,10:00am-10:59am,53,10:00am-10:59am,58,Unknown,Unknown EMS Hospital Arrival Time,1,Daylight,Clear,1,1,['Driver'],['Shoulder_Lapbelt'],0,0,Valid,1.0,0.0,65.0,53.0,"['Male', 'Female']",0,0,3,4,5,Dry,Straight,Level,Lowest,No
17820,26,Michigan,260065,0,2,2,0,3,NOT APPLICABLE,February,2,Thursday,7,42,Rural,Low Speed (Local),No,43.83071667,-83.23638889,Non-Intersection,Daylight,Blowing Snow,7:00am-7:59am,50,8:00am-8:59am,2,Unknown,Unknown EMS Hospital Arrival Time,1,Daylight,Snow/Ice/Severe,1,2,['Driver'],['None_Used'],0,0,Valid,1.0,0.0,41.0,36.0,"['Female', 'Male']",1,0,3,4,5,Icy/Snowy,Straight,Level,Lowest,No
17821,26,Michigan,260066,0,2,2,0,2,WHITE LAKE,January,29,Sunday,20,2,Urban,Medium Speed (Collector),No,42.62605556,-83.51150278,Non-Intersection,Dark - Not Lighted,Cloudy,8:00pm-8:59pm,2,8:00pm-8:59pm,10,Unknown,Unknown EMS Hospital Arrival Time,1,Dark - Unlighted,Reduced Visibility,1,1,['Driver'],['None_Used'],1,1,Valid,1.0,4.0,41.0,38.0,"['Male', 'Female']",0,0,3,4,5,Dry,Curve,Level,Lowest,No
17822,26,Michigan,260067,0,2,2,0,4,NOT APPLICABLE,January,14,Saturday,13,6,Rural,High Speed (Arterial),Yes,42.39319167,-84.42894167,Non-Intersection,Daylight,Clear,Unknown,Unknown,Unknown EMS Scene Arrival Hour,Unknown EMS Scene Arrival Minutes,Unknown,Unknown EMS Hospital Arrival Time,1,Daylight,Clear,1,3,['Driver'],['None_Used'],0,0,Invalid,0.0,0.0,42.0,27.0,"['Male', 'Male']",2,0,3,4,5,Dry,Straight,Level,Lowest,No
17823,26,Michigan,260068,0,1,1,0,1,NOT APPLICABLE,February,3,Friday,11,26,Rural,Low Speed (Local),No,44.17457222,-85.56731111,Simple Junction,Daylight,Clear,Unknown,Unknown if Notified,Unknown EMS Scene Arrival Hour,Unknown if Arrived,Not Applicable (Not Transported),Not Applicable (Not Transported),1,Daylight,Clear,1,0,['Driver'],['None_Used'],0,0,Valid,0.0,0.0,46.0,46.0,['Male'],1,0,5,4,3,Icy/Snowy,Straight,Level,Lowest,No
17824,26,Michigan,260069,0,1,1,0,1,NOT APPLICABLE,February,2,Thursday,21,15,Rural,Medium Speed (Collector),No,42.5619,-84.1131,Non-Intersection,Dark - Not Lighted,Cloudy,Unknown,Unknown,Unknown EMS Scene Arrival Hour,Unknown EMS Scene Arrival Minutes,Unknown,Unknown EMS Hospital Arrival Time,1,Dark - Unlighted,Reduced Visibility,1,0,['Driver'],['Shoulder_Lapbelt'],0,0,Invalid,0.0,1.0,53.0,53.0,['Male'],0,0,3,4,3,Dry,Straight,Level,Lowest,No
17825,26,Michigan,260071,0,2,2,0,3,NOT APPLICABLE,February,4,Saturday,13,12,Urban,High Speed (Arterial),Yes,42.72787778,-83.43580556,Simple Junction,Daylight,Clear,1:00pm-1:59pm,13,1:00pm-1:59pm,19,Unknown,Unknown EMS Hospital Arrival Time,1,Daylight,Clear,1,2,['Driver'],['Shoulder_Lapbelt'],0,0,Valid,0.0,1.0,72.0,54.0,"['Male', 'Female']",0,0,3,4,5,Dry,Straight,Level,Lowest,No
17826,26,Michigan,260072,1,1,1,0,1,FARMINGTON HILLS,February,6,Monday,18,48,Urban,High Speed (Arterial),Yes,42.44221944,-83.31706667,Non-Intersection,Dark - Lighted,Cloudy,6:00pm-6:59pm,49,6:00pm-6:59pm,53,Unknown,Unknown EMS Hospital Arrival Time,1,Dark - Lighted,Reduced Visibility,0,0,[],[],0,0,Valid,0.0,0.0,63.0,63.0,['Male'],0,0,2,3,4,Dry,Straight,Level,Lowest,No
17827,26,Michigan,260073,0,2,2,0,3,DETROIT,February,5,Sunday,21,58,Urban,Medium Speed (Collector),No,42.43158056,-82.96543056,Complex/Circle,Dark - Lighted,Cloudy,Unknown,Unknown,Unknown EMS Scene Arrival Hour,Unknown EMS Scene Arrival Minutes,Unknown,Unknown EMS Hospital Arrival Time,1,Dark - Lighted,Reduced Visibility,1,2,['Driver'],['Shoulder_Lapbelt'],0,0,Invalid,0.0,0.0,43.0,41.0,"['Female', 'Female']",2,0,3,4,5,Wet/Standing Water,Straight,Level,Lowest,No
17828,26,Michigan,260074,1,1,1,0,1,NOT APPLICABLE,February,3,Friday,0,47,Urban,Medium Speed (Collector),No,43.38187778,-83.93554167,Non-Intersection,Dark - Not Lighted,Clear,Unknown,Unknown,Unknown EMS Scene Arrival Hour,Unknown EMS Scene Arrival Minutes,Unknown,Unknown EMS Hospital Arrival Time,1,Dark - Unlighted,Clear,0,1,[],[],0,0,Invalid,0.0,0.0,29.0,29.0,['Male'],0,0,2,2,4,Dry,Straight,Level,Lowest,No
17829,26,Michigan,260075,1,2,2,0,2,WYOMING,February,9,Thursday,7,24,Urban,High Speed (Arterial),Yes,42.93550556,-85.69634722,Non-Intersection,Dark - Not Lighted,Rain,7:00am-7:59am,28,7:00am-7:59am,32,Unknown,Unknown EMS Hospital Arrival Time,1,Dark - Unlighted,Rain/Wind/Minor,0,2,[],[],0,0,Valid,2.0,0.0,52.0,35.0,"['Male', 'Male']",0,0,3,2,5,Wet/Standing Water,Straight,Level,Lowest,No
17830,26,Michigan,260076,0,1,1,0,2,GRAND RAPIDS,February,26,Sunday,22,30,Urban,Medium Speed (Collector),No,42.99551111,-85.71838889,Non-Intersection,Dark - Lighted,Clear,10:00pm-10:59pm,30,10:00pm-10:59pm,35,Unknown,Unknown EMS Hospital Arrival Time,2,Dark - Lighted,Clear,2,0,"['Driver', 'Front_Passenger']","['Shoulder_Lapbelt', 'Shoulder_Lapbelt']",1,1,Valid,3.0,1.0,35.0,35.0,['Male'],2,0,2,4,3,Wet/Standing Water,Straight,Level,Lowest,No
17831,26,Michigan,260077,1,1,1,0,1,KENTWOOD,February,7,Tuesday,20,51,Urban,High Speed (Arterial),Yes,42.91703056,-85.58383611,Non-Intersection,Dark - Not Lighted,Clear,8:00pm-8:59pm,39,8:00pm-8:59pm,45,Not Applicable (Not Transported),Not Applicable (Not Transported),1,Dark - Unlighted,Clear,0,1,[],[],0,0,Valid,0.0,0.0,41.0,41.0,['Male'],0,0,2,3,4,Dry,Straight,Level,Lowest,No
17832,26,Michigan,260078,0,3,3,0,8,MORAN,February,4,Saturday,12,32,Rural,High Speed (Arterial),Yes,45.93133889,-84.91620278,Non-Intersection,Daylight,Blowing Snow,12:00pm-12:59pm,32,12:00pm-12:59pm,51,Unknown,Unknown EMS Hospital Arrival Time,2,Daylight,Snow/Ice/Severe,2,6,"['Front_Passenger', 'Rear_Seat']","['Shoulder_Lapbelt', 'None_Used']",0,0,Valid,1.0,2.0,51.0,40.0,"['Male', 'Male', 'Male']",4,0,3,4,5,Icy/Snowy,Curve,Level,Lowest,No
17833,26,Michigan,260079,0,2,2,0,3,ROGERS CITY,February,8,Wednesday,11,48,Rural,High Speed (Arterial),Yes,45.41253611,-83.82651667,Non-Intersection,Daylight,Clear,Unknown,Unknown,Unknown EMS Scene Arrival Hour,Unknown EMS Scene Arrival Minutes,Unknown,Unknown EMS Hospital Arrival Time,1,Daylight,Clear,1,2,['Driver'],['Shoulder_Lapbelt'],0,0,Valid,2.0,1.0,58.0,21.0,"['Male', 'Female']",0,0,3,4,5,Dry,Straight,Level,Lowest,No
17834,26,Michigan,260080,0,2,2,0,2,NOT APPLICABLE,February,2,Thursday,14,31,Rural,Medium Speed (Collector),No,42.78496389,-84.80168333,Simple Junction,Daylight,Cloudy,Unknown,Unknown,Unknown EMS Scene Arrival Hour,Unknown EMS Scene Arrival Minutes,Unknown,Unknown EMS Hospital Arrival Time,1,Daylight,Reduced Visibility,1,1,['Driver'],['None_Used'],0,0,Valid,0.0,0.0,43.0,17.0,"['Male', 'Female']",0,0,3,4,5,Dry,Straight,Level,Lowest,No
17835,26,Michigan,260082,0,2,2,0,2,NOT APPLICABLE,February,4,Saturday,10,41,Urban,Low Speed (Local),No,43.07276667,-85.67001111,Complex/Circle,Daylight,Clear,10:00am-10:59am,43,10:00am-10:59am,51,Unknown,Unknown EMS Hospital Arrival Time,1,Daylight,Clear,1,1,['Driver'],['None_Used'],0,0,Valid,0.0,0.0,83.0,18.0,"['Female', 'Male']",0,0,3,4,5,Dry,Straight,Level,Lowest,No
17836,26,Michigan,260083,0,2,2,0,2,NOT APPLICABLE,February,10,Friday,15,51,Rural,Medium Speed (Collector),No,42.00688333,-83.98449444,Simple Junction,Daylight,Clear,3:00pm-3:59pm,54,4:00pm-4:59pm,4,Unknown,Unknown EMS Hospital Arrival Time,1,Daylight,Clear,1,1,['Driver'],['None_Used'],0,0,Valid,2.0,0.0,75.0,21.0,"['Male', 'Male']",0,0,3,4,5,Dry,Straight,Level,Lowest,No
17837,26,Michigan,260084,0,1,1,0,3,BLISSFIELD,February,6,Monday,11,40,Rural,Medium Speed (Collector),No,41.84269167,-83.84591389,Non-Intersection,Daylight,Cloudy,11:00am-11:59am,47,11:00am-11:59am,49,Unknown,Unknown EMS Hospital Arrival Time,1,Daylight,Reduced Visibility,1,2,['Rear_Seat'],['Shoulder_Lapbelt'],0,0,Valid,0.0,0.0,18.0,18.0,['Male'],3,0,3,4,3,Dry,Curve,Level,Lowest,No
17838,26,Michigan,260085,0,1,1,0,1,NOT APPLICABLE,February,16,Thursday,20,0,Rural,Medium Speed (Collector),No,43.02676667,-82.95744444,Non-Intersection,Dark - Not Lighted,Snow,8:00pm-8:59pm,20,8:00pm-8:59pm,30,Not Applicable (Not Transported),Not Applicable (Not Transported),1,Dark - Unlighted,Snow/Ice/Severe,1,0,['Driver'],['Shoulder_Lapbelt'],0,0,Valid,2.0,3.0,57.0,57.0,['Male'],0,0,3,4,3,Icy/Snowy,Straight,Level,Lowest,No
17839,26,Michigan,260086,0,2,2,0,4,MOUNT PLEASANT,February,3,Friday,15,37,Urban,Medium Speed (Collector),No,43.58269444,-84.75528056,Complex/Circle,Daylight,Cloudy,Unknown,Unknown,Unknown EMS Scene Arrival Hour,Unknown EMS Scene Arrival Minutes,Unknown,Unknown EMS Hospital Arrival Time,2,Daylight,Reduced Visibility,2,2,"['Driver', 'Front_Passenger']","['Shoulder_Lapbelt', 'None_Used']",0,0,Valid,1.0,0.0,81.0,61.0,"['Male', 'Female']",0,0,3,4,5,Dry,Straight,Level,Lowest,No
17840,26,Michigan,260087,0,4,4,0,6,NOT APPLICABLE,February,19,Sunday,19,39,Rural,High Speed (Arterial),Yes,45.76354444,-84.73291667,Non-Intersection,Dark - Not Lighted,Cloudy,7:00pm-7:59pm,39,7:00pm-7:59pm,45,Unknown,Unknown EMS Hospital Arrival Time,1,Dark - Unlighted,Reduced Visibility,1,5,['Driver'],['Shoulder_Lapbelt'],0,0,Valid,0.0,1.0,78.0,21.0,"['Male', 'Male', 'Male', 'Female']",0,0,3,4,5,Wet/Standing Water,Straight,Level,Lowest,No
17841,26,Michigan,260088,1,1,1,0,1,FLINT,February,9,Thursday,19,16,Urban,High Speed (Arterial),Yes,43.07094167,-83.68396944,Non-Intersection,Dark - Lighted,Rain,7:00pm-7:59pm,16,7:00pm-7:59pm,23,Not Applicable (Not Transported),Not Applicable (Not Transported),1,Dark - Lighted,Rain/Wind/Minor,0,1,[],[],0,0,Valid,1.0,1.0,55.0,55.0,['Male'],0,0,3,3,4,Wet/Standing Water,Curve,Grade/Hillcrest,Lowest,No
17842,26,Michigan,260089,0,4,4,0,4,NOT APPLICABLE,February,8,Wednesday,6,41,Urban,High Speed (Arterial),Yes,43.59560278,-83.95083056,Non-Intersection,Dark - Not Lighted,Clear,Unknown,Unknown,Unknown EMS Scene Arrival Hour,Unknown EMS Scene Arrival Minutes,Not Applicable (Not Transported),Not Applicable (Not Transported),1,Dark - Unlighted,Clear,1,3,['Driver'],['Shoulder_Lapbelt'],0,0,Valid,2.0,1.0,56.0,39.0,"['Male', 'Male', 'Male', 'Male']",1,0,4,4,5,Icy/Snowy,Straight,Level,Lowest,No
17843,26,Michigan,260090,1,1,1,0,1,KALAMAZOO,February,10,Friday,18,52,Urban,High Speed (Arterial),Yes,42.26603056,-85.56971667,Non-Intersection,Dark - Lighted,Clear,Unknown,Unknown,Unknown EMS Scene Arrival Hour,Unknown EMS Scene Arrival Minutes,Not Applicable (Not Transported),Not Applicable (Not Transported),1,Dark - Lighted,Clear,0,1,[],[],0,0,Valid,0.0,0.0,51.0,51.0,['Male'],0,0,2,3,4,Dry,Straight,Level,Lowest,No
17844,26,Michigan,260091,0,3,3,0,4,WESTLAND,February,11,Saturday,11,29,Urban,High Speed (Arterial),Yes,42.33173056,-83.386475,Simple Junction,Daylight,Clear,11:00am-11:59am,29,11:00am-11:59am,33,Not Applicable (Not Transported),Not Applicable (Not Transported),1,Daylight,Clear,1,3,['Driver'],['Shoulder_Lapbelt'],0,0,Valid,3.0,0.0,71.0,52.0,"['Male', 'Male', 'Male']",0,0,3,4,5,Dry,Straight,Level,Lowest,No
17845,26,Michigan,260092,0,1,1,0,1,NOT APPLICABLE,February,21,Tuesday,16,13,Rural,Medium Speed (Collector),No,41.92576389,-85.55670833,Non-Intersection,Daylight,Clear,4:00pm-4:59pm,17,4:00pm-4:59pm,22,Not Applicable (Not Transported),Not Applicable (Not Transported),1,Daylight,Clear,1,0,['Driver'],['None_Used'],1,1,Invalid,5.0,0.0,25.0,25.0,['Male'],1,0,2,4,3,Dry,Curve,Level,Lowest,No
17846,26,Michigan,260093,0,3,3,0,6,WARREN,February,19,Sunday,2,17,Urban,High Speed (Arterial),Yes,42.44729722,-83.06396111,Complex/Circle,Dark - Lighted,Clear,Unknown,Unknown,Unknown EMS Scene Arrival Hour,Unknown EMS Scene Arrival Minutes,Unknown,Unknown EMS Hospital Arrival Time,1,Dark - Lighted,Clear,1,5,['Driver'],['Shoulder_Lapbelt'],1,1,Valid,1.0,0.0,40.0,20.0,"['Male', 'Male', 'Male']",0,0,3,4,5,Dry,Straight,Level,Lowest,No
17847,26,Michigan,260094,0,2,2,0,3,NOT APPLICABLE,February,11,Saturday,22,12,Rural,Medium Speed (Collector),No,42.38229722,-85.61032222,Non-Intersection,Dark - Not Lighted,Clear,Unknown,Unknown,Unknown EMS Scene Arrival Hour,Unknown EMS Scene Arrival Minutes,Unknown,Unknown EMS Hospital Arrival Time,1,Dark - Unlighted,Clear,1,2,['Driver'],['Shoulder_Lapbelt'],0,0,Invalid,0.0,0.0,47.0,34.0,"['Male', 'Male']",0,0,3,4,5,Dry,Straight,Level,Lowest,No
17848,26,Michigan,260095,0,2,2,0,2,NOT APPLICABLE,February,21,Tuesday,0,40,Rural,Low Speed (Local),No,43.24939722,-86.06782778,Complex/Circle,Dark - Not Lighted,Cloudy,Unknown,Unknown,Unknown EMS Scene Arrival Hour,Unknown EMS Scene Arrival Minutes,Unknown,Unknown EMS Hospital Arrival Time,1,Dark - Unlighted,Reduced Visibility,1,1,['Driver'],['Shoulder_Lapbelt'],0,0,Valid,2.0,0.0,53.0,23.0,"['Female', 'Male']",1,0,3,4,5,Dry,Straight,Level,Lowest,No
17849,26,Michigan,260096,1,1,1,0,1,WAYNE,February,14,Tuesday,14,51,Urban,Medium Speed (Collector),No,42.27415833,-83.36987778,Simple Junction,Daylight,Cloudy,2:00pm-2:59pm,51,Unknown EMS Scene Arrival Hour,Unknown EMS Scene Arrival Minutes,Unknown,Unknown EMS Hospital Arrival Time,1,Daylight,Reduced Visibility,0,1,[],[],0,0,Valid,0.0,0.0,50.0,50.0,['Male'],0,0,4,1,4,Dry,Straight,Level,Lowest,No
17850,26,Michigan,260097,0,1,1,0,3,NOT APPLICABLE,February,14,Tuesday,17,3,Rural,Medium Speed (Collector),No,43.65665833,-85.57800556,Non-Intersection,Daylight,Cloudy,Unknown,Unknown,Unknown EMS Scene Arrival Hour,Unknown EMS Scene Arrival Minutes,Unknown,Unknown EMS Hospital Arrival Time,1,Daylight,Reduced Visibility,1,2,['Driver'],['None_Used'],0,0,Valid,1.0,0.0,47.0,47.0,['Male'],0,0,3,4,3,Dry,Straight,Level,Lowest,No
17851,26,Michigan,260098,0,1,1,0,2,NOT APPLICABLE,February,25,Saturday,7,6,Rural,High Speed (Arterial),Yes,42.28365556,-84.84496667,Non-Intersection,Dark - Not Lighted,Cloudy,7:00am-7:59am,22,7:00am-7:59am,29,Unknown,Unknown EMS Hospital Arrival Time,1,Dark - Unlighted,Reduced Visibility,1,1,['Front_Passenger'],['None_Used'],1,1,Invalid,2.0,1.0,37.0,37.0,['Male'],0,0,2,4,3,Wet/Standing Water,Straight,Grade/Hillcrest,Lowest,No
17852,26,Michigan,260099,0,3,3,0,5,NOT APPLICABLE,February,12,Sunday,5,54,Rural,High Speed (Arterial),Yes,42.94456944,-83.05640833,Non-Intersection,Dark - Not Lighted,Clear,5:00am-5:59am,56,6:00am-6:59am,4,Unknown,Unknown EMS Hospital Arrival Time,1,Dark - Unlighted,Clear,1,4,['Driver'],['None_Used'],1,1,Valid,0.0,1.0,43.0,22.0,"['Male', 'Male', 'Male']",0,0,3,4,5,Dry,Straight,Level,Lowest,No
17853,26,Michigan,260100,0,1,1,0,1,NOT APPLICABLE,February,26,Sunday,7,59,Rural,Medium Speed (Collector),No,42.27516111,-85.02138611,Non-Intersection,Dawn,Clear,7:00am-7:59am,59,8:00am-8:59am,11,Not Applicable (Not Transported),Not Applicable (Not Transported),1,Twilight,Clear,1,0,['Driver'],['Shoulder_Lapbelt'],1,1,Valid,0.0,3.0,20.0,20.0,['Male'],1,0,2,4,3,Dry,Straight,Level,Lowest,No
17854,26,Michigan,260101,0,2,2,0,3,DETROIT,February,26,Sunday,23,3,Urban,Medium Speed (Collector),No,42.4011,-83.21858889,Complex/Circle,Dark - Lighted,Clear,Unknown,Unknown,Unknown EMS Scene Arrival Hour,Unknown EMS Scene Arrival Minutes,Unknown,Unknown EMS Hospital Arrival Time,1,Dark - Lighted,Clear,1,2,['Driver'],['Shoulder_Lapbelt'],0,0,Valid,5.0,4.0,46.0,19.0,"['Male', 'Male']",0,0,3,4,5,Dry,Straight,Level,Lowest,No
17855,26,Michigan,260102,1,1,1,0,1,DETROIT,February,6,Monday,18,40,Urban,High Speed (Arterial),Yes,42.36380556,-83.15815,Non-Intersection,Dark - Lighted,Clear,Unknown,Unknown,Unknown EMS Scene Arrival Hour,Unknown EMS Scene Arrival Minutes,Not Applicable (Not Transported),Not Applicable (Not Transported),1,Dark - Lighted,Clear,0,1,[],[],0,0,Valid,0.0,1.0,18.0,18.0,['Male'],0,0,3,4,4,Dry,Straight,Level,Lowest,No
17856,26,Michigan,260103,0,2,2,0,2,NOT APPLICABLE,February,11,Saturday,18,41,Rural,High Speed (Arterial),Yes,43.6119,-84.68790556,Complex/Circle,Dusk,Clear,Unknown,Unknown,Unknown EMS Scene Arrival Hour,Unknown EMS Scene Arrival Minutes,Unknown,Unknown EMS Hospital Arrival Time,1,Twilight,Clear,1,1,['Driver'],['Shoulder_Lapbelt'],0,0,Valid,0.0,0.0,75.0,42.0,"['Male', 'Female']",0,0,3,4,5,Dry,Straight,Level,Lowest,No
17857,26,Michigan,260104,0,1,1,0,1,NOT APPLICABLE,February,20,Monday,22,0,Rural,High Speed (Arterial),Yes,44.87203056,-84.69001389,Non-Intersection,Dark - Not Lighted,Snow,10:00pm-10:59pm,2,10:00pm-10:59pm,16,Not Applicable (Not Transported),Not Applicable (Not Transported),1,Dark - Unlighted,Snow/Ice/Severe,1,0,['Driver'],['Shoulder_Lapbelt'],0,0,Valid,0.0,0.0,29.0,29.0,['Female'],1,0,3,4,3,Wet/Standing Water,Straight,Level,Lowest,No
17858,26,Michigan,260105,0,1,1,0,1,WALKER,February,20,Monday,7,11,Urban,High Speed (Arterial),Yes,43.01418611,-85.674575,Non-Intersection,Dawn,Clear,Unknown,Unknown,Unknown EMS Scene Arrival Hour,Unknown EMS Scene Arrival Minutes,Unknown,Unknown EMS Hospital Arrival Time,1,Twilight,Clear,1,0,['Driver'],['None_Used'],0,0,Valid,0.0,0.0,19.0,19.0,['Male'],1,0,2,4,3,Dry,Curve,Level,Lowest,No