,State_Code,State_Name,Crash_ID,Count_Non_Motorists,Count_Vehicles_Total,Count_Vehicle_Forms,Count_PVH_Involved,Count_Occupants_MV,City_Name,Month_Name,Day_of_Month,Day_of_Week,Crash_Hour,Crash_Minute,Area_Rural_Urban,Road_Functional_Class,On_NHS_Road,Latitude,Longitude,Intersection_Type,Light_Condition,Weather_Condition,Notif_Hour,Notif_Minute,Arrival_Hour,Arrival_Minute,Hospital_Hour,Hospital_Minute,Fatalities_Count,Clean_Light_Condition,Clean_Weather_Condition,Total_Killed,Total_Alive,Fatal_Seats_List,Killed_Restraint_List,Any_Driver_Drinking,Total_Drinking_Drivers,Driver_License_Category,Driver_Max_Prev_Accident_Count,Driver_Max_Prev_Speeding_Count,Max_Driver_Age,Min_Driver_Age,Driver_Sex_List,Total_Exceeding_Limit_Vehicles,Total_Too_Fast_Vehicles,Max_Vehicle_Type_Severity_5,Max_Vehicle_Damage_Rank,Max_Harmful_Event_Severity,Crash_Road_Surface_Condition,Crash_Horizontal_Alignment,Crash_Vertical_Profile,Crash_Impairment_Category,Crash_Vehicle_Defect
17859,26,Michigan,260106,0,2,2,0,3,FARMINGTON HILLS,February,18,Saturday,23,39,Urban,High Speed (Arterial),Yes,42.49103333,-83.41896667,Non-Intersection,Dark - Lighted,Cloudy,Unknown,Unknown,Unknown EMS Scene Arrival Hour,Unknown EMS Scene Arrival Minutes,Not Applicable (Not Transported),Not Applicable (Not Transported),1,Dark - Lighted,Reduced Visibility,1,2,['Driver'],['Shoulder_Lapbelt'],1,1,Valid,1.0,1.0,29.0,25.0,"['Female', 'Male']",0,0,2,4,5,Dry,Straight,Level,Lowest,No
17860,26,Michigan,260107,0,2,2,0,2,NOT APPLICABLE,February,18,Saturday,3,13,Urban,High Speed (Arterial),Yes,42.18696667,-83.68476389,Non-Intersection,Dark - Not Lighted,Clear,Unknown,Unknown,Unknown EMS Scene Arrival Hour,Unknown EMS Scene Arrival Minutes,Unknown,Unknown EMS Hospital Arrival Time,2,Dark - Unlighted,Clear,2,0,"['Driver', 'Driver']","['None_Used', 'None_Used']",1,1,Valid,1.0,1.0,39.0,34.0,"['Female', 'Male']",0,0,3,4,5,Dry,Straight,Level,Lowest,No
17861,26,Michigan,260108,1,1,1,0,2,NOT APPLICABLE,February,24,Friday,19,19,Urban,High Speed (Arterial),Yes,41.98992778,-83.36602778,Non-Intersection,Dark - Not Lighted,Clear,7:00pm-7:59pm,21,7:00pm-7:59pm,30,Not Applicable (Not Transported),Not Applicable (Not Transported),1,Dark - Unlighted,Clear,0,2,[],[],0,0,Valid,0.0,0.0,21.0,21.0,['Male'],0,0,2,3,4,Dry,Straight,Level,Lowest,No
17862,26,Michigan,260109,0,2,2,0,2,NOT APPLICABLE,February,17,Friday,17,19,Rural,High Speed (Arterial),Yes,43.06559167,-83.07444444,Complex/Circle,Daylight,Clear,Unknown,Unknown,Unknown EMS Scene Arrival Hour,Unknown EMS Scene Arrival Minutes,Unknown,Unknown EMS Hospital Arrival Time,1,Daylight,Clear,1,1,['Driver'],['Shoulder_Lapbelt'],1,1,Valid,0.0,0.0,74.0,43.0,"['Male', 'Male']",0,0,4,4,5,Dry,Straight,Level,Lowest,No
17863,26,Michigan,260110,0,1,1,0,1,NOT APPLICABLE,February,10,Friday,14,52,Urban,Medium Speed (Collector),No,42.77640833,-83.17831667,Simple Junction,Daylight,Clear,2:00pm-2:59pm,52,2:00pm-2:59pm,58,Unknown,Unknown EMS Hospital Arrival Time,1,Daylight,Clear,1,0,['Driver'],['Shoulder_Lapbelt'],0,0,Valid,0.0,0.0,85.0,85.0,['Female'],1,0,3,4,3,Dry,Straight,Level,Lowest,No
17864,26,Michigan,260111,1,1,1,0,1,TAYLOR,February,12,Sunday,15,54,Urban,High Speed (Arterial),Yes,42.24911389,-83.23089167,Complex/Circle,Daylight,Clear,Unknown,Unknown,Unknown EMS Scene Arrival Hour,Unknown EMS Scene Arrival Minutes,Unknown,Unknown EMS Hospital Arrival Time,1,Daylight,Clear,0,1,[],[],0,0,Valid,0.0,0.0,86.0,86.0,['Male'],0,0,3,2,4,Dry,Straight,Level,Lowest,No
17865,26,Michigan,260112,0,2,2,0,2,ORION TOWNSHIP,February,21,Tuesday,7,45,Urban,High Speed (Arterial),Yes,42.73908333,-83.24533333,Non-Intersection,Daylight,Clear,7:00am-7:59am,45,7:00am-7:59am,50,Unknown,Unknown EMS Hospital Arrival Time,1,Daylight,Clear,1,0,['Driver'],['Shoulder_Lapbelt'],0,0,Invalid,0.0,1.0,999.0,31.0,"['Other', 'Male']",0,0,2,4,5,Dry,Straight,Level,Lowest,No
17866,26,Michigan,260113,0,2,2,0,2,NOT APPLICABLE,February,23,Thursday,14,56,Urban,Medium Speed (Collector),No,44.75945278,-85.70183889,Non-Intersection,Daylight,Snow,3:00pm-3:59pm,0,3:00pm-3:59pm,10,Unknown,Unknown EMS Hospital Arrival Time,1,Daylight,Snow/Ice/Severe,1,1,['Front_Passenger'],['Shoulder_Lapbelt'],0,0,Valid,0.0,0.0,53.0,53.0,['Female'],1,0,3,4,5,Icy/Snowy,Straight,Grade/Hillcrest,Lowest,No
17867,26,Michigan,260114,0,3,3,0,3,NOT APPLICABLE,January,18,Wednesday,6,32,Urban,Medium Speed (Collector),No,43.38411389,-86.288625,Complex/Circle,Dark - Lighted,Cloudy,6:00am-6:59am,34,6:00am-6:59am,39,Unknown,Unknown EMS Hospital Arrival Time,1,Dark - Lighted,Reduced Visibility,1,2,['Driver'],['Shoulder_Lapbelt'],0,0,Valid,1.0,0.0,55.0,51.0,"['Female', 'Male', 'Male']",0,0,3,4,5,Dry,Straight,Level,Lowest,No
17868,26,Michigan,260115,0,2,2,0,3,DETROIT,February,26,Sunday,0,30,Urban,High Speed (Arterial),Yes,42.32783056,-83.08592778,Non-Intersection,Dark - Lighted,Clear,0:00am-0:59am,32,0:00am-0:59am,41,Unknown,Unknown EMS Hospital Arrival Time,1,Dark - Lighted,Clear,1,2,['Driver'],['Shoulder_Lapbelt'],1,2,Valid,0.0,0.0,37.0,35.0,"['Male', 'Female']",0,0,3,4,5,Dry,Straight,Level,Lowest,No
17869,26,Michigan,260116,0,1,1,0,1,NOT APPLICABLE,February,21,Tuesday,19,12,Rural,Medium Speed (Collector),No,41.84531667,-86.14564444,Non-Intersection,Dark - Not Lighted,Clear,Unknown,Unknown,Unknown EMS Scene Arrival Hour,Unknown EMS Scene Arrival Minutes,Unknown,Unknown EMS Hospital Arrival Time,1,Dark - Unlighted,Clear,1,0,['Driver'],['None_Used'],0,0,Valid,0.0,0.0,52.0,52.0,['Male'],0,0,5,4,1,Dry,Straight,Level,Lowest,No
17870,26,Michigan,260118,1,1,1,0,1,DETROIT,February,19,Sunday,21,0,Urban,Medium Speed (Collector),No,42.33632778,-83.05909444,Non-Intersection,Dark - Lighted,Cloudy,Unknown,Unknown,Unknown EMS Scene Arrival Hour,Unknown EMS Scene Arrival Minutes,Unknown,Unknown EMS Hospital Arrival Time,1,Dark - Lighted,Reduced Visibility,0,0,[],[],0,0,Invalid,0.0,0.0,999.0,999.0,['Other'],0,0,2,3,4,Dry,Straight,Level,Lowest,No
17871,26,Michigan,260119,0,1,1,0,2,NOT APPLICABLE,February,24,Friday,14,10,Rural,High Speed (Arterial),Yes,43.85740556,-84.77911111,Non-Intersection,Daylight,Cloudy,2:00pm-2:59pm,27,2:00pm-2:59pm,30,Unknown,Unknown EMS Hospital Arrival Time,1,Daylight,Reduced Visibility,1,1,['Front_Passenger'],['None_Used'],0,0,Valid,0.0,0.0,82.0,82.0,['Male'],0,0,3,4,3,Wet/Standing Water,Straight,Level,Lowest,No
17872,26,Michigan,260120,0,1,1,0,1,NOT APPLICABLE,January,11,Wednesday,13,46,Urban,Medium Speed (Collector),No,42.16711111,-83.54189167,Non-Intersection,Daylight,Clear,1:00pm-1:59pm,49,2:00pm-2:59pm,1,Not Applicable (Not Transported),Not Applicable (Not Transported),1,Daylight,Clear,1,0,['Driver'],['Shoulder_Lapbelt'],0,0,Valid,0.0,0.0,89.0,89.0,['Male'],0,0,2,4,4,Dry,Straight,Level,Lowest,No
17873,26,Michigan,260121,0,1,1,0,1,NORTON SHORES,March,2,Thursday,23,39,Urban,Medium Speed (Collector),No,43.17979167,-86.21989722,Non-Intersection,Dark - Lighted,Clear,Unknown,Unknown,Unknown EMS Scene Arrival Hour,Unknown EMS Scene Arrival Minutes,Not Applicable (Not Transported),Not Applicable (Not Transported),1,Dark - Lighted,Clear,1,0,['Driver'],['Shoulder_Lapbelt'],0,0,Valid,0.0,1.0,33.0,33.0,['Female'],1,0,2,4,3,Dry,Curve,Level,Lowest,No
17874,26,Michigan,260122,0,1,1,0,1,TALLMADGE,March,3,Friday,23,48,Urban,Medium Speed (Collector),No,42.95524444,-85.79267778,Non-Intersection,Dark - Not Lighted,Clear,11:00pm-11:59pm,51,11:00pm-11:59pm,54,Not Applicable (Not Transported),Not Applicable (Not Transported),1,Dark - Unlighted,Clear,1,0,['Driver'],['None_Used'],0,0,Valid,0.0,0.0,61.0,61.0,['Male'],1,0,2,4,3,Wet/Standing Water,Curve,Level,Lowest,No
17875,26,Michigan,260123,0,1,1,0,1,BATTLE CREEK,February,27,Monday,2,43,Urban,Medium Speed (Collector),No,42.31419444,-85.19062778,Non-Intersection,Dark - Not Lighted,Clear,Unknown,Unknown,Unknown EMS Scene Arrival Hour,Unknown EMS Scene Arrival Minutes,Not Applicable (Not Transported),Not Applicable (Not Transported),1,Dark - Unlighted,Clear,1,0,['Driver'],['None_Used'],1,1,Valid,0.0,0.0,40.0,40.0,['Male'],0,0,2,4,3,Dry,Straight,Level,Lowest,No
17876,26,Michigan,260124,0,2,2,0,4,NOT APPLICABLE,February,18,Saturday,15,48,Urban,Medium Speed (Collector),No,43.58697778,-83.8369,Complex/Circle,Daylight,Clear,Unknown,Unknown,Unknown EMS Scene Arrival Hour,Unknown EMS Scene Arrival Minutes,Not Applicable (Not Transported),Not Applicable (Not Transported),1,Daylight,Clear,1,3,['Front_Passenger'],['Shoulder_Lapbelt'],0,0,Valid,0.0,0.0,87.0,27.0,"['Female', 'Female']",2,0,3,4,5,Dry,Straight,Level,Lowest,No
17877,26,Michigan,260125,0,2,2,0,2,NOT APPLICABLE,February,23,Thursday,7,57,Urban,High Speed (Arterial),Yes,42.85311944,-85.70626667,Non-Intersection,Dawn,Clear,Unknown,Unknown,Unknown EMS Scene Arrival Hour,Unknown EMS Scene Arrival Minutes,Not Applicable (Not Transported),Not Applicable (Not Transported),1,Twilight,Clear,1,1,['Driver'],['Shoulder_Lapbelt'],0,0,Valid,1.0,0.0,32.0,25.0,"['Male', 'Male']",1,0,4,4,5,Wet/Standing Water,Straight,Level,Lowest,No
17878,26,Michigan,260126,0,3,3,0,4,NOT APPLICABLE,March,8,Wednesday,12,43,Rural,Low Speed (Local),No,44.64413611,-85.79836389,Complex/Circle,Daylight,Clear,12:00pm-12:59pm,43,12:00pm-12:59pm,45,Unknown,Unknown EMS Hospital Arrival Time,1,Daylight,Clear,1,3,['Driver'],['Shoulder_Lapbelt'],0,0,Valid,0.0,0.0,74.0,42.0,"['Male', 'Male', 'Female']",0,0,3,4,5,Dry,Straight,Level,Lowest,No
17879,26,Michigan,260127,1,1,1,0,1,DETROIT,February,25,Saturday,21,20,Urban,High Speed (Arterial),Yes,42.41938056,-83.27760833,Complex/Circle,Dark - Not Lighted,Clear,Unknown,Unknown,Unknown EMS Scene Arrival Hour,Unknown EMS Scene Arrival Minutes,Not Applicable (Not Transported),Not Applicable (Not Transported),1,Dark - Unlighted,Clear,0,1,[],[],0,0,Valid,0.0,0.0,32.0,32.0,['Male'],0,0,3,3,4,Dry,Straight,Level,Lowest,No
17880,26,Michigan,260128,0,2,2,0,3,NOT APPLICABLE,March,9,Thursday,8,8,Rural,Medium Speed (Collector),No,43.75533333,-82.87991667,Complex/Circle,Daylight,Clear,8:00am-8:59am,12,8:00am-8:59am,31,Unknown,Unknown EMS Hospital Arrival Time,1,Daylight,Clear,1,2,['Driver'],['Shoulder_Lapbelt'],0,0,Valid,0.0,0.0,30.0,22.0,"['Male', 'Male']",0,0,3,4,5,Dry,Straight,Level,Lowest,No
17881,26,Michigan,260130,1,1,1,0,1,NOT APPLICABLE,February,10,Friday,22,22,Urban,High Speed (Arterial),Yes,42.30746389,-85.5558,Non-Intersection,Not Reported,Clear,Unknown,Unknown,Unknown EMS Scene Arrival Hour,Unknown EMS Scene Arrival Minutes,Unknown,Unknown EMS Hospital Arrival Time,1,Dark - Unlighted,Clear,0,1,[],[],0,0,Valid,0.0,1.0,27.0,27.0,['Male'],0,0,2,3,4,Dry,Straight,Level,Lowest,No
17882,26,Michigan,260131,0,2,2,0,2,WOODHAVEN,March,4,Saturday,7,26,Urban,High Speed (Arterial),Yes,42.12436944,-83.24111944,Non-Intersection,Daylight,Cloudy,Unknown,Unknown,Unknown EMS Scene Arrival Hour,Unknown EMS Scene Arrival Minutes,Not Applicable (Not Transported),Not Applicable (Not Transported),1,Daylight,Reduced Visibility,1,1,['Driver'],['Shoulder_Lapbelt'],0,0,Valid,0.0,0.0,46.0,21.0,"['Male', 'Male']",1,0,4,4,5,Icy/Snowy,Straight,Level,Lowest,No
17883,26,Michigan,260132,0,2,2,0,4,NOT APPLICABLE,March,2,Thursday,14,30,Rural,High Speed (Arterial),Yes,46.10588889,-88.582675,Non-Intersection,Daylight,Clear,2:00pm-2:59pm,32,2:00pm-2:59pm,39,Unknown,Unknown EMS Hospital Arrival Time,1,Daylight,Clear,1,3,['Driver'],['Shoulder_Lapbelt'],0,0,Valid,0.0,1.0,78.0,29.0,"['Male', 'Male']",0,0,3,4,5,Dry,Straight,Level,Lowest,No
17884,26,Michigan,260133,0,1,1,0,1,BURTON,March,12,Sunday,3,28,Urban,High Speed (Arterial),Yes,42.96895278,-83.65255278,Non-Intersection,Dark - Not Lighted,Clear,Unknown,Unknown if Notified,Unknown EMS Scene Arrival Hour,Unknown if Arrived,Not Applicable (Not Transported),Not Applicable (Not Transported),1,Dark - Unlighted,Clear,1,0,['Driver'],['Shoulder_Lapbelt'],0,0,Valid,0.0,0.0,28.0,28.0,['Male'],1,0,2,4,3,Dry,Straight,Level,Lowest,No
17885,26,Michigan,260134,0,2,1,1,2,DETROIT,March,12,Sunday,5,11,Urban,High Speed (Arterial),Yes,42.44758056,-83.04835556,Non-Intersection,Dark - Lighted,Clear,Unknown,Unknown if Notified,Unknown EMS Scene Arrival Hour,Unknown if Arrived,Not Applicable (Not Transported),Not Applicable (Not Transported),2,Dark - Lighted,Clear,2,0,"['Driver', 'Front_Passenger']","['Shoulder_Lapbelt', 'Shoulder_Lapbelt']",1,1,Valid,0.0,3.0,32.0,32.0,['Male'],2,0,2,4,5,Dry,Straight,Level,Lowest,No
17886,26,Michigan,260135,0,1,1,0,1,NOT APPLICABLE,March,1,Wednesday,10,59,Rural,High Speed (Arterial),Yes,43.36045278,-83.08501944,Non-Intersection,Daylight,Cloudy,11:00am-11:59am,1,11:00am-11:59am,13,Unknown,Unknown EMS Hospital Arrival Time,1,Daylight,Reduced Visibility,1,0,['Driver'],['None_Used'],0,0,Valid,1.0,1.0,25.0,25.0,['Male'],0,0,3,4,3,Dry,Straight,Grade/Hillcrest,Lowest,No
17887,26,Michigan,260136,1,3,2,1,3,NOT APPLICABLE,March,3,Friday,8,26,Rural,Medium Speed (Collector),No,42.24873056,-86.10858889,Non-Intersection,Daylight,Cloudy,Unknown,Unknown,Unknown EMS Scene Arrival Hour,Unknown EMS Scene Arrival Minutes,Not Applicable (Not Transported),Not Applicable (Not Transported),1,Daylight,Reduced Visibility,0,3,[],[],0,0,Valid,1.0,3.0,48.0,30.0,"['Male', 'Male']",0,0,3,4,5,Dry,Straight,Level,Lowest,No
17888,26,Michigan,260137,0,2,2,0,4,GENESEE,March,24,Friday,15,6,Urban,Low Speed (Local),No,43.09594444,-83.59755,Non-Intersection,Daylight,Clear,Unknown,Unknown,Unknown EMS Scene Arrival Hour,Unknown EMS Scene Arrival Minutes,Unknown,Unknown EMS Hospital Arrival Time,1,Daylight,Clear,1,3,['Driver'],['Shoulder_Lapbelt'],0,0,Valid,0.0,0.0,75.0,49.0,"['Male', 'Female']",0,0,3,4,5,Dry,Straight,Level,Lowest,No
17889,26,Michigan,260138,1,1,1,0,1,DETROIT,March,7,Tuesday,22,45,Urban,Medium Speed (Collector),No,42.42325278,-83.06265,Non-Intersection,Dark - Not Lighted,Clear,Unknown,Unknown,Unknown EMS Scene Arrival Hour,Unknown EMS Scene Arrival Minutes,Unknown,Unknown EMS Hospital Arrival Time,1,Dark - Unlighted,Clear,0,1,[],[],0,0,Valid,0.0,2.0,32.0,32.0,['Female'],0,0,3,3,4,Dry,Straight,Level,Lowest,No
17890,26,Michigan,260139,1,2,2,0,1,DETROIT,March,4,Saturday,7,53,Urban,High Speed (Arterial),Yes,42.37816667,-83.22784722,Non-Intersection,Daylight,Clear,Unknown,Unknown,Unknown EMS Scene Arrival Hour,Unknown EMS Scene Arrival Minutes,Not Applicable (Not Transported),Not Applicable (Not Transported),1,Daylight,Clear,0,1,[],[],0,0,Invalid,0.0,0.0,21.0,21.0,['Female'],0,0,2,4,5,Wet/Standing Water,Curve,Level,Lowest,No
17891,26,Michigan,260140,0,3,3,0,4,NOT APPLICABLE,March,15,Wednesday,14,54,Rural,High Speed (Arterial),Yes,43.95555833,-86.32317222,Non-Intersection,Daylight,Clear,Unknown,Unknown,Unknown EMS Scene Arrival Hour,Unknown EMS Scene Arrival Minutes,Unknown,Unknown EMS Hospital Arrival Time,1,Daylight,Clear,1,3,['Driver'],['Shoulder_Lapbelt'],0,0,Valid,1.0,0.0,77.0,71.0,"['Male', 'Male', 'Male']",0,0,3,4,5,Dry,Straight,Level,Lowest,No
17892,26,Michigan,260141,0,2,2,0,2,NOT APPLICABLE,March,21,Tuesday,21,53,Urban,High Speed (Arterial),Yes,42.25470278,-83.54830556,Non-Intersection,Dark - Not Lighted,Cloudy,9:00pm-9:59pm,56,10:00pm-10:59pm,7,Unknown,Unknown EMS Hospital Arrival Time,1,Dark - Unlighted,Reduced Visibility,1,1,['Driver'],['Shoulder_Lapbelt'],1,1,Invalid,3.0,1.0,68.0,25.0,"['Male', 'Male']",0,0,2,4,5,Dry,Straight,Level,Lowest,No
17893,26,Michigan,260142,0,3,2,1,3,NOT APPLICABLE,March,7,Tuesday,14,40,Urban,Medium Speed (Collector),No,43.59051667,-84.24776944,Complex/Circle,Daylight,Clear,2:00pm-2:59pm,41,2:00pm-2:59pm,51,Unknown,Unknown EMS Hospital Arrival Time,1,Daylight,Clear,1,2,['Driver'],['Shoulder_Lapbelt'],0,0,Valid,0.0,0.0,66.0,18.0,"['Male', 'Female']",0,0,3,4,5,Dry,Straight,Level,Lowest,No
17894,26,Michigan,260143,0,3,2,1,5,NOT APPLICABLE,March,24,Friday,12,55,Urban,Medium Speed (Collector),No,43.29611389,-86.26099167,Complex/Circle,Daylight,Clear,12:00pm-12:59pm,59,1:00pm-1:59pm,6,Unknown,Unknown EMS Hospital Arrival Time,1,Daylight,Clear,1,4,['Rear_Seat'],['None_Used'],0,0,Valid,0.0,2.0,38.0,22.0,"['Male', 'Female']",0,0,3,4,5,Dry,Curve,Level,Lowest,No
17895,26,Michigan,260144,1,1,1,0,1,WYOMING,March,14,Tuesday,6,56,Urban,Medium Speed (Collector),No,42.885475,-85.72406667,Non-Intersection,Dark - Lighted,Clear,6:00am-6:59am,56,6:00am-6:59am,59,Unknown,Unknown EMS Hospital Arrival Time,1,Dark - Lighted,Clear,0,1,[],[],0,0,Valid,0.0,0.0,52.0,52.0,['Male'],0,0,2,3,4,Dry,Straight,Level,Lowest,No
17896,26,Michigan,260145,0,3,3,0,3,NOT APPLICABLE,March,21,Tuesday,5,27,Rural,Medium Speed (Collector),No,41.77906389,-85.89229444,Non-Intersection,Dark - Not Lighted,Clear,Unknown,Unknown,Unknown EMS Scene Arrival Hour,Unknown EMS Scene Arrival Minutes,Unknown,Unknown EMS Hospital Arrival Time,1,Dark - Unlighted,Clear,1,2,['Driver'],['Shoulder_Lapbelt'],1,1,Valid,0.0,0.0,59.0,45.0,"['Male', 'Male', 'Male']",0,0,3,4,5,Dry,Straight,Level,Lowest,No
17897,26,Michigan,260146,1,1,1,0,1,WYOMING,March,14,Tuesday,6,38,Urban,High Speed (Arterial),Yes,42.90491389,-85.66569444,Complex/Circle,Dark - Lighted,Clear,6:00am-6:59am,39,6:00am-6:59am,42,Not Applicable (Not Transported),Not Applicable (Not Transported),1,Dark - Lighted,Clear,0,1,[],[],0,0,Valid,0.0,0.0,55.0,55.0,['Male'],0,0,2,4,4,Dry,Straight,Level,Lowest,No
17898,26,Michigan,260147,0,2,2,0,2,NOT APPLICABLE,March,10,Friday,6,22,Rural,Medium Speed (Collector),No,44.33788333,-85.08899167,Non-Intersection,Dark - Not Lighted,Snow,6:00am-6:59am,24,6:00am-6:59am,33,Unknown,Unknown EMS Hospital Arrival Time,1,Dark - Unlighted,Snow/Ice/Severe,1,1,['Driver'],['Shoulder_Lapbelt'],0,0,Valid,3.0,1.0,32.0,22.0,"['Male', 'Male']",0,0,3,4,5,Icy/Snowy,Straight,Grade/Hillcrest,Lowest,No
17899,26,Michigan,260148,0,2,2,0,3,OAKLAND,March,25,Saturday,8,3,Urban,Medium Speed (Collector),No,42.78490278,-83.13560556,Complex/Circle,Daylight,Rain,8:00am-8:59am,4,8:00am-8:59am,6,Unknown,Unknown EMS Hospital Arrival Time,1,Daylight,Rain/Wind/Minor,1,2,['Driver'],['Shoulder_Lapbelt'],0,0,Valid,0.0,0.0,34.0,29.0,"['Female', 'Male']",0,0,3,4,5,Wet/Standing Water,Straight,Level,Lowest,No
17900,26,Michigan,260149,0,1,1,0,1,DETROIT,March,19,Sunday,3,55,Urban,High Speed (Arterial),Yes,42.41070833,-83.12775833,Non-Intersection,Dark - Lighted,Clear,Unknown,Unknown,Unknown EMS Scene Arrival Hour,Unknown EMS Scene Arrival Minutes,Not Applicable (Not Transported),Not Applicable (Not Transported),1,Dark - Lighted,Clear,1,0,['Driver'],['Shoulder_Lapbelt'],0,0,Valid,1.0,1.0,21.0,21.0,['Male'],1,0,2,4,3,Dry,Straight,Level,Lowest,No
17901,26,Michigan,260150,1,1,1,0,2,REDFORD TOWNSHIP,March,12,Sunday,3,34,Urban,High Speed (Arterial),Yes,42.38395278,-83.31376667,Non-Intersection,Dark - Lighted,Clear,Unknown,Unknown,Unknown EMS Scene Arrival Hour,Unknown EMS Scene Arrival Minutes,Not Applicable (Not Transported),Not Applicable (Not Transported),1,Dark - Lighted,Clear,0,2,[],[],1,1,Valid,2.0,2.0,42.0,42.0,['Female'],0,0,3,3,4,Dry,Straight,Level,Lowest,No
17902,26,Michigan,260151,3,1,1,0,4,NOT APPLICABLE,March,20,Monday,8,15,Rural,Medium Speed (Collector),No,44.41069167,-85.43851111,Complex/Circle,Daylight,Clear,8:00am-8:59am,18,8:00am-8:59am,33,Unknown,Unknown EMS Hospital Arrival Time,2,Daylight,Clear,0,4,[],[],0,0,Valid,0.0,0.0,48.0,48.0,['Male'],0,0,3,4,1,Dry,Straight,Grade/Hillcrest,Lowest,No
17903,26,Michigan,260152,0,1,1,0,2,NOT APPLICABLE,March,28,Tuesday,21,37,Urban,Medium Speed (Collector),No,42.77350278,-83.77314444,Non-Intersection,Dark - Not Lighted,Clear,9:00pm-9:59pm,38,9:00pm-9:59pm,42,Unknown,Unknown EMS Hospital Arrival Time,1,Dark - Unlighted,Clear,1,1,['Front_Passenger'],['None_Used'],1,1,Valid,3.0,0.0,46.0,46.0,['Male'],0,0,3,4,3,Dry,Curve,Grade/Hillcrest,Lowest,No
17904,26,Michigan,260153,0,1,1,0,1,NOT APPLICABLE,March,19,Sunday,0,16,Urban,Medium Speed (Collector),No,41.95345833,-83.2953,Non-Intersection,Dark - Lighted,Snow,0:00am-0:59am,19,0:00am-0:59am,28,Unknown,Unknown EMS Hospital Arrival Time,1,Dark - Lighted,Snow/Ice/Severe,1,0,['Driver'],['None_Used'],1,1,Valid,1.0,0.0,34.0,34.0,['Male'],0,0,5,4,3,Dry,Curve,Level,Lowest,No
17905,26,Michigan,260154,0,4,4,0,7,WALLED LAKE,March,22,Wednesday,19,46,Urban,High Speed (Arterial),Yes,42.5395,-83.46795278,Complex/Circle,Dark - Lighted,Rain,7:00pm-7:59pm,48,7:00pm-7:59pm,52,Unknown,Unknown EMS Hospital Arrival Time,1,Dark - Lighted,Rain/Wind/Minor,1,5,['Rear_Seat'],['Shoulder_Lapbelt'],0,0,Invalid,0.0,0.0,999.0,43.0,"['Other', 'Female', 'Female', 'Female']",0,0,3,4,5,Wet/Standing Water,Straight,Level,Lowest,No
17906,26,Michigan,260155,0,2,2,0,3,NOT APPLICABLE,March,25,Saturday,10,58,Rural,Medium Speed (Collector),No,43.63568889,-84.36891667,Non-Intersection,Daylight,Snow,11:00am-11:59am,2,11:00am-11:59am,11,Unknown,Unknown EMS Hospital Arrival Time,1,Daylight,Snow/Ice/Severe,1,2,['Front_Passenger'],['Shoulder_Lapbelt'],0,0,Invalid,0.0,0.0,74.0,20.0,"['Female', 'Male']",1,0,3,4,5,Icy/Snowy,Straight,Level,Lowest,No
17907,26,Michigan,260156,0,3,3,0,4,NOT APPLICABLE,January,27,Friday,13,8,Rural,Medium Speed (Collector),No,42.67498889,-85.40491389,Non-Intersection,Daylight,Cloudy,1:00pm-1:59pm,11,1:00pm-1:59pm,15,Unknown,Unknown EMS Hospital Arrival Time,1,Daylight,Reduced Visibility,1,3,['Driver'],['Shoulder_Lapbelt'],1,1,Valid,2.0,0.0,62.0,54.0,"['Male', 'Male', 'Male']",0,0,3,4,5,Wet/Standing Water,Straight,Level,Lowest,No
17908,26,Michigan,260157,0,2,2,0,3,NOT APPLICABLE,January,31,Tuesday,19,21,Rural,Medium Speed (Collector),No,42.50804444,-85.259,Non-Intersection,Dark - Not Lighted,Clear,7:00pm-7:59pm,23,7:00pm-7:59pm,42,Unknown,Unknown EMS Hospital Arrival Time,1,Dark - Unlighted,Clear,1,2,['Driver'],['None_Used'],1,1,Valid,0.0,0.0,59.0,32.0,"['Female', 'Female']",0,0,3,4,5,Dry,Curve,Level,Lowest,No
17909,26,Michigan,260158,0,2,2,0,2,NOT APPLICABLE,February,22,Wednesday,16,24,Rural,Medium Speed (Collector),No,41.80528889,-86.39063333,Complex/Circle,Daylight,Rain,4:00pm-4:59pm,24,4:00pm-4:59pm,34,Unknown,Unknown EMS Hospital Arrival Time,1,Daylight,Rain/Wind/Minor,1,1,['Driver'],['Shoulder_Lapbelt'],0,0,Valid,0.0,1.0,62.0,47.0,"['Male', 'Male']",0,0,4,4,5,Wet/Standing Water,Straight,Level,Lowest,No
17910,26,Michigan,260159,0,4,4,0,5,NOT APPLICABLE,March,16,Thursday,15,14,Urban,Medium Speed (Collector),No,42.64124722,-83.52571667,Non-Intersection,Daylight,Cloudy,3:00pm-3:59pm,15,3:00pm-3:59pm,19,Unknown,Unknown EMS Hospital Arrival Time,1,Daylight,Reduced Visibility,1,4,['Driver'],['Shoulder_Lapbelt'],0,0,Valid,1.0,1.0,62.0,40.0,"['Female', 'Female', 'Male', 'Female']",0,0,3,4,5,Dry,Straight,Level,Lowest,No
17911,26,Michigan,260160,0,1,1,0,1,NOT APPLICABLE,March,15,Wednesday,6,14,Rural,Low Speed (Local),No,42.98258611,-82.87676667,Non-Intersection,Dark - Not Lighted,Snow,Unknown,Unknown,Unknown EMS Scene Arrival Hour,Unknown EMS Scene Arrival Minutes,Unknown,Unknown EMS Hospital Arrival Time,1,Dark - Unlighted,Snow/Ice/Severe,1,0,['Driver'],['Shoulder_Lapbelt'],1,1,Valid,0.0,0.0,44.0,44.0,['Male'],1,0,3,3,3,Icy/Snowy,Straight,Level,Lowest,No