,State_Code,State_Name,Crash_ID,Count_Non_Motorists,Count_Vehicles_Total,Count_Vehicle_Forms,Count_PVH_Involved,Count_Occupants_MV,City_Name,Month_Name,Day_of_Month,Day_of_Week,Crash_Hour,Crash_Minute,Area_Rural_Urban,Road_Functional_Class,On_NHS_Road,Latitude,Longitude,Intersection_Type,Light_Condition,Weather_Condition,Notif_Hour,Notif_Minute,Arrival_Hour,Arrival_Minute,Hospital_Hour,Hospital_Minute,Fatalities_Count,Clean_Light_Condition,Clean_Weather_Condition,Total_Killed,Total_Alive,Fatal_Seats_List,Killed_Restraint_List,Any_Driver_Drinking,Total_Drinking_Drivers,Driver_License_Category,Driver_Max_Prev_Accident_Count,Driver_Max_Prev_Speeding_Count,Max_Driver_Age,Min_Driver_Age,Driver_Sex_List,Total_Exceeding_Limit_Vehicles,Total_Too_Fast_Vehicles,Max_Vehicle_Type_Severity_5,Max_Vehicle_Damage_Rank,Max_Harmful_Event_Severity,Crash_Road_Surface_Condition,Crash_Horizontal_Alignment,Crash_Vertical_Profile,Crash_Impairment_Category,Crash_Vehicle_Defect
17912,26,Michigan,260161,0,2,2,0,2,NOT APPLICABLE,March,19,Sunday,15,22,Rural,Medium Speed (Collector),No,44.72666944,-83.80740278,Complex/Circle,Daylight,Clear,Unknown,Unknown,Unknown EMS Scene Arrival Hour,Unknown EMS Scene Arrival Minutes,Unknown,Unknown EMS Hospital Arrival Time,1,Daylight,Clear,1,1,['Driver'],['None_Used'],0,0,Valid,0.0,1.0,62.0,29.0,"['Female', 'Male']",0,0,3,4,5,Dry,Straight,Level,Lowest,No
17913,26,Michigan,260162,0,2,2,0,4,DETROIT,March,24,Friday,22,45,Urban,Medium Speed (Collector),No,42.39953056,-82.98217778,Simple Junction,Dark - Lighted,Clear,Unknown,Unknown,Unknown EMS Scene Arrival Hour,Unknown EMS Scene Arrival Minutes,Unknown,Unknown EMS Hospital Arrival Time,1,Dark - Lighted,Clear,1,3,['Front_Passenger'],['Shoulder_Lapbelt'],1,2,Valid,4.0,0.0,63.0,57.0,"['Male', 'Male']",3,0,3,4,5,Dry,Straight,Level,Lowest,No
17914,26,Michigan,260163,1,1,1,0,1,GRAND RAPIDS,March,30,Thursday,21,56,Urban,High Speed (Arterial),Yes,42.95742222,-85.67119167,Non-Intersection,Dark - Lighted,Rain,Unknown,Unknown,Unknown EMS Scene Arrival Hour,Unknown EMS Scene Arrival Minutes,Not Applicable (Not Transported),Not Applicable (Not Transported),1,Dark - Lighted,Rain/Wind/Minor,0,1,[],[],0,0,Valid,0.0,0.0,37.0,37.0,['Male'],0,0,3,4,4,Wet/Standing Water,Straight,Level,Lowest,No
17915,26,Michigan,260164,0,1,1,0,2,DETROIT,March,26,Sunday,18,27,Urban,Medium Speed (Collector),No,42.35012222,-83.02951111,Non-Intersection,Daylight,Clear,Unknown,Unknown,Unknown EMS Scene Arrival Hour,Unknown EMS Scene Arrival Minutes,Not Applicable (Not Transported),Not Applicable (Not Transported),1,Daylight,Clear,1,1,['Driver'],['None_Used'],1,1,Invalid,1.0,2.0,65.0,65.0,['Male'],2,0,2,4,3,Dry,Straight,Level,Lowest,No
17916,26,Michigan,260165,0,2,2,0,3,DETROIT,March,31,Friday,3,5,Urban,High Speed (Arterial),Yes,42.41021389,-82.99676111,Complex/Circle,Dark - Not Lighted,Clear,Unknown,Unknown if Notified,Unknown EMS Scene Arrival Hour,Unknown if Arrived,Not Applicable (Not Transported),Not Applicable (Not Transported),2,Dark - Unlighted,Clear,2,1,"['Driver', 'Front_Passenger']","['Shoulder_Lapbelt', 'Shoulder_Lapbelt']",0,0,Invalid,1.0,0.0,58.0,29.0,"['Male', 'Male']",2,0,4,4,5,Dry,Straight,Level,Lowest,No
17917,26,Michigan,260166,0,1,1,0,1,NOT APPLICABLE,March,23,Thursday,0,10,Urban,High Speed (Arterial),Yes,42.99000833,-82.46584444,Non-Intersection,Dark - Not Lighted,Rain,0:00am-0:59am,12,0:00am-0:59am,13,Unknown,Unknown EMS Hospital Arrival Time,1,Dark - Unlighted,Rain/Wind/Minor,1,0,['Driver'],['Shoulder_Lapbelt'],0,0,Invalid,0.0,0.0,35.0,35.0,['Male'],0,0,3,4,3,Wet/Standing Water,Curve,Level,Lowest,No
17918,26,Michigan,260167,1,1,1,0,1,DETROIT,March,20,Monday,20,22,Urban,Medium Speed (Collector),No,42.400575,-82.97835556,Non-Intersection,Daylight,Clear,Unknown,Unknown if Notified,Unknown EMS Scene Arrival Hour,Unknown if Arrived,Not Applicable (Not Transported),Not Applicable (Not Transported),1,Daylight,Clear,0,0,[],[],0,0,Invalid,0.0,0.0,999.0,999.0,['Other'],1,0,1,0,4,Dry,Straight,Level,Lowest,No
17919,26,Michigan,260168,0,2,2,0,4,DEARBORN HEIGHTS,March,13,Monday,17,21,Urban,High Speed (Arterial),Yes,42.32703056,-83.27605556,Complex/Circle,Daylight,Snow,Unknown,Unknown,Unknown EMS Scene Arrival Hour,Unknown EMS Scene Arrival Minutes,Unknown,Unknown EMS Hospital Arrival Time,1,Daylight,Snow/Ice/Severe,1,3,['Front_Passenger'],['Shoulder_Lapbelt'],0,0,Valid,0.0,0.0,53.0,27.0,"['Male', 'Male']",0,0,3,4,5,Icy/Snowy,Straight,Level,Lowest,No
17920,26,Michigan,260169,0,2,2,0,2,NOT APPLICABLE,March,12,Sunday,10,3,Urban,Medium Speed (Collector),No,42.69033056,-84.484075,Non-Intersection,Daylight,Snow,10:00am-10:59am,3,10:00am-10:59am,11,Unknown,Unknown EMS Hospital Arrival Time,1,Daylight,Snow/Ice/Severe,1,1,['Driver'],['Shoulder_Lapbelt'],0,0,Valid,0.0,0.0,63.0,21.0,"['Male', 'Female']",1,0,3,4,5,Icy/Snowy,Straight,Level,Lowest,No
17921,26,Michigan,260170,0,2,2,0,3,NOT APPLICABLE,March,31,Friday,17,28,Rural,Medium Speed (Collector),No,43.38389444,-86.13288611,Non-Intersection,Daylight,Cloudy,5:00pm-5:59pm,29,5:00pm-5:59pm,37,Unknown,Unknown EMS Hospital Arrival Time,1,Daylight,Reduced Visibility,1,2,['Driver'],['Shoulder_Lapbelt'],0,0,Valid,1.0,4.0,33.0,33.0,"['Male', 'Female']",0,0,3,4,5,Dry,Curve,Level,Lowest,No
17922,26,Michigan,260171,1,1,1,0,1,ANN ARBOR,March,3,Friday,19,10,Rural,Low Speed (Local),No,42.28190833,-83.75440556,Non-Intersection,Dark - Not Lighted,Snow,Unknown,Unknown,Unknown EMS Scene Arrival Hour,Unknown EMS Scene Arrival Minutes,Unknown,Unknown EMS Hospital Arrival Time,1,Dark - Unlighted,Snow/Ice/Severe,0,1,[],[],0,0,Valid,1.0,0.0,58.0,58.0,['Male'],0,0,3,1,4,Icy/Snowy,Curve,Level,Lowest,No
17923,26,Michigan,260172,1,2,2,0,2,DETROIT,March,22,Wednesday,23,1,Urban,High Speed (Arterial),Yes,42.3999,-83.02285,Complex/Circle,Dark - Not Lighted,Rain,Unknown,Unknown,Unknown EMS Scene Arrival Hour,Unknown EMS Scene Arrival Minutes,Unknown,Unknown EMS Hospital Arrival Time,1,Dark - Unlighted,Rain/Wind/Minor,0,1,[],[],0,0,Invalid,0.0,0.0,999.0,34.0,"['Other', 'Male']",0,0,2,0,4,Wet/Standing Water,Straight,Level,Lowest,No
17924,26,Michigan,260173,0,1,1,0,1,WARREN,March,19,Sunday,7,7,Urban,Medium Speed (Collector),No,42.51834167,-83.00761111,Non-Intersection,Dawn,Clear,Unknown,Unknown,Unknown EMS Scene Arrival Hour,Unknown EMS Scene Arrival Minutes,Not Applicable (Not Transported),Not Applicable (Not Transported),1,Twilight,Clear,1,0,['Driver'],['Shoulder_Lapbelt'],0,0,Valid,2.0,0.0,25.0,25.0,['Male'],0,0,2,4,3,Dry,Straight,Level,Lowest,No
17925,26,Michigan,260174,1,1,1,0,2,EAST LANSING,March,26,Sunday,23,16,Urban,High Speed (Arterial),Yes,42.72396667,-84.51274444,Non-Intersection,Dark - Not Lighted,Rain,Unknown,Unknown,Unknown EMS Scene Arrival Hour,Unknown EMS Scene Arrival Minutes,Not Applicable (Not Transported),Not Applicable (Not Transported),1,Dark - Unlighted,Rain/Wind/Minor,0,2,[],[],0,0,Valid,0.0,2.0,22.0,22.0,['Male'],0,0,2,3,4,Wet/Standing Water,Straight,Level,Lowest,No
17926,26,Michigan,260175,0,1,1,0,1,NOT APPLICABLE,April,1,Saturday,7,22,Urban,High Speed (Arterial),Yes,42.57711944,-83.85582778,Non-Intersection,Daylight,Cloudy,7:00am-7:59am,30,7:00am-7:59am,37,Not Applicable (Not Transported),Not Applicable (Not Transported),1,Daylight,Reduced Visibility,1,0,['Driver'],['None_Used'],0,0,Valid,0.0,0.0,61.0,61.0,['Male'],0,0,3,4,3,Wet/Standing Water,Curve,Grade/Hillcrest,Lowest,No
17927,26,Michigan,260176,1,1,1,0,2,NOT APPLICABLE,April,1,Saturday,20,40,Rural,Medium Speed (Collector),No,45.896,-87.066575,Non-Intersection,Dusk,Clear,8:00pm-8:59pm,41,9:00pm-9:59pm,7,Unknown,Unknown EMS Hospital Arrival Time,1,Twilight,Clear,0,2,[],[],0,0,Valid,0.0,0.0,22.0,22.0,['Female'],0,0,3,3,4,Dry,Straight,Level,Lowest,No
17928,26,Michigan,260177,0,1,1,0,1,NOT APPLICABLE,April,1,Saturday,3,11,Rural,Medium Speed (Collector),No,43.35058056,-84.90384444,Non-Intersection,Dark - Not Lighted,Clear,Unknown,Unknown,Unknown EMS Scene Arrival Hour,Unknown EMS Scene Arrival Minutes,Not Applicable (Not Transported),Not Applicable (Not Transported),1,Dark - Unlighted,Clear,1,0,['Driver'],['Shoulder_Lapbelt'],1,1,Valid,0.0,1.0,26.0,26.0,['Male'],0,0,2,4,3,Wet/Standing Water,Straight,Level,Lowest,No
17929,26,Michigan,260178,0,2,2,0,3,NOT APPLICABLE,April,2,Sunday,0,45,Urban,High Speed (Arterial),Yes,42.62948333,-83.87544722,Complex/Circle,Dark - Not Lighted,Clear,0:00am-0:59am,46,0:00am-0:59am,54,Unknown,Unknown EMS Hospital Arrival Time,1,Dark - Unlighted,Clear,1,2,['Front_Passenger'],['Shoulder_Lapbelt'],0,0,Valid,0.0,3.0,20.0,18.0,"['Female', 'Male']",0,0,3,4,5,Dry,Straight,Level,Lowest,No
17930,26,Michigan,260179,0,1,1,0,1,LANSING,April,2,Sunday,19,48,Urban,High Speed (Arterial),Yes,42.74090556,-84.571575,Non-Intersection,Daylight,Clear,7:00pm-7:59pm,49,7:00pm-7:59pm,54,Not Applicable (Not Transported),Not Applicable (Not Transported),1,Daylight,Clear,1,0,['Driver'],['None_Used'],0,0,Valid,0.0,0.0,28.0,28.0,['Male'],0,0,5,0,3,Dry,Straight,Level,Lowest,No
17931,26,Michigan,260180,0,4,4,0,4,FARMINGTON HILLS,April,4,Tuesday,20,44,Urban,Medium Speed (Collector),No,42.50358611,-83.33928889,Non-Intersection,Dark - Lighted,Clear,8:00pm-8:59pm,44,8:00pm-8:59pm,44,Unknown,Unknown EMS Hospital Arrival Time,1,Dark - Lighted,Clear,1,3,['Driver'],['None_Used'],0,0,Valid,0.0,0.0,69.0,19.0,"['Male', 'Male', 'Male', 'Male']",0,0,3,4,5,Dry,Straight,Grade/Hillcrest,Lowest,No
17932,26,Michigan,260181,0,2,2,0,7,NOT APPLICABLE,April,3,Monday,0,33,Rural,High Speed (Arterial),Yes,42.28287778,-84.89865556,Non-Intersection,Dark - Not Lighted,Clear,0:00am-0:59am,33,0:00am-0:59am,43,Unknown,Unknown EMS Hospital Arrival Time,3,Dark - Unlighted,Clear,3,4,"['Driver', 'Driver', 'Front_Passenger']","['Shoulder_Lapbelt', 'Shoulder_Lapbelt', 'None_Used']",1,1,Valid,0.0,0.0,46.0,42.0,"['Male', 'Male']",0,0,3,4,5,Dry,Straight,Level,Lowest,No
17933,26,Michigan,260182,0,2,2,0,2,GRAND RAPIDS,April,2,Sunday,8,30,Urban,High Speed (Arterial),Yes,42.92482222,-85.68206944,Non-Intersection,Daylight,Clear,8:00am-8:59am,33,8:00am-8:59am,40,Unknown,Unknown EMS Hospital Arrival Time,1,Daylight,Clear,1,1,['Driver'],['Shoulder_Lapbelt'],1,1,Valid,0.0,0.0,63.0,30.0,"['Male', 'Male']",0,0,3,4,5,Dry,Curve,Grade/Hillcrest,Lowest,No
17934,26,Michigan,260183,0,1,1,0,1,DETROIT,April,2,Sunday,4,27,Urban,High Speed (Arterial),Yes,42.40153889,-82.97388889,Non-Intersection,Dark - Lighted,Cloudy,Unknown,Unknown,Unknown EMS Scene Arrival Hour,Unknown EMS Scene Arrival Minutes,Unknown,Unknown EMS Hospital Arrival Time,1,Dark - Lighted,Reduced Visibility,1,0,['Driver'],['None_Used'],1,1,Valid,0.0,0.0,24.0,24.0,['Female'],1,0,3,4,3,Icy/Snowy,Straight,Level,Lowest,No
17935,26,Michigan,260184,2,2,1,1,4,HAMTRAMCK,April,2,Sunday,2,15,Urban,High Speed (Arterial),Yes,42.39618611,-83.06803333,Non-Intersection,Dark - Lighted,Cloudy,Unknown,Unknown,Unknown EMS Scene Arrival Hour,Unknown EMS Scene Arrival Minutes,Unknown,Unknown EMS Hospital Arrival Time,2,Dark - Lighted,Reduced Visibility,0,4,[],[],1,1,Valid,2.0,1.0,59.0,59.0,['Male'],0,0,3,4,4,Icy/Snowy,Curve,Level,Lowest,No
17936,26,Michigan,260185,0,2,2,0,2,NOT APPLICABLE,April,27,Thursday,14,12,Rural,High Speed (Arterial),Yes,43.61108056,-84.42908056,Complex/Circle,Daylight,Clear,Unknown,Unknown,Unknown EMS Scene Arrival Hour,Unknown EMS Scene Arrival Minutes,Unknown,Unknown EMS Hospital Arrival Time,1,Daylight,Clear,1,1,['Driver'],['Shoulder_Lapbelt'],0,0,Valid,1.0,0.0,75.0,45.0,"['Male', 'Female']",0,0,3,4,5,Dry,Straight,Level,Lowest,No
17937,26,Michigan,260186,0,1,1,0,1,NOT APPLICABLE,April,7,Friday,14,32,Urban,Low Speed (Local),No,44.78431389,-85.50548333,Non-Intersection,Daylight,Clear,2:00pm-2:59pm,35,2:00pm-2:59pm,39,Not Applicable (Not Transported),Not Applicable (Not Transported),1,Daylight,Clear,1,0,['Driver'],['None_Used'],0,0,Valid,0.0,1.0,76.0,76.0,['Male'],1,0,3,4,3,Dry,Straight,Level,Lowest,No
17938,26,Michigan,260187,0,2,2,0,2,NOT APPLICABLE,April,5,Wednesday,8,6,Rural,Medium Speed (Collector),No,43.02685833,-82.525275,Non-Intersection,Daylight,Cloudy,8:00am-8:59am,7,8:00am-8:59am,11,Unknown,Unknown EMS Hospital Arrival Time,1,Daylight,Reduced Visibility,1,1,['Driver'],['Shoulder_Lapbelt'],1,1,Valid,0.0,1.0,28.0,17.0,"['Male', 'Female']",0,0,3,4,5,Wet/Standing Water,Straight,Level,Lowest,No
17939,26,Michigan,260188,0,2,2,0,2,BRIDGMAN,April,4,Tuesday,17,42,Urban,High Speed (Arterial),Yes,41.93482222,-86.57226389,Non-Intersection,Daylight,Clear,Unknown,Unknown,Unknown EMS Scene Arrival Hour,Unknown EMS Scene Arrival Minutes,Unknown,Unknown EMS Hospital Arrival Time,1,Daylight,Clear,1,1,['Driver'],['None_Used'],0,0,Valid,0.0,0.0,39.0,32.0,"['Male', 'Female']",0,0,3,4,3,Dry,Curve,Level,Lowest,No
17940,26,Michigan,260189,0,1,1,0,1,NOT APPLICABLE,April,7,Friday,8,22,Rural,High Speed (Arterial),Yes,41.79736389,-85.65761667,Non-Intersection,Daylight,Clear,8:00am-8:59am,26,8:00am-8:59am,11,Not Applicable (Not Transported),Not Applicable (Not Transported),1,Daylight,Clear,1,0,['Driver'],['None_Used'],0,0,Valid,0.0,0.0,76.0,76.0,['Male'],0,0,3,4,4,Dry,Straight,Level,Lowest,No
17941,26,Michigan,260190,0,2,2,0,2,NOT APPLICABLE,April,7,Friday,15,44,Rural,Medium Speed (Collector),No,43.35861389,-85.939775,Non-Intersection,Daylight,Clear,3:00pm-3:59pm,47,3:00pm-3:59pm,57,Not Applicable (Not Transported),Not Applicable (Not Transported),1,Daylight,Clear,1,1,['Driver'],['None_Used'],0,0,Valid,1.0,1.0,64.0,48.0,"['Male', 'Male']",0,0,5,4,5,Dry,Curve,Level,Lowest,No
17942,26,Michigan,260191,0,2,2,0,2,NOT APPLICABLE,April,7,Friday,16,7,Rural,Medium Speed (Collector),No,42.21806667,-86.09507778,Non-Intersection,Daylight,Clear,4:00pm-4:59pm,8,4:00pm-4:59pm,13,Unknown,Unknown EMS Hospital Arrival Time,1,Daylight,Clear,1,1,['Driver'],['None_Used'],0,0,Valid,1.0,0.0,57.0,46.0,"['Male', 'Male']",0,0,5,4,5,Dry,Straight,Grade/Hillcrest,Lowest,No
17943,26,Michigan,260192,0,2,2,0,2,NOT APPLICABLE,April,9,Sunday,7,50,Urban,Low Speed (Local),No,43.00855556,-86.16484167,Complex/Circle,Daylight,Clear,7:00am-7:59am,51,7:00am-7:59am,54,Unknown,Unknown EMS Hospital Arrival Time,1,Daylight,Clear,1,1,['Driver'],['Shoulder_Lapbelt'],0,0,Valid,1.0,0.0,80.0,74.0,"['Female', 'Male']",0,0,3,4,5,Dry,Straight,Level,Lowest,No
17944,26,Michigan,260193,0,1,1,0,2,LANSING,April,9,Sunday,15,46,Urban,Low Speed (Local),No,42.67400833,-84.59756389,Non-Intersection,Daylight,Clear,1:00pm-1:59pm,45,1:00pm-1:59pm,50,Unknown,Unknown EMS Hospital Arrival Time,1,Daylight,Clear,1,1,['Front_Passenger'],['None_Used'],0,0,Invalid,0.0,0.0,31.0,31.0,['Male'],0,0,5,3,3,Loose/Unpaved,Straight,Level,Lowest,No
17945,26,Michigan,260194,0,2,2,0,9,EAST LANSING,April,5,Wednesday,20,4,Urban,Medium Speed (Collector),No,42.76073056,-84.50335,Complex/Circle,Dusk,Cloudy,Unknown,Unknown,Unknown EMS Scene Arrival Hour,Unknown EMS Scene Arrival Minutes,Unknown,Unknown EMS Hospital Arrival Time,2,Twilight,Reduced Visibility,2,7,"['Driver', 'Front_Passenger']","['None_Used', 'None_Used']",1,1,Valid,2.0,1.0,20.0,18.0,"['Male', 'Male']",0,0,2,4,5,Dry,Straight,Level,Lowest,No
17946,26,Michigan,260195,0,2,2,0,5,NOT APPLICABLE,April,2,Sunday,13,16,Rural,Low Speed (Local),No,43.68305278,-84.12767778,Complex/Circle,Daylight,Clear,Unknown,Unknown,Unknown EMS Scene Arrival Hour,Unknown EMS Scene Arrival Minutes,Unknown,Unknown EMS Hospital Arrival Time,1,Daylight,Clear,1,4,['Front_Passenger'],['Shoulder_Lapbelt'],0,0,Valid,0.0,0.0,57.0,48.0,"['Male', 'Male']",0,0,3,4,5,Dry,Straight,Level,Lowest,No
17947,26,Michigan,260196,0,2,2,0,2,NOT APPLICABLE,April,10,Monday,22,5,Rural,High Speed (Arterial),Yes,42.87928056,-85.19236944,Non-Intersection,Dark - Not Lighted,Clear,Unknown,Unknown,Unknown EMS Scene Arrival Hour,Unknown EMS Scene Arrival Minutes,Not Applicable (Not Transported),Not Applicable (Not Transported),1,Dark - Unlighted,Clear,1,1,['Driver'],['Shoulder_Lapbelt'],0,0,Valid,0.0,1.0,39.0,38.0,"['Female', 'Male']",0,0,4,4,5,Dry,Straight,Level,Lowest,No
17948,26,Michigan,260197,0,2,2,0,3,NOT APPLICABLE,April,10,Monday,14,52,Urban,High Speed (Arterial),No,42.57733056,-83.84556111,Non-Intersection,Daylight,Clear,2:00pm-2:59pm,54,3:00pm-3:59pm,0,Unknown,Unknown EMS Hospital Arrival Time,1,Daylight,Clear,1,2,['Driver'],['None_Used'],0,0,Valid,0.0,0.0,38.0,20.0,"['Male', 'Male']",0,0,5,4,5,Dry,Straight,Non-Trafficway,Lowest,No
17949,26,Michigan,260198,0,2,2,0,4,NOT APPLICABLE,April,11,Tuesday,19,14,Urban,Low Speed (Local),No,42.95776944,-85.94359167,Complex/Circle,Daylight,Clear,7:00pm-7:59pm,16,7:00pm-7:59pm,19,Unknown,Unknown EMS Hospital Arrival Time,1,Daylight,Clear,1,3,['Rear_Seat'],['Shoulder_Lapbelt'],0,0,Valid,1.0,0.0,27.0,17.0,"['Female', 'Male']",1,0,3,4,5,Dry,Straight,Level,Lowest,No
17950,26,Michigan,260199,1,1,1,0,1,NOT APPLICABLE,April,12,Wednesday,4,50,Urban,High Speed (Arterial),Yes,42.06841389,-83.31242778,Non-Intersection,Dark - Not Lighted,Cloudy,4:00am-4:59am,55,5:00am-5:59am,5,Not Applicable (Not Transported),Not Applicable (Not Transported),1,Dark - Unlighted,Reduced Visibility,0,1,[],[],0,0,Valid,0.0,0.0,40.0,40.0,['Male'],0,0,4,2,4,Dry,Straight,Level,Lowest,No
17951,26,Michigan,260200,1,1,1,0,1,REDFORD TOWNSHIP,April,11,Tuesday,17,15,Urban,Medium Speed (Collector),No,42.42850833,-83.29699722,Complex/Circle,Daylight,Clear,3:00pm-3:59pm,15,3:00pm-3:59pm,20,Unknown,Unknown EMS Hospital Arrival Time,1,Daylight,Clear,0,1,[],[],0,0,Valid,0.0,0.0,46.0,46.0,['Female'],0,0,3,3,4,Dry,Straight,Level,Lowest,No
17952,26,Michigan,260201,0,2,2,0,2,NOT APPLICABLE,April,15,Saturday,5,30,Rural,Medium Speed (Collector),No,41.97765833,-85.36485833,Non-Intersection,Dark - Not Lighted,Cloudy,5:00am-5:59am,31,5:00am-5:59am,43,Unknown,Unknown EMS Hospital Arrival Time,1,Dark - Unlighted,Reduced Visibility,1,1,['Driver'],['Shoulder_Lapbelt'],0,0,Valid,0.0,0.0,67.0,19.0,"['Male', 'Male']",0,0,2,4,5,Dry,Curve,Level,Lowest,No
17953,26,Michigan,260202,0,2,2,0,2,NOT APPLICABLE,April,11,Tuesday,20,17,Rural,High Speed (Arterial),Yes,42.02024444,-84.31795,Non-Intersection,Daylight,Clear,8:00pm-8:59pm,18,8:00pm-8:59pm,23,Unknown,Unknown EMS Hospital Arrival Time,1,Daylight,Clear,1,1,['Driver'],['Shoulder_Lapbelt'],0,0,Invalid,0.0,3.0,40.0,39.0,"['Male', 'Male']",1,0,2,4,5,Dry,Straight,Level,Lowest,No
17954,26,Michigan,260203,0,2,2,0,2,NOT APPLICABLE,April,12,Wednesday,20,6,Rural,Medium Speed (Collector),No,41.79706667,-85.72214722,Non-Intersection,Dusk,Clear,8:00pm-8:59pm,6,8:00pm-8:59pm,9,Not Applicable (Not Transported),Not Applicable (Not Transported),1,Twilight,Clear,1,1,['Driver'],['Shoulder_Lapbelt'],0,0,Valid,0.0,0.0,47.0,41.0,"['Male', 'Male']",0,0,4,4,5,Dry,Straight,Level,Lowest,No
17955,26,Michigan,260204,0,1,1,0,2,GRAND RAPIDS,April,14,Friday,23,5,Urban,High Speed (Arterial),Yes,42.93388611,-85.68050278,Non-Intersection,Dark - Lighted,Clear,11:00pm-11:59pm,7,11:00pm-11:59pm,35,Not Applicable (Not Transported),Not Applicable (Not Transported),1,Dark - Lighted,Clear,1,1,['Driver'],['None_Used'],1,1,Invalid,0.0,0.0,51.0,51.0,['Male'],2,0,2,4,2,Dry,Straight,Level,Lowest,No
17956,26,Michigan,260205,0,2,2,0,2,NOT APPLICABLE,April,12,Wednesday,17,43,Rural,Medium Speed (Collector),No,43.43328056,-82.92928333,Complex/Circle,Daylight,Clear,5:00pm-5:59pm,44,5:00pm-5:59pm,51,Unknown,Unknown EMS Hospital Arrival Time,1,Daylight,Clear,1,1,['Driver'],['None_Used'],0,0,Valid,1.0,0.0,26.0,22.0,"['Male', 'Male']",0,0,5,4,5,Dry,Straight,Grade/Hillcrest,Lowest,No
17957,26,Michigan,260206,0,2,2,0,3,MOTTVILLE,April,12,Wednesday,14,20,Rural,Low Speed (Local),No,41.76536944,-85.75588056,Non-Intersection,Daylight,Clear,Unknown,Unknown,Unknown EMS Scene Arrival Hour,Unknown EMS Scene Arrival Minutes,Unknown,Unknown EMS Hospital Arrival Time,1,Daylight,Clear,1,2,['Driver'],['Shoulder_Lapbelt'],0,0,Valid,0.0,0.0,26.0,26.0,"['Female', 'Male']",1,0,3,4,5,Dry,Straight,Level,Lowest,No
17958,26,Michigan,260207,0,2,2,0,3,DETROIT,April,14,Friday,16,49,Urban,High Speed (Arterial),Yes,42.41338889,-83.23811667,Complex/Circle,Daylight,Clear,Unknown,Unknown,Unknown EMS Scene Arrival Hour,Unknown EMS Scene Arrival Minutes,Unknown,Unknown EMS Hospital Arrival Time,1,Daylight,Clear,1,2,['Driver'],['None_Used'],0,0,Valid,0.0,1.0,36.0,24.0,"['Female', 'Male']",1,0,5,0,5,Dry,Straight,Level,Lowest,No
17959,26,Michigan,260208,0,1,1,0,2,NOT APPLICABLE,April,14,Friday,15,51,Rural,Low Speed (Local),No,45.92958889,-86.62430833,Non-Intersection,Daylight,Cloudy,3:00pm-3:59pm,51,4:00pm-4:59pm,18,Not Applicable (Not Transported),Not Applicable (Not Transported),1,Daylight,Reduced Visibility,1,1,['Front_Passenger'],['None_Used'],0,0,Valid,0.0,0.0,54.0,54.0,['Male'],0,0,5,0,3,Loose/Unpaved,Straight,Level,Lowest,Yes
17960,26,Michigan,260209,0,2,2,0,2,NOT APPLICABLE,April,16,Sunday,2,25,Urban,High Speed (Arterial),Yes,43.58244167,-83.94854444,Non-Intersection,Dark - Not Lighted,Clear,2:00am-2:59am,30,2:00am-2:59am,35,Not Applicable (Not Transported),Not Applicable (Not Transported),1,Dark - Unlighted,Clear,1,1,['Driver'],['Shoulder_Lapbelt'],1,1,Valid,1.0,1.0,62.0,40.0,"['Male', 'Male']",0,0,4,4,5,Dry,Straight,Level,Lowest,No
17961,26,Michigan,260210,0,1,1,0,1,NOT APPLICABLE,April,12,Wednesday,20,47,Rural,High Speed (Arterial),Yes,43.412775,-83.20116944,Non-Intersection,Dark - Not Lighted,Clear,Unknown,Unknown,Unknown EMS Scene Arrival Hour,Unknown EMS Scene Arrival Minutes,Unknown,Unknown EMS Hospital Arrival Time,1,Dark - Unlighted,Clear,1,0,['Driver'],['None_Used'],0,0,Invalid,0.0,0.0,53.0,53.0,['Male'],0,0,5,4,1,Dry,Straight,Level,Lowest,No
17962,26,Michigan,260211,0,1,1,0,1,NOT APPLICABLE,April,7,Friday,16,57,Rural,Medium Speed (Collector),No,43.46582222,-82.93094444,Non-Intersection,Daylight,Clear,Unknown,Unknown,Unknown EMS Scene Arrival Hour,Unknown EMS Scene Arrival Minutes,Not Applicable (Not Transported),Not Applicable (Not Transported),1,Daylight,Clear,1,0,['Driver'],['None_Used'],0,0,Valid,0.0,0.0,61.0,61.0,['Male'],0,0,5,1,1,Dry,Straight,Grade/Hillcrest,Lowest,Yes
17963,26,Michigan,260212,1,2,1,1,1,DETROIT,April,14,Friday,14,50,Urban,High Speed (Arterial),Yes,42.34928056,-83.03448889,Complex/Circle,Daylight,Clear,Unknown,Unknown,Unknown EMS Scene Arrival Hour,Unknown EMS Scene Arrival Minutes,Unknown,Unknown EMS Hospital Arrival Time,1,Daylight,Clear,0,1,[],[],0,0,Valid,0.0,0.0,26.0,26.0,['Male'],0,0,4,2,4,Dry,Straight,Level,Lowest,No
17964,26,Michigan,260213,0,1,1,0,1,FLAT ROCK,April,16,Sunday,13,19,Urban,Low Speed (Local),No,42.083875,-83.25926667,Non-Intersection,Daylight,Clear,1:00pm-1:59pm,25,1:00pm-1:59pm,32,Unknown,Unknown EMS Hospital Arrival Time,1,Daylight,Clear,1,0,['Driver'],['None_Used'],0,0,Valid,0.0,0.0,73.0,73.0,['Male'],0,0,3,3,3,Dry,Straight,Level,Lowest,No
17965,26,Michigan,260214,0,1,1,0,1,ALAMO,April,20,Thursday,7,25,Rural,Medium Speed (Collector),No,42.37511111,-85.75425278,Non-Intersection,Daylight,Clear,7:00am-7:59am,27,Unknown EMS Scene Arrival Hour,Unknown EMS Scene Arrival Minutes,Not Applicable (Not Transported),Not Applicable (Not Transported),1,Daylight,Clear,1,0,['Driver'],['None_Used'],0,0,Valid,2.0,1.0,40.0,40.0,['Male'],0,0,3,4,3,Dry,Straight,Level,Lowest,No