,State_Code,State_Name,Crash_ID,Count_Non_Motorists,Count_Vehicles_Total,Count_Vehicle_Forms,Count_PVH_Involved,Count_Occupants_MV,City_Name,Month_Name,Day_of_Month,Day_of_Week,Crash_Hour,Crash_Minute,Area_Rural_Urban,Road_Functional_Class,On_NHS_Road,Latitude,Longitude,Intersection_Type,Light_Condition,Weather_Condition,Notif_Hour,Notif_Minute,Arrival_Hour,Arrival_Minute,Hospital_Hour,Hospital_Minute,Fatalities_Count,Clean_Light_Condition,Clean_Weather_Condition,Total_Killed,Total_Alive,Fatal_Seats_List,Killed_Restraint_List,Any_Driver_Drinking,Total_Drinking_Drivers,Driver_License_Category,Driver_Max_Prev_Accident_Count,Driver_Max_Prev_Speeding_Count,Max_Driver_Age,Min_Driver_Age,Driver_Sex_List,Total_Exceeding_Limit_Vehicles,Total_Too_Fast_Vehicles,Max_Vehicle_Type_Severity_5,Max_Vehicle_Damage_Rank,Max_Harmful_Event_Severity,Crash_Road_Surface_Condition,Crash_Horizontal_Alignment,Crash_Vertical_Profile,Crash_Impairment_Category,Crash_Vehicle_Defect
17966,26,Michigan,260215,0,1,1,0,1,NOT APPLICABLE,April,18,Tuesday,4,11,Urban,High Speed (Arterial),Yes,43.29226667,-86.20821944,Non-Intersection,Dark - Not Lighted,Clear,4:00am-4:59am,23,4:00am-4:59am,30,Not Applicable (Not Transported),Not Applicable (Not Transported),1,Dark - Unlighted,Clear,1,0,['Driver'],['None_Used'],0,0,Valid,0.0,1.0,33.0,33.0,['Female'],0,0,3,4,3,Icy/Snowy,Straight,Level,Lowest,No
17967,26,Michigan,260216,0,3,3,0,3,NOT APPLICABLE,April,9,Sunday,16,37,Rural,Medium Speed (Collector),No,44.64513889,-84.16916111,Simple Junction,Daylight,Clear,4:00pm-4:59pm,39,4:00pm-4:59pm,44,Unknown,Unknown EMS Hospital Arrival Time,1,Daylight,Clear,1,2,['Driver'],['None_Used'],1,1,Valid,1.0,0.0,57.0,50.0,"['Male', 'Male', 'Male']",0,0,5,4,5,Dry,Straight,Level,Lowest,No
17968,26,Michigan,260217,0,2,2,0,2,BATTLE CREEK,April,14,Friday,8,53,Urban,Low Speed (Local),No,42.30509722,-85.16421667,Complex/Circle,Daylight,Clear,Unknown,Unknown,Unknown EMS Scene Arrival Hour,Unknown EMS Scene Arrival Minutes,Unknown,Unknown EMS Hospital Arrival Time,1,Daylight,Clear,1,1,['Driver'],['Shoulder_Lapbelt'],0,0,Valid,0.0,0.0,41.0,41.0,"['Female', 'Female']",0,0,3,4,5,Dry,Straight,Level,Lowest,No
17969,26,Michigan,260218,0,2,2,0,3,FLINT TOWNSHIP,April,15,Saturday,16,5,Urban,High Speed (Arterial),Yes,42.97555833,-83.74333056,Non-Intersection,Daylight,Clear,Unknown,Unknown,Unknown EMS Scene Arrival Hour,Unknown EMS Scene Arrival Minutes,Unknown,Unknown EMS Hospital Arrival Time,1,Daylight,Clear,1,2,['Driver'],['Shoulder_Lapbelt'],1,1,Valid,1.0,3.0,48.0,24.0,"['Male', 'Female']",0,0,3,4,5,Dry,Straight,Level,Lowest,No
17970,26,Michigan,260219,0,2,2,0,3,DETROIT,April,14,Friday,23,39,Urban,High Speed (Arterial),Yes,42.32666111,-83.28583611,Complex/Circle,Dark - Not Lighted,Clear,11:00pm-11:59pm,39,11:00pm-11:59pm,46,Unknown,Unknown EMS Hospital Arrival Time,1,Dark - Unlighted,Clear,1,2,['Driver'],['None_Used'],0,0,Valid,3.0,1.0,28.0,17.0,"['Male', 'Male']",1,0,5,4,5,Dry,Straight,Level,Lowest,No
17971,26,Michigan,260220,0,2,2,0,5,NOT APPLICABLE,April,14,Friday,17,13,Rural,Medium Speed (Collector),No,42.97345833,-84.84670278,Non-Intersection,Daylight,Clear,Unknown,Unknown,Unknown EMS Scene Arrival Hour,Unknown EMS Scene Arrival Minutes,Unknown,Unknown EMS Hospital Arrival Time,1,Daylight,Clear,1,4,['Driver'],['Shoulder_Lapbelt'],1,1,Valid,1.0,0.0,67.0,30.0,"['Male', 'Male']",0,0,3,4,5,Dry,Curve,Level,Lowest,No
17972,26,Michigan,260221,0,2,2,0,4,NOT APPLICABLE,March,30,Thursday,16,3,Urban,Medium Speed (Collector),No,42.99196944,-83.86056667,Non-Intersection,Daylight,Clear,Unknown,Unknown,Unknown EMS Scene Arrival Hour,Unknown EMS Scene Arrival Minutes,Unknown,Unknown EMS Hospital Arrival Time,1,Daylight,Clear,1,3,['Front_Passenger'],['None_Used'],0,0,Valid,2.0,1.0,23.0,21.0,"['Male', 'Male']",0,0,3,4,5,Dry,Straight,Level,Lowest,No
17973,26,Michigan,260222,0,1,1,0,1,NOT APPLICABLE,April,28,Friday,11,0,Rural,Medium Speed (Collector),No,44.64087778,-85.13813611,Non-Intersection,Daylight,Clear,Unknown,Unknown,Unknown EMS Scene Arrival Hour,Unknown EMS Scene Arrival Minutes,Unknown,Unknown EMS Hospital Arrival Time,1,Daylight,Clear,1,0,['Driver'],['Shoulder_Lapbelt'],0,0,Valid,1.0,2.0,82.0,82.0,['Male'],0,0,3,4,3,Dry,Straight,Level,Lowest,No
17974,26,Michigan,260223,1,3,2,1,2,ROSEVILLE,April,15,Saturday,9,10,Urban,High Speed (Arterial),Yes,42.49445,-82.93743611,Non-Intersection,Daylight,Clear,Unknown,Unknown,Unknown EMS Scene Arrival Hour,Unknown EMS Scene Arrival Minutes,Not Applicable (Not Transported),Not Applicable (Not Transported),1,Daylight,Clear,1,1,['Driver'],['Shoulder_Lapbelt'],0,0,Valid,0.0,1.0,59.0,56.0,"['Male', 'Female']",1,0,3,4,5,Dry,Straight,Level,Lowest,No
17975,26,Michigan,260224,0,2,2,0,3,NOT APPLICABLE,April,21,Friday,9,20,Rural,Medium Speed (Collector),No,44.46448056,-84.59831667,Non-Intersection,Daylight,Cloudy,9:00am-9:59am,20,9:00am-9:59am,22,Unknown,Unknown EMS Hospital Arrival Time,3,Daylight,Reduced Visibility,3,0,"['Driver', 'Driver', 'Rear_Seat']","['Shoulder_Lapbelt', 'Shoulder_Lapbelt', 'Shoulder_Lapbelt']",0,0,Valid,2.0,0.0,73.0,36.0,"['Male', 'Male']",0,0,3,4,5,Dry,Curve,Level,Lowest,No
17976,26,Michigan,260225,0,2,2,0,2,DETROIT,April,23,Sunday,4,0,Urban,High Speed (Arterial),Yes,42.40176944,-83.21815,Non-Intersection,Dark - Lighted,Clear,Unknown,Unknown,Unknown EMS Scene Arrival Hour,Unknown EMS Scene Arrival Minutes,Unknown,Unknown EMS Hospital Arrival Time,1,Dark - Lighted,Clear,1,1,['Driver'],['None_Used'],1,1,Valid,1.0,2.0,38.0,26.0,"['Female', 'Male']",1,0,3,4,5,Dry,Straight,Level,Lowest,No
17977,26,Michigan,260226,0,1,1,0,5,LANSING,April,20,Thursday,3,24,Urban,Medium Speed (Collector),No,42.74883611,-84.56274167,Non-Intersection,Dark - Lighted,Clear,3:00am-3:59am,34,3:00am-3:59am,41,Unknown,Unknown EMS Hospital Arrival Time,1,Dark - Lighted,Clear,1,4,['Driver'],['Shoulder_Lapbelt'],0,0,Valid,0.0,0.0,19.0,19.0,['Male'],5,0,2,4,3,Wet/Standing Water,Curve,Level,Lowest,No
17978,26,Michigan,260227,1,1,1,0,2,TRAVERSE CITY,April,17,Monday,13,36,Urban,Medium Speed (Collector),No,44.75467222,-85.62093889,Complex/Circle,Daylight,Clear,1:00pm-1:59pm,36,1:00pm-1:59pm,42,Unknown,Unknown EMS Hospital Arrival Time,1,Daylight,Clear,0,2,[],[],0,0,Valid,0.0,0.0,79.0,79.0,['Male'],0,0,3,1,4,Wet/Standing Water,Straight,Level,Lowest,No
17979,26,Michigan,260228,0,1,1,0,1,GRAND RAPIDS,April,18,Tuesday,6,0,Urban,High Speed (Arterial),Yes,42.95717778,-85.671525,Non-Intersection,Dark - Lighted,Cloudy,Unknown,Unknown,Unknown EMS Scene Arrival Hour,Unknown EMS Scene Arrival Minutes,Unknown,Unknown EMS Hospital Arrival Time,1,Dark - Lighted,Reduced Visibility,1,0,['Driver'],['None_Used'],0,0,Valid,1.0,0.0,36.0,36.0,['Male'],1,0,3,4,3,Wet/Standing Water,Straight,Level,Lowest,No
17980,26,Michigan,260229,1,1,1,0,1,NOT APPLICABLE,April,10,Monday,23,21,Rural,Medium Speed (Collector),No,43.46689167,-85.88863611,Non-Intersection,Dark - Not Lighted,Clear,Unknown,Unknown,Unknown EMS Scene Arrival Hour,Unknown EMS Scene Arrival Minutes,Not Applicable (Not Transported),Not Applicable (Not Transported),1,Dark - Unlighted,Clear,0,1,[],[],0,0,Valid,1.0,0.0,24.0,24.0,['Female'],0,0,2,4,4,Dry,Straight,Level,Lowest,No
17981,26,Michigan,260230,0,1,1,0,1,NOT APPLICABLE,April,27,Thursday,9,25,Rural,Low Speed (Local),No,42.47670833,-86.09178611,Non-Intersection,Daylight,Clear,Unknown,Unknown,Unknown EMS Scene Arrival Hour,Unknown EMS Scene Arrival Minutes,Not Applicable (Not Transported),Not Applicable (Not Transported),1,Daylight,Clear,1,0,['Driver'],['None_Used'],0,0,Valid,1.0,0.0,54.0,54.0,['Female'],0,0,3,4,4,Dry,Straight,Level,Lowest,No
17982,26,Michigan,260231,0,1,1,0,1,NOT APPLICABLE,April,29,Saturday,4,45,Rural,Medium Speed (Collector),No,43.3792,-85.74170833,Non-Intersection,Dark - Not Lighted,Clear,4:00am-4:59am,56,5:00am-5:59am,13,Not Applicable (Not Transported),Not Applicable (Not Transported),1,Dark - Unlighted,Clear,1,0,['Driver'],['Shoulder_Lapbelt'],0,0,Valid,0.0,1.0,20.0,20.0,['Male'],1,0,2,4,3,Dry,Straight,Level,Lowest,No
17983,26,Michigan,260232,0,1,1,0,1,NOT APPLICABLE,April,30,Sunday,14,37,Rural,Medium Speed (Collector),No,41.98559167,-84.89909167,Non-Intersection,Daylight,Clear,Unknown,Unknown if Notified,Unknown EMS Scene Arrival Hour,Unknown if Arrived,Not Applicable (Not Transported),Not Applicable (Not Transported),1,Daylight,Clear,1,0,['Driver'],['None_Used'],1,1,Valid,2.0,0.0,30.0,30.0,['Female'],0,0,2,4,3,Dry,Straight,Level,Lowest,No
17984,26,Michigan,260233,1,1,1,0,1,FLINT,April,20,Thursday,21,1,Urban,High Speed (Arterial),No,43.02263056,-83.634925,Non-Intersection,Dark - Not Lighted,Cloudy,Unknown,Unknown if Notified,Unknown EMS Scene Arrival Hour,Unknown if Arrived,Not Applicable (Not Transported),Not Applicable (Not Transported),1,Dark - Unlighted,Reduced Visibility,0,1,[],[],0,0,Valid,0.0,0.0,42.0,42.0,['Male'],0,0,2,3,4,Dry,Straight,Level,Lowest,No
17985,26,Michigan,260234,0,1,1,0,2,NOT APPLICABLE,April,22,Saturday,10,39,Rural,Medium Speed (Collector),No,43.148725,-85.13696389,Non-Intersection,Daylight,Cloudy,10:00am-10:59am,41,10:00am-10:59am,49,Unknown,Unknown EMS Hospital Arrival Time,1,Daylight,Reduced Visibility,1,1,['Driver'],['None_Used'],1,1,Invalid,1.0,2.0,22.0,22.0,['Male'],2,0,2,4,3,Dry,Straight,Level,Lowest,No
17986,26,Michigan,260235,1,1,1,0,1,DETROIT,April,16,Sunday,0,41,Urban,Low Speed (Local),No,42.40948056,-83.17508611,Complex/Circle,Dark - Not Lighted,Clear,Unknown,Unknown,Unknown EMS Scene Arrival Hour,Unknown EMS Scene Arrival Minutes,Unknown,Unknown EMS Hospital Arrival Time,1,Dark - Unlighted,Clear,0,1,[],[],0,0,Invalid,2.0,0.0,50.0,50.0,['Male'],0,0,3,2,4,Dry,Straight,Level,Lowest,No
17987,26,Michigan,260236,1,1,1,0,1,KENTWOOD,April,19,Wednesday,13,25,Urban,High Speed (Arterial),Yes,42.86101389,-85.6639,Simple Junction,Daylight,Cloudy,1:00pm-1:59pm,27,1:00pm-1:59pm,27,Not Applicable (Not Transported),Not Applicable (Not Transported),1,Daylight,Reduced Visibility,0,1,[],[],0,0,Valid,0.0,0.0,38.0,38.0,['Male'],0,0,3,1,4,Dry,Straight,Level,Lowest,No
17988,26,Michigan,260237,0,2,2,0,3,DETROIT,April,21,Friday,1,44,Urban,High Speed (Arterial),Yes,42.37961389,-83.19823889,Complex/Circle,Dark - Lighted,Clear,Unknown,Unknown,Unknown EMS Scene Arrival Hour,Unknown EMS Scene Arrival Minutes,Unknown,Unknown EMS Hospital Arrival Time,1,Dark - Lighted,Clear,1,2,['Front_Passenger'],['Shoulder_Lapbelt'],1,1,Invalid,1.0,0.0,50.0,45.0,"['Male', 'Female']",2,0,3,4,5,Wet/Standing Water,Straight,Level,Lowest,No
17989,26,Michigan,260238,0,1,1,0,1,NOT APPLICABLE,April,11,Tuesday,14,37,Rural,Medium Speed (Collector),No,42.48536111,-84.35625278,Non-Intersection,Daylight,Clear,2:00pm-2:59pm,49,2:00pm-2:59pm,58,Unknown,Unknown EMS Hospital Arrival Time,1,Daylight,Clear,1,0,['Driver'],['Shoulder_Lapbelt'],0,0,Valid,0.0,0.0,51.0,51.0,['Male'],0,0,3,4,3,Dry,Straight,Level,Lowest,No
17990,26,Michigan,260239,0,3,3,0,3,DETROIT,April,22,Saturday,0,52,Urban,High Speed (Arterial),Yes,42.40481944,-83.14108611,Non-Intersection,Dark - Lighted,Clear,0:00am-0:59am,56,0:00am-0:59am,59,Unknown,Unknown EMS Hospital Arrival Time,1,Dark - Lighted,Clear,1,2,['Driver'],['Shoulder_Lapbelt'],1,1,Valid,2.0,0.0,67.0,41.0,"['Male', 'Female', 'Male']",0,0,2,4,5,Dry,Straight,Level,Lowest,No
17991,26,Michigan,260240,0,2,2,0,5,MONROE,April,29,Saturday,13,16,Urban,Medium Speed (Collector),No,41.93500556,-83.39008333,Complex/Circle,Daylight,Clear,1:00pm-1:59pm,16,1:00pm-1:59pm,19,Unknown,Unknown EMS Hospital Arrival Time,1,Daylight,Clear,1,4,['Rear_Seat'],['None_Used'],0,0,Valid,0.0,0.0,60.0,25.0,"['Male', 'Female']",0,0,3,4,5,Dry,Curve,Level,Lowest,No
17992,26,Michigan,260241,0,2,2,0,3,NOT APPLICABLE,April,18,Tuesday,4,56,Rural,Medium Speed (Collector),No,44.68620278,-85.58213056,Complex/Circle,Dark - Not Lighted,Snow,4:00am-4:59am,59,5:00am-5:59am,8,Unknown,Unknown EMS Hospital Arrival Time,2,Dark - Unlighted,Snow/Ice/Severe,2,1,"['Driver', 'Driver']","['Shoulder_Lapbelt', 'None_Used']",0,0,Valid,3.0,2.0,70.0,64.0,"['Male', 'Male']",0,0,3,4,5,Wet/Standing Water,Straight,Level,Lowest,No
17993,26,Michigan,260242,0,2,2,0,2,WASHINGTON,April,13,Thursday,21,45,Urban,High Speed (Arterial),No,42.71361389,-83.03525556,Complex/Circle,Dark - Lighted,Clear,Unknown,Unknown,Unknown EMS Scene Arrival Hour,Unknown EMS Scene Arrival Minutes,Unknown,Unknown EMS Hospital Arrival Time,1,Dark - Lighted,Clear,1,1,['Driver'],['None_Used'],0,0,Valid,2.0,0.0,49.0,19.0,"['Male', 'Male']",0,0,5,4,5,Dry,Straight,Level,Lowest,No
17994,26,Michigan,260243,0,1,1,0,1,ALLEN PARK,April,22,Saturday,3,3,Urban,High Speed (Arterial),Yes,42.28011111,-83.21444722,Non-Intersection,Dark - Not Lighted,Clear,Unknown,Unknown,Unknown EMS Scene Arrival Hour,Unknown EMS Scene Arrival Minutes,Unknown,Unknown EMS Hospital Arrival Time,1,Dark - Unlighted,Clear,1,0,['Driver'],['None_Used'],1,1,Valid,0.0,1.0,39.0,39.0,['Male'],0,0,5,3,2,Dry,Straight,Level,Lowest,No
17995,26,Michigan,260244,1,1,1,0,1,NOT APPLICABLE,April,25,Tuesday,2,5,Urban,High Speed (Arterial),Yes,42.95665556,-83.65310278,Non-Intersection,Dark - Not Lighted,Clear,2:00am-2:59am,6,2:00am-2:59am,10,Not Applicable (Not Transported),Not Applicable (Not Transported),1,Dark - Unlighted,Clear,0,1,[],[],0,0,Valid,1.0,0.0,33.0,33.0,['Female'],0,0,2,2,4,Dry,Straight,Level,Lowest,No
17996,26,Michigan,260245,1,1,1,0,1,NOT APPLICABLE,April,3,Monday,22,22,Rural,High Speed (Arterial),Yes,42.06216944,-83.31653333,Non-Intersection,Dark - Not Lighted,Rain,10:00pm-10:59pm,34,10:00pm-10:59pm,38,Not Applicable (Not Transported),Not Applicable (Not Transported),1,Dark - Unlighted,Rain/Wind/Minor,0,1,[],[],0,0,Valid,4.0,1.0,31.0,31.0,['Female'],0,0,2,3,4,Wet/Standing Water,Straight,Level,Lowest,No
17997,26,Michigan,260246,0,3,3,0,8,STRONACH,April,28,Friday,16,21,Rural,Medium Speed (Collector),No,44.23088333,-86.21345556,Simple Junction,Daylight,Clear,Unknown,Unknown,Unknown EMS Scene Arrival Hour,Unknown EMS Scene Arrival Minutes,Unknown,Unknown EMS Hospital Arrival Time,1,Daylight,Clear,1,7,['Front_Passenger'],['Shoulder_Lapbelt'],1,1,Valid,1.0,0.0,93.0,39.0,"['Female', 'Male', 'Male']",0,0,3,4,5,Dry,Straight,Level,Lowest,No
17998,26,Michigan,260247,0,3,3,0,4,PONTIAC,March,30,Thursday,21,44,Urban,Medium Speed (Collector),No,42.61971944,-83.25786111,Complex/Circle,Dark - Lighted,Cloudy,9:00pm-9:59pm,46,9:00pm-9:59pm,51,Unknown,Unknown EMS Hospital Arrival Time,1,Dark - Lighted,Reduced Visibility,1,3,['Driver'],['None_Used'],0,0,Valid,2.0,13.0,24.0,18.0,"['Male', 'Male', 'Male']",3,0,2,4,5,Dry,Straight,Grade/Hillcrest,Lowest,No
17999,26,Michigan,260248,0,2,2,0,3,PORTAGE,April,25,Tuesday,20,49,Urban,High Speed (Arterial),Yes,42.23016667,-85.54048611,Complex/Circle,Daylight,Cloudy,8:00pm-8:59pm,51,8:00pm-8:59pm,54,Unknown,Unknown EMS Hospital Arrival Time,2,Daylight,Reduced Visibility,2,1,"['Driver', 'Driver']","['Shoulder_Lapbelt', 'None_Used']",0,0,Valid,1.0,0.0,60.0,21.0,"['Female', 'Male']",2,0,2,4,5,Dry,Straight,Level,Lowest,No
18000,26,Michigan,260249,0,1,1,0,1,NOT APPLICABLE,April,8,Saturday,8,49,Urban,Medium Speed (Collector),No,42.21821389,-83.53172778,Non-Intersection,Daylight,Clear,Unknown,Unknown,Unknown EMS Scene Arrival Hour,Unknown EMS Scene Arrival Minutes,Not Applicable (Not Transported),Not Applicable (Not Transported),1,Daylight,Clear,1,0,['Driver'],['None_Used'],0,0,Valid,0.0,0.0,48.0,48.0,['Female'],0,0,3,4,3,Dry,Straight,Level,Lowest,No
18001,26,Michigan,260250,0,1,1,0,1,DETROIT,April,25,Tuesday,20,21,Urban,High Speed (Arterial),Yes,42.33070278,-83.14923333,Non-Intersection,Daylight,Cloudy,Unknown,Unknown,Unknown EMS Scene Arrival Hour,Unknown EMS Scene Arrival Minutes,Unknown,Unknown EMS Hospital Arrival Time,1,Daylight,Reduced Visibility,1,0,['Driver'],['None_Used'],0,0,Valid,0.0,1.0,46.0,46.0,['Male'],0,0,2,4,3,Dry,Straight,Level,Lowest,No
18002,26,Michigan,260251,0,1,1,0,3,NOT APPLICABLE,April,22,Saturday,17,45,Rural,Medium Speed (Collector),No,43.68365278,-84.77014167,Non-Intersection,Daylight,Cloudy,5:00pm-5:59pm,37,5:00pm-5:59pm,41,Unknown,Unknown EMS Hospital Arrival Time,1,Daylight,Reduced Visibility,1,2,['Driver'],['Shoulder_Lapbelt'],0,0,Valid,0.0,1.0,55.0,55.0,['Male'],0,0,3,4,3,Dry,Straight,Level,Lowest,No
18003,26,Michigan,260252,0,2,2,0,4,NOT APPLICABLE,April,28,Friday,17,47,Urban,Medium Speed (Collector),No,42.82653611,-86.10784444,Complex/Circle,Daylight,Clear,5:00pm-5:59pm,48,5:00pm-5:59pm,53,Not Applicable (Not Transported),Not Applicable (Not Transported),1,Daylight,Clear,1,3,['Driver'],['None_Used'],1,1,Valid,0.0,1.0,68.0,28.0,"['Male', 'Male']",0,0,5,4,5,Dry,Straight,Level,Lowest,No
18004,26,Michigan,260253,0,2,2,0,3,NOT APPLICABLE,May,3,Wednesday,14,52,Rural,Low Speed (Local),No,42.48386667,-86.187525,Complex/Circle,Daylight,Clear,2:00pm-2:59pm,56,3:00pm-3:59pm,2,Unknown,Unknown EMS Hospital Arrival Time,1,Daylight,Clear,1,2,['Driver'],['Shoulder_Lapbelt'],1,1,Invalid,0.0,0.0,86.0,20.0,"['Male', 'Female']",0,0,2,4,5,Dry,Straight,Level,Lowest,No
18005,26,Michigan,260254,0,1,1,0,1,NOT APPLICABLE,May,6,Saturday,4,17,Urban,High Speed (Arterial),Yes,42.85981389,-86.10666944,Non-Intersection,Dark - Not Lighted,Clear,4:00am-4:59am,19,4:00am-4:59am,22,Not Applicable (Not Transported),Not Applicable (Not Transported),1,Dark - Unlighted,Clear,1,0,['Driver'],['Shoulder_Lapbelt'],1,1,Invalid,0.0,0.0,27.0,27.0,['Male'],0,0,3,4,3,Dry,Straight,Level,Lowest,No
18006,26,Michigan,260255,0,2,2,0,4,DETROIT,April,27,Thursday,8,5,Urban,Medium Speed (Collector),No,42.34355833,-83.26352222,Non-Intersection,Daylight,Clear,Unknown,Unknown,Unknown EMS Scene Arrival Hour,Unknown EMS Scene Arrival Minutes,Unknown,Unknown EMS Hospital Arrival Time,1,Daylight,Clear,1,3,['Front_Passenger'],['None_Used'],0,0,Invalid,1.0,0.0,45.0,38.0,"['Male', 'Female']",0,0,4,4,5,Dry,Straight,Level,Lowest,No
18007,26,Michigan,260256,0,2,2,0,2,SOUTHFIELD,May,6,Saturday,4,28,Urban,High Speed (Arterial),Yes,42.47784167,-83.20401389,Non-Intersection,Dark - Not Lighted,Clear,Unknown,Unknown,Unknown EMS Scene Arrival Hour,Unknown EMS Scene Arrival Minutes,Not Applicable (Not Transported),Not Applicable (Not Transported),2,Dark - Unlighted,Clear,2,0,"['Driver', 'Driver']","['None_Used', 'Shoulder_Lapbelt']",1,1,Valid,1.0,2.0,43.0,22.0,"['Male', 'Male']",0,0,3,4,5,Dry,Curve,Level,Lowest,No
18008,26,Michigan,260257,0,2,2,0,4,NOT APPLICABLE,May,8,Monday,10,20,Rural,Medium Speed (Collector),No,42.71207222,-84.83726111,Complex/Circle,Daylight,Cloudy,Unknown,Unknown,Unknown EMS Scene Arrival Hour,Unknown EMS Scene Arrival Minutes,Unknown,Unknown EMS Hospital Arrival Time,2,Daylight,Reduced Visibility,2,2,"['Driver', 'Front_Passenger']","['Shoulder_Lapbelt', 'Shoulder_Lapbelt']",0,0,Valid,1.0,1.0,75.0,21.0,"['Male', 'Male']",2,0,3,4,5,Dry,Straight,Level,Lowest,No
18009,26,Michigan,260258,1,1,1,0,1,SALEM,May,8,Monday,12,46,Urban,Medium Speed (Collector),No,42.43124444,-83.66118611,Non-Intersection,Daylight,Cloudy,12:00pm-12:59pm,48,1:00pm-1:59pm,2,Not Applicable (Not Transported),Not Applicable (Not Transported),1,Daylight,Reduced Visibility,0,1,[],[],0,0,Invalid,0.0,2.0,29.0,29.0,['Male'],0,0,3,3,4,Dry,Straight,Level,Lowest,No
18010,26,Michigan,260259,1,1,1,0,1,NOT APPLICABLE,April,12,Wednesday,21,4,Urban,Medium Speed (Collector),No,41.94941667,-83.3867,Non-Intersection,Dark - Not Lighted,Clear,9:00pm-9:59pm,9,9:00pm-9:59pm,17,Unknown,Unknown EMS Hospital Arrival Time,1,Dark - Unlighted,Clear,0,1,[],[],0,0,Valid,0.0,1.0,46.0,46.0,['Female'],0,0,3,3,4,Dry,Straight,Level,Lowest,No
18011,26,Michigan,260260,0,2,2,0,2,FLINT,May,8,Monday,15,21,Urban,Medium Speed (Collector),No,43.03842222,-83.63551111,Simple Junction,Daylight,Clear,Unknown,Unknown,Unknown EMS Scene Arrival Hour,Unknown EMS Scene Arrival Minutes,Not Applicable (Not Transported),Not Applicable (Not Transported),1,Daylight,Clear,1,1,['Driver'],['Shoulder_Lapbelt'],0,0,Invalid,0.0,2.0,39.0,33.0,"['Female', 'Male']",0,0,3,4,5,Dry,Straight,Level,Lowest,No
18012,26,Michigan,260261,0,1,1,0,5,NOT APPLICABLE,April,28,Friday,1,40,Urban,Medium Speed (Collector),No,42.25456389,-84.37340833,Non-Intersection,Dark - Lighted,Clear,Unknown,Unknown,Unknown EMS Scene Arrival Hour,Unknown EMS Scene Arrival Minutes,Unknown,Unknown EMS Hospital Arrival Time,1,Dark - Lighted,Clear,1,4,['Rear_Seat'],['None_Used'],1,1,Valid,0.0,0.0,15.0,15.0,['Male'],5,0,3,3,3,Dry,Straight,Level,Lowest,No
18013,26,Michigan,260262,0,2,2,0,2,NOT APPLICABLE,May,1,Monday,16,15,Rural,Medium Speed (Collector),No,44.61613611,-84.32826667,Non-Intersection,Daylight,Rain,4:00pm-4:59pm,15,4:00pm-4:59pm,29,Unknown,Unknown EMS Hospital Arrival Time,1,Daylight,Rain/Wind/Minor,1,1,['Driver'],['None_Used'],0,0,Valid,2.0,0.0,66.0,31.0,"['Male', 'Female']",0,0,2,4,5,Wet/Standing Water,Straight,Level,Lowest,No
18014,26,Michigan,260263,1,3,3,0,4,NOT APPLICABLE,April,30,Sunday,21,59,Urban,High Speed (Arterial),Yes,42.63551111,-83.73460833,Non-Intersection,Dark - Not Lighted,Cloudy,10:00pm-10:59pm,2,10:00pm-10:59pm,12,Not Applicable (Not Transported),Not Applicable (Not Transported),1,Dark - Unlighted,Reduced Visibility,0,4,[],[],0,0,Valid,0.0,1.0,999.0,23.0,"['Male', 'Male', 'Other']",0,0,3,2,5,Dry,Straight,Non-Trafficway,Lowest,No
18015,26,Michigan,260264,0,2,2,0,3,PENTWATER,May,13,Saturday,14,43,Rural,Medium Speed (Collector),No,43.77596944,-86.41900278,Non-Intersection,Daylight,Clear,2:00pm-2:59pm,47,2:00pm-2:59pm,49,Not Applicable (Not Transported),Not Applicable (Not Transported),1,Daylight,Clear,1,2,['Driver'],['None_Used'],1,1,Valid,0.0,0.0,72.0,35.0,"['Male', 'Male']",0,0,5,4,5,Dry,Curve,Level,Lowest,Yes
18016,26,Michigan,260265,0,2,2,0,2,SODUS,May,10,Wednesday,7,57,Urban,Medium Speed (Collector),No,42.06901389,-86.41700833,Complex/Circle,Daylight,Clear,Unknown,Unknown if Notified,Unknown EMS Scene Arrival Hour,Unknown if Arrived,Not Applicable (Not Transported),Not Applicable (Not Transported),1,Daylight,Clear,1,1,['Driver'],['Shoulder_Lapbelt'],0,0,Valid,0.0,0.0,55.0,53.0,"['Male', 'Female']",0,0,4,4,5,Dry,Straight,Level,Lowest,No
18017,26,Michigan,260266,0,1,1,0,1,DETROIT,May,13,Saturday,2,40,Urban,High Speed (Arterial),Yes,42.40521667,-83.16093333,Non-Intersection,Dark - Lighted,Clear,Unknown,Unknown,Unknown EMS Scene Arrival Hour,Unknown EMS Scene Arrival Minutes,Not Applicable (Not Transported),Not Applicable (Not Transported),1,Dark - Lighted,Clear,1,0,['Driver'],['None_Used'],0,0,Valid,0.0,9.0,34.0,34.0,['Male'],1,0,2,4,2,Dry,Curve,Level,Lowest,No
18018,26,Michigan,260267,0,1,1,0,1,HARRISON,May,11,Thursday,0,15,Rural,Low Speed (Local),No,44.02705278,-84.82814722,Complex/Circle,Dark - Not Lighted,Clear,0:00am-0:59am,15,0:00am-0:59am,30,Not Applicable (Not Transported),Not Applicable (Not Transported),1,Dark - Unlighted,Clear,1,0,['Driver'],['None_Used'],1,1,Valid,1.0,1.0,37.0,37.0,['Male'],0,0,3,4,3,Dry,Straight,Level,Lowest,No