,State_Code,State_Name,Crash_ID,Count_Non_Motorists,Count_Vehicles_Total,Count_Vehicle_Forms,Count_PVH_Involved,Count_Occupants_MV,City_Name,Month_Name,Day_of_Month,Day_of_Week,Crash_Hour,Crash_Minute,Area_Rural_Urban,Road_Functional_Class,On_NHS_Road,Latitude,Longitude,Intersection_Type,Light_Condition,Weather_Condition,Notif_Hour,Notif_Minute,Arrival_Hour,Arrival_Minute,Hospital_Hour,Hospital_Minute,Fatalities_Count,Clean_Light_Condition,Clean_Weather_Condition,Total_Killed,Total_Alive,Fatal_Seats_List,Killed_Restraint_List,Any_Driver_Drinking,Total_Drinking_Drivers,Driver_License_Category,Driver_Max_Prev_Accident_Count,Driver_Max_Prev_Speeding_Count,Max_Driver_Age,Min_Driver_Age,Driver_Sex_List,Total_Exceeding_Limit_Vehicles,Total_Too_Fast_Vehicles,Max_Vehicle_Type_Severity_5,Max_Vehicle_Damage_Rank,Max_Harmful_Event_Severity,Crash_Road_Surface_Condition,Crash_Horizontal_Alignment,Crash_Vertical_Profile,Crash_Impairment_Category,Crash_Vehicle_Defect
18019,26,Michigan,260268,0,2,2,0,3,NOT APPLICABLE,April,15,Saturday,14,54,Rural,Medium Speed (Collector),No,41.94921389,-83.92596111,Complex/Circle,Daylight,Clear,Unknown,Unknown,Unknown EMS Scene Arrival Hour,Unknown EMS Scene Arrival Minutes,Unknown,Unknown EMS Hospital Arrival Time,1,Daylight,Clear,1,2,['Front_Passenger'],['Shoulder_Lapbelt'],0,0,Valid,1.0,0.0,42.0,24.0,"['Male', 'Female']",0,0,3,4,5,Dry,Straight,Level,Lowest,No
18020,26,Michigan,260269,0,2,2,0,2,FLINT,April,12,Wednesday,19,16,Urban,Medium Speed (Collector),No,42.98885,-83.68203611,Complex/Circle,Daylight,Clear,7:00pm-7:59pm,16,7:00pm-7:59pm,20,Unknown,Unknown EMS Hospital Arrival Time,1,Daylight,Clear,1,1,['Driver'],['None_Used'],0,0,Valid,0.0,0.0,45.0,27.0,"['Female', 'Male']",0,0,5,4,5,Dry,Straight,Level,Lowest,No
18021,26,Michigan,260270,0,1,1,0,2,DETROIT,April,27,Thursday,21,20,Urban,High Speed (Arterial),Yes,42.34228056,-83.04295833,Non-Intersection,Dark - Lighted,Clear,Unknown,Unknown,Unknown EMS Scene Arrival Hour,Unknown EMS Scene Arrival Minutes,Unknown,Unknown EMS Hospital Arrival Time,1,Dark - Lighted,Clear,1,1,['Driver'],['Shoulder_Lapbelt'],0,0,Valid,0.0,0.0,70.0,70.0,['Male'],2,0,3,4,3,Dry,Curve,Level,Medium,No
18022,26,Michigan,260271,0,2,2,0,3,NOT APPLICABLE,April,30,Sunday,15,42,Rural,Medium Speed (Collector),No,43.75623333,-85.84202222,Complex/Circle,Daylight,Clear,3:00pm-3:59pm,47,4:00pm-4:59pm,12,Unknown,Unknown EMS Hospital Arrival Time,1,Daylight,Clear,1,2,['Driver'],['Shoulder_Lapbelt'],0,0,Valid,1.0,0.0,74.0,58.0,"['Male', 'Male']",0,0,3,4,5,Dry,Straight,Level,Lowest,No
18023,26,Michigan,260272,0,2,2,0,3,NOT APPLICABLE,April,22,Saturday,22,10,Rural,Medium Speed (Collector),No,42.39708611,-84.467275,Non-Intersection,Dark - Not Lighted,Clear,Unknown,Unknown,Unknown EMS Scene Arrival Hour,Unknown EMS Scene Arrival Minutes,Unknown,Unknown EMS Hospital Arrival Time,1,Dark - Unlighted,Clear,1,2,['Driver'],['None_Used'],0,0,Valid,0.0,0.0,34.0,16.0,"['Male', 'Male']",0,0,3,4,5,Dry,Straight,Level,Lowest,No
18024,26,Michigan,260274,0,2,2,0,2,SOUTHFIELD,May,2,Tuesday,23,52,Urban,High Speed (Arterial),Yes,42.45826111,-83.21943056,Non-Intersection,Dark - Lighted,Cloudy,Unknown,Unknown,Unknown EMS Scene Arrival Hour,Unknown EMS Scene Arrival Minutes,Not Applicable (Not Transported),Not Applicable (Not Transported),1,Dark - Lighted,Reduced Visibility,1,1,['Driver'],['Shoulder_Lapbelt'],0,0,Invalid,2.0,0.0,56.0,37.0,"['Male', 'Male']",1,0,4,4,5,Wet/Standing Water,Curve,Level,Lowest,No
18025,26,Michigan,260275,0,2,2,0,3,ROSEVILLE,May,5,Friday,3,35,Urban,High Speed (Arterial),Yes,42.49488056,-82.94358056,Non-Intersection,Dark - Lighted,Clear,Unknown,Unknown,Unknown EMS Scene Arrival Hour,Unknown EMS Scene Arrival Minutes,Unknown,Unknown EMS Hospital Arrival Time,1,Dark - Lighted,Clear,1,2,['Driver'],['Shoulder_Lapbelt'],1,1,Invalid,1.0,0.0,63.0,40.0,"['Male', 'Male']",0,0,3,4,5,Dry,Straight,Level,Lowest,No
18026,26,Michigan,260276,0,2,2,0,2,NOT APPLICABLE,May,6,Saturday,14,57,Rural,High Speed (Arterial),Yes,42.02733333,-84.33024167,Simple Junction,Daylight,Cloudy,Unknown,Unknown,Unknown EMS Scene Arrival Hour,Unknown EMS Scene Arrival Minutes,Unknown,Unknown EMS Hospital Arrival Time,1,Daylight,Reduced Visibility,1,1,['Driver'],['Shoulder_Lapbelt'],0,0,Valid,1.0,0.0,79.0,73.0,"['Male', 'Male']",0,0,3,4,5,Dry,Straight,Level,Lowest,No
18027,26,Michigan,260277,0,2,2,0,5,EASTPOINTE,February,13,Monday,14,5,Urban,Medium Speed (Collector),No,42.46551667,-82.92685556,Complex/Circle,Daylight,Clear,Unknown,Unknown,Unknown EMS Scene Arrival Hour,Unknown EMS Scene Arrival Minutes,Unknown,Unknown EMS Hospital Arrival Time,1,Daylight,Clear,1,4,['Rear_Seat'],['Lapbelt_Only'],0,0,Valid,0.0,0.0,62.0,53.0,"['Female', 'Female']",0,0,3,4,5,Dry,Straight,Level,Lowest,No
18028,26,Michigan,260278,0,2,2,0,5,NOT APPLICABLE,May,5,Friday,20,24,Urban,High Speed (Arterial),Yes,42.18486389,-83.73899167,Complex/Circle,Daylight,Clear,8:00pm-8:59pm,27,8:00pm-8:59pm,35,Unknown,Unknown EMS Hospital Arrival Time,1,Daylight,Clear,1,4,['Driver'],['Shoulder_Lapbelt'],0,0,Valid,1.0,0.0,42.0,19.0,"['Male', 'Female']",1,0,3,4,5,Dry,Straight,Level,Lowest,No
18029,26,Michigan,260279,0,2,2,0,5,FLINT,May,6,Saturday,2,5,Urban,High Speed (Arterial),No,43.01792222,-83.63490278,Non-Intersection,Dark - Lighted,Clear,2:00am-2:59am,6,2:00am-2:59am,10,Unknown,Unknown EMS Hospital Arrival Time,1,Dark - Lighted,Clear,1,4,['Rear_Seat'],['Shoulder_Lapbelt'],0,0,Valid,1.0,1.0,34.0,23.0,"['Male', 'Male']",4,0,3,4,5,Dry,Straight,Level,Lowest,No
18030,26,Michigan,260280,0,2,2,0,2,NOT APPLICABLE,May,7,Sunday,1,17,Urban,Medium Speed (Collector),No,43.65851389,-84.32842778,Simple Junction,Dark - Not Lighted,Clear,Unknown,Unknown,Unknown EMS Scene Arrival Hour,Unknown EMS Scene Arrival Minutes,Not Applicable (Not Transported),Not Applicable (Not Transported),1,Dark - Unlighted,Clear,1,1,['Driver'],['None_Used'],1,1,Valid,3.0,3.0,52.0,38.0,"['Male', 'Male']",1,0,5,4,5,Wet/Standing Water,Straight,Level,Lowest,No
18031,26,Michigan,260281,0,2,2,0,2,NOT APPLICABLE,May,10,Wednesday,15,42,Rural,Low Speed (Local),No,42.90235556,-83.13726944,Non-Intersection,Daylight,Clear,3:00pm-3:59pm,45,3:00pm-3:59pm,52,Not Applicable (Not Transported),Not Applicable (Not Transported),1,Daylight,Clear,1,1,['Driver'],['None_Used'],0,0,Valid,0.0,0.0,72.0,52.0,"['Male', 'Male']",0,0,3,4,5,Loose/Unpaved,Straight,Level,Lowest,No
18032,26,Michigan,260282,0,2,2,0,2,SPRING ARBOR,May,15,Monday,11,33,Urban,Medium Speed (Collector),No,42.21831389,-84.56061944,Complex/Circle,Daylight,Clear,Unknown,Unknown,Unknown EMS Scene Arrival Hour,Unknown EMS Scene Arrival Minutes,Unknown,Unknown EMS Hospital Arrival Time,1,Daylight,Clear,1,1,['Driver'],['None_Used'],0,0,Valid,0.0,0.0,53.0,21.0,"['Male', 'Male']",0,0,5,4,5,Dry,Straight,Level,Lowest,No
18033,26,Michigan,260283,0,1,1,0,1,MARYSVILLE,May,13,Saturday,20,2,Urban,Low Speed (Local),No,42.93255278,-82.48920278,Non-Intersection,Daylight,Clear,8:00pm-8:59pm,4,8:00pm-8:59pm,12,Unknown,Unknown EMS Hospital Arrival Time,1,Daylight,Clear,1,0,['Driver'],['None_Used'],1,1,Valid,0.0,0.0,56.0,56.0,['Male'],0,0,5,3,3,Dry,Curve,Level,Medium,No
18034,26,Michigan,260284,1,1,1,0,1,NOT APPLICABLE,May,27,Saturday,1,23,Rural,Medium Speed (Collector),No,44.673675,-85.83777778,Complex/Circle,Dark - Not Lighted,Clear,1:00am-1:59am,25,1:00am-1:59am,36,Not Applicable (Not Transported),Not Applicable (Not Transported),1,Dark - Unlighted,Clear,0,1,[],[],0,0,Valid,3.0,0.0,64.0,64.0,['Male'],0,0,3,2,4,Dry,Straight,Level,Lowest,No
18035,26,Michigan,260285,0,1,1,0,1,NOT APPLICABLE,May,20,Saturday,19,33,Rural,Medium Speed (Collector),No,42.986875,-84.92745,Non-Intersection,Daylight,Clear,7:00pm-7:59pm,38,7:00pm-7:59pm,47,Not Applicable (Not Transported),Not Applicable (Not Transported),1,Daylight,Clear,1,0,['Driver'],['Shoulder_Lapbelt'],0,0,Valid,0.0,0.0,25.0,25.0,['Male'],1,0,2,4,3,Dry,Curve,Level,Lowest,No
18036,26,Michigan,260286,0,1,1,0,2,NOT APPLICABLE,May,21,Sunday,14,45,Rural,High Speed (Arterial),Yes,44.70019722,-84.69979167,Non-Intersection,Daylight,Clear,2:00pm-2:59pm,49,3:00pm-3:59pm,1,Unknown,Unknown EMS Hospital Arrival Time,1,Daylight,Clear,1,1,['Driver'],['None_Used'],0,0,Valid,0.0,0.0,79.0,79.0,['Male'],0,0,3,4,3,Dry,Straight,Level,Lowest,No
18037,26,Michigan,260287,0,1,1,0,4,NOT APPLICABLE,May,20,Saturday,2,57,Rural,Medium Speed (Collector),No,43.53458333,-84.03376667,Non-Intersection,Dark - Not Lighted,Clear,Unknown,Unknown,Unknown EMS Scene Arrival Hour,Unknown EMS Scene Arrival Minutes,Unknown,Unknown EMS Hospital Arrival Time,1,Dark - Unlighted,Clear,1,3,['Front_Passenger'],['Shoulder_Lapbelt'],1,1,Valid,3.0,0.0,18.0,18.0,['Male'],4,0,3,4,2,Dry,Straight,Level,Lowest,No
18038,26,Michigan,260288,0,2,2,0,2,NOT APPLICABLE,May,21,Sunday,18,9,Urban,High Speed (Arterial),Yes,42.77713056,-84.54276389,Non-Intersection,Daylight,Clear,6:00pm-6:59pm,10,6:00pm-6:59pm,20,Unknown,Unknown EMS Hospital Arrival Time,1,Daylight,Clear,1,1,['Driver'],['None_Used'],1,1,Valid,0.0,0.0,46.0,33.0,"['Male', 'Male']",0,0,5,4,5,Dry,Straight,Non-Trafficway,Lowest,No
18039,26,Michigan,260289,0,1,1,0,1,NOT APPLICABLE,May,12,Friday,10,53,Urban,Low Speed (Local),No,43.62655278,-84.15820833,Non-Intersection,Daylight,Clear,10:00am-10:59am,56,11:00am-11:59am,14,Unknown,Unknown EMS Hospital Arrival Time,1,Daylight,Clear,1,0,['Driver'],['Shoulder_Lapbelt'],0,0,Valid,0.0,0.0,72.0,72.0,['Male'],0,0,3,4,3,Dry,Straight,Level,Lowest,No
18040,26,Michigan,260290,0,1,1,0,1,DETROIT,May,8,Monday,1,29,Urban,High Speed (Arterial),Yes,42.38414444,-83.17502222,Non-Intersection,Not Reported,Clear,Unknown,Unknown,Unknown EMS Scene Arrival Hour,Unknown EMS Scene Arrival Minutes,Not Applicable (Not Transported),Not Applicable (Not Transported),1,Dark - Unlighted,Clear,1,0,['Driver'],['None_Used'],0,0,Invalid,0.0,0.0,21.0,21.0,['Male'],1,0,2,4,3,Dry,Straight,Level,Lowest,No
18041,26,Michigan,260291,0,2,2,0,4,NOT APPLICABLE,May,11,Thursday,9,5,Rural,Medium Speed (Collector),No,42.66534444,-86.19086111,Complex/Circle,Daylight,Clear,Unknown,Unknown,Unknown EMS Scene Arrival Hour,Unknown EMS Scene Arrival Minutes,Unknown,Unknown EMS Hospital Arrival Time,2,Daylight,Clear,2,2,"['Driver', 'Front_Passenger']","['Shoulder_Lapbelt', 'Shoulder_Lapbelt']",0,0,Valid,0.0,0.0,70.0,26.0,"['Female', 'Male']",0,0,4,4,5,Dry,Straight,Level,Lowest,No
18042,26,Michigan,260292,0,1,1,0,1,NOT APPLICABLE,May,25,Thursday,6,25,Rural,Medium Speed (Collector),No,46.70465,-87.59538333,Non-Intersection,Dawn,Clear,6:00am-6:59am,26,6:00am-6:59am,56,Not Applicable (Not Transported),Not Applicable (Not Transported),1,Twilight,Clear,1,0,['Driver'],['None_Used'],0,0,Valid,2.0,0.0,52.0,52.0,['Male'],0,0,2,4,2,Dry,Curve,Level,Lowest,No
18043,26,Michigan,260293,0,1,1,0,4,DETROIT,May,14,Sunday,19,57,Urban,High Speed (Arterial),Yes,42.38328056,-83.1783,Non-Intersection,Daylight,Clear,Unknown,Unknown,Unknown EMS Scene Arrival Hour,Unknown EMS Scene Arrival Minutes,Not Applicable (Not Transported),Not Applicable (Not Transported),4,Daylight,Clear,4,0,"['Driver', 'Front_Passenger', 'Front_Passenger', 'Front_Passenger']","['Shoulder_Lapbelt', 'Shoulder_Lapbelt', 'Shoulder_Lapbelt', 'Shoulder_Lapbelt']",0,0,Valid,1.0,0.0,21.0,21.0,['Male'],4,0,3,4,3,Dry,Straight,Level,Lowest,No
18044,26,Michigan,260294,0,1,1,0,1,NOT APPLICABLE,May,27,Saturday,14,50,Urban,High Speed (Arterial),Yes,43.55355833,-83.95158889,Non-Intersection,Daylight,Clear,2:00pm-2:59pm,53,3:00pm-3:59pm,20,Not Applicable (Not Transported),Not Applicable (Not Transported),1,Daylight,Clear,1,0,['Driver'],['None_Used'],1,1,Valid,0.0,4.0,65.0,65.0,['Male'],1,0,5,4,2,Dry,Curve,Level,Lowest,No
18045,26,Michigan,260296,0,2,2,0,3,NOT APPLICABLE,May,13,Saturday,20,9,Urban,High Speed (Arterial),Yes,42.27181389,-85.65478333,Non-Intersection,Daylight,Clear,8:00pm-8:59pm,10,8:00pm-8:59pm,16,Unknown,Unknown EMS Hospital Arrival Time,1,Daylight,Clear,1,2,['Driver'],['Shoulder_Lapbelt'],0,0,Valid,0.0,2.0,63.0,24.0,"['Male', 'Female']",0,0,3,4,5,Dry,Straight,Level,Lowest,No
18046,26,Michigan,260297,0,1,1,0,6,NOT APPLICABLE,May,14,Sunday,16,16,Rural,High Speed (Arterial),Yes,44.31328611,-84.49711944,Non-Intersection,Daylight,Clear,Unknown,Unknown,Unknown EMS Scene Arrival Hour,Unknown EMS Scene Arrival Minutes,Unknown,Unknown EMS Hospital Arrival Time,2,Daylight,Clear,2,4,"['Driver', 'Rear_Seat']","['Shoulder_Lapbelt', 'Shoulder_Lapbelt']",0,0,Valid,1.0,0.0,33.0,33.0,['Female'],0,0,3,4,3,Dry,Straight,Level,Lowest,No
18047,26,Michigan,260298,0,2,2,0,3,DETROIT,May,29,Monday,4,31,Urban,High Speed (Arterial),Yes,42.33071111,-83.21565833,Non-Intersection,Dark - Lighted,Clear,Unknown,Unknown,Unknown EMS Scene Arrival Hour,Unknown EMS Scene Arrival Minutes,Unknown,Unknown EMS Hospital Arrival Time,1,Dark - Lighted,Clear,1,2,['Driver'],['Lapbelt_Only'],1,1,Valid,2.0,0.0,36.0,31.0,"['Female', 'Female']",0,0,3,4,5,Dry,Straight,Level,Lowest,No
18048,26,Michigan,260299,0,2,2,0,4,FLINT TOWNSHIP,May,27,Saturday,22,35,Urban,High Speed (Arterial),Yes,43.01479167,-83.74756944,Non-Intersection,Dark - Not Lighted,Clear,Unknown,Unknown,Unknown EMS Scene Arrival Hour,Unknown EMS Scene Arrival Minutes,Unknown,Unknown EMS Hospital Arrival Time,2,Dark - Unlighted,Clear,2,2,"['Rear_Seat', 'Front_Passenger']","['None_Used', 'Shoulder_Lapbelt']",1,1,Invalid,1.0,1.0,43.0,27.0,"['Male', 'Male']",0,0,3,4,5,Dry,Curve,Level,Lowest,No
18049,26,Michigan,260300,0,2,2,0,3,NOT APPLICABLE,May,22,Monday,6,20,Rural,Medium Speed (Collector),No,43.24961944,-85.03832222,Non-Intersection,Daylight,Clear,Unknown,Unknown,Unknown EMS Scene Arrival Hour,Unknown EMS Scene Arrival Minutes,Unknown,Unknown EMS Hospital Arrival Time,1,Daylight,Clear,1,2,['Rear_Seat'],['Child_Safety'],0,0,Valid,2.0,0.0,37.0,29.0,"['Female', 'Male']",0,0,3,4,5,Dry,Straight,Grade/Hillcrest,Medium,No
18050,26,Michigan,260301,0,2,2,0,2,KENTWOOD,May,16,Tuesday,17,25,Urban,High Speed (Arterial),Yes,42.867825,-85.66412778,Non-Intersection,Daylight,Cloudy,5:00pm-5:59pm,24,5:00pm-5:59pm,26,Unknown,Unknown EMS Hospital Arrival Time,1,Daylight,Reduced Visibility,1,1,['Driver'],['None_Used'],0,0,Valid,3.0,2.0,66.0,57.0,"['Male', 'Male']",1,0,5,4,5,Dry,Straight,Non-Trafficway,Lowest,No
18051,26,Michigan,260302,0,2,2,0,2,NOT APPLICABLE,May,29,Monday,9,50,Rural,Medium Speed (Collector),No,42.860325,-83.630075,Complex/Circle,Daylight,Clear,Unknown,Unknown,Unknown EMS Scene Arrival Hour,Unknown EMS Scene Arrival Minutes,Not Applicable (Not Transported),Not Applicable (Not Transported),1,Daylight,Clear,1,1,['Driver'],['None_Used'],0,0,Valid,0.0,0.0,66.0,53.0,"['Male', 'Male']",0,0,5,4,5,Dry,Straight,Level,Lowest,No
18052,26,Michigan,260303,0,2,2,0,3,NOT APPLICABLE,May,27,Saturday,16,51,Urban,Medium Speed (Collector),No,44.32214722,-84.77419722,Complex/Circle,Daylight,Clear,Unknown,Unknown,Unknown EMS Scene Arrival Hour,Unknown EMS Scene Arrival Minutes,Unknown,Unknown EMS Hospital Arrival Time,1,Daylight,Clear,1,2,['Rear_Seat'],['None_Used'],0,0,Valid,1.0,1.0,48.0,38.0,"['Male', 'Male']",0,0,5,4,5,Dry,Straight,Level,Lowest,No
18053,26,Michigan,260304,0,2,2,0,2,NOT APPLICABLE,May,31,Wednesday,14,18,Rural,High Speed (Arterial),Yes,45.12222778,-85.35022222,Non-Intersection,Daylight,Cloudy,Unknown,Unknown,Unknown EMS Scene Arrival Hour,Unknown EMS Scene Arrival Minutes,Not Applicable (Not Transported),Not Applicable (Not Transported),1,Daylight,Reduced Visibility,1,1,['Driver'],['None_Used'],0,0,Valid,0.0,0.0,45.0,19.0,"['Male', 'Male']",0,0,3,4,5,Dry,Straight,Level,Lowest,No
18054,26,Michigan,260305,0,2,2,0,2,NOT APPLICABLE,May,29,Monday,12,27,Urban,High Speed (Arterial),Yes,42.00735556,-83.35402222,Complex/Circle,Daylight,Clear,12:00pm-12:59pm,28,12:00pm-12:59pm,37,Not Applicable (Not Transported),Not Applicable (Not Transported),1,Daylight,Clear,1,1,['Driver'],['None_Used'],0,0,Valid,1.0,0.0,28.0,27.0,"['Male', 'Male']",1,0,5,4,5,Dry,Straight,Level,Lowest,No
18055,26,Michigan,260306,0,1,1,0,2,NOT APPLICABLE,May,30,Tuesday,18,53,Urban,Medium Speed (Collector),No,42.88610278,-83.66865556,Non-Intersection,Daylight,Clear,6:00pm-6:59pm,55,Unknown EMS Scene Arrival Hour,Unknown EMS Scene Arrival Minutes,Unknown,Unknown EMS Hospital Arrival Time,1,Daylight,Clear,1,1,['Driver'],['None_Used'],0,0,Valid,4.0,0.0,30.0,30.0,['Male'],0,0,5,4,1,Dry,Straight,Level,Lowest,No
18056,26,Michigan,260307,0,1,1,0,1,NOT APPLICABLE,May,17,Wednesday,0,45,Rural,High Speed (Arterial),Yes,45.6079,-87.22007778,Non-Intersection,Dark - Not Lighted,Clear,0:00am-0:59am,51,1:00am-1:59am,15,Not Applicable (Not Transported),Not Applicable (Not Transported),1,Dark - Unlighted,Clear,1,0,['Driver'],['None_Used'],1,1,Valid,0.0,0.0,44.0,44.0,['Female'],0,0,3,4,3,Dry,Straight,Level,Lowest,No
18057,26,Michigan,260308,0,3,3,0,3,IMLAY CITY,May,28,Sunday,14,16,Rural,High Speed (Arterial),Yes,43.01131389,-83.07165,Non-Intersection,Daylight,Clear,Unknown,Unknown,Unknown EMS Scene Arrival Hour,Unknown EMS Scene Arrival Minutes,Unknown,Unknown EMS Hospital Arrival Time,1,Daylight,Clear,1,2,['Driver'],['None_Used'],0,0,Valid,2.0,1.0,68.0,20.0,"['Female', 'Female', 'Male']",0,0,5,4,5,Dry,Straight,Non-Trafficway,Lowest,No
18058,26,Michigan,260309,0,2,2,0,3,NOT APPLICABLE,May,17,Wednesday,13,33,Urban,Medium Speed (Collector),No,41.95919444,-83.96535556,Non-Intersection,Daylight,Clear,1:00pm-1:59pm,33,1:00pm-1:59pm,36,Unknown,Unknown EMS Hospital Arrival Time,1,Daylight,Clear,1,2,['Driver'],['Shoulder_Lapbelt'],0,0,Valid,0.0,0.0,55.0,24.0,"['Male', 'Female']",0,0,3,4,5,Dry,Curve,Grade/Hillcrest,Lowest,No
18059,26,Michigan,260310,0,1,1,0,1,DETROIT,May,26,Friday,18,0,Urban,High Speed (Arterial),Yes,42.3329,-83.13597222,Non-Intersection,Daylight,Clear,Unknown,Unknown,Unknown EMS Scene Arrival Hour,Unknown EMS Scene Arrival Minutes,Not Applicable (Not Transported),Not Applicable (Not Transported),1,Daylight,Clear,1,0,['Driver'],['None_Used'],0,0,Valid,2.0,1.0,23.0,23.0,['Male'],1,0,3,4,3,Dry,Straight,Level,Lowest,No
18060,26,Michigan,260311,0,1,1,0,2,NOT APPLICABLE,May,18,Thursday,18,52,Urban,High Speed (Arterial),Yes,43.95757778,-86.38364444,Non-Intersection,Daylight,Clear,Unknown,Unknown,Unknown EMS Scene Arrival Hour,Unknown EMS Scene Arrival Minutes,Unknown,Unknown EMS Hospital Arrival Time,1,Daylight,Clear,1,1,['Front_Passenger'],['None_Used'],1,1,Invalid,0.0,0.0,54.0,54.0,['Male'],2,0,3,4,3,Dry,Curve,Level,Lowest,No
18061,26,Michigan,260312,0,1,1,0,1,NOT APPLICABLE,May,8,Monday,14,5,Rural,Low Speed (Local),No,46.26024167,-87.55624167,Non-Intersection,Daylight,Clear,Unknown,Unknown,Unknown EMS Scene Arrival Hour,Unknown EMS Scene Arrival Minutes,Unknown,Unknown EMS Hospital Arrival Time,1,Daylight,Clear,1,0,['Driver'],['Shoulder_Lapbelt'],0,0,Valid,0.0,0.0,80.0,80.0,['Male'],0,0,3,4,3,Dry,Straight,Level,Lowest,No
18062,26,Michigan,260313,0,2,2,0,2,SENECA,May,18,Thursday,15,57,Rural,Medium Speed (Collector),No,41.78346944,-84.23360556,Non-Intersection,Daylight,Clear,Unknown,Unknown,Unknown EMS Scene Arrival Hour,Unknown EMS Scene Arrival Minutes,Unknown,Unknown EMS Hospital Arrival Time,1,Daylight,Clear,1,1,['Driver'],['None_Used'],0,0,Valid,0.0,0.0,19.0,16.0,"['Female', 'Male']",1,0,5,3,5,Dry,Straight,Level,Lowest,No
18063,26,Michigan,260314,0,1,1,0,1,NOT APPLICABLE,May,11,Thursday,17,30,Rural,High Speed (Arterial),Yes,47.04735,-88.67267222,Non-Intersection,Daylight,Clear,Unknown,Unknown,Unknown EMS Scene Arrival Hour,Unknown EMS Scene Arrival Minutes,Not Applicable (Not Transported),Not Applicable (Not Transported),1,Daylight,Clear,1,0,['Driver'],['None_Used'],1,1,Valid,1.0,0.0,53.0,53.0,['Male'],0,0,3,4,3,Dry,Curve,Level,Lowest,No
18064,26,Michigan,260315,0,2,2,0,2,NOT APPLICABLE,May,19,Friday,13,7,Rural,High Speed (Arterial),Yes,41.99927222,-84.34952222,Non-Intersection,Daylight,Clear,12:00pm-12:59pm,24,12:00pm-12:59pm,28,Not Applicable (Not Transported),Not Applicable (Not Transported),1,Daylight,Clear,1,1,['Driver'],['None_Used'],0,0,Valid,0.0,0.0,51.0,27.0,"['Male', 'Male']",0,0,5,4,5,Dry,Straight,Grade/Hillcrest,Lowest,No
18065,26,Michigan,260316,0,2,2,0,3,NOT APPLICABLE,May,17,Wednesday,19,20,Rural,Low Speed (Local),No,41.85419722,-84.69934722,Complex/Circle,Daylight,Clear,Unknown,Unknown,Unknown EMS Scene Arrival Hour,Unknown EMS Scene Arrival Minutes,Not Applicable (Not Transported),Not Applicable (Not Transported),1,Daylight,Clear,1,2,['Driver'],['None_Used'],1,1,Valid,2.0,2.0,31.0,16.0,"['Male', 'Male']",0,0,5,4,5,Dry,Straight,Level,Lowest,No
18066,26,Michigan,260317,0,1,1,0,1,NOT APPLICABLE,May,21,Sunday,14,56,Urban,High Speed (Arterial),Yes,43.37799444,-86.27716667,Non-Intersection,Daylight,Clear,2:00pm-2:59pm,55,3:00pm-3:59pm,5,Not Applicable (Not Transported),Not Applicable (Not Transported),1,Daylight,Clear,1,0,['Driver'],['Shoulder_Lapbelt'],1,1,Invalid,0.0,0.0,59.0,59.0,['Male'],1,0,3,4,3,Dry,Straight,Level,Lowest,No
18067,26,Michigan,260318,0,2,2,0,3,NOT APPLICABLE,May,22,Monday,22,4,Urban,High Speed (Arterial),Yes,42.62130833,-83.97465,Non-Intersection,Dark - Not Lighted,Clear,10:00pm-10:59pm,5,10:00pm-10:59pm,18,Unknown,Unknown EMS Hospital Arrival Time,1,Dark - Unlighted,Clear,1,2,['Driver'],['None_Used'],0,0,Valid,1.0,4.0,46.0,33.0,"['Female', 'Male']",0,0,5,4,5,Dry,Straight,Grade/Hillcrest,Lowest,No
18068,26,Michigan,260319,0,2,2,0,2,TAYLOR,May,5,Friday,15,54,Urban,Medium Speed (Collector),No,42.22002222,-83.25421667,Non-Intersection,Daylight,Clear,Unknown,Unknown,Unknown EMS Scene Arrival Hour,Unknown EMS Scene Arrival Minutes,Unknown,Unknown EMS Hospital Arrival Time,1,Daylight,Clear,1,1,['Driver'],['Shoulder_Lapbelt'],1,1,Invalid,2.0,1.0,63.0,28.0,"['Male', 'Male']",0,0,2,4,5,Dry,Straight,Level,Lowest,No
18069,26,Michigan,260320,0,1,1,0,1,NOT APPLICABLE,May,18,Thursday,12,5,Urban,Medium Speed (Collector),No,43.67157778,-84.38867778,Non-Intersection,Daylight,Clear,12:00pm-12:59pm,10,12:00pm-12:59pm,17,Unknown,Unknown EMS Hospital Arrival Time,1,Daylight,Clear,1,0,['Driver'],['None_Used'],1,1,Valid,5.0,1.0,47.0,47.0,['Male'],0,0,5,4,2,Dry,Curve,Level,Lowest,No
18070,26,Michigan,260321,1,1,1,0,1,NOT APPLICABLE,May,25,Thursday,13,50,Urban,Medium Speed (Collector),No,42.67017222,-84.20290556,Non-Intersection,Daylight,Clear,1:00pm-1:59pm,50,2:00pm-2:59pm,0,Unknown,Unknown EMS Hospital Arrival Time,1,Daylight,Clear,0,1,[],[],0,0,Valid,3.0,1.0,23.0,23.0,['Female'],0,0,3,4,4,Dry,Straight,Level,Medium,No
18071,26,Michigan,260322,0,1,1,0,1,FREDERIC,May,26,Friday,18,25,Rural,Low Speed (Local),No,44.78235278,-84.83728889,Non-Intersection,Daylight,Clear,6:00pm-6:59pm,28,6:00pm-6:59pm,34,Unknown,Unknown EMS Hospital Arrival Time,1,Daylight,Clear,1,0,['Driver'],['None_Used'],1,1,Invalid,0.0,0.0,62.0,62.0,['Male'],0,0,5,0,3,Dry,Straight,Level,Lowest,No