,State_Code,State_Name,Crash_ID,Count_Non_Motorists,Count_Vehicles_Total,Count_Vehicle_Forms,Count_PVH_Involved,Count_Occupants_MV,City_Name,Month_Name,Day_of_Month,Day_of_Week,Crash_Hour,Crash_Minute,Area_Rural_Urban,Road_Functional_Class,On_NHS_Road,Latitude,Longitude,Intersection_Type,Light_Condition,Weather_Condition,Notif_Hour,Notif_Minute,Arrival_Hour,Arrival_Minute,Hospital_Hour,Hospital_Minute,Fatalities_Count,Clean_Light_Condition,Clean_Weather_Condition,Total_Killed,Total_Alive,Fatal_Seats_List,Killed_Restraint_List,Any_Driver_Drinking,Total_Drinking_Drivers,Driver_License_Category,Driver_Max_Prev_Accident_Count,Driver_Max_Prev_Speeding_Count,Max_Driver_Age,Min_Driver_Age,Driver_Sex_List,Total_Exceeding_Limit_Vehicles,Total_Too_Fast_Vehicles,Max_Vehicle_Type_Severity_5,Max_Vehicle_Damage_Rank,Max_Harmful_Event_Severity,Crash_Road_Surface_Condition,Crash_Horizontal_Alignment,Crash_Vertical_Profile,Crash_Impairment_Category,Crash_Vehicle_Defect
18072,26,Michigan,260323,0,2,2,0,3,GAINES,May,27,Saturday,23,4,Urban,Medium Speed (Collector),No,42.95618611,-83.83137222,Non-Intersection,Dark - Not Lighted,Clear,11:00pm-11:59pm,4,11:00pm-11:59pm,13,Unknown,Unknown EMS Hospital Arrival Time,1,Dark - Unlighted,Clear,1,2,['Driver'],['None_Used'],1,1,Valid,1.0,1.0,66.0,61.0,"['Male', 'Male']",0,0,5,4,5,Dry,Straight,Level,Lowest,No
18073,26,Michigan,260324,0,1,1,0,1,NOT APPLICABLE,May,22,Monday,20,8,Urban,Low Speed (Local),No,43.20650278,-83.73879444,Non-Intersection,Daylight,Cloudy,Unknown,Unknown,Unknown EMS Scene Arrival Hour,Unknown EMS Scene Arrival Minutes,Unknown,Unknown EMS Hospital Arrival Time,1,Daylight,Reduced Visibility,1,0,['Driver'],['Shoulder_Lapbelt'],0,0,Valid,0.0,0.0,62.0,62.0,['Male'],0,0,3,4,3,Dry,Straight,Level,Lowest,No
18074,26,Michigan,260325,0,2,2,0,2,DETROIT,May,26,Friday,19,0,Urban,Medium Speed (Collector),No,42.37976111,-82.94496389,Complex/Circle,Daylight,Clear,Unknown,Unknown,Unknown EMS Scene Arrival Hour,Unknown EMS Scene Arrival Minutes,Unknown,Unknown EMS Hospital Arrival Time,1,Daylight,Clear,1,1,['Driver'],['None_Used'],0,0,Valid,1.0,3.0,27.0,24.0,"['Male', 'Male']",2,0,5,4,5,Dry,Straight,Level,Lowest,No
18075,26,Michigan,260326,0,2,2,0,2,ALLEGAN,May,24,Wednesday,12,10,Urban,High Speed (Arterial),Yes,42.51793333,-85.83756111,Non-Intersection,Daylight,Clear,Unknown,Unknown,Unknown EMS Scene Arrival Hour,Unknown EMS Scene Arrival Minutes,Not Applicable (Not Transported),Not Applicable (Not Transported),1,Daylight,Clear,1,1,['Driver'],['None_Used'],0,0,Valid,1.0,0.0,56.0,47.0,"['Male', 'Female']",0,0,5,4,5,Dry,Straight,Level,Lowest,No
18076,26,Michigan,260327,0,2,2,0,8,DETROIT,May,29,Monday,1,14,Urban,High Speed (Arterial),Yes,42.39934722,-83.21494444,Complex/Circle,Dark - Lighted,Clear,Unknown,Unknown,Unknown EMS Scene Arrival Hour,Unknown EMS Scene Arrival Minutes,Unknown,Unknown EMS Hospital Arrival Time,1,Dark - Lighted,Clear,1,7,['Driver'],['Shoulder_Lapbelt'],0,0,Invalid,1.0,2.0,22.0,20.0,"['Female', 'Male']",7,0,2,4,5,Dry,Straight,Level,Lowest,No
18077,26,Michigan,260328,0,1,1,0,2,NOT APPLICABLE,May,28,Sunday,6,50,Rural,Medium Speed (Collector),No,41.971475,-84.38075,Non-Intersection,Daylight,Clear,Unknown,Unknown,Unknown EMS Scene Arrival Hour,Unknown EMS Scene Arrival Minutes,Unknown,Unknown EMS Hospital Arrival Time,1,Daylight,Clear,1,1,['Driver'],['Shoulder_Lapbelt'],1,1,Valid,1.0,0.0,42.0,42.0,['Female'],2,0,2,4,3,Dry,Straight,Level,Lowest,No
18078,26,Michigan,260329,0,4,4,0,4,NOT APPLICABLE,May,29,Monday,16,20,Urban,Medium Speed (Collector),No,43.34895,-83.86094444,Non-Intersection,Daylight,Clear,Unknown,Unknown,Unknown EMS Scene Arrival Hour,Unknown EMS Scene Arrival Minutes,Unknown,Unknown EMS Hospital Arrival Time,1,Daylight,Clear,1,3,['Driver'],['Shoulder_Lapbelt'],0,0,Valid,1.0,6.0,68.0,26.0,"['Male', 'Male', 'Female', 'Male']",0,0,3,4,5,Dry,Straight,Level,Lowest,No
18079,26,Michigan,260330,0,2,2,0,2,SHELBY,May,9,Tuesday,18,20,Urban,High Speed (Arterial),Yes,42.67041111,-82.99181389,Non-Intersection,Daylight,Clear,6:00pm-6:59pm,27,6:00pm-6:59pm,31,Unknown,Unknown EMS Hospital Arrival Time,1,Daylight,Clear,1,1,['Driver'],['Shoulder_Lapbelt'],1,1,Invalid,0.0,0.0,61.0,44.0,"['Male', 'Male']",0,0,3,4,5,Dry,Straight,Level,Lowest,No
18080,26,Michigan,260331,0,2,2,0,3,NOT APPLICABLE,May,29,Monday,16,56,Rural,Low Speed (Local),No,43.75723611,-85.61251389,Non-Intersection,Daylight,Clear,5:00pm-5:59pm,2,5:00pm-5:59pm,13,Unknown,Unknown EMS Hospital Arrival Time,1,Daylight,Clear,1,2,['Driver'],['None_Used'],1,1,Valid,0.0,0.0,52.0,28.0,"['Male', 'Male']",0,0,5,4,5,Loose/Unpaved,Straight,Grade/Hillcrest,Lowest,No
18081,26,Michigan,260332,0,2,2,0,4,ROMULUS,May,16,Tuesday,15,44,Urban,High Speed (Arterial),Yes,42.26824444,-83.30902222,Complex/Circle,Daylight,Clear,3:00pm-3:59pm,45,3:00pm-3:59pm,54,Not Applicable (Not Transported),Not Applicable (Not Transported),1,Daylight,Clear,1,3,['Driver'],['None_Used'],0,0,Valid,0.0,3.0,62.0,28.0,"['Female', 'Male']",1,0,5,4,5,Dry,Straight,Level,Lowest,No
18082,26,Michigan,260333,0,1,1,0,1,DETROIT,May,25,Thursday,23,2,Urban,High Speed (Arterial),Yes,42.26606111,-83.27001944,Non-Intersection,Dark - Lighted,Clear,Unknown,Unknown,Unknown EMS Scene Arrival Hour,Unknown EMS Scene Arrival Minutes,Not Applicable (Not Transported),Not Applicable (Not Transported),1,Dark - Lighted,Clear,1,0,['Driver'],['Shoulder_Lapbelt'],0,0,Valid,2.0,6.0,43.0,43.0,['Male'],1,0,3,4,3,Dry,Curve,Level,Lowest,No
18083,26,Michigan,260334,0,1,1,0,1,DETROIT,May,31,Wednesday,14,50,Rural,Low Speed (Local),No,42.41573611,-83.25696389,Non-Intersection,Daylight,Clear,Unknown,Unknown,Unknown EMS Scene Arrival Hour,Unknown EMS Scene Arrival Minutes,Unknown,Unknown EMS Hospital Arrival Time,1,Daylight,Clear,1,0,['Driver'],['Shoulder_Lapbelt'],0,0,Valid,0.0,0.0,71.0,71.0,['Female'],0,0,2,4,3,Dry,Straight,Level,Lowest,No
18084,26,Michigan,260335,0,2,2,0,2,NOT APPLICABLE,May,8,Monday,14,22,Urban,High Speed (Arterial),Yes,42.853,-85.62482222,Non-Intersection,Daylight,Cloudy,2:00pm-2:59pm,22,2:00pm-2:59pm,28,Unknown,Unknown EMS Hospital Arrival Time,1,Daylight,Reduced Visibility,1,1,['Driver'],['Shoulder_Lapbelt'],0,0,Valid,4.0,1.0,79.0,18.0,"['Male', 'Male']",0,0,2,4,5,Dry,Straight,Non-Trafficway,Lowest,No
18085,26,Michigan,260336,1,1,1,0,1,DETROIT,May,30,Tuesday,21,40,Urban,High Speed (Arterial),Yes,42.32751944,-83.08591111,Non-Intersection,Dark - Lighted,Clear,Unknown,Unknown,Unknown EMS Scene Arrival Hour,Unknown EMS Scene Arrival Minutes,Unknown,Unknown EMS Hospital Arrival Time,1,Dark - Lighted,Clear,0,1,[],[],0,0,Invalid,0.0,2.0,35.0,35.0,['Male'],0,0,2,2,4,Dry,Straight,Level,Lowest,No
18086,26,Michigan,260337,0,2,2,0,2,NOT APPLICABLE,May,24,Wednesday,17,3,Urban,High Speed (Arterial),Yes,42.19689444,-84.38222222,Non-Intersection,Daylight,Clear,5:00pm-5:59pm,6,5:00pm-5:59pm,8,Not Applicable (Not Transported),Not Applicable (Not Transported),1,Daylight,Clear,1,1,['Driver'],['None_Used'],0,0,Valid,2.0,1.0,80.0,56.0,"['Female', 'Male']",0,0,5,4,5,Dry,Straight,Non-Trafficway,Lowest,No
18087,26,Michigan,260338,0,2,2,0,2,FLINT,May,15,Monday,17,22,Urban,Medium Speed (Collector),No,42.99041667,-83.71335833,Simple Junction,Daylight,Clear,Unknown,Unknown,Unknown EMS Scene Arrival Hour,Unknown EMS Scene Arrival Minutes,Unknown,Unknown EMS Hospital Arrival Time,1,Daylight,Clear,1,1,['Driver'],['None_Used'],0,0,Valid,2.0,0.0,66.0,26.0,"['Male', 'Male']",0,0,5,4,5,Dry,Straight,Level,Lowest,No
18088,26,Michigan,260339,0,2,2,0,2,TAYLOR,May,30,Tuesday,17,15,Urban,Low Speed (Local),No,42.25458333,-83.29358611,Non-Intersection,Daylight,Clear,Unknown,Unknown,Unknown EMS Scene Arrival Hour,Unknown EMS Scene Arrival Minutes,Unknown,Unknown EMS Hospital Arrival Time,1,Daylight,Clear,1,1,['Driver'],['None_Used'],0,0,Valid,1.0,0.0,46.0,36.0,"['Male', 'Male']",0,0,5,4,5,Dry,Straight,Level,Lowest,No
18089,26,Michigan,260340,0,1,1,0,1,FENTON,May,28,Sunday,16,34,Urban,Low Speed (Local),No,42.78290556,-83.71637778,Non-Intersection,Daylight,Cloudy,Unknown,Unknown,Unknown EMS Scene Arrival Hour,Unknown EMS Scene Arrival Minutes,Unknown,Unknown EMS Hospital Arrival Time,1,Daylight,Reduced Visibility,1,0,['Driver'],['None_Used'],0,0,Valid,0.0,0.0,48.0,48.0,['Male'],1,0,5,3,1,Dry,Curve,Level,Lowest,No
18090,26,Michigan,260341,0,2,2,0,2,NOT APPLICABLE,May,31,Wednesday,11,9,Rural,Medium Speed (Collector),No,44.22865833,-86.01177222,Complex/Circle,Daylight,Clear,Unknown,Unknown,Unknown EMS Scene Arrival Hour,Unknown EMS Scene Arrival Minutes,Unknown,Unknown EMS Hospital Arrival Time,1,Daylight,Clear,1,1,['Driver'],['Shoulder_Lapbelt'],0,0,Valid,0.0,0.0,81.0,73.0,"['Male', 'Male']",0,0,2,4,5,Dry,Straight,Level,Lowest,No
18091,26,Michigan,260342,0,2,2,0,3,SOUTHFIELD,March,11,Saturday,23,36,Urban,High Speed (Arterial),Yes,42.44475278,-83.21059722,Complex/Circle,Dark - Lighted,Cloudy,Unknown,Unknown,Unknown EMS Scene Arrival Hour,Unknown EMS Scene Arrival Minutes,Unknown,Unknown EMS Hospital Arrival Time,1,Dark - Lighted,Reduced Visibility,1,2,['Front_Passenger'],['Shoulder_Lapbelt'],1,1,Valid,0.0,0.0,66.0,34.0,"['Male', 'Male']",0,0,3,4,5,Dry,Straight,Level,Lowest,No
18092,26,Michigan,260343,0,2,2,0,4,NOT APPLICABLE,June,2,Friday,12,22,Urban,Medium Speed (Collector),No,42.26015833,-85.87870833,Non-Intersection,Daylight,Clear,12:00pm-12:59pm,25,12:00pm-12:59pm,33,Unknown,Unknown EMS Hospital Arrival Time,1,Daylight,Clear,1,3,['Rear_Seat'],['Child_Safety'],1,1,Valid,1.0,0.0,60.0,32.0,"['Female', 'Female']",0,0,3,4,5,Dry,Straight,Level,Lowest,No
18093,26,Michigan,260344,0,1,1,0,2,NOT APPLICABLE,June,3,Saturday,22,50,Rural,Low Speed (Local),No,43.13176667,-82.83806111,Non-Intersection,Dark - Not Lighted,Clear,10:00pm-10:59pm,52,10:00pm-10:59pm,56,Unknown,Unknown EMS Hospital Arrival Time,1,Dark - Unlighted,Clear,1,1,['Driver'],['None_Used'],0,0,Valid,0.0,0.0,54.0,54.0,['Male'],0,0,5,4,1,Dry,Straight,Level,Lowest,No
18094,26,Michigan,260345,0,1,1,0,1,NOT APPLICABLE,June,3,Saturday,5,51,Rural,Low Speed (Local),No,42.87133056,-84.67145,Non-Intersection,Dark - Not Lighted,Clear,Unknown,Unknown,Unknown EMS Scene Arrival Hour,Unknown EMS Scene Arrival Minutes,Not Applicable (Not Transported),Not Applicable (Not Transported),1,Dark - Unlighted,Clear,1,0,['Driver'],['None_Used'],1,1,Valid,1.0,0.0,30.0,30.0,['Male'],0,0,5,4,2,Dry,Straight,Level,Lowest,No
18095,26,Michigan,260346,0,2,2,0,2,NOT APPLICABLE,June,4,Sunday,6,13,Rural,Medium Speed (Collector),No,42.600275,-84.19388889,Complex/Circle,Dawn,Clear,6:00am-6:59am,13,6:00am-6:59am,25,Unknown,Unknown EMS Hospital Arrival Time,1,Twilight,Clear,1,1,['Driver'],['Shoulder_Lapbelt'],0,0,Valid,1.0,0.0,52.0,35.0,"['Female', 'Female']",1,0,3,4,5,Dry,Straight,Level,Lowest,No
18096,26,Michigan,260347,0,1,1,0,2,NOT APPLICABLE,June,1,Thursday,23,8,Rural,Medium Speed (Collector),No,41.81336111,-86.08839167,Non-Intersection,Dark - Not Lighted,Clear,Unknown,Unknown,Unknown EMS Scene Arrival Hour,Unknown EMS Scene Arrival Minutes,Unknown,Unknown EMS Hospital Arrival Time,1,Dark - Unlighted,Clear,1,1,['Front_Passenger'],['Shoulder_Lapbelt'],1,1,Valid,0.0,0.0,20.0,20.0,['Male'],2,0,2,4,3,Wet/Standing Water,Straight,Level,Lowest,No
18097,26,Michigan,260348,1,1,1,0,1,GRAND BLANC,June,1,Thursday,21,12,Urban,Low Speed (Local),No,42.93501944,-83.61147778,Non-Intersection,Dusk,Clear,9:00pm-9:59pm,35,9:00pm-9:59pm,37,Unknown,Unknown EMS Hospital Arrival Time,1,Twilight,Clear,0,1,[],[],0,0,Valid,0.0,1.0,27.0,27.0,['Male'],0,0,3,1,4,Dry,Curve,Level,Lowest,No
18098,26,Michigan,260349,0,1,1,0,1,NOT APPLICABLE,June,4,Sunday,20,0,Rural,Low Speed (Local),No,42.13824722,-86.34910278,Non-Intersection,Dusk,Clear,8:00pm-8:59pm,11,8:00pm-8:59pm,20,Not Applicable (Not Transported),Not Applicable (Not Transported),1,Twilight,Clear,1,0,['Driver'],['None_Used'],0,0,Valid,0.0,0.0,66.0,66.0,['Male'],1,0,5,4,3,Dry,Curve,Level,Lowest,No
18099,26,Michigan,260350,0,2,2,0,4,NOT APPLICABLE,June,5,Monday,9,35,Rural,Medium Speed (Collector),No,43.26211389,-82.68886111,Complex/Circle,Daylight,Cloudy,9:00am-9:59am,36,9:00am-9:59am,43,Unknown,Unknown EMS Hospital Arrival Time,1,Daylight,Reduced Visibility,1,3,['Driver'],['Shoulder_Lapbelt'],0,0,Valid,1.0,0.0,24.0,23.0,"['Female', 'Female']",0,0,3,4,5,Dry,Straight,Level,Lowest,No
18100,26,Michigan,260351,0,2,2,0,2,NOT APPLICABLE,June,3,Saturday,16,52,Urban,Medium Speed (Collector),No,42.67510833,-83.38395,Non-Intersection,Daylight,Clear,4:00pm-4:59pm,53,4:00pm-4:59pm,55,Unknown,Unknown EMS Hospital Arrival Time,1,Daylight,Clear,1,1,['Driver'],['None_Used'],0,0,Valid,0.0,0.0,49.0,35.0,"['Male', 'Male']",0,0,5,4,5,Dry,Straight,Non-Trafficway,Lowest,No
18101,26,Michigan,260352,0,3,3,0,3,NOT APPLICABLE,June,9,Friday,23,15,Urban,Medium Speed (Collector),No,42.21018333,-86.13215556,Non-Intersection,Dark - Not Lighted,Clear,11:00pm-11:59pm,16,11:00pm-11:59pm,34,Unknown,Unknown EMS Hospital Arrival Time,2,Dark - Unlighted,Clear,2,1,"['Driver', 'Driver']","['Shoulder_Lapbelt', 'None_Used']",1,1,Valid,4.0,2.0,39.0,25.0,"['Male', 'Male', 'Male']",1,0,5,4,5,Dry,Straight,Level,Lowest,No
18102,26,Michigan,260353,0,1,1,0,2,NOT APPLICABLE,June,11,Sunday,3,28,Rural,Medium Speed (Collector),No,45.69069444,-86.66784444,Non-Intersection,Dark - Not Lighted,Clear,3:00am-3:59am,33,3:00am-3:59am,58,Unknown,Unknown EMS Hospital Arrival Time,1,Dark - Unlighted,Clear,1,1,['Front_Passenger'],['None_Used'],1,1,Valid,0.0,0.0,22.0,22.0,['Female'],2,0,3,4,3,Dry,Curve,Level,Lowest,No
18103,26,Michigan,260354,0,1,1,0,1,NOT APPLICABLE,June,3,Saturday,20,6,Rural,Low Speed (Local),No,43.40930556,-85.96224167,Non-Intersection,Daylight,Clear,8:00pm-8:59pm,8,8:00pm-8:59pm,15,Not Applicable (Not Transported),Not Applicable (Not Transported),1,Daylight,Clear,1,0,['Driver'],['Shoulder_Lapbelt'],1,1,Invalid,0.0,0.0,41.0,41.0,['Male'],1,0,3,4,3,Dry,Curve,Level,Lowest,No
18104,26,Michigan,260355,0,2,2,0,2,NOT APPLICABLE,June,3,Saturday,10,51,Rural,Medium Speed (Collector),No,43.69851944,-84.813775,Non-Intersection,Daylight,Clear,10:00am-10:59am,52,10:00am-10:59am,54,Not Applicable (Not Transported),Not Applicable (Not Transported),1,Daylight,Clear,1,1,['Driver'],['None_Used'],0,0,Valid,0.0,0.0,68.0,22.0,"['Male', 'Male']",0,0,5,4,5,Dry,Straight,Level,Lowest,No
18105,26,Michigan,260356,1,1,1,0,1,OWOSSO,June,8,Thursday,22,13,Urban,Medium Speed (Collector),No,42.99758889,-84.15790556,Complex/Circle,Dark - Not Lighted,Cloudy,Unknown,Unknown,Unknown EMS Scene Arrival Hour,Unknown EMS Scene Arrival Minutes,Not Applicable (Not Transported),Not Applicable (Not Transported),1,Dark - Unlighted,Reduced Visibility,0,1,[],[],0,0,Valid,0.0,0.0,64.0,64.0,['Male'],0,0,3,3,4,Dry,Straight,Level,Lowest,No
18106,26,Michigan,260357,0,1,1,0,1,NOT APPLICABLE,June,6,Tuesday,2,29,Rural,High Speed (Arterial),Yes,41.90509722,-85.66199722,Non-Intersection,Dark - Not Lighted,Clear,2:00am-2:59am,31,2:00am-2:59am,41,Not Applicable (Not Transported),Not Applicable (Not Transported),1,Dark - Unlighted,Clear,1,0,['Driver'],['None_Used'],1,1,Valid,0.0,0.0,20.0,20.0,['Female'],0,0,3,4,3,Dry,Straight,Level,Lowest,No
18107,26,Michigan,260358,0,4,4,0,10,NOT APPLICABLE,June,3,Saturday,17,37,Urban,High Speed (Arterial),Yes,42.26908056,-84.46435278,Non-Intersection,Daylight,Cloudy,5:00pm-5:59pm,37,5:00pm-5:59pm,41,Unknown,Unknown EMS Hospital Arrival Time,1,Daylight,Reduced Visibility,1,9,['Front_Passenger'],['Shoulder_Lapbelt'],1,1,Valid,1.0,2.0,61.0,33.0,"['Male', 'Male', 'Female', 'Female']",0,0,3,4,5,Dry,Straight,Level,Lowest,No
18108,26,Michigan,260359,1,1,1,0,1,DETROIT,June,2,Friday,7,37,Urban,Medium Speed (Collector),No,42.32976944,-83.04663889,Complex/Circle,Daylight,Clear,Unknown,Unknown,Unknown EMS Scene Arrival Hour,Unknown EMS Scene Arrival Minutes,Not Applicable (Not Transported),Not Applicable (Not Transported),1,Daylight,Clear,0,1,[],[],0,0,Valid,5.0,0.0,59.0,59.0,['Female'],0,0,4,1,4,Dry,Straight,Level,Lowest,No
18109,26,Michigan,260360,0,1,1,0,1,NOT APPLICABLE,June,1,Thursday,8,3,Rural,Medium Speed (Collector),No,43.28788333,-86.060075,Non-Intersection,Daylight,Clear,Unknown,Unknown,Unknown EMS Scene Arrival Hour,Unknown EMS Scene Arrival Minutes,Not Applicable (Not Transported),Not Applicable (Not Transported),1,Daylight,Clear,1,0,['Driver'],['None_Used'],0,0,Valid,1.0,0.0,64.0,64.0,['Male'],0,0,3,4,3,Dry,Curve,Level,Lowest,No
18110,26,Michigan,260361,0,1,1,0,2,NOT APPLICABLE,June,10,Saturday,21,28,Rural,Low Speed (Local),No,42.18668056,-85.47403056,Non-Intersection,Dusk,Clear,Unknown,Unknown,Unknown EMS Scene Arrival Hour,Unknown EMS Scene Arrival Minutes,Unknown,Unknown EMS Hospital Arrival Time,1,Twilight,Clear,1,1,['Front_Passenger'],['Shoulder_Lapbelt'],0,0,Valid,0.0,0.0,18.0,18.0,['Male'],2,0,2,4,3,Dry,Straight,Level,Lowest,No
18111,26,Michigan,260362,0,2,2,0,2,NOT APPLICABLE,June,16,Friday,0,11,Urban,High Speed (Arterial),Yes,42.27416667,-84.35836667,Non-Intersection,Dark - Not Lighted,Clear,0:00am-0:59am,12,0:00am-0:59am,17,Unknown,Unknown EMS Hospital Arrival Time,1,Dark - Unlighted,Clear,1,1,['Driver'],['None_Used'],0,0,Invalid,0.0,0.0,36.0,17.0,"['Male', 'Male']",0,0,5,4,5,Dry,Straight,Level,Lowest,No
18112,26,Michigan,260363,0,1,1,0,2,DETROIT,June,3,Saturday,8,18,Urban,High Speed (Arterial),Yes,42.42146944,-83.26975556,Non-Intersection,Daylight,Clear,Unknown,Unknown,Unknown EMS Scene Arrival Hour,Unknown EMS Scene Arrival Minutes,Not Applicable (Not Transported),Not Applicable (Not Transported),2,Daylight,Clear,2,0,"['Driver', 'Front_Passenger']","['None_Used', 'Shoulder_Lapbelt']",0,0,Invalid,0.0,0.0,41.0,41.0,['Female'],2,0,2,4,3,Dry,Straight,Level,Lowest,No
18113,26,Michigan,260364,0,2,2,0,2,YPSILANTI,June,7,Wednesday,7,35,Urban,High Speed (Arterial),Yes,42.24706667,-83.63504444,Simple Junction,Daylight,Clear,7:00am-7:59am,18,7:00am-7:59am,30,Unknown,Unknown EMS Hospital Arrival Time,1,Daylight,Clear,1,1,['Driver'],['None_Used'],0,0,Valid,3.0,1.0,29.0,26.0,"['Male', 'Female']",1,0,2,4,5,Dry,Straight,Level,Lowest,No
18114,26,Michigan,260365,0,1,1,0,2,NOT APPLICABLE,June,8,Thursday,16,17,Rural,Medium Speed (Collector),No,45.32343611,-84.56896944,Non-Intersection,Daylight,Clear,4:00pm-4:59pm,18,4:00pm-4:59pm,27,Not Applicable (Not Transported),Not Applicable (Not Transported),1,Daylight,Clear,1,1,['Driver'],['None_Used'],1,1,Valid,0.0,0.0,60.0,60.0,['Male'],2,0,3,4,3,Dry,Curve,Grade/Hillcrest,Lowest,No
18115,26,Michigan,260366,0,1,1,0,1,NOT APPLICABLE,June,13,Tuesday,0,40,Urban,Medium Speed (Collector),No,44.72461667,-85.51564167,Non-Intersection,Dark - Not Lighted,Clear,0:00am-0:59am,51,0:00am-0:59am,57,Not Applicable (Not Transported),Not Applicable (Not Transported),1,Dark - Unlighted,Clear,1,0,['Driver'],['None_Used'],1,1,Valid,0.0,0.0,34.0,34.0,['Female'],1,0,3,4,3,Dry,Curve,Grade/Hillcrest,Lowest,No
18116,26,Michigan,260367,1,2,1,1,1,HARPER WOODS,June,13,Tuesday,22,20,Urban,High Speed (Arterial),Yes,42.44638056,-82.91693333,Non-Intersection,Daylight,Clear,10:00pm-10:59pm,26,10:00pm-10:59pm,28,Not Applicable (Not Transported),Not Applicable (Not Transported),1,Daylight,Clear,0,1,[],[],1,1,Valid,2.0,1.0,25.0,25.0,['Female'],0,0,2,4,4,Wet/Standing Water,Straight,Level,Lowest,No
18117,26,Michigan,260368,0,1,1,0,1,DETROIT,June,7,Wednesday,4,0,Urban,Low Speed (Local),No,42.41508056,-82.966975,Non-Intersection,Dark - Lighted,Clear,Unknown,Unknown,Unknown EMS Scene Arrival Hour,Unknown EMS Scene Arrival Minutes,Unknown,Unknown EMS Hospital Arrival Time,1,Dark - Lighted,Clear,1,0,['Driver'],['Shoulder_Lapbelt'],0,0,Invalid,0.0,0.0,20.0,20.0,['Female'],1,0,2,4,3,Dry,Straight,Level,Lowest,No
18118,26,Michigan,260369,0,2,2,0,3,NOT APPLICABLE,June,13,Tuesday,18,40,Rural,High Speed (Arterial),Yes,42.19879444,-85.96733611,Non-Intersection,Daylight,Rain,Unknown,Unknown,Unknown EMS Scene Arrival Hour,Unknown EMS Scene Arrival Minutes,Unknown,Unknown EMS Hospital Arrival Time,1,Daylight,Rain/Wind/Minor,1,2,['Front_Passenger'],['Shoulder_Lapbelt'],0,0,Valid,1.0,0.0,50.0,20.0,"['Male', 'Male']",2,0,4,4,5,Wet/Standing Water,Straight,Level,Lowest,No
18119,26,Michigan,260370,0,2,2,0,3,NOT APPLICABLE,June,18,Sunday,14,40,Rural,Medium Speed (Collector),No,43.93944444,-83.96658889,Complex/Circle,Daylight,Clear,2:00pm-2:59pm,42,2:00pm-2:59pm,49,Unknown,Unknown EMS Hospital Arrival Time,3,Daylight,Clear,3,0,"['Driver', 'Driver', 'Front_Passenger']","['None_Used', 'Shoulder_Lapbelt', 'Shoulder_Lapbelt']",0,0,Valid,2.0,1.0,78.0,24.0,"['Male', 'Female']",1,0,5,4,5,Dry,Straight,Level,Lowest,No
18120,26,Michigan,260371,0,2,2,0,4,ROMULUS,June,18,Sunday,21,5,Urban,High Speed (Arterial),Yes,42.22760833,-83.38713889,Non-Intersection,Dusk,Clear,9:00pm-9:59pm,12,9:00pm-9:59pm,17,Not Applicable (Not Transported),Not Applicable (Not Transported),1,Twilight,Clear,1,3,['Driver'],['None_Used'],0,0,Valid,0.0,1.0,31.0,25.0,"['Male', 'Female']",0,0,5,4,5,Dry,Straight,Level,Lowest,No
18121,26,Michigan,260372,1,2,2,0,2,GRAND RAPIDS,June,4,Sunday,1,25,Urban,High Speed (Arterial),Yes,42.91284444,-85.65684444,Complex/Circle,Dark - Lighted,Clear,1:00am-1:59am,19,Unknown EMS Scene Arrival Hour,Unknown EMS Scene Arrival Minutes,Unknown,Unknown EMS Hospital Arrival Time,1,Dark - Lighted,Clear,0,2,[],[],1,2,Valid,1.0,2.0,74.0,23.0,"['Male', 'Male']",0,0,3,4,5,Dry,Straight,Level,Lowest,No
18122,26,Michigan,260373,0,1,1,0,1,NOT APPLICABLE,June,21,Wednesday,9,45,Rural,Low Speed (Local),No,43.76569722,-83.00813056,Non-Intersection,Daylight,Clear,9:00am-9:59am,50,9:00am-9:59am,55,Not Applicable (Not Transported),Not Applicable (Not Transported),1,Daylight,Clear,1,0,['Driver'],['Shoulder_Lapbelt'],0,0,Valid,0.0,0.0,83.0,83.0,['Female'],0,0,3,4,3,Loose/Unpaved,Straight,Level,Lowest,No
18123,26,Michigan,260374,0,2,2,0,2,NOT APPLICABLE,June,21,Wednesday,17,25,Rural,Medium Speed (Collector),No,42.09368611,-83.40224722,Non-Intersection,Daylight,Clear,5:00pm-5:59pm,25,5:00pm-5:59pm,33,Not Applicable (Not Transported),Not Applicable (Not Transported),1,Daylight,Clear,1,1,['Driver'],['Shoulder_Lapbelt'],0,0,Valid,1.0,2.0,58.0,56.0,"['Male', 'Male']",0,0,4,4,5,Dry,Straight,Level,Lowest,No
18124,26,Michigan,260375,0,4,4,0,4,NOT APPLICABLE,June,23,Friday,13,40,Urban,High Speed (Arterial),Yes,42.26450556,-84.73391111,Non-Intersection,Daylight,Cloudy,1:00pm-1:59pm,41,1:00pm-1:59pm,50,Not Applicable (Not Transported),Not Applicable (Not Transported),1,Daylight,Reduced Visibility,1,3,['Driver'],['Shoulder_Lapbelt'],0,0,Valid,0.0,0.0,55.0,29.0,"['Male', 'Male', 'Male', 'Male']",0,0,4,4,5,Dry,Straight,Level,Lowest,No
18125,26,Michigan,260376,0,2,2,0,3,NOT APPLICABLE,June,20,Tuesday,17,23,Rural,High Speed (Arterial),Yes,45.42247778,-84.82729722,Non-Intersection,Daylight,Clear,5:00pm-5:59pm,24,5:00pm-5:59pm,29,Unknown,Unknown EMS Hospital Arrival Time,1,Daylight,Clear,1,2,['Driver'],['None_Used'],1,1,Valid,3.0,1.0,68.0,53.0,"['Male', 'Male']",0,0,5,4,5,Dry,Straight,Level,Lowest,No