,State_Code,State_Name,Crash_ID,Count_Non_Motorists,Count_Vehicles_Total,Count_Vehicle_Forms,Count_PVH_Involved,Count_Occupants_MV,City_Name,Month_Name,Day_of_Month,Day_of_Week,Crash_Hour,Crash_Minute,Area_Rural_Urban,Road_Functional_Class,On_NHS_Road,Latitude,Longitude,Intersection_Type,Light_Condition,Weather_Condition,Notif_Hour,Notif_Minute,Arrival_Hour,Arrival_Minute,Hospital_Hour,Hospital_Minute,Fatalities_Count,Clean_Light_Condition,Clean_Weather_Condition,Total_Killed,Total_Alive,Fatal_Seats_List,Killed_Restraint_List,Any_Driver_Drinking,Total_Drinking_Drivers,Driver_License_Category,Driver_Max_Prev_Accident_Count,Driver_Max_Prev_Speeding_Count,Max_Driver_Age,Min_Driver_Age,Driver_Sex_List,Total_Exceeding_Limit_Vehicles,Total_Too_Fast_Vehicles,Max_Vehicle_Type_Severity_5,Max_Vehicle_Damage_Rank,Max_Harmful_Event_Severity,Crash_Road_Surface_Condition,Crash_Horizontal_Alignment,Crash_Vertical_Profile,Crash_Impairment_Category,Crash_Vehicle_Defect
18126,26,Michigan,260377,0,1,1,0,2,NOT APPLICABLE,June,20,Tuesday,14,30,Rural,High Speed (Arterial),Yes,42.70381944,-86.16738333,Non-Intersection,Daylight,Clear,Unknown,Unknown,Unknown EMS Scene Arrival Hour,Unknown EMS Scene Arrival Minutes,Unknown,Unknown EMS Hospital Arrival Time,1,Daylight,Clear,1,1,['Front_Passenger'],['None_Used'],0,0,Valid,3.0,1.0,32.0,32.0,['Male'],0,0,3,4,3,Dry,Straight,Level,Lowest,Yes
18127,26,Michigan,260378,0,2,2,0,8,FLINT,June,13,Tuesday,19,57,Urban,High Speed (Arterial),Yes,43.03322222,-83.63543333,Complex/Circle,Daylight,Clear,7:00pm-7:59pm,58,8:00pm-8:59pm,0,Unknown,Unknown EMS Hospital Arrival Time,1,Daylight,Clear,1,7,['Driver'],['Shoulder_Lapbelt'],0,0,Valid,0.0,1.0,64.0,23.0,"['Male', 'Male']",0,0,3,4,5,Wet/Standing Water,Straight,Level,Lowest,No
18128,26,Michigan,260379,0,1,1,0,1,NOT APPLICABLE,June,24,Saturday,17,49,Rural,Low Speed (Local),No,44.08910556,-84.75874167,Non-Intersection,Daylight,Clear,5:00pm-5:59pm,51,5:00pm-5:59pm,57,Not Applicable (Not Transported),Not Applicable (Not Transported),1,Daylight,Clear,1,0,['Driver'],['None_Used'],1,1,Valid,0.0,0.0,36.0,36.0,['Male'],0,0,5,0,3,Loose/Unpaved,Straight,Level,Lowest,No
18129,26,Michigan,260380,0,1,1,0,2,NOT APPLICABLE,June,25,Sunday,6,7,Rural,Low Speed (Local),No,43.20149167,-83.2243,Non-Intersection,Dawn,Cloudy,6:00am-6:59am,10,6:00am-6:59am,16,Unknown,Unknown EMS Hospital Arrival Time,1,Twilight,Reduced Visibility,1,1,['Front_Passenger'],['None_Used'],1,1,Valid,2.0,0.0,22.0,22.0,['Female'],0,0,3,4,3,Loose/Unpaved,Straight,Grade/Hillcrest,Lowest,No
18130,26,Michigan,260381,1,1,1,0,3,DETROIT,June,17,Saturday,14,8,Urban,Low Speed (Local),No,42.35233889,-83.24065556,Non-Intersection,Daylight,Clear,Unknown,Unknown,Unknown EMS Scene Arrival Hour,Unknown EMS Scene Arrival Minutes,Unknown,Unknown EMS Hospital Arrival Time,1,Daylight,Clear,0,3,[],[],0,0,Valid,1.0,0.0,19.0,19.0,['Female'],0,0,2,1,4,Dry,Straight,Level,Lowest,No
18131,26,Michigan,260382,0,2,2,0,2,NOT APPLICABLE,June,22,Thursday,14,29,Rural,Medium Speed (Collector),No,43.25727222,-84.964625,Non-Intersection,Daylight,Clear,2:00pm-2:59pm,27,2:00pm-2:59pm,38,Not Applicable (Not Transported),Not Applicable (Not Transported),2,Daylight,Clear,2,0,"['Driver', 'Driver']","['Shoulder_Lapbelt', 'None_Used']",0,0,Valid,0.0,0.0,69.0,58.0,"['Female', 'Male']",0,0,3,4,5,Dry,Straight,Level,Lowest,No
18132,26,Michigan,260383,0,1,1,0,1,NOT APPLICABLE,June,18,Sunday,17,54,Rural,High Speed (Arterial),Yes,45.29291944,-84.94675833,Non-Intersection,Daylight,Clear,5:00pm-5:59pm,57,6:00pm-6:59pm,5,Unknown,Unknown EMS Hospital Arrival Time,1,Daylight,Clear,1,0,['Driver'],['None_Used'],0,0,Valid,1.0,0.0,37.0,37.0,['Male'],0,0,5,4,1,Dry,Straight,Level,Lowest,No
18133,26,Michigan,260384,0,2,2,0,2,NOT APPLICABLE,June,24,Saturday,13,39,Rural,Medium Speed (Collector),No,42.91661667,-83.14343333,Complex/Circle,Daylight,Clear,1:00pm-1:59pm,42,1:00pm-1:59pm,59,Not Applicable (Not Transported),Not Applicable (Not Transported),1,Daylight,Clear,1,1,['Driver'],['Shoulder_Lapbelt'],0,0,Valid,2.0,0.0,73.0,34.0,"['Female', 'Male']",0,0,3,4,5,Dry,Straight,Level,Lowest,No
18134,26,Michigan,260385,0,2,2,0,2,BURTON,June,14,Wednesday,5,48,Urban,High Speed (Arterial),Yes,42.97720833,-83.65301944,Non-Intersection,Dawn,Clear,Unknown,Unknown,Unknown EMS Scene Arrival Hour,Unknown EMS Scene Arrival Minutes,Not Applicable (Not Transported),Not Applicable (Not Transported),1,Twilight,Clear,1,1,['Driver'],['None_Used'],0,0,Invalid,0.0,0.0,35.0,20.0,"['Male', 'Female']",0,0,3,4,5,Dry,Straight,Level,Lowest,No
18135,26,Michigan,260386,1,1,1,0,1,DETROIT,June,12,Monday,5,45,Urban,High Speed (Arterial),Yes,42.42514444,-82.98438333,Non-Intersection,Daylight,Clear,Unknown,Unknown,Unknown EMS Scene Arrival Hour,Unknown EMS Scene Arrival Minutes,Not Applicable (Not Transported),Not Applicable (Not Transported),1,Daylight,Clear,0,1,[],[],0,0,Valid,1.0,0.0,56.0,56.0,['Female'],0,0,3,4,4,Dry,Straight,Level,Lowest,No
18136,26,Michigan,260387,0,2,2,0,2,NOT APPLICABLE,June,16,Friday,16,11,Rural,Medium Speed (Collector),No,42.85713333,-85.19354167,Complex/Circle,Daylight,Clear,Unknown,Unknown if Notified,Unknown EMS Scene Arrival Hour,Unknown if Arrived,Not Applicable (Not Transported),Not Applicable (Not Transported),1,Daylight,Clear,1,1,['Driver'],['None_Used'],0,0,Valid,0.0,0.0,26.0,19.0,"['Female', 'Male']",0,0,2,4,5,Dry,Straight,Level,Lowest,No
18137,26,Michigan,260388,0,1,1,0,1,NOT APPLICABLE,June,15,Thursday,18,49,Rural,Medium Speed (Collector),No,44.38099167,-86.24122222,Non-Intersection,Daylight,Clear,Unknown,Unknown,Unknown EMS Scene Arrival Hour,Unknown EMS Scene Arrival Minutes,Unknown,Unknown EMS Hospital Arrival Time,1,Daylight,Clear,1,0,['Driver'],['None_Used'],1,1,Valid,0.0,0.0,79.0,79.0,['Female'],0,0,3,4,3,Dry,Curve,Level,Lowest,No
18138,26,Michigan,260389,0,1,1,0,2,NOT APPLICABLE,June,16,Friday,19,46,Urban,Medium Speed (Collector),No,42.63067778,-82.82809444,Non-Intersection,Daylight,Clear,Unknown,Unknown,Unknown EMS Scene Arrival Hour,Unknown EMS Scene Arrival Minutes,Unknown,Unknown EMS Hospital Arrival Time,1,Daylight,Clear,1,1,['Front_Passenger'],['Shoulder_Lapbelt'],0,0,Valid,1.0,0.0,59.0,59.0,['Male'],2,0,3,4,3,Dry,Straight,Level,Lowest,No
18139,26,Michigan,260390,0,2,2,0,3,NOT APPLICABLE,June,18,Sunday,13,58,Urban,Medium Speed (Collector),No,43.19032778,-86.15689444,Non-Intersection,Daylight,Clear,Unknown,Unknown,Unknown EMS Scene Arrival Hour,Unknown EMS Scene Arrival Minutes,Unknown,Unknown EMS Hospital Arrival Time,2,Daylight,Clear,2,1,"['Driver', 'Rear_Seat']","['None_Used', 'None_Used']",0,0,Valid,2.0,0.0,64.0,32.0,"['Female', 'Male']",0,0,5,4,5,Dry,Straight,Level,Lowest,No
18140,26,Michigan,260391,0,2,2,0,2,NOT APPLICABLE,June,19,Monday,23,21,Rural,Medium Speed (Collector),No,42.30833333,-86.06510278,Non-Intersection,Dark - Not Lighted,Clear,Unknown,Unknown,Unknown EMS Scene Arrival Hour,Unknown EMS Scene Arrival Minutes,Not Applicable (Not Transported),Not Applicable (Not Transported),1,Dark - Unlighted,Clear,1,1,['Driver'],['None_Used'],1,1,Valid,0.0,6.0,58.0,24.0,"['Female', 'Male']",1,0,5,4,5,Dry,Curve,Level,Lowest,No
18141,26,Michigan,260392,0,1,1,0,4,NOT APPLICABLE,June,20,Tuesday,22,1,Rural,Low Speed (Local),No,42.86550278,-84.32468333,Non-Intersection,Dark - Lighted,Clear,10:00pm-10:59pm,2,10:00pm-10:59pm,5,Unknown,Unknown EMS Hospital Arrival Time,2,Dark - Lighted,Clear,2,2,"['Driver', 'Rear_Seat']","['None_Used', 'None_Used']",0,0,Valid,0.0,0.0,16.0,16.0,['Male'],4,0,3,4,3,Loose/Unpaved,Straight,Level,Lowest,Yes
18142,26,Michigan,260393,0,2,2,0,2,DETROIT,June,16,Friday,15,50,Urban,High Speed (Arterial),Yes,42.40631667,-83.07563333,Non-Intersection,Daylight,Clear,Unknown,Unknown,Unknown EMS Scene Arrival Hour,Unknown EMS Scene Arrival Minutes,Unknown,Unknown EMS Hospital Arrival Time,1,Daylight,Clear,1,1,['Driver'],['Shoulder_Lapbelt'],0,0,Valid,0.0,0.0,63.0,34.0,"['Male', 'Male']",0,0,3,4,5,Dry,Straight,Level,Lowest,Yes
18143,26,Michigan,260394,1,1,1,0,1,NOT APPLICABLE,June,23,Friday,12,10,Urban,Medium Speed (Collector),No,42.90741944,-85.87255,Complex/Circle,Daylight,Cloudy,12:00pm-12:59pm,11,12:00pm-12:59pm,13,Unknown,Unknown EMS Hospital Arrival Time,1,Daylight,Reduced Visibility,0,1,[],[],0,0,Valid,0.0,0.0,58.0,58.0,['Male'],0,0,3,1,4,Dry,Straight,Level,Lowest,No
18144,26,Michigan,260395,1,1,1,0,2,NOT APPLICABLE,June,24,Saturday,18,8,Urban,Medium Speed (Collector),No,44.32335556,-84.63200833,Non-Intersection,Daylight,Clear,Unknown,Unknown,Unknown EMS Scene Arrival Hour,Unknown EMS Scene Arrival Minutes,Not Applicable (Not Transported),Not Applicable (Not Transported),1,Daylight,Clear,0,2,[],[],0,0,Invalid,4.0,0.0,31.0,31.0,['Male'],2,0,3,3,4,Dry,Curve,Level,Medium,No
18145,26,Michigan,260396,0,1,1,0,1,KALAMAZOO,June,25,Sunday,8,0,Urban,High Speed (Arterial),Yes,42.26928611,-85.57164167,Non-Intersection,Dark - Lighted,Rain,Unknown,Unknown,Unknown EMS Scene Arrival Hour,Unknown EMS Scene Arrival Minutes,Unknown,Unknown EMS Hospital Arrival Time,1,Dark - Lighted,Rain/Wind/Minor,1,0,['Driver'],['Shoulder_Lapbelt'],1,1,Invalid,1.0,0.0,64.0,64.0,['Male'],0,0,3,4,3,Wet/Standing Water,Straight,Level,Lowest,No
18146,26,Michigan,260397,0,1,1,0,1,NOT APPLICABLE,June,27,Tuesday,6,13,Rural,Medium Speed (Collector),No,43.43162222,-84.64697778,Non-Intersection,Dawn,Cloudy,6:00am-6:59am,13,Unknown EMS Scene Arrival Hour,Unknown if Arrived,Not Applicable (Not Transported),Not Applicable (Not Transported),1,Twilight,Reduced Visibility,1,0,['Driver'],['Shoulder_Lapbelt'],0,0,Valid,0.0,0.0,20.0,20.0,['Male'],0,0,2,4,3,Wet/Standing Water,Straight,Level,Lowest,No
18147,26,Michigan,260398,0,1,1,0,1,NOT APPLICABLE,June,18,Sunday,17,41,Urban,Low Speed (Local),No,44.29130833,-84.67826944,Non-Intersection,Daylight,Clear,Unknown,Unknown,Unknown EMS Scene Arrival Hour,Unknown EMS Scene Arrival Minutes,Unknown,Unknown EMS Hospital Arrival Time,1,Daylight,Clear,1,0,['Driver'],['Shoulder_Lapbelt'],1,1,Invalid,0.0,0.0,35.0,35.0,['Female'],0,0,3,4,3,Dry,Straight,Level,Lowest,No
18148,26,Michigan,260399,0,1,1,0,1,NOT APPLICABLE,June,25,Sunday,21,24,Urban,Low Speed (Local),No,43.38375556,-83.94661667,Non-Intersection,Daylight,Rain,Unknown,Unknown,Unknown EMS Scene Arrival Hour,Unknown EMS Scene Arrival Minutes,Not Applicable (Not Transported),Not Applicable (Not Transported),1,Daylight,Rain/Wind/Minor,1,0,['Driver'],['None_Used'],0,0,Valid,0.0,0.0,33.0,33.0,['Male'],0,0,2,4,3,Wet/Standing Water,Straight,Level,Lowest,No
18149,26,Michigan,260400,0,2,2,0,3,NOT APPLICABLE,June,23,Friday,15,9,Rural,Medium Speed (Collector),No,43.87532778,-86.21773056,Complex/Circle,Daylight,Cloudy,Unknown,Unknown,Unknown EMS Scene Arrival Hour,Unknown EMS Scene Arrival Minutes,Unknown,Unknown EMS Hospital Arrival Time,1,Daylight,Reduced Visibility,1,2,['Front_Passenger'],['Shoulder_Lapbelt'],0,0,Valid,2.0,0.0,78.0,26.0,"['Female', 'Female']",0,0,3,4,5,Dry,Straight,Level,Lowest,No
18150,26,Michigan,260401,0,1,1,0,1,REDFORD TOWNSHIP,June,1,Thursday,13,45,Urban,High Speed (Arterial),Yes,42.38574722,-83.268125,Non-Intersection,Daylight,Clear,Unknown,Unknown,Unknown EMS Scene Arrival Hour,Unknown EMS Scene Arrival Minutes,Unknown,Unknown EMS Hospital Arrival Time,1,Daylight,Clear,1,0,['Driver'],['Shoulder_Lapbelt'],0,0,Valid,3.0,1.0,66.0,66.0,['Male'],0,0,4,4,3,Dry,Straight,Level,Lowest,No
18151,26,Michigan,260402,0,2,2,0,3,NOT APPLICABLE,June,29,Thursday,11,20,Rural,Medium Speed (Collector),No,43.378925,-84.48838056,Complex/Circle,Daylight,Cloudy,11:00am-11:59am,23,11:00am-11:59am,32,Unknown,Unknown EMS Hospital Arrival Time,1,Daylight,Reduced Visibility,1,2,['Driver'],['Shoulder_Lapbelt'],0,0,Valid,0.0,0.0,50.0,42.0,"['Male', 'Male']",0,0,4,4,5,Dry,Straight,Level,Lowest,No
18152,26,Michigan,260403,0,5,5,0,8,CASCO,June,27,Tuesday,8,45,Rural,High Speed (Arterial),Yes,42.76148611,-82.69650278,Non-Intersection,Daylight,Rain,8:00am-8:59am,55,8:00am-8:59am,59,Unknown,Unknown EMS Hospital Arrival Time,2,Daylight,Rain/Wind/Minor,2,6,"['Driver', 'Rear_Seat']","['None_Used', 'None_Used']",0,0,Valid,1.0,0.0,68.0,29.0,"['Male', 'Female', 'Male', 'Male', 'Male']",1,0,3,4,5,Wet/Standing Water,Straight,Level,Lowest,No
18153,26,Michigan,260404,0,2,2,0,5,NOT APPLICABLE,June,30,Friday,22,38,Rural,Low Speed (Local),No,41.78034167,-85.63031111,Non-Intersection,Dark - Not Lighted,Cloudy,10:00pm-10:59pm,40,10:00pm-10:59pm,50,Unknown,Unknown EMS Hospital Arrival Time,2,Dark - Unlighted,Reduced Visibility,2,3,"['Rear_Seat', 'Front_Passenger']","['None_Used', 'None_Used']",1,2,Valid,1.0,0.0,23.0,18.0,"['Male', 'Male']",4,0,3,4,5,Wet/Standing Water,Curve,Level,Lowest,No
18154,26,Michigan,260405,0,2,2,0,2,LUDINGTON,June,30,Friday,16,30,Urban,Medium Speed (Collector),No,43.97020833,-86.446625,Simple Junction,Daylight,Clear,Unknown,Unknown,Unknown EMS Scene Arrival Hour,Unknown EMS Scene Arrival Minutes,Unknown,Unknown EMS Hospital Arrival Time,1,Daylight,Clear,1,1,['Driver'],['None_Used'],0,0,Valid,1.0,0.0,80.0,35.0,"['Male', 'Male']",0,0,5,3,5,Dry,Straight,Level,Lowest,No
18155,26,Michigan,260406,0,2,2,0,2,NOT APPLICABLE,June,14,Wednesday,10,7,Urban,High Speed (Arterial),Yes,42.46839722,-83.75604444,Non-Intersection,Daylight,Clear,10:00am-10:59am,8,10:00am-10:59am,19,Not Applicable (Not Transported),Not Applicable (Not Transported),1,Daylight,Clear,1,1,['Driver'],['None_Used'],0,0,Valid,1.0,1.0,63.0,41.0,"['Male', 'Male']",0,0,5,4,5,Dry,Straight,Level,Lowest,No
18156,26,Michigan,260407,0,3,3,0,4,NOT APPLICABLE,June,28,Wednesday,13,40,Urban,Medium Speed (Collector),No,42.72123333,-82.72003333,Non-Intersection,Daylight,Clear,1:00pm-1:59pm,40,1:00pm-1:59pm,45,Unknown,Unknown EMS Hospital Arrival Time,1,Daylight,Clear,1,3,['Driver'],['Shoulder_Lapbelt'],0,0,Valid,0.0,0.0,76.0,46.0,"['Male', 'Male', 'Male']",0,0,4,4,5,Dry,Straight,Level,Lowest,No
18157,26,Michigan,260408,1,1,1,0,1,GALESBURG,June,27,Tuesday,14,35,Urban,Medium Speed (Collector),No,42.29244722,-85.42895,Non-Intersection,Daylight,Clear,2:00pm-2:59pm,38,2:00pm-2:59pm,41,Not Applicable (Not Transported),Not Applicable (Not Transported),1,Daylight,Clear,0,1,[],[],0,0,Valid,0.0,0.0,50.0,50.0,['Male'],0,0,3,2,4,Dry,Straight,Level,Lowest,No
18158,26,Michigan,260409,1,3,1,2,1,NOT APPLICABLE,June,20,Tuesday,16,59,Rural,Medium Speed (Collector),No,42.15129444,-83.41846389,Non-Intersection,Daylight,Clear,4:00pm-4:59pm,59,5:00pm-5:59pm,6,Unknown,Unknown EMS Hospital Arrival Time,1,Daylight,Clear,0,1,[],[],0,0,Valid,0.0,1.0,18.0,18.0,['Female'],0,0,2,4,5,Dry,Straight,Level,Lowest,No
18159,26,Michigan,260410,0,1,1,0,2,NOT APPLICABLE,June,11,Sunday,2,47,Rural,Low Speed (Local),No,42.83775278,-83.92553611,Non-Intersection,Dark - Not Lighted,Cloudy,2:00am-2:59am,47,Unknown EMS Scene Arrival Hour,Unknown EMS Scene Arrival Minutes,Unknown,Unknown EMS Hospital Arrival Time,1,Dark - Unlighted,Reduced Visibility,1,1,['Front_Passenger'],['None_Used'],1,1,Valid,0.0,0.0,34.0,34.0,['Male'],0,0,5,4,3,Loose/Unpaved,Straight,Level,Lowest,No
18160,26,Michigan,260411,0,2,2,0,3,NOT APPLICABLE,June,10,Saturday,11,23,Rural,Medium Speed (Collector),No,44.51132222,-84.70932222,Non-Intersection,Daylight,Clear,Unknown,Unknown,Unknown EMS Scene Arrival Hour,Unknown EMS Scene Arrival Minutes,Unknown,Unknown EMS Hospital Arrival Time,2,Daylight,Clear,2,1,"['Driver', 'Front_Passenger']","['Shoulder_Lapbelt', 'Shoulder_Lapbelt']",0,0,Valid,0.0,0.0,69.0,41.0,"['Male', 'Female']",0,0,3,4,5,Dry,Straight,Level,Lowest,No
18161,26,Michigan,260412,1,2,2,0,2,"MACOMB, TOWNSHIP",June,25,Sunday,5,2,Urban,High Speed (Arterial),Yes,42.63461389,-82.858575,Non-Intersection,Dark - Lighted,"Fog, Smog, Smoke",Unknown,Unknown,Unknown EMS Scene Arrival Hour,Unknown EMS Scene Arrival Minutes,Not Applicable (Not Transported),Not Applicable (Not Transported),1,Dark - Lighted,Reduced Visibility,0,2,[],[],0,0,Valid,0.0,0.0,48.0,46.0,"['Male', 'Female']",0,0,3,2,4,Dry,Straight,Level,Lowest,No
18162,26,Michigan,260413,0,2,2,0,2,GRAND RAPIDS,June,4,Sunday,3,20,Urban,Low Speed (Local),No,42.9319,-85.68171111,Non-Intersection,Dark - Lighted,Clear,3:00am-3:59am,21,Unknown EMS Scene Arrival Hour,Unknown EMS Scene Arrival Minutes,Unknown,Unknown EMS Hospital Arrival Time,1,Dark - Lighted,Clear,1,0,['Driver'],['None_Used'],1,1,Invalid,2.0,2.0,999.0,23.0,"['Other', 'Male']",0,0,5,4,5,Dry,Straight,Level,Lowest,No
18163,26,Michigan,260414,0,2,2,0,6,NOT APPLICABLE,June,21,Wednesday,7,40,Rural,Medium Speed (Collector),No,42.55310278,-84.76835278,Complex/Circle,Daylight,Clear,Unknown,Unknown,Unknown EMS Scene Arrival Hour,Unknown EMS Scene Arrival Minutes,Unknown,Unknown EMS Hospital Arrival Time,2,Daylight,Clear,2,4,"['Driver', 'Rear_Seat']","['Shoulder_Lapbelt', 'None_Used']",0,0,Valid,1.0,0.0,42.0,30.0,"['Female', 'Male']",0,0,4,4,5,Dry,Straight,Level,Lowest,No
18164,26,Michigan,260415,1,1,1,0,2,IMLAY CITY,June,28,Wednesday,11,36,Rural,Low Speed (Local),No,43.02324444,-83.07749167,Non-Intersection,Daylight,Clear,Unknown,Unknown,Unknown EMS Scene Arrival Hour,Unknown EMS Scene Arrival Minutes,Unknown,Unknown EMS Hospital Arrival Time,1,Daylight,Clear,0,2,[],[],0,0,Valid,0.0,0.0,71.0,71.0,['Male'],0,0,3,3,4,Dry,Straight,Level,Medium,No
18165,26,Michigan,260416,0,1,1,0,1,NOT APPLICABLE,June,29,Thursday,10,46,Urban,High Speed (Arterial),Yes,42.97251944,-85.94165556,Non-Intersection,Daylight,"Fog, Smog, Smoke",10:00am-10:59am,49,10:00am-10:59am,53,Unknown,Unknown EMS Hospital Arrival Time,1,Daylight,Reduced Visibility,1,0,['Driver'],['Shoulder_Lapbelt'],0,0,Valid,8.0,0.0,49.0,49.0,['Male'],0,0,3,4,3,Dry,Straight,Level,Lowest,No
18166,26,Michigan,260417,0,1,1,0,1,CANTON TOWNSHIP,June,29,Thursday,21,11,Urban,Medium Speed (Collector),No,42.31029722,-83.50657778,Non-Intersection,Dark - Not Lighted,Clear,9:00pm-9:59pm,13,9:00pm-9:59pm,18,Unknown,Unknown EMS Hospital Arrival Time,1,Dark - Unlighted,Clear,1,0,['Driver'],['None_Used'],1,1,Invalid,0.0,0.0,53.0,53.0,['Male'],1,0,5,4,2,Dry,Straight,Level,Lowest,No
18167,26,Michigan,260418,0,1,1,0,4,HIGHLAND PARK,June,25,Sunday,16,30,Urban,Medium Speed (Collector),No,42.39885556,-83.08142222,Non-Intersection,Daylight,Clear,Unknown,Unknown,Unknown EMS Scene Arrival Hour,Unknown EMS Scene Arrival Minutes,Unknown,Unknown EMS Hospital Arrival Time,1,Daylight,Clear,1,3,['Driver'],['Shoulder_Lapbelt'],0,0,Valid,0.0,0.0,47.0,47.0,['Male'],0,0,3,4,3,Dry,Straight,Level,Medium,No
18168,26,Michigan,260419,0,1,1,0,1,NOT APPLICABLE,June,19,Monday,17,0,Rural,Low Speed (Local),No,43.70310278,-83.98085278,Non-Intersection,Daylight,Clear,5:00pm-5:59pm,2,5:00pm-5:59pm,6,Not Applicable (Not Transported),Not Applicable (Not Transported),1,Daylight,Clear,1,0,['Driver'],['None_Used'],1,1,Valid,1.0,0.0,62.0,62.0,['Male'],0,0,5,4,2,Dry,Straight,Level,Lowest,No
18169,26,Michigan,260420,1,1,1,0,2,DETROIT,June,21,Wednesday,17,0,Urban,High Speed (Arterial),Yes,42.44623611,-83.02463333,Non-Intersection,Daylight,Clear,Unknown,Unknown,Unknown EMS Scene Arrival Hour,Unknown EMS Scene Arrival Minutes,Unknown,Unknown EMS Hospital Arrival Time,1,Daylight,Clear,0,2,[],[],0,0,Valid,0.0,0.0,20.0,20.0,['Male'],2,0,2,3,4,Dry,Straight,Level,Lowest,No
18170,26,Michigan,260421,0,1,1,0,2,NOT APPLICABLE,May,21,Sunday,18,39,Rural,Low Speed (Local),No,43.1989,-83.15544722,Non-Intersection,Daylight,Clear,Unknown,Unknown,Unknown EMS Scene Arrival Hour,Unknown EMS Scene Arrival Minutes,Unknown,Unknown EMS Hospital Arrival Time,1,Daylight,Clear,1,1,['Non_Standard_Risk'],['None_Used'],1,1,Invalid,0.0,0.0,18.0,18.0,['Female'],2,0,5,4,3,Loose/Unpaved,Straight,Level,Lowest,No
18171,26,Michigan,260422,0,2,2,0,3,NOT APPLICABLE,June,16,Friday,18,45,Urban,High Speed (Arterial),Yes,43.4275,-83.89048056,Non-Intersection,Daylight,Clear,Unknown,Unknown,Unknown EMS Scene Arrival Hour,Unknown EMS Scene Arrival Minutes,Unknown,Unknown EMS Hospital Arrival Time,1,Daylight,Clear,1,2,['Driver'],['Shoulder_Lapbelt'],1,1,Valid,1.0,1.0,71.0,60.0,"['Male', 'Male']",2,0,4,4,5,Dry,Straight,Level,Lowest,No
18172,26,Michigan,260423,0,2,2,0,3,NOT APPLICABLE,June,19,Monday,14,29,Urban,Medium Speed (Collector),No,42.2838,-84.41357778,Non-Intersection,Daylight,Clear,2:00pm-2:59pm,29,2:00pm-2:59pm,31,Unknown,Unknown EMS Hospital Arrival Time,1,Daylight,Clear,1,2,['Driver'],['None_Used'],0,0,Valid,1.0,0.0,70.0,67.0,"['Male', 'Female']",0,0,5,4,5,Dry,Straight,Level,Lowest,No
18173,26,Michigan,260424,1,3,2,1,3,NOT APPLICABLE,June,28,Wednesday,0,15,Urban,High Speed (Arterial),Yes,42.74116667,-83.447575,Non-Intersection,Dark - Not Lighted,Cloudy,Unknown,Unknown,Unknown EMS Scene Arrival Hour,Unknown EMS Scene Arrival Minutes,Not Applicable (Not Transported),Not Applicable (Not Transported),1,Dark - Unlighted,Reduced Visibility,1,2,['Driver'],['None_Used'],0,0,Valid,1.0,0.0,38.0,24.0,"['Male', 'Female']",1,0,3,4,5,Dry,Straight,Level,Lowest,No
18174,26,Michigan,260425,0,2,2,0,2,TRENTON,June,23,Friday,23,52,Urban,High Speed (Arterial),Yes,42.11306944,-83.21428056,Non-Intersection,Dark - Not Lighted,Cloudy,11:00pm-11:59pm,52,11:00pm-11:59pm,58,Not Applicable (Not Transported),Not Applicable (Not Transported),1,Dark - Unlighted,Reduced Visibility,1,1,['Driver'],['None_Used'],0,0,Valid,4.0,3.0,44.0,35.0,"['Male', 'Male']",0,0,5,4,5,Dry,Straight,Level,Lowest,No
18175,26,Michigan,260426,0,1,1,0,1,PERRY,June,28,Wednesday,23,3,Rural,Low Speed (Local),No,42.82399444,-84.22028611,Non-Intersection,Dark - Not Lighted,Clear,11:00pm-11:59pm,5,11:00pm-11:59pm,10,Unknown,Unknown EMS Hospital Arrival Time,1,Dark - Unlighted,Clear,1,0,['Driver'],['None_Used'],0,0,Valid,0.0,0.0,48.0,48.0,['Male'],1,0,3,4,3,Dry,Straight,Level,Lowest,No
18176,26,Michigan,260427,0,2,2,0,5,BATTLE CREEK,June,23,Friday,18,11,Urban,High Speed (Arterial),Yes,42.30503611,-85.23861111,Non-Intersection,Daylight,Cloudy,Unknown,Unknown,Unknown EMS Scene Arrival Hour,Unknown EMS Scene Arrival Minutes,Unknown,Unknown EMS Hospital Arrival Time,1,Daylight,Reduced Visibility,1,4,['Front_Passenger'],['Shoulder_Lapbelt'],0,0,Valid,1.0,0.0,66.0,62.0,"['Male', 'Male']",0,0,3,4,5,Dry,Straight,Level,Lowest,No
18177,26,Michigan,260428,0,1,1,0,1,NOT APPLICABLE,June,30,Friday,11,41,Rural,Low Speed (Local),No,43.43557222,-84.12111944,Non-Intersection,Daylight,Cloudy,11:00am-11:59am,42,11:00am-11:59am,53,Not Applicable (Not Transported),Not Applicable (Not Transported),1,Daylight,Reduced Visibility,1,0,['Driver'],['None_Used'],0,0,Valid,1.0,1.0,70.0,70.0,['Male'],1,0,5,1,3,Dry,Straight,Level,Lowest,No
18178,26,Michigan,260429,0,1,1,0,1,NOT APPLICABLE,May,25,Thursday,5,42,Rural,Low Speed (Local),No,42.62345833,-85.29038889,Non-Intersection,Dawn,Clear,5:00am-5:59am,43,5:00am-5:59am,49,Unknown,Unknown EMS Hospital Arrival Time,1,Twilight,Clear,1,0,['Driver'],['None_Used'],0,0,Valid,0.0,0.0,72.0,72.0,['Male'],0,0,5,4,1,Dry,Straight,Level,Lowest,No