,State_Code,State_Name,Crash_ID,Count_Non_Motorists,Count_Vehicles_Total,Count_Vehicle_Forms,Count_PVH_Involved,Count_Occupants_MV,City_Name,Month_Name,Day_of_Month,Day_of_Week,Crash_Hour,Crash_Minute,Area_Rural_Urban,Road_Functional_Class,On_NHS_Road,Latitude,Longitude,Intersection_Type,Light_Condition,Weather_Condition,Notif_Hour,Notif_Minute,Arrival_Hour,Arrival_Minute,Hospital_Hour,Hospital_Minute,Fatalities_Count,Clean_Light_Condition,Clean_Weather_Condition,Total_Killed,Total_Alive,Fatal_Seats_List,Killed_Restraint_List,Any_Driver_Drinking,Total_Drinking_Drivers,Driver_License_Category,Driver_Max_Prev_Accident_Count,Driver_Max_Prev_Speeding_Count,Max_Driver_Age,Min_Driver_Age,Driver_Sex_List,Total_Exceeding_Limit_Vehicles,Total_Too_Fast_Vehicles,Max_Vehicle_Type_Severity_5,Max_Vehicle_Damage_Rank,Max_Harmful_Event_Severity,Crash_Road_Surface_Condition,Crash_Horizontal_Alignment,Crash_Vertical_Profile,Crash_Impairment_Category,Crash_Vehicle_Defect
18179,26,Michigan,260430,0,1,1,0,1,NOT APPLICABLE,June,18,Sunday,17,8,Rural,Medium Speed (Collector),No,43.12049722,-82.61356944,Non-Intersection,Daylight,Clear,5:00pm-5:59pm,13,5:00pm-5:59pm,17,Unknown,Unknown EMS Hospital Arrival Time,1,Daylight,Clear,1,0,['Driver'],['None_Used'],0,0,Valid,1.0,0.0,66.0,66.0,['Male'],0,0,5,4,3,Dry,Curve,Level,Lowest,No
18180,26,Michigan,260431,0,2,2,0,2,DETROIT,June,20,Tuesday,0,4,Urban,High Speed (Arterial),Yes,42.371675,-83.25895278,Complex/Circle,Dark - Lighted,Clear,Unknown,Unknown,Unknown EMS Scene Arrival Hour,Unknown EMS Scene Arrival Minutes,Not Applicable (Not Transported),Not Applicable (Not Transported),1,Dark - Lighted,Clear,1,1,['Driver'],['None_Used'],1,1,Valid,1.0,0.0,35.0,28.0,"['Male', 'Male']",0,0,5,4,5,Dry,Straight,Level,Lowest,No
18181,26,Michigan,260432,0,2,2,0,2,NOT APPLICABLE,June,29,Thursday,18,2,Urban,High Speed (Arterial),Yes,42.25475278,-84.4477,Complex/Circle,Daylight,Clear,6:00pm-6:59pm,4,6:00pm-6:59pm,7,Unknown,Unknown EMS Hospital Arrival Time,1,Daylight,Clear,1,1,['Driver'],['Shoulder_Lapbelt'],0,0,Valid,1.0,0.0,90.0,59.0,"['Male', 'Female']",0,0,3,4,5,Dry,Straight,Level,Lowest,No
18182,26,Michigan,260433,1,1,1,0,1,HOLLAND,June,18,Sunday,11,44,Urban,High Speed (Arterial),Yes,42.78939722,-86.11190278,Complex/Circle,Daylight,Clear,11:00am-11:59am,45,11:00am-11:59am,48,Unknown,Unknown EMS Hospital Arrival Time,1,Daylight,Clear,0,1,[],[],0,0,Valid,3.0,0.0,81.0,81.0,['Female'],0,0,3,1,4,Dry,Straight,Grade/Hillcrest,Lowest,No
18183,26,Michigan,260434,0,1,1,0,1,NOT APPLICABLE,June,23,Friday,15,35,Rural,Medium Speed (Collector),No,41.885225,-83.82559167,Non-Intersection,Daylight,Rain,3:00pm-3:59pm,37,3:00pm-3:59pm,51,Unknown,Unknown EMS Hospital Arrival Time,1,Daylight,Rain/Wind/Minor,1,0,['Driver'],['Shoulder_Lapbelt'],0,0,Valid,0.0,0.0,25.0,25.0,['Female'],0,0,2,4,2,Wet/Standing Water,Curve,Level,Lowest,No
18184,26,Michigan,260435,0,4,4,0,5,STERLING HEIGHTS,June,4,Sunday,15,44,Urban,Medium Speed (Collector),No,42.55168611,-83.00990833,Complex/Circle,Daylight,Clear,3:00pm-3:59pm,45,3:00pm-3:59pm,50,Unknown,Unknown EMS Hospital Arrival Time,1,Daylight,Clear,1,4,['Driver'],['Shoulder_Lapbelt'],0,0,Valid,1.0,1.0,87.0,26.0,"['Male', 'Female', 'Female', 'Male']",0,0,3,4,5,Dry,Straight,Level,Lowest,No
18185,26,Michigan,260436,1,2,2,0,1,NOT APPLICABLE,March,30,Thursday,8,1,Urban,Medium Speed (Collector),No,45.34119167,-84.97209167,Non-Intersection,Dawn,Clear,8:00am-8:59am,1,8:00am-8:59am,6,Unknown,Unknown EMS Hospital Arrival Time,1,Twilight,Clear,0,1,[],[],0,0,Valid,1.0,0.0,47.0,47.0,['Male'],0,0,4,4,5,Dry,Straight,Grade/Hillcrest,Lowest,No
18186,26,Michigan,260437,0,2,2,0,2,NOT APPLICABLE,May,1,Monday,10,20,Rural,Medium Speed (Collector),No,42.658825,-85.35735278,Complex/Circle,Daylight,Cloudy,10:00am-10:59am,22,10:00am-10:59am,32,Unknown,Unknown EMS Hospital Arrival Time,1,Daylight,Reduced Visibility,1,1,['Driver'],['Shoulder_Lapbelt'],0,0,Invalid,0.0,0.0,48.0,41.0,"['Male', 'Female']",0,0,3,4,5,Wet/Standing Water,Straight,Grade/Hillcrest,Lowest,No
18187,26,Michigan,260438,0,1,1,0,1,GRAND RAPIDS,May,17,Wednesday,0,28,Urban,High Speed (Arterial),Yes,42.97188333,-85.66806111,Non-Intersection,Dark - Lighted,Cloudy,Unknown,Unknown,Unknown EMS Scene Arrival Hour,Unknown EMS Scene Arrival Minutes,Not Applicable (Not Transported),Not Applicable (Not Transported),1,Dark - Lighted,Reduced Visibility,1,0,['Driver'],['None_Used'],1,1,Valid,2.0,0.0,28.0,28.0,['Male'],1,0,5,4,2,Dry,Curve,Level,Lowest,No
18188,26,Michigan,260439,1,1,1,0,2,NOT APPLICABLE,June,19,Monday,23,11,Urban,Low Speed (Local),No,43.07891111,-83.66872222,Non-Intersection,Dark - Lighted,Cloudy,Unknown,Unknown,Unknown EMS Scene Arrival Hour,Unknown EMS Scene Arrival Minutes,Not Applicable (Not Transported),Not Applicable (Not Transported),1,Dark - Lighted,Reduced Visibility,0,2,[],[],0,0,Valid,0.0,0.0,58.0,58.0,['Female'],2,0,3,3,4,Dry,Straight,Level,Lowest,No
18189,26,Michigan,260440,0,1,1,0,3,NOT APPLICABLE,June,16,Friday,19,3,Rural,Medium Speed (Collector),No,43.50779167,-86.36178611,Non-Intersection,Daylight,Clear,7:00pm-7:59pm,3,7:00pm-7:59pm,15,Unknown,Unknown EMS Hospital Arrival Time,1,Daylight,Clear,1,2,['Front_Passenger'],['Shoulder_Lapbelt'],0,0,Valid,0.0,0.0,61.0,61.0,['Male'],0,0,2,4,3,Dry,Straight,Level,Medium,No
18190,26,Michigan,260441,3,1,1,0,1,FLINT,June,18,Sunday,21,45,Urban,Medium Speed (Collector),No,43.03321111,-83.71310278,Complex/Circle,Dark - Lighted,Clear,9:00pm-9:59pm,45,9:00pm-9:59pm,49,Unknown,Unknown EMS Hospital Arrival Time,1,Dark - Lighted,Clear,0,0,[],[],0,0,Invalid,0.0,0.0,999.0,999.0,['Other'],0,0,3,0,4,Dry,Straight,Level,Lowest,No
18191,26,Michigan,260442,0,2,2,0,2,WYOMING,July,1,Saturday,2,7,Urban,High Speed (Arterial),Yes,42.86952778,-85.66418889,Simple Junction,Dark - Lighted,Clear,Unknown,Unknown,Unknown EMS Scene Arrival Hour,Unknown EMS Scene Arrival Minutes,Unknown,Unknown EMS Hospital Arrival Time,1,Dark - Lighted,Clear,1,1,['Driver'],['None_Used'],1,1,Valid,3.0,0.0,66.0,29.0,"['Male', 'Male']",0,0,5,3,5,Dry,Straight,Level,Lowest,No
18192,26,Michigan,260443,0,2,2,0,3,NOT APPLICABLE,July,3,Monday,18,32,Rural,Medium Speed (Collector),No,44.77228611,-85.21245833,Complex/Circle,Daylight,Clear,6:00pm-6:59pm,33,6:00pm-6:59pm,41,Unknown,Unknown EMS Hospital Arrival Time,1,Daylight,Clear,1,2,['Driver'],['None_Used'],0,0,Valid,1.0,0.0,43.0,29.0,"['Male', 'Male']",0,0,5,4,5,Dry,Straight,Level,Lowest,No
18193,26,Michigan,260444,1,1,1,0,1,DETROIT,July,1,Saturday,23,38,Urban,High Speed (Arterial),Yes,42.33116667,-83.108625,Non-Intersection,Dark - Not Lighted,Rain,Unknown,Unknown,Unknown EMS Scene Arrival Hour,Unknown EMS Scene Arrival Minutes,Not Applicable (Not Transported),Not Applicable (Not Transported),1,Dark - Unlighted,Rain/Wind/Minor,0,0,[],[],0,0,Invalid,0.0,0.0,999.0,999.0,['Other'],1,0,1,0,4,Wet/Standing Water,Straight,Level,Lowest,No
18194,26,Michigan,260445,0,1,1,0,1,NOT APPLICABLE,July,4,Tuesday,20,25,Urban,Medium Speed (Collector),No,42.88633333,-84.88633889,Non-Intersection,Daylight,Clear,8:00pm-8:59pm,26,8:00pm-8:59pm,28,Unknown,Unknown EMS Hospital Arrival Time,1,Daylight,Clear,1,0,['Driver'],['Shoulder_Lapbelt'],0,0,Valid,0.0,0.0,67.0,67.0,['Male'],0,0,3,4,3,Dry,Curve,Level,Lowest,No
18195,26,Michigan,260446,0,1,1,0,12,NOT APPLICABLE,July,6,Thursday,6,35,Urban,High Speed (Arterial),Yes,42.66575278,-84.28343056,Non-Intersection,Daylight,Rain,6:00am-6:59am,35,6:00am-6:59am,42,Unknown,Unknown EMS Hospital Arrival Time,1,Daylight,Rain/Wind/Minor,1,11,['Front_Passenger'],['Shoulder_Lapbelt'],0,0,Invalid,0.0,0.0,25.0,25.0,['Male'],12,0,3,4,3,Wet/Standing Water,Straight,Level,Lowest,No
18196,26,Michigan,260447,0,1,1,0,2,NOT APPLICABLE,July,6,Thursday,11,42,Rural,Low Speed (Local),No,42.92010556,-82.99960278,Non-Intersection,Daylight,Clear,11:00am-11:59am,44,11:00am-11:59am,54,Unknown,Unknown EMS Hospital Arrival Time,1,Daylight,Clear,1,1,['Front_Passenger'],['None_Used'],0,0,Valid,0.0,0.0,29.0,29.0,['Male'],0,0,1,4,3,Wet/Standing Water,Straight,Level,Lowest,No
18197,26,Michigan,260448,0,1,1,0,1,FLINT,July,1,Saturday,11,7,Urban,Medium Speed (Collector),No,42.98898333,-83.680325,Non-Intersection,Daylight,Cloudy,11:00am-11:59am,9,11:00am-11:59am,9,Not Applicable (Not Transported),Not Applicable (Not Transported),1,Daylight,Reduced Visibility,1,0,['Driver'],['None_Used'],0,0,Invalid,0.0,0.0,41.0,41.0,['Female'],1,0,3,4,2,Dry,Straight,Grade/Hillcrest,Lowest,No
18198,26,Michigan,260449,0,1,1,0,1,NAPOLEON,July,4,Tuesday,15,25,Rural,Medium Speed (Collector),No,42.16060833,-84.24405,Non-Intersection,Daylight,Clear,Unknown,Unknown,Unknown EMS Scene Arrival Hour,Unknown EMS Scene Arrival Minutes,Not Applicable (Not Transported),Not Applicable (Not Transported),1,Daylight,Clear,1,0,['Driver'],['None_Used'],0,0,Valid,0.0,0.0,65.0,65.0,['Female'],0,0,5,3,1,Dry,Straight,Level,Lowest,Yes
18199,26,Michigan,260450,0,1,1,0,5,NOT APPLICABLE,July,6,Thursday,15,14,Rural,Low Speed (Local),No,42.98788889,-84.82983889,Non-Intersection,Daylight,Clear,3:00pm-3:59pm,14,3:00pm-3:59pm,26,Unknown,Unknown EMS Hospital Arrival Time,4,Daylight,Clear,4,1,"['Driver', 'Front_Passenger', 'Rear_Seat', 'Rear_Seat']","['Shoulder_Lapbelt', 'Shoulder_Lapbelt', 'None_Used', 'None_Used']",0,0,Valid,0.0,0.0,22.0,22.0,['Female'],5,0,2,4,3,Dry,Straight,Level,Lowest,No
18200,26,Michigan,260451,0,1,1,0,1,NOT APPLICABLE,July,7,Friday,6,21,Rural,High Speed (Arterial),Yes,42.28396944,-84.79981111,Non-Intersection,Dark - Not Lighted,Clear,6:00am-6:59am,23,6:00am-6:59am,33,Not Applicable (Not Transported),Not Applicable (Not Transported),1,Dark - Unlighted,Clear,1,0,['Driver'],['None_Used'],0,0,Valid,0.0,0.0,23.0,23.0,['Male'],1,0,2,4,3,Dry,Straight,Level,Lowest,No
18201,26,Michigan,260452,2,1,1,0,2,NOT APPLICABLE,May,28,Sunday,20,21,Rural,Medium Speed (Collector),No,42.10724722,-83.48005278,Non-Intersection,Daylight,Clear,Unknown,Unknown,Unknown EMS Scene Arrival Hour,Unknown EMS Scene Arrival Minutes,Not Applicable (Not Transported),Not Applicable (Not Transported),2,Daylight,Clear,0,2,[],[],1,1,Valid,0.0,0.0,43.0,43.0,['Male'],0,0,3,4,4,Dry,Straight,Level,Lowest,No
18202,26,Michigan,260453,0,1,1,0,1,NOT APPLICABLE,July,7,Friday,8,17,Urban,Medium Speed (Collector),No,42.70737222,-84.31438889,Non-Intersection,Daylight,Clear,8:00am-8:59am,17,8:00am-8:59am,20,Not Applicable (Not Transported),Not Applicable (Not Transported),1,Daylight,Clear,1,0,['Driver'],['Shoulder_Lapbelt'],0,0,Valid,0.0,0.0,74.0,74.0,['Male'],0,0,1,4,3,Dry,Straight,Level,Lowest,No
18203,26,Michigan,260454,0,1,1,0,1,NOT APPLICABLE,July,8,Saturday,23,58,Rural,Medium Speed (Collector),No,41.925175,-85.7484,Non-Intersection,Dark - Not Lighted,Clear,0:00am-0:59am,0,0:00am-0:59am,9,Not Applicable (Not Transported),Not Applicable (Not Transported),1,Dark - Unlighted,Clear,1,0,['Driver'],['Shoulder_Lapbelt'],0,0,Valid,0.0,0.0,24.0,24.0,['Male'],1,0,3,4,3,Dry,Curve,Grade/Hillcrest,Lowest,No
18204,26,Michigan,260455,0,2,2,0,3,NOT APPLICABLE,July,7,Friday,20,47,Urban,Medium Speed (Collector),No,42.82049444,-83.55424722,Non-Intersection,Daylight,Clear,Unknown,Unknown,Unknown EMS Scene Arrival Hour,Unknown EMS Scene Arrival Minutes,Unknown,Unknown EMS Hospital Arrival Time,1,Daylight,Clear,1,2,['Driver'],['None_Used'],1,1,Valid,1.0,2.0,34.0,25.0,"['Male', 'Female']",1,0,3,4,5,Dry,Straight,Level,Lowest,No
18205,26,Michigan,260456,0,1,1,0,2,NOT APPLICABLE,July,4,Tuesday,14,24,Rural,Low Speed (Local),No,42.24835556,-84.44865,Non-Intersection,Daylight,Clear,2:00pm-2:59pm,24,2:00pm-2:59pm,34,Unknown,Unknown EMS Hospital Arrival Time,1,Daylight,Clear,1,1,['Rear_Seat'],['None_Used'],0,0,Valid,0.0,0.0,86.0,86.0,['Female'],0,0,3,1,1,Dry,Straight,Level,Lowest,No
18206,26,Michigan,260457,0,2,2,0,2,NOT APPLICABLE,July,8,Saturday,15,53,Rural,High Speed (Arterial),Yes,42.61377778,-85.95857222,Non-Intersection,Daylight,Clear,Unknown,Unknown,Unknown EMS Scene Arrival Hour,Unknown EMS Scene Arrival Minutes,Unknown,Unknown EMS Hospital Arrival Time,1,Daylight,Clear,1,1,['Driver'],['Shoulder_Lapbelt'],0,0,Valid,3.0,2.0,67.0,18.0,"['Male', 'Male']",0,0,3,4,5,Dry,Straight,Level,Lowest,No
18207,26,Michigan,260458,1,1,1,0,1,GRANDVILLE,July,11,Tuesday,10,3,Urban,Medium Speed (Collector),No,42.90636944,-85.76304722,Complex/Circle,Daylight,Clear,Unknown,Unknown,Unknown EMS Scene Arrival Hour,Unknown EMS Scene Arrival Minutes,Unknown,Unknown EMS Hospital Arrival Time,1,Daylight,Clear,0,1,[],[],0,0,Valid,3.0,0.0,23.0,23.0,['Female'],0,0,3,2,4,Dry,Straight,Level,Lowest,No
18208,26,Michigan,260459,0,1,1,0,1,NOT APPLICABLE,July,1,Saturday,14,33,Rural,Medium Speed (Collector),No,41.9871,-85.41061111,Non-Intersection,Daylight,Clear,2:00pm-2:59pm,37,2:00pm-2:59pm,47,Unknown,Unknown EMS Hospital Arrival Time,1,Daylight,Clear,1,0,['Driver'],['None_Used'],0,0,Valid,0.0,1.0,26.0,26.0,['Male'],1,0,5,4,3,Dry,Straight,Level,Lowest,Yes
18209,26,Michigan,260460,1,1,1,0,1,BLOOMFIELD VILLAGE,July,5,Wednesday,16,36,Urban,High Speed (Arterial),Yes,42.54531111,-83.26310556,Non-Intersection,Daylight,Clear,4:00pm-4:59pm,36,4:00pm-4:59pm,40,Unknown,Unknown EMS Hospital Arrival Time,1,Daylight,Clear,0,1,[],[],0,0,Valid,1.0,0.0,78.0,78.0,['Male'],0,0,2,2,4,Dry,Straight,Level,Lowest,No
18210,26,Michigan,260461,0,3,3,0,3,NOT APPLICABLE,July,9,Sunday,16,58,Rural,High Speed (Arterial),Yes,42.06694167,-84.10235,Non-Intersection,Daylight,Clear,5:00pm-5:59pm,0,5:00pm-5:59pm,7,Not Applicable (Not Transported),Not Applicable (Not Transported),1,Daylight,Clear,1,2,['Driver'],['None_Used'],0,0,Valid,2.0,0.0,60.0,56.0,"['Male', 'Male', 'Male']",0,0,5,4,5,Dry,Curve,Level,Lowest,No
18211,26,Michigan,260462,0,2,2,0,6,NOT APPLICABLE,July,15,Saturday,13,27,Urban,High Speed (Arterial),Yes,43.41469444,-83.89625833,Complex/Circle,Daylight,Cloudy,1:00pm-1:59pm,28,1:00pm-1:59pm,36,Unknown,Unknown EMS Hospital Arrival Time,1,Daylight,Reduced Visibility,1,5,['Front_Passenger'],['Shoulder_Lapbelt'],1,1,Valid,0.0,0.0,74.0,38.0,"['Male', 'Female']",0,0,3,4,5,Dry,Straight,Level,Lowest,No
18212,26,Michigan,260463,1,1,1,0,1,ANN ARBOR,July,9,Sunday,0,38,Urban,Medium Speed (Collector),No,42.27194444,-83.73946111,Complex/Circle,Dark - Lighted,Clear,Unknown,Unknown,Unknown EMS Scene Arrival Hour,Unknown EMS Scene Arrival Minutes,Unknown,Unknown EMS Hospital Arrival Time,1,Dark - Lighted,Clear,0,1,[],[],1,1,Valid,0.0,0.0,77.0,77.0,['Male'],0,0,2,3,4,Dry,Straight,Grade/Hillcrest,Lowest,No
18213,26,Michigan,260464,0,2,2,0,2,NOT APPLICABLE,July,14,Friday,9,40,Rural,Medium Speed (Collector),No,42.87155278,-85.21330278,Complex/Circle,Daylight,Clear,Unknown,Unknown,Unknown EMS Scene Arrival Hour,Unknown EMS Scene Arrival Minutes,Unknown,Unknown EMS Hospital Arrival Time,1,Daylight,Clear,1,1,['Driver'],['Shoulder_Lapbelt'],1,1,Valid,1.0,0.0,72.0,33.0,"['Male', 'Male']",0,0,3,4,5,Dry,Straight,Level,Lowest,No
18214,26,Michigan,260465,1,2,1,1,1,NOT APPLICABLE,July,10,Monday,21,5,Rural,High Speed (Arterial),Yes,46.10118889,-85.80833333,Non-Intersection,Dusk,Cloudy,9:00pm-9:59pm,5,9:00pm-9:59pm,16,Not Applicable (Not Transported),Not Applicable (Not Transported),1,Twilight,Reduced Visibility,0,1,[],[],1,1,Valid,2.0,0.0,34.0,34.0,['Male'],0,0,3,3,4,Dry,Straight,Level,Lowest,No
18215,26,Michigan,260466,0,1,1,0,1,DETROIT,July,17,Monday,3,41,Urban,High Speed (Arterial),Yes,42.40463889,-83.15817222,Non-Intersection,Dark - Lighted,Clear,3:00am-3:59am,41,3:00am-3:59am,50,Unknown,Unknown EMS Hospital Arrival Time,1,Dark - Lighted,Clear,1,0,['Driver'],['Shoulder_Lapbelt'],1,1,Invalid,0.0,2.0,31.0,31.0,['Male'],1,0,3,4,2,Dry,Curve,Level,Lowest,No
18216,26,Michigan,260467,0,2,2,0,2,NOT APPLICABLE,July,18,Tuesday,6,0,Rural,Medium Speed (Collector),No,42.16751111,-84.51981667,Complex/Circle,Dark - Not Lighted,Clear,6:00am-6:59am,1,6:00am-6:59am,12,Not Applicable (Not Transported),Not Applicable (Not Transported),1,Dark - Unlighted,Clear,1,1,['Driver'],['Shoulder_Lapbelt'],0,0,Valid,1.0,1.0,58.0,36.0,"['Male', 'Male']",0,0,3,4,5,Dry,Straight,Level,Lowest,No
18217,26,Michigan,260468,1,1,1,0,1,ROSEVILLE,July,1,Saturday,22,49,Urban,High Speed (Arterial),Yes,42.49649722,-82.93735556,Non-Intersection,Dark - Lighted,Rain,Unknown,Unknown,Unknown EMS Scene Arrival Hour,Unknown EMS Scene Arrival Minutes,Not Applicable (Not Transported),Not Applicable (Not Transported),1,Dark - Lighted,Rain/Wind/Minor,0,1,[],[],0,0,Valid,0.0,0.0,54.0,54.0,['Female'],0,0,3,2,4,Wet/Standing Water,Straight,Level,Lowest,No
18218,26,Michigan,260469,0,2,2,0,4,NOT APPLICABLE,July,12,Wednesday,12,16,Rural,High Speed (Arterial),Yes,43.89799722,-85.10801944,Non-Intersection,Daylight,Clear,12:00pm-12:59pm,18,12:00pm-12:59pm,25,Unknown,Unknown EMS Hospital Arrival Time,1,Daylight,Clear,1,3,['Front_Passenger'],['Shoulder_Lapbelt'],0,0,Invalid,0.0,0.0,69.0,63.0,"['Male', 'Male']",0,0,3,4,5,Dry,Straight,Level,Lowest,No
18219,26,Michigan,260470,1,1,1,0,1,CLINTON TOWNSHIP,July,17,Monday,16,2,Urban,Medium Speed (Collector),No,42.61240833,-82.97075556,Non-Intersection,Daylight,Clear,Unknown,Unknown,Unknown EMS Scene Arrival Hour,Unknown EMS Scene Arrival Minutes,Unknown,Unknown EMS Hospital Arrival Time,1,Daylight,Clear,0,1,[],[],0,0,Valid,0.0,0.0,19.0,19.0,['Male'],0,0,2,3,4,Dry,Straight,Level,Lowest,No
18220,26,Michigan,260471,0,2,2,0,4,SAGINAW,July,18,Tuesday,16,22,Urban,High Speed (Arterial),Yes,43.44727778,-83.92638056,Non-Intersection,Daylight,Cloudy,Unknown,Unknown,Unknown EMS Scene Arrival Hour,Unknown EMS Scene Arrival Minutes,Unknown,Unknown EMS Hospital Arrival Time,1,Daylight,Reduced Visibility,1,3,['Front_Passenger'],['Shoulder_Lapbelt'],1,1,Invalid,0.0,1.0,65.0,51.0,"['Male', 'Male']",2,0,3,4,5,Dry,Curve,Level,Lowest,No
18221,26,Michigan,260472,0,1,1,0,1,NOT APPLICABLE,July,9,Sunday,21,40,Rural,Medium Speed (Collector),No,44.39599722,-83.42080833,Non-Intersection,Dark - Not Lighted,Clear,9:00pm-9:59pm,42,9:00pm-9:59pm,50,Unknown,Unknown EMS Hospital Arrival Time,1,Dark - Unlighted,Clear,1,0,['Driver'],['Shoulder_Lapbelt'],1,1,Valid,0.0,0.0,50.0,50.0,['Male'],1,0,3,4,3,Dry,Curve,Level,Lowest,No
18222,26,Michigan,260473,0,2,2,0,2,DETROIT,July,4,Tuesday,22,12,Urban,High Speed (Arterial),Yes,42.44420833,-83.20251111,Non-Intersection,Dark - Lighted,Cloudy,10:00pm-10:59pm,12,10:00pm-10:59pm,30,Unknown,Unknown EMS Hospital Arrival Time,1,Dark - Lighted,Reduced Visibility,1,1,['Driver'],['None_Used'],0,0,Valid,0.0,0.0,54.0,30.0,"['Male', 'Male']",1,0,5,4,5,Dry,Straight,Level,Lowest,No
18223,26,Michigan,260474,0,2,2,0,3,CASCADE,July,6,Thursday,14,36,Urban,Medium Speed (Collector),No,42.91003333,-85.49576667,Non-Intersection,Daylight,Clear,2:00pm-2:59pm,39,2:00pm-2:59pm,52,Unknown,Unknown EMS Hospital Arrival Time,1,Daylight,Clear,1,2,['Front_Passenger'],['Shoulder_Lapbelt'],1,1,Valid,0.0,0.0,91.0,40.0,"['Male', 'Male']",0,0,3,4,5,Dry,Straight,Level,Lowest,No
18224,26,Michigan,260475,0,2,2,0,4,ABURN HILLS,July,21,Friday,11,26,Urban,High Speed (Arterial),Yes,42.69701944,-83.24234444,Complex/Circle,Daylight,Clear,11:00am-11:59am,27,11:00am-11:59am,33,Unknown,Unknown EMS Hospital Arrival Time,1,Daylight,Clear,1,3,['Driver'],['None_Used'],0,0,Valid,2.0,2.0,43.0,36.0,"['Male', 'Female']",0,0,3,4,5,Dry,Straight,Non-Trafficway,Lowest,No
18225,26,Michigan,260476,0,2,2,0,2,NOT APPLICABLE,July,20,Thursday,14,19,Urban,Medium Speed (Collector),No,43.35778889,-84.68611944,Non-Intersection,Daylight,Cloudy,2:00pm-2:59pm,21,2:00pm-2:59pm,22,Not Applicable (Not Transported),Not Applicable (Not Transported),1,Daylight,Reduced Visibility,1,1,['Driver'],['Shoulder_Lapbelt'],0,0,Valid,0.0,0.0,71.0,57.0,"['Male', 'Male']",0,0,4,4,5,Wet/Standing Water,Straight,Level,Lowest,No
18226,26,Michigan,260477,1,3,3,0,6,LIVONIA,July,23,Sunday,21,40,Urban,Medium Speed (Collector),No,42.39837222,-83.32669722,Non-Intersection,Dark - Lighted,Clear,9:00pm-9:59pm,45,9:00pm-9:59pm,49,Unknown,Unknown EMS Hospital Arrival Time,1,Dark - Lighted,Clear,0,6,[],[],0,0,Valid,1.0,0.0,80.0,22.0,"['Female', 'Female', 'Male']",0,0,3,4,5,Dry,Straight,Level,Lowest,No
18227,26,Michigan,260478,0,1,1,0,1,DETROIT,July,16,Sunday,15,20,Urban,Medium Speed (Collector),No,42.30582222,-83.130275,Non-Intersection,Daylight,Clear,Unknown,Unknown,Unknown EMS Scene Arrival Hour,Unknown EMS Scene Arrival Minutes,Not Applicable (Not Transported),Not Applicable (Not Transported),1,Daylight,Clear,1,0,['Driver'],['None_Used'],0,0,Invalid,0.0,0.0,23.0,23.0,['Male'],0,0,5,0,3,Dry,Straight,Level,Lowest,No
18228,26,Michigan,260479,0,1,1,0,1,NOT APPLICABLE,July,15,Saturday,22,27,Rural,Medium Speed (Collector),No,43.86650833,-84.20652778,Non-Intersection,Dark - Not Lighted,Clear,10:00pm-10:59pm,29,Unknown EMS Scene Arrival Hour,Unknown EMS Scene Arrival Minutes,Unknown,Unknown EMS Hospital Arrival Time,1,Dark - Unlighted,Clear,1,0,['Driver'],['None_Used'],0,0,Valid,1.0,0.0,59.0,59.0,['Male'],0,0,5,4,1,Dry,Straight,Level,Lowest,No
18229,26,Michigan,260480,0,2,2,0,3,NOT APPLICABLE,July,20,Thursday,14,43,Rural,Medium Speed (Collector),No,41.82319444,-84.08054722,Complex/Circle,Daylight,Cloudy,2:00pm-2:59pm,46,2:00pm-2:59pm,49,Unknown,Unknown EMS Hospital Arrival Time,1,Daylight,Reduced Visibility,1,2,['Driver'],['None_Used'],0,0,Valid,1.0,0.0,66.0,39.0,"['Male', 'Female']",0,0,2,4,5,Dry,Straight,Level,Lowest,No
18230,26,Michigan,260481,0,3,3,0,4,NOT APPLICABLE,July,20,Thursday,14,27,Rural,Medium Speed (Collector),No,42.66024722,-84.03418889,Simple Junction,Daylight,Clear,2:00pm-2:59pm,29,2:00pm-2:59pm,35,Unknown,Unknown EMS Hospital Arrival Time,1,Daylight,Clear,1,3,['Driver'],['Shoulder_Lapbelt'],0,0,Valid,1.0,2.0,66.0,20.0,"['Male', 'Male', 'Female']",0,0,3,4,5,Dry,Curve,Grade/Hillcrest,Lowest,No
18231,26,Michigan,260482,0,3,2,1,3,NOT APPLICABLE,July,15,Saturday,20,15,Urban,Medium Speed (Collector),No,43.04844722,-83.55734444,Complex/Circle,Daylight,Clear,Unknown,Unknown,Unknown EMS Scene Arrival Hour,Unknown EMS Scene Arrival Minutes,Unknown,Unknown EMS Hospital Arrival Time,1,Daylight,Clear,1,2,['Driver'],['None_Used'],0,0,Valid,2.0,0.0,37.0,29.0,"['Female', 'Female']",0,0,3,4,5,Dry,Straight,Level,Lowest,No
18232,26,Michigan,260483,0,2,2,0,2,NOT APPLICABLE,July,21,Friday,19,54,Rural,Medium Speed (Collector),No,43.59648889,-85.14168889,Non-Intersection,Daylight,Clear,7:00pm-7:59pm,57,8:00pm-8:59pm,2,Not Applicable (Not Transported),Not Applicable (Not Transported),1,Daylight,Clear,1,1,['Driver'],['None_Used'],0,0,Valid,0.0,0.0,58.0,55.0,"['Female', 'Male']",0,0,3,4,5,Dry,Straight,Level,Lowest,No
18233,26,Michigan,260484,1,1,1,0,1,DETROIT,July,22,Saturday,0,45,Urban,High Speed (Arterial),Yes,42.33118056,-83.11674167,Non-Intersection,Dark - Lighted,Clear,Unknown,Unknown,Unknown EMS Scene Arrival Hour,Unknown EMS Scene Arrival Minutes,Unknown,Unknown EMS Hospital Arrival Time,1,Dark - Lighted,Clear,0,1,[],[],1,1,Valid,0.0,0.0,43.0,43.0,['Male'],0,0,2,2,4,Dry,Straight,Level,Lowest,No