,State_Code,State_Name,Crash_ID,Count_Non_Motorists,Count_Vehicles_Total,Count_Vehicle_Forms,Count_PVH_Involved,Count_Occupants_MV,City_Name,Month_Name,Day_of_Month,Day_of_Week,Crash_Hour,Crash_Minute,Area_Rural_Urban,Road_Functional_Class,On_NHS_Road,Latitude,Longitude,Intersection_Type,Light_Condition,Weather_Condition,Notif_Hour,Notif_Minute,Arrival_Hour,Arrival_Minute,Hospital_Hour,Hospital_Minute,Fatalities_Count,Clean_Light_Condition,Clean_Weather_Condition,Total_Killed,Total_Alive,Fatal_Seats_List,Killed_Restraint_List,Any_Driver_Drinking,Total_Drinking_Drivers,Driver_License_Category,Driver_Max_Prev_Accident_Count,Driver_Max_Prev_Speeding_Count,Max_Driver_Age,Min_Driver_Age,Driver_Sex_List,Total_Exceeding_Limit_Vehicles,Total_Too_Fast_Vehicles,Max_Vehicle_Type_Severity_5,Max_Vehicle_Damage_Rank,Max_Harmful_Event_Severity,Crash_Road_Surface_Condition,Crash_Horizontal_Alignment,Crash_Vertical_Profile,Crash_Impairment_Category,Crash_Vehicle_Defect
18234,26,Michigan,260485,0,2,2,0,4,NOT APPLICABLE,July,29,Saturday,16,17,Rural,Medium Speed (Collector),No,43.943625,-85.85148333,Complex/Circle,Daylight,Clear,4:00pm-4:59pm,17,4:00pm-4:59pm,25,Unknown,Unknown EMS Hospital Arrival Time,2,Daylight,Clear,2,2,"['Driver', 'Front_Passenger']","['Shoulder_Lapbelt', 'Shoulder_Lapbelt']",0,0,Valid,1.0,0.0,70.0,24.0,"['Female', 'Male']",0,0,3,4,5,Dry,Straight,Level,Lowest,No
18235,26,Michigan,260486,0,2,2,0,2,NOT APPLICABLE,July,4,Tuesday,11,54,Urban,High Speed (Arterial),Yes,42.24057222,-84.36498611,Complex/Circle,Daylight,Clear,Unknown,Unknown,Unknown EMS Scene Arrival Hour,Unknown EMS Scene Arrival Minutes,Unknown,Unknown EMS Hospital Arrival Time,1,Daylight,Clear,1,1,['Driver'],['Shoulder_Lapbelt'],0,0,Valid,2.0,0.0,87.0,33.0,"['Male', 'Female']",0,0,3,4,5,Dry,Straight,Level,Medium,No
18236,26,Michigan,260487,2,3,2,1,3,LANSING,July,23,Sunday,1,5,Urban,High Speed (Arterial),Yes,42.70208889,-84.54795,Non-Intersection,Dark - Lighted,Clear,1:00am-1:59am,6,1:00am-1:59am,10,Unknown,Unknown EMS Hospital Arrival Time,1,Dark - Lighted,Clear,1,2,['Driver'],['None_Used'],1,1,Invalid,0.0,4.0,27.0,25.0,"['Female', 'Male']",1,0,5,4,5,Dry,Straight,Level,Lowest,No
18237,26,Michigan,260488,0,1,1,0,1,NOT APPLICABLE,July,20,Thursday,8,30,Rural,Medium Speed (Collector),No,44.694825,-85.83665,Non-Intersection,Daylight,Clear,8:00am-8:59am,29,8:00am-8:59am,34,Unknown,Unknown EMS Hospital Arrival Time,1,Daylight,Clear,1,0,['Driver'],['Lapbelt_Only'],0,0,Valid,0.0,0.0,52.0,52.0,['Female'],1,0,3,4,3,Dry,Straight,Level,Lowest,No
18238,26,Michigan,260489,1,1,1,0,2,FLINT,July,23,Sunday,0,0,Urban,High Speed (Arterial),Yes,43.00393056,-83.65408611,Non-Intersection,Dark - Lighted,Clear,0:00am-0:59am,0,0:00am-0:59am,3,Unknown,Unknown EMS Hospital Arrival Time,1,Dark - Lighted,Clear,0,2,[],[],0,0,Valid,0.0,0.0,25.0,25.0,['Male'],0,0,2,3,4,Dry,Straight,Level,Lowest,No
18239,26,Michigan,260490,0,1,1,0,3,NOT APPLICABLE,July,26,Wednesday,22,49,Rural,Medium Speed (Collector),No,43.90206667,-84.54012778,Non-Intersection,Dark - Not Lighted,Cloudy,10:00pm-10:59pm,53,11:00pm-11:59pm,7,Not Applicable (Not Transported),Not Applicable (Not Transported),2,Dark - Unlighted,Reduced Visibility,2,0,"['Front_Passenger', 'Front_Passenger']","['None_Used', 'None_Used']",0,0,Invalid,0.0,0.0,999.0,999.0,['Other'],3,0,3,4,3,Dry,Straight,Level,Lowest,No
18240,26,Michigan,260491,0,1,1,0,1,NOT APPLICABLE,July,24,Monday,2,9,Urban,Medium Speed (Collector),No,42.43248611,-83.62638889,Non-Intersection,Dark - Not Lighted,Cloudy,Unknown,Unknown,Unknown EMS Scene Arrival Hour,Unknown EMS Scene Arrival Minutes,Not Applicable (Not Transported),Not Applicable (Not Transported),1,Dark - Unlighted,Reduced Visibility,1,0,['Driver'],['None_Used'],0,0,Valid,1.0,0.0,41.0,41.0,['Male'],0,0,2,4,3,Dry,Straight,Level,Lowest,No
18241,26,Michigan,260492,0,2,2,0,2,LANSING,July,21,Friday,1,13,Urban,High Speed (Arterial),Yes,42.73950278,-84.54654444,Non-Intersection,Dark - Unknown Lighting,Clear,1:00am-1:59am,10,1:00am-1:59am,15,Not Applicable (Not Transported),Not Applicable (Not Transported),1,Dark - Unlighted,Clear,1,1,['Driver'],['Shoulder_Lapbelt'],1,2,Valid,1.0,1.0,24.0,21.0,"['Male', 'Male']",2,0,2,4,5,Dry,Straight,Level,Lowest,No
18242,26,Michigan,260493,0,3,3,0,4,NOT APPLICABLE,July,28,Friday,14,40,Rural,Medium Speed (Collector),No,44.46821667,-85.40112222,Simple Junction,Daylight,Clear,2:00pm-2:59pm,43,2:00pm-2:59pm,53,Unknown,Unknown EMS Hospital Arrival Time,1,Daylight,Clear,1,3,['Driver'],['None_Used'],0,0,Valid,0.0,1.0,83.0,31.0,"['Male', 'Male', 'Male']",0,0,4,4,5,Dry,Straight,Level,Lowest,No
18243,26,Michigan,260494,0,2,1,1,1,NOT APPLICABLE,July,4,Tuesday,0,9,Urban,Low Speed (Local),No,43.16393333,-85.70841944,Non-Intersection,Dark - Lighted,Clear,Unknown,Unknown,Unknown EMS Scene Arrival Hour,Unknown EMS Scene Arrival Minutes,Unknown,Unknown EMS Hospital Arrival Time,1,Dark - Lighted,Clear,1,0,['Driver'],['None_Used'],1,1,Valid,0.0,0.0,33.0,33.0,['Male'],0,0,5,4,5,Dry,Curve,Level,Lowest,No
18244,26,Michigan,260495,0,2,2,0,2,NOT APPLICABLE,July,22,Saturday,9,18,Rural,Medium Speed (Collector),No,42.87140833,-84.95604722,Complex/Circle,Daylight,Clear,Unknown,Unknown,Unknown EMS Scene Arrival Hour,Unknown EMS Scene Arrival Minutes,Not Applicable (Not Transported),Not Applicable (Not Transported),1,Daylight,Clear,1,1,['Driver'],['Shoulder_Lapbelt'],0,0,Valid,4.0,1.0,71.0,67.0,"['Male', 'Female']",0,0,3,4,5,Dry,Straight,Level,Lowest,No
18245,26,Michigan,260496,0,2,2,0,2,NOT APPLICABLE,July,12,Wednesday,10,49,Rural,Medium Speed (Collector),No,43.19352778,-83.31273056,Non-Intersection,Daylight,Clear,Unknown,Unknown,Unknown EMS Scene Arrival Hour,Unknown EMS Scene Arrival Minutes,Not Applicable (Not Transported),Not Applicable (Not Transported),1,Daylight,Clear,1,1,['Driver'],['None_Used'],0,0,Valid,0.0,2.0,65.0,61.0,"['Male', 'Male']",0,0,3,4,5,Dry,Straight,Level,Lowest,No
18246,26,Michigan,260497,0,4,4,0,4,NOVI,July,12,Wednesday,15,10,Urban,High Speed (Arterial),Yes,42.51035,-83.44604444,Complex/Circle,Daylight,Cloudy,Unknown,Unknown,Unknown EMS Scene Arrival Hour,Unknown EMS Scene Arrival Minutes,Unknown,Unknown EMS Hospital Arrival Time,1,Daylight,Reduced Visibility,1,3,['Driver'],['Shoulder_Lapbelt'],0,0,Valid,0.0,0.0,78.0,47.0,"['Female', 'Male', 'Female', 'Male']",0,0,3,4,5,Dry,Straight,Level,Lowest,No
18247,26,Michigan,260498,0,2,2,0,2,NOT APPLICABLE,July,22,Saturday,11,35,Rural,Medium Speed (Collector),No,42.03360833,-84.17043333,Complex/Circle,Daylight,Clear,11:00am-11:59am,37,11:00am-11:59am,41,Unknown,Unknown EMS Hospital Arrival Time,1,Daylight,Clear,1,1,['Driver'],['Shoulder_Lapbelt'],0,0,Valid,0.0,0.0,72.0,50.0,"['Female', 'Male']",0,0,3,4,5,Dry,Straight,Level,Lowest,No
18248,26,Michigan,260499,0,1,1,0,1,COMSTOCK,July,26,Wednesday,5,51,Urban,Medium Speed (Collector),No,42.30231111,-85.51693056,Non-Intersection,Dark - Not Lighted,Clear,5:00am-5:59am,51,5:00am-5:59am,56,Not Applicable (Not Transported),Not Applicable (Not Transported),1,Dark - Unlighted,Clear,1,0,['Driver'],['None_Used'],0,0,Valid,0.0,0.0,36.0,36.0,['Male'],0,0,5,4,2,Dry,Curve,Grade/Hillcrest,Lowest,No
18249,26,Michigan,260500,0,2,2,0,3,NOT APPLICABLE,July,24,Monday,11,16,Rural,High Speed (Arterial),Yes,46.55358889,-89.178525,Non-Intersection,Daylight,Clear,Unknown,Unknown,Unknown EMS Scene Arrival Hour,Unknown EMS Scene Arrival Minutes,Not Applicable (Not Transported),Not Applicable (Not Transported),1,Daylight,Clear,1,2,['Driver'],['None_Used'],0,0,Valid,0.0,0.0,84.0,57.0,"['Male', 'Male']",0,0,5,4,5,Dry,Straight,Non-Trafficway,Lowest,No
18250,26,Michigan,260501,0,1,1,0,1,NOT APPLICABLE,July,28,Friday,0,27,Rural,Low Speed (Local),No,41.82739722,-86.56033889,Non-Intersection,Dark - Not Lighted,Clear,0:00am-0:59am,31,Unknown EMS Scene Arrival Hour,Unknown EMS Scene Arrival Minutes,Not Applicable (Not Transported),Not Applicable (Not Transported),1,Dark - Unlighted,Clear,1,0,['Driver'],['None_Used'],1,1,Valid,0.0,0.0,47.0,47.0,['Male'],1,0,5,4,3,Dry,Straight,Level,Lowest,No
18251,26,Michigan,260502,0,2,2,0,4,NOT APPLICABLE,July,27,Thursday,17,56,Rural,Low Speed (Local),No,42.71898333,-82.55406667,Non-Intersection,Daylight,Clear,5:00pm-5:59pm,58,6:00pm-6:59pm,1,Unknown,Unknown EMS Hospital Arrival Time,1,Daylight,Clear,1,3,['Driver'],['None_Used'],0,0,Valid,0.0,0.0,40.0,20.0,"['Female', 'Male']",1,0,5,3,5,Loose/Unpaved,Straight,Level,Lowest,No
18252,26,Michigan,260503,0,2,2,0,2,NOT APPLICABLE,July,27,Thursday,19,46,Urban,High Speed (Arterial),Yes,42.26201389,-85.67752222,Non-Intersection,Daylight,Cloudy,Unknown,Unknown,Unknown EMS Scene Arrival Hour,Unknown EMS Scene Arrival Minutes,Not Applicable (Not Transported),Not Applicable (Not Transported),1,Daylight,Reduced Visibility,1,1,['Driver'],['None_Used'],1,1,Valid,1.0,1.0,74.0,20.0,"['Male', 'Male']",1,0,5,4,5,Dry,Straight,Level,Lowest,No
18253,26,Michigan,260504,0,2,2,0,3,GRAND RAPIDS,July,27,Thursday,19,57,Urban,High Speed (Arterial),Yes,42.91266944,-85.61044722,Simple Junction,Daylight,Clear,7:00pm-7:59pm,58,8:00pm-8:59pm,1,Unknown,Unknown EMS Hospital Arrival Time,1,Daylight,Clear,1,2,['Driver'],['Shoulder_Lapbelt'],0,0,Valid,1.0,1.0,92.0,20.0,"['Male', 'Male']",0,0,3,4,5,Dry,Straight,Level,Lowest,No
18254,26,Michigan,260505,0,1,1,0,1,NOT APPLICABLE,July,22,Saturday,15,35,Rural,Medium Speed (Collector),No,42.04920556,-83.64689167,Non-Intersection,Daylight,Clear,3:00pm-3:59pm,38,3:00pm-3:59pm,51,Unknown,Unknown EMS Hospital Arrival Time,1,Daylight,Clear,1,0,['Driver'],['None_Used'],1,1,Valid,1.0,0.0,49.0,49.0,['Male'],0,0,5,3,2,Dry,Curve,Level,Lowest,No
18255,26,Michigan,260506,1,1,1,0,2,THREE RIVERS,July,28,Friday,23,0,Urban,High Speed (Arterial),Yes,41.93964444,-85.65168056,Complex/Circle,Dark - Not Lighted,Cloudy,11:00pm-11:59pm,2,11:00pm-11:59pm,9,Not Applicable (Not Transported),Not Applicable (Not Transported),1,Dark - Unlighted,Reduced Visibility,0,2,[],[],0,0,Valid,0.0,1.0,66.0,66.0,['Male'],0,0,3,3,4,Dry,Straight,Level,Lowest,No
18256,26,Michigan,260507,0,2,2,0,2,NOT APPLICABLE,July,17,Monday,19,4,Urban,Low Speed (Local),No,43.03543611,-85.68748333,Non-Intersection,Daylight,Clear,7:00pm-7:59pm,6,7:00pm-7:59pm,15,Unknown,Unknown EMS Hospital Arrival Time,1,Daylight,Clear,1,1,['Driver'],['None_Used'],0,0,Valid,2.0,0.0,61.0,25.0,"['Male', 'Male']",1,0,5,4,5,Dry,Straight,Non-Trafficway,Lowest,No
18257,26,Michigan,260508,1,1,1,0,1,CHARLOTTE,July,28,Friday,22,32,Urban,High Speed (Arterial),Yes,42.56876111,-84.82683056,Non-Intersection,Dark - Not Lighted,Cloudy,10:00pm-10:59pm,32,10:00pm-10:59pm,35,Unknown,Unknown EMS Hospital Arrival Time,1,Dark - Unlighted,Reduced Visibility,0,1,[],[],1,1,Valid,0.0,0.0,76.0,76.0,['Male'],0,0,2,3,4,Dry,Straight,Level,Lowest,No
18258,26,Michigan,260509,1,1,1,0,1,NOT APPLICABLE,July,27,Thursday,6,35,Rural,Medium Speed (Collector),No,41.91088611,-83.58078056,Non-Intersection,Dawn,Clear,6:00am-6:59am,43,6:00am-6:59am,55,Unknown,Unknown EMS Hospital Arrival Time,1,Twilight,Clear,0,1,[],[],0,0,Valid,1.0,0.0,24.0,24.0,['Male'],0,0,2,4,4,Dry,Straight,Level,Lowest,No
18259,26,Michigan,260510,0,1,1,0,1,NOT APPLICABLE,July,15,Saturday,3,32,Rural,Medium Speed (Collector),No,44.54143056,-85.41406111,Simple Junction,Dark - Not Lighted,Rain,Unknown,Unknown,Unknown EMS Scene Arrival Hour,Unknown EMS Scene Arrival Minutes,Unknown,Unknown EMS Hospital Arrival Time,1,Dark - Unlighted,Rain/Wind/Minor,1,0,['Driver'],['None_Used'],1,1,Valid,0.0,0.0,49.0,49.0,['Male'],1,0,5,4,3,Wet/Standing Water,Straight,Level,Lowest,No
18260,26,Michigan,260511,1,1,1,0,1,PONTIAC,July,29,Saturday,0,48,Urban,Medium Speed (Collector),No,42.63479722,-83.26572778,Simple Junction,Dark - Lighted,Clear,0:00am-0:59am,50,0:00am-0:59am,55,Unknown,Unknown EMS Hospital Arrival Time,1,Dark - Lighted,Clear,0,0,[],[],0,0,Invalid,0.0,0.0,999.0,999.0,['Other'],0,0,1,0,4,Dry,Straight,Level,Lowest,No
18261,26,Michigan,260512,1,1,1,0,1,DETROIT,July,2,Sunday,4,45,Urban,Low Speed (Local),No,42.34103056,-83.11525278,Complex/Circle,Dark - Lighted,Rain,Unknown,Unknown,Unknown EMS Scene Arrival Hour,Unknown EMS Scene Arrival Minutes,Not Applicable (Not Transported),Not Applicable (Not Transported),1,Dark - Lighted,Rain/Wind/Minor,0,0,[],[],0,0,Invalid,0.0,0.0,999.0,999.0,['Other'],0,0,1,0,4,Wet/Standing Water,Straight,Level,Lowest,No
18262,26,Michigan,260513,0,3,3,0,5,NOT APPLICABLE,July,28,Friday,12,30,Rural,Medium Speed (Collector),No,44.10171389,-83.80694167,Non-Intersection,Daylight,Clear,Unknown,Unknown,Unknown EMS Scene Arrival Hour,Unknown EMS Scene Arrival Minutes,Unknown,Unknown EMS Hospital Arrival Time,1,Daylight,Clear,1,4,['Driver'],['Shoulder_Lapbelt'],0,0,Valid,5.0,1.0,77.0,27.0,"['Male', 'Male', 'Male']",0,0,4,4,5,Dry,Straight,Level,Lowest,No
18263,26,Michigan,260514,0,2,2,0,2,BATTLE CREEK,July,23,Sunday,4,14,Urban,High Speed (Arterial),Yes,42.31850833,-85.194325,Complex/Circle,Dark - Lighted,Clear,Unknown,Unknown,Unknown EMS Scene Arrival Hour,Unknown EMS Scene Arrival Minutes,Not Applicable (Not Transported),Not Applicable (Not Transported),1,Dark - Lighted,Clear,1,1,['Driver'],['None_Used'],1,1,Invalid,1.0,3.0,59.0,40.0,"['Male', 'Male']",0,0,4,4,5,Dry,Straight,Level,Lowest,No
18264,26,Michigan,260515,0,1,1,0,1,TAYLOR,July,25,Tuesday,11,29,Urban,High Speed (Arterial),Yes,42.18580833,-83.24424444,Non-Intersection,Reported as Unknown,Reported as Unknown,Unknown,Unknown,Unknown EMS Scene Arrival Hour,Unknown EMS Scene Arrival Minutes,Not Applicable (Not Transported),Not Applicable (Not Transported),1,Dark - Unlighted,Clear,1,0,['Driver'],['None_Used'],0,0,Valid,1.0,0.0,36.0,36.0,['Male'],0,0,5,4,3,Dry,Straight,Level,Lowest,No
18265,26,Michigan,260516,0,1,1,0,1,DETROIT,July,25,Tuesday,0,3,Urban,Medium Speed (Collector),No,42.40264722,-83.15773611,Non-Intersection,Dark - Lighted,Clear,Unknown,Unknown if Notified,Unknown EMS Scene Arrival Hour,Unknown if Arrived,Not Applicable (Not Transported),Not Applicable (Not Transported),1,Dark - Lighted,Clear,1,0,['Driver'],['Shoulder_Lapbelt'],0,0,Invalid,3.0,2.0,31.0,31.0,['Male'],1,0,2,4,3,Dry,Straight,Level,Lowest,No
18266,26,Michigan,260517,0,2,2,0,3,NOT APPLICABLE,July,1,Saturday,18,52,Rural,Medium Speed (Collector),No,42.30292778,-85.87881667,Complex/Circle,Daylight,Cloudy,Unknown,Unknown,Unknown EMS Scene Arrival Hour,Unknown EMS Scene Arrival Minutes,Unknown,Unknown EMS Hospital Arrival Time,1,Daylight,Reduced Visibility,1,2,['Front_Passenger'],['Shoulder_Lapbelt'],0,0,Valid,4.0,4.0,61.0,50.0,"['Male', 'Male']",0,0,3,4,5,Dry,Straight,Level,Lowest,No
18267,26,Michigan,260518,1,1,1,0,1,TRENTON,July,30,Sunday,1,19,Urban,High Speed (Arterial),Yes,42.11227222,-83.21419722,Complex/Circle,Dark - Lighted,Clear,1:00am-1:59am,35,1:00am-1:59am,38,Unknown,Unknown EMS Hospital Arrival Time,1,Dark - Lighted,Clear,0,1,[],[],0,0,Valid,0.0,0.0,16.0,16.0,['Female'],0,0,3,3,4,Dry,Straight,Level,Lowest,No
18268,26,Michigan,260519,0,2,2,0,2,NOT APPLICABLE,July,31,Monday,12,0,Urban,High Speed (Arterial),Yes,42.26354167,-83.48693889,Non-Intersection,Daylight,Clear,Unknown,Unknown,Unknown EMS Scene Arrival Hour,Unknown EMS Scene Arrival Minutes,Not Applicable (Not Transported),Not Applicable (Not Transported),1,Daylight,Clear,1,1,['Driver'],['None_Used'],0,0,Valid,1.0,2.0,68.0,55.0,"['Female', 'Male']",0,0,5,4,5,Dry,Straight,Level,Lowest,No
18269,26,Michigan,260520,0,1,1,0,1,FLINT TOWNSHIP,July,26,Wednesday,14,14,Urban,High Speed (Arterial),Yes,42.98483611,-83.73802778,Non-Intersection,Daylight,Cloudy,Unknown,Unknown if Notified,Unknown EMS Scene Arrival Hour,Unknown if Arrived,Not Applicable (Not Transported),Not Applicable (Not Transported),1,Daylight,Reduced Visibility,1,0,['Driver'],['Shoulder_Lapbelt'],0,0,Valid,0.0,0.0,62.0,62.0,['Male'],1,0,4,4,3,Dry,Curve,Level,Lowest,No
18270,26,Michigan,260521,0,1,1,0,1,LANSING,July,28,Friday,20,51,Urban,High Speed (Arterial),Yes,42.68802222,-84.56773611,Non-Intersection,Daylight,Clear,8:00pm-8:59pm,51,8:00pm-8:59pm,55,Unknown,Unknown EMS Hospital Arrival Time,1,Daylight,Clear,1,0,['Driver'],['None_Used'],0,0,Valid,2.0,1.0,26.0,26.0,['Male'],1,0,5,4,3,Dry,Straight,Level,Lowest,No
18271,26,Michigan,260522,0,2,2,0,2,INKSTER,July,28,Friday,15,55,Urban,High Speed (Arterial),Yes,42.291675,-83.32147222,Non-Intersection,Daylight,Clear,3:00pm-3:59pm,59,4:00pm-4:59pm,8,Not Applicable (Not Transported),Not Applicable (Not Transported),1,Daylight,Clear,1,1,['Driver'],['None_Used'],0,0,Valid,0.0,1.0,25.0,19.0,"['Male', 'Male']",0,0,5,4,5,Dry,Straight,Level,Lowest,No
18272,26,Michigan,260523,0,2,2,0,3,NOT APPLICABLE,July,27,Thursday,22,13,Rural,Low Speed (Local),No,43.130125,-84.10875833,Complex/Circle,Dark - Not Lighted,Clear,Unknown,Unknown,Unknown EMS Scene Arrival Hour,Unknown EMS Scene Arrival Minutes,Unknown,Unknown EMS Hospital Arrival Time,1,Dark - Unlighted,Clear,1,2,['Driver'],['None_Used'],0,0,Valid,0.0,0.0,36.0,19.0,"['Female', 'Female']",0,0,3,4,5,Dry,Straight,Level,Lowest,No
18273,26,Michigan,260524,0,1,1,0,1,NOT APPLICABLE,July,25,Tuesday,7,6,Rural,Low Speed (Local),No,45.40074444,-84.24743056,Non-Intersection,Daylight,Clear,Unknown,Unknown if Notified,Unknown EMS Scene Arrival Hour,Unknown if Arrived,Not Applicable (Not Transported),Not Applicable (Not Transported),1,Daylight,Clear,1,0,['Driver'],['None_Used'],1,1,Invalid,0.0,0.0,58.0,58.0,['Male'],0,0,5,2,1,Dry,Straight,Level,Lowest,No
18274,26,Michigan,260525,0,2,2,0,2,TROY,July,7,Friday,10,46,Urban,High Speed (Arterial),Yes,42.54835833,-83.14693889,Complex/Circle,Daylight,Clear,10:00am-10:59am,49,10:00am-10:59am,55,Unknown,Unknown EMS Hospital Arrival Time,1,Daylight,Clear,1,1,['Driver'],['Shoulder_Lapbelt'],0,0,Valid,1.0,0.0,63.0,55.0,"['Male', 'Male']",0,0,3,4,5,Dry,Straight,Level,Lowest,No
18275,26,Michigan,260526,1,1,1,0,1,DEARBORN HEIGHTS,July,24,Monday,21,35,Urban,High Speed (Arterial),Yes,42.34130833,-83.27316667,Complex/Circle,Dark - Lighted,Clear,Unknown,Unknown,Unknown EMS Scene Arrival Hour,Unknown EMS Scene Arrival Minutes,Unknown,Unknown EMS Hospital Arrival Time,1,Dark - Lighted,Clear,0,1,[],[],0,0,Valid,1.0,0.0,59.0,59.0,['Male'],0,0,3,4,4,Wet/Standing Water,Straight,Level,Lowest,No
18276,26,Michigan,260527,0,1,1,0,1,NOT APPLICABLE,July,23,Sunday,0,35,Rural,Medium Speed (Collector),No,43.81043889,-85.00885833,Non-Intersection,Dark - Not Lighted,Clear,Unknown,Unknown if Notified,Unknown EMS Scene Arrival Hour,Unknown if Arrived,Not Applicable (Not Transported),Not Applicable (Not Transported),1,Dark - Unlighted,Clear,1,0,['Driver'],['Shoulder_Lapbelt'],1,1,Valid,1.0,0.0,23.0,23.0,['Male'],0,0,2,4,3,Dry,Curve,Level,Lowest,No
18277,26,Michigan,260528,0,2,2,0,3,NOT APPLICABLE,July,28,Friday,13,54,Rural,Low Speed (Local),No,44.40703333,-84.12656111,Complex/Circle,Daylight,Clear,Unknown,Unknown,Unknown EMS Scene Arrival Hour,Unknown EMS Scene Arrival Minutes,Unknown,Unknown EMS Hospital Arrival Time,1,Daylight,Clear,1,2,['Driver'],['None_Used'],0,0,Valid,0.0,0.0,38.0,15.0,"['Female', 'Male']",0,0,5,4,5,Dry,Straight,Level,Lowest,No
18278,26,Michigan,260529,0,1,1,0,1,SOUTHFIELD,July,29,Saturday,22,3,Urban,Medium Speed (Collector),No,42.48713056,-83.2544,Non-Intersection,Dark - Lighted,Clear,Unknown,Unknown,Unknown EMS Scene Arrival Hour,Unknown EMS Scene Arrival Minutes,Unknown,Unknown EMS Hospital Arrival Time,1,Dark - Lighted,Clear,1,0,['Driver'],['Shoulder_Lapbelt'],1,1,Valid,1.0,4.0,24.0,24.0,['Female'],1,0,2,4,2,Dry,Curve,Level,Lowest,No
18279,26,Michigan,260530,0,2,2,0,2,DETROIT,May,24,Wednesday,21,20,Urban,High Speed (Arterial),Yes,42.3796,-83.03429167,Complex/Circle,Dusk,Clear,Unknown,Unknown,Unknown EMS Scene Arrival Hour,Unknown EMS Scene Arrival Minutes,Unknown,Unknown EMS Hospital Arrival Time,1,Twilight,Clear,1,1,['Driver'],['Shoulder_Lapbelt'],0,0,Valid,0.0,0.0,32.0,20.0,"['Male', 'Male']",0,0,2,4,5,Dry,Straight,Level,Lowest,No
18280,26,Michigan,260531,0,1,1,0,3,SAGINAW,May,25,Thursday,22,1,Urban,Low Speed (Local),No,43.43973056,-83.96446389,Simple Junction,Dark - Lighted,Clear,Unknown,Unknown,Unknown EMS Scene Arrival Hour,Unknown EMS Scene Arrival Minutes,Unknown,Unknown EMS Hospital Arrival Time,1,Dark - Lighted,Clear,1,2,['Driver'],['Shoulder_Lapbelt'],1,1,Valid,0.0,0.0,34.0,34.0,['Female'],0,0,2,4,3,Dry,Curve,Level,Lowest,No
18281,26,Michigan,260532,0,2,2,0,3,DEARBORN,June,1,Thursday,21,50,Urban,High Speed (Arterial),Yes,42.31898056,-83.18737778,Simple Junction,Dark - Lighted,Clear,Unknown,Unknown,Unknown EMS Scene Arrival Hour,Unknown EMS Scene Arrival Minutes,Unknown,Unknown EMS Hospital Arrival Time,1,Dark - Lighted,Clear,1,2,['Front_Passenger'],['Shoulder_Lapbelt'],0,0,Valid,1.0,1.0,80.0,31.0,"['Female', 'Male']",0,0,3,3,5,Dry,Straight,Level,Lowest,No
18282,26,Michigan,260533,1,1,1,0,1,HARRISON TOWNSHIP,July,3,Monday,22,52,Urban,High Speed (Arterial),Yes,42.54210833,-82.86015556,Non-Intersection,Dark - Lighted,Clear,Unknown,Unknown,Unknown EMS Scene Arrival Hour,Unknown EMS Scene Arrival Minutes,Unknown,Unknown EMS Hospital Arrival Time,1,Dark - Lighted,Clear,0,1,[],[],1,1,Valid,3.0,0.0,84.0,84.0,['Male'],0,0,3,3,4,Dry,Straight,Level,Lowest,No
18283,26,Michigan,260534,0,1,1,0,2,WALKER,July,9,Sunday,23,59,Urban,Low Speed (Local),No,43.01395556,-85.68225,Non-Intersection,Dark - Not Lighted,Clear,11:00pm-11:59pm,59,0:00am-0:59am,17,Unknown,Unknown EMS Hospital Arrival Time,1,Dark - Unlighted,Clear,1,1,['Driver'],['None_Used'],0,0,Valid,1.0,0.0,24.0,24.0,['Male'],0,0,3,4,3,Dry,Straight,Level,Lowest,No
18284,26,Michigan,260535,0,1,1,0,1,NOT APPLICABLE,August,1,Tuesday,19,47,Rural,Medium Speed (Collector),No,42.91721944,-82.62153611,Non-Intersection,Daylight,Clear,7:00pm-7:59pm,48,8:00pm-8:59pm,4,Not Applicable (Not Transported),Not Applicable (Not Transported),1,Daylight,Clear,1,0,['Driver'],['None_Used'],0,0,Valid,2.0,0.0,59.0,59.0,['Male'],1,0,2,4,3,Dry,Straight,Level,Lowest,No
18285,26,Michigan,260536,0,1,1,0,1,NOT APPLICABLE,August,2,Wednesday,13,53,Rural,Medium Speed (Collector),No,42.04661389,-83.49896944,Non-Intersection,Daylight,Clear,2:00pm-2:59pm,0,2:00pm-2:59pm,10,Not Applicable (Not Transported),Not Applicable (Not Transported),1,Daylight,Clear,1,0,['Driver'],['None_Used'],0,0,Valid,1.0,0.0,60.0,60.0,['Male'],1,0,5,4,2,Dry,Curve,Level,Lowest,No
18286,26,Michigan,260537,0,2,2,0,2,NOT APPLICABLE,August,2,Wednesday,12,35,Urban,Medium Speed (Collector),No,42.85244444,-82.49743056,Non-Intersection,Daylight,Clear,12:00pm-12:59pm,46,12:00pm-12:59pm,46,Not Applicable (Not Transported),Not Applicable (Not Transported),1,Daylight,Clear,1,1,['Driver'],['None_Used'],0,0,Valid,2.0,0.0,61.0,29.0,"['Male', 'Male']",0,0,4,4,5,Dry,Straight,Level,Lowest,No