,State_Code,State_Name,Crash_ID,Count_Non_Motorists,Count_Vehicles_Total,Count_Vehicle_Forms,Count_PVH_Involved,Count_Occupants_MV,City_Name,Month_Name,Day_of_Month,Day_of_Week,Crash_Hour,Crash_Minute,Area_Rural_Urban,Road_Functional_Class,On_NHS_Road,Latitude,Longitude,Intersection_Type,Light_Condition,Weather_Condition,Notif_Hour,Notif_Minute,Arrival_Hour,Arrival_Minute,Hospital_Hour,Hospital_Minute,Fatalities_Count,Clean_Light_Condition,Clean_Weather_Condition,Total_Killed,Total_Alive,Fatal_Seats_List,Killed_Restraint_List,Any_Driver_Drinking,Total_Drinking_Drivers,Driver_License_Category,Driver_Max_Prev_Accident_Count,Driver_Max_Prev_Speeding_Count,Max_Driver_Age,Min_Driver_Age,Driver_Sex_List,Total_Exceeding_Limit_Vehicles,Total_Too_Fast_Vehicles,Max_Vehicle_Type_Severity_5,Max_Vehicle_Damage_Rank,Max_Harmful_Event_Severity,Crash_Road_Surface_Condition,Crash_Horizontal_Alignment,Crash_Vertical_Profile,Crash_Impairment_Category,Crash_Vehicle_Defect
18287,26,Michigan,260538,0,1,1,0,1,NOT APPLICABLE,August,1,Tuesday,21,46,Rural,Medium Speed (Collector),No,42.58098333,-84.60137778,Non-Intersection,Dark - Not Lighted,Clear,9:00pm-9:59pm,46,10:00pm-10:59pm,0,Not Applicable (Not Transported),Not Applicable (Not Transported),1,Dark - Unlighted,Clear,1,0,['Driver'],['None_Used'],1,1,Valid,0.0,0.0,48.0,48.0,['Male'],1,0,3,4,3,Dry,Curve,Grade/Hillcrest,Lowest,No
18288,26,Michigan,260539,1,2,2,0,2,DETROIT,August,2,Wednesday,10,59,Urban,High Speed (Arterial),No,42.34325,-83.23035833,Complex/Circle,Not Reported,Clear,Unknown,Unknown,Unknown EMS Scene Arrival Hour,Unknown EMS Scene Arrival Minutes,Unknown,Unknown EMS Hospital Arrival Time,1,Dark - Unlighted,Clear,0,2,[],[],0,0,Valid,0.0,3.0,40.0,25.0,"['Male', 'Male']",0,0,2,3,4,Dry,Straight,Level,Lowest,No
18289,26,Michigan,260540,0,1,1,0,1,NOT APPLICABLE,August,5,Saturday,23,47,Rural,Low Speed (Local),No,45.48572778,-84.35024722,Simple Junction,Dark - Not Lighted,Clear,11:00pm-11:59pm,47,0:00am-0:59am,14,Not Applicable (Not Transported),Not Applicable (Not Transported),1,Dark - Unlighted,Clear,1,0,['Driver'],['None_Used'],1,1,Valid,0.0,0.0,56.0,56.0,['Male'],0,0,3,4,3,Dry,Straight,Level,Lowest,No
18290,26,Michigan,260541,0,2,2,0,3,NOT APPLICABLE,August,5,Saturday,0,25,Urban,High Speed (Arterial),Yes,42.014725,-83.34906667,Non-Intersection,Dark - Not Lighted,Clear,Unknown,Unknown,Unknown EMS Scene Arrival Hour,Unknown EMS Scene Arrival Minutes,Not Applicable (Not Transported),Not Applicable (Not Transported),2,Dark - Unlighted,Clear,2,1,"['Driver', 'Rear_Seat']","['None_Used', 'None_Used']",1,1,Valid,1.0,1.0,48.0,46.0,"['Male', 'Male']",2,0,5,4,5,Dry,Straight,Level,Lowest,No
18291,26,Michigan,260542,0,2,2,0,3,NOT APPLICABLE,August,8,Tuesday,1,15,Rural,High Speed (Arterial),Yes,46.10097222,-85.75283056,Non-Intersection,Dark - Not Lighted,Clear,1:00am-1:59am,15,Unknown EMS Scene Arrival Hour,Unknown EMS Scene Arrival Minutes,Unknown,Unknown EMS Hospital Arrival Time,2,Dark - Unlighted,Clear,2,1,"['Driver', 'Driver']","['Shoulder_Lapbelt', 'Shoulder_Lapbelt']",1,1,Valid,3.0,1.0,86.0,34.0,"['Male', 'Male']",0,0,3,4,5,Dry,Straight,Level,Lowest,No
18292,26,Michigan,260543,0,2,2,0,3,NOT APPLICABLE,August,7,Monday,15,52,Urban,Medium Speed (Collector),No,43.16109444,-85.55096111,Complex/Circle,Daylight,Clear,Unknown,Unknown,Unknown EMS Scene Arrival Hour,Unknown EMS Scene Arrival Minutes,Not Applicable (Not Transported),Not Applicable (Not Transported),1,Daylight,Clear,1,2,['Driver'],['None_Used'],1,1,Valid,2.0,2.0,75.0,24.0,"['Male', 'Male']",1,0,5,4,5,Dry,Straight,Grade/Hillcrest,Lowest,No
18293,26,Michigan,260544,0,1,1,0,1,NOT APPLICABLE,August,2,Wednesday,7,2,Rural,Low Speed (Local),No,43.23441111,-85.717,Non-Intersection,Daylight,Cloudy,Unknown,Unknown if Notified,Unknown EMS Scene Arrival Hour,Unknown if Arrived,Not Applicable (Not Transported),Not Applicable (Not Transported),1,Daylight,Reduced Visibility,1,0,['Driver'],['Shoulder_Lapbelt'],1,1,Valid,0.0,0.0,58.0,58.0,['Female'],0,0,3,4,3,Dry,Straight,Level,Lowest,No
18294,26,Michigan,260545,0,3,3,0,3,NOT APPLICABLE,August,8,Tuesday,17,26,Rural,Medium Speed (Collector),No,42.06725278,-83.83213889,Complex/Circle,Daylight,Clear,5:00pm-5:59pm,27,5:00pm-5:59pm,38,Unknown,Unknown EMS Hospital Arrival Time,1,Daylight,Clear,1,2,['Driver'],['None_Used'],0,0,Valid,2.0,2.0,68.0,37.0,"['Female', 'Male', 'Male']",0,0,5,4,5,Dry,Straight,Level,Lowest,No
18295,26,Michigan,260546,0,2,2,0,2,ROSEVILLE,August,4,Friday,16,45,Urban,High Speed (Arterial),Yes,42.51329444,-82.93823333,Complex/Circle,Daylight,Clear,4:00pm-4:59pm,45,4:00pm-4:59pm,50,Unknown,Unknown EMS Hospital Arrival Time,1,Daylight,Clear,1,1,['Driver'],['Shoulder_Lapbelt'],0,0,Valid,1.0,0.0,69.0,19.0,"['Female', 'Male']",0,0,2,4,5,Dry,Straight,Level,Lowest,No
18296,26,Michigan,260547,0,1,1,0,2,NOT APPLICABLE,August,8,Tuesday,11,20,Rural,Medium Speed (Collector),No,41.92549167,-85.76136389,Complex/Circle,Daylight,Clear,11:00am-11:59am,22,11:00am-11:59am,31,Unknown,Unknown EMS Hospital Arrival Time,1,Daylight,Clear,1,1,['Front_Passenger'],['None_Used'],0,0,Valid,1.0,0.0,26.0,26.0,['Male'],2,0,3,4,3,Dry,Straight,Level,Lowest,No
18297,26,Michigan,260548,1,1,1,0,1,GRAND RAPIDS,August,4,Friday,0,50,Urban,High Speed (Arterial),Yes,42.91568889,-85.66619722,Non-Intersection,Dark - Lighted,Clear,0:00am-0:59am,52,Unknown EMS Scene Arrival Hour,Unknown EMS Scene Arrival Minutes,Unknown,Unknown EMS Hospital Arrival Time,1,Dark - Lighted,Clear,0,1,[],[],1,1,Valid,1.0,1.0,30.0,30.0,['Female'],0,0,3,4,4,Dry,Straight,Level,Lowest,No
18298,26,Michigan,260549,0,2,2,0,2,FLINT,August,25,Friday,16,36,Urban,Low Speed (Local),No,43.03017222,-83.66598056,Complex/Circle,Daylight,Clear,Unknown,Unknown,Unknown EMS Scene Arrival Hour,Unknown EMS Scene Arrival Minutes,Not Applicable (Not Transported),Not Applicable (Not Transported),1,Daylight,Clear,1,1,['Driver'],['None_Used'],0,0,Invalid,0.0,0.0,30.0,15.0,"['Male', 'Female']",0,0,5,4,5,Dry,Straight,Level,Lowest,No
18299,26,Michigan,260550,0,4,4,0,4,NOT APPLICABLE,August,9,Wednesday,11,55,Rural,High Speed (Arterial),Yes,42.87948056,-85.24829167,Non-Intersection,Daylight,Clear,Unknown,Unknown,Unknown EMS Scene Arrival Hour,Unknown EMS Scene Arrival Minutes,Unknown,Unknown EMS Hospital Arrival Time,1,Daylight,Clear,1,3,['Driver'],['Shoulder_Lapbelt'],0,0,Valid,1.0,0.0,68.0,58.0,"['Male', 'Female', 'Male', 'Male']",0,0,4,4,5,Dry,Straight,Level,Lowest,No
18300,26,Michigan,260551,0,2,2,0,3,DETROIT,August,5,Saturday,23,34,Urban,High Speed (Arterial),Yes,42.34880278,-83.10377222,Non-Intersection,Dark - Lighted,Clear,Unknown,Unknown,Unknown EMS Scene Arrival Hour,Unknown EMS Scene Arrival Minutes,Not Applicable (Not Transported),Not Applicable (Not Transported),1,Dark - Lighted,Clear,1,2,['Driver'],['None_Used'],1,1,Valid,2.0,0.0,34.0,31.0,"['Female', 'Male']",0,0,5,4,5,Dry,Straight,Level,Lowest,No
18301,26,Michigan,260552,0,1,1,0,2,NOT APPLICABLE,August,6,Sunday,4,1,Rural,Medium Speed (Collector),No,42.36253611,-84.15185278,Non-Intersection,Dark - Not Lighted,Rain,4:00am-4:59am,5,4:00am-4:59am,20,Unknown,Unknown EMS Hospital Arrival Time,1,Dark - Unlighted,Rain/Wind/Minor,1,1,['Driver'],['None_Used'],1,1,Valid,0.0,1.0,22.0,22.0,['Male'],0,0,5,3,1,Wet/Standing Water,Straight,Level,Lowest,No
18302,26,Michigan,260553,0,2,2,0,2,DETROIT,August,9,Wednesday,12,59,Urban,High Speed (Arterial),Yes,42.3568,-83.05191944,Non-Intersection,Daylight,Cloudy,Unknown,Unknown,Unknown EMS Scene Arrival Hour,Unknown EMS Scene Arrival Minutes,Unknown,Unknown EMS Hospital Arrival Time,1,Daylight,Reduced Visibility,1,1,['Driver'],['Shoulder_Lapbelt'],0,0,Valid,1.0,1.0,71.0,53.0,"['Male', 'Male']",0,0,4,4,5,Dry,Straight,Level,Lowest,No
18303,26,Michigan,260554,0,1,1,0,1,NOT APPLICABLE,August,11,Friday,2,10,Rural,Medium Speed (Collector),No,44.49362222,-86.04342222,Non-Intersection,Dark - Not Lighted,Clear,Unknown,Unknown if Notified,Unknown EMS Scene Arrival Hour,Unknown if Arrived,Not Applicable (Not Transported),Not Applicable (Not Transported),1,Dark - Unlighted,Clear,1,0,['Driver'],['Shoulder_Lapbelt'],1,1,Valid,0.0,0.0,32.0,32.0,['Male'],0,0,2,4,3,Dry,Curve,Level,Lowest,No
18304,26,Michigan,260555,0,2,2,0,2,NOT APPLICABLE,August,13,Sunday,2,49,Rural,Medium Speed (Collector),No,43.44410278,-84.78667222,Non-Intersection,Dark - Not Lighted,Clear,2:00am-2:59am,52,2:00am-2:59am,55,Unknown,Unknown EMS Hospital Arrival Time,1,Dark - Unlighted,Clear,1,1,['Driver'],['None_Used'],1,2,Valid,1.0,2.0,49.0,28.0,"['Male', 'Male']",0,0,5,4,5,Dry,Straight,Level,Lowest,No
18305,26,Michigan,260556,0,1,1,0,1,NOT APPLICABLE,August,14,Monday,22,37,Urban,Medium Speed (Collector),No,42.68836111,-82.50850556,Non-Intersection,Dark - Not Lighted,Rain,10:00pm-10:59pm,38,10:00pm-10:59pm,53,Not Applicable (Not Transported),Not Applicable (Not Transported),1,Dark - Unlighted,Rain/Wind/Minor,1,0,['Driver'],['Shoulder_Lapbelt'],0,0,Valid,0.0,0.0,84.0,84.0,['Male'],0,0,3,4,2,Wet/Standing Water,Straight,Level,Lowest,No
18306,26,Michigan,260557,0,2,2,0,2,DETROIT,August,10,Thursday,5,30,Urban,Medium Speed (Collector),No,42.42491111,-82.92906944,Complex/Circle,Daylight,Clear,Unknown,Unknown,Unknown EMS Scene Arrival Hour,Unknown EMS Scene Arrival Minutes,Unknown,Unknown EMS Hospital Arrival Time,1,Daylight,Clear,1,1,['Driver'],['Shoulder_Lapbelt'],1,1,Valid,0.0,0.0,49.0,33.0,"['Male', 'Female']",0,0,2,4,5,Dry,Straight,Level,Lowest,No
18307,26,Michigan,260558,0,1,1,0,1,NOT APPLICABLE,August,12,Saturday,2,21,Rural,Low Speed (Local),No,42.88484167,-83.74437778,Simple Junction,Dark - Lighted,Cloudy,2:00am-2:59am,21,2:00am-2:59am,28,Not Applicable (Not Transported),Not Applicable (Not Transported),1,Dark - Lighted,Reduced Visibility,1,0,['Driver'],['Shoulder_Lapbelt'],1,1,Valid,0.0,0.0,29.0,29.0,['Male'],1,0,2,4,3,Dry,Straight,Level,Lowest,No
18308,26,Michigan,260559,2,2,1,1,1,DETROIT,August,13,Sunday,14,0,Urban,Low Speed (Local),No,42.41106667,-83.05870833,Simple Junction,Daylight,Clear,Unknown,Unknown,Unknown EMS Scene Arrival Hour,Unknown EMS Scene Arrival Minutes,Unknown,Unknown EMS Hospital Arrival Time,1,Daylight,Clear,0,1,[],[],1,1,Valid,0.0,0.0,55.0,55.0,['Male'],0,0,2,4,4,Dry,Straight,Level,Medium,No
18309,26,Michigan,260560,0,2,2,0,7,DETROIT,August,11,Friday,19,48,Urban,High Speed (Arterial),Yes,42.41945278,-83.02368611,Non-Intersection,Daylight,Clear,Unknown,Unknown,Unknown EMS Scene Arrival Hour,Unknown EMS Scene Arrival Minutes,Unknown,Unknown EMS Hospital Arrival Time,1,Daylight,Clear,1,6,['Front_Passenger'],['Shoulder_Lapbelt'],1,1,Valid,0.0,0.0,54.0,35.0,"['Female', 'Female']",5,0,3,4,5,Dry,Straight,Level,Lowest,No
18310,26,Michigan,260561,0,1,1,0,1,NOT APPLICABLE,August,13,Sunday,2,46,Urban,High Speed (Arterial),Yes,42.67813056,-84.44098611,Non-Intersection,Dark - Lighted,Clear,2:00am-2:59am,46,3:00am-3:59am,1,Not Applicable (Not Transported),Not Applicable (Not Transported),1,Dark - Lighted,Clear,1,0,['Driver'],['Shoulder_Lapbelt'],0,0,Valid,0.0,0.0,43.0,43.0,['Male'],0,0,3,4,3,Dry,Straight,Level,Lowest,No
18311,26,Michigan,260562,1,1,1,0,2,NOT APPLICABLE,August,12,Saturday,19,50,Urban,High Speed (Arterial),Yes,42.24264167,-83.59536667,Non-Intersection,Daylight,Clear,7:00pm-7:59pm,53,7:00pm-7:59pm,56,Unknown,Unknown EMS Hospital Arrival Time,1,Daylight,Clear,0,2,[],[],0,0,Valid,1.0,0.0,20.0,20.0,['Female'],0,0,3,3,4,Dry,Straight,Level,Lowest,No
18312,26,Michigan,260563,0,1,1,0,1,NOT APPLICABLE,August,14,Monday,1,55,Rural,Medium Speed (Collector),No,41.89022778,-86.22043333,Non-Intersection,Dark - Not Lighted,Clear,1:00am-1:59am,55,2:00am-2:59am,10,Not Applicable (Not Transported),Not Applicable (Not Transported),1,Dark - Unlighted,Clear,1,0,['Driver'],['None_Used'],1,1,Valid,1.0,0.0,43.0,43.0,['Male'],0,0,5,3,1,Dry,Straight,Level,Lowest,No
18313,26,Michigan,260564,0,3,3,0,3,NOT APPLICABLE,August,14,Monday,17,40,Urban,High Speed (Arterial),Yes,42.25405,-84.46131389,Non-Intersection,Daylight,Rain,5:00pm-5:59pm,40,5:00pm-5:59pm,48,Unknown,Unknown EMS Hospital Arrival Time,1,Daylight,Rain/Wind/Minor,1,2,['Driver'],['None_Used'],0,0,Valid,1.0,1.0,79.0,16.0,"['Male', 'Female', 'Female']",0,0,3,4,5,Wet/Standing Water,Straight,Level,Lowest,No
18314,26,Michigan,260565,0,1,1,0,1,NOT APPLICABLE,August,3,Thursday,16,18,Rural,Medium Speed (Collector),No,43.37944444,-83.77382222,Non-Intersection,Daylight,Clear,Unknown,Unknown,Unknown EMS Scene Arrival Hour,Unknown EMS Scene Arrival Minutes,Not Applicable (Not Transported),Not Applicable (Not Transported),1,Daylight,Clear,1,0,['Driver'],['None_Used'],0,0,Valid,0.0,0.0,65.0,65.0,['Female'],0,0,2,4,3,Dry,Straight,Level,Lowest,No
18315,26,Michigan,260566,1,1,1,0,2,NOT APPLICABLE,August,13,Sunday,21,54,Rural,Medium Speed (Collector),No,42.48023611,-85.79857222,Non-Intersection,Dark - Not Lighted,Clear,Unknown,Unknown,Unknown EMS Scene Arrival Hour,Unknown EMS Scene Arrival Minutes,Not Applicable (Not Transported),Not Applicable (Not Transported),1,Dark - Unlighted,Clear,0,2,[],[],0,0,Valid,0.0,1.0,41.0,41.0,['Female'],0,0,3,3,4,Dry,Straight,Level,Lowest,No
18316,26,Michigan,260567,1,1,1,0,1,EASTPOINTE,August,8,Tuesday,15,6,Urban,High Speed (Arterial),Yes,42.47223333,-82.95335278,Complex/Circle,Daylight,Clear,Unknown,Unknown,Unknown EMS Scene Arrival Hour,Unknown EMS Scene Arrival Minutes,Unknown,Unknown EMS Hospital Arrival Time,1,Daylight,Clear,0,1,[],[],1,1,Valid,0.0,0.0,52.0,52.0,['Male'],0,0,3,4,4,Dry,Straight,Level,Lowest,No
18317,26,Michigan,260568,0,4,4,0,4,FERRYSBURG,August,17,Thursday,6,37,Urban,High Speed (Arterial),Yes,43.07778056,-86.21627778,Non-Intersection,Dark - Lighted,Cloudy,6:00am-6:59am,40,6:00am-6:59am,47,Unknown,Unknown EMS Hospital Arrival Time,1,Dark - Lighted,Reduced Visibility,1,3,['Driver'],['Shoulder_Lapbelt'],0,0,Valid,1.0,0.0,60.0,23.0,"['Male', 'Male', 'Male', 'Male']",0,0,3,4,5,Dry,Straight,Level,Lowest,No
18318,26,Michigan,260569,1,1,1,0,1,KENTWOOD,August,14,Monday,6,2,Urban,High Speed (Arterial),Yes,42.86611111,-85.664075,Non-Intersection,Dark - Lighted,Clear,6:00am-6:59am,3,6:00am-6:59am,7,Unknown,Unknown EMS Hospital Arrival Time,1,Dark - Lighted,Clear,0,1,[],[],0,0,Valid,0.0,0.0,31.0,31.0,['Male'],0,0,3,2,4,Dry,Straight,Level,Lowest,No
18319,26,Michigan,260570,0,1,1,0,3,WALKER,June,10,Saturday,5,30,Urban,High Speed (Arterial),Yes,43.02221389,-85.66824444,Non-Intersection,Dark - Not Lighted,Clear,Unknown,Unknown,Unknown EMS Scene Arrival Hour,Unknown EMS Scene Arrival Minutes,Not Applicable (Not Transported),Not Applicable (Not Transported),1,Dark - Unlighted,Clear,1,2,['Rear_Seat'],['None_Used'],0,0,Invalid,0.0,0.0,16.0,16.0,['Male'],0,0,2,4,2,Dry,Curve,Level,Lowest,No
18320,26,Michigan,260571,1,1,1,0,2,NILES,August,25,Friday,21,34,Urban,Medium Speed (Collector),No,41.82794167,-86.25630278,Complex/Circle,Dark - Lighted,Clear,Unknown,Unknown,Unknown EMS Scene Arrival Hour,Unknown EMS Scene Arrival Minutes,Unknown,Unknown EMS Hospital Arrival Time,1,Dark - Lighted,Clear,0,2,[],[],0,0,Valid,1.0,0.0,32.0,32.0,['Female'],0,0,3,3,4,Dry,Straight,Level,Lowest,No
18321,26,Michigan,260572,0,2,2,0,2,PORTAGE,June,8,Thursday,19,22,Urban,High Speed (Arterial),Yes,42.24491944,-85.53087778,Complex/Circle,Daylight,Clear,7:00pm-7:59pm,22,7:00pm-7:59pm,24,Not Applicable (Not Transported),Not Applicable (Not Transported),1,Daylight,Clear,1,1,['Driver'],['None_Used'],0,0,Valid,0.0,0.0,36.0,22.0,"['Male', 'Male']",0,0,5,4,5,Dry,Straight,Level,Lowest,No
18322,26,Michigan,260573,0,2,2,0,2,BROWNSTOWN TOWNSHIP,August,6,Sunday,17,15,Urban,High Speed (Arterial),Yes,42.15811111,-83.24972222,Non-Intersection,Daylight,Rain,5:00pm-5:59pm,15,5:00pm-5:59pm,19,Unknown,Unknown EMS Hospital Arrival Time,1,Daylight,Rain/Wind/Minor,1,1,['Driver'],['Shoulder_Lapbelt'],0,0,Valid,0.0,1.0,33.0,26.0,"['Male', 'Male']",0,0,3,4,5,Wet/Standing Water,Straight,Level,Lowest,No
18323,26,Michigan,260574,0,2,2,0,3,CLINTON TOWNSHIP,August,15,Tuesday,17,22,Urban,High Speed (Arterial),Yes,42.62080833,-82.88050833,Non-Intersection,Daylight,Rain,5:00pm-5:59pm,23,5:00pm-5:59pm,25,Unknown,Unknown EMS Hospital Arrival Time,2,Daylight,Rain/Wind/Minor,2,1,"['Driver', 'Driver']","['Shoulder_Lapbelt', 'Shoulder_Lapbelt']",0,0,Valid,3.0,1.0,51.0,50.0,"['Female', 'Female']",0,0,3,4,5,Wet/Standing Water,Straight,Level,Lowest,No
18324,26,Michigan,260575,0,2,2,0,3,NOT APPLICABLE,August,15,Tuesday,18,23,Urban,Medium Speed (Collector),No,43.074225,-85.65400833,Complex/Circle,Daylight,Clear,6:00pm-6:59pm,25,6:00pm-6:59pm,31,Not Applicable (Not Transported),Not Applicable (Not Transported),1,Daylight,Clear,1,2,['Driver'],['None_Used'],1,1,Valid,0.0,1.0,44.0,30.0,"['Male', 'Male']",1,0,5,4,5,Dry,Straight,Level,Lowest,No
18325,26,Michigan,260576,0,2,2,0,3,NOT APPLICABLE,August,19,Saturday,0,51,Rural,Medium Speed (Collector),No,42.37258889,-85.37696944,Simple Junction,Dark - Lighted,Clear,0:00am-0:59am,52,0:00am-0:59am,58,Unknown,Unknown EMS Hospital Arrival Time,2,Dark - Lighted,Clear,2,1,"['Driver', 'Front_Passenger']","['Shoulder_Lapbelt', 'Shoulder_Lapbelt']",0,0,Valid,2.0,0.0,87.0,29.0,"['Female', 'Male']",0,0,3,4,5,Dry,Straight,Level,Lowest,No
18326,26,Michigan,260577,0,1,1,0,3,NOT APPLICABLE,August,19,Saturday,23,26,Rural,Medium Speed (Collector),No,42.411825,-84.18976667,Non-Intersection,Dark - Not Lighted,Clear,11:00pm-11:59pm,30,11:00pm-11:59pm,35,Unknown,Unknown EMS Hospital Arrival Time,1,Dark - Unlighted,Clear,1,2,['Rear_Seat'],['None_Used'],0,0,Valid,0.0,1.0,20.0,20.0,['Female'],3,0,2,4,3,Dry,Curve,Level,Lowest,No
18327,26,Michigan,260578,0,2,2,0,2,NOT APPLICABLE,August,20,Sunday,12,13,Rural,Low Speed (Local),No,42.21757778,-84.75827778,Non-Intersection,Daylight,Clear,12:00pm-12:59pm,12,12:00pm-12:59pm,20,Not Applicable (Not Transported),Not Applicable (Not Transported),1,Daylight,Clear,1,1,['Driver'],['None_Used'],0,0,Valid,1.0,2.0,69.0,20.0,"['Male', 'Male']",0,0,2,4,5,Dry,Straight,Grade/Hillcrest,Lowest,No
18328,26,Michigan,260579,0,1,1,0,2,NOT APPLICABLE,August,21,Monday,12,40,Urban,Medium Speed (Collector),No,42.27691111,-83.66231111,Non-Intersection,Daylight,Clear,12:00pm-12:59pm,43,12:00pm-12:59pm,45,Unknown,Unknown EMS Hospital Arrival Time,1,Daylight,Clear,1,1,['Front_Passenger'],['None_Used'],0,0,Valid,0.0,0.0,32.0,32.0,['Male'],0,0,3,4,3,Dry,Curve,Level,Lowest,No
18329,26,Michigan,260580,1,3,2,1,2,ROCHESTER HILLS,August,19,Saturday,23,53,Urban,High Speed (Arterial),Yes,42.62831944,-83.13137222,Non-Intersection,Dark - Not Lighted,Clear,11:00pm-11:59pm,57,Unknown EMS Scene Arrival Hour,Unknown EMS Scene Arrival Minutes,Unknown,Unknown EMS Hospital Arrival Time,1,Dark - Unlighted,Clear,1,1,['Driver'],['None_Used'],1,1,Valid,4.0,0.0,37.0,29.0,"['Male', 'Male']",0,0,3,4,5,Dry,Straight,Level,Lowest,No
18330,26,Michigan,260581,0,2,2,0,3,GARDEN CITY,August,15,Tuesday,23,30,Urban,Medium Speed (Collector),No,42.31765278,-83.36458333,Complex/Circle,Dark - Not Lighted,Clear,11:00pm-11:59pm,39,Unknown EMS Scene Arrival Hour,Unknown EMS Scene Arrival Minutes,Unknown,Unknown EMS Hospital Arrival Time,1,Dark - Unlighted,Clear,1,2,['Driver'],['None_Used'],0,0,Valid,1.0,1.0,68.0,36.0,"['Male', 'Male']",2,0,5,4,5,Dry,Straight,Level,Lowest,No
18331,26,Michigan,260582,0,2,2,0,4,NOT APPLICABLE,August,18,Friday,22,56,Urban,Medium Speed (Collector),No,42.63872778,-83.03281111,Non-Intersection,Dark - Lighted,Clear,Unknown,Unknown,Unknown EMS Scene Arrival Hour,Unknown EMS Scene Arrival Minutes,Unknown,Unknown EMS Hospital Arrival Time,1,Dark - Lighted,Clear,1,3,['Front_Passenger'],['None_Used'],1,2,Valid,2.0,0.0,43.0,26.0,"['Female', 'Female']",2,0,3,4,5,Dry,Straight,Level,Lowest,No
18332,26,Michigan,260583,1,1,1,0,2,ROSEVILLE,August,18,Friday,4,24,Urban,High Speed (Arterial),Yes,42.49374167,-82.96441667,Non-Intersection,Dark - Lighted,Clear,Unknown,Unknown,Unknown EMS Scene Arrival Hour,Unknown EMS Scene Arrival Minutes,Not Applicable (Not Transported),Not Applicable (Not Transported),1,Dark - Lighted,Clear,0,2,[],[],0,0,Invalid,0.0,0.0,43.0,43.0,['Male'],0,0,2,3,4,Dry,Straight,Level,Lowest,No
18333,26,Michigan,260584,2,1,1,0,1,DETROIT,August,18,Friday,17,28,Urban,High Speed (Arterial),Yes,42.33939444,-83.02980833,Complex/Circle,Daylight,Clear,Unknown,Unknown,Unknown EMS Scene Arrival Hour,Unknown EMS Scene Arrival Minutes,Unknown,Unknown EMS Hospital Arrival Time,1,Daylight,Clear,0,1,[],[],1,1,Valid,0.0,0.0,28.0,28.0,['Male'],0,0,3,4,4,Dry,Straight,Level,Lowest,No
18334,26,Michigan,260585,0,1,1,0,1,DETROIT,August,22,Tuesday,23,1,Urban,Medium Speed (Collector),No,42.43725833,-83.21681667,Non-Intersection,Dark - Lighted,Clear,Unknown,Unknown,Unknown EMS Scene Arrival Hour,Unknown EMS Scene Arrival Minutes,Unknown,Unknown EMS Hospital Arrival Time,1,Dark - Lighted,Clear,1,0,['Driver'],['Shoulder_Lapbelt'],0,0,Invalid,0.0,0.0,46.0,46.0,['Female'],1,0,2,4,3,Dry,Straight,Level,Lowest,No
18335,26,Michigan,260586,0,2,2,0,4,NOT APPLICABLE,August,23,Wednesday,17,11,Urban,Medium Speed (Collector),No,44.71551667,-85.54454167,Non-Intersection,Daylight,Rain,Unknown,Unknown,Unknown EMS Scene Arrival Hour,Unknown EMS Scene Arrival Minutes,Unknown,Unknown EMS Hospital Arrival Time,2,Daylight,Rain/Wind/Minor,2,2,"['Driver', 'Front_Passenger']","['Shoulder_Lapbelt', 'Shoulder_Lapbelt']",0,0,Valid,0.0,0.0,78.0,51.0,"['Male', 'Male']",0,0,3,4,5,Wet/Standing Water,Straight,Level,Lowest,No
18336,26,Michigan,260587,0,4,4,0,4,NOT APPLICABLE,August,10,Thursday,10,31,Urban,Medium Speed (Collector),No,42.32496389,-83.62523889,Non-Intersection,Daylight,Clear,10:00am-10:59am,35,10:00am-10:59am,47,Unknown,Unknown EMS Hospital Arrival Time,1,Daylight,Clear,1,3,['Driver'],['Shoulder_Lapbelt'],0,0,Valid,1.0,0.0,75.0,29.0,"['Male', 'Male', 'Male', 'Female']",0,0,3,4,5,Dry,Straight,Level,Lowest,No
18337,26,Michigan,260588,0,3,3,0,3,DETROIT,August,26,Saturday,2,38,Urban,High Speed (Arterial),Yes,42.31345278,-83.09153056,Non-Intersection,Dark - Not Lighted,Cloudy,2:00am-2:59am,25,2:00am-2:59am,29,Unknown,Unknown EMS Hospital Arrival Time,1,Dark - Unlighted,Reduced Visibility,1,2,['Driver'],['None_Used'],1,1,Invalid,1.0,2.0,41.0,26.0,"['Male', 'Male', 'Male']",0,0,3,4,5,Dry,Straight,Level,Lowest,No
18338,26,Michigan,260589,0,2,2,0,5,NOT APPLICABLE,August,24,Thursday,20,11,Rural,Medium Speed (Collector),No,43.23528333,-85.40824722,Non-Intersection,Daylight,Rain,8:00pm-8:59pm,14,8:00pm-8:59pm,25,Unknown,Unknown EMS Hospital Arrival Time,3,Daylight,Rain/Wind/Minor,3,2,"['Front_Passenger', 'Rear_Seat', 'Rear_Seat']","['Shoulder_Lapbelt', 'Child_Safety', 'Child_Safety']",1,1,Valid,2.0,1.0,42.0,22.0,"['Male', 'Male']",4,0,3,4,5,Wet/Standing Water,Straight,Level,Lowest,No
18339,26,Michigan,260590,0,2,2,0,3,NOT APPLICABLE,August,27,Sunday,12,35,Rural,High Speed (Arterial),Yes,43.356425,-82.54050833,Non-Intersection,Daylight,Clear,12:00pm-12:59pm,37,12:00pm-12:59pm,55,Unknown,Unknown EMS Hospital Arrival Time,1,Daylight,Clear,1,2,['Driver'],['None_Used'],0,0,Valid,0.0,1.0,71.0,30.0,"['Male', 'Female']",0,0,3,4,5,Dry,Curve,Grade/Hillcrest,Lowest,No