,State_Code,State_Name,Crash_ID,Count_Non_Motorists,Count_Vehicles_Total,Count_Vehicle_Forms,Count_PVH_Involved,Count_Occupants_MV,City_Name,Month_Name,Day_of_Month,Day_of_Week,Crash_Hour,Crash_Minute,Area_Rural_Urban,Road_Functional_Class,On_NHS_Road,Latitude,Longitude,Intersection_Type,Light_Condition,Weather_Condition,Notif_Hour,Notif_Minute,Arrival_Hour,Arrival_Minute,Hospital_Hour,Hospital_Minute,Fatalities_Count,Clean_Light_Condition,Clean_Weather_Condition,Total_Killed,Total_Alive,Fatal_Seats_List,Killed_Restraint_List,Any_Driver_Drinking,Total_Drinking_Drivers,Driver_License_Category,Driver_Max_Prev_Accident_Count,Driver_Max_Prev_Speeding_Count,Max_Driver_Age,Min_Driver_Age,Driver_Sex_List,Total_Exceeding_Limit_Vehicles,Total_Too_Fast_Vehicles,Max_Vehicle_Type_Severity_5,Max_Vehicle_Damage_Rank,Max_Harmful_Event_Severity,Crash_Road_Surface_Condition,Crash_Horizontal_Alignment,Crash_Vertical_Profile,Crash_Impairment_Category,Crash_Vehicle_Defect
18340,26,Michigan,260591,0,1,1,0,4,AU TRAIN,August,19,Saturday,18,22,Rural,Low Speed (Local),No,46.43135278,-86.83616944,Non-Intersection,Daylight,Clear,Unknown,Unknown,Unknown EMS Scene Arrival Hour,Unknown EMS Scene Arrival Minutes,Unknown,Unknown EMS Hospital Arrival Time,1,Daylight,Clear,1,3,['Non_Standard_Risk'],['None_Used'],1,1,Valid,1.0,0.0,22.0,22.0,['Male'],0,0,3,1,1,Dry,Curve,Level,Lowest,No
18341,26,Michigan,260592,0,2,2,0,2,ROSEVILLE,August,28,Monday,5,45,Urban,High Speed (Arterial),Yes,42.50989444,-82.92811944,Complex/Circle,Dark - Lighted,Clear,5:00am-5:59am,47,5:00am-5:59am,52,Unknown,Unknown EMS Hospital Arrival Time,1,Dark - Lighted,Clear,1,1,['Driver'],['None_Used'],0,0,Valid,1.0,0.0,28.0,27.0,"['Female', 'Male']",0,0,5,4,5,Dry,Straight,Level,Lowest,No
18342,26,Michigan,260593,0,2,2,0,2,NOT APPLICABLE,August,21,Monday,18,22,Rural,Medium Speed (Collector),No,44.33588333,-84.91219444,Non-Intersection,Daylight,Clear,6:00pm-6:59pm,24,6:00pm-6:59pm,32,Unknown,Unknown EMS Hospital Arrival Time,1,Daylight,Clear,1,1,['Driver'],['None_Used'],0,0,Valid,2.0,1.0,71.0,57.0,"['Male', 'Male']",0,0,5,4,5,Dry,Straight,Level,Lowest,No
18343,26,Michigan,260594,0,1,1,0,1,NOT APPLICABLE,August,26,Saturday,11,39,Rural,High Speed (Arterial),Yes,42.87942222,-85.15900556,Non-Intersection,Daylight,Cloudy,Unknown,Unknown,Unknown EMS Scene Arrival Hour,Unknown EMS Scene Arrival Minutes,Not Applicable (Not Transported),Not Applicable (Not Transported),1,Daylight,Reduced Visibility,1,0,['Driver'],['Shoulder_Lapbelt'],1,1,Invalid,0.0,0.0,65.0,65.0,['Male'],0,0,3,4,3,Dry,Straight,Level,Lowest,No
18344,26,Michigan,260595,0,2,2,0,3,DETROIT,August,28,Monday,20,8,Urban,High Speed (Arterial),Yes,42.35125,-83.23573333,Non-Intersection,Dark - Lighted,Clear,Unknown,Unknown,Unknown EMS Scene Arrival Hour,Unknown EMS Scene Arrival Minutes,Unknown,Unknown EMS Hospital Arrival Time,1,Dark - Lighted,Clear,1,2,['Driver'],['None_Used'],0,0,Valid,0.0,1.0,52.0,37.0,"['Male', 'Female']",1,0,5,0,5,Dry,Straight,Level,Lowest,No
18345,26,Michigan,260596,0,2,2,0,2,NOT APPLICABLE,August,22,Tuesday,13,19,Rural,Medium Speed (Collector),No,42.93576389,-84.222625,Complex/Circle,Daylight,Rain,Unknown,Unknown,Unknown EMS Scene Arrival Hour,Unknown EMS Scene Arrival Minutes,Unknown,Unknown EMS Hospital Arrival Time,1,Daylight,Rain/Wind/Minor,1,1,['Driver'],['None_Used'],0,0,Valid,0.0,0.0,60.0,57.0,"['Male', 'Male']",0,0,5,4,5,Wet/Standing Water,Straight,Level,Lowest,No
18346,26,Michigan,260597,0,1,1,0,1,NOT APPLICABLE,August,31,Thursday,2,19,Rural,Medium Speed (Collector),No,42.30251667,-86.05765556,Non-Intersection,Dark - Not Lighted,Clear,2:00am-2:59am,24,2:00am-2:59am,28,Not Applicable (Not Transported),Not Applicable (Not Transported),1,Dark - Unlighted,Clear,1,0,['Driver'],['Shoulder_Lapbelt'],0,0,Valid,0.0,0.0,21.0,21.0,['Male'],0,0,3,4,3,Dry,Curve,Level,Lowest,No
18347,26,Michigan,260598,0,1,1,0,1,NOT APPLICABLE,August,24,Thursday,20,19,Rural,Medium Speed (Collector),No,46.15985833,-88.14063333,Non-Intersection,Dark - Not Lighted,Clear,8:00pm-8:59pm,19,8:00pm-8:59pm,30,Unknown,Unknown EMS Hospital Arrival Time,1,Dark - Unlighted,Clear,1,0,['Driver'],['Shoulder_Lapbelt'],1,1,Valid,0.0,0.0,60.0,60.0,['Male'],0,0,3,4,3,Dry,Curve,Level,Lowest,No
18348,26,Michigan,260599,0,1,1,0,2,NOT APPLICABLE,August,26,Saturday,4,20,Rural,Medium Speed (Collector),No,43.55519167,-85.67183056,Non-Intersection,Dark - Not Lighted,Clear,4:00am-4:59am,20,4:00am-4:59am,33,Unknown,Unknown EMS Hospital Arrival Time,1,Dark - Unlighted,Clear,1,1,['Front_Passenger'],['None_Used'],1,1,Valid,0.0,0.0,18.0,18.0,['Female'],0,0,2,4,3,Dry,Straight,Level,Lowest,Yes
18349,26,Michigan,260600,0,2,2,0,2,SALINE,August,3,Thursday,22,28,Urban,Medium Speed (Collector),No,42.16198611,-83.80018333,Non-Intersection,Dark - Lighted,Clear,Unknown,Unknown,Unknown EMS Scene Arrival Hour,Unknown EMS Scene Arrival Minutes,Unknown,Unknown EMS Hospital Arrival Time,1,Dark - Lighted,Clear,1,1,['Driver'],['None_Used'],1,2,Valid,1.0,1.0,61.0,52.0,"['Female', 'Male']",1,0,5,4,5,Dry,Curve,Level,Lowest,No
18350,26,Michigan,260601,0,3,1,2,3,NOT APPLICABLE,August,26,Saturday,2,55,Rural,Low Speed (Local),No,42.63633611,-84.51381389,Complex/Circle,Dark - Not Lighted,Clear,3:00am-3:59am,3,3:00am-3:59am,10,Unknown,Unknown EMS Hospital Arrival Time,2,Dark - Unlighted,Clear,2,1,"['Front_Passenger', 'Rear_Seat']","['Shoulder_Lapbelt', 'None_Used']",1,1,Valid,0.0,0.0,18.0,18.0,['Male'],0,0,2,4,5,Dry,Straight,Level,Lowest,No
18351,26,Michigan,260602,0,1,1,0,5,NOT APPLICABLE,August,27,Sunday,19,17,Urban,High Speed (Arterial),Yes,42.218775,-83.53571944,Non-Intersection,Daylight,Clear,7:00pm-7:59pm,17,7:00pm-7:59pm,20,Unknown,Unknown EMS Hospital Arrival Time,1,Daylight,Clear,1,4,['Rear_Seat'],['None_Used'],0,0,Invalid,0.0,0.0,23.0,23.0,['Male'],5,0,2,4,3,Wet/Standing Water,Straight,Level,Lowest,No
18352,26,Michigan,260603,0,1,1,0,2,NOT APPLICABLE,August,31,Thursday,20,43,Rural,Medium Speed (Collector),No,43.21328611,-86.04609444,Non-Intersection,Daylight,Clear,Unknown,Unknown,Unknown EMS Scene Arrival Hour,Unknown EMS Scene Arrival Minutes,Unknown,Unknown EMS Hospital Arrival Time,1,Daylight,Clear,1,1,['Driver'],['None_Used'],1,1,Invalid,0.0,0.0,59.0,59.0,['Male'],0,0,5,4,2,Dry,Straight,Level,Lowest,No
18353,26,Michigan,260604,0,1,1,0,1,NADEAU,August,24,Thursday,23,6,Rural,High Speed (Arterial),Yes,45.52243333,-87.59476389,Non-Intersection,Dark - Not Lighted,Cloudy,11:00pm-11:59pm,5,Unknown EMS Scene Arrival Hour,Unknown EMS Scene Arrival Minutes,Not Applicable (Not Transported),Not Applicable (Not Transported),1,Dark - Unlighted,Reduced Visibility,1,0,['Driver'],['Shoulder_Lapbelt'],1,1,Valid,1.0,1.0,27.0,27.0,['Male'],0,0,3,4,3,Dry,Curve,Level,Lowest,No
18354,26,Michigan,260605,2,1,1,0,2,NOT APPLICABLE,August,27,Sunday,3,3,Urban,High Speed (Arterial),Yes,43.08156389,-83.69409444,Complex/Circle,Dark - Lighted,Cloudy,3:00am-3:59am,3,3:00am-3:59am,8,Unknown,Unknown EMS Hospital Arrival Time,1,Dark - Lighted,Reduced Visibility,0,2,[],[],1,1,Valid,0.0,0.0,33.0,33.0,['Male'],0,0,2,3,4,Dry,Straight,Level,Lowest,No
18355,26,Michigan,260606,0,2,2,0,7,DEARBORN,August,23,Wednesday,20,47,Urban,High Speed (Arterial),No,42.32737778,-83.19574722,Non-Intersection,Dark - Lighted,Cloudy,8:00pm-8:59pm,51,8:00pm-8:59pm,58,Unknown,Unknown EMS Hospital Arrival Time,1,Dark - Lighted,Reduced Visibility,1,6,['Rear_Seat'],['Shoulder_Lapbelt'],1,1,Invalid,1.0,0.0,41.0,21.0,"['Male', 'Female']",5,0,3,4,5,Dry,Straight,Level,Lowest,No
18356,26,Michigan,260607,0,2,2,0,3,OSSINEKE,August,28,Monday,16,15,Rural,Medium Speed (Collector),No,44.902575,-83.6284,Complex/Circle,Daylight,Clear,4:00pm-4:59pm,16,4:00pm-4:59pm,21,Not Applicable (Not Transported),Not Applicable (Not Transported),1,Daylight,Clear,1,2,['Driver'],['None_Used'],1,1,Invalid,0.0,0.0,81.0,61.0,"['Male', 'Male']",0,0,5,4,5,Dry,Straight,Level,Lowest,No
18357,26,Michigan,260608,1,1,1,0,1,DETROIT,August,28,Monday,22,15,Urban,Medium Speed (Collector),No,42.42744722,-82.95327222,Complex/Circle,Dark - Not Lighted,Clear,Unknown,Unknown,Unknown EMS Scene Arrival Hour,Unknown EMS Scene Arrival Minutes,Unknown,Unknown EMS Hospital Arrival Time,1,Dark - Unlighted,Clear,0,1,[],[],0,0,Invalid,1.0,1.0,32.0,32.0,['Male'],0,0,3,1,4,Dry,Straight,Level,Lowest,No
18358,26,Michigan,260609,0,2,2,0,2,DETROIT,August,26,Saturday,19,15,Urban,Medium Speed (Collector),No,42.37642222,-83.26103889,Complex/Circle,Dark - Lighted,Clear,Unknown,Unknown,Unknown EMS Scene Arrival Hour,Unknown EMS Scene Arrival Minutes,Unknown,Unknown EMS Hospital Arrival Time,1,Dark - Lighted,Clear,1,1,['Driver'],['None_Used'],0,0,Valid,2.0,0.0,56.0,41.0,"['Male', 'Male']",0,0,5,4,5,Dry,Straight,Level,Lowest,No
18359,26,Michigan,260610,0,2,2,0,3,NOT APPLICABLE,August,28,Monday,19,15,Urban,High Speed (Arterial),Yes,44.66494722,-85.69394167,Non-Intersection,Daylight,Cloudy,7:00pm-7:59pm,15,7:00pm-7:59pm,17,Unknown,Unknown EMS Hospital Arrival Time,1,Daylight,Reduced Visibility,1,2,['Front_Passenger'],['Shoulder_Lapbelt'],0,0,Valid,1.0,0.0,79.0,64.0,"['Female', 'Male']",0,0,3,4,5,Dry,Straight,Non-Trafficway,Lowest,No
18360,26,Michigan,260611,0,1,1,0,1,NOT APPLICABLE,August,30,Wednesday,19,55,Urban,Medium Speed (Collector),No,43.62073611,-83.95170556,Non-Intersection,Daylight,Clear,7:00pm-7:59pm,56,8:00pm-8:59pm,1,Not Applicable (Not Transported),Not Applicable (Not Transported),1,Daylight,Clear,1,0,['Driver'],['None_Used'],1,1,Valid,0.0,0.0,43.0,43.0,['Male'],0,0,5,0,2,Dry,Straight,Level,Lowest,No
18361,26,Michigan,260612,1,1,1,0,1,CHESTERFIELD TOWNSHIP,August,29,Tuesday,0,0,Urban,Medium Speed (Collector),No,42.66561944,-82.83165556,Non-Intersection,Dark - Not Lighted,Clear,Unknown,Unknown,Unknown EMS Scene Arrival Hour,Unknown EMS Scene Arrival Minutes,Not Applicable (Not Transported),Not Applicable (Not Transported),1,Dark - Unlighted,Clear,0,1,[],[],0,0,Valid,0.0,0.0,25.0,25.0,['Male'],0,0,3,3,4,Dry,Straight,Level,Lowest,No
18362,26,Michigan,260613,0,2,2,0,3,PORTAGE,August,17,Thursday,18,49,Urban,High Speed (Arterial),Yes,42.201025,-85.59277222,Non-Intersection,Daylight,Cloudy,6:00pm-6:59pm,50,6:00pm-6:59pm,55,Unknown,Unknown EMS Hospital Arrival Time,1,Daylight,Reduced Visibility,1,2,['Driver'],['None_Used'],0,0,Valid,2.0,1.0,53.0,34.0,"['Female', 'Male']",0,0,5,4,5,Dry,Straight,Level,Lowest,No
18363,26,Michigan,260615,0,4,4,0,5,LIVONIA,August,9,Wednesday,8,51,Urban,High Speed (Arterial),Yes,42.36788056,-83.39234444,Non-Intersection,Daylight,Clear,8:00am-8:59am,52,8:00am-8:59am,56,Unknown,Unknown EMS Hospital Arrival Time,1,Daylight,Clear,1,4,['Driver'],['None_Used'],0,0,Valid,2.0,1.0,62.0,31.0,"['Male', 'Female', 'Male', 'Male']",1,0,5,4,5,Dry,Straight,Level,Lowest,No
18364,26,Michigan,260616,0,2,2,0,3,DETROIT,August,31,Thursday,10,35,Urban,High Speed (Arterial),Yes,42.41436389,-82.99937778,Non-Intersection,Daylight,Clear,Unknown,Unknown,Unknown EMS Scene Arrival Hour,Unknown EMS Scene Arrival Minutes,Unknown,Unknown EMS Hospital Arrival Time,1,Daylight,Clear,1,2,['Driver'],['None_Used'],0,0,Valid,1.0,0.0,25.0,24.0,"['Female', 'Female']",0,0,2,4,5,Dry,Straight,Level,Lowest,No
18365,26,Michigan,260617,1,1,1,0,1,DETROIT,August,8,Tuesday,16,7,Urban,High Speed (Arterial),Yes,42.33182222,-83.21588056,Non-Intersection,Daylight,Cloudy,Unknown,Unknown,Unknown EMS Scene Arrival Hour,Unknown EMS Scene Arrival Minutes,Not Applicable (Not Transported),Not Applicable (Not Transported),1,Daylight,Reduced Visibility,0,0,[],[],0,0,Invalid,0.0,0.0,999.0,999.0,['Other'],0,0,2,0,4,Dry,Straight,Level,Lowest,No
18366,26,Michigan,260618,0,4,4,0,6,GRAND RAPIDS,August,15,Tuesday,16,0,Urban,High Speed (Arterial),Yes,42.96312222,-85.66425,Simple Junction,Daylight,Clear,4:00pm-4:59pm,0,4:00pm-4:59pm,5,Unknown,Unknown EMS Hospital Arrival Time,1,Daylight,Clear,1,5,['Driver'],['None_Used'],0,0,Valid,1.0,2.0,34.0,24.0,"['Male', 'Male', 'Female', 'Female']",0,0,5,4,5,Dry,Straight,Grade/Hillcrest,Lowest,No
18367,26,Michigan,260619,0,1,1,0,1,GRAND RAPIDS,August,27,Sunday,5,22,Urban,High Speed (Arterial),Yes,42.97566389,-85.67811111,Non-Intersection,Dark - Lighted,Clear,Unknown,Unknown,Unknown EMS Scene Arrival Hour,Unknown EMS Scene Arrival Minutes,Unknown,Unknown EMS Hospital Arrival Time,1,Dark - Lighted,Clear,1,0,['Driver'],['None_Used'],1,1,Invalid,0.0,0.0,44.0,44.0,['Male'],0,0,2,4,2,Dry,Straight,Level,Lowest,No
18368,26,Michigan,260620,0,1,1,0,1,NOT APPLICABLE,August,27,Sunday,3,56,Urban,Medium Speed (Collector),No,42.18626111,-85.85190833,Non-Intersection,Dark - Lighted,Clear,3:00am-3:59am,56,4:00am-4:59am,1,Not Applicable (Not Transported),Not Applicable (Not Transported),1,Dark - Lighted,Clear,1,0,['Driver'],['None_Used'],1,1,Invalid,0.0,0.0,29.0,29.0,['Male'],1,0,3,4,3,Dry,Curve,Level,Lowest,No
18369,26,Michigan,260621,0,1,1,0,2,NOT APPLICABLE,August,27,Sunday,2,22,Urban,High Speed (Arterial),Yes,43.07804167,-86.08543056,Non-Intersection,Dark - Not Lighted,Clear,2:00am-2:59am,24,2:00am-2:59am,32,Unknown,Unknown EMS Hospital Arrival Time,1,Dark - Unlighted,Clear,1,1,['Front_Passenger'],['None_Used'],0,0,Valid,3.0,2.0,23.0,23.0,['Male'],2,0,3,4,3,Dry,Straight,Level,Lowest,No
18370,26,Michigan,260622,1,1,1,0,1,DETROIT,August,18,Friday,8,35,Urban,High Speed (Arterial),Yes,42.35851944,-83.15791944,Non-Intersection,Daylight,Clear,Unknown,Unknown,Unknown EMS Scene Arrival Hour,Unknown EMS Scene Arrival Minutes,Unknown,Unknown EMS Hospital Arrival Time,1,Daylight,Clear,0,1,[],[],0,0,Invalid,0.0,1.0,27.0,27.0,['Male'],0,0,2,2,4,Dry,Straight,Non-Trafficway,Lowest,No
18371,26,Michigan,260623,0,2,2,0,2,DETROIT,August,26,Saturday,4,31,Urban,High Speed (Arterial),Yes,42.27791667,-83.15453889,Non-Intersection,Dark - Lighted,Clear,Unknown,Unknown,Unknown EMS Scene Arrival Hour,Unknown EMS Scene Arrival Minutes,Unknown,Unknown EMS Hospital Arrival Time,1,Dark - Lighted,Clear,1,1,['Driver'],['Shoulder_Lapbelt'],0,0,Valid,1.0,0.0,39.0,26.0,"['Male', 'Female']",0,0,2,4,5,Dry,Straight,Level,Lowest,No
18372,26,Michigan,260624,0,1,1,0,1,NOT APPLICABLE,July,6,Thursday,15,34,Urban,Low Speed (Local),No,41.78823333,-86.24509722,Non-Intersection,Daylight,Clear,3:00pm-3:59pm,34,3:00pm-3:59pm,51,Unknown,Unknown EMS Hospital Arrival Time,1,Daylight,Clear,1,0,['Driver'],['None_Used'],1,1,Valid,0.0,0.0,43.0,43.0,['Male'],0,0,3,3,3,Dry,Straight,Level,Medium,No
18373,26,Michigan,260625,1,1,1,0,1,DETROIT,August,21,Monday,22,40,Urban,High Speed (Arterial),Yes,42.41446944,-83.28043889,Non-Intersection,Dark - Lighted,Clear,Unknown,Unknown,Unknown EMS Scene Arrival Hour,Unknown EMS Scene Arrival Minutes,Unknown,Unknown EMS Hospital Arrival Time,1,Dark - Lighted,Clear,0,1,[],[],0,0,Valid,0.0,0.0,59.0,59.0,['Male'],0,0,3,3,4,Dry,Straight,Level,Lowest,No
18374,26,Michigan,260626,0,2,2,0,4,NOT APPLICABLE,September,1,Friday,19,22,Rural,Medium Speed (Collector),No,43.55273333,-84.03310556,Complex/Circle,Daylight,Clear,7:00pm-7:59pm,24,7:00pm-7:59pm,32,Not Applicable (Not Transported),Not Applicable (Not Transported),1,Daylight,Clear,1,3,['Driver'],['Shoulder_Lapbelt'],0,0,Valid,0.0,1.0,75.0,37.0,"['Male', 'Female']",0,0,3,4,5,Dry,Straight,Level,Lowest,No
18375,26,Michigan,260627,1,1,1,0,2,NOT APPLICABLE,July,30,Sunday,1,30,Urban,Medium Speed (Collector),No,43.04615278,-83.74356667,Non-Intersection,Dark - Not Lighted,Clear,Unknown,Unknown,Unknown EMS Scene Arrival Hour,Unknown EMS Scene Arrival Minutes,Not Applicable (Not Transported),Not Applicable (Not Transported),1,Dark - Unlighted,Clear,0,2,[],[],1,1,Valid,0.0,0.0,39.0,39.0,['Female'],0,0,2,3,4,Dry,Straight,Level,Lowest,No
18376,26,Michigan,260628,0,1,1,0,1,KINROSS,September,3,Sunday,0,27,Urban,Low Speed (Local),No,46.26338333,-84.45582222,Non-Intersection,Dark - Not Lighted,Clear,0:00am-0:59am,31,0:00am-0:59am,34,Not Applicable (Not Transported),Not Applicable (Not Transported),1,Dark - Unlighted,Clear,1,0,['Driver'],['None_Used'],0,0,Valid,0.0,0.0,28.0,28.0,['Male'],1,0,5,4,3,Dry,Curve,Level,Lowest,No
18377,26,Michigan,260629,0,2,2,0,2,ANN ARBOR,July,31,Monday,14,44,Urban,High Speed (Arterial),Yes,42.28302222,-83.788725,Non-Intersection,Daylight,Cloudy,Unknown,Unknown,Unknown EMS Scene Arrival Hour,Unknown EMS Scene Arrival Minutes,Unknown,Unknown EMS Hospital Arrival Time,1,Daylight,Reduced Visibility,1,1,['Driver'],['None_Used'],1,1,Valid,2.0,1.0,29.0,20.0,"['Male', 'Female']",1,0,5,4,5,Dry,Straight,Level,Lowest,No
18378,26,Michigan,260630,0,2,2,0,7,NOT APPLICABLE,September,4,Monday,16,5,Rural,Medium Speed (Collector),No,44.81491389,-85.68973611,Non-Intersection,Daylight,Clear,4:00pm-4:59pm,9,4:00pm-4:59pm,15,Unknown,Unknown EMS Hospital Arrival Time,1,Daylight,Clear,1,6,['Front_Passenger'],['Shoulder_Lapbelt'],0,0,Valid,0.0,3.0,45.0,32.0,"['Male', 'Male']",0,0,3,4,5,Dry,Straight,Grade/Hillcrest,Lowest,No
18379,26,Michigan,260631,1,3,3,0,4,"MACOMB, TOWNSHIP",August,19,Saturday,23,6,Urban,High Speed (Arterial),No,42.62993611,-82.86070556,Complex/Circle,Dark - Lighted,Clear,Unknown,Unknown,Unknown EMS Scene Arrival Hour,Unknown EMS Scene Arrival Minutes,Not Applicable (Not Transported),Not Applicable (Not Transported),1,Dark - Lighted,Clear,0,4,[],[],0,0,Valid,1.0,2.0,59.0,23.0,"['Male', 'Male', 'Female']",0,0,3,2,4,Dry,Straight,Level,Lowest,No
18380,26,Michigan,260632,0,1,1,0,1,NOT APPLICABLE,September,3,Sunday,15,20,Rural,Medium Speed (Collector),No,44.19200556,-85.01228889,Non-Intersection,Daylight,Cloudy,3:00pm-3:59pm,21,3:00pm-3:59pm,41,Not Applicable (Not Transported),Not Applicable (Not Transported),1,Daylight,Reduced Visibility,1,0,['Driver'],['None_Used'],0,0,Valid,0.0,0.0,90.0,90.0,['Female'],0,0,5,2,3,Dry,Curve,Level,Lowest,No
18381,26,Michigan,260633,1,1,1,0,2,NOT APPLICABLE,September,3,Sunday,21,41,Rural,High Speed (Arterial),Yes,44.67434167,-84.13018611,Non-Intersection,Dark - Not Lighted,Clear,9:00pm-9:59pm,42,9:00pm-9:59pm,47,Not Applicable (Not Transported),Not Applicable (Not Transported),1,Dark - Unlighted,Clear,0,2,[],[],1,1,Valid,1.0,2.0,34.0,34.0,['Male'],0,0,3,4,4,Dry,Straight,Level,Lowest,No
18382,26,Michigan,260634,0,2,2,0,2,NOT APPLICABLE,September,19,Tuesday,17,43,Urban,High Speed (Arterial),Yes,42.74095278,-84.587525,Simple Junction,Daylight,Cloudy,Unknown,Unknown if Notified,Unknown EMS Scene Arrival Hour,Unknown if Arrived,Not Applicable (Not Transported),Not Applicable (Not Transported),1,Daylight,Reduced Visibility,1,1,['Driver'],['Shoulder_Lapbelt'],0,0,Valid,0.0,3.0,70.0,42.0,"['Male', 'Male']",0,0,3,4,5,Dry,Straight,Level,Lowest,No
18383,26,Michigan,260635,0,2,2,0,4,CAMDEN,September,1,Friday,10,30,Rural,Medium Speed (Collector),No,41.70753611,-84.79617778,Complex/Circle,Daylight,Clear,10:00am-10:59am,35,10:00am-10:59am,48,Not Applicable (Not Transported),Not Applicable (Not Transported),2,Daylight,Clear,2,2,"['Driver', 'Front_Passenger']","['None_Used', 'Shoulder_Lapbelt']",0,0,Valid,0.0,0.0,54.0,45.0,"['Male', 'Male']",0,0,4,4,5,Dry,Straight,Level,Lowest,No
18384,26,Michigan,260636,0,1,1,0,1,NOT APPLICABLE,September,2,Saturday,1,41,Rural,Low Speed (Local),No,43.56581389,-84.84763611,Non-Intersection,Dark - Not Lighted,Clear,Unknown,Unknown,Unknown EMS Scene Arrival Hour,Unknown EMS Scene Arrival Minutes,Unknown,Unknown EMS Hospital Arrival Time,1,Dark - Unlighted,Clear,1,0,['Driver'],['None_Used'],0,0,Invalid,1.0,0.0,35.0,35.0,['Male'],0,0,3,4,3,Loose/Unpaved,Straight,Level,Lowest,No
18385,26,Michigan,260637,1,1,1,0,1,DEARBORN,September,5,Tuesday,6,35,Urban,High Speed (Arterial),Yes,42.34443889,-83.15934167,Simple Junction,Dark - Lighted,Clear,6:00am-6:59am,35,6:00am-6:59am,40,Unknown,Unknown EMS Hospital Arrival Time,1,Dark - Lighted,Clear,0,1,[],[],0,0,Invalid,0.0,0.0,35.0,35.0,['Male'],0,0,2,3,4,Dry,Straight,Level,Lowest,No
18386,26,Michigan,260638,0,2,2,0,5,NOT APPLICABLE,September,4,Monday,10,30,Rural,Medium Speed (Collector),No,42.00889444,-83.83047778,Complex/Circle,Daylight,Clear,10:00am-10:59am,31,10:00am-10:59am,35,Unknown,Unknown EMS Hospital Arrival Time,4,Daylight,Clear,4,1,"['Driver', 'Rear_Seat', 'Front_Passenger', 'Rear_Seat']","['Shoulder_Lapbelt', 'Shoulder_Lapbelt', 'Shoulder_Lapbelt', 'Shoulder_Lapbelt']",0,0,Valid,0.0,0.0,55.0,35.0,"['Male', 'Male']",0,0,3,4,5,Dry,Straight,Level,Lowest,No
18387,26,Michigan,260639,0,2,2,0,2,LATHRUP VILLAGE,September,6,Wednesday,19,12,Urban,High Speed (Arterial),Yes,42.5002,-83.22255,Non-Intersection,Daylight,Clear,7:00pm-7:59pm,12,7:00pm-7:59pm,13,Unknown,Unknown EMS Hospital Arrival Time,1,Daylight,Clear,1,1,['Driver'],['None_Used'],0,0,Valid,0.0,0.0,66.0,33.0,"['Male', 'Female']",0,0,3,4,5,Dry,Straight,Level,Lowest,No
18388,26,Michigan,260640,0,1,1,0,1,NOT APPLICABLE,September,2,Saturday,99,99,Rural,Medium Speed (Collector),No,43.19483056,-82.59085,Non-Intersection,Daylight,Clear,11:00am-11:59am,6,11:00am-11:59am,13,Not Applicable (Not Transported),Not Applicable (Not Transported),1,Daylight,Clear,1,0,['Driver'],['None_Used'],1,1,Valid,1.0,0.0,74.0,74.0,['Male'],0,0,3,3,2,Dry,Straight,Grade/Hillcrest,Lowest,No
18389,26,Michigan,260641,0,2,2,0,5,DETROIT,September,6,Wednesday,19,47,Urban,Low Speed (Local),No,42.31468333,-83.10212222,Complex/Circle,Daylight,Clear,Unknown,Unknown,Unknown EMS Scene Arrival Hour,Unknown EMS Scene Arrival Minutes,Unknown,Unknown EMS Hospital Arrival Time,1,Daylight,Clear,1,4,['Rear_Seat'],['Shoulder_Lapbelt'],0,0,Invalid,1.0,0.0,41.0,18.0,"['Male', 'Male']",0,0,2,4,5,Dry,Straight,Level,Lowest,No
18390,26,Michigan,260642,0,2,2,0,4,NOT APPLICABLE,September,5,Tuesday,7,50,Rural,High Speed (Arterial),Yes,43.66100278,-83.09832222,Complex/Circle,Daylight,Clear,8:00am-8:59am,1,8:00am-8:59am,21,Unknown,Unknown EMS Hospital Arrival Time,2,Daylight,Clear,2,2,"['Rear_Seat', 'Front_Passenger']","['Child_Safety', 'Shoulder_Lapbelt']",0,0,Valid,0.0,0.0,73.0,17.0,"['Female', 'Male']",0,0,3,4,5,Dry,Straight,Level,Lowest,No
18391,26,Michigan,260643,0,2,2,0,2,NOT APPLICABLE,September,7,Thursday,5,16,Urban,Medium Speed (Collector),No,41.73116944,-83.74473889,Complex/Circle,Dark - Not Lighted,Clear,5:00am-5:59am,23,5:00am-5:59am,36,Not Applicable (Not Transported),Not Applicable (Not Transported),1,Dark - Unlighted,Clear,1,1,['Driver'],['None_Used'],0,0,Valid,1.0,1.0,41.0,32.0,"['Male', 'Male']",0,0,5,4,5,Dry,Straight,Level,Lowest,No
18392,26,Michigan,260644,0,2,2,0,3,NOT APPLICABLE,September,7,Thursday,17,55,Rural,High Speed (Arterial),Yes,43.26260556,-84.56308889,Complex/Circle,Daylight,Cloudy,5:00pm-5:59pm,56,5:00pm-5:59pm,59,Not Applicable (Not Transported),Not Applicable (Not Transported),1,Daylight,Reduced Visibility,1,2,['Driver'],['None_Used'],0,0,Valid,0.0,1.0,57.0,22.0,"['Male', 'Male']",0,0,5,4,5,Dry,Straight,Level,Lowest,No