,State_Code,State_Name,Crash_ID,Count_Non_Motorists,Count_Vehicles_Total,Count_Vehicle_Forms,Count_PVH_Involved,Count_Occupants_MV,City_Name,Month_Name,Day_of_Month,Day_of_Week,Crash_Hour,Crash_Minute,Area_Rural_Urban,Road_Functional_Class,On_NHS_Road,Latitude,Longitude,Intersection_Type,Light_Condition,Weather_Condition,Notif_Hour,Notif_Minute,Arrival_Hour,Arrival_Minute,Hospital_Hour,Hospital_Minute,Fatalities_Count,Clean_Light_Condition,Clean_Weather_Condition,Total_Killed,Total_Alive,Fatal_Seats_List,Killed_Restraint_List,Any_Driver_Drinking,Total_Drinking_Drivers,Driver_License_Category,Driver_Max_Prev_Accident_Count,Driver_Max_Prev_Speeding_Count,Max_Driver_Age,Min_Driver_Age,Driver_Sex_List,Total_Exceeding_Limit_Vehicles,Total_Too_Fast_Vehicles,Max_Vehicle_Type_Severity_5,Max_Vehicle_Damage_Rank,Max_Harmful_Event_Severity,Crash_Road_Surface_Condition,Crash_Horizontal_Alignment,Crash_Vertical_Profile,Crash_Impairment_Category,Crash_Vehicle_Defect
18393,26,Michigan,260645,3,1,1,0,1,NOT APPLICABLE,September,12,Tuesday,19,17,Rural,Medium Speed (Collector),No,42.53799167,-85.10602778,Non-Intersection,Daylight,Clear,7:00pm-7:59pm,19,7:00pm-7:59pm,28,Unknown,Unknown EMS Hospital Arrival Time,2,Daylight,Clear,0,1,[],[],0,0,Valid,0.0,0.0,18.0,18.0,['Female'],0,0,3,4,1,Dry,Straight,Grade/Hillcrest,Lowest,No
18394,26,Michigan,260646,0,1,1,0,1,NOT APPLICABLE,September,11,Monday,7,10,Rural,High Speed (Arterial),Yes,43.23563333,-85.56430556,Non-Intersection,Dark - Not Lighted,Clear,7:00am-7:59am,10,7:00am-7:59am,45,Not Applicable (Not Transported),Not Applicable (Not Transported),1,Dark - Unlighted,Clear,1,0,['Driver'],['Shoulder_Lapbelt'],1,1,Valid,0.0,1.0,18.0,18.0,['Male'],0,0,2,4,3,Dry,Curve,Level,Lowest,No
18395,26,Michigan,260647,0,2,2,0,3,NOT APPLICABLE,September,11,Monday,13,14,Urban,High Speed (Arterial),Yes,42.605825,-83.29564167,Simple Junction,Daylight,Cloudy,1:00pm-1:59pm,15,1:00pm-1:59pm,18,Not Applicable (Not Transported),Not Applicable (Not Transported),1,Daylight,Reduced Visibility,1,2,['Driver'],['Shoulder_Lapbelt'],0,0,Valid,1.0,1.0,70.0,39.0,"['Male', 'Male']",0,0,4,4,5,Dry,Straight,Level,Lowest,No
18396,26,Michigan,260648,1,1,1,0,1,MADISON HEIGHTS,September,13,Wednesday,99,99,Urban,High Speed (Arterial),Yes,42.50275278,-83.08556111,Non-Intersection,Dark - Lighted,Clear,Unknown,Unknown,Unknown EMS Scene Arrival Hour,Unknown EMS Scene Arrival Minutes,Unknown,Unknown EMS Hospital Arrival Time,1,Dark - Lighted,Clear,0,1,[],[],0,0,Valid,0.0,0.0,32.0,32.0,['Male'],0,0,3,3,4,Dry,Straight,Level,Lowest,No
18397,26,Michigan,260649,2,2,2,0,2,ROCHESTER,September,10,Sunday,11,14,Urban,Medium Speed (Collector),No,42.68481111,-83.13408611,Non-Intersection,Daylight,Clear,11:00am-11:59am,14,11:00am-11:59am,16,Unknown,Unknown EMS Hospital Arrival Time,1,Daylight,Clear,0,2,[],[],1,1,Invalid,0.0,0.0,71.0,48.0,"['Male', 'Male']",1,0,3,4,5,Dry,Straight,Level,Medium,No
18398,26,Michigan,260650,0,3,3,0,3,ROCHESTER HILLS,September,11,Monday,5,35,Urban,High Speed (Arterial),Yes,42.62488056,-83.11208889,Non-Intersection,Dark - Not Lighted,Cloudy,5:00am-5:59am,38,5:00am-5:59am,43,Unknown,Unknown EMS Hospital Arrival Time,1,Dark - Unlighted,Reduced Visibility,1,2,['Driver'],['Shoulder_Lapbelt'],1,1,Valid,2.0,1.0,58.0,25.0,"['Male', 'Female', 'Male']",0,0,3,4,5,Dry,Straight,Level,Lowest,No
18399,26,Michigan,260651,0,1,1,0,2,NOT APPLICABLE,September,9,Saturday,22,10,Rural,Medium Speed (Collector),No,42.87213333,-83.98500833,Non-Intersection,Dark - Not Lighted,Clear,Unknown,Unknown,Unknown EMS Scene Arrival Hour,Unknown EMS Scene Arrival Minutes,Unknown,Unknown EMS Hospital Arrival Time,1,Dark - Unlighted,Clear,1,1,['Driver'],['None_Used'],1,1,Valid,0.0,0.0,59.0,59.0,['Male'],0,0,5,3,3,Dry,Curve,Level,Lowest,No
18400,26,Michigan,260652,0,1,1,0,1,ONONDAGA,September,7,Thursday,20,49,Rural,Low Speed (Local),No,42.42194444,-84.58058056,Simple Junction,Dark - Lighted,Rain,8:00pm-8:59pm,50,9:00pm-9:59pm,0,Unknown,Unknown EMS Hospital Arrival Time,1,Dark - Lighted,Rain/Wind/Minor,1,0,['Driver'],['None_Used'],1,1,Valid,0.0,0.0,45.0,45.0,['Male'],0,0,3,4,3,Wet/Standing Water,Straight,Level,Lowest,No
18401,26,Michigan,260653,0,2,2,0,2,HAZEL PARK,September,11,Monday,13,12,Urban,High Speed (Arterial),Yes,42.44685556,-83.09528056,Complex/Circle,Daylight,Cloudy,Unknown,Unknown,Unknown EMS Scene Arrival Hour,Unknown EMS Scene Arrival Minutes,Unknown,Unknown EMS Hospital Arrival Time,1,Daylight,Reduced Visibility,1,1,['Driver'],['None_Used'],0,0,Valid,1.0,4.0,47.0,39.0,"['Female', 'Female']",0,0,5,4,5,Dry,Straight,Level,Lowest,No
18402,26,Michigan,260654,0,1,1,0,2,NOT APPLICABLE,September,14,Thursday,23,1,Rural,Low Speed (Local),No,44.67203611,-84.16080278,Non-Intersection,Dark - Not Lighted,Clear,11:00pm-11:59pm,2,11:00pm-11:59pm,12,Unknown,Unknown EMS Hospital Arrival Time,1,Dark - Unlighted,Clear,1,1,['Front_Passenger'],['Shoulder_Lapbelt'],1,1,Valid,2.0,4.0,22.0,22.0,['Male'],2,0,3,4,3,Dry,Straight,Level,Lowest,No
18403,26,Michigan,260655,0,1,1,0,1,LIVONIA,September,15,Friday,15,12,Urban,Medium Speed (Collector),No,42.3788,-83.3789,Non-Intersection,Daylight,Clear,3:00pm-3:59pm,15,3:00pm-3:59pm,18,Unknown,Unknown EMS Hospital Arrival Time,1,Daylight,Clear,1,0,['Driver'],['Shoulder_Lapbelt'],0,0,Valid,0.0,1.0,75.0,75.0,['Male'],1,0,3,4,3,Dry,Straight,Level,Medium,No
18404,26,Michigan,260656,0,2,2,0,3,PETOSKEY,September,20,Wednesday,14,14,Urban,High Speed (Arterial),Yes,45.35846667,-85.03534167,Non-Intersection,Daylight,Clear,2:00pm-2:59pm,11,2:00pm-2:59pm,18,Unknown,Unknown EMS Hospital Arrival Time,1,Daylight,Clear,1,2,['Driver'],['Shoulder_Lapbelt'],1,1,Valid,0.0,0.0,79.0,43.0,"['Female', 'Male']",0,0,3,4,5,Dry,Straight,Non-Trafficway,Lowest,No
18405,26,Michigan,260657,0,2,2,0,3,NOT APPLICABLE,September,19,Tuesday,19,43,Rural,Medium Speed (Collector),No,43.20802778,-84.16943056,Non-Intersection,Daylight,Clear,Unknown,Unknown,Unknown EMS Scene Arrival Hour,Unknown EMS Scene Arrival Minutes,Unknown,Unknown EMS Hospital Arrival Time,2,Daylight,Clear,2,1,"['Driver', 'Rear_Seat']","['None_Used', 'None_Used']",0,0,Valid,0.0,0.0,54.0,22.0,"['Female', 'Male']",0,0,5,4,5,Dry,Straight,Level,Lowest,No
18406,26,Michigan,260658,0,2,2,0,2,NOT APPLICABLE,September,5,Tuesday,10,0,Rural,Medium Speed (Collector),No,42.18845833,-85.20762778,Non-Intersection,Daylight,Clear,Unknown,Unknown,Unknown EMS Scene Arrival Hour,Unknown EMS Scene Arrival Minutes,Unknown,Unknown EMS Hospital Arrival Time,1,Daylight,Clear,1,1,['Driver'],['Shoulder_Lapbelt'],0,0,Valid,2.0,2.0,93.0,27.0,"['Male', 'Male']",0,0,4,4,5,Dry,Straight,Level,Lowest,No
18407,26,Michigan,260659,0,2,1,1,1,KALAMAZOO,September,10,Sunday,11,42,Urban,Low Speed (Local),No,42.302,-85.58633333,Non-Intersection,Daylight,Clear,Unknown,Unknown,Unknown EMS Scene Arrival Hour,Unknown EMS Scene Arrival Minutes,Unknown,Unknown EMS Hospital Arrival Time,1,Daylight,Clear,1,0,['Driver'],['None_Used'],0,0,Valid,2.0,0.0,73.0,73.0,['Male'],0,0,2,4,3,Dry,Straight,Level,Medium,No
18408,26,Michigan,260660,1,1,1,0,3,DETROIT,September,16,Saturday,1,40,Urban,High Speed (Arterial),Yes,42.41119722,-83.24433889,Simple Junction,Dark - Lighted,Clear,Unknown,Unknown,Unknown EMS Scene Arrival Hour,Unknown EMS Scene Arrival Minutes,Unknown,Unknown EMS Hospital Arrival Time,1,Dark - Lighted,Clear,0,3,[],[],0,0,Valid,0.0,0.0,29.0,29.0,['Female'],0,0,3,2,4,Dry,Straight,Level,Lowest,No
18409,26,Michigan,260661,1,1,1,0,1,CADILLAC,September,8,Friday,17,35,Urban,Low Speed (Local),No,44.24406389,-85.39776667,Complex/Circle,Daylight,Clear,5:00pm-5:59pm,35,5:00pm-5:59pm,38,Unknown,Unknown EMS Hospital Arrival Time,1,Daylight,Clear,0,1,[],[],0,0,Valid,0.0,0.0,59.0,59.0,['Male'],0,0,3,2,4,Dry,Straight,Level,Lowest,No
18410,26,Michigan,260662,0,2,2,0,2,NOT APPLICABLE,September,13,Wednesday,22,0,Rural,Low Speed (Local),No,44.67428056,-85.88926944,Non-Intersection,Dark - Not Lighted,Clear,10:00pm-10:59pm,3,10:00pm-10:59pm,13,Not Applicable (Not Transported),Not Applicable (Not Transported),1,Dark - Unlighted,Clear,1,1,['Driver'],['None_Used'],0,0,Valid,0.0,0.0,53.0,44.0,"['Male', 'Male']",1,0,5,4,5,Dry,Straight,Level,Lowest,No
18411,26,Michigan,260663,0,2,2,0,3,PONTIAC,September,15,Friday,7,46,Urban,High Speed (Arterial),Yes,42.63951111,-83.28874167,Complex/Circle,Dawn,Clear,7:00am-7:59am,48,7:00am-7:59am,50,Not Applicable (Not Transported),Not Applicable (Not Transported),1,Twilight,Clear,1,2,['Driver'],['None_Used'],1,1,Valid,1.0,0.0,70.0,29.0,"['Female', 'Male']",0,0,5,4,5,Dry,Straight,Level,Lowest,No
18412,26,Michigan,260664,1,1,1,0,1,KALAMAZOO,September,20,Wednesday,20,0,Urban,High Speed (Arterial),Yes,42.28933056,-85.56635278,Complex/Circle,Dark - Lighted,Cloudy,Unknown,Unknown,Unknown EMS Scene Arrival Hour,Unknown EMS Scene Arrival Minutes,Unknown,Unknown EMS Hospital Arrival Time,1,Dark - Lighted,Reduced Visibility,0,1,[],[],0,0,Valid,0.0,0.0,51.0,51.0,['Male'],0,0,3,3,4,Dry,Straight,Level,Lowest,No
18413,26,Michigan,260665,1,1,1,0,1,SPRINGFIELD,September,20,Wednesday,6,32,Urban,High Speed (Arterial),Yes,42.32743056,-85.26506111,Non-Intersection,Dark - Not Lighted,Clear,6:00am-6:59am,31,6:00am-6:59am,43,Unknown,Unknown EMS Hospital Arrival Time,1,Dark - Unlighted,Clear,0,1,[],[],0,0,Valid,0.0,0.0,24.0,24.0,['Female'],0,0,3,2,4,Dry,Straight,Level,Lowest,No
18414,26,Michigan,260666,0,2,2,0,2,BURTON,September,2,Saturday,22,50,Urban,Medium Speed (Collector),No,43.033325,-83.63544167,Complex/Circle,Dark - Lighted,Clear,10:00pm-10:59pm,51,10:00pm-10:59pm,54,Not Applicable (Not Transported),Not Applicable (Not Transported),1,Dark - Lighted,Clear,1,1,['Driver'],['None_Used'],0,0,Invalid,0.0,1.0,39.0,29.0,"['Female', 'Male']",0,0,5,4,5,Dry,Straight,Level,Lowest,No
18415,26,Michigan,260667,0,1,1,0,1,NOT APPLICABLE,September,19,Tuesday,1,0,Urban,Medium Speed (Collector),No,47.20078889,-88.428925,Non-Intersection,Dark - Not Lighted,Clear,0:00am-0:59am,45,0:00am-0:59am,57,Not Applicable (Not Transported),Not Applicable (Not Transported),1,Dark - Unlighted,Clear,1,0,['Driver'],['None_Used'],1,1,Valid,1.0,0.0,57.0,57.0,['Male'],0,0,5,4,3,Dry,Curve,Grade/Hillcrest,Lowest,No
18416,26,Michigan,260668,0,1,1,0,1,DETROIT,September,22,Friday,22,45,Urban,High Speed (Arterial),Yes,42.38071389,-83.23688889,Non-Intersection,Dark - Lighted,Clear,10:00pm-10:59pm,45,10:00pm-10:59pm,45,Not Applicable (Not Transported),Not Applicable (Not Transported),1,Dark - Lighted,Clear,1,0,['Driver'],['None_Used'],0,0,Invalid,0.0,0.0,47.0,47.0,['Male'],1,0,3,4,3,Dry,Straight,Level,Lowest,No
18417,26,Michigan,260669,0,2,2,0,2,NOT APPLICABLE,September,24,Sunday,11,45,Rural,Medium Speed (Collector),No,42.39107778,-85.61044167,Complex/Circle,Daylight,Clear,11:00am-11:59am,51,Unknown EMS Scene Arrival Hour,Unknown EMS Scene Arrival Minutes,Not Applicable (Not Transported),Not Applicable (Not Transported),1,Daylight,Clear,1,1,['Driver'],['None_Used'],0,0,Valid,3.0,0.0,59.0,27.0,"['Male', 'Male']",0,0,5,4,5,Dry,Straight,Level,Lowest,No
18418,26,Michigan,260670,1,1,1,0,1,DETROIT,September,22,Friday,20,30,Urban,High Speed (Arterial),Yes,42.38080833,-83.01609444,Complex/Circle,Dark - Not Lighted,Clear,Unknown,Unknown,Unknown EMS Scene Arrival Hour,Unknown EMS Scene Arrival Minutes,Unknown,Unknown EMS Hospital Arrival Time,1,Dark - Unlighted,Clear,0,0,[],[],0,0,Invalid,0.0,0.0,999.0,999.0,['Other'],0,0,1,0,4,Dry,Straight,Level,Lowest,No
18419,26,Michigan,260671,0,1,1,0,1,DETROIT,September,18,Monday,1,0,Urban,High Speed (Arterial),Yes,42.33725833,-83.12632222,Non-Intersection,Dark - Lighted,Clear,1:00am-1:59am,20,1:00am-1:59am,25,Not Applicable (Not Transported),Not Applicable (Not Transported),1,Dark - Lighted,Clear,1,0,['Driver'],['None_Used'],1,1,Valid,0.0,0.0,40.0,40.0,['Female'],1,0,3,4,3,Dry,Curve,Grade/Hillcrest,Lowest,No
18420,26,Michigan,260672,0,2,2,0,4,NOT APPLICABLE,September,23,Saturday,9,58,Urban,Medium Speed (Collector),No,42.59581944,-84.78526389,Non-Intersection,Daylight,Clear,Unknown,Unknown,Unknown EMS Scene Arrival Hour,Unknown EMS Scene Arrival Minutes,Unknown,Unknown EMS Hospital Arrival Time,2,Daylight,Clear,2,2,"['Driver', 'Front_Passenger']","['Shoulder_Lapbelt', 'Shoulder_Lapbelt']",0,0,Valid,1.0,0.0,87.0,30.0,"['Male', 'Male']",0,0,3,4,5,Dry,Straight,Level,Lowest,No
18421,26,Michigan,260673,0,2,2,0,5,NOT APPLICABLE,September,20,Wednesday,22,43,Urban,Medium Speed (Collector),No,43.2269,-86.18438333,Complex/Circle,Dark - Lighted,Clear,10:00pm-10:59pm,54,11:00pm-11:59pm,2,Not Applicable (Not Transported),Not Applicable (Not Transported),1,Dark - Lighted,Clear,1,4,['Driver'],['None_Used'],0,0,Invalid,3.0,1.0,38.0,20.0,"['Male', 'Male']",4,0,5,4,5,Dry,Straight,Level,Lowest,No
18422,26,Michigan,260674,0,1,1,0,1,DETROIT,September,22,Friday,1,5,Urban,Medium Speed (Collector),No,42.43141111,-83.07241667,Non-Intersection,Dark - Lighted,Clear,Unknown,Unknown,Unknown EMS Scene Arrival Hour,Unknown EMS Scene Arrival Minutes,Not Applicable (Not Transported),Not Applicable (Not Transported),1,Dark - Lighted,Clear,1,0,['Driver'],['Shoulder_Lapbelt'],0,0,Invalid,0.0,1.0,31.0,31.0,['Male'],1,0,3,4,3,Dry,Straight,Level,Lowest,No
18423,26,Michigan,260675,0,1,1,0,3,NOT APPLICABLE,September,15,Friday,23,0,Rural,Low Speed (Local),No,43.43897222,-82.8519,Non-Intersection,Dark - Not Lighted,Clear,11:00pm-11:59pm,7,11:00pm-11:59pm,17,Unknown,Unknown EMS Hospital Arrival Time,1,Dark - Unlighted,Clear,1,2,['Driver'],['None_Used'],1,1,Valid,1.0,0.0,49.0,49.0,['Male'],3,0,3,4,3,Loose/Unpaved,Straight,Level,Lowest,No
18424,26,Michigan,260677,0,3,3,0,3,EASTPOINTE,September,23,Saturday,23,3,Urban,Medium Speed (Collector),No,42.47957222,-82.96195,Non-Intersection,Dark - Lighted,Clear,11:00pm-11:59pm,6,11:00pm-11:59pm,13,Unknown,Unknown EMS Hospital Arrival Time,1,Dark - Lighted,Clear,1,2,['Driver'],['None_Used'],0,0,Valid,3.0,1.0,53.0,22.0,"['Male', 'Male', 'Male']",0,0,3,4,5,Dry,Straight,Level,Lowest,No
18425,26,Michigan,260678,0,2,2,0,2,LINCOLN PARK,September,13,Wednesday,20,25,Urban,High Speed (Arterial),Yes,42.22358889,-83.19424444,Complex/Circle,Dark - Lighted,Clear,Unknown,Unknown,Unknown EMS Scene Arrival Hour,Unknown EMS Scene Arrival Minutes,Unknown,Unknown EMS Hospital Arrival Time,1,Dark - Lighted,Clear,1,1,['Driver'],['None_Used'],0,0,Valid,1.0,0.0,57.0,24.0,"['Male', 'Male']",0,0,5,4,5,Dry,Straight,Level,Lowest,No
18426,26,Michigan,260679,0,2,2,0,2,NOT APPLICABLE,September,21,Thursday,15,51,Urban,Medium Speed (Collector),No,42.72058889,-84.42009167,Complex/Circle,Daylight,Clear,3:00pm-3:59pm,51,3:00pm-3:59pm,54,Unknown,Unknown EMS Hospital Arrival Time,1,Daylight,Clear,1,1,['Driver'],['Shoulder_Lapbelt'],0,0,Valid,1.0,0.0,88.0,58.0,"['Female', 'Male']",0,0,3,4,5,Dry,Straight,Level,Lowest,No
18427,26,Michigan,260680,0,5,5,0,5,DEARBORN,September,25,Monday,16,33,Urban,High Speed (Arterial),Yes,42.28374722,-83.27120556,Complex/Circle,Daylight,Cloudy,4:00pm-4:59pm,37,4:00pm-4:59pm,41,Not Applicable (Not Transported),Not Applicable (Not Transported),1,Daylight,Reduced Visibility,1,4,['Driver'],['Shoulder_Lapbelt'],0,0,Valid,4.0,0.0,70.0,28.0,"['Female', 'Male', 'Male', 'Male', 'Female']",1,0,3,4,5,Dry,Straight,Level,Medium,No
18428,26,Michigan,260681,0,3,3,0,3,CASCADE,September,26,Tuesday,15,17,Urban,High Speed (Arterial),Yes,42.88837222,-85.48916667,Non-Intersection,Daylight,Cloudy,Unknown,Unknown,Unknown EMS Scene Arrival Hour,Unknown EMS Scene Arrival Minutes,Not Applicable (Not Transported),Not Applicable (Not Transported),1,Daylight,Reduced Visibility,1,2,['Driver'],['Shoulder_Lapbelt'],0,0,Valid,2.0,0.0,39.0,28.0,"['Female', 'Male', 'Male']",1,0,4,4,5,Dry,Straight,Level,Lowest,No
18429,26,Michigan,260682,0,1,1,0,2,NOT APPLICABLE,September,23,Saturday,17,54,Rural,Medium Speed (Collector),No,44.37879167,-83.73488333,Non-Intersection,Daylight,Cloudy,5:00pm-5:59pm,48,5:00pm-5:59pm,55,Unknown,Unknown EMS Hospital Arrival Time,1,Daylight,Reduced Visibility,1,1,['Driver'],['None_Used'],1,1,Invalid,2.0,0.0,47.0,47.0,['Male'],0,0,3,4,3,Dry,Curve,Level,Lowest,No
18430,26,Michigan,260683,1,1,1,0,1,BAY CITY,September,6,Wednesday,21,40,Urban,High Speed (Arterial),Yes,43.59649444,-83.86745278,Complex/Circle,Dark - Lighted,Clear,Unknown,Unknown,Unknown EMS Scene Arrival Hour,Unknown EMS Scene Arrival Minutes,Unknown,Unknown EMS Hospital Arrival Time,1,Dark - Lighted,Clear,0,1,[],[],0,0,Valid,1.0,0.0,52.0,52.0,['Female'],0,0,2,4,4,Dry,Straight,Level,Lowest,No
18431,26,Michigan,260684,0,2,2,0,2,NOT APPLICABLE,September,25,Monday,14,55,Rural,Medium Speed (Collector),No,42.97965833,-85.34684444,Non-Intersection,Daylight,Cloudy,2:00pm-2:59pm,56,3:00pm-3:59pm,3,Unknown,Unknown EMS Hospital Arrival Time,1,Daylight,Reduced Visibility,1,1,['Driver'],['Shoulder_Lapbelt'],1,1,Valid,0.0,2.0,31.0,16.0,"['Female', 'Male']",0,0,3,4,5,Dry,Curve,Grade/Hillcrest,Lowest,No
18432,26,Michigan,260685,1,1,1,0,1,NOT APPLICABLE,September,28,Thursday,21,21,Urban,Medium Speed (Collector),No,42.31150833,-85.51710833,Non-Intersection,Dark - Lighted,Cloudy,Unknown,Unknown,Unknown EMS Scene Arrival Hour,Unknown EMS Scene Arrival Minutes,Unknown,Unknown EMS Hospital Arrival Time,1,Dark - Lighted,Reduced Visibility,0,1,[],[],1,1,Valid,0.0,0.0,79.0,79.0,['Male'],0,0,2,3,4,Dry,Straight,Level,Lowest,No
18433,26,Michigan,260686,3,1,1,0,1,TAYLOR,September,5,Tuesday,20,22,Urban,High Speed (Arterial),Yes,42.19773611,-83.26256667,Non-Intersection,Dark - Lighted,Clear,Unknown,Unknown,Unknown EMS Scene Arrival Hour,Unknown EMS Scene Arrival Minutes,Unknown,Unknown EMS Hospital Arrival Time,1,Dark - Lighted,Clear,0,1,[],[],0,0,Valid,3.0,0.0,48.0,48.0,['Male'],0,0,3,3,4,Dry,Straight,Level,Lowest,No
18434,26,Michigan,260687,0,1,1,0,2,NOT APPLICABLE,September,24,Sunday,15,20,Urban,Medium Speed (Collector),No,43.73545556,-84.40780833,Simple Junction,Daylight,Clear,3:00pm-3:59pm,23,3:00pm-3:59pm,32,Unknown,Unknown EMS Hospital Arrival Time,1,Daylight,Clear,1,1,['Front_Passenger'],['None_Used'],1,1,Valid,0.0,0.0,43.0,43.0,['Male'],2,0,5,1,1,Dry,Straight,Level,Lowest,No
18435,26,Michigan,260688,0,2,2,0,3,NOT APPLICABLE,September,27,Wednesday,9,54,Rural,High Speed (Arterial),Yes,43.06111667,-85.96543611,Non-Intersection,Daylight,Cloudy,9:00am-9:59am,56,10:00am-10:59am,0,Not Applicable (Not Transported),Not Applicable (Not Transported),1,Daylight,Reduced Visibility,1,2,['Driver'],['Shoulder_Lapbelt'],0,0,Valid,2.0,4.0,30.0,28.0,"['Female', 'Female']",2,0,3,4,5,Dry,Straight,Level,Lowest,No
18436,26,Michigan,260689,0,2,2,0,3,CLINTON TOWNSHIP,September,10,Sunday,19,21,Urban,High Speed (Arterial),Yes,42.61514722,-82.86839167,Simple Junction,Daylight,Clear,Unknown,Unknown,Unknown EMS Scene Arrival Hour,Unknown EMS Scene Arrival Minutes,Unknown,Unknown EMS Hospital Arrival Time,1,Daylight,Clear,1,2,['Driver'],['None_Used'],1,1,Invalid,0.0,0.0,51.0,44.0,"['Female', 'Male']",0,0,5,4,5,Dry,Straight,Level,Lowest,No
18437,26,Michigan,260690,0,2,2,0,2,NOT APPLICABLE,September,22,Friday,22,15,Urban,Medium Speed (Collector),No,41.79816389,-86.068975,Non-Intersection,Dark - Not Lighted,Clear,Unknown,Unknown,Unknown EMS Scene Arrival Hour,Unknown EMS Scene Arrival Minutes,Unknown,Unknown EMS Hospital Arrival Time,1,Dark - Unlighted,Clear,1,1,['Driver'],['None_Used'],1,1,Valid,0.0,0.0,60.0,24.0,"['Male', 'Male']",0,0,5,4,5,Dry,Straight,Level,Lowest,No
18438,26,Michigan,260691,0,2,2,0,7,NOT APPLICABLE,September,16,Saturday,10,29,Rural,Medium Speed (Collector),No,44.56959722,-85.25238333,Complex/Circle,Daylight,Clear,10:00am-10:59am,35,10:00am-10:59am,38,Unknown,Unknown EMS Hospital Arrival Time,1,Daylight,Clear,1,6,['Driver'],['Shoulder_Lapbelt'],0,0,Valid,1.0,0.0,87.0,27.0,"['Male', 'Male']",0,0,3,4,5,Dry,Straight,Level,Lowest,No
18439,26,Michigan,260692,0,2,2,0,4,NOT APPLICABLE,September,14,Thursday,20,44,Rural,High Speed (Arterial),Yes,44.74273611,-85.194725,Simple Junction,Dark - Not Lighted,Clear,8:00pm-8:59pm,44,8:00pm-8:59pm,50,Unknown,Unknown EMS Hospital Arrival Time,1,Dark - Unlighted,Clear,1,3,['Driver'],['None_Used'],1,2,Valid,3.0,1.0,78.0,66.0,"['Female', 'Male']",0,0,5,4,5,Dry,Straight,Level,Lowest,No
18440,26,Michigan,260693,0,2,2,0,2,NOT APPLICABLE,September,30,Saturday,19,5,Urban,High Speed (Arterial),Yes,42.24556667,-83.58300833,Complex/Circle,Daylight,Clear,7:00pm-7:59pm,7,7:00pm-7:59pm,12,Not Applicable (Not Transported),Not Applicable (Not Transported),1,Daylight,Clear,1,1,['Driver'],['None_Used'],0,0,Valid,0.0,1.0,86.0,60.0,"['Male', 'Male']",0,0,5,4,5,Dry,Straight,Level,Lowest,No
18441,26,Michigan,260694,0,2,2,0,2,FLINT TOWNSHIP,September,28,Thursday,0,29,Urban,Medium Speed (Collector),No,43.02683611,-83.74005833,Non-Intersection,Dark - Lighted,Rain,Unknown,Unknown,Unknown EMS Scene Arrival Hour,Unknown EMS Scene Arrival Minutes,Unknown,Unknown EMS Hospital Arrival Time,1,Dark - Lighted,Rain/Wind/Minor,1,1,['Driver'],['None_Used'],0,0,Invalid,1.0,0.0,41.0,33.0,"['Male', 'Female']",0,0,5,4,5,Wet/Standing Water,Straight,Level,Lowest,No
18442,26,Michigan,260695,0,1,1,0,2,NOT APPLICABLE,September,29,Friday,15,30,Rural,Low Speed (Local),No,45.15420833,-85.02815556,Non-Intersection,Daylight,Clear,3:00pm-3:59pm,32,3:00pm-3:59pm,45,Unknown,Unknown EMS Hospital Arrival Time,1,Daylight,Clear,1,1,['Driver'],['None_Used'],0,0,Valid,0.0,0.0,16.0,16.0,['Male'],0,0,3,4,3,Loose/Unpaved,Straight,Grade/Hillcrest,Lowest,No
18443,26,Michigan,260696,1,2,1,1,1,DETROIT,September,30,Saturday,15,15,Urban,High Speed (Arterial),Yes,42.42675833,-82.93342222,Non-Intersection,Daylight,Clear,Unknown,Unknown,Unknown EMS Scene Arrival Hour,Unknown EMS Scene Arrival Minutes,Unknown,Unknown EMS Hospital Arrival Time,1,Daylight,Clear,0,1,[],[],0,0,Valid,0.0,0.0,32.0,32.0,['Female'],0,0,3,4,4,Dry,Straight,Level,Lowest,No
18444,26,Michigan,260697,0,2,2,0,2,CASCADE,September,21,Thursday,20,1,Urban,Medium Speed (Collector),No,42.91791111,-85.49065556,Non-Intersection,Dusk,Cloudy,8:00pm-8:59pm,4,8:00pm-8:59pm,9,Unknown,Unknown EMS Hospital Arrival Time,1,Twilight,Reduced Visibility,1,1,['Driver'],['Shoulder_Lapbelt'],1,2,Valid,1.0,0.0,40.0,22.0,"['Male', 'Male']",0,0,3,4,5,Dry,Curve,Level,Lowest,No
18445,26,Michigan,260698,1,1,1,0,1,NOT APPLICABLE,September,13,Wednesday,6,45,Urban,Medium Speed (Collector),No,44.74571389,-85.56066667,Complex/Circle,Dawn,Rain,6:00am-6:59am,47,6:00am-6:59am,59,Unknown,Unknown EMS Hospital Arrival Time,1,Twilight,Rain/Wind/Minor,0,1,[],[],0,0,Valid,2.0,2.0,27.0,27.0,['Male'],0,0,3,3,4,Wet/Standing Water,Curve,Grade/Hillcrest,Lowest,No
18446,26,Michigan,260699,1,1,1,0,1,NOT APPLICABLE,September,27,Wednesday,15,40,Rural,Low Speed (Local),No,42.07911944,-86.49401389,Non-Intersection,Daylight,Clear,Unknown,Unknown if Notified,Unknown EMS Scene Arrival Hour,Unknown if Arrived,Not Applicable (Not Transported),Not Applicable (Not Transported),1,Daylight,Clear,0,1,[],[],0,0,Valid,0.0,0.0,67.0,67.0,['Male'],0,0,3,1,4,Dry,Straight,Non-Trafficway,Lowest,No