,State_Code,State_Name,Crash_ID,Count_Non_Motorists,Count_Vehicles_Total,Count_Vehicle_Forms,Count_PVH_Involved,Count_Occupants_MV,City_Name,Month_Name,Day_of_Month,Day_of_Week,Crash_Hour,Crash_Minute,Area_Rural_Urban,Road_Functional_Class,On_NHS_Road,Latitude,Longitude,Intersection_Type,Light_Condition,Weather_Condition,Notif_Hour,Notif_Minute,Arrival_Hour,Arrival_Minute,Hospital_Hour,Hospital_Minute,Fatalities_Count,Clean_Light_Condition,Clean_Weather_Condition,Total_Killed,Total_Alive,Fatal_Seats_List,Killed_Restraint_List,Any_Driver_Drinking,Total_Drinking_Drivers,Driver_License_Category,Driver_Max_Prev_Accident_Count,Driver_Max_Prev_Speeding_Count,Max_Driver_Age,Min_Driver_Age,Driver_Sex_List,Total_Exceeding_Limit_Vehicles,Total_Too_Fast_Vehicles,Max_Vehicle_Type_Severity_5,Max_Vehicle_Damage_Rank,Max_Harmful_Event_Severity,Crash_Road_Surface_Condition,Crash_Horizontal_Alignment,Crash_Vertical_Profile,Crash_Impairment_Category,Crash_Vehicle_Defect
18447,26,Michigan,260700,0,1,1,0,1,MENOMINEE,September,2,Saturday,23,6,Urban,Medium Speed (Collector),No,45.10022778,-87.60228056,Non-Intersection,Dark - Not Lighted,Clear,Unknown,Unknown,Unknown EMS Scene Arrival Hour,Unknown EMS Scene Arrival Minutes,Unknown,Unknown EMS Hospital Arrival Time,1,Dark - Unlighted,Clear,1,0,['Driver'],['None_Used'],1,1,Invalid,0.0,0.0,28.0,28.0,['Female'],1,0,2,4,3,Dry,Curve,Level,Lowest,No
18448,26,Michigan,260701,0,2,2,0,2,SHELBY,September,9,Saturday,20,20,Urban,Medium Speed (Collector),No,42.71303611,-83.03534444,Non-Intersection,Dusk,Clear,Unknown,Unknown,Unknown EMS Scene Arrival Hour,Unknown EMS Scene Arrival Minutes,Unknown,Unknown EMS Hospital Arrival Time,1,Twilight,Clear,1,1,['Driver'],['None_Used'],0,0,Valid,0.0,0.0,34.0,16.0,"['Female', 'Male']",0,0,5,4,5,Dry,Straight,Level,Lowest,No
18449,26,Michigan,260702,1,1,1,0,1,ROMULUS,September,3,Sunday,20,55,Urban,Medium Speed (Collector),No,42.24594167,-83.41577778,Non-Intersection,Dark - Not Lighted,Clear,9:00pm-9:59pm,1,9:00pm-9:59pm,24,Unknown,Unknown EMS Hospital Arrival Time,1,Dark - Unlighted,Clear,0,1,[],[],0,0,Valid,0.0,0.0,35.0,35.0,['Male'],0,0,2,3,4,Dry,Straight,Level,Lowest,No
18450,26,Michigan,260703,0,2,1,1,1,ALLOUEZ,September,19,Tuesday,2,8,Rural,Medium Speed (Collector),No,47.30435556,-88.364425,Non-Intersection,Dark - Lighted,Clear,Unknown,Unknown,Unknown EMS Scene Arrival Hour,Unknown EMS Scene Arrival Minutes,Unknown,Unknown EMS Hospital Arrival Time,1,Dark - Lighted,Clear,1,0,['Driver'],['None_Used'],1,1,Valid,0.0,0.0,50.0,50.0,['Male'],0,0,3,4,3,Dry,Curve,Level,Lowest,No
18451,26,Michigan,260704,0,1,1,0,1,NOT APPLICABLE,September,3,Sunday,13,25,Rural,Medium Speed (Collector),No,42.11765278,-84.51756944,Non-Intersection,Daylight,Clear,1:00pm-1:59pm,25,1:00pm-1:59pm,40,Unknown,Unknown EMS Hospital Arrival Time,1,Daylight,Clear,1,0,['Driver'],['None_Used'],0,0,Valid,1.0,0.0,69.0,69.0,['Male'],0,0,5,4,3,Dry,Straight,Level,Lowest,No
18452,26,Michigan,260705,0,2,2,0,2,STERLING HEIGHTS,September,11,Monday,16,19,Urban,High Speed (Arterial),Yes,42.59489722,-83.03413889,Non-Intersection,Daylight,Clear,4:00pm-4:59pm,21,4:00pm-4:59pm,24,Unknown,Unknown EMS Hospital Arrival Time,1,Daylight,Clear,1,1,['Driver'],['Shoulder_Lapbelt'],0,0,Valid,2.0,0.0,58.0,33.0,"['Male', 'Male']",0,0,3,4,5,Dry,Straight,Level,Lowest,No
18453,26,Michigan,260706,1,1,1,0,1,FLINT,September,8,Friday,1,21,Urban,Medium Speed (Collector),No,43.044975,-83.70461944,Non-Intersection,Dark - Lighted,Rain,Unknown,Unknown,Unknown EMS Scene Arrival Hour,Unknown EMS Scene Arrival Minutes,Unknown,Unknown EMS Hospital Arrival Time,1,Dark - Lighted,Rain/Wind/Minor,0,0,[],[],0,0,Invalid,0.0,0.0,999.0,999.0,['Other'],0,0,1,0,4,Wet/Standing Water,Straight,Level,Lowest,No
18454,26,Michigan,260707,0,1,1,0,1,NOT APPLICABLE,September,22,Friday,14,31,Rural,Medium Speed (Collector),No,44.031225,-84.95505556,Non-Intersection,Daylight,Clear,2:00pm-2:59pm,34,2:00pm-2:59pm,45,Not Applicable (Not Transported),Not Applicable (Not Transported),1,Daylight,Clear,1,0,['Non_Standard_Risk'],['None_Used'],0,0,Valid,0.0,0.0,49.0,34.0,Other,0,0,1,0,1,Dry,Straight,Level,Lowest,No
18455,26,Michigan,260708,0,3,1,2,2,SPRINGFIELD,September,10,Sunday,15,55,Urban,High Speed (Arterial),Yes,42.33085833,-85.209575,Non-Intersection,Daylight,Clear,3:00pm-3:59pm,56,4:00pm-4:59pm,1,Unknown,Unknown EMS Hospital Arrival Time,1,Daylight,Clear,1,1,['Rear_Seat'],['None_Used'],0,0,Valid,1.0,0.0,55.0,55.0,['Male'],2,0,5,4,5,Dry,Curve,Level,Lowest,No
18456,26,Michigan,260709,2,1,1,0,2,NOT APPLICABLE,January,13,Friday,21,8,Rural,Medium Speed (Collector),No,42.69544444,-82.58869722,Non-Intersection,Dark - Not Lighted,Clear,Unknown,Unknown,Unknown EMS Scene Arrival Hour,Unknown EMS Scene Arrival Minutes,Unknown,Unknown EMS Hospital Arrival Time,1,Dark - Unlighted,Clear,0,2,[],[],0,0,Valid,1.0,0.0,70.0,70.0,['Male'],0,0,2,4,4,Dry,Straight,Level,Lowest,No
18457,26,Michigan,260710,0,3,3,0,4,CANTON TOWNSHIP,June,29,Thursday,16,58,Urban,Medium Speed (Collector),No,42.26941667,-83.44644167,Simple Junction,Daylight,Cloudy,5:00pm-5:59pm,0,5:00pm-5:59pm,6,Unknown,Unknown EMS Hospital Arrival Time,1,Daylight,Reduced Visibility,1,3,['Driver'],['Shoulder_Lapbelt'],0,0,Valid,0.0,0.0,77.0,34.0,"['Female', 'Female', 'Female']",0,0,3,4,5,Dry,Straight,Level,Lowest,No
18458,26,Michigan,260711,1,2,1,1,1,FLINT,July,9,Sunday,3,27,Urban,High Speed (Arterial),Yes,43.05198889,-83.69370833,Non-Intersection,Dark - Lighted,Clear,Unknown,Unknown,Unknown EMS Scene Arrival Hour,Unknown EMS Scene Arrival Minutes,Not Applicable (Not Transported),Not Applicable (Not Transported),1,Dark - Lighted,Clear,0,1,[],[],1,1,Valid,0.0,4.0,17.0,17.0,['Female'],0,0,3,3,4,Dry,Straight,Level,Lowest,No
18459,26,Michigan,260712,0,2,2,0,2,FLINT,July,29,Saturday,23,14,Urban,High Speed (Arterial),Yes,43.026675,-83.69355,Non-Intersection,Dark - Lighted,Clear,Unknown,Unknown if Notified,Unknown EMS Scene Arrival Hour,Unknown if Arrived,Not Applicable (Not Transported),Not Applicable (Not Transported),1,Dark - Lighted,Clear,1,1,['Driver'],['None_Used'],1,1,Valid,0.0,1.0,55.0,39.0,"['Male', 'Male']",1,0,5,4,5,Dry,Straight,Level,Lowest,No
18460,26,Michigan,260713,1,1,1,0,1,DETROIT,July,13,Thursday,22,8,Urban,High Speed (Arterial),Yes,42.43515278,-83.11701944,Non-Intersection,Dark - Not Lighted,Clear,Unknown,Unknown,Unknown EMS Scene Arrival Hour,Unknown EMS Scene Arrival Minutes,Not Applicable (Not Transported),Not Applicable (Not Transported),1,Dark - Unlighted,Clear,0,1,[],[],0,0,Valid,0.0,0.0,46.0,46.0,['Male'],0,0,2,4,4,Dry,Straight,Level,Lowest,No
18461,26,Michigan,260714,0,1,1,0,1,NOT APPLICABLE,September,30,Saturday,16,30,Urban,Medium Speed (Collector),No,43.01341389,-85.92481389,Non-Intersection,Daylight,Clear,4:00pm-4:59pm,33,4:00pm-4:59pm,40,Not Applicable (Not Transported),Not Applicable (Not Transported),1,Daylight,Clear,1,0,['Driver'],['Shoulder_Lapbelt'],0,0,Valid,0.0,0.0,44.0,44.0,['Male'],0,0,3,4,2,Dry,Curve,Level,Lowest,No
18462,26,Michigan,260715,0,1,1,0,1,NOT APPLICABLE,September,30,Saturday,17,22,Rural,Low Speed (Local),No,44.32718056,-86.24325,Non-Intersection,Daylight,Clear,Unknown,Unknown,Unknown EMS Scene Arrival Hour,Unknown EMS Scene Arrival Minutes,Not Applicable (Not Transported),Not Applicable (Not Transported),1,Daylight,Clear,1,0,['Driver'],['None_Used'],0,0,Valid,0.0,0.0,67.0,67.0,['Female'],0,0,5,4,3,Dry,Curve,Level,Lowest,No
18463,26,Michigan,260716,0,2,2,0,3,GRAND RAPIDS,September,18,Monday,1,40,Urban,Medium Speed (Collector),No,42.98526944,-85.6881,Complex/Circle,Dark - Lighted,Clear,1:00am-1:59am,40,1:00am-1:59am,41,Not Applicable (Not Transported),Not Applicable (Not Transported),1,Dark - Lighted,Clear,1,2,['Driver'],['None_Used'],0,0,Invalid,0.0,0.0,56.0,25.0,"['Male', 'Male']",0,0,5,4,5,Dry,Straight,Level,Lowest,No
18464,26,Michigan,260717,0,2,2,0,3,NOT APPLICABLE,September,21,Thursday,12,5,Rural,Medium Speed (Collector),No,44.22225278,-85.61873333,Complex/Circle,Daylight,Clear,12:00pm-12:59pm,7,12:00pm-12:59pm,13,Unknown,Unknown EMS Hospital Arrival Time,1,Daylight,Clear,1,2,['Front_Passenger'],['Shoulder_Lapbelt'],0,0,Valid,0.0,0.0,79.0,76.0,"['Female', 'Female']",0,0,3,4,5,Dry,Straight,Level,Lowest,No
18465,26,Michigan,260718,0,2,2,0,3,BATTLE CREEK,September,20,Wednesday,22,56,Urban,High Speed (Arterial),Yes,42.29856111,-85.20051389,Non-Intersection,Dark - Lighted,Clear,10:00pm-10:59pm,46,10:00pm-10:59pm,52,Unknown,Unknown EMS Hospital Arrival Time,1,Dark - Lighted,Clear,1,2,['Front_Passenger'],['Shoulder_Lapbelt'],0,0,Valid,2.0,1.0,49.0,30.0,"['Male', 'Female']",1,0,5,4,5,Dry,Straight,Level,Lowest,No
18466,26,Michigan,260719,0,2,2,0,4,NOT APPLICABLE,September,25,Monday,17,9,Rural,Medium Speed (Collector),No,42.42355,-85.70046389,Non-Intersection,Daylight,Clear,Unknown,Unknown,Unknown EMS Scene Arrival Hour,Unknown EMS Scene Arrival Minutes,Unknown,Unknown EMS Hospital Arrival Time,1,Daylight,Clear,1,3,['Driver'],['Shoulder_Lapbelt'],0,0,Valid,1.0,1.0,43.0,36.0,"['Male', 'Female']",0,0,3,4,5,Dry,Straight,Level,Medium,No
18467,26,Michigan,260720,0,1,1,0,1,WALLED LAKE,September,24,Sunday,19,8,Urban,Medium Speed (Collector),No,42.55081667,-83.46851111,Non-Intersection,Daylight,Clear,Unknown,Unknown,Unknown EMS Scene Arrival Hour,Unknown EMS Scene Arrival Minutes,Unknown,Unknown EMS Hospital Arrival Time,1,Daylight,Clear,1,0,['Driver'],['Shoulder_Lapbelt'],0,0,Valid,0.0,0.0,74.0,74.0,['Male'],0,0,3,4,3,Dry,Straight,Level,Medium,No
18468,26,Michigan,260721,0,1,1,0,1,NOT APPLICABLE,October,3,Tuesday,19,5,Rural,Medium Speed (Collector),No,42.69487778,-85.40073333,Non-Intersection,Daylight,Clear,7:00pm-7:59pm,6,7:00pm-7:59pm,13,Unknown,Unknown EMS Hospital Arrival Time,1,Daylight,Clear,1,0,['Driver'],['None_Used'],1,1,Valid,0.0,1.0,31.0,31.0,['Male'],0,0,5,4,2,Dry,Curve,Level,Lowest,No
18469,26,Michigan,260722,0,2,2,0,2,NOT APPLICABLE,October,3,Tuesday,9,29,Rural,Low Speed (Local),No,43.08838056,-83.27795556,Complex/Circle,Daylight,Clear,Unknown,Unknown,Unknown EMS Scene Arrival Hour,Unknown EMS Scene Arrival Minutes,Unknown,Unknown EMS Hospital Arrival Time,1,Daylight,Clear,1,1,['Driver'],['Shoulder_Lapbelt'],0,0,Valid,1.0,0.0,73.0,55.0,"['Male', 'Female']",0,0,2,4,5,Dry,Straight,Level,Lowest,No
18470,26,Michigan,260723,0,1,1,0,1,NOT APPLICABLE,September,29,Friday,13,50,Urban,High Speed (Arterial),Yes,42.27820278,-85.65601389,Non-Intersection,Daylight,Cloudy,Unknown,Unknown,Unknown EMS Scene Arrival Hour,Unknown EMS Scene Arrival Minutes,Unknown,Unknown EMS Hospital Arrival Time,1,Daylight,Reduced Visibility,1,0,['Driver'],['None_Used'],0,0,Invalid,1.0,0.0,35.0,35.0,['Male'],0,0,5,3,2,Dry,Straight,Level,Lowest,No
18471,26,Michigan,260724,1,3,3,0,3,DETROIT,September,23,Saturday,6,10,Urban,High Speed (Arterial),Yes,42.37211389,-83.21683056,Non-Intersection,Dark - Lighted,Clear,Unknown,Unknown,Unknown EMS Scene Arrival Hour,Unknown EMS Scene Arrival Minutes,Not Applicable (Not Transported),Not Applicable (Not Transported),1,Dark - Lighted,Clear,0,3,[],[],1,1,Invalid,2.0,1.0,39.0,36.0,"['Female', 'Female']",0,0,3,4,5,Dry,Straight,Level,Lowest,No
18472,26,Michigan,260725,0,1,1,0,2,NOT APPLICABLE,October,5,Thursday,2,0,Urban,High Speed (Arterial),Yes,43.47643611,-86.34439444,Non-Intersection,Dark - Unknown Lighting,Reported as Unknown,8:00am-8:59am,55,9:00am-9:59am,6,Not Applicable (Not Transported),Not Applicable (Not Transported),2,Dark - Unlighted,Clear,2,0,"['Driver', 'Front_Passenger']","['Shoulder_Lapbelt', 'None_Used']",1,1,Valid,1.0,0.0,36.0,36.0,['Female'],0,0,3,4,3,Dry,Curve,Level,Lowest,No
18473,26,Michigan,260726,0,2,2,0,3,NOT APPLICABLE,October,1,Sunday,16,9,Rural,Medium Speed (Collector),No,43.19830556,-85.351925,Complex/Circle,Daylight,Clear,4:00pm-4:59pm,10,4:00pm-4:59pm,20,Unknown,Unknown EMS Hospital Arrival Time,1,Daylight,Clear,1,2,['Front_Passenger'],['Shoulder_Lapbelt'],0,0,Valid,1.0,0.0,61.0,58.0,"['Male', 'Female']",0,0,3,4,5,Dry,Straight,Level,Lowest,No
18474,26,Michigan,260727,1,1,1,0,1,PONTIAC,October,4,Wednesday,21,21,Urban,High Speed (Arterial),Yes,42.67813611,-83.25415556,Non-Intersection,Dark - Not Lighted,Clear,9:00pm-9:59pm,21,9:00pm-9:59pm,27,Not Applicable (Not Transported),Not Applicable (Not Transported),1,Dark - Unlighted,Clear,0,1,[],[],0,0,Valid,0.0,0.0,53.0,53.0,['Male'],0,0,3,3,4,Dry,Straight,Level,Lowest,No
18475,26,Michigan,260728,0,1,1,0,1,NOT APPLICABLE,October,2,Monday,11,10,Urban,Medium Speed (Collector),No,42.82609444,-86.17197778,Non-Intersection,Daylight,Clear,11:00am-11:59am,11,11:00am-11:59am,16,Not Applicable (Not Transported),Not Applicable (Not Transported),1,Daylight,Clear,1,0,['Driver'],['Shoulder_Lapbelt'],0,0,Valid,0.0,0.0,33.0,33.0,['Male'],0,0,3,4,3,Dry,Straight,Level,Lowest,No
18476,26,Michigan,260730,0,2,2,0,4,SAGINAW,October,4,Wednesday,20,16,Urban,Medium Speed (Collector),No,43.39541944,-83.94257778,Non-Intersection,Dark - Lighted,Clear,Unknown,Unknown,Unknown EMS Scene Arrival Hour,Unknown EMS Scene Arrival Minutes,Not Applicable (Not Transported),Not Applicable (Not Transported),1,Dark - Lighted,Clear,1,3,['Driver'],['None_Used'],0,0,Valid,0.0,1.0,36.0,23.0,"['Male', 'Female']",1,0,5,4,5,Dry,Straight,Level,Lowest,No
18477,26,Michigan,260731,0,2,2,0,3,OWOSSO,October,3,Tuesday,19,18,Urban,Medium Speed (Collector),No,42.99767222,-84.18289444,Complex/Circle,Daylight,Clear,Unknown,Unknown if Notified,Unknown EMS Scene Arrival Hour,Unknown if Arrived,Not Applicable (Not Transported),Not Applicable (Not Transported),1,Daylight,Clear,1,2,['Driver'],['None_Used'],0,0,Valid,0.0,1.0,78.0,26.0,"['Female', 'Male']",1,0,5,4,5,Dry,Straight,Level,Lowest,No
18478,26,Michigan,260732,1,1,1,0,1,CLINTON TOWNSHIP,October,4,Wednesday,7,0,Urban,High Speed (Arterial),Yes,42.55434722,-82.92371111,Complex/Circle,Dark - Lighted,Cloudy,Unknown,Unknown,Unknown EMS Scene Arrival Hour,Unknown EMS Scene Arrival Minutes,Unknown,Unknown EMS Hospital Arrival Time,1,Dark - Lighted,Reduced Visibility,0,1,[],[],0,0,Invalid,1.0,0.0,51.0,51.0,['Female'],0,0,3,4,4,Dry,Straight,Level,Lowest,No
18479,26,Michigan,260733,1,1,1,0,1,NOT APPLICABLE,October,3,Tuesday,9,2,Urban,Medium Speed (Collector),No,43.19663056,-83.77440278,Non-Intersection,Daylight,Clear,Unknown,Unknown,Unknown EMS Scene Arrival Hour,Unknown EMS Scene Arrival Minutes,Not Applicable (Not Transported),Not Applicable (Not Transported),1,Daylight,Clear,0,1,[],[],0,0,Valid,0.0,0.0,49.0,34.0,Other,0,0,2,1,4,Dry,Straight,Level,Lowest,No
18480,26,Michigan,260734,0,2,2,0,7,DETROIT,October,2,Monday,15,55,Urban,High Speed (Arterial),Yes,42.37551944,-83.0875,Non-Intersection,Daylight,Clear,Unknown,Unknown,Unknown EMS Scene Arrival Hour,Unknown EMS Scene Arrival Minutes,Unknown,Unknown EMS Hospital Arrival Time,1,Daylight,Clear,1,6,['Driver'],['Shoulder_Lapbelt'],0,0,Valid,0.0,0.0,38.0,32.0,"['Female', 'Female']",5,0,2,4,5,Dry,Straight,Level,Lowest,No
18481,26,Michigan,260735,0,1,1,0,1,DETROIT,October,11,Wednesday,21,24,Urban,High Speed (Arterial),Yes,42.38485,-83.15878611,Complex/Circle,Dark - Lighted,Clear,Unknown,Unknown,Unknown EMS Scene Arrival Hour,Unknown EMS Scene Arrival Minutes,Not Applicable (Not Transported),Not Applicable (Not Transported),1,Dark - Lighted,Clear,1,0,['Driver'],['None_Used'],0,0,Invalid,0.0,0.0,38.0,38.0,['Male'],0,0,2,4,3,Dry,Straight,Level,Lowest,No
18482,26,Michigan,260736,1,1,1,0,1,NOT APPLICABLE,October,5,Thursday,7,13,Urban,Medium Speed (Collector),No,43.21969167,-86.17574722,Non-Intersection,Dark - Not Lighted,Rain,7:00am-7:59am,16,7:00am-7:59am,22,Unknown,Unknown EMS Hospital Arrival Time,1,Dark - Unlighted,Rain/Wind/Minor,0,1,[],[],0,0,Valid,0.0,0.0,34.0,34.0,['Female'],0,0,2,2,4,Wet/Standing Water,Straight,Level,Lowest,No
18483,26,Michigan,260737,0,2,2,0,2,EAST LANSING,October,11,Wednesday,20,54,Urban,Medium Speed (Collector),No,42.75931389,-84.48373333,Complex/Circle,Dark - Lighted,Cloudy,Unknown,Unknown,Unknown EMS Scene Arrival Hour,Unknown EMS Scene Arrival Minutes,Unknown,Unknown EMS Hospital Arrival Time,1,Dark - Lighted,Reduced Visibility,1,1,['Driver'],['None_Used'],0,0,Valid,2.0,2.0,26.0,19.0,"['Male', 'Female']",0,0,5,2,5,Dry,Straight,Level,Lowest,No
18484,26,Michigan,260738,0,2,2,0,2,DETROIT,October,5,Thursday,0,39,Urban,High Speed (Arterial),Yes,42.372625,-83.19763889,Complex/Circle,Dark - Lighted,Clear,Unknown,Unknown,Unknown EMS Scene Arrival Hour,Unknown EMS Scene Arrival Minutes,Unknown,Unknown EMS Hospital Arrival Time,1,Dark - Lighted,Clear,1,1,['Driver'],['None_Used'],0,0,Valid,1.0,1.0,55.0,42.0,"['Male', 'Male']",1,0,5,4,5,Dry,Straight,Level,Lowest,No
18485,26,Michigan,260739,0,2,2,0,3,ROMULUS,October,14,Saturday,10,14,Urban,High Speed (Arterial),Yes,42.232825,-83.32765278,Non-Intersection,Daylight,Rain,10:00am-10:59am,14,10:00am-10:59am,20,Unknown,Unknown EMS Hospital Arrival Time,2,Daylight,Rain/Wind/Minor,2,1,"['Driver', 'Front_Passenger']","['Shoulder_Lapbelt', 'None_Used']",1,1,Invalid,2.0,0.0,40.0,36.0,"['Male', 'Male']",2,0,2,4,5,Wet/Standing Water,Straight,Level,Lowest,No
18486,26,Michigan,260740,0,2,2,0,1,NOT APPLICABLE,October,6,Friday,9,2,Rural,High Speed (Arterial),Yes,42.26904167,-84.56756389,Non-Intersection,Daylight,Clear,9:00am-9:59am,6,9:00am-9:59am,16,Not Applicable (Not Transported),Not Applicable (Not Transported),1,Daylight,Clear,1,0,['Driver'],['Shoulder_Lapbelt'],0,0,Valid,1.0,1.0,24.0,24.0,['Male'],0,0,4,4,5,Dry,Straight,Level,Lowest,No
18487,26,Michigan,260741,0,2,2,0,3,NOT APPLICABLE,October,10,Tuesday,12,35,Rural,High Speed (Arterial),Yes,44.59233056,-85.65601944,Non-Intersection,Daylight,Rain,12:00pm-12:59pm,37,12:00pm-12:59pm,42,Unknown,Unknown EMS Hospital Arrival Time,1,Daylight,Rain/Wind/Minor,1,2,['Driver'],['Shoulder_Lapbelt'],0,0,Valid,2.0,1.0,66.0,65.0,"['Male', 'Female']",1,0,3,4,5,Wet/Standing Water,Straight,Level,Lowest,No
18488,26,Michigan,260742,0,2,2,0,2,NOT APPLICABLE,October,15,Sunday,5,0,Rural,High Speed (Arterial),Yes,41.91014722,-86.58019167,Non-Intersection,Dark - Not Lighted,Clear,5:00am-5:59am,2,5:00am-5:59am,13,Unknown,Unknown EMS Hospital Arrival Time,1,Dark - Unlighted,Clear,1,1,['Driver'],['Shoulder_Lapbelt'],1,1,Valid,1.0,0.0,69.0,34.0,"['Female', 'Male']",1,0,3,4,5,Dry,Straight,Level,Lowest,No
18489,26,Michigan,260743,0,2,2,0,2,NOT APPLICABLE,October,11,Wednesday,23,25,Rural,Medium Speed (Collector),No,43.43366389,-83.83638889,Non-Intersection,Dark - Not Lighted,Clear,11:00pm-11:59pm,23,11:00pm-11:59pm,29,Unknown,Unknown EMS Hospital Arrival Time,2,Dark - Unlighted,Clear,2,0,"['Driver', 'Driver']","['Shoulder_Lapbelt', 'None_Used']",1,2,Valid,1.0,0.0,43.0,42.0,"['Female', 'Male']",0,0,3,4,5,Dry,Straight,Level,Lowest,No
18490,26,Michigan,260744,0,3,2,1,2,DETROIT,October,6,Friday,15,0,Urban,Low Speed (Local),No,42.38002222,-83.12006667,Complex/Circle,Daylight,Clear,Unknown,Unknown,Unknown EMS Scene Arrival Hour,Unknown EMS Scene Arrival Minutes,Not Applicable (Not Transported),Not Applicable (Not Transported),1,Daylight,Clear,1,1,['Driver'],['Shoulder_Lapbelt'],0,0,Invalid,0.0,0.0,65.0,54.0,"['Male', 'Female']",1,0,3,4,5,Dry,Straight,Level,Lowest,No
18491,26,Michigan,260745,0,3,1,2,2,CLARE,October,10,Tuesday,18,55,Urban,Medium Speed (Collector),No,43.81961111,-84.77271667,Non-Intersection,Daylight,Clear,Unknown,Unknown,Unknown EMS Scene Arrival Hour,Unknown EMS Scene Arrival Minutes,Not Applicable (Not Transported),Not Applicable (Not Transported),2,Daylight,Clear,2,0,"['Driver', 'Front_Passenger']","['None_Used', 'Shoulder_Lapbelt']",0,0,Valid,1.0,0.0,78.0,78.0,['Male'],2,0,2,4,3,Dry,Straight,Level,Lowest,No
18492,26,Michigan,260746,0,1,1,0,2,NOT APPLICABLE,October,15,Sunday,7,37,Urban,Medium Speed (Collector),No,42.33645833,-83.87002222,Non-Intersection,Dawn,Clear,7:00am-7:59am,41,7:00am-7:59am,43,Unknown,Unknown EMS Hospital Arrival Time,1,Twilight,Clear,1,1,['Front_Passenger'],['Shoulder_Lapbelt'],0,0,Valid,0.0,2.0,33.0,33.0,['Male'],0,0,2,4,3,Dry,Curve,Level,Lowest,No
18493,26,Michigan,260747,0,2,2,0,2,CHESTERFIELD TOWNSHIP,October,6,Friday,15,46,Urban,High Speed (Arterial),Yes,42.672575,-82.83498889,Non-Intersection,Daylight,Clear,Unknown,Unknown,Unknown EMS Scene Arrival Hour,Unknown EMS Scene Arrival Minutes,Unknown,Unknown EMS Hospital Arrival Time,1,Daylight,Clear,1,1,['Driver'],['None_Used'],0,0,Valid,2.0,0.0,66.0,20.0,"['Male', 'Male']",0,0,5,4,5,Dry,Straight,Non-Trafficway,Lowest,No
18494,26,Michigan,260748,0,2,2,0,3,NOT APPLICABLE,October,13,Friday,13,7,Urban,High Speed (Arterial),Yes,42.94403889,-83.67891667,Simple Junction,Daylight,Clear,1:00pm-1:59pm,8,1:00pm-1:59pm,10,Unknown,Unknown EMS Hospital Arrival Time,1,Daylight,Clear,1,2,['Non_Standard_Risk'],['Shoulder_Lapbelt'],0,0,Valid,3.0,0.0,64.0,39.0,"['Male', 'Male']",0,0,3,4,5,Dry,Straight,Grade/Hillcrest,Lowest,No
18495,26,Michigan,260749,1,1,1,0,1,NOT APPLICABLE,October,17,Tuesday,6,52,Rural,Low Speed (Local),No,42.03715278,-83.89523056,Non-Intersection,Dark - Not Lighted,Clear,6:00am-6:59am,53,7:00am-7:59am,3,Not Applicable (Not Transported),Not Applicable (Not Transported),1,Dark - Unlighted,Clear,0,1,[],[],0,0,Valid,1.0,0.0,44.0,44.0,['Male'],0,0,1,2,4,Dry,Straight,Grade/Hillcrest,Lowest,No
18496,26,Michigan,260750,0,2,2,0,3,NOT APPLICABLE,October,16,Monday,19,39,Rural,Low Speed (Local),No,43.312925,-86.37618889,Non-Intersection,Dark - Not Lighted,Clear,Unknown,Unknown,Unknown EMS Scene Arrival Hour,Unknown EMS Scene Arrival Minutes,Unknown,Unknown EMS Hospital Arrival Time,1,Dark - Unlighted,Clear,1,2,['Front_Passenger'],['Shoulder_Lapbelt'],0,0,Valid,2.0,0.0,56.0,45.0,"['Female', 'Female']",0,0,3,4,5,Dry,Straight,Level,Lowest,No
18497,26,Michigan,260751,2,2,1,1,1,NOT APPLICABLE,October,18,Wednesday,5,17,Urban,High Speed (Arterial),Yes,42.16864167,-84.98780278,Non-Intersection,Dark - Not Lighted,Clear,5:00am-5:59am,17,5:00am-5:59am,31,Unknown,Unknown EMS Hospital Arrival Time,1,Dark - Unlighted,Clear,1,0,['Driver'],['Shoulder_Lapbelt'],0,0,Valid,3.0,1.0,65.0,65.0,['Male'],0,0,4,4,3,Dry,Straight,Level,Medium,No
18498,26,Michigan,260752,0,1,1,0,2,NOT APPLICABLE,October,22,Sunday,0,8,Urban,Medium Speed (Collector),No,41.76711389,-85.97005833,Non-Intersection,Dark - Not Lighted,Clear,Unknown,Unknown,Unknown EMS Scene Arrival Hour,Unknown EMS Scene Arrival Minutes,Unknown,Unknown EMS Hospital Arrival Time,1,Dark - Unlighted,Clear,1,1,['Front_Passenger'],['None_Used'],0,0,Invalid,0.0,0.0,38.0,38.0,['Male'],0,0,2,4,3,Dry,Straight,Level,Lowest,No
18499,26,Michigan,260753,0,2,2,0,2,NOT APPLICABLE,October,18,Wednesday,11,20,Rural,Medium Speed (Collector),No,45.01814444,-84.76788889,Complex/Circle,Daylight,Clear,Unknown,Unknown,Unknown EMS Scene Arrival Hour,Unknown EMS Scene Arrival Minutes,Unknown,Unknown EMS Hospital Arrival Time,1,Daylight,Clear,1,1,['Driver'],['Shoulder_Lapbelt'],0,0,Valid,0.0,0.0,74.0,54.0,"['Female', 'Male']",0,0,3,4,5,Dry,Straight,Level,Lowest,No