,State_Code,State_Name,Crash_ID,Count_Non_Motorists,Count_Vehicles_Total,Count_Vehicle_Forms,Count_PVH_Involved,Count_Occupants_MV,City_Name,Month_Name,Day_of_Month,Day_of_Week,Crash_Hour,Crash_Minute,Area_Rural_Urban,Road_Functional_Class,On_NHS_Road,Latitude,Longitude,Intersection_Type,Light_Condition,Weather_Condition,Notif_Hour,Notif_Minute,Arrival_Hour,Arrival_Minute,Hospital_Hour,Hospital_Minute,Fatalities_Count,Clean_Light_Condition,Clean_Weather_Condition,Total_Killed,Total_Alive,Fatal_Seats_List,Killed_Restraint_List,Any_Driver_Drinking,Total_Drinking_Drivers,Driver_License_Category,Driver_Max_Prev_Accident_Count,Driver_Max_Prev_Speeding_Count,Max_Driver_Age,Min_Driver_Age,Driver_Sex_List,Total_Exceeding_Limit_Vehicles,Total_Too_Fast_Vehicles,Max_Vehicle_Type_Severity_5,Max_Vehicle_Damage_Rank,Max_Harmful_Event_Severity,Crash_Road_Surface_Condition,Crash_Horizontal_Alignment,Crash_Vertical_Profile,Crash_Impairment_Category,Crash_Vehicle_Defect
18500,26,Michigan,260754,0,2,2,0,2,NOT APPLICABLE,October,20,Friday,8,0,Rural,Medium Speed (Collector),No,43.40508611,-85.74209167,Complex/Circle,Dawn,Rain,Unknown,Unknown,Unknown EMS Scene Arrival Hour,Unknown EMS Scene Arrival Minutes,Not Applicable (Not Transported),Not Applicable (Not Transported),1,Twilight,Rain/Wind/Minor,1,1,['Driver'],['Shoulder_Lapbelt'],0,0,Valid,1.0,1.0,63.0,54.0,"['Female', 'Male']",0,0,4,4,5,Wet/Standing Water,Straight,Level,Lowest,No
18501,26,Michigan,260755,0,1,1,0,1,NOT APPLICABLE,October,22,Sunday,1,49,Urban,High Speed (Arterial),Yes,42.78261111,-84.40326944,Non-Intersection,Dark - Not Lighted,Clear,1:00am-1:59am,49,Unknown EMS Scene Arrival Hour,Unknown EMS Scene Arrival Minutes,Not Applicable (Not Transported),Not Applicable (Not Transported),1,Dark - Unlighted,Clear,1,0,['Driver'],['None_Used'],1,1,Valid,1.0,0.0,22.0,22.0,['Male'],1,0,3,4,3,Dry,Curve,Grade/Hillcrest,Lowest,No
18502,26,Michigan,260756,1,1,1,0,2,NOT APPLICABLE,October,19,Thursday,20,49,Rural,Medium Speed (Collector),No,44.0081,-84.78799444,Non-Intersection,Dark - Not Lighted,Rain,8:00pm-8:59pm,51,8:00pm-8:59pm,54,Unknown,Unknown EMS Hospital Arrival Time,1,Dark - Unlighted,Rain/Wind/Minor,0,2,[],[],0,0,Valid,0.0,0.0,71.0,71.0,['Male'],0,0,2,4,4,Wet/Standing Water,Straight,Level,Lowest,No
18503,26,Michigan,260757,0,2,2,0,4,NOT APPLICABLE,October,16,Monday,13,10,Rural,Medium Speed (Collector),No,44.68620278,-85.58208333,Complex/Circle,Daylight,Clear,1:00pm-1:59pm,18,1:00pm-1:59pm,25,Unknown,Unknown EMS Hospital Arrival Time,1,Daylight,Clear,1,3,['Driver'],['Shoulder_Lapbelt'],0,0,Valid,0.0,0.0,46.0,35.0,"['Female', 'Male']",0,0,3,4,5,Dry,Straight,Level,Lowest,No
18504,26,Michigan,260758,0,2,2,0,3,NOT APPLICABLE,October,21,Saturday,19,53,Rural,High Speed (Arterial),Yes,44.50013889,-85.40588056,Non-Intersection,Dark - Not Lighted,Clear,7:00pm-7:59pm,57,8:00pm-8:59pm,6,Unknown,Unknown EMS Hospital Arrival Time,1,Dark - Unlighted,Clear,1,2,['Driver'],['Lapbelt_Only'],1,1,Invalid,0.0,0.0,40.0,34.0,"['Male', 'Male']",0,0,2,4,5,Dry,Straight,Grade/Hillcrest,Lowest,No
18505,26,Michigan,260759,0,1,1,0,1,KALAMAZOO,October,5,Thursday,19,7,Urban,High Speed (Arterial),Yes,42.28168889,-85.5872,Non-Intersection,Dark - Not Lighted,Rain,Unknown,Unknown,Unknown EMS Scene Arrival Hour,Unknown EMS Scene Arrival Minutes,Unknown,Unknown EMS Hospital Arrival Time,1,Dark - Unlighted,Rain/Wind/Minor,1,0,['Driver'],['Shoulder_Lapbelt'],1,1,Invalid,0.0,0.0,34.0,34.0,['Male'],1,0,3,4,3,Wet/Standing Water,Straight,Level,Lowest,No
18506,26,Michigan,260760,0,2,2,0,2,WARREN,October,1,Sunday,12,26,Urban,High Speed (Arterial),Yes,42.47067222,-82.98647222,Complex/Circle,Daylight,Clear,Unknown,Unknown,Unknown EMS Scene Arrival Hour,Unknown EMS Scene Arrival Minutes,Unknown,Unknown EMS Hospital Arrival Time,1,Daylight,Clear,1,1,['Driver'],['None_Used'],0,0,Valid,1.0,1.0,24.0,22.0,"['Male', 'Female']",1,0,5,4,5,Dry,Straight,Level,Lowest,No
18507,26,Michigan,260761,0,1,1,0,1,NOT APPLICABLE,October,19,Thursday,10,32,Rural,Medium Speed (Collector),No,41.8473,-84.59197222,Non-Intersection,Daylight,Rain,10:00am-10:59am,36,10:00am-10:59am,57,Not Applicable (Not Transported),Not Applicable (Not Transported),1,Daylight,Rain/Wind/Minor,1,0,['Driver'],['Shoulder_Lapbelt'],0,0,Valid,0.0,0.0,18.0,18.0,['Male'],1,0,1,4,3,Wet/Standing Water,Straight,Level,Lowest,No
18508,26,Michigan,260762,0,2,2,0,5,WYOMING,October,23,Monday,7,19,Urban,High Speed (Arterial),Yes,42.93518611,-85.71063333,Non-Intersection,Dawn,Clear,7:00am-7:59am,19,7:00am-7:59am,24,Unknown,Unknown EMS Hospital Arrival Time,1,Twilight,Clear,1,4,['Driver'],['Shoulder_Lapbelt'],0,0,Valid,4.0,0.0,43.0,43.0,"['Male', 'Female']",0,0,3,4,5,Dry,Curve,Level,Lowest,No
18509,26,Michigan,260763,0,5,5,0,5,COMSTOCK,October,23,Monday,21,19,Urban,Medium Speed (Collector),No,42.28858333,-85.45441389,Non-Intersection,Dark - Not Lighted,Clear,9:00pm-9:59pm,21,9:00pm-9:59pm,29,Not Applicable (Not Transported),Not Applicable (Not Transported),1,Dark - Unlighted,Clear,1,4,['Driver'],['None_Used'],1,1,Valid,2.0,1.0,48.0,24.0,"['Male', 'Male', 'Male', 'Female', 'Male']",0,0,5,4,5,Dry,Straight,Grade/Hillcrest,Lowest,No
18510,26,Michigan,260764,1,1,1,0,1,FLINT,October,15,Sunday,20,15,Urban,High Speed (Arterial),Yes,43.01977778,-83.65470278,Non-Intersection,Dark - Lighted,Rain,8:00pm-8:59pm,16,8:00pm-8:59pm,20,Unknown,Unknown EMS Hospital Arrival Time,1,Dark - Lighted,Rain/Wind/Minor,0,0,[],[],0,0,Invalid,0.0,0.0,999.0,999.0,['Other'],0,0,1,0,4,Wet/Standing Water,Straight,Level,Lowest,No
18511,26,Michigan,260765,1,2,2,0,2,DETROIT,October,21,Saturday,20,0,Urban,High Speed (Arterial),Yes,42.43120833,-83.17033611,Non-Intersection,Dark - Not Lighted,Cloudy,Unknown,Unknown,Unknown EMS Scene Arrival Hour,Unknown EMS Scene Arrival Minutes,Not Applicable (Not Transported),Not Applicable (Not Transported),1,Dark - Unlighted,Reduced Visibility,0,2,[],[],0,0,Valid,1.0,1.0,66.0,28.0,"['Male', 'Female']",0,0,3,3,4,Dry,Straight,Level,Lowest,No
18512,26,Michigan,260766,0,1,1,0,1,NOT APPLICABLE,October,25,Wednesday,5,36,Rural,Low Speed (Local),No,42.21975,-85.35484722,Non-Intersection,Dark - Not Lighted,Clear,5:00am-5:59am,40,5:00am-5:59am,46,Not Applicable (Not Transported),Not Applicable (Not Transported),1,Dark - Unlighted,Clear,1,0,['Driver'],['Shoulder_Lapbelt'],0,0,Valid,0.0,0.0,18.0,18.0,['Male'],1,0,3,4,3,Dry,Straight,Level,Lowest,No
18513,26,Michigan,260767,0,1,1,0,2,HOLLAND,October,21,Saturday,7,21,Urban,High Speed (Arterial),Yes,42.73681111,-86.10831111,Non-Intersection,Dark - Not Lighted,Cloudy,7:00am-7:59am,24,7:00am-7:59am,34,Unknown,Unknown EMS Hospital Arrival Time,1,Dark - Unlighted,Reduced Visibility,1,1,['Front_Passenger'],['Shoulder_Lapbelt'],0,0,Valid,0.0,0.0,55.0,55.0,['Male'],0,0,2,4,1,Wet/Standing Water,Straight,Level,Lowest,No
18514,26,Michigan,260768,0,2,2,0,2,NOT APPLICABLE,October,26,Thursday,13,43,Urban,Medium Speed (Collector),No,42.90936667,-83.58863889,Complex/Circle,Daylight,Cloudy,1:00pm-1:59pm,44,1:00pm-1:59pm,53,Unknown,Unknown EMS Hospital Arrival Time,1,Daylight,Reduced Visibility,1,1,['Driver'],['None_Used'],0,0,Valid,2.0,1.0,64.0,34.0,"['Male', 'Male']",0,0,3,4,5,Dry,Straight,Grade/Hillcrest,Lowest,No
18515,26,Michigan,260769,0,1,1,0,1,NOT APPLICABLE,October,24,Tuesday,16,20,Rural,Medium Speed (Collector),No,42.308775,-86.17460556,Non-Intersection,Daylight,Clear,4:00pm-4:59pm,22,4:00pm-4:59pm,25,Not Applicable (Not Transported),Not Applicable (Not Transported),1,Daylight,Clear,1,0,['Driver'],['None_Used'],0,0,Valid,0.0,0.0,64.0,64.0,['Male'],1,0,3,4,3,Dry,Straight,Level,Lowest,No
18516,26,Michigan,260770,0,2,2,0,3,NOT APPLICABLE,October,16,Monday,14,44,Urban,High Speed (Arterial),Yes,43.68830278,-85.51177222,Complex/Circle,Daylight,Cloudy,Unknown,Unknown,Unknown EMS Scene Arrival Hour,Unknown EMS Scene Arrival Minutes,Unknown,Unknown EMS Hospital Arrival Time,1,Daylight,Reduced Visibility,1,2,['Driver'],['Shoulder_Lapbelt'],0,0,Valid,0.0,2.0,80.0,30.0,"['Female', 'Male']",0,0,2,4,5,Dry,Straight,Level,Lowest,No
18517,26,Michigan,260771,1,1,1,0,1,ROSEVILLE,October,17,Tuesday,5,41,Urban,High Speed (Arterial),Yes,42.52850278,-82.90937778,Complex/Circle,Dark - Lighted,Clear,Unknown,Unknown,Unknown EMS Scene Arrival Hour,Unknown EMS Scene Arrival Minutes,Unknown,Unknown EMS Hospital Arrival Time,1,Dark - Lighted,Clear,0,1,[],[],0,0,Valid,4.0,3.0,25.0,25.0,['Male'],0,0,3,2,4,Dry,Straight,Level,Lowest,No
18518,26,Michigan,260772,0,1,1,0,4,AUBURN HEIGHTS,October,25,Wednesday,17,59,Urban,High Speed (Arterial),Yes,42.70017222,-83.28125,Non-Intersection,Dusk,Cloudy,6:00pm-6:59pm,0,6:00pm-6:59pm,10,Unknown,Unknown EMS Hospital Arrival Time,1,Twilight,Reduced Visibility,1,3,['Rear_Seat'],['Shoulder_Lapbelt'],0,0,Valid,1.0,0.0,27.0,27.0,['Female'],4,0,3,4,3,Wet/Standing Water,Curve,Grade/Hillcrest,Lowest,No
18519,26,Michigan,260773,0,2,2,0,3,NOT APPLICABLE,October,17,Tuesday,14,10,Urban,High Speed (Arterial),Yes,42.88828611,-85.48830556,Non-Intersection,Daylight,Clear,Unknown,Unknown,Unknown EMS Scene Arrival Hour,Unknown EMS Scene Arrival Minutes,Unknown,Unknown EMS Hospital Arrival Time,1,Daylight,Clear,1,2,['Driver'],['Shoulder_Lapbelt'],0,0,Valid,0.0,0.0,89.0,85.0,"['Male', 'Male']",0,0,3,4,5,Dry,Straight,Level,Lowest,No
18520,26,Michigan,260774,1,1,1,0,1,NOT APPLICABLE,October,27,Friday,19,42,Urban,High Speed (Arterial),No,42.84066389,-85.66353333,Complex/Circle,Dark - Lighted,Clear,7:00pm-7:59pm,42,7:00pm-7:59pm,46,Unknown,Unknown EMS Hospital Arrival Time,1,Dark - Lighted,Clear,0,1,[],[],0,0,Valid,0.0,0.0,30.0,30.0,['Female'],0,0,3,2,4,Wet/Standing Water,Straight,Level,Lowest,No
18521,26,Michigan,260775,0,2,2,0,4,NOT APPLICABLE,October,27,Friday,20,47,Rural,Medium Speed (Collector),No,43.31610556,-85.44309722,Non-Intersection,Dark - Not Lighted,Rain,8:00pm-8:59pm,44,8:00pm-8:59pm,57,Unknown,Unknown EMS Hospital Arrival Time,2,Dark - Unlighted,Rain/Wind/Minor,2,2,"['Driver', 'Driver']","['Shoulder_Lapbelt', 'Shoulder_Lapbelt']",1,2,Valid,1.0,0.0,80.0,67.0,"['Male', 'Female']",0,0,3,4,5,Wet/Standing Water,Straight,Level,Lowest,No
18522,26,Michigan,260776,0,2,2,0,3,NOT APPLICABLE,October,25,Wednesday,9,17,Rural,Low Speed (Local),No,43.76991667,-85.003525,Non-Intersection,Daylight,Cloudy,Unknown,Unknown,Unknown EMS Scene Arrival Hour,Unknown EMS Scene Arrival Minutes,Not Applicable (Not Transported),Not Applicable (Not Transported),1,Daylight,Reduced Visibility,1,2,['Driver'],['None_Used'],0,0,Valid,1.0,2.0,54.0,29.0,"['Male', 'Male']",2,0,5,4,5,Loose/Unpaved,Straight,Level,Lowest,No
18523,26,Michigan,260777,0,1,1,0,2,NOT APPLICABLE,October,25,Wednesday,2,55,Rural,Medium Speed (Collector),No,43.73798611,-84.76763611,Non-Intersection,Dark - Not Lighted,Cloudy,Unknown,Unknown,Unknown EMS Scene Arrival Hour,Unknown EMS Scene Arrival Minutes,Unknown,Unknown EMS Hospital Arrival Time,1,Dark - Unlighted,Reduced Visibility,1,1,['Rear_Seat'],['None_Used'],0,0,Invalid,0.0,0.0,45.0,45.0,['Male'],0,0,5,4,1,Dry,Straight,Level,Lowest,No
18524,26,Michigan,260778,1,1,1,0,1,DETROIT,October,2,Monday,23,19,Urban,High Speed (Arterial),Yes,42.40400556,-82.96340833,Non-Intersection,Dark - Not Lighted,Clear,Unknown,Unknown,Unknown EMS Scene Arrival Hour,Unknown EMS Scene Arrival Minutes,Not Applicable (Not Transported),Not Applicable (Not Transported),1,Dark - Unlighted,Clear,0,1,[],[],0,0,Valid,0.0,1.0,50.0,50.0,['Female'],0,0,3,3,4,Dry,Straight,Level,Lowest,No
18525,26,Michigan,260779,1,1,1,0,1,DETROIT,October,25,Wednesday,21,45,Urban,High Speed (Arterial),Yes,42.41591667,-83.20175833,Non-Intersection,Dark - Not Lighted,Rain,Unknown,Unknown,Unknown EMS Scene Arrival Hour,Unknown EMS Scene Arrival Minutes,Not Applicable (Not Transported),Not Applicable (Not Transported),1,Dark - Unlighted,Rain/Wind/Minor,0,1,[],[],0,0,Valid,0.0,1.0,68.0,68.0,['Male'],0,0,3,2,4,Wet/Standing Water,Straight,Level,Lowest,No
18526,26,Michigan,260780,0,2,2,0,2,ROSEVILLE,October,26,Thursday,18,15,Urban,Medium Speed (Collector),No,42.52439722,-82.93249722,Non-Intersection,Daylight,Cloudy,6:00pm-6:59pm,16,6:00pm-6:59pm,20,Unknown,Unknown EMS Hospital Arrival Time,1,Daylight,Reduced Visibility,1,1,['Driver'],['None_Used'],0,0,Valid,1.0,0.0,35.0,33.0,"['Male', 'Male']",1,0,5,4,5,Dry,Straight,Non-Trafficway,Lowest,No
18527,26,Michigan,260781,0,1,1,0,2,NOT APPLICABLE,October,28,Saturday,1,55,Rural,Medium Speed (Collector),No,45.8483,-88.006575,Non-Intersection,Dark - Not Lighted,Rain,Unknown,Unknown,Unknown EMS Scene Arrival Hour,Unknown EMS Scene Arrival Minutes,Unknown,Unknown EMS Hospital Arrival Time,1,Dark - Unlighted,Rain/Wind/Minor,1,1,['Driver'],['None_Used'],1,1,Valid,0.0,3.0,20.0,20.0,['Male'],2,0,2,4,3,Wet/Standing Water,Curve,Level,Lowest,No
18528,26,Michigan,260782,1,2,2,0,2,MOUNT CLEMENS,October,29,Sunday,2,17,Urban,High Speed (Arterial),Yes,42.598175,-82.89274444,Complex/Circle,Dark - Not Lighted,Rain,Unknown,Unknown,Unknown EMS Scene Arrival Hour,Unknown EMS Scene Arrival Minutes,Not Applicable (Not Transported),Not Applicable (Not Transported),1,Dark - Unlighted,Rain/Wind/Minor,0,2,[],[],1,1,Valid,0.0,1.0,28.0,28.0,['Male'],0,0,3,4,5,Wet/Standing Water,Straight,Level,Lowest,No
18529,26,Michigan,260783,0,2,2,0,2,CHINA TOWNSHIP,October,27,Friday,16,30,Rural,Low Speed (Local),No,42.78748056,-82.51308611,Complex/Circle,Daylight,Clear,4:00pm-4:59pm,33,4:00pm-4:59pm,41,Unknown,Unknown EMS Hospital Arrival Time,1,Daylight,Clear,1,1,['Driver'],['Shoulder_Lapbelt'],0,0,Valid,0.0,0.0,84.0,47.0,"['Female', 'Male']",0,0,3,4,5,Dry,Straight,Level,Lowest,No
18530,26,Michigan,260784,0,1,1,0,1,NOT APPLICABLE,October,18,Wednesday,5,8,Rural,Low Speed (Local),No,42.99256944,-82.60207778,Non-Intersection,Dark - Not Lighted,Clear,5:00am-5:59am,9,5:00am-5:59am,34,Unknown,Unknown EMS Hospital Arrival Time,1,Dark - Unlighted,Clear,1,0,['Driver'],['None_Used'],1,1,Valid,0.0,1.0,45.0,45.0,['Male'],0,0,5,4,3,Dry,Straight,Level,Lowest,No
18531,26,Michigan,260785,0,2,2,0,2,LANSING,October,24,Tuesday,17,2,Urban,High Speed (Arterial),Yes,42.72323889,-84.56981111,Complex/Circle,Daylight,Clear,5:00pm-5:59pm,2,5:00pm-5:59pm,7,Unknown,Unknown EMS Hospital Arrival Time,1,Daylight,Clear,1,1,['Driver'],['None_Used'],0,0,Valid,0.0,0.0,70.0,37.0,"['Male', 'Male']",1,0,5,4,5,Dry,Straight,Level,Lowest,No
18532,26,Michigan,260786,2,1,1,0,1,DETROIT,October,12,Thursday,20,0,Urban,Medium Speed (Collector),No,42.33717778,-83.13657778,Complex/Circle,Dark - Lighted,Clear,Unknown,Unknown,Unknown EMS Scene Arrival Hour,Unknown EMS Scene Arrival Minutes,Unknown,Unknown EMS Hospital Arrival Time,1,Dark - Lighted,Clear,0,1,[],[],0,0,Invalid,0.0,0.0,43.0,43.0,['Male'],0,0,3,1,4,Dry,Straight,Level,Lowest,No
18533,26,Michigan,260787,0,1,1,0,1,NOT APPLICABLE,October,21,Saturday,19,17,Rural,Medium Speed (Collector),No,42.48710556,-84.6012,Simple Junction,Dark - Not Lighted,Rain,Unknown,Unknown,Unknown EMS Scene Arrival Hour,Unknown EMS Scene Arrival Minutes,Unknown,Unknown EMS Hospital Arrival Time,1,Dark - Unlighted,Rain/Wind/Minor,1,0,['Driver'],['Shoulder_Lapbelt'],1,1,Valid,0.0,0.0,26.0,26.0,['Female'],0,0,3,4,3,Wet/Standing Water,Curve,Level,Lowest,No
18534,26,Michigan,260788,0,2,2,0,2,NOT APPLICABLE,October,21,Saturday,22,47,Rural,Medium Speed (Collector),No,42.45796944,-84.6548,Non-Intersection,Dark - Not Lighted,Rain,Unknown,Unknown,Unknown EMS Scene Arrival Hour,Unknown EMS Scene Arrival Minutes,Unknown,Unknown EMS Hospital Arrival Time,1,Dark - Unlighted,Rain/Wind/Minor,1,1,['Driver'],['Shoulder_Lapbelt'],1,1,Invalid,0.0,1.0,58.0,39.0,"['Male', 'Female']",0,0,3,4,5,Wet/Standing Water,Curve,Level,Lowest,No
18535,26,Michigan,260789,0,4,4,0,5,NOT APPLICABLE,October,27,Friday,11,39,Rural,High Speed (Arterial),Yes,43.99602222,-85.10065278,Non-Intersection,Daylight,Rain,11:00am-11:59am,49,12:00pm-12:59pm,7,Unknown,Unknown EMS Hospital Arrival Time,1,Daylight,Rain/Wind/Minor,1,4,['Driver'],['Shoulder_Lapbelt'],0,0,Valid,2.0,1.0,65.0,44.0,"['Male', 'Male', 'Male', 'Male']",0,0,4,4,5,Wet/Standing Water,Straight,Level,Lowest,No
18536,26,Michigan,260790,0,2,2,0,3,DETROIT,October,28,Saturday,22,25,Urban,Medium Speed (Collector),No,42.32180833,-83.13441111,Non-Intersection,Dark - Lighted,Clear,Unknown,Unknown,Unknown EMS Scene Arrival Hour,Unknown EMS Scene Arrival Minutes,Not Applicable (Not Transported),Not Applicable (Not Transported),1,Dark - Lighted,Clear,1,2,['Driver'],['Shoulder_Lapbelt'],1,1,Valid,0.0,1.0,24.0,21.0,"['Male', 'Male']",0,0,3,4,5,Dry,Straight,Level,Lowest,No
18537,26,Michigan,260791,1,2,2,0,2,PONTIAC,October,28,Saturday,2,26,Urban,High Speed (Arterial),Yes,42.65393611,-83.26396667,Non-Intersection,Dark - Lighted,Rain,Unknown,Unknown,Unknown EMS Scene Arrival Hour,Unknown EMS Scene Arrival Minutes,Unknown,Unknown EMS Hospital Arrival Time,1,Dark - Lighted,Rain/Wind/Minor,0,0,[],[],0,0,Invalid,0.0,0.0,998.0,998.0,"['Other', 'Male']",0,0,1,0,5,Wet/Standing Water,Straight,Level,Lowest,No
18538,26,Michigan,260792,0,2,2,0,2,NOT APPLICABLE,October,31,Tuesday,22,46,Urban,High Speed (Arterial),Yes,42.66071111,-84.20085278,Non-Intersection,Dark - Not Lighted,Snow,Unknown,Unknown,Unknown EMS Scene Arrival Hour,Unknown EMS Scene Arrival Minutes,Not Applicable (Not Transported),Not Applicable (Not Transported),1,Dark - Unlighted,Snow/Ice/Severe,1,1,['Driver'],['Shoulder_Lapbelt'],0,0,Invalid,3.0,0.0,75.0,49.0,"['Male', 'Male']",1,0,3,4,5,Icy/Snowy,Straight,Level,Lowest,No
18539,26,Michigan,260793,1,1,1,0,1,NOT APPLICABLE,October,19,Thursday,20,9,Rural,Medium Speed (Collector),No,42.16066389,-84.21098056,Non-Intersection,Dark - Not Lighted,Rain,Unknown,Unknown,Unknown EMS Scene Arrival Hour,Unknown EMS Scene Arrival Minutes,Not Applicable (Not Transported),Not Applicable (Not Transported),1,Dark - Unlighted,Rain/Wind/Minor,0,1,[],[],0,0,Valid,0.0,0.0,67.0,67.0,['Male'],0,0,3,3,4,Wet/Standing Water,Straight,Level,Lowest,No
18540,26,Michigan,260794,0,5,5,0,9,NOT APPLICABLE,October,27,Friday,19,0,Rural,High Speed (Arterial),Yes,41.78111667,-83.47235556,Non-Intersection,Dark - Not Lighted,Clear,7:00pm-7:59pm,16,7:00pm-7:59pm,25,Unknown,Unknown EMS Hospital Arrival Time,1,Dark - Unlighted,Clear,1,8,['Rear_Seat'],['Shoulder_Lapbelt'],0,0,Valid,1.0,1.0,76.0,44.0,"['Male', 'Male', 'Male', 'Female', 'Male']",0,0,4,4,5,Dry,Straight,Level,Lowest,No
18541,26,Michigan,260795,0,1,1,0,1,NOT APPLICABLE,October,24,Tuesday,11,41,Rural,Medium Speed (Collector),No,42.15933333,-84.87901667,Non-Intersection,Daylight,Clear,11:00am-11:59am,41,11:00am-11:59am,51,Unknown,Unknown EMS Hospital Arrival Time,1,Daylight,Clear,1,0,['Driver'],['None_Used'],0,0,Valid,0.0,0.0,70.0,70.0,['Male'],0,0,5,4,1,Dry,Straight,Level,Lowest,No
18542,26,Michigan,260796,0,2,2,0,4,FLINT,October,25,Wednesday,21,30,Urban,High Speed (Arterial),Yes,43.002375,-83.73466944,Non-Intersection,Dark - Lighted,Rain,9:00pm-9:59pm,31,9:00pm-9:59pm,38,Unknown,Unknown EMS Hospital Arrival Time,1,Dark - Lighted,Rain/Wind/Minor,1,2,['Front_Passenger'],['None_Used'],0,0,Invalid,0.0,0.0,999.0,34.0,"['Other', 'Male']",0,0,3,4,5,Wet/Standing Water,Straight,Level,Lowest,No
18543,26,Michigan,260797,0,3,3,0,3,DETROIT,October,30,Monday,5,0,Urban,High Speed (Arterial),Yes,42.35640556,-83.21638889,Non-Intersection,Dark - Lighted,Rain,Unknown,Unknown,Unknown EMS Scene Arrival Hour,Unknown EMS Scene Arrival Minutes,Unknown,Unknown EMS Hospital Arrival Time,1,Dark - Lighted,Rain/Wind/Minor,1,2,['Driver'],['None_Used'],0,0,Valid,0.0,0.0,60.0,25.0,"['Female', 'Male', 'Male']",0,0,3,4,5,Wet/Standing Water,Straight,Level,Lowest,No
18544,26,Michigan,260798,1,1,1,0,1,PERRY,October,30,Monday,10,53,Rural,Medium Speed (Collector),No,42.81965833,-84.227175,Non-Intersection,Daylight,Cloudy,Unknown,Unknown,Unknown EMS Scene Arrival Hour,Unknown EMS Scene Arrival Minutes,Unknown,Unknown EMS Hospital Arrival Time,1,Daylight,Reduced Visibility,0,1,[],[],0,0,Valid,1.0,0.0,27.0,27.0,['Female'],0,0,3,1,4,Dry,Straight,Level,Lowest,No
18545,26,Michigan,260799,0,1,1,0,1,NOT APPLICABLE,October,19,Thursday,10,39,Rural,Medium Speed (Collector),No,42.45111944,-84.4986,Non-Intersection,Daylight,Rain,Unknown,Unknown,Unknown EMS Scene Arrival Hour,Unknown EMS Scene Arrival Minutes,Unknown,Unknown EMS Hospital Arrival Time,1,Daylight,Rain/Wind/Minor,1,0,['Driver'],['None_Used'],0,0,Valid,0.0,0.0,81.0,81.0,['Male'],0,0,3,4,2,Wet/Standing Water,Straight,Level,Lowest,No
18546,26,Michigan,260800,0,2,2,0,2,NOT APPLICABLE,October,20,Friday,10,3,Rural,Medium Speed (Collector),No,42.43300278,-85.86602778,Non-Intersection,Daylight,Rain,Unknown,Unknown,Unknown EMS Scene Arrival Hour,Unknown EMS Scene Arrival Minutes,Unknown,Unknown EMS Hospital Arrival Time,1,Daylight,Rain/Wind/Minor,1,1,['Driver'],['Shoulder_Lapbelt'],0,0,Valid,0.0,0.0,71.0,30.0,"['Male', 'Female']",0,0,3,4,5,Wet/Standing Water,Straight,Level,Lowest,No
18547,26,Michigan,260801,0,2,2,0,3,NOT APPLICABLE,August,22,Tuesday,13,37,Rural,Medium Speed (Collector),No,42.88385556,-83.84938333,Complex/Circle,Daylight,Rain,Not Applicable (Not Notified),Not Applicable (Not Notified),Not Applicable,Not Applicable,Not Applicable (Not Transported),Not Applicable (Not Transported),1,Daylight,Rain/Wind/Minor,1,2,['Front_Passenger'],['Shoulder_Lapbelt'],0,0,Valid,0.0,0.0,72.0,56.0,"['Male', 'Female']",0,0,3,4,5,Wet/Standing Water,Straight,Level,Lowest,No
18548,26,Michigan,260802,0,2,2,0,4,STERLING HEIGHTS,August,12,Saturday,21,29,Urban,High Speed (Arterial),Yes,42.56546667,-83.02946389,Complex/Circle,Dark - Lighted,Cloudy,9:00pm-9:59pm,31,9:00pm-9:59pm,34,Unknown,Unknown EMS Hospital Arrival Time,1,Dark - Lighted,Reduced Visibility,1,3,['Front_Passenger'],['Shoulder_Lapbelt'],0,0,Valid,1.0,0.0,34.0,16.0,"['Male', 'Male']",1,0,3,4,5,Dry,Straight,Level,Lowest,No
18549,26,Michigan,260803,1,1,1,0,1,LANSING,October,14,Saturday,4,40,Urban,High Speed (Arterial),Yes,42.68303333,-84.58758611,Non-Intersection,Dark - Lighted,Cloudy,4:00am-4:59am,36,4:00am-4:59am,44,Not Applicable (Not Transported),Not Applicable (Not Transported),1,Dark - Lighted,Reduced Visibility,0,1,[],[],0,0,Valid,0.0,1.0,25.0,25.0,['Male'],1,0,2,4,4,Wet/Standing Water,Straight,Level,Lowest,No
18550,26,Michigan,260804,1,1,1,0,1,GRAND RAPIDS,November,1,Wednesday,8,16,Urban,High Speed (Arterial),Yes,42.97609722,-85.60479444,Non-Intersection,Daylight,Cloudy,Unknown,Unknown,Unknown EMS Scene Arrival Hour,Unknown EMS Scene Arrival Minutes,Unknown,Unknown EMS Hospital Arrival Time,1,Daylight,Reduced Visibility,0,1,[],[],0,0,Valid,0.0,0.0,47.0,47.0,['Female'],0,0,2,3,4,Icy/Snowy,Curve,Grade/Hillcrest,Lowest,No