,State_Code,State_Name,Crash_ID,Count_Non_Motorists,Count_Vehicles_Total,Count_Vehicle_Forms,Count_PVH_Involved,Count_Occupants_MV,City_Name,Month_Name,Day_of_Month,Day_of_Week,Crash_Hour,Crash_Minute,Area_Rural_Urban,Road_Functional_Class,On_NHS_Road,Latitude,Longitude,Intersection_Type,Light_Condition,Weather_Condition,Notif_Hour,Notif_Minute,Arrival_Hour,Arrival_Minute,Hospital_Hour,Hospital_Minute,Fatalities_Count,Clean_Light_Condition,Clean_Weather_Condition,Total_Killed,Total_Alive,Fatal_Seats_List,Killed_Restraint_List,Any_Driver_Drinking,Total_Drinking_Drivers,Driver_License_Category,Driver_Max_Prev_Accident_Count,Driver_Max_Prev_Speeding_Count,Max_Driver_Age,Min_Driver_Age,Driver_Sex_List,Total_Exceeding_Limit_Vehicles,Total_Too_Fast_Vehicles,Max_Vehicle_Type_Severity_5,Max_Vehicle_Damage_Rank,Max_Harmful_Event_Severity,Crash_Road_Surface_Condition,Crash_Horizontal_Alignment,Crash_Vertical_Profile,Crash_Impairment_Category,Crash_Vehicle_Defect
18551,26,Michigan,260805,1,1,1,0,1,GRAND RAPIDS,November,3,Friday,19,8,Urban,High Speed (Arterial),Yes,42.89423889,-85.62649722,Non-Intersection,Dark - Lighted,Clear,7:00pm-7:59pm,10,7:00pm-7:59pm,20,Unknown,Unknown EMS Hospital Arrival Time,1,Dark - Lighted,Clear,0,1,[],[],1,1,Valid,0.0,0.0,70.0,70.0,['Female'],0,0,2,4,4,Dry,Straight,Grade/Hillcrest,Lowest,No
18552,26,Michigan,260806,0,1,1,0,1,NOT APPLICABLE,November,1,Wednesday,13,27,Rural,Medium Speed (Collector),No,43.36687222,-85.45825833,Non-Intersection,Daylight,Cloudy,1:00pm-1:59pm,24,1:00pm-1:59pm,34,Not Applicable (Not Transported),Not Applicable (Not Transported),1,Daylight,Reduced Visibility,1,0,['Driver'],['None_Used'],1,1,Invalid,0.0,0.0,19.0,19.0,['Male'],1,0,2,4,3,Dry,Straight,Level,Lowest,No
18553,26,Michigan,260807,1,1,1,0,1,STERLING HEIGHTS,November,3,Friday,10,57,Urban,Low Speed (Local),No,42.56168056,-83.07588889,Non-Intersection,Daylight,Clear,10:00am-10:59am,58,11:00am-11:59am,2,Unknown,Unknown EMS Hospital Arrival Time,1,Daylight,Clear,0,1,[],[],0,0,Valid,0.0,0.0,31.0,31.0,['Female'],0,0,2,2,4,Dry,Straight,Non-Trafficway,Lowest,No
18554,26,Michigan,260808,0,1,1,0,2,NOT APPLICABLE,November,3,Friday,18,4,Rural,Low Speed (Local),No,45.26178611,-87.67843889,Non-Intersection,Dusk,Cloudy,6:00pm-6:59pm,4,6:00pm-6:59pm,28,Unknown,Unknown EMS Hospital Arrival Time,1,Twilight,Reduced Visibility,1,1,['Front_Passenger'],['None_Used'],1,1,Invalid,0.0,0.0,36.0,36.0,['Male'],2,0,5,4,3,Dry,Straight,Grade/Hillcrest,Lowest,No
18555,26,Michigan,260809,0,1,1,0,1,NOT APPLICABLE,November,5,Sunday,18,50,Urban,Medium Speed (Collector),No,44.34235,-84.67433333,Non-Intersection,Dark - Not Lighted,Cloudy,6:00pm-6:59pm,46,6:00pm-6:59pm,57,Not Applicable (Not Transported),Not Applicable (Not Transported),1,Dark - Unlighted,Reduced Visibility,1,0,['Driver'],['None_Used'],1,1,Valid,0.0,1.0,29.0,29.0,['Male'],0,0,3,4,3,Wet/Standing Water,Curve,Level,Lowest,No
18556,26,Michigan,260810,1,1,1,0,1,NOT APPLICABLE,November,4,Saturday,10,45,Urban,High Speed (Arterial),Yes,42.85387222,-85.52397222,Non-Intersection,Daylight,Clear,10:00am-10:59am,45,10:00am-10:59am,53,Not Applicable (Not Transported),Not Applicable (Not Transported),1,Daylight,Clear,0,1,[],[],0,0,Valid,0.0,0.0,18.0,18.0,['Male'],1,0,2,4,4,Dry,Straight,Grade/Hillcrest,Lowest,No
18557,26,Michigan,260811,1,1,1,0,1,EAST LANSING,November,5,Sunday,1,4,Urban,High Speed (Arterial),Yes,42.73360556,-84.49578333,Non-Intersection,Dark - Not Lighted,Clear,Unknown,Unknown,Unknown EMS Scene Arrival Hour,Unknown EMS Scene Arrival Minutes,Not Applicable (Not Transported),Not Applicable (Not Transported),1,Dark - Unlighted,Clear,0,1,[],[],1,1,Valid,1.0,1.0,26.0,26.0,['Male'],0,0,2,4,4,Dry,Straight,Level,Lowest,No
18558,26,Michigan,260812,0,1,1,0,1,NOT APPLICABLE,November,2,Thursday,16,28,Rural,Medium Speed (Collector),No,41.76746667,-86.00299167,Non-Intersection,Daylight,Clear,4:00pm-4:59pm,28,Unknown EMS Scene Arrival Hour,Unknown EMS Scene Arrival Minutes,Unknown,Unknown EMS Hospital Arrival Time,1,Daylight,Clear,1,0,['Driver'],['Shoulder_Lapbelt'],0,0,Valid,0.0,0.0,79.0,79.0,['Male'],0,0,3,4,3,Dry,Straight,Level,Lowest,No
18559,26,Michigan,260813,0,2,2,0,3,NOT APPLICABLE,November,10,Friday,18,2,Urban,High Speed (Arterial),Yes,42.86390556,-83.29193889,Non-Intersection,Dusk,Cloudy,6:00pm-6:59pm,5,6:00pm-6:59pm,10,Unknown,Unknown EMS Hospital Arrival Time,1,Twilight,Reduced Visibility,1,2,['Driver'],['None_Used'],0,0,Valid,0.0,1.0,58.0,23.0,"['Male', 'Male']",1,0,5,4,5,Dry,Straight,Level,Lowest,No
18560,26,Michigan,260814,1,1,1,0,2,NOT APPLICABLE,November,3,Friday,22,38,Rural,Medium Speed (Collector),No,43.18121667,-84.34785556,Non-Intersection,Dark - Not Lighted,Rain,Unknown,Unknown if Notified,Unknown EMS Scene Arrival Hour,Unknown if Arrived,Not Applicable (Not Transported),Not Applicable (Not Transported),1,Dark - Unlighted,Rain/Wind/Minor,0,2,[],[],0,0,Valid,1.0,0.0,46.0,46.0,['Female'],0,0,3,4,4,Wet/Standing Water,Straight,Level,Lowest,No
18561,26,Michigan,260815,0,2,2,0,3,NOT APPLICABLE,November,11,Saturday,19,40,Urban,Medium Speed (Collector),No,42.17202222,-85.53038056,Complex/Circle,Dark - Lighted,Clear,7:00pm-7:59pm,41,7:00pm-7:59pm,53,Unknown,Unknown EMS Hospital Arrival Time,2,Dark - Lighted,Clear,2,1,"['Driver', 'Front_Passenger']","['Shoulder_Lapbelt', 'Shoulder_Lapbelt']",0,0,Valid,1.0,0.0,88.0,34.0,"['Male', 'Male']",0,0,3,4,5,Dry,Straight,Level,Lowest,No
18562,26,Michigan,260816,0,1,1,0,1,ST. JOSEPH,November,12,Sunday,2,11,Urban,High Speed (Arterial),Yes,42.08463056,-86.50042778,Non-Intersection,Dark - Lighted,Clear,Unknown,Unknown,Unknown EMS Scene Arrival Hour,Unknown EMS Scene Arrival Minutes,Not Applicable (Not Transported),Not Applicable (Not Transported),1,Dark - Lighted,Clear,1,0,['Driver'],['None_Used'],1,1,Valid,0.0,0.0,34.0,34.0,['Male'],0,0,3,4,3,Dry,Curve,Level,Lowest,No
18563,26,Michigan,260817,0,1,1,0,1,NEW BUFFALO,November,6,Monday,21,24,Rural,Medium Speed (Collector),No,41.80078333,-86.72081111,Simple Junction,Reported as Unknown,Clear,9:00pm-9:59pm,27,9:00pm-9:59pm,30,Not Applicable (Not Transported),Not Applicable (Not Transported),1,Dark - Unlighted,Clear,1,0,['Driver'],['None_Used'],1,1,Valid,0.0,0.0,45.0,45.0,['Male'],1,0,5,4,3,Dry,Straight,Level,Lowest,No
18564,26,Michigan,260818,0,2,2,0,3,FLINT,November,9,Thursday,18,46,Urban,High Speed (Arterial),Yes,43.035175,-83.67677778,Non-Intersection,Dark - Lighted,Clear,8:00pm-8:59pm,46,8:00pm-8:59pm,49,Not Applicable (Not Transported),Not Applicable (Not Transported),2,Dark - Lighted,Clear,2,1,"['Driver', 'Driver']","['None_Used', 'None_Used']",0,0,Valid,1.0,0.0,39.0,19.0,"['Female', 'Male']",0,0,3,4,5,Dry,Straight,Level,Lowest,No
18565,26,Michigan,260819,0,1,1,0,1,DETROIT,November,13,Monday,1,55,Urban,High Speed (Arterial),Yes,42.43375556,-83.02221667,Non-Intersection,Dark - Lighted,Clear,Unknown,Unknown,Unknown EMS Scene Arrival Hour,Unknown EMS Scene Arrival Minutes,Not Applicable (Not Transported),Not Applicable (Not Transported),1,Dark - Lighted,Clear,1,0,['Driver'],['Shoulder_Lapbelt'],0,0,Invalid,1.0,0.0,53.0,53.0,['Male'],0,0,3,4,3,Dry,Straight,Level,Lowest,No
18566,26,Michigan,260820,1,1,1,0,1,NOT APPLICABLE,November,5,Sunday,19,48,Rural,Medium Speed (Collector),No,41.81260833,-86.43873056,Non-Intersection,Dark - Not Lighted,Clear,7:00pm-7:59pm,48,8:00pm-8:59pm,0,Not Applicable (Not Transported),Not Applicable (Not Transported),1,Dark - Unlighted,Clear,0,1,[],[],0,0,Valid,0.0,0.0,18.0,18.0,['Female'],0,0,2,4,4,Dry,Straight,Level,Lowest,No
18567,26,Michigan,260821,0,1,1,0,2,DETROIT,November,5,Sunday,15,50,Rural,High Speed (Arterial),Yes,42.38197222,-83.14779167,Non-Intersection,Daylight,Cloudy,Unknown,Unknown,Unknown EMS Scene Arrival Hour,Unknown EMS Scene Arrival Minutes,Unknown,Unknown EMS Hospital Arrival Time,1,Daylight,Reduced Visibility,1,1,['Driver'],['Shoulder_Lapbelt'],0,0,Valid,0.0,0.0,16.0,16.0,['Male'],2,0,2,4,3,Dry,Curve,Level,Lowest,No
18568,26,Michigan,260822,0,2,2,0,8,NOT APPLICABLE,November,8,Wednesday,9,13,Rural,High Speed (Arterial),Yes,42.49795833,-84.86153889,Non-Intersection,Daylight,Rain,9:00am-9:59am,17,9:00am-9:59am,29,Not Applicable (Not Transported),Not Applicable (Not Transported),1,Daylight,Rain/Wind/Minor,1,7,['Rear_Seat'],['None_Used'],0,0,Valid,1.0,0.0,77.0,50.0,"['Male', 'Male']",0,0,4,4,5,Wet/Standing Water,Curve,Level,Lowest,No
18569,26,Michigan,260823,0,2,2,0,2,NOT APPLICABLE,November,15,Wednesday,9,57,Rural,Medium Speed (Collector),No,42.16640556,-85.20719167,Complex/Circle,Daylight,Clear,9:00am-9:59am,57,10:00am-10:59am,5,Unknown,Unknown EMS Hospital Arrival Time,1,Daylight,Clear,1,1,['Driver'],['None_Used'],0,0,Valid,1.0,0.0,31.0,29.0,"['Female', 'Female']",0,0,3,4,5,Dry,Straight,Level,Lowest,No
18570,26,Michigan,260824,0,1,1,0,1,NOT APPLICABLE,November,18,Saturday,13,38,Rural,High Speed (Arterial),Yes,42.97995278,-82.84309167,Non-Intersection,Daylight,Clear,1:00pm-1:59pm,39,1:00pm-1:59pm,53,Unknown,Unknown EMS Hospital Arrival Time,1,Daylight,Clear,1,0,['Driver'],['Shoulder_Lapbelt'],0,0,Valid,1.0,0.0,78.0,78.0,['Male'],0,0,3,4,2,Dry,Straight,Level,Lowest,No
18571,26,Michigan,260825,0,2,2,0,3,NOT APPLICABLE,November,19,Sunday,4,13,Rural,Medium Speed (Collector),No,42.24515278,-85.44378611,Non-Intersection,Dark - Not Lighted,Clear,4:00am-4:59am,16,4:00am-4:59am,30,Unknown,Unknown EMS Hospital Arrival Time,1,Dark - Unlighted,Clear,1,2,['Driver'],['None_Used'],1,1,Valid,1.0,3.0,41.0,24.0,"['Male', 'Male']",0,0,3,4,5,Dry,Straight,Level,Lowest,No
18572,26,Michigan,260826,0,2,2,0,4,HARTLAND,November,11,Saturday,20,22,Urban,High Speed (Arterial),Yes,42.63214444,-83.77456111,Non-Intersection,Dark - Not Lighted,Clear,8:00pm-8:59pm,24,8:00pm-8:59pm,36,Unknown,Unknown EMS Hospital Arrival Time,2,Dark - Unlighted,Clear,2,2,"['Driver', 'Front_Passenger']","['Shoulder_Lapbelt', 'Shoulder_Lapbelt']",1,2,Valid,0.0,0.0,65.0,50.0,"['Male', 'Female']",0,0,3,4,5,Dry,Straight,Grade/Hillcrest,Lowest,No
18573,26,Michigan,260827,0,2,2,0,2,DETROIT,November,16,Thursday,11,2,Urban,Medium Speed (Collector),No,42.41896111,-83.22598333,Complex/Circle,Daylight,Clear,Unknown,Unknown,Unknown EMS Scene Arrival Hour,Unknown EMS Scene Arrival Minutes,Not Applicable (Not Transported),Not Applicable (Not Transported),1,Daylight,Clear,1,1,['Driver'],['None_Used'],0,0,Valid,0.0,1.0,75.0,39.0,"['Female', 'Male']",1,0,5,4,5,Dry,Straight,Level,Lowest,No
18574,26,Michigan,260828,0,2,2,0,2,LIVONIA,November,15,Wednesday,20,7,Urban,Medium Speed (Collector),No,42.39165,-83.40278611,Complex/Circle,Dark - Not Lighted,Clear,7:00pm-7:59pm,50,7:00pm-7:59pm,51,Unknown,Unknown EMS Hospital Arrival Time,1,Dark - Unlighted,Clear,1,1,['Driver'],['None_Used'],0,0,Valid,1.0,0.0,67.0,21.0,"['Male', 'Female']",0,0,2,4,5,Dry,Straight,Level,Lowest,No
18575,26,Michigan,260829,1,2,2,0,2,NOT APPLICABLE,November,3,Friday,14,58,Rural,High Speed (Arterial),Yes,43.01546944,-83.43384722,Non-Intersection,Daylight,Clear,Unknown,Unknown,Unknown EMS Scene Arrival Hour,Unknown EMS Scene Arrival Minutes,Not Applicable (Not Transported),Not Applicable (Not Transported),1,Daylight,Clear,0,2,[],[],0,0,Valid,0.0,0.0,18.0,18.0,['Male'],0,0,3,3,5,Dry,Curve,Level,Lowest,No
18576,26,Michigan,260830,1,1,1,0,1,TAYLOR,November,14,Tuesday,12,19,Urban,High Speed (Arterial),Yes,42.25613056,-83.25035,Complex/Circle,Daylight,Clear,Unknown,Unknown,Unknown EMS Scene Arrival Hour,Unknown EMS Scene Arrival Minutes,Not Applicable (Not Transported),Not Applicable (Not Transported),1,Daylight,Clear,0,1,[],[],0,0,Valid,1.0,0.0,27.0,27.0,['Male'],0,0,4,2,4,Dry,Straight,Level,Lowest,No
18577,26,Michigan,260831,1,1,1,0,1,GRAND RAPIDS,November,4,Saturday,22,55,Urban,High Speed (Arterial),Yes,42.96315833,-85.67833056,Non-Intersection,Dark - Not Lighted,Cloudy,Unknown,Unknown,Unknown EMS Scene Arrival Hour,Unknown EMS Scene Arrival Minutes,Not Applicable (Not Transported),Not Applicable (Not Transported),1,Dark - Unlighted,Reduced Visibility,0,1,[],[],0,0,Valid,1.0,0.0,23.0,23.0,['Male'],0,0,2,4,4,Dry,Curve,Level,Lowest,No
18578,26,Michigan,260832,0,3,3,0,3,NOT APPLICABLE,November,13,Monday,11,21,Urban,Medium Speed (Collector),No,42.31028889,-83.84253333,Non-Intersection,Daylight,Clear,11:00am-11:59am,21,12:00pm-12:59pm,28,Unknown,Unknown EMS Hospital Arrival Time,1,Daylight,Clear,1,2,['Driver'],['None_Used'],0,0,Valid,0.0,1.0,70.0,39.0,"['Female', 'Male', 'Male']",0,0,3,4,5,Dry,Straight,Grade/Hillcrest,Lowest,No
18579,26,Michigan,260833,0,1,1,0,2,GROSSE POINTE FARMS,November,17,Friday,21,18,Urban,Low Speed (Local),No,42.40029444,-82.90221111,Non-Intersection,Dark - Lighted,Clear,Unknown,Unknown,Unknown EMS Scene Arrival Hour,Unknown EMS Scene Arrival Minutes,Unknown,Unknown EMS Hospital Arrival Time,1,Dark - Lighted,Clear,1,1,['Front_Passenger'],['Shoulder_Lapbelt'],0,0,Valid,0.0,0.0,16.0,16.0,['Male'],2,0,3,4,3,Dry,Straight,Level,Lowest,No
18580,26,Michigan,260834,0,2,2,0,2,NOT APPLICABLE,November,17,Friday,7,37,Rural,High Speed (Arterial),Yes,44.11671667,-83.56876667,Non-Intersection,Dawn,Rain,7:00am-7:59am,42,8:00am-8:59am,5,Not Applicable (Not Transported),Not Applicable (Not Transported),1,Twilight,Rain/Wind/Minor,1,1,['Driver'],['Shoulder_Lapbelt'],0,0,Valid,1.0,0.0,51.0,45.0,"['Male', 'Male']",1,0,4,4,5,Wet/Standing Water,Straight,Level,Lowest,No
18581,26,Michigan,260835,0,1,1,0,1,DETROIT,November,13,Monday,21,47,Urban,Medium Speed (Collector),No,42.39704167,-82.99006944,Complex/Circle,Dark - Lighted,Clear,Unknown,Unknown,Unknown EMS Scene Arrival Hour,Unknown EMS Scene Arrival Minutes,Unknown,Unknown EMS Hospital Arrival Time,1,Dark - Lighted,Clear,1,0,['Driver'],['Shoulder_Lapbelt'],0,0,Valid,2.0,0.0,48.0,48.0,['Male'],1,0,2,4,3,Dry,Straight,Level,Lowest,No
18582,26,Michigan,260836,0,3,3,0,3,NOT APPLICABLE,November,15,Wednesday,15,12,Urban,Medium Speed (Collector),No,42.783475,-86.02955278,Complex/Circle,Daylight,Clear,3:00pm-3:59pm,13,3:00pm-3:59pm,20,Not Applicable (Not Transported),Not Applicable (Not Transported),1,Daylight,Clear,1,2,['Driver'],['Shoulder_Lapbelt'],0,0,Valid,0.0,1.0,58.0,34.0,"['Female', 'Male', 'Female']",0,0,4,4,5,Dry,Straight,Level,Lowest,No
18583,26,Michigan,260837,0,1,1,0,2,NOT APPLICABLE,November,23,Thursday,20,34,Urban,Low Speed (Local),No,43.10304444,-85.56558056,Non-Intersection,Dark - Not Lighted,Clear,8:00pm-8:59pm,34,8:00pm-8:59pm,40,Unknown,Unknown EMS Hospital Arrival Time,1,Dark - Unlighted,Clear,1,1,['Rear_Seat'],['Shoulder_Lapbelt'],0,0,Valid,1.0,0.0,19.0,19.0,['Female'],0,0,2,4,3,Dry,Straight,Grade/Hillcrest,Lowest,No
18584,26,Michigan,260838,0,3,3,0,3,ROCHESTER HILLS,November,15,Wednesday,7,50,Urban,High Speed (Arterial),Yes,42.64118056,-83.13196111,Non-Intersection,Daylight,Clear,7:00am-7:59am,51,7:00am-7:59am,55,Unknown,Unknown EMS Hospital Arrival Time,1,Daylight,Clear,1,2,['Driver'],['Shoulder_Lapbelt'],0,0,Valid,1.0,1.0,65.0,33.0,"['Male', 'Female', 'Female']",0,0,3,4,5,Dry,Straight,Level,Lowest,No
18585,26,Michigan,260839,0,3,3,0,7,ACME,November,26,Sunday,9,43,Rural,Medium Speed (Collector),No,44.55028333,-85.68957222,Non-Intersection,Daylight,Snow,9:00am-9:59am,55,10:00am-10:59am,22,Unknown,Unknown EMS Hospital Arrival Time,1,Daylight,Snow/Ice/Severe,1,6,['Driver'],['Shoulder_Lapbelt'],0,0,Valid,1.0,1.0,46.0,21.0,"['Male', 'Female', 'Male']",2,0,3,4,5,Icy/Snowy,Curve,Grade/Hillcrest,Lowest,No
18586,26,Michigan,260840,0,2,2,0,2,NOT APPLICABLE,November,2,Thursday,19,35,Urban,Medium Speed (Collector),No,41.94176944,-83.38650833,Non-Intersection,Dark - Lighted,Clear,Unknown,Unknown,Unknown EMS Scene Arrival Hour,Unknown EMS Scene Arrival Minutes,Unknown,Unknown EMS Hospital Arrival Time,1,Dark - Lighted,Clear,1,1,['Driver'],['None_Used'],0,0,Invalid,1.0,0.0,62.0,52.0,"['Male', 'Male']",0,0,5,4,5,Dry,Straight,Level,Lowest,No
18587,26,Michigan,260841,0,1,1,0,1,NOT APPLICABLE,November,17,Friday,15,3,Urban,High Speed (Arterial),Yes,42.84722778,-85.62241944,Non-Intersection,Daylight,Clear,Unknown,Unknown,Unknown EMS Scene Arrival Hour,Unknown EMS Scene Arrival Minutes,Not Applicable (Not Transported),Not Applicable (Not Transported),1,Daylight,Clear,1,0,['Driver'],['Shoulder_Lapbelt'],0,0,Valid,1.0,0.0,42.0,42.0,['Male'],0,0,2,4,3,Dry,Straight,Level,Lowest,No
18588,26,Michigan,260842,0,4,4,0,7,NOT APPLICABLE,November,22,Wednesday,17,0,Rural,High Speed (Arterial),Yes,42.87074722,-84.51836667,Non-Intersection,Daylight,Clear,5:00pm-5:59pm,1,5:00pm-5:59pm,10,Unknown,Unknown EMS Hospital Arrival Time,1,Daylight,Clear,1,6,['Driver'],['None_Used'],1,1,Valid,1.0,0.0,51.0,22.0,"['Male', 'Male', 'Female', 'Female']",1,0,3,4,5,Dry,Straight,Level,Lowest,No
18589,26,Michigan,260843,1,2,1,1,1,NOT APPLICABLE,November,30,Thursday,18,30,Rural,High Speed (Arterial),Yes,46.93094444,-88.45782778,Non-Intersection,Dark - Not Lighted,Clear,Unknown,Unknown,Unknown EMS Scene Arrival Hour,Unknown EMS Scene Arrival Minutes,Unknown,Unknown EMS Hospital Arrival Time,1,Dark - Unlighted,Clear,1,0,['Driver'],['Shoulder_Lapbelt'],0,0,Valid,0.0,0.0,36.0,36.0,['Male'],0,0,2,4,5,Dry,Straight,Level,Lowest,No
18590,26,Michigan,260844,0,2,2,0,2,MADISON HEIGHTS,November,25,Saturday,16,35,Urban,High Speed (Arterial),Yes,42.53429722,-83.10235833,Non-Intersection,Daylight,Reported as Unknown,Unknown,Unknown,Unknown EMS Scene Arrival Hour,Unknown EMS Scene Arrival Minutes,Not Applicable (Not Transported),Not Applicable (Not Transported),1,Daylight,Clear,1,1,['Driver'],['Shoulder_Lapbelt'],0,0,Valid,6.0,2.0,77.0,35.0,"['Male', 'Female']",0,0,3,4,5,Dry,Straight,Level,Lowest,No
18591,26,Michigan,260845,0,2,2,0,3,NOT APPLICABLE,November,18,Saturday,10,24,Rural,Low Speed (Local),No,42.71053889,-85.54528056,Complex/Circle,Daylight,Clear,10:00am-10:59am,26,10:00am-10:59am,34,Unknown,Unknown EMS Hospital Arrival Time,1,Daylight,Clear,1,2,['Front_Passenger'],['Shoulder_Lapbelt'],0,0,Valid,3.0,0.0,31.0,19.0,"['Male', 'Female']",0,0,3,4,5,Dry,Straight,Level,Lowest,No
18592,26,Michigan,260846,1,2,1,1,1,NOT APPLICABLE,November,27,Monday,5,12,Urban,High Speed (Arterial),Yes,42.89230556,-83.62779722,Non-Intersection,Dark - Not Lighted,Snow,5:00am-5:59am,14,5:00am-5:59am,22,Not Applicable (Not Transported),Not Applicable (Not Transported),1,Dark - Unlighted,Snow/Ice/Severe,0,1,[],[],0,0,Valid,1.0,1.0,62.0,62.0,['Male'],1,0,3,4,4,Icy/Snowy,Straight,Level,Lowest,No
18593,26,Michigan,260847,0,2,2,0,3,NOT APPLICABLE,November,14,Tuesday,18,10,Rural,High Speed (Arterial),No,43.40712778,-83.79124722,Non-Intersection,Dark - Not Lighted,Clear,Unknown,Unknown,Unknown EMS Scene Arrival Hour,Unknown EMS Scene Arrival Minutes,Unknown,Unknown EMS Hospital Arrival Time,1,Dark - Unlighted,Clear,1,2,['Front_Passenger'],['Shoulder_Lapbelt'],0,0,Valid,1.0,0.0,88.0,38.0,"['Male', 'Male']",0,0,5,4,5,Dry,Straight,Level,Lowest,No
18594,26,Michigan,260848,0,1,1,0,3,SAGINAW,November,17,Friday,23,38,Urban,Medium Speed (Collector),No,43.4319,-83.98502778,Non-Intersection,Dark - Not Lighted,Clear,Unknown,Unknown,Unknown EMS Scene Arrival Hour,Unknown EMS Scene Arrival Minutes,Unknown,Unknown EMS Hospital Arrival Time,1,Dark - Unlighted,Clear,1,2,['Rear_Seat'],['None_Used'],0,0,Invalid,0.0,0.0,18.0,18.0,['Female'],0,0,3,4,3,Dry,Straight,Level,Lowest,No
18595,26,Michigan,260849,1,1,1,0,1,NOT APPLICABLE,November,29,Wednesday,0,13,Urban,High Speed (Arterial),Yes,42.64905278,-83.523375,Non-Intersection,Dark - Not Lighted,Clear,0:00am-0:59am,13,0:00am-0:59am,17,Unknown,Unknown EMS Hospital Arrival Time,1,Dark - Unlighted,Clear,0,1,[],[],1,1,Valid,0.0,0.0,56.0,56.0,['Male'],0,0,3,4,4,Dry,Straight,Grade/Hillcrest,Lowest,No
18596,26,Michigan,260850,0,1,1,0,1,NOT APPLICABLE,November,22,Wednesday,23,47,Rural,Low Speed (Local),No,44.04581111,-84.82248889,Non-Intersection,Dark - Not Lighted,Clear,11:00pm-11:59pm,51,11:00pm-11:59pm,55,Not Applicable (Not Transported),Not Applicable (Not Transported),1,Dark - Unlighted,Clear,1,0,['Driver'],['None_Used'],1,1,Valid,2.0,0.0,53.0,53.0,['Female'],1,0,3,4,3,Dry,Straight,Grade/Hillcrest,Lowest,No
18597,26,Michigan,260851,0,2,2,0,2,NOT APPLICABLE,November,23,Thursday,22,15,Urban,Medium Speed (Collector),No,42.00748889,-83.34420278,Non-Intersection,Dark - Not Lighted,Cloudy,10:00pm-10:59pm,22,10:00pm-10:59pm,31,Unknown,Unknown EMS Hospital Arrival Time,1,Dark - Unlighted,Reduced Visibility,1,1,['Driver'],['None_Used'],1,1,Valid,0.0,1.0,54.0,39.0,"['Female', 'Male']",0,0,3,4,5,Dry,Straight,Level,Lowest,No
18598,26,Michigan,260852,1,1,1,0,1,EAST LANSING,November,17,Friday,16,41,Urban,Medium Speed (Collector),No,42.75725,-84.483775,Simple Junction,Daylight,Clear,Unknown,Unknown if Notified,Unknown EMS Scene Arrival Hour,Unknown if Arrived,Not Applicable (Not Transported),Not Applicable (Not Transported),1,Daylight,Clear,0,1,[],[],0,0,Valid,0.0,0.0,20.0,20.0,['Male'],0,0,2,3,4,Dry,Straight,Level,Lowest,No
18599,26,Michigan,260853,0,1,1,0,1,NOT APPLICABLE,November,25,Saturday,0,15,Rural,Low Speed (Local),No,44.32191667,-85.71228333,Non-Intersection,Dark - Not Lighted,Clear,0:00am-0:59am,33,0:00am-0:59am,50,Not Applicable (Not Transported),Not Applicable (Not Transported),1,Dark - Unlighted,Clear,1,0,['Driver'],['Shoulder_Lapbelt'],1,1,Valid,1.0,0.0,47.0,47.0,['Male'],1,0,3,4,3,Loose/Unpaved,Curve,Level,Lowest,No
18600,26,Michigan,260854,1,1,1,0,1,CLINTON TOWNSHIP,November,22,Wednesday,18,42,Urban,High Speed (Arterial),No,42.56147222,-82.87031111,Simple Junction,Dark - Not Lighted,Clear,Unknown,Unknown,Unknown EMS Scene Arrival Hour,Unknown EMS Scene Arrival Minutes,Not Applicable (Not Transported),Not Applicable (Not Transported),1,Dark - Unlighted,Clear,0,1,[],[],0,0,Valid,2.0,0.0,21.0,21.0,['Female'],0,0,2,2,4,Dry,Straight,Level,Lowest,No
18601,26,Michigan,260855,0,3,3,0,4,KALAMAZOO,November,24,Friday,12,17,Urban,High Speed (Arterial),Yes,42.27128889,-85.63461667,Non-Intersection,Daylight,Clear,Unknown,Unknown,Unknown EMS Scene Arrival Hour,Unknown EMS Scene Arrival Minutes,Unknown,Unknown EMS Hospital Arrival Time,1,Daylight,Clear,1,3,['Front_Passenger'],['Shoulder_Lapbelt'],0,0,Valid,0.0,1.0,41.0,22.0,"['Female', 'Male', 'Female']",1,0,3,4,5,Dry,Straight,Level,Lowest,No
18602,26,Michigan,260856,1,1,1,0,1,ROYAL OAK,November,12,Sunday,22,27,Urban,High Speed (Arterial),Yes,42.51778611,-83.18636667,Complex/Circle,Dark - Lighted,Clear,Unknown,Unknown,Unknown EMS Scene Arrival Hour,Unknown EMS Scene Arrival Minutes,Unknown,Unknown EMS Hospital Arrival Time,1,Dark - Lighted,Clear,0,1,[],[],0,0,Valid,0.0,0.0,52.0,52.0,['Male'],0,0,2,4,4,Dry,Straight,Level,Lowest,No
18603,26,Michigan,260857,1,1,1,0,1,DETROIT,November,26,Sunday,8,20,Urban,High Speed (Arterial),Yes,42.33109444,-83.13890833,Complex/Circle,Daylight,Clear,Unknown,Unknown,Unknown EMS Scene Arrival Hour,Unknown EMS Scene Arrival Minutes,Unknown,Unknown EMS Hospital Arrival Time,1,Daylight,Clear,0,0,[],[],0,0,Invalid,0.0,0.0,999.0,999.0,['Other'],0,0,1,0,4,Dry,Straight,Level,Lowest,No