,State_Code,State_Name,Crash_ID,Count_Non_Motorists,Count_Vehicles_Total,Count_Vehicle_Forms,Count_PVH_Involved,Count_Occupants_MV,City_Name,Month_Name,Day_of_Month,Day_of_Week,Crash_Hour,Crash_Minute,Area_Rural_Urban,Road_Functional_Class,On_NHS_Road,Latitude,Longitude,Intersection_Type,Light_Condition,Weather_Condition,Notif_Hour,Notif_Minute,Arrival_Hour,Arrival_Minute,Hospital_Hour,Hospital_Minute,Fatalities_Count,Clean_Light_Condition,Clean_Weather_Condition,Total_Killed,Total_Alive,Fatal_Seats_List,Killed_Restraint_List,Any_Driver_Drinking,Total_Drinking_Drivers,Driver_License_Category,Driver_Max_Prev_Accident_Count,Driver_Max_Prev_Speeding_Count,Max_Driver_Age,Min_Driver_Age,Driver_Sex_List,Total_Exceeding_Limit_Vehicles,Total_Too_Fast_Vehicles,Max_Vehicle_Type_Severity_5,Max_Vehicle_Damage_Rank,Max_Harmful_Event_Severity,Crash_Road_Surface_Condition,Crash_Horizontal_Alignment,Crash_Vertical_Profile,Crash_Impairment_Category,Crash_Vehicle_Defect
18604,26,Michigan,260858,0,1,1,0,1,NOT APPLICABLE,November,30,Thursday,18,31,Rural,Medium Speed (Collector),No,43.41018611,-86.09202222,Non-Intersection,Dark - Not Lighted,Clear,Unknown,Unknown,Unknown EMS Scene Arrival Hour,Unknown EMS Scene Arrival Minutes,Not Applicable (Not Transported),Not Applicable (Not Transported),1,Dark - Unlighted,Clear,1,0,['Driver'],['None_Used'],0,0,Valid,3.0,0.0,36.0,36.0,['Male'],1,0,2,4,3,Dry,Curve,Level,Lowest,No
18605,26,Michigan,260859,0,2,2,0,3,CASCO,November,19,Sunday,21,8,Urban,Medium Speed (Collector),No,42.73358333,-82.73055556,Non-Intersection,Dark - Not Lighted,Clear,Unknown,Unknown,Unknown EMS Scene Arrival Hour,Unknown EMS Scene Arrival Minutes,Unknown,Unknown EMS Hospital Arrival Time,1,Dark - Unlighted,Clear,1,2,['Driver'],['None_Used'],0,0,Valid,3.0,0.0,40.0,18.0,"['Female', 'Female']",0,0,3,4,5,Dry,Straight,Level,Lowest,No
18606,26,Michigan,260860,1,1,1,0,1,HAMTRAMCK,November,24,Friday,16,26,Urban,Low Speed (Local),No,42.39663889,-83.06151111,Complex/Circle,Daylight,Clear,Unknown,Unknown,Unknown EMS Scene Arrival Hour,Unknown EMS Scene Arrival Minutes,Not Applicable (Not Transported),Not Applicable (Not Transported),1,Daylight,Clear,0,1,[],[],0,0,Valid,2.0,0.0,65.0,65.0,['Male'],0,0,3,1,4,Dry,Straight,Level,Lowest,No
18607,26,Michigan,260861,1,1,1,0,1,FRASER,November,17,Friday,20,43,Urban,High Speed (Arterial),Yes,42.53946667,-82.935025,Complex/Circle,Dark - Lighted,Clear,Unknown,Unknown,Unknown EMS Scene Arrival Hour,Unknown EMS Scene Arrival Minutes,Unknown,Unknown EMS Hospital Arrival Time,1,Dark - Lighted,Clear,0,1,[],[],0,0,Valid,1.0,0.0,31.0,31.0,['Male'],0,0,3,4,4,Dry,Straight,Level,Lowest,No
18608,26,Michigan,260862,1,1,1,0,1,NOT APPLICABLE,November,29,Wednesday,19,15,Urban,Medium Speed (Collector),No,41.92069167,-84.65523611,Non-Intersection,Dark - Not Lighted,Clear,Unknown,Unknown,Unknown EMS Scene Arrival Hour,Unknown EMS Scene Arrival Minutes,Unknown,Unknown EMS Hospital Arrival Time,1,Dark - Unlighted,Clear,0,1,[],[],0,0,Valid,0.0,0.0,42.0,42.0,['Female'],0,0,3,3,4,Dry,Straight,Level,Lowest,No
18609,26,Michigan,260863,0,2,2,0,2,PORTAGE,November,26,Sunday,6,57,Urban,High Speed (Arterial),Yes,42.20355833,-85.54049167,Non-Intersection,Dark - Not Lighted,Clear,6:00am-6:59am,58,7:00am-7:59am,2,Unknown,Unknown EMS Hospital Arrival Time,1,Dark - Unlighted,Clear,1,1,['Driver'],['None_Used'],1,1,Valid,0.0,1.0,25.0,19.0,"['Male', 'Male']",1,0,3,4,5,Dry,Straight,Level,Lowest,No
18610,26,Michigan,260864,0,1,1,0,1,DETROIT,November,27,Monday,8,25,Urban,Medium Speed (Collector),No,42.41961944,-83.10177222,Non-Intersection,Daylight,Snow,Unknown,Unknown,Unknown EMS Scene Arrival Hour,Unknown EMS Scene Arrival Minutes,Unknown,Unknown EMS Hospital Arrival Time,1,Daylight,Snow/Ice/Severe,1,0,['Driver'],['Shoulder_Lapbelt'],0,0,Valid,0.0,0.0,59.0,59.0,['Male'],1,0,3,4,3,Icy/Snowy,Straight,Level,Lowest,No
18611,26,Michigan,260865,0,1,1,0,3,COHOCTAH,November,25,Saturday,23,47,Rural,Medium Speed (Collector),No,42.70841111,-83.97261111,Non-Intersection,Dark - Not Lighted,Cloudy,11:00pm-11:59pm,50,0:00am-0:59am,3,Unknown,Unknown EMS Hospital Arrival Time,1,Dark - Unlighted,Reduced Visibility,1,2,['Front_Passenger'],['Shoulder_Lapbelt'],1,1,Valid,0.0,2.0,18.0,18.0,['Male'],3,0,2,4,3,Dry,Curve,Level,Lowest,No
18612,26,Michigan,260866,0,3,3,0,4,NOT APPLICABLE,November,29,Wednesday,22,1,Urban,High Speed (Arterial),Yes,43.61156667,-84.73376944,Non-Intersection,Dark - Lighted,Clear,Unknown,Unknown,Unknown EMS Scene Arrival Hour,Unknown EMS Scene Arrival Minutes,Unknown,Unknown EMS Hospital Arrival Time,1,Dark - Lighted,Clear,1,3,['Driver'],['Shoulder_Lapbelt'],1,1,Valid,0.0,1.0,71.0,23.0,"['Male', 'Male', 'Female']",0,0,3,4,5,Dry,Straight,Level,Lowest,No
18613,26,Michigan,260867,1,1,1,0,1,BROWNSTOWN TOWNSHIP,October,5,Thursday,21,53,Urban,Medium Speed (Collector),No,42.16701111,-83.28237778,Non-Intersection,Dark - Not Lighted,Cloudy,Unknown,Unknown,Unknown EMS Scene Arrival Hour,Unknown EMS Scene Arrival Minutes,Not Applicable (Not Transported),Not Applicable (Not Transported),1,Dark - Unlighted,Reduced Visibility,0,0,[],[],0,0,Invalid,0.0,0.0,999.0,999.0,['Other'],0,0,1,0,4,Wet/Standing Water,Straight,Level,Lowest,No
18614,26,Michigan,260868,0,1,1,0,2,NORTHFIELD TOWNSHIP,November,6,Monday,11,9,Rural,Medium Speed (Collector),No,42.36247778,-83.75031944,Non-Intersection,Daylight,Clear,11:00am-11:59am,14,11:00am-11:59am,27,Not Applicable (Not Transported),Not Applicable (Not Transported),2,Daylight,Clear,2,0,"['Driver', 'Front_Passenger']","['None_Used', 'None_Used']",0,0,Valid,0.0,0.0,48.0,48.0,['Male'],2,0,2,4,3,Dry,Curve,Level,Lowest,No
18615,26,Michigan,260869,0,2,2,0,2,NOT APPLICABLE,November,20,Monday,17,47,Rural,Low Speed (Local),No,43.07450556,-85.88743889,Complex/Circle,Dusk,Clear,5:00pm-5:59pm,48,6:00pm-6:59pm,4,Unknown,Unknown EMS Hospital Arrival Time,1,Twilight,Clear,1,1,['Driver'],['Shoulder_Lapbelt'],0,0,Valid,0.0,0.0,33.0,16.0,"['Male', 'Male']",0,0,3,4,5,Dry,Straight,Level,Lowest,No
18616,26,Michigan,260870,0,2,2,0,5,DETROIT,October,10,Tuesday,23,10,Urban,High Speed (Arterial),Yes,42.41864444,-83.17411389,Non-Intersection,Dark - Not Lighted,Clear,Unknown,Unknown,Unknown EMS Scene Arrival Hour,Unknown EMS Scene Arrival Minutes,Unknown,Unknown EMS Hospital Arrival Time,1,Dark - Unlighted,Clear,1,4,['Rear_Seat'],['Shoulder_Lapbelt'],1,1,Valid,0.0,0.0,34.0,21.0,"['Male', 'Male']",1,0,3,4,5,Dry,Straight,Level,Lowest,No
18617,26,Michigan,260871,0,1,1,0,1,ROMULUS,November,19,Sunday,21,53,Urban,Medium Speed (Collector),No,42.24620556,-83.30843611,Non-Intersection,Dark - Not Lighted,Clear,Unknown,Unknown,Unknown EMS Scene Arrival Hour,Unknown EMS Scene Arrival Minutes,Not Applicable (Not Transported),Not Applicable (Not Transported),1,Dark - Unlighted,Clear,1,0,['Driver'],['Shoulder_Lapbelt'],0,0,Valid,0.0,0.0,36.0,36.0,['Male'],0,0,3,4,3,Dry,Straight,Level,Lowest,No
18618,26,Michigan,260872,1,1,1,0,1,MUSKEGON,November,6,Monday,22,53,Urban,High Speed (Arterial),Yes,43.21983056,-86.25538611,Non-Intersection,Dark - Lighted,Cloudy,Unknown,Unknown,Unknown EMS Scene Arrival Hour,Unknown EMS Scene Arrival Minutes,Unknown,Unknown EMS Hospital Arrival Time,1,Dark - Lighted,Reduced Visibility,0,1,[],[],0,0,Valid,0.0,0.0,52.0,52.0,['Male'],0,0,3,2,4,Dry,Straight,Level,Lowest,No
18619,26,Michigan,260873,0,1,1,0,1,NOT APPLICABLE,November,8,Wednesday,15,43,Rural,Low Speed (Local),No,42.20033889,-86.09802222,Non-Intersection,Daylight,Cloudy,Unknown,Unknown,Unknown EMS Scene Arrival Hour,Unknown EMS Scene Arrival Minutes,Unknown,Unknown EMS Hospital Arrival Time,1,Daylight,Reduced Visibility,1,0,['Driver'],['Shoulder_Lapbelt'],0,0,Valid,0.0,0.0,70.0,70.0,['Female'],0,0,2,4,3,Dry,Straight,Level,Lowest,No
18620,26,Michigan,260874,0,2,2,0,3,FLUSHING,November,18,Saturday,18,2,Urban,Medium Speed (Collector),No,43.06457778,-83.83971667,Non-Intersection,Dark - Lighted,Clear,Unknown,Unknown,Unknown EMS Scene Arrival Hour,Unknown EMS Scene Arrival Minutes,Not Applicable (Not Transported),Not Applicable (Not Transported),1,Dark - Lighted,Clear,1,2,['Driver'],['None_Used'],0,0,Valid,0.0,0.0,49.0,35.0,"['Male', 'Male']",1,0,5,4,5,Dry,Straight,Level,Lowest,No
18621,26,Michigan,260875,0,2,2,0,2,MUSKEGON,November,12,Sunday,19,47,Urban,High Speed (Arterial),Yes,43.23417222,-86.21383333,Non-Intersection,Dark - Lighted,Reported as Unknown,Unknown,Unknown,Unknown EMS Scene Arrival Hour,Unknown EMS Scene Arrival Minutes,Unknown,Unknown EMS Hospital Arrival Time,1,Dark - Lighted,Clear,1,1,['Driver'],['None_Used'],0,0,Invalid,1.0,0.0,52.0,38.0,"['Male', 'Male']",0,0,5,4,5,Dry,Straight,Level,Lowest,No
18622,26,Michigan,260876,1,1,1,0,1,NOT APPLICABLE,April,12,Wednesday,5,8,Urban,High Speed (Arterial),Yes,43.16679167,-83.70658611,Non-Intersection,Dark - Not Lighted,Clear,Unknown,Unknown,Unknown EMS Scene Arrival Hour,Unknown EMS Scene Arrival Minutes,Unknown,Unknown EMS Hospital Arrival Time,1,Dark - Unlighted,Clear,0,0,[],[],0,0,Invalid,0.0,0.0,999.0,999.0,['Other'],0,0,1,2,4,Dry,Straight,Level,Lowest,No
18623,26,Michigan,260877,1,1,1,0,1,MOUNT PLEASANT,June,24,Saturday,1,45,Urban,Medium Speed (Collector),No,43.59705278,-84.79316944,Non-Intersection,Dark - Lighted,Clear,Unknown,Unknown if Notified,Unknown EMS Scene Arrival Hour,Unknown if Arrived,Not Applicable (Not Transported),Not Applicable (Not Transported),1,Dark - Lighted,Clear,0,1,[],[],0,0,Valid,1.0,0.0,19.0,19.0,['Male'],0,0,2,4,4,Dry,Straight,Level,Lowest,No
18624,26,Michigan,260878,1,1,1,0,1,FARMINGTON HILLS,June,18,Sunday,18,47,Rural,Low Speed (Local),No,42.46945,-83.39754722,Non-Intersection,Daylight,Clear,Unknown,Unknown,Unknown EMS Scene Arrival Hour,Unknown EMS Scene Arrival Minutes,Unknown,Unknown EMS Hospital Arrival Time,1,Daylight,Clear,0,1,[],[],0,0,Valid,1.0,0.0,37.0,37.0,['Male'],0,0,2,2,4,Dry,Straight,Level,Lowest,No
18625,26,Michigan,260879,0,1,1,0,1,NORTON SHORES,July,9,Sunday,19,45,Urban,Medium Speed (Collector),No,43.17861944,-86.23760278,Non-Intersection,Daylight,Clear,Unknown,Unknown,Unknown EMS Scene Arrival Hour,Unknown EMS Scene Arrival Minutes,Unknown,Unknown EMS Hospital Arrival Time,1,Daylight,Clear,1,0,['Driver'],['None_Used'],0,0,Valid,0.0,0.0,39.0,39.0,['Male'],1,0,5,3,2,Dry,Curve,Level,Lowest,No
18626,26,Michigan,260880,0,1,1,0,1,DETROIT,July,22,Saturday,3,0,Urban,Medium Speed (Collector),No,42.40467222,-82.92900833,Simple Junction,Dark - Lighted,Clear,Unknown,Unknown,Unknown EMS Scene Arrival Hour,Unknown EMS Scene Arrival Minutes,Unknown,Unknown EMS Hospital Arrival Time,1,Dark - Lighted,Clear,1,0,['Driver'],['Shoulder_Lapbelt'],0,0,Invalid,0.0,1.0,38.0,38.0,['Male'],1,0,3,4,3,Dry,Straight,Level,Lowest,No
18627,26,Michigan,260881,0,2,2,0,3,GRAND RAPIDS,August,26,Saturday,0,15,Urban,Medium Speed (Collector),No,42.94584444,-85.68030278,Non-Intersection,Dark - Lighted,Clear,0:00am-0:59am,19,Unknown EMS Scene Arrival Hour,Unknown EMS Scene Arrival Minutes,Unknown,Unknown EMS Hospital Arrival Time,1,Dark - Lighted,Clear,1,2,['Driver'],['None_Used'],0,0,Valid,0.0,0.0,21.0,18.0,"['Male', 'Male']",2,0,5,4,5,Dry,Straight,Level,Lowest,No
18628,26,Michigan,260882,0,1,1,0,1,DETROIT,August,27,Sunday,21,15,Urban,High Speed (Arterial),Yes,42.36126389,-83.04583333,Simple Junction,Dark - Not Lighted,Clear,Unknown,Unknown,Unknown EMS Scene Arrival Hour,Unknown EMS Scene Arrival Minutes,Unknown,Unknown EMS Hospital Arrival Time,1,Dark - Unlighted,Clear,1,0,['Driver'],['None_Used'],1,1,Valid,0.0,1.0,56.0,56.0,['Male'],0,0,5,4,1,Dry,Straight,Level,Lowest,No
18629,26,Michigan,260883,0,1,1,0,2,NOT APPLICABLE,December,1,Friday,20,24,Rural,Medium Speed (Collector),No,44.67338333,-84.17888056,Non-Intersection,Dark - Not Lighted,Clear,8:00pm-8:59pm,24,8:00pm-8:59pm,32,Unknown,Unknown EMS Hospital Arrival Time,1,Dark - Unlighted,Clear,1,1,['Driver'],['Shoulder_Lapbelt'],1,1,Invalid,0.0,0.0,71.0,71.0,['Male'],0,0,3,4,3,Dry,Straight,Level,Lowest,No
18630,26,Michigan,260884,0,2,2,0,2,LA SALLE,August,30,Wednesday,3,25,Rural,High Speed (Arterial),Yes,41.84368889,-83.41974722,Non-Intersection,Dark - Not Lighted,Clear,3:00am-3:59am,32,3:00am-3:59am,40,Not Applicable (Not Transported),Not Applicable (Not Transported),1,Dark - Unlighted,Clear,1,1,['Driver'],['None_Used'],0,0,Valid,0.0,0.0,64.0,46.0,"['Male', 'Male']",0,0,5,4,5,Dry,Straight,Level,Lowest,No
18631,26,Michigan,260885,0,2,2,0,6,RUDYARD,August,30,Wednesday,16,21,Rural,High Speed (Arterial),Yes,46.24457222,-84.55249722,Non-Intersection,Daylight,Clear,2:00pm-2:59pm,21,2:00pm-2:59pm,45,Unknown,Unknown EMS Hospital Arrival Time,1,Daylight,Clear,1,5,['Driver'],['Shoulder_Lapbelt'],0,0,Valid,0.0,1.0,91.0,23.0,"['Male', 'Male']",0,0,5,4,5,Dry,Straight,Level,Lowest,No
18632,26,Michigan,260886,0,1,1,0,1,NOT APPLICABLE,December,3,Sunday,19,30,Rural,Low Speed (Local),No,44.65201389,-85.92421389,Non-Intersection,Dark - Not Lighted,Snow,9:00am-9:59am,5,9:00am-9:59am,11,Not Applicable (Not Transported),Not Applicable (Not Transported),1,Dark - Unlighted,Snow/Ice/Severe,1,0,['Driver'],['None_Used'],1,1,Valid,1.0,0.0,54.0,54.0,['Male'],1,0,5,4,3,Icy/Snowy,Curve,Grade/Hillcrest,Lowest,No
18633,26,Michigan,260887,0,4,1,3,1,"MACOMB, TOWNSHIP",August,8,Tuesday,12,4,Rural,Low Speed (Local),No,42.63804444,-82.96535278,Non-Intersection,Daylight,Clear,Unknown,Unknown if Notified,Unknown EMS Scene Arrival Hour,Unknown if Arrived,Not Applicable (Not Transported),Not Applicable (Not Transported),1,Daylight,Clear,1,0,['Driver'],['Shoulder_Lapbelt'],0,0,Valid,0.0,0.0,85.0,85.0,['Male'],0,0,3,4,3,Dry,Curve,Level,Lowest,No
18634,26,Michigan,260888,0,2,2,0,6,NOT APPLICABLE,December,6,Wednesday,17,15,Rural,Medium Speed (Collector),No,42.90935278,-85.35193333,Non-Intersection,Daylight,Clear,5:00pm-5:59pm,14,5:00pm-5:59pm,38,Unknown,Unknown EMS Hospital Arrival Time,2,Daylight,Clear,2,4,"['Driver', 'Front_Passenger']","['Shoulder_Lapbelt', 'Shoulder_Lapbelt']",0,0,Valid,0.0,0.0,42.0,20.0,"['Female', 'Female']",0,0,3,4,5,Dry,Curve,Level,Lowest,No
18635,26,Michigan,260889,0,2,2,0,4,KALAMAZOO,December,9,Saturday,0,27,Urban,High Speed (Arterial),Yes,42.262375,-85.58966389,Simple Junction,Dark - Not Lighted,Clear,Unknown,Unknown,Unknown EMS Scene Arrival Hour,Unknown EMS Scene Arrival Minutes,Unknown,Unknown EMS Hospital Arrival Time,1,Dark - Unlighted,Clear,1,3,['Front_Passenger'],['None_Used'],1,2,Invalid,1.0,4.0,29.0,28.0,"['Male', 'Female']",0,0,2,4,5,Dry,Straight,Level,Lowest,No
18636,26,Michigan,260890,0,2,2,0,2,NOT APPLICABLE,August,22,Tuesday,15,46,Rural,Medium Speed (Collector),No,44.290125,-86.02176944,Non-Intersection,Daylight,Clear,Unknown,Unknown,Unknown EMS Scene Arrival Hour,Unknown EMS Scene Arrival Minutes,Unknown,Unknown EMS Hospital Arrival Time,1,Daylight,Clear,1,1,['Driver'],['Shoulder_Lapbelt'],0,0,Valid,0.0,0.0,69.0,17.0,"['Male', 'Male']",0,0,3,4,5,Dry,Straight,Level,Lowest,No
18637,26,Michigan,260891,0,2,2,0,2,NOT APPLICABLE,August,11,Friday,23,6,Rural,Medium Speed (Collector),No,42.80649444,-84.78262778,Non-Intersection,Dark - Not Lighted,Cloudy,11:00pm-11:59pm,8,11:00pm-11:59pm,16,Not Applicable (Not Transported),Not Applicable (Not Transported),1,Dark - Unlighted,Reduced Visibility,1,1,['Driver'],['None_Used'],0,0,Invalid,0.0,0.0,39.0,30.0,"['Male', 'Male']",0,0,5,3,5,Wet/Standing Water,Straight,Level,Lowest,No
18638,26,Michigan,260892,0,1,1,0,1,DETROIT,December,9,Saturday,4,6,Urban,High Speed (Arterial),Yes,42.44527778,-83.18304722,Non-Intersection,Dark - Lighted,Clear,4:00am-4:59am,6,4:00am-4:59am,15,Unknown,Unknown EMS Hospital Arrival Time,1,Dark - Lighted,Clear,1,0,['Driver'],['None_Used'],0,0,Invalid,1.0,3.0,27.0,27.0,['Male'],0,0,2,4,3,Dry,Straight,Level,Lowest,No
18639,26,Michigan,260893,1,1,1,0,1,NOT APPLICABLE,December,11,Monday,20,12,Rural,Medium Speed (Collector),No,44.52015,-85.88990278,Non-Intersection,Dark - Not Lighted,Cloudy,8:00pm-8:59pm,15,8:00pm-8:59pm,26,Not Applicable (Not Transported),Not Applicable (Not Transported),1,Dark - Unlighted,Reduced Visibility,0,1,[],[],0,0,Valid,0.0,0.0,30.0,30.0,['Male'],0,0,3,3,4,Dry,Straight,Level,Lowest,No
18640,26,Michigan,260894,1,1,1,0,1,ROMULUS,December,14,Thursday,6,38,Urban,High Speed (Arterial),Yes,42.24926667,-83.34768889,Non-Intersection,Dark - Not Lighted,Clear,6:00am-6:59am,42,6:00am-6:59am,46,Not Applicable (Not Transported),Not Applicable (Not Transported),1,Dark - Unlighted,Clear,0,1,[],[],0,0,Valid,1.0,3.0,28.0,28.0,['Male'],1,0,2,3,4,Dry,Straight,Level,Lowest,No
18641,26,Michigan,260895,0,1,1,0,1,NOT APPLICABLE,December,15,Friday,22,42,Rural,Medium Speed (Collector),No,44.0435,-82.91189722,Non-Intersection,Dark - Not Lighted,Cloudy,10:00pm-10:59pm,44,11:00pm-11:59pm,4,Not Applicable (Not Transported),Not Applicable (Not Transported),1,Dark - Unlighted,Reduced Visibility,1,0,['Driver'],['None_Used'],0,0,Valid,0.0,0.0,58.0,58.0,['Female'],0,0,4,4,3,Dry,Straight,Level,Lowest,No
18642,26,Michigan,260896,0,1,1,0,1,NOT APPLICABLE,December,16,Saturday,12,32,Rural,Medium Speed (Collector),No,42.37421667,-85.35182222,Non-Intersection,Daylight,Clear,12:00pm-12:59pm,32,12:00pm-12:59pm,40,Not Applicable (Not Transported),Not Applicable (Not Transported),1,Daylight,Clear,1,0,['Driver'],['Shoulder_Lapbelt'],0,0,Valid,0.0,0.0,59.0,59.0,['Male'],0,0,3,4,3,Dry,Curve,Grade/Hillcrest,Lowest,No
18643,26,Michigan,260897,0,2,2,0,2,SPRINGFIELD,December,18,Monday,2,24,Urban,High Speed (Arterial),Yes,42.32210556,-85.26006389,Non-Intersection,Dark - Lighted,Rain,2:00am-2:59am,24,2:00am-2:59am,32,Unknown,Unknown EMS Hospital Arrival Time,1,Dark - Lighted,Rain/Wind/Minor,1,1,['Driver'],['Shoulder_Lapbelt'],0,0,Valid,0.0,0.0,45.0,40.0,"['Male', 'Male']",0,0,3,4,5,Wet/Standing Water,Curve,Level,Lowest,No
18644,26,Michigan,260898,0,1,1,0,1,NOT APPLICABLE,December,17,Sunday,20,30,Rural,Medium Speed (Collector),No,42.31155556,-85.05943611,Non-Intersection,Dark - Not Lighted,Cloudy,Unknown,Unknown,Unknown EMS Scene Arrival Hour,Unknown EMS Scene Arrival Minutes,Not Applicable (Not Transported),Not Applicable (Not Transported),1,Dark - Unlighted,Reduced Visibility,1,0,['Driver'],['Shoulder_Lapbelt'],1,1,Valid,0.0,0.0,22.0,22.0,['Male'],0,0,3,4,3,Wet/Standing Water,Straight,Level,Lowest,No
18645,26,Michigan,260899,0,1,1,0,1,NOT APPLICABLE,September,3,Sunday,0,25,Rural,Low Speed (Local),No,43.17862222,-84.02886389,Non-Intersection,Dark - Not Lighted,Clear,Unknown,Unknown,Unknown EMS Scene Arrival Hour,Unknown EMS Scene Arrival Minutes,Not Applicable (Not Transported),Not Applicable (Not Transported),1,Dark - Unlighted,Clear,1,0,['Driver'],['Shoulder_Lapbelt'],0,0,Valid,0.0,0.0,19.0,19.0,['Male'],1,0,3,4,3,Dry,Straight,Level,Lowest,No
18646,26,Michigan,260900,0,2,2,0,3,NOT APPLICABLE,October,2,Monday,15,25,Rural,Medium Speed (Collector),No,42.63044444,-85.65501667,Non-Intersection,Daylight,Clear,3:00pm-3:59pm,26,3:00pm-3:59pm,33,Unknown,Unknown EMS Hospital Arrival Time,1,Daylight,Clear,1,2,['Front_Passenger'],['Shoulder_Lapbelt'],0,0,Invalid,0.0,0.0,52.0,20.0,"['Female', 'Male']",0,0,3,4,5,Dry,Straight,Level,Lowest,No
18647,26,Michigan,260901,0,1,1,0,1,NOT APPLICABLE,December,13,Wednesday,14,0,Rural,Low Speed (Local),No,43.22468889,-85.208925,Non-Intersection,Daylight,Clear,1:00pm-1:59pm,40,1:00pm-1:59pm,50,Not Applicable (Not Transported),Not Applicable (Not Transported),1,Daylight,Clear,1,0,['Driver'],['Shoulder_Lapbelt'],1,1,Invalid,0.0,0.0,29.0,29.0,['Male'],1,0,2,4,3,Oil/Contaminated,Straight,Level,Lowest,No
18648,26,Michigan,260902,0,2,2,0,5,FARMINGTON HILLS,December,5,Tuesday,21,29,Urban,High Speed (Arterial),Yes,42.49580833,-83.363475,Non-Intersection,Dark - Not Lighted,Cloudy,Unknown,Unknown,Unknown EMS Scene Arrival Hour,Unknown EMS Scene Arrival Minutes,Unknown,Unknown EMS Hospital Arrival Time,1,Dark - Unlighted,Reduced Visibility,1,4,['Driver'],['None_Used'],0,0,Invalid,0.0,0.0,72.0,16.0,"['Male', 'Female']",2,0,3,4,5,Dry,Straight,Level,Lowest,No
18649,26,Michigan,260903,0,1,1,0,1,NOT APPLICABLE,December,4,Monday,9,45,Rural,Low Speed (Local),No,42.36565556,-85.62977222,Non-Intersection,Daylight,Cloudy,9:00am-9:59am,56,10:00am-10:59am,5,Unknown,Unknown EMS Hospital Arrival Time,1,Daylight,Reduced Visibility,1,0,['Driver'],['Shoulder_Lapbelt'],0,0,Valid,0.0,0.0,78.0,78.0,['Male'],0,0,2,4,3,Wet/Standing Water,Straight,Level,Lowest,No
18650,26,Michigan,260904,0,2,2,0,8,NOT APPLICABLE,December,5,Tuesday,18,51,Rural,Low Speed (Local),No,43.858975,-85.52333889,Complex/Circle,Dark - Not Lighted,Clear,6:00pm-6:59pm,53,6:00pm-6:59pm,55,Unknown,Unknown EMS Hospital Arrival Time,1,Dark - Unlighted,Clear,1,7,['Front_Passenger'],['None_Used'],0,0,Valid,1.0,0.0,32.0,28.0,"['Female', 'Male']",0,0,3,4,5,Dry,Straight,Level,Lowest,No
18651,26,Michigan,260905,0,2,2,0,3,NOT APPLICABLE,December,24,Sunday,2,23,Urban,Medium Speed (Collector),No,42.22345,-84.49901667,Non-Intersection,Dark - Not Lighted,"Fog, Smog, Smoke",2:00am-2:59am,25,2:00am-2:59am,35,Not Applicable (Not Transported),Not Applicable (Not Transported),2,Dark - Unlighted,Reduced Visibility,2,1,"['Driver', 'Driver']","['Shoulder_Lapbelt', 'Shoulder_Lapbelt']",1,2,Valid,1.0,0.0,22.0,21.0,"['Female', 'Female']",0,0,2,4,5,Wet/Standing Water,Straight,Level,Lowest,No
18652,26,Michigan,260906,1,1,1,0,1,NOT APPLICABLE,December,25,Monday,17,28,Rural,Low Speed (Local),No,42.30194444,-84.48295556,Non-Intersection,Dark - Not Lighted,Cloudy,5:00pm-5:59pm,28,5:00pm-5:59pm,33,Not Applicable (Not Transported),Not Applicable (Not Transported),1,Dark - Unlighted,Reduced Visibility,0,1,[],[],0,0,Valid,0.0,0.0,32.0,32.0,['Male'],0,0,2,2,4,Dry,Straight,Level,Lowest,No
18653,26,Michigan,260907,1,1,1,0,2,WHITE LAKE,December,5,Tuesday,17,31,Urban,Medium Speed (Collector),No,42.63594722,-83.468325,Non-Intersection,Dark - Not Lighted,Cloudy,5:00pm-5:59pm,29,5:00pm-5:59pm,32,Unknown,Unknown EMS Hospital Arrival Time,1,Dark - Unlighted,Reduced Visibility,0,2,[],[],0,0,Valid,1.0,0.0,76.0,76.0,['Male'],0,0,3,2,4,Wet/Standing Water,Straight,Level,Lowest,No
18654,26,Michigan,260908,1,1,1,0,1,FLINT TOWNSHIP,December,21,Thursday,0,15,Urban,Medium Speed (Collector),No,43.01660556,-83.74646111,Non-Intersection,Dark - Not Lighted,Clear,Unknown,Unknown,Unknown EMS Scene Arrival Hour,Unknown EMS Scene Arrival Minutes,Not Applicable (Not Transported),Not Applicable (Not Transported),1,Dark - Unlighted,Clear,0,1,[],[],0,0,Valid,0.0,0.0,63.0,63.0,['Female'],0,0,3,3,4,Dry,Straight,Level,Lowest,No
18655,26,Michigan,260909,1,1,1,0,1,NOT APPLICABLE,December,11,Monday,17,9,Urban,Medium Speed (Collector),No,42.998925,-85.57657222,Non-Intersection,Daylight,Cloudy,5:00pm-5:59pm,11,5:00pm-5:59pm,13,Not Applicable (Not Transported),Not Applicable (Not Transported),1,Daylight,Reduced Visibility,0,1,[],[],0,0,Valid,0.0,0.0,16.0,16.0,['Male'],0,0,3,2,4,Dry,Straight,Level,Lowest,No