,State_Code,State_Name,Crash_ID,Count_Non_Motorists,Count_Vehicles_Total,Count_Vehicle_Forms,Count_PVH_Involved,Count_Occupants_MV,City_Name,Month_Name,Day_of_Month,Day_of_Week,Crash_Hour,Crash_Minute,Area_Rural_Urban,Road_Functional_Class,On_NHS_Road,Latitude,Longitude,Intersection_Type,Light_Condition,Weather_Condition,Notif_Hour,Notif_Minute,Arrival_Hour,Arrival_Minute,Hospital_Hour,Hospital_Minute,Fatalities_Count,Clean_Light_Condition,Clean_Weather_Condition,Total_Killed,Total_Alive,Fatal_Seats_List,Killed_Restraint_List,Any_Driver_Drinking,Total_Drinking_Drivers,Driver_License_Category,Driver_Max_Prev_Accident_Count,Driver_Max_Prev_Speeding_Count,Max_Driver_Age,Min_Driver_Age,Driver_Sex_List,Total_Exceeding_Limit_Vehicles,Total_Too_Fast_Vehicles,Max_Vehicle_Type_Severity_5,Max_Vehicle_Damage_Rank,Max_Harmful_Event_Severity,Crash_Road_Surface_Condition,Crash_Horizontal_Alignment,Crash_Vertical_Profile,Crash_Impairment_Category,Crash_Vehicle_Defect
18656,26,Michigan,260910,0,1,1,0,1,FLINT TOWNSHIP,December,11,Monday,1,29,Urban,Medium Speed (Collector),No,43.03130278,-83.7854,Non-Intersection,Dark - Not Lighted,Clear,Unknown,Unknown,Unknown EMS Scene Arrival Hour,Unknown EMS Scene Arrival Minutes,Not Applicable (Not Transported),Not Applicable (Not Transported),1,Dark - Unlighted,Clear,1,0,['Driver'],['Shoulder_Lapbelt'],1,1,Valid,1.0,0.0,44.0,44.0,['Male'],1,0,2,4,3,Dry,Straight,Level,Lowest,No
18657,26,Michigan,260911,0,3,3,0,5,NOT APPLICABLE,December,10,Sunday,13,22,Urban,Medium Speed (Collector),No,42.95253333,-85.07479722,Complex/Circle,Daylight,Cloudy,1:00pm-1:59pm,22,1:00pm-1:59pm,59,Not Applicable (Not Transported),Not Applicable (Not Transported),1,Daylight,Reduced Visibility,1,4,['Driver'],['Shoulder_Lapbelt'],0,0,Valid,0.0,0.0,71.0,30.0,"['Female', 'Male', 'Female']",1,0,3,4,5,Dry,Straight,Level,Lowest,No
18658,26,Michigan,260912,0,1,1,0,1,KALAMAZOO,December,25,Monday,14,15,Urban,High Speed (Arterial),Yes,42.30141667,-85.56844722,Non-Intersection,Daylight,Clear,Unknown,Unknown,Unknown EMS Scene Arrival Hour,Unknown EMS Scene Arrival Minutes,Not Applicable (Not Transported),Not Applicable (Not Transported),1,Daylight,Clear,1,0,['Driver'],['None_Used'],0,0,Invalid,0.0,0.0,36.0,36.0,['Male'],1,0,3,4,3,Dry,Straight,Level,Lowest,No
18659,26,Michigan,260913,0,2,2,0,2,DETROIT,December,11,Monday,21,20,Urban,High Speed (Arterial),Yes,42.38939444,-83.218025,Non-Intersection,Dark - Lighted,Clear,Unknown,Unknown,Unknown EMS Scene Arrival Hour,Unknown EMS Scene Arrival Minutes,Unknown,Unknown EMS Hospital Arrival Time,1,Dark - Lighted,Clear,1,1,['Driver'],['Shoulder_Lapbelt'],0,0,Invalid,0.0,3.0,59.0,20.0,"['Male', 'Male']",1,0,3,4,5,Dry,Straight,Level,Lowest,No
18660,26,Michigan,260914,0,2,2,0,3,LANSING,December,1,Friday,20,22,Urban,Medium Speed (Collector),No,42.70937222,-84.66198333,Non-Intersection,Dark - Lighted,Rain,Unknown,Unknown,Unknown EMS Scene Arrival Hour,Unknown EMS Scene Arrival Minutes,Unknown,Unknown EMS Hospital Arrival Time,1,Dark - Lighted,Rain/Wind/Minor,1,2,['Driver'],['Shoulder_Lapbelt'],0,0,Valid,1.0,0.0,65.0,46.0,"['Male', 'Male']",0,0,4,4,5,Dry,Straight,Non-Trafficway,Lowest,No
18661,26,Michigan,260915,0,2,2,0,2,DETROIT,December,10,Sunday,0,49,Urban,Medium Speed (Collector),No,42.41830833,-82.97326111,Non-Intersection,Dark - Lighted,Clear,Unknown,Unknown if Notified,Unknown EMS Scene Arrival Hour,Unknown if Arrived,Not Applicable (Not Transported),Not Applicable (Not Transported),2,Dark - Lighted,Clear,2,0,"['Driver', 'Driver']","['Shoulder_Lapbelt', 'None_Used']",0,0,Valid,1.0,0.0,64.0,28.0,"['Male', 'Male']",1,0,3,4,5,Dry,Straight,Level,Lowest,No
18662,26,Michigan,260916,0,2,2,0,2,BROWNSTOWN TOWNSHIP,December,23,Saturday,20,31,Urban,Medium Speed (Collector),No,42.15574167,-83.30546111,Non-Intersection,Dark - Lighted,Cloudy,8:00pm-8:59pm,33,8:00pm-8:59pm,38,Unknown,Unknown EMS Hospital Arrival Time,1,Dark - Lighted,Reduced Visibility,1,1,['Driver'],['Shoulder_Lapbelt'],1,1,Valid,0.0,3.0,57.0,30.0,"['Male', 'Male']",0,0,3,4,5,Wet/Standing Water,Straight,Level,Lowest,No
18663,26,Michigan,260917,0,2,2,0,3,NOT APPLICABLE,December,4,Monday,19,45,Rural,Medium Speed (Collector),No,43.20967222,-83.48062778,Complex/Circle,Dark - Not Lighted,Clear,Unknown,Unknown,Unknown EMS Scene Arrival Hour,Unknown EMS Scene Arrival Minutes,Not Applicable (Not Transported),Not Applicable (Not Transported),1,Dark - Unlighted,Clear,1,2,['Driver'],['Shoulder_Lapbelt'],1,1,Valid,0.0,0.0,42.0,21.0,"['Male', 'Female']",1,0,3,4,5,Dry,Straight,Level,Lowest,No
18664,26,Michigan,260918,1,1,1,0,1,GRAND RAPIDS,December,28,Thursday,19,55,Urban,Medium Speed (Collector),No,42.92451667,-85.68615556,Non-Intersection,Dark - Lighted,Rain,7:00pm-7:59pm,55,7:00pm-7:59pm,58,Not Applicable (Not Transported),Not Applicable (Not Transported),1,Dark - Lighted,Rain/Wind/Minor,0,1,[],[],0,0,Valid,1.0,0.0,53.0,53.0,['Male'],0,0,2,4,4,Wet/Standing Water,Straight,Level,Lowest,No
18665,26,Michigan,260919,0,1,1,0,1,NOT APPLICABLE,December,28,Thursday,23,7,Rural,Medium Speed (Collector),No,42.11106111,-84.45132778,Non-Intersection,Dark - Not Lighted,Cloudy,11:00pm-11:59pm,22,11:00pm-11:59pm,33,Not Applicable (Not Transported),Not Applicable (Not Transported),1,Dark - Unlighted,Reduced Visibility,1,0,['Driver'],['None_Used'],0,0,Valid,0.0,0.0,20.0,20.0,['Male'],1,0,3,4,3,Dry,Straight,Level,Lowest,No
18666,26,Michigan,260920,0,2,2,0,3,HIGHLAND,December,15,Friday,20,45,Urban,High Speed (Arterial),Yes,42.63774444,-83.63761111,Simple Junction,Dark - Not Lighted,Clear,9:00pm-9:59pm,22,9:00pm-9:59pm,29,Not Applicable (Not Transported),Not Applicable (Not Transported),1,Dark - Unlighted,Clear,1,2,['Driver'],['None_Used'],0,0,Valid,1.0,0.0,62.0,31.0,"['Female', 'Male']",0,0,5,4,5,Dry,Straight,Level,Medium,No
18667,26,Michigan,260921,1,1,1,0,4,NOT APPLICABLE,December,18,Monday,7,55,Urban,Low Speed (Local),No,42.82552778,-86.10780833,Non-Intersection,Dawn,Snow,7:00am-7:59am,56,8:00am-8:59am,1,Not Applicable (Not Transported),Not Applicable (Not Transported),1,Twilight,Snow/Ice/Severe,0,4,[],[],0,0,Valid,0.0,0.0,37.0,37.0,['Female'],0,0,3,4,4,Wet/Standing Water,Straight,Level,Lowest,No
18668,26,Michigan,260922,0,2,2,0,4,NOT APPLICABLE,December,24,Sunday,18,38,Urban,High Speed (Arterial),Yes,42.60371111,-83.26633611,Simple Junction,Dark - Lighted,"Fog, Smog, Smoke",6:00pm-6:59pm,44,6:00pm-6:59pm,49,Unknown,Unknown EMS Hospital Arrival Time,1,Dark - Lighted,Reduced Visibility,1,3,['Driver'],['Shoulder_Lapbelt'],1,1,Valid,1.0,0.0,53.0,37.0,"['Female', 'Female']",0,0,4,4,5,Wet/Standing Water,Straight,Level,Lowest,No
18669,26,Michigan,260923,1,1,1,0,1,CANTON TOWNSHIP,December,13,Wednesday,4,48,Urban,High Speed (Arterial),Yes,42.32299444,-83.44808611,Non-Intersection,Dark - Lighted,Clear,4:00am-4:59am,49,4:00am-4:59am,55,Unknown,Unknown EMS Hospital Arrival Time,1,Dark - Lighted,Clear,0,1,[],[],0,0,Valid,0.0,0.0,40.0,40.0,['Male'],0,0,3,3,4,Dry,Straight,Level,Lowest,No
18670,26,Michigan,260924,0,2,2,0,2,HASTINGS,December,8,Friday,11,23,Urban,Medium Speed (Collector),No,42.64746667,-85.31539444,Non-Intersection,Daylight,Clear,11:00am-11:59am,23,11:00am-11:59am,26,Unknown,Unknown EMS Hospital Arrival Time,1,Daylight,Clear,1,1,['Driver'],['Shoulder_Lapbelt'],0,0,Valid,1.0,0.0,72.0,34.0,"['Female', 'Female']",0,0,3,4,5,Dry,Straight,Non-Trafficway,Lowest,No
18671,26,Michigan,260925,0,2,2,0,3,NOT APPLICABLE,December,19,Tuesday,20,8,Rural,Low Speed (Local),No,44.70064444,-85.51643056,Simple Junction,Dark - Not Lighted,Clear,8:00pm-8:59pm,10,8:00pm-8:59pm,17,Unknown,Unknown EMS Hospital Arrival Time,1,Dark - Unlighted,Clear,1,2,['Front_Passenger'],['Shoulder_Lapbelt'],1,1,Valid,0.0,1.0,67.0,34.0,"['Male', 'Male']",0,0,3,4,5,Icy/Snowy,Straight,Level,Lowest,No
18672,26,Michigan,260926,0,2,2,0,2,ALAMO,December,21,Thursday,13,44,Rural,Low Speed (Local),No,42.4041,-85.72105,Non-Intersection,Daylight,Cloudy,1:00pm-1:59pm,45,2:00pm-2:59pm,0,Not Applicable (Not Transported),Not Applicable (Not Transported),1,Daylight,Reduced Visibility,1,1,['Driver'],['None_Used'],0,0,Valid,1.0,1.0,73.0,23.0,"['Male', 'Male']",0,0,3,4,5,Dry,Straight,Non-Trafficway,Lowest,No
18673,26,Michigan,260927,1,1,1,0,1,NOT APPLICABLE,December,29,Friday,6,0,Urban,Medium Speed (Collector),No,42.35339167,-85.55115,Non-Intersection,Dark - Not Lighted,Rain,Unknown,Unknown,Unknown EMS Scene Arrival Hour,Unknown EMS Scene Arrival Minutes,Unknown,Unknown EMS Hospital Arrival Time,1,Dark - Unlighted,Rain/Wind/Minor,0,1,[],[],0,0,Valid,0.0,0.0,51.0,51.0,['Male'],0,0,2,4,4,Wet/Standing Water,Straight,Level,Lowest,No
18674,26,Michigan,260928,1,1,1,0,1,NOT APPLICABLE,December,23,Saturday,23,29,Urban,Medium Speed (Collector),No,43.60455,-84.14316944,Non-Intersection,Dark - Not Lighted,Rain,11:00pm-11:59pm,30,11:00pm-11:59pm,42,Not Applicable (Not Transported),Not Applicable (Not Transported),1,Dark - Unlighted,Rain/Wind/Minor,0,1,[],[],0,0,Valid,2.0,0.0,36.0,36.0,['Male'],0,0,3,4,4,Wet/Standing Water,Straight,Level,Lowest,No
18675,26,Michigan,260929,0,1,1,0,1,NOT APPLICABLE,December,24,Sunday,2,58,Urban,Medium Speed (Collector),No,42.77557778,-83.83543333,Simple Junction,Dark - Not Lighted,"Fog, Smog, Smoke",3:00am-3:59am,0,3:00am-3:59am,17,Not Applicable (Not Transported),Not Applicable (Not Transported),1,Dark - Unlighted,Reduced Visibility,1,0,['Driver'],['None_Used'],1,1,Valid,1.0,0.0,31.0,31.0,['Female'],0,0,3,4,3,Wet/Standing Water,Curve,Grade/Hillcrest,Lowest,No
18676,26,Michigan,260930,0,1,1,0,2,WYOMING,December,24,Sunday,2,48,Urban,High Speed (Arterial),Yes,42.87316389,-85.6815,Non-Intersection,Dark - Lighted,Cloudy,2:00am-2:59am,48,2:00am-2:59am,55,Unknown,Unknown EMS Hospital Arrival Time,1,Dark - Lighted,Reduced Visibility,1,1,['Front_Passenger'],['None_Used'],1,1,Invalid,0.0,1.0,26.0,26.0,['Male'],0,0,3,4,3,Wet/Standing Water,Straight,Level,Lowest,No
18677,26,Michigan,260931,0,1,1,0,1,NOT APPLICABLE,December,13,Wednesday,15,41,Urban,High Speed (Arterial),Yes,43.10529722,-85.61788889,Non-Intersection,Daylight,Clear,Unknown,Unknown,Unknown EMS Scene Arrival Hour,Unknown EMS Scene Arrival Minutes,Unknown,Unknown EMS Hospital Arrival Time,1,Daylight,Clear,1,0,['Driver'],['None_Used'],0,0,Valid,2.0,0.0,58.0,58.0,['Male'],0,0,3,4,3,Dry,Straight,Level,Lowest,No
18678,26,Michigan,260932,1,1,1,0,1,CLINTON TOWNSHIP,December,8,Friday,21,25,Urban,High Speed (Arterial),Yes,42.55008611,-82.87789722,Non-Intersection,Dark - Not Lighted,Clear,Unknown,Unknown,Unknown EMS Scene Arrival Hour,Unknown EMS Scene Arrival Minutes,Unknown,Unknown EMS Hospital Arrival Time,1,Dark - Unlighted,Clear,0,1,[],[],0,0,Valid,0.0,1.0,51.0,51.0,['Male'],0,0,3,4,4,Dry,Straight,Level,Lowest,No
18679,26,Michigan,260933,0,1,1,0,1,NOT APPLICABLE,December,18,Monday,16,54,Rural,Medium Speed (Collector),No,44.92032222,-83.62854444,Non-Intersection,Dusk,Cloudy,4:00pm-4:59pm,56,4:00pm-4:59pm,58,Unknown,Unknown EMS Hospital Arrival Time,1,Twilight,Reduced Visibility,1,0,['Driver'],['Shoulder_Lapbelt'],0,0,Valid,0.0,1.0,26.0,26.0,['Female'],1,0,3,4,3,Icy/Snowy,Straight,Level,Lowest,No
18680,26,Michigan,260934,0,3,3,0,3,WARREN,December,26,Tuesday,12,9,Urban,Medium Speed (Collector),No,42.47678333,-83.0652,Complex/Circle,Daylight,Cloudy,Unknown,Unknown,Unknown EMS Scene Arrival Hour,Unknown EMS Scene Arrival Minutes,Not Applicable (Not Transported),Not Applicable (Not Transported),1,Daylight,Reduced Visibility,1,2,['Driver'],['Shoulder_Lapbelt'],0,0,Invalid,2.0,0.0,55.0,24.0,"['Male', 'Male', 'Male']",0,0,4,4,5,Wet/Standing Water,Straight,Level,Lowest,No
18681,26,Michigan,260935,0,1,1,0,1,LIVONIA,December,5,Tuesday,15,14,Urban,Medium Speed (Collector),No,42.429575,-83.41409722,Non-Intersection,Daylight,Rain,3:00pm-3:59pm,15,3:00pm-3:59pm,18,Not Applicable (Not Transported),Not Applicable (Not Transported),1,Daylight,Rain/Wind/Minor,1,0,['Driver'],['Shoulder_Lapbelt'],0,0,Valid,0.0,0.0,53.0,53.0,['Male'],0,0,3,4,3,Wet/Standing Water,Straight,Level,Lowest,No
18682,26,Michigan,260936,1,1,1,0,4,CLINTON TOWNSHIP,December,27,Wednesday,17,53,Urban,Medium Speed (Collector),No,42.57201389,-82.87152222,Non-Intersection,Dark - Not Lighted,Rain,Unknown,Unknown,Unknown EMS Scene Arrival Hour,Unknown EMS Scene Arrival Minutes,Unknown,Unknown EMS Hospital Arrival Time,1,Dark - Unlighted,Rain/Wind/Minor,0,4,[],[],0,0,Valid,0.0,1.0,25.0,25.0,['Female'],0,0,3,3,4,Wet/Standing Water,Straight,Level,Lowest,No
18683,26,Michigan,260937,0,2,2,0,2,ROCKLAND,December,20,Wednesday,12,35,Rural,Medium Speed (Collector),No,46.73403056,-89.17916111,Complex/Circle,Daylight,Clear,Unknown,Unknown,Unknown EMS Scene Arrival Hour,Unknown EMS Scene Arrival Minutes,Not Applicable (Not Transported),Not Applicable (Not Transported),1,Daylight,Clear,1,1,['Driver'],['Shoulder_Lapbelt'],0,0,Valid,2.0,1.0,71.0,50.0,"['Female', 'Male']",0,0,5,4,5,Wet/Standing Water,Straight,Level,Lowest,No
18684,26,Michigan,260938,2,1,1,0,2,ADRIAN,December,14,Thursday,18,55,Urban,Medium Speed (Collector),No,41.91301944,-84.03493889,Non-Intersection,Dark - Not Lighted,Clear,Unknown,Unknown,Unknown EMS Scene Arrival Hour,Unknown EMS Scene Arrival Minutes,Unknown,Unknown EMS Hospital Arrival Time,1,Dark - Unlighted,Clear,0,2,[],[],0,0,Valid,0.0,0.0,34.0,34.0,['Female'],0,0,3,2,4,Dry,Straight,Level,Lowest,No
18685,26,Michigan,260939,0,2,2,0,6,DETROIT,December,31,Sunday,23,34,Urban,Medium Speed (Collector),No,42.40121944,-83.21267778,Complex/Circle,Dark - Lighted,Rain,Unknown,Unknown,Unknown EMS Scene Arrival Hour,Unknown EMS Scene Arrival Minutes,Unknown,Unknown EMS Hospital Arrival Time,1,Dark - Lighted,Rain/Wind/Minor,1,5,['Front_Passenger'],['Shoulder_Lapbelt'],1,1,Valid,0.0,0.0,31.0,22.0,"['Female', 'Female']",5,0,3,4,5,Wet/Standing Water,Straight,Level,Lowest,No
18686,26,Michigan,260940,1,1,1,0,1,NORTHVILLE,December,28,Thursday,17,48,Urban,Medium Speed (Collector),No,42.39575278,-83.46144722,Complex/Circle,Dark - Lighted,Rain,5:00pm-5:59pm,27,5:00pm-5:59pm,32,Unknown,Unknown EMS Hospital Arrival Time,1,Dark - Lighted,Rain/Wind/Minor,0,1,[],[],0,0,Valid,1.0,0.0,27.0,27.0,['Female'],0,0,3,4,4,Wet/Standing Water,Straight,Level,Lowest,No
18687,26,Michigan,260941,0,2,2,0,2,NOT APPLICABLE,December,26,Tuesday,19,30,Rural,Medium Speed (Collector),No,43.17621111,-84.70986389,Non-Intersection,Dark - Not Lighted,Cloudy,7:00pm-7:59pm,39,7:00pm-7:59pm,56,Unknown,Unknown EMS Hospital Arrival Time,1,Dark - Unlighted,Reduced Visibility,1,1,['Driver'],['Shoulder_Lapbelt'],0,0,Valid,0.0,0.0,66.0,25.0,"['Male', 'Female']",1,0,2,4,5,Wet/Standing Water,Straight,Level,Lowest,No
18688,26,Michigan,260942,0,1,1,0,1,NOT APPLICABLE,December,21,Thursday,16,0,Urban,Medium Speed (Collector),No,42.50641389,-84.69968333,Non-Intersection,Dusk,Clear,Unknown,Unknown,Unknown EMS Scene Arrival Hour,Unknown EMS Scene Arrival Minutes,Unknown,Unknown EMS Hospital Arrival Time,1,Twilight,Clear,1,0,['Driver'],['Shoulder_Lapbelt'],0,0,Valid,0.0,0.0,71.0,71.0,['Female'],0,0,2,4,3,Dry,Curve,Level,Lowest,No
18689,26,Michigan,260943,0,2,2,0,2,NOT APPLICABLE,December,26,Tuesday,16,20,Urban,Medium Speed (Collector),No,41.73781667,-83.56712778,Non-Intersection,Daylight,Clear,4:00pm-4:59pm,25,4:00pm-4:59pm,26,Unknown,Unknown EMS Hospital Arrival Time,1,Daylight,Clear,1,1,['Driver'],['None_Used'],0,0,Valid,0.0,0.0,47.0,20.0,"['Male', 'Female']",0,0,5,4,5,Dry,Straight,Level,Lowest,No
18690,26,Michigan,260944,0,2,2,0,2,DETROIT,December,26,Tuesday,1,35,Urban,High Speed (Arterial),Yes,42.27621667,-83.15511667,Complex/Circle,Dark - Lighted,Rain,Unknown,Unknown,Unknown EMS Scene Arrival Hour,Unknown EMS Scene Arrival Minutes,Unknown,Unknown EMS Hospital Arrival Time,1,Dark - Lighted,Rain/Wind/Minor,1,1,['Driver'],['Shoulder_Lapbelt'],0,0,Invalid,0.0,0.0,62.0,32.0,"['Male', 'Female']",0,0,3,4,5,Wet/Standing Water,Straight,Level,Lowest,No
18691,26,Michigan,260945,0,2,2,0,3,DETROIT,December,5,Tuesday,15,20,Urban,High Speed (Arterial),Yes,42.37888611,-83.06294722,Non-Intersection,Daylight,Rain,Unknown,Unknown,Unknown EMS Scene Arrival Hour,Unknown EMS Scene Arrival Minutes,Unknown,Unknown EMS Hospital Arrival Time,2,Daylight,Rain/Wind/Minor,2,1,"['Driver', 'Front_Passenger']","['Shoulder_Lapbelt', 'None_Used']",1,1,Valid,2.0,1.0,64.0,38.0,"['Male', 'Male']",0,0,4,4,5,Wet/Standing Water,Straight,Level,Lowest,No
18692,26,Michigan,260946,2,1,1,0,1,DETROIT,December,1,Friday,17,55,Urban,High Speed (Arterial),Yes,42.36525,-83.197275,Non-Intersection,Dark - Not Lighted,Cloudy,Unknown,Unknown,Unknown EMS Scene Arrival Hour,Unknown EMS Scene Arrival Minutes,Unknown,Unknown EMS Hospital Arrival Time,1,Dark - Unlighted,Reduced Visibility,0,1,[],[],0,0,Valid,0.0,0.0,26.0,26.0,['Female'],0,0,2,0,4,Wet/Standing Water,Straight,Level,Lowest,No
18693,26,Michigan,260947,0,3,3,0,7,DETROIT,December,17,Sunday,2,11,Urban,High Speed (Arterial),Yes,42.43210833,-83.11496111,Complex/Circle,Dark - Lighted,Clear,Unknown,Unknown,Unknown EMS Scene Arrival Hour,Unknown EMS Scene Arrival Minutes,Unknown,Unknown EMS Hospital Arrival Time,1,Dark - Lighted,Clear,1,6,['Rear_Seat'],['Shoulder_Lapbelt'],1,1,Valid,1.0,1.0,37.0,21.0,"['Male', 'Female', 'Male']",0,0,3,4,5,Dry,Straight,Level,Lowest,No
18694,26,Michigan,260948,1,2,2,0,2,DETROIT,December,20,Wednesday,21,59,Urban,Medium Speed (Collector),No,42.34325278,-83.21651389,Complex/Circle,Daylight,Clear,Unknown,Unknown,Unknown EMS Scene Arrival Hour,Unknown EMS Scene Arrival Minutes,Unknown,Unknown EMS Hospital Arrival Time,1,Daylight,Clear,0,1,[],[],0,0,Valid,0.0,1.0,998.0,22.0,"['Female', 'Other']",0,0,3,3,4,Dry,Straight,Level,Lowest,No
18695,26,Michigan,260949,0,2,2,0,2,NOT APPLICABLE,November,19,Sunday,14,33,Urban,High Speed (Arterial),Yes,43.67776667,-84.01334167,Non-Intersection,Daylight,Clear,Unknown,Unknown,Unknown EMS Scene Arrival Hour,Unknown EMS Scene Arrival Minutes,Not Applicable (Not Transported),Not Applicable (Not Transported),1,Daylight,Clear,1,1,['Driver'],['Shoulder_Lapbelt'],0,0,Valid,1.0,0.0,71.0,48.0,"['Male', 'Male']",0,0,3,4,5,Dry,Straight,Level,Lowest,No
18696,26,Michigan,260950,0,2,2,0,2,DETROIT,October,13,Friday,4,37,Urban,High Speed (Arterial),Yes,42.334375,-83.06536944,Non-Intersection,Dark - Lighted,Clear,Unknown,Unknown,Unknown EMS Scene Arrival Hour,Unknown EMS Scene Arrival Minutes,Unknown,Unknown EMS Hospital Arrival Time,1,Dark - Lighted,Clear,1,1,['Driver'],['None_Used'],1,1,Invalid,1.0,1.0,38.0,30.0,"['Male', 'Male']",0,0,3,4,5,Dry,Curve,Level,Lowest,No
18697,26,Michigan,260951,0,1,1,0,1,REDFORD TOWNSHIP,December,25,Monday,12,25,Urban,Low Speed (Local),No,42.42325,-83.28894722,Non-Intersection,Daylight,Clear,12:00pm-12:59pm,25,12:00pm-12:59pm,28,Unknown,Unknown EMS Hospital Arrival Time,1,Daylight,Clear,1,0,['Driver'],['None_Used'],1,1,Valid,1.0,0.0,66.0,66.0,['Male'],0,0,5,4,3,Dry,Straight,Level,Lowest,No
18698,26,Michigan,260952,1,1,1,0,2,INKSTER,September,3,Sunday,23,37,Urban,High Speed (Arterial),Yes,42.29442222,-83.31018056,Complex/Circle,Dark - Lighted,Clear,11:00pm-11:59pm,37,11:00pm-11:59pm,40,Unknown,Unknown EMS Hospital Arrival Time,1,Dark - Lighted,Clear,0,2,[],[],0,0,Valid,0.0,1.0,48.0,48.0,['Male'],0,0,2,2,4,Dry,Straight,Level,Lowest,No
18699,26,Michigan,260953,0,4,4,0,7,DETROIT,December,13,Wednesday,7,36,Urban,High Speed (Arterial),Yes,42.42004444,-83.175275,Non-Intersection,Daylight,Clear,Unknown,Unknown,Unknown EMS Scene Arrival Hour,Unknown EMS Scene Arrival Minutes,Unknown,Unknown EMS Hospital Arrival Time,1,Daylight,Clear,1,6,['Driver'],['None_Used'],0,0,Invalid,1.0,1.0,42.0,21.0,"['Male', 'Male', 'Male', 'Male']",0,0,3,4,5,Dry,Straight,Level,Lowest,No
18700,26,Michigan,260954,0,1,1,0,1,CLINTON TOWNSHIP,June,11,Sunday,3,53,Urban,High Speed (Arterial),Yes,42.61369167,-82.86928056,Non-Intersection,Dark - Lighted,Clear,Unknown,Unknown,Unknown EMS Scene Arrival Hour,Unknown EMS Scene Arrival Minutes,Unknown,Unknown EMS Hospital Arrival Time,1,Dark - Lighted,Clear,1,0,['Driver'],['None_Used'],0,0,Valid,1.0,0.0,24.0,24.0,['Male'],1,0,5,4,2,Dry,Straight,Level,Lowest,No
18701,26,Michigan,260955,0,2,2,0,3,DETROIT,August,21,Monday,1,25,Urban,Low Speed (Local),No,42.32591667,-83.09148056,Complex/Circle,Dark - Lighted,Clear,Unknown,Unknown,Unknown EMS Scene Arrival Hour,Unknown EMS Scene Arrival Minutes,Unknown,Unknown EMS Hospital Arrival Time,1,Dark - Lighted,Clear,1,2,['Driver'],['None_Used'],1,1,Valid,0.0,3.0,21.0,19.0,"['Male', 'Male']",0,0,3,4,5,Dry,Straight,Level,Lowest,No
18702,26,Michigan,260956,3,1,1,0,1,NOT APPLICABLE,August,8,Tuesday,21,49,Rural,Low Speed (Local),No,43.2064,-85.31099444,Non-Intersection,Dark - Not Lighted,Clear,Unknown,Unknown,Unknown EMS Scene Arrival Hour,Unknown EMS Scene Arrival Minutes,Unknown,Unknown EMS Hospital Arrival Time,1,Dark - Unlighted,Clear,0,1,[],[],0,0,Valid,0.0,0.0,40.0,40.0,['Female'],0,0,2,3,4,Dry,Straight,Level,Lowest,No
18703,26,Michigan,260957,0,1,1,0,2,NOT APPLICABLE,December,3,Sunday,5,0,Rural,Medium Speed (Collector),No,42.667425,-85.5162,Simple Junction,Dark - Not Lighted,Rain,5:00am-5:59am,13,5:00am-5:59am,26,Unknown,Unknown EMS Hospital Arrival Time,1,Dark - Unlighted,Rain/Wind/Minor,1,1,['Driver'],['Shoulder_Lapbelt'],1,1,Valid,1.0,0.0,61.0,61.0,['Male'],2,0,3,4,3,Wet/Standing Water,Curve,Grade/Hillcrest,Lowest,No
18704,26,Michigan,260958,0,1,1,0,1,MENOMINEE,December,3,Sunday,17,4,Urban,Low Speed (Local),No,45.11030556,-87.620225,Complex/Circle,Dusk,Snow,Unknown,Unknown,Unknown EMS Scene Arrival Hour,Unknown EMS Scene Arrival Minutes,Unknown,Unknown EMS Hospital Arrival Time,1,Twilight,Snow/Ice/Severe,1,0,['Driver'],['Shoulder_Lapbelt'],0,0,Valid,0.0,0.0,58.0,58.0,['Male'],0,0,3,4,3,Icy/Snowy,Straight,Level,Lowest,No
18705,26,Michigan,260959,0,2,2,0,2,EAST LANSING,February,13,Monday,21,30,Urban,High Speed (Arterial),Yes,42.74724722,-84.46385833,Complex/Circle,Dark - Not Lighted,Reported as Unknown,8:00pm-8:59pm,51,9:00pm-9:59pm,40,Unknown,Unknown EMS Hospital Arrival Time,1,Dark - Unlighted,Clear,1,1,['Driver'],['None_Used'],1,1,Valid,0.0,1.0,67.0,27.0,"['Male', 'Female']",0,0,2,4,5,Dry,Straight,Level,Lowest,No
18706,26,Michigan,260960,0,1,1,0,1,NOT APPLICABLE,August,30,Wednesday,11,59,Rural,High Speed (Arterial),Yes,44.07218333,-84.09140556,Non-Intersection,Daylight,Clear,12:00pm-12:59pm,4,12:00pm-12:59pm,16,Not Applicable (Not Transported),Not Applicable (Not Transported),1,Daylight,Clear,1,0,['Driver'],['Shoulder_Lapbelt'],0,0,Valid,0.0,0.0,84.0,84.0,['Male'],0,0,2,4,3,Dry,Straight,Grade/Hillcrest,Lowest,No
18707,26,Michigan,260961,1,1,1,0,1,DETROIT,June,11,Sunday,3,47,Urban,Low Speed (Local),No,42.43661667,-83.00231111,Non-Intersection,Dark - Not Lighted,Cloudy,Unknown,Unknown,Unknown EMS Scene Arrival Hour,Unknown EMS Scene Arrival Minutes,Not Applicable (Not Transported),Not Applicable (Not Transported),1,Dark - Unlighted,Reduced Visibility,0,1,[],[],0,0,Invalid,0.0,0.0,45.0,45.0,['Male'],0,0,3,2,4,Dry,Straight,Level,Lowest,No