,State_Code,State_Name,Crash_ID,Count_Non_Motorists,Count_Vehicles_Total,Count_Vehicle_Forms,Count_PVH_Involved,Count_Occupants_MV,City_Name,Month_Name,Day_of_Month,Day_of_Week,Crash_Hour,Crash_Minute,Area_Rural_Urban,Road_Functional_Class,On_NHS_Road,Latitude,Longitude,Intersection_Type,Light_Condition,Weather_Condition,Notif_Hour,Notif_Minute,Arrival_Hour,Arrival_Minute,Hospital_Hour,Hospital_Minute,Fatalities_Count,Clean_Light_Condition,Clean_Weather_Condition,Total_Killed,Total_Alive,Fatal_Seats_List,Killed_Restraint_List,Any_Driver_Drinking,Total_Drinking_Drivers,Driver_License_Category,Driver_Max_Prev_Accident_Count,Driver_Max_Prev_Speeding_Count,Max_Driver_Age,Min_Driver_Age,Driver_Sex_List,Total_Exceeding_Limit_Vehicles,Total_Too_Fast_Vehicles,Max_Vehicle_Type_Severity_5,Max_Vehicle_Damage_Rank,Max_Harmful_Event_Severity,Crash_Road_Surface_Condition,Crash_Horizontal_Alignment,Crash_Vertical_Profile,Crash_Impairment_Category,Crash_Vehicle_Defect
18708,26,Michigan,260962,0,2,2,0,5,DETROIT,July,11,Tuesday,9,24,Urban,Low Speed (Local),No,42.42090833,-82.95113889,Complex/Circle,Daylight,Clear,Unknown,Unknown,Unknown EMS Scene Arrival Hour,Unknown EMS Scene Arrival Minutes,Unknown,Unknown EMS Hospital Arrival Time,1,Daylight,Clear,1,4,['Driver'],['Shoulder_Lapbelt'],0,0,Invalid,0.0,1.0,33.0,17.0,"['Male', 'Female']",0,0,3,4,5,Dry,Straight,Level,Lowest,No
18709,26,Michigan,260963,0,2,2,0,3,NOT APPLICABLE,December,23,Saturday,10,30,Rural,Medium Speed (Collector),No,43.05841944,-85.35231667,Complex/Circle,Daylight,"Fog, Smog, Smoke",10:00am-10:59am,33,Unknown EMS Scene Arrival Hour,Unknown EMS Scene Arrival Minutes,Unknown,Unknown EMS Hospital Arrival Time,1,Daylight,Reduced Visibility,1,2,['Driver'],['None_Used'],0,0,Valid,0.0,0.0,54.0,46.0,"['Female', 'Female']",0,0,3,4,5,Wet/Standing Water,Straight,Level,Lowest,No
18710,26,Michigan,260964,1,1,1,0,1,KALAMAZOO,October,14,Saturday,4,44,Urban,Medium Speed (Collector),No,42.306875,-85.57010833,Non-Intersection,Dark - Not Lighted,Rain,Unknown,Unknown,Unknown EMS Scene Arrival Hour,Unknown EMS Scene Arrival Minutes,Unknown,Unknown EMS Hospital Arrival Time,1,Dark - Unlighted,Rain/Wind/Minor,0,0,[],[],0,0,Invalid,0.0,0.0,999.0,999.0,['Other'],0,0,1,0,4,Wet/Standing Water,Straight,Level,Lowest,No
18711,26,Michigan,260966,1,1,1,0,1,SAGINAW,December,19,Tuesday,17,45,Urban,High Speed (Arterial),Yes,43.42496667,-83.92840833,Complex/Circle,Dusk,Clear,Unknown,Unknown,Unknown EMS Scene Arrival Hour,Unknown EMS Scene Arrival Minutes,Not Applicable (Not Transported),Not Applicable (Not Transported),1,Twilight,Clear,0,0,[],[],0,0,Invalid,0.0,0.0,999.0,999.0,['Other'],0,0,1,0,4,Dry,Straight,Level,Lowest,No
18712,26,Michigan,260967,0,3,3,0,4,WASHINGTON,December,10,Sunday,12,39,Urban,Medium Speed (Collector),No,42.72449722,-83.03590278,Simple Junction,Daylight,Cloudy,Unknown,Unknown,Unknown EMS Scene Arrival Hour,Unknown EMS Scene Arrival Minutes,Unknown,Unknown EMS Hospital Arrival Time,1,Daylight,Reduced Visibility,2,2,"['Driver', 'Front_Passenger']","['Shoulder_Lapbelt', 'Shoulder_Lapbelt']",0,0,Valid,2.0,1.0,58.0,28.0,"['Male', 'Female', 'Male']",0,0,3,4,5,Dry,Straight,Level,Lowest,No
18713,26,Michigan,260968,0,2,2,0,3,NOT APPLICABLE,August,24,Thursday,11,42,Urban,Medium Speed (Collector),No,42.21427222,-83.48720833,Simple Junction,Daylight,Clear,Unknown,Unknown,Unknown EMS Scene Arrival Hour,Unknown EMS Scene Arrival Minutes,Unknown,Unknown EMS Hospital Arrival Time,1,Daylight,Clear,1,2,['Front_Passenger'],['Shoulder_Lapbelt'],0,0,Valid,0.0,0.0,81.0,37.0,"['Male', 'Male']",0,0,3,4,5,Dry,Curve,Level,Lowest,No
18714,26,Michigan,260969,0,2,2,0,5,WARREN,June,4,Sunday,18,24,Urban,Medium Speed (Collector),No,42.48127778,-82.98691667,Non-Intersection,Daylight,Clear,Unknown,Unknown,Unknown EMS Scene Arrival Hour,Unknown EMS Scene Arrival Minutes,Unknown,Unknown EMS Hospital Arrival Time,1,Daylight,Clear,1,4,['Driver'],['None_Used'],0,0,Valid,0.0,0.0,74.0,17.0,"['Female', 'Male']",0,0,5,4,5,Dry,Straight,Non-Trafficway,Lowest,No
18715,26,Michigan,260970,0,1,1,0,1,NOT APPLICABLE,February,22,Wednesday,14,35,Rural,Medium Speed (Collector),No,43.22761944,-82.58799722,Non-Intersection,Daylight,Snow,Unknown,Unknown,Unknown EMS Scene Arrival Hour,Unknown EMS Scene Arrival Minutes,Unknown,Unknown EMS Hospital Arrival Time,1,Daylight,Snow/Ice/Severe,1,0,['Driver'],['Shoulder_Lapbelt'],0,0,Valid,1.0,0.0,80.0,80.0,['Female'],1,0,3,4,3,Icy/Snowy,Straight,Level,Lowest,No
18716,26,Michigan,260971,0,1,1,0,1,DETROIT,March,1,Wednesday,2,0,Urban,Low Speed (Local),No,42.3312,-83.08749167,Non-Intersection,Dark - Lighted,Clear,Unknown,Unknown,Unknown EMS Scene Arrival Hour,Unknown EMS Scene Arrival Minutes,Unknown,Unknown EMS Hospital Arrival Time,1,Dark - Lighted,Clear,1,0,['Driver'],['None_Used'],1,1,Valid,0.0,0.0,37.0,37.0,['Male'],0,0,3,4,3,Dry,Straight,Level,Lowest,No
18717,26,Michigan,260972,0,2,2,0,2,NOT APPLICABLE,January,24,Tuesday,11,51,Rural,High Speed (Arterial),Yes,44.66783056,-86.03011667,Non-Intersection,Daylight,Snow,Unknown,Unknown,Unknown EMS Scene Arrival Hour,Unknown EMS Scene Arrival Minutes,Unknown,Unknown EMS Hospital Arrival Time,1,Daylight,Snow/Ice/Severe,1,1,['Driver'],['Shoulder_Lapbelt'],0,0,Valid,1.0,0.0,93.0,47.0,"['Female', 'Male']",0,0,4,4,5,Wet/Standing Water,Straight,Level,Lowest,No
18718,26,Michigan,260973,0,1,1,0,1,BATTLE CREEK,March,26,Sunday,4,48,Urban,Medium Speed (Collector),No,42.354825,-85.23061667,Simple Junction,Dark - Not Lighted,Clear,Unknown,Unknown,Unknown EMS Scene Arrival Hour,Unknown EMS Scene Arrival Minutes,Unknown,Unknown EMS Hospital Arrival Time,1,Dark - Unlighted,Clear,1,0,['Driver'],['None_Used'],1,1,Valid,0.0,0.0,59.0,59.0,['Male'],0,0,3,4,3,Icy/Snowy,Curve,Level,Lowest,No
18719,26,Michigan,260974,0,1,1,0,1,MUSKEGON,March,19,Sunday,17,9,Urban,Medium Speed (Collector),No,43.21596111,-86.23961667,Non-Intersection,Daylight,Clear,Unknown,Unknown,Unknown EMS Scene Arrival Hour,Unknown EMS Scene Arrival Minutes,Unknown,Unknown EMS Hospital Arrival Time,1,Daylight,Clear,1,0,['Driver'],['Shoulder_Lapbelt'],1,1,Valid,0.0,0.0,63.0,63.0,['Male'],0,0,3,4,3,Dry,Straight,Level,Lowest,No
18720,26,Michigan,260975,0,2,2,0,2,NOT APPLICABLE,January,25,Wednesday,7,34,Rural,Medium Speed (Collector),No,42.19841389,-85.74509444,Non-Intersection,Dawn,Snow,Unknown,Unknown,Unknown EMS Scene Arrival Hour,Unknown EMS Scene Arrival Minutes,Unknown,Unknown EMS Hospital Arrival Time,1,Twilight,Snow/Ice/Severe,1,1,['Driver'],['Shoulder_Lapbelt'],0,0,Invalid,0.0,0.0,81.0,21.0,"['Male', 'Female']",0,0,3,4,5,Icy/Snowy,Straight,Level,Lowest,No
18721,26,Michigan,260976,1,1,1,0,2,NOT APPLICABLE,January,10,Tuesday,18,16,Urban,Low Speed (Local),No,42.21098889,-84.43910556,Non-Intersection,Dark - Not Lighted,Clear,Unknown,Unknown if Notified,Unknown EMS Scene Arrival Hour,Unknown if Arrived,Unknown,Unknown if Transported,1,Dark - Unlighted,Clear,0,2,[],[],1,1,Valid,0.0,0.0,36.0,36.0,['Male'],0,0,2,3,4,Dry,Straight,Level,Lowest,No
18722,26,Michigan,260977,0,1,1,0,2,NOT APPLICABLE,February,12,Sunday,23,11,Urban,Medium Speed (Collector),No,42.95470833,-82.88575556,Simple Junction,Dark - Not Lighted,Clear,Unknown,Unknown,Unknown EMS Scene Arrival Hour,Unknown EMS Scene Arrival Minutes,Unknown,Unknown EMS Hospital Arrival Time,1,Dark - Unlighted,Clear,1,1,['Front_Passenger'],['None_Used'],0,0,Valid,0.0,0.0,82.0,82.0,['Male'],0,0,3,4,2,Dry,Curve,Level,Lowest,No
18723,26,Michigan,260978,0,1,1,0,1,NORTON SHORES,September,3,Sunday,23,27,Urban,Medium Speed (Collector),No,43.18061389,-86.22021667,Non-Intersection,Dark - Lighted,Clear,Unknown,Unknown,Unknown EMS Scene Arrival Hour,Unknown EMS Scene Arrival Minutes,Unknown,Unknown EMS Hospital Arrival Time,1,Dark - Lighted,Clear,1,0,['Driver'],['None_Used'],1,1,Valid,0.0,1.0,26.0,26.0,['Male'],1,0,5,3,3,Dry,Straight,Level,Lowest,No
18724,26,Michigan,260979,0,2,1,1,2,DETROIT,April,5,Wednesday,1,0,Urban,Low Speed (Local),No,42.42595556,-83.16494444,Non-Intersection,Dark - Not Lighted,"Fog, Smog, Smoke",Unknown,Unknown,Unknown EMS Scene Arrival Hour,Unknown EMS Scene Arrival Minutes,Unknown,Unknown EMS Hospital Arrival Time,1,Dark - Unlighted,Reduced Visibility,1,1,['Front_Passenger'],['Shoulder_Lapbelt'],0,0,Invalid,0.0,0.0,17.0,17.0,['Male'],0,0,2,4,5,Dry,Straight,Level,Lowest,No
18725,26,Michigan,260980,0,2,2,0,4,DETROIT,May,7,Sunday,2,0,Urban,High Speed (Arterial),Yes,42.40490556,-82.99750278,Complex/Circle,Dark - Lighted,Clear,Unknown,Unknown,Unknown EMS Scene Arrival Hour,Unknown EMS Scene Arrival Minutes,Unknown,Unknown EMS Hospital Arrival Time,1,Dark - Lighted,Clear,1,2,['Front_Passenger'],['Shoulder_Lapbelt'],0,0,Valid,0.0,0.0,40.0,30.0,"['Male', 'Female']",2,0,3,4,5,Dry,Straight,Level,Lowest,No
18726,26,Michigan,260981,0,2,2,0,6,NOT APPLICABLE,May,27,Saturday,12,19,Urban,Medium Speed (Collector),No,43.698825,-83.96814167,Non-Intersection,Daylight,Clear,Unknown,Unknown,Unknown EMS Scene Arrival Hour,Unknown EMS Scene Arrival Minutes,Unknown,Unknown EMS Hospital Arrival Time,1,Daylight,Clear,1,5,['Driver'],['None_Used'],0,0,Valid,1.0,0.0,86.0,37.0,"['Male', 'Male']",0,0,3,4,5,Dry,Straight,Non-Trafficway,Lowest,No
18727,26,Michigan,260982,0,2,2,0,2,TAYLOR,January,2,Monday,20,31,Urban,High Speed (Arterial),Yes,42.24448333,-83.26961667,Simple Junction,Dark - Lighted,Clear,Unknown,Unknown,Unknown EMS Scene Arrival Hour,Unknown EMS Scene Arrival Minutes,Unknown,Unknown EMS Hospital Arrival Time,1,Dark - Lighted,Clear,1,1,['Driver'],['None_Used'],1,1,Invalid,1.0,1.0,73.0,20.0,"['Male', 'Male']",0,0,5,4,5,Dry,Straight,Level,Lowest,No
18728,26,Michigan,260983,0,2,2,0,2,NOT APPLICABLE,June,21,Wednesday,16,8,Urban,High Speed (Arterial),Yes,43.17048056,-83.70928611,Simple Junction,Daylight,Clear,Unknown,Unknown,Unknown EMS Scene Arrival Hour,Unknown EMS Scene Arrival Minutes,Unknown,Unknown EMS Hospital Arrival Time,1,Daylight,Clear,1,1,['Driver'],['None_Used'],0,0,Valid,1.0,0.0,66.0,59.0,"['Male', 'Male']",0,0,5,4,5,Dry,Straight,Level,Lowest,No
18729,26,Michigan,260984,0,2,2,0,2,NOT APPLICABLE,March,3,Friday,12,58,Rural,Medium Speed (Collector),No,42.25255833,-85.40876944,Non-Intersection,Daylight,Cloudy,Unknown,Unknown,Unknown EMS Scene Arrival Hour,Unknown EMS Scene Arrival Minutes,Unknown,Unknown EMS Hospital Arrival Time,1,Daylight,Reduced Visibility,1,1,['Driver'],['Shoulder_Lapbelt'],0,0,Valid,0.0,0.0,87.0,52.0,"['Male', 'Male']",0,0,5,3,5,Dry,Straight,Level,Lowest,No
18730,26,Michigan,260985,0,1,1,0,1,BATTLE CREEK,June,26,Monday,0,55,Urban,High Speed (Arterial),Yes,42.32860278,-85.15577222,Non-Intersection,Dark - Lighted,Clear,Unknown,Unknown,Unknown EMS Scene Arrival Hour,Unknown EMS Scene Arrival Minutes,Not Applicable (Not Transported),Not Applicable (Not Transported),1,Dark - Lighted,Clear,1,0,['Driver'],['Shoulder_Lapbelt'],0,0,Valid,0.0,0.0,58.0,58.0,['Male'],0,0,3,4,2,Dry,Curve,Level,Lowest,No
18731,26,Michigan,260986,0,1,1,0,1,NOT APPLICABLE,May,4,Thursday,7,7,Rural,Low Speed (Local),No,42.17012778,-85.38336389,Non-Intersection,Dark - Not Lighted,Clear,Unknown,Unknown,Unknown EMS Scene Arrival Hour,Unknown EMS Scene Arrival Minutes,Unknown,Unknown EMS Hospital Arrival Time,1,Dark - Unlighted,Clear,1,0,['Driver'],['Shoulder_Lapbelt'],1,1,Invalid,0.0,0.0,20.0,20.0,['Male'],0,0,3,4,3,Dry,Straight,Level,Lowest,No
18732,26,Michigan,260987,0,1,1,0,1,NOT APPLICABLE,June,21,Wednesday,12,58,Rural,Medium Speed (Collector),No,42.38338056,-85.55510278,Non-Intersection,Daylight,Clear,Unknown,Unknown,Unknown EMS Scene Arrival Hour,Unknown EMS Scene Arrival Minutes,Unknown,Unknown EMS Hospital Arrival Time,1,Daylight,Clear,1,0,['Driver'],['Shoulder_Lapbelt'],0,0,Valid,0.0,0.0,93.0,93.0,['Male'],0,0,2,4,3,Dry,Straight,Level,Lowest,No
18733,26,Michigan,260988,0,1,1,0,1,NOT APPLICABLE,June,23,Friday,5,41,Rural,Medium Speed (Collector),No,43.52526944,-84.36483889,Non-Intersection,Dark - Not Lighted,Cloudy,Unknown,Unknown,Unknown EMS Scene Arrival Hour,Unknown EMS Scene Arrival Minutes,Unknown,Unknown EMS Hospital Arrival Time,1,Dark - Unlighted,Reduced Visibility,1,0,['Driver'],['None_Used'],0,0,Valid,1.0,0.0,73.0,73.0,['Male'],0,0,5,4,1,Dry,Straight,Level,Lowest,No
18734,26,Michigan,260989,0,2,2,0,3,TAYLOR,July,22,Saturday,19,55,Urban,High Speed (Arterial),Yes,42.19829444,-83.24132778,Non-Intersection,Daylight,Clear,Unknown,Unknown,Unknown EMS Scene Arrival Hour,Unknown EMS Scene Arrival Minutes,Unknown,Unknown EMS Hospital Arrival Time,1,Daylight,Clear,1,2,['Driver'],['None_Used'],1,1,Valid,0.0,0.0,58.0,52.0,"['Male', 'Female']",1,0,5,4,5,Dry,Straight,Level,Lowest,No
18735,26,Michigan,260990,0,2,1,1,1,ANN ARBOR,May,19,Friday,14,5,Urban,Medium Speed (Collector),No,42.29501667,-83.76570833,Non-Intersection,Daylight,Rain,Unknown,Unknown,Unknown EMS Scene Arrival Hour,Unknown EMS Scene Arrival Minutes,Unknown,Unknown EMS Hospital Arrival Time,1,Daylight,Rain/Wind/Minor,1,0,['Driver'],['Shoulder_Lapbelt'],0,0,Valid,0.0,0.0,93.0,93.0,['Male'],0,0,2,4,5,Wet/Standing Water,Straight,Level,Lowest,No
18736,26,Michigan,260991,0,1,1,0,1,NOT APPLICABLE,June,4,Sunday,17,29,Rural,Medium Speed (Collector),No,45.09651944,-84.16474722,Simple Junction,Daylight,Clear,Unknown,Unknown,Unknown EMS Scene Arrival Hour,Unknown EMS Scene Arrival Minutes,Unknown,Unknown EMS Hospital Arrival Time,1,Daylight,Clear,1,0,['Driver'],['Shoulder_Lapbelt'],0,0,Valid,1.0,0.0,82.0,82.0,['Male'],0,0,2,4,2,Dry,Straight,Level,Lowest,No
18737,26,Michigan,260992,0,1,1,0,1,JACKSON,July,10,Monday,19,25,Urban,High Speed (Arterial),Yes,42.24168611,-84.39972778,Non-Intersection,Daylight,Clear,Unknown,Unknown,Unknown EMS Scene Arrival Hour,Unknown EMS Scene Arrival Minutes,Unknown,Unknown EMS Hospital Arrival Time,1,Daylight,Clear,1,0,['Driver'],['Shoulder_Lapbelt'],0,0,Valid,0.0,0.0,65.0,65.0,['Male'],0,0,3,4,3,Dry,Straight,Level,Lowest,No
18738,26,Michigan,260993,0,1,1,0,1,NOT APPLICABLE,June,3,Saturday,17,45,Rural,Medium Speed (Collector),No,45.64552778,-84.52893333,Non-Intersection,Daylight,Cloudy,Unknown,Unknown,Unknown EMS Scene Arrival Hour,Unknown EMS Scene Arrival Minutes,Unknown,Unknown EMS Hospital Arrival Time,1,Daylight,Reduced Visibility,1,0,['Driver'],['None_Used'],0,0,Valid,1.0,0.0,45.0,45.0,['Male'],0,0,5,4,1,Dry,Straight,Level,Lowest,Yes
18739,26,Michigan,260994,0,4,4,0,9,KALAMAZOO,July,3,Monday,11,39,Urban,Medium Speed (Collector),No,42.25966667,-85.57985278,Complex/Circle,Daylight,Clear,Unknown,Unknown,Unknown EMS Scene Arrival Hour,Unknown EMS Scene Arrival Minutes,Unknown,Unknown EMS Hospital Arrival Time,1,Daylight,Clear,1,8,['Driver'],['Shoulder_Lapbelt'],1,1,Valid,1.0,0.0,61.0,22.0,"['Male', 'Male', 'Male', 'Male']",2,0,3,4,5,Dry,Straight,Level,Lowest,No
18740,26,Michigan,260995,0,1,1,0,2,NOT APPLICABLE,June,3,Saturday,14,55,Rural,Medium Speed (Collector),No,43.00192778,-85.24809167,Simple Junction,Daylight,Clear,Unknown,Unknown,Unknown EMS Scene Arrival Hour,Unknown EMS Scene Arrival Minutes,Unknown,Unknown EMS Hospital Arrival Time,1,Daylight,Clear,1,1,['Driver'],['None_Used'],0,0,Valid,0.0,0.0,73.0,73.0,['Male'],2,0,5,4,2,Dry,Curve,Level,Lowest,No
18741,26,Michigan,260996,0,1,1,0,1,DETROIT,July,5,Wednesday,13,0,Urban,High Speed (Arterial),Yes,42.38579444,-83.274225,Non-Intersection,Daylight,Clear,Unknown,Unknown,Unknown EMS Scene Arrival Hour,Unknown EMS Scene Arrival Minutes,Unknown,Unknown EMS Hospital Arrival Time,1,Daylight,Clear,1,0,['Driver'],['Shoulder_Lapbelt'],0,0,Valid,1.0,0.0,68.0,68.0,['Female'],0,0,2,4,3,Dry,Straight,Level,Lowest,No
18742,26,Michigan,260997,0,2,2,0,2,WARREN,July,30,Sunday,4,8,Urban,Medium Speed (Collector),No,42.46349722,-83.003125,Non-Intersection,Dark - Lighted,Clear,Unknown,Unknown,Unknown EMS Scene Arrival Hour,Unknown EMS Scene Arrival Minutes,Unknown,Unknown EMS Hospital Arrival Time,1,Dark - Lighted,Clear,1,1,['Driver'],['None_Used'],1,1,Valid,2.0,1.0,44.0,37.0,"['Female', 'Male']",0,0,5,4,5,Dry,Straight,Level,Lowest,No
18743,26,Michigan,260998,0,1,1,0,2,NOT APPLICABLE,July,15,Saturday,17,45,Rural,High Speed (Arterial),Yes,46.10112778,-85.69345556,Non-Intersection,Daylight,Clear,Unknown,Unknown,Unknown EMS Scene Arrival Hour,Unknown EMS Scene Arrival Minutes,Unknown,Unknown EMS Hospital Arrival Time,1,Daylight,Clear,1,1,['Driver'],['None_Used'],0,0,Valid,0.0,0.0,54.0,54.0,['Male'],0,0,5,4,1,Dry,Straight,Level,Lowest,Yes
18744,26,Michigan,260999,0,1,1,0,1,FLINT,August,11,Friday,0,9,Urban,High Speed (Arterial),Yes,43.01608333,-83.68351944,Non-Intersection,Not Reported,Clear,Unknown,Unknown,Unknown EMS Scene Arrival Hour,Unknown EMS Scene Arrival Minutes,Not Applicable (Not Transported),Not Applicable (Not Transported),1,Dark - Unlighted,Clear,1,0,['Driver'],['None_Used'],0,0,Invalid,0.0,0.0,69.0,69.0,['Male'],1,0,5,4,3,Dry,Straight,Level,Medium,No
18745,26,Michigan,261000,1,1,1,0,1,WYANDOTTE,August,18,Friday,22,37,Urban,High Speed (Arterial),No,42.22633333,-83.14996111,Complex/Circle,Dark - Lighted,Clear,Unknown,Unknown,Unknown EMS Scene Arrival Hour,Unknown EMS Scene Arrival Minutes,Unknown,Unknown EMS Hospital Arrival Time,1,Dark - Lighted,Clear,0,1,[],[],0,0,Valid,0.0,0.0,62.0,62.0,['Male'],0,0,3,3,4,Dry,Straight,Level,Lowest,No
18746,26,Michigan,261001,0,1,1,0,1,SANDSTONE,August,14,Monday,17,58,Rural,Medium Speed (Collector),No,42.27298056,-84.60009722,Simple Junction,Daylight,Rain,Unknown,Unknown,Unknown EMS Scene Arrival Hour,Unknown EMS Scene Arrival Minutes,Unknown,Unknown EMS Hospital Arrival Time,1,Daylight,Rain/Wind/Minor,1,0,['Driver'],['Shoulder_Lapbelt'],0,0,Valid,0.0,0.0,63.0,63.0,['Male'],1,0,2,4,3,Wet/Standing Water,Straight,Level,Lowest,No
18747,26,Michigan,261002,0,1,1,0,1,GRANDVILLE,August,31,Thursday,21,19,Urban,Medium Speed (Collector),No,42.90675833,-85.73532778,Non-Intersection,Dark - Lighted,Clear,Unknown,Unknown,Unknown EMS Scene Arrival Hour,Unknown EMS Scene Arrival Minutes,Unknown,Unknown EMS Hospital Arrival Time,1,Dark - Lighted,Clear,1,0,['Driver'],['Shoulder_Lapbelt'],0,0,Valid,2.0,0.0,79.0,79.0,['Male'],0,0,2,4,3,Dry,Straight,Level,Lowest,No
18748,26,Michigan,261003,0,2,2,0,3,BLOOMFIELD VILLAGE,August,21,Monday,8,21,Urban,Medium Speed (Collector),No,42.55196389,-83.26405556,Simple Junction,Daylight,Clear,Unknown,Unknown,Unknown EMS Scene Arrival Hour,Unknown EMS Scene Arrival Minutes,Unknown,Unknown EMS Hospital Arrival Time,1,Daylight,Clear,1,2,['Front_Passenger'],['Shoulder_Lapbelt'],0,0,Valid,0.0,0.0,92.0,18.0,"['Male', 'Female']",0,0,2,4,5,Dry,Straight,Level,Lowest,No
18749,26,Michigan,261004,0,1,1,0,1,NOT APPLICABLE,August,18,Friday,13,8,Rural,Medium Speed (Collector),No,43.75595833,-85.234775,Non-Intersection,Daylight,Clear,Unknown,Unknown,Unknown EMS Scene Arrival Hour,Unknown EMS Scene Arrival Minutes,Unknown,Unknown EMS Hospital Arrival Time,1,Daylight,Clear,1,0,['Driver'],['Shoulder_Lapbelt'],0,0,Valid,0.0,0.0,84.0,84.0,['Male'],0,0,3,4,2,Dry,Straight,Level,Lowest,No
18750,26,Michigan,261005,1,1,1,0,1,CLINTON TOWNSHIP,August,18,Friday,12,43,Urban,High Speed (Arterial),Yes,42.57006389,-82.89183889,Complex/Circle,Daylight,Clear,Unknown,Unknown,Unknown EMS Scene Arrival Hour,Unknown EMS Scene Arrival Minutes,Unknown,Unknown EMS Hospital Arrival Time,1,Daylight,Clear,0,1,[],[],0,0,Valid,2.0,0.0,31.0,31.0,['Male'],1,0,3,2,4,Dry,Straight,Level,Lowest,No
18751,26,Michigan,261006,0,2,2,0,2,JACKSON,August,27,Sunday,13,29,Urban,Medium Speed (Collector),No,42.26437222,-84.42825556,Non-Intersection,Daylight,Clear,Unknown,Unknown,Unknown EMS Scene Arrival Hour,Unknown EMS Scene Arrival Minutes,Unknown,Unknown EMS Hospital Arrival Time,1,Daylight,Clear,1,1,['Driver'],['None_Used'],0,0,Valid,3.0,1.0,30.0,25.0,"['Male', 'Female']",1,0,5,4,5,Dry,Straight,Level,Lowest,No
18752,26,Michigan,261007,0,2,2,0,2,ECORSE,August,5,Saturday,19,25,Urban,Low Speed (Local),No,42.25676667,-83.15766944,Complex/Circle,Daylight,Clear,Unknown,Unknown,Unknown EMS Scene Arrival Hour,Unknown EMS Scene Arrival Minutes,Unknown,Unknown EMS Hospital Arrival Time,1,Daylight,Clear,1,1,['Driver'],['None_Used'],0,0,Invalid,0.0,0.0,32.0,18.0,"['Male', 'Female']",1,0,5,4,5,Dry,Straight,Level,Lowest,No
18753,26,Michigan,261008,0,2,2,0,3,TAYLOR,August,30,Wednesday,11,55,Urban,High Speed (Arterial),No,42.19725556,-83.28120556,Non-Intersection,Daylight,Clear,Unknown,Unknown,Unknown EMS Scene Arrival Hour,Unknown EMS Scene Arrival Minutes,Unknown,Unknown EMS Hospital Arrival Time,1,Daylight,Clear,1,2,['Driver'],['Shoulder_Lapbelt'],0,0,Valid,0.0,0.0,80.0,42.0,"['Female', 'Female']",0,0,2,4,5,Dry,Straight,Non-Trafficway,Lowest,No
18754,26,Michigan,261009,0,1,1,0,1,DETROIT,August,14,Monday,14,15,Urban,Medium Speed (Collector),No,42.397825,-83.24835833,Non-Intersection,Daylight,Cloudy,Unknown,Unknown,Unknown EMS Scene Arrival Hour,Unknown EMS Scene Arrival Minutes,Not Applicable (Not Transported),Not Applicable (Not Transported),1,Daylight,Reduced Visibility,1,0,['Driver'],['None_Used'],0,0,Invalid,1.0,0.0,34.0,34.0,['Female'],1,0,2,4,3,Dry,Straight,Level,Lowest,No
18755,26,Michigan,261010,0,2,2,0,2,NOT APPLICABLE,September,21,Thursday,13,7,Rural,Medium Speed (Collector),No,44.19962778,-83.80332778,Non-Intersection,Daylight,Clear,Unknown,Unknown,Unknown EMS Scene Arrival Hour,Unknown EMS Scene Arrival Minutes,Unknown,Unknown EMS Hospital Arrival Time,1,Daylight,Clear,1,1,['Driver'],['Shoulder_Lapbelt'],0,0,Valid,1.0,0.0,76.0,72.0,"['Male', 'Male']",1,0,3,4,5,Dry,Straight,Level,Lowest,No
18756,26,Michigan,261011,0,2,2,0,3,INKSTER,September,23,Saturday,12,35,Urban,High Speed (Arterial),Yes,42.2955,-83.30026944,Complex/Circle,Daylight,Clear,Unknown,Unknown,Unknown EMS Scene Arrival Hour,Unknown EMS Scene Arrival Minutes,Unknown,Unknown EMS Hospital Arrival Time,1,Daylight,Clear,1,2,['Driver'],['None_Used'],0,0,Valid,0.0,0.0,40.0,31.0,"['Male', 'Male']",0,0,2,4,5,Dry,Straight,Level,Lowest,No
18757,26,Michigan,261012,0,1,1,0,1,DETROIT,October,14,Saturday,10,28,Urban,High Speed (Arterial),Yes,42.35644444,-83.13803889,Complex/Circle,Daylight,Rain,Unknown,Unknown,Unknown EMS Scene Arrival Hour,Unknown EMS Scene Arrival Minutes,Unknown,Unknown EMS Hospital Arrival Time,1,Daylight,Rain/Wind/Minor,1,0,['Driver'],['Shoulder_Lapbelt'],0,0,Invalid,0.0,0.0,37.0,37.0,['Female'],1,0,2,4,3,Wet/Standing Water,Straight,Level,Lowest,No
18758,26,Michigan,261013,0,1,1,0,1,STERLING HEIGHTS,September,18,Monday,12,8,Rural,Low Speed (Local),No,42.62014444,-82.98351111,Non-Intersection,Daylight,Clear,Unknown,Unknown,Unknown EMS Scene Arrival Hour,Unknown EMS Scene Arrival Minutes,Unknown,Unknown EMS Hospital Arrival Time,1,Daylight,Clear,1,0,['Driver'],['Shoulder_Lapbelt'],0,0,Valid,0.0,0.0,89.0,89.0,['Male'],0,0,2,4,3,Dry,Curve,Level,Lowest,No