,State_Code,State_Name,Crash_ID,Count_Non_Motorists,Count_Vehicles_Total,Count_Vehicle_Forms,Count_PVH_Involved,Count_Occupants_MV,City_Name,Month_Name,Day_of_Month,Day_of_Week,Crash_Hour,Crash_Minute,Area_Rural_Urban,Road_Functional_Class,On_NHS_Road,Latitude,Longitude,Intersection_Type,Light_Condition,Weather_Condition,Notif_Hour,Notif_Minute,Arrival_Hour,Arrival_Minute,Hospital_Hour,Hospital_Minute,Fatalities_Count,Clean_Light_Condition,Clean_Weather_Condition,Total_Killed,Total_Alive,Fatal_Seats_List,Killed_Restraint_List,Any_Driver_Drinking,Total_Drinking_Drivers,Driver_License_Category,Driver_Max_Prev_Accident_Count,Driver_Max_Prev_Speeding_Count,Max_Driver_Age,Min_Driver_Age,Driver_Sex_List,Total_Exceeding_Limit_Vehicles,Total_Too_Fast_Vehicles,Max_Vehicle_Type_Severity_5,Max_Vehicle_Damage_Rank,Max_Harmful_Event_Severity,Crash_Road_Surface_Condition,Crash_Horizontal_Alignment,Crash_Vertical_Profile,Crash_Impairment_Category,Crash_Vehicle_Defect
18759,26,Michigan,261014,0,1,1,0,1,DETROIT,October,11,Wednesday,2,20,Urban,High Speed (Arterial),Yes,42.38257222,-83.19783889,Non-Intersection,Dark - Lighted,Clear,Unknown,Unknown,Unknown EMS Scene Arrival Hour,Unknown EMS Scene Arrival Minutes,Unknown,Unknown EMS Hospital Arrival Time,1,Dark - Lighted,Clear,1,0,['Driver'],['None_Used'],1,1,Valid,2.0,1.0,44.0,44.0,['Male'],1,0,2,4,3,Dry,Straight,Level,Lowest,No
18760,26,Michigan,261015,0,3,3,0,3,NOT APPLICABLE,October,20,Friday,7,14,Urban,High Speed (Arterial),Yes,43.06109722,-82.459975,Non-Intersection,Dark - Not Lighted,Clear,Unknown,Unknown,Unknown EMS Scene Arrival Hour,Unknown EMS Scene Arrival Minutes,Unknown,Unknown EMS Hospital Arrival Time,1,Dark - Unlighted,Clear,1,2,['Driver'],['Shoulder_Lapbelt'],1,1,Invalid,0.0,0.0,45.0,33.0,"['Male', 'Female', 'Male']",0,0,4,4,5,Dry,Straight,Level,Lowest,No
18761,26,Michigan,261016,1,1,1,0,1,WARREN,October,2,Monday,5,51,Urban,High Speed (Arterial),Yes,42.44848056,-83.024975,Complex/Circle,Dark - Lighted,Clear,Unknown,Unknown,Unknown EMS Scene Arrival Hour,Unknown EMS Scene Arrival Minutes,Unknown,Unknown EMS Hospital Arrival Time,1,Dark - Lighted,Clear,0,1,[],[],0,0,Valid,1.0,0.0,42.0,42.0,['Female'],0,0,4,1,4,Dry,Straight,Level,Lowest,No
18762,26,Michigan,261017,1,1,1,0,1,DETROIT,October,1,Sunday,1,29,Urban,High Speed (Arterial),Yes,42.41091389,-83.24384722,Non-Intersection,Dark - Lighted,Clear,Unknown,Unknown,Unknown EMS Scene Arrival Hour,Unknown EMS Scene Arrival Minutes,Unknown,Unknown EMS Hospital Arrival Time,1,Dark - Lighted,Clear,0,0,[],[],0,0,Invalid,0.0,0.0,998.0,998.0,['Other'],0,0,1,2,4,Dry,Straight,Level,Lowest,No
18763,26,Michigan,261018,0,2,2,0,2,ROSEVILLE,October,16,Monday,9,39,Urban,High Speed (Arterial),Yes,42.48838611,-82.942225,Non-Intersection,Daylight,Clear,Unknown,Unknown,Unknown EMS Scene Arrival Hour,Unknown EMS Scene Arrival Minutes,Unknown,Unknown EMS Hospital Arrival Time,1,Daylight,Clear,1,1,['Driver'],['None_Used'],0,0,Invalid,4.0,3.0,46.0,37.0,"['Female', 'Male']",0,0,4,4,5,Dry,Straight,Level,Lowest,No
18764,26,Michigan,261019,1,1,1,0,1,NOT APPLICABLE,October,27,Friday,3,21,Urban,Medium Speed (Collector),No,42.99783889,-84.14344444,Non-Intersection,Dark - Not Lighted,Rain,Unknown,Unknown,Unknown EMS Scene Arrival Hour,Unknown EMS Scene Arrival Minutes,Unknown,Unknown EMS Hospital Arrival Time,1,Dark - Unlighted,Rain/Wind/Minor,0,1,[],[],0,0,Valid,0.0,0.0,54.0,54.0,['Male'],0,0,4,1,4,Wet/Standing Water,Straight,Level,Lowest,No
18765,26,Michigan,261020,0,2,2,0,2,NOT APPLICABLE,November,23,Thursday,14,54,Rural,Medium Speed (Collector),No,42.11481944,-85.46561667,Simple Junction,Daylight,Clear,Unknown,Unknown,Unknown EMS Scene Arrival Hour,Unknown EMS Scene Arrival Minutes,Unknown,Unknown EMS Hospital Arrival Time,1,Daylight,Clear,1,1,['Driver'],['Shoulder_Lapbelt'],0,0,Valid,0.0,0.0,69.0,19.0,"['Female', 'Female']",0,0,3,4,5,Dry,Straight,Level,Lowest,No
18766,26,Michigan,261021,0,2,2,0,1,NOT APPLICABLE,November,14,Tuesday,11,12,Urban,Medium Speed (Collector),No,42.63483889,-82.55528611,Non-Intersection,Daylight,Clear,Unknown,Unknown if Notified,Unknown EMS Scene Arrival Hour,Unknown if Arrived,Not Applicable (Not Transported),Not Applicable (Not Transported),1,Daylight,Clear,1,0,['Driver'],['None_Used'],0,0,Valid,1.0,0.0,80.0,80.0,['Male'],0,0,5,4,5,Dry,Straight,Level,Lowest,No
18767,26,Michigan,261022,0,2,2,0,2,OSHTEMO,November,16,Thursday,6,50,Urban,Low Speed (Local),No,42.29610833,-85.65794167,Complex/Circle,Dawn,Clear,Unknown,Unknown,Unknown EMS Scene Arrival Hour,Unknown EMS Scene Arrival Minutes,Unknown,Unknown EMS Hospital Arrival Time,1,Twilight,Clear,1,1,['Driver'],['Shoulder_Lapbelt'],0,0,Valid,1.0,0.0,89.0,55.0,"['Male', 'Male']",0,0,4,4,5,Dry,Straight,Level,Lowest,No
18768,26,Michigan,261023,0,1,1,0,2,NOT APPLICABLE,November,26,Sunday,10,56,Rural,High Speed (Arterial),Yes,44.05563611,-85.48813333,Non-Intersection,Daylight,Snow,Unknown,Unknown,Unknown EMS Scene Arrival Hour,Unknown EMS Scene Arrival Minutes,Unknown,Unknown EMS Hospital Arrival Time,1,Daylight,Snow/Ice/Severe,1,1,['Front_Passenger'],['Shoulder_Lapbelt'],0,0,Valid,0.0,0.0,58.0,58.0,['Female'],2,0,3,4,3,Icy/Snowy,Straight,Level,Lowest,No
18769,26,Michigan,261024,0,3,3,0,4,NOT APPLICABLE,November,14,Tuesday,15,50,Rural,Medium Speed (Collector),No,44.33581944,-84.81078056,Non-Intersection,Daylight,Clear,Unknown,Unknown,Unknown EMS Scene Arrival Hour,Unknown EMS Scene Arrival Minutes,Unknown,Unknown EMS Hospital Arrival Time,1,Daylight,Clear,1,3,['Driver'],['Shoulder_Lapbelt'],0,0,Valid,0.0,0.0,85.0,49.0,"['Female', 'Male', 'Male']",0,0,4,4,5,Dry,Straight,Level,Lowest,No
18770,26,Michigan,261025,0,2,2,0,3,MUSKEGON,November,8,Wednesday,13,42,Urban,Medium Speed (Collector),No,43.20557778,-86.27795833,Complex/Circle,Daylight,Rain,Unknown,Unknown,Unknown EMS Scene Arrival Hour,Unknown EMS Scene Arrival Minutes,Unknown,Unknown EMS Hospital Arrival Time,1,Daylight,Rain/Wind/Minor,1,2,['Driver'],['Shoulder_Lapbelt'],0,0,Valid,0.0,0.0,86.0,77.0,"['Female', 'Male']",1,0,3,4,5,Wet/Standing Water,Straight,Level,Lowest,No
18771,26,Michigan,261026,0,2,2,0,2,FLINT,November,1,Wednesday,15,17,Urban,High Speed (Arterial),Yes,42.86267222,-83.73972222,Non-Intersection,Daylight,Clear,Unknown,Unknown,Unknown EMS Scene Arrival Hour,Unknown EMS Scene Arrival Minutes,Unknown,Unknown EMS Hospital Arrival Time,1,Daylight,Clear,1,1,['Driver'],['Shoulder_Lapbelt'],0,0,Valid,1.0,6.0,62.0,27.0,"['Male', 'Male']",0,0,4,4,5,Dry,Straight,Level,Lowest,No
18772,26,Michigan,261027,0,1,1,0,1,LINCOLN PARK,November,26,Sunday,11,21,Urban,Low Speed (Local),No,42.23966667,-83.17977778,Complex/Circle,Daylight,Clear,Unknown,Unknown,Unknown EMS Scene Arrival Hour,Unknown EMS Scene Arrival Minutes,Unknown,Unknown EMS Hospital Arrival Time,1,Daylight,Clear,1,0,['Driver'],['Shoulder_Lapbelt'],0,0,Valid,0.0,0.0,71.0,71.0,['Female'],0,0,3,4,3,Dry,Straight,Level,Lowest,No
18773,26,Michigan,261028,1,1,1,0,1,NOT APPLICABLE,December,9,Saturday,18,6,Urban,Medium Speed (Collector),No,42.930675,-85.37489722,Non-Intersection,Dark - Not Lighted,Cloudy,Unknown,Unknown,Unknown EMS Scene Arrival Hour,Unknown EMS Scene Arrival Minutes,Unknown,Unknown EMS Hospital Arrival Time,1,Dark - Unlighted,Reduced Visibility,0,1,[],[],0,0,Valid,0.0,0.0,73.0,73.0,['Female'],0,0,3,4,4,Dry,Straight,Level,Lowest,No
18774,26,Michigan,261029,0,1,1,0,1,NOT APPLICABLE,March,20,Monday,7,39,Rural,Medium Speed (Collector),No,41.85105556,-86.56198056,Non-Intersection,Dawn,Clear,Unknown,Unknown if Notified,Unknown EMS Scene Arrival Hour,Unknown if Arrived,Not Applicable (Not Transported),Not Applicable (Not Transported),1,Twilight,Clear,1,0,['Driver'],['Shoulder_Lapbelt'],0,0,Valid,0.0,0.0,55.0,55.0,['Male'],0,0,3,2,1,Dry,Straight,Level,Lowest,No
18775,26,Michigan,261030,1,1,1,0,1,DETROIT,August,18,Friday,21,54,Urban,Medium Speed (Collector),No,42.44403056,-82.98543889,Non-Intersection,Dark - Lighted,Clear,Unknown,Unknown,Unknown EMS Scene Arrival Hour,Unknown EMS Scene Arrival Minutes,Unknown,Unknown EMS Hospital Arrival Time,1,Dark - Lighted,Clear,0,0,[],[],0,0,Invalid,0.0,0.0,999.0,999.0,['Other'],1,0,1,0,4,Dry,Straight,Level,Lowest,No
18776,27,Minnesota,270001,0,1,1,0,1,NOT APPLICABLE,January,5,Thursday,13,23,Rural,Medium Speed (Collector),No,43.51334722,-94.614375,Non-Intersection,Daylight,Clear,1:00pm-1:59pm,23,1:00pm-1:59pm,27,2:00pm-2:59pm,27,1,Daylight,Clear,1,0,['Driver'],['Shoulder_Lapbelt'],0,0,Valid,0.0,0.0,82.0,82.0,['Female'],0,0,3,3,3,Icy/Snowy,Straight,Level,Lowest,No
18777,27,Minnesota,270002,0,2,2,0,3,NOT APPLICABLE,January,7,Saturday,9,51,Rural,High Speed (Arterial),Yes,44.94916667,-95.54201944,Non-Intersection,Daylight,"Fog, Smog, Smoke",9:00am-9:59am,53,11:00am-11:59am,20,11:00am-11:59am,45,1,Daylight,Reduced Visibility,1,2,['Driver'],['Shoulder_Lapbelt'],0,0,Valid,0.0,0.0,65.0,19.0,"['Female', 'Male']",0,0,3,4,5,Icy/Snowy,Straight,Level,Lowest,No
18778,27,Minnesota,270003,0,1,1,0,1,NOT APPLICABLE,January,10,Tuesday,8,45,Rural,Medium Speed (Collector),No,46.24685278,-93.26334167,Non-Intersection,Daylight,Cloudy,8:00am-8:59am,47,9:00am-9:59am,13,10:00am-10:59am,10,1,Daylight,Reduced Visibility,1,0,['Driver'],['None_Used'],0,0,Valid,0.0,0.0,58.0,58.0,['Male'],1,0,4,4,3,Icy/Snowy,Curve,Level,Lowest,No
18779,27,Minnesota,270004,0,2,2,0,2,NOT APPLICABLE,January,10,Tuesday,8,55,Rural,High Speed (Arterial),Yes,46.60868889,-93.41703889,Non-Intersection,Daylight,Cloudy,8:00am-8:59am,57,9:00am-9:59am,13,9:00am-9:59am,43,1,Daylight,Reduced Visibility,1,1,['Driver'],['Shoulder_Lapbelt'],0,0,Valid,0.0,0.0,83.0,53.0,"['Male', 'Male']",1,0,4,4,5,Icy/Snowy,Straight,Grade/Hillcrest,Lowest,No
18780,27,Minnesota,270005,1,1,1,0,1,MINNEAPOLIS,January,12,Thursday,7,0,Urban,Medium Speed (Collector),No,44.90155278,-93.24749722,Complex/Circle,Dark - Lighted,Cloudy,7:00am-7:59am,10,7:00am-7:59am,15,Not Applicable (Not Transported),Not Applicable (Not Transported),1,Dark - Lighted,Reduced Visibility,0,0,[],[],0,0,Invalid,0.0,0.0,999.0,999.0,['Other'],0,0,1,0,4,Wet/Standing Water,Straight,Level,Lowest,No
18781,27,Minnesota,270006,0,1,1,0,1,BROOKLYN PARK,January,14,Saturday,1,14,Urban,High Speed (Arterial),Yes,45.12337778,-93.30475,Non-Intersection,Dark - Lighted,Clear,1:00am-1:59am,19,1:00am-1:59am,20,Not Applicable (Not Transported),Not Applicable (Not Transported),1,Dark - Lighted,Clear,1,0,['Driver'],['None_Used'],0,0,Valid,1.0,0.0,55.0,55.0,['Male'],1,0,3,4,2,Dry,Straight,Level,Lowest,No
18782,27,Minnesota,270007,0,2,2,0,2,NOT APPLICABLE,January,14,Saturday,12,24,Rural,High Speed (Arterial),Yes,45.96460278,-93.01538889,Non-Intersection,Daylight,Clear,12:00pm-12:59pm,24,12:00pm-12:59pm,32,1:00pm-1:59pm,21,1,Daylight,Clear,1,1,['Driver'],['Shoulder_Lapbelt'],0,0,Valid,1.0,0.0,82.0,64.0,"['Female', 'Male']",0,0,4,4,5,Dry,Straight,Level,Lowest,No
18783,27,Minnesota,270008,1,1,1,0,1,NOT APPLICABLE,January,3,Tuesday,19,18,Rural,Medium Speed (Collector),No,45.39236389,-94.06253056,Non-Intersection,Dark - Not Lighted,Snow,7:00pm-7:59pm,18,7:00pm-7:59pm,56,Not Applicable (Not Transported),Not Applicable (Not Transported),1,Dark - Unlighted,Snow/Ice/Severe,0,1,[],[],0,0,Valid,0.0,0.0,34.0,34.0,['Male'],0,0,3,3,4,Icy/Snowy,Straight,Level,Lowest,No
18784,27,Minnesota,270009,0,1,1,0,2,BURNSVILLE,January,25,Wednesday,0,29,Urban,Medium Speed (Collector),No,44.77525,-93.26816667,Complex/Circle,Dark - Lighted,Clear,0:00am-0:59am,29,0:00am-0:59am,35,1:00am-1:59am,5,1,Dark - Lighted,Clear,1,1,['Front_Passenger'],['Shoulder_Lapbelt'],0,0,Invalid,0.0,0.0,15.0,15.0,['Male'],2,0,2,4,3,Dry,Curve,Grade/Hillcrest,Lowest,No
18785,27,Minnesota,270010,0,1,1,0,1,NOT APPLICABLE,January,22,Sunday,17,30,Rural,Low Speed (Local),No,46.86497778,-95.70963611,Non-Intersection,Dark - Not Lighted,Clear,5:00pm-5:59pm,30,5:00pm-5:59pm,46,6:00pm-6:59pm,14,1,Dark - Unlighted,Clear,1,0,['Driver'],['None_Used'],1,1,Valid,0.0,0.0,34.0,34.0,['Male'],1,0,5,3,3,Icy/Snowy,Straight,Level,Lowest,No
18786,27,Minnesota,270011,0,2,2,0,5,NOT APPLICABLE,January,21,Saturday,8,20,Rural,High Speed (Arterial),Yes,45.43865833,-94.58832778,Non-Intersection,Daylight,"Fog, Smog, Smoke",8:00am-8:59am,20,8:00am-8:59am,27,9:00am-9:59am,30,1,Daylight,Reduced Visibility,1,4,['Driver'],['Shoulder_Lapbelt'],0,0,Valid,0.0,0.0,50.0,28.0,"['Female', 'Male']",0,0,3,4,5,Wet/Standing Water,Straight,Level,Lowest,No
18787,27,Minnesota,270012,2,1,1,0,1,BLOOMINGTON,January,27,Friday,18,8,Urban,Low Speed (Local),No,44.86195556,-93.26005833,Non-Intersection,Dark - Lighted,Cloudy,6:00pm-6:59pm,8,6:00pm-6:59pm,20,6:00pm-6:59pm,50,1,Dark - Lighted,Reduced Visibility,0,1,[],[],1,1,Valid,0.0,0.0,27.0,27.0,['Female'],0,0,2,3,4,Dry,Straight,Level,Lowest,No
18788,27,Minnesota,270013,0,1,1,0,1,NOT APPLICABLE,February,4,Saturday,16,55,Rural,Low Speed (Local),No,46.54309444,-94.705125,Non-Intersection,Daylight,Clear,4:00pm-4:59pm,55,5:00pm-5:59pm,35,Not Applicable (Not Transported),Not Applicable (Not Transported),1,Daylight,Clear,1,0,['Driver'],['None_Used'],0,0,Valid,1.0,0.0,65.0,65.0,['Male'],0,0,5,4,3,Icy/Snowy,Straight,Grade/Hillcrest,Lowest,Yes
18789,27,Minnesota,270014,1,2,2,0,2,BROOKLYN PARK,February,4,Saturday,19,30,Urban,Medium Speed (Collector),No,45.09456944,-93.36792778,Non-Intersection,Dark - Lighted,Clear,7:00pm-7:59pm,31,7:00pm-7:59pm,36,Not Applicable (Not Transported),Not Applicable (Not Transported),1,Dark - Lighted,Clear,0,2,[],[],0,0,Valid,1.0,4.0,27.0,17.0,"['Male', 'Male']",0,0,3,3,4,Dry,Straight,Level,Lowest,No
18790,27,Minnesota,270015,0,1,1,0,4,ST. PAUL,February,10,Friday,23,8,Urban,High Speed (Arterial),Yes,44.93628333,-93.03064722,Non-Intersection,Dark - Lighted,Clear,11:00pm-11:59pm,8,11:00pm-11:59pm,15,11:00pm-11:59pm,45,2,Dark - Lighted,Clear,2,2,"['Rear_Seat', 'Rear_Seat']","['None_Used', 'None_Used']",1,1,Valid,0.0,0.0,17.0,17.0,['Male'],4,0,2,4,3,Dry,Straight,Level,Lowest,No
18791,27,Minnesota,270016,0,2,2,0,4,COTTAGE GROVE,February,12,Sunday,8,14,Urban,High Speed (Arterial),Yes,44.82150556,-92.94492778,Non-Intersection,Daylight,Clear,8:00am-8:59am,15,8:00am-8:59am,20,8:00am-8:59am,43,2,Daylight,Clear,2,2,"['Driver', 'Rear_Seat']","['Shoulder_Lapbelt', 'Shoulder_Lapbelt']",0,0,Valid,0.0,0.0,95.0,66.0,"['Female', 'Male']",0,0,3,4,5,Dry,Straight,Level,Lowest,No
18792,27,Minnesota,270018,0,2,2,0,2,NOT APPLICABLE,February,19,Sunday,11,20,Rural,Low Speed (Local),No,47.63020556,-95.18486667,Non-Intersection,Daylight,Clear,11:00am-11:59am,20,11:00am-11:59am,38,Not Applicable (Not Transported),Not Applicable (Not Transported),1,Daylight,Clear,1,1,['Driver'],['None_Used'],0,0,Valid,0.0,0.0,49.0,44.0,"['Female', 'Male']",0,0,5,4,5,Dry,Straight,Non-Trafficway,Lowest,No
18793,27,Minnesota,270019,0,1,1,0,1,Other,February,20,Monday,23,10,Urban,Medium Speed (Collector),No,45.32005,-93.27275556,Non-Intersection,Dark - Not Lighted,Clear,11:00pm-11:59pm,10,11:00pm-11:59pm,20,0:00am-0:59am,20,1,Dark - Unlighted,Clear,1,0,['Driver'],['Shoulder_Lapbelt'],0,0,Valid,0.0,0.0,58.0,58.0,['Male'],0,0,3,4,3,Dry,Curve,Level,Lowest,No
18794,27,Minnesota,270020,0,1,1,0,1,COLERAINE,February,16,Thursday,12,35,Urban,High Speed (Arterial),Yes,47.24592778,-93.48608611,Non-Intersection,Daylight,Clear,12:00pm-12:59pm,35,12:00pm-12:59pm,43,2:00pm-2:59pm,22,1,Daylight,Clear,1,0,['Driver'],['Shoulder_Lapbelt'],0,0,Valid,0.0,0.0,56.0,56.0,['Male'],0,0,1,4,3,Dry,Straight,Level,Lowest,No
18795,27,Minnesota,270021,0,1,1,0,1,CIRCLE PINES,February,19,Sunday,2,39,Urban,Medium Speed (Collector),No,45.15293056,-93.139375,Non-Intersection,Dark - Not Lighted,Clear,2:00am-2:59am,40,2:00am-2:59am,48,Not Applicable (Not Transported),Not Applicable (Not Transported),1,Dark - Unlighted,Clear,1,0,['Driver'],['Shoulder_Lapbelt'],1,1,Invalid,0.0,0.0,23.0,23.0,['Male'],1,0,2,4,2,Icy/Snowy,Curve,Level,Lowest,No
18796,27,Minnesota,270022,0,1,1,0,1,NOT APPLICABLE,February,26,Sunday,19,14,Rural,High Speed (Arterial),Yes,44.89256944,-94.22989722,Non-Intersection,Dark - Not Lighted,Clear,7:00pm-7:59pm,14,7:00pm-7:59pm,21,7:00pm-7:59pm,51,1,Dark - Unlighted,Clear,1,0,['Driver'],['None_Used'],1,1,Valid,0.0,0.0,54.0,54.0,['Male'],1,0,3,4,3,Dry,Curve,Level,Lowest,No
18797,27,Minnesota,270023,1,4,4,0,4,EAGAN,February,22,Wednesday,8,39,Urban,High Speed (Arterial),Yes,44.77899722,-93.21721111,Non-Intersection,Daylight,Cloudy,8:00am-8:59am,44,9:00am-9:59am,31,9:00am-9:59am,50,1,Daylight,Reduced Visibility,0,4,[],[],0,0,Valid,0.0,0.0,48.0,29.0,"['Female', 'Male', 'Male']",2,0,3,4,5,Icy/Snowy,Straight,Level,Lowest,No
18798,27,Minnesota,270024,0,2,2,0,3,NOT APPLICABLE,March,2,Thursday,15,10,Rural,Medium Speed (Collector),No,44.66794444,-93.43993333,Non-Intersection,Daylight,Clear,3:00pm-3:59pm,10,3:00pm-3:59pm,30,5:00pm-5:59pm,35,1,Daylight,Clear,1,2,['Driver'],['Shoulder_Lapbelt'],0,0,Valid,2.0,3.0,50.0,39.0,"['Male', 'Female']",0,0,3,4,5,Dry,Straight,Grade/Hillcrest,Lowest,No
18799,27,Minnesota,270025,0,1,1,0,1,NOT APPLICABLE,February,20,Monday,18,33,Rural,High Speed (Arterial),Yes,44.8967,-94.22213611,Non-Intersection,Dark - Not Lighted,Blowing Snow,6:00pm-6:59pm,33,6:00pm-6:59pm,36,Not Applicable (Not Transported),Not Applicable (Not Transported),1,Dark - Unlighted,Snow/Ice/Severe,1,0,['Driver'],['None_Used'],0,0,Valid,1.0,1.0,39.0,39.0,['Female'],1,0,3,4,3,Icy/Snowy,Straight,Level,Lowest,No
18800,27,Minnesota,270026,0,3,3,0,6,NOT APPLICABLE,March,4,Saturday,14,22,Rural,Medium Speed (Collector),No,44.71683056,-92.96830556,Simple Junction,Daylight,Clear,2:00pm-2:59pm,23,2:00pm-2:59pm,30,3:00pm-3:59pm,28,1,Daylight,Clear,1,5,['Driver'],['Shoulder_Lapbelt'],0,0,Valid,0.0,0.0,49.0,17.0,"['Female', 'Male', 'Male']",0,0,3,4,5,Dry,Straight,Level,Lowest,No
18801,27,Minnesota,270027,0,2,2,0,2,NOT APPLICABLE,February,20,Monday,14,16,Rural,High Speed (Arterial),Yes,43.50778889,-92.36925278,Simple Junction,Daylight,Clear,2:00pm-2:59pm,19,2:00pm-2:59pm,37,3:00pm-3:59pm,27,1,Daylight,Clear,1,1,['Driver'],['None_Used'],0,0,Valid,0.0,1.0,81.0,39.0,"['Male', 'Male']",0,0,4,4,5,Dry,Straight,Level,Lowest,No
18802,27,Minnesota,270029,0,2,2,0,3,NOT APPLICABLE,February,27,Monday,12,5,Rural,Medium Speed (Collector),No,44.55776944,-94.15327222,Complex/Circle,Daylight,Cloudy,12:00pm-12:59pm,6,12:00pm-12:59pm,12,12:00pm-12:59pm,30,1,Daylight,Reduced Visibility,1,2,['Driver'],['None_Used'],0,0,Valid,0.0,0.0,47.0,33.0,"['Female', 'Male']",0,0,4,4,5,Wet/Standing Water,Straight,Level,Lowest,No
18803,27,Minnesota,270030,0,2,2,0,2,NOT APPLICABLE,March,13,Monday,14,20,Rural,Medium Speed (Collector),No,45.67291944,-94.43829722,Complex/Circle,Daylight,Clear,2:00pm-2:59pm,20,2:00pm-2:59pm,26,Not Applicable (Not Transported),Not Applicable (Not Transported),1,Daylight,Clear,1,1,['Driver'],['None_Used'],1,1,Valid,2.0,1.0,67.0,19.0,"['Male', 'Male']",1,0,3,4,5,Dry,Straight,Level,Lowest,No
18804,27,Minnesota,270031,0,2,2,0,3,NOT APPLICABLE,March,9,Thursday,17,53,Rural,High Speed (Arterial),Yes,43.79057778,-92.490825,Non-Intersection,Dark - Not Lighted,Blowing Snow,5:00pm-5:59pm,53,6:00pm-6:59pm,1,6:00pm-6:59pm,47,2,Dark - Unlighted,Snow/Ice/Severe,2,1,"['Driver', 'Front_Passenger']","['Shoulder_Lapbelt', 'Shoulder_Lapbelt']",0,0,Valid,0.0,0.0,45.0,27.0,"['Female', 'Female']",0,0,3,4,5,Icy/Snowy,Straight,Level,Lowest,No
18805,27,Minnesota,270032,0,2,2,0,2,NOT APPLICABLE,March,15,Wednesday,6,55,Rural,High Speed (Arterial),Yes,44.04138889,-93.17494722,Non-Intersection,Dawn,Blowing Snow,6:00am-6:59am,55,7:00am-7:59am,0,8:00am-8:59am,2,1,Twilight,Snow/Ice/Severe,1,1,['Driver'],['Shoulder_Lapbelt'],0,0,Valid,0.0,0.0,59.0,58.0,"['Male', 'Female']",0,0,3,4,5,Icy/Snowy,Straight,Level,Lowest,No
18806,27,Minnesota,270033,0,1,1,0,3,RAMSEY,March,16,Thursday,18,58,Urban,High Speed (Arterial),Yes,45.23489444,-93.47261389,Non-Intersection,Daylight,Snow,6:00pm-6:59pm,57,7:00pm-7:59pm,10,7:00pm-7:59pm,32,1,Daylight,Snow/Ice/Severe,1,2,['Rear_Seat'],['Child_Safety'],0,0,Valid,1.0,0.0,32.0,32.0,['Female'],3,0,3,4,3,Icy/Snowy,Straight,Level,Lowest,No
18807,27,Minnesota,270034,1,1,1,0,1,EDEN PRAIRIE,March,20,Monday,7,8,Urban,Medium Speed (Collector),No,44.86220556,-93.48514722,Complex/Circle,Dawn,Clear,7:00am-7:59am,7,7:00am-7:59am,12,Not Applicable (Not Transported),Not Applicable (Not Transported),1,Twilight,Clear,0,1,[],[],0,0,Valid,0.0,0.0,59.0,59.0,['Female'],0,0,2,4,4,Dry,Straight,Level,Lowest,No
18808,27,Minnesota,270035,0,1,1,0,2,NOT APPLICABLE,March,17,Friday,13,10,Rural,High Speed (Arterial),Yes,46.09500278,-95.8939,Non-Intersection,Daylight,Cloudy,1:00pm-1:59pm,14,1:00pm-1:59pm,27,Not Applicable (Not Transported),Not Applicable (Not Transported),1,Daylight,Reduced Visibility,1,1,['Non_Standard_Risk'],['Shoulder_Lapbelt'],0,0,Valid,0.0,0.0,56.0,56.0,['Male'],2,0,3,4,3,Icy/Snowy,Straight,Grade/Hillcrest,Lowest,No
18809,27,Minnesota,270036,0,2,2,0,3,NOT APPLICABLE,March,18,Saturday,11,45,Rural,High Speed (Arterial),Yes,48.08077222,-96.11649722,Non-Intersection,Daylight,Clear,11:00am-11:59am,45,11:00am-11:59am,54,12:00pm-12:59pm,24,1,Daylight,Clear,1,2,['Driver'],['None_Used'],0,0,Valid,0.0,0.0,86.0,66.0,"['Male', 'Male']",1,0,3,4,5,Icy/Snowy,Straight,Level,Lowest,No
18810,27,Minnesota,270037,0,2,2,0,2,NOT APPLICABLE,March,24,Friday,8,3,Rural,Medium Speed (Collector),No,43.90481389,-92.73860278,Non-Intersection,Daylight,Clear,8:00am-8:59am,3,8:00am-8:59am,13,8:00am-8:59am,52,1,Daylight,Clear,1,1,['Driver'],['Shoulder_Lapbelt'],0,0,Valid,0.0,0.0,83.0,60.0,"['Male', 'Male']",0,0,3,4,5,Dry,Straight,Level,Medium,No
18811,27,Minnesota,270038,0,3,3,0,4,NOT APPLICABLE,March,24,Friday,11,28,Rural,Medium Speed (Collector),No,44.13690278,-92.41707222,Complex/Circle,Daylight,Clear,11:00am-11:59am,28,11:00am-11:59am,39,12:00pm-12:59pm,10,1,Daylight,Clear,1,3,['Driver'],['Shoulder_Lapbelt'],0,0,Valid,0.0,0.0,83.0,17.0,"['Male', 'Male', 'Male']",0,0,4,4,5,Dry,Straight,Level,Lowest,No
18812,27,Minnesota,270041,0,2,2,0,3,NOT APPLICABLE,March,30,Thursday,6,33,Rural,High Speed (Arterial),Yes,45.43472222,-94.61428889,Non-Intersection,Dark - Not Lighted,Cloudy,6:00am-6:59am,33,6:00am-6:59am,40,Unknown,Unknown EMS Hospital Arrival Time,1,Dark - Unlighted,Reduced Visibility,1,2,['Front_Passenger'],['None_Used'],0,0,Valid,0.0,0.0,68.0,35.0,"['Male', 'Male']",0,0,3,4,5,Dry,Straight,Level,Lowest,No
18813,27,Minnesota,270043,0,2,2,0,2,NOT APPLICABLE,April,4,Tuesday,7,29,Rural,High Speed (Arterial),Yes,45.06539444,-94.10164722,Non-Intersection,Daylight,Cloudy,7:00am-7:59am,29,7:00am-7:59am,33,Not Applicable (Not Transported),Not Applicable (Not Transported),1,Daylight,Reduced Visibility,1,1,['Driver'],['Shoulder_Lapbelt'],0,0,Valid,1.0,1.0,46.0,30.0,"['Male', 'Male']",0,0,2,4,5,Dry,Straight,Level,Lowest,No
18814,27,Minnesota,270044,0,1,1,0,2,MINNEAPOLIS,March,27,Monday,3,24,Urban,High Speed (Arterial),Yes,44.89740833,-93.22317778,Non-Intersection,Dark - Lighted,Clear,3:00am-3:59am,27,3:00am-3:59am,35,4:00am-4:59am,35,1,Dark - Lighted,Clear,1,1,['Front_Passenger'],['Shoulder_Lapbelt'],1,1,Valid,1.0,0.0,34.0,34.0,['Male'],0,0,3,4,3,Dry,Straight,Level,Lowest,No