,State_Code,State_Name,Crash_ID,Count_Non_Motorists,Count_Vehicles_Total,Count_Vehicle_Forms,Count_PVH_Involved,Count_Occupants_MV,City_Name,Month_Name,Day_of_Month,Day_of_Week,Crash_Hour,Crash_Minute,Area_Rural_Urban,Road_Functional_Class,On_NHS_Road,Latitude,Longitude,Intersection_Type,Light_Condition,Weather_Condition,Notif_Hour,Notif_Minute,Arrival_Hour,Arrival_Minute,Hospital_Hour,Hospital_Minute,Fatalities_Count,Clean_Light_Condition,Clean_Weather_Condition,Total_Killed,Total_Alive,Fatal_Seats_List,Killed_Restraint_List,Any_Driver_Drinking,Total_Drinking_Drivers,Driver_License_Category,Driver_Max_Prev_Accident_Count,Driver_Max_Prev_Speeding_Count,Max_Driver_Age,Min_Driver_Age,Driver_Sex_List,Total_Exceeding_Limit_Vehicles,Total_Too_Fast_Vehicles,Max_Vehicle_Type_Severity_5,Max_Vehicle_Damage_Rank,Max_Harmful_Event_Severity,Crash_Road_Surface_Condition,Crash_Horizontal_Alignment,Crash_Vertical_Profile,Crash_Impairment_Category,Crash_Vehicle_Defect
18815,27,Minnesota,270045,1,1,1,0,2,SPRING LAKE PARK,April,8,Saturday,22,55,Urban,Medium Speed (Collector),No,45.1141,-93.26360556,Non-Intersection,Dark - Not Lighted,Clear,10:00pm-10:59pm,55,10:00pm-10:59pm,57,Not Applicable (Not Transported),Not Applicable (Not Transported),1,Dark - Unlighted,Clear,0,2,[],[],0,0,Valid,0.0,0.0,29.0,29.0,['Female'],0,0,2,4,4,Dry,Straight,Level,Lowest,No
18816,27,Minnesota,270046,0,2,2,0,3,NOT APPLICABLE,March,27,Monday,11,21,Rural,High Speed (Arterial),Yes,46.48870556,-95.09323056,Complex/Circle,Daylight,Cloudy,11:00am-11:59am,23,11:00am-11:59am,27,12:00pm-12:59pm,22,1,Daylight,Reduced Visibility,1,2,['Front_Passenger'],['Shoulder_Lapbelt'],0,0,Valid,0.0,0.0,58.0,27.0,"['Male', 'Female']",0,0,4,4,5,Dry,Straight,Level,Lowest,No
18817,27,Minnesota,270047,0,1,1,0,1,NOT APPLICABLE,April,1,Saturday,12,52,Rural,High Speed (Arterial),Yes,46.42023056,-94.29046111,Complex/Circle,Daylight,Clear,12:00pm-12:59pm,52,1:00pm-1:59pm,14,2:00pm-2:59pm,38,1,Daylight,Clear,1,0,['Driver'],['None_Used'],1,1,Invalid,1.0,0.0,42.0,42.0,['Male'],0,0,5,4,3,Dry,Straight,Level,Lowest,No
18818,27,Minnesota,270048,0,1,1,0,1,NOT APPLICABLE,April,14,Friday,21,15,Rural,Low Speed (Local),No,45.73001944,-92.91958056,Non-Intersection,Dark - Not Lighted,Clear,1:00pm-1:59pm,0,Unknown EMS Scene Arrival Hour,Unknown EMS Scene Arrival Minutes,Not Applicable (Not Transported),Not Applicable (Not Transported),1,Dark - Unlighted,Clear,1,0,['Driver'],['Shoulder_Lapbelt'],1,1,Valid,0.0,0.0,56.0,56.0,['Male'],0,0,2,0,4,Loose/Unpaved,Curve,Level,Lowest,No
18819,27,Minnesota,270049,0,2,2,0,2,LAKEVILLE,April,15,Saturday,1,28,Urban,High Speed (Arterial),Yes,44.65971389,-93.29403056,Non-Intersection,Dark - Not Lighted,Clear,1:00am-1:59am,40,1:00am-1:59am,45,Not Applicable (Not Transported),Not Applicable (Not Transported),1,Dark - Unlighted,Clear,1,1,['Driver'],['None_Used'],1,1,Valid,1.0,0.0,44.0,39.0,"['Male', 'Male']",1,0,4,4,5,Dry,Straight,Level,Lowest,No
18820,27,Minnesota,270050,0,1,1,0,2,ST. PAUL,April,16,Sunday,4,39,Urban,Medium Speed (Collector),No,44.90942222,-93.15410278,Non-Intersection,Dark - Lighted,Sleet or Hail,4:00am-4:59am,56,5:00am-5:59am,4,Not Applicable (Not Transported),Not Applicable (Not Transported),2,Dark - Lighted,Snow/Ice/Severe,2,0,"['Driver', 'Front_Passenger']","['None_Used', 'None_Used']",1,1,Valid,0.0,0.0,29.0,29.0,['Male'],0,0,3,4,3,Icy/Snowy,Curve,Level,Lowest,No
18821,27,Minnesota,270053,1,1,1,0,2,MINNEAPOLIS,April,24,Monday,6,48,Urban,Medium Speed (Collector),No,44.95207222,-93.24735833,Complex/Circle,Daylight,Clear,6:00am-6:59am,46,6:00am-6:59am,51,Not Applicable (Not Transported),Not Applicable (Not Transported),1,Daylight,Clear,0,2,[],[],0,0,Valid,0.0,0.0,46.0,46.0,['Male'],0,0,1,2,4,Dry,Straight,Level,Lowest,No
18822,27,Minnesota,270054,0,2,2,0,3,NOT APPLICABLE,April,20,Thursday,16,29,Rural,Medium Speed (Collector),No,47.75941389,-92.37834167,Non-Intersection,Daylight,Snow,4:00pm-4:59pm,32,4:00pm-4:59pm,46,5:00pm-5:59pm,39,2,Daylight,Snow/Ice/Severe,2,1,"['Driver', 'Front_Passenger']","['Shoulder_Lapbelt', 'Shoulder_Lapbelt']",0,0,Valid,0.0,0.0,67.0,35.0,"['Female', 'Male']",2,0,3,4,5,Icy/Snowy,Straight,Level,Lowest,No
18823,27,Minnesota,270055,0,2,2,0,2,CHANHASSEN,April,24,Monday,11,20,Urban,Medium Speed (Collector),No,44.84620556,-93.53858333,Complex/Circle,Daylight,Clear,11:00am-11:59am,20,11:00am-11:59am,25,12:00pm-12:59pm,25,1,Daylight,Clear,1,1,['Driver'],['Shoulder_Lapbelt'],0,0,Valid,0.0,0.0,71.0,52.0,"['Female', 'Male']",0,0,3,4,5,Dry,Straight,Level,Lowest,No
18824,27,Minnesota,270056,0,2,2,0,2,NOT APPLICABLE,April,25,Tuesday,16,20,Rural,Medium Speed (Collector),No,43.73146389,-94.34782222,Complex/Circle,Daylight,Clear,4:00pm-4:59pm,20,4:00pm-4:59pm,25,Not Applicable (Not Transported),Not Applicable (Not Transported),1,Daylight,Clear,1,1,['Driver'],['None_Used'],0,0,Valid,0.0,2.0,38.0,30.0,"['Male', 'Male']",0,0,5,4,5,Dry,Straight,Level,Lowest,No
18825,27,Minnesota,270057,0,3,3,0,4,MANKATO,April,19,Wednesday,16,58,Urban,Medium Speed (Collector),No,44.16876944,-93.94890278,Complex/Circle,Daylight,Cloudy,4:00pm-4:59pm,58,5:00pm-5:59pm,8,5:00pm-5:59pm,53,1,Daylight,Reduced Visibility,1,3,['Driver'],['Shoulder_Lapbelt'],0,0,Valid,1.0,0.0,94.0,43.0,"['Female', 'Male', 'Male']",0,0,3,4,5,Dry,Straight,Level,Lowest,No
18826,27,Minnesota,270059,0,2,2,0,5,NOT APPLICABLE,May,3,Wednesday,21,9,Rural,Medium Speed (Collector),No,45.429675,-93.81923333,Complex/Circle,Dark - Lighted,Clear,9:00pm-9:59pm,9,9:00pm-9:59pm,30,10:00pm-10:59pm,30,1,Dark - Lighted,Clear,1,4,['Driver'],['None_Used'],1,1,Valid,0.0,0.0,45.0,39.0,"['Male', 'Male']",0,0,3,4,5,Dry,Straight,Level,Lowest,No
18827,27,Minnesota,270060,0,1,1,0,1,NOT APPLICABLE,April,29,Saturday,12,51,Rural,High Speed (Arterial),Yes,46.95537222,-92.4566,Non-Intersection,Daylight,Cloudy,12:00pm-12:59pm,52,1:00pm-1:59pm,2,Not Applicable (Not Transported),Not Applicable (Not Transported),1,Daylight,Reduced Visibility,1,0,['Driver'],['Shoulder_Lapbelt'],0,0,Valid,0.0,0.0,31.0,31.0,['Male'],0,0,4,4,3,Dry,Curve,Grade/Hillcrest,Lowest,No
18828,27,Minnesota,270061,0,2,2,0,4,LAKEVILLE,April,9,Sunday,13,31,Urban,Medium Speed (Collector),No,44.70740278,-93.2923,Simple Junction,Daylight,Clear,1:00pm-1:59pm,32,1:00pm-1:59pm,37,2:00pm-2:59pm,2,1,Daylight,Clear,1,3,['Front_Passenger'],['Shoulder_Lapbelt'],0,0,Valid,0.0,0.0,82.0,60.0,"['Male', 'Male']",0,0,3,4,5,Dry,Straight,Level,Lowest,No
18829,27,Minnesota,270062,0,2,2,0,2,COON RAPIDS,May,4,Thursday,19,54,Urban,Medium Speed (Collector),No,45.2075,-93.35783333,Complex/Circle,Daylight,Clear,7:00pm-7:59pm,54,7:00pm-7:59pm,56,8:00pm-8:59pm,25,1,Daylight,Clear,1,1,['Driver'],['None_Used'],0,0,Invalid,1.0,1.0,31.0,25.0,"['Female', 'Male']",1,0,5,4,5,Dry,Straight,Level,Lowest,No
18830,27,Minnesota,270063,0,1,1,0,2,NORTH BRANCH,May,6,Saturday,11,38,Urban,High Speed (Arterial),Yes,45.54014444,-92.99094444,Non-Intersection,Daylight,Cloudy,11:00am-11:59am,39,11:00am-11:59am,43,12:00pm-12:59pm,19,1,Daylight,Reduced Visibility,1,1,['Driver'],['None_Used'],0,0,Invalid,1.0,0.0,37.0,37.0,['Male'],2,0,3,4,3,Dry,Straight,Level,Lowest,No
18831,27,Minnesota,270064,0,1,1,0,2,NOT APPLICABLE,May,2,Tuesday,18,25,Rural,High Speed (Arterial),Yes,43.95110556,-92.04926667,Non-Intersection,Daylight,Clear,6:00pm-6:59pm,25,6:00pm-6:59pm,29,7:00pm-7:59pm,20,1,Daylight,Clear,1,1,['Front_Passenger'],['Shoulder_Lapbelt'],0,0,Valid,0.0,0.0,40.0,40.0,['Male'],2,0,3,4,3,Dry,Curve,Level,Lowest,No
18832,27,Minnesota,270065,0,2,2,0,4,NOT APPLICABLE,May,8,Monday,10,38,Rural,Medium Speed (Collector),No,45.235225,-94.99281389,Complex/Circle,Daylight,Clear,10:00am-10:59am,38,10:00am-10:59am,51,12:00pm-12:59pm,25,1,Daylight,Clear,1,3,['Driver'],['None_Used'],0,0,Invalid,0.0,0.0,79.0,28.0,"['Male', 'Female']",0,0,3,4,5,Dry,Curve,Grade/Hillcrest,Lowest,No
18833,27,Minnesota,270066,0,1,1,0,1,TWO HARBORS,May,5,Friday,14,2,Rural,High Speed (Arterial),Yes,47.02744167,-91.66206389,Non-Intersection,Daylight,Clear,2:00pm-2:59pm,4,2:00pm-2:59pm,8,2:00pm-2:59pm,19,1,Daylight,Clear,1,0,['Driver'],['Shoulder_Lapbelt'],0,0,Valid,0.0,0.0,47.0,47.0,['Female'],0,0,3,4,1,Dry,Straight,Level,Lowest,No
18834,27,Minnesota,270067,0,2,2,0,2,MINNETONKA MILLS,May,8,Monday,15,7,Urban,Medium Speed (Collector),No,44.97817222,-93.44964167,Non-Intersection,Daylight,Clear,3:00pm-3:59pm,11,3:00pm-3:59pm,24,3:00pm-3:59pm,35,1,Daylight,Clear,1,1,['Driver'],['Shoulder_Lapbelt'],0,0,Valid,0.0,0.0,78.0,29.0,"['Female', 'Male']",0,0,4,4,5,Dry,Curve,Level,Lowest,No
18835,27,Minnesota,270068,0,2,2,0,3,MINNEAPOLIS,May,9,Tuesday,1,45,Urban,High Speed (Arterial),Yes,44.95563889,-93.24335833,Complex/Circle,Dark - Lighted,Clear,1:00am-1:59am,49,1:00am-1:59am,48,1:00am-1:59am,57,1,Dark - Lighted,Clear,1,2,['Driver'],['None_Used'],0,0,Valid,0.0,0.0,45.0,42.0,"['Male', 'Male']",0,0,5,4,5,Dry,Straight,Level,Lowest,No
18836,27,Minnesota,270069,0,2,2,0,5,MOORHEAD,May,7,Sunday,11,29,Urban,High Speed (Arterial),Yes,46.84765556,-96.78065556,Non-Intersection,Daylight,Cloudy,11:00am-11:59am,30,11:00am-11:59am,30,Not Applicable (Not Transported),Not Applicable (Not Transported),1,Daylight,Reduced Visibility,1,4,['Front_Passenger'],['None_Used'],0,0,Valid,0.0,0.0,63.0,35.0,"['Male', 'Male']",0,0,3,4,2,Dry,Straight,Level,Lowest,No
18837,27,Minnesota,270070,0,2,2,0,2,NOT APPLICABLE,May,5,Friday,16,31,Rural,Medium Speed (Collector),No,46.80434722,-96.67735556,Complex/Circle,Daylight,Clear,4:00pm-4:59pm,32,4:00pm-4:59pm,43,5:00pm-5:59pm,22,1,Daylight,Clear,1,1,['Driver'],['Shoulder_Lapbelt'],0,0,Valid,0.0,0.0,75.0,19.0,"['Male', 'Male']",1,0,3,4,5,Dry,Straight,Level,Lowest,No
18838,27,Minnesota,270071,0,1,1,0,1,NOT APPLICABLE,May,5,Friday,18,46,Rural,Medium Speed (Collector),No,45.28180278,-94.0945,Non-Intersection,Daylight,Cloudy,6:00pm-6:59pm,46,6:00pm-6:59pm,55,7:00pm-7:59pm,55,1,Daylight,Reduced Visibility,1,0,['Driver'],['None_Used'],1,1,Valid,0.0,1.0,39.0,39.0,['Male'],1,0,5,4,3,Dry,Straight,Level,Lowest,No
18839,27,Minnesota,270072,1,1,1,0,1,CHANHASSEN,May,12,Friday,22,29,Urban,Low Speed (Local),No,44.86508611,-93.54021944,Simple Junction,Dark - Lighted,Rain,10:00pm-10:59pm,30,10:00pm-10:59pm,35,10:00pm-10:59pm,55,1,Dark - Lighted,Rain/Wind/Minor,0,1,[],[],1,1,Valid,1.0,1.0,23.0,23.0,['Female'],0,0,2,3,4,Wet/Standing Water,Curve,Level,Lowest,No
18840,27,Minnesota,270073,1,1,1,0,1,MINNEAPOLIS,May,14,Sunday,3,26,Urban,High Speed (Arterial),Yes,44.9557,-93.24321944,Complex/Circle,Dark - Lighted,Rain,3:00am-3:59am,28,3:00am-3:59am,37,Not Applicable (Not Transported),Not Applicable (Not Transported),1,Dark - Lighted,Rain/Wind/Minor,0,0,[],[],0,0,Invalid,0.0,0.0,999.0,999.0,['Other'],0,0,1,0,4,Wet/Standing Water,Straight,Level,Lowest,No
18841,27,Minnesota,270074,0,1,1,0,2,MINNEAPOLIS,May,13,Saturday,14,58,Urban,Medium Speed (Collector),No,45.04840833,-93.28505,Non-Intersection,Daylight,Cloudy,2:00pm-2:59pm,59,3:00pm-3:59pm,8,3:00pm-3:59pm,8,1,Daylight,Reduced Visibility,1,1,['Front_Passenger'],['Shoulder_Lapbelt'],1,1,Valid,0.0,0.0,26.0,26.0,['Male'],2,0,2,4,3,Dry,Straight,Level,Lowest,Yes
18842,27,Minnesota,270075,0,2,2,0,2,MINNEAPOLIS,April,22,Saturday,13,0,Urban,Medium Speed (Collector),No,45.01322222,-93.29313611,Complex/Circle,Daylight,Clear,Unknown,Unknown,Unknown EMS Scene Arrival Hour,Unknown EMS Scene Arrival Minutes,Unknown,Unknown EMS Hospital Arrival Time,1,Daylight,Clear,1,1,['Driver'],['Shoulder_Lapbelt'],0,0,Valid,0.0,1.0,79.0,29.0,"['Female', 'Female']",0,0,3,4,5,Dry,Straight,Level,Lowest,No
18843,27,Minnesota,270077,0,2,2,0,2,NORTH BRANCH,May,3,Wednesday,9,15,Urban,Medium Speed (Collector),No,45.49519167,-92.98082222,Non-Intersection,Daylight,Clear,9:00am-9:59am,19,9:00am-9:59am,23,10:00am-10:59am,3,1,Daylight,Clear,1,1,['Driver'],['Shoulder_Lapbelt'],1,2,Invalid,0.0,0.0,58.0,56.0,"['Male', 'Male']",0,0,3,4,5,Dry,Straight,Level,Lowest,No
18844,27,Minnesota,270078,0,2,2,0,2,OAKDALE,May,10,Wednesday,21,25,Urban,Medium Speed (Collector),No,44.96327222,-92.96865833,Complex/Circle,Dark - Lighted,Clear,9:00pm-9:59pm,25,9:00pm-9:59pm,26,9:00pm-9:59pm,45,1,Dark - Lighted,Clear,1,1,['Driver'],['None_Used'],1,1,Valid,0.0,0.0,34.0,28.0,"['Female', 'Male']",0,0,5,4,5,Dry,Straight,Grade/Hillcrest,Lowest,No
18845,27,Minnesota,270079,0,2,2,0,2,NOT APPLICABLE,May,10,Wednesday,18,50,Rural,High Speed (Arterial),Yes,46.28208889,-92.82202222,Non-Intersection,Daylight,Clear,7:00pm-7:59pm,3,7:00pm-7:59pm,20,8:00pm-8:59pm,17,1,Daylight,Clear,1,1,['Driver'],['Shoulder_Lapbelt'],1,1,Valid,0.0,1.0,61.0,19.0,"['Female', 'Male']",1,0,3,4,5,Dry,Straight,Level,Lowest,No
18846,27,Minnesota,270080,0,1,1,0,1,NORTHFIELD,May,20,Saturday,11,8,Urban,High Speed (Arterial),Yes,44.456725,-93.18756111,Non-Intersection,Daylight,Clear,11:00am-11:59am,8,11:00am-11:59am,12,Not Applicable (Not Transported),Not Applicable (Not Transported),1,Daylight,Clear,1,0,['Driver'],['Shoulder_Lapbelt'],0,0,Valid,1.0,0.0,23.0,23.0,['Male'],1,0,2,4,3,Dry,Straight,Level,Lowest,No
18847,27,Minnesota,270081,0,2,2,0,2,BLOOMINGTON,May,17,Wednesday,16,14,Urban,High Speed (Arterial),Yes,44.83371667,-93.29512778,Non-Intersection,Daylight,Cloudy,4:00pm-4:59pm,17,4:00pm-4:59pm,33,5:00pm-5:59pm,17,1,Daylight,Reduced Visibility,1,1,['Driver'],['Shoulder_Lapbelt'],0,0,Valid,1.0,1.0,79.0,29.0,"['Male', 'Male']",0,0,4,4,5,Dry,Straight,Level,Lowest,No
18848,27,Minnesota,270082,0,2,2,0,3,NOT APPLICABLE,May,21,Sunday,13,31,Rural,Medium Speed (Collector),No,45.38636389,-94.747975,Non-Intersection,Daylight,Clear,1:00pm-1:59pm,31,1:00pm-1:59pm,37,2:00pm-2:59pm,38,2,Daylight,Clear,2,1,"['Driver', 'Rear_Seat']","['None_Used', 'None_Used']",0,0,Valid,1.0,0.0,60.0,53.0,"['Male', 'Male']",0,0,5,4,5,Dry,Curve,Grade/Hillcrest,Lowest,No
18849,27,Minnesota,270084,0,1,1,0,4,NOT APPLICABLE,May,25,Thursday,20,40,Rural,Low Speed (Local),No,44.68775278,-93.62404167,Non-Intersection,Daylight,Clear,8:00pm-8:59pm,45,9:00pm-9:59pm,0,Not Applicable (Not Transported),Not Applicable (Not Transported),1,Daylight,Clear,1,3,['Rear_Seat'],['None_Used'],0,0,Valid,0.0,0.0,17.0,17.0,['Male'],0,0,3,4,3,Loose/Unpaved,Curve,Level,Lowest,No
18850,27,Minnesota,270085,0,2,2,0,2,RAMSEY,May,27,Saturday,9,32,Urban,Medium Speed (Collector),No,45.25052222,-93.40651667,Non-Intersection,Daylight,Clear,9:00am-9:59am,32,9:00am-9:59am,32,Not Applicable (Not Transported),Not Applicable (Not Transported),1,Daylight,Clear,1,1,['Driver'],['None_Used'],0,0,Valid,2.0,5.0,44.0,26.0,"['Male', 'Female']",1,0,5,4,5,Dry,Straight,Level,Lowest,No
18851,27,Minnesota,270086,1,1,1,0,2,SOUTH ST PAUL,May,29,Monday,23,55,Urban,Medium Speed (Collector),No,44.86415,-93.02331389,Simple Junction,Dark - Not Lighted,Clear,0:00am-0:59am,0,0:00am-0:59am,5,1:00am-1:59am,25,1,Dark - Unlighted,Clear,0,2,[],[],0,0,Valid,0.0,0.0,52.0,52.0,['Male'],0,0,3,2,4,Dry,Straight,Level,Lowest,No
18852,27,Minnesota,270087,0,1,1,0,1,NOT APPLICABLE,May,28,Sunday,11,28,Rural,High Speed (Arterial),Yes,43.54425,-93.35555278,Non-Intersection,Daylight,Clear,11:00am-11:59am,28,11:00am-11:59am,29,Not Applicable (Not Transported),Not Applicable (Not Transported),1,Daylight,Clear,1,0,['Driver'],['None_Used'],0,0,Valid,0.0,0.0,63.0,63.0,['Male'],0,0,5,4,3,Dry,Curve,Level,Lowest,No
18853,27,Minnesota,270088,0,1,1,0,1,NEW BRIGHTON,May,18,Thursday,15,9,Urban,High Speed (Arterial),Yes,45.05017222,-93.18853333,Non-Intersection,Daylight,Cloudy,3:00pm-3:59pm,10,3:00pm-3:59pm,20,3:00pm-3:59pm,45,1,Daylight,Reduced Visibility,1,0,['Driver'],['Shoulder_Lapbelt'],1,1,Valid,0.0,0.0,61.0,61.0,['Male'],0,0,2,4,3,Dry,Straight,Level,Medium,No
18854,27,Minnesota,270089,0,3,3,0,4,OAKDALE,June,1,Thursday,2,24,Urban,High Speed (Arterial),Yes,44.97921111,-92.959525,Non-Intersection,Dark - Lighted,Cloudy,2:00am-2:59am,29,2:00am-2:59am,40,Unknown,Unknown EMS Hospital Arrival Time,3,Dark - Lighted,Reduced Visibility,3,1,"['Driver', 'Driver', 'Rear_Seat']","['None_Used', 'None_Used', 'Child_Safety']",1,1,Invalid,2.0,3.0,35.0,28.0,"['Male', 'Male', 'Male']",0,0,3,4,5,Dry,Straight,Level,Lowest,No
18855,27,Minnesota,270090,0,2,2,0,3,BUFFALO,June,1,Thursday,9,52,Urban,High Speed (Arterial),Yes,45.19404167,-93.87384444,Complex/Circle,Daylight,Clear,9:00am-9:59am,53,9:00am-9:59am,55,10:00am-10:59am,10,1,Daylight,Clear,1,2,['Driver'],['Shoulder_Lapbelt'],0,0,Valid,0.0,0.0,88.0,63.0,"['Male', 'Female']",2,0,3,4,5,Dry,Straight,Level,Lowest,No
18856,27,Minnesota,270091,0,2,2,0,3,EAST BETHEL,June,1,Thursday,13,24,Urban,Medium Speed (Collector),No,45.31950556,-93.19640833,Non-Intersection,Daylight,Clear,1:00pm-1:59pm,26,1:00pm-1:59pm,39,2:00pm-2:59pm,5,1,Daylight,Clear,1,2,['Driver'],['Shoulder_Lapbelt'],1,1,Valid,0.0,0.0,53.0,28.0,"['Male', 'Male']",0,0,3,4,5,Dry,Straight,Level,Lowest,No
18857,27,Minnesota,270092,0,1,1,0,1,NOT APPLICABLE,May,3,Wednesday,21,15,Rural,Low Speed (Local),No,46.67138333,-96.17351389,Non-Intersection,Dark - Not Lighted,Clear,9:00pm-9:59pm,15,9:00pm-9:59pm,30,Not Applicable (Not Transported),Not Applicable (Not Transported),1,Dark - Unlighted,Clear,1,0,['Driver'],['None_Used'],1,1,Valid,1.0,0.0,65.0,65.0,['Male'],0,0,3,4,3,Loose/Unpaved,Straight,Grade/Hillcrest,Lowest,No
18858,27,Minnesota,270093,0,1,1,0,1,PRINCETON,May,29,Monday,19,37,Rural,High Speed (Arterial),Yes,45.56109444,-93.59621667,Non-Intersection,Daylight,Clear,7:00pm-7:59pm,37,7:00pm-7:59pm,42,Not Applicable (Not Transported),Not Applicable (Not Transported),1,Daylight,Clear,1,0,['Driver'],['None_Used'],1,1,Valid,0.0,0.0,71.0,71.0,['Male'],1,0,5,4,3,Dry,Curve,Level,Lowest,No
18859,27,Minnesota,270094,0,2,2,0,3,NOT APPLICABLE,June,2,Friday,17,31,Rural,Medium Speed (Collector),No,45.90400833,-92.96018889,Complex/Circle,Daylight,Clear,5:00pm-5:59pm,34,5:00pm-5:59pm,40,6:00pm-6:59pm,2,1,Daylight,Clear,1,2,['Driver'],['None_Used'],1,1,Valid,1.0,0.0,76.0,60.0,"['Male', 'Male']",0,0,5,4,5,Dry,Straight,Level,Lowest,No
18860,27,Minnesota,270095,0,1,1,0,1,LAUDERDALE,June,3,Saturday,1,43,Urban,High Speed (Arterial),Yes,44.99638611,-93.20610278,Non-Intersection,Dark - Lighted,Clear,1:00am-1:59am,43,1:00am-1:59am,48,Not Applicable (Not Transported),Not Applicable (Not Transported),1,Dark - Lighted,Clear,1,0,['Driver'],['None_Used'],0,0,Valid,0.0,2.0,56.0,56.0,['Male'],1,0,2,4,3,Dry,Straight,Level,Lowest,No
18861,27,Minnesota,270096,0,2,2,0,2,NOT APPLICABLE,June,3,Saturday,13,55,Rural,Medium Speed (Collector),No,45.42953889,-93.73570278,Complex/Circle,Daylight,Clear,2:00pm-2:59pm,4,2:00pm-2:59pm,14,Not Applicable (Not Transported),Not Applicable (Not Transported),1,Daylight,Clear,1,1,['Driver'],['None_Used'],0,0,Valid,0.0,1.0,65.0,51.0,"['Male', 'Male']",0,0,5,4,5,Dry,Straight,Level,Lowest,No
18862,27,Minnesota,270097,0,1,1,0,1,NOT APPLICABLE,June,4,Sunday,1,32,Rural,Medium Speed (Collector),No,45.75288056,-94.97506389,Non-Intersection,Dark - Not Lighted,Clear,1:00am-1:59am,32,1:00am-1:59am,45,1:00am-1:59am,59,1,Dark - Unlighted,Clear,1,0,['Driver'],['Shoulder_Lapbelt'],1,1,Valid,0.0,2.0,24.0,24.0,['Male'],0,0,3,4,3,Dry,Straight,Level,Lowest,No
18863,27,Minnesota,270098,0,1,1,0,1,NOT APPLICABLE,June,4,Sunday,0,10,Rural,Medium Speed (Collector),No,44.67342222,-92.91866111,Non-Intersection,Dark - Not Lighted,Clear,0:00am-0:59am,10,0:00am-0:59am,12,Not Applicable (Not Transported),Not Applicable (Not Transported),1,Dark - Unlighted,Clear,1,0,['Driver'],['None_Used'],0,0,Valid,0.0,1.0,38.0,38.0,['Male'],0,0,5,4,3,Dry,Curve,Level,Lowest,No
18864,27,Minnesota,270099,0,2,2,0,4,NOT APPLICABLE,June,4,Sunday,18,0,Rural,Medium Speed (Collector),No,45.66258333,-93.82279167,Complex/Circle,Daylight,Clear,6:00pm-6:59pm,4,6:00pm-6:59pm,21,7:00pm-7:59pm,3,1,Daylight,Clear,1,3,['Driver'],['None_Used'],0,0,Valid,0.0,0.0,57.0,20.0,"['Male', 'Male']",0,0,5,4,5,Dry,Straight,Level,Lowest,No
18865,27,Minnesota,270100,0,2,2,0,4,SOUTH ST PAUL,June,5,Monday,15,20,Urban,Medium Speed (Collector),No,44.86825,-93.02609167,Non-Intersection,Daylight,Clear,3:00pm-3:59pm,20,3:00pm-3:59pm,25,4:00pm-4:59pm,0,1,Daylight,Clear,1,3,['Front_Passenger'],['None_Used'],1,1,Valid,0.0,1.0,55.0,53.0,"['Female', 'Male']",0,0,3,4,5,Dry,Straight,Level,Lowest,No
18866,27,Minnesota,270101,0,2,2,0,2,SCANDIA,June,5,Monday,18,5,Rural,Medium Speed (Collector),No,45.26149167,-92.89026389,Simple Junction,Daylight,Clear,6:00pm-6:59pm,5,6:00pm-6:59pm,15,Not Applicable (Not Transported),Not Applicable (Not Transported),1,Daylight,Clear,1,1,['Driver'],['None_Used'],0,0,Valid,0.0,2.0,31.0,20.0,"['Male', 'Male']",0,0,5,4,5,Dry,Straight,Level,Lowest,No
18867,27,Minnesota,270102,0,2,2,0,5,NOT APPLICABLE,June,3,Saturday,13,7,Rural,High Speed (Arterial),Yes,45.52501389,-93.58356667,Non-Intersection,Daylight,Cloudy,1:00pm-1:59pm,7,1:00pm-1:59pm,17,2:00pm-2:59pm,0,1,Daylight,Reduced Visibility,1,4,['Driver'],['Shoulder_Lapbelt'],1,1,Invalid,1.0,1.0,32.0,23.0,"['Male', 'Male']",5,0,2,4,5,Dry,Straight,Level,Lowest,No
18868,27,Minnesota,270103,0,1,1,0,2,NOT APPLICABLE,June,7,Wednesday,22,12,Rural,High Speed (Arterial),Yes,43.95808333,-94.656725,Non-Intersection,Dark - Not Lighted,Cloudy,10:00pm-10:59pm,12,10:00pm-10:59pm,21,10:00pm-10:59pm,37,1,Dark - Unlighted,Reduced Visibility,1,1,['Driver'],['Shoulder_Lapbelt'],0,0,Valid,0.0,0.0,20.0,20.0,['Female'],0,0,3,4,3,Dry,Curve,Level,Lowest,No
18869,27,Minnesota,270104,1,1,1,0,1,BLOOMINGTON,June,8,Thursday,11,1,Urban,Medium Speed (Collector),No,44.83616111,-93.24943333,Simple Junction,Daylight,Clear,11:00am-11:59am,2,11:00am-11:59am,4,11:00am-11:59am,25,1,Daylight,Clear,0,1,[],[],0,0,Valid,0.0,0.0,20.0,20.0,['Male'],0,0,3,2,4,Dry,Straight,Level,Lowest,No
18870,27,Minnesota,270105,0,2,2,0,4,BEMIDJI,June,2,Friday,19,29,Urban,High Speed (Arterial),Yes,47.46949167,-94.87938056,Complex/Circle,Daylight,Clear,7:00pm-7:59pm,30,7:00pm-7:59pm,35,Not Applicable (Not Transported),Not Applicable (Not Transported),1,Daylight,Clear,1,3,['Driver'],['None_Used'],1,1,Valid,2.0,0.0,65.0,25.0,"['Male', 'Male']",1,0,5,4,5,Dry,Straight,Level,Lowest,No
18871,27,Minnesota,270106,0,1,1,0,1,ST. CLOUD,June,10,Saturday,14,15,Urban,High Speed (Arterial),Yes,45.51725556,-94.22612222,Non-Intersection,Daylight,Not Reported,2:00pm-2:59pm,16,2:00pm-2:59pm,20,2:00pm-2:59pm,40,1,Daylight,Clear,1,0,['Driver'],['None_Used'],0,0,Valid,1.0,2.0,25.0,25.0,['Male'],1,0,5,4,2,Dry,Curve,Grade/Hillcrest,Lowest,No
18872,27,Minnesota,270107,0,1,1,0,1,NOT APPLICABLE,June,11,Sunday,16,27,Rural,Low Speed (Local),No,45.15265,-95.33753611,Non-Intersection,Daylight,Clear,4:00pm-4:59pm,36,4:00pm-4:59pm,44,Not Applicable (Not Transported),Not Applicable (Not Transported),1,Daylight,Clear,1,0,['Driver'],['Shoulder_Lapbelt'],0,0,Valid,0.0,0.0,61.0,61.0,['Male'],0,0,4,4,3,Dry,Straight,Level,Lowest,No