,State_Code,State_Name,Crash_ID,Count_Non_Motorists,Count_Vehicles_Total,Count_Vehicle_Forms,Count_PVH_Involved,Count_Occupants_MV,City_Name,Month_Name,Day_of_Month,Day_of_Week,Crash_Hour,Crash_Minute,Area_Rural_Urban,Road_Functional_Class,On_NHS_Road,Latitude,Longitude,Intersection_Type,Light_Condition,Weather_Condition,Notif_Hour,Notif_Minute,Arrival_Hour,Arrival_Minute,Hospital_Hour,Hospital_Minute,Fatalities_Count,Clean_Light_Condition,Clean_Weather_Condition,Total_Killed,Total_Alive,Fatal_Seats_List,Killed_Restraint_List,Any_Driver_Drinking,Total_Drinking_Drivers,Driver_License_Category,Driver_Max_Prev_Accident_Count,Driver_Max_Prev_Speeding_Count,Max_Driver_Age,Min_Driver_Age,Driver_Sex_List,Total_Exceeding_Limit_Vehicles,Total_Too_Fast_Vehicles,Max_Vehicle_Type_Severity_5,Max_Vehicle_Damage_Rank,Max_Harmful_Event_Severity,Crash_Road_Surface_Condition,Crash_Horizontal_Alignment,Crash_Vertical_Profile,Crash_Impairment_Category,Crash_Vehicle_Defect
18873,27,Minnesota,270108,0,2,2,0,4,NOT APPLICABLE,June,9,Friday,14,24,Rural,Medium Speed (Collector),No,47.10005833,-94.74443333,Non-Intersection,Daylight,Clear,2:00pm-2:59pm,36,2:00pm-2:59pm,52,4:00pm-4:59pm,26,1,Daylight,Clear,1,3,['Driver'],['Shoulder_Lapbelt'],0,0,Valid,0.0,0.0,81.0,39.0,"['Female', 'Male']",0,0,3,4,5,Dry,Straight,Level,Medium,No
18874,27,Minnesota,270110,0,1,1,0,1,NOT APPLICABLE,June,14,Wednesday,8,55,Urban,High Speed (Arterial),Yes,44.89240278,-93.18908889,Simple Junction,Dark - Lighted,Clear,8:00am-8:59am,55,9:00am-9:59am,0,Not Applicable (Not Transported),Not Applicable (Not Transported),1,Dark - Lighted,Clear,1,0,['Driver'],['None_Used'],1,1,Valid,0.0,0.0,19.0,19.0,['Male'],1,0,5,4,3,Dry,Curve,Level,Lowest,No
18875,27,Minnesota,270111,0,2,2,0,3,NOT APPLICABLE,May,13,Saturday,11,51,Rural,Medium Speed (Collector),No,47.23860556,-95.97585833,Complex/Circle,Daylight,Clear,11:00am-11:59am,52,12:00pm-12:59pm,3,12:00pm-12:59pm,46,2,Daylight,Clear,2,1,"['Driver', 'Driver']","['None_Used', 'Shoulder_Lapbelt']",0,0,Valid,0.0,1.0,86.0,74.0,"['Male', 'Male']",0,0,3,4,5,Dry,Straight,Level,Lowest,No
18876,27,Minnesota,270112,0,1,1,0,1,NOT APPLICABLE,June,16,Friday,3,29,Rural,Medium Speed (Collector),No,45.91825833,-95.28924444,Non-Intersection,Dark - Not Lighted,Clear,3:00am-3:59am,29,3:00am-3:59am,38,Not Applicable (Not Transported),Not Applicable (Not Transported),1,Dark - Unlighted,Clear,1,0,['Driver'],['None_Used'],1,1,Valid,0.0,0.0,17.0,17.0,['Male'],1,0,3,4,3,Dry,Straight,Level,Lowest,No
18877,27,Minnesota,270113,0,2,2,0,2,NOT APPLICABLE,June,6,Tuesday,23,16,Rural,Medium Speed (Collector),No,44.38709444,-92.97996389,Non-Intersection,Dark - Not Lighted,Cloudy,11:00pm-11:59pm,16,0:00am-0:59am,0,Not Applicable (Not Transported),Not Applicable (Not Transported),1,Dark - Unlighted,Reduced Visibility,1,1,['Driver'],['Shoulder_Lapbelt'],0,0,Valid,0.0,0.0,48.0,19.0,"['Female', 'Male']",0,0,5,4,5,Dry,Straight,Grade/Hillcrest,Lowest,No
18878,27,Minnesota,270114,0,1,1,0,1,NOT APPLICABLE,May,20,Saturday,21,47,Rural,Medium Speed (Collector),No,45.98339167,-94.01560833,Non-Intersection,Dark - Not Lighted,Clear,9:00pm-9:59pm,47,9:00pm-9:59pm,50,10:00pm-10:59pm,50,1,Dark - Unlighted,Clear,1,0,['Driver'],['None_Used'],0,0,Invalid,0.0,0.0,47.0,47.0,['Male'],0,0,5,0,1,Dry,Straight,Level,Lowest,No
18879,27,Minnesota,270115,0,1,1,0,1,PRINSBURG,June,14,Wednesday,12,20,Rural,Medium Speed (Collector),No,44.93503056,-95.1956,Non-Intersection,Daylight,Clear,12:00pm-12:59pm,20,12:00pm-12:59pm,31,1:00pm-1:59pm,42,1,Daylight,Clear,1,0,['Driver'],['Shoulder_Lapbelt'],1,1,Valid,0.0,3.0,76.0,76.0,['Male'],0,0,3,4,3,Dry,Curve,Level,Lowest,No
18880,27,Minnesota,270116,0,2,2,0,6,MINNEAPOLIS,June,17,Saturday,22,11,Urban,Medium Speed (Collector),No,44.94843889,-93.274125,Complex/Circle,Dark - Lighted,Clear,0:00am-0:59am,0,Unknown EMS Scene Arrival Hour,Unknown EMS Scene Arrival Minutes,Unknown,Unknown EMS Hospital Arrival Time,5,Dark - Lighted,Clear,5,1,"['Driver', 'Front_Passenger', 'Front_Passenger', 'Front_Passenger', 'Front_Passenger']","['Shoulder_Lapbelt', 'Shoulder_Lapbelt', 'Shoulder_Lapbelt', 'Shoulder_Lapbelt', 'Shoulder_Lapbelt']",0,0,Valid,0.0,0.0,27.0,20.0,"['Male', 'Female']",1,0,3,4,5,Dry,Straight,Level,Lowest,No
18881,27,Minnesota,270117,0,2,2,0,2,AFTON,June,17,Saturday,3,31,Urban,High Speed (Arterial),Yes,44.94849444,-92.86116944,Non-Intersection,Dark - Lighted,Clear,3:00am-3:59am,35,3:00am-3:59am,43,Unknown,Unknown EMS Hospital Arrival Time,1,Dark - Lighted,Clear,1,1,['Driver'],['Shoulder_Lapbelt'],1,1,Valid,0.0,0.0,69.0,23.0,"['Male', 'Male']",0,0,4,4,5,Dry,Straight,Level,Lowest,No
18882,27,Minnesota,270119,0,1,1,0,2,NOT APPLICABLE,June,17,Saturday,21,1,Rural,Medium Speed (Collector),No,43.72907778,-91.69118611,Non-Intersection,Dusk,Clear,9:00pm-9:59pm,6,9:00pm-9:59pm,17,10:00pm-10:59pm,38,1,Twilight,Clear,1,1,['Driver'],['None_Used'],0,0,Valid,1.0,1.0,19.0,19.0,['Male'],2,0,3,4,3,Dry,Curve,Level,Lowest,No
18883,27,Minnesota,270120,0,2,2,0,2,WAITE PARK,June,18,Sunday,14,55,Urban,Medium Speed (Collector),No,45.54884167,-94.21909444,Non-Intersection,Daylight,Clear,2:00pm-2:59pm,58,3:00pm-3:59pm,5,3:00pm-3:59pm,20,1,Daylight,Clear,1,1,['Driver'],['None_Used'],0,0,Valid,2.0,6.0,81.0,30.0,"['Female', 'Male']",1,0,5,4,5,Dry,Straight,Level,Lowest,No
18884,27,Minnesota,270121,0,2,2,0,3,NOT APPLICABLE,June,18,Sunday,10,45,Rural,Medium Speed (Collector),No,45.35901667,-94.84556667,Non-Intersection,Daylight,Rain,10:00am-10:59am,45,10:00am-10:59am,56,11:00am-11:59am,49,3,Daylight,Rain/Wind/Minor,3,0,"['Driver', 'Driver', 'Front_Passenger']","['Shoulder_Lapbelt', 'Shoulder_Lapbelt', 'Shoulder_Lapbelt']",1,1,Valid,0.0,1.0,72.0,51.0,"['Female', 'Male']",0,0,3,4,5,Wet/Standing Water,Straight,Level,Lowest,No
18885,27,Minnesota,270122,0,1,1,0,1,NOT APPLICABLE,June,19,Monday,16,49,Rural,Medium Speed (Collector),No,45.93425,-96.0014,Non-Intersection,Daylight,Clear,4:00pm-4:59pm,49,5:00pm-5:59pm,0,Not Applicable (Not Transported),Not Applicable (Not Transported),1,Daylight,Clear,1,0,['Driver'],['None_Used'],0,0,Valid,0.0,0.0,75.0,75.0,['Female'],0,0,3,4,3,Loose/Unpaved,Straight,Level,Lowest,No
18886,27,Minnesota,270123,0,1,1,0,1,NOT APPLICABLE,June,20,Tuesday,5,35,Rural,Medium Speed (Collector),No,43.63818611,-91.67985278,Non-Intersection,Dawn,"Fog, Smog, Smoke",5:00am-5:59am,40,5:00am-5:59am,52,Not Applicable (Not Transported),Not Applicable (Not Transported),1,Twilight,Reduced Visibility,1,0,['Driver'],['None_Used'],0,0,Invalid,0.0,0.0,50.0,50.0,['Male'],0,0,3,4,3,Dry,Curve,Level,Lowest,No
18887,27,Minnesota,270124,0,2,2,0,2,DULUTH,June,12,Monday,8,23,Urban,Medium Speed (Collector),No,46.82207222,-92.12571667,Non-Intersection,Daylight,Clear,8:00am-8:59am,23,8:00am-8:59am,29,Not Applicable (Not Transported),Not Applicable (Not Transported),1,Daylight,Clear,1,1,['Driver'],['None_Used'],0,0,Valid,2.0,1.0,20.0,19.0,"['Male', 'Female']",1,0,5,4,5,Dry,Straight,Level,Lowest,No
18888,27,Minnesota,270125,0,2,2,0,3,CLEAR LAKE,June,18,Sunday,11,30,Rural,High Speed (Arterial),Yes,45.44671111,-93.99610278,Complex/Circle,Daylight,Clear,Unknown,Unknown,Unknown EMS Scene Arrival Hour,Unknown EMS Scene Arrival Minutes,Unknown,Unknown EMS Hospital Arrival Time,1,Daylight,Clear,1,2,['Driver'],['None_Used'],0,0,Invalid,0.0,1.0,77.0,60.0,"['Male', 'Male']",0,0,3,4,5,Dry,Straight,Level,Lowest,No
18889,27,Minnesota,270126,0,2,2,0,2,BROOKLYN PARK,June,25,Sunday,17,25,Urban,Medium Speed (Collector),No,45.10871667,-93.31148333,Complex/Circle,Daylight,Cloudy,5:00pm-5:59pm,25,5:00pm-5:59pm,35,6:00pm-6:59pm,50,1,Daylight,Reduced Visibility,1,1,['Driver'],['None_Used'],0,0,Invalid,5.0,5.0,70.0,37.0,"['Male', 'Female']",1,0,5,4,5,Dry,Straight,Level,Lowest,No
18890,27,Minnesota,270127,1,2,2,0,2,NOT APPLICABLE,June,18,Sunday,4,5,Rural,Medium Speed (Collector),No,46.74188333,-96.09770833,Non-Intersection,Dark - Not Lighted,Rain,4:00am-4:59am,10,4:00am-4:59am,15,Not Applicable (Not Transported),Not Applicable (Not Transported),1,Dark - Unlighted,Rain/Wind/Minor,0,2,[],[],0,0,Valid,0.0,0.0,32.0,30.0,"['Female', 'Male']",0,0,3,3,4,Wet/Standing Water,Straight,Level,Medium,No
18891,27,Minnesota,270128,0,1,1,0,1,LITTLE CANADA,June,28,Wednesday,11,30,Urban,High Speed (Arterial),Yes,45.03484444,-93.08704722,Non-Intersection,Daylight,Cloudy,11:00am-11:59am,30,11:00am-11:59am,36,Not Applicable (Not Transported),Not Applicable (Not Transported),1,Daylight,Reduced Visibility,1,0,['Driver'],['None_Used'],0,0,Valid,0.0,1.0,26.0,26.0,['Male'],1,0,5,4,3,Dry,Curve,Level,Lowest,No
18892,27,Minnesota,270129,0,1,1,0,1,NOT APPLICABLE,June,13,Tuesday,17,20,Rural,Medium Speed (Collector),No,44.22534167,-93.43059444,Non-Intersection,Daylight,Clear,5:00pm-5:59pm,20,5:00pm-5:59pm,30,6:00pm-6:59pm,10,1,Daylight,Clear,1,0,['Driver'],['None_Used'],1,1,Valid,0.0,0.0,78.0,78.0,['Male'],0,0,3,4,2,Dry,Straight,Level,Lowest,No
18893,27,Minnesota,270130,0,2,2,0,2,NOT APPLICABLE,June,28,Wednesday,15,55,Rural,Medium Speed (Collector),No,46.97710833,-96.64753611,Complex/Circle,Daylight,Clear,3:00pm-3:59pm,58,4:00pm-4:59pm,15,Not Applicable (Not Transported),Not Applicable (Not Transported),1,Daylight,Clear,1,1,['Driver'],['Shoulder_Lapbelt'],0,0,Valid,0.0,1.0,55.0,18.0,"['Male', 'Female']",0,0,4,4,5,Dry,Straight,Level,Lowest,No
18894,27,Minnesota,270131,0,2,2,0,3,NORTHFIELD,June,30,Friday,10,28,Urban,High Speed (Arterial),Yes,44.45674444,-93.18725278,Non-Intersection,Daylight,Clear,10:00am-10:59am,28,10:00am-10:59am,33,10:00am-10:59am,50,1,Daylight,Clear,1,2,['Driver'],['Shoulder_Lapbelt'],0,0,Valid,0.0,0.0,26.0,26.0,"['Male', 'Male']",0,0,3,4,5,Dry,Straight,Level,Lowest,No
18895,27,Minnesota,270132,0,2,2,0,3,NOT APPLICABLE,July,1,Saturday,15,21,Rural,Medium Speed (Collector),No,45.25374722,-93.71402778,Non-Intersection,Daylight,Clear,3:00pm-3:59pm,23,3:00pm-3:59pm,33,Not Applicable (Not Transported),Not Applicable (Not Transported),1,Daylight,Clear,1,2,['Driver'],['None_Used'],0,0,Valid,0.0,0.0,71.0,28.0,"['Male', 'Male']",0,0,5,4,5,Dry,Straight,Level,Lowest,No
18896,27,Minnesota,270133,0,1,1,0,2,NOT APPLICABLE,July,2,Sunday,4,49,Rural,Medium Speed (Collector),No,43.64486667,-94.17779167,Simple Junction,Dark - Not Lighted,Clear,4:00am-4:59am,49,5:00am-5:59am,0,5:00am-5:59am,40,1,Dark - Unlighted,Clear,1,1,['Driver'],['None_Used'],1,1,Valid,0.0,0.0,28.0,28.0,['Female'],2,0,2,4,3,Dry,Curve,Level,Lowest,No
18897,27,Minnesota,270134,0,1,1,0,1,NOT APPLICABLE,June,28,Wednesday,12,55,Rural,High Speed (Arterial),Yes,43.65156389,-93.96489444,Non-Intersection,Daylight,Clear,12:00pm-12:59pm,57,1:00pm-1:59pm,11,Not Applicable (Not Transported),Not Applicable (Not Transported),1,Daylight,Clear,1,0,['Driver'],['Shoulder_Lapbelt'],0,0,Valid,0.0,0.0,56.0,56.0,['Male'],0,0,4,4,3,Dry,Straight,Level,Lowest,No
18898,27,Minnesota,270135,0,2,2,0,2,NOT APPLICABLE,July,3,Monday,9,47,Rural,Medium Speed (Collector),No,45.48643889,-93.82033056,Complex/Circle,Daylight,Clear,9:00am-9:59am,47,9:00am-9:59am,53,10:00am-10:59am,15,1,Daylight,Clear,1,1,['Driver'],['None_Used'],0,0,Valid,1.0,0.0,60.0,27.0,"['Male', 'Male']",0,0,3,4,5,Dry,Straight,Level,Lowest,No
18899,27,Minnesota,270136,0,1,1,0,1,ST. PAUL,July,4,Tuesday,22,57,Urban,Medium Speed (Collector),No,44.94349722,-93.09607222,Simple Junction,Daylight,Clear,10:00pm-10:59pm,58,10:00pm-10:59pm,59,Not Applicable (Not Transported),Not Applicable (Not Transported),1,Daylight,Clear,1,0,['Driver'],['None_Used'],1,1,Invalid,0.0,0.0,26.0,26.0,['Male'],0,0,5,4,3,Dry,Straight,Level,Lowest,No
18900,27,Minnesota,270137,0,2,2,0,3,NOT APPLICABLE,July,6,Thursday,18,0,Urban,Medium Speed (Collector),No,47.02123611,-92.14561667,Non-Intersection,Daylight,Clear,6:00pm-6:59pm,5,6:00pm-6:59pm,10,7:00pm-7:59pm,45,1,Daylight,Clear,1,2,['Driver'],['None_Used'],0,0,Valid,0.0,0.0,63.0,62.0,"['Male', 'Male']",0,0,5,4,5,Dry,Straight,Level,Lowest,No
18901,27,Minnesota,270138,0,2,2,0,3,HERMANTOWN,July,3,Monday,14,21,Urban,Medium Speed (Collector),No,46.842875,-92.23690833,Non-Intersection,Daylight,Rain,2:00pm-2:59pm,21,2:00pm-2:59pm,33,3:00pm-3:59pm,0,1,Daylight,Rain/Wind/Minor,1,2,['Front_Passenger'],['Shoulder_Lapbelt'],0,0,Valid,0.0,1.0,60.0,29.0,"['Female', 'Female']",0,0,3,4,5,Wet/Standing Water,Straight,Level,Lowest,No
18902,27,Minnesota,270139,0,1,1,0,1,NOT APPLICABLE,June,23,Friday,9,56,Rural,Medium Speed (Collector),No,46.06997778,-94.26231389,Non-Intersection,Daylight,Clear,9:00am-9:59am,56,10:00am-10:59am,6,10:00am-10:59am,30,1,Daylight,Clear,1,0,['Driver'],['None_Used'],0,0,Valid,0.0,0.0,84.0,84.0,['Male'],0,0,5,4,3,Dry,Straight,Level,Lowest,No
18903,27,Minnesota,270140,0,2,2,0,5,NOT APPLICABLE,June,25,Sunday,13,26,Rural,High Speed (Arterial),Yes,46.13905833,-94.58118889,Non-Intersection,Daylight,Cloudy,1:00pm-1:59pm,26,1:00pm-1:59pm,41,2:00pm-2:59pm,4,1,Daylight,Reduced Visibility,1,4,['Driver'],['None_Used'],0,0,Valid,0.0,1.0,66.0,37.0,"['Male', 'Male']",3,0,3,4,5,Dry,Curve,Level,Lowest,No
18904,27,Minnesota,270141,0,2,2,0,3,NOT APPLICABLE,July,7,Friday,6,40,Rural,Medium Speed (Collector),No,44.64994167,-92.95423056,Complex/Circle,Daylight,Cloudy,6:00am-6:59am,45,7:00am-7:59am,0,7:00am-7:59am,30,1,Daylight,Reduced Visibility,1,2,['Rear_Seat'],['None_Used'],0,0,Valid,1.0,0.0,58.0,44.0,"['Male', 'Male']",2,0,2,4,5,Dry,Straight,Level,Lowest,No
18905,27,Minnesota,270142,1,1,1,0,1,NEW HOPE,July,7,Friday,12,59,Urban,Medium Speed (Collector),No,45.03495556,-93.380325,Non-Intersection,Daylight,Cloudy,1:00pm-1:59pm,3,1:00pm-1:59pm,4,Not Applicable (Not Transported),Not Applicable (Not Transported),1,Daylight,Reduced Visibility,0,1,[],[],0,0,Valid,1.0,0.0,53.0,53.0,['Male'],0,0,3,3,4,Dry,Straight,Level,Lowest,No
18906,27,Minnesota,270143,1,5,2,3,3,ROBBINSDALE,July,8,Saturday,20,18,Urban,Low Speed (Local),No,45.02056111,-93.34012222,Complex/Circle,Daylight,Clear,8:00pm-8:59pm,18,8:00pm-8:59pm,25,9:00pm-9:59pm,0,1,Daylight,Clear,1,2,['Driver'],['Shoulder_Lapbelt'],1,1,Valid,0.0,0.0,34.0,20.0,"['Male', 'Female']",1,0,3,4,5,Dry,Straight,Level,Lowest,No
18907,27,Minnesota,270144,0,1,1,0,4,NOT APPLICABLE,July,9,Sunday,2,25,Rural,Medium Speed (Collector),No,44.19591944,-94.63551389,Non-Intersection,Dark - Not Lighted,Clear,2:00am-2:59am,55,2:00am-2:59am,55,3:00am-3:59am,25,1,Dark - Unlighted,Clear,1,3,['Front_Passenger'],['None_Used'],0,0,Invalid,0.0,0.0,22.0,22.0,['Male'],0,0,3,4,3,Dry,Straight,Level,Medium,No
18908,27,Minnesota,270145,1,1,1,0,1,DETROIT LAKES,July,9,Sunday,7,6,Urban,Medium Speed (Collector),No,46.77191944,-95.81016944,Non-Intersection,Daylight,Clear,7:00am-7:59am,7,7:00am-7:59am,16,8:00am-8:59am,14,1,Daylight,Clear,0,1,[],[],0,0,Valid,0.0,0.0,42.0,42.0,['Male'],0,0,3,2,4,Dry,Straight,Level,Lowest,No
18909,27,Minnesota,270146,0,2,2,0,2,NOT APPLICABLE,July,11,Tuesday,10,44,Rural,Medium Speed (Collector),No,44.49574722,-92.61500833,Non-Intersection,Daylight,Clear,10:00am-10:59am,44,10:00am-10:59am,52,Not Applicable (Not Transported),Not Applicable (Not Transported),1,Daylight,Clear,1,1,['Driver'],['None_Used'],0,0,Valid,2.0,0.0,65.0,33.0,"['Female', 'Male']",0,0,3,4,5,Dry,Straight,Level,Lowest,No
18910,27,Minnesota,270147,1,1,1,0,1,ST. PAUL,July,11,Tuesday,21,46,Urban,Medium Speed (Collector),No,44.95131111,-93.12610278,Non-Intersection,Dark - Lighted,Cloudy,9:00pm-9:59pm,46,9:00pm-9:59pm,56,Not Applicable (Not Transported),Not Applicable (Not Transported),1,Dark - Lighted,Reduced Visibility,0,1,[],[],0,0,Valid,1.0,1.0,19.0,19.0,['Male'],0,0,2,4,4,Dry,Straight,Level,Lowest,No
18911,27,Minnesota,270148,0,1,1,0,1,ROGERS,July,12,Wednesday,12,12,Urban,High Speed (Arterial),Yes,45.20067778,-93.56643333,Non-Intersection,Daylight,Clear,12:00pm-12:59pm,13,12:00pm-12:59pm,22,Not Applicable (Not Transported),Not Applicable (Not Transported),1,Daylight,Clear,1,0,['Driver'],['Shoulder_Only'],0,0,Invalid,1.0,0.0,32.0,32.0,['Male'],0,0,3,4,3,Dry,Straight,Level,Lowest,No
18912,27,Minnesota,270149,0,2,2,0,2,NOT APPLICABLE,June,21,Wednesday,11,7,Rural,Medium Speed (Collector),No,43.85944167,-93.48574167,Non-Intersection,Daylight,Clear,11:00am-11:59am,7,11:00am-11:59am,16,Unknown,Unknown EMS Hospital Arrival Time,1,Daylight,Clear,1,1,['Driver'],['None_Used'],0,0,Valid,1.0,1.0,58.0,35.0,"['Male', 'Male']",1,0,3,4,5,Dry,Straight,Level,Lowest,No
18913,27,Minnesota,270150,2,1,1,0,1,COLUMBIA HTS,July,13,Thursday,22,36,Urban,Medium Speed (Collector),No,45.03896944,-93.24740556,Non-Intersection,Dark - Lighted,Cloudy,10:00pm-10:59pm,36,10:00pm-10:59pm,36,11:00pm-11:59pm,20,1,Dark - Lighted,Reduced Visibility,0,1,[],[],1,1,Valid,1.0,2.0,35.0,35.0,['Male'],0,0,2,4,4,Dry,Straight,Level,Lowest,No
18914,27,Minnesota,270151,0,3,3,0,5,EAGAN,July,15,Saturday,0,10,Urban,High Speed (Arterial),Yes,44.79406389,-93.19878056,Non-Intersection,Dark - Lighted,Clear,0:00am-0:59am,12,0:00am-0:59am,26,1:00am-1:59am,16,1,Dark - Lighted,Clear,1,4,['Driver'],['Shoulder_Lapbelt'],1,1,Valid,0.0,0.0,60.0,25.0,"['Male', 'Female', 'Male']",1,0,3,4,5,Dry,Straight,Level,Lowest,No
18915,27,Minnesota,270152,0,1,1,0,2,NOT APPLICABLE,July,15,Saturday,1,30,Rural,Low Speed (Local),No,45.31003611,-94.106025,Non-Intersection,Dark - Lighted,Clear,1:00am-1:59am,35,1:00am-1:59am,55,Not Applicable (Not Transported),Not Applicable (Not Transported),1,Dark - Lighted,Clear,1,1,['Non_Standard_Risk'],['None_Used'],1,1,Valid,1.0,6.0,21.0,21.0,['Male'],0,0,3,1,1,Dry,Straight,Level,Lowest,No
18916,27,Minnesota,270153,0,2,2,0,2,BLOOMINGTON,April,26,Wednesday,15,42,Urban,Medium Speed (Collector),No,44.81929444,-93.32953333,Complex/Circle,Daylight,Clear,3:00pm-3:59pm,42,3:00pm-3:59pm,48,4:00pm-4:59pm,20,1,Daylight,Clear,1,1,['Driver'],['Shoulder_Lapbelt'],0,0,Valid,0.0,0.0,84.0,73.0,"['Male', 'Female']",0,0,3,4,5,Dry,Straight,Level,Lowest,No
18917,27,Minnesota,270154,0,1,1,0,1,NOT APPLICABLE,June,28,Wednesday,9,18,Urban,High Speed (Arterial),Yes,43.69038056,-93.37288056,Non-Intersection,Daylight,Clear,9:00am-9:59am,18,9:00am-9:59am,34,Not Applicable (Not Transported),Not Applicable (Not Transported),1,Daylight,Clear,1,0,['Driver'],['Shoulder_Lapbelt'],0,0,Valid,0.0,0.0,51.0,51.0,['Female'],0,0,4,4,2,Dry,Straight,Grade/Hillcrest,Lowest,Yes
18918,27,Minnesota,270155,0,2,2,0,6,LAKE CITY,July,14,Friday,11,47,Urban,Medium Speed (Collector),No,44.43709167,-92.28188333,Non-Intersection,Daylight,Clear,11:00am-11:59am,50,11:00am-11:59am,52,Not Applicable (Not Transported),Not Applicable (Not Transported),1,Daylight,Clear,1,5,['Driver'],['None_Used'],0,0,Valid,0.0,0.0,37.0,29.0,"['Male', 'Male']",0,0,5,4,5,Dry,Straight,Level,Lowest,No
18919,27,Minnesota,270156,0,2,2,0,9,ST. PAUL,July,15,Saturday,11,29,Urban,High Speed (Arterial),Yes,44.94876111,-93.04078611,Complex/Circle,Daylight,Clear,11:00am-11:59am,29,11:00am-11:59am,33,11:00am-11:59am,53,1,Daylight,Clear,1,8,['Front_Passenger'],['Shoulder_Lapbelt'],0,0,Valid,1.0,0.0,64.0,25.0,"['Male', 'Female']",0,0,3,4,5,Dry,Straight,Level,Lowest,No
18920,27,Minnesota,270157,0,1,1,0,1,NOT APPLICABLE,July,17,Monday,17,40,Rural,Medium Speed (Collector),No,47.925025,-91.91315278,Non-Intersection,Daylight,Clear,5:00pm-5:59pm,42,5:00pm-5:59pm,50,Not Applicable (Not Transported),Not Applicable (Not Transported),1,Daylight,Clear,1,0,['Driver'],['Shoulder_Lapbelt'],1,1,Valid,0.0,0.0,27.0,27.0,['Male'],1,0,3,4,3,Dry,Curve,Grade/Hillcrest,Lowest,No
18921,27,Minnesota,270158,0,2,2,0,2,RICE,July,7,Friday,22,15,Rural,Medium Speed (Collector),No,45.74994444,-94.20988611,Non-Intersection,Dark - Lighted,Cloudy,10:00pm-10:59pm,20,10:00pm-10:59pm,35,11:00pm-11:59pm,30,1,Dark - Lighted,Reduced Visibility,1,1,['Driver'],['Shoulder_Lapbelt'],1,1,Valid,0.0,0.0,66.0,65.0,"['Male', 'Male']",0,0,3,4,5,Wet/Standing Water,Straight,Level,Lowest,No
18922,27,Minnesota,270159,0,2,2,0,2,NORTHFIELD,April,20,Thursday,10,30,Urban,Medium Speed (Collector),No,44.44563056,-93.17388889,Simple Junction,Daylight,Rain,10:00am-10:59am,30,10:00am-10:59am,40,10:00am-10:59am,55,1,Daylight,Rain/Wind/Minor,1,1,['Driver'],['Shoulder_Lapbelt'],0,0,Valid,0.0,0.0,85.0,18.0,"['Male', 'Male']",1,0,3,4,5,Wet/Standing Water,Straight,Grade/Hillcrest,Lowest,No
18923,27,Minnesota,270160,0,1,1,0,2,NOT APPLICABLE,May,13,Saturday,21,10,Rural,Medium Speed (Collector),No,46.36265556,-92.76716944,Non-Intersection,Dark - Not Lighted,Clear,9:00pm-9:59pm,12,9:00pm-9:59pm,22,10:00pm-10:59pm,8,1,Dark - Unlighted,Clear,1,1,['Driver'],['Shoulder_Lapbelt'],1,1,Valid,1.0,2.0,42.0,42.0,['Female'],2,0,2,4,3,Dry,Curve,Level,Lowest,No
18924,27,Minnesota,270161,0,1,1,0,1,SHAKOPEE,April,14,Friday,16,16,Urban,Low Speed (Local),No,44.78306944,-93.53146667,Non-Intersection,Daylight,Clear,4:00pm-4:59pm,18,4:00pm-4:59pm,30,5:00pm-5:59pm,14,1,Daylight,Clear,1,0,['Driver'],['None_Used'],0,0,Valid,0.0,0.0,62.0,62.0,['Male'],0,0,5,2,3,Dry,Curve,Level,Lowest,No
18925,27,Minnesota,270162,0,2,2,0,5,MENDOTA HEIGHTS,April,29,Saturday,19,36,Urban,Medium Speed (Collector),No,44.87083333,-93.10607778,Simple Junction,Dusk,Clear,7:00pm-7:59pm,36,7:00pm-7:59pm,38,9:00pm-9:59pm,0,1,Twilight,Clear,1,4,['Driver'],['Shoulder_Lapbelt'],0,0,Valid,1.0,0.0,84.0,16.0,"['Female', 'Male']",0,0,3,4,5,Dry,Straight,Level,Lowest,No
18926,27,Minnesota,270163,0,1,1,0,2,MINNEAPOLIS,July,16,Sunday,2,0,Urban,High Speed (Arterial),Yes,44.95555556,-93.24333611,Complex/Circle,Dark - Lighted,Clear,2:00am-2:59am,1,2:00am-2:59am,5,2:00am-2:59am,37,1,Dark - Lighted,Clear,1,1,['Front_Passenger'],['Shoulder_Lapbelt'],1,1,Valid,0.0,0.0,31.0,31.0,['Female'],2,0,3,4,3,Wet/Standing Water,Straight,Level,Lowest,No
18927,27,Minnesota,270164,0,2,2,0,2,NOT APPLICABLE,July,18,Tuesday,9,25,Rural,Medium Speed (Collector),No,45.32547778,-95.46018889,Complex/Circle,Daylight,Clear,9:00am-9:59am,27,9:00am-9:59am,41,Unknown,Unknown EMS Hospital Arrival Time,1,Daylight,Clear,1,1,['Driver'],['Shoulder_Lapbelt'],0,0,Valid,0.0,1.0,64.0,35.0,"['Male', 'Male']",0,0,4,4,5,Dry,Straight,Level,Lowest,No
18928,27,Minnesota,270165,0,2,2,0,3,MINNEAPOLIS,July,18,Tuesday,19,31,Urban,Medium Speed (Collector),No,45.00028611,-93.28175833,Simple Junction,Daylight,Clear,7:00pm-7:59pm,32,7:00pm-7:59pm,38,7:00pm-7:59pm,53,1,Daylight,Clear,1,2,['Driver'],['Shoulder_Lapbelt'],0,0,Invalid,0.0,0.0,55.0,27.0,"['Male', 'Male']",2,0,3,4,5,Dry,Straight,Level,Lowest,No
18929,27,Minnesota,270166,0,2,2,0,3,NOT APPLICABLE,May,24,Wednesday,16,5,Rural,Medium Speed (Collector),No,44.99013889,-94.39939167,Complex/Circle,Daylight,Clear,4:00pm-4:59pm,5,4:00pm-4:59pm,15,5:00pm-5:59pm,25,1,Daylight,Clear,1,2,['Front_Passenger'],['Shoulder_Lapbelt'],0,0,Valid,0.0,2.0,93.0,30.0,"['Male', 'Female']",0,0,3,4,5,Dry,Straight,Level,Lowest,No
18930,27,Minnesota,270167,0,2,2,0,2,ANDOVER,July,19,Wednesday,15,7,Urban,Medium Speed (Collector),No,45.285525,-93.34678611,Non-Intersection,Daylight,Clear,3:00pm-3:59pm,6,3:00pm-3:59pm,16,3:00pm-3:59pm,40,1,Daylight,Clear,1,1,['Driver'],['Shoulder_Lapbelt'],0,0,Valid,1.0,0.0,40.0,40.0,"['Male', 'Male']",0,0,3,4,5,Dry,Straight,Level,Lowest,No