,State_Code,State_Name,Crash_ID,Count_Non_Motorists,Count_Vehicles_Total,Count_Vehicle_Forms,Count_PVH_Involved,Count_Occupants_MV,City_Name,Month_Name,Day_of_Month,Day_of_Week,Crash_Hour,Crash_Minute,Area_Rural_Urban,Road_Functional_Class,On_NHS_Road,Latitude,Longitude,Intersection_Type,Light_Condition,Weather_Condition,Notif_Hour,Notif_Minute,Arrival_Hour,Arrival_Minute,Hospital_Hour,Hospital_Minute,Fatalities_Count,Clean_Light_Condition,Clean_Weather_Condition,Total_Killed,Total_Alive,Fatal_Seats_List,Killed_Restraint_List,Any_Driver_Drinking,Total_Drinking_Drivers,Driver_License_Category,Driver_Max_Prev_Accident_Count,Driver_Max_Prev_Speeding_Count,Max_Driver_Age,Min_Driver_Age,Driver_Sex_List,Total_Exceeding_Limit_Vehicles,Total_Too_Fast_Vehicles,Max_Vehicle_Type_Severity_5,Max_Vehicle_Damage_Rank,Max_Harmful_Event_Severity,Crash_Road_Surface_Condition,Crash_Horizontal_Alignment,Crash_Vertical_Profile,Crash_Impairment_Category,Crash_Vehicle_Defect
18931,27,Minnesota,270168,0,1,1,0,1,NOT APPLICABLE,July,19,Wednesday,19,52,Rural,Low Speed (Local),No,46.51014167,-92.61604722,Non-Intersection,Daylight,Reported as Unknown,7:00pm-7:59pm,52,8:00pm-8:59pm,4,Not Applicable (Not Transported),Not Applicable (Not Transported),1,Daylight,Clear,1,0,['Driver'],['None_Used'],0,0,Valid,0.0,0.0,51.0,51.0,['Male'],0,0,5,4,3,Loose/Unpaved,Straight,Level,Lowest,No
18932,27,Minnesota,270169,0,2,2,0,2,STOCKTON,January,17,Tuesday,6,6,Rural,Low Speed (Local),No,44.0251,-91.78926389,Non-Intersection,Dark - Not Lighted,Freezing Rain or Drizzle,6:00am-6:59am,10,6:00am-6:59am,25,7:00am-7:59am,30,1,Dark - Unlighted,Snow/Ice/Severe,1,1,['Driver'],['Shoulder_Lapbelt'],0,0,Valid,0.0,0.0,43.0,17.0,"['Male', 'Male']",0,0,2,4,5,Icy/Snowy,Curve,Grade/Hillcrest,Lowest,No
18933,27,Minnesota,270170,0,2,2,0,2,NOT APPLICABLE,July,19,Wednesday,16,32,Rural,Medium Speed (Collector),No,44.40528889,-92.32942778,Non-Intersection,Daylight,Cloudy,4:00pm-4:59pm,34,4:00pm-4:59pm,39,5:00pm-5:59pm,38,1,Daylight,Reduced Visibility,1,1,['Driver'],['None_Used'],0,0,Valid,0.0,0.0,26.0,16.0,"['Male', 'Male']",0,0,3,4,5,Dry,Straight,Grade/Hillcrest,Lowest,No
18934,27,Minnesota,270171,0,2,2,0,2,NOT APPLICABLE,July,19,Wednesday,17,36,Rural,High Speed (Arterial),Yes,46.37007222,-96.129075,Non-Intersection,Daylight,Clear,5:00pm-5:59pm,37,5:00pm-5:59pm,43,Not Applicable (Not Transported),Not Applicable (Not Transported),1,Daylight,Clear,1,1,['Driver'],['None_Used'],0,0,Valid,2.0,1.0,65.0,43.0,"['Male', 'Male']",0,0,5,4,5,Dry,Straight,Grade/Hillcrest,Lowest,No
18935,27,Minnesota,270172,0,1,1,0,2,NOT APPLICABLE,July,21,Friday,10,31,Rural,Low Speed (Local),No,45.73863611,-94.62593611,Non-Intersection,Daylight,Clear,10:00am-10:59am,31,10:00am-10:59am,39,1:00pm-1:59pm,1,1,Daylight,Clear,1,1,['Front_Passenger'],['None_Used'],0,0,Valid,0.0,0.0,15.0,15.0,['Male'],2,0,2,4,3,Dry,Straight,Level,Lowest,No
18936,27,Minnesota,270173,0,2,2,0,2,NOT APPLICABLE,July,22,Saturday,15,55,Rural,Low Speed (Local),No,46.41988889,-96.03042222,Simple Junction,Daylight,Clear,3:00pm-3:59pm,55,4:00pm-4:59pm,15,Not Applicable (Not Transported),Not Applicable (Not Transported),1,Daylight,Clear,1,1,['Driver'],['None_Used'],0,0,Valid,0.0,0.0,39.0,26.0,"['Male', 'Male']",0,0,5,4,5,Dry,Straight,Level,Lowest,No
18937,27,Minnesota,270174,0,1,1,0,1,NOT APPLICABLE,July,22,Saturday,17,48,Rural,Low Speed (Local),No,45.65819722,-93.65643333,Non-Intersection,Daylight,Clear,0:00am-0:59am,0,0:00am-0:59am,0,Not Applicable (Not Transported),Not Applicable (Not Transported),1,Daylight,Clear,1,0,['Driver'],['Shoulder_Lapbelt'],1,1,Valid,0.0,0.0,45.0,45.0,['Male'],0,0,3,4,3,Loose/Unpaved,Straight,Level,Lowest,Yes
18938,27,Minnesota,270175,0,2,2,0,3,MINNEAPOLIS,July,22,Saturday,22,37,Urban,High Speed (Arterial),Yes,44.96392222,-93.21535833,Non-Intersection,Dark - Lighted,Clear,10:00pm-10:59pm,38,10:00pm-10:59pm,43,10:00pm-10:59pm,58,1,Dark - Lighted,Clear,1,1,['Rear_Seat'],['None_Used'],0,0,Invalid,0.0,1.0,998.0,53.0,"['Other', 'Male']",0,0,5,4,5,Dry,Straight,Level,Lowest,No
18939,27,Minnesota,270176,1,1,1,0,1,FRIDLEY,February,13,Monday,18,30,Urban,Medium Speed (Collector),No,45.08616111,-93.25959444,Non-Intersection,Dark - Unknown Lighting,Clear,6:00pm-6:59pm,34,6:00pm-6:59pm,41,7:00pm-7:59pm,10,1,Dark - Unlighted,Clear,0,1,[],[],0,0,Valid,0.0,0.0,71.0,71.0,['Female'],0,0,3,3,4,Dry,Straight,Level,Lowest,No
18940,27,Minnesota,270177,0,1,1,0,1,NOT APPLICABLE,July,1,Saturday,21,45,Rural,Low Speed (Local),No,48.52660278,-94.473875,Simple Junction,Daylight,Clear,8:00pm-8:59pm,40,9:00pm-9:59pm,10,9:00pm-9:59pm,40,1,Daylight,Clear,1,0,['Driver'],['None_Used'],1,1,Valid,0.0,0.0,48.0,48.0,['Male'],1,0,5,4,3,Loose/Unpaved,Straight,Level,Lowest,No
18941,27,Minnesota,270178,0,3,3,0,3,EDEN PRAIRIE,April,18,Tuesday,15,58,Urban,Medium Speed (Collector),No,44.85633611,-93.42062778,Simple Junction,Daylight,Clear,4:00pm-4:59pm,0,4:00pm-4:59pm,35,5:00pm-5:59pm,23,1,Daylight,Clear,1,2,['Driver'],['Shoulder_Lapbelt'],0,0,Valid,0.0,0.0,84.0,32.0,"['Male', 'Male', 'Male']",0,0,3,4,5,Dry,Straight,Level,Lowest,No
18942,27,Minnesota,270179,0,2,2,0,2,NOT APPLICABLE,July,29,Saturday,7,33,Rural,Medium Speed (Collector),No,43.89178611,-92.5723,Non-Intersection,Daylight,Cloudy,7:00am-7:59am,33,7:00am-7:59am,46,Not Applicable (Not Transported),Not Applicable (Not Transported),1,Daylight,Reduced Visibility,1,1,['Driver'],['Shoulder_Lapbelt'],0,0,Valid,0.0,4.0,64.0,25.0,"['Male', 'Female']",1,0,2,4,5,Dry,Straight,Level,Lowest,No
18943,27,Minnesota,270180,0,1,1,0,1,HANOVER,July,29,Saturday,10,23,Urban,Medium Speed (Collector),No,45.15203056,-93.67973056,Non-Intersection,Reported as Unknown,Reported as Unknown,10:00am-10:59am,23,10:00am-10:59am,29,Not Applicable (Not Transported),Not Applicable (Not Transported),1,Dark - Unlighted,Clear,1,0,['Driver'],['None_Used'],1,1,Valid,0.0,0.0,32.0,32.0,['Female'],0,0,5,4,3,Dry,Curve,Grade/Hillcrest,Lowest,No
18944,27,Minnesota,270181,0,3,3,0,4,NOT APPLICABLE,July,29,Saturday,12,6,Rural,Medium Speed (Collector),No,45.55298611,-93.58619444,Non-Intersection,Daylight,Clear,12:00pm-12:59pm,6,12:00pm-12:59pm,12,12:00pm-12:59pm,31,1,Daylight,Clear,1,3,['Driver'],['Shoulder_Lapbelt'],0,0,Valid,0.0,0.0,67.0,38.0,"['Male', 'Female', 'Male']",0,0,3,4,5,Dry,Straight,Grade/Hillcrest,Lowest,No
18945,27,Minnesota,270182,0,2,2,0,2,WARBA,July,29,Saturday,12,53,Rural,High Speed (Arterial),Yes,47.124675,-93.25601389,Simple Junction,Daylight,Clear,12:00pm-12:59pm,53,1:00pm-1:59pm,12,3:00pm-3:59pm,25,1,Daylight,Clear,1,1,['Driver'],['None_Used'],0,0,Valid,0.0,0.0,80.0,63.0,"['Female', 'Male']",0,0,5,4,5,Dry,Curve,Level,Lowest,No
18946,27,Minnesota,270183,0,1,1,0,1,COON RAPIDS,July,30,Sunday,4,42,Urban,Medium Speed (Collector),No,45.161,-93.34288056,Non-Intersection,Dark - Lighted,Clear,4:00am-4:59am,47,0:00am-0:59am,0,Not Applicable (Not Transported),Not Applicable (Not Transported),1,Dark - Lighted,Clear,1,0,['Driver'],['Shoulder_Lapbelt'],1,1,Invalid,1.0,0.0,24.0,24.0,['Male'],1,0,3,4,3,Dry,Curve,Level,Lowest,No
18947,27,Minnesota,270184,0,1,1,0,1,NOT APPLICABLE,July,4,Tuesday,11,25,Rural,Low Speed (Local),No,43.693725,-91.68680556,Non-Intersection,Daylight,Clear,11:00am-11:59am,25,11:00am-11:59am,41,11:00am-11:59am,50,1,Daylight,Clear,1,0,['Driver'],['None_Used'],0,0,Valid,0.0,2.0,54.0,54.0,['Male'],0,0,5,2,3,Dry,Straight,Level,Lowest,No
18948,27,Minnesota,270185,0,3,3,0,4,PLYMOUTH,July,30,Sunday,17,9,Urban,High Speed (Arterial),Yes,44.99192778,-93.40095833,Non-Intersection,Daylight,Clear,5:00pm-5:59pm,9,5:00pm-5:59pm,25,5:00pm-5:59pm,37,1,Daylight,Clear,1,3,['Driver'],['Shoulder_Lapbelt'],0,0,Valid,1.0,1.0,41.0,40.0,"['Male', 'Female', 'Male']",0,0,3,4,5,Dry,Straight,Level,Medium,No
18949,27,Minnesota,270186,0,2,2,0,2,NOT APPLICABLE,July,28,Friday,11,35,Rural,Medium Speed (Collector),No,45.13890556,-96.41487222,Complex/Circle,Daylight,Clear,11:00am-11:59am,35,11:00am-11:59am,45,12:00pm-12:59pm,20,1,Daylight,Clear,1,1,['Driver'],['Shoulder_Lapbelt'],0,0,Valid,0.0,2.0,74.0,66.0,"['Male', 'Male']",0,0,4,4,5,Dry,Straight,Level,Lowest,No
18950,27,Minnesota,270187,0,2,2,0,3,NOT APPLICABLE,July,29,Saturday,12,4,Rural,Medium Speed (Collector),No,44.83429167,-94.51840833,Complex/Circle,Daylight,Clear,12:00pm-12:59pm,12,12:00pm-12:59pm,25,12:00pm-12:59pm,45,1,Daylight,Clear,1,2,['Front_Passenger'],['Shoulder_Lapbelt'],0,0,Valid,1.0,1.0,73.0,55.0,"['Female', 'Male']",0,0,3,4,5,Dry,Straight,Level,Lowest,No
18951,27,Minnesota,270188,0,1,1,0,1,NOT APPLICABLE,August,4,Friday,3,24,Rural,Low Speed (Local),No,45.80348889,-94.51064444,Non-Intersection,Dark - Not Lighted,Clear,3:00am-3:59am,27,3:00am-3:59am,39,Not Applicable (Not Transported),Not Applicable (Not Transported),1,Dark - Unlighted,Clear,1,0,['Driver'],['None_Used'],1,1,Valid,2.0,3.0,19.0,19.0,['Male'],1,0,2,4,3,Dry,Straight,Level,Lowest,No
18952,27,Minnesota,270189,1,1,1,0,1,MINNEAPOLIS,August,4,Friday,11,33,Urban,Medium Speed (Collector),No,45.02766667,-93.27168889,Non-Intersection,Daylight,Clear,11:00am-11:59am,33,11:00am-11:59am,40,11:00am-11:59am,59,1,Daylight,Clear,0,1,[],[],0,0,Valid,0.0,0.0,56.0,56.0,['Male'],0,0,4,1,4,Dry,Straight,Grade/Hillcrest,Lowest,No
18953,27,Minnesota,270190,0,2,2,0,2,MINNEAPOLIS,August,5,Saturday,0,49,Urban,Medium Speed (Collector),No,44.91233889,-93.28825833,Complex/Circle,Dark - Lighted,Clear,0:00am-0:59am,52,1:00am-1:59am,0,Not Applicable (Not Transported),Not Applicable (Not Transported),1,Dark - Lighted,Clear,1,1,['Driver'],['Shoulder_Lapbelt'],1,1,Valid,2.0,2.0,42.0,24.0,"['Male', 'Male']",1,0,3,4,5,Dry,Straight,Grade/Hillcrest,Lowest,No
18954,27,Minnesota,270191,0,1,1,0,1,NOT APPLICABLE,August,6,Sunday,11,10,Rural,Medium Speed (Collector),No,46.22386667,-94.61491667,Non-Intersection,Reported as Unknown,Reported as Unknown,11:00am-11:59am,12,11:00am-11:59am,18,Not Applicable (Not Transported),Not Applicable (Not Transported),1,Dark - Unlighted,Clear,1,0,['Driver'],['None_Used'],1,1,Valid,2.0,0.0,61.0,61.0,['Male'],1,0,5,4,1,Dry,Curve,Level,Lowest,No
18955,27,Minnesota,270192,0,1,1,0,1,NOT APPLICABLE,August,6,Sunday,20,7,Rural,Medium Speed (Collector),No,47.8622,-92.72520556,Non-Intersection,Dusk,Clear,8:00pm-8:59pm,4,8:00pm-8:59pm,12,Not Applicable (Not Transported),Not Applicable (Not Transported),1,Twilight,Clear,1,0,['Driver'],['Shoulder_Lapbelt'],1,1,Valid,0.0,0.0,62.0,62.0,['Male'],1,0,2,4,3,Dry,Straight,Level,Lowest,No
18956,27,Minnesota,270193,0,3,3,0,6,NOT APPLICABLE,August,1,Tuesday,22,12,Rural,Medium Speed (Collector),No,48.28186667,-95.51322222,Non-Intersection,Dark - Not Lighted,Clear,10:00pm-10:59pm,17,10:00pm-10:59pm,59,0:00am-0:59am,22,1,Dark - Unlighted,Clear,1,5,['Driver'],['Shoulder_Lapbelt'],0,0,Valid,0.0,0.0,80.0,38.0,"['Female', 'Male', 'Male']",0,0,3,4,5,Dry,Straight,Level,Lowest,No
18957,27,Minnesota,270194,0,2,2,0,4,NOT APPLICABLE,August,4,Friday,11,8,Rural,Medium Speed (Collector),No,44.39976389,-93.28187778,Complex/Circle,Daylight,Clear,11:00am-11:59am,9,11:00am-11:59am,17,12:00pm-12:59pm,42,2,Daylight,Clear,2,2,"['Driver', 'Front_Passenger']","['Shoulder_Lapbelt', 'Shoulder_Lapbelt']",0,0,Valid,0.0,0.0,53.0,43.0,"['Female', 'Male']",0,0,3,4,3,Dry,Straight,Grade/Hillcrest,Lowest,No
18958,27,Minnesota,270195,0,2,2,0,3,NOT APPLICABLE,July,19,Wednesday,7,26,Rural,Medium Speed (Collector),No,46.97701667,-96.7465,Complex/Circle,Daylight,Clear,Unknown,Unknown,Unknown EMS Scene Arrival Hour,Unknown EMS Scene Arrival Minutes,Not Applicable (Not Transported),Not Applicable (Not Transported),1,Daylight,Clear,1,2,['Driver'],['Shoulder_Lapbelt'],0,0,Valid,1.0,0.0,83.0,36.0,"['Male', 'Male']",0,0,3,4,5,Dry,Straight,Level,Lowest,No
18959,27,Minnesota,270196,1,1,1,0,1,SAUK RAPIDS,July,28,Friday,22,55,Urban,Medium Speed (Collector),No,45.59481389,-94.17438611,Complex/Circle,Dark - Lighted,Clear,10:00pm-10:59pm,56,10:00pm-10:59pm,58,11:00pm-11:59pm,12,1,Dark - Lighted,Clear,0,1,[],[],1,1,Valid,0.0,0.0,25.0,25.0,['Male'],1,0,3,3,4,Dry,Straight,Level,Lowest,No
18960,27,Minnesota,270197,0,2,2,0,2,NOT APPLICABLE,July,12,Wednesday,11,53,Urban,High Speed (Arterial),Yes,44.35300833,-93.29323611,Non-Intersection,Daylight,Cloudy,11:00am-11:59am,53,12:00pm-12:59pm,3,Unknown,Unknown EMS Hospital Arrival Time,1,Daylight,Reduced Visibility,1,1,['Driver'],['Shoulder_Lapbelt'],0,0,Valid,0.0,0.0,79.0,65.0,"['Male', 'Male']",0,0,4,4,5,Dry,Straight,Grade/Hillcrest,Lowest,No
18961,27,Minnesota,270198,0,1,1,0,1,NOT APPLICABLE,August,11,Friday,12,10,Rural,Medium Speed (Collector),No,45.253125,-94.10128333,Non-Intersection,Daylight,Cloudy,12:00pm-12:59pm,12,12:00pm-12:59pm,25,Not Applicable (Not Transported),Not Applicable (Not Transported),1,Daylight,Reduced Visibility,1,0,['Driver'],['None_Used'],0,0,Invalid,1.0,0.0,66.0,66.0,['Male'],0,0,2,4,3,Dry,Straight,Grade/Hillcrest,Lowest,No
18962,27,Minnesota,270199,1,1,1,0,1,ALBERT LEA,August,11,Friday,17,13,Urban,Medium Speed (Collector),No,43.65373889,-93.359475,Complex/Circle,Daylight,Cloudy,5:00pm-5:59pm,13,5:00pm-5:59pm,20,5:00pm-5:59pm,36,1,Daylight,Reduced Visibility,0,1,[],[],0,0,Valid,0.0,0.0,89.0,89.0,['Female'],0,0,2,2,4,Dry,Straight,Grade/Hillcrest,Lowest,No
18963,27,Minnesota,270200,0,1,1,0,1,NOT APPLICABLE,August,12,Saturday,18,44,Rural,Medium Speed (Collector),No,44.92586389,-94.32979444,Non-Intersection,Daylight,Clear,6:00pm-6:59pm,44,6:00pm-6:59pm,51,Not Applicable (Not Transported),Not Applicable (Not Transported),1,Daylight,Clear,1,0,['Driver'],['None_Used'],1,1,Valid,0.0,2.0,39.0,39.0,['Male'],0,0,5,4,3,Dry,Curve,Level,Lowest,No
18964,27,Minnesota,270201,0,2,2,0,2,NOT APPLICABLE,August,11,Friday,12,22,Rural,High Speed (Arterial),Yes,44.24455,-93.282225,Non-Intersection,Daylight,Clear,12:00pm-12:59pm,22,0:00am-0:59am,0,Not Applicable (Not Transported),Not Applicable (Not Transported),1,Daylight,Clear,1,1,['Driver'],['Shoulder_Lapbelt'],0,0,Valid,0.0,0.0,63.0,46.0,"['Female', 'Male']",0,0,3,4,5,Dry,Straight,Level,Lowest,No
18965,27,Minnesota,270203,0,3,3,0,3,HAM LAKE,July,26,Wednesday,13,30,Urban,High Speed (Arterial),Yes,45.2656,-93.23438611,Complex/Circle,Daylight,Clear,1:00pm-1:59pm,32,1:00pm-1:59pm,39,2:00pm-2:59pm,40,1,Daylight,Clear,1,2,['Driver'],['Shoulder_Lapbelt'],0,0,Valid,0.0,1.0,79.0,21.0,"['Male', 'Male', 'Male']",0,0,3,4,5,Dry,Straight,Level,Medium,No
18966,27,Minnesota,270204,0,1,1,0,1,NOT APPLICABLE,August,13,Sunday,12,46,Rural,Medium Speed (Collector),No,47.60561944,-93.47624444,Non-Intersection,Daylight,Clear,12:00pm-12:59pm,47,1:00pm-1:59pm,15,Not Applicable (Not Transported),Not Applicable (Not Transported),1,Daylight,Clear,1,0,['Driver'],['None_Used'],1,1,Valid,0.0,0.0,48.0,48.0,['Male'],0,0,5,4,3,Dry,Curve,Level,Lowest,No
18967,27,Minnesota,270205,0,1,1,0,3,NOT APPLICABLE,August,11,Friday,3,29,Urban,High Speed (Arterial),Yes,45.69799444,-94.1708,Non-Intersection,Dark - Not Lighted,Rain,3:00am-3:59am,43,4:00am-4:59am,8,Unknown,Unknown EMS Hospital Arrival Time,1,Dark - Unlighted,Rain/Wind/Minor,1,2,['Rear_Seat'],['None_Used'],1,1,Invalid,0.0,0.0,27.0,27.0,['Male'],3,0,3,4,3,Wet/Standing Water,Curve,Level,Lowest,No
18968,27,Minnesota,270206,0,2,2,0,2,NOT APPLICABLE,August,16,Wednesday,13,15,Rural,Medium Speed (Collector),No,43.80028333,-93.54824722,Complex/Circle,Daylight,Clear,1:00pm-1:59pm,22,1:00pm-1:59pm,27,2:00pm-2:59pm,0,1,Daylight,Clear,1,1,['Driver'],['Shoulder_Lapbelt'],1,1,Valid,0.0,0.0,75.0,29.0,"['Male', 'Female']",0,0,4,4,5,Dry,Straight,Level,Lowest,No
18969,27,Minnesota,270207,0,2,2,0,5,NOT APPLICABLE,August,18,Friday,1,11,Rural,High Speed (Arterial),Yes,45.42702778,-93.93103333,Non-Intersection,Dark - Not Lighted,Clear,1:00am-1:59am,12,1:00am-1:59am,30,3:00am-3:59am,0,1,Dark - Unlighted,Clear,1,4,['Front_Passenger'],['None_Used'],1,1,Valid,1.0,2.0,34.0,23.0,"['Male', 'Female']",2,0,2,4,5,Dry,Straight,Level,Lowest,No
18970,27,Minnesota,270208,0,1,1,0,1,NEWPORT,August,18,Friday,17,59,Urban,High Speed (Arterial),Yes,44.883925,-93.00289444,Non-Intersection,Daylight,Clear,5:00pm-5:59pm,59,6:00pm-6:59pm,7,Not Applicable (Not Transported),Not Applicable (Not Transported),1,Daylight,Clear,1,0,['Driver'],['None_Used'],1,1,Valid,0.0,0.0,49.0,49.0,['Male'],1,0,5,4,3,Dry,Curve,Level,Lowest,No
18971,27,Minnesota,270209,0,1,1,0,1,NOT APPLICABLE,August,20,Sunday,16,29,Rural,Medium Speed (Collector),No,44.35551667,-95.85170278,Non-Intersection,Daylight,Clear,4:00pm-4:59pm,30,4:00pm-4:59pm,46,Not Applicable (Not Transported),Not Applicable (Not Transported),1,Daylight,Clear,1,0,['Driver'],['Shoulder_Lapbelt'],1,1,Valid,0.0,0.0,68.0,68.0,['Male'],0,0,3,4,3,Dry,Straight,Grade/Hillcrest,Lowest,No
18972,27,Minnesota,270210,0,2,2,0,5,NOT APPLICABLE,August,20,Sunday,12,35,Rural,Medium Speed (Collector),No,45.10840556,-95.59459167,Complex/Circle,Daylight,Clear,12:00pm-12:59pm,35,12:00pm-12:59pm,53,1:00pm-1:59pm,35,1,Daylight,Clear,1,4,['Rear_Seat'],['Lapbelt_Only'],0,0,Valid,0.0,0.0,28.0,19.0,"['Female', 'Female']",0,0,3,4,5,Dry,Straight,Level,Lowest,No
18973,27,Minnesota,270211,0,1,1,0,1,TACONITE,August,20,Sunday,17,21,Rural,High Speed (Arterial),Yes,47.29997222,-93.38290833,Complex/Circle,Daylight,Clear,5:00pm-5:59pm,22,5:00pm-5:59pm,32,Not Applicable (Not Transported),Not Applicable (Not Transported),1,Daylight,Clear,1,0,['Driver'],['None_Used'],1,1,Valid,0.0,0.0,46.0,46.0,['Male'],1,0,5,4,1,Dry,Curve,Level,Lowest,No
18974,27,Minnesota,270213,0,2,2,0,3,BECKER,August,21,Monday,13,9,Rural,High Speed (Arterial),Yes,45.406625,-93.89869722,Complex/Circle,Daylight,Clear,1:00pm-1:59pm,9,1:00pm-1:59pm,15,2:00pm-2:59pm,0,2,Daylight,Clear,2,1,"['Driver', 'Front_Passenger']","['Shoulder_Lapbelt', 'Shoulder_Lapbelt']",0,0,Valid,0.0,0.0,89.0,25.0,"['Male', 'Female']",0,0,3,4,5,Dry,Straight,Level,Lowest,No
18975,27,Minnesota,270214,0,2,2,0,4,NOT APPLICABLE,August,19,Saturday,18,14,Urban,Medium Speed (Collector),No,45.11036944,-95.10443333,Complex/Circle,Daylight,Clear,6:00pm-6:59pm,14,6:00pm-6:59pm,24,6:00pm-6:59pm,47,1,Daylight,Clear,1,3,['Rear_Seat'],['None_Used'],0,0,Valid,0.0,2.0,33.0,27.0,"['Male', 'Male']",0,0,4,4,5,Dry,Straight,Level,Lowest,No
18976,27,Minnesota,270215,1,1,1,0,1,MAPLE GROVE,August,24,Thursday,5,15,Urban,High Speed (Arterial),Yes,45.10358056,-93.45805833,Non-Intersection,Dark - Lighted,Clear,5:00am-5:59am,15,5:00am-5:59am,24,Not Applicable (Not Transported),Not Applicable (Not Transported),1,Dark - Lighted,Clear,0,1,[],[],0,0,Valid,0.0,0.0,33.0,33.0,['Male'],0,0,3,3,4,Dry,Straight,Grade/Hillcrest,Lowest,No
18977,27,Minnesota,270216,0,1,1,0,1,BEMIDJI,August,22,Tuesday,23,23,Urban,Medium Speed (Collector),No,47.46835556,-94.90692222,Complex/Circle,Dark - Lighted,"Fog, Smog, Smoke",11:00pm-11:59pm,23,11:00pm-11:59pm,30,11:00pm-11:59pm,52,1,Dark - Lighted,Reduced Visibility,1,0,['Driver'],['None_Used'],0,0,Invalid,0.0,6.0,19.0,19.0,['Male'],1,0,5,4,3,Dry,Curve,Grade/Hillcrest,Lowest,No
18978,27,Minnesota,270217,0,1,1,0,1,NOT APPLICABLE,August,24,Thursday,11,1,Urban,Medium Speed (Collector),No,44.81662778,-92.99764444,Non-Intersection,Daylight,Clear,11:00am-11:59am,1,11:00am-11:59am,6,Not Applicable (Not Transported),Not Applicable (Not Transported),1,Daylight,Clear,1,0,['Driver'],['None_Used'],1,1,Valid,0.0,0.0,27.0,27.0,['Male'],1,0,5,4,2,Dry,Curve,Grade/Hillcrest,Lowest,No
18979,27,Minnesota,270218,0,1,1,0,2,NOT APPLICABLE,August,24,Thursday,18,43,Rural,High Speed (Arterial),Yes,45.39324167,-93.56165556,Non-Intersection,Daylight,Clear,6:00pm-6:59pm,44,6:00pm-6:59pm,52,8:00pm-8:59pm,0,1,Daylight,Clear,1,1,['Driver'],['None_Used'],0,0,Valid,0.0,0.0,42.0,42.0,['Male'],0,0,5,4,3,Dry,Curve,Level,Lowest,No
18980,27,Minnesota,270219,1,1,1,0,1,NOT APPLICABLE,August,24,Thursday,22,14,Urban,High Speed (Arterial),Yes,45.83776111,-95.36625833,Non-Intersection,Dark - Not Lighted,Cloudy,10:00pm-10:59pm,21,10:00pm-10:59pm,36,Not Applicable (Not Transported),Not Applicable (Not Transported),1,Dark - Unlighted,Reduced Visibility,0,1,[],[],0,0,Valid,0.0,0.0,31.0,31.0,['Male'],0,0,4,2,4,Dry,Straight,Level,Lowest,No
18981,27,Minnesota,270220,0,3,3,0,4,NOT APPLICABLE,August,25,Friday,13,32,Rural,High Speed (Arterial),Yes,44.24241667,-93.28126111,Non-Intersection,Daylight,Clear,1:00pm-1:59pm,33,1:00pm-1:59pm,40,Not Applicable (Not Transported),Not Applicable (Not Transported),2,Daylight,Clear,2,2,"['Driver', 'Front_Passenger']","['Shoulder_Lapbelt', 'Shoulder_Lapbelt']",0,0,Valid,1.0,1.0,57.0,34.0,"['Male', 'Male', 'Male']",1,0,4,4,5,Dry,Straight,Level,Lowest,No
18982,27,Minnesota,270221,0,1,1,0,2,NOT APPLICABLE,August,27,Sunday,3,15,Rural,Low Speed (Local),No,45.88356389,-94.78668056,Simple Junction,Dark - Not Lighted,Clear,3:00am-3:59am,15,3:00am-3:59am,30,Not Applicable (Not Transported),Not Applicable (Not Transported),1,Dark - Unlighted,Clear,1,1,['Front_Passenger'],['None_Used'],1,1,Valid,1.0,0.0,26.0,26.0,['Male'],0,0,5,2,3,Loose/Unpaved,Straight,Level,Lowest,No
18983,27,Minnesota,270222,0,1,1,0,1,RAMSEY,August,27,Sunday,9,30,Urban,Medium Speed (Collector),No,45.28666389,-93.41809167,Non-Intersection,Daylight,Clear,9:00am-9:59am,30,9:00am-9:59am,31,Not Applicable (Not Transported),Not Applicable (Not Transported),1,Daylight,Clear,1,0,['Driver'],['None_Used'],0,0,Valid,0.0,0.0,39.0,39.0,['Male'],0,0,5,4,1,Dry,Curve,Level,Lowest,No
18984,27,Minnesota,270223,0,1,1,0,1,Other,August,28,Monday,15,15,Urban,Medium Speed (Collector),No,45.36863889,-93.38323056,Non-Intersection,Daylight,Clear,3:00pm-3:59pm,15,3:00pm-3:59pm,21,Not Applicable (Not Transported),Not Applicable (Not Transported),1,Daylight,Clear,1,0,['Driver'],['None_Used'],0,0,Invalid,0.0,0.0,56.0,56.0,['Male'],0,0,5,4,3,Dry,Curve,Level,Lowest,No
18985,27,Minnesota,270224,0,2,2,0,3,KASOTA,August,28,Monday,20,25,Urban,Medium Speed (Collector),No,44.29229722,-93.96278056,Simple Junction,Dusk,Clear,8:00pm-8:59pm,32,8:00pm-8:59pm,40,Not Applicable (Not Transported),Not Applicable (Not Transported),2,Twilight,Clear,2,1,"['Driver', 'Rear_Seat']","['None_Used', 'None_Used']",1,1,Valid,0.0,0.0,74.0,62.0,"['Female', 'Male']",2,0,5,4,5,Dry,Curve,Grade/Hillcrest,Lowest,No
18986,27,Minnesota,270225,0,2,2,0,2,MINNEAPOLIS,August,19,Saturday,16,31,Urban,Medium Speed (Collector),No,44.94898333,-93.31659444,Complex/Circle,Daylight,Clear,4:00pm-4:59pm,32,4:00pm-4:59pm,38,4:00pm-4:59pm,52,1,Daylight,Clear,1,1,['Driver'],['None_Used'],0,0,Valid,0.0,1.0,63.0,25.0,"['Male', 'Female']",0,0,5,4,5,Dry,Straight,Level,Lowest,No
18987,27,Minnesota,270226,0,1,1,0,1,NOT APPLICABLE,August,24,Thursday,7,52,Rural,Medium Speed (Collector),No,47.95928056,-91.58982222,Non-Intersection,Daylight,Clear,0:00am-0:59am,0,0:00am-0:59am,0,Not Applicable (Not Transported),Not Applicable (Not Transported),1,Daylight,Clear,1,0,['Driver'],['Shoulder_Lapbelt'],0,0,Valid,0.0,0.0,62.0,62.0,['Male'],0,0,3,4,2,Dry,Curve,Grade/Hillcrest,Lowest,No