,State_Code,State_Name,Crash_ID,Count_Non_Motorists,Count_Vehicles_Total,Count_Vehicle_Forms,Count_PVH_Involved,Count_Occupants_MV,City_Name,Month_Name,Day_of_Month,Day_of_Week,Crash_Hour,Crash_Minute,Area_Rural_Urban,Road_Functional_Class,On_NHS_Road,Latitude,Longitude,Intersection_Type,Light_Condition,Weather_Condition,Notif_Hour,Notif_Minute,Arrival_Hour,Arrival_Minute,Hospital_Hour,Hospital_Minute,Fatalities_Count,Clean_Light_Condition,Clean_Weather_Condition,Total_Killed,Total_Alive,Fatal_Seats_List,Killed_Restraint_List,Any_Driver_Drinking,Total_Drinking_Drivers,Driver_License_Category,Driver_Max_Prev_Accident_Count,Driver_Max_Prev_Speeding_Count,Max_Driver_Age,Min_Driver_Age,Driver_Sex_List,Total_Exceeding_Limit_Vehicles,Total_Too_Fast_Vehicles,Max_Vehicle_Type_Severity_5,Max_Vehicle_Damage_Rank,Max_Harmful_Event_Severity,Crash_Road_Surface_Condition,Crash_Horizontal_Alignment,Crash_Vertical_Profile,Crash_Impairment_Category,Crash_Vehicle_Defect
18988,27,Minnesota,270227,0,2,2,0,2,NEW ULM,August,17,Thursday,13,30,Urban,High Speed (Arterial),Yes,44.2979,-94.44663333,Complex/Circle,Daylight,Clear,1:00pm-1:59pm,42,1:00pm-1:59pm,47,2:00pm-2:59pm,2,1,Daylight,Clear,1,1,['Driver'],['Shoulder_Lapbelt'],1,1,Valid,0.0,0.0,82.0,53.0,"['Male', 'Female']",1,0,3,4,5,Dry,Straight,Level,Lowest,No
18989,27,Minnesota,270228,0,2,2,0,8,NOT APPLICABLE,August,26,Saturday,20,33,Rural,High Speed (Arterial),Yes,43.6575,-93.72965556,Non-Intersection,Dusk,Clear,8:00pm-8:59pm,34,8:00pm-8:59pm,47,Unknown,Unknown EMS Hospital Arrival Time,1,Twilight,Clear,1,7,['Driver'],['Shoulder_Lapbelt'],0,0,Valid,0.0,0.0,79.0,55.0,"['Male', 'Male']",0,0,4,4,5,Dry,Straight,Level,Lowest,No
18990,27,Minnesota,270229,0,1,1,0,4,NOT APPLICABLE,July,28,Friday,0,6,Rural,Low Speed (Local),No,45.37496389,-94.77602778,Non-Intersection,Dark - Not Lighted,Clear,0:00am-0:59am,13,0:00am-0:59am,29,1:00am-1:59am,2,1,Dark - Unlighted,Clear,1,3,['Rear_Seat'],['Shoulder_Lapbelt'],0,0,Valid,0.0,0.0,16.0,16.0,['Male'],0,0,3,2,1,Loose/Unpaved,Straight,Level,Lowest,No
18991,27,Minnesota,270230,0,1,1,0,2,DULUTH,August,26,Saturday,13,22,Urban,Medium Speed (Collector),No,46.76004444,-92.16523611,Simple Junction,Daylight,Clear,1:00pm-1:59pm,22,1:00pm-1:59pm,30,Not Applicable (Not Transported),Not Applicable (Not Transported),2,Daylight,Clear,2,0,"['Driver', 'Front_Passenger']","['Shoulder_Lapbelt', 'Shoulder_Lapbelt']",0,0,Invalid,0.0,0.0,51.0,51.0,['Female'],0,0,3,4,3,Dry,Straight,Grade/Hillcrest,Lowest,Yes
18992,27,Minnesota,270231,0,1,1,0,1,MOTLEY,September,1,Friday,12,20,Rural,Low Speed (Local),No,46.32777222,-94.65071111,Non-Intersection,Daylight,Clear,12:00pm-12:59pm,22,12:00pm-12:59pm,30,1:00pm-1:59pm,7,1,Daylight,Clear,1,0,['Driver'],['None_Used'],0,0,Valid,1.0,0.0,64.0,64.0,['Male'],0,0,3,3,3,Dry,Straight,Level,Medium,No
18993,27,Minnesota,270232,0,1,1,0,1,NOT APPLICABLE,September,1,Friday,18,14,Rural,Medium Speed (Collector),No,46.75236111,-95.71044722,Non-Intersection,Daylight,Clear,6:00pm-6:59pm,20,6:00pm-6:59pm,32,Not Applicable (Not Transported),Not Applicable (Not Transported),1,Daylight,Clear,1,0,['Driver'],['None_Used'],1,1,Valid,2.0,2.0,25.0,25.0,['Male'],1,0,5,4,3,Dry,Curve,Level,Lowest,No
18994,27,Minnesota,270233,0,2,2,0,5,NOT APPLICABLE,September,1,Friday,18,21,Rural,High Speed (Arterial),Yes,44.73848056,-92.93137222,Non-Intersection,Daylight,Clear,6:00pm-6:59pm,21,6:00pm-6:59pm,24,7:00pm-7:59pm,0,1,Daylight,Clear,1,4,['Driver'],['Shoulder_Lapbelt'],0,0,Valid,0.0,1.0,54.0,47.0,"['Male', 'Female']",0,0,3,4,5,Dry,Straight,Level,Lowest,No
18995,27,Minnesota,270234,0,1,1,0,2,MENDOTA HEIGHTS,September,2,Saturday,15,42,Urban,Medium Speed (Collector),No,44.89386667,-93.11926389,Non-Intersection,Daylight,Clear,3:00pm-3:59pm,42,3:00pm-3:59pm,50,4:00pm-4:59pm,45,1,Daylight,Clear,1,1,['Driver'],['Shoulder_Lapbelt'],0,0,Valid,0.0,0.0,44.0,44.0,['Male'],0,0,3,4,3,Dry,Straight,Level,Lowest,No
18996,27,Minnesota,270235,0,2,2,0,2,NOT APPLICABLE,September,2,Saturday,23,8,Rural,Medium Speed (Collector),No,45.53290833,-93.89188056,Non-Intersection,Dark - Not Lighted,Clear,11:00pm-11:59pm,8,11:00pm-11:59pm,28,Not Applicable (Not Transported),Not Applicable (Not Transported),2,Dark - Unlighted,Clear,2,0,"['Driver', 'Driver']","['None_Used', 'None_Used']",1,2,Valid,1.0,0.0,30.0,28.0,"['Male', 'Male']",0,0,5,4,5,Dry,Straight,Level,Lowest,Yes
18997,27,Minnesota,270236,0,2,2,0,4,TACONITE,September,3,Sunday,19,51,Rural,High Speed (Arterial),Yes,47.3156,-93.36337222,Simple Junction,Dusk,Clear,7:00pm-7:59pm,51,7:00pm-7:59pm,51,10:00pm-10:59pm,15,1,Twilight,Clear,1,3,['Driver'],['Shoulder_Lapbelt'],1,1,Valid,0.0,1.0,35.0,28.0,"['Male', 'Male']",0,0,3,4,5,Dry,Straight,Level,Lowest,No
18998,27,Minnesota,270237,0,1,1,0,1,NOT APPLICABLE,September,4,Monday,6,38,Rural,High Speed (Arterial),Yes,44.77654167,-93.70615278,Non-Intersection,Dawn,Clear,6:00am-6:59am,38,6:00am-6:59am,43,Not Applicable (Not Transported),Not Applicable (Not Transported),1,Twilight,Clear,1,0,['Driver'],['None_Used'],0,0,Invalid,0.0,0.0,17.0,17.0,['Male'],0,0,3,4,3,Dry,Straight,Level,Medium,No
18999,27,Minnesota,270238,0,2,2,0,4,NOT APPLICABLE,September,4,Monday,18,56,Rural,High Speed (Arterial),Yes,45.65362222,-94.66741944,Non-Intersection,Dusk,Clear,6:00pm-6:59pm,57,7:00pm-7:59pm,12,7:00pm-7:59pm,46,2,Twilight,Clear,2,2,"['Driver', 'Rear_Seat']","['Shoulder_Lapbelt', 'Shoulder_Lapbelt']",0,0,Valid,1.0,3.0,36.0,23.0,"['Male', 'Male']",0,0,3,4,5,Dry,Straight,Level,Lowest,No
19000,27,Minnesota,270239,0,1,1,0,1,NOT APPLICABLE,August,19,Saturday,17,55,Rural,Medium Speed (Collector),No,48.44224444,-96.72498889,Non-Intersection,Daylight,Clear,6:00pm-6:59pm,6,6:00pm-6:59pm,12,7:00pm-7:59pm,21,1,Daylight,Clear,1,0,['Driver'],['None_Used'],0,0,Valid,0.0,0.0,70.0,70.0,['Female'],0,0,5,4,3,Dry,Straight,Level,Lowest,No
19001,27,Minnesota,270240,1,1,1,0,3,NOT APPLICABLE,September,7,Thursday,16,19,Urban,Medium Speed (Collector),No,47.45354722,-94.90665556,Non-Intersection,Daylight,Clear,4:00pm-4:59pm,20,4:00pm-4:59pm,26,4:00pm-4:59pm,51,1,Daylight,Clear,0,3,[],[],0,0,Valid,0.0,1.0,40.0,40.0,['Female'],0,0,3,2,4,Dry,Straight,Grade/Hillcrest,Lowest,No
19002,27,Minnesota,270241,0,1,1,0,2,NOT APPLICABLE,July,1,Saturday,14,36,Rural,Medium Speed (Collector),No,47.761325,-95.19445278,Non-Intersection,Daylight,Clear,2:00pm-2:59pm,36,3:00pm-3:59pm,7,6:00pm-6:59pm,16,1,Daylight,Clear,1,1,['Rear_Seat'],['None_Used'],0,0,Valid,0.0,0.0,57.0,57.0,['Male'],0,0,5,3,1,Dry,Curve,Level,Lowest,No
19003,27,Minnesota,270242,1,1,1,0,1,ST. MICHAEL,September,1,Friday,22,55,Rural,Low Speed (Local),No,45.23681111,-93.59825278,Non-Intersection,Dark - Not Lighted,Clear,10:00pm-10:59pm,57,11:00pm-11:59pm,10,Not Applicable (Not Transported),Not Applicable (Not Transported),1,Dark - Unlighted,Clear,0,0,[],[],0,0,Invalid,0.0,0.0,999.0,999.0,['Other'],0,0,1,0,4,Dry,Straight,Level,Lowest,No
19004,27,Minnesota,270243,1,1,1,0,5,MINNEAPOLIS,September,4,Monday,8,30,Urban,Low Speed (Local),No,44.90025556,-93.27431389,Non-Intersection,Daylight,Clear,8:00am-8:59am,31,8:00am-8:59am,35,8:00am-8:59am,50,1,Daylight,Clear,0,5,[],[],0,0,Valid,0.0,0.0,39.0,39.0,['Male'],0,0,3,3,4,Dry,Straight,Level,Lowest,No
19005,27,Minnesota,270244,0,1,1,0,1,NOT APPLICABLE,September,7,Thursday,9,2,Urban,Low Speed (Local),No,45.52169167,-93.25086944,Non-Intersection,Daylight,Clear,9:00am-9:59am,5,9:00am-9:59am,10,Not Applicable (Not Transported),Not Applicable (Not Transported),1,Daylight,Clear,1,0,['Driver'],['None_Used'],0,0,Valid,0.0,0.0,16.0,16.0,['Male'],1,0,2,4,3,Dry,Curve,Level,Lowest,No
19006,27,Minnesota,270245,0,2,2,0,2,NOT APPLICABLE,September,8,Friday,18,55,Rural,High Speed (Arterial),Yes,46.65778333,-95.65513333,Complex/Circle,Daylight,Clear,6:00pm-6:59pm,55,7:00pm-7:59pm,5,7:00pm-7:59pm,21,1,Daylight,Clear,1,1,['Driver'],['Shoulder_Lapbelt'],0,0,Valid,0.0,0.0,67.0,64.0,"['Female', 'Male']",0,0,3,4,5,Dry,Straight,Level,Lowest,No
19007,27,Minnesota,270246,0,1,1,0,3,NOT APPLICABLE,September,9,Saturday,2,45,Rural,Medium Speed (Collector),No,46.92514722,-92.894225,Non-Intersection,Dark - Not Lighted,Clear,3:00am-3:59am,10,3:00am-3:59am,20,3:00am-3:59am,50,2,Dark - Unlighted,Clear,2,1,"['Front_Passenger', 'Rear_Seat']","['Shoulder_Lapbelt', 'Shoulder_Lapbelt']",1,1,Valid,1.0,2.0,23.0,23.0,['Male'],3,0,3,4,3,Dry,Curve,Level,Lowest,No
19008,27,Minnesota,270247,0,1,1,0,1,NOT APPLICABLE,September,9,Saturday,4,32,Rural,Low Speed (Local),No,46.66940278,-92.5867,Non-Intersection,Dark - Unknown Lighting,Clear,4:00am-4:59am,40,4:00am-4:59am,46,Not Applicable (Not Transported),Not Applicable (Not Transported),1,Dark - Unlighted,Clear,1,0,['Driver'],['Shoulder_Lapbelt'],1,1,Invalid,0.0,1.0,23.0,23.0,['Male'],1,0,2,4,4,Dry,Straight,Grade/Hillcrest,Lowest,No
19009,27,Minnesota,270248,0,3,3,0,3,PLYMOUTH,September,12,Tuesday,14,23,Urban,High Speed (Arterial),Yes,45.00263333,-93.44447778,Complex/Circle,Daylight,Clear,2:00pm-2:59pm,20,2:00pm-2:59pm,27,Unknown,Unknown EMS Hospital Arrival Time,1,Daylight,Clear,1,2,['Driver'],['Shoulder_Lapbelt'],0,0,Valid,0.0,0.0,73.0,49.0,"['Male', 'Male', 'Female']",0,0,3,4,5,Dry,Straight,Level,Lowest,No
19010,27,Minnesota,270249,0,2,2,0,2,NOT APPLICABLE,September,13,Wednesday,21,10,Rural,Medium Speed (Collector),No,46.57755833,-92.63063611,Simple Junction,Dark - Lighted,Clear,9:00pm-9:59pm,10,9:00pm-9:59pm,17,Not Applicable (Not Transported),Not Applicable (Not Transported),1,Dark - Lighted,Clear,1,1,['Driver'],['None_Used'],1,1,Valid,0.0,0.0,51.0,47.0,"['Male', 'Male']",0,0,5,4,5,Dry,Straight,Level,Lowest,No
19011,27,Minnesota,270250,0,1,1,0,2,NOT APPLICABLE,July,8,Saturday,2,2,Rural,Medium Speed (Collector),No,46.00113611,-93.43251389,Non-Intersection,Dark - Not Lighted,Clear,2:00am-2:59am,2,2:00am-2:59am,18,2:00am-2:59am,40,1,Dark - Unlighted,Clear,1,1,['Rear_Seat'],['None_Used'],0,0,Invalid,0.0,0.0,35.0,35.0,['Male'],0,0,5,4,1,Dry,Straight,Level,Lowest,Yes
19012,27,Minnesota,270251,0,2,2,0,3,NOT APPLICABLE,August,20,Sunday,11,43,Rural,Medium Speed (Collector),No,43.79906389,-95.87248889,Non-Intersection,Daylight,Clear,11:00am-11:59am,43,12:00pm-12:59pm,4,12:00pm-12:59pm,8,1,Daylight,Clear,1,2,['Rear_Seat'],['None_Used'],0,0,Valid,1.0,1.0,51.0,32.0,"['Male', 'Male']",0,0,5,4,5,Dry,Straight,Level,Lowest,No
19013,27,Minnesota,270252,0,2,2,0,3,NOT APPLICABLE,September,14,Thursday,15,30,Rural,Medium Speed (Collector),No,44.48778333,-92.44154167,Complex/Circle,Daylight,Clear,3:00pm-3:59pm,31,4:00pm-4:59pm,11,4:00pm-4:59pm,42,1,Daylight,Clear,1,2,['Rear_Seat'],['Child_Safety'],0,0,Valid,0.0,1.0,70.0,32.0,"['Female', 'Male']",0,0,4,4,5,Dry,Straight,Level,Lowest,No
19014,27,Minnesota,270253,0,1,1,0,1,LAKELAND,September,15,Friday,16,58,Urban,High Speed (Arterial),Yes,44.96239444,-92.77184444,Non-Intersection,Daylight,Cloudy,5:00pm-5:59pm,4,5:00pm-5:59pm,8,Not Applicable (Not Transported),Not Applicable (Not Transported),1,Daylight,Reduced Visibility,1,0,['Driver'],['None_Used'],1,1,Valid,0.0,2.0,25.0,25.0,['Male'],0,0,5,4,3,Dry,Straight,Level,Lowest,No
19015,27,Minnesota,270254,0,1,1,0,1,HALMA,September,15,Friday,21,0,Rural,Medium Speed (Collector),No,48.65225,-96.59163611,Non-Intersection,Dark - Not Lighted,Clear,9:00pm-9:59pm,0,9:00pm-9:59pm,7,10:00pm-10:59pm,10,1,Dark - Unlighted,Clear,1,0,['Driver'],['None_Used'],1,1,Valid,0.0,0.0,53.0,53.0,['Male'],1,0,2,4,3,Dry,Curve,Level,Lowest,No
19016,27,Minnesota,270255,0,1,1,0,1,NOT APPLICABLE,September,16,Saturday,17,2,Rural,Low Speed (Local),No,47.09318056,-95.59111389,Non-Intersection,Daylight,Clear,5:00pm-5:59pm,4,5:00pm-5:59pm,32,Not Applicable (Not Transported),Not Applicable (Not Transported),1,Daylight,Clear,1,0,['Driver'],['None_Used'],1,1,Valid,0.0,0.0,61.0,61.0,['Male'],0,0,5,4,3,Loose/Unpaved,Straight,Level,Lowest,No
19017,27,Minnesota,270256,1,2,2,0,5,CRYSTAL,September,16,Saturday,20,20,Urban,Medium Speed (Collector),No,45.04597778,-93.36025833,Non-Intersection,Dark - Lighted,Clear,8:00pm-8:59pm,23,8:00pm-8:59pm,28,8:00pm-8:59pm,56,1,Dark - Lighted,Clear,0,5,[],[],0,0,Valid,0.0,0.0,62.0,53.0,"['Female', 'Male']",0,0,3,2,4,Dry,Straight,Level,Lowest,No
19018,27,Minnesota,270257,1,1,1,0,1,NOT APPLICABLE,September,17,Sunday,4,54,Rural,Medium Speed (Collector),No,47.36135556,-93.79479722,Simple Junction,Dark - Unknown Lighting,"Fog, Smog, Smoke",5:00am-5:59am,0,5:00am-5:59am,10,Not Applicable (Not Transported),Not Applicable (Not Transported),1,Dark - Unlighted,Reduced Visibility,0,1,[],[],0,0,Valid,0.0,0.0,37.0,37.0,['Female'],0,0,3,2,4,Dry,Straight,Level,Lowest,No
19019,27,Minnesota,270258,0,2,2,0,4,BROOKLYN PARK,September,20,Wednesday,20,51,Urban,Medium Speed (Collector),No,45.08368611,-93.37702778,Complex/Circle,Dark - Lighted,Clear,8:00pm-8:59pm,51,8:00pm-8:59pm,56,Not Applicable (Not Transported),Not Applicable (Not Transported),1,Dark - Lighted,Clear,1,3,['Driver'],['None_Used'],0,0,Valid,2.0,0.0,59.0,15.0,"['Female', 'Male']",0,0,5,4,5,Dry,Straight,Level,Lowest,No
19020,27,Minnesota,270259,0,1,1,0,2,NOT APPLICABLE,September,21,Thursday,18,40,Rural,Medium Speed (Collector),No,43.69608333,-94.22760833,Non-Intersection,Daylight,Clear,6:00pm-6:59pm,42,6:00pm-6:59pm,54,Not Applicable (Not Transported),Not Applicable (Not Transported),2,Daylight,Clear,2,0,"['Driver', 'Front_Passenger']","['None_Used', 'None_Used']",1,1,Valid,0.0,0.0,48.0,48.0,['Male'],0,0,2,4,2,Dry,Straight,Level,Lowest,No
19021,27,Minnesota,270260,0,2,2,0,4,NOT APPLICABLE,September,20,Wednesday,20,24,Rural,High Speed (Arterial),Yes,44.23918611,-95.55310556,Complex/Circle,Dark - Not Lighted,Clear,8:00pm-8:59pm,24,8:00pm-8:59pm,38,Unknown,Unknown EMS Hospital Arrival Time,2,Dark - Unlighted,Clear,2,2,"['Driver', 'Front_Passenger']","['Shoulder_Lapbelt', 'None_Used']",0,0,Valid,1.0,0.0,55.0,48.0,"['Female', 'Male']",0,0,3,4,5,Dry,Straight,Level,Lowest,No
19022,27,Minnesota,270261,1,1,1,0,1,NOT APPLICABLE,September,3,Sunday,10,48,Urban,Medium Speed (Collector),No,45.00695,-92.85858611,Complex/Circle,Daylight,Clear,10:00am-10:59am,50,11:00am-11:59am,10,11:00am-11:59am,20,1,Daylight,Clear,0,1,[],[],0,0,Valid,0.0,0.0,64.0,64.0,['Male'],0,0,3,3,4,Dry,Straight,Level,Lowest,No
19023,27,Minnesota,270262,0,2,2,0,2,NOT APPLICABLE,September,22,Friday,9,38,Rural,High Speed (Arterial),Yes,44.72477778,-94.39816389,Non-Intersection,Daylight,Cloudy,9:00am-9:59am,39,9:00am-9:59am,50,Not Applicable (Not Transported),Not Applicable (Not Transported),1,Daylight,Reduced Visibility,1,1,['Driver'],['Shoulder_Lapbelt'],0,0,Valid,1.0,1.0,45.0,39.0,"['Male', 'Male']",0,0,4,4,5,Dry,Straight,Level,Lowest,No
19024,27,Minnesota,270263,3,1,1,0,1,MINNEAPOLIS,September,22,Friday,19,15,Urban,Medium Speed (Collector),No,44.94835278,-93.27970556,Complex/Circle,Dusk,Clear,7:00pm-7:59pm,15,7:00pm-7:59pm,20,7:00pm-7:59pm,25,1,Twilight,Clear,0,1,[],[],0,0,Valid,1.0,0.0,23.0,23.0,['Male'],1,0,2,3,4,Dry,Straight,Level,Lowest,No
19025,27,Minnesota,270264,0,1,1,0,1,NOT APPLICABLE,September,22,Friday,21,48,Rural,Medium Speed (Collector),No,44.04705556,-93.00588889,Simple Junction,Dark - Lighted,Cloudy,10:00pm-10:59pm,1,10:00pm-10:59pm,5,Not Applicable (Not Transported),Not Applicable (Not Transported),1,Dark - Lighted,Reduced Visibility,1,0,['Driver'],['None_Used'],1,1,Valid,1.0,1.0,60.0,60.0,['Male'],0,0,3,4,2,Dry,Straight,Level,Lowest,No
19026,27,Minnesota,270265,0,2,2,0,2,NOT APPLICABLE,September,27,Wednesday,13,44,Rural,Medium Speed (Collector),No,47.48553889,-96.28080278,Complex/Circle,Daylight,Cloudy,1:00pm-1:59pm,45,1:00pm-1:59pm,55,Not Applicable (Not Transported),Not Applicable (Not Transported),1,Daylight,Reduced Visibility,1,1,['Driver'],['Shoulder_Lapbelt'],0,0,Valid,0.0,0.0,75.0,61.0,"['Male', 'Female']",0,0,4,4,5,Dry,Straight,Level,Lowest,No
19027,27,Minnesota,270266,0,2,2,0,2,NOT APPLICABLE,September,20,Wednesday,8,20,Rural,Medium Speed (Collector),No,44.05078611,-94.7992,Complex/Circle,Daylight,Clear,8:00am-8:59am,22,8:00am-8:59am,33,9:00am-9:59am,0,2,Daylight,Clear,2,0,"['Driver', 'Driver']","['Shoulder_Lapbelt', 'Shoulder_Lapbelt']",0,0,Valid,2.0,1.0,32.0,31.0,"['Male', 'Male']",0,0,4,4,5,Dry,Straight,Level,Lowest,No
19028,27,Minnesota,270267,0,1,1,0,1,NOT APPLICABLE,September,25,Monday,7,38,Rural,High Speed (Arterial),Yes,43.95483056,-92.16178889,Non-Intersection,Daylight,Cloudy,7:00am-7:59am,39,8:00am-8:59am,0,8:00am-8:59am,20,1,Daylight,Reduced Visibility,1,0,['Driver'],['Shoulder_Lapbelt'],0,0,Valid,1.0,0.0,83.0,83.0,['Female'],0,0,3,4,3,Dry,Straight,Level,Medium,No
19029,27,Minnesota,270268,0,2,2,0,2,NOT APPLICABLE,September,28,Thursday,14,30,Rural,Medium Speed (Collector),No,45.48690278,-93.90271389,Complex/Circle,Daylight,Clear,Unknown,Unknown,Unknown EMS Scene Arrival Hour,Unknown EMS Scene Arrival Minutes,Unknown,Unknown EMS Hospital Arrival Time,1,Daylight,Clear,1,1,['Driver'],['Shoulder_Lapbelt'],0,0,Valid,0.0,1.0,77.0,29.0,"['Male', 'Male']",0,0,4,4,5,Dry,Straight,Level,Lowest,No
19030,27,Minnesota,270269,0,2,2,0,2,MOUNTAIN IRON,September,28,Thursday,6,4,Urban,Low Speed (Local),No,47.52359722,-92.61110278,Simple Junction,Dark - Lighted,Cloudy,6:00am-6:59am,4,6:00am-6:59am,10,Not Applicable (Not Transported),Not Applicable (Not Transported),1,Dark - Lighted,Reduced Visibility,1,1,['Driver'],['Shoulder_Lapbelt'],1,1,Valid,0.0,0.0,44.0,28.0,"['Male', 'Male']",0,0,4,4,5,Dry,Straight,Grade/Hillcrest,Lowest,No
19031,27,Minnesota,270270,0,2,2,0,7,MINNEAPOLIS,October,1,Sunday,22,34,Urban,Medium Speed (Collector),No,44.95734722,-93.26258889,Complex/Circle,Dark - Lighted,Clear,10:00pm-10:59pm,34,10:00pm-10:59pm,38,10:00pm-10:59pm,50,1,Dark - Lighted,Clear,1,6,['Driver'],['None_Used'],1,1,Valid,0.0,0.0,41.0,36.0,"['Male', 'Other']",1,0,4,4,5,Dry,Straight,Level,Lowest,No
19032,27,Minnesota,270271,0,1,1,0,1,MORTON,September,19,Tuesday,22,5,Rural,Medium Speed (Collector),No,44.55215556,-94.98262222,Simple Junction,Dark - Lighted,Clear,10:00pm-10:59pm,12,10:00pm-10:59pm,18,Not Applicable (Not Transported),Not Applicable (Not Transported),1,Dark - Lighted,Clear,1,0,['Driver'],['None_Used'],1,1,Valid,1.0,0.0,36.0,36.0,['Male'],1,0,2,4,3,Dry,Curve,Level,Lowest,No
19033,27,Minnesota,270272,0,2,2,0,3,RICE LAKE,October,6,Friday,8,43,Urban,Medium Speed (Collector),No,46.86554444,-92.07328889,Non-Intersection,Daylight,Clear,8:00am-8:59am,44,9:00am-9:59am,0,Unknown,Unknown EMS Hospital Arrival Time,1,Daylight,Clear,1,2,['Front_Passenger'],['Shoulder_Lapbelt'],0,0,Valid,0.0,0.0,47.0,42.0,"['Male', 'Male']",0,0,4,4,5,Dry,Straight,Level,Lowest,No
19034,27,Minnesota,270273,0,3,3,0,3,NOT APPLICABLE,October,6,Friday,9,31,Rural,Medium Speed (Collector),No,44.87524167,-93.75592778,Non-Intersection,Daylight,Rain,9:00am-9:59am,31,9:00am-9:59am,38,Not Applicable (Not Transported),Not Applicable (Not Transported),1,Daylight,Rain/Wind/Minor,1,2,['Driver'],['Shoulder_Lapbelt'],0,0,Valid,0.0,1.0,62.0,47.0,"['Female', 'Male', 'Male']",0,0,4,4,5,Wet/Standing Water,Straight,Level,Lowest,No
19035,27,Minnesota,270274,0,2,2,0,2,NOT APPLICABLE,October,6,Friday,16,0,Rural,Medium Speed (Collector),No,48.65612222,-94.25504167,Complex/Circle,Daylight,Cloudy,4:00pm-4:59pm,6,4:00pm-4:59pm,19,Not Applicable (Not Transported),Not Applicable (Not Transported),1,Daylight,Reduced Visibility,1,1,['Driver'],['None_Used'],1,1,Invalid,0.0,1.0,72.0,51.0,"['Male', 'Male']",1,0,4,4,5,Dry,Straight,Level,Lowest,No
19036,27,Minnesota,270275,0,2,2,0,3,ST. PAUL,October,6,Friday,22,25,Urban,Medium Speed (Collector),No,44.97307778,-93.10600278,Non-Intersection,Dark - Lighted,Clear,10:00pm-10:59pm,27,10:00pm-10:59pm,31,Not Applicable (Not Transported),Not Applicable (Not Transported),1,Dark - Lighted,Clear,1,2,['Driver'],['None_Used'],0,0,Invalid,0.0,0.0,49.0,27.0,"['Other', 'Male']",1,0,5,4,5,Dry,Straight,Level,Lowest,No
19037,27,Minnesota,270276,0,3,3,0,5,NOT APPLICABLE,October,7,Saturday,14,23,Rural,Medium Speed (Collector),No,44.09085556,-92.44246944,Non-Intersection,Daylight,Clear,2:00pm-2:59pm,24,2:00pm-2:59pm,32,Not Applicable (Not Transported),Not Applicable (Not Transported),1,Daylight,Clear,1,4,['Driver'],['None_Used'],0,0,Valid,0.0,0.0,64.0,16.0,"['Male', 'Male', 'Male']",1,0,3,4,5,Dry,Curve,Level,Lowest,No
19038,27,Minnesota,270277,0,1,1,0,1,NOT APPLICABLE,October,6,Friday,8,40,Rural,Low Speed (Local),No,44.38483056,-93.40672778,Non-Intersection,Daylight,Rain,8:00am-8:59am,40,8:00am-8:59am,55,9:00am-9:59am,20,1,Daylight,Rain/Wind/Minor,1,0,['Driver'],['Shoulder_Lapbelt'],0,0,Valid,0.0,0.0,65.0,65.0,['Male'],1,0,4,4,3,Loose/Unpaved,Curve,Grade/Hillcrest,Lowest,No
19039,27,Minnesota,270278,0,1,1,0,1,MAPLE GROVE,October,12,Thursday,11,0,Urban,Low Speed (Local),No,45.12864444,-93.47306667,Non-Intersection,Daylight,Cloudy,11:00am-11:59am,3,11:00am-11:59am,9,11:00am-11:59am,45,1,Daylight,Reduced Visibility,1,0,['Driver'],['Shoulder_Lapbelt'],0,0,Valid,2.0,0.0,76.0,76.0,['Male'],0,0,3,4,3,Dry,Curve,Level,Medium,No
19040,27,Minnesota,270279,0,2,2,0,2,NOT APPLICABLE,October,11,Wednesday,19,49,Rural,High Speed (Arterial),Yes,43.87436111,-91.32101667,Non-Intersection,Dark - Not Lighted,Clear,7:00pm-7:59pm,53,8:00pm-8:59pm,0,Not Applicable (Not Transported),Not Applicable (Not Transported),1,Dark - Unlighted,Clear,1,1,['Driver'],['Shoulder_Lapbelt'],0,0,Valid,0.0,0.0,87.0,67.0,"['Male', 'Male']",0,0,4,4,5,Dry,Straight,Level,Lowest,No
19041,27,Minnesota,270280,1,1,1,0,1,MINNEAPOLIS,October,13,Friday,21,30,Urban,Medium Speed (Collector),No,44.94839167,-93.25759444,Complex/Circle,Dark - Lighted,Rain,9:00pm-9:59pm,33,9:00pm-9:59pm,36,9:00pm-9:59pm,50,1,Dark - Lighted,Rain/Wind/Minor,0,0,[],[],0,0,Invalid,0.0,0.0,998.0,998.0,['Other'],0,0,1,0,4,Wet/Standing Water,Straight,Level,Lowest,No
19042,27,Minnesota,270281,0,1,1,0,1,CROOKSTON,October,13,Friday,2,20,Urban,Medium Speed (Collector),No,47.77121944,-96.60901389,Simple Junction,Dark - Lighted,Clear,2:00am-2:59am,30,2:00am-2:59am,31,Not Applicable (Not Transported),Not Applicable (Not Transported),1,Dark - Lighted,Clear,1,0,['Driver'],['Shoulder_Lapbelt'],1,1,Valid,0.0,0.0,26.0,26.0,['Male'],1,0,2,4,4,Dry,Curve,Level,Lowest,No
19043,27,Minnesota,270282,0,2,2,0,5,NOT APPLICABLE,October,15,Sunday,16,5,Rural,High Speed (Arterial),Yes,45.09531389,-95.89538056,Non-Intersection,Daylight,Clear,4:00pm-4:59pm,7,4:00pm-4:59pm,13,4:00pm-4:59pm,49,1,Daylight,Clear,1,4,['Driver'],['Shoulder_Lapbelt'],0,0,Valid,1.0,0.0,35.0,31.0,"['Female', 'Male']",0,0,3,4,5,Dry,Straight,Level,Medium,No
19044,27,Minnesota,270283,0,1,1,0,1,ALBERT LEA,October,19,Thursday,12,45,Urban,Medium Speed (Collector),No,43.65669167,-93.38336111,Non-Intersection,Daylight,Clear,12:00pm-12:59pm,45,12:00pm-12:59pm,50,Not Applicable (Not Transported),Not Applicable (Not Transported),1,Daylight,Clear,1,0,['Driver'],['None_Used'],0,0,Valid,0.0,0.0,82.0,82.0,['Male'],0,0,2,4,3,Dry,Straight,Level,Medium,No