,State_Code,State_Name,Crash_ID,Count_Non_Motorists,Count_Vehicles_Total,Count_Vehicle_Forms,Count_PVH_Involved,Count_Occupants_MV,City_Name,Month_Name,Day_of_Month,Day_of_Week,Crash_Hour,Crash_Minute,Area_Rural_Urban,Road_Functional_Class,On_NHS_Road,Latitude,Longitude,Intersection_Type,Light_Condition,Weather_Condition,Notif_Hour,Notif_Minute,Arrival_Hour,Arrival_Minute,Hospital_Hour,Hospital_Minute,Fatalities_Count,Clean_Light_Condition,Clean_Weather_Condition,Total_Killed,Total_Alive,Fatal_Seats_List,Killed_Restraint_List,Any_Driver_Drinking,Total_Drinking_Drivers,Driver_License_Category,Driver_Max_Prev_Accident_Count,Driver_Max_Prev_Speeding_Count,Max_Driver_Age,Min_Driver_Age,Driver_Sex_List,Total_Exceeding_Limit_Vehicles,Total_Too_Fast_Vehicles,Max_Vehicle_Type_Severity_5,Max_Vehicle_Damage_Rank,Max_Harmful_Event_Severity,Crash_Road_Surface_Condition,Crash_Horizontal_Alignment,Crash_Vertical_Profile,Crash_Impairment_Category,Crash_Vehicle_Defect
19045,27,Minnesota,270284,0,2,2,0,6,ROGERS,October,21,Saturday,16,49,Urban,High Speed (Arterial),Yes,45.21511111,-93.59129167,Non-Intersection,Daylight,Cloudy,4:00pm-4:59pm,52,5:00pm-5:59pm,11,5:00pm-5:59pm,42,2,Daylight,Reduced Visibility,2,4,"['Driver', 'Rear_Seat']","['Shoulder_Lapbelt', 'Shoulder_Lapbelt']",0,0,Valid,0.0,0.0,44.0,37.0,"['Male', 'Female']",0,0,4,4,5,Dry,Straight,Level,Lowest,Yes
19046,27,Minnesota,270285,0,2,2,0,6,NOT APPLICABLE,October,21,Saturday,20,10,Rural,Medium Speed (Collector),No,47.62011111,-92.45199722,Non-Intersection,Dark - Not Lighted,Cloudy,8:00pm-8:59pm,10,8:00pm-8:59pm,23,8:00pm-8:59pm,55,1,Dark - Unlighted,Reduced Visibility,1,5,['Rear_Seat'],['None_Used'],1,1,Invalid,0.0,0.0,58.0,38.0,"['Male', 'Male']",3,0,3,4,5,Wet/Standing Water,Straight,Level,Lowest,No
19047,27,Minnesota,270286,0,1,1,0,1,NOT APPLICABLE,October,22,Sunday,15,47,Rural,Medium Speed (Collector),No,44.33115556,-92.18770556,Non-Intersection,Daylight,Cloudy,3:00pm-3:59pm,47,4:00pm-4:59pm,1,Not Applicable (Not Transported),Not Applicable (Not Transported),1,Daylight,Reduced Visibility,1,0,['Driver'],['None_Used'],0,0,Valid,0.0,0.0,36.0,36.0,['Male'],1,0,5,3,2,Dry,Curve,Level,Lowest,No
19048,27,Minnesota,270288,0,2,2,0,2,SPRING GROVE,May,23,Tuesday,16,41,Rural,Medium Speed (Collector),No,43.55798333,-91.65081111,Simple Junction,Daylight,Clear,4:00pm-4:59pm,42,4:00pm-4:59pm,45,6:00pm-6:59pm,21,1,Daylight,Clear,1,1,['Driver'],['None_Used'],0,0,Valid,0.0,0.0,64.0,36.0,"['Male', 'Male']",0,0,5,4,5,Dry,Straight,Grade/Hillcrest,Lowest,No
19049,27,Minnesota,270289,1,1,1,0,1,COON RAPIDS,September,22,Friday,5,57,Urban,Medium Speed (Collector),No,45.12442222,-93.27996389,Non-Intersection,Dark - Not Lighted,Clear,6:00am-6:59am,10,6:00am-6:59am,19,6:00am-6:59am,36,1,Dark - Unlighted,Clear,0,1,[],[],0,0,Valid,0.0,0.0,28.0,28.0,['Male'],0,0,2,3,4,Dry,Straight,Level,Lowest,No
19050,27,Minnesota,270290,0,2,2,0,2,NOT APPLICABLE,October,21,Saturday,9,51,Rural,Medium Speed (Collector),No,44.67356389,-94.89473611,Complex/Circle,Daylight,Clear,9:00am-9:59am,54,10:00am-10:59am,5,Not Applicable (Not Transported),Not Applicable (Not Transported),2,Daylight,Clear,2,0,"['Driver', 'Driver']","['None_Used', 'Shoulder_Lapbelt']",0,0,Valid,0.0,1.0,62.0,22.0,"['Female', 'Male']",0,0,4,4,5,Dry,Straight,Level,Lowest,No
19051,27,Minnesota,270291,1,3,2,1,3,MINNEAPOLIS,October,24,Tuesday,20,38,Urban,Medium Speed (Collector),No,44.96790278,-93.26256389,Complex/Circle,Dark - Lighted,Rain,8:00pm-8:59pm,38,8:00pm-8:59pm,48,8:00pm-8:59pm,57,1,Dark - Lighted,Rain/Wind/Minor,0,3,[],[],0,0,Valid,0.0,0.0,24.0,18.0,"['Female', 'Male']",0,0,2,4,5,Wet/Standing Water,Straight,Level,Lowest,No
19052,27,Minnesota,270292,0,2,2,0,2,NOT APPLICABLE,October,17,Tuesday,17,38,Urban,High Speed (Arterial),Yes,44.15762222,-93.84851111,Complex/Circle,Daylight,Clear,5:00pm-5:59pm,41,Unknown EMS Scene Arrival Hour,Unknown EMS Scene Arrival Minutes,Unknown,Unknown EMS Hospital Arrival Time,1,Daylight,Clear,1,1,['Driver'],['None_Used'],0,0,Valid,0.0,0.0,27.0,18.0,"['Male', 'Male']",1,0,5,4,5,Dry,Straight,Level,Lowest,No
19053,27,Minnesota,270293,0,1,1,0,1,MINNEAPOLIS,June,24,Saturday,14,46,Urban,Medium Speed (Collector),No,44.93420556,-93.23085833,Complex/Circle,Daylight,Reported as Unknown,2:00pm-2:59pm,46,2:00pm-2:59pm,48,3:00pm-3:59pm,2,1,Daylight,Clear,1,0,['Driver'],['None_Used'],1,1,Invalid,0.0,1.0,21.0,21.0,['Male'],0,0,5,2,3,Dry,Straight,Level,Lowest,No
19054,27,Minnesota,270294,0,1,1,0,1,NOT APPLICABLE,October,28,Saturday,12,32,Rural,High Speed (Arterial),Yes,45.33145,-93.85915278,Non-Intersection,Daylight,Cloudy,12:00pm-12:59pm,36,12:00pm-12:59pm,45,Not Applicable (Not Transported),Not Applicable (Not Transported),1,Daylight,Reduced Visibility,1,0,['Driver'],['Shoulder_Lapbelt'],0,0,Valid,0.0,0.0,45.0,45.0,['Male'],0,0,3,4,3,Dry,Straight,Level,Lowest,No
19055,27,Minnesota,270295,0,2,2,0,2,MAPLEWOOD,October,28,Saturday,19,17,Urban,Medium Speed (Collector),No,45.01061667,-93.02246389,Complex/Circle,Dark - Lighted,Clear,7:00pm-7:59pm,20,7:00pm-7:59pm,26,7:00pm-7:59pm,45,1,Dark - Lighted,Clear,1,1,['Driver'],['None_Used'],0,0,Valid,0.0,1.0,52.0,25.0,"['Female', 'Male']",0,0,5,4,5,Dry,Curve,Level,Lowest,No
19056,27,Minnesota,270296,0,1,1,0,2,NOT APPLICABLE,October,28,Saturday,22,29,Rural,Medium Speed (Collector),No,45.63771667,-93.370175,Non-Intersection,Dark - Not Lighted,Clear,10:00pm-10:59pm,29,11:00pm-11:59pm,15,Unknown,Unknown EMS Hospital Arrival Time,1,Dark - Unlighted,Clear,1,1,['Front_Passenger'],['None_Used'],1,1,Valid,0.0,0.0,29.0,29.0,['Male'],0,0,2,4,3,Dry,Straight,Level,Lowest,No
19057,27,Minnesota,270297,0,1,1,0,1,SCANDIA,October,29,Sunday,4,24,Rural,Medium Speed (Collector),No,45.24742778,-92.89009722,Non-Intersection,Dark - Not Lighted,Cloudy,4:00am-4:59am,25,4:00am-4:59am,35,Not Applicable (Not Transported),Not Applicable (Not Transported),1,Dark - Unlighted,Reduced Visibility,1,0,['Driver'],['None_Used'],1,1,Valid,0.0,0.0,17.0,17.0,['Male'],1,0,2,4,3,Dry,Straight,Level,Lowest,No
19058,27,Minnesota,270298,0,1,1,0,1,AFTON,October,23,Monday,22,15,Rural,Medium Speed (Collector),No,44.93983333,-92.79618889,Non-Intersection,Dark - Not Lighted,Clear,10:00pm-10:59pm,18,10:00pm-10:59pm,25,Not Applicable (Not Transported),Not Applicable (Not Transported),1,Dark - Unlighted,Clear,1,0,['Driver'],['None_Used'],0,0,Valid,0.0,0.0,83.0,83.0,['Male'],0,0,3,4,3,Dry,Curve,Grade/Hillcrest,Lowest,No
19059,27,Minnesota,270299,0,1,1,0,3,NOT APPLICABLE,October,31,Tuesday,15,53,Rural,Medium Speed (Collector),No,47.27091944,-92.17065833,Non-Intersection,Daylight,Clear,3:00pm-3:59pm,55,4:00pm-4:59pm,8,5:00pm-5:59pm,43,1,Daylight,Clear,1,2,['Rear_Seat'],['Shoulder_Lapbelt'],0,0,Invalid,0.0,0.0,29.0,29.0,['Female'],0,0,3,4,3,Icy/Snowy,Curve,Level,Lowest,No
19060,27,Minnesota,270300,0,2,2,0,4,ST. PAUL,November,2,Thursday,15,12,Urban,Low Speed (Local),No,44.979225,-93.12763056,Complex/Circle,Daylight,Clear,3:00pm-3:59pm,15,3:00pm-3:59pm,19,Unknown,Unknown EMS Hospital Arrival Time,1,Daylight,Clear,1,3,['Driver'],['Shoulder_Lapbelt'],0,0,Valid,0.0,0.0,40.0,16.0,"['Male', 'Female']",2,0,3,4,5,Dry,Straight,Level,Lowest,No
19061,27,Minnesota,270301,0,3,3,0,3,NOT APPLICABLE,November,1,Wednesday,12,58,Rural,High Speed (Arterial),Yes,44.54168056,-95.29738611,Non-Intersection,Daylight,Clear,12:00pm-12:59pm,59,1:00pm-1:59pm,9,Not Applicable (Not Transported),Not Applicable (Not Transported),1,Daylight,Clear,1,2,['Driver'],['Shoulder_Lapbelt'],0,0,Valid,1.0,2.0,42.0,22.0,"['Male', 'Male', 'Male']",0,0,4,4,5,Dry,Straight,Level,Lowest,No
19062,27,Minnesota,270302,0,1,1,0,1,MINNEAPOLIS,November,5,Sunday,20,2,Urban,High Speed (Arterial),Yes,45.03646111,-93.28571389,Non-Intersection,Dark - Lighted,Clear,Unknown,Unknown,Unknown EMS Scene Arrival Hour,Unknown EMS Scene Arrival Minutes,Not Applicable (Not Transported),Not Applicable (Not Transported),1,Dark - Lighted,Clear,1,0,['Driver'],['None_Used'],1,1,Valid,0.0,0.0,53.0,53.0,['Male'],1,0,2,4,3,Dry,Straight,Level,Lowest,No
19063,27,Minnesota,270303,0,1,1,0,1,NOT APPLICABLE,October,29,Sunday,8,55,Rural,Medium Speed (Collector),No,47.05393889,-92.59895,Non-Intersection,Daylight,Clear,9:00am-9:59am,2,9:00am-9:59am,28,Not Applicable (Not Transported),Not Applicable (Not Transported),1,Daylight,Clear,1,0,['Driver'],['None_Used'],1,1,Invalid,0.0,0.0,25.0,25.0,['Male'],0,0,2,4,3,Dry,Straight,Level,Lowest,No
19064,27,Minnesota,270304,0,2,2,0,2,NOT APPLICABLE,November,1,Wednesday,14,30,Urban,High Speed (Arterial),Yes,44.47220833,-95.75578056,Complex/Circle,Daylight,Clear,2:00pm-2:59pm,30,2:00pm-2:59pm,36,3:00pm-3:59pm,38,1,Daylight,Clear,1,1,['Driver'],['Shoulder_Lapbelt'],0,0,Invalid,0.0,0.0,61.0,57.0,"['Male', 'Male']",0,0,4,4,5,Dry,Straight,Level,Lowest,No
19065,27,Minnesota,270305,0,2,2,0,3,NOT APPLICABLE,November,3,Friday,14,9,Rural,Medium Speed (Collector),No,46.10814167,-95.87435833,Complex/Circle,Daylight,Clear,2:00pm-2:59pm,12,2:00pm-2:59pm,20,2:00pm-2:59pm,30,1,Daylight,Clear,1,2,['Front_Passenger'],['Shoulder_Lapbelt'],0,0,Valid,0.0,2.0,46.0,20.0,"['Female', 'Male']",0,0,3,4,5,Dry,Straight,Level,Lowest,No
19066,27,Minnesota,270306,0,3,3,0,3,NOT APPLICABLE,November,8,Wednesday,16,52,Rural,Medium Speed (Collector),No,47.51177778,-92.3596,Non-Intersection,Daylight,Rain,4:00pm-4:59pm,52,5:00pm-5:59pm,0,5:00pm-5:59pm,55,1,Daylight,Rain/Wind/Minor,1,2,['Driver'],['Shoulder_Lapbelt'],0,0,Valid,0.0,0.0,61.0,29.0,"['Female', 'Female', 'Male']",0,0,3,4,5,Wet/Standing Water,Straight,Level,Lowest,No
19067,27,Minnesota,270307,0,1,1,0,1,NOT APPLICABLE,November,9,Thursday,7,15,Rural,Medium Speed (Collector),No,43.52298611,-93.01094722,Non-Intersection,Dawn,Clear,0:00am-0:59am,0,0:00am-0:59am,0,Not Applicable (Not Transported),Not Applicable (Not Transported),1,Twilight,Clear,1,0,['Driver'],['None_Used'],0,0,Valid,0.0,0.0,53.0,53.0,['Male'],0,0,3,4,3,Dry,Straight,Level,Lowest,No
19068,27,Minnesota,270308,0,3,3,0,4,ROSEVILLE,November,9,Thursday,16,30,Urban,Medium Speed (Collector),No,45.02026944,-93.14651667,Complex/Circle,Daylight,Clear,4:00pm-4:59pm,35,4:00pm-4:59pm,45,5:00pm-5:59pm,25,1,Daylight,Clear,1,3,['Front_Passenger'],['Shoulder_Lapbelt'],0,0,Valid,1.0,0.0,62.0,18.0,"['Male', 'Female', 'Male']",0,0,3,4,5,Dry,Straight,Level,Medium,No
19069,27,Minnesota,270309,0,2,2,0,3,NOT APPLICABLE,November,11,Saturday,11,7,Rural,Medium Speed (Collector),No,44.42902222,-93.28907222,Non-Intersection,Daylight,Cloudy,11:00am-11:59am,7,11:00am-11:59am,15,12:00pm-12:59pm,0,1,Daylight,Reduced Visibility,1,2,['Driver'],['None_Used'],0,0,Valid,0.0,0.0,67.0,44.0,"['Male', 'Male']",0,0,3,4,5,Dry,Curve,Grade/Hillcrest,Lowest,No
19070,27,Minnesota,270310,0,1,1,0,1,NOT APPLICABLE,November,6,Monday,17,25,Rural,Medium Speed (Collector),No,45.42731944,-94.45839167,Non-Intersection,Dark - Not Lighted,Clear,5:00pm-5:59pm,26,5:00pm-5:59pm,45,Not Applicable (Not Transported),Not Applicable (Not Transported),1,Dark - Unlighted,Clear,1,0,['Driver'],['Shoulder_Lapbelt'],0,0,Valid,0.0,0.0,77.0,77.0,['Female'],0,0,3,4,3,Dry,Straight,Level,Lowest,No
19071,27,Minnesota,270311,0,3,3,0,4,BROOKLYN PARK,November,13,Monday,11,24,Urban,High Speed (Arterial),Yes,45.15025833,-93.39210556,Non-Intersection,Daylight,Clear,11:00am-11:59am,24,11:00am-11:59am,24,11:00am-11:59am,50,2,Daylight,Clear,2,2,"['Driver', 'Front_Passenger']","['Shoulder_Lapbelt', 'Shoulder_Lapbelt']",0,0,Invalid,0.0,1.0,78.0,51.0,"['Male', 'Male', 'Female']",0,0,3,4,5,Dry,Straight,Level,Lowest,No
19072,27,Minnesota,270312,1,1,1,0,1,NOT APPLICABLE,November,13,Monday,16,51,Rural,High Speed (Arterial),Yes,46.14045556,-93.70470833,Non-Intersection,Dusk,Clear,4:00pm-4:59pm,51,4:00pm-4:59pm,59,Not Applicable (Not Transported),Not Applicable (Not Transported),1,Twilight,Clear,0,0,[],[],0,0,Invalid,0.0,0.0,999.0,999.0,['Other'],0,0,1,0,4,Dry,Straight,Level,Lowest,No
19073,27,Minnesota,270313,0,1,1,0,2,NOT APPLICABLE,November,13,Monday,16,43,Rural,Medium Speed (Collector),No,45.80349167,-95.499175,Non-Intersection,Daylight,Clear,4:00pm-4:59pm,44,4:00pm-4:59pm,53,5:00pm-5:59pm,37,2,Daylight,Clear,2,0,"['Driver', 'Front_Passenger']","['Shoulder_Lapbelt', 'Shoulder_Lapbelt']",0,0,Valid,0.0,0.0,92.0,92.0,['Male'],0,0,2,4,3,Dry,Straight,Grade/Hillcrest,Lowest,No
19074,27,Minnesota,270314,1,1,1,0,1,FRIDLEY,November,16,Thursday,17,46,Urban,Medium Speed (Collector),No,45.08550278,-93.26341944,Complex/Circle,Dark - Lighted,Clear,5:00pm-5:59pm,46,5:00pm-5:59pm,55,6:00pm-6:59pm,20,1,Dark - Lighted,Clear,0,1,[],[],0,0,Valid,1.0,0.0,29.0,29.0,['Male'],0,0,3,2,4,Dry,Straight,Level,Lowest,No
19075,27,Minnesota,270315,0,2,2,0,2,HIBBING,November,16,Thursday,17,1,Urban,High Speed (Arterial),Yes,47.45372778,-92.89425278,Complex/Circle,Dusk,Clear,5:00pm-5:59pm,1,5:00pm-5:59pm,8,Not Applicable (Not Transported),Not Applicable (Not Transported),1,Twilight,Clear,1,1,['Driver'],['Shoulder_Lapbelt'],1,1,Valid,0.0,0.0,54.0,50.0,"['Male', 'Female']",0,0,4,4,5,Dry,Straight,Level,Lowest,No
19076,27,Minnesota,270316,0,1,1,0,1,LINO LAKES,November,18,Saturday,2,34,Urban,High Speed (Arterial),Yes,45.16346667,-93.03212222,Non-Intersection,Dark - Lighted,Clear,2:00am-2:59am,34,2:00am-2:59am,48,Not Applicable (Not Transported),Not Applicable (Not Transported),1,Dark - Lighted,Clear,1,0,['Driver'],['Shoulder_Lapbelt'],1,1,Valid,0.0,0.0,20.0,20.0,['Male'],0,0,3,4,3,Dry,Straight,Grade/Hillcrest,Lowest,No
19077,27,Minnesota,270317,0,1,1,0,2,NOT APPLICABLE,November,19,Sunday,13,2,Rural,Medium Speed (Collector),No,45.54466667,-93.86992778,Non-Intersection,Daylight,Clear,1:00pm-1:59pm,5,1:00pm-1:59pm,35,Not Applicable (Not Transported),Not Applicable (Not Transported),2,Daylight,Clear,2,0,"['Driver', 'Rear_Seat']","['None_Used', 'None_Used']",0,0,Valid,0.0,0.0,57.0,57.0,['Male'],0,0,5,4,3,Dry,Curve,Level,Lowest,No
19078,27,Minnesota,270318,0,2,2,0,4,NOT APPLICABLE,November,18,Saturday,18,30,Rural,High Speed (Arterial),Yes,44.892725,-94.22932778,Non-Intersection,Dark - Not Lighted,Clear,6:00pm-6:59pm,31,6:00pm-6:59pm,39,7:00pm-7:59pm,48,2,Dark - Unlighted,Clear,2,2,"['Driver', 'Driver']","['Shoulder_Lapbelt', 'Shoulder_Lapbelt']",0,0,Valid,0.0,0.0,68.0,34.0,"['Male', 'Male']",0,0,3,4,5,Dry,Curve,Level,Lowest,No
19079,27,Minnesota,270319,0,2,2,0,5,Other,November,17,Friday,20,0,Rural,Low Speed (Local),No,45.38159167,-93.50985278,Non-Intersection,Dark - Not Lighted,Clear,8:00pm-8:59pm,0,8:00pm-8:59pm,20,9:00pm-9:59pm,25,1,Dark - Unlighted,Clear,1,4,['Driver'],['Shoulder_Lapbelt'],0,0,Valid,0.0,1.0,32.0,23.0,"['Male', 'Male']",0,0,3,4,5,Dry,Straight,Level,Lowest,No
19080,27,Minnesota,270320,0,1,1,0,2,NOT APPLICABLE,November,15,Wednesday,18,54,Rural,Medium Speed (Collector),No,48.01616111,-92.90667222,Non-Intersection,Dark - Not Lighted,Clear,6:00pm-6:59pm,55,7:00pm-7:59pm,7,9:00pm-9:59pm,35,1,Dark - Unlighted,Clear,1,1,['Driver'],['Shoulder_Lapbelt'],0,0,Valid,0.0,0.0,17.0,17.0,['Male'],2,0,2,4,3,Dry,Straight,Level,Lowest,No
19081,27,Minnesota,270321,0,2,2,0,4,YOUNG AMERICA (HISTORICAL),November,14,Tuesday,12,29,Rural,High Speed (Arterial),Yes,44.77246667,-93.92946111,Complex/Circle,Daylight,Cloudy,12:00pm-12:59pm,29,12:00pm-12:59pm,40,1:00pm-1:59pm,0,1,Daylight,Reduced Visibility,1,3,['Driver'],['Shoulder_Lapbelt'],0,0,Valid,0.0,0.0,91.0,87.0,"['Male', 'Female']",0,0,3,4,5,Dry,Straight,Level,Lowest,No
19082,27,Minnesota,270322,1,1,1,0,4,MINNETONKA MILLS,November,18,Saturday,15,47,Urban,Medium Speed (Collector),No,44.95388611,-93.41247222,Non-Intersection,Daylight,Clear,3:00pm-3:59pm,49,3:00pm-3:59pm,57,4:00pm-4:59pm,22,1,Daylight,Clear,0,4,[],[],0,0,Valid,0.0,0.0,57.0,57.0,['Female'],0,0,3,3,4,Dry,Straight,Level,Lowest,No
19083,27,Minnesota,270323,0,1,1,0,1,RANDOLPH,November,29,Wednesday,8,7,Rural,Medium Speed (Collector),No,44.52224167,-93.01246667,Non-Intersection,Daylight,Clear,8:00am-8:59am,7,8:00am-8:59am,23,Not Applicable (Not Transported),Not Applicable (Not Transported),1,Daylight,Clear,1,0,['Driver'],['Shoulder_Lapbelt'],0,0,Valid,0.0,0.0,17.0,17.0,['Male'],1,0,3,4,3,Icy/Snowy,Curve,Level,Lowest,No
19084,27,Minnesota,270324,0,2,2,0,3,NOT APPLICABLE,November,29,Wednesday,11,36,Rural,Medium Speed (Collector),No,45.00833333,-95.10612778,Complex/Circle,Daylight,Clear,11:00am-11:59am,39,11:00am-11:59am,44,12:00pm-12:59pm,25,2,Daylight,Clear,2,1,"['Driver', 'Front_Passenger']","['None_Used', 'Shoulder_Lapbelt']",0,0,Valid,1.0,0.0,83.0,75.0,"['Female', 'Male']",0,0,3,4,5,Dry,Straight,Level,Lowest,No
19085,27,Minnesota,270325,0,2,2,0,2,NOT APPLICABLE,November,29,Wednesday,9,45,Rural,Medium Speed (Collector),No,45.58597222,-94.49945556,Non-Intersection,Daylight,Clear,9:00am-9:59am,50,9:00am-9:59am,55,Not Applicable (Not Transported),Not Applicable (Not Transported),1,Daylight,Clear,1,1,['Driver'],['Shoulder_Lapbelt'],0,0,Valid,0.0,0.0,64.0,31.0,"['Female', 'Male']",1,0,2,4,5,Icy/Snowy,Curve,Grade/Hillcrest,Lowest,No
19086,27,Minnesota,270326,0,1,1,0,1,NEW BRIGHTON,November,30,Thursday,21,39,Urban,High Speed (Arterial),Yes,45.06699167,-93.19048611,Non-Intersection,Dark - Lighted,Clear,9:00pm-9:59pm,39,9:00pm-9:59pm,45,Not Applicable (Not Transported),Not Applicable (Not Transported),1,Dark - Lighted,Clear,1,0,['Driver'],['Shoulder_Lapbelt'],0,0,Valid,0.0,0.0,60.0,60.0,['Male'],0,0,2,4,2,Dry,Straight,Level,Lowest,No
19087,27,Minnesota,270327,1,1,1,0,1,BAXTER,November,30,Thursday,6,7,Urban,High Speed (Arterial),Yes,46.369475,-94.24422778,Complex/Circle,Dark - Lighted,Clear,6:00am-6:59am,7,6:00am-6:59am,10,Not Applicable (Not Transported),Not Applicable (Not Transported),1,Dark - Lighted,Clear,0,1,[],[],0,0,Valid,0.0,0.0,45.0,45.0,['Male'],0,0,3,3,4,Icy/Snowy,Straight,Level,Lowest,No
19088,27,Minnesota,270328,0,1,1,0,2,BROOKLYN PARK,November,26,Sunday,12,33,Urban,Medium Speed (Collector),No,45.10067222,-93.38909722,Complex/Circle,Daylight,Clear,12:00pm-12:59pm,44,12:00pm-12:59pm,45,Not Applicable (Not Transported),Not Applicable (Not Transported),1,Daylight,Clear,1,1,['Driver'],['Shoulder_Lapbelt'],0,0,Invalid,0.0,0.0,25.0,25.0,['Female'],0,0,3,4,3,Dry,Straight,Level,Lowest,No
19089,27,Minnesota,270329,0,2,2,0,2,NOT APPLICABLE,December,1,Friday,17,15,Urban,Medium Speed (Collector),No,46.80409722,-96.767525,Complex/Circle,Dark - Lighted,Clear,5:00pm-5:59pm,15,5:00pm-5:59pm,29,6:00pm-6:59pm,12,1,Dark - Lighted,Clear,1,1,['Driver'],['None_Used'],0,0,Valid,0.0,0.0,69.0,60.0,"['Female', 'Male']",0,0,3,4,5,Dry,Curve,Level,Lowest,No
19090,27,Minnesota,270331,1,1,1,0,1,MAPLE GROVE,December,2,Saturday,21,19,Urban,High Speed (Arterial),Yes,45.08889167,-93.42745833,Non-Intersection,Dark - Lighted,Clear,9:00pm-9:59pm,14,9:00pm-9:59pm,21,Not Applicable (Not Transported),Not Applicable (Not Transported),1,Dark - Lighted,Clear,0,1,[],[],0,0,Valid,1.0,3.0,22.0,22.0,['Male'],0,0,3,4,4,Dry,Straight,Level,Lowest,No
19091,27,Minnesota,270332,0,3,3,0,3,GRANT,November,29,Wednesday,7,50,Rural,Medium Speed (Collector),No,45.07905833,-92.92410556,Non-Intersection,Daylight,Clear,7:00am-7:59am,50,8:00am-8:59am,0,8:00am-8:59am,45,1,Daylight,Clear,1,2,['Driver'],['Shoulder_Lapbelt'],0,0,Valid,1.0,0.0,47.0,16.0,"['Male', 'Male', 'Female']",1,0,3,4,5,Icy/Snowy,Straight,Level,Lowest,No
19092,27,Minnesota,270333,0,1,1,0,1,BURNSVILLE,December,3,Sunday,19,8,Urban,High Speed (Arterial),Yes,44.73769167,-93.28340556,Non-Intersection,Dark - Lighted,Clear,7:00pm-7:59pm,8,7:00pm-7:59pm,10,Not Applicable (Not Transported),Not Applicable (Not Transported),1,Dark - Lighted,Clear,1,0,['Driver'],['Shoulder_Lapbelt'],0,0,Valid,0.0,0.0,55.0,55.0,['Female'],1,0,3,4,2,Dry,Straight,Level,Lowest,No
19093,27,Minnesota,270334,0,2,2,0,2,NOT APPLICABLE,December,1,Friday,16,2,Urban,High Speed (Arterial),Yes,46.84567222,-95.86330833,Non-Intersection,Daylight,Clear,4:00pm-4:59pm,2,4:00pm-4:59pm,15,4:00pm-4:59pm,52,1,Daylight,Clear,1,1,['Driver'],['Shoulder_Lapbelt'],0,0,Invalid,0.0,0.0,53.0,36.0,"['Male', 'Male']",0,0,4,4,5,Dry,Curve,Level,Lowest,No
19094,27,Minnesota,270335,0,1,1,0,1,NOT APPLICABLE,November,20,Monday,11,25,Rural,Low Speed (Local),No,43.56205556,-92.16916944,Non-Intersection,Daylight,Clear,11:00am-11:59am,26,11:00am-11:59am,39,12:00pm-12:59pm,30,1,Daylight,Clear,1,0,['Driver'],['None_Used'],0,0,Valid,0.0,0.0,63.0,63.0,['Male'],0,0,5,3,3,Dry,Straight,Level,Lowest,No
19095,27,Minnesota,270336,0,4,4,0,8,ALBERTVILLE,December,6,Wednesday,12,24,Urban,High Speed (Arterial),Yes,45.23704722,-93.64730278,Non-Intersection,Daylight,Clear,12:00pm-12:59pm,27,12:00pm-12:59pm,34,Unknown,Unknown EMS Hospital Arrival Time,1,Daylight,Clear,1,7,['Driver'],['None_Used'],0,0,Valid,1.0,0.0,73.0,37.0,"['Female', 'Female', 'Female', 'Male']",0,0,3,4,5,Dry,Straight,Level,Lowest,No
19096,27,Minnesota,270337,0,1,1,0,1,NOT APPLICABLE,January,5,Thursday,9,55,Rural,Low Speed (Local),No,46.90075278,-92.522525,Non-Intersection,Daylight,Clear,9:00am-9:59am,59,10:00am-10:59am,10,Not Applicable (Not Transported),Not Applicable (Not Transported),1,Daylight,Clear,1,0,['Driver'],['None_Used'],0,0,Valid,0.0,0.0,56.0,56.0,['Male'],0,0,3,4,4,Icy/Snowy,Straight,Level,Lowest,No
19097,27,Minnesota,270338,0,4,4,0,5,ST. PETER,November,27,Monday,17,26,Urban,High Speed (Arterial),Yes,44.30760278,-93.97085278,Simple Junction,Dark - Lighted,Clear,5:00pm-5:59pm,26,5:00pm-5:59pm,33,6:00pm-6:59pm,3,2,Dark - Lighted,Clear,2,3,"['Driver', 'Front_Passenger']","['Shoulder_Lapbelt', 'Shoulder_Lapbelt']",0,0,Valid,2.0,2.0,86.0,20.0,"['Female', 'Male', 'Female', 'Male']",0,0,3,4,5,Dry,Straight,Level,Lowest,No
19098,27,Minnesota,270339,0,2,2,0,2,NOT APPLICABLE,November,29,Wednesday,7,15,Rural,High Speed (Arterial),Yes,45.40231667,-93.56633889,Non-Intersection,Daylight,Clear,7:00am-7:59am,15,7:00am-7:59am,21,Not Applicable (Not Transported),Not Applicable (Not Transported),1,Daylight,Clear,1,1,['Driver'],['Shoulder_Lapbelt'],0,0,Valid,2.0,0.0,47.0,41.0,"['Male', 'Female']",1,0,4,4,5,Icy/Snowy,Straight,Level,Lowest,No
19099,27,Minnesota,270340,0,3,3,0,4,MINNEAPOLIS,December,7,Thursday,17,44,Urban,High Speed (Arterial),Yes,44.95724444,-93.24396944,Non-Intersection,Dark - Lighted,Cloudy,5:00pm-5:59pm,46,5:00pm-5:59pm,51,6:00pm-6:59pm,4,2,Dark - Lighted,Reduced Visibility,2,2,"['Driver', 'Rear_Seat']","['Shoulder_Lapbelt', 'Shoulder_Lapbelt']",0,0,Valid,2.0,2.0,56.0,23.0,"['Male', 'Male', 'Male']",1,0,2,4,5,Dry,Straight,Level,Medium,No
19100,27,Minnesota,270341,0,1,1,0,1,NOT APPLICABLE,December,7,Thursday,18,39,Rural,Medium Speed (Collector),No,44.83744167,-92.79705833,Non-Intersection,Dark - Not Lighted,Clear,6:00pm-6:59pm,39,6:00pm-6:59pm,50,7:00pm-7:59pm,15,1,Dark - Unlighted,Clear,1,0,['Driver'],['None_Used'],0,0,Valid,1.0,0.0,44.0,44.0,['Male'],0,0,5,4,3,Dry,Straight,Grade/Hillcrest,Lowest,No
19101,27,Minnesota,270342,0,2,2,0,2,CALUMET,December,9,Saturday,4,30,Urban,High Speed (Arterial),Yes,47.32486667,-93.25193889,Non-Intersection,Dark - Not Lighted,Rain,4:00am-4:59am,34,4:00am-4:59am,47,Unknown,Unknown EMS Hospital Arrival Time,1,Dark - Unlighted,Rain/Wind/Minor,1,1,['Driver'],['Shoulder_Lapbelt'],1,1,Valid,1.0,1.0,51.0,20.0,"['Male', 'Male']",0,0,2,4,5,Wet/Standing Water,Straight,Grade/Hillcrest,Lowest,No