,State_Code,State_Name,Crash_ID,Count_Non_Motorists,Count_Vehicles_Total,Count_Vehicle_Forms,Count_PVH_Involved,Count_Occupants_MV,City_Name,Month_Name,Day_of_Month,Day_of_Week,Crash_Hour,Crash_Minute,Area_Rural_Urban,Road_Functional_Class,On_NHS_Road,Latitude,Longitude,Intersection_Type,Light_Condition,Weather_Condition,Notif_Hour,Notif_Minute,Arrival_Hour,Arrival_Minute,Hospital_Hour,Hospital_Minute,Fatalities_Count,Clean_Light_Condition,Clean_Weather_Condition,Total_Killed,Total_Alive,Fatal_Seats_List,Killed_Restraint_List,Any_Driver_Drinking,Total_Drinking_Drivers,Driver_License_Category,Driver_Max_Prev_Accident_Count,Driver_Max_Prev_Speeding_Count,Max_Driver_Age,Min_Driver_Age,Driver_Sex_List,Total_Exceeding_Limit_Vehicles,Total_Too_Fast_Vehicles,Max_Vehicle_Type_Severity_5,Max_Vehicle_Damage_Rank,Max_Harmful_Event_Severity,Crash_Road_Surface_Condition,Crash_Horizontal_Alignment,Crash_Vertical_Profile,Crash_Impairment_Category,Crash_Vehicle_Defect
19102,27,Minnesota,270343,0,1,1,0,1,NOT APPLICABLE,December,9,Saturday,6,50,Rural,High Speed (Arterial),Yes,43.63789444,-95.68801111,Non-Intersection,Dark - Not Lighted,Snow,6:00am-6:59am,50,6:00am-6:59am,59,7:00am-7:59am,14,1,Dark - Unlighted,Snow/Ice/Severe,1,0,['Driver'],['None_Used'],0,0,Valid,0.0,1.0,21.0,21.0,['Male'],0,0,3,4,3,Wet/Standing Water,Straight,Level,Lowest,No
19103,27,Minnesota,270344,0,1,1,0,1,NOT APPLICABLE,October,9,Monday,15,55,Rural,Low Speed (Local),No,45.69073333,-94.84999167,Non-Intersection,Daylight,Clear,3:00pm-3:59pm,55,4:00pm-4:59pm,15,Not Applicable (Not Transported),Not Applicable (Not Transported),1,Daylight,Clear,1,0,['Driver'],['None_Used'],1,1,Valid,0.0,1.0,38.0,38.0,['Female'],0,0,2,4,3,Loose/Unpaved,Straight,Level,Lowest,No
19104,27,Minnesota,270345,0,1,1,0,1,NOT APPLICABLE,December,12,Tuesday,20,39,Rural,Medium Speed (Collector),No,44.25526944,-95.35003611,Non-Intersection,Dark - Not Lighted,Clear,8:00pm-8:59pm,40,8:00pm-8:59pm,55,Not Applicable (Not Transported),Not Applicable (Not Transported),1,Dark - Unlighted,Clear,1,0,['Driver'],['None_Used'],1,1,Valid,0.0,0.0,54.0,54.0,['Male'],0,0,3,4,2,Dry,Curve,Grade/Hillcrest,Lowest,No
19105,27,Minnesota,270346,1,1,1,0,1,STILLWATER,April,25,Tuesday,7,45,Urban,Low Speed (Local),No,45.05030833,-92.81791389,Non-Intersection,Daylight,Clear,7:00am-7:59am,46,7:00am-7:59am,50,Not Applicable (Not Transported),Not Applicable (Not Transported),1,Daylight,Clear,0,1,[],[],0,0,Valid,0.0,0.0,46.0,46.0,['Male'],0,0,4,1,4,Dry,Straight,Level,Lowest,No
19106,27,Minnesota,270347,1,2,2,0,4,COON RAPIDS,December,13,Wednesday,20,2,Urban,Medium Speed (Collector),No,45.173625,-93.34371389,Complex/Circle,Dark - Not Lighted,Clear,8:00pm-8:59pm,3,8:00pm-8:59pm,7,8:00pm-8:59pm,22,1,Dark - Unlighted,Clear,0,4,[],[],0,0,Valid,0.0,0.0,52.0,44.0,"['Male', 'Male']",0,0,3,3,4,Dry,Straight,Level,Lowest,No
19107,27,Minnesota,270348,0,1,1,0,3,ST. PAUL,December,3,Sunday,1,58,Urban,Medium Speed (Collector),No,44.95031667,-93.10949722,Complex/Circle,Dark - Lighted,Clear,1:00am-1:59am,58,2:00am-2:59am,10,2:00am-2:59am,22,1,Dark - Lighted,Clear,1,2,['Driver'],['Shoulder_Lapbelt'],1,1,Invalid,0.0,0.0,26.0,26.0,['Female'],3,0,2,4,3,Dry,Straight,Level,Lowest,No
19108,27,Minnesota,270349,0,1,1,0,1,NOT APPLICABLE,December,15,Friday,5,0,Rural,Medium Speed (Collector),No,44.27307778,-93.70691667,Non-Intersection,Dark - Not Lighted,Clear,Not Applicable (Not Notified),Not Applicable (Not Notified),Not Applicable,Not Applicable,Not Applicable (Not Transported),Not Applicable (Not Transported),1,Dark - Unlighted,Clear,1,0,['Driver'],['None_Used'],0,0,Valid,0.0,0.0,26.0,26.0,['Male'],0,0,2,4,3,Dry,Curve,Level,Lowest,No
19109,27,Minnesota,270350,0,2,2,0,2,ST. CLOUD,October,30,Monday,7,52,Urban,Medium Speed (Collector),No,45.46256111,-94.12387222,Complex/Circle,Daylight,Clear,7:00am-7:59am,54,7:00am-7:59am,58,8:00am-8:59am,30,1,Daylight,Clear,1,1,['Driver'],['Shoulder_Lapbelt'],0,0,Valid,0.0,0.0,57.0,29.0,"['Male', 'Female']",0,0,3,4,5,Dry,Straight,Grade/Hillcrest,Lowest,No
19110,27,Minnesota,270351,0,2,2,0,2,NOT APPLICABLE,December,16,Saturday,2,28,Rural,High Speed (Arterial),Yes,44.13378333,-94.41928056,Non-Intersection,Dark - Not Lighted,Rain,2:00am-2:59am,28,2:00am-2:59am,42,Not Applicable (Not Transported),Not Applicable (Not Transported),2,Dark - Unlighted,Rain/Wind/Minor,2,0,"['Driver', 'Driver']","['Shoulder_Lapbelt', 'None_Used']",0,0,Valid,0.0,2.0,33.0,28.0,"['Male', 'Male']",0,0,3,4,5,Wet/Standing Water,Straight,Level,Lowest,No
19111,27,Minnesota,270352,0,1,1,0,1,NOT APPLICABLE,December,14,Thursday,10,10,Rural,High Speed (Arterial),Yes,45.13181667,-94.96473889,Non-Intersection,Daylight,Clear,10:00am-10:59am,14,10:00am-10:59am,17,11:00am-11:59am,17,1,Daylight,Clear,1,0,['Driver'],['Shoulder_Lapbelt'],0,0,Valid,0.0,0.0,60.0,60.0,['Male'],0,0,4,4,2,Dry,Straight,Level,Medium,No
19112,27,Minnesota,270353,0,2,2,0,3,NOT APPLICABLE,December,18,Monday,15,30,Rural,High Speed (Arterial),Yes,47.67300833,-92.6486,Simple Junction,Daylight,Clear,3:00pm-3:59pm,33,3:00pm-3:59pm,45,4:00pm-4:59pm,31,2,Daylight,Clear,2,1,"['Driver', 'Front_Passenger']","['Shoulder_Lapbelt', 'Shoulder_Lapbelt']",0,0,Valid,1.0,1.0,81.0,65.0,"['Male', 'Male']",1,0,4,4,5,Icy/Snowy,Straight,Level,Lowest,No
19113,27,Minnesota,270354,1,1,1,0,1,BLAINE,June,6,Tuesday,22,38,Urban,High Speed (Arterial),Yes,45.16829167,-93.23488889,Complex/Circle,Dark - Lighted,Clear,10:00pm-10:59pm,39,10:00pm-10:59pm,39,11:00pm-11:59pm,20,1,Dark - Lighted,Clear,0,1,[],[],0,0,Valid,1.0,0.0,61.0,61.0,['Male'],0,0,3,3,4,Dry,Straight,Level,Lowest,No
19114,27,Minnesota,270355,0,4,4,0,6,BLAINE,July,22,Saturday,16,53,Urban,High Speed (Arterial),Yes,45.16802778,-93.23483611,Complex/Circle,Daylight,Cloudy,4:00pm-4:59pm,53,5:00pm-5:59pm,2,5:00pm-5:59pm,20,1,Daylight,Reduced Visibility,1,5,['Rear_Seat'],['None_Used'],0,0,Valid,0.0,1.0,57.0,27.0,"['Male', 'Male', 'Female', 'Male']",0,0,5,4,5,Dry,Straight,Level,Lowest,No
19115,27,Minnesota,270356,0,1,1,0,2,NOT APPLICABLE,September,6,Wednesday,11,28,Rural,Low Speed (Local),No,45.30182778,-94.02391389,Non-Intersection,Daylight,Cloudy,11:00am-11:59am,30,11:00am-11:59am,43,12:00pm-12:59pm,48,1,Daylight,Reduced Visibility,1,1,['Front_Passenger'],['Shoulder_Lapbelt'],0,0,Valid,0.0,0.0,79.0,79.0,['Male'],0,0,3,4,3,Dry,Curve,Level,Lowest,No
19116,27,Minnesota,270357,0,1,1,0,1,NOT APPLICABLE,July,29,Saturday,19,13,Rural,Medium Speed (Collector),No,47.12416111,-91.97156389,Non-Intersection,Daylight,Clear,7:00pm-7:59pm,24,7:00pm-7:59pm,55,8:00pm-8:59pm,30,1,Daylight,Clear,1,0,['Driver'],['None_Used'],1,1,Invalid,0.0,1.0,33.0,33.0,['Male'],0,0,5,4,3,Dry,Straight,Level,Lowest,No
19117,27,Minnesota,270358,0,2,2,0,2,NOT APPLICABLE,December,19,Tuesday,10,12,Rural,High Speed (Arterial),Yes,46.01834167,-94.40961111,Non-Intersection,Daylight,Clear,10:00am-10:59am,13,10:00am-10:59am,23,Not Applicable (Not Transported),Not Applicable (Not Transported),1,Daylight,Clear,1,1,['Driver'],['Shoulder_Lapbelt'],0,0,Valid,0.0,1.0,83.0,62.0,"['Male', 'Male']",0,0,4,4,5,Dry,Straight,Level,Lowest,No
19118,27,Minnesota,270359,0,2,2,0,3,COON RAPIDS,August,24,Thursday,11,12,Urban,Medium Speed (Collector),No,45.175225,-93.34635278,Complex/Circle,Daylight,Clear,11:00am-11:59am,12,11:00am-11:59am,15,11:00am-11:59am,30,1,Daylight,Clear,1,2,['Front_Passenger'],['Shoulder_Lapbelt'],0,0,Valid,1.0,0.0,84.0,23.0,"['Female', 'Male']",0,0,3,4,5,Dry,Straight,Level,Lowest,No
19119,27,Minnesota,270360,0,1,1,0,1,ROSEVILLE,December,21,Thursday,5,1,Urban,Medium Speed (Collector),No,45.03435278,-93.148175,Non-Intersection,Dark - Lighted,Clear,5:00am-5:59am,5,5:00am-5:59am,11,Not Applicable (Not Transported),Not Applicable (Not Transported),1,Dark - Lighted,Clear,1,0,['Driver'],['Shoulder_Lapbelt'],0,0,Valid,3.0,0.0,56.0,56.0,['Male'],0,0,2,4,3,Dry,Curve,Grade/Hillcrest,Lowest,No
19120,27,Minnesota,270361,1,1,1,0,3,VIRGINIA,September,5,Tuesday,7,42,Urban,Medium Speed (Collector),No,47.51608333,-92.53843333,Complex/Circle,Dawn,Clear,7:00am-7:59am,42,7:00am-7:59am,45,8:00am-8:59am,5,1,Twilight,Clear,0,3,[],[],0,0,Valid,0.0,0.0,32.0,32.0,['Male'],0,0,2,3,4,Dry,Straight,Level,Lowest,No
19121,27,Minnesota,270362,0,2,2,0,3,ST. PAUL,February,20,Monday,16,5,Urban,Medium Speed (Collector),No,44.94382222,-93.19249444,Non-Intersection,Daylight,Cloudy,4:00pm-4:59pm,5,4:00pm-4:59pm,10,4:00pm-4:59pm,25,1,Daylight,Reduced Visibility,1,2,['Rear_Seat'],['Shoulder_Lapbelt'],0,0,Invalid,0.0,0.0,52.0,31.0,"['Male', 'Male']",2,0,3,4,5,Dry,Straight,Level,Lowest,No
19122,27,Minnesota,270363,0,1,1,0,1,ST. PAUL,May,7,Sunday,20,55,Urban,Medium Speed (Collector),No,44.96486667,-93.02538056,Non-Intersection,Dark - Lighted,Clear,8:00pm-8:59pm,54,8:00pm-8:59pm,59,Not Applicable (Not Transported),Not Applicable (Not Transported),1,Dark - Lighted,Clear,1,0,['Driver'],['None_Used'],0,0,Invalid,0.0,0.0,21.0,21.0,['Male'],0,0,5,4,3,Dry,Straight,Level,Lowest,No
19123,27,Minnesota,270364,1,1,1,0,1,NOT APPLICABLE,December,13,Wednesday,12,10,Rural,Low Speed (Local),No,43.68933611,-96.34424444,Non-Intersection,Daylight,Clear,12:00pm-12:59pm,29,12:00pm-12:59pm,50,Not Applicable (Not Transported),Not Applicable (Not Transported),1,Daylight,Clear,0,0,[],[],0,0,Invalid,0.0,0.0,999.0,999.0,['Other'],0,0,3,4,4,Dry,Straight,Grade/Hillcrest,Lowest,No
19124,27,Minnesota,270365,0,1,1,0,1,NOT APPLICABLE,December,21,Thursday,21,29,Rural,Medium Speed (Collector),No,43.77551389,-92.32909167,Simple Junction,Dark - Not Lighted,Cloudy,9:00pm-9:59pm,35,9:00pm-9:59pm,35,Not Applicable (Not Transported),Not Applicable (Not Transported),1,Dark - Unlighted,Reduced Visibility,1,0,['Driver'],['None_Used'],1,1,Valid,0.0,2.0,27.0,27.0,['Female'],0,0,3,4,2,Dry,Straight,Level,Lowest,No
19125,27,Minnesota,270366,0,3,3,0,4,NOT APPLICABLE,December,22,Friday,16,6,Rural,High Speed (Arterial),Yes,45.33421111,-94.29384444,Complex/Circle,Daylight,"Fog, Smog, Smoke",4:00pm-4:59pm,11,4:00pm-4:59pm,30,Not Applicable (Not Transported),Not Applicable (Not Transported),1,Daylight,Reduced Visibility,1,3,['Driver'],['None_Used'],0,0,Valid,1.0,0.0,80.0,17.0,"['Male', 'Female', 'Male']",0,0,3,4,5,Wet/Standing Water,Straight,Level,Lowest,No
19126,27,Minnesota,270367,0,2,2,0,2,Columbus,December,23,Saturday,13,45,Rural,Medium Speed (Collector),No,45.22583611,-93.08993889,Non-Intersection,Daylight,Rain,1:00pm-1:59pm,50,1:00pm-1:59pm,55,2:00pm-2:59pm,55,1,Daylight,Rain/Wind/Minor,1,1,['Driver'],['Shoulder_Lapbelt'],1,1,Valid,0.0,1.0,32.0,22.0,"['Female', 'Male']",1,0,3,4,5,Wet/Standing Water,Curve,Level,Lowest,No
19127,27,Minnesota,270368,0,1,1,0,1,NOT APPLICABLE,December,24,Sunday,0,30,Rural,Medium Speed (Collector),No,43.68221111,-95.19036667,Non-Intersection,Dark - Not Lighted,Rain,8:00am-8:59am,15,8:00am-8:59am,25,Not Applicable (Not Transported),Not Applicable (Not Transported),1,Dark - Unlighted,Rain/Wind/Minor,1,0,['Driver'],['None_Used'],1,1,Valid,0.0,0.0,42.0,42.0,['Male'],1,0,5,4,2,Wet/Standing Water,Curve,Grade/Hillcrest,Lowest,No
19128,27,Minnesota,270369,0,2,2,0,2,NOT APPLICABLE,December,24,Sunday,19,57,Rural,Medium Speed (Collector),No,45.58435833,-95.28191389,Non-Intersection,Dark - Not Lighted,Rain,7:00pm-7:59pm,53,8:00pm-8:59pm,1,8:00pm-8:59pm,34,1,Dark - Unlighted,Rain/Wind/Minor,1,1,['Driver'],['Shoulder_Lapbelt'],1,1,Valid,0.0,0.0,57.0,18.0,"['Male', 'Female']",0,0,3,4,5,Wet/Standing Water,Straight,Level,Lowest,No
19129,27,Minnesota,270370,1,1,1,0,1,ST. PAUL,December,24,Sunday,20,14,Urban,Medium Speed (Collector),No,44.9774,-93.10357778,Complex/Circle,Dark - Not Lighted,Rain,8:00pm-8:59pm,14,8:00pm-8:59pm,19,Not Applicable (Not Transported),Not Applicable (Not Transported),1,Dark - Unlighted,Rain/Wind/Minor,0,1,[],[],0,0,Valid,0.0,0.0,45.0,45.0,['Male'],0,0,2,4,4,Wet/Standing Water,Straight,Grade/Hillcrest,Lowest,No
19130,27,Minnesota,270371,0,2,2,0,3,NOT APPLICABLE,December,27,Wednesday,11,8,Rural,High Speed (Arterial),Yes,45.32919722,-95.00926111,Complex/Circle,Daylight,Cloudy,11:00am-11:59am,8,11:00am-11:59am,10,Not Applicable (Not Transported),Not Applicable (Not Transported),2,Daylight,Reduced Visibility,2,1,"['Driver', 'Front_Passenger']","['Shoulder_Lapbelt', 'Shoulder_Lapbelt']",0,0,Valid,0.0,1.0,80.0,67.0,"['Male', 'Male']",0,0,4,4,5,Dry,Straight,Level,Lowest,No
19131,27,Minnesota,270372,0,2,2,0,2,AITKIN,December,21,Thursday,12,2,Rural,High Speed (Arterial),Yes,46.53303611,-93.727425,Non-Intersection,Daylight,Cloudy,12:00pm-12:59pm,2,12:00pm-12:59pm,7,12:00pm-12:59pm,26,1,Daylight,Reduced Visibility,1,1,['Driver'],['Shoulder_Lapbelt'],0,0,Valid,0.0,0.0,87.0,78.0,"['Female', 'Female']",0,0,2,4,5,Dry,Curve,Level,Lowest,No
19132,27,Minnesota,270373,1,1,1,0,1,PARK RAPIDS,December,22,Friday,17,39,Rural,High Speed (Arterial),Yes,46.92210556,-95.061225,Non-Intersection,Dark - Lighted,"Fog, Smog, Smoke",5:00pm-5:59pm,39,5:00pm-5:59pm,44,6:00pm-6:59pm,6,1,Dark - Lighted,Reduced Visibility,0,1,[],[],1,1,Valid,0.0,0.0,37.0,37.0,['Female'],0,0,3,3,4,Wet/Standing Water,Straight,Level,Lowest,No
19133,27,Minnesota,270374,1,1,1,0,1,WILLMAR,December,26,Tuesday,20,7,Urban,Medium Speed (Collector),No,45.11059444,-95.04237222,Complex/Circle,Dark - Lighted,Clear,8:00pm-8:59pm,7,8:00pm-8:59pm,11,8:00pm-8:59pm,31,1,Dark - Lighted,Clear,0,1,[],[],1,1,Invalid,0.0,1.0,33.0,33.0,['Male'],0,0,2,3,4,Dry,Straight,Level,Lowest,No
19134,27,Minnesota,270375,0,3,3,0,7,NOT APPLICABLE,December,29,Friday,19,5,Rural,Medium Speed (Collector),No,44.64236389,-92.96435833,Non-Intersection,Dark - Not Lighted,Clear,7:00pm-7:59pm,10,7:00pm-7:59pm,20,8:00pm-8:59pm,30,1,Dark - Unlighted,Clear,1,6,['Driver'],['Shoulder_Lapbelt'],0,0,Valid,0.0,0.0,47.0,18.0,"['Female', 'Male', 'Female']",3,0,3,4,5,Dry,Straight,Level,Lowest,No
19135,27,Minnesota,270376,0,1,1,0,1,NOT APPLICABLE,December,30,Saturday,1,9,Rural,Medium Speed (Collector),No,44.16374722,-93.82847222,Non-Intersection,Dark - Not Lighted,Clear,1:00am-1:59am,9,1:00am-1:59am,23,Not Applicable (Not Transported),Not Applicable (Not Transported),1,Dark - Unlighted,Clear,1,0,['Driver'],['Shoulder_Lapbelt'],1,1,Valid,3.0,4.0,21.0,21.0,['Male'],1,0,2,4,3,Dry,Straight,Level,Lowest,No
19136,27,Minnesota,270377,1,1,1,0,1,NOT APPLICABLE,December,23,Saturday,19,0,Rural,Medium Speed (Collector),No,46.31550833,-93.83670556,Non-Intersection,Dark - Not Lighted,Cloudy,7:00pm-7:59pm,3,7:00pm-7:59pm,18,Not Applicable (Not Transported),Not Applicable (Not Transported),1,Dark - Unlighted,Reduced Visibility,0,1,[],[],0,0,Valid,0.0,2.0,49.0,49.0,['Male'],0,0,2,3,4,Wet/Standing Water,Straight,Level,Lowest,No
19137,27,Minnesota,270378,0,2,2,0,2,NOT APPLICABLE,December,30,Saturday,6,5,Rural,Medium Speed (Collector),No,47.48393056,-92.91608889,Non-Intersection,Dark - Not Lighted,Sleet or Hail,6:00am-6:59am,5,6:00am-6:59am,15,7:00am-7:59am,0,1,Dark - Unlighted,Snow/Ice/Severe,1,1,['Driver'],['None_Used'],0,0,Valid,0.0,0.0,58.0,39.0,"['Male', 'Male']",1,0,3,4,5,Icy/Snowy,Curve,Grade/Hillcrest,Lowest,No
19138,27,Minnesota,270379,0,2,2,0,3,WOODBURY,May,28,Sunday,12,32,Urban,Medium Speed (Collector),No,44.94140278,-92.98448889,Complex/Circle,Daylight,Clear,12:00pm-12:59pm,32,12:00pm-12:59pm,37,1:00pm-1:59pm,10,1,Daylight,Clear,1,2,['Front_Passenger'],['Shoulder_Lapbelt'],0,0,Valid,0.0,0.0,83.0,20.0,"['Male', 'Female']",0,0,3,4,5,Dry,Straight,Level,Lowest,No
19139,27,Minnesota,270380,0,1,1,0,2,MAPLEWOOD,December,30,Saturday,1,25,Urban,Medium Speed (Collector),No,45.02150556,-93.05034722,Complex/Circle,Dark - Lighted,Cloudy,1:00am-1:59am,25,1:00am-1:59am,25,1:00am-1:59am,25,1,Dark - Lighted,Reduced Visibility,1,1,['Driver'],['None_Used'],0,0,Valid,0.0,0.0,37.0,37.0,['Male'],2,0,2,4,3,Wet/Standing Water,Curve,Level,Lowest,No
19140,27,Minnesota,270381,0,2,2,0,6,SHAKOPEE,December,26,Tuesday,20,8,Urban,High Speed (Arterial),Yes,44.76203889,-93.43879167,Simple Junction,Dark - Lighted,Clear,8:00pm-8:59pm,9,8:00pm-8:59pm,21,8:00pm-8:59pm,56,1,Dark - Lighted,Clear,1,5,['Rear_Seat'],['Shoulder_Lapbelt'],0,0,Valid,0.0,3.0,26.0,17.0,"['Female', 'Male']",0,0,2,4,5,Dry,Straight,Level,Lowest,No
19141,27,Minnesota,270382,0,1,1,0,2,BROOKLYN CENTER,July,16,Sunday,11,10,Urban,High Speed (Arterial),Yes,45.05128611,-93.32057222,Non-Intersection,Daylight,Clear,11:00am-11:59am,11,11:00am-11:59am,16,11:00am-11:59am,20,1,Daylight,Clear,1,1,['Driver'],['Shoulder_Lapbelt'],0,0,Valid,0.0,0.0,73.0,73.0,['Male'],0,0,2,3,2,Dry,Curve,Grade/Hillcrest,Lowest,No
19142,27,Minnesota,270383,4,1,1,0,1,NOT APPLICABLE,September,25,Monday,8,25,Rural,Medium Speed (Collector),No,43.80255556,-92.38939444,Non-Intersection,Daylight,Clear,8:00am-8:59am,25,8:00am-8:59am,40,9:00am-9:59am,15,2,Daylight,Clear,0,1,[],[],0,0,Valid,0.0,2.0,35.0,35.0,['Female'],1,0,3,4,1,Dry,Straight,Grade/Hillcrest,Lowest,No
19143,27,Minnesota,270384,0,2,2,0,2,NOT APPLICABLE,March,19,Sunday,13,50,Urban,Low Speed (Local),No,47.42489167,-94.88502778,Complex/Circle,Daylight,Clear,1:00pm-1:59pm,50,2:00pm-2:59pm,5,3:00pm-3:59pm,0,1,Daylight,Clear,1,1,['Driver'],['Shoulder_Lapbelt'],0,0,Valid,0.0,0.0,67.0,19.0,"['Female', 'Female']",0,0,2,4,5,Dry,Straight,Level,Lowest,No
19144,27,Minnesota,270385,1,1,1,0,1,MINNEAPOLIS,December,3,Sunday,2,33,Urban,Medium Speed (Collector),No,44.96065,-93.28802222,Complex/Circle,Dark - Lighted,Clear,2:00am-2:59am,33,2:00am-2:59am,37,2:00am-2:59am,49,1,Dark - Lighted,Clear,0,1,[],[],0,0,Valid,0.0,0.0,34.0,34.0,['Male'],0,0,3,3,4,Dry,Straight,Level,Lowest,No
19145,27,Minnesota,270386,0,1,1,0,1,Unknown,January,5,Thursday,99,99,Rural,Low Speed (Local),No,77.7777,777.7777,Non-Intersection,Not Reported,Not Reported,Unknown,Unknown if Notified,Unknown EMS Scene Arrival Hour,Unknown if Arrived,Unknown,Unknown if Transported,1,Dark - Unlighted,Clear,1,0,['Driver'],['Shoulder_Lapbelt'],0,0,Invalid,0.0,0.0,27.0,27.0,['Male'],0,0,1,0,3,Dry,Straight,Level,Lowest,No
19146,28,Mississippi,280001,0,2,2,0,7,NOT APPLICABLE,January,1,Sunday,2,30,Rural,High Speed (Arterial),Yes,33.17621944,-90.83873333,Non-Intersection,Dark - Not Lighted,Clear,2:00am-2:59am,34,2:00am-2:59am,45,3:00am-3:59am,8,1,Dark - Unlighted,Clear,1,6,['Driver'],['Shoulder_Lapbelt'],0,0,Valid,0.0,0.0,50.0,43.0,"['Female', 'Male']",0,0,3,4,5,Dry,Curve,Level,Lowest,No
19147,28,Mississippi,280002,0,1,1,0,2,NOT APPLICABLE,January,1,Sunday,10,0,Rural,Medium Speed (Collector),No,32.78977222,-89.01506944,Non-Intersection,Daylight,Clear,Unknown,Unknown,Unknown EMS Scene Arrival Hour,Unknown EMS Scene Arrival Minutes,Unknown,Unknown EMS Hospital Arrival Time,1,Daylight,Clear,1,1,['Front_Passenger'],['None_Used'],1,1,Invalid,0.0,0.0,21.0,21.0,['Female'],0,0,3,4,3,Dry,Straight,Grade/Hillcrest,Lowest,No
19148,28,Mississippi,280003,0,2,2,0,3,NOT APPLICABLE,January,1,Sunday,21,56,Rural,Low Speed (Local),No,34.54633611,-89.20350833,Non-Intersection,Dark - Not Lighted,Clear,Unknown,Unknown,Unknown EMS Scene Arrival Hour,Unknown EMS Scene Arrival Minutes,Unknown,Unknown EMS Hospital Arrival Time,1,Dark - Unlighted,Clear,1,2,['Front_Passenger'],['None_Used'],0,0,Invalid,0.0,1.0,20.0,15.0,"['Male', 'Female']",0,0,2,4,5,Dry,Straight,Grade/Hillcrest,Lowest,No
19149,28,Mississippi,280004,0,4,4,0,9,NOT APPLICABLE,January,2,Monday,12,20,Rural,High Speed (Arterial),Yes,34.15933333,-89.91893889,Non-Intersection,Daylight,Clear,Unknown,Unknown,Unknown EMS Scene Arrival Hour,Unknown EMS Scene Arrival Minutes,Unknown,Unknown EMS Hospital Arrival Time,1,Daylight,Clear,1,8,['Driver'],['None_Used'],0,0,Valid,1.0,0.0,75.0,19.0,"['Male', 'Male', 'Male', 'Female']",0,0,3,4,5,Wet/Standing Water,Straight,Level,Lowest,No
19150,28,Mississippi,280005,0,2,2,0,3,OXFORD,January,2,Monday,22,37,Urban,Medium Speed (Collector),No,34.35660833,-89.49828056,Simple Junction,Dark - Not Lighted,Rain,Unknown,Unknown,Unknown EMS Scene Arrival Hour,Unknown EMS Scene Arrival Minutes,Unknown,Unknown EMS Hospital Arrival Time,1,Dark - Unlighted,Rain/Wind/Minor,1,2,['Driver'],['None_Used'],0,0,Valid,0.0,0.0,57.0,19.0,"['Male', 'Male']",0,0,5,4,5,Wet/Standing Water,Straight,Level,Lowest,No
19151,28,Mississippi,280006,0,1,1,0,1,HATTIESBURG,January,3,Tuesday,13,21,Urban,High Speed (Arterial),Yes,31.250625,-89.33085,Non-Intersection,Daylight,Rain,1:00pm-1:59pm,21,1:00pm-1:59pm,26,1:00pm-1:59pm,39,1,Daylight,Rain/Wind/Minor,1,0,['Driver'],['None_Used'],0,0,Valid,0.0,0.0,32.0,32.0,['Male'],0,0,2,4,3,Wet/Standing Water,Straight,Level,Lowest,No
19152,28,Mississippi,280007,0,2,2,0,3,MERIDIAN,January,3,Tuesday,18,36,Urban,High Speed (Arterial),Yes,32.38603889,-88.62220556,Non-Intersection,Dark - Not Lighted,Rain,Unknown,Unknown,Unknown EMS Scene Arrival Hour,Unknown EMS Scene Arrival Minutes,Unknown,Unknown EMS Hospital Arrival Time,1,Dark - Unlighted,Rain/Wind/Minor,1,2,['Front_Passenger'],['None_Used'],1,1,Invalid,0.0,0.0,44.0,32.0,"['Male', 'Male']",2,0,4,4,5,Wet/Standing Water,Straight,Level,Lowest,No
19153,28,Mississippi,280008,0,1,1,0,1,NOT APPLICABLE,January,3,Tuesday,18,41,Rural,Medium Speed (Collector),No,32.31268333,-88.54127222,Non-Intersection,Dark - Not Lighted,Clear,Unknown,Unknown,Unknown EMS Scene Arrival Hour,Unknown EMS Scene Arrival Minutes,Not Applicable (Not Transported),Not Applicable (Not Transported),1,Dark - Unlighted,Clear,1,0,['Driver'],['Shoulder_Lapbelt'],0,0,Valid,0.0,0.0,60.0,60.0,['Male'],0,0,2,4,3,Wet/Standing Water,Straight,Level,Lowest,No
19154,28,Mississippi,280009,0,2,2,0,4,NOT APPLICABLE,January,3,Tuesday,18,59,Rural,Medium Speed (Collector),No,32.80854167,-88.54053333,Non-Intersection,Dark - Not Lighted,Rain,Unknown,Unknown,Unknown EMS Scene Arrival Hour,Unknown EMS Scene Arrival Minutes,Unknown,Unknown EMS Hospital Arrival Time,1,Dark - Unlighted,Rain/Wind/Minor,1,3,['Driver'],['Shoulder_Lapbelt'],0,0,Valid,0.0,4.0,51.0,47.0,"['Male', 'Male']",1,0,3,4,5,Wet/Standing Water,Straight,Level,Lowest,No
19155,28,Mississippi,280010,0,2,2,0,3,CORINTH,January,5,Thursday,10,45,Urban,High Speed (Arterial),Yes,34.90597222,-88.48643611,Non-Intersection,Daylight,Clear,Unknown,Unknown,Unknown EMS Scene Arrival Hour,Unknown EMS Scene Arrival Minutes,Unknown,Unknown EMS Hospital Arrival Time,2,Daylight,Clear,2,1,"['Driver', 'Driver']","['Shoulder_Lapbelt', 'Shoulder_Lapbelt']",0,0,Valid,0.0,0.0,80.0,55.0,"['Female', 'Female']",0,0,3,4,5,Dry,Straight,Non-Trafficway,Lowest,No
19156,28,Mississippi,280011,0,2,2,0,3,BRANDON,January,5,Thursday,11,47,Urban,High Speed (Arterial),Yes,32.27779167,-89.99368611,Non-Intersection,Daylight,Clear,Unknown,Unknown,Unknown EMS Scene Arrival Hour,Unknown EMS Scene Arrival Minutes,Unknown,Unknown EMS Hospital Arrival Time,1,Daylight,Clear,1,2,['Front_Passenger'],['Shoulder_Lapbelt'],0,0,Valid,0.0,0.0,46.0,17.0,"['Male', 'Male']",0,0,3,4,5,Dry,Straight,Grade/Hillcrest,Lowest,No