,State_Code,State_Name,Crash_ID,Count_Non_Motorists,Count_Vehicles_Total,Count_Vehicle_Forms,Count_PVH_Involved,Count_Occupants_MV,City_Name,Month_Name,Day_of_Month,Day_of_Week,Crash_Hour,Crash_Minute,Area_Rural_Urban,Road_Functional_Class,On_NHS_Road,Latitude,Longitude,Intersection_Type,Light_Condition,Weather_Condition,Notif_Hour,Notif_Minute,Arrival_Hour,Arrival_Minute,Hospital_Hour,Hospital_Minute,Fatalities_Count,Clean_Light_Condition,Clean_Weather_Condition,Total_Killed,Total_Alive,Fatal_Seats_List,Killed_Restraint_List,Any_Driver_Drinking,Total_Drinking_Drivers,Driver_License_Category,Driver_Max_Prev_Accident_Count,Driver_Max_Prev_Speeding_Count,Max_Driver_Age,Min_Driver_Age,Driver_Sex_List,Total_Exceeding_Limit_Vehicles,Total_Too_Fast_Vehicles,Max_Vehicle_Type_Severity_5,Max_Vehicle_Damage_Rank,Max_Harmful_Event_Severity,Crash_Road_Surface_Condition,Crash_Horizontal_Alignment,Crash_Vertical_Profile,Crash_Impairment_Category,Crash_Vehicle_Defect
19157,28,Mississippi,280012,0,4,4,0,6,JACKSON,January,5,Thursday,14,1,Urban,High Speed (Arterial),Yes,32.36670278,-90.15011667,Simple Junction,Daylight,Clear,Unknown,Unknown,Unknown EMS Scene Arrival Hour,Unknown EMS Scene Arrival Minutes,Unknown,Unknown EMS Hospital Arrival Time,2,Daylight,Clear,2,4,"['Driver', 'Driver']","['Shoulder_Lapbelt', 'Shoulder_Lapbelt']",0,0,Valid,0.0,0.0,81.0,48.0,"['Male', 'Male', 'Male', 'Male']",1,0,3,4,5,Dry,Straight,Level,Lowest,No
19158,28,Mississippi,280013,0,3,3,0,4,NOT APPLICABLE,January,5,Thursday,12,27,Rural,Medium Speed (Collector),No,33.30019444,-89.35107778,Non-Intersection,Daylight,Clear,Unknown,Unknown,Unknown EMS Scene Arrival Hour,Unknown EMS Scene Arrival Minutes,Unknown,Unknown EMS Hospital Arrival Time,1,Daylight,Clear,1,3,['Driver'],['None_Used'],0,0,Valid,0.0,0.0,69.0,39.0,"['Male', 'Male', 'Male']",1,0,4,4,3,Dry,Curve,Grade/Hillcrest,Lowest,No
19159,28,Mississippi,280014,0,3,3,0,3,NOT APPLICABLE,January,5,Thursday,14,23,Rural,High Speed (Arterial),Yes,30.86430556,-88.42028889,Non-Intersection,Daylight,Clear,Unknown,Unknown,Unknown EMS Scene Arrival Hour,Unknown EMS Scene Arrival Minutes,Unknown,Unknown EMS Hospital Arrival Time,1,Daylight,Clear,1,2,['Driver'],['Shoulder_Lapbelt'],1,1,Valid,0.0,0.0,49.0,25.0,"['Male', 'Female', 'Male']",0,0,3,4,5,Dry,Straight,Level,Lowest,No
19160,28,Mississippi,280015,0,1,1,0,1,NOT APPLICABLE,January,5,Thursday,15,35,Rural,Medium Speed (Collector),No,34.77965278,-90.14812222,Non-Intersection,Daylight,Clear,Unknown,Unknown,Unknown EMS Scene Arrival Hour,Unknown EMS Scene Arrival Minutes,Unknown,Unknown EMS Hospital Arrival Time,1,Daylight,Clear,1,0,['Driver'],['Shoulder_Lapbelt'],0,0,Invalid,0.0,0.0,40.0,40.0,['Male'],0,0,2,4,3,Dry,Straight,Level,Lowest,No
19161,28,Mississippi,280016,0,2,2,0,4,HATTIESBURG,January,6,Friday,18,16,Urban,High Speed (Arterial),Yes,31.39046111,-89.37771111,Complex/Circle,Dark - Lighted,Clear,Unknown,Unknown,Unknown EMS Scene Arrival Hour,Unknown EMS Scene Arrival Minutes,Unknown,Unknown EMS Hospital Arrival Time,1,Dark - Lighted,Clear,1,3,['Driver'],['Shoulder_Lapbelt'],0,0,Valid,0.0,0.0,73.0,47.0,"['Male', 'Female']",0,0,3,4,5,Dry,Straight,Level,Lowest,No
19162,28,Mississippi,280017,1,1,1,0,4,SOUTHAVEN,January,7,Saturday,20,43,Urban,Medium Speed (Collector),No,34.98118333,-89.98992222,Non-Intersection,Dark - Not Lighted,Clear,Unknown,Unknown,Unknown EMS Scene Arrival Hour,Unknown EMS Scene Arrival Minutes,Unknown,Unknown EMS Hospital Arrival Time,1,Dark - Unlighted,Clear,0,4,[],[],0,0,Valid,0.0,1.0,31.0,31.0,['Female'],0,0,3,3,4,Dry,Straight,Level,Lowest,No
19163,28,Mississippi,280018,0,1,1,0,1,NOT APPLICABLE,January,7,Saturday,22,14,Rural,Medium Speed (Collector),No,34.46986944,-89.83436389,Non-Intersection,Dark - Lighted,"Fog, Smog, Smoke",Unknown,Unknown,Unknown EMS Scene Arrival Hour,Unknown EMS Scene Arrival Minutes,Not Applicable (Not Transported),Not Applicable (Not Transported),1,Dark - Lighted,Reduced Visibility,1,0,['Driver'],['Shoulder_Lapbelt'],0,0,Valid,0.0,0.0,20.0,20.0,['Female'],1,0,2,4,3,Wet/Standing Water,Curve,Level,Lowest,No
19164,28,Mississippi,280019,0,1,1,0,1,NOT APPLICABLE,January,8,Sunday,7,4,Rural,Medium Speed (Collector),No,34.66941111,-89.77352778,Non-Intersection,Reported as Unknown,"Fog, Smog, Smoke",Unknown,Unknown,Unknown EMS Scene Arrival Hour,Unknown EMS Scene Arrival Minutes,Unknown,Unknown EMS Hospital Arrival Time,1,Dark - Unlighted,Reduced Visibility,1,0,['Driver'],['Shoulder_Lapbelt'],0,0,Valid,0.0,0.0,58.0,58.0,['Female'],1,0,2,4,3,Dry,Curve,Level,Lowest,No
19165,28,Mississippi,280020,0,1,1,0,1,NOT APPLICABLE,January,8,Sunday,16,24,Rural,Medium Speed (Collector),No,32.354425,-89.17064167,Non-Intersection,Daylight,Cloudy,Unknown,Unknown,Unknown EMS Scene Arrival Hour,Unknown EMS Scene Arrival Minutes,Not Applicable (Not Transported),Not Applicable (Not Transported),1,Daylight,Reduced Visibility,1,0,['Driver'],['None_Used'],0,0,Valid,0.0,0.0,17.0,17.0,['Male'],0,0,2,4,3,Wet/Standing Water,Curve,Level,Lowest,No
19166,28,Mississippi,280021,1,1,1,0,1,NOT APPLICABLE,January,10,Tuesday,4,41,Rural,High Speed (Arterial),Yes,34.72431389,-90.36774167,Non-Intersection,Dark - Not Lighted,Clear,Unknown,Unknown,Unknown EMS Scene Arrival Hour,Unknown EMS Scene Arrival Minutes,Not Applicable (Not Transported),Not Applicable (Not Transported),1,Dark - Unlighted,Clear,0,1,[],[],0,0,Invalid,0.0,0.0,35.0,35.0,['Female'],0,0,2,4,4,Dry,Straight,Level,Lowest,No
19167,28,Mississippi,280022,0,1,1,0,2,NOT APPLICABLE,January,10,Tuesday,9,55,Urban,Low Speed (Local),No,33.45306667,-88.34474444,Non-Intersection,Daylight,Clear,Unknown,Unknown,Unknown EMS Scene Arrival Hour,Unknown EMS Scene Arrival Minutes,Unknown,Unknown EMS Hospital Arrival Time,1,Daylight,Clear,1,1,['Front_Passenger'],['None_Used'],1,1,Valid,0.0,0.0,34.0,34.0,['Male'],0,0,2,4,3,Dry,Straight,Level,Lowest,No
19168,28,Mississippi,280023,0,2,2,0,2,NOT APPLICABLE,January,13,Friday,17,23,Rural,High Speed (Arterial),Yes,33.26652778,-90.58927222,Simple Junction,Dusk,Clear,Unknown,Unknown,Unknown EMS Scene Arrival Hour,Unknown EMS Scene Arrival Minutes,Unknown,Unknown EMS Hospital Arrival Time,1,Twilight,Clear,1,1,['Driver'],['None_Used'],0,0,Invalid,0.0,0.0,56.0,31.0,"['Female', 'Male']",0,0,3,4,5,Dry,Straight,Level,Lowest,No
19169,28,Mississippi,280024,0,2,2,0,5,NOT APPLICABLE,January,13,Friday,19,22,Urban,Medium Speed (Collector),No,32.23748611,-90.07032778,Non-Intersection,Dark - Not Lighted,Clear,Unknown,Unknown,Unknown EMS Scene Arrival Hour,Unknown EMS Scene Arrival Minutes,Unknown,Unknown EMS Hospital Arrival Time,1,Dark - Unlighted,Clear,1,4,['Driver'],['Shoulder_Lapbelt'],1,1,Valid,0.0,1.0,30.0,26.0,"['Male', 'Female']",0,0,3,4,5,Dry,Straight,Level,Lowest,No
19170,28,Mississippi,280025,0,2,2,0,2,NOT APPLICABLE,January,14,Saturday,7,59,Rural,Medium Speed (Collector),No,31.23430556,-89.92678889,Non-Intersection,Daylight,Clear,Unknown,Unknown,Unknown EMS Scene Arrival Hour,Unknown EMS Scene Arrival Minutes,Not Applicable (Not Transported),Not Applicable (Not Transported),1,Daylight,Clear,1,1,['Driver'],['None_Used'],0,0,Valid,0.0,0.0,57.0,55.0,"['Female', 'Male']",0,0,3,4,5,Dry,Straight,Level,Lowest,No
19171,28,Mississippi,280026,0,2,2,0,4,JACKSON,January,15,Sunday,2,45,Urban,Medium Speed (Collector),No,32.366675,-90.14934444,Complex/Circle,Dark - Lighted,Clear,Unknown,Unknown,Unknown EMS Scene Arrival Hour,Unknown EMS Scene Arrival Minutes,Unknown,Unknown EMS Hospital Arrival Time,2,Dark - Lighted,Clear,2,2,"['Front_Passenger', 'Rear_Seat']","['None_Used', 'None_Used']",1,1,Valid,0.0,0.0,53.0,22.0,"['Male', 'Female']",1,0,2,4,5,Dry,Straight,Level,Lowest,No
19172,28,Mississippi,280027,1,1,1,0,1,NOT APPLICABLE,January,15,Sunday,3,54,Urban,High Speed (Arterial),Yes,30.43983056,-88.71345556,Non-Intersection,Dark - Not Lighted,Clear,Unknown,Unknown,Unknown EMS Scene Arrival Hour,Unknown EMS Scene Arrival Minutes,Not Applicable (Not Transported),Not Applicable (Not Transported),1,Dark - Unlighted,Clear,0,1,[],[],0,0,Valid,0.0,0.0,47.0,47.0,['Male'],0,0,2,4,4,Dry,Straight,Level,Lowest,No
19173,28,Mississippi,280028,0,1,1,0,4,NOT APPLICABLE,January,15,Sunday,9,52,Rural,Medium Speed (Collector),No,32.77965278,-89.95569722,Non-Intersection,Daylight,Clear,Unknown,Unknown,Unknown EMS Scene Arrival Hour,Unknown EMS Scene Arrival Minutes,Unknown,Unknown EMS Hospital Arrival Time,1,Daylight,Clear,1,3,['Front_Passenger'],['None_Used'],0,0,Invalid,0.0,0.0,33.0,33.0,['Female'],4,0,3,4,3,Dry,Curve,Grade/Hillcrest,Lowest,No
19174,28,Mississippi,280029,1,1,1,0,2,GRENADA,January,17,Tuesday,5,55,Urban,High Speed (Arterial),Yes,33.78965,-89.810125,Non-Intersection,Dark - Not Lighted,Rain,Unknown,Unknown,Unknown EMS Scene Arrival Hour,Unknown EMS Scene Arrival Minutes,Not Applicable (Not Transported),Not Applicable (Not Transported),1,Dark - Unlighted,Rain/Wind/Minor,0,2,[],[],0,0,Valid,0.0,0.0,70.0,70.0,['Male'],0,0,3,2,4,Wet/Standing Water,Straight,Level,Lowest,No
19175,28,Mississippi,280030,0,1,1,0,1,NOT APPLICABLE,January,17,Tuesday,22,35,Rural,Low Speed (Local),No,31.82754722,-89.05776111,Non-Intersection,Dark - Not Lighted,"Fog, Smog, Smoke",Unknown,Unknown,Unknown EMS Scene Arrival Hour,Unknown EMS Scene Arrival Minutes,Not Applicable (Not Transported),Not Applicable (Not Transported),1,Dark - Unlighted,Reduced Visibility,1,0,['Driver'],['None_Used'],0,0,Invalid,0.0,0.0,26.0,26.0,['Male'],1,0,3,4,3,Wet/Standing Water,Straight,Level,Lowest,No
19176,28,Mississippi,280031,0,1,1,0,2,NOT APPLICABLE,January,18,Wednesday,15,56,Rural,Medium Speed (Collector),No,34.265075,-90.469,Non-Intersection,Daylight,Rain,3:00pm-3:59pm,56,3:00pm-3:59pm,57,4:00pm-4:59pm,26,1,Daylight,Rain/Wind/Minor,1,1,['Front_Passenger'],['Shoulder_Lapbelt'],0,0,Invalid,0.0,0.0,64.0,64.0,['Male'],0,0,2,4,3,Wet/Standing Water,Straight,Level,Lowest,No
19177,28,Mississippi,280032,1,1,1,0,1,PASCAGOULA,January,18,Wednesday,18,3,Urban,High Speed (Arterial),Yes,30.37985833,-88.52385,Non-Intersection,Dark - Lighted,Clear,Unknown,Unknown if Notified,Unknown EMS Scene Arrival Hour,Unknown if Arrived,Not Applicable (Not Transported),Not Applicable (Not Transported),2,Dark - Lighted,Clear,1,0,['Driver'],['None_Used'],0,0,Valid,2.0,1.0,31.0,31.0,['Male'],0,0,5,4,4,Dry,Straight,Level,Lowest,No
19178,28,Mississippi,280033,0,1,1,0,3,NOT APPLICABLE,January,20,Friday,15,27,Rural,Medium Speed (Collector),No,33.09015833,-89.86830278,Non-Intersection,Daylight,Clear,Unknown,Unknown,Unknown EMS Scene Arrival Hour,Unknown EMS Scene Arrival Minutes,Unknown,Unknown EMS Hospital Arrival Time,2,Daylight,Clear,2,1,"['Driver', 'Front_Passenger']","['None_Used', 'None_Used']",0,0,Invalid,0.0,0.0,36.0,36.0,['Female'],0,0,2,4,3,Dry,Straight,Level,Lowest,No
19179,28,Mississippi,280034,0,3,3,0,4,GRENADA,January,22,Sunday,12,21,Urban,High Speed (Arterial),Yes,33.76902778,-89.809,Complex/Circle,Daylight,Clear,Unknown,Unknown,Unknown EMS Scene Arrival Hour,Unknown EMS Scene Arrival Minutes,Unknown,Unknown EMS Hospital Arrival Time,1,Daylight,Clear,1,3,['Driver'],['Shoulder_Lapbelt'],0,0,Valid,0.0,0.0,68.0,58.0,"['Male', 'Female', 'Male']",0,0,3,4,5,Dry,Straight,Level,Lowest,No
19180,28,Mississippi,280035,0,2,2,0,5,GRENADA,January,25,Wednesday,17,4,Urban,High Speed (Arterial),Yes,33.76952778,-89.79571667,Complex/Circle,Daylight,Clear,Unknown,Unknown,Unknown EMS Scene Arrival Hour,Unknown EMS Scene Arrival Minutes,Unknown,Unknown EMS Hospital Arrival Time,2,Daylight,Clear,2,3,"['Driver', 'Rear_Seat']","['Shoulder_Lapbelt', 'Shoulder_Lapbelt']",0,0,Valid,0.0,1.0,77.0,25.0,"['Male', 'Male']",0,0,4,4,5,Dry,Straight,Level,Lowest,No
19181,28,Mississippi,280036,0,1,1,0,1,NOT APPLICABLE,January,26,Thursday,3,19,Urban,High Speed (Arterial),No,31.23978333,-89.31967222,Non-Intersection,Dark - Not Lighted,Clear,Unknown,Unknown,Unknown EMS Scene Arrival Hour,Unknown EMS Scene Arrival Minutes,Unknown,Unknown EMS Hospital Arrival Time,1,Dark - Unlighted,Clear,1,0,['Driver'],['Shoulder_Lapbelt'],0,0,Valid,0.0,0.0,20.0,20.0,['Male'],0,0,2,4,3,Dry,Curve,Level,Lowest,No
19182,28,Mississippi,280037,0,1,1,0,1,NOT APPLICABLE,January,28,Saturday,18,27,Rural,High Speed (Arterial),Yes,30.95926389,-88.63290278,Non-Intersection,Dark - Not Lighted,Clear,Unknown,Unknown,Unknown EMS Scene Arrival Hour,Unknown EMS Scene Arrival Minutes,Unknown,Unknown EMS Hospital Arrival Time,1,Dark - Unlighted,Clear,1,0,['Driver'],['None_Used'],0,0,Valid,0.0,0.0,41.0,41.0,['Male'],0,0,3,4,3,Dry,Straight,Level,Lowest,No
19183,28,Mississippi,280038,0,2,2,0,2,NOT APPLICABLE,January,16,Monday,13,56,Rural,Medium Speed (Collector),No,31.599525,-88.48185556,Non-Intersection,Daylight,Clear,Unknown,Unknown,Unknown EMS Scene Arrival Hour,Unknown EMS Scene Arrival Minutes,Not Applicable (Not Transported),Not Applicable (Not Transported),1,Daylight,Clear,1,1,['Driver'],['Shoulder_Lapbelt'],0,0,Valid,0.0,0.0,46.0,42.0,"['Male', 'Male']",0,0,4,4,5,Dry,Curve,Level,Lowest,No
19184,28,Mississippi,280039,0,1,1,0,1,NOT APPLICABLE,January,29,Sunday,9,45,Rural,Low Speed (Local),No,32.76829444,-88.65641389,Non-Intersection,Daylight,Rain,Unknown,Unknown,Unknown EMS Scene Arrival Hour,Unknown EMS Scene Arrival Minutes,Not Applicable (Not Transported),Not Applicable (Not Transported),1,Daylight,Rain/Wind/Minor,1,0,['Driver'],['None_Used'],0,0,Invalid,0.0,0.0,37.0,37.0,['Male'],0,0,2,4,3,Wet/Standing Water,Curve,Grade/Hillcrest,Lowest,No
19185,28,Mississippi,280040,0,2,2,0,3,NOT APPLICABLE,January,30,Monday,7,25,Rural,Medium Speed (Collector),No,32.56909444,-89.71295,Complex/Circle,Daylight,"Fog, Smog, Smoke",Unknown,Unknown,Unknown EMS Scene Arrival Hour,Unknown EMS Scene Arrival Minutes,Unknown,Unknown EMS Hospital Arrival Time,1,Daylight,Reduced Visibility,1,2,['Driver'],['None_Used'],0,0,Valid,0.0,1.0,63.0,43.0,"['Male', 'Male']",0,0,3,4,5,Wet/Standing Water,Straight,Level,Lowest,No
19186,28,Mississippi,280041,0,1,1,0,1,NOT APPLICABLE,February,2,Thursday,17,0,Rural,Medium Speed (Collector),No,31.45273611,-89.52816111,Non-Intersection,Daylight,Rain,Unknown,Unknown if Notified,Unknown EMS Scene Arrival Hour,Unknown if Arrived,Not Applicable (Not Transported),Not Applicable (Not Transported),1,Daylight,Rain/Wind/Minor,1,0,['Driver'],['Shoulder_Lapbelt'],0,0,Valid,0.0,0.0,61.0,61.0,['Female'],0,0,3,4,3,Wet/Standing Water,Straight,Level,Lowest,No
19187,28,Mississippi,280042,0,1,1,0,2,GRENADA,February,3,Friday,7,14,Urban,Medium Speed (Collector),No,33.82006667,-89.79606667,Non-Intersection,Daylight,Clear,7:00am-7:59am,14,7:00am-7:59am,42,8:00am-8:59am,21,1,Daylight,Clear,1,1,['Front_Passenger'],['Shoulder_Lapbelt'],0,0,Valid,0.0,0.0,23.0,23.0,['Male'],0,0,3,4,3,Icy/Snowy,Straight,Level,Lowest,No
19188,28,Mississippi,280043,0,2,2,0,4,PEARL,February,3,Friday,18,46,Urban,High Speed (Arterial),Yes,32.26614722,-90.101525,Non-Intersection,Dark - Not Lighted,Clear,Unknown,Unknown,Unknown EMS Scene Arrival Hour,Unknown EMS Scene Arrival Minutes,Not Applicable (Not Transported),Not Applicable (Not Transported),1,Dark - Unlighted,Clear,1,3,['Driver'],['None_Used'],1,1,Valid,0.0,1.0,39.0,30.0,"['Male', 'Male']",1,0,3,4,5,Dry,Straight,Grade/Hillcrest,Lowest,No
19189,28,Mississippi,280044,0,1,1,0,1,GRENADA,February,4,Saturday,6,50,Urban,High Speed (Arterial),Yes,33.80964722,-89.84030278,Non-Intersection,Daylight,Clear,Unknown,Unknown,Unknown EMS Scene Arrival Hour,Unknown EMS Scene Arrival Minutes,Unknown,Unknown EMS Hospital Arrival Time,1,Daylight,Clear,1,0,['Driver'],['Shoulder_Lapbelt'],0,0,Valid,0.0,0.0,30.0,30.0,['Male'],0,0,2,4,3,Dry,Straight,Level,Lowest,No
19190,28,Mississippi,280045,1,1,1,0,5,STARKVILLE,February,4,Saturday,22,15,Urban,Medium Speed (Collector),No,33.48399444,-88.81265833,Non-Intersection,Dark - Lighted,Clear,10:00pm-10:59pm,15,10:00pm-10:59pm,25,10:00pm-10:59pm,48,1,Dark - Lighted,Clear,0,5,[],[],0,0,Valid,0.0,0.0,50.0,50.0,['Female'],0,0,2,3,4,Dry,Straight,Grade/Hillcrest,Lowest,No
19191,28,Mississippi,280046,0,1,1,0,2,NOT APPLICABLE,February,5,Sunday,5,2,Rural,Medium Speed (Collector),No,31.98515,-90.09293333,Non-Intersection,Dark - Not Lighted,Clear,Unknown,Unknown,Unknown EMS Scene Arrival Hour,Unknown EMS Scene Arrival Minutes,Unknown,Unknown EMS Hospital Arrival Time,1,Dark - Unlighted,Clear,1,1,['Driver'],['Shoulder_Lapbelt'],0,0,Valid,0.0,4.0,61.0,61.0,['Female'],0,0,2,4,3,Dry,Straight,Level,Lowest,No
19192,28,Mississippi,280047,1,1,1,0,2,NOT APPLICABLE,February,5,Sunday,19,8,Rural,Medium Speed (Collector),No,34.36476111,-90.62609722,Non-Intersection,Dark - Not Lighted,Clear,Unknown,Unknown,Unknown EMS Scene Arrival Hour,Unknown EMS Scene Arrival Minutes,Unknown,Unknown EMS Hospital Arrival Time,1,Dark - Unlighted,Clear,0,2,[],[],0,0,Valid,0.0,0.0,39.0,39.0,['Male'],0,0,2,4,4,Dry,Straight,Level,Lowest,No
19193,28,Mississippi,280048,0,1,1,0,1,NOT APPLICABLE,February,8,Wednesday,14,55,Rural,Medium Speed (Collector),No,31.926375,-90.49478611,Non-Intersection,Daylight,Clear,Unknown,Unknown,Unknown EMS Scene Arrival Hour,Unknown EMS Scene Arrival Minutes,Not Applicable (Not Transported),Not Applicable (Not Transported),1,Daylight,Clear,1,0,['Driver'],['Shoulder_Lapbelt'],0,0,Valid,0.0,0.0,31.0,31.0,['Female'],0,0,3,4,2,Dry,Straight,Grade/Hillcrest,Lowest,No
19194,28,Mississippi,280049,0,2,2,0,5,WIGGINS,February,10,Friday,19,37,Rural,High Speed (Arterial),Yes,30.84710556,-89.15248889,Complex/Circle,Dark - Not Lighted,Rain,7:00pm-7:59pm,37,7:00pm-7:59pm,42,8:00pm-8:59pm,4,1,Dark - Unlighted,Rain/Wind/Minor,1,4,['Rear_Seat'],['Shoulder_Lapbelt'],0,0,Valid,0.0,0.0,69.0,27.0,"['Female', 'Female']",0,0,3,4,5,Wet/Standing Water,Straight,Level,Lowest,No
19195,28,Mississippi,280050,0,3,3,0,6,GREENVILLE,February,10,Friday,21,10,Urban,High Speed (Arterial),Yes,33.39996667,-91.0197,Complex/Circle,Dark - Lighted,Clear,9:00pm-9:59pm,10,9:00pm-9:59pm,24,9:00pm-9:59pm,42,1,Dark - Lighted,Clear,1,5,['Rear_Seat'],['Shoulder_Lapbelt'],1,1,Valid,0.0,0.0,43.0,34.0,"['Male', 'Male', 'Male']",0,0,4,4,5,Dry,Straight,Level,Lowest,No
19196,28,Mississippi,280051,0,1,1,0,1,NOT APPLICABLE,February,13,Monday,21,11,Rural,Medium Speed (Collector),No,31.798,-90.18244444,Non-Intersection,Dark - Not Lighted,Clear,Unknown,Unknown if Notified,Unknown EMS Scene Arrival Hour,Unknown if Arrived,Not Applicable (Not Transported),Not Applicable (Not Transported),1,Dark - Unlighted,Clear,1,0,['Driver'],['None_Used'],0,0,Valid,0.0,0.0,64.0,64.0,['Male'],0,0,3,4,3,Dry,Straight,Level,Lowest,No
19197,28,Mississippi,280052,0,2,2,0,4,NOT APPLICABLE,February,4,Saturday,2,40,Rural,High Speed (Arterial),Yes,30.34452222,-89.469325,Non-Intersection,Dark - Not Lighted,Clear,Unknown,Unknown,Unknown EMS Scene Arrival Hour,Unknown EMS Scene Arrival Minutes,Not Applicable (Not Transported),Not Applicable (Not Transported),1,Dark - Unlighted,Clear,1,3,['Driver'],['Shoulder_Lapbelt'],0,0,Valid,0.0,0.0,26.0,23.0,"['Female', 'Male']",0,0,3,4,5,Dry,Straight,Level,Lowest,No
19198,28,Mississippi,280053,1,1,1,0,1,MERIDIAN,January,4,Wednesday,1,44,Urban,High Speed (Arterial),Yes,32.367575,-88.73757222,Non-Intersection,Dark - Not Lighted,Rain,Unknown,Unknown,Unknown EMS Scene Arrival Hour,Unknown EMS Scene Arrival Minutes,Not Applicable (Not Transported),Not Applicable (Not Transported),1,Dark - Unlighted,Rain/Wind/Minor,0,1,[],[],0,0,Valid,0.0,0.0,69.0,69.0,['Male'],0,0,3,3,4,Wet/Standing Water,Straight,Level,Lowest,No
19199,28,Mississippi,280054,1,1,1,0,1,NOT APPLICABLE,January,13,Friday,18,0,Rural,Low Speed (Local),No,31.76741111,-89.67065,Non-Intersection,Dark - Unknown Lighting,Clear,6:00pm-6:59pm,0,6:00pm-6:59pm,15,6:00pm-6:59pm,29,1,Dark - Unlighted,Clear,0,1,[],[],0,0,Valid,0.0,1.0,26.0,26.0,['Female'],0,0,3,0,4,Dry,Straight,Grade/Hillcrest,Lowest,No
19200,28,Mississippi,280055,0,1,1,0,1,NOT APPLICABLE,January,14,Saturday,16,7,Rural,Medium Speed (Collector),No,31.31529444,-88.98898889,Non-Intersection,Dusk,Clear,Unknown,Unknown,Unknown EMS Scene Arrival Hour,Unknown EMS Scene Arrival Minutes,Not Applicable (Not Transported),Not Applicable (Not Transported),1,Twilight,Clear,1,0,['Driver'],['Shoulder_Lapbelt'],0,0,Valid,0.0,0.0,80.0,80.0,['Female'],0,0,2,4,3,Dry,Straight,Level,Lowest,No
19201,28,Mississippi,280056,0,1,1,0,1,JACKSON,January,25,Wednesday,20,15,Urban,Medium Speed (Collector),No,32.2665,-90.20876111,Non-Intersection,Dark - Lighted,Clear,Unknown,Unknown if Notified,Unknown EMS Scene Arrival Hour,Unknown if Arrived,Not Applicable (Not Transported),Not Applicable (Not Transported),1,Dark - Lighted,Clear,1,0,['Driver'],['Shoulder_Lapbelt'],0,0,Valid,0.0,0.0,63.0,63.0,['Female'],0,0,3,4,3,Wet/Standing Water,Straight,Level,Lowest,No
19202,28,Mississippi,280057,0,2,2,0,3,LELAND,January,27,Friday,21,9,Rural,High Speed (Arterial),Yes,33.40126667,-90.93472778,Non-Intersection,Dark - Not Lighted,Clear,Unknown,Unknown,Unknown EMS Scene Arrival Hour,Unknown EMS Scene Arrival Minutes,Unknown,Unknown EMS Hospital Arrival Time,1,Dark - Unlighted,Clear,1,2,['Front_Passenger'],['Shoulder_Lapbelt'],0,0,Valid,0.0,0.0,45.0,16.0,"['Male', 'Female']",0,0,3,4,5,Dry,Straight,Level,Lowest,No
19203,28,Mississippi,280058,0,1,1,0,2,NOT APPLICABLE,February,4,Saturday,15,45,Rural,Low Speed (Local),No,31.58834444,-88.53956944,Non-Intersection,Daylight,Clear,Unknown,Unknown,Unknown EMS Scene Arrival Hour,Unknown EMS Scene Arrival Minutes,Unknown,Unknown EMS Hospital Arrival Time,2,Daylight,Clear,2,0,"['Driver', 'Front_Passenger']","['Shoulder_Lapbelt', 'Shoulder_Lapbelt']",1,1,Invalid,0.0,0.0,43.0,43.0,['Male'],0,0,3,4,3,Dry,Straight,Level,Lowest,No
19204,28,Mississippi,280059,0,1,1,0,4,NOT APPLICABLE,February,8,Wednesday,18,48,Rural,Low Speed (Local),No,32.37056667,-88.76668056,Non-Intersection,Dark - Not Lighted,Cloudy,Unknown,Unknown,Unknown EMS Scene Arrival Hour,Unknown EMS Scene Arrival Minutes,Not Applicable (Not Transported),Not Applicable (Not Transported),1,Dark - Unlighted,Reduced Visibility,1,3,['Front_Passenger'],['None_Used'],1,1,Valid,0.0,0.0,30.0,30.0,['Female'],4,0,2,4,3,Wet/Standing Water,Curve,Grade/Hillcrest,Lowest,No
19205,28,Mississippi,280060,0,2,2,0,2,GULFPORT,February,9,Thursday,2,23,Urban,High Speed (Arterial),Yes,30.44608611,-89.02238611,Non-Intersection,Dark - Not Lighted,Rain,Unknown,Unknown if Notified,Unknown EMS Scene Arrival Hour,Unknown if Arrived,Not Applicable (Not Transported),Not Applicable (Not Transported),1,Dark - Unlighted,Rain/Wind/Minor,1,1,['Driver'],['None_Used'],0,0,Valid,0.0,0.0,38.0,32.0,"['Male', 'Male']",1,0,4,4,5,Wet/Standing Water,Straight,Level,Lowest,No
19206,28,Mississippi,280061,1,1,1,0,1,JACKSON,February,10,Friday,18,20,Urban,Medium Speed (Collector),No,32.22345,-90.225175,Non-Intersection,Dark - Not Lighted,Clear,6:00pm-6:59pm,20,6:00pm-6:59pm,33,6:00pm-6:59pm,59,1,Dark - Unlighted,Clear,0,1,[],[],0,0,Valid,0.0,1.0,58.0,58.0,['Male'],0,0,3,3,4,Dry,Straight,Level,Lowest,No