,State_Code,State_Name,Crash_ID,Count_Non_Motorists,Count_Vehicles_Total,Count_Vehicle_Forms,Count_PVH_Involved,Count_Occupants_MV,City_Name,Month_Name,Day_of_Month,Day_of_Week,Crash_Hour,Crash_Minute,Area_Rural_Urban,Road_Functional_Class,On_NHS_Road,Latitude,Longitude,Intersection_Type,Light_Condition,Weather_Condition,Notif_Hour,Notif_Minute,Arrival_Hour,Arrival_Minute,Hospital_Hour,Hospital_Minute,Fatalities_Count,Clean_Light_Condition,Clean_Weather_Condition,Total_Killed,Total_Alive,Fatal_Seats_List,Killed_Restraint_List,Any_Driver_Drinking,Total_Drinking_Drivers,Driver_License_Category,Driver_Max_Prev_Accident_Count,Driver_Max_Prev_Speeding_Count,Max_Driver_Age,Min_Driver_Age,Driver_Sex_List,Total_Exceeding_Limit_Vehicles,Total_Too_Fast_Vehicles,Max_Vehicle_Type_Severity_5,Max_Vehicle_Damage_Rank,Max_Harmful_Event_Severity,Crash_Road_Surface_Condition,Crash_Horizontal_Alignment,Crash_Vertical_Profile,Crash_Impairment_Category,Crash_Vehicle_Defect
19207,28,Mississippi,280062,1,2,2,0,2,NOT APPLICABLE,February,13,Monday,20,32,Rural,High Speed (Arterial),Yes,31.21928333,-90.4128,Non-Intersection,Dark - Not Lighted,Clear,Unknown,Unknown,Unknown EMS Scene Arrival Hour,Unknown EMS Scene Arrival Minutes,Not Applicable (Not Transported),Not Applicable (Not Transported),1,Dark - Unlighted,Clear,0,2,[],[],0,0,Valid,0.0,0.0,999.0,30.0,"['Male', 'Other']",0,0,3,3,5,Dry,Straight,Level,Lowest,No
19208,28,Mississippi,280063,0,1,1,0,1,NOT APPLICABLE,February,14,Tuesday,2,20,Rural,High Speed (Arterial),Yes,34.67164167,-89.32041389,Non-Intersection,Dark - Not Lighted,Clear,Unknown,Unknown if Notified,Unknown EMS Scene Arrival Hour,Unknown if Arrived,Not Applicable (Not Transported),Not Applicable (Not Transported),1,Dark - Unlighted,Clear,1,0,['Driver'],['None_Used'],0,0,Invalid,0.0,0.0,29.0,29.0,['Male'],0,0,2,4,3,Dry,Straight,Grade/Hillcrest,Lowest,No
19209,28,Mississippi,280064,0,1,1,0,1,NOT APPLICABLE,February,15,Wednesday,10,24,Rural,Medium Speed (Collector),No,31.15449722,-88.55309167,Non-Intersection,Daylight,Clear,10:00am-10:59am,24,11:00am-11:59am,20,11:00am-11:59am,45,1,Daylight,Clear,1,0,['Driver'],['Shoulder_Lapbelt'],0,0,Valid,0.0,0.0,65.0,65.0,['Male'],0,0,2,4,3,Dry,Straight,Level,Lowest,No
19210,28,Mississippi,280065,0,1,1,0,4,NOT APPLICABLE,February,15,Wednesday,22,32,Rural,Low Speed (Local),No,32.36196389,-88.601025,Non-Intersection,Dark - Not Lighted,Clear,Unknown,Unknown,Unknown EMS Scene Arrival Hour,Unknown EMS Scene Arrival Minutes,Unknown,Unknown EMS Hospital Arrival Time,1,Dark - Unlighted,Clear,1,3,['Driver'],['Shoulder_Lapbelt'],0,0,Valid,0.0,0.0,28.0,28.0,['Male'],4,0,2,4,3,Wet/Standing Water,Curve,Level,Lowest,No
19211,28,Mississippi,280066,0,2,2,0,2,GUNTOWN,February,17,Friday,6,36,Rural,Medium Speed (Collector),No,34.45054167,-88.67838056,Non-Intersection,Daylight,Clear,Unknown,Unknown,Unknown EMS Scene Arrival Hour,Unknown EMS Scene Arrival Minutes,Unknown,Unknown EMS Hospital Arrival Time,1,Daylight,Clear,1,1,['Driver'],['None_Used'],0,0,Valid,0.0,0.0,60.0,37.0,"['Male', 'Male']",0,0,3,4,5,Dry,Straight,Level,Lowest,No
19212,28,Mississippi,280067,0,1,1,0,1,NOT APPLICABLE,February,18,Saturday,15,40,Rural,High Speed (Arterial),Yes,34.36462222,-89.91198056,Non-Intersection,Daylight,Clear,Unknown,Unknown if Notified,Unknown EMS Scene Arrival Hour,Unknown if Arrived,Not Applicable (Not Transported),Not Applicable (Not Transported),1,Daylight,Clear,1,0,['Driver'],['Shoulder_Lapbelt'],0,0,Valid,0.0,2.0,50.0,50.0,['Male'],0,0,3,4,4,Dry,Straight,Level,Lowest,No
19213,28,Mississippi,280068,0,1,1,0,1,NOT APPLICABLE,February,19,Sunday,17,26,Rural,Medium Speed (Collector),No,33.69776667,-89.76158611,Non-Intersection,Daylight,Clear,Unknown,Unknown,Unknown EMS Scene Arrival Hour,Unknown EMS Scene Arrival Minutes,Unknown,Unknown EMS Hospital Arrival Time,1,Daylight,Clear,1,0,['Driver'],['None_Used'],0,0,Valid,0.0,0.0,36.0,36.0,['Male'],0,0,3,4,3,Dry,Straight,Level,Lowest,No
19214,28,Mississippi,280069,1,1,1,0,1,LOUISVILLE,February,21,Tuesday,17,0,Rural,Medium Speed (Collector),No,33.14599167,-89.033675,Non-Intersection,Daylight,Clear,Unknown,Unknown if Notified,Unknown EMS Scene Arrival Hour,Unknown if Arrived,Not Applicable (Not Transported),Not Applicable (Not Transported),1,Daylight,Clear,0,1,[],[],1,1,Valid,0.0,0.0,29.0,29.0,['Female'],0,0,3,3,4,Dry,Straight,Level,Lowest,No
19215,28,Mississippi,280070,0,2,2,0,2,NOT APPLICABLE,February,22,Wednesday,14,8,Urban,High Speed (Arterial),Yes,30.41033056,-89.21534722,Non-Intersection,Daylight,Clear,Unknown,Unknown if Notified,Unknown EMS Scene Arrival Hour,Unknown if Arrived,Not Applicable (Not Transported),Not Applicable (Not Transported),1,Daylight,Clear,1,1,['Driver'],['None_Used'],0,0,Valid,0.0,0.0,73.0,35.0,"['Male', 'Male']",0,0,5,4,5,Dry,Straight,Level,Lowest,No
19216,28,Mississippi,280071,0,1,1,0,3,NOT APPLICABLE,February,23,Thursday,1,50,Rural,Medium Speed (Collector),No,34.95945,-88.42611389,Non-Intersection,Dark - Lighted,Cloudy,1:00am-1:59am,50,2:00am-2:59am,1,2:00am-2:59am,25,1,Dark - Lighted,Reduced Visibility,1,2,['Front_Passenger'],['None_Used'],0,0,Valid,0.0,0.0,36.0,36.0,['Male'],0,0,3,3,3,Wet/Standing Water,Straight,Level,Lowest,No
19217,28,Mississippi,280072,1,1,1,0,1,VICKSBURG,February,23,Thursday,8,29,Urban,High Speed (Arterial),No,32.39341111,-90.855925,Non-Intersection,Daylight,Clear,8:00am-8:59am,29,9:00am-9:59am,0,Not Applicable (Not Transported),Not Applicable (Not Transported),1,Daylight,Clear,0,1,[],[],0,0,Valid,0.0,0.0,67.0,67.0,['Female'],0,0,3,3,4,Dry,Straight,Level,Lowest,No
19218,28,Mississippi,280073,0,1,1,0,1,NOT APPLICABLE,February,23,Thursday,20,9,Rural,Medium Speed (Collector),No,32.45613611,-89.50019167,Non-Intersection,Dark - Not Lighted,Clear,Unknown,Unknown if Notified,Unknown EMS Scene Arrival Hour,Unknown if Arrived,Not Applicable (Not Transported),Not Applicable (Not Transported),1,Dark - Unlighted,Clear,1,0,['Driver'],['None_Used'],0,0,Valid,0.0,0.0,56.0,56.0,['Male'],0,0,3,4,3,Dry,Straight,Level,Lowest,No
19219,28,Mississippi,280074,1,1,1,0,1,TUPELO,February,24,Friday,22,24,Urban,High Speed (Arterial),Yes,34.26389167,-88.71563333,Non-Intersection,Dark - Not Lighted,Clear,Unknown,Unknown if Notified,Unknown EMS Scene Arrival Hour,Unknown if Arrived,Not Applicable (Not Transported),Not Applicable (Not Transported),1,Dark - Unlighted,Clear,0,1,[],[],0,0,Valid,0.0,0.0,40.0,40.0,['Female'],0,0,3,4,4,Wet/Standing Water,Straight,Level,Lowest,No
19220,28,Mississippi,280075,0,1,1,0,1,NOT APPLICABLE,February,25,Saturday,0,23,Rural,Medium Speed (Collector),No,31.60983889,-90.47085278,Non-Intersection,Dark - Not Lighted,Clear,Unknown,Unknown if Notified,Unknown EMS Scene Arrival Hour,Unknown if Arrived,Not Applicable (Not Transported),Not Applicable (Not Transported),1,Dark - Unlighted,Clear,1,0,['Driver'],['Shoulder_Lapbelt'],0,0,Invalid,0.0,0.0,24.0,24.0,['Male'],0,0,2,4,3,Dry,Straight,Level,Lowest,No
19221,28,Mississippi,280076,0,2,2,0,2,NOT APPLICABLE,February,25,Saturday,16,48,Rural,Medium Speed (Collector),No,33.54829444,-90.67463611,Simple Junction,Daylight,Clear,Unknown,Unknown,Unknown EMS Scene Arrival Hour,Unknown EMS Scene Arrival Minutes,Unknown,Unknown EMS Hospital Arrival Time,1,Daylight,Clear,1,1,['Driver'],['Shoulder_Lapbelt'],0,0,Valid,0.0,0.0,89.0,35.0,"['Female', 'Male']",0,0,3,4,5,Dry,Curve,Level,Lowest,No
19222,28,Mississippi,280077,0,1,1,0,1,RIDGELAND,January,7,Saturday,0,52,Urban,High Speed (Arterial),Yes,32.40166944,-90.14519444,Non-Intersection,Dark - Lighted,Clear,Unknown,Unknown,Unknown EMS Scene Arrival Hour,Unknown EMS Scene Arrival Minutes,Unknown,Unknown EMS Hospital Arrival Time,1,Dark - Lighted,Clear,1,0,['Driver'],['None_Used'],1,1,Valid,0.0,0.0,21.0,21.0,['Male'],1,0,2,4,3,Dry,Curve,Grade/Hillcrest,Lowest,No
19223,28,Mississippi,280078,0,1,1,0,1,NOT APPLICABLE,January,22,Sunday,23,1,Urban,Medium Speed (Collector),No,33.03551667,-89.78135,Non-Intersection,Dark - Not Lighted,Rain,Unknown,Unknown if Notified,Unknown EMS Scene Arrival Hour,Unknown if Arrived,Not Applicable (Not Transported),Not Applicable (Not Transported),1,Dark - Unlighted,Rain/Wind/Minor,1,0,['Driver'],['None_Used'],0,0,Valid,0.0,0.0,23.0,23.0,['Male'],0,0,2,4,3,Wet/Standing Water,Straight,Level,Lowest,No
19224,28,Mississippi,280079,1,1,1,0,2,NOT APPLICABLE,January,23,Monday,21,33,Urban,High Speed (Arterial),Yes,30.42353056,-88.82890833,Complex/Circle,Dark - Not Lighted,Clear,Unknown,Unknown,Unknown EMS Scene Arrival Hour,Unknown EMS Scene Arrival Minutes,Unknown,Unknown EMS Hospital Arrival Time,1,Dark - Unlighted,Clear,0,2,[],[],1,1,Valid,0.0,0.0,33.0,33.0,['Female'],0,0,2,4,4,Dry,Straight,Level,Lowest,No
19225,28,Mississippi,280080,0,1,1,0,1,NOT APPLICABLE,January,29,Sunday,22,58,Urban,High Speed (Arterial),Yes,32.34914167,-89.97242222,Non-Intersection,Dark - Not Lighted,Clear,Unknown,Unknown if Notified,Unknown EMS Scene Arrival Hour,Unknown if Arrived,Not Applicable (Not Transported),Not Applicable (Not Transported),1,Dark - Unlighted,Clear,1,0,['Driver'],['Shoulder_Lapbelt'],0,0,Valid,0.0,0.0,19.0,19.0,['Male'],0,0,3,4,3,Wet/Standing Water,Straight,Level,Lowest,No
19226,28,Mississippi,280081,0,1,1,0,1,NOT APPLICABLE,January,30,Monday,10,54,Rural,Medium Speed (Collector),No,32.08786389,-90.27521389,Non-Intersection,Daylight,Rain,Unknown,Unknown if Notified,Unknown EMS Scene Arrival Hour,Unknown if Arrived,Not Applicable (Not Transported),Not Applicable (Not Transported),1,Daylight,Rain/Wind/Minor,1,0,['Driver'],['Shoulder_Lapbelt'],0,0,Invalid,0.0,0.0,21.0,21.0,['Male'],1,0,2,4,3,Wet/Standing Water,Curve,Level,Lowest,No
19227,28,Mississippi,280082,0,2,2,0,2,NOT APPLICABLE,January,31,Tuesday,15,22,Rural,High Speed (Arterial),Yes,34.48984722,-90.55908056,Non-Intersection,Daylight,Freezing Rain or Drizzle,Unknown,Unknown,Unknown EMS Scene Arrival Hour,Unknown EMS Scene Arrival Minutes,Unknown,Unknown EMS Hospital Arrival Time,1,Daylight,Snow/Ice/Severe,1,1,['Driver'],['Shoulder_Lapbelt'],0,0,Valid,0.0,0.0,62.0,20.0,"['Male', 'Male']",0,0,3,4,5,Icy/Snowy,Straight,Level,Lowest,No
19228,28,Mississippi,280083,0,2,2,0,2,NOT APPLICABLE,February,17,Friday,11,37,Rural,Medium Speed (Collector),No,34.27816389,-89.77750556,Non-Intersection,Daylight,Clear,Unknown,Unknown,Unknown EMS Scene Arrival Hour,Unknown EMS Scene Arrival Minutes,Unknown,Unknown EMS Hospital Arrival Time,1,Daylight,Clear,1,1,['Driver'],['Shoulder_Lapbelt'],0,0,Valid,0.0,0.0,61.0,45.0,"['Male', 'Female']",0,0,4,4,3,Dry,Straight,Level,Lowest,No
19229,28,Mississippi,280084,0,1,1,0,1,BILOXI,February,17,Friday,20,30,Urban,High Speed (Arterial),Yes,30.39263056,-88.85803333,Non-Intersection,Dark - Lighted,Clear,Unknown,Unknown if Notified,Unknown EMS Scene Arrival Hour,Unknown if Arrived,Not Applicable (Not Transported),Not Applicable (Not Transported),1,Dark - Lighted,Clear,1,0,['Driver'],['None_Used'],1,1,Valid,0.0,0.0,51.0,51.0,['Male'],1,0,5,4,3,Dry,Straight,Level,Lowest,No
19230,28,Mississippi,280085,0,1,1,0,1,NOT APPLICABLE,February,22,Wednesday,7,45,Rural,Medium Speed (Collector),No,34.82782778,-89.82156111,Non-Intersection,Dark - Not Lighted,Clear,Unknown,Unknown,Unknown EMS Scene Arrival Hour,Unknown EMS Scene Arrival Minutes,Not Applicable (Not Transported),Not Applicable (Not Transported),1,Dark - Unlighted,Clear,1,0,['Driver'],['None_Used'],1,1,Invalid,0.0,0.0,32.0,32.0,['Male'],1,0,2,4,3,Dry,Curve,Grade/Hillcrest,Lowest,No
19231,28,Mississippi,280086,1,1,1,0,1,NOT APPLICABLE,February,26,Sunday,20,35,Rural,Medium Speed (Collector),No,31.47261944,-89.282975,Non-Intersection,Dark - Not Lighted,Clear,Unknown,Unknown,Unknown EMS Scene Arrival Hour,Unknown EMS Scene Arrival Minutes,Not Applicable (Not Transported),Not Applicable (Not Transported),1,Dark - Unlighted,Clear,0,1,[],[],0,0,Valid,0.0,0.0,41.0,41.0,['Female'],0,0,2,4,4,Dry,Straight,Level,Lowest,No
19232,28,Mississippi,280087,0,1,1,0,1,NOT APPLICABLE,February,27,Monday,2,55,Rural,Medium Speed (Collector),No,31.09422222,-91.274525,Non-Intersection,Dark - Not Lighted,Clear,Unknown,Unknown if Notified,Unknown EMS Scene Arrival Hour,Unknown if Arrived,Not Applicable (Not Transported),Not Applicable (Not Transported),1,Dark - Unlighted,Clear,1,0,['Driver'],['None_Used'],0,0,Valid,0.0,0.0,44.0,44.0,['Male'],0,0,3,4,3,Dry,Straight,Level,Lowest,No
19233,28,Mississippi,280088,0,2,2,0,2,NOT APPLICABLE,February,27,Monday,6,40,Rural,Medium Speed (Collector),No,33.02813889,-89.71653333,Non-Intersection,Daylight,Rain,Unknown,Unknown if Notified,Unknown EMS Scene Arrival Hour,Unknown if Arrived,Not Applicable (Not Transported),Not Applicable (Not Transported),1,Daylight,Rain/Wind/Minor,1,1,['Driver'],['None_Used'],0,0,Valid,0.0,1.0,25.0,24.0,"['Female', 'Male']",0,0,2,4,5,Wet/Standing Water,Straight,Level,Lowest,Yes
19234,28,Mississippi,280089,0,2,2,0,2,WINONA,February,8,Wednesday,11,29,Rural,Medium Speed (Collector),No,33.51311667,-89.73665278,Non-Intersection,Daylight,Clear,Unknown,Unknown if Notified,Unknown EMS Scene Arrival Hour,Unknown if Arrived,Not Applicable (Not Transported),Not Applicable (Not Transported),2,Daylight,Clear,2,0,"['Driver', 'Driver']","['Shoulder_Lapbelt', 'Shoulder_Lapbelt']",0,0,Invalid,0.0,0.0,84.0,44.0,"['Male', 'Female']",1,0,2,4,5,Dry,Straight,Grade/Hillcrest,Lowest,No
19235,28,Mississippi,280090,0,1,1,0,1,GULFPORT,February,13,Monday,13,31,Urban,High Speed (Arterial),Yes,30.37510556,-89.05632222,Non-Intersection,Daylight,Clear,Unknown,Unknown,Unknown EMS Scene Arrival Hour,Unknown EMS Scene Arrival Minutes,Not Applicable (Not Transported),Not Applicable (Not Transported),1,Daylight,Clear,1,0,['Driver'],['Shoulder_Lapbelt'],1,1,Valid,0.0,0.0,71.0,71.0,['Male'],1,0,3,4,3,Dry,Curve,Level,Lowest,No
19236,28,Mississippi,280091,0,1,1,0,3,NOT APPLICABLE,February,24,Friday,22,28,Rural,Medium Speed (Collector),No,34.68491667,-90.03458056,Non-Intersection,Dark - Not Lighted,Cloudy,Unknown,Unknown,Unknown EMS Scene Arrival Hour,Unknown EMS Scene Arrival Minutes,Unknown,Unknown EMS Hospital Arrival Time,2,Dark - Unlighted,Reduced Visibility,2,1,"['Front_Passenger', 'Front_Passenger']","['None_Used', 'None_Used']",0,0,Invalid,0.0,0.0,15.0,15.0,['Female'],3,0,2,4,3,Wet/Standing Water,Straight,Grade/Hillcrest,Lowest,No
19237,28,Mississippi,280092,0,1,1,0,1,NOT APPLICABLE,February,27,Monday,22,22,Rural,Medium Speed (Collector),No,32.70688056,-89.68638333,Non-Intersection,Dark - Not Lighted,Clear,Unknown,Unknown if Notified,Unknown EMS Scene Arrival Hour,Unknown if Arrived,Not Applicable (Not Transported),Not Applicable (Not Transported),1,Dark - Unlighted,Clear,1,0,['Driver'],['None_Used'],0,0,Valid,0.0,0.0,27.0,27.0,['Male'],0,0,2,4,3,Dry,Straight,Level,Lowest,No
19238,28,Mississippi,280093,0,1,1,0,1,BOONEVILLE,February,28,Tuesday,7,25,Urban,High Speed (Arterial),Yes,34.6778,-88.53543056,Non-Intersection,Daylight,Clear,Unknown,Unknown if Notified,Unknown EMS Scene Arrival Hour,Unknown if Arrived,Not Applicable (Not Transported),Not Applicable (Not Transported),1,Daylight,Clear,1,0,['Driver'],['Shoulder_Lapbelt'],0,0,Valid,0.0,1.0,57.0,57.0,['Male'],0,0,1,4,2,Dry,Straight,Level,Lowest,No
19239,28,Mississippi,280094,0,2,2,0,3,NOT APPLICABLE,February,28,Tuesday,21,21,Urban,Medium Speed (Collector),No,30.42143889,-89.34984722,Non-Intersection,Dark - Not Lighted,Clear,Unknown,Unknown,Unknown EMS Scene Arrival Hour,Unknown EMS Scene Arrival Minutes,Unknown,Unknown EMS Hospital Arrival Time,1,Dark - Unlighted,Clear,1,2,['Front_Passenger'],['Shoulder_Lapbelt'],0,0,Valid,0.0,0.0,71.0,51.0,"['Male', 'Male']",1,0,2,4,5,Dry,Straight,Level,Lowest,No
19240,28,Mississippi,280095,0,1,1,0,1,CANTON,March,1,Wednesday,1,10,Urban,High Speed (Arterial),Yes,32.61266111,-90.03897222,Non-Intersection,Dark - Not Lighted,Clear,1:00am-1:59am,10,1:00am-1:59am,34,Not Applicable (Not Transported),Not Applicable (Not Transported),1,Dark - Unlighted,Clear,1,0,['Driver'],['None_Used'],0,0,Invalid,0.0,0.0,37.0,37.0,['Male'],0,0,3,4,3,Dry,Straight,Level,Lowest,No
19241,28,Mississippi,280096,0,2,2,0,2,D'IBERVILLE,March,2,Thursday,16,20,Urban,Medium Speed (Collector),No,30.44796667,-88.89151667,Simple Junction,Daylight,Clear,Unknown,Unknown,Unknown EMS Scene Arrival Hour,Unknown EMS Scene Arrival Minutes,Not Applicable (Not Transported),Not Applicable (Not Transported),1,Daylight,Clear,1,1,['Driver'],['None_Used'],0,0,Valid,0.0,0.0,72.0,24.0,"['Female', 'Male']",0,0,3,4,5,Dry,Straight,Level,Lowest,No
19242,28,Mississippi,280098,0,1,1,0,1,GREENVILLE,March,4,Saturday,19,7,Urban,Medium Speed (Collector),No,33.39059167,-91.05236111,Non-Intersection,Dark - Lighted,Clear,7:00pm-7:59pm,9,7:00pm-7:59pm,15,7:00pm-7:59pm,46,1,Dark - Lighted,Clear,1,0,['Driver'],['Shoulder_Lapbelt'],0,0,Valid,0.0,1.0,57.0,57.0,['Male'],0,0,3,4,3,Dry,Straight,Level,Lowest,No
19243,28,Mississippi,280099,0,1,1,0,1,NOT APPLICABLE,March,4,Saturday,20,48,Rural,Medium Speed (Collector),No,32.71061389,-89.86191944,Non-Intersection,Dark - Not Lighted,Clear,Unknown,Unknown if Notified,Unknown EMS Scene Arrival Hour,Unknown if Arrived,Not Applicable (Not Transported),Not Applicable (Not Transported),1,Dark - Unlighted,Clear,1,0,['Driver'],['None_Used'],0,0,Invalid,0.0,0.0,34.0,34.0,['Male'],0,0,5,4,2,Dry,Straight,Level,Lowest,No
19244,28,Mississippi,280100,0,1,1,0,5,HATTIESBURG,March,5,Sunday,11,53,Urban,High Speed (Arterial),Yes,31.23458611,-89.27136389,Non-Intersection,Daylight,Clear,11:00am-11:59am,55,11:00am-11:59am,59,12:00pm-12:59pm,24,3,Daylight,Clear,3,2,"['Driver', 'Front_Passenger', 'Front_Passenger']","['None_Used', 'Lapbelt_Only', 'Shoulder_Lapbelt']",0,0,Invalid,0.0,0.0,40.0,40.0,['Female'],0,0,3,4,3,Dry,Straight,Level,Lowest,Yes
19245,28,Mississippi,280101,0,1,1,0,1,NOT APPLICABLE,March,7,Tuesday,3,30,Rural,High Speed (Arterial),Yes,34.91029444,-89.75916389,Non-Intersection,Dark - Not Lighted,Clear,Unknown,Unknown if Notified,Unknown EMS Scene Arrival Hour,Unknown if Arrived,Not Applicable (Not Transported),Not Applicable (Not Transported),1,Dark - Unlighted,Clear,1,0,['Driver'],['Shoulder_Lapbelt'],0,0,Valid,0.0,0.0,47.0,47.0,['Female'],0,0,4,4,3,Dry,Straight,Level,Lowest,No
19246,28,Mississippi,280102,0,1,1,0,1,JACKSON,February,17,Friday,21,47,Urban,High Speed (Arterial),Yes,32.29531111,-90.19264722,Simple Junction,Dark - Lighted,Clear,Unknown,Unknown if Notified,Unknown EMS Scene Arrival Hour,Unknown if Arrived,Not Applicable (Not Transported),Not Applicable (Not Transported),1,Dark - Lighted,Clear,1,0,['Driver'],['None_Used'],0,0,Valid,0.0,0.0,42.0,42.0,['Male'],0,0,3,4,3,Dry,Straight,Level,Lowest,No
19247,28,Mississippi,280103,0,1,1,0,1,JACKSON,February,25,Saturday,3,33,Urban,High Speed (Arterial),Yes,32.31690278,-90.227675,Non-Intersection,Dark - Lighted,Clear,Unknown,Unknown if Notified,Unknown EMS Scene Arrival Hour,Unknown if Arrived,Not Applicable (Not Transported),Not Applicable (Not Transported),1,Dark - Lighted,Clear,1,0,['Driver'],['Shoulder_Lapbelt'],0,0,Invalid,0.0,0.0,37.0,37.0,['Male'],1,0,2,4,3,Dry,Straight,Level,Lowest,No
19248,28,Mississippi,280104,0,2,2,0,6,NOT APPLICABLE,March,1,Wednesday,13,57,Rural,Medium Speed (Collector),No,31.61385278,-89.25636389,Non-Intersection,Daylight,Clear,2:00pm-2:59pm,27,2:00pm-2:59pm,28,3:00pm-3:59pm,20,3,Daylight,Clear,3,3,"['Driver', 'Rear_Seat', 'Rear_Seat']","['Shoulder_Lapbelt', 'Shoulder_Lapbelt', 'Shoulder_Lapbelt']",0,0,Valid,0.0,0.0,61.0,38.0,"['Male', 'Male']",0,0,4,4,5,Dry,Straight,Level,Lowest,No
19249,28,Mississippi,280105,0,1,1,0,1,NOT APPLICABLE,March,4,Saturday,2,15,Rural,Medium Speed (Collector),No,33.73271111,-89.97131111,Non-Intersection,Dark - Not Lighted,Clear,2:00am-2:59am,15,2:00am-2:59am,26,Not Applicable (Not Transported),Not Applicable (Not Transported),1,Dark - Unlighted,Clear,1,0,['Driver'],['Shoulder_Lapbelt'],0,0,Valid,0.0,0.0,18.0,18.0,['Male'],0,0,3,4,3,Dry,Straight,Level,Lowest,No
19250,28,Mississippi,280106,1,1,1,0,1,JACKSON,March,5,Sunday,19,54,Urban,High Speed (Arterial),Yes,32.26225,-90.20965833,Non-Intersection,Dark - Lighted,Clear,Unknown,Unknown if Notified,Unknown EMS Scene Arrival Hour,Unknown if Arrived,Not Applicable (Not Transported),Not Applicable (Not Transported),1,Dark - Lighted,Clear,0,1,[],[],0,0,Valid,0.0,0.0,48.0,48.0,['Male'],0,0,3,3,4,Dry,Straight,Level,Lowest,No
19251,28,Mississippi,280107,0,2,2,0,2,JACKSON,March,6,Monday,1,30,Urban,High Speed (Arterial),Yes,32.38419722,-90.20033611,Non-Intersection,Dark - Lighted,Clear,Unknown,Unknown,Unknown EMS Scene Arrival Hour,Unknown EMS Scene Arrival Minutes,Unknown,Unknown EMS Hospital Arrival Time,1,Dark - Lighted,Clear,1,1,['Driver'],['None_Used'],0,0,Invalid,0.0,0.0,44.0,23.0,"['Female', 'Male']",0,0,2,4,5,Dry,Straight,Level,Lowest,No
19252,28,Mississippi,280108,0,1,1,0,2,NOT APPLICABLE,March,7,Tuesday,20,23,Rural,Medium Speed (Collector),No,31.88424444,-90.30577222,Non-Intersection,Dark - Not Lighted,Clear,Unknown,Unknown,Unknown EMS Scene Arrival Hour,Unknown EMS Scene Arrival Minutes,Unknown,Unknown EMS Hospital Arrival Time,1,Dark - Unlighted,Clear,1,1,['Front_Passenger'],['None_Used'],0,0,Valid,0.0,0.0,35.0,35.0,['Male'],0,0,2,4,3,Dry,Straight,Level,Lowest,No
19253,28,Mississippi,280109,1,1,1,0,1,JACKSON,March,8,Wednesday,5,32,Urban,Low Speed (Local),No,32.27343333,-90.21028333,Non-Intersection,Dawn,Cloudy,Unknown,Unknown if Notified,Unknown EMS Scene Arrival Hour,Unknown if Arrived,Not Applicable (Not Transported),Not Applicable (Not Transported),1,Twilight,Reduced Visibility,0,1,[],[],0,0,Invalid,0.0,0.0,999.0,999.0,['Other'],0,0,1,0,4,Dry,Straight,Level,Lowest,No
19254,28,Mississippi,280110,0,2,2,0,3,PICAYUNE,March,8,Wednesday,13,38,Urban,High Speed (Arterial),Yes,30.51776944,-89.66491944,Complex/Circle,Daylight,Clear,1:00pm-1:59pm,39,1:00pm-1:59pm,47,Not Applicable (Not Transported),Not Applicable (Not Transported),1,Daylight,Clear,1,2,['Driver'],['None_Used'],0,0,Valid,0.0,0.0,80.0,48.0,"['Male', 'Female']",0,0,5,4,5,Dry,Straight,Level,Lowest,No
19255,28,Mississippi,280111,1,1,1,0,1,PICAYUNE,March,8,Wednesday,19,1,Urban,High Speed (Arterial),Yes,30.54958333,-89.67959444,Complex/Circle,Dark - Not Lighted,Clear,7:00pm-7:59pm,3,7:00pm-7:59pm,7,Not Applicable (Not Transported),Not Applicable (Not Transported),1,Dark - Unlighted,Clear,0,1,[],[],0,0,Valid,0.0,0.0,42.0,42.0,['Female'],0,0,2,2,4,Dry,Straight,Level,Lowest,No
19256,28,Mississippi,280112,0,2,2,0,2,NOT APPLICABLE,March,10,Friday,20,13,Urban,High Speed (Arterial),Yes,30.43552778,-88.83058333,Simple Junction,Dark - Not Lighted,Clear,Unknown,Unknown,Unknown EMS Scene Arrival Hour,Unknown EMS Scene Arrival Minutes,Unknown,Unknown EMS Hospital Arrival Time,1,Dark - Unlighted,Clear,1,1,['Driver'],['Shoulder_Lapbelt'],0,0,Valid,0.0,1.0,73.0,66.0,"['Male', 'Female']",0,0,3,4,5,Dry,Straight,Level,Lowest,No