,State_Code,State_Name,Crash_ID,Count_Non_Motorists,Count_Vehicles_Total,Count_Vehicle_Forms,Count_PVH_Involved,Count_Occupants_MV,City_Name,Month_Name,Day_of_Month,Day_of_Week,Crash_Hour,Crash_Minute,Area_Rural_Urban,Road_Functional_Class,On_NHS_Road,Latitude,Longitude,Intersection_Type,Light_Condition,Weather_Condition,Notif_Hour,Notif_Minute,Arrival_Hour,Arrival_Minute,Hospital_Hour,Hospital_Minute,Fatalities_Count,Clean_Light_Condition,Clean_Weather_Condition,Total_Killed,Total_Alive,Fatal_Seats_List,Killed_Restraint_List,Any_Driver_Drinking,Total_Drinking_Drivers,Driver_License_Category,Driver_Max_Prev_Accident_Count,Driver_Max_Prev_Speeding_Count,Max_Driver_Age,Min_Driver_Age,Driver_Sex_List,Total_Exceeding_Limit_Vehicles,Total_Too_Fast_Vehicles,Max_Vehicle_Type_Severity_5,Max_Vehicle_Damage_Rank,Max_Harmful_Event_Severity,Crash_Road_Surface_Condition,Crash_Horizontal_Alignment,Crash_Vertical_Profile,Crash_Impairment_Category,Crash_Vehicle_Defect
19257,28,Mississippi,280113,0,1,1,0,1,NOT APPLICABLE,March,11,Saturday,9,27,Rural,Medium Speed (Collector),No,31.82546667,-89.39828889,Non-Intersection,Daylight,Clear,9:00am-9:59am,34,9:00am-9:59am,43,Not Applicable (Not Transported),Not Applicable (Not Transported),1,Daylight,Clear,1,0,['Driver'],['None_Used'],0,0,Invalid,0.0,0.0,27.0,27.0,['Male'],0,0,1,4,3,Dry,Straight,Level,Lowest,No
19258,28,Mississippi,280114,0,2,2,0,2,NOT APPLICABLE,March,11,Saturday,18,57,Rural,High Speed (Arterial),Yes,33.18609167,-89.00682778,Simple Junction,Dark - Not Lighted,Clear,6:00pm-6:59pm,57,7:00pm-7:59pm,9,7:00pm-7:59pm,35,1,Dark - Unlighted,Clear,1,1,['Driver'],['None_Used'],0,0,Invalid,0.0,0.0,87.0,29.0,"['Male', 'Male']",0,0,5,4,5,Dry,Straight,Level,Lowest,No
19259,28,Mississippi,280115,0,2,2,0,5,NOT APPLICABLE,March,12,Sunday,11,1,Rural,Medium Speed (Collector),No,33.10752222,-90.29350556,Simple Junction,Daylight,Cloudy,11:00am-11:59am,1,11:00am-11:59am,21,12:00pm-12:59pm,45,1,Daylight,Reduced Visibility,1,4,['Driver'],['None_Used'],0,0,Valid,0.0,4.0,34.0,26.0,"['Female', 'Female']",0,0,3,4,5,Dry,Straight,Level,Lowest,No
19260,28,Mississippi,280116,0,2,2,0,2,NOT APPLICABLE,March,12,Sunday,19,52,Rural,Medium Speed (Collector),No,33.70786389,-90.54888056,Non-Intersection,Dark - Not Lighted,Clear,7:00pm-7:59pm,52,7:00pm-7:59pm,59,8:00pm-8:59pm,33,1,Dark - Unlighted,Clear,1,1,['Driver'],['Shoulder_Lapbelt'],0,0,Valid,0.0,0.0,49.0,36.0,"['Male', 'Male']",0,0,2,4,5,Dry,Straight,Level,Lowest,No
19261,28,Mississippi,280117,0,1,1,0,2,MERIDIAN,March,13,Monday,9,49,Urban,High Speed (Arterial),Yes,32.34916389,-88.72668889,Non-Intersection,Daylight,Clear,Unknown,Unknown,Unknown EMS Scene Arrival Hour,Unknown EMS Scene Arrival Minutes,Unknown,Unknown EMS Hospital Arrival Time,1,Daylight,Clear,1,1,['Driver'],['Shoulder_Lapbelt'],0,0,Valid,0.0,0.0,57.0,57.0,['Female'],0,0,2,4,3,Dry,Straight,Level,Lowest,Yes
19262,28,Mississippi,280118,0,2,2,0,3,NOT APPLICABLE,March,13,Monday,22,4,Rural,Medium Speed (Collector),No,33.33380278,-89.15488611,Non-Intersection,Dark - Not Lighted,Clear,10:00pm-10:59pm,9,10:00pm-10:59pm,27,10:00pm-10:59pm,35,2,Dark - Unlighted,Clear,2,1,"['Driver', 'Driver']","['Shoulder_Lapbelt', 'None_Used']",0,0,Valid,0.0,0.0,73.0,30.0,"['Male', 'Male']",0,0,3,4,5,Dry,Straight,Grade/Hillcrest,Lowest,No
19263,28,Mississippi,280119,0,1,1,0,2,NOT APPLICABLE,March,16,Thursday,17,56,Rural,Medium Speed (Collector),No,34.23553889,-89.09116389,Non-Intersection,Daylight,Clear,5:00pm-5:59pm,56,6:00pm-6:59pm,18,6:00pm-6:59pm,40,1,Daylight,Clear,1,1,['Driver'],['None_Used'],0,0,Valid,0.0,0.0,61.0,61.0,['Male'],0,0,5,4,2,Dry,Straight,Level,Lowest,No
19264,28,Mississippi,280120,0,2,2,0,3,NOT APPLICABLE,March,15,Wednesday,23,20,Rural,Medium Speed (Collector),No,34.84189167,-88.41305,Non-Intersection,Dark - Not Lighted,Clear,11:00pm-11:59pm,24,11:00pm-11:59pm,35,0:00am-0:59am,13,2,Dark - Unlighted,Clear,2,1,"['Driver', 'Rear_Seat']","['None_Used', 'None_Used']",0,0,Valid,0.0,0.0,38.0,17.0,"['Male', 'Male']",0,0,5,4,5,Dry,Straight,Grade/Hillcrest,Lowest,No
19265,28,Mississippi,280121,1,1,1,0,1,HATTIESBURG,March,17,Friday,2,47,Urban,High Speed (Arterial),Yes,31.40345833,-89.39183333,Non-Intersection,Dark - Not Lighted,Clear,2:00am-2:59am,50,3:00am-3:59am,4,Not Applicable (Not Transported),Not Applicable (Not Transported),1,Dark - Unlighted,Clear,0,1,[],[],0,0,Valid,0.0,0.0,47.0,47.0,['Male'],0,0,2,2,4,Dry,Straight,Level,Lowest,No
19266,28,Mississippi,280122,0,1,1,0,1,NOT APPLICABLE,March,18,Saturday,18,49,Urban,Medium Speed (Collector),No,32.17403056,-89.92694167,Non-Intersection,Daylight,Clear,6:00pm-6:59pm,49,6:00pm-6:59pm,55,Not Applicable (Not Transported),Not Applicable (Not Transported),1,Daylight,Clear,1,0,['Driver'],['None_Used'],0,0,Valid,0.0,0.0,34.0,34.0,['Male'],0,0,2,4,3,Dry,Straight,Level,Lowest,No
19267,28,Mississippi,280123,0,1,1,0,1,BILOXI,March,19,Sunday,3,31,Urban,High Speed (Arterial),Yes,30.39421389,-88.92595556,Non-Intersection,Dark - Lighted,Clear,Unknown,Unknown,Unknown EMS Scene Arrival Hour,Unknown EMS Scene Arrival Minutes,Not Applicable (Not Transported),Not Applicable (Not Transported),1,Dark - Lighted,Clear,1,0,['Driver'],['Shoulder_Lapbelt'],0,0,Invalid,0.0,0.0,33.0,33.0,['Male'],0,0,3,4,3,Dry,Straight,Level,Lowest,No
19268,28,Mississippi,280124,0,1,1,0,1,VICKSBURG,March,20,Monday,4,19,Urban,High Speed (Arterial),Yes,32.31643056,-90.88248056,Non-Intersection,Dark - Lighted,Clear,Unknown,Unknown if Notified,Unknown EMS Scene Arrival Hour,Unknown if Arrived,Not Applicable (Not Transported),Not Applicable (Not Transported),1,Dark - Lighted,Clear,1,0,['Driver'],['Shoulder_Lapbelt'],0,0,Valid,0.0,0.0,32.0,32.0,['Male'],0,0,3,4,3,Dry,Straight,Grade/Hillcrest,Lowest,No
19269,28,Mississippi,280125,0,1,1,0,1,NOT APPLICABLE,March,22,Wednesday,10,34,Rural,Medium Speed (Collector),No,32.57613056,-89.13939722,Non-Intersection,Daylight,Cloudy,Unknown,Unknown if Notified,Unknown EMS Scene Arrival Hour,Unknown if Arrived,Not Applicable (Not Transported),Not Applicable (Not Transported),1,Daylight,Reduced Visibility,1,0,['Driver'],['None_Used'],0,0,Invalid,0.0,0.0,63.0,63.0,['Female'],0,0,2,4,3,Dry,Straight,Grade/Hillcrest,Lowest,No
19270,28,Mississippi,280126,0,2,2,0,5,NOT APPLICABLE,March,25,Saturday,11,20,Rural,High Speed (Arterial),Yes,33.49777778,-90.03013333,Simple Junction,Daylight,Clear,11:00am-11:59am,20,11:00am-11:59am,51,12:00pm-12:59pm,35,1,Daylight,Clear,1,4,['Front_Passenger'],['Shoulder_Lapbelt'],0,0,Valid,0.0,0.0,75.0,35.0,"['Male', 'Female']",0,0,4,4,5,Dry,Straight,Level,Lowest,No
19271,28,Mississippi,280127,0,1,1,0,1,NOT APPLICABLE,March,25,Saturday,22,44,Rural,Medium Speed (Collector),No,31.625925,-89.88468889,Non-Intersection,Dark - Not Lighted,Clear,Unknown,Unknown if Notified,Unknown EMS Scene Arrival Hour,Unknown if Arrived,Not Applicable (Not Transported),Not Applicable (Not Transported),1,Dark - Unlighted,Clear,1,0,['Driver'],['Shoulder_Lapbelt'],0,0,Valid,0.0,0.0,30.0,30.0,['Male'],0,0,2,4,3,Dry,Curve,Level,Lowest,No
19272,28,Mississippi,280128,0,2,2,0,2,NOT APPLICABLE,March,26,Sunday,14,40,Rural,Medium Speed (Collector),No,34.40911389,-89.01643333,Complex/Circle,Daylight,Clear,Unknown,Unknown if Notified,Unknown EMS Scene Arrival Hour,Unknown if Arrived,Not Applicable (Not Transported),Not Applicable (Not Transported),1,Daylight,Clear,1,1,['Driver'],['None_Used'],0,0,Valid,0.0,0.0,91.0,68.0,"['Male', 'Male']",0,0,5,4,5,Dry,Straight,Level,Lowest,No
19273,28,Mississippi,280129,1,1,1,0,2,NOT APPLICABLE,March,11,Saturday,3,54,Rural,Medium Speed (Collector),No,33.8914,-89.047225,Non-Intersection,Dark - Not Lighted,Clear,Unknown,Unknown if Notified,Unknown EMS Scene Arrival Hour,Unknown if Arrived,Not Applicable (Not Transported),Not Applicable (Not Transported),1,Dark - Unlighted,Clear,0,2,[],[],0,0,Valid,0.0,1.0,50.0,50.0,['Male'],0,0,3,3,4,Dry,Straight,Level,Lowest,No
19274,28,Mississippi,280130,0,2,2,0,5,NOT APPLICABLE,March,15,Wednesday,14,45,Rural,Low Speed (Local),No,34.953125,-89.56502222,Non-Intersection,Daylight,Clear,2:00pm-2:59pm,46,2:00pm-2:59pm,53,3:00pm-3:59pm,27,1,Daylight,Clear,1,4,['Rear_Seat'],['None_Used'],0,0,Valid,0.0,0.0,47.0,20.0,"['Female', 'Male']",0,0,3,4,5,Dry,Straight,Level,Lowest,No
19275,28,Mississippi,280131,0,2,2,0,3,NOT APPLICABLE,March,20,Monday,18,36,Rural,Medium Speed (Collector),No,34.54948889,-90.19902222,Non-Intersection,Dark - Not Lighted,Clear,6:00pm-6:59pm,36,7:00pm-7:59pm,4,Not Applicable (Not Transported),Not Applicable (Not Transported),2,Dark - Unlighted,Clear,2,1,"['Driver', 'Rear_Seat']","['None_Used', 'None_Used']",0,0,Valid,0.0,0.0,64.0,58.0,"['Male', 'Male']",0,0,5,4,5,Dry,Straight,Grade/Hillcrest,Lowest,Yes
19276,28,Mississippi,280132,0,1,1,0,6,NOT APPLICABLE,March,21,Tuesday,21,53,Rural,Medium Speed (Collector),No,34.33936667,-90.04129444,Non-Intersection,Dark - Not Lighted,Rain,Unknown,Unknown if Notified,Unknown EMS Scene Arrival Hour,Unknown if Arrived,Not Applicable (Not Transported),Not Applicable (Not Transported),5,Dark - Unlighted,Rain/Wind/Minor,5,1,"['Driver', 'Front_Passenger', 'Front_Passenger', 'Front_Passenger', 'Front_Passenger']","['Shoulder_Lapbelt', 'Shoulder_Lapbelt', 'Shoulder_Lapbelt', 'Shoulder_Lapbelt', 'Shoulder_Lapbelt']",0,0,Valid,0.0,0.0,19.0,19.0,['Female'],0,0,2,4,4,Wet/Standing Water,Straight,Level,Lowest,No
19277,28,Mississippi,280133,0,2,2,0,4,NOT APPLICABLE,March,22,Wednesday,17,10,Rural,Medium Speed (Collector),No,32.67647778,-89.03746111,Non-Intersection,Daylight,Clear,Unknown,Unknown,Unknown EMS Scene Arrival Hour,Unknown EMS Scene Arrival Minutes,Unknown,Unknown EMS Hospital Arrival Time,2,Daylight,Clear,2,2,"['Front_Passenger', 'Rear_Seat']","['Shoulder_Lapbelt', 'Shoulder_Lapbelt']",0,0,Valid,0.0,1.0,44.0,42.0,"['Female', 'Female']",0,0,3,4,5,Dry,Straight,Level,Lowest,No
19278,28,Mississippi,280134,0,1,1,0,2,NOT APPLICABLE,March,24,Friday,8,52,Rural,Medium Speed (Collector),No,34.11801667,-89.74237222,Non-Intersection,Daylight,Clear,Unknown,Unknown if Notified,Unknown EMS Scene Arrival Hour,Unknown if Arrived,Not Applicable (Not Transported),Not Applicable (Not Transported),1,Daylight,Clear,1,1,['Driver'],['None_Used'],0,0,Valid,0.0,0.0,40.0,40.0,['Female'],0,0,3,4,1,Dry,Straight,Grade/Hillcrest,Lowest,No
19279,28,Mississippi,280135,0,2,2,0,2,NOT APPLICABLE,March,24,Friday,16,16,Rural,Medium Speed (Collector),No,31.19494444,-89.79860833,Non-Intersection,Daylight,Clear,4:00pm-4:59pm,16,4:00pm-4:59pm,21,4:00pm-4:59pm,40,1,Daylight,Clear,1,1,['Driver'],['Shoulder_Lapbelt'],0,0,Valid,0.0,1.0,70.0,48.0,"['Female', 'Male']",0,0,3,4,5,Dry,Straight,Level,Lowest,No
19280,28,Mississippi,280136,0,2,2,0,2,HATTIESBURG,March,24,Friday,20,39,Urban,High Speed (Arterial),Yes,31.24844167,-89.2776,Non-Intersection,Dark - Not Lighted,Clear,8:00pm-8:59pm,39,8:00pm-8:59pm,41,8:00pm-8:59pm,59,1,Dark - Unlighted,Clear,1,1,['Driver'],['Shoulder_Lapbelt'],0,0,Invalid,0.0,2.0,52.0,22.0,"['Male', 'Male']",0,0,2,4,5,Dry,Straight,Level,Lowest,No
19281,28,Mississippi,280137,0,1,1,0,1,CANTON,March,25,Saturday,5,58,Urban,High Speed (Arterial),Yes,32.57560556,-90.05224167,Non-Intersection,Dark - Lighted,Clear,Not Applicable (Not Notified),Not Applicable (Not Notified),Not Applicable,Not Applicable,Not Applicable (Not Transported),Not Applicable (Not Transported),1,Dark - Lighted,Clear,1,0,['Driver'],['Shoulder_Lapbelt'],0,0,Valid,0.0,0.0,26.0,26.0,['Male'],0,0,2,4,2,Dry,Straight,Level,Lowest,No
19282,28,Mississippi,280138,0,1,1,0,2,NOT APPLICABLE,March,25,Saturday,16,6,Rural,High Speed (Arterial),Yes,34.80800278,-89.51236389,Non-Intersection,Daylight,Clear,4:00pm-4:59pm,6,4:00pm-4:59pm,9,4:00pm-4:59pm,16,1,Daylight,Clear,1,1,['Driver'],['Shoulder_Lapbelt'],0,0,Valid,0.0,0.0,58.0,58.0,['Male'],0,0,2,4,3,Dry,Straight,Level,Lowest,No
19283,28,Mississippi,280139,1,1,1,0,1,NOT APPLICABLE,March,26,Sunday,19,31,Rural,High Speed (Arterial),Yes,30.71948333,-88.58964722,Non-Intersection,Dark - Not Lighted,Clear,Unknown,Unknown if Notified,Unknown EMS Scene Arrival Hour,Unknown if Arrived,Not Applicable (Not Transported),Not Applicable (Not Transported),1,Dark - Unlighted,Clear,0,1,[],[],0,0,Invalid,0.0,0.0,999.0,999.0,['Other'],0,0,3,3,4,Dry,Straight,Level,Lowest,No
19284,28,Mississippi,280140,1,1,1,0,4,NOT APPLICABLE,March,26,Sunday,23,31,Rural,Medium Speed (Collector),No,31.31680556,-89.86031389,Non-Intersection,Dark - Not Lighted,Clear,Unknown,Unknown,Unknown EMS Scene Arrival Hour,Unknown EMS Scene Arrival Minutes,Not Applicable (Not Transported),Not Applicable (Not Transported),1,Dark - Unlighted,Clear,0,4,[],[],0,0,Valid,0.0,0.0,56.0,56.0,['Female'],0,0,3,4,4,Dry,Straight,Level,Lowest,No
19285,28,Mississippi,280141,0,2,2,0,2,NOT APPLICABLE,March,27,Monday,8,19,Rural,High Speed (Arterial),Yes,31.04868056,-89.202825,Complex/Circle,Daylight,Rain,Unknown,Unknown,Unknown EMS Scene Arrival Hour,Unknown EMS Scene Arrival Minutes,Unknown,Unknown EMS Hospital Arrival Time,1,Daylight,Rain/Wind/Minor,1,1,['Driver'],['Shoulder_Lapbelt'],0,0,Valid,0.0,0.0,65.0,30.0,"['Female', 'Male']",0,0,3,4,5,Wet/Standing Water,Straight,Level,Lowest,No
19286,28,Mississippi,280142,1,2,2,0,5,NOT APPLICABLE,March,28,Tuesday,21,14,Rural,High Speed (Arterial),Yes,33.49537222,-88.88688611,Non-Intersection,Dark - Not Lighted,Clear,9:00pm-9:59pm,14,9:00pm-9:59pm,28,Not Applicable (Not Transported),Not Applicable (Not Transported),1,Dark - Unlighted,Clear,0,5,[],[],0,0,Valid,0.0,0.0,50.0,50.0,"['Female', 'Female']",0,0,3,4,4,Dry,Straight,Level,Lowest,No
19287,28,Mississippi,280143,0,2,2,0,2,RIDGELAND,March,13,Monday,22,22,Urban,High Speed (Arterial),Yes,32.40955278,-90.16361944,Non-Intersection,Dark - Lighted,Clear,10:00pm-10:59pm,22,10:00pm-10:59pm,30,10:00pm-10:59pm,51,1,Dark - Lighted,Clear,1,1,['Driver'],['Shoulder_Lapbelt'],0,0,Valid,0.0,0.0,65.0,34.0,"['Female', 'Male']",1,0,2,4,5,Dry,Straight,Grade/Hillcrest,Lowest,No
19288,28,Mississippi,280144,0,1,1,0,2,NOT APPLICABLE,March,21,Tuesday,9,15,Rural,Low Speed (Local),No,34.64020833,-90.389675,Non-Intersection,Daylight,Cloudy,Unknown,Unknown if Notified,Unknown EMS Scene Arrival Hour,Unknown if Arrived,Not Applicable (Not Transported),Not Applicable (Not Transported),1,Daylight,Reduced Visibility,1,1,['Non_Standard_Risk'],['None_Used'],0,0,Valid,0.0,2.0,31.0,31.0,['Male'],0,0,3,1,1,Dry,Straight,Level,Lowest,No
19289,28,Mississippi,280145,0,1,1,0,1,NOT APPLICABLE,March,27,Monday,17,25,Rural,Low Speed (Local),No,34.90107778,-89.83509167,Non-Intersection,Daylight,Clear,Unknown,Unknown,Unknown EMS Scene Arrival Hour,Unknown EMS Scene Arrival Minutes,Unknown,Unknown EMS Hospital Arrival Time,1,Daylight,Clear,1,0,['Driver'],['None_Used'],0,0,Valid,0.0,0.0,15.0,15.0,['Male'],1,0,5,3,3,Dry,Straight,Level,Lowest,No
19290,28,Mississippi,280146,1,1,1,0,1,NOT APPLICABLE,March,30,Thursday,0,16,Rural,Medium Speed (Collector),No,32.7281,-90.10119167,Non-Intersection,Dark - Not Lighted,Clear,0:00am-0:59am,24,0:00am-0:59am,37,Not Applicable (Not Transported),Not Applicable (Not Transported),1,Dark - Unlighted,Clear,0,1,[],[],0,0,Invalid,0.0,0.0,37.0,37.0,['Female'],0,0,2,4,4,Dry,Straight,Level,Lowest,No
19291,28,Mississippi,280147,0,1,1,0,1,NOT APPLICABLE,March,31,Friday,20,39,Rural,Medium Speed (Collector),No,33.35201111,-88.30281944,Non-Intersection,Dark - Not Lighted,Clear,Unknown,Unknown if Notified,Unknown EMS Scene Arrival Hour,Unknown if Arrived,Not Applicable (Not Transported),Not Applicable (Not Transported),1,Dark - Unlighted,Clear,1,0,['Driver'],['Shoulder_Lapbelt'],0,0,Valid,0.0,0.0,43.0,43.0,['Female'],0,0,3,4,3,Dry,Curve,Level,Lowest,No
19292,28,Mississippi,280148,0,1,1,0,1,NOT APPLICABLE,March,31,Friday,23,40,Rural,Medium Speed (Collector),No,34.45081944,-88.69561389,Non-Intersection,Dark - Not Lighted,Cloudy,Unknown,Unknown,Unknown EMS Scene Arrival Hour,Unknown EMS Scene Arrival Minutes,Not Applicable (Not Transported),Not Applicable (Not Transported),1,Dark - Unlighted,Reduced Visibility,1,0,['Driver'],['None_Used'],1,1,Valid,0.0,1.0,22.0,22.0,['Male'],0,0,3,4,2,Dry,Straight,Grade/Hillcrest,Lowest,No
19293,28,Mississippi,280149,0,2,2,0,3,NOT APPLICABLE,April,1,Saturday,13,30,Rural,High Speed (Arterial),Yes,33.22469167,-90.85673056,Non-Intersection,Daylight,Clear,Unknown,Unknown if Notified,Unknown EMS Scene Arrival Hour,Unknown if Arrived,Not Applicable (Not Transported),Not Applicable (Not Transported),1,Daylight,Clear,1,2,['Driver'],['Shoulder_Lapbelt'],0,0,Valid,0.0,0.0,66.0,55.0,"['Male', 'Male']",0,0,3,4,5,Dry,Straight,Level,Lowest,No
19294,28,Mississippi,280150,0,2,2,0,2,PHILADELPHIA,April,1,Saturday,18,5,Urban,Medium Speed (Collector),No,32.76031111,-89.14525278,Complex/Circle,Daylight,Clear,Unknown,Unknown,Unknown EMS Scene Arrival Hour,Unknown EMS Scene Arrival Minutes,Unknown,Unknown EMS Hospital Arrival Time,1,Daylight,Clear,1,1,['Driver'],['None_Used'],0,0,Valid,0.0,0.0,68.0,24.0,"['Male', 'Male']",0,0,5,4,5,Dry,Straight,Level,Lowest,No
19295,28,Mississippi,280151,1,1,1,0,1,GULFPORT,March,11,Saturday,16,36,Urban,Low Speed (Local),No,30.38600278,-89.06503333,Non-Intersection,Daylight,Clear,Unknown,Unknown,Unknown EMS Scene Arrival Hour,Unknown EMS Scene Arrival Minutes,Unknown,Unknown EMS Hospital Arrival Time,1,Daylight,Clear,0,1,[],[],0,0,Invalid,0.0,0.0,999.0,999.0,['Other'],0,0,1,0,4,Dry,Straight,Level,Lowest,No
19296,28,Mississippi,280152,0,2,2,0,2,COLUMBIA,March,14,Tuesday,13,9,Urban,High Speed (Arterial),Yes,31.27513333,-89.85014444,Complex/Circle,Daylight,Cloudy,1:00pm-1:59pm,14,1:00pm-1:59pm,20,2:00pm-2:59pm,9,1,Daylight,Reduced Visibility,1,1,['Driver'],['Shoulder_Lapbelt'],0,0,Valid,0.0,0.0,49.0,36.0,"['Female', 'Male']",0,0,4,4,5,Dry,Straight,Level,Lowest,No
19297,28,Mississippi,280153,0,1,1,0,2,BILOXI,April,1,Saturday,14,48,Urban,High Speed (Arterial),Yes,30.39341111,-88.95096667,Non-Intersection,Daylight,Clear,Unknown,Unknown,Unknown EMS Scene Arrival Hour,Unknown EMS Scene Arrival Minutes,Unknown,Unknown EMS Hospital Arrival Time,1,Daylight,Clear,1,1,['Rear_Seat'],['None_Used'],0,0,Invalid,0.0,0.0,48.0,48.0,['Male'],0,0,5,3,2,Dry,Straight,Level,Lowest,No
19298,28,Mississippi,280154,1,1,1,0,1,JACKSON,April,2,Sunday,5,2,Urban,High Speed (Arterial),Yes,32.26851944,-90.30539722,Non-Intersection,Dark - Not Lighted,Clear,Unknown,Unknown if Notified,Unknown EMS Scene Arrival Hour,Unknown if Arrived,Not Applicable (Not Transported),Not Applicable (Not Transported),1,Dark - Unlighted,Clear,0,1,[],[],0,0,Valid,0.0,0.0,48.0,48.0,['Female'],0,0,3,2,4,Dry,Straight,Level,Lowest,No
19299,28,Mississippi,280155,0,1,1,0,1,BATESVILLE,April,2,Sunday,21,51,Urban,High Speed (Arterial),Yes,34.30981667,-89.91927778,Non-Intersection,Dark - Lighted,Rain,Unknown,Unknown if Notified,Unknown EMS Scene Arrival Hour,Unknown if Arrived,Not Applicable (Not Transported),Not Applicable (Not Transported),1,Dark - Lighted,Rain/Wind/Minor,1,0,['Driver'],['Shoulder_Lapbelt'],0,0,Valid,0.0,0.0,36.0,36.0,['Male'],0,0,4,4,3,Wet/Standing Water,Straight,Level,Lowest,No
19300,28,Mississippi,280156,0,3,3,0,3,NOT APPLICABLE,April,3,Monday,6,6,Rural,High Speed (Arterial),Yes,33.46158889,-90.50853333,Complex/Circle,Dark - Not Lighted,Clear,Unknown,Unknown,Unknown EMS Scene Arrival Hour,Unknown EMS Scene Arrival Minutes,Unknown,Unknown EMS Hospital Arrival Time,1,Dark - Unlighted,Clear,1,2,['Driver'],['Shoulder_Lapbelt'],0,0,Invalid,0.0,2.0,56.0,28.0,"['Male', 'Male', 'Male']",0,0,2,4,5,Wet/Standing Water,Straight,Level,Lowest,No
19301,28,Mississippi,280157,0,2,2,0,2,YAZOO CITY,April,7,Friday,12,21,Urban,High Speed (Arterial),No,32.880175,-90.41563611,Complex/Circle,Daylight,Rain,Unknown,Unknown,Unknown EMS Scene Arrival Hour,Unknown EMS Scene Arrival Minutes,Not Applicable (Not Transported),Not Applicable (Not Transported),1,Daylight,Rain/Wind/Minor,1,1,['Driver'],['Shoulder_Lapbelt'],0,0,Valid,0.0,1.0,73.0,63.0,"['Female', 'Male']",0,0,3,4,5,Wet/Standing Water,Straight,Level,Lowest,No
19302,28,Mississippi,280158,1,1,1,0,1,BILOXI,April,7,Friday,21,23,Urban,High Speed (Arterial),Yes,30.44910833,-88.93411667,Non-Intersection,Dark - Not Lighted,Cloudy,Unknown,Unknown if Notified,Unknown EMS Scene Arrival Hour,Unknown if Arrived,Not Applicable (Not Transported),Not Applicable (Not Transported),1,Dark - Unlighted,Reduced Visibility,0,1,[],[],0,0,Valid,0.0,1.0,62.0,62.0,['Female'],0,0,3,4,4,Dry,Straight,Grade/Hillcrest,Lowest,No
19303,28,Mississippi,280159,0,2,2,0,3,OLIVE BRANCH,April,8,Saturday,16,0,Urban,Medium Speed (Collector),No,34.93786667,-89.90136944,Simple Junction,Daylight,Clear,Unknown,Unknown,Unknown EMS Scene Arrival Hour,Unknown EMS Scene Arrival Minutes,Unknown,Unknown EMS Hospital Arrival Time,1,Daylight,Clear,1,2,['Driver'],['Shoulder_Lapbelt'],0,0,Invalid,0.0,0.0,69.0,29.0,"['Female', 'Male']",0,0,3,4,5,Dry,Straight,Level,Lowest,No
19304,28,Mississippi,280160,1,1,1,0,1,NOT APPLICABLE,April,10,Monday,20,45,Urban,High Speed (Arterial),Yes,32.375875,-90.04541389,Non-Intersection,Dark - Not Lighted,Clear,Unknown,Unknown if Notified,Unknown EMS Scene Arrival Hour,Unknown if Arrived,Not Applicable (Not Transported),Not Applicable (Not Transported),1,Dark - Unlighted,Clear,0,1,[],[],0,0,Valid,0.0,0.0,80.0,80.0,['Female'],0,0,3,3,4,Dry,Straight,Level,Lowest,No
19305,28,Mississippi,280161,0,1,1,0,1,NOT APPLICABLE,April,11,Tuesday,14,50,Rural,High Speed (Arterial),Yes,31.16751111,-89.24366667,Non-Intersection,Daylight,Cloudy,Unknown,Unknown if Notified,Unknown EMS Scene Arrival Hour,Unknown if Arrived,Not Applicable (Not Transported),Not Applicable (Not Transported),1,Daylight,Reduced Visibility,1,0,['Driver'],['None_Used'],0,0,Valid,0.0,0.0,45.0,45.0,['Female'],0,0,3,4,3,Dry,Straight,Grade/Hillcrest,Lowest,No
19306,28,Mississippi,280162,0,2,2,0,2,GREENVILLE,April,12,Wednesday,8,22,Urban,High Speed (Arterial),Yes,33.35109722,-91.09195278,Complex/Circle,Daylight,Clear,Unknown,Unknown,Unknown EMS Scene Arrival Hour,Unknown EMS Scene Arrival Minutes,Unknown,Unknown EMS Hospital Arrival Time,1,Daylight,Clear,1,1,['Driver'],['Shoulder_Lapbelt'],0,0,Valid,0.0,0.0,55.0,29.0,"['Male', 'Male']",0,0,2,4,5,Dry,Straight,Level,Lowest,No
19307,28,Mississippi,280163,0,3,3,0,3,NOT APPLICABLE,April,12,Wednesday,8,29,Rural,High Speed (Arterial),Yes,33.60107778,-90.765525,Complex/Circle,Daylight,Clear,Unknown,Unknown,Unknown EMS Scene Arrival Hour,Unknown EMS Scene Arrival Minutes,Unknown,Unknown EMS Hospital Arrival Time,1,Daylight,Clear,1,2,['Driver'],['Shoulder_Lapbelt'],1,1,Invalid,0.0,1.0,67.0,32.0,"['Male', 'Female', 'Female']",1,0,2,4,5,Dry,Straight,Level,Lowest,No
19308,28,Mississippi,280164,0,1,1,0,1,NOT APPLICABLE,April,13,Thursday,18,34,Rural,Low Speed (Local),No,33.19606944,-89.18033056,Non-Intersection,Daylight,Rain,Unknown,Unknown,Unknown EMS Scene Arrival Hour,Unknown EMS Scene Arrival Minutes,Not Applicable (Not Transported),Not Applicable (Not Transported),1,Daylight,Rain/Wind/Minor,1,0,['Driver'],['None_Used'],0,0,Invalid,0.0,0.0,62.0,62.0,['Female'],0,0,3,4,3,Wet/Standing Water,Curve,Level,Lowest,No