,State_Code,State_Name,Crash_ID,Count_Non_Motorists,Count_Vehicles_Total,Count_Vehicle_Forms,Count_PVH_Involved,Count_Occupants_MV,City_Name,Month_Name,Day_of_Month,Day_of_Week,Crash_Hour,Crash_Minute,Area_Rural_Urban,Road_Functional_Class,On_NHS_Road,Latitude,Longitude,Intersection_Type,Light_Condition,Weather_Condition,Notif_Hour,Notif_Minute,Arrival_Hour,Arrival_Minute,Hospital_Hour,Hospital_Minute,Fatalities_Count,Clean_Light_Condition,Clean_Weather_Condition,Total_Killed,Total_Alive,Fatal_Seats_List,Killed_Restraint_List,Any_Driver_Drinking,Total_Drinking_Drivers,Driver_License_Category,Driver_Max_Prev_Accident_Count,Driver_Max_Prev_Speeding_Count,Max_Driver_Age,Min_Driver_Age,Driver_Sex_List,Total_Exceeding_Limit_Vehicles,Total_Too_Fast_Vehicles,Max_Vehicle_Type_Severity_5,Max_Vehicle_Damage_Rank,Max_Harmful_Event_Severity,Crash_Road_Surface_Condition,Crash_Horizontal_Alignment,Crash_Vertical_Profile,Crash_Impairment_Category,Crash_Vehicle_Defect
19309,28,Mississippi,280165,0,2,2,0,2,NOT APPLICABLE,April,13,Thursday,18,59,Rural,High Speed (Arterial),Yes,33.40308056,-88.85559444,Complex/Circle,Daylight,Rain,Unknown,Unknown,Unknown EMS Scene Arrival Hour,Unknown EMS Scene Arrival Minutes,Unknown,Unknown EMS Hospital Arrival Time,1,Daylight,Rain/Wind/Minor,1,1,['Driver'],['None_Used'],0,0,Valid,0.0,0.0,61.0,52.0,"['Male', 'Male']",0,0,3,4,5,Wet/Standing Water,Straight,Level,Lowest,No
19310,28,Mississippi,280166,0,1,1,0,1,NOT APPLICABLE,April,15,Saturday,4,40,Rural,Low Speed (Local),No,33.42202778,-90.90705556,Non-Intersection,Daylight,Cloudy,Unknown,Unknown,Unknown EMS Scene Arrival Hour,Unknown EMS Scene Arrival Minutes,Not Applicable (Not Transported),Not Applicable (Not Transported),1,Daylight,Reduced Visibility,1,0,['Driver'],['None_Used'],0,0,Invalid,0.0,0.0,25.0,25.0,['Female'],0,0,2,4,3,Dry,Curve,Level,Lowest,No
19311,28,Mississippi,280167,0,2,2,0,2,NOT APPLICABLE,April,15,Saturday,21,20,Rural,Low Speed (Local),No,34.72723611,-88.62195556,Non-Intersection,Dark - Not Lighted,Cloudy,Unknown,Unknown,Unknown EMS Scene Arrival Hour,Unknown EMS Scene Arrival Minutes,Not Applicable (Not Transported),Not Applicable (Not Transported),1,Dark - Unlighted,Reduced Visibility,1,1,['Driver'],['None_Used'],0,0,Valid,0.0,0.0,54.0,36.0,"['Male', 'Male']",0,0,5,4,5,Dry,Straight,Level,Lowest,Yes
19312,28,Mississippi,280168,0,1,1,0,1,NOT APPLICABLE,April,15,Saturday,22,5,Rural,Low Speed (Local),No,32.06123056,-89.83650556,Non-Intersection,Dark - Not Lighted,Clear,Unknown,Unknown,Unknown EMS Scene Arrival Hour,Unknown EMS Scene Arrival Minutes,Not Applicable (Not Transported),Not Applicable (Not Transported),1,Dark - Unlighted,Clear,1,0,['Driver'],['Shoulder_Lapbelt'],0,0,Valid,0.0,1.0,61.0,61.0,['Male'],0,0,3,4,3,Wet/Standing Water,Curve,Grade/Hillcrest,Lowest,No
19313,28,Mississippi,280169,1,1,1,0,1,JACKSON,January,30,Monday,22,50,Urban,High Speed (Arterial),Yes,32.37284722,-90.14845278,Non-Intersection,Dark - Lighted,Clear,Unknown,Unknown if Notified,Unknown EMS Scene Arrival Hour,Unknown if Arrived,Not Applicable (Not Transported),Not Applicable (Not Transported),1,Dark - Lighted,Clear,0,1,[],[],0,0,Valid,0.0,2.0,23.0,23.0,['Male'],0,0,2,2,4,Dry,Straight,Level,Lowest,No
19314,28,Mississippi,280170,0,2,2,0,2,NOT APPLICABLE,February,2,Thursday,7,56,Rural,Medium Speed (Collector),No,32.48167778,-89.48568611,Non-Intersection,Daylight,Cloudy,Unknown,Unknown,Unknown EMS Scene Arrival Hour,Unknown EMS Scene Arrival Minutes,Unknown,Unknown EMS Hospital Arrival Time,1,Daylight,Reduced Visibility,1,1,['Driver'],['Shoulder_Lapbelt'],0,0,Valid,0.0,1.0,43.0,26.0,"['Male', 'Male']",0,0,3,4,5,Wet/Standing Water,Straight,Level,Lowest,No
19315,28,Mississippi,280171,0,2,1,1,1,NOT APPLICABLE,February,2,Thursday,16,50,Urban,High Speed (Arterial),Yes,32.29881389,-90.18622222,Non-Intersection,Daylight,Rain,Unknown,Unknown,Unknown EMS Scene Arrival Hour,Unknown EMS Scene Arrival Minutes,Unknown,Unknown EMS Hospital Arrival Time,1,Daylight,Rain/Wind/Minor,1,0,['Driver'],['Shoulder_Lapbelt'],0,0,Invalid,0.0,0.0,61.0,61.0,['Female'],0,0,3,4,3,Wet/Standing Water,Straight,Level,Lowest,No
19316,28,Mississippi,280172,0,1,1,0,3,NOT APPLICABLE,March,11,Saturday,5,30,Rural,Low Speed (Local),No,31.11053611,-89.40075833,Non-Intersection,Dawn,Clear,5:00am-5:59am,30,5:00am-5:59am,39,6:00am-6:59am,12,1,Twilight,Clear,1,2,['Front_Passenger'],['None_Used'],0,0,Invalid,0.0,0.0,19.0,19.0,['Male'],3,0,2,4,3,Dry,Straight,Level,Lowest,No
19317,28,Mississippi,280173,0,2,2,0,2,NOT APPLICABLE,April,9,Sunday,6,46,Rural,High Speed (Arterial),Yes,32.15136944,-90.94172222,Non-Intersection,Daylight,Clear,Unknown,Unknown,Unknown EMS Scene Arrival Hour,Unknown EMS Scene Arrival Minutes,Unknown,Unknown EMS Hospital Arrival Time,1,Daylight,Clear,1,1,['Driver'],['Shoulder_Lapbelt'],0,0,Valid,0.0,1.0,26.0,23.0,"['Male', 'Female']",0,0,3,4,5,Dry,Straight,Level,Lowest,No
19318,28,Mississippi,280174,0,1,1,0,5,NOT APPLICABLE,April,11,Tuesday,13,17,Rural,Low Speed (Local),No,30.89430556,-89.16573056,Non-Intersection,Daylight,Clear,Unknown,Unknown,Unknown EMS Scene Arrival Hour,Unknown EMS Scene Arrival Minutes,Unknown,Unknown EMS Hospital Arrival Time,1,Daylight,Clear,1,4,['Rear_Seat'],['Shoulder_Lapbelt'],0,0,Valid,0.0,1.0,20.0,20.0,['Female'],0,0,3,4,4,Dry,Straight,Grade/Hillcrest,Lowest,No
19319,28,Mississippi,280175,0,1,1,0,1,NOT APPLICABLE,April,12,Wednesday,23,35,Rural,High Speed (Arterial),Yes,32.20608611,-88.84323889,Non-Intersection,Dark - Not Lighted,Clear,Unknown,Unknown,Unknown EMS Scene Arrival Hour,Unknown EMS Scene Arrival Minutes,Not Applicable (Not Transported),Not Applicable (Not Transported),1,Dark - Unlighted,Clear,1,0,['Driver'],['None_Used'],0,0,Valid,0.0,0.0,65.0,65.0,['Male'],0,0,3,4,3,Dry,Straight,Level,Lowest,No
19320,28,Mississippi,280176,0,1,1,0,2,NOT APPLICABLE,April,14,Friday,13,0,Rural,High Speed (Arterial),Yes,33.48983333,-89.76456667,Non-Intersection,Daylight,Clear,Unknown,Unknown,Unknown EMS Scene Arrival Hour,Unknown EMS Scene Arrival Minutes,Unknown,Unknown EMS Hospital Arrival Time,1,Daylight,Clear,1,1,['Front_Passenger'],['Shoulder_Lapbelt'],0,0,Valid,0.0,0.0,78.0,78.0,['Male'],0,0,3,4,3,Dry,Straight,Grade/Hillcrest,Medium,No
19321,28,Mississippi,280177,0,2,2,0,4,NOT APPLICABLE,April,18,Tuesday,21,9,Rural,High Speed (Arterial),Yes,33.16751667,-90.84391667,Complex/Circle,Dark - Not Lighted,Clear,Unknown,Unknown,Unknown EMS Scene Arrival Hour,Unknown EMS Scene Arrival Minutes,Unknown,Unknown EMS Hospital Arrival Time,1,Dark - Unlighted,Clear,1,3,['Rear_Seat'],['Shoulder_Lapbelt'],0,0,Valid,0.0,0.0,79.0,27.0,"['Male', 'Female']",0,0,4,4,5,Dry,Straight,Level,Lowest,No
19322,28,Mississippi,280178,0,2,2,0,2,NOT APPLICABLE,April,19,Wednesday,14,53,Rural,High Speed (Arterial),Yes,33.93790833,-90.75119167,Complex/Circle,Daylight,Clear,Unknown,Unknown,Unknown EMS Scene Arrival Hour,Unknown EMS Scene Arrival Minutes,Not Applicable (Not Transported),Not Applicable (Not Transported),1,Daylight,Clear,1,1,['Driver'],['None_Used'],0,0,Invalid,0.0,0.0,70.0,61.0,"['Male', 'Male']",0,0,5,4,5,Dry,Straight,Level,Lowest,No
19323,28,Mississippi,280179,0,1,1,0,1,NOT APPLICABLE,April,20,Thursday,14,20,Rural,High Speed (Arterial),Yes,31.17242222,-89.35041389,Non-Intersection,Daylight,Clear,Unknown,Unknown,Unknown EMS Scene Arrival Hour,Unknown EMS Scene Arrival Minutes,Unknown,Unknown EMS Hospital Arrival Time,1,Daylight,Clear,1,0,['Driver'],['None_Used'],0,0,Valid,0.0,0.0,32.0,32.0,['Male'],0,0,3,4,3,Dry,Straight,Level,Lowest,No
19324,28,Mississippi,280180,0,2,2,0,2,NOT APPLICABLE,April,21,Friday,13,33,Rural,Medium Speed (Collector),No,34.81591389,-89.81335,Non-Intersection,Daylight,Rain,Unknown,Unknown,Unknown EMS Scene Arrival Hour,Unknown EMS Scene Arrival Minutes,Unknown,Unknown EMS Hospital Arrival Time,1,Daylight,Rain/Wind/Minor,1,1,['Driver'],['None_Used'],0,0,Valid,0.0,0.0,71.0,32.0,"['Female', 'Male']",0,0,5,4,5,Wet/Standing Water,Curve,Level,Lowest,No
19325,28,Mississippi,280181,0,2,2,0,4,NOT APPLICABLE,April,5,Wednesday,14,41,Rural,Medium Speed (Collector),No,34.82752778,-89.19544444,Non-Intersection,Daylight,Cloudy,Unknown,Unknown,Unknown EMS Scene Arrival Hour,Unknown EMS Scene Arrival Minutes,Unknown,Unknown EMS Hospital Arrival Time,1,Daylight,Reduced Visibility,1,3,['Front_Passenger'],['None_Used'],0,0,Valid,0.0,0.0,63.0,30.0,"['Male', 'Male']",0,0,3,4,5,Wet/Standing Water,Straight,Level,Lowest,No
19326,28,Mississippi,280182,0,1,1,0,2,NOT APPLICABLE,April,15,Saturday,10,30,Rural,Medium Speed (Collector),No,34.16355278,-88.64920833,Non-Intersection,Daylight,Clear,Unknown,Unknown,Unknown EMS Scene Arrival Hour,Unknown EMS Scene Arrival Minutes,Unknown,Unknown EMS Hospital Arrival Time,1,Daylight,Clear,1,1,['Driver'],['Shoulder_Lapbelt'],0,0,Valid,0.0,0.0,46.0,46.0,['Female'],0,0,3,4,3,Dry,Curve,Level,Lowest,No
19327,28,Mississippi,280183,1,1,1,0,1,GREENVILLE,April,21,Friday,21,59,Urban,High Speed (Arterial),Yes,33.44364167,-91.04121389,Complex/Circle,Dark - Not Lighted,Clear,Unknown,Unknown,Unknown EMS Scene Arrival Hour,Unknown EMS Scene Arrival Minutes,Unknown,Unknown EMS Hospital Arrival Time,1,Dark - Unlighted,Clear,0,1,[],[],0,0,Valid,0.0,1.0,19.0,19.0,['Male'],0,0,3,2,4,Dry,Straight,Level,Lowest,No
19328,28,Mississippi,280184,0,1,1,0,1,NOT APPLICABLE,April,21,Friday,16,9,Rural,Low Speed (Local),No,34.52749722,-88.52365,Non-Intersection,Daylight,Rain,Unknown,Unknown,Unknown EMS Scene Arrival Hour,Unknown EMS Scene Arrival Minutes,Not Applicable (Not Transported),Not Applicable (Not Transported),1,Daylight,Rain/Wind/Minor,1,0,['Driver'],['Shoulder_Lapbelt'],0,0,Valid,0.0,1.0,45.0,45.0,['Female'],0,0,2,4,3,Wet/Standing Water,Straight,Level,Lowest,Yes
19329,28,Mississippi,280185,0,2,2,0,2,NOT APPLICABLE,April,22,Saturday,22,28,Rural,Medium Speed (Collector),No,30.575475,-89.57578611,Complex/Circle,Dark - Not Lighted,Clear,Unknown,Unknown if Notified,Unknown EMS Scene Arrival Hour,Unknown if Arrived,Not Applicable (Not Transported),Not Applicable (Not Transported),1,Dark - Unlighted,Clear,1,1,['Driver'],['None_Used'],0,0,Valid,0.0,0.0,32.0,30.0,"['Male', 'Male']",1,0,5,4,5,Dry,Straight,Level,Lowest,No
19330,28,Mississippi,280186,0,2,2,0,2,NOT APPLICABLE,April,25,Tuesday,8,10,Rural,Medium Speed (Collector),No,32.82605556,-88.48924167,Non-Intersection,Daylight,Clear,Unknown,Unknown,Unknown EMS Scene Arrival Hour,Unknown EMS Scene Arrival Minutes,Unknown,Unknown EMS Hospital Arrival Time,1,Daylight,Clear,1,1,['Driver'],['None_Used'],0,0,Invalid,0.0,0.0,64.0,28.0,"['Female', 'Male']",0,0,4,4,5,Dry,Straight,Grade/Hillcrest,Lowest,No
19331,28,Mississippi,280187,0,2,2,0,2,NOT APPLICABLE,April,25,Tuesday,13,47,Rural,High Speed (Arterial),Yes,31.13824444,-90.08950833,Complex/Circle,Daylight,Clear,Unknown,Unknown,Unknown EMS Scene Arrival Hour,Unknown EMS Scene Arrival Minutes,Not Applicable (Not Transported),Not Applicable (Not Transported),1,Daylight,Clear,1,1,['Driver'],['None_Used'],1,1,Invalid,0.0,0.0,70.0,29.0,"['Male', 'Female']",0,0,3,4,5,Dry,Straight,Level,Lowest,No
19332,28,Mississippi,280188,0,1,1,0,1,NOT APPLICABLE,April,26,Wednesday,13,56,Urban,Medium Speed (Collector),No,31.247625,-90.43012222,Non-Intersection,Daylight,Clear,Unknown,Unknown,Unknown EMS Scene Arrival Hour,Unknown EMS Scene Arrival Minutes,Unknown,Unknown EMS Hospital Arrival Time,1,Daylight,Clear,1,0,['Driver'],['None_Used'],0,0,Valid,0.0,0.0,75.0,75.0,['Male'],0,0,3,4,3,Dry,Straight,Grade/Hillcrest,Lowest,No
19333,28,Mississippi,280189,0,1,1,0,1,NOT APPLICABLE,April,27,Thursday,17,2,Rural,Low Speed (Local),No,34.25669722,-88.63172778,Non-Intersection,Daylight,Clear,Unknown,Unknown,Unknown EMS Scene Arrival Hour,Unknown EMS Scene Arrival Minutes,Unknown,Unknown EMS Hospital Arrival Time,1,Daylight,Clear,1,0,['Driver'],['Shoulder_Lapbelt'],0,0,Valid,0.0,1.0,67.0,67.0,['Male'],0,0,2,4,3,Dry,Curve,Level,Lowest,No
19334,28,Mississippi,280190,1,1,1,0,1,OXFORD,April,27,Thursday,23,13,Urban,Medium Speed (Collector),No,34.36825278,-89.54673333,Complex/Circle,Dark - Unknown Lighting,Rain,Unknown,Unknown,Unknown EMS Scene Arrival Hour,Unknown EMS Scene Arrival Minutes,Unknown,Unknown EMS Hospital Arrival Time,1,Dark - Unlighted,Rain/Wind/Minor,0,1,[],[],0,0,Valid,1.0,2.0,25.0,25.0,['Female'],0,0,3,0,4,Wet/Standing Water,Straight,Level,Lowest,No
19335,28,Mississippi,280191,0,1,1,0,1,SOUTHAVEN,April,30,Sunday,21,20,Urban,Medium Speed (Collector),No,34.93642778,-89.9724,Non-Intersection,Dark - Lighted,Clear,Unknown,Unknown if Notified,Unknown EMS Scene Arrival Hour,Unknown if Arrived,Not Applicable (Not Transported),Not Applicable (Not Transported),1,Dark - Lighted,Clear,1,0,['Driver'],['Shoulder_Lapbelt'],0,0,Valid,0.0,0.0,16.0,16.0,['Male'],1,0,2,4,3,Dry,Straight,Level,Lowest,No
19336,28,Mississippi,280192,1,3,2,1,1,JACKSON,February,18,Saturday,2,45,Rural,Low Speed (Local),No,32.28787222,-90.21179444,Non-Intersection,Dark - Lighted,Clear,Unknown,Unknown,Unknown EMS Scene Arrival Hour,Unknown EMS Scene Arrival Minutes,Unknown,Unknown EMS Hospital Arrival Time,1,Dark - Lighted,Clear,0,1,[],[],0,0,Valid,0.0,0.0,28.0,28.0,['Female'],0,0,3,4,5,Dry,Straight,Level,Lowest,No
19337,28,Mississippi,280193,0,1,1,0,1,NOT APPLICABLE,March,20,Monday,9,32,Rural,Medium Speed (Collector),No,34.64607222,-89.17839722,Non-Intersection,Daylight,Clear,Unknown,Unknown if Notified,Unknown EMS Scene Arrival Hour,Unknown if Arrived,Not Applicable (Not Transported),Not Applicable (Not Transported),1,Daylight,Clear,1,0,['Driver'],['None_Used'],0,0,Valid,0.0,0.0,41.0,41.0,['Female'],0,0,3,4,3,Dry,Curve,Grade/Hillcrest,Lowest,No
19338,28,Mississippi,280194,1,1,1,0,1,NOT APPLICABLE,April,2,Sunday,20,2,Urban,Medium Speed (Collector),No,31.96225556,-90.36599167,Non-Intersection,Dark - Not Lighted,Clear,Unknown,Unknown,Unknown EMS Scene Arrival Hour,Unknown EMS Scene Arrival Minutes,Unknown,Unknown EMS Hospital Arrival Time,1,Dark - Unlighted,Clear,0,1,[],[],0,0,Valid,0.0,0.0,28.0,28.0,['Male'],0,0,2,2,4,Dry,Straight,Level,Lowest,No
19339,28,Mississippi,280195,0,2,2,0,2,NOT APPLICABLE,April,13,Thursday,13,43,Rural,High Speed (Arterial),Yes,33.72793889,-88.67544167,Complex/Circle,Daylight,Rain,Unknown,Unknown,Unknown EMS Scene Arrival Hour,Unknown EMS Scene Arrival Minutes,Unknown,Unknown EMS Hospital Arrival Time,1,Daylight,Rain/Wind/Minor,1,1,['Driver'],['Shoulder_Lapbelt'],0,0,Valid,0.0,0.0,64.0,63.0,"['Female', 'Male']",0,0,4,4,5,Wet/Standing Water,Straight,Level,Lowest,No
19340,28,Mississippi,280196,0,2,2,0,2,NOT APPLICABLE,April,19,Wednesday,4,19,Rural,Medium Speed (Collector),No,34.88253056,-89.61831944,Simple Junction,Daylight,Clear,Unknown,Unknown,Unknown EMS Scene Arrival Hour,Unknown EMS Scene Arrival Minutes,Unknown,Unknown EMS Hospital Arrival Time,1,Daylight,Clear,1,1,['Driver'],['None_Used'],0,0,Valid,0.0,1.0,52.0,27.0,"['Male', 'Male']",1,0,3,4,5,Dry,Straight,Level,Lowest,No
19341,28,Mississippi,280197,0,1,1,0,1,NOT APPLICABLE,April,22,Saturday,6,16,Rural,Medium Speed (Collector),No,32.18216389,-89.50975833,Non-Intersection,Daylight,Clear,Unknown,Unknown if Notified,Unknown EMS Scene Arrival Hour,Unknown if Arrived,Not Applicable (Not Transported),Not Applicable (Not Transported),1,Daylight,Clear,1,0,['Driver'],['None_Used'],1,1,Invalid,0.0,0.0,24.0,24.0,['Male'],0,0,2,4,3,Dry,Curve,Grade/Hillcrest,Lowest,No
19342,28,Mississippi,280198,0,1,1,0,1,NOT APPLICABLE,April,28,Friday,19,28,Rural,High Speed (Arterial),Yes,32.32348611,-89.43554444,Non-Intersection,Daylight,Clear,Unknown,Unknown,Unknown EMS Scene Arrival Hour,Unknown EMS Scene Arrival Minutes,Unknown,Unknown EMS Hospital Arrival Time,1,Daylight,Clear,1,0,['Driver'],['None_Used'],1,1,Valid,0.0,0.0,39.0,39.0,['Male'],0,0,2,4,3,Dry,Straight,Level,Lowest,No
19343,28,Mississippi,280199,0,2,2,0,3,JACKSON,April,30,Sunday,11,1,Urban,High Speed (Arterial),Yes,32.29052778,-90.26925,Complex/Circle,Daylight,Clear,Unknown,Unknown,Unknown EMS Scene Arrival Hour,Unknown EMS Scene Arrival Minutes,Unknown,Unknown EMS Hospital Arrival Time,1,Daylight,Clear,1,2,['Front_Passenger'],['Shoulder_Lapbelt'],0,0,Valid,0.0,1.0,58.0,22.0,"['Male', 'Female']",0,0,3,4,5,Dry,Straight,Level,Lowest,No
19344,28,Mississippi,280200,0,2,2,0,2,NOT APPLICABLE,April,30,Sunday,15,40,Urban,High Speed (Arterial),Yes,31.31330556,-89.46616389,Complex/Circle,Daylight,Clear,Unknown,Unknown,Unknown EMS Scene Arrival Hour,Unknown EMS Scene Arrival Minutes,Unknown,Unknown EMS Hospital Arrival Time,1,Daylight,Clear,1,1,['Driver'],['None_Used'],0,0,Valid,0.0,0.0,55.0,19.0,"['Male', 'Female']",0,0,5,4,5,Dry,Straight,Level,Lowest,No
19345,28,Mississippi,280201,0,1,1,0,4,NOT APPLICABLE,April,30,Sunday,16,11,Rural,High Speed (Arterial),Yes,33.58151667,-89.77511667,Non-Intersection,Daylight,Clear,Unknown,Unknown,Unknown EMS Scene Arrival Hour,Unknown EMS Scene Arrival Minutes,Unknown,Unknown EMS Hospital Arrival Time,1,Daylight,Clear,1,3,['Rear_Seat'],['Shoulder_Lapbelt'],0,0,Valid,0.0,0.0,63.0,63.0,['Female'],0,0,3,4,3,Dry,Straight,Level,Lowest,No
19346,28,Mississippi,280202,0,1,1,0,1,NOT APPLICABLE,May,6,Saturday,0,28,Rural,Low Speed (Local),No,33.79675833,-89.76788611,Non-Intersection,Dark - Not Lighted,Clear,Unknown,Unknown,Unknown EMS Scene Arrival Hour,Unknown EMS Scene Arrival Minutes,Not Applicable (Not Transported),Not Applicable (Not Transported),1,Dark - Unlighted,Clear,1,0,['Driver'],['Shoulder_Lapbelt'],1,1,Valid,0.0,0.0,25.0,25.0,['Female'],1,0,2,4,3,Dry,Straight,Level,Lowest,No
19347,28,Mississippi,280203,0,1,1,0,1,NOT APPLICABLE,May,7,Sunday,19,21,Rural,Medium Speed (Collector),No,33.079225,-90.05728333,Non-Intersection,Daylight,Cloudy,Unknown,Unknown if Notified,Unknown EMS Scene Arrival Hour,Unknown if Arrived,Not Applicable (Not Transported),Not Applicable (Not Transported),1,Daylight,Reduced Visibility,1,0,['Driver'],['Shoulder_Lapbelt'],1,1,Valid,0.0,0.0,64.0,64.0,['Male'],0,0,3,4,3,Wet/Standing Water,Curve,Level,Lowest,No
19348,28,Mississippi,280204,0,1,1,0,5,NOT APPLICABLE,April,8,Saturday,4,10,Rural,High Speed (Arterial),Yes,32.19852222,-88.84855,Non-Intersection,Dark - Not Lighted,Rain,Unknown,Unknown,Unknown EMS Scene Arrival Hour,Unknown EMS Scene Arrival Minutes,Unknown,Unknown EMS Hospital Arrival Time,1,Dark - Unlighted,Rain/Wind/Minor,1,4,['Driver'],['Shoulder_Lapbelt'],0,0,Valid,0.0,0.0,34.0,34.0,['Male'],5,0,2,4,3,Wet/Standing Water,Straight,Level,Lowest,No
19349,28,Mississippi,280205,0,1,1,0,3,NOT APPLICABLE,April,23,Sunday,4,34,Rural,Medium Speed (Collector),No,32.85962222,-89.53502222,Non-Intersection,Dark - Not Lighted,Clear,Unknown,Unknown,Unknown EMS Scene Arrival Hour,Unknown EMS Scene Arrival Minutes,Unknown,Unknown EMS Hospital Arrival Time,1,Dark - Unlighted,Clear,1,2,['Driver'],['None_Used'],0,0,Valid,0.0,0.0,20.0,20.0,['Male'],0,0,3,4,3,Dry,Straight,Level,Lowest,No
19350,28,Mississippi,280206,0,1,1,0,2,NOT APPLICABLE,May,4,Thursday,18,55,Rural,Medium Speed (Collector),No,32.32411944,-89.21088889,Non-Intersection,Daylight,Clear,Unknown,Unknown,Unknown EMS Scene Arrival Hour,Unknown EMS Scene Arrival Minutes,Unknown,Unknown EMS Hospital Arrival Time,1,Daylight,Clear,1,1,['Driver'],['None_Used'],0,0,Valid,0.0,0.0,36.0,36.0,['Male'],2,0,2,4,3,Dry,Straight,Grade/Hillcrest,Lowest,No
19351,28,Mississippi,280207,0,2,2,0,2,NOT APPLICABLE,May,1,Monday,8,0,Rural,High Speed (Arterial),Yes,34.85213889,-90.25729444,Non-Intersection,Daylight,Clear,Unknown,Unknown,Unknown EMS Scene Arrival Hour,Unknown EMS Scene Arrival Minutes,Unknown,Unknown EMS Hospital Arrival Time,1,Daylight,Clear,1,1,['Driver'],['Shoulder_Lapbelt'],0,0,Valid,0.0,0.0,78.0,55.0,"['Male', 'Male']",0,0,4,4,5,Dry,Straight,Level,Lowest,No
19352,28,Mississippi,280208,0,1,1,0,2,NOT APPLICABLE,May,6,Saturday,0,10,Rural,Low Speed (Local),No,30.73471111,-88.48256667,Non-Intersection,Dark - Not Lighted,Cloudy,Unknown,Unknown,Unknown EMS Scene Arrival Hour,Unknown EMS Scene Arrival Minutes,Not Applicable (Not Transported),Not Applicable (Not Transported),2,Dark - Unlighted,Reduced Visibility,2,0,"['Driver', 'Front_Passenger']","['Shoulder_Lapbelt', 'Shoulder_Lapbelt']",1,1,Valid,0.0,1.0,18.0,18.0,['Male'],2,0,3,4,3,Wet/Standing Water,Straight,Grade/Hillcrest,Lowest,No
19353,28,Mississippi,280209,1,1,1,0,1,NOT APPLICABLE,May,6,Saturday,0,38,Rural,High Speed (Arterial),Yes,34.684,-90.37589167,Non-Intersection,Dark - Not Lighted,Clear,Unknown,Unknown if Notified,Unknown EMS Scene Arrival Hour,Unknown if Arrived,Not Applicable (Not Transported),Not Applicable (Not Transported),1,Dark - Unlighted,Clear,0,1,[],[],0,0,Valid,0.0,0.0,30.0,30.0,['Male'],0,0,3,4,4,Dry,Straight,Level,Lowest,No
19354,28,Mississippi,280210,0,2,2,0,4,HATTIESBURG,May,6,Saturday,2,14,Urban,High Speed (Arterial),Yes,31.30743333,-89.31685833,Non-Intersection,Dark - Lighted,Clear,Unknown,Unknown,Unknown EMS Scene Arrival Hour,Unknown EMS Scene Arrival Minutes,Unknown,Unknown EMS Hospital Arrival Time,1,Dark - Lighted,Clear,1,3,['Driver'],['Shoulder_Lapbelt'],0,0,Invalid,0.0,0.0,30.0,28.0,"['Male', 'Male']",0,0,3,4,5,Dry,Straight,Level,Lowest,No
19355,28,Mississippi,280211,0,1,1,0,2,GAUTIER,May,7,Sunday,0,16,Urban,High Speed (Arterial),Yes,30.39753611,-88.68926111,Non-Intersection,Dark - Not Lighted,Clear,Unknown,Unknown,Unknown EMS Scene Arrival Hour,Unknown EMS Scene Arrival Minutes,Unknown,Unknown EMS Hospital Arrival Time,1,Dark - Unlighted,Clear,1,1,['Driver'],['None_Used'],1,1,Invalid,0.0,0.0,47.0,47.0,['Male'],0,0,5,4,3,Wet/Standing Water,Straight,Level,Lowest,No
19356,28,Mississippi,280212,0,2,2,0,5,NOT APPLICABLE,May,7,Sunday,2,25,Rural,High Speed (Arterial),Yes,33.11613333,-89.08293333,Complex/Circle,Dark - Lighted,Clear,Unknown,Unknown,Unknown EMS Scene Arrival Hour,Unknown EMS Scene Arrival Minutes,Unknown,Unknown EMS Hospital Arrival Time,1,Dark - Lighted,Clear,1,4,['Front_Passenger'],['None_Used'],1,1,Invalid,0.0,1.0,51.0,33.0,"['Male', 'Female']",2,0,3,4,5,Dry,Straight,Grade/Hillcrest,Lowest,No
19357,28,Mississippi,280213,0,2,2,0,2,NOT APPLICABLE,May,8,Monday,0,15,Rural,High Speed (Arterial),Yes,32.41313611,-88.49529167,Non-Intersection,Dark - Not Lighted,Cloudy,Unknown,Unknown,Unknown EMS Scene Arrival Hour,Unknown EMS Scene Arrival Minutes,Unknown,Unknown EMS Hospital Arrival Time,1,Dark - Unlighted,Reduced Visibility,1,1,['Driver'],['Shoulder_Lapbelt'],0,0,Valid,0.0,0.0,59.0,33.0,"['Male', 'Male']",0,0,4,4,5,Wet/Standing Water,Straight,Level,Lowest,No