,State_Code,State_Name,Crash_ID,Count_Non_Motorists,Count_Vehicles_Total,Count_Vehicle_Forms,Count_PVH_Involved,Count_Occupants_MV,City_Name,Month_Name,Day_of_Month,Day_of_Week,Crash_Hour,Crash_Minute,Area_Rural_Urban,Road_Functional_Class,On_NHS_Road,Latitude,Longitude,Intersection_Type,Light_Condition,Weather_Condition,Notif_Hour,Notif_Minute,Arrival_Hour,Arrival_Minute,Hospital_Hour,Hospital_Minute,Fatalities_Count,Clean_Light_Condition,Clean_Weather_Condition,Total_Killed,Total_Alive,Fatal_Seats_List,Killed_Restraint_List,Any_Driver_Drinking,Total_Drinking_Drivers,Driver_License_Category,Driver_Max_Prev_Accident_Count,Driver_Max_Prev_Speeding_Count,Max_Driver_Age,Min_Driver_Age,Driver_Sex_List,Total_Exceeding_Limit_Vehicles,Total_Too_Fast_Vehicles,Max_Vehicle_Type_Severity_5,Max_Vehicle_Damage_Rank,Max_Harmful_Event_Severity,Crash_Road_Surface_Condition,Crash_Horizontal_Alignment,Crash_Vertical_Profile,Crash_Impairment_Category,Crash_Vehicle_Defect
19358,28,Mississippi,280214,0,2,2,0,2,NOT APPLICABLE,May,9,Tuesday,16,14,Rural,Medium Speed (Collector),No,31.21142778,-89.86717778,Non-Intersection,Daylight,Cloudy,Unknown,Unknown,Unknown EMS Scene Arrival Hour,Unknown EMS Scene Arrival Minutes,Unknown,Unknown EMS Hospital Arrival Time,1,Daylight,Reduced Visibility,1,1,['Driver'],['None_Used'],0,0,Valid,0.0,0.0,76.0,34.0,"['Female', 'Female']",0,0,2,4,5,Wet/Standing Water,Straight,Level,Lowest,No
19359,28,Mississippi,280215,0,1,1,0,1,NOT APPLICABLE,May,9,Tuesday,8,53,Rural,Medium Speed (Collector),No,32.41830556,-88.50320556,Non-Intersection,Daylight,Clear,Unknown,Unknown,Unknown EMS Scene Arrival Hour,Unknown EMS Scene Arrival Minutes,Not Applicable (Not Transported),Not Applicable (Not Transported),1,Daylight,Clear,1,0,['Driver'],['Shoulder_Lapbelt'],0,0,Invalid,0.0,0.0,59.0,59.0,['Male'],0,0,2,4,3,Dry,Straight,Level,Lowest,No
19360,28,Mississippi,280216,0,2,2,0,2,NOT APPLICABLE,May,9,Tuesday,6,6,Rural,Medium Speed (Collector),No,32.75749722,-90.15488056,Non-Intersection,Daylight,Cloudy,Unknown,Unknown if Notified,Unknown EMS Scene Arrival Hour,Unknown if Arrived,Not Applicable (Not Transported),Not Applicable (Not Transported),1,Daylight,Reduced Visibility,1,1,['Driver'],['None_Used'],0,0,Invalid,0.0,0.0,44.0,21.0,"['Female', 'Male']",0,0,2,4,5,Dry,Straight,Grade/Hillcrest,Lowest,No
19361,28,Mississippi,280217,0,1,1,0,1,NOT APPLICABLE,May,10,Wednesday,5,18,Rural,Medium Speed (Collector),No,30.63742222,-89.49727778,Non-Intersection,Dark - Not Lighted,Clear,Unknown,Unknown if Notified,Unknown EMS Scene Arrival Hour,Unknown if Arrived,Not Applicable (Not Transported),Not Applicable (Not Transported),1,Dark - Unlighted,Clear,1,0,['Driver'],['None_Used'],0,0,Valid,0.0,0.0,27.0,27.0,['Male'],1,0,3,4,3,Dry,Curve,Level,Lowest,No
19362,28,Mississippi,280218,0,1,1,0,1,NOT APPLICABLE,May,11,Thursday,1,14,Urban,Medium Speed (Collector),No,31.26571944,-89.41078056,Non-Intersection,Dark - Not Lighted,Clear,Unknown,Unknown,Unknown EMS Scene Arrival Hour,Unknown EMS Scene Arrival Minutes,Not Applicable (Not Transported),Not Applicable (Not Transported),1,Dark - Unlighted,Clear,1,0,['Driver'],['Shoulder_Lapbelt'],0,0,Invalid,0.0,0.0,37.0,37.0,['Male'],0,0,2,4,3,Dry,Straight,Level,Lowest,No
19363,28,Mississippi,280219,0,1,1,0,1,NOT APPLICABLE,May,11,Thursday,21,21,Rural,Medium Speed (Collector),No,34.05973333,-88.53596111,Non-Intersection,Dark - Not Lighted,Clear,Unknown,Unknown if Notified,Unknown EMS Scene Arrival Hour,Unknown if Arrived,Not Applicable (Not Transported),Not Applicable (Not Transported),1,Dark - Unlighted,Clear,1,0,['Driver'],['Shoulder_Lapbelt'],1,1,Valid,0.0,0.0,52.0,52.0,['Male'],0,0,3,4,3,Dry,Straight,Level,Lowest,No
19364,28,Mississippi,280220,1,1,1,0,1,FOREST,May,12,Friday,20,50,Rural,Medium Speed (Collector),No,32.31794722,-89.486875,Non-Intersection,Dark - Unknown Lighting,Rain,Unknown,Unknown,Unknown EMS Scene Arrival Hour,Unknown EMS Scene Arrival Minutes,Not Applicable (Not Transported),Not Applicable (Not Transported),1,Dark - Unlighted,Rain/Wind/Minor,0,1,[],[],0,0,Valid,0.0,1.0,22.0,22.0,['Female'],0,0,3,3,4,Wet/Standing Water,Straight,Level,Lowest,No
19365,28,Mississippi,280221,0,2,2,0,4,NOT APPLICABLE,May,13,Saturday,2,45,Rural,High Speed (Arterial),No,33.75465278,-90.76295278,Complex/Circle,Dark - Not Lighted,Clear,Unknown,Unknown,Unknown EMS Scene Arrival Hour,Unknown EMS Scene Arrival Minutes,Unknown,Unknown EMS Hospital Arrival Time,1,Dark - Unlighted,Clear,1,3,['Driver'],['None_Used'],0,0,Valid,0.0,0.0,33.0,15.0,"['Male', 'Male']",0,0,5,4,5,Dry,Straight,Level,Lowest,No
19366,28,Mississippi,280222,0,1,1,0,1,NOT APPLICABLE,May,13,Saturday,18,4,Rural,Medium Speed (Collector),No,31.89399722,-89.88691944,Non-Intersection,Daylight,Clear,Unknown,Unknown if Notified,Unknown EMS Scene Arrival Hour,Unknown if Arrived,Not Applicable (Not Transported),Not Applicable (Not Transported),1,Daylight,Clear,1,0,['Driver'],['Shoulder_Lapbelt'],0,0,Valid,0.0,0.0,77.0,77.0,['Male'],0,0,3,4,3,Dry,Straight,Grade/Hillcrest,Lowest,No
19367,28,Mississippi,280223,0,2,2,0,2,D'IBERVILLE,May,15,Monday,9,36,Urban,High Speed (Arterial),Yes,30.45374167,-88.88495556,Non-Intersection,Daylight,Clear,Unknown,Unknown,Unknown EMS Scene Arrival Hour,Unknown EMS Scene Arrival Minutes,Unknown,Unknown EMS Hospital Arrival Time,1,Daylight,Clear,1,1,['Driver'],['Shoulder_Lapbelt'],0,0,Valid,0.0,0.0,95.0,48.0,"['Male', 'Male']",0,0,3,4,5,Dry,Straight,Level,Lowest,No
19368,28,Mississippi,280224,0,3,3,0,3,NOT APPLICABLE,May,16,Tuesday,18,24,Rural,Medium Speed (Collector),No,32.09124722,-90.18938889,Non-Intersection,Daylight,Cloudy,Unknown,Unknown,Unknown EMS Scene Arrival Hour,Unknown EMS Scene Arrival Minutes,Unknown,Unknown EMS Hospital Arrival Time,1,Daylight,Reduced Visibility,1,2,['Driver'],['Shoulder_Lapbelt'],0,0,Valid,0.0,1.0,50.0,32.0,"['Male', 'Female', 'Male']",0,0,5,4,5,Dry,Curve,Level,Lowest,No
19369,28,Mississippi,280225,0,2,2,0,2,NOT APPLICABLE,May,17,Wednesday,1,56,Rural,Medium Speed (Collector),No,30.79663611,-89.67278611,Non-Intersection,Dark - Not Lighted,Clear,Unknown,Unknown,Unknown EMS Scene Arrival Hour,Unknown EMS Scene Arrival Minutes,Unknown,Unknown EMS Hospital Arrival Time,1,Dark - Unlighted,Clear,1,1,['Driver'],['Shoulder_Lapbelt'],0,0,Valid,0.0,0.0,27.0,19.0,"['Male', 'Male']",0,0,3,4,3,Dry,Straight,Level,Medium,No
19370,28,Mississippi,280226,0,2,2,0,2,NOT APPLICABLE,May,17,Wednesday,10,48,Rural,High Speed (Arterial),Yes,34.94696389,-89.44224722,Complex/Circle,Daylight,Cloudy,Unknown,Unknown if Notified,Unknown EMS Scene Arrival Hour,Unknown if Arrived,Not Applicable (Not Transported),Not Applicable (Not Transported),1,Daylight,Reduced Visibility,1,1,['Driver'],['None_Used'],0,0,Valid,0.0,0.0,82.0,32.0,"['Male', 'Male']",0,0,4,4,5,Dry,Straight,Level,Lowest,No
19371,28,Mississippi,280227,1,2,2,0,3,NOT APPLICABLE,May,17,Wednesday,15,12,Rural,High Speed (Arterial),Yes,31.50284167,-89.47522778,Non-Intersection,Daylight,Clear,Unknown,Unknown,Unknown EMS Scene Arrival Hour,Unknown EMS Scene Arrival Minutes,Unknown,Unknown EMS Hospital Arrival Time,1,Daylight,Clear,0,3,[],[],0,0,Valid,0.0,0.0,81.0,30.0,"['Male', 'Male']",0,0,3,3,5,Dry,Straight,Grade/Hillcrest,Lowest,No
19372,28,Mississippi,280228,0,1,1,0,1,GULFPORT,May,20,Saturday,16,10,Urban,High Speed (Arterial),Yes,30.44531944,-89.02691389,Non-Intersection,Daylight,Rain,Unknown,Unknown,Unknown EMS Scene Arrival Hour,Unknown EMS Scene Arrival Minutes,Not Applicable (Not Transported),Not Applicable (Not Transported),1,Daylight,Rain/Wind/Minor,1,0,['Driver'],['Shoulder_Lapbelt'],0,0,Valid,0.0,0.0,79.0,79.0,['Male'],1,0,2,4,2,Wet/Standing Water,Straight,Grade/Hillcrest,Lowest,No
19373,28,Mississippi,280229,0,2,2,0,2,HORN LAKE,May,18,Thursday,13,31,Urban,Medium Speed (Collector),No,34.95593056,-90.04686944,Non-Intersection,Daylight,Clear,Unknown,Unknown,Unknown EMS Scene Arrival Hour,Unknown EMS Scene Arrival Minutes,Unknown,Unknown EMS Hospital Arrival Time,1,Daylight,Clear,1,1,['Driver'],['Shoulder_Lapbelt'],0,0,Valid,0.0,2.0,72.0,17.0,"['Female', 'Female']",0,0,3,4,5,Dry,Straight,Grade/Hillcrest,Lowest,No
19374,28,Mississippi,280230,0,1,1,0,2,NOT APPLICABLE,May,19,Friday,16,42,Rural,Medium Speed (Collector),No,33.62058611,-89.28065278,Non-Intersection,Daylight,Clear,Unknown,Unknown,Unknown EMS Scene Arrival Hour,Unknown EMS Scene Arrival Minutes,Not Applicable (Not Transported),Not Applicable (Not Transported),2,Daylight,Clear,2,0,"['Driver', 'Front_Passenger']","['None_Used', 'None_Used']",0,0,Valid,0.0,0.0,79.0,79.0,['Male'],0,0,2,4,3,Dry,Straight,Level,Lowest,No
19375,28,Mississippi,280231,0,5,5,0,12,SOUTHAVEN,May,6,Saturday,10,39,Urban,High Speed (Arterial),Yes,34.98966111,-90.02067222,Non-Intersection,Daylight,Clear,Unknown,Unknown,Unknown EMS Scene Arrival Hour,Unknown EMS Scene Arrival Minutes,Unknown,Unknown EMS Hospital Arrival Time,2,Daylight,Clear,2,10,"['Driver', 'Front_Passenger']","['None_Used', 'None_Used']",0,0,Valid,2.0,1.0,64.0,26.0,"['Female', 'Female', 'Male', 'Male', 'Male']",2,0,3,4,5,Dry,Straight,Level,Lowest,No
19376,28,Mississippi,280232,1,1,1,0,1,HATTIESBURG,April,28,Friday,10,30,Urban,Low Speed (Local),No,31.321125,-89.31435833,Non-Intersection,Dark - Lighted,Clear,Unknown,Unknown,Unknown EMS Scene Arrival Hour,Unknown EMS Scene Arrival Minutes,Unknown,Unknown EMS Hospital Arrival Time,1,Dark - Lighted,Clear,0,1,[],[],0,0,Invalid,0.0,0.0,27.0,27.0,['Male'],0,0,2,3,4,Dry,Straight,Level,Lowest,No
19377,28,Mississippi,280233,0,5,5,0,8,JACKSON,May,10,Wednesday,8,5,Urban,High Speed (Arterial),Yes,32.326625,-90.20853611,Complex/Circle,Daylight,Cloudy,Unknown,Unknown,Unknown EMS Scene Arrival Hour,Unknown EMS Scene Arrival Minutes,Unknown,Unknown EMS Hospital Arrival Time,1,Daylight,Reduced Visibility,1,7,['Driver'],['Shoulder_Lapbelt'],0,0,Invalid,0.0,0.0,65.0,23.0,"['Male', 'Female', 'Male', 'Female', 'Female']",1,0,3,4,5,Dry,Straight,Level,Lowest,No
19378,28,Mississippi,280234,0,1,1,0,1,NOT APPLICABLE,May,10,Wednesday,13,50,Rural,Medium Speed (Collector),No,33.127175,-88.534925,Non-Intersection,Daylight,Clear,Unknown,Unknown,Unknown EMS Scene Arrival Hour,Unknown EMS Scene Arrival Minutes,Unknown,Unknown EMS Hospital Arrival Time,1,Daylight,Clear,1,0,['Driver'],['Shoulder_Lapbelt'],0,0,Valid,0.0,0.0,43.0,43.0,['Male'],0,0,3,4,3,Dry,Straight,Level,Lowest,No
19379,28,Mississippi,280235,0,2,2,0,2,JACKSON,May,13,Saturday,21,35,Urban,High Speed (Arterial),Yes,32.38674167,-90.196175,Non-Intersection,Dark - Lighted,Clear,Unknown,Unknown,Unknown EMS Scene Arrival Hour,Unknown EMS Scene Arrival Minutes,Unknown,Unknown EMS Hospital Arrival Time,1,Dark - Lighted,Clear,1,1,['Driver'],['Shoulder_Lapbelt'],0,0,Valid,0.0,0.0,67.0,37.0,"['Female', 'Male']",0,0,3,4,5,Dry,Straight,Level,Lowest,No
19380,28,Mississippi,280236,0,1,1,0,1,NOT APPLICABLE,May,14,Sunday,21,40,Rural,Medium Speed (Collector),No,34.51068333,-90.12355278,Non-Intersection,Dark - Not Lighted,Clear,Unknown,Unknown,Unknown EMS Scene Arrival Hour,Unknown EMS Scene Arrival Minutes,Unknown,Unknown EMS Hospital Arrival Time,1,Dark - Unlighted,Clear,1,0,['Driver'],['None_Used'],0,0,Invalid,0.0,0.0,28.0,28.0,['Male'],1,0,2,4,3,Dry,Straight,Grade/Hillcrest,Lowest,No
19381,28,Mississippi,280237,0,2,2,0,3,NOT APPLICABLE,May,5,Friday,13,35,Rural,Medium Speed (Collector),No,32.38128611,-90.77615278,Non-Intersection,Daylight,Rain,Unknown,Unknown,Unknown EMS Scene Arrival Hour,Unknown EMS Scene Arrival Minutes,Unknown,Unknown EMS Hospital Arrival Time,1,Daylight,Rain/Wind/Minor,1,2,['Driver'],['Shoulder_Lapbelt'],0,0,Valid,0.0,1.0,69.0,16.0,"['Female', 'Female']",2,0,3,4,5,Wet/Standing Water,Curve,Grade/Hillcrest,Lowest,No
19382,28,Mississippi,280238,1,3,2,1,2,NEWTON,May,16,Tuesday,7,17,Rural,Medium Speed (Collector),No,32.35471944,-89.13028056,Simple Junction,Daylight,Clear,Unknown,Unknown,Unknown EMS Scene Arrival Hour,Unknown EMS Scene Arrival Minutes,Unknown,Unknown EMS Hospital Arrival Time,1,Daylight,Clear,1,1,['Driver'],['Shoulder_Lapbelt'],0,0,Valid,0.0,0.0,61.0,57.0,"['Male', 'Male']",0,0,4,4,5,Dry,Straight,Level,Lowest,No
19383,28,Mississippi,280239,0,1,1,0,2,GULFPORT,May,16,Tuesday,14,25,Urban,Medium Speed (Collector),Yes,30.38410556,-89.11505278,Non-Intersection,Daylight,Clear,Unknown,Unknown,Unknown EMS Scene Arrival Hour,Unknown EMS Scene Arrival Minutes,Unknown,Unknown EMS Hospital Arrival Time,1,Daylight,Clear,1,1,['Driver'],['None_Used'],0,0,Invalid,0.0,0.0,60.0,60.0,['Male'],0,0,2,3,3,Dry,Straight,Level,Lowest,No
19384,28,Mississippi,280240,0,2,2,0,2,NOT APPLICABLE,May,17,Wednesday,18,0,Rural,Medium Speed (Collector),No,30.67373333,-89.43461944,Non-Intersection,Daylight,Rain,Unknown,Unknown,Unknown EMS Scene Arrival Hour,Unknown EMS Scene Arrival Minutes,Unknown,Unknown EMS Hospital Arrival Time,1,Daylight,Rain/Wind/Minor,1,1,['Driver'],['None_Used'],0,0,Valid,0.0,1.0,42.0,24.0,"['Male', 'Female']",0,0,2,4,5,Wet/Standing Water,Straight,Level,Lowest,No
19385,28,Mississippi,280241,0,1,1,0,2,NOT APPLICABLE,May,17,Wednesday,21,4,Rural,Medium Speed (Collector),No,31.95923056,-90.55572778,Non-Intersection,Dark - Not Lighted,Clear,Unknown,Unknown,Unknown EMS Scene Arrival Hour,Unknown EMS Scene Arrival Minutes,Not Applicable (Not Transported),Not Applicable (Not Transported),2,Dark - Unlighted,Clear,2,0,"['Front_Passenger', 'Front_Passenger']","['Shoulder_Lapbelt', 'Shoulder_Lapbelt']",0,0,Valid,0.0,0.0,49.0,34.0,Other,0,0,2,4,3,Dry,Curve,Grade/Hillcrest,Lowest,No
19386,28,Mississippi,280242,0,1,1,0,1,NOT APPLICABLE,May,18,Thursday,5,0,Rural,Low Speed (Local),No,30.75836944,-88.63390556,Non-Intersection,Dark - Not Lighted,Clear,Unknown,Unknown,Unknown EMS Scene Arrival Hour,Unknown EMS Scene Arrival Minutes,Unknown,Unknown EMS Hospital Arrival Time,1,Dark - Unlighted,Clear,1,0,['Driver'],['None_Used'],0,0,Valid,0.0,0.0,35.0,35.0,['Female'],0,0,2,4,3,Dry,Curve,Level,Lowest,No
19387,28,Mississippi,280243,0,2,2,0,2,NOT APPLICABLE,May,18,Thursday,12,42,Rural,Medium Speed (Collector),No,32.35514167,-89.59382778,Non-Intersection,Daylight,Clear,Unknown,Unknown,Unknown EMS Scene Arrival Hour,Unknown EMS Scene Arrival Minutes,Unknown,Unknown EMS Hospital Arrival Time,1,Daylight,Clear,1,1,['Driver'],['Shoulder_Lapbelt'],0,0,Valid,0.0,0.0,66.0,54.0,"['Female', 'Male']",0,0,3,4,5,Dry,Straight,Level,Lowest,No
19388,28,Mississippi,280244,1,1,1,0,1,HATTIESBURG,May,18,Thursday,20,42,Urban,Medium Speed (Collector),No,31.28918889,-89.28590833,Non-Intersection,Dark - Not Lighted,Clear,Unknown,Unknown if Notified,Unknown EMS Scene Arrival Hour,Unknown if Arrived,Not Applicable (Not Transported),Not Applicable (Not Transported),1,Dark - Unlighted,Clear,0,1,[],[],0,0,Invalid,0.0,0.0,999.0,999.0,['Other'],0,0,1,0,4,Dry,Straight,Level,Lowest,No
19389,28,Mississippi,280245,0,1,1,0,1,NOT APPLICABLE,May,19,Friday,8,8,Rural,Medium Speed (Collector),No,31.1942,-90.76756944,Non-Intersection,Daylight,Clear,Unknown,Unknown,Unknown EMS Scene Arrival Hour,Unknown EMS Scene Arrival Minutes,Not Applicable (Not Transported),Not Applicable (Not Transported),1,Daylight,Clear,1,0,['Driver'],['None_Used'],0,0,Invalid,0.0,0.0,21.0,21.0,['Male'],0,0,3,4,3,Dry,Straight,Level,Lowest,No
19390,28,Mississippi,280246,0,3,3,0,4,NOT APPLICABLE,May,19,Friday,16,30,Rural,High Speed (Arterial),Yes,31.36672222,-90.74789167,Non-Intersection,Daylight,Clear,Unknown,Unknown,Unknown EMS Scene Arrival Hour,Unknown EMS Scene Arrival Minutes,Unknown,Unknown EMS Hospital Arrival Time,1,Daylight,Clear,1,3,['Driver'],['Shoulder_Lapbelt'],0,0,Valid,0.0,0.0,71.0,21.0,"['Male', 'Female', 'Female']",0,0,4,4,5,Dry,Straight,Level,Lowest,No
19391,28,Mississippi,280247,0,1,1,0,1,NOT APPLICABLE,May,19,Friday,19,13,Rural,Low Speed (Local),No,88.8888,888.8888,Non-Intersection,Daylight,Clear,Unknown,Unknown if Notified,Unknown EMS Scene Arrival Hour,Unknown if Arrived,Not Applicable (Not Transported),Not Applicable (Not Transported),1,Daylight,Clear,1,0,['Driver'],['None_Used'],0,0,Valid,0.0,0.0,25.0,25.0,['Female'],0,0,3,4,3,Dry,Curve,Level,Lowest,No
19392,28,Mississippi,280248,0,1,1,0,1,NOT APPLICABLE,May,20,Saturday,15,47,Rural,High Speed (Arterial),Yes,31.05448611,-91.32335,Non-Intersection,Daylight,Clear,Unknown,Unknown if Notified,Unknown EMS Scene Arrival Hour,Unknown if Arrived,Not Applicable (Not Transported),Not Applicable (Not Transported),1,Daylight,Clear,1,0,['Driver'],['Shoulder_Lapbelt'],0,0,Valid,0.0,0.0,30.0,30.0,['Male'],0,0,4,4,3,Dry,Straight,Level,Lowest,No
19393,28,Mississippi,280249,0,2,2,0,2,NOT APPLICABLE,May,22,Monday,7,49,Rural,Low Speed (Local),No,34.834,-88.246825,Complex/Circle,Daylight,Clear,Unknown,Unknown if Notified,Unknown EMS Scene Arrival Hour,Unknown if Arrived,Not Applicable (Not Transported),Not Applicable (Not Transported),1,Daylight,Clear,1,1,['Driver'],['None_Used'],0,0,Valid,0.0,0.0,53.0,16.0,"['Male', 'Female']",0,0,5,4,5,Dry,Straight,Level,Lowest,No
19394,28,Mississippi,280250,0,1,1,0,2,GRENADA,May,25,Thursday,9,5,Urban,High Speed (Arterial),Yes,33.80751944,-89.83935,Non-Intersection,Daylight,Clear,Unknown,Unknown,Unknown EMS Scene Arrival Hour,Unknown EMS Scene Arrival Minutes,Unknown,Unknown EMS Hospital Arrival Time,1,Daylight,Clear,1,1,['Driver'],['Shoulder_Lapbelt'],0,0,Valid,0.0,0.0,63.0,63.0,['Female'],0,0,3,4,3,Dry,Straight,Level,Lowest,No
19395,28,Mississippi,280251,0,3,3,0,4,NOT APPLICABLE,May,25,Thursday,13,52,Rural,Medium Speed (Collector),No,30.50196944,-88.70353889,Simple Junction,Daylight,Clear,Unknown,Unknown,Unknown EMS Scene Arrival Hour,Unknown EMS Scene Arrival Minutes,Unknown,Unknown EMS Hospital Arrival Time,1,Daylight,Clear,1,3,['Front_Passenger'],['Shoulder_Lapbelt'],0,0,Valid,0.0,0.0,74.0,46.0,"['Male', 'Female', 'Female']",0,0,3,4,5,Dry,Straight,Level,Lowest,No
19396,28,Mississippi,280252,1,1,1,0,2,NOT APPLICABLE,May,25,Thursday,20,58,Rural,High Speed (Arterial),Yes,34.34030278,-89.74664444,Non-Intersection,Dark - Not Lighted,Clear,Unknown,Unknown if Notified,Unknown EMS Scene Arrival Hour,Unknown if Arrived,Not Applicable (Not Transported),Not Applicable (Not Transported),1,Dark - Unlighted,Clear,0,2,[],[],0,0,Valid,0.0,0.0,70.0,70.0,['Male'],0,0,3,1,4,Dry,Straight,Level,Lowest,No
19397,28,Mississippi,280253,0,1,1,0,1,STARKVILLE,May,26,Friday,20,35,Urban,High Speed (Arterial),Yes,33.43835833,-88.85386667,Non-Intersection,Dark - Not Lighted,Clear,Unknown,Unknown,Unknown EMS Scene Arrival Hour,Unknown EMS Scene Arrival Minutes,Unknown,Unknown EMS Hospital Arrival Time,1,Dark - Unlighted,Clear,1,0,['Driver'],['None_Used'],0,0,Valid,0.0,0.0,61.0,61.0,['Male'],0,0,3,4,3,Dry,Straight,Level,Lowest,No
19398,28,Mississippi,280254,0,1,1,0,2,BILOXI,May,27,Saturday,5,20,Urban,High Speed (Arterial),Yes,30.39368889,-88.94551667,Non-Intersection,Dawn,Clear,Unknown,Unknown,Unknown EMS Scene Arrival Hour,Unknown EMS Scene Arrival Minutes,Unknown,Unknown EMS Hospital Arrival Time,1,Twilight,Clear,1,1,['Front_Passenger'],['None_Used'],1,1,Valid,0.0,2.0,34.0,34.0,['Male'],2,0,3,4,3,Dry,Straight,Level,Lowest,No
19399,28,Mississippi,280255,0,1,1,0,3,NOT APPLICABLE,May,30,Tuesday,5,17,Rural,High Speed (Arterial),Yes,30.78958056,-89.1358,Non-Intersection,Dawn,Clear,Unknown,Unknown if Notified,Unknown EMS Scene Arrival Hour,Unknown if Arrived,Not Applicable (Not Transported),Not Applicable (Not Transported),1,Twilight,Clear,1,2,['Front_Passenger'],['None_Used'],1,1,Valid,0.0,1.0,26.0,26.0,['Male'],3,0,3,4,3,Dry,Straight,Level,Medium,No
19400,28,Mississippi,280256,0,1,1,0,1,NOT APPLICABLE,May,30,Tuesday,6,0,Rural,Medium Speed (Collector),No,32.96710833,-90.00936389,Non-Intersection,Daylight,Clear,Unknown,Unknown,Unknown EMS Scene Arrival Hour,Unknown EMS Scene Arrival Minutes,Not Applicable (Not Transported),Not Applicable (Not Transported),1,Daylight,Clear,1,0,['Driver'],['Shoulder_Lapbelt'],1,1,Valid,0.0,0.0,44.0,44.0,['Male'],1,0,3,4,3,Dry,Curve,Grade/Hillcrest,Lowest,No
19401,28,Mississippi,280257,0,4,4,0,6,NOT APPLICABLE,May,31,Wednesday,10,12,Urban,High Speed (Arterial),Yes,32.34287222,-88.77280833,Non-Intersection,Daylight,Clear,10:00am-10:59am,12,10:00am-10:59am,22,Not Applicable (Not Transported),Not Applicable (Not Transported),4,Daylight,Clear,4,2,"['Driver', 'Front_Passenger', 'Driver', 'Front_Passenger']","['Shoulder_Lapbelt', 'Shoulder_Lapbelt', 'Shoulder_Lapbelt', 'Shoulder_Lapbelt']",0,0,Valid,0.0,1.0,50.0,28.0,"['Male', 'Male', 'Female', 'Male']",0,0,4,4,5,Dry,Curve,Grade/Hillcrest,Lowest,Yes
19402,28,Mississippi,280258,0,2,2,0,2,NOT APPLICABLE,June,5,Monday,22,37,Rural,High Speed (Arterial),Yes,31.69570833,-88.75523333,Non-Intersection,Dark - Not Lighted,Clear,Unknown,Unknown,Unknown EMS Scene Arrival Hour,Unknown EMS Scene Arrival Minutes,Unknown,Unknown EMS Hospital Arrival Time,2,Dark - Unlighted,Clear,2,0,"['Driver', 'Driver']","['Shoulder_Lapbelt', 'None_Used']",0,0,Valid,0.0,0.0,66.0,43.0,"['Male', 'Male']",0,0,3,4,5,Dry,Straight,Grade/Hillcrest,Lowest,No
19403,28,Mississippi,280259,0,2,2,0,2,NOT APPLICABLE,June,7,Wednesday,0,51,Rural,High Speed (Arterial),Yes,30.43798889,-88.60742222,Non-Intersection,Dark - Not Lighted,Clear,Unknown,Unknown if Notified,Unknown EMS Scene Arrival Hour,Unknown if Arrived,Not Applicable (Not Transported),Not Applicable (Not Transported),1,Dark - Unlighted,Clear,1,1,['Driver'],['Shoulder_Lapbelt'],1,1,Valid,0.0,0.0,58.0,41.0,"['Male', 'Male']",0,0,4,4,5,Dry,Straight,Level,Lowest,No
19404,28,Mississippi,280260,0,2,2,0,2,SOUTHAVEN,June,7,Wednesday,12,23,Urban,Medium Speed (Collector),No,34.93359167,-90.00760278,Complex/Circle,Daylight,Clear,Unknown,Unknown,Unknown EMS Scene Arrival Hour,Unknown EMS Scene Arrival Minutes,Unknown,Unknown EMS Hospital Arrival Time,1,Daylight,Clear,1,1,['Driver'],['None_Used'],0,0,Invalid,0.0,0.0,41.0,39.0,"['Male', 'Male']",0,0,5,3,5,Dry,Straight,Level,Lowest,No
19405,28,Mississippi,280261,0,1,1,0,1,NOT APPLICABLE,June,9,Friday,7,44,Rural,Medium Speed (Collector),No,33.10065,-91.09812778,Simple Junction,Dark - Not Lighted,Reported as Unknown,Unknown,Unknown,Unknown EMS Scene Arrival Hour,Unknown EMS Scene Arrival Minutes,Not Applicable (Not Transported),Not Applicable (Not Transported),1,Dark - Unlighted,Clear,1,0,['Driver'],['None_Used'],0,0,Valid,0.0,0.0,54.0,54.0,['Male'],0,0,2,4,2,Dry,Straight,Level,Lowest,No
19406,28,Mississippi,280262,0,1,1,0,1,NOT APPLICABLE,June,10,Saturday,11,56,Rural,Medium Speed (Collector),No,34.40861111,-89.892125,Non-Intersection,Daylight,Clear,Unknown,Unknown if Notified,Unknown EMS Scene Arrival Hour,Unknown if Arrived,Not Applicable (Not Transported),Not Applicable (Not Transported),1,Daylight,Clear,1,0,['Driver'],['None_Used'],0,0,Valid,0.0,0.0,63.0,63.0,['Male'],0,0,3,4,3,Dry,Straight,Level,Medium,No
19407,28,Mississippi,280263,0,2,2,0,2,HORN LAKE,June,2,Friday,7,58,Urban,High Speed (Arterial),Yes,34.96270833,-90.01491389,Non-Intersection,Daylight,Clear,Unknown,Unknown,Unknown EMS Scene Arrival Hour,Unknown EMS Scene Arrival Minutes,Unknown,Unknown EMS Hospital Arrival Time,1,Daylight,Clear,1,1,['Driver'],['None_Used'],0,0,Valid,0.0,0.0,40.0,26.0,"['Male', 'Male']",1,0,5,4,5,Dry,Straight,Non-Trafficway,Lowest,No