,State_Code,State_Name,Crash_ID,Count_Non_Motorists,Count_Vehicles_Total,Count_Vehicle_Forms,Count_PVH_Involved,Count_Occupants_MV,City_Name,Month_Name,Day_of_Month,Day_of_Week,Crash_Hour,Crash_Minute,Area_Rural_Urban,Road_Functional_Class,On_NHS_Road,Latitude,Longitude,Intersection_Type,Light_Condition,Weather_Condition,Notif_Hour,Notif_Minute,Arrival_Hour,Arrival_Minute,Hospital_Hour,Hospital_Minute,Fatalities_Count,Clean_Light_Condition,Clean_Weather_Condition,Total_Killed,Total_Alive,Fatal_Seats_List,Killed_Restraint_List,Any_Driver_Drinking,Total_Drinking_Drivers,Driver_License_Category,Driver_Max_Prev_Accident_Count,Driver_Max_Prev_Speeding_Count,Max_Driver_Age,Min_Driver_Age,Driver_Sex_List,Total_Exceeding_Limit_Vehicles,Total_Too_Fast_Vehicles,Max_Vehicle_Type_Severity_5,Max_Vehicle_Damage_Rank,Max_Harmful_Event_Severity,Crash_Road_Surface_Condition,Crash_Horizontal_Alignment,Crash_Vertical_Profile,Crash_Impairment_Category,Crash_Vehicle_Defect
19408,28,Mississippi,280264,0,2,2,0,2,NOT APPLICABLE,June,2,Friday,20,47,Rural,Medium Speed (Collector),No,32.55535278,-89.62679444,Non-Intersection,Dark - Not Lighted,Clear,Unknown,Unknown,Unknown EMS Scene Arrival Hour,Unknown EMS Scene Arrival Minutes,Unknown,Unknown EMS Hospital Arrival Time,1,Dark - Unlighted,Clear,1,1,['Driver'],['None_Used'],1,1,Invalid,0.0,0.0,56.0,35.0,"['Male', 'Male']",0,0,5,4,5,Dry,Curve,Grade/Hillcrest,Lowest,No
19409,28,Mississippi,280265,0,2,2,0,3,OLIVE BRANCH,June,3,Saturday,23,16,Urban,High Speed (Arterial),Yes,34.96185278,-89.77339167,Non-Intersection,Dark - Not Lighted,Clear,Unknown,Unknown,Unknown EMS Scene Arrival Hour,Unknown EMS Scene Arrival Minutes,Unknown,Unknown EMS Hospital Arrival Time,1,Dark - Unlighted,Clear,1,2,['Driver'],['None_Used'],1,1,Valid,0.0,1.0,25.0,20.0,"['Female', 'Male']",0,0,3,4,5,Dry,Straight,Level,Lowest,No
19410,28,Mississippi,280266,0,1,1,0,1,MADISON,June,12,Monday,15,56,Rural,Low Speed (Local),No,32.690875,-89.81585833,Non-Intersection,Daylight,Clear,Unknown,Unknown,Unknown EMS Scene Arrival Hour,Unknown EMS Scene Arrival Minutes,Not Applicable (Not Transported),Not Applicable (Not Transported),1,Daylight,Clear,1,0,['Driver'],['None_Used'],0,0,Valid,0.0,0.0,19.0,19.0,['Male'],1,0,5,4,3,Loose/Unpaved,Straight,Level,Lowest,No
19411,28,Mississippi,280267,0,1,1,0,2,NOT APPLICABLE,June,12,Monday,16,24,Rural,High Speed (Arterial),Yes,32.3407,-89.26573333,Non-Intersection,Daylight,Rain,Unknown,Unknown,Unknown EMS Scene Arrival Hour,Unknown EMS Scene Arrival Minutes,Unknown,Unknown EMS Hospital Arrival Time,1,Daylight,Rain/Wind/Minor,1,1,['Front_Passenger'],['None_Used'],1,1,Valid,0.0,0.0,40.0,40.0,['Female'],0,0,2,4,3,Wet/Standing Water,Straight,Level,Lowest,No
19412,28,Mississippi,280268,1,1,1,0,1,SEBASTOPOL,June,13,Tuesday,16,48,Rural,Medium Speed (Collector),No,32.55839444,-89.35538056,Non-Intersection,Daylight,Clear,Unknown,Unknown,Unknown EMS Scene Arrival Hour,Unknown EMS Scene Arrival Minutes,Not Applicable (Not Transported),Not Applicable (Not Transported),1,Daylight,Clear,0,1,[],[],0,0,Valid,0.0,0.0,50.0,50.0,['Male'],0,0,4,3,4,Dry,Straight,Level,Lowest,No
19413,28,Mississippi,280269,0,1,1,0,2,NOT APPLICABLE,June,14,Wednesday,2,56,Rural,High Speed (Arterial),Yes,30.31132778,-89.61434444,Non-Intersection,Dark - Not Lighted,Clear,Unknown,Unknown if Notified,Unknown EMS Scene Arrival Hour,Unknown if Arrived,Not Applicable (Not Transported),Not Applicable (Not Transported),2,Dark - Unlighted,Clear,2,0,"['Driver', 'Non_Standard_Risk']","['None_Used', 'None_Used']",0,0,Valid,0.0,0.0,29.0,29.0,['Male'],0,0,4,4,3,Dry,Straight,Level,Lowest,Yes
19414,28,Mississippi,280270,0,2,2,0,3,NOT APPLICABLE,June,14,Wednesday,14,53,Rural,High Speed (Arterial),Yes,34.62932222,-90.38784722,Non-Intersection,Daylight,Clear,Unknown,Unknown,Unknown EMS Scene Arrival Hour,Unknown EMS Scene Arrival Minutes,Unknown,Unknown EMS Hospital Arrival Time,2,Daylight,Clear,2,1,"['Driver', 'Front_Passenger']","['Shoulder_Lapbelt', 'Shoulder_Lapbelt']",0,0,Valid,0.0,3.0,44.0,24.0,"['Female', 'Male']",0,0,3,4,5,Dry,Straight,Level,Lowest,No
19415,28,Mississippi,280271,0,2,2,0,2,BALDWYN,June,14,Wednesday,17,6,Rural,High Speed (Arterial),Yes,34.52460833,-88.65486389,Complex/Circle,Daylight,Clear,Unknown,Unknown if Notified,Unknown EMS Scene Arrival Hour,Unknown if Arrived,Not Applicable (Not Transported),Not Applicable (Not Transported),1,Daylight,Clear,1,1,['Driver'],['Shoulder_Lapbelt'],0,0,Valid,0.0,1.0,72.0,66.0,"['Male', 'Male']",0,0,4,4,5,Dry,Straight,Level,Lowest,No
19416,28,Mississippi,280272,1,1,1,0,1,NOT APPLICABLE,June,17,Saturday,19,35,Rural,Medium Speed (Collector),No,31.06281944,-88.58104167,Non-Intersection,Dark - Not Lighted,Clear,Unknown,Unknown,Unknown EMS Scene Arrival Hour,Unknown EMS Scene Arrival Minutes,Unknown,Unknown EMS Hospital Arrival Time,1,Dark - Unlighted,Clear,0,1,[],[],0,0,Valid,0.0,0.0,66.0,66.0,['Female'],0,0,2,4,4,Dry,Straight,Level,Lowest,No
19417,28,Mississippi,280273,0,2,2,0,7,NOT APPLICABLE,June,18,Sunday,10,15,Rural,Medium Speed (Collector),No,32.02932778,-88.83109722,Non-Intersection,Daylight,Rain,Unknown,Unknown,Unknown EMS Scene Arrival Hour,Unknown EMS Scene Arrival Minutes,Unknown,Unknown EMS Hospital Arrival Time,1,Daylight,Rain/Wind/Minor,1,6,['Driver'],['None_Used'],0,0,Valid,0.0,0.0,54.0,38.0,"['Female', 'Female']",2,0,3,4,5,Wet/Standing Water,Curve,Level,Lowest,No
19418,28,Mississippi,280274,0,2,2,0,2,OCEAN SPRINGS,June,18,Sunday,14,47,Urban,High Speed (Arterial),Yes,30.40621389,-88.74221389,Simple Junction,Daylight,Clear,Unknown,Unknown if Notified,Unknown EMS Scene Arrival Hour,Unknown if Arrived,Not Applicable (Not Transported),Not Applicable (Not Transported),1,Daylight,Clear,1,1,['Driver'],['None_Used'],1,1,Valid,0.0,1.0,66.0,24.0,"['Male', 'Male']",1,0,5,4,5,Dry,Straight,Level,Lowest,No
19419,28,Mississippi,280275,0,1,1,0,1,NOT APPLICABLE,June,19,Monday,14,1,Rural,Medium Speed (Collector),No,30.51691389,-89.58259722,Non-Intersection,Daylight,Cloudy,Unknown,Unknown,Unknown EMS Scene Arrival Hour,Unknown EMS Scene Arrival Minutes,Unknown,Unknown EMS Hospital Arrival Time,1,Daylight,Reduced Visibility,1,0,['Driver'],['None_Used'],0,0,Invalid,0.0,0.0,36.0,36.0,['Male'],0,0,5,4,2,Dry,Curve,Level,Lowest,No
19420,28,Mississippi,280276,0,1,1,0,1,COLLINS,June,21,Wednesday,17,35,Rural,High Speed (Arterial),Yes,31.67246111,-89.58911944,Non-Intersection,Daylight,Clear,Unknown,Unknown if Notified,Unknown EMS Scene Arrival Hour,Unknown if Arrived,Not Applicable (Not Transported),Not Applicable (Not Transported),1,Daylight,Clear,1,0,['Driver'],['None_Used'],0,0,Valid,0.0,0.0,54.0,54.0,['Male'],0,0,3,4,3,Dry,Straight,Level,Lowest,No
19421,28,Mississippi,280277,1,1,1,0,1,OLIVE BRANCH,June,23,Friday,5,23,Urban,Medium Speed (Collector),No,34.98330833,-89.79523333,Non-Intersection,Dark - Lighted,Clear,Unknown,Unknown if Notified,Unknown EMS Scene Arrival Hour,Unknown if Arrived,Not Applicable (Not Transported),Not Applicable (Not Transported),1,Dark - Lighted,Clear,0,1,[],[],0,0,Valid,0.0,0.0,49.0,49.0,['Female'],0,0,3,3,4,Dry,Straight,Level,Lowest,No
19422,28,Mississippi,280278,1,1,1,0,2,NOT APPLICABLE,June,21,Wednesday,0,9,Urban,High Speed (Arterial),Yes,32.17345,-90.26381389,Non-Intersection,Dark - Not Lighted,Clear,Unknown,Unknown,Unknown EMS Scene Arrival Hour,Unknown EMS Scene Arrival Minutes,Unknown,Unknown EMS Hospital Arrival Time,1,Dark - Unlighted,Clear,0,2,[],[],0,0,Valid,0.0,0.0,28.0,28.0,['Female'],0,0,2,3,4,Dry,Straight,Level,Lowest,No
19423,28,Mississippi,280279,0,2,2,0,2,NOT APPLICABLE,June,23,Friday,9,58,Rural,High Speed (Arterial),Yes,34.89701944,-88.54828056,Complex/Circle,Daylight,Clear,Unknown,Unknown,Unknown EMS Scene Arrival Hour,Unknown EMS Scene Arrival Minutes,Unknown,Unknown EMS Hospital Arrival Time,1,Daylight,Clear,1,1,['Driver'],['Shoulder_Lapbelt'],0,0,Valid,0.0,0.0,78.0,49.0,"['Male', 'Female']",0,0,3,4,5,Dry,Straight,Level,Lowest,No
19424,28,Mississippi,280280,0,2,2,0,2,NOT APPLICABLE,June,23,Friday,12,49,Rural,Medium Speed (Collector),No,34.01181389,-88.33256389,Non-Intersection,Daylight,Clear,Unknown,Unknown,Unknown EMS Scene Arrival Hour,Unknown EMS Scene Arrival Minutes,Unknown,Unknown EMS Hospital Arrival Time,1,Daylight,Clear,1,1,['Driver'],['None_Used'],0,0,Invalid,0.0,0.0,54.0,28.0,"['Female', 'Female']",0,0,3,4,5,Dry,Curve,Level,Lowest,No
19425,28,Mississippi,280281,1,1,1,0,1,HATTIESBURG,June,24,Saturday,2,20,Urban,Medium Speed (Collector),No,31.32647222,-89.28963056,Complex/Circle,Dark - Lighted,Clear,Unknown,Unknown,Unknown EMS Scene Arrival Hour,Unknown EMS Scene Arrival Minutes,Not Applicable (Not Transported),Not Applicable (Not Transported),1,Dark - Lighted,Clear,0,1,[],[],0,0,Valid,0.0,1.0,42.0,42.0,['Male'],0,0,4,0,4,Dry,Straight,Level,Lowest,No
19426,28,Mississippi,280282,1,2,2,0,2,JACKSON,June,24,Saturday,22,13,Urban,High Speed (Arterial),Yes,32.37843611,-90.16231389,Complex/Circle,Dark - Lighted,Clear,Unknown,Unknown if Notified,Unknown EMS Scene Arrival Hour,Unknown if Arrived,Not Applicable (Not Transported),Not Applicable (Not Transported),1,Dark - Lighted,Clear,0,2,[],[],1,1,Invalid,0.0,0.0,37.0,28.0,"['Male', 'Male']",0,0,3,4,5,Dry,Straight,Level,Lowest,No
19427,28,Mississippi,280283,0,1,1,0,1,NOT APPLICABLE,June,25,Sunday,7,6,Rural,Medium Speed (Collector),No,34.493525,-88.19284167,Non-Intersection,Dawn,Clear,Unknown,Unknown,Unknown EMS Scene Arrival Hour,Unknown EMS Scene Arrival Minutes,Unknown,Unknown EMS Hospital Arrival Time,1,Twilight,Clear,1,0,['Driver'],['None_Used'],1,1,Valid,0.0,0.0,17.0,17.0,['Male'],0,0,2,4,3,Dry,Straight,Grade/Hillcrest,Lowest,No
19428,28,Mississippi,280284,0,1,1,0,2,NOT APPLICABLE,June,25,Sunday,9,16,Rural,Low Speed (Local),No,31.14601667,-89.94548611,Non-Intersection,Daylight,Clear,Unknown,Unknown,Unknown EMS Scene Arrival Hour,Unknown EMS Scene Arrival Minutes,Unknown,Unknown EMS Hospital Arrival Time,1,Daylight,Clear,1,1,['Front_Passenger'],['Shoulder_Lapbelt'],0,0,Valid,0.0,0.0,20.0,20.0,['Male'],0,0,2,4,3,Dry,Straight,Level,Lowest,No
19429,28,Mississippi,280285,0,1,1,0,1,NOT APPLICABLE,June,26,Monday,6,30,Rural,Low Speed (Local),No,33.06164167,-90.56301389,Non-Intersection,Daylight,Clear,Unknown,Unknown if Notified,Unknown EMS Scene Arrival Hour,Unknown if Arrived,Not Applicable (Not Transported),Not Applicable (Not Transported),1,Daylight,Clear,1,0,['Driver'],['Shoulder_Lapbelt'],0,0,Valid,0.0,0.0,64.0,64.0,['Male'],0,0,3,4,3,Dry,Straight,Level,Lowest,No
19430,28,Mississippi,280286,0,2,2,0,2,NOT APPLICABLE,June,27,Tuesday,17,49,Rural,Medium Speed (Collector),No,31.62478333,-89.21508056,Non-Intersection,Daylight,Clear,Unknown,Unknown,Unknown EMS Scene Arrival Hour,Unknown EMS Scene Arrival Minutes,Unknown,Unknown EMS Hospital Arrival Time,1,Daylight,Clear,1,1,['Driver'],['Shoulder_Lapbelt'],0,0,Valid,0.0,1.0,43.0,31.0,"['Male', 'Male']",0,0,3,4,5,Dry,Curve,Grade/Hillcrest,Lowest,No
19431,28,Mississippi,280287,0,1,1,0,1,HERNANDO,June,28,Wednesday,20,22,Urban,High Speed (Arterial),Yes,34.840475,-89.98317222,Non-Intersection,Daylight,Clear,Not Applicable (Not Notified),Not Applicable (Not Notified),Not Applicable,Not Applicable,Not Applicable (Not Transported),Not Applicable (Not Transported),1,Daylight,Clear,1,0,['Driver'],['Shoulder_Lapbelt'],0,0,Invalid,0.0,0.0,17.0,17.0,['Male'],0,0,3,4,2,Dry,Straight,Level,Lowest,No
19432,28,Mississippi,280288,0,1,1,0,2,NOT APPLICABLE,June,29,Thursday,12,24,Rural,Medium Speed (Collector),No,33.67274167,-90.98603889,Non-Intersection,Daylight,Clear,Unknown,Unknown,Unknown EMS Scene Arrival Hour,Unknown EMS Scene Arrival Minutes,Unknown,Unknown EMS Hospital Arrival Time,1,Daylight,Clear,1,1,['Driver'],['Shoulder_Lapbelt'],0,0,Valid,0.0,0.0,66.0,66.0,['Male'],0,0,3,4,3,Dry,Curve,Level,Lowest,No
19433,28,Mississippi,280289,0,2,2,0,3,NOT APPLICABLE,June,30,Friday,3,38,Rural,Medium Speed (Collector),No,31.15095,-88.54954722,Non-Intersection,Dark - Lighted,Clear,Unknown,Unknown,Unknown EMS Scene Arrival Hour,Unknown EMS Scene Arrival Minutes,Unknown,Unknown EMS Hospital Arrival Time,1,Dark - Lighted,Clear,1,2,['Driver'],['None_Used'],1,1,Valid,0.0,2.0,47.0,18.0,"['Female', 'Male']",2,0,3,4,5,Dry,Curve,Level,Lowest,No
19434,28,Mississippi,280290,0,1,1,0,4,STARKVILLE,June,30,Friday,19,23,Urban,High Speed (Arterial),Yes,33.43606667,-88.86261389,Non-Intersection,Daylight,Clear,Unknown,Unknown,Unknown EMS Scene Arrival Hour,Unknown EMS Scene Arrival Minutes,Unknown,Unknown EMS Hospital Arrival Time,1,Daylight,Clear,1,3,['Front_Passenger'],['Shoulder_Lapbelt'],1,1,Invalid,0.0,0.0,68.0,68.0,['Male'],0,0,3,4,3,Dry,Straight,Level,Lowest,No
19435,28,Mississippi,280291,0,3,3,0,7,NOT APPLICABLE,July,1,Saturday,4,41,Urban,High Speed (Arterial),Yes,31.98916944,-90.37249167,Non-Intersection,Dark - Not Lighted,Clear,4:00am-4:59am,41,4:00am-4:59am,54,5:00am-5:59am,20,1,Dark - Unlighted,Clear,1,6,['Front_Passenger'],['Shoulder_Lapbelt'],0,0,Valid,0.0,2.0,48.0,27.0,"['Male', 'Male', 'Male']",0,0,4,4,5,Dry,Straight,Level,Lowest,No
19436,28,Mississippi,280292,0,2,2,0,2,NOT APPLICABLE,July,1,Saturday,12,41,Rural,Medium Speed (Collector),No,33.86969444,-90.51092222,Non-Intersection,Daylight,Clear,12:00pm-12:59pm,41,1:00pm-1:59pm,11,2:00pm-2:59pm,26,1,Daylight,Clear,1,1,['Driver'],['None_Used'],0,0,Valid,0.0,0.0,63.0,35.0,"['Male', 'Male']",1,0,3,4,5,Dry,Straight,Level,Lowest,No
19437,28,Mississippi,280293,0,1,1,0,2,NOT APPLICABLE,July,1,Saturday,15,33,Urban,High Speed (Arterial),Yes,30.40860556,-89.22066944,Non-Intersection,Daylight,Clear,Unknown,Unknown,Unknown EMS Scene Arrival Hour,Unknown EMS Scene Arrival Minutes,Unknown,Unknown EMS Hospital Arrival Time,1,Daylight,Clear,1,1,['Driver'],['Shoulder_Lapbelt'],0,0,Valid,0.0,0.0,78.0,78.0,['Male'],0,0,1,4,3,Dry,Straight,Level,Lowest,Yes
19438,28,Mississippi,280294,0,1,1,0,3,MCCOMB,July,3,Monday,0,49,Urban,High Speed (Arterial),Yes,31.24766389,-90.46167778,Non-Intersection,Dark - Lighted,Clear,Unknown,Unknown,Unknown EMS Scene Arrival Hour,Unknown EMS Scene Arrival Minutes,Unknown,Unknown EMS Hospital Arrival Time,1,Dark - Lighted,Clear,1,2,['Rear_Seat'],['Shoulder_Lapbelt'],1,1,Valid,0.0,0.0,21.0,21.0,['Male'],3,0,2,4,3,Dry,Curve,Level,Lowest,No
19439,28,Mississippi,280295,0,2,2,0,2,NOT APPLICABLE,July,3,Monday,15,56,Rural,Medium Speed (Collector),No,34.43713056,-89.93429167,Non-Intersection,Daylight,Clear,Unknown,Unknown,Unknown EMS Scene Arrival Hour,Unknown EMS Scene Arrival Minutes,Unknown,Unknown EMS Hospital Arrival Time,1,Daylight,Clear,1,1,['Driver'],['Shoulder_Lapbelt'],0,0,Valid,0.0,0.0,63.0,53.0,"['Female', 'Male']",0,0,3,4,5,Dry,Straight,Level,Lowest,No
19440,28,Mississippi,280296,0,2,2,0,3,NOT APPLICABLE,July,3,Monday,19,5,Rural,Medium Speed (Collector),No,31.31086389,-89.82173333,Complex/Circle,Daylight,Clear,Unknown,Unknown,Unknown EMS Scene Arrival Hour,Unknown EMS Scene Arrival Minutes,Unknown,Unknown EMS Hospital Arrival Time,1,Daylight,Clear,1,2,['Driver'],['Shoulder_Lapbelt'],0,0,Valid,0.0,0.0,61.0,20.0,"['Male', 'Female']",0,0,2,4,5,Dry,Straight,Level,Lowest,No
19441,28,Mississippi,280297,0,2,2,0,2,NOT APPLICABLE,July,3,Monday,20,7,Rural,Medium Speed (Collector),No,33.91106667,-89.03591111,Complex/Circle,Dusk,Cloudy,Unknown,Unknown if Notified,Unknown EMS Scene Arrival Hour,Unknown if Arrived,Not Applicable (Not Transported),Not Applicable (Not Transported),1,Twilight,Reduced Visibility,1,1,['Driver'],['None_Used'],0,0,Valid,0.0,0.0,50.0,48.0,"['Male', 'Male']",0,0,5,4,5,Wet/Standing Water,Straight,Level,Lowest,No
19442,28,Mississippi,280298,0,1,1,0,1,NOT APPLICABLE,July,4,Tuesday,11,2,Rural,Medium Speed (Collector),No,34.13765833,-88.50858056,Non-Intersection,Daylight,Clear,Unknown,Unknown,Unknown EMS Scene Arrival Hour,Unknown EMS Scene Arrival Minutes,Unknown,Unknown EMS Hospital Arrival Time,1,Daylight,Clear,1,0,['Driver'],['Shoulder_Lapbelt'],1,1,Valid,1.0,0.0,67.0,67.0,['Male'],1,0,2,4,3,Dry,Straight,Level,Lowest,No
19443,28,Mississippi,280299,0,2,2,0,2,NOT APPLICABLE,July,5,Wednesday,18,11,Rural,Medium Speed (Collector),No,31.13985833,-91.04212778,Non-Intersection,Daylight,Rain,Unknown,Unknown,Unknown EMS Scene Arrival Hour,Unknown EMS Scene Arrival Minutes,Unknown,Unknown EMS Hospital Arrival Time,1,Daylight,Rain/Wind/Minor,1,1,['Driver'],['None_Used'],0,0,Valid,0.0,0.0,54.0,36.0,"['Female', 'Male']",0,0,4,4,5,Wet/Standing Water,Straight,Level,Lowest,No
19444,28,Mississippi,280300,1,1,1,0,1,NOT APPLICABLE,July,5,Wednesday,21,38,Rural,Medium Speed (Collector),No,34.71103056,-90.37684167,Non-Intersection,Dark - Not Lighted,Clear,Unknown,Unknown if Notified,Unknown EMS Scene Arrival Hour,Unknown if Arrived,Not Applicable (Not Transported),Not Applicable (Not Transported),1,Dark - Unlighted,Clear,0,1,[],[],0,0,Invalid,0.0,0.0,22.0,22.0,['Male'],0,0,2,0,4,Dry,Straight,Level,Lowest,No
19445,28,Mississippi,280301,1,1,1,0,1,GAUTIER,July,5,Wednesday,22,51,Urban,High Speed (Arterial),Yes,30.39491111,-88.67223333,Non-Intersection,Dark - Not Lighted,Rain,Unknown,Unknown,Unknown EMS Scene Arrival Hour,Unknown EMS Scene Arrival Minutes,Not Applicable (Not Transported),Not Applicable (Not Transported),1,Dark - Unlighted,Rain/Wind/Minor,0,1,[],[],0,0,Valid,0.0,0.0,18.0,18.0,['Male'],0,0,2,3,4,Wet/Standing Water,Straight,Level,Lowest,No
19446,28,Mississippi,280302,0,2,2,0,3,NOT APPLICABLE,July,8,Saturday,1,7,Rural,Medium Speed (Collector),No,31.47414722,-89.69071667,Simple Junction,Dark - Not Lighted,Clear,Unknown,Unknown if Notified,Unknown EMS Scene Arrival Hour,Unknown if Arrived,Not Applicable (Not Transported),Not Applicable (Not Transported),1,Dark - Unlighted,Clear,1,2,['Driver'],['None_Used'],1,1,Valid,0.0,0.0,56.0,50.0,"['Male', 'Male']",0,0,5,4,5,Dry,Straight,Level,Lowest,No
19447,28,Mississippi,280303,0,1,1,0,1,Other,July,8,Saturday,2,0,Urban,Medium Speed (Collector),No,32.38035,-89.96668611,Simple Junction,Dark - Not Lighted,Clear,Unknown,Unknown if Notified,Unknown EMS Scene Arrival Hour,Unknown if Arrived,Not Applicable (Not Transported),Not Applicable (Not Transported),1,Dark - Unlighted,Clear,1,0,['Driver'],['None_Used'],0,0,Valid,0.0,0.0,67.0,67.0,['Female'],0,0,5,4,3,Dry,Straight,Level,Lowest,No
19448,28,Mississippi,280304,0,1,1,0,1,NOT APPLICABLE,July,9,Sunday,7,5,Rural,Low Speed (Local),No,30.4704,-88.84671111,Non-Intersection,Daylight,Clear,Unknown,Unknown,Unknown EMS Scene Arrival Hour,Unknown EMS Scene Arrival Minutes,Not Applicable (Not Transported),Not Applicable (Not Transported),1,Daylight,Clear,1,0,['Driver'],['None_Used'],1,1,Valid,0.0,0.0,45.0,45.0,['Male'],0,0,5,4,3,Dry,Straight,Level,Lowest,No
19449,28,Mississippi,280305,1,2,1,1,1,NOT APPLICABLE,July,8,Saturday,15,38,Rural,High Speed (Arterial),Yes,32.281125,-89.8882,Non-Intersection,Daylight,Clear,Unknown,Unknown if Notified,Unknown EMS Scene Arrival Hour,Unknown if Arrived,Not Applicable (Not Transported),Not Applicable (Not Transported),1,Daylight,Clear,0,1,[],[],1,1,Valid,0.0,1.0,53.0,53.0,['Male'],0,0,3,4,5,Dry,Straight,Level,Lowest,No
19450,28,Mississippi,280306,0,2,2,0,4,NOT APPLICABLE,July,9,Sunday,3,4,Rural,High Speed (Arterial),Yes,34.96305,-89.68888611,Complex/Circle,Dark - Not Lighted,Clear,Unknown,Unknown,Unknown EMS Scene Arrival Hour,Unknown EMS Scene Arrival Minutes,Unknown,Unknown EMS Hospital Arrival Time,1,Dark - Unlighted,Clear,1,3,['Driver'],['Shoulder_Lapbelt'],0,0,Valid,0.0,0.0,36.0,35.0,"['Male', 'Male']",0,0,3,4,5,Dry,Straight,Level,Lowest,No
19451,28,Mississippi,280307,0,2,2,0,2,NOT APPLICABLE,July,9,Sunday,14,55,Rural,Medium Speed (Collector),No,31.59185,-89.785925,Non-Intersection,Daylight,Clear,Unknown,Unknown if Notified,Unknown EMS Scene Arrival Hour,Unknown if Arrived,Not Applicable (Not Transported),Not Applicable (Not Transported),1,Daylight,Clear,1,1,['Driver'],['Shoulder_Lapbelt'],0,0,Valid,0.0,0.0,65.0,35.0,"['Male', 'Male']",0,0,3,4,5,Dry,Curve,Level,Lowest,No
19452,28,Mississippi,280308,0,2,2,0,2,NOT APPLICABLE,July,12,Wednesday,11,11,Rural,High Speed (Arterial),Yes,30.31751389,-89.593725,Non-Intersection,Daylight,Clear,Unknown,Unknown,Unknown EMS Scene Arrival Hour,Unknown EMS Scene Arrival Minutes,Unknown,Unknown EMS Hospital Arrival Time,1,Daylight,Clear,1,1,['Driver'],['Shoulder_Lapbelt'],0,0,Valid,1.0,0.0,51.0,28.0,"['Male', 'Male']",0,0,4,4,5,Dry,Straight,Level,Lowest,No
19453,28,Mississippi,280309,0,1,1,0,1,NOT APPLICABLE,July,13,Thursday,7,54,Rural,Medium Speed (Collector),No,33.23566389,-88.42513889,Non-Intersection,Daylight,Rain,Unknown,Unknown,Unknown EMS Scene Arrival Hour,Unknown EMS Scene Arrival Minutes,Not Applicable (Not Transported),Not Applicable (Not Transported),1,Daylight,Rain/Wind/Minor,1,0,['Driver'],['None_Used'],0,0,Valid,0.0,0.0,33.0,33.0,['Male'],1,0,2,4,3,Wet/Standing Water,Straight,Level,Lowest,No
19454,28,Mississippi,280310,0,2,2,0,2,STARKVILLE,July,13,Thursday,12,15,Urban,High Speed (Arterial),Yes,33.42565278,-88.854025,Non-Intersection,Daylight,Cloudy,Unknown,Unknown,Unknown EMS Scene Arrival Hour,Unknown EMS Scene Arrival Minutes,Unknown,Unknown EMS Hospital Arrival Time,1,Daylight,Reduced Visibility,1,1,['Driver'],['Shoulder_Lapbelt'],1,1,Valid,0.0,0.0,66.0,42.0,"['Female', 'Female']",0,0,3,4,5,Wet/Standing Water,Straight,Level,Lowest,No
19455,28,Mississippi,280311,0,2,2,0,4,NOT APPLICABLE,July,14,Friday,13,43,Rural,High Speed (Arterial),Yes,30.71273889,-89.13482778,Complex/Circle,Daylight,Clear,Unknown,Unknown,Unknown EMS Scene Arrival Hour,Unknown EMS Scene Arrival Minutes,Unknown,Unknown EMS Hospital Arrival Time,1,Daylight,Clear,1,3,['Non_Standard_Risk'],['None_Used'],0,0,Valid,0.0,0.0,55.0,24.0,"['Male', 'Female']",0,0,3,4,5,Dry,Straight,Level,Lowest,No
19456,28,Mississippi,280312,1,1,1,0,1,NOT APPLICABLE,July,15,Saturday,14,20,Urban,High Speed (Arterial),Yes,32.49682778,-90.12270833,Non-Intersection,Reported as Unknown,Reported as Unknown,Unknown,Unknown if Notified,Unknown EMS Scene Arrival Hour,Unknown if Arrived,Not Applicable (Not Transported),Not Applicable (Not Transported),1,Dark - Unlighted,Clear,0,1,[],[],0,0,Invalid,0.0,0.0,999.0,999.0,['Other'],0,0,1,0,4,Dry,Straight,Level,Lowest,No
19457,28,Mississippi,280313,0,2,2,0,2,HATTIESBURG,July,17,Monday,9,30,Urban,High Speed (Arterial),Yes,31.26289444,-89.33949722,Non-Intersection,Daylight,Clear,Unknown,Unknown,Unknown EMS Scene Arrival Hour,Unknown EMS Scene Arrival Minutes,Not Applicable (Not Transported),Not Applicable (Not Transported),1,Daylight,Clear,1,1,['Driver'],['Shoulder_Lapbelt'],0,0,Valid,0.0,0.0,39.0,27.0,"['Male', 'Male']",0,0,4,4,5,Dry,Straight,Level,Lowest,No