,State_Code,State_Name,Crash_ID,Count_Non_Motorists,Count_Vehicles_Total,Count_Vehicle_Forms,Count_PVH_Involved,Count_Occupants_MV,City_Name,Month_Name,Day_of_Month,Day_of_Week,Crash_Hour,Crash_Minute,Area_Rural_Urban,Road_Functional_Class,On_NHS_Road,Latitude,Longitude,Intersection_Type,Light_Condition,Weather_Condition,Notif_Hour,Notif_Minute,Arrival_Hour,Arrival_Minute,Hospital_Hour,Hospital_Minute,Fatalities_Count,Clean_Light_Condition,Clean_Weather_Condition,Total_Killed,Total_Alive,Fatal_Seats_List,Killed_Restraint_List,Any_Driver_Drinking,Total_Drinking_Drivers,Driver_License_Category,Driver_Max_Prev_Accident_Count,Driver_Max_Prev_Speeding_Count,Max_Driver_Age,Min_Driver_Age,Driver_Sex_List,Total_Exceeding_Limit_Vehicles,Total_Too_Fast_Vehicles,Max_Vehicle_Type_Severity_5,Max_Vehicle_Damage_Rank,Max_Harmful_Event_Severity,Crash_Road_Surface_Condition,Crash_Horizontal_Alignment,Crash_Vertical_Profile,Crash_Impairment_Category,Crash_Vehicle_Defect
19458,28,Mississippi,280314,0,3,3,0,5,NOT APPLICABLE,July,6,Thursday,15,56,Rural,High Speed (Arterial),Yes,33.93136667,-89.72612222,Non-Intersection,Daylight,Clear,Unknown,Unknown,Unknown EMS Scene Arrival Hour,Unknown EMS Scene Arrival Minutes,Unknown,Unknown EMS Hospital Arrival Time,1,Daylight,Clear,1,4,['Driver'],['Shoulder_Lapbelt'],0,0,Valid,0.0,1.0,55.0,38.0,"['Male', 'Female', 'Male']",0,0,3,4,5,Dry,Straight,Level,Lowest,No
19459,28,Mississippi,280315,0,2,2,0,4,NOT APPLICABLE,July,9,Sunday,18,0,Rural,Low Speed (Local),No,34.36486667,-90.49495278,Non-Intersection,Daylight,Rain,Unknown,Unknown,Unknown EMS Scene Arrival Hour,Unknown EMS Scene Arrival Minutes,Unknown,Unknown EMS Hospital Arrival Time,1,Daylight,Rain/Wind/Minor,1,3,['Driver'],['Shoulder_Lapbelt'],1,1,Valid,0.0,0.0,64.0,45.0,"['Female', 'Male']",1,0,2,4,5,Wet/Standing Water,Curve,Level,Lowest,No
19460,28,Mississippi,280316,0,2,1,1,1,NOT APPLICABLE,July,15,Saturday,22,0,Urban,Medium Speed (Collector),No,30.50039167,-89.12317778,Non-Intersection,Dark - Not Lighted,Clear,Unknown,Unknown if Notified,Unknown EMS Scene Arrival Hour,Unknown if Arrived,Not Applicable (Not Transported),Not Applicable (Not Transported),1,Dark - Unlighted,Clear,1,0,['Driver'],['Shoulder_Lapbelt'],1,1,Valid,0.0,0.0,45.0,45.0,['Male'],1,0,2,4,3,Dry,Curve,Level,Lowest,No
19461,28,Mississippi,280317,0,2,2,0,3,JACKSON,July,16,Sunday,0,32,Urban,High Speed (Arterial),Yes,32.27290278,-90.28588056,Complex/Circle,Dark - Lighted,Clear,Unknown,Unknown,Unknown EMS Scene Arrival Hour,Unknown EMS Scene Arrival Minutes,Unknown,Unknown EMS Hospital Arrival Time,2,Dark - Lighted,Clear,2,1,"['Driver', 'Front_Passenger']","['Shoulder_Lapbelt', 'Shoulder_Lapbelt']",1,1,Valid,0.0,1.0,46.0,19.0,"['Female', 'Male']",0,0,3,4,5,Dry,Straight,Level,Lowest,No
19462,28,Mississippi,280318,0,2,2,0,2,BILOXI,July,17,Monday,12,34,Urban,High Speed (Arterial),Yes,30.44266389,-88.93729167,Simple Junction,Daylight,Clear,Unknown,Unknown,Unknown EMS Scene Arrival Hour,Unknown EMS Scene Arrival Minutes,Unknown,Unknown EMS Hospital Arrival Time,1,Daylight,Clear,1,1,['Driver'],['None_Used'],0,0,Valid,0.0,0.0,66.0,20.0,"['Female', 'Male']",1,0,5,4,5,Dry,Straight,Level,Lowest,No
19463,28,Mississippi,280319,0,2,2,0,2,NOT APPLICABLE,July,19,Wednesday,13,18,Rural,Medium Speed (Collector),No,32.97661944,-89.37585,Non-Intersection,Daylight,Clear,Unknown,Unknown,Unknown EMS Scene Arrival Hour,Unknown EMS Scene Arrival Minutes,Unknown,Unknown EMS Hospital Arrival Time,1,Daylight,Clear,1,1,['Driver'],['None_Used'],0,0,Invalid,0.0,1.0,31.0,31.0,"['Female', 'Male']",0,0,4,4,5,Dry,Straight,Grade/Hillcrest,Lowest,No
19464,28,Mississippi,280320,0,1,1,0,2,NOT APPLICABLE,July,20,Thursday,13,34,Rural,Low Speed (Local),No,34.13282222,-88.53973889,Non-Intersection,Daylight,Clear,Unknown,Unknown,Unknown EMS Scene Arrival Hour,Unknown EMS Scene Arrival Minutes,Unknown,Unknown EMS Hospital Arrival Time,1,Daylight,Clear,1,1,['Driver'],['None_Used'],0,0,Invalid,0.0,0.0,34.0,34.0,['Male'],2,0,2,4,3,Dry,Curve,Grade/Hillcrest,Lowest,No
19465,28,Mississippi,280321,0,2,2,0,4,NOT APPLICABLE,July,20,Thursday,23,39,Urban,High Speed (Arterial),Yes,33.07296389,-90.87110556,Non-Intersection,Dark - Not Lighted,Cloudy,Unknown,Unknown,Unknown EMS Scene Arrival Hour,Unknown EMS Scene Arrival Minutes,Unknown,Unknown EMS Hospital Arrival Time,3,Dark - Unlighted,Reduced Visibility,3,1,"['Driver', 'Front_Passenger', 'Driver']","['Shoulder_Lapbelt', 'Shoulder_Lapbelt', 'Shoulder_Lapbelt']",0,0,Invalid,0.0,0.0,49.0,44.0,"['Male', 'Female']",0,0,3,4,5,Dry,Straight,Level,Lowest,No
19466,28,Mississippi,280322,1,1,1,0,2,NOT APPLICABLE,July,21,Friday,21,11,Rural,High Speed (Arterial),Yes,33.32254722,-91.11520278,Non-Intersection,Dark - Not Lighted,Clear,Unknown,Unknown,Unknown EMS Scene Arrival Hour,Unknown EMS Scene Arrival Minutes,Not Applicable (Not Transported),Not Applicable (Not Transported),1,Dark - Unlighted,Clear,0,2,[],[],0,0,Invalid,0.0,0.0,53.0,53.0,['Female'],0,0,2,4,4,Dry,Straight,Level,Lowest,No
19467,28,Mississippi,280323,1,3,3,0,3,JACKSON,July,25,Tuesday,2,14,Urban,Medium Speed (Collector),No,32.36390833,-90.15066667,Non-Intersection,Dark - Lighted,Clear,Unknown,Unknown if Notified,Unknown EMS Scene Arrival Hour,Unknown if Arrived,Not Applicable (Not Transported),Not Applicable (Not Transported),1,Dark - Lighted,Clear,0,3,[],[],0,0,Valid,0.0,0.0,999.0,61.0,"['Female', 'Other', 'Other']",0,0,2,3,4,Dry,Straight,Level,Lowest,No
19468,28,Mississippi,280324,0,2,2,0,3,NOT APPLICABLE,April,15,Saturday,16,50,Rural,Low Speed (Local),No,32.28559722,-90.84496111,Non-Intersection,Daylight,Clear,Unknown,Unknown,Unknown EMS Scene Arrival Hour,Unknown EMS Scene Arrival Minutes,Unknown,Unknown EMS Hospital Arrival Time,2,Daylight,Clear,2,1,"['Driver', 'Front_Passenger']","['None_Used', 'None_Used']",1,2,Valid,0.0,1.0,48.0,31.0,"['Male', 'Male']",0,0,3,4,5,Dry,Curve,Grade/Hillcrest,Lowest,No
19469,28,Mississippi,280325,0,1,1,0,4,JACKSON,April,19,Wednesday,16,53,Urban,Medium Speed (Collector),No,32.27951667,-90.22702222,Non-Intersection,Daylight,Clear,Unknown,Unknown,Unknown EMS Scene Arrival Hour,Unknown EMS Scene Arrival Minutes,Unknown,Unknown EMS Hospital Arrival Time,1,Daylight,Clear,1,3,['Driver'],['None_Used'],0,0,Invalid,0.0,0.0,17.0,17.0,['Male'],4,0,2,4,3,Dry,Straight,Grade/Hillcrest,Lowest,No
19470,28,Mississippi,280326,0,1,1,0,1,NOT APPLICABLE,May,7,Sunday,19,23,Rural,Medium Speed (Collector),No,32.19586944,-89.16138056,Non-Intersection,Dark - Not Lighted,Rain,Unknown,Unknown if Notified,Unknown EMS Scene Arrival Hour,Unknown if Arrived,Not Applicable (Not Transported),Not Applicable (Not Transported),1,Dark - Unlighted,Rain/Wind/Minor,1,0,['Driver'],['None_Used'],0,0,Invalid,0.0,0.0,36.0,36.0,['Male'],1,0,3,4,3,Wet/Standing Water,Curve,Grade/Hillcrest,Lowest,No
19471,28,Mississippi,280327,1,1,1,0,1,NOT APPLICABLE,May,24,Wednesday,0,51,Rural,High Speed (Arterial),Yes,30.777,-89.52085,Non-Intersection,Dark - Not Lighted,Clear,Unknown,Unknown,Unknown EMS Scene Arrival Hour,Unknown EMS Scene Arrival Minutes,Not Applicable (Not Transported),Not Applicable (Not Transported),1,Dark - Unlighted,Clear,0,1,[],[],0,0,Invalid,0.0,0.0,999.0,999.0,['Other'],0,0,1,3,4,Dry,Straight,Level,Lowest,No
19472,28,Mississippi,280328,0,2,2,0,3,NOT APPLICABLE,May,26,Friday,16,45,Rural,High Speed (Arterial),Yes,32.834825,-90.38396111,Simple Junction,Daylight,Clear,Unknown,Unknown,Unknown EMS Scene Arrival Hour,Unknown EMS Scene Arrival Minutes,Unknown,Unknown EMS Hospital Arrival Time,2,Daylight,Clear,2,1,"['Driver', 'Front_Passenger']","['None_Used', 'None_Used']",0,0,Valid,0.0,0.0,82.0,34.0,"['Female', 'Female']",0,0,3,4,5,Dry,Straight,Level,Lowest,No
19473,28,Mississippi,280329,0,2,2,0,3,NOT APPLICABLE,May,26,Friday,16,55,Rural,Medium Speed (Collector),No,30.51015556,-88.7825,Complex/Circle,Daylight,Clear,Unknown,Unknown if Notified,Unknown EMS Scene Arrival Hour,Unknown if Arrived,Not Applicable (Not Transported),Not Applicable (Not Transported),1,Daylight,Clear,1,2,['Driver'],['Shoulder_Lapbelt'],0,0,Valid,0.0,3.0,56.0,50.0,"['Female', 'Male']",1,0,3,4,5,Dry,Straight,Level,Lowest,No
19474,28,Mississippi,280330,0,1,1,0,1,NOT APPLICABLE,June,7,Wednesday,23,24,Rural,Medium Speed (Collector),No,33.59613611,-89.06968056,Simple Junction,Dark - Not Lighted,Clear,Unknown,Unknown,Unknown EMS Scene Arrival Hour,Unknown EMS Scene Arrival Minutes,Unknown,Unknown EMS Hospital Arrival Time,1,Dark - Unlighted,Clear,1,0,['Driver'],['Shoulder_Lapbelt'],0,0,Valid,0.0,0.0,82.0,82.0,['Male'],0,0,3,4,3,Dry,Straight,Level,Lowest,No
19475,28,Mississippi,280331,0,1,1,0,1,NOT APPLICABLE,June,22,Thursday,16,49,Rural,Medium Speed (Collector),No,32.279325,-90.86870556,Non-Intersection,Daylight,Clear,Unknown,Unknown if Notified,Unknown EMS Scene Arrival Hour,Unknown if Arrived,Not Applicable (Not Transported),Not Applicable (Not Transported),1,Daylight,Clear,1,0,['Driver'],['None_Used'],0,0,Valid,0.0,0.0,65.0,65.0,['Female'],0,0,2,4,3,Dry,Straight,Level,Lowest,No
19476,28,Mississippi,280332,0,2,2,0,2,NOT APPLICABLE,June,30,Friday,5,55,Rural,Medium Speed (Collector),No,33.60722778,-88.59692222,Complex/Circle,Dawn,Clear,Unknown,Unknown,Unknown EMS Scene Arrival Hour,Unknown EMS Scene Arrival Minutes,Unknown,Unknown EMS Hospital Arrival Time,1,Twilight,Clear,1,1,['Driver'],['None_Used'],0,0,Invalid,0.0,1.0,40.0,23.0,"['Male', 'Female']",0,0,3,4,5,Dry,Straight,Grade/Hillcrest,Lowest,No
19477,28,Mississippi,280333,1,2,2,0,3,Other,July,24,Monday,23,20,Urban,High Speed (Arterial),Yes,31.31369722,-89.35265278,Non-Intersection,Dark - Not Lighted,Clear,Unknown,Unknown if Notified,Unknown EMS Scene Arrival Hour,Unknown if Arrived,Not Applicable (Not Transported),Not Applicable (Not Transported),1,Dark - Unlighted,Clear,0,3,[],[],0,0,Invalid,0.0,0.0,999.0,24.0,"['Other', 'Female']",0,0,2,2,4,Dry,Straight,Level,Lowest,No
19478,28,Mississippi,280334,0,3,2,1,2,NOT APPLICABLE,July,26,Wednesday,21,17,Urban,High Speed (Arterial),Yes,33.49515278,-88.42815833,Complex/Circle,Dark - Lighted,Clear,Unknown,Unknown,Unknown EMS Scene Arrival Hour,Unknown EMS Scene Arrival Minutes,Unknown,Unknown EMS Hospital Arrival Time,1,Dark - Lighted,Clear,1,1,['Driver'],['None_Used'],0,0,Valid,0.0,1.0,26.0,22.0,"['Male', 'Male']",1,0,3,4,5,Dry,Straight,Level,Lowest,No
19479,28,Mississippi,280335,0,2,2,0,2,NOT APPLICABLE,July,27,Thursday,16,6,Rural,Medium Speed (Collector),No,33.76499444,-89.70399444,Non-Intersection,Daylight,Clear,Unknown,Unknown,Unknown EMS Scene Arrival Hour,Unknown EMS Scene Arrival Minutes,Not Applicable (Not Transported),Not Applicable (Not Transported),1,Daylight,Clear,1,1,['Driver'],['Shoulder_Lapbelt'],0,0,Valid,0.0,0.0,56.0,37.0,"['Male', 'Female']",1,0,3,4,5,Dry,Straight,Level,Lowest,No
19480,28,Mississippi,280336,0,1,1,0,1,NOT APPLICABLE,July,28,Friday,17,13,Rural,High Speed (Arterial),Yes,30.87498333,-88.6173,Non-Intersection,Daylight,Clear,Unknown,Unknown,Unknown EMS Scene Arrival Hour,Unknown EMS Scene Arrival Minutes,Unknown,Unknown EMS Hospital Arrival Time,1,Daylight,Clear,1,0,['Driver'],['None_Used'],0,0,Valid,0.0,0.0,86.0,86.0,['Male'],0,0,3,4,2,Dry,Straight,Level,Medium,No
19481,28,Mississippi,280337,0,1,1,0,1,VICKSBURG,July,30,Sunday,1,31,Urban,Low Speed (Local),No,32.34974167,-90.87355833,Non-Intersection,Dark - Lighted,Clear,Unknown,Unknown if Notified,Unknown EMS Scene Arrival Hour,Unknown if Arrived,Not Applicable (Not Transported),Not Applicable (Not Transported),1,Dark - Lighted,Clear,1,0,['Driver'],['Shoulder_Lapbelt'],0,0,Invalid,0.0,0.0,20.0,20.0,['Male'],0,0,2,4,3,Dry,Straight,Grade/Hillcrest,Lowest,No
19482,28,Mississippi,280338,0,1,1,0,1,NOT APPLICABLE,March,21,Tuesday,14,28,Rural,High Speed (Arterial),Yes,31.12670278,-89.37334444,Non-Intersection,Daylight,Clear,2:00pm-2:59pm,28,2:00pm-2:59pm,58,3:00pm-3:59pm,15,1,Daylight,Clear,1,0,['Driver'],['None_Used'],0,0,Invalid,0.0,0.0,63.0,63.0,['Male'],0,0,5,4,3,Dry,Straight,Level,Lowest,No
19483,28,Mississippi,280339,0,2,2,0,3,CORINTH,April,17,Monday,11,35,Urban,High Speed (Arterial),Yes,34.93101667,-88.54886944,Non-Intersection,Daylight,Clear,Unknown,Unknown,Unknown EMS Scene Arrival Hour,Unknown EMS Scene Arrival Minutes,Unknown,Unknown EMS Hospital Arrival Time,1,Daylight,Clear,1,2,['Driver'],['Shoulder_Lapbelt'],0,0,Valid,0.0,0.0,82.0,80.0,"['Male', 'Male']",0,0,3,4,5,Dry,Straight,Level,Lowest,No
19484,28,Mississippi,280340,0,2,2,0,2,NOT APPLICABLE,May,6,Saturday,7,12,Rural,Medium Speed (Collector),No,30.66259722,-89.63763333,Non-Intersection,Daylight,Cloudy,Unknown,Unknown,Unknown EMS Scene Arrival Hour,Unknown EMS Scene Arrival Minutes,Unknown,Unknown EMS Hospital Arrival Time,1,Daylight,Reduced Visibility,1,1,['Driver'],['Shoulder_Lapbelt'],0,0,Valid,0.0,0.0,59.0,41.0,"['Male', 'Female']",0,0,3,4,5,Dry,Straight,Grade/Hillcrest,Lowest,No
19485,28,Mississippi,280342,0,2,2,0,2,NOT APPLICABLE,May,11,Thursday,5,33,Rural,Medium Speed (Collector),No,34.23629167,-89.04665833,Non-Intersection,Dawn,Clear,Unknown,Unknown,Unknown EMS Scene Arrival Hour,Unknown EMS Scene Arrival Minutes,Unknown,Unknown EMS Hospital Arrival Time,1,Twilight,Clear,1,1,['Driver'],['Shoulder_Lapbelt'],0,0,Valid,0.0,0.0,88.0,60.0,"['Female', 'Male']",0,0,3,4,5,Dry,Straight,Grade/Hillcrest,Lowest,No
19486,28,Mississippi,280343,0,1,1,0,1,SEBASTOPOL,July,3,Monday,1,45,Rural,Medium Speed (Collector),No,32.56334167,-89.32283889,Non-Intersection,Dark - Unknown Lighting,Clear,Unknown,Unknown,Unknown EMS Scene Arrival Hour,Unknown EMS Scene Arrival Minutes,Not Applicable (Not Transported),Not Applicable (Not Transported),1,Dark - Unlighted,Clear,1,0,['Driver'],['Shoulder_Lapbelt'],0,0,Valid,0.0,0.0,20.0,20.0,['Male'],0,0,3,4,3,Dry,Curve,Level,Lowest,No
19487,28,Mississippi,280344,1,1,1,0,1,JACKSON,July,19,Wednesday,22,25,Urban,High Speed (Arterial),Yes,32.26820278,-90.324375,Non-Intersection,Dark - Not Lighted,Clear,Unknown,Unknown if Notified,Unknown EMS Scene Arrival Hour,Unknown if Arrived,Not Applicable (Not Transported),Not Applicable (Not Transported),1,Dark - Unlighted,Clear,0,1,[],[],0,0,Valid,0.0,0.0,62.0,62.0,['Male'],0,0,3,2,4,Dry,Straight,Level,Lowest,No
19488,28,Mississippi,280345,0,2,2,0,2,NOT APPLICABLE,July,25,Tuesday,18,14,Urban,High Speed (Arterial),Yes,30.45405833,-88.84595278,Non-Intersection,Daylight,Clear,Unknown,Unknown if Notified,Unknown EMS Scene Arrival Hour,Unknown if Arrived,Not Applicable (Not Transported),Not Applicable (Not Transported),1,Daylight,Clear,1,1,['Driver'],['None_Used'],1,1,Valid,0.0,0.0,53.0,25.0,"['Female', 'Male']",1,0,5,4,5,Dry,Straight,Level,Lowest,No
19489,28,Mississippi,280346,0,2,2,0,2,NOT APPLICABLE,July,28,Friday,6,24,Urban,Medium Speed (Collector),No,30.38393611,-89.46759722,Non-Intersection,Dawn,Clear,Unknown,Unknown if Notified,Unknown EMS Scene Arrival Hour,Unknown if Arrived,Not Applicable (Not Transported),Not Applicable (Not Transported),2,Twilight,Clear,2,0,"['Driver', 'Driver']","['None_Used', 'Shoulder_Lapbelt']",0,0,Valid,0.0,1.0,47.0,35.0,"['Male', 'Female']",0,0,2,4,5,Dry,Straight,Level,Lowest,No
19490,28,Mississippi,280347,0,1,1,0,1,NOT APPLICABLE,July,23,Sunday,22,45,Rural,Low Speed (Local),No,31.88818889,-90.82009444,Non-Intersection,Dark - Not Lighted,Clear,Unknown,Unknown if Notified,Unknown EMS Scene Arrival Hour,Unknown if Arrived,Not Applicable (Not Transported),Not Applicable (Not Transported),1,Dark - Unlighted,Clear,1,0,['Driver'],['Shoulder_Lapbelt'],0,0,Valid,0.0,0.0,27.0,27.0,['Female'],0,0,2,4,3,Dry,Curve,Level,Lowest,No
19491,28,Mississippi,280348,0,2,2,0,3,NOT APPLICABLE,July,24,Monday,21,19,Urban,High Speed (Arterial),Yes,31.24603611,-89.26266944,Simple Junction,Dark - Not Lighted,Clear,Unknown,Unknown,Unknown EMS Scene Arrival Hour,Unknown EMS Scene Arrival Minutes,Unknown,Unknown EMS Hospital Arrival Time,1,Dark - Unlighted,Clear,1,2,['Driver'],['Shoulder_Lapbelt'],0,0,Valid,0.0,0.0,50.0,43.0,"['Male', 'Male']",0,0,3,4,5,Dry,Straight,Level,Lowest,No
19492,28,Mississippi,280349,0,1,1,0,1,NOT APPLICABLE,August,1,Tuesday,16,40,Rural,Medium Speed (Collector),No,31.41103056,-89.08242778,Non-Intersection,Daylight,Clear,Unknown,Unknown if Notified,Unknown EMS Scene Arrival Hour,Unknown if Arrived,Not Applicable (Not Transported),Not Applicable (Not Transported),1,Daylight,Clear,1,0,['Driver'],['None_Used'],0,0,Valid,0.0,0.0,34.0,34.0,['Male'],0,0,3,4,3,Dry,Straight,Level,Lowest,No
19493,28,Mississippi,280350,0,1,1,0,1,NOT APPLICABLE,August,2,Wednesday,7,45,Rural,Medium Speed (Collector),No,33.64461667,-88.29893056,Non-Intersection,Daylight,Clear,Unknown,Unknown if Notified,Unknown EMS Scene Arrival Hour,Unknown if Arrived,Not Applicable (Not Transported),Not Applicable (Not Transported),1,Daylight,Clear,1,0,['Driver'],['None_Used'],0,0,Valid,0.0,0.0,54.0,54.0,['Female'],0,0,3,4,3,Dry,Straight,Level,Lowest,No
19494,28,Mississippi,280351,0,1,1,0,1,NOT APPLICABLE,August,2,Wednesday,13,26,Rural,High Speed (Arterial),Yes,31.01897222,-90.50229167,Non-Intersection,Daylight,Clear,Unknown,Unknown if Notified,Unknown EMS Scene Arrival Hour,Unknown if Arrived,Not Applicable (Not Transported),Not Applicable (Not Transported),1,Daylight,Clear,1,0,['Driver'],['None_Used'],0,0,Valid,0.0,0.0,62.0,62.0,['Male'],0,0,3,4,3,Dry,Straight,Level,Lowest,No
19495,28,Mississippi,280352,0,2,2,0,2,NOT APPLICABLE,August,2,Wednesday,17,8,Rural,Medium Speed (Collector),No,33.00006389,-89.99019722,Non-Intersection,Daylight,Clear,Unknown,Unknown,Unknown EMS Scene Arrival Hour,Unknown EMS Scene Arrival Minutes,Not Applicable (Not Transported),Not Applicable (Not Transported),2,Daylight,Clear,2,0,"['Driver', 'Driver']","['Shoulder_Lapbelt', 'Shoulder_Lapbelt']",0,0,Valid,0.0,1.0,31.0,21.0,"['Female', 'Female']",0,0,3,4,5,Dry,Straight,Grade/Hillcrest,Lowest,No
19496,28,Mississippi,280353,0,1,1,0,1,NOT APPLICABLE,August,4,Friday,6,55,Rural,Medium Speed (Collector),No,34.40266667,-89.42177222,Non-Intersection,Daylight,Clear,Unknown,Unknown if Notified,Unknown EMS Scene Arrival Hour,Unknown if Arrived,Not Applicable (Not Transported),Not Applicable (Not Transported),1,Daylight,Clear,1,0,['Driver'],['None_Used'],0,0,Invalid,0.0,0.0,36.0,36.0,['Male'],0,0,2,4,3,Dry,Curve,Level,Lowest,No
19497,28,Mississippi,280354,0,2,2,0,3,NOT APPLICABLE,August,4,Friday,19,46,Rural,Medium Speed (Collector),No,32.46821944,-88.52832222,Non-Intersection,Dark - Lighted,Clear,Unknown,Unknown,Unknown EMS Scene Arrival Hour,Unknown EMS Scene Arrival Minutes,Unknown,Unknown EMS Hospital Arrival Time,1,Dark - Lighted,Clear,1,2,['Driver'],['Shoulder_Lapbelt'],1,1,Valid,0.0,0.0,36.0,22.0,"['Male', 'Male']",1,0,3,4,5,Dry,Straight,Level,Lowest,No
19498,28,Mississippi,280355,1,1,1,0,1,NOT APPLICABLE,August,5,Saturday,7,28,Urban,High Speed (Arterial),Yes,33.47297222,-90.20953333,Non-Intersection,Daylight,Clear,Unknown,Unknown,Unknown EMS Scene Arrival Hour,Unknown EMS Scene Arrival Minutes,Unknown,Unknown EMS Hospital Arrival Time,1,Daylight,Clear,0,1,[],[],0,0,Valid,0.0,1.0,40.0,40.0,['Male'],1,0,2,4,4,Dry,Curve,Level,Lowest,No
19499,28,Mississippi,280356,0,2,2,0,5,NOT APPLICABLE,August,6,Sunday,12,14,Rural,Medium Speed (Collector),No,31.09414167,-91.04158889,Complex/Circle,Daylight,Clear,Unknown,Unknown,Unknown EMS Scene Arrival Hour,Unknown EMS Scene Arrival Minutes,Unknown,Unknown EMS Hospital Arrival Time,1,Daylight,Clear,1,4,['Driver'],['Shoulder_Lapbelt'],0,0,Valid,0.0,1.0,62.0,22.0,"['Male', 'Male']",0,0,4,4,3,Dry,Straight,Level,Lowest,No
19500,28,Mississippi,280358,0,1,1,0,2,NOT APPLICABLE,August,6,Sunday,14,18,Rural,Medium Speed (Collector),No,33.57659167,-88.46564722,Non-Intersection,Daylight,Clear,Unknown,Unknown if Notified,Unknown EMS Scene Arrival Hour,Unknown if Arrived,Not Applicable (Not Transported),Not Applicable (Not Transported),2,Daylight,Clear,2,0,"['Driver', 'Front_Passenger']","['Shoulder_Lapbelt', 'Shoulder_Lapbelt']",0,0,Valid,0.0,0.0,43.0,43.0,['Male'],0,0,3,4,3,Dry,Straight,Level,Lowest,No
19501,28,Mississippi,280359,0,2,2,0,3,NOT APPLICABLE,August,7,Monday,6,42,Rural,High Speed (Arterial),Yes,30.71271111,-89.13485833,Complex/Circle,Daylight,Clear,Unknown,Unknown,Unknown EMS Scene Arrival Hour,Unknown EMS Scene Arrival Minutes,Unknown,Unknown EMS Hospital Arrival Time,1,Daylight,Clear,1,2,['Front_Passenger'],['Shoulder_Lapbelt'],0,0,Valid,0.0,0.0,46.0,45.0,"['Male', 'Female']",0,0,3,4,5,Dry,Straight,Level,Lowest,No
19502,28,Mississippi,280360,0,2,2,0,3,NOT APPLICABLE,August,7,Monday,10,1,Rural,Medium Speed (Collector),No,31.71898611,-89.70406667,Non-Intersection,Daylight,Clear,Unknown,Unknown,Unknown EMS Scene Arrival Hour,Unknown EMS Scene Arrival Minutes,Unknown,Unknown EMS Hospital Arrival Time,3,Daylight,Clear,3,0,"['Driver', 'Front_Passenger', 'Driver']","['Shoulder_Lapbelt', 'Shoulder_Lapbelt', 'Shoulder_Lapbelt']",0,0,Valid,0.0,0.0,66.0,61.0,"['Male', 'Male']",0,0,2,4,5,Dry,Straight,Level,Lowest,No
19503,28,Mississippi,280361,1,1,1,0,1,JACKSON,August,8,Tuesday,0,40,Urban,High Speed (Arterial),Yes,32.317675,-90.22145833,Non-Intersection,Dark - Lighted,Clear,Unknown,Unknown,Unknown EMS Scene Arrival Hour,Unknown EMS Scene Arrival Minutes,Not Applicable (Not Transported),Not Applicable (Not Transported),1,Dark - Lighted,Clear,0,1,[],[],0,0,Invalid,0.0,0.0,999.0,999.0,['Other'],0,0,1,0,4,Dry,Straight,Level,Lowest,No
19504,28,Mississippi,280362,0,1,1,0,1,NOT APPLICABLE,August,8,Tuesday,14,14,Rural,Medium Speed (Collector),No,34.66058611,-89.18300278,Non-Intersection,Daylight,Clear,Unknown,Unknown if Notified,Unknown EMS Scene Arrival Hour,Unknown if Arrived,Not Applicable (Not Transported),Not Applicable (Not Transported),1,Daylight,Clear,1,0,['Driver'],['Shoulder_Lapbelt'],0,0,Valid,0.0,4.0,23.0,23.0,['Male'],0,0,2,4,3,Dry,Curve,Grade/Hillcrest,Lowest,No
19505,28,Mississippi,280363,0,1,1,0,1,NOT APPLICABLE,August,9,Wednesday,8,10,Rural,Low Speed (Local),No,34.84699444,-88.47158333,Non-Intersection,Daylight,Cloudy,Unknown,Unknown,Unknown EMS Scene Arrival Hour,Unknown EMS Scene Arrival Minutes,Unknown,Unknown EMS Hospital Arrival Time,1,Daylight,Reduced Visibility,1,0,['Driver'],['None_Used'],0,0,Valid,0.0,0.0,48.0,48.0,['Female'],0,0,3,4,3,Dry,Straight,Level,Lowest,No
19506,28,Mississippi,280364,1,1,1,0,3,NOT APPLICABLE,August,12,Saturday,0,35,Urban,Low Speed (Local),No,33.49230833,-90.33541111,Non-Intersection,Dark - Not Lighted,Clear,Unknown,Unknown if Notified,Unknown EMS Scene Arrival Hour,Unknown if Arrived,Not Applicable (Not Transported),Not Applicable (Not Transported),1,Dark - Unlighted,Clear,0,3,[],[],1,1,Invalid,0.0,0.0,37.0,37.0,['Female'],0,0,3,3,4,Dry,Straight,Level,Lowest,No
19507,28,Mississippi,280365,1,1,1,0,2,NOT APPLICABLE,August,13,Sunday,0,41,Rural,High Speed (Arterial),Yes,34.52735,-89.079975,Non-Intersection,Dark - Not Lighted,Clear,Unknown,Unknown if Notified,Unknown EMS Scene Arrival Hour,Unknown if Arrived,Not Applicable (Not Transported),Not Applicable (Not Transported),1,Dark - Unlighted,Clear,0,2,[],[],0,0,Valid,0.0,0.0,18.0,18.0,['Male'],0,0,3,4,4,Dry,Straight,Level,Lowest,No