,State_Code,State_Name,Crash_ID,Count_Non_Motorists,Count_Vehicles_Total,Count_Vehicle_Forms,Count_PVH_Involved,Count_Occupants_MV,City_Name,Month_Name,Day_of_Month,Day_of_Week,Crash_Hour,Crash_Minute,Area_Rural_Urban,Road_Functional_Class,On_NHS_Road,Latitude,Longitude,Intersection_Type,Light_Condition,Weather_Condition,Notif_Hour,Notif_Minute,Arrival_Hour,Arrival_Minute,Hospital_Hour,Hospital_Minute,Fatalities_Count,Clean_Light_Condition,Clean_Weather_Condition,Total_Killed,Total_Alive,Fatal_Seats_List,Killed_Restraint_List,Any_Driver_Drinking,Total_Drinking_Drivers,Driver_License_Category,Driver_Max_Prev_Accident_Count,Driver_Max_Prev_Speeding_Count,Max_Driver_Age,Min_Driver_Age,Driver_Sex_List,Total_Exceeding_Limit_Vehicles,Total_Too_Fast_Vehicles,Max_Vehicle_Type_Severity_5,Max_Vehicle_Damage_Rank,Max_Harmful_Event_Severity,Crash_Road_Surface_Condition,Crash_Horizontal_Alignment,Crash_Vertical_Profile,Crash_Impairment_Category,Crash_Vehicle_Defect
19508,28,Mississippi,280366,0,1,1,0,1,NOT APPLICABLE,August,5,Saturday,1,41,Rural,Medium Speed (Collector),No,34.46895,-90.05704444,Non-Intersection,Dark - Not Lighted,Clear,Unknown,Unknown,Unknown EMS Scene Arrival Hour,Unknown EMS Scene Arrival Minutes,Unknown,Unknown EMS Hospital Arrival Time,1,Dark - Unlighted,Clear,1,0,['Driver'],['Shoulder_Lapbelt'],1,1,Invalid,0.0,0.0,39.0,39.0,['Male'],0,0,3,4,3,Dry,Straight,Level,Lowest,No
19509,28,Mississippi,280367,0,1,1,0,1,NOT APPLICABLE,July,26,Wednesday,15,10,Rural,Medium Speed (Collector),No,32.36194167,-89.32999167,Non-Intersection,Daylight,Clear,Unknown,Unknown,Unknown EMS Scene Arrival Hour,Unknown EMS Scene Arrival Minutes,Unknown,Unknown EMS Hospital Arrival Time,1,Daylight,Clear,1,0,['Driver'],['None_Used'],0,0,Valid,0.0,0.0,73.0,73.0,['Male'],0,0,3,4,3,Dry,Curve,Grade/Hillcrest,Lowest,No
19510,28,Mississippi,280368,0,2,2,0,2,NOT APPLICABLE,August,12,Saturday,12,40,Rural,Medium Speed (Collector),No,31.61365278,-90.50705,Simple Junction,Daylight,Clear,Unknown,Unknown,Unknown EMS Scene Arrival Hour,Unknown EMS Scene Arrival Minutes,Unknown,Unknown EMS Hospital Arrival Time,1,Daylight,Clear,1,1,['Driver'],['None_Used'],0,0,Valid,0.0,0.0,80.0,50.0,"['Male', 'Male']",0,0,5,4,5,Dry,Straight,Level,Lowest,No
19511,28,Mississippi,280369,0,1,1,0,2,NOT APPLICABLE,August,12,Saturday,15,31,Rural,High Speed (Arterial),Yes,31.69643611,-90.45166667,Non-Intersection,Daylight,Clear,Unknown,Unknown,Unknown EMS Scene Arrival Hour,Unknown EMS Scene Arrival Minutes,Unknown,Unknown EMS Hospital Arrival Time,1,Daylight,Clear,1,1,['Driver'],['Shoulder_Lapbelt'],0,0,Invalid,0.0,0.0,18.0,18.0,['Female'],0,0,3,4,3,Dry,Straight,Level,Lowest,No
19512,28,Mississippi,280370,0,1,1,0,1,HATTIESBURG,August,12,Saturday,20,52,Urban,High Speed (Arterial),Yes,31.18935278,-89.25280833,Non-Intersection,Dark - Not Lighted,Clear,Unknown,Unknown,Unknown EMS Scene Arrival Hour,Unknown EMS Scene Arrival Minutes,Unknown,Unknown EMS Hospital Arrival Time,1,Dark - Unlighted,Clear,1,0,['Driver'],['None_Used'],1,1,Valid,0.0,0.0,46.0,46.0,['Male'],0,0,5,4,2,Dry,Straight,Grade/Hillcrest,Lowest,No
19513,28,Mississippi,280371,0,2,2,0,4,SOUTHAVEN,August,13,Sunday,2,16,Urban,High Speed (Arterial),Yes,34.96561944,-89.999875,Non-Intersection,Dark - Lighted,Clear,Unknown,Unknown,Unknown EMS Scene Arrival Hour,Unknown EMS Scene Arrival Minutes,Unknown,Unknown EMS Hospital Arrival Time,2,Dark - Lighted,Clear,2,2,"['Rear_Seat', 'Driver']","['Shoulder_Lapbelt', 'Shoulder_Lapbelt']",0,0,Valid,1.0,0.0,48.0,22.0,"['Male', 'Male']",0,0,3,4,5,Dry,Straight,Level,Lowest,No
19514,28,Mississippi,280372,0,1,1,0,1,NOT APPLICABLE,August,13,Sunday,21,48,Rural,Medium Speed (Collector),No,31.54088611,-91.07360833,Non-Intersection,Dark - Not Lighted,Clear,Unknown,Unknown,Unknown EMS Scene Arrival Hour,Unknown EMS Scene Arrival Minutes,Unknown,Unknown EMS Hospital Arrival Time,1,Dark - Unlighted,Clear,1,0,['Driver'],['None_Used'],0,0,Valid,0.0,0.0,66.0,66.0,['Male'],0,0,3,4,3,Dry,Straight,Level,Lowest,No
19515,28,Mississippi,280373,0,3,3,0,3,NOT APPLICABLE,August,14,Monday,9,18,Urban,High Speed (Arterial),Yes,30.40348611,-89.27886389,Non-Intersection,Daylight,Clear,Unknown,Unknown,Unknown EMS Scene Arrival Hour,Unknown EMS Scene Arrival Minutes,Unknown,Unknown EMS Hospital Arrival Time,1,Daylight,Clear,1,2,['Driver'],['Shoulder_Lapbelt'],0,0,Invalid,0.0,1.0,61.0,24.0,"['Male', 'Male', 'Male']",1,0,4,4,5,Dry,Straight,Level,Lowest,No
19516,28,Mississippi,280374,0,1,1,0,4,NOT APPLICABLE,August,14,Monday,14,35,Rural,High Speed (Arterial),Yes,32.24993056,-88.82473056,Non-Intersection,Daylight,Clear,Unknown,Unknown,Unknown EMS Scene Arrival Hour,Unknown EMS Scene Arrival Minutes,Unknown,Unknown EMS Hospital Arrival Time,1,Daylight,Clear,1,3,['Front_Passenger'],['Shoulder_Lapbelt'],0,0,Invalid,0.0,0.0,31.0,31.0,['Male'],0,0,3,4,3,Dry,Straight,Level,Lowest,No
19517,28,Mississippi,280375,1,2,2,0,6,NOT APPLICABLE,August,15,Tuesday,15,29,Urban,High Speed (Arterial),Yes,32.27673889,-90.17649167,Non-Intersection,Daylight,Clear,Unknown,Unknown,Unknown EMS Scene Arrival Hour,Unknown EMS Scene Arrival Minutes,Unknown,Unknown EMS Hospital Arrival Time,1,Daylight,Clear,0,6,[],[],0,0,Valid,0.0,0.0,57.0,33.0,"['Female', 'Male']",0,0,3,2,2,Dry,Curve,Grade/Hillcrest,Lowest,No
19518,28,Mississippi,280376,1,1,1,0,1,NOT APPLICABLE,August,5,Saturday,18,8,Rural,High Speed (Arterial),Yes,32.72116667,-90.04773889,Non-Intersection,Daylight,Clear,Unknown,Unknown if Notified,Unknown EMS Scene Arrival Hour,Unknown if Arrived,Not Applicable (Not Transported),Not Applicable (Not Transported),1,Daylight,Clear,0,1,[],[],0,0,Invalid,0.0,0.0,999.0,999.0,['Other'],0,0,1,0,4,Dry,Straight,Level,Lowest,No
19519,28,Mississippi,280377,0,1,1,0,2,BOYLE,August,11,Friday,1,23,Urban,Medium Speed (Collector),No,33.70391111,-90.71941944,Complex/Circle,Dark - Lighted,Clear,Unknown,Unknown,Unknown EMS Scene Arrival Hour,Unknown EMS Scene Arrival Minutes,Not Applicable (Not Transported),Not Applicable (Not Transported),2,Dark - Lighted,Clear,2,0,"['Driver', 'Front_Passenger']","['Shoulder_Lapbelt', 'Shoulder_Lapbelt']",0,0,Valid,0.0,0.0,25.0,25.0,['Male'],2,0,2,4,3,Dry,Straight,Level,Lowest,No
19520,28,Mississippi,280378,0,1,1,0,1,NOT APPLICABLE,August,12,Saturday,2,41,Rural,Medium Speed (Collector),No,31.08831667,-91.26104167,Non-Intersection,Dark - Not Lighted,Clear,Unknown,Unknown,Unknown EMS Scene Arrival Hour,Unknown EMS Scene Arrival Minutes,Unknown,Unknown EMS Hospital Arrival Time,1,Dark - Unlighted,Clear,1,0,['Driver'],['None_Used'],1,1,Valid,0.0,0.0,24.0,24.0,['Male'],0,0,2,4,3,Dry,Straight,Level,Lowest,No
19521,28,Mississippi,280379,0,1,1,0,1,NOT APPLICABLE,August,13,Sunday,7,21,Rural,Medium Speed (Collector),No,32.02903889,-90.65178611,Non-Intersection,Dark - Not Lighted,Clear,Unknown,Unknown if Notified,Unknown EMS Scene Arrival Hour,Unknown if Arrived,Not Applicable (Not Transported),Not Applicable (Not Transported),1,Dark - Unlighted,Clear,1,0,['Driver'],['None_Used'],0,0,Valid,0.0,0.0,39.0,39.0,['Male'],0,0,2,4,3,Dry,Curve,Level,Lowest,No
19522,28,Mississippi,280380,0,2,2,0,4,NOT APPLICABLE,August,14,Monday,17,32,Rural,Low Speed (Local),No,32.51502778,-89.41965278,Non-Intersection,Daylight,Clear,Unknown,Unknown,Unknown EMS Scene Arrival Hour,Unknown EMS Scene Arrival Minutes,Unknown,Unknown EMS Hospital Arrival Time,1,Daylight,Clear,1,3,['Rear_Seat'],['Shoulder_Lapbelt'],0,0,Valid,0.0,0.0,74.0,19.0,"['Female', 'Female']",0,0,3,4,5,Dry,Curve,Level,Lowest,No
19523,28,Mississippi,280381,0,2,2,0,3,NOT APPLICABLE,August,15,Tuesday,16,13,Rural,Medium Speed (Collector),No,30.85005,-89.26979167,Non-Intersection,Daylight,Rain,Unknown,Unknown,Unknown EMS Scene Arrival Hour,Unknown EMS Scene Arrival Minutes,Unknown,Unknown EMS Hospital Arrival Time,2,Daylight,Rain/Wind/Minor,2,1,"['Front_Passenger', 'Driver']","['None_Used', 'None_Used']",0,0,Invalid,0.0,0.0,60.0,19.0,"['Male', 'Female']",2,0,2,4,5,Wet/Standing Water,Straight,Level,Lowest,No
19524,28,Mississippi,280382,0,2,2,0,2,NOT APPLICABLE,August,18,Friday,17,23,Rural,Low Speed (Local),No,30.54084722,-89.54645556,Non-Intersection,Daylight,Clear,Unknown,Unknown if Notified,Unknown EMS Scene Arrival Hour,Unknown if Arrived,Not Applicable (Not Transported),Not Applicable (Not Transported),1,Daylight,Clear,1,1,['Driver'],['None_Used'],0,0,Valid,0.0,0.0,52.0,40.0,"['Male', 'Female']",0,0,5,4,5,Dry,Curve,Level,Lowest,No
19525,28,Mississippi,280383,0,2,2,0,4,NEW ALBANY,August,18,Friday,17,48,Urban,Medium Speed (Collector),No,34.48041389,-89.01644167,Simple Junction,Daylight,Clear,Unknown,Unknown,Unknown EMS Scene Arrival Hour,Unknown EMS Scene Arrival Minutes,Unknown,Unknown EMS Hospital Arrival Time,1,Daylight,Clear,1,3,['Rear_Seat'],['Shoulder_Lapbelt'],0,0,Valid,0.0,0.0,68.0,40.0,"['Male', 'Female']",0,0,3,4,5,Dry,Straight,Level,Lowest,No
19526,28,Mississippi,280384,0,2,2,0,3,NOT APPLICABLE,August,19,Saturday,18,51,Rural,High Speed (Arterial),Yes,31.69876944,-89.02930556,Non-Intersection,Daylight,Clear,Unknown,Unknown if Notified,Unknown EMS Scene Arrival Hour,Unknown if Arrived,Not Applicable (Not Transported),Not Applicable (Not Transported),3,Daylight,Clear,3,0,"['Driver', 'Front_Passenger', 'Driver']","['Shoulder_Lapbelt', 'Shoulder_Lapbelt', 'Shoulder_Lapbelt']",0,0,Valid,0.0,0.0,21.0,19.0,"['Male', 'Male']",1,0,3,4,5,Dry,Straight,Level,Lowest,No
19527,28,Mississippi,280385,0,2,2,0,4,NOT APPLICABLE,August,19,Saturday,18,59,Rural,Medium Speed (Collector),No,32.46503611,-89.42634444,Complex/Circle,Daylight,Clear,Unknown,Unknown,Unknown EMS Scene Arrival Hour,Unknown EMS Scene Arrival Minutes,Unknown,Unknown EMS Hospital Arrival Time,2,Daylight,Clear,2,2,"['Driver', 'Rear_Seat']","['None_Used', 'None_Used']",1,1,Valid,0.0,0.0,64.0,48.0,"['Female', 'Male']",0,0,5,4,5,Dry,Straight,Level,Lowest,No
19528,28,Mississippi,280386,0,1,1,0,1,NOT APPLICABLE,August,20,Sunday,0,1,Rural,Medium Speed (Collector),No,30.56040556,-88.71065,Simple Junction,Dark - Not Lighted,Clear,Unknown,Unknown,Unknown EMS Scene Arrival Hour,Unknown EMS Scene Arrival Minutes,Unknown,Unknown EMS Hospital Arrival Time,1,Dark - Unlighted,Clear,1,0,['Driver'],['None_Used'],1,1,Valid,0.0,0.0,18.0,18.0,['Male'],1,0,2,4,2,Dry,Straight,Level,Lowest,No
19529,28,Mississippi,280387,0,1,1,0,1,NOT APPLICABLE,August,20,Sunday,1,3,Rural,High Speed (Arterial),Yes,34.16808889,-89.92205278,Non-Intersection,Dark - Not Lighted,Clear,Unknown,Unknown if Notified,Unknown EMS Scene Arrival Hour,Unknown if Arrived,Not Applicable (Not Transported),Not Applicable (Not Transported),1,Dark - Unlighted,Clear,1,0,['Driver'],['None_Used'],0,0,Valid,0.0,1.0,24.0,24.0,['Female'],1,0,3,4,3,Dry,Straight,Level,Lowest,No
19530,28,Mississippi,280388,0,1,1,0,1,NOT APPLICABLE,August,20,Sunday,6,18,Rural,Low Speed (Local),No,33.53340833,-88.37186667,Non-Intersection,Dark - Not Lighted,Clear,Unknown,Unknown if Notified,Unknown EMS Scene Arrival Hour,Unknown if Arrived,Not Applicable (Not Transported),Not Applicable (Not Transported),1,Dark - Unlighted,Clear,1,0,['Driver'],['None_Used'],0,0,Valid,0.0,1.0,25.0,25.0,['Male'],1,0,2,4,3,Dry,Curve,Level,Lowest,No
19531,28,Mississippi,280389,0,1,1,0,1,JACKSON,March,17,Friday,9,55,Urban,High Speed (Arterial),Yes,32.35588333,-90.1996,Non-Intersection,Daylight,Rain,Unknown,Unknown,Unknown EMS Scene Arrival Hour,Unknown EMS Scene Arrival Minutes,Unknown,Unknown EMS Hospital Arrival Time,1,Daylight,Rain/Wind/Minor,1,0,['Driver'],['Shoulder_Lapbelt'],0,0,Valid,0.0,0.0,56.0,56.0,['Male'],1,0,3,4,3,Wet/Standing Water,Straight,Level,Lowest,No
19532,28,Mississippi,280390,1,1,1,0,1,NOT APPLICABLE,August,8,Tuesday,20,50,Rural,High Speed (Arterial),Yes,30.84715556,-88.59872778,Non-Intersection,Dark - Not Lighted,Clear,Unknown,Unknown,Unknown EMS Scene Arrival Hour,Unknown EMS Scene Arrival Minutes,Unknown,Unknown EMS Hospital Arrival Time,1,Dark - Unlighted,Clear,0,1,[],[],0,0,Valid,0.0,0.0,60.0,60.0,['Male'],0,0,3,3,4,Dry,Straight,Level,Lowest,No
19533,28,Mississippi,280391,0,1,1,0,1,MERIDIAN,August,20,Sunday,7,43,Urban,Medium Speed (Collector),No,32.37045556,-88.75456389,Non-Intersection,Daylight,Clear,Unknown,Unknown,Unknown EMS Scene Arrival Hour,Unknown EMS Scene Arrival Minutes,Unknown,Unknown EMS Hospital Arrival Time,1,Daylight,Clear,1,0,['Driver'],['None_Used'],1,1,Valid,0.0,0.0,30.0,30.0,['Male'],1,0,3,4,3,Dry,Curve,Level,Lowest,No
19534,28,Mississippi,280392,0,2,2,0,3,NOT APPLICABLE,August,20,Sunday,23,53,Urban,High Speed (Arterial),Yes,32.27727222,-90.03811667,Non-Intersection,Dark - Not Lighted,Clear,Unknown,Unknown,Unknown EMS Scene Arrival Hour,Unknown EMS Scene Arrival Minutes,Unknown,Unknown EMS Hospital Arrival Time,1,Dark - Unlighted,Clear,1,2,['Rear_Seat'],['Shoulder_Lapbelt'],1,1,Valid,0.0,0.0,59.0,36.0,"['Male', 'Male']",0,0,3,4,5,Dry,Straight,Level,Lowest,No
19535,28,Mississippi,280393,0,1,1,0,1,NOT APPLICABLE,August,21,Monday,5,16,Rural,Low Speed (Local),No,31.75485,-89.00151389,Non-Intersection,Dark - Not Lighted,Clear,Unknown,Unknown,Unknown EMS Scene Arrival Hour,Unknown EMS Scene Arrival Minutes,Not Applicable (Not Transported),Not Applicable (Not Transported),1,Dark - Unlighted,Clear,1,0,['Driver'],['Shoulder_Lapbelt'],0,0,Valid,0.0,0.0,32.0,32.0,['Male'],0,0,4,4,3,Dry,Curve,Grade/Hillcrest,Lowest,No
19536,28,Mississippi,280394,0,1,1,0,1,NOT APPLICABLE,August,21,Monday,22,29,Rural,Medium Speed (Collector),No,31.31461944,-89.58164444,Non-Intersection,Dark - Not Lighted,Clear,Unknown,Unknown,Unknown EMS Scene Arrival Hour,Unknown EMS Scene Arrival Minutes,Not Applicable (Not Transported),Not Applicable (Not Transported),1,Dark - Unlighted,Clear,1,0,['Driver'],['None_Used'],1,1,Valid,0.0,0.0,55.0,55.0,['Male'],0,0,5,4,3,Dry,Curve,Level,Lowest,No
19537,28,Mississippi,280395,0,1,1,0,1,CANTON,August,21,Monday,22,45,Urban,High Speed (Arterial),Yes,32.60642778,-90.06940278,Non-Intersection,Dark - Not Lighted,Clear,Unknown,Unknown,Unknown EMS Scene Arrival Hour,Unknown EMS Scene Arrival Minutes,Not Applicable (Not Transported),Not Applicable (Not Transported),1,Dark - Unlighted,Clear,1,0,['Driver'],['None_Used'],0,0,Valid,0.0,0.0,50.0,50.0,['Male'],0,0,5,4,2,Dry,Curve,Grade/Hillcrest,Lowest,No
19538,28,Mississippi,280396,0,1,1,0,1,NOT APPLICABLE,August,22,Tuesday,16,14,Rural,Medium Speed (Collector),No,34.44227222,-89.288475,Non-Intersection,Daylight,Clear,Unknown,Unknown,Unknown EMS Scene Arrival Hour,Unknown EMS Scene Arrival Minutes,Unknown,Unknown EMS Hospital Arrival Time,1,Daylight,Clear,1,0,['Driver'],['Lapbelt_Only'],0,0,Valid,0.0,0.0,34.0,34.0,['Male'],0,0,3,4,2,Dry,Straight,Level,Lowest,No
19539,28,Mississippi,280397,0,2,2,0,2,LONG BEACH,August,23,Wednesday,19,28,Urban,Medium Speed (Collector),No,30.35743611,-89.13162222,Non-Intersection,Daylight,Clear,Unknown,Unknown,Unknown EMS Scene Arrival Hour,Unknown EMS Scene Arrival Minutes,Unknown,Unknown EMS Hospital Arrival Time,1,Daylight,Clear,1,1,['Driver'],['None_Used'],1,1,Valid,0.0,0.0,77.0,61.0,"['Male', 'Male']",0,0,5,4,5,Dry,Straight,Level,Lowest,No
19540,28,Mississippi,280398,0,1,1,0,1,MORTON,August,23,Wednesday,21,17,Rural,Medium Speed (Collector),No,32.3444,-89.64973611,Non-Intersection,Dark - Lighted,Clear,Unknown,Unknown if Notified,Unknown EMS Scene Arrival Hour,Unknown if Arrived,Not Applicable (Not Transported),Not Applicable (Not Transported),1,Dark - Lighted,Clear,1,0,['Driver'],['Shoulder_Lapbelt'],1,1,Valid,0.0,0.0,38.0,38.0,['Male'],0,0,3,4,3,Dry,Curve,Level,Lowest,No
19541,28,Mississippi,280399,1,1,1,0,1,GREENVILLE,August,24,Thursday,5,52,Urban,High Speed (Arterial),Yes,33.39515,-91.03799167,Non-Intersection,Dark - Not Lighted,Clear,Unknown,Unknown,Unknown EMS Scene Arrival Hour,Unknown EMS Scene Arrival Minutes,Not Applicable (Not Transported),Not Applicable (Not Transported),1,Dark - Unlighted,Clear,0,1,[],[],0,0,Valid,0.0,0.0,31.0,31.0,['Male'],0,0,3,3,4,Dry,Straight,Level,Lowest,No
19542,28,Mississippi,280400,0,1,1,0,4,NOT APPLICABLE,August,24,Thursday,21,1,Rural,Low Speed (Local),No,34.25328056,-88.88098333,Non-Intersection,Dark - Not Lighted,Clear,Unknown,Unknown,Unknown EMS Scene Arrival Hour,Unknown EMS Scene Arrival Minutes,Unknown,Unknown EMS Hospital Arrival Time,1,Dark - Unlighted,Clear,1,3,['Rear_Seat'],['None_Used'],0,0,Invalid,0.0,0.0,21.0,21.0,['Male'],4,0,2,4,3,Dry,Curve,Grade/Hillcrest,Lowest,No
19543,28,Mississippi,280401,0,2,2,0,3,NOT APPLICABLE,August,25,Friday,0,46,Rural,Medium Speed (Collector),No,32.79648333,-89.32960278,Non-Intersection,Dark - Not Lighted,Clear,Unknown,Unknown,Unknown EMS Scene Arrival Hour,Unknown EMS Scene Arrival Minutes,Unknown,Unknown EMS Hospital Arrival Time,1,Dark - Unlighted,Clear,1,2,['Rear_Seat'],['None_Used'],0,0,Invalid,0.0,0.0,52.0,21.0,"['Male', 'Female']",0,0,5,4,5,Dry,Straight,Level,Lowest,No
19544,28,Mississippi,280402,0,2,2,0,2,NOT APPLICABLE,August,25,Friday,19,49,Urban,Medium Speed (Collector),No,34.16784722,-88.50871389,Non-Intersection,Dark - Lighted,Clear,Unknown,Unknown,Unknown EMS Scene Arrival Hour,Unknown EMS Scene Arrival Minutes,Unknown,Unknown EMS Hospital Arrival Time,1,Dark - Lighted,Clear,1,1,['Driver'],['Shoulder_Lapbelt'],0,0,Valid,0.0,0.0,89.0,38.0,"['Male', 'Female']",0,0,5,4,5,Dry,Straight,Level,Lowest,No
19545,28,Mississippi,280403,0,2,2,0,3,NOT APPLICABLE,August,25,Friday,21,33,Rural,Medium Speed (Collector),No,30.56831111,-89.72159722,Non-Intersection,Dark - Not Lighted,Clear,Unknown,Unknown,Unknown EMS Scene Arrival Hour,Unknown EMS Scene Arrival Minutes,Unknown,Unknown EMS Hospital Arrival Time,2,Dark - Unlighted,Clear,2,1,"['Driver', 'Front_Passenger']","['Shoulder_Lapbelt', 'Shoulder_Lapbelt']",0,0,Valid,0.0,1.0,25.0,20.0,"['Male', 'Male']",3,0,2,4,5,Dry,Curve,Level,Lowest,No
19546,28,Mississippi,280405,1,1,1,0,1,NOT APPLICABLE,August,27,Sunday,20,47,Rural,Medium Speed (Collector),No,32.63806667,-88.81753333,Non-Intersection,Dark - Not Lighted,Clear,Unknown,Unknown,Unknown EMS Scene Arrival Hour,Unknown EMS Scene Arrival Minutes,Not Applicable (Not Transported),Not Applicable (Not Transported),1,Dark - Unlighted,Clear,0,1,[],[],0,0,Valid,0.0,0.0,42.0,42.0,['Male'],0,0,2,3,4,Dry,Straight,Grade/Hillcrest,Lowest,No
19547,28,Mississippi,280406,0,3,3,0,4,PHILADELPHIA,August,28,Monday,7,38,Urban,High Speed (Arterial),No,32.77120556,-89.10176389,Non-Intersection,Daylight,Clear,Unknown,Unknown,Unknown EMS Scene Arrival Hour,Unknown EMS Scene Arrival Minutes,Unknown,Unknown EMS Hospital Arrival Time,1,Daylight,Clear,1,2,['Driver'],['None_Used'],0,0,Valid,0.0,1.0,31.0,17.0,"['Female', 'Female', 'Male']",0,0,3,4,5,Dry,Straight,Level,Lowest,No
19548,28,Mississippi,280407,0,1,1,0,1,NOT APPLICABLE,August,30,Wednesday,6,28,Rural,Medium Speed (Collector),No,30.96531389,-89.50580833,Non-Intersection,Daylight,Clear,Unknown,Unknown if Notified,Unknown EMS Scene Arrival Hour,Unknown if Arrived,Not Applicable (Not Transported),Not Applicable (Not Transported),1,Daylight,Clear,1,0,['Driver'],['None_Used'],0,0,Valid,0.0,0.0,18.0,18.0,['Female'],0,0,3,4,3,Dry,Curve,Level,Lowest,No
19549,28,Mississippi,280408,0,1,1,0,1,NOT APPLICABLE,August,30,Wednesday,23,8,Rural,Medium Speed (Collector),No,30.536875,-89.60764167,Non-Intersection,Dark - Not Lighted,Clear,Unknown,Unknown,Unknown EMS Scene Arrival Hour,Unknown EMS Scene Arrival Minutes,Not Applicable (Not Transported),Not Applicable (Not Transported),1,Dark - Unlighted,Clear,1,0,['Driver'],['None_Used'],0,0,Invalid,0.0,0.0,63.0,63.0,['Male'],0,0,5,4,3,Dry,Straight,Level,Lowest,No
19550,28,Mississippi,280409,0,1,1,0,1,NOT APPLICABLE,September,1,Friday,22,1,Rural,Medium Speed (Collector),No,32.68146111,-89.46368056,Simple Junction,Dark - Not Lighted,Clear,10:00pm-10:59pm,1,10:00pm-10:59pm,8,Not Applicable (Not Transported),Not Applicable (Not Transported),1,Dark - Unlighted,Clear,1,0,['Driver'],['None_Used'],1,1,Valid,0.0,1.0,27.0,27.0,['Female'],0,0,3,4,2,Dry,Straight,Level,Lowest,No
19551,28,Mississippi,280410,0,1,1,0,1,NOT APPLICABLE,September,2,Saturday,3,44,Rural,Medium Speed (Collector),No,31.20755833,-89.44299167,Non-Intersection,Dark - Not Lighted,Clear,Unknown,Unknown if Notified,Unknown EMS Scene Arrival Hour,Unknown if Arrived,Not Applicable (Not Transported),Not Applicable (Not Transported),1,Dark - Unlighted,Clear,1,0,['Driver'],['Shoulder_Lapbelt'],0,0,Valid,0.0,1.0,21.0,21.0,['Female'],0,0,2,4,3,Dry,Straight,Level,Lowest,No
19552,28,Mississippi,280411,0,1,1,0,8,NOT APPLICABLE,September,4,Monday,0,1,Urban,High Speed (Arterial),Yes,32.48432222,-90.29066111,Non-Intersection,Dark - Not Lighted,Clear,Unknown,Unknown,Unknown EMS Scene Arrival Hour,Unknown EMS Scene Arrival Minutes,Unknown,Unknown EMS Hospital Arrival Time,1,Dark - Unlighted,Clear,1,7,['Driver'],['Shoulder_Lapbelt'],0,0,Valid,0.0,2.0,51.0,51.0,['Male'],0,0,3,4,3,Dry,Straight,Level,Lowest,No
19553,28,Mississippi,280412,0,4,4,0,4,NOT APPLICABLE,September,5,Tuesday,5,45,Rural,High Speed (Arterial),Yes,31.67396667,-89.26491389,Non-Intersection,Dawn,Clear,Unknown,Unknown,Unknown EMS Scene Arrival Hour,Unknown EMS Scene Arrival Minutes,Unknown,Unknown EMS Hospital Arrival Time,1,Twilight,Clear,1,3,['Driver'],['None_Used'],0,0,Valid,0.0,0.0,43.0,25.0,"['Male', 'Male', 'Male', 'Female']",0,0,3,4,5,Dry,Straight,Level,Lowest,No
19554,28,Mississippi,280413,0,1,1,0,1,NOT APPLICABLE,March,3,Friday,16,11,Rural,Low Speed (Local),No,31.87921389,-89.51439444,Non-Intersection,Daylight,Clear,4:00pm-4:59pm,15,4:00pm-4:59pm,28,Not Applicable (Not Transported),Not Applicable (Not Transported),1,Daylight,Clear,1,0,['Driver'],['None_Used'],0,0,Valid,0.0,0.0,32.0,32.0,['Female'],0,0,3,4,3,Dry,Curve,Level,Lowest,No
19555,28,Mississippi,280414,0,1,1,0,1,NOT APPLICABLE,March,17,Friday,15,46,Rural,Medium Speed (Collector),No,31.11540278,-90.74167778,Non-Intersection,Daylight,Clear,Unknown,Unknown if Notified,Unknown EMS Scene Arrival Hour,Unknown if Arrived,Not Applicable (Not Transported),Not Applicable (Not Transported),1,Daylight,Clear,1,0,['Driver'],['None_Used'],0,0,Invalid,0.0,0.0,43.0,43.0,['Male'],0,0,3,4,3,Dry,Straight,Level,Lowest,No
19556,28,Mississippi,280415,0,2,2,0,2,VERONA,April,22,Saturday,14,40,Urban,Low Speed (Local),No,34.20138889,-88.71723333,Simple Junction,Daylight,Clear,Unknown,Unknown,Unknown EMS Scene Arrival Hour,Unknown EMS Scene Arrival Minutes,Unknown,Unknown EMS Hospital Arrival Time,1,Daylight,Clear,1,1,['Driver'],['None_Used'],0,0,Valid,0.0,0.0,33.0,25.0,"['Female', 'Male']",0,0,5,4,5,Dry,Straight,Grade/Hillcrest,Lowest,No
19557,28,Mississippi,280416,0,1,1,0,4,GULFPORT,July,4,Tuesday,21,6,Urban,High Speed (Arterial),Yes,30.36950556,-89.09301389,Non-Intersection,Dark - Lighted,Clear,Unknown,Unknown,Unknown EMS Scene Arrival Hour,Unknown EMS Scene Arrival Minutes,Unknown,Unknown EMS Hospital Arrival Time,1,Dark - Lighted,Clear,1,3,['Driver'],['Shoulder_Lapbelt'],0,0,Valid,0.0,0.0,26.0,26.0,['Female'],0,0,2,4,4,Dry,Straight,Level,Lowest,No