,State_Code,State_Name,Crash_ID,Count_Non_Motorists,Count_Vehicles_Total,Count_Vehicle_Forms,Count_PVH_Involved,Count_Occupants_MV,City_Name,Month_Name,Day_of_Month,Day_of_Week,Crash_Hour,Crash_Minute,Area_Rural_Urban,Road_Functional_Class,On_NHS_Road,Latitude,Longitude,Intersection_Type,Light_Condition,Weather_Condition,Notif_Hour,Notif_Minute,Arrival_Hour,Arrival_Minute,Hospital_Hour,Hospital_Minute,Fatalities_Count,Clean_Light_Condition,Clean_Weather_Condition,Total_Killed,Total_Alive,Fatal_Seats_List,Killed_Restraint_List,Any_Driver_Drinking,Total_Drinking_Drivers,Driver_License_Category,Driver_Max_Prev_Accident_Count,Driver_Max_Prev_Speeding_Count,Max_Driver_Age,Min_Driver_Age,Driver_Sex_List,Total_Exceeding_Limit_Vehicles,Total_Too_Fast_Vehicles,Max_Vehicle_Type_Severity_5,Max_Vehicle_Damage_Rank,Max_Harmful_Event_Severity,Crash_Road_Surface_Condition,Crash_Horizontal_Alignment,Crash_Vertical_Profile,Crash_Impairment_Category,Crash_Vehicle_Defect
19558,28,Mississippi,280417,0,2,2,0,2,NOT APPLICABLE,September,8,Friday,20,22,Rural,High Speed (Arterial),Yes,33.57390278,-90.78463611,Non-Intersection,Dark - Not Lighted,Clear,Unknown,Unknown,Unknown EMS Scene Arrival Hour,Unknown EMS Scene Arrival Minutes,Not Applicable (Not Transported),Not Applicable (Not Transported),1,Dark - Unlighted,Clear,1,1,['Driver'],['None_Used'],0,0,Valid,0.0,0.0,32.0,28.0,"['Female', 'Male']",0,0,4,4,5,Dry,Straight,Level,Lowest,No
19559,28,Mississippi,280418,0,1,1,0,1,NOT APPLICABLE,September,12,Tuesday,20,5,Rural,Low Speed (Local),No,31.38093889,-90.52634444,Non-Intersection,Dark - Not Lighted,Clear,Unknown,Unknown if Notified,Unknown EMS Scene Arrival Hour,Unknown if Arrived,Not Applicable (Not Transported),Not Applicable (Not Transported),1,Dark - Unlighted,Clear,1,0,['Driver'],['Shoulder_Lapbelt'],1,1,Valid,0.0,3.0,36.0,36.0,['Female'],0,0,3,4,3,Dry,Straight,Level,Lowest,No
19560,28,Mississippi,280419,0,2,1,1,1,NOT APPLICABLE,September,1,Friday,10,47,Rural,High Speed (Arterial),Yes,32.34578611,-90.61094722,Non-Intersection,Daylight,Clear,Unknown,Unknown if Notified,Unknown EMS Scene Arrival Hour,Unknown if Arrived,Not Applicable (Not Transported),Not Applicable (Not Transported),1,Daylight,Clear,1,0,['Driver'],['Shoulder_Lapbelt'],0,0,Valid,0.0,0.0,36.0,36.0,['Male'],0,0,4,4,3,Dry,Straight,Level,Lowest,No
19561,28,Mississippi,280420,0,2,2,0,5,NOT APPLICABLE,September,14,Thursday,22,34,Rural,Medium Speed (Collector),No,32.87697778,-89.97721389,Non-Intersection,Dark - Not Lighted,Cloudy,Unknown,Unknown,Unknown EMS Scene Arrival Hour,Unknown EMS Scene Arrival Minutes,Unknown,Unknown EMS Hospital Arrival Time,1,Dark - Unlighted,Reduced Visibility,1,4,['Rear_Seat'],['Child_Safety'],1,1,Valid,0.0,0.0,31.0,26.0,"['Female', 'Male']",2,0,2,4,5,Dry,Curve,Grade/Hillcrest,Lowest,No
19562,28,Mississippi,280421,1,1,1,0,1,GREENVILLE,September,15,Friday,21,49,Urban,High Speed (Arterial),Yes,33.38949167,-91.06427778,Non-Intersection,Dark - Not Lighted,Clear,Unknown,Unknown,Unknown EMS Scene Arrival Hour,Unknown EMS Scene Arrival Minutes,Unknown,Unknown EMS Hospital Arrival Time,1,Dark - Unlighted,Clear,0,1,[],[],0,0,Valid,0.0,0.0,67.0,67.0,['Female'],0,0,3,2,4,Dry,Straight,Level,Lowest,No
19563,28,Mississippi,280422,0,1,1,0,4,GULFPORT,September,16,Saturday,2,48,Urban,High Speed (Arterial),Yes,30.44543333,-89.02636111,Non-Intersection,Dark - Lighted,Clear,Unknown,Unknown,Unknown EMS Scene Arrival Hour,Unknown EMS Scene Arrival Minutes,Unknown,Unknown EMS Hospital Arrival Time,1,Dark - Lighted,Clear,1,3,['Driver'],['Shoulder_Lapbelt'],1,1,Valid,0.0,0.0,18.0,18.0,['Male'],4,0,2,4,3,Dry,Straight,Grade/Hillcrest,Lowest,No
19564,28,Mississippi,280423,0,1,1,0,1,NOT APPLICABLE,September,16,Saturday,16,0,Rural,Medium Speed (Collector),No,33.06475278,-90.324475,Non-Intersection,Daylight,Clear,Unknown,Unknown if Notified,Unknown EMS Scene Arrival Hour,Unknown if Arrived,Not Applicable (Not Transported),Not Applicable (Not Transported),1,Daylight,Clear,1,0,['Driver'],['None_Used'],0,0,Valid,0.0,0.0,53.0,53.0,['Male'],0,0,2,4,2,Dry,Straight,Level,Lowest,No
19565,28,Mississippi,280424,0,2,2,0,3,NOT APPLICABLE,September,17,Sunday,15,4,Rural,High Speed (Arterial),Yes,33.07063056,-90.47427778,Complex/Circle,Daylight,Clear,3:00pm-3:59pm,4,3:00pm-3:59pm,15,3:00pm-3:59pm,56,1,Daylight,Clear,1,2,['Driver'],['Shoulder_Lapbelt'],0,0,Valid,0.0,0.0,60.0,37.0,"['Female', 'Male']",0,0,3,4,5,Dry,Straight,Level,Lowest,No
19566,28,Mississippi,280425,0,1,1,0,1,NOT APPLICABLE,September,19,Tuesday,12,5,Rural,Low Speed (Local),No,30.67044167,-88.75033333,Non-Intersection,Daylight,Clear,Unknown,Unknown,Unknown EMS Scene Arrival Hour,Unknown EMS Scene Arrival Minutes,Not Applicable (Not Transported),Not Applicable (Not Transported),1,Daylight,Clear,1,0,['Driver'],['None_Used'],0,0,Valid,0.0,0.0,75.0,75.0,['Male'],0,0,3,4,3,Dry,Straight,Level,Lowest,No
19567,28,Mississippi,280426,1,1,1,0,1,JACKSON,September,5,Tuesday,20,17,Urban,Medium Speed (Collector),No,32.20123889,-90.24628889,Non-Intersection,Dark - Not Lighted,Clear,Unknown,Unknown if Notified,Unknown EMS Scene Arrival Hour,Unknown if Arrived,Not Applicable (Not Transported),Not Applicable (Not Transported),1,Dark - Unlighted,Clear,0,1,[],[],0,0,Invalid,0.0,0.0,999.0,999.0,['Other'],0,0,1,0,4,Dry,Straight,Level,Lowest,No
19568,28,Mississippi,280427,0,2,2,0,5,NOT APPLICABLE,September,6,Wednesday,4,8,Urban,High Speed (Arterial),Yes,32.28601944,-90.20615278,Complex/Circle,Dark - Lighted,Clear,Unknown,Unknown,Unknown EMS Scene Arrival Hour,Unknown EMS Scene Arrival Minutes,Unknown,Unknown EMS Hospital Arrival Time,3,Dark - Lighted,Clear,3,2,"['Front_Passenger', 'Front_Passenger', 'Front_Passenger']","['None_Used', 'None_Used', 'None_Used']",1,2,Invalid,0.0,0.0,51.0,28.0,"['Male', 'Male']",0,0,3,4,5,Dry,Straight,Level,Lowest,No
19569,28,Mississippi,280428,0,1,1,0,1,NOT APPLICABLE,September,13,Wednesday,16,31,Rural,High Speed (Arterial),Yes,32.81277778,-90.05759444,Non-Intersection,Daylight,Clear,Unknown,Unknown if Notified,Unknown EMS Scene Arrival Hour,Unknown if Arrived,Not Applicable (Not Transported),Not Applicable (Not Transported),1,Daylight,Clear,1,0,['Driver'],['Shoulder_Lapbelt'],0,0,Invalid,0.0,0.0,25.0,25.0,['Female'],0,0,2,4,3,Dry,Straight,Level,Lowest,No
19570,28,Mississippi,280429,0,2,2,0,2,NOT APPLICABLE,September,14,Thursday,16,48,Rural,Medium Speed (Collector),No,34.68543333,-89.81088056,Simple Junction,Daylight,Clear,Unknown,Unknown,Unknown EMS Scene Arrival Hour,Unknown EMS Scene Arrival Minutes,Unknown,Unknown EMS Hospital Arrival Time,1,Daylight,Clear,1,1,['Driver'],['Shoulder_Lapbelt'],0,0,Invalid,0.0,0.0,29.0,20.0,"['Female', 'Male']",0,0,2,4,5,Dry,Straight,Level,Lowest,No
19571,28,Mississippi,280430,1,1,1,0,2,JACKSON,September,8,Friday,3,41,Urban,High Speed (Arterial),Yes,32.27663056,-90.18245278,Non-Intersection,Dark - Lighted,Clear,Unknown,Unknown if Notified,Unknown EMS Scene Arrival Hour,Unknown if Arrived,Not Applicable (Not Transported),Not Applicable (Not Transported),1,Dark - Lighted,Clear,0,2,[],[],0,0,Valid,0.0,0.0,65.0,65.0,['Male'],0,0,3,2,4,Dry,Straight,Level,Lowest,No
19572,28,Mississippi,280431,0,2,1,1,2,NOT APPLICABLE,September,16,Saturday,5,14,Rural,High Speed (Arterial),Yes,34.67856667,-89.34663889,Non-Intersection,Dark - Not Lighted,Clear,Unknown,Unknown if Notified,Unknown EMS Scene Arrival Hour,Unknown if Arrived,Not Applicable (Not Transported),Not Applicable (Not Transported),1,Dark - Unlighted,Clear,1,1,['Front_Passenger'],['None_Used'],1,1,Valid,0.0,1.0,23.0,23.0,['Male'],0,0,3,4,5,Dry,Straight,Level,Lowest,No
19573,28,Mississippi,280432,1,1,1,0,1,D'IBERVILLE,September,17,Sunday,14,21,Urban,Medium Speed (Collector),No,30.45877222,-88.89173056,Non-Intersection,Daylight,Clear,Unknown,Unknown,Unknown EMS Scene Arrival Hour,Unknown EMS Scene Arrival Minutes,Unknown,Unknown EMS Hospital Arrival Time,1,Daylight,Clear,0,1,[],[],0,0,Valid,0.0,0.0,57.0,57.0,['Male'],0,0,3,2,4,Dry,Straight,Level,Lowest,No
19574,28,Mississippi,280433,1,1,1,0,1,VICKSBURG,June,16,Friday,23,6,Urban,High Speed (Arterial),Yes,32.32873056,-90.86183611,Non-Intersection,Dark - Lighted,Clear,Unknown,Unknown,Unknown EMS Scene Arrival Hour,Unknown EMS Scene Arrival Minutes,Not Applicable (Not Transported),Not Applicable (Not Transported),1,Dark - Lighted,Clear,0,1,[],[],0,0,Valid,0.0,1.0,27.0,27.0,['Male'],0,0,3,4,4,Dry,Straight,Level,Lowest,No
19575,28,Mississippi,280434,0,2,2,0,2,NOT APPLICABLE,June,19,Monday,16,53,Rural,High Speed (Arterial),Yes,31.88798333,-90.40977222,Non-Intersection,Daylight,Clear,Unknown,Unknown if Notified,Unknown EMS Scene Arrival Hour,Unknown if Arrived,Not Applicable (Not Transported),Not Applicable (Not Transported),1,Daylight,Clear,1,1,['Driver'],['None_Used'],0,0,Invalid,0.0,0.0,33.0,25.0,"['Male', 'Male']",1,0,3,4,5,Dry,Straight,Grade/Hillcrest,Lowest,No
19576,28,Mississippi,280435,0,1,1,0,1,NOT APPLICABLE,July,19,Wednesday,10,29,Rural,Medium Speed (Collector),No,34.30082222,-88.55834722,Non-Intersection,Daylight,Clear,Unknown,Unknown if Notified,Unknown EMS Scene Arrival Hour,Unknown if Arrived,Not Applicable (Not Transported),Not Applicable (Not Transported),1,Daylight,Clear,1,0,['Driver'],['Shoulder_Lapbelt'],0,0,Valid,0.0,0.0,39.0,39.0,['Male'],1,0,3,4,3,Dry,Straight,Level,Lowest,Yes
19577,28,Mississippi,280436,0,2,2,0,2,NOT APPLICABLE,September,19,Tuesday,6,9,Rural,High Speed (Arterial),Yes,30.44657222,-88.74582778,Non-Intersection,Dawn,Clear,Unknown,Unknown if Notified,Unknown EMS Scene Arrival Hour,Unknown if Arrived,Not Applicable (Not Transported),Not Applicable (Not Transported),1,Twilight,Clear,1,1,['Driver'],['Shoulder_Lapbelt'],0,0,Valid,0.0,0.0,53.0,32.0,"['Male', 'Male']",0,0,3,4,5,Dry,Curve,Level,Lowest,No
19578,28,Mississippi,280437,0,2,2,0,2,NOT APPLICABLE,September,20,Wednesday,8,12,Rural,Medium Speed (Collector),No,32.66716389,-90.54041389,Complex/Circle,Daylight,Clear,Unknown,Unknown if Notified,Unknown EMS Scene Arrival Hour,Unknown if Arrived,Not Applicable (Not Transported),Not Applicable (Not Transported),1,Daylight,Clear,1,1,['Driver'],['Shoulder_Lapbelt'],0,0,Valid,0.0,0.0,68.0,50.0,"['Male', 'Male']",0,0,4,4,5,Dry,Straight,Level,Lowest,No
19579,28,Mississippi,280438,0,1,1,0,1,NOT APPLICABLE,September,21,Thursday,18,13,Rural,Medium Speed (Collector),No,32.60623611,-89.62176944,Non-Intersection,Daylight,Clear,Unknown,Unknown if Notified,Unknown EMS Scene Arrival Hour,Unknown if Arrived,Not Applicable (Not Transported),Not Applicable (Not Transported),1,Daylight,Clear,1,0,['Driver'],['None_Used'],0,0,Invalid,0.0,0.0,71.0,71.0,['Male'],0,0,3,4,3,Dry,Curve,Level,Lowest,No
19580,28,Mississippi,280439,0,1,1,0,1,KOSCIUSKO,September,22,Friday,23,30,Urban,Medium Speed (Collector),No,33.05948333,-89.582875,Non-Intersection,Dark - Lighted,Clear,Unknown,Unknown if Notified,Unknown EMS Scene Arrival Hour,Unknown if Arrived,Not Applicable (Not Transported),Not Applicable (Not Transported),1,Dark - Lighted,Clear,1,0,['Driver'],['None_Used'],0,0,Valid,0.0,0.0,21.0,21.0,['Male'],1,0,2,4,3,Dry,Straight,Grade/Hillcrest,Lowest,No
19581,28,Mississippi,280440,0,1,1,0,1,NOT APPLICABLE,September,22,Friday,11,35,Rural,High Speed (Arterial),No,34.86821389,-88.22210556,Non-Intersection,Daylight,Clear,Unknown,Unknown if Notified,Unknown EMS Scene Arrival Hour,Unknown if Arrived,Not Applicable (Not Transported),Not Applicable (Not Transported),1,Daylight,Clear,1,0,['Driver'],['None_Used'],0,0,Valid,0.0,1.0,24.0,24.0,['Male'],0,0,3,4,3,Dry,Straight,Level,Lowest,No
19582,28,Mississippi,280441,0,1,1,0,1,NOT APPLICABLE,September,22,Friday,12,20,Rural,Medium Speed (Collector),No,32.47693611,-88.67677222,Non-Intersection,Daylight,Clear,Unknown,Unknown,Unknown EMS Scene Arrival Hour,Unknown EMS Scene Arrival Minutes,Unknown,Unknown EMS Hospital Arrival Time,1,Daylight,Clear,1,0,['Driver'],['Shoulder_Lapbelt'],0,0,Valid,0.0,0.0,60.0,60.0,['Male'],0,0,4,2,3,Dry,Straight,Grade/Hillcrest,Medium,No
19583,28,Mississippi,280442,0,1,1,0,1,NOT APPLICABLE,July,8,Saturday,16,2,Rural,Low Speed (Local),No,31.22276111,-90.29268889,Non-Intersection,Daylight,Clear,Unknown,Unknown,Unknown EMS Scene Arrival Hour,Unknown EMS Scene Arrival Minutes,Unknown,Unknown EMS Hospital Arrival Time,1,Daylight,Clear,1,0,['Driver'],['None_Used'],0,0,Valid,1.0,2.0,47.0,47.0,['Male'],1,0,3,4,3,Dry,Curve,Grade/Hillcrest,Lowest,No
19584,28,Mississippi,280443,0,1,1,0,1,COLUMBIA,September,3,Sunday,16,23,Urban,High Speed (Arterial),Yes,31.23493889,-89.82899167,Non-Intersection,Daylight,Clear,Unknown,Unknown,Unknown EMS Scene Arrival Hour,Unknown EMS Scene Arrival Minutes,Unknown,Unknown EMS Hospital Arrival Time,1,Daylight,Clear,1,0,['Driver'],['None_Used'],0,0,Valid,0.0,0.0,57.0,57.0,['Male'],1,0,5,4,2,Dry,Curve,Level,Lowest,No
19585,28,Mississippi,280444,0,1,1,0,1,NOT APPLICABLE,September,5,Tuesday,16,6,Rural,High Speed (Arterial),Yes,33.47389167,-88.49163611,Non-Intersection,Daylight,Clear,Unknown,Unknown,Unknown EMS Scene Arrival Hour,Unknown EMS Scene Arrival Minutes,Unknown,Unknown EMS Hospital Arrival Time,1,Daylight,Clear,1,0,['Driver'],['None_Used'],0,0,Valid,0.0,0.0,45.0,45.0,['Male'],0,0,5,2,3,Dry,Straight,Level,Lowest,No
19586,28,Mississippi,280445,0,2,2,0,2,Other,September,21,Thursday,19,14,Urban,Medium Speed (Collector),No,32.30075,-90.21101667,Non-Intersection,Daylight,Clear,Unknown,Unknown if Notified,Unknown EMS Scene Arrival Hour,Unknown if Arrived,Not Applicable (Not Transported),Not Applicable (Not Transported),1,Daylight,Clear,1,1,['Driver'],['Shoulder_Lapbelt'],0,0,Valid,0.0,0.0,72.0,26.0,"['Female', 'Female']",0,0,2,2,5,Dry,Curve,Level,Lowest,No
19587,28,Mississippi,280446,0,2,2,0,2,NOT APPLICABLE,September,22,Friday,22,43,Urban,High Speed (Arterial),Yes,31.31472222,-89.45259722,Non-Intersection,Dark - Not Lighted,Clear,Unknown,Unknown,Unknown EMS Scene Arrival Hour,Unknown EMS Scene Arrival Minutes,Unknown,Unknown EMS Hospital Arrival Time,1,Dark - Unlighted,Clear,1,1,['Driver'],['Shoulder_Lapbelt'],0,0,Valid,0.0,0.0,33.0,23.0,"['Male', 'Male']",1,0,3,4,5,Dry,Straight,Level,Lowest,No
19588,28,Mississippi,280447,0,1,1,0,1,BYHALIA,September,23,Saturday,0,49,Rural,Medium Speed (Collector),No,34.87252222,-89.68863333,Non-Intersection,Dark - Not Lighted,Clear,Unknown,Unknown,Unknown EMS Scene Arrival Hour,Unknown EMS Scene Arrival Minutes,Not Applicable (Not Transported),Not Applicable (Not Transported),1,Dark - Unlighted,Clear,1,0,['Driver'],['None_Used'],1,1,Valid,0.0,1.0,23.0,23.0,['Male'],0,0,2,4,3,Dry,Straight,Level,Lowest,No
19589,28,Mississippi,280448,0,1,1,0,3,NOT APPLICABLE,September,23,Saturday,3,5,Rural,Medium Speed (Collector),No,31.89165833,-90.43911111,Non-Intersection,Dark - Not Lighted,Clear,Unknown,Unknown,Unknown EMS Scene Arrival Hour,Unknown EMS Scene Arrival Minutes,Not Applicable (Not Transported),Not Applicable (Not Transported),1,Dark - Unlighted,Clear,1,2,['Rear_Seat'],['None_Used'],1,1,Invalid,0.0,0.0,18.0,18.0,['Male'],0,0,2,4,3,Dry,Curve,Level,Lowest,No
19590,28,Mississippi,280449,0,1,1,0,8,NOT APPLICABLE,September,23,Saturday,21,7,Rural,Low Speed (Local),No,34.12418611,-90.17273056,Non-Intersection,Dark - Not Lighted,Clear,Unknown,Unknown,Unknown EMS Scene Arrival Hour,Unknown EMS Scene Arrival Minutes,Unknown,Unknown EMS Hospital Arrival Time,1,Dark - Unlighted,Clear,1,7,['Front_Passenger'],['None_Used'],1,1,Invalid,0.0,0.0,14.0,14.0,['Female'],0,0,3,4,3,Loose/Unpaved,Straight,Level,Lowest,No
19591,28,Mississippi,280450,0,2,2,0,2,BELZONI,September,23,Saturday,21,29,Urban,Low Speed (Local),No,33.17774167,-90.48745556,Complex/Circle,Dark - Unknown Lighting,Clear,Unknown,Unknown,Unknown EMS Scene Arrival Hour,Unknown EMS Scene Arrival Minutes,Unknown,Unknown EMS Hospital Arrival Time,1,Dark - Unlighted,Clear,1,1,['Driver'],['Shoulder_Lapbelt'],0,0,Invalid,0.0,0.0,41.0,17.0,"['Female', 'Male']",0,0,3,4,5,Dry,Straight,Level,Lowest,No
19592,28,Mississippi,280451,0,2,2,0,3,JACKSON,September,24,Sunday,2,6,Urban,Medium Speed (Collector),No,32.24191111,-90.22743889,Non-Intersection,Dark - Lighted,Clear,Unknown,Unknown,Unknown EMS Scene Arrival Hour,Unknown EMS Scene Arrival Minutes,Unknown,Unknown EMS Hospital Arrival Time,2,Dark - Lighted,Clear,2,1,"['Driver', 'Front_Passenger']","['None_Used', 'None_Used']",0,0,Valid,0.0,0.0,48.0,18.0,"['Male', 'Male']",0,0,3,4,5,Dry,Straight,Level,Lowest,No
19593,28,Mississippi,280452,0,1,1,0,1,NOT APPLICABLE,September,24,Sunday,7,10,Rural,High Speed (Arterial),No,33.79969722,-90.86771389,Non-Intersection,Daylight,Clear,Unknown,Unknown if Notified,Unknown EMS Scene Arrival Hour,Unknown if Arrived,Not Applicable (Not Transported),Not Applicable (Not Transported),1,Daylight,Clear,1,0,['Driver'],['None_Used'],0,0,Valid,0.0,1.0,35.0,35.0,['Male'],0,0,3,4,3,Dry,Straight,Level,Lowest,No
19594,28,Mississippi,280453,0,2,2,0,4,NOT APPLICABLE,September,24,Sunday,9,48,Rural,Medium Speed (Collector),No,31.61934167,-89.34110833,Simple Junction,Daylight,Clear,Unknown,Unknown,Unknown EMS Scene Arrival Hour,Unknown EMS Scene Arrival Minutes,Unknown,Unknown EMS Hospital Arrival Time,1,Daylight,Clear,1,3,['Driver'],['None_Used'],0,0,Valid,0.0,0.0,91.0,30.0,"['Male', 'Male']",0,0,2,4,5,Dry,Straight,Grade/Hillcrest,Lowest,No
19595,28,Mississippi,280454,0,2,2,0,3,NOT APPLICABLE,September,24,Sunday,13,51,Rural,Low Speed (Local),No,32.37574722,-89.35441111,Non-Intersection,Daylight,Clear,Unknown,Unknown if Notified,Unknown EMS Scene Arrival Hour,Unknown if Arrived,Not Applicable (Not Transported),Not Applicable (Not Transported),1,Daylight,Clear,1,2,['Driver'],['None_Used'],0,0,Invalid,0.0,0.0,32.0,25.0,"['Male', 'Male']",1,0,5,4,5,Dry,Straight,Grade/Hillcrest,Lowest,No
19596,28,Mississippi,280455,0,1,1,0,1,NOT APPLICABLE,September,24,Sunday,20,37,Rural,Medium Speed (Collector),No,34.20278333,-88.91356944,Non-Intersection,Dark - Not Lighted,Clear,Unknown,Unknown if Notified,Unknown EMS Scene Arrival Hour,Unknown if Arrived,Not Applicable (Not Transported),Not Applicable (Not Transported),1,Dark - Unlighted,Clear,1,0,['Driver'],['Shoulder_Lapbelt'],0,0,Valid,0.0,0.0,19.0,19.0,['Male'],0,0,2,4,3,Dry,Curve,Level,Lowest,No
19597,28,Mississippi,280456,0,1,1,0,1,NOT APPLICABLE,September,25,Monday,0,10,Rural,Low Speed (Local),No,30.76771667,-89.30420278,Non-Intersection,Dark - Not Lighted,Clear,Unknown,Unknown if Notified,Unknown EMS Scene Arrival Hour,Unknown if Arrived,Not Applicable (Not Transported),Not Applicable (Not Transported),1,Dark - Unlighted,Clear,1,0,['Driver'],['None_Used'],1,1,Invalid,0.0,0.0,31.0,31.0,['Female'],1,0,2,4,3,Dry,Curve,Level,Lowest,No
19598,28,Mississippi,280457,1,1,1,0,1,JACKSON,September,25,Monday,5,52,Urban,High Speed (Arterial),Yes,32.33055278,-90.25950833,Non-Intersection,Dawn,Rain,Unknown,Unknown if Notified,Unknown EMS Scene Arrival Hour,Unknown if Arrived,Not Applicable (Not Transported),Not Applicable (Not Transported),1,Twilight,Rain/Wind/Minor,0,1,[],[],0,0,Invalid,0.0,0.0,29.0,29.0,['Male'],0,0,2,3,4,Wet/Standing Water,Straight,Level,Lowest,No
19599,28,Mississippi,280458,0,1,1,0,1,NOT APPLICABLE,September,26,Tuesday,3,0,Rural,Medium Speed (Collector),No,32.00271667,-88.99738333,Non-Intersection,Dark - Not Lighted,Rain,Unknown,Unknown,Unknown EMS Scene Arrival Hour,Unknown EMS Scene Arrival Minutes,Not Applicable (Not Transported),Not Applicable (Not Transported),1,Dark - Unlighted,Rain/Wind/Minor,1,0,['Driver'],['Shoulder_Lapbelt'],0,0,Valid,0.0,0.0,48.0,48.0,['Male'],0,0,3,4,3,Wet/Standing Water,Curve,Level,Lowest,No
19600,28,Mississippi,280459,0,1,1,0,1,NOT APPLICABLE,September,28,Thursday,18,20,Rural,Low Speed (Local),No,33.60984167,-88.36751111,Non-Intersection,Dusk,Clear,Unknown,Unknown,Unknown EMS Scene Arrival Hour,Unknown EMS Scene Arrival Minutes,Unknown,Unknown EMS Hospital Arrival Time,1,Twilight,Clear,1,0,['Driver'],['Shoulder_Lapbelt'],0,0,Valid,0.0,0.0,17.0,17.0,['Male'],0,0,3,4,3,Dry,Straight,Level,Lowest,No
19601,28,Mississippi,280460,0,2,2,0,3,NOT APPLICABLE,September,29,Friday,4,59,Urban,High Speed (Arterial),Yes,34.96529722,-90.14175278,Non-Intersection,Daylight,Clear,Unknown,Unknown if Notified,Unknown EMS Scene Arrival Hour,Unknown if Arrived,Not Applicable (Not Transported),Not Applicable (Not Transported),1,Daylight,Clear,1,2,['Driver'],['None_Used'],0,0,Valid,0.0,1.0,59.0,33.0,"['Male', 'Male']",0,0,4,4,5,Dry,Straight,Level,Lowest,No
19602,28,Mississippi,280461,1,1,1,0,1,GREENVILLE,September,29,Friday,21,55,Urban,Medium Speed (Collector),No,33.39823333,-91.06625833,Non-Intersection,Dark - Lighted,Clear,Unknown,Unknown,Unknown EMS Scene Arrival Hour,Unknown EMS Scene Arrival Minutes,Unknown,Unknown EMS Hospital Arrival Time,1,Dark - Lighted,Clear,0,1,[],[],0,0,Invalid,0.0,0.0,999.0,999.0,['Other'],0,0,1,0,4,Dry,Straight,Level,Lowest,No
19603,28,Mississippi,280462,0,2,2,0,3,NOT APPLICABLE,September,29,Friday,23,14,Urban,Medium Speed (Collector),No,34.29505278,-89.86012222,Non-Intersection,Dark - Not Lighted,Clear,Unknown,Unknown if Notified,Unknown EMS Scene Arrival Hour,Unknown if Arrived,Not Applicable (Not Transported),Not Applicable (Not Transported),1,Dark - Unlighted,Clear,1,2,['Driver'],['None_Used'],1,1,Invalid,0.0,0.0,37.0,37.0,"['Male', 'Male']",2,0,5,4,5,Dry,Straight,Level,Lowest,No
19604,28,Mississippi,280463,0,1,1,0,1,NOT APPLICABLE,September,30,Saturday,20,42,Rural,Medium Speed (Collector),No,34.22855,-88.43395278,Non-Intersection,Dark - Not Lighted,Clear,Unknown,Unknown,Unknown EMS Scene Arrival Hour,Unknown EMS Scene Arrival Minutes,Not Applicable (Not Transported),Not Applicable (Not Transported),1,Dark - Unlighted,Clear,1,0,['Driver'],['None_Used'],1,1,Invalid,0.0,0.0,40.0,40.0,['Male'],1,0,3,4,3,Dry,Curve,Level,Lowest,No
19605,28,Mississippi,280464,0,2,2,0,3,NOT APPLICABLE,October,1,Sunday,10,34,Urban,High Speed (Arterial),Yes,30.40342222,-89.25316111,Non-Intersection,Daylight,Clear,Unknown,Unknown,Unknown EMS Scene Arrival Hour,Unknown EMS Scene Arrival Minutes,Unknown,Unknown EMS Hospital Arrival Time,1,Daylight,Clear,1,2,['Driver'],['None_Used'],0,0,Valid,1.0,1.0,80.0,41.0,"['Female', 'Male']",0,0,3,4,5,Dry,Straight,Level,Lowest,No
19606,28,Mississippi,280465,0,1,1,0,1,WEST POINT,August,11,Friday,14,20,Urban,Medium Speed (Collector),No,33.60968333,-88.65039722,Non-Intersection,Daylight,Clear,Unknown,Unknown,Unknown EMS Scene Arrival Hour,Unknown EMS Scene Arrival Minutes,Unknown,Unknown EMS Hospital Arrival Time,1,Daylight,Clear,1,0,['Driver'],['Shoulder_Lapbelt'],0,0,Valid,0.0,0.0,70.0,70.0,['Male'],0,0,2,4,3,Dry,Straight,Level,Lowest,No