,State_Code,State_Name,Crash_ID,Count_Non_Motorists,Count_Vehicles_Total,Count_Vehicle_Forms,Count_PVH_Involved,Count_Occupants_MV,City_Name,Month_Name,Day_of_Month,Day_of_Week,Crash_Hour,Crash_Minute,Area_Rural_Urban,Road_Functional_Class,On_NHS_Road,Latitude,Longitude,Intersection_Type,Light_Condition,Weather_Condition,Notif_Hour,Notif_Minute,Arrival_Hour,Arrival_Minute,Hospital_Hour,Hospital_Minute,Fatalities_Count,Clean_Light_Condition,Clean_Weather_Condition,Total_Killed,Total_Alive,Fatal_Seats_List,Killed_Restraint_List,Any_Driver_Drinking,Total_Drinking_Drivers,Driver_License_Category,Driver_Max_Prev_Accident_Count,Driver_Max_Prev_Speeding_Count,Max_Driver_Age,Min_Driver_Age,Driver_Sex_List,Total_Exceeding_Limit_Vehicles,Total_Too_Fast_Vehicles,Max_Vehicle_Type_Severity_5,Max_Vehicle_Damage_Rank,Max_Harmful_Event_Severity,Crash_Road_Surface_Condition,Crash_Horizontal_Alignment,Crash_Vertical_Profile,Crash_Impairment_Category,Crash_Vehicle_Defect
19607,28,Mississippi,280466,0,2,2,0,2,SALTILLO,August,31,Thursday,11,4,Rural,Medium Speed (Collector),No,34.38215,-88.69523889,Complex/Circle,Daylight,Clear,Unknown,Unknown,Unknown EMS Scene Arrival Hour,Unknown EMS Scene Arrival Minutes,Unknown,Unknown EMS Hospital Arrival Time,1,Daylight,Clear,1,1,['Driver'],['Shoulder_Lapbelt'],0,0,Valid,0.0,0.0,89.0,29.0,"['Female', 'Male']",0,0,3,4,5,Dry,Straight,Level,Lowest,No
19608,28,Mississippi,280467,0,1,1,0,1,NOT APPLICABLE,September,2,Saturday,8,48,Rural,Low Speed (Local),No,30.57603611,-89.57578611,Non-Intersection,Daylight,Clear,Unknown,Unknown,Unknown EMS Scene Arrival Hour,Unknown EMS Scene Arrival Minutes,Unknown,Unknown EMS Hospital Arrival Time,1,Daylight,Clear,1,0,['Driver'],['None_Used'],0,0,Valid,0.0,0.0,31.0,31.0,['Female'],0,0,3,4,3,Dry,Straight,Level,Lowest,No
19609,28,Mississippi,280468,0,2,2,0,4,INDIANOLA,September,12,Tuesday,9,53,Urban,High Speed (Arterial),Yes,33.45808611,-90.64526111,Complex/Circle,Daylight,Clear,Unknown,Unknown,Unknown EMS Scene Arrival Hour,Unknown EMS Scene Arrival Minutes,Unknown,Unknown EMS Hospital Arrival Time,2,Daylight,Clear,2,2,"['Driver', 'Front_Passenger']","['None_Used', 'None_Used']",0,0,Valid,0.0,2.0,33.0,27.0,"['Male', 'Female']",0,0,4,4,5,Dry,Straight,Level,Lowest,No
19610,28,Mississippi,280470,0,2,2,0,2,ABERDEEN,October,1,Sunday,17,41,Rural,High Speed (Arterial),Yes,33.81520278,-88.54404722,Complex/Circle,Daylight,Clear,Unknown,Unknown,Unknown EMS Scene Arrival Hour,Unknown EMS Scene Arrival Minutes,Unknown,Unknown EMS Hospital Arrival Time,1,Daylight,Clear,1,1,['Driver'],['None_Used'],0,0,Valid,0.0,0.0,71.0,28.0,"['Male', 'Female']",0,0,5,4,5,Dry,Straight,Level,Lowest,No
19611,28,Mississippi,280471,0,1,1,0,1,NOT APPLICABLE,October,2,Monday,7,26,Rural,Medium Speed (Collector),No,34.50255833,-88.96625278,Non-Intersection,Daylight,Clear,Unknown,Unknown,Unknown EMS Scene Arrival Hour,Unknown EMS Scene Arrival Minutes,Unknown,Unknown EMS Hospital Arrival Time,1,Daylight,Clear,1,0,['Driver'],['Shoulder_Lapbelt'],0,0,Valid,0.0,0.0,63.0,63.0,['Male'],0,0,4,4,3,Dry,Curve,Level,Lowest,No
19612,28,Mississippi,280472,0,1,1,0,1,GRENADA,October,2,Monday,14,32,Urban,High Speed (Arterial),Yes,33.79946389,-89.83943889,Non-Intersection,Daylight,Clear,Unknown,Unknown,Unknown EMS Scene Arrival Hour,Unknown EMS Scene Arrival Minutes,Unknown,Unknown EMS Hospital Arrival Time,1,Daylight,Clear,1,0,['Driver'],['Shoulder_Lapbelt'],0,0,Valid,0.0,0.0,19.0,19.0,['Male'],0,0,1,4,3,Dry,Straight,Level,Lowest,No
19613,28,Mississippi,280473,0,2,2,0,2,NOT APPLICABLE,October,2,Monday,23,43,Rural,High Speed (Arterial),Yes,31.10928056,-88.81406667,Simple Junction,Dark - Not Lighted,Clear,Unknown,Unknown,Unknown EMS Scene Arrival Hour,Unknown EMS Scene Arrival Minutes,Unknown,Unknown EMS Hospital Arrival Time,1,Dark - Unlighted,Clear,1,1,['Driver'],['None_Used'],0,0,Valid,0.0,0.0,61.0,41.0,"['Male', 'Male']",0,0,4,4,5,Dry,Straight,Level,Lowest,No
19614,28,Mississippi,280474,0,1,1,0,1,NOT APPLICABLE,October,3,Tuesday,10,28,Rural,Medium Speed (Collector),No,31.46733611,-88.99277778,Non-Intersection,Daylight,Clear,Unknown,Unknown,Unknown EMS Scene Arrival Hour,Unknown EMS Scene Arrival Minutes,Unknown,Unknown EMS Hospital Arrival Time,1,Daylight,Clear,1,0,['Driver'],['Shoulder_Lapbelt'],0,0,Valid,0.0,0.0,76.0,76.0,['Male'],0,0,3,4,3,Dry,Straight,Level,Lowest,No
19615,28,Mississippi,280475,0,1,1,0,1,NOT APPLICABLE,October,4,Wednesday,15,23,Rural,Medium Speed (Collector),No,30.54181667,-88.67134722,Non-Intersection,Daylight,Clear,Unknown,Unknown if Notified,Unknown EMS Scene Arrival Hour,Unknown if Arrived,Not Applicable (Not Transported),Not Applicable (Not Transported),1,Daylight,Clear,1,0,['Driver'],['Shoulder_Lapbelt'],0,0,Valid,0.0,0.0,20.0,20.0,['Female'],0,0,2,4,3,Dry,Curve,Grade/Hillcrest,Lowest,No
19616,28,Mississippi,280476,0,1,1,0,1,NOT APPLICABLE,October,4,Wednesday,20,10,Rural,High Speed (Arterial),Yes,31.70371389,-88.64894444,Non-Intersection,Dark - Not Lighted,Clear,Unknown,Unknown,Unknown EMS Scene Arrival Hour,Unknown EMS Scene Arrival Minutes,Unknown,Unknown EMS Hospital Arrival Time,1,Dark - Unlighted,Clear,1,0,['Driver'],['Shoulder_Lapbelt'],0,0,Valid,0.0,0.0,53.0,53.0,['Male'],0,0,3,4,3,Dry,Curve,Level,Lowest,No
19617,28,Mississippi,280477,0,1,1,0,1,NOT APPLICABLE,October,5,Thursday,7,0,Rural,Low Speed (Local),No,32.14421667,-90.6134,Non-Intersection,Daylight,Clear,Unknown,Unknown if Notified,Unknown EMS Scene Arrival Hour,Unknown if Arrived,Not Applicable (Not Transported),Not Applicable (Not Transported),1,Daylight,Clear,1,0,['Driver'],['Shoulder_Lapbelt'],0,0,Valid,0.0,0.0,60.0,60.0,['Male'],0,0,4,4,3,Dry,Straight,Level,Lowest,No
19618,28,Mississippi,280478,1,1,1,0,2,TUPELO,October,5,Thursday,21,22,Urban,High Speed (Arterial),Yes,34.25748333,-88.70478611,Non-Intersection,Dark - Not Lighted,Rain,Unknown,Unknown,Unknown EMS Scene Arrival Hour,Unknown EMS Scene Arrival Minutes,Unknown,Unknown EMS Hospital Arrival Time,1,Dark - Unlighted,Rain/Wind/Minor,0,2,[],[],0,0,Valid,0.0,0.0,19.0,19.0,['Male'],0,0,2,4,4,Wet/Standing Water,Straight,Level,Lowest,No
19619,28,Mississippi,280479,0,1,1,0,2,NOT APPLICABLE,October,8,Sunday,17,21,Rural,Low Speed (Local),No,32.82504167,-90.43499722,Non-Intersection,Daylight,Clear,Unknown,Unknown,Unknown EMS Scene Arrival Hour,Unknown EMS Scene Arrival Minutes,Not Applicable (Not Transported),Not Applicable (Not Transported),1,Daylight,Clear,1,1,['Driver'],['None_Used'],0,0,Invalid,0.0,0.0,15.0,15.0,['Male'],0,0,5,3,3,Dry,Straight,Level,Lowest,No
19620,28,Mississippi,280480,0,2,2,0,3,NOT APPLICABLE,October,11,Wednesday,10,22,Rural,Medium Speed (Collector),No,31.21096111,-90.523775,Non-Intersection,Daylight,Rain,Unknown,Unknown,Unknown EMS Scene Arrival Hour,Unknown EMS Scene Arrival Minutes,Unknown,Unknown EMS Hospital Arrival Time,1,Daylight,Rain/Wind/Minor,1,2,['Driver'],['Shoulder_Lapbelt'],0,0,Invalid,0.0,0.0,69.0,22.0,"['Male', 'Male']",0,0,4,4,5,Wet/Standing Water,Straight,Level,Lowest,No
19621,28,Mississippi,280481,0,1,1,0,2,NOT APPLICABLE,October,12,Thursday,18,57,Rural,Medium Speed (Collector),No,30.48489722,-89.32370833,Non-Intersection,Dark - Not Lighted,Clear,Unknown,Unknown,Unknown EMS Scene Arrival Hour,Unknown EMS Scene Arrival Minutes,Unknown,Unknown EMS Hospital Arrival Time,1,Dark - Unlighted,Clear,1,1,['Front_Passenger'],['None_Used'],0,0,Invalid,0.0,0.0,34.0,34.0,['Male'],2,0,2,4,3,Dry,Straight,Level,Lowest,No
19622,28,Mississippi,280482,0,1,1,0,1,NOT APPLICABLE,October,13,Friday,2,33,Rural,Medium Speed (Collector),No,34.02379444,-89.10318611,Non-Intersection,Dark - Not Lighted,Clear,Unknown,Unknown,Unknown EMS Scene Arrival Hour,Unknown EMS Scene Arrival Minutes,Not Applicable (Not Transported),Not Applicable (Not Transported),1,Dark - Unlighted,Clear,1,0,['Driver'],['None_Used'],0,0,Invalid,0.0,0.0,37.0,37.0,['Male'],0,0,5,3,2,Dry,Straight,Level,Lowest,No
19623,28,Mississippi,280483,0,2,2,0,6,WALNUT,October,13,Friday,6,0,Rural,High Speed (Arterial),Yes,34.95117778,-88.90815556,Simple Junction,Dark - Not Lighted,Clear,Unknown,Unknown,Unknown EMS Scene Arrival Hour,Unknown EMS Scene Arrival Minutes,Unknown,Unknown EMS Hospital Arrival Time,2,Dark - Unlighted,Clear,2,4,"['Driver', 'Front_Passenger']","['Shoulder_Lapbelt', 'None_Used']",0,0,Valid,0.0,0.0,58.0,37.0,"['Female', 'Female']",0,0,4,4,5,Dry,Straight,Grade/Hillcrest,Lowest,No
19624,28,Mississippi,280484,1,1,1,0,1,NOT APPLICABLE,September,30,Saturday,1,20,Rural,Medium Speed (Collector),No,34.188225,-88.65543611,Non-Intersection,Dark - Not Lighted,Clear,Unknown,Unknown,Unknown EMS Scene Arrival Hour,Unknown EMS Scene Arrival Minutes,Not Applicable (Not Transported),Not Applicable (Not Transported),1,Dark - Unlighted,Clear,0,1,[],[],0,0,Invalid,0.0,0.0,53.0,53.0,['Male'],0,0,3,0,4,Dry,Straight,Level,Lowest,No
19625,28,Mississippi,280485,0,3,3,0,3,JACKSON,October,3,Tuesday,0,54,Urban,High Speed (Arterial),Yes,32.28943889,-90.24189167,Non-Intersection,Dark - Lighted,Clear,Unknown,Unknown,Unknown EMS Scene Arrival Hour,Unknown EMS Scene Arrival Minutes,Unknown,Unknown EMS Hospital Arrival Time,1,Dark - Lighted,Clear,1,2,['Driver'],['Shoulder_Lapbelt'],0,0,Valid,0.0,0.0,999.0,26.0,"['Male', 'Male', 'Other']",0,0,2,4,5,Dry,Straight,Level,Lowest,No
19626,28,Mississippi,280486,0,1,1,0,1,PICAYUNE,October,3,Tuesday,22,51,Urban,Medium Speed (Collector),No,30.55767222,-89.66561111,Non-Intersection,Dark - Lighted,Clear,Unknown,Unknown if Notified,Unknown EMS Scene Arrival Hour,Unknown if Arrived,Not Applicable (Not Transported),Not Applicable (Not Transported),1,Dark - Lighted,Clear,1,0,['Driver'],['Shoulder_Lapbelt'],0,0,Valid,0.0,0.0,63.0,63.0,['Female'],0,0,3,4,3,Dry,Straight,Level,Lowest,No
19627,28,Mississippi,280487,0,2,2,0,2,NOT APPLICABLE,October,6,Friday,16,41,Rural,Medium Speed (Collector),No,31.18730278,-90.10858333,Non-Intersection,Daylight,Clear,Unknown,Unknown,Unknown EMS Scene Arrival Hour,Unknown EMS Scene Arrival Minutes,Unknown,Unknown EMS Hospital Arrival Time,1,Daylight,Clear,1,1,['Driver'],['Shoulder_Lapbelt'],0,0,Invalid,0.0,0.0,71.0,35.0,"['Male', 'Female']",0,0,3,4,5,Dry,Straight,Level,Lowest,No
19628,28,Mississippi,280488,0,2,2,0,2,PICAYUNE,October,7,Saturday,17,9,Urban,High Speed (Arterial),Yes,30.51988889,-89.64732778,Simple Junction,Daylight,Clear,Unknown,Unknown,Unknown EMS Scene Arrival Hour,Unknown EMS Scene Arrival Minutes,Not Applicable (Not Transported),Not Applicable (Not Transported),1,Daylight,Clear,1,1,['Driver'],['None_Used'],0,0,Valid,0.0,0.0,65.0,48.0,"['Female', 'Male']",0,0,5,4,5,Dry,Straight,Level,Lowest,No
19629,28,Mississippi,280489,0,1,1,0,1,NOT APPLICABLE,October,10,Tuesday,21,22,Rural,Medium Speed (Collector),No,33.478,-89.00787222,Non-Intersection,Dark - Not Lighted,Clear,Unknown,Unknown,Unknown EMS Scene Arrival Hour,Unknown EMS Scene Arrival Minutes,Unknown,Unknown EMS Hospital Arrival Time,1,Dark - Unlighted,Clear,1,0,['Driver'],['None_Used'],0,0,Valid,0.0,0.0,67.0,67.0,['Male'],0,0,2,4,3,Dry,Straight,Level,Medium,No
19630,28,Mississippi,280490,0,1,1,0,1,NOT APPLICABLE,October,11,Wednesday,6,41,Rural,Medium Speed (Collector),No,33.73768889,-90.40845,Non-Intersection,Dawn,Cloudy,Unknown,Unknown if Notified,Unknown EMS Scene Arrival Hour,Unknown if Arrived,Not Applicable (Not Transported),Not Applicable (Not Transported),1,Twilight,Reduced Visibility,1,0,['Driver'],['None_Used'],0,0,Valid,0.0,0.0,19.0,19.0,['Male'],0,0,3,4,3,Dry,Straight,Level,Lowest,No
19631,28,Mississippi,280491,0,3,3,0,4,HERNANDO,October,11,Wednesday,12,32,Urban,High Speed (Arterial),Yes,34.87293056,-89.99108889,Non-Intersection,Daylight,Clear,Unknown,Unknown,Unknown EMS Scene Arrival Hour,Unknown EMS Scene Arrival Minutes,Unknown,Unknown EMS Hospital Arrival Time,1,Daylight,Clear,1,3,['Driver'],['Shoulder_Lapbelt'],0,0,Valid,0.0,0.0,40.0,33.0,"['Male', 'Male', 'Male']",1,0,4,4,5,Dry,Straight,Grade/Hillcrest,Lowest,Yes
19632,28,Mississippi,280492,0,1,1,0,1,NOT APPLICABLE,October,12,Thursday,7,27,Rural,Medium Speed (Collector),No,32.02981389,-90.39566389,Non-Intersection,Daylight,Clear,Unknown,Unknown if Notified,Unknown EMS Scene Arrival Hour,Unknown if Arrived,Not Applicable (Not Transported),Not Applicable (Not Transported),1,Daylight,Clear,1,0,['Driver'],['Shoulder_Lapbelt'],0,0,Valid,0.0,0.0,20.0,20.0,['Male'],0,0,3,4,3,Dry,Curve,Level,Lowest,No
19633,28,Mississippi,280493,0,1,1,0,1,NOT APPLICABLE,October,12,Thursday,16,57,Rural,Medium Speed (Collector),No,34.81268333,-89.52049722,Non-Intersection,Daylight,Clear,Unknown,Unknown if Notified,Unknown EMS Scene Arrival Hour,Unknown if Arrived,Not Applicable (Not Transported),Not Applicable (Not Transported),1,Daylight,Clear,1,0,['Driver'],['None_Used'],0,0,Invalid,0.0,0.0,17.0,17.0,['Female'],0,0,3,4,3,Dry,Straight,Level,Lowest,No
19634,28,Mississippi,280494,1,1,1,0,1,MARKS,October,13,Friday,19,10,Rural,Medium Speed (Collector),No,34.25936111,-90.27374167,Non-Intersection,Dark - Not Lighted,Clear,Unknown,Unknown if Notified,Unknown EMS Scene Arrival Hour,Unknown if Arrived,Not Applicable (Not Transported),Not Applicable (Not Transported),1,Dark - Unlighted,Clear,0,1,[],[],0,0,Valid,0.0,2.0,37.0,37.0,['Male'],0,0,3,2,4,Dry,Straight,Level,Lowest,No
19635,28,Mississippi,280495,0,1,1,0,1,NOT APPLICABLE,October,14,Saturday,12,58,Rural,High Speed (Arterial),Yes,30.58470833,-89.12729444,Non-Intersection,Daylight,Clear,Unknown,Unknown if Notified,Unknown EMS Scene Arrival Hour,Unknown if Arrived,Not Applicable (Not Transported),Not Applicable (Not Transported),1,Daylight,Clear,1,0,['Driver'],['None_Used'],0,0,Valid,0.0,0.0,35.0,35.0,['Male'],1,0,5,4,2,Dry,Curve,Level,Lowest,No
19636,28,Mississippi,280496,0,3,3,0,5,NOT APPLICABLE,October,14,Saturday,13,45,Rural,Medium Speed (Collector),No,34.93348611,-89.68871111,Simple Junction,Daylight,Clear,Unknown,Unknown if Notified,Unknown EMS Scene Arrival Hour,Unknown if Arrived,Not Applicable (Not Transported),Not Applicable (Not Transported),1,Daylight,Clear,1,4,['Driver'],['None_Used'],0,0,Valid,0.0,1.0,64.0,20.0,"['Male', 'Female', 'Female']",2,0,3,4,5,Dry,Straight,Level,Lowest,No
19637,28,Mississippi,280497,0,2,2,0,3,NOT APPLICABLE,October,14,Saturday,21,9,Rural,Medium Speed (Collector),No,32.31585278,-90.81076944,Non-Intersection,Dark - Not Lighted,Clear,Unknown,Unknown,Unknown EMS Scene Arrival Hour,Unknown EMS Scene Arrival Minutes,Unknown,Unknown EMS Hospital Arrival Time,1,Dark - Unlighted,Clear,1,2,['Driver'],['Shoulder_Lapbelt'],0,0,Valid,0.0,0.0,28.0,27.0,"['Female', 'Female']",0,0,3,4,5,Dry,Straight,Level,Lowest,No
19638,28,Mississippi,280498,0,1,1,0,1,NOT APPLICABLE,October,15,Sunday,2,20,Rural,Low Speed (Local),No,33.26910278,-91.03578333,Non-Intersection,Dark - Not Lighted,Clear,Unknown,Unknown,Unknown EMS Scene Arrival Hour,Unknown EMS Scene Arrival Minutes,Unknown,Unknown EMS Hospital Arrival Time,1,Dark - Unlighted,Clear,1,0,['Driver'],['Shoulder_Lapbelt'],1,1,Valid,0.0,0.0,26.0,26.0,['Male'],0,0,2,4,3,Loose/Unpaved,Straight,Level,Lowest,No
19639,28,Mississippi,280499,0,1,1,0,1,NOT APPLICABLE,October,15,Sunday,4,35,Rural,Medium Speed (Collector),No,32.29249167,-88.76771667,Non-Intersection,Dark - Not Lighted,Clear,Unknown,Unknown,Unknown EMS Scene Arrival Hour,Unknown EMS Scene Arrival Minutes,Not Applicable (Not Transported),Not Applicable (Not Transported),1,Dark - Unlighted,Clear,1,0,['Driver'],['Shoulder_Lapbelt'],0,0,Valid,0.0,0.0,18.0,18.0,['Male'],1,0,2,4,3,Dry,Curve,Level,Lowest,No
19640,28,Mississippi,280500,0,1,1,0,1,NOT APPLICABLE,October,15,Sunday,13,0,Rural,Medium Speed (Collector),No,34.61926667,-90.06216667,Non-Intersection,Daylight,Cloudy,Unknown,Unknown if Notified,Unknown EMS Scene Arrival Hour,Unknown if Arrived,Not Applicable (Not Transported),Not Applicable (Not Transported),1,Daylight,Reduced Visibility,1,0,['Driver'],['None_Used'],0,0,Invalid,0.0,0.0,36.0,36.0,['Female'],0,0,2,4,3,Dry,Straight,Grade/Hillcrest,Lowest,No
19641,28,Mississippi,280502,0,1,1,0,1,NOT APPLICABLE,October,19,Thursday,14,18,Rural,High Speed (Arterial),Yes,31.65533333,-89.53305278,Non-Intersection,Daylight,Clear,Unknown,Unknown,Unknown EMS Scene Arrival Hour,Unknown EMS Scene Arrival Minutes,Unknown,Unknown EMS Hospital Arrival Time,1,Daylight,Clear,1,0,['Driver'],['None_Used'],0,0,Invalid,0.0,0.0,26.0,26.0,['Male'],0,0,3,4,3,Dry,Straight,Grade/Hillcrest,Lowest,No
19642,28,Mississippi,280503,0,3,3,0,7,NOT APPLICABLE,October,9,Monday,16,3,Rural,Medium Speed (Collector),No,32.71397222,-90.51338611,Non-Intersection,Daylight,Clear,Unknown,Unknown,Unknown EMS Scene Arrival Hour,Unknown EMS Scene Arrival Minutes,Unknown,Unknown EMS Hospital Arrival Time,1,Daylight,Clear,1,6,['Driver'],['Shoulder_Lapbelt'],0,0,Invalid,0.0,0.0,62.0,32.0,"['Male', 'Male', 'Female']",0,0,3,4,5,Dry,Straight,Level,Lowest,No
19643,28,Mississippi,280504,0,2,2,0,2,NOT APPLICABLE,October,14,Saturday,23,56,Rural,Medium Speed (Collector),No,32.64586667,-89.48693889,Non-Intersection,Dark - Not Lighted,Clear,Unknown,Unknown,Unknown EMS Scene Arrival Hour,Unknown EMS Scene Arrival Minutes,Unknown,Unknown EMS Hospital Arrival Time,1,Dark - Unlighted,Clear,1,1,['Driver'],['Shoulder_Lapbelt'],1,1,Invalid,0.0,0.0,45.0,42.0,"['Male', 'Male']",0,0,3,4,5,Dry,Straight,Level,Lowest,No
19644,28,Mississippi,280505,0,2,1,1,1,NOT APPLICABLE,October,17,Tuesday,14,24,Rural,Medium Speed (Collector),No,32.42633333,-88.456225,Non-Intersection,Daylight,Clear,Unknown,Unknown,Unknown EMS Scene Arrival Hour,Unknown EMS Scene Arrival Minutes,Unknown,Unknown EMS Hospital Arrival Time,1,Daylight,Clear,1,0,['Driver'],['None_Used'],0,0,Valid,0.0,0.0,64.0,64.0,['Male'],0,0,4,4,2,Dry,Straight,Level,Lowest,No
19645,28,Mississippi,280506,0,1,1,0,1,NOT APPLICABLE,October,17,Tuesday,17,8,Rural,Medium Speed (Collector),No,32.65168333,-89.24731389,Non-Intersection,Daylight,Clear,Unknown,Unknown if Notified,Unknown EMS Scene Arrival Hour,Unknown if Arrived,Not Applicable (Not Transported),Not Applicable (Not Transported),1,Daylight,Clear,1,0,['Driver'],['None_Used'],0,0,Valid,0.0,0.0,90.0,90.0,['Male'],0,0,2,4,3,Dry,Straight,Level,Lowest,No
19646,28,Mississippi,280507,0,1,1,0,1,NOT APPLICABLE,October,25,Wednesday,7,13,Rural,High Speed (Arterial),Yes,34.85939167,-90.24871667,Non-Intersection,Daylight,Clear,Unknown,Unknown,Unknown EMS Scene Arrival Hour,Unknown EMS Scene Arrival Minutes,Not Applicable (Not Transported),Not Applicable (Not Transported),1,Daylight,Clear,1,0,['Driver'],['None_Used'],0,0,Invalid,0.0,0.0,35.0,35.0,['Male'],1,0,2,4,3,Dry,Straight,Level,Lowest,No
19647,28,Mississippi,280508,0,1,1,0,1,NOT APPLICABLE,October,28,Saturday,20,7,Rural,High Speed (Arterial),Yes,32.72385833,-90.04743333,Non-Intersection,Dark - Not Lighted,Clear,Unknown,Unknown if Notified,Unknown EMS Scene Arrival Hour,Unknown if Arrived,Not Applicable (Not Transported),Not Applicable (Not Transported),1,Dark - Unlighted,Clear,1,0,['Driver'],['None_Used'],0,0,Valid,0.0,0.0,17.0,17.0,['Female'],0,0,2,4,3,Dry,Curve,Level,Lowest,No
19648,28,Mississippi,280509,0,2,2,0,6,NOT APPLICABLE,October,27,Friday,21,8,Rural,High Speed (Arterial),Yes,34.45309167,-90.49387222,Non-Intersection,Dark - Not Lighted,Clear,Unknown,Unknown,Unknown EMS Scene Arrival Hour,Unknown EMS Scene Arrival Minutes,Unknown,Unknown EMS Hospital Arrival Time,1,Dark - Unlighted,Clear,1,5,['Front_Passenger'],['Shoulder_Lapbelt'],1,1,Valid,1.0,2.0,32.0,25.0,"['Male', 'Male']",0,0,3,4,5,Dry,Straight,Level,Lowest,No
19649,28,Mississippi,280510,0,1,1,0,3,NOT APPLICABLE,October,30,Monday,8,51,Rural,Medium Speed (Collector),No,30.41804444,-89.55813056,Non-Intersection,Daylight,Clear,Unknown,Unknown,Unknown EMS Scene Arrival Hour,Unknown EMS Scene Arrival Minutes,Not Applicable (Not Transported),Not Applicable (Not Transported),3,Daylight,Clear,3,0,"['Driver', 'Front_Passenger', 'Front_Passenger']","['Shoulder_Lapbelt', 'Shoulder_Lapbelt', 'Shoulder_Lapbelt']",0,0,Invalid,0.0,0.0,18.0,18.0,['Male'],3,0,3,4,3,Dry,Straight,Level,Lowest,No
19650,28,Mississippi,280511,1,1,1,0,2,NOT APPLICABLE,November,1,Wednesday,10,45,Rural,Low Speed (Local),No,33.35164722,-88.30483056,Non-Intersection,Daylight,Clear,Unknown,Unknown if Notified,Unknown EMS Scene Arrival Hour,Unknown if Arrived,Not Applicable (Not Transported),Not Applicable (Not Transported),1,Daylight,Clear,0,2,[],[],0,0,Valid,0.0,0.0,33.0,33.0,['Male'],0,0,4,1,4,Dry,Straight,Level,Lowest,No
19651,28,Mississippi,280512,0,2,2,0,3,NOT APPLICABLE,November,2,Thursday,8,32,Rural,Medium Speed (Collector),No,34.73399722,-89.05156944,Non-Intersection,Daylight,Clear,Unknown,Unknown,Unknown EMS Scene Arrival Hour,Unknown EMS Scene Arrival Minutes,Unknown,Unknown EMS Hospital Arrival Time,1,Daylight,Clear,1,1,['Driver'],['Shoulder_Lapbelt'],0,0,Valid,0.0,0.0,50.0,28.0,"['Male', 'Male']",0,0,3,4,5,Dry,Straight,Level,Lowest,No
19652,28,Mississippi,280513,0,2,2,0,2,CANTON,November,4,Saturday,2,23,Urban,High Speed (Arterial),Yes,32.61981944,-90.065625,Non-Intersection,Dark - Lighted,Clear,Unknown,Unknown if Notified,Unknown EMS Scene Arrival Hour,Unknown if Arrived,Not Applicable (Not Transported),Not Applicable (Not Transported),1,Dark - Lighted,Clear,1,1,['Driver'],['Shoulder_Lapbelt'],1,1,Valid,0.0,1.0,46.0,39.0,"['Male', 'Male']",1,0,4,4,5,Dry,Straight,Level,Lowest,No
19653,28,Mississippi,280514,1,1,1,0,1,JACKSON,November,5,Sunday,1,32,Urban,High Speed (Arterial),Yes,32.28664444,-90.21176944,Non-Intersection,Dark - Not Lighted,Clear,Unknown,Unknown if Notified,Unknown EMS Scene Arrival Hour,Unknown if Arrived,Not Applicable (Not Transported),Not Applicable (Not Transported),1,Dark - Unlighted,Clear,0,1,[],[],0,0,Invalid,0.0,0.0,999.0,999.0,['Other'],0,0,1,0,4,Dry,Straight,Level,Lowest,No
19654,28,Mississippi,280515,0,3,2,1,2,NOT APPLICABLE,October,15,Sunday,19,34,Rural,Medium Speed (Collector),No,33.85318889,-88.47568056,Complex/Circle,Dark - Lighted,Clear,Unknown,Unknown if Notified,Unknown EMS Scene Arrival Hour,Unknown if Arrived,Not Applicable (Not Transported),Not Applicable (Not Transported),1,Dark - Lighted,Clear,1,1,['Driver'],['Shoulder_Lapbelt'],0,0,Valid,0.0,0.0,50.0,41.0,"['Female', 'Male']",0,0,3,4,5,Dry,Straight,Level,Lowest,No
19655,28,Mississippi,280517,0,1,1,0,2,NOT APPLICABLE,November,3,Friday,19,3,Rural,Medium Speed (Collector),No,31.41766944,-89.27891389,Non-Intersection,Dark - Not Lighted,Clear,Unknown,Unknown,Unknown EMS Scene Arrival Hour,Unknown EMS Scene Arrival Minutes,Unknown,Unknown EMS Hospital Arrival Time,1,Dark - Unlighted,Clear,1,1,['Front_Passenger'],['None_Used'],1,1,Valid,0.0,0.0,50.0,50.0,['Male'],0,0,2,4,3,Dry,Straight,Level,Lowest,No
19656,28,Mississippi,280518,0,2,2,0,2,JACKSON,November,3,Friday,20,30,Urban,Medium Speed (Collector),No,32.38426944,-90.137375,Non-Intersection,Dark - Not Lighted,Clear,Unknown,Unknown,Unknown EMS Scene Arrival Hour,Unknown EMS Scene Arrival Minutes,Unknown,Unknown EMS Hospital Arrival Time,1,Dark - Unlighted,Clear,1,1,['Driver'],['Shoulder_Lapbelt'],0,0,Valid,0.0,0.0,77.0,41.0,"['Male', 'Male']",0,0,3,4,5,Dry,Straight,Level,Lowest,No