,State_Code,State_Name,Crash_ID,Count_Non_Motorists,Count_Vehicles_Total,Count_Vehicle_Forms,Count_PVH_Involved,Count_Occupants_MV,City_Name,Month_Name,Day_of_Month,Day_of_Week,Crash_Hour,Crash_Minute,Area_Rural_Urban,Road_Functional_Class,On_NHS_Road,Latitude,Longitude,Intersection_Type,Light_Condition,Weather_Condition,Notif_Hour,Notif_Minute,Arrival_Hour,Arrival_Minute,Hospital_Hour,Hospital_Minute,Fatalities_Count,Clean_Light_Condition,Clean_Weather_Condition,Total_Killed,Total_Alive,Fatal_Seats_List,Killed_Restraint_List,Any_Driver_Drinking,Total_Drinking_Drivers,Driver_License_Category,Driver_Max_Prev_Accident_Count,Driver_Max_Prev_Speeding_Count,Max_Driver_Age,Min_Driver_Age,Driver_Sex_List,Total_Exceeding_Limit_Vehicles,Total_Too_Fast_Vehicles,Max_Vehicle_Type_Severity_5,Max_Vehicle_Damage_Rank,Max_Harmful_Event_Severity,Crash_Road_Surface_Condition,Crash_Horizontal_Alignment,Crash_Vertical_Profile,Crash_Impairment_Category,Crash_Vehicle_Defect
19657,28,Mississippi,280519,0,1,1,0,8,NOT APPLICABLE,October,16,Monday,4,52,Rural,High Speed (Arterial),Yes,32.35521389,-90.651925,Non-Intersection,Dark - Not Lighted,Clear,Unknown,Unknown,Unknown EMS Scene Arrival Hour,Unknown EMS Scene Arrival Minutes,Unknown,Unknown EMS Hospital Arrival Time,3,Dark - Unlighted,Clear,3,5,"['Rear_Seat', 'Front_Passenger', 'Rear_Seat']","['Shoulder_Lapbelt', 'Shoulder_Lapbelt', 'Shoulder_Lapbelt']",0,0,Invalid,0.0,0.0,41.0,41.0,['Male'],0,0,3,4,3,Dry,Curve,Level,Lowest,No
19658,28,Mississippi,280520,0,2,2,0,2,HATTIESBURG,October,22,Sunday,13,44,Urban,High Speed (Arterial),Yes,31.22400556,-89.26691389,Non-Intersection,Daylight,Clear,Unknown,Unknown,Unknown EMS Scene Arrival Hour,Unknown EMS Scene Arrival Minutes,Unknown,Unknown EMS Hospital Arrival Time,1,Daylight,Clear,1,1,['Driver'],['None_Used'],0,0,Valid,0.0,0.0,69.0,22.0,"['Male', 'Male']",1,0,5,4,5,Dry,Straight,Grade/Hillcrest,Lowest,No
19659,28,Mississippi,280521,0,1,1,0,1,NOT APPLICABLE,November,3,Friday,4,46,Rural,Medium Speed (Collector),No,31.23175278,-91.18118333,Non-Intersection,Dark - Not Lighted,Clear,Unknown,Unknown if Notified,Unknown EMS Scene Arrival Hour,Unknown if Arrived,Not Applicable (Not Transported),Not Applicable (Not Transported),1,Dark - Unlighted,Clear,1,0,['Driver'],['None_Used'],0,0,Invalid,0.0,0.0,47.0,47.0,['Male'],0,0,4,4,3,Dry,Straight,Level,Lowest,No
19660,28,Mississippi,280522,0,1,1,0,1,NOT APPLICABLE,November,3,Friday,21,35,Rural,Low Speed (Local),No,30.92988889,-88.57961389,Non-Intersection,Dark - Lighted,Clear,Unknown,Unknown if Notified,Unknown EMS Scene Arrival Hour,Unknown if Arrived,Not Applicable (Not Transported),Not Applicable (Not Transported),1,Dark - Lighted,Clear,1,0,['Driver'],['None_Used'],1,1,Valid,0.0,2.0,21.0,21.0,['Male'],0,0,3,4,3,Dry,Straight,Level,Lowest,No
19661,28,Mississippi,280523,0,2,2,0,2,NOT APPLICABLE,October,17,Tuesday,17,4,Rural,Medium Speed (Collector),No,31.71094722,-89.45964722,Complex/Circle,Daylight,Clear,Unknown,Unknown,Unknown EMS Scene Arrival Hour,Unknown EMS Scene Arrival Minutes,Unknown,Unknown EMS Hospital Arrival Time,1,Daylight,Clear,1,1,['Driver'],['Shoulder_Lapbelt'],1,1,Invalid,0.0,0.0,58.0,27.0,"['Male', 'Male']",0,0,2,4,5,Dry,Straight,Grade/Hillcrest,Lowest,No
19662,28,Mississippi,280524,0,1,1,0,1,NOT APPLICABLE,October,18,Wednesday,15,30,Rural,High Speed (Arterial),Yes,33.94394444,-88.72654444,Non-Intersection,Daylight,Clear,Unknown,Unknown if Notified,Unknown EMS Scene Arrival Hour,Unknown if Arrived,Not Applicable (Not Transported),Not Applicable (Not Transported),1,Daylight,Clear,1,0,['Driver'],['None_Used'],0,0,Valid,0.0,0.0,70.0,70.0,['Male'],0,0,3,4,3,Dry,Straight,Grade/Hillcrest,Lowest,No
19663,28,Mississippi,280525,0,1,1,0,1,NOT APPLICABLE,October,22,Sunday,7,15,Rural,Medium Speed (Collector),No,30.38233611,-89.45560278,Non-Intersection,Daylight,Clear,Unknown,Unknown,Unknown EMS Scene Arrival Hour,Unknown EMS Scene Arrival Minutes,Not Applicable (Not Transported),Not Applicable (Not Transported),1,Daylight,Clear,1,0,['Driver'],['Shoulder_Lapbelt'],0,0,Valid,0.0,0.0,43.0,43.0,['Male'],1,0,2,4,3,Dry,Curve,Level,Lowest,No
19664,28,Mississippi,280526,0,1,1,0,2,NOT APPLICABLE,October,22,Sunday,19,55,Urban,Medium Speed (Collector),No,32.31184444,-90.19558333,Non-Intersection,Dark - Not Lighted,Clear,Unknown,Unknown,Unknown EMS Scene Arrival Hour,Unknown EMS Scene Arrival Minutes,Unknown,Unknown EMS Hospital Arrival Time,1,Dark - Unlighted,Clear,1,1,['Driver'],['Shoulder_Lapbelt'],0,0,Invalid,0.0,0.0,16.0,16.0,['Male'],0,0,3,4,3,Dry,Straight,Level,Lowest,No
19665,28,Mississippi,280527,0,2,2,0,3,NOT APPLICABLE,October,24,Tuesday,14,43,Rural,High Speed (Arterial),Yes,34.93194167,-88.71646944,Complex/Circle,Daylight,Clear,Unknown,Unknown,Unknown EMS Scene Arrival Hour,Unknown EMS Scene Arrival Minutes,Unknown,Unknown EMS Hospital Arrival Time,1,Daylight,Clear,1,2,['Front_Passenger'],['Shoulder_Lapbelt'],0,0,Invalid,0.0,0.0,39.0,14.0,"['Female', 'Male']",0,0,2,4,5,Dry,Straight,Level,Lowest,No
19666,28,Mississippi,280528,0,2,2,0,5,NOT APPLICABLE,October,28,Saturday,6,43,Rural,High Speed (Arterial),Yes,32.24312222,-88.69028056,Complex/Circle,Dawn,Clear,Unknown,Unknown,Unknown EMS Scene Arrival Hour,Unknown EMS Scene Arrival Minutes,Unknown,Unknown EMS Hospital Arrival Time,1,Twilight,Clear,1,4,['Rear_Seat'],['Shoulder_Lapbelt'],0,0,Invalid,0.0,3.0,50.0,35.0,"['Female', 'Male']",0,0,3,4,5,Dry,Straight,Level,Lowest,No
19667,28,Mississippi,280529,0,1,1,0,2,VICKSBURG,October,29,Sunday,1,16,Urban,High Speed (Arterial),Yes,32.34526667,-90.84101111,Non-Intersection,Dark - Lighted,Clear,Unknown,Unknown,Unknown EMS Scene Arrival Hour,Unknown EMS Scene Arrival Minutes,Not Applicable (Not Transported),Not Applicable (Not Transported),2,Dark - Lighted,Clear,2,0,"['Driver', 'Front_Passenger']","['Shoulder_Lapbelt', 'Shoulder_Lapbelt']",1,1,Valid,0.0,2.0,26.0,26.0,['Male'],2,0,2,4,3,Dry,Curve,Level,Lowest,No
19668,28,Mississippi,280530,0,1,1,0,2,TUPELO,October,29,Sunday,1,48,Urban,Medium Speed (Collector),No,34.24504167,-88.70858611,Non-Intersection,Dark - Lighted,Reported as Unknown,Unknown,Unknown,Unknown EMS Scene Arrival Hour,Unknown EMS Scene Arrival Minutes,Unknown,Unknown EMS Hospital Arrival Time,1,Dark - Lighted,Clear,1,1,['Front_Passenger'],['Shoulder_Lapbelt'],0,0,Invalid,0.0,0.0,998.0,998.0,['Other'],0,0,2,4,3,Dry,Straight,Level,Lowest,No
19669,28,Mississippi,280531,0,1,1,0,1,NOT APPLICABLE,October,29,Sunday,17,12,Rural,Medium Speed (Collector),No,32.60232222,-89.27167778,Non-Intersection,Daylight,Clear,Unknown,Unknown,Unknown EMS Scene Arrival Hour,Unknown EMS Scene Arrival Minutes,Unknown,Unknown EMS Hospital Arrival Time,1,Daylight,Clear,1,0,['Driver'],['Shoulder_Lapbelt'],0,0,Valid,0.0,0.0,21.0,21.0,['Male'],0,0,3,4,3,Dry,Straight,Level,Medium,No
19670,28,Mississippi,280532,0,1,1,0,1,NOT APPLICABLE,January,5,Thursday,13,30,Rural,Low Speed (Local),No,77.7777,777.7777,Non-Intersection,Daylight,Not Reported,Unknown,Unknown,Unknown EMS Scene Arrival Hour,Unknown EMS Scene Arrival Minutes,Not Applicable (Not Transported),Not Applicable (Not Transported),1,Daylight,Clear,1,0,['Driver'],['Shoulder_Lapbelt'],0,0,Invalid,0.0,0.0,33.0,33.0,['Male'],1,0,3,4,3,Dry,Straight,Level,Lowest,No
19671,28,Mississippi,280533,1,1,1,0,1,NOT APPLICABLE,February,6,Monday,19,15,Urban,Medium Speed (Collector),No,77.7777,777.7777,Non-Intersection,Dark - Unknown Lighting,Not Reported,Unknown,Unknown if Notified,Unknown EMS Scene Arrival Hour,Unknown if Arrived,Not Applicable (Not Transported),Not Applicable (Not Transported),1,Dark - Unlighted,Clear,0,1,[],[],0,0,Valid,0.0,0.0,38.0,38.0,['Female'],0,0,3,0,4,Dry,Straight,Level,Lowest,No
19672,28,Mississippi,280534,1,1,1,0,2,JACKSON,February,13,Monday,12,57,Urban,High Speed (Arterial),Yes,32.28536389,-90.20683611,Non-Intersection,Daylight,Clear,Unknown,Unknown,Unknown EMS Scene Arrival Hour,Unknown EMS Scene Arrival Minutes,Unknown,Unknown EMS Hospital Arrival Time,1,Daylight,Clear,0,2,[],[],0,0,Valid,0.0,0.0,35.0,35.0,['Female'],0,0,3,2,4,Dry,Straight,Level,Lowest,No
19673,28,Mississippi,280535,0,2,2,0,5,NOT APPLICABLE,March,11,Saturday,20,8,Rural,Medium Speed (Collector),No,77.7777,777.7777,Non-Intersection,Dark - Unknown Lighting,Not Reported,Unknown,Unknown,Unknown EMS Scene Arrival Hour,Unknown EMS Scene Arrival Minutes,Unknown,Unknown EMS Hospital Arrival Time,1,Dark - Unlighted,Clear,1,4,['Driver'],['None_Used'],0,0,Invalid,0.0,0.0,998.0,39.0,"['Male', 'Male']",3,0,5,0,5,Dry,Straight,Level,Lowest,No
19674,28,Mississippi,280536,0,1,1,0,1,NOT APPLICABLE,March,14,Tuesday,17,18,Rural,Medium Speed (Collector),No,32.77705833,-89.60717222,Non-Intersection,Daylight,Clear,5:00pm-5:59pm,18,5:00pm-5:59pm,35,Not Applicable (Not Transported),Not Applicable (Not Transported),1,Daylight,Clear,1,0,['Driver'],['Shoulder_Lapbelt'],0,0,Invalid,0.0,0.0,21.0,21.0,['Female'],1,0,2,4,3,Dry,Straight,Level,Lowest,No
19675,28,Mississippi,280537,0,2,2,0,3,JACKSON,March,24,Friday,22,20,Urban,High Speed (Arterial),Yes,32.28885278,-90.22182778,Non-Intersection,Dark - Lighted,Cloudy,10:00pm-10:59pm,20,10:00pm-10:59pm,42,11:00pm-11:59pm,12,1,Dark - Lighted,Reduced Visibility,1,2,['Front_Passenger'],['Shoulder_Lapbelt'],0,0,Invalid,0.0,0.0,52.0,21.0,"['Male', 'Male']",0,0,3,4,5,Wet/Standing Water,Straight,Level,Lowest,No
19676,28,Mississippi,280538,0,1,1,0,1,FOREST,April,14,Friday,3,35,Rural,High Speed (Arterial),Yes,32.337825,-89.49310833,Non-Intersection,Dark - Not Lighted,Rain,Unknown,Unknown,Unknown EMS Scene Arrival Hour,Unknown EMS Scene Arrival Minutes,Unknown,Unknown EMS Hospital Arrival Time,1,Dark - Unlighted,Rain/Wind/Minor,1,0,['Driver'],['Shoulder_Lapbelt'],0,0,Invalid,0.0,0.0,20.0,20.0,['Male'],0,0,2,4,3,Wet/Standing Water,Straight,Level,Medium,No
19677,28,Mississippi,280539,0,1,1,0,1,ROSEDALE,April,15,Saturday,19,5,Rural,Low Speed (Local),No,77.7777,777.7777,Simple Junction,Daylight,Clear,Unknown,Unknown,Unknown EMS Scene Arrival Hour,Unknown EMS Scene Arrival Minutes,Unknown,Unknown EMS Hospital Arrival Time,1,Daylight,Clear,1,0,['Driver'],['None_Used'],0,0,Invalid,0.0,0.0,27.0,27.0,['Male'],1,0,3,4,3,Dry,Straight,Level,Lowest,No
19678,28,Mississippi,280540,0,2,2,0,2,CANTON,July,26,Wednesday,20,23,Urban,High Speed (Arterial),Yes,32.61302778,-89.98724167,Simple Junction,Dark - Lighted,Clear,Unknown,Unknown,Unknown EMS Scene Arrival Hour,Unknown EMS Scene Arrival Minutes,Unknown,Unknown EMS Hospital Arrival Time,1,Dark - Lighted,Clear,1,1,['Driver'],['Shoulder_Lapbelt'],0,0,Valid,0.0,0.0,66.0,43.0,"['Male', 'Male']",0,0,4,4,5,Dry,Curve,Level,Lowest,No
19679,28,Mississippi,280541,0,1,1,0,1,NOT APPLICABLE,July,27,Thursday,99,99,Rural,Low Speed (Local),No,77.7777,777.7777,Non-Intersection,Not Reported,Not Reported,Unknown,Unknown,Unknown EMS Scene Arrival Hour,Unknown EMS Scene Arrival Minutes,Unknown,Unknown EMS Hospital Arrival Time,1,Dark - Unlighted,Clear,1,0,['Driver'],['None_Used'],0,0,Invalid,0.0,0.0,36.0,36.0,['Male'],0,0,5,0,3,Dry,Straight,Level,Lowest,No
19680,28,Mississippi,280543,0,1,1,0,1,YAZOO CITY,August,13,Sunday,3,34,Urban,Medium Speed (Collector),No,32.83923333,-90.42346111,Non-Intersection,Dark - Lighted,Clear,Unknown,Unknown,Unknown EMS Scene Arrival Hour,Unknown EMS Scene Arrival Minutes,Not Applicable (Not Transported),Not Applicable (Not Transported),1,Dark - Lighted,Clear,1,0,['Driver'],['None_Used'],0,0,Invalid,0.0,0.0,38.0,38.0,['Male'],0,0,3,4,3,Dry,Curve,Grade/Hillcrest,Lowest,No
19681,28,Mississippi,280544,0,1,1,0,1,MADISON,August,17,Thursday,8,59,Urban,High Speed (Arterial),Yes,32.463325,-90.14010556,Non-Intersection,Daylight,Clear,Unknown,Unknown,Unknown EMS Scene Arrival Hour,Unknown EMS Scene Arrival Minutes,Not Applicable (Not Transported),Not Applicable (Not Transported),1,Daylight,Clear,1,0,['Driver'],['Shoulder_Lapbelt'],0,0,Valid,0.0,0.0,50.0,50.0,['Male'],0,0,2,4,3,Dry,Straight,Level,Lowest,No
19682,28,Mississippi,280545,0,1,1,0,1,NOT APPLICABLE,August,23,Wednesday,12,48,Rural,Medium Speed (Collector),No,77.7777,777.7777,Non-Intersection,Daylight,Not Reported,Unknown,Unknown,Unknown EMS Scene Arrival Hour,Unknown EMS Scene Arrival Minutes,Unknown,Unknown EMS Hospital Arrival Time,1,Daylight,Clear,1,0,['Driver'],['Shoulder_Lapbelt'],0,0,Valid,0.0,0.0,67.0,67.0,['Male'],0,0,2,4,3,Dry,Straight,Level,Lowest,No
19683,28,Mississippi,280546,0,1,1,0,1,NOT APPLICABLE,November,4,Saturday,0,58,Rural,High Speed (Arterial),Yes,34.35400556,-89.70992778,Non-Intersection,Dark - Not Lighted,Clear,Unknown,Unknown if Notified,Unknown EMS Scene Arrival Hour,Unknown if Arrived,Not Applicable (Not Transported),Not Applicable (Not Transported),1,Dark - Unlighted,Clear,1,0,['Driver'],['None_Used'],1,1,Valid,0.0,0.0,42.0,42.0,['Male'],0,0,2,4,3,Dry,Straight,Level,Lowest,No
19684,28,Mississippi,280547,0,1,1,0,1,NOT APPLICABLE,November,5,Sunday,3,22,Rural,High Speed (Arterial),Yes,34.11333056,-89.90513611,Non-Intersection,Dark - Not Lighted,Clear,Unknown,Unknown if Notified,Unknown EMS Scene Arrival Hour,Unknown if Arrived,Not Applicable (Not Transported),Not Applicable (Not Transported),1,Dark - Unlighted,Clear,1,0,['Driver'],['Shoulder_Lapbelt'],0,0,Valid,0.0,0.0,29.0,29.0,['Male'],0,0,2,4,3,Dry,Straight,Level,Lowest,No
19685,28,Mississippi,280548,0,2,2,0,4,NOT APPLICABLE,November,5,Sunday,19,0,Rural,Medium Speed (Collector),No,34.43881944,-90.25031667,Non-Intersection,Dark - Not Lighted,Clear,Unknown,Unknown,Unknown EMS Scene Arrival Hour,Unknown EMS Scene Arrival Minutes,Unknown,Unknown EMS Hospital Arrival Time,1,Dark - Unlighted,Clear,1,3,['Driver'],['Shoulder_Lapbelt'],1,2,Invalid,0.0,0.0,45.0,22.0,"['Male', 'Male']",0,0,2,4,5,Dry,Straight,Level,Lowest,No
19686,28,Mississippi,280549,1,1,1,0,1,INDIANOLA,November,6,Monday,20,28,Urban,High Speed (Arterial),Yes,33.45799444,-90.63639167,Non-Intersection,Dark - Lighted,Clear,Unknown,Unknown,Unknown EMS Scene Arrival Hour,Unknown EMS Scene Arrival Minutes,Unknown,Unknown EMS Hospital Arrival Time,1,Dark - Lighted,Clear,0,1,[],[],0,0,Valid,0.0,0.0,69.0,69.0,['Male'],0,0,2,4,4,Dry,Straight,Level,Lowest,No
19687,28,Mississippi,280550,0,1,1,0,2,NOT APPLICABLE,November,7,Tuesday,10,1,Rural,Medium Speed (Collector),No,34.78711667,-89.67088056,Simple Junction,Daylight,Clear,Unknown,Unknown,Unknown EMS Scene Arrival Hour,Unknown EMS Scene Arrival Minutes,Unknown,Unknown EMS Hospital Arrival Time,1,Daylight,Clear,1,1,['Front_Passenger'],['Shoulder_Lapbelt'],0,0,Invalid,0.0,0.0,24.0,24.0,['Female'],0,0,3,4,3,Dry,Curve,Level,Lowest,No
19688,28,Mississippi,280551,0,2,2,0,2,NOT APPLICABLE,November,7,Tuesday,13,7,Rural,High Speed (Arterial),Yes,31.71365,-89.626075,Non-Intersection,Daylight,Clear,Unknown,Unknown,Unknown EMS Scene Arrival Hour,Unknown EMS Scene Arrival Minutes,Unknown,Unknown EMS Hospital Arrival Time,1,Daylight,Clear,1,1,['Driver'],['None_Used'],0,0,Valid,0.0,2.0,55.0,40.0,"['Male', 'Male']",0,0,4,4,5,Dry,Straight,Grade/Hillcrest,Lowest,No
19689,28,Mississippi,280552,0,1,1,0,1,NOT APPLICABLE,November,7,Tuesday,23,7,Rural,Medium Speed (Collector),No,33.60652778,-88.521075,Non-Intersection,Dark - Not Lighted,Clear,Unknown,Unknown if Notified,Unknown EMS Scene Arrival Hour,Unknown if Arrived,Not Applicable (Not Transported),Not Applicable (Not Transported),1,Dark - Unlighted,Clear,1,0,['Driver'],['Shoulder_Lapbelt'],0,0,Valid,0.0,0.0,56.0,56.0,['Male'],1,0,2,4,3,Dry,Curve,Level,Lowest,No
19690,28,Mississippi,280553,0,1,1,0,1,CORINTH,November,8,Wednesday,11,38,Urban,Medium Speed (Collector),No,34.93821111,-88.54160278,Non-Intersection,Daylight,Clear,Unknown,Unknown,Unknown EMS Scene Arrival Hour,Unknown EMS Scene Arrival Minutes,Unknown,Unknown EMS Hospital Arrival Time,1,Daylight,Clear,1,0,['Driver'],['None_Used'],0,0,Valid,0.0,0.0,62.0,62.0,['Male'],0,0,3,4,3,Dry,Straight,Level,Lowest,No
19691,28,Mississippi,280554,0,2,2,0,2,NOT APPLICABLE,November,9,Thursday,17,8,Rural,Medium Speed (Collector),No,34.47440278,-88.97225,Non-Intersection,Dark - Not Lighted,Rain,5:00pm-5:59pm,8,5:00pm-5:59pm,12,Not Applicable (Not Transported),Not Applicable (Not Transported),1,Dark - Unlighted,Rain/Wind/Minor,1,1,['Driver'],['Shoulder_Lapbelt'],1,1,Valid,0.0,0.0,72.0,36.0,"['Male', 'Male']",0,0,3,4,5,Wet/Standing Water,Curve,Level,Lowest,No
19692,28,Mississippi,280555,0,2,2,0,2,IUKA,November,9,Thursday,21,11,Rural,High Speed (Arterial),Yes,34.801725,-88.23081111,Complex/Circle,Dark - Not Lighted,Rain,Unknown,Unknown,Unknown EMS Scene Arrival Hour,Unknown EMS Scene Arrival Minutes,Unknown,Unknown EMS Hospital Arrival Time,1,Dark - Unlighted,Rain/Wind/Minor,1,1,['Driver'],['Shoulder_Lapbelt'],0,0,Valid,0.0,1.0,46.0,27.0,"['Male', 'Male']",0,0,4,4,5,Wet/Standing Water,Straight,Level,Lowest,No
19693,28,Mississippi,280556,0,1,1,0,2,NOT APPLICABLE,November,9,Thursday,23,41,Rural,Medium Speed (Collector),No,31.52978889,-90.37559444,Non-Intersection,Dark - Not Lighted,Clear,Unknown,Unknown,Unknown EMS Scene Arrival Hour,Unknown EMS Scene Arrival Minutes,Unknown,Unknown EMS Hospital Arrival Time,1,Dark - Unlighted,Clear,1,1,['Driver'],['None_Used'],0,0,Invalid,0.0,0.0,18.0,18.0,['Female'],2,0,2,4,3,Dry,Straight,Level,Lowest,No
19694,28,Mississippi,280557,0,1,1,0,1,NOT APPLICABLE,November,11,Saturday,17,43,Rural,Medium Speed (Collector),No,31.25117778,-89.56895278,Non-Intersection,Dark - Not Lighted,Clear,Unknown,Unknown,Unknown EMS Scene Arrival Hour,Unknown EMS Scene Arrival Minutes,Not Applicable (Not Transported),Not Applicable (Not Transported),1,Dark - Unlighted,Clear,1,0,['Driver'],['None_Used'],0,0,Valid,0.0,0.0,57.0,57.0,['Female'],0,0,3,4,3,Dry,Curve,Grade/Hillcrest,Lowest,No
19695,28,Mississippi,280558,0,1,1,0,1,GREENVILLE,November,13,Monday,4,46,Urban,Medium Speed (Collector),No,33.38706111,-91.01953333,Non-Intersection,Dark - Lighted,Clear,Unknown,Unknown,Unknown EMS Scene Arrival Hour,Unknown EMS Scene Arrival Minutes,Not Applicable (Not Transported),Not Applicable (Not Transported),1,Dark - Lighted,Clear,1,0,['Driver'],['Shoulder_Lapbelt'],0,0,Valid,0.0,0.0,29.0,29.0,['Male'],0,0,2,4,3,Dry,Straight,Level,Lowest,No
19696,28,Mississippi,280559,0,3,3,0,4,CORINTH,November,13,Monday,17,47,Urban,High Speed (Arterial),Yes,34.90661111,-88.48744167,Non-Intersection,Dark - Lighted,Clear,Unknown,Unknown,Unknown EMS Scene Arrival Hour,Unknown EMS Scene Arrival Minutes,Not Applicable (Not Transported),Not Applicable (Not Transported),1,Dark - Lighted,Clear,1,3,['Driver'],['None_Used'],0,0,Valid,0.0,0.0,42.0,34.0,"['Male', 'Male', 'Male']",0,0,5,4,5,Dry,Straight,Grade/Hillcrest,Lowest,No
19697,28,Mississippi,280560,0,1,1,0,2,NOT APPLICABLE,November,15,Wednesday,7,40,Rural,Low Speed (Local),No,33.95886389,-89.37040833,Non-Intersection,Daylight,Rain,Unknown,Unknown,Unknown EMS Scene Arrival Hour,Unknown EMS Scene Arrival Minutes,Unknown,Unknown EMS Hospital Arrival Time,1,Daylight,Rain/Wind/Minor,1,1,['Driver'],['None_Used'],0,0,Valid,0.0,0.0,58.0,58.0,['Female'],2,0,3,4,3,Wet/Standing Water,Curve,Level,Lowest,No
19698,28,Mississippi,280561,0,1,1,0,1,NOT APPLICABLE,November,15,Wednesday,11,38,Rural,Medium Speed (Collector),No,32.72007778,-89.15335,Non-Intersection,Daylight,Clear,Unknown,Unknown,Unknown EMS Scene Arrival Hour,Unknown EMS Scene Arrival Minutes,Not Applicable (Not Transported),Not Applicable (Not Transported),1,Daylight,Clear,1,0,['Driver'],['Shoulder_Lapbelt'],0,0,Valid,0.0,0.0,59.0,59.0,['Male'],0,0,4,4,3,Dry,Straight,Grade/Hillcrest,Lowest,No
19699,28,Mississippi,280562,0,2,2,0,2,NOT APPLICABLE,November,16,Thursday,5,45,Rural,Medium Speed (Collector),No,33.58635278,-88.93377778,Non-Intersection,Dawn,Cloudy,Unknown,Unknown,Unknown EMS Scene Arrival Hour,Unknown EMS Scene Arrival Minutes,Unknown,Unknown EMS Hospital Arrival Time,1,Twilight,Reduced Visibility,1,1,['Driver'],['None_Used'],0,0,Valid,0.0,2.0,47.0,31.0,"['Male', 'Male']",0,0,4,4,5,Dry,Straight,Level,Lowest,No
19700,28,Mississippi,280563,1,1,1,0,1,NOT APPLICABLE,November,17,Friday,18,53,Rural,High Speed (Arterial),Yes,34.221275,-88.86241944,Non-Intersection,Dark - Not Lighted,Rain,Unknown,Unknown if Notified,Unknown EMS Scene Arrival Hour,Unknown if Arrived,Not Applicable (Not Transported),Not Applicable (Not Transported),1,Dark - Unlighted,Rain/Wind/Minor,0,1,[],[],0,0,Valid,0.0,0.0,29.0,29.0,['Female'],0,0,3,3,4,Wet/Standing Water,Straight,Level,Lowest,No
19701,28,Mississippi,280564,0,1,1,0,1,NOT APPLICABLE,November,19,Sunday,9,20,Rural,High Speed (Arterial),Yes,31.45293333,-89.43540278,Non-Intersection,Daylight,Clear,Unknown,Unknown,Unknown EMS Scene Arrival Hour,Unknown EMS Scene Arrival Minutes,Unknown,Unknown EMS Hospital Arrival Time,1,Daylight,Clear,1,0,['Driver'],['Shoulder_Lapbelt'],0,0,Valid,0.0,0.0,44.0,44.0,['Male'],0,0,2,4,3,Dry,Straight,Level,Lowest,No
19702,28,Mississippi,280565,0,2,2,0,3,MAGEE,November,19,Sunday,13,7,Rural,High Speed (Arterial),Yes,31.89474167,-89.76542222,Simple Junction,Daylight,Clear,Unknown,Unknown,Unknown EMS Scene Arrival Hour,Unknown EMS Scene Arrival Minutes,Unknown,Unknown EMS Hospital Arrival Time,1,Daylight,Clear,1,2,['Driver'],['Shoulder_Lapbelt'],0,0,Valid,0.0,0.0,65.0,19.0,"['Female', 'Female']",0,0,3,4,5,Dry,Straight,Level,Lowest,No
19703,28,Mississippi,280566,1,1,1,0,1,NOT APPLICABLE,November,22,Wednesday,1,9,Rural,High Speed (Arterial),Yes,30.71839722,-88.588825,Non-Intersection,Dark - Not Lighted,Clear,Unknown,Unknown if Notified,Unknown EMS Scene Arrival Hour,Unknown if Arrived,Not Applicable (Not Transported),Not Applicable (Not Transported),1,Dark - Unlighted,Clear,0,1,[],[],0,0,Valid,0.0,0.0,55.0,55.0,['Male'],0,0,2,4,3,Dry,Straight,Level,Lowest,No
19704,28,Mississippi,280567,0,2,2,0,6,NOT APPLICABLE,November,23,Thursday,17,25,Rural,Medium Speed (Collector),No,31.78548889,-89.06768611,Non-Intersection,Dark - Not Lighted,Clear,Unknown,Unknown,Unknown EMS Scene Arrival Hour,Unknown EMS Scene Arrival Minutes,Unknown,Unknown EMS Hospital Arrival Time,1,Dark - Unlighted,Clear,1,5,['Driver'],['Shoulder_Lapbelt'],0,0,Valid,0.0,1.0,44.0,33.0,"['Female', 'Female']",5,0,3,4,5,Dry,Straight,Level,Lowest,No
19705,28,Mississippi,280568,0,2,2,0,2,NOT APPLICABLE,October,13,Friday,9,8,Rural,High Speed (Arterial),Yes,32.92795278,-89.32306389,Non-Intersection,Daylight,Clear,Unknown,Unknown,Unknown EMS Scene Arrival Hour,Unknown EMS Scene Arrival Minutes,Unknown,Unknown EMS Hospital Arrival Time,1,Daylight,Clear,1,1,['Driver'],['None_Used'],0,0,Valid,0.0,0.0,75.0,68.0,"['Male', 'Male']",0,0,3,4,5,Dry,Straight,Grade/Hillcrest,Lowest,No