,State_Code,State_Name,Crash_ID,Count_Non_Motorists,Count_Vehicles_Total,Count_Vehicle_Forms,Count_PVH_Involved,Count_Occupants_MV,City_Name,Month_Name,Day_of_Month,Day_of_Week,Crash_Hour,Crash_Minute,Area_Rural_Urban,Road_Functional_Class,On_NHS_Road,Latitude,Longitude,Intersection_Type,Light_Condition,Weather_Condition,Notif_Hour,Notif_Minute,Arrival_Hour,Arrival_Minute,Hospital_Hour,Hospital_Minute,Fatalities_Count,Clean_Light_Condition,Clean_Weather_Condition,Total_Killed,Total_Alive,Fatal_Seats_List,Killed_Restraint_List,Any_Driver_Drinking,Total_Drinking_Drivers,Driver_License_Category,Driver_Max_Prev_Accident_Count,Driver_Max_Prev_Speeding_Count,Max_Driver_Age,Min_Driver_Age,Driver_Sex_List,Total_Exceeding_Limit_Vehicles,Total_Too_Fast_Vehicles,Max_Vehicle_Type_Severity_5,Max_Vehicle_Damage_Rank,Max_Harmful_Event_Severity,Crash_Road_Surface_Condition,Crash_Horizontal_Alignment,Crash_Vertical_Profile,Crash_Impairment_Category,Crash_Vehicle_Defect
19706,28,Mississippi,280569,0,3,3,0,3,NOT APPLICABLE,October,14,Saturday,18,56,Rural,Medium Speed (Collector),No,31.71908056,-91.03765,Non-Intersection,Dark - Not Lighted,Clear,Unknown,Unknown,Unknown EMS Scene Arrival Hour,Unknown EMS Scene Arrival Minutes,Unknown,Unknown EMS Hospital Arrival Time,1,Dark - Unlighted,Clear,1,2,['Driver'],['Shoulder_Lapbelt'],1,1,Valid,0.0,1.0,50.0,19.0,"['Male', 'Male', 'Male']",0,0,4,4,5,Dry,Straight,Level,Lowest,No
19707,28,Mississippi,280570,0,1,1,0,1,NOT APPLICABLE,October,20,Friday,9,10,Rural,High Speed (Arterial),Yes,34.87891944,-88.442,Non-Intersection,Daylight,Clear,Unknown,Unknown if Notified,Unknown EMS Scene Arrival Hour,Unknown if Arrived,Not Applicable (Not Transported),Not Applicable (Not Transported),1,Daylight,Clear,1,0,['Driver'],['Shoulder_Lapbelt'],0,0,Valid,0.0,0.0,78.0,78.0,['Female'],0,0,2,4,3,Dry,Straight,Level,Lowest,No
19708,28,Mississippi,280571,0,1,1,0,1,Other,October,23,Monday,10,44,Urban,Medium Speed (Collector),No,32.38788611,-90.03585,Non-Intersection,Daylight,Clear,Unknown,Unknown if Notified,Unknown EMS Scene Arrival Hour,Unknown if Arrived,Not Applicable (Not Transported),Not Applicable (Not Transported),1,Daylight,Clear,1,0,['Driver'],['None_Used'],0,0,Invalid,0.0,0.0,18.0,18.0,['Female'],1,0,2,4,3,Dry,Straight,Level,Lowest,No
19709,28,Mississippi,280572,0,1,1,0,1,NOT APPLICABLE,October,24,Tuesday,14,20,Rural,Medium Speed (Collector),No,32.23803611,-89.89309444,Non-Intersection,Daylight,Clear,Unknown,Unknown if Notified,Unknown EMS Scene Arrival Hour,Unknown if Arrived,Not Applicable (Not Transported),Not Applicable (Not Transported),1,Daylight,Clear,1,0,['Driver'],['None_Used'],0,0,Valid,0.0,0.0,19.0,19.0,['Male'],0,0,5,4,1,Dry,Curve,Grade/Hillcrest,Lowest,No
19710,28,Mississippi,280573,0,1,1,0,1,NOT APPLICABLE,October,25,Wednesday,3,18,Rural,Low Speed (Local),No,30.23546111,-89.53789722,Non-Intersection,Dark - Not Lighted,Clear,Unknown,Unknown,Unknown EMS Scene Arrival Hour,Unknown EMS Scene Arrival Minutes,Not Applicable (Not Transported),Not Applicable (Not Transported),1,Dark - Unlighted,Clear,1,0,['Driver'],['None_Used'],0,0,Valid,0.0,0.0,61.0,61.0,['Male'],1,0,5,4,3,Dry,Straight,Level,Lowest,No
19711,28,Mississippi,280574,0,1,1,0,3,NOT APPLICABLE,October,29,Sunday,3,9,Rural,Medium Speed (Collector),No,33.88720833,-88.96431667,Non-Intersection,Dark - Not Lighted,Clear,Unknown,Unknown,Unknown EMS Scene Arrival Hour,Unknown EMS Scene Arrival Minutes,Not Applicable (Not Transported),Not Applicable (Not Transported),3,Dark - Unlighted,Clear,3,0,"['Driver', 'Rear_Seat', 'Rear_Seat']","['Shoulder_Lapbelt', 'Shoulder_Lapbelt', 'Shoulder_Lapbelt']",1,1,Invalid,0.0,0.0,25.0,25.0,['Female'],0,0,2,4,3,Dry,Straight,Level,Lowest,No
19712,28,Mississippi,280575,1,3,3,0,4,NOT APPLICABLE,November,11,Saturday,18,5,Rural,High Speed (Arterial),Yes,32.57261111,-89.74114167,Non-Intersection,Dark - Not Lighted,Clear,Unknown,Unknown,Unknown EMS Scene Arrival Hour,Unknown EMS Scene Arrival Minutes,Unknown,Unknown EMS Hospital Arrival Time,1,Dark - Unlighted,Clear,0,4,[],[],0,0,Valid,0.0,1.0,80.0,45.0,"['Male', 'Male']",0,0,3,4,5,Dry,Straight,Level,Lowest,No
19713,28,Mississippi,280576,0,1,1,0,2,NOT APPLICABLE,November,14,Tuesday,15,18,Rural,High Speed (Arterial),Yes,33.94025556,-89.86683889,Non-Intersection,Daylight,Clear,Unknown,Unknown,Unknown EMS Scene Arrival Hour,Unknown EMS Scene Arrival Minutes,Unknown,Unknown EMS Hospital Arrival Time,1,Daylight,Clear,1,1,['Driver'],['Shoulder_Lapbelt'],0,0,Valid,0.0,0.0,58.0,58.0,['Male'],0,0,4,4,3,Dry,Straight,Level,Lowest,No
19714,28,Mississippi,280577,0,2,2,0,2,NOT APPLICABLE,November,16,Thursday,20,44,Rural,High Speed (Arterial),Yes,34.50308611,-89.91982778,Non-Intersection,Dark - Not Lighted,Clear,Unknown,Unknown,Unknown EMS Scene Arrival Hour,Unknown EMS Scene Arrival Minutes,Not Applicable (Not Transported),Not Applicable (Not Transported),1,Dark - Unlighted,Clear,1,1,['Driver'],['None_Used'],0,0,Valid,0.0,0.0,53.0,39.0,"['Male', 'Female']",1,0,3,4,5,Dry,Straight,Level,Lowest,No
19715,28,Mississippi,280578,0,2,2,0,4,NOT APPLICABLE,November,18,Saturday,15,30,Rural,Medium Speed (Collector),No,32.55260278,-89.26901111,Complex/Circle,Daylight,Clear,Unknown,Unknown,Unknown EMS Scene Arrival Hour,Unknown EMS Scene Arrival Minutes,Unknown,Unknown EMS Hospital Arrival Time,1,Daylight,Clear,1,3,['Rear_Seat'],['None_Used'],0,0,Valid,0.0,0.0,71.0,39.0,"['Female', 'Female']",0,0,2,4,5,Dry,Straight,Level,Lowest,No
19716,28,Mississippi,280579,0,2,2,0,3,MERIDIAN,November,18,Saturday,23,21,Urban,Medium Speed (Collector),No,32.41376111,-88.676025,Non-Intersection,Dark - Lighted,Clear,Unknown,Unknown,Unknown EMS Scene Arrival Hour,Unknown EMS Scene Arrival Minutes,Unknown,Unknown EMS Hospital Arrival Time,1,Dark - Lighted,Clear,1,2,['Driver'],['None_Used'],0,0,Valid,0.0,0.0,28.0,21.0,"['Male', 'Male']",1,0,5,4,5,Dry,Straight,Non-Trafficway,Lowest,No
19717,28,Mississippi,280580,0,2,2,0,4,NOT APPLICABLE,November,20,Monday,15,34,Rural,High Speed (Arterial),Yes,34.28495278,-90.16835,Complex/Circle,Daylight,Rain,3:00pm-3:59pm,31,3:00pm-3:59pm,34,3:00pm-3:59pm,52,2,Daylight,Rain/Wind/Minor,2,2,"['Front_Passenger', 'Rear_Seat']","['None_Used', 'None_Used']",1,1,Valid,0.0,1.0,46.0,30.0,"['Female', 'Female']",0,0,3,4,5,Wet/Standing Water,Straight,Level,Lowest,No
19718,28,Mississippi,280581,0,1,1,0,1,NOT APPLICABLE,November,20,Monday,15,42,Rural,Low Speed (Local),No,34.34619722,-89.72784444,Non-Intersection,Daylight,Rain,Unknown,Unknown if Notified,Unknown EMS Scene Arrival Hour,Unknown if Arrived,Not Applicable (Not Transported),Not Applicable (Not Transported),1,Daylight,Rain/Wind/Minor,1,0,['Driver'],['Shoulder_Lapbelt'],0,0,Valid,0.0,0.0,18.0,18.0,['Male'],0,0,3,4,3,Wet/Standing Water,Straight,Grade/Hillcrest,Lowest,No
19719,28,Mississippi,280582,0,2,2,0,2,NOT APPLICABLE,November,21,Tuesday,20,39,Rural,High Speed (Arterial),Yes,31.22676667,-89.87262222,Non-Intersection,Dark - Not Lighted,Cloudy,Unknown,Unknown,Unknown EMS Scene Arrival Hour,Unknown EMS Scene Arrival Minutes,Unknown,Unknown EMS Hospital Arrival Time,1,Dark - Unlighted,Reduced Visibility,1,1,['Driver'],['Shoulder_Lapbelt'],0,0,Valid,0.0,0.0,72.0,69.0,"['Male', 'Male']",0,0,3,4,5,Wet/Standing Water,Straight,Level,Lowest,No
19720,28,Mississippi,280583,0,1,1,0,1,NOT APPLICABLE,November,22,Wednesday,16,54,Rural,High Speed (Arterial),Yes,32.014475,-90.363525,Non-Intersection,Dark - Lighted,Clear,Unknown,Unknown if Notified,Unknown EMS Scene Arrival Hour,Unknown if Arrived,Not Applicable (Not Transported),Not Applicable (Not Transported),1,Dark - Lighted,Clear,1,0,['Driver'],['None_Used'],1,1,Invalid,0.0,0.0,49.0,49.0,['Male'],0,0,2,4,2,Dry,Curve,Grade/Hillcrest,Lowest,No
19721,28,Mississippi,280584,1,1,1,0,1,GREENVILLE,November,23,Thursday,20,47,Urban,High Speed (Arterial),Yes,33.39963333,-91.03607222,Non-Intersection,Dark - Lighted,Clear,Unknown,Unknown if Notified,Unknown EMS Scene Arrival Hour,Unknown if Arrived,Not Applicable (Not Transported),Not Applicable (Not Transported),1,Dark - Lighted,Clear,0,1,[],[],1,1,Valid,0.0,2.0,28.0,28.0,['Male'],1,0,3,3,4,Dry,Straight,Level,Lowest,No
19722,28,Mississippi,280585,0,2,2,0,3,NOT APPLICABLE,November,25,Saturday,4,0,Rural,Medium Speed (Collector),No,32.97418333,-89.98632778,Simple Junction,Dark - Not Lighted,Clear,Unknown,Unknown,Unknown EMS Scene Arrival Hour,Unknown EMS Scene Arrival Minutes,Unknown,Unknown EMS Hospital Arrival Time,1,Dark - Unlighted,Clear,1,2,['Front_Passenger'],['None_Used'],1,2,Valid,0.0,1.0,26.0,19.0,"['Female', 'Male']",0,0,3,4,5,Dry,Straight,Level,Lowest,No
19723,28,Mississippi,280586,0,1,1,0,1,NOT APPLICABLE,November,25,Saturday,23,0,Rural,Low Speed (Local),No,33.29429444,-89.19398889,Non-Intersection,Dark - Not Lighted,Clear,11:00pm-11:59pm,0,11:00pm-11:59pm,5,Not Applicable (Not Transported),Not Applicable (Not Transported),1,Dark - Unlighted,Clear,1,0,['Driver'],['None_Used'],1,1,Valid,0.0,1.0,42.0,42.0,['Male'],1,0,2,4,3,Dry,Straight,Grade/Hillcrest,Lowest,No
19724,28,Mississippi,280587,0,2,2,0,3,BILOXI,November,26,Sunday,1,34,Urban,High Speed (Arterial),Yes,30.44265,-88.93983056,Non-Intersection,Dark - Lighted,Rain,1:00am-1:59am,34,1:00am-1:59am,40,2:00am-2:59am,19,1,Dark - Lighted,Rain/Wind/Minor,1,2,['Front_Passenger'],['None_Used'],1,1,Valid,0.0,0.0,50.0,21.0,"['Male', 'Female']",0,0,3,4,5,Wet/Standing Water,Straight,Level,Lowest,No
19725,28,Mississippi,280588,0,1,1,0,2,NOT APPLICABLE,November,26,Sunday,9,19,Rural,Low Speed (Local),No,31.45217778,-90.48488333,Non-Intersection,Daylight,Clear,9:00am-9:59am,19,9:00am-9:59am,32,Unknown,Unknown EMS Hospital Arrival Time,1,Daylight,Clear,1,1,['Front_Passenger'],['Shoulder_Lapbelt'],0,0,Valid,0.0,0.0,20.0,20.0,['Male'],2,0,3,4,3,Wet/Standing Water,Curve,Level,Lowest,No
19726,28,Mississippi,280589,0,2,2,0,2,NOT APPLICABLE,November,28,Tuesday,5,48,Rural,Medium Speed (Collector),No,32.52276667,-90.77743056,Non-Intersection,Dark - Not Lighted,Clear,Unknown,Unknown if Notified,Unknown EMS Scene Arrival Hour,Unknown if Arrived,Not Applicable (Not Transported),Not Applicable (Not Transported),1,Dark - Unlighted,Clear,1,1,['Driver'],['None_Used'],0,0,Valid,0.0,0.0,50.0,24.0,"['Male', 'Male']",0,0,4,4,5,Dry,Straight,Grade/Hillcrest,Lowest,No
19727,28,Mississippi,280591,1,1,1,0,1,TUPELO,December,3,Sunday,17,29,Urban,Medium Speed (Collector),No,34.22358056,-88.730775,Non-Intersection,Dark - Not Lighted,Clear,5:00pm-5:59pm,29,5:00pm-5:59pm,43,6:00pm-6:59pm,13,1,Dark - Unlighted,Clear,0,1,[],[],0,0,Valid,0.0,0.0,74.0,74.0,['Male'],0,0,3,3,4,Dry,Straight,Level,Lowest,No
19728,28,Mississippi,280592,0,2,2,0,2,Other,December,6,Wednesday,4,49,Urban,High Speed (Arterial),Yes,31.29860278,-89.35250556,Non-Intersection,Dark - Not Lighted,Clear,4:00am-4:59am,51,5:00am-5:59am,0,5:00am-5:59am,29,1,Dark - Unlighted,Clear,1,1,['Driver'],['None_Used'],0,0,Valid,0.0,1.0,27.0,19.0,"['Male', 'Male']",0,0,3,4,5,Dry,Straight,Level,Lowest,No
19729,28,Mississippi,280593,0,2,2,0,4,NOT APPLICABLE,December,6,Wednesday,8,29,Rural,High Speed (Arterial),Yes,34.96293611,-89.68908611,Complex/Circle,Daylight,Clear,8:00am-8:59am,29,8:00am-8:59am,36,9:00am-9:59am,17,1,Daylight,Clear,1,3,['Front_Passenger'],['Shoulder_Lapbelt'],0,0,Valid,1.0,0.0,54.0,28.0,"['Male', 'Male']",0,0,3,4,5,Dry,Straight,Level,Lowest,No
19730,28,Mississippi,280594,0,1,1,0,3,NOT APPLICABLE,December,6,Wednesday,20,36,Rural,Low Speed (Local),No,32.46675278,-89.86765278,Non-Intersection,Dark - Not Lighted,Clear,Unknown,Unknown,Unknown EMS Scene Arrival Hour,Unknown EMS Scene Arrival Minutes,Unknown,Unknown EMS Hospital Arrival Time,1,Dark - Unlighted,Clear,1,2,['Driver'],['Shoulder_Lapbelt'],0,0,Invalid,0.0,0.0,16.0,16.0,['Male'],0,0,3,4,3,Dry,Straight,Level,Lowest,No
19731,28,Mississippi,280595,1,1,1,0,1,TUPELO,December,9,Saturday,22,53,Urban,High Speed (Arterial),Yes,34.27128056,-88.70056389,Non-Intersection,Dark - Not Lighted,Rain,Unknown,Unknown if Notified,Unknown EMS Scene Arrival Hour,Unknown if Arrived,Not Applicable (Not Transported),Not Applicable (Not Transported),1,Dark - Unlighted,Rain/Wind/Minor,0,1,[],[],1,1,Valid,0.0,0.0,30.0,30.0,['Male'],0,0,2,3,4,Wet/Standing Water,Straight,Grade/Hillcrest,Lowest,No
19732,28,Mississippi,280596,0,1,1,0,2,NOT APPLICABLE,September,21,Thursday,15,9,Rural,Low Speed (Local),No,77.7777,777.7777,Non-Intersection,Not Reported,Not Reported,Unknown,Unknown,Unknown EMS Scene Arrival Hour,Unknown EMS Scene Arrival Minutes,Unknown,Unknown EMS Hospital Arrival Time,1,Dark - Unlighted,Clear,1,0,['Driver'],['Shoulder_Lapbelt'],0,0,Valid,0.0,0.0,34.0,34.0,['Male'],0,0,3,4,3,Dry,Straight,Level,Lowest,No
19733,28,Mississippi,280597,0,1,1,0,1,NOT APPLICABLE,October,28,Saturday,12,3,Rural,Medium Speed (Collector),No,31.92701389,-89.25439444,Non-Intersection,Daylight,Clear,Unknown,Unknown,Unknown EMS Scene Arrival Hour,Unknown EMS Scene Arrival Minutes,Unknown,Unknown EMS Hospital Arrival Time,1,Daylight,Clear,1,0,['Driver'],['Shoulder_Lapbelt'],0,0,Invalid,0.0,0.0,66.0,66.0,['Male'],0,0,3,4,3,Dry,Curve,Level,Lowest,No
19734,28,Mississippi,280598,0,2,2,0,2,NOT APPLICABLE,October,28,Saturday,19,0,Rural,High Speed (Arterial),Yes,33.49260278,-89.34894722,Non-Intersection,Dark - Not Lighted,Clear,Unknown,Unknown,Unknown EMS Scene Arrival Hour,Unknown EMS Scene Arrival Minutes,Unknown,Unknown EMS Hospital Arrival Time,1,Dark - Unlighted,Clear,1,1,['Driver'],['None_Used'],0,0,Valid,0.0,0.0,53.0,34.0,"['Male', 'Male']",0,0,3,4,5,Dry,Straight,Level,Lowest,No
19735,28,Mississippi,280599,0,1,1,0,1,LAUREL,December,1,Friday,22,22,Urban,Medium Speed (Collector),No,31.68537222,-89.14268333,Non-Intersection,Dark - Lighted,Cloudy,10:00pm-10:59pm,24,10:00pm-10:59pm,25,10:00pm-10:59pm,49,1,Dark - Lighted,Reduced Visibility,1,0,['Driver'],['Shoulder_Lapbelt'],1,1,Invalid,0.0,0.0,18.0,18.0,['Male'],1,0,2,4,3,Dry,Straight,Grade/Hillcrest,Lowest,No
19736,28,Mississippi,280600,0,3,3,0,3,FLOWOOD,December,1,Friday,22,28,Urban,Medium Speed (Collector),No,32.32993056,-90.02761111,Non-Intersection,Dark - Not Lighted,Rain,10:00pm-10:59pm,29,10:00pm-10:59pm,40,11:00pm-11:59pm,17,1,Dark - Unlighted,Rain/Wind/Minor,1,2,['Driver'],['Shoulder_Lapbelt'],0,0,Valid,0.0,0.0,64.0,18.0,"['Male', 'Female', 'Female']",0,0,3,4,5,Wet/Standing Water,Straight,Level,Lowest,No
19737,28,Mississippi,280601,1,1,1,0,1,NOT APPLICABLE,December,3,Sunday,23,17,Rural,Medium Speed (Collector),No,30.85286944,-89.54056389,Non-Intersection,Dark - Not Lighted,Clear,11:00pm-11:59pm,17,11:00pm-11:59pm,21,0:00am-0:59am,14,1,Dark - Unlighted,Clear,0,1,[],[],0,0,Valid,0.0,0.0,60.0,60.0,['Female'],0,0,3,2,4,Dry,Straight,Level,Lowest,No
19738,28,Mississippi,280602,0,1,1,0,1,NOT APPLICABLE,December,4,Monday,11,26,Rural,Medium Speed (Collector),No,32.83562222,-89.88501944,Non-Intersection,Daylight,Clear,11:00am-11:59am,26,11:00am-11:59am,59,12:00pm-12:59pm,12,1,Daylight,Clear,1,0,['Driver'],['Shoulder_Lapbelt'],0,0,Valid,0.0,0.0,66.0,66.0,['Male'],0,0,3,4,3,Dry,Straight,Level,Lowest,No
19739,28,Mississippi,280603,0,2,2,0,4,NOT APPLICABLE,December,5,Tuesday,2,0,Rural,High Speed (Arterial),Yes,30.76641111,-89.13539444,Non-Intersection,Dark - Not Lighted,Clear,Unknown,Unknown,Unknown EMS Scene Arrival Hour,Unknown EMS Scene Arrival Minutes,Unknown,Unknown EMS Hospital Arrival Time,2,Dark - Unlighted,Clear,2,2,"['Driver', 'Front_Passenger']","['None_Used', 'None_Used']",1,1,Valid,0.0,0.0,45.0,18.0,"['Female', 'Female']",1,0,2,4,5,Dry,Straight,Grade/Hillcrest,Lowest,No
19740,28,Mississippi,280604,1,2,2,0,2,JACKSON,December,5,Tuesday,18,0,Urban,High Speed (Arterial),Yes,32.23365,-90.234175,Non-Intersection,Dark - Not Lighted,Clear,6:00pm-6:59pm,0,6:00pm-6:59pm,3,Not Applicable (Not Transported),Not Applicable (Not Transported),1,Dark - Unlighted,Clear,0,2,[],[],0,0,Valid,0.0,0.0,60.0,50.0,"['Male', 'Male']",0,0,3,2,5,Dry,Straight,Level,Lowest,No
19741,28,Mississippi,280605,0,1,1,0,1,NOT APPLICABLE,December,5,Tuesday,20,14,Rural,High Speed (Arterial),Yes,34.83663333,-89.60294167,Non-Intersection,Dark - Not Lighted,Clear,8:00pm-8:59pm,15,8:00pm-8:59pm,24,Not Applicable (Not Transported),Not Applicable (Not Transported),1,Dark - Unlighted,Clear,1,0,['Driver'],['Shoulder_Lapbelt'],0,0,Valid,0.0,0.0,47.0,47.0,['Male'],0,0,2,4,3,Dry,Straight,Level,Lowest,No
19742,28,Mississippi,280606,0,1,1,0,2,OXFORD,April,2,Sunday,1,16,Urban,Medium Speed (Collector),No,34.35949444,-89.53223333,Non-Intersection,Dark - Lighted,Clear,Unknown,Unknown,Unknown EMS Scene Arrival Hour,Unknown EMS Scene Arrival Minutes,Unknown,Unknown EMS Hospital Arrival Time,1,Dark - Lighted,Clear,1,1,['Driver'],['None_Used'],1,1,Valid,0.0,0.0,20.0,20.0,['Female'],2,0,2,4,3,Dry,Curve,Level,Lowest,No
19743,28,Mississippi,280607,0,1,1,0,2,NOT APPLICABLE,April,23,Sunday,22,21,Rural,Low Speed (Local),No,32.04166667,-89.51186944,Non-Intersection,Dark - Lighted,Clear,Unknown,Unknown,Unknown EMS Scene Arrival Hour,Unknown EMS Scene Arrival Minutes,Unknown,Unknown EMS Hospital Arrival Time,1,Dark - Lighted,Clear,1,1,['Front_Passenger'],['Shoulder_Lapbelt'],1,1,Valid,0.0,0.0,62.0,62.0,['Male'],0,0,3,4,3,Dry,Straight,Grade/Hillcrest,Lowest,No
19744,28,Mississippi,280608,0,1,1,0,1,NOT APPLICABLE,August,19,Saturday,7,11,Rural,Medium Speed (Collector),No,34.57811944,-88.66488889,Non-Intersection,Daylight,Clear,Unknown,Unknown,Unknown EMS Scene Arrival Hour,Unknown EMS Scene Arrival Minutes,Not Applicable (Not Transported),Not Applicable (Not Transported),1,Daylight,Clear,1,0,['Driver'],['Shoulder_Lapbelt'],0,0,Valid,0.0,0.0,23.0,23.0,['Male'],0,0,2,4,3,Dry,Straight,Level,Lowest,No
19745,28,Mississippi,280609,0,2,2,0,2,NOT APPLICABLE,November,17,Friday,13,42,Rural,Medium Speed (Collector),No,32.65821667,-90.01173611,Non-Intersection,Daylight,Cloudy,Unknown,Unknown if Notified,Unknown EMS Scene Arrival Hour,Unknown if Arrived,Not Applicable (Not Transported),Not Applicable (Not Transported),1,Daylight,Reduced Visibility,1,1,['Driver'],['Shoulder_Lapbelt'],0,0,Valid,0.0,0.0,75.0,64.0,"['Female', 'Male']",0,0,3,4,5,Dry,Straight,Level,Lowest,No
19746,28,Mississippi,280610,0,2,2,0,3,NOT APPLICABLE,November,24,Friday,19,10,Rural,Medium Speed (Collector),No,34.81896944,-90.32116944,Non-Intersection,Dark - Not Lighted,Clear,7:00pm-7:59pm,10,7:00pm-7:59pm,24,7:00pm-7:59pm,40,2,Dark - Unlighted,Clear,2,1,"['Driver', 'Front_Passenger']","['Shoulder_Lapbelt', 'Shoulder_Lapbelt']",1,1,Invalid,0.0,0.0,67.0,45.0,"['Male', 'Female']",1,0,3,4,5,Dry,Curve,Level,Lowest,No
19747,28,Mississippi,280611,0,1,1,0,2,JACKSON,November,28,Tuesday,19,35,Urban,High Speed (Arterial),Yes,32.373675,-90.21590556,Non-Intersection,Dark - Lighted,Clear,Unknown,Unknown,Unknown EMS Scene Arrival Hour,Unknown EMS Scene Arrival Minutes,Unknown,Unknown EMS Hospital Arrival Time,1,Dark - Lighted,Clear,1,1,['Driver'],['Shoulder_Lapbelt'],0,0,Valid,0.0,0.0,49.0,49.0,['Female'],0,0,3,4,3,Dry,Straight,Level,Medium,No
19748,28,Mississippi,280612,0,1,1,0,2,NOT APPLICABLE,November,29,Wednesday,2,22,Rural,High Speed (Arterial),Yes,31.49926944,-91.02714722,Non-Intersection,Dark - Not Lighted,Clear,Unknown,Unknown,Unknown EMS Scene Arrival Hour,Unknown EMS Scene Arrival Minutes,Unknown,Unknown EMS Hospital Arrival Time,1,Dark - Unlighted,Clear,1,1,['Driver'],['Shoulder_Lapbelt'],1,1,Invalid,0.0,0.0,33.0,33.0,['Female'],0,0,2,4,3,Dry,Straight,Level,Lowest,No
19749,28,Mississippi,280613,0,1,1,0,1,NOT APPLICABLE,December,6,Wednesday,12,4,Rural,Low Speed (Local),No,30.91521111,-89.16978611,Non-Intersection,Daylight,Clear,12:00pm-12:59pm,4,12:00pm-12:59pm,13,Not Applicable (Not Transported),Not Applicable (Not Transported),1,Daylight,Clear,1,0,['Driver'],['Shoulder_Lapbelt'],0,0,Valid,0.0,0.0,37.0,37.0,['Male'],0,0,4,4,4,Dry,Straight,Level,Lowest,No
19750,28,Mississippi,280614,0,2,2,0,2,NOT APPLICABLE,December,7,Thursday,6,24,Rural,High Speed (Arterial),Yes,34.96305278,-89.68905278,Complex/Circle,Daylight,Clear,Unknown,Unknown,Unknown EMS Scene Arrival Hour,Unknown EMS Scene Arrival Minutes,Unknown,Unknown EMS Hospital Arrival Time,1,Daylight,Clear,1,1,['Driver'],['Shoulder_Lapbelt'],0,0,Valid,0.0,0.0,81.0,24.0,"['Female', 'Male']",0,0,3,4,5,Dry,Straight,Level,Lowest,No
19751,28,Mississippi,280615,0,3,3,0,4,NOT APPLICABLE,December,8,Friday,18,28,Rural,Medium Speed (Collector),No,31.087725,-91.25445,Non-Intersection,Dark - Not Lighted,Clear,6:00pm-6:59pm,28,6:00pm-6:59pm,32,7:00pm-7:59pm,13,1,Dark - Unlighted,Clear,1,3,['Driver'],['Shoulder_Lapbelt'],0,0,Valid,0.0,0.0,85.0,32.0,"['Male', 'Male', 'Female']",1,0,3,4,5,Dry,Straight,Level,Lowest,No
19752,28,Mississippi,280616,0,1,1,0,6,NOT APPLICABLE,December,8,Friday,23,41,Rural,High Speed (Arterial),Yes,32.34960833,-90.61804167,Non-Intersection,Dark - Not Lighted,Clear,11:00pm-11:59pm,41,11:00pm-11:59pm,6,Unknown,Unknown EMS Hospital Arrival Time,1,Dark - Unlighted,Clear,1,5,['Rear_Seat'],['None_Used'],0,0,Valid,0.0,0.0,33.0,33.0,['Female'],0,0,3,4,3,Dry,Straight,Grade/Hillcrest,Lowest,No
19753,28,Mississippi,280617,0,1,1,0,1,OXFORD,December,9,Saturday,13,35,Urban,Medium Speed (Collector),No,34.36760556,-89.52408333,Non-Intersection,Daylight,Clear,Unknown,Unknown,Unknown EMS Scene Arrival Hour,Unknown EMS Scene Arrival Minutes,Unknown,Unknown EMS Hospital Arrival Time,1,Daylight,Clear,1,0,['Driver'],['None_Used'],0,0,Valid,0.0,0.0,73.0,73.0,['Male'],0,0,3,4,3,Dry,Straight,Grade/Hillcrest,Medium,No
19754,28,Mississippi,280618,0,2,2,0,2,PASCAGOULA,December,9,Saturday,17,48,Urban,Medium Speed (Collector),No,30.36787222,-88.51111111,Non-Intersection,Dusk,Clear,Unknown,Unknown if Notified,Unknown EMS Scene Arrival Hour,Unknown if Arrived,Not Applicable (Not Transported),Not Applicable (Not Transported),1,Twilight,Clear,1,1,['Driver'],['None_Used'],0,0,Valid,0.0,0.0,29.0,24.0,"['Female', 'Male']",1,0,5,4,5,Dry,Straight,Non-Trafficway,Lowest,No
19755,28,Mississippi,280619,1,1,1,0,1,COLUMBUS,December,9,Saturday,23,50,Rural,High Speed (Arterial),Yes,33.51858333,-88.51858333,Non-Intersection,Dark - Not Lighted,Rain,Unknown,Unknown,Unknown EMS Scene Arrival Hour,Unknown EMS Scene Arrival Minutes,Not Applicable (Not Transported),Not Applicable (Not Transported),1,Dark - Unlighted,Rain/Wind/Minor,0,1,[],[],1,1,Valid,0.0,0.0,44.0,44.0,['Male'],0,0,3,4,4,Wet/Standing Water,Straight,Level,Lowest,No
19756,28,Mississippi,280620,0,3,3,0,3,NOT APPLICABLE,December,10,Sunday,14,28,Rural,High Speed (Arterial),Yes,30.64298056,-88.56805,Complex/Circle,Daylight,Clear,Unknown,Unknown,Unknown EMS Scene Arrival Hour,Unknown EMS Scene Arrival Minutes,Unknown,Unknown EMS Hospital Arrival Time,1,Daylight,Clear,1,2,['Driver'],['Shoulder_Lapbelt'],0,0,Valid,0.0,3.0,74.0,41.0,"['Female', 'Female', 'Female']",0,0,3,4,5,Dry,Straight,Level,Lowest,No
19757,28,Mississippi,280621,1,1,1,0,1,JACKSON,December,10,Sunday,19,0,Urban,Low Speed (Local),No,32.30570278,-90.22284167,Non-Intersection,Dark - Lighted,Clear,Unknown,Unknown if Notified,Unknown EMS Scene Arrival Hour,Unknown if Arrived,Not Applicable (Not Transported),Not Applicable (Not Transported),1,Dark - Lighted,Clear,0,1,[],[],0,0,Invalid,0.0,0.0,999.0,999.0,['Other'],0,0,1,0,4,Dry,Straight,Level,Lowest,No