,State_Code,State_Name,Crash_ID,Count_Non_Motorists,Count_Vehicles_Total,Count_Vehicle_Forms,Count_PVH_Involved,Count_Occupants_MV,City_Name,Month_Name,Day_of_Month,Day_of_Week,Crash_Hour,Crash_Minute,Area_Rural_Urban,Road_Functional_Class,On_NHS_Road,Latitude,Longitude,Intersection_Type,Light_Condition,Weather_Condition,Notif_Hour,Notif_Minute,Arrival_Hour,Arrival_Minute,Hospital_Hour,Hospital_Minute,Fatalities_Count,Clean_Light_Condition,Clean_Weather_Condition,Total_Killed,Total_Alive,Fatal_Seats_List,Killed_Restraint_List,Any_Driver_Drinking,Total_Drinking_Drivers,Driver_License_Category,Driver_Max_Prev_Accident_Count,Driver_Max_Prev_Speeding_Count,Max_Driver_Age,Min_Driver_Age,Driver_Sex_List,Total_Exceeding_Limit_Vehicles,Total_Too_Fast_Vehicles,Max_Vehicle_Type_Severity_5,Max_Vehicle_Damage_Rank,Max_Harmful_Event_Severity,Crash_Road_Surface_Condition,Crash_Horizontal_Alignment,Crash_Vertical_Profile,Crash_Impairment_Category,Crash_Vehicle_Defect
19758,28,Mississippi,280622,0,3,3,0,4,NOT APPLICABLE,December,14,Thursday,12,51,Rural,High Speed (Arterial),No,33.77745,-90.82644167,Non-Intersection,Daylight,Clear,1:00pm-1:59pm,9,1:00pm-1:59pm,26,1:00pm-1:59pm,54,1,Daylight,Clear,1,3,['Driver'],['Shoulder_Lapbelt'],0,0,Valid,0.0,1.0,999.0,59.0,"['Male', 'Male', 'Male']",0,0,4,4,5,Dry,Straight,Level,Lowest,No
19759,28,Mississippi,280623,0,1,1,0,1,NOT APPLICABLE,December,19,Tuesday,7,52,Rural,Medium Speed (Collector),No,32.33866667,-90.45831111,Non-Intersection,Reported as Unknown,Reported as Unknown,7:00am-7:59am,52,7:00am-7:59am,56,Not Applicable (Not Transported),Not Applicable (Not Transported),1,Dark - Unlighted,Clear,1,0,['Driver'],['None_Used'],0,0,Valid,0.0,0.0,57.0,57.0,['Male'],0,0,5,4,2,Dry,Curve,Level,Lowest,No
19760,28,Mississippi,280624,0,1,1,0,1,NOT APPLICABLE,December,14,Thursday,10,12,Rural,Low Speed (Local),No,32.52386111,-89.75749167,Non-Intersection,Daylight,Clear,10:00am-10:59am,13,10:00am-10:59am,35,Not Applicable (Not Transported),Not Applicable (Not Transported),1,Daylight,Clear,1,0,['Driver'],['Shoulder_Lapbelt'],0,0,Valid,0.0,0.0,58.0,58.0,['Male'],0,0,1,4,3,Dry,Straight,Level,Lowest,No
19761,28,Mississippi,280625,0,1,1,0,2,NOT APPLICABLE,December,20,Wednesday,15,10,Rural,Medium Speed (Collector),No,34.41567222,-88.92605278,Non-Intersection,Daylight,Clear,Unknown,Unknown,Unknown EMS Scene Arrival Hour,Unknown EMS Scene Arrival Minutes,Unknown,Unknown EMS Hospital Arrival Time,2,Daylight,Clear,2,0,"['Driver', 'Front_Passenger']","['Shoulder_Lapbelt', 'Shoulder_Lapbelt']",0,0,Valid,0.0,0.0,65.0,65.0,['Male'],0,0,2,4,3,Dry,Straight,Level,Medium,No
19762,28,Mississippi,280626,0,1,1,0,1,NOT APPLICABLE,December,20,Wednesday,17,21,Rural,Medium Speed (Collector),No,34.82205833,-88.72,Non-Intersection,Dark - Not Lighted,Clear,Unknown,Unknown if Notified,Unknown EMS Scene Arrival Hour,Unknown if Arrived,Not Applicable (Not Transported),Not Applicable (Not Transported),1,Dark - Unlighted,Clear,1,0,['Driver'],['None_Used'],1,1,Valid,0.0,0.0,74.0,74.0,['Male'],0,0,3,4,3,Dry,Curve,Grade/Hillcrest,Lowest,No
19763,28,Mississippi,280627,0,2,2,0,2,JACKSON,December,20,Wednesday,22,15,Urban,High Speed (Arterial),Yes,32.27301111,-90.28582222,Complex/Circle,Dark - Lighted,Clear,Unknown,Unknown,Unknown EMS Scene Arrival Hour,Unknown EMS Scene Arrival Minutes,Unknown,Unknown EMS Hospital Arrival Time,1,Dark - Lighted,Clear,1,1,['Driver'],['None_Used'],0,0,Valid,0.0,2.0,23.0,22.0,"['Male', 'Female']",0,0,3,4,5,Dry,Straight,Level,Lowest,No
19764,28,Mississippi,280628,0,2,2,0,2,NOT APPLICABLE,December,21,Thursday,6,28,Rural,High Speed (Arterial),Yes,33.50345556,-88.99946944,Non-Intersection,Daylight,Clear,6:00am-6:59am,29,6:00am-6:59am,43,7:00am-7:59am,18,1,Daylight,Clear,1,1,['Driver'],['None_Used'],0,0,Valid,0.0,1.0,47.0,22.0,"['Male', 'Male']",0,0,4,4,5,Dry,Straight,Level,Lowest,No
19765,28,Mississippi,280629,0,1,1,0,1,NOT APPLICABLE,December,22,Friday,19,30,Rural,Low Speed (Local),No,31.75445833,-88.9898,Non-Intersection,Dark - Not Lighted,Clear,7:00pm-7:59pm,30,7:00pm-7:59pm,37,Not Applicable (Not Transported),Not Applicable (Not Transported),1,Dark - Unlighted,Clear,1,0,['Driver'],['Shoulder_Lapbelt'],0,0,Valid,0.0,0.0,65.0,65.0,['Male'],0,0,3,4,3,Dry,Curve,Level,Lowest,No
19766,28,Mississippi,280630,0,1,1,0,1,NATCHEZ,December,23,Saturday,2,22,Urban,Medium Speed (Collector),No,31.5667,-91.351925,Simple Junction,Dark - Lighted,Clear,Unknown,Unknown,Unknown EMS Scene Arrival Hour,Unknown EMS Scene Arrival Minutes,Unknown,Unknown EMS Hospital Arrival Time,1,Dark - Lighted,Clear,1,0,['Driver'],['None_Used'],1,1,Valid,0.0,0.0,48.0,48.0,['Male'],1,0,3,4,2,Dry,Straight,Level,Lowest,No
19767,28,Mississippi,280631,0,1,1,0,1,NOT APPLICABLE,December,23,Saturday,6,56,Rural,Medium Speed (Collector),No,31.71949167,-89.45527778,Non-Intersection,Dawn,"Fog, Smog, Smoke",Unknown,Unknown if Notified,Unknown EMS Scene Arrival Hour,Unknown if Arrived,Not Applicable (Not Transported),Not Applicable (Not Transported),1,Twilight,Reduced Visibility,1,0,['Driver'],['None_Used'],0,0,Invalid,0.0,0.0,29.0,29.0,['Male'],1,0,2,4,2,Dry,Curve,Level,Lowest,No
19768,28,Mississippi,280632,0,2,2,0,2,NOT APPLICABLE,November,9,Thursday,11,46,Rural,Medium Speed (Collector),No,32.48893056,-88.83926944,Non-Intersection,Daylight,Clear,Unknown,Unknown,Unknown EMS Scene Arrival Hour,Unknown EMS Scene Arrival Minutes,Unknown,Unknown EMS Hospital Arrival Time,1,Daylight,Clear,1,1,['Driver'],['None_Used'],0,0,Valid,0.0,0.0,63.0,60.0,"['Male', 'Male']",0,0,5,4,5,Dry,Straight,Level,Lowest,No
19769,28,Mississippi,280633,0,2,2,0,5,NOT APPLICABLE,December,16,Saturday,17,28,Rural,High Speed (Arterial),Yes,30.71376111,-89.1346,Non-Intersection,Dark - Not Lighted,Cloudy,5:00pm-5:59pm,29,5:00pm-5:59pm,36,5:00pm-5:59pm,54,1,Dark - Unlighted,Reduced Visibility,1,4,['Front_Passenger'],['None_Used'],1,1,Valid,0.0,0.0,71.0,53.0,"['Male', 'Female']",2,0,2,4,3,Wet/Standing Water,Straight,Level,Lowest,No
19770,28,Mississippi,280634,0,1,1,0,1,VICKSBURG,December,17,Sunday,0,16,Urban,High Speed (Arterial),Yes,32.31971944,-90.87923889,Non-Intersection,Dark - Lighted,Clear,Unknown,Unknown if Notified,Unknown EMS Scene Arrival Hour,Unknown if Arrived,Not Applicable (Not Transported),Not Applicable (Not Transported),1,Dark - Lighted,Clear,1,0,['Driver'],['None_Used'],1,1,Invalid,0.0,0.0,34.0,34.0,['Male'],0,0,3,4,3,Dry,Curve,Level,Lowest,No
19771,28,Mississippi,280635,1,1,1,0,2,NOT APPLICABLE,December,17,Sunday,19,49,Rural,Medium Speed (Collector),No,32.03261389,-88.72797778,Non-Intersection,Dark - Unknown Lighting,Clear,Unknown,Unknown if Notified,Unknown EMS Scene Arrival Hour,Unknown if Arrived,Not Applicable (Not Transported),Not Applicable (Not Transported),1,Dark - Unlighted,Clear,0,2,[],[],0,0,Valid,0.0,0.0,47.0,47.0,['Male'],0,0,3,4,4,Dry,Straight,Level,Lowest,No
19772,28,Mississippi,280636,0,1,1,0,1,NOT APPLICABLE,December,22,Friday,6,37,Rural,High Speed (Arterial),Yes,34.81005833,-89.51733611,Non-Intersection,Dawn,Clear,6:00am-6:59am,43,6:00am-6:59am,50,Not Applicable (Not Transported),Not Applicable (Not Transported),1,Twilight,Clear,1,0,['Driver'],['Shoulder_Lapbelt'],0,0,Valid,0.0,0.0,34.0,34.0,['Male'],0,0,3,4,3,Dry,Straight,Level,Lowest,No
19773,28,Mississippi,280637,0,1,1,0,1,NOT APPLICABLE,December,23,Saturday,14,24,Rural,Medium Speed (Collector),No,33.62144167,-88.59687222,Non-Intersection,Daylight,Clear,Unknown,Unknown,Unknown EMS Scene Arrival Hour,Unknown EMS Scene Arrival Minutes,Not Applicable (Not Transported),Not Applicable (Not Transported),1,Daylight,Clear,1,0,['Driver'],['None_Used'],0,0,Invalid,0.0,0.0,44.0,44.0,['Female'],0,0,3,4,3,Dry,Straight,Grade/Hillcrest,Lowest,No
19774,28,Mississippi,280638,0,1,1,0,1,NOT APPLICABLE,December,23,Saturday,16,25,Rural,Medium Speed (Collector),No,31.13027778,-89.24282778,Non-Intersection,Daylight,Clear,4:00pm-4:59pm,25,4:00pm-4:59pm,27,Not Applicable (Not Transported),Not Applicable (Not Transported),1,Daylight,Clear,1,0,['Driver'],['None_Used'],1,1,Valid,1.0,1.0,55.0,55.0,['Male'],1,0,3,4,3,Dry,Curve,Level,Lowest,No
19775,28,Mississippi,280639,1,1,1,0,1,JACKSON,December,24,Sunday,3,37,Urban,Medium Speed (Collector),No,32.38409722,-90.14601944,Non-Intersection,Dark - Lighted,Clear,Unknown,Unknown if Notified,Unknown EMS Scene Arrival Hour,Unknown if Arrived,Not Applicable (Not Transported),Not Applicable (Not Transported),1,Dark - Lighted,Clear,0,1,[],[],0,0,Invalid,0.0,0.0,999.0,999.0,['Other'],0,0,1,0,4,Dry,Straight,Level,Lowest,No
19776,28,Mississippi,280640,0,2,2,0,3,NOT APPLICABLE,October,11,Wednesday,14,51,Urban,Medium Speed (Collector),No,30.44044444,-88.71716944,Complex/Circle,Daylight,Rain,Unknown,Unknown,Unknown EMS Scene Arrival Hour,Unknown EMS Scene Arrival Minutes,Unknown,Unknown EMS Hospital Arrival Time,1,Daylight,Rain/Wind/Minor,1,2,['Front_Passenger'],['Shoulder_Lapbelt'],0,0,Valid,0.0,0.0,72.0,32.0,"['Female', 'Male']",0,0,3,4,5,Wet/Standing Water,Straight,Level,Lowest,No
19777,28,Mississippi,280641,0,2,2,0,6,NOT APPLICABLE,October,15,Sunday,20,55,Rural,High Speed (Arterial),Yes,34.94593333,-89.34478333,Non-Intersection,Dark - Not Lighted,Clear,Unknown,Unknown,Unknown EMS Scene Arrival Hour,Unknown EMS Scene Arrival Minutes,Unknown,Unknown EMS Hospital Arrival Time,2,Dark - Unlighted,Clear,2,4,"['Front_Passenger', 'Rear_Seat']","['None_Used', 'None_Used']",1,1,Valid,3.0,0.0,27.0,22.0,"['Male', 'Male']",0,0,4,4,5,Dry,Straight,Level,Lowest,No
19778,28,Mississippi,280642,0,2,2,0,4,COLUMBUS,October,23,Monday,17,1,Urban,Medium Speed (Collector),No,33.49408056,-88.37329167,Non-Intersection,Daylight,Clear,Unknown,Unknown,Unknown EMS Scene Arrival Hour,Unknown EMS Scene Arrival Minutes,Unknown,Unknown EMS Hospital Arrival Time,1,Daylight,Clear,1,3,['Driver'],['Shoulder_Lapbelt'],0,0,Invalid,0.0,0.0,86.0,49.0,"['Male', 'Male']",0,0,3,4,5,Dry,Straight,Level,Lowest,No
19779,28,Mississippi,280643,0,1,1,0,1,NOT APPLICABLE,October,29,Sunday,13,37,Rural,Medium Speed (Collector),No,31.14739722,-89.43268333,Non-Intersection,Daylight,Clear,Unknown,Unknown if Notified,Unknown EMS Scene Arrival Hour,Unknown if Arrived,Not Applicable (Not Transported),Not Applicable (Not Transported),1,Daylight,Clear,1,0,['Driver'],['None_Used'],0,0,Valid,0.0,0.0,63.0,63.0,['Male'],0,0,5,4,2,Dry,Curve,Level,Lowest,No
19780,28,Mississippi,280644,0,1,1,0,1,NOT APPLICABLE,November,12,Sunday,11,10,Rural,Low Speed (Local),No,33.06944722,-89.55423333,Non-Intersection,Daylight,Cloudy,Unknown,Unknown,Unknown EMS Scene Arrival Hour,Unknown EMS Scene Arrival Minutes,Unknown,Unknown EMS Hospital Arrival Time,1,Daylight,Reduced Visibility,1,0,['Driver'],['None_Used'],0,0,Valid,0.0,0.0,68.0,68.0,['Male'],0,0,3,4,2,Wet/Standing Water,Curve,Level,Lowest,No
19781,28,Mississippi,280645,0,2,2,0,3,NOT APPLICABLE,November,20,Monday,13,46,Urban,Medium Speed (Collector),No,31.97666111,-90.37246944,Non-Intersection,Daylight,Clear,Unknown,Unknown,Unknown EMS Scene Arrival Hour,Unknown EMS Scene Arrival Minutes,Unknown,Unknown EMS Hospital Arrival Time,1,Daylight,Clear,1,2,['Driver'],['None_Used'],0,0,Valid,0.0,1.0,71.0,30.0,"['Female', 'Male']",0,0,3,4,5,Dry,Straight,Level,Lowest,No
19782,28,Mississippi,280646,0,1,1,0,1,NOT APPLICABLE,November,19,Sunday,22,9,Rural,High Speed (Arterial),Yes,31.79651389,-88.68585556,Non-Intersection,Dark - Not Lighted,Clear,Unknown,Unknown if Notified,Unknown EMS Scene Arrival Hour,Unknown if Arrived,Not Applicable (Not Transported),Not Applicable (Not Transported),1,Dark - Unlighted,Clear,1,0,['Driver'],['Shoulder_Lapbelt'],0,0,Valid,0.0,0.0,21.0,21.0,['Male'],0,0,3,4,3,Dry,Straight,Level,Lowest,No
19783,28,Mississippi,280647,0,1,1,0,2,NOT APPLICABLE,November,30,Thursday,15,39,Rural,Medium Speed (Collector),No,34.11894722,-88.769375,Non-Intersection,Reported as Unknown,Reported as Unknown,Unknown,Unknown,Unknown EMS Scene Arrival Hour,Unknown EMS Scene Arrival Minutes,Unknown,Unknown EMS Hospital Arrival Time,1,Dark - Unlighted,Clear,1,1,['Driver'],['Shoulder_Lapbelt'],0,0,Valid,0.0,0.0,17.0,17.0,['Male'],0,0,2,4,2,Dry,Straight,Grade/Hillcrest,Lowest,No
19784,28,Mississippi,280648,0,1,1,0,1,NOT APPLICABLE,December,6,Wednesday,10,17,Urban,High Speed (Arterial),Yes,30.41685278,-89.19237778,Non-Intersection,Daylight,Clear,10:00am-10:59am,17,10:00am-10:59am,29,Not Applicable (Not Transported),Not Applicable (Not Transported),1,Daylight,Clear,1,0,['Driver'],['None_Used'],0,0,Valid,0.0,0.0,72.0,72.0,['Male'],0,0,3,4,2,Dry,Straight,Grade/Hillcrest,Lowest,No
19785,28,Mississippi,280649,0,2,2,0,3,NOT APPLICABLE,December,22,Friday,22,48,Rural,Medium Speed (Collector),No,34.36468056,-90.61717222,Non-Intersection,Dark - Not Lighted,Clear,10:00pm-10:59pm,48,10:00pm-10:59pm,54,11:00pm-11:59pm,29,2,Dark - Unlighted,Clear,2,1,"['Front_Passenger', 'Driver']","['None_Used', 'None_Used']",0,0,Invalid,0.0,0.0,43.0,34.0,"['Male', 'Male']",0,0,5,4,5,Dry,Straight,Level,Lowest,Yes
19786,28,Mississippi,280650,1,1,1,0,1,NOT APPLICABLE,December,29,Friday,18,31,Urban,Medium Speed (Collector),No,32.25349167,-90.30765833,Non-Intersection,Dark - Not Lighted,Clear,6:00pm-6:59pm,31,6:00pm-6:59pm,49,7:00pm-7:59pm,11,1,Dark - Unlighted,Clear,0,1,[],[],0,0,Valid,0.0,0.0,49.0,49.0,['Male'],0,0,3,3,4,Dry,Straight,Grade/Hillcrest,Lowest,No
19787,28,Mississippi,280651,1,1,1,0,1,NOT APPLICABLE,November,6,Monday,8,52,Rural,Medium Speed (Collector),No,30.53013889,-89.22859167,Non-Intersection,Daylight,Clear,Unknown,Unknown,Unknown EMS Scene Arrival Hour,Unknown EMS Scene Arrival Minutes,Unknown,Unknown EMS Hospital Arrival Time,1,Daylight,Clear,0,1,[],[],0,0,Valid,0.0,0.0,25.0,25.0,['Female'],0,0,2,4,4,Dry,Straight,Grade/Hillcrest,Lowest,No
19788,28,Mississippi,280652,1,1,1,0,1,JACKSON,December,6,Wednesday,15,58,Urban,High Speed (Arterial),Yes,32.28945556,-90.27077778,Non-Intersection,Daylight,Clear,3:00pm-3:59pm,59,4:00pm-4:59pm,5,Not Applicable (Not Transported),Not Applicable (Not Transported),1,Daylight,Clear,0,1,[],[],0,0,Invalid,0.0,0.0,999.0,999.0,['Other'],0,0,1,0,4,Dry,Straight,Level,Lowest,No
19789,28,Mississippi,280653,1,1,1,0,1,NOT APPLICABLE,December,21,Thursday,20,47,Rural,Medium Speed (Collector),No,34.71431111,-89.74193611,Non-Intersection,Dark - Not Lighted,Clear,Unknown,Unknown if Notified,Unknown EMS Scene Arrival Hour,Unknown if Arrived,Not Applicable (Not Transported),Not Applicable (Not Transported),1,Dark - Unlighted,Clear,0,1,[],[],0,0,Invalid,0.0,0.0,28.0,28.0,['Male'],0,0,3,3,4,Dry,Straight,Level,Lowest,No
19790,28,Mississippi,280654,0,2,2,0,2,VICKSBURG,October,8,Sunday,16,1,Urban,High Speed (Arterial),Yes,32.33259167,-90.86895,Simple Junction,Daylight,Clear,Unknown,Unknown,Unknown EMS Scene Arrival Hour,Unknown EMS Scene Arrival Minutes,Unknown,Unknown EMS Hospital Arrival Time,1,Daylight,Clear,1,1,['Driver'],['None_Used'],0,0,Invalid,0.0,1.0,23.0,23.0,"['Male', 'Male']",0,0,5,4,5,Dry,Straight,Level,Lowest,No
19791,28,Mississippi,280655,0,2,2,0,2,NEWTON,August,1,Tuesday,14,3,Rural,Medium Speed (Collector),No,32.34288333,-89.13659722,Non-Intersection,Daylight,Clear,Unknown,Unknown,Unknown EMS Scene Arrival Hour,Unknown EMS Scene Arrival Minutes,Unknown,Unknown EMS Hospital Arrival Time,1,Daylight,Clear,1,1,['Driver'],['Shoulder_Lapbelt'],0,0,Valid,0.0,0.0,53.0,46.0,"['Male', 'Male']",0,0,4,4,5,Dry,Straight,Level,Lowest,No
19792,28,Mississippi,280656,0,1,1,0,1,NOT APPLICABLE,July,26,Wednesday,10,55,Rural,Medium Speed (Collector),No,32.51181111,-89.78650833,Non-Intersection,Daylight,Clear,Unknown,Unknown,Unknown EMS Scene Arrival Hour,Unknown EMS Scene Arrival Minutes,Unknown,Unknown EMS Hospital Arrival Time,1,Daylight,Clear,1,0,['Driver'],['Shoulder_Lapbelt'],0,0,Valid,0.0,0.0,73.0,73.0,['Male'],0,0,3,3,3,Dry,Straight,Level,Lowest,No
19793,28,Mississippi,280657,0,1,1,0,1,NOT APPLICABLE,October,26,Thursday,22,35,Rural,Low Speed (Local),No,32.82996944,-89.51224444,Non-Intersection,Dark - Not Lighted,Clear,Unknown,Unknown,Unknown EMS Scene Arrival Hour,Unknown EMS Scene Arrival Minutes,Unknown,Unknown EMS Hospital Arrival Time,1,Dark - Unlighted,Clear,1,0,['Driver'],['Shoulder_Lapbelt'],0,0,Valid,0.0,0.0,71.0,71.0,['Male'],0,0,2,4,3,Dry,Curve,Grade/Hillcrest,Lowest,No
19794,28,Mississippi,280658,0,1,1,0,2,NOT APPLICABLE,October,31,Tuesday,21,26,Rural,Medium Speed (Collector),No,31.22759444,-88.98180556,Non-Intersection,Dark - Not Lighted,Clear,Unknown,Unknown,Unknown EMS Scene Arrival Hour,Unknown EMS Scene Arrival Minutes,Unknown,Unknown EMS Hospital Arrival Time,1,Dark - Unlighted,Clear,1,1,['Driver'],['Shoulder_Lapbelt'],0,0,Valid,0.0,0.0,20.0,20.0,['Female'],0,0,2,4,3,Dry,Straight,Level,Lowest,No
19795,28,Mississippi,280659,0,1,1,0,2,NOT APPLICABLE,November,4,Saturday,23,21,Rural,High Speed (Arterial),Yes,33.64565,-89.79999722,Non-Intersection,Dark - Not Lighted,Clear,Unknown,Unknown,Unknown EMS Scene Arrival Hour,Unknown EMS Scene Arrival Minutes,Unknown,Unknown EMS Hospital Arrival Time,1,Dark - Unlighted,Clear,1,1,['Front_Passenger'],['Shoulder_Lapbelt'],1,1,Valid,0.0,0.0,18.0,18.0,['Male'],0,0,2,4,3,Dry,Straight,Level,Medium,No
19796,28,Mississippi,280660,0,1,1,0,2,NOT APPLICABLE,November,8,Wednesday,15,0,Rural,Low Speed (Local),No,34.13863889,-88.73689444,Non-Intersection,Daylight,Clear,Unknown,Unknown,Unknown EMS Scene Arrival Hour,Unknown EMS Scene Arrival Minutes,Unknown,Unknown EMS Hospital Arrival Time,1,Daylight,Clear,1,1,['Driver'],['None_Used'],1,1,Valid,0.0,1.0,41.0,41.0,['Male'],0,0,5,2,3,Dry,Straight,Level,Lowest,No
19797,28,Mississippi,280661,0,1,1,0,1,NOT APPLICABLE,December,4,Monday,20,21,Rural,Medium Speed (Collector),No,34.02238333,-89.15526944,Non-Intersection,Dark - Not Lighted,Clear,Unknown,Unknown,Unknown EMS Scene Arrival Hour,Unknown EMS Scene Arrival Minutes,Unknown,Unknown EMS Hospital Arrival Time,1,Dark - Unlighted,Clear,1,0,['Driver'],['None_Used'],0,0,Valid,0.0,0.0,45.0,45.0,['Male'],1,0,2,4,1,Dry,Straight,Level,Lowest,No
19798,28,Mississippi,280662,0,1,1,0,1,BILOXI,December,10,Sunday,7,45,Urban,Medium Speed (Collector),No,30.43595556,-88.91726389,Non-Intersection,Daylight,Clear,7:00am-7:59am,52,8:00am-8:59am,4,8:00am-8:59am,48,1,Daylight,Clear,1,0,['Driver'],['Shoulder_Lapbelt'],0,0,Valid,0.0,0.0,67.0,67.0,['Female'],0,0,3,4,3,Wet/Standing Water,Straight,Level,Lowest,No
19799,28,Mississippi,280663,0,2,2,0,3,JACKSON,December,22,Friday,18,53,Urban,High Speed (Arterial),Yes,32.35111111,-90.22679444,Non-Intersection,Dark - Lighted,Clear,Unknown,Unknown,Unknown EMS Scene Arrival Hour,Unknown EMS Scene Arrival Minutes,Unknown,Unknown EMS Hospital Arrival Time,1,Dark - Lighted,Clear,1,2,['Front_Passenger'],['Shoulder_Lapbelt'],0,0,Valid,0.0,0.0,31.0,26.0,"['Female', 'Male']",0,0,2,4,5,Dry,Straight,Level,Lowest,No
19800,28,Mississippi,280664,1,1,1,0,1,PICKENS,February,3,Friday,18,35,Rural,Medium Speed (Collector),No,77.7777,777.7777,Non-Intersection,Not Reported,Not Reported,Unknown,Unknown,Unknown EMS Scene Arrival Hour,Unknown EMS Scene Arrival Minutes,Not Applicable (Not Transported),Not Applicable (Not Transported),1,Dark - Unlighted,Clear,0,1,[],[],0,0,Invalid,0.0,0.0,998.0,998.0,['Male'],0,0,1,0,4,Dry,Straight,Level,Lowest,No
19801,28,Mississippi,280665,1,1,1,0,1,LELAND,April,23,Sunday,4,44,Rural,High Speed (Arterial),Yes,77.7777,777.7777,Non-Intersection,Not Reported,Not Reported,Unknown,Unknown if Notified,Unknown EMS Scene Arrival Hour,Unknown if Arrived,Not Applicable (Not Transported),Not Applicable (Not Transported),1,Dark - Unlighted,Clear,0,1,[],[],0,0,Invalid,0.0,0.0,998.0,998.0,['Female'],0,0,2,1,4,Dry,Straight,Level,Lowest,No
19802,28,Mississippi,280666,1,1,1,0,1,HATTIESBURG,May,18,Thursday,21,20,Urban,Medium Speed (Collector),No,77.7777,777.7777,Non-Intersection,Not Reported,Not Reported,Unknown,Unknown,Unknown EMS Scene Arrival Hour,Unknown EMS Scene Arrival Minutes,Not Applicable (Not Transported),Not Applicable (Not Transported),1,Dark - Unlighted,Clear,0,1,[],[],0,0,Invalid,0.0,0.0,998.0,998.0,['Other'],0,0,2,0,4,Dry,Straight,Level,Lowest,No
19803,28,Mississippi,280667,0,3,3,0,3,NOT APPLICABLE,September,3,Sunday,21,9,Rural,Medium Speed (Collector),No,33.90849722,-90.74743611,Non-Intersection,Dark - Not Lighted,Clear,Unknown,Unknown,Unknown EMS Scene Arrival Hour,Unknown EMS Scene Arrival Minutes,Unknown,Unknown EMS Hospital Arrival Time,1,Dark - Unlighted,Clear,1,2,['Driver'],['Shoulder_Lapbelt'],1,1,Valid,0.0,1.0,60.0,22.0,"['Male', 'Male', 'Male']",0,0,3,4,5,Dry,Straight,Level,Lowest,No
19804,28,Mississippi,280668,0,2,2,0,2,NOT APPLICABLE,September,22,Friday,19,49,Rural,Medium Speed (Collector),No,31.7525,-89.11885278,Non-Intersection,Dark - Not Lighted,Clear,Unknown,Unknown,Unknown EMS Scene Arrival Hour,Unknown EMS Scene Arrival Minutes,Unknown,Unknown EMS Hospital Arrival Time,1,Dark - Unlighted,Clear,1,1,['Driver'],['Shoulder_Lapbelt'],0,0,Valid,0.0,0.0,80.0,35.0,"['Male', 'Male']",0,0,3,4,5,Dry,Curve,Level,Lowest,No
19805,28,Mississippi,280669,1,1,1,0,1,NOT APPLICABLE,September,3,Sunday,2,48,Rural,Low Speed (Local),No,77.7777,777.7777,Non-Intersection,Dark - Unknown Lighting,Not Reported,Unknown,Unknown,Unknown EMS Scene Arrival Hour,Unknown EMS Scene Arrival Minutes,Not Applicable (Not Transported),Not Applicable (Not Transported),1,Dark - Unlighted,Clear,0,1,[],[],0,0,Invalid,0.0,0.0,998.0,998.0,['Other'],0,0,1,0,4,Dry,Straight,Level,Lowest,No
19806,28,Mississippi,280670,1,1,1,0,2,NOT APPLICABLE,October,3,Tuesday,20,56,Rural,Low Speed (Local),No,77.7777,777.7777,Non-Intersection,Not Reported,Not Reported,Unknown,Unknown,Unknown EMS Scene Arrival Hour,Unknown EMS Scene Arrival Minutes,Not Applicable (Not Transported),Not Applicable (Not Transported),1,Dark - Unlighted,Clear,0,2,[],[],1,1,Valid,0.0,0.0,69.0,69.0,['Female'],0,0,3,0,4,Dry,Straight,Level,Lowest,No
19807,28,Mississippi,280671,0,1,1,0,3,NOT APPLICABLE,October,4,Wednesday,2,12,Rural,Low Speed (Local),No,77.7777,777.7777,Non-Intersection,Dark - Unknown Lighting,Not Reported,Unknown,Unknown,Unknown EMS Scene Arrival Hour,Unknown EMS Scene Arrival Minutes,Unknown,Unknown EMS Hospital Arrival Time,1,Dark - Unlighted,Clear,1,2,['Driver'],['Shoulder_Lapbelt'],0,0,Invalid,0.0,0.0,55.0,55.0,['Male'],0,0,1,4,3,Dry,Straight,Level,Lowest,No
19808,28,Mississippi,280672,0,2,2,0,2,NOT APPLICABLE,October,13,Friday,17,35,Rural,Low Speed (Local),No,77.7777,777.7777,Non-Intersection,Daylight,Not Reported,Unknown,Unknown,Unknown EMS Scene Arrival Hour,Unknown EMS Scene Arrival Minutes,Not Applicable (Not Transported),Not Applicable (Not Transported),2,Daylight,Clear,2,0,"['Driver', 'Driver']","['None_Used', 'None_Used']",1,1,Valid,0.0,0.0,31.0,29.0,"['Male', 'Male']",0,0,3,4,5,Dry,Straight,Level,Lowest,No