,State_Code,State_Name,Crash_ID,Count_Non_Motorists,Count_Vehicles_Total,Count_Vehicle_Forms,Count_PVH_Involved,Count_Occupants_MV,City_Name,Month_Name,Day_of_Month,Day_of_Week,Crash_Hour,Crash_Minute,Area_Rural_Urban,Road_Functional_Class,On_NHS_Road,Latitude,Longitude,Intersection_Type,Light_Condition,Weather_Condition,Notif_Hour,Notif_Minute,Arrival_Hour,Arrival_Minute,Hospital_Hour,Hospital_Minute,Fatalities_Count,Clean_Light_Condition,Clean_Weather_Condition,Total_Killed,Total_Alive,Fatal_Seats_List,Killed_Restraint_List,Any_Driver_Drinking,Total_Drinking_Drivers,Driver_License_Category,Driver_Max_Prev_Accident_Count,Driver_Max_Prev_Speeding_Count,Max_Driver_Age,Min_Driver_Age,Driver_Sex_List,Total_Exceeding_Limit_Vehicles,Total_Too_Fast_Vehicles,Max_Vehicle_Type_Severity_5,Max_Vehicle_Damage_Rank,Max_Harmful_Event_Severity,Crash_Road_Surface_Condition,Crash_Horizontal_Alignment,Crash_Vertical_Profile,Crash_Impairment_Category,Crash_Vehicle_Defect
19809,28,Mississippi,280673,0,1,1,0,1,NOT APPLICABLE,December,3,Sunday,0,31,Rural,Low Speed (Local),No,77.7777,777.7777,Non-Intersection,Dark - Unknown Lighting,Not Reported,Unknown,Unknown,Unknown EMS Scene Arrival Hour,Unknown EMS Scene Arrival Minutes,Unknown,Unknown EMS Hospital Arrival Time,1,Dark - Unlighted,Clear,1,0,['Driver'],['Shoulder_Lapbelt'],0,0,Invalid,0.0,0.0,44.0,44.0,['Male'],0,0,1,0,2,Dry,Straight,Level,Lowest,No
19810,28,Mississippi,280674,0,1,1,0,4,NOT APPLICABLE,December,21,Thursday,8,35,Urban,High Speed (Arterial),Yes,32.47088889,-89.90483889,Non-Intersection,Daylight,Clear,Unknown,Unknown,Unknown EMS Scene Arrival Hour,Unknown EMS Scene Arrival Minutes,Unknown,Unknown EMS Hospital Arrival Time,1,Daylight,Clear,1,3,['Rear_Seat'],['None_Used'],0,0,Valid,0.0,0.0,65.0,65.0,['Female'],0,0,3,4,3,Dry,Curve,Level,Lowest,No
19811,29,Missouri,290001,2,1,1,0,1,ST. LOUIS,January,1,Sunday,1,36,Urban,High Speed (Arterial),Yes,38.65614444,-90.2628,Simple Junction,Dark - Lighted,Clear,1:00am-1:59am,36,1:00am-1:59am,51,2:00am-2:59am,28,1,Dark - Lighted,Clear,0,0,[],[],0,0,Invalid,0.0,0.0,999.0,999.0,['Other'],0,0,1,0,4,Dry,Straight,Level,Lowest,No
19812,29,Missouri,290002,0,1,1,0,1,NOT APPLICABLE,January,1,Sunday,1,25,Rural,Medium Speed (Collector),No,36.9911,-89.43005,Simple Junction,Dark - Not Lighted,"Fog, Smog, Smoke",Unknown,Unknown if Notified,Unknown EMS Scene Arrival Hour,Unknown if Arrived,Not Applicable (Not Transported),Not Applicable (Not Transported),1,Dark - Unlighted,Reduced Visibility,1,0,['Driver'],['None_Used'],1,1,Valid,0.0,0.0,55.0,55.0,['Male'],1,0,2,4,3,Wet/Standing Water,Curve,Level,Lowest,No
19813,29,Missouri,290003,0,1,1,0,1,KANSAS CITY,January,2,Monday,16,18,Urban,Medium Speed (Collector),No,39.0862,-94.55195,Non-Intersection,Daylight,"Fog, Smog, Smoke",Unknown,Unknown if Notified,Unknown EMS Scene Arrival Hour,Unknown if Arrived,Not Applicable (Not Transported),Not Applicable (Not Transported),1,Daylight,Reduced Visibility,1,0,['Driver'],['None_Used'],0,0,Valid,2.0,0.0,39.0,39.0,['Male'],1,0,2,4,3,Wet/Standing Water,Straight,Grade/Hillcrest,Lowest,No
19814,29,Missouri,290004,0,2,2,0,3,NOT APPLICABLE,January,3,Tuesday,9,30,Rural,High Speed (Arterial),Yes,37.26206667,-93.22508333,Non-Intersection,Daylight,Clear,9:00am-9:59am,37,9:00am-9:59am,51,10:00am-10:59am,20,1,Daylight,Clear,1,2,['Driver'],['Lapbelt_Only'],0,0,Valid,0.0,0.0,30.0,18.0,"['Female', 'Female']",0,0,3,4,5,Dry,Curve,Grade/Hillcrest,Lowest,No
19815,29,Missouri,290005,0,2,2,0,3,NOT APPLICABLE,January,3,Tuesday,0,59,Rural,High Speed (Arterial),Yes,38.44044444,-90.90797222,Non-Intersection,Dark - Lighted,Rain,1:00am-1:59am,3,1:00am-1:59am,14,Not Applicable (Not Transported),Not Applicable (Not Transported),1,Dark - Lighted,Rain/Wind/Minor,1,2,['Driver'],['Shoulder_Lapbelt'],1,1,Invalid,0.0,0.0,54.0,50.0,"['Male', 'Male']",0,0,4,4,5,Wet/Standing Water,Straight,Level,Lowest,No
19816,29,Missouri,290006,0,2,2,0,4,LINN,January,5,Thursday,9,40,Rural,High Speed (Arterial),Yes,38.46891667,-91.8295,Non-Intersection,Daylight,Cloudy,Unknown,Unknown,Unknown EMS Scene Arrival Hour,Unknown EMS Scene Arrival Minutes,Unknown,Unknown EMS Hospital Arrival Time,1,Daylight,Reduced Visibility,1,3,['Driver'],['None_Used'],0,0,Valid,0.0,0.0,45.0,31.0,"['Female', 'Male']",0,0,2,4,5,Dry,Straight,Grade/Hillcrest,Lowest,No
19817,29,Missouri,290007,0,1,1,0,1,NOT APPLICABLE,January,5,Thursday,10,15,Rural,Medium Speed (Collector),No,37.01119444,-92.94887778,Non-Intersection,Daylight,Clear,Unknown,Unknown if Notified,Unknown EMS Scene Arrival Hour,Unknown if Arrived,Not Applicable (Not Transported),Not Applicable (Not Transported),1,Daylight,Clear,1,0,['Driver'],['None_Used'],0,0,Valid,0.0,0.0,59.0,59.0,['Male'],0,0,2,4,3,Dry,Straight,Level,Lowest,No
19818,29,Missouri,290008,0,1,1,0,1,SPRINGFIELD,January,6,Friday,22,26,Urban,Medium Speed (Collector),No,37.25165278,-93.27400833,Complex/Circle,Dark - Lighted,Clear,10:00pm-10:59pm,29,10:00pm-10:59pm,37,10:00pm-10:59pm,59,1,Dark - Lighted,Clear,1,0,['Driver'],['None_Used'],1,1,Valid,0.0,0.0,50.0,50.0,['Male'],1,0,3,4,3,Dry,Straight,Level,Lowest,No
19819,29,Missouri,290009,0,2,2,0,3,MONETT,January,7,Saturday,12,30,Urban,High Speed (Arterial),Yes,36.91363889,-93.892,Non-Intersection,Daylight,Cloudy,12:00pm-12:59pm,35,12:00pm-12:59pm,41,12:00pm-12:59pm,54,1,Daylight,Reduced Visibility,1,2,['Front_Passenger'],['None_Used'],0,0,Valid,0.0,1.0,53.0,52.0,"['Female', 'Male']",0,0,3,4,5,Dry,Straight,Level,Lowest,No
19820,29,Missouri,290010,0,2,2,0,3,KANSAS CITY,January,8,Sunday,2,7,Urban,High Speed (Arterial),Yes,39.105225,-94.51913611,Complex/Circle,Dark - Lighted,Clear,2:00am-2:59am,7,2:00am-2:59am,13,2:00am-2:59am,34,2,Dark - Lighted,Clear,2,1,"['Driver', 'Front_Passenger']","['Shoulder_Lapbelt', 'Shoulder_Lapbelt']",1,1,Invalid,1.0,0.0,44.0,30.0,"['Male', 'Female']",1,0,3,4,5,Dry,Straight,Level,Medium,No
19821,29,Missouri,290012,0,2,2,0,2,NOT APPLICABLE,January,10,Tuesday,18,5,Rural,High Speed (Arterial),Yes,36.00966667,-89.87491667,Non-Intersection,Dark - Not Lighted,Clear,Unknown,Unknown if Notified,Unknown EMS Scene Arrival Hour,Unknown if Arrived,Not Applicable (Not Transported),Not Applicable (Not Transported),1,Dark - Unlighted,Clear,1,1,['Driver'],['Shoulder_Lapbelt'],0,0,Invalid,0.0,1.0,58.0,32.0,"['Male', 'Male']",0,0,4,4,5,Dry,Straight,Level,Lowest,No
19822,29,Missouri,290013,0,1,1,0,1,NOT APPLICABLE,January,10,Tuesday,15,42,Rural,Medium Speed (Collector),No,37.16571944,-90.07934444,Non-Intersection,Daylight,Cloudy,3:00pm-3:59pm,40,4:00pm-4:59pm,8,4:00pm-4:59pm,33,1,Daylight,Reduced Visibility,1,0,['Driver'],['None_Used'],0,0,Valid,0.0,0.0,80.0,80.0,['Male'],0,0,3,4,3,Dry,Curve,Grade/Hillcrest,Lowest,No
19823,29,Missouri,290014,0,2,2,0,3,CHESTERFIELD,January,10,Tuesday,18,36,Urban,Medium Speed (Collector),No,38.61482778,-90.54108611,Non-Intersection,Dark - Lighted,Clear,Unknown,Unknown,Unknown EMS Scene Arrival Hour,Unknown EMS Scene Arrival Minutes,Unknown,Unknown EMS Hospital Arrival Time,1,Dark - Lighted,Clear,1,2,['Driver'],['None_Used'],0,0,Valid,0.0,0.0,83.0,83.0,"['Male', 'Male']",0,0,3,4,5,Dry,Straight,Level,Lowest,No
19824,29,Missouri,290015,0,2,2,0,3,O Fallon,January,13,Friday,6,30,Urban,High Speed (Arterial),Yes,38.80347222,-90.74644444,Non-Intersection,Dark - Not Lighted,Clear,7:00am-7:59am,23,7:00am-7:59am,29,7:00am-7:59am,49,1,Dark - Unlighted,Clear,1,2,['Driver'],['None_Used'],1,1,Invalid,1.0,0.0,61.0,34.0,"['Female', 'Male']",2,0,3,4,5,Dry,Straight,Level,Lowest,No
19825,29,Missouri,290016,0,2,2,0,3,NOT APPLICABLE,January,13,Friday,18,42,Rural,Medium Speed (Collector),No,36.88616667,-93.61205556,Non-Intersection,Dark - Not Lighted,Clear,5:00pm-5:59pm,55,6:00pm-6:59pm,2,7:00pm-7:59pm,21,2,Dark - Unlighted,Clear,2,1,"['Driver', 'Front_Passenger']","['None_Used', 'None_Used']",0,0,Valid,1.0,0.0,43.0,33.0,"['Male', 'Female']",1,0,3,4,5,Dry,Curve,Grade/Hillcrest,Lowest,No
19826,29,Missouri,290017,0,1,1,0,1,CAPE GIRARDEAU,January,16,Monday,1,35,Urban,High Speed (Arterial),Yes,37.32674444,-89.56313333,Non-Intersection,Dark - Lighted,Cloudy,Unknown,Unknown,Unknown EMS Scene Arrival Hour,Unknown EMS Scene Arrival Minutes,Not Applicable (Not Transported),Not Applicable (Not Transported),1,Dark - Lighted,Reduced Visibility,1,0,['Driver'],['None_Used'],0,0,Invalid,0.0,0.0,24.0,24.0,['Female'],0,0,2,4,3,Dry,Curve,Grade/Hillcrest,Lowest,No
19827,29,Missouri,290018,0,1,1,0,1,KIMBERLING CITY,January,16,Monday,10,40,Rural,High Speed (Arterial),Yes,36.67105556,-93.40191667,Non-Intersection,Daylight,Clear,10:00am-10:59am,45,10:00am-10:59am,52,Not Applicable (Not Transported),Not Applicable (Not Transported),1,Daylight,Clear,1,0,['Driver'],['None_Used'],1,1,Valid,0.0,0.0,36.0,36.0,['Male'],1,0,3,4,3,Dry,Curve,Grade/Hillcrest,Lowest,No
19828,29,Missouri,290019,0,1,1,0,1,SPRINGFIELD,January,17,Tuesday,1,31,Urban,Medium Speed (Collector),No,37.15278889,-93.28188611,Complex/Circle,Dark - Lighted,Clear,Unknown,Unknown if Notified,Unknown EMS Scene Arrival Hour,Unknown if Arrived,Not Applicable (Not Transported),Not Applicable (Not Transported),1,Dark - Lighted,Clear,1,0,['Driver'],['None_Used'],1,1,Invalid,2.0,0.0,43.0,43.0,['Male'],0,0,5,1,2,Dry,Curve,Level,Lowest,No
19829,29,Missouri,290020,0,3,3,0,5,ST. ROBERT,January,18,Wednesday,11,14,Urban,Medium Speed (Collector),No,37.821825,-92.14273611,Complex/Circle,Daylight,Rain,11:00am-11:59am,14,11:00am-11:59am,21,11:00am-11:59am,41,1,Daylight,Rain/Wind/Minor,1,4,['Front_Passenger'],['Shoulder_Lapbelt'],0,0,Valid,0.0,0.0,68.0,39.0,"['Male', 'Female', 'Male']",1,0,3,4,5,Wet/Standing Water,Straight,Level,Lowest,Yes
19830,29,Missouri,290021,0,2,2,0,2,ST. ROBERT,January,18,Wednesday,16,30,Urban,Medium Speed (Collector),No,37.82779167,-92.17484167,Non-Intersection,Daylight,Rain,4:00pm-4:59pm,28,4:00pm-4:59pm,34,Unknown,Unknown EMS Hospital Arrival Time,1,Daylight,Rain/Wind/Minor,1,1,['Driver'],['None_Used'],1,1,Valid,0.0,1.0,51.0,24.0,"['Female', 'Male']",1,0,3,4,5,Wet/Standing Water,Straight,Level,Lowest,No
19831,29,Missouri,290022,0,3,3,0,5,ST. LOUIS,January,20,Friday,12,37,Urban,Medium Speed (Collector),No,38.537675,-90.26901944,Complex/Circle,Daylight,Clear,12:00pm-12:59pm,41,1:00pm-1:59pm,7,1:00pm-1:59pm,45,1,Daylight,Clear,1,4,['Driver'],['Shoulder_Lapbelt'],0,0,Invalid,1.0,1.0,53.0,18.0,"['Female', 'Male', 'Male']",0,0,2,4,5,Dry,Straight,Level,Lowest,No
19832,29,Missouri,290023,0,1,1,0,2,NOT APPLICABLE,January,20,Friday,6,0,Rural,High Speed (Arterial),Yes,36.92963889,-93.23255556,Non-Intersection,Dark - Not Lighted,Clear,6:00am-6:59am,14,6:00am-6:59am,23,6:00am-6:59am,46,1,Dark - Unlighted,Clear,1,1,['Driver'],['None_Used'],1,1,Valid,0.0,0.0,20.0,20.0,['Female'],0,0,2,4,3,Dry,Curve,Grade/Hillcrest,Lowest,Yes
19833,29,Missouri,290024,0,2,2,0,9,SPRINGFIELD,January,20,Friday,1,6,Urban,High Speed (Arterial),Yes,37.155625,-93.36909722,Non-Intersection,Dark - Lighted,Cloudy,1:00am-1:59am,11,1:00am-1:59am,22,1:00am-1:59am,48,3,Dark - Lighted,Reduced Visibility,3,6,"['Front_Passenger', 'Rear_Seat', 'Rear_Seat']","['Shoulder_Lapbelt', 'None_Used', 'Shoulder_Lapbelt']",1,1,Valid,1.0,0.0,65.0,54.0,"['Male', 'Male']",0,0,3,4,5,Dry,Straight,Level,Lowest,No
19834,29,Missouri,290025,0,1,1,0,1,NOT APPLICABLE,January,20,Friday,16,45,Rural,Low Speed (Local),No,39.41041667,-91.57177778,Non-Intersection,Daylight,Clear,Unknown,Unknown if Notified,Unknown EMS Scene Arrival Hour,Unknown if Arrived,Not Applicable (Not Transported),Not Applicable (Not Transported),1,Daylight,Clear,1,0,['Driver'],['None_Used'],0,0,Valid,0.0,2.0,26.0,26.0,['Male'],0,0,5,0,3,Dry,Straight,Level,Lowest,No
19835,29,Missouri,290026,0,1,1,0,1,ST. LOUIS,January,23,Monday,11,46,Urban,High Speed (Arterial),Yes,38.74928333,-90.19482222,Non-Intersection,Daylight,Clear,11:00am-11:59am,50,12:00pm-12:59pm,2,12:00pm-12:59pm,41,1,Daylight,Clear,1,0,['Driver'],['None_Used'],0,0,Invalid,0.0,0.0,20.0,20.0,['Male'],1,0,3,4,3,Dry,Straight,Level,Lowest,No
19836,29,Missouri,290028,0,2,2,0,3,KANSAS CITY,January,27,Friday,14,18,Urban,High Speed (Arterial),Yes,39.08958611,-94.57131667,Non-Intersection,Daylight,Clear,2:00pm-2:59pm,20,2:00pm-2:59pm,23,2:00pm-2:59pm,38,1,Daylight,Clear,1,2,['Front_Passenger'],['Shoulder_Lapbelt'],0,0,Valid,1.0,0.0,67.0,62.0,"['Male', 'Male']",2,0,4,4,5,Dry,Straight,Level,Lowest,No
19837,29,Missouri,290029,0,1,1,0,2,NOT APPLICABLE,January,28,Saturday,21,50,Rural,Low Speed (Local),No,37.83058333,-92.32752778,Non-Intersection,Dark - Not Lighted,Clear,10:00pm-10:59pm,3,10:00pm-10:59pm,25,11:00pm-11:59pm,28,1,Dark - Unlighted,Clear,1,1,['Driver'],['None_Used'],1,1,Valid,0.0,0.0,43.0,43.0,['Male'],0,0,5,4,3,Dry,Curve,Grade/Hillcrest,Lowest,No
19838,29,Missouri,290030,0,2,2,0,2,NOT APPLICABLE,January,29,Sunday,18,20,Rural,High Speed (Arterial),Yes,38.67958333,-92.90955556,Non-Intersection,Dark - Not Lighted,"Fog, Smog, Smoke",6:00pm-6:59pm,23,6:00pm-6:59pm,42,8:00pm-8:59pm,5,1,Dark - Unlighted,Reduced Visibility,1,1,['Driver'],['Shoulder_Lapbelt'],0,0,Valid,0.0,0.0,43.0,20.0,"['Female', 'Male']",1,0,3,4,5,Icy/Snowy,Curve,Level,Lowest,No
19839,29,Missouri,290031,0,2,2,0,2,NOT APPLICABLE,January,29,Sunday,9,41,Rural,High Speed (Arterial),Yes,38.11041667,-92.95538889,Non-Intersection,Daylight,"Fog, Smog, Smoke",9:00am-9:59am,43,9:00am-9:59am,54,10:00am-10:59am,49,1,Daylight,Reduced Visibility,1,1,['Driver'],['Shoulder_Lapbelt'],0,0,Valid,0.0,0.0,32.0,19.0,"['Female', 'Male']",1,0,3,4,5,Wet/Standing Water,Curve,Grade/Hillcrest,Lowest,No
19840,29,Missouri,290033,0,2,2,0,2,NOT APPLICABLE,February,1,Wednesday,15,54,Rural,High Speed (Arterial),Yes,39.75894444,-92.65980556,Non-Intersection,Daylight,Cloudy,3:00pm-3:59pm,57,4:00pm-4:59pm,11,5:00pm-5:59pm,2,1,Daylight,Reduced Visibility,1,1,['Driver'],['None_Used'],0,0,Valid,0.0,0.0,62.0,58.0,"['Male', 'Male']",0,0,5,4,5,Dry,Straight,Grade/Hillcrest,Lowest,No
19841,29,Missouri,290034,0,1,1,0,1,NOT APPLICABLE,February,2,Thursday,3,35,Urban,Medium Speed (Collector),No,39.32471111,-94.33768333,Simple Junction,Dark - Not Lighted,Clear,Unknown,Unknown if Notified,Unknown EMS Scene Arrival Hour,Unknown if Arrived,Not Applicable (Not Transported),Not Applicable (Not Transported),1,Dark - Unlighted,Clear,1,0,['Driver'],['None_Used'],1,1,Valid,1.0,0.0,44.0,44.0,['Male'],1,0,3,4,3,Dry,Straight,Level,Lowest,No
19842,29,Missouri,290035,0,2,2,0,2,NOT APPLICABLE,February,3,Friday,11,15,Rural,High Speed (Arterial),Yes,36.27391667,-89.71627778,Non-Intersection,Daylight,Clear,Unknown,Unknown if Notified,Unknown EMS Scene Arrival Hour,Unknown if Arrived,Not Applicable (Not Transported),Not Applicable (Not Transported),1,Daylight,Clear,1,1,['Driver'],['None_Used'],0,0,Valid,1.0,1.0,54.0,48.0,"['Male', 'Female']",1,0,4,4,5,Dry,Straight,Level,Lowest,No
19843,29,Missouri,290036,0,2,2,0,3,MARYLAND HEIGHTS,January,3,Tuesday,21,52,Urban,High Speed (Arterial),Yes,38.72261111,-90.44547222,Non-Intersection,Dark - Not Lighted,Clear,9:00pm-9:59pm,54,10:00pm-10:59pm,1,10:00pm-10:59pm,9,1,Dark - Unlighted,Clear,1,2,['Front_Passenger'],['Shoulder_Lapbelt'],0,0,Valid,3.0,1.0,47.0,32.0,"['Male', 'Male']",0,0,3,4,5,Dry,Straight,Grade/Hillcrest,Lowest,No
19844,29,Missouri,290037,0,2,2,0,2,NOT APPLICABLE,January,10,Tuesday,16,12,Rural,High Speed (Arterial),Yes,37.50867222,-93.3635,Complex/Circle,Daylight,Cloudy,4:00pm-4:59pm,27,4:00pm-4:59pm,51,5:00pm-5:59pm,17,1,Daylight,Reduced Visibility,1,1,['Driver'],['Shoulder_Lapbelt'],0,0,Valid,0.0,0.0,78.0,20.0,"['Male', 'Male']",0,0,3,4,5,Dry,Straight,Level,Lowest,No
19845,29,Missouri,290038,0,2,2,0,3,ST. JOHNS,January,21,Saturday,19,51,Rural,High Speed (Arterial),Yes,38.7055,-90.34030556,Simple Junction,Dark - Lighted,Cloudy,7:00pm-7:59pm,55,7:00pm-7:59pm,56,8:00pm-8:59pm,15,1,Dark - Lighted,Reduced Visibility,1,2,['Front_Passenger'],['None_Used'],1,1,Invalid,1.0,0.0,59.0,35.0,"['Male', 'Female']",2,0,2,4,5,Dry,Curve,Grade/Hillcrest,Lowest,No
19846,29,Missouri,290039,1,1,1,0,1,OVERLAND,February,2,Thursday,21,5,Urban,Medium Speed (Collector),No,38.70269444,-90.35872222,Simple Junction,Dark - Not Lighted,Clear,9:00pm-9:59pm,29,9:00pm-9:59pm,32,Not Applicable (Not Transported),Not Applicable (Not Transported),1,Dark - Unlighted,Clear,0,0,[],[],0,0,Invalid,0.0,0.0,999.0,999.0,['Other'],0,0,1,0,4,Dry,Curve,Level,Lowest,No
19847,29,Missouri,290040,0,1,1,0,2,WARDELL,February,5,Sunday,0,45,Rural,Medium Speed (Collector),No,36.35938889,-89.81791944,Non-Intersection,Dark - Lighted,Clear,0:00am-0:59am,49,1:00am-1:59am,8,Not Applicable (Not Transported),Not Applicable (Not Transported),1,Dark - Lighted,Clear,1,1,['Driver'],['None_Used'],0,0,Valid,2.0,0.0,24.0,24.0,['Female'],0,0,2,4,3,Dry,Straight,Level,Lowest,No
19848,29,Missouri,290041,0,1,1,0,5,NOT APPLICABLE,February,5,Sunday,3,40,Rural,Low Speed (Local),No,38.97530556,-90.84230556,Non-Intersection,Dark - Not Lighted,Clear,3:00am-3:59am,58,4:00am-4:59am,42,5:00am-5:59am,30,3,Dark - Unlighted,Clear,3,2,"['Front_Passenger', 'Rear_Seat', 'Rear_Seat']","['None_Used', 'None_Used', 'None_Used']",1,1,Valid,1.0,1.0,17.0,17.0,['Female'],5,0,2,4,3,Dry,Straight,Grade/Hillcrest,Lowest,No
19849,29,Missouri,290043,1,1,1,0,1,NOT APPLICABLE,February,6,Monday,4,40,Urban,High Speed (Arterial),Yes,37.2472,-93.34683056,Non-Intersection,Dark - Not Lighted,Cloudy,Unknown,Unknown if Notified,Unknown EMS Scene Arrival Hour,Unknown if Arrived,Not Applicable (Not Transported),Not Applicable (Not Transported),1,Dark - Unlighted,Reduced Visibility,0,1,[],[],0,0,Valid,0.0,0.0,57.0,57.0,['Male'],0,0,3,3,4,Dry,Straight,Level,Lowest,No
19850,29,Missouri,290044,0,2,2,0,2,MOLINE ACRES,February,6,Monday,16,23,Urban,High Speed (Arterial),Yes,38.74255556,-90.24038889,Non-Intersection,Daylight,Cloudy,4:00pm-4:59pm,33,4:00pm-4:59pm,44,4:00pm-4:59pm,53,1,Daylight,Reduced Visibility,1,1,['Driver'],['Shoulder_Lapbelt'],0,0,Valid,1.0,0.0,70.0,25.0,"['Male', 'Male']",0,0,2,4,5,Dry,Straight,Level,Lowest,No
19851,29,Missouri,290045,0,1,1,0,1,NOT APPLICABLE,February,6,Monday,13,2,Rural,Medium Speed (Collector),No,37.19755556,-89.93278333,Non-Intersection,Daylight,Clear,Unknown,Unknown if Notified,Unknown EMS Scene Arrival Hour,Unknown if Arrived,Not Applicable (Not Transported),Not Applicable (Not Transported),1,Daylight,Clear,1,0,['Driver'],['Shoulder_Lapbelt'],0,0,Valid,0.0,0.0,73.0,73.0,['Female'],0,0,3,4,3,Dry,Straight,Grade/Hillcrest,Lowest,No
19852,29,Missouri,290046,0,1,1,0,1,NOT APPLICABLE,January,16,Monday,12,24,Rural,Medium Speed (Collector),No,38.99955556,-92.19722222,Non-Intersection,Daylight,Cloudy,12:00pm-12:59pm,27,12:00pm-12:59pm,39,Not Applicable (Not Transported),Not Applicable (Not Transported),1,Daylight,Reduced Visibility,1,0,['Driver'],['Shoulder_Lapbelt'],0,0,Valid,1.0,0.0,22.0,22.0,['Male'],0,0,4,4,3,Dry,Straight,Level,Lowest,No
19853,29,Missouri,290047,1,1,1,0,1,INDEPENDENCE,February,1,Wednesday,18,34,Urban,Low Speed (Local),No,39.04900833,-94.35943611,Non-Intersection,Dark - Not Lighted,Cloudy,Unknown,Unknown,Unknown EMS Scene Arrival Hour,Unknown EMS Scene Arrival Minutes,Unknown,Unknown EMS Hospital Arrival Time,1,Dark - Unlighted,Reduced Visibility,0,0,[],[],0,0,Valid,3.0,0.0,21.0,21.0,['Male'],0,0,2,4,4,Dry,Straight,Level,Lowest,No
19854,29,Missouri,290048,1,3,3,0,3,INDEPENDENCE,February,5,Sunday,18,20,Urban,High Speed (Arterial),Yes,39.05579444,-94.46213056,Non-Intersection,Dark - Not Lighted,Clear,Unknown,Unknown,Unknown EMS Scene Arrival Hour,Unknown EMS Scene Arrival Minutes,Not Applicable (Not Transported),Not Applicable (Not Transported),1,Dark - Unlighted,Clear,0,2,[],[],0,0,Valid,0.0,1.0,999.0,40.0,"['Female', 'Other', 'Female']",0,0,3,4,4,Dry,Straight,Level,Lowest,No
19855,29,Missouri,290049,0,1,1,0,1,NOT APPLICABLE,February,6,Monday,16,43,Rural,Medium Speed (Collector),No,38.63958333,-90.80647222,Non-Intersection,Daylight,Clear,4:00pm-4:59pm,46,5:00pm-5:59pm,1,5:00pm-5:59pm,34,1,Daylight,Clear,1,0,['Driver'],['None_Used'],0,0,Valid,1.0,0.0,74.0,74.0,['Male'],1,0,5,4,3,Dry,Curve,Grade/Hillcrest,Lowest,No
19856,29,Missouri,290050,1,1,1,0,1,NOT APPLICABLE,February,6,Monday,6,5,Rural,Medium Speed (Collector),No,37.49911111,-91.8355,Non-Intersection,Dark - Not Lighted,Clear,6:00am-6:59am,11,6:00am-6:59am,18,Not Applicable (Not Transported),Not Applicable (Not Transported),1,Dark - Unlighted,Clear,0,1,[],[],0,0,Valid,0.0,0.0,48.0,48.0,['Male'],0,0,4,1,4,Dry,Straight,Grade/Hillcrest,Lowest,No
19857,29,Missouri,290051,0,1,1,0,1,NOT APPLICABLE,February,7,Tuesday,9,24,Rural,Low Speed (Local),No,38.81742778,-94.29820833,Non-Intersection,Daylight,Clear,Unknown,Unknown if Notified,Unknown EMS Scene Arrival Hour,Unknown if Arrived,Not Applicable (Not Transported),Not Applicable (Not Transported),1,Daylight,Clear,1,0,['Driver'],['None_Used'],0,0,Valid,0.0,1.0,34.0,34.0,['Male'],0,0,1,4,4,Dry,Straight,Grade/Hillcrest,Lowest,No
19858,29,Missouri,290052,0,1,1,0,1,NOT APPLICABLE,February,7,Tuesday,5,0,Rural,Medium Speed (Collector),No,39.51002778,-91.45947222,Non-Intersection,Dark - Not Lighted,Cloudy,6:00am-6:59am,19,6:00am-6:59am,32,Not Applicable (Not Transported),Not Applicable (Not Transported),1,Dark - Unlighted,Reduced Visibility,1,0,['Driver'],['None_Used'],0,0,Valid,0.0,0.0,37.0,37.0,['Male'],0,0,2,4,3,Dry,Straight,Grade/Hillcrest,Lowest,No
19859,29,Missouri,290053,0,1,1,0,1,NOT APPLICABLE,February,7,Tuesday,14,20,Rural,Medium Speed (Collector),No,37.09080556,-92.33705556,Non-Intersection,Daylight,Rain,Unknown,Unknown if Notified,Unknown EMS Scene Arrival Hour,Unknown if Arrived,Not Applicable (Not Transported),Not Applicable (Not Transported),1,Daylight,Rain/Wind/Minor,1,0,['Driver'],['None_Used'],0,0,Valid,0.0,0.0,81.0,81.0,['Male'],1,0,3,4,3,Wet/Standing Water,Curve,Grade/Hillcrest,Lowest,No
19860,29,Missouri,290054,0,2,2,0,2,NOT APPLICABLE,February,8,Wednesday,6,13,Rural,High Speed (Arterial),Yes,39.00506111,-93.86973333,Non-Intersection,Dark - Not Lighted,Clear,6:00am-6:59am,44,6:00am-6:59am,59,7:00am-7:59am,38,1,Dark - Unlighted,Clear,1,1,['Driver'],['None_Used'],0,0,Valid,2.0,0.0,60.0,39.0,"['Male', 'Male']",0,0,4,4,5,Dry,Straight,Level,Lowest,No
19861,29,Missouri,290055,0,1,1,0,1,NOT APPLICABLE,February,9,Thursday,5,30,Rural,Medium Speed (Collector),No,39.92295,-94.58497222,Non-Intersection,Dark - Not Lighted,Snow,Unknown,Unknown if Notified,Unknown EMS Scene Arrival Hour,Unknown if Arrived,Not Applicable (Not Transported),Not Applicable (Not Transported),1,Dark - Unlighted,Snow/Ice/Severe,1,0,['Driver'],['Shoulder_Lapbelt'],0,0,Valid,0.0,0.0,38.0,38.0,['Male'],1,0,3,4,4,Icy/Snowy,Curve,Grade/Hillcrest,Lowest,No
19862,29,Missouri,290056,0,1,1,0,1,NOT APPLICABLE,January,10,Tuesday,9,25,Urban,High Speed (Arterial),Yes,38.40448333,-90.3854,Non-Intersection,Daylight,Clear,9:00am-9:59am,28,9:00am-9:59am,38,10:00am-10:59am,1,1,Daylight,Clear,1,0,['Driver'],['None_Used'],0,0,Valid,0.0,0.0,68.0,68.0,['Female'],0,0,3,4,3,Dry,Straight,Level,Lowest,No