,State_Code,State_Name,Crash_ID,Count_Non_Motorists,Count_Vehicles_Total,Count_Vehicle_Forms,Count_PVH_Involved,Count_Occupants_MV,City_Name,Month_Name,Day_of_Month,Day_of_Week,Crash_Hour,Crash_Minute,Area_Rural_Urban,Road_Functional_Class,On_NHS_Road,Latitude,Longitude,Intersection_Type,Light_Condition,Weather_Condition,Notif_Hour,Notif_Minute,Arrival_Hour,Arrival_Minute,Hospital_Hour,Hospital_Minute,Fatalities_Count,Clean_Light_Condition,Clean_Weather_Condition,Total_Killed,Total_Alive,Fatal_Seats_List,Killed_Restraint_List,Any_Driver_Drinking,Total_Drinking_Drivers,Driver_License_Category,Driver_Max_Prev_Accident_Count,Driver_Max_Prev_Speeding_Count,Max_Driver_Age,Min_Driver_Age,Driver_Sex_List,Total_Exceeding_Limit_Vehicles,Total_Too_Fast_Vehicles,Max_Vehicle_Type_Severity_5,Max_Vehicle_Damage_Rank,Max_Harmful_Event_Severity,Crash_Road_Surface_Condition,Crash_Horizontal_Alignment,Crash_Vertical_Profile,Crash_Impairment_Category,Crash_Vehicle_Defect
19863,29,Missouri,290057,1,2,2,0,2,NOT APPLICABLE,January,17,Tuesday,23,5,Urban,Medium Speed (Collector),No,38.73716944,-90.26302778,Non-Intersection,Dark - Not Lighted,Clear,Unknown,Unknown,Unknown EMS Scene Arrival Hour,Unknown EMS Scene Arrival Minutes,Unknown,Unknown EMS Hospital Arrival Time,1,Dark - Unlighted,Clear,0,2,[],[],0,0,Valid,2.0,0.0,24.0,21.0,"['Female', 'Female']",0,0,2,4,4,Dry,Curve,Level,Lowest,No
19864,29,Missouri,290058,0,1,1,0,1,SPRINGFIELD,February,10,Friday,2,38,Urban,Medium Speed (Collector),No,37.19681111,-93.29839167,Non-Intersection,Dark - Lighted,Clear,Unknown,Unknown if Notified,Unknown EMS Scene Arrival Hour,Unknown if Arrived,Not Applicable (Not Transported),Not Applicable (Not Transported),1,Dark - Lighted,Clear,1,0,['Driver'],['None_Used'],1,1,Invalid,0.0,0.0,43.0,43.0,['Male'],0,0,5,1,2,Dry,Curve,Level,Lowest,No
19865,29,Missouri,290059,0,2,2,0,2,NOT APPLICABLE,February,11,Saturday,4,22,Rural,High Speed (Arterial),Yes,37.19361111,-93.4429,Non-Intersection,Dark - Lighted,Clear,4:00am-4:59am,24,4:00am-4:59am,35,Not Applicable (Not Transported),Not Applicable (Not Transported),1,Dark - Lighted,Clear,1,1,['Driver'],['Shoulder_Lapbelt'],0,0,Valid,0.0,0.0,74.0,59.0,"['Male', 'Male']",0,0,4,4,5,Dry,Straight,Level,Lowest,No
19866,29,Missouri,290060,0,2,2,0,2,KANSAS CITY,February,11,Saturday,4,1,Urban,High Speed (Arterial),Yes,39.09610278,-94.56858889,Non-Intersection,Dark - Lighted,Clear,4:00am-4:59am,2,4:00am-4:59am,6,4:00am-4:59am,24,1,Dark - Lighted,Clear,1,0,['Driver'],['Shoulder_Lapbelt'],0,0,Invalid,0.0,0.0,68.0,23.0,"['Male', 'Male']",1,0,3,4,5,Dry,Straight,Level,Lowest,No
19867,29,Missouri,290061,0,1,1,0,1,NOT APPLICABLE,February,11,Saturday,15,50,Rural,Low Speed (Local),No,36.96394444,-93.66680556,Non-Intersection,Daylight,Clear,3:00pm-3:59pm,50,4:00pm-4:59pm,11,Not Applicable (Not Transported),Not Applicable (Not Transported),1,Daylight,Clear,1,0,['Driver'],['Shoulder_Lapbelt'],1,1,Valid,0.0,0.0,57.0,57.0,['Male'],0,0,2,4,2,Dry,Straight,Grade/Hillcrest,Lowest,No
19868,29,Missouri,290063,1,1,1,0,1,FERGUSON,February,13,Monday,23,2,Urban,High Speed (Arterial),Yes,38.73573056,-90.27803333,Non-Intersection,Dark - Lighted,Clear,Unknown,Unknown,Unknown EMS Scene Arrival Hour,Unknown EMS Scene Arrival Minutes,Unknown,Unknown EMS Hospital Arrival Time,1,Dark - Lighted,Clear,0,0,[],[],0,0,Invalid,0.0,0.0,999.0,999.0,['Female'],0,0,3,1,4,Dry,Straight,Level,Lowest,No
19869,29,Missouri,290064,0,2,2,0,2,NOT APPLICABLE,February,14,Tuesday,13,15,Rural,High Speed (Arterial),Yes,36.09935556,-90.204475,Non-Intersection,Daylight,Rain,1:00pm-1:59pm,24,1:00pm-1:59pm,28,Not Applicable (Not Transported),Not Applicable (Not Transported),2,Daylight,Rain/Wind/Minor,2,0,"['Driver', 'Driver']","['Shoulder_Lapbelt', 'Shoulder_Lapbelt']",0,0,Valid,2.0,0.0,63.0,60.0,"['Male', 'Male']",0,0,4,4,5,Wet/Standing Water,Straight,Level,Lowest,No
19870,29,Missouri,290065,1,2,2,0,2,KANSAS CITY,February,15,Wednesday,22,18,Urban,Medium Speed (Collector),No,39.09446944,-94.54472222,Complex/Circle,Dark - Lighted,Cloudy,10:00pm-10:59pm,18,10:00pm-10:59pm,22,10:00pm-10:59pm,35,2,Dark - Lighted,Reduced Visibility,1,1,['Driver'],['Shoulder_Lapbelt'],0,0,Valid,0.0,0.0,42.0,18.0,"['Male', 'Male']",1,0,2,4,5,Dry,Straight,Level,Lowest,Yes
19871,29,Missouri,290066,0,1,1,0,1,ELLISVILLE,January,1,Sunday,14,24,Urban,High Speed (Arterial),Yes,38.592725,-90.55853889,Non-Intersection,Daylight,Clear,2:00pm-2:59pm,26,2:00pm-2:59pm,32,3:00pm-3:59pm,1,1,Daylight,Clear,1,0,['Driver'],['None_Used'],0,0,Valid,4.0,0.0,61.0,61.0,['Female'],1,0,2,1,3,Dry,Straight,Level,Lowest,No
19872,29,Missouri,290067,0,1,1,0,2,COLUMBIA,January,9,Monday,7,52,Urban,High Speed (Arterial),Yes,38.96812778,-92.34753611,Non-Intersection,Daylight,Other,7:00am-7:59am,54,7:00am-7:59am,58,8:00am-8:59am,20,1,Daylight,Reduced Visibility,1,1,['Front_Passenger'],['Shoulder_Lapbelt'],0,0,Valid,0.0,0.0,23.0,23.0,['Male'],0,0,3,4,3,Dry,Curve,Grade/Hillcrest,Lowest,No
19873,29,Missouri,290068,0,1,1,0,2,ROLLA,February,2,Thursday,17,36,Urban,High Speed (Arterial),Yes,37.975,-91.75291667,Non-Intersection,Daylight,Clear,Unknown,Unknown,Unknown EMS Scene Arrival Hour,Unknown EMS Scene Arrival Minutes,Unknown,Unknown EMS Hospital Arrival Time,1,Daylight,Clear,1,1,['Front_Passenger'],['None_Used'],0,0,Valid,0.0,0.0,49.0,34.0,Other,0,0,3,4,3,Dry,Curve,Level,Lowest,No
19874,29,Missouri,290069,0,2,2,0,2,NOT APPLICABLE,February,15,Wednesday,17,55,Urban,High Speed (Arterial),No,38.47031667,-90.30493889,Complex/Circle,Daylight,Clear,6:00pm-6:59pm,2,6:00pm-6:59pm,4,6:00pm-6:59pm,24,1,Daylight,Clear,1,1,['Driver'],['None_Used'],0,0,Valid,0.0,0.0,51.0,19.0,"['Male', 'Male']",1,0,5,4,5,Dry,Straight,Level,Lowest,No
19875,29,Missouri,290070,0,1,1,0,1,KANSAS CITY,February,15,Wednesday,15,40,Urban,High Speed (Arterial),Yes,39.19256667,-94.4926,Non-Intersection,Daylight,Cloudy,3:00pm-3:59pm,40,3:00pm-3:59pm,48,4:00pm-4:59pm,4,1,Daylight,Reduced Visibility,1,0,['Driver'],['Shoulder_Lapbelt'],0,0,Valid,1.0,0.0,70.0,70.0,['Male'],1,0,3,4,3,Dry,Straight,Grade/Hillcrest,Lowest,No
19876,29,Missouri,290071,1,1,1,0,1,SPRINGFIELD,February,15,Wednesday,18,34,Urban,Low Speed (Local),No,37.12725833,-93.27873333,Complex/Circle,Dark - Lighted,Clear,Unknown,Unknown,Unknown EMS Scene Arrival Hour,Unknown EMS Scene Arrival Minutes,Unknown,Unknown EMS Hospital Arrival Time,1,Dark - Lighted,Clear,0,1,[],[],0,0,Valid,0.0,0.0,76.0,76.0,['Male'],0,0,3,0,4,Dry,Straight,Level,Lowest,No
19877,29,Missouri,290072,0,4,4,0,4,NOT APPLICABLE,February,16,Thursday,6,45,Urban,High Speed (Arterial),Yes,38.89297222,-94.26366667,Non-Intersection,Dark - Not Lighted,Rain,Unknown,Unknown if Notified,Unknown EMS Scene Arrival Hour,Unknown if Arrived,Not Applicable (Not Transported),Not Applicable (Not Transported),1,Dark - Unlighted,Rain/Wind/Minor,1,3,['Driver'],['Shoulder_Lapbelt'],0,0,Valid,1.0,0.0,51.0,38.0,"['Male', 'Female', 'Male', 'Male']",1,0,4,4,5,Wet/Standing Water,Straight,Level,Lowest,No
19878,29,Missouri,290073,0,1,1,0,2,NOT APPLICABLE,February,16,Thursday,18,32,Rural,High Speed (Arterial),Yes,38.96227778,-93.20780556,Non-Intersection,Dark - Lighted,Rain,Unknown,Unknown,Unknown EMS Scene Arrival Hour,Unknown EMS Scene Arrival Minutes,Unknown,Unknown EMS Hospital Arrival Time,1,Dark - Lighted,Rain/Wind/Minor,1,1,['Driver'],['None_Used'],0,0,Valid,2.0,0.0,79.0,79.0,['Male'],2,0,3,4,3,Icy/Snowy,Straight,Level,Lowest,No
19879,29,Missouri,290074,1,1,1,0,2,KANSAS CITY,February,16,Thursday,0,50,Urban,High Speed (Arterial),Yes,39.11723333,-94.57879167,Non-Intersection,Dark - Lighted,Clear,0:00am-0:59am,47,0:00am-0:59am,54,1:00am-1:59am,13,1,Dark - Lighted,Clear,0,2,[],[],0,0,Valid,0.0,0.0,31.0,31.0,['Male'],0,0,3,4,4,Dry,Straight,Level,Lowest,No
19880,29,Missouri,290075,0,1,1,0,1,NOT APPLICABLE,February,18,Saturday,23,37,Rural,Medium Speed (Collector),No,37.35775,-93.43102778,Non-Intersection,Dark - Not Lighted,Clear,Unknown,Unknown if Notified,Unknown EMS Scene Arrival Hour,Unknown if Arrived,Not Applicable (Not Transported),Not Applicable (Not Transported),1,Dark - Unlighted,Clear,1,0,['Driver'],['None_Used'],1,1,Valid,0.0,0.0,33.0,33.0,['Female'],1,0,2,4,3,Dry,Curve,Grade/Hillcrest,Lowest,No
19881,29,Missouri,290076,0,3,3,0,7,NOT APPLICABLE,January,8,Sunday,8,45,Urban,High Speed (Arterial),Yes,37.14286111,-93.33894444,Non-Intersection,Daylight,Cloudy,8:00am-8:59am,56,8:00am-8:59am,57,9:00am-9:59am,16,1,Daylight,Reduced Visibility,1,6,['Driver'],['Shoulder_Lapbelt'],0,0,Valid,0.0,0.0,72.0,38.0,"['Male', 'Male', 'Male']",0,0,3,4,5,Dry,Straight,Level,Lowest,No
19882,29,Missouri,290077,0,1,1,0,2,ST. ROBERT,February,5,Sunday,7,5,Urban,High Speed (Arterial),Yes,37.82416667,-92.13297222,Non-Intersection,Daylight,Clear,7:00am-7:59am,56,8:00am-8:59am,13,9:00am-9:59am,18,1,Daylight,Clear,1,1,['Front_Passenger'],['None_Used'],0,0,Valid,3.0,0.0,24.0,24.0,['Male'],0,0,1,4,3,Dry,Straight,Level,Lowest,No
19883,29,Missouri,290080,0,2,2,0,2,O Fallon,February,12,Sunday,4,0,Urban,High Speed (Arterial),Yes,38.76169722,-90.7217,Non-Intersection,Dark - Not Lighted,Clear,4:00am-4:59am,2,4:00am-4:59am,15,4:00am-4:59am,44,1,Dark - Unlighted,Clear,1,1,['Driver'],['None_Used'],1,1,Invalid,0.0,0.0,36.0,29.0,"['Male', 'Male']",0,0,3,4,5,Dry,Straight,Grade/Hillcrest,Lowest,No
19884,29,Missouri,290081,0,1,1,0,6,NOT APPLICABLE,February,17,Friday,1,32,Urban,Medium Speed (Collector),No,38.84448889,-90.49706389,Non-Intersection,Dark - Not Lighted,Clear,1:00am-1:59am,37,1:00am-1:59am,47,2:00am-2:59am,37,1,Dark - Unlighted,Clear,1,5,['Driver'],['None_Used'],1,1,Valid,0.0,0.0,16.0,16.0,['Female'],6,0,2,4,3,Dry,Straight,Level,Lowest,No
19885,29,Missouri,290082,0,2,2,0,2,NOT APPLICABLE,February,17,Friday,19,43,Rural,High Speed (Arterial),Yes,38.88455556,-90.91758333,Complex/Circle,Dark - Lighted,Clear,7:00pm-7:59pm,47,7:00pm-7:59pm,55,Not Applicable (Not Transported),Not Applicable (Not Transported),1,Dark - Lighted,Clear,1,1,['Driver'],['None_Used'],0,0,Valid,1.0,0.0,74.0,35.0,"['Male', 'Female']",0,0,3,4,5,Dry,Straight,Level,Lowest,No
19886,29,Missouri,290083,0,1,1,0,1,EOLIA,February,18,Saturday,21,35,Rural,High Speed (Arterial),Yes,39.23952778,-91.01761111,Non-Intersection,Dark - Not Lighted,Clear,9:00pm-9:59pm,49,10:00pm-10:59pm,14,11:00pm-11:59pm,13,1,Dark - Unlighted,Clear,1,0,['Driver'],['None_Used'],0,0,Valid,0.0,0.0,61.0,61.0,['Female'],0,0,3,4,3,Dry,Curve,Level,Lowest,No
19887,29,Missouri,290084,0,2,2,0,2,KANSAS CITY,February,18,Saturday,18,34,Urban,Medium Speed (Collector),No,39.08288333,-94.50276944,Non-Intersection,Dark - Not Lighted,Clear,6:00pm-6:59pm,35,6:00pm-6:59pm,38,7:00pm-7:59pm,5,1,Dark - Unlighted,Clear,1,1,['Driver'],['None_Used'],0,0,Valid,2.0,0.0,52.0,28.0,"['Female', 'Male']",0,0,5,4,5,Dry,Straight,Grade/Hillcrest,Lowest,No
19888,29,Missouri,290085,0,1,1,0,2,NOT APPLICABLE,February,20,Monday,0,29,Rural,Medium Speed (Collector),No,38.08206667,-92.724075,Simple Junction,Dark - Not Lighted,Cloudy,0:00am-0:59am,26,0:00am-0:59am,37,1:00am-1:59am,3,1,Dark - Unlighted,Reduced Visibility,1,1,['Driver'],['None_Used'],1,1,Valid,0.0,1.0,20.0,20.0,['Male'],2,0,5,4,3,Dry,Curve,Level,Lowest,No
19889,29,Missouri,290086,0,2,2,0,2,NOT APPLICABLE,February,20,Monday,22,10,Rural,Medium Speed (Collector),No,37.46333333,-90.01861111,Non-Intersection,Dark - Not Lighted,Clear,10:00pm-10:59pm,6,10:00pm-10:59pm,30,Not Applicable (Not Transported),Not Applicable (Not Transported),1,Dark - Unlighted,Clear,1,1,['Driver'],['None_Used'],1,1,Valid,0.0,2.0,42.0,17.0,"['Male', 'Female']",0,0,3,4,5,Dry,Straight,Grade/Hillcrest,Lowest,No
19890,29,Missouri,290087,0,2,2,0,2,SPRINGFIELD,February,20,Monday,6,58,Urban,High Speed (Arterial),Yes,37.16042778,-93.36375278,Complex/Circle,Daylight,Cloudy,7:00am-7:59am,0,7:00am-7:59am,12,7:00am-7:59am,26,1,Daylight,Reduced Visibility,1,1,['Driver'],['None_Used'],0,0,Valid,1.0,0.0,53.0,19.0,"['Female', 'Male']",1,0,5,4,5,Dry,Curve,Grade/Hillcrest,Lowest,No
19891,29,Missouri,290088,0,2,2,0,2,ST. LOUIS,February,21,Tuesday,7,46,Urban,Medium Speed (Collector),No,38.62178333,-90.21641944,Complex/Circle,Daylight,Clear,7:00am-7:59am,50,8:00am-8:59am,2,8:00am-8:59am,11,1,Daylight,Clear,1,1,['Driver'],['Shoulder_Lapbelt'],0,0,Valid,0.0,0.0,35.0,31.0,"['Female', 'Female']",0,0,3,4,5,Dry,Straight,Level,Lowest,No
19892,29,Missouri,290089,0,1,1,0,1,NOT APPLICABLE,February,22,Wednesday,19,5,Rural,Medium Speed (Collector),No,36.97844444,-92.39405556,Non-Intersection,Dark - Not Lighted,Cloudy,7:00pm-7:59pm,27,7:00pm-7:59pm,53,Not Applicable (Not Transported),Not Applicable (Not Transported),1,Dark - Unlighted,Reduced Visibility,1,0,['Driver'],['None_Used'],0,0,Valid,0.0,0.0,30.0,30.0,['Male'],0,0,2,4,3,Dry,Straight,Grade/Hillcrest,Lowest,No
19893,29,Missouri,290090,0,2,2,0,3,CAPE GIRARDEAU,February,22,Wednesday,14,55,Urban,High Speed (Arterial),Yes,37.25990556,-89.56749444,Non-Intersection,Daylight,Rain,2:00pm-2:59pm,59,3:00pm-3:59pm,13,Not Applicable (Not Transported),Not Applicable (Not Transported),1,Daylight,Rain/Wind/Minor,1,2,['Non_Standard_Risk'],['Shoulder_Lapbelt'],0,0,Valid,0.0,1.0,45.0,35.0,"['Male', 'Male']",0,0,4,4,5,Wet/Standing Water,Straight,Level,Lowest,No
19894,29,Missouri,290091,1,1,1,0,1,FLORISSANT,February,24,Friday,10,25,Urban,Medium Speed (Collector),No,38.79071111,-90.32151944,Complex/Circle,Daylight,Clear,Unknown,Unknown if Notified,Unknown EMS Scene Arrival Hour,Unknown if Arrived,Not Applicable (Not Transported),Not Applicable (Not Transported),1,Daylight,Clear,0,1,[],[],0,0,Valid,0.0,0.0,52.0,52.0,['Female'],0,0,3,0,4,Dry,Straight,Level,Lowest,No
19895,29,Missouri,290092,0,2,2,0,3,ST. LOUIS,February,25,Saturday,12,17,Urban,Medium Speed (Collector),No,38.57631389,-90.26911389,Complex/Circle,Daylight,Clear,12:00pm-12:59pm,12,12:00pm-12:59pm,19,12:00pm-12:59pm,53,1,Daylight,Clear,1,2,['Driver'],['Shoulder_Lapbelt'],0,0,Invalid,1.0,0.0,56.0,36.0,"['Male', 'Male']",0,0,2,4,5,Dry,Straight,Level,Lowest,No
19896,29,Missouri,290093,1,1,1,0,1,KANSAS CITY,February,25,Saturday,19,15,Urban,Medium Speed (Collector),No,39.10312778,-94.50515,Non-Intersection,Dark - Lighted,Clear,7:00pm-7:59pm,17,7:00pm-7:59pm,19,7:00pm-7:59pm,49,1,Dark - Lighted,Clear,0,0,[],[],0,0,Valid,1.0,0.0,60.0,60.0,['Male'],0,0,2,1,4,Dry,Straight,Level,Lowest,No
19897,29,Missouri,290094,0,2,2,0,2,NOT APPLICABLE,February,27,Monday,12,48,Rural,Medium Speed (Collector),No,36.72802778,-90.00911111,Non-Intersection,Daylight,Clear,12:00pm-12:59pm,48,12:00pm-12:59pm,56,1:00pm-1:59pm,43,1,Daylight,Clear,1,1,['Driver'],['Shoulder_Lapbelt'],0,0,Valid,0.0,3.0,52.0,42.0,"['Male', 'Female']",0,0,4,4,5,Dry,Straight,Grade/Hillcrest,Lowest,No
19898,29,Missouri,290095,1,1,1,0,1,NOT APPLICABLE,March,3,Friday,20,3,Urban,High Speed (Arterial),Yes,38.77184444,-90.26811389,Non-Intersection,Dark - Lighted,Cloudy,8:00pm-8:59pm,3,8:00pm-8:59pm,13,8:00pm-8:59pm,35,1,Dark - Lighted,Reduced Visibility,0,1,[],[],0,0,Valid,0.0,0.0,34.0,34.0,['Male'],0,0,2,4,4,Wet/Standing Water,Straight,Level,Lowest,No
19899,29,Missouri,290096,0,1,1,0,1,NOT APPLICABLE,February,21,Tuesday,11,55,Rural,Medium Speed (Collector),No,38.38508889,-91.42305833,Non-Intersection,Daylight,Clear,Unknown,Unknown,Unknown EMS Scene Arrival Hour,Unknown EMS Scene Arrival Minutes,Unknown,Unknown EMS Hospital Arrival Time,1,Daylight,Clear,1,0,['Driver'],['Shoulder_Lapbelt'],0,0,Valid,1.0,0.0,48.0,48.0,['Male'],0,0,3,4,3,Dry,Straight,Grade/Hillcrest,Lowest,No
19900,29,Missouri,290097,0,1,1,0,1,MEXICO,February,28,Tuesday,12,19,Urban,Medium Speed (Collector),No,39.15493333,-91.887275,Non-Intersection,Daylight,Clear,12:00pm-12:59pm,19,12:00pm-12:59pm,26,1:00pm-1:59pm,20,1,Daylight,Clear,1,0,['Driver'],['None_Used'],0,0,Valid,1.0,0.0,88.0,88.0,['Male'],0,0,3,4,3,Dry,Straight,Grade/Hillcrest,Lowest,No
19901,29,Missouri,290098,0,2,2,0,2,WESTPHALIA,March,3,Friday,15,15,Rural,High Speed (Arterial),Yes,38.44051944,-92.00023056,Non-Intersection,Daylight,Cloudy,3:00pm-3:59pm,14,3:00pm-3:59pm,31,4:00pm-4:59pm,47,1,Daylight,Reduced Visibility,1,1,['Driver'],['Shoulder_Lapbelt'],0,0,Valid,0.0,0.0,89.0,18.0,"['Male', 'Male']",1,0,3,4,5,Dry,Straight,Level,Lowest,No
19902,29,Missouri,290099,0,2,2,0,2,AURORA,March,4,Saturday,16,16,Urban,Medium Speed (Collector),No,36.96756944,-93.69095833,Non-Intersection,Daylight,Clear,Unknown,Unknown if Notified,Unknown EMS Scene Arrival Hour,Unknown if Arrived,Not Applicable (Not Transported),Not Applicable (Not Transported),1,Daylight,Clear,1,1,['Driver'],['None_Used'],0,0,Invalid,2.0,1.0,62.0,44.0,"['Male', 'Male']",0,0,3,4,5,Dry,Straight,Level,Lowest,No
19903,29,Missouri,290100,0,1,1,0,1,MARYLAND HEIGHTS,March,5,Sunday,20,26,Rural,High Speed (Arterial),Yes,38.71600278,-90.49908056,Complex/Circle,Dark - Lighted,Clear,8:00pm-8:59pm,29,8:00pm-8:59pm,38,8:00pm-8:59pm,57,1,Dark - Lighted,Clear,1,0,['Driver'],['Shoulder_Lapbelt'],0,0,Valid,1.0,0.0,68.0,68.0,['Male'],0,0,3,4,3,Dry,Straight,Level,Lowest,No
19904,29,Missouri,290101,0,2,2,0,4,NOT APPLICABLE,March,6,Monday,14,5,Rural,Medium Speed (Collector),No,38.10063889,-94.47830556,Non-Intersection,Daylight,Clear,2:00pm-2:59pm,21,2:00pm-2:59pm,53,3:00pm-3:59pm,44,2,Daylight,Clear,2,2,"['Driver', 'Front_Passenger']","['None_Used', 'Shoulder_Lapbelt']",0,0,Valid,0.0,0.0,77.0,23.0,"['Male', 'Female']",0,0,3,4,5,Dry,Straight,Level,Lowest,No
19905,29,Missouri,290102,0,1,1,0,7,NOT APPLICABLE,March,7,Tuesday,15,52,Rural,High Speed (Arterial),Yes,38.60477778,-94.28038889,Non-Intersection,Daylight,Rain,Unknown,Unknown,Unknown EMS Scene Arrival Hour,Unknown EMS Scene Arrival Minutes,Unknown,Unknown EMS Hospital Arrival Time,1,Daylight,Rain/Wind/Minor,1,6,['Rear_Seat'],['None_Used'],0,0,Valid,0.0,0.0,65.0,65.0,['Female'],0,0,3,4,3,Wet/Standing Water,Straight,Level,Medium,No
19906,29,Missouri,290103,0,1,1,0,1,SPRINGFIELD,March,8,Wednesday,17,1,Urban,High Speed (Arterial),Yes,37.13790556,-93.27802778,Complex/Circle,Daylight,Clear,5:00pm-5:59pm,7,5:00pm-5:59pm,11,5:00pm-5:59pm,33,1,Daylight,Clear,1,0,['Driver'],['None_Used'],0,0,Invalid,2.0,1.0,51.0,51.0,['Male'],0,0,3,4,3,Dry,Curve,Level,Lowest,No
19907,29,Missouri,290104,1,1,1,0,1,FERGUSON,March,8,Wednesday,5,49,Urban,Medium Speed (Collector),No,38.73061111,-90.30180556,Non-Intersection,Dark - Lighted,Rain,6:00am-6:59am,0,6:00am-6:59am,8,Not Applicable (Not Transported),Not Applicable (Not Transported),1,Dark - Lighted,Rain/Wind/Minor,0,0,[],[],0,0,Invalid,0.0,0.0,999.0,999.0,['Female'],0,0,3,0,4,Wet/Standing Water,Straight,Level,Lowest,No
19908,29,Missouri,290105,0,3,2,1,2,KANSAS CITY,March,10,Friday,21,24,Urban,Medium Speed (Collector),No,39.06749444,-94.53451667,Complex/Circle,Dark - Lighted,Clear,9:00pm-9:59pm,25,9:00pm-9:59pm,33,9:00pm-9:59pm,56,1,Dark - Lighted,Clear,1,1,['Driver'],['None_Used'],1,1,Invalid,0.0,0.0,28.0,27.0,"['Male', 'Female']",1,0,3,4,5,Dry,Straight,Grade/Hillcrest,Lowest,No
19909,29,Missouri,290107,0,2,2,0,9,ST. LOUIS,February,26,Sunday,1,21,Urban,High Speed (Arterial),Yes,38.63325556,-90.23417778,Complex/Circle,Dark - Lighted,Clear,1:00am-1:59am,44,1:00am-1:59am,50,2:00am-2:59am,10,4,Dark - Lighted,Clear,4,4,"['Front_Passenger', 'Front_Passenger', 'Front_Passenger', 'Front_Passenger']","['Shoulder_Lapbelt', 'Shoulder_Lapbelt', 'Shoulder_Lapbelt', 'Shoulder_Lapbelt']",0,0,Invalid,0.0,0.0,999.0,19.0,"['Other', 'Male']",8,0,3,4,5,Dry,Straight,Grade/Hillcrest,Lowest,No
19910,29,Missouri,290108,0,1,1,0,1,NOT APPLICABLE,March,13,Monday,18,10,Rural,Medium Speed (Collector),No,39.11127778,-93.27077778,Non-Intersection,Daylight,Cloudy,6:00pm-6:59pm,12,6:00pm-6:59pm,18,6:00pm-6:59pm,48,1,Daylight,Reduced Visibility,1,0,['Driver'],['None_Used'],0,0,Valid,1.0,0.0,32.0,32.0,['Male'],1,0,3,4,3,Dry,Curve,Level,Lowest,No
19911,29,Missouri,290109,0,1,1,0,1,NOT APPLICABLE,March,14,Tuesday,20,0,Rural,Medium Speed (Collector),No,36.48863889,-89.75752778,Non-Intersection,Dark - Not Lighted,Clear,1:00pm-1:59pm,53,1:00pm-1:59pm,59,Not Applicable (Not Transported),Not Applicable (Not Transported),1,Dark - Unlighted,Clear,1,0,['Driver'],['None_Used'],0,0,Valid,1.0,1.0,22.0,22.0,['Female'],1,0,2,4,3,Dry,Straight,Level,Lowest,No
19912,29,Missouri,290110,0,1,1,0,1,NOT APPLICABLE,March,14,Tuesday,8,45,Rural,Medium Speed (Collector),No,36.97141667,-90.14138889,Non-Intersection,Daylight,Cloudy,Unknown,Unknown if Notified,Unknown EMS Scene Arrival Hour,Unknown if Arrived,Not Applicable (Not Transported),Not Applicable (Not Transported),1,Daylight,Reduced Visibility,1,0,['Driver'],['None_Used'],0,0,Valid,0.0,0.0,23.0,23.0,['Male'],1,0,5,4,2,Dry,Curve,Level,Lowest,No
19913,29,Missouri,290111,0,2,1,1,1,NEVADA,March,16,Thursday,5,27,Urban,High Speed (Arterial),Yes,37.84530556,-94.33919444,Non-Intersection,Dark - Lighted,Clear,Unknown,Unknown if Notified,Unknown EMS Scene Arrival Hour,Unknown if Arrived,Not Applicable (Not Transported),Not Applicable (Not Transported),1,Dark - Lighted,Clear,1,0,['Driver'],['Shoulder_Lapbelt'],1,1,Invalid,0.0,0.0,22.0,22.0,['Male'],0,0,2,4,3,Dry,Curve,Level,Lowest,No
19914,29,Missouri,290112,0,1,1,0,1,MARYLAND HEIGHTS,March,16,Thursday,1,44,Urban,Medium Speed (Collector),No,38.71,-90.47463889,Simple Junction,Dark - Lighted,Clear,1:00am-1:59am,46,1:00am-1:59am,53,2:00am-2:59am,10,1,Dark - Lighted,Clear,1,0,['Driver'],['None_Used'],1,1,Valid,1.0,1.0,28.0,28.0,['Male'],0,0,3,4,3,Dry,Straight,Level,Lowest,No
19915,29,Missouri,290113,1,1,1,0,1,NOT APPLICABLE,March,18,Saturday,2,43,Rural,Low Speed (Local),No,38.93527778,-94.05766667,Non-Intersection,Dark - Not Lighted,Clear,Unknown,Unknown if Notified,Unknown EMS Scene Arrival Hour,Unknown if Arrived,Not Applicable (Not Transported),Not Applicable (Not Transported),1,Dark - Unlighted,Clear,0,1,[],[],1,1,Valid,0.0,2.0,27.0,27.0,['Female'],0,0,3,0,4,Dry,Straight,Level,Lowest,No
19916,29,Missouri,290114,0,1,1,0,1,NOT APPLICABLE,March,19,Sunday,1,30,Rural,Medium Speed (Collector),No,38.62872222,-91.53261111,Non-Intersection,Dark - Not Lighted,Cloudy,Unknown,Unknown if Notified,Unknown EMS Scene Arrival Hour,Unknown if Arrived,Not Applicable (Not Transported),Not Applicable (Not Transported),1,Dark - Unlighted,Reduced Visibility,1,0,['Driver'],['None_Used'],1,1,Valid,1.0,0.0,20.0,20.0,['Male'],1,0,2,4,3,Dry,Straight,Grade/Hillcrest,Lowest,No
19917,29,Missouri,290115,0,1,1,0,1,NOT APPLICABLE,March,21,Tuesday,2,35,Rural,High Speed (Arterial),Yes,37.88961111,-93.83116667,Non-Intersection,Dark - Not Lighted,Cloudy,3:00am-3:59am,8,3:00am-3:59am,23,3:00am-3:59am,59,1,Dark - Unlighted,Reduced Visibility,1,0,['Driver'],['None_Used'],0,0,Valid,0.0,0.0,55.0,55.0,['Male'],0,0,3,4,3,Dry,Curve,Level,Medium,No