,State_Code,State_Name,Crash_ID,Count_Non_Motorists,Count_Vehicles_Total,Count_Vehicle_Forms,Count_PVH_Involved,Count_Occupants_MV,City_Name,Month_Name,Day_of_Month,Day_of_Week,Crash_Hour,Crash_Minute,Area_Rural_Urban,Road_Functional_Class,On_NHS_Road,Latitude,Longitude,Intersection_Type,Light_Condition,Weather_Condition,Notif_Hour,Notif_Minute,Arrival_Hour,Arrival_Minute,Hospital_Hour,Hospital_Minute,Fatalities_Count,Clean_Light_Condition,Clean_Weather_Condition,Total_Killed,Total_Alive,Fatal_Seats_List,Killed_Restraint_List,Any_Driver_Drinking,Total_Drinking_Drivers,Driver_License_Category,Driver_Max_Prev_Accident_Count,Driver_Max_Prev_Speeding_Count,Max_Driver_Age,Min_Driver_Age,Driver_Sex_List,Total_Exceeding_Limit_Vehicles,Total_Too_Fast_Vehicles,Max_Vehicle_Type_Severity_5,Max_Vehicle_Damage_Rank,Max_Harmful_Event_Severity,Crash_Road_Surface_Condition,Crash_Horizontal_Alignment,Crash_Vertical_Profile,Crash_Impairment_Category,Crash_Vehicle_Defect
19918,29,Missouri,290116,0,2,2,0,2,HAZELWOOD,January,31,Tuesday,3,40,Urban,Medium Speed (Collector),No,38.76811111,-90.33580556,Non-Intersection,Dark - Lighted,Clear,3:00am-3:59am,56,4:00am-4:59am,2,Not Applicable (Not Transported),Not Applicable (Not Transported),1,Dark - Lighted,Clear,1,0,['Driver'],['Shoulder_Lapbelt'],1,1,Invalid,0.0,0.0,24.0,20.0,"['Female', 'Male']",1,0,2,4,5,Icy/Snowy,Straight,Level,Lowest,No
19919,29,Missouri,290117,2,2,2,0,4,RIVERSIDE,February,16,Thursday,6,39,Urban,High Speed (Arterial),Yes,39.17238889,-94.62466667,Non-Intersection,Dark - Not Lighted,Rain,6:00am-6:59am,29,6:00am-6:59am,42,7:00am-7:59am,13,1,Dark - Unlighted,Rain/Wind/Minor,0,4,[],[],0,0,Valid,1.0,0.0,33.0,23.0,"['Female', 'Male']",0,0,3,2,5,Icy/Snowy,Curve,Grade/Hillcrest,Lowest,No
19920,29,Missouri,290118,0,1,1,0,1,NOT APPLICABLE,March,1,Wednesday,10,59,Rural,Medium Speed (Collector),No,36.84336111,-90.11480556,Non-Intersection,Daylight,Cloudy,Unknown,Unknown,11:00am-11:59am,16,12:00pm-12:59pm,54,1,Daylight,Reduced Visibility,1,0,['Driver'],['Shoulder_Lapbelt'],0,0,Valid,2.0,0.0,74.0,74.0,['Female'],0,0,3,4,3,Dry,Straight,Level,Lowest,No
19921,29,Missouri,290119,0,2,2,0,2,FORISTELL,March,1,Wednesday,7,10,Rural,High Speed (Arterial),Yes,38.82225,-90.98563889,Non-Intersection,Daylight,Clear,7:00am-7:59am,12,7:00am-7:59am,21,7:00am-7:59am,44,1,Daylight,Clear,1,1,['Driver'],['None_Used'],0,0,Valid,2.0,0.0,32.0,28.0,"['Male', 'Female']",0,0,3,4,5,Dry,Straight,Level,Lowest,No
19922,29,Missouri,290120,0,4,4,0,4,SPRINGFIELD,March,7,Tuesday,14,31,Urban,High Speed (Arterial),Yes,37.20491389,-93.34950833,Complex/Circle,Daylight,Cloudy,2:00pm-2:59pm,33,2:00pm-2:59pm,41,3:00pm-3:59pm,16,1,Daylight,Reduced Visibility,1,3,['Driver'],['Shoulder_Lapbelt'],0,0,Valid,0.0,0.0,78.0,26.0,"['Female', 'Male', 'Male', 'Male']",0,0,3,4,5,Dry,Straight,Level,Lowest,No
19923,29,Missouri,290121,0,1,1,0,1,NOT APPLICABLE,March,13,Monday,22,55,Rural,High Speed (Arterial),Yes,38.03536111,-90.25688889,Non-Intersection,Dark - Not Lighted,Cloudy,11:00pm-11:59pm,0,11:00pm-11:59pm,8,Not Applicable (Not Transported),Not Applicable (Not Transported),1,Dark - Unlighted,Reduced Visibility,1,0,['Driver'],['Shoulder_Lapbelt'],0,0,Valid,0.0,0.0,42.0,42.0,['Male'],0,0,4,4,3,Dry,Curve,Grade/Hillcrest,Lowest,Yes
19924,29,Missouri,290122,0,2,2,0,2,RUSSELLVILLE,March,14,Tuesday,6,46,Rural,Medium Speed (Collector),No,38.51011111,-92.43352778,Non-Intersection,Dark - Not Lighted,Clear,6:00am-6:59am,46,7:00am-7:59am,1,Not Applicable (Not Transported),Not Applicable (Not Transported),2,Dark - Unlighted,Clear,2,0,"['Driver', 'Driver']","['Shoulder_Lapbelt', 'None_Used']",0,0,Valid,0.0,0.0,39.0,35.0,"['Male', 'Male']",0,0,3,4,5,Dry,Curve,Grade/Hillcrest,Lowest,No
19925,29,Missouri,290123,0,2,2,0,3,PARKVILLE,March,17,Friday,17,0,Urban,High Speed (Arterial),Yes,39.19561111,-94.76238889,Non-Intersection,Daylight,Cloudy,5:00pm-5:59pm,14,5:00pm-5:59pm,22,5:00pm-5:59pm,29,2,Daylight,Reduced Visibility,2,1,"['Driver', 'Front_Passenger']","['None_Used', 'Shoulder_Lapbelt']",1,1,Valid,3.0,2.0,57.0,22.0,"['Female', 'Female']",0,0,2,4,5,Dry,Curve,Level,Lowest,No
19926,29,Missouri,290124,0,2,2,0,3,NOT APPLICABLE,March,18,Saturday,20,14,Rural,Medium Speed (Collector),No,37.90565,-93.98858889,Non-Intersection,Dark - Not Lighted,Clear,8:00pm-8:59pm,35,9:00pm-9:59pm,14,9:00pm-9:59pm,55,1,Dark - Unlighted,Clear,1,2,['Driver'],['None_Used'],0,0,Valid,0.0,1.0,48.0,40.0,"['Male', 'Female']",0,0,3,4,5,Dry,Curve,Grade/Hillcrest,Lowest,No
19927,29,Missouri,290125,0,2,2,0,2,CARL JUNCTION,March,19,Sunday,12,5,Urban,High Speed (Arterial),Yes,37.18638889,-94.54663889,Non-Intersection,Daylight,Clear,Unknown,Unknown if Notified,Unknown EMS Scene Arrival Hour,Unknown if Arrived,Not Applicable (Not Transported),Not Applicable (Not Transported),1,Daylight,Clear,1,1,['Driver'],['Shoulder_Lapbelt'],0,0,Valid,0.0,0.0,45.0,30.0,"['Male', 'Male']",0,0,4,4,5,Dry,Straight,Level,Lowest,No
19928,29,Missouri,290126,0,2,2,0,3,ST. LOUIS,March,2,Thursday,0,2,Urban,Medium Speed (Collector),No,38.64244167,-90.23841944,Complex/Circle,Dark - Lighted,Clear,1:00am-1:59am,20,1:00am-1:59am,21,1:00am-1:59am,27,1,Dark - Lighted,Clear,1,2,['Driver'],['None_Used'],1,1,Valid,2.0,0.0,44.0,41.0,"['Male', 'Male']",1,0,3,4,5,Dry,Straight,Level,Lowest,No
19929,29,Missouri,290127,1,1,1,0,1,NOT APPLICABLE,March,7,Tuesday,23,3,Rural,Medium Speed (Collector),No,38.92369444,-92.21575,Non-Intersection,Dark - Not Lighted,Rain,10:00pm-10:59pm,59,11:00pm-11:59pm,12,Unknown,Unknown EMS Hospital Arrival Time,1,Dark - Unlighted,Rain/Wind/Minor,0,1,[],[],0,0,Valid,0.0,0.0,20.0,20.0,['Female'],0,0,3,0,4,Wet/Standing Water,Straight,Grade/Hillcrest,Lowest,No
19930,29,Missouri,290128,0,2,2,0,3,NOT APPLICABLE,March,15,Wednesday,15,45,Rural,Medium Speed (Collector),No,38.93911111,-90.81672222,Non-Intersection,Daylight,Clear,3:00pm-3:59pm,47,3:00pm-3:59pm,58,4:00pm-4:59pm,49,1,Daylight,Clear,1,2,['Driver'],['Shoulder_Lapbelt'],0,0,Valid,0.0,0.0,75.0,25.0,"['Male', 'Male']",0,0,2,4,5,Dry,Curve,Grade/Hillcrest,Lowest,No
19931,29,Missouri,290129,0,1,1,0,3,ST. LOUIS,March,15,Wednesday,1,29,Urban,High Speed (Arterial),Yes,38.68411667,-90.22086111,Non-Intersection,Dark - Lighted,Clear,Unknown,Unknown,Unknown EMS Scene Arrival Hour,Unknown EMS Scene Arrival Minutes,Unknown,Unknown EMS Hospital Arrival Time,1,Dark - Lighted,Clear,1,2,['Driver'],['None_Used'],0,0,Invalid,0.0,0.0,17.0,17.0,['Male'],3,0,2,4,3,Dry,Curve,Level,Lowest,No
19932,29,Missouri,290130,0,1,1,0,2,ST. JOSEPH,March,18,Saturday,7,47,Urban,Medium Speed (Collector),No,39.77568333,-94.80610833,Non-Intersection,Dark - Not Lighted,Clear,Unknown,Unknown if Notified,Unknown EMS Scene Arrival Hour,Unknown if Arrived,Not Applicable (Not Transported),Not Applicable (Not Transported),2,Dark - Unlighted,Clear,2,0,"['Driver', 'Front_Passenger']","['Shoulder_Lapbelt', 'None_Used']",1,1,Invalid,0.0,0.0,37.0,37.0,['Male'],2,0,3,4,3,Dry,Straight,Grade/Hillcrest,Lowest,No
19933,29,Missouri,290131,0,2,2,0,3,INDEPENDENCE,March,22,Wednesday,22,54,Urban,Low Speed (Local),No,39.08657222,-94.43885556,Simple Junction,Dark - Not Lighted,Clear,Unknown,Unknown,Unknown EMS Scene Arrival Hour,Unknown EMS Scene Arrival Minutes,Unknown,Unknown EMS Hospital Arrival Time,2,Dark - Unlighted,Clear,2,1,"['Driver', 'Rear_Seat']","['None_Used', 'None_Used']",1,1,Valid,2.0,1.0,41.0,26.0,"['Male', 'Male']",1,0,5,4,5,Dry,Straight,Level,Lowest,No
19934,29,Missouri,290132,1,1,1,0,1,KANSAS CITY,March,23,Thursday,15,18,Urban,Medium Speed (Collector),No,39.23854722,-94.54151944,Complex/Circle,Daylight,Clear,3:00pm-3:59pm,20,3:00pm-3:59pm,42,4:00pm-4:59pm,8,1,Daylight,Clear,0,0,[],[],0,0,Invalid,0.0,0.0,998.0,998.0,['Other'],0,0,1,0,4,Dry,Straight,Grade/Hillcrest,Lowest,No
19935,29,Missouri,290133,0,2,2,0,3,ST. ROBERT,March,24,Friday,16,10,Rural,High Speed (Arterial),Yes,37.81952778,-92.18280556,Non-Intersection,Daylight,Rain,4:00pm-4:59pm,17,4:00pm-4:59pm,33,6:00pm-6:59pm,2,1,Daylight,Rain/Wind/Minor,1,2,['Front_Passenger'],['Shoulder_Lapbelt'],0,0,Valid,0.0,0.0,66.0,34.0,"['Male', 'Female']",1,0,2,4,5,Wet/Standing Water,Straight,Grade/Hillcrest,Lowest,No
19936,29,Missouri,290134,0,1,1,0,1,NOT APPLICABLE,March,26,Sunday,99,99,Rural,Low Speed (Local),No,36.60491667,-93.46755556,Non-Intersection,Reported as Unknown,Reported as Unknown,Unknown,Unknown if Notified,Unknown EMS Scene Arrival Hour,Unknown if Arrived,Not Applicable (Not Transported),Not Applicable (Not Transported),1,Dark - Unlighted,Clear,1,0,['Driver'],['None_Used'],1,1,Valid,0.0,0.0,47.0,47.0,['Male'],1,0,5,4,3,Wet/Standing Water,Curve,Grade/Hillcrest,Lowest,No
19937,29,Missouri,290135,1,1,1,0,1,NOT APPLICABLE,March,27,Monday,11,15,Rural,Medium Speed (Collector),No,38.42808333,-90.86558333,Non-Intersection,Daylight,Cloudy,11:00am-11:59am,17,11:00am-11:59am,23,11:00am-11:59am,50,1,Daylight,Reduced Visibility,0,1,[],[],0,0,Valid,0.0,0.0,80.0,80.0,['Male'],0,0,3,0,4,Dry,Straight,Grade/Hillcrest,Lowest,No
19938,29,Missouri,290136,0,3,3,0,4,WEST PLAINS,March,28,Tuesday,14,45,Urban,Medium Speed (Collector),No,36.72730556,-91.89847222,Non-Intersection,Daylight,Clear,Unknown,Unknown if Notified,Unknown EMS Scene Arrival Hour,Unknown if Arrived,Not Applicable (Not Transported),Not Applicable (Not Transported),1,Daylight,Clear,1,3,['Driver'],['None_Used'],0,0,Valid,0.0,0.0,72.0,23.0,"['Female', 'Male', 'Female']",0,0,5,4,5,Dry,Curve,Level,Lowest,No
19939,29,Missouri,290137,0,1,1,0,2,NOT APPLICABLE,March,28,Tuesday,18,56,Urban,Low Speed (Local),No,39.18044167,-94.39440556,Non-Intersection,Daylight,Clear,7:00pm-7:59pm,2,7:00pm-7:59pm,9,7:00pm-7:59pm,53,1,Daylight,Clear,1,1,['Driver'],['None_Used'],1,1,Invalid,4.0,0.0,29.0,29.0,['Male'],2,0,2,4,3,Dry,Curve,Level,Lowest,No
19940,29,Missouri,290138,0,2,2,0,2,SPRINGFIELD,March,30,Thursday,15,8,Urban,High Speed (Arterial),Yes,37.21351944,-93.26174722,Non-Intersection,Daylight,Cloudy,Unknown,Unknown if Notified,Unknown EMS Scene Arrival Hour,Unknown if Arrived,Not Applicable (Not Transported),Not Applicable (Not Transported),1,Daylight,Reduced Visibility,1,1,['Driver'],['None_Used'],0,0,Valid,1.0,0.0,50.0,18.0,"['Male', 'Male']",0,0,5,4,5,Dry,Straight,Level,Lowest,No
19941,29,Missouri,290139,0,1,1,0,1,NOT APPLICABLE,March,31,Friday,23,30,Rural,Medium Speed (Collector),No,38.40163889,-92.80106944,Non-Intersection,Dark - Not Lighted,Cloudy,Unknown,Unknown if Notified,Unknown EMS Scene Arrival Hour,Unknown if Arrived,Not Applicable (Not Transported),Not Applicable (Not Transported),1,Dark - Unlighted,Reduced Visibility,1,0,['Driver'],['None_Used'],1,1,Invalid,0.0,0.0,33.0,33.0,['Male'],1,0,5,4,3,Dry,Curve,Level,Lowest,No
19942,29,Missouri,290140,0,2,2,0,3,NOT APPLICABLE,March,31,Friday,11,5,Rural,Medium Speed (Collector),No,39.53077778,-94.04027778,Non-Intersection,Daylight,Rain,11:00am-11:59am,8,11:00am-11:59am,16,12:00pm-12:59pm,21,2,Daylight,Rain/Wind/Minor,2,1,"['Driver', 'Front_Passenger']","['Shoulder_Lapbelt', 'Shoulder_Lapbelt']",0,0,Valid,0.0,0.0,30.0,23.0,"['Female', 'Male']",2,0,3,4,5,Wet/Standing Water,Straight,Grade/Hillcrest,Lowest,Yes
19943,29,Missouri,290141,0,1,1,0,1,NOT APPLICABLE,April,6,Thursday,18,45,Rural,Medium Speed (Collector),No,37.12375278,-94.00306667,Non-Intersection,Daylight,Clear,Unknown,Unknown if Notified,Unknown EMS Scene Arrival Hour,Unknown if Arrived,Not Applicable (Not Transported),Not Applicable (Not Transported),1,Daylight,Clear,1,0,['Driver'],['None_Used'],0,0,Invalid,0.0,0.0,14.0,14.0,['Female'],0,0,5,4,3,Dry,Straight,Level,Lowest,No
19944,29,Missouri,290142,0,1,1,0,2,ST. JOSEPH,January,20,Friday,0,1,Urban,Medium Speed (Collector),No,39.72538611,-94.83395833,Non-Intersection,Dark - Not Lighted,Clear,0:00am-0:59am,2,0:00am-0:59am,10,0:00am-0:59am,31,1,Dark - Unlighted,Clear,1,1,['Non_Standard_Risk'],['None_Used'],0,0,Invalid,1.0,0.0,30.0,30.0,['Female'],0,0,3,1,1,Dry,Straight,Grade/Hillcrest,Lowest,No
19945,29,Missouri,290143,0,1,1,0,1,NOT APPLICABLE,February,3,Friday,17,0,Urban,High Speed (Arterial),Yes,38.76163889,-90.47602778,Non-Intersection,Daylight,Clear,Unknown,Unknown,Unknown EMS Scene Arrival Hour,Unknown EMS Scene Arrival Minutes,Unknown,Unknown EMS Hospital Arrival Time,1,Daylight,Clear,1,0,['Driver'],['Shoulder_Lapbelt'],0,0,Valid,0.0,0.0,57.0,57.0,['Female'],0,0,2,4,3,Dry,Straight,Level,Lowest,No
19946,29,Missouri,290144,1,1,1,0,1,NOT APPLICABLE,March,24,Friday,6,18,Rural,Medium Speed (Collector),No,36.66611944,-90.71639167,Non-Intersection,Dark - Not Lighted,Rain,6:00am-6:59am,23,6:00am-6:59am,28,Not Applicable (Not Transported),Not Applicable (Not Transported),1,Dark - Unlighted,Rain/Wind/Minor,0,1,[],[],0,0,Valid,0.0,0.0,21.0,21.0,['Male'],0,0,2,4,4,Wet/Standing Water,Straight,Grade/Hillcrest,Lowest,No
19947,29,Missouri,290145,1,1,1,0,1,KANSAS CITY,March,29,Wednesday,23,17,Urban,High Speed (Arterial),Yes,39.06174167,-94.48991944,Non-Intersection,Dark - Lighted,Clear,Unknown,Unknown,Unknown EMS Scene Arrival Hour,Unknown EMS Scene Arrival Minutes,Not Applicable (Not Transported),Not Applicable (Not Transported),1,Dark - Lighted,Clear,0,1,[],[],0,0,Valid,0.0,0.0,47.0,47.0,['Male'],0,0,4,2,4,Dry,Straight,Level,Lowest,No
19948,29,Missouri,290146,0,3,3,0,6,ST. LOUIS,April,1,Saturday,1,54,Urban,High Speed (Arterial),Yes,38.67326667,-90.20425278,Non-Intersection,Dark - Lighted,Clear,1:00am-1:59am,55,2:00am-2:59am,9,2:00am-2:59am,43,1,Dark - Lighted,Clear,1,5,['Driver'],['Shoulder_Lapbelt'],1,1,Valid,1.0,0.0,54.0,25.0,"['Male', 'Male', 'Male']",0,0,3,4,5,Dry,Straight,Level,Lowest,No
19949,29,Missouri,290147,0,3,3,0,4,KANSAS CITY,April,12,Wednesday,9,40,Urban,High Speed (Arterial),Yes,39.030075,-94.55299444,Simple Junction,Daylight,Clear,9:00am-9:59am,40,9:00am-9:59am,46,10:00am-10:59am,22,1,Daylight,Clear,1,3,['Driver'],['None_Used'],0,0,Valid,0.0,0.0,76.0,23.0,"['Female', 'Male', 'Male']",0,0,5,4,5,Dry,Straight,Level,Lowest,No
19950,29,Missouri,290148,1,1,1,0,1,MARYLAND HEIGHTS,March,14,Tuesday,17,45,Rural,Low Speed (Local),No,38.74208333,-90.44630556,Non-Intersection,Daylight,Clear,5:00pm-5:59pm,51,5:00pm-5:59pm,53,6:00pm-6:59pm,23,1,Daylight,Clear,0,1,[],[],0,0,Valid,0.0,0.0,74.0,74.0,['Female'],0,0,3,1,4,Dry,Straight,Level,Lowest,No
19951,29,Missouri,290150,0,1,1,0,1,NOT APPLICABLE,March,23,Thursday,5,45,Rural,Medium Speed (Collector),No,37.13422222,-91.35625,Non-Intersection,Dark - Not Lighted,"Fog, Smog, Smoke",Unknown,Unknown if Notified,Unknown EMS Scene Arrival Hour,Unknown if Arrived,Not Applicable (Not Transported),Not Applicable (Not Transported),1,Dark - Unlighted,Reduced Visibility,1,0,['Driver'],['None_Used'],0,0,Valid,0.0,0.0,69.0,69.0,['Female'],1,0,2,4,3,Wet/Standing Water,Curve,Grade/Hillcrest,Lowest,No
19952,29,Missouri,290151,0,1,1,0,1,NOT APPLICABLE,March,24,Friday,0,8,Rural,Low Speed (Local),No,39.35558333,-93.41925,Non-Intersection,Dark - Not Lighted,Clear,0:00am-0:59am,12,0:00am-0:59am,48,2:00am-2:59am,12,1,Dark - Unlighted,Clear,1,0,['Driver'],['Shoulder_Lapbelt'],1,1,Valid,1.0,0.0,16.0,16.0,['Male'],1,0,3,4,3,Wet/Standing Water,Straight,Grade/Hillcrest,Lowest,No
19953,29,Missouri,290152,1,1,1,0,1,NOT APPLICABLE,March,31,Friday,21,34,Rural,Medium Speed (Collector),No,38.32616667,-90.96483333,Non-Intersection,Dark - Not Lighted,Cloudy,9:00pm-9:59pm,37,9:00pm-9:59pm,42,10:00pm-10:59pm,42,1,Dark - Unlighted,Reduced Visibility,0,1,[],[],0,0,Valid,0.0,1.0,25.0,25.0,['Male'],0,0,2,4,4,Dry,Curve,Grade/Hillcrest,Lowest,No
19954,29,Missouri,290154,0,1,1,0,1,NOT APPLICABLE,April,2,Sunday,18,0,Rural,Medium Speed (Collector),No,38.09275556,-90.52943056,Non-Intersection,Daylight,Clear,Unknown,Unknown,Unknown EMS Scene Arrival Hour,Unknown EMS Scene Arrival Minutes,Unknown,Unknown EMS Hospital Arrival Time,1,Daylight,Clear,1,0,['Driver'],['None_Used'],1,1,Valid,0.0,0.0,64.0,64.0,['Male'],1,0,5,1,2,Dry,Curve,Level,Lowest,No
19955,29,Missouri,290155,0,2,2,0,4,NOT APPLICABLE,April,2,Sunday,12,43,Rural,High Speed (Arterial),Yes,38.52655556,-90.94430556,Complex/Circle,Daylight,Clear,12:00pm-12:59pm,44,12:00pm-12:59pm,53,Unknown,Unknown EMS Hospital Arrival Time,1,Daylight,Clear,1,3,['Front_Passenger'],['Lapbelt_Only'],0,0,Valid,0.0,0.0,42.0,26.0,"['Female', 'Female']",0,0,3,4,5,Dry,Straight,Level,Lowest,No
19956,29,Missouri,290156,0,1,1,0,2,NOT APPLICABLE,April,5,Wednesday,14,30,Rural,Medium Speed (Collector),No,39.55538889,-94.18088889,Non-Intersection,Daylight,Clear,2:00pm-2:59pm,37,2:00pm-2:59pm,53,3:00pm-3:59pm,48,1,Daylight,Clear,1,1,['Front_Passenger'],['None_Used'],0,0,Valid,0.0,0.0,78.0,78.0,['Male'],0,0,3,4,2,Dry,Straight,Level,Lowest,No
19957,29,Missouri,290157,0,2,2,0,4,NOT APPLICABLE,April,6,Thursday,12,48,Rural,Medium Speed (Collector),No,39.39358333,-92.39633333,Non-Intersection,Daylight,Clear,1:00pm-1:59pm,6,1:00pm-1:59pm,10,2:00pm-2:59pm,20,1,Daylight,Clear,1,3,['Front_Passenger'],['None_Used'],1,1,Valid,3.0,0.0,47.0,23.0,"['Male', 'Male']",0,0,2,4,5,Dry,Straight,Grade/Hillcrest,Lowest,No
19958,29,Missouri,290158,0,2,2,0,2,KAHOKA,April,6,Thursday,15,45,Rural,Medium Speed (Collector),No,40.41527778,-91.71961111,Non-Intersection,Daylight,Clear,3:00pm-3:59pm,48,3:00pm-3:59pm,50,Not Applicable (Not Transported),Not Applicable (Not Transported),1,Daylight,Clear,1,1,['Driver'],['None_Used'],0,0,Valid,1.0,1.0,48.0,28.0,"['Male', 'Male']",0,0,3,4,5,Dry,Straight,Level,Lowest,No
19959,29,Missouri,290159,0,2,2,0,2,CAPE GIRARDEAU,March,7,Tuesday,13,47,Urban,High Speed (Arterial),No,37.28987222,-89.56628611,Complex/Circle,Daylight,Clear,1:00pm-1:59pm,52,1:00pm-1:59pm,55,Unknown,Unknown EMS Hospital Arrival Time,1,Daylight,Clear,1,1,['Driver'],['Shoulder_Lapbelt'],0,0,Valid,2.0,0.0,85.0,70.0,"['Female', 'Female']",0,0,3,4,5,Dry,Straight,Level,Lowest,No
19960,29,Missouri,290160,0,2,2,0,2,NOT APPLICABLE,March,31,Friday,22,10,Rural,High Speed (Arterial),Yes,37.86391667,-94.295,Non-Intersection,Dark - Not Lighted,Clear,10:00pm-10:59pm,14,10:00pm-10:59pm,25,11:00pm-11:59pm,9,1,Dark - Unlighted,Clear,1,1,['Driver'],['None_Used'],1,1,Valid,0.0,0.0,58.0,21.0,"['Male', 'Male']",0,0,3,4,5,Dry,Curve,Level,Lowest,No
19961,29,Missouri,290161,0,1,1,0,1,SPRINGFIELD,April,4,Tuesday,18,30,Urban,Medium Speed (Collector),No,37.17679444,-93.30885833,Non-Intersection,Daylight,Cloudy,6:00pm-6:59pm,33,6:00pm-6:59pm,36,6:00pm-6:59pm,55,1,Daylight,Reduced Visibility,1,0,['Driver'],['Shoulder_Lapbelt'],0,0,Valid,0.0,0.0,84.0,84.0,['Male'],0,0,2,4,3,Dry,Straight,Level,Lowest,No
19962,29,Missouri,290162,0,1,1,0,1,NOT APPLICABLE,April,10,Monday,15,58,Rural,High Speed (Arterial),Yes,36.84030556,-89.69083333,Non-Intersection,Daylight,Clear,4:00pm-4:59pm,1,4:00pm-4:59pm,10,4:00pm-4:59pm,38,1,Daylight,Clear,1,0,['Driver'],['None_Used'],0,0,Valid,0.0,1.0,32.0,32.0,['Male'],0,0,3,4,3,Dry,Straight,Level,Lowest,No
19963,29,Missouri,290163,0,1,1,0,3,CAPE GIRARDEAU,April,12,Wednesday,15,41,Urban,High Speed (Arterial),No,37.27977222,-89.55790278,Non-Intersection,Daylight,Clear,3:00pm-3:59pm,42,3:00pm-3:59pm,47,Unknown,Unknown EMS Hospital Arrival Time,1,Daylight,Clear,1,2,['Driver'],['None_Used'],0,0,Valid,0.0,1.0,23.0,23.0,['Female'],3,0,2,4,3,Dry,Straight,Level,Lowest,No
19964,29,Missouri,290164,1,1,1,0,1,SPRINGFIELD,March,6,Monday,20,33,Urban,High Speed (Arterial),No,37.24725,-93.31082778,Complex/Circle,Dark - Lighted,Clear,Unknown,Unknown,Unknown EMS Scene Arrival Hour,Unknown EMS Scene Arrival Minutes,Unknown,Unknown EMS Hospital Arrival Time,1,Dark - Lighted,Clear,0,0,[],[],0,0,Invalid,0.0,0.0,999.0,999.0,['Other'],0,0,1,0,4,Dry,Straight,Level,Lowest,No
19965,29,Missouri,290165,0,1,1,0,3,ST. LOUIS,March,19,Sunday,22,38,Urban,High Speed (Arterial),Yes,38.63212222,-90.29018333,Non-Intersection,Dark - Lighted,Clear,10:00pm-10:59pm,45,10:00pm-10:59pm,53,11:00pm-11:59pm,10,1,Dark - Lighted,Clear,1,2,['Front_Passenger'],['None_Used'],0,0,Invalid,0.0,0.0,22.0,22.0,['Female'],0,0,3,4,3,Dry,Straight,Level,Lowest,No
19966,29,Missouri,290166,0,2,2,0,2,ST. LOUIS,March,31,Friday,20,31,Urban,Medium Speed (Collector),No,38.68479444,-90.23052222,Non-Intersection,Dark - Lighted,Cloudy,8:00pm-8:59pm,25,8:00pm-8:59pm,32,9:00pm-9:59pm,3,1,Dark - Lighted,Reduced Visibility,1,1,['Driver'],['Shoulder_Lapbelt'],1,1,Valid,0.0,0.0,62.0,47.0,"['Male', 'Male']",0,0,3,1,5,Wet/Standing Water,Straight,Level,Lowest,No
19967,29,Missouri,290167,0,1,1,0,3,KANSAS CITY,April,6,Thursday,16,56,Urban,Medium Speed (Collector),No,39.01191111,-94.53567778,Non-Intersection,Daylight,Clear,4:00pm-4:59pm,56,5:00pm-5:59pm,3,5:00pm-5:59pm,13,2,Daylight,Clear,2,1,"['Driver', 'Rear_Seat']","['None_Used', 'None_Used']",1,1,Invalid,1.0,2.0,28.0,28.0,['Female'],3,0,2,4,3,Dry,Curve,Level,Lowest,No
19968,29,Missouri,290169,0,1,1,0,2,NOT APPLICABLE,March,17,Friday,9,45,Rural,Medium Speed (Collector),No,37.73813889,-93.77902778,Non-Intersection,Daylight,Clear,9:00am-9:59am,53,10:00am-10:59am,3,11:00am-11:59am,1,1,Daylight,Clear,1,1,['Driver'],['None_Used'],0,0,Valid,1.0,0.0,54.0,54.0,['Male'],0,0,3,4,3,Dry,Curve,Level,Lowest,No
19969,29,Missouri,290170,0,2,2,0,5,NOT APPLICABLE,March,23,Thursday,17,54,Rural,Low Speed (Local),No,36.88463889,-93.90138889,Complex/Circle,Daylight,Rain,5:00pm-5:59pm,55,6:00pm-6:59pm,2,7:00pm-7:59pm,21,1,Daylight,Rain/Wind/Minor,1,4,['Front_Passenger'],['Shoulder_Lapbelt'],0,0,Valid,1.0,1.0,70.0,16.0,"['Male', 'Female']",0,0,3,4,5,Wet/Standing Water,Straight,Level,Lowest,No
19970,29,Missouri,290171,0,2,2,0,2,NOT APPLICABLE,April,1,Saturday,22,10,Rural,Medium Speed (Collector),No,37.35533333,-93.27211111,Non-Intersection,Dark - Not Lighted,Clear,10:00pm-10:59pm,14,10:00pm-10:59pm,23,11:00pm-11:59pm,13,1,Dark - Unlighted,Clear,1,1,['Driver'],['Shoulder_Lapbelt'],0,0,Valid,2.0,0.0,54.0,51.0,"['Male', 'Male']",0,0,3,4,5,Dry,Straight,Grade/Hillcrest,Lowest,No
19971,29,Missouri,290172,2,2,1,1,1,MANSFIELD,April,1,Saturday,0,45,Rural,Medium Speed (Collector),No,37.11386111,-92.57691667,Non-Intersection,Dark - Not Lighted,Clear,0:00am-0:59am,48,1:00am-1:59am,8,1:00am-1:59am,57,1,Dark - Unlighted,Clear,0,1,[],[],1,1,Valid,0.0,0.0,21.0,21.0,['Male'],0,0,3,4,5,Dry,Straight,Grade/Hillcrest,Lowest,No
19972,29,Missouri,290173,0,1,1,0,2,FULTON,April,4,Tuesday,21,43,Urban,High Speed (Arterial),Yes,38.85944167,-91.97048889,Non-Intersection,Dark - Not Lighted,Clear,9:00pm-9:59pm,39,10:00pm-10:59pm,8,10:00pm-10:59pm,54,1,Dark - Unlighted,Clear,1,1,['Driver'],['None_Used'],0,0,Invalid,0.0,0.0,24.0,24.0,['Female'],0,0,3,4,3,Dry,Straight,Grade/Hillcrest,Lowest,No
19973,29,Missouri,290174,0,2,2,0,3,NOT APPLICABLE,April,6,Thursday,10,0,Urban,High Speed (Arterial),Yes,38.70466667,-90.27108333,Non-Intersection,Daylight,Cloudy,9:00am-9:59am,56,10:00am-10:59am,17,10:00am-10:59am,38,1,Daylight,Reduced Visibility,1,2,['Driver'],['None_Used'],0,0,Valid,1.0,0.0,60.0,54.0,"['Male', 'Male']",0,0,4,4,5,Dry,Curve,Level,Lowest,Yes