,State_Code,State_Name,Crash_ID,Count_Non_Motorists,Count_Vehicles_Total,Count_Vehicle_Forms,Count_PVH_Involved,Count_Occupants_MV,City_Name,Month_Name,Day_of_Month,Day_of_Week,Crash_Hour,Crash_Minute,Area_Rural_Urban,Road_Functional_Class,On_NHS_Road,Latitude,Longitude,Intersection_Type,Light_Condition,Weather_Condition,Notif_Hour,Notif_Minute,Arrival_Hour,Arrival_Minute,Hospital_Hour,Hospital_Minute,Fatalities_Count,Clean_Light_Condition,Clean_Weather_Condition,Total_Killed,Total_Alive,Fatal_Seats_List,Killed_Restraint_List,Any_Driver_Drinking,Total_Drinking_Drivers,Driver_License_Category,Driver_Max_Prev_Accident_Count,Driver_Max_Prev_Speeding_Count,Max_Driver_Age,Min_Driver_Age,Driver_Sex_List,Total_Exceeding_Limit_Vehicles,Total_Too_Fast_Vehicles,Max_Vehicle_Type_Severity_5,Max_Vehicle_Damage_Rank,Max_Harmful_Event_Severity,Crash_Road_Surface_Condition,Crash_Horizontal_Alignment,Crash_Vertical_Profile,Crash_Impairment_Category,Crash_Vehicle_Defect
19974,29,Missouri,290175,0,2,2,0,3,JOPLIN,April,8,Saturday,19,45,Urban,High Speed (Arterial),Yes,37.07760833,-94.47754167,Non-Intersection,Daylight,Clear,7:00pm-7:59pm,51,7:00pm-7:59pm,54,8:00pm-8:59pm,17,1,Daylight,Clear,1,2,['Driver'],['None_Used'],0,0,Valid,0.0,0.0,26.0,17.0,"['Male', 'Male']",0,0,5,4,5,Dry,Straight,Non-Trafficway,Lowest,No
19975,29,Missouri,290176,0,2,2,0,3,NOT APPLICABLE,April,8,Saturday,18,59,Rural,Medium Speed (Collector),No,36.61594444,-90.85188889,Non-Intersection,Daylight,Clear,6:00pm-6:59pm,58,7:00pm-7:59pm,3,7:00pm-7:59pm,17,2,Daylight,Clear,2,1,"['Driver', 'Rear_Seat']","['None_Used', 'None_Used']",0,0,Valid,3.0,0.0,39.0,27.0,"['Female', 'Male']",0,0,5,4,5,Dry,Straight,Level,Lowest,No
19976,29,Missouri,290177,0,2,2,0,3,NOT APPLICABLE,April,8,Saturday,20,50,Rural,Medium Speed (Collector),No,37.19626111,-94.16136111,Non-Intersection,Dark - Not Lighted,Clear,Unknown,Unknown,Unknown EMS Scene Arrival Hour,Unknown EMS Scene Arrival Minutes,Unknown,Unknown EMS Hospital Arrival Time,1,Dark - Unlighted,Clear,1,2,['Driver'],['None_Used'],0,0,Valid,2.0,1.0,24.0,20.0,"['Male', 'Male']",0,0,3,4,5,Dry,Straight,Level,Lowest,No
19977,29,Missouri,290178,0,2,2,0,2,NOT APPLICABLE,April,13,Thursday,14,20,Rural,Low Speed (Local),No,37.47836111,-92.42372222,Non-Intersection,Daylight,Clear,2:00pm-2:59pm,27,2:00pm-2:59pm,55,3:00pm-3:59pm,38,1,Daylight,Clear,1,1,['Driver'],['None_Used'],0,0,Valid,1.0,0.0,41.0,21.0,"['Female', 'Male']",0,0,5,4,5,Dry,Straight,Grade/Hillcrest,Lowest,No
19978,29,Missouri,290179,1,1,1,0,1,RIVERSIDE,April,1,Saturday,6,4,Urban,Medium Speed (Collector),No,39.17494444,-94.63638889,Non-Intersection,Dark - Not Lighted,Clear,Unknown,Unknown,Unknown EMS Scene Arrival Hour,Unknown EMS Scene Arrival Minutes,Unknown,Unknown EMS Hospital Arrival Time,1,Dark - Unlighted,Clear,0,1,[],[],0,0,Valid,0.0,0.0,62.0,62.0,['Male'],0,0,4,0,4,Dry,Straight,Level,Lowest,No
19979,29,Missouri,290180,0,1,1,0,1,ROLLA,April,2,Sunday,18,37,Urban,Medium Speed (Collector),No,37.9593,-91.75540278,Non-Intersection,Daylight,Clear,6:00pm-6:59pm,41,6:00pm-6:59pm,43,7:00pm-7:59pm,12,1,Daylight,Clear,1,0,['Driver'],['None_Used'],1,1,Valid,0.0,0.0,31.0,31.0,['Male'],0,0,5,4,3,Dry,Curve,Level,Lowest,No
19980,29,Missouri,290181,0,2,2,0,6,ST. LOUIS,April,4,Tuesday,14,13,Urban,Medium Speed (Collector),No,38.65952778,-90.25190278,Non-Intersection,Daylight,Clear,Unknown,Unknown,Unknown EMS Scene Arrival Hour,Unknown EMS Scene Arrival Minutes,Unknown,Unknown EMS Hospital Arrival Time,1,Daylight,Clear,1,5,['Driver'],['Shoulder_Lapbelt'],0,0,Invalid,2.0,0.0,34.0,31.0,"['Male', 'Male']",5,0,2,4,5,Dry,Straight,Level,Lowest,No
19981,29,Missouri,290182,1,1,1,0,1,NOT APPLICABLE,April,13,Thursday,16,39,Rural,Medium Speed (Collector),No,37.75666667,-93.94138889,Non-Intersection,Daylight,Clear,4:00pm-4:59pm,49,5:00pm-5:59pm,14,5:00pm-5:59pm,59,1,Daylight,Clear,0,1,[],[],0,0,Valid,0.0,0.0,61.0,61.0,['Male'],0,0,2,3,1,Dry,Straight,Grade/Hillcrest,Lowest,No
19982,29,Missouri,290183,0,2,2,0,2,NOT APPLICABLE,April,14,Friday,14,45,Rural,High Speed (Arterial),Yes,36.67688889,-93.33891667,Non-Intersection,Daylight,Clear,2:00pm-2:59pm,46,2:00pm-2:59pm,52,Not Applicable (Not Transported),Not Applicable (Not Transported),1,Daylight,Clear,1,1,['Driver'],['None_Used'],0,0,Valid,0.0,0.0,68.0,30.0,"['Male', 'Male']",0,0,5,4,5,Dry,Curve,Grade/Hillcrest,Lowest,No
19983,29,Missouri,290184,0,5,5,0,10,KANSAS CITY,April,15,Saturday,0,13,Urban,High Speed (Arterial),Yes,39.02946944,-94.50879722,Simple Junction,Dark - Lighted,Clear,0:00am-0:59am,13,0:00am-0:59am,23,0:00am-0:59am,45,1,Dark - Lighted,Clear,1,9,['Driver'],['Shoulder_Lapbelt'],0,0,Valid,1.0,0.0,67.0,17.0,"['Male', 'Male', 'Male', 'Male', 'Female']",5,0,3,4,5,Dry,Curve,Grade/Hillcrest,Lowest,No
19984,29,Missouri,290185,0,2,2,0,3,SULLIVAN,April,15,Saturday,18,25,Urban,Medium Speed (Collector),No,38.21908333,-91.16355556,Simple Junction,Daylight,Rain,Unknown,Unknown,Unknown EMS Scene Arrival Hour,Unknown EMS Scene Arrival Minutes,Unknown,Unknown EMS Hospital Arrival Time,1,Daylight,Rain/Wind/Minor,1,2,['Driver'],['Shoulder_Lapbelt'],0,0,Valid,1.0,0.0,89.0,29.0,"['Male', 'Male']",1,0,3,4,5,Wet/Standing Water,Straight,Level,Lowest,No
19985,29,Missouri,290186,0,4,4,0,4,KANSAS CITY,April,18,Tuesday,19,8,Urban,Medium Speed (Collector),No,38.97320278,-94.57656667,Non-Intersection,Daylight,Clear,Unknown,Unknown,Unknown EMS Scene Arrival Hour,Unknown EMS Scene Arrival Minutes,Unknown,Unknown EMS Hospital Arrival Time,1,Daylight,Clear,1,2,['Driver'],['Shoulder_Lapbelt'],0,0,Invalid,3.0,0.0,999.0,24.0,"['Other', 'Male', 'Female', 'Male']",0,0,5,4,5,Dry,Straight,Level,Lowest,No
19986,29,Missouri,290187,0,2,2,0,2,ST. LOUIS,April,18,Tuesday,12,21,Urban,High Speed (Arterial),Yes,38.679875,-90.21064444,Complex/Circle,Daylight,Clear,Unknown,Unknown if Notified,Unknown EMS Scene Arrival Hour,Unknown if Arrived,Not Applicable (Not Transported),Not Applicable (Not Transported),1,Daylight,Clear,1,1,['Driver'],['None_Used'],0,0,Valid,1.0,0.0,69.0,21.0,"['Female', 'Male']",1,0,4,4,5,Dry,Straight,Grade/Hillcrest,Lowest,No
19987,29,Missouri,290189,0,2,2,0,2,NOT APPLICABLE,March,23,Thursday,15,0,Rural,High Speed (Arterial),No,38.06858333,-90.74588889,Non-Intersection,Daylight,Cloudy,3:00pm-3:59pm,8,3:00pm-3:59pm,15,4:00pm-4:59pm,27,1,Daylight,Reduced Visibility,1,1,['Driver'],['None_Used'],0,0,Valid,2.0,0.0,45.0,16.0,"['Female', 'Female']",0,0,2,4,5,Dry,Straight,Level,Lowest,No
19988,29,Missouri,290190,0,2,2,0,2,NOT APPLICABLE,April,7,Friday,10,5,Rural,Medium Speed (Collector),No,37.20452778,-92.53255556,Non-Intersection,Daylight,Clear,10:00am-10:59am,14,10:00am-10:59am,27,Not Applicable (Not Transported),Not Applicable (Not Transported),1,Daylight,Clear,1,1,['Driver'],['None_Used'],0,0,Valid,1.0,0.0,79.0,29.0,"['Female', 'Male']",0,0,4,4,5,Dry,Straight,Level,Lowest,No
19989,29,Missouri,290191,0,2,2,0,2,NOT APPLICABLE,April,13,Thursday,6,49,Rural,High Speed (Arterial),Yes,37.91458333,-90.71530556,Non-Intersection,Daylight,Clear,7:00am-7:59am,17,7:00am-7:59am,28,7:00am-7:59am,49,1,Daylight,Clear,1,1,['Driver'],['None_Used'],0,0,Valid,0.0,0.0,44.0,40.0,"['Female', 'Male']",0,0,5,4,5,Dry,Straight,Level,Lowest,No
19990,29,Missouri,290192,0,1,1,0,1,SPRINGFIELD,April,15,Saturday,6,50,Urban,High Speed (Arterial),Yes,37.19397222,-93.27630556,Non-Intersection,Daylight,Clear,6:00am-6:59am,52,6:00am-6:59am,56,7:00am-7:59am,11,1,Daylight,Clear,1,0,['Driver'],['None_Used'],1,1,Valid,0.0,0.0,54.0,54.0,['Male'],0,0,3,4,3,Dry,Straight,Level,Lowest,No
19991,29,Missouri,290193,0,1,1,0,2,NOT APPLICABLE,April,17,Monday,12,55,Rural,Medium Speed (Collector),No,36.97044444,-91.68975,Non-Intersection,Daylight,Clear,1:00pm-1:59pm,0,1:00pm-1:59pm,8,Unknown,Unknown EMS Hospital Arrival Time,1,Daylight,Clear,1,1,['Driver'],['None_Used'],0,0,Invalid,0.0,0.0,26.0,26.0,['Male'],2,0,2,4,3,Dry,Curve,Level,Lowest,No
19992,29,Missouri,290194,0,1,1,0,2,NOT APPLICABLE,April,17,Monday,18,35,Rural,Low Speed (Local),No,39.95163056,-94.96560278,Non-Intersection,Daylight,Clear,6:00pm-6:59pm,32,6:00pm-6:59pm,47,7:00pm-7:59pm,21,1,Daylight,Clear,1,1,['Driver'],['None_Used'],0,0,Invalid,0.0,0.0,9.0,9.0,['Male'],2,0,5,2,3,Dry,Straight,Level,Lowest,No
19993,29,Missouri,290195,1,1,1,0,1,KANSAS CITY,April,18,Tuesday,18,40,Urban,Medium Speed (Collector),No,39.08066389,-94.55000833,Complex/Circle,Daylight,Clear,6:00pm-6:59pm,42,6:00pm-6:59pm,44,7:00pm-7:59pm,5,1,Daylight,Clear,0,1,[],[],0,0,Valid,0.0,0.0,46.0,46.0,['Female'],0,0,3,1,4,Dry,Straight,Level,Lowest,No
19994,29,Missouri,290196,0,1,1,0,1,NOT APPLICABLE,April,19,Wednesday,2,45,Rural,Medium Speed (Collector),No,38.97113889,-93.88611667,Non-Intersection,Dark - Not Lighted,Clear,Unknown,Unknown if Notified,Unknown EMS Scene Arrival Hour,Unknown if Arrived,Not Applicable (Not Transported),Not Applicable (Not Transported),1,Dark - Unlighted,Clear,1,0,['Driver'],['None_Used'],1,1,Valid,0.0,0.0,37.0,37.0,['Male'],0,0,5,4,2,Dry,Curve,Level,Lowest,No
19995,29,Missouri,290197,0,2,2,0,2,FENTON,April,20,Thursday,13,0,Urban,High Speed (Arterial),Yes,38.52541667,-90.47338889,Complex/Circle,Daylight,Cloudy,12:00pm-12:59pm,57,1:00pm-1:59pm,0,Not Applicable (Not Transported),Not Applicable (Not Transported),1,Daylight,Reduced Visibility,1,1,['Driver'],['None_Used'],0,0,Valid,1.0,0.0,63.0,57.0,"['Male', 'Male']",0,0,5,4,5,Dry,Straight,Level,Lowest,No
19996,29,Missouri,290198,0,1,1,0,1,NOT APPLICABLE,April,21,Friday,23,45,Rural,Low Speed (Local),No,37.13820556,-93.98449444,Non-Intersection,Dark - Not Lighted,Clear,11:00pm-11:59pm,52,0:00am-0:59am,11,Unknown,Unknown EMS Hospital Arrival Time,1,Dark - Unlighted,Clear,1,0,['Driver'],['None_Used'],0,0,Invalid,0.0,0.0,62.0,62.0,['Female'],0,0,5,4,3,Dry,Straight,Grade/Hillcrest,Lowest,No
19997,29,Missouri,290199,0,2,2,0,2,URICH,April,2,Sunday,12,30,Rural,High Speed (Arterial),Yes,38.47358333,-94.01847222,Non-Intersection,Daylight,Clear,12:00pm-12:59pm,32,12:00pm-12:59pm,42,1:00pm-1:59pm,24,1,Daylight,Clear,1,1,['Driver'],['None_Used'],0,0,Valid,2.0,0.0,78.0,36.0,"['Female', 'Male']",0,0,5,4,5,Dry,Straight,Grade/Hillcrest,Lowest,No
19998,29,Missouri,290200,0,2,2,0,2,KNOB NOSTER,April,12,Wednesday,21,30,Rural,High Speed (Arterial),Yes,38.76797222,-93.53344444,Complex/Circle,Dark - Not Lighted,Clear,9:00pm-9:59pm,36,9:00pm-9:59pm,40,Not Applicable (Not Transported),Not Applicable (Not Transported),1,Dark - Unlighted,Clear,1,1,['Driver'],['None_Used'],0,0,Valid,3.0,0.0,65.0,40.0,"['Female', 'Male']",0,0,4,4,5,Dry,Straight,Level,Lowest,No
19999,29,Missouri,290201,1,1,1,0,3,KANSAS CITY,April,13,Thursday,15,3,Urban,Medium Speed (Collector),No,39.09398889,-94.53105556,Simple Junction,Daylight,Clear,3:00pm-3:59pm,5,3:00pm-3:59pm,15,3:00pm-3:59pm,27,1,Daylight,Clear,0,3,[],[],0,0,Valid,2.0,0.0,22.0,22.0,['Male'],0,0,4,2,4,Dry,Straight,Level,Lowest,No
20000,29,Missouri,290202,0,2,2,0,2,NOT APPLICABLE,April,18,Tuesday,15,38,Rural,High Speed (Arterial),Yes,37.30886111,-92.97341667,Non-Intersection,Daylight,Clear,3:00pm-3:59pm,42,3:00pm-3:59pm,48,Not Applicable (Not Transported),Not Applicable (Not Transported),2,Daylight,Clear,2,0,"['Driver', 'Driver']","['None_Used', 'Shoulder_Lapbelt']",1,1,Valid,0.0,0.0,56.0,47.0,"['Male', 'Female']",1,0,3,4,5,Dry,Curve,Level,Lowest,No
20001,29,Missouri,290203,0,2,2,0,2,NOT APPLICABLE,April,20,Thursday,15,40,Rural,Low Speed (Local),No,38.88672222,-91.40986111,Simple Junction,Daylight,Rain,Unknown,Unknown if Notified,Unknown EMS Scene Arrival Hour,Unknown if Arrived,Not Applicable (Not Transported),Not Applicable (Not Transported),1,Daylight,Rain/Wind/Minor,1,1,['Driver'],['None_Used'],0,0,Valid,1.0,0.0,55.0,17.0,"['Male', 'Male']",1,0,5,4,5,Wet/Standing Water,Straight,Level,Lowest,No
20002,29,Missouri,290204,0,1,1,0,1,ST. CLAIR,April,21,Friday,21,31,Rural,High Speed (Arterial),Yes,38.33916667,-91.01444444,Non-Intersection,Dark - Not Lighted,Clear,Unknown,Unknown if Notified,Unknown EMS Scene Arrival Hour,Unknown if Arrived,Not Applicable (Not Transported),Not Applicable (Not Transported),1,Dark - Unlighted,Clear,1,0,['Driver'],['Shoulder_Lapbelt'],0,0,Invalid,1.0,3.0,43.0,43.0,['Male'],0,0,2,4,3,Dry,Curve,Level,Lowest,No
20003,29,Missouri,290205,0,3,3,0,3,INDEPENDENCE,April,22,Saturday,13,20,Urban,Medium Speed (Collector),No,39.09494722,-94.46775,Non-Intersection,Daylight,Cloudy,Unknown,Unknown if Notified,Unknown EMS Scene Arrival Hour,Unknown if Arrived,Not Applicable (Not Transported),Not Applicable (Not Transported),1,Daylight,Reduced Visibility,1,2,['Driver'],['Shoulder_Lapbelt'],1,1,Valid,3.0,1.0,70.0,19.0,"['Male', 'Male', 'Female']",1,0,3,4,5,Dry,Straight,Grade/Hillcrest,Lowest,No
20004,29,Missouri,290206,0,1,1,0,1,NOT APPLICABLE,April,22,Saturday,17,3,Rural,Medium Speed (Collector),No,39.22797222,-94.12775,Non-Intersection,Daylight,Cloudy,Unknown,Unknown if Notified,Unknown EMS Scene Arrival Hour,Unknown if Arrived,Not Applicable (Not Transported),Not Applicable (Not Transported),1,Daylight,Reduced Visibility,1,0,['Driver'],['Shoulder_Lapbelt'],0,0,Valid,0.0,0.0,23.0,23.0,['Male'],1,0,2,4,3,Dry,Curve,Level,Lowest,No
20005,29,Missouri,290207,0,1,1,0,1,FORISTELL,April,23,Sunday,11,35,Rural,Low Speed (Local),No,38.82066667,-90.98063889,Non-Intersection,Daylight,Cloudy,11:00am-11:59am,38,11:00am-11:59am,43,Not Applicable (Not Transported),Not Applicable (Not Transported),1,Daylight,Reduced Visibility,1,0,['Driver'],['Shoulder_Lapbelt'],0,0,Valid,1.0,0.0,80.0,80.0,['Male'],0,0,3,4,4,Dry,Straight,Grade/Hillcrest,Lowest,No
20006,29,Missouri,290208,0,2,2,0,2,NOT APPLICABLE,April,24,Monday,5,55,Rural,High Speed (Arterial),Yes,37.81936111,-89.84458333,Non-Intersection,Daylight,Clear,6:00am-6:59am,3,6:00am-6:59am,59,7:00am-7:59am,25,1,Daylight,Clear,1,1,['Driver'],['None_Used'],0,0,Valid,0.0,0.0,66.0,24.0,"['Male', 'Male']",0,0,3,4,5,Dry,Curve,Grade/Hillcrest,Medium,No
20007,29,Missouri,290209,1,2,2,0,3,NOT APPLICABLE,April,19,Wednesday,20,42,Rural,High Speed (Arterial),Yes,38.32986111,-92.84469444,Non-Intersection,Dark - Not Lighted,Cloudy,Unknown,Unknown if Notified,Unknown EMS Scene Arrival Hour,Unknown if Arrived,Not Applicable (Not Transported),Not Applicable (Not Transported),1,Dark - Unlighted,Reduced Visibility,0,2,[],[],0,0,Valid,0.0,3.0,49.0,49.0,['Male'],0,0,3,4,5,Dry,Straight,Level,Lowest,No
20008,29,Missouri,290210,0,2,2,0,3,NOT APPLICABLE,April,25,Tuesday,11,5,Rural,Medium Speed (Collector),No,38.36913889,-94.17997222,Complex/Circle,Daylight,Clear,11:00am-11:59am,41,11:00am-11:59am,52,12:00pm-12:59pm,28,1,Daylight,Clear,1,2,['Front_Passenger'],['Shoulder_Lapbelt'],0,0,Valid,0.0,0.0,66.0,61.0,"['Male', 'Female']",0,0,4,4,5,Dry,Curve,Grade/Hillcrest,Lowest,No
20009,29,Missouri,290211,1,1,1,0,1,KANSAS CITY,April,25,Tuesday,19,22,Urban,High Speed (Arterial),Yes,39.10530278,-94.52126389,Non-Intersection,Daylight,Clear,Unknown,Unknown,Unknown EMS Scene Arrival Hour,Unknown EMS Scene Arrival Minutes,Unknown,Unknown EMS Hospital Arrival Time,1,Daylight,Clear,0,1,[],[],0,0,Valid,1.0,0.0,24.0,24.0,['Female'],0,0,2,1,4,Dry,Straight,Grade/Hillcrest,Lowest,No
20010,29,Missouri,290212,0,2,2,0,3,KANSAS CITY,April,26,Wednesday,20,57,Urban,Medium Speed (Collector),No,39.21747222,-94.59881111,Simple Junction,Dark - Lighted,Clear,Unknown,Unknown,Unknown EMS Scene Arrival Hour,Unknown EMS Scene Arrival Minutes,Unknown,Unknown EMS Hospital Arrival Time,2,Dark - Lighted,Clear,2,1,"['Driver', 'Front_Passenger']","['Shoulder_Lapbelt', 'Shoulder_Lapbelt']",0,0,Valid,1.0,1.0,77.0,20.0,"['Male', 'Male']",1,0,2,4,5,Dry,Straight,Grade/Hillcrest,Lowest,No
20011,29,Missouri,290213,0,2,2,0,3,NOT APPLICABLE,April,27,Thursday,16,8,Rural,High Speed (Arterial),Yes,39.86419444,-94.82027778,Non-Intersection,Daylight,Clear,4:00pm-4:59pm,15,4:00pm-4:59pm,22,4:00pm-4:59pm,59,1,Daylight,Clear,1,2,['Driver'],['Shoulder_Lapbelt'],0,0,Valid,0.0,1.0,74.0,64.0,"['Female', 'Male']",0,0,3,4,5,Dry,Straight,Grade/Hillcrest,Lowest,No
20012,29,Missouri,290214,0,1,1,0,1,NOT APPLICABLE,April,27,Thursday,14,47,Rural,Low Speed (Local),No,38.21675,-92.92569444,Non-Intersection,Daylight,Clear,Unknown,Unknown if Notified,Unknown EMS Scene Arrival Hour,Unknown if Arrived,Not Applicable (Not Transported),Not Applicable (Not Transported),1,Daylight,Clear,1,0,['Driver'],['Shoulder_Lapbelt'],0,0,Valid,0.0,0.0,80.0,80.0,['Female'],0,0,3,4,4,Dry,Straight,Grade/Hillcrest,Lowest,No
20013,29,Missouri,290215,0,2,2,0,3,NOT APPLICABLE,April,28,Friday,9,40,Urban,High Speed (Arterial),Yes,38.48511111,-90.5025,Complex/Circle,Daylight,Cloudy,9:00am-9:59am,41,9:00am-9:59am,46,10:00am-10:59am,12,1,Daylight,Reduced Visibility,1,2,['Driver'],['Shoulder_Lapbelt'],0,0,Valid,0.0,0.0,75.0,66.0,"['Male', 'Male']",0,0,3,4,5,Dry,Straight,Level,Lowest,No
20014,29,Missouri,290216,0,2,2,0,5,OLD MONROE,April,29,Saturday,23,46,Rural,Medium Speed (Collector),No,38.92791667,-90.75502778,Non-Intersection,Dark - Not Lighted,Clear,Unknown,Unknown,Unknown EMS Scene Arrival Hour,Unknown EMS Scene Arrival Minutes,Unknown,Unknown EMS Hospital Arrival Time,4,Dark - Unlighted,Clear,4,1,"['Driver', 'Rear_Seat', 'Rear_Seat', 'Driver']","['Shoulder_Lapbelt', 'None_Used', 'None_Used', 'Shoulder_Lapbelt']",1,1,Valid,0.0,0.0,23.0,16.0,"['Female', 'Female']",0,0,2,4,5,Dry,Curve,Level,Lowest,No
20015,29,Missouri,290217,0,1,1,0,1,NOT APPLICABLE,April,30,Sunday,9,10,Rural,Low Speed (Local),No,38.65302778,-92.5,Non-Intersection,Reported as Unknown,Clear,Unknown,Unknown if Notified,Unknown EMS Scene Arrival Hour,Unknown if Arrived,Not Applicable (Not Transported),Not Applicable (Not Transported),1,Dark - Unlighted,Clear,1,0,['Driver'],['None_Used'],1,1,Valid,0.0,0.0,63.0,63.0,['Male'],1,0,3,4,3,Dry,Straight,Grade/Hillcrest,Lowest,No
20016,29,Missouri,290218,0,2,2,0,4,KANSAS CITY,April,30,Sunday,16,9,Urban,High Speed (Arterial),Yes,38.95434444,-94.54004722,Non-Intersection,Daylight,Severe Crosswinds,4:00pm-4:59pm,9,4:00pm-4:59pm,17,4:00pm-4:59pm,35,1,Daylight,Rain/Wind/Minor,1,3,['Non_Standard_Risk'],['Shoulder_Lapbelt'],0,0,Valid,3.0,0.0,36.0,21.0,"['Female', 'Female']",0,0,3,4,5,Dry,Straight,Grade/Hillcrest,Lowest,No
20017,29,Missouri,290219,0,2,2,0,4,NOT APPLICABLE,April,20,Thursday,13,20,Rural,Medium Speed (Collector),No,37.2455,-91.81397222,Non-Intersection,Daylight,Cloudy,1:00pm-1:59pm,23,1:00pm-1:59pm,42,2:00pm-2:59pm,17,1,Daylight,Reduced Visibility,1,3,['Driver'],['None_Used'],0,0,Valid,0.0,0.0,24.0,21.0,"['Male', 'Female']",0,0,3,4,5,Dry,Curve,Grade/Hillcrest,Lowest,No
20018,29,Missouri,290220,0,2,2,0,3,OSAGE BEACH,April,26,Wednesday,20,45,Rural,High Speed (Arterial),Yes,38.14258333,-92.62283333,Non-Intersection,Dark - Not Lighted,Cloudy,8:00pm-8:59pm,55,8:00pm-8:59pm,57,9:00pm-9:59pm,35,1,Dark - Unlighted,Reduced Visibility,1,2,['Driver'],['None_Used'],1,1,Valid,0.0,0.0,51.0,18.0,"['Female', 'Male']",0,0,2,4,5,Dry,Curve,Level,Lowest,No
20019,29,Missouri,290221,0,2,2,0,5,NOT APPLICABLE,April,30,Sunday,2,54,Rural,High Speed (Arterial),Yes,40.11967222,-95.22959167,Non-Intersection,Dark - Not Lighted,Cloudy,3:00am-3:59am,2,3:00am-3:59am,11,4:00am-4:59am,45,1,Dark - Unlighted,Reduced Visibility,1,4,['Rear_Seat'],['None_Used'],1,1,Valid,0.0,0.0,47.0,21.0,"['Male', 'Male']",0,0,4,4,5,Dry,Straight,Level,Lowest,No
20020,29,Missouri,290222,0,2,2,0,2,NOT APPLICABLE,May,1,Monday,14,45,Rural,Medium Speed (Collector),No,36.59875,-94.59452778,Complex/Circle,Daylight,Clear,2:00pm-2:59pm,33,2:00pm-2:59pm,48,3:00pm-3:59pm,14,1,Daylight,Clear,1,1,['Driver'],['None_Used'],0,0,Valid,1.0,0.0,29.0,27.0,"['Female', 'Male']",0,0,5,4,5,Dry,Straight,Level,Lowest,No
20021,29,Missouri,290224,0,1,1,0,1,KANSAS CITY,May,3,Wednesday,0,3,Urban,High Speed (Arterial),Yes,39.16828056,-94.59476389,Non-Intersection,Dark - Not Lighted,Clear,0:00am-0:59am,3,0:00am-0:59am,10,Not Applicable (Not Transported),Not Applicable (Not Transported),1,Dark - Unlighted,Clear,1,0,['Driver'],['None_Used'],1,1,Valid,1.0,0.0,37.0,37.0,['Male'],1,0,5,4,2,Dry,Curve,Level,Lowest,No
20022,29,Missouri,290225,0,1,1,0,1,NOT APPLICABLE,May,5,Friday,19,35,Rural,Low Speed (Local),No,36.79016667,-92.40558333,Non-Intersection,Daylight,Cloudy,7:00pm-7:59pm,56,8:00pm-8:59pm,22,9:00pm-9:59pm,40,1,Daylight,Reduced Visibility,1,0,['Driver'],['None_Used'],0,0,Valid,0.0,0.0,52.0,52.0,['Male'],1,0,5,4,3,Dry,Curve,Level,Lowest,No
20023,29,Missouri,290226,0,1,1,0,1,NOT APPLICABLE,May,5,Friday,18,45,Rural,Medium Speed (Collector),No,38.403025,-94.08108889,Non-Intersection,Daylight,Clear,7:00pm-7:59pm,4,7:00pm-7:59pm,33,8:00pm-8:59pm,6,1,Daylight,Clear,1,0,['Driver'],['None_Used'],1,1,Invalid,1.0,0.0,58.0,58.0,['Male'],1,0,5,4,2,Dry,Curve,Grade/Hillcrest,Lowest,No
20024,29,Missouri,290227,0,2,2,0,2,NOT APPLICABLE,May,5,Friday,0,6,Rural,High Speed (Arterial),Yes,37.86375,-94.08902778,Non-Intersection,Dark - Not Lighted,Rain,0:00am-0:59am,9,0:00am-0:59am,23,1:00am-1:59am,56,1,Dark - Unlighted,Rain/Wind/Minor,1,1,['Driver'],['Shoulder_Lapbelt'],0,0,Valid,1.0,0.0,33.0,30.0,"['Male', 'Male']",1,0,4,4,5,Wet/Standing Water,Curve,Grade/Hillcrest,Lowest,No
20025,29,Missouri,290228,0,6,6,0,8,KANSAS CITY,May,6,Saturday,23,2,Urban,High Speed (Arterial),Yes,39.243875,-94.50033889,Non-Intersection,Dark - Not Lighted,Clear,1:00am-1:59am,0,1:00am-1:59am,11,2:00am-2:59am,4,1,Dark - Unlighted,Clear,1,7,['Driver'],['None_Used'],1,1,Valid,2.0,1.0,57.0,24.0,"['Male', 'Male', 'Male', 'Female', 'Male', 'Female']",0,0,5,4,5,Dry,Straight,Level,Lowest,No
20026,29,Missouri,290229,0,2,2,0,6,HAZELWOOD,April,20,Thursday,18,50,Urban,High Speed (Arterial),Yes,38.77566667,-90.33830556,Non-Intersection,Daylight,Rain,7:00pm-7:59pm,8,7:00pm-7:59pm,16,7:00pm-7:59pm,28,1,Daylight,Rain/Wind/Minor,1,5,['Rear_Seat'],['None_Used'],0,0,Valid,4.0,0.0,61.0,38.0,"['Male', 'Female']",5,0,3,4,5,Wet/Standing Water,Curve,Grade/Hillcrest,Lowest,Yes
20027,29,Missouri,290230,0,1,1,0,1,ST. LOUIS,April,18,Tuesday,20,20,Urban,High Speed (Arterial),No,38.64346389,-90.27142778,Non-Intersection,Dark - Lighted,Clear,8:00pm-8:59pm,23,8:00pm-8:59pm,32,8:00pm-8:59pm,44,1,Dark - Lighted,Clear,1,0,['Driver'],['Shoulder_Lapbelt'],0,0,Invalid,0.0,0.0,25.0,25.0,['Male'],0,0,3,0,1,Dry,Straight,Level,Lowest,No
20028,29,Missouri,290231,1,1,1,0,1,ST. LOUIS,April,19,Wednesday,21,0,Urban,High Speed (Arterial),No,38.64518056,-90.19723333,Non-Intersection,Dark - Lighted,Clear,9:00pm-9:59pm,0,9:00pm-9:59pm,6,9:00pm-9:59pm,32,1,Dark - Lighted,Clear,0,1,[],[],0,0,Valid,1.0,0.0,20.0,20.0,['Male'],0,0,2,0,4,Dry,Straight,Level,Lowest,No
20029,29,Missouri,290232,0,1,1,0,1,ST. LOUIS,April,9,Sunday,1,58,Urban,Medium Speed (Collector),No,38.65595278,-90.19199444,Non-Intersection,Dark - Lighted,Clear,Unknown,Unknown if Notified,Unknown EMS Scene Arrival Hour,Unknown if Arrived,Not Applicable (Not Transported),Not Applicable (Not Transported),1,Dark - Lighted,Clear,1,0,['Driver'],['Shoulder_Lapbelt'],0,0,Valid,0.0,0.0,23.0,23.0,['Male'],1,0,1,4,3,Dry,Straight,Level,Lowest,No