,State_Code,State_Name,Crash_ID,Count_Non_Motorists,Count_Vehicles_Total,Count_Vehicle_Forms,Count_PVH_Involved,Count_Occupants_MV,City_Name,Month_Name,Day_of_Month,Day_of_Week,Crash_Hour,Crash_Minute,Area_Rural_Urban,Road_Functional_Class,On_NHS_Road,Latitude,Longitude,Intersection_Type,Light_Condition,Weather_Condition,Notif_Hour,Notif_Minute,Arrival_Hour,Arrival_Minute,Hospital_Hour,Hospital_Minute,Fatalities_Count,Clean_Light_Condition,Clean_Weather_Condition,Total_Killed,Total_Alive,Fatal_Seats_List,Killed_Restraint_List,Any_Driver_Drinking,Total_Drinking_Drivers,Driver_License_Category,Driver_Max_Prev_Accident_Count,Driver_Max_Prev_Speeding_Count,Max_Driver_Age,Min_Driver_Age,Driver_Sex_List,Total_Exceeding_Limit_Vehicles,Total_Too_Fast_Vehicles,Max_Vehicle_Type_Severity_5,Max_Vehicle_Damage_Rank,Max_Harmful_Event_Severity,Crash_Road_Surface_Condition,Crash_Horizontal_Alignment,Crash_Vertical_Profile,Crash_Impairment_Category,Crash_Vehicle_Defect
20030,29,Missouri,290233,0,1,1,0,5,NOT APPLICABLE,April,21,Friday,18,33,Rural,Medium Speed (Collector),No,39.62047222,-91.38769444,Non-Intersection,Daylight,Clear,6:00pm-6:59pm,35,6:00pm-6:59pm,48,7:00pm-7:59pm,41,1,Daylight,Clear,1,4,['Rear_Seat'],['None_Used'],0,0,Valid,0.0,0.0,15.0,15.0,['Female'],5,0,3,4,3,Dry,Curve,Level,Lowest,Yes
20031,29,Missouri,290234,0,2,2,0,2,KANSAS CITY,April,28,Friday,11,29,Urban,Medium Speed (Collector),No,39.09411667,-94.51937222,Complex/Circle,Daylight,Cloudy,11:00am-11:59am,27,11:00am-11:59am,36,12:00pm-12:59pm,2,1,Daylight,Reduced Visibility,1,0,['Driver'],['Shoulder_Lapbelt'],0,0,Invalid,0.0,0.0,998.0,97.0,"['Other', 'Female']",1,0,3,4,5,Dry,Straight,Level,Lowest,No
20032,29,Missouri,290235,1,1,1,0,2,SPRINGFIELD,April,29,Saturday,21,50,Urban,Medium Speed (Collector),No,37.17644167,-93.27156111,Non-Intersection,Dark - Lighted,Clear,Unknown,Unknown if Notified,Unknown EMS Scene Arrival Hour,Unknown if Arrived,Not Applicable (Not Transported),Not Applicable (Not Transported),1,Dark - Lighted,Clear,0,2,[],[],0,0,Valid,0.0,0.0,76.0,76.0,['Male'],0,0,2,1,4,Dry,Straight,Level,Medium,No
20033,29,Missouri,290236,0,3,3,0,6,LIBERTY,May,3,Wednesday,18,30,Urban,High Speed (Arterial),Yes,39.24074722,-94.43980833,Non-Intersection,Daylight,Clear,Unknown,Unknown if Notified,Unknown EMS Scene Arrival Hour,Unknown if Arrived,Not Applicable (Not Transported),Not Applicable (Not Transported),1,Daylight,Clear,1,5,['Driver'],['None_Used'],0,0,Valid,0.0,1.0,53.0,20.0,"['Male', 'Female', 'Male']",0,0,3,4,5,Dry,Curve,Grade/Hillcrest,Lowest,No
20034,29,Missouri,290237,0,4,4,0,4,NOT APPLICABLE,May,3,Wednesday,17,15,Urban,High Speed (Arterial),Yes,38.51008333,-90.36069444,Non-Intersection,Daylight,Clear,5:00pm-5:59pm,25,5:00pm-5:59pm,32,6:00pm-6:59pm,0,1,Daylight,Clear,1,3,['Driver'],['None_Used'],0,0,Valid,0.0,0.0,61.0,29.0,"['Female', 'Male', 'Female', 'Male']",1,0,3,4,5,Dry,Straight,Grade/Hillcrest,Lowest,No
20035,29,Missouri,290238,0,2,2,0,4,NOT APPLICABLE,May,4,Thursday,20,9,Rural,Medium Speed (Collector),No,38.6275,-94.43294444,Non-Intersection,Daylight,Cloudy,8:00pm-8:59pm,11,8:00pm-8:59pm,20,9:00pm-9:59pm,25,1,Daylight,Reduced Visibility,1,3,['Driver'],['Shoulder_Lapbelt'],0,0,Valid,1.0,0.0,66.0,16.0,"['Male', 'Female']",3,0,3,4,5,Wet/Standing Water,Curve,Level,Lowest,No
20036,29,Missouri,290239,0,1,1,0,4,NOT APPLICABLE,April,21,Friday,1,0,Rural,Medium Speed (Collector),No,36.62302778,-93.15880556,Non-Intersection,Dark - Not Lighted,Clear,Unknown,Unknown if Notified,Unknown EMS Scene Arrival Hour,Unknown if Arrived,Not Applicable (Not Transported),Not Applicable (Not Transported),1,Dark - Unlighted,Clear,1,3,['Driver'],['None_Used'],1,1,Valid,0.0,0.0,16.0,16.0,['Female'],0,0,3,4,3,Dry,Straight,Grade/Hillcrest,Lowest,No
20037,29,Missouri,290240,0,2,2,0,2,NOT APPLICABLE,May,4,Thursday,15,20,Rural,Medium Speed (Collector),No,36.67144444,-89.55308333,Simple Junction,Daylight,Clear,3:00pm-3:59pm,22,3:00pm-3:59pm,31,Not Applicable (Not Transported),Not Applicable (Not Transported),1,Daylight,Clear,1,1,['Driver'],['Shoulder_Lapbelt'],0,0,Valid,1.0,0.0,59.0,58.0,"['Female', 'Male']",0,0,4,4,5,Dry,Straight,Level,Lowest,No
20038,29,Missouri,290241,0,2,2,0,3,SPRINGFIELD,May,5,Friday,21,2,Urban,High Speed (Arterial),Yes,37.15975278,-93.284975,Non-Intersection,Dark - Lighted,"Fog, Smog, Smoke",9:00pm-9:59pm,4,9:00pm-9:59pm,8,9:00pm-9:59pm,18,1,Dark - Lighted,Reduced Visibility,1,2,['Driver'],['None_Used'],0,0,Valid,0.0,0.0,28.0,23.0,"['Female', 'Male']",1,0,5,4,5,Wet/Standing Water,Straight,Level,Lowest,No
20039,29,Missouri,290242,0,5,2,3,3,NOT APPLICABLE,May,6,Saturday,13,11,Urban,High Speed (Arterial),Yes,38.73672222,-93.22627778,Complex/Circle,Daylight,Clear,1:00pm-1:59pm,15,1:00pm-1:59pm,15,Unknown,Unknown EMS Hospital Arrival Time,1,Daylight,Clear,1,2,['Driver'],['Shoulder_Lapbelt'],0,0,Valid,1.0,0.0,60.0,19.0,"['Female', 'Female']",2,0,3,4,5,Dry,Straight,Grade/Hillcrest,Medium,No
20040,29,Missouri,290243,2,1,1,0,1,BERKELEY,May,6,Saturday,0,20,Urban,High Speed (Arterial),Yes,38.72394444,-90.33155556,Non-Intersection,Dark - Not Lighted,Clear,0:00am-0:59am,26,0:00am-0:59am,34,1:00am-1:59am,4,2,Dark - Unlighted,Clear,0,1,[],[],0,0,Valid,0.0,0.0,22.0,22.0,['Male'],0,0,3,4,4,Dry,Straight,Level,Lowest,No
20041,29,Missouri,290244,0,1,1,0,1,NOT APPLICABLE,May,7,Sunday,1,40,Urban,Medium Speed (Collector),No,37.70360833,-89.86648611,Non-Intersection,Dark - Not Lighted,Clear,1:00am-1:59am,53,1:00am-1:59am,56,Not Applicable (Not Transported),Not Applicable (Not Transported),1,Dark - Unlighted,Clear,1,0,['Driver'],['None_Used'],0,0,Valid,0.0,0.0,30.0,30.0,['Male'],0,0,3,4,3,Dry,Curve,Grade/Hillcrest,Lowest,No
20042,29,Missouri,290245,0,1,1,0,2,NOT APPLICABLE,May,7,Sunday,8,20,Rural,High Speed (Arterial),Yes,38.9915,-93.61136111,Non-Intersection,Daylight,Clear,8:00am-8:59am,33,8:00am-8:59am,42,9:00am-9:59am,28,1,Daylight,Clear,1,1,['Front_Passenger'],['Lapbelt_Only'],0,0,Invalid,0.0,0.0,28.0,28.0,['Female'],0,0,3,4,3,Dry,Straight,Grade/Hillcrest,Lowest,No
20043,29,Missouri,290246,0,2,2,0,3,JACKSON,May,9,Tuesday,16,52,Urban,High Speed (Arterial),Yes,37.36385278,-89.63264722,Non-Intersection,Daylight,Clear,4:00pm-4:59pm,58,5:00pm-5:59pm,8,5:00pm-5:59pm,26,1,Daylight,Clear,1,2,['Driver'],['Shoulder_Lapbelt'],0,0,Valid,1.0,0.0,60.0,27.0,"['Female', 'Female']",0,0,2,4,5,Dry,Straight,Grade/Hillcrest,Lowest,No
20044,29,Missouri,290247,0,1,1,0,1,NOT APPLICABLE,May,10,Wednesday,5,30,Rural,Medium Speed (Collector),No,37.53983333,-90.86027778,Non-Intersection,Dark - Lighted,Clear,Unknown,Unknown if Notified,Unknown EMS Scene Arrival Hour,Unknown if Arrived,Not Applicable (Not Transported),Not Applicable (Not Transported),1,Dark - Lighted,Clear,1,0,['Driver'],['None_Used'],1,1,Valid,1.0,0.0,30.0,30.0,['Male'],0,0,3,4,3,Dry,Straight,Grade/Hillcrest,Lowest,No
20045,29,Missouri,290248,0,2,2,0,3,NOT APPLICABLE,May,10,Wednesday,16,45,Rural,Low Speed (Local),No,36.97727778,-94.47119444,Non-Intersection,Daylight,Cloudy,4:00pm-4:59pm,47,4:00pm-4:59pm,56,5:00pm-5:59pm,22,1,Daylight,Reduced Visibility,1,2,['Driver'],['None_Used'],0,0,Valid,0.0,0.0,53.0,51.0,"['Male', 'Male']",0,0,5,4,5,Dry,Straight,Level,Lowest,No
20046,29,Missouri,290249,0,2,2,0,2,BRIDGETON,April,19,Wednesday,1,38,Urban,High Speed (Arterial),Yes,38.76166667,-90.42517222,Non-Intersection,Dark - Lighted,Clear,1:00am-1:59am,45,1:00am-1:59am,52,2:00am-2:59am,7,1,Dark - Lighted,Clear,1,1,['Driver'],['None_Used'],1,1,Invalid,0.0,0.0,75.0,41.0,"['Male', 'Male']",1,0,3,4,5,Dry,Straight,Level,Lowest,No
20047,29,Missouri,290250,0,2,2,0,3,NOT APPLICABLE,May,2,Tuesday,9,55,Rural,Medium Speed (Collector),No,37.69972222,-90.30227778,Complex/Circle,Daylight,Clear,Unknown,Unknown,Unknown EMS Scene Arrival Hour,Unknown EMS Scene Arrival Minutes,Unknown,Unknown EMS Hospital Arrival Time,1,Daylight,Clear,1,2,['Driver'],['Shoulder_Lapbelt'],0,0,Valid,0.0,0.0,86.0,63.0,"['Male', 'Male']",0,0,3,4,5,Dry,Straight,Level,Lowest,No
20048,29,Missouri,290251,0,2,2,0,2,NOT APPLICABLE,May,5,Friday,17,42,Rural,High Speed (Arterial),Yes,38.10172222,-91.35361111,Non-Intersection,Daylight,Clear,Unknown,Unknown if Notified,Unknown EMS Scene Arrival Hour,Unknown if Arrived,Not Applicable (Not Transported),Not Applicable (Not Transported),1,Daylight,Clear,1,1,['Driver'],['None_Used'],1,1,Valid,1.0,0.0,66.0,48.0,"['Male', 'Male']",1,0,3,4,5,Dry,Straight,Grade/Hillcrest,Lowest,No
20049,29,Missouri,290252,0,2,2,0,2,JOPLIN,May,10,Wednesday,12,41,Urban,Medium Speed (Collector),No,37.08866389,-94.54880833,Complex/Circle,Daylight,Cloudy,12:00pm-12:59pm,44,12:00pm-12:59pm,48,1:00pm-1:59pm,12,1,Daylight,Reduced Visibility,1,1,['Driver'],['None_Used'],0,0,Valid,1.0,0.0,52.0,25.0,"['Male', 'Male']",0,0,5,4,5,Dry,Straight,Level,Lowest,No
20050,29,Missouri,290253,0,2,2,0,2,MONTGOMERY CITY,May,11,Thursday,15,54,Rural,Medium Speed (Collector),No,38.96680556,-91.49580556,Complex/Circle,Daylight,Cloudy,Unknown,Unknown if Notified,Unknown EMS Scene Arrival Hour,Unknown if Arrived,Not Applicable (Not Transported),Not Applicable (Not Transported),1,Daylight,Reduced Visibility,1,1,['Driver'],['None_Used'],0,0,Valid,1.0,0.0,29.0,16.0,"['Male', 'Male']",1,0,5,4,5,Dry,Curve,Level,Lowest,No
20051,29,Missouri,290254,1,1,1,0,1,NOT APPLICABLE,May,11,Thursday,3,32,Rural,High Speed (Arterial),Yes,37.90916667,-93.49955556,Non-Intersection,Dark - Not Lighted,Rain,3:00am-3:59am,15,3:00am-3:59am,45,Not Applicable (Not Transported),Not Applicable (Not Transported),1,Dark - Unlighted,Rain/Wind/Minor,0,1,[],[],0,0,Valid,0.0,0.0,52.0,52.0,['Female'],0,0,2,2,4,Wet/Standing Water,Curve,Grade/Hillcrest,Lowest,No
20052,29,Missouri,290255,0,2,2,0,2,NOT APPLICABLE,May,11,Thursday,12,4,Rural,High Speed (Arterial),Yes,36.84416667,-90.56980556,Complex/Circle,Daylight,Cloudy,12:00pm-12:59pm,3,12:00pm-12:59pm,24,12:00pm-12:59pm,42,1,Daylight,Reduced Visibility,1,1,['Driver'],['Shoulder_Lapbelt'],0,0,Valid,1.0,0.0,80.0,57.0,"['Male', 'Female']",0,0,4,4,5,Dry,Straight,Level,Lowest,No
20053,29,Missouri,290256,0,2,2,0,2,BRIDGETON,May,11,Thursday,7,55,Urban,High Speed (Arterial),Yes,38.78555556,-90.45927778,Non-Intersection,Daylight,Cloudy,8:00am-8:59am,2,8:00am-8:59am,12,Not Applicable (Not Transported),Not Applicable (Not Transported),1,Daylight,Reduced Visibility,1,1,['Driver'],['None_Used'],0,0,Valid,3.0,1.0,45.0,33.0,"['Male', 'Male']",0,0,4,4,5,Dry,Curve,Level,Medium,No
20054,29,Missouri,290257,0,10,10,0,11,NOT APPLICABLE,May,12,Friday,16,45,Rural,High Speed (Arterial),Yes,37.08169444,-93.86891667,Non-Intersection,Daylight,Clear,4:00pm-4:59pm,46,5:00pm-5:59pm,1,6:00pm-6:59pm,7,1,Daylight,Clear,1,10,['Driver'],['Shoulder_Lapbelt'],0,0,Valid,1.0,1.0,65.0,18.0,"['Male', 'Male', 'Male', 'Female', 'Male', 'Male', 'Male', 'Male', 'Male', 'Male']",0,0,4,4,5,Dry,Straight,Level,Lowest,No
20055,29,Missouri,290258,0,1,1,0,1,BLUE SPRINGS,May,12,Friday,20,5,Urban,Medium Speed (Collector),No,39.03375556,-94.30526111,Complex/Circle,Dark - Lighted,Clear,8:00pm-8:59pm,10,8:00pm-8:59pm,13,Not Applicable (Not Transported),Not Applicable (Not Transported),1,Dark - Lighted,Clear,1,0,['Driver'],['None_Used'],0,0,Valid,0.0,0.0,35.0,35.0,['Female'],1,0,2,4,3,Dry,Curve,Level,Lowest,No
20056,29,Missouri,290259,0,1,1,0,2,NOT APPLICABLE,May,17,Wednesday,17,40,Rural,Low Speed (Local),No,39.25755556,-91.01619444,Non-Intersection,Daylight,Clear,Unknown,Unknown,Unknown EMS Scene Arrival Hour,Unknown EMS Scene Arrival Minutes,Unknown,Unknown EMS Hospital Arrival Time,1,Daylight,Clear,1,1,['Driver'],['None_Used'],0,0,Invalid,0.0,0.0,15.0,15.0,['Female'],2,0,5,4,3,Dry,Curve,Grade/Hillcrest,Lowest,No
20057,29,Missouri,290260,0,2,2,0,5,CAPE GIRARDEAU,May,18,Thursday,19,49,Urban,High Speed (Arterial),Yes,37.31096111,-89.55213333,Non-Intersection,Daylight,Cloudy,Unknown,Unknown,Unknown EMS Scene Arrival Hour,Unknown EMS Scene Arrival Minutes,Unknown,Unknown EMS Hospital Arrival Time,1,Daylight,Reduced Visibility,1,4,['Driver'],['Shoulder_Lapbelt'],0,0,Valid,0.0,0.0,86.0,43.0,"['Female', 'Female']",0,0,3,4,5,Dry,Straight,Level,Lowest,No
20058,29,Missouri,290261,0,2,2,0,2,NOT APPLICABLE,May,19,Friday,8,15,Rural,Medium Speed (Collector),No,37.19172222,-93.98108333,Non-Intersection,Daylight,Cloudy,Unknown,Unknown,Unknown EMS Scene Arrival Hour,Unknown EMS Scene Arrival Minutes,Not Applicable (Not Transported),Not Applicable (Not Transported),1,Daylight,Reduced Visibility,1,1,['Driver'],['None_Used'],0,0,Valid,0.0,0.0,55.0,40.0,"['Male', 'Male']",0,0,4,4,5,Dry,Straight,Grade/Hillcrest,Lowest,No
20059,29,Missouri,290262,0,1,1,0,1,ASBURY,May,20,Saturday,20,25,Rural,Low Speed (Local),No,37.27452778,-94.60794444,Non-Intersection,Daylight,Clear,Unknown,Unknown if Notified,Unknown EMS Scene Arrival Hour,Unknown if Arrived,Not Applicable (Not Transported),Not Applicable (Not Transported),1,Daylight,Clear,1,0,['Driver'],['None_Used'],0,0,Valid,2.0,0.0,37.0,37.0,['Male'],1,0,1,4,3,Dry,Straight,Level,Lowest,No
20060,29,Missouri,290263,0,2,2,0,3,NOT APPLICABLE,May,20,Saturday,19,59,Rural,Medium Speed (Collector),No,37.45916667,-93.34944444,Complex/Circle,Daylight,Clear,8:00pm-8:59pm,0,8:00pm-8:59pm,15,Not Applicable (Not Transported),Not Applicable (Not Transported),1,Daylight,Clear,1,2,['Driver'],['None_Used'],0,0,Valid,2.0,1.0,29.0,28.0,"['Male', 'Male']",1,0,5,4,5,Dry,Straight,Grade/Hillcrest,Lowest,No
20061,29,Missouri,290264,0,1,1,0,1,NOT APPLICABLE,May,20,Saturday,16,45,Rural,Low Speed (Local),No,40.04947222,-93.64375,Non-Intersection,Daylight,Clear,4:00pm-4:59pm,54,5:00pm-5:59pm,5,5:00pm-5:59pm,29,1,Daylight,Clear,1,0,['Driver'],['None_Used'],0,0,Invalid,0.0,0.0,12.0,12.0,['Male'],1,0,5,1,1,Dry,Curve,Grade/Hillcrest,Lowest,No
20062,29,Missouri,290265,0,1,1,0,1,NOT APPLICABLE,May,21,Sunday,14,44,Rural,High Speed (Arterial),Yes,39.48036111,-92.16269444,Non-Intersection,Daylight,Clear,Unknown,Unknown if Notified,Unknown EMS Scene Arrival Hour,Unknown if Arrived,Not Applicable (Not Transported),Not Applicable (Not Transported),1,Daylight,Clear,1,0,['Driver'],['Shoulder_Lapbelt'],0,0,Valid,0.0,0.0,65.0,65.0,['Male'],0,0,1,4,4,Dry,Straight,Level,Lowest,No
20063,29,Missouri,290266,0,1,1,0,2,WEST PLAINS,May,20,Saturday,16,39,Urban,Medium Speed (Collector),No,36.74997222,-91.84375,Non-Intersection,Daylight,Clear,4:00pm-4:59pm,41,4:00pm-4:59pm,53,5:00pm-5:59pm,17,1,Daylight,Clear,1,1,['Front_Passenger'],['Shoulder_Lapbelt'],1,1,Invalid,1.0,1.0,20.0,20.0,['Male'],2,0,3,4,3,Dry,Curve,Grade/Hillcrest,Lowest,No
20064,29,Missouri,290267,0,1,1,0,1,NOT APPLICABLE,May,21,Sunday,1,20,Rural,Medium Speed (Collector),No,37.70516667,-90.5655,Non-Intersection,Dark - Not Lighted,Clear,1:00am-1:59am,27,1:00am-1:59am,43,Not Applicable (Not Transported),Not Applicable (Not Transported),1,Dark - Unlighted,Clear,1,0,['Driver'],['None_Used'],1,1,Valid,0.0,0.0,34.0,34.0,['Male'],0,0,5,4,3,Dry,Curve,Grade/Hillcrest,Lowest,No
20065,29,Missouri,290268,0,1,1,0,1,NOT APPLICABLE,May,21,Sunday,18,55,Rural,Medium Speed (Collector),No,39.08980556,-91.26141667,Non-Intersection,Daylight,Cloudy,Unknown,Unknown if Notified,Unknown EMS Scene Arrival Hour,Unknown if Arrived,Not Applicable (Not Transported),Not Applicable (Not Transported),1,Daylight,Reduced Visibility,1,0,['Driver'],['None_Used'],0,0,Valid,0.0,0.0,43.0,43.0,['Male'],0,0,3,4,3,Dry,Straight,Grade/Hillcrest,Lowest,No
20066,29,Missouri,290269,0,1,1,0,1,ST. JOSEPH,March,18,Saturday,6,43,Urban,High Speed (Arterial),Yes,39.77029167,-94.80338333,Non-Intersection,Dark - Lighted,Clear,6:00am-6:59am,46,6:00am-6:59am,49,7:00am-7:59am,8,1,Dark - Lighted,Clear,1,0,['Driver'],['Shoulder_Lapbelt'],0,0,Valid,0.0,0.0,84.0,84.0,['Male'],0,0,2,4,3,Dry,Straight,Level,Lowest,No
20067,29,Missouri,290270,0,2,2,0,4,NOT APPLICABLE,April,25,Tuesday,16,0,Rural,High Speed (Arterial),Yes,39.11986111,-92.33027778,Complex/Circle,Daylight,Clear,4:00pm-4:59pm,11,4:00pm-4:59pm,21,4:00pm-4:59pm,44,1,Daylight,Clear,1,3,['Driver'],['Shoulder_Lapbelt'],0,0,Valid,0.0,0.0,79.0,70.0,"['Female', 'Female']",0,0,3,4,5,Dry,Straight,Level,Lowest,No
20068,29,Missouri,290271,0,2,2,0,2,ST. ROBERT,May,10,Wednesday,8,15,Urban,Medium Speed (Collector),No,37.82069444,-92.14880556,Complex/Circle,Daylight,Clear,8:00am-8:59am,19,8:00am-8:59am,26,9:00am-9:59am,1,1,Daylight,Clear,1,1,['Driver'],['Shoulder_Lapbelt'],0,0,Valid,0.0,0.0,79.0,44.0,"['Female', 'Male']",0,0,2,4,5,Dry,Curve,Level,Lowest,No
20069,29,Missouri,290272,0,1,1,0,4,NOT APPLICABLE,May,14,Sunday,5,21,Urban,Low Speed (Local),No,37.36025,-89.56294444,Non-Intersection,Dark - Not Lighted,Cloudy,5:00am-5:59am,42,5:00am-5:59am,55,6:00am-6:59am,23,2,Dark - Unlighted,Reduced Visibility,2,2,"['Driver', 'Rear_Seat']","['None_Used', 'None_Used']",1,1,Valid,2.0,0.0,20.0,20.0,['Male'],4,0,3,4,3,Wet/Standing Water,Straight,Level,Lowest,No
20070,29,Missouri,290273,0,1,1,0,1,NOT APPLICABLE,May,14,Sunday,1,17,Rural,Medium Speed (Collector),No,37.20988889,-90.53216667,Non-Intersection,Dark - Not Lighted,Cloudy,1:00am-1:59am,25,1:00am-1:59am,38,Not Applicable (Not Transported),Not Applicable (Not Transported),1,Dark - Unlighted,Reduced Visibility,1,0,['Driver'],['None_Used'],1,1,Valid,0.0,1.0,29.0,29.0,['Male'],1,0,3,4,3,Dry,Curve,Grade/Hillcrest,Lowest,No
20071,29,Missouri,290274,0,2,2,0,6,BOLIVAR,May,14,Sunday,12,23,Rural,High Speed (Arterial),Yes,37.53806389,-93.37931667,Complex/Circle,Daylight,Cloudy,12:00pm-12:59pm,24,12:00pm-12:59pm,36,Unknown,Unknown EMS Hospital Arrival Time,1,Daylight,Reduced Visibility,1,5,['Driver'],['Shoulder_Lapbelt'],0,0,Valid,3.0,1.0,27.0,23.0,"['Male', 'Male']",0,0,3,4,5,Dry,Straight,Grade/Hillcrest,Lowest,No
20072,29,Missouri,290275,0,1,1,0,1,KANSAS CITY,May,14,Sunday,0,49,Urban,Medium Speed (Collector),No,39.09226667,-94.37363333,Non-Intersection,Dark - Lighted,Cloudy,0:00am-0:59am,51,0:00am-0:59am,54,1:00am-1:59am,7,1,Dark - Lighted,Reduced Visibility,1,0,['Driver'],['None_Used'],1,1,Valid,0.0,1.0,25.0,25.0,['Male'],1,0,3,4,3,Dry,Straight,Level,Lowest,No
20073,29,Missouri,290276,0,2,2,0,4,NOT APPLICABLE,May,15,Monday,18,6,Rural,High Speed (Arterial),Yes,36.72425,-89.53811111,Non-Intersection,Daylight,Cloudy,6:00pm-6:59pm,16,6:00pm-6:59pm,38,7:00pm-7:59pm,29,1,Daylight,Reduced Visibility,1,3,['Driver'],['Shoulder_Lapbelt'],0,0,Valid,0.0,0.0,36.0,27.0,"['Female', 'Male']",0,0,4,4,5,Wet/Standing Water,Straight,Level,Lowest,No
20074,29,Missouri,290277,0,2,2,0,2,CRYSTAL CITY,May,15,Monday,11,0,Urban,Medium Speed (Collector),No,38.19526667,-90.39548611,Non-Intersection,Daylight,Clear,11:00am-11:59am,4,11:00am-11:59am,7,11:00am-11:59am,48,1,Daylight,Clear,1,1,['Driver'],['Shoulder_Lapbelt'],0,0,Valid,2.0,0.0,92.0,45.0,"['Male', 'Male']",0,0,4,4,5,Dry,Straight,Non-Trafficway,Lowest,No
20075,29,Missouri,290278,0,2,2,0,2,NOT APPLICABLE,May,17,Wednesday,11,8,Rural,High Speed (Arterial),Yes,36.23513889,-89.96138889,Complex/Circle,Daylight,Clear,11:00am-11:59am,14,11:00am-11:59am,21,12:00pm-12:59pm,6,1,Daylight,Clear,1,1,['Driver'],['None_Used'],0,0,Valid,1.0,0.0,57.0,50.0,"['Male', 'Male']",0,0,4,4,5,Dry,Straight,Level,Lowest,No
20076,29,Missouri,290279,0,1,1,0,2,KANSAS CITY,April,15,Saturday,2,25,Urban,High Speed (Arterial),Yes,39.18336111,-94.52166667,Non-Intersection,Dark - Not Lighted,Rain,2:00am-2:59am,29,2:00am-2:59am,36,2:00am-2:59am,57,1,Dark - Unlighted,Rain/Wind/Minor,1,1,['Front_Passenger'],['None_Used'],0,0,Valid,1.0,0.0,75.0,75.0,['Male'],2,0,3,4,3,Wet/Standing Water,Straight,Level,Lowest,No
20077,29,Missouri,290280,0,3,3,0,8,ST. LOUIS,May,8,Monday,15,21,Urban,High Speed (Arterial),Yes,38.66847778,-90.28608889,Complex/Circle,Daylight,Clear,3:00pm-3:59pm,19,3:00pm-3:59pm,25,4:00pm-4:59pm,13,1,Daylight,Clear,1,7,['Driver'],['None_Used'],1,1,Invalid,1.0,1.0,49.0,29.0,"['Male', 'Male', 'Male']",0,0,3,4,5,Dry,Straight,Grade/Hillcrest,Lowest,No
20078,29,Missouri,290281,0,2,2,0,3,RAYTOWN,May,11,Thursday,8,0,Urban,Medium Speed (Collector),No,38.99325,-94.48186111,Non-Intersection,Daylight,Rain,Unknown,Unknown if Notified,Unknown EMS Scene Arrival Hour,Unknown if Arrived,Not Applicable (Not Transported),Not Applicable (Not Transported),2,Daylight,Rain/Wind/Minor,2,1,"['Driver', 'Front_Passenger']","['Shoulder_Lapbelt', 'Shoulder_Lapbelt']",0,0,Valid,0.0,1.0,35.0,21.0,"['Male', 'Female']",2,0,2,4,5,Wet/Standing Water,Straight,Level,Lowest,No
20079,29,Missouri,290282,1,1,1,0,1,NOT APPLICABLE,May,19,Friday,22,5,Rural,Medium Speed (Collector),No,38.44858333,-93.18591667,Non-Intersection,Dark - Not Lighted,Clear,Unknown,Unknown,Unknown EMS Scene Arrival Hour,Unknown EMS Scene Arrival Minutes,Not Applicable (Not Transported),Not Applicable (Not Transported),1,Dark - Unlighted,Clear,0,1,[],[],1,1,Valid,0.0,0.0,62.0,62.0,['Male'],0,0,3,1,4,Dry,Straight,Level,Lowest,No
20080,29,Missouri,290283,0,1,1,0,3,NOT APPLICABLE,May,19,Friday,11,50,Rural,Medium Speed (Collector),No,37.11927778,-89.52552778,Non-Intersection,Daylight,Cloudy,11:00am-11:59am,55,12:00pm-12:59pm,15,12:00pm-12:59pm,35,1,Daylight,Reduced Visibility,1,2,['Driver'],['None_Used'],0,0,Valid,0.0,0.0,57.0,57.0,['Female'],0,0,3,4,3,Wet/Standing Water,Straight,Grade/Hillcrest,Lowest,No
20081,29,Missouri,290284,0,2,2,0,2,NOT APPLICABLE,May,22,Monday,23,35,Rural,High Speed (Arterial),Yes,39.74375,-91.46305556,Non-Intersection,Dark - Not Lighted,Clear,11:00pm-11:59pm,45,0:00am-0:59am,6,0:00am-0:59am,57,1,Dark - Unlighted,Clear,1,1,['Driver'],['Shoulder_Lapbelt'],0,0,Valid,1.0,0.0,51.0,17.0,"['Female', 'Male']",0,0,2,4,5,Dry,Straight,Grade/Hillcrest,Lowest,No
20082,29,Missouri,290285,0,2,2,0,3,NOT APPLICABLE,May,22,Monday,21,5,Urban,High Speed (Arterial),Yes,38.77585833,-90.27308889,Non-Intersection,Dark - Not Lighted,Clear,9:00pm-9:59pm,7,9:00pm-9:59pm,12,9:00pm-9:59pm,33,3,Dark - Unlighted,Clear,3,0,"['Driver', 'Driver', 'Front_Passenger']","['None_Used', 'None_Used', 'None_Used']",1,1,Valid,1.0,0.0,57.0,56.0,"['Female', 'Female']",0,0,3,4,5,Dry,Straight,Level,Lowest,No
20083,29,Missouri,290286,0,1,1,0,2,ST. LOUIS,May,22,Monday,1,53,Urban,High Speed (Arterial),Yes,38.61027778,-90.21031111,Non-Intersection,Dark - Lighted,Clear,1:00am-1:59am,55,2:00am-2:59am,8,Unknown,Unknown EMS Hospital Arrival Time,1,Dark - Lighted,Clear,1,1,['Front_Passenger'],['None_Used'],0,0,Invalid,0.0,0.0,24.0,24.0,['Male'],2,0,2,4,3,Dry,Curve,Level,Lowest,No
20084,29,Missouri,290287,0,2,2,0,3,KANSAS CITY,May,22,Monday,1,58,Urban,Medium Speed (Collector),No,39.09440278,-94.54243333,Complex/Circle,Dark - Lighted,Clear,Unknown,Unknown if Notified,Unknown EMS Scene Arrival Hour,Unknown if Arrived,Not Applicable (Not Transported),Not Applicable (Not Transported),1,Dark - Lighted,Clear,1,1,['Driver'],['None_Used'],1,1,Invalid,0.0,0.0,999.0,20.0,"['Other', 'Male']",2,0,5,4,5,Dry,Straight,Level,Lowest,No