,State_Code,State_Name,Crash_ID,Count_Non_Motorists,Count_Vehicles_Total,Count_Vehicle_Forms,Count_PVH_Involved,Count_Occupants_MV,City_Name,Month_Name,Day_of_Month,Day_of_Week,Crash_Hour,Crash_Minute,Area_Rural_Urban,Road_Functional_Class,On_NHS_Road,Latitude,Longitude,Intersection_Type,Light_Condition,Weather_Condition,Notif_Hour,Notif_Minute,Arrival_Hour,Arrival_Minute,Hospital_Hour,Hospital_Minute,Fatalities_Count,Clean_Light_Condition,Clean_Weather_Condition,Total_Killed,Total_Alive,Fatal_Seats_List,Killed_Restraint_List,Any_Driver_Drinking,Total_Drinking_Drivers,Driver_License_Category,Driver_Max_Prev_Accident_Count,Driver_Max_Prev_Speeding_Count,Max_Driver_Age,Min_Driver_Age,Driver_Sex_List,Total_Exceeding_Limit_Vehicles,Total_Too_Fast_Vehicles,Max_Vehicle_Type_Severity_5,Max_Vehicle_Damage_Rank,Max_Harmful_Event_Severity,Crash_Road_Surface_Condition,Crash_Horizontal_Alignment,Crash_Vertical_Profile,Crash_Impairment_Category,Crash_Vehicle_Defect
20085,29,Missouri,290288,1,1,1,0,1,NOT APPLICABLE,May,23,Tuesday,18,30,Rural,Medium Speed (Collector),No,39.48968889,-94.90068889,Non-Intersection,Daylight,Clear,Unknown,Unknown if Notified,Unknown EMS Scene Arrival Hour,Unknown if Arrived,Not Applicable (Not Transported),Not Applicable (Not Transported),1,Daylight,Clear,0,1,[],[],1,1,Valid,0.0,0.0,38.0,38.0,['Male'],1,0,2,4,4,Dry,Straight,Grade/Hillcrest,Lowest,No
20086,29,Missouri,290289,0,3,3,0,5,KANSAS CITY,May,23,Tuesday,18,11,Urban,Medium Speed (Collector),No,39.21728611,-94.61957778,Simple Junction,Daylight,Cloudy,6:00pm-6:59pm,11,6:00pm-6:59pm,14,7:00pm-7:59pm,1,1,Daylight,Reduced Visibility,1,4,['Front_Passenger'],['None_Used'],0,0,Valid,1.0,0.0,45.0,18.0,"['Male', 'Male', 'Male']",3,0,2,4,5,Dry,Curve,Grade/Hillcrest,Lowest,No
20087,29,Missouri,290290,0,1,1,0,2,NOT APPLICABLE,May,24,Wednesday,0,2,Rural,Low Speed (Local),No,37.29638889,-93.32496667,Non-Intersection,Dark - Lighted,Clear,0:00am-0:59am,7,0:00am-0:59am,15,0:00am-0:59am,40,1,Dark - Lighted,Clear,1,1,['Driver'],['None_Used'],1,1,Valid,0.0,2.0,53.0,53.0,['Male'],0,0,5,4,1,Dry,Straight,Level,Lowest,No
20088,29,Missouri,290291,0,2,2,0,2,NOT APPLICABLE,May,25,Thursday,17,25,Urban,Low Speed (Local),No,39.68802778,-91.35866667,Non-Intersection,Daylight,Clear,5:00pm-5:59pm,27,5:00pm-5:59pm,38,Not Applicable (Not Transported),Not Applicable (Not Transported),1,Daylight,Clear,1,1,['Driver'],['None_Used'],0,0,Valid,1.0,0.0,54.0,18.0,"['Male', 'Female']",0,0,5,4,5,Dry,Curve,Grade/Hillcrest,Lowest,No
20089,29,Missouri,290292,0,1,1,0,1,LEES SUMMIT,May,25,Thursday,15,4,Urban,High Speed (Arterial),Yes,38.98236111,-94.35594444,Non-Intersection,Daylight,Clear,3:00pm-3:59pm,5,3:00pm-3:59pm,12,3:00pm-3:59pm,23,1,Daylight,Clear,1,0,['Driver'],['Shoulder_Lapbelt'],0,0,Valid,0.0,0.0,57.0,57.0,['Male'],0,0,3,4,3,Dry,Curve,Grade/Hillcrest,Lowest,No
20090,29,Missouri,290293,0,2,2,0,6,CAPE GIRARDEAU,May,25,Thursday,15,20,Urban,Medium Speed (Collector),No,37.30999722,-89.53542222,Complex/Circle,Daylight,Clear,3:00pm-3:59pm,21,3:00pm-3:59pm,32,3:00pm-3:59pm,44,1,Daylight,Clear,1,5,['Driver'],['Shoulder_Lapbelt'],0,0,Valid,1.0,0.0,81.0,29.0,"['Female', 'Female']",0,0,3,4,5,Dry,Straight,Level,Lowest,No
20091,29,Missouri,290294,1,1,1,0,1,NOT APPLICABLE,May,26,Friday,20,30,Rural,Medium Speed (Collector),No,36.59558333,-90.82058333,Non-Intersection,Daylight,Clear,Unknown,Unknown if Notified,Unknown EMS Scene Arrival Hour,Unknown if Arrived,Not Applicable (Not Transported),Not Applicable (Not Transported),1,Daylight,Clear,0,1,[],[],1,1,Valid,0.0,0.0,18.0,18.0,['Female'],0,0,3,3,4,Dry,Straight,Grade/Hillcrest,Lowest,No
20092,29,Missouri,290295,0,2,2,0,3,CHILLICOTHE,May,26,Friday,8,30,Urban,Medium Speed (Collector),No,39.77541111,-93.53912778,Complex/Circle,Daylight,Clear,8:00am-8:59am,30,8:00am-8:59am,34,8:00am-8:59am,54,1,Daylight,Clear,1,2,['Rear_Seat'],['Shoulder_Lapbelt'],0,0,Valid,1.0,0.0,79.0,33.0,"['Female', 'Female']",0,0,3,4,5,Dry,Straight,Level,Lowest,No
20093,29,Missouri,290296,0,3,3,0,3,NOT APPLICABLE,May,26,Friday,21,30,Rural,Medium Speed (Collector),No,38.10545556,-90.55979722,Non-Intersection,Dark - Not Lighted,Clear,Unknown,Unknown,Unknown EMS Scene Arrival Hour,Unknown EMS Scene Arrival Minutes,Unknown,Unknown EMS Hospital Arrival Time,1,Dark - Unlighted,Clear,1,2,['Driver'],['None_Used'],1,1,Valid,1.0,0.0,57.0,20.0,"['Male', 'Male', 'Male']",1,0,3,4,5,Dry,Curve,Grade/Hillcrest,Lowest,No
20094,29,Missouri,290297,0,1,1,0,1,NOT APPLICABLE,May,27,Saturday,17,55,Urban,Medium Speed (Collector),No,38.41638889,-90.41586111,Non-Intersection,Daylight,Clear,6:00pm-6:59pm,2,6:00pm-6:59pm,7,6:00pm-6:59pm,38,1,Daylight,Clear,1,0,['Driver'],['None_Used'],0,0,Valid,2.0,0.0,46.0,46.0,['Male'],1,0,5,4,3,Dry,Straight,Level,Lowest,No
20095,29,Missouri,290298,0,1,1,0,4,VELDA VILLAGE,May,27,Saturday,14,25,Urban,High Speed (Arterial),Yes,38.69163889,-90.29586667,Non-Intersection,Daylight,Clear,2:00pm-2:59pm,30,2:00pm-2:59pm,34,2:00pm-2:59pm,52,1,Daylight,Clear,1,3,['Rear_Seat'],['Shoulder_Lapbelt'],0,0,Invalid,0.0,1.0,34.0,34.0,['Female'],0,0,2,4,3,Dry,Straight,Level,Lowest,No
20096,29,Missouri,290299,1,1,1,0,1,VALLEY PARK,March,15,Wednesday,21,17,Urban,High Speed (Arterial),Yes,38.54826667,-90.49422222,Non-Intersection,Dark - Lighted,Clear,9:00pm-9:59pm,33,9:00pm-9:59pm,33,9:00pm-9:59pm,58,1,Dark - Lighted,Clear,0,0,[],[],0,0,Invalid,0.0,0.0,999.0,999.0,['Other'],0,0,3,1,4,Dry,Straight,Grade/Hillcrest,Lowest,No
20097,29,Missouri,290300,0,2,2,0,6,FULTON,April,21,Friday,15,35,Urban,Medium Speed (Collector),No,38.84297222,-91.95444444,Non-Intersection,Daylight,Clear,3:00pm-3:59pm,32,3:00pm-3:59pm,44,4:00pm-4:59pm,40,2,Daylight,Clear,2,4,"['Driver', 'Front_Passenger']","['Shoulder_Lapbelt', 'Shoulder_Lapbelt']",0,0,Valid,1.0,0.0,72.0,19.0,"['Male', 'Male']",2,0,2,4,5,Dry,Curve,Grade/Hillcrest,Lowest,No
20098,29,Missouri,290301,0,1,1,0,1,NOT APPLICABLE,April,29,Saturday,21,25,Rural,Low Speed (Local),No,38.23681389,-90.54558611,Non-Intersection,Dark - Lighted,Clear,9:00pm-9:59pm,24,9:00pm-9:59pm,34,10:00pm-10:59pm,17,1,Dark - Lighted,Clear,1,0,['Driver'],['Shoulder_Lapbelt'],0,0,Valid,0.0,0.0,49.0,49.0,['Male'],0,0,2,3,3,Dry,Straight,Level,Lowest,No
20099,29,Missouri,290302,0,1,1,0,1,NOT APPLICABLE,May,7,Sunday,9,15,Rural,High Speed (Arterial),Yes,38.65127778,-92.20641667,Complex/Circle,Daylight,Clear,9:00am-9:59am,14,9:00am-9:59am,34,10:00am-10:59am,23,1,Daylight,Clear,1,0,['Driver'],['None_Used'],0,0,Invalid,1.0,3.0,61.0,61.0,['Male'],0,0,5,4,3,Dry,Straight,Level,Lowest,No
20100,29,Missouri,290303,0,2,2,0,3,NOT APPLICABLE,May,24,Wednesday,6,25,Rural,High Speed (Arterial),Yes,38.71850556,-94.367975,Non-Intersection,Daylight,Clear,6:00am-6:59am,29,6:00am-6:59am,39,7:00am-7:59am,18,2,Daylight,Clear,2,1,"['Driver', 'Front_Passenger']","['Shoulder_Lapbelt', 'Shoulder_Lapbelt']",0,0,Valid,0.0,3.0,50.0,41.0,"['Male', 'Male']",1,0,3,4,5,Dry,Curve,Grade/Hillcrest,Lowest,No
20101,29,Missouri,290304,0,1,1,0,2,NOT APPLICABLE,May,27,Saturday,12,20,Rural,Medium Speed (Collector),No,40.25402778,-93.10216667,Non-Intersection,Daylight,Clear,12:00pm-12:59pm,22,12:00pm-12:59pm,36,Not Applicable (Not Transported),Not Applicable (Not Transported),1,Daylight,Clear,1,1,['Front_Passenger'],['None_Used'],0,0,Valid,0.0,2.0,24.0,24.0,['Male'],2,0,2,4,3,Dry,Curve,Grade/Hillcrest,Lowest,No
20102,29,Missouri,290305,0,2,2,0,2,NOT APPLICABLE,May,27,Saturday,10,20,Rural,Medium Speed (Collector),No,39.35052778,-94.14525,Non-Intersection,Daylight,Clear,10:00am-10:59am,21,10:00am-10:59am,33,Not Applicable (Not Transported),Not Applicable (Not Transported),1,Daylight,Clear,1,1,['Driver'],['None_Used'],0,0,Valid,1.0,0.0,67.0,60.0,"['Male', 'Male']",0,0,5,4,5,Dry,Straight,Grade/Hillcrest,Lowest,No
20103,29,Missouri,290306,0,1,1,0,2,NOT APPLICABLE,May,27,Saturday,20,26,Rural,Medium Speed (Collector),No,39.642125,-91.44703889,Non-Intersection,Daylight,Clear,8:00pm-8:59pm,26,8:00pm-8:59pm,36,9:00pm-9:59pm,1,1,Daylight,Clear,1,1,['Driver'],['None_Used'],1,1,Valid,0.0,1.0,18.0,18.0,['Male'],2,0,3,4,3,Dry,Straight,Grade/Hillcrest,Lowest,No
20104,29,Missouri,290307,0,1,1,0,1,NOT APPLICABLE,May,27,Saturday,11,13,Rural,Low Speed (Local),No,37.99627778,-91.30475,Non-Intersection,Daylight,Clear,11:00am-11:59am,12,11:00am-11:59am,21,12:00pm-12:59pm,13,1,Daylight,Clear,1,0,['Driver'],['None_Used'],0,0,Valid,0.0,0.0,62.0,62.0,['Male'],0,0,5,4,2,Dry,Curve,Grade/Hillcrest,Lowest,No
20105,29,Missouri,290308,0,1,1,0,2,NOT APPLICABLE,May,28,Sunday,15,10,Rural,Medium Speed (Collector),No,37.32555556,-90.76147222,Non-Intersection,Daylight,Clear,3:00pm-3:59pm,11,3:00pm-3:59pm,33,5:00pm-5:59pm,6,1,Daylight,Clear,1,1,['Front_Passenger'],['None_Used'],1,1,Invalid,1.0,0.0,24.0,24.0,['Male'],0,0,3,4,3,Dry,Curve,Grade/Hillcrest,Lowest,No
20106,29,Missouri,290309,0,2,2,0,2,COLUMBIA,March,6,Monday,12,24,Urban,Medium Speed (Collector),No,38.90781667,-92.34802778,Complex/Circle,Daylight,Clear,Unknown,Unknown if Notified,Unknown EMS Scene Arrival Hour,Unknown if Arrived,Not Applicable (Not Transported),Not Applicable (Not Transported),1,Daylight,Clear,1,1,['Driver'],['None_Used'],0,0,Invalid,0.0,0.0,80.0,15.0,"['Male', 'Male']",1,0,5,4,5,Dry,Straight,Level,Lowest,No
20107,29,Missouri,290310,0,1,1,0,2,FESTUS,April,30,Sunday,1,5,Urban,High Speed (Arterial),Yes,38.23338611,-90.40373611,Non-Intersection,Dark - Not Lighted,Clear,Unknown,Unknown,Unknown EMS Scene Arrival Hour,Unknown EMS Scene Arrival Minutes,Unknown,Unknown EMS Hospital Arrival Time,1,Dark - Unlighted,Clear,1,1,['Front_Passenger'],['None_Used'],1,1,Valid,1.0,0.0,29.0,29.0,['Male'],0,0,3,4,3,Dry,Straight,Grade/Hillcrest,Lowest,No
20108,29,Missouri,290311,0,3,3,0,4,ST. LOUIS,May,21,Sunday,4,20,Urban,High Speed (Arterial),Yes,38.67040833,-90.20231944,Non-Intersection,Dark - Lighted,Clear,4:00am-4:59am,35,4:00am-4:59am,45,5:00am-5:59am,26,1,Dark - Lighted,Clear,1,3,['Driver'],['Shoulder_Lapbelt'],1,1,Invalid,2.0,0.0,42.0,28.0,"['Male', 'Male', 'Female']",0,0,3,4,5,Dry,Straight,Level,Lowest,No
20109,29,Missouri,290312,0,1,1,0,2,NOT APPLICABLE,May,28,Sunday,15,40,Rural,Low Speed (Local),No,38.04975,-91.57077778,Non-Intersection,Daylight,Clear,8:00am-8:59am,18,8:00am-8:59am,22,9:00am-9:59am,5,1,Daylight,Clear,1,1,['Front_Passenger'],['None_Used'],0,0,Valid,0.0,0.0,49.0,49.0,['Male'],2,0,1,1,3,Dry,Straight,Grade/Hillcrest,Lowest,No
20110,29,Missouri,290313,0,1,1,0,1,NOT APPLICABLE,May,28,Sunday,22,40,Rural,High Speed (Arterial),Yes,36.747,-93.22286111,Non-Intersection,Dark - Not Lighted,Clear,Unknown,Unknown if Notified,Unknown EMS Scene Arrival Hour,Unknown if Arrived,Not Applicable (Not Transported),Not Applicable (Not Transported),1,Dark - Unlighted,Clear,1,0,['Driver'],['None_Used'],0,0,Valid,0.0,0.0,66.0,66.0,['Male'],0,0,3,4,3,Dry,Straight,Grade/Hillcrest,Lowest,No
20111,29,Missouri,290314,0,2,2,0,2,NOT APPLICABLE,May,29,Monday,10,50,Rural,Medium Speed (Collector),No,38.31633333,-92.50788889,Non-Intersection,Daylight,Clear,10:00am-10:59am,52,11:00am-11:59am,20,11:00am-11:59am,55,1,Daylight,Clear,1,1,['Driver'],['None_Used'],0,0,Invalid,0.0,0.0,64.0,59.0,"['Male', 'Male']",0,0,5,4,5,Dry,Curve,Grade/Hillcrest,Lowest,No
20112,29,Missouri,290315,0,1,1,0,1,NOT APPLICABLE,May,29,Monday,2,23,Rural,Medium Speed (Collector),No,39.89869444,-94.88658333,Non-Intersection,Dark - Not Lighted,Clear,2:00am-2:59am,32,2:00am-2:59am,47,Not Applicable (Not Transported),Not Applicable (Not Transported),1,Dark - Unlighted,Clear,1,0,['Driver'],['Shoulder_Lapbelt'],0,0,Invalid,1.0,0.0,42.0,42.0,['Male'],1,0,2,4,3,Dry,Straight,Grade/Hillcrest,Lowest,No
20113,29,Missouri,290316,0,1,1,0,1,NOT APPLICABLE,May,30,Tuesday,16,58,Rural,High Speed (Arterial),Yes,38.09147222,-90.3,Non-Intersection,Daylight,Clear,5:00pm-5:59pm,0,5:00pm-5:59pm,9,Not Applicable (Not Transported),Not Applicable (Not Transported),1,Daylight,Clear,1,0,['Driver'],['Shoulder_Lapbelt'],1,1,Valid,0.0,0.0,72.0,72.0,['Female'],0,0,3,4,3,Dry,Straight,Grade/Hillcrest,Lowest,No
20114,29,Missouri,290317,0,2,2,0,2,FERGUSON,May,31,Wednesday,1,54,Urban,High Speed (Arterial),Yes,38.77075556,-90.26853056,Non-Intersection,Dark - Not Lighted,Clear,Unknown,Unknown if Notified,Unknown EMS Scene Arrival Hour,Unknown if Arrived,Not Applicable (Not Transported),Not Applicable (Not Transported),1,Dark - Unlighted,Clear,1,1,['Driver'],['None_Used'],1,1,Valid,0.0,0.0,28.0,25.0,"['Male', 'Female']",1,0,2,4,5,Dry,Straight,Grade/Hillcrest,Lowest,No
20115,29,Missouri,290318,0,1,1,0,2,NOT APPLICABLE,May,31,Wednesday,20,31,Rural,Medium Speed (Collector),No,36.69586111,-93.81230556,Non-Intersection,Daylight,Clear,Unknown,Unknown,Unknown EMS Scene Arrival Hour,Unknown EMS Scene Arrival Minutes,Unknown,Unknown EMS Hospital Arrival Time,2,Daylight,Clear,2,0,"['Driver', 'Rear_Seat']","['None_Used', 'None_Used']",0,0,Valid,0.0,0.0,19.0,19.0,['Male'],2,0,5,4,3,Dry,Straight,Level,Lowest,No
20116,29,Missouri,290319,0,2,2,0,4,NOT APPLICABLE,May,31,Wednesday,6,12,Rural,Low Speed (Local),No,38.91187222,-92.22105,Non-Intersection,Daylight,Cloudy,6:00am-6:59am,22,6:00am-6:59am,31,6:00am-6:59am,50,3,Daylight,Reduced Visibility,3,1,"['Driver', 'Rear_Seat', 'Driver']","['None_Used', 'Child_Safety', 'None_Used']",0,0,Valid,1.0,1.0,41.0,34.0,"['Male', 'Male']",3,0,2,4,5,Dry,Straight,Level,Lowest,No
20117,29,Missouri,290321,0,2,2,0,3,NEOSHO,June,1,Thursday,10,0,Urban,Medium Speed (Collector),No,36.87991667,-94.39891667,Non-Intersection,Daylight,Clear,9:00am-9:59am,30,9:00am-9:59am,34,10:00am-10:59am,23,1,Daylight,Clear,1,2,['Driver'],['None_Used'],0,0,Valid,0.0,0.0,37.0,18.0,"['Female', 'Female']",0,0,3,4,5,Dry,Curve,Grade/Hillcrest,Lowest,No
20118,29,Missouri,290322,0,1,1,0,1,FLORISSANT,June,2,Friday,0,55,Urban,High Speed (Arterial),Yes,38.77252778,-90.30425556,Non-Intersection,Dark - Not Lighted,Clear,0:00am-0:59am,58,1:00am-1:59am,7,1:00am-1:59am,39,1,Dark - Unlighted,Clear,1,0,['Driver'],['None_Used'],1,1,Valid,3.0,0.0,24.0,24.0,['Male'],0,0,2,4,3,Dry,Straight,Level,Lowest,No
20119,29,Missouri,290323,0,2,2,0,2,ELSBERRY,June,2,Friday,21,21,Rural,Medium Speed (Collector),No,39.16119444,-90.78814167,Non-Intersection,Dark - Not Lighted,Clear,9:00pm-9:59pm,27,9:00pm-9:59pm,40,Not Applicable (Not Transported),Not Applicable (Not Transported),1,Dark - Unlighted,Clear,1,1,['Driver'],['None_Used'],1,1,Valid,2.0,0.0,34.0,29.0,"['Male', 'Female']",1,0,3,4,5,Dry,Curve,Level,Lowest,No
20120,29,Missouri,290324,0,6,6,0,11,NOT APPLICABLE,June,3,Saturday,11,20,Rural,Medium Speed (Collector),No,37.01855556,-93.76836111,Non-Intersection,Daylight,Clear,11:00am-11:59am,20,12:00pm-12:59pm,2,1:00pm-1:59pm,16,4,Daylight,Clear,4,7,"['Rear_Seat', 'Driver', 'Rear_Seat', 'Driver']","['None_Used', 'None_Used', 'None_Used', 'None_Used']",0,0,Valid,1.0,0.0,59.0,28.0,"['Female', 'Male', 'Male', 'Male', 'Male', 'Male']",0,0,5,4,5,Dry,Straight,Level,Medium,No
20121,29,Missouri,290325,0,2,2,0,2,NOT APPLICABLE,June,3,Saturday,17,11,Urban,High Speed (Arterial),Yes,38.56013889,-90.40252778,Non-Intersection,Daylight,Clear,5:00pm-5:59pm,12,5:00pm-5:59pm,18,5:00pm-5:59pm,43,1,Daylight,Clear,1,1,['Front_Passenger'],['None_Used'],1,1,Valid,1.0,0.0,30.0,30.0,['Male'],0,0,2,4,5,Dry,Curve,Grade/Hillcrest,Lowest,No
20122,29,Missouri,290326,0,1,1,0,1,NOT APPLICABLE,June,3,Saturday,23,45,Rural,Low Speed (Local),No,38.48986111,-91.15766667,Non-Intersection,Dark - Not Lighted,Clear,11:00pm-11:59pm,49,0:00am-0:59am,5,Unknown,Unknown EMS Hospital Arrival Time,1,Dark - Unlighted,Clear,1,0,['Driver'],['Shoulder_Lapbelt'],1,1,Valid,0.0,0.0,17.0,17.0,['Male'],1,0,3,4,3,Dry,Curve,Grade/Hillcrest,Lowest,No
20123,29,Missouri,290327,0,1,1,0,1,NOT APPLICABLE,June,3,Saturday,6,35,Rural,High Speed (Arterial),Yes,38.64025278,-92.78908056,Non-Intersection,Daylight,"Fog, Smog, Smoke",Unknown,Unknown if Notified,Unknown EMS Scene Arrival Hour,Unknown if Arrived,Not Applicable (Not Transported),Not Applicable (Not Transported),1,Daylight,Reduced Visibility,1,0,['Driver'],['None_Used'],0,0,Valid,0.0,0.0,44.0,44.0,['Male'],0,0,5,4,3,Dry,Curve,Grade/Hillcrest,Lowest,No
20124,29,Missouri,290328,0,2,2,0,3,CALIFORNIA,June,3,Saturday,10,35,Rural,Medium Speed (Collector),No,38.62747222,-92.56311111,Complex/Circle,Daylight,Clear,10:00am-10:59am,39,10:00am-10:59am,43,11:00am-11:59am,55,1,Daylight,Clear,1,2,['Driver'],['None_Used'],0,0,Valid,0.0,0.0,79.0,34.0,"['Male', 'Male']",2,0,3,4,5,Dry,Straight,Level,Lowest,No
20125,29,Missouri,290329,0,1,1,0,2,NOT APPLICABLE,June,4,Sunday,13,58,Rural,Medium Speed (Collector),No,37.71000278,-90.757175,Non-Intersection,Daylight,Clear,2:00pm-2:59pm,1,2:00pm-2:59pm,24,3:00pm-3:59pm,29,1,Daylight,Clear,1,1,['Driver'],['None_Used'],0,0,Valid,1.0,0.0,40.0,40.0,['Male'],2,0,5,4,3,Dry,Curve,Grade/Hillcrest,Lowest,No
20126,29,Missouri,290330,0,1,1,0,1,NOT APPLICABLE,June,4,Sunday,19,23,Rural,Medium Speed (Collector),No,37.80716667,-89.94463889,Non-Intersection,Daylight,Cloudy,7:00pm-7:59pm,26,7:00pm-7:59pm,36,8:00pm-8:59pm,1,1,Daylight,Reduced Visibility,1,0,['Driver'],['None_Used'],0,0,Valid,0.0,0.0,60.0,60.0,['Male'],1,0,5,4,2,Dry,Curve,Grade/Hillcrest,Lowest,No
20127,29,Missouri,290331,0,2,2,0,2,NOT APPLICABLE,June,4,Sunday,10,20,Rural,Medium Speed (Collector),No,37.15830556,-93.11880556,Non-Intersection,Daylight,Clear,10:00am-10:59am,23,10:00am-10:59am,31,10:00am-10:59am,56,1,Daylight,Clear,1,1,['Driver'],['None_Used'],0,0,Valid,1.0,0.0,69.0,22.0,"['Female', 'Male']",0,0,3,4,5,Dry,Straight,Grade/Hillcrest,Lowest,No
20128,29,Missouri,290332,0,1,1,0,1,NOT APPLICABLE,June,4,Sunday,21,24,Rural,Medium Speed (Collector),No,37.95211111,-93.84105556,Non-Intersection,Dark - Not Lighted,Clear,Unknown,Unknown if Notified,Unknown EMS Scene Arrival Hour,Unknown if Arrived,Not Applicable (Not Transported),Not Applicable (Not Transported),1,Dark - Unlighted,Clear,1,0,['Driver'],['None_Used'],1,1,Valid,0.0,1.0,18.0,18.0,['Male'],1,0,2,4,3,Dry,Curve,Grade/Hillcrest,Lowest,No
20129,29,Missouri,290333,3,1,1,0,2,NOT APPLICABLE,June,6,Tuesday,17,5,Rural,Medium Speed (Collector),No,37.17752778,-92.754,Non-Intersection,Daylight,Clear,5:00pm-5:59pm,13,5:00pm-5:59pm,23,6:00pm-6:59pm,12,1,Daylight,Clear,0,2,[],[],0,0,Valid,1.0,0.0,38.0,38.0,['Female'],0,0,2,1,1,Dry,Straight,Grade/Hillcrest,Medium,No
20130,29,Missouri,290334,0,1,1,0,1,KANSAS CITY,June,7,Wednesday,20,54,Urban,High Speed (Arterial),Yes,39.03311111,-94.60572222,Non-Intersection,Dark - Lighted,Clear,8:00pm-8:59pm,54,9:00pm-9:59pm,0,9:00pm-9:59pm,12,1,Dark - Lighted,Clear,1,0,['Driver'],['None_Used'],0,0,Invalid,0.0,0.0,27.0,27.0,['Male'],1,0,5,4,2,Dry,Curve,Level,Lowest,No
20131,29,Missouri,290335,0,2,2,0,3,NOT APPLICABLE,June,8,Thursday,13,30,Rural,Medium Speed (Collector),No,36.87863889,-92.531,Non-Intersection,Daylight,Rain,1:00pm-1:59pm,40,1:00pm-1:59pm,54,Not Applicable (Not Transported),Not Applicable (Not Transported),1,Daylight,Rain/Wind/Minor,1,2,['Driver'],['None_Used'],0,0,Valid,0.0,0.0,52.0,25.0,"['Male', 'Male']",0,0,3,4,5,Wet/Standing Water,Straight,Grade/Hillcrest,Lowest,Yes
20132,29,Missouri,290336,0,1,1,0,3,NOT APPLICABLE,June,8,Thursday,14,45,Rural,Low Speed (Local),No,36.82847222,-94.54725,Non-Intersection,Daylight,Clear,2:00pm-2:59pm,44,3:00pm-3:59pm,8,4:00pm-4:59pm,2,1,Daylight,Clear,1,2,['Rear_Seat'],['None_Used'],0,0,Valid,0.0,0.0,17.0,17.0,['Male'],3,0,2,4,3,Dry,Curve,Grade/Hillcrest,Lowest,No
20133,29,Missouri,290337,0,1,1,0,1,SHREWSBURY,June,8,Thursday,19,44,Urban,High Speed (Arterial),Yes,38.59511111,-90.32677778,Non-Intersection,Daylight,Clear,7:00pm-7:59pm,46,7:00pm-7:59pm,55,8:00pm-8:59pm,12,1,Daylight,Clear,1,0,['Driver'],['None_Used'],1,1,Valid,0.0,0.0,50.0,50.0,['Female'],1,0,3,4,3,Dry,Straight,Level,Lowest,No
20134,29,Missouri,290338,0,1,1,0,1,OAK GROVE,June,9,Friday,5,13,Urban,High Speed (Arterial),Yes,39.01597222,-94.12,Non-Intersection,Dark - Lighted,Clear,5:00am-5:59am,13,5:00am-5:59am,20,5:00am-5:59am,44,1,Dark - Lighted,Clear,1,0,['Driver'],['None_Used'],0,0,Valid,0.0,0.0,75.0,75.0,['Female'],0,0,2,4,3,Dry,Straight,Level,Medium,No
20135,29,Missouri,290339,0,1,1,0,1,NOT APPLICABLE,June,9,Friday,11,30,Rural,Low Speed (Local),No,40.39130556,-91.90197222,Non-Intersection,Daylight,Clear,11:00am-11:59am,39,11:00am-11:59am,59,Not Applicable (Not Transported),Not Applicable (Not Transported),1,Daylight,Clear,1,0,['Driver'],['None_Used'],0,0,Valid,1.0,0.0,19.0,19.0,['Male'],1,0,5,1,3,Dry,Straight,Grade/Hillcrest,Lowest,No
20136,29,Missouri,290340,0,1,1,0,2,NOT APPLICABLE,June,9,Friday,19,10,Rural,Low Speed (Local),No,38.50221944,-93.310525,Non-Intersection,Daylight,Clear,7:00pm-7:59pm,16,7:00pm-7:59pm,43,8:00pm-8:59pm,25,1,Daylight,Clear,1,1,['Driver'],['None_Used'],0,0,Valid,0.0,0.0,72.0,72.0,['Female'],0,0,5,1,1,Dry,Straight,Level,Lowest,No
20137,29,Missouri,290341,0,2,2,0,2,KANSAS CITY,June,9,Friday,18,20,Urban,Medium Speed (Collector),No,39.00329444,-94.43566667,Non-Intersection,Daylight,Clear,Unknown,Unknown,Unknown EMS Scene Arrival Hour,Unknown EMS Scene Arrival Minutes,Not Applicable (Not Transported),Not Applicable (Not Transported),1,Daylight,Clear,1,1,['Driver'],['None_Used'],0,0,Valid,0.0,0.0,20.0,19.0,"['Male', 'Female']",1,0,5,1,5,Dry,Curve,Level,Lowest,No
20138,29,Missouri,290342,0,1,1,0,4,NOT APPLICABLE,June,10,Saturday,1,50,Rural,Low Speed (Local),No,37.54069444,-93.77872222,Non-Intersection,Dark - Not Lighted,Clear,Unknown,Unknown,Unknown EMS Scene Arrival Hour,Unknown EMS Scene Arrival Minutes,Not Applicable (Not Transported),Not Applicable (Not Transported),1,Dark - Unlighted,Clear,1,3,['Non_Standard_Risk'],['None_Used'],0,0,Valid,0.0,0.0,29.0,29.0,['Male'],0,0,3,1,1,Dry,Curve,Grade/Hillcrest,Lowest,No
20139,29,Missouri,290343,0,2,2,0,3,LIBERTY,May,5,Friday,20,29,Urban,High Speed (Arterial),Yes,39.26861111,-94.45417222,Simple Junction,Dark - Lighted,Cloudy,8:00pm-8:59pm,33,8:00pm-8:59pm,40,8:00pm-8:59pm,52,1,Dark - Lighted,Reduced Visibility,1,2,['Front_Passenger'],['Shoulder_Lapbelt'],0,0,Valid,2.0,0.0,57.0,17.0,"['Female', 'Male']",1,0,2,4,5,Dry,Straight,Grade/Hillcrest,Lowest,No
20140,29,Missouri,290344,0,1,1,0,1,NOT APPLICABLE,June,10,Saturday,99,99,Rural,Medium Speed (Collector),No,37.11928611,-93.69208056,Non-Intersection,Reported as Unknown,Reported as Unknown,Unknown,Unknown if Notified,Unknown EMS Scene Arrival Hour,Unknown if Arrived,Not Applicable (Not Transported),Not Applicable (Not Transported),1,Dark - Unlighted,Clear,1,0,['Driver'],['None_Used'],1,1,Invalid,0.0,0.0,38.0,38.0,['Female'],1,0,2,4,3,Dry,Curve,Level,Lowest,No
20141,29,Missouri,290345,0,1,1,0,5,ST. LOUIS,June,10,Saturday,3,35,Urban,High Speed (Arterial),Yes,38.62433611,-90.19956111,Non-Intersection,Dark - Lighted,Clear,3:00am-3:59am,31,3:00am-3:59am,33,3:00am-3:59am,57,1,Dark - Lighted,Clear,1,4,['Rear_Seat'],['Shoulder_Lapbelt'],0,0,Valid,2.0,1.0,22.0,22.0,['Male'],5,0,3,4,3,Dry,Straight,Level,Lowest,No