,State_Code,State_Name,Crash_ID,Count_Non_Motorists,Count_Vehicles_Total,Count_Vehicle_Forms,Count_PVH_Involved,Count_Occupants_MV,City_Name,Month_Name,Day_of_Month,Day_of_Week,Crash_Hour,Crash_Minute,Area_Rural_Urban,Road_Functional_Class,On_NHS_Road,Latitude,Longitude,Intersection_Type,Light_Condition,Weather_Condition,Notif_Hour,Notif_Minute,Arrival_Hour,Arrival_Minute,Hospital_Hour,Hospital_Minute,Fatalities_Count,Clean_Light_Condition,Clean_Weather_Condition,Total_Killed,Total_Alive,Fatal_Seats_List,Killed_Restraint_List,Any_Driver_Drinking,Total_Drinking_Drivers,Driver_License_Category,Driver_Max_Prev_Accident_Count,Driver_Max_Prev_Speeding_Count,Max_Driver_Age,Min_Driver_Age,Driver_Sex_List,Total_Exceeding_Limit_Vehicles,Total_Too_Fast_Vehicles,Max_Vehicle_Type_Severity_5,Max_Vehicle_Damage_Rank,Max_Harmful_Event_Severity,Crash_Road_Surface_Condition,Crash_Horizontal_Alignment,Crash_Vertical_Profile,Crash_Impairment_Category,Crash_Vehicle_Defect
20142,29,Missouri,290346,0,2,2,0,2,RIVERSIDE,June,12,Monday,18,41,Urban,Low Speed (Local),No,39.17816667,-94.61119444,Non-Intersection,Daylight,Clear,6:00pm-6:59pm,43,6:00pm-6:59pm,55,7:00pm-7:59pm,16,1,Daylight,Clear,1,1,['Driver'],['None_Used'],0,0,Valid,1.0,0.0,24.0,24.0,"['Male', 'Male']",2,0,5,4,5,Dry,Straight,Level,Lowest,No
20143,29,Missouri,290347,0,1,1,0,1,NOT APPLICABLE,June,12,Monday,12,0,Rural,Medium Speed (Collector),No,36.60958333,-94.51011111,Simple Junction,Daylight,Cloudy,Unknown,Unknown if Notified,Unknown EMS Scene Arrival Hour,Unknown if Arrived,Not Applicable (Not Transported),Not Applicable (Not Transported),1,Daylight,Reduced Visibility,1,0,['Driver'],['None_Used'],0,0,Valid,0.0,0.0,61.0,61.0,['Male'],1,0,4,4,3,Dry,Straight,Grade/Hillcrest,Lowest,Yes
20144,29,Missouri,290348,0,2,2,0,3,NOT APPLICABLE,June,12,Monday,15,10,Rural,High Speed (Arterial),Yes,36.79169444,-93.22488889,Non-Intersection,Daylight,Clear,3:00pm-3:59pm,13,3:00pm-3:59pm,25,3:00pm-3:59pm,51,1,Daylight,Clear,1,2,['Driver'],['Shoulder_Lapbelt'],0,0,Valid,0.0,0.0,55.0,48.0,"['Male', 'Female']",0,0,3,4,5,Dry,Curve,Grade/Hillcrest,Lowest,No
20145,29,Missouri,290349,0,2,2,0,2,NEWTONIA,June,13,Tuesday,16,25,Rural,Medium Speed (Collector),No,36.87675833,-94.19183056,Complex/Circle,Daylight,Clear,4:00pm-4:59pm,30,4:00pm-4:59pm,34,5:00pm-5:59pm,38,1,Daylight,Clear,1,1,['Driver'],['None_Used'],0,0,Valid,3.0,0.0,64.0,59.0,"['Male', 'Male']",0,0,4,4,5,Dry,Straight,Level,Lowest,No
20146,29,Missouri,290350,0,1,1,0,2,KANSAS CITY,June,13,Tuesday,23,32,Urban,High Speed (Arterial),Yes,38.95331667,-94.52970556,Non-Intersection,Dark - Lighted,Clear,11:00pm-11:59pm,33,11:00pm-11:59pm,41,0:00am-0:59am,33,1,Dark - Lighted,Clear,1,1,['Driver'],['Shoulder_Lapbelt'],1,1,Valid,0.0,0.0,25.0,25.0,['Male'],2,0,3,4,3,Dry,Curve,Level,Lowest,No
20147,29,Missouri,290351,1,1,1,0,1,KANSAS CITY,June,14,Wednesday,21,28,Urban,High Speed (Arterial),Yes,39.22458889,-94.65044444,Non-Intersection,Dark - Not Lighted,Clear,9:00pm-9:59pm,29,9:00pm-9:59pm,40,9:00pm-9:59pm,58,1,Dark - Unlighted,Clear,0,0,[],[],0,0,Invalid,0.0,0.0,999.0,999.0,['Other'],0,0,4,0,4,Dry,Straight,Level,Lowest,No
20148,29,Missouri,290352,0,2,2,0,2,NOT APPLICABLE,June,14,Wednesday,11,40,Rural,High Speed (Arterial),Yes,37.96919444,-92.9215,Non-Intersection,Daylight,Clear,11:00am-11:59am,45,11:00am-11:59am,53,Not Applicable (Not Transported),Not Applicable (Not Transported),2,Daylight,Clear,2,0,"['Driver', 'Driver']","['None_Used', 'None_Used']",0,0,Valid,0.0,0.0,86.0,42.0,"['Male', 'Female']",0,0,3,4,5,Dry,Straight,Grade/Hillcrest,Lowest,No
20149,29,Missouri,290353,1,1,1,0,1,CHARLACK,June,15,Thursday,3,40,Urban,High Speed (Arterial),Yes,38.70216667,-90.34405556,Non-Intersection,Dark - Not Lighted,Clear,4:00am-4:59am,0,4:00am-4:59am,7,Not Applicable (Not Transported),Not Applicable (Not Transported),1,Dark - Unlighted,Clear,0,1,[],[],0,0,Valid,0.0,0.0,58.0,58.0,['Female'],0,0,2,4,4,Dry,Straight,Grade/Hillcrest,Lowest,No
20150,29,Missouri,290354,0,2,2,0,2,NOT APPLICABLE,June,16,Friday,12,26,Rural,High Speed (Arterial),Yes,40.13346667,-93.60406944,Simple Junction,Daylight,Cloudy,12:00pm-12:59pm,30,12:00pm-12:59pm,36,1:00pm-1:59pm,6,1,Daylight,Reduced Visibility,1,1,['Driver'],['None_Used'],0,0,Valid,1.0,0.0,79.0,69.0,"['Male', 'Male']",0,0,5,4,5,Dry,Straight,Level,Lowest,Yes
20151,29,Missouri,290355,0,2,2,0,2,KIRKWOOD,June,16,Friday,15,20,Urban,High Speed (Arterial),Yes,38.56620833,-90.440125,Non-Intersection,Daylight,Clear,3:00pm-3:59pm,25,3:00pm-3:59pm,36,4:00pm-4:59pm,1,1,Daylight,Clear,1,1,['Driver'],['None_Used'],0,0,Valid,0.0,0.0,68.0,55.0,"['Male', 'Male']",0,0,5,4,5,Dry,Straight,Level,Lowest,No
20152,29,Missouri,290356,0,2,2,0,2,KANSAS CITY,June,16,Friday,21,34,Urban,Medium Speed (Collector),No,39.10388889,-94.59872222,Non-Intersection,Dark - Lighted,Clear,9:00pm-9:59pm,34,9:00pm-9:59pm,50,10:00pm-10:59pm,2,1,Dark - Lighted,Clear,1,0,['Driver'],['None_Used'],1,2,Valid,2.0,1.0,37.0,21.0,"['Male', 'Male']",0,0,5,4,5,Dry,Straight,Level,Lowest,No
20153,29,Missouri,290357,0,2,2,0,2,MOSCOW MILLS,June,17,Saturday,13,54,Rural,Medium Speed (Collector),No,38.90786111,-90.9165,Non-Intersection,Daylight,Clear,2:00pm-2:59pm,0,2:00pm-2:59pm,7,3:00pm-3:59pm,5,1,Daylight,Clear,1,1,['Driver'],['None_Used'],1,1,Invalid,1.0,0.0,47.0,46.0,"['Male', 'Male']",1,0,3,4,5,Dry,Curve,Level,Lowest,No
20154,29,Missouri,290358,0,1,1,0,2,NOT APPLICABLE,June,17,Saturday,14,20,Rural,Medium Speed (Collector),No,37.19283333,-93.58130556,Non-Intersection,Daylight,Clear,2:00pm-2:59pm,20,2:00pm-2:59pm,35,3:00pm-3:59pm,43,1,Daylight,Clear,1,1,['Driver'],['None_Used'],0,0,Valid,0.0,0.0,75.0,75.0,['Male'],0,0,5,4,3,Dry,Straight,Grade/Hillcrest,Lowest,No
20155,29,Missouri,290359,0,1,1,0,1,NOT APPLICABLE,June,17,Saturday,8,10,Urban,Medium Speed (Collector),No,38.35633611,-90.50190556,Non-Intersection,Daylight,Clear,8:00am-8:59am,12,8:00am-8:59am,21,Not Applicable (Not Transported),Not Applicable (Not Transported),1,Daylight,Clear,1,0,['Driver'],['None_Used'],1,1,Invalid,1.0,0.0,30.0,30.0,['Male'],1,0,5,4,3,Dry,Curve,Grade/Hillcrest,Lowest,No
20156,29,Missouri,290360,0,2,2,0,3,NOT APPLICABLE,June,17,Saturday,22,25,Rural,Medium Speed (Collector),No,38.98694444,-90.94111111,Non-Intersection,Dark - Not Lighted,Clear,10:00pm-10:59pm,26,10:00pm-10:59pm,33,10:00pm-10:59pm,56,1,Dark - Unlighted,Clear,1,2,['Driver'],['None_Used'],1,1,Valid,2.0,1.0,26.0,21.0,"['Male', 'Female']",0,0,3,4,5,Dry,Straight,Level,Lowest,No
20157,29,Missouri,290361,0,1,1,0,1,NOT APPLICABLE,June,19,Monday,17,27,Rural,High Speed (Arterial),Yes,39.76181111,-94.35191944,Non-Intersection,Daylight,Clear,5:00pm-5:59pm,31,5:00pm-5:59pm,46,6:00pm-6:59pm,15,1,Daylight,Clear,1,0,['Driver'],['Shoulder_Lapbelt'],0,0,Invalid,0.0,0.0,71.0,71.0,['Male'],0,0,3,4,3,Dry,Curve,Level,Lowest,No
20158,29,Missouri,290362,0,1,1,0,2,NOT APPLICABLE,June,21,Wednesday,20,28,Urban,Low Speed (Local),No,37.02105556,-94.51183333,Non-Intersection,Daylight,Clear,8:00pm-8:59pm,27,8:00pm-8:59pm,32,9:00pm-9:59pm,2,1,Daylight,Clear,1,1,['Front_Passenger'],['None_Used'],1,1,Invalid,2.0,1.0,21.0,21.0,['Male'],2,0,2,4,2,Dry,Curve,Level,Lowest,No
20159,29,Missouri,290363,0,3,3,0,3,KANSAS CITY,June,23,Friday,11,54,Urban,High Speed (Arterial),Yes,39.21413889,-94.64175,Non-Intersection,Daylight,Clear,11:00am-11:59am,55,12:00pm-12:59pm,4,12:00pm-12:59pm,50,1,Daylight,Clear,1,2,['Driver'],['Shoulder_Lapbelt'],0,0,Valid,1.0,0.0,70.0,59.0,"['Male', 'Female', 'Female']",0,0,3,4,5,Dry,Straight,Grade/Hillcrest,Lowest,No
20160,29,Missouri,290364,0,1,1,0,2,NOT APPLICABLE,May,23,Tuesday,17,0,Rural,Medium Speed (Collector),No,38.09330556,-92.44372222,Non-Intersection,Daylight,Clear,5:00pm-5:59pm,4,5:00pm-5:59pm,16,6:00pm-6:59pm,10,1,Daylight,Clear,1,1,['Driver'],['None_Used'],0,0,Valid,0.0,0.0,76.0,76.0,['Male'],0,0,5,4,2,Dry,Curve,Grade/Hillcrest,Lowest,No
20161,29,Missouri,290365,1,1,1,0,1,WEBSTER GROVES,May,24,Wednesday,18,50,Urban,Low Speed (Local),No,38.5769,-90.34320278,Non-Intersection,Daylight,Clear,6:00pm-6:59pm,48,6:00pm-6:59pm,57,7:00pm-7:59pm,25,1,Daylight,Clear,0,1,[],[],0,0,Valid,1.0,0.0,18.0,18.0,['Female'],0,0,2,2,4,Dry,Straight,Level,Lowest,No
20162,29,Missouri,290366,0,2,2,0,5,SHREWSBURY,June,4,Sunday,17,15,Urban,Medium Speed (Collector),No,38.59386111,-90.32668611,Complex/Circle,Daylight,Clear,5:00pm-5:59pm,11,5:00pm-5:59pm,12,5:00pm-5:59pm,34,1,Daylight,Clear,1,4,['Front_Passenger'],['Shoulder_Lapbelt'],0,0,Valid,0.0,0.0,75.0,40.0,"['Male', 'Female']",0,0,3,4,5,Dry,Straight,Level,Lowest,No
20163,29,Missouri,290367,0,2,2,0,2,NOT APPLICABLE,June,23,Friday,16,50,Rural,Medium Speed (Collector),No,38.92264722,-90.75068889,Non-Intersection,Daylight,Clear,4:00pm-4:59pm,54,5:00pm-5:59pm,9,Not Applicable (Not Transported),Not Applicable (Not Transported),1,Daylight,Clear,1,1,['Driver'],['Shoulder_Lapbelt'],0,0,Valid,2.0,0.0,36.0,31.0,"['Male', 'Female']",0,0,3,4,5,Dry,Straight,Level,Lowest,Yes
20164,29,Missouri,290368,0,2,2,0,3,MONETT,June,23,Friday,22,13,Urban,High Speed (Arterial),Yes,36.91460278,-93.92946111,Complex/Circle,Dark - Lighted,Clear,Unknown,Unknown if Notified,Unknown EMS Scene Arrival Hour,Unknown if Arrived,Not Applicable (Not Transported),Not Applicable (Not Transported),2,Dark - Lighted,Clear,2,1,"['Driver', 'Front_Passenger']","['None_Used', 'None_Used']",1,2,Invalid,0.0,1.0,53.0,19.0,"['Male', 'Male']",1,0,3,4,5,Dry,Straight,Grade/Hillcrest,Lowest,No
20165,29,Missouri,290369,0,3,3,0,4,LEES SUMMIT,June,24,Saturday,18,0,Urban,Low Speed (Local),No,38.9605,-94.35027778,Complex/Circle,Daylight,Clear,6:00pm-6:59pm,6,6:00pm-6:59pm,12,6:00pm-6:59pm,26,1,Daylight,Clear,1,3,['Driver'],['None_Used'],1,1,Valid,1.0,0.0,71.0,22.0,"['Female', 'Male', 'Male']",2,0,5,4,5,Dry,Straight,Level,Lowest,No
20166,29,Missouri,290370,1,1,1,0,2,NOT APPLICABLE,June,24,Saturday,20,55,Urban,High Speed (Arterial),Yes,37.17990833,-93.36342222,Non-Intersection,Dark - Not Lighted,Clear,8:00pm-8:59pm,56,9:00pm-9:59pm,7,9:00pm-9:59pm,23,1,Dark - Unlighted,Clear,0,2,[],[],0,0,Valid,2.0,1.0,29.0,29.0,['Male'],0,0,2,4,4,Dry,Straight,Grade/Hillcrest,Lowest,No
20167,29,Missouri,290371,0,1,1,0,1,NOT APPLICABLE,June,24,Saturday,22,55,Rural,Medium Speed (Collector),No,39.68375,-94.79519444,Non-Intersection,Dark - Not Lighted,Clear,10:00pm-10:59pm,54,11:00pm-11:59pm,5,11:00pm-11:59pm,23,1,Dark - Unlighted,Clear,1,0,['Driver'],['None_Used'],0,0,Valid,0.0,0.0,38.0,38.0,['Male'],0,0,5,3,3,Dry,Straight,Grade/Hillcrest,Lowest,No
20168,29,Missouri,290372,0,1,1,0,1,NOT APPLICABLE,June,24,Saturday,18,0,Urban,Medium Speed (Collector),No,38.44141667,-90.55169444,Non-Intersection,Daylight,Clear,6:00pm-6:59pm,7,6:00pm-6:59pm,12,6:00pm-6:59pm,26,1,Daylight,Clear,1,0,['Driver'],['None_Used'],1,1,Invalid,0.0,0.0,55.0,55.0,['Male'],1,0,5,4,3,Dry,Curve,Grade/Hillcrest,Lowest,No
20169,29,Missouri,290373,0,2,2,0,4,KANSAS CITY,June,24,Saturday,17,10,Urban,Medium Speed (Collector),No,38.99063333,-94.57573889,Non-Intersection,Daylight,Cloudy,5:00pm-5:59pm,10,5:00pm-5:59pm,19,Not Applicable (Not Transported),Not Applicable (Not Transported),1,Daylight,Reduced Visibility,1,3,['Driver'],['None_Used'],1,1,Valid,0.0,0.0,56.0,29.0,"['Male', 'Female']",1,0,3,4,5,Dry,Straight,Grade/Hillcrest,Lowest,No
20170,29,Missouri,290374,0,2,2,0,2,NOT APPLICABLE,June,25,Sunday,6,1,Rural,High Speed (Arterial),No,37.76163889,-90.38283333,Non-Intersection,Daylight,Clear,6:00am-6:59am,9,6:00am-6:59am,28,7:00am-7:59am,12,1,Daylight,Clear,1,1,['Driver'],['Shoulder_Lapbelt'],0,0,Valid,2.0,0.0,69.0,27.0,"['Male', 'Male']",0,0,3,4,5,Dry,Straight,Level,Lowest,No
20171,29,Missouri,290375,0,5,5,0,5,NOT APPLICABLE,June,26,Monday,17,31,Rural,High Speed (Arterial),Yes,37.08191667,-94.33933333,Non-Intersection,Daylight,Clear,5:00pm-5:59pm,30,5:00pm-5:59pm,39,6:00pm-6:59pm,8,1,Daylight,Clear,1,4,['Driver'],['Shoulder_Lapbelt'],0,0,Valid,0.0,1.0,57.0,37.0,"['Male', 'Female', 'Male', 'Male', 'Male']",0,0,4,4,5,Dry,Straight,Level,Lowest,No
20172,29,Missouri,290376,0,2,2,0,2,NOT APPLICABLE,June,27,Tuesday,6,0,Rural,High Speed (Arterial),Yes,37.57372222,-90.30127778,Non-Intersection,Daylight,Clear,6:00am-6:59am,35,6:00am-6:59am,52,7:00am-7:59am,39,1,Daylight,Clear,1,1,['Driver'],['None_Used'],0,0,Invalid,1.0,0.0,22.0,18.0,"['Male', 'Male']",0,0,3,4,5,Dry,Curve,Level,Lowest,No
20173,29,Missouri,290377,0,2,2,0,3,HOUSTON,June,27,Tuesday,14,26,Rural,High Speed (Arterial),Yes,37.30752778,-91.9625,Non-Intersection,Daylight,Clear,Unknown,Unknown,Unknown EMS Scene Arrival Hour,Unknown EMS Scene Arrival Minutes,Unknown,Unknown EMS Hospital Arrival Time,1,Daylight,Clear,1,2,['Driver'],['Shoulder_Lapbelt'],0,0,Valid,0.0,0.0,76.0,50.0,"['Male', 'Male']",1,0,3,4,5,Dry,Straight,Grade/Hillcrest,Lowest,No
20174,29,Missouri,290378,0,2,2,0,4,DIGGINS,June,28,Wednesday,21,0,Rural,High Speed (Arterial),Yes,37.17227778,-92.86375,Complex/Circle,Dark - Not Lighted,Clear,9:00pm-9:59pm,5,9:00pm-9:59pm,15,10:00pm-10:59pm,9,1,Dark - Unlighted,Clear,1,3,['Driver'],['Shoulder_Lapbelt'],0,0,Valid,1.0,1.0,27.0,15.0,"['Female', 'Male']",0,0,2,4,5,Dry,Straight,Level,Lowest,No
20175,29,Missouri,290379,1,1,1,0,2,RAYTOWN,June,29,Thursday,0,30,Urban,Medium Speed (Collector),No,38.99538889,-94.48247222,Non-Intersection,Dark - Lighted,Clear,Unknown,Unknown if Notified,Unknown EMS Scene Arrival Hour,Unknown if Arrived,Not Applicable (Not Transported),Not Applicable (Not Transported),1,Dark - Lighted,Clear,0,0,[],[],0,0,Invalid,0.0,0.0,999.0,999.0,['Other'],0,0,1,0,4,Dry,Straight,Level,Lowest,No
20176,29,Missouri,290380,0,2,2,0,2,NOT APPLICABLE,June,30,Friday,11,25,Rural,High Speed (Arterial),Yes,39.3595,-93.48063889,Complex/Circle,Daylight,Clear,Unknown,Unknown if Notified,Unknown EMS Scene Arrival Hour,Unknown if Arrived,Not Applicable (Not Transported),Not Applicable (Not Transported),1,Daylight,Clear,1,1,['Driver'],['Shoulder_Lapbelt'],0,0,Valid,0.0,0.0,79.0,26.0,"['Female', 'Male']",1,0,3,4,5,Dry,Straight,Level,Lowest,No
20177,29,Missouri,290381,0,1,1,0,6,KANSAS CITY,June,30,Friday,23,57,Urban,High Speed (Arterial),No,39.03193333,-94.60529167,Non-Intersection,Dark - Lighted,Cloudy,Unknown,Unknown,Unknown EMS Scene Arrival Hour,Unknown EMS Scene Arrival Minutes,Unknown,Unknown EMS Hospital Arrival Time,1,Dark - Lighted,Reduced Visibility,1,5,['Non_Standard_Risk'],['None_Used'],1,1,Valid,0.0,0.0,22.0,22.0,['Female'],6,0,3,4,3,Dry,Straight,Grade/Hillcrest,Lowest,No
20178,29,Missouri,290382,0,1,1,0,1,NOT APPLICABLE,July,1,Saturday,17,47,Rural,Medium Speed (Collector),No,38.61716667,-93.62747222,Non-Intersection,Daylight,Clear,5:00pm-5:59pm,50,6:00pm-6:59pm,25,7:00pm-7:59pm,12,1,Daylight,Clear,1,0,['Driver'],['None_Used'],0,0,Invalid,0.0,0.0,71.0,71.0,['Male'],0,0,5,4,3,Dry,Curve,Grade/Hillcrest,Lowest,No
20179,29,Missouri,290383,0,1,1,0,1,NOT APPLICABLE,July,1,Saturday,9,22,Rural,Medium Speed (Collector),No,38.25928889,-90.75633889,Non-Intersection,Reported as Unknown,Reported as Unknown,Unknown,Unknown if Notified,Unknown EMS Scene Arrival Hour,Unknown if Arrived,Not Applicable (Not Transported),Not Applicable (Not Transported),1,Dark - Unlighted,Clear,1,0,['Driver'],['None_Used'],1,1,Valid,1.0,0.0,37.0,37.0,['Male'],1,0,5,4,3,Wet/Standing Water,Curve,Grade/Hillcrest,Lowest,No
20180,29,Missouri,290384,0,1,1,0,1,BLUE SPRINGS,July,1,Saturday,22,37,Urban,High Speed (Arterial),Yes,39.02061667,-94.27219167,Complex/Circle,Dark - Lighted,Clear,10:00pm-10:59pm,39,10:00pm-10:59pm,44,10:00pm-10:59pm,55,1,Dark - Lighted,Clear,1,0,['Driver'],['None_Used'],1,1,Valid,0.0,0.0,50.0,50.0,['Male'],1,0,5,1,2,Dry,Straight,Level,Lowest,No
20181,29,Missouri,290385,0,1,1,0,1,NOT APPLICABLE,July,1,Saturday,6,0,Rural,Low Speed (Local),No,36.63602222,-89.62782222,Non-Intersection,Daylight,Clear,Unknown,Unknown if Notified,Unknown EMS Scene Arrival Hour,Unknown if Arrived,Not Applicable (Not Transported),Not Applicable (Not Transported),1,Daylight,Clear,1,0,['Driver'],['None_Used'],1,1,Invalid,1.0,1.0,34.0,34.0,['Male'],0,0,3,4,3,Dry,Straight,Level,Lowest,No
20182,29,Missouri,290386,0,1,1,0,1,NOT APPLICABLE,July,1,Saturday,22,40,Rural,Low Speed (Local),No,37.23202778,-89.76080556,Non-Intersection,Dark - Not Lighted,Cloudy,Unknown,Unknown,Unknown EMS Scene Arrival Hour,Unknown EMS Scene Arrival Minutes,Unknown,Unknown EMS Hospital Arrival Time,1,Dark - Unlighted,Reduced Visibility,1,0,['Driver'],['None_Used'],1,1,Valid,1.0,0.0,42.0,42.0,['Male'],0,0,3,4,3,Dry,Curve,Level,Lowest,No
20183,29,Missouri,290387,0,1,1,0,3,NOT APPLICABLE,July,1,Saturday,15,15,Rural,High Speed (Arterial),Yes,40.21883333,-94.55783333,Non-Intersection,Daylight,Cloudy,3:00pm-3:59pm,19,3:00pm-3:59pm,22,3:00pm-3:59pm,50,1,Daylight,Reduced Visibility,1,2,['Rear_Seat'],['Shoulder_Lapbelt'],0,0,Valid,1.0,0.0,46.0,46.0,['Male'],0,0,3,4,3,Dry,Straight,Level,Medium,No
20184,29,Missouri,290388,1,2,1,1,1,NOT APPLICABLE,July,2,Sunday,23,15,Rural,Low Speed (Local),No,36.66283333,-93.20566667,Non-Intersection,Dark - Not Lighted,Clear,Unknown,Unknown if Notified,Unknown EMS Scene Arrival Hour,Unknown if Arrived,Not Applicable (Not Transported),Not Applicable (Not Transported),1,Dark - Unlighted,Clear,0,1,[],[],0,0,Valid,0.0,0.0,47.0,47.0,['Male'],0,0,3,1,4,Dry,Straight,Grade/Hillcrest,Lowest,No
20185,29,Missouri,290389,0,1,1,0,1,KANSAS CITY,May,2,Tuesday,3,54,Urban,Low Speed (Local),No,39.26111389,-94.56278333,Non-Intersection,Dark - Unknown Lighting,Clear,3:00am-3:59am,54,4:00am-4:59am,0,Not Applicable (Not Transported),Not Applicable (Not Transported),1,Dark - Unlighted,Clear,1,0,['Driver'],['Shoulder_Lapbelt'],1,1,Valid,0.0,0.0,34.0,34.0,['Female'],0,0,3,4,3,Dry,Straight,Level,Lowest,No
20186,29,Missouri,290390,0,3,3,0,5,VINITA PARK,May,22,Monday,18,42,Urban,High Speed (Arterial),Yes,38.68555556,-90.34386111,Simple Junction,Daylight,Clear,Unknown,Unknown,Unknown EMS Scene Arrival Hour,Unknown EMS Scene Arrival Minutes,Unknown,Unknown EMS Hospital Arrival Time,1,Daylight,Clear,1,4,['Front_Passenger'],['Shoulder_Lapbelt'],0,0,Valid,0.0,1.0,44.0,25.0,"['Female', 'Female', 'Female']",0,0,3,4,5,Dry,Straight,Grade/Hillcrest,Lowest,No
20187,29,Missouri,290391,1,4,4,0,11,FLORDELL HILLS,June,28,Wednesday,22,0,Urban,Medium Speed (Collector),No,38.72011111,-90.26541667,Non-Intersection,Dark - Lighted,Clear,10:00pm-10:59pm,7,10:00pm-10:59pm,12,10:00pm-10:59pm,51,2,Dark - Lighted,Clear,2,9,"['Driver', 'Front_Passenger']","['Shoulder_Lapbelt', 'Shoulder_Lapbelt']",1,2,Valid,1.0,1.0,74.0,27.0,"['Male', 'Female', 'Female', 'Female']",1,0,3,4,5,Dry,Straight,Level,Lowest,No
20188,29,Missouri,290392,0,2,2,0,2,ST. LOUIS,July,3,Monday,22,0,Urban,High Speed (Arterial),No,38.59337778,-90.293875,Complex/Circle,Dark - Lighted,Clear,10:00pm-10:59pm,6,10:00pm-10:59pm,13,10:00pm-10:59pm,38,1,Dark - Lighted,Clear,1,1,['Driver'],['None_Used'],0,0,Valid,2.0,0.0,46.0,41.0,"['Male', 'Male']",0,0,5,4,5,Dry,Straight,Level,Lowest,No
20189,29,Missouri,290393,1,1,1,0,1,FLORISSANT,July,3,Monday,21,54,Urban,High Speed (Arterial),Yes,38.80606944,-90.36188333,Non-Intersection,Dark - Not Lighted,Clear,Unknown,Unknown if Notified,Unknown EMS Scene Arrival Hour,Unknown if Arrived,Not Applicable (Not Transported),Not Applicable (Not Transported),1,Dark - Unlighted,Clear,0,0,[],[],0,0,Invalid,0.0,0.0,999.0,999.0,['Other'],1,0,2,0,4,Dry,Straight,Level,Lowest,No
20190,29,Missouri,290394,0,2,2,0,3,HAMILTON,July,4,Tuesday,9,32,Rural,High Speed (Arterial),Yes,39.73344444,-93.99869444,Non-Intersection,Daylight,Clear,9:00am-9:59am,40,9:00am-9:59am,50,10:00am-10:59am,39,2,Daylight,Clear,2,1,"['Driver', 'Front_Passenger']","['Shoulder_Lapbelt', 'Shoulder_Lapbelt']",0,0,Valid,0.0,1.0,70.0,62.0,"['Male', 'Male']",0,0,4,4,5,Dry,Straight,Level,Lowest,No
20191,29,Missouri,290395,0,2,2,0,3,KANSAS CITY,July,4,Tuesday,12,38,Urban,High Speed (Arterial),Yes,39.303125,-94.50005833,Complex/Circle,Daylight,Clear,12:00pm-12:59pm,38,12:00pm-12:59pm,46,1:00pm-1:59pm,18,1,Daylight,Clear,1,2,['Driver'],['None_Used'],0,0,Valid,1.0,1.0,56.0,39.0,"['Male', 'Male']",0,0,5,4,5,Dry,Straight,Grade/Hillcrest,Lowest,No
20192,29,Missouri,290396,0,1,1,0,3,NOT APPLICABLE,July,4,Tuesday,12,8,Rural,Low Speed (Local),No,40.21291667,-94.02369444,Non-Intersection,Daylight,Clear,12:00pm-12:59pm,10,12:00pm-12:59pm,16,12:00pm-12:59pm,41,1,Daylight,Clear,1,2,['Driver'],['None_Used'],0,0,Valid,0.0,0.0,38.0,38.0,['Male'],0,0,5,4,3,Dry,Straight,Grade/Hillcrest,Lowest,No
20193,29,Missouri,290397,0,2,2,0,3,NEW LONDON,July,4,Tuesday,21,48,Rural,High Speed (Arterial),Yes,39.58030556,-91.40538889,Non-Intersection,Dark - Not Lighted,Clear,9:00pm-9:59pm,57,10:00pm-10:59pm,29,11:00pm-11:59pm,28,1,Dark - Unlighted,Clear,1,2,['Driver'],['Shoulder_Lapbelt'],0,0,Valid,1.0,1.0,54.0,43.0,"['Female', 'Female']",1,0,3,4,5,Dry,Curve,Level,Lowest,No
20194,29,Missouri,290398,0,1,1,0,2,JOPLIN,July,5,Wednesday,18,35,Urban,Medium Speed (Collector),No,37.04436667,-94.52187222,Non-Intersection,Daylight,Clear,6:00pm-6:59pm,36,6:00pm-6:59pm,40,6:00pm-6:59pm,53,1,Daylight,Clear,1,1,['Driver'],['None_Used'],1,1,Valid,0.0,0.0,31.0,31.0,['Male'],2,0,3,4,3,Dry,Curve,Level,Lowest,No
20195,29,Missouri,290399,0,2,2,0,2,NOT APPLICABLE,May,17,Wednesday,7,8,Urban,High Speed (Arterial),Yes,38.43639167,-90.55666667,Complex/Circle,Daylight,"Fog, Smog, Smoke",7:00am-7:59am,17,7:00am-7:59am,23,7:00am-7:59am,48,1,Daylight,Reduced Visibility,1,1,['Driver'],['Shoulder_Lapbelt'],0,0,Valid,1.0,0.0,78.0,76.0,"['Male', 'Male']",0,0,3,4,5,Dry,Straight,Grade/Hillcrest,Lowest,No
20196,29,Missouri,290400,0,1,1,0,1,NOT APPLICABLE,May,31,Wednesday,19,0,Rural,Low Speed (Local),No,39.15436667,-94.30282778,Non-Intersection,Daylight,Clear,7:00pm-7:59pm,6,7:00pm-7:59pm,14,7:00pm-7:59pm,28,1,Daylight,Clear,1,0,['Driver'],['None_Used'],0,0,Valid,0.0,0.0,35.0,35.0,['Male'],0,0,5,1,3,Dry,Curve,Grade/Hillcrest,Lowest,No
20197,29,Missouri,290401,0,1,1,0,1,NOT APPLICABLE,July,5,Wednesday,17,55,Rural,Medium Speed (Collector),No,36.51367222,-93.71443889,Non-Intersection,Daylight,Clear,Unknown,Unknown if Notified,Unknown EMS Scene Arrival Hour,Unknown if Arrived,Not Applicable (Not Transported),Not Applicable (Not Transported),1,Daylight,Clear,1,0,['Driver'],['None_Used'],1,1,Invalid,1.0,0.0,53.0,53.0,['Male'],0,0,3,4,3,Dry,Curve,Grade/Hillcrest,Lowest,No
20198,29,Missouri,290402,0,2,2,0,2,ST. LOUIS,July,6,Thursday,17,22,Urban,Medium Speed (Collector),No,38.54642778,-90.25906944,Non-Intersection,Daylight,Clear,5:00pm-5:59pm,20,5:00pm-5:59pm,32,5:00pm-5:59pm,50,1,Daylight,Clear,1,0,['Driver'],['None_Used'],0,0,Invalid,4.0,0.0,999.0,21.0,"['Female', 'Female']",1,0,5,4,5,Dry,Straight,Level,Lowest,No
20199,29,Missouri,290403,0,2,2,0,8,NOT APPLICABLE,July,6,Thursday,12,10,Rural,Medium Speed (Collector),No,37.98641667,-90.44494444,Non-Intersection,Daylight,Clear,12:00pm-12:59pm,13,12:00pm-12:59pm,31,1:00pm-1:59pm,11,1,Daylight,Clear,1,7,['Driver'],['None_Used'],1,1,Valid,1.0,0.0,69.0,26.0,"['Male', 'Female']",0,0,3,4,5,Dry,Curve,Grade/Hillcrest,Lowest,No