,State_Code,State_Name,Crash_ID,Count_Non_Motorists,Count_Vehicles_Total,Count_Vehicle_Forms,Count_PVH_Involved,Count_Occupants_MV,City_Name,Month_Name,Day_of_Month,Day_of_Week,Crash_Hour,Crash_Minute,Area_Rural_Urban,Road_Functional_Class,On_NHS_Road,Latitude,Longitude,Intersection_Type,Light_Condition,Weather_Condition,Notif_Hour,Notif_Minute,Arrival_Hour,Arrival_Minute,Hospital_Hour,Hospital_Minute,Fatalities_Count,Clean_Light_Condition,Clean_Weather_Condition,Total_Killed,Total_Alive,Fatal_Seats_List,Killed_Restraint_List,Any_Driver_Drinking,Total_Drinking_Drivers,Driver_License_Category,Driver_Max_Prev_Accident_Count,Driver_Max_Prev_Speeding_Count,Max_Driver_Age,Min_Driver_Age,Driver_Sex_List,Total_Exceeding_Limit_Vehicles,Total_Too_Fast_Vehicles,Max_Vehicle_Type_Severity_5,Max_Vehicle_Damage_Rank,Max_Harmful_Event_Severity,Crash_Road_Surface_Condition,Crash_Horizontal_Alignment,Crash_Vertical_Profile,Crash_Impairment_Category,Crash_Vehicle_Defect
20200,29,Missouri,290404,0,1,1,0,1,NOT APPLICABLE,July,6,Thursday,18,30,Rural,Medium Speed (Collector),No,39.45116667,-92.17213889,Non-Intersection,Daylight,Clear,Unknown,Unknown if Notified,Unknown EMS Scene Arrival Hour,Unknown if Arrived,Not Applicable (Not Transported),Not Applicable (Not Transported),1,Daylight,Clear,1,0,['Driver'],['None_Used'],1,1,Invalid,1.0,0.0,43.0,43.0,['Male'],1,0,3,4,3,Dry,Straight,Level,Lowest,No
20201,29,Missouri,290405,0,2,2,0,2,NOT APPLICABLE,July,6,Thursday,13,22,Rural,Medium Speed (Collector),No,37.58580556,-94.18458333,Complex/Circle,Daylight,Clear,1:00pm-1:59pm,30,2:00pm-2:59pm,2,2:00pm-2:59pm,48,1,Daylight,Clear,1,1,['Driver'],['None_Used'],0,0,Valid,2.0,0.0,82.0,59.0,"['Male', 'Female']",0,0,3,4,5,Dry,Straight,Level,Lowest,No
20202,29,Missouri,290406,0,3,3,0,3,JOPLIN,July,7,Friday,11,55,Urban,High Speed (Arterial),Yes,37.10269444,-94.42772222,Non-Intersection,Daylight,Clear,11:00am-11:59am,56,12:00pm-12:59pm,9,12:00pm-12:59pm,34,1,Daylight,Clear,1,2,['Driver'],['Shoulder_Lapbelt'],1,1,Valid,0.0,0.0,61.0,43.0,"['Male', 'Female', 'Male']",1,0,4,4,5,Dry,Curve,Level,Lowest,No
20203,29,Missouri,290407,1,1,1,0,2,KANSAS CITY,July,7,Friday,23,4,Urban,High Speed (Arterial),Yes,39.07973056,-94.53923611,Non-Intersection,Dark - Lighted,Clear,11:00pm-11:59pm,15,11:00pm-11:59pm,28,Unknown,Unknown EMS Hospital Arrival Time,1,Dark - Lighted,Clear,0,2,[],[],0,0,Invalid,1.0,1.0,26.0,26.0,['Male'],0,0,2,3,4,Dry,Straight,Grade/Hillcrest,Lowest,No
20204,29,Missouri,290408,0,2,2,0,2,ST. LOUIS,July,7,Friday,17,7,Urban,High Speed (Arterial),Yes,38.60109722,-90.23194722,Complex/Circle,Daylight,Cloudy,5:00pm-5:59pm,2,5:00pm-5:59pm,24,5:00pm-5:59pm,42,1,Daylight,Reduced Visibility,1,1,['Driver'],['None_Used'],0,0,Valid,0.0,1.0,57.0,55.0,"['Male', 'Male']",0,0,5,4,5,Dry,Straight,Level,Lowest,No
20205,29,Missouri,290409,0,2,2,0,3,KANSAS CITY,July,8,Saturday,18,33,Urban,Medium Speed (Collector),No,39.083675,-94.53165,Complex/Circle,Daylight,Clear,6:00pm-6:59pm,33,6:00pm-6:59pm,44,7:00pm-7:59pm,36,1,Daylight,Clear,1,2,['Rear_Seat'],['None_Used'],1,1,Valid,1.0,0.0,60.0,30.0,"['Male', 'Male']",1,0,3,4,5,Dry,Straight,Grade/Hillcrest,Lowest,No
20206,29,Missouri,290410,1,1,1,0,1,COLUMBIA,May,31,Wednesday,1,20,Urban,High Speed (Arterial),Yes,38.92026111,-92.294,Non-Intersection,Dark - Not Lighted,Clear,1:00am-1:59am,21,1:00am-1:59am,27,Not Applicable (Not Transported),Not Applicable (Not Transported),1,Dark - Unlighted,Clear,0,1,[],[],0,0,Valid,0.0,0.0,51.0,51.0,['Male'],0,0,4,1,4,Dry,Straight,Level,Lowest,No
20207,29,Missouri,290411,0,2,2,0,2,VERONA,July,6,Thursday,9,46,Rural,High Speed (Arterial),Yes,36.94863889,-93.77469444,Non-Intersection,Daylight,Cloudy,9:00am-9:59am,49,10:00am-10:59am,0,10:00am-10:59am,46,1,Daylight,Reduced Visibility,1,1,['Driver'],['Shoulder_Lapbelt'],1,1,Valid,0.0,0.0,82.0,38.0,"['Male', 'Male']",0,0,3,4,5,Dry,Straight,Level,Lowest,No
20208,29,Missouri,290412,0,2,2,0,2,NOT APPLICABLE,July,8,Saturday,19,23,Rural,Medium Speed (Collector),No,38.94847222,-90.996,Non-Intersection,Daylight,Cloudy,7:00pm-7:59pm,25,7:00pm-7:59pm,31,8:00pm-8:59pm,10,1,Daylight,Reduced Visibility,1,1,['Driver'],['None_Used'],1,1,Valid,0.0,1.0,60.0,25.0,"['Male', 'Male']",0,0,5,4,5,Dry,Curve,Grade/Hillcrest,Lowest,No
20209,29,Missouri,290413,0,1,1,0,1,NOT APPLICABLE,July,8,Saturday,23,41,Rural,Low Speed (Local),No,38.25775,-94.47794444,Non-Intersection,Dark - Not Lighted,Clear,Unknown,Unknown if Notified,Unknown EMS Scene Arrival Hour,Unknown if Arrived,Not Applicable (Not Transported),Not Applicable (Not Transported),1,Dark - Unlighted,Clear,1,0,['Driver'],['None_Used'],1,1,Valid,0.0,0.0,34.0,34.0,['Female'],1,0,5,4,3,Dry,Straight,Level,Lowest,No
20210,29,Missouri,290415,0,1,1,0,1,NOT APPLICABLE,July,8,Saturday,16,5,Rural,Medium Speed (Collector),No,37.38666667,-90.9695,Non-Intersection,Daylight,Clear,Unknown,Unknown if Notified,Unknown EMS Scene Arrival Hour,Unknown if Arrived,Not Applicable (Not Transported),Not Applicable (Not Transported),1,Daylight,Clear,1,0,['Driver'],['None_Used'],0,0,Valid,1.0,0.0,58.0,58.0,['Male'],0,0,3,4,3,Dry,Straight,Level,Lowest,No
20211,29,Missouri,290416,0,1,1,0,1,NOT APPLICABLE,July,8,Saturday,23,30,Rural,Medium Speed (Collector),No,36.88705556,-92.53913889,Non-Intersection,Dark - Not Lighted,Clear,Unknown,Unknown if Notified,Unknown EMS Scene Arrival Hour,Unknown if Arrived,Not Applicable (Not Transported),Not Applicable (Not Transported),1,Dark - Unlighted,Clear,1,0,['Driver'],['None_Used'],1,1,Valid,1.0,0.0,25.0,25.0,['Male'],1,0,5,4,3,Dry,Curve,Grade/Hillcrest,Lowest,No
20212,29,Missouri,290417,0,1,1,0,1,NOT APPLICABLE,July,9,Sunday,7,55,Rural,Low Speed (Local),No,38.29777778,-92.55719444,Non-Intersection,Dark - Not Lighted,Clear,Unknown,Unknown if Notified,Unknown EMS Scene Arrival Hour,Unknown if Arrived,Not Applicable (Not Transported),Not Applicable (Not Transported),1,Dark - Unlighted,Clear,1,0,['Driver'],['None_Used'],0,0,Invalid,0.0,0.0,51.0,51.0,['Male'],1,0,3,4,3,Dry,Straight,Grade/Hillcrest,Lowest,No
20213,29,Missouri,290418,1,2,2,0,1,O Fallon,July,9,Sunday,0,11,Urban,High Speed (Arterial),Yes,38.80352778,-90.74836111,Non-Intersection,Dark - Not Lighted,Clear,Unknown,Unknown if Notified,Unknown EMS Scene Arrival Hour,Unknown if Arrived,Not Applicable (Not Transported),Not Applicable (Not Transported),1,Dark - Unlighted,Clear,0,1,[],[],0,0,Valid,0.0,0.0,22.0,22.0,['Male'],0,0,3,4,5,Dry,Straight,Grade/Hillcrest,Lowest,No
20214,29,Missouri,290419,0,2,2,0,4,NOT APPLICABLE,July,10,Monday,12,16,Rural,Medium Speed (Collector),No,37.75952778,-90.50805556,Non-Intersection,Daylight,Clear,Unknown,Unknown,Unknown EMS Scene Arrival Hour,Unknown EMS Scene Arrival Minutes,Unknown,Unknown EMS Hospital Arrival Time,1,Daylight,Clear,1,3,['Driver'],['None_Used'],1,1,Valid,0.0,0.0,61.0,44.0,"['Female', 'Male']",0,0,3,4,5,Dry,Curve,Grade/Hillcrest,Lowest,No
20215,29,Missouri,290420,0,4,4,0,8,COLUMBIA,May,5,Friday,23,6,Urban,Medium Speed (Collector),No,38.90749167,-92.34475556,Complex/Circle,Dark - Lighted,Clear,11:00pm-11:59pm,7,11:00pm-11:59pm,12,11:00pm-11:59pm,46,1,Dark - Lighted,Clear,1,7,['Rear_Seat'],['None_Used'],0,0,Invalid,2.0,0.0,47.0,16.0,"['Male', 'Male', 'Female', 'Male']",6,0,3,4,5,Dry,Straight,Level,Lowest,No
20216,29,Missouri,290421,1,1,1,0,1,NOT APPLICABLE,July,10,Monday,0,50,Rural,High Speed (Arterial),Yes,38.73547222,-93.31280556,Non-Intersection,Dark - Not Lighted,Clear,0:00am-0:59am,58,1:00am-1:59am,5,Not Applicable (Not Transported),Not Applicable (Not Transported),1,Dark - Unlighted,Clear,0,0,[],[],0,0,Invalid,0.0,0.0,999.0,999.0,['Other'],0,0,2,1,4,Dry,Straight,Grade/Hillcrest,Lowest,No
20217,29,Missouri,290422,0,2,2,0,2,NOT APPLICABLE,July,10,Monday,5,15,Rural,Medium Speed (Collector),No,38.6578,-94.006625,Non-Intersection,Dark - Not Lighted,Clear,5:00am-5:59am,21,5:00am-5:59am,51,6:00am-6:59am,37,1,Dark - Unlighted,Clear,1,1,['Driver'],['None_Used'],0,0,Invalid,2.0,0.0,52.0,23.0,"['Male', 'Male']",0,0,5,4,5,Dry,Straight,Grade/Hillcrest,Lowest,No
20218,29,Missouri,290423,1,3,2,1,2,NOT APPLICABLE,July,11,Tuesday,11,28,Rural,High Speed (Arterial),Yes,38.6015,-94.26597222,Non-Intersection,Daylight,Clear,11:00am-11:59am,29,11:00am-11:59am,39,12:00pm-12:59pm,32,1,Daylight,Clear,1,1,['Driver'],['None_Used'],0,0,Valid,0.0,0.0,44.0,34.0,"['Male', 'Male']",0,0,5,4,5,Dry,Straight,Level,Lowest,No
20219,29,Missouri,290424,1,1,1,0,1,KANSAS CITY,July,11,Tuesday,16,49,Urban,Medium Speed (Collector),No,39.01304722,-94.56965556,Non-Intersection,Daylight,Clear,4:00pm-4:59pm,49,4:00pm-4:59pm,49,4:00pm-4:59pm,59,1,Daylight,Clear,0,1,[],[],0,0,Invalid,0.0,0.0,19.0,19.0,['Female'],0,0,2,4,4,Dry,Straight,Level,Lowest,No
20220,29,Missouri,290425,0,2,2,0,2,NOT APPLICABLE,July,11,Tuesday,16,30,Rural,Medium Speed (Collector),No,38.70747222,-91.14797222,Non-Intersection,Daylight,Clear,4:00pm-4:59pm,29,4:00pm-4:59pm,40,5:00pm-5:59pm,59,1,Daylight,Clear,1,1,['Driver'],['Shoulder_Lapbelt'],0,0,Valid,0.0,0.0,69.0,25.0,"['Female', 'Female']",0,0,3,4,5,Dry,Curve,Grade/Hillcrest,Lowest,No
20221,29,Missouri,290426,0,1,1,0,1,NOT APPLICABLE,July,11,Tuesday,20,6,Rural,Medium Speed (Collector),No,36.55194444,-94.27052778,Non-Intersection,Daylight,Clear,Unknown,Unknown if Notified,Unknown EMS Scene Arrival Hour,Unknown if Arrived,Not Applicable (Not Transported),Not Applicable (Not Transported),1,Daylight,Clear,1,0,['Driver'],['None_Used'],0,0,Valid,0.0,0.0,70.0,70.0,['Male'],1,0,5,4,3,Dry,Curve,Grade/Hillcrest,Lowest,No
20222,29,Missouri,290427,0,2,1,1,1,NOT APPLICABLE,July,12,Wednesday,13,35,Rural,Low Speed (Local),No,37.38216667,-93.23480556,Non-Intersection,Daylight,Clear,1:00pm-1:59pm,37,1:00pm-1:59pm,51,2:00pm-2:59pm,44,1,Daylight,Clear,1,0,['Driver'],['None_Used'],0,0,Valid,1.0,0.0,69.0,69.0,['Female'],1,0,3,4,5,Dry,Curve,Grade/Hillcrest,Lowest,No
20223,29,Missouri,290428,0,2,2,0,4,NOT APPLICABLE,July,12,Wednesday,16,44,Rural,Medium Speed (Collector),No,37.99280556,-93.99561111,Simple Junction,Daylight,Clear,Unknown,Unknown if Notified,Unknown EMS Scene Arrival Hour,Unknown if Arrived,Not Applicable (Not Transported),Not Applicable (Not Transported),1,Daylight,Clear,1,3,['Driver'],['None_Used'],0,0,Valid,0.0,1.0,28.0,17.0,"['Male', 'Male']",0,0,4,4,5,Dry,Straight,Grade/Hillcrest,Lowest,No
20224,29,Missouri,290429,0,3,3,0,3,NOT APPLICABLE,July,12,Wednesday,17,30,Rural,Medium Speed (Collector),No,38.98525,-90.79847222,Non-Intersection,Daylight,Cloudy,5:00pm-5:59pm,33,5:00pm-5:59pm,39,6:00pm-6:59pm,29,1,Daylight,Reduced Visibility,1,2,['Driver'],['None_Used'],0,0,Valid,1.0,0.0,81.0,17.0,"['Male', 'Male', 'Male']",0,0,3,4,5,Dry,Straight,Level,Medium,No
20225,29,Missouri,290430,1,1,1,0,2,POPLAR BLUFF,June,20,Tuesday,22,11,Urban,Medium Speed (Collector),No,36.75638889,-90.40783333,Non-Intersection,Dark - Lighted,Clear,10:00pm-10:59pm,14,10:00pm-10:59pm,16,10:00pm-10:59pm,30,1,Dark - Lighted,Clear,0,2,[],[],0,0,Valid,1.0,0.0,72.0,72.0,['Female'],0,0,3,1,4,Dry,Straight,Level,Lowest,No
20226,29,Missouri,290431,0,2,2,0,3,NOT APPLICABLE,July,13,Thursday,22,5,Urban,High Speed (Arterial),Yes,38.75730278,-90.25666944,Non-Intersection,Dark - Not Lighted,Clear,Unknown,Unknown if Notified,Unknown EMS Scene Arrival Hour,Unknown if Arrived,Not Applicable (Not Transported),Not Applicable (Not Transported),1,Dark - Unlighted,Clear,1,2,['Driver'],['None_Used'],0,0,Invalid,0.0,0.0,26.0,18.0,"['Female', 'Male']",2,0,5,4,5,Dry,Straight,Level,Lowest,No
20227,29,Missouri,290432,0,1,1,0,2,SPRINGFIELD,July,14,Friday,0,23,Urban,High Speed (Arterial),Yes,37.24977222,-93.30985278,Non-Intersection,Dark - Not Lighted,Clear,Unknown,Unknown,Unknown EMS Scene Arrival Hour,Unknown EMS Scene Arrival Minutes,Unknown,Unknown EMS Hospital Arrival Time,1,Dark - Unlighted,Clear,1,0,['Non_Standard_Risk'],['None_Used'],0,0,Invalid,0.0,0.0,999.0,999.0,['Other'],0,0,3,0,1,Dry,Straight,Grade/Hillcrest,Lowest,No
20228,29,Missouri,290433,0,1,1,0,2,KANSAS CITY,July,14,Friday,0,59,Urban,Low Speed (Local),No,39.06530278,-94.57393333,Simple Junction,Dark - Lighted,Clear,0:00am-0:59am,59,1:00am-1:59am,8,1:00am-1:59am,22,2,Dark - Lighted,Clear,2,0,"['Driver', 'Front_Passenger']","['None_Used', 'None_Used']",1,1,Invalid,1.0,0.0,33.0,33.0,['Male'],2,0,2,4,3,Dry,Straight,Grade/Hillcrest,Lowest,No
20229,29,Missouri,290434,0,1,1,0,1,HAZELWOOD,July,14,Friday,6,3,Urban,High Speed (Arterial),Yes,38.77794444,-90.35758333,Non-Intersection,Daylight,Clear,Unknown,Unknown if Notified,Unknown EMS Scene Arrival Hour,Unknown if Arrived,Not Applicable (Not Transported),Not Applicable (Not Transported),1,Daylight,Clear,1,0,['Driver'],['None_Used'],0,0,Valid,2.0,0.0,63.0,63.0,['Male'],0,0,2,4,3,Dry,Straight,Level,Lowest,No
20230,29,Missouri,290435,0,1,1,0,1,NOT APPLICABLE,July,14,Friday,99,99,Rural,Medium Speed (Collector),No,38.67033333,-94.22177778,Non-Intersection,Dark - Not Lighted,Clear,Unknown,Unknown if Notified,Unknown EMS Scene Arrival Hour,Unknown if Arrived,Not Applicable (Not Transported),Not Applicable (Not Transported),1,Dark - Unlighted,Clear,1,0,['Driver'],['None_Used'],1,1,Valid,0.0,0.0,52.0,52.0,['Male'],1,0,5,4,1,Dry,Curve,Grade/Hillcrest,Lowest,No
20231,29,Missouri,290436,1,1,1,0,2,CLAYTON,July,15,Saturday,22,45,Urban,High Speed (Arterial),Yes,38.641275,-90.33525,Non-Intersection,Dark - Lighted,Clear,10:00pm-10:59pm,47,10:00pm-10:59pm,53,11:00pm-11:59pm,21,1,Dark - Lighted,Clear,0,2,[],[],0,0,Valid,0.0,0.0,37.0,37.0,['Female'],0,0,2,1,4,Dry,Straight,Level,Lowest,No
20232,29,Missouri,290437,0,1,1,0,3,NOT APPLICABLE,July,16,Sunday,1,58,Rural,Low Speed (Local),No,37.14663889,-93.07933333,Non-Intersection,Dark - Not Lighted,Cloudy,Unknown,Unknown if Notified,Unknown EMS Scene Arrival Hour,Unknown if Arrived,Not Applicable (Not Transported),Not Applicable (Not Transported),1,Dark - Unlighted,Reduced Visibility,1,2,['Rear_Seat'],['None_Used'],1,1,Valid,1.0,1.0,18.0,18.0,['Male'],3,0,3,4,3,Dry,Curve,Level,Lowest,No
20233,29,Missouri,290438,0,1,1,0,3,NOT APPLICABLE,July,16,Sunday,21,15,Rural,Low Speed (Local),No,40.11988889,-92.62883333,Non-Intersection,Dark - Not Lighted,Clear,Unknown,Unknown if Notified,Unknown EMS Scene Arrival Hour,Unknown if Arrived,Not Applicable (Not Transported),Not Applicable (Not Transported),1,Dark - Unlighted,Clear,1,2,['Driver'],['None_Used'],1,1,Valid,0.0,0.0,15.0,15.0,['Female'],3,0,5,4,3,Dry,Straight,Grade/Hillcrest,Lowest,No
20234,29,Missouri,290439,0,1,1,0,1,NOT APPLICABLE,July,16,Sunday,18,10,Rural,Low Speed (Local),No,37.31977778,-93.21463889,Non-Intersection,Daylight,Clear,6:00pm-6:59pm,15,6:00pm-6:59pm,34,7:00pm-7:59pm,6,1,Daylight,Clear,1,0,['Driver'],['None_Used'],0,0,Valid,0.0,1.0,38.0,38.0,['Male'],0,0,5,4,3,Dry,Straight,Grade/Hillcrest,Lowest,No
20235,29,Missouri,290440,0,1,1,0,1,NOT APPLICABLE,July,17,Monday,15,0,Rural,Medium Speed (Collector),No,36.090225,-90.07438889,Non-Intersection,Daylight,Clear,3:00pm-3:59pm,43,4:00pm-4:59pm,7,5:00pm-5:59pm,28,1,Daylight,Clear,1,0,['Driver'],['None_Used'],0,0,Valid,0.0,1.0,59.0,59.0,['Female'],0,0,2,4,3,Dry,Straight,Level,Lowest,No
20236,29,Missouri,290441,0,2,2,0,2,GRANDVIEW,July,17,Monday,17,26,Urban,High Speed (Arterial),Yes,38.90430278,-94.52398611,Non-Intersection,Daylight,Cloudy,6:00pm-6:59pm,47,6:00pm-6:59pm,52,Not Applicable (Not Transported),Not Applicable (Not Transported),1,Daylight,Reduced Visibility,1,1,['Driver'],['None_Used'],1,1,Invalid,1.0,1.0,49.0,29.0,"['Male', 'Female']",1,0,2,4,3,Dry,Straight,Level,Lowest,Yes
20237,29,Missouri,290442,2,1,1,0,1,NOT APPLICABLE,July,17,Monday,13,20,Rural,Medium Speed (Collector),No,38.4505,-92.71319444,Non-Intersection,Daylight,Cloudy,1:00pm-1:59pm,29,1:00pm-1:59pm,39,2:00pm-2:59pm,40,1,Daylight,Reduced Visibility,0,1,[],[],0,0,Valid,0.0,0.0,74.0,74.0,['Female'],0,0,3,3,1,Dry,Straight,Grade/Hillcrest,Lowest,No
20238,29,Missouri,290443,0,2,2,0,2,CREVE COEUR,July,17,Monday,19,25,Urban,High Speed (Arterial),Yes,38.65497222,-90.44825,Non-Intersection,Daylight,Clear,7:00pm-7:59pm,33,7:00pm-7:59pm,36,7:00pm-7:59pm,47,1,Daylight,Clear,1,1,['Driver'],['None_Used'],0,0,Valid,0.0,1.0,43.0,18.0,"['Male', 'Female']",1,0,5,4,5,Dry,Straight,Level,Lowest,No
20239,29,Missouri,290444,0,2,2,0,4,NOT APPLICABLE,July,18,Tuesday,19,30,Rural,Medium Speed (Collector),No,37.19105556,-93.95266667,Non-Intersection,Daylight,Clear,Unknown,Unknown,Unknown EMS Scene Arrival Hour,Unknown EMS Scene Arrival Minutes,Unknown,Unknown EMS Hospital Arrival Time,2,Daylight,Clear,2,2,"['Driver', 'Rear_Seat']","['None_Used', 'Child_Safety']",0,0,Valid,0.0,0.0,32.0,31.0,"['Male', 'Male']",0,0,3,4,5,Dry,Straight,Grade/Hillcrest,Lowest,No
20240,29,Missouri,290445,2,1,1,0,1,BERKELEY,July,19,Wednesday,21,53,Urban,Medium Speed (Collector),No,38.75708333,-90.330825,Non-Intersection,Dark - Lighted,Clear,9:00pm-9:59pm,52,9:00pm-9:59pm,54,10:00pm-10:59pm,19,1,Dark - Lighted,Clear,0,0,[],[],0,0,Invalid,0.0,0.0,999.0,999.0,['Other'],1,0,2,0,4,Dry,Straight,Level,Lowest,No
20241,29,Missouri,290446,0,2,2,0,3,BERKELEY,July,20,Thursday,15,19,Urban,High Speed (Arterial),Yes,38.75816667,-90.33952778,Non-Intersection,Daylight,Clear,3:00pm-3:59pm,27,3:00pm-3:59pm,38,4:00pm-4:59pm,6,1,Daylight,Clear,1,2,['Driver'],['None_Used'],0,0,Valid,2.0,0.0,39.0,25.0,"['Male', 'Male']",1,0,2,4,5,Dry,Straight,Level,Lowest,Yes
20242,29,Missouri,290447,0,1,1,0,2,NOT APPLICABLE,July,20,Thursday,22,2,Rural,High Speed (Arterial),Yes,37.07483333,-93.95622222,Non-Intersection,Dark - Not Lighted,Cloudy,10:00pm-10:59pm,2,10:00pm-10:59pm,14,11:00pm-11:59pm,22,1,Dark - Unlighted,Reduced Visibility,1,1,['Driver'],['Shoulder_Lapbelt'],0,0,Invalid,0.0,0.0,72.0,72.0,['Female'],0,0,2,4,3,Dry,Straight,Level,Lowest,No
20243,29,Missouri,290448,0,1,1,0,2,BRIDGETON,July,20,Thursday,11,0,Urban,High Speed (Arterial),Yes,38.79447222,-90.46052778,Non-Intersection,Daylight,Rain,11:00am-11:59am,1,11:00am-11:59am,6,11:00am-11:59am,32,1,Daylight,Rain/Wind/Minor,1,1,['Driver'],['None_Used'],0,0,Valid,1.0,1.0,27.0,27.0,['Male'],2,0,4,4,3,Wet/Standing Water,Straight,Grade/Hillcrest,Lowest,No
20244,29,Missouri,290449,0,1,1,0,1,NOT APPLICABLE,July,20,Thursday,19,53,Rural,Medium Speed (Collector),No,39.41016667,-90.98922222,Non-Intersection,Daylight,Clear,7:00pm-7:59pm,58,8:00pm-8:59pm,3,Not Applicable (Not Transported),Not Applicable (Not Transported),1,Daylight,Clear,1,0,['Driver'],['Shoulder_Lapbelt'],0,0,Invalid,0.0,0.0,38.0,38.0,['Male'],1,0,2,4,3,Dry,Straight,Grade/Hillcrest,Lowest,No
20245,29,Missouri,290450,0,1,1,0,1,NOT APPLICABLE,July,21,Friday,13,45,Rural,Medium Speed (Collector),No,36.62244444,-92.98616667,Non-Intersection,Daylight,Cloudy,1:00pm-1:59pm,54,2:00pm-2:59pm,13,3:00pm-3:59pm,24,1,Daylight,Reduced Visibility,1,0,['Driver'],['Shoulder_Lapbelt'],0,0,Valid,0.0,0.0,44.0,44.0,['Female'],1,0,3,3,2,Wet/Standing Water,Curve,Grade/Hillcrest,Lowest,No
20246,29,Missouri,290451,0,3,3,0,3,ST. LOUIS,July,24,Monday,1,53,Urban,Medium Speed (Collector),No,38.70676667,-90.24941389,Complex/Circle,Dark - Lighted,Clear,1:00am-1:59am,50,1:00am-1:59am,53,2:00am-2:59am,41,1,Dark - Lighted,Clear,1,2,['Driver'],['Shoulder_Lapbelt'],0,0,Invalid,0.0,0.0,46.0,33.0,"['Male', 'Male', 'Male']",1,0,2,4,5,Dry,Straight,Grade/Hillcrest,Lowest,No
20247,29,Missouri,290452,0,1,1,0,1,IBERIA,July,26,Wednesday,20,25,Rural,Medium Speed (Collector),No,38.09321944,-92.28425833,Non-Intersection,Daylight,Clear,Unknown,Unknown if Notified,Unknown EMS Scene Arrival Hour,Unknown if Arrived,Not Applicable (Not Transported),Not Applicable (Not Transported),1,Daylight,Clear,1,0,['Driver'],['None_Used'],1,1,Invalid,0.0,0.0,34.0,34.0,['Male'],1,0,3,4,3,Dry,Curve,Level,Lowest,No
20248,29,Missouri,290453,0,2,2,0,2,BLUE SPRINGS,July,26,Wednesday,2,1,Urban,High Speed (Arterial),Yes,39.00933056,-94.28017778,Non-Intersection,Dark - Lighted,Clear,2:00am-2:59am,6,2:00am-2:59am,9,2:00am-2:59am,21,1,Dark - Lighted,Clear,1,1,['Driver'],['None_Used'],1,1,Valid,1.0,2.0,35.0,25.0,"['Male', 'Male']",1,0,5,4,5,Dry,Straight,Grade/Hillcrest,Lowest,No
20249,29,Missouri,290454,0,2,2,0,3,LEBANON,July,26,Wednesday,13,1,Urban,Low Speed (Local),No,37.67,-92.66313889,Complex/Circle,Daylight,Clear,1:00pm-1:59pm,1,1:00pm-1:59pm,11,2:00pm-2:59pm,21,1,Daylight,Clear,1,2,['Front_Passenger'],['Shoulder_Lapbelt'],0,0,Valid,1.0,2.0,70.0,52.0,"['Male', 'Male']",0,0,4,4,5,Dry,Straight,Level,Lowest,No
20250,29,Missouri,290455,0,4,4,0,4,KANSAS CITY,July,27,Thursday,8,45,Urban,High Speed (Arterial),Yes,38.93883333,-94.54979167,Non-Intersection,Daylight,Clear,8:00am-8:59am,44,8:00am-8:59am,51,Not Applicable (Not Transported),Not Applicable (Not Transported),1,Daylight,Clear,1,2,['Driver'],['Shoulder_Lapbelt'],0,0,Valid,4.0,0.0,999.0,24.0,"['Male', 'Female', 'Other', 'Male']",0,0,4,4,5,Dry,Straight,Level,Lowest,No
20251,29,Missouri,290456,0,1,1,0,1,NOT APPLICABLE,July,27,Thursday,22,0,Rural,Medium Speed (Collector),No,39.84213889,-92.17991667,Non-Intersection,Dark - Not Lighted,Clear,10:00pm-10:59pm,59,11:00pm-11:59pm,11,Not Applicable (Not Transported),Not Applicable (Not Transported),1,Dark - Unlighted,Clear,1,0,['Driver'],['None_Used'],1,1,Valid,0.0,0.0,48.0,48.0,['Male'],0,0,5,4,3,Dry,Straight,Grade/Hillcrest,Lowest,No
20252,29,Missouri,290457,0,2,2,0,2,KANSAS CITY,July,28,Friday,22,48,Urban,High Speed (Arterial),Yes,39.105475,-94.52625833,Non-Intersection,Dark - Lighted,Clear,10:00pm-10:59pm,47,10:00pm-10:59pm,56,11:00pm-11:59pm,30,1,Dark - Lighted,Clear,1,1,['Driver'],['None_Used'],1,1,Invalid,1.0,0.0,47.0,24.0,"['Male', 'Male']",0,0,5,4,5,Dry,Straight,Level,Lowest,No
20253,29,Missouri,290458,0,3,3,0,5,POPLAR BLUFF,July,28,Friday,19,29,Urban,Medium Speed (Collector),No,36.75680556,-90.38580556,Non-Intersection,Daylight,Clear,7:00pm-7:59pm,30,7:00pm-7:59pm,33,8:00pm-8:59pm,9,1,Daylight,Clear,1,4,['Driver'],['None_Used'],0,0,Valid,2.0,1.0,82.0,34.0,"['Female', 'Male', 'Male']",1,0,3,4,5,Dry,Curve,Level,Lowest,No
20254,29,Missouri,290459,0,1,1,0,1,NOT APPLICABLE,July,28,Friday,18,30,Rural,Medium Speed (Collector),No,37.30475,-92.35958333,Non-Intersection,Daylight,Clear,6:00pm-6:59pm,51,6:00pm-6:59pm,57,Not Applicable (Not Transported),Not Applicable (Not Transported),1,Daylight,Clear,1,0,['Driver'],['None_Used'],0,0,Valid,0.0,0.0,72.0,72.0,['Male'],1,0,5,4,2,Dry,Curve,Level,Lowest,No
20255,29,Missouri,290460,0,2,2,0,2,ST. CHARLES,July,28,Friday,0,28,Urban,High Speed (Arterial),Yes,38.78477778,-90.52583333,Non-Intersection,Dark - Not Lighted,Clear,0:00am-0:59am,32,0:00am-0:59am,39,Not Applicable (Not Transported),Not Applicable (Not Transported),1,Dark - Unlighted,Clear,1,1,['Driver'],['Shoulder_Lapbelt'],0,0,Valid,0.0,0.0,61.0,36.0,"['Male', 'Male']",0,0,4,4,5,Dry,Straight,Grade/Hillcrest,Lowest,Yes