,State_Code,State_Name,Crash_ID,Count_Non_Motorists,Count_Vehicles_Total,Count_Vehicle_Forms,Count_PVH_Involved,Count_Occupants_MV,City_Name,Month_Name,Day_of_Month,Day_of_Week,Crash_Hour,Crash_Minute,Area_Rural_Urban,Road_Functional_Class,On_NHS_Road,Latitude,Longitude,Intersection_Type,Light_Condition,Weather_Condition,Notif_Hour,Notif_Minute,Arrival_Hour,Arrival_Minute,Hospital_Hour,Hospital_Minute,Fatalities_Count,Clean_Light_Condition,Clean_Weather_Condition,Total_Killed,Total_Alive,Fatal_Seats_List,Killed_Restraint_List,Any_Driver_Drinking,Total_Drinking_Drivers,Driver_License_Category,Driver_Max_Prev_Accident_Count,Driver_Max_Prev_Speeding_Count,Max_Driver_Age,Min_Driver_Age,Driver_Sex_List,Total_Exceeding_Limit_Vehicles,Total_Too_Fast_Vehicles,Max_Vehicle_Type_Severity_5,Max_Vehicle_Damage_Rank,Max_Harmful_Event_Severity,Crash_Road_Surface_Condition,Crash_Horizontal_Alignment,Crash_Vertical_Profile,Crash_Impairment_Category,Crash_Vehicle_Defect
20256,29,Missouri,290461,0,2,2,0,2,ST. LOUIS,July,21,Friday,18,30,Urban,High Speed (Arterial),Yes,38.61151111,-90.21029722,Non-Intersection,Daylight,Clear,6:00pm-6:59pm,23,6:00pm-6:59pm,35,6:00pm-6:59pm,51,1,Daylight,Clear,1,1,['Driver'],['None_Used'],1,1,Valid,0.0,0.0,67.0,31.0,"['Male', 'Male']",1,0,5,4,5,Dry,Curve,Level,Lowest,No
20257,29,Missouri,290462,0,2,2,0,2,ST. JOSEPH,July,22,Saturday,10,19,Urban,High Speed (Arterial),No,39.73345,-94.80105278,Complex/Circle,Daylight,Clear,10:00am-10:59am,20,10:00am-10:59am,30,10:00am-10:59am,51,1,Daylight,Clear,1,1,['Driver'],['None_Used'],0,0,Invalid,2.0,1.0,60.0,22.0,"['Male', 'Female']",1,0,5,4,5,Dry,Straight,Level,Lowest,No
20258,29,Missouri,290463,0,2,2,0,2,NOT APPLICABLE,July,22,Saturday,18,15,Rural,High Speed (Arterial),Yes,38.50755556,-90.57269444,Non-Intersection,Daylight,Clear,6:00pm-6:59pm,11,6:00pm-6:59pm,20,6:00pm-6:59pm,47,1,Daylight,Clear,1,0,['Driver'],['Shoulder_Lapbelt'],0,0,Valid,3.0,0.0,999.0,38.0,"['Female', 'Other']",0,0,3,4,5,Dry,Curve,Level,Lowest,Yes
20259,29,Missouri,290464,0,1,1,0,1,NOT APPLICABLE,July,22,Saturday,11,6,Rural,Medium Speed (Collector),No,37.15705556,-90.0175,Non-Intersection,Daylight,Clear,Unknown,Unknown if Notified,Unknown EMS Scene Arrival Hour,Unknown if Arrived,Not Applicable (Not Transported),Not Applicable (Not Transported),1,Daylight,Clear,1,0,['Driver'],['None_Used'],0,0,Invalid,0.0,0.0,78.0,78.0,['Male'],0,0,5,4,3,Dry,Curve,Grade/Hillcrest,Lowest,No
20260,29,Missouri,290465,0,6,6,0,8,SPRINGFIELD,July,22,Saturday,7,43,Urban,High Speed (Arterial),Yes,37.18249722,-93.31789167,Complex/Circle,Daylight,Clear,7:00am-7:59am,44,7:00am-7:59am,54,8:00am-8:59am,21,1,Daylight,Clear,1,7,['Driver'],['Shoulder_Lapbelt'],1,1,Invalid,0.0,1.0,61.0,17.0,"['Male', 'Male', 'Male', 'Female', 'Female', 'Male']",0,0,2,4,5,Dry,Straight,Level,Lowest,No
20261,29,Missouri,290466,0,2,2,0,2,NOT APPLICABLE,July,23,Sunday,12,46,Rural,High Speed (Arterial),Yes,40.06813889,-93.65744444,Non-Intersection,Daylight,Clear,12:00pm-12:59pm,50,12:00pm-12:59pm,54,1:00pm-1:59pm,21,1,Daylight,Clear,1,1,['Driver'],['None_Used'],0,0,Valid,0.0,0.0,77.0,66.0,"['Female', 'Male']",0,0,3,4,5,Dry,Straight,Level,Lowest,No
20262,29,Missouri,290467,0,1,1,0,1,SULLIVAN,July,23,Sunday,1,0,Urban,Medium Speed (Collector),No,38.22586111,-91.16811111,Non-Intersection,Dark - Lighted,Clear,Unknown,Unknown,Unknown EMS Scene Arrival Hour,Unknown EMS Scene Arrival Minutes,Unknown,Unknown EMS Hospital Arrival Time,1,Dark - Lighted,Clear,1,0,['Driver'],['None_Used'],1,1,Invalid,0.0,0.0,38.0,38.0,['Male'],0,0,3,4,3,Dry,Straight,Level,Lowest,No
20263,29,Missouri,290469,0,1,1,0,1,NOT APPLICABLE,July,24,Monday,14,35,Rural,Medium Speed (Collector),No,36.92561111,-89.74294444,Non-Intersection,Daylight,Cloudy,2:00pm-2:59pm,33,2:00pm-2:59pm,48,3:00pm-3:59pm,15,1,Daylight,Reduced Visibility,1,0,['Driver'],['None_Used'],0,0,Valid,0.0,0.0,23.0,23.0,['Female'],0,0,2,4,3,Dry,Straight,Level,Lowest,No
20264,29,Missouri,290470,0,1,1,0,1,NOT APPLICABLE,July,24,Monday,12,57,Rural,Medium Speed (Collector),No,37.09847222,-93.85713889,Non-Intersection,Daylight,Clear,Unknown,Unknown if Notified,Unknown EMS Scene Arrival Hour,Unknown if Arrived,Not Applicable (Not Transported),Not Applicable (Not Transported),1,Daylight,Clear,1,0,['Driver'],['Shoulder_Lapbelt'],0,0,Valid,0.0,0.0,38.0,38.0,['Male'],0,0,4,4,3,Dry,Straight,Grade/Hillcrest,Lowest,No
20265,29,Missouri,290471,0,1,1,0,1,ST. JOSEPH,May,11,Thursday,22,20,Rural,Low Speed (Local),No,39.78730556,-94.84815278,Non-Intersection,Dark - Lighted,Clear,10:00pm-10:59pm,22,10:00pm-10:59pm,28,10:00pm-10:59pm,46,1,Dark - Lighted,Clear,1,0,['Driver'],['None_Used'],1,1,Valid,0.0,0.0,52.0,52.0,['Male'],0,0,5,4,3,Dry,Straight,Level,Lowest,No
20266,29,Missouri,290472,0,3,3,0,4,KANSAS CITY,June,11,Sunday,15,37,Urban,Medium Speed (Collector),No,39.19609722,-94.62102778,Complex/Circle,Daylight,Cloudy,3:00pm-3:59pm,37,3:00pm-3:59pm,44,4:00pm-4:59pm,3,1,Daylight,Reduced Visibility,1,3,['Front_Passenger'],['Shoulder_Lapbelt'],0,0,Valid,1.0,0.0,84.0,16.0,"['Female', 'Male', 'Female']",0,0,3,1,5,Dry,Straight,Level,Lowest,No
20267,29,Missouri,290473,1,1,1,0,1,STEELVILLE,July,26,Wednesday,5,0,Rural,Medium Speed (Collector),No,37.98505556,-91.37691667,Non-Intersection,Dark - Not Lighted,Cloudy,5:00am-5:59am,6,5:00am-5:59am,10,Not Applicable (Not Transported),Not Applicable (Not Transported),1,Dark - Unlighted,Reduced Visibility,0,1,[],[],0,0,Valid,0.0,1.0,34.0,34.0,['Female'],0,0,2,4,4,Dry,Straight,Level,Lowest,No
20268,29,Missouri,290474,0,2,2,0,2,NOT APPLICABLE,July,29,Saturday,5,17,Urban,High Speed (Arterial),Yes,38.48716667,-90.27786111,Non-Intersection,Dark - Lighted,Cloudy,5:00am-5:59am,20,5:00am-5:59am,30,5:00am-5:59am,58,1,Dark - Lighted,Reduced Visibility,1,1,['Driver'],['None_Used'],1,1,Valid,1.0,0.0,38.0,28.0,"['Male', 'Female']",1,0,3,4,5,Dry,Straight,Level,Lowest,No
20269,29,Missouri,290475,1,1,1,0,1,KANSAS CITY,July,29,Saturday,3,31,Urban,High Speed (Arterial),Yes,39.02187222,-94.50075,Non-Intersection,Dark - Lighted,Clear,3:00am-3:59am,36,3:00am-3:59am,48,Not Applicable (Not Transported),Not Applicable (Not Transported),1,Dark - Lighted,Clear,0,1,[],[],0,0,Valid,0.0,0.0,55.0,55.0,['Male'],0,0,4,1,4,Dry,Straight,Level,Lowest,No
20270,29,Missouri,290476,0,2,2,0,5,SPRINGFIELD,July,29,Saturday,16,15,Urban,High Speed (Arterial),Yes,37.18191111,-93.35903333,Complex/Circle,Daylight,Clear,4:00pm-4:59pm,20,4:00pm-4:59pm,26,4:00pm-4:59pm,47,2,Daylight,Clear,2,3,"['Driver', 'Front_Passenger']","['None_Used', 'None_Used']",0,0,Valid,0.0,1.0,37.0,30.0,"['Male', 'Male']",0,0,3,4,5,Dry,Straight,Level,Lowest,No
20271,29,Missouri,290477,0,1,1,0,1,NOT APPLICABLE,July,29,Saturday,3,30,Rural,Medium Speed (Collector),No,38.67902222,-91.05856389,Non-Intersection,Dark - Not Lighted,Clear,Unknown,Unknown if Notified,Unknown EMS Scene Arrival Hour,Unknown if Arrived,Not Applicable (Not Transported),Not Applicable (Not Transported),1,Dark - Unlighted,Clear,1,0,['Driver'],['None_Used'],0,0,Invalid,2.0,0.0,25.0,25.0,['Male'],1,0,5,4,2,Dry,Curve,Grade/Hillcrest,Lowest,No
20272,29,Missouri,290478,1,1,1,0,1,NOT APPLICABLE,July,29,Saturday,0,58,Urban,Medium Speed (Collector),No,38.70188889,-90.39090556,Non-Intersection,Dark - Lighted,Clear,1:00am-1:59am,0,1:00am-1:59am,4,1:00am-1:59am,28,1,Dark - Lighted,Clear,0,0,[],[],0,0,Invalid,0.0,0.0,999.0,999.0,['Other'],0,0,3,0,4,Dry,Straight,Level,Lowest,No
20273,29,Missouri,290479,0,1,1,0,1,NOT APPLICABLE,July,30,Sunday,11,30,Rural,Medium Speed (Collector),No,39.29708333,-94.29552778,Non-Intersection,Daylight,Clear,Unknown,Unknown,Unknown EMS Scene Arrival Hour,Unknown EMS Scene Arrival Minutes,Not Applicable (Not Transported),Not Applicable (Not Transported),1,Daylight,Clear,1,0,['Driver'],['None_Used'],0,0,Valid,0.0,0.0,35.0,35.0,['Male'],0,0,5,4,2,Dry,Curve,Grade/Hillcrest,Lowest,No
20274,29,Missouri,290480,0,2,2,0,2,NOT APPLICABLE,July,30,Sunday,21,45,Urban,Medium Speed (Collector),No,38.67733889,-90.39479167,Non-Intersection,Dark - Not Lighted,Cloudy,9:00pm-9:59pm,35,9:00pm-9:59pm,39,9:00pm-9:59pm,57,1,Dark - Unlighted,Reduced Visibility,1,1,['Driver'],['None_Used'],0,0,Valid,3.0,0.0,62.0,39.0,"['Male', 'Female']",0,0,5,4,5,Dry,Straight,Grade/Hillcrest,Lowest,No
20275,29,Missouri,290481,1,1,1,0,1,NOT APPLICABLE,July,30,Sunday,3,52,Rural,Low Speed (Local),No,39.30986111,-94.43358333,Non-Intersection,Dark - Not Lighted,Clear,3:00am-3:59am,55,4:00am-4:59am,8,Not Applicable (Not Transported),Not Applicable (Not Transported),1,Dark - Unlighted,Clear,0,0,[],[],0,0,Invalid,0.0,0.0,999.0,999.0,['Other'],0,0,1,0,4,Dry,Straight,Level,Lowest,No
20276,29,Missouri,290482,0,2,2,0,3,NOT APPLICABLE,July,30,Sunday,17,20,Rural,High Speed (Arterial),Yes,37.84361111,-91.79886111,Non-Intersection,Daylight,Clear,5:00pm-5:59pm,22,5:00pm-5:59pm,33,Unknown,Unknown EMS Hospital Arrival Time,1,Daylight,Clear,1,2,['Driver'],['None_Used'],0,0,Valid,0.0,0.0,62.0,56.0,"['Male', 'Male']",2,0,3,4,5,Dry,Straight,Non-Trafficway,Lowest,No
20277,29,Missouri,290483,0,2,2,0,2,INDEPENDENCE,July,31,Monday,7,3,Urban,High Speed (Arterial),Yes,39.10076667,-94.46418333,Simple Junction,Daylight,Cloudy,7:00am-7:59am,6,7:00am-7:59am,12,7:00am-7:59am,31,1,Daylight,Reduced Visibility,1,1,['Driver'],['None_Used'],0,0,Valid,0.0,2.0,33.0,26.0,"['Male', 'Male']",1,0,2,4,5,Dry,Curve,Grade/Hillcrest,Lowest,No
20278,29,Missouri,290484,1,1,1,0,1,FENTON,July,29,Saturday,13,40,Rural,Low Speed (Local),No,38.502575,-90.44471944,Non-Intersection,Daylight,Clear,1:00pm-1:59pm,38,1:00pm-1:59pm,43,1:00pm-1:59pm,59,1,Daylight,Clear,0,1,[],[],0,0,Valid,0.0,0.0,18.0,18.0,['Male'],0,0,3,1,4,Dry,Straight,Level,Lowest,No
20279,29,Missouri,290485,0,1,1,0,1,NOT APPLICABLE,May,9,Tuesday,14,4,Rural,Medium Speed (Collector),No,37.17430556,-91.35663889,Non-Intersection,Daylight,Clear,2:00pm-2:59pm,7,2:00pm-2:59pm,25,Unknown,Unknown EMS Hospital Arrival Time,1,Daylight,Clear,1,0,['Driver'],['Shoulder_Lapbelt'],0,0,Valid,1.0,0.0,62.0,62.0,['Male'],1,0,3,4,3,Dry,Curve,Grade/Hillcrest,Lowest,No
20280,29,Missouri,290486,0,2,2,0,4,JENNINGS,June,18,Sunday,20,39,Urban,Medium Speed (Collector),No,38.72499722,-90.24975,Non-Intersection,Dark - Not Lighted,Clear,8:00pm-8:59pm,41,8:00pm-8:59pm,49,9:00pm-9:59pm,14,1,Dark - Unlighted,Clear,1,2,['Driver'],['Shoulder_Lapbelt'],0,0,Invalid,1.0,0.0,999.0,59.0,"['Other', 'Male']",3,0,3,4,5,Dry,Straight,Level,Lowest,No
20281,29,Missouri,290487,0,2,2,0,4,SPRINGFIELD,August,1,Tuesday,12,48,Urban,High Speed (Arterial),No,37.24073889,-93.29751389,Complex/Circle,Daylight,Clear,12:00pm-12:59pm,48,12:00pm-12:59pm,52,1:00pm-1:59pm,13,1,Daylight,Clear,1,3,['Driver'],['None_Used'],0,0,Valid,1.0,0.0,36.0,35.0,"['Male', 'Female']",1,0,5,4,5,Dry,Straight,Grade/Hillcrest,Lowest,No
20282,29,Missouri,290488,0,2,2,0,2,NOT APPLICABLE,August,1,Tuesday,13,3,Urban,Medium Speed (Collector),No,38.40076111,-90.37588611,Simple Junction,Daylight,Clear,Unknown,Unknown,Unknown EMS Scene Arrival Hour,Unknown EMS Scene Arrival Minutes,Unknown,Unknown EMS Hospital Arrival Time,1,Daylight,Clear,1,1,['Driver'],['Shoulder_Lapbelt'],1,1,Valid,1.0,0.0,64.0,27.0,"['Male', 'Male']",0,0,2,4,5,Dry,Straight,Level,Lowest,No
20283,29,Missouri,290489,0,2,2,0,3,KANSAS CITY,August,1,Tuesday,8,46,Urban,Medium Speed (Collector),No,38.98328889,-94.55764167,Non-Intersection,Daylight,Cloudy,8:00am-8:59am,46,8:00am-8:59am,51,9:00am-9:59am,0,1,Daylight,Reduced Visibility,1,2,['Driver'],['None_Used'],0,0,Invalid,1.0,0.0,44.0,28.0,"['Male', 'Female']",1,0,5,4,5,Dry,Straight,Grade/Hillcrest,Lowest,No
20284,29,Missouri,290490,1,1,1,0,1,ST. LOUIS,August,2,Wednesday,2,16,Urban,High Speed (Arterial),Yes,38.68055,-90.26121667,Simple Junction,Dark - Lighted,Cloudy,2:00am-2:59am,16,2:00am-2:59am,25,2:00am-2:59am,41,1,Dark - Lighted,Reduced Visibility,0,1,[],[],0,0,Invalid,1.0,1.0,47.0,47.0,['Female'],0,0,3,1,4,Dry,Straight,Level,Lowest,No
20285,29,Missouri,290491,0,1,1,0,1,NOT APPLICABLE,August,2,Wednesday,13,45,Rural,Medium Speed (Collector),No,36.62497222,-92.16094444,Non-Intersection,Daylight,Clear,Unknown,Unknown if Notified,Unknown EMS Scene Arrival Hour,Unknown if Arrived,Not Applicable (Not Transported),Not Applicable (Not Transported),1,Daylight,Clear,1,0,['Driver'],['None_Used'],1,1,Invalid,1.0,0.0,53.0,53.0,['Male'],1,0,5,4,2,Dry,Curve,Grade/Hillcrest,Lowest,No
20286,29,Missouri,290492,1,2,2,0,3,NOT APPLICABLE,August,3,Thursday,15,38,Rural,High Speed (Arterial),Yes,38.15188889,-91.91094444,Non-Intersection,Daylight,Clear,Unknown,Unknown if Notified,Unknown EMS Scene Arrival Hour,Unknown if Arrived,Not Applicable (Not Transported),Not Applicable (Not Transported),1,Daylight,Clear,0,3,[],[],0,0,Valid,2.0,0.0,25.0,25.0,['Male'],0,0,3,4,5,Dry,Straight,Grade/Hillcrest,Medium,No
20287,29,Missouri,290493,0,2,2,0,2,NOT APPLICABLE,August,3,Thursday,20,25,Rural,High Speed (Arterial),Yes,38.81748056,-90.27150556,Non-Intersection,Dark - Lighted,Cloudy,Unknown,Unknown if Notified,Unknown EMS Scene Arrival Hour,Unknown if Arrived,Not Applicable (Not Transported),Not Applicable (Not Transported),1,Dark - Lighted,Reduced Visibility,1,1,['Driver'],['Shoulder_Lapbelt'],0,0,Invalid,1.0,0.0,28.0,21.0,"['Male', 'Female']",0,0,2,1,5,Dry,Straight,Grade/Hillcrest,Lowest,No
20288,29,Missouri,290494,0,2,2,0,2,ST. LOUIS,August,4,Friday,20,21,Urban,Medium Speed (Collector),No,38.69866111,-90.24232222,Simple Junction,Daylight,Cloudy,8:00pm-8:59pm,17,8:00pm-8:59pm,34,8:00pm-8:59pm,52,1,Daylight,Reduced Visibility,1,1,['Driver'],['None_Used'],0,0,Valid,0.0,0.0,57.0,40.0,"['Male', 'Male']",0,0,5,4,5,Dry,Straight,Grade/Hillcrest,Lowest,No
20289,29,Missouri,290495,0,1,1,0,2,NOT APPLICABLE,August,4,Friday,8,30,Rural,Low Speed (Local),No,39.25744444,-91.08855556,Non-Intersection,Daylight,Clear,8:00am-8:59am,22,8:00am-8:59am,40,Unknown,Unknown EMS Hospital Arrival Time,1,Daylight,Clear,1,1,['Driver'],['Shoulder_Lapbelt'],0,0,Invalid,0.0,0.0,10.0,10.0,['Male'],2,0,5,1,3,Dry,Straight,Grade/Hillcrest,Lowest,No
20290,29,Missouri,290496,0,2,2,0,7,NOT APPLICABLE,August,6,Sunday,0,58,Rural,High Speed (Arterial),Yes,39.00225,-93.79533333,Non-Intersection,Dark - Not Lighted,Clear,0:00am-0:59am,58,1:00am-1:59am,15,1:00am-1:59am,48,1,Dark - Unlighted,Clear,1,6,['Front_Passenger'],['None_Used'],0,0,Valid,2.0,2.0,46.0,33.0,"['Male', 'Female']",0,0,3,4,5,Dry,Straight,Level,Lowest,No
20291,29,Missouri,290497,0,1,1,0,1,NOT APPLICABLE,August,5,Saturday,14,26,Rural,High Speed (Arterial),No,38.10244444,-92.88677778,Non-Intersection,Daylight,Clear,Unknown,Unknown,Unknown EMS Scene Arrival Hour,Unknown EMS Scene Arrival Minutes,Unknown,Unknown EMS Hospital Arrival Time,1,Daylight,Clear,1,0,['Driver'],['None_Used'],0,0,Valid,0.0,0.0,28.0,28.0,['Male'],0,0,5,4,3,Dry,Curve,Grade/Hillcrest,Lowest,No
20292,29,Missouri,290498,0,2,2,0,2,CAMERON,August,6,Sunday,6,20,Urban,Medium Speed (Collector),No,39.74477778,-94.22836111,Non-Intersection,Daylight,Cloudy,6:00am-6:59am,24,6:00am-6:59am,30,7:00am-7:59am,16,1,Daylight,Reduced Visibility,1,1,['Driver'],['Shoulder_Lapbelt'],0,0,Invalid,1.0,0.0,86.0,22.0,"['Female', 'Male']",0,0,2,4,5,Dry,Straight,Level,Lowest,No
20293,29,Missouri,290499,1,1,1,0,4,FARMINGTON,August,6,Sunday,21,5,Urban,High Speed (Arterial),Yes,37.77411111,-90.44475,Non-Intersection,Dark - Lighted,Clear,9:00pm-9:59pm,4,9:00pm-9:59pm,9,9:00pm-9:59pm,26,1,Dark - Lighted,Clear,0,4,[],[],0,0,Valid,0.0,0.0,29.0,29.0,['Female'],0,0,3,4,4,Dry,Curve,Grade/Hillcrest,Lowest,No
20294,29,Missouri,290500,0,2,2,0,3,ST. JOSEPH,August,6,Sunday,19,30,Urban,Medium Speed (Collector),No,39.77256389,-94.840225,Complex/Circle,Daylight,Rain,7:00pm-7:59pm,30,7:00pm-7:59pm,42,7:00pm-7:59pm,57,1,Daylight,Rain/Wind/Minor,1,2,['Rear_Seat'],['None_Used'],0,0,Invalid,0.0,0.0,51.0,16.0,"['Male', 'Male']",0,0,5,4,5,Wet/Standing Water,Straight,Level,Lowest,No
20295,29,Missouri,290501,0,1,1,0,1,KANSAS CITY,August,6,Sunday,22,29,Urban,High Speed (Arterial),Yes,39.09679444,-94.57262778,Non-Intersection,Dark - Lighted,Clear,10:00pm-10:59pm,29,10:00pm-10:59pm,36,Not Applicable (Not Transported),Not Applicable (Not Transported),1,Dark - Lighted,Clear,1,0,['Driver'],['None_Used'],1,1,Valid,0.0,1.0,25.0,25.0,['Male'],1,0,5,1,2,Dry,Curve,Grade/Hillcrest,Lowest,No
20296,29,Missouri,290502,0,2,2,0,4,NOT APPLICABLE,August,7,Monday,7,33,Rural,Medium Speed (Collector),No,39.65897222,-94.64680556,Complex/Circle,Daylight,Cloudy,Unknown,Unknown if Notified,Unknown EMS Scene Arrival Hour,Unknown if Arrived,Not Applicable (Not Transported),Not Applicable (Not Transported),1,Daylight,Reduced Visibility,1,3,['Driver'],['None_Used'],0,0,Valid,0.0,0.0,70.0,21.0,"['Male', 'Female']",0,0,3,4,5,Dry,Straight,Level,Lowest,No
20297,29,Missouri,290503,0,2,2,0,4,NOT APPLICABLE,August,8,Tuesday,19,41,Rural,High Speed (Arterial),Yes,39.42925,-91.25619444,Non-Intersection,Daylight,Clear,Unknown,Unknown,Unknown EMS Scene Arrival Hour,Unknown EMS Scene Arrival Minutes,Unknown,Unknown EMS Hospital Arrival Time,1,Daylight,Clear,1,3,['Rear_Seat'],['None_Used'],1,2,Valid,1.0,1.0,26.0,26.0,"['Male', 'Male']",0,0,3,4,5,Dry,Straight,Level,Lowest,No
20298,29,Missouri,290504,0,2,2,0,3,ST. JOSEPH,August,8,Tuesday,5,57,Urban,Medium Speed (Collector),No,39.74614722,-94.85610833,Simple Junction,Daylight,Clear,6:00am-6:59am,0,6:00am-6:59am,3,6:00am-6:59am,25,1,Daylight,Clear,1,2,['Driver'],['None_Used'],0,0,Invalid,1.0,0.0,31.0,28.0,"['Male', 'Male']",1,0,5,4,5,Dry,Straight,Level,Lowest,No
20299,29,Missouri,290505,0,2,2,0,2,NOT APPLICABLE,August,8,Tuesday,20,30,Rural,High Speed (Arterial),Yes,39.77827778,-93.17519444,Complex/Circle,Daylight,Clear,8:00pm-8:59pm,32,8:00pm-8:59pm,40,9:00pm-9:59pm,0,1,Daylight,Clear,1,1,['Driver'],['None_Used'],0,0,Valid,0.0,0.0,81.0,67.0,"['Male', 'Male']",0,0,3,4,5,Dry,Straight,Level,Lowest,No
20300,29,Missouri,290506,0,2,2,0,2,KANSAS CITY,August,8,Tuesday,20,41,Urban,Medium Speed (Collector),No,38.98843056,-94.57579722,Non-Intersection,Dark - Lighted,Clear,8:00pm-8:59pm,42,8:00pm-8:59pm,48,8:00pm-8:59pm,59,1,Dark - Lighted,Clear,1,0,['Driver'],['None_Used'],0,0,Invalid,0.0,0.0,999.0,66.0,"['Other', 'Male']",1,0,5,1,5,Dry,Straight,Grade/Hillcrest,Lowest,No
20301,29,Missouri,290507,0,2,2,0,3,NOT APPLICABLE,August,8,Tuesday,14,50,Rural,Medium Speed (Collector),No,38.20222222,-91.44208333,Complex/Circle,Daylight,Clear,2:00pm-2:59pm,50,3:00pm-3:59pm,14,4:00pm-4:59pm,21,2,Daylight,Clear,2,1,"['Driver', 'Rear_Seat']","['None_Used', 'None_Used']",0,0,Valid,0.0,0.0,60.0,60.0,"['Male', 'Female']",0,0,5,4,5,Dry,Curve,Grade/Hillcrest,Lowest,No
20302,29,Missouri,290508,0,2,2,0,2,KANSAS CITY,August,8,Tuesday,21,55,Urban,Medium Speed (Collector),No,39.24636389,-94.604625,Non-Intersection,Dark - Lighted,Clear,Unknown,Unknown if Notified,Unknown EMS Scene Arrival Hour,Unknown if Arrived,Not Applicable (Not Transported),Not Applicable (Not Transported),1,Dark - Lighted,Clear,1,1,['Driver'],['None_Used'],0,0,Valid,1.0,0.0,19.0,17.0,"['Female', 'Male']",1,0,5,4,5,Dry,Straight,Grade/Hillcrest,Lowest,No
20303,29,Missouri,290509,0,2,2,0,7,NOT APPLICABLE,August,9,Wednesday,10,14,Rural,Medium Speed (Collector),No,37.179,-93.17941667,Non-Intersection,Daylight,Rain,10:00am-10:59am,16,10:00am-10:59am,26,10:00am-10:59am,55,2,Daylight,Rain/Wind/Minor,2,5,"['Driver', 'Driver']","['Shoulder_Lapbelt', 'Shoulder_Lapbelt']",0,0,Invalid,1.0,1.0,56.0,29.0,"['Female', 'Female']",6,0,3,4,5,Wet/Standing Water,Straight,Grade/Hillcrest,Lowest,No
20304,29,Missouri,290510,0,1,1,0,1,ST. LOUIS,February,27,Monday,99,99,Urban,Medium Speed (Collector),No,38.65178056,-90.23426111,Simple Junction,Dark - Unknown Lighting,Clear,Unknown,Unknown,Unknown EMS Scene Arrival Hour,Unknown EMS Scene Arrival Minutes,Unknown,Unknown EMS Hospital Arrival Time,1,Dark - Unlighted,Clear,1,0,['Driver'],['Shoulder_Lapbelt'],0,0,Invalid,0.0,0.0,45.0,45.0,['Male'],0,0,2,0,3,Dry,Straight,Level,Lowest,No
20305,29,Missouri,290511,0,3,2,1,2,ST. LOUIS,August,1,Tuesday,14,0,Urban,Low Speed (Local),No,38.647,-90.19687778,Complex/Circle,Daylight,Clear,2:00pm-2:59pm,0,2:00pm-2:59pm,4,2:00pm-2:59pm,22,1,Daylight,Clear,1,1,['Driver'],['None_Used'],0,0,Valid,0.0,0.0,50.0,47.0,"['Male', 'Male']",0,0,3,4,5,Dry,Straight,Level,Lowest,No
20306,29,Missouri,290512,0,2,2,0,3,PINE LAWN,August,5,Saturday,3,20,Urban,Medium Speed (Collector),No,38.68991667,-90.27747222,Non-Intersection,Dark - Lighted,Rain,3:00am-3:59am,23,3:00am-3:59am,29,3:00am-3:59am,52,1,Dark - Lighted,Rain/Wind/Minor,1,2,['Front_Passenger'],['None_Used'],1,1,Valid,3.0,1.0,38.0,24.0,"['Male', 'Male']",2,0,2,4,5,Wet/Standing Water,Curve,Level,Lowest,No
20307,29,Missouri,290513,0,1,1,0,1,KANSAS CITY,August,9,Wednesday,12,58,Urban,Medium Speed (Collector),No,38.954825,-94.56683333,Simple Junction,Daylight,Cloudy,12:00pm-12:59pm,59,1:00pm-1:59pm,4,1:00pm-1:59pm,26,1,Daylight,Reduced Visibility,1,0,['Driver'],['Shoulder_Lapbelt'],0,0,Valid,1.0,1.0,93.0,93.0,['Male'],0,0,3,4,3,Dry,Straight,Grade/Hillcrest,Lowest,No
20308,29,Missouri,290514,0,2,2,0,3,NOT APPLICABLE,August,9,Wednesday,13,15,Rural,High Speed (Arterial),Yes,37.16527778,-92.05683333,Simple Junction,Daylight,Rain,1:00pm-1:59pm,17,1:00pm-1:59pm,35,1:00pm-1:59pm,58,1,Daylight,Rain/Wind/Minor,1,2,['Driver'],['Shoulder_Lapbelt'],0,0,Valid,1.0,0.0,60.0,48.0,"['Female', 'Male']",2,0,3,4,5,Wet/Standing Water,Straight,Level,Lowest,Yes
20309,29,Missouri,290515,0,4,4,0,6,ST. JOSEPH,August,10,Thursday,9,9,Urban,High Speed (Arterial),Yes,39.74851389,-94.85316944,Non-Intersection,Daylight,Clear,9:00am-9:59am,12,9:00am-9:59am,16,9:00am-9:59am,45,2,Daylight,Clear,2,4,"['Front_Passenger', 'Rear_Seat']","['Shoulder_Lapbelt', 'Shoulder_Lapbelt']",0,0,Valid,0.0,6.0,73.0,30.0,"['Male', 'Male', 'Male', 'Male']",0,0,4,4,5,Dry,Straight,Grade/Hillcrest,Lowest,Yes
20310,29,Missouri,290516,0,3,3,0,4,NOT APPLICABLE,August,10,Thursday,11,44,Rural,High Speed (Arterial),Yes,39.24480556,-93.51219444,Non-Intersection,Daylight,Clear,11:00am-11:59am,31,12:00pm-12:59pm,10,12:00pm-12:59pm,48,1,Daylight,Clear,1,3,['Driver'],['Shoulder_Lapbelt'],0,0,Valid,2.0,0.0,90.0,51.0,"['Female', 'Male', 'Female']",0,0,4,4,5,Dry,Straight,Level,Lowest,No
20311,29,Missouri,290517,0,2,2,0,2,GRANDVIEW,August,10,Thursday,17,53,Urban,Medium Speed (Collector),No,38.90249444,-94.53209722,Non-Intersection,Daylight,Clear,5:00pm-5:59pm,53,5:00pm-5:59pm,58,Not Applicable (Not Transported),Not Applicable (Not Transported),1,Daylight,Clear,1,1,['Driver'],['None_Used'],1,1,Invalid,0.0,1.0,33.0,28.0,"['Male', 'Male']",1,0,5,4,5,Dry,Curve,Level,Lowest,No
20312,29,Missouri,290518,0,2,2,0,2,SULLIVAN,August,10,Thursday,11,52,Urban,Medium Speed (Collector),No,38.20836111,-91.17641667,Complex/Circle,Daylight,Clear,Unknown,Unknown,Unknown EMS Scene Arrival Hour,Unknown EMS Scene Arrival Minutes,Unknown,Unknown EMS Hospital Arrival Time,1,Daylight,Clear,1,1,['Driver'],['None_Used'],0,0,Valid,0.0,0.0,64.0,20.0,"['Male', 'Female']",0,0,5,4,5,Dry,Straight,Level,Lowest,No