,State_Code,State_Name,Crash_ID,Count_Non_Motorists,Count_Vehicles_Total,Count_Vehicle_Forms,Count_PVH_Involved,Count_Occupants_MV,City_Name,Month_Name,Day_of_Month,Day_of_Week,Crash_Hour,Crash_Minute,Area_Rural_Urban,Road_Functional_Class,On_NHS_Road,Latitude,Longitude,Intersection_Type,Light_Condition,Weather_Condition,Notif_Hour,Notif_Minute,Arrival_Hour,Arrival_Minute,Hospital_Hour,Hospital_Minute,Fatalities_Count,Clean_Light_Condition,Clean_Weather_Condition,Total_Killed,Total_Alive,Fatal_Seats_List,Killed_Restraint_List,Any_Driver_Drinking,Total_Drinking_Drivers,Driver_License_Category,Driver_Max_Prev_Accident_Count,Driver_Max_Prev_Speeding_Count,Max_Driver_Age,Min_Driver_Age,Driver_Sex_List,Total_Exceeding_Limit_Vehicles,Total_Too_Fast_Vehicles,Max_Vehicle_Type_Severity_5,Max_Vehicle_Damage_Rank,Max_Harmful_Event_Severity,Crash_Road_Surface_Condition,Crash_Horizontal_Alignment,Crash_Vertical_Profile,Crash_Impairment_Category,Crash_Vehicle_Defect
20313,29,Missouri,290519,0,1,1,0,5,NOT APPLICABLE,August,10,Thursday,2,50,Rural,Low Speed (Local),No,36.93536111,-94.08097222,Non-Intersection,Dark - Not Lighted,Cloudy,2:00am-2:59am,58,3:00am-3:59am,21,Unknown,Unknown EMS Hospital Arrival Time,1,Dark - Unlighted,Reduced Visibility,1,4,['Driver'],['None_Used'],1,1,Invalid,0.0,0.0,21.0,21.0,['Male'],5,0,2,4,3,Dry,Curve,Level,Lowest,No
20314,29,Missouri,290520,1,1,1,0,2,BERKELEY,August,11,Friday,23,30,Urban,High Speed (Arterial),Yes,38.75730556,-90.33875,Non-Intersection,Dark - Lighted,Clear,Unknown,Unknown if Notified,Unknown EMS Scene Arrival Hour,Unknown if Arrived,Not Applicable (Not Transported),Not Applicable (Not Transported),1,Dark - Lighted,Clear,0,2,[],[],0,0,Invalid,0.0,1.0,31.0,31.0,['Male'],0,0,3,1,4,Dry,Straight,Level,Lowest,No
20315,29,Missouri,290521,0,2,2,0,2,INDEPENDENCE,August,12,Saturday,20,36,Urban,High Speed (Arterial),No,39.10715,-94.38134444,Complex/Circle,Daylight,Clear,Unknown,Unknown if Notified,Unknown EMS Scene Arrival Hour,Unknown if Arrived,Not Applicable (Not Transported),Not Applicable (Not Transported),1,Daylight,Clear,1,1,['Driver'],['None_Used'],1,1,Invalid,0.0,0.0,36.0,20.0,"['Male', 'Male']",1,0,5,4,5,Dry,Straight,Grade/Hillcrest,Lowest,No
20316,29,Missouri,290523,0,1,1,0,2,BERKELEY,August,13,Sunday,2,20,Urban,High Speed (Arterial),Yes,38.72797222,-90.3315,Non-Intersection,Dark - Not Lighted,Clear,Unknown,Unknown,Unknown EMS Scene Arrival Hour,Unknown EMS Scene Arrival Minutes,Unknown,Unknown EMS Hospital Arrival Time,1,Dark - Unlighted,Clear,1,1,['Driver'],['Shoulder_Lapbelt'],1,1,Invalid,0.0,0.0,31.0,31.0,['Male'],0,0,3,4,3,Dry,Curve,Level,Lowest,No
20317,29,Missouri,290524,1,1,1,0,2,JOPLIN,August,13,Sunday,13,35,Urban,High Speed (Arterial),Yes,37.03785,-94.51276389,Non-Intersection,Daylight,Cloudy,Unknown,Unknown if Notified,Unknown EMS Scene Arrival Hour,Unknown if Arrived,Not Applicable (Not Transported),Not Applicable (Not Transported),1,Daylight,Reduced Visibility,0,2,[],[],0,0,Valid,1.0,0.0,73.0,73.0,['Male'],0,0,3,1,4,Dry,Straight,Level,Lowest,No
20318,29,Missouri,290525,0,2,2,0,2,NOT APPLICABLE,August,14,Monday,18,27,Rural,Medium Speed (Collector),No,39.16905556,-93.55013889,Non-Intersection,Daylight,Clear,6:00pm-6:59pm,33,6:00pm-6:59pm,50,7:00pm-7:59pm,39,2,Daylight,Clear,2,0,"['Driver', 'Driver']","['None_Used', 'None_Used']",0,0,Valid,1.0,1.0,61.0,17.0,"['Male', 'Male']",0,0,3,4,5,Dry,Straight,Grade/Hillcrest,Lowest,No
20319,29,Missouri,290526,0,1,1,0,1,NOT APPLICABLE,August,15,Tuesday,19,38,Rural,Low Speed (Local),No,39.19863889,-93.50805556,Non-Intersection,Daylight,Clear,7:00pm-7:59pm,47,8:00pm-8:59pm,2,8:00pm-8:59pm,19,1,Daylight,Clear,1,0,['Driver'],['None_Used'],0,0,Invalid,0.0,0.0,13.0,13.0,['Male'],1,0,5,1,3,Dry,Straight,Grade/Hillcrest,Lowest,Yes
20320,29,Missouri,290527,0,2,2,0,3,NOT APPLICABLE,August,16,Wednesday,22,49,Rural,High Speed (Arterial),Yes,37.18758333,-93.64008333,Non-Intersection,Dark - Not Lighted,Clear,11:00pm-11:59pm,19,11:00pm-11:59pm,42,0:00am-0:59am,18,1,Dark - Unlighted,Clear,1,2,['Driver'],['None_Used'],0,0,Invalid,0.0,0.0,82.0,30.0,"['Male', 'Male']",0,0,2,4,5,Dry,Curve,Grade/Hillcrest,Lowest,No
20321,29,Missouri,290528,0,2,2,0,3,NOT APPLICABLE,August,16,Wednesday,12,37,Rural,High Speed (Arterial),Yes,36.66077778,-91.71461111,Simple Junction,Daylight,Clear,12:00pm-12:59pm,38,12:00pm-12:59pm,52,1:00pm-1:59pm,45,1,Daylight,Clear,1,2,['Front_Passenger'],['Shoulder_Lapbelt'],0,0,Valid,1.0,0.0,41.0,28.0,"['Female', 'Male']",0,0,3,4,5,Dry,Straight,Grade/Hillcrest,Lowest,No
20322,29,Missouri,290529,1,1,1,0,1,NOT APPLICABLE,August,16,Wednesday,21,4,Rural,Low Speed (Local),No,38.89019444,-91.42422222,Non-Intersection,Dark - Not Lighted,Clear,Unknown,Unknown if Notified,Unknown EMS Scene Arrival Hour,Unknown if Arrived,Not Applicable (Not Transported),Not Applicable (Not Transported),1,Dark - Unlighted,Clear,0,1,[],[],0,0,Valid,0.0,0.0,30.0,30.0,['Male'],1,0,4,4,4,Dry,Straight,Grade/Hillcrest,Lowest,No
20323,29,Missouri,290530,0,1,1,0,1,NOT APPLICABLE,August,16,Wednesday,11,30,Rural,High Speed (Arterial),Yes,37.55886111,-89.74205556,Non-Intersection,Daylight,Clear,Unknown,Unknown if Notified,Unknown EMS Scene Arrival Hour,Unknown if Arrived,Not Applicable (Not Transported),Not Applicable (Not Transported),1,Daylight,Clear,1,0,['Driver'],['Shoulder_Lapbelt'],0,0,Valid,0.0,0.0,23.0,23.0,['Female'],0,0,3,4,3,Dry,Straight,Level,Lowest,No
20324,29,Missouri,290531,0,2,2,0,5,NOT APPLICABLE,August,17,Thursday,20,38,Rural,High Speed (Arterial),Yes,36.32913889,-90.02791667,Simple Junction,Dark - Not Lighted,Clear,8:00pm-8:59pm,44,8:00pm-8:59pm,56,10:00pm-10:59pm,38,1,Dark - Unlighted,Clear,1,4,['Driver'],['Shoulder_Lapbelt'],0,0,Valid,0.0,0.0,43.0,31.0,"['Male', 'Male']",0,0,4,4,5,Dry,Straight,Level,Lowest,Yes
20325,29,Missouri,290532,0,1,1,0,1,NOT APPLICABLE,August,17,Thursday,16,50,Rural,Medium Speed (Collector),No,38.60761389,-92.48459444,Non-Intersection,Daylight,Clear,4:00pm-4:59pm,56,5:00pm-5:59pm,4,5:00pm-5:59pm,37,1,Daylight,Clear,1,0,['Driver'],['Shoulder_Lapbelt'],0,0,Valid,0.0,0.0,83.0,83.0,['Female'],0,0,3,4,3,Dry,Curve,Grade/Hillcrest,Medium,No
20326,29,Missouri,290533,0,1,1,0,1,NOT APPLICABLE,August,17,Thursday,11,0,Rural,Medium Speed (Collector),No,36.53894444,-93.39041667,Non-Intersection,Daylight,Clear,11:00am-11:59am,3,11:00am-11:59am,27,Not Applicable (Not Transported),Not Applicable (Not Transported),1,Daylight,Clear,1,0,['Driver'],['None_Used'],0,0,Valid,0.0,0.0,73.0,73.0,['Male'],1,0,3,4,3,Dry,Curve,Grade/Hillcrest,Lowest,No
20327,29,Missouri,290534,0,2,2,0,3,NOT APPLICABLE,August,18,Friday,17,35,Rural,Medium Speed (Collector),No,36.97233333,-89.146,Non-Intersection,Daylight,Clear,Unknown,Unknown,Unknown EMS Scene Arrival Hour,Unknown EMS Scene Arrival Minutes,Unknown,Unknown EMS Hospital Arrival Time,2,Daylight,Clear,2,1,"['Driver', 'Rear_Seat']","['None_Used', 'None_Used']",0,0,Valid,0.0,0.0,57.0,42.0,"['Male', 'Male']",0,0,5,4,5,Dry,Curve,Grade/Hillcrest,Lowest,No
20328,29,Missouri,290536,0,2,2,0,2,NOT APPLICABLE,August,18,Friday,12,40,Rural,Medium Speed (Collector),No,37.39847222,-94.29897222,Complex/Circle,Daylight,Clear,Unknown,Unknown if Notified,Unknown EMS Scene Arrival Hour,Unknown if Arrived,Not Applicable (Not Transported),Not Applicable (Not Transported),1,Daylight,Clear,1,1,['Driver'],['None_Used'],0,0,Valid,0.0,0.0,57.0,57.0,"['Male', 'Female']",1,0,5,4,5,Dry,Straight,Grade/Hillcrest,Lowest,No
20329,29,Missouri,290537,0,3,3,0,7,NOT APPLICABLE,August,19,Saturday,16,0,Rural,High Speed (Arterial),Yes,38.68291667,-93.00683333,Non-Intersection,Daylight,Clear,4:00pm-4:59pm,10,4:00pm-4:59pm,44,5:00pm-5:59pm,47,1,Daylight,Clear,1,6,['Driver'],['None_Used'],0,0,Valid,0.0,0.0,71.0,33.0,"['Male', 'Male', 'Male']",0,0,3,4,5,Dry,Straight,Level,Lowest,No
20330,29,Missouri,290538,0,1,1,0,2,NOT APPLICABLE,August,19,Saturday,0,18,Rural,Medium Speed (Collector),No,36.98805556,-93.41991667,Non-Intersection,Dark - Not Lighted,Clear,Unknown,Unknown if Notified,Unknown EMS Scene Arrival Hour,Unknown if Arrived,Not Applicable (Not Transported),Not Applicable (Not Transported),1,Dark - Unlighted,Clear,1,1,['Front_Passenger'],['None_Used'],0,0,Valid,1.0,1.0,19.0,19.0,['Male'],0,0,3,4,3,Dry,Straight,Grade/Hillcrest,Lowest,No
20331,29,Missouri,290539,0,1,1,0,1,NOT APPLICABLE,August,19,Saturday,13,30,Rural,Medium Speed (Collector),No,36.51169444,-93.65288889,Non-Intersection,Daylight,Clear,Unknown,Unknown if Notified,Unknown EMS Scene Arrival Hour,Unknown if Arrived,Not Applicable (Not Transported),Not Applicable (Not Transported),1,Daylight,Clear,1,0,['Driver'],['None_Used'],1,1,Valid,0.0,0.0,56.0,56.0,['Male'],1,0,3,4,3,Dry,Curve,Level,Lowest,No
20332,29,Missouri,290540,0,1,1,0,2,ST. LOUIS,July,9,Sunday,5,46,Urban,High Speed (Arterial),Yes,38.65972222,-90.25927778,Non-Intersection,Daylight,Clear,5:00am-5:59am,46,5:00am-5:59am,49,6:00am-6:59am,23,1,Daylight,Clear,1,1,['Front_Passenger'],['Shoulder_Lapbelt'],0,0,Valid,1.0,0.0,29.0,29.0,['Female'],2,0,2,3,3,Dry,Curve,Level,Lowest,No
20333,29,Missouri,290541,0,2,2,0,4,WENTZVILLE,August,12,Saturday,3,31,Urban,High Speed (Arterial),Yes,38.80422222,-90.89358333,Non-Intersection,Dark - Not Lighted,Clear,3:00am-3:59am,35,3:00am-3:59am,43,4:00am-4:59am,1,1,Dark - Unlighted,Clear,1,3,['Rear_Seat'],['Child_Safety'],1,1,Invalid,0.0,1.0,42.0,24.0,"['Male', 'Male']",1,0,3,4,5,Dry,Curve,Level,Lowest,No
20334,29,Missouri,290542,0,1,1,0,1,NOT APPLICABLE,August,19,Saturday,20,55,Rural,Low Speed (Local),No,36.78347222,-93.40186111,Non-Intersection,Dark - Lighted,Clear,8:00pm-8:59pm,58,9:00pm-9:59pm,8,10:00pm-10:59pm,12,1,Dark - Lighted,Clear,1,0,['Driver'],['None_Used'],0,0,Valid,0.0,0.0,30.0,30.0,['Male'],0,0,5,4,3,Dry,Curve,Grade/Hillcrest,Lowest,No
20335,29,Missouri,290543,0,2,2,0,3,NOT APPLICABLE,August,20,Sunday,8,50,Rural,Medium Speed (Collector),No,36.60694444,-90.85613889,Non-Intersection,Daylight,Clear,9:00am-9:59am,6,9:00am-9:59am,10,9:00am-9:59am,52,1,Daylight,Clear,1,2,['Driver'],['None_Used'],0,0,Valid,0.0,0.0,78.0,39.0,"['Male', 'Male']",0,0,3,4,5,Dry,Curve,Grade/Hillcrest,Lowest,No
20336,29,Missouri,290544,0,1,1,0,4,KANSAS CITY,August,20,Sunday,2,41,Urban,Medium Speed (Collector),No,38.96662778,-94.50161111,Non-Intersection,Dark - Lighted,Clear,Unknown,Unknown,Unknown EMS Scene Arrival Hour,Unknown EMS Scene Arrival Minutes,Unknown,Unknown EMS Hospital Arrival Time,1,Dark - Lighted,Clear,1,3,['Front_Passenger'],['Shoulder_Lapbelt'],1,1,Valid,0.0,0.0,18.0,18.0,['Male'],0,0,2,4,3,Dry,Straight,Level,Lowest,No
20337,29,Missouri,290546,1,1,1,0,1,LAKE SAINT LOUIS,August,21,Monday,21,45,Urban,Medium Speed (Collector),No,38.80388889,-90.77863889,Non-Intersection,Dark - Not Lighted,Cloudy,9:00pm-9:59pm,38,9:00pm-9:59pm,43,10:00pm-10:59pm,13,1,Dark - Unlighted,Reduced Visibility,0,1,[],[],0,0,Invalid,0.0,0.0,24.0,24.0,['Male'],0,0,2,4,4,Dry,Straight,Level,Lowest,No
20338,29,Missouri,290547,0,1,1,0,2,NOT APPLICABLE,August,21,Monday,14,5,Rural,Low Speed (Local),No,38.10938889,-91.33441667,Non-Intersection,Daylight,Clear,Unknown,Unknown,Unknown EMS Scene Arrival Hour,Unknown if Arrived,Not Applicable (Not Transported),Not Applicable (Not Transported),1,Daylight,Clear,1,1,['Driver'],['Shoulder_Lapbelt'],1,1,Invalid,0.0,0.0,38.0,38.0,['Male'],2,0,3,4,3,Dry,Curve,Grade/Hillcrest,Lowest,No
20339,29,Missouri,290548,1,1,1,0,3,NOT APPLICABLE,August,21,Monday,20,41,Urban,Medium Speed (Collector),No,38.73569444,-93.73236111,Non-Intersection,Dark - Not Lighted,Clear,8:00pm-8:59pm,46,8:00pm-8:59pm,59,9:00pm-9:59pm,24,1,Dark - Unlighted,Clear,0,3,[],[],0,0,Valid,0.0,0.0,19.0,19.0,['Female'],0,0,3,2,4,Dry,Straight,Grade/Hillcrest,Lowest,No
20340,29,Missouri,290549,1,1,1,0,1,PARK HILLS,August,21,Monday,23,0,Urban,High Speed (Arterial),Yes,37.86044444,-90.48888889,Non-Intersection,Dark - Not Lighted,Clear,11:00pm-11:59pm,7,11:00pm-11:59pm,7,Not Applicable (Not Transported),Not Applicable (Not Transported),1,Dark - Unlighted,Clear,0,1,[],[],0,0,Valid,0.0,1.0,18.0,18.0,['Male'],0,0,3,3,4,Dry,Curve,Grade/Hillcrest,Lowest,No
20341,29,Missouri,290550,0,1,1,0,2,NOT APPLICABLE,August,21,Monday,1,30,Rural,Medium Speed (Collector),No,37.67658333,-92.98272222,Non-Intersection,Dark - Not Lighted,Clear,1:00am-1:59am,40,1:00am-1:59am,58,3:00am-3:59am,25,1,Dark - Unlighted,Clear,1,1,['Driver'],['None_Used'],0,0,Valid,0.0,0.0,74.0,74.0,['Male'],0,0,3,4,3,Dry,Curve,Grade/Hillcrest,Lowest,No
20342,29,Missouri,290551,0,2,2,0,3,COLUMBIA,July,8,Saturday,15,53,Urban,Medium Speed (Collector),No,38.94902778,-92.27611111,Non-Intersection,Daylight,Clear,3:00pm-3:59pm,54,3:00pm-3:59pm,58,4:00pm-4:59pm,43,1,Daylight,Clear,1,2,['Driver'],['None_Used'],0,0,Valid,0.0,0.0,51.0,48.0,"['Male', 'Female']",0,0,5,4,5,Dry,Curve,Level,Lowest,No
20343,29,Missouri,290552,1,1,1,0,1,COLUMBIA,August,5,Saturday,16,58,Urban,High Speed (Arterial),Yes,38.96152222,-92.288075,Non-Intersection,Daylight,Clear,5:00pm-5:59pm,2,5:00pm-5:59pm,7,5:00pm-5:59pm,13,1,Daylight,Clear,0,1,[],[],0,0,Valid,0.0,0.0,45.0,45.0,['Male'],0,0,4,2,4,Dry,Straight,Level,Lowest,No
20344,29,Missouri,290553,1,1,1,0,1,BLUE SPRINGS,August,11,Friday,5,30,Urban,Medium Speed (Collector),No,39.00835278,-94.247375,Non-Intersection,Dark - Lighted,Clear,Unknown,Unknown,Unknown EMS Scene Arrival Hour,Unknown EMS Scene Arrival Minutes,Unknown,Unknown EMS Hospital Arrival Time,1,Dark - Lighted,Clear,0,1,[],[],0,0,Valid,3.0,0.0,53.0,53.0,['Female'],0,0,2,3,4,Dry,Straight,Grade/Hillcrest,Lowest,No
20345,29,Missouri,290554,0,1,1,0,1,NOT APPLICABLE,August,21,Monday,6,15,Rural,Low Speed (Local),No,38.90372222,-94.22244444,Non-Intersection,Dark - Not Lighted,"Fog, Smog, Smoke",6:00am-6:59am,17,6:00am-6:59am,28,Not Applicable (Not Transported),Not Applicable (Not Transported),1,Dark - Unlighted,Reduced Visibility,1,0,['Driver'],['None_Used'],0,0,Valid,2.0,0.0,23.0,23.0,['Male'],0,0,5,4,3,Dry,Curve,Level,Lowest,No
20346,29,Missouri,290555,0,1,1,0,2,KANSAS CITY,August,21,Monday,0,4,Urban,High Speed (Arterial),Yes,39.09631667,-94.56774444,Non-Intersection,Dark - Lighted,Clear,Unknown,Unknown,Unknown EMS Scene Arrival Hour,Unknown EMS Scene Arrival Minutes,Not Applicable (Not Transported),Not Applicable (Not Transported),1,Dark - Lighted,Clear,1,1,['Front_Passenger'],['None_Used'],0,0,Valid,0.0,0.0,35.0,35.0,['Male'],0,0,3,4,3,Dry,Straight,Level,Lowest,No
20347,29,Missouri,290556,0,1,1,0,1,BERKELEY,August,22,Tuesday,19,26,Urban,High Speed (Arterial),Yes,38.74231667,-90.33611111,Non-Intersection,Daylight,Clear,7:00pm-7:59pm,21,7:00pm-7:59pm,25,7:00pm-7:59pm,47,1,Daylight,Clear,1,0,['Driver'],['None_Used'],0,0,Invalid,0.0,0.0,58.0,58.0,['Male'],0,0,3,4,3,Dry,Curve,Grade/Hillcrest,Lowest,No
20348,29,Missouri,290557,0,2,2,0,3,CLINTON,August,23,Wednesday,15,27,Urban,High Speed (Arterial),Yes,38.35205556,-93.75680556,Complex/Circle,Daylight,Clear,3:00pm-3:59pm,29,3:00pm-3:59pm,35,3:00pm-3:59pm,58,1,Daylight,Clear,1,2,['Rear_Seat'],['None_Used'],0,0,Valid,1.0,1.0,24.0,20.0,"['Male', 'Male']",2,0,5,4,5,Dry,Straight,Level,Lowest,No
20349,29,Missouri,290558,0,1,1,0,1,LINN CREEK,August,24,Thursday,22,55,Rural,High Speed (Arterial),Yes,38.06091667,-92.69861111,Non-Intersection,Dark - Not Lighted,Clear,Unknown,Unknown,Unknown EMS Scene Arrival Hour,Unknown EMS Scene Arrival Minutes,Unknown,Unknown EMS Hospital Arrival Time,1,Dark - Unlighted,Clear,1,0,['Driver'],['None_Used'],1,1,Invalid,0.0,0.0,48.0,48.0,['Male'],0,0,5,4,3,Dry,Curve,Grade/Hillcrest,Lowest,No
20350,29,Missouri,290559,0,2,2,0,6,NOT APPLICABLE,August,25,Friday,21,20,Rural,Medium Speed (Collector),No,36.91622222,-94.00902778,Complex/Circle,Dark - Lighted,Clear,9:00pm-9:59pm,29,9:00pm-9:59pm,47,11:00pm-11:59pm,8,2,Dark - Lighted,Clear,2,4,"['Rear_Seat', 'Rear_Seat']","['None_Used', 'None_Used']",0,0,Valid,1.0,0.0,49.0,36.0,"['Male', 'Male']",0,0,3,4,5,Dry,Straight,Level,Lowest,No
20351,29,Missouri,290560,1,1,1,0,2,ROLLA,August,25,Friday,0,47,Urban,Low Speed (Local),No,37.94247222,-91.78913333,Non-Intersection,Dark - Lighted,Clear,0:00am-0:59am,52,1:00am-1:59am,0,Unknown,Unknown EMS Hospital Arrival Time,1,Dark - Lighted,Clear,0,2,[],[],1,1,Valid,1.0,0.0,45.0,45.0,['Male'],0,0,3,1,4,Dry,Straight,Grade/Hillcrest,Lowest,No
20352,29,Missouri,290561,0,1,1,0,1,NOT APPLICABLE,August,25,Friday,16,8,Rural,Low Speed (Local),No,40.09825,-94.80122222,Non-Intersection,Daylight,Clear,4:00pm-4:59pm,15,4:00pm-4:59pm,33,Not Applicable (Not Transported),Not Applicable (Not Transported),1,Daylight,Clear,1,0,['Driver'],['None_Used'],0,0,Valid,2.0,0.0,38.0,38.0,['Male'],1,0,3,4,3,Dry,Straight,Grade/Hillcrest,Lowest,No
20353,29,Missouri,290562,1,1,1,0,1,INDEPENDENCE,August,25,Friday,21,23,Urban,High Speed (Arterial),Yes,39.07853611,-94.39695833,Non-Intersection,Dark - Not Lighted,Clear,9:00pm-9:59pm,31,9:00pm-9:59pm,33,9:00pm-9:59pm,50,1,Dark - Unlighted,Clear,0,1,[],[],0,0,Valid,0.0,0.0,20.0,20.0,['Male'],0,0,3,4,4,Dry,Straight,Level,Lowest,No
20354,29,Missouri,290563,0,2,2,0,3,NOT APPLICABLE,August,26,Saturday,20,38,Rural,High Speed (Arterial),Yes,38.39808333,-92.85208333,Non-Intersection,Dark - Not Lighted,Clear,9:00pm-9:59pm,40,9:00pm-9:59pm,46,10:00pm-10:59pm,53,1,Dark - Unlighted,Clear,1,2,['Driver'],['Shoulder_Lapbelt'],1,2,Invalid,0.0,0.0,68.0,33.0,"['Male', 'Male']",0,0,3,4,5,Dry,Straight,Grade/Hillcrest,Lowest,No
20355,29,Missouri,290564,0,1,1,0,2,JOPLIN,August,26,Saturday,11,0,Urban,High Speed (Arterial),Yes,37.03726389,-94.51324167,Non-Intersection,Daylight,Clear,11:00am-11:59am,1,11:00am-11:59am,5,11:00am-11:59am,27,1,Daylight,Clear,1,1,['Driver'],['Shoulder_Lapbelt'],0,0,Valid,0.0,0.0,32.0,32.0,['Male'],2,0,2,4,2,Dry,Straight,Level,Lowest,No
20356,29,Missouri,290565,0,1,1,0,1,NOT APPLICABLE,August,27,Sunday,11,50,Rural,Medium Speed (Collector),No,36.54893333,-93.90045833,Non-Intersection,Daylight,Clear,11:00am-11:59am,47,12:00pm-12:59pm,5,12:00pm-12:59pm,40,1,Daylight,Clear,1,0,['Driver'],['None_Used'],0,0,Valid,0.0,0.0,71.0,71.0,['Male'],0,0,5,4,3,Dry,Curve,Level,Lowest,No
20357,29,Missouri,290566,0,2,2,0,3,NOT APPLICABLE,August,14,Monday,15,15,Rural,Medium Speed (Collector),No,36.96002778,-93.37411111,Complex/Circle,Daylight,Clear,Unknown,Unknown,Unknown EMS Scene Arrival Hour,Unknown EMS Scene Arrival Minutes,Unknown,Unknown EMS Hospital Arrival Time,1,Daylight,Clear,1,2,['Front_Passenger'],['None_Used'],0,0,Valid,1.0,0.0,55.0,46.0,"['Male', 'Male']",0,0,3,4,5,Dry,Straight,Level,Lowest,No
20358,29,Missouri,290567,0,1,1,0,2,FENTON,August,19,Saturday,19,49,Urban,High Speed (Arterial),Yes,38.54263889,-90.44738889,Non-Intersection,Daylight,Clear,7:00pm-7:59pm,52,7:00pm-7:59pm,59,8:00pm-8:59pm,15,2,Daylight,Clear,2,0,"['Driver', 'Front_Passenger']","['None_Used', 'None_Used']",0,0,Invalid,0.0,0.0,34.0,34.0,['Male'],2,0,2,4,3,Dry,Straight,Level,Lowest,No
20359,29,Missouri,290568,1,1,1,0,1,NOT APPLICABLE,August,24,Thursday,20,24,Urban,High Speed (Arterial),Yes,38.74007778,-90.25119444,Non-Intersection,Dark - Lighted,Clear,8:00pm-8:59pm,26,8:00pm-8:59pm,35,Not Applicable (Not Transported),Not Applicable (Not Transported),1,Dark - Lighted,Clear,0,1,[],[],0,0,Valid,4.0,0.0,75.0,75.0,['Male'],0,0,2,1,4,Dry,Straight,Level,Lowest,No
20360,29,Missouri,290569,1,1,1,0,1,RAYTOWN,August,27,Sunday,10,5,Urban,High Speed (Arterial),Yes,39.00036111,-94.48219444,Non-Intersection,Daylight,Cloudy,10:00am-10:59am,12,10:00am-10:59am,20,10:00am-10:59am,36,1,Daylight,Reduced Visibility,0,1,[],[],0,0,Valid,0.0,0.0,18.0,18.0,['Female'],1,0,3,4,4,Dry,Curve,Grade/Hillcrest,Lowest,No
20361,29,Missouri,290570,0,2,2,0,3,COLLINS,August,27,Sunday,11,25,Rural,High Speed (Arterial),Yes,37.87286111,-93.62188889,Complex/Circle,Daylight,Clear,11:00am-11:59am,39,12:00pm-12:59pm,9,12:00pm-12:59pm,54,2,Daylight,Clear,2,1,"['Driver', 'Driver']","['None_Used', 'None_Used']",0,0,Valid,1.0,0.0,60.0,59.0,"['Male', 'Male']",0,0,5,4,5,Dry,Curve,Level,Lowest,No
20362,29,Missouri,290571,0,2,2,0,5,NOT APPLICABLE,August,27,Sunday,11,8,Rural,High Speed (Arterial),Yes,36.39619444,-89.69705556,Non-Intersection,Daylight,Rain,Unknown,Unknown if Notified,Unknown EMS Scene Arrival Hour,Unknown if Arrived,Not Applicable (Not Transported),Not Applicable (Not Transported),1,Daylight,Rain/Wind/Minor,1,4,['Driver'],['None_Used'],0,0,Valid,0.0,1.0,55.0,31.0,"['Female', 'Male']",0,0,5,4,5,Wet/Standing Water,Straight,Level,Lowest,Yes
20363,29,Missouri,290572,0,1,1,0,3,NOT APPLICABLE,August,27,Sunday,2,34,Rural,Medium Speed (Collector),No,39.7145,-92.64205556,Non-Intersection,Dark - Not Lighted,Cloudy,2:00am-2:59am,34,2:00am-2:59am,56,4:00am-4:59am,39,1,Dark - Unlighted,Reduced Visibility,1,2,['Front_Passenger'],['None_Used'],1,1,Valid,0.0,0.0,16.0,16.0,['Male'],3,0,2,4,3,Dry,Curve,Level,Lowest,No
20364,29,Missouri,290573,1,1,1,0,1,KANSAS CITY,August,27,Sunday,23,7,Urban,High Speed (Arterial),Yes,39.09139444,-94.57160556,Non-Intersection,Dark - Lighted,Clear,Unknown,Unknown if Notified,Unknown EMS Scene Arrival Hour,Unknown if Arrived,Not Applicable (Not Transported),Not Applicable (Not Transported),1,Dark - Lighted,Clear,0,0,[],[],0,0,Invalid,0.0,0.0,999.0,999.0,['Other'],0,0,3,0,4,Dry,Straight,Grade/Hillcrest,Lowest,No
20365,29,Missouri,290574,0,1,1,0,2,NOT APPLICABLE,August,28,Monday,7,51,Rural,Medium Speed (Collector),No,36.93086389,-92.65759444,Non-Intersection,Daylight,Cloudy,7:00am-7:59am,59,8:00am-8:59am,6,9:00am-9:59am,33,1,Daylight,Reduced Visibility,1,1,['Front_Passenger'],['None_Used'],0,0,Valid,0.0,0.0,68.0,68.0,['Male'],0,0,3,4,3,Dry,Curve,Grade/Hillcrest,Lowest,No
20366,29,Missouri,290575,0,2,2,0,2,NOT APPLICABLE,August,30,Wednesday,22,15,Urban,High Speed (Arterial),Yes,38.49858333,-90.46697222,Complex/Circle,Dark - Lighted,Clear,10:00pm-10:59pm,15,10:00pm-10:59pm,30,10:00pm-10:59pm,48,1,Dark - Lighted,Clear,1,1,['Driver'],['None_Used'],1,1,Valid,1.0,1.0,58.0,50.0,"['Male', 'Male']",0,0,5,4,5,Dry,Curve,Grade/Hillcrest,Lowest,No
20367,29,Missouri,290576,0,1,1,0,1,O Fallon,August,30,Wednesday,18,25,Urban,High Speed (Arterial),Yes,38.75275,-90.69911111,Non-Intersection,Daylight,Clear,6:00pm-6:59pm,26,6:00pm-6:59pm,35,Not Applicable (Not Transported),Not Applicable (Not Transported),1,Daylight,Clear,1,0,['Driver'],['None_Used'],1,1,Valid,0.0,0.0,61.0,61.0,['Male'],1,0,2,4,3,Dry,Straight,Grade/Hillcrest,Lowest,No
20368,29,Missouri,290577,0,2,2,0,2,DIGGINS,August,30,Wednesday,11,22,Rural,High Speed (Arterial),Yes,37.16988889,-92.83011111,Non-Intersection,Daylight,Clear,11:00am-11:59am,33,11:00am-11:59am,57,12:00pm-12:59pm,30,1,Daylight,Clear,1,1,['Driver'],['None_Used'],0,0,Valid,0.0,0.0,64.0,56.0,"['Male', 'Male']",1,0,4,4,5,Dry,Straight,Level,Lowest,No