,State_Code,State_Name,Crash_ID,Count_Non_Motorists,Count_Vehicles_Total,Count_Vehicle_Forms,Count_PVH_Involved,Count_Occupants_MV,City_Name,Month_Name,Day_of_Month,Day_of_Week,Crash_Hour,Crash_Minute,Area_Rural_Urban,Road_Functional_Class,On_NHS_Road,Latitude,Longitude,Intersection_Type,Light_Condition,Weather_Condition,Notif_Hour,Notif_Minute,Arrival_Hour,Arrival_Minute,Hospital_Hour,Hospital_Minute,Fatalities_Count,Clean_Light_Condition,Clean_Weather_Condition,Total_Killed,Total_Alive,Fatal_Seats_List,Killed_Restraint_List,Any_Driver_Drinking,Total_Drinking_Drivers,Driver_License_Category,Driver_Max_Prev_Accident_Count,Driver_Max_Prev_Speeding_Count,Max_Driver_Age,Min_Driver_Age,Driver_Sex_List,Total_Exceeding_Limit_Vehicles,Total_Too_Fast_Vehicles,Max_Vehicle_Type_Severity_5,Max_Vehicle_Damage_Rank,Max_Harmful_Event_Severity,Crash_Road_Surface_Condition,Crash_Horizontal_Alignment,Crash_Vertical_Profile,Crash_Impairment_Category,Crash_Vehicle_Defect
20369,29,Missouri,290578,0,4,4,0,6,NOT APPLICABLE,August,30,Wednesday,20,53,Rural,High Speed (Arterial),Yes,37.90225,-91.78038889,Non-Intersection,Dark - Not Lighted,Clear,Unknown,Unknown if Notified,Unknown EMS Scene Arrival Hour,Unknown if Arrived,Not Applicable (Not Transported),Not Applicable (Not Transported),3,Dark - Unlighted,Clear,3,3,"['Driver', 'Driver', 'Front_Passenger']","['Shoulder_Lapbelt', 'None_Used', 'None_Used']",0,0,Valid,1.0,0.0,61.0,16.0,"['Male', 'Female', 'Female', 'Male']",0,0,3,4,5,Dry,Straight,Level,Lowest,No
20370,29,Missouri,290579,0,1,1,0,4,NOT APPLICABLE,August,31,Thursday,8,25,Urban,Low Speed (Local),No,36.73791667,-90.46580556,Non-Intersection,Daylight,Clear,8:00am-8:59am,31,9:00am-9:59am,3,10:00am-10:59am,31,3,Daylight,Clear,3,1,"['Driver', 'Front_Passenger', 'Rear_Seat']","['None_Used', 'None_Used', 'None_Used']",1,1,Valid,1.0,0.0,43.0,43.0,['Female'],4,0,3,4,3,Dry,Straight,Grade/Hillcrest,Lowest,Yes
20371,29,Missouri,290580,0,1,1,0,3,NOT APPLICABLE,August,31,Thursday,10,20,Rural,Medium Speed (Collector),No,36.6035,-90.67619444,Non-Intersection,Daylight,Clear,10:00am-10:59am,25,10:00am-10:59am,39,11:00am-11:59am,29,1,Daylight,Clear,1,2,['Rear_Seat'],['None_Used'],0,0,Invalid,0.0,0.0,16.0,16.0,['Female'],0,0,2,4,3,Dry,Curve,Grade/Hillcrest,Lowest,No
20372,29,Missouri,290582,0,1,1,0,2,NOT APPLICABLE,August,31,Thursday,19,57,Rural,Medium Speed (Collector),No,38.05730556,-90.51305556,Simple Junction,Dark - Not Lighted,Clear,Unknown,Unknown,Unknown EMS Scene Arrival Hour,Unknown EMS Scene Arrival Minutes,Not Applicable (Not Transported),Not Applicable (Not Transported),1,Dark - Unlighted,Clear,1,1,['Front_Passenger'],['None_Used'],0,0,Invalid,0.0,1.0,40.0,40.0,['Male'],0,0,4,4,3,Dry,Straight,Level,Lowest,No
20373,29,Missouri,290583,0,1,1,0,2,NOT APPLICABLE,September,1,Friday,23,18,Rural,Low Speed (Local),No,36.59111111,-93.65486111,Non-Intersection,Dark - Not Lighted,Clear,11:00pm-11:59pm,22,11:00pm-11:59pm,57,0:00am-0:59am,56,1,Dark - Unlighted,Clear,1,1,['Driver'],['None_Used'],0,0,Invalid,0.0,0.0,61.0,14.0,"['Male', 'Male']",0,0,5,4,2,Dry,Straight,Grade/Hillcrest,Lowest,No
20374,29,Missouri,290584,0,1,1,0,1,NOT APPLICABLE,September,1,Friday,14,35,Rural,Medium Speed (Collector),No,38.35395556,-92.40076389,Non-Intersection,Daylight,Clear,2:00pm-2:59pm,38,2:00pm-2:59pm,55,Not Applicable (Not Transported),Not Applicable (Not Transported),1,Daylight,Clear,1,0,['Driver'],['None_Used'],0,0,Valid,0.0,0.0,52.0,52.0,['Female'],1,0,3,4,3,Dry,Curve,Grade/Hillcrest,Lowest,No
20375,29,Missouri,290585,0,1,1,0,1,NOT APPLICABLE,September,1,Friday,99,99,Rural,Low Speed (Local),No,39.75543333,-94.72266389,Non-Intersection,Dark - Not Lighted,Clear,Unknown,Unknown if Notified,Unknown EMS Scene Arrival Hour,Unknown if Arrived,Not Applicable (Not Transported),Not Applicable (Not Transported),1,Dark - Unlighted,Clear,1,0,['Driver'],['None_Used'],1,1,Invalid,0.0,0.0,47.0,47.0,['Male'],1,0,3,4,2,Dry,Curve,Level,Lowest,No
20376,29,Missouri,290586,0,2,2,0,4,NOT APPLICABLE,September,1,Friday,20,48,Rural,High Speed (Arterial),Yes,39.7505,-92.28575,Simple Junction,Dark - Not Lighted,Clear,9:00pm-9:59pm,0,9:00pm-9:59pm,39,10:00pm-10:59pm,23,1,Dark - Unlighted,Clear,1,3,['Front_Passenger'],['None_Used'],1,1,Valid,1.0,0.0,45.0,42.0,"['Male', 'Male']",0,0,4,4,5,Dry,Straight,Level,Lowest,No
20377,29,Missouri,290587,0,2,2,0,2,BELTON,September,1,Friday,22,56,Urban,Medium Speed (Collector),No,38.81372222,-94.51547222,Non-Intersection,Dark - Lighted,Clear,Unknown,Unknown,Unknown EMS Scene Arrival Hour,Unknown EMS Scene Arrival Minutes,Not Applicable (Not Transported),Not Applicable (Not Transported),1,Dark - Lighted,Clear,1,1,['Driver'],['None_Used'],0,0,Valid,1.0,3.0,28.0,17.0,"['Male', 'Male']",1,0,5,4,5,Dry,Straight,Grade/Hillcrest,Lowest,No
20378,29,Missouri,290588,0,1,1,0,1,NOT APPLICABLE,September,1,Friday,12,15,Rural,Low Speed (Local),No,39.39247222,-92.69472222,Non-Intersection,Daylight,Clear,Unknown,Unknown if Notified,Unknown EMS Scene Arrival Hour,Unknown if Arrived,Not Applicable (Not Transported),Not Applicable (Not Transported),1,Daylight,Clear,1,0,['Driver'],['None_Used'],0,0,Valid,0.0,0.0,80.0,80.0,['Male'],0,0,3,4,4,Dry,Curve,Level,Lowest,No
20379,29,Missouri,290589,0,4,4,0,4,KIMBERLING CITY,September,2,Saturday,10,5,Rural,High Speed (Arterial),Yes,36.67233333,-93.40777778,Non-Intersection,Daylight,Clear,10:00am-10:59am,9,10:00am-10:59am,24,11:00am-11:59am,21,2,Daylight,Clear,2,2,"['Driver', 'Driver']","['Shoulder_Lapbelt', 'Shoulder_Lapbelt']",0,0,Valid,3.0,0.0,74.0,47.0,"['Male', 'Male', 'Male', 'Male']",0,0,3,4,5,Dry,Curve,Grade/Hillcrest,Lowest,No
20380,29,Missouri,290590,0,3,3,0,3,JOPLIN,September,2,Saturday,20,45,Urban,High Speed (Arterial),Yes,37.09402222,-94.51304722,Non-Intersection,Dark - Lighted,Clear,Unknown,Unknown if Notified,Unknown EMS Scene Arrival Hour,Unknown if Arrived,Not Applicable (Not Transported),Not Applicable (Not Transported),2,Dark - Lighted,Clear,2,1,"['Driver', 'Driver']","['None_Used', 'None_Used']",0,0,Valid,0.0,1.0,60.0,18.0,"['Male', 'Male', 'Male']",1,0,5,4,5,Dry,Straight,Level,Lowest,No
20381,29,Missouri,290591,0,2,2,0,3,KANSAS CITY,September,2,Saturday,22,12,Urban,Low Speed (Local),No,39.04363056,-94.51279722,Non-Intersection,Dark - Lighted,Clear,10:00pm-10:59pm,11,10:00pm-10:59pm,22,10:00pm-10:59pm,39,1,Dark - Lighted,Clear,1,2,['Driver'],['None_Used'],0,0,Valid,1.0,0.0,32.0,18.0,"['Male', 'Female']",1,0,5,4,5,Dry,Straight,Level,Lowest,No
20382,29,Missouri,290592,0,1,1,0,2,NOT APPLICABLE,September,2,Saturday,17,5,Rural,Low Speed (Local),No,36.56433333,-90.72344444,Non-Intersection,Daylight,Cloudy,5:00pm-5:59pm,7,5:00pm-5:59pm,18,Not Applicable (Not Transported),Not Applicable (Not Transported),1,Daylight,Reduced Visibility,1,1,['Front_Passenger'],['None_Used'],1,1,Valid,0.0,1.0,34.0,34.0,['Male'],2,0,3,4,3,Dry,Straight,Level,Lowest,No
20383,29,Missouri,290593,0,2,2,0,3,ELMO,September,3,Sunday,18,20,Rural,Medium Speed (Collector),No,40.51847222,-95.11947222,Complex/Circle,Daylight,Clear,6:00pm-6:59pm,22,6:00pm-6:59pm,49,7:00pm-7:59pm,15,1,Daylight,Clear,1,2,['Driver'],['None_Used'],1,1,Invalid,1.0,0.0,54.0,18.0,"['Male', 'Male']",1,0,5,4,5,Dry,Straight,Level,Lowest,No
20384,29,Missouri,290594,0,1,1,0,1,NOT APPLICABLE,September,4,Monday,23,0,Rural,Medium Speed (Collector),No,36.73608333,-94.30069444,Non-Intersection,Dark - Not Lighted,Clear,Unknown,Unknown if Notified,Unknown EMS Scene Arrival Hour,Unknown if Arrived,Not Applicable (Not Transported),Not Applicable (Not Transported),1,Dark - Unlighted,Clear,1,0,['Driver'],['None_Used'],0,0,Valid,0.0,0.0,21.0,21.0,['Male'],1,0,3,4,3,Dry,Curve,Grade/Hillcrest,Lowest,No
20385,29,Missouri,290595,0,1,1,0,2,NOT APPLICABLE,September,4,Monday,15,20,Rural,High Speed (Arterial),No,37.03094444,-90.92175,Non-Intersection,Daylight,Cloudy,3:00pm-3:59pm,24,3:00pm-3:59pm,33,4:00pm-4:59pm,27,1,Daylight,Reduced Visibility,1,1,['Driver'],['None_Used'],0,0,Valid,0.0,0.0,65.0,65.0,['Male'],2,0,5,4,2,Dry,Curve,Level,Lowest,No
20386,29,Missouri,290596,0,3,3,0,3,ST. LOUIS,September,4,Monday,0,14,Urban,Medium Speed (Collector),No,38.66687778,-90.28316111,Complex/Circle,Dark - Lighted,Clear,0:00am-0:59am,19,0:00am-0:59am,28,0:00am-0:59am,49,1,Dark - Lighted,Clear,1,1,['Driver'],['None_Used'],1,1,Invalid,1.0,0.0,999.0,27.0,"['Other', 'Male', 'Female']",1,0,3,4,5,Dry,Straight,Level,Lowest,No
20387,29,Missouri,290597,0,1,1,0,1,NOT APPLICABLE,September,4,Monday,3,0,Rural,Low Speed (Local),No,39.85526944,-91.98422222,Non-Intersection,Dark - Not Lighted,Clear,7:00am-7:59am,47,8:00am-8:59am,4,Not Applicable (Not Transported),Not Applicable (Not Transported),1,Dark - Unlighted,Clear,1,0,['Driver'],['None_Used'],1,1,Valid,0.0,0.0,50.0,50.0,['Male'],1,0,5,4,3,Dry,Straight,Grade/Hillcrest,Lowest,No
20388,29,Missouri,290598,0,3,3,0,8,SPRINGFIELD,September,4,Monday,10,52,Urban,High Speed (Arterial),No,37.16198611,-93.39773611,Complex/Circle,Daylight,Clear,10:00am-10:59am,53,11:00am-11:59am,1,11:00am-11:59am,21,1,Daylight,Clear,1,7,['Driver'],['None_Used'],0,0,Valid,0.0,0.0,88.0,26.0,"['Female', 'Male', 'Male']",0,0,3,4,5,Dry,Straight,Level,Lowest,No
20389,29,Missouri,290600,0,2,2,0,3,NOT APPLICABLE,September,5,Tuesday,22,35,Urban,High Speed (Arterial),Yes,38.70638889,-90.27308333,Non-Intersection,Dark - Lighted,Clear,10:00pm-10:59pm,55,11:00pm-11:59pm,4,11:00pm-11:59pm,36,1,Dark - Lighted,Clear,1,2,['Driver'],['None_Used'],1,1,Valid,2.0,1.0,42.0,35.0,"['Female', 'Female']",0,0,2,4,5,Dry,Straight,Grade/Hillcrest,Lowest,No
20390,29,Missouri,290601,0,1,1,0,1,SHREWSBURY,September,5,Tuesday,8,23,Urban,High Speed (Arterial),No,38.58589722,-90.3368,Non-Intersection,Daylight,Cloudy,8:00am-8:59am,26,8:00am-8:59am,30,8:00am-8:59am,50,1,Daylight,Reduced Visibility,1,0,['Driver'],['Shoulder_Lapbelt'],0,0,Valid,0.0,0.0,68.0,68.0,['Male'],0,0,2,4,3,Dry,Straight,Level,Lowest,No
20391,29,Missouri,290602,0,1,1,0,1,NOT APPLICABLE,September,5,Tuesday,23,40,Rural,Low Speed (Local),No,38.98966667,-90.80194444,Non-Intersection,Dark - Not Lighted,Cloudy,1:00am-1:59am,59,2:00am-2:59am,3,Not Applicable (Not Transported),Not Applicable (Not Transported),1,Dark - Unlighted,Reduced Visibility,1,0,['Driver'],['None_Used'],1,1,Valid,0.0,1.0,22.0,22.0,['Female'],1,0,2,4,3,Dry,Straight,Level,Lowest,No
20392,29,Missouri,290603,0,1,1,0,3,UNIVERSITY CITY,September,6,Wednesday,2,30,Urban,Medium Speed (Collector),No,38.66830556,-90.34388889,Non-Intersection,Dark - Lighted,Clear,Unknown,Unknown if Notified,Unknown EMS Scene Arrival Hour,Unknown if Arrived,Not Applicable (Not Transported),Not Applicable (Not Transported),3,Dark - Lighted,Clear,3,0,"['Driver', 'Front_Passenger', 'Rear_Seat']","['None_Used', 'None_Used', 'None_Used']",0,0,Invalid,0.0,0.0,15.0,15.0,['Male'],3,0,2,4,3,Dry,Straight,Grade/Hillcrest,Lowest,No
20393,29,Missouri,290604,1,1,1,0,2,CLINTON,September,6,Wednesday,14,18,Urban,High Speed (Arterial),Yes,38.38822222,-93.77031389,Non-Intersection,Daylight,Clear,Unknown,Unknown if Notified,Unknown EMS Scene Arrival Hour,Unknown if Arrived,Not Applicable (Not Transported),Not Applicable (Not Transported),1,Daylight,Clear,0,2,[],[],0,0,Valid,0.0,0.0,82.0,82.0,['Female'],2,0,3,4,4,Dry,Straight,Level,Lowest,No
20394,29,Missouri,290605,0,1,1,0,1,NOT APPLICABLE,September,9,Saturday,19,0,Rural,Medium Speed (Collector),No,38.77034722,-90.91077222,Non-Intersection,Daylight,Clear,7:00pm-7:59pm,6,7:00pm-7:59pm,12,Not Applicable (Not Transported),Not Applicable (Not Transported),1,Daylight,Clear,1,0,['Driver'],['None_Used'],1,1,Valid,0.0,0.0,28.0,28.0,['Male'],0,0,3,4,3,Dry,Straight,Level,Lowest,No
20395,29,Missouri,290606,0,1,1,0,1,NOT APPLICABLE,September,10,Sunday,99,99,Rural,High Speed (Arterial),Yes,39.55730833,-95.10221389,Non-Intersection,Dark - Not Lighted,Clear,Unknown,Unknown if Notified,Unknown EMS Scene Arrival Hour,Unknown if Arrived,Not Applicable (Not Transported),Not Applicable (Not Transported),1,Dark - Unlighted,Clear,1,0,['Driver'],['None_Used'],1,1,Invalid,0.0,0.0,28.0,28.0,['Male'],0,0,2,4,3,Dry,Curve,Level,Lowest,No
20396,29,Missouri,290607,1,2,2,0,1,ST. LOUIS,September,10,Sunday,3,30,Urban,High Speed (Arterial),Yes,38.66200278,-90.19711389,Non-Intersection,Dark - Lighted,Clear,3:00am-3:59am,37,3:00am-3:59am,47,4:00am-4:59am,20,1,Dark - Lighted,Clear,0,0,[],[],0,0,Invalid,0.0,0.0,999.0,999.0,['Other'],1,0,2,4,5,Dry,Straight,Grade/Hillcrest,Lowest,No
20397,29,Missouri,290608,0,1,1,0,1,NOT APPLICABLE,September,10,Sunday,10,15,Rural,Low Speed (Local),No,37.89652778,-93.43297222,Non-Intersection,Daylight,Reported as Unknown,11:00am-11:59am,40,11:00am-11:59am,50,Not Applicable (Not Transported),Not Applicable (Not Transported),1,Daylight,Clear,1,0,['Driver'],['None_Used'],0,0,Valid,0.0,0.0,66.0,66.0,['Female'],1,0,3,4,3,Dry,Straight,Level,Lowest,No
20398,29,Missouri,290609,0,2,2,0,3,NOT APPLICABLE,September,10,Sunday,1,50,Rural,High Speed (Arterial),No,38.36269444,-93.62947222,Non-Intersection,Dark - Not Lighted,Clear,Unknown,Unknown,Unknown EMS Scene Arrival Hour,Unknown EMS Scene Arrival Minutes,Unknown,Unknown EMS Hospital Arrival Time,1,Dark - Unlighted,Clear,1,2,['Driver'],['Shoulder_Lapbelt'],1,1,Valid,1.0,0.0,70.0,34.0,"['Male', 'Male']",0,0,3,4,5,Dry,Straight,Grade/Hillcrest,Lowest,No
20399,29,Missouri,290610,0,2,2,0,4,KANSAS CITY,September,10,Sunday,16,10,Urban,Low Speed (Local),No,39.09013611,-94.50576389,Complex/Circle,Daylight,Clear,Unknown,Unknown,Unknown EMS Scene Arrival Hour,Unknown EMS Scene Arrival Minutes,Unknown,Unknown EMS Hospital Arrival Time,2,Daylight,Clear,2,1,"['Driver', 'Rear_Seat']","['Shoulder_Lapbelt', 'Shoulder_Lapbelt']",1,1,Invalid,0.0,0.0,40.0,17.0,"['Male', 'Male']",2,0,3,4,5,Dry,Straight,Level,Lowest,No
20400,29,Missouri,290611,1,1,1,0,1,NOT APPLICABLE,September,10,Sunday,2,50,Urban,High Speed (Arterial),Yes,38.48146111,-90.35885833,Non-Intersection,Dark - Not Lighted,Clear,Unknown,Unknown if Notified,Unknown EMS Scene Arrival Hour,Unknown if Arrived,Not Applicable (Not Transported),Not Applicable (Not Transported),1,Dark - Unlighted,Clear,0,1,[],[],0,0,Valid,1.0,0.0,19.0,19.0,['Male'],0,0,2,1,4,Dry,Straight,Grade/Hillcrest,Lowest,No
20401,29,Missouri,290612,0,3,1,2,1,JENNINGS,September,11,Monday,1,24,Urban,Medium Speed (Collector),No,38.72486389,-90.25008056,Non-Intersection,Dark - Lighted,Clear,Unknown,Unknown if Notified,Unknown EMS Scene Arrival Hour,Unknown if Arrived,Not Applicable (Not Transported),Not Applicable (Not Transported),1,Dark - Lighted,Clear,1,0,['Driver'],['Shoulder_Lapbelt'],0,0,Invalid,0.0,0.0,20.0,20.0,['Male'],0,0,2,4,3,Dry,Straight,Level,Lowest,No
20402,29,Missouri,290613,0,1,1,0,1,NOT APPLICABLE,September,11,Monday,8,46,Rural,Medium Speed (Collector),No,39.71944444,-94.40302778,Non-Intersection,Reported as Unknown,Cloudy,8:00am-8:59am,48,9:00am-9:59am,7,9:00am-9:59am,33,1,Dark - Unlighted,Reduced Visibility,1,0,['Driver'],['None_Used'],1,1,Valid,4.0,0.0,21.0,21.0,['Male'],1,0,3,4,3,Dry,Straight,Level,Lowest,No
20403,29,Missouri,290614,0,2,2,0,2,CAPE GIRARDEAU,September,11,Monday,7,15,Urban,Medium Speed (Collector),No,37.33125,-89.57242222,Non-Intersection,Daylight,Clear,7:00am-7:59am,22,7:00am-7:59am,26,7:00am-7:59am,42,1,Daylight,Clear,1,1,['Driver'],['None_Used'],0,0,Valid,0.0,0.0,56.0,53.0,"['Male', 'Female']",0,0,5,4,5,Dry,Straight,Level,Lowest,No
20404,29,Missouri,290615,0,1,1,0,2,KANSAS CITY,September,11,Monday,1,12,Urban,High Speed (Arterial),No,39.02218056,-94.60214167,Complex/Circle,Dark - Lighted,Cloudy,1:00am-1:59am,13,1:00am-1:59am,19,1:00am-1:59am,37,1,Dark - Lighted,Reduced Visibility,1,1,['Driver'],['None_Used'],1,1,Invalid,1.0,0.0,25.0,25.0,['Male'],0,0,2,4,3,Dry,Straight,Level,Lowest,No
20405,29,Missouri,290616,1,1,1,0,1,KANSAS CITY,September,11,Monday,20,36,Urban,High Speed (Arterial),Yes,39.04724722,-94.44760556,Non-Intersection,Dark - Not Lighted,Clear,Unknown,Unknown,Unknown EMS Scene Arrival Hour,Unknown EMS Scene Arrival Minutes,Not Applicable (Not Transported),Not Applicable (Not Transported),1,Dark - Unlighted,Clear,0,0,[],[],0,0,Invalid,0.0,0.0,999.0,999.0,['Other'],0,0,1,0,4,Dry,Straight,Level,Lowest,No
20406,29,Missouri,290617,0,2,2,0,3,BATES CITY,September,7,Thursday,15,26,Rural,High Speed (Arterial),Yes,39.01158333,-94.06811111,Non-Intersection,Daylight,Clear,3:00pm-3:59pm,32,3:00pm-3:59pm,42,4:00pm-4:59pm,3,1,Daylight,Clear,1,2,['Driver'],['None_Used'],1,1,Invalid,1.0,0.0,55.0,45.0,"['Male', 'Male']",0,0,5,4,5,Dry,Straight,Level,Lowest,No
20407,29,Missouri,290618,0,1,1,0,1,NOT APPLICABLE,September,7,Thursday,18,10,Rural,Medium Speed (Collector),No,39.63038889,-92.54544444,Non-Intersection,Daylight,Clear,6:00pm-6:59pm,19,6:00pm-6:59pm,33,Unknown,Unknown EMS Hospital Arrival Time,1,Daylight,Clear,1,0,['Driver'],['None_Used'],0,0,Valid,1.0,0.0,74.0,74.0,['Male'],0,0,5,4,1,Dry,Curve,Level,Lowest,No
20408,29,Missouri,290620,0,2,2,0,2,NOT APPLICABLE,September,8,Friday,11,2,Rural,Low Speed (Local),No,37.12633333,-94.40288889,Complex/Circle,Daylight,Clear,10:00am-10:59am,57,11:00am-11:59am,5,11:00am-11:59am,51,1,Daylight,Clear,1,1,['Driver'],['Shoulder_Lapbelt'],0,0,Valid,1.0,0.0,89.0,22.0,"['Male', 'Male']",0,0,4,4,5,Dry,Straight,Level,Lowest,No
20409,29,Missouri,290621,0,4,2,2,2,ST. LOUIS,September,8,Friday,18,17,Urban,Medium Speed (Collector),No,38.6641,-90.20735556,Complex/Circle,Dark - Lighted,Clear,Unknown,Unknown,Unknown EMS Scene Arrival Hour,Unknown EMS Scene Arrival Minutes,Unknown,Unknown EMS Hospital Arrival Time,1,Dark - Lighted,Clear,1,1,['Driver'],['Shoulder_Lapbelt'],1,1,Valid,0.0,0.0,31.0,24.0,"['Male', 'Male']",1,0,2,4,5,Dry,Straight,Level,Lowest,No
20410,29,Missouri,290622,0,2,2,0,3,WINONA,September,8,Friday,20,40,Rural,High Speed (Arterial),Yes,36.99772222,-91.34927778,Complex/Circle,Dark - Not Lighted,Clear,Unknown,Unknown if Notified,Unknown EMS Scene Arrival Hour,Unknown if Arrived,Not Applicable (Not Transported),Not Applicable (Not Transported),1,Dark - Unlighted,Clear,1,2,['Driver'],['None_Used'],0,0,Valid,0.0,0.0,85.0,37.0,"['Male', 'Male']",0,0,3,4,5,Dry,Straight,Grade/Hillcrest,Lowest,No
20411,29,Missouri,290623,0,1,1,0,1,NOT APPLICABLE,September,8,Friday,21,0,Rural,Medium Speed (Collector),No,37.62071944,-91.54255833,Non-Intersection,Dark - Not Lighted,Clear,9:00pm-9:59pm,12,9:00pm-9:59pm,18,Not Applicable (Not Transported),Not Applicable (Not Transported),1,Dark - Unlighted,Clear,1,0,['Driver'],['None_Used'],0,0,Valid,0.0,0.0,57.0,57.0,['Male'],1,0,3,4,3,Dry,Curve,Grade/Hillcrest,Lowest,No
20412,29,Missouri,290624,0,2,2,0,5,NOT APPLICABLE,September,9,Saturday,17,45,Rural,Medium Speed (Collector),No,38.46833333,-91.46491667,Complex/Circle,Daylight,Clear,6:00pm-6:59pm,1,6:00pm-6:59pm,12,7:00pm-7:59pm,22,2,Daylight,Clear,2,3,"['Driver', 'Front_Passenger']","['None_Used', 'None_Used']",1,1,Valid,1.0,0.0,59.0,33.0,"['Male', 'Male']",0,0,3,4,5,Dry,Straight,Level,Lowest,No
20413,29,Missouri,290625,0,2,2,0,5,NOT APPLICABLE,September,9,Saturday,15,10,Rural,Medium Speed (Collector),No,36.59238889,-92.37766667,Non-Intersection,Daylight,Clear,3:00pm-3:59pm,19,3:00pm-3:59pm,32,4:00pm-4:59pm,33,1,Daylight,Clear,1,4,['Driver'],['None_Used'],1,1,Valid,0.0,0.0,57.0,46.0,"['Male', 'Male']",0,0,5,4,5,Dry,Curve,Level,Lowest,No
20414,29,Missouri,290626,0,2,2,0,4,NOT APPLICABLE,September,9,Saturday,23,5,Urban,High Speed (Arterial),Yes,38.74249444,-90.25221389,Simple Junction,Dark - Lighted,Clear,11:00pm-11:59pm,10,11:00pm-11:59pm,15,0:00am-0:59am,3,1,Dark - Lighted,Clear,1,3,['Front_Passenger'],['Shoulder_Lapbelt'],0,0,Valid,2.0,1.0,73.0,41.0,"['Male', 'Female']",1,0,3,4,5,Dry,Straight,Level,Lowest,No
20415,29,Missouri,290627,0,3,3,0,3,SEDALIA,June,4,Sunday,10,19,Urban,High Speed (Arterial),Yes,38.70344444,-93.20863889,Complex/Circle,Daylight,Clear,10:00am-10:59am,26,10:00am-10:59am,27,10:00am-10:59am,43,1,Daylight,Clear,1,2,['Driver'],['None_Used'],0,0,Valid,2.0,0.0,85.0,67.0,"['Male', 'Male', 'Female']",0,0,3,4,5,Dry,Straight,Level,Lowest,No
20416,29,Missouri,290628,0,2,1,1,1,NOT APPLICABLE,July,18,Tuesday,14,26,Urban,Medium Speed (Collector),No,38.51393056,-90.28603889,Non-Intersection,Daylight,Cloudy,2:00pm-2:59pm,29,2:00pm-2:59pm,33,Not Applicable (Not Transported),Not Applicable (Not Transported),1,Daylight,Reduced Visibility,1,0,['Driver'],['None_Used'],0,0,Valid,1.0,0.0,73.0,73.0,['Female'],1,0,2,4,3,Wet/Standing Water,Curve,Grade/Hillcrest,Lowest,No
20417,29,Missouri,290629,0,2,2,0,3,SUNSET HILLS,September,12,Tuesday,14,40,Urban,High Speed (Arterial),Yes,38.52043889,-90.41798333,Non-Intersection,Daylight,Clear,2:00pm-2:59pm,42,2:00pm-2:59pm,46,Not Applicable (Not Transported),Not Applicable (Not Transported),1,Daylight,Clear,1,2,['Driver'],['None_Used'],0,0,Valid,0.0,0.0,61.0,40.0,"['Male', 'Female']",0,0,5,4,5,Dry,Straight,Level,Lowest,No
20418,29,Missouri,290630,0,2,2,0,3,INDEPENDENCE,September,12,Tuesday,8,17,Urban,High Speed (Arterial),Yes,39.04250556,-94.36789167,Non-Intersection,Daylight,Clear,8:00am-8:59am,20,8:00am-8:59am,32,8:00am-8:59am,44,1,Daylight,Clear,1,2,['Driver'],['None_Used'],0,0,Valid,3.0,2.0,38.0,38.0,"['Male', 'Male']",2,0,4,4,5,Dry,Straight,Level,Lowest,No
20419,29,Missouri,290631,0,2,2,0,2,SPRINGFIELD,September,13,Wednesday,16,48,Urban,High Speed (Arterial),Yes,37.19629722,-93.2621,Complex/Circle,Daylight,Clear,4:00pm-4:59pm,54,4:00pm-4:59pm,58,5:00pm-5:59pm,16,1,Daylight,Clear,1,1,['Driver'],['None_Used'],0,0,Valid,0.0,0.0,25.0,23.0,"['Female', 'Male']",1,0,5,4,5,Dry,Straight,Level,Lowest,No
20420,29,Missouri,290632,0,1,1,0,1,NOT APPLICABLE,September,13,Wednesday,22,57,Rural,Low Speed (Local),No,38.21214722,-92.98180833,Non-Intersection,Dark - Not Lighted,Clear,Unknown,Unknown if Notified,Unknown EMS Scene Arrival Hour,Unknown if Arrived,Not Applicable (Not Transported),Not Applicable (Not Transported),1,Dark - Unlighted,Clear,1,0,['Driver'],['None_Used'],1,1,Valid,0.0,0.0,79.0,79.0,['Male'],1,0,3,4,3,Dry,Curve,Level,Lowest,No
20421,29,Missouri,290633,0,2,2,0,2,POPLAR BLUFF,September,13,Wednesday,17,10,Urban,Medium Speed (Collector),No,36.75708333,-90.39369444,Complex/Circle,Daylight,Clear,5:00pm-5:59pm,16,5:00pm-5:59pm,17,5:00pm-5:59pm,33,1,Daylight,Clear,1,1,['Driver'],['None_Used'],0,0,Valid,1.0,0.0,36.0,17.0,"['Male', 'Male']",0,0,5,4,5,Dry,Straight,Level,Lowest,No
20422,29,Missouri,290634,0,2,2,0,3,NOT APPLICABLE,September,13,Wednesday,18,35,Rural,Medium Speed (Collector),No,38.32744444,-90.64822222,Non-Intersection,Daylight,Clear,6:00pm-6:59pm,39,6:00pm-6:59pm,45,Not Applicable (Not Transported),Not Applicable (Not Transported),1,Daylight,Clear,1,0,['Driver'],['Shoulder_Lapbelt'],0,0,Invalid,1.0,0.0,69.0,44.0,"['Male', 'Female']",0,0,2,4,5,Dry,Straight,Grade/Hillcrest,Lowest,No
20423,29,Missouri,290635,0,1,1,0,1,O Fallon,September,14,Thursday,1,36,Urban,Medium Speed (Collector),No,38.77839167,-90.72145833,Non-Intersection,Dark - Not Lighted,Clear,Unknown,Unknown,Unknown EMS Scene Arrival Hour,Unknown EMS Scene Arrival Minutes,Not Applicable (Not Transported),Not Applicable (Not Transported),1,Dark - Unlighted,Clear,1,0,['Driver'],['None_Used'],1,1,Valid,0.0,0.0,32.0,32.0,['Male'],0,0,2,4,3,Dry,Curve,Level,Lowest,No