,State_Code,State_Name,Crash_ID,Count_Non_Motorists,Count_Vehicles_Total,Count_Vehicle_Forms,Count_PVH_Involved,Count_Occupants_MV,City_Name,Month_Name,Day_of_Month,Day_of_Week,Crash_Hour,Crash_Minute,Area_Rural_Urban,Road_Functional_Class,On_NHS_Road,Latitude,Longitude,Intersection_Type,Light_Condition,Weather_Condition,Notif_Hour,Notif_Minute,Arrival_Hour,Arrival_Minute,Hospital_Hour,Hospital_Minute,Fatalities_Count,Clean_Light_Condition,Clean_Weather_Condition,Total_Killed,Total_Alive,Fatal_Seats_List,Killed_Restraint_List,Any_Driver_Drinking,Total_Drinking_Drivers,Driver_License_Category,Driver_Max_Prev_Accident_Count,Driver_Max_Prev_Speeding_Count,Max_Driver_Age,Min_Driver_Age,Driver_Sex_List,Total_Exceeding_Limit_Vehicles,Total_Too_Fast_Vehicles,Max_Vehicle_Type_Severity_5,Max_Vehicle_Damage_Rank,Max_Harmful_Event_Severity,Crash_Road_Surface_Condition,Crash_Horizontal_Alignment,Crash_Vertical_Profile,Crash_Impairment_Category,Crash_Vehicle_Defect
20424,29,Missouri,290636,0,1,1,0,1,NOT APPLICABLE,September,14,Thursday,14,30,Rural,Low Speed (Local),No,36.27738889,-89.75138889,Non-Intersection,Daylight,Clear,Unknown,Unknown if Notified,Unknown EMS Scene Arrival Hour,Unknown if Arrived,Not Applicable (Not Transported),Not Applicable (Not Transported),1,Daylight,Clear,1,0,['Driver'],['Shoulder_Lapbelt'],0,0,Valid,3.0,0.0,32.0,32.0,['Female'],0,0,2,4,4,Dry,Straight,Level,Lowest,No
20425,29,Missouri,290637,0,2,2,0,2,WENTZVILLE,September,1,Friday,16,50,Urban,Medium Speed (Collector),No,38.81233333,-90.85152778,Non-Intersection,Daylight,Clear,Unknown,Unknown if Notified,Unknown EMS Scene Arrival Hour,Unknown if Arrived,Not Applicable (Not Transported),Not Applicable (Not Transported),1,Daylight,Clear,1,1,['Driver'],['Shoulder_Lapbelt'],0,0,Valid,1.0,1.0,75.0,59.0,"['Female', 'Male']",0,0,3,4,5,Dry,Straight,Level,Lowest,No
20426,29,Missouri,290638,0,2,2,0,3,NOT APPLICABLE,September,14,Thursday,17,37,Rural,Medium Speed (Collector),No,39.36152778,-94.14530556,Non-Intersection,Daylight,Clear,5:00pm-5:59pm,52,6:00pm-6:59pm,1,Unknown,Unknown EMS Hospital Arrival Time,2,Daylight,Clear,2,1,"['Driver', 'Front_Passenger']","['Shoulder_Lapbelt', 'Shoulder_Lapbelt']",1,1,Invalid,1.0,0.0,51.0,21.0,"['Male', 'Male']",0,0,4,4,5,Dry,Straight,Grade/Hillcrest,Lowest,No
20427,29,Missouri,290639,0,1,1,0,1,NOT APPLICABLE,September,15,Friday,20,9,Rural,Medium Speed (Collector),No,39.571,-94.43613889,Non-Intersection,Dark - Not Lighted,Clear,8:00pm-8:59pm,11,8:00pm-8:59pm,19,9:00pm-9:59pm,3,1,Dark - Unlighted,Clear,1,0,['Driver'],['None_Used'],0,0,Valid,1.0,0.0,73.0,73.0,['Male'],0,0,3,4,3,Dry,Curve,Grade/Hillcrest,Lowest,No
20428,29,Missouri,290640,1,1,1,0,1,ST. LOUIS,September,15,Friday,22,34,Urban,Medium Speed (Collector),No,38.56926389,-90.23671111,Non-Intersection,Dark - Lighted,Clear,10:00pm-10:59pm,32,10:00pm-10:59pm,46,11:00pm-11:59pm,7,1,Dark - Lighted,Clear,0,1,[],[],0,0,Valid,0.0,0.0,21.0,21.0,['Male'],0,0,5,4,4,Dry,Straight,Level,Lowest,No
20429,29,Missouri,290641,0,1,1,0,2,NOT APPLICABLE,September,15,Friday,20,58,Rural,Low Speed (Local),No,39.42605556,-94.13511111,Non-Intersection,Dark - Not Lighted,Cloudy,9:00pm-9:59pm,22,10:00pm-10:59pm,14,0:00am-0:59am,46,1,Dark - Unlighted,Reduced Visibility,1,1,['Driver'],['Shoulder_Lapbelt'],0,0,Valid,0.0,0.0,17.0,17.0,['Male'],2,0,3,4,3,Dry,Straight,Grade/Hillcrest,Lowest,No
20430,29,Missouri,290642,0,2,2,0,3,SEYMOUR,September,15,Friday,21,42,Rural,High Speed (Arterial),Yes,37.15661111,-92.78641667,Complex/Circle,Dark - Lighted,Clear,9:00pm-9:59pm,49,9:00pm-9:59pm,55,11:00pm-11:59pm,6,1,Dark - Lighted,Clear,1,2,['Driver'],['None_Used'],0,0,Valid,1.0,0.0,81.0,23.0,"['Male', 'Male']",0,0,3,4,5,Dry,Curve,Level,Lowest,No
20431,29,Missouri,290643,1,1,1,0,1,NOT APPLICABLE,September,15,Friday,23,29,Urban,High Speed (Arterial),Yes,38.50383333,-90.34177778,Non-Intersection,Dark - Not Lighted,Clear,Unknown,Unknown,Unknown EMS Scene Arrival Hour,Unknown EMS Scene Arrival Minutes,Not Applicable (Not Transported),Not Applicable (Not Transported),1,Dark - Unlighted,Clear,0,1,[],[],0,0,Valid,0.0,1.0,25.0,25.0,['Male'],0,0,2,4,4,Dry,Curve,Grade/Hillcrest,Lowest,No
20432,29,Missouri,290644,0,1,1,0,1,NOT APPLICABLE,September,15,Friday,5,51,Urban,Low Speed (Local),No,36.85972222,-94.40941667,Non-Intersection,Dark - Not Lighted,Clear,5:00am-5:59am,52,5:00am-5:59am,59,6:00am-6:59am,45,1,Dark - Unlighted,Clear,1,0,['Driver'],['Shoulder_Lapbelt'],0,0,Valid,0.0,0.0,77.0,77.0,['Female'],0,0,2,4,3,Dry,Straight,Grade/Hillcrest,Lowest,No
20433,29,Missouri,290645,0,2,2,0,2,OVERLAND,September,15,Friday,6,30,Urban,High Speed (Arterial),No,38.68697222,-90.36125,Non-Intersection,Daylight,Clear,Unknown,Unknown if Notified,Unknown EMS Scene Arrival Hour,Unknown if Arrived,Not Applicable (Not Transported),Not Applicable (Not Transported),1,Daylight,Clear,1,1,['Driver'],['None_Used'],0,0,Valid,1.0,0.0,72.0,25.0,"['Male', 'Male']",0,0,4,4,5,Dry,Straight,Grade/Hillcrest,Lowest,No
20434,29,Missouri,290646,0,2,2,0,2,NOT APPLICABLE,September,15,Friday,7,43,Urban,High Speed (Arterial),Yes,38.75557222,-90.4586,Non-Intersection,Daylight,Clear,7:00am-7:59am,45,7:00am-7:59am,50,8:00am-8:59am,6,1,Daylight,Clear,1,1,['Driver'],['Shoulder_Lapbelt'],0,0,Valid,2.0,0.0,59.0,52.0,"['Female', 'Female']",0,0,3,4,5,Dry,Straight,Level,Lowest,No
20435,29,Missouri,290647,0,2,2,0,1,EUREKA,September,16,Saturday,1,0,Urban,High Speed (Arterial),Yes,38.50569444,-90.67505556,Non-Intersection,Dark - Lighted,Clear,Unknown,Unknown if Notified,Unknown EMS Scene Arrival Hour,Unknown if Arrived,Not Applicable (Not Transported),Not Applicable (Not Transported),1,Dark - Lighted,Clear,1,0,['Driver'],['Shoulder_Lapbelt'],0,0,Valid,0.0,0.0,52.0,52.0,['Male'],0,0,4,4,5,Dry,Curve,Grade/Hillcrest,Lowest,Yes
20436,29,Missouri,290648,1,1,1,0,1,NOT APPLICABLE,September,16,Saturday,1,16,Rural,High Speed (Arterial),Yes,37.60638889,-92.70452778,Non-Intersection,Dark - Not Lighted,Clear,Unknown,Unknown if Notified,Unknown EMS Scene Arrival Hour,Unknown if Arrived,Not Applicable (Not Transported),Not Applicable (Not Transported),1,Dark - Unlighted,Clear,0,0,[],[],0,0,Invalid,0.0,0.0,999.0,999.0,['Other'],0,0,1,0,4,Dry,Curve,Grade/Hillcrest,Lowest,No
20437,29,Missouri,290649,0,1,1,0,2,ST. PETERS,September,16,Saturday,23,32,Urban,High Speed (Arterial),Yes,38.81687222,-90.56102222,Non-Intersection,Dark - Lighted,Clear,11:00pm-11:59pm,32,11:00pm-11:59pm,41,0:00am-0:59am,0,1,Dark - Lighted,Clear,1,1,['Front_Passenger'],['None_Used'],0,0,Valid,1.0,1.0,24.0,24.0,['Male'],2,0,2,4,2,Dry,Straight,Level,Lowest,No
20438,29,Missouri,290650,0,1,1,0,2,NOT APPLICABLE,September,17,Sunday,15,0,Rural,Medium Speed (Collector),No,36.98719444,-94.55194444,Non-Intersection,Daylight,Clear,3:00pm-3:59pm,4,3:00pm-3:59pm,15,3:00pm-3:59pm,32,1,Daylight,Clear,1,1,['Driver'],['None_Used'],0,0,Invalid,0.0,0.0,53.0,53.0,['Male'],0,0,5,4,3,Dry,Straight,Level,Lowest,No
20439,29,Missouri,290651,0,1,1,0,1,NOT APPLICABLE,September,17,Sunday,11,53,Rural,Medium Speed (Collector),No,36.84108333,-90.11480556,Non-Intersection,Daylight,Clear,11:00am-11:59am,56,12:00pm-12:59pm,9,Not Applicable (Not Transported),Not Applicable (Not Transported),1,Daylight,Clear,1,0,['Driver'],['Shoulder_Lapbelt'],0,0,Valid,0.0,1.0,22.0,22.0,['Male'],0,0,4,4,3,Dry,Straight,Level,Lowest,No
20440,29,Missouri,290653,0,1,1,0,1,NOT APPLICABLE,September,18,Monday,19,26,Urban,Medium Speed (Collector),No,38.71807778,-90.58016667,Non-Intersection,Dark - Not Lighted,Cloudy,7:00pm-7:59pm,31,7:00pm-7:59pm,36,Not Applicable (Not Transported),Not Applicable (Not Transported),1,Dark - Unlighted,Reduced Visibility,1,0,['Driver'],['None_Used'],1,1,Valid,0.0,0.0,25.0,25.0,['Male'],0,0,5,4,2,Dry,Curve,Grade/Hillcrest,Lowest,No
20441,29,Missouri,290654,0,1,1,0,1,STRAFFORD,September,18,Monday,14,44,Urban,Medium Speed (Collector),No,37.28513889,-93.11318889,Non-Intersection,Daylight,Clear,2:00pm-2:59pm,47,3:00pm-3:59pm,4,3:00pm-3:59pm,25,1,Daylight,Clear,1,0,['Driver'],['None_Used'],0,0,Invalid,1.0,0.0,33.0,33.0,['Male'],1,0,5,4,2,Dry,Straight,Level,Lowest,No
20442,29,Missouri,290655,0,1,1,0,1,NOT APPLICABLE,September,19,Tuesday,15,16,Urban,Medium Speed (Collector),No,36.63819444,-90.91755556,Non-Intersection,Daylight,Clear,3:00pm-3:59pm,20,3:00pm-3:59pm,31,Not Applicable (Not Transported),Not Applicable (Not Transported),1,Daylight,Clear,1,0,['Driver'],['Shoulder_Lapbelt'],0,0,Invalid,0.0,0.0,42.0,42.0,['Male'],0,0,2,4,3,Dry,Curve,Grade/Hillcrest,Lowest,No
20443,29,Missouri,290656,0,1,1,0,1,NOT APPLICABLE,September,19,Tuesday,18,20,Rural,Low Speed (Local),No,38.34366667,-90.83866667,Non-Intersection,Daylight,Clear,6:00pm-6:59pm,25,6:00pm-6:59pm,33,7:00pm-7:59pm,10,1,Daylight,Clear,1,0,['Driver'],['None_Used'],1,1,Invalid,1.0,0.0,39.0,39.0,['Male'],0,0,5,4,3,Dry,Straight,Grade/Hillcrest,Lowest,No
20444,29,Missouri,290657,0,1,1,0,1,BRENTWOOD,September,20,Wednesday,1,10,Urban,Low Speed (Local),No,38.62879444,-90.34353611,Non-Intersection,Dark - Not Lighted,Clear,5:00am-5:59am,2,5:00am-5:59am,7,Not Applicable (Not Transported),Not Applicable (Not Transported),1,Dark - Unlighted,Clear,1,0,['Driver'],['Lapbelt_Only'],1,1,Valid,2.0,0.0,21.0,21.0,['Female'],1,0,3,4,3,Dry,Straight,Grade/Hillcrest,Lowest,No
20445,29,Missouri,290658,0,1,1,0,2,NOT APPLICABLE,September,20,Wednesday,22,27,Rural,Low Speed (Local),No,38.30797222,-93.88727778,Simple Junction,Dark - Not Lighted,Clear,Unknown,Unknown,Unknown EMS Scene Arrival Hour,Unknown EMS Scene Arrival Minutes,Unknown,Unknown EMS Hospital Arrival Time,1,Dark - Unlighted,Clear,1,1,['Driver'],['None_Used'],0,0,Invalid,0.0,0.0,51.0,51.0,['Male'],2,0,5,4,3,Loose/Unpaved,Straight,Level,Lowest,No
20446,29,Missouri,290659,0,1,1,0,1,NOT APPLICABLE,September,21,Thursday,2,0,Rural,Low Speed (Local),No,39.42658056,-94.88975833,Non-Intersection,Dark - Not Lighted,Clear,Unknown,Unknown if Notified,Unknown EMS Scene Arrival Hour,Unknown if Arrived,Not Applicable (Not Transported),Not Applicable (Not Transported),1,Dark - Unlighted,Clear,1,0,['Driver'],['None_Used'],1,1,Valid,0.0,0.0,53.0,53.0,['Male'],0,0,5,4,2,Dry,Straight,Grade/Hillcrest,Lowest,No
20447,29,Missouri,290660,0,5,5,0,6,ST. LOUIS,September,22,Friday,15,53,Urban,Medium Speed (Collector),No,38.69592222,-90.226075,Simple Junction,Daylight,Clear,3:00pm-3:59pm,50,4:00pm-4:59pm,5,4:00pm-4:59pm,26,1,Daylight,Clear,1,5,['Driver'],['Shoulder_Lapbelt'],0,0,Invalid,3.0,1.0,57.0,33.0,"['Male', 'Female', 'Female', 'Female', 'Female']",2,0,3,4,5,Dry,Straight,Level,Lowest,No
20448,29,Missouri,290661,0,2,2,0,3,SPRINGFIELD,September,23,Saturday,19,47,Urban,Medium Speed (Collector),No,37.21866111,-93.27553611,Complex/Circle,Dark - Lighted,Cloudy,7:00pm-7:59pm,48,7:00pm-7:59pm,53,8:00pm-8:59pm,13,2,Dark - Lighted,Reduced Visibility,2,1,"['Front_Passenger', 'Driver']","['Shoulder_Lapbelt', 'None_Used']",0,0,Valid,1.0,0.0,21.0,19.0,"['Female', 'Male']",1,0,5,4,5,Dry,Straight,Level,Lowest,No
20449,29,Missouri,290662,0,3,1,2,2,ST. LOUIS,September,23,Saturday,5,34,Urban,High Speed (Arterial),Yes,38.606275,-90.22021111,Non-Intersection,Dark - Lighted,Clear,5:00am-5:59am,35,5:00am-5:59am,40,6:00am-6:59am,27,1,Dark - Lighted,Clear,1,1,['Driver'],['None_Used'],1,1,Valid,1.0,0.0,22.0,22.0,['Female'],2,0,2,4,3,Dry,Curve,Level,Lowest,No
20450,29,Missouri,290663,0,1,1,0,1,NOT APPLICABLE,September,23,Saturday,0,39,Rural,Medium Speed (Collector),No,39.12431389,-91.03996944,Non-Intersection,Dark - Not Lighted,Clear,5:00pm-5:59pm,51,6:00pm-6:59pm,15,Not Applicable (Not Transported),Not Applicable (Not Transported),1,Dark - Unlighted,Clear,1,0,['Driver'],['Shoulder_Lapbelt'],0,0,Valid,0.0,0.0,18.0,18.0,['Male'],1,0,2,4,3,Dry,Curve,Level,Lowest,No
20451,29,Missouri,290665,0,1,1,0,1,NOT APPLICABLE,September,23,Saturday,19,47,Rural,Medium Speed (Collector),No,38.68801111,-94.58745278,Non-Intersection,Dark - Not Lighted,Rain,8:00pm-8:59pm,10,8:00pm-8:59pm,25,Not Applicable (Not Transported),Not Applicable (Not Transported),1,Dark - Unlighted,Rain/Wind/Minor,1,0,['Driver'],['None_Used'],1,1,Valid,0.0,1.0,56.0,56.0,['Male'],1,0,2,4,3,Wet/Standing Water,Straight,Level,Lowest,No
20452,29,Missouri,290666,0,2,2,0,6,KANSAS CITY,September,23,Saturday,7,59,Urban,Medium Speed (Collector),No,38.99136111,-94.57022222,Non-Intersection,Daylight,Cloudy,7:00am-7:59am,59,8:00am-8:59am,15,8:00am-8:59am,28,1,Daylight,Reduced Visibility,1,5,['Driver'],['None_Used'],0,0,Valid,1.0,0.0,32.0,32.0,"['Female', 'Male']",1,0,3,4,5,Dry,Straight,Level,Lowest,No
20453,29,Missouri,290667,0,2,2,0,3,KANSAS CITY,September,24,Sunday,23,7,Urban,High Speed (Arterial),No,39.11415556,-94.32093889,Non-Intersection,Dark - Not Lighted,Clear,11:00pm-11:59pm,10,11:00pm-11:59pm,17,11:00pm-11:59pm,45,1,Dark - Unlighted,Clear,1,2,['Driver'],['None_Used'],0,0,Valid,2.0,1.0,50.0,32.0,"['Male', 'Female']",2,0,3,4,5,Dry,Curve,Grade/Hillcrest,Lowest,No
20454,29,Missouri,290668,0,2,2,0,2,NOT APPLICABLE,September,24,Sunday,13,40,Rural,Medium Speed (Collector),No,39.57122222,-94.807,Non-Intersection,Daylight,Clear,1:00pm-1:59pm,46,2:00pm-2:59pm,0,Not Applicable (Not Transported),Not Applicable (Not Transported),1,Daylight,Clear,1,1,['Driver'],['None_Used'],0,0,Valid,1.0,0.0,66.0,64.0,"['Male', 'Male']",0,0,5,4,5,Dry,Straight,Grade/Hillcrest,Lowest,Yes
20455,29,Missouri,290669,0,4,4,0,5,ST. CLAIR,September,24,Sunday,9,54,Urban,High Speed (Arterial),Yes,38.36169444,-90.97913889,Non-Intersection,Daylight,Clear,10:00am-10:59am,3,10:00am-10:59am,14,10:00am-10:59am,51,3,Daylight,Clear,3,2,"['Driver', 'Driver', 'Front_Passenger']","['Shoulder_Lapbelt', 'Shoulder_Lapbelt', 'Shoulder_Lapbelt']",0,0,Valid,1.0,0.0,64.0,21.0,"['Female', 'Female', 'Female', 'Female']",0,0,3,4,5,Dry,Straight,Level,Lowest,No
20456,29,Missouri,290670,0,2,2,0,2,KANSAS CITY,September,25,Monday,15,2,Urban,Medium Speed (Collector),No,39.12696111,-94.51950833,Complex/Circle,Daylight,Clear,3:00pm-3:59pm,12,3:00pm-3:59pm,14,3:00pm-3:59pm,35,1,Daylight,Clear,1,1,['Driver'],['None_Used'],0,0,Invalid,0.0,0.0,60.0,23.0,"['Male', 'Male']",0,0,5,4,5,Dry,Straight,Level,Lowest,No
20457,29,Missouri,290671,1,1,1,0,1,SULLIVAN,September,25,Monday,20,21,Urban,Medium Speed (Collector),No,38.22047222,-91.16172222,Non-Intersection,Dark - Lighted,Clear,Unknown,Unknown,Unknown EMS Scene Arrival Hour,Unknown EMS Scene Arrival Minutes,Unknown,Unknown EMS Hospital Arrival Time,1,Dark - Lighted,Clear,0,1,[],[],0,0,Valid,0.0,0.0,64.0,64.0,['Male'],0,0,3,1,4,Dry,Straight,Level,Lowest,No
20458,29,Missouri,290672,1,1,1,0,1,KANSAS CITY,September,25,Monday,19,43,Urban,High Speed (Arterial),Yes,39.03493889,-94.39921111,Non-Intersection,Dark - Not Lighted,Clear,Unknown,Unknown if Notified,Unknown EMS Scene Arrival Hour,Unknown if Arrived,Not Applicable (Not Transported),Not Applicable (Not Transported),1,Dark - Unlighted,Clear,0,1,[],[],1,1,Valid,0.0,0.0,47.0,47.0,['Male'],0,0,3,1,4,Dry,Straight,Grade/Hillcrest,Lowest,No
20459,29,Missouri,290673,0,1,1,0,1,BRANSON,June,7,Wednesday,19,3,Urban,Low Speed (Local),No,36.60706111,-93.28808611,Non-Intersection,Daylight,Cloudy,7:00pm-7:59pm,7,7:00pm-7:59pm,13,7:00pm-7:59pm,57,1,Daylight,Reduced Visibility,1,0,['Driver'],['None_Used'],1,1,Valid,0.0,0.0,75.0,75.0,['Male'],0,0,3,4,3,Dry,Curve,Level,Medium,No
20460,29,Missouri,290674,0,2,2,0,2,TROY,September,16,Saturday,11,10,Urban,Medium Speed (Collector),No,38.98675833,-90.96848611,Complex/Circle,Daylight,Clear,11:00am-11:59am,14,11:00am-11:59am,19,11:00am-11:59am,54,1,Daylight,Clear,1,1,['Driver'],['Shoulder_Lapbelt'],0,0,Valid,0.0,0.0,92.0,56.0,"['Male', 'Female']",1,0,3,4,5,Dry,Straight,Level,Lowest,No
20461,29,Missouri,290675,0,1,1,0,1,WILLOW SPRINGS,September,26,Tuesday,99,99,Rural,Medium Speed (Collector),No,36.96814444,-91.91595556,Non-Intersection,Daylight,Clear,Unknown,Unknown if Notified,Unknown EMS Scene Arrival Hour,Unknown if Arrived,Not Applicable (Not Transported),Not Applicable (Not Transported),1,Daylight,Clear,1,0,['Driver'],['None_Used'],0,0,Valid,0.0,0.0,93.0,93.0,['Female'],0,0,2,4,3,Dry,Curve,Grade/Hillcrest,Lowest,No
20462,29,Missouri,290676,0,1,1,0,1,ST. CHARLES,September,26,Tuesday,15,0,Urban,High Speed (Arterial),Yes,38.75783333,-90.53977778,Non-Intersection,Daylight,Clear,3:00pm-3:59pm,9,3:00pm-3:59pm,19,Not Applicable (Not Transported),Not Applicable (Not Transported),1,Daylight,Clear,1,0,['Driver'],['Shoulder_Lapbelt'],0,0,Valid,0.0,0.0,29.0,29.0,['Female'],0,0,3,4,3,Dry,Straight,Level,Lowest,No
20463,29,Missouri,290677,0,1,1,0,1,NOT APPLICABLE,September,26,Tuesday,15,20,Rural,Medium Speed (Collector),No,38.20819444,-91.05175,Non-Intersection,Daylight,Clear,3:00pm-3:59pm,25,3:00pm-3:59pm,35,Not Applicable (Not Transported),Not Applicable (Not Transported),1,Daylight,Clear,1,0,['Driver'],['None_Used'],0,0,Valid,0.0,0.0,60.0,60.0,['Male'],0,0,2,4,3,Dry,Curve,Level,Lowest,No
20464,29,Missouri,290678,1,1,1,0,1,JOPLIN,September,27,Wednesday,22,17,Urban,High Speed (Arterial),Yes,37.04660278,-94.47880833,Non-Intersection,Dark - Unknown Lighting,Clear,Unknown,Unknown if Notified,Unknown EMS Scene Arrival Hour,Unknown if Arrived,Not Applicable (Not Transported),Not Applicable (Not Transported),1,Dark - Unlighted,Clear,0,1,[],[],0,0,Valid,0.0,0.0,51.0,51.0,['Male'],0,0,4,1,4,Dry,Straight,Grade/Hillcrest,Lowest,No
20465,29,Missouri,290679,0,2,2,0,3,INDEPENDENCE,September,27,Wednesday,17,40,Urban,High Speed (Arterial),Yes,39.13828889,-94.26273333,Complex/Circle,Daylight,Clear,Unknown,Unknown,Unknown EMS Scene Arrival Hour,Unknown EMS Scene Arrival Minutes,Not Applicable (Not Transported),Not Applicable (Not Transported),2,Daylight,Clear,2,1,"['Driver', 'Rear_Seat']","['None_Used', 'None_Used']",0,0,Valid,3.0,0.0,55.0,39.0,"['Female', 'Male']",0,0,5,4,5,Dry,Straight,Level,Lowest,No
20466,29,Missouri,290680,0,1,1,0,1,KANSAS CITY,September,28,Thursday,21,51,Urban,Medium Speed (Collector),No,39.03081944,-94.58438611,Non-Intersection,Dark - Lighted,Clear,9:00pm-9:59pm,52,9:00pm-9:59pm,58,10:00pm-10:59pm,5,1,Dark - Lighted,Clear,1,0,['Driver'],['Shoulder_Lapbelt'],1,1,Invalid,0.0,1.0,35.0,35.0,['Male'],1,0,2,4,3,Dry,Curve,Level,Lowest,No
20467,29,Missouri,290681,0,1,1,0,1,NOT APPLICABLE,September,28,Thursday,99,99,Rural,Medium Speed (Collector),No,38.29656111,-92.69482778,Non-Intersection,Reported as Unknown,Reported as Unknown,Unknown,Unknown if Notified,Unknown EMS Scene Arrival Hour,Unknown if Arrived,Not Applicable (Not Transported),Not Applicable (Not Transported),1,Dark - Unlighted,Clear,1,0,['Driver'],['None_Used'],0,0,Valid,0.0,1.0,35.0,35.0,['Male'],1,0,5,4,3,Dry,Curve,Grade/Hillcrest,Lowest,No
20468,29,Missouri,290682,0,2,2,0,3,NOT APPLICABLE,September,28,Thursday,10,0,Rural,Medium Speed (Collector),No,37.44991667,-90.95963889,Simple Junction,Daylight,Clear,10:00am-10:59am,0,10:00am-10:59am,9,10:00am-10:59am,35,1,Daylight,Clear,1,2,['Front_Passenger'],['Shoulder_Lapbelt'],0,0,Valid,3.0,1.0,95.0,27.0,"['Male', 'Male']",0,0,3,4,5,Dry,Straight,Level,Lowest,No
20469,29,Missouri,290683,0,2,2,0,2,NOT APPLICABLE,September,28,Thursday,7,50,Rural,Medium Speed (Collector),No,37.89369444,-92.08233333,Non-Intersection,Daylight,"Fog, Smog, Smoke",7:00am-7:59am,58,8:00am-8:59am,11,9:00am-9:59am,21,1,Daylight,Reduced Visibility,1,1,['Driver'],['Shoulder_Lapbelt'],0,0,Valid,0.0,0.0,67.0,40.0,"['Male', 'Female']",0,0,3,4,5,Dry,Curve,Grade/Hillcrest,Lowest,No
20470,29,Missouri,290685,0,2,2,0,2,NOT APPLICABLE,September,28,Thursday,18,25,Rural,Medium Speed (Collector),No,37.19702778,-94.1995,Complex/Circle,Daylight,Clear,6:00pm-6:59pm,35,6:00pm-6:59pm,45,7:00pm-7:59pm,38,1,Daylight,Clear,1,1,['Driver'],['None_Used'],0,0,Valid,3.0,1.0,42.0,40.0,"['Male', 'Male']",0,0,4,4,5,Dry,Straight,Level,Highest,No
20471,29,Missouri,290686,0,1,1,0,3,NOT APPLICABLE,September,29,Friday,15,3,Rural,High Speed (Arterial),Yes,39.02025,-93.19544444,Non-Intersection,Daylight,Clear,3:00pm-3:59pm,6,3:00pm-3:59pm,17,3:00pm-3:59pm,38,1,Daylight,Clear,1,2,['Front_Passenger'],['Shoulder_Lapbelt'],0,0,Valid,0.0,0.0,68.0,68.0,['Female'],0,0,3,4,3,Dry,Straight,Level,Lowest,No
20472,29,Missouri,290687,0,1,1,0,1,NOT APPLICABLE,September,29,Friday,15,25,Rural,Medium Speed (Collector),No,37.24310833,-92.47031111,Non-Intersection,Daylight,Clear,Unknown,Unknown if Notified,Unknown EMS Scene Arrival Hour,Unknown if Arrived,Not Applicable (Not Transported),Not Applicable (Not Transported),1,Daylight,Clear,1,0,['Driver'],['None_Used'],1,1,Valid,0.0,0.0,38.0,38.0,['Male'],1,0,2,4,3,Dry,Curve,Grade/Hillcrest,Lowest,No
20473,29,Missouri,290688,0,1,1,0,4,NOT APPLICABLE,October,1,Sunday,14,50,Rural,Low Speed (Local),No,36.91843611,-93.60239722,Non-Intersection,Daylight,Clear,3:00pm-3:59pm,24,3:00pm-3:59pm,28,4:00pm-4:59pm,20,1,Daylight,Clear,1,3,['Front_Passenger'],['None_Used'],0,0,Invalid,0.0,0.0,37.0,37.0,['Male'],4,0,2,4,3,Dry,Curve,Grade/Hillcrest,Lowest,No
20474,29,Missouri,290689,0,2,2,0,2,NOT APPLICABLE,October,1,Sunday,15,15,Rural,Medium Speed (Collector),No,38.57561111,-91.328,Simple Junction,Daylight,Clear,3:00pm-3:59pm,17,3:00pm-3:59pm,28,Not Applicable (Not Transported),Not Applicable (Not Transported),1,Daylight,Clear,1,1,['Driver'],['None_Used'],0,0,Valid,0.0,0.0,65.0,33.0,"['Male', 'Male']",0,0,5,4,5,Dry,Straight,Grade/Hillcrest,Lowest,No
20475,29,Missouri,290690,0,2,2,0,3,ST. LOUIS,October,1,Sunday,21,0,Urban,High Speed (Arterial),Yes,38.58734167,-90.259575,Non-Intersection,Dark - Lighted,Clear,8:00pm-8:59pm,52,9:00pm-9:59pm,11,9:00pm-9:59pm,33,1,Dark - Lighted,Clear,1,2,['Front_Passenger'],['None_Used'],0,0,Invalid,1.0,0.0,50.0,23.0,"['Male', 'Male']",0,0,3,4,5,Dry,Straight,Grade/Hillcrest,Lowest,No
20476,29,Missouri,290691,0,1,1,0,3,KANSAS CITY,October,1,Sunday,0,59,Urban,Medium Speed (Collector),No,39.04055,-94.52706667,Non-Intersection,Dark - Lighted,Clear,0:00am-0:59am,58,1:00am-1:59am,2,Not Applicable (Not Transported),Not Applicable (Not Transported),3,Dark - Lighted,Clear,3,0,"['Driver', 'Front_Passenger', 'Rear_Seat']","['None_Used', 'None_Used', 'None_Used']",1,1,Invalid,2.0,1.0,19.0,19.0,['Female'],3,0,2,4,3,Dry,Curve,Level,Lowest,No
20477,29,Missouri,290692,0,3,3,0,5,DELLWOOD,October,2,Monday,18,54,Urban,High Speed (Arterial),Yes,38.74936111,-90.27855556,Non-Intersection,Daylight,Clear,6:00pm-6:59pm,57,7:00pm-7:59pm,12,8:00pm-8:59pm,7,1,Daylight,Clear,1,4,['Driver'],['Shoulder_Lapbelt'],1,1,Valid,1.0,0.0,50.0,37.0,"['Male', 'Female', 'Female']",1,0,3,4,5,Dry,Straight,Grade/Hillcrest,Lowest,No
20478,29,Missouri,290693,1,1,1,0,1,ST. LOUIS,October,2,Monday,1,13,Urban,High Speed (Arterial),Yes,38.60216944,-90.22945,Simple Junction,Dark - Lighted,Clear,1:00am-1:59am,18,1:00am-1:59am,19,1:00am-1:59am,35,1,Dark - Lighted,Clear,0,0,[],[],0,0,Invalid,0.0,0.0,999.0,999.0,['Other'],0,0,3,0,4,Dry,Straight,Level,Lowest,No