,State_Code,State_Name,Crash_ID,Count_Non_Motorists,Count_Vehicles_Total,Count_Vehicle_Forms,Count_PVH_Involved,Count_Occupants_MV,City_Name,Month_Name,Day_of_Month,Day_of_Week,Crash_Hour,Crash_Minute,Area_Rural_Urban,Road_Functional_Class,On_NHS_Road,Latitude,Longitude,Intersection_Type,Light_Condition,Weather_Condition,Notif_Hour,Notif_Minute,Arrival_Hour,Arrival_Minute,Hospital_Hour,Hospital_Minute,Fatalities_Count,Clean_Light_Condition,Clean_Weather_Condition,Total_Killed,Total_Alive,Fatal_Seats_List,Killed_Restraint_List,Any_Driver_Drinking,Total_Drinking_Drivers,Driver_License_Category,Driver_Max_Prev_Accident_Count,Driver_Max_Prev_Speeding_Count,Max_Driver_Age,Min_Driver_Age,Driver_Sex_List,Total_Exceeding_Limit_Vehicles,Total_Too_Fast_Vehicles,Max_Vehicle_Type_Severity_5,Max_Vehicle_Damage_Rank,Max_Harmful_Event_Severity,Crash_Road_Surface_Condition,Crash_Horizontal_Alignment,Crash_Vertical_Profile,Crash_Impairment_Category,Crash_Vehicle_Defect
20479,29,Missouri,290694,0,3,3,0,3,NOT APPLICABLE,October,2,Monday,7,25,Rural,High Speed (Arterial),Yes,40.51975,-93.53241667,Non-Intersection,Daylight,Clear,7:00am-7:59am,31,7:00am-7:59am,45,8:00am-8:59am,18,1,Daylight,Clear,1,2,['Driver'],['None_Used'],0,0,Valid,0.0,1.0,57.0,34.0,"['Male', 'Male', 'Female']",0,0,4,4,5,Dry,Straight,Level,Lowest,No
20480,29,Missouri,290696,0,1,1,0,1,NOT APPLICABLE,October,2,Monday,11,25,Rural,Medium Speed (Collector),No,36.73641667,-93.48494444,Non-Intersection,Daylight,Clear,11:00am-11:59am,26,11:00am-11:59am,42,12:00pm-12:59pm,34,1,Daylight,Clear,1,0,['Driver'],['None_Used'],0,0,Valid,0.0,0.0,71.0,71.0,['Male'],1,0,5,4,3,Dry,Curve,Grade/Hillcrest,Lowest,No
20481,29,Missouri,290697,0,2,2,0,2,NOT APPLICABLE,October,3,Tuesday,15,19,Rural,Medium Speed (Collector),No,36.67305556,-94.60761111,Simple Junction,Daylight,Cloudy,3:00pm-3:59pm,23,3:00pm-3:59pm,34,4:00pm-4:59pm,51,1,Daylight,Reduced Visibility,1,1,['Driver'],['Shoulder_Lapbelt'],0,0,Invalid,1.0,0.0,59.0,55.0,"['Male', 'Male']",0,0,4,4,5,Dry,Curve,Grade/Hillcrest,Lowest,Yes
20482,29,Missouri,290698,0,1,1,0,1,NOT APPLICABLE,October,5,Thursday,20,58,Urban,Low Speed (Local),No,39.05119444,-94.22930556,Simple Junction,Dark - Not Lighted,Clear,Unknown,Unknown,Unknown EMS Scene Arrival Hour,Unknown EMS Scene Arrival Minutes,Not Applicable (Not Transported),Not Applicable (Not Transported),1,Dark - Unlighted,Clear,1,0,['Driver'],['None_Used'],1,1,Valid,1.0,0.0,35.0,35.0,['Female'],0,0,2,4,3,Dry,Straight,Level,Lowest,No
20483,29,Missouri,290699,0,2,2,0,2,NOT APPLICABLE,October,5,Thursday,17,11,Urban,Low Speed (Local),No,38.41011111,-90.58294444,Non-Intersection,Daylight,Clear,5:00pm-5:59pm,10,5:00pm-5:59pm,14,Not Applicable (Not Transported),Not Applicable (Not Transported),1,Daylight,Clear,1,1,['Driver'],['None_Used'],0,0,Invalid,1.0,0.0,63.0,45.0,"['Male', 'Male']",1,0,5,4,5,Dry,Straight,Grade/Hillcrest,Lowest,No
20484,29,Missouri,290700,0,2,2,0,2,NOT APPLICABLE,October,5,Thursday,16,53,Rural,Medium Speed (Collector),No,36.81330556,-94.52269444,Non-Intersection,Daylight,Clear,Unknown,Unknown if Notified,Unknown EMS Scene Arrival Hour,Unknown if Arrived,Not Applicable (Not Transported),Not Applicable (Not Transported),2,Daylight,Clear,2,0,"['Driver', 'Driver']","['None_Used', 'Shoulder_Lapbelt']",1,1,Valid,0.0,0.0,67.0,58.0,"['Male', 'Male']",0,0,3,4,5,Dry,Curve,Grade/Hillcrest,Lowest,No
20485,29,Missouri,290701,0,1,1,0,2,SIBLEY,October,6,Friday,22,56,Rural,Low Speed (Local),No,39.17738889,-94.19427778,Non-Intersection,Dark - Not Lighted,Clear,10:00pm-10:59pm,58,11:00pm-11:59pm,7,11:00pm-11:59pm,35,1,Dark - Unlighted,Clear,1,1,['Driver'],['None_Used'],1,1,Invalid,3.0,0.0,23.0,23.0,['Male'],0,0,5,2,3,Dry,Curve,Level,Lowest,No
20486,29,Missouri,290702,0,1,1,0,1,NOT APPLICABLE,October,7,Saturday,12,52,Rural,Low Speed (Local),No,37.74058333,-89.91041667,Non-Intersection,Daylight,Clear,Unknown,Unknown if Notified,Unknown EMS Scene Arrival Hour,Unknown if Arrived,Not Applicable (Not Transported),Not Applicable (Not Transported),1,Daylight,Clear,1,0,['Driver'],['None_Used'],0,0,Valid,0.0,0.0,31.0,31.0,['Male'],0,0,3,4,3,Dry,Straight,Grade/Hillcrest,Lowest,No
20487,29,Missouri,290703,1,1,1,0,1,NOT APPLICABLE,July,5,Wednesday,6,17,Rural,Medium Speed (Collector),No,38.74291667,-94.59013889,Non-Intersection,Dark - Unknown Lighting,Cloudy,Unknown,Unknown,Unknown EMS Scene Arrival Hour,Unknown EMS Scene Arrival Minutes,Unknown,Unknown EMS Hospital Arrival Time,1,Dark - Unlighted,Reduced Visibility,0,0,[],[],0,0,Invalid,0.0,0.0,998.0,998.0,['Other'],0,0,3,1,4,Dry,Straight,Level,Lowest,No
20488,29,Missouri,290704,0,2,2,0,2,GRANBY,September,20,Wednesday,15,24,Rural,High Speed (Arterial),Yes,36.92113889,-94.24497222,Simple Junction,Daylight,Clear,3:00pm-3:59pm,27,3:00pm-3:59pm,33,Not Applicable (Not Transported),Not Applicable (Not Transported),1,Daylight,Clear,1,1,['Driver'],['Shoulder_Lapbelt'],0,0,Valid,1.0,0.0,64.0,62.0,"['Male', 'Female']",0,0,4,4,5,Dry,Curve,Grade/Hillcrest,Lowest,No
20489,29,Missouri,290705,0,1,1,0,2,GRAVOIS MILLS,September,26,Tuesday,13,13,Rural,High Speed (Arterial),Yes,38.29988889,-92.82197222,Non-Intersection,Daylight,Clear,Unknown,Unknown,Unknown EMS Scene Arrival Hour,Unknown EMS Scene Arrival Minutes,Unknown,Unknown EMS Hospital Arrival Time,1,Daylight,Clear,1,1,['Front_Passenger'],['Shoulder_Lapbelt'],0,0,Valid,0.0,0.0,61.0,61.0,['Female'],0,0,3,4,3,Dry,Curve,Grade/Hillcrest,Lowest,No
20490,29,Missouri,290706,1,1,1,0,1,SPRINGFIELD,September,29,Friday,9,54,Urban,Low Speed (Local),No,37.24870833,-93.31103333,Simple Junction,Daylight,Clear,Unknown,Unknown,Unknown EMS Scene Arrival Hour,Unknown EMS Scene Arrival Minutes,Unknown,Unknown EMS Hospital Arrival Time,1,Daylight,Clear,0,1,[],[],0,0,Valid,1.0,0.0,56.0,56.0,['Male'],0,0,4,0,4,Dry,Curve,Grade/Hillcrest,Lowest,No
20491,29,Missouri,290707,0,1,1,0,2,NOT APPLICABLE,September,30,Saturday,8,5,Rural,High Speed (Arterial),Yes,36.03922222,-90.3295,Non-Intersection,Daylight,Clear,Unknown,Unknown,Unknown EMS Scene Arrival Hour,Unknown EMS Scene Arrival Minutes,Unknown,Unknown EMS Hospital Arrival Time,1,Daylight,Clear,1,1,['Rear_Seat'],['None_Used'],0,0,Valid,0.0,0.0,62.0,62.0,['Male'],0,0,5,4,3,Dry,Straight,Level,Lowest,No
20492,29,Missouri,290708,0,1,1,0,2,NOT APPLICABLE,September,30,Saturday,19,0,Rural,Medium Speed (Collector),No,37.72941667,-90.00144444,Non-Intersection,Daylight,Clear,7:00pm-7:59pm,43,7:00pm-7:59pm,59,Unknown,Unknown EMS Hospital Arrival Time,1,Daylight,Clear,1,1,['Front_Passenger'],['None_Used'],1,1,Valid,1.0,1.0,20.0,20.0,['Male'],0,0,5,4,3,Dry,Straight,Grade/Hillcrest,Lowest,No
20493,29,Missouri,290710,0,1,1,0,1,BLUE SPRINGS,September,30,Saturday,21,45,Urban,Low Speed (Local),No,39.02041389,-94.29973889,Non-Intersection,Dark - Not Lighted,Clear,Unknown,Unknown,Unknown EMS Scene Arrival Hour,Unknown EMS Scene Arrival Minutes,Not Applicable (Not Transported),Not Applicable (Not Transported),1,Dark - Unlighted,Clear,1,0,['Driver'],['Shoulder_Lapbelt'],1,1,Valid,0.0,0.0,38.0,38.0,['Male'],0,0,3,4,3,Dry,Curve,Grade/Hillcrest,Lowest,No
20494,29,Missouri,290711,0,1,1,0,1,NOT APPLICABLE,September,30,Saturday,22,47,Rural,Medium Speed (Collector),No,37.59469444,-90.33877778,Non-Intersection,Dark - Not Lighted,Clear,10:00pm-10:59pm,42,10:00pm-10:59pm,48,Not Applicable (Not Transported),Not Applicable (Not Transported),1,Dark - Unlighted,Clear,1,0,['Driver'],['None_Used'],1,1,Valid,2.0,0.0,43.0,43.0,['Male'],0,0,5,4,1,Dry,Straight,Level,Lowest,No
20495,29,Missouri,290712,0,2,2,0,2,NOT APPLICABLE,October,13,Friday,18,0,Urban,Low Speed (Local),No,37.00869444,-94.55786111,Non-Intersection,Daylight,Cloudy,6:00pm-6:59pm,0,6:00pm-6:59pm,11,6:00pm-6:59pm,32,1,Daylight,Reduced Visibility,1,1,['Driver'],['None_Used'],0,0,Invalid,0.0,0.0,57.0,57.0,"['Male', 'Male']",0,0,5,3,5,Dry,Straight,Grade/Hillcrest,Lowest,No
20496,29,Missouri,290713,0,2,2,0,3,KANSAS CITY,October,13,Friday,19,35,Urban,High Speed (Arterial),Yes,38.99091111,-94.55274722,Non-Intersection,Dark - Lighted,Cloudy,7:00pm-7:59pm,36,7:00pm-7:59pm,45,7:00pm-7:59pm,53,1,Dark - Lighted,Reduced Visibility,1,2,['Driver'],['None_Used'],1,1,Valid,0.0,0.0,34.0,23.0,"['Male', 'Male']",0,0,3,4,5,Dry,Curve,Grade/Hillcrest,Lowest,No
20497,29,Missouri,290714,0,1,1,0,2,ST. LOUIS,October,13,Friday,2,57,Urban,High Speed (Arterial),No,38.59147778,-90.2742,Non-Intersection,Dark - Lighted,Clear,2:00am-2:59am,54,2:00am-2:59am,58,3:00am-3:59am,35,1,Dark - Lighted,Clear,1,1,['Driver'],['Shoulder_Lapbelt'],1,1,Invalid,0.0,0.0,20.0,20.0,['Female'],2,0,2,4,3,Dry,Curve,Grade/Hillcrest,Lowest,No
20498,29,Missouri,290715,0,1,1,0,2,NOT APPLICABLE,October,14,Saturday,2,35,Rural,Low Speed (Local),No,39.08318889,-90.89775556,Non-Intersection,Dark - Not Lighted,"Fog, Smog, Smoke",2:00am-2:59am,43,2:00am-2:59am,54,Not Applicable (Not Transported),Not Applicable (Not Transported),1,Dark - Unlighted,Reduced Visibility,1,1,['Driver'],['None_Used'],1,1,Valid,0.0,0.0,48.0,48.0,['Male'],2,0,5,2,3,Wet/Standing Water,Curve,Grade/Hillcrest,Lowest,No
20499,29,Missouri,290716,0,3,3,0,4,INDEPENDENCE,October,14,Saturday,4,56,Urban,High Speed (Arterial),Yes,39.04271667,-94.36843333,Non-Intersection,Dark - Not Lighted,Rain,5:00am-5:59am,4,5:00am-5:59am,13,5:00am-5:59am,32,2,Dark - Unlighted,Rain/Wind/Minor,2,2,"['Driver', 'Driver']","['None_Used', 'None_Used']",0,0,Invalid,1.0,1.0,67.0,20.0,"['Male', 'Male', 'Female']",2,0,2,4,5,Wet/Standing Water,Straight,Level,Lowest,No
20500,29,Missouri,290717,1,1,1,0,1,KANSAS CITY,October,14,Saturday,15,39,Urban,Medium Speed (Collector),No,38.97111667,-94.57661944,Non-Intersection,Daylight,Cloudy,3:00pm-3:59pm,39,3:00pm-3:59pm,47,Not Applicable (Not Transported),Not Applicable (Not Transported),1,Daylight,Reduced Visibility,0,1,[],[],0,0,Valid,0.0,0.0,20.0,20.0,['Female'],0,0,2,3,4,Dry,Straight,Level,Lowest,No
20501,29,Missouri,290718,0,2,2,0,3,SPRINGFIELD,October,14,Saturday,22,54,Urban,High Speed (Arterial),Yes,37.18199444,-93.27691667,Non-Intersection,Dark - Lighted,"Fog, Smog, Smoke",10:00pm-10:59pm,56,11:00pm-11:59pm,2,11:00pm-11:59pm,16,1,Dark - Lighted,Reduced Visibility,1,2,['Rear_Seat'],['Shoulder_Lapbelt'],0,0,Valid,0.0,1.0,38.0,26.0,"['Male', 'Male']",1,0,3,4,5,Wet/Standing Water,Curve,Level,Lowest,No
20502,29,Missouri,290719,0,2,2,0,4,KANSAS CITY,October,14,Saturday,13,31,Urban,Medium Speed (Collector),No,38.95335556,-94.53031944,Complex/Circle,Daylight,Cloudy,1:00pm-1:59pm,30,1:00pm-1:59pm,36,2:00pm-2:59pm,3,2,Daylight,Reduced Visibility,2,2,"['Front_Passenger', 'Rear_Seat']","['None_Used', 'Child_Safety']",0,0,Invalid,0.0,0.0,62.0,25.0,"['Male', 'Female']",3,0,3,4,5,Wet/Standing Water,Straight,Level,Lowest,No
20503,29,Missouri,290720,0,1,1,0,1,ST. LOUIS,October,14,Saturday,4,26,Urban,High Speed (Arterial),Yes,38.61899167,-90.21991667,Non-Intersection,Dark - Lighted,Clear,4:00am-4:59am,24,4:00am-4:59am,28,Not Applicable (Not Transported),Not Applicable (Not Transported),1,Dark - Lighted,Clear,1,0,['Driver'],['Shoulder_Lapbelt'],1,1,Valid,0.0,0.0,35.0,35.0,['Male'],1,0,2,4,3,Dry,Straight,Grade/Hillcrest,Lowest,No
20504,29,Missouri,290721,0,1,1,0,1,NOT APPLICABLE,October,14,Saturday,18,25,Rural,High Speed (Arterial),Yes,39.38183889,-93.24275556,Simple Junction,Daylight,Cloudy,6:00pm-6:59pm,28,6:00pm-6:59pm,41,Not Applicable (Not Transported),Not Applicable (Not Transported),1,Daylight,Reduced Visibility,1,0,['Driver'],['Shoulder_Lapbelt'],0,0,Valid,0.0,0.0,52.0,52.0,['Female'],0,0,2,4,2,Wet/Standing Water,Straight,Level,Lowest,No
20505,29,Missouri,290722,0,2,2,0,5,BELTON,October,15,Sunday,21,20,Urban,Medium Speed (Collector),No,38.81305556,-94.49747222,Simple Junction,Dark - Lighted,Cloudy,9:00pm-9:59pm,24,9:00pm-9:59pm,26,9:00pm-9:59pm,50,1,Dark - Lighted,Reduced Visibility,1,4,['Driver'],['None_Used'],0,0,Invalid,0.0,0.0,46.0,42.0,"['Male', 'Male']",0,0,5,4,5,Dry,Straight,Level,Lowest,No
20506,29,Missouri,290723,0,2,2,0,3,KEARNEY,October,16,Monday,18,31,Urban,High Speed (Arterial),Yes,39.37023333,-94.37090556,Non-Intersection,Dark - Not Lighted,Clear,6:00pm-6:59pm,27,6:00pm-6:59pm,29,7:00pm-7:59pm,3,1,Dark - Unlighted,Clear,1,2,['Front_Passenger'],['Shoulder_Lapbelt'],0,0,Valid,1.0,0.0,46.0,20.0,"['Female', 'Female']",1,0,2,4,5,Dry,Straight,Level,Lowest,No
20507,29,Missouri,290724,0,2,2,0,2,NOT APPLICABLE,October,17,Tuesday,14,20,Urban,Medium Speed (Collector),No,38.40130556,-90.376,Simple Junction,Daylight,Clear,2:00pm-2:59pm,21,2:00pm-2:59pm,26,2:00pm-2:59pm,56,1,Daylight,Clear,1,1,['Driver'],['None_Used'],0,0,Valid,0.0,0.0,35.0,17.0,"['Male', 'Female']",0,0,5,4,5,Dry,Straight,Level,Lowest,No
20508,29,Missouri,290725,0,3,3,0,5,NOT APPLICABLE,October,17,Tuesday,16,30,Rural,High Speed (Arterial),Yes,39.20269444,-93.46375,Simple Junction,Daylight,Clear,Unknown,Unknown if Notified,Unknown EMS Scene Arrival Hour,Unknown if Arrived,Not Applicable (Not Transported),Not Applicable (Not Transported),2,Daylight,Clear,2,3,"['Driver', 'Rear_Seat']","['None_Used', 'None_Used']",0,0,Valid,0.0,0.0,47.0,28.0,"['Male', 'Male', 'Female']",2,0,5,4,5,Dry,Straight,Grade/Hillcrest,Lowest,No
20509,29,Missouri,290726,0,1,1,0,1,ST. LOUIS,October,18,Wednesday,16,0,Urban,Medium Speed (Collector),No,38.69756944,-90.24120556,Non-Intersection,Daylight,Clear,3:00pm-3:59pm,19,3:00pm-3:59pm,22,4:00pm-4:59pm,1,1,Daylight,Clear,1,0,['Driver'],['None_Used'],0,0,Valid,0.0,0.0,71.0,71.0,['Male'],0,0,3,4,2,Dry,Straight,Grade/Hillcrest,Lowest,No
20510,29,Missouri,290727,0,1,1,0,1,NOT APPLICABLE,October,7,Saturday,16,5,Urban,High Speed (Arterial),Yes,38.521975,-90.3229,Non-Intersection,Daylight,Clear,4:00pm-4:59pm,11,4:00pm-4:59pm,21,4:00pm-4:59pm,41,1,Daylight,Clear,1,0,['Driver'],['Shoulder_Lapbelt'],0,0,Valid,0.0,0.0,78.0,78.0,['Male'],0,0,3,4,3,Dry,Curve,Level,Lowest,No
20511,29,Missouri,290728,0,1,1,0,2,NOT APPLICABLE,October,7,Saturday,13,24,Rural,High Speed (Arterial),Yes,38.12633333,-93.28036111,Non-Intersection,Daylight,Clear,Unknown,Unknown if Notified,Unknown EMS Scene Arrival Hour,Unknown if Arrived,Not Applicable (Not Transported),Not Applicable (Not Transported),2,Daylight,Clear,2,0,"['Driver', 'Front_Passenger']","['Shoulder_Lapbelt', 'None_Used']",0,0,Valid,1.0,0.0,64.0,64.0,['Male'],0,0,2,4,3,Dry,Curve,Level,Lowest,No
20512,29,Missouri,290729,1,1,1,0,1,JEFFERSON CITY,October,8,Sunday,12,6,Urban,Medium Speed (Collector),No,38.57665833,-92.17046389,Non-Intersection,Daylight,Clear,12:00pm-12:59pm,8,12:00pm-12:59pm,13,12:00pm-12:59pm,58,1,Daylight,Clear,0,1,[],[],0,0,Valid,0.0,0.0,71.0,71.0,['Female'],0,0,3,1,4,Dry,Straight,Level,Lowest,No
20513,29,Missouri,290730,0,1,1,0,1,NOT APPLICABLE,October,8,Sunday,14,50,Rural,Medium Speed (Collector),No,39.44,-93.14958333,Non-Intersection,Daylight,Clear,2:00pm-2:59pm,49,2:00pm-2:59pm,57,Not Applicable (Not Transported),Not Applicable (Not Transported),1,Daylight,Clear,1,0,['Driver'],['Shoulder_Lapbelt'],0,0,Valid,0.0,0.0,68.0,68.0,['Female'],0,0,3,4,3,Dry,Straight,Level,Lowest,No
20514,29,Missouri,290731,0,2,2,0,5,ST. LOUIS,October,8,Sunday,22,50,Urban,High Speed (Arterial),Yes,38.58433889,-90.22731111,Complex/Circle,Dark - Lighted,Clear,Unknown,Unknown,Unknown EMS Scene Arrival Hour,Unknown EMS Scene Arrival Minutes,Unknown,Unknown EMS Hospital Arrival Time,1,Dark - Lighted,Clear,1,4,['Rear_Seat'],['Shoulder_Lapbelt'],0,0,Valid,0.0,0.0,48.0,17.0,"['Male', 'Male']",4,0,2,4,5,Dry,Straight,Grade/Hillcrest,Lowest,No
20515,29,Missouri,290732,0,2,2,0,2,PARK HILLS,October,8,Sunday,9,50,Urban,Medium Speed (Collector),No,37.84363889,-90.50108333,Non-Intersection,Daylight,Clear,Unknown,Unknown if Notified,Unknown EMS Scene Arrival Hour,Unknown if Arrived,Not Applicable (Not Transported),Not Applicable (Not Transported),1,Daylight,Clear,1,1,['Driver'],['None_Used'],0,0,Valid,2.0,0.0,60.0,35.0,"['Male', 'Male']",0,0,5,1,5,Dry,Straight,Level,Lowest,No
20516,29,Missouri,290733,0,2,2,0,2,RAYMORE,October,10,Tuesday,17,28,Urban,Medium Speed (Collector),No,38.80577778,-94.45688889,Non-Intersection,Daylight,Clear,5:00pm-5:59pm,30,5:00pm-5:59pm,33,6:00pm-6:59pm,3,1,Daylight,Clear,1,1,['Driver'],['None_Used'],1,1,Valid,1.0,0.0,65.0,30.0,"['Male', 'Male']",1,0,3,4,5,Dry,Straight,Level,Lowest,No
20517,29,Missouri,290734,0,1,1,0,1,CONCORDIA,October,10,Tuesday,9,40,Rural,High Speed (Arterial),Yes,38.99219444,-93.56955556,Non-Intersection,Daylight,Clear,Unknown,Unknown,Unknown EMS Scene Arrival Hour,Unknown EMS Scene Arrival Minutes,Not Applicable (Not Transported),Not Applicable (Not Transported),1,Daylight,Clear,1,0,['Driver'],['None_Used'],0,0,Valid,0.0,0.0,44.0,44.0,['Male'],0,0,3,4,2,Dry,Straight,Level,Lowest,No
20518,29,Missouri,290735,1,1,1,0,1,NOT APPLICABLE,October,11,Wednesday,22,35,Rural,High Speed (Arterial),Yes,38.93927778,-92.60916667,Non-Intersection,Dark - Lighted,Clear,Unknown,Unknown if Notified,Unknown EMS Scene Arrival Hour,Unknown if Arrived,Not Applicable (Not Transported),Not Applicable (Not Transported),1,Dark - Lighted,Clear,0,0,[],[],0,0,Invalid,0.0,0.0,999.0,999.0,['Other'],0,0,1,0,4,Dry,Straight,Grade/Hillcrest,Lowest,No
20519,29,Missouri,290736,1,1,1,0,2,NOT APPLICABLE,October,11,Wednesday,17,35,Rural,Medium Speed (Collector),No,38.65508333,-93.91719444,Non-Intersection,Daylight,Cloudy,5:00pm-5:59pm,37,5:00pm-5:59pm,49,6:00pm-6:59pm,27,1,Daylight,Reduced Visibility,0,2,[],[],0,0,Valid,0.0,0.0,36.0,36.0,['Male'],2,0,3,4,1,Dry,Straight,Grade/Hillcrest,Lowest,No
20520,29,Missouri,290737,0,2,2,0,2,NOT APPLICABLE,October,11,Wednesday,6,25,Rural,High Speed (Arterial),Yes,36.84033333,-89.68619444,Complex/Circle,Dark - Not Lighted,Clear,6:00am-6:59am,28,6:00am-6:59am,42,Unknown,Unknown EMS Hospital Arrival Time,1,Dark - Unlighted,Clear,1,1,['Driver'],['Shoulder_Lapbelt'],0,0,Valid,0.0,0.0,23.0,19.0,"['Male', 'Male']",0,0,3,4,5,Dry,Straight,Level,Lowest,No
20521,29,Missouri,290738,0,2,2,0,2,ST. LOUIS,October,11,Wednesday,3,34,Urban,Medium Speed (Collector),No,38.62591389,-90.20188889,Complex/Circle,Dark - Lighted,Clear,Unknown,Unknown,Unknown EMS Scene Arrival Hour,Unknown EMS Scene Arrival Minutes,Unknown,Unknown EMS Hospital Arrival Time,1,Dark - Lighted,Clear,1,1,['Driver'],['None_Used'],1,1,Invalid,4.0,0.0,34.0,26.0,"['Male', 'Male']",1,0,4,4,5,Dry,Straight,Level,Lowest,No
20522,29,Missouri,290739,0,1,1,0,1,NOT APPLICABLE,October,12,Thursday,21,15,Rural,Medium Speed (Collector),No,38.34283333,-90.64586111,Non-Intersection,Dark - Not Lighted,Clear,9:00pm-9:59pm,22,9:00pm-9:59pm,32,Not Applicable (Not Transported),Not Applicable (Not Transported),1,Dark - Unlighted,Clear,1,0,['Driver'],['Shoulder_Lapbelt'],1,1,Valid,1.0,0.0,25.0,25.0,['Male'],1,0,3,4,3,Dry,Straight,Level,Lowest,No
20523,29,Missouri,290740,0,2,2,0,2,FLORISSANT,October,12,Thursday,15,3,Urban,High Speed (Arterial),Yes,38.81196389,-90.29366667,Simple Junction,Daylight,Clear,Unknown,Unknown,Unknown EMS Scene Arrival Hour,Unknown EMS Scene Arrival Minutes,Unknown,Unknown EMS Hospital Arrival Time,1,Daylight,Clear,1,1,['Driver'],['None_Used'],1,1,Valid,2.0,0.0,45.0,28.0,"['Male', 'Male']",1,0,5,4,5,Dry,Straight,Grade/Hillcrest,Lowest,No
20524,29,Missouri,290741,0,2,2,0,2,PACIFIC,October,12,Thursday,18,43,Urban,High Speed (Arterial),Yes,38.48741667,-90.74930556,Non-Intersection,Daylight,Clear,Unknown,Unknown if Notified,Unknown EMS Scene Arrival Hour,Unknown if Arrived,Not Applicable (Not Transported),Not Applicable (Not Transported),1,Daylight,Clear,1,1,['Driver'],['None_Used'],1,1,Valid,0.0,0.0,55.0,53.0,"['Male', 'Female']",0,0,4,4,5,Dry,Straight,Grade/Hillcrest,Lowest,No
20525,29,Missouri,290742,0,1,1,0,1,COLUMBIA,September,18,Monday,23,41,Urban,High Speed (Arterial),Yes,38.94254444,-92.33333611,Non-Intersection,Dark - Lighted,Clear,11:00pm-11:59pm,44,11:00pm-11:59pm,47,0:00am-0:59am,1,1,Dark - Lighted,Clear,1,0,['Driver'],['None_Used'],0,0,Invalid,1.0,0.0,33.0,33.0,['Male'],1,0,5,4,2,Dry,Curve,Grade/Hillcrest,Lowest,Yes
20526,29,Missouri,290743,0,1,1,0,2,NOT APPLICABLE,October,18,Wednesday,15,33,Rural,High Speed (Arterial),Yes,38.57791944,-94.3507,Non-Intersection,Daylight,"Fog, Smog, Smoke",3:00pm-3:59pm,39,3:00pm-3:59pm,57,4:00pm-4:59pm,29,1,Daylight,Reduced Visibility,1,1,['Driver'],['None_Used'],0,0,Valid,0.0,0.0,54.0,54.0,['Female'],2,0,2,4,3,Dry,Straight,Level,Lowest,No
20527,29,Missouri,290744,0,3,3,0,3,NOT APPLICABLE,October,19,Thursday,12,55,Rural,Medium Speed (Collector),No,37.23069444,-89.63905556,Simple Junction,Daylight,Clear,1:00pm-1:59pm,2,1:00pm-1:59pm,27,1:00pm-1:59pm,57,1,Daylight,Clear,1,2,['Driver'],['None_Used'],0,0,Valid,1.0,0.0,76.0,21.0,"['Male', 'Male', 'Male']",0,0,4,4,5,Dry,Straight,Level,Lowest,No
20528,29,Missouri,290745,0,2,2,0,3,NOT APPLICABLE,October,19,Thursday,13,53,Rural,Low Speed (Local),No,39.21044444,-92.08636111,Complex/Circle,Daylight,Clear,1:00pm-1:59pm,59,2:00pm-2:59pm,15,3:00pm-3:59pm,12,1,Daylight,Clear,1,2,['Driver'],['None_Used'],0,0,Valid,1.0,0.0,72.0,19.0,"['Female', 'Male']",0,0,4,4,5,Dry,Straight,Level,Lowest,No
20529,29,Missouri,290746,0,2,2,0,3,SPRINGFIELD,October,19,Thursday,20,16,Urban,High Speed (Arterial),Yes,37.15996944,-93.29313611,Non-Intersection,Dark - Lighted,Cloudy,8:00pm-8:59pm,16,8:00pm-8:59pm,20,8:00pm-8:59pm,33,1,Dark - Lighted,Reduced Visibility,1,2,['Driver'],['None_Used'],0,0,Invalid,0.0,2.0,27.0,19.0,"['Female', 'Male']",0,0,5,4,5,Dry,Straight,Non-Trafficway,Lowest,No
20530,29,Missouri,290747,0,2,2,0,2,HANNIBAL,October,20,Friday,11,37,Urban,Medium Speed (Collector),No,39.70358333,-91.40336111,Non-Intersection,Daylight,Clear,11:00am-11:59am,40,11:00am-11:59am,44,12:00pm-12:59pm,26,1,Daylight,Clear,1,1,['Driver'],['Shoulder_Lapbelt'],0,0,Valid,1.0,0.0,32.0,31.0,"['Male', 'Male']",0,0,3,4,5,Dry,Straight,Grade/Hillcrest,Lowest,No
20531,29,Missouri,290748,1,1,1,0,2,FLORISSANT,October,20,Friday,21,0,Urban,High Speed (Arterial),Yes,38.77322222,-90.31341667,Non-Intersection,Dark - Lighted,Clear,11:00am-11:59am,23,11:00am-11:59am,31,Not Applicable (Not Transported),Not Applicable (Not Transported),1,Dark - Lighted,Clear,0,2,[],[],1,1,Valid,0.0,0.0,28.0,28.0,['Female'],0,0,2,4,4,Dry,Straight,Level,Lowest,No
20532,29,Missouri,290749,0,2,2,0,2,GAINESVILLE,October,20,Friday,10,30,Rural,Medium Speed (Collector),No,36.60036111,-92.43177778,Complex/Circle,Daylight,Clear,10:00am-10:59am,31,11:00am-11:59am,6,11:00am-11:59am,57,1,Daylight,Clear,1,1,['Driver'],['None_Used'],0,0,Valid,0.0,0.0,85.0,24.0,"['Female', 'Male']",0,0,4,4,5,Dry,Straight,Level,Lowest,No
20533,29,Missouri,290750,1,1,1,0,1,NOT APPLICABLE,October,20,Friday,6,12,Urban,High Speed (Arterial),Yes,36.73322222,-90.43469444,Non-Intersection,Dark - Not Lighted,Clear,Unknown,Unknown if Notified,Unknown EMS Scene Arrival Hour,Unknown if Arrived,Not Applicable (Not Transported),Not Applicable (Not Transported),1,Dark - Unlighted,Clear,0,1,[],[],0,0,Valid,1.0,0.0,42.0,42.0,['Male'],0,0,3,2,4,Dry,Straight,Grade/Hillcrest,Lowest,No