,State_Code,State_Name,Crash_ID,Count_Non_Motorists,Count_Vehicles_Total,Count_Vehicle_Forms,Count_PVH_Involved,Count_Occupants_MV,City_Name,Month_Name,Day_of_Month,Day_of_Week,Crash_Hour,Crash_Minute,Area_Rural_Urban,Road_Functional_Class,On_NHS_Road,Latitude,Longitude,Intersection_Type,Light_Condition,Weather_Condition,Notif_Hour,Notif_Minute,Arrival_Hour,Arrival_Minute,Hospital_Hour,Hospital_Minute,Fatalities_Count,Clean_Light_Condition,Clean_Weather_Condition,Total_Killed,Total_Alive,Fatal_Seats_List,Killed_Restraint_List,Any_Driver_Drinking,Total_Drinking_Drivers,Driver_License_Category,Driver_Max_Prev_Accident_Count,Driver_Max_Prev_Speeding_Count,Max_Driver_Age,Min_Driver_Age,Driver_Sex_List,Total_Exceeding_Limit_Vehicles,Total_Too_Fast_Vehicles,Max_Vehicle_Type_Severity_5,Max_Vehicle_Damage_Rank,Max_Harmful_Event_Severity,Crash_Road_Surface_Condition,Crash_Horizontal_Alignment,Crash_Vertical_Profile,Crash_Impairment_Category,Crash_Vehicle_Defect
20534,29,Missouri,290751,0,1,1,0,1,ST. LOUIS,October,21,Saturday,21,7,Urban,High Speed (Arterial),Yes,38.60056944,-90.207425,Non-Intersection,Dark - Not Lighted,Clear,9:00pm-9:59pm,5,9:00pm-9:59pm,23,9:00pm-9:59pm,35,1,Dark - Unlighted,Clear,1,0,['Driver'],['None_Used'],0,0,Invalid,3.0,0.0,37.0,37.0,['Male'],0,0,5,1,3,Dry,Straight,Level,Lowest,No
20535,29,Missouri,290752,0,2,2,0,3,KANSAS CITY,October,21,Saturday,21,52,Urban,Medium Speed (Collector),No,39.09548333,-94.57284722,Simple Junction,Dark - Lighted,Clear,9:00pm-9:59pm,51,9:00pm-9:59pm,56,Not Applicable (Not Transported),Not Applicable (Not Transported),1,Dark - Lighted,Clear,1,2,['Driver'],['None_Used'],0,0,Invalid,0.0,0.0,24.0,19.0,"['Male', 'Male']",0,0,5,4,5,Dry,Straight,Level,Lowest,No
20536,29,Missouri,290754,0,2,2,0,2,NOT APPLICABLE,October,21,Saturday,6,14,Rural,High Speed (Arterial),Yes,39.75063889,-92.38336111,Complex/Circle,Dark - Not Lighted,Clear,6:00am-6:59am,17,6:00am-6:59am,23,Not Applicable (Not Transported),Not Applicable (Not Transported),1,Dark - Unlighted,Clear,1,1,['Driver'],['Shoulder_Lapbelt'],0,0,Invalid,0.0,0.0,44.0,18.0,"['Female', 'Male']",0,0,4,4,5,Dry,Straight,Grade/Hillcrest,Lowest,No
20537,29,Missouri,290755,0,1,1,0,1,NOT APPLICABLE,October,21,Saturday,14,6,Rural,Medium Speed (Collector),No,36.563,-91.21386111,Non-Intersection,Daylight,Clear,2:00pm-2:59pm,22,2:00pm-2:59pm,44,3:00pm-3:59pm,37,1,Daylight,Clear,1,0,['Driver'],['None_Used'],1,1,Valid,0.0,0.0,56.0,56.0,['Male'],0,0,5,4,3,Dry,Straight,Grade/Hillcrest,Lowest,No
20538,29,Missouri,290756,1,1,1,0,3,BRANSON,October,21,Saturday,20,50,Urban,High Speed (Arterial),Yes,36.63794444,-93.27722778,Complex/Circle,Dark - Lighted,Clear,8:00pm-8:59pm,53,8:00pm-8:59pm,58,9:00pm-9:59pm,23,1,Dark - Lighted,Clear,0,3,[],[],0,0,Valid,0.0,0.0,29.0,29.0,['Male'],0,0,3,2,4,Dry,Straight,Level,Lowest,No
20539,29,Missouri,290757,0,1,1,0,5,NOT APPLICABLE,October,16,Monday,8,15,Rural,Medium Speed (Collector),No,37.82919444,-90.77638889,Non-Intersection,Daylight,Clear,8:00am-8:59am,47,9:00am-9:59am,5,10:00am-10:59am,30,2,Daylight,Clear,2,3,"['Rear_Seat', 'Rear_Seat']","['Shoulder_Lapbelt', 'Shoulder_Lapbelt']",0,0,Valid,0.0,0.0,36.0,36.0,['Male'],0,0,3,4,3,Dry,Curve,Grade/Hillcrest,Lowest,No
20540,29,Missouri,290758,0,2,2,0,3,MEXICO,October,22,Sunday,19,11,Urban,High Speed (Arterial),Yes,39.14769444,-91.84402778,Non-Intersection,Dark - Not Lighted,Clear,7:00pm-7:59pm,12,7:00pm-7:59pm,26,Unknown,Unknown EMS Hospital Arrival Time,2,Dark - Unlighted,Clear,2,1,"['Driver', 'Driver']","['Shoulder_Lapbelt', 'Shoulder_Lapbelt']",1,1,Valid,2.0,0.0,62.0,34.0,"['Male', 'Male']",0,0,3,4,5,Dry,Curve,Level,Lowest,No
20541,29,Missouri,290759,0,1,1,0,1,NOT APPLICABLE,October,22,Sunday,19,50,Rural,Medium Speed (Collector),No,38.17991667,-90.38972222,Non-Intersection,Dark - Not Lighted,Clear,7:00pm-7:59pm,54,8:00pm-8:59pm,1,Not Applicable (Not Transported),Not Applicable (Not Transported),1,Dark - Unlighted,Clear,1,0,['Driver'],['None_Used'],1,1,Valid,0.0,0.0,63.0,63.0,['Male'],0,0,3,4,3,Dry,Curve,Grade/Hillcrest,Lowest,No
20542,29,Missouri,290760,0,1,1,0,1,NOT APPLICABLE,October,22,Sunday,2,55,Rural,High Speed (Arterial),Yes,37.89177778,-93.66224444,Non-Intersection,Dark - Not Lighted,Clear,Unknown,Unknown if Notified,Unknown EMS Scene Arrival Hour,Unknown if Arrived,Not Applicable (Not Transported),Not Applicable (Not Transported),1,Dark - Unlighted,Clear,1,0,['Driver'],['None_Used'],1,1,Valid,0.0,0.0,27.0,27.0,['Male'],0,0,3,4,3,Dry,Straight,Level,Lowest,No
20543,29,Missouri,290761,1,1,1,0,1,NOT APPLICABLE,October,22,Sunday,3,6,Rural,High Speed (Arterial),Yes,37.41677778,-92.88619444,Non-Intersection,Dark - Not Lighted,Clear,Unknown,Unknown if Notified,Unknown EMS Scene Arrival Hour,Unknown if Arrived,Not Applicable (Not Transported),Not Applicable (Not Transported),1,Dark - Unlighted,Clear,0,0,[],[],0,0,Invalid,0.0,0.0,999.0,999.0,['Other'],0,0,1,0,4,Dry,Straight,Grade/Hillcrest,Lowest,No
20544,29,Missouri,290762,1,1,1,0,1,KANSAS CITY,October,22,Sunday,2,21,Urban,High Speed (Arterial),Yes,39.25856389,-94.59520278,Non-Intersection,Dark - Not Lighted,Clear,Unknown,Unknown if Notified,Unknown EMS Scene Arrival Hour,Unknown if Arrived,Not Applicable (Not Transported),Not Applicable (Not Transported),1,Dark - Unlighted,Clear,0,1,[],[],1,1,Valid,1.0,0.0,21.0,21.0,['Male'],0,0,3,1,4,Dry,Straight,Level,Lowest,No
20545,29,Missouri,290763,1,1,1,0,2,BELLEFONTAINE NEIGHBOR,October,22,Sunday,19,30,Urban,High Speed (Arterial),Yes,38.77058333,-90.23080556,Non-Intersection,Dark - Lighted,Clear,Unknown,Unknown if Notified,Unknown EMS Scene Arrival Hour,Unknown if Arrived,Not Applicable (Not Transported),Not Applicable (Not Transported),1,Dark - Lighted,Clear,0,2,[],[],0,0,Valid,0.0,0.0,56.0,56.0,['Male'],0,0,2,1,4,Dry,Straight,Level,Lowest,No
20546,29,Missouri,290764,0,1,1,0,1,NOT APPLICABLE,October,22,Sunday,21,30,Rural,Medium Speed (Collector),No,37.39791667,-93.29291667,Non-Intersection,Dark - Not Lighted,Clear,Unknown,Unknown if Notified,Unknown EMS Scene Arrival Hour,Unknown if Arrived,Not Applicable (Not Transported),Not Applicable (Not Transported),1,Dark - Unlighted,Clear,1,0,['Driver'],['None_Used'],1,1,Valid,1.0,0.0,58.0,58.0,['Male'],1,0,2,4,3,Dry,Curve,Grade/Hillcrest,Lowest,No
20547,29,Missouri,290765,1,1,1,0,1,CREVE COEUR,October,23,Monday,8,19,Urban,High Speed (Arterial),Yes,38.67320278,-90.41471944,Complex/Circle,Daylight,Clear,8:00am-8:59am,20,8:00am-8:59am,25,8:00am-8:59am,42,1,Daylight,Clear,0,1,[],[],0,0,Valid,0.0,0.0,54.0,54.0,['Male'],0,0,3,1,4,Dry,Straight,Level,Lowest,No
20548,29,Missouri,290766,0,3,3,0,3,NOT APPLICABLE,October,23,Monday,7,0,Rural,High Speed (Arterial),Yes,36.57416667,-91.57936111,Non-Intersection,Dark - Not Lighted,Cloudy,7:00am-7:59am,7,7:00am-7:59am,28,7:00am-7:59am,55,1,Dark - Unlighted,Reduced Visibility,1,2,['Driver'],['None_Used'],0,0,Valid,0.0,0.0,47.0,29.0,"['Male', 'Male', 'Male']",1,0,3,4,5,Dry,Straight,Level,Lowest,No
20549,29,Missouri,290767,0,1,1,0,1,NOT APPLICABLE,October,23,Monday,5,53,Rural,Medium Speed (Collector),No,38.91019444,-91.13452778,Non-Intersection,Dark - Not Lighted,Cloudy,Unknown,Unknown if Notified,Unknown EMS Scene Arrival Hour,Unknown if Arrived,Not Applicable (Not Transported),Not Applicable (Not Transported),1,Dark - Unlighted,Reduced Visibility,1,0,['Driver'],['None_Used'],0,0,Valid,0.0,0.0,38.0,38.0,['Female'],1,0,2,4,3,Dry,Curve,Grade/Hillcrest,Lowest,Yes
20550,29,Missouri,290768,1,1,1,0,1,LAKESHIRE,October,23,Monday,5,20,Urban,High Speed (Arterial),Yes,38.53785833,-90.33602222,Simple Junction,Dark - Not Lighted,Clear,5:00am-5:59am,22,5:00am-5:59am,26,Not Applicable (Not Transported),Not Applicable (Not Transported),1,Dark - Unlighted,Clear,0,1,[],[],0,0,Valid,0.0,0.0,19.0,19.0,['Male'],0,0,3,4,4,Dry,Straight,Grade/Hillcrest,Lowest,No
20551,29,Missouri,290769,0,2,2,0,2,LAKE LOTAWANA,October,24,Tuesday,11,46,Urban,High Speed (Arterial),Yes,38.93425,-94.27575,Simple Junction,Daylight,Cloudy,11:00am-11:59am,47,11:00am-11:59am,51,12:00pm-12:59pm,17,1,Daylight,Reduced Visibility,1,1,['Driver'],['Shoulder_Lapbelt'],0,0,Valid,1.0,1.0,41.0,24.0,"['Male', 'Male']",0,0,4,4,5,Wet/Standing Water,Curve,Grade/Hillcrest,Lowest,Yes
20552,29,Missouri,290770,0,1,1,0,1,KANSAS CITY,October,25,Wednesday,9,50,Urban,High Speed (Arterial),Yes,39.00962778,-94.602375,Non-Intersection,Daylight,Rain,9:00am-9:59am,50,9:00am-9:59am,54,10:00am-10:59am,8,1,Daylight,Rain/Wind/Minor,1,0,['Driver'],['None_Used'],0,0,Valid,0.0,0.0,78.0,78.0,['Male'],0,0,3,4,3,Wet/Standing Water,Straight,Level,Lowest,No
20553,29,Missouri,290771,1,1,1,0,1,POPLAR BLUFF,October,26,Thursday,19,43,Urban,Medium Speed (Collector),No,36.75791667,-90.38425,Non-Intersection,Dark - Not Lighted,Cloudy,7:00pm-7:59pm,44,7:00pm-7:59pm,49,8:00pm-8:59pm,9,1,Dark - Unlighted,Reduced Visibility,0,1,[],[],0,0,Valid,0.0,0.0,45.0,45.0,['Female'],0,0,2,4,4,Dry,Straight,Level,Lowest,No
20554,29,Missouri,290772,0,1,1,0,1,NOT APPLICABLE,October,27,Friday,9,15,Rural,High Speed (Arterial),Yes,37.96033333,-91.57291667,Non-Intersection,Daylight,Cloudy,9:00am-9:59am,18,9:00am-9:59am,24,Not Applicable (Not Transported),Not Applicable (Not Transported),1,Daylight,Reduced Visibility,1,0,['Driver'],['None_Used'],0,0,Valid,0.0,0.0,17.0,17.0,['Male'],1,0,3,4,3,Wet/Standing Water,Curve,Level,Lowest,No
20555,29,Missouri,290773,0,5,2,3,3,NOT APPLICABLE,October,27,Friday,16,12,Urban,High Speed (Arterial),Yes,38.76194444,-90.47530556,Non-Intersection,Daylight,Rain,4:00pm-4:59pm,12,4:00pm-4:59pm,16,4:00pm-4:59pm,44,1,Daylight,Rain/Wind/Minor,1,2,['Driver'],['None_Used'],0,0,Valid,1.0,0.0,54.0,28.0,"['Female', 'Female']",0,0,3,4,5,Wet/Standing Water,Straight,Level,Medium,No
20556,29,Missouri,290774,0,1,1,0,3,NOT APPLICABLE,October,28,Saturday,0,18,Rural,Medium Speed (Collector),No,39.12383333,-92.465,Non-Intersection,Dark - Not Lighted,Cloudy,0:00am-0:59am,21,0:00am-0:59am,41,Unknown,Unknown EMS Hospital Arrival Time,1,Dark - Unlighted,Reduced Visibility,1,2,['Front_Passenger'],['None_Used'],1,1,Valid,1.0,2.0,29.0,29.0,['Male'],3,0,3,4,3,Dry,Curve,Level,Lowest,No
20557,29,Missouri,290775,1,2,2,0,3,MARYLAND HEIGHTS,October,28,Saturday,18,57,Urban,Medium Speed (Collector),No,38.70111111,-90.46066667,Non-Intersection,Dark - Not Lighted,Rain,7:00pm-7:59pm,2,7:00pm-7:59pm,8,7:00pm-7:59pm,23,1,Dark - Unlighted,Rain/Wind/Minor,0,3,[],[],0,0,Valid,0.0,0.0,41.0,38.0,"['Male', 'Male']",0,0,3,3,4,Wet/Standing Water,Straight,Grade/Hillcrest,Lowest,No
20558,29,Missouri,290776,0,1,1,0,2,NOT APPLICABLE,October,28,Saturday,22,10,Rural,Medium Speed (Collector),No,38.21927778,-93.70186111,Non-Intersection,Dark - Not Lighted,Rain,10:00pm-10:59pm,14,10:00pm-10:59pm,33,11:00pm-11:59pm,12,1,Dark - Unlighted,Rain/Wind/Minor,1,1,['Driver'],['None_Used'],1,1,Valid,0.0,0.0,41.0,41.0,['Male'],2,0,3,4,3,Wet/Standing Water,Straight,Grade/Hillcrest,Lowest,No
20559,29,Missouri,290777,0,2,1,1,2,NOT APPLICABLE,October,29,Sunday,7,48,Rural,High Speed (Arterial),Yes,38.02472222,-91.54791667,Non-Intersection,Daylight,Rain,7:00am-7:59am,48,7:00am-7:59am,59,8:00am-8:59am,52,1,Daylight,Rain/Wind/Minor,1,1,['Driver'],['Shoulder_Lapbelt'],0,0,Valid,0.0,0.0,25.0,25.0,['Male'],0,0,4,4,5,Wet/Standing Water,Straight,Level,Medium,No
20560,29,Missouri,290778,1,1,1,0,1,NOT APPLICABLE,October,30,Monday,5,55,Rural,Low Speed (Local),No,37.75455556,-92.51055556,Non-Intersection,Dark - Not Lighted,Cloudy,6:00am-6:59am,2,6:00am-6:59am,22,6:00am-6:59am,33,1,Dark - Unlighted,Reduced Visibility,0,1,[],[],0,0,Invalid,0.0,0.0,35.0,35.0,['Male'],0,0,2,4,4,Dry,Straight,Grade/Hillcrest,Lowest,No
20561,29,Missouri,290779,0,1,1,0,1,NOT APPLICABLE,October,30,Monday,6,52,Rural,Medium Speed (Collector),No,39.69811111,-94.01688889,Simple Junction,Dark - Not Lighted,Clear,Unknown,Unknown if Notified,Unknown EMS Scene Arrival Hour,Unknown if Arrived,Not Applicable (Not Transported),Not Applicable (Not Transported),1,Dark - Unlighted,Clear,1,0,['Driver'],['None_Used'],0,0,Valid,0.0,0.0,46.0,46.0,['Female'],1,0,2,4,3,Oil/Contaminated,Straight,Level,Lowest,No
20562,29,Missouri,290780,0,2,2,0,4,NOT APPLICABLE,November,1,Wednesday,7,43,Rural,Medium Speed (Collector),No,39.77695833,-94.71169167,Complex/Circle,Dawn,Clear,7:00am-7:59am,46,8:00am-8:59am,1,8:00am-8:59am,30,1,Twilight,Clear,1,3,['Driver'],['None_Used'],0,0,Invalid,0.0,0.0,70.0,48.0,"['Male', 'Female']",0,0,3,4,5,Dry,Straight,Level,Lowest,No
20563,29,Missouri,290781,0,1,1,0,2,NOT APPLICABLE,November,2,Thursday,12,32,Rural,High Speed (Arterial),Yes,37.08636111,-93.85425,Non-Intersection,Daylight,Clear,12:00pm-12:59pm,35,12:00pm-12:59pm,56,1:00pm-1:59pm,32,2,Daylight,Clear,2,0,"['Driver', 'Front_Passenger']","['None_Used', 'None_Used']",0,0,Valid,0.0,0.0,78.0,78.0,['Male'],0,0,3,4,3,Dry,Straight,Grade/Hillcrest,Lowest,No
20564,29,Missouri,290782,0,2,2,0,3,NOT APPLICABLE,November,2,Thursday,9,41,Rural,Medium Speed (Collector),No,37.56363889,-94.47772222,Complex/Circle,Daylight,Clear,Unknown,Unknown if Notified,Unknown EMS Scene Arrival Hour,Unknown if Arrived,Not Applicable (Not Transported),Not Applicable (Not Transported),1,Daylight,Clear,1,2,['Driver'],['None_Used'],0,0,Valid,1.0,0.0,67.0,25.0,"['Female', 'Female']",0,0,3,4,5,Dry,Straight,Level,Lowest,No
20565,29,Missouri,290783,1,1,1,0,1,DELLWOOD,November,3,Friday,18,20,Urban,High Speed (Arterial),Yes,38.75963889,-90.27972222,Non-Intersection,Dark - Lighted,Clear,Unknown,Unknown,Unknown EMS Scene Arrival Hour,Unknown EMS Scene Arrival Minutes,Unknown,Unknown EMS Hospital Arrival Time,1,Dark - Lighted,Clear,0,1,[],[],0,0,Valid,1.0,0.0,37.0,37.0,['Female'],0,0,3,2,4,Dry,Straight,Grade/Hillcrest,Lowest,No
20566,29,Missouri,290784,0,1,1,0,1,FERGUSON,November,3,Friday,3,29,Urban,High Speed (Arterial),Yes,38.74897222,-90.30127778,Non-Intersection,Dark - Lighted,Clear,Unknown,Unknown,Unknown EMS Scene Arrival Hour,Unknown EMS Scene Arrival Minutes,Not Applicable (Not Transported),Not Applicable (Not Transported),1,Dark - Lighted,Clear,1,0,['Driver'],['None_Used'],0,0,Valid,0.0,0.0,20.0,20.0,['Male'],1,0,2,4,3,Dry,Curve,Level,Lowest,No
20567,29,Missouri,290785,0,1,1,0,1,NOT APPLICABLE,November,3,Friday,13,40,Rural,High Speed (Arterial),Yes,37.50777778,-93.36288889,Non-Intersection,Daylight,Clear,1:00pm-1:59pm,50,2:00pm-2:59pm,1,2:00pm-2:59pm,48,1,Daylight,Clear,1,0,['Driver'],['None_Used'],0,0,Valid,4.0,0.0,57.0,57.0,['Female'],1,0,2,4,3,Dry,Straight,Grade/Hillcrest,Lowest,No
20568,29,Missouri,290786,1,1,1,0,1,KENNETT,November,3,Friday,21,57,Urban,High Speed (Arterial),Yes,36.23672222,-90.02884444,Non-Intersection,Dark - Not Lighted,Clear,9:00pm-9:59pm,58,10:00pm-10:59pm,3,10:00pm-10:59pm,39,1,Dark - Unlighted,Clear,0,1,[],[],0,0,Valid,0.0,0.0,18.0,18.0,['Female'],0,0,3,1,4,Dry,Straight,Level,Lowest,No
20569,29,Missouri,290787,0,1,1,0,1,HERCULANEUM,May,28,Sunday,99,99,Urban,Medium Speed (Collector),No,38.25511111,-90.42538889,Non-Intersection,Dark - Not Lighted,Clear,Not Applicable (Not Notified),Not Applicable (Not Notified),Not Applicable,Not Applicable,Not Applicable (Not Transported),Not Applicable (Not Transported),1,Dark - Unlighted,Clear,1,0,['Driver'],['None_Used'],1,1,Valid,0.0,0.0,29.0,29.0,['Male'],1,0,5,4,3,Dry,Curve,Grade/Hillcrest,Lowest,No
20570,29,Missouri,290788,0,1,1,0,1,NOT APPLICABLE,November,5,Sunday,6,0,Rural,High Speed (Arterial),Yes,37.56272222,-91.86266667,Non-Intersection,Dark - Not Lighted,Clear,Unknown,Unknown if Notified,Unknown EMS Scene Arrival Hour,Unknown if Arrived,Not Applicable (Not Transported),Not Applicable (Not Transported),1,Dark - Unlighted,Clear,1,0,['Driver'],['None_Used'],1,1,Valid,0.0,0.0,42.0,42.0,['Female'],0,0,2,4,3,Dry,Straight,Level,Lowest,No
20571,29,Missouri,290789,1,2,2,0,1,INDEPENDENCE,November,6,Monday,1,47,Urban,High Speed (Arterial),Yes,39.043575,-94.37591944,Non-Intersection,Dark - Not Lighted,Clear,Unknown,Unknown,Unknown EMS Scene Arrival Hour,Unknown EMS Scene Arrival Minutes,Not Applicable (Not Transported),Not Applicable (Not Transported),1,Dark - Unlighted,Clear,0,1,[],[],0,0,Valid,0.0,0.0,61.0,61.0,['Male'],0,0,3,4,5,Dry,Straight,Level,Lowest,No
20572,29,Missouri,290790,0,1,1,0,5,INDEPENDENCE,November,6,Monday,1,47,Urban,High Speed (Arterial),Yes,39.04436111,-94.37557222,Non-Intersection,Dark - Not Lighted,Clear,1:00am-1:59am,54,2:00am-2:59am,2,2:00am-2:59am,29,1,Dark - Unlighted,Clear,1,4,['Front_Passenger'],['Shoulder_Lapbelt'],0,0,Invalid,0.0,0.0,15.0,15.0,['Male'],0,0,3,4,3,Dry,Straight,Level,Lowest,No
20573,29,Missouri,290791,1,1,1,0,1,NOT APPLICABLE,November,7,Tuesday,23,51,Urban,High Speed (Arterial),Yes,38.51397222,-90.33519444,Non-Intersection,Dark - Lighted,Clear,11:00pm-11:59pm,57,0:00am-0:59am,5,0:00am-0:59am,24,1,Dark - Lighted,Clear,0,1,[],[],0,0,Valid,0.0,0.0,50.0,50.0,['Female'],0,0,2,3,4,Dry,Straight,Level,Lowest,No
20574,29,Missouri,290792,0,1,1,0,1,BRANSON,November,7,Tuesday,16,15,Urban,High Speed (Arterial),Yes,36.65510278,-93.29850556,Non-Intersection,Daylight,Clear,4:00pm-4:59pm,24,4:00pm-4:59pm,37,5:00pm-5:59pm,27,1,Daylight,Clear,1,0,['Driver'],['None_Used'],0,0,Valid,0.0,0.0,76.0,76.0,['Male'],0,0,5,4,2,Loose/Unpaved,Curve,Grade/Hillcrest,Lowest,No
20575,29,Missouri,290793,0,1,1,0,1,INDEPENDENCE,November,7,Tuesday,12,46,Urban,High Speed (Arterial),Yes,39.07772778,-94.41378611,Non-Intersection,Daylight,Cloudy,12:00pm-12:59pm,47,12:00pm-12:59pm,50,1:00pm-1:59pm,20,1,Daylight,Reduced Visibility,1,0,['Driver'],['None_Used'],1,1,Valid,0.0,0.0,27.0,27.0,['Male'],1,0,2,4,3,Dry,Straight,Level,Lowest,No
20576,29,Missouri,290794,0,1,1,0,1,NOT APPLICABLE,November,7,Tuesday,14,15,Rural,Medium Speed (Collector),No,36.92511111,-90.24555556,Non-Intersection,Daylight,Clear,2:00pm-2:59pm,29,2:00pm-2:59pm,53,3:00pm-3:59pm,59,1,Daylight,Clear,1,0,['Driver'],['None_Used'],0,0,Valid,0.0,0.0,66.0,66.0,['Male'],0,0,5,4,3,Dry,Curve,Level,Lowest,No
20577,29,Missouri,290795,1,1,1,0,1,JENNINGS,November,8,Wednesday,17,21,Urban,High Speed (Arterial),No,38.72698889,-90.27278056,Complex/Circle,Dark - Not Lighted,Clear,5:00pm-5:59pm,21,5:00pm-5:59pm,30,5:00pm-5:59pm,49,1,Dark - Unlighted,Clear,0,1,[],[],0,0,Invalid,1.0,0.0,37.0,37.0,['Male'],0,0,2,3,4,Dry,Straight,Level,Lowest,No
20578,29,Missouri,290796,1,1,1,0,1,NOT APPLICABLE,November,8,Wednesday,6,0,Urban,High Speed (Arterial),Yes,37.21258333,-93.38108333,Non-Intersection,Dark - Not Lighted,Clear,Unknown,Unknown,Unknown EMS Scene Arrival Hour,Unknown EMS Scene Arrival Minutes,Unknown,Unknown EMS Hospital Arrival Time,1,Dark - Unlighted,Clear,0,1,[],[],0,0,Valid,0.0,0.0,25.0,25.0,['Male'],0,0,3,4,4,Dry,Straight,Grade/Hillcrest,Lowest,No
20579,29,Missouri,290797,0,1,1,0,1,KANSAS CITY,November,8,Wednesday,10,15,Urban,High Speed (Arterial),Yes,39.00411389,-94.55540278,Non-Intersection,Daylight,Cloudy,10:00am-10:59am,18,10:00am-10:59am,23,Not Applicable (Not Transported),Not Applicable (Not Transported),1,Daylight,Reduced Visibility,1,0,['Driver'],['None_Used'],0,0,Invalid,1.0,0.0,38.0,38.0,['Male'],1,0,2,4,3,Dry,Straight,Level,Lowest,No
20580,29,Missouri,290798,0,1,1,0,1,NOT APPLICABLE,November,9,Thursday,11,20,Urban,Medium Speed (Collector),No,38.83813611,-90.30411111,Non-Intersection,Daylight,Clear,11:00am-11:59am,23,11:00am-11:59am,31,12:00pm-12:59pm,3,1,Daylight,Clear,1,0,['Driver'],['Shoulder_Lapbelt'],0,0,Invalid,0.0,0.0,62.0,62.0,['Male'],0,0,3,4,3,Dry,Curve,Level,Lowest,No
20581,29,Missouri,290799,0,1,1,0,2,TROY,November,9,Thursday,18,48,Urban,High Speed (Arterial),Yes,38.96796111,-90.95728889,Non-Intersection,Dark - Lighted,Clear,6:00pm-6:59pm,55,6:00pm-6:59pm,58,7:00pm-7:59pm,15,1,Dark - Lighted,Clear,1,1,['Front_Passenger'],['Shoulder_Lapbelt'],0,0,Valid,0.0,0.0,17.0,17.0,['Female'],2,0,2,4,3,Dry,Curve,Level,Lowest,No
20582,29,Missouri,290800,0,1,1,0,2,KANSAS CITY,November,9,Thursday,18,55,Urban,Medium Speed (Collector),No,38.97748889,-94.57636111,Non-Intersection,Dark - Lighted,Clear,6:00pm-6:59pm,55,7:00pm-7:59pm,9,7:00pm-7:59pm,20,1,Dark - Lighted,Clear,1,1,['Driver'],['None_Used'],1,1,Valid,0.0,0.0,62.0,62.0,['Male'],2,0,3,4,3,Dry,Straight,Grade/Hillcrest,Lowest,No
20583,29,Missouri,290801,1,1,1,0,2,WAYNESVILLE,November,10,Friday,18,45,Urban,Medium Speed (Collector),No,37.78597222,-92.25927778,Non-Intersection,Dark - Not Lighted,Clear,Unknown,Unknown if Notified,Unknown EMS Scene Arrival Hour,Unknown if Arrived,Not Applicable (Not Transported),Not Applicable (Not Transported),1,Dark - Unlighted,Clear,0,2,[],[],0,0,Valid,0.0,0.0,26.0,26.0,['Male'],0,0,3,3,4,Dry,Straight,Level,Lowest,No
20584,29,Missouri,290802,0,3,3,0,4,COLUMBIA,August,5,Saturday,21,5,Urban,Medium Speed (Collector),No,38.95535,-92.38797778,Non-Intersection,Dark - Lighted,Clear,5:00pm-5:59pm,2,5:00pm-5:59pm,7,5:00pm-5:59pm,20,1,Dark - Lighted,Clear,1,2,['Driver'],['None_Used'],0,0,Valid,2.0,0.0,23.0,18.0,"['Female', 'Male', 'Male']",0,0,5,4,5,Dry,Straight,Non-Trafficway,Lowest,No
20585,29,Missouri,290803,0,1,1,0,3,COLUMBIA,September,21,Thursday,18,59,Urban,High Speed (Arterial),Yes,38.96605,-92.29455556,Non-Intersection,Daylight,Clear,7:00pm-7:59pm,0,7:00pm-7:59pm,8,7:00pm-7:59pm,19,2,Daylight,Clear,2,1,"['Driver', 'Rear_Seat']","['None_Used', 'None_Used']",0,0,Invalid,0.0,0.0,21.0,21.0,['Male'],3,0,3,4,3,Dry,Curve,Level,Lowest,Yes
20586,29,Missouri,290804,0,2,2,0,2,COLUMBIA,September,26,Tuesday,23,11,Urban,High Speed (Arterial),Yes,38.93913889,-92.35231667,Non-Intersection,Dark - Not Lighted,Rain,11:00pm-11:59pm,12,11:00pm-11:59pm,19,11:00pm-11:59pm,33,2,Dark - Unlighted,Rain/Wind/Minor,2,0,"['Driver', 'Driver']","['None_Used', 'Shoulder_Lapbelt']",1,1,Invalid,0.0,0.0,64.0,48.0,"['Male', 'Male']",0,0,3,4,5,Wet/Standing Water,Straight,Grade/Hillcrest,Lowest,No
20587,29,Missouri,290805,0,1,1,0,1,COLUMBIA,October,7,Saturday,20,0,Urban,Medium Speed (Collector),No,38.91785278,-92.31644444,Non-Intersection,Dark - Not Lighted,Clear,8:00pm-8:59pm,1,8:00pm-8:59pm,7,8:00pm-8:59pm,21,1,Dark - Unlighted,Clear,1,0,['Driver'],['None_Used'],0,0,Valid,1.0,0.0,26.0,26.0,['Male'],0,0,5,4,3,Dry,Curve,Level,Lowest,No
20588,29,Missouri,290806,1,1,1,0,2,WEBB CITY,November,10,Friday,18,47,Urban,High Speed (Arterial),Yes,37.13541667,-94.47494444,Non-Intersection,Dark - Not Lighted,Clear,6:00pm-6:59pm,48,6:00pm-6:59pm,51,7:00pm-7:59pm,22,1,Dark - Unlighted,Clear,0,2,[],[],0,0,Valid,0.0,0.0,71.0,71.0,['Male'],0,0,3,1,4,Dry,Straight,Level,Lowest,No
20589,29,Missouri,290807,0,1,1,0,2,SPRINGFIELD,November,10,Friday,1,49,Urban,Medium Speed (Collector),No,37.21059444,-93.27828333,Non-Intersection,Dark - Lighted,Clear,1:00am-1:59am,49,1:00am-1:59am,54,2:00am-2:59am,43,1,Dark - Lighted,Clear,1,1,['Driver'],['None_Used'],1,1,Valid,1.0,0.0,27.0,27.0,['Male'],2,0,3,4,3,Dry,Straight,Grade/Hillcrest,Lowest,No