,State_Code,State_Name,Crash_ID,Count_Non_Motorists,Count_Vehicles_Total,Count_Vehicle_Forms,Count_PVH_Involved,Count_Occupants_MV,City_Name,Month_Name,Day_of_Month,Day_of_Week,Crash_Hour,Crash_Minute,Area_Rural_Urban,Road_Functional_Class,On_NHS_Road,Latitude,Longitude,Intersection_Type,Light_Condition,Weather_Condition,Notif_Hour,Notif_Minute,Arrival_Hour,Arrival_Minute,Hospital_Hour,Hospital_Minute,Fatalities_Count,Clean_Light_Condition,Clean_Weather_Condition,Total_Killed,Total_Alive,Fatal_Seats_List,Killed_Restraint_List,Any_Driver_Drinking,Total_Drinking_Drivers,Driver_License_Category,Driver_Max_Prev_Accident_Count,Driver_Max_Prev_Speeding_Count,Max_Driver_Age,Min_Driver_Age,Driver_Sex_List,Total_Exceeding_Limit_Vehicles,Total_Too_Fast_Vehicles,Max_Vehicle_Type_Severity_5,Max_Vehicle_Damage_Rank,Max_Harmful_Event_Severity,Crash_Road_Surface_Condition,Crash_Horizontal_Alignment,Crash_Vertical_Profile,Crash_Impairment_Category,Crash_Vehicle_Defect
20590,29,Missouri,290808,0,3,3,0,4,NOT APPLICABLE,November,11,Saturday,20,34,Rural,High Speed (Arterial),Yes,38.95500833,-93.11696667,Non-Intersection,Dark - Not Lighted,Clear,8:00pm-8:59pm,35,8:00pm-8:59pm,54,9:00pm-9:59pm,49,1,Dark - Unlighted,Clear,1,3,['Driver'],['None_Used'],1,1,Valid,1.0,1.0,66.0,18.0,"['Male', 'Male', 'Male']",0,0,4,4,5,Dry,Straight,Level,Lowest,No
20591,29,Missouri,290809,1,1,1,0,2,JOPLIN,November,11,Saturday,11,30,Rural,Low Speed (Local),No,37.05030556,-94.47480556,Non-Intersection,Daylight,Clear,11:00am-11:59am,29,11:00am-11:59am,37,12:00pm-12:59pm,0,1,Daylight,Clear,0,2,[],[],0,0,Valid,0.0,0.0,37.0,37.0,['Female'],0,0,3,2,4,Dry,Straight,Level,Lowest,No
20592,29,Missouri,290810,0,1,1,0,1,NOT APPLICABLE,November,11,Saturday,1,12,Rural,Medium Speed (Collector),No,37.60774444,-93.04107222,Non-Intersection,Dark - Not Lighted,Clear,Unknown,Unknown if Notified,Unknown EMS Scene Arrival Hour,Unknown if Arrived,Not Applicable (Not Transported),Not Applicable (Not Transported),1,Dark - Unlighted,Clear,1,0,['Driver'],['None_Used'],1,1,Valid,0.0,0.0,37.0,37.0,['Male'],1,0,3,4,3,Dry,Straight,Level,Lowest,No
20593,29,Missouri,290811,0,2,2,0,2,NOT APPLICABLE,November,13,Monday,10,54,Rural,Medium Speed (Collector),No,37.01991389,-92.8128,Non-Intersection,Daylight,Clear,11:00am-11:59am,15,11:00am-11:59am,30,12:00pm-12:59pm,35,1,Daylight,Clear,1,1,['Driver'],['None_Used'],0,0,Valid,1.0,0.0,63.0,32.0,"['Male', 'Female']",0,0,3,4,5,Dry,Curve,Level,Lowest,No
20594,29,Missouri,290812,0,1,1,0,1,NOT APPLICABLE,November,13,Monday,16,18,Rural,Medium Speed (Collector),No,36.09025,-90.15075,Non-Intersection,Daylight,Cloudy,4:00pm-4:59pm,23,4:00pm-4:59pm,54,Not Applicable (Not Transported),Not Applicable (Not Transported),1,Daylight,Reduced Visibility,1,0,['Driver'],['Shoulder_Lapbelt'],0,0,Valid,0.0,0.0,60.0,60.0,['Male'],0,0,3,4,3,Dry,Straight,Level,Lowest,No
20595,29,Missouri,290813,0,1,1,0,1,NOT APPLICABLE,November,13,Monday,18,30,Rural,Medium Speed (Collector),No,37.26619444,-93.37608333,Non-Intersection,Dark - Not Lighted,Clear,6:00pm-6:59pm,31,6:00pm-6:59pm,45,7:00pm-7:59pm,12,1,Dark - Unlighted,Clear,1,0,['Driver'],['None_Used'],0,0,Valid,0.0,1.0,32.0,32.0,['Male'],0,0,5,4,2,Dry,Straight,Level,Lowest,No
20596,29,Missouri,290814,1,1,1,0,1,SPRINGFIELD,November,14,Tuesday,17,54,Urban,Medium Speed (Collector),No,37.19706389,-93.30923333,Non-Intersection,Dark - Lighted,Clear,5:00pm-5:59pm,57,5:00pm-5:59pm,57,6:00pm-6:59pm,13,1,Dark - Lighted,Clear,0,1,[],[],0,0,Valid,0.0,0.0,72.0,72.0,['Male'],1,0,2,3,4,Dry,Straight,Level,Lowest,No
20597,29,Missouri,290815,0,3,3,0,4,BLUE SPRINGS,November,15,Wednesday,14,13,Urban,High Speed (Arterial),Yes,39.02463889,-94.22425,Non-Intersection,Daylight,Clear,Unknown,Unknown,Unknown EMS Scene Arrival Hour,Unknown EMS Scene Arrival Minutes,Unknown,Unknown EMS Hospital Arrival Time,2,Daylight,Clear,2,2,"['Driver', 'Front_Passenger']","['Shoulder_Lapbelt', 'None_Used']",0,0,Valid,2.0,0.0,72.0,34.0,"['Male', 'Male', 'Male']",2,0,4,4,5,Dry,Straight,Grade/Hillcrest,Lowest,No
20598,29,Missouri,290816,0,2,2,0,2,RAYTOWN,November,15,Wednesday,10,30,Urban,Low Speed (Local),No,39.00233333,-94.48138889,Non-Intersection,Daylight,Clear,10:00am-10:59am,35,10:00am-10:59am,41,Not Applicable (Not Transported),Not Applicable (Not Transported),1,Daylight,Clear,1,1,['Driver'],['None_Used'],0,0,Invalid,0.0,0.0,55.0,48.0,"['Male', 'Male']",1,0,5,4,5,Dry,Straight,Grade/Hillcrest,Lowest,No
20599,29,Missouri,290817,0,2,2,0,4,CENTRALIA,November,16,Thursday,13,10,Rural,Medium Speed (Collector),No,39.21288889,-92.14747222,Complex/Circle,Daylight,Cloudy,1:00pm-1:59pm,12,1:00pm-1:59pm,17,1:00pm-1:59pm,48,1,Daylight,Reduced Visibility,1,3,['Front_Passenger'],['Shoulder_Lapbelt'],0,0,Valid,0.0,0.0,34.0,18.0,"['Female', 'Male']",0,0,3,4,5,Dry,Straight,Level,Lowest,No
20600,29,Missouri,290818,0,2,2,0,2,NOT APPLICABLE,November,16,Thursday,13,5,Rural,Medium Speed (Collector),No,40.52722222,-92.37747222,Non-Intersection,Daylight,Cloudy,1:00pm-1:59pm,11,1:00pm-1:59pm,34,2:00pm-2:59pm,25,1,Daylight,Reduced Visibility,1,1,['Driver'],['None_Used'],0,0,Valid,0.0,2.0,63.0,19.0,"['Male', 'Male']",0,0,3,4,5,Dry,Curve,Grade/Hillcrest,Lowest,No
20601,29,Missouri,290819,0,1,1,0,1,NOT APPLICABLE,November,16,Thursday,23,50,Rural,Medium Speed (Collector),No,37.91613611,-93.48708056,Non-Intersection,Dark - Not Lighted,Clear,0:00am-0:59am,2,0:00am-0:59am,17,Not Applicable (Not Transported),Not Applicable (Not Transported),1,Dark - Unlighted,Clear,1,0,['Driver'],['None_Used'],0,0,Valid,0.0,0.0,17.0,17.0,['Male'],1,0,3,4,3,Dry,Curve,Grade/Hillcrest,Lowest,No
20602,29,Missouri,290820,0,2,2,0,2,LAKE SAINT LOUIS,November,16,Thursday,10,20,Urban,High Speed (Arterial),Yes,38.76966667,-90.77611111,Non-Intersection,Daylight,Cloudy,10:00am-10:59am,41,10:00am-10:59am,48,11:00am-11:59am,35,1,Daylight,Reduced Visibility,1,1,['Driver'],['None_Used'],0,0,Valid,0.0,0.0,66.0,48.0,"['Female', 'Male']",1,0,3,4,5,Dry,Straight,Grade/Hillcrest,Lowest,No
20603,29,Missouri,290821,0,1,1,0,1,NOT APPLICABLE,November,16,Thursday,23,46,Urban,Medium Speed (Collector),No,37.11977778,-94.54802778,Non-Intersection,Dark - Not Lighted,Cloudy,Unknown,Unknown if Notified,Unknown EMS Scene Arrival Hour,Unknown if Arrived,Not Applicable (Not Transported),Not Applicable (Not Transported),1,Dark - Unlighted,Reduced Visibility,1,0,['Driver'],['None_Used'],1,1,Valid,0.0,0.0,49.0,49.0,['Male'],0,0,3,4,3,Dry,Curve,Grade/Hillcrest,Lowest,No
20604,29,Missouri,290822,1,1,1,0,2,INDEPENDENCE,November,16,Thursday,17,51,Urban,High Speed (Arterial),Yes,39.05610556,-94.46290556,Simple Junction,Dark - Lighted,Clear,5:00pm-5:59pm,52,5:00pm-5:59pm,58,6:00pm-6:59pm,14,1,Dark - Lighted,Clear,0,2,[],[],0,0,Valid,1.0,0.0,28.0,28.0,['Female'],0,0,3,1,4,Dry,Straight,Grade/Hillcrest,Lowest,No
20605,29,Missouri,290823,1,1,1,0,2,NOT APPLICABLE,November,18,Saturday,23,35,Rural,Low Speed (Local),No,38.95833333,-92.20694444,Non-Intersection,Dark - Not Lighted,Clear,11:00pm-11:59pm,39,11:00pm-11:59pm,49,1:00am-1:59am,3,1,Dark - Unlighted,Clear,0,2,[],[],0,0,Valid,0.0,0.0,48.0,48.0,['Female'],0,0,3,1,4,Dry,Straight,Level,Lowest,No
20606,29,Missouri,290824,0,2,1,1,1,NOT APPLICABLE,November,18,Saturday,15,10,Rural,Medium Speed (Collector),No,37.17497222,-89.63327778,Non-Intersection,Daylight,Clear,6:00pm-6:59pm,10,6:00pm-6:59pm,42,8:00pm-8:59pm,17,1,Daylight,Clear,1,0,['Driver'],['None_Used'],0,0,Valid,0.0,1.0,51.0,51.0,['Male'],0,0,5,4,3,Dry,Curve,Grade/Hillcrest,Lowest,No
20607,29,Missouri,290825,0,1,1,0,1,ROGERSVILLE,November,18,Saturday,16,45,Rural,High Speed (Arterial),Yes,37.11033333,-93.05886111,Non-Intersection,Daylight,Clear,Unknown,Unknown if Notified,Unknown EMS Scene Arrival Hour,Unknown if Arrived,Not Applicable (Not Transported),Not Applicable (Not Transported),1,Daylight,Clear,1,0,['Driver'],['None_Used'],0,0,Valid,0.0,0.0,19.0,19.0,['Female'],1,0,5,4,2,Dry,Straight,Grade/Hillcrest,Lowest,No
20608,29,Missouri,290826,1,1,1,0,1,KANSAS CITY,November,18,Saturday,17,32,Urban,Medium Speed (Collector),No,39.11220556,-94.51161667,Complex/Circle,Dark - Lighted,Clear,5:00pm-5:59pm,31,5:00pm-5:59pm,38,5:00pm-5:59pm,51,1,Dark - Lighted,Clear,0,1,[],[],0,0,Valid,0.0,0.0,67.0,67.0,['Male'],0,0,3,1,4,Dry,Straight,Level,Lowest,No
20609,29,Missouri,290827,0,1,1,0,1,NOT APPLICABLE,November,18,Saturday,22,40,Rural,Medium Speed (Collector),No,37.62063889,-91.54255556,Non-Intersection,Dark - Not Lighted,Clear,Unknown,Unknown if Notified,Unknown EMS Scene Arrival Hour,Unknown if Arrived,Not Applicable (Not Transported),Not Applicable (Not Transported),1,Dark - Unlighted,Clear,1,0,['Driver'],['None_Used'],0,0,Valid,0.0,0.0,18.0,18.0,['Male'],1,0,5,4,3,Dry,Curve,Grade/Hillcrest,Lowest,No
20610,29,Missouri,290828,0,1,1,0,1,KANSAS CITY,November,18,Saturday,2,46,Urban,High Speed (Arterial),Yes,39.13749444,-94.58716389,Non-Intersection,Dark - Not Lighted,Clear,2:00am-2:59am,47,3:00am-3:59am,0,Not Applicable (Not Transported),Not Applicable (Not Transported),1,Dark - Unlighted,Clear,1,0,['Driver'],['Shoulder_Lapbelt'],0,0,Valid,0.0,1.0,25.0,25.0,['Male'],1,0,2,4,3,Dry,Curve,Level,Lowest,No
20611,29,Missouri,290829,0,2,2,0,3,BLACK JACK,November,19,Sunday,10,57,Urban,Medium Speed (Collector),No,38.79627778,-90.25055556,Non-Intersection,Daylight,Clear,Unknown,Unknown,Unknown EMS Scene Arrival Hour,Unknown EMS Scene Arrival Minutes,Unknown,Unknown EMS Hospital Arrival Time,1,Daylight,Clear,1,2,['Front_Passenger'],['Shoulder_Lapbelt'],1,1,Valid,3.0,0.0,57.0,33.0,"['Male', 'Female']",0,0,3,4,5,Dry,Straight,Level,Lowest,Yes
20612,29,Missouri,290830,0,1,1,0,1,NOT APPLICABLE,November,19,Sunday,18,45,Rural,High Speed (Arterial),Yes,38.97155556,-93.27169444,Non-Intersection,Dark - Not Lighted,Rain,Unknown,Unknown,Unknown EMS Scene Arrival Hour,Unknown EMS Scene Arrival Minutes,Not Applicable (Not Transported),Not Applicable (Not Transported),1,Dark - Unlighted,Rain/Wind/Minor,1,0,['Driver'],['None_Used'],0,0,Valid,1.0,0.0,19.0,19.0,['Male'],1,0,3,4,3,Wet/Standing Water,Straight,Level,Lowest,No
20613,29,Missouri,290831,1,1,1,0,1,DIXON,November,15,Wednesday,17,33,Rural,Medium Speed (Collector),No,37.99463889,-92.09811111,Non-Intersection,Dark - Lighted,Clear,5:00pm-5:59pm,30,5:00pm-5:59pm,33,Unknown,Unknown EMS Hospital Arrival Time,1,Dark - Lighted,Clear,0,1,[],[],0,0,Valid,0.0,0.0,68.0,68.0,['Female'],0,0,3,1,4,Dry,Straight,Grade/Hillcrest,Lowest,No
20614,29,Missouri,290832,0,2,2,0,3,DELLWOOD,November,22,Wednesday,4,27,Urban,High Speed (Arterial),Yes,38.76022222,-90.27969444,Non-Intersection,Dark - Lighted,Clear,4:00am-4:59am,28,4:00am-4:59am,34,5:00am-5:59am,18,1,Dark - Lighted,Clear,1,2,['Driver'],['None_Used'],1,1,Valid,4.0,1.0,56.0,21.0,"['Male', 'Female']",2,0,2,4,5,Dry,Straight,Grade/Hillcrest,Lowest,No
20615,29,Missouri,290833,0,2,2,0,2,TOWN AND COUNTRY,November,23,Thursday,13,0,Urban,High Speed (Arterial),Yes,38.64444444,-90.50963889,Simple Junction,Daylight,Clear,1:00pm-1:59pm,1,1:00pm-1:59pm,8,1:00pm-1:59pm,26,1,Daylight,Clear,1,1,['Driver'],['None_Used'],0,0,Valid,0.0,0.0,93.0,62.0,"['Male', 'Male']",0,0,3,4,5,Dry,Straight,Level,Lowest,No
20616,29,Missouri,290834,1,1,1,0,2,ST. CHARLES,November,24,Friday,6,17,Urban,High Speed (Arterial),Yes,38.78802778,-90.53991667,Non-Intersection,Dark - Not Lighted,Cloudy,6:00am-6:59am,23,6:00am-6:59am,29,Not Applicable (Not Transported),Not Applicable (Not Transported),1,Dark - Unlighted,Reduced Visibility,0,2,[],[],0,0,Valid,1.0,0.0,64.0,64.0,['Female'],0,0,3,3,4,Dry,Straight,Grade/Hillcrest,Lowest,No
20617,29,Missouri,290835,1,1,1,0,1,JOPLIN,November,25,Saturday,14,10,Urban,High Speed (Arterial),Yes,37.05722222,-94.47829722,Non-Intersection,Daylight,Clear,2:00pm-2:59pm,10,2:00pm-2:59pm,15,2:00pm-2:59pm,39,1,Daylight,Clear,0,1,[],[],0,0,Valid,0.0,0.0,67.0,67.0,['Male'],0,0,3,3,4,Dry,Straight,Level,Lowest,No
20618,29,Missouri,290836,0,3,3,0,5,LAKE LOTAWANA,November,26,Sunday,9,15,Rural,Medium Speed (Collector),No,38.86402778,-94.26619444,Simple Junction,Daylight,Clear,9:00am-9:59am,20,9:00am-9:59am,28,10:00am-10:59am,6,1,Daylight,Clear,1,4,['Driver'],['Shoulder_Lapbelt'],0,0,Valid,0.0,0.0,63.0,20.0,"['Female', 'Male', 'Male']",0,0,3,4,5,Icy/Snowy,Straight,Grade/Hillcrest,Lowest,No
20619,29,Missouri,290837,1,2,1,1,1,NOT APPLICABLE,November,26,Sunday,7,35,Rural,High Speed (Arterial),Yes,38.48891667,-94.3415,Non-Intersection,Daylight,Cloudy,Unknown,Unknown if Notified,Unknown EMS Scene Arrival Hour,Unknown if Arrived,Not Applicable (Not Transported),Not Applicable (Not Transported),1,Daylight,Reduced Visibility,1,0,['Driver'],['Shoulder_Lapbelt'],0,0,Valid,2.0,0.0,29.0,29.0,['Female'],1,0,3,4,3,Icy/Snowy,Straight,Level,Lowest,No
20620,29,Missouri,290838,0,2,2,0,2,KANSAS CITY,November,26,Sunday,21,54,Urban,Medium Speed (Collector),No,39.02654722,-94.55515833,Complex/Circle,Dark - Lighted,Cloudy,9:00pm-9:59pm,54,9:00pm-9:59pm,58,10:00pm-10:59pm,9,2,Dark - Lighted,Reduced Visibility,2,0,"['Driver', 'Driver']","['None_Used', 'Shoulder_Lapbelt']",1,1,Invalid,2.0,1.0,47.0,31.0,"['Female', 'Male']",1,0,3,4,5,Wet/Standing Water,Straight,Grade/Hillcrest,Lowest,No
20621,29,Missouri,290839,1,2,2,0,2,KANSAS CITY,November,26,Sunday,12,31,Urban,High Speed (Arterial),Yes,39.10565556,-94.53148611,Simple Junction,Daylight,Cloudy,12:00pm-12:59pm,31,12:00pm-12:59pm,37,12:00pm-12:59pm,54,1,Daylight,Reduced Visibility,0,1,[],[],0,0,Invalid,1.0,1.0,52.0,23.0,"['Male', 'Male']",1,0,3,4,5,Wet/Standing Water,Straight,Grade/Hillcrest,Lowest,No
20622,29,Missouri,290840,1,1,1,0,1,UNION,November,27,Monday,17,28,Urban,High Speed (Arterial),Yes,38.43913889,-91.02094444,Non-Intersection,Dark - Not Lighted,Cloudy,5:00pm-5:59pm,27,5:00pm-5:59pm,31,6:00pm-6:59pm,26,1,Dark - Unlighted,Reduced Visibility,0,1,[],[],0,0,Valid,0.0,0.0,27.0,27.0,['Male'],0,0,3,3,4,Dry,Straight,Level,Lowest,No
20623,29,Missouri,290841,0,1,1,0,1,NOT APPLICABLE,November,27,Monday,22,0,Rural,Medium Speed (Collector),No,36.75883333,-89.86263889,Simple Junction,Dark - Not Lighted,Clear,10:00pm-10:59pm,7,10:00pm-10:59pm,18,Not Applicable (Not Transported),Not Applicable (Not Transported),1,Dark - Unlighted,Clear,1,0,['Driver'],['None_Used'],1,1,Valid,0.0,0.0,30.0,30.0,['Male'],1,0,3,4,3,Dry,Straight,Level,Lowest,No
20624,29,Missouri,290843,0,2,2,0,4,WASHBURN,November,27,Monday,12,30,Rural,Medium Speed (Collector),No,36.587,-93.96925,Non-Intersection,Daylight,Clear,12:00pm-12:59pm,41,1:00pm-1:59pm,5,1:00pm-1:59pm,44,1,Daylight,Clear,1,3,['Front_Passenger'],['None_Used'],0,0,Valid,1.0,0.0,39.0,29.0,"['Male', 'Female']",2,0,3,4,5,Dry,Straight,Grade/Hillcrest,Lowest,No
20625,29,Missouri,290844,1,1,1,0,1,NOT APPLICABLE,November,28,Tuesday,22,43,Urban,Medium Speed (Collector),No,38.39141111,-90.37429722,Non-Intersection,Dark - Not Lighted,Clear,10:00pm-10:59pm,46,10:00pm-10:59pm,52,Not Applicable (Not Transported),Not Applicable (Not Transported),1,Dark - Unlighted,Clear,0,1,[],[],0,0,Valid,0.0,0.0,24.0,24.0,['Female'],0,0,2,2,4,Dry,Straight,Level,Lowest,No
20626,29,Missouri,290845,1,1,1,0,2,NOT APPLICABLE,November,29,Wednesday,17,30,Rural,Medium Speed (Collector),No,38.04883333,-90.25513889,Non-Intersection,Dark - Not Lighted,Clear,Unknown,Unknown if Notified,Unknown EMS Scene Arrival Hour,Unknown if Arrived,Not Applicable (Not Transported),Not Applicable (Not Transported),1,Dark - Unlighted,Clear,0,2,[],[],0,0,Valid,0.0,0.0,49.0,49.0,['Female'],0,0,3,4,4,Dry,Straight,Grade/Hillcrest,Lowest,No
20627,29,Missouri,290846,0,2,2,0,2,KANSAS CITY,November,29,Wednesday,14,49,Urban,High Speed (Arterial),Yes,39.08174722,-94.47827222,Non-Intersection,Daylight,Clear,2:00pm-2:59pm,49,2:00pm-2:59pm,54,3:00pm-3:59pm,12,1,Daylight,Clear,1,1,['Driver'],['None_Used'],0,0,Invalid,0.0,1.0,26.0,19.0,"['Male', 'Male']",1,0,2,4,5,Dry,Curve,Grade/Hillcrest,Lowest,No
20628,29,Missouri,290847,0,1,1,0,4,NOT APPLICABLE,November,19,Sunday,11,39,Rural,High Speed (Arterial),Yes,37.54847222,-93.13758333,Non-Intersection,Daylight,Cloudy,11:00am-11:59am,43,12:00pm-12:59pm,0,12:00pm-12:59pm,39,2,Daylight,Reduced Visibility,2,2,"['Driver', 'Front_Passenger']","['None_Used', 'None_Used']",0,0,Valid,0.0,0.0,52.0,52.0,['Female'],0,0,3,4,3,Dry,Straight,Grade/Hillcrest,Lowest,No
20629,29,Missouri,290848,0,5,5,0,6,ST. LOUIS,November,19,Sunday,7,26,Urban,High Speed (Arterial),Yes,38.606925,-90.24136944,Simple Junction,Daylight,Clear,7:00am-7:59am,26,7:00am-7:59am,34,8:00am-8:59am,0,1,Daylight,Clear,1,5,['Driver'],['Shoulder_Lapbelt'],0,0,Invalid,0.0,0.0,66.0,32.0,"['Female', 'Male', 'Male', 'Male', 'Female']",1,0,3,1,5,Dry,Straight,Level,Lowest,No
20630,29,Missouri,290849,0,2,2,0,2,KANSAS CITY,November,19,Sunday,5,56,Urban,High Speed (Arterial),Yes,39.11583333,-94.56471944,Non-Intersection,Dark - Lighted,Cloudy,Unknown,Unknown if Notified,Unknown EMS Scene Arrival Hour,Unknown if Arrived,Not Applicable (Not Transported),Not Applicable (Not Transported),2,Dark - Lighted,Reduced Visibility,2,0,"['Driver', 'Driver']","['Shoulder_Lapbelt', 'None_Used']",1,1,Valid,0.0,0.0,43.0,27.0,"['Male', 'Male']",0,0,2,4,5,Dry,Straight,Level,Lowest,No
20631,29,Missouri,290850,1,1,1,0,1,ST. LOUIS,November,20,Monday,18,58,Urban,Medium Speed (Collector),No,38.56319444,-90.24101667,Non-Intersection,Dark - Lighted,Rain,7:00pm-7:59pm,0,7:00pm-7:59pm,0,7:00pm-7:59pm,36,1,Dark - Lighted,Rain/Wind/Minor,0,0,[],[],0,0,Invalid,0.0,0.0,999.0,999.0,['Other'],0,0,1,0,4,Wet/Standing Water,Straight,Level,Lowest,No
20632,29,Missouri,290851,0,2,2,0,2,NOT APPLICABLE,November,20,Monday,6,45,Rural,Medium Speed (Collector),No,39.12533333,-92.40744444,Non-Intersection,Dark - Not Lighted,Cloudy,6:00am-6:59am,46,7:00am-7:59am,2,Not Applicable (Not Transported),Not Applicable (Not Transported),1,Dark - Unlighted,Reduced Visibility,1,1,['Driver'],['None_Used'],0,0,Valid,0.0,1.0,51.0,35.0,"['Male', 'Male']",0,0,4,4,5,Wet/Standing Water,Curve,Grade/Hillcrest,Lowest,No
20633,29,Missouri,290852,0,2,2,0,2,NOT APPLICABLE,November,20,Monday,10,47,Rural,Medium Speed (Collector),No,37.86138889,-90.76602778,Non-Intersection,Daylight,Cloudy,10:00am-10:59am,51,10:00am-10:59am,59,12:00pm-12:59pm,27,1,Daylight,Reduced Visibility,1,1,['Driver'],['Shoulder_Lapbelt'],0,0,Valid,0.0,0.0,63.0,18.0,"['Female', 'Male']",0,0,4,4,5,Wet/Standing Water,Curve,Grade/Hillcrest,Lowest,No
20634,29,Missouri,290853,0,2,2,0,3,NOT APPLICABLE,November,21,Tuesday,14,33,Rural,Medium Speed (Collector),No,37.96066667,-93.99597222,Non-Intersection,Daylight,Cloudy,2:00pm-2:59pm,39,3:00pm-3:59pm,6,4:00pm-4:59pm,11,1,Daylight,Reduced Visibility,1,2,['Driver'],['Shoulder_Lapbelt'],0,0,Valid,0.0,0.0,23.0,16.0,"['Male', 'Female']",0,0,3,4,5,Dry,Curve,Level,Lowest,No
20635,29,Missouri,290854,0,2,2,0,2,MARYLAND HEIGHTS,November,21,Tuesday,14,35,Rural,High Speed (Arterial),Yes,38.72494444,-90.49841667,Complex/Circle,Daylight,Clear,2:00pm-2:59pm,48,2:00pm-2:59pm,55,3:00pm-3:59pm,20,1,Daylight,Clear,1,1,['Driver'],['None_Used'],1,1,Invalid,0.0,0.0,64.0,44.0,"['Male', 'Male']",0,0,4,4,5,Dry,Straight,Level,Lowest,No
20636,29,Missouri,290855,0,1,1,0,4,ROLLA,November,21,Tuesday,1,15,Urban,High Speed (Arterial),Yes,37.97472222,-91.75402778,Non-Intersection,Dark - Not Lighted,Cloudy,1:00am-1:59am,17,1:00am-1:59am,31,1:00am-1:59am,50,1,Dark - Unlighted,Reduced Visibility,1,3,['Driver'],['None_Used'],0,0,Valid,0.0,0.0,27.0,27.0,['Female'],4,0,3,4,3,Wet/Standing Water,Curve,Level,Lowest,No
20637,29,Missouri,290856,0,1,1,0,1,NOT APPLICABLE,November,21,Tuesday,5,18,Rural,Medium Speed (Collector),No,38.36859444,-94.14266944,Non-Intersection,Dark - Lighted,Cloudy,Unknown,Unknown,Unknown EMS Scene Arrival Hour,Unknown EMS Scene Arrival Minutes,Not Applicable (Not Transported),Not Applicable (Not Transported),1,Dark - Lighted,Reduced Visibility,1,0,['Driver'],['None_Used'],0,0,Valid,0.0,1.0,44.0,44.0,['Male'],1,0,2,4,3,Wet/Standing Water,Curve,Grade/Hillcrest,Lowest,No
20638,29,Missouri,290857,0,2,2,0,3,WEST ALTON,November,3,Friday,18,12,Rural,High Speed (Arterial),Yes,38.85447222,-90.22786111,Complex/Circle,Dark - Not Lighted,Clear,6:00pm-6:59pm,13,6:00pm-6:59pm,21,7:00pm-7:59pm,10,1,Dark - Unlighted,Clear,1,2,['Driver'],['Shoulder_Lapbelt'],0,0,Valid,0.0,0.0,84.0,38.0,"['Male', 'Male']",0,0,3,4,5,Dry,Straight,Level,Lowest,No
20639,29,Missouri,290858,1,1,1,0,2,WASHBURN,November,29,Wednesday,11,5,Rural,High Speed (Arterial),Yes,36.58633333,-93.95421667,Simple Junction,Daylight,Clear,Unknown,Unknown if Notified,Unknown EMS Scene Arrival Hour,Unknown if Arrived,Not Applicable (Not Transported),Not Applicable (Not Transported),1,Daylight,Clear,0,2,[],[],0,0,Valid,0.0,0.0,36.0,36.0,['Male'],0,0,4,2,4,Dry,Straight,Level,Lowest,No
20640,29,Missouri,290859,0,1,1,0,1,NOT APPLICABLE,November,30,Thursday,99,99,Rural,High Speed (Arterial),Yes,37.92808333,-93.47591667,Non-Intersection,Reported as Unknown,Cloudy,Unknown,Unknown if Notified,Unknown EMS Scene Arrival Hour,Unknown if Arrived,Not Applicable (Not Transported),Not Applicable (Not Transported),1,Dark - Unlighted,Reduced Visibility,1,0,['Driver'],['None_Used'],1,1,Invalid,0.0,0.0,38.0,38.0,['Male'],1,0,3,4,3,Dry,Straight,Level,Lowest,No
20641,29,Missouri,290860,0,2,2,0,2,NOT APPLICABLE,December,1,Friday,20,57,Rural,Medium Speed (Collector),No,36.818,-94.01163889,Simple Junction,Dark - Not Lighted,"Fog, Smog, Smoke",9:00pm-9:59pm,1,9:00pm-9:59pm,13,Not Applicable (Not Transported),Not Applicable (Not Transported),1,Dark - Unlighted,Reduced Visibility,1,1,['Driver'],['None_Used'],0,0,Valid,4.0,3.0,73.0,19.0,"['Male', 'Male']",1,0,5,4,5,Wet/Standing Water,Straight,Level,Lowest,No
20642,29,Missouri,290861,0,1,1,0,1,NOT APPLICABLE,December,2,Saturday,16,35,Rural,Medium Speed (Collector),No,37.16880556,-92.55422222,Non-Intersection,Dark - Lighted,Rain,4:00pm-4:59pm,34,4:00pm-4:59pm,41,Not Applicable (Not Transported),Not Applicable (Not Transported),1,Dark - Lighted,Rain/Wind/Minor,1,0,['Driver'],['None_Used'],1,1,Valid,1.0,0.0,48.0,48.0,['Male'],1,0,5,4,2,Wet/Standing Water,Curve,Level,Lowest,No
20643,29,Missouri,290862,0,1,1,0,1,NOT APPLICABLE,December,2,Saturday,17,15,Rural,Medium Speed (Collector),No,40.24549167,-92.12941667,Non-Intersection,Dark - Not Lighted,Rain,10:00am-10:59am,33,10:00am-10:59am,50,Not Applicable (Not Transported),Not Applicable (Not Transported),1,Dark - Unlighted,Rain/Wind/Minor,1,0,['Driver'],['None_Used'],0,0,Valid,0.0,0.0,64.0,64.0,['Female'],0,0,3,4,3,Wet/Standing Water,Straight,Level,Lowest,No
20644,29,Missouri,290863,0,2,2,0,3,NOT APPLICABLE,December,3,Sunday,18,28,Rural,Medium Speed (Collector),No,38.83216667,-92.23861111,Simple Junction,Dark - Lighted,Clear,6:00pm-6:59pm,32,6:00pm-6:59pm,40,7:00pm-7:59pm,22,1,Dark - Lighted,Clear,1,2,['Driver'],['Shoulder_Lapbelt'],1,1,Valid,1.0,0.0,62.0,34.0,"['Female', 'Female']",2,0,3,4,5,Dry,Straight,Level,Lowest,No