,State_Code,State_Name,Crash_ID,Count_Non_Motorists,Count_Vehicles_Total,Count_Vehicle_Forms,Count_PVH_Involved,Count_Occupants_MV,City_Name,Month_Name,Day_of_Month,Day_of_Week,Crash_Hour,Crash_Minute,Area_Rural_Urban,Road_Functional_Class,On_NHS_Road,Latitude,Longitude,Intersection_Type,Light_Condition,Weather_Condition,Notif_Hour,Notif_Minute,Arrival_Hour,Arrival_Minute,Hospital_Hour,Hospital_Minute,Fatalities_Count,Clean_Light_Condition,Clean_Weather_Condition,Total_Killed,Total_Alive,Fatal_Seats_List,Killed_Restraint_List,Any_Driver_Drinking,Total_Drinking_Drivers,Driver_License_Category,Driver_Max_Prev_Accident_Count,Driver_Max_Prev_Speeding_Count,Max_Driver_Age,Min_Driver_Age,Driver_Sex_List,Total_Exceeding_Limit_Vehicles,Total_Too_Fast_Vehicles,Max_Vehicle_Type_Severity_5,Max_Vehicle_Damage_Rank,Max_Harmful_Event_Severity,Crash_Road_Surface_Condition,Crash_Horizontal_Alignment,Crash_Vertical_Profile,Crash_Impairment_Category,Crash_Vehicle_Defect
20645,29,Missouri,290864,0,2,2,0,2,KANSAS CITY,December,3,Sunday,7,10,Urban,High Speed (Arterial),Yes,39.06348611,-94.49990833,Non-Intersection,Daylight,Cloudy,7:00am-7:59am,10,7:00am-7:59am,16,7:00am-7:59am,48,1,Daylight,Reduced Visibility,1,1,['Driver'],['None_Used'],1,1,Valid,0.0,0.0,30.0,27.0,"['Male', 'Female']",1,0,3,4,5,Wet/Standing Water,Straight,Level,Lowest,No
20646,29,Missouri,290865,0,1,1,0,1,NOT APPLICABLE,December,3,Sunday,22,20,Rural,Low Speed (Local),No,38.246825,-92.64658056,Non-Intersection,Dark - Not Lighted,Rain,Unknown,Unknown if Notified,Unknown EMS Scene Arrival Hour,Unknown if Arrived,Not Applicable (Not Transported),Not Applicable (Not Transported),1,Dark - Unlighted,Rain/Wind/Minor,1,0,['Driver'],['None_Used'],1,1,Valid,0.0,0.0,61.0,61.0,['Male'],1,0,2,4,3,Wet/Standing Water,Curve,Grade/Hillcrest,Lowest,No
20647,29,Missouri,290866,0,2,2,0,3,SPRINGFIELD,December,4,Monday,13,32,Urban,High Speed (Arterial),No,37.24061944,-93.27478889,Complex/Circle,Daylight,Clear,Unknown,Unknown if Notified,Unknown EMS Scene Arrival Hour,Unknown if Arrived,Not Applicable (Not Transported),Not Applicable (Not Transported),1,Daylight,Clear,1,2,['Driver'],['None_Used'],0,0,Valid,1.0,0.0,51.0,49.0,"['Female', 'Male']",1,0,5,4,5,Dry,Straight,Level,Lowest,No
20648,29,Missouri,290867,0,1,1,0,1,NOT APPLICABLE,December,4,Monday,15,46,Rural,High Speed (Arterial),Yes,38.42095,-91.21170278,Non-Intersection,Daylight,Clear,Unknown,Unknown,Unknown EMS Scene Arrival Hour,Unknown EMS Scene Arrival Minutes,Unknown,Unknown EMS Hospital Arrival Time,1,Daylight,Clear,1,0,['Driver'],['None_Used'],0,0,Valid,2.0,0.0,29.0,29.0,['Male'],0,0,2,4,3,Dry,Straight,Level,Lowest,No
20649,29,Missouri,290868,0,2,2,0,3,SPRINGFIELD,December,4,Monday,14,19,Urban,Medium Speed (Collector),No,37.15773333,-93.27171111,Simple Junction,Daylight,Clear,Unknown,Unknown,Unknown EMS Scene Arrival Hour,Unknown EMS Scene Arrival Minutes,Unknown,Unknown EMS Hospital Arrival Time,1,Daylight,Clear,1,2,['Driver'],['Shoulder_Lapbelt'],0,0,Valid,1.0,0.0,90.0,41.0,"['Male', 'Female']",0,0,3,4,5,Dry,Straight,Level,Lowest,No
20650,29,Missouri,290869,0,2,2,0,3,KANSAS CITY,December,4,Monday,14,20,Urban,High Speed (Arterial),Yes,39.0945,-94.54312222,Non-Intersection,Daylight,Clear,Unknown,Unknown if Notified,Unknown EMS Scene Arrival Hour,Unknown if Arrived,Not Applicable (Not Transported),Not Applicable (Not Transported),2,Daylight,Clear,2,1,"['Driver', 'Front_Passenger']","['None_Used', 'None_Used']",0,0,Invalid,1.0,2.0,42.0,29.0,"['Female', 'Male']",0,0,3,4,5,Dry,Curve,Grade/Hillcrest,Lowest,No
20651,29,Missouri,290870,0,3,3,0,6,NOT APPLICABLE,December,4,Monday,16,50,Rural,High Speed (Arterial),Yes,37.19441667,-92.03863889,Non-Intersection,Daylight,Clear,4:00pm-4:59pm,53,5:00pm-5:59pm,4,5:00pm-5:59pm,38,1,Daylight,Clear,1,5,['Driver'],['None_Used'],0,0,Valid,0.0,0.0,51.0,43.0,"['Male', 'Female', 'Male']",0,0,4,4,5,Dry,Straight,Level,Lowest,No
20652,29,Missouri,290871,1,1,1,0,1,NOT APPLICABLE,December,5,Tuesday,17,40,Rural,High Speed (Arterial),Yes,36.05947222,-89.83269444,Non-Intersection,Dark - Not Lighted,Clear,6:00pm-6:59pm,5,6:00pm-6:59pm,47,7:00pm-7:59pm,49,1,Dark - Unlighted,Clear,0,0,[],[],0,0,Invalid,0.0,0.0,999.0,999.0,['Other'],0,0,1,0,4,Dry,Straight,Level,Lowest,No
20653,29,Missouri,290872,1,1,1,0,2,NOT APPLICABLE,December,5,Tuesday,3,0,Rural,High Speed (Arterial),Yes,38.33475,-94.34602778,Non-Intersection,Dark - Not Lighted,Clear,Unknown,Unknown if Notified,Unknown EMS Scene Arrival Hour,Unknown if Arrived,Not Applicable (Not Transported),Not Applicable (Not Transported),1,Dark - Unlighted,Clear,0,2,[],[],0,0,Valid,0.0,0.0,30.0,30.0,['Male'],0,0,2,1,4,Dry,Straight,Level,Lowest,No
20654,29,Missouri,290873,0,2,2,0,2,NOT APPLICABLE,December,5,Tuesday,17,40,Rural,High Speed (Arterial),Yes,36.06075,-89.83113889,Non-Intersection,Dark - Not Lighted,Clear,5:00pm-5:59pm,55,6:00pm-6:59pm,11,Not Applicable (Not Transported),Not Applicable (Not Transported),1,Dark - Unlighted,Clear,1,0,['Driver'],['Shoulder_Lapbelt'],0,0,Valid,0.0,0.0,76.0,51.0,"['Male', 'Male']",0,0,4,4,5,Dry,Straight,Level,Lowest,No
20655,29,Missouri,290874,0,2,2,0,2,NOT APPLICABLE,December,5,Tuesday,14,15,Rural,Medium Speed (Collector),No,36.55152778,-94.18205556,Non-Intersection,Daylight,Clear,2:00pm-2:59pm,23,2:00pm-2:59pm,48,3:00pm-3:59pm,12,1,Daylight,Clear,1,1,['Driver'],['None_Used'],1,1,Invalid,2.0,0.0,69.0,38.0,"['Female', 'Female']",0,0,3,4,5,Dry,Curve,Level,Lowest,No
20656,29,Missouri,290875,1,2,2,0,1,INDEPENDENCE,December,6,Wednesday,23,40,Urban,High Speed (Arterial),Yes,39.04634722,-94.42484167,Non-Intersection,Dark - Not Lighted,Clear,0:00am-0:59am,7,0:00am-0:59am,11,0:00am-0:59am,37,1,Dark - Unlighted,Clear,0,1,[],[],0,0,Valid,2.0,0.0,25.0,25.0,['Male'],0,0,3,4,5,Dry,Straight,Level,Lowest,No
20657,29,Missouri,290876,0,3,3,0,3,NOT APPLICABLE,December,7,Thursday,16,5,Rural,Medium Speed (Collector),No,37.21313889,-93.42641667,Non-Intersection,Daylight,Clear,Unknown,Unknown,Unknown EMS Scene Arrival Hour,Unknown EMS Scene Arrival Minutes,Unknown,Unknown EMS Hospital Arrival Time,1,Daylight,Clear,1,2,['Driver'],['Shoulder_Lapbelt'],0,0,Valid,1.0,0.0,68.0,17.0,"['Male', 'Female', 'Female']",0,0,4,4,5,Dry,Straight,Non-Trafficway,Lowest,No
20658,29,Missouri,290877,1,1,1,0,2,NOT APPLICABLE,December,7,Thursday,17,15,Rural,Medium Speed (Collector),No,37.63402778,-91.47338889,Non-Intersection,Dark - Not Lighted,Clear,Unknown,Unknown,Unknown EMS Scene Arrival Hour,Unknown EMS Scene Arrival Minutes,Not Applicable (Not Transported),Not Applicable (Not Transported),1,Dark - Unlighted,Clear,0,2,[],[],0,0,Valid,1.0,0.0,38.0,38.0,['Male'],2,0,3,1,4,Dry,Straight,Level,Lowest,No
20659,29,Missouri,290878,0,2,2,0,3,NOT APPLICABLE,December,7,Thursday,15,20,Rural,Medium Speed (Collector),No,36.94469444,-92.28494444,Non-Intersection,Daylight,Clear,3:00pm-3:59pm,31,4:00pm-4:59pm,4,Unknown,Unknown EMS Hospital Arrival Time,1,Daylight,Clear,1,2,['Driver'],['None_Used'],0,0,Valid,0.0,1.0,77.0,24.0,"['Female', 'Female']",0,0,2,4,5,Dry,Curve,Grade/Hillcrest,Lowest,No
20660,29,Missouri,290879,0,1,1,0,1,INDEPENDENCE,December,11,Monday,0,18,Urban,High Speed (Arterial),No,39.07981667,-94.42994444,Non-Intersection,Dark - Not Lighted,Cloudy,Unknown,Unknown,Unknown EMS Scene Arrival Hour,Unknown EMS Scene Arrival Minutes,Not Applicable (Not Transported),Not Applicable (Not Transported),1,Dark - Unlighted,Reduced Visibility,1,0,['Driver'],['None_Used'],1,1,Invalid,0.0,0.0,43.0,43.0,['Male'],1,0,2,4,3,Dry,Straight,Level,Lowest,No
20661,29,Missouri,290880,0,2,2,0,4,KANSAS CITY,December,11,Monday,17,57,Urban,Medium Speed (Collector),No,39.06970833,-94.54823889,Complex/Circle,Dark - Lighted,Clear,Unknown,Unknown if Notified,Unknown EMS Scene Arrival Hour,Unknown if Arrived,Not Applicable (Not Transported),Not Applicable (Not Transported),1,Dark - Lighted,Clear,1,3,['Driver'],['None_Used'],0,0,Invalid,0.0,0.0,51.0,17.0,"['Male', 'Male']",3,0,2,4,5,Dry,Straight,Level,Lowest,No
20662,29,Missouri,290881,0,1,1,0,1,NOT APPLICABLE,December,12,Tuesday,21,45,Rural,Low Speed (Local),No,37.07416667,-91.91119444,Non-Intersection,Dark - Not Lighted,Clear,Unknown,Unknown if Notified,Unknown EMS Scene Arrival Hour,Unknown if Arrived,Not Applicable (Not Transported),Not Applicable (Not Transported),1,Dark - Unlighted,Clear,1,0,['Driver'],['None_Used'],1,1,Valid,1.0,0.0,34.0,34.0,['Male'],1,0,3,4,2,Dry,Curve,Grade/Hillcrest,Lowest,No
20663,29,Missouri,290882,0,1,1,0,2,NOT APPLICABLE,December,13,Wednesday,2,28,Rural,Medium Speed (Collector),No,40.18105556,-94.52022222,Non-Intersection,Dark - Not Lighted,Clear,Unknown,Unknown,Unknown EMS Scene Arrival Hour,Unknown EMS Scene Arrival Minutes,Unknown,Unknown EMS Hospital Arrival Time,1,Dark - Unlighted,Clear,1,1,['Front_Passenger'],['None_Used'],1,1,Invalid,1.0,0.0,38.0,38.0,['Male'],2,0,2,4,3,Dry,Curve,Grade/Hillcrest,Lowest,No
20664,29,Missouri,290883,0,3,3,0,3,NOT APPLICABLE,November,20,Monday,14,26,Urban,Medium Speed (Collector),No,38.53581667,-90.30671389,Complex/Circle,Daylight,Cloudy,2:00pm-2:59pm,29,2:00pm-2:59pm,36,3:00pm-3:59pm,0,1,Daylight,Reduced Visibility,1,2,['Driver'],['Shoulder_Lapbelt'],0,0,Valid,2.0,0.0,101.0,40.0,"['Female', 'Male', 'Female']",0,0,3,4,5,Dry,Straight,Level,Lowest,No
20665,29,Missouri,290884,0,2,2,0,3,NOT APPLICABLE,December,13,Wednesday,21,30,Rural,Medium Speed (Collector),No,37.66275,-90.56430556,Non-Intersection,Dark - Not Lighted,Clear,Unknown,Unknown if Notified,Unknown EMS Scene Arrival Hour,Unknown if Arrived,Not Applicable (Not Transported),Not Applicable (Not Transported),3,Dark - Unlighted,Clear,3,0,"['Driver', 'Front_Passenger', 'Driver']","['None_Used', 'None_Used', 'Shoulder_Lapbelt']",0,0,Invalid,2.0,0.0,29.0,29.0,"['Male', 'Male']",2,0,2,4,5,Dry,Straight,Grade/Hillcrest,Lowest,No
20666,29,Missouri,290885,0,3,3,0,4,NOT APPLICABLE,December,13,Wednesday,16,30,Urban,High Speed (Arterial),Yes,38.82213611,-90.261725,Simple Junction,Daylight,Clear,Unknown,Unknown,Unknown EMS Scene Arrival Hour,Unknown EMS Scene Arrival Minutes,Unknown,Unknown EMS Hospital Arrival Time,1,Daylight,Clear,1,3,['Driver'],['None_Used'],0,0,Valid,1.0,0.0,67.0,33.0,"['Female', 'Female', 'Male']",1,0,3,4,5,Dry,Straight,Grade/Hillcrest,Lowest,No
20667,29,Missouri,290886,1,1,1,0,1,NOT APPLICABLE,December,13,Wednesday,0,25,Rural,Medium Speed (Collector),No,37.85987778,-92.41420556,Non-Intersection,Dark - Not Lighted,Clear,Unknown,Unknown if Notified,Unknown EMS Scene Arrival Hour,Unknown if Arrived,Not Applicable (Not Transported),Not Applicable (Not Transported),1,Dark - Unlighted,Clear,0,1,[],[],0,0,Valid,1.0,0.0,18.0,18.0,['Male'],0,0,3,1,4,Dry,Straight,Level,Lowest,No
20668,29,Missouri,290887,0,1,1,0,1,NOT APPLICABLE,December,13,Wednesday,11,45,Rural,Medium Speed (Collector),No,36.61052778,-92.15444444,Non-Intersection,Daylight,Clear,Unknown,Unknown if Notified,Unknown EMS Scene Arrival Hour,Unknown if Arrived,Not Applicable (Not Transported),Not Applicable (Not Transported),1,Daylight,Clear,1,0,['Driver'],['Shoulder_Lapbelt'],1,1,Valid,1.0,0.0,39.0,39.0,['Male'],1,0,3,4,3,Dry,Straight,Grade/Hillcrest,Lowest,No
20669,29,Missouri,290888,0,1,1,0,1,NOT APPLICABLE,December,14,Thursday,23,30,Rural,High Speed (Arterial),Yes,38.6715,-92.85957222,Non-Intersection,Dark - Not Lighted,Clear,Unknown,Unknown if Notified,Unknown EMS Scene Arrival Hour,Unknown if Arrived,Not Applicable (Not Transported),Not Applicable (Not Transported),1,Dark - Unlighted,Clear,1,0,['Driver'],['Shoulder_Lapbelt'],0,0,Valid,0.0,0.0,47.0,47.0,['Male'],0,0,2,4,3,Dry,Straight,Grade/Hillcrest,Lowest,No
20670,29,Missouri,290889,0,1,1,0,1,NOT APPLICABLE,December,14,Thursday,21,30,Rural,Medium Speed (Collector),No,38.78559722,-94.33015278,Non-Intersection,Dark - Not Lighted,Clear,9:00pm-9:59pm,34,9:00pm-9:59pm,41,Not Applicable (Not Transported),Not Applicable (Not Transported),1,Dark - Unlighted,Clear,1,0,['Driver'],['Shoulder_Lapbelt'],0,0,Valid,1.0,0.0,44.0,44.0,['Male'],0,0,2,4,3,Dry,Curve,Level,Lowest,No
20671,29,Missouri,290890,0,1,1,0,1,NOT APPLICABLE,December,15,Friday,18,0,Rural,Low Speed (Local),No,36.65641944,-94.06110556,Non-Intersection,Dark - Not Lighted,Clear,Unknown,Unknown if Notified,Unknown EMS Scene Arrival Hour,Unknown if Arrived,Not Applicable (Not Transported),Not Applicable (Not Transported),1,Dark - Unlighted,Clear,1,0,['Driver'],['None_Used'],1,1,Valid,0.0,0.0,67.0,67.0,['Female'],0,0,2,4,3,Dry,Curve,Level,Lowest,No
20672,29,Missouri,290891,0,1,1,0,3,HUMANSVILLE,December,15,Friday,13,25,Rural,High Speed (Arterial),Yes,37.7641,-93.55941944,Complex/Circle,Daylight,Clear,Unknown,Unknown,Unknown EMS Scene Arrival Hour,Unknown EMS Scene Arrival Minutes,Unknown,Unknown EMS Hospital Arrival Time,1,Daylight,Clear,1,2,['Rear_Seat'],['None_Used'],0,0,Valid,1.0,0.0,80.0,80.0,['Male'],0,0,3,4,2,Dry,Straight,Grade/Hillcrest,Lowest,No
20673,29,Missouri,290892,1,1,1,0,1,ST. LOUIS,December,15,Friday,17,57,Urban,High Speed (Arterial),Yes,38.60213056,-90.22954722,Non-Intersection,Dark - Lighted,Clear,5:00pm-5:59pm,59,6:00pm-6:59pm,4,6:00pm-6:59pm,14,1,Dark - Lighted,Clear,0,0,[],[],0,0,Invalid,0.0,0.0,999.0,999.0,['Other'],0,0,3,1,4,Dry,Straight,Level,Lowest,No
20674,29,Missouri,290893,0,1,1,0,1,KANSAS CITY,December,16,Saturday,4,10,Urban,High Speed (Arterial),Yes,38.98026389,-94.54665,Non-Intersection,Dark - Lighted,Rain,4:00am-4:59am,10,4:00am-4:59am,18,Not Applicable (Not Transported),Not Applicable (Not Transported),1,Dark - Lighted,Rain/Wind/Minor,1,0,['Driver'],['Shoulder_Lapbelt'],1,1,Valid,0.0,0.0,32.0,32.0,['Male'],1,0,2,4,3,Wet/Standing Water,Curve,Grade/Hillcrest,Lowest,No
20675,29,Missouri,290894,0,1,1,0,2,NOT APPLICABLE,December,16,Saturday,1,51,Rural,Medium Speed (Collector),No,39.14275,-92.54338889,Non-Intersection,Dark - Not Lighted,Rain,1:00am-1:59am,54,2:00am-2:59am,10,3:00am-3:59am,53,1,Dark - Unlighted,Rain/Wind/Minor,1,1,['Front_Passenger'],['None_Used'],1,1,Invalid,0.0,0.0,42.0,42.0,['Male'],0,0,3,4,3,Wet/Standing Water,Curve,Level,Lowest,No
20676,29,Missouri,290895,0,2,1,1,1,NOT APPLICABLE,December,16,Saturday,15,39,Urban,Medium Speed (Collector),No,38.9943,-92.74554444,Non-Intersection,Daylight,Cloudy,5:00pm-5:59pm,19,5:00pm-5:59pm,31,Not Applicable (Not Transported),Not Applicable (Not Transported),1,Daylight,Reduced Visibility,1,0,['Driver'],['None_Used'],1,1,Valid,0.0,0.0,65.0,65.0,['Male'],0,0,3,4,2,Wet/Standing Water,Straight,Level,Lowest,No
20677,29,Missouri,290896,1,1,1,0,1,BLUE SPRINGS,December,16,Saturday,23,6,Urban,High Speed (Arterial),Yes,39.02825,-94.25636111,Non-Intersection,Dark - Not Lighted,Cloudy,Unknown,Unknown if Notified,Unknown EMS Scene Arrival Hour,Unknown if Arrived,Not Applicable (Not Transported),Not Applicable (Not Transported),1,Dark - Unlighted,Reduced Visibility,0,1,[],[],0,0,Valid,0.0,0.0,16.0,16.0,['Male'],0,0,2,2,4,Dry,Straight,Level,Lowest,No
20678,29,Missouri,290897,0,1,1,0,1,GLADSTONE,December,16,Saturday,11,21,Urban,Low Speed (Local),No,39.214725,-94.56093333,Complex/Circle,Daylight,Cloudy,11:00am-11:59am,23,11:00am-11:59am,29,11:00am-11:59am,55,1,Daylight,Reduced Visibility,1,0,['Driver'],['None_Used'],0,0,Invalid,1.0,0.0,49.0,49.0,['Female'],0,0,3,4,3,Wet/Standing Water,Straight,Level,Lowest,No
20679,29,Missouri,290898,0,1,1,0,1,ST. LOUIS,December,17,Sunday,2,30,Urban,Medium Speed (Collector),No,38.557125,-90.27882778,Non-Intersection,Dark - Lighted,Rain,2:00am-2:59am,40,2:00am-2:59am,51,Not Applicable (Not Transported),Not Applicable (Not Transported),1,Dark - Lighted,Rain/Wind/Minor,1,0,['Driver'],['None_Used'],1,1,Invalid,2.0,0.0,27.0,27.0,['Female'],0,0,3,4,2,Wet/Standing Water,Curve,Level,Lowest,No
20680,29,Missouri,290899,0,2,2,0,3,ST. PETERS,December,17,Sunday,14,5,Urban,High Speed (Arterial),Yes,38.79217778,-90.58443056,Complex/Circle,Daylight,Clear,2:00pm-2:59pm,15,2:00pm-2:59pm,24,2:00pm-2:59pm,39,1,Daylight,Clear,1,2,['Front_Passenger'],['None_Used'],0,0,Valid,0.0,0.0,87.0,29.0,"['Male', 'Male']",0,0,2,4,5,Dry,Straight,Level,Lowest,No
20681,29,Missouri,290900,0,1,1,0,2,OVERLAND,November,23,Thursday,15,50,Urban,Medium Speed (Collector),No,38.70543333,-90.36181667,Complex/Circle,Daylight,Clear,Unknown,Unknown,Unknown EMS Scene Arrival Hour,Unknown EMS Scene Arrival Minutes,Unknown,Unknown EMS Hospital Arrival Time,1,Daylight,Clear,1,1,['Driver'],['Shoulder_Lapbelt'],0,0,Valid,0.0,0.0,87.0,87.0,['Male'],0,0,3,4,3,Dry,Straight,Level,Lowest,No
20682,29,Missouri,290901,1,1,1,0,1,INDEPENDENCE,December,18,Monday,18,41,Urban,Low Speed (Local),No,39.03813889,-94.42946389,Non-Intersection,Dark - Not Lighted,Cloudy,5:00pm-5:59pm,42,5:00pm-5:59pm,49,6:00pm-6:59pm,4,1,Dark - Unlighted,Reduced Visibility,0,0,[],[],0,0,Invalid,0.0,0.0,999.0,999.0,['Other'],0,0,1,0,4,Dry,Straight,Grade/Hillcrest,Lowest,No
20683,29,Missouri,290902,0,1,1,0,1,KANSAS CITY,December,18,Monday,20,47,Urban,Medium Speed (Collector),No,39.04003889,-94.52781111,Non-Intersection,Dark - Lighted,Clear,Unknown,Unknown if Notified,Unknown EMS Scene Arrival Hour,Unknown if Arrived,Not Applicable (Not Transported),Not Applicable (Not Transported),1,Dark - Lighted,Clear,1,0,['Driver'],['None_Used'],1,1,Valid,2.0,0.0,33.0,33.0,['Female'],0,0,2,4,3,Dry,Curve,Level,Lowest,No
20684,29,Missouri,290903,0,1,1,0,1,JEFFERSON CITY,December,19,Tuesday,21,28,Urban,High Speed (Arterial),Yes,38.57226111,-92.17294444,Complex/Circle,Dark - Lighted,Clear,9:00pm-9:59pm,28,9:00pm-9:59pm,34,9:00pm-9:59pm,54,1,Dark - Lighted,Clear,1,0,['Driver'],['None_Used'],1,1,Valid,1.0,1.0,46.0,46.0,['Female'],0,0,2,4,3,Dry,Straight,Level,Lowest,No
20685,29,Missouri,290904,1,1,1,0,1,COLUMBIA,December,20,Wednesday,17,4,Rural,Medium Speed (Collector),No,38.95752222,-92.28958611,Simple Junction,Daylight,Cloudy,5:00pm-5:59pm,4,5:00pm-5:59pm,9,5:00pm-5:59pm,39,1,Daylight,Reduced Visibility,0,1,[],[],0,0,Valid,0.0,0.0,55.0,55.0,['Male'],0,0,1,1,4,Dry,Straight,Level,Lowest,No
20686,29,Missouri,290905,1,1,1,0,1,NOT APPLICABLE,December,20,Wednesday,18,50,Rural,Medium Speed (Collector),No,36.463,-90.12522222,Non-Intersection,Dark - Not Lighted,Clear,Unknown,Unknown if Notified,Unknown EMS Scene Arrival Hour,Unknown if Arrived,Not Applicable (Not Transported),Not Applicable (Not Transported),1,Dark - Unlighted,Clear,0,1,[],[],1,1,Valid,0.0,0.0,28.0,28.0,['Female'],0,0,3,4,4,Dry,Straight,Level,Lowest,No
20687,29,Missouri,290906,0,1,1,0,1,NOT APPLICABLE,December,20,Wednesday,15,15,Rural,Low Speed (Local),No,37.08394444,-93.09841667,Non-Intersection,Daylight,Clear,Unknown,Unknown,Unknown EMS Scene Arrival Hour,Unknown EMS Scene Arrival Minutes,Not Applicable (Not Transported),Not Applicable (Not Transported),1,Daylight,Clear,1,0,['Driver'],['None_Used'],0,0,Valid,0.0,0.0,16.0,16.0,['Male'],1,0,5,4,3,Dry,Curve,Grade/Hillcrest,Lowest,No
20688,29,Missouri,290907,0,1,1,0,1,ST. CHARLES,December,21,Thursday,2,30,Urban,High Speed (Arterial),Yes,38.77697222,-90.51080556,Non-Intersection,Dark - Not Lighted,Clear,2:00am-2:59am,31,2:00am-2:59am,37,2:00am-2:59am,58,1,Dark - Unlighted,Clear,1,0,['Driver'],['None_Used'],1,1,Valid,1.0,0.0,41.0,41.0,['Male'],0,0,5,4,2,Dry,Curve,Grade/Hillcrest,Lowest,No
20689,29,Missouri,290908,0,1,1,0,1,NOT APPLICABLE,December,22,Friday,0,50,Rural,High Speed (Arterial),Yes,36.9605,-91.93230556,Non-Intersection,Dark - Not Lighted,Rain,Unknown,Unknown if Notified,Unknown EMS Scene Arrival Hour,Unknown if Arrived,Not Applicable (Not Transported),Not Applicable (Not Transported),1,Dark - Unlighted,Rain/Wind/Minor,1,0,['Driver'],['Shoulder_Lapbelt'],0,0,Valid,0.0,0.0,61.0,61.0,['Female'],0,0,3,4,3,Wet/Standing Water,Curve,Grade/Hillcrest,Lowest,No
20690,29,Missouri,290909,1,1,1,0,1,SPRINGFIELD,December,22,Friday,15,48,Urban,High Speed (Arterial),Yes,37.19717778,-93.31716944,Complex/Circle,Daylight,Cloudy,3:00pm-3:59pm,49,3:00pm-3:59pm,55,4:00pm-4:59pm,17,1,Daylight,Reduced Visibility,0,1,[],[],0,0,Valid,0.0,0.0,82.0,82.0,['Female'],0,0,2,1,4,Wet/Standing Water,Straight,Level,Lowest,No
20691,29,Missouri,290910,1,2,2,0,1,PARKVILLE,December,22,Friday,6,43,Urban,High Speed (Arterial),Yes,39.21345,-94.76202778,Non-Intersection,Dark - Not Lighted,"Fog, Smog, Smoke",Unknown,Unknown if Notified,Unknown EMS Scene Arrival Hour,Unknown if Arrived,Not Applicable (Not Transported),Not Applicable (Not Transported),1,Dark - Unlighted,Reduced Visibility,0,1,[],[],1,1,Valid,0.0,0.0,56.0,56.0,['Male'],0,0,3,4,5,Wet/Standing Water,Straight,Level,Lowest,No
20692,29,Missouri,290911,0,3,3,0,3,LEES SUMMIT,December,22,Friday,15,35,Urban,High Speed (Arterial),Yes,38.90942222,-94.39130278,Non-Intersection,Daylight,Cloudy,Unknown,Unknown if Notified,Unknown EMS Scene Arrival Hour,Unknown if Arrived,Not Applicable (Not Transported),Not Applicable (Not Transported),1,Daylight,Reduced Visibility,1,2,['Driver'],['None_Used'],0,0,Valid,1.0,1.0,48.0,44.0,"['Male', 'Female', 'Female']",0,0,5,4,5,Wet/Standing Water,Straight,Grade/Hillcrest,Lowest,No
20693,29,Missouri,290912,0,1,1,0,4,NOT APPLICABLE,December,23,Saturday,4,44,Rural,Medium Speed (Collector),No,36.72352222,-91.69449722,Non-Intersection,Dark - Not Lighted,Cloudy,4:00am-4:59am,49,5:00am-5:59am,19,6:00am-6:59am,11,1,Dark - Unlighted,Reduced Visibility,1,3,['Front_Passenger'],['None_Used'],1,1,Valid,0.0,0.0,20.0,20.0,['Female'],0,0,3,4,3,Wet/Standing Water,Curve,Grade/Hillcrest,Lowest,No
20694,29,Missouri,290913,0,1,1,0,2,FREISTATT,December,24,Sunday,18,20,Rural,Medium Speed (Collector),No,37.01558333,-93.89802778,Non-Intersection,Dark - Not Lighted,Rain,6:00pm-6:59pm,22,6:00pm-6:59pm,34,7:00pm-7:59pm,35,1,Dark - Unlighted,Rain/Wind/Minor,1,1,['Front_Passenger'],['Shoulder_Lapbelt'],0,0,Valid,0.0,0.0,75.0,75.0,['Male'],0,0,2,4,3,Wet/Standing Water,Curve,Level,Lowest,No
20695,29,Missouri,290914,0,2,2,0,3,GRANDVIEW,December,24,Sunday,3,35,Urban,High Speed (Arterial),Yes,38.88697222,-94.52522778,Non-Intersection,Dark - Lighted,Clear,3:00am-3:59am,39,3:00am-3:59am,48,4:00am-4:59am,17,1,Dark - Lighted,Clear,1,2,['Front_Passenger'],['Shoulder_Lapbelt'],1,1,Valid,0.0,1.0,65.0,44.0,"['Male', 'Male']",0,0,3,4,5,Wet/Standing Water,Straight,Level,Lowest,No
20696,29,Missouri,290916,1,1,1,0,1,ST. LOUIS,December,26,Tuesday,16,44,Urban,Medium Speed (Collector),No,38.590975,-90.26884444,Non-Intersection,Daylight,Clear,Unknown,Unknown,Unknown EMS Scene Arrival Hour,Unknown EMS Scene Arrival Minutes,Unknown,Unknown EMS Hospital Arrival Time,1,Daylight,Clear,0,1,[],[],0,0,Valid,0.0,0.0,63.0,63.0,['Male'],0,0,3,3,4,Dry,Straight,Level,Lowest,No
20697,29,Missouri,290917,0,1,1,0,1,NOT APPLICABLE,December,26,Tuesday,20,0,Rural,Medium Speed (Collector),No,39.61493056,-92.95455,Non-Intersection,Dark - Not Lighted,Snow,7:00am-7:59am,35,8:00am-8:59am,6,Not Applicable (Not Transported),Not Applicable (Not Transported),1,Dark - Unlighted,Snow/Ice/Severe,1,0,['Driver'],['None_Used'],1,1,Valid,0.0,0.0,69.0,69.0,['Male'],1,0,3,4,3,Wet/Standing Water,Curve,Level,Lowest,No