,State_Code,State_Name,Crash_ID,Count_Non_Motorists,Count_Vehicles_Total,Count_Vehicle_Forms,Count_PVH_Involved,Count_Occupants_MV,City_Name,Month_Name,Day_of_Month,Day_of_Week,Crash_Hour,Crash_Minute,Area_Rural_Urban,Road_Functional_Class,On_NHS_Road,Latitude,Longitude,Intersection_Type,Light_Condition,Weather_Condition,Notif_Hour,Notif_Minute,Arrival_Hour,Arrival_Minute,Hospital_Hour,Hospital_Minute,Fatalities_Count,Clean_Light_Condition,Clean_Weather_Condition,Total_Killed,Total_Alive,Fatal_Seats_List,Killed_Restraint_List,Any_Driver_Drinking,Total_Drinking_Drivers,Driver_License_Category,Driver_Max_Prev_Accident_Count,Driver_Max_Prev_Speeding_Count,Max_Driver_Age,Min_Driver_Age,Driver_Sex_List,Total_Exceeding_Limit_Vehicles,Total_Too_Fast_Vehicles,Max_Vehicle_Type_Severity_5,Max_Vehicle_Damage_Rank,Max_Harmful_Event_Severity,Crash_Road_Surface_Condition,Crash_Horizontal_Alignment,Crash_Vertical_Profile,Crash_Impairment_Category,Crash_Vehicle_Defect
20698,29,Missouri,290918,0,3,3,0,3,NOT APPLICABLE,December,27,Wednesday,16,45,Rural,High Speed (Arterial),Yes,36.67019444,-91.72961111,Non-Intersection,Daylight,Cloudy,Unknown,Unknown if Notified,Unknown EMS Scene Arrival Hour,Unknown if Arrived,Not Applicable (Not Transported),Not Applicable (Not Transported),1,Daylight,Reduced Visibility,1,2,['Driver'],['Shoulder_Lapbelt'],0,0,Valid,0.0,2.0,68.0,32.0,"['Female', 'Male', 'Male']",0,0,3,4,5,Dry,Curve,Level,Lowest,No
20699,29,Missouri,290919,0,2,2,0,1,KANSAS CITY,December,27,Wednesday,13,32,Urban,High Speed (Arterial),Yes,39.03424444,-94.50019722,Non-Intersection,Daylight,Snow,1:00pm-1:59pm,33,1:00pm-1:59pm,41,Not Applicable (Not Transported),Not Applicable (Not Transported),1,Daylight,Snow/Ice/Severe,1,0,['Driver'],['Shoulder_Lapbelt'],0,0,Valid,0.0,0.0,70.0,70.0,['Male'],0,0,4,4,5,Wet/Standing Water,Straight,Level,Lowest,No
20700,29,Missouri,290920,0,1,1,0,2,NOT APPLICABLE,December,28,Thursday,18,57,Rural,Low Speed (Local),No,37.82297222,-94.40191667,Non-Intersection,Dark - Not Lighted,Cloudy,6:00pm-6:59pm,59,7:00pm-7:59pm,9,7:00pm-7:59pm,56,1,Dark - Unlighted,Reduced Visibility,1,1,['Driver'],['None_Used'],1,1,Valid,0.0,2.0,32.0,32.0,['Male'],2,0,3,4,3,Wet/Standing Water,Curve,Level,Lowest,No
20701,29,Missouri,290921,1,1,1,0,1,INDEPENDENCE,December,28,Thursday,19,5,Urban,High Speed (Arterial),Yes,39.08015,-94.44104167,Non-Intersection,Dark - Lighted,Clear,7:00pm-7:59pm,5,7:00pm-7:59pm,5,Not Applicable (Not Transported),Not Applicable (Not Transported),1,Dark - Lighted,Clear,0,1,[],[],0,0,Valid,0.0,0.0,44.0,44.0,['Female'],0,0,3,1,4,Dry,Straight,Level,Lowest,No
20702,29,Missouri,290922,0,2,2,0,3,NOT APPLICABLE,December,29,Friday,6,16,Rural,Medium Speed (Collector),No,37.3016,-94.48617778,Complex/Circle,Dark - Not Lighted,Cloudy,6:00am-6:59am,18,6:00am-6:59am,33,7:00am-7:59am,18,1,Dark - Unlighted,Reduced Visibility,1,2,['Driver'],['None_Used'],0,0,Valid,0.0,0.0,56.0,36.0,"['Female', 'Male']",2,0,4,4,5,Dry,Straight,Grade/Hillcrest,Lowest,No
20703,29,Missouri,290923,0,1,1,0,2,NOT APPLICABLE,December,29,Friday,14,12,Rural,High Speed (Arterial),Yes,38.987,-93.19663889,Non-Intersection,Daylight,Clear,2:00pm-2:59pm,22,2:00pm-2:59pm,49,3:00pm-3:59pm,33,1,Daylight,Clear,1,1,['Driver'],['None_Used'],0,0,Valid,2.0,0.0,30.0,30.0,['Female'],2,0,3,4,3,Dry,Curve,Grade/Hillcrest,Lowest,No
20704,29,Missouri,290924,0,1,1,0,4,NOT APPLICABLE,December,29,Friday,12,36,Rural,Medium Speed (Collector),No,36.69649722,-94.01576944,Non-Intersection,Daylight,Clear,12:00pm-12:59pm,35,12:00pm-12:59pm,48,2:00pm-2:59pm,50,1,Daylight,Clear,1,3,['Driver'],['Shoulder_Lapbelt'],0,0,Valid,0.0,0.0,71.0,71.0,['Male'],0,0,3,4,3,Dry,Curve,Grade/Hillcrest,Medium,No
20705,29,Missouri,290925,0,1,1,0,1,NOT APPLICABLE,December,29,Friday,22,26,Urban,Low Speed (Local),No,37.26040833,-93.30143611,Non-Intersection,Dark - Not Lighted,Clear,10:00pm-10:59pm,28,10:00pm-10:59pm,35,10:00pm-10:59pm,58,1,Dark - Unlighted,Clear,1,0,['Driver'],['None_Used'],1,1,Valid,0.0,1.0,40.0,40.0,['Male'],0,0,3,4,3,Dry,Curve,Grade/Hillcrest,Lowest,No
20706,29,Missouri,290926,0,1,1,0,1,NOT APPLICABLE,December,30,Saturday,99,99,Rural,Medium Speed (Collector),No,39.30571667,-94.78840278,Non-Intersection,Reported as Unknown,Reported as Unknown,Unknown,Unknown if Notified,Unknown EMS Scene Arrival Hour,Unknown if Arrived,Not Applicable (Not Transported),Not Applicable (Not Transported),1,Dark - Unlighted,Clear,1,0,['Driver'],['None_Used'],0,0,Valid,0.0,0.0,70.0,70.0,['Male'],0,0,3,4,3,Dry,Curve,Level,Lowest,No
20707,29,Missouri,290927,0,2,2,0,2,NOT APPLICABLE,December,30,Saturday,3,0,Urban,Medium Speed (Collector),No,36.69722222,-92.52125,Non-Intersection,Dark - Not Lighted,Clear,2:00am-2:59am,52,3:00am-3:59am,14,4:00am-4:59am,6,1,Dark - Unlighted,Clear,1,1,['Driver'],['None_Used'],0,0,Valid,0.0,0.0,44.0,42.0,"['Male', 'Male']",0,0,2,4,5,Dry,Straight,Level,Lowest,No
20708,29,Missouri,290928,0,1,1,0,1,NOT APPLICABLE,December,30,Saturday,19,43,Rural,Medium Speed (Collector),No,38.23020556,-90.48432222,Non-Intersection,Dark - Not Lighted,Cloudy,7:00pm-7:59pm,45,7:00pm-7:59pm,55,Not Applicable (Not Transported),Not Applicable (Not Transported),1,Dark - Unlighted,Reduced Visibility,1,0,['Driver'],['None_Used'],0,0,Valid,2.0,1.0,52.0,52.0,['Male'],1,0,2,4,3,Dry,Straight,Level,Lowest,No
20709,29,Missouri,290929,0,2,2,0,2,NOT APPLICABLE,December,31,Sunday,17,17,Rural,High Speed (Arterial),Yes,37.55178611,-90.22543611,Non-Intersection,Dark - Not Lighted,Clear,5:00pm-5:59pm,49,6:00pm-6:59pm,32,7:00pm-7:59pm,28,1,Dark - Unlighted,Clear,1,1,['Driver'],['Shoulder_Lapbelt'],0,0,Valid,2.0,1.0,67.0,37.0,"['Male', 'Female']",0,0,3,4,5,Dry,Curve,Grade/Hillcrest,Medium,No
20710,29,Missouri,290930,0,1,1,0,1,KANSAS CITY,December,31,Sunday,23,33,Urban,High Speed (Arterial),Yes,39.09430556,-94.57183056,Non-Intersection,Dark - Lighted,Cloudy,11:00pm-11:59pm,30,11:00pm-11:59pm,39,Not Applicable (Not Transported),Not Applicable (Not Transported),1,Dark - Lighted,Reduced Visibility,1,0,['Driver'],['Shoulder_Lapbelt'],0,0,Valid,0.0,0.0,19.0,19.0,['Male'],1,0,2,4,3,Dry,Straight,Grade/Hillcrest,Lowest,No
20711,29,Missouri,290931,0,1,1,0,1,UNION,December,31,Sunday,6,38,Urban,Medium Speed (Collector),No,38.46031389,-91.01172222,Complex/Circle,Dark - Not Lighted,Cloudy,Unknown,Unknown if Notified,Unknown EMS Scene Arrival Hour,Unknown if Arrived,Not Applicable (Not Transported),Not Applicable (Not Transported),1,Dark - Unlighted,Reduced Visibility,1,0,['Driver'],['None_Used'],0,0,Valid,0.0,0.0,59.0,59.0,['Male'],0,0,3,4,3,Dry,Curve,Grade/Hillcrest,Lowest,No
20712,29,Missouri,290932,0,2,2,0,2,KANSAS CITY,February,25,Saturday,12,28,Urban,Medium Speed (Collector),No,39.01148611,-94.57463611,Complex/Circle,Daylight,Clear,12:00pm-12:59pm,29,12:00pm-12:59pm,37,12:00pm-12:59pm,58,1,Daylight,Clear,1,1,['Driver'],['Shoulder_Lapbelt'],0,0,Valid,1.0,0.0,82.0,65.0,"['Male', 'Female']",0,0,2,4,5,Dry,Straight,Level,Lowest,No
20713,29,Missouri,290933,0,1,1,0,1,BLUE SPRINGS,April,29,Saturday,17,0,Urban,High Speed (Arterial),Yes,39.04132222,-94.27163333,Non-Intersection,Daylight,Clear,Unknown,Unknown,Unknown EMS Scene Arrival Hour,Unknown EMS Scene Arrival Minutes,Unknown,Unknown EMS Hospital Arrival Time,1,Daylight,Clear,1,0,['Driver'],['None_Used'],0,0,Valid,0.0,0.0,70.0,70.0,['Male'],0,0,3,4,3,Dry,Straight,Level,Lowest,No
20714,29,Missouri,290934,1,1,1,0,1,COLUMBIA,December,30,Saturday,18,26,Urban,Medium Speed (Collector),No,38.95167222,-92.336525,Non-Intersection,Dark - Lighted,Clear,6:00pm-6:59pm,30,6:00pm-6:59pm,30,Not Applicable (Not Transported),Not Applicable (Not Transported),1,Dark - Lighted,Clear,0,1,[],[],0,0,Valid,0.0,2.0,26.0,26.0,['Male'],1,0,2,3,4,Dry,Straight,Grade/Hillcrest,Lowest,No
20715,29,Missouri,290935,0,1,1,0,3,NOT APPLICABLE,June,20,Tuesday,12,27,Rural,Low Speed (Local),No,38.22855556,-92.72891667,Non-Intersection,Daylight,Clear,12:00pm-12:59pm,45,1:00pm-1:59pm,6,1:00pm-1:59pm,46,1,Daylight,Clear,1,2,['Non_Standard_Risk'],['None_Used'],0,0,Valid,0.0,0.0,19.0,19.0,['Male'],0,0,5,1,1,Dry,Straight,Grade/Hillcrest,Lowest,No
20716,30,Montana,300001,0,1,1,0,1,NOT APPLICABLE,January,1,Sunday,0,0,Rural,Medium Speed (Collector),No,45.75513889,-108.65892222,Complex/Circle,Dark - Lighted,Clear,0:00am-0:59am,2,0:00am-0:59am,9,0:00am-0:59am,34,1,Dark - Lighted,Clear,1,0,['Driver'],['None_Used'],1,1,Invalid,0.0,0.0,23.0,23.0,['Female'],1,0,3,4,3,Dry,Straight,Level,Lowest,No
20717,30,Montana,300002,0,1,1,0,1,NOT APPLICABLE,January,22,Sunday,20,55,Rural,High Speed (Arterial),Yes,45.19170833,-112.67190833,Non-Intersection,Dark - Not Lighted,Cloudy,8:00pm-8:59pm,46,8:00pm-8:59pm,59,Not Applicable (Not Transported),Not Applicable (Not Transported),1,Dark - Unlighted,Reduced Visibility,1,0,['Driver'],['None_Used'],1,1,Valid,0.0,1.0,44.0,44.0,['Male'],0,0,3,4,3,Dry,Curve,Level,Lowest,No
20718,30,Montana,300003,0,2,2,0,3,NOT APPLICABLE,January,22,Sunday,19,45,Rural,High Speed (Arterial),Yes,46.8033,-114.09748333,Non-Intersection,Dark - Not Lighted,Snow,7:00pm-7:59pm,46,7:00pm-7:59pm,53,8:00pm-8:59pm,23,1,Dark - Unlighted,Snow/Ice/Severe,1,2,['Front_Passenger'],['Shoulder_Lapbelt'],0,0,Valid,0.0,0.0,31.0,19.0,"['Male', 'Male']",2,0,3,4,5,Icy/Snowy,Curve,Grade/Hillcrest,Lowest,No
20719,30,Montana,300004,0,1,1,0,2,NOT APPLICABLE,February,3,Friday,13,30,Rural,High Speed (Arterial),Yes,46.71581944,-113.30515833,Non-Intersection,Daylight,Cloudy,1:00pm-1:59pm,38,1:00pm-1:59pm,58,3:00pm-3:59pm,59,1,Daylight,Reduced Visibility,1,1,['Front_Passenger'],['None_Used'],0,0,Valid,0.0,0.0,58.0,58.0,['Male'],2,0,3,4,3,Icy/Snowy,Curve,Level,Lowest,No
20720,30,Montana,300005,0,1,1,0,2,BOZEMAN,January,20,Friday,2,26,Urban,High Speed (Arterial),Yes,45.68002778,-111.0123,Non-Intersection,Dark - Not Lighted,Snow,3:00am-3:59am,22,3:00am-3:59am,40,Not Applicable (Not Transported),Not Applicable (Not Transported),2,Dark - Unlighted,Snow/Ice/Severe,2,0,"['Driver', 'Front_Passenger']","['None_Used', 'None_Used']",0,0,Valid,0.0,0.0,36.0,36.0,['Male'],2,0,4,4,3,Icy/Snowy,Straight,Grade/Hillcrest,Lowest,No
20721,30,Montana,300006,0,3,3,0,4,NOT APPLICABLE,January,12,Thursday,16,8,Rural,Medium Speed (Collector),No,45.00574722,-111.64828056,Non-Intersection,Daylight,Cloudy,4:00pm-4:59pm,10,4:00pm-4:59pm,31,6:00pm-6:59pm,32,1,Daylight,Reduced Visibility,1,3,['Driver'],['Shoulder_Lapbelt'],0,0,Valid,0.0,1.0,84.0,28.0,"['Male', 'Male', 'Male']",1,0,4,4,5,Icy/Snowy,Straight,Grade/Hillcrest,Lowest,No
20722,30,Montana,300007,0,2,2,0,3,NOT APPLICABLE,February,6,Monday,19,0,Rural,Medium Speed (Collector),No,47.29074722,-114.2532,Non-Intersection,Dark - Not Lighted,Cloudy,7:00pm-7:59pm,3,7:00pm-7:59pm,26,8:00pm-8:59pm,23,1,Dark - Unlighted,Reduced Visibility,1,2,['Driver'],['Shoulder_Lapbelt'],0,0,Valid,0.0,0.0,33.0,17.0,"['Female', 'Male']",1,0,3,4,5,Dry,Straight,Level,Lowest,Yes
20723,30,Montana,300008,0,2,2,0,2,NOT APPLICABLE,January,10,Tuesday,17,11,Rural,Medium Speed (Collector),No,45.93139167,-108.38422222,Non-Intersection,Dark - Not Lighted,Clear,5:00pm-5:59pm,12,5:00pm-5:59pm,12,6:00pm-6:59pm,2,1,Dark - Unlighted,Clear,1,1,['Driver'],['None_Used'],0,0,Invalid,0.0,0.0,79.0,57.0,"['Male', 'Male']",0,0,3,4,5,Dry,Straight,Grade/Hillcrest,Lowest,No
20724,30,Montana,300009,0,1,1,0,2,NOT APPLICABLE,January,18,Wednesday,14,5,Rural,Low Speed (Local),No,47.44561389,-111.19549444,Non-Intersection,Daylight,Clear,2:00pm-2:59pm,14,2:00pm-2:59pm,27,3:00pm-3:59pm,6,1,Daylight,Clear,1,1,['Driver'],['None_Used'],1,1,Invalid,0.0,0.0,34.0,34.0,['Female'],2,0,3,4,3,Dry,Curve,Grade/Hillcrest,Lowest,No
20725,30,Montana,300010,0,2,2,0,3,NOT APPLICABLE,February,22,Wednesday,8,23,Rural,High Speed (Arterial),Yes,46.86974722,-109.76575556,Non-Intersection,Daylight,Snow,8:00am-8:59am,30,8:00am-8:59am,48,9:00am-9:59am,40,1,Daylight,Snow/Ice/Severe,1,2,['Driver'],['Shoulder_Lapbelt'],0,0,Valid,0.0,2.0,48.0,46.0,"['Male', 'Male']",0,0,4,4,5,Icy/Snowy,Straight,Level,Lowest,No
20726,30,Montana,300011,0,1,1,0,1,NOT APPLICABLE,February,13,Monday,17,25,Rural,Low Speed (Local),No,45.40957222,-110.67979167,Non-Intersection,Daylight,Clear,5:00pm-5:59pm,33,5:00pm-5:59pm,46,Not Applicable (Not Transported),Not Applicable (Not Transported),1,Daylight,Clear,1,0,['Driver'],['None_Used'],1,1,Valid,0.0,1.0,38.0,38.0,['Male'],0,0,3,4,3,Dry,Curve,Level,Lowest,No
20727,30,Montana,300012,0,1,1,0,2,NOT APPLICABLE,March,9,Thursday,8,45,Rural,Medium Speed (Collector),No,45.46401111,-108.81955556,Non-Intersection,Daylight,Clear,9:00am-9:59am,11,9:00am-9:59am,43,11:00am-11:59am,19,1,Daylight,Clear,1,1,['Front_Passenger'],['None_Used'],1,1,Invalid,0.0,0.0,32.0,32.0,['Female'],2,0,3,4,3,Icy/Snowy,Curve,Level,Lowest,No
20728,30,Montana,300013,0,1,1,0,1,NOT APPLICABLE,February,19,Sunday,5,13,Urban,High Speed (Arterial),Yes,45.67989722,-108.71501944,Non-Intersection,Dawn,Blowing Snow,5:00am-5:59am,16,5:00am-5:59am,27,Not Applicable (Not Transported),Not Applicable (Not Transported),1,Twilight,Snow/Ice/Severe,1,0,['Driver'],['None_Used'],0,0,Valid,0.0,0.0,45.0,45.0,['Female'],1,0,3,4,3,Icy/Snowy,Straight,Level,Lowest,No
20729,30,Montana,300014,0,1,1,0,1,BILLINGS,February,17,Friday,1,6,Urban,Medium Speed (Collector),No,45.784175,-108.65289444,Simple Junction,Dark - Lighted,Clear,0:00am-0:59am,52,0:00am-0:59am,57,Not Applicable (Not Transported),Not Applicable (Not Transported),1,Dark - Lighted,Clear,1,0,['Driver'],['Shoulder_Lapbelt'],1,1,Valid,0.0,0.0,19.0,19.0,['Male'],1,0,2,4,3,Dry,Straight,Level,Lowest,No
20730,30,Montana,300015,0,2,2,0,2,NOT APPLICABLE,March,12,Sunday,5,59,Rural,High Speed (Arterial),Yes,45.87657222,-112.08071667,Non-Intersection,Dark - Not Lighted,Cloudy,5:00am-5:59am,59,6:00am-6:59am,12,Not Applicable (Not Transported),Not Applicable (Not Transported),1,Dark - Unlighted,Reduced Visibility,1,1,['Driver'],['None_Used'],1,1,Valid,0.0,1.0,53.0,21.0,"['Male', 'Male']",0,0,4,4,5,Dry,Straight,Grade/Hillcrest,Lowest,No
20731,30,Montana,300016,0,2,2,0,2,NOT APPLICABLE,March,31,Friday,7,15,Rural,High Speed (Arterial),Yes,46.92418056,-112.86305278,Non-Intersection,Dawn,Cloudy,7:00am-7:59am,42,8:00am-8:59am,9,10:00am-10:59am,5,1,Twilight,Reduced Visibility,1,1,['Driver'],['Shoulder_Lapbelt'],0,0,Invalid,0.0,2.0,58.0,44.0,"['Female', 'Male']",0,0,4,4,5,Dry,Curve,Grade/Hillcrest,Lowest,No
20732,30,Montana,300017,0,1,1,0,1,NOT APPLICABLE,April,3,Monday,23,40,Rural,High Speed (Arterial),Yes,45.36059444,-108.92329167,Non-Intersection,Dark - Not Lighted,Cloudy,10:00am-10:59am,45,Unknown EMS Scene Arrival Hour,Officially Cancelled,Unknown,Officially Canceled,1,Dark - Unlighted,Reduced Visibility,1,0,['Driver'],['None_Used'],1,1,Valid,0.0,0.0,45.0,45.0,['Male'],1,0,3,4,3,Dry,Curve,Level,Lowest,No
20733,30,Montana,300018,0,1,1,0,1,NOT APPLICABLE,April,20,Thursday,23,46,Rural,Medium Speed (Collector),No,46.37604167,-113.3129,Non-Intersection,Dark - Not Lighted,Clear,11:00pm-11:59pm,56,0:00am-0:59am,12,Not Applicable (Not Transported),Not Applicable (Not Transported),1,Dark - Unlighted,Clear,1,0,['Driver'],['None_Used'],1,1,Valid,0.0,0.0,74.0,74.0,['Male'],0,0,3,4,3,Dry,Straight,Level,Lowest,No
20734,30,Montana,300019,0,2,2,0,5,NOT APPLICABLE,January,27,Friday,20,55,Rural,High Speed (Arterial),Yes,48.09669167,-114.54976944,Non-Intersection,Dark - Not Lighted,Snow,9:00pm-9:59pm,1,9:00pm-9:59pm,10,9:00pm-9:59pm,39,1,Dark - Unlighted,Snow/Ice/Severe,1,4,['Front_Passenger'],['Shoulder_Lapbelt'],0,0,Valid,0.0,2.0,65.0,34.0,"['Male', 'Male']",2,0,3,4,5,Icy/Snowy,Straight,Grade/Hillcrest,Lowest,No
20735,30,Montana,300020,0,4,4,0,4,NOT APPLICABLE,January,7,Saturday,13,26,Rural,High Speed (Arterial),Yes,45.60284167,-111.19613056,Simple Junction,Daylight,Clear,1:00pm-1:59pm,29,1:00pm-1:59pm,41,2:00pm-2:59pm,24,1,Daylight,Clear,1,3,['Driver'],['None_Used'],1,2,Valid,0.0,1.0,62.0,23.0,"['Male', 'Male', 'Male', 'Female']",0,0,3,4,5,Dry,Straight,Level,Lowest,No
20736,30,Montana,300021,0,1,1,0,1,NOT APPLICABLE,March,6,Monday,4,30,Rural,High Speed (Arterial),Yes,47.54495556,-114.11213611,Non-Intersection,Dark - Not Lighted,Cloudy,6:00am-6:59am,54,7:00am-7:59am,0,Not Applicable (Not Transported),Not Applicable (Not Transported),1,Dark - Unlighted,Reduced Visibility,1,0,['Driver'],['None_Used'],1,1,Valid,0.0,1.0,21.0,21.0,['Male'],0,0,3,4,2,Dry,Curve,Level,Lowest,No
20737,30,Montana,300022,0,1,1,0,1,NOT APPLICABLE,March,9,Thursday,7,0,Rural,High Speed (Arterial),Yes,47.870425,-114.26926944,Non-Intersection,Daylight,Cloudy,7:00am-7:59am,9,7:00am-7:59am,15,8:00am-8:59am,7,1,Daylight,Reduced Visibility,1,0,['Driver'],['None_Used'],0,0,Valid,0.0,1.0,16.0,16.0,['Male'],0,0,3,4,3,Dry,Straight,Level,Lowest,Yes
20738,30,Montana,300023,0,2,2,0,3,NOT APPLICABLE,April,2,Sunday,9,43,Rural,High Speed (Arterial),Yes,46.17773889,-114.18205278,Non-Intersection,Daylight,Cloudy,9:00am-9:59am,45,9:00am-9:59am,54,11:00am-11:59am,18,1,Daylight,Reduced Visibility,1,2,['Front_Passenger'],['Shoulder_Lapbelt'],0,0,Valid,0.0,0.0,71.0,67.0,"['Male', 'Male']",1,0,3,4,5,Icy/Snowy,Straight,Grade/Hillcrest,Lowest,No
20739,30,Montana,300024,0,2,2,0,3,NOT APPLICABLE,March,17,Friday,17,49,Rural,High Speed (Arterial),Yes,45.14556389,-107.37349444,Non-Intersection,Daylight,Cloudy,5:00pm-5:59pm,54,6:00pm-6:59pm,10,6:00pm-6:59pm,45,1,Daylight,Reduced Visibility,1,2,['Driver'],['Shoulder_Lapbelt'],0,0,Valid,0.0,0.0,36.0,31.0,"['Male', 'Male']",2,0,4,4,5,Dry,Curve,Grade/Hillcrest,Lowest,No
20740,30,Montana,300025,0,1,1,0,3,NOT APPLICABLE,May,5,Friday,15,30,Rural,Low Speed (Local),No,45.42794722,-108.54303611,Non-Intersection,Daylight,Rain,2:00pm-2:59pm,38,3:00pm-3:59pm,30,5:00pm-5:59pm,0,1,Daylight,Rain/Wind/Minor,1,2,['Driver'],['None_Used'],1,1,Invalid,0.0,0.0,31.0,31.0,['Male'],3,0,3,4,3,Wet/Standing Water,Curve,Level,Lowest,Yes
20741,30,Montana,300026,1,1,1,0,2,NOT APPLICABLE,April,13,Thursday,22,3,Urban,High Speed (Arterial),Yes,46.93567778,-114.1182,Non-Intersection,Dark - Not Lighted,Clear,10:00pm-10:59pm,6,10:00pm-10:59pm,9,Not Applicable (Not Transported),Not Applicable (Not Transported),1,Dark - Unlighted,Clear,0,2,[],[],0,0,Invalid,0.0,0.0,33.0,33.0,['Female'],0,0,3,3,4,Dry,Curve,Grade/Hillcrest,Lowest,No
20742,30,Montana,300027,0,1,1,0,5,NOT APPLICABLE,April,17,Monday,18,15,Rural,High Speed (Arterial),Yes,46.23815278,-108.461425,Non-Intersection,Daylight,Clear,6:00pm-6:59pm,34,6:00pm-6:59pm,49,7:00pm-7:59pm,31,2,Daylight,Clear,2,3,"['Driver', 'Front_Passenger']","['Shoulder_Lapbelt', 'None_Used']",1,1,Valid,0.0,2.0,43.0,43.0,['Male'],0,0,3,4,3,Dry,Curve,Grade/Hillcrest,Lowest,Yes
20743,30,Montana,300028,0,1,1,0,1,NOT APPLICABLE,May,15,Monday,12,22,Rural,High Speed (Arterial),Yes,46.31083889,-112.07903333,Non-Intersection,Daylight,Clear,12:00pm-12:59pm,26,12:00pm-12:59pm,36,1:00pm-1:59pm,54,1,Daylight,Clear,1,0,['Driver'],['None_Used'],0,0,Valid,0.0,0.0,60.0,60.0,['Female'],0,0,3,4,3,Dry,Curve,Grade/Hillcrest,Lowest,No
20744,30,Montana,300029,1,1,1,0,3,NOT APPLICABLE,March,31,Friday,3,0,Rural,High Speed (Arterial),Yes,47.19453056,-114.10381667,Non-Intersection,Dark - Not Lighted,Cloudy,4:00am-4:59am,19,4:00am-4:59am,37,Not Applicable (Not Transported),Not Applicable (Not Transported),1,Dark - Unlighted,Reduced Visibility,0,3,[],[],0,0,Invalid,0.0,0.0,28.0,28.0,['Female'],0,0,3,3,4,Wet/Standing Water,Straight,Level,Lowest,No
20745,30,Montana,300030,0,1,1,0,1,NOT APPLICABLE,March,24,Friday,22,15,Rural,Medium Speed (Collector),No,48.06059167,-113.97457222,Non-Intersection,Dark - Not Lighted,Cloudy,8:00pm-8:59pm,13,8:00pm-8:59pm,22,Not Applicable (Not Transported),Not Applicable (Not Transported),1,Dark - Unlighted,Reduced Visibility,1,0,['Driver'],['Shoulder_Lapbelt'],1,1,Valid,0.0,0.0,66.0,66.0,['Female'],0,0,2,4,3,Dry,Straight,Level,Lowest,No
20746,30,Montana,300031,1,1,1,0,1,NOT APPLICABLE,March,11,Saturday,2,0,Urban,High Speed (Arterial),Yes,48.37073889,-114.23902778,Non-Intersection,Dark - Lighted,Snow,2:00am-2:59am,10,2:00am-2:59am,13,Not Applicable (Not Transported),Not Applicable (Not Transported),1,Dark - Lighted,Snow/Ice/Severe,0,1,[],[],1,1,Valid,0.0,0.0,60.0,60.0,['Male'],0,0,3,3,4,Icy/Snowy,Straight,Level,Lowest,No
20747,30,Montana,300032,0,1,1,0,1,SEELEY LAKE,May,6,Saturday,3,5,Rural,Low Speed (Local),No,47.17705833,-113.46569722,Non-Intersection,Dark - Not Lighted,Rain,3:00am-3:59am,12,3:00am-3:59am,20,Not Applicable (Not Transported),Not Applicable (Not Transported),1,Dark - Unlighted,Rain/Wind/Minor,1,0,['Driver'],['None_Used'],1,1,Invalid,1.0,1.0,36.0,36.0,['Male'],0,0,3,4,3,Wet/Standing Water,Curve,Grade/Hillcrest,Lowest,No
20748,30,Montana,300033,0,1,1,0,3,NOT APPLICABLE,June,11,Sunday,9,0,Rural,High Speed (Arterial),Yes,44.88826111,-112.81850278,Non-Intersection,Daylight,Clear,9:00am-9:59am,2,9:00am-9:59am,28,10:00am-10:59am,28,2,Daylight,Clear,2,1,"['Driver', 'Front_Passenger']","['Shoulder_Lapbelt', 'Lapbelt_Only']",0,0,Valid,0.0,1.0,66.0,66.0,['Female'],0,0,2,4,3,Dry,Straight,Level,Medium,No
20749,30,Montana,300034,0,1,1,0,1,NOT APPLICABLE,March,31,Friday,6,10,Rural,High Speed (Arterial),Yes,48.33257222,-114.24130833,Non-Intersection,Dawn,Clear,6:00am-6:59am,16,6:00am-6:59am,28,Not Applicable (Not Transported),Not Applicable (Not Transported),1,Twilight,Clear,1,0,['Driver'],['Shoulder_Lapbelt'],1,1,Valid,0.0,0.0,50.0,50.0,['Male'],0,0,3,4,2,Dry,Straight,Level,Lowest,No
20750,30,Montana,300035,0,1,1,0,1,NOT APPLICABLE,May,31,Wednesday,20,28,Rural,High Speed (Arterial),Yes,47.02968056,-112.4541,Non-Intersection,Daylight,Clear,8:00pm-8:59pm,26,8:00pm-8:59pm,34,Not Applicable (Not Transported),Not Applicable (Not Transported),1,Daylight,Clear,1,0,['Driver'],['Shoulder_Lapbelt'],1,1,Invalid,0.0,0.0,55.0,55.0,['Male'],0,0,3,4,3,Dry,Straight,Level,Lowest,No
20751,30,Montana,300036,0,1,1,0,1,NOT APPLICABLE,June,6,Tuesday,15,55,Rural,High Speed (Arterial),Yes,46.935875,-112.8496,Non-Intersection,Daylight,Clear,4:00pm-4:59pm,8,4:00pm-4:59pm,22,Not Applicable (Not Transported),Not Applicable (Not Transported),1,Daylight,Clear,1,0,['Driver'],['None_Used'],1,1,Valid,0.0,0.0,54.0,54.0,['Male'],0,0,3,4,3,Dry,Straight,Level,Lowest,No
20752,30,Montana,300037,0,1,1,0,2,LAME DEER,May,5,Friday,20,23,Rural,High Speed (Arterial),Yes,45.62345833,-106.66583056,Non-Intersection,Dusk,Rain,8:00pm-8:59pm,28,8:00pm-8:59pm,30,8:00pm-8:59pm,45,1,Twilight,Rain/Wind/Minor,1,0,['Front_Passenger'],['None_Used'],1,1,Invalid,0.0,0.0,45.0,45.0,['Female'],2,0,3,4,3,Wet/Standing Water,Curve,Level,Lowest,Yes
20753,30,Montana,300038,0,1,1,0,2,NOT APPLICABLE,May,14,Sunday,22,0,Urban,Low Speed (Local),No,46.89683056,-114.01402222,Non-Intersection,Dark - Not Lighted,Clear,10:00pm-10:59pm,5,10:00pm-10:59pm,17,10:00pm-10:59pm,27,1,Dark - Unlighted,Clear,1,1,['Driver'],['None_Used'],1,1,Valid,0.0,0.0,49.0,49.0,['Male'],2,0,3,4,3,Dry,Curve,Grade/Hillcrest,Lowest,No