,State_Code,State_Name,Crash_ID,Count_Non_Motorists,Count_Vehicles_Total,Count_Vehicle_Forms,Count_PVH_Involved,Count_Occupants_MV,City_Name,Month_Name,Day_of_Month,Day_of_Week,Crash_Hour,Crash_Minute,Area_Rural_Urban,Road_Functional_Class,On_NHS_Road,Latitude,Longitude,Intersection_Type,Light_Condition,Weather_Condition,Notif_Hour,Notif_Minute,Arrival_Hour,Arrival_Minute,Hospital_Hour,Hospital_Minute,Fatalities_Count,Clean_Light_Condition,Clean_Weather_Condition,Total_Killed,Total_Alive,Fatal_Seats_List,Killed_Restraint_List,Any_Driver_Drinking,Total_Drinking_Drivers,Driver_License_Category,Driver_Max_Prev_Accident_Count,Driver_Max_Prev_Speeding_Count,Max_Driver_Age,Min_Driver_Age,Driver_Sex_List,Total_Exceeding_Limit_Vehicles,Total_Too_Fast_Vehicles,Max_Vehicle_Type_Severity_5,Max_Vehicle_Damage_Rank,Max_Harmful_Event_Severity,Crash_Road_Surface_Condition,Crash_Horizontal_Alignment,Crash_Vertical_Profile,Crash_Impairment_Category,Crash_Vehicle_Defect
20754,30,Montana,300039,0,1,1,0,1,NOT APPLICABLE,May,3,Wednesday,0,45,Rural,High Speed (Arterial),Yes,47.41548056,-114.0968,Non-Intersection,Dark - Not Lighted,Cloudy,5:00am-5:59am,35,5:00am-5:59am,48,Not Applicable (Not Transported),Not Applicable (Not Transported),1,Dark - Unlighted,Reduced Visibility,1,0,['Driver'],['None_Used'],0,0,Valid,0.0,0.0,59.0,59.0,['Male'],0,0,5,4,1,Dry,Straight,Grade/Hillcrest,Lowest,No
20755,30,Montana,300040,0,2,2,0,4,NOT APPLICABLE,May,19,Friday,16,15,Urban,Medium Speed (Collector),No,46.89370833,-114.10774722,Simple Junction,Daylight,Clear,4:00pm-4:59pm,22,4:00pm-4:59pm,30,4:00pm-4:59pm,42,1,Daylight,Clear,1,3,['Driver'],['None_Used'],0,0,Valid,0.0,0.0,41.0,34.0,"['Female', 'Male']",2,0,3,4,5,Dry,Straight,Level,Lowest,No
20756,30,Montana,300041,0,2,2,0,2,NOT APPLICABLE,May,30,Tuesday,13,12,Rural,High Speed (Arterial),Yes,46.31520833,-114.15542222,Non-Intersection,Daylight,Clear,1:00pm-1:59pm,16,1:00pm-1:59pm,22,Not Applicable (Not Transported),Not Applicable (Not Transported),1,Daylight,Clear,1,1,['Driver'],['None_Used'],0,0,Valid,0.0,2.0,76.0,38.0,"['Male', 'Male']",1,0,5,4,5,Dry,Straight,Level,Lowest,Yes
20757,30,Montana,300042,0,1,1,0,1,NOT APPLICABLE,June,4,Sunday,18,6,Rural,High Speed (Arterial),Yes,46.790225,-114.10286111,Non-Intersection,Daylight,Clear,6:00pm-6:59pm,8,6:00pm-6:59pm,16,6:00pm-6:59pm,37,1,Daylight,Clear,1,0,['Driver'],['None_Used'],0,0,Valid,0.0,0.0,24.0,24.0,['Male'],1,0,5,4,3,Dry,Curve,Grade/Hillcrest,Lowest,No
20758,30,Montana,300043,0,1,1,0,1,NOT APPLICABLE,May,24,Wednesday,21,5,Rural,Medium Speed (Collector),No,45.94249167,-108.15147222,Non-Intersection,Dark - Not Lighted,Clear,9:00pm-9:59pm,23,9:00pm-9:59pm,27,10:00pm-10:59pm,40,1,Dark - Unlighted,Clear,1,0,['Driver'],['None_Used'],1,1,Valid,0.0,0.0,32.0,32.0,['Female'],0,0,3,4,3,Dry,Curve,Grade/Hillcrest,Lowest,No
20759,30,Montana,300044,0,1,1,0,1,NOT APPLICABLE,June,3,Saturday,16,20,Rural,High Speed (Arterial),Yes,48.031475,-114.91597222,Non-Intersection,Daylight,Cloudy,4:00pm-4:59pm,37,4:00pm-4:59pm,42,Not Applicable (Not Transported),Not Applicable (Not Transported),1,Daylight,Reduced Visibility,1,0,['Driver'],['Shoulder_Lapbelt'],0,0,Valid,0.0,0.0,17.0,17.0,['Female'],0,0,2,4,3,Dry,Curve,Grade/Hillcrest,Lowest,No
20760,30,Montana,300045,0,1,1,0,1,NOT APPLICABLE,June,2,Friday,5,30,Rural,Medium Speed (Collector),No,48.39283333,-112.59735556,Non-Intersection,Dark - Not Lighted,Clear,5:00am-5:59am,59,6:00am-6:59am,16,Not Applicable (Not Transported),Not Applicable (Not Transported),1,Dark - Unlighted,Clear,1,0,['Driver'],['None_Used'],1,1,Invalid,0.0,0.0,21.0,21.0,['Male'],1,0,3,4,3,Dry,Curve,Grade/Hillcrest,Lowest,No
20761,30,Montana,300046,0,2,2,0,2,NOT APPLICABLE,April,7,Friday,16,40,Rural,High Speed (Arterial),Yes,46.443425,-114.13543611,Complex/Circle,Daylight,Clear,4:00pm-4:59pm,43,4:00pm-4:59pm,49,5:00pm-5:59pm,45,1,Daylight,Clear,1,1,['Driver'],['None_Used'],0,0,Valid,0.0,0.0,76.0,27.0,"['Male', 'Female']",1,0,3,4,5,Dry,Straight,Level,Lowest,No
20762,30,Montana,300047,0,1,1,0,2,NOT APPLICABLE,June,26,Monday,3,0,Rural,High Speed (Arterial),Yes,45.33806944,-105.20983056,Non-Intersection,Dark - Not Lighted,Clear,3:00am-3:59am,41,4:00am-4:59am,6,6:00am-6:59am,18,1,Dark - Unlighted,Clear,1,1,['Driver'],['None_Used'],1,1,Invalid,0.0,0.0,19.0,19.0,['Male'],0,0,3,4,3,Dry,Straight,Grade/Hillcrest,Medium,No
20763,30,Montana,300048,0,1,1,0,2,NOT APPLICABLE,June,21,Wednesday,22,40,Rural,Medium Speed (Collector),No,46.34545556,-114.06154167,Simple Junction,Dark - Not Lighted,Clear,10:00pm-10:59pm,45,11:00pm-11:59pm,4,0:00am-0:59am,16,1,Dark - Unlighted,Clear,1,1,['Driver'],['Shoulder_Lapbelt'],0,0,Valid,0.0,0.0,16.0,16.0,['Male'],2,0,2,4,3,Dry,Curve,Level,Lowest,No
20764,30,Montana,300049,0,1,1,0,1,NOT APPLICABLE,May,19,Friday,12,15,Rural,High Speed (Arterial),Yes,45.83019444,-109.89412222,Non-Intersection,Daylight,"Fog, Smog, Smoke",12:00pm-12:59pm,24,12:00pm-12:59pm,29,Not Applicable (Not Transported),Not Applicable (Not Transported),1,Daylight,Reduced Visibility,1,0,['Driver'],['Shoulder_Lapbelt'],0,0,Valid,0.0,0.0,21.0,21.0,['Female'],0,0,3,4,3,Dry,Straight,Level,Lowest,No
20765,30,Montana,300050,0,3,3,0,7,NOT APPLICABLE,May,16,Tuesday,18,16,Rural,High Speed (Arterial),Yes,45.52756667,-111.24279444,Non-Intersection,Daylight,Rain,8:00pm-8:59pm,13,8:00pm-8:59pm,22,9:00pm-9:59pm,22,1,Daylight,Rain/Wind/Minor,1,6,['Rear_Seat'],['None_Used'],0,0,Invalid,0.0,0.0,69.0,30.0,"['Female', 'Male', 'Male']",5,0,4,4,5,Wet/Standing Water,Straight,Level,Lowest,Yes
20766,30,Montana,300051,1,1,1,0,1,ULM,May,13,Saturday,13,3,Rural,Low Speed (Local),No,47.42540833,-111.51651944,Non-Intersection,Daylight,Cloudy,1:00pm-1:59pm,6,1:00pm-1:59pm,15,2:00pm-2:59pm,0,1,Daylight,Reduced Visibility,0,1,[],[],0,0,Valid,0.0,0.0,22.0,22.0,['Male'],0,0,2,2,4,Dry,Straight,Level,Lowest,No
20767,30,Montana,300052,1,1,1,0,1,NOT APPLICABLE,February,16,Thursday,8,0,Rural,Low Speed (Local),No,47.55103889,-111.50634444,Non-Intersection,Daylight,Cloudy,8:00am-8:59am,4,8:00am-8:59am,9,Not Applicable (Not Transported),Not Applicable (Not Transported),1,Daylight,Reduced Visibility,0,1,[],[],0,0,Valid,0.0,0.0,26.0,26.0,['Male'],0,0,3,2,4,Dry,Straight,Level,Lowest,No
20768,30,Montana,300053,0,1,1,0,1,NOT APPLICABLE,June,15,Thursday,11,56,Rural,Medium Speed (Collector),No,48.79943611,-105.4657,Non-Intersection,Daylight,Clear,12:00pm-12:59pm,5,12:00pm-12:59pm,11,12:00pm-12:59pm,23,1,Daylight,Clear,1,0,['Driver'],['None_Used'],0,0,Valid,0.0,0.0,58.0,58.0,['Female'],0,0,3,4,3,Dry,Curve,Grade/Hillcrest,Medium,No
20769,30,Montana,300054,0,1,1,0,1,NOT APPLICABLE,June,16,Friday,2,0,Rural,Medium Speed (Collector),No,46.27446111,-111.36777222,Non-Intersection,Dark - Not Lighted,Clear,7:00am-7:59am,20,7:00am-7:59am,24,Not Applicable (Not Transported),Not Applicable (Not Transported),1,Dark - Unlighted,Clear,1,0,['Driver'],['None_Used'],1,1,Valid,0.0,0.0,37.0,37.0,['Male'],1,0,3,4,3,Dry,Curve,Grade/Hillcrest,Lowest,No
20770,30,Montana,300055,0,2,2,0,6,NOT APPLICABLE,May,19,Friday,17,26,Rural,Medium Speed (Collector),No,48.27941944,-115.84259444,Non-Intersection,Daylight,Clear,5:00pm-5:59pm,37,6:00pm-6:59pm,5,6:00pm-6:59pm,8,1,Daylight,Clear,1,5,['Front_Passenger'],['None_Used'],0,0,Valid,0.0,0.0,77.0,31.0,"['Male', 'Male']",0,0,3,4,5,Dry,Curve,Grade/Hillcrest,Lowest,No
20771,30,Montana,300056,0,1,1,0,1,NOT APPLICABLE,May,20,Saturday,19,40,Rural,High Speed (Arterial),Yes,45.38478611,-111.19379444,Non-Intersection,Dusk,Clear,7:00pm-7:59pm,43,8:00pm-8:59pm,0,Unknown,Terminated Transport,1,Twilight,Clear,1,0,['Driver'],['None_Used'],1,1,Valid,1.0,0.0,27.0,27.0,['Male'],1,0,5,4,2,Dry,Curve,Level,Lowest,No
20772,30,Montana,300057,0,6,6,0,9,NOT APPLICABLE,June,5,Monday,15,55,Rural,High Speed (Arterial),Yes,48.43774444,-114.04168056,Simple Junction,Daylight,Clear,3:00pm-3:59pm,57,4:00pm-4:59pm,3,Unknown,Unknown EMS Hospital Arrival Time,2,Daylight,Clear,2,7,"['Driver', 'Driver']","['Shoulder_Lapbelt', 'None_Used']",0,0,Valid,2.0,2.0,77.0,27.0,"['Male', 'Male', 'Male', 'Male', 'Female', 'Female']",0,0,4,4,5,Dry,Curve,Grade/Hillcrest,Lowest,No
20773,30,Montana,300058,0,3,3,0,5,NOT APPLICABLE,June,16,Friday,14,45,Rural,High Speed (Arterial),Yes,48.04122778,-114.87454722,Simple Junction,Daylight,Clear,2:00pm-2:59pm,45,3:00pm-3:59pm,2,3:00pm-3:59pm,31,1,Daylight,Clear,1,4,['Driver'],['Shoulder_Lapbelt'],0,0,Valid,0.0,1.0,77.0,61.0,"['Male', 'Male', 'Male']",0,0,3,4,5,Dry,Straight,Grade/Hillcrest,Lowest,No
20774,30,Montana,300059,0,2,2,0,2,POLSON,June,19,Monday,16,53,Rural,High Speed (Arterial),Yes,47.68156389,-114.12070278,Complex/Circle,Daylight,Cloudy,4:00pm-4:59pm,55,4:00pm-4:59pm,58,5:00pm-5:59pm,21,1,Daylight,Reduced Visibility,1,1,['Driver'],['Shoulder_Lapbelt'],0,0,Valid,0.0,0.0,92.0,20.0,"['Female', 'Male']",0,0,2,4,5,Dry,Straight,Level,Lowest,No
20775,30,Montana,300060,0,1,1,0,1,NOT APPLICABLE,June,21,Wednesday,9,25,Rural,High Speed (Arterial),Yes,45.656875,-109.28180556,Non-Intersection,Daylight,Cloudy,9:00am-9:59am,26,9:00am-9:59am,30,Not Applicable (Not Transported),Not Applicable (Not Transported),1,Daylight,Reduced Visibility,1,0,['Driver'],['Shoulder_Lapbelt'],0,0,Valid,0.0,0.0,74.0,74.0,['Male'],0,0,3,4,3,Dry,Straight,Grade/Hillcrest,Lowest,No
20776,30,Montana,300061,0,1,1,0,2,NOT APPLICABLE,June,23,Friday,14,0,Rural,High Speed (Arterial),Yes,45.11794722,-111.226625,Non-Intersection,Daylight,Clear,2:00pm-2:59pm,4,2:00pm-2:59pm,20,4:00pm-4:59pm,3,1,Daylight,Clear,1,1,['Front_Passenger'],['Shoulder_Lapbelt'],0,0,Valid,0.0,0.0,64.0,64.0,['Male'],0,0,1,4,3,Dry,Curve,Level,Lowest,No
20777,30,Montana,300062,0,1,1,0,1,NOT APPLICABLE,June,30,Friday,16,25,Rural,Medium Speed (Collector),No,45.70939167,-108.33020833,Non-Intersection,Daylight,Clear,3:00pm-3:59pm,32,4:00pm-4:59pm,22,Not Applicable (Not Transported),Not Applicable (Not Transported),1,Daylight,Clear,1,0,['Driver'],['None_Used'],1,1,Invalid,0.0,0.0,39.0,39.0,['Female'],0,0,3,4,3,Dry,Straight,Level,Lowest,No
20778,30,Montana,300063,0,1,1,0,1,NOT APPLICABLE,July,5,Wednesday,14,8,Rural,Low Speed (Local),No,45.05758333,-109.95533333,Non-Intersection,Daylight,Clear,2:00pm-2:59pm,12,2:00pm-2:59pm,31,Not Applicable (Not Transported),Not Applicable (Not Transported),1,Daylight,Clear,1,0,['Driver'],['None_Used'],0,0,Invalid,0.0,0.0,34.0,34.0,['Male'],0,0,5,4,3,Icy/Snowy,Curve,Level,Lowest,No
20779,30,Montana,300064,0,1,1,0,2,NOT APPLICABLE,July,8,Saturday,14,45,Rural,Medium Speed (Collector),No,45.02748333,-109.89751111,Non-Intersection,Daylight,Clear,2:00pm-2:59pm,52,3:00pm-3:59pm,3,4:00pm-4:59pm,39,1,Daylight,Clear,1,1,['Driver'],['None_Used'],0,0,Valid,0.0,0.0,62.0,62.0,['Male'],0,0,5,4,3,Dry,Curve,Grade/Hillcrest,Lowest,No
20780,30,Montana,300065,0,1,1,0,6,NOT APPLICABLE,July,9,Sunday,23,13,Rural,Low Speed (Local),No,48.09188889,-105.19484444,Non-Intersection,Dark - Not Lighted,Clear,Unknown,Unknown,Unknown EMS Scene Arrival Hour,Unknown EMS Scene Arrival Minutes,Unknown,Unknown EMS Hospital Arrival Time,1,Dark - Unlighted,Clear,1,5,['Non_Standard_Risk'],['None_Used'],0,0,Valid,0.0,0.0,22.0,22.0,['Male'],0,0,3,1,1,Loose/Unpaved,Straight,Level,Lowest,No
20781,30,Montana,300066,0,1,1,0,1,NOT APPLICABLE,July,14,Friday,22,51,Rural,Low Speed (Local),No,45.44448333,-111.71028611,Non-Intersection,Dark - Not Lighted,Clear,10:00pm-10:59pm,56,11:00pm-11:59pm,7,Not Applicable (Not Transported),Not Applicable (Not Transported),1,Dark - Unlighted,Clear,1,0,['Driver'],['None_Used'],0,0,Invalid,0.0,0.0,15.0,15.0,['Male'],1,0,3,4,3,Dry,Curve,Level,Lowest,No
20782,30,Montana,300067,0,3,3,0,5,NOT APPLICABLE,July,15,Saturday,12,0,Rural,Medium Speed (Collector),No,45.03703333,-109.41066111,Non-Intersection,Daylight,Cloudy,12:00pm-12:59pm,13,12:00pm-12:59pm,36,1:00pm-1:59pm,28,1,Daylight,Reduced Visibility,1,4,['Driver'],['None_Used'],0,0,Invalid,0.0,0.0,56.0,51.0,"['Male', 'Male', 'Male']",1,0,5,4,5,Dry,Curve,Grade/Hillcrest,Lowest,No
20783,30,Montana,300068,0,1,1,0,1,NOT APPLICABLE,July,17,Monday,22,28,Rural,Medium Speed (Collector),No,45.63005278,-106.29298611,Non-Intersection,Dark - Not Lighted,Clear,10:00pm-10:59pm,32,10:00pm-10:59pm,53,0:00am-0:59am,7,1,Dark - Unlighted,Clear,1,0,['Driver'],['None_Used'],1,1,Invalid,0.0,0.0,19.0,19.0,['Female'],0,0,3,4,3,Dry,Curve,Level,Lowest,No
20784,30,Montana,300069,0,1,1,0,1,NOT APPLICABLE,July,21,Friday,15,28,Rural,High Speed (Arterial),Yes,46.77613333,-114.38310278,Non-Intersection,Daylight,Clear,3:00pm-3:59pm,30,Unknown EMS Scene Arrival Hour,Officially Cancelled,Unknown,Officially Canceled,1,Daylight,Clear,1,0,['Driver'],['None_Used'],1,1,Invalid,0.0,0.0,50.0,50.0,['Male'],1,0,3,4,3,Dry,Curve,Level,Lowest,No
20785,30,Montana,300070,0,2,2,0,3,NOT APPLICABLE,July,23,Sunday,17,50,Rural,Medium Speed (Collector),No,45.8927,-111.96368056,Non-Intersection,Daylight,Clear,5:00pm-5:59pm,55,6:00pm-6:59pm,6,6:00pm-6:59pm,57,1,Daylight,Clear,1,2,['Driver'],['None_Used'],1,1,Valid,1.0,2.0,67.0,44.0,"['Male', 'Male']",0,0,3,4,5,Dry,Straight,Grade/Hillcrest,Lowest,No
20786,30,Montana,300071,0,1,1,0,1,NOT APPLICABLE,July,31,Monday,15,31,Rural,High Speed (Arterial),Yes,45.90711111,-114.08330833,Non-Intersection,Daylight,Clear,3:00pm-3:59pm,36,3:00pm-3:59pm,48,Not Applicable (Not Transported),Not Applicable (Not Transported),1,Daylight,Clear,1,0,['Driver'],['None_Used'],0,0,Valid,0.0,1.0,47.0,47.0,['Male'],1,0,5,4,2,Dry,Curve,Level,Lowest,No
20787,30,Montana,300072,0,2,2,0,2,NOT APPLICABLE,August,7,Monday,11,45,Rural,Medium Speed (Collector),No,45.47027222,-113.45898333,Simple Junction,Daylight,Cloudy,11:00am-11:59am,50,Unknown EMS Scene Arrival Hour,Officially Cancelled,Unknown,Officially Canceled,1,Daylight,Reduced Visibility,1,1,['Driver'],['None_Used'],0,0,Valid,0.0,0.0,44.0,21.0,"['Male', 'Male']",0,0,5,4,5,Dry,Straight,Level,Lowest,No
20788,30,Montana,300073,0,1,1,0,1,NOT APPLICABLE,August,10,Thursday,18,29,Rural,High Speed (Arterial),Yes,46.37336389,-112.7389,Non-Intersection,Daylight,Clear,6:00pm-6:59pm,37,6:00pm-6:59pm,47,Not Applicable (Not Transported),Not Applicable (Not Transported),1,Daylight,Clear,1,0,['Driver'],['None_Used'],1,1,Valid,0.0,0.0,53.0,53.0,['Male'],1,0,3,4,3,Dry,Curve,Level,Lowest,No
20789,30,Montana,300074,0,1,1,0,1,NOT APPLICABLE,July,9,Sunday,2,48,Rural,High Speed (Arterial),Yes,45.14762778,-107.37222222,Non-Intersection,Dark - Not Lighted,Clear,2:00am-2:59am,58,3:00am-3:59am,19,5:00am-5:59am,55,1,Dark - Unlighted,Clear,1,0,['Driver'],['Shoulder_Lapbelt'],0,0,Valid,0.0,0.0,21.0,21.0,['Male'],0,0,3,4,3,Dry,Curve,Level,Lowest,No
20790,30,Montana,300075,0,2,2,0,2,NOT APPLICABLE,July,6,Thursday,8,45,Rural,High Speed (Arterial),Yes,48.37075,-114.26398611,Non-Intersection,Daylight,Clear,8:00am-8:59am,45,9:00am-9:59am,3,Not Applicable (Not Transported),Not Applicable (Not Transported),1,Daylight,Clear,1,1,['Driver'],['Shoulder_Lapbelt'],0,0,Valid,0.0,1.0,49.0,36.0,"['Male', 'Male']",0,0,4,4,5,Dry,Straight,Level,Lowest,No
20791,30,Montana,300076,0,2,2,0,4,NOT APPLICABLE,June,17,Saturday,19,10,Rural,Medium Speed (Collector),No,45.08400833,-109.02991389,Simple Junction,Daylight,Cloudy,7:00pm-7:59pm,15,7:00pm-7:59pm,19,8:00pm-8:59pm,55,1,Daylight,Reduced Visibility,1,3,['Driver'],['None_Used'],1,2,Valid,0.0,0.0,58.0,47.0,"['Male', 'Male']",0,0,5,4,5,Dry,Curve,Level,Lowest,No
20792,30,Montana,300077,1,1,1,0,1,NOT APPLICABLE,August,1,Tuesday,20,10,Rural,Low Speed (Local),No,45.95641667,-111.09712222,Non-Intersection,Daylight,Cloudy,8:00pm-8:59pm,18,8:00pm-8:59pm,27,8:00pm-8:59pm,37,1,Daylight,Reduced Visibility,0,1,[],[],0,0,Valid,0.0,0.0,30.0,30.0,['Male'],0,0,3,1,4,Dry,Straight,Level,Lowest,No
20793,30,Montana,300078,0,2,2,0,5,NOT APPLICABLE,July,3,Monday,19,0,Rural,High Speed (Arterial),Yes,48.33211111,-114.24091667,Non-Intersection,Daylight,Clear,7:00pm-7:59pm,1,7:00pm-7:59pm,7,7:00pm-7:59pm,28,2,Daylight,Clear,2,3,"['Rear_Seat', 'Driver']","['None_Used', 'Shoulder_Lapbelt']",0,0,Invalid,0.0,0.0,21.0,15.0,"['Male', 'Female']",0,0,3,4,5,Dry,Straight,Level,Lowest,No
20794,30,Montana,300079,0,2,2,0,3,NOT APPLICABLE,August,19,Saturday,12,55,Rural,High Speed (Arterial),Yes,45.72923611,-111.18513333,Complex/Circle,Daylight,Clear,1:00pm-1:59pm,2,1:00pm-1:59pm,7,1:00pm-1:59pm,53,1,Daylight,Clear,1,2,['Driver'],['Shoulder_Lapbelt'],0,0,Valid,0.0,2.0,86.0,38.0,"['Male', 'Male']",0,0,3,4,5,Dry,Straight,Level,Lowest,No
20795,30,Montana,300080,0,2,2,0,4,NOT APPLICABLE,August,6,Sunday,22,8,Rural,Medium Speed (Collector),No,45.81763889,-111.25795833,Simple Junction,Dark - Lighted,Cloudy,10:00pm-10:59pm,11,10:00pm-10:59pm,21,10:00pm-10:59pm,50,1,Dark - Lighted,Reduced Visibility,1,3,['Driver'],['None_Used'],1,1,Invalid,0.0,0.0,36.0,28.0,"['Male', 'Male']",0,0,5,4,5,Dry,Straight,Level,Lowest,No
20796,30,Montana,300081,0,2,2,0,2,NOT APPLICABLE,August,3,Thursday,13,34,Rural,Medium Speed (Collector),No,45.86224167,-111.24300278,Non-Intersection,Daylight,Cloudy,1:00pm-1:59pm,36,1:00pm-1:59pm,48,2:00pm-2:59pm,42,1,Daylight,Reduced Visibility,1,1,['Driver'],['Shoulder_Lapbelt'],0,0,Valid,0.0,0.0,20.0,17.0,"['Female', 'Female']",0,0,3,4,5,Dry,Curve,Level,Lowest,No
20797,30,Montana,300082,0,2,2,0,2,NOT APPLICABLE,September,7,Thursday,22,24,Rural,Medium Speed (Collector),No,46.70637778,-111.95628889,Non-Intersection,Dark - Not Lighted,Cloudy,10:00pm-10:59pm,24,10:00pm-10:59pm,32,11:00pm-11:59pm,7,1,Dark - Unlighted,Reduced Visibility,1,1,['Driver'],['None_Used'],1,2,Valid,0.0,0.0,55.0,45.0,"['Male', 'Male']",0,0,3,4,5,Dry,Straight,Level,Lowest,No
20798,30,Montana,300083,0,1,1,0,1,NOT APPLICABLE,August,26,Saturday,23,15,Rural,Medium Speed (Collector),No,45.85345556,-111.07703611,Non-Intersection,Dark - Not Lighted,Clear,11:00pm-11:59pm,18,11:00pm-11:59pm,36,Not Applicable (Not Transported),Not Applicable (Not Transported),1,Dark - Unlighted,Clear,1,0,['Driver'],['None_Used'],1,1,Valid,0.0,0.0,25.0,25.0,['Male'],1,0,2,4,3,Dry,Curve,Level,Lowest,No
20799,30,Montana,300084,0,1,1,0,1,NOT APPLICABLE,August,25,Friday,19,5,Rural,Medium Speed (Collector),No,45.75716111,-110.87849444,Non-Intersection,Daylight,Cloudy,7:00pm-7:59pm,7,7:00pm-7:59pm,21,7:00pm-7:59pm,46,1,Daylight,Reduced Visibility,1,0,['Driver'],['None_Used'],0,0,Valid,0.0,0.0,25.0,25.0,['Male'],1,0,5,4,2,Dry,Curve,Level,Lowest,No
20800,30,Montana,300085,0,1,1,0,1,NOT APPLICABLE,August,29,Tuesday,2,0,Rural,Medium Speed (Collector),No,47.51162222,-111.42470556,Non-Intersection,Dark - Not Lighted,Clear,2:00am-2:59am,17,2:00am-2:59am,31,2:00am-2:59am,42,1,Dark - Unlighted,Clear,1,0,['Driver'],['None_Used'],0,0,Valid,0.0,1.0,31.0,31.0,['Male'],0,0,5,4,1,Dry,Straight,Level,Lowest,No
20801,30,Montana,300086,0,1,1,0,2,NOT APPLICABLE,September,28,Thursday,8,55,Rural,High Speed (Arterial),Yes,47.4417,-111.475225,Non-Intersection,Daylight,Clear,9:00am-9:59am,0,9:00am-9:59am,18,9:00am-9:59am,56,1,Daylight,Clear,1,1,['Rear_Seat'],['None_Used'],0,0,Valid,0.0,0.0,44.0,44.0,['Male'],0,0,5,4,3,Dry,Straight,Level,Lowest,Yes
20802,30,Montana,300087,0,1,1,0,1,NOT APPLICABLE,August,12,Saturday,21,47,Rural,Low Speed (Local),No,46.21505278,-114.12484167,Non-Intersection,Dark - Not Lighted,Clear,9:00pm-9:59pm,51,9:00pm-9:59pm,57,11:00pm-11:59pm,31,1,Dark - Unlighted,Clear,1,0,['Driver'],['None_Used'],1,1,Invalid,0.0,0.0,58.0,58.0,['Male'],1,0,5,2,1,Dry,Straight,Level,Lowest,No
20803,30,Montana,300088,0,1,1,0,1,NOT APPLICABLE,August,15,Tuesday,17,0,Rural,High Speed (Arterial),Yes,48.04395,-115.08700278,Non-Intersection,Daylight,Clear,5:00pm-5:59pm,12,5:00pm-5:59pm,30,Not Applicable (Not Transported),Not Applicable (Not Transported),1,Daylight,Clear,1,0,['Driver'],['None_Used'],0,0,Invalid,0.0,1.0,34.0,34.0,['Male'],0,0,3,4,3,Dry,Straight,Level,Lowest,No
20804,30,Montana,300089,0,2,2,0,2,NOT APPLICABLE,July,19,Wednesday,18,30,Rural,High Speed (Arterial),Yes,46.01525556,-108.79623056,Non-Intersection,Daylight,Clear,6:00pm-6:59pm,44,7:00pm-7:59pm,6,7:00pm-7:59pm,50,1,Daylight,Clear,1,1,['Driver'],['Shoulder_Lapbelt'],1,1,Valid,0.0,0.0,52.0,51.0,"['Male', 'Male']",0,0,4,4,5,Dry,Straight,Level,Lowest,No
20805,30,Montana,300090,0,2,2,0,3,NOT APPLICABLE,July,2,Sunday,20,50,Rural,Medium Speed (Collector),No,48.05418333,-114.073,Non-Intersection,Dusk,Clear,8:00pm-8:59pm,51,9:00pm-9:59pm,1,9:00pm-9:59pm,24,1,Twilight,Clear,1,2,['Driver'],['None_Used'],1,1,Valid,0.0,0.0,87.0,18.0,"['Male', 'Male']",1,0,5,4,5,Dry,Curve,Grade/Hillcrest,Lowest,No
20806,30,Montana,300091,0,1,1,0,2,NOT APPLICABLE,July,21,Friday,18,15,Rural,High Speed (Arterial),Yes,45.16803333,-107.36500833,Non-Intersection,Daylight,Clear,6:00pm-6:59pm,13,6:00pm-6:59pm,37,7:00pm-7:59pm,30,1,Daylight,Clear,1,1,['Driver'],['None_Used'],0,0,Valid,0.0,1.0,17.0,17.0,['Male'],0,0,3,4,3,Dry,Curve,Level,Lowest,No
20807,30,Montana,300092,0,1,1,0,1,NOT APPLICABLE,July,17,Monday,0,19,Rural,High Speed (Arterial),Yes,48.07108889,-115.24703611,Non-Intersection,Dark - Not Lighted,Clear,0:00am-0:59am,39,0:00am-0:59am,47,Not Applicable (Not Transported),Not Applicable (Not Transported),1,Dark - Unlighted,Clear,1,0,['Driver'],['None_Used'],1,1,Invalid,0.0,0.0,42.0,42.0,['Male'],0,0,3,4,3,Dry,Straight,Grade/Hillcrest,Lowest,No
20808,30,Montana,300093,0,3,3,0,5,NOT APPLICABLE,July,17,Monday,18,7,Rural,High Speed (Arterial),Yes,45.89694444,-108.66839167,Non-Intersection,Daylight,Clear,6:00pm-6:59pm,10,6:00pm-6:59pm,15,7:00pm-7:59pm,12,1,Daylight,Clear,1,4,['Front_Passenger'],['Shoulder_Lapbelt'],0,0,Valid,0.0,2.0,93.0,35.0,"['Female', 'Female', 'Male']",0,0,4,4,5,Dry,Straight,Grade/Hillcrest,Lowest,No
20809,30,Montana,300094,0,1,1,0,1,NOT APPLICABLE,August,28,Monday,18,53,Rural,Low Speed (Local),No,45.69455,-107.51935278,Non-Intersection,Daylight,Clear,6:00pm-6:59pm,55,7:00pm-7:59pm,3,Not Applicable (Not Transported),Not Applicable (Not Transported),1,Daylight,Clear,1,0,['Driver'],['None_Used'],0,0,Valid,0.0,0.0,65.0,65.0,['Male'],0,0,1,4,4,Dry,Straight,Level,Lowest,No
20810,30,Montana,300095,0,1,1,0,1,NOT APPLICABLE,August,24,Thursday,16,45,Rural,High Speed (Arterial),Yes,45.03884722,-107.32801389,Non-Intersection,Daylight,Clear,4:00pm-4:59pm,56,5:00pm-5:59pm,25,Not Applicable (Not Transported),Not Applicable (Not Transported),1,Daylight,Clear,1,0,['Driver'],['Shoulder_Lapbelt'],0,0,Valid,0.0,0.0,25.0,25.0,['Female'],0,0,3,4,3,Dry,Straight,Grade/Hillcrest,Lowest,No
20811,30,Montana,300096,0,1,1,0,1,NOT APPLICABLE,October,8,Sunday,14,35,Rural,Medium Speed (Collector),No,46.23924722,-113.31010278,Non-Intersection,Daylight,Clear,2:00pm-2:59pm,31,2:00pm-2:59pm,48,3:00pm-3:59pm,15,1,Daylight,Clear,1,0,['Driver'],['Lapbelt_Only'],0,0,Valid,0.0,0.0,80.0,80.0,['Male'],0,0,2,4,2,Dry,Straight,Level,Lowest,No