,State_Code,State_Name,Crash_ID,Count_Non_Motorists,Count_Vehicles_Total,Count_Vehicle_Forms,Count_PVH_Involved,Count_Occupants_MV,City_Name,Month_Name,Day_of_Month,Day_of_Week,Crash_Hour,Crash_Minute,Area_Rural_Urban,Road_Functional_Class,On_NHS_Road,Latitude,Longitude,Intersection_Type,Light_Condition,Weather_Condition,Notif_Hour,Notif_Minute,Arrival_Hour,Arrival_Minute,Hospital_Hour,Hospital_Minute,Fatalities_Count,Clean_Light_Condition,Clean_Weather_Condition,Total_Killed,Total_Alive,Fatal_Seats_List,Killed_Restraint_List,Any_Driver_Drinking,Total_Drinking_Drivers,Driver_License_Category,Driver_Max_Prev_Accident_Count,Driver_Max_Prev_Speeding_Count,Max_Driver_Age,Min_Driver_Age,Driver_Sex_List,Total_Exceeding_Limit_Vehicles,Total_Too_Fast_Vehicles,Max_Vehicle_Type_Severity_5,Max_Vehicle_Damage_Rank,Max_Harmful_Event_Severity,Crash_Road_Surface_Condition,Crash_Horizontal_Alignment,Crash_Vertical_Profile,Crash_Impairment_Category,Crash_Vehicle_Defect
20812,30,Montana,300097,1,1,1,0,2,NOT APPLICABLE,July,17,Monday,1,55,Rural,High Speed (Arterial),Yes,48.40992778,-108.4902,Non-Intersection,Dark - Not Lighted,Clear,2:00am-2:59am,8,Unknown EMS Scene Arrival Hour,Unknown EMS Scene Arrival Minutes,Unknown,Unknown EMS Hospital Arrival Time,1,Dark - Unlighted,Clear,0,2,[],[],0,0,Valid,0.0,0.0,24.0,24.0,['Male'],0,0,3,4,4,Dry,Straight,Level,Lowest,No
20813,30,Montana,300098,1,1,1,0,1,MARTIN CITY,June,18,Sunday,0,58,Rural,Low Speed (Local),No,48.39150833,-114.03560833,Non-Intersection,Dark - Lighted,Clear,1:00am-1:59am,1,1:00am-1:59am,9,1:00am-1:59am,53,1,Dark - Lighted,Clear,0,1,[],[],1,1,Valid,0.0,0.0,38.0,38.0,['Male'],0,0,3,2,4,Dry,Straight,Level,Lowest,No
20814,30,Montana,300099,0,2,2,0,3,NOT APPLICABLE,September,9,Saturday,15,17,Rural,High Speed (Arterial),Yes,46.57330833,-111.82894167,Complex/Circle,Daylight,Clear,3:00pm-3:59pm,18,3:00pm-3:59pm,32,Not Applicable (Not Transported),Not Applicable (Not Transported),1,Daylight,Clear,1,2,['Driver'],['None_Used'],0,0,Valid,0.0,0.0,70.0,68.0,"['Female', 'Male']",0,0,5,4,5,Dry,Straight,Level,Lowest,No
20815,30,Montana,300100,0,1,1,0,1,NOT APPLICABLE,August,12,Saturday,20,39,Rural,High Speed (Arterial),Yes,48.86569167,-115.02398333,Non-Intersection,Daylight,Clear,8:00pm-8:59pm,52,8:00pm-8:59pm,54,Not Applicable (Not Transported),Not Applicable (Not Transported),1,Daylight,Clear,1,0,['Driver'],['None_Used'],0,0,Valid,0.0,0.0,64.0,64.0,['Male'],1,0,5,4,3,Dry,Curve,Grade/Hillcrest,Lowest,No
20816,30,Montana,300101,0,1,1,0,1,NOT APPLICABLE,September,11,Monday,20,32,Rural,Medium Speed (Collector),No,46.93591111,-114.18512222,Non-Intersection,Dark - Not Lighted,Clear,8:00pm-8:59pm,38,8:00pm-8:59pm,53,Not Applicable (Not Transported),Not Applicable (Not Transported),1,Dark - Unlighted,Clear,1,0,['Driver'],['None_Used'],1,1,Valid,0.0,0.0,32.0,32.0,['Male'],1,0,2,4,3,Dry,Curve,Level,Lowest,No
20817,30,Montana,300102,0,2,2,0,3,TROY,June,23,Friday,0,49,Rural,High Speed (Arterial),Yes,48.46330278,-115.89583889,Complex/Circle,Dark - Lighted,Cloudy,0:00am-0:59am,49,1:00am-1:59am,0,1:00am-1:59am,25,1,Dark - Lighted,Reduced Visibility,1,2,['Front_Passenger'],['Shoulder_Lapbelt'],1,1,Valid,0.0,0.0,26.0,21.0,"['Male', 'Male']",2,0,3,4,5,Dry,Straight,Level,Lowest,No
20818,30,Montana,300103,0,1,1,0,3,NOT APPLICABLE,October,3,Tuesday,20,26,Rural,Medium Speed (Collector),No,47.56642778,-114.63251667,Non-Intersection,Dark - Not Lighted,Clear,8:00pm-8:59pm,43,8:00pm-8:59pm,58,9:00pm-9:59pm,18,1,Dark - Unlighted,Clear,1,2,['Driver'],['None_Used'],0,0,Invalid,0.0,0.0,38.0,38.0,['Male'],0,0,2,4,3,Dry,Straight,Grade/Hillcrest,Lowest,Yes
20819,30,Montana,300104,0,1,1,0,1,NOT APPLICABLE,July,2,Sunday,8,51,Rural,High Speed (Arterial),Yes,48.56669722,-110.08463056,Non-Intersection,Daylight,Cloudy,8:00am-8:59am,56,9:00am-9:59am,22,Not Applicable (Not Transported),Not Applicable (Not Transported),1,Daylight,Reduced Visibility,1,0,['Driver'],['None_Used'],0,0,Valid,0.0,0.0,47.0,47.0,['Female'],0,0,2,4,3,Dry,Straight,Level,Medium,No
20820,30,Montana,300105,0,1,1,0,1,NOT APPLICABLE,July,16,Sunday,21,0,Rural,High Speed (Arterial),Yes,48.388375,-114.09430556,Non-Intersection,Daylight,Clear,9:00pm-9:59pm,7,9:00pm-9:59pm,10,Not Applicable (Not Transported),Not Applicable (Not Transported),1,Daylight,Clear,1,0,['Driver'],['None_Used'],0,0,Valid,0.0,0.0,42.0,42.0,['Male'],0,0,4,4,3,Dry,Curve,Level,Lowest,No
20821,30,Montana,300106,0,1,1,0,1,NOT APPLICABLE,September,7,Thursday,4,0,Rural,Medium Speed (Collector),No,45.28010833,-109.21553056,Non-Intersection,Dark - Not Lighted,Clear,4:00am-4:59am,46,4:00am-4:59am,56,Not Applicable (Not Transported),Not Applicable (Not Transported),1,Dark - Unlighted,Clear,1,0,['Driver'],['None_Used'],1,1,Invalid,0.0,0.0,32.0,32.0,['Male'],0,0,3,4,3,Dry,Straight,Level,Lowest,No
20822,30,Montana,300107,0,1,1,0,1,NOT APPLICABLE,August,29,Tuesday,18,10,Rural,Medium Speed (Collector),No,48.33842222,-114.32544167,Non-Intersection,Daylight,Cloudy,6:00pm-6:59pm,17,6:00pm-6:59pm,27,Not Applicable (Not Transported),Not Applicable (Not Transported),1,Daylight,Reduced Visibility,1,0,['Driver'],['None_Used'],1,1,Valid,0.0,0.0,41.0,41.0,['Male'],0,0,5,4,3,Dry,Curve,Grade/Hillcrest,Lowest,No
20823,30,Montana,300108,1,1,1,0,2,NOT APPLICABLE,September,18,Monday,11,58,Rural,Medium Speed (Collector),No,48.21111111,-114.15921389,Complex/Circle,Daylight,Cloudy,11:00am-11:59am,59,12:00pm-12:59pm,7,Not Applicable (Not Transported),Not Applicable (Not Transported),1,Daylight,Reduced Visibility,0,2,[],[],0,0,Valid,0.0,1.0,18.0,18.0,['Male'],0,0,1,3,4,Dry,Straight,Level,Lowest,No
20824,30,Montana,300109,0,1,1,0,1,NOT APPLICABLE,October,7,Saturday,1,0,Urban,High Speed (Arterial),Yes,46.87238333,-113.93053611,Non-Intersection,Dark - Not Lighted,Clear,10:00am-10:59am,7,10:00am-10:59am,16,Not Applicable (Not Transported),Not Applicable (Not Transported),1,Dark - Unlighted,Clear,1,0,['Driver'],['None_Used'],1,1,Valid,0.0,0.0,27.0,27.0,['Male'],0,0,3,4,4,Dry,Straight,Level,Lowest,No
20825,30,Montana,300110,0,1,1,0,2,NOT APPLICABLE,September,15,Friday,22,10,Rural,High Speed (Arterial),Yes,48.06863611,-115.2683,Non-Intersection,Dark - Not Lighted,Cloudy,10:00pm-10:59pm,28,10:00pm-10:59pm,47,Not Applicable (Not Transported),Not Applicable (Not Transported),1,Dark - Unlighted,Reduced Visibility,1,1,['Front_Passenger'],['None_Used'],0,0,Valid,0.0,0.0,56.0,56.0,['Female'],0,0,3,1,1,Dry,Curve,Grade/Hillcrest,Lowest,No
20826,30,Montana,300111,0,2,2,0,2,NOT APPLICABLE,October,1,Sunday,11,52,Rural,High Speed (Arterial),Yes,48.11140833,-114.59651111,Non-Intersection,Daylight,Cloudy,11:00am-11:59am,57,12:00pm-12:59pm,2,12:00pm-12:59pm,40,1,Daylight,Reduced Visibility,1,1,['Driver'],['Lapbelt_Only'],0,0,Invalid,0.0,1.0,43.0,22.0,"['Female', 'Male']",0,0,3,4,5,Dry,Curve,Grade/Hillcrest,Lowest,No
20827,30,Montana,300112,0,2,2,0,3,NOT APPLICABLE,October,2,Monday,4,23,Rural,High Speed (Arterial),Yes,45.61448889,-106.37789444,Non-Intersection,Dark - Not Lighted,Cloudy,4:00am-4:59am,30,5:00am-5:59am,42,5:00am-5:59am,26,1,Dark - Unlighted,Reduced Visibility,1,2,['Driver'],['Shoulder_Lapbelt'],1,1,Valid,0.0,0.0,26.0,21.0,"['Male', 'Male']",0,0,4,4,5,Dry,Straight,Grade/Hillcrest,Lowest,No
20828,30,Montana,300113,0,1,1,0,2,NOT APPLICABLE,June,16,Friday,23,0,Rural,Medium Speed (Collector),No,48.28035556,-112.82776111,Non-Intersection,Dark - Not Lighted,Clear,11:00pm-11:59pm,11,11:00pm-11:59pm,36,0:00am-0:59am,25,1,Dark - Unlighted,Clear,1,1,['Driver'],['None_Used'],0,0,Invalid,0.0,0.0,51.0,51.0,['Female'],2,0,3,4,3,Dry,Curve,Level,Lowest,No
20829,30,Montana,300114,0,2,2,0,2,NOT APPLICABLE,September,13,Wednesday,16,39,Rural,High Speed (Arterial),Yes,45.83371944,-111.29055278,Non-Intersection,Daylight,Cloudy,4:00pm-4:59pm,50,5:00pm-5:59pm,11,6:00pm-6:59pm,20,2,Daylight,Reduced Visibility,2,0,"['Driver', 'Driver']","['Shoulder_Lapbelt', 'Shoulder_Lapbelt']",0,0,Valid,0.0,0.0,34.0,34.0,"['Male', 'Female']",1,0,3,4,5,Dry,Straight,Level,Medium,No
20830,30,Montana,300115,0,1,1,0,1,NOT APPLICABLE,October,14,Saturday,13,10,Rural,Medium Speed (Collector),No,48.06694444,-113.97462222,Non-Intersection,Daylight,Cloudy,1:00pm-1:59pm,15,1:00pm-1:59pm,23,Not Applicable (Not Transported),Not Applicable (Not Transported),1,Daylight,Reduced Visibility,1,0,['Driver'],['None_Used'],1,1,Valid,0.0,0.0,64.0,64.0,['Male'],0,0,5,4,3,Dry,Curve,Level,Lowest,No
20831,30,Montana,300116,0,2,2,0,5,NOT APPLICABLE,September,23,Saturday,14,25,Rural,Medium Speed (Collector),No,46.92628611,-114.16671667,Complex/Circle,Daylight,Clear,2:00pm-2:59pm,30,2:00pm-2:59pm,51,3:00pm-3:59pm,8,1,Daylight,Clear,1,4,['Rear_Seat'],['Shoulder_Lapbelt'],0,0,Valid,0.0,1.0,77.0,45.0,"['Male', 'Male']",0,0,3,4,5,Dry,Straight,Level,Lowest,No
20832,30,Montana,300117,1,1,1,0,1,NOT APPLICABLE,October,16,Monday,0,25,Urban,Medium Speed (Collector),No,46.6484,-112.02143333,Non-Intersection,Dark - Not Lighted,Cloudy,0:00am-0:59am,27,0:00am-0:59am,37,0:00am-0:59am,57,1,Dark - Unlighted,Reduced Visibility,0,1,[],[],0,0,Valid,0.0,1.0,22.0,22.0,['Male'],0,0,3,3,4,Dry,Straight,Level,Lowest,Yes
20833,30,Montana,300118,0,1,1,0,1,NOT APPLICABLE,October,1,Sunday,20,45,Rural,High Speed (Arterial),Yes,45.66402222,-110.97134722,Non-Intersection,Dark - Not Lighted,Rain,8:00pm-8:59pm,48,8:00pm-8:59pm,58,9:00pm-9:59pm,3,1,Dark - Unlighted,Rain/Wind/Minor,1,0,['Driver'],['None_Used'],0,0,Valid,0.0,0.0,61.0,61.0,['Male'],0,0,3,4,3,Wet/Standing Water,Straight,Level,Lowest,No
20834,30,Montana,300119,0,1,1,0,1,HELENA,May,2,Tuesday,16,40,Urban,High Speed (Arterial),Yes,46.57593611,-111.97668889,Non-Intersection,Daylight,Clear,Unknown,Unknown,Unknown EMS Scene Arrival Hour,Unknown EMS Scene Arrival Minutes,Unknown,Unknown EMS Hospital Arrival Time,1,Daylight,Clear,1,0,['Driver'],['None_Used'],1,1,Valid,0.0,0.0,56.0,56.0,['Male'],0,0,3,4,3,Dry,Straight,Level,Lowest,No
20835,30,Montana,300120,0,2,2,0,2,NOT APPLICABLE,October,24,Tuesday,22,43,Rural,High Speed (Arterial),Yes,46.69641667,-114.07351667,Non-Intersection,Dark - Not Lighted,Rain,10:00pm-10:59pm,47,10:00pm-10:59pm,54,Not Applicable (Not Transported),Not Applicable (Not Transported),2,Dark - Unlighted,Rain/Wind/Minor,2,0,"['Driver', 'Driver']","['Shoulder_Lapbelt', 'Shoulder_Lapbelt']",1,1,Valid,0.0,0.0,40.0,17.0,"['Female', 'Female']",0,0,3,4,5,Wet/Standing Water,Curve,Level,Lowest,No
20836,30,Montana,300121,0,2,2,0,2,HELENA,December,22,Friday,19,42,Urban,High Speed (Arterial),Yes,46.59901389,-112.04375,Non-Intersection,Dark - Lighted,Clear,Unknown,Unknown,Unknown EMS Scene Arrival Hour,Unknown EMS Scene Arrival Minutes,Unknown,Unknown EMS Hospital Arrival Time,1,Dark - Lighted,Clear,1,1,['Driver'],['None_Used'],0,0,Valid,0.0,0.0,32.0,18.0,"['Male', 'Female']",1,0,5,4,5,Dry,Straight,Level,Lowest,No
20837,30,Montana,300122,0,2,2,0,3,NOT APPLICABLE,November,10,Friday,6,10,Rural,Medium Speed (Collector),No,45.85711667,-112.43936389,Non-Intersection,Dark - Not Lighted,Cloudy,6:00am-6:59am,19,6:00am-6:59am,43,7:00am-7:59am,29,1,Dark - Unlighted,Reduced Visibility,1,2,['Driver'],['None_Used'],0,0,Valid,0.0,1.0,60.0,30.0,"['Male', 'Male']",0,0,3,4,5,Loose/Unpaved,Curve,Grade/Hillcrest,Lowest,No
20838,30,Montana,300123,1,1,1,0,2,NOT APPLICABLE,October,14,Saturday,23,39,Rural,High Speed (Arterial),Yes,48.35376389,-115.52751111,Non-Intersection,Dark - Not Lighted,Clear,11:00pm-11:59pm,45,11:00pm-11:59pm,51,0:00am-0:59am,7,1,Dark - Unlighted,Clear,0,2,[],[],0,0,Valid,0.0,0.0,18.0,18.0,['Female'],0,0,3,1,4,Dry,Straight,Level,Lowest,No
20839,30,Montana,300124,0,2,2,0,3,NOT APPLICABLE,October,4,Wednesday,15,50,Rural,Medium Speed (Collector),No,48.30231944,-112.33648333,Non-Intersection,Daylight,Cloudy,3:00pm-3:59pm,56,4:00pm-4:59pm,3,Not Applicable (Not Transported),Not Applicable (Not Transported),1,Daylight,Reduced Visibility,1,2,['Driver'],['Shoulder_Lapbelt'],1,1,Valid,0.0,0.0,61.0,35.0,"['Male', 'Female']",1,0,3,4,5,Wet/Standing Water,Curve,Grade/Hillcrest,Lowest,No
20840,30,Montana,300125,0,1,1,0,1,NOT APPLICABLE,September,17,Sunday,2,0,Rural,Medium Speed (Collector),No,48.42055278,-106.25943889,Non-Intersection,Dark - Not Lighted,Clear,11:00am-11:59am,53,12:00pm-12:59pm,26,Not Applicable (Not Transported),Not Applicable (Not Transported),1,Dark - Unlighted,Clear,1,0,['Driver'],['None_Used'],1,1,Valid,0.0,2.0,22.0,22.0,['Male'],1,0,3,4,3,Dry,Curve,Level,Lowest,No
20841,30,Montana,300126,0,1,1,0,1,NOT APPLICABLE,December,22,Friday,21,42,Rural,Low Speed (Local),No,46.25581944,-106.69322222,Non-Intersection,Dark - Lighted,Clear,9:00pm-9:59pm,51,9:00pm-9:59pm,53,10:00pm-10:59pm,15,1,Dark - Lighted,Clear,1,0,['Driver'],['None_Used'],0,0,Valid,0.0,0.0,77.0,77.0,['Male'],0,0,3,4,3,Dry,Straight,Grade/Hillcrest,Lowest,No
20842,30,Montana,300127,0,2,2,0,2,NOT APPLICABLE,October,13,Friday,14,14,Rural,High Speed (Arterial),Yes,46.26661389,-106.66113889,Non-Intersection,Daylight,Cloudy,2:00pm-2:59pm,22,2:00pm-2:59pm,25,2:00pm-2:59pm,35,1,Daylight,Reduced Visibility,1,1,['Driver'],['Shoulder_Lapbelt'],0,0,Valid,0.0,1.0,78.0,43.0,"['Male', 'Male']",0,0,4,4,5,Dry,Straight,Level,Lowest,No
20843,30,Montana,300128,0,1,1,0,2,NOT APPLICABLE,October,15,Sunday,17,35,Rural,High Speed (Arterial),Yes,47.86665,-114.28497222,Non-Intersection,Daylight,Clear,5:00pm-5:59pm,41,6:00pm-6:59pm,12,6:00pm-6:59pm,44,1,Daylight,Clear,1,1,['Driver'],['None_Used'],0,0,Invalid,0.0,0.0,34.0,34.0,['Female'],0,0,3,4,3,Dry,Curve,Level,Lowest,No
20844,30,Montana,300129,1,1,1,0,4,NOT APPLICABLE,November,22,Wednesday,4,45,Rural,High Speed (Arterial),Yes,46.08996944,-111.52808333,Non-Intersection,Dark - Not Lighted,Cloudy,5:00am-5:59am,42,6:00am-6:59am,5,Not Applicable (Not Transported),Not Applicable (Not Transported),1,Dark - Unlighted,Reduced Visibility,0,4,[],[],0,0,Invalid,0.0,0.0,27.0,27.0,['Male'],0,0,3,2,4,Dry,Straight,Level,Lowest,No
20845,30,Montana,300130,0,1,1,0,1,NOT APPLICABLE,September,13,Wednesday,23,26,Rural,Low Speed (Local),No,45.722175,-111.1646,Non-Intersection,Dark - Not Lighted,Cloudy,11:00pm-11:59pm,41,11:00pm-11:59pm,45,Not Applicable (Not Transported),Not Applicable (Not Transported),1,Dark - Unlighted,Reduced Visibility,1,0,['Driver'],['Shoulder_Lapbelt'],1,1,Valid,0.0,0.0,34.0,34.0,['Female'],1,0,3,4,2,Wet/Standing Water,Curve,Level,Lowest,No
20846,30,Montana,300131,0,1,1,0,2,NOT APPLICABLE,October,26,Thursday,10,18,Rural,High Speed (Arterial),Yes,46.99333333,-114.44551667,Non-Intersection,Daylight,Snow,10:00am-10:59am,23,10:00am-10:59am,40,11:00am-11:59am,20,1,Daylight,Snow/Ice/Severe,1,1,['Front_Passenger'],['None_Used'],0,0,Valid,0.0,0.0,61.0,61.0,['Female'],2,0,3,4,2,Icy/Snowy,Straight,Level,Lowest,Yes
20847,30,Montana,300132,0,2,2,0,2,NOT APPLICABLE,October,25,Wednesday,10,45,Rural,Medium Speed (Collector),No,45.25795278,-108.92741389,Non-Intersection,Daylight,Snow,10:00am-10:59am,50,11:00am-11:59am,1,12:00pm-12:59pm,5,1,Daylight,Snow/Ice/Severe,1,1,['Driver'],['Shoulder_Lapbelt'],0,0,Valid,0.0,0.0,64.0,40.0,"['Male', 'Female']",0,0,3,4,5,Icy/Snowy,Straight,Grade/Hillcrest,Lowest,No
20848,30,Montana,300133,0,2,2,0,2,NOT APPLICABLE,September,5,Tuesday,20,14,Rural,Medium Speed (Collector),No,45.88596389,-108.40441389,Complex/Circle,Dusk,Cloudy,8:00pm-8:59pm,19,8:00pm-8:59pm,31,Not Applicable (Not Transported),Not Applicable (Not Transported),1,Twilight,Reduced Visibility,1,1,['Driver'],['None_Used'],1,1,Valid,0.0,2.0,72.0,24.0,"['Male', 'Female']",1,0,5,4,5,Dry,Straight,Level,Lowest,No
20849,30,Montana,300134,0,1,1,0,1,NOT APPLICABLE,November,6,Monday,3,0,Rural,Medium Speed (Collector),No,45.8275,-108.29366389,Non-Intersection,Dark - Not Lighted,Clear,6:00am-6:59am,48,Unknown EMS Scene Arrival Hour,Officially Cancelled,Unknown,Officially Canceled,1,Dark - Unlighted,Clear,1,0,['Driver'],['None_Used'],1,1,Valid,0.0,1.0,31.0,31.0,['Male'],0,0,3,4,3,Dry,Curve,Grade/Hillcrest,Lowest,No
20850,30,Montana,300135,1,1,1,0,1,HELENA,November,5,Sunday,14,20,Urban,High Speed (Arterial),Yes,46.59145833,-111.97084167,Non-Intersection,Daylight,Clear,Unknown,Unknown,Unknown EMS Scene Arrival Hour,Unknown EMS Scene Arrival Minutes,Unknown,Unknown EMS Hospital Arrival Time,1,Daylight,Clear,0,1,[],[],0,0,Valid,0.0,0.0,36.0,36.0,['Male'],0,0,1,3,4,Dry,Straight,Level,Lowest,No
20851,30,Montana,300136,0,1,1,0,1,BILLINGS,May,3,Wednesday,22,23,Urban,High Speed (Arterial),No,45.78398333,-108.52458611,Non-Intersection,Dark - Lighted,Clear,10:00pm-10:59pm,24,10:00pm-10:59pm,27,Not Applicable (Not Transported),Not Applicable (Not Transported),1,Dark - Lighted,Clear,1,0,['Driver'],['Shoulder_Lapbelt'],1,1,Invalid,0.0,1.0,52.0,52.0,['Female'],1,0,3,4,3,Dry,Straight,Level,Lowest,No
20852,30,Montana,300137,0,2,2,0,2,BILLINGS,July,18,Tuesday,6,7,Urban,High Speed (Arterial),No,45.78407778,-108.60076389,Complex/Circle,Daylight,Clear,6:00am-6:59am,10,6:00am-6:59am,16,6:00am-6:59am,45,1,Daylight,Clear,1,0,['Driver'],['Shoulder_Lapbelt'],0,0,Valid,0.0,1.0,76.0,28.0,"['Male', 'Male']",1,0,3,4,5,Dry,Straight,Level,Lowest,No
20853,30,Montana,300138,1,1,1,0,1,BILLINGS,September,19,Tuesday,3,10,Urban,High Speed (Arterial),No,45.769875,-108.53093889,Non-Intersection,Dark - Lighted,Clear,3:00am-3:59am,15,3:00am-3:59am,23,Not Applicable (Not Transported),Not Applicable (Not Transported),1,Dark - Lighted,Clear,0,1,[],[],0,0,Valid,0.0,0.0,41.0,41.0,['Male'],0,0,3,4,4,Dry,Straight,Level,Lowest,No
20854,30,Montana,300139,0,2,2,0,2,BILLINGS,December,9,Saturday,7,6,Urban,Medium Speed (Collector),No,45.83199722,-108.47648611,Non-Intersection,Daylight,Cloudy,7:00am-7:59am,8,7:00am-7:59am,14,Not Applicable (Not Transported),Not Applicable (Not Transported),2,Daylight,Reduced Visibility,2,0,"['Driver', 'Driver']","['Shoulder_Lapbelt', 'Shoulder_Lapbelt']",0,0,Valid,0.0,0.0,60.0,44.0,"['Male', 'Male']",1,0,3,4,5,Dry,Straight,Grade/Hillcrest,Lowest,No
20855,30,Montana,300140,0,1,1,0,4,BILLINGS,December,16,Saturday,1,47,Urban,Medium Speed (Collector),No,45.78609444,-108.49224722,Non-Intersection,Dark - Lighted,Clear,1:00am-1:59am,48,1:00am-1:59am,53,2:00am-2:59am,14,4,Dark - Lighted,Clear,4,0,"['Driver', 'Front_Passenger', 'Rear_Seat', 'Rear_Seat']","['None_Used', 'None_Used', 'None_Used', 'None_Used']",1,1,Invalid,0.0,0.0,17.0,17.0,['Male'],4,0,3,4,3,Dry,Curve,Level,Lowest,No
20856,30,Montana,300141,0,1,1,0,1,NOT APPLICABLE,November,12,Sunday,16,30,Rural,Medium Speed (Collector),No,47.42066389,-114.59805833,Non-Intersection,Dusk,Clear,4:00pm-4:59pm,46,4:00pm-4:59pm,58,6:00pm-6:59pm,54,1,Twilight,Clear,1,0,['Driver'],['Shoulder_Lapbelt'],0,0,Valid,0.0,0.0,77.0,77.0,['Female'],1,0,2,4,3,Dry,Curve,Level,Lowest,No
20857,30,Montana,300142,0,1,1,0,2,NOT APPLICABLE,October,25,Wednesday,1,15,Rural,Medium Speed (Collector),No,47.313275,-114.86674722,Non-Intersection,Dark - Not Lighted,Snow,2:00am-2:59am,1,2:00am-2:59am,17,2:00am-2:59am,49,1,Dark - Unlighted,Snow/Ice/Severe,1,1,['Front_Passenger'],['None_Used'],1,1,Invalid,0.0,0.0,20.0,20.0,['Female'],0,0,3,4,3,Wet/Standing Water,Curve,Level,Lowest,No
20858,30,Montana,300143,0,2,2,0,2,NOT APPLICABLE,August,23,Wednesday,18,55,Rural,Low Speed (Local),No,45.56685556,-108.84187778,Simple Junction,Daylight,Clear,6:00pm-6:59pm,44,6:00pm-6:59pm,57,Not Applicable (Not Transported),Not Applicable (Not Transported),1,Daylight,Clear,1,1,['Driver'],['None_Used'],0,0,Valid,0.0,0.0,60.0,27.0,"['Male', 'Male']",0,0,5,4,5,Dry,Straight,Grade/Hillcrest,Lowest,No
20859,30,Montana,300144,0,1,1,0,2,NOT APPLICABLE,October,21,Saturday,18,30,Rural,Medium Speed (Collector),No,47.19206111,-110.92028889,Non-Intersection,Dusk,Clear,6:00pm-6:59pm,31,6:00pm-6:59pm,51,7:00pm-7:59pm,25,1,Twilight,Clear,1,1,['Driver'],['Shoulder_Lapbelt'],0,0,Valid,0.0,0.0,19.0,19.0,['Male'],0,0,4,4,3,Dry,Curve,Grade/Hillcrest,Medium,Yes
20860,30,Montana,300145,0,3,3,0,4,NOT APPLICABLE,August,26,Saturday,20,38,Rural,High Speed (Arterial),Yes,48.07629167,-105.78808889,Non-Intersection,Dark - Not Lighted,Clear,8:00pm-8:59pm,49,9:00pm-9:59pm,1,9:00pm-9:59pm,29,1,Dark - Unlighted,Clear,1,3,['Driver'],['Shoulder_Lapbelt'],1,1,Valid,0.0,1.0,65.0,25.0,"['Male', 'Male', 'Male']",0,0,3,4,5,Dry,Straight,Level,Lowest,No
20861,30,Montana,300146,0,1,1,0,1,NOT APPLICABLE,December,11,Monday,0,30,Rural,Medium Speed (Collector),No,48.07256667,-112.10313611,Non-Intersection,Dark - Not Lighted,Cloudy,Not Applicable (Not Notified),Not Applicable (Not Notified),Not Applicable,Not Applicable,Not Applicable (Not Transported),Not Applicable (Not Transported),1,Dark - Unlighted,Reduced Visibility,1,0,['Driver'],['None_Used'],1,1,Valid,0.0,0.0,43.0,43.0,['Male'],1,0,3,4,3,Dry,Curve,Level,Lowest,No
20862,30,Montana,300147,0,2,2,0,3,NOT APPLICABLE,December,22,Friday,9,30,Rural,High Speed (Arterial),Yes,46.94773611,-112.95923056,Non-Intersection,Daylight,Clear,9:00am-9:59am,29,9:00am-9:59am,46,10:00am-10:59am,30,1,Daylight,Clear,1,2,['Front_Passenger'],['Shoulder_Lapbelt'],0,0,Valid,0.0,0.0,73.0,34.0,"['Male', 'Male']",1,0,3,4,5,Icy/Snowy,Curve,Grade/Hillcrest,Lowest,No
20863,30,Montana,300148,0,3,1,2,1,LIVINGSTON,December,24,Sunday,23,39,Urban,Low Speed (Local),No,45.66481944,-110.54928889,Non-Intersection,Dark - Lighted,Clear,Unknown,Unknown,Unknown EMS Scene Arrival Hour,Unknown EMS Scene Arrival Minutes,Not Applicable (Not Transported),Not Applicable (Not Transported),1,Dark - Lighted,Clear,1,0,['Driver'],['None_Used'],1,1,Valid,0.0,0.0,49.0,49.0,['Male'],0,0,2,4,3,Dry,Straight,Level,Lowest,No
20864,30,Montana,300149,0,1,1,0,2,NOT APPLICABLE,November,1,Wednesday,0,0,Rural,Medium Speed (Collector),No,48.39133611,-114.2409,Non-Intersection,Dark - Not Lighted,Cloudy,0:00am-0:59am,12,0:00am-0:59am,17,0:00am-0:59am,44,1,Dark - Unlighted,Reduced Visibility,1,1,['Front_Passenger'],['None_Used'],1,1,Valid,0.0,0.0,34.0,34.0,['Male'],2,0,2,4,2,Dry,Curve,Level,Lowest,No
20865,30,Montana,300150,0,1,1,0,1,NOT APPLICABLE,November,4,Saturday,2,40,Rural,High Speed (Arterial),Yes,48.11450278,-114.60147222,Non-Intersection,Dark - Not Lighted,Cloudy,2:00am-2:59am,43,2:00am-2:59am,54,Not Applicable (Not Transported),Not Applicable (Not Transported),1,Dark - Unlighted,Reduced Visibility,1,0,['Driver'],['None_Used'],1,1,Valid,0.0,1.0,33.0,33.0,['Male'],0,0,3,4,3,Dry,Curve,Level,Lowest,No
20866,30,Montana,300151,0,2,2,0,2,JORDAN,December,21,Thursday,15,5,Rural,High Speed (Arterial),Yes,47.32455556,-106.90943889,Non-Intersection,Daylight,Clear,3:00pm-3:59pm,10,3:00pm-3:59pm,13,4:00pm-4:59pm,10,1,Daylight,Clear,1,1,['Driver'],['None_Used'],1,1,Valid,0.0,0.0,72.0,60.0,"['Female', 'Male']",1,0,3,4,5,Dry,Curve,Level,Lowest,No
20867,30,Montana,300152,1,1,1,0,1,MISSOULA,May,4,Thursday,21,40,Urban,High Speed (Arterial),Yes,46.87703056,-114.01068611,Complex/Circle,Dark - Lighted,Not Reported,Unknown,Unknown,Unknown EMS Scene Arrival Hour,Unknown EMS Scene Arrival Minutes,Unknown,Unknown EMS Hospital Arrival Time,1,Dark - Lighted,Clear,0,1,[],[],0,0,Valid,0.0,0.0,18.0,18.0,['Female'],0,0,2,3,4,Wet/Standing Water,Straight,Grade/Hillcrest,Lowest,No