,State_Code,State_Name,Crash_ID,Count_Non_Motorists,Count_Vehicles_Total,Count_Vehicle_Forms,Count_PVH_Involved,Count_Occupants_MV,City_Name,Month_Name,Day_of_Month,Day_of_Week,Crash_Hour,Crash_Minute,Area_Rural_Urban,Road_Functional_Class,On_NHS_Road,Latitude,Longitude,Intersection_Type,Light_Condition,Weather_Condition,Notif_Hour,Notif_Minute,Arrival_Hour,Arrival_Minute,Hospital_Hour,Hospital_Minute,Fatalities_Count,Clean_Light_Condition,Clean_Weather_Condition,Total_Killed,Total_Alive,Fatal_Seats_List,Killed_Restraint_List,Any_Driver_Drinking,Total_Drinking_Drivers,Driver_License_Category,Driver_Max_Prev_Accident_Count,Driver_Max_Prev_Speeding_Count,Max_Driver_Age,Min_Driver_Age,Driver_Sex_List,Total_Exceeding_Limit_Vehicles,Total_Too_Fast_Vehicles,Max_Vehicle_Type_Severity_5,Max_Vehicle_Damage_Rank,Max_Harmful_Event_Severity,Crash_Road_Surface_Condition,Crash_Horizontal_Alignment,Crash_Vertical_Profile,Crash_Impairment_Category,Crash_Vehicle_Defect
20868,30,Montana,300153,0,2,2,0,2,MISSOULA,June,7,Wednesday,18,25,Urban,High Speed (Arterial),Yes,46.90356389,-114.03931944,Complex/Circle,Daylight,Not Reported,Unknown,Unknown,Unknown EMS Scene Arrival Hour,Unknown EMS Scene Arrival Minutes,Unknown,Unknown EMS Hospital Arrival Time,1,Daylight,Clear,1,1,['Driver'],['None_Used'],0,0,Valid,0.0,0.0,47.0,27.0,"['Male', 'Male']",0,0,5,4,5,Dry,Straight,Level,Lowest,No
20869,30,Montana,300154,2,1,1,0,3,BUTTE,July,3,Monday,23,0,Urban,Low Speed (Local),No,46.01388889,-112.55861389,Non-Intersection,Dark - Lighted,Cloudy,Unknown,Unknown,Unknown EMS Scene Arrival Hour,Unknown EMS Scene Arrival Minutes,Unknown,Unknown EMS Hospital Arrival Time,1,Dark - Lighted,Reduced Visibility,0,3,[],[],1,1,Valid,0.0,0.0,20.0,20.0,['Female'],0,0,3,1,4,Dry,Straight,Level,Lowest,No
20870,30,Montana,300155,0,2,2,0,2,GREAT FALLS,October,6,Friday,15,59,Urban,High Speed (Arterial),Yes,47.52174722,-111.24431111,Simple Junction,Daylight,Clear,Unknown,Unknown,Unknown EMS Scene Arrival Hour,Unknown EMS Scene Arrival Minutes,Unknown,Unknown EMS Hospital Arrival Time,1,Daylight,Clear,1,1,['Driver'],['None_Used'],0,0,Valid,0.0,0.0,60.0,27.0,"['Male', 'Female']",0,0,5,4,5,Dry,Straight,Level,Lowest,No
20871,30,Montana,300156,1,1,1,0,1,NOT APPLICABLE,October,20,Friday,1,46,Urban,High Speed (Arterial),Yes,46.87906944,-113.90675,Non-Intersection,Dark - Not Lighted,Clear,Not Applicable (Not Notified),Not Applicable (Not Notified),Not Applicable,Not Applicable,Not Applicable (Not Transported),Not Applicable (Not Transported),1,Dark - Unlighted,Clear,0,1,[],[],0,0,Valid,0.0,0.0,59.0,59.0,['Male'],0,0,4,3,4,Dry,Curve,Level,Lowest,No
20872,30,Montana,300157,0,2,2,0,2,NOT APPLICABLE,September,24,Sunday,0,53,Rural,High Speed (Arterial),Yes,45.57228056,-106.893975,Non-Intersection,Dark - Not Lighted,Cloudy,0:00am-0:59am,59,1:00am-1:59am,9,Not Applicable (Not Transported),Not Applicable (Not Transported),1,Dark - Unlighted,Reduced Visibility,1,1,['Driver'],['Shoulder_Lapbelt'],1,1,Valid,0.0,0.0,57.0,25.0,"['Male', 'Male']",0,0,4,4,5,Dry,Curve,Level,Lowest,No
20873,30,Montana,300158,0,1,1,0,1,NOT APPLICABLE,September,8,Friday,18,7,Rural,Low Speed (Local),No,45.89099722,-108.30843333,Non-Intersection,Daylight,Cloudy,6:00pm-6:59pm,12,6:00pm-6:59pm,30,Not Applicable (Not Transported),Not Applicable (Not Transported),1,Daylight,Reduced Visibility,1,0,['Driver'],['Shoulder_Lapbelt'],0,0,Valid,0.0,0.0,66.0,66.0,['Female'],0,0,3,4,4,Wet/Standing Water,Straight,Level,Lowest,No
20874,30,Montana,300159,0,2,2,0,2,NOT APPLICABLE,October,21,Saturday,20,0,Rural,Medium Speed (Collector),No,48.61219444,-112.35890833,Non-Intersection,Dark - Not Lighted,Clear,8:00pm-8:59pm,3,8:00pm-8:59pm,10,9:00pm-9:59pm,37,1,Dark - Unlighted,Clear,1,1,['Driver'],['None_Used'],1,1,Valid,0.0,2.0,59.0,24.0,"['Male', 'Female']",1,0,2,4,5,Dry,Curve,Grade/Hillcrest,Lowest,No
20875,30,Montana,300160,0,2,2,0,3,NOT APPLICABLE,November,16,Thursday,8,41,Rural,High Speed (Arterial),Yes,45.34918333,-112.49920833,Non-Intersection,Daylight,Clear,8:00am-8:59am,51,8:00am-8:59am,57,9:00am-9:59am,44,1,Daylight,Clear,1,2,['Driver'],['Shoulder_Lapbelt'],0,0,Valid,0.0,0.0,76.0,52.0,"['Male', 'Male']",0,0,4,4,5,Dry,Straight,Grade/Hillcrest,Lowest,No
20876,30,Montana,300161,0,1,1,0,3,NOT APPLICABLE,November,23,Thursday,12,15,Rural,High Speed (Arterial),Yes,48.02520556,-111.82186111,Non-Intersection,Daylight,Cloudy,12:00pm-12:59pm,19,12:00pm-12:59pm,31,1:00pm-1:59pm,19,1,Daylight,Reduced Visibility,1,2,['Driver'],['None_Used'],0,0,Invalid,0.0,0.0,46.0,46.0,['Female'],3,0,3,4,3,Icy/Snowy,Straight,Level,Lowest,No
20877,30,Montana,300162,0,1,1,0,7,NOT APPLICABLE,October,29,Sunday,3,0,Rural,High Speed (Arterial),Yes,48.13825833,-114.45579722,Non-Intersection,Dark - Not Lighted,Clear,3:00am-3:59am,21,3:00am-3:59am,39,4:00am-4:59am,29,1,Dark - Unlighted,Clear,1,3,['Rear_Seat'],['None_Used'],1,1,Valid,0.0,0.0,16.0,16.0,['Male'],0,0,3,4,3,Dry,Straight,Level,Lowest,No
20878,30,Montana,300163,0,2,2,0,3,NOT APPLICABLE,October,10,Tuesday,13,18,Rural,High Speed (Arterial),Yes,46.57558056,-108.59124167,Complex/Circle,Daylight,Clear,1:00pm-1:59pm,18,1:00pm-1:59pm,29,Unknown,Unknown EMS Hospital Arrival Time,1,Daylight,Clear,1,2,['Driver'],['None_Used'],0,0,Invalid,0.0,0.0,79.0,60.0,"['Male', 'Female']",0,0,5,4,5,Dry,Straight,Level,Lowest,No
20879,30,Montana,300164,0,1,1,0,1,NOT APPLICABLE,October,7,Saturday,17,2,Rural,Medium Speed (Collector),No,45.56285,-107.69089444,Non-Intersection,Daylight,Clear,5:00pm-5:59pm,11,5:00pm-5:59pm,25,Not Applicable (Not Transported),Not Applicable (Not Transported),1,Daylight,Clear,1,0,['Driver'],['None_Used'],1,1,Valid,0.0,0.0,62.0,62.0,['Male'],0,0,5,4,3,Dry,Straight,Level,Lowest,No
20880,30,Montana,300165,0,1,1,0,1,NOT APPLICABLE,October,1,Sunday,1,40,Rural,High Speed (Arterial),Yes,45.80528056,-111.23576667,Non-Intersection,Dark - Not Lighted,Cloudy,1:00am-1:59am,45,1:00am-1:59am,54,Not Applicable (Not Transported),Not Applicable (Not Transported),1,Dark - Unlighted,Reduced Visibility,1,0,['Driver'],['None_Used'],0,0,Valid,0.0,0.0,56.0,56.0,['Male'],0,0,3,4,3,Dry,Straight,Level,Lowest,No
20881,30,Montana,300166,0,3,3,0,7,NOT APPLICABLE,December,16,Saturday,17,40,Rural,High Speed (Arterial),Yes,47.01595,-114.11952778,Non-Intersection,Dark - Not Lighted,Cloudy,5:00pm-5:59pm,46,6:00pm-6:59pm,1,6:00pm-6:59pm,36,2,Dark - Unlighted,Reduced Visibility,2,5,"['Driver', 'Front_Passenger']","['Shoulder_Lapbelt', 'Shoulder_Lapbelt']",1,1,Valid,0.0,0.0,66.0,24.0,"['Female', 'Male', 'Male']",2,0,3,4,5,Icy/Snowy,Straight,Grade/Hillcrest,Lowest,Yes
20882,30,Montana,300167,0,1,1,0,1,NOT APPLICABLE,December,13,Wednesday,7,9,Rural,Medium Speed (Collector),No,45.79313611,-108.82692778,Non-Intersection,Dawn,Clear,7:00am-7:59am,9,7:00am-7:59am,30,Not Applicable (Not Transported),Not Applicable (Not Transported),1,Twilight,Clear,1,0,['Driver'],['None_Used'],0,0,Valid,0.0,0.0,19.0,19.0,['Male'],0,0,3,4,3,Dry,Curve,Level,Lowest,No
20883,30,Montana,300168,0,2,2,0,4,NOT APPLICABLE,December,3,Sunday,14,10,Urban,High Speed (Arterial),Yes,46.82794444,-114.06570833,Non-Intersection,Daylight,Snow,2:00pm-2:59pm,12,2:00pm-2:59pm,19,2:00pm-2:59pm,53,1,Daylight,Snow/Ice/Severe,1,3,['Front_Passenger'],['None_Used'],0,0,Valid,0.0,0.0,91.0,74.0,"['Male', 'Male']",2,0,3,4,5,Icy/Snowy,Straight,Level,Lowest,No
20884,30,Montana,300169,1,1,1,0,2,BILLINGS,April,6,Thursday,20,30,Urban,High Speed (Arterial),Yes,45.80368333,-108.47776111,Non-Intersection,Dark - Lighted,Clear,8:00pm-8:59pm,30,8:00pm-8:59pm,33,Not Applicable (Not Transported),Not Applicable (Not Transported),1,Dark - Lighted,Clear,0,2,[],[],1,1,Invalid,0.0,0.0,49.0,49.0,['Male'],0,0,3,3,4,Dry,Straight,Grade/Hillcrest,Lowest,No
20885,30,Montana,300170,0,2,2,0,5,BILLINGS,April,8,Saturday,15,50,Urban,High Speed (Arterial),No,45.78703056,-108.50339722,Complex/Circle,Daylight,Clear,2:00pm-2:59pm,55,2:00pm-2:59pm,58,3:00pm-3:59pm,5,1,Daylight,Clear,1,4,['Driver'],['None_Used'],0,0,Invalid,0.0,2.0,24.0,22.0,"['Male', 'Female']",1,0,5,4,5,Dry,Straight,Level,Lowest,No
20886,30,Montana,300171,0,2,2,0,2,BILLINGS,May,20,Saturday,23,40,Urban,High Speed (Arterial),No,45.78703889,-108.50339722,Complex/Circle,Dark - Not Lighted,Clear,11:00pm-11:59pm,40,11:00pm-11:59pm,48,Unknown,Unknown EMS Hospital Arrival Time,1,Dark - Unlighted,Clear,1,1,['Driver'],['None_Used'],0,0,Invalid,0.0,0.0,55.0,18.0,"['Male', 'Male']",1,0,5,4,5,Dry,Straight,Level,Lowest,No
20887,30,Montana,300172,0,2,2,0,2,BILLINGS,July,14,Friday,4,8,Urban,Medium Speed (Collector),No,45.74827778,-108.55630278,Complex/Circle,Dark - Lighted,Clear,5:00am-5:59am,0,5:00am-5:59am,4,Not Applicable (Not Transported),Not Applicable (Not Transported),1,Dark - Lighted,Clear,1,1,['Driver'],['None_Used'],0,0,Valid,0.0,0.0,59.0,41.0,"['Female', 'Male']",0,0,5,4,5,Dry,Straight,Level,Lowest,No
20888,30,Montana,300173,0,2,2,0,4,BILLINGS,June,26,Monday,17,46,Urban,High Speed (Arterial),No,45.75799167,-108.617475,Non-Intersection,Daylight,Cloudy,5:00pm-5:59pm,47,5:00pm-5:59pm,55,6:00pm-6:59pm,25,1,Daylight,Reduced Visibility,1,2,['Driver'],['None_Used'],1,1,Valid,0.0,0.0,30.0,18.0,"['Female', 'Male']",1,0,5,4,5,Dry,Straight,Level,Lowest,No
20889,30,Montana,300174,2,1,1,0,1,GREAT FALLS,July,17,Monday,17,17,Urban,High Speed (Arterial),Yes,47.50786389,-111.32216944,Complex/Circle,Daylight,Clear,5:00pm-5:59pm,18,Unknown EMS Scene Arrival Hour,Unknown EMS Scene Arrival Minutes,Unknown,Unknown EMS Hospital Arrival Time,1,Daylight,Clear,0,1,[],[],0,0,Valid,0.0,0.0,63.0,63.0,['Female'],0,0,3,1,4,Dry,Straight,Level,Lowest,No
20890,30,Montana,300175,1,1,1,0,1,MISSOULA,July,21,Friday,16,43,Urban,High Speed (Arterial),Yes,46.86685278,-114.01863889,Complex/Circle,Daylight,Not Reported,Unknown,Unknown,Unknown EMS Scene Arrival Hour,Unknown EMS Scene Arrival Minutes,Unknown,Unknown EMS Hospital Arrival Time,1,Daylight,Clear,0,0,[],[],0,0,Invalid,0.0,0.0,42.0,42.0,['Female'],0,0,3,0,4,Dry,Straight,Level,Lowest,No
20891,30,Montana,300176,1,1,1,0,1,MISSOULA,August,29,Tuesday,5,33,Urban,Medium Speed (Collector),No,46.84876667,-114.04420833,Non-Intersection,Dawn,Clear,5:00am-5:59am,46,5:00am-5:59am,49,5:00am-5:59am,53,1,Twilight,Clear,0,1,[],[],0,0,Valid,0.0,1.0,71.0,71.0,['Female'],0,0,2,1,4,Dry,Straight,Level,Lowest,No
20892,30,Montana,300177,0,2,2,0,3,MISSOULA,September,1,Friday,21,41,Urban,High Speed (Arterial),Yes,46.87051944,-114.00273056,Simple Junction,Dark - Lighted,Clear,9:00pm-9:59pm,44,9:00pm-9:59pm,44,9:00pm-9:59pm,56,1,Dark - Lighted,Clear,1,2,['Driver'],['None_Used'],0,0,Valid,0.0,1.0,74.0,23.0,"['Male', 'Male']",0,0,5,4,5,Dry,Straight,Level,Lowest,Yes
20893,30,Montana,300178,1,1,1,0,2,MISSOULA,September,13,Wednesday,22,1,Urban,High Speed (Arterial),Yes,46.87666389,-114.00932778,Non-Intersection,Dark - Not Lighted,Clear,Unknown,Unknown,Unknown EMS Scene Arrival Hour,Unknown EMS Scene Arrival Minutes,Not Applicable (Not Transported),Not Applicable (Not Transported),1,Dark - Unlighted,Clear,0,2,[],[],0,0,Valid,0.0,0.0,48.0,48.0,['Male'],0,0,3,1,4,Dry,Straight,Level,Lowest,No
20894,30,Montana,300179,0,1,1,0,2,NOT APPLICABLE,December,23,Saturday,2,30,Rural,Low Speed (Local),No,48.14328056,-104.7626,Non-Intersection,Dark - Not Lighted,Clear,3:00am-3:59am,3,3:00am-3:59am,21,4:00am-4:59am,7,1,Dark - Unlighted,Clear,1,1,['Front_Passenger'],['None_Used'],1,1,Valid,0.0,0.0,24.0,24.0,['Female'],2,0,2,4,3,Dry,Curve,Level,Lowest,No
20895,30,Montana,300180,0,2,2,0,3,NOT APPLICABLE,September,13,Wednesday,20,18,Rural,High Speed (Arterial),Yes,46.39110278,-111.57719722,Simple Junction,Dark - Not Lighted,Cloudy,8:00pm-8:59pm,26,8:00pm-8:59pm,32,8:00pm-8:59pm,56,1,Dark - Unlighted,Reduced Visibility,1,2,['Front_Passenger'],['None_Used'],0,0,Invalid,0.0,0.0,62.0,13.0,"['Female', 'Male']",0,0,5,4,5,Dry,Straight,Level,Lowest,No
20896,30,Montana,300181,0,1,1,0,3,NOT APPLICABLE,August,19,Saturday,14,0,Rural,Medium Speed (Collector),No,45.68786944,-108.13374444,Non-Intersection,Daylight,Clear,2:00pm-2:59pm,13,2:00pm-2:59pm,46,Not Applicable (Not Transported),Not Applicable (Not Transported),1,Daylight,Clear,1,2,['Front_Passenger'],['None_Used'],0,0,Valid,0.0,0.0,61.0,61.0,['Male'],0,0,2,4,3,Dry,Straight,Level,Medium,No
20897,30,Montana,300182,0,1,1,0,5,NOT APPLICABLE,December,28,Thursday,18,25,Rural,Medium Speed (Collector),No,47.02274167,-105.59120278,Non-Intersection,Dark - Not Lighted,Clear,6:00pm-6:59pm,30,7:00pm-7:59pm,4,7:00pm-7:59pm,26,1,Dark - Unlighted,Clear,1,4,['Front_Passenger'],['None_Used'],0,0,Invalid,0.0,0.0,57.0,57.0,['Female'],0,0,3,4,3,Dry,Straight,Level,Lowest,No
20898,30,Montana,300183,0,2,2,0,2,NOT APPLICABLE,November,13,Monday,5,26,Rural,Medium Speed (Collector),No,48.09555833,-114.04609444,Non-Intersection,Dark - Not Lighted,Clear,5:00am-5:59am,28,5:00am-5:59am,38,6:00am-6:59am,8,1,Dark - Unlighted,Clear,1,1,['Driver'],['Shoulder_Lapbelt'],0,0,Valid,0.0,0.0,60.0,40.0,"['Male', 'Male']",1,0,3,4,5,Dry,Straight,Level,Lowest,No
20899,30,Montana,300184,0,2,2,0,2,NOT APPLICABLE,December,29,Friday,20,25,Rural,High Speed (Arterial),Yes,46.60732778,-114.09090556,Non-Intersection,Dark - Not Lighted,Clear,8:00pm-8:59pm,34,8:00pm-8:59pm,41,9:00pm-9:59pm,9,1,Dark - Unlighted,Clear,1,1,['Driver'],['Shoulder_Lapbelt'],0,0,Valid,0.0,2.0,66.0,26.0,"['Male', 'Female']",0,0,3,4,5,Dry,Straight,Level,Medium,No
20900,30,Montana,300185,0,1,1,0,1,NOT APPLICABLE,December,31,Sunday,8,55,Rural,High Speed (Arterial),Yes,48.55509444,-109.74827222,Non-Intersection,Daylight,Clear,9:00am-9:59am,6,9:00am-9:59am,10,9:00am-9:59am,36,1,Daylight,Clear,1,0,['Driver'],['None_Used'],0,0,Valid,0.0,0.0,77.0,77.0,['Female'],0,0,3,4,2,Dry,Straight,Level,Medium,No
20901,30,Montana,300186,0,1,1,0,2,NOT APPLICABLE,December,2,Saturday,20,35,Rural,Medium Speed (Collector),No,48.89343889,-115.12842222,Non-Intersection,Dark - Not Lighted,Clear,9:00pm-9:59pm,3,9:00pm-9:59pm,8,10:00pm-10:59pm,38,1,Dark - Unlighted,Clear,1,1,['Driver'],['None_Used'],1,1,Valid,0.0,0.0,38.0,38.0,['Male'],2,0,3,4,3,Icy/Snowy,Curve,Level,Lowest,No
20902,30,Montana,300187,0,1,1,0,2,NOT APPLICABLE,December,15,Friday,2,38,Rural,Medium Speed (Collector),No,47.16045278,-114.028325,Non-Intersection,Dark - Not Lighted,Cloudy,2:00am-2:59am,49,3:00am-3:59am,13,4:00am-4:59am,0,1,Dark - Unlighted,Reduced Visibility,1,1,['Driver'],['None_Used'],1,1,Invalid,0.0,0.0,17.0,17.0,['Male'],2,0,2,4,3,Dry,Curve,Level,Lowest,No
20903,30,Montana,300188,0,1,1,0,1,NOT APPLICABLE,November,3,Friday,20,45,Rural,Low Speed (Local),No,48.41970556,-115.82044444,Non-Intersection,Dark - Not Lighted,Cloudy,Not Applicable (Not Notified),Not Applicable (Not Notified),Not Applicable,Not Applicable,Not Applicable (Not Transported),Not Applicable (Not Transported),1,Dark - Unlighted,Reduced Visibility,1,0,['Driver'],['Shoulder_Lapbelt'],1,1,Valid,0.0,0.0,64.0,64.0,['Female'],0,0,3,4,4,Dry,Straight,Grade/Hillcrest,Lowest,No
20904,30,Montana,300189,0,1,1,0,3,NOT APPLICABLE,December,7,Thursday,18,30,Rural,Medium Speed (Collector),No,48.36913889,-112.79804444,Non-Intersection,Dark - Not Lighted,Snow,6:00pm-6:59pm,24,6:00pm-6:59pm,42,7:00pm-7:59pm,20,1,Dark - Unlighted,Snow/Ice/Severe,1,2,['Rear_Seat'],['None_Used'],1,1,Valid,0.0,0.0,39.0,39.0,['Male'],3,0,3,4,3,Icy/Snowy,Curve,Level,Lowest,No
20905,30,Montana,300190,0,2,2,0,2,NOT APPLICABLE,November,19,Sunday,17,4,Rural,High Speed (Arterial),Yes,45.57271111,-107.41633333,Non-Intersection,Dusk,Clear,5:00pm-5:59pm,3,5:00pm-5:59pm,17,5:00pm-5:59pm,37,1,Twilight,Clear,1,0,['Driver'],['Shoulder_Lapbelt'],0,0,Valid,0.0,0.0,55.0,45.0,"['Male', 'Male']",0,0,4,4,5,Dry,Straight,Grade/Hillcrest,Lowest,No
20906,30,Montana,300191,0,3,3,0,4,NOT APPLICABLE,December,1,Friday,7,0,Rural,High Speed (Arterial),Yes,47.87491667,-114.22326944,Non-Intersection,Dawn,Clear,7:00am-7:59am,4,7:00am-7:59am,20,8:00am-8:59am,35,1,Twilight,Clear,1,3,['Driver'],['Shoulder_Lapbelt'],0,0,Valid,0.0,1.0,61.0,19.0,"['Female', 'Male', 'Male']",2,0,4,4,5,Icy/Snowy,Curve,Level,Lowest,No
20907,30,Montana,300192,0,1,1,0,3,NOT APPLICABLE,December,15,Friday,17,0,Rural,Medium Speed (Collector),No,45.69952778,-110.51961944,Non-Intersection,Dark - Not Lighted,Clear,5:00pm-5:59pm,5,5:00pm-5:59pm,11,5:00pm-5:59pm,35,1,Dark - Unlighted,Clear,1,2,['Rear_Seat'],['None_Used'],1,1,Valid,0.0,0.0,18.0,18.0,['Female'],3,0,3,4,3,Dry,Curve,Level,Lowest,No
20908,30,Montana,300193,0,1,1,0,1,HELENA,April,24,Monday,20,57,Urban,Low Speed (Local),No,46.58828889,-112.04358333,Simple Junction,Dark - Not Lighted,Rain,Unknown,Unknown,Unknown EMS Scene Arrival Hour,Unknown EMS Scene Arrival Minutes,Not Applicable (Not Transported),Not Applicable (Not Transported),1,Dark - Unlighted,Rain/Wind/Minor,1,0,['Driver'],['None_Used'],0,0,Valid,0.0,0.0,61.0,61.0,['Male'],1,0,5,4,3,Wet/Standing Water,Straight,Level,Lowest,No
20909,30,Montana,300194,0,1,1,0,1,KALISPELL,July,22,Saturday,11,26,Urban,Low Speed (Local),No,48.203925,-114.32372222,Non-Intersection,Daylight,Clear,Unknown,Unknown,Unknown EMS Scene Arrival Hour,Unknown EMS Scene Arrival Minutes,Not Applicable (Not Transported),Not Applicable (Not Transported),1,Daylight,Clear,1,0,['Driver'],['Shoulder_Only'],0,0,Valid,0.0,1.0,27.0,27.0,['Male'],0,0,2,4,3,Dry,Straight,Level,Medium,No
20910,30,Montana,300195,0,1,1,0,2,NOT APPLICABLE,November,14,Tuesday,6,50,Rural,Medium Speed (Collector),No,46.33826944,-110.79473611,Non-Intersection,Dawn,Cloudy,6:00am-6:59am,58,7:00am-7:59am,13,Not Applicable (Not Transported),Not Applicable (Not Transported),1,Twilight,Reduced Visibility,1,1,['Front_Passenger'],['None_Used'],0,0,Valid,0.0,0.0,20.0,20.0,['Male'],0,0,3,4,3,Dry,Straight,Level,Lowest,No
20911,30,Montana,300196,0,1,1,0,2,NOT APPLICABLE,February,26,Sunday,99,99,Rural,Medium Speed (Collector),No,45.52740278,-110.67520278,Non-Intersection,Dark - Not Lighted,Snow,Not Applicable (Not Notified),Not Applicable (Not Notified),Not Applicable,Not Applicable,Not Applicable (Not Transported),Not Applicable (Not Transported),1,Dark - Unlighted,Snow/Ice/Severe,1,1,['Front_Passenger'],['None_Used'],1,1,Valid,0.0,0.0,54.0,54.0,['Male'],0,0,3,1,1,Icy/Snowy,Straight,Level,Lowest,No
20912,31,Nebraska,310001,0,2,2,0,7,NOT APPLICABLE,January,4,Wednesday,13,16,Rural,High Speed (Arterial),Yes,42.03235833,-97.75454444,Non-Intersection,Daylight,Clear,1:00pm-1:59pm,23,1:00pm-1:59pm,33,2:00pm-2:59pm,6,1,Daylight,Clear,1,6,['Driver'],['None_Used'],0,0,Valid,0.0,0.0,80.0,30.0,"['Male', 'Male']",6,0,3,4,5,Icy/Snowy,Straight,Level,Lowest,No
20913,31,Nebraska,310002,0,2,2,0,5,NOT APPLICABLE,January,7,Saturday,16,17,Rural,High Speed (Arterial),Yes,40.74860556,-100.72459722,Non-Intersection,Daylight,Clear,4:00pm-4:59pm,20,4:00pm-4:59pm,46,Unknown,Unknown EMS Hospital Arrival Time,1,Daylight,Clear,1,4,['Driver'],['None_Used'],1,1,Valid,0.0,1.0,33.0,28.0,"['Male', 'Male']",0,0,3,4,5,Dry,Curve,Grade/Hillcrest,Lowest,No
20914,31,Nebraska,310003,0,2,2,0,2,NOT APPLICABLE,January,17,Tuesday,7,52,Rural,Medium Speed (Collector),No,41.42581111,-97.75875,Non-Intersection,Dawn,Clear,7:00am-7:59am,55,8:00am-8:59am,5,Not Applicable (Not Transported),Not Applicable (Not Transported),1,Twilight,Clear,1,0,['Driver'],['Shoulder_Lapbelt'],0,0,Valid,0.0,0.0,26.0,24.0,"['Male', 'Male']",0,0,3,4,5,Dry,Straight,Level,Lowest,No
20915,31,Nebraska,310004,0,2,2,0,2,NOT APPLICABLE,January,24,Tuesday,10,54,Rural,High Speed (Arterial),Yes,41.15026944,-99.1474,Non-Intersection,Daylight,Clear,10:00am-10:59am,56,11:00am-11:59am,7,12:00pm-12:59pm,2,1,Daylight,Clear,1,1,['Driver'],['None_Used'],0,0,Valid,0.0,0.0,72.0,70.0,"['Male', 'Male']",0,0,3,4,5,Dry,Straight,Non-Trafficway,Lowest,No
20916,31,Nebraska,310005,0,2,2,0,5,NOT APPLICABLE,January,25,Wednesday,20,45,Rural,Medium Speed (Collector),No,41.3753,-96.81257778,Non-Intersection,Dark - Not Lighted,Clear,8:00pm-8:59pm,45,8:00pm-8:59pm,53,9:00pm-9:59pm,26,1,Dark - Unlighted,Clear,1,4,['Front_Passenger'],['Shoulder_Lapbelt'],0,0,Valid,0.0,4.0,26.0,20.0,"['Male', 'Male']",0,0,2,4,5,Dry,Straight,Grade/Hillcrest,Lowest,No
20917,31,Nebraska,310006,0,1,1,0,1,NOT APPLICABLE,January,28,Saturday,99,99,Rural,Medium Speed (Collector),No,40.15675556,-96.15195556,Non-Intersection,Daylight,Reported as Unknown,4:00pm-4:59pm,25,Unknown EMS Scene Arrival Hour,Officially Cancelled,Unknown,Officially Canceled,1,Daylight,Clear,1,0,['Driver'],['None_Used'],1,1,Valid,0.0,0.0,26.0,26.0,['Female'],0,0,3,4,2,Dry,Straight,Grade/Hillcrest,Lowest,No
20918,31,Nebraska,310007,0,1,1,0,1,NOT APPLICABLE,February,10,Friday,4,8,Rural,Medium Speed (Collector),No,40.87574722,-98.28438333,Non-Intersection,Dark - Not Lighted,Clear,4:00am-4:59am,11,4:00am-4:59am,26,4:00am-4:59am,49,1,Dark - Unlighted,Clear,1,0,['Driver'],['Shoulder_Lapbelt'],0,0,Valid,0.0,0.0,50.0,50.0,['Male'],0,0,3,4,3,Dry,Curve,Level,Lowest,No
20919,31,Nebraska,310008,0,2,2,0,2,NOT APPLICABLE,February,2,Thursday,14,52,Rural,Medium Speed (Collector),No,41.74303611,-97.05853889,Complex/Circle,Daylight,Clear,2:00pm-2:59pm,57,3:00pm-3:59pm,9,3:00pm-3:59pm,36,1,Daylight,Clear,1,1,['Driver'],['None_Used'],0,0,Invalid,2.0,2.0,24.0,19.0,"['Male', 'Male']",0,0,3,4,5,Dry,Straight,Grade/Hillcrest,Lowest,No
20920,31,Nebraska,310009,0,1,1,0,2,LINCOLN,February,10,Friday,20,16,Urban,High Speed (Arterial),Yes,40.83779444,-96.70129444,Non-Intersection,Dark - Lighted,Clear,8:00pm-8:59pm,16,8:00pm-8:59pm,20,8:00pm-8:59pm,48,1,Dark - Lighted,Clear,1,1,['Front_Passenger'],['None_Used'],0,0,Valid,0.0,0.0,47.0,47.0,['Male'],2,0,3,4,2,Dry,Straight,Grade/Hillcrest,Lowest,No
20921,31,Nebraska,310010,0,1,1,0,4,NOT APPLICABLE,February,17,Friday,99,99,Rural,Medium Speed (Collector),No,41.63197778,-96.30860833,Non-Intersection,Dusk,Cloudy,7:00pm-7:59pm,10,7:00pm-7:59pm,30,8:00pm-8:59pm,50,2,Twilight,Reduced Visibility,2,2,"['Driver', 'Rear_Seat']","['Shoulder_Lapbelt', 'Child_Safety']",0,0,Valid,0.0,0.0,29.0,29.0,['Female'],0,0,3,4,3,Dry,Curve,Level,Lowest,No
20922,31,Nebraska,310011,0,2,2,0,2,NOT APPLICABLE,February,17,Friday,15,21,Rural,High Speed (Arterial),Yes,40.71140833,-96.40660278,Complex/Circle,Daylight,Clear,3:00pm-3:59pm,22,3:00pm-3:59pm,36,4:00pm-4:59pm,42,1,Daylight,Clear,1,1,['Driver'],['None_Used'],0,0,Valid,0.0,0.0,84.0,37.0,"['Female', 'Male']",0,0,3,4,5,Dry,Straight,Grade/Hillcrest,Lowest,No
20923,31,Nebraska,310012,0,1,1,0,1,OMAHA,February,19,Sunday,22,15,Urban,Medium Speed (Collector),No,41.24848611,-96.14801111,Non-Intersection,Dark - Lighted,Clear,10:00pm-10:59pm,16,10:00pm-10:59pm,19,Not Applicable (Not Transported),Not Applicable (Not Transported),1,Dark - Lighted,Clear,1,0,['Driver'],['None_Used'],1,1,Valid,0.0,1.0,38.0,38.0,['Male'],0,0,2,4,3,Dry,Straight,Grade/Hillcrest,Lowest,No