,State_Code,State_Name,Crash_ID,Count_Non_Motorists,Count_Vehicles_Total,Count_Vehicle_Forms,Count_PVH_Involved,Count_Occupants_MV,City_Name,Month_Name,Day_of_Month,Day_of_Week,Crash_Hour,Crash_Minute,Area_Rural_Urban,Road_Functional_Class,On_NHS_Road,Latitude,Longitude,Intersection_Type,Light_Condition,Weather_Condition,Notif_Hour,Notif_Minute,Arrival_Hour,Arrival_Minute,Hospital_Hour,Hospital_Minute,Fatalities_Count,Clean_Light_Condition,Clean_Weather_Condition,Total_Killed,Total_Alive,Fatal_Seats_List,Killed_Restraint_List,Any_Driver_Drinking,Total_Drinking_Drivers,Driver_License_Category,Driver_Max_Prev_Accident_Count,Driver_Max_Prev_Speeding_Count,Max_Driver_Age,Min_Driver_Age,Driver_Sex_List,Total_Exceeding_Limit_Vehicles,Total_Too_Fast_Vehicles,Max_Vehicle_Type_Severity_5,Max_Vehicle_Damage_Rank,Max_Harmful_Event_Severity,Crash_Road_Surface_Condition,Crash_Horizontal_Alignment,Crash_Vertical_Profile,Crash_Impairment_Category,Crash_Vehicle_Defect
20924,31,Nebraska,310013,0,1,1,0,1,NOT APPLICABLE,February,20,Monday,23,32,Rural,Medium Speed (Collector),No,41.39326944,-96.60144167,Simple Junction,Dark - Lighted,Reported as Unknown,Unknown,Unknown if Notified,Unknown EMS Scene Arrival Hour,Unknown if Arrived,Not Applicable (Not Transported),Not Applicable (Not Transported),1,Dark - Lighted,Clear,1,0,['Driver'],['Shoulder_Lapbelt'],0,0,Valid,0.0,0.0,36.0,36.0,['Male'],1,0,3,4,3,Dry,Straight,Level,Lowest,No
20925,31,Nebraska,310014,0,2,2,0,2,NOT APPLICABLE,February,22,Wednesday,15,50,Rural,Medium Speed (Collector),No,42.10805278,-97.19354722,Non-Intersection,Daylight,Snow,3:00pm-3:59pm,57,4:00pm-4:59pm,3,4:00pm-4:59pm,37,1,Daylight,Snow/Ice/Severe,1,0,['Driver'],['None_Used'],0,0,Valid,0.0,0.0,34.0,14.0,"['Male', 'Male']",0,0,3,4,5,Icy/Snowy,Curve,Grade/Hillcrest,Lowest,No
20926,31,Nebraska,310015,0,2,2,0,2,NOT APPLICABLE,February,25,Saturday,9,55,Rural,High Speed (Arterial),Yes,41.01760833,-98.35904444,Complex/Circle,Daylight,Clear,9:00am-9:59am,56,10:00am-10:59am,6,10:00am-10:59am,27,1,Daylight,Clear,1,1,['Driver'],['None_Used'],0,0,Valid,0.0,0.0,69.0,34.0,"['Female', 'Male']",0,0,2,4,5,Dry,Straight,Level,Lowest,No
20927,31,Nebraska,310016,0,1,1,0,1,KEARNEY,February,28,Tuesday,1,9,Urban,Low Speed (Local),No,40.69594444,-99.078825,Complex/Circle,Dark - Lighted,Clear,1:00am-1:59am,11,1:00am-1:59am,13,Unknown,Unknown EMS Hospital Arrival Time,1,Dark - Lighted,Clear,1,0,['Driver'],['None_Used'],1,1,Valid,0.0,0.0,31.0,31.0,['Male'],0,0,2,4,3,Dry,Straight,Level,Lowest,No
20928,31,Nebraska,310017,0,2,2,0,4,OMAHA,March,9,Thursday,8,34,Urban,Medium Speed (Collector),No,41.27775556,-96.0023,Complex/Circle,Daylight,Rain,8:00am-8:59am,34,8:00am-8:59am,40,8:00am-8:59am,59,1,Daylight,Rain/Wind/Minor,1,3,['Driver'],['Shoulder_Lapbelt'],1,1,Valid,0.0,0.0,70.0,61.0,"['Male', 'Male']",0,0,4,4,5,Wet/Standing Water,Straight,Grade/Hillcrest,Lowest,No
20929,31,Nebraska,310018,0,2,2,0,2,OMAHA,March,10,Friday,14,27,Urban,Low Speed (Local),No,41.21623889,-96.062325,Complex/Circle,Daylight,Cloudy,2:00pm-2:59pm,28,2:00pm-2:59pm,29,2:00pm-2:59pm,32,1,Daylight,Reduced Visibility,1,1,['Driver'],['None_Used'],0,0,Valid,0.0,0.0,45.0,24.0,"['Male', 'Female']",0,0,3,4,5,Dry,Straight,Level,Lowest,No
20930,31,Nebraska,310019,0,1,1,0,1,OMAHA,March,14,Tuesday,0,34,Urban,Low Speed (Local),No,41.20138333,-96.05530278,Non-Intersection,Dark - Lighted,Clear,0:00am-0:59am,43,0:00am-0:59am,49,1:00am-1:59am,22,1,Dark - Lighted,Clear,1,0,['Driver'],['None_Used'],1,1,Valid,0.0,0.0,19.0,19.0,['Male'],1,0,2,4,3,Dry,Curve,Grade/Hillcrest,Lowest,No
20931,31,Nebraska,310020,0,2,2,0,2,OMAHA,March,22,Wednesday,13,12,Urban,Medium Speed (Collector),No,41.31131111,-95.93728611,Complex/Circle,Daylight,Clear,1:00pm-1:59pm,12,1:00pm-1:59pm,16,1:00pm-1:59pm,34,1,Daylight,Clear,1,1,['Driver'],['None_Used'],0,0,Valid,0.0,1.0,59.0,44.0,"['Male', 'Male']",0,0,3,4,5,Dry,Straight,Level,Lowest,No
20932,31,Nebraska,310021,1,1,1,0,1,OMAHA,March,25,Saturday,23,14,Urban,High Speed (Arterial),Yes,41.21228889,-95.96126389,Complex/Circle,Dark - Lighted,Cloudy,11:00pm-11:59pm,14,11:00pm-11:59pm,21,11:00pm-11:59pm,37,1,Dark - Lighted,Reduced Visibility,0,1,[],[],0,0,Invalid,0.0,0.0,22.0,22.0,['Male'],0,0,2,3,4,Dry,Straight,Grade/Hillcrest,Lowest,No
20933,31,Nebraska,310022,1,1,1,0,1,TECUMSEH,March,16,Thursday,22,4,Rural,Low Speed (Local),No,40.36595833,-96.19863611,Non-Intersection,Dark - Lighted,Clear,Unknown,Unknown if Notified,Unknown EMS Scene Arrival Hour,Unknown if Arrived,Not Applicable (Not Transported),Not Applicable (Not Transported),1,Dark - Lighted,Clear,0,1,[],[],1,1,Valid,0.0,0.0,36.0,36.0,['Female'],1,0,3,3,4,Dry,Straight,Level,Lowest,No
20934,31,Nebraska,310023,0,2,2,0,2,NOT APPLICABLE,March,19,Sunday,11,58,Rural,High Speed (Arterial),Yes,42.56326944,-102.96796111,Non-Intersection,Daylight,Clear,12:00pm-12:59pm,10,12:00pm-12:59pm,31,Unknown,Unknown EMS Hospital Arrival Time,1,Daylight,Clear,1,1,['Driver'],['None_Used'],0,0,Valid,0.0,0.0,47.0,19.0,"['Female', 'Male']",1,0,3,4,5,Dry,Curve,Grade/Hillcrest,Lowest,No
20935,31,Nebraska,310024,0,2,2,0,5,HASTINGS,March,23,Thursday,18,37,Urban,High Speed (Arterial),Yes,40.588925,-98.39236667,Complex/Circle,Daylight,Clear,6:00pm-6:59pm,38,6:00pm-6:59pm,41,6:00pm-6:59pm,53,2,Daylight,Clear,2,3,"['Rear_Seat', 'Rear_Seat']","['Shoulder_Lapbelt', 'Shoulder_Lapbelt']",0,0,Valid,0.0,0.0,67.0,61.0,"['Male', 'Male']",0,0,3,4,5,Dry,Straight,Level,Medium,No
20936,31,Nebraska,310025,0,3,3,0,3,NOT APPLICABLE,March,28,Tuesday,17,5,Rural,High Speed (Arterial),Yes,40.51066111,-99.37989722,Complex/Circle,Daylight,Clear,5:00pm-5:59pm,5,5:00pm-5:59pm,19,5:00pm-5:59pm,43,1,Daylight,Clear,1,2,['Driver'],['None_Used'],0,0,Valid,1.0,1.0,64.0,32.0,"['Male', 'Female', 'Male']",0,0,4,4,5,Dry,Straight,Level,Lowest,No
20937,31,Nebraska,310026,0,1,1,0,1,NOT APPLICABLE,March,30,Thursday,14,40,Rural,High Speed (Arterial),Yes,42.03029722,-97.576275,Non-Intersection,Daylight,Clear,2:00pm-2:59pm,57,3:00pm-3:59pm,4,3:00pm-3:59pm,29,1,Daylight,Clear,1,0,['Driver'],['None_Used'],0,0,Valid,0.0,1.0,23.0,23.0,['Female'],0,0,3,4,3,Dry,Straight,Level,Lowest,No
20938,31,Nebraska,310027,0,2,2,0,2,NOT APPLICABLE,March,30,Thursday,15,40,Rural,High Speed (Arterial),Yes,40.39264722,-95.80570833,Non-Intersection,Daylight,Clear,3:00pm-3:59pm,48,4:00pm-4:59pm,6,4:00pm-4:59pm,17,1,Daylight,Clear,1,1,['Driver'],['None_Used'],0,0,Valid,0.0,0.0,63.0,53.0,"['Male', 'Male']",0,0,3,4,5,Dry,Straight,Level,Lowest,No
20939,31,Nebraska,310028,0,2,2,0,2,NOT APPLICABLE,March,30,Thursday,16,18,Rural,High Speed (Arterial),Yes,40.51063889,-97.59299444,Complex/Circle,Daylight,Clear,4:00pm-4:59pm,23,4:00pm-4:59pm,29,4:00pm-4:59pm,35,1,Daylight,Clear,1,1,['Driver'],['None_Used'],0,0,Valid,0.0,0.0,48.0,40.0,"['Male', 'Male']",0,0,5,4,5,Dry,Straight,Level,Lowest,No
20940,31,Nebraska,310029,0,2,2,0,3,GRAND ISLAND,March,31,Friday,21,13,Urban,High Speed (Arterial),Yes,40.90142778,-98.40043056,Non-Intersection,Dark - Lighted,Clear,9:00pm-9:59pm,22,9:00pm-9:59pm,27,9:00pm-9:59pm,55,1,Dark - Lighted,Clear,1,2,['Driver'],['None_Used'],1,1,Invalid,0.0,0.0,49.0,44.0,"['Male', 'Female']",0,0,3,4,5,Dry,Straight,Level,Lowest,No
20941,31,Nebraska,310030,0,1,1,0,1,NOT APPLICABLE,March,31,Friday,8,20,Rural,High Speed (Arterial),Yes,42.55895,-99.03994722,Non-Intersection,Daylight,Freezing Rain or Drizzle,8:00am-8:59am,26,8:00am-8:59am,33,8:00am-8:59am,42,1,Daylight,Snow/Ice/Severe,1,0,['Driver'],['None_Used'],0,0,Valid,0.0,0.0,86.0,86.0,['Male'],0,0,3,4,3,Icy/Snowy,Curve,Level,Lowest,No
20942,31,Nebraska,310031,1,1,1,0,1,NOT APPLICABLE,March,31,Friday,0,54,Rural,Medium Speed (Collector),No,41.26281944,-96.32451944,Non-Intersection,Dark - Not Lighted,Cloudy,Unknown,Unknown if Notified,Unknown EMS Scene Arrival Hour,Unknown if Arrived,Not Applicable (Not Transported),Not Applicable (Not Transported),1,Dark - Unlighted,Reduced Visibility,0,1,[],[],0,0,Valid,0.0,1.0,46.0,46.0,['Male'],0,0,3,4,4,Wet/Standing Water,Straight,Level,Lowest,No
20943,31,Nebraska,310032,0,1,1,0,1,NOT APPLICABLE,April,1,Saturday,99,99,Rural,Medium Speed (Collector),No,41.11865278,-98.19128889,Non-Intersection,Dark - Not Lighted,Cloudy,3:00am-3:59am,58,4:00am-4:59am,7,Not Applicable (Not Transported),Not Applicable (Not Transported),1,Dark - Unlighted,Reduced Visibility,1,0,['Driver'],['None_Used'],1,1,Valid,0.0,0.0,33.0,33.0,['Male'],0,0,2,4,3,Dry,Curve,Level,Lowest,No
20944,31,Nebraska,310033,0,1,1,0,1,NOT APPLICABLE,March,9,Thursday,7,24,Rural,High Speed (Arterial),Yes,40.23061389,-100.65003056,Non-Intersection,Daylight,Cloudy,7:00am-7:59am,25,7:00am-7:59am,33,8:00am-8:59am,7,1,Daylight,Reduced Visibility,1,0,['Driver'],['None_Used'],0,0,Valid,0.0,0.0,48.0,48.0,['Male'],1,0,3,4,3,Icy/Snowy,Straight,Level,Lowest,No
20945,31,Nebraska,310034,0,2,2,0,2,NOT APPLICABLE,April,5,Wednesday,14,50,Rural,High Speed (Arterial),Yes,42.34696389,-98.02917778,Complex/Circle,Daylight,Clear,Unknown,Unknown,Unknown EMS Scene Arrival Hour,Unknown EMS Scene Arrival Minutes,Not Applicable (Not Transported),Not Applicable (Not Transported),1,Daylight,Clear,1,1,['Driver'],['Shoulder_Lapbelt'],0,0,Valid,0.0,1.0,63.0,53.0,"['Female', 'Male']",0,0,4,4,5,Dry,Straight,Level,Lowest,No
20946,31,Nebraska,310035,0,2,2,0,6,NOT APPLICABLE,April,6,Thursday,17,26,Rural,High Speed (Arterial),Yes,40.98899722,-98.35899722,Complex/Circle,Daylight,Clear,5:00pm-5:59pm,26,5:00pm-5:59pm,40,5:00pm-5:59pm,59,1,Daylight,Clear,1,5,['Front_Passenger'],['None_Used'],1,1,Valid,1.0,0.0,62.0,24.0,"['Male', 'Female']",0,0,3,4,5,Dry,Straight,Level,Lowest,No
20947,31,Nebraska,310036,0,1,1,0,1,LINCOLN,April,8,Saturday,18,49,Urban,High Speed (Arterial),Yes,40.83641944,-96.70612222,Complex/Circle,Daylight,Clear,6:00pm-6:59pm,50,6:00pm-6:59pm,53,Not Applicable (Not Transported),Not Applicable (Not Transported),1,Daylight,Clear,1,0,['Driver'],['None_Used'],0,0,Valid,0.0,0.0,54.0,54.0,['Male'],0,0,3,4,2,Dry,Curve,Grade/Hillcrest,Lowest,No
20948,31,Nebraska,310037,0,1,1,0,1,NOT APPLICABLE,April,8,Saturday,99,99,Rural,Medium Speed (Collector),No,41.33728056,-97.50264167,Simple Junction,Reported as Unknown,Clear,Unknown,Unknown if Notified,Unknown EMS Scene Arrival Hour,Unknown if Arrived,Not Applicable (Not Transported),Not Applicable (Not Transported),1,Dark - Unlighted,Clear,1,0,['Driver'],['None_Used'],1,1,Valid,1.0,0.0,32.0,32.0,['Male'],0,0,3,4,3,Dry,Straight,Level,Lowest,No
20949,31,Nebraska,310038,0,1,1,0,1,OMAHA,April,9,Sunday,5,4,Urban,Low Speed (Local),No,41.27209722,-95.9591,Non-Intersection,Dark - Lighted,Clear,5:00am-5:59am,4,5:00am-5:59am,10,Not Applicable (Not Transported),Not Applicable (Not Transported),1,Dark - Lighted,Clear,1,0,['Driver'],['None_Used'],1,1,Invalid,0.0,0.0,18.0,18.0,['Male'],0,0,2,4,3,Dry,Straight,Grade/Hillcrest,Lowest,No
20950,31,Nebraska,310039,0,1,1,0,1,NOT APPLICABLE,April,9,Sunday,22,50,Rural,High Speed (Arterial),Yes,41.16648333,-97.91761111,Non-Intersection,Dark - Not Lighted,Clear,10:00pm-10:59pm,50,10:00pm-10:59pm,56,Not Applicable (Not Transported),Not Applicable (Not Transported),1,Dark - Unlighted,Clear,1,0,['Driver'],['None_Used'],0,0,Valid,0.0,0.0,18.0,18.0,['Male'],0,0,3,4,3,Dry,Curve,Level,Lowest,No
20951,31,Nebraska,310040,0,1,1,0,1,NOT APPLICABLE,April,13,Thursday,17,3,Rural,Medium Speed (Collector),No,41.05054444,-100.77020556,Non-Intersection,Daylight,Clear,5:00pm-5:59pm,5,5:00pm-5:59pm,16,Not Applicable (Not Transported),Not Applicable (Not Transported),1,Daylight,Clear,1,0,['Driver'],['None_Used'],1,1,Valid,1.0,0.0,26.0,26.0,['Male'],1,0,2,4,3,Dry,Curve,Level,Lowest,No
20952,31,Nebraska,310041,0,1,1,0,1,NOT APPLICABLE,April,14,Friday,5,14,Rural,Medium Speed (Collector),No,41.12586667,-96.83199722,Non-Intersection,Dark - Not Lighted,Clear,5:00am-5:59am,15,5:00am-5:59am,26,Not Applicable (Not Transported),Not Applicable (Not Transported),1,Dark - Unlighted,Clear,1,0,['Driver'],['Shoulder_Lapbelt'],0,0,Valid,0.0,1.0,48.0,48.0,['Male'],0,0,3,4,3,Dry,Straight,Level,Lowest,No
20953,31,Nebraska,310042,0,2,2,0,3,NOT APPLICABLE,February,17,Friday,17,28,Rural,Medium Speed (Collector),No,40.30610278,-97.17978056,Complex/Circle,Daylight,Clear,5:00pm-5:59pm,30,5:00pm-5:59pm,41,5:00pm-5:59pm,59,1,Daylight,Clear,1,2,['Front_Passenger'],['None_Used'],0,0,Valid,0.0,0.0,22.0,16.0,"['Male', 'Male']",0,0,3,4,5,Dry,Straight,Level,Lowest,No
20954,31,Nebraska,310043,0,2,2,0,2,NOT APPLICABLE,February,9,Thursday,13,12,Rural,Medium Speed (Collector),No,41.82890278,-96.54101111,Complex/Circle,Daylight,Clear,1:00pm-1:59pm,15,1:00pm-1:59pm,26,1:00pm-1:59pm,45,1,Daylight,Clear,1,1,['Driver'],['Shoulder_Lapbelt'],0,0,Valid,0.0,0.0,81.0,61.0,"['Male', 'Female']",0,0,4,4,5,Dry,Straight,Level,Lowest,No
20955,31,Nebraska,310044,0,2,2,0,3,NOT APPLICABLE,April,20,Thursday,5,0,Rural,High Speed (Arterial),Yes,42.36587222,-97.4605,Non-Intersection,Dark - Not Lighted,Rain,5:00am-5:59am,27,5:00am-5:59am,34,Unknown,Unknown EMS Hospital Arrival Time,1,Dark - Unlighted,Rain/Wind/Minor,1,2,['Front_Passenger'],['Shoulder_Lapbelt'],0,0,Valid,0.0,2.0,71.0,36.0,"['Male', 'Male']",0,0,4,4,5,Wet/Standing Water,Straight,Level,Lowest,No
20956,31,Nebraska,310045,0,2,2,0,2,NOT APPLICABLE,April,21,Friday,13,18,Rural,Medium Speed (Collector),No,41.14838333,-96.13894722,Complex/Circle,Daylight,Cloudy,1:00pm-1:59pm,18,1:00pm-1:59pm,24,2:00pm-2:59pm,5,1,Daylight,Reduced Visibility,1,1,['Driver'],['None_Used'],0,0,Valid,0.0,6.0,69.0,47.0,"['Male', 'Male']",0,0,5,4,5,Dry,Straight,Level,Lowest,No
20957,31,Nebraska,310046,0,1,1,0,2,NOT APPLICABLE,April,17,Monday,99,99,Rural,High Speed (Arterial),Yes,42.3651,-97.56423611,Non-Intersection,Dark - Not Lighted,Clear,3:00am-3:59am,23,3:00am-3:59am,43,4:00am-4:59am,25,1,Dark - Unlighted,Clear,1,1,['Driver'],['None_Used'],1,1,Valid,0.0,1.0,29.0,29.0,['Male'],0,0,2,4,3,Dry,Curve,Level,Lowest,No
20958,31,Nebraska,310047,0,1,1,0,1,NOT APPLICABLE,April,19,Wednesday,4,14,Rural,High Speed (Arterial),Yes,41.11183056,-101.51650278,Non-Intersection,Dark - Not Lighted,Clear,Unknown,Unknown if Notified,Unknown EMS Scene Arrival Hour,Unknown if Arrived,Not Applicable (Not Transported),Not Applicable (Not Transported),1,Dark - Unlighted,Clear,1,0,['Driver'],['None_Used'],1,1,Valid,0.0,0.0,45.0,45.0,['Male'],0,0,4,4,3,Dry,Straight,Level,Lowest,No
20959,31,Nebraska,310048,0,1,1,0,1,NOT APPLICABLE,April,25,Tuesday,99,99,Rural,Low Speed (Local),No,40.67582778,-97.05140833,Non-Intersection,Reported as Unknown,Reported as Unknown,Unknown,Unknown if Notified,Unknown EMS Scene Arrival Hour,Unknown if Arrived,Not Applicable (Not Transported),Not Applicable (Not Transported),1,Dark - Unlighted,Clear,1,0,['Driver'],['None_Used'],1,1,Valid,0.0,0.0,66.0,66.0,['Male'],0,0,3,4,2,Dry,Straight,Level,Lowest,No
20960,31,Nebraska,310049,0,2,2,0,3,LINCOLN,April,25,Tuesday,13,31,Urban,High Speed (Arterial),No,40.82803889,-96.60591111,Complex/Circle,Daylight,Cloudy,1:00pm-1:59pm,32,1:00pm-1:59pm,36,2:00pm-2:59pm,11,1,Daylight,Reduced Visibility,1,2,['Driver'],['None_Used'],0,0,Valid,1.0,4.0,75.0,21.0,"['Male', 'Female']",1,0,5,4,5,Dry,Straight,Grade/Hillcrest,Lowest,No
20961,31,Nebraska,310050,0,2,2,0,7,NOT APPLICABLE,April,27,Thursday,12,15,Rural,Medium Speed (Collector),No,40.13161944,-99.89397778,Complex/Circle,Daylight,Clear,12:00pm-12:59pm,15,12:00pm-12:59pm,32,1:00pm-1:59pm,8,2,Daylight,Clear,2,5,"['Rear_Seat', 'Front_Passenger']","['None_Used', 'Shoulder_Lapbelt']",0,0,Invalid,0.0,0.0,43.0,28.0,"['Male', 'Male']",0,0,3,4,5,Dry,Straight,Level,Lowest,No
20962,31,Nebraska,310051,0,2,2,0,2,NOT APPLICABLE,April,27,Thursday,15,42,Urban,Medium Speed (Collector),Yes,42.41543611,-96.45029444,Non-Intersection,Daylight,Clear,Unknown,Unknown if Notified,Unknown EMS Scene Arrival Hour,Unknown if Arrived,Not Applicable (Not Transported),Not Applicable (Not Transported),1,Daylight,Clear,1,1,['Driver'],['Shoulder_Lapbelt'],0,0,Valid,0.0,2.0,49.0,17.0,"['Female', 'Male']",0,0,4,4,5,Dry,Straight,Level,Lowest,No
20963,31,Nebraska,310052,0,1,1,0,1,NOT APPLICABLE,May,10,Wednesday,99,99,Rural,Low Speed (Local),No,40.69075556,-101.43986111,Non-Intersection,Dark - Not Lighted,Rain,Not Applicable (Not Notified),Not Applicable (Not Notified),Not Applicable,Not Applicable,Not Applicable (Not Transported),Not Applicable (Not Transported),1,Dark - Unlighted,Rain/Wind/Minor,1,0,['Driver'],['None_Used'],0,0,Valid,0.0,0.0,35.0,35.0,['Male'],0,0,5,4,3,Loose/Unpaved,Straight,Level,Lowest,No
20964,31,Nebraska,310053,0,2,2,0,4,SIDNEY,May,5,Friday,16,40,Urban,High Speed (Arterial),Yes,41.11675278,-102.94897222,Complex/Circle,Daylight,Clear,4:00pm-4:59pm,41,4:00pm-4:59pm,46,5:00pm-5:59pm,15,1,Daylight,Clear,1,3,['Rear_Seat'],['None_Used'],0,0,Valid,0.0,0.0,25.0,16.0,"['Female', 'Male']",0,0,4,4,5,Dry,Straight,Level,Lowest,No
20965,31,Nebraska,310054,0,3,3,0,3,NOT APPLICABLE,May,21,Sunday,16,52,Rural,Medium Speed (Collector),No,40.95653611,-96.44731111,Simple Junction,Daylight,Clear,4:00pm-4:59pm,54,5:00pm-5:59pm,5,Unknown,Unknown EMS Hospital Arrival Time,1,Daylight,Clear,1,2,['Driver'],['Shoulder_Lapbelt'],0,0,Valid,0.0,1.0,88.0,40.0,"['Female', 'Male', 'Male']",0,0,3,4,5,Dry,Straight,Level,Lowest,No
20966,31,Nebraska,310055,0,1,1,0,1,NOT APPLICABLE,May,23,Tuesday,18,36,Rural,Medium Speed (Collector),No,40.82598889,-98.9692,Non-Intersection,Dusk,Clear,Unknown,Unknown if Notified,Unknown EMS Scene Arrival Hour,Unknown if Arrived,Not Applicable (Not Transported),Not Applicable (Not Transported),1,Twilight,Clear,1,0,['Driver'],['None_Used'],1,1,Valid,2.0,0.0,42.0,42.0,['Male'],0,0,3,4,3,Dry,Straight,Grade/Hillcrest,Lowest,No
20967,31,Nebraska,310056,0,2,2,0,3,NOT APPLICABLE,May,24,Wednesday,14,55,Rural,High Speed (Arterial),Yes,41.45268611,-97.14543889,Non-Intersection,Daylight,Clear,2:00pm-2:59pm,56,3:00pm-3:59pm,7,3:00pm-3:59pm,18,1,Daylight,Clear,1,2,['Driver'],['Shoulder_Lapbelt'],1,1,Invalid,1.0,0.0,59.0,23.0,"['Male', 'Male']",0,0,2,4,5,Dry,Straight,Level,Lowest,No
20968,31,Nebraska,310057,0,2,2,0,2,NOT APPLICABLE,May,25,Thursday,17,5,Rural,Medium Speed (Collector),No,40.50825833,-99.88956389,Non-Intersection,Daylight,Rain,5:00pm-5:59pm,8,5:00pm-5:59pm,20,Not Applicable (Not Transported),Not Applicable (Not Transported),2,Daylight,Rain/Wind/Minor,2,0,"['Driver', 'Driver']","['Shoulder_Lapbelt', 'Shoulder_Lapbelt']",0,0,Valid,0.0,0.0,58.0,52.0,"['Male', 'Male']",0,0,3,4,5,Wet/Standing Water,Straight,Grade/Hillcrest,Lowest,No
20969,31,Nebraska,310058,0,2,2,0,2,NOT APPLICABLE,June,2,Friday,99,99,Rural,High Speed (Arterial),Yes,41.19198333,-97.39006111,Non-Intersection,Dark - Not Lighted,Cloudy,10:00pm-10:59pm,21,10:00pm-10:59pm,28,11:00pm-11:59pm,13,2,Dark - Unlighted,Reduced Visibility,2,0,"['Driver', 'Driver']","['Shoulder_Lapbelt', 'Shoulder_Lapbelt']",0,0,Valid,0.0,0.0,60.0,42.0,"['Male', 'Female']",0,0,3,4,5,Dry,Straight,Level,Medium,No
20970,31,Nebraska,310059,1,1,1,0,1,NOT APPLICABLE,June,7,Wednesday,6,41,Rural,High Speed (Arterial),Yes,41.83363333,-103.58606944,Non-Intersection,Daylight,Clear,Unknown,Unknown if Notified,Unknown EMS Scene Arrival Hour,Unknown if Arrived,Not Applicable (Not Transported),Not Applicable (Not Transported),1,Daylight,Clear,0,1,[],[],1,1,Valid,0.0,0.0,32.0,32.0,['Male'],0,0,3,3,4,Dry,Straight,Level,Lowest,No
20971,31,Nebraska,310060,1,1,1,0,1,OMAHA,January,6,Friday,18,45,Urban,Medium Speed (Collector),No,41.26580833,-95.98077778,Non-Intersection,Dark - Lighted,Cloudy,6:00pm-6:59pm,46,6:00pm-6:59pm,50,6:00pm-6:59pm,56,1,Dark - Lighted,Reduced Visibility,0,1,[],[],0,0,Valid,1.0,0.0,57.0,57.0,['Male'],0,0,4,1,4,Dry,Straight,Level,Lowest,No
20972,31,Nebraska,310061,0,1,1,0,2,OMAHA,January,8,Sunday,3,17,Urban,High Speed (Arterial),Yes,41.28499167,-96.04535556,Non-Intersection,Dark - Lighted,Clear,3:00am-3:59am,17,3:00am-3:59am,24,3:00am-3:59am,45,1,Dark - Lighted,Clear,1,1,['Driver'],['None_Used'],1,1,Valid,0.0,0.0,43.0,43.0,['Male'],0,0,2,4,3,Dry,Straight,Grade/Hillcrest,Lowest,No
20973,31,Nebraska,310062,0,2,2,0,2,OMAHA,January,25,Wednesday,15,23,Urban,High Speed (Arterial),Yes,41.2679,-95.96899444,Complex/Circle,Daylight,Cloudy,3:00pm-3:59pm,23,3:00pm-3:59pm,27,3:00pm-3:59pm,48,1,Daylight,Reduced Visibility,1,1,['Driver'],['Shoulder_Lapbelt'],0,0,Valid,0.0,0.0,68.0,20.0,"['Male', 'Male']",2,0,3,4,5,Dry,Straight,Grade/Hillcrest,Lowest,No
20974,31,Nebraska,310063,0,1,1,0,1,OMAHA,February,2,Thursday,2,57,Urban,Low Speed (Local),No,41.19750556,-96.149025,Non-Intersection,Dark - Lighted,Clear,2:00am-2:59am,58,3:00am-3:59am,4,Not Applicable (Not Transported),Not Applicable (Not Transported),1,Dark - Lighted,Clear,1,0,['Driver'],['None_Used'],1,1,Valid,0.0,1.0,22.0,22.0,['Male'],0,0,3,4,3,Dry,Curve,Level,Lowest,No
20975,31,Nebraska,310064,0,1,1,0,1,OMAHA,February,4,Saturday,21,20,Urban,High Speed (Arterial),Yes,41.34005833,-96.02718056,Non-Intersection,Dark - Not Lighted,Cloudy,9:00pm-9:59pm,22,9:00pm-9:59pm,29,9:00pm-9:59pm,56,1,Dark - Unlighted,Reduced Visibility,1,0,['Driver'],['Shoulder_Lapbelt'],0,0,Valid,0.0,0.0,61.0,61.0,['Male'],0,0,2,4,3,Dry,Straight,Grade/Hillcrest,Lowest,No
20976,31,Nebraska,310065,0,1,1,0,1,NOT APPLICABLE,June,4,Sunday,7,0,Rural,Medium Speed (Collector),No,40.99505556,-96.38789167,Non-Intersection,Daylight,Clear,7:00am-7:59am,2,7:00am-7:59am,7,7:00am-7:59am,41,1,Daylight,Clear,1,0,['Driver'],['None_Used'],0,0,Valid,0.0,0.0,64.0,64.0,['Male'],0,0,5,4,1,Dry,Straight,Level,Lowest,No
20977,31,Nebraska,310066,0,2,2,0,2,LINCOLN,June,10,Saturday,4,12,Urban,Medium Speed (Collector),No,40.79895278,-96.64414722,Complex/Circle,Dark - Lighted,Clear,4:00am-4:59am,21,4:00am-4:59am,25,4:00am-4:59am,50,1,Dark - Lighted,Clear,1,1,['Driver'],['Shoulder_Lapbelt'],1,1,Valid,0.0,1.0,35.0,29.0,"['Male', 'Male']",0,0,3,4,5,Dry,Straight,Level,Lowest,No
20978,31,Nebraska,310067,0,1,1,0,1,NOT APPLICABLE,June,12,Monday,14,20,Rural,Medium Speed (Collector),No,41.51119722,-99.74998611,Non-Intersection,Daylight,Clear,Unknown,Unknown,Unknown EMS Scene Arrival Hour,Unknown EMS Scene Arrival Minutes,Not Applicable (Not Transported),Not Applicable (Not Transported),1,Daylight,Clear,1,0,['Driver'],['Shoulder_Lapbelt'],1,1,Valid,1.0,0.0,39.0,39.0,['Male'],0,0,3,4,3,Dry,Curve,Grade/Hillcrest,Lowest,No
20979,31,Nebraska,310068,0,2,2,0,2,NOT APPLICABLE,June,12,Monday,16,15,Rural,Medium Speed (Collector),No,40.87575278,-98.45511111,Complex/Circle,Daylight,Clear,Unknown,Unknown if Notified,Unknown EMS Scene Arrival Hour,Unknown if Arrived,Not Applicable (Not Transported),Not Applicable (Not Transported),1,Daylight,Clear,1,1,['Driver'],['None_Used'],0,0,Valid,0.0,0.0,51.0,29.0,"['Male', 'Male']",0,0,5,4,5,Dry,Straight,Level,Lowest,No
20980,31,Nebraska,310069,0,1,1,0,1,NOT APPLICABLE,June,17,Saturday,20,35,Rural,Medium Speed (Collector),No,40.70098611,-96.70160833,Non-Intersection,Daylight,Clear,8:00pm-8:59pm,46,8:00pm-8:59pm,51,Not Applicable (Not Transported),Not Applicable (Not Transported),1,Daylight,Clear,1,0,['Driver'],['None_Used'],0,0,Valid,0.0,1.0,20.0,20.0,['Male'],1,0,2,4,3,Dry,Straight,Level,Lowest,No