,State_Code,State_Name,Crash_ID,Count_Non_Motorists,Count_Vehicles_Total,Count_Vehicle_Forms,Count_PVH_Involved,Count_Occupants_MV,City_Name,Month_Name,Day_of_Month,Day_of_Week,Crash_Hour,Crash_Minute,Area_Rural_Urban,Road_Functional_Class,On_NHS_Road,Latitude,Longitude,Intersection_Type,Light_Condition,Weather_Condition,Notif_Hour,Notif_Minute,Arrival_Hour,Arrival_Minute,Hospital_Hour,Hospital_Minute,Fatalities_Count,Clean_Light_Condition,Clean_Weather_Condition,Total_Killed,Total_Alive,Fatal_Seats_List,Killed_Restraint_List,Any_Driver_Drinking,Total_Drinking_Drivers,Driver_License_Category,Driver_Max_Prev_Accident_Count,Driver_Max_Prev_Speeding_Count,Max_Driver_Age,Min_Driver_Age,Driver_Sex_List,Total_Exceeding_Limit_Vehicles,Total_Too_Fast_Vehicles,Max_Vehicle_Type_Severity_5,Max_Vehicle_Damage_Rank,Max_Harmful_Event_Severity,Crash_Road_Surface_Condition,Crash_Horizontal_Alignment,Crash_Vertical_Profile,Crash_Impairment_Category,Crash_Vehicle_Defect
20981,31,Nebraska,310070,0,2,2,0,3,NOT APPLICABLE,June,18,Sunday,14,51,Rural,High Speed (Arterial),Yes,40.71265,-98.80909722,Non-Intersection,Daylight,Clear,Unknown,Unknown,Unknown EMS Scene Arrival Hour,Unknown EMS Scene Arrival Minutes,Not Applicable (Not Transported),Not Applicable (Not Transported),1,Daylight,Clear,1,2,['Driver'],['Shoulder_Lapbelt'],0,0,Valid,0.0,3.0,28.0,22.0,"['Male', 'Male']",0,0,4,4,5,Dry,Straight,Level,Lowest,No
20982,31,Nebraska,310071,0,2,2,0,2,OMAHA,June,2,Friday,2,37,Urban,High Speed (Arterial),Yes,41.34498611,-95.97013611,Non-Intersection,Dark - Lighted,Cloudy,2:00am-2:59am,39,2:00am-2:59am,48,3:00am-3:59am,10,1,Dark - Lighted,Reduced Visibility,1,1,['Driver'],['None_Used'],1,1,Valid,1.0,0.0,59.0,32.0,"['Male', 'Male']",0,0,4,4,5,Dry,Straight,Level,Lowest,No
20983,31,Nebraska,310072,0,1,1,0,1,NOT APPLICABLE,June,18,Sunday,21,41,Rural,High Speed (Arterial),Yes,42.35171389,-97.61245556,Non-Intersection,Dark - Not Lighted,Clear,9:00pm-9:59pm,47,9:00pm-9:59pm,55,Not Applicable (Not Transported),Not Applicable (Not Transported),1,Dark - Unlighted,Clear,1,0,['Driver'],['None_Used'],1,1,Valid,0.0,0.0,41.0,41.0,['Female'],1,0,3,4,2,Dry,Curve,Level,Lowest,No
20984,31,Nebraska,310073,0,3,3,0,5,NOT APPLICABLE,April,3,Monday,4,30,Rural,Medium Speed (Collector),No,42.31033889,-96.69218056,Non-Intersection,Dark - Not Lighted,Clear,4:00am-4:59am,55,5:00am-5:59am,3,Not Applicable (Not Transported),Not Applicable (Not Transported),3,Dark - Unlighted,Clear,3,2,"['Driver', 'Front_Passenger', 'Rear_Seat']","['Shoulder_Lapbelt', 'Shoulder_Lapbelt', 'Shoulder_Lapbelt']",1,1,Valid,0.0,1.0,50.0,31.0,"['Male', 'Male', 'Male']",0,0,4,4,5,Dry,Curve,Grade/Hillcrest,Lowest,No
20985,31,Nebraska,310074,0,1,1,0,1,OMAHA,April,9,Sunday,16,39,Urban,Low Speed (Local),No,41.21981389,-95.93753056,Non-Intersection,Daylight,Clear,4:00pm-4:59pm,40,4:00pm-4:59pm,43,5:00pm-5:59pm,0,1,Daylight,Clear,1,0,['Driver'],['None_Used'],0,0,Valid,1.0,1.0,20.0,20.0,['Male'],1,0,5,4,2,Dry,Curve,Grade/Hillcrest,Lowest,No
20986,31,Nebraska,310075,0,2,2,0,2,OMAHA,April,10,Monday,6,49,Urban,Medium Speed (Collector),No,41.263825,-96.11966667,Complex/Circle,Dawn,Cloudy,6:00am-6:59am,49,6:00am-6:59am,55,7:00am-7:59am,9,1,Twilight,Reduced Visibility,1,1,['Driver'],['None_Used'],0,0,Valid,0.0,1.0,32.0,22.0,"['Male', 'Male']",0,0,5,4,5,Wet/Standing Water,Straight,Level,Lowest,No
20987,31,Nebraska,310076,0,1,1,0,2,OMAHA,April,26,Wednesday,20,9,Urban,Low Speed (Local),No,41.2944,-95.93147778,Non-Intersection,Dark - Not Lighted,Cloudy,8:00pm-8:59pm,10,8:00pm-8:59pm,16,8:00pm-8:59pm,52,1,Dark - Unlighted,Reduced Visibility,1,0,['Front_Passenger'],['None_Used'],0,0,Invalid,0.0,0.0,39.0,39.0,['Male'],2,0,3,4,3,Dry,Straight,Level,Lowest,No
20988,31,Nebraska,310077,0,1,1,0,1,NOT APPLICABLE,May,17,Wednesday,19,58,Rural,Low Speed (Local),No,41.27129167,-96.27438889,Non-Intersection,Dusk,Clear,7:00pm-7:59pm,59,8:00pm-8:59pm,5,8:00pm-8:59pm,50,1,Twilight,Clear,1,0,['Driver'],['None_Used'],1,1,Valid,0.0,0.0,58.0,58.0,['Male'],0,0,5,4,3,Dry,Curve,Level,Lowest,No
20989,31,Nebraska,310078,0,1,1,0,2,OMAHA,May,23,Tuesday,14,8,Urban,Low Speed (Local),No,41.25749722,-96.07319722,Non-Intersection,Daylight,Clear,2:00pm-2:59pm,8,2:00pm-2:59pm,14,2:00pm-2:59pm,31,1,Daylight,Clear,1,1,['Driver'],['None_Used'],1,1,Valid,0.0,0.0,33.0,33.0,['Male'],2,0,5,4,3,Dry,Curve,Grade/Hillcrest,Lowest,No
20990,31,Nebraska,310079,0,2,2,0,4,OMAHA,May,30,Tuesday,13,43,Urban,High Speed (Arterial),Yes,41.2816,-95.99029722,Complex/Circle,Daylight,Clear,1:00pm-1:59pm,43,1:00pm-1:59pm,47,2:00pm-2:59pm,8,1,Daylight,Clear,1,3,['Front_Passenger'],['Shoulder_Lapbelt'],0,0,Valid,1.0,0.0,78.0,44.0,"['Male', 'Male']",2,0,3,4,5,Dry,Curve,Grade/Hillcrest,Lowest,No
20991,31,Nebraska,310080,0,2,2,0,2,NOT APPLICABLE,June,19,Monday,17,36,Urban,Medium Speed (Collector),No,41.11860833,-102.94896944,Complex/Circle,Daylight,Clear,5:00pm-5:59pm,38,5:00pm-5:59pm,44,5:00pm-5:59pm,57,1,Daylight,Clear,1,0,['Driver'],['None_Used'],0,0,Valid,1.0,1.0,37.0,33.0,"['Male', 'Male']",0,0,5,4,5,Dry,Straight,Level,Lowest,No
20992,31,Nebraska,310081,0,2,2,0,4,OMAHA,June,20,Tuesday,14,46,Urban,High Speed (Arterial),Yes,41.28908611,-96.087525,Complex/Circle,Daylight,Clear,2:00pm-2:59pm,46,2:00pm-2:59pm,53,3:00pm-3:59pm,13,1,Daylight,Clear,1,3,['Driver'],['Shoulder_Lapbelt'],0,0,Valid,0.0,0.0,38.0,17.0,"['Female', 'Male']",3,0,3,4,5,Dry,Straight,Level,Lowest,No
20993,31,Nebraska,310082,0,1,1,0,1,NOT APPLICABLE,June,27,Tuesday,13,7,Rural,Medium Speed (Collector),No,40.82497778,-99.08427778,Non-Intersection,Daylight,Clear,Unknown,Unknown if Notified,Unknown EMS Scene Arrival Hour,Unknown if Arrived,Not Applicable (Not Transported),Not Applicable (Not Transported),1,Daylight,Clear,1,0,['Driver'],['None_Used'],0,0,Valid,0.0,0.0,65.0,65.0,['Male'],0,0,3,4,3,Dry,Straight,Level,Lowest,No
20994,31,Nebraska,310083,0,1,1,0,1,OMAHA,June,29,Thursday,23,0,Urban,High Speed (Arterial),Yes,41.33995278,-96.02746389,Non-Intersection,Dark - Lighted,Cloudy,11:00am-11:59am,4,11:00am-11:59am,10,Not Applicable (Not Transported),Not Applicable (Not Transported),1,Dark - Lighted,Reduced Visibility,1,0,['Driver'],['None_Used'],0,0,Valid,0.0,0.0,70.0,70.0,['Male'],0,0,2,4,3,Dry,Curve,Grade/Hillcrest,Lowest,No
20995,31,Nebraska,310084,0,3,3,0,6,NOT APPLICABLE,June,29,Thursday,7,58,Rural,High Speed (Arterial),Yes,41.07896389,-95.89952778,Non-Intersection,Dawn,Rain,7:00am-7:59am,59,8:00am-8:59am,7,8:00am-8:59am,43,1,Twilight,Rain/Wind/Minor,1,5,['Rear_Seat'],['None_Used'],0,0,Valid,0.0,1.0,58.0,34.0,"['Female', 'Male', 'Male']",0,0,3,4,5,Wet/Standing Water,Straight,Level,Lowest,No
20996,31,Nebraska,310085,0,1,1,0,2,NOT APPLICABLE,July,3,Monday,0,20,Rural,Medium Speed (Collector),No,41.10351944,-96.17691389,Complex/Circle,Dark - Not Lighted,Clear,0:00am-0:59am,26,0:00am-0:59am,38,1:00am-1:59am,9,1,Dark - Unlighted,Clear,1,1,['Driver'],['None_Used'],0,0,Valid,0.0,0.0,17.0,17.0,['Male'],2,0,2,4,2,Loose/Unpaved,Straight,Level,Lowest,No
20997,31,Nebraska,310086,0,2,2,0,5,NOT APPLICABLE,July,4,Tuesday,20,7,Rural,Medium Speed (Collector),No,40.95736111,-96.38838889,Complex/Circle,Dusk,Rain,8:00pm-8:59pm,7,8:00pm-8:59pm,7,Unknown,Unknown EMS Hospital Arrival Time,4,Twilight,Rain/Wind/Minor,4,1,"['Driver', 'Front_Passenger', 'Rear_Seat', 'Rear_Seat']","['None_Used', 'Shoulder_Lapbelt', 'None_Used', 'None_Used']",1,1,Valid,0.0,0.0,34.0,22.0,"['Male', 'Male']",0,0,3,4,5,Wet/Standing Water,Straight,Level,Lowest,No
20998,31,Nebraska,310087,0,1,1,0,1,NOT APPLICABLE,July,4,Tuesday,11,20,Rural,Medium Speed (Collector),No,41.15818611,-99.940975,Non-Intersection,Daylight,Clear,11:00am-11:59am,24,11:00am-11:59am,42,12:00pm-12:59pm,27,1,Daylight,Clear,1,0,['Driver'],['None_Used'],0,0,Valid,0.0,0.0,45.0,45.0,['Male'],0,0,5,4,3,Dry,Curve,Level,Lowest,No
20999,31,Nebraska,310088,0,2,2,0,2,NOT APPLICABLE,July,7,Friday,7,2,Rural,Medium Speed (Collector),No,42.01608056,-97.3804,Non-Intersection,Daylight,Rain,7:00am-7:59am,3,7:00am-7:59am,8,7:00am-7:59am,36,1,Daylight,Rain/Wind/Minor,1,1,['Driver'],['None_Used'],0,0,Valid,0.0,7.0,37.0,23.0,"['Male', 'Male']",0,0,3,4,5,Wet/Standing Water,Curve,Level,Lowest,No
21000,31,Nebraska,310089,0,1,1,0,1,NOT APPLICABLE,July,8,Saturday,17,30,Rural,Medium Speed (Collector),No,41.39789444,-96.77103889,Non-Intersection,Daylight,Clear,5:00pm-5:59pm,37,5:00pm-5:59pm,51,6:00pm-6:59pm,10,1,Daylight,Clear,1,0,['Driver'],['None_Used'],1,1,Valid,0.0,0.0,63.0,63.0,['Male'],0,0,5,3,2,Dry,Straight,Level,Lowest,No
21001,31,Nebraska,310091,0,1,1,0,1,NOT APPLICABLE,July,10,Monday,0,31,Rural,Medium Speed (Collector),No,40.09560833,-96.35040278,Non-Intersection,Dark - Not Lighted,Clear,2:00am-2:59am,42,2:00am-2:59am,57,Not Applicable (Not Transported),Not Applicable (Not Transported),1,Dark - Unlighted,Clear,1,0,['Driver'],['Shoulder_Lapbelt'],0,0,Valid,0.0,0.0,23.0,23.0,['Male'],0,0,2,4,3,Dry,Straight,Level,Lowest,No
21002,31,Nebraska,310092,0,2,2,0,2,OMAHA,July,9,Sunday,0,54,Urban,High Speed (Arterial),Yes,41.21234722,-95.94290833,Non-Intersection,Dark - Lighted,Clear,0:00am-0:59am,54,1:00am-1:59am,0,1:00am-1:59am,22,1,Dark - Lighted,Clear,1,1,['Driver'],['None_Used'],1,2,Valid,0.0,1.0,25.0,22.0,"['Male', 'Male']",0,0,5,4,5,Dry,Curve,Grade/Hillcrest,Lowest,No
21003,31,Nebraska,310093,0,1,1,0,1,NOT APPLICABLE,July,10,Monday,11,52,Rural,High Speed (Arterial),Yes,41.11000278,-101.36427222,Non-Intersection,Daylight,Clear,12:00pm-12:59pm,3,12:00pm-12:59pm,8,Not Applicable (Not Transported),Not Applicable (Not Transported),1,Daylight,Clear,1,0,['Driver'],['None_Used'],0,0,Valid,1.0,0.0,71.0,71.0,['Female'],0,0,2,4,3,Dry,Straight,Level,Lowest,No
21004,31,Nebraska,310094,0,1,1,0,2,NOT APPLICABLE,July,10,Monday,15,0,Rural,Low Speed (Local),No,41.36503611,-103.59306667,Non-Intersection,Daylight,Clear,3:00pm-3:59pm,17,3:00pm-3:59pm,27,4:00pm-4:59pm,27,1,Daylight,Clear,1,1,['Driver'],['None_Used'],0,0,Invalid,0.0,1.0,51.0,51.0,['Female'],0,0,3,4,3,Dry,Straight,Level,Lowest,No
21005,31,Nebraska,310095,1,1,1,0,1,NOT APPLICABLE,July,15,Saturday,0,54,Rural,Low Speed (Local),No,41.27056944,-101.81545278,Non-Intersection,Dark - Not Lighted,Clear,Unknown,Unknown if Notified,Unknown EMS Scene Arrival Hour,Unknown if Arrived,Not Applicable (Not Transported),Not Applicable (Not Transported),1,Dark - Unlighted,Clear,0,1,[],[],1,1,Invalid,0.0,0.0,21.0,21.0,['Male'],0,0,3,1,4,Dry,Straight,Level,Lowest,No
21006,31,Nebraska,310096,0,1,1,0,2,NOT APPLICABLE,July,16,Sunday,8,35,Rural,Low Speed (Local),No,40.09633611,-99.33824167,Non-Intersection,Daylight,Clear,8:00am-8:59am,45,8:00am-8:59am,49,9:00am-9:59am,7,1,Daylight,Clear,1,1,['Driver'],['None_Used'],1,1,Valid,0.0,0.0,22.0,22.0,['Male'],2,0,3,4,3,Dry,Curve,Level,Lowest,No
21007,31,Nebraska,310097,0,3,3,0,3,NOT APPLICABLE,July,20,Thursday,21,44,Rural,High Speed (Arterial),Yes,42.45151667,-97.42631667,Non-Intersection,Dark - Not Lighted,Clear,9:00pm-9:59pm,44,9:00pm-9:59pm,50,10:00pm-10:59pm,36,1,Dark - Unlighted,Clear,1,2,['Driver'],['None_Used'],0,0,Valid,2.0,0.0,69.0,35.0,"['Male', 'Female', 'Male']",0,0,4,4,5,Dry,Straight,Level,Lowest,No
21008,31,Nebraska,310098,0,1,1,0,2,NOT APPLICABLE,July,21,Friday,13,43,Rural,Medium Speed (Collector),No,41.69165278,-97.21398889,Non-Intersection,Daylight,Clear,1:00pm-1:59pm,44,2:00pm-2:59pm,1,Unknown,Unknown EMS Hospital Arrival Time,1,Daylight,Clear,1,1,['Front_Passenger'],['None_Used'],0,0,Valid,0.0,0.0,38.0,38.0,['Male'],0,0,3,4,3,Loose/Unpaved,Straight,Level,Lowest,No
21009,31,Nebraska,310099,1,1,1,0,1,OMAHA,June,12,Monday,21,34,Urban,High Speed (Arterial),Yes,41.25978056,-95.96149167,Complex/Circle,Dark - Lighted,Clear,9:00pm-9:59pm,34,9:00pm-9:59pm,41,9:00pm-9:59pm,48,1,Dark - Lighted,Clear,0,1,[],[],0,0,Valid,0.0,0.0,72.0,72.0,['Male'],0,0,2,2,4,Dry,Straight,Level,Lowest,No
21010,31,Nebraska,310100,0,2,2,0,2,OMAHA,July,12,Wednesday,0,13,Urban,Low Speed (Local),No,41.21419722,-96.06212222,Complex/Circle,Dark - Lighted,Clear,0:00am-0:59am,14,0:00am-0:59am,20,0:00am-0:59am,38,1,Dark - Lighted,Clear,1,1,['Driver'],['None_Used'],1,1,Valid,2.0,1.0,50.0,33.0,"['Male', 'Male']",0,0,2,4,5,Dry,Straight,Level,Lowest,No
21011,31,Nebraska,310101,0,2,2,0,2,NOT APPLICABLE,July,24,Monday,19,0,Rural,Medium Speed (Collector),No,41.2057,-98.25104167,Non-Intersection,Daylight,Clear,7:00pm-7:59pm,5,7:00pm-7:59pm,17,7:00pm-7:59pm,33,1,Daylight,Clear,1,1,['Driver'],['None_Used'],1,1,Valid,0.0,0.0,66.0,47.0,"['Female', 'Female']",0,0,3,4,5,Dry,Straight,Level,Lowest,No
21012,31,Nebraska,310102,0,2,2,0,2,NOT APPLICABLE,July,24,Monday,6,23,Rural,High Speed (Arterial),Yes,40.92775833,-95.91168889,Non-Intersection,Dawn,Cloudy,6:00am-6:59am,25,6:00am-6:59am,27,Not Applicable (Not Transported),Not Applicable (Not Transported),1,Twilight,Reduced Visibility,1,1,['Driver'],['Shoulder_Lapbelt'],1,1,Valid,0.0,0.0,45.0,33.0,"['Male', 'Male']",0,0,3,4,5,Wet/Standing Water,Straight,Level,Lowest,No
21013,31,Nebraska,310103,0,1,1,0,3,NOT APPLICABLE,July,24,Monday,13,53,Rural,Medium Speed (Collector),No,40.61632778,-99.73803889,Non-Intersection,Daylight,Clear,1:00pm-1:59pm,58,2:00pm-2:59pm,9,3:00pm-3:59pm,0,1,Daylight,Clear,1,2,['Front_Passenger'],['None_Used'],0,0,Valid,0.0,0.0,34.0,34.0,['Male'],3,0,3,4,3,Loose/Unpaved,Straight,Level,Lowest,No
21014,31,Nebraska,310104,0,2,2,0,2,NOT APPLICABLE,July,26,Wednesday,2,46,Rural,High Speed (Arterial),Yes,42.4483,-96.49154444,Non-Intersection,Dark - Not Lighted,Cloudy,2:00am-2:59am,48,3:00am-3:59am,3,3:00am-3:59am,23,1,Dark - Unlighted,Reduced Visibility,1,1,['Driver'],['None_Used'],0,0,Valid,0.0,0.0,79.0,44.0,"['Female', 'Male']",0,0,2,4,5,Dry,Straight,Level,Lowest,No
21015,31,Nebraska,310105,0,1,1,0,1,NOT APPLICABLE,July,26,Wednesday,99,99,Rural,Low Speed (Local),No,41.40771944,-96.15889167,Non-Intersection,Daylight,Clear,11:00am-11:59am,55,12:00pm-12:59pm,3,Not Applicable (Not Transported),Not Applicable (Not Transported),1,Daylight,Clear,1,0,['Driver'],['None_Used'],0,0,Valid,0.0,0.0,85.0,85.0,['Male'],0,0,3,4,2,Loose/Unpaved,Straight,Grade/Hillcrest,Lowest,No
21016,31,Nebraska,310106,0,1,1,0,1,GRETNA,July,27,Thursday,13,50,Urban,Low Speed (Local),No,41.14881111,-96.17735278,Non-Intersection,Daylight,Clear,1:00pm-1:59pm,55,1:00pm-1:59pm,56,2:00pm-2:59pm,31,1,Daylight,Clear,1,0,['Driver'],['Shoulder_Lapbelt'],1,1,Invalid,0.0,0.0,55.0,55.0,['Male'],0,0,2,4,3,Dry,Straight,Level,Lowest,No
21017,31,Nebraska,310107,0,1,1,0,1,NOT APPLICABLE,August,9,Wednesday,20,12,Rural,Medium Speed (Collector),No,41.68305833,-98.06018333,Non-Intersection,Daylight,Clear,8:00pm-8:59pm,12,8:00pm-8:59pm,21,Not Applicable (Not Transported),Not Applicable (Not Transported),1,Daylight,Clear,1,0,['Driver'],['None_Used'],0,0,Valid,1.0,0.0,77.0,77.0,['Male'],0,0,3,4,3,Dry,Straight,Level,Lowest,No
21018,31,Nebraska,310108,0,1,1,0,1,NOT APPLICABLE,August,12,Saturday,14,55,Rural,Low Speed (Local),No,41.74261944,-96.79685278,Non-Intersection,Reported as Unknown,Clear,Unknown,Unknown,Unknown EMS Scene Arrival Hour,Unknown EMS Scene Arrival Minutes,Not Applicable (Not Transported),Not Applicable (Not Transported),1,Dark - Unlighted,Clear,1,0,['Driver'],['Shoulder_Lapbelt'],1,1,Invalid,0.0,0.0,18.0,18.0,['Male'],0,0,2,4,2,Dry,Straight,Level,Lowest,No
21019,31,Nebraska,310109,0,2,2,0,6,CLAY CENTER,August,9,Wednesday,16,15,Rural,Medium Speed (Collector),No,40.58223889,-98.27781111,Complex/Circle,Daylight,Clear,4:00pm-4:59pm,23,4:00pm-4:59pm,33,5:00pm-5:59pm,10,2,Daylight,Clear,2,1,"['Driver', 'Rear_Seat']","['Shoulder_Lapbelt', 'Lapbelt_Only']",0,0,Valid,2.0,0.0,30.0,21.0,"['Male', 'Male']",0,0,4,4,5,Dry,Straight,Level,Lowest,No
21020,31,Nebraska,310110,0,2,2,0,2,EAGLE,August,1,Tuesday,16,13,Rural,High Speed (Arterial),Yes,40.81297778,-96.42691944,Complex/Circle,Daylight,Cloudy,4:00pm-4:59pm,13,4:00pm-4:59pm,19,Not Applicable (Not Transported),Not Applicable (Not Transported),1,Daylight,Reduced Visibility,1,1,['Driver'],['Shoulder_Lapbelt'],0,0,Invalid,0.0,0.0,43.0,37.0,"['Male', 'Male']",0,0,4,4,5,Dry,Straight,Level,Lowest,Yes
21021,31,Nebraska,310111,0,1,1,0,2,NOT APPLICABLE,August,13,Sunday,99,99,Rural,Low Speed (Local),No,41.20133611,-102.99277778,Non-Intersection,Daylight,Clear,2:00pm-2:59pm,36,2:00pm-2:59pm,44,3:00pm-3:59pm,5,1,Daylight,Clear,1,1,['Driver'],['None_Used'],1,1,Valid,0.0,1.0,34.0,34.0,['Male'],0,0,2,4,3,Dry,Straight,Grade/Hillcrest,Lowest,No
21022,31,Nebraska,310112,0,2,2,0,2,NOT APPLICABLE,August,15,Tuesday,18,10,Rural,Medium Speed (Collector),No,41.16522222,-98.00205556,Non-Intersection,Daylight,Clear,6:00pm-6:59pm,11,6:00pm-6:59pm,18,7:00pm-7:59pm,5,1,Daylight,Clear,1,0,['Driver'],['Shoulder_Lapbelt'],0,0,Valid,0.0,0.0,28.0,22.0,"['Male', 'Male']",0,0,5,4,5,Dry,Straight,Level,Lowest,No
21023,31,Nebraska,310113,0,1,1,0,1,NOT APPLICABLE,August,16,Wednesday,99,99,Rural,Medium Speed (Collector),No,41.46645,-98.17756944,Non-Intersection,Daylight,Clear,Unknown,Unknown if Notified,Unknown EMS Scene Arrival Hour,Unknown if Arrived,Not Applicable (Not Transported),Not Applicable (Not Transported),1,Daylight,Clear,1,0,['Driver'],['Shoulder_Lapbelt'],0,0,Valid,0.0,0.0,44.0,44.0,['Male'],0,0,3,4,3,Dry,Straight,Grade/Hillcrest,Lowest,Yes
21024,31,Nebraska,310114,0,2,2,0,4,NOT APPLICABLE,August,16,Wednesday,8,12,Rural,Medium Speed (Collector),No,42.00329167,-96.660225,Non-Intersection,Daylight,Clear,8:00am-8:59am,18,8:00am-8:59am,32,8:00am-8:59am,50,2,Daylight,Clear,2,2,"['Driver', 'Front_Passenger']","['Shoulder_Lapbelt', 'Shoulder_Lapbelt']",0,0,Valid,0.0,0.0,37.0,37.0,"['Female', 'Male']",0,0,5,4,5,Dry,Straight,Level,Lowest,No
21025,31,Nebraska,310115,0,3,3,0,3,NOT APPLICABLE,August,18,Friday,8,24,Rural,High Speed (Arterial),Yes,41.59753333,-99.84080278,Non-Intersection,Daylight,Clear,8:00am-8:59am,24,8:00am-8:59am,54,9:00am-9:59am,21,1,Daylight,Clear,1,2,['Driver'],['Shoulder_Lapbelt'],0,0,Valid,0.0,2.0,57.0,21.0,"['Male', 'Male', 'Male']",0,0,5,4,5,Dry,Straight,Level,Lowest,No
21026,31,Nebraska,310116,0,2,2,0,6,SCOTTSBLUFF,August,19,Saturday,21,42,Urban,Low Speed (Local),No,41.86956111,-103.66261389,Complex/Circle,Dark - Lighted,Clear,9:00pm-9:59pm,43,9:00pm-9:59pm,47,10:00pm-10:59pm,15,1,Dark - Lighted,Clear,1,5,['Driver'],['None_Used'],0,0,Invalid,0.0,6.0,43.0,24.0,"['Male', 'Male']",1,0,5,4,5,Dry,Straight,Level,Lowest,No
21027,31,Nebraska,310117,0,2,2,0,2,NOT APPLICABLE,August,21,Monday,14,0,Rural,Medium Speed (Collector),No,41.75621667,-99.25084167,Complex/Circle,Daylight,Clear,2:00pm-2:59pm,1,2:00pm-2:59pm,18,2:00pm-2:59pm,56,1,Daylight,Clear,1,1,['Driver'],['Shoulder_Lapbelt'],1,1,Valid,0.0,0.0,90.0,49.0,"['Male', 'Female']",0,0,3,4,5,Dry,Straight,Level,Lowest,No
21028,31,Nebraska,310118,0,2,2,0,3,NOT APPLICABLE,August,22,Tuesday,16,0,Rural,Medium Speed (Collector),No,41.26490556,-97.31020278,Complex/Circle,Daylight,Clear,4:00pm-4:59pm,17,4:00pm-4:59pm,31,5:00pm-5:59pm,3,1,Daylight,Clear,1,2,['Front_Passenger'],['None_Used'],0,0,Valid,0.0,1.0,43.0,17.0,"['Male', 'Male']",0,0,3,4,5,Dry,Straight,Level,Lowest,No
21029,31,Nebraska,310119,0,2,2,0,2,NOT APPLICABLE,August,22,Tuesday,22,14,Rural,High Speed (Arterial),Yes,40.79473333,-98.37854167,Non-Intersection,Dark - Not Lighted,Clear,10:00pm-10:59pm,17,10:00pm-10:59pm,30,10:00pm-10:59pm,42,1,Dark - Unlighted,Clear,1,1,['Driver'],['None_Used'],0,0,Valid,0.0,0.0,79.0,29.0,"['Female', 'Male']",0,0,4,4,5,Dry,Straight,Level,Lowest,No
21030,31,Nebraska,310120,1,1,1,0,1,LINCOLN,August,24,Thursday,16,9,Urban,High Speed (Arterial),No,40.84621667,-96.60586667,Simple Junction,Daylight,Clear,4:00pm-4:59pm,10,4:00pm-4:59pm,16,Not Applicable (Not Transported),Not Applicable (Not Transported),1,Daylight,Clear,0,1,[],[],0,0,Valid,0.0,0.0,35.0,35.0,['Male'],0,0,3,3,4,Dry,Straight,Level,Lowest,No
21031,31,Nebraska,310121,0,1,1,0,1,NOT APPLICABLE,August,25,Friday,14,30,Rural,Medium Speed (Collector),No,40.05869167,-95.79431111,Non-Intersection,Daylight,Clear,Unknown,Unknown if Notified,Unknown EMS Scene Arrival Hour,Unknown if Arrived,Not Applicable (Not Transported),Not Applicable (Not Transported),1,Daylight,Clear,1,0,['Driver'],['Shoulder_Lapbelt'],1,1,Valid,0.0,0.0,60.0,60.0,['Male'],0,0,3,4,2,Dry,Curve,Level,Lowest,No
21032,31,Nebraska,310122,1,2,1,1,1,NOT APPLICABLE,August,30,Wednesday,6,0,Rural,Medium Speed (Collector),No,41.42266944,-100.20367222,Non-Intersection,Dark - Not Lighted,Clear,6:00am-6:59am,4,6:00am-6:59am,15,7:00am-7:59am,0,1,Dark - Unlighted,Clear,0,1,[],[],0,0,Valid,0.0,0.0,67.0,67.0,['Male'],0,0,4,4,5,Loose/Unpaved,Straight,Level,Lowest,No
21033,31,Nebraska,310123,1,1,1,0,1,GRAND ISLAND,September,1,Friday,10,11,Urban,High Speed (Arterial),Yes,40.92441111,-98.38321944,Complex/Circle,Daylight,Clear,10:00am-10:59am,11,10:00am-10:59am,18,10:00am-10:59am,26,1,Daylight,Clear,0,1,[],[],0,0,Valid,0.0,0.0,45.0,45.0,['Male'],0,0,4,1,4,Dry,Straight,Level,Lowest,No
21034,31,Nebraska,310125,0,1,1,0,2,NOT APPLICABLE,September,9,Saturday,5,2,Rural,Medium Speed (Collector),No,41.42629167,-96.52151111,Non-Intersection,Dark - Not Lighted,Clear,5:00am-5:59am,4,5:00am-5:59am,15,5:00am-5:59am,43,1,Dark - Unlighted,Clear,1,1,['Front_Passenger'],['Shoulder_Lapbelt'],1,1,Valid,0.0,0.0,18.0,18.0,['Male'],2,0,3,4,2,Dry,Curve,Level,Lowest,No
21035,31,Nebraska,310126,0,1,1,0,1,LINCOLN,September,9,Saturday,16,2,Urban,High Speed (Arterial),Yes,40.81586667,-96.75688333,Non-Intersection,Daylight,Clear,4:00pm-4:59pm,2,4:00pm-4:59pm,9,4:00pm-4:59pm,43,1,Daylight,Clear,1,0,['Driver'],['None_Used'],0,0,Valid,0.0,0.0,60.0,60.0,['Male'],1,0,5,4,3,Dry,Curve,Grade/Hillcrest,Lowest,No
21036,31,Nebraska,310127,0,1,1,0,1,NOT APPLICABLE,September,9,Saturday,99,99,Rural,Low Speed (Local),No,42.13303611,-103.05345833,Non-Intersection,Reported as Unknown,Clear,Unknown,Unknown,Unknown EMS Scene Arrival Hour,Unknown EMS Scene Arrival Minutes,Unknown,Unknown EMS Hospital Arrival Time,1,Dark - Unlighted,Clear,1,0,['Driver'],['None_Used'],1,1,Valid,0.0,0.0,50.0,50.0,['Male'],1,0,5,4,3,Loose/Unpaved,Straight,Level,Lowest,No
21037,31,Nebraska,310128,0,1,1,0,2,NOT APPLICABLE,September,10,Sunday,8,45,Rural,Medium Speed (Collector),No,41.08131944,-98.58527222,Non-Intersection,Daylight,Cloudy,8:00am-8:59am,45,8:00am-8:59am,55,9:00am-9:59am,40,1,Daylight,Reduced Visibility,1,0,['Front_Passenger'],['None_Used'],0,0,Valid,0.0,0.0,74.0,74.0,['Male'],0,0,3,4,3,Wet/Standing Water,Straight,Level,Lowest,Yes
21038,31,Nebraska,310129,0,1,1,0,1,NOT APPLICABLE,September,15,Friday,10,15,Rural,Medium Speed (Collector),No,40.36490556,-98.15271667,Non-Intersection,Daylight,Clear,10:00am-10:59am,24,10:00am-10:59am,32,11:00am-11:59am,16,1,Daylight,Clear,1,0,['Driver'],['None_Used'],1,1,Valid,0.0,0.0,57.0,57.0,['Male'],0,0,5,4,3,Dry,Curve,Level,Lowest,Yes