,State_Code,State_Name,Crash_ID,Count_Non_Motorists,Count_Vehicles_Total,Count_Vehicle_Forms,Count_PVH_Involved,Count_Occupants_MV,City_Name,Month_Name,Day_of_Month,Day_of_Week,Crash_Hour,Crash_Minute,Area_Rural_Urban,Road_Functional_Class,On_NHS_Road,Latitude,Longitude,Intersection_Type,Light_Condition,Weather_Condition,Notif_Hour,Notif_Minute,Arrival_Hour,Arrival_Minute,Hospital_Hour,Hospital_Minute,Fatalities_Count,Clean_Light_Condition,Clean_Weather_Condition,Total_Killed,Total_Alive,Fatal_Seats_List,Killed_Restraint_List,Any_Driver_Drinking,Total_Drinking_Drivers,Driver_License_Category,Driver_Max_Prev_Accident_Count,Driver_Max_Prev_Speeding_Count,Max_Driver_Age,Min_Driver_Age,Driver_Sex_List,Total_Exceeding_Limit_Vehicles,Total_Too_Fast_Vehicles,Max_Vehicle_Type_Severity_5,Max_Vehicle_Damage_Rank,Max_Harmful_Event_Severity,Crash_Road_Surface_Condition,Crash_Horizontal_Alignment,Crash_Vertical_Profile,Crash_Impairment_Category,Crash_Vehicle_Defect
21039,31,Nebraska,310130,0,2,2,0,4,PAPILLION,September,20,Wednesday,15,46,Urban,High Speed (Arterial),Yes,41.14751389,-96.12929444,Simple Junction,Daylight,Cloudy,3:00pm-3:59pm,50,3:00pm-3:59pm,58,4:00pm-4:59pm,32,1,Daylight,Reduced Visibility,1,3,['Driver'],['Shoulder_Lapbelt'],0,0,Valid,0.0,0.0,82.0,42.0,"['Male', 'Female']",0,0,2,4,5,Dry,Straight,Grade/Hillcrest,Lowest,No
21040,31,Nebraska,310131,0,1,1,0,2,NOT APPLICABLE,September,28,Thursday,5,22,Rural,Medium Speed (Collector),No,41.98231389,-97.83378056,Non-Intersection,Dark - Not Lighted,Clear,5:00am-5:59am,32,5:00am-5:59am,45,Not Applicable (Not Transported),Not Applicable (Not Transported),2,Dark - Unlighted,Clear,2,0,"['Driver', 'Front_Passenger']","['None_Used', 'None_Used']",0,0,Valid,0.0,1.0,50.0,50.0,['Male'],0,0,4,4,3,Dry,Straight,Grade/Hillcrest,Lowest,No
21041,31,Nebraska,310132,1,1,1,0,1,NOT APPLICABLE,September,10,Sunday,10,13,Rural,Medium Speed (Collector),No,41.35141667,-96.31151667,Non-Intersection,Daylight,Cloudy,10:00am-10:59am,16,10:00am-10:59am,25,Not Applicable (Not Transported),Not Applicable (Not Transported),1,Daylight,Reduced Visibility,0,1,[],[],0,0,Valid,0.0,0.0,63.0,63.0,['Male'],0,0,2,3,4,Dry,Straight,Level,Lowest,No
21042,31,Nebraska,310133,0,2,2,0,2,NOT APPLICABLE,September,13,Wednesday,13,41,Rural,Medium Speed (Collector),No,41.22038889,-98.55586389,Complex/Circle,Daylight,Clear,1:00pm-1:59pm,41,1:00pm-1:59pm,42,2:00pm-2:59pm,12,1,Daylight,Clear,1,0,['Driver'],['Shoulder_Lapbelt'],0,0,Valid,1.0,2.0,60.0,35.0,"['Female', 'Male']",0,0,3,4,5,Dry,Straight,Level,Lowest,No
21043,31,Nebraska,310134,0,2,2,0,2,NOT APPLICABLE,September,13,Wednesday,7,55,Rural,High Speed (Arterial),Yes,41.23378056,-96.33505833,Non-Intersection,Daylight,Clear,7:00am-7:59am,55,7:00am-7:59am,56,Unknown,Unknown EMS Hospital Arrival Time,1,Daylight,Clear,1,1,['Driver'],['Shoulder_Lapbelt'],0,0,Valid,0.0,0.0,54.0,24.0,"['Female', 'Female']",0,0,3,4,5,Dry,Straight,Level,Lowest,No
21044,31,Nebraska,310135,1,1,1,0,2,OMAHA,September,16,Saturday,18,8,Urban,Medium Speed (Collector),No,41.29230556,-96.02383889,Complex/Circle,Daylight,Clear,6:00pm-6:59pm,11,6:00pm-6:59pm,15,6:00pm-6:59pm,30,1,Daylight,Clear,0,2,[],[],0,0,Valid,0.0,0.0,60.0,60.0,['Male'],0,0,3,3,4,Dry,Straight,Grade/Hillcrest,Lowest,No
21045,31,Nebraska,310136,0,2,2,0,3,NOT APPLICABLE,September,17,Sunday,21,51,Rural,High Speed (Arterial),Yes,41.50179722,-96.14720833,Complex/Circle,Dark - Not Lighted,Clear,9:00pm-9:59pm,51,10:00pm-10:59pm,0,10:00pm-10:59pm,33,1,Dark - Unlighted,Clear,1,2,['Driver'],['None_Used'],0,0,Valid,0.0,1.0,64.0,44.0,"['Male', 'Female']",0,0,3,4,5,Dry,Straight,Level,Lowest,No
21046,31,Nebraska,310137,0,1,1,0,1,OMAHA,September,18,Monday,20,42,Urban,Medium Speed (Collector),No,41.26021111,-96.00011667,Non-Intersection,Dark - Lighted,Cloudy,8:00pm-8:59pm,43,8:00pm-8:59pm,47,9:00pm-9:59pm,10,1,Dark - Lighted,Reduced Visibility,1,0,['Driver'],['None_Used'],1,1,Valid,0.0,0.0,32.0,32.0,['Male'],0,0,2,4,3,Dry,Straight,Level,Lowest,No
21047,31,Nebraska,310138,0,5,5,0,6,NOT APPLICABLE,September,21,Thursday,23,9,Rural,Medium Speed (Collector),No,40.89386389,-96.57121667,Non-Intersection,Dark - Lighted,Cloudy,11:00pm-11:59pm,13,11:00pm-11:59pm,26,Unknown,Unknown EMS Hospital Arrival Time,1,Dark - Lighted,Reduced Visibility,1,5,['Driver'],['None_Used'],1,2,Valid,2.0,2.0,60.0,16.0,"['Male', 'Male', 'Male', 'Male', 'Male']",3,0,5,4,5,Dry,Straight,Level,Lowest,No
21048,31,Nebraska,310139,1,1,1,0,1,ALLIANCE,September,23,Saturday,9,23,Urban,Medium Speed (Collector),No,42.11827778,-102.87148056,Complex/Circle,Daylight,Clear,9:00am-9:59am,25,9:00am-9:59am,28,Unknown,Unknown EMS Hospital Arrival Time,1,Daylight,Clear,0,1,[],[],0,0,Valid,1.0,0.0,76.0,76.0,['Female'],0,0,2,4,4,Dry,Straight,Level,Lowest,No
21049,31,Nebraska,310140,0,2,2,0,2,OMAHA,September,26,Tuesday,21,14,Urban,High Speed (Arterial),Yes,41.212675,-96.11031389,Complex/Circle,Dark - Lighted,Clear,9:00pm-9:59pm,16,9:00pm-9:59pm,21,9:00pm-9:59pm,45,1,Dark - Lighted,Clear,1,1,['Driver'],['Shoulder_Lapbelt'],1,1,Valid,0.0,0.0,75.0,35.0,"['Male', 'Male']",0,0,4,4,5,Dry,Straight,Level,Lowest,No
21050,31,Nebraska,310142,0,1,1,0,1,NOT APPLICABLE,September,30,Saturday,22,5,Rural,Low Speed (Local),No,41.05135278,-100.80205,Non-Intersection,Dark - Not Lighted,Clear,10:00pm-10:59pm,9,10:00pm-10:59pm,18,Not Applicable (Not Transported),Not Applicable (Not Transported),1,Dark - Unlighted,Clear,1,0,['Driver'],['None_Used'],1,1,Valid,0.0,0.0,52.0,52.0,['Male'],0,0,2,4,3,Dry,Curve,Level,Lowest,No
21051,31,Nebraska,310143,0,2,2,0,4,NOT APPLICABLE,October,3,Tuesday,9,38,Rural,High Speed (Arterial),Yes,42.08419722,-102.71245556,Non-Intersection,Daylight,Clear,9:00am-9:59am,38,9:00am-9:59am,47,Not Applicable (Not Transported),Not Applicable (Not Transported),3,Daylight,Clear,3,1,"['Driver', 'Front_Passenger', 'Rear_Seat']","['None_Used', 'None_Used', 'None_Used']",0,0,Valid,1.0,0.0,57.0,37.0,"['Female', 'Male']",0,0,4,4,5,Dry,Curve,Grade/Hillcrest,Lowest,No
21052,31,Nebraska,310144,0,2,2,0,2,LINCOLN,October,4,Wednesday,6,25,Urban,Low Speed (Local),No,40.83852222,-96.72033889,Simple Junction,Dark - Lighted,Clear,6:00am-6:59am,28,6:00am-6:59am,33,6:00am-6:59am,49,1,Dark - Lighted,Clear,1,1,['Driver'],['None_Used'],0,0,Valid,0.0,1.0,28.0,20.0,"['Female', 'Male']",0,0,5,4,5,Dry,Straight,Level,Lowest,No
21053,31,Nebraska,310145,0,2,2,0,3,ALLIANCE,October,4,Wednesday,14,54,Urban,Medium Speed (Collector),No,42.10482778,-102.85831389,Complex/Circle,Daylight,Clear,2:00pm-2:59pm,54,2:00pm-2:59pm,59,3:00pm-3:59pm,20,1,Daylight,Clear,1,2,['Front_Passenger'],['None_Used'],1,1,Valid,0.0,1.0,34.0,20.0,"['Male', 'Male']",2,0,3,4,5,Dry,Straight,Level,Lowest,No
21054,31,Nebraska,310146,0,2,2,0,2,NOT APPLICABLE,October,5,Thursday,16,11,Rural,High Speed (Arterial),Yes,41.294175,-103.6636,Complex/Circle,Daylight,Clear,4:00pm-4:59pm,7,4:00pm-4:59pm,13,Not Applicable (Not Transported),Not Applicable (Not Transported),1,Daylight,Clear,1,1,['Driver'],['Shoulder_Lapbelt'],0,0,Valid,1.0,0.0,52.0,21.0,"['Male', 'Male']",0,0,4,4,5,Dry,Straight,Grade/Hillcrest,Lowest,No
21055,31,Nebraska,310147,0,1,1,0,1,NOT APPLICABLE,October,6,Friday,23,29,Rural,Medium Speed (Collector),No,41.59333056,-101.57042222,Non-Intersection,Dark - Not Lighted,Clear,7:00am-7:59am,24,7:00am-7:59am,45,Not Applicable (Not Transported),Not Applicable (Not Transported),1,Dark - Unlighted,Clear,1,0,['Driver'],['None_Used'],0,0,Valid,0.0,0.0,34.0,34.0,['Male'],1,0,1,4,3,Dry,Straight,Level,Lowest,No
21056,31,Nebraska,310148,0,1,1,0,1,NOT APPLICABLE,October,7,Saturday,99,99,Urban,Low Speed (Local),No,40.57945833,-98.40467222,Simple Junction,Dark - Not Lighted,Clear,9:00pm-9:59pm,36,9:00pm-9:59pm,41,10:00pm-10:59pm,5,1,Dark - Unlighted,Clear,1,0,['Driver'],['None_Used'],0,0,Valid,0.0,2.0,61.0,61.0,['Male'],0,0,5,4,2,Dry,Straight,Level,Lowest,No
21057,31,Nebraska,310149,0,1,1,0,5,NOT APPLICABLE,October,8,Sunday,8,45,Rural,Medium Speed (Collector),No,41.39223056,-95.94521944,Non-Intersection,Daylight,Clear,8:00am-8:59am,51,9:00am-9:59am,9,9:00am-9:59am,26,2,Daylight,Clear,2,3,"['Driver', 'Rear_Seat']","['None_Used', 'None_Used']",1,1,Invalid,0.0,0.0,16.0,16.0,['Male'],5,0,2,4,3,Dry,Curve,Level,Lowest,No
21058,31,Nebraska,310150,0,1,1,0,1,NOT APPLICABLE,October,9,Monday,11,50,Rural,Low Speed (Local),No,40.50902778,-96.57805556,Non-Intersection,Daylight,Clear,11:00am-11:59am,57,12:00pm-12:59pm,17,Not Applicable (Not Transported),Not Applicable (Not Transported),1,Daylight,Clear,1,0,['Driver'],['Shoulder_Lapbelt'],0,0,Valid,0.0,0.0,65.0,65.0,['Male'],0,0,5,4,4,Loose/Unpaved,Straight,Level,Lowest,No
21059,31,Nebraska,310151,1,1,1,0,2,LINCOLN,October,14,Saturday,1,4,Urban,High Speed (Arterial),Yes,40.81376111,-96.74234444,Complex/Circle,Dark - Lighted,Cloudy,Unknown,Unknown,Unknown EMS Scene Arrival Hour,Unknown EMS Scene Arrival Minutes,Unknown,Unknown EMS Hospital Arrival Time,1,Dark - Lighted,Reduced Visibility,0,2,[],[],0,0,Valid,0.0,0.0,22.0,22.0,['Female'],0,0,3,4,4,Dry,Straight,Level,Lowest,No
21060,31,Nebraska,310152,1,1,1,0,1,NOT APPLICABLE,October,17,Tuesday,12,30,Rural,Medium Speed (Collector),No,40.87278611,-98.15039722,Complex/Circle,Daylight,Clear,12:00pm-12:59pm,31,12:00pm-12:59pm,37,Not Applicable (Not Transported),Not Applicable (Not Transported),1,Daylight,Clear,0,1,[],[],0,0,Valid,0.0,0.0,45.0,45.0,['Female'],0,0,3,4,4,Oil/Contaminated,Straight,Level,Lowest,No
21061,31,Nebraska,310153,0,3,3,0,3,NOT APPLICABLE,October,19,Thursday,9,5,Rural,Medium Speed (Collector),No,42.00289444,-96.47246667,Non-Intersection,Daylight,Clear,9:00am-9:59am,17,9:00am-9:59am,29,Unknown,Unknown EMS Hospital Arrival Time,1,Daylight,Clear,1,2,['Driver'],['Shoulder_Lapbelt'],0,0,Invalid,4.0,2.0,49.0,30.0,"['Male', 'Male', 'Male']",0,0,3,4,5,Dry,Straight,Grade/Hillcrest,Lowest,No
21062,31,Nebraska,310154,0,1,1,0,2,NOT APPLICABLE,October,20,Friday,11,35,Rural,Medium Speed (Collector),No,41.39808889,-96.77104167,Non-Intersection,Daylight,Clear,11:00am-11:59am,40,11:00am-11:59am,49,Unknown,Unknown EMS Hospital Arrival Time,1,Daylight,Clear,1,1,['Driver'],['None_Used'],0,0,Valid,0.0,0.0,66.0,66.0,['Male'],0,0,5,4,3,Dry,Curve,Level,Lowest,No
21063,31,Nebraska,310155,0,2,2,0,3,NORFOLK,October,20,Friday,21,50,Urban,High Speed (Arterial),Yes,42.01813611,-97.42643056,Complex/Circle,Dark - Lighted,Clear,9:00pm-9:59pm,53,9:00pm-9:59pm,58,Not Applicable (Not Transported),Not Applicable (Not Transported),1,Dark - Lighted,Clear,1,2,['Driver'],['None_Used'],0,0,Valid,2.0,1.0,60.0,30.0,"['Female', 'Male']",0,0,5,4,5,Dry,Straight,Level,Lowest,No
21064,31,Nebraska,310156,0,1,1,0,1,NOT APPLICABLE,October,22,Sunday,99,99,Rural,Low Speed (Local),No,40.98003889,-97.48280278,Non-Intersection,Dark - Not Lighted,Clear,9:00pm-9:59pm,28,9:00pm-9:59pm,31,Not Applicable (Not Transported),Not Applicable (Not Transported),1,Dark - Unlighted,Clear,1,0,['Driver'],['None_Used'],1,1,Valid,0.0,0.0,47.0,47.0,['Male'],0,0,3,4,3,Dry,Straight,Grade/Hillcrest,Lowest,No
21065,31,Nebraska,310157,0,1,1,0,1,NOT APPLICABLE,October,22,Sunday,11,0,Rural,Low Speed (Local),No,41.17651667,-96.96644167,Non-Intersection,Daylight,Clear,Unknown,Unknown,Unknown EMS Scene Arrival Hour,Unknown EMS Scene Arrival Minutes,Not Applicable (Not Transported),Not Applicable (Not Transported),1,Daylight,Clear,1,0,['Driver'],['None_Used'],0,0,Valid,0.0,1.0,20.0,20.0,['Female'],1,0,2,4,3,Dry,Straight,Grade/Hillcrest,Lowest,No
21066,31,Nebraska,310158,0,2,2,0,3,NOT APPLICABLE,October,26,Thursday,7,57,Rural,High Speed (Arterial),Yes,40.94527222,-98.290575,Complex/Circle,Daylight,Clear,8:00am-8:59am,0,8:00am-8:59am,8,8:00am-8:59am,27,2,Daylight,Clear,2,1,"['Driver', 'Front_Passenger']","['Shoulder_Lapbelt', 'Shoulder_Lapbelt']",0,0,Valid,0.0,0.0,71.0,17.0,"['Male', 'Female']",0,0,4,4,5,Wet/Standing Water,Straight,Level,Lowest,No
21067,31,Nebraska,310159,0,2,2,0,2,NOT APPLICABLE,October,26,Thursday,12,40,Rural,Medium Speed (Collector),No,40.84199167,-96.53997222,Complex/Circle,Daylight,Clear,12:00pm-12:59pm,41,12:00pm-12:59pm,53,1:00pm-1:59pm,37,1,Daylight,Clear,1,1,['Driver'],['None_Used'],0,0,Valid,0.0,1.0,45.0,19.0,"['Male', 'Male']",0,0,4,4,5,Dry,Straight,Grade/Hillcrest,Lowest,No
21068,31,Nebraska,310160,0,2,2,0,3,NOT APPLICABLE,October,27,Friday,9,1,Rural,High Speed (Arterial),Yes,41.10308611,-100.71185,Non-Intersection,Daylight,Clear,9:00am-9:59am,3,9:00am-9:59am,9,9:00am-9:59am,31,1,Daylight,Clear,1,2,['Front_Passenger'],['None_Used'],0,0,Valid,0.0,1.0,60.0,32.0,"['Male', 'Male']",0,0,4,4,5,Dry,Straight,Level,Lowest,Yes
21069,31,Nebraska,310161,0,2,2,0,3,OMAHA,September,1,Friday,22,29,Urban,High Speed (Arterial),Yes,41.25958333,-96.00793611,Non-Intersection,Dark - Lighted,Clear,10:00pm-10:59pm,31,10:00pm-10:59pm,37,10:00pm-10:59pm,59,1,Dark - Lighted,Clear,1,2,['Driver'],['Shoulder_Lapbelt'],1,1,Valid,0.0,1.0,61.0,22.0,"['Male', 'Female']",1,0,2,4,5,Dry,Straight,Grade/Hillcrest,Lowest,No
21070,31,Nebraska,310162,0,2,2,0,2,NOT APPLICABLE,September,28,Thursday,17,43,Rural,High Speed (Arterial),Yes,40.71060278,-96.39715556,Complex/Circle,Daylight,Clear,5:00pm-5:59pm,43,5:00pm-5:59pm,56,6:00pm-6:59pm,36,1,Daylight,Clear,1,1,['Driver'],['Shoulder_Lapbelt'],0,0,Valid,0.0,1.0,62.0,20.0,"['Female', 'Male']",0,0,2,4,5,Dry,Straight,Level,Lowest,No
21071,31,Nebraska,310163,0,2,2,0,2,NOT APPLICABLE,October,29,Sunday,0,38,Rural,High Speed (Arterial),Yes,40.68093056,-98.98213333,Non-Intersection,Dark - Not Lighted,Blowing Snow,0:00am-0:59am,42,0:00am-0:59am,58,Not Applicable (Not Transported),Not Applicable (Not Transported),1,Dark - Unlighted,Snow/Ice/Severe,1,1,['Driver'],['Shoulder_Lapbelt'],0,0,Valid,0.0,0.0,49.0,40.0,"['Male', 'Male']",1,0,4,4,5,Icy/Snowy,Straight,Level,Lowest,No
21072,31,Nebraska,310164,0,4,4,0,5,NOT APPLICABLE,October,28,Saturday,12,26,Rural,Medium Speed (Collector),No,40.65733056,-96.74295833,Non-Intersection,Daylight,Clear,12:00pm-12:59pm,32,12:00pm-12:59pm,43,1:00pm-1:59pm,21,1,Daylight,Clear,1,4,['Driver'],['Shoulder_Lapbelt'],1,1,Invalid,0.0,0.0,53.0,36.0,"['Male', 'Male', 'Male', 'Male']",1,0,4,4,5,Dry,Straight,Level,Lowest,No
21073,31,Nebraska,310165,0,1,1,0,1,LINCOLN,October,28,Saturday,14,0,Urban,High Speed (Arterial),Yes,40.8497,-96.71189444,Non-Intersection,Daylight,Clear,2:00pm-2:59pm,5,2:00pm-2:59pm,9,Not Applicable (Not Transported),Not Applicable (Not Transported),1,Daylight,Clear,1,0,['Driver'],['Shoulder_Lapbelt'],0,0,Valid,0.0,0.0,73.0,73.0,['Male'],0,0,3,4,3,Dry,Straight,Level,Lowest,No
21074,31,Nebraska,310166,0,1,1,0,4,NOT APPLICABLE,October,28,Saturday,23,52,Rural,High Speed (Arterial),Yes,41.05697778,-100.54984444,Non-Intersection,Dark - Not Lighted,Blowing Snow,0:00am-0:59am,6,0:00am-0:59am,24,0:00am-0:59am,43,1,Dark - Unlighted,Snow/Ice/Severe,1,2,['Front_Passenger'],['None_Used'],0,0,Invalid,0.0,0.0,24.0,24.0,['Male'],4,0,3,4,3,Icy/Snowy,Straight,Level,Lowest,No
21075,31,Nebraska,310167,0,1,1,0,2,NOT APPLICABLE,November,1,Wednesday,9,35,Rural,Low Speed (Local),No,40.58973889,-98.97065,Non-Intersection,Daylight,Clear,9:00am-9:59am,48,10:00am-10:59am,1,10:00am-10:59am,29,1,Daylight,Clear,1,1,['Front_Passenger'],['None_Used'],0,0,Valid,0.0,0.0,29.0,29.0,['Male'],2,0,3,4,3,Dry,Straight,Level,Lowest,No
21076,31,Nebraska,310168,0,2,2,0,2,NOT APPLICABLE,November,3,Friday,10,45,Rural,High Speed (Arterial),Yes,40.86538056,-97.619375,Complex/Circle,Daylight,Cloudy,10:00am-10:59am,45,10:00am-10:59am,50,11:00am-11:59am,5,1,Daylight,Reduced Visibility,1,1,['Driver'],['None_Used'],0,0,Valid,0.0,0.0,56.0,33.0,"['Female', 'Male']",0,0,4,4,5,Dry,Straight,Level,Lowest,No
21077,31,Nebraska,310169,0,2,2,0,3,LA VISTA,November,2,Thursday,8,42,Urban,High Speed (Arterial),Yes,41.18171667,-96.11388611,Non-Intersection,Daylight,Clear,Unknown,Unknown if Notified,Unknown EMS Scene Arrival Hour,Unknown if Arrived,Not Applicable (Not Transported),Not Applicable (Not Transported),1,Daylight,Clear,1,2,['Driver'],['Shoulder_Lapbelt'],0,0,Valid,0.0,1.0,72.0,46.0,"['Male', 'Male']",0,0,4,4,5,Dry,Straight,Level,Lowest,No
21078,31,Nebraska,310170,0,2,2,0,3,NOT APPLICABLE,November,2,Thursday,6,32,Urban,Low Speed (Local),No,41.15041944,-96.139725,Non-Intersection,Dark - Lighted,Clear,6:00am-6:59am,32,6:00am-6:59am,45,7:00am-7:59am,9,1,Dark - Lighted,Clear,1,2,['Driver'],['Shoulder_Lapbelt'],0,0,Valid,2.0,4.0,45.0,20.0,"['Male', 'Male']",1,0,4,4,5,Dry,Straight,Non-Trafficway,Lowest,No
21079,31,Nebraska,310171,0,1,1,0,1,NOT APPLICABLE,November,4,Saturday,99,99,Rural,High Speed (Arterial),Yes,40.69167222,-99.53641389,Non-Intersection,Reported as Unknown,Rain,Unknown,Unknown,Unknown EMS Scene Arrival Hour,Unknown EMS Scene Arrival Minutes,Not Applicable (Not Transported),Not Applicable (Not Transported),1,Dark - Unlighted,Rain/Wind/Minor,1,0,['Driver'],['Shoulder_Lapbelt'],0,0,Valid,0.0,0.0,37.0,37.0,['Male'],0,0,4,4,3,Wet/Standing Water,Straight,Level,Lowest,No
21080,31,Nebraska,310172,0,2,2,0,2,NOT APPLICABLE,November,3,Friday,99,99,Rural,High Speed (Arterial),Yes,40.68293333,-99.302575,Non-Intersection,Daylight,Clear,Unknown,Unknown,Unknown EMS Scene Arrival Hour,Unknown EMS Scene Arrival Minutes,Unknown,Unknown EMS Hospital Arrival Time,1,Daylight,Clear,1,1,['Driver'],['Shoulder_Lapbelt'],0,0,Valid,1.0,0.0,63.0,45.0,"['Male', 'Male']",0,0,4,4,5,Dry,Straight,Level,Lowest,No
21081,31,Nebraska,310173,0,2,2,0,3,NOT APPLICABLE,November,4,Saturday,5,55,Rural,High Speed (Arterial),Yes,42.13148611,-102.91108333,Non-Intersection,Dark - Not Lighted,"Fog, Smog, Smoke",5:00am-5:59am,55,6:00am-6:59am,3,6:00am-6:59am,45,1,Dark - Unlighted,Reduced Visibility,1,2,['Driver'],['None_Used'],1,1,Valid,0.0,0.0,81.0,19.0,"['Male', 'Male']",0,0,3,4,5,Dry,Straight,Level,Lowest,No
21082,31,Nebraska,310174,1,1,1,0,1,NOT APPLICABLE,November,5,Sunday,3,16,Rural,High Speed (Arterial),Yes,40.53749444,-97.58679722,Non-Intersection,Dark - Not Lighted,"Fog, Smog, Smoke",3:00am-3:59am,20,3:00am-3:59am,30,3:00am-3:59am,35,1,Dark - Unlighted,Reduced Visibility,0,1,[],[],0,0,Valid,0.0,1.0,24.0,24.0,['Male'],0,0,3,4,4,Dry,Straight,Level,Lowest,No
21083,31,Nebraska,310175,0,2,2,0,2,LINCOLN,November,5,Sunday,17,13,Urban,Medium Speed (Collector),No,40.79893056,-96.61101111,Non-Intersection,Daylight,Clear,5:00pm-5:59pm,14,5:00pm-5:59pm,19,Unknown,Unknown EMS Hospital Arrival Time,1,Daylight,Clear,1,1,['Driver'],['None_Used'],0,0,Valid,0.0,0.0,67.0,50.0,"['Male', 'Male']",1,0,5,4,5,Dry,Straight,Level,Lowest,No
21084,31,Nebraska,310176,0,2,2,0,2,LINCOLN,November,7,Tuesday,18,0,Urban,High Speed (Arterial),Yes,40.74597778,-96.62495,Complex/Circle,Dark - Lighted,Clear,6:00pm-6:59pm,1,6:00pm-6:59pm,4,6:00pm-6:59pm,21,1,Dark - Lighted,Clear,1,1,['Driver'],['None_Used'],0,0,Valid,0.0,0.0,51.0,21.0,"['Female', 'Male']",0,0,5,4,5,Dry,Straight,Level,Lowest,No
21085,31,Nebraska,310177,1,1,1,0,1,FREMONT,November,6,Monday,19,4,Urban,Medium Speed (Collector),No,41.45141389,-96.49851667,Non-Intersection,Dark - Lighted,Clear,7:00pm-7:59pm,7,7:00pm-7:59pm,13,7:00pm-7:59pm,32,1,Dark - Lighted,Clear,0,1,[],[],0,0,Valid,0.0,0.0,65.0,65.0,['Male'],0,0,3,2,4,Dry,Straight,Level,Lowest,No
21086,31,Nebraska,310178,0,1,1,0,1,NOT APPLICABLE,November,10,Friday,8,37,Rural,Low Speed (Local),No,41.461525,-96.80943056,Non-Intersection,Daylight,Clear,8:00am-8:59am,38,8:00am-8:59am,46,Not Applicable (Not Transported),Not Applicable (Not Transported),1,Daylight,Clear,1,0,['Driver'],['Shoulder_Lapbelt'],0,0,Valid,0.0,1.0,67.0,67.0,['Male'],0,0,3,4,4,Dry,Straight,Level,Lowest,No
21087,31,Nebraska,310179,0,1,1,0,4,NOT APPLICABLE,November,11,Saturday,3,41,Rural,Medium Speed (Collector),No,42.22203056,-96.45271111,Non-Intersection,Dark - Not Lighted,Cloudy,Unknown,Unknown,Unknown EMS Scene Arrival Hour,Unknown EMS Scene Arrival Minutes,Unknown,Unknown EMS Hospital Arrival Time,3,Dark - Unlighted,Reduced Visibility,3,1,"['Driver', 'Rear_Seat', 'Rear_Seat']","['None_Used', 'None_Used', 'None_Used']",1,1,Invalid,0.0,0.0,25.0,25.0,['Female'],0,0,3,4,2,Dry,Straight,Level,Lowest,No
21088,31,Nebraska,310180,0,1,1,0,1,NOT APPLICABLE,November,14,Tuesday,99,99,Rural,Medium Speed (Collector),No,41.41825833,-95.954575,Non-Intersection,Dark - Not Lighted,Clear,Unknown,Unknown if Notified,Unknown EMS Scene Arrival Hour,Unknown if Arrived,Not Applicable (Not Transported),Not Applicable (Not Transported),1,Dark - Unlighted,Clear,1,0,['Driver'],['None_Used'],0,0,Valid,0.0,3.0,43.0,43.0,['Male'],0,0,3,4,3,Dry,Curve,Level,Lowest,No
21089,31,Nebraska,310181,0,2,2,0,2,LINCOLN,November,20,Monday,14,1,Urban,High Speed (Arterial),Yes,40.77010278,-96.69209722,Simple Junction,Daylight,Rain,2:00pm-2:59pm,1,2:00pm-2:59pm,8,2:00pm-2:59pm,27,1,Daylight,Rain/Wind/Minor,1,1,['Driver'],['Shoulder_Lapbelt'],0,0,Valid,0.0,0.0,38.0,32.0,"['Male', 'Male']",0,0,3,4,5,Wet/Standing Water,Straight,Level,Lowest,No
21090,31,Nebraska,310182,0,1,1,0,2,NOT APPLICABLE,November,22,Wednesday,6,6,Rural,Medium Speed (Collector),No,41.22125278,-96.48333611,Non-Intersection,Dark - Not Lighted,Clear,6:00am-6:59am,16,6:00am-6:59am,22,Unknown,Unknown EMS Hospital Arrival Time,1,Dark - Unlighted,Clear,1,1,['Front_Passenger'],['Shoulder_Lapbelt'],1,1,Valid,0.0,2.0,23.0,23.0,['Female'],2,0,3,4,3,Dry,Curve,Level,Lowest,No
21091,31,Nebraska,310183,0,1,1,0,1,NOT APPLICABLE,November,23,Thursday,99,99,Rural,Medium Speed (Collector),No,40.39311944,-96.85196944,Non-Intersection,Dark - Not Lighted,Clear,Unknown,Unknown,Unknown EMS Scene Arrival Hour,Unknown EMS Scene Arrival Minutes,Not Applicable (Not Transported),Not Applicable (Not Transported),1,Dark - Unlighted,Clear,1,0,['Driver'],['None_Used'],0,0,Valid,0.0,1.0,40.0,40.0,['Male'],0,0,2,4,2,Dry,Straight,Grade/Hillcrest,Lowest,No
21092,31,Nebraska,310184,0,3,3,0,7,NOT APPLICABLE,November,24,Friday,14,8,Rural,High Speed (Arterial),Yes,41.08497222,-100.62950278,Non-Intersection,Daylight,Snow,2:00pm-2:59pm,12,2:00pm-2:59pm,23,3:00pm-3:59pm,15,2,Daylight,Snow/Ice/Severe,2,5,"['Driver', 'Front_Passenger']","['None_Used', 'None_Used']",0,0,Valid,0.0,3.0,50.0,27.0,"['Male', 'Male', 'Male']",2,0,4,4,5,Icy/Snowy,Straight,Level,Lowest,No
21093,31,Nebraska,310185,0,1,1,0,2,NOT APPLICABLE,November,24,Friday,17,40,Rural,High Speed (Arterial),Yes,40.92824167,-100.19136389,Non-Intersection,Dark - Not Lighted,Snow,5:00pm-5:59pm,44,5:00pm-5:59pm,53,6:00pm-6:59pm,10,1,Dark - Unlighted,Snow/Ice/Severe,1,1,['Driver'],['None_Used'],0,0,Valid,0.0,0.0,53.0,53.0,['Male'],2,0,3,4,3,Icy/Snowy,Straight,Level,Lowest,No
21094,31,Nebraska,310186,0,2,2,0,3,NOT APPLICABLE,November,27,Monday,15,49,Rural,Medium Speed (Collector),No,40.82278889,-97.04465278,Simple Junction,Daylight,Clear,3:00pm-3:59pm,53,4:00pm-4:59pm,4,5:00pm-5:59pm,0,1,Daylight,Clear,1,2,['Front_Passenger'],['Shoulder_Lapbelt'],0,0,Valid,0.0,0.0,83.0,37.0,"['Male', 'Female']",0,0,3,4,5,Dry,Straight,Level,Lowest,No