,State_Code,State_Name,Crash_ID,Count_Non_Motorists,Count_Vehicles_Total,Count_Vehicle_Forms,Count_PVH_Involved,Count_Occupants_MV,City_Name,Month_Name,Day_of_Month,Day_of_Week,Crash_Hour,Crash_Minute,Area_Rural_Urban,Road_Functional_Class,On_NHS_Road,Latitude,Longitude,Intersection_Type,Light_Condition,Weather_Condition,Notif_Hour,Notif_Minute,Arrival_Hour,Arrival_Minute,Hospital_Hour,Hospital_Minute,Fatalities_Count,Clean_Light_Condition,Clean_Weather_Condition,Total_Killed,Total_Alive,Fatal_Seats_List,Killed_Restraint_List,Any_Driver_Drinking,Total_Drinking_Drivers,Driver_License_Category,Driver_Max_Prev_Accident_Count,Driver_Max_Prev_Speeding_Count,Max_Driver_Age,Min_Driver_Age,Driver_Sex_List,Total_Exceeding_Limit_Vehicles,Total_Too_Fast_Vehicles,Max_Vehicle_Type_Severity_5,Max_Vehicle_Damage_Rank,Max_Harmful_Event_Severity,Crash_Road_Surface_Condition,Crash_Horizontal_Alignment,Crash_Vertical_Profile,Crash_Impairment_Category,Crash_Vehicle_Defect
21095,31,Nebraska,310187,0,1,1,0,1,OMAHA,November,30,Thursday,4,18,Rural,High Speed (Arterial),Yes,41.23060833,-95.93054167,Non-Intersection,Dark - Lighted,Clear,4:00am-4:59am,35,4:00am-4:59am,39,Not Applicable (Not Transported),Not Applicable (Not Transported),1,Dark - Lighted,Clear,1,0,['Driver'],['None_Used'],1,1,Valid,1.0,1.0,35.0,35.0,['Female'],1,0,3,4,3,Dry,Curve,Grade/Hillcrest,Lowest,No
21096,31,Nebraska,310188,0,1,1,0,6,NOT APPLICABLE,December,2,Saturday,2,35,Rural,Low Speed (Local),No,41.46805,-97.82208611,Non-Intersection,Dark - Not Lighted,Clear,2:00am-2:59am,39,3:00am-3:59am,0,3:00am-3:59am,22,1,Dark - Unlighted,Clear,1,5,['Rear_Seat'],['None_Used'],1,1,Valid,0.0,0.0,18.0,18.0,['Male'],0,0,3,4,3,Dry,Curve,Level,Lowest,No
21097,31,Nebraska,310189,0,3,3,0,3,OMAHA,December,2,Saturday,1,2,Urban,High Speed (Arterial),Yes,41.22182778,-96.09069444,Non-Intersection,Dark - Not Lighted,Clear,1:00am-1:59am,4,1:00am-1:59am,15,1:00am-1:59am,37,1,Dark - Unlighted,Clear,1,2,['Driver'],['Shoulder_Lapbelt'],1,1,Valid,0.0,2.0,49.0,21.0,"['Male', 'Male', 'Male']",0,0,4,4,5,Dry,Curve,Grade/Hillcrest,Lowest,No
21098,31,Nebraska,310190,0,1,1,0,1,OMAHA,December,3,Sunday,99,99,Urban,Medium Speed (Collector),No,41.20150833,-96.06698333,Non-Intersection,Dark - Not Lighted,Clear,5:00am-5:59am,2,5:00am-5:59am,7,Not Applicable (Not Transported),Not Applicable (Not Transported),1,Dark - Unlighted,Clear,1,0,['Driver'],['None_Used'],1,1,Invalid,0.0,0.0,30.0,30.0,['Male'],0,0,2,4,3,Dry,Curve,Grade/Hillcrest,Lowest,No
21099,31,Nebraska,310191,0,2,2,0,2,NOT APPLICABLE,December,5,Tuesday,10,53,Rural,Medium Speed (Collector),No,40.69933333,-99.02883889,Complex/Circle,Daylight,Clear,10:00am-10:59am,55,11:00am-11:59am,4,11:00am-11:59am,27,1,Daylight,Clear,1,1,['Driver'],['Shoulder_Lapbelt'],0,0,Valid,1.0,0.0,103.0,56.0,"['Male', 'Female']",0,0,3,4,5,Dry,Straight,Level,Lowest,No
21100,31,Nebraska,310192,0,1,1,0,1,MILLER,December,5,Tuesday,22,30,Rural,Medium Speed (Collector),No,41.02029722,-99.38713889,Non-Intersection,Dark - Not Lighted,Clear,Unknown,Unknown,Unknown EMS Scene Arrival Hour,Unknown EMS Scene Arrival Minutes,Unknown,Unknown EMS Hospital Arrival Time,1,Dark - Unlighted,Clear,1,0,['Driver'],['Shoulder_Lapbelt'],1,1,Valid,0.0,0.0,47.0,47.0,['Male'],0,0,3,4,3,Dry,Straight,Level,Lowest,No
21101,31,Nebraska,310193,2,3,2,1,1,SOUTH SIOUX CITY,December,6,Wednesday,5,0,Urban,High Speed (Arterial),Yes,42.44836389,-96.39337222,Non-Intersection,Dark - Not Lighted,Clear,5:00am-5:59am,6,5:00am-5:59am,15,6:00am-6:59am,4,1,Dark - Unlighted,Clear,0,1,[],[],0,0,Valid,0.0,0.0,55.0,55.0,['Female'],0,0,2,4,5,Dry,Straight,Level,Lowest,No
21102,31,Nebraska,310194,0,2,2,0,4,LITCHFIELD,December,6,Wednesday,0,15,Rural,High Speed (Arterial),Yes,41.1765,-99.19174167,Non-Intersection,Dark - Not Lighted,Clear,0:00am-0:59am,20,0:00am-0:59am,31,Unknown,Unknown EMS Hospital Arrival Time,1,Dark - Unlighted,Clear,1,2,['Front_Passenger'],['Shoulder_Lapbelt'],1,1,Valid,0.0,3.0,49.0,20.0,"['Male', 'Male']",0,0,3,4,5,Dry,Straight,Level,Lowest,No
21103,31,Nebraska,310195,0,1,1,0,1,MINDEN,December,9,Saturday,14,4,Rural,Medium Speed (Collector),No,40.51609167,-98.95181944,Non-Intersection,Daylight,Clear,2:00pm-2:59pm,7,2:00pm-2:59pm,11,Not Applicable (Not Transported),Not Applicable (Not Transported),1,Daylight,Clear,1,0,['Driver'],['None_Used'],0,0,Valid,0.0,0.0,84.0,84.0,['Male'],0,0,3,4,3,Dry,Straight,Level,Lowest,No
21104,31,Nebraska,310196,1,1,1,0,1,EAGLE,December,10,Sunday,14,42,Rural,Low Speed (Local),No,40.815675,-96.43288889,Simple Junction,Daylight,Clear,2:00pm-2:59pm,42,2:00pm-2:59pm,45,2:00pm-2:59pm,58,1,Daylight,Clear,0,1,[],[],0,0,Valid,0.0,0.0,76.0,76.0,['Male'],0,0,3,1,4,Dry,Straight,Level,Lowest,No
21105,31,Nebraska,310197,0,1,1,0,1,NOT APPLICABLE,December,11,Monday,19,1,Rural,High Speed (Arterial),Yes,42.05417778,-98.64316389,Non-Intersection,Dark - Not Lighted,Clear,7:00pm-7:59pm,4,7:00pm-7:59pm,21,Not Applicable (Not Transported),Not Applicable (Not Transported),1,Dark - Unlighted,Clear,1,0,['Driver'],['None_Used'],1,1,Valid,0.0,0.0,62.0,62.0,['Female'],1,0,3,4,3,Dry,Curve,Level,Lowest,No
21106,31,Nebraska,310198,0,1,1,0,1,OAKLAND,December,11,Monday,14,42,Rural,High Speed (Arterial),Yes,41.82963333,-96.46266944,Non-Intersection,Daylight,Clear,Unknown,Unknown,Unknown EMS Scene Arrival Hour,Unknown EMS Scene Arrival Minutes,Unknown,Unknown EMS Hospital Arrival Time,1,Daylight,Clear,1,0,['Driver'],['Shoulder_Lapbelt'],0,0,Valid,0.0,0.0,80.0,80.0,['Male'],0,0,3,4,3,Dry,Straight,Grade/Hillcrest,Lowest,No
21107,31,Nebraska,310199,0,1,1,0,1,OMAHA,December,13,Wednesday,6,51,Urban,High Speed (Arterial),Yes,41.3107,-95.9409,Non-Intersection,Dawn,Cloudy,6:00am-6:59am,52,6:00am-6:59am,56,7:00am-7:59am,46,1,Twilight,Reduced Visibility,1,0,['Driver'],['Shoulder_Lapbelt'],0,0,Valid,0.0,1.0,74.0,74.0,['Male'],0,0,3,4,3,Dry,Curve,Grade/Hillcrest,Lowest,Yes
21108,31,Nebraska,310200,0,1,1,0,1,OMAHA,December,14,Thursday,3,30,Urban,High Speed (Arterial),Yes,41.21215,-95.96628333,Non-Intersection,Dark - Lighted,Clear,3:00am-3:59am,31,3:00am-3:59am,35,3:00am-3:59am,48,1,Dark - Lighted,Clear,1,0,['Driver'],['None_Used'],1,1,Valid,1.0,0.0,25.0,25.0,['Female'],1,0,3,4,3,Dry,Straight,Grade/Hillcrest,Lowest,No
21109,31,Nebraska,310201,1,1,1,0,2,OMAHA,December,21,Thursday,21,14,Urban,Medium Speed (Collector),No,41.2814,-95.9759,Non-Intersection,Dark - Lighted,Cloudy,9:00pm-9:59pm,14,9:00pm-9:59pm,16,9:00pm-9:59pm,35,1,Dark - Lighted,Reduced Visibility,0,2,[],[],0,0,Valid,0.0,0.0,45.0,45.0,['Male'],0,0,3,3,4,Dry,Straight,Grade/Hillcrest,Lowest,No
21110,31,Nebraska,310202,0,3,3,0,6,NOT APPLICABLE,December,21,Thursday,10,16,Urban,High Speed (Arterial),Yes,41.19035556,-96.23428611,Complex/Circle,Daylight,Rain,10:00am-10:59am,23,10:00am-10:59am,35,10:00am-10:59am,57,1,Daylight,Rain/Wind/Minor,1,4,['Driver'],['None_Used'],0,0,Valid,0.0,0.0,62.0,17.0,"['Male', 'Male', 'Female']",0,0,3,4,5,Wet/Standing Water,Straight,Level,Lowest,No
21111,31,Nebraska,310203,0,2,2,0,3,BELLEVUE,December,21,Thursday,19,50,Urban,High Speed (Arterial),Yes,41.10103889,-95.92930556,Non-Intersection,Dark - Not Lighted,Other,7:00pm-7:59pm,56,8:00pm-8:59pm,0,8:00pm-8:59pm,35,1,Dark - Unlighted,Reduced Visibility,1,2,['Front_Passenger'],['None_Used'],0,0,Valid,1.0,0.0,47.0,47.0,['Female'],2,0,3,4,5,Oil/Contaminated,Straight,Level,Lowest,No
21112,31,Nebraska,310204,0,2,2,0,3,NOT APPLICABLE,December,26,Tuesday,13,32,Rural,Medium Speed (Collector),No,40.40348611,-96.17979444,Non-Intersection,Daylight,Snow,1:00pm-1:59pm,38,1:00pm-1:59pm,45,2:00pm-2:59pm,3,1,Daylight,Snow/Ice/Severe,1,2,['Front_Passenger'],['Shoulder_Lapbelt'],0,0,Valid,0.0,1.0,47.0,23.0,"['Female', 'Female']",0,0,3,4,5,Icy/Snowy,Straight,Level,Lowest,No
21113,31,Nebraska,310205,0,2,2,0,3,ARLINGTON,December,28,Thursday,18,48,Rural,High Speed (Arterial),Yes,41.45135556,-96.30381667,Non-Intersection,Dark - Not Lighted,Cloudy,6:00pm-6:59pm,Unknown,6:00pm-6:59pm,Unknown EMS Scene Arrival Minutes,Unknown,Unknown EMS Hospital Arrival Time,1,Dark - Unlighted,Reduced Visibility,1,2,['Driver'],['Shoulder_Lapbelt'],1,1,Valid,1.0,2.0,57.0,45.0,"['Female', 'Male']",0,0,3,4,5,Icy/Snowy,Straight,Level,Lowest,No
21114,31,Nebraska,310206,0,1,1,0,3,DECATUR,December,30,Saturday,0,32,Rural,Medium Speed (Collector),No,41.98310833,-96.27505278,Non-Intersection,Dark - Not Lighted,Cloudy,0:00am-0:59am,35,0:00am-0:59am,43,Unknown,Unknown EMS Hospital Arrival Time,1,Dark - Unlighted,Reduced Visibility,1,2,['Rear_Seat'],['None_Used'],1,1,Invalid,0.0,0.0,35.0,35.0,['Male'],3,0,2,4,2,Dry,Straight,Level,Lowest,No
21115,31,Nebraska,310207,0,3,3,0,3,NOT APPLICABLE,October,31,Tuesday,13,44,Rural,Medium Speed (Collector),No,41.42323056,-97.05984722,Non-Intersection,Daylight,Clear,1:00pm-1:59pm,52,1:00pm-1:59pm,46,Not Applicable (Not Transported),Not Applicable (Not Transported),2,Daylight,Clear,2,1,"['Driver', 'Driver']","['None_Used', 'Shoulder_Lapbelt']",0,0,Valid,0.0,0.0,75.0,34.0,"['Male', 'Female', 'Female']",0,0,3,4,5,Dry,Straight,Level,Lowest,No
21116,31,Nebraska,310208,0,1,1,0,1,NOT APPLICABLE,November,1,Wednesday,13,28,Rural,Medium Speed (Collector),No,41.39363889,-96.72115278,Non-Intersection,Daylight,Clear,1:00pm-1:59pm,28,1:00pm-1:59pm,40,2:00pm-2:59pm,15,1,Daylight,Clear,1,0,['Driver'],['Shoulder_Lapbelt'],0,0,Valid,0.0,0.0,76.0,76.0,['Male'],0,0,4,4,3,Dry,Straight,Level,Lowest,No
21117,31,Nebraska,310209,0,2,2,0,3,NOT APPLICABLE,August,31,Thursday,11,0,Rural,Medium Speed (Collector),No,40.79690833,-99.82511667,Complex/Circle,Daylight,Clear,Unknown,Unknown,Unknown EMS Scene Arrival Hour,Unknown EMS Scene Arrival Minutes,Unknown,Unknown EMS Hospital Arrival Time,1,Daylight,Clear,1,2,['Driver'],['None_Used'],0,0,Valid,0.0,1.0,67.0,23.0,"['Male', 'Female']",0,0,4,4,5,Dry,Straight,Level,Lowest,No
21469,33,New Hampshire,330001,0,2,2,0,5,MERRIMACK,January,6,Friday,19,9,Urban,Medium Speed (Collector),No,42.80755278,-71.52976389,Non-Intersection,Dark - Lighted,Snow,7:00pm-7:59pm,13,7:00pm-7:59pm,23,8:00pm-8:59pm,18,1,Dark - Lighted,Snow/Ice/Severe,1,4,['Rear_Seat'],['Shoulder_Lapbelt'],0,0,Valid,1.0,0.0,43.0,24.0,"['Male', 'Female']",0,0,3,4,5,Wet/Standing Water,Curve,Level,Medium,No
21470,33,New Hampshire,330002,0,2,2,0,2,HUDSON,January,9,Monday,17,58,Urban,High Speed (Arterial),Yes,42.81368056,-71.42117222,Non-Intersection,Dark - Lighted,Clear,6:00pm-6:59pm,2,6:00pm-6:59pm,6,Not Applicable (Not Transported),Not Applicable (Not Transported),1,Dark - Lighted,Clear,1,1,['Driver'],['None_Used'],0,0,Valid,1.0,0.0,48.0,36.0,"['Female', 'Male']",0,0,5,4,5,Dry,Straight,Level,Lowest,No
21471,33,New Hampshire,330003,0,2,2,0,3,OSSIPEE,January,10,Tuesday,10,58,Rural,High Speed (Arterial),Yes,43.63842778,-71.05848611,Non-Intersection,Daylight,Clear,11:00am-11:59am,4,11:00am-11:59am,23,11:00am-11:59am,35,1,Daylight,Clear,1,2,['Driver'],['Shoulder_Lapbelt'],0,0,Valid,0.0,0.0,58.0,26.0,"['Male', 'Male']",0,0,3,4,5,Dry,Curve,Level,Lowest,No
21472,33,New Hampshire,330004,0,2,2,0,4,KEENE,January,12,Thursday,14,38,Rural,Medium Speed (Collector),No,42.967475,-72.34137778,Non-Intersection,Daylight,Rain,2:00pm-2:59pm,38,3:00pm-3:59pm,3,3:00pm-3:59pm,19,1,Daylight,Rain/Wind/Minor,1,3,['Driver'],['Shoulder_Lapbelt'],0,0,Valid,0.0,0.0,85.0,27.0,"['Female', 'Male']",0,0,3,4,5,Icy/Snowy,Straight,Level,Lowest,No
21473,33,New Hampshire,330005,1,1,1,0,1,MANCHESTER,January,15,Sunday,6,24,Urban,Medium Speed (Collector),No,42.98946389,-71.45741111,Complex/Circle,Dark - Lighted,Cloudy,6:00am-6:59am,24,6:00am-6:59am,27,6:00am-6:59am,39,1,Dark - Lighted,Reduced Visibility,0,1,[],[],0,0,Valid,1.0,0.0,59.0,59.0,['Male'],0,0,2,0,4,Dry,Straight,Level,Lowest,No
21474,33,New Hampshire,330006,1,1,1,0,1,CONWAY,January,22,Sunday,18,42,Rural,High Speed (Arterial),Yes,43.99980278,-70.99831389,Non-Intersection,Dark - Not Lighted,Cloudy,6:00pm-6:59pm,42,Unknown EMS Scene Arrival Hour,Unknown if Arrived,Not Applicable (Not Transported),Not Applicable (Not Transported),1,Dark - Unlighted,Reduced Visibility,0,1,[],[],0,0,Invalid,1.0,0.0,22.0,22.0,['Male'],0,0,3,3,4,Dry,Straight,Level,Lowest,No
21475,33,New Hampshire,330007,0,1,1,0,1,GILFORD,January,30,Monday,6,6,Urban,High Speed (Arterial),Yes,43.56732778,-71.43455,Non-Intersection,Dark - Not Lighted,Clear,6:00am-6:59am,6,6:00am-6:59am,17,6:00am-6:59am,29,1,Dark - Unlighted,Clear,1,0,['Driver'],['None_Used'],1,1,Valid,1.0,0.0,56.0,56.0,['Female'],0,0,3,4,3,Dry,Curve,Grade/Hillcrest,Lowest,No
21476,33,New Hampshire,330008,0,2,2,0,3,MANCHESTER,February,5,Sunday,17,45,Urban,Medium Speed (Collector),No,42.94576111,-71.43181667,Non-Intersection,Dark - Lighted,Clear,5:00pm-5:59pm,45,5:00pm-5:59pm,56,6:00pm-6:59pm,18,1,Dark - Lighted,Clear,1,2,['Driver'],['Shoulder_Lapbelt'],1,1,Valid,0.0,0.0,48.0,43.0,"['Male', 'Female']",1,0,3,4,5,Dry,Curve,Level,Lowest,No
21477,33,New Hampshire,330009,0,1,1,0,1,DERRY VILLAGE,February,5,Sunday,8,34,Urban,Low Speed (Local),No,42.91316389,-71.33458611,Non-Intersection,Daylight,Cloudy,8:00am-8:59am,34,8:00am-8:59am,47,9:00am-9:59am,3,1,Daylight,Reduced Visibility,1,0,['Driver'],['None_Used'],0,0,Valid,0.0,0.0,63.0,63.0,['Male'],0,0,2,4,3,Dry,Curve,Level,Lowest,No
21478,33,New Hampshire,330010,0,2,2,0,2,PLYMOUTH,February,8,Wednesday,14,1,Rural,Medium Speed (Collector),No,43.76303056,-71.75828333,Non-Intersection,Daylight,Clear,2:00pm-2:59pm,1,2:00pm-2:59pm,9,2:00pm-2:59pm,30,1,Daylight,Clear,1,1,['Driver'],['None_Used'],0,0,Valid,0.0,1.0,68.0,49.0,"['Male', 'Male']",0,0,3,4,5,Dry,Straight,Level,Lowest,No
21479,33,New Hampshire,330011,0,1,1,0,1,DEERFIELD,January,14,Saturday,0,38,Rural,Low Speed (Local),No,43.12595833,-71.28625833,Non-Intersection,Dark - Not Lighted,Clear,0:00am-0:59am,47,1:00am-1:59am,16,Not Applicable (Not Transported),Not Applicable (Not Transported),1,Dark - Unlighted,Clear,1,0,['Driver'],['None_Used'],1,1,Valid,1.0,1.0,43.0,43.0,['Male'],1,0,3,4,3,Wet/Standing Water,Curve,Level,Lowest,No
21480,33,New Hampshire,330012,0,1,1,0,1,CANAAN,February,16,Thursday,23,28,Rural,Medium Speed (Collector),No,43.65060833,-72.06023056,Non-Intersection,Dark - Not Lighted,Clear,11:00pm-11:59pm,38,11:00pm-11:59pm,48,0:00am-0:59am,41,1,Dark - Unlighted,Clear,1,0,['Driver'],['None_Used'],1,1,Valid,0.0,0.0,42.0,42.0,['Male'],1,0,3,4,4,Wet/Standing Water,Curve,Level,Lowest,No
21481,33,New Hampshire,330013,1,1,1,0,1,MANCHESTER,February,24,Friday,18,21,Urban,High Speed (Arterial),Yes,42.98436667,-71.46313056,Non-Intersection,Dark - Lighted,Clear,6:00pm-6:59pm,30,6:00pm-6:59pm,35,Not Applicable (Not Transported),Not Applicable (Not Transported),1,Dark - Lighted,Clear,0,1,[],[],0,0,Valid,1.0,0.0,32.0,32.0,['Female'],0,0,3,2,4,Dry,Straight,Level,Lowest,No
21482,33,New Hampshire,330014,0,2,2,0,2,FARMINGTON,February,24,Friday,4,53,Rural,Medium Speed (Collector),No,43.348075,-71.0244,Non-Intersection,Dark - Lighted,Clear,4:00am-4:59am,53,5:00am-5:59am,1,5:00am-5:59am,41,1,Dark - Lighted,Clear,1,1,['Driver'],['None_Used'],0,0,Valid,0.0,0.0,79.0,21.0,"['Male', 'Male']",0,0,3,4,5,Icy/Snowy,Straight,Level,Medium,No
21483,33,New Hampshire,330015,1,1,1,0,1,MANCHESTER,February,21,Tuesday,18,21,Urban,Medium Speed (Collector),No,42.996725,-71.45393889,Complex/Circle,Dark - Lighted,Rain,6:00pm-6:59pm,25,6:00pm-6:59pm,26,6:00pm-6:59pm,42,1,Dark - Lighted,Rain/Wind/Minor,0,1,[],[],1,1,Valid,0.0,0.0,34.0,34.0,['Male'],0,0,2,1,4,Wet/Standing Water,Straight,Level,Lowest,No
21484,33,New Hampshire,330016,0,1,1,0,1,ERROL,February,28,Tuesday,17,44,Rural,Medium Speed (Collector),No,44.75834167,-71.14680556,Non-Intersection,Daylight,Blowing Snow,5:00pm-5:59pm,45,5:00pm-5:59pm,55,Not Applicable (Not Transported),Not Applicable (Not Transported),1,Daylight,Snow/Ice/Severe,1,0,['Driver'],['Shoulder_Lapbelt'],1,1,Valid,0.0,0.0,51.0,51.0,['Male'],0,0,3,4,4,Icy/Snowy,Straight,Level,Lowest,Yes
21485,33,New Hampshire,330017,0,2,2,0,2,MILFORD,March,15,Wednesday,8,36,Urban,High Speed (Arterial),Yes,42.81706389,-71.64517778,Non-Intersection,Daylight,Clear,8:00am-8:59am,36,8:00am-8:59am,44,Not Applicable (Not Transported),Not Applicable (Not Transported),1,Daylight,Clear,1,1,['Driver'],['Shoulder_Lapbelt'],0,0,Valid,1.0,1.0,76.0,35.0,"['Female', 'Male']",0,0,4,4,5,Dry,Straight,Level,Lowest,No
21486,33,New Hampshire,330018,0,2,2,0,3,SWANZEY,March,20,Monday,8,39,Rural,Medium Speed (Collector),No,42.88308889,-72.32360278,Non-Intersection,Daylight,Clear,8:00am-8:59am,39,8:00am-8:59am,44,9:00am-9:59am,25,1,Daylight,Clear,1,2,['Driver'],['None_Used'],0,0,Valid,0.0,0.0,81.0,41.0,"['Male', 'Female']",0,0,3,4,5,Dry,Straight,Level,Medium,No
21487,33,New Hampshire,330019,0,1,1,0,4,EAST KINGSTON,March,28,Tuesday,13,40,Rural,Medium Speed (Collector),No,42.90363889,-71.00779444,Non-Intersection,Daylight,Cloudy,1:00pm-1:59pm,40,1:00pm-1:59pm,41,2:00pm-2:59pm,12,1,Daylight,Reduced Visibility,1,3,['Driver'],['None_Used'],0,0,Valid,1.0,2.0,27.0,27.0,['Male'],4,0,2,4,3,Dry,Curve,Level,Lowest,No
21488,33,New Hampshire,330020,0,2,2,0,3,STODDARD,March,23,Thursday,4,45,Rural,High Speed (Arterial),Yes,43.04094444,-72.07318889,Non-Intersection,Dark - Not Lighted,"Fog, Smog, Smoke",4:00am-4:59am,52,5:00am-5:59am,1,6:00am-6:59am,54,1,Dark - Unlighted,Reduced Visibility,1,2,['Driver'],['Shoulder_Lapbelt'],1,1,Valid,0.0,2.0,44.0,18.0,"['Female', 'Male']",0,0,2,4,5,Dry,Straight,Level,Lowest,No
21489,33,New Hampshire,330021,0,2,2,0,4,HINSDALE,March,28,Tuesday,17,45,Rural,Medium Speed (Collector),No,42.83280833,-72.54395556,Non-Intersection,Daylight,Cloudy,5:00pm-5:59pm,53,6:00pm-6:59pm,2,Unknown,Unknown EMS Hospital Arrival Time,1,Daylight,Reduced Visibility,1,2,['Rear_Seat'],['Shoulder_Lapbelt'],0,0,Invalid,1.0,2.0,59.0,21.0,"['Male', 'Male']",3,0,3,4,5,Dry,Straight,Level,Lowest,No
21490,33,New Hampshire,330022,0,3,3,0,5,DERRY VILLAGE,April,13,Thursday,18,30,Urban,Medium Speed (Collector),No,42.89433611,-71.31356667,Complex/Circle,Daylight,Clear,6:00pm-6:59pm,39,7:00pm-7:59pm,22,7:00pm-7:59pm,52,2,Daylight,Clear,2,3,"['Driver', 'Rear_Seat']","['None_Used', 'None_Used']",0,0,Valid,1.0,2.0,76.0,21.0,"['Female', 'Male', 'Male']",4,0,5,4,5,Dry,Straight,Level,Lowest,No
21491,33,New Hampshire,330023,0,1,1,0,1,NORTHFIELD,April,20,Thursday,15,17,Rural,High Speed (Arterial),Yes,43.39590833,-71.60121389,Non-Intersection,Daylight,Clear,3:00pm-3:59pm,18,3:00pm-3:59pm,23,Not Applicable (Not Transported),Not Applicable (Not Transported),1,Daylight,Clear,1,0,['Driver'],['None_Used'],0,0,Valid,0.0,0.0,69.0,69.0,['Female'],0,0,3,4,3,Dry,Curve,Level,Lowest,No
21492,33,New Hampshire,330024,0,1,1,0,4,WINDHAM,April,21,Friday,12,48,Urban,High Speed (Arterial),Yes,42.79333056,-71.27225278,Non-Intersection,Daylight,Clear,12:00pm-12:59pm,50,12:00pm-12:59pm,54,1:00pm-1:59pm,28,1,Daylight,Clear,1,3,['Front_Passenger'],['None_Used'],0,0,Invalid,0.0,0.0,54.0,54.0,['Male'],0,0,3,4,3,Dry,Curve,Level,Lowest,No
21493,33,New Hampshire,330025,0,2,2,0,2,MERRIMACK,April,22,Saturday,14,15,Urban,Medium Speed (Collector),No,42.90683889,-71.474625,Non-Intersection,Daylight,Cloudy,2:00pm-2:59pm,14,2:00pm-2:59pm,19,Not Applicable (Not Transported),Not Applicable (Not Transported),1,Daylight,Reduced Visibility,1,0,['Driver'],['None_Used'],1,1,Valid,1.0,0.0,52.0,37.0,"['Male', 'Female']",0,0,5,4,5,Dry,Curve,Level,Lowest,No
21494,33,New Hampshire,330026,0,5,5,0,7,BRENTWOOD,April,24,Monday,8,54,Urban,High Speed (Arterial),Yes,42.96608056,-71.065225,Non-Intersection,Daylight,Cloudy,8:00am-8:59am,54,9:00am-9:59am,1,9:00am-9:59am,57,1,Daylight,Reduced Visibility,1,6,['Driver'],['None_Used'],0,0,Valid,0.0,0.0,76.0,28.0,"['Female', 'Male', 'Male', 'Female', 'Male']",0,0,4,4,5,Wet/Standing Water,Straight,Level,Lowest,No
21495,33,New Hampshire,330027,0,1,1,0,1,ROLLINSFORD,April,27,Thursday,3,34,Rural,Low Speed (Local),No,77.7777,777.7777,Non-Intersection,Dark - Not Lighted,Clear,3:00am-3:59am,34,3:00am-3:59am,50,Not Applicable (Not Transported),Not Applicable (Not Transported),1,Dark - Unlighted,Clear,1,0,['Driver'],['Shoulder_Lapbelt'],1,1,Valid,1.0,1.0,29.0,29.0,['Male'],1,0,3,4,3,Dry,Curve,Grade/Hillcrest,Lowest,No
21496,33,New Hampshire,330028,1,1,1,0,2,SEABROOK,April,2,Sunday,3,34,Urban,Medium Speed (Collector),No,42.9021,-70.86891944,Non-Intersection,Dark - Lighted,Clear,3:00am-3:59am,34,3:00am-3:59am,38,4:00am-4:59am,6,1,Dark - Lighted,Clear,0,2,[],[],0,0,Valid,0.0,0.0,79.0,79.0,['Male'],0,0,3,3,4,Dry,Straight,Level,Lowest,No
21497,33,New Hampshire,330029,0,1,1,0,1,MILTON,April,28,Friday,15,19,Rural,High Speed (Arterial),Yes,43.47546389,-71.00274167,Non-Intersection,Daylight,Clear,3:00pm-3:59pm,20,3:00pm-3:59pm,24,Not Applicable (Not Transported),Not Applicable (Not Transported),1,Daylight,Clear,1,0,['Driver'],['None_Used'],1,1,Valid,0.0,1.0,53.0,53.0,['Male'],0,0,5,4,3,Dry,Straight,Level,Lowest,Yes
21498,33,New Hampshire,330030,0,2,2,0,2,FARMINGTON,April,29,Saturday,16,37,Rural,Low Speed (Local),No,43.37768889,-71.105375,Non-Intersection,Daylight,Clear,4:00pm-4:59pm,36,4:00pm-4:59pm,43,Not Applicable (Not Transported),Not Applicable (Not Transported),1,Daylight,Clear,1,1,['Driver'],['None_Used'],0,0,Valid,1.0,1.0,36.0,31.0,"['Male', 'Male']",0,0,5,4,5,Dry,Curve,Grade/Hillcrest,Lowest,No
21499,33,New Hampshire,330031,0,1,1,0,1,LEBANON,April,4,Tuesday,18,0,Urban,High Speed (Arterial),Yes,43.63089722,-72.31522222,Non-Intersection,Daylight,Clear,4:00pm-4:59pm,37,4:00pm-4:59pm,42,5:00pm-5:59pm,6,1,Daylight,Clear,1,0,['Driver'],['Shoulder_Lapbelt'],1,1,Invalid,0.0,0.0,60.0,60.0,['Male'],0,0,3,4,3,Dry,Curve,Level,Lowest,No
21500,33,New Hampshire,330032,0,2,2,0,2,NORTH HAMPTON,May,4,Thursday,21,44,Rural,High Speed (Arterial),Yes,42.99182778,-70.81856111,Non-Intersection,Dark - Lighted,Clear,9:00pm-9:59pm,44,9:00pm-9:59pm,50,10:00pm-10:59pm,39,1,Dark - Lighted,Clear,1,0,['Driver'],['None_Used'],1,1,Invalid,2.0,4.0,37.0,25.0,"['Male', 'Male']",0,0,3,4,5,Dry,Straight,Level,Lowest,No
21501,33,New Hampshire,330033,0,1,1,0,2,SULLIVAN,May,7,Sunday,6,14,Rural,Low Speed (Local),No,43.008625,-72.19392778,Non-Intersection,Dawn,Clear,6:00am-6:59am,15,6:00am-6:59am,28,6:00am-6:59am,53,1,Twilight,Clear,1,1,['Driver'],['None_Used'],1,1,Invalid,1.0,2.0,21.0,21.0,['Male'],2,0,2,4,3,Dry,Straight,Level,Lowest,No
21502,33,New Hampshire,330034,0,1,1,0,1,CONWAY,May,8,Monday,10,9,Rural,Medium Speed (Collector),No,43.961825,-71.02155833,Non-Intersection,Daylight,Clear,10:00am-10:59am,9,10:00am-10:59am,20,10:00am-10:59am,49,1,Daylight,Clear,1,0,['Driver'],['None_Used'],0,0,Valid,1.0,0.0,65.0,65.0,['Male'],0,0,5,3,3,Dry,Curve,Level,Lowest,No
21503,33,New Hampshire,330035,0,1,1,0,2,FRANKLIN,May,13,Saturday,8,55,Rural,Medium Speed (Collector),No,43.49669167,-71.67930556,Non-Intersection,Daylight,Clear,8:00am-8:59am,56,9:00am-9:59am,6,9:00am-9:59am,32,1,Daylight,Clear,1,1,['Driver'],['None_Used'],0,0,Valid,0.0,0.0,74.0,74.0,['Male'],0,0,3,4,3,Dry,Straight,Level,Lowest,No