,State_Code,State_Name,Crash_ID,Count_Non_Motorists,Count_Vehicles_Total,Count_Vehicle_Forms,Count_PVH_Involved,Count_Occupants_MV,City_Name,Month_Name,Day_of_Month,Day_of_Week,Crash_Hour,Crash_Minute,Area_Rural_Urban,Road_Functional_Class,On_NHS_Road,Latitude,Longitude,Intersection_Type,Light_Condition,Weather_Condition,Notif_Hour,Notif_Minute,Arrival_Hour,Arrival_Minute,Hospital_Hour,Hospital_Minute,Fatalities_Count,Clean_Light_Condition,Clean_Weather_Condition,Total_Killed,Total_Alive,Fatal_Seats_List,Killed_Restraint_List,Any_Driver_Drinking,Total_Drinking_Drivers,Driver_License_Category,Driver_Max_Prev_Accident_Count,Driver_Max_Prev_Speeding_Count,Max_Driver_Age,Min_Driver_Age,Driver_Sex_List,Total_Exceeding_Limit_Vehicles,Total_Too_Fast_Vehicles,Max_Vehicle_Type_Severity_5,Max_Vehicle_Damage_Rank,Max_Harmful_Event_Severity,Crash_Road_Surface_Condition,Crash_Horizontal_Alignment,Crash_Vertical_Profile,Crash_Impairment_Category,Crash_Vehicle_Defect
21504,33,New Hampshire,330036,0,1,1,0,1,CHESTER,May,18,Thursday,22,23,Rural,Low Speed (Local),No,42.97541111,-71.21369444,Non-Intersection,Dark - Not Lighted,Clear,10:00pm-10:59pm,23,10:00pm-10:59pm,43,Not Applicable (Not Transported),Not Applicable (Not Transported),1,Dark - Unlighted,Clear,1,0,['Driver'],['None_Used'],1,1,Valid,0.0,0.0,52.0,52.0,['Male'],1,0,2,4,3,Dry,Curve,Grade/Hillcrest,Lowest,No
21505,33,New Hampshire,330037,1,1,1,0,2,PEMBROKE,May,16,Tuesday,20,30,Urban,High Speed (Arterial),Yes,43.14215278,-71.45326111,Complex/Circle,Dark - Not Lighted,Clear,8:00pm-8:59pm,37,8:00pm-8:59pm,37,9:00pm-9:59pm,56,1,Dark - Unlighted,Clear,0,2,[],[],0,0,Valid,0.0,0.0,48.0,48.0,['Male'],0,0,2,0,4,Dry,Straight,Level,Lowest,No
21506,33,New Hampshire,330038,0,1,1,0,1,ROCHESTER,May,5,Friday,7,19,Urban,High Speed (Arterial),Yes,43.35200278,-70.9857,Non-Intersection,Daylight,Clear,7:00am-7:59am,22,7:00am-7:59am,25,7:00am-7:59am,47,1,Daylight,Clear,1,0,['Driver'],['None_Used'],0,0,Valid,0.0,3.0,73.0,73.0,['Male'],0,0,3,4,3,Dry,Straight,Grade/Hillcrest,Lowest,No
21507,33,New Hampshire,330039,0,2,2,0,2,PLAISTOW,May,16,Tuesday,19,47,Urban,Medium Speed (Collector),No,42.864125,-71.11849167,Non-Intersection,Other,Clear,7:00pm-7:59pm,53,7:00pm-7:59pm,53,Unknown,Unknown EMS Hospital Arrival Time,1,Dark - Unlighted,Clear,1,1,['Driver'],['None_Used'],0,0,Valid,2.0,0.0,63.0,37.0,"['Male', 'Male']",0,0,5,4,5,Dry,Curve,Level,Lowest,No
21508,33,New Hampshire,330040,0,1,1,0,1,WESTMORELAND,June,12,Monday,4,57,Rural,Low Speed (Local),No,42.97355,-72.420325,Non-Intersection,Dawn,Cloudy,5:00am-5:59am,1,5:00am-5:59am,20,Not Applicable (Not Transported),Not Applicable (Not Transported),1,Twilight,Reduced Visibility,1,0,['Driver'],['None_Used'],1,1,Valid,1.0,0.0,40.0,40.0,['Female'],0,0,3,4,3,Wet/Standing Water,Straight,Grade/Hillcrest,Lowest,No
21509,33,New Hampshire,330041,0,2,2,0,2,TUFTONBORO,June,12,Monday,12,58,Rural,Medium Speed (Collector),No,43.65331667,-71.27908611,Non-Intersection,Daylight,Cloudy,12:00pm-12:59pm,58,1:00pm-1:59pm,9,1:00pm-1:59pm,26,1,Daylight,Reduced Visibility,1,1,['Driver'],['None_Used'],1,1,Valid,1.0,1.0,69.0,33.0,"['Female', 'Male']",0,0,3,4,5,Wet/Standing Water,Curve,Grade/Hillcrest,Lowest,No
21510,33,New Hampshire,330042,0,3,3,0,3,HENNIKER,June,14,Wednesday,7,54,Rural,High Speed (Arterial),Yes,43.18348056,-71.78357778,Non-Intersection,Daylight,Cloudy,7:00am-7:59am,54,8:00am-8:59am,0,8:00am-8:59am,42,1,Daylight,Reduced Visibility,1,2,['Driver'],['Shoulder_Lapbelt'],1,1,Valid,4.0,0.0,48.0,32.0,"['Female', 'Male', 'Female']",0,0,4,4,5,Wet/Standing Water,Straight,Level,Lowest,No
21511,33,New Hampshire,330043,0,1,1,0,1,CAMPTON,June,15,Thursday,1,9,Rural,High Speed (Arterial),Yes,43.81328333,-71.66966944,Non-Intersection,Dark - Unknown Lighting,Clear,1:00am-1:59am,9,Unknown EMS Scene Arrival Hour,Unknown if Arrived,Not Applicable (Not Transported),Not Applicable (Not Transported),1,Dark - Unlighted,Clear,1,0,['Driver'],['None_Used'],1,1,Valid,0.0,0.0,53.0,53.0,['Male'],0,0,3,4,3,Dry,Curve,Grade/Hillcrest,Lowest,No
21512,33,New Hampshire,330044,1,2,2,0,3,LOUDON,June,15,Thursday,23,58,Rural,High Speed (Arterial),Yes,43.311975,-71.47562222,Non-Intersection,Dark - Not Lighted,Clear,11:00pm-11:59pm,58,Unknown EMS Scene Arrival Hour,Unknown if Arrived,Not Applicable (Not Transported),Not Applicable (Not Transported),1,Dark - Unlighted,Clear,0,2,[],[],1,1,Valid,0.0,0.0,998.0,33.0,"['Female', 'Other']",0,0,3,3,4,Dry,Straight,Level,Lowest,No
21513,33,New Hampshire,330045,1,1,1,0,1,ROCHESTER,June,2,Friday,22,22,Urban,Medium Speed (Collector),No,43.31986667,-70.97556667,Non-Intersection,Dark - Lighted,Rain,10:00pm-10:59pm,22,10:00pm-10:59pm,28,11:00pm-11:59pm,0,1,Dark - Lighted,Rain/Wind/Minor,0,0,[],[],0,0,Valid,0.0,1.0,43.0,43.0,['Male'],0,0,1,0,4,Wet/Standing Water,Straight,Level,Lowest,No
21514,33,New Hampshire,330046,0,2,2,0,4,LACONIA,June,19,Monday,11,59,Urban,Medium Speed (Collector),No,43.53505556,-71.47536944,Non-Intersection,Daylight,Clear,12:00pm-12:59pm,2,12:00pm-12:59pm,8,12:00pm-12:59pm,25,1,Daylight,Clear,1,3,['Driver'],['None_Used'],0,0,Valid,1.0,0.0,69.0,65.0,"['Female', 'Male']",0,0,5,4,5,Dry,Straight,Level,Lowest,No
21515,33,New Hampshire,330047,0,1,1,0,1,NEWBURY,June,15,Thursday,12,15,Rural,Low Speed (Local),No,43.29124167,-72.010125,Non-Intersection,Daylight,Clear,12:00pm-12:59pm,15,12:00pm-12:59pm,31,1:00pm-1:59pm,40,1,Daylight,Clear,1,0,['Driver'],['None_Used'],0,0,Valid,0.0,0.0,64.0,64.0,['Male'],0,0,5,4,3,Dry,Curve,Level,Lowest,No
21516,33,New Hampshire,330048,0,1,1,0,1,SEABROOK,June,20,Tuesday,20,11,Urban,High Speed (Arterial),Yes,42.89419167,-70.87958056,Non-Intersection,Dusk,Clear,8:00pm-8:59pm,14,8:00pm-8:59pm,17,Not Applicable (Not Transported),Not Applicable (Not Transported),1,Twilight,Clear,1,0,['Driver'],['None_Used'],0,0,Invalid,2.0,2.0,77.0,77.0,['Male'],0,0,3,4,3,Dry,Straight,Level,Lowest,No
21517,33,New Hampshire,330049,0,1,1,0,1,WEARE,June,21,Wednesday,16,41,Rural,Medium Speed (Collector),No,43.05645833,-71.77148889,Non-Intersection,Daylight,Clear,4:00pm-4:59pm,41,Unknown EMS Scene Arrival Hour,Unknown if Arrived,Not Applicable (Not Transported),Not Applicable (Not Transported),1,Daylight,Clear,1,0,['Driver'],['None_Used'],1,1,Invalid,1.0,0.0,61.0,61.0,['Female'],0,0,2,4,3,Dry,Curve,Grade/Hillcrest,Lowest,No
21518,33,New Hampshire,330050,0,1,1,0,2,TILTON,June,23,Friday,1,28,Urban,High Speed (Arterial),Yes,43.47959722,-71.54088889,Simple Junction,Dark - Lighted,Rain,1:00am-1:59am,28,1:00am-1:59am,46,2:00am-2:59am,10,1,Dark - Lighted,Rain/Wind/Minor,1,1,['Driver'],['None_Used'],0,0,Invalid,0.0,0.0,29.0,29.0,['Male'],2,0,5,0,3,Wet/Standing Water,Straight,Level,Lowest,No
21519,33,New Hampshire,330051,0,1,1,0,1,WAKEFIELD,July,1,Saturday,17,49,Rural,Medium Speed (Collector),No,43.6666,-70.98995278,Non-Intersection,Daylight,Clear,5:00pm-5:59pm,54,6:00pm-6:59pm,6,6:00pm-6:59pm,47,1,Daylight,Clear,1,0,['Driver'],['None_Used'],0,0,Valid,0.0,0.0,71.0,71.0,['Male'],0,0,5,4,3,Dry,Curve,Level,Lowest,No
21520,33,New Hampshire,330052,0,2,2,0,2,BRISTOL,June,22,Thursday,9,2,Rural,Low Speed (Local),No,43.60313611,-71.76278333,Simple Junction,Daylight,Clear,9:00am-9:59am,2,9:00am-9:59am,7,10:00am-10:59am,17,1,Daylight,Clear,1,1,['Driver'],['None_Used'],0,0,Valid,1.0,1.0,57.0,35.0,"['Male', 'Female']",0,0,5,4,5,Dry,Curve,Grade/Hillcrest,Lowest,No
21521,33,New Hampshire,330053,0,1,1,0,1,LINCOLN,July,5,Wednesday,11,22,Rural,Medium Speed (Collector),No,44.05698889,-71.58362222,Non-Intersection,Daylight,Clear,11:00am-11:59am,24,11:00am-11:59am,33,Not Applicable (Not Transported),Not Applicable (Not Transported),1,Daylight,Clear,1,0,['Driver'],['None_Used'],0,0,Valid,0.0,0.0,56.0,56.0,['Female'],0,0,5,4,2,Dry,Curve,Grade/Hillcrest,Lowest,No
21522,33,New Hampshire,330054,0,2,2,0,3,NORTHWOOD,July,8,Saturday,15,17,Rural,High Speed (Arterial),Yes,43.22108611,-71.23774167,Non-Intersection,Daylight,Clear,3:00pm-3:59pm,17,3:00pm-3:59pm,20,4:00pm-4:59pm,32,1,Daylight,Clear,1,2,['Driver'],['None_Used'],0,0,Valid,2.0,0.0,77.0,67.0,"['Male', 'Male']",0,0,5,4,5,Dry,Straight,Grade/Hillcrest,Lowest,No
21523,33,New Hampshire,330055,0,2,2,0,3,ALTON,July,15,Saturday,18,20,Rural,Medium Speed (Collector),No,43.53865,-71.29440833,Non-Intersection,Daylight,Clear,6:00pm-6:59pm,24,6:00pm-6:59pm,39,Not Applicable (Not Transported),Not Applicable (Not Transported),1,Daylight,Clear,1,2,['Driver'],['None_Used'],0,0,Valid,3.0,0.0,53.0,22.0,"['Female', 'Female']",0,0,5,4,5,Dry,Curve,Level,Lowest,No
21524,33,New Hampshire,330056,0,2,2,0,2,PELHAM,July,19,Wednesday,5,49,Urban,Medium Speed (Collector),No,42.74373056,-71.29822222,Non-Intersection,Daylight,Clear,5:00am-5:59am,49,5:00am-5:59am,57,Unknown,Unknown EMS Hospital Arrival Time,1,Daylight,Clear,1,1,['Driver'],['Shoulder_Lapbelt'],0,0,Valid,0.0,0.0,69.0,18.0,"['Male', 'Male']",0,0,3,4,5,Dry,Curve,Level,Lowest,No
21525,33,New Hampshire,330057,0,1,1,0,2,SANBORNTON,July,23,Sunday,13,33,Rural,High Speed (Arterial),Yes,43.52197222,-71.61265278,Non-Intersection,Daylight,Clear,1:00pm-1:59pm,35,1:00pm-1:59pm,57,2:00pm-2:59pm,25,1,Daylight,Clear,1,1,['Front_Passenger'],['None_Used'],1,1,Invalid,0.0,0.0,33.0,33.0,['Male'],0,0,3,4,3,Dry,Straight,Level,Lowest,No
21526,33,New Hampshire,330058,0,2,2,0,4,NOTTINGHAM,July,23,Sunday,16,31,Rural,Medium Speed (Collector),No,43.10348056,-71.11031667,Complex/Circle,Daylight,Clear,4:00pm-4:59pm,31,4:00pm-4:59pm,46,6:00pm-6:59pm,32,1,Daylight,Clear,1,3,['Driver'],['None_Used'],0,0,Valid,0.0,0.0,61.0,32.0,"['Male', 'Female']",0,0,5,4,5,Dry,Straight,Grade/Hillcrest,Lowest,No
21527,33,New Hampshire,330059,1,1,1,0,1,FRANKLIN,July,19,Wednesday,16,20,Urban,High Speed (Arterial),Yes,99.9999,999.9999,Complex/Circle,Daylight,Clear,4:00pm-4:59pm,20,4:00pm-4:59pm,23,4:00pm-4:59pm,47,1,Daylight,Clear,0,1,[],[],0,0,Valid,1.0,0.0,66.0,66.0,['Male'],0,0,2,2,4,Dry,Straight,Grade/Hillcrest,Lowest,No
21528,33,New Hampshire,330060,0,1,1,0,1,WARNER,July,31,Monday,12,12,Rural,High Speed (Arterial),Yes,43.26910278,-71.78038056,Non-Intersection,Daylight,Clear,12:00pm-12:59pm,12,12:00pm-12:59pm,31,1:00pm-1:59pm,9,1,Daylight,Clear,1,0,['Driver'],['None_Used'],0,0,Valid,0.0,0.0,59.0,59.0,['Male'],0,0,2,4,3,Dry,Curve,Level,Lowest,No
21529,33,New Hampshire,330061,0,2,2,0,2,AMHERST,July,25,Tuesday,12,57,Urban,High Speed (Arterial),Yes,42.873025,-71.61345,Non-Intersection,Daylight,Clear,12:00pm-12:59pm,57,1:00pm-1:59pm,3,1:00pm-1:59pm,41,1,Daylight,Clear,1,1,['Driver'],['Shoulder_Lapbelt'],0,0,Valid,0.0,0.0,81.0,43.0,"['Female', 'Male']",0,0,3,4,5,Dry,Straight,Level,Lowest,No
21530,33,New Hampshire,330062,0,1,1,0,1,HUDSON,July,18,Tuesday,16,43,Urban,Low Speed (Local),No,42.81701667,-71.41092222,Non-Intersection,Daylight,Rain,4:00pm-4:59pm,43,5:00pm-5:59pm,12,5:00pm-5:59pm,35,1,Daylight,Rain/Wind/Minor,1,0,['Driver'],['Shoulder_Lapbelt'],0,0,Valid,0.0,0.0,21.0,21.0,['Male'],0,0,2,4,3,Wet/Standing Water,Straight,Level,Lowest,No
21531,33,New Hampshire,330063,0,2,2,0,2,SURRY,July,22,Saturday,8,45,Rural,Medium Speed (Collector),No,42.97999444,-72.35485556,Simple Junction,Daylight,Clear,8:00am-8:59am,48,8:00am-8:59am,50,9:00am-9:59am,16,1,Daylight,Clear,1,1,['Driver'],['None_Used'],0,0,Valid,0.0,1.0,65.0,63.0,"['Male', 'Female']",0,0,3,4,5,Dry,Straight,Level,Lowest,No
21532,33,New Hampshire,330064,1,1,1,0,1,PORTSMOUTH,August,1,Tuesday,4,55,Urban,Low Speed (Local),No,43.077525,-70.75331667,Non-Intersection,Daylight,Clear,4:00am-4:59am,55,5:00am-5:59am,5,5:00am-5:59am,26,1,Daylight,Clear,0,1,[],[],0,0,Valid,0.0,1.0,50.0,50.0,['Female'],0,0,2,2,4,Dry,Curve,Grade/Hillcrest,Lowest,No
21533,33,New Hampshire,330065,0,1,1,0,1,CONCORD,July,22,Saturday,2,36,Urban,Medium Speed (Collector),No,43.28254167,-71.56209444,Non-Intersection,Dark - Not Lighted,"Fog, Smog, Smoke",2:00am-2:59am,42,Unknown EMS Scene Arrival Hour,Unknown if Arrived,Not Applicable (Not Transported),Not Applicable (Not Transported),1,Dark - Unlighted,Reduced Visibility,1,0,['Driver'],['None_Used'],1,1,Valid,1.0,2.0,34.0,34.0,['Male'],1,0,5,0,2,Dry,Curve,Grade/Hillcrest,Lowest,No
21534,33,New Hampshire,330066,0,2,2,0,2,PLAISTOW,August,2,Wednesday,15,35,Urban,Medium Speed (Collector),No,42.83138889,-71.09454444,Simple Junction,Daylight,Clear,3:00pm-3:59pm,40,3:00pm-3:59pm,44,Unknown,Unknown EMS Hospital Arrival Time,1,Daylight,Clear,1,1,['Driver'],['None_Used'],0,0,Valid,1.0,0.0,78.0,64.0,"['Male', 'Female']",0,0,5,4,5,Dry,Straight,Level,Lowest,No
21535,33,New Hampshire,330067,0,2,2,0,2,SALEM,August,3,Thursday,12,10,Urban,High Speed (Arterial),Yes,42.8467,-71.22307778,Complex/Circle,Daylight,Clear,12:00pm-12:59pm,14,Unknown EMS Scene Arrival Hour,Unknown EMS Scene Arrival Minutes,Unknown,Unknown EMS Hospital Arrival Time,1,Daylight,Clear,1,1,['Driver'],['None_Used'],0,0,Valid,0.0,0.0,65.0,56.0,"['Male', 'Male']",0,0,5,4,5,Dry,Straight,Level,Lowest,No
21536,33,New Hampshire,330068,0,1,1,0,1,EXETER,August,6,Sunday,10,18,Urban,High Speed (Arterial),Yes,43.00145278,-70.96928889,Non-Intersection,Daylight,Clear,10:00am-10:59am,21,10:00am-10:59am,25,11:00am-11:59am,0,1,Daylight,Clear,1,0,['Driver'],['None_Used'],0,0,Valid,0.0,2.0,25.0,25.0,['Male'],1,0,5,4,3,Dry,Curve,Level,Lowest,No
21537,33,New Hampshire,330069,0,2,2,0,5,NASHUA,August,5,Saturday,14,30,Urban,High Speed (Arterial),Yes,99.9999,999.9999,Non-Intersection,Daylight,Clear,2:00pm-2:59pm,36,2:00pm-2:59pm,49,3:00pm-3:59pm,17,1,Daylight,Clear,1,4,['Driver'],['None_Used'],1,1,Valid,0.0,1.0,38.0,24.0,"['Female', 'Female']",0,0,3,4,5,Dry,Straight,Level,Lowest,No
21538,33,New Hampshire,330070,0,2,2,0,3,LISBON,August,5,Saturday,18,18,Rural,Medium Speed (Collector),No,44.23855278,-71.87904167,Simple Junction,Dusk,Clear,6:00pm-6:59pm,18,6:00pm-6:59pm,37,Unknown,Unknown EMS Hospital Arrival Time,2,Twilight,Clear,2,1,"['Driver', 'Rear_Seat']","['None_Used', 'None_Used']",1,1,Valid,0.0,1.0,67.0,35.0,"['Male', 'Male']",0,0,5,4,5,Dry,Straight,Level,Lowest,No
21539,33,New Hampshire,330071,0,1,1,0,1,LINCOLN,August,9,Wednesday,18,39,Rural,High Speed (Arterial),Yes,44.13255833,-71.68019167,Non-Intersection,Reported as Unknown,Reported as Unknown,6:00am-6:59am,40,6:00am-6:59am,49,Not Applicable (Not Transported),Not Applicable (Not Transported),1,Dark - Unlighted,Clear,1,0,['Driver'],['None_Used'],0,0,Valid,0.0,0.0,74.0,74.0,['Female'],0,0,3,4,3,Dry,Straight,Grade/Hillcrest,Lowest,No
21540,33,New Hampshire,330072,0,2,2,0,4,CONCORD,August,13,Sunday,16,45,Urban,Medium Speed (Collector),No,43.21593611,-71.50770278,Non-Intersection,Daylight,Clear,4:00pm-4:59pm,53,4:00pm-4:59pm,55,5:00pm-5:59pm,16,1,Daylight,Clear,1,3,['Driver'],['None_Used'],1,1,Valid,0.0,0.0,78.0,52.0,"['Female', 'Male']",0,0,5,4,5,Dry,Straight,Non-Trafficway,Lowest,No
21541,33,New Hampshire,330073,0,2,2,0,2,ROCHESTER,August,19,Saturday,19,40,Urban,Medium Speed (Collector),No,43.30311389,-70.97487222,Complex/Circle,Dusk,Clear,7:00pm-7:59pm,41,7:00pm-7:59pm,45,8:00pm-8:59pm,0,1,Twilight,Clear,1,1,['Driver'],['None_Used'],1,1,Valid,2.0,0.0,54.0,22.0,"['Female', 'Male']",0,0,5,4,5,Dry,Straight,Level,Lowest,No
21542,33,New Hampshire,330074,0,2,2,0,2,HENNIKER,August,20,Sunday,18,11,Rural,Medium Speed (Collector),No,43.18248611,-71.82406389,Complex/Circle,Daylight,Clear,6:00pm-6:59pm,10,Unknown EMS Scene Arrival Hour,Unknown if Arrived,Not Applicable (Not Transported),Not Applicable (Not Transported),1,Daylight,Clear,1,1,['Driver'],['None_Used'],1,1,Valid,1.0,0.0,52.0,17.0,"['Male', 'Male']",1,0,5,4,5,Dry,Straight,Grade/Hillcrest,Lowest,No
21543,33,New Hampshire,330075,0,1,1,0,1,BOW,August,20,Sunday,21,39,Rural,High Speed (Arterial),Yes,43.14345,-71.49834444,Non-Intersection,Dark - Not Lighted,Clear,9:00pm-9:59pm,43,9:00pm-9:59pm,47,10:00pm-10:59pm,7,1,Dark - Unlighted,Clear,1,0,['Driver'],['None_Used'],1,1,Valid,0.0,0.0,39.0,39.0,['Male'],0,0,5,4,3,Dry,Straight,Grade/Hillcrest,Lowest,No
21544,33,New Hampshire,330076,0,3,3,0,3,SALEM,August,23,Wednesday,18,20,Urban,Medium Speed (Collector),No,42.79306944,-71.19433611,Non-Intersection,Daylight,Clear,6:00pm-6:59pm,20,6:00pm-6:59pm,31,7:00pm-7:59pm,15,1,Daylight,Clear,1,2,['Driver'],['None_Used'],0,0,Valid,1.0,1.0,65.0,24.0,"['Female', 'Male', 'Male']",0,0,5,4,5,Dry,Straight,Level,Lowest,No
21545,33,New Hampshire,330077,0,3,3,0,6,ATKINSON,August,23,Wednesday,19,6,Urban,Medium Speed (Collector),No,42.82050278,-71.11952778,Simple Junction,Dusk,Clear,7:00pm-7:59pm,6,7:00pm-7:59pm,16,Unknown,Unknown EMS Hospital Arrival Time,1,Twilight,Clear,1,5,['Driver'],['None_Used'],0,0,Invalid,0.0,0.0,54.0,30.0,"['Male', 'Male', 'Female']",0,0,5,4,5,Dry,Straight,Grade/Hillcrest,Lowest,No
21546,33,New Hampshire,330078,0,1,1,0,2,HAMPTON FALLS,August,27,Sunday,11,31,Urban,Medium Speed (Collector),No,42.92269444,-70.85511944,Non-Intersection,Daylight,Clear,11:00am-11:59am,31,11:00am-11:59am,42,12:00pm-12:59pm,11,1,Daylight,Clear,1,1,['Driver'],['None_Used'],1,1,Valid,0.0,0.0,18.0,18.0,['Male'],2,0,3,4,3,Dry,Straight,Level,Lowest,No
21547,33,New Hampshire,330079,1,1,1,0,1,BRIDGEWATER,September,4,Monday,9,43,Rural,Medium Speed (Collector),No,43.65116111,-71.73586389,Non-Intersection,Daylight,Clear,9:00am-9:59am,45,9:00am-9:59am,48,10:00am-10:59am,39,1,Daylight,Clear,0,1,[],[],0,0,Valid,0.0,0.0,16.0,16.0,['Male'],0,0,2,4,4,Dry,Straight,Grade/Hillcrest,Lowest,No
21548,33,New Hampshire,330080,0,2,2,0,3,MANCHESTER,September,5,Tuesday,20,0,Urban,Medium Speed (Collector),No,42.96432778,-71.42888889,Non-Intersection,Dark - Lighted,Clear,8:00pm-8:59pm,0,8:00pm-8:59pm,15,Unknown,Unknown EMS Hospital Arrival Time,1,Dark - Lighted,Clear,1,2,['Driver'],['None_Used'],0,0,Valid,2.0,0.0,57.0,51.0,"['Male', 'Male']",1,0,5,4,5,Dry,Curve,Grade/Hillcrest,Lowest,No
21549,33,New Hampshire,330081,0,3,3,0,4,STARK TOWN,September,6,Wednesday,15,48,Rural,Medium Speed (Collector),No,44.61799444,-71.357875,Non-Intersection,Daylight,Clear,3:00pm-3:59pm,49,4:00pm-4:59pm,7,Unknown,Unknown EMS Hospital Arrival Time,1,Daylight,Clear,1,3,['Driver'],['None_Used'],0,0,Valid,1.0,2.0,77.0,33.0,"['Male', 'Male', 'Male']",0,0,3,4,5,Dry,Curve,Level,Lowest,Yes
21550,33,New Hampshire,330082,0,1,1,0,6,LINCOLN,September,10,Sunday,18,49,Rural,High Speed (Arterial),Yes,44.09752778,-71.68476667,Non-Intersection,Dusk,Rain,6:00pm-6:59pm,51,7:00pm-7:59pm,3,7:00pm-7:59pm,41,1,Twilight,Rain/Wind/Minor,1,5,['Front_Passenger'],['None_Used'],0,0,Valid,0.0,0.0,44.0,44.0,['Male'],0,0,3,4,3,Wet/Standing Water,Straight,Level,Lowest,No
21551,33,New Hampshire,330083,0,1,1,0,1,WENTWORTH,September,17,Sunday,11,50,Rural,Low Speed (Local),No,43.86796944,-71.90911389,Non-Intersection,Daylight,Clear,11:00am-11:59am,51,11:00am-11:59am,58,12:00pm-12:59pm,21,1,Daylight,Clear,1,0,['Driver'],['None_Used'],0,0,Valid,2.0,1.0,61.0,61.0,['Male'],0,0,5,4,3,Dry,Curve,Grade/Hillcrest,Lowest,No
21552,33,New Hampshire,330084,1,1,1,0,1,CONCORD,September,19,Tuesday,6,28,Urban,Medium Speed (Collector),No,43.20188889,-71.53894444,Simple Junction,Daylight,Clear,6:00am-6:59am,26,Unknown EMS Scene Arrival Hour,Unknown EMS Scene Arrival Minutes,Unknown,Unknown EMS Hospital Arrival Time,1,Daylight,Clear,0,1,[],[],0,0,Valid,3.0,2.0,36.0,36.0,['Female'],0,0,2,3,4,Dry,Straight,Level,Lowest,No
21553,33,New Hampshire,330085,0,2,2,0,3,NASHUA,September,17,Sunday,14,59,Urban,Medium Speed (Collector),No,42.7275,-71.44735833,Non-Intersection,Daylight,Clear,2:00pm-2:59pm,59,3:00pm-3:59pm,3,Not Applicable (Not Transported),Not Applicable (Not Transported),2,Daylight,Clear,2,1,"['Driver', 'Rear_Seat']","['None_Used', 'None_Used']",1,1,Valid,0.0,0.0,68.0,53.0,"['Male', 'Male']",0,0,5,4,5,Dry,Straight,Grade/Hillcrest,Lowest,No
21554,33,New Hampshire,330086,0,2,1,1,1,NORTH HAMPTON,September,14,Thursday,15,30,Urban,Low Speed (Local),No,42.99319722,-70.86999167,Non-Intersection,Daylight,Clear,3:00pm-3:59pm,30,3:00pm-3:59pm,36,4:00pm-4:59pm,4,1,Daylight,Clear,1,0,['Driver'],['Shoulder_Lapbelt'],0,0,Valid,1.0,0.0,82.0,82.0,['Female'],0,0,3,4,5,Dry,Straight,Level,Lowest,No
21555,33,New Hampshire,330087,0,1,1,0,1,DEERFIELD,September,26,Tuesday,18,9,Rural,Low Speed (Local),No,43.14286111,-71.27546667,Non-Intersection,Dusk,Clear,6:00pm-6:59pm,11,6:00pm-6:59pm,32,Not Applicable (Not Transported),Not Applicable (Not Transported),1,Twilight,Clear,1,0,['Driver'],['None_Used'],0,0,Valid,0.0,0.0,64.0,64.0,['Male'],0,0,5,4,3,Dry,Curve,Grade/Hillcrest,Lowest,No
21556,33,New Hampshire,330088,0,4,4,0,6,HOOKSETT,September,27,Wednesday,13,20,Urban,High Speed (Arterial),Yes,43.08383611,-71.46046389,Non-Intersection,Daylight,Clear,1:00pm-1:59pm,20,1:00pm-1:59pm,22,1:00pm-1:59pm,42,3,Daylight,Clear,3,3,"['Driver', 'Front_Passenger', 'Rear_Seat']","['Shoulder_Lapbelt', 'Shoulder_Lapbelt', 'Shoulder_Lapbelt']",0,0,Valid,3.0,6.0,68.0,28.0,"['Female', 'Female', 'Male', 'Male']",3,0,3,4,5,Dry,Straight,Level,Lowest,No
21557,33,New Hampshire,330089,0,1,1,0,1,PORTSMOUTH,September,28,Thursday,16,59,Urban,Medium Speed (Collector),No,43.02976667,-70.80521944,Non-Intersection,Dark - Not Lighted,Clear,4:00pm-4:59pm,59,5:00pm-5:59pm,4,5:00pm-5:59pm,25,1,Dark - Unlighted,Clear,1,0,['Driver'],['None_Used'],0,0,Valid,0.0,0.0,33.0,33.0,['Male'],1,0,2,4,3,Dry,Straight,Grade/Hillcrest,Lowest,No
21558,33,New Hampshire,330090,0,2,2,0,3,NASHUA,September,28,Thursday,23,30,Urban,High Speed (Arterial),Yes,42.75453889,-71.46869722,Complex/Circle,Dark - Lighted,Clear,11:00pm-11:59pm,29,11:00pm-11:59pm,36,0:00am-0:59am,1,1,Dark - Lighted,Clear,1,2,['Driver'],['None_Used'],0,0,Invalid,0.0,0.0,52.0,36.0,"['Male', 'Male']",1,0,5,4,5,Dry,Straight,Level,Lowest,No
21559,33,New Hampshire,330091,0,2,2,0,3,WINDHAM,September,19,Tuesday,14,48,Urban,Medium Speed (Collector),No,42.80260556,-71.35180556,Complex/Circle,Daylight,Clear,2:00pm-2:59pm,48,2:00pm-2:59pm,53,3:00pm-3:59pm,45,1,Daylight,Clear,1,2,['Driver'],['None_Used'],0,0,Valid,1.0,3.0,50.0,23.0,"['Male', 'Male']",0,0,5,4,5,Dry,Straight,Level,Lowest,No
21560,33,New Hampshire,330092,0,1,1,0,1,DERRY VILLAGE,August,19,Saturday,21,50,Urban,Medium Speed (Collector),No,42.86256389,-71.32749167,Non-Intersection,Dark - Not Lighted,Clear,9:00pm-9:59pm,50,9:00pm-9:59pm,54,10:00pm-10:59pm,19,1,Dark - Unlighted,Clear,1,0,['Driver'],['None_Used'],1,1,Valid,0.0,0.0,38.0,38.0,['Male'],0,0,5,4,2,Dry,Curve,Level,Lowest,No
21561,33,New Hampshire,330093,0,1,1,0,1,PLYMOUTH,October,1,Sunday,11,11,Rural,Medium Speed (Collector),No,43.77120556,-71.73908889,Non-Intersection,Daylight,Clear,11:00am-11:59am,11,11:00am-11:59am,18,11:00am-11:59am,47,1,Daylight,Clear,1,0,['Driver'],['None_Used'],0,0,Valid,0.0,0.0,32.0,32.0,['Male'],0,0,3,4,3,Dry,Straight,Level,Lowest,No
21562,33,New Hampshire,330094,0,2,2,0,4,GILFORD,October,5,Thursday,14,13,Urban,Medium Speed (Collector),No,43.54288889,-71.41595556,Complex/Circle,Daylight,Clear,2:00pm-2:59pm,13,2:00pm-2:59pm,22,2:00pm-2:59pm,42,2,Daylight,Clear,2,2,"['Driver', 'Rear_Seat']","['Shoulder_Lapbelt', 'Shoulder_Lapbelt']",0,0,Valid,3.0,0.0,73.0,55.0,"['Male', 'Male']",0,0,4,4,5,Dry,Straight,Grade/Hillcrest,Lowest,No