,State_Code,State_Name,Crash_ID,Count_Non_Motorists,Count_Vehicles_Total,Count_Vehicle_Forms,Count_PVH_Involved,Count_Occupants_MV,City_Name,Month_Name,Day_of_Month,Day_of_Week,Crash_Hour,Crash_Minute,Area_Rural_Urban,Road_Functional_Class,On_NHS_Road,Latitude,Longitude,Intersection_Type,Light_Condition,Weather_Condition,Notif_Hour,Notif_Minute,Arrival_Hour,Arrival_Minute,Hospital_Hour,Hospital_Minute,Fatalities_Count,Clean_Light_Condition,Clean_Weather_Condition,Total_Killed,Total_Alive,Fatal_Seats_List,Killed_Restraint_List,Any_Driver_Drinking,Total_Drinking_Drivers,Driver_License_Category,Driver_Max_Prev_Accident_Count,Driver_Max_Prev_Speeding_Count,Max_Driver_Age,Min_Driver_Age,Driver_Sex_List,Total_Exceeding_Limit_Vehicles,Total_Too_Fast_Vehicles,Max_Vehicle_Type_Severity_5,Max_Vehicle_Damage_Rank,Max_Harmful_Event_Severity,Crash_Road_Surface_Condition,Crash_Horizontal_Alignment,Crash_Vertical_Profile,Crash_Impairment_Category,Crash_Vehicle_Defect
21563,33,New Hampshire,330095,0,2,2,0,2,ROXBURY,October,12,Thursday,3,36,Rural,High Speed (Arterial),No,42.98500556,-72.201925,Non-Intersection,Dark - Not Lighted,Clear,3:00am-3:59am,47,3:00am-3:59am,49,Not Applicable (Not Transported),Not Applicable (Not Transported),2,Dark - Unlighted,Clear,2,0,"['Driver', 'Driver']","['Shoulder_Lapbelt', 'Shoulder_Lapbelt']",0,0,Invalid,1.0,1.0,71.0,34.0,"['Male', 'Male']",0,0,3,4,5,Dry,Curve,Grade/Hillcrest,Lowest,No
21564,33,New Hampshire,330096,0,1,1,0,1,GRAFTON,October,5,Thursday,12,48,Rural,Low Speed (Local),No,43.56783333,-72.02693333,Non-Intersection,Daylight,Clear,12:00pm-12:59pm,48,1:00pm-1:59pm,7,2:00pm-2:59pm,42,1,Daylight,Clear,1,0,['Driver'],['None_Used'],0,0,Valid,0.0,0.0,67.0,67.0,['Male'],0,0,5,4,3,Loose/Unpaved,Straight,Level,Lowest,No
21565,33,New Hampshire,330097,0,2,2,0,4,EXETER,October,3,Tuesday,16,33,Urban,Medium Speed (Collector),No,42.98530278,-70.963625,Simple Junction,Daylight,Clear,4:00pm-4:59pm,33,4:00pm-4:59pm,39,5:00pm-5:59pm,27,1,Daylight,Clear,1,1,['Driver'],['None_Used'],0,0,Valid,0.0,1.0,67.0,42.0,"['Female', 'Female']",0,0,5,4,5,Dry,Straight,Level,Lowest,No
21566,33,New Hampshire,330098,0,1,1,0,6,NASHUA,October,21,Saturday,6,0,Urban,Low Speed (Local),No,42.79071389,-71.48889722,Non-Intersection,Dark - Not Lighted,Rain,5:00am-5:59am,57,6:00am-6:59am,6,Unknown,Unknown EMS Hospital Arrival Time,1,Dark - Unlighted,Rain/Wind/Minor,1,5,['Front_Passenger'],['None_Used'],0,0,Valid,1.0,0.0,39.0,39.0,['Male'],6,0,3,4,3,Wet/Standing Water,Curve,Level,Lowest,No
21567,33,New Hampshire,330099,0,1,1,0,1,ERROL,October,24,Tuesday,14,6,Rural,Medium Speed (Collector),No,44.75846667,-71.14654167,Non-Intersection,Daylight,Cloudy,2:00pm-2:59pm,6,2:00pm-2:59pm,20,Not Applicable (Not Transported),Not Applicable (Not Transported),1,Daylight,Reduced Visibility,1,0,['Driver'],['Shoulder_Lapbelt'],0,0,Invalid,0.0,0.0,21.0,21.0,['Male'],0,0,2,4,4,Dry,Curve,Level,Lowest,No
21568,33,New Hampshire,330100,0,1,1,0,1,ALSTEAD,October,31,Tuesday,3,45,Rural,Medium Speed (Collector),No,43.09119444,-72.324625,Non-Intersection,Dark - Not Lighted,Clear,3:00am-3:59am,48,4:00am-4:59am,0,Not Applicable (Not Transported),Not Applicable (Not Transported),1,Dark - Unlighted,Clear,1,0,['Driver'],['None_Used'],0,0,Valid,0.0,0.0,44.0,44.0,['Female'],0,0,3,4,2,Dry,Curve,Grade/Hillcrest,Lowest,No
21569,33,New Hampshire,330101,0,1,1,0,2,AUBURN,November,1,Wednesday,7,8,Urban,High Speed (Arterial),Yes,43.03130556,-71.35185833,Non-Intersection,Dawn,Clear,7:00am-7:59am,8,7:00am-7:59am,18,8:00am-8:59am,6,1,Twilight,Clear,1,1,['Driver'],['None_Used'],1,1,Valid,0.0,1.0,42.0,42.0,['Male'],0,0,2,4,3,Dry,Straight,Grade/Hillcrest,Medium,No
21570,33,New Hampshire,330102,0,2,2,0,4,CHARLESTOWN,September,19,Tuesday,22,30,Rural,Medium Speed (Collector),No,43.28799444,-72.39607778,Non-Intersection,Dark - Not Lighted,Clear,10:00pm-10:59pm,34,10:00pm-10:59pm,53,Unknown,Unknown EMS Hospital Arrival Time,1,Dark - Unlighted,Clear,1,3,['Driver'],['None_Used'],0,0,Valid,1.0,1.0,29.0,19.0,"['Female', 'Male']",3,0,5,4,5,Dry,Straight,Level,Lowest,Yes
21571,33,New Hampshire,330103,0,2,2,0,2,DERRY VILLAGE,November,1,Wednesday,18,12,Urban,High Speed (Arterial),Yes,42.85362778,-71.31681944,Non-Intersection,Dark - Not Lighted,Clear,6:00pm-6:59pm,14,Unknown EMS Scene Arrival Hour,Unknown if Arrived,Not Applicable (Not Transported),Not Applicable (Not Transported),1,Dark - Unlighted,Clear,1,1,['Driver'],['Shoulder_Lapbelt'],0,0,Valid,1.0,0.0,78.0,26.0,"['Female', 'Male']",0,0,4,4,5,Dry,Straight,Level,Lowest,No
21572,33,New Hampshire,330104,0,2,2,0,5,FARMINGTON,November,8,Wednesday,15,0,Rural,Medium Speed (Collector),No,43.39068611,-71.08968333,Non-Intersection,Daylight,Cloudy,3:00pm-3:59pm,7,3:00pm-3:59pm,15,4:00pm-4:59pm,26,1,Daylight,Reduced Visibility,1,4,['Driver'],['Shoulder_Lapbelt'],0,0,Valid,0.0,0.0,70.0,16.0,"['Male', 'Male']",0,0,3,4,5,Wet/Standing Water,Straight,Level,Lowest,No
21573,33,New Hampshire,330105,0,1,1,0,4,HOOKSETT,November,11,Saturday,17,18,Urban,High Speed (Arterial),Yes,43.06066111,-71.47167778,Non-Intersection,Dark - Not Lighted,Cloudy,5:00pm-5:59pm,20,5:00pm-5:59pm,30,5:00pm-5:59pm,53,1,Dark - Unlighted,Reduced Visibility,1,3,['Front_Passenger'],['None_Used'],0,0,Invalid,0.0,0.0,38.0,38.0,['Male'],0,0,3,4,3,Dry,Straight,Level,Lowest,No
21574,33,New Hampshire,330106,0,2,2,0,2,CONCORD,November,13,Monday,10,3,Urban,Low Speed (Local),No,43.19256944,-71.53486667,Complex/Circle,Daylight,Clear,10:00am-10:59am,7,10:00am-10:59am,7,10:00am-10:59am,28,1,Daylight,Clear,1,1,['Driver'],['None_Used'],0,0,Valid,0.0,0.0,83.0,61.0,"['Female', 'Male']",0,0,3,4,5,Dry,Straight,Level,Lowest,No
21575,33,New Hampshire,330107,0,1,1,0,1,WILTON,November,17,Friday,20,34,Urban,Medium Speed (Collector),No,42.84452778,-71.73841667,Simple Junction,Dark - Unknown Lighting,Clear,8:00pm-8:59pm,41,8:00pm-8:59pm,42,Not Applicable (Not Transported),Not Applicable (Not Transported),1,Dark - Unlighted,Clear,1,0,['Driver'],['Shoulder_Lapbelt'],0,0,Valid,0.0,0.0,89.0,89.0,['Male'],0,0,2,4,3,Dry,Straight,Grade/Hillcrest,Lowest,No
21576,33,New Hampshire,330108,0,2,2,0,3,RINDGE,November,17,Friday,19,30,Rural,Medium Speed (Collector),No,42.75761111,-72.00898333,Complex/Circle,Dark - Lighted,Clear,7:00pm-7:59pm,31,Unknown EMS Scene Arrival Hour,Unknown EMS Scene Arrival Minutes,Unknown,Unknown EMS Hospital Arrival Time,1,Dark - Lighted,Clear,1,2,['Front_Passenger'],['None_Used'],0,0,Valid,3.0,0.0,43.0,24.0,"['Male', 'Male']",1,0,3,4,5,Dry,Straight,Grade/Hillcrest,Lowest,No
21577,33,New Hampshire,330109,0,1,1,0,5,CHATHAM,November,18,Saturday,10,55,Rural,Medium Speed (Collector),No,44.10969167,-71.00574444,Non-Intersection,Daylight,Cloudy,10:00am-10:59am,55,11:00am-11:59am,16,Unknown,Unknown EMS Hospital Arrival Time,2,Daylight,Reduced Visibility,2,3,"['Driver', 'Front_Passenger']","['Shoulder_Lapbelt', 'Shoulder_Lapbelt']",0,0,Valid,0.0,0.0,61.0,61.0,['Female'],5,0,3,4,3,Wet/Standing Water,Curve,Level,Lowest,No
21578,33,New Hampshire,330110,1,1,1,0,2,CONCORD,November,24,Friday,18,56,Urban,Medium Speed (Collector),No,43.20885278,-71.513775,Non-Intersection,Dark - Not Lighted,Clear,6:00pm-6:59pm,59,7:00pm-7:59pm,0,7:00pm-7:59pm,21,1,Dark - Unlighted,Clear,0,2,[],[],0,0,Valid,0.0,0.0,78.0,78.0,['Male'],0,0,3,3,4,Dry,Straight,Level,Lowest,No
21579,33,New Hampshire,330111,0,1,1,0,4,ROCHESTER,November,8,Wednesday,20,45,Rural,Medium Speed (Collector),No,43.31334444,-70.93221111,Non-Intersection,Dark - Not Lighted,Clear,8:00pm-8:59pm,45,8:00pm-8:59pm,54,Not Applicable (Not Transported),Not Applicable (Not Transported),1,Dark - Unlighted,Clear,1,3,['Front_Passenger'],['None_Used'],0,0,Valid,0.0,0.0,21.0,21.0,['Male'],0,0,3,1,1,Dry,Straight,Level,Lowest,No
21580,33,New Hampshire,330112,1,2,2,0,3,BELMONT,December,2,Saturday,11,26,Rural,High Speed (Arterial),Yes,43.45280556,-71.46990833,Non-Intersection,Daylight,Cloudy,11:00am-11:59am,26,11:00am-11:59am,30,Not Applicable (Not Transported),Not Applicable (Not Transported),1,Daylight,Reduced Visibility,0,3,[],[],0,0,Valid,0.0,1.0,28.0,26.0,"['Female', 'Male']",0,0,3,2,4,Dry,Straight,Level,Lowest,No
21581,33,New Hampshire,330113,1,2,1,1,1,SANBORNTON,December,15,Friday,22,28,Rural,High Speed (Arterial),Yes,43.53029444,-71.61559722,Non-Intersection,Dark - Not Lighted,Clear,10:00pm-10:59pm,30,10:00pm-10:59pm,48,11:00pm-11:59pm,58,1,Dark - Unlighted,Clear,0,1,[],[],1,1,Valid,0.0,1.0,38.0,38.0,['Female'],0,0,3,4,5,Dry,Straight,Level,Lowest,No
21582,33,New Hampshire,330114,0,2,2,0,3,Other,December,17,Sunday,11,30,Rural,High Speed (Arterial),Yes,44.23365833,-71.25724444,Non-Intersection,Daylight,Rain,11:00am-11:59am,37,11:00am-11:59am,45,12:00pm-12:59pm,39,1,Daylight,Rain/Wind/Minor,1,2,['Front_Passenger'],['Shoulder_Lapbelt'],0,0,Valid,0.0,0.0,63.0,60.0,"['Male', 'Male']",0,0,3,4,5,Wet/Standing Water,Curve,Grade/Hillcrest,Lowest,No
21583,33,New Hampshire,330115,0,1,1,0,2,BEDFORD,December,21,Thursday,0,42,Urban,High Speed (Arterial),Yes,42.95267222,-71.47431389,Non-Intersection,Dark - Not Lighted,Clear,0:00am-0:59am,44,0:00am-0:59am,55,Unknown,Unknown EMS Hospital Arrival Time,1,Dark - Unlighted,Clear,1,1,['Driver'],['None_Used'],1,1,Valid,0.0,0.0,27.0,27.0,['Female'],2,0,2,4,3,Dry,Curve,Level,Lowest,No
21584,33,New Hampshire,330116,0,1,1,0,1,WINCHESTER,December,31,Sunday,4,55,Rural,Medium Speed (Collector),No,42.77761667,-72.41854444,Non-Intersection,Dark - Not Lighted,Clear,4:00am-4:59am,59,Unknown EMS Scene Arrival Hour,Unknown if Arrived,Not Applicable (Not Transported),Not Applicable (Not Transported),1,Dark - Unlighted,Clear,1,0,['Driver'],['None_Used'],0,0,Valid,0.0,0.0,49.0,49.0,['Female'],0,0,3,4,3,Dry,Curve,Grade/Hillcrest,Lowest,Yes
21585,33,New Hampshire,330117,0,1,1,0,1,SALISBURY,December,17,Sunday,1,49,Rural,Low Speed (Local),No,43.40169444,-71.78935278,Non-Intersection,Dark - Not Lighted,Reported as Unknown,1:00am-1:59am,50,2:00am-2:59am,5,3:00am-3:59am,4,1,Dark - Unlighted,Clear,1,0,['Driver'],['Shoulder_Lapbelt'],1,1,Valid,0.0,1.0,24.0,24.0,['Male'],0,0,5,4,3,Dry,Curve,Level,Lowest,No
21586,33,New Hampshire,330118,0,1,1,0,4,GOFFSTOWN,December,28,Thursday,14,45,Urban,Low Speed (Local),No,42.987925,-71.53413889,Non-Intersection,Daylight,Rain,2:00pm-2:59pm,45,2:00pm-2:59pm,52,3:00pm-3:59pm,20,1,Daylight,Rain/Wind/Minor,1,3,['Driver'],['None_Used'],0,0,Valid,0.0,0.0,16.0,16.0,['Male'],4,0,2,4,3,Wet/Standing Water,Curve,Level,Lowest,No
21587,33,New Hampshire,330119,0,3,3,0,7,MANCHESTER,March,23,Thursday,17,3,Urban,High Speed (Arterial),Yes,42.98484167,-71.47090833,Complex/Circle,Daylight,Clear,5:00pm-5:59pm,3,5:00pm-5:59pm,3,5:00pm-5:59pm,33,1,Daylight,Clear,1,6,['Front_Passenger'],['None_Used'],0,0,Invalid,0.0,1.0,64.0,27.0,"['Female', 'Female', 'Female']",2,0,3,4,5,Dry,Straight,Level,Lowest,No
21588,33,New Hampshire,330120,2,2,2,0,2,MANCHESTER,June,7,Wednesday,21,30,Urban,Medium Speed (Collector),No,42.98941111,-71.45930556,Complex/Circle,Dark - Lighted,Clear,9:00pm-9:59pm,34,9:00pm-9:59pm,35,Unknown,Unknown EMS Hospital Arrival Time,1,Dark - Lighted,Clear,0,2,[],[],1,1,Invalid,5.0,8.0,30.0,28.0,"['Female', 'Male']",0,0,3,0,4,Dry,Straight,Level,Lowest,No
21589,33,New Hampshire,330121,0,2,2,0,3,SOUTH EFFINGHAM,October,8,Sunday,18,56,Rural,Medium Speed (Collector),No,43.78830278,-71.08813056,Simple Junction,Dark - Not Lighted,Clear,6:00pm-6:59pm,56,7:00pm-7:59pm,3,Not Applicable (Not Transported),Not Applicable (Not Transported),1,Dark - Unlighted,Clear,1,2,['Driver'],['None_Used'],1,1,Valid,2.0,0.0,45.0,24.0,"['Female', 'Male']",1,0,5,4,5,Dry,Straight,Level,Lowest,No
21590,33,New Hampshire,330122,1,1,1,0,1,JAFFREY CENTER,November,1,Wednesday,20,3,Rural,Medium Speed (Collector),No,42.81776667,-72.02954722,Non-Intersection,Dark - Lighted,Clear,8:00pm-8:59pm,3,8:00pm-8:59pm,10,9:00pm-9:59pm,26,1,Dark - Lighted,Clear,0,1,[],[],0,0,Valid,1.0,0.0,60.0,60.0,['Male'],0,0,3,2,4,Dry,Straight,Level,Lowest,No
21591,34,New Jersey,340001,0,1,1,0,1,LAKEWOOD,January,18,Wednesday,20,40,Urban,Medium Speed (Collector),No,40.09399444,-74.17455,Non-Intersection,Dark - Unknown Lighting,Clear,8:00pm-8:59pm,42,8:00pm-8:59pm,44,Unknown,Unknown EMS Hospital Arrival Time,1,Dark - Unlighted,Clear,1,0,['Driver'],['Shoulder_Lapbelt'],0,0,Valid,0.0,0.0,52.0,52.0,['Male'],0,0,3,4,3,Dry,Straight,Level,Lowest,Yes
21592,34,New Jersey,340002,0,5,2,3,3,ELIZABETH,January,8,Sunday,3,49,Urban,High Speed (Arterial),Yes,40.65258611,-74.21423889,Complex/Circle,Dark - Lighted,Clear,3:00am-3:59am,51,3:00am-3:59am,55,4:00am-4:59am,26,2,Dark - Lighted,Clear,2,1,"['Driver', 'Front_Passenger']","['None_Used', 'Shoulder_Lapbelt']",1,1,Valid,1.0,0.0,55.0,51.0,"['Male', 'Male']",2,0,3,4,5,Dry,Straight,Level,Lowest,No
21593,34,New Jersey,340003,0,2,2,0,3,NOT APPLICABLE,January,15,Sunday,15,56,Urban,High Speed (Arterial),Yes,39.75628056,-75.27169167,Non-Intersection,Daylight,Clear,3:00pm-3:59pm,58,4:00pm-4:59pm,2,Not Applicable (Not Transported),Not Applicable (Not Transported),2,Daylight,Clear,2,1,"['Driver', 'Front_Passenger']","['None_Used', 'Shoulder_Lapbelt']",0,0,Valid,0.0,1.0,48.0,29.0,"['Male', 'Male']",0,0,4,4,5,Dry,Straight,Level,Lowest,No
21594,34,New Jersey,340004,0,1,1,0,1,DENNISVILLE,January,31,Tuesday,19,33,Urban,Medium Speed (Collector),No,39.17124722,-74.82071944,Non-Intersection,Dark - Not Lighted,Rain,7:00pm-7:59pm,34,7:00pm-7:59pm,39,Not Applicable (Not Transported),Not Applicable (Not Transported),1,Dark - Unlighted,Rain/Wind/Minor,1,0,['Driver'],['None_Used'],1,1,Valid,0.0,1.0,40.0,40.0,['Female'],1,0,2,4,3,Wet/Standing Water,Curve,Level,Lowest,No
21595,34,New Jersey,340005,1,2,2,0,3,EAST BRUNSWICK,January,16,Monday,6,32,Urban,High Speed (Arterial),Yes,40.45230556,-74.42433333,Complex/Circle,Dark - Not Lighted,Clear,6:00am-6:59am,35,6:00am-6:59am,41,Not Applicable (Not Transported),Not Applicable (Not Transported),1,Dark - Unlighted,Clear,0,3,[],[],0,0,Valid,1.0,0.0,76.0,76.0,"['Male', 'Female']",0,0,3,3,4,Dry,Straight,Grade/Hillcrest,Lowest,No
21596,34,New Jersey,340006,1,1,1,0,1,EAST BRUNSWICK,January,19,Thursday,17,19,Urban,Medium Speed (Collector),No,40.40521111,-74.393775,Non-Intersection,Dark - Unknown Lighting,Rain,5:00pm-5:59pm,17,5:00pm-5:59pm,29,6:00pm-6:59pm,6,1,Dark - Unlighted,Rain/Wind/Minor,0,1,[],[],0,0,Valid,0.0,0.0,61.0,61.0,['Female'],0,0,2,4,4,Wet/Standing Water,Straight,Level,Lowest,No
21597,34,New Jersey,340007,1,1,1,0,1,CARLSTADT,January,20,Friday,22,18,Urban,Medium Speed (Collector),No,40.83419722,-74.09001111,Complex/Circle,Dark - Lighted,Clear,10:00pm-10:59pm,24,10:00pm-10:59pm,30,10:00pm-10:59pm,55,1,Dark - Lighted,Clear,0,1,[],[],0,0,Valid,0.0,0.0,70.0,70.0,['Male'],1,0,3,3,4,Dry,Straight,Level,Lowest,No
21598,34,New Jersey,340008,1,1,1,0,1,NOT APPLICABLE,January,30,Monday,14,13,Urban,High Speed (Arterial),Yes,40.93819167,-74.591225,Non-Intersection,Daylight,Clear,2:00pm-2:59pm,13,2:00pm-2:59pm,14,Not Applicable (Not Transported),Not Applicable (Not Transported),1,Daylight,Clear,0,1,[],[],0,0,Valid,0.0,0.0,70.0,70.0,['Male'],0,0,3,3,4,Dry,Curve,Grade/Hillcrest,Lowest,No
21599,34,New Jersey,340009,1,1,1,0,2,NOT APPLICABLE,January,4,Wednesday,18,34,Urban,High Speed (Arterial),Yes,40.51256389,-74.8512,Simple Junction,Dark - Lighted,Cloudy,6:00pm-6:59pm,35,6:00pm-6:59pm,39,7:00pm-7:59pm,49,1,Dark - Lighted,Reduced Visibility,0,2,[],[],0,0,Valid,0.0,0.0,25.0,25.0,['Female'],0,0,3,3,4,Wet/Standing Water,Straight,Level,Lowest,No
21600,34,New Jersey,340010,1,1,1,0,1,EAST BRUNSWICK,January,9,Monday,20,26,Urban,High Speed (Arterial),Yes,40.41716667,-74.41310556,Complex/Circle,Dark - Not Lighted,Clear,8:00pm-8:59pm,31,8:00pm-8:59pm,35,8:00pm-8:59pm,52,1,Dark - Unlighted,Clear,0,1,[],[],0,0,Valid,1.0,0.0,74.0,74.0,['Male'],0,0,2,3,4,Dry,Straight,Level,Lowest,No
21601,34,New Jersey,340011,1,1,1,0,1,NEWARK,January,1,Sunday,1,49,Urban,High Speed (Arterial),Yes,40.73470556,-74.16943056,Complex/Circle,Dark - Lighted,Rain,Unknown,Unknown,Unknown EMS Scene Arrival Hour,Unknown EMS Scene Arrival Minutes,Unknown,Unknown EMS Hospital Arrival Time,1,Dark - Lighted,Rain/Wind/Minor,0,1,[],[],0,0,Invalid,0.0,1.0,33.0,33.0,['Male'],0,0,2,3,4,Wet/Standing Water,Straight,Level,Lowest,No
21602,34,New Jersey,340012,1,1,1,0,1,ENGLEWOOD,January,11,Wednesday,19,58,Urban,Medium Speed (Collector),No,40.89605833,-73.983425,Non-Intersection,Dark - Lighted,Clear,8:00pm-8:59pm,0,8:00pm-8:59pm,3,8:00pm-8:59pm,26,1,Dark - Lighted,Clear,0,1,[],[],0,0,Valid,0.0,0.0,21.0,21.0,['Female'],0,0,2,2,4,Dry,Straight,Level,Lowest,No
21603,34,New Jersey,340013,0,1,1,0,1,HAMILTON,January,2,Monday,9,26,Urban,Medium Speed (Collector),No,39.47378611,-74.705775,Non-Intersection,Daylight,Clear,9:00am-9:59am,28,9:00am-9:59am,30,Not Applicable (Not Transported),Not Applicable (Not Transported),1,Daylight,Clear,1,0,['Driver'],['Shoulder_Lapbelt'],0,0,Valid,0.0,0.0,70.0,70.0,['Male'],0,0,2,4,3,Dry,Straight,Level,Lowest,No
21604,34,New Jersey,340014,0,1,1,0,1,PISCATAWAY,January,2,Monday,19,41,Urban,Medium Speed (Collector),No,40.55195278,-74.46085833,Non-Intersection,Dark - Unknown Lighting,Rain,7:00pm-7:59pm,44,7:00pm-7:59pm,50,8:00pm-8:59pm,10,1,Dark - Unlighted,Rain/Wind/Minor,1,0,['Driver'],['None_Used'],0,0,Valid,1.0,0.0,17.0,17.0,['Female'],1,0,2,4,2,Wet/Standing Water,Curve,Level,Lowest,No
21605,34,New Jersey,340015,0,1,1,0,1,CRANBURY,January,4,Wednesday,15,51,Urban,Medium Speed (Collector),No,40.30692778,-74.53786944,Non-Intersection,Daylight,Rain,3:00pm-3:59pm,52,3:00pm-3:59pm,56,4:00pm-4:59pm,29,1,Daylight,Rain/Wind/Minor,1,0,['Driver'],['Lapbelt_Only'],0,0,Valid,0.0,0.0,62.0,62.0,['Female'],0,0,2,4,3,Wet/Standing Water,Curve,Level,Lowest,No
21606,34,New Jersey,340016,1,1,1,0,1,PLEASANTVILLE,January,24,Tuesday,17,33,Urban,High Speed (Arterial),Yes,39.38041944,-74.49054167,Non-Intersection,Dark - Unknown Lighting,Clear,5:00pm-5:59pm,32,5:00pm-5:59pm,32,Not Applicable (Not Transported),Not Applicable (Not Transported),1,Dark - Unlighted,Clear,0,1,[],[],0,0,Valid,0.0,0.0,66.0,66.0,['Male'],0,0,2,4,4,Dry,Straight,Level,Lowest,No
21607,34,New Jersey,340017,1,1,1,0,2,HAMMONTON,January,28,Saturday,17,39,Urban,Medium Speed (Collector),No,39.63418611,-74.80559167,Complex/Circle,Daylight,Clear,5:00pm-5:59pm,43,5:00pm-5:59pm,57,6:00pm-6:59pm,52,1,Daylight,Clear,0,2,[],[],0,0,Valid,0.0,0.0,23.0,23.0,['Male'],0,0,3,1,4,Dry,Straight,Level,Lowest,No
21608,34,New Jersey,340018,1,2,1,1,1,RAHWAY,January,21,Saturday,21,31,Urban,High Speed (Arterial),Yes,40.59906389,-74.27029444,Non-Intersection,Dark - Lighted,Cloudy,9:00pm-9:59pm,35,9:00pm-9:59pm,40,Not Applicable (Not Transported),Not Applicable (Not Transported),1,Dark - Lighted,Reduced Visibility,0,1,[],[],1,1,Valid,0.0,0.0,41.0,41.0,['Male'],1,0,3,4,4,Dry,Straight,Grade/Hillcrest,Lowest,No
21609,34,New Jersey,340019,1,1,1,0,1,GLEN ROCK,January,30,Monday,6,41,Urban,Medium Speed (Collector),No,40.95701389,-74.14405556,Non-Intersection,Dawn,Clear,Unknown,Unknown,Unknown EMS Scene Arrival Hour,Unknown EMS Scene Arrival Minutes,Not Applicable (Not Transported),Not Applicable (Not Transported),1,Twilight,Clear,0,0,[],[],0,0,Invalid,0.0,0.0,999.0,999.0,['Other'],0,0,1,3,4,Dry,Straight,Level,Lowest,No
21610,34,New Jersey,340020,1,1,1,0,1,TOMS RIVER,January,10,Tuesday,9,31,Urban,High Speed (Arterial),Yes,39.95241944,-74.15487778,Non-Intersection,Daylight,Cloudy,9:00am-9:59am,39,9:00am-9:59am,43,9:00am-9:59am,55,1,Daylight,Reduced Visibility,0,1,[],[],0,0,Valid,0.0,0.0,42.0,42.0,['Male'],0,0,3,2,4,Dry,Straight,Grade/Hillcrest,Lowest,No
21611,34,New Jersey,340021,0,1,1,0,1,PARSIPPANY,January,6,Friday,22,51,Urban,High Speed (Arterial),Yes,40.86008889,-74.39182222,Non-Intersection,Dark - Lighted,Clear,11:00pm-11:59pm,1,11:00pm-11:59pm,7,Not Applicable (Not Transported),Not Applicable (Not Transported),1,Dark - Lighted,Clear,1,0,['Driver'],['Shoulder_Lapbelt'],1,1,Valid,2.0,0.0,21.0,21.0,['Male'],0,0,2,4,3,Dry,Straight,Level,Lowest,No
21612,34,New Jersey,340022,0,2,2,0,3,WILLINGBORO,February,19,Sunday,14,54,Urban,Medium Speed (Collector),No,40.03050833,-74.88693333,Simple Junction,Daylight,Clear,2:00pm-2:59pm,56,3:00pm-3:59pm,4,3:00pm-3:59pm,14,1,Daylight,Clear,1,2,['Driver'],['Shoulder_Lapbelt'],0,0,Valid,0.0,0.0,48.0,26.0,"['Female', 'Male']",1,0,2,4,5,Dry,Straight,Level,Lowest,No
21613,34,New Jersey,340023,0,1,1,0,1,MAURICETOWN,February,4,Saturday,3,54,Rural,Medium Speed (Collector),No,39.31566667,-74.96246111,Non-Intersection,Dark - Not Lighted,Clear,Unknown,Unknown,Unknown EMS Scene Arrival Hour,Unknown EMS Scene Arrival Minutes,Not Applicable (Not Transported),Not Applicable (Not Transported),1,Dark - Unlighted,Clear,1,0,['Driver'],['None_Used'],1,1,Valid,0.0,0.0,29.0,29.0,['Male'],0,0,2,4,3,Dry,Straight,Level,Lowest,No
21614,34,New Jersey,340024,0,1,1,0,2,NOT APPLICABLE,February,19,Sunday,2,11,Urban,Medium Speed (Collector),No,39.43901667,-75.19408611,Simple Junction,Dark - Unknown Lighting,Clear,2:00am-2:59am,10,2:00am-2:59am,21,Not Applicable (Not Transported),Not Applicable (Not Transported),1,Dark - Unlighted,Clear,1,1,['Front_Passenger'],['None_Used'],1,1,Invalid,0.0,1.0,23.0,23.0,['Male'],0,0,3,4,3,Dry,Straight,Level,Lowest,No
21615,34,New Jersey,340025,0,1,1,0,1,NOT APPLICABLE,February,1,Wednesday,23,8,Urban,Low Speed (Local),No,40.7789,-74.47129444,Non-Intersection,Dark - Unknown Lighting,Clear,11:00pm-11:59pm,20,11:00pm-11:59pm,28,Not Applicable (Not Transported),Not Applicable (Not Transported),1,Dark - Unlighted,Clear,1,0,['Driver'],['Shoulder_Lapbelt'],1,1,Valid,0.0,0.0,54.0,54.0,['Male'],0,0,2,4,3,Dry,Curve,Level,Lowest,No
21616,34,New Jersey,340026,0,2,2,0,2,PILESGROVE,February,2,Thursday,6,29,Rural,High Speed (Arterial),Yes,39.67385278,-75.39672222,Complex/Circle,Dawn,Clear,6:00am-6:59am,30,6:00am-6:59am,34,7:00am-7:59am,30,1,Twilight,Clear,1,1,['Driver'],['None_Used'],0,0,Valid,0.0,0.0,57.0,45.0,"['Male', 'Female']",1,0,3,4,5,Dry,Straight,Level,Lowest,No
21617,34,New Jersey,340027,0,1,1,0,1,NOT APPLICABLE,February,25,Saturday,16,19,Rural,High Speed (Arterial),Yes,39.115475,-74.78860833,Non-Intersection,Daylight,Clear,Unknown,Unknown,Unknown EMS Scene Arrival Hour,Unknown EMS Scene Arrival Minutes,Unknown,Unknown EMS Hospital Arrival Time,1,Daylight,Clear,1,0,['Driver'],['None_Used'],0,0,Valid,0.0,0.0,75.0,75.0,['Male'],0,0,3,4,3,Wet/Standing Water,Straight,Level,Lowest,No
21618,34,New Jersey,340028,1,1,1,0,1,PARSIPPANY,February,15,Wednesday,22,21,Urban,High Speed (Arterial),Yes,40.86370556,-74.39577778,Non-Intersection,Dark - Lighted,Clear,10:00pm-10:59pm,23,10:00pm-10:59pm,32,Not Applicable (Not Transported),Not Applicable (Not Transported),1,Dark - Lighted,Clear,0,1,[],[],0,0,Valid,0.0,0.0,52.0,52.0,['Male'],0,0,3,3,4,Dry,Straight,Level,Lowest,No