,State_Code,State_Name,Crash_ID,Count_Non_Motorists,Count_Vehicles_Total,Count_Vehicle_Forms,Count_PVH_Involved,Count_Occupants_MV,City_Name,Month_Name,Day_of_Month,Day_of_Week,Crash_Hour,Crash_Minute,Area_Rural_Urban,Road_Functional_Class,On_NHS_Road,Latitude,Longitude,Intersection_Type,Light_Condition,Weather_Condition,Notif_Hour,Notif_Minute,Arrival_Hour,Arrival_Minute,Hospital_Hour,Hospital_Minute,Fatalities_Count,Clean_Light_Condition,Clean_Weather_Condition,Total_Killed,Total_Alive,Fatal_Seats_List,Killed_Restraint_List,Any_Driver_Drinking,Total_Drinking_Drivers,Driver_License_Category,Driver_Max_Prev_Accident_Count,Driver_Max_Prev_Speeding_Count,Max_Driver_Age,Min_Driver_Age,Driver_Sex_List,Total_Exceeding_Limit_Vehicles,Total_Too_Fast_Vehicles,Max_Vehicle_Type_Severity_5,Max_Vehicle_Damage_Rank,Max_Harmful_Event_Severity,Crash_Road_Surface_Condition,Crash_Horizontal_Alignment,Crash_Vertical_Profile,Crash_Impairment_Category,Crash_Vehicle_Defect
21619,34,New Jersey,340029,0,2,2,0,2,WARREN,February,14,Tuesday,22,12,Urban,High Speed (Arterial),Yes,40.64641667,-74.57118889,Non-Intersection,Dark - Not Lighted,Clear,10:00pm-10:59pm,27,10:00pm-10:59pm,37,Not Applicable (Not Transported),Not Applicable (Not Transported),1,Dark - Unlighted,Clear,1,1,['Driver'],['None_Used'],0,0,Valid,1.0,1.0,33.0,27.0,"['Male', 'Male']",1,0,3,4,5,Dry,Straight,Level,Lowest,No
21620,34,New Jersey,340030,0,1,1,0,1,NEW BRUNSWICK,January,24,Tuesday,23,15,Urban,High Speed (Arterial),Yes,40.48343333,-74.41408611,Non-Intersection,Dark - Lighted,Clear,11:00pm-11:59pm,23,11:00pm-11:59pm,24,11:00pm-11:59pm,34,1,Dark - Lighted,Clear,1,0,['Driver'],['None_Used'],1,1,Valid,0.0,0.0,33.0,33.0,['Male'],0,0,2,4,3,Dry,Curve,Grade/Hillcrest,Lowest,No
21621,34,New Jersey,340031,1,1,1,0,1,NEWARK,January,4,Wednesday,6,21,Urban,Medium Speed (Collector),No,40.72987778,-74.17868056,Non-Intersection,Dawn,Clear,6:00am-6:59am,40,6:00am-6:59am,47,7:00am-7:59am,25,1,Twilight,Clear,0,1,[],[],0,0,Valid,0.0,0.0,62.0,62.0,['Male'],0,0,2,3,4,Wet/Standing Water,Straight,Level,Lowest,No
21622,34,New Jersey,340032,0,1,1,0,1,MOUNTAINSIDE,January,20,Friday,6,47,Urban,High Speed (Arterial),Yes,40.68403889,-74.33794444,Non-Intersection,Dark - Unknown Lighting,Clear,6:00am-6:59am,53,6:00am-6:59am,58,Not Applicable (Not Transported),Not Applicable (Not Transported),1,Dark - Unlighted,Clear,1,0,['Driver'],['Shoulder_Lapbelt'],0,0,Valid,0.0,0.0,61.0,61.0,['Male'],0,0,2,4,3,Wet/Standing Water,Curve,Grade/Hillcrest,Lowest,Yes
21623,34,New Jersey,340033,1,1,1,0,1,EDISON,January,18,Wednesday,22,14,Urban,High Speed (Arterial),Yes,40.52353333,-74.36104167,Simple Junction,Dark - Lighted,Clear,10:00pm-10:59pm,19,10:00pm-10:59pm,25,10:00pm-10:59pm,55,1,Dark - Lighted,Clear,0,1,[],[],0,0,Valid,0.0,0.0,33.0,33.0,['Male'],1,0,2,4,4,Dry,Straight,Level,Lowest,No
21624,34,New Jersey,340034,0,2,2,0,6,PENNSAUKEN,January,11,Wednesday,23,40,Urban,Medium Speed (Collector),Yes,39.966575,-75.06728611,Non-Intersection,Dark - Lighted,Clear,11:00pm-11:59pm,42,11:00pm-11:59pm,47,0:00am-0:59am,15,1,Dark - Lighted,Clear,1,5,['Rear_Seat'],['None_Used'],0,0,Valid,0.0,0.0,57.0,19.0,"['Male', 'Male']",0,0,3,4,5,Dry,Straight,Level,Lowest,Yes
21625,34,New Jersey,340035,0,2,2,0,2,PENNSAUKEN,January,27,Friday,9,2,Urban,High Speed (Arterial),Yes,39.9548,-75.02644722,Non-Intersection,Daylight,Clear,9:00am-9:59am,3,9:00am-9:59am,14,9:00am-9:59am,38,1,Daylight,Clear,1,1,['Driver'],['Shoulder_Lapbelt'],0,0,Valid,0.0,0.0,74.0,29.0,"['Male', 'Female']",0,0,3,4,5,Dry,Straight,Level,Lowest,No
21626,34,New Jersey,340036,0,2,2,0,2,ROSELAND,January,9,Monday,9,59,Urban,High Speed (Arterial),Yes,40.82819722,-74.31887222,Non-Intersection,Daylight,Clear,10:00am-10:59am,7,10:00am-10:59am,19,10:00am-10:59am,49,1,Daylight,Clear,1,1,['Driver'],['Shoulder_Lapbelt'],0,0,Valid,0.0,0.0,70.0,23.0,"['Male', 'Female']",1,0,3,4,5,Dry,Straight,Level,Lowest,No
21627,34,New Jersey,340037,1,3,3,0,2,MIDDLETOWN,January,21,Saturday,6,29,Urban,High Speed (Arterial),Yes,40.35669722,-74.12920556,Non-Intersection,Dark - Not Lighted,Clear,6:00am-6:59am,51,6:00am-6:59am,51,7:00am-7:59am,41,1,Dark - Unlighted,Clear,0,2,[],[],0,0,Valid,1.0,0.0,72.0,57.0,"['Female', 'Male']",0,0,2,4,5,Dry,Straight,Level,Lowest,No
21628,34,New Jersey,340038,0,1,1,0,4,BLOOMFIELD,January,15,Sunday,22,47,Urban,Low Speed (Local),No,40.83046389,-74.19022222,Non-Intersection,Dark - Unknown Lighting,Clear,10:00pm-10:59pm,50,10:00pm-10:59pm,56,11:00pm-11:59pm,44,1,Dark - Unlighted,Clear,1,3,['Rear_Seat'],['None_Used'],0,0,Valid,0.0,0.0,17.0,17.0,['Male'],4,0,3,4,3,Dry,Curve,Grade/Hillcrest,Lowest,No
21629,34,New Jersey,340039,0,2,2,0,2,CARNEYS POINT,February,26,Sunday,20,24,Urban,Medium Speed (Collector),No,39.71606111,-75.44595,Non-Intersection,Dark - Not Lighted,Clear,8:00pm-8:59pm,30,8:00pm-8:59pm,34,9:00pm-9:59pm,4,1,Dark - Unlighted,Clear,1,1,['Driver'],['None_Used'],1,2,Invalid,1.0,1.0,30.0,19.0,"['Male', 'Male']",1,0,3,4,5,Dry,Straight,Level,Medium,No
21630,34,New Jersey,340040,0,1,1,0,1,BARNEGAT,February,2,Thursday,15,13,Urban,High Speed (Arterial),Yes,39.77468889,-74.24515833,Non-Intersection,Daylight,Clear,3:00pm-3:59pm,23,Unknown EMS Scene Arrival Hour,Unknown EMS Scene Arrival Minutes,Not Applicable (Not Transported),Not Applicable (Not Transported),1,Daylight,Clear,1,0,['Driver'],['None_Used'],0,0,Valid,0.0,0.0,94.0,94.0,['Male'],0,0,2,4,2,Dry,Straight,Level,Lowest,No
21631,34,New Jersey,340041,1,1,1,0,1,GARFIELD,January,3,Tuesday,20,52,Urban,Medium Speed (Collector),No,40.88329444,-74.10564722,Simple Junction,Dark - Not Lighted,"Fog, Smog, Smoke",9:00pm-9:59pm,0,9:00pm-9:59pm,1,9:00pm-9:59pm,31,1,Dark - Unlighted,Reduced Visibility,0,0,[],[],0,0,Invalid,0.0,1.0,26.0,26.0,['Male'],0,0,2,3,4,Wet/Standing Water,Straight,Grade/Hillcrest,Lowest,No
21632,34,New Jersey,340042,0,1,1,0,1,ELIZABETH,January,6,Friday,14,4,Urban,High Speed (Arterial),Yes,40.64297778,-74.21228611,Non-Intersection,Daylight,Rain,Unknown,Unknown if Notified,Unknown EMS Scene Arrival Hour,Unknown if Arrived,Not Applicable (Not Transported),Not Applicable (Not Transported),1,Daylight,Rain/Wind/Minor,1,0,['Driver'],['None_Used'],0,0,Valid,1.0,0.0,24.0,24.0,['Male'],1,0,5,3,3,Wet/Standing Water,Curve,Grade/Hillcrest,Lowest,No
21633,34,New Jersey,340043,1,1,1,0,4,GALLOWAY TOWNSHIP,February,10,Friday,19,56,Urban,Medium Speed (Collector),No,39.46023611,-74.50745,Complex/Circle,Dark - Unknown Lighting,Clear,7:00pm-7:59pm,58,8:00pm-8:59pm,2,8:00pm-8:59pm,33,1,Dark - Unlighted,Clear,0,4,[],[],0,0,Valid,2.0,0.0,69.0,69.0,['Female'],0,0,2,3,4,Dry,Straight,Level,Lowest,No
21634,34,New Jersey,340044,1,1,1,0,1,HACKETTSTOWN,January,7,Saturday,7,30,Urban,Low Speed (Local),No,40.84648056,-74.83260833,Non-Intersection,Dawn,Clear,Unknown,Unknown,Unknown EMS Scene Arrival Hour,Unknown EMS Scene Arrival Minutes,Unknown,Unknown EMS Hospital Arrival Time,1,Twilight,Clear,0,1,[],[],1,1,Invalid,0.0,1.0,25.0,25.0,['Male'],0,0,3,2,4,Dry,Straight,Level,Lowest,No
21635,34,New Jersey,340045,0,2,1,1,1,PATERSON,February,3,Friday,16,8,Urban,Low Speed (Local),No,40.92035278,-74.13755833,Non-Intersection,Dark - Not Lighted,Clear,Unknown,Unknown,Unknown EMS Scene Arrival Hour,Unknown EMS Scene Arrival Minutes,Unknown,Unknown EMS Hospital Arrival Time,1,Dark - Unlighted,Clear,1,0,['Driver'],['Shoulder_Lapbelt'],0,0,Valid,0.0,0.0,58.0,58.0,['Male'],0,0,2,4,5,Dry,Straight,Grade/Hillcrest,Lowest,No
21636,34,New Jersey,340046,1,1,1,0,1,MOUNTAINSIDE,February,9,Thursday,4,29,Urban,High Speed (Arterial),Yes,40.67158333,-74.35763611,Complex/Circle,Dark - Lighted,Clear,3:00am-3:59am,32,3:00am-3:59am,36,4:00am-4:59am,13,1,Dark - Lighted,Clear,0,1,[],[],0,0,Valid,0.0,0.0,62.0,62.0,['Female'],0,0,3,4,4,Dry,Straight,Level,Lowest,No
21637,34,New Jersey,340047,0,3,3,0,3,HOWELL,February,16,Thursday,16,30,Urban,High Speed (Arterial),Yes,40.16713056,-74.20484444,Non-Intersection,Daylight,Cloudy,4:00pm-4:59pm,30,4:00pm-4:59pm,37,4:00pm-4:59pm,56,1,Daylight,Reduced Visibility,1,2,['Driver'],['None_Used'],0,0,Valid,2.0,0.0,56.0,30.0,"['Male', 'Male', 'Male']",0,0,3,4,5,Wet/Standing Water,Straight,Level,Lowest,No
21638,34,New Jersey,340048,0,2,2,0,4,PARSIPPANY,February,5,Sunday,2,41,Urban,High Speed (Arterial),Yes,40.86406667,-74.41506389,Non-Intersection,Dark - Lighted,Clear,2:00am-2:59am,46,2:00am-2:59am,54,3:00am-3:59am,24,1,Dark - Lighted,Clear,1,3,['Driver'],['None_Used'],1,1,Valid,2.0,2.0,29.0,29.0,"['Male', 'Male']",0,0,3,4,5,Dry,Curve,Level,Lowest,No
21639,34,New Jersey,340049,1,1,1,0,1,WOODBURY,February,21,Tuesday,18,49,Urban,Medium Speed (Collector),No,39.84333056,-75.1478,Simple Junction,Dark - Not Lighted,Clear,6:00pm-6:59pm,51,6:00pm-6:59pm,52,Not Applicable (Not Transported),Not Applicable (Not Transported),1,Dark - Unlighted,Clear,0,1,[],[],0,0,Valid,0.0,0.0,18.0,18.0,['Female'],0,0,3,3,4,Dry,Straight,Level,Lowest,No
21640,34,New Jersey,340050,0,3,3,0,6,NOT APPLICABLE,February,11,Saturday,18,41,Urban,High Speed (Arterial),Yes,39.70275,-75.00615,Simple Junction,Dark - Lighted,Clear,6:00pm-6:59pm,43,6:00pm-6:59pm,53,7:00pm-7:59pm,12,1,Dark - Lighted,Clear,1,5,['Front_Passenger'],['None_Used'],1,1,Invalid,0.0,0.0,84.0,31.0,"['Male', 'Male', 'Female']",1,0,3,4,5,Dry,Straight,Level,Lowest,No
21641,34,New Jersey,340051,0,2,2,0,2,HOPE,February,10,Friday,17,21,Rural,High Speed (Arterial),Yes,40.92793056,-74.96599722,Non-Intersection,Dark - Not Lighted,Clear,5:00pm-5:59pm,20,5:00pm-5:59pm,25,Not Applicable (Not Transported),Not Applicable (Not Transported),1,Dark - Unlighted,Clear,1,1,['Driver'],['None_Used'],0,0,Valid,1.0,0.0,66.0,32.0,"['Male', 'Male']",0,0,5,4,5,Dry,Curve,Grade/Hillcrest,Lowest,No
21642,34,New Jersey,340052,0,1,1,0,1,HAMILTON TOWNSHIP,February,18,Saturday,12,7,Urban,High Speed (Arterial),Yes,40.25278056,-74.69576667,Non-Intersection,Daylight,Clear,12:00pm-12:59pm,11,12:00pm-12:59pm,15,Not Applicable (Not Transported),Not Applicable (Not Transported),1,Daylight,Clear,1,0,['Driver'],['Shoulder_Lapbelt'],0,0,Valid,2.0,0.0,46.0,46.0,['Male'],1,0,2,4,3,Dry,Curve,Level,Lowest,No
21643,34,New Jersey,340053,1,3,1,2,1,RIDGEFIELD,February,8,Wednesday,8,20,Urban,Low Speed (Local),No,40.83057222,-74.00853889,Non-Intersection,Daylight,Clear,8:00am-8:59am,24,8:00am-8:59am,40,9:00am-9:59am,13,1,Daylight,Clear,0,1,[],[],0,0,Valid,0.0,0.0,59.0,59.0,['Female'],1,0,3,3,4,Dry,Straight,Non-Trafficway,Lowest,No
21644,34,New Jersey,340054,1,1,1,0,1,NORTH BERGEN,January,9,Monday,6,37,Urban,High Speed (Arterial),Yes,40.78038889,-74.03739722,Non-Intersection,Dark - Lighted,Rain,Unknown,Unknown,Unknown EMS Scene Arrival Hour,Unknown EMS Scene Arrival Minutes,Unknown,Unknown EMS Hospital Arrival Time,1,Dark - Lighted,Rain/Wind/Minor,0,1,[],[],0,0,Valid,0.0,0.0,52.0,52.0,['Male'],0,0,3,3,4,Wet/Standing Water,Straight,Level,Lowest,No
21645,34,New Jersey,340055,1,1,1,0,4,NOT APPLICABLE,February,17,Friday,7,46,Rural,Medium Speed (Collector),No,40.11036944,-74.51251389,Non-Intersection,Daylight,Rain,7:00am-7:59am,46,7:00am-7:59am,54,8:00am-8:59am,41,1,Daylight,Rain/Wind/Minor,0,4,[],[],0,0,Valid,1.0,0.0,61.0,61.0,['Male'],0,0,3,3,4,Wet/Standing Water,Straight,Level,Lowest,No
21646,34,New Jersey,340056,0,1,1,0,1,MAURICETOWN,March,12,Sunday,3,53,Rural,Low Speed (Local),No,39.37664167,-74.90606944,Non-Intersection,Dark - Not Lighted,Clear,3:00am-3:59am,52,4:00am-4:59am,8,Not Applicable (Not Transported),Not Applicable (Not Transported),1,Dark - Unlighted,Clear,1,0,['Driver'],['Shoulder_Lapbelt'],1,1,Valid,0.0,0.0,33.0,33.0,['Male'],0,0,2,4,3,Dry,Curve,Level,Lowest,No
21647,34,New Jersey,340057,0,2,2,0,3,TOMS RIVER,March,15,Wednesday,16,44,Urban,Medium Speed (Collector),No,40.01546389,-74.203575,Complex/Circle,Daylight,Clear,4:00pm-4:59pm,47,4:00pm-4:59pm,52,5:00pm-5:59pm,47,1,Daylight,Clear,1,2,['Front_Passenger'],['None_Used'],0,0,Valid,0.0,2.0,62.0,21.0,"['Female', 'Female']",0,0,2,4,5,Dry,Straight,Level,Lowest,No
21648,34,New Jersey,340058,1,1,1,0,1,ATLANTIC CITY,March,1,Wednesday,23,30,Rural,High Speed (Arterial),Yes,39.38869444,-74.47965556,Non-Intersection,Dark - Lighted,Clear,11:00pm-11:59pm,42,11:00pm-11:59pm,52,Not Applicable (Not Transported),Not Applicable (Not Transported),1,Dark - Lighted,Clear,0,0,[],[],0,0,Invalid,0.0,0.0,999.0,999.0,['Other'],0,0,2,3,4,Wet/Standing Water,Straight,Level,Lowest,No
21649,34,New Jersey,340059,1,1,1,0,1,ATLANTIC CITY,March,1,Wednesday,19,3,Urban,Medium Speed (Collector),No,39.36271944,-74.42204167,Complex/Circle,Dark - Unknown Lighting,Clear,7:00pm-7:59pm,12,7:00pm-7:59pm,15,7:00pm-7:59pm,23,1,Dark - Unlighted,Clear,0,1,[],[],0,0,Valid,0.0,0.0,62.0,62.0,['Male'],0,0,3,3,4,Dry,Straight,Level,Lowest,No
21650,34,New Jersey,340060,0,1,1,0,1,MANALAPAN,February,21,Tuesday,16,9,Urban,High Speed (Arterial),Yes,40.25525278,-74.32647778,Non-Intersection,Daylight,Sleet or Hail,4:00pm-4:59pm,11,4:00pm-4:59pm,19,5:00pm-5:59pm,44,1,Daylight,Snow/Ice/Severe,1,0,['Driver'],['None_Used'],0,0,Valid,1.0,2.0,42.0,42.0,['Male'],1,0,2,4,3,Icy/Snowy,Straight,Level,Lowest,No
21651,34,New Jersey,340061,0,2,2,0,2,CHERRY HILL,March,13,Monday,13,4,Urban,Medium Speed (Collector),No,39.881225,-74.968275,Non-Intersection,Daylight,Rain,1:00pm-1:59pm,32,1:00pm-1:59pm,41,Unknown,Unknown EMS Hospital Arrival Time,1,Daylight,Rain/Wind/Minor,1,1,['Driver'],['Shoulder_Lapbelt'],0,0,Valid,0.0,0.0,93.0,36.0,"['Male', 'Male']",0,0,3,4,5,Dry,Straight,Non-Trafficway,Lowest,No
21652,34,New Jersey,340062,1,1,1,0,1,CRESSKILL,March,26,Sunday,15,25,Urban,Medium Speed (Collector),No,40.97048611,-73.96608889,Non-Intersection,Daylight,Clear,3:00pm-3:59pm,28,3:00pm-3:59pm,38,4:00pm-4:59pm,8,1,Daylight,Clear,0,1,[],[],1,1,Valid,0.0,0.0,36.0,36.0,['Male'],1,0,3,3,4,Dry,Straight,Level,Lowest,No
21653,34,New Jersey,340063,0,2,2,0,2,NOT APPLICABLE,March,21,Tuesday,6,10,Urban,High Speed (Arterial),Yes,39.81251667,-75.26914167,Non-Intersection,Dark - Not Lighted,Clear,6:00am-6:59am,17,6:00am-6:59am,17,6:00am-6:59am,55,1,Dark - Unlighted,Clear,1,1,['Driver'],['None_Used'],0,0,Valid,2.0,0.0,54.0,30.0,"['Male', 'Male']",0,0,2,4,5,Dry,Straight,Level,Lowest,No
21654,34,New Jersey,340064,1,1,1,0,1,WESTAMPTON TOWNSHIP,March,9,Thursday,21,42,Urban,High Speed (Arterial),Yes,40.01640278,-74.80607778,Non-Intersection,Dark - Not Lighted,Clear,9:00pm-9:59pm,47,9:00pm-9:59pm,50,10:00pm-10:59pm,28,1,Dark - Unlighted,Clear,0,1,[],[],0,0,Valid,1.0,0.0,53.0,53.0,['Female'],0,0,3,3,4,Dry,Straight,Level,Lowest,No
21655,34,New Jersey,340065,0,2,2,0,2,PISCATAWAY,March,23,Thursday,13,25,Urban,Medium Speed (Collector),No,40.57137778,-74.45699167,Complex/Circle,Daylight,Rain,1:00pm-1:59pm,29,1:00pm-1:59pm,33,2:00pm-2:59pm,19,1,Daylight,Rain/Wind/Minor,1,1,['Driver'],['None_Used'],0,0,Valid,0.0,0.0,80.0,17.0,"['Female', 'Female']",1,0,2,4,5,Wet/Standing Water,Straight,Level,Lowest,No
21656,34,New Jersey,340066,0,1,1,0,1,NEWARK,March,16,Thursday,18,20,Urban,High Speed (Arterial),Yes,40.70505556,-74.19373889,Non-Intersection,Daylight,Clear,6:00pm-6:59pm,23,6:00pm-6:59pm,27,Not Applicable (Not Transported),Not Applicable (Not Transported),1,Daylight,Clear,1,0,['Driver'],['None_Used'],0,0,Valid,0.0,0.0,21.0,21.0,['Male'],1,0,5,4,3,Dry,Straight,Level,Lowest,No
21657,34,New Jersey,340067,0,3,2,1,2,PLAINFIELD,February,2,Thursday,16,24,Urban,Low Speed (Local),No,40.603175,-74.43972778,Non-Intersection,Daylight,Clear,4:00pm-4:59pm,28,4:00pm-4:59pm,35,Unknown,Unknown EMS Hospital Arrival Time,1,Daylight,Clear,1,0,['Driver'],['None_Used'],0,0,Valid,6.0,0.0,41.0,23.0,"['Male', 'Female']",1,0,5,4,5,Dry,Straight,Level,Lowest,No
21658,34,New Jersey,340068,0,1,1,0,1,HAMILTON,March,11,Saturday,8,52,Rural,High Speed (Arterial),Yes,39.54720556,-74.72790833,Non-Intersection,Daylight,Rain,Unknown,Unknown,Unknown EMS Scene Arrival Hour,Unknown EMS Scene Arrival Minutes,Not Applicable (Not Transported),Not Applicable (Not Transported),1,Daylight,Rain/Wind/Minor,1,0,['Driver'],['None_Used'],1,1,Invalid,0.0,0.0,29.0,29.0,['Male'],0,0,3,4,3,Wet/Standing Water,Straight,Level,Lowest,No
21659,34,New Jersey,340069,0,2,1,1,2,HILLSIDE,March,4,Saturday,21,48,Urban,Medium Speed (Collector),No,40.69768333,-74.21697222,Simple Junction,Dark - Unknown Lighting,Clear,9:00pm-9:59pm,50,9:00pm-9:59pm,54,10:00pm-10:59pm,20,1,Dark - Unlighted,Clear,1,1,['Driver'],['Lapbelt_Only'],1,1,Valid,0.0,0.0,27.0,27.0,['Male'],2,0,3,4,2,Dry,Curve,Level,Lowest,No
21660,34,New Jersey,340070,1,1,1,0,1,JERSEY CITY,March,5,Sunday,0,22,Urban,Medium Speed (Collector),No,40.70094444,-74.07864167,Simple Junction,Dark - Unknown Lighting,Clear,0:00am-0:59am,34,0:00am-0:59am,39,1:00am-1:59am,19,1,Dark - Unlighted,Clear,0,0,[],[],0,0,Valid,3.0,0.0,25.0,25.0,['Male'],0,0,2,0,4,Dry,Straight,Level,Lowest,No
21661,34,New Jersey,340071,0,2,2,0,2,PATERSON,March,21,Tuesday,18,37,Urban,Medium Speed (Collector),No,40.89674444,-74.15465278,Simple Junction,Daylight,Clear,6:00pm-6:59pm,42,6:00pm-6:59pm,48,6:00pm-6:59pm,57,1,Daylight,Clear,1,1,['Driver'],['None_Used'],0,0,Valid,7.0,0.0,53.0,29.0,"['Male', 'Male']",1,0,5,4,5,Dry,Straight,Level,Lowest,No
21662,34,New Jersey,340072,1,1,1,0,1,LINCOLN PARK,March,30,Thursday,20,26,Urban,Medium Speed (Collector),No,40.94804722,-74.33265833,Non-Intersection,Dark - Lighted,Clear,8:00pm-8:59pm,27,8:00pm-8:59pm,35,9:00pm-9:59pm,11,1,Dark - Lighted,Clear,0,1,[],[],0,0,Valid,0.0,0.0,18.0,18.0,['Female'],1,0,3,2,4,Dry,Straight,Level,Lowest,No
21663,34,New Jersey,340073,1,1,1,0,1,UNION CITY,March,6,Monday,13,17,Urban,Medium Speed (Collector),No,40.77823889,-74.03154444,Complex/Circle,Daylight,Clear,1:00pm-1:59pm,19,1:00pm-1:59pm,31,2:00pm-2:59pm,5,1,Daylight,Clear,0,1,[],[],0,0,Valid,1.0,0.0,35.0,35.0,['Male'],0,0,4,2,4,Dry,Straight,Grade/Hillcrest,Lowest,No
21664,34,New Jersey,340074,0,2,2,0,2,ROBBINSVILLE,March,31,Friday,17,45,Rural,Medium Speed (Collector),No,40.18936111,-74.56338611,Simple Junction,Daylight,Clear,5:00pm-5:59pm,47,5:00pm-5:59pm,53,6:00pm-6:59pm,29,1,Daylight,Clear,1,1,['Driver'],['None_Used'],0,0,Valid,2.0,0.0,47.0,21.0,"['Male', 'Male']",0,0,5,4,5,Dry,Straight,Level,Lowest,No
21665,34,New Jersey,340075,0,1,1,0,1,SOMERVILLE,March,10,Friday,2,17,Urban,High Speed (Arterial),Yes,40.56873056,-74.62521389,Non-Intersection,Dark - Lighted,Clear,2:00am-2:59am,22,2:00am-2:59am,27,Not Applicable (Not Transported),Not Applicable (Not Transported),1,Dark - Lighted,Clear,1,0,['Driver'],['Shoulder_Lapbelt'],1,1,Valid,1.0,0.0,24.0,24.0,['Female'],1,0,2,4,3,Dry,Curve,Level,Lowest,No
21666,34,New Jersey,340076,1,1,1,0,2,WOODBRIDGE,March,26,Sunday,0,30,Urban,High Speed (Arterial),Yes,40.58121111,-74.30922222,Non-Intersection,Dark - Lighted,Clear,0:00am-0:59am,43,0:00am-0:59am,54,1:00am-1:59am,17,1,Dark - Lighted,Clear,0,2,[],[],0,0,Valid,2.0,0.0,34.0,34.0,['Female'],0,0,3,2,4,Wet/Standing Water,Straight,Level,Lowest,No
21667,34,New Jersey,340077,0,1,1,0,1,EAST HANOVER,March,26,Sunday,11,26,Urban,High Speed (Arterial),Yes,40.842975,-74.34262778,Non-Intersection,Daylight,Clear,11:00am-11:59am,37,11:00am-11:59am,49,12:00pm-12:59pm,35,1,Daylight,Clear,1,0,['Driver'],['Shoulder_Lapbelt'],0,0,Valid,0.0,0.0,64.0,64.0,['Male'],0,0,3,4,3,Dry,Straight,Level,Lowest,No
21668,34,New Jersey,340078,1,1,1,0,1,BRIDGEWATER,March,2,Thursday,2,29,Urban,High Speed (Arterial),Yes,40.581675,-74.59908611,Non-Intersection,Dark - Not Lighted,"Fog, Smog, Smoke",2:00am-2:59am,39,3:00am-3:59am,3,Not Applicable (Not Transported),Not Applicable (Not Transported),1,Dark - Unlighted,Reduced Visibility,0,1,[],[],0,0,Valid,0.0,0.0,36.0,36.0,['Female'],0,0,3,4,4,Dry,Straight,Level,Lowest,No
21669,34,New Jersey,340080,0,2,2,0,2,PALISADES PARK,April,4,Tuesday,19,29,Urban,Low Speed (Local),No,40.84404167,-73.993525,Complex/Circle,Daylight,Clear,7:00pm-7:59pm,32,7:00pm-7:59pm,38,8:00pm-8:59pm,9,1,Daylight,Clear,1,1,['Driver'],['Shoulder_Lapbelt'],0,0,Valid,3.0,0.0,75.0,49.0,"['Male', 'Male']",0,0,2,4,5,Dry,Straight,Level,Lowest,No
21670,34,New Jersey,340081,0,2,2,0,2,MT LAUREL,April,12,Wednesday,5,23,Urban,Medium Speed (Collector),No,39.98734722,-74.86999722,Simple Junction,Dark - Unknown Lighting,Clear,5:00am-5:59am,28,5:00am-5:59am,37,6:00am-6:59am,11,1,Dark - Unlighted,Clear,1,1,['Driver'],['None_Used'],0,0,Valid,0.0,0.0,64.0,44.0,"['Male', 'Male']",0,0,5,4,5,Dry,Straight,Level,Lowest,No
21671,34,New Jersey,340082,1,2,2,0,2,RIDGEFIELD PARK,April,7,Friday,23,10,Urban,High Speed (Arterial),Yes,40.84946944,-74.02430278,Non-Intersection,Dark - Lighted,Cloudy,Unknown,Unknown,Unknown EMS Scene Arrival Hour,Unknown EMS Scene Arrival Minutes,Not Applicable (Not Transported),Not Applicable (Not Transported),1,Dark - Lighted,Reduced Visibility,0,1,[],[],0,0,Invalid,2.0,2.0,999.0,25.0,"['Other', 'Male']",0,0,2,0,4,Dry,Straight,Level,Lowest,No
21672,34,New Jersey,340083,1,1,1,0,1,BAYONNE,April,24,Monday,11,50,Urban,Medium Speed (Collector),No,40.66308611,-74.11899444,Complex/Circle,Daylight,Clear,11:00am-11:59am,53,12:00pm-12:59pm,5,12:00pm-12:59pm,23,1,Daylight,Clear,0,1,[],[],0,0,Valid,0.0,0.0,31.0,31.0,['Female'],0,0,2,4,4,Dry,Straight,Level,Lowest,No
21673,34,New Jersey,340084,1,1,1,0,1,EDGEWATER PARK,April,5,Wednesday,19,52,Urban,High Speed (Arterial),Yes,40.04377778,-74.90798611,Non-Intersection,Dark - Lighted,Clear,7:00pm-7:59pm,55,7:00pm-7:59pm,58,8:00pm-8:59pm,29,1,Dark - Lighted,Clear,0,1,[],[],0,0,Valid,1.0,0.0,72.0,72.0,['Male'],0,0,3,4,4,Dry,Straight,Level,Lowest,No
21674,34,New Jersey,340085,1,1,1,0,2,NORTH BERGEN,April,15,Saturday,2,53,Urban,Medium Speed (Collector),No,40.79745,-74.00992778,Complex/Circle,Dark - Unknown Lighting,Clear,Unknown,Unknown,Unknown EMS Scene Arrival Hour,Unknown EMS Scene Arrival Minutes,Unknown,Unknown EMS Hospital Arrival Time,1,Dark - Unlighted,Clear,0,2,[],[],0,0,Valid,1.0,0.0,28.0,28.0,['Male'],0,0,3,3,4,Dry,Straight,Level,Lowest,No
21675,34,New Jersey,340086,1,1,1,0,1,BURLINGTON TOWNSHIP,April,1,Saturday,19,45,Urban,High Speed (Arterial),Yes,40.06792222,-74.8706,Non-Intersection,Dark - Not Lighted,Rain,7:00pm-7:59pm,50,8:00pm-8:59pm,4,8:00pm-8:59pm,25,1,Dark - Unlighted,Rain/Wind/Minor,0,1,[],[],0,0,Valid,1.0,0.0,70.0,70.0,['Male'],0,0,3,3,4,Wet/Standing Water,Straight,Level,Lowest,No
21676,34,New Jersey,340087,0,1,1,0,4,WAYNE,April,30,Sunday,10,4,Urban,High Speed (Arterial),Yes,40.89625556,-74.25345,Non-Intersection,Daylight,Rain,10:00am-10:59am,9,10:00am-10:59am,25,10:00am-10:59am,51,2,Daylight,Rain/Wind/Minor,2,2,"['Driver', 'Rear_Seat']","['Shoulder_Lapbelt', 'Child_Safety']",0,0,Valid,0.0,0.0,46.0,46.0,['Male'],0,0,3,4,3,Wet/Standing Water,Curve,Level,Lowest,No
21677,34,New Jersey,340088,0,2,2,0,3,NEWARK,April,2,Sunday,2,38,Urban,High Speed (Arterial),Yes,40.71708611,-74.15141111,Non-Intersection,Dark - Not Lighted,Clear,2:00am-2:59am,38,2:00am-2:59am,49,3:00am-3:59am,31,3,Dark - Unlighted,Clear,3,0,"['Driver', 'Front_Passenger', 'Driver']","['Shoulder_Lapbelt', 'Shoulder_Lapbelt', 'Shoulder_Lapbelt']",0,0,Valid,1.0,0.0,49.0,22.0,"['Female', 'Male']",0,0,2,4,3,Wet/Standing Water,Straight,Level,Lowest,No