,State_Code,State_Name,Crash_ID,Count_Non_Motorists,Count_Vehicles_Total,Count_Vehicle_Forms,Count_PVH_Involved,Count_Occupants_MV,City_Name,Month_Name,Day_of_Month,Day_of_Week,Crash_Hour,Crash_Minute,Area_Rural_Urban,Road_Functional_Class,On_NHS_Road,Latitude,Longitude,Intersection_Type,Light_Condition,Weather_Condition,Notif_Hour,Notif_Minute,Arrival_Hour,Arrival_Minute,Hospital_Hour,Hospital_Minute,Fatalities_Count,Clean_Light_Condition,Clean_Weather_Condition,Total_Killed,Total_Alive,Fatal_Seats_List,Killed_Restraint_List,Any_Driver_Drinking,Total_Drinking_Drivers,Driver_License_Category,Driver_Max_Prev_Accident_Count,Driver_Max_Prev_Speeding_Count,Max_Driver_Age,Min_Driver_Age,Driver_Sex_List,Total_Exceeding_Limit_Vehicles,Total_Too_Fast_Vehicles,Max_Vehicle_Type_Severity_5,Max_Vehicle_Damage_Rank,Max_Harmful_Event_Severity,Crash_Road_Surface_Condition,Crash_Horizontal_Alignment,Crash_Vertical_Profile,Crash_Impairment_Category,Crash_Vehicle_Defect
21678,34,New Jersey,340089,0,4,4,0,4,MT OLIVE,April,26,Wednesday,11,10,Urban,High Speed (Arterial),Yes,40.85990278,-74.75943889,Complex/Circle,Daylight,Clear,11:00am-11:59am,18,11:00am-11:59am,22,12:00pm-12:59pm,15,1,Daylight,Clear,1,3,['Driver'],['Shoulder_Lapbelt'],0,0,Valid,1.0,0.0,75.0,50.0,"['Male', 'Male', 'Female', 'Female']",0,0,3,4,5,Wet/Standing Water,Straight,Grade/Hillcrest,Lowest,No
21679,34,New Jersey,340090,0,1,1,0,1,EGG HARBOR TOWNSHIP,April,15,Saturday,0,41,Urban,Low Speed (Local),No,39.362525,-74.62480833,Non-Intersection,Dark - Unknown Lighting,Clear,0:00am-0:59am,43,1:00am-1:59am,14,Not Applicable (Not Transported),Not Applicable (Not Transported),1,Dark - Unlighted,Clear,1,0,['Driver'],['Shoulder_Lapbelt'],1,1,Valid,0.0,0.0,22.0,22.0,['Male'],0,0,3,4,3,Dry,Curve,Level,Lowest,No
21680,34,New Jersey,340091,0,2,2,0,3,KEARNY,April,14,Friday,1,12,Urban,Medium Speed (Collector),No,40.75354167,-74.139075,Non-Intersection,Dark - Lighted,Clear,1:00am-1:59am,12,1:00am-1:59am,20,Not Applicable (Not Transported),Not Applicable (Not Transported),1,Dark - Lighted,Clear,1,2,['Driver'],['None_Used'],1,1,Valid,5.0,0.0,52.0,45.0,"['Male', 'Male']",1,0,5,4,5,Dry,Straight,Level,Lowest,No
21681,34,New Jersey,340092,0,2,2,0,3,LAWNSIDE,April,17,Monday,14,7,Urban,High Speed (Arterial),Yes,39.87305,-75.04031111,Non-Intersection,Daylight,Clear,2:00pm-2:59pm,0,2:00pm-2:59pm,3,Not Applicable (Not Transported),Not Applicable (Not Transported),1,Daylight,Clear,1,2,['Driver'],['None_Used'],0,0,Invalid,0.0,0.0,73.0,52.0,"['Male', 'Male']",0,0,3,4,5,Dry,Straight,Level,Lowest,No
21682,34,New Jersey,340093,0,2,2,0,2,PARAMUS,April,15,Saturday,2,58,Urban,High Speed (Arterial),Yes,40.919425,-74.06649444,Non-Intersection,Dark - Unknown Lighting,Clear,Unknown,Unknown,Unknown EMS Scene Arrival Hour,Unknown EMS Scene Arrival Minutes,Unknown,Unknown EMS Hospital Arrival Time,1,Dark - Unlighted,Clear,1,1,['Driver'],['None_Used'],1,1,Valid,1.0,0.0,33.0,26.0,"['Male', 'Male']",1,0,4,4,5,Dry,Straight,Level,Lowest,No
21683,34,New Jersey,340095,0,1,1,0,1,PISCATAWAY,May,13,Saturday,18,51,Urban,High Speed (Arterial),Yes,40.54062778,-74.43823611,Non-Intersection,Daylight,Cloudy,6:00pm-6:59pm,53,6:00pm-6:59pm,59,7:00pm-7:59pm,41,1,Daylight,Reduced Visibility,1,0,['Driver'],['None_Used'],1,1,Valid,2.0,2.0,30.0,30.0,['Male'],1,0,2,4,4,Dry,Curve,Level,Lowest,No
21684,34,New Jersey,340096,0,1,1,0,1,GLASSBORO,May,1,Monday,16,6,Urban,High Speed (Arterial),Yes,39.70111111,-75.09668611,Non-Intersection,Daylight,Clear,4:00pm-4:59pm,8,4:00pm-4:59pm,12,4:00pm-4:59pm,43,1,Daylight,Clear,1,0,['Driver'],['Shoulder_Lapbelt'],1,1,Valid,1.0,0.0,62.0,62.0,['Male'],1,0,2,4,3,Dry,Straight,Level,Lowest,No
21685,34,New Jersey,340097,1,1,1,0,1,CLARK,April,14,Friday,9,41,Urban,Medium Speed (Collector),No,40.62651111,-74.32211111,Non-Intersection,Daylight,Clear,10:00am-10:59am,3,10:00am-10:59am,10,Unknown,Unknown EMS Hospital Arrival Time,1,Daylight,Clear,0,1,[],[],0,0,Valid,1.0,1.0,88.0,88.0,['Male'],0,0,2,2,4,Dry,Straight,Non-Trafficway,Lowest,No
21686,34,New Jersey,340098,0,2,2,0,2,MEDFORD,May,3,Wednesday,5,38,Urban,High Speed (Arterial),Yes,39.90469722,-74.82438056,Complex/Circle,Dawn,Clear,Unknown,Unknown,Unknown EMS Scene Arrival Hour,Unknown EMS Scene Arrival Minutes,Unknown,Unknown EMS Hospital Arrival Time,1,Twilight,Clear,1,1,['Driver'],['None_Used'],0,0,Valid,0.0,0.0,79.0,60.0,"['Female', 'Male']",0,0,3,4,5,Dry,Straight,Level,Lowest,No
21687,34,New Jersey,340099,0,1,1,0,1,HOWELL,May,7,Sunday,0,37,Urban,Low Speed (Local),No,40.18103611,-74.18965833,Non-Intersection,Dark - Unknown Lighting,Clear,0:00am-0:59am,43,0:00am-0:59am,45,Not Applicable (Not Transported),Not Applicable (Not Transported),1,Dark - Unlighted,Clear,1,0,['Driver'],['None_Used'],1,1,Valid,0.0,0.0,40.0,40.0,['Male'],0,0,5,4,3,Dry,Curve,Level,Lowest,Yes
21688,34,New Jersey,340100,0,2,2,0,2,NOT APPLICABLE,May,6,Saturday,11,40,Urban,Medium Speed (Collector),No,39.68202222,-74.9999,Simple Junction,Daylight,Clear,11:00am-11:59am,42,11:00am-11:59am,51,12:00pm-12:59pm,8,1,Daylight,Clear,1,1,['Driver'],['None_Used'],0,0,Valid,0.0,0.0,46.0,36.0,"['Male', 'Male']",0,0,5,4,5,Dry,Straight,Level,Lowest,No
21689,34,New Jersey,340102,0,3,3,0,5,SPRINGFIELD,March,28,Tuesday,12,28,Urban,High Speed (Arterial),Yes,40.71354444,-74.30050833,Non-Intersection,Daylight,Clear,12:00pm-12:59pm,49,12:00pm-12:59pm,55,Unknown,Unknown EMS Hospital Arrival Time,1,Daylight,Clear,1,4,['Driver'],['Shoulder_Lapbelt'],0,0,Valid,2.0,1.0,54.0,38.0,"['Male', 'Male', 'Male']",0,0,4,4,5,Dry,Straight,Level,Lowest,No
21690,34,New Jersey,340103,0,3,3,0,4,HAMILTON,March,23,Thursday,17,45,Rural,Medium Speed (Collector),No,39.44081667,-74.80050833,Non-Intersection,Daylight,Clear,5:00pm-5:59pm,46,5:00pm-5:59pm,56,Unknown,Unknown EMS Hospital Arrival Time,1,Daylight,Clear,1,3,['Driver'],['None_Used'],0,0,Valid,3.0,0.0,50.0,34.0,"['Female', 'Female', 'Male']",2,0,3,4,5,Dry,Curve,Level,Lowest,No
21691,34,New Jersey,340104,0,2,2,0,6,ATLANTIC CITY,April,30,Sunday,3,41,Urban,Medium Speed (Collector),No,39.35975556,-74.43877778,Complex/Circle,Dark - Lighted,Clear,3:00am-3:59am,44,3:00am-3:59am,46,4:00am-4:59am,3,1,Dark - Lighted,Clear,1,5,['Rear_Seat'],['None_Used'],0,0,Valid,1.0,9.0,45.0,25.0,"['Male', 'Male']",0,0,3,4,5,Dry,Straight,Level,Lowest,No
21692,34,New Jersey,340105,0,1,1,0,1,WINSLOW,May,30,Tuesday,4,0,Urban,Medium Speed (Collector),No,39.73305278,-74.91908611,Non-Intersection,Dark - Not Lighted,Clear,4:00am-4:59am,2,4:00am-4:59am,8,Not Applicable (Not Transported),Not Applicable (Not Transported),1,Dark - Unlighted,Clear,1,0,['Driver'],['None_Used'],1,1,Valid,0.0,0.0,46.0,46.0,['Male'],1,0,2,4,3,Dry,Straight,Grade/Hillcrest,Lowest,No
21693,34,New Jersey,340106,1,1,1,0,1,NORTH BERGEN,May,8,Monday,0,14,Urban,High Speed (Arterial),Yes,40.803775,-74.01938333,Non-Intersection,Dark - Lighted,Clear,Unknown,Unknown,Unknown EMS Scene Arrival Hour,Unknown EMS Scene Arrival Minutes,Not Applicable (Not Transported),Not Applicable (Not Transported),1,Dark - Lighted,Clear,0,1,[],[],0,0,Valid,0.0,0.0,29.0,29.0,['Male'],0,0,2,3,4,Dry,Straight,Level,Lowest,No
21694,34,New Jersey,340107,1,2,2,0,3,PISCATAWAY,June,3,Saturday,1,41,Urban,High Speed (Arterial),Yes,40.52934722,-74.41658056,Simple Junction,Dark - Unknown Lighting,Clear,1:00am-1:59am,43,1:00am-1:59am,49,2:00am-2:59am,18,1,Dark - Unlighted,Clear,1,2,['Driver'],['Shoulder_Lapbelt'],0,0,Valid,0.0,0.0,24.0,19.0,"['Male', 'Male']",2,0,2,4,5,Dry,Straight,Level,Lowest,No
21695,34,New Jersey,340108,1,1,1,0,1,NOT APPLICABLE,May,17,Wednesday,6,40,Urban,Medium Speed (Collector),No,39.02196111,-74.89875278,Non-Intersection,Daylight,Clear,6:00am-6:59am,24,Unknown EMS Scene Arrival Hour,Unknown EMS Scene Arrival Minutes,Not Applicable (Not Transported),Not Applicable (Not Transported),1,Daylight,Clear,0,1,[],[],0,0,Invalid,2.0,0.0,29.0,29.0,['Male'],0,0,2,3,4,Dry,Curve,Level,Lowest,No
21696,34,New Jersey,340109,0,2,2,0,4,CASSVILLE,May,27,Saturday,18,56,Urban,Medium Speed (Collector),No,40.11625278,-74.30692778,Complex/Circle,Daylight,Clear,7:00pm-7:59pm,10,7:00pm-7:59pm,14,7:00pm-7:59pm,55,1,Daylight,Clear,1,3,['Driver'],['Shoulder_Lapbelt'],1,1,Valid,1.0,0.0,79.0,26.0,"['Male', 'Male']",0,0,3,4,5,Dry,Straight,Level,Lowest,No
21697,34,New Jersey,340110,0,2,2,0,7,MANTUA,May,27,Saturday,13,46,Urban,High Speed (Arterial),Yes,39.75139722,-75.13813333,Non-Intersection,Daylight,Clear,1:00pm-1:59pm,48,1:00pm-1:59pm,58,2:00pm-2:59pm,10,1,Daylight,Clear,1,6,['Rear_Seat'],['Lapbelt_Only'],0,0,Invalid,0.0,0.0,69.0,31.0,"['Male', 'Male']",4,0,3,4,5,Dry,Curve,Level,Lowest,No
21698,34,New Jersey,340111,1,1,1,0,1,UNION CITY,June,5,Monday,7,36,Urban,Medium Speed (Collector),No,40.77235833,-74.02587222,Non-Intersection,Daylight,Clear,7:00am-7:59am,37,7:00am-7:59am,45,8:00am-8:59am,4,1,Daylight,Clear,0,1,[],[],0,0,Invalid,0.0,0.0,16.0,16.0,['Male'],0,0,3,1,4,Dry,Straight,Level,Lowest,No
21699,34,New Jersey,340112,0,4,4,0,6,OCEAN TOWNSHIP,June,13,Tuesday,8,46,Urban,Medium Speed (Collector),No,40.25762222,-74.01128056,Non-Intersection,Daylight,Clear,8:00am-8:59am,33,Unknown EMS Scene Arrival Hour,Unknown EMS Scene Arrival Minutes,Unknown,Unknown EMS Hospital Arrival Time,1,Daylight,Clear,1,5,['Driver'],['None_Used'],0,0,Valid,0.0,0.0,66.0,27.0,"['Male', 'Female', 'Female', 'Male']",1,0,5,4,5,Dry,Straight,Level,Lowest,No
21700,34,New Jersey,340113,1,1,1,0,2,OCEAN,May,23,Tuesday,12,8,Rural,Low Speed (Local),No,40.23322222,-74.04576944,Non-Intersection,Daylight,Clear,Unknown,Unknown,Unknown EMS Scene Arrival Hour,Unknown EMS Scene Arrival Minutes,Unknown,Unknown EMS Hospital Arrival Time,1,Daylight,Clear,0,2,[],[],0,0,Valid,0.0,0.0,40.0,40.0,['Female'],0,0,3,2,4,Dry,Straight,Non-Trafficway,Lowest,No
21701,34,New Jersey,340114,0,2,1,1,1,CARLSTADT,April,13,Thursday,3,23,Urban,High Speed (Arterial),Yes,40.83671389,-74.08465,Non-Intersection,Dark - Lighted,Clear,Unknown,Unknown,Unknown EMS Scene Arrival Hour,Unknown EMS Scene Arrival Minutes,Not Applicable (Not Transported),Not Applicable (Not Transported),1,Dark - Lighted,Clear,1,0,['Driver'],['Shoulder_Lapbelt'],0,0,Valid,0.0,0.0,18.0,18.0,['Male'],0,0,2,4,5,Dry,Curve,Level,Lowest,No
21702,34,New Jersey,340115,0,1,1,0,1,ROSELAND,June,1,Thursday,15,3,Urban,High Speed (Arterial),Yes,40.82653889,-74.32356944,Non-Intersection,Daylight,Clear,3:00pm-3:59pm,15,3:00pm-3:59pm,26,3:00pm-3:59pm,48,1,Daylight,Clear,1,0,['Driver'],['None_Used'],0,0,Valid,0.0,0.0,89.0,89.0,['Male'],0,0,3,4,3,Dry,Straight,Level,Lowest,No
21703,34,New Jersey,340116,1,1,1,0,2,NEWARK,March,29,Wednesday,18,12,Urban,Low Speed (Local),No,40.72967778,-74.15946389,Complex/Circle,Daylight,Clear,6:00pm-6:59pm,15,6:00pm-6:59pm,26,6:00pm-6:59pm,50,1,Daylight,Clear,0,2,[],[],0,0,Valid,0.0,0.0,40.0,40.0,['Male'],0,0,3,1,4,Dry,Straight,Level,Lowest,No
21704,34,New Jersey,340117,0,1,1,0,2,NEWARK,April,12,Wednesday,23,17,Urban,High Speed (Arterial),Yes,40.71171111,-74.19961667,Non-Intersection,Dark - Lighted,Clear,11:00pm-11:59pm,22,11:00pm-11:59pm,29,0:00am-0:59am,0,1,Dark - Lighted,Clear,1,1,['Driver'],['None_Used'],1,1,Valid,0.0,1.0,60.0,60.0,['Male'],0,0,3,4,3,Dry,Straight,Level,Lowest,No
21705,34,New Jersey,340118,0,1,1,0,1,WASHINGTON TOWNSHIP,April,14,Friday,16,43,Urban,High Speed (Arterial),Yes,40.99168889,-74.07372778,Non-Intersection,Daylight,Clear,4:00pm-4:59pm,57,5:00pm-5:59pm,15,5:00pm-5:59pm,45,1,Daylight,Clear,1,0,['Driver'],['None_Used'],0,0,Valid,3.0,0.0,24.0,24.0,['Male'],0,0,2,4,3,Dry,Straight,Level,Lowest,No
21706,34,New Jersey,340119,0,2,2,0,2,CARNEYS POINT,April,29,Saturday,14,18,Urban,Medium Speed (Collector),No,39.70967778,-75.47033889,Non-Intersection,Daylight,Cloudy,2:00pm-2:59pm,18,2:00pm-2:59pm,20,2:00pm-2:59pm,54,1,Daylight,Reduced Visibility,1,1,['Driver'],['None_Used'],1,1,Valid,0.0,0.0,26.0,22.0,"['Male', 'Male']",1,0,5,4,5,Dry,Straight,Level,Lowest,No
21707,34,New Jersey,340120,1,1,1,0,1,SAYREVILLE,May,9,Tuesday,23,59,Urban,High Speed (Arterial),Yes,40.463625,-74.28586111,Non-Intersection,Dark - Not Lighted,Clear,0:00am-0:59am,7,0:00am-0:59am,18,Not Applicable (Not Transported),Not Applicable (Not Transported),1,Dark - Unlighted,Clear,0,1,[],[],0,0,Valid,0.0,0.0,60.0,60.0,['Male'],0,0,3,4,4,Dry,Curve,Level,Lowest,No
21708,34,New Jersey,340122,0,1,1,0,1,CASSVILLE,May,29,Monday,17,47,Urban,Medium Speed (Collector),No,40.078425,-74.37801111,Non-Intersection,Daylight,Clear,5:00pm-5:59pm,48,5:00pm-5:59pm,55,6:00pm-6:59pm,25,1,Daylight,Clear,1,0,['Driver'],['None_Used'],0,0,Valid,1.0,0.0,20.0,20.0,['Male'],1,0,5,4,3,Dry,Straight,Level,Lowest,Yes
21709,34,New Jersey,340123,0,1,1,0,1,NOT APPLICABLE,May,8,Monday,4,34,Rural,Low Speed (Local),No,39.60117778,-74.75955278,Non-Intersection,Dark - Not Lighted,Clear,Unknown,Unknown,Unknown EMS Scene Arrival Hour,Unknown EMS Scene Arrival Minutes,Not Applicable (Not Transported),Not Applicable (Not Transported),1,Dark - Unlighted,Clear,1,0,['Driver'],['Shoulder_Lapbelt'],1,1,Valid,0.0,0.0,30.0,30.0,['Male'],1,0,3,4,3,Dry,Straight,Level,Lowest,No
21710,34,New Jersey,340124,0,1,1,0,1,CASSVILLE,June,7,Wednesday,13,42,Urban,Medium Speed (Collector),No,40.0803,-74.327225,Non-Intersection,Daylight,Clear,1:00pm-1:59pm,44,1:00pm-1:59pm,48,3:00pm-3:59pm,6,1,Daylight,Clear,1,0,['Driver'],['None_Used'],1,1,Valid,0.0,0.0,38.0,38.0,['Male'],1,0,5,4,2,Dry,Curve,Level,Lowest,No
21711,34,New Jersey,340125,1,1,1,0,1,LAWNSIDE,June,15,Thursday,12,15,Urban,High Speed (Arterial),Yes,39.86615556,-75.03848056,Non-Intersection,Daylight,Clear,12:00pm-12:59pm,27,12:00pm-12:59pm,36,Not Applicable (Not Transported),Not Applicable (Not Transported),1,Daylight,Clear,0,1,[],[],0,0,Valid,0.0,0.0,61.0,61.0,['Male'],0,0,4,2,4,Dry,Straight,Level,Lowest,No
21712,34,New Jersey,340126,0,2,2,0,2,SOMERS POINT,June,13,Tuesday,9,20,Urban,Medium Speed (Collector),No,39.33070278,-74.59449722,Non-Intersection,Daylight,Clear,9:00am-9:59am,18,9:00am-9:59am,21,Not Applicable (Not Transported),Not Applicable (Not Transported),1,Daylight,Clear,1,1,['Driver'],['None_Used'],0,0,Valid,0.0,0.0,64.0,49.0,"['Male', 'Male']",0,0,5,4,5,Dry,Straight,Level,Lowest,No
21713,34,New Jersey,340127,0,1,1,0,1,PEMBERTON,June,25,Sunday,2,10,Urban,High Speed (Arterial),Yes,39.89924444,-74.59550556,Complex/Circle,Dark - Unknown Lighting,Clear,2:00am-2:59am,13,2:00am-2:59am,22,3:00am-3:59am,9,1,Dark - Unlighted,Clear,1,0,['Driver'],['Shoulder_Lapbelt'],1,1,Valid,0.0,0.0,22.0,22.0,['Male'],1,0,3,4,3,Dry,Curve,Level,Lowest,No
21714,34,New Jersey,340128,0,2,2,0,2,NEWARK,June,23,Friday,16,55,Urban,High Speed (Arterial),Yes,40.77021111,-74.15758056,Non-Intersection,Daylight,Clear,4:00pm-4:59pm,59,5:00pm-5:59pm,6,Not Applicable (Not Transported),Not Applicable (Not Transported),1,Daylight,Clear,1,1,['Driver'],['Shoulder_Lapbelt'],1,1,Valid,0.0,1.0,25.0,24.0,"['Male', 'Male']",1,0,3,4,5,Dry,Straight,Level,Lowest,No
21715,34,New Jersey,340129,0,1,1,0,1,NOT APPLICABLE,June,25,Sunday,19,36,Rural,Medium Speed (Collector),No,39.62321111,-74.48703056,Non-Intersection,Dark - Not Lighted,Cloudy,Unknown,Unknown,Unknown EMS Scene Arrival Hour,Unknown EMS Scene Arrival Minutes,Not Applicable (Not Transported),Not Applicable (Not Transported),1,Dark - Unlighted,Reduced Visibility,1,0,['Driver'],['None_Used'],1,1,Valid,2.0,0.0,50.0,50.0,['Male'],0,0,5,4,3,Dry,Curve,Level,Lowest,No
21716,34,New Jersey,340130,1,1,1,0,5,HAWTHORNE,June,28,Wednesday,20,46,Urban,High Speed (Arterial),Yes,40.94223889,-74.14958333,Complex/Circle,Dark - Unknown Lighting,Clear,8:00pm-8:59pm,46,8:00pm-8:59pm,52,9:00pm-9:59pm,6,1,Dark - Unlighted,Clear,0,4,[],[],0,0,Invalid,0.0,0.0,43.0,43.0,['Male'],0,0,3,0,4,Dry,Straight,Level,Lowest,No
21717,34,New Jersey,340131,0,1,1,0,2,LODI,July,8,Saturday,10,34,Urban,Medium Speed (Collector),No,40.88615833,-74.09192778,Non-Intersection,Daylight,Cloudy,10:00am-10:59am,41,10:00am-10:59am,43,11:00am-11:59am,6,1,Daylight,Reduced Visibility,1,1,['Front_Passenger'],['Shoulder_Lapbelt'],0,0,Valid,1.0,0.0,76.0,76.0,['Female'],0,0,3,4,2,Dry,Straight,Grade/Hillcrest,Lowest,Yes
21718,34,New Jersey,340132,2,3,1,2,1,LAKEWOOD,June,13,Tuesday,10,55,Urban,Medium Speed (Collector),No,40.04490833,-74.159775,Non-Intersection,Daylight,Clear,11:00am-11:59am,4,11:00am-11:59am,10,11:00am-11:59am,42,1,Daylight,Clear,0,1,[],[],0,0,Valid,0.0,0.0,70.0,70.0,['Female'],0,0,3,4,4,Dry,Straight,Level,Lowest,No
21719,34,New Jersey,340133,0,2,2,0,2,NOT APPLICABLE,June,22,Thursday,22,8,Urban,Low Speed (Local),No,39.69955556,-74.99695556,Non-Intersection,Dark - Unknown Lighting,Clear,10:00pm-10:59pm,10,10:00pm-10:59pm,16,Not Applicable (Not Transported),Not Applicable (Not Transported),1,Dark - Unlighted,Clear,1,1,['Driver'],['None_Used'],1,1,Valid,0.0,0.0,36.0,27.0,"['Male', 'Female']",1,0,5,4,5,Dry,Straight,Level,Lowest,Yes
21720,34,New Jersey,340134,0,2,2,0,2,PITTSGROVE TOWNSHIP,June,6,Tuesday,15,11,Urban,Low Speed (Local),No,39.52871111,-75.09944444,Non-Intersection,Daylight,Clear,3:00pm-3:59pm,11,3:00pm-3:59pm,20,3:00pm-3:59pm,44,1,Daylight,Clear,1,1,['Driver'],['Shoulder_Lapbelt'],0,0,Valid,0.0,1.0,71.0,39.0,"['Male', 'Female']",1,0,3,4,5,Dry,Straight,Non-Trafficway,Lowest,No
21721,34,New Jersey,340135,0,2,2,0,3,MONROE TOWNSHIP,January,23,Monday,12,44,Urban,Low Speed (Local),No,40.31599722,-74.47336389,Complex/Circle,Daylight,Rain,Unknown,Unknown,Unknown EMS Scene Arrival Hour,Unknown EMS Scene Arrival Minutes,Unknown,Unknown EMS Hospital Arrival Time,1,Daylight,Rain/Wind/Minor,1,2,['Driver'],['Shoulder_Lapbelt'],0,0,Valid,1.0,0.0,83.0,51.0,"['Male', 'Male']",0,0,3,4,5,Wet/Standing Water,Straight,Level,Lowest,No
21722,34,New Jersey,340136,1,1,1,0,1,NOT APPLICABLE,July,12,Wednesday,19,9,Urban,High Speed (Arterial),Yes,39.68531667,-74.98875556,Non-Intersection,Daylight,Clear,7:00pm-7:59pm,10,7:00pm-7:59pm,14,7:00pm-7:59pm,38,1,Daylight,Clear,0,1,[],[],0,0,Valid,0.0,0.0,36.0,36.0,['Male'],0,0,2,2,4,Dry,Straight,Level,Lowest,No
21723,34,New Jersey,340137,0,2,2,0,2,NOT APPLICABLE,June,20,Tuesday,5,8,Urban,Medium Speed (Collector),No,39.72484722,-75.05036111,Complex/Circle,Dawn,Clear,5:00am-5:59am,13,5:00am-5:59am,15,5:00am-5:59am,40,1,Twilight,Clear,1,1,['Driver'],['Shoulder_Lapbelt'],0,0,Valid,1.0,1.0,51.0,50.0,"['Female', 'Male']",0,0,4,4,5,Dry,Straight,Level,Lowest,Yes
21724,34,New Jersey,340138,1,1,1,0,3,MANCHESTER TOWNSHIP,June,3,Saturday,22,30,Urban,Medium Speed (Collector),No,40.02284167,-74.26842778,Non-Intersection,Dark - Unknown Lighting,Clear,10:00pm-10:59pm,31,10:00pm-10:59pm,35,Not Applicable (Not Transported),Not Applicable (Not Transported),1,Dark - Unlighted,Clear,0,3,[],[],0,0,Valid,1.0,0.0,21.0,21.0,['Male'],0,0,3,2,4,Dry,Straight,Level,Lowest,Yes
21725,34,New Jersey,340139,0,4,4,0,5,TABERNACLE,June,26,Monday,8,52,Urban,High Speed (Arterial),Yes,39.85505556,-74.73348333,Non-Intersection,Daylight,Clear,8:00am-8:59am,53,8:00am-8:59am,57,Unknown,Unknown EMS Hospital Arrival Time,1,Daylight,Clear,1,4,['Driver'],['None_Used'],0,0,Valid,2.0,0.0,71.0,33.0,"['Male', 'Male', 'Male', 'Male']",0,0,4,4,5,Dry,Straight,Level,Lowest,No
21726,34,New Jersey,340140,0,1,1,0,2,NOT APPLICABLE,March,7,Tuesday,13,6,Urban,High Speed (Arterial),Yes,39.80458056,-74.23176667,Non-Intersection,Daylight,Clear,1:00pm-1:59pm,11,1:00pm-1:59pm,26,Unknown,Unknown EMS Hospital Arrival Time,1,Daylight,Clear,1,1,['Driver'],['None_Used'],0,0,Valid,0.0,0.0,49.0,49.0,['Female'],0,0,3,4,3,Dry,Straight,Level,Lowest,Yes
21727,34,New Jersey,340141,0,2,2,0,2,HAMILTON TOWNSHIP,April,22,Saturday,16,45,Urban,Medium Speed (Collector),No,40.22061389,-74.68808056,Non-Intersection,Daylight,Clear,4:00pm-4:59pm,45,4:00pm-4:59pm,48,5:00pm-5:59pm,26,1,Daylight,Clear,1,0,['Driver'],['Shoulder_Lapbelt'],1,1,Valid,3.0,2.0,39.0,35.0,"['Male', 'Male']",1,0,3,4,5,Dry,Straight,Non-Trafficway,Lowest,No
21728,34,New Jersey,340142,1,1,1,0,1,NOT APPLICABLE,May,5,Friday,22,55,Urban,High Speed (Arterial),Yes,40.68905556,-75.15383056,Non-Intersection,Dark - Not Lighted,Clear,10:00pm-10:59pm,58,11:00pm-11:59pm,7,11:00pm-11:59pm,32,1,Dark - Unlighted,Clear,0,0,[],[],0,0,Invalid,0.0,1.0,31.0,31.0,['Male'],0,0,3,4,4,Dry,Straight,Level,Lowest,No
21729,34,New Jersey,340143,0,1,1,0,1,JERSEY CITY,May,15,Monday,6,21,Urban,High Speed (Arterial),Yes,40.73904722,-74.06251111,Non-Intersection,Dark - Lighted,Cloudy,Unknown,Unknown,Unknown EMS Scene Arrival Hour,Unknown EMS Scene Arrival Minutes,Not Applicable (Not Transported),Not Applicable (Not Transported),1,Dark - Lighted,Reduced Visibility,1,0,['Driver'],['Shoulder_Lapbelt'],1,1,Valid,0.0,0.0,25.0,25.0,['Male'],1,0,2,4,3,Dry,Curve,Grade/Hillcrest,Lowest,No
21730,34,New Jersey,340144,0,2,2,0,2,NORTH BERGEN,May,5,Friday,20,59,Urban,Medium Speed (Collector),No,40.798375,-74.02266389,Complex/Circle,Dark - Lighted,Clear,Unknown,Unknown,Unknown EMS Scene Arrival Hour,Unknown EMS Scene Arrival Minutes,Unknown,Unknown EMS Hospital Arrival Time,1,Dark - Lighted,Clear,1,1,['Driver'],['None_Used'],0,0,Valid,4.0,1.0,30.0,23.0,"['Male', 'Male']",0,0,5,4,5,Dry,Straight,Level,Lowest,No
21731,34,New Jersey,340145,0,2,2,0,4,PEMBERTON,April,20,Thursday,17,16,Urban,Medium Speed (Collector),No,39.97115,-74.67849722,Non-Intersection,Daylight,Clear,5:00pm-5:59pm,4,5:00pm-5:59pm,11,5:00pm-5:59pm,34,1,Daylight,Clear,1,3,['Driver'],['None_Used'],0,0,Invalid,0.0,0.0,41.0,37.0,"['Male', 'Female']",2,0,5,4,5,Dry,Straight,Level,Lowest,Yes
21732,34,New Jersey,340146,0,2,2,0,4,ANDOVER,May,26,Friday,16,0,Urban,Medium Speed (Collector),No,41.03619444,-74.68913889,Non-Intersection,Daylight,Clear,3:00pm-3:59pm,57,4:00pm-4:59pm,3,4:00pm-4:59pm,33,4,Daylight,Clear,4,0,"['Driver', 'Driver', 'Front_Passenger', 'Rear_Seat']","['Shoulder_Lapbelt', 'Shoulder_Lapbelt', 'Shoulder_Lapbelt', 'Shoulder_Lapbelt']",0,0,Valid,0.0,1.0,36.0,22.0,"['Male', 'Male']",0,0,3,4,5,Dry,Straight,Level,Lowest,No
21733,34,New Jersey,340147,0,2,2,0,6,EDISON,March,27,Monday,2,42,Urban,High Speed (Arterial),Yes,40.52246944,-74.35125,Non-Intersection,Dark - Not Lighted,Clear,2:00am-2:59am,46,2:00am-2:59am,55,3:00am-3:59am,53,1,Dark - Unlighted,Clear,1,5,['Front_Passenger'],['Shoulder_Lapbelt'],1,1,Valid,0.0,1.0,65.0,30.0,"['Male', 'Male']",5,0,4,4,5,Dry,Straight,Level,Lowest,No
21734,34,New Jersey,340148,0,1,1,0,1,HAMILTON TOWNSHIP,March,19,Sunday,7,25,Urban,High Speed (Arterial),Yes,40.22038056,-74.69781667,Non-Intersection,Daylight,Clear,Unknown,Unknown,Unknown EMS Scene Arrival Hour,Unknown EMS Scene Arrival Minutes,Not Applicable (Not Transported),Not Applicable (Not Transported),1,Daylight,Clear,1,0,['Driver'],['Shoulder_Lapbelt'],1,1,Valid,0.0,0.0,47.0,47.0,['Male'],1,0,3,4,3,Dry,Curve,Level,Lowest,No