,State_Code,State_Name,Crash_ID,Count_Non_Motorists,Count_Vehicles_Total,Count_Vehicle_Forms,Count_PVH_Involved,Count_Occupants_MV,City_Name,Month_Name,Day_of_Month,Day_of_Week,Crash_Hour,Crash_Minute,Area_Rural_Urban,Road_Functional_Class,On_NHS_Road,Latitude,Longitude,Intersection_Type,Light_Condition,Weather_Condition,Notif_Hour,Notif_Minute,Arrival_Hour,Arrival_Minute,Hospital_Hour,Hospital_Minute,Fatalities_Count,Clean_Light_Condition,Clean_Weather_Condition,Total_Killed,Total_Alive,Fatal_Seats_List,Killed_Restraint_List,Any_Driver_Drinking,Total_Drinking_Drivers,Driver_License_Category,Driver_Max_Prev_Accident_Count,Driver_Max_Prev_Speeding_Count,Max_Driver_Age,Min_Driver_Age,Driver_Sex_List,Total_Exceeding_Limit_Vehicles,Total_Too_Fast_Vehicles,Max_Vehicle_Type_Severity_5,Max_Vehicle_Damage_Rank,Max_Harmful_Event_Severity,Crash_Road_Surface_Condition,Crash_Horizontal_Alignment,Crash_Vertical_Profile,Crash_Impairment_Category,Crash_Vehicle_Defect
21735,34,New Jersey,340149,1,1,1,0,1,TRENTON,March,5,Sunday,21,20,Urban,High Speed (Arterial),Yes,40.20671944,-74.76194167,Non-Intersection,Dark - Not Lighted,Clear,9:00pm-9:59pm,33,9:00pm-9:59pm,37,Not Applicable (Not Transported),Not Applicable (Not Transported),1,Dark - Unlighted,Clear,0,0,[],[],0,0,Valid,1.0,0.0,998.0,998.0,['Female'],0,0,2,1,4,Dry,Straight,Level,Lowest,No
21736,34,New Jersey,340150,0,2,2,0,2,HAMILTON TOWNSHIP,April,10,Monday,5,19,Urban,High Speed (Arterial),Yes,40.17774722,-74.62846111,Non-Intersection,Dark - Not Lighted,Clear,5:00am-5:59am,41,5:00am-5:59am,55,6:00am-6:59am,33,1,Dark - Unlighted,Clear,1,1,['Driver'],['None_Used'],0,0,Valid,1.0,0.0,70.0,41.0,"['Male', 'Male']",0,0,3,4,5,Dry,Straight,Level,Lowest,No
21737,34,New Jersey,340151,0,2,2,0,3,ELIZABETH,April,30,Sunday,22,39,Urban,High Speed (Arterial),Yes,40.648475,-74.20089444,Non-Intersection,Dark - Not Lighted,Rain,10:00pm-10:59pm,43,10:00pm-10:59pm,56,11:00pm-11:59pm,19,1,Dark - Unlighted,Rain/Wind/Minor,1,2,['Rear_Seat'],['None_Used'],0,0,Valid,0.0,0.0,59.0,52.0,"['Male', 'Male']",0,0,4,4,5,Wet/Standing Water,Straight,Level,Lowest,No
21738,34,New Jersey,340152,0,3,3,0,5,EAST BRUNSWICK,May,27,Saturday,22,17,Urban,High Speed (Arterial),Yes,40.41881111,-74.44501111,Non-Intersection,Dark - Not Lighted,Clear,Unknown,Unknown,Unknown EMS Scene Arrival Hour,Unknown EMS Scene Arrival Minutes,Not Applicable (Not Transported),Not Applicable (Not Transported),1,Dark - Unlighted,Clear,1,4,['Driver'],['None_Used'],1,1,Valid,0.0,1.0,29.0,28.0,"['Male', 'Male']",0,0,5,4,5,Dry,Straight,Level,Lowest,No
21739,34,New Jersey,340153,0,2,2,0,6,WEST WINDSOR,May,30,Tuesday,4,21,Urban,High Speed (Arterial),Yes,40.331575,-74.637825,Complex/Circle,Dark - Unknown Lighting,Clear,4:00am-4:59am,23,4:00am-4:59am,25,5:00am-5:59am,6,1,Dark - Unlighted,Clear,1,5,['Front_Passenger'],['Shoulder_Lapbelt'],0,0,Valid,2.0,1.0,47.0,20.0,"['Male', 'Female']",0,0,3,4,5,Dry,Straight,Level,Lowest,No
21740,34,New Jersey,340154,0,1,1,0,1,MAHWAH,May,13,Saturday,12,45,Urban,High Speed (Arterial),Yes,41.05742778,-74.18598333,Non-Intersection,Daylight,Clear,12:00pm-12:59pm,48,12:00pm-12:59pm,56,Unknown,Unknown EMS Hospital Arrival Time,1,Daylight,Clear,1,0,['Driver'],['None_Used'],1,1,Valid,0.0,0.0,29.0,29.0,['Male'],1,0,3,4,3,Dry,Straight,Level,Lowest,No
21741,34,New Jersey,340155,0,1,1,0,3,CAMDEN,January,18,Wednesday,12,31,Urban,High Speed (Arterial),Yes,39.93981944,-75.09449722,Non-Intersection,Daylight,Clear,12:00pm-12:59pm,29,12:00pm-12:59pm,34,12:00pm-12:59pm,53,1,Daylight,Clear,1,2,['Rear_Seat'],['None_Used'],0,0,Invalid,1.0,2.0,22.0,22.0,['Female'],0,0,2,4,3,Dry,Curve,Level,Lowest,No
21742,34,New Jersey,340156,0,1,1,0,1,CAMDEN,February,28,Tuesday,12,16,Urban,Medium Speed (Collector),No,39.95004167,-75.07933333,Non-Intersection,Daylight,Rain,12:00pm-12:59pm,18,12:00pm-12:59pm,21,12:00pm-12:59pm,42,1,Daylight,Rain/Wind/Minor,1,0,['Driver'],['None_Used'],0,0,Valid,1.0,0.0,30.0,30.0,['Male'],1,0,2,4,3,Wet/Standing Water,Straight,Level,Lowest,No
21743,34,New Jersey,340157,1,1,1,0,2,CAMDEN,February,8,Wednesday,5,6,Urban,Medium Speed (Collector),No,39.88822778,-74.96875556,Non-Intersection,Dark - Unknown Lighting,Rain,Unknown,Unknown,Unknown EMS Scene Arrival Hour,Unknown EMS Scene Arrival Minutes,Unknown,Unknown EMS Hospital Arrival Time,1,Dark - Unlighted,Rain/Wind/Minor,0,2,[],[],0,0,Valid,0.0,0.0,34.0,34.0,['Male'],0,0,3,3,4,Wet/Standing Water,Straight,Level,Lowest,No
21744,34,New Jersey,340158,0,2,2,0,5,BELLMAWR,April,27,Thursday,13,4,Urban,High Speed (Arterial),Yes,39.87058889,-75.08125,Non-Intersection,Daylight,Clear,1:00pm-1:59pm,6,1:00pm-1:59pm,9,1:00pm-1:59pm,26,1,Daylight,Clear,1,4,['Driver'],['None_Used'],0,0,Invalid,0.0,0.0,53.0,42.0,"['Male', 'Female']",1,0,4,4,5,Dry,Straight,Level,Lowest,No
21745,34,New Jersey,340159,0,1,1,0,1,WATERFORD WORKS,April,9,Sunday,9,17,Urban,Low Speed (Local),No,39.75561389,-74.87300278,Non-Intersection,Reported as Unknown,Clear,Unknown,Unknown,Unknown EMS Scene Arrival Hour,Unknown EMS Scene Arrival Minutes,Not Applicable (Not Transported),Not Applicable (Not Transported),1,Dark - Unlighted,Clear,1,0,['Driver'],['None_Used'],0,0,Valid,1.0,0.0,52.0,52.0,['Male'],0,0,3,4,3,Dry,Straight,Level,Lowest,No
21746,34,New Jersey,340160,0,1,1,0,1,HOPE,May,28,Sunday,99,99,Rural,Medium Speed (Collector),No,40.936075,-74.972075,Non-Intersection,Dark - Not Lighted,Clear,2:00pm-2:59pm,28,2:00pm-2:59pm,43,Not Applicable (Not Transported),Not Applicable (Not Transported),1,Dark - Unlighted,Clear,1,0,['Driver'],['None_Used'],1,1,Valid,1.0,0.0,37.0,37.0,['Male'],0,0,5,4,3,Dry,Curve,Level,Lowest,No
21747,34,New Jersey,340161,1,2,1,1,1,WOODBRIDGE,May,1,Monday,12,24,Urban,High Speed (Arterial),Yes,40.52325556,-74.31152222,Non-Intersection,Daylight,Clear,12:00pm-12:59pm,23,12:00pm-12:59pm,36,Not Applicable (Not Transported),Not Applicable (Not Transported),1,Daylight,Clear,1,0,['Driver'],['None_Used'],0,0,Valid,0.0,0.0,19.0,19.0,['Male'],1,0,2,4,5,Dry,Straight,Level,Lowest,No
21748,34,New Jersey,340162,0,2,2,0,3,NETCONG,May,5,Friday,22,32,Urban,High Speed (Arterial),Yes,40.89319444,-74.71411667,Non-Intersection,Dark - Not Lighted,Clear,10:00pm-10:59pm,38,10:00pm-10:59pm,53,11:00pm-11:59pm,45,1,Dark - Unlighted,Clear,1,2,['Front_Passenger'],['Shoulder_Lapbelt'],0,0,Valid,1.0,0.0,31.0,28.0,"['Male', 'Male']",0,0,4,4,5,Dry,Curve,Level,Lowest,No
21749,34,New Jersey,340163,0,2,2,0,4,BUENA,June,24,Saturday,0,54,Urban,High Speed (Arterial),Yes,39.51366111,-74.92507778,Complex/Circle,Dark - Lighted,Rain,0:00am-0:59am,56,1:00am-1:59am,4,2:00am-2:59am,7,1,Dark - Lighted,Rain/Wind/Minor,1,3,['Front_Passenger'],['None_Used'],1,2,Valid,0.0,0.0,62.0,41.0,"['Male', 'Male']",2,0,2,4,5,Wet/Standing Water,Straight,Level,Lowest,No
21750,34,New Jersey,340164,0,3,2,1,2,TRENTON,May,6,Saturday,10,8,Urban,High Speed (Arterial),Yes,40.22733333,-74.76423333,Complex/Circle,Daylight,Clear,10:00am-10:59am,11,10:00am-10:59am,12,10:00am-10:59am,25,1,Daylight,Clear,1,1,['Driver'],['Shoulder_Lapbelt'],0,0,Valid,1.0,0.0,51.0,50.0,"['Male', 'Male']",2,0,5,4,5,Dry,Straight,Level,Lowest,No
21751,34,New Jersey,340165,0,4,4,0,6,JERSEY CITY,May,28,Sunday,12,27,Urban,Medium Speed (Collector),No,40.69303611,-74.08999722,Non-Intersection,Daylight,Clear,11:00am-11:59am,58,12:00pm-12:59pm,4,12:00pm-12:59pm,18,1,Daylight,Clear,1,5,['Driver'],['None_Used'],0,0,Invalid,3.0,0.0,38.0,28.0,"['Female', 'Male', 'Female', 'Female']",1,0,3,4,5,Dry,Straight,Level,Lowest,No
21752,34,New Jersey,340166,1,1,1,0,1,RAHWAY,April,1,Saturday,19,7,Urban,Medium Speed (Collector),No,40.61473889,-74.28105278,Non-Intersection,Dusk,Rain,7:00pm-7:59pm,10,7:00pm-7:59pm,14,7:00pm-7:59pm,23,1,Twilight,Rain/Wind/Minor,0,1,[],[],0,0,Valid,0.0,0.0,82.0,82.0,['Male'],0,0,3,3,4,Wet/Standing Water,Straight,Level,Lowest,No
21753,34,New Jersey,340167,0,1,1,0,3,MT LAUREL,June,19,Monday,21,6,Urban,High Speed (Arterial),Yes,39.93785833,-74.95928333,Non-Intersection,Dark - Not Lighted,Clear,9:00pm-9:59pm,6,9:00pm-9:59pm,15,9:00pm-9:59pm,55,1,Dark - Unlighted,Clear,1,2,['Driver'],['Shoulder_Lapbelt'],0,0,Valid,1.0,1.0,20.0,20.0,['Male'],0,0,2,4,3,Dry,Straight,Level,Lowest,No
21754,34,New Jersey,340168,0,2,2,0,2,NOT APPLICABLE,June,20,Tuesday,16,54,Rural,High Speed (Arterial),Yes,40.03915,-74.72816111,Complex/Circle,Daylight,Clear,4:00pm-4:59pm,54,5:00pm-5:59pm,1,Not Applicable (Not Transported),Not Applicable (Not Transported),1,Daylight,Clear,1,1,['Driver'],['None_Used'],0,0,Valid,0.0,1.0,70.0,24.0,"['Female', 'Male']",1,0,5,4,5,Dry,Straight,Level,Lowest,No
21755,34,New Jersey,340169,0,1,1,0,1,TOMS RIVER,June,9,Friday,13,18,Urban,High Speed (Arterial),Yes,39.97058889,-74.20925833,Non-Intersection,Daylight,Clear,1:00pm-1:59pm,20,1:00pm-1:59pm,25,Not Applicable (Not Transported),Not Applicable (Not Transported),1,Daylight,Clear,1,0,['Driver'],['None_Used'],0,0,Valid,1.0,0.0,56.0,56.0,['Male'],0,0,4,4,3,Dry,Straight,Level,Medium,No
21756,34,New Jersey,340170,0,1,1,0,1,SUMMIT,June,13,Tuesday,12,18,Urban,Medium Speed (Collector),No,40.71228611,-74.33900278,Non-Intersection,Daylight,Clear,12:00pm-12:59pm,18,12:00pm-12:59pm,26,Not Applicable (Not Transported),Not Applicable (Not Transported),1,Daylight,Clear,1,0,['Driver'],['Shoulder_Lapbelt'],0,0,Valid,0.0,0.0,51.0,51.0,['Female'],1,0,2,4,3,Dry,Straight,Grade/Hillcrest,Lowest,No
21757,34,New Jersey,340171,0,1,1,0,1,RANDOLPH,June,18,Sunday,17,46,Urban,Low Speed (Local),No,40.82271667,-74.61682222,Non-Intersection,Daylight,Cloudy,5:00pm-5:59pm,49,6:00pm-6:59pm,2,6:00pm-6:59pm,30,1,Daylight,Reduced Visibility,1,0,['Driver'],['None_Used'],1,1,Valid,1.0,0.0,74.0,74.0,['Male'],0,0,5,4,3,Dry,Curve,Level,Lowest,No
21758,34,New Jersey,340172,0,2,2,0,3,EGG HARBOR TOWNSHIP,June,10,Saturday,23,6,Urban,Medium Speed (Collector),No,39.38540833,-74.62266944,Non-Intersection,Dark - Not Lighted,Clear,11:00pm-11:59pm,8,11:00pm-11:59pm,16,Not Applicable (Not Transported),Not Applicable (Not Transported),1,Dark - Unlighted,Clear,1,2,['Driver'],['None_Used'],0,0,Invalid,2.0,0.0,41.0,36.0,"['Male', 'Male']",1,0,5,4,5,Dry,Straight,Level,Lowest,No
21759,34,New Jersey,340173,0,1,1,0,1,ATLANTIC CITY,June,18,Sunday,20,42,Rural,High Speed (Arterial),Yes,39.38893056,-74.47968889,Non-Intersection,Dark - Lighted,Clear,8:00pm-8:59pm,46,8:00pm-8:59pm,56,Not Applicable (Not Transported),Not Applicable (Not Transported),1,Dark - Lighted,Clear,1,0,['Driver'],['None_Used'],1,1,Invalid,0.0,0.0,61.0,61.0,['Male'],1,0,5,4,3,Dry,Straight,Level,Lowest,No
21760,34,New Jersey,340174,0,2,2,0,2,LAWRENCEVILLE,June,1,Thursday,12,17,Urban,High Speed (Arterial),Yes,40.27509444,-74.70626111,Complex/Circle,Daylight,Clear,12:00pm-12:59pm,19,12:00pm-12:59pm,25,12:00pm-12:59pm,42,1,Daylight,Clear,1,1,['Driver'],['Shoulder_Lapbelt'],0,0,Valid,5.0,0.0,27.0,18.0,"['Female', 'Male']",0,0,4,4,3,Dry,Straight,Level,Lowest,No
21761,34,New Jersey,340175,1,1,1,0,1,ELIZABETH,June,12,Monday,22,43,Urban,High Speed (Arterial),Yes,40.66561389,-74.20494167,Complex/Circle,Dark - Not Lighted,Cloudy,10:00pm-10:59pm,44,10:00pm-10:59pm,48,11:00pm-11:59pm,31,1,Dark - Unlighted,Reduced Visibility,0,1,[],[],0,0,Valid,3.0,0.0,26.0,26.0,['Male'],0,0,2,4,4,Wet/Standing Water,Straight,Level,Lowest,No
21762,34,New Jersey,340176,0,1,1,0,1,WAYNE,June,27,Tuesday,3,35,Urban,High Speed (Arterial),Yes,40.89434444,-74.265775,Non-Intersection,Dark - Not Lighted,Rain,Unknown,Unknown,Unknown EMS Scene Arrival Hour,Unknown EMS Scene Arrival Minutes,Not Applicable (Not Transported),Not Applicable (Not Transported),1,Dark - Unlighted,Rain/Wind/Minor,1,0,['Driver'],['Shoulder_Lapbelt'],0,0,Valid,0.0,0.0,92.0,92.0,['Male'],0,0,2,4,3,Wet/Standing Water,Straight,Level,Lowest,No
21763,34,New Jersey,340177,0,2,2,0,4,NOT APPLICABLE,June,29,Thursday,12,51,Urban,High Speed (Arterial),Yes,39.80724167,-75.29327222,Non-Intersection,Daylight,Clear,12:00pm-12:59pm,51,12:00pm-12:59pm,55,1:00pm-1:59pm,28,1,Daylight,Clear,1,3,['Rear_Seat'],['None_Used'],0,0,Invalid,0.0,0.0,25.0,16.0,"['Male', 'Male']",3,0,4,4,5,Dry,Straight,Level,Lowest,No
21764,34,New Jersey,340178,0,1,1,0,1,HAMILTON TOWNSHIP,June,25,Sunday,23,52,Urban,High Speed (Arterial),Yes,40.22018611,-74.69795833,Non-Intersection,Dark - Not Lighted,Rain,11:00pm-11:59pm,56,0:00am-0:59am,5,Not Applicable (Not Transported),Not Applicable (Not Transported),1,Dark - Unlighted,Rain/Wind/Minor,1,0,['Driver'],['Shoulder_Lapbelt'],1,1,Valid,0.0,0.0,57.0,57.0,['Male'],0,0,2,4,3,Wet/Standing Water,Curve,Level,Lowest,No
21765,34,New Jersey,340179,0,1,1,0,2,NEWARK,June,26,Monday,17,3,Urban,High Speed (Arterial),Yes,40.72830556,-74.12843611,Non-Intersection,Reported as Unknown,Cloudy,Unknown,Unknown,Unknown EMS Scene Arrival Hour,Unknown EMS Scene Arrival Minutes,Not Applicable (Not Transported),Not Applicable (Not Transported),2,Dark - Unlighted,Reduced Visibility,2,0,"['Driver', 'Front_Passenger']","['None_Used', 'Shoulder_Lapbelt']",1,1,Invalid,0.0,0.0,28.0,28.0,['Male'],0,0,2,4,2,Dry,Straight,Level,Lowest,No
21766,34,New Jersey,340180,0,2,2,0,2,VINELAND,January,9,Monday,14,27,Urban,Medium Speed (Collector),No,39.54490833,-75.04887778,Complex/Circle,Daylight,Clear,2:00pm-2:59pm,28,2:00pm-2:59pm,35,3:00pm-3:59pm,4,1,Daylight,Clear,1,1,['Driver'],['Shoulder_Lapbelt'],0,0,Valid,0.0,0.0,81.0,34.0,"['Female', 'Male']",0,0,3,4,5,Dry,Straight,Level,Lowest,No
21767,34,New Jersey,340181,1,1,1,0,1,HILLSIDE,January,10,Tuesday,10,48,Urban,Low Speed (Local),No,40.69412778,-74.22301389,Non-Intersection,Daylight,Clear,10:00am-10:59am,52,10:00am-10:59am,54,Not Applicable (Not Transported),Not Applicable (Not Transported),1,Daylight,Clear,0,1,[],[],0,0,Valid,0.0,0.0,54.0,54.0,['Male'],0,0,4,1,4,Dry,Straight,Non-Trafficway,Lowest,No
21768,34,New Jersey,340182,0,2,1,1,1,TOMS RIVER,June,6,Tuesday,5,31,Urban,High Speed (Arterial),Yes,40.00776111,-74.19391111,Non-Intersection,Daylight,Clear,5:00am-5:59am,40,5:00am-5:59am,50,Not Applicable (Not Transported),Not Applicable (Not Transported),1,Daylight,Clear,1,0,['Driver'],['Shoulder_Lapbelt'],0,0,Valid,0.0,0.0,46.0,46.0,['Female'],0,0,3,4,5,Dry,Straight,Grade/Hillcrest,Lowest,No
21769,34,New Jersey,340183,0,2,2,0,2,SHAMONG TOWNSHIP,June,11,Sunday,12,29,Rural,Low Speed (Local),No,39.82218056,-74.79609722,Simple Junction,Daylight,Clear,12:00pm-12:59pm,29,12:00pm-12:59pm,45,1:00pm-1:59pm,21,1,Daylight,Clear,1,1,['Driver'],['None_Used'],0,0,Valid,2.0,1.0,65.0,34.0,"['Male', 'Female']",0,0,5,4,5,Dry,Straight,Level,Lowest,Yes
21770,34,New Jersey,340184,0,2,2,0,4,TEANECK,June,11,Sunday,0,8,Urban,High Speed (Arterial),Yes,40.87388889,-73.99548056,Non-Intersection,Dark - Not Lighted,Clear,0:00am-0:59am,20,0:00am-0:59am,37,Unknown,Unknown EMS Hospital Arrival Time,2,Dark - Unlighted,Clear,2,2,"['Driver', 'Front_Passenger']","['Shoulder_Lapbelt', 'Shoulder_Lapbelt']",0,0,Valid,0.0,0.0,69.0,33.0,"['Male', 'Male']",0,0,3,4,5,Dry,Curve,Level,Lowest,No
21771,34,New Jersey,340185,0,2,2,0,2,PEQUANNOCK,May,8,Monday,5,18,Urban,High Speed (Arterial),Yes,40.95717222,-74.28163611,Simple Junction,Dawn,Clear,5:00am-5:59am,17,5:00am-5:59am,23,Not Applicable (Not Transported),Not Applicable (Not Transported),1,Twilight,Clear,1,1,['Driver'],['Shoulder_Lapbelt'],0,0,Valid,2.0,0.0,57.0,45.0,"['Male', 'Male']",0,0,4,4,5,Wet/Standing Water,Straight,Level,Lowest,No
21772,34,New Jersey,340186,0,2,2,0,4,ROBBINSVILLE,June,15,Thursday,8,24,Rural,High Speed (Arterial),Yes,40.21359444,-74.57172222,Non-Intersection,Daylight,Clear,8:00am-8:59am,32,8:00am-8:59am,42,9:00am-9:59am,25,1,Daylight,Clear,1,3,['Rear_Seat'],['None_Used'],0,0,Valid,1.0,0.0,48.0,29.0,"['Male', 'Male']",0,0,3,4,5,Dry,Straight,Level,Lowest,No
21773,34,New Jersey,340187,0,1,1,0,1,FRANKLIN PARK,June,26,Monday,11,22,Urban,High Speed (Arterial),Yes,40.44070278,-74.53270833,Non-Intersection,Daylight,Cloudy,11:00am-11:59am,27,11:00am-11:59am,37,12:00pm-12:59pm,8,1,Daylight,Reduced Visibility,1,0,['Driver'],['None_Used'],0,0,Valid,0.0,0.0,68.0,68.0,['Male'],0,0,2,4,3,Wet/Standing Water,Straight,Level,Medium,No
21774,34,New Jersey,340188,0,2,2,0,3,BRIDGEWATER,June,21,Wednesday,23,58,Urban,High Speed (Arterial),Yes,40.59203889,-74.65155556,Simple Junction,Dark - Lighted,Clear,0:00am-0:59am,1,0:00am-0:59am,16,0:00am-0:59am,45,1,Dark - Lighted,Clear,1,2,['Driver'],['None_Used'],0,0,Invalid,0.0,1.0,54.0,47.0,"['Male', 'Male']",0,0,3,4,5,Dry,Straight,Level,Lowest,No
21775,34,New Jersey,340189,1,4,2,2,4,NEWARK,May,28,Sunday,1,55,Urban,High Speed (Arterial),Yes,40.73067778,-74.20859167,Complex/Circle,Dark - Lighted,Clear,2:00am-2:59am,0,2:00am-2:59am,2,2:00am-2:59am,54,1,Dark - Lighted,Clear,0,3,[],[],0,0,Valid,0.0,0.0,37.0,27.0,"['Female', 'Male']",0,0,3,4,5,Dry,Straight,Level,Lowest,No
21776,34,New Jersey,340190,0,2,2,0,2,NORTH BERGEN,April,8,Saturday,15,42,Urban,High Speed (Arterial),Yes,40.77395556,-74.03467778,Complex/Circle,Daylight,Clear,3:00pm-3:59pm,41,3:00pm-3:59pm,44,Not Applicable (Not Transported),Not Applicable (Not Transported),1,Daylight,Clear,1,1,['Driver'],['None_Used'],0,0,Valid,0.0,0.0,48.0,19.0,"['Male', 'Male']",0,0,5,4,5,Dry,Straight,Level,Lowest,No
21777,34,New Jersey,340191,0,1,1,0,5,WINSLOW,May,23,Tuesday,15,1,Urban,High Speed (Arterial),Yes,39.67750556,-74.90166111,Non-Intersection,Daylight,Clear,3:00pm-3:59pm,6,3:00pm-3:59pm,13,4:00pm-4:59pm,23,1,Daylight,Clear,1,4,['Rear_Seat'],['None_Used'],0,0,Invalid,0.0,0.0,58.0,58.0,['Male'],0,0,3,4,3,Dry,Straight,Level,Medium,No
21778,34,New Jersey,340192,0,1,1,0,3,RAHWAY,February,12,Sunday,3,26,Urban,Low Speed (Local),No,40.59739167,-74.27210556,Non-Intersection,Dark - Lighted,Clear,3:00am-3:59am,28,3:00am-3:59am,35,4:00am-4:59am,20,1,Dark - Lighted,Clear,1,2,['Rear_Seat'],['None_Used'],1,1,Valid,1.0,0.0,23.0,23.0,['Male'],0,0,2,4,3,Dry,Curve,Level,Lowest,No
21779,34,New Jersey,340193,0,2,2,0,2,PARSIPPANY,June,24,Saturday,6,32,Urban,High Speed (Arterial),Yes,40.86698056,-74.41741111,Non-Intersection,Daylight,Rain,6:00am-6:59am,45,6:00am-6:59am,52,7:00am-7:59am,26,1,Daylight,Rain/Wind/Minor,1,1,['Driver'],['Shoulder_Lapbelt'],0,0,Valid,0.0,1.0,86.0,21.0,"['Male', 'Female']",0,0,3,4,5,Wet/Standing Water,Straight,Level,Lowest,No
21780,34,New Jersey,340194,0,1,1,0,7,WEST WINDSOR,June,26,Monday,22,40,Urban,Medium Speed (Collector),No,40.25185833,-74.64230278,Non-Intersection,Dark - Not Lighted,Rain,10:00pm-10:59pm,44,10:00pm-10:59pm,48,11:00pm-11:59pm,15,1,Dark - Unlighted,Rain/Wind/Minor,1,6,['Rear_Seat'],['None_Used'],0,0,Valid,1.0,0.0,37.0,37.0,['Male'],7,0,3,4,3,Wet/Standing Water,Straight,Level,Lowest,No
21781,34,New Jersey,340195,0,3,3,0,3,FRANKLIN PARK,June,19,Monday,17,30,Urban,Medium Speed (Collector),No,40.48621667,-74.49105,Non-Intersection,Daylight,Clear,5:00pm-5:59pm,31,5:00pm-5:59pm,38,6:00pm-6:59pm,19,1,Daylight,Clear,1,2,['Driver'],['None_Used'],0,0,Invalid,2.0,2.0,55.0,23.0,"['Male', 'Male', 'Female']",1,0,3,4,5,Dry,Straight,Level,Lowest,No
21782,34,New Jersey,340196,0,1,1,0,1,CARNEYS POINT,July,22,Saturday,9,43,Rural,High Speed (Arterial),Yes,39.68512222,-75.44758333,Non-Intersection,Daylight,Clear,9:00am-9:59am,41,9:00am-9:59am,50,Not Applicable (Not Transported),Not Applicable (Not Transported),1,Daylight,Clear,1,0,['Driver'],['Shoulder_Lapbelt'],0,0,Invalid,0.0,0.0,77.0,77.0,['Male'],0,0,3,4,3,Dry,Straight,Level,Medium,No
21783,34,New Jersey,340197,0,2,2,0,6,BRIDGEWATER,July,11,Tuesday,19,33,Urban,High Speed (Arterial),Yes,40.60568333,-74.62905556,Non-Intersection,Daylight,Clear,7:00pm-7:59pm,44,8:00pm-8:59pm,2,8:00pm-8:59pm,36,1,Daylight,Clear,1,5,['Front_Passenger'],['None_Used'],0,0,Valid,3.0,1.0,60.0,24.0,"['Male', 'Female']",5,0,2,4,5,Dry,Straight,Level,Lowest,No
21784,34,New Jersey,340198,0,2,2,0,2,PATERSON,July,26,Wednesday,17,9,Urban,High Speed (Arterial),Yes,40.93826944,-74.14757778,Non-Intersection,Daylight,Clear,5:00pm-5:59pm,15,5:00pm-5:59pm,19,5:00pm-5:59pm,39,1,Daylight,Clear,1,1,['Driver'],['None_Used'],0,0,Invalid,0.0,0.0,80.0,18.0,"['Male', 'Female']",1,0,5,3,5,Dry,Straight,Level,Lowest,No
21785,34,New Jersey,340199,0,1,1,0,2,CASSVILLE,July,17,Monday,13,50,Urban,Medium Speed (Collector),No,40.11359167,-74.27085,Non-Intersection,Daylight,Clear,1:00pm-1:59pm,54,1:00pm-1:59pm,58,4:00pm-4:59pm,21,1,Daylight,Clear,1,1,['Driver'],['Shoulder_Lapbelt'],0,0,Valid,0.0,0.0,18.0,18.0,['Female'],2,0,3,4,3,Dry,Curve,Level,Lowest,No
21786,34,New Jersey,340200,0,2,2,0,2,VINELAND,July,26,Wednesday,17,22,Urban,High Speed (Arterial),Yes,39.56048333,-75.05983889,Non-Intersection,Daylight,Clear,5:00pm-5:59pm,25,5:00pm-5:59pm,35,5:00pm-5:59pm,55,1,Daylight,Clear,1,1,['Driver'],['Shoulder_Lapbelt'],0,0,Valid,0.0,1.0,27.0,18.0,"['Male', 'Female']",0,0,3,4,5,Dry,Straight,Level,Lowest,No
21787,34,New Jersey,340201,1,1,1,0,2,TRENTON,July,15,Saturday,12,48,Urban,Medium Speed (Collector),No,40.23385278,-74.77948056,Non-Intersection,Daylight,Clear,12:00pm-12:59pm,50,12:00pm-12:59pm,50,1:00pm-1:59pm,4,1,Daylight,Clear,0,2,[],[],0,0,Valid,0.0,0.0,24.0,24.0,['Female'],2,0,2,3,4,Dry,Straight,Level,Lowest,No
21788,34,New Jersey,340202,1,1,1,0,1,HAMILTON,July,10,Monday,21,12,Urban,High Speed (Arterial),Yes,39.45033611,-74.71968333,Non-Intersection,Dark - Unknown Lighting,Clear,9:00pm-9:59pm,15,9:00pm-9:59pm,16,10:00pm-10:59pm,4,1,Dark - Unlighted,Clear,0,1,[],[],0,0,Valid,0.0,1.0,44.0,44.0,['Male'],0,0,1,3,4,Dry,Straight,Level,Lowest,No
21789,34,New Jersey,340203,0,2,2,0,2,RIDGEFIELD,July,22,Saturday,2,26,Urban,High Speed (Arterial),Yes,40.82820556,-74.02551389,Non-Intersection,Dark - Unknown Lighting,Clear,2:00am-2:59am,54,3:00am-3:59am,4,Not Applicable (Not Transported),Not Applicable (Not Transported),1,Dark - Unlighted,Clear,1,1,['Driver'],['None_Used'],1,1,Valid,1.0,0.0,56.0,33.0,"['Male', 'Male']",0,0,5,4,5,Dry,Curve,Grade/Hillcrest,Lowest,No
21790,34,New Jersey,340204,0,3,3,0,4,MAURICETOWN,July,7,Friday,14,18,Rural,High Speed (Arterial),Yes,39.23921944,-74.90061111,Non-Intersection,Daylight,Clear,2:00pm-2:59pm,22,2:00pm-2:59pm,44,3:00pm-3:59pm,47,1,Daylight,Clear,1,3,['Front_Passenger'],['Shoulder_Lapbelt'],0,0,Valid,0.0,0.0,70.0,22.0,"['Male', 'Female', 'Female']",0,0,3,4,5,Dry,Curve,Level,Lowest,No
21791,34,New Jersey,340205,0,2,2,0,5,HAMILTON,July,30,Sunday,19,54,Urban,High Speed (Arterial),Yes,39.44763889,-74.74179722,Non-Intersection,Daylight,Clear,7:00pm-7:59pm,57,8:00pm-8:59pm,6,8:00pm-8:59pm,35,1,Daylight,Clear,1,4,['Driver'],['Lapbelt_Only'],0,0,Valid,0.0,0.0,66.0,18.0,"['Male', 'Male']",0,0,3,4,5,Dry,Straight,Level,Lowest,No
21792,34,New Jersey,340206,0,2,2,0,6,CAMDEN,July,19,Wednesday,15,22,Urban,High Speed (Arterial),Yes,39.90329167,-75.11174722,Non-Intersection,Daylight,Clear,3:00pm-3:59pm,18,3:00pm-3:59pm,28,3:00pm-3:59pm,43,1,Daylight,Clear,1,5,['Rear_Seat'],['None_Used'],0,0,Valid,0.0,0.0,56.0,28.0,"['Male', 'Female']",0,0,4,4,5,Dry,Straight,Level,Lowest,No