,State_Code,State_Name,Crash_ID,Count_Non_Motorists,Count_Vehicles_Total,Count_Vehicle_Forms,Count_PVH_Involved,Count_Occupants_MV,City_Name,Month_Name,Day_of_Month,Day_of_Week,Crash_Hour,Crash_Minute,Area_Rural_Urban,Road_Functional_Class,On_NHS_Road,Latitude,Longitude,Intersection_Type,Light_Condition,Weather_Condition,Notif_Hour,Notif_Minute,Arrival_Hour,Arrival_Minute,Hospital_Hour,Hospital_Minute,Fatalities_Count,Clean_Light_Condition,Clean_Weather_Condition,Total_Killed,Total_Alive,Fatal_Seats_List,Killed_Restraint_List,Any_Driver_Drinking,Total_Drinking_Drivers,Driver_License_Category,Driver_Max_Prev_Accident_Count,Driver_Max_Prev_Speeding_Count,Max_Driver_Age,Min_Driver_Age,Driver_Sex_List,Total_Exceeding_Limit_Vehicles,Total_Too_Fast_Vehicles,Max_Vehicle_Type_Severity_5,Max_Vehicle_Damage_Rank,Max_Harmful_Event_Severity,Crash_Road_Surface_Condition,Crash_Horizontal_Alignment,Crash_Vertical_Profile,Crash_Impairment_Category,Crash_Vehicle_Defect
21793,34,New Jersey,340207,0,1,1,0,1,WAYNE,July,23,Sunday,0,19,Urban,High Speed (Arterial),Yes,40.89606667,-74.25096667,Non-Intersection,Dark - Lighted,Clear,Unknown,Unknown,Unknown EMS Scene Arrival Hour,Unknown EMS Scene Arrival Minutes,Not Applicable (Not Transported),Not Applicable (Not Transported),1,Dark - Lighted,Clear,1,0,['Driver'],['None_Used'],0,0,Invalid,0.0,0.0,24.0,24.0,['Male'],0,0,5,4,2,Dry,Curve,Level,Lowest,No
21794,34,New Jersey,340208,0,2,2,0,3,NEWARK,July,9,Sunday,3,24,Urban,High Speed (Arterial),Yes,40.689,-74.19211667,Non-Intersection,Dark - Not Lighted,Clear,3:00am-3:59am,31,3:00am-3:59am,41,4:00am-4:59am,6,1,Dark - Unlighted,Clear,1,2,['Driver'],['Shoulder_Lapbelt'],1,1,Valid,0.0,0.0,35.0,33.0,"['Male', 'Male']",0,0,2,4,5,Dry,Straight,Level,Lowest,No
21795,34,New Jersey,340209,0,1,1,0,1,PEMBERTON,July,3,Monday,12,51,Rural,High Speed (Arterial),Yes,39.94979167,-74.48559722,Non-Intersection,Daylight,Clear,12:00pm-12:59pm,54,1:00pm-1:59pm,6,Not Applicable (Not Transported),Not Applicable (Not Transported),1,Daylight,Clear,1,0,['Driver'],['Shoulder_Lapbelt'],0,0,Valid,0.0,0.0,20.0,20.0,['Male'],0,0,2,4,3,Dry,Curve,Level,Lowest,No
21796,34,New Jersey,340210,0,2,2,0,3,WASHINGTON,July,10,Monday,8,41,Urban,Medium Speed (Collector),No,40.76651111,-75.01663611,Non-Intersection,Daylight,Clear,8:00am-8:59am,44,8:00am-8:59am,56,9:00am-9:59am,35,1,Daylight,Clear,1,2,['Driver'],['Shoulder_Lapbelt'],0,0,Valid,1.0,0.0,70.0,44.0,"['Female', 'Female']",0,0,3,4,5,Dry,Curve,Grade/Hillcrest,Lowest,No
21797,34,New Jersey,340211,1,1,1,0,1,ROSELLE PARK,July,5,Wednesday,17,8,Urban,High Speed (Arterial),Yes,40.66356667,-74.24956111,Simple Junction,Daylight,Clear,5:00pm-5:59pm,10,5:00pm-5:59pm,16,5:00pm-5:59pm,38,1,Daylight,Clear,0,1,[],[],0,0,Valid,0.0,0.0,40.0,40.0,['Male'],0,0,3,1,4,Dry,Straight,Level,Lowest,No
21798,34,New Jersey,340212,0,1,1,0,1,MT LAUREL,August,11,Friday,6,49,Urban,High Speed (Arterial),Yes,39.98276944,-74.88707778,Non-Intersection,Daylight,Clear,6:00am-6:59am,51,Unknown EMS Scene Arrival Hour,Unknown EMS Scene Arrival Minutes,Not Applicable (Not Transported),Not Applicable (Not Transported),1,Daylight,Clear,1,0,['Driver'],['None_Used'],0,0,Valid,1.0,0.0,67.0,67.0,['Male'],0,0,3,4,3,Dry,Straight,Level,Lowest,No
21799,34,New Jersey,340213,0,1,1,0,1,MAURICETOWN,August,7,Monday,7,42,Rural,High Speed (Arterial),Yes,39.34811111,-74.99825,Non-Intersection,Daylight,Rain,7:00am-7:59am,45,7:00am-7:59am,54,Not Applicable (Not Transported),Not Applicable (Not Transported),1,Daylight,Rain/Wind/Minor,1,0,['Driver'],['Shoulder_Lapbelt'],0,0,Valid,0.0,0.0,80.0,80.0,['Male'],1,0,3,4,3,Wet/Standing Water,Straight,Level,Lowest,No
21800,34,New Jersey,340214,0,2,2,0,3,SECAUCUS,August,16,Wednesday,12,22,Urban,Medium Speed (Collector),Yes,40.772375,-74.06493889,Simple Junction,Daylight,Cloudy,12:00pm-12:59pm,25,12:00pm-12:59pm,27,12:00pm-12:59pm,53,1,Daylight,Reduced Visibility,1,2,['Driver'],['None_Used'],0,0,Valid,2.0,0.0,28.0,18.0,"['Male', 'Female']",1,0,5,4,5,Dry,Straight,Level,Lowest,No
21801,34,New Jersey,340215,0,2,2,0,3,WOODBRIDGE,August,19,Saturday,17,46,Urban,Medium Speed (Collector),Yes,40.56765833,-74.32829444,Non-Intersection,Daylight,Clear,5:00pm-5:59pm,47,5:00pm-5:59pm,51,6:00pm-6:59pm,29,1,Daylight,Clear,1,2,['Driver'],['Shoulder_Lapbelt'],0,0,Valid,0.0,0.0,73.0,54.0,"['Male', 'Female']",0,0,3,4,5,Dry,Straight,Level,Lowest,Yes
21802,34,New Jersey,340216,1,1,1,0,1,OLD BRIDGE,February,12,Sunday,21,31,Urban,High Speed (Arterial),Yes,40.41054722,-74.30570833,Non-Intersection,Dark - Unknown Lighting,Rain,Unknown,Unknown,Unknown EMS Scene Arrival Hour,Unknown EMS Scene Arrival Minutes,Not Applicable (Not Transported),Not Applicable (Not Transported),1,Dark - Unlighted,Rain/Wind/Minor,0,1,[],[],0,0,Valid,0.0,0.0,50.0,50.0,['Male'],0,0,3,3,4,Wet/Standing Water,Straight,Level,Lowest,No
21803,34,New Jersey,340217,1,1,1,0,1,FREEHOLD,January,9,Monday,7,7,Urban,High Speed (Arterial),Yes,40.27424167,-74.29425833,Complex/Circle,Dawn,Cloudy,7:00am-7:59am,10,7:00am-7:59am,15,7:00am-7:59am,48,1,Twilight,Reduced Visibility,0,1,[],[],0,0,Valid,0.0,0.0,63.0,63.0,['Female'],0,0,3,3,4,Wet/Standing Water,Straight,Level,Lowest,No
21804,34,New Jersey,340218,0,1,1,0,4,BARNEGAT,February,2,Thursday,19,57,Rural,Medium Speed (Collector),No,39.82064167,-74.37769444,Non-Intersection,Dark - Not Lighted,Clear,8:00pm-8:59pm,9,8:00pm-8:59pm,50,9:00pm-9:59pm,18,1,Dark - Unlighted,Clear,1,3,['Driver'],['None_Used'],0,0,Valid,0.0,0.0,38.0,38.0,['Male'],0,0,3,4,3,Dry,Straight,Level,Medium,No
21805,34,New Jersey,340219,0,2,2,0,3,NOT APPLICABLE,June,30,Friday,22,11,Rural,Medium Speed (Collector),No,39.58635556,-74.700775,Non-Intersection,Dark - Not Lighted,Clear,10:00pm-10:59pm,14,10:00pm-10:59pm,18,Unknown,Unknown EMS Hospital Arrival Time,1,Dark - Unlighted,Clear,1,2,['Driver'],['None_Used'],1,1,Invalid,0.0,0.0,57.0,35.0,"['Male', 'Male']",1,0,5,4,5,Dry,Curve,Level,Lowest,No
21806,34,New Jersey,340220,1,1,1,0,1,NEPTUNE CITY,January,24,Tuesday,21,54,Urban,High Speed (Arterial),Yes,40.22716667,-74.04357222,Complex/Circle,Dark - Lighted,Clear,9:00pm-9:59pm,58,10:00pm-10:59pm,8,10:00pm-10:59pm,20,1,Dark - Lighted,Clear,0,1,[],[],0,0,Valid,0.0,1.0,33.0,33.0,['Female'],0,0,2,4,4,Dry,Straight,Level,Lowest,No
21807,34,New Jersey,340221,1,1,1,0,1,ATLANTIC CITY,July,20,Thursday,9,47,Urban,Low Speed (Local),No,39.35484167,-74.45099444,Complex/Circle,Daylight,Clear,9:00am-9:59am,49,9:00am-9:59am,51,10:00am-10:59am,19,1,Daylight,Clear,0,1,[],[],0,0,Valid,1.0,0.0,23.0,23.0,['Female'],0,0,2,3,4,Dry,Straight,Level,Lowest,No
21808,34,New Jersey,340222,1,1,1,0,1,FREEHOLD,January,30,Monday,18,49,Urban,High Speed (Arterial),Yes,40.26259167,-74.29281667,Non-Intersection,Dark - Lighted,Clear,6:00pm-6:59pm,53,7:00pm-7:59pm,6,Not Applicable (Not Transported),Not Applicable (Not Transported),1,Dark - Lighted,Clear,0,1,[],[],0,0,Valid,2.0,0.0,55.0,55.0,['Male'],0,0,2,3,4,Dry,Straight,Grade/Hillcrest,Lowest,No
21809,34,New Jersey,340223,0,1,1,0,1,OLD BRIDGE,February,17,Friday,17,56,Urban,Medium Speed (Collector),No,40.38293333,-74.36220556,Non-Intersection,Dark - Not Lighted,Cloudy,6:00pm-6:59pm,3,6:00pm-6:59pm,10,Not Applicable (Not Transported),Not Applicable (Not Transported),1,Dark - Unlighted,Reduced Visibility,1,0,['Driver'],['None_Used'],1,1,Valid,3.0,0.0,57.0,57.0,['Male'],0,0,3,4,3,Wet/Standing Water,Straight,Level,Lowest,No
21810,34,New Jersey,340224,0,2,2,0,4,SOUTH BRUNSWICK,February,25,Saturday,22,0,Urban,High Speed (Arterial),Yes,40.35100278,-74.49660278,Complex/Circle,Dark - Unknown Lighting,Cloudy,9:00pm-9:59pm,4,9:00pm-9:59pm,14,Not Applicable (Not Transported),Not Applicable (Not Transported),1,Dark - Unlighted,Reduced Visibility,1,1,['Driver'],['Shoulder_Lapbelt'],0,0,Invalid,0.0,0.0,43.0,23.0,"['Male', 'Female']",0,0,2,4,5,Dry,Straight,Level,Lowest,No
21811,34,New Jersey,340225,0,2,2,0,2,PISCATAWAY,February,16,Thursday,0,58,Urban,High Speed (Arterial),Yes,40.50895278,-74.45904167,Non-Intersection,Dark - Lighted,Clear,1:00am-1:59am,3,1:00am-1:59am,6,1:00am-1:59am,46,1,Dark - Lighted,Clear,1,1,['Driver'],['None_Used'],0,0,Invalid,1.0,1.0,42.0,21.0,"['Male', 'Male']",1,0,2,4,5,Dry,Curve,Level,Lowest,No
21812,34,New Jersey,340226,0,1,1,0,2,NOT APPLICABLE,July,15,Saturday,18,27,Urban,High Speed (Arterial),Yes,39.71582778,-74.27695556,Non-Intersection,Dusk,Clear,6:00pm-6:59pm,36,6:00pm-6:59pm,42,Unknown,Unknown EMS Hospital Arrival Time,1,Twilight,Clear,1,1,['Front_Passenger'],['Shoulder_Lapbelt'],0,0,Valid,0.0,0.0,19.0,19.0,['Male'],0,0,2,4,2,Dry,Straight,Level,Lowest,No
21813,34,New Jersey,340227,0,2,2,0,3,BRICK TOWN,May,9,Tuesday,23,6,Urban,High Speed (Arterial),Yes,40.09463889,-74.131775,Non-Intersection,Dark - Lighted,Clear,11:00pm-11:59pm,8,11:00pm-11:59pm,18,11:00pm-11:59pm,56,2,Dark - Lighted,Clear,2,1,"['Driver', 'Front_Passenger']","['None_Used', 'Shoulder_Lapbelt']",1,1,Valid,0.0,0.0,69.0,44.0,"['Male', 'Female']",1,0,3,4,5,Dry,Straight,Level,Lowest,No
21814,34,New Jersey,340228,0,3,3,0,3,NOT APPLICABLE,July,27,Thursday,22,32,Urban,Medium Speed (Collector),No,39.74269722,-75.06991111,Complex/Circle,Dark - Lighted,Clear,10:00pm-10:59pm,35,10:00pm-10:59pm,40,11:00pm-11:59pm,9,1,Dark - Lighted,Clear,1,2,['Driver'],['Shoulder_Lapbelt'],1,1,Valid,2.0,0.0,68.0,36.0,"['Female', 'Male', 'Male']",1,0,3,4,5,Dry,Straight,Level,Lowest,No
21815,34,New Jersey,340229,0,2,2,0,2,NOT APPLICABLE,January,30,Monday,17,59,Urban,High Speed (Arterial),Yes,39.84746389,-74.18566111,Non-Intersection,Dark - Lighted,Clear,Unknown,Unknown,Unknown EMS Scene Arrival Hour,Unknown EMS Scene Arrival Minutes,Unknown,Unknown EMS Hospital Arrival Time,1,Dark - Lighted,Clear,1,1,['Driver'],['None_Used'],0,0,Valid,1.0,0.0,55.0,49.0,"['Female', 'Male']",0,0,5,4,5,Dry,Straight,Level,Lowest,No
21816,34,New Jersey,340230,0,1,1,0,2,MARLBORO,March,17,Friday,12,16,Urban,Medium Speed (Collector),No,40.30319167,-74.25356389,Complex/Circle,Daylight,Clear,Unknown,Unknown,Unknown EMS Scene Arrival Hour,Unknown EMS Scene Arrival Minutes,Unknown,Unknown EMS Hospital Arrival Time,1,Daylight,Clear,1,1,['Non_Standard_Risk'],['None_Used'],0,0,Valid,0.0,0.0,51.0,51.0,['Female'],0,0,3,1,1,Dry,Straight,Level,Lowest,No
21817,34,New Jersey,340231,1,1,1,0,2,HARRISON,August,27,Sunday,9,27,Urban,High Speed (Arterial),Yes,40.74575833,-74.16066667,Non-Intersection,Daylight,Clear,9:00am-9:59am,26,9:00am-9:59am,29,Not Applicable (Not Transported),Not Applicable (Not Transported),1,Daylight,Clear,0,2,[],[],0,0,Valid,0.0,0.0,68.0,68.0,['Male'],0,0,3,3,4,Dry,Straight,Grade/Hillcrest,Lowest,No
21818,34,New Jersey,340232,0,1,1,0,2,NOT APPLICABLE,August,10,Thursday,23,33,Urban,Medium Speed (Collector),No,39.38385278,-75.22182778,Non-Intersection,Dark - Unknown Lighting,"Fog, Smog, Smoke",11:00pm-11:59pm,35,11:00pm-11:59pm,41,0:00am-0:59am,47,1,Dark - Unlighted,Reduced Visibility,1,1,['Driver'],['None_Used'],1,1,Valid,0.0,0.0,60.0,60.0,['Male'],0,0,4,4,2,Dry,Curve,Grade/Hillcrest,Lowest,No
21819,34,New Jersey,340233,1,1,1,0,1,HAMILTON,August,15,Tuesday,1,18,Rural,Medium Speed (Collector),No,39.50894722,-74.674325,Non-Intersection,Dark - Not Lighted,Clear,1:00am-1:59am,22,1:00am-1:59am,28,2:00am-2:59am,20,1,Dark - Unlighted,Clear,0,1,[],[],0,0,Valid,1.0,0.0,65.0,65.0,['Male'],0,0,3,3,4,Dry,Straight,Level,Lowest,No
21820,34,New Jersey,340234,0,1,1,0,2,HAMILTON,August,9,Wednesday,22,26,Rural,High Speed (Arterial),Yes,39.57252222,-74.76694444,Non-Intersection,Dark - Not Lighted,Clear,10:00pm-10:59pm,32,10:00pm-10:59pm,48,Not Applicable (Not Transported),Not Applicable (Not Transported),2,Dark - Unlighted,Clear,2,0,"['Driver', 'Front_Passenger']","['None_Used', 'None_Used']",0,0,Valid,0.0,2.0,19.0,19.0,['Male'],2,0,2,4,3,Dry,Straight,Level,Lowest,No
21821,34,New Jersey,340235,0,5,2,3,3,JERSEY CITY,August,13,Sunday,20,38,Urban,High Speed (Arterial),Yes,40.72881111,-74.06985278,Complex/Circle,Dark - Lighted,Clear,8:00pm-8:59pm,41,8:00pm-8:59pm,46,Not Applicable (Not Transported),Not Applicable (Not Transported),1,Dark - Lighted,Clear,1,2,['Driver'],['None_Used'],0,0,Valid,1.0,0.0,42.0,35.0,"['Male', 'Male']",1,0,5,4,5,Dry,Straight,Level,Lowest,No
21822,34,New Jersey,340236,1,1,1,0,1,WOODBRIDGE,August,31,Thursday,17,39,Urban,Medium Speed (Collector),No,40.54853333,-74.29793889,Non-Intersection,Daylight,Clear,5:00pm-5:59pm,42,5:00pm-5:59pm,49,6:00pm-6:59pm,14,1,Daylight,Clear,0,1,[],[],0,0,Invalid,3.0,2.0,22.0,22.0,['Male'],0,0,2,3,4,Dry,Straight,Level,Lowest,No
21823,34,New Jersey,340237,0,2,2,0,2,MEDFORD,August,22,Tuesday,9,30,Urban,High Speed (Arterial),Yes,39.90466944,-74.82446944,Complex/Circle,Daylight,Clear,9:00am-9:59am,39,9:00am-9:59am,39,10:00am-10:59am,21,1,Daylight,Clear,1,1,['Driver'],['Shoulder_Lapbelt'],0,0,Valid,0.0,0.0,86.0,85.0,"['Female', 'Female']",0,0,2,4,5,Dry,Straight,Level,Lowest,No
21824,34,New Jersey,340238,1,1,1,0,1,LUMBERTON,August,22,Tuesday,18,38,Urban,High Speed (Arterial),Yes,39.98218333,-74.804825,Complex/Circle,Daylight,Clear,6:00pm-6:59pm,38,6:00pm-6:59pm,41,7:00pm-7:59pm,9,1,Daylight,Clear,0,1,[],[],0,0,Valid,1.0,0.0,40.0,40.0,['Male'],0,0,3,4,4,Dry,Straight,Level,Lowest,No
21825,34,New Jersey,340239,1,2,1,1,1,CLINTON,August,19,Saturday,4,37,Urban,High Speed (Arterial),Yes,40.63810556,-74.89786389,Non-Intersection,Dark - Lighted,Clear,4:00am-4:59am,36,4:00am-4:59am,43,Not Applicable (Not Transported),Not Applicable (Not Transported),1,Dark - Lighted,Clear,1,0,['Driver'],['None_Used'],0,0,Valid,0.0,2.0,24.0,24.0,['Male'],0,0,2,4,5,Dry,Straight,Level,Lowest,No
21826,34,New Jersey,340240,0,1,1,0,1,CASSVILLE,August,2,Wednesday,10,38,Urban,Medium Speed (Collector),No,40.10321667,-74.34334722,Non-Intersection,Daylight,Clear,10:00am-10:59am,40,10:00am-10:59am,44,11:00am-11:59am,23,1,Daylight,Clear,1,0,['Driver'],['Shoulder_Lapbelt'],0,0,Valid,1.0,0.0,70.0,70.0,['Male'],0,0,3,4,3,Dry,Curve,Level,Lowest,No
21827,34,New Jersey,340241,0,2,2,0,2,NEWARK,August,4,Friday,22,53,Urban,Medium Speed (Collector),No,40.73128333,-74.18170556,Simple Junction,Dark - Lighted,Clear,10:00pm-10:59pm,57,10:00pm-10:59pm,58,11:00pm-11:59pm,10,1,Dark - Lighted,Clear,1,1,['Driver'],['None_Used'],0,0,Invalid,0.0,0.0,33.0,28.0,"['Female', 'Male']",1,0,5,4,5,Dry,Straight,Level,Lowest,Yes
21828,34,New Jersey,340242,1,1,1,0,1,ATLANTIC CITY,August,13,Sunday,9,26,Urban,Medium Speed (Collector),No,39.35625833,-74.43776944,Simple Junction,Daylight,Clear,9:00am-9:59am,29,9:00am-9:59am,29,9:00am-9:59am,35,1,Daylight,Clear,0,1,[],[],0,0,Valid,0.0,0.0,59.0,59.0,['Male'],0,0,3,2,4,Dry,Straight,Level,Lowest,No
21829,34,New Jersey,340244,1,1,1,0,1,MORRISTOWN,August,12,Saturday,20,59,Urban,High Speed (Arterial),Yes,40.79797778,-74.47443611,Simple Junction,Dark - Lighted,Clear,Unknown,Unknown,Unknown EMS Scene Arrival Hour,Unknown EMS Scene Arrival Minutes,Unknown,Unknown EMS Hospital Arrival Time,1,Dark - Lighted,Clear,0,1,[],[],0,0,Valid,1.0,0.0,51.0,51.0,['Male'],0,0,2,3,4,Dry,Curve,Grade/Hillcrest,Medium,No
21830,34,New Jersey,340245,0,1,1,0,1,SECAUCUS,August,20,Sunday,19,32,Urban,High Speed (Arterial),Yes,40.77996944,-74.05750278,Non-Intersection,Daylight,Clear,7:00pm-7:59pm,27,7:00pm-7:59pm,32,Not Applicable (Not Transported),Not Applicable (Not Transported),1,Daylight,Clear,1,0,['Driver'],['None_Used'],1,1,Valid,0.0,0.0,31.0,31.0,['Male'],0,0,5,4,3,Dry,Curve,Grade/Hillcrest,Lowest,No
21831,34,New Jersey,340246,0,1,1,0,1,WINSLOW,June,5,Monday,20,51,Urban,Medium Speed (Collector),No,39.740575,-74.944325,Non-Intersection,Dark - Not Lighted,Clear,8:00pm-8:59pm,55,8:00pm-8:59pm,59,9:00pm-9:59pm,31,1,Dark - Unlighted,Clear,1,0,['Driver'],['None_Used'],0,0,Valid,0.0,0.0,57.0,57.0,['Male'],1,0,3,4,3,Dry,Straight,Level,Lowest,No
21832,34,New Jersey,340247,0,2,2,0,3,VINELAND,February,10,Friday,7,5,Urban,Medium Speed (Collector),No,39.43635278,-75.040975,Simple Junction,Dawn,Clear,6:00am-6:59am,52,6:00am-6:59am,57,7:00am-7:59am,21,2,Twilight,Clear,2,1,"['Driver', 'Front_Passenger']","['Shoulder_Lapbelt', 'Shoulder_Lapbelt']",0,0,Valid,0.0,2.0,77.0,28.0,"['Female', 'Male']",1,0,3,4,5,Wet/Standing Water,Straight,Level,Lowest,Yes
21833,34,New Jersey,340248,1,1,1,0,2,MILLVILLE,March,31,Friday,21,7,Urban,Medium Speed (Collector),No,39.36973333,-75.09522778,Non-Intersection,Dark - Unknown Lighting,Clear,9:00pm-9:59pm,3,9:00pm-9:59pm,10,9:00pm-9:59pm,43,1,Dark - Unlighted,Clear,0,2,[],[],1,1,Valid,1.0,0.0,39.0,39.0,['Female'],0,0,3,3,4,Dry,Straight,Level,Lowest,No
21834,34,New Jersey,340249,1,1,1,0,1,MILLVILLE,April,12,Wednesday,12,18,Urban,High Speed (Arterial),Yes,39.39523333,-75.04103056,Simple Junction,Daylight,Clear,12:00pm-12:59pm,17,12:00pm-12:59pm,20,12:00pm-12:59pm,41,1,Daylight,Clear,0,1,[],[],0,0,Valid,0.0,0.0,20.0,20.0,['Male'],0,0,3,3,4,Dry,Straight,Level,Lowest,No
21835,34,New Jersey,340250,1,1,1,0,1,BRIDGETON,May,10,Wednesday,19,7,Urban,High Speed (Arterial),Yes,39.42548333,-75.23055278,Non-Intersection,Daylight,Clear,7:00pm-7:59pm,5,7:00pm-7:59pm,10,7:00pm-7:59pm,17,1,Daylight,Clear,0,1,[],[],0,0,Valid,0.0,0.0,27.0,27.0,['Female'],1,0,3,0,4,Dry,Straight,Level,Lowest,No
21836,34,New Jersey,340251,0,1,1,0,1,NOT APPLICABLE,July,20,Thursday,17,22,Urban,Medium Speed (Collector),No,39.79466111,-75.03812222,Non-Intersection,Daylight,Clear,5:00pm-5:59pm,22,5:00pm-5:59pm,28,6:00pm-6:59pm,13,1,Daylight,Clear,1,0,['Driver'],['Shoulder_Lapbelt'],0,0,Valid,0.0,0.0,73.0,73.0,['Male'],0,0,3,4,3,Dry,Straight,Level,Medium,No
21837,34,New Jersey,340252,0,2,2,0,3,VINELAND,June,23,Friday,20,33,Urban,Medium Speed (Collector),No,39.46665556,-74.92185278,Complex/Circle,Dusk,Clear,8:00pm-8:59pm,34,8:00pm-8:59pm,42,Not Applicable (Not Transported),Not Applicable (Not Transported),2,Twilight,Clear,2,1,"['Driver', 'Rear_Seat']","['None_Used', 'None_Used']",0,0,Valid,1.0,0.0,66.0,22.0,"['Male', 'Male']",2,0,5,4,5,Dry,Straight,Level,Lowest,No
21838,34,New Jersey,340253,0,2,2,0,2,NOT APPLICABLE,June,2,Friday,13,33,Urban,High Speed (Arterial),Yes,39.82294444,-75.06778056,Complex/Circle,Daylight,Clear,1:00pm-1:59pm,38,1:00pm-1:59pm,46,Not Applicable (Not Transported),Not Applicable (Not Transported),1,Daylight,Clear,1,1,['Driver'],['None_Used'],0,0,Valid,0.0,0.0,80.0,48.0,"['Female', 'Male']",0,0,5,4,5,Dry,Straight,Level,Lowest,No
21839,34,New Jersey,340254,0,3,3,0,4,BRANCHBURG,July,19,Wednesday,15,34,Urban,High Speed (Arterial),Yes,40.55291111,-74.72528611,Complex/Circle,Daylight,Clear,3:00pm-3:59pm,35,3:00pm-3:59pm,41,4:00pm-4:59pm,28,1,Daylight,Clear,1,3,['Driver'],['None_Used'],0,0,Valid,1.0,2.0,66.0,24.0,"['Female', 'Male', 'Male']",1,0,5,4,5,Dry,Straight,Level,Lowest,No
21840,34,New Jersey,340255,0,1,1,0,1,NOT APPLICABLE,August,25,Friday,12,46,Urban,Medium Speed (Collector),No,40.45558611,-74.64881389,Non-Intersection,Daylight,Cloudy,12:00pm-12:59pm,51,12:00pm-12:59pm,59,1:00pm-1:59pm,45,1,Daylight,Reduced Visibility,1,0,['Driver'],['Shoulder_Lapbelt'],1,1,Valid,0.0,0.0,38.0,38.0,['Male'],1,0,2,4,3,Dry,Straight,Grade/Hillcrest,Lowest,No
21841,34,New Jersey,340256,0,1,1,0,4,FRANKLIN PARK,August,27,Sunday,6,22,Urban,High Speed (Arterial),Yes,40.48225278,-74.48168889,Non-Intersection,Dawn,Clear,6:00am-6:59am,27,6:00am-6:59am,31,6:00am-6:59am,42,2,Twilight,Clear,2,2,"['Rear_Seat', 'Rear_Seat']","['Shoulder_Lapbelt', 'None_Used']",1,1,Valid,0.0,0.0,29.0,29.0,['Male'],4,0,3,4,3,Dry,Straight,Level,Lowest,No
21842,34,New Jersey,340257,1,2,1,1,1,ABSECON,July,23,Sunday,3,25,Rural,High Speed (Arterial),Yes,39.39206389,-74.4891,Non-Intersection,Dark - Lighted,Clear,3:00am-3:59am,27,3:00am-3:59am,31,4:00am-4:59am,6,1,Dark - Lighted,Clear,0,1,[],[],1,1,Valid,0.0,0.0,25.0,25.0,['Male'],1,0,2,4,5,Dry,Curve,Level,Lowest,No
21843,34,New Jersey,340258,0,3,3,0,3,MANVILLE,August,25,Friday,13,27,Urban,Medium Speed (Collector),No,40.54902778,-74.58623611,Complex/Circle,Daylight,Clear,1:00pm-1:59pm,30,1:00pm-1:59pm,34,1:00pm-1:59pm,59,2,Daylight,Clear,2,1,"['Driver', 'Driver']","['Shoulder_Lapbelt', 'Shoulder_Lapbelt']",0,0,Valid,0.0,0.0,75.0,52.0,"['Female', 'Male', 'Male']",0,0,3,4,5,Dry,Straight,Level,Lowest,No
21844,34,New Jersey,340259,0,3,3,0,4,PILESGROVE,August,31,Thursday,15,21,Rural,High Speed (Arterial),Yes,39.66633611,-75.38325833,Non-Intersection,Daylight,Clear,3:00pm-3:59pm,23,3:00pm-3:59pm,30,3:00pm-3:59pm,51,1,Daylight,Clear,1,3,['Front_Passenger'],['Shoulder_Lapbelt'],0,0,Valid,0.0,0.0,72.0,28.0,"['Male', 'Male', 'Male']",0,0,4,4,5,Dry,Straight,Grade/Hillcrest,Lowest,No
21845,34,New Jersey,340260,1,1,1,0,1,FRANKLINVILLE,August,4,Friday,21,32,Urban,High Speed (Arterial),Yes,39.670475,-74.97530833,Non-Intersection,Dark - Lighted,Clear,Unknown,Unknown,Unknown EMS Scene Arrival Hour,Unknown EMS Scene Arrival Minutes,Not Applicable (Not Transported),Not Applicable (Not Transported),1,Dark - Lighted,Clear,0,1,[],[],0,0,Invalid,0.0,0.0,61.0,61.0,['Male'],0,0,3,3,4,Dry,Straight,Level,Lowest,No
21846,34,New Jersey,340261,0,2,2,0,5,NOT APPLICABLE,August,25,Friday,17,32,Urban,Medium Speed (Collector),No,39.20020833,-74.71077778,Non-Intersection,Daylight,Clear,5:00pm-5:59pm,32,5:00pm-5:59pm,35,Not Applicable (Not Transported),Not Applicable (Not Transported),1,Daylight,Clear,1,4,['Driver'],['None_Used'],0,0,Valid,0.0,0.0,71.0,52.0,"['Male', 'Male']",0,0,3,4,5,Dry,Straight,Grade/Hillcrest,Lowest,No
21847,34,New Jersey,340262,1,1,1,0,1,WEST WINDSOR,August,21,Monday,20,8,Urban,Medium Speed (Collector),No,40.26784167,-74.57305833,Non-Intersection,Dark - Lighted,Clear,8:00pm-8:59pm,9,8:00pm-8:59pm,17,8:00pm-8:59pm,55,1,Dark - Lighted,Clear,0,1,[],[],0,0,Valid,1.0,0.0,62.0,62.0,['Male'],0,0,3,3,4,Dry,Straight,Level,Lowest,No
21848,34,New Jersey,340263,0,3,3,0,3,CHESTER,August,18,Friday,22,12,Rural,High Speed (Arterial),Yes,40.7576,-74.69327778,Non-Intersection,Dark - Not Lighted,Clear,10:00pm-10:59pm,26,10:00pm-10:59pm,44,11:00pm-11:59pm,32,1,Dark - Unlighted,Clear,1,2,['Driver'],['None_Used'],1,1,Valid,1.0,0.0,49.0,31.0,"['Male', 'Male', 'Male']",0,0,4,4,5,Dry,Curve,Grade/Hillcrest,Lowest,No
21849,34,New Jersey,340264,1,3,3,0,3,ATLANTIC CITY,August,16,Wednesday,23,24,Urban,High Speed (Arterial),Yes,39.37116389,-74.47780833,Non-Intersection,Dark - Not Lighted,Clear,11:00pm-11:59pm,28,11:00pm-11:59pm,31,Not Applicable (Not Transported),Not Applicable (Not Transported),1,Dark - Unlighted,Clear,0,3,[],[],0,0,Valid,0.0,1.0,57.0,27.0,"['Female', 'Male', 'Female']",0,0,3,4,4,Dry,Straight,Level,Lowest,No
21850,34,New Jersey,340265,0,2,2,0,7,PORT REPUBLIC,August,6,Sunday,21,52,Urban,High Speed (Arterial),Yes,39.51485556,-74.51917222,Non-Intersection,Dark - Not Lighted,Cloudy,9:00pm-9:59pm,56,10:00pm-10:59pm,4,10:00pm-10:59pm,45,3,Dark - Unlighted,Reduced Visibility,3,4,"['Driver', 'Front_Passenger', 'Rear_Seat']","['None_Used', 'None_Used', 'None_Used']",1,1,Valid,2.0,2.0,25.0,23.0,"['Female', 'Female']",4,0,3,4,5,Dry,Straight,Level,Lowest,No