,State_Code,State_Name,Crash_ID,Count_Non_Motorists,Count_Vehicles_Total,Count_Vehicle_Forms,Count_PVH_Involved,Count_Occupants_MV,City_Name,Month_Name,Day_of_Month,Day_of_Week,Crash_Hour,Crash_Minute,Area_Rural_Urban,Road_Functional_Class,On_NHS_Road,Latitude,Longitude,Intersection_Type,Light_Condition,Weather_Condition,Notif_Hour,Notif_Minute,Arrival_Hour,Arrival_Minute,Hospital_Hour,Hospital_Minute,Fatalities_Count,Clean_Light_Condition,Clean_Weather_Condition,Total_Killed,Total_Alive,Fatal_Seats_List,Killed_Restraint_List,Any_Driver_Drinking,Total_Drinking_Drivers,Driver_License_Category,Driver_Max_Prev_Accident_Count,Driver_Max_Prev_Speeding_Count,Max_Driver_Age,Min_Driver_Age,Driver_Sex_List,Total_Exceeding_Limit_Vehicles,Total_Too_Fast_Vehicles,Max_Vehicle_Type_Severity_5,Max_Vehicle_Damage_Rank,Max_Harmful_Event_Severity,Crash_Road_Surface_Condition,Crash_Horizontal_Alignment,Crash_Vertical_Profile,Crash_Impairment_Category,Crash_Vehicle_Defect
21851,34,New Jersey,340266,0,1,1,0,1,CHESTERFIELD,August,16,Wednesday,10,51,Urban,High Speed (Arterial),Yes,40.14222222,-74.67817222,Non-Intersection,Daylight,Clear,10:00am-10:59am,52,11:00am-11:59am,27,Not Applicable (Not Transported),Not Applicable (Not Transported),1,Daylight,Clear,1,0,['Driver'],['Shoulder_Lapbelt'],0,0,Valid,0.0,0.0,45.0,45.0,['Male'],0,0,4,4,3,Dry,Straight,Level,Lowest,Yes
21852,34,New Jersey,340267,0,3,3,0,4,NOT APPLICABLE,August,26,Saturday,8,15,Urban,High Speed (Arterial),Yes,39.57691944,-74.71691389,Complex/Circle,Daylight,Clear,8:00am-8:59am,16,8:00am-8:59am,18,9:00am-9:59am,14,1,Daylight,Clear,1,3,['Driver'],['Shoulder_Lapbelt'],0,0,Valid,1.0,0.0,73.0,20.0,"['Male', 'Male', 'Female']",1,0,3,4,5,Dry,Straight,Level,Lowest,No
21853,34,New Jersey,340268,0,2,2,0,3,EGG HARBOR CITY,September,1,Friday,15,36,Urban,High Speed (Arterial),Yes,39.52839444,-74.64704167,Complex/Circle,Daylight,Clear,3:00pm-3:59pm,36,3:00pm-3:59pm,41,4:00pm-4:59pm,12,1,Daylight,Clear,1,2,['Driver'],['None_Used'],0,0,Valid,0.0,0.0,71.0,35.0,"['Male', 'Male']",1,0,5,4,5,Dry,Straight,Level,Lowest,No
21854,34,New Jersey,340269,0,1,1,0,3,NEWARK,September,26,Tuesday,1,3,Urban,Medium Speed (Collector),No,40.77433611,-74.17193611,Non-Intersection,Dark - Lighted,Rain,1:00am-1:59am,7,1:00am-1:59am,7,1:00am-1:59am,39,1,Dark - Lighted,Rain/Wind/Minor,1,2,['Driver'],['Shoulder_Lapbelt'],1,1,Invalid,0.0,0.0,24.0,24.0,['Male'],0,0,2,4,3,Wet/Standing Water,Straight,Level,Lowest,No
21855,34,New Jersey,340270,0,1,1,0,1,NEWARK,September,8,Friday,22,22,Urban,Medium Speed (Collector),No,40.7562,-74.18574444,Simple Junction,Dark - Lighted,Clear,10:00pm-10:59pm,27,10:00pm-10:59pm,35,10:00pm-10:59pm,48,1,Dark - Lighted,Clear,1,0,['Driver'],['None_Used'],1,1,Invalid,0.0,0.0,36.0,36.0,['Male'],0,0,5,4,2,Dry,Straight,Level,Lowest,No
21856,34,New Jersey,340271,1,1,1,0,1,TETERBORO,September,13,Wednesday,4,46,Urban,Medium Speed (Collector),No,40.86138889,-74.05915833,Non-Intersection,Dark - Unknown Lighting,Rain,4:00am-4:59am,48,4:00am-4:59am,56,5:00am-5:59am,18,1,Dark - Unlighted,Rain/Wind/Minor,0,1,[],[],0,0,Valid,0.0,0.0,70.0,70.0,['Male'],0,0,3,3,4,Wet/Standing Water,Straight,Level,Lowest,No
21857,34,New Jersey,340272,1,1,1,0,1,SOUTH RIVER,March,30,Thursday,6,19,Urban,Medium Speed (Collector),No,40.44216389,-74.36846111,Simple Junction,Dark - Lighted,Clear,6:00am-6:59am,21,6:00am-6:59am,31,7:00am-7:59am,4,1,Dark - Lighted,Clear,0,1,[],[],0,0,Valid,1.0,0.0,69.0,69.0,['Male'],0,0,3,1,4,Dry,Straight,Level,Lowest,No
21858,34,New Jersey,340273,0,1,1,0,2,COLTS NECK,May,11,Thursday,12,31,Urban,Low Speed (Local),No,40.31811944,-74.16222778,Non-Intersection,Daylight,Clear,12:00pm-12:59pm,33,12:00pm-12:59pm,49,1:00pm-1:59pm,25,1,Daylight,Clear,1,1,['Front_Passenger'],['None_Used'],0,0,Valid,1.0,0.0,17.0,17.0,['Male'],0,0,3,4,3,Dry,Curve,Level,Lowest,No
21859,34,New Jersey,340274,1,1,1,0,1,NEWARK,September,17,Sunday,20,24,Urban,High Speed (Arterial),Yes,40.758075,-74.16643889,Complex/Circle,Dusk,Cloudy,Unknown,Unknown,Unknown EMS Scene Arrival Hour,Unknown EMS Scene Arrival Minutes,Unknown,Unknown EMS Hospital Arrival Time,1,Twilight,Reduced Visibility,0,0,[],[],0,0,Invalid,0.0,0.0,999.0,999.0,['Other'],1,0,2,0,4,Wet/Standing Water,Straight,Level,Lowest,No
21860,34,New Jersey,340275,1,1,1,0,1,BURLINGTON TOWNSHIP,September,19,Tuesday,7,31,Urban,Medium Speed (Collector),No,40.08437222,-74.83925278,Non-Intersection,Daylight,Clear,7:00am-7:59am,34,7:00am-7:59am,38,8:00am-8:59am,5,1,Daylight,Clear,0,1,[],[],0,0,Valid,0.0,0.0,28.0,28.0,['Male'],0,0,3,3,4,Dry,Straight,Level,Lowest,No
21861,34,New Jersey,340276,1,1,1,0,1,HOWELL,September,10,Sunday,19,51,Urban,High Speed (Arterial),Yes,40.20924167,-74.25806944,Complex/Circle,Dark - Unknown Lighting,Clear,7:00pm-7:59pm,52,7:00pm-7:59pm,53,8:00pm-8:59pm,28,1,Dark - Unlighted,Clear,0,1,[],[],0,0,Valid,1.0,0.0,32.0,32.0,['Male'],0,0,2,4,4,Wet/Standing Water,Straight,Level,Lowest,No
21862,34,New Jersey,340277,1,1,1,0,2,EAST BRUNSWICK,September,1,Friday,20,16,Urban,High Speed (Arterial),Yes,40.41396111,-74.41598333,Simple Junction,Dark - Not Lighted,Clear,8:00pm-8:59pm,23,8:00pm-8:59pm,27,Not Applicable (Not Transported),Not Applicable (Not Transported),1,Dark - Unlighted,Clear,0,2,[],[],0,0,Valid,0.0,0.0,65.0,65.0,['Male'],0,0,2,3,4,Dry,Straight,Level,Lowest,No
21863,34,New Jersey,340278,0,4,4,0,6,NOT APPLICABLE,September,7,Thursday,7,43,Urban,Medium Speed (Collector),No,39.689375,-75.05263889,Non-Intersection,Daylight,Clear,7:00am-7:59am,50,7:00am-7:59am,55,Not Applicable (Not Transported),Not Applicable (Not Transported),1,Daylight,Clear,1,5,['Driver'],['None_Used'],0,0,Valid,1.0,0.0,80.0,44.0,"['Male', 'Male', 'Female', 'Female']",0,0,3,4,5,Dry,Straight,Level,Lowest,Yes
21864,34,New Jersey,340279,0,2,1,1,1,NOT APPLICABLE,September,3,Sunday,18,23,Urban,Medium Speed (Collector),No,40.70285,-75.18695,Non-Intersection,Dusk,Clear,6:00pm-6:59pm,25,6:00pm-6:59pm,28,6:00pm-6:59pm,44,1,Twilight,Clear,1,0,['Driver'],['None_Used'],1,1,Valid,0.0,0.0,46.0,46.0,['Male'],0,0,5,4,2,Dry,Straight,Level,Lowest,No
21865,34,New Jersey,340280,0,1,1,0,1,WESTFIELD,September,2,Saturday,7,1,Urban,Medium Speed (Collector),No,40.66261111,-74.33647222,Non-Intersection,Daylight,Clear,7:00am-7:59am,6,7:00am-7:59am,12,8:00am-8:59am,0,1,Daylight,Clear,1,0,['Driver'],['Shoulder_Lapbelt'],1,1,Valid,0.0,0.0,61.0,61.0,['Male'],0,0,3,4,3,Dry,Curve,Grade/Hillcrest,Medium,No
21866,34,New Jersey,340281,0,2,2,0,2,NOT APPLICABLE,September,17,Sunday,14,50,Urban,Medium Speed (Collector),No,40.08350278,-74.54284167,Non-Intersection,Daylight,Clear,2:00pm-2:59pm,52,2:00pm-2:59pm,56,3:00pm-3:59pm,43,1,Daylight,Clear,1,1,['Driver'],['Shoulder_Lapbelt'],0,0,Valid,2.0,1.0,79.0,23.0,"['Male', 'Female']",0,0,3,4,5,Dry,Straight,Grade/Hillcrest,Lowest,No
21867,34,New Jersey,340282,0,3,3,0,7,NOT APPLICABLE,September,16,Saturday,20,49,Rural,High Speed (Arterial),Yes,39.83582222,-74.46493889,Simple Junction,Dark - Not Lighted,Clear,8:00pm-8:59pm,49,9:00pm-9:59pm,2,Not Applicable (Not Transported),Not Applicable (Not Transported),1,Dark - Unlighted,Clear,1,6,['Driver'],['None_Used'],1,1,Valid,1.0,0.0,75.0,45.0,"['Male', 'Male', 'Female']",1,0,5,4,5,Dry,Straight,Level,Lowest,No
21868,34,New Jersey,340283,0,2,2,0,2,BRANCHBURG,September,8,Friday,7,38,Urban,High Speed (Arterial),Yes,40.56689444,-74.68543333,Simple Junction,Daylight,Clear,7:00am-7:59am,40,7:00am-7:59am,47,8:00am-8:59am,15,1,Daylight,Clear,1,1,['Driver'],['None_Used'],0,0,Valid,1.0,0.0,59.0,47.0,"['Male', 'Female']",0,0,5,4,5,Dry,Straight,Level,Lowest,No
21869,34,New Jersey,340284,0,1,1,0,1,GREENWICH,September,19,Tuesday,17,5,Rural,Low Speed (Local),No,39.37033611,-75.36706944,Non-Intersection,Daylight,Clear,5:00pm-5:59pm,0,5:00pm-5:59pm,17,Not Applicable (Not Transported),Not Applicable (Not Transported),1,Daylight,Clear,1,0,['Driver'],['Shoulder_Lapbelt'],0,0,Valid,1.0,2.0,27.0,27.0,['Male'],0,0,3,4,3,Dry,Straight,Level,Lowest,No
21870,34,New Jersey,340285,1,1,1,0,1,TRENTON,September,21,Thursday,20,11,Urban,Medium Speed (Collector),No,40.22252222,-74.77486111,Complex/Circle,Dark - Unknown Lighting,Clear,8:00pm-8:59pm,14,8:00pm-8:59pm,14,8:00pm-8:59pm,37,1,Dark - Unlighted,Clear,0,0,[],[],0,0,Invalid,0.0,0.0,999.0,999.0,['Other'],1,0,1,0,4,Dry,Straight,Grade/Hillcrest,Lowest,No
21871,34,New Jersey,340286,1,1,1,0,1,HACKETTSTOWN,September,21,Thursday,16,47,Rural,Low Speed (Local),No,40.83815278,-74.82207778,Simple Junction,Daylight,Clear,4:00pm-4:59pm,50,4:00pm-4:59pm,54,5:00pm-5:59pm,19,1,Daylight,Clear,0,1,[],[],0,0,Valid,1.0,0.0,59.0,59.0,['Male'],0,0,3,1,4,Dry,Straight,Level,Lowest,No
21872,34,New Jersey,340287,1,1,1,0,1,BEDMINSTER,September,23,Saturday,18,10,Urban,Medium Speed (Collector),No,40.68099444,-74.64442778,Non-Intersection,Dusk,Rain,6:00pm-6:59pm,18,6:00pm-6:59pm,30,7:00pm-7:59pm,12,1,Twilight,Rain/Wind/Minor,0,1,[],[],0,0,Valid,0.0,0.0,35.0,35.0,['Male'],1,0,2,4,4,Wet/Standing Water,Straight,Level,Medium,No
21873,34,New Jersey,340288,1,1,1,0,1,TRENTON,September,17,Sunday,20,35,Urban,High Speed (Arterial),Yes,40.20576111,-74.75456111,Non-Intersection,Dark - Unknown Lighting,Rain,8:00pm-8:59pm,37,8:00pm-8:59pm,39,8:00pm-8:59pm,48,1,Dark - Unlighted,Rain/Wind/Minor,0,1,[],[],0,0,Valid,1.0,0.0,52.0,52.0,['Male'],0,0,2,3,4,Wet/Standing Water,Straight,Level,Lowest,No
21874,34,New Jersey,340289,0,1,1,0,1,COLTS NECK,May,22,Monday,19,11,Urban,Medium Speed (Collector),No,40.29939444,-74.17531111,Complex/Circle,Dusk,Clear,Unknown,Unknown,Unknown EMS Scene Arrival Hour,Unknown EMS Scene Arrival Minutes,Unknown,Unknown EMS Hospital Arrival Time,1,Twilight,Clear,1,0,['Driver'],['None_Used'],1,1,Valid,1.0,0.0,50.0,50.0,['Male'],1,0,3,4,3,Dry,Straight,Level,Lowest,No
21875,34,New Jersey,340290,1,1,1,0,1,WEST NEW YORK,September,19,Tuesday,16,18,Urban,Low Speed (Local),No,40.79099444,-74.00885556,Complex/Circle,Daylight,Clear,Unknown,Unknown,Unknown EMS Scene Arrival Hour,Unknown EMS Scene Arrival Minutes,Unknown,Unknown EMS Hospital Arrival Time,1,Daylight,Clear,0,1,[],[],0,0,Valid,1.0,0.0,51.0,51.0,['Female'],0,0,3,3,4,Dry,Straight,Level,Lowest,No
21876,34,New Jersey,340291,0,2,2,0,2,PATERSON,September,19,Tuesday,19,47,Urban,Medium Speed (Collector),No,40.90981389,-74.1824,Complex/Circle,Dark - Lighted,Clear,7:00pm-7:59pm,54,8:00pm-8:59pm,9,8:00pm-8:59pm,26,1,Dark - Lighted,Clear,1,1,['Driver'],['None_Used'],0,0,Valid,0.0,0.0,40.0,19.0,"['Male', 'Male']",0,0,5,4,5,Dry,Straight,Level,Lowest,No
21877,34,New Jersey,340292,0,1,1,0,1,MANCHESTER TOWNSHIP,July,23,Sunday,15,52,Rural,Low Speed (Local),No,39.89635,-74.43203056,Non-Intersection,Daylight,Clear,3:00pm-3:59pm,54,4:00pm-4:59pm,3,5:00pm-5:59pm,17,1,Daylight,Clear,1,0,['Driver'],['None_Used'],0,0,Valid,0.0,1.0,65.0,65.0,['Male'],1,0,5,4,3,Dry,Curve,Level,Lowest,No
21878,34,New Jersey,340293,0,1,1,0,2,PARAMUS,September,24,Sunday,2,46,Urban,High Speed (Arterial),Yes,40.91976667,-74.08664722,Non-Intersection,Dark - Lighted,Cloudy,2:00am-2:59am,53,3:00am-3:59am,2,3:00am-3:59am,33,1,Dark - Lighted,Reduced Visibility,1,1,['Driver'],['None_Used'],1,1,Valid,0.0,0.0,20.0,20.0,['Male'],2,0,2,4,3,Wet/Standing Water,Curve,Grade/Hillcrest,Lowest,No
21879,34,New Jersey,340294,0,2,2,0,2,PLAINSBORO,April,5,Wednesday,14,26,Urban,High Speed (Arterial),Yes,40.34915556,-74.616825,Non-Intersection,Daylight,Clear,2:00pm-2:59pm,49,2:00pm-2:59pm,56,Unknown,Unknown EMS Hospital Arrival Time,1,Daylight,Clear,1,1,['Driver'],['Shoulder_Lapbelt'],0,0,Valid,1.0,1.0,55.0,39.0,"['Male', 'Male']",0,0,3,4,5,Dry,Straight,Level,Medium,No
21880,34,New Jersey,340295,0,3,3,0,5,JERSEY CITY,September,1,Friday,2,11,Urban,High Speed (Arterial),Yes,40.73415556,-74.0554,Non-Intersection,Dark - Lighted,Clear,2:00am-2:59am,18,2:00am-2:59am,32,2:00am-2:59am,50,1,Dark - Lighted,Clear,1,4,['Front_Passenger'],['Shoulder_Lapbelt'],1,2,Valid,4.0,0.0,51.0,22.0,"['Male', 'Male', 'Male']",3,0,4,4,5,Dry,Straight,Level,Lowest,No
21881,34,New Jersey,340296,0,1,1,0,5,HOWELL,September,6,Wednesday,23,2,Urban,Low Speed (Local),No,40.12690278,-74.19810833,Non-Intersection,Dark - Lighted,Clear,11:00pm-11:59pm,4,11:00pm-11:59pm,9,0:00am-0:59am,9,1,Dark - Lighted,Clear,1,2,['Driver'],['Shoulder_Lapbelt'],1,1,Valid,2.0,0.0,51.0,51.0,['Male'],5,0,3,4,3,Dry,Curve,Level,Lowest,No
21882,34,New Jersey,340297,0,1,1,0,1,WENONAH,January,28,Saturday,17,41,Urban,Low Speed (Local),No,39.79510556,-75.15371389,Non-Intersection,Dusk,Clear,5:00pm-5:59pm,44,5:00pm-5:59pm,47,6:00pm-6:59pm,24,1,Twilight,Clear,1,0,['Driver'],['None_Used'],1,1,Valid,0.0,0.0,52.0,52.0,['Male'],1,0,2,4,3,Dry,Curve,Level,Lowest,No
21883,34,New Jersey,340298,0,2,2,0,4,FAIR LAWN,May,5,Friday,20,52,Urban,High Speed (Arterial),Yes,40.94180556,-74.14108056,Non-Intersection,Dark - Lighted,Clear,8:00pm-8:59pm,52,9:00pm-9:59pm,1,9:00pm-9:59pm,35,1,Dark - Lighted,Clear,1,3,['Driver'],['None_Used'],1,1,Valid,0.0,0.0,34.0,30.0,"['Male', 'Female']",1,0,5,4,5,Dry,Curve,Grade/Hillcrest,Lowest,No
21884,34,New Jersey,340299,1,1,1,0,1,TOMS RIVER,April,10,Monday,20,46,Urban,Medium Speed (Collector),No,40.01231944,-74.22894444,Non-Intersection,Dark - Lighted,Clear,8:00pm-8:59pm,48,8:00pm-8:59pm,51,9:00pm-9:59pm,10,1,Dark - Lighted,Clear,0,1,[],[],0,0,Valid,0.0,0.0,22.0,22.0,['Male'],0,0,2,4,4,Dry,Straight,Level,Lowest,No
21885,34,New Jersey,340300,1,1,1,0,1,FRANKLIN,February,10,Friday,7,32,Urban,High Speed (Arterial),Yes,39.57184444,-75.05446944,Non-Intersection,Daylight,Clear,6:00am-6:59am,55,7:00am-7:59am,1,7:00am-7:59am,31,1,Daylight,Clear,0,1,[],[],0,0,Valid,0.0,0.0,18.0,18.0,['Male'],0,0,3,4,4,Dry,Straight,Level,Lowest,No
21886,34,New Jersey,340301,0,2,2,0,2,PATERSON,July,8,Saturday,19,14,Urban,Medium Speed (Collector),No,40.91756111,-74.20070278,Complex/Circle,Daylight,Clear,7:00pm-7:59pm,16,7:00pm-7:59pm,25,7:00pm-7:59pm,40,1,Daylight,Clear,1,1,['Driver'],['Shoulder_Lapbelt'],0,0,Valid,2.0,0.0,86.0,51.0,"['Male', 'Male']",1,0,3,4,5,Dry,Straight,Level,Lowest,No
21887,34,New Jersey,340302,0,2,2,0,3,RIDGEFIELD,June,23,Friday,23,55,Urban,High Speed (Arterial),Yes,40.83445556,-74.00914444,Simple Junction,Dark - Lighted,Clear,0:00am-0:59am,4,0:00am-0:59am,14,1:00am-1:59am,13,1,Dark - Lighted,Clear,1,2,['Driver'],['Shoulder_Lapbelt'],0,0,Valid,1.0,0.0,31.0,19.0,"['Male', 'Male']",2,0,2,4,5,Dry,Curve,Level,Lowest,No
21888,34,New Jersey,340303,0,1,1,0,1,LAKEWOOD,May,26,Friday,12,48,Urban,High Speed (Arterial),Yes,40.05048333,-74.19771667,Non-Intersection,Daylight,Clear,12:00pm-12:59pm,49,12:00pm-12:59pm,55,1:00pm-1:59pm,46,1,Daylight,Clear,1,0,['Driver'],['Shoulder_Lapbelt'],0,0,Valid,0.0,0.0,72.0,72.0,['Female'],0,0,2,4,3,Dry,Straight,Level,Medium,No
21889,34,New Jersey,340304,1,1,1,0,1,LAKEWOOD,May,9,Tuesday,21,48,Urban,High Speed (Arterial),Yes,40.04866667,-74.2095,Complex/Circle,Dark - Unknown Lighting,Clear,9:00pm-9:59pm,49,9:00pm-9:59pm,53,10:00pm-10:59pm,10,1,Dark - Unlighted,Clear,0,1,[],[],0,0,Valid,0.0,0.0,19.0,19.0,['Male'],0,0,2,3,4,Dry,Straight,Level,Lowest,No
21890,34,New Jersey,340305,0,2,2,0,4,PARAMUS,July,23,Sunday,0,58,Urban,Medium Speed (Collector),No,40.93577222,-74.06278333,Non-Intersection,Dark - Lighted,Clear,1:00am-1:59am,3,1:00am-1:59am,11,1:00am-1:59am,52,1,Dark - Lighted,Clear,1,3,['Driver'],['None_Used'],1,1,Valid,0.0,1.0,45.0,28.0,"['Male', 'Male']",0,0,5,4,5,Dry,Straight,Level,Lowest,No
21891,34,New Jersey,340306,0,2,2,0,5,EATONTOWN,July,22,Saturday,2,28,Urban,High Speed (Arterial),Yes,40.29208611,-74.06435278,Complex/Circle,Dark - Unknown Lighting,Clear,2:00am-2:59am,33,2:00am-2:59am,38,3:00am-3:59am,24,1,Dark - Unlighted,Clear,1,4,['Rear_Seat'],['Shoulder_Lapbelt'],1,1,Invalid,2.0,0.0,48.0,23.0,"['Male', 'Male']",0,0,3,4,5,Dry,Straight,Level,Lowest,No
21892,34,New Jersey,340307,0,2,2,0,6,EATONTOWN,August,24,Thursday,19,52,Urban,High Speed (Arterial),Yes,40.30465556,-74.05977778,Complex/Circle,Dark - Lighted,Rain,7:00pm-7:59pm,53,7:00pm-7:59pm,59,8:00pm-8:59pm,25,1,Dark - Lighted,Rain/Wind/Minor,1,5,['Rear_Seat'],['None_Used'],1,1,Valid,1.0,0.0,31.0,27.0,"['Male', 'Female']",0,0,3,4,5,Wet/Standing Water,Straight,Level,Lowest,No
21893,34,New Jersey,340308,1,1,1,0,1,NEW BRUNSWICK,May,12,Friday,18,4,Urban,Medium Speed (Collector),No,40.49447222,-74.44851111,Non-Intersection,Dusk,Clear,6:00pm-6:59pm,6,6:00pm-6:59pm,9,6:00pm-6:59pm,16,1,Twilight,Clear,0,1,[],[],0,0,Valid,0.0,0.0,50.0,50.0,['Female'],0,0,2,2,4,Dry,Straight,Level,Lowest,No
21894,34,New Jersey,340309,0,1,1,0,1,EATONTOWN,August,20,Sunday,15,8,Urban,High Speed (Arterial),Yes,40.27748611,-74.07221667,Non-Intersection,Daylight,Clear,3:00pm-3:59pm,12,3:00pm-3:59pm,25,3:00pm-3:59pm,49,1,Daylight,Clear,1,0,['Driver'],['None_Used'],1,1,Valid,1.0,1.0,52.0,52.0,['Male'],1,0,5,4,2,Dry,Curve,Level,Lowest,No
21895,34,New Jersey,340310,0,3,3,0,4,OLD BRIDGE,July,16,Sunday,23,17,Urban,High Speed (Arterial),Yes,40.40415833,-74.35479444,Non-Intersection,Dark - Lighted,Clear,Unknown,Unknown,Unknown EMS Scene Arrival Hour,Unknown EMS Scene Arrival Minutes,Unknown,Unknown EMS Hospital Arrival Time,1,Dark - Lighted,Clear,1,3,['Rear_Seat'],['Shoulder_Lapbelt'],1,1,Valid,0.0,1.0,38.0,20.0,"['Male', 'Male', 'Male']",0,0,3,4,5,Dry,Straight,Level,Lowest,No
21896,34,New Jersey,340311,0,1,1,0,2,COLTS NECK,July,9,Sunday,5,24,Urban,Medium Speed (Collector),No,40.28585833,-74.18137778,Non-Intersection,Dawn,Clear,5:00am-5:59am,28,5:00am-5:59am,45,6:00am-6:59am,30,1,Twilight,Clear,1,1,['Driver'],['Shoulder_Lapbelt'],1,1,Valid,0.0,0.0,35.0,35.0,['Male'],2,0,2,4,3,Dry,Straight,Level,Lowest,No
21897,34,New Jersey,340312,1,1,1,0,1,NORTH BRUNSWICK,July,17,Monday,3,11,Urban,High Speed (Arterial),Yes,40.43185,-74.51572222,Non-Intersection,Dark - Lighted,"Fog, Smog, Smoke",3:00am-3:59am,17,3:00am-3:59am,30,3:00am-3:59am,51,1,Dark - Lighted,Reduced Visibility,0,1,[],[],0,0,Valid,0.0,0.0,36.0,36.0,['Male'],0,0,3,4,4,Dry,Straight,Level,Lowest,No
21898,34,New Jersey,340313,1,1,1,0,2,CLIFTON,September,20,Wednesday,9,0,Urban,High Speed (Arterial),Yes,40.87678333,-74.14095833,Complex/Circle,Daylight,Clear,9:00am-9:59am,2,9:00am-9:59am,10,9:00am-9:59am,25,1,Daylight,Clear,0,2,[],[],0,0,Valid,0.0,0.0,19.0,19.0,['Female'],0,0,2,2,4,Dry,Straight,Level,Lowest,Yes
21899,34,New Jersey,340314,0,2,2,0,3,MONTAGUE,October,1,Sunday,17,18,Rural,High Speed (Arterial),Yes,41.34802222,-74.686475,Non-Intersection,Daylight,Clear,5:00pm-5:59pm,32,5:00pm-5:59pm,44,6:00pm-6:59pm,30,1,Daylight,Clear,1,2,['Driver'],['None_Used'],0,0,Valid,2.0,1.0,32.0,20.0,"['Male', 'Male']",0,0,5,4,5,Dry,Straight,Non-Trafficway,Lowest,No
21900,34,New Jersey,340315,1,1,1,0,3,CLIFTON,October,20,Friday,17,48,Urban,Medium Speed (Collector),No,40.8867,-74.16473333,Non-Intersection,Daylight,Rain,5:00pm-5:59pm,49,5:00pm-5:59pm,57,6:00pm-6:59pm,14,1,Daylight,Rain/Wind/Minor,0,3,[],[],1,1,Valid,0.0,0.0,31.0,31.0,['Male'],0,0,3,3,4,Wet/Standing Water,Straight,Level,Lowest,No
21901,34,New Jersey,340316,1,1,1,0,1,TOWNSHIP OF IRVINGTON,October,9,Monday,21,24,Urban,Medium Speed (Collector),No,40.73147222,-74.22165278,Non-Intersection,Dark - Lighted,Clear,9:00pm-9:59pm,36,9:00pm-9:59pm,42,Not Applicable (Not Transported),Not Applicable (Not Transported),1,Dark - Lighted,Clear,0,0,[],[],0,0,Invalid,0.0,0.0,999.0,999.0,['Other'],1,0,2,0,4,Dry,Straight,Level,Lowest,No
21902,34,New Jersey,340317,0,2,2,0,6,LINDEN,October,3,Tuesday,10,8,Urban,Medium Speed (Collector),No,40.63529444,-74.26114722,Complex/Circle,Daylight,Clear,10:00am-10:59am,11,10:00am-10:59am,12,11:00am-11:59am,6,1,Daylight,Clear,1,5,['Driver'],['Shoulder_Lapbelt'],0,0,Invalid,0.0,0.0,77.0,17.0,"['Female', 'Male']",5,0,3,4,5,Dry,Straight,Level,Lowest,No
21903,34,New Jersey,340318,0,1,1,0,1,PASSAIC,August,27,Sunday,1,27,Urban,High Speed (Arterial),Yes,40.85247222,-74.12185278,Non-Intersection,Dark - Lighted,Clear,1:00am-1:59am,31,1:00am-1:59am,36,Not Applicable (Not Transported),Not Applicable (Not Transported),1,Dark - Lighted,Clear,1,0,['Driver'],['None_Used'],0,0,Valid,2.0,0.0,22.0,22.0,['Male'],1,0,2,4,3,Dry,Straight,Level,Lowest,No
21904,34,New Jersey,340319,0,2,2,0,3,LOGAN,June,28,Wednesday,14,42,Urban,Medium Speed (Collector),No,39.78811667,-75.39646667,Simple Junction,Daylight,Clear,2:00pm-2:59pm,44,2:00pm-2:59pm,54,3:00pm-3:59pm,21,1,Daylight,Clear,1,2,['Driver'],['None_Used'],0,0,Valid,0.0,0.0,85.0,19.0,"['Male', 'Male']",0,0,3,4,5,Dry,Straight,Level,Lowest,No
21905,34,New Jersey,340320,1,2,1,1,1,EAST BRUNSWICK,August,24,Thursday,8,36,Urban,High Speed (Arterial),Yes,40.41874167,-74.44404444,Non-Intersection,Daylight,Clear,Unknown,Unknown,Unknown EMS Scene Arrival Hour,Unknown EMS Scene Arrival Minutes,Not Applicable (Not Transported),Not Applicable (Not Transported),1,Daylight,Clear,0,0,[],[],0,0,Invalid,0.0,0.0,999.0,999.0,['Other'],0,0,1,0,4,Dry,Straight,Level,Lowest,No
21906,34,New Jersey,340321,0,1,1,0,1,BEDMINSTER,August,25,Friday,5,10,Urban,High Speed (Arterial),Yes,40.66113333,-74.64308611,Non-Intersection,Dawn,Rain,5:00am-5:59am,10,5:00am-5:59am,39,Not Applicable (Not Transported),Not Applicable (Not Transported),1,Twilight,Rain/Wind/Minor,1,0,['Driver'],['Shoulder_Lapbelt'],1,1,Valid,0.0,0.0,48.0,48.0,['Male'],0,0,4,4,3,Wet/Standing Water,Straight,Level,Lowest,No
21907,34,New Jersey,340322,0,1,1,0,1,MANCHESTER TOWNSHIP,April,23,Sunday,15,41,Rural,Low Speed (Local),No,39.89159444,-74.43755278,Non-Intersection,Daylight,Clear,Unknown,Unknown,Unknown EMS Scene Arrival Hour,Unknown EMS Scene Arrival Minutes,Unknown,Unknown EMS Hospital Arrival Time,1,Daylight,Clear,1,0,['Driver'],['None_Used'],0,0,Valid,0.0,0.0,28.0,28.0,['Male'],1,0,5,4,3,Dry,Straight,Level,Lowest,No
21908,34,New Jersey,340323,0,2,2,0,3,NOT APPLICABLE,April,22,Saturday,14,39,Urban,Low Speed (Local),No,39.80771389,-74.1906,Complex/Circle,Daylight,Clear,2:00pm-2:59pm,44,3:00pm-3:59pm,0,3:00pm-3:59pm,44,1,Daylight,Clear,1,2,['Driver'],['None_Used'],1,1,Invalid,0.0,0.0,78.0,32.0,"['Male', 'Female']",1,0,5,4,5,Dry,Straight,Level,Lowest,No
21909,34,New Jersey,340324,1,1,1,0,1,SAYREVILLE,April,19,Wednesday,20,8,Urban,High Speed (Arterial),Yes,40.46492778,-74.26608889,Complex/Circle,Dark - Lighted,Clear,Unknown,Unknown,Unknown EMS Scene Arrival Hour,Unknown EMS Scene Arrival Minutes,Unknown,Unknown EMS Hospital Arrival Time,1,Dark - Lighted,Clear,0,1,[],[],0,0,Valid,1.0,0.0,66.0,66.0,['Male'],0,0,2,3,4,Dry,Straight,Level,Lowest,No
21910,34,New Jersey,340325,1,1,1,0,2,LINDEN,October,2,Monday,6,6,Urban,High Speed (Arterial),Yes,40.64318889,-74.259025,Non-Intersection,Dark - Not Lighted,Clear,6:00am-6:59am,1,6:00am-6:59am,6,6:00am-6:59am,18,1,Dark - Unlighted,Clear,0,2,[],[],0,0,Valid,2.0,0.0,50.0,50.0,['Male'],2,0,3,3,4,Dry,Straight,Level,Lowest,No
21911,34,New Jersey,340326,0,2,2,0,2,FAIR LAWN,October,5,Thursday,20,30,Urban,High Speed (Arterial),Yes,40.94148611,-74.14359722,Non-Intersection,Dark - Not Lighted,Clear,8:00pm-8:59pm,30,8:00pm-8:59pm,40,9:00pm-9:59pm,10,1,Dark - Unlighted,Clear,1,1,['Driver'],['None_Used'],1,1,Invalid,3.0,1.0,38.0,33.0,"['Male', 'Male']",1,0,5,4,5,Dry,Curve,Level,Lowest,No