,State_Code,State_Name,Crash_ID,Count_Non_Motorists,Count_Vehicles_Total,Count_Vehicle_Forms,Count_PVH_Involved,Count_Occupants_MV,City_Name,Month_Name,Day_of_Month,Day_of_Week,Crash_Hour,Crash_Minute,Area_Rural_Urban,Road_Functional_Class,On_NHS_Road,Latitude,Longitude,Intersection_Type,Light_Condition,Weather_Condition,Notif_Hour,Notif_Minute,Arrival_Hour,Arrival_Minute,Hospital_Hour,Hospital_Minute,Fatalities_Count,Clean_Light_Condition,Clean_Weather_Condition,Total_Killed,Total_Alive,Fatal_Seats_List,Killed_Restraint_List,Any_Driver_Drinking,Total_Drinking_Drivers,Driver_License_Category,Driver_Max_Prev_Accident_Count,Driver_Max_Prev_Speeding_Count,Max_Driver_Age,Min_Driver_Age,Driver_Sex_List,Total_Exceeding_Limit_Vehicles,Total_Too_Fast_Vehicles,Max_Vehicle_Type_Severity_5,Max_Vehicle_Damage_Rank,Max_Harmful_Event_Severity,Crash_Road_Surface_Condition,Crash_Horizontal_Alignment,Crash_Vertical_Profile,Crash_Impairment_Category,Crash_Vehicle_Defect
21912,34,New Jersey,340327,0,2,2,0,2,MINE HILL,October,27,Friday,18,2,Urban,High Speed (Arterial),Yes,40.87989444,-74.60191944,Simple Junction,Dusk,Clear,6:00pm-6:59pm,6,6:00pm-6:59pm,7,6:00pm-6:59pm,33,1,Twilight,Clear,1,1,['Driver'],['None_Used'],0,0,Valid,0.0,0.0,67.0,38.0,"['Male', 'Male']",0,0,5,4,5,Dry,Straight,Level,Lowest,No
21913,34,New Jersey,340328,0,1,1,0,1,NOT APPLICABLE,October,7,Saturday,2,28,Urban,Medium Speed (Collector),No,40.81251667,-74.79725833,Non-Intersection,Not Reported,Rain,2:00am-2:59am,36,2:00am-2:59am,52,Not Applicable (Not Transported),Not Applicable (Not Transported),1,Dark - Unlighted,Rain/Wind/Minor,1,0,['Driver'],['Shoulder_Lapbelt'],1,1,Valid,0.0,0.0,17.0,17.0,['Female'],0,0,2,4,3,Wet/Standing Water,Straight,Level,Lowest,No
21914,34,New Jersey,340329,0,1,1,0,1,HAMILTON TOWNSHIP,October,8,Sunday,3,44,Urban,High Speed (Arterial),Yes,40.22012222,-74.69791389,Non-Intersection,Dark - Not Lighted,Clear,4:00am-4:59am,3,4:00am-4:59am,3,Not Applicable (Not Transported),Not Applicable (Not Transported),1,Dark - Unlighted,Clear,1,0,['Driver'],['Shoulder_Lapbelt'],1,1,Valid,0.0,0.0,22.0,22.0,['Male'],0,0,2,4,3,Dry,Curve,Level,Lowest,No
21915,34,New Jersey,340330,0,1,1,0,1,NOT APPLICABLE,August,21,Monday,10,21,Rural,Low Speed (Local),No,41.15746944,-74.73372222,Non-Intersection,Daylight,Clear,10:00am-10:59am,23,10:00am-10:59am,37,Not Applicable (Not Transported),Not Applicable (Not Transported),1,Daylight,Clear,1,0,['Driver'],['None_Used'],0,0,Valid,0.0,1.0,32.0,32.0,['Male'],0,0,4,4,3,Dry,Curve,Grade/Hillcrest,Lowest,Yes
21916,34,New Jersey,340331,0,2,2,0,2,NOT APPLICABLE,May,12,Friday,17,48,Rural,Medium Speed (Collector),No,40.06059444,-74.46241389,Simple Junction,Daylight,Clear,5:00pm-5:59pm,54,6:00pm-6:59pm,12,7:00pm-7:59pm,5,1,Daylight,Clear,1,1,['Driver'],['Shoulder_Lapbelt'],0,0,Valid,3.0,0.0,59.0,40.0,"['Female', 'Male']",1,0,3,4,5,Dry,Straight,Level,Lowest,No
21917,34,New Jersey,340332,0,1,1,0,1,CRANBURY,August,9,Wednesday,8,30,Urban,High Speed (Arterial),Yes,40.30887222,-74.49192222,Non-Intersection,Daylight,Clear,8:00am-8:59am,37,8:00am-8:59am,48,Not Applicable (Not Transported),Not Applicable (Not Transported),1,Daylight,Clear,1,0,['Driver'],['Shoulder_Lapbelt'],0,0,Valid,1.0,0.0,46.0,46.0,['Female'],0,0,3,3,1,Dry,Straight,Level,Lowest,No
21918,34,New Jersey,340333,0,4,1,3,1,FAIR LAWN,September,24,Sunday,21,23,Urban,Low Speed (Local),No,40.92372222,-74.09525,Non-Intersection,Dark - Lighted,Rain,9:00pm-9:59pm,48,10:00pm-10:59pm,2,Unknown,Unknown EMS Hospital Arrival Time,1,Dark - Lighted,Rain/Wind/Minor,1,0,['Driver'],['Shoulder_Lapbelt'],0,0,Valid,0.0,0.0,86.0,86.0,['Male'],0,0,2,4,3,Dry,Straight,Level,Lowest,No
21919,34,New Jersey,340334,0,1,1,0,1,NOT APPLICABLE,September,7,Thursday,1,18,Urban,High Speed (Arterial),Yes,39.70284167,-74.28676944,Non-Intersection,Dark - Not Lighted,Clear,Unknown,Unknown,Unknown EMS Scene Arrival Hour,Unknown EMS Scene Arrival Minutes,Not Applicable (Not Transported),Not Applicable (Not Transported),1,Dark - Unlighted,Clear,1,0,['Driver'],['None_Used'],1,1,Valid,2.0,0.0,24.0,24.0,['Male'],0,0,2,4,3,Dry,Straight,Level,Lowest,No
21920,34,New Jersey,340335,1,1,1,0,1,TOMS RIVER,September,27,Wednesday,8,14,Urban,High Speed (Arterial),Yes,39.95305833,-74.156925,Non-Intersection,Daylight,Clear,8:00am-8:59am,15,8:00am-8:59am,20,8:00am-8:59am,52,1,Daylight,Clear,0,1,[],[],0,0,Valid,0.0,0.0,60.0,60.0,['Male'],0,0,3,4,4,Dry,Straight,Level,Lowest,No
21921,34,New Jersey,340336,1,1,1,0,2,COLLINGSWOOD,September,14,Thursday,9,39,Urban,High Speed (Arterial),Yes,39.91110833,-75.083875,Complex/Circle,Daylight,Clear,9:00am-9:59am,40,9:00am-9:59am,44,10:00am-10:59am,5,1,Daylight,Clear,0,2,[],[],0,0,Valid,0.0,0.0,63.0,63.0,['Male'],0,0,1,2,4,Dry,Straight,Level,Lowest,No
21922,34,New Jersey,340337,2,1,1,0,1,CAMDEN,September,25,Monday,19,53,Urban,High Speed (Arterial),Yes,39.919375,-75.10270556,Non-Intersection,Dusk,Clear,7:00pm-7:59pm,52,7:00pm-7:59pm,56,Unknown,Unknown EMS Hospital Arrival Time,1,Twilight,Clear,0,1,[],[],0,0,Valid,0.0,0.0,32.0,32.0,['Male'],1,0,3,3,4,Dry,Straight,Level,Lowest,No
21923,34,New Jersey,340338,1,1,1,0,1,BARRINGTON,September,29,Friday,6,44,Urban,High Speed (Arterial),Yes,39.87190278,-75.04489444,Non-Intersection,Dark - Unknown Lighting,Rain,6:00am-6:59am,45,6:00am-6:59am,52,Not Applicable (Not Transported),Not Applicable (Not Transported),1,Dark - Unlighted,Rain/Wind/Minor,0,1,[],[],0,0,Valid,0.0,0.0,55.0,55.0,['Male'],0,0,3,3,4,Wet/Standing Water,Straight,Level,Lowest,No
21924,34,New Jersey,340339,1,3,3,0,4,SAYREVILLE,October,14,Saturday,19,6,Urban,High Speed (Arterial),Yes,40.45885833,-74.27795556,Non-Intersection,Dark - Not Lighted,Rain,Unknown,Unknown,Unknown EMS Scene Arrival Hour,Unknown EMS Scene Arrival Minutes,Unknown,Unknown EMS Hospital Arrival Time,1,Dark - Unlighted,Rain/Wind/Minor,0,4,[],[],0,0,Valid,2.0,2.0,36.0,26.0,"['Male', 'Male']",0,0,3,4,5,Wet/Standing Water,Curve,Level,Lowest,No
21925,34,New Jersey,340340,1,1,1,0,1,PLEASANTVILLE,October,27,Friday,19,20,Urban,High Speed (Arterial),Yes,39.39458333,-74.541425,Non-Intersection,Dark - Lighted,Clear,7:00pm-7:59pm,25,7:00pm-7:59pm,25,Not Applicable (Not Transported),Not Applicable (Not Transported),1,Dark - Lighted,Clear,0,1,[],[],0,0,Valid,1.0,0.0,28.0,28.0,['Female'],0,0,3,4,4,Dry,Straight,Level,Lowest,No
21926,34,New Jersey,340341,0,1,1,0,1,WEST DEPTFORD,May,20,Saturday,17,28,Urban,Medium Speed (Collector),No,39.85378889,-75.18664167,Non-Intersection,Daylight,Clear,5:00pm-5:59pm,30,5:00pm-5:59pm,36,6:00pm-6:59pm,13,1,Daylight,Clear,1,0,['Driver'],['Shoulder_Lapbelt'],0,0,Valid,0.0,0.0,81.0,81.0,['Female'],0,0,2,4,3,Dry,Straight,Level,Medium,No
21927,34,New Jersey,340342,1,1,1,0,1,HAWTHORNE,February,17,Friday,20,37,Urban,High Speed (Arterial),Yes,40.96659167,-74.15625278,Non-Intersection,Dark - Unknown Lighting,Clear,8:00pm-8:59pm,52,8:00pm-8:59pm,59,9:00pm-9:59pm,11,1,Dark - Unlighted,Clear,0,1,[],[],0,0,Valid,0.0,0.0,23.0,23.0,['Male'],0,0,3,3,4,Dry,Straight,Level,Lowest,No
21928,34,New Jersey,340343,0,1,1,0,2,WEST ORANGE,February,3,Friday,19,4,Urban,Low Speed (Local),No,40.79098333,-74.28575,Non-Intersection,Dark - Unknown Lighting,Severe Crosswinds,6:00pm-6:59pm,58,7:00pm-7:59pm,3,Unknown,Unknown EMS Hospital Arrival Time,1,Dark - Unlighted,Rain/Wind/Minor,1,1,['Driver'],['Shoulder_Lapbelt'],0,0,Valid,0.0,0.0,77.0,77.0,['Male'],0,0,3,4,1,Dry,Curve,Grade/Hillcrest,Lowest,No
21929,34,New Jersey,340344,1,1,1,0,1,BLOOMINGDALE,February,10,Friday,17,58,Urban,Medium Speed (Collector),No,41.00355833,-74.33236667,Non-Intersection,Dark - Lighted,Clear,6:00pm-6:59pm,7,6:00pm-6:59pm,20,7:00pm-7:59pm,0,1,Dark - Lighted,Clear,0,1,[],[],0,0,Valid,1.0,0.0,35.0,35.0,['Male'],0,0,3,2,4,Dry,Straight,Level,Lowest,No
21930,34,New Jersey,340345,0,1,1,0,1,LODI,May,27,Saturday,0,22,Urban,High Speed (Arterial),Yes,40.87986111,-74.065325,Non-Intersection,Dark - Lighted,Clear,Unknown,Unknown,Unknown EMS Scene Arrival Hour,Unknown EMS Scene Arrival Minutes,Unknown,Unknown EMS Hospital Arrival Time,1,Dark - Lighted,Clear,1,0,['Driver'],['Shoulder_Lapbelt'],0,0,Valid,0.0,0.0,37.0,37.0,['Male'],1,0,2,4,3,Dry,Straight,Level,Lowest,No
21931,34,New Jersey,340346,0,1,1,0,2,LAKEWOOD,July,22,Saturday,2,24,Urban,Low Speed (Local),No,40.07829444,-74.241125,Non-Intersection,Dark - Lighted,Clear,2:00am-2:59am,26,2:00am-2:59am,34,3:00am-3:59am,14,1,Dark - Lighted,Clear,1,1,['Front_Passenger'],['Shoulder_Lapbelt'],1,1,Valid,0.0,0.0,26.0,26.0,['Male'],2,0,2,4,3,Dry,Curve,Level,Lowest,No
21932,34,New Jersey,340347,0,1,1,0,1,ENGLEWOOD CLIFFS,July,23,Sunday,1,18,Urban,High Speed (Arterial),Yes,40.89725,-73.94052222,Non-Intersection,Dark - Lighted,Clear,1:00am-1:59am,29,1:00am-1:59am,37,Not Applicable (Not Transported),Not Applicable (Not Transported),1,Dark - Lighted,Clear,1,0,['Driver'],['Shoulder_Lapbelt'],1,1,Valid,0.0,0.0,44.0,44.0,['Male'],1,0,2,4,3,Dry,Curve,Grade/Hillcrest,Lowest,No
21933,34,New Jersey,340348,1,1,1,0,1,CHERRY HILL,August,31,Thursday,21,26,Urban,Medium Speed (Collector),No,39.91770278,-75.00633333,Non-Intersection,Dark - Lighted,Clear,9:00pm-9:59pm,28,9:00pm-9:59pm,30,9:00pm-9:59pm,49,1,Dark - Lighted,Clear,0,1,[],[],0,0,Valid,1.0,0.0,53.0,53.0,['Female'],0,0,2,2,4,Dry,Straight,Level,Lowest,No
21934,34,New Jersey,340349,0,2,2,0,2,NORTH BRUNSWICK,March,29,Wednesday,6,45,Urban,Low Speed (Local),No,40.45566944,-74.50038056,Non-Intersection,Daylight,Clear,6:00am-6:59am,48,7:00am-7:59am,1,7:00am-7:59am,31,1,Daylight,Clear,1,1,['Driver'],['None_Used'],0,0,Valid,1.0,0.0,65.0,27.0,"['Female', 'Male']",0,0,3,4,5,Dry,Curve,Level,Lowest,No
21935,34,New Jersey,340350,0,2,2,0,3,NOT APPLICABLE,March,21,Tuesday,9,34,Urban,Medium Speed (Collector),No,39.73353056,-75.06472222,Complex/Circle,Daylight,Clear,9:00am-9:59am,36,9:00am-9:59am,41,9:00am-9:59am,53,1,Daylight,Clear,1,2,['Front_Passenger'],['Shoulder_Lapbelt'],0,0,Valid,1.0,0.0,86.0,36.0,"['Female', 'Female']",0,0,3,4,5,Dry,Straight,Level,Lowest,No
21936,34,New Jersey,340351,1,1,1,0,1,SAYREVILLE,April,18,Tuesday,3,21,Urban,High Speed (Arterial),Yes,40.46350278,-74.29562222,Non-Intersection,Dark - Unknown Lighting,Clear,3:00am-3:59am,26,3:00am-3:59am,44,Not Applicable (Not Transported),Not Applicable (Not Transported),1,Dark - Unlighted,Clear,0,1,[],[],0,0,Valid,0.0,0.0,42.0,42.0,['Male'],0,0,4,3,4,Dry,Curve,Grade/Hillcrest,Lowest,No
21937,34,New Jersey,340352,0,2,2,0,2,CLAYTON,May,6,Saturday,19,41,Urban,Medium Speed (Collector),No,39.67931667,-75.09749444,Non-Intersection,Daylight,Clear,7:00pm-7:59pm,42,Unknown EMS Scene Arrival Hour,Unknown EMS Scene Arrival Minutes,Unknown,Unknown EMS Hospital Arrival Time,1,Daylight,Clear,1,1,['Driver'],['None_Used'],0,0,Valid,0.0,0.0,74.0,25.0,"['Female', 'Male']",0,0,5,4,5,Dry,Straight,Level,Lowest,No
21938,34,New Jersey,340353,0,2,2,0,2,MONTCLAIR,May,22,Monday,13,44,Urban,High Speed (Arterial),Yes,40.81155833,-74.21445278,Non-Intersection,Daylight,Clear,1:00pm-1:59pm,43,1:00pm-1:59pm,47,2:00pm-2:59pm,7,1,Daylight,Clear,1,1,['Driver'],['None_Used'],0,0,Valid,2.0,0.0,56.0,41.0,"['Male', 'Male']",0,0,5,3,5,Dry,Straight,Grade/Hillcrest,Lowest,No
21939,34,New Jersey,340354,0,2,2,0,6,CRANBURY,May,30,Tuesday,14,50,Urban,High Speed (Arterial),Yes,40.32831667,-74.49616944,Simple Junction,Daylight,Clear,2:00pm-2:59pm,55,2:00pm-2:59pm,58,3:00pm-3:59pm,47,1,Daylight,Clear,1,5,['Front_Passenger'],['Shoulder_Lapbelt'],0,0,Valid,1.0,0.0,74.0,61.0,"['Female', 'Male']",0,0,3,4,5,Dry,Curve,Level,Lowest,No
21940,34,New Jersey,340355,0,2,2,0,3,FRANKLIN,June,2,Friday,13,26,Urban,Medium Speed (Collector),No,39.58403889,-75.05392778,Non-Intersection,Daylight,Clear,1:00pm-1:59pm,29,1:00pm-1:59pm,33,1:00pm-1:59pm,58,1,Daylight,Clear,1,2,['Driver'],['Shoulder_Lapbelt'],0,0,Valid,0.0,0.0,68.0,57.0,"['Male', 'Female']",0,0,3,4,5,Dry,Straight,Level,Lowest,No
21941,34,New Jersey,340356,0,2,2,0,3,HARRISONVILLE,June,14,Wednesday,8,35,Urban,Medium Speed (Collector),No,39.71996111,-75.21507222,Non-Intersection,Daylight,Clear,8:00am-8:59am,36,8:00am-8:59am,42,8:00am-8:59am,55,1,Daylight,Clear,1,2,['Driver'],['None_Used'],0,0,Valid,0.0,0.0,75.0,28.0,"['Female', 'Female']",0,0,3,4,5,Dry,Curve,Level,Medium,No
21942,34,New Jersey,340357,0,2,1,1,1,FOLSOM,September,27,Wednesday,15,6,Urban,Medium Speed (Collector),No,39.61020833,-74.84846389,Non-Intersection,Daylight,Clear,Unknown,Unknown,Unknown EMS Scene Arrival Hour,Unknown EMS Scene Arrival Minutes,Unknown,Unknown EMS Hospital Arrival Time,1,Daylight,Clear,1,0,['Driver'],['Shoulder_Lapbelt'],0,0,Valid,0.0,0.0,78.0,78.0,['Male'],0,0,2,4,3,Dry,Straight,Level,Lowest,No
21943,34,New Jersey,340358,0,2,2,0,3,WOOLWICH TOWNSHIP,August,11,Friday,22,4,Urban,Medium Speed (Collector),No,39.73818889,-75.32540833,Complex/Circle,Dark - Lighted,Clear,10:00pm-10:59pm,9,10:00pm-10:59pm,17,10:00pm-10:59pm,52,1,Dark - Lighted,Clear,1,2,['Driver'],['Shoulder_Lapbelt'],1,1,Valid,1.0,0.0,50.0,21.0,"['Male', 'Male']",1,0,3,4,5,Dry,Straight,Level,Lowest,No
21944,34,New Jersey,340359,0,2,2,0,3,FRANKLINVILLE,August,25,Friday,14,27,Urban,Medium Speed (Collector),No,39.61434444,-75.07643056,Non-Intersection,Daylight,Clear,2:00pm-2:59pm,32,2:00pm-2:59pm,34,3:00pm-3:59pm,2,1,Daylight,Clear,1,2,['Driver'],['Shoulder_Lapbelt'],0,0,Valid,1.0,3.0,94.0,34.0,"['Male', 'Male']",1,0,3,4,5,Dry,Curve,Level,Lowest,No
21945,34,New Jersey,340360,1,2,2,0,2,BRICK TOWN,June,21,Wednesday,22,13,Urban,High Speed (Arterial),Yes,40.03274167,-74.14318889,Complex/Circle,Dark - Unknown Lighting,Cloudy,10:00pm-10:59pm,15,10:00pm-10:59pm,28,Not Applicable (Not Transported),Not Applicable (Not Transported),1,Dark - Unlighted,Reduced Visibility,0,2,[],[],0,0,Valid,1.0,0.0,34.0,23.0,"['Male', 'Male']",0,0,3,3,4,Dry,Straight,Level,Lowest,No
21946,34,New Jersey,340361,1,1,1,0,1,BEACH HAVEN,June,12,Monday,17,14,Urban,Medium Speed (Collector),No,39.56951667,-74.23587222,Complex/Circle,Daylight,Cloudy,Unknown,Unknown,Unknown EMS Scene Arrival Hour,Unknown EMS Scene Arrival Minutes,Unknown,Unknown EMS Hospital Arrival Time,1,Daylight,Reduced Visibility,0,1,[],[],0,0,Valid,0.0,0.0,82.0,82.0,['Male'],0,0,2,2,4,Dry,Straight,Level,Lowest,No
21947,34,New Jersey,340362,0,2,2,0,3,MANCHESTER TOWNSHIP,August,3,Thursday,22,4,Urban,High Speed (Arterial),Yes,39.99445556,-74.27555556,Non-Intersection,Dark - Unknown Lighting,Clear,10:00pm-10:59pm,4,10:00pm-10:59pm,8,10:00pm-10:59pm,43,1,Dark - Unlighted,Clear,1,2,['Driver'],['None_Used'],1,1,Invalid,1.0,0.0,23.0,17.0,"['Male', 'Male']",1,0,5,4,5,Dry,Straight,Level,Lowest,No
21948,34,New Jersey,340363,0,1,1,0,1,MANCHESTER TOWNSHIP,September,20,Wednesday,16,35,Rural,Low Speed (Local),No,77.7777,777.7777,Non-Intersection,Daylight,Clear,Unknown,Unknown,Unknown EMS Scene Arrival Hour,Unknown EMS Scene Arrival Minutes,Unknown,Unknown EMS Hospital Arrival Time,1,Daylight,Clear,1,0,['Driver'],['None_Used'],0,0,Valid,0.0,0.0,27.0,27.0,['Male'],1,0,5,4,3,Dry,Straight,Level,Lowest,No
21949,34,New Jersey,340364,0,1,1,0,3,TEANECK,October,21,Saturday,2,7,Urban,High Speed (Arterial),Yes,40.90655,-73.998925,Non-Intersection,Dark - Lighted,Rain,2:00am-2:59am,11,2:00am-2:59am,18,2:00am-2:59am,48,2,Dark - Lighted,Rain/Wind/Minor,2,1,"['Front_Passenger', 'Front_Passenger']","['Shoulder_Lapbelt', 'None_Used']",1,1,Valid,1.0,0.0,32.0,32.0,['Male'],3,0,2,4,3,Wet/Standing Water,Straight,Level,Lowest,No
21950,34,New Jersey,340365,0,2,2,0,2,BERLIN,September,29,Friday,21,38,Urban,High Speed (Arterial),Yes,39.80176111,-74.93149444,Complex/Circle,Dark - Unknown Lighting,Rain,9:00pm-9:59pm,45,9:00pm-9:59pm,50,10:00pm-10:59pm,9,1,Dark - Unlighted,Rain/Wind/Minor,1,1,['Driver'],['None_Used'],0,0,Valid,1.0,0.0,68.0,57.0,"['Female', 'Male']",0,0,3,4,5,Dry,Straight,Level,Lowest,No
21951,34,New Jersey,340366,0,1,1,0,1,COLLINGSWOOD,October,13,Friday,11,53,Urban,High Speed (Arterial),Yes,39.92193056,-75.08679722,Non-Intersection,Daylight,Clear,Unknown,Unknown,Unknown EMS Scene Arrival Hour,Unknown EMS Scene Arrival Minutes,Unknown,Unknown EMS Hospital Arrival Time,1,Daylight,Clear,1,0,['Driver'],['None_Used'],0,0,Valid,0.0,0.0,68.0,68.0,['Male'],0,0,5,2,3,Dry,Straight,Level,Lowest,No
21952,34,New Jersey,340367,1,1,1,0,1,PENNSAUKEN,October,17,Tuesday,18,54,Urban,High Speed (Arterial),Yes,39.93534167,-75.06540278,Non-Intersection,Dark - Lighted,Clear,Unknown,Unknown,Unknown EMS Scene Arrival Hour,Unknown EMS Scene Arrival Minutes,Unknown,Unknown EMS Hospital Arrival Time,1,Dark - Lighted,Clear,0,1,[],[],0,0,Valid,0.0,0.0,27.0,27.0,['Male'],0,0,3,4,4,Dry,Straight,Level,Lowest,No
21953,34,New Jersey,340368,1,1,1,0,1,CHERRY HILL,October,9,Monday,21,17,Urban,High Speed (Arterial),Yes,39.92764444,-75.05425833,Non-Intersection,Dark - Unknown Lighting,Rain,9:00pm-9:59pm,17,9:00pm-9:59pm,24,9:00pm-9:59pm,50,1,Dark - Unlighted,Rain/Wind/Minor,0,1,[],[],0,0,Valid,0.0,0.0,40.0,40.0,['Male'],0,0,2,4,4,Wet/Standing Water,Straight,Level,Lowest,No
21954,34,New Jersey,340369,1,2,1,1,1,SAYREVILLE,June,15,Thursday,15,8,Urban,High Speed (Arterial),Yes,40.464825,-74.27713889,Non-Intersection,Daylight,Clear,3:00pm-3:59pm,9,3:00pm-3:59pm,16,Not Applicable (Not Transported),Not Applicable (Not Transported),1,Daylight,Clear,0,1,[],[],0,0,Valid,0.0,1.0,37.0,37.0,['Female'],0,0,3,3,4,Dry,Straight,Level,Lowest,No
21955,34,New Jersey,340370,0,3,3,0,4,HIGHLAND PARK,June,13,Tuesday,17,43,Urban,High Speed (Arterial),Yes,40.50289722,-74.41987222,Complex/Circle,Daylight,Clear,5:00pm-5:59pm,39,5:00pm-5:59pm,44,6:00pm-6:59pm,20,2,Daylight,Clear,2,2,"['Driver', 'Front_Passenger']","['Shoulder_Lapbelt', 'Shoulder_Lapbelt']",1,1,Valid,0.0,0.0,75.0,19.0,"['Male', 'Male', 'Male']",1,0,3,4,5,Dry,Straight,Grade/Hillcrest,Lowest,No
21956,34,New Jersey,340371,0,1,1,0,1,ALLAMUCHY,September,4,Monday,22,36,Rural,Low Speed (Local),No,40.90586667,-74.83219722,Non-Intersection,Reported as Unknown,Clear,Unknown,Unknown,Unknown EMS Scene Arrival Hour,Unknown EMS Scene Arrival Minutes,Not Applicable (Not Transported),Not Applicable (Not Transported),1,Dark - Unlighted,Clear,1,0,['Driver'],['None_Used'],1,1,Valid,0.0,0.0,51.0,51.0,['Male'],0,0,5,4,2,Dry,Curve,Level,Lowest,No
21957,34,New Jersey,340372,0,2,2,0,2,NOT APPLICABLE,July,23,Sunday,6,26,Rural,High Speed (Arterial),Yes,40.05342778,-74.72462778,Simple Junction,Daylight,Clear,Unknown,Unknown,Unknown EMS Scene Arrival Hour,Unknown EMS Scene Arrival Minutes,Not Applicable (Not Transported),Not Applicable (Not Transported),1,Daylight,Clear,1,1,['Driver'],['Shoulder_Lapbelt'],0,0,Valid,0.0,0.0,47.0,45.0,"['Male', 'Male']",0,0,4,4,5,Dry,Straight,Level,Lowest,No
21958,34,New Jersey,340373,1,1,1,0,1,NOT APPLICABLE,September,20,Wednesday,19,55,Rural,High Speed (Arterial),Yes,40.91391389,-74.76108333,Non-Intersection,Dark - Not Lighted,Clear,8:00pm-8:59pm,6,8:00pm-8:59pm,23,Not Applicable (Not Transported),Not Applicable (Not Transported),1,Dark - Unlighted,Clear,0,1,[],[],0,0,Valid,1.0,0.0,56.0,56.0,['Male'],0,0,3,4,4,Dry,Straight,Level,Lowest,No
21959,34,New Jersey,340374,2,3,2,1,2,WHARTON,October,31,Tuesday,19,40,Urban,High Speed (Arterial),Yes,40.908325,-74.576075,Non-Intersection,Dark - Unknown Lighting,Clear,7:00pm-7:59pm,47,7:00pm-7:59pm,58,8:00pm-8:59pm,29,1,Dark - Unlighted,Clear,1,1,['Driver'],['Shoulder_Lapbelt'],0,0,Valid,0.0,0.0,63.0,32.0,"['Female', 'Male']",0,0,4,4,5,Dry,Straight,Grade/Hillcrest,Lowest,No
21960,34,New Jersey,340375,1,1,1,0,1,BERLIN,November,13,Monday,4,57,Urban,High Speed (Arterial),Yes,39.80331111,-74.950225,Complex/Circle,Dark - Lighted,Clear,4:00am-4:59am,59,5:00am-5:59am,4,Unknown,Unknown EMS Hospital Arrival Time,1,Dark - Lighted,Clear,0,1,[],[],0,0,Valid,0.0,0.0,47.0,47.0,['Female'],0,0,3,4,4,Dry,Straight,Level,Lowest,No
21961,34,New Jersey,340376,0,1,1,0,1,TENAFLY,November,27,Monday,8,3,Urban,High Speed (Arterial),Yes,40.90637778,-73.94339167,Non-Intersection,Daylight,Clear,8:00am-8:59am,4,8:00am-8:59am,16,Unknown,Unknown EMS Hospital Arrival Time,1,Daylight,Clear,1,0,['Driver'],['Shoulder_Lapbelt'],0,0,Valid,0.0,0.0,81.0,81.0,['Female'],0,0,2,4,3,Wet/Standing Water,Curve,Level,Lowest,No
21962,34,New Jersey,340377,0,1,1,0,1,FORT LEE,November,24,Friday,7,24,Urban,High Speed (Arterial),Yes,40.852375,-73.98468611,Non-Intersection,Daylight,Clear,7:00am-7:59am,30,7:00am-7:59am,37,8:00am-8:59am,11,1,Daylight,Clear,1,0,['Driver'],['None_Used'],1,1,Valid,0.0,0.0,24.0,24.0,['Female'],1,0,2,4,2,Dry,Curve,Level,Lowest,No
21963,34,New Jersey,340378,1,1,1,0,1,ELIZABETH,November,13,Monday,1,52,Urban,High Speed (Arterial),Yes,40.66543333,-74.20512222,Complex/Circle,Dark - Unknown Lighting,Clear,Unknown,Unknown,Unknown EMS Scene Arrival Hour,Unknown EMS Scene Arrival Minutes,Unknown,Unknown EMS Hospital Arrival Time,1,Dark - Unlighted,Clear,0,1,[],[],0,0,Valid,1.0,0.0,53.0,53.0,['Male'],0,0,3,3,4,Dry,Straight,Level,Lowest,No
21964,34,New Jersey,340379,0,1,1,0,1,NOT APPLICABLE,November,9,Thursday,11,50,Rural,Medium Speed (Collector),No,39.81438333,-74.54703611,Non-Intersection,Daylight,Clear,11:00am-11:59am,53,12:00pm-12:59pm,8,12:00pm-12:59pm,30,1,Daylight,Clear,1,0,['Driver'],['None_Used'],0,0,Valid,1.0,0.0,65.0,65.0,['Male'],0,0,5,4,2,Dry,Curve,Level,Lowest,No
21965,34,New Jersey,340380,0,1,1,0,2,WEST ORANGE,November,28,Tuesday,8,17,Urban,High Speed (Arterial),Yes,40.77567222,-74.24438889,Non-Intersection,Daylight,Clear,Unknown,Unknown if Notified,Unknown EMS Scene Arrival Hour,Unknown if Arrived,Not Applicable (Not Transported),Not Applicable (Not Transported),2,Daylight,Clear,2,0,"['Driver', 'Front_Passenger']","['None_Used', 'None_Used']",0,0,Valid,1.0,0.0,55.0,55.0,['Male'],2,0,1,4,3,Dry,Straight,Level,Medium,No
21966,34,New Jersey,340381,1,1,1,0,1,ATLANTIC CITY,November,19,Sunday,20,16,Urban,High Speed (Arterial),Yes,39.35521111,-74.45795278,Non-Intersection,Dark - Unknown Lighting,Clear,8:00pm-8:59pm,20,8:00pm-8:59pm,21,8:00pm-8:59pm,35,1,Dark - Unlighted,Clear,0,1,[],[],1,1,Valid,0.0,0.0,38.0,38.0,['Male'],0,0,3,3,4,Dry,Straight,Level,Lowest,No
21967,34,New Jersey,340382,0,2,2,0,5,CHESTERFIELD,November,26,Sunday,2,32,Urban,High Speed (Arterial),Yes,40.14949167,-74.66883056,Non-Intersection,Dark - Not Lighted,Clear,2:00am-2:59am,33,3:00am-3:59am,0,3:00am-3:59am,37,1,Dark - Unlighted,Clear,1,4,['Rear_Seat'],['Shoulder_Lapbelt'],0,0,Valid,0.0,0.0,64.0,23.0,"['Male', 'Male']",0,0,2,4,5,Dry,Straight,Level,Lowest,Yes
21968,34,New Jersey,340383,0,2,2,0,3,NOT APPLICABLE,November,3,Friday,19,56,Urban,High Speed (Arterial),Yes,39.85941667,-74.92178333,Simple Junction,Dark - Not Lighted,Clear,7:00pm-7:59pm,58,8:00pm-8:59pm,3,Not Applicable (Not Transported),Not Applicable (Not Transported),1,Dark - Unlighted,Clear,1,2,['Driver'],['None_Used'],0,0,Valid,1.0,1.0,19.0,18.0,"['Male', 'Male']",1,0,5,4,5,Dry,Curve,Level,Lowest,No