,State_Code,State_Name,Crash_ID,Count_Non_Motorists,Count_Vehicles_Total,Count_Vehicle_Forms,Count_PVH_Involved,Count_Occupants_MV,City_Name,Month_Name,Day_of_Month,Day_of_Week,Crash_Hour,Crash_Minute,Area_Rural_Urban,Road_Functional_Class,On_NHS_Road,Latitude,Longitude,Intersection_Type,Light_Condition,Weather_Condition,Notif_Hour,Notif_Minute,Arrival_Hour,Arrival_Minute,Hospital_Hour,Hospital_Minute,Fatalities_Count,Clean_Light_Condition,Clean_Weather_Condition,Total_Killed,Total_Alive,Fatal_Seats_List,Killed_Restraint_List,Any_Driver_Drinking,Total_Drinking_Drivers,Driver_License_Category,Driver_Max_Prev_Accident_Count,Driver_Max_Prev_Speeding_Count,Max_Driver_Age,Min_Driver_Age,Driver_Sex_List,Total_Exceeding_Limit_Vehicles,Total_Too_Fast_Vehicles,Max_Vehicle_Type_Severity_5,Max_Vehicle_Damage_Rank,Max_Harmful_Event_Severity,Crash_Road_Surface_Condition,Crash_Horizontal_Alignment,Crash_Vertical_Profile,Crash_Impairment_Category,Crash_Vehicle_Defect
21969,34,New Jersey,340384,0,2,2,0,2,BRICK TOWN,November,4,Saturday,12,41,Urban,High Speed (Arterial),Yes,40.045625,-74.14213889,Simple Junction,Daylight,Clear,12:00pm-12:59pm,44,12:00pm-12:59pm,48,1:00pm-1:59pm,37,1,Daylight,Clear,1,0,['Driver'],['Shoulder_Lapbelt'],0,0,Valid,2.0,0.0,93.0,59.0,"['Female', 'Female']",0,0,2,4,5,Dry,Straight,Level,Lowest,No
21970,34,New Jersey,340385,1,1,1,0,1,CARNEYS POINT,November,24,Friday,1,50,Urban,Medium Speed (Collector),No,39.74293889,-75.45510556,Non-Intersection,Dark - Lighted,Clear,Unknown,Unknown,Unknown EMS Scene Arrival Hour,Unknown EMS Scene Arrival Minutes,Not Applicable (Not Transported),Not Applicable (Not Transported),1,Dark - Lighted,Clear,0,1,[],[],1,1,Valid,0.0,0.0,52.0,52.0,['Male'],0,0,2,1,4,Dry,Straight,Level,Lowest,No
21971,34,New Jersey,340386,1,1,1,0,1,TRENTON,November,20,Monday,20,55,Urban,Medium Speed (Collector),No,77.7777,777.7777,Non-Intersection,Dark - Unknown Lighting,Clear,8:00pm-8:59pm,54,8:00pm-8:59pm,54,9:00pm-9:59pm,7,1,Dark - Unlighted,Clear,0,1,[],[],0,0,Valid,2.0,0.0,32.0,32.0,['Male'],0,0,2,3,4,Dry,Straight,Level,Lowest,No
21972,34,New Jersey,340387,1,1,1,0,1,HAMMONTON,November,11,Saturday,16,19,Urban,Medium Speed (Collector),No,39.63100833,-74.79675833,Simple Junction,Dark - Unknown Lighting,Clear,4:00pm-4:59pm,21,4:00pm-4:59pm,24,4:00pm-4:59pm,45,1,Dark - Unlighted,Clear,0,1,[],[],0,0,Valid,0.0,0.0,69.0,69.0,['Male'],0,0,2,4,4,Dry,Straight,Level,Lowest,No
21973,34,New Jersey,340388,0,2,2,0,2,NEWARK,November,27,Monday,17,14,Urban,Medium Speed (Collector),No,40.77464444,-74.16968056,Complex/Circle,Dark - Not Lighted,Clear,5:00pm-5:59pm,25,5:00pm-5:59pm,34,6:00pm-6:59pm,1,1,Dark - Unlighted,Clear,1,0,['Driver'],['Shoulder_Lapbelt'],0,0,Valid,1.0,0.0,70.0,27.0,"['Male', 'Female']",0,0,3,4,5,Dry,Straight,Level,Lowest,No
21974,34,New Jersey,340389,1,1,1,0,1,BOUND BROOK,November,20,Monday,18,10,Urban,High Speed (Arterial),Yes,40.56809444,-74.55185556,Non-Intersection,Dark - Lighted,Clear,Unknown,Unknown,Unknown EMS Scene Arrival Hour,Unknown EMS Scene Arrival Minutes,Unknown,Unknown EMS Hospital Arrival Time,1,Dark - Lighted,Clear,0,1,[],[],0,0,Valid,0.0,0.0,36.0,36.0,['Female'],0,0,2,2,4,Dry,Straight,Level,Lowest,No
21975,34,New Jersey,340390,0,2,2,0,3,HAMPTON,November,27,Monday,7,44,Urban,High Speed (Arterial),Yes,40.71013611,-74.96059444,Non-Intersection,Daylight,Clear,7:00am-7:59am,45,7:00am-7:59am,49,Not Applicable (Not Transported),Not Applicable (Not Transported),1,Daylight,Clear,1,2,['Driver'],['Shoulder_Lapbelt'],0,0,Valid,1.0,0.0,55.0,49.0,"['Male', 'Male']",0,0,4,4,5,Wet/Standing Water,Curve,Grade/Hillcrest,Lowest,No
21976,34,New Jersey,340391,1,1,1,0,4,FRANKLIN LAKES,August,6,Sunday,11,24,Urban,Low Speed (Local),No,41.00666111,-74.23078333,Non-Intersection,Daylight,Clear,11:00am-11:59am,27,11:00am-11:59am,38,12:00pm-12:59pm,18,1,Daylight,Clear,0,4,[],[],0,0,Valid,0.0,0.0,35.0,35.0,['Female'],0,0,3,2,4,Dry,Straight,Non-Trafficway,Lowest,No
21977,34,New Jersey,340392,1,1,1,0,1,NOT APPLICABLE,September,4,Monday,8,33,Rural,Medium Speed (Collector),No,40.208375,-74.46229444,Non-Intersection,Daylight,Clear,8:00am-8:59am,31,8:00am-8:59am,36,9:00am-9:59am,27,1,Daylight,Clear,0,1,[],[],0,0,Valid,1.0,0.0,45.0,45.0,['Male'],0,0,3,3,4,Dry,Straight,Grade/Hillcrest,Lowest,No
21978,34,New Jersey,340393,0,1,1,0,3,ELIZABETH,September,11,Monday,18,54,Urban,Low Speed (Local),No,40.65048889,-74.17595556,Non-Intersection,Daylight,Cloudy,7:00pm-7:59pm,5,7:00pm-7:59pm,12,7:00pm-7:59pm,42,1,Daylight,Reduced Visibility,1,2,['Rear_Seat'],['None_Used'],0,0,Valid,0.0,0.0,19.0,19.0,['Male'],3,0,2,4,3,Wet/Standing Water,Curve,Level,Lowest,Yes
21979,34,New Jersey,340394,0,1,1,0,1,FLORENCE,October,20,Friday,17,49,Urban,High Speed (Arterial),Yes,40.07401389,-74.77835833,Non-Intersection,Daylight,Cloudy,5:00pm-5:59pm,51,6:00pm-6:59pm,0,Not Applicable (Not Transported),Not Applicable (Not Transported),1,Daylight,Reduced Visibility,1,0,['Driver'],['Shoulder_Lapbelt'],0,0,Valid,0.0,0.0,64.0,64.0,['Male'],0,0,3,4,3,Dry,Straight,Level,Lowest,No
21980,34,New Jersey,340395,1,1,1,0,1,WOODLAND PARK,October,15,Sunday,19,35,Urban,Medium Speed (Collector),No,40.89166944,-74.21291667,Non-Intersection,Dark - Lighted,Clear,Unknown,Unknown,Unknown EMS Scene Arrival Hour,Unknown EMS Scene Arrival Minutes,Unknown,Unknown EMS Hospital Arrival Time,1,Dark - Lighted,Clear,0,1,[],[],0,0,Valid,3.0,0.0,57.0,57.0,['Male'],0,0,3,3,4,Dry,Straight,Level,Lowest,No
21981,34,New Jersey,340396,0,1,1,0,1,WINSLOW,October,29,Sunday,6,22,Urban,High Speed (Arterial),Yes,39.70610278,-74.96881389,Non-Intersection,Dark - Not Lighted,Clear,6:00am-6:59am,21,6:00am-6:59am,29,Not Applicable (Not Transported),Not Applicable (Not Transported),1,Dark - Unlighted,Clear,1,0,['Driver'],['Shoulder_Lapbelt'],0,0,Invalid,0.0,0.0,41.0,41.0,['Female'],1,0,2,4,3,Dry,Straight,Level,Lowest,No
21982,34,New Jersey,340397,1,1,1,0,1,BLOOMFIELD,October,20,Friday,18,44,Urban,High Speed (Arterial),Yes,40.77911389,-74.18943333,Complex/Circle,Dark - Lighted,Rain,6:00pm-6:59pm,46,6:00pm-6:59pm,53,7:00pm-7:59pm,25,1,Dark - Lighted,Rain/Wind/Minor,0,1,[],[],0,0,Valid,0.0,0.0,21.0,21.0,['Male'],0,0,2,2,4,Wet/Standing Water,Straight,Level,Lowest,Yes
21983,34,New Jersey,340398,0,1,1,0,2,RAMSEY,October,2,Monday,20,46,Urban,High Speed (Arterial),Yes,41.07179722,-74.14039722,Non-Intersection,Dark - Lighted,Clear,8:00pm-8:59pm,48,8:00pm-8:59pm,57,9:00pm-9:59pm,22,1,Dark - Lighted,Clear,1,1,['Driver'],['Lapbelt_Only'],0,0,Valid,1.0,0.0,64.0,64.0,['Male'],0,0,1,4,3,Dry,Straight,Level,Medium,No
21984,34,New Jersey,340399,0,3,2,1,3,WOODBRIDGE,September,8,Friday,12,45,Urban,High Speed (Arterial),Yes,40.56385556,-74.29968611,Non-Intersection,Daylight,Clear,12:00pm-12:59pm,46,12:00pm-12:59pm,51,2:00pm-2:59pm,3,1,Daylight,Clear,1,2,['Driver'],['None_Used'],0,0,Valid,1.0,0.0,49.0,46.0,"['Female', 'Male']",1,0,5,4,5,Dry,Straight,Non-Trafficway,Lowest,No
21985,34,New Jersey,340400,0,1,1,0,1,PARSIPPANY,October,27,Friday,1,14,Urban,High Speed (Arterial),Yes,40.85923611,-74.36660833,Non-Intersection,Dark - Not Lighted,Clear,1:00am-1:59am,18,1:00am-1:59am,29,Not Applicable (Not Transported),Not Applicable (Not Transported),1,Dark - Unlighted,Clear,1,0,['Driver'],['None_Used'],1,1,Valid,0.0,0.0,44.0,44.0,['Male'],1,0,5,4,3,Dry,Curve,Level,Lowest,No
21986,34,New Jersey,340401,1,1,1,0,1,NEW BRUNSWICK,July,29,Saturday,6,43,Urban,Medium Speed (Collector),No,40.58451944,-74.47136389,Non-Intersection,Daylight,Clear,Unknown,Unknown,Unknown EMS Scene Arrival Hour,Unknown EMS Scene Arrival Minutes,Not Applicable (Not Transported),Not Applicable (Not Transported),1,Daylight,Clear,0,1,[],[],0,0,Valid,2.0,0.0,33.0,33.0,['Male'],0,0,3,4,4,Dry,Straight,Level,Lowest,No
21987,34,New Jersey,340402,1,1,1,0,1,MIDDLETOWN,July,19,Wednesday,21,21,Urban,High Speed (Arterial),Yes,40.37313889,-74.087475,Complex/Circle,Dark - Unknown Lighting,Clear,9:00pm-9:59pm,31,9:00pm-9:59pm,47,Unknown,Unknown EMS Hospital Arrival Time,1,Dark - Unlighted,Clear,0,1,[],[],1,1,Valid,0.0,0.0,44.0,44.0,['Male'],1,0,3,4,4,Dry,Straight,Grade/Hillcrest,Lowest,No
21988,34,New Jersey,340403,1,1,1,0,1,SOUTH RIVER,July,7,Friday,16,21,Urban,Medium Speed (Collector),No,40.44800278,-74.37509444,Non-Intersection,Daylight,Clear,4:00pm-4:59pm,25,4:00pm-4:59pm,30,4:00pm-4:59pm,56,1,Daylight,Clear,0,0,[],[],0,0,Valid,0.0,0.0,63.0,63.0,['Male'],0,0,3,2,4,Dry,Straight,Grade/Hillcrest,Lowest,No
21989,34,New Jersey,340404,0,2,2,0,3,TOMS RIVER,August,16,Wednesday,11,35,Urban,High Speed (Arterial),Yes,39.95722222,-74.12451111,Complex/Circle,Daylight,Clear,11:00am-11:59am,36,11:00am-11:59am,37,Unknown,Unknown EMS Hospital Arrival Time,1,Daylight,Clear,1,2,['Driver'],['Shoulder_Lapbelt'],0,0,Valid,1.0,0.0,75.0,17.0,"['Female', 'Male']",0,0,2,4,5,Dry,Straight,Level,Lowest,No
21990,34,New Jersey,340405,0,2,2,0,6,LAKEWOOD,October,7,Saturday,2,18,Urban,High Speed (Arterial),Yes,40.07574444,-74.18456111,Complex/Circle,Dark - Unknown Lighting,"Fog, Smog, Smoke",2:00am-2:59am,24,2:00am-2:59am,28,3:00am-3:59am,23,3,Dark - Unlighted,Reduced Visibility,3,3,"['Driver', 'Front_Passenger', 'Rear_Seat']","['Shoulder_Lapbelt', 'Shoulder_Lapbelt', 'None_Used']",1,1,Valid,3.0,1.0,56.0,23.0,"['Female', 'Male']",5,0,3,4,5,Dry,Straight,Level,Lowest,Yes
21991,34,New Jersey,340406,1,1,1,0,1,GALLOWAY TOWNSHIP,November,19,Sunday,18,35,Rural,Medium Speed (Collector),No,39.5386,-74.61211389,Non-Intersection,Daylight,Clear,6:00pm-6:59pm,39,6:00pm-6:59pm,51,7:00pm-7:59pm,24,1,Daylight,Clear,0,1,[],[],0,0,Valid,0.0,0.0,18.0,18.0,['Male'],0,0,3,2,4,Dry,Straight,Grade/Hillcrest,Lowest,No
21992,34,New Jersey,340407,0,2,2,0,2,LAKEWOOD,November,6,Monday,20,22,Urban,Medium Speed (Collector),No,40.09836111,-74.2563,Simple Junction,Dark - Unknown Lighting,Clear,9:00pm-9:59pm,29,9:00pm-9:59pm,29,9:00pm-9:59pm,50,1,Dark - Unlighted,Clear,1,1,['Driver'],['None_Used'],1,1,Valid,2.0,1.0,59.0,29.0,"['Male', 'Male']",1,0,5,4,5,Dry,Straight,Level,Lowest,No
21993,34,New Jersey,340408,1,1,1,0,1,ELIZABETH,November,7,Tuesday,0,53,Urban,Medium Speed (Collector),No,40.68022778,-74.19540556,Non-Intersection,Dark - Unknown Lighting,Clear,1:00am-1:59am,7,1:00am-1:59am,16,Unknown,Unknown EMS Hospital Arrival Time,1,Dark - Unlighted,Clear,0,1,[],[],0,0,Valid,2.0,1.0,36.0,36.0,['Male'],0,0,3,4,4,Dry,Straight,Level,Lowest,No
21994,34,New Jersey,340409,0,3,1,2,1,HILLSIDE,November,7,Tuesday,15,18,Urban,Medium Speed (Collector),No,40.69923056,-74.21547222,Non-Intersection,Daylight,Clear,3:00pm-3:59pm,18,3:00pm-3:59pm,23,Not Applicable (Not Transported),Not Applicable (Not Transported),1,Daylight,Clear,1,0,['Driver'],['None_Used'],1,1,Valid,0.0,0.0,19.0,19.0,['Male'],0,0,5,4,1,Dry,Straight,Level,Lowest,No
21995,34,New Jersey,340410,0,1,1,0,2,LAWRENCEVILLE,November,7,Tuesday,14,43,Urban,Medium Speed (Collector),No,40.30913333,-74.70603333,Non-Intersection,Daylight,Clear,2:00pm-2:59pm,48,2:00pm-2:59pm,54,3:00pm-3:59pm,27,1,Daylight,Clear,1,1,['Driver'],['Shoulder_Lapbelt'],0,0,Valid,0.0,0.0,78.0,78.0,['Male'],0,0,3,4,3,Dry,Straight,Grade/Hillcrest,Medium,No
21996,34,New Jersey,340411,0,2,2,0,6,NEWARK,November,10,Friday,4,32,Urban,High Speed (Arterial),Yes,40.74720278,-74.18896111,Complex/Circle,Dark - Lighted,Clear,4:00am-4:59am,35,4:00am-4:59am,40,5:00am-5:59am,19,1,Dark - Lighted,Clear,1,5,['Rear_Seat'],['Shoulder_Lapbelt'],0,0,Valid,1.0,0.0,55.0,14.0,"['Male', 'Male']",4,0,4,4,5,Dry,Straight,Level,Lowest,No
21997,34,New Jersey,340412,1,1,1,0,1,JERSEY CITY,November,4,Saturday,15,50,Urban,Medium Speed (Collector),Yes,40.73298611,-74.039175,Simple Junction,Daylight,Clear,3:00pm-3:59pm,52,3:00pm-3:59pm,54,4:00pm-4:59pm,5,1,Daylight,Clear,0,1,[],[],0,0,Valid,0.0,0.0,31.0,31.0,['Male'],0,0,2,2,4,Dry,Straight,Level,Lowest,No
21998,34,New Jersey,340413,1,1,1,0,1,EGG HARBOR TOWNSHIP,November,9,Thursday,18,41,Urban,High Speed (Arterial),Yes,39.37970278,-74.49285833,Non-Intersection,Dark - Lighted,Clear,6:00pm-6:59pm,42,6:00pm-6:59pm,50,Not Applicable (Not Transported),Not Applicable (Not Transported),1,Dark - Lighted,Clear,0,0,[],[],0,0,Invalid,0.0,0.0,999.0,999.0,['Other'],0,0,1,0,4,Dry,Straight,Level,Lowest,No
21999,34,New Jersey,340414,0,3,3,0,3,MT LAUREL,November,9,Thursday,8,12,Urban,High Speed (Arterial),Yes,39.98767222,-74.88523056,Non-Intersection,Daylight,Clear,8:00am-8:59am,16,8:00am-8:59am,19,8:00am-8:59am,56,1,Daylight,Clear,1,2,['Driver'],['None_Used'],0,0,Valid,2.0,0.0,62.0,35.0,"['Male', 'Male', 'Male']",0,0,4,4,5,Dry,Straight,Level,Lowest,No
22000,34,New Jersey,340415,0,1,1,0,2,HAMILTON,November,22,Wednesday,0,56,Rural,High Speed (Arterial),Yes,39.57957222,-74.7766,Non-Intersection,Dark - Not Lighted,Rain,1:00am-1:59am,0,1:00am-1:59am,15,1:00am-1:59am,59,1,Dark - Unlighted,Rain/Wind/Minor,1,1,['Front_Passenger'],['None_Used'],0,0,Valid,0.0,0.0,58.0,58.0,['Male'],2,0,3,4,3,Wet/Standing Water,Straight,Level,Lowest,No
22001,34,New Jersey,340416,1,1,1,0,1,WEST WINDSOR,November,27,Monday,17,37,Urban,Medium Speed (Collector),No,40.30119722,-74.59517778,Complex/Circle,Dark - Unknown Lighting,Clear,5:00pm-5:59pm,37,5:00pm-5:59pm,43,6:00pm-6:59pm,2,1,Dark - Unlighted,Clear,0,1,[],[],0,0,Valid,0.0,0.0,65.0,65.0,['Male'],0,0,3,3,4,Dry,Straight,Level,Lowest,No
22002,34,New Jersey,340417,1,1,1,0,1,ELIZABETH,October,24,Tuesday,3,52,Urban,High Speed (Arterial),Yes,40.68061389,-74.20906111,Non-Intersection,Dark - Lighted,Clear,3:00am-3:59am,53,3:00am-3:59am,59,4:00am-4:59am,20,1,Dark - Lighted,Clear,0,1,[],[],0,0,Valid,1.0,0.0,52.0,52.0,['Male'],0,0,3,2,4,Dry,Straight,Level,Lowest,No
22003,34,New Jersey,340418,0,1,1,0,1,PRINCETON,October,4,Wednesday,23,45,Urban,Medium Speed (Collector),No,40.32774444,-74.67936389,Non-Intersection,Dark - Lighted,"Fog, Smog, Smoke",11:00pm-11:59pm,57,0:00am-0:59am,2,Not Applicable (Not Transported),Not Applicable (Not Transported),1,Dark - Lighted,Reduced Visibility,1,0,['Driver'],['Shoulder_Lapbelt'],1,1,Valid,1.0,0.0,23.0,23.0,['Male'],1,0,2,4,3,Dry,Curve,Level,Lowest,No
22004,34,New Jersey,340419,0,1,1,0,2,EDISON,October,21,Saturday,13,8,Urban,High Speed (Arterial),Yes,40.52133889,-74.3527,Non-Intersection,Daylight,Clear,1:00pm-1:59pm,4,1:00pm-1:59pm,20,2:00pm-2:59pm,2,1,Daylight,Clear,1,1,['Rear_Seat'],['Shoulder_Lapbelt'],0,0,Valid,0.0,0.0,65.0,65.0,['Male'],2,0,3,4,3,Dry,Straight,Level,Lowest,No
22005,34,New Jersey,340420,0,2,2,0,2,WAYNE,October,15,Sunday,10,50,Urban,Medium Speed (Collector),No,40.94368889,-74.24357222,Non-Intersection,Daylight,Clear,Unknown,Unknown,Unknown EMS Scene Arrival Hour,Unknown EMS Scene Arrival Minutes,Unknown,Unknown EMS Hospital Arrival Time,1,Daylight,Clear,1,1,['Driver'],['Shoulder_Lapbelt'],0,0,Valid,1.0,1.0,83.0,42.0,"['Female', 'Male']",0,0,3,4,5,Dry,Straight,Level,Lowest,No
22006,34,New Jersey,340421,0,4,4,0,6,PENNSAUKEN,August,8,Tuesday,12,54,Urban,High Speed (Arterial),Yes,39.94164444,-75.072475,Complex/Circle,Daylight,Clear,12:00pm-12:59pm,55,1:00pm-1:59pm,0,1:00pm-1:59pm,35,1,Daylight,Clear,1,4,['Front_Passenger'],['Shoulder_Lapbelt'],1,1,Valid,0.0,0.0,77.0,30.0,"['Male', 'Female', 'Male', 'Male']",0,0,2,4,5,Dry,Straight,Level,Medium,No
22007,34,New Jersey,340422,0,2,2,0,4,HOWELL,September,24,Sunday,2,53,Urban,High Speed (Arterial),Yes,40.15517222,-74.22963056,Complex/Circle,Dark - Unknown Lighting,Rain,2:00am-2:59am,55,3:00am-3:59am,1,3:00am-3:59am,55,1,Dark - Unlighted,Rain/Wind/Minor,1,3,['Driver'],['Shoulder_Lapbelt'],1,1,Valid,0.0,0.0,69.0,19.0,"['Male', 'Male']",2,0,3,4,5,Wet/Standing Water,Straight,Level,Lowest,Yes
22008,34,New Jersey,340423,1,2,1,1,1,LODI,July,23,Sunday,9,7,Urban,High Speed (Arterial),Yes,40.88986389,-74.07314722,Non-Intersection,Daylight,Clear,Unknown,Unknown,Unknown EMS Scene Arrival Hour,Unknown EMS Scene Arrival Minutes,Unknown,Unknown EMS Hospital Arrival Time,1,Daylight,Clear,0,1,[],[],1,1,Valid,0.0,0.0,21.0,21.0,['Male'],0,0,2,4,5,Dry,Straight,Level,Lowest,No
22009,34,New Jersey,340424,0,1,1,0,1,CRANBURY,October,26,Thursday,17,48,Urban,High Speed (Arterial),Yes,40.31449722,-74.48915833,Non-Intersection,Daylight,Clear,5:00pm-5:59pm,51,6:00pm-6:59pm,2,Not Applicable (Not Transported),Not Applicable (Not Transported),1,Daylight,Clear,1,0,['Driver'],['None_Used'],0,0,Valid,0.0,0.0,25.0,25.0,['Male'],0,0,5,4,2,Dry,Straight,Level,Lowest,No
22010,34,New Jersey,340425,1,1,1,0,3,BRIDGEWATER,November,19,Sunday,9,55,Urban,High Speed (Arterial),Yes,40.56937778,-74.57531389,Non-Intersection,Daylight,Clear,9:00am-9:59am,58,10:00am-10:59am,0,10:00am-10:59am,28,1,Daylight,Clear,0,3,[],[],0,0,Valid,1.0,0.0,73.0,73.0,['Male'],0,0,3,3,4,Dry,Straight,Level,Lowest,No
22011,34,New Jersey,340426,0,3,3,0,4,ALLAMUCHY,November,22,Wednesday,15,18,Urban,Medium Speed (Collector),No,40.89066667,-74.82695,Simple Junction,Daylight,Clear,3:00pm-3:59pm,20,3:00pm-3:59pm,27,4:00pm-4:59pm,0,1,Daylight,Clear,1,3,['Driver'],['Shoulder_Lapbelt'],1,1,Invalid,0.0,1.0,59.0,33.0,"['Male', 'Male', 'Female']",1,0,3,4,5,Dry,Straight,Level,Lowest,No
22012,34,New Jersey,340427,0,2,2,0,2,RIVERDALE,November,26,Sunday,21,2,Rural,Low Speed (Local),No,40.98863611,-74.32682778,Complex/Circle,Dark - Lighted,Rain,9:00pm-9:59pm,4,9:00pm-9:59pm,9,9:00pm-9:59pm,38,1,Dark - Lighted,Rain/Wind/Minor,1,1,['Driver'],['None_Used'],0,0,Valid,1.0,0.0,40.0,32.0,"['Female', 'Male']",0,0,5,4,5,Dry,Straight,Level,Lowest,No
22013,34,New Jersey,340428,0,2,2,0,2,NOT APPLICABLE,November,1,Wednesday,17,15,Rural,Medium Speed (Collector),No,39.68525,-74.53330278,Simple Junction,Daylight,Clear,5:00pm-5:59pm,19,5:00pm-5:59pm,32,Unknown,Unknown EMS Hospital Arrival Time,2,Daylight,Clear,2,0,"['Driver', 'Driver']","['Shoulder_Lapbelt', 'Shoulder_Lapbelt']",0,0,Valid,1.0,1.0,36.0,22.0,"['Female', 'Female']",1,0,3,4,5,Dry,Straight,Level,Lowest,No
22014,34,New Jersey,340429,0,2,2,0,3,PEMBERTON,November,14,Tuesday,12,33,Urban,High Speed (Arterial),Yes,39.95994722,-74.65888056,Non-Intersection,Daylight,Clear,12:00pm-12:59pm,37,12:00pm-12:59pm,44,1:00pm-1:59pm,25,2,Daylight,Clear,2,1,"['Driver', 'Front_Passenger']","['Shoulder_Lapbelt', 'Shoulder_Lapbelt']",1,1,Valid,4.0,1.0,45.0,39.0,"['Female', 'Male']",2,0,2,4,5,Dry,Curve,Level,Lowest,No
22015,34,New Jersey,340430,0,3,3,0,4,OXFORD,November,21,Tuesday,15,29,Urban,High Speed (Arterial),Yes,40.8029,-74.99297778,Non-Intersection,Daylight,Rain,3:00pm-3:59pm,35,3:00pm-3:59pm,36,5:00pm-5:59pm,20,1,Daylight,Rain/Wind/Minor,1,3,['Driver'],['Shoulder_Lapbelt'],0,0,Valid,1.0,0.0,82.0,20.0,"['Male', 'Male', 'Male']",1,0,4,4,5,Wet/Standing Water,Curve,Grade/Hillcrest,Lowest,No
22016,34,New Jersey,340431,0,2,2,0,2,READINGTON,November,10,Friday,14,11,Urban,High Speed (Arterial),Yes,40.61881111,-74.75548056,Non-Intersection,Daylight,Clear,2:00pm-2:59pm,18,2:00pm-2:59pm,28,2:00pm-2:59pm,52,1,Daylight,Clear,1,1,['Driver'],['Shoulder_Lapbelt'],0,0,Valid,0.0,0.0,66.0,47.0,"['Male', 'Male']",1,0,4,4,5,Dry,Straight,Grade/Hillcrest,Lowest,No
22017,34,New Jersey,340432,0,2,2,0,2,WANTAGE TOWNSHIP,November,3,Friday,14,45,Urban,Medium Speed (Collector),No,41.18101389,-74.65048056,Non-Intersection,Daylight,Clear,2:00pm-2:59pm,47,2:00pm-2:59pm,55,3:00pm-3:59pm,28,1,Daylight,Clear,1,1,['Driver'],['Shoulder_Lapbelt'],0,0,Valid,1.0,0.0,44.0,41.0,"['Male', 'Female']",0,0,3,4,5,Dry,Curve,Grade/Hillcrest,Lowest,No
22018,34,New Jersey,340433,0,2,2,0,4,ROCKAWAY,November,21,Tuesday,6,51,Urban,High Speed (Arterial),Yes,40.91041111,-74.56556667,Non-Intersection,Daylight,Clear,6:00am-6:59am,56,7:00am-7:59am,0,7:00am-7:59am,33,1,Daylight,Clear,1,3,['Rear_Seat'],['None_Used'],0,0,Valid,0.0,0.0,64.0,57.0,"['Male', 'Female']",0,0,3,4,5,Dry,Straight,Level,Lowest,No
22019,34,New Jersey,340435,0,2,2,0,2,SAYREVILLE,September,21,Thursday,5,16,Urban,High Speed (Arterial),Yes,40.46925556,-74.29774444,Non-Intersection,Dark - Lighted,Clear,5:00am-5:59am,24,5:00am-5:59am,35,6:00am-6:59am,1,1,Dark - Lighted,Clear,1,1,['Driver'],['Shoulder_Lapbelt'],0,0,Valid,1.0,0.0,59.0,52.0,"['Male', 'Male']",0,0,4,4,5,Dry,Curve,Level,Lowest,No
22020,34,New Jersey,340436,1,1,1,0,1,WARREN,October,1,Sunday,21,2,Urban,High Speed (Arterial),Yes,40.64795,-74.52127778,Non-Intersection,Dark - Lighted,Clear,9:00pm-9:59pm,0,9:00pm-9:59pm,10,9:00pm-9:59pm,41,1,Dark - Lighted,Clear,0,1,[],[],0,0,Valid,0.0,0.0,27.0,27.0,['Male'],0,0,2,3,4,Dry,Straight,Level,Lowest,No
22021,34,New Jersey,340437,0,2,2,0,2,PLEASANTVILLE,October,30,Monday,12,28,Urban,Medium Speed (Collector),No,39.40611111,-74.50978056,Complex/Circle,Daylight,Clear,12:00pm-12:59pm,29,12:00pm-12:59pm,36,Not Applicable (Not Transported),Not Applicable (Not Transported),1,Daylight,Clear,1,1,['Driver'],['None_Used'],0,0,Invalid,1.0,0.0,45.0,41.0,"['Male', 'Male']",0,0,5,4,5,Dry,Straight,Level,Lowest,No
22022,34,New Jersey,340438,1,1,1,0,4,MOUNT HOLLY,October,20,Friday,19,29,Urban,High Speed (Arterial),Yes,39.98193333,-74.77691667,Non-Intersection,Dark - Not Lighted,"Fog, Smog, Smoke",7:00pm-7:59pm,33,7:00pm-7:59pm,35,Unknown,Unknown EMS Hospital Arrival Time,1,Dark - Unlighted,Reduced Visibility,0,4,[],[],0,0,Valid,0.0,0.0,44.0,44.0,['Female'],0,0,3,4,4,Dry,Straight,Level,Lowest,No
22023,34,New Jersey,340439,0,2,2,0,5,MT OLIVE,October,2,Monday,16,33,Urban,High Speed (Arterial),Yes,40.90731667,-74.72621944,Non-Intersection,Daylight,Clear,4:00pm-4:59pm,28,4:00pm-4:59pm,38,5:00pm-5:59pm,33,1,Daylight,Clear,1,4,['Rear_Seat'],['None_Used'],0,0,Valid,0.0,0.0,82.0,61.0,"['Male', 'Male']",0,0,3,4,5,Dry,Straight,Level,Lowest,No
22024,34,New Jersey,340440,0,2,2,0,2,BRIDGETON,August,17,Thursday,0,8,Urban,Medium Speed (Collector),No,39.44006944,-75.21099167,Simple Junction,Dark - Lighted,Clear,0:00am-0:59am,7,0:00am-0:59am,12,1:00am-1:59am,17,1,Dark - Lighted,Clear,1,1,['Driver'],['None_Used'],1,1,Valid,3.0,2.0,53.0,35.0,"['Female', 'Male']",1,0,4,4,5,Dry,Straight,Level,Lowest,No
22025,34,New Jersey,340441,0,1,1,0,1,JERSEY CITY,October,2,Monday,22,33,Urban,High Speed (Arterial),Yes,40.73169444,-74.05251389,Non-Intersection,Dark - Unknown Lighting,Clear,10:00pm-10:59pm,43,10:00pm-10:59pm,42,11:00pm-11:59pm,13,1,Dark - Unlighted,Clear,1,0,['Driver'],['None_Used'],0,0,Valid,0.0,0.0,33.0,33.0,['Male'],1,0,5,4,3,Dry,Curve,Level,Lowest,No
22026,34,New Jersey,340442,1,1,1,0,1,JERSEY CITY,October,20,Friday,18,38,Urban,Medium Speed (Collector),No,40.72213611,-74.06952222,Simple Junction,Dark - Not Lighted,Rain,6:00pm-6:59pm,38,6:00pm-6:59pm,42,Not Applicable (Not Transported),Not Applicable (Not Transported),1,Dark - Unlighted,Rain/Wind/Minor,0,0,[],[],0,0,Invalid,0.0,0.0,999.0,999.0,['Other'],0,0,3,0,4,Wet/Standing Water,Straight,Level,Lowest,No
22027,34,New Jersey,340443,0,1,1,0,6,TOMS RIVER,July,8,Saturday,20,23,Rural,Low Speed (Local),No,40.01668056,-74.23348056,Non-Intersection,Dusk,Clear,8:00pm-8:59pm,25,8:00pm-8:59pm,38,Unknown,Unknown EMS Hospital Arrival Time,1,Twilight,Clear,1,5,['Non_Standard_Risk'],['None_Used'],0,0,Valid,0.0,0.0,20.0,20.0,['Male'],0,0,3,1,1,Dry,Straight,Non-Trafficway,Lowest,No