,State_Code,State_Name,Crash_ID,Count_Non_Motorists,Count_Vehicles_Total,Count_Vehicle_Forms,Count_PVH_Involved,Count_Occupants_MV,City_Name,Month_Name,Day_of_Month,Day_of_Week,Crash_Hour,Crash_Minute,Area_Rural_Urban,Road_Functional_Class,On_NHS_Road,Latitude,Longitude,Intersection_Type,Light_Condition,Weather_Condition,Notif_Hour,Notif_Minute,Arrival_Hour,Arrival_Minute,Hospital_Hour,Hospital_Minute,Fatalities_Count,Clean_Light_Condition,Clean_Weather_Condition,Total_Killed,Total_Alive,Fatal_Seats_List,Killed_Restraint_List,Any_Driver_Drinking,Total_Drinking_Drivers,Driver_License_Category,Driver_Max_Prev_Accident_Count,Driver_Max_Prev_Speeding_Count,Max_Driver_Age,Min_Driver_Age,Driver_Sex_List,Total_Exceeding_Limit_Vehicles,Total_Too_Fast_Vehicles,Max_Vehicle_Type_Severity_5,Max_Vehicle_Damage_Rank,Max_Harmful_Event_Severity,Crash_Road_Surface_Condition,Crash_Horizontal_Alignment,Crash_Vertical_Profile,Crash_Impairment_Category,Crash_Vehicle_Defect
22028,34,New Jersey,340444,1,1,1,0,1,SPRINGFIELD,November,9,Thursday,17,8,Rural,Low Speed (Local),No,40.710425,-74.31005833,Non-Intersection,Dusk,Clear,5:00pm-5:59pm,10,5:00pm-5:59pm,20,6:00pm-6:59pm,19,1,Twilight,Clear,0,1,[],[],0,0,Valid,0.0,0.0,50.0,50.0,['Female'],0,0,3,1,4,Dry,Straight,Non-Trafficway,Lowest,No
22029,34,New Jersey,340445,0,2,2,0,4,GLOUCESTER CITY,October,12,Thursday,0,40,Urban,High Speed (Arterial),Yes,88.8888,888.8888,Non-Intersection,Dark - Lighted,Clear,Unknown,Unknown,Unknown EMS Scene Arrival Hour,Unknown EMS Scene Arrival Minutes,Not Applicable (Not Transported),Not Applicable (Not Transported),1,Dark - Lighted,Clear,1,3,['Driver'],['None_Used'],1,1,Valid,2.0,0.0,33.0,32.0,"['Male', 'Male']",1,0,5,4,5,Dry,Straight,Grade/Hillcrest,Lowest,No
22030,34,New Jersey,340446,0,1,1,0,1,CAMDEN,August,24,Thursday,3,5,Urban,Medium Speed (Collector),Yes,39.96280278,-75.08335278,Non-Intersection,Dark - Unknown Lighting,Clear,3:00am-3:59am,2,3:00am-3:59am,7,Not Applicable (Not Transported),Not Applicable (Not Transported),1,Dark - Unlighted,Clear,1,0,['Driver'],['Shoulder_Lapbelt'],1,1,Invalid,0.0,0.0,21.0,21.0,['Male'],1,0,2,4,3,Dry,Straight,Grade/Hillcrest,Lowest,No
22031,34,New Jersey,340447,1,1,1,0,1,WOODBRIDGE,September,29,Friday,3,11,Urban,High Speed (Arterial),Yes,40.54997778,-74.32182222,Complex/Circle,Dark - Lighted,Rain,3:00am-3:59am,12,3:00am-3:59am,20,3:00am-3:59am,43,1,Dark - Lighted,Rain/Wind/Minor,0,1,[],[],0,0,Valid,0.0,1.0,39.0,39.0,['Male'],0,0,3,3,4,Wet/Standing Water,Straight,Level,Lowest,No
22032,34,New Jersey,340448,1,1,1,0,1,GARFIELD,December,19,Tuesday,6,33,Urban,Medium Speed (Collector),No,40.87229444,-74.10418056,Non-Intersection,Dark - Not Lighted,Clear,6:00am-6:59am,36,6:00am-6:59am,42,7:00am-7:59am,10,1,Dark - Unlighted,Clear,0,1,[],[],0,0,Valid,1.0,0.0,65.0,65.0,['Male'],0,0,3,2,4,Dry,Straight,Level,Lowest,No
22033,34,New Jersey,340449,0,2,2,0,3,MANSFIELD,December,27,Wednesday,22,36,Urban,High Speed (Arterial),Yes,40.08241944,-74.74535556,Non-Intersection,Dark - Lighted,Rain,10:00pm-10:59pm,42,10:00pm-10:59pm,54,11:00pm-11:59pm,37,1,Dark - Lighted,Rain/Wind/Minor,1,2,['Front_Passenger'],['None_Used'],0,0,Valid,0.0,0.0,47.0,47.0,['Female'],0,0,3,4,5,Wet/Standing Water,Straight,Grade/Hillcrest,Lowest,No
22034,34,New Jersey,340450,0,1,1,0,1,CLARK,December,31,Sunday,9,31,Urban,High Speed (Arterial),Yes,40.63598333,-74.29339444,Non-Intersection,Daylight,Clear,9:00am-9:59am,52,9:00am-9:59am,58,10:00am-10:59am,31,1,Daylight,Clear,1,0,['Driver'],['None_Used'],0,0,Valid,0.0,0.0,86.0,86.0,['Female'],0,0,2,4,2,Dry,Straight,Level,Lowest,No
22035,34,New Jersey,340451,1,1,1,0,1,NOT APPLICABLE,December,29,Friday,16,32,Urban,Low Speed (Local),No,40.67518056,-74.58731111,Simple Junction,Dusk,Cloudy,4:00pm-4:59pm,34,4:00pm-4:59pm,36,Not Applicable (Not Transported),Not Applicable (Not Transported),1,Twilight,Reduced Visibility,0,1,[],[],0,0,Valid,0.0,0.0,63.0,63.0,['Female'],0,0,3,2,4,Dry,Straight,Level,Lowest,No
22036,34,New Jersey,340452,1,1,1,0,1,NOT APPLICABLE,December,27,Wednesday,21,31,Urban,Medium Speed (Collector),No,39.73599722,-75.09456944,Non-Intersection,Dark - Not Lighted,Rain,9:00pm-9:59pm,32,9:00pm-9:59pm,38,10:00pm-10:59pm,4,1,Dark - Unlighted,Rain/Wind/Minor,0,1,[],[],0,0,Valid,0.0,0.0,55.0,55.0,['Male'],0,0,3,3,4,Wet/Standing Water,Straight,Level,Lowest,No
22037,34,New Jersey,340453,0,1,1,0,3,SCOTCH PLAINS,December,25,Monday,6,5,Urban,High Speed (Arterial),Yes,40.664075,-74.38919167,Non-Intersection,Dark - Unknown Lighting,Clear,6:00am-6:59am,9,6:00am-6:59am,12,6:00am-6:59am,58,1,Dark - Unlighted,Clear,1,2,['Rear_Seat'],['None_Used'],1,1,Valid,0.0,1.0,40.0,40.0,['Male'],0,0,3,4,3,Dry,Straight,Level,Lowest,No
22038,34,New Jersey,340454,1,1,1,0,2,CLIFTON,December,25,Monday,18,22,Urban,High Speed (Arterial),Yes,40.83423611,-74.14819444,Non-Intersection,Dark - Lighted,Clear,6:00pm-6:59pm,24,6:00pm-6:59pm,27,Not Applicable (Not Transported),Not Applicable (Not Transported),1,Dark - Lighted,Clear,0,2,[],[],0,0,Valid,0.0,0.0,38.0,38.0,['Male'],0,0,3,4,4,Dry,Straight,Grade/Hillcrest,Lowest,No
22039,34,New Jersey,340455,0,3,3,0,3,WALL TOWNSHIP,July,29,Saturday,5,0,Urban,High Speed (Arterial),Yes,40.17280556,-74.05141667,Complex/Circle,Dark - Unknown Lighting,Clear,5:00am-5:59am,1,5:00am-5:59am,7,5:00am-5:59am,45,1,Dark - Unlighted,Clear,1,2,['Driver'],['Shoulder_Lapbelt'],1,1,Valid,2.0,0.0,62.0,44.0,"['Male', 'Male', 'Male']",1,0,3,4,5,Dry,Straight,Level,Lowest,No
22040,34,New Jersey,340456,0,1,1,0,1,HAMILTON,December,23,Saturday,23,58,Urban,Medium Speed (Collector),No,39.47703056,-74.71285556,Non-Intersection,Dark - Lighted,Clear,0:00am-0:59am,5,0:00am-0:59am,21,Not Applicable (Not Transported),Not Applicable (Not Transported),1,Dark - Lighted,Clear,1,0,['Driver'],['None_Used'],0,0,Valid,1.0,1.0,27.0,27.0,['Male'],0,0,2,4,3,Dry,Straight,Level,Lowest,No
22041,34,New Jersey,340457,1,1,1,0,1,WESTAMPTON TOWNSHIP,December,22,Friday,17,39,Urban,High Speed (Arterial),Yes,40.02961944,-74.81955833,Non-Intersection,Dark - Not Lighted,Cloudy,5:00pm-5:59pm,41,5:00pm-5:59pm,44,Not Applicable (Not Transported),Not Applicable (Not Transported),1,Dark - Unlighted,Reduced Visibility,0,1,[],[],0,0,Valid,0.0,0.0,66.0,66.0,['Male'],0,0,3,3,4,Dry,Straight,Grade/Hillcrest,Lowest,No
22042,34,New Jersey,340458,0,2,2,0,2,PATERSON,July,31,Monday,21,48,Urban,High Speed (Arterial),Yes,40.90675556,-74.16437222,Non-Intersection,Dark - Lighted,Clear,9:00pm-9:59pm,54,9:00pm-9:59pm,59,Not Applicable (Not Transported),Not Applicable (Not Transported),1,Dark - Lighted,Clear,1,1,['Driver'],['None_Used'],0,0,Valid,1.0,1.0,26.0,18.0,"['Male', 'Male']",0,0,5,4,5,Dry,Straight,Level,Lowest,No
22043,34,New Jersey,340459,0,2,2,0,2,NOT APPLICABLE,October,9,Monday,15,20,Urban,Medium Speed (Collector),No,40.32993611,-74.81561111,Complex/Circle,Daylight,Cloudy,3:00pm-3:59pm,19,3:00pm-3:59pm,25,3:00pm-3:59pm,36,1,Daylight,Reduced Visibility,1,1,['Driver'],['None_Used'],0,0,Valid,2.0,1.0,75.0,24.0,"['Female', 'Male']",0,0,5,4,5,Dry,Straight,Level,Lowest,No
22044,34,New Jersey,340460,0,2,2,0,2,CASSVILLE,October,12,Thursday,20,12,Urban,Medium Speed (Collector),No,40.15178333,-74.36977778,Complex/Circle,Dark - Unknown Lighting,Clear,7:00pm-7:59pm,46,7:00pm-7:59pm,52,8:00pm-8:59pm,14,1,Dark - Unlighted,Clear,1,0,['Driver'],['Shoulder_Lapbelt'],0,0,Valid,1.0,0.0,44.0,20.0,"['Male', 'Female']",0,0,3,4,5,Dry,Straight,Level,Lowest,No
22045,34,New Jersey,340461,0,2,2,0,3,PITTSGROVE TOWNSHIP,October,11,Wednesday,5,32,Urban,Medium Speed (Collector),No,39.54150556,-75.15850556,Complex/Circle,Dark - Not Lighted,Clear,5:00am-5:59am,32,5:00am-5:59am,39,6:00am-6:59am,17,1,Dark - Unlighted,Clear,1,2,['Front_Passenger'],['Shoulder_Lapbelt'],0,0,Valid,2.0,0.0,60.0,23.0,"['Male', 'Female']",0,0,4,4,5,Dry,Straight,Level,Lowest,No
22046,34,New Jersey,340462,0,2,2,0,6,JERSEY CITY,October,16,Monday,0,44,Urban,Medium Speed (Collector),No,40.74645278,-74.04105278,Non-Intersection,Dark - Lighted,Clear,0:00am-0:59am,47,0:00am-0:59am,54,1:00am-1:59am,20,3,Dark - Lighted,Clear,3,3,"['Rear_Seat', 'Rear_Seat', 'Driver']","['None_Used', 'None_Used', 'Shoulder_Lapbelt']",0,0,Valid,0.0,1.0,26.0,23.0,"['Male', 'Male']",5,0,3,4,5,Dry,Curve,Grade/Hillcrest,Lowest,No
22047,34,New Jersey,340463,0,2,2,0,13,WATCHUNG,August,19,Saturday,23,2,Urban,High Speed (Arterial),Yes,40.65910833,-74.43754444,Non-Intersection,Dark - Lighted,Clear,11:00pm-11:59pm,5,11:00pm-11:59pm,20,11:00pm-11:59pm,57,1,Dark - Lighted,Clear,1,12,['Rear_Seat'],['None_Used'],0,0,Valid,0.0,0.0,40.0,34.0,"['Male', 'Female']",0,0,3,4,5,Dry,Straight,Level,Medium,No
22048,34,New Jersey,340464,0,2,2,0,6,OLD BRIDGE,August,13,Sunday,10,54,Urban,High Speed (Arterial),Yes,40.36778333,-74.304425,Non-Intersection,Daylight,Clear,10:00am-10:59am,56,11:00am-11:59am,6,11:00am-11:59am,44,1,Daylight,Clear,1,5,['Rear_Seat'],['None_Used'],0,0,Valid,4.0,0.0,62.0,39.0,"['Male', 'Male']",0,0,5,4,5,Dry,Straight,Level,Lowest,No
22049,34,New Jersey,340465,1,1,1,0,1,EWING TOWNSHIP,January,25,Wednesday,17,48,Urban,High Speed (Arterial),Yes,40.25799167,-74.77924722,Simple Junction,Dark - Lighted,Rain,5:00pm-5:59pm,49,5:00pm-5:59pm,50,6:00pm-6:59pm,18,1,Dark - Lighted,Rain/Wind/Minor,0,1,[],[],0,0,Valid,0.0,0.0,60.0,60.0,['Male'],0,0,3,3,4,Wet/Standing Water,Straight,Level,Lowest,No
22050,34,New Jersey,340466,0,1,1,0,2,SOUTH PLAINFIELD,October,7,Saturday,13,9,Urban,Medium Speed (Collector),No,40.57007778,-74.43704722,Non-Intersection,Daylight,Rain,1:00pm-1:59pm,13,1:00pm-1:59pm,20,2:00pm-2:59pm,2,1,Daylight,Rain/Wind/Minor,1,1,['Driver'],['Shoulder_Lapbelt'],0,0,Valid,0.0,0.0,19.0,19.0,['Male'],2,0,3,4,3,Wet/Standing Water,Curve,Level,Lowest,No
22051,34,New Jersey,340467,1,1,1,0,1,SUMMIT,December,20,Wednesday,6,20,Urban,Medium Speed (Collector),No,40.72986944,-74.37635556,Non-Intersection,Dark - Not Lighted,Clear,6:00am-6:59am,21,6:00am-6:59am,26,6:00am-6:59am,49,1,Dark - Unlighted,Clear,0,1,[],[],0,0,Valid,0.0,0.0,70.0,70.0,['Male'],0,0,3,3,4,Dry,Straight,Level,Lowest,No
22052,34,New Jersey,340468,0,1,1,0,8,WEST DEPTFORD,December,18,Monday,7,25,Urban,High Speed (Arterial),Yes,39.80322222,-75.189675,Non-Intersection,Daylight,Rain,7:00am-7:59am,27,7:00am-7:59am,34,8:00am-8:59am,33,1,Daylight,Rain/Wind/Minor,1,7,['Rear_Seat'],['None_Used'],0,0,Valid,0.0,0.0,34.0,34.0,['Male'],8,0,3,4,3,Wet/Standing Water,Straight,Level,Lowest,No
22053,34,New Jersey,340469,1,1,1,0,2,CHERRY HILL,October,21,Saturday,12,6,Urban,Medium Speed (Collector),No,39.87763889,-74.96245,Non-Intersection,Daylight,Cloudy,12:00pm-12:59pm,6,12:00pm-12:59pm,12,12:00pm-12:59pm,38,1,Daylight,Reduced Visibility,0,1,[],[],0,0,Valid,0.0,0.0,43.0,43.0,['Male'],0,0,3,2,4,Dry,Straight,Level,Lowest,No
22054,34,New Jersey,340470,1,1,1,0,1,PENNS GROVE,December,17,Sunday,20,42,Urban,Medium Speed (Collector),No,39.71946944,-75.46941389,Non-Intersection,Dark - Lighted,Rain,8:00pm-8:59pm,48,8:00pm-8:59pm,57,Not Applicable (Not Transported),Not Applicable (Not Transported),1,Dark - Lighted,Rain/Wind/Minor,0,1,[],[],1,1,Invalid,0.0,0.0,25.0,25.0,['Male'],0,0,2,4,4,Wet/Standing Water,Straight,Level,Lowest,No
22055,34,New Jersey,340471,0,1,1,0,4,NOT APPLICABLE,December,10,Sunday,21,55,Urban,Medium Speed (Collector),No,39.41661111,-75.19726111,Non-Intersection,Dark - Unknown Lighting,Rain,9:00pm-9:59pm,52,10:00pm-10:59pm,1,11:00pm-11:59pm,5,1,Dark - Unlighted,Rain/Wind/Minor,1,3,['Front_Passenger'],['None_Used'],0,0,Valid,0.0,0.0,57.0,57.0,['Female'],4,0,2,4,3,Wet/Standing Water,Straight,Grade/Hillcrest,Lowest,No
22056,34,New Jersey,340472,0,1,1,0,1,BERKELEY HGTS,December,8,Friday,12,39,Urban,Medium Speed (Collector),No,40.68636667,-74.38414444,Non-Intersection,Daylight,Clear,1:00pm-1:59pm,2,1:00pm-1:59pm,12,Not Applicable (Not Transported),Not Applicable (Not Transported),1,Daylight,Clear,1,0,['Driver'],['None_Used'],0,0,Valid,0.0,0.0,60.0,60.0,['Male'],0,0,3,4,1,Dry,Curve,Grade/Hillcrest,Lowest,No
22057,34,New Jersey,340473,0,2,2,0,3,PEMBERTON,December,29,Friday,23,22,Urban,High Speed (Arterial),Yes,39.943425,-74.50436667,Non-Intersection,Dark - Not Lighted,Clear,11:00pm-11:59pm,24,11:00pm-11:59pm,36,0:00am-0:59am,11,1,Dark - Unlighted,Clear,1,2,['Driver'],['Shoulder_Lapbelt'],0,0,Valid,0.0,0.0,56.0,49.0,"['Female', 'Male']",0,0,3,4,5,Dry,Straight,Level,Lowest,No
22058,34,New Jersey,340474,0,2,2,0,2,DEPTFORD,July,15,Saturday,8,27,Urban,Medium Speed (Collector),No,39.84527778,-75.13183611,Simple Junction,Daylight,Clear,8:00am-8:59am,29,8:00am-8:59am,34,9:00am-9:59am,2,1,Daylight,Clear,1,1,['Driver'],['None_Used'],0,0,Valid,0.0,1.0,39.0,34.0,"['Male', 'Male']",0,0,5,4,5,Dry,Straight,Level,Lowest,No
22059,34,New Jersey,340475,1,1,1,0,1,NEWARK,June,19,Monday,9,2,Urban,High Speed (Arterial),Yes,40.74080833,-74.16855,Simple Junction,Daylight,Clear,9:00am-9:59am,4,9:00am-9:59am,9,9:00am-9:59am,22,1,Daylight,Clear,0,1,[],[],0,0,Valid,0.0,0.0,62.0,62.0,['Male'],0,0,3,1,4,Dry,Straight,Level,Lowest,No
22060,34,New Jersey,340476,0,3,3,0,3,CHERRY HILL,August,28,Monday,9,48,Urban,High Speed (Arterial),Yes,39.91051389,-74.99155556,Non-Intersection,Daylight,Clear,9:00am-9:59am,54,9:00am-9:59am,58,10:00am-10:59am,18,1,Daylight,Clear,1,2,['Driver'],['Shoulder_Lapbelt'],0,0,Valid,1.0,0.0,91.0,44.0,"['Female', 'Female', 'Female']",0,0,3,4,5,Dry,Straight,Level,Lowest,No
22061,34,New Jersey,340477,0,2,2,0,3,BURLINGTON TOWNSHIP,December,31,Sunday,0,34,Urban,High Speed (Arterial),Yes,40.04283889,-74.80398611,Non-Intersection,Dark - Not Lighted,Clear,0:00am-0:59am,40,0:00am-0:59am,50,1:00am-1:59am,42,1,Dark - Unlighted,Clear,1,2,['Driver'],['None_Used'],0,0,Valid,0.0,0.0,37.0,26.0,"['Female', 'Male']",0,0,3,4,5,Dry,Straight,Level,Lowest,No
22062,34,New Jersey,340478,0,2,2,0,3,CLIFTON,December,3,Sunday,3,47,Urban,High Speed (Arterial),Yes,40.87280833,-74.16673611,Non-Intersection,Dark - Not Lighted,Rain,4:00am-4:59am,4,4:00am-4:59am,14,4:00am-4:59am,29,1,Dark - Unlighted,Rain/Wind/Minor,1,2,['Driver'],['Shoulder_Lapbelt'],1,1,Valid,7.0,2.0,33.0,22.0,"['Male', 'Male']",0,0,3,4,5,Wet/Standing Water,Straight,Level,Lowest,Yes
22063,34,New Jersey,340479,1,1,1,0,1,PERTH AMBOY,October,26,Thursday,19,17,Urban,Medium Speed (Collector),No,40.52126944,-74.28600556,Non-Intersection,Dark - Not Lighted,Clear,7:00pm-7:59pm,21,7:00pm-7:59pm,22,7:00pm-7:59pm,45,1,Dark - Unlighted,Clear,0,1,[],[],0,0,Valid,0.0,0.0,62.0,62.0,['Male'],0,0,3,3,4,Dry,Straight,Level,Lowest,No
22064,34,New Jersey,340480,0,4,2,2,3,CLIFTON,December,1,Friday,12,33,Urban,Low Speed (Local),No,40.87431111,-74.14060278,Complex/Circle,Daylight,Rain,12:00pm-12:59pm,47,12:00pm-12:59pm,53,1:00pm-1:59pm,26,1,Daylight,Rain/Wind/Minor,1,2,['Driver'],['Shoulder_Lapbelt'],0,0,Valid,3.0,0.0,81.0,34.0,"['Male', 'Female']",0,0,3,4,5,Wet/Standing Water,Straight,Level,Lowest,No
22065,34,New Jersey,340481,0,2,2,0,2,NOT APPLICABLE,December,1,Friday,12,17,Urban,High Speed (Arterial),Yes,40.43910833,-74.662,Complex/Circle,Daylight,Cloudy,Unknown,Unknown,Unknown EMS Scene Arrival Hour,Unknown EMS Scene Arrival Minutes,Unknown,Unknown EMS Hospital Arrival Time,1,Daylight,Reduced Visibility,1,1,['Driver'],['None_Used'],1,1,Invalid,2.0,1.0,29.0,26.0,"['Male', 'Male']",0,0,5,4,5,Dry,Straight,Level,Lowest,No
22066,34,New Jersey,340482,1,3,3,0,3,JERSEY CITY,December,19,Tuesday,17,15,Urban,High Speed (Arterial),Yes,40.70604722,-74.09982222,Complex/Circle,Dark - Lighted,Cloudy,5:00pm-5:59pm,20,5:00pm-5:59pm,21,Not Applicable (Not Transported),Not Applicable (Not Transported),1,Dark - Lighted,Reduced Visibility,0,2,[],[],0,0,Invalid,0.0,0.0,999.0,40.0,"['Other', 'Female', 'Male']",0,0,3,1,4,Dry,Straight,Level,Lowest,No
22067,34,New Jersey,340483,1,2,2,0,2,RAMSEY,December,8,Friday,6,40,Urban,High Speed (Arterial),Yes,41.06392778,-74.12753889,Non-Intersection,Daylight,Clear,6:00am-6:59am,43,6:00am-6:59am,57,Not Applicable (Not Transported),Not Applicable (Not Transported),1,Daylight,Clear,0,2,[],[],0,0,Valid,0.0,0.0,53.0,39.0,"['Male', 'Female']",0,0,3,4,4,Dry,Straight,Grade/Hillcrest,Lowest,No
22068,34,New Jersey,340484,1,1,1,0,1,WAYNE,December,4,Monday,8,2,Urban,High Speed (Arterial),Yes,40.95875833,-74.2293,Complex/Circle,Dawn,Clear,8:00am-8:59am,7,8:00am-8:59am,11,8:00am-8:59am,44,1,Twilight,Clear,0,1,[],[],0,0,Valid,0.0,0.0,58.0,58.0,['Female'],0,0,3,2,4,Dry,Straight,Level,Lowest,No
22069,34,New Jersey,340485,0,1,1,0,1,VINELAND,December,2,Saturday,14,16,Urban,High Speed (Arterial),Yes,39.53706667,-75.06312778,Non-Intersection,Daylight,Cloudy,2:00pm-2:59pm,20,2:00pm-2:59pm,27,2:00pm-2:59pm,55,1,Daylight,Reduced Visibility,1,0,['Driver'],['None_Used'],0,0,Valid,0.0,0.0,19.0,19.0,['Male'],0,0,2,4,3,Wet/Standing Water,Straight,Level,Lowest,No
22070,34,New Jersey,340486,2,2,1,1,2,ROSELAND,December,31,Sunday,14,16,Urban,High Speed (Arterial),Yes,40.8191,-74.31536667,Non-Intersection,Daylight,Clear,Unknown,Unknown,Unknown EMS Scene Arrival Hour,Unknown EMS Scene Arrival Minutes,Not Applicable (Not Transported),Not Applicable (Not Transported),1,Daylight,Clear,0,2,[],[],1,1,Valid,0.0,1.0,48.0,48.0,['Male'],0,0,3,4,4,Dry,Straight,Level,Lowest,No
22071,34,New Jersey,340487,0,5,5,0,7,MARLBORO,July,24,Monday,21,34,Urban,High Speed (Arterial),Yes,40.34377778,-74.28130833,Non-Intersection,Dark - Not Lighted,Clear,Unknown,Unknown,Unknown EMS Scene Arrival Hour,Unknown EMS Scene Arrival Minutes,Unknown,Unknown EMS Hospital Arrival Time,2,Dark - Unlighted,Clear,2,5,"['Driver', 'Driver']","['None_Used', 'None_Used']",0,0,Valid,2.0,0.0,53.0,17.0,"['Male', 'Female', 'Male', 'Female', 'Male']",2,0,5,4,5,Dry,Straight,Level,Lowest,No
22072,34,New Jersey,340488,3,1,1,0,1,NEWARK,January,31,Tuesday,17,50,Urban,Medium Speed (Collector),No,40.75796667,-74.19170833,Complex/Circle,Dark - Lighted,Clear,5:00pm-5:59pm,56,6:00pm-6:59pm,1,6:00pm-6:59pm,30,1,Dark - Lighted,Clear,0,0,[],[],0,0,Valid,0.0,0.0,22.0,22.0,['Male'],0,0,3,0,4,Dry,Straight,Level,Lowest,No
22073,34,New Jersey,340489,1,1,1,0,1,TRENTON,August,27,Sunday,20,39,Urban,Medium Speed (Collector),No,40.20865556,-74.745525,Complex/Circle,Dark - Unknown Lighting,Clear,8:00pm-8:59pm,21,8:00pm-8:59pm,23,8:00pm-8:59pm,35,1,Dark - Unlighted,Clear,0,0,[],[],0,0,Valid,0.0,0.0,999.0,999.0,['Other'],0,0,2,2,4,Dry,Straight,Level,Lowest,No
22074,34,New Jersey,340490,1,2,2,0,2,UNION,September,11,Monday,6,8,Urban,High Speed (Arterial),Yes,40.71434722,-74.28063611,Non-Intersection,Dark - Lighted,Clear,6:00am-6:59am,8,6:00am-6:59am,20,Not Applicable (Not Transported),Not Applicable (Not Transported),1,Dark - Lighted,Clear,0,2,[],[],0,0,Valid,0.0,0.0,48.0,32.0,"['Male', 'Male']",0,0,3,3,4,Wet/Standing Water,Straight,Level,Lowest,No
22075,34,New Jersey,340491,0,3,3,0,3,WILLINGBORO,October,18,Wednesday,0,32,Urban,High Speed (Arterial),Yes,40.04058611,-74.91278056,Non-Intersection,Dark - Lighted,Clear,0:00am-0:59am,35,0:00am-0:59am,43,1:00am-1:59am,34,1,Dark - Lighted,Clear,1,2,['Driver'],['Shoulder_Lapbelt'],1,1,Valid,1.0,1.0,62.0,24.0,"['Male', 'Female', 'Male']",1,0,3,4,5,Dry,Straight,Level,Lowest,No
22076,34,New Jersey,340492,0,4,4,0,7,NOT APPLICABLE,October,1,Sunday,14,25,Urban,High Speed (Arterial),Yes,40.76829444,-74.92702222,Non-Intersection,Daylight,Clear,2:00pm-2:59pm,31,2:00pm-2:59pm,43,3:00pm-3:59pm,32,1,Daylight,Clear,1,6,['Front_Passenger'],['Shoulder_Lapbelt'],0,0,Valid,2.0,0.0,61.0,47.0,"['Female', 'Male', 'Male', 'Male']",0,0,3,4,5,Dry,Straight,Level,Medium,No
22077,34,New Jersey,340493,1,2,1,1,1,TOWNSHIP OF IRVINGTON,October,3,Tuesday,20,2,Urban,Medium Speed (Collector),No,40.72703333,-74.22136944,Non-Intersection,Dark - Lighted,Clear,8:00pm-8:59pm,5,8:00pm-8:59pm,7,8:00pm-8:59pm,34,1,Dark - Lighted,Clear,0,1,[],[],0,0,Valid,0.0,0.0,77.0,77.0,['Male'],0,0,3,2,4,Dry,Straight,Level,Lowest,No
22078,34,New Jersey,340494,0,2,2,0,3,EWING TOWNSHIP,November,25,Saturday,16,54,Urban,Medium Speed (Collector),No,40.26232222,-74.79996944,Simple Junction,Daylight,Clear,4:00pm-4:59pm,55,4:00pm-4:59pm,59,Not Applicable (Not Transported),Not Applicable (Not Transported),1,Daylight,Clear,1,2,['Driver'],['None_Used'],0,0,Valid,2.0,0.0,57.0,21.0,"['Male', 'Male']",0,0,5,4,5,Dry,Straight,Level,Lowest,No
22079,34,New Jersey,340495,0,1,1,0,2,VINELAND,November,22,Wednesday,20,43,Urban,Medium Speed (Collector),No,39.47196667,-75.05368889,Non-Intersection,Dark - Lighted,Cloudy,8:00pm-8:59pm,43,8:00pm-8:59pm,48,9:00pm-9:59pm,9,1,Dark - Lighted,Reduced Visibility,1,1,['Driver'],['None_Used'],1,1,Invalid,0.0,0.0,22.0,22.0,['Female'],2,0,2,4,3,Dry,Straight,Level,Lowest,No
22080,34,New Jersey,340496,1,1,1,0,1,WATERFORD WORKS,November,23,Thursday,2,11,Urban,High Speed (Arterial),Yes,39.77094444,-74.89983889,Non-Intersection,Dark - Lighted,Clear,2:00am-2:59am,14,2:00am-2:59am,16,Unknown,Unknown EMS Hospital Arrival Time,1,Dark - Lighted,Clear,0,1,[],[],0,0,Valid,2.0,0.0,38.0,38.0,['Male'],0,0,3,3,4,Dry,Straight,Level,Lowest,No
22081,34,New Jersey,340497,1,1,1,0,1,SOMERDALE,November,15,Wednesday,5,31,Urban,High Speed (Arterial),Yes,39.83750556,-75.00966389,Non-Intersection,Dark - Lighted,Clear,5:00am-5:59am,33,5:00am-5:59am,38,Not Applicable (Not Transported),Not Applicable (Not Transported),1,Dark - Lighted,Clear,0,1,[],[],0,0,Valid,0.0,0.0,47.0,47.0,['Female'],0,0,3,3,4,Dry,Straight,Level,Lowest,No
22082,34,New Jersey,340498,1,1,1,0,5,MT EPHRAIM,December,10,Sunday,19,7,Urban,High Speed (Arterial),Yes,39.875425,-75.08352222,Non-Intersection,Dark - Lighted,Rain,7:00pm-7:59pm,9,7:00pm-7:59pm,12,7:00pm-7:59pm,32,1,Dark - Lighted,Rain/Wind/Minor,0,5,[],[],0,0,Valid,0.0,0.0,39.0,39.0,['Male'],0,0,3,3,4,Wet/Standing Water,Straight,Level,Lowest,No
22083,34,New Jersey,340499,3,2,2,0,4,WATERFORD WORKS,December,29,Friday,17,24,Urban,High Speed (Arterial),Yes,39.744625,-74.87694722,Non-Intersection,Dark - Not Lighted,Clear,5:00pm-5:59pm,28,5:00pm-5:59pm,34,6:00pm-6:59pm,19,2,Dark - Unlighted,Clear,0,4,[],[],0,0,Valid,2.0,0.0,49.0,24.0,"['Male', 'Male']",0,0,2,4,5,Dry,Straight,Level,Lowest,No
22084,34,New Jersey,340500,0,2,2,0,2,WINSLOW,December,19,Tuesday,22,1,Urban,Medium Speed (Collector),No,39.65363889,-74.83658889,Simple Junction,Dark - Unknown Lighting,Clear,10:00pm-10:59pm,7,10:00pm-10:59pm,22,11:00pm-11:59pm,6,1,Dark - Unlighted,Clear,1,1,['Driver'],['Shoulder_Lapbelt'],0,0,Valid,0.0,0.0,72.0,61.0,"['Male', 'Male']",0,0,4,4,5,Dry,Straight,Level,Lowest,No
22085,34,New Jersey,340501,0,2,2,0,3,STRATFORD,November,30,Thursday,15,39,Urban,High Speed (Arterial),Yes,39.82636389,-74.99868056,Simple Junction,Daylight,Clear,3:00pm-3:59pm,41,3:00pm-3:59pm,45,4:00pm-4:59pm,9,1,Daylight,Clear,1,2,['Front_Passenger'],['Shoulder_Lapbelt'],0,0,Valid,0.0,1.0,60.0,46.0,"['Male', 'Female']",0,0,3,4,5,Dry,Straight,Level,Lowest,No