,State_Code,State_Name,Crash_ID,Count_Non_Motorists,Count_Vehicles_Total,Count_Vehicle_Forms,Count_PVH_Involved,Count_Occupants_MV,City_Name,Month_Name,Day_of_Month,Day_of_Week,Crash_Hour,Crash_Minute,Area_Rural_Urban,Road_Functional_Class,On_NHS_Road,Latitude,Longitude,Intersection_Type,Light_Condition,Weather_Condition,Notif_Hour,Notif_Minute,Arrival_Hour,Arrival_Minute,Hospital_Hour,Hospital_Minute,Fatalities_Count,Clean_Light_Condition,Clean_Weather_Condition,Total_Killed,Total_Alive,Fatal_Seats_List,Killed_Restraint_List,Any_Driver_Drinking,Total_Drinking_Drivers,Driver_License_Category,Driver_Max_Prev_Accident_Count,Driver_Max_Prev_Speeding_Count,Max_Driver_Age,Min_Driver_Age,Driver_Sex_List,Total_Exceeding_Limit_Vehicles,Total_Too_Fast_Vehicles,Max_Vehicle_Type_Severity_5,Max_Vehicle_Damage_Rank,Max_Harmful_Event_Severity,Crash_Road_Surface_Condition,Crash_Horizontal_Alignment,Crash_Vertical_Profile,Crash_Impairment_Category,Crash_Vehicle_Defect
22086,34,New Jersey,340502,1,1,1,0,1,EAST ORANGE,January,20,Friday,20,50,Urban,High Speed (Arterial),Yes,40.75369167,-74.21310278,Complex/Circle,Dark - Lighted,Clear,8:00pm-8:59pm,54,9:00pm-9:59pm,4,9:00pm-9:59pm,23,1,Dark - Lighted,Clear,0,1,[],[],0,0,Valid,4.0,0.0,25.0,25.0,['Male'],0,0,2,3,4,Dry,Straight,Grade/Hillcrest,Lowest,No
22087,34,New Jersey,340503,0,1,1,0,3,NEWARK,March,20,Monday,2,1,Urban,Medium Speed (Collector),No,40.72326389,-74.18665833,Non-Intersection,Dark - Lighted,Clear,1:00am-1:59am,19,1:00am-1:59am,22,1:00am-1:59am,52,1,Dark - Lighted,Clear,1,2,['Driver'],['Shoulder_Lapbelt'],0,0,Valid,2.0,0.0,35.0,35.0,['Female'],3,0,3,4,3,Dry,Straight,Level,Lowest,No
22088,34,New Jersey,340504,0,2,2,0,3,TOWNSHIP OF IRVINGTON,April,4,Tuesday,21,15,Urban,Medium Speed (Collector),No,40.71721944,-74.24082778,Non-Intersection,Dark - Lighted,Clear,9:00pm-9:59pm,22,9:00pm-9:59pm,22,9:00pm-9:59pm,42,1,Dark - Lighted,Clear,1,2,['Driver'],['None_Used'],0,0,Valid,0.0,0.0,34.0,27.0,"['Male', 'Male']",1,0,5,4,5,Dry,Straight,Grade/Hillcrest,Lowest,No
22089,34,New Jersey,340505,0,4,2,2,11,LONG BRANCH,May,28,Sunday,15,53,Rural,Low Speed (Local),No,40.29049167,-73.98458611,Complex/Circle,Daylight,Clear,3:00pm-3:59pm,8,3:00pm-3:59pm,8,3:00pm-3:59pm,25,1,Daylight,Clear,1,10,['Rear_Seat'],['Shoulder_Lapbelt'],0,0,Valid,0.0,0.0,28.0,18.0,"['Female', 'Male']",0,0,3,4,5,Dry,Straight,Level,Lowest,No
22090,34,New Jersey,340506,0,1,1,0,1,NEWARK,June,29,Thursday,11,42,Urban,High Speed (Arterial),Yes,40.70866944,-74.16936667,Non-Intersection,Daylight,Clear,11:00am-11:59am,50,12:00pm-12:59pm,18,12:00pm-12:59pm,33,1,Daylight,Clear,1,0,['Driver'],['None_Used'],0,0,Valid,0.0,0.0,40.0,40.0,['Male'],1,0,5,4,2,Dry,Curve,Level,Lowest,No
22091,34,New Jersey,340507,1,1,1,0,1,EAST ORANGE,June,16,Friday,20,50,Urban,High Speed (Arterial),Yes,40.75441667,-74.21428889,Non-Intersection,Dark - Lighted,Clear,8:00pm-8:59pm,52,8:00pm-8:59pm,23,9:00pm-9:59pm,0,1,Dark - Lighted,Clear,0,0,[],[],0,0,Invalid,0.0,0.0,998.0,998.0,['Other'],1,0,3,0,4,Dry,Straight,Level,Lowest,No
22092,34,New Jersey,340508,1,1,1,0,1,NEWARK,July,31,Monday,7,3,Urban,High Speed (Arterial),Yes,40.69753056,-74.19836944,Simple Junction,Daylight,Clear,7:00am-7:59am,15,7:00am-7:59am,18,Not Applicable (Not Transported),Not Applicable (Not Transported),1,Daylight,Clear,0,1,[],[],0,0,Valid,0.0,0.0,57.0,57.0,['Male'],0,0,3,3,4,Dry,Straight,Level,Lowest,No
22093,34,New Jersey,340509,0,1,1,0,1,WOODLAND PARK,July,16,Sunday,3,39,Urban,High Speed (Arterial),Yes,40.88822222,-74.21726667,Non-Intersection,Dark - Lighted,Clear,Unknown,Unknown,Unknown EMS Scene Arrival Hour,Unknown EMS Scene Arrival Minutes,Not Applicable (Not Transported),Not Applicable (Not Transported),1,Dark - Lighted,Clear,1,0,['Driver'],['None_Used'],0,0,Valid,0.0,0.0,72.0,72.0,['Male'],0,0,5,4,3,Dry,Straight,Level,Lowest,No
22094,34,New Jersey,340510,0,2,2,0,4,NOT APPLICABLE,July,27,Thursday,9,7,Rural,Medium Speed (Collector),No,39.61487778,-75.33771111,Complex/Circle,Daylight,Clear,9:00am-9:59am,10,9:00am-9:59am,20,9:00am-9:59am,44,2,Daylight,Clear,2,2,"['Driver', 'Driver']","['Shoulder_Lapbelt', 'Shoulder_Lapbelt']",0,0,Valid,1.0,0.0,42.0,36.0,"['Female', 'Male']",0,0,4,4,5,Dry,Straight,Level,Lowest,No
22095,34,New Jersey,340511,0,2,2,0,5,NEWARK,August,15,Tuesday,4,20,Urban,High Speed (Arterial),Yes,40.72588056,-74.17781111,Simple Junction,Dark - Lighted,Rain,4:00am-4:59am,23,4:00am-4:59am,29,4:00am-4:59am,54,1,Dark - Lighted,Rain/Wind/Minor,1,4,['Driver'],['Shoulder_Lapbelt'],0,0,Valid,4.0,2.0,34.0,30.0,"['Female', 'Male']",0,0,3,4,5,Wet/Standing Water,Straight,Level,Lowest,No
22096,34,New Jersey,340512,1,1,1,0,1,ORANGE,September,16,Saturday,19,42,Urban,High Speed (Arterial),Yes,40.76908333,-74.2421,Complex/Circle,Dusk,Clear,7:00pm-7:59pm,43,7:00pm-7:59pm,52,8:00pm-8:59pm,16,1,Twilight,Clear,0,0,[],[],0,0,Valid,1.0,0.0,59.0,59.0,['Male'],0,0,2,1,4,Dry,Straight,Grade/Hillcrest,Lowest,No
22097,34,New Jersey,340513,1,2,2,0,2,NEWARK,September,2,Saturday,15,30,Urban,High Speed (Arterial),Yes,40.71191389,-74.18988889,Complex/Circle,Daylight,Clear,3:00pm-3:59pm,22,3:00pm-3:59pm,31,3:00pm-3:59pm,49,1,Daylight,Clear,1,1,['Driver'],['None_Used'],0,0,Valid,1.0,0.0,46.0,26.0,"['Male', 'Male']",0,0,5,4,5,Dry,Straight,Level,Lowest,No
22098,34,New Jersey,340515,0,2,2,0,3,EDISON,September,20,Wednesday,14,16,Urban,High Speed (Arterial),Yes,40.51026389,-74.38675556,Complex/Circle,Daylight,Clear,2:00pm-2:59pm,19,2:00pm-2:59pm,24,2:00pm-2:59pm,59,1,Daylight,Clear,1,2,['Driver'],['None_Used'],0,0,Valid,1.0,0.0,68.0,58.0,"['Male', 'Female']",1,0,5,3,5,Dry,Straight,Level,Lowest,No
22099,34,New Jersey,340516,1,1,1,0,1,TOWNSHIP OF IRVINGTON,October,28,Saturday,21,25,Urban,Medium Speed (Collector),No,40.72716111,-74.22957778,Simple Junction,Dark - Lighted,Clear,9:00pm-9:59pm,26,9:00pm-9:59pm,29,9:00pm-9:59pm,57,1,Dark - Lighted,Clear,0,0,[],[],0,0,Invalid,0.0,0.0,999.0,999.0,['Other'],0,0,1,1,4,Dry,Straight,Level,Lowest,No
22100,34,New Jersey,340517,0,2,2,0,3,MICKLETON,October,26,Thursday,18,54,Rural,Low Speed (Local),No,39.77173056,-75.23511111,Non-Intersection,Dark - Not Lighted,Clear,6:00pm-6:59pm,56,7:00pm-7:59pm,2,7:00pm-7:59pm,42,1,Dark - Unlighted,Clear,1,2,['Driver'],['None_Used'],0,0,Valid,0.0,0.0,84.0,53.0,"['Female', 'Male']",0,0,5,4,5,Dry,Straight,Level,Lowest,No
22101,34,New Jersey,340518,1,1,1,0,2,FARMINGDALE,October,1,Sunday,12,8,Urban,Medium Speed (Collector),No,40.18895833,-74.22309722,Complex/Circle,Daylight,Clear,12:00pm-12:59pm,14,12:00pm-12:59pm,18,1:00pm-1:59pm,12,1,Daylight,Clear,0,2,[],[],0,0,Valid,0.0,0.0,43.0,43.0,['Male'],0,0,3,4,4,Dry,Straight,Level,Lowest,No
22102,34,New Jersey,340519,0,1,1,0,2,HOWELL,October,14,Saturday,14,41,Rural,Low Speed (Local),No,40.195625,-74.25969444,Non-Intersection,Daylight,Rain,2:00pm-2:59pm,49,2:00pm-2:59pm,58,3:00pm-3:59pm,43,1,Daylight,Rain/Wind/Minor,1,1,['Front_Passenger'],['Shoulder_Lapbelt'],0,0,Valid,0.0,0.0,67.0,67.0,['Male'],2,0,2,4,3,Wet/Standing Water,Curve,Level,Lowest,No
22103,34,New Jersey,340520,0,2,2,0,2,LONG BRANCH,October,23,Monday,6,52,Urban,Medium Speed (Collector),No,40.26718333,-74.00120278,Simple Junction,Dawn,Clear,6:00am-6:59am,58,7:00am-7:59am,6,7:00am-7:59am,38,1,Twilight,Clear,1,1,['Driver'],['None_Used'],0,0,Valid,1.0,0.0,89.0,30.0,"['Male', 'Female']",1,0,3,4,5,Dry,Straight,Level,Lowest,Yes
22104,34,New Jersey,340521,0,3,1,2,3,SAYREVILLE,October,28,Saturday,5,0,Urban,High Speed (Arterial),Yes,40.46675833,-74.280675,Non-Intersection,Dark - Lighted,Clear,5:00am-5:59am,7,5:00am-5:59am,15,6:00am-6:59am,5,1,Dark - Lighted,Clear,1,2,['Rear_Seat'],['None_Used'],1,1,Valid,0.0,0.0,26.0,26.0,['Male'],0,0,2,4,3,Dry,Curve,Level,Medium,No
22105,34,New Jersey,340522,0,2,2,0,6,SAYREVILLE,October,31,Tuesday,16,11,Urban,Medium Speed (Collector),No,40.43453611,-74.33189167,Non-Intersection,Daylight,Clear,4:00pm-4:59pm,18,4:00pm-4:59pm,24,5:00pm-5:59pm,6,2,Daylight,Clear,2,4,"['Driver', 'Rear_Seat']","['Shoulder_Lapbelt', 'Shoulder_Lapbelt']",0,0,Valid,2.0,0.0,39.0,27.0,"['Male', 'Male']",0,0,4,4,5,Dry,Curve,Level,Lowest,No
22106,34,New Jersey,340524,1,1,1,0,1,TRENTON,October,28,Saturday,6,27,Urban,Medium Speed (Collector),No,40.23144167,-74.75994167,Non-Intersection,Dark - Lighted,Clear,6:00am-6:59am,25,6:00am-6:59am,27,6:00am-6:59am,42,1,Dark - Lighted,Clear,0,0,[],[],0,0,Invalid,0.0,0.0,998.0,998.0,['Other'],0,0,2,0,4,Dry,Straight,Grade/Hillcrest,Lowest,No
22107,34,New Jersey,340525,1,1,1,0,1,NEWARK,November,11,Saturday,11,46,Urban,Medium Speed (Collector),No,40.73523333,-74.25025,Complex/Circle,Daylight,Clear,11:00am-11:59am,54,12:00pm-12:59pm,5,12:00pm-12:59pm,25,1,Daylight,Clear,0,1,[],[],0,0,Valid,0.0,0.0,66.0,66.0,['Female'],0,0,3,1,4,Dry,Straight,Level,Lowest,No
22108,34,New Jersey,340526,1,2,2,0,2,DEPTFORD,November,12,Sunday,5,16,Urban,Medium Speed (Collector),No,39.84811667,-75.12512222,Non-Intersection,Dark - Not Lighted,Clear,5:00am-5:59am,17,5:00am-5:59am,20,Not Applicable (Not Transported),Not Applicable (Not Transported),1,Dark - Unlighted,Clear,0,2,[],[],0,0,Valid,1.0,0.0,31.0,21.0,"['Male', 'Male']",0,0,3,3,5,Dry,Straight,Level,Lowest,No
22109,34,New Jersey,340527,1,2,2,0,2,MONTVALE,November,16,Thursday,5,2,Urban,High Speed (Arterial),Yes,41.05118611,-74.06633611,Non-Intersection,Dark - Unknown Lighting,Clear,Unknown,Unknown,Unknown EMS Scene Arrival Hour,Unknown EMS Scene Arrival Minutes,Not Applicable (Not Transported),Not Applicable (Not Transported),1,Dark - Unlighted,Clear,0,1,[],[],0,0,Invalid,0.0,0.0,998.0,34.0,"['Other', 'Female']",0,0,3,1,4,Dry,Straight,Level,Lowest,No
22110,34,New Jersey,340528,1,3,3,0,3,CALDWELL,November,26,Sunday,18,33,Urban,High Speed (Arterial),Yes,40.84113889,-74.27875556,Simple Junction,Dark - Lighted,Rain,6:00pm-6:59pm,38,6:00pm-6:59pm,40,7:00pm-7:59pm,15,1,Dark - Lighted,Rain/Wind/Minor,0,3,[],[],0,0,Valid,1.0,0.0,64.0,21.0,"['Male', 'Male', 'Male']",0,0,3,3,5,Wet/Standing Water,Straight,Level,Lowest,No
22111,34,New Jersey,340529,2,1,1,0,1,NEWARK,November,29,Wednesday,18,15,Urban,High Speed (Arterial),Yes,40.73266944,-74.15804722,Non-Intersection,Dark - Unknown Lighting,Clear,6:00pm-6:59pm,25,6:00pm-6:59pm,30,7:00pm-7:59pm,2,1,Dark - Unlighted,Clear,0,1,[],[],0,0,Valid,0.0,0.0,50.0,50.0,['Male'],0,0,3,3,4,Dry,Straight,Level,Lowest,No
22112,34,New Jersey,340530,0,1,1,0,1,NOT APPLICABLE,November,6,Monday,10,34,Rural,Medium Speed (Collector),No,41.1309,-74.70491389,Non-Intersection,Daylight,Clear,10:00am-10:59am,45,10:00am-10:59am,59,11:00am-11:59am,44,1,Daylight,Clear,1,0,['Driver'],['None_Used'],0,0,Valid,1.0,0.0,68.0,68.0,['Male'],0,0,3,4,3,Dry,Straight,Level,Lowest,No
22113,34,New Jersey,340531,0,1,1,0,1,CAMDEN,November,22,Wednesday,21,55,Urban,High Speed (Arterial),Yes,39.94784722,-75.06746389,Non-Intersection,Dark - Lighted,Clear,9:00pm-9:59pm,53,9:00pm-9:59pm,58,Not Applicable (Not Transported),Not Applicable (Not Transported),1,Dark - Lighted,Clear,1,0,['Driver'],['None_Used'],1,1,Valid,0.0,0.0,44.0,44.0,['Female'],0,0,2,4,3,Dry,Straight,Level,Lowest,No
22114,34,New Jersey,340532,0,1,1,0,1,OCEAN TOWNSHIP,November,9,Thursday,2,26,Urban,Medium Speed (Collector),No,40.25023889,-74.06446111,Non-Intersection,Dark - Lighted,Clear,2:00am-2:59am,34,2:00am-2:59am,46,Not Applicable (Not Transported),Not Applicable (Not Transported),1,Dark - Lighted,Clear,1,0,['Driver'],['Shoulder_Lapbelt'],0,0,Valid,0.0,0.0,33.0,33.0,['Male'],1,0,2,4,3,Dry,Straight,Level,Lowest,No
22115,34,New Jersey,340533,1,2,2,0,2,SAYREVILLE,November,13,Monday,17,4,Urban,Medium Speed (Collector),No,40.45405,-74.29483611,Non-Intersection,Daylight,Clear,5:00pm-5:59pm,8,5:00pm-5:59pm,14,5:00pm-5:59pm,55,1,Daylight,Clear,0,2,[],[],0,0,Valid,0.0,0.0,69.0,21.0,"['Female', 'Female']",0,0,3,3,4,Dry,Straight,Grade/Hillcrest,Lowest,No
22116,34,New Jersey,340534,0,2,2,0,2,NOT APPLICABLE,November,20,Monday,22,30,Urban,High Speed (Arterial),Yes,40.52551111,-74.38815,Complex/Circle,Other,Clear,10:00pm-10:59pm,28,10:00pm-10:59pm,35,11:00pm-11:59pm,32,1,Dark - Unlighted,Clear,1,1,['Driver'],['None_Used'],0,0,Valid,1.0,1.0,37.0,30.0,"['Female', 'Male']",0,0,5,4,5,Dry,Straight,Level,Lowest,No
22117,34,New Jersey,340535,0,2,2,0,2,NOT APPLICABLE,November,20,Monday,18,0,Urban,High Speed (Arterial),Yes,40.36072778,-74.60231667,Non-Intersection,Dark - Lighted,Clear,Unknown,Unknown,Unknown EMS Scene Arrival Hour,Unknown EMS Scene Arrival Minutes,Unknown,Unknown EMS Hospital Arrival Time,1,Dark - Lighted,Clear,1,1,['Driver'],['Shoulder_Lapbelt'],0,0,Valid,0.0,0.0,72.0,58.0,"['Female', 'Male']",1,0,3,4,5,Wet/Standing Water,Straight,Level,Lowest,No
22118,34,New Jersey,340536,0,1,1,0,1,TENAFLY,November,28,Tuesday,13,45,Urban,High Speed (Arterial),Yes,40.9161,-73.9355,Non-Intersection,Daylight,Clear,1:00pm-1:59pm,46,2:00pm-2:59pm,1,2:00pm-2:59pm,36,1,Daylight,Clear,1,0,['Driver'],['Shoulder_Lapbelt'],0,0,Valid,2.0,0.0,61.0,61.0,['Male'],0,0,3,4,3,Dry,Straight,Level,Lowest,No
22119,34,New Jersey,340537,0,3,3,0,6,LINDEN,November,25,Saturday,19,43,Urban,High Speed (Arterial),Yes,40.63923333,-74.26264722,Simple Junction,Dark - Lighted,Clear,7:00pm-7:59pm,53,7:00pm-7:59pm,56,8:00pm-8:59pm,40,1,Dark - Lighted,Clear,1,5,['Driver'],['Shoulder_Lapbelt'],1,1,Valid,1.0,0.0,59.0,34.0,"['Male', 'Male', 'Male']",0,0,3,4,5,Dry,Straight,Level,Lowest,No
22120,34,New Jersey,340538,0,1,1,0,4,NOT APPLICABLE,December,23,Saturday,0,38,Urban,Medium Speed (Collector),No,39.80775556,-75.111975,Non-Intersection,Dark - Not Lighted,Clear,0:00am-0:59am,39,0:00am-0:59am,49,1:00am-1:59am,20,2,Dark - Unlighted,Clear,2,2,"['Driver', 'Rear_Seat']","['Shoulder_Lapbelt', 'None_Used']",1,1,Valid,0.0,0.0,41.0,41.0,['Male'],4,0,2,4,3,Dry,Straight,Level,Lowest,No
22121,34,New Jersey,340539,0,2,2,0,2,NOT APPLICABLE,December,27,Wednesday,16,27,Urban,High Speed (Arterial),Yes,39.73518333,-75.20742222,Non-Intersection,Dusk,Rain,4:00pm-4:59pm,29,4:00pm-4:59pm,35,5:00pm-5:59pm,3,1,Twilight,Rain/Wind/Minor,1,1,['Driver'],['None_Used'],0,0,Valid,0.0,0.0,49.0,38.0,"['Male', 'Female']",0,0,3,4,5,Wet/Standing Water,Straight,Level,Lowest,No
22122,34,New Jersey,340540,0,2,2,0,2,ROSELAND,December,1,Friday,9,25,Urban,High Speed (Arterial),Yes,40.82498056,-74.32038889,Non-Intersection,Daylight,Clear,9:00am-9:59am,33,9:00am-9:59am,47,10:00am-10:59am,30,1,Daylight,Clear,1,1,['Driver'],['Shoulder_Lapbelt'],0,0,Valid,2.0,1.0,71.0,29.0,"['Male', 'Male']",0,0,4,4,5,Dry,Curve,Level,Lowest,No
22123,34,New Jersey,340541,1,1,1,0,1,EAST ORANGE,December,15,Friday,3,35,Urban,High Speed (Arterial),Yes,40.7583,-74.2037,Complex/Circle,Dark - Unknown Lighting,Clear,3:00am-3:59am,43,3:00am-3:59am,52,4:00am-4:59am,8,1,Dark - Unlighted,Clear,0,1,[],[],0,0,Valid,0.0,0.0,36.0,36.0,['Male'],0,0,3,1,4,Dry,Straight,Grade/Hillcrest,Lowest,No
22124,34,New Jersey,340542,0,7,7,0,7,FREEHOLD,December,5,Tuesday,10,31,Urban,High Speed (Arterial),Yes,40.25927222,-74.29148611,Complex/Circle,Daylight,Cloudy,10:00am-10:59am,36,10:00am-10:59am,36,10:00am-10:59am,56,1,Daylight,Reduced Visibility,1,6,['Driver'],['Shoulder_Lapbelt'],0,0,Valid,3.0,1.0,78.0,28.0,"['Male', 'Male', 'Female', 'Male', 'Male', 'Male', 'Male']",1,0,3,4,5,Dry,Straight,Level,Medium,No
22125,34,New Jersey,340543,1,1,1,0,1,ABERDEEN,December,11,Monday,23,18,Urban,High Speed (Arterial),Yes,40.43653333,-74.22173611,Non-Intersection,Dark - Lighted,Clear,11:00pm-11:59pm,37,11:00pm-11:59pm,38,Not Applicable (Not Transported),Not Applicable (Not Transported),1,Dark - Lighted,Clear,0,1,[],[],0,0,Valid,0.0,0.0,38.0,38.0,['Female'],0,0,2,4,4,Dry,Straight,Level,Lowest,No
22126,34,New Jersey,340544,0,3,1,2,2,CAMDEN,December,22,Friday,5,43,Urban,High Speed (Arterial),Yes,39.94823889,-75.06726667,Non-Intersection,Dark - Lighted,Clear,5:00am-5:59am,39,5:00am-5:59am,44,Not Applicable (Not Transported),Not Applicable (Not Transported),1,Dark - Lighted,Clear,1,1,['Front_Passenger'],['Shoulder_Lapbelt'],1,1,Valid,0.0,1.0,21.0,21.0,['Male'],2,0,2,4,3,Dry,Curve,Level,Lowest,No
22127,34,New Jersey,340545,0,2,2,0,2,ROBBINSVILLE,December,22,Friday,4,28,Urban,High Speed (Arterial),Yes,40.19671111,-74.67231111,Non-Intersection,Dark - Unknown Lighting,Clear,4:00am-4:59am,33,4:00am-4:59am,41,Not Applicable (Not Transported),Not Applicable (Not Transported),1,Dark - Unlighted,Clear,1,1,['Driver'],['None_Used'],0,0,Valid,0.0,0.0,63.0,32.0,"['Male', 'Male']",0,0,4,4,5,Dry,Straight,Level,Lowest,No
22128,34,New Jersey,340546,0,2,2,0,2,BRADLEY BEACH,December,13,Wednesday,10,20,Urban,Medium Speed (Collector),No,40.20653611,-74.01668056,Simple Junction,Daylight,Clear,10:00am-10:59am,19,10:00am-10:59am,25,10:00am-10:59am,46,1,Daylight,Clear,1,1,['Driver'],['Shoulder_Lapbelt'],0,0,Valid,1.0,0.0,59.0,22.0,"['Female', 'Female']",0,0,3,4,5,Dry,Straight,Level,Lowest,No
22129,34,New Jersey,340547,1,1,1,0,1,WALL TOWNSHIP,December,6,Wednesday,20,24,Urban,Medium Speed (Collector),No,40.19072222,-74.07335278,Non-Intersection,Dark - Not Lighted,Clear,8:00pm-8:59pm,31,8:00pm-8:59pm,38,9:00pm-9:59pm,1,1,Dark - Unlighted,Clear,0,1,[],[],0,0,Valid,0.0,0.0,64.0,64.0,['Female'],0,0,3,3,4,Dry,Straight,Level,Lowest,No
22130,34,New Jersey,340548,1,1,1,0,2,EAST RUTHERFORD,December,3,Sunday,17,7,Urban,Medium Speed (Collector),No,40.84594444,-74.11017222,Simple Junction,Dark - Lighted,Rain,5:00pm-5:59pm,11,5:00pm-5:59pm,14,5:00pm-5:59pm,39,1,Dark - Lighted,Rain/Wind/Minor,0,2,[],[],0,0,Valid,0.0,0.0,19.0,19.0,['Male'],0,0,3,3,4,Wet/Standing Water,Straight,Level,Lowest,No
22131,34,New Jersey,340549,0,3,3,0,5,NEW BRUNSWICK,December,9,Saturday,14,9,Urban,Medium Speed (Collector),No,40.30809444,-74.37814444,Complex/Circle,Daylight,Clear,2:00pm-2:59pm,12,2:00pm-2:59pm,19,2:00pm-2:59pm,36,1,Daylight,Clear,1,4,['Driver'],['Shoulder_Lapbelt'],0,0,Valid,0.0,0.0,93.0,38.0,"['Male', 'Female', 'Female']",1,0,3,4,5,Dry,Straight,Level,Lowest,No
22132,34,New Jersey,340550,0,1,1,0,1,HAMILTON TOWNSHIP,December,5,Tuesday,12,0,Urban,High Speed (Arterial),Yes,40.19785278,-74.66665,Non-Intersection,Daylight,Clear,12:00pm-12:59pm,3,12:00pm-12:59pm,9,Not Applicable (Not Transported),Not Applicable (Not Transported),1,Daylight,Clear,1,0,['Driver'],['None_Used'],0,0,Valid,0.0,0.0,29.0,29.0,['Male'],0,0,3,4,3,Dry,Curve,Level,Lowest,No
22133,34,New Jersey,340551,1,1,1,0,1,HARVEY CEDARS,December,1,Friday,16,57,Urban,Medium Speed (Collector),No,39.70715,-74.13378333,Complex/Circle,Dark - Lighted,Rain,4:00pm-4:59pm,57,5:00pm-5:59pm,3,Unknown,Unknown EMS Hospital Arrival Time,1,Dark - Lighted,Rain/Wind/Minor,0,1,[],[],0,0,Valid,0.0,0.0,34.0,34.0,['Male'],0,0,3,2,4,Wet/Standing Water,Curve,Level,Lowest,No
22134,34,New Jersey,340552,0,3,3,0,6,NORTH BRUNSWICK,December,19,Tuesday,6,32,Urban,High Speed (Arterial),Yes,40.43075,-74.49121389,Complex/Circle,Dawn,Clear,6:00am-6:59am,46,7:00am-7:59am,3,7:00am-7:59am,29,1,Twilight,Clear,1,5,['Rear_Seat'],['None_Used'],0,0,Invalid,0.0,0.0,40.0,17.0,"['Male', 'Female', 'Female']",0,0,3,4,5,Dry,Straight,Level,Lowest,No
22135,34,New Jersey,340553,1,1,1,0,1,TRENTON,December,8,Friday,20,15,Urban,Medium Speed (Collector),No,40.20365278,-74.73753056,Complex/Circle,Dark - Lighted,Clear,8:00pm-8:59pm,16,8:00pm-8:59pm,21,8:00pm-8:59pm,36,1,Dark - Lighted,Clear,0,1,[],[],0,0,Valid,1.0,0.0,53.0,53.0,['Male'],0,0,3,3,4,Dry,Straight,Level,Lowest,No
22136,34,New Jersey,340554,1,1,1,0,2,PARAMUS,September,4,Monday,13,0,Rural,Low Speed (Local),No,40.91411944,-74.05355556,Non-Intersection,Daylight,Clear,1:00pm-1:59pm,4,1:00pm-1:59pm,7,1:00pm-1:59pm,43,1,Daylight,Clear,0,2,[],[],0,0,Valid,0.0,0.0,81.0,81.0,['Male'],0,0,3,1,4,Dry,Straight,Level,Lowest,No
22137,34,New Jersey,340555,0,2,2,0,2,NOT APPLICABLE,October,19,Thursday,16,13,Urban,High Speed (Arterial),Yes,39.72117778,-75.16128333,Complex/Circle,Daylight,Clear,4:00pm-4:59pm,15,4:00pm-4:59pm,20,4:00pm-4:59pm,38,1,Daylight,Clear,1,1,['Driver'],['None_Used'],0,0,Valid,1.0,2.0,61.0,19.0,"['Male', 'Male']",1,0,5,4,5,Dry,Straight,Level,Lowest,No
22138,34,New Jersey,340556,0,1,1,0,1,SAYREVILLE,December,22,Friday,99,99,Urban,High Speed (Arterial),Yes,40.50019167,-74.297725,Non-Intersection,Dark - Lighted,Clear,Unknown,Unknown,7:00am-7:59am,2,Not Applicable (Not Transported),Not Applicable (Not Transported),1,Dark - Lighted,Clear,1,0,['Driver'],['None_Used'],1,1,Valid,0.0,0.0,21.0,21.0,['Female'],0,0,2,4,2,Dry,Curve,Grade/Hillcrest,Lowest,No
22139,34,New Jersey,340557,0,1,1,0,1,SOUTH BRUNSWICK,December,24,Sunday,0,53,Urban,High Speed (Arterial),Yes,40.39713333,-74.55841944,Non-Intersection,Dark - Lighted,Rain,0:00am-0:59am,57,1:00am-1:59am,13,Not Applicable (Not Transported),Not Applicable (Not Transported),1,Dark - Lighted,Rain/Wind/Minor,1,0,['Driver'],['Shoulder_Lapbelt'],1,1,Valid,2.0,0.0,23.0,23.0,['Male'],1,0,2,4,3,Wet/Standing Water,Straight,Level,Lowest,No
22140,34,New Jersey,340558,0,3,3,0,4,NOT APPLICABLE,November,13,Monday,17,28,Rural,Medium Speed (Collector),No,39.57626667,-74.87279444,Non-Intersection,Dusk,Clear,Unknown,Unknown,Unknown EMS Scene Arrival Hour,Unknown EMS Scene Arrival Minutes,Unknown,Unknown EMS Hospital Arrival Time,1,Twilight,Clear,1,2,['Driver'],['Shoulder_Lapbelt'],0,0,Invalid,1.0,0.0,999.0,54.0,"['Male', 'Female', 'Male']",0,0,3,4,5,Dry,Straight,Level,Lowest,No
22141,34,New Jersey,340559,0,2,2,0,3,NOT APPLICABLE,August,16,Wednesday,9,30,Rural,High Speed (Arterial),Yes,39.60556944,-75.19985833,Complex/Circle,Daylight,Clear,9:00am-9:59am,32,9:00am-9:59am,33,9:00am-9:59am,46,1,Daylight,Clear,1,2,['Driver'],['Shoulder_Lapbelt'],0,0,Valid,1.0,0.0,81.0,64.0,"['Female', 'Male']",0,0,4,4,5,Dry,Straight,Level,Lowest,No
22142,34,New Jersey,340560,1,1,1,0,1,CAMDEN,October,26,Thursday,18,48,Urban,High Speed (Arterial),Yes,39.90920556,-75.09789167,Simple Junction,Dark - Not Lighted,Clear,Unknown,Unknown,Unknown EMS Scene Arrival Hour,Unknown EMS Scene Arrival Minutes,Not Applicable (Not Transported),Not Applicable (Not Transported),1,Dark - Unlighted,Clear,0,1,[],[],0,0,Valid,1.0,0.0,35.0,35.0,['Male'],0,0,3,3,4,Dry,Straight,Level,Lowest,No
22143,34,New Jersey,340561,2,1,1,0,1,PATERSON,September,13,Wednesday,2,11,Urban,Medium Speed (Collector),No,40.91199444,-74.14220556,Complex/Circle,Dark - Lighted,Clear,Not Applicable (Not Notified),Not Applicable (Not Notified),Not Applicable,Not Applicable,Not Applicable (Not Transported),Not Applicable (Not Transported),1,Dark - Lighted,Clear,0,0,[],[],1,1,Valid,0.0,0.0,52.0,52.0,['Male'],0,0,3,0,4,Dry,Straight,Level,Lowest,No
22144,34,New Jersey,340562,0,2,2,0,3,NOT APPLICABLE,December,9,Saturday,9,19,Rural,Medium Speed (Collector),No,39.86830833,-74.23431389,Non-Intersection,Daylight,Clear,9:00am-9:59am,21,9:00am-9:59am,34,10:00am-10:59am,13,1,Daylight,Clear,1,2,['Driver'],['Shoulder_Lapbelt'],0,0,Valid,0.0,0.0,78.0,17.0,"['Male', 'Male']",0,0,3,4,5,Dry,Straight,Grade/Hillcrest,Lowest,No