,State_Code,State_Name,Crash_ID,Count_Non_Motorists,Count_Vehicles_Total,Count_Vehicle_Forms,Count_PVH_Involved,Count_Occupants_MV,City_Name,Month_Name,Day_of_Month,Day_of_Week,Crash_Hour,Crash_Minute,Area_Rural_Urban,Road_Functional_Class,On_NHS_Road,Latitude,Longitude,Intersection_Type,Light_Condition,Weather_Condition,Notif_Hour,Notif_Minute,Arrival_Hour,Arrival_Minute,Hospital_Hour,Hospital_Minute,Fatalities_Count,Clean_Light_Condition,Clean_Weather_Condition,Total_Killed,Total_Alive,Fatal_Seats_List,Killed_Restraint_List,Any_Driver_Drinking,Total_Drinking_Drivers,Driver_License_Category,Driver_Max_Prev_Accident_Count,Driver_Max_Prev_Speeding_Count,Max_Driver_Age,Min_Driver_Age,Driver_Sex_List,Total_Exceeding_Limit_Vehicles,Total_Too_Fast_Vehicles,Max_Vehicle_Type_Severity_5,Max_Vehicle_Damage_Rank,Max_Harmful_Event_Severity,Crash_Road_Surface_Condition,Crash_Horizontal_Alignment,Crash_Vertical_Profile,Crash_Impairment_Category,Crash_Vehicle_Defect
22145,34,New Jersey,340563,0,2,2,0,4,NOT APPLICABLE,August,26,Saturday,1,56,Urban,Medium Speed (Collector),No,39.01053056,-74.87935278,Simple Junction,Dark - Lighted,Clear,2:00am-2:59am,2,2:00am-2:59am,14,2:00am-2:59am,47,1,Dark - Lighted,Clear,1,3,['Driver'],['None_Used'],0,0,Valid,1.0,2.0,46.0,24.0,"['Female', 'Male']",2,0,5,4,5,Dry,Straight,Level,Lowest,No
22146,34,New Jersey,340564,1,1,1,0,1,RIO GRANDE,November,15,Wednesday,18,29,Urban,Medium Speed (Collector),No,39.01473889,-74.87598056,Complex/Circle,Dark - Lighted,Clear,6:00pm-6:59pm,32,6:00pm-6:59pm,35,6:00pm-6:59pm,53,1,Dark - Lighted,Clear,0,1,[],[],0,0,Valid,1.0,0.0,68.0,68.0,['Male'],0,0,3,3,4,Dry,Straight,Level,Lowest,No
22147,34,New Jersey,340565,0,2,2,0,2,NEWARK,October,5,Thursday,21,36,Urban,Medium Speed (Collector),No,40.75316944,-74.17881944,Simple Junction,Dark - Lighted,Clear,9:00pm-9:59pm,37,9:00pm-9:59pm,37,10:00pm-10:59pm,12,1,Dark - Lighted,Clear,1,1,['Driver'],['Shoulder_Lapbelt'],0,0,Invalid,1.0,2.0,25.0,20.0,"['Male', 'Male']",1,0,3,4,5,Dry,Straight,Level,Lowest,No
22148,34,New Jersey,340566,0,1,1,0,2,AVALON,December,9,Saturday,15,40,Rural,Medium Speed (Collector),No,39.10028333,-74.73190556,Non-Intersection,Daylight,Clear,3:00pm-3:59pm,42,3:00pm-3:59pm,48,4:00pm-4:59pm,11,1,Daylight,Clear,1,1,['Rear_Seat'],['Shoulder_Lapbelt'],0,0,Valid,0.0,0.0,74.0,74.0,['Male'],0,0,2,4,3,Dry,Straight,Level,Medium,No
22149,34,New Jersey,340567,1,1,1,0,1,CALDWELL,June,30,Friday,15,13,Urban,High Speed (Arterial),Yes,40.83885833,-74.27496389,Simple Junction,Daylight,Clear,3:00pm-3:59pm,17,3:00pm-3:59pm,25,4:00pm-4:59pm,14,1,Daylight,Clear,0,1,[],[],0,0,Valid,0.0,0.0,39.0,39.0,['Male'],0,0,3,1,4,Dry,Straight,Level,Lowest,No
22150,34,New Jersey,340568,1,1,1,0,3,MILLVILLE,December,17,Sunday,19,10,Urban,Medium Speed (Collector),No,39.42122778,-75.03946389,Non-Intersection,Dark - Lighted,Rain,7:00pm-7:59pm,9,7:00pm-7:59pm,13,Not Applicable (Not Transported),Not Applicable (Not Transported),1,Dark - Lighted,Rain/Wind/Minor,0,3,[],[],0,0,Valid,0.0,1.0,22.0,22.0,['Female'],0,0,3,2,4,Wet/Standing Water,Straight,Level,Lowest,No
22151,34,New Jersey,340569,0,2,2,0,5,MILLVILLE,December,18,Monday,16,48,Urban,Medium Speed (Collector),No,39.36513889,-75.02004722,Simple Junction,Dark - Lighted,Cloudy,4:00pm-4:59pm,48,4:00pm-4:59pm,58,Not Applicable (Not Transported),Not Applicable (Not Transported),1,Dark - Lighted,Reduced Visibility,1,4,['Driver'],['Shoulder_Lapbelt'],0,0,Valid,1.0,1.0,51.0,41.0,"['Male', 'Male']",0,0,3,4,5,Dry,Straight,Level,Lowest,No
22152,34,New Jersey,340570,3,1,1,0,1,TOWNSHIP OF IRVINGTON,July,13,Thursday,21,29,Urban,High Speed (Arterial),Yes,40.72488333,-74.24001667,Non-Intersection,Dark - Lighted,Clear,9:00pm-9:59pm,28,9:00pm-9:59pm,30,9:00pm-9:59pm,51,1,Dark - Lighted,Clear,0,1,[],[],0,0,Valid,5.0,1.0,23.0,23.0,['Male'],1,0,2,3,4,Dry,Straight,Grade/Hillcrest,Lowest,No
22153,34,New Jersey,340571,0,2,2,0,4,ELIZABETH,December,10,Sunday,5,49,Urban,High Speed (Arterial),Yes,40.66547778,-74.20494444,Complex/Circle,Dark - Lighted,Cloudy,5:00am-5:59am,52,5:00am-5:59am,57,6:00am-6:59am,39,2,Dark - Lighted,Reduced Visibility,2,2,"['Driver', 'Front_Passenger']","['Shoulder_Lapbelt', 'Shoulder_Lapbelt']",0,0,Invalid,1.0,0.0,54.0,20.0,"['Male', 'Male']",0,0,2,4,5,Wet/Standing Water,Straight,Level,Lowest,No
22154,34,New Jersey,340572,1,1,1,0,1,ELIZABETH,December,23,Saturday,14,49,Urban,High Speed (Arterial),Yes,40.67883056,-74.21054722,Simple Junction,Daylight,Clear,2:00pm-2:59pm,50,2:00pm-2:59pm,56,3:00pm-3:59pm,30,1,Daylight,Clear,0,0,[],[],0,0,Invalid,0.0,0.0,998.0,998.0,['Other'],1,0,3,0,4,Dry,Straight,Level,Lowest,No
22155,34,New Jersey,340573,0,2,2,0,3,PATERSON,September,20,Wednesday,19,19,Urban,Medium Speed (Collector),No,40.91071389,-74.18986389,Complex/Circle,Dark - Lighted,Clear,7:00pm-7:59pm,27,7:00pm-7:59pm,34,7:00pm-7:59pm,49,1,Dark - Lighted,Clear,1,2,['Driver'],['None_Used'],0,0,Valid,2.0,0.0,28.0,19.0,"['Male', 'Male']",2,0,5,4,5,Dry,Straight,Level,Lowest,No
22156,34,New Jersey,340574,1,1,1,0,2,LINDEN,December,18,Monday,18,48,Urban,High Speed (Arterial),Yes,40.62651667,-74.243475,Complex/Circle,Dark - Lighted,Clear,6:00pm-6:59pm,52,6:00pm-6:59pm,53,Not Applicable (Not Transported),Not Applicable (Not Transported),1,Dark - Lighted,Clear,0,2,[],[],0,0,Valid,6.0,1.0,78.0,78.0,['Male'],0,0,3,3,4,Dry,Straight,Level,Lowest,No
22157,34,New Jersey,340575,1,1,1,0,1,NOT APPLICABLE,August,19,Saturday,1,28,Urban,High Speed (Arterial),Yes,40.42754722,-74.19504722,Complex/Circle,Dark - Lighted,Clear,1:00am-1:59am,33,1:00am-1:59am,38,2:00am-2:59am,7,1,Dark - Lighted,Clear,0,1,[],[],0,0,Valid,1.0,0.0,32.0,32.0,['Female'],0,0,2,4,4,Dry,Straight,Level,Lowest,No
22158,34,New Jersey,340576,1,1,1,0,1,NOT APPLICABLE,December,15,Friday,13,57,Urban,Medium Speed (Collector),No,40.65875833,-74.26335556,Complex/Circle,Daylight,Clear,1:00pm-1:59pm,59,2:00pm-2:59pm,0,2:00pm-2:59pm,45,1,Daylight,Clear,0,1,[],[],0,0,Valid,0.0,1.0,36.0,36.0,['Male'],0,0,2,2,4,Dry,Straight,Level,Lowest,No
22159,34,New Jersey,340577,1,2,2,0,4,NOT APPLICABLE,December,22,Friday,5,46,Urban,High Speed (Arterial),Yes,40.91385833,-74.58002222,Simple Junction,Dark - Lighted,Clear,5:00am-5:59am,46,5:00am-5:59am,55,6:00am-6:59am,32,1,Dark - Lighted,Clear,1,3,['Rear_Seat'],['None_Used'],1,1,Valid,1.0,1.0,63.0,30.0,"['Female', 'Male']",0,0,4,4,5,Dry,Straight,Level,Lowest,Yes
22160,34,New Jersey,340578,0,2,2,0,3,LONG BRANCH,August,14,Monday,4,9,Urban,Low Speed (Local),No,40.31424722,-73.98618611,Non-Intersection,Dark - Lighted,Clear,4:00am-4:59am,5,4:00am-4:59am,8,5:00am-5:59am,0,1,Dark - Lighted,Clear,1,2,['Front_Passenger'],['Shoulder_Lapbelt'],0,0,Invalid,0.0,0.0,45.0,32.0,"['Male', 'Male']",2,0,3,4,5,Dry,Straight,Level,Lowest,No
22161,34,New Jersey,340579,1,2,1,1,1,NEWARK,October,31,Tuesday,8,35,Urban,Medium Speed (Collector),No,40.72441111,-74.16163611,Complex/Circle,Daylight,Clear,8:00am-8:59am,37,8:00am-8:59am,44,9:00am-9:59am,12,1,Daylight,Clear,0,1,[],[],0,0,Invalid,0.0,0.0,42.0,42.0,['Male'],0,0,3,4,4,Dry,Straight,Level,Medium,No
22162,34,New Jersey,340580,1,1,1,0,1,NEWARK,December,31,Sunday,20,39,Urban,Medium Speed (Collector),No,40.72153889,-74.19367778,Complex/Circle,Dark - Lighted,Clear,8:00pm-8:59pm,39,8:00pm-8:59pm,43,9:00pm-9:59pm,16,1,Dark - Lighted,Clear,0,1,[],[],0,0,Invalid,0.0,0.0,58.0,58.0,['Male'],0,0,3,1,4,Dry,Straight,Level,Lowest,No
22163,34,New Jersey,340581,1,1,1,0,1,MONTCLAIR,October,28,Saturday,12,15,Urban,Medium Speed (Collector),No,40.83988056,-74.20161389,Complex/Circle,Daylight,Clear,Unknown,Unknown,Unknown EMS Scene Arrival Hour,Unknown EMS Scene Arrival Minutes,Unknown,Unknown EMS Hospital Arrival Time,1,Daylight,Clear,0,1,[],[],0,0,Valid,2.0,0.0,83.0,83.0,['Male'],0,0,3,1,4,Dry,Straight,Level,Lowest,No
22164,35,New Mexico,350001,0,1,1,0,2,LAS VEGAS,January,4,Wednesday,13,31,Urban,High Speed (Arterial),Yes,35.578025,-105.21910556,Non-Intersection,Daylight,Clear,Unknown,Unknown,Unknown EMS Scene Arrival Hour,Unknown EMS Scene Arrival Minutes,Unknown,Unknown EMS Hospital Arrival Time,1,Daylight,Clear,1,1,['Driver'],['None_Used'],1,1,Invalid,0.0,2.0,42.0,42.0,['Male'],2,0,2,4,3,Dry,Straight,Level,Lowest,No
22165,35,New Mexico,350002,0,2,2,0,3,NOT APPLICABLE,January,7,Saturday,1,14,Rural,High Speed (Arterial),Yes,35.05295556,-106.16238889,Non-Intersection,Dark - Not Lighted,Clear,Unknown,Unknown,Unknown EMS Scene Arrival Hour,Unknown EMS Scene Arrival Minutes,Unknown,Unknown EMS Hospital Arrival Time,1,Dark - Unlighted,Clear,1,2,['Driver'],['None_Used'],1,1,Valid,0.0,0.0,22.0,22.0,"['Male', 'Male']",0,0,4,4,5,Dry,Straight,Grade/Hillcrest,Lowest,No
22166,35,New Mexico,350003,0,1,1,0,10,Other,January,8,Sunday,22,59,Urban,High Speed (Arterial),Yes,31.87287778,-106.67718889,Non-Intersection,Dark - Not Lighted,Clear,Unknown,Unknown,Unknown EMS Scene Arrival Hour,Unknown EMS Scene Arrival Minutes,Unknown,Unknown EMS Hospital Arrival Time,2,Dark - Unlighted,Clear,2,8,"['Rear_Seat', 'Non_Standard_Risk']","['None_Used', 'None_Used']",0,0,Invalid,0.0,0.0,15.0,15.0,['Male'],0,0,2,4,3,Dry,Curve,Grade/Hillcrest,Lowest,Yes
22167,35,New Mexico,350004,0,1,1,0,1,Other,January,14,Saturday,6,40,Urban,Low Speed (Local),No,31.88020278,-106.64298056,Non-Intersection,Dark - Not Lighted,Clear,Unknown,Unknown if Notified,Unknown EMS Scene Arrival Hour,Unknown if Arrived,Not Applicable (Not Transported),Not Applicable (Not Transported),1,Dark - Unlighted,Clear,1,0,['Driver'],['Shoulder_Lapbelt'],1,1,Valid,0.0,0.0,51.0,51.0,['Male'],0,0,3,4,3,Dry,Straight,Level,Lowest,No
22168,35,New Mexico,350005,0,3,3,0,3,ACOMA,January,15,Sunday,11,42,Rural,High Speed (Arterial),Yes,35.07444444,-107.57365833,Non-Intersection,Daylight,Rain,Unknown,Unknown,Unknown EMS Scene Arrival Hour,Unknown EMS Scene Arrival Minutes,Unknown,Unknown EMS Hospital Arrival Time,1,Daylight,Rain/Wind/Minor,1,2,['Driver'],['Shoulder_Lapbelt'],0,0,Valid,0.0,0.0,44.0,33.0,"['Male', 'Male', 'Male']",0,0,4,4,5,Wet/Standing Water,Straight,Level,Lowest,No
22169,35,New Mexico,350006,0,2,2,0,3,ALBUQUERQUE,January,17,Tuesday,8,5,Urban,High Speed (Arterial),Yes,35.07854722,-106.52040833,Non-Intersection,Daylight,Clear,Unknown,Unknown,Unknown EMS Scene Arrival Hour,Unknown EMS Scene Arrival Minutes,Unknown,Unknown EMS Hospital Arrival Time,1,Daylight,Clear,1,2,['Driver'],['Shoulder_Lapbelt'],0,0,Invalid,0.0,0.0,83.0,55.0,"['Female', 'Male']",0,0,3,4,5,Dry,Straight,Level,Lowest,No
22170,35,New Mexico,350007,0,3,3,0,4,LAS CRUCES,January,17,Tuesday,11,17,Urban,High Speed (Arterial),Yes,32.27064167,-106.73340833,Non-Intersection,Daylight,Cloudy,Unknown,Unknown,Unknown EMS Scene Arrival Hour,Unknown EMS Scene Arrival Minutes,Unknown,Unknown EMS Hospital Arrival Time,1,Daylight,Reduced Visibility,1,3,['Driver'],['None_Used'],0,0,Valid,0.0,1.0,62.0,37.0,"['Male', 'Male', 'Male']",0,0,4,4,5,Dry,Straight,Level,Lowest,No
22171,35,New Mexico,350008,0,3,3,0,6,Other,January,17,Tuesday,17,25,Urban,High Speed (Arterial),No,32.02352222,-106.45612778,Non-Intersection,Dark - Not Lighted,Rain,Unknown,Unknown,Unknown EMS Scene Arrival Hour,Unknown EMS Scene Arrival Minutes,Unknown,Unknown EMS Hospital Arrival Time,2,Dark - Unlighted,Rain/Wind/Minor,2,4,"['Driver', 'Rear_Seat']","['Shoulder_Only', 'Shoulder_Only']",0,0,Valid,0.0,0.0,37.0,18.0,"['Male', 'Male', 'Female']",0,0,3,4,5,Wet/Standing Water,Straight,Level,Lowest,No
22172,35,New Mexico,350009,2,1,1,0,2,ALBUQUERQUE,January,21,Saturday,4,53,Urban,High Speed (Arterial),Yes,35.10469444,-106.70956667,Non-Intersection,Dark - Lighted,Clear,Unknown,Unknown,Unknown EMS Scene Arrival Hour,Unknown EMS Scene Arrival Minutes,Unknown,Unknown EMS Hospital Arrival Time,1,Dark - Lighted,Clear,0,2,[],[],1,1,Valid,0.0,1.0,31.0,31.0,['Male'],0,0,3,4,4,Dry,Straight,Level,Lowest,No
22173,35,New Mexico,350010,1,1,1,0,4,ALBUQUERQUE,January,24,Tuesday,1,38,Urban,Medium Speed (Collector),No,35.09278333,-106.62565,Non-Intersection,Dark - Not Lighted,Snow,Unknown,Unknown,Unknown EMS Scene Arrival Hour,Unknown EMS Scene Arrival Minutes,Not Applicable (Not Transported),Not Applicable (Not Transported),1,Dark - Unlighted,Snow/Ice/Severe,0,4,[],[],0,0,Valid,0.0,0.0,29.0,29.0,['Male'],0,0,2,2,4,Icy/Snowy,Curve,Grade/Hillcrest,Lowest,No
22174,35,New Mexico,350011,0,2,2,0,3,ARTESIA,January,24,Tuesday,14,52,Rural,Medium Speed (Collector),No,32.88626667,-104.41246667,Complex/Circle,Daylight,Clear,Unknown,Unknown,Unknown EMS Scene Arrival Hour,Unknown EMS Scene Arrival Minutes,Unknown,Unknown EMS Hospital Arrival Time,1,Daylight,Clear,1,2,['Front_Passenger'],['Shoulder_Lapbelt'],0,0,Valid,0.0,0.0,49.0,39.0,"['Female', 'Female']",0,0,3,4,5,Dry,Straight,Level,Lowest,No
22175,35,New Mexico,350012,0,2,2,0,2,ALBUQUERQUE,January,27,Friday,2,53,Urban,High Speed (Arterial),Yes,35.02469167,-106.73305833,Non-Intersection,Dark - Not Lighted,Clear,Unknown,Unknown,Unknown EMS Scene Arrival Hour,Unknown EMS Scene Arrival Minutes,Not Applicable (Not Transported),Not Applicable (Not Transported),1,Dark - Unlighted,Clear,1,1,['Driver'],['Shoulder_Lapbelt'],0,0,Valid,0.0,0.0,999.0,61.0,"['Female', 'Other']",0,0,2,4,5,Dry,Straight,Level,Lowest,No
22176,35,New Mexico,350013,0,2,2,0,2,ALBUQUERQUE,January,28,Saturday,7,1,Urban,High Speed (Arterial),No,35.12229167,-106.727625,Non-Intersection,Dawn,Clear,Unknown,Unknown,Unknown EMS Scene Arrival Hour,Unknown EMS Scene Arrival Minutes,Unknown,Unknown EMS Hospital Arrival Time,1,Twilight,Clear,1,1,['Driver'],['None_Used'],1,1,Valid,0.0,0.0,53.0,28.0,"['Female', 'Male']",0,0,3,4,5,Dry,Curve,Level,Lowest,No
22177,35,New Mexico,350014,0,3,3,0,6,NOT APPLICABLE,January,28,Saturday,18,44,Rural,Medium Speed (Collector),No,33.03178056,-103.19685833,Simple Junction,Dark - Not Lighted,Clear,Unknown,Unknown,Unknown EMS Scene Arrival Hour,Unknown EMS Scene Arrival Minutes,Unknown,Unknown EMS Hospital Arrival Time,1,Dark - Unlighted,Clear,1,5,['Front_Passenger'],['Shoulder_Lapbelt'],0,0,Valid,0.0,2.0,46.0,38.0,"['Female', 'Male', 'Female']",0,0,3,4,5,Dry,Straight,Level,Lowest,No
22178,35,New Mexico,350015,1,1,1,0,1,ALBUQUERQUE,January,29,Sunday,18,35,Urban,Medium Speed (Collector),No,35.12953333,-106.56867222,Non-Intersection,Dark - Lighted,Clear,Unknown,Unknown,Unknown EMS Scene Arrival Hour,Unknown EMS Scene Arrival Minutes,Not Applicable (Not Transported),Not Applicable (Not Transported),1,Dark - Lighted,Clear,0,1,[],[],0,0,Valid,0.0,0.0,23.0,23.0,['Male'],0,0,3,3,4,Dry,Straight,Level,Lowest,No
22179,35,New Mexico,350016,1,1,1,0,1,GALLUP,January,7,Saturday,9,54,Rural,High Speed (Arterial),Yes,35.52451944,-108.77338611,Non-Intersection,Daylight,Clear,Unknown,Unknown if Notified,Unknown EMS Scene Arrival Hour,Unknown if Arrived,Not Applicable (Not Transported),Not Applicable (Not Transported),1,Daylight,Clear,0,0,[],[],0,0,Invalid,0.0,0.0,999.0,999.0,['Other'],0,0,1,0,4,Dry,Straight,Level,Lowest,No
22180,35,New Mexico,350017,0,2,2,0,2,FARMINGTON,January,10,Tuesday,7,48,Urban,High Speed (Arterial),Yes,36.71923611,-108.178,Simple Junction,Daylight,Clear,Unknown,Unknown,Unknown EMS Scene Arrival Hour,Unknown EMS Scene Arrival Minutes,Unknown,Unknown EMS Hospital Arrival Time,1,Daylight,Clear,1,1,['Driver'],['None_Used'],0,0,Valid,0.0,1.0,35.0,21.0,"['Female', 'Male']",1,0,5,4,5,Dry,Straight,Level,Lowest,No
22181,35,New Mexico,350018,1,1,1,0,1,ALBUQUERQUE,January,9,Monday,21,33,Urban,High Speed (Arterial),Yes,35.05756944,-106.63806111,Non-Intersection,Dark - Lighted,Clear,Unknown,Unknown if Notified,Unknown EMS Scene Arrival Hour,Unknown if Arrived,Not Applicable (Not Transported),Not Applicable (Not Transported),1,Dark - Lighted,Clear,0,1,[],[],0,0,Valid,0.0,1.0,21.0,21.0,['Male'],0,0,2,4,4,Dry,Straight,Grade/Hillcrest,Lowest,No
22182,35,New Mexico,350019,0,2,2,0,2,ALBUQUERQUE,January,10,Tuesday,20,12,Urban,High Speed (Arterial),No,35.07268056,-106.53878056,Non-Intersection,Dark - Lighted,Clear,Unknown,Unknown,Unknown EMS Scene Arrival Hour,Unknown EMS Scene Arrival Minutes,Unknown,Unknown EMS Hospital Arrival Time,1,Dark - Lighted,Clear,1,0,['Driver'],['None_Used'],0,0,Invalid,0.0,0.0,999.0,998.0,"['Male', 'Other']",0,0,5,4,5,Dry,Straight,Level,Lowest,No
22183,35,New Mexico,350020,0,2,2,0,5,GALLUP,January,15,Sunday,19,29,Urban,High Speed (Arterial),Yes,35.50732222,-108.820775,Non-Intersection,Dark - Lighted,Clear,Unknown,Unknown,Unknown EMS Scene Arrival Hour,Unknown EMS Scene Arrival Minutes,Unknown,Unknown EMS Hospital Arrival Time,2,Dark - Lighted,Clear,2,3,"['Front_Passenger', 'Rear_Seat']","['Shoulder_Lapbelt', 'Child_Safety']",0,0,Valid,0.0,0.0,28.0,15.0,"['Male', 'Female']",1,0,3,4,5,Wet/Standing Water,Straight,Level,Lowest,No
22184,35,New Mexico,350021,0,2,2,0,2,NOT APPLICABLE,January,18,Wednesday,1,0,Rural,Medium Speed (Collector),No,32.17526667,-103.38073333,Non-Intersection,Dark - Not Lighted,Clear,Unknown,Unknown,Unknown EMS Scene Arrival Hour,Unknown EMS Scene Arrival Minutes,Not Applicable (Not Transported),Not Applicable (Not Transported),1,Dark - Unlighted,Clear,1,1,['Driver'],['Shoulder_Lapbelt'],0,0,Invalid,0.0,0.0,39.0,38.0,"['Male', 'Male']",0,0,4,4,5,Dry,Curve,Level,Lowest,No
22185,35,New Mexico,350022,0,4,4,0,4,ALBUQUERQUE,January,11,Wednesday,17,19,Urban,High Speed (Arterial),No,35.11645,-106.59148056,Simple Junction,Dusk,Clear,Unknown,Unknown,Unknown EMS Scene Arrival Hour,Unknown EMS Scene Arrival Minutes,Unknown,Unknown EMS Hospital Arrival Time,1,Twilight,Clear,1,1,['Driver'],['None_Used'],0,0,Valid,0.0,1.0,998.0,19.0,"['Male', 'Male', 'Female', 'Male']",0,0,5,4,5,Dry,Straight,Grade/Hillcrest,Lowest,No
22186,35,New Mexico,350023,1,1,1,0,1,BERNALILLO,January,28,Saturday,1,18,Urban,High Speed (Arterial),Yes,35.31983611,-106.54909167,Non-Intersection,Dark - Lighted,Clear,Unknown,Unknown,Unknown EMS Scene Arrival Hour,Unknown EMS Scene Arrival Minutes,Not Applicable (Not Transported),Not Applicable (Not Transported),1,Dark - Lighted,Clear,0,1,[],[],0,0,Valid,0.0,0.0,22.0,22.0,['Female'],0,0,3,2,4,Dry,Straight,Level,Lowest,No
22187,35,New Mexico,350024,0,2,2,0,2,NOT APPLICABLE,January,30,Monday,21,22,Rural,Medium Speed (Collector),No,34.09120833,-103.33557778,Non-Intersection,Dark - Not Lighted,Clear,Unknown,Unknown,Unknown EMS Scene Arrival Hour,Unknown EMS Scene Arrival Minutes,Unknown,Unknown EMS Hospital Arrival Time,1,Dark - Unlighted,Clear,1,1,['Front_Passenger'],['Shoulder_Lapbelt'],0,0,Valid,0.0,0.0,75.0,75.0,['Male'],0,0,3,4,5,Dry,Straight,Level,Lowest,No
22188,35,New Mexico,350025,1,1,1,0,1,NOT APPLICABLE,February,3,Friday,6,4,Rural,Medium Speed (Collector),No,35.34757778,-108.01061944,Non-Intersection,Dark - Not Lighted,Clear,Unknown,Unknown if Notified,Unknown EMS Scene Arrival Hour,Unknown if Arrived,Not Applicable (Not Transported),Not Applicable (Not Transported),1,Dark - Unlighted,Clear,0,1,[],[],0,0,Valid,0.0,0.0,20.0,20.0,['Male'],0,0,3,3,4,Dry,Straight,Level,Lowest,No
22189,35,New Mexico,350026,0,2,2,0,2,ALBUQUERQUE,February,3,Friday,16,42,Urban,High Speed (Arterial),No,35.07266944,-106.53938333,Complex/Circle,Daylight,Clear,Unknown,Unknown,Unknown EMS Scene Arrival Hour,Unknown EMS Scene Arrival Minutes,Unknown,Unknown EMS Hospital Arrival Time,1,Daylight,Clear,1,1,['Driver'],['None_Used'],0,0,Valid,0.0,0.0,56.0,23.0,"['Male', 'Male']",1,0,5,4,5,Dry,Straight,Level,Lowest,No
22190,35,New Mexico,350027,0,1,1,0,2,MESQUITE,February,4,Saturday,4,40,Rural,Low Speed (Local),No,32.15899722,-106.69401389,Non-Intersection,Dark - Not Lighted,Clear,Unknown,Unknown,Unknown EMS Scene Arrival Hour,Unknown EMS Scene Arrival Minutes,Unknown,Unknown EMS Hospital Arrival Time,1,Dark - Unlighted,Clear,1,1,['Driver'],['None_Used'],1,1,Invalid,0.0,0.0,30.0,30.0,['Male'],0,0,3,4,3,Dry,Curve,Level,Medium,No
22191,35,New Mexico,350028,1,1,1,0,1,SANTA FE,February,4,Saturday,20,19,Urban,High Speed (Arterial),Yes,35.67251667,-105.95442222,Non-Intersection,Dark - Not Lighted,Clear,Unknown,Unknown,Unknown EMS Scene Arrival Hour,Unknown EMS Scene Arrival Minutes,Unknown,Unknown EMS Hospital Arrival Time,1,Dark - Unlighted,Clear,0,1,[],[],0,0,Invalid,0.0,0.0,999.0,999.0,['Other'],0,0,1,3,4,Dry,Straight,Level,Lowest,No
22192,35,New Mexico,350029,0,1,1,0,1,NOT APPLICABLE,February,4,Saturday,5,34,Rural,Medium Speed (Collector),No,34.57605833,-106.11441389,Non-Intersection,Dark - Not Lighted,Clear,Unknown,Unknown if Notified,Unknown EMS Scene Arrival Hour,Unknown if Arrived,Not Applicable (Not Transported),Not Applicable (Not Transported),1,Dark - Unlighted,Clear,1,0,['Driver'],['None_Used'],0,0,Invalid,0.0,0.0,34.0,34.0,['Female'],0,0,3,4,3,Dry,Straight,Grade/Hillcrest,Medium,No
22193,35,New Mexico,350030,1,1,1,0,2,ALBUQUERQUE,February,4,Saturday,21,37,Urban,High Speed (Arterial),No,35.07786667,-106.58609444,Complex/Circle,Dark - Lighted,Clear,Unknown,Unknown,Unknown EMS Scene Arrival Hour,Unknown EMS Scene Arrival Minutes,Not Applicable (Not Transported),Not Applicable (Not Transported),1,Dark - Lighted,Clear,0,2,[],[],0,0,Valid,0.0,0.0,19.0,19.0,['Male'],0,0,3,3,4,Dry,Straight,Level,Lowest,No
22194,35,New Mexico,350031,1,2,2,0,5,NOT APPLICABLE,February,4,Saturday,19,39,Rural,High Speed (Arterial),Yes,36.70393889,-108.10523889,Non-Intersection,Dark - Not Lighted,Clear,Unknown,Unknown,Unknown EMS Scene Arrival Hour,Unknown EMS Scene Arrival Minutes,Not Applicable (Not Transported),Not Applicable (Not Transported),1,Dark - Unlighted,Clear,0,5,[],[],0,0,Valid,0.0,0.0,18.0,16.0,"['Male', 'Male']",0,0,3,2,4,Dry,Straight,Level,Lowest,No
22195,35,New Mexico,350032,1,1,1,0,1,ALBUQUERQUE,February,4,Saturday,2,6,Urban,High Speed (Arterial),Yes,35.10390556,-106.59596111,Non-Intersection,Dark - Not Lighted,Clear,Unknown,Unknown,Unknown EMS Scene Arrival Hour,Unknown EMS Scene Arrival Minutes,Unknown,Unknown EMS Hospital Arrival Time,1,Dark - Unlighted,Clear,0,1,[],[],0,0,Valid,0.0,0.0,70.0,70.0,['Male'],0,0,2,4,4,Dry,Straight,Level,Lowest,No
22196,35,New Mexico,350033,0,2,2,0,2,NOT APPLICABLE,February,7,Tuesday,8,9,Rural,High Speed (Arterial),Yes,35.36688056,-108.06153889,Non-Intersection,Daylight,Blowing Snow,Unknown,Unknown if Notified,Unknown EMS Scene Arrival Hour,Unknown if Arrived,Not Applicable (Not Transported),Not Applicable (Not Transported),1,Daylight,Snow/Ice/Severe,1,1,['Driver'],['Shoulder_Lapbelt'],0,0,Valid,0.0,0.0,45.0,36.0,"['Male', 'Male']",1,0,4,4,5,Icy/Snowy,Straight,Level,Lowest,No
22197,35,New Mexico,350034,0,1,1,0,1,NOT APPLICABLE,February,8,Wednesday,13,30,Rural,High Speed (Arterial),Yes,35.01350278,-107.01958889,Non-Intersection,Daylight,Clear,Unknown,Unknown,Unknown EMS Scene Arrival Hour,Unknown EMS Scene Arrival Minutes,Not Applicable (Not Transported),Not Applicable (Not Transported),1,Daylight,Clear,1,0,['Driver'],['None_Used'],0,0,Valid,0.0,2.0,43.0,43.0,['Male'],0,0,4,4,3,Dry,Straight,Level,Lowest,No