,State_Code,State_Name,Crash_ID,Count_Non_Motorists,Count_Vehicles_Total,Count_Vehicle_Forms,Count_PVH_Involved,Count_Occupants_MV,City_Name,Month_Name,Day_of_Month,Day_of_Week,Crash_Hour,Crash_Minute,Area_Rural_Urban,Road_Functional_Class,On_NHS_Road,Latitude,Longitude,Intersection_Type,Light_Condition,Weather_Condition,Notif_Hour,Notif_Minute,Arrival_Hour,Arrival_Minute,Hospital_Hour,Hospital_Minute,Fatalities_Count,Clean_Light_Condition,Clean_Weather_Condition,Total_Killed,Total_Alive,Fatal_Seats_List,Killed_Restraint_List,Any_Driver_Drinking,Total_Drinking_Drivers,Driver_License_Category,Driver_Max_Prev_Accident_Count,Driver_Max_Prev_Speeding_Count,Max_Driver_Age,Min_Driver_Age,Driver_Sex_List,Total_Exceeding_Limit_Vehicles,Total_Too_Fast_Vehicles,Max_Vehicle_Type_Severity_5,Max_Vehicle_Damage_Rank,Max_Harmful_Event_Severity,Crash_Road_Surface_Condition,Crash_Horizontal_Alignment,Crash_Vertical_Profile,Crash_Impairment_Category,Crash_Vehicle_Defect
22198,35,New Mexico,350035,0,2,2,0,4,HOBBS,February,8,Wednesday,10,42,Rural,High Speed (Arterial),Yes,32.72589722,-103.09488889,Complex/Circle,Daylight,Clear,Unknown,Unknown,Unknown EMS Scene Arrival Hour,Unknown EMS Scene Arrival Minutes,Unknown,Unknown EMS Hospital Arrival Time,1,Daylight,Clear,1,3,['Driver'],['Shoulder_Lapbelt'],0,0,Valid,0.0,1.0,89.0,31.0,"['Male', 'Male']",0,0,3,4,5,Dry,Straight,Level,Lowest,No
22199,35,New Mexico,350036,0,1,1,0,1,NOT APPLICABLE,February,9,Thursday,16,50,Rural,Medium Speed (Collector),No,35.41115833,-103.43720833,Non-Intersection,Daylight,Clear,Unknown,Unknown,Unknown EMS Scene Arrival Hour,Unknown EMS Scene Arrival Minutes,Not Applicable (Not Transported),Not Applicable (Not Transported),1,Daylight,Clear,1,0,['Driver'],['None_Used'],1,1,Valid,0.0,0.0,41.0,41.0,['Male'],0,0,3,4,3,Dry,Straight,Level,Lowest,No
22200,35,New Mexico,350037,1,2,2,0,3,MORIARTY,February,10,Friday,22,50,Rural,High Speed (Arterial),Yes,35.00450833,-105.9985,Non-Intersection,Dark - Not Lighted,Clear,Unknown,Unknown,Unknown EMS Scene Arrival Hour,Unknown EMS Scene Arrival Minutes,Unknown,Unknown EMS Hospital Arrival Time,1,Dark - Unlighted,Clear,0,3,[],[],0,0,Valid,0.0,0.0,59.0,45.0,"['Male', 'Male']",0,0,4,4,5,Dry,Straight,Level,Lowest,No
22201,35,New Mexico,350038,0,2,2,0,2,NOT APPLICABLE,February,11,Saturday,18,57,Rural,High Speed (Arterial),Yes,33.3363,-106.08194167,Non-Intersection,Dark - Not Lighted,Clear,Unknown,Unknown,Unknown EMS Scene Arrival Hour,Unknown EMS Scene Arrival Minutes,Not Applicable (Not Transported),Not Applicable (Not Transported),2,Dark - Unlighted,Clear,2,0,"['Driver', 'Driver']","['Shoulder_Lapbelt', 'Shoulder_Lapbelt']",0,0,Valid,0.0,0.0,82.0,40.0,"['Male', 'Male']",0,0,3,4,5,Dry,Straight,Level,Lowest,No
22202,35,New Mexico,350039,1,1,1,0,1,ALBUQUERQUE,February,10,Friday,21,4,Urban,High Speed (Arterial),No,35.10902222,-106.56262222,Non-Intersection,Dark - Lighted,Clear,Unknown,Unknown,Unknown EMS Scene Arrival Hour,Unknown EMS Scene Arrival Minutes,Not Applicable (Not Transported),Not Applicable (Not Transported),1,Dark - Lighted,Clear,0,1,[],[],1,1,Valid,0.0,0.0,21.0,21.0,['Male'],0,0,3,4,4,Dry,Straight,Level,Lowest,No
22203,35,New Mexico,350040,0,2,2,0,3,RIO RANCHO,February,12,Sunday,12,10,Urban,High Speed (Arterial),No,35.29453889,-106.69698333,Non-Intersection,Daylight,Clear,Unknown,Unknown,Unknown EMS Scene Arrival Hour,Unknown EMS Scene Arrival Minutes,Unknown,Unknown EMS Hospital Arrival Time,1,Daylight,Clear,1,2,['Driver'],['Shoulder_Lapbelt'],0,0,Invalid,0.0,0.0,31.0,30.0,"['Female', 'Female']",0,0,3,4,5,Dry,Straight,Grade/Hillcrest,Lowest,No
22204,35,New Mexico,350041,1,1,1,0,1,ALBUQUERQUE,February,13,Monday,1,2,Urban,High Speed (Arterial),No,35.13082778,-106.55992778,Complex/Circle,Dark - Lighted,Clear,Unknown,Unknown,Unknown EMS Scene Arrival Hour,Unknown EMS Scene Arrival Minutes,Not Applicable (Not Transported),Not Applicable (Not Transported),1,Dark - Lighted,Clear,0,1,[],[],0,0,Valid,0.0,0.0,51.0,51.0,['Male'],0,0,2,3,4,Dry,Straight,Level,Lowest,No
22205,35,New Mexico,350042,1,1,1,0,1,ALBUQUERQUE,February,13,Monday,5,43,Urban,High Speed (Arterial),No,35.19472222,-106.70348889,Non-Intersection,Dark - Not Lighted,Clear,Unknown,Unknown,Unknown EMS Scene Arrival Hour,Unknown EMS Scene Arrival Minutes,Unknown,Unknown EMS Hospital Arrival Time,1,Dark - Unlighted,Clear,0,1,[],[],0,0,Valid,0.0,0.0,51.0,51.0,['Male'],0,0,2,3,4,Dry,Curve,Level,Lowest,No
22206,35,New Mexico,350043,0,1,1,0,1,ALBUQUERQUE,February,13,Monday,8,26,Urban,High Speed (Arterial),Yes,35.18185,-106.65412778,Non-Intersection,Daylight,Severe Crosswinds,Unknown,Unknown,Unknown EMS Scene Arrival Hour,Unknown EMS Scene Arrival Minutes,Not Applicable (Not Transported),Not Applicable (Not Transported),1,Daylight,Rain/Wind/Minor,1,0,['Driver'],['None_Used'],0,0,Valid,0.0,0.0,22.0,22.0,['Male'],1,0,3,4,3,Dry,Straight,Level,Lowest,No
22207,35,New Mexico,350044,0,1,1,0,1,FARMINGTON,February,14,Tuesday,14,58,Urban,Low Speed (Local),No,36.76836389,-108.13980278,Non-Intersection,Daylight,Freezing Rain or Drizzle,Unknown,Unknown if Notified,Unknown EMS Scene Arrival Hour,Unknown if Arrived,Not Applicable (Not Transported),Not Applicable (Not Transported),1,Daylight,Snow/Ice/Severe,1,0,['Driver'],['None_Used'],1,1,Invalid,0.0,7.0,21.0,21.0,['Male'],1,0,5,4,2,Wet/Standing Water,Straight,Grade/Hillcrest,Lowest,No
22208,35,New Mexico,350045,0,1,1,0,2,NOT APPLICABLE,February,15,Wednesday,10,53,Rural,High Speed (Arterial),Yes,34.08049167,-107.40356111,Non-Intersection,Daylight,Snow,Unknown,Unknown,Unknown EMS Scene Arrival Hour,Unknown EMS Scene Arrival Minutes,Not Applicable (Not Transported),Not Applicable (Not Transported),1,Daylight,Snow/Ice/Severe,1,1,['Front_Passenger'],['None_Used'],0,0,Valid,0.0,0.0,65.0,65.0,['Male'],0,0,3,4,3,Icy/Snowy,Straight,Grade/Hillcrest,Lowest,No
22209,35,New Mexico,350046,0,2,2,0,2,LOS LUNAS,February,16,Thursday,20,11,Urban,High Speed (Arterial),No,34.70453889,-106.76246667,Non-Intersection,Dark - Not Lighted,Clear,Unknown,Unknown,Unknown EMS Scene Arrival Hour,Unknown EMS Scene Arrival Minutes,Unknown,Unknown EMS Hospital Arrival Time,1,Dark - Unlighted,Clear,1,1,['Driver'],['None_Used'],1,1,Valid,0.0,1.0,42.0,26.0,"['Male', 'Male']",1,0,5,4,5,Dry,Straight,Level,Lowest,No
22210,35,New Mexico,350047,0,2,2,0,3,LAS CRUCES,February,21,Tuesday,22,22,Urban,Medium Speed (Collector),No,32.30809444,-106.76823889,Complex/Circle,Dark - Lighted,Clear,Unknown,Unknown,Unknown EMS Scene Arrival Hour,Unknown EMS Scene Arrival Minutes,Unknown,Unknown EMS Hospital Arrival Time,1,Dark - Lighted,Clear,1,2,['Front_Passenger'],['Shoulder_Lapbelt'],0,0,Valid,0.0,0.0,27.0,17.0,"['Female', 'Male']",0,0,3,4,5,Dry,Straight,Level,Lowest,No
22211,35,New Mexico,350048,0,2,2,0,2,RINCON,February,23,Thursday,9,56,Rural,Medium Speed (Collector),No,32.62406944,-107.03338889,Non-Intersection,Daylight,Clear,Unknown,Unknown,Unknown EMS Scene Arrival Hour,Unknown EMS Scene Arrival Minutes,Unknown,Unknown EMS Hospital Arrival Time,1,Daylight,Clear,1,1,['Driver'],['None_Used'],0,0,Invalid,0.0,2.0,31.0,17.0,"['Male', 'Male']",0,0,2,4,5,Dry,Curve,Level,Lowest,No
22212,35,New Mexico,350049,1,1,1,0,1,ALBUQUERQUE,February,23,Thursday,5,23,Urban,Medium Speed (Collector),No,35.12371667,-106.62076944,Simple Junction,Dark - Lighted,Clear,Unknown,Unknown,Unknown EMS Scene Arrival Hour,Unknown EMS Scene Arrival Minutes,Not Applicable (Not Transported),Not Applicable (Not Transported),1,Dark - Lighted,Clear,0,1,[],[],0,0,Valid,0.0,0.0,22.0,22.0,['Male'],0,0,3,2,4,Dry,Straight,Level,Lowest,No
22213,35,New Mexico,350050,0,1,1,0,1,BELEN,February,24,Friday,8,58,Urban,Low Speed (Local),No,34.67449722,-106.7615,Non-Intersection,Daylight,Clear,Unknown,Unknown,Unknown EMS Scene Arrival Hour,Unknown EMS Scene Arrival Minutes,Unknown,Unknown EMS Hospital Arrival Time,1,Daylight,Clear,1,0,['Driver'],['None_Used'],0,0,Valid,0.0,0.0,35.0,35.0,['Male'],1,0,3,4,3,Dry,Straight,Level,Lowest,No
22214,35,New Mexico,350051,1,1,1,0,1,ALBUQUERQUE,February,18,Saturday,11,36,Urban,High Speed (Arterial),No,35.10906389,-106.62878889,Complex/Circle,Daylight,Clear,Unknown,Unknown,Unknown EMS Scene Arrival Hour,Unknown EMS Scene Arrival Minutes,Unknown,Unknown EMS Hospital Arrival Time,1,Daylight,Clear,0,1,[],[],0,0,Valid,0.0,0.0,29.0,29.0,['Male'],0,0,2,4,4,Dry,Straight,Level,Lowest,No
22215,35,New Mexico,350052,0,1,1,0,1,LA PLATA,February,28,Tuesday,22,8,Rural,Low Speed (Local),No,36.90018333,-108.19367778,Non-Intersection,Dark - Not Lighted,Clear,Unknown,Unknown if Notified,Unknown EMS Scene Arrival Hour,Unknown if Arrived,Not Applicable (Not Transported),Not Applicable (Not Transported),1,Dark - Unlighted,Clear,1,0,['Driver'],['None_Used'],1,1,Invalid,0.0,0.0,37.0,37.0,['Female'],1,0,2,4,3,Dry,Straight,Level,Lowest,No
22216,35,New Mexico,350053,0,1,1,0,7,RADIUM SPRINGS,February,6,Monday,0,7,Rural,Medium Speed (Collector),No,32.61065833,-107.02345,Non-Intersection,Dark - Not Lighted,Clear,Unknown,Unknown,Unknown EMS Scene Arrival Hour,Unknown EMS Scene Arrival Minutes,Unknown,Unknown EMS Hospital Arrival Time,1,Dark - Unlighted,Clear,1,5,['Front_Passenger'],['Shoulder_Lapbelt'],0,0,Invalid,0.0,0.0,999.0,999.0,['Other'],7,0,3,4,3,Dry,Curve,Grade/Hillcrest,Lowest,No
22217,35,New Mexico,350054,0,2,2,0,2,BELEN,February,6,Monday,12,30,Urban,High Speed (Arterial),No,34.67881111,-106.77136667,Non-Intersection,Daylight,Clear,Unknown,Unknown,Unknown EMS Scene Arrival Hour,Unknown EMS Scene Arrival Minutes,Not Applicable (Not Transported),Not Applicable (Not Transported),1,Daylight,Clear,1,1,['Driver'],['None_Used'],0,0,Valid,0.0,2.0,42.0,40.0,"['Male', 'Male']",0,0,5,4,5,Dry,Curve,Grade/Hillcrest,Lowest,No
22218,35,New Mexico,350055,0,2,2,0,6,ALBUQUERQUE,February,9,Thursday,8,5,Urban,High Speed (Arterial),No,35.09178889,-106.72991667,Complex/Circle,Daylight,Clear,Unknown,Unknown,Unknown EMS Scene Arrival Hour,Unknown EMS Scene Arrival Minutes,Unknown,Unknown EMS Hospital Arrival Time,1,Daylight,Clear,1,5,['Driver'],['Shoulder_Lapbelt'],0,0,Valid,0.0,1.0,41.0,33.0,"['Female', 'Female']",0,0,3,4,5,Dry,Straight,Level,Lowest,No
22219,35,New Mexico,350056,0,4,4,0,9,GRANTS,February,17,Friday,9,46,Rural,High Speed (Arterial),Yes,35.12091667,-107.82508889,Non-Intersection,Daylight,Clear,Unknown,Unknown,Unknown EMS Scene Arrival Hour,Unknown EMS Scene Arrival Minutes,Unknown,Unknown EMS Hospital Arrival Time,1,Daylight,Clear,1,8,['Non_Standard_Risk'],['None_Used'],0,0,Valid,0.0,0.0,77.0,26.0,"['Male', 'Male', 'Male', 'Male']",0,0,4,4,5,Dry,Straight,Level,Lowest,No
22220,35,New Mexico,350057,0,4,4,0,4,ALBUQUERQUE,February,12,Sunday,20,16,Urban,High Speed (Arterial),Yes,35.07711667,-106.51633611,Non-Intersection,Dark - Lighted,Clear,Unknown,Unknown,Unknown EMS Scene Arrival Hour,Unknown EMS Scene Arrival Minutes,Unknown,Unknown EMS Hospital Arrival Time,1,Dark - Lighted,Clear,1,3,['Driver'],['Shoulder_Lapbelt'],0,0,Invalid,0.0,0.0,45.0,31.0,"['Male', 'Male', 'Male', 'Male']",0,0,4,4,5,Dry,Straight,Level,Lowest,No
22221,35,New Mexico,350058,1,1,1,0,1,ALBUQUERQUE,March,1,Wednesday,5,34,Urban,High Speed (Arterial),No,35.07272778,-106.53990833,Non-Intersection,Dawn,Clear,Unknown,Unknown,Unknown EMS Scene Arrival Hour,Unknown EMS Scene Arrival Minutes,Not Applicable (Not Transported),Not Applicable (Not Transported),1,Twilight,Clear,0,1,[],[],0,0,Valid,0.0,0.0,69.0,69.0,['Male'],0,0,3,1,4,Dry,Straight,Level,Lowest,No
22222,35,New Mexico,350059,0,2,2,0,4,NOT APPLICABLE,March,2,Thursday,4,50,Rural,Medium Speed (Collector),No,32.55466944,-107.47436111,Non-Intersection,Dark - Not Lighted,Blowing Snow,Unknown,Unknown,Unknown EMS Scene Arrival Hour,Unknown EMS Scene Arrival Minutes,Unknown,Unknown EMS Hospital Arrival Time,2,Dark - Unlighted,Snow/Ice/Severe,2,2,"['Driver', 'Driver']","['Shoulder_Lapbelt', 'Shoulder_Lapbelt']",0,0,Valid,0.0,0.0,65.0,24.0,"['Male', 'Male']",0,0,4,4,5,Wet/Standing Water,Straight,Level,Lowest,No
22223,35,New Mexico,350060,0,2,2,0,2,ALBUQUERQUE,March,3,Friday,2,35,Urban,High Speed (Arterial),No,35.194625,-106.70358333,Non-Intersection,Dark - Not Lighted,Clear,Unknown,Unknown,Unknown EMS Scene Arrival Hour,Unknown EMS Scene Arrival Minutes,Unknown,Unknown EMS Hospital Arrival Time,1,Dark - Unlighted,Clear,1,1,['Driver'],['Shoulder_Lapbelt'],1,1,Valid,0.0,0.0,43.0,21.0,"['Male', 'Male']",1,0,3,4,5,Dry,Curve,Level,Lowest,No
22224,35,New Mexico,350061,0,3,3,0,3,NOT APPLICABLE,March,5,Sunday,1,53,Rural,High Speed (Arterial),Yes,32.04810833,-106.29440833,Non-Intersection,Dark - Not Lighted,Clear,Unknown,Unknown,Unknown EMS Scene Arrival Hour,Unknown EMS Scene Arrival Minutes,Unknown,Unknown EMS Hospital Arrival Time,1,Dark - Unlighted,Clear,1,2,['Driver'],['Shoulder_Lapbelt'],1,1,Valid,0.0,0.0,57.0,21.0,"['Female', 'Male', 'Female']",0,0,3,4,5,Dry,Straight,Level,Lowest,No
22225,35,New Mexico,350062,1,1,1,0,1,ALBUQUERQUE,March,8,Wednesday,18,56,Urban,High Speed (Arterial),No,35.08615278,-106.58633056,Non-Intersection,Dark - Lighted,Clear,Unknown,Unknown,Unknown EMS Scene Arrival Hour,Unknown EMS Scene Arrival Minutes,Unknown,Unknown EMS Hospital Arrival Time,1,Dark - Lighted,Clear,0,1,[],[],0,0,Valid,0.0,0.0,53.0,53.0,['Female'],0,0,3,2,4,Dry,Straight,Level,Lowest,No
22226,35,New Mexico,350063,1,1,1,0,1,ALBUQUERQUE,March,10,Friday,23,20,Urban,High Speed (Arterial),No,35.07270556,-106.55999167,Simple Junction,Dark - Lighted,Clear,Unknown,Unknown,Unknown EMS Scene Arrival Hour,Unknown EMS Scene Arrival Minutes,Unknown,Unknown EMS Hospital Arrival Time,1,Dark - Lighted,Clear,0,0,[],[],0,0,Invalid,0.0,0.0,999.0,999.0,['Other'],0,0,2,0,4,Dry,Straight,Level,Lowest,No
22227,35,New Mexico,350064,0,2,2,0,2,ALBUQUERQUE,March,12,Sunday,8,18,Urban,High Speed (Arterial),Yes,35.13696667,-106.60258056,Non-Intersection,Daylight,Clear,Unknown,Unknown,Unknown EMS Scene Arrival Hour,Unknown EMS Scene Arrival Minutes,Unknown,Unknown EMS Hospital Arrival Time,1,Daylight,Clear,1,1,['Driver'],['Shoulder_Lapbelt'],0,0,Valid,0.0,0.0,66.0,37.0,"['Female', 'Female']",0,0,3,4,5,Dry,Straight,Level,Lowest,No
22228,35,New Mexico,350065,0,2,2,0,3,TULAROSA,March,13,Monday,15,12,Rural,High Speed (Arterial),Yes,33.04029167,-106.00708056,Non-Intersection,Daylight,Clear,Unknown,Unknown,Unknown EMS Scene Arrival Hour,Unknown EMS Scene Arrival Minutes,Unknown,Unknown EMS Hospital Arrival Time,1,Daylight,Clear,1,2,['Rear_Seat'],['None_Used'],0,0,Valid,0.0,0.0,74.0,73.0,"['Male', 'Male']",0,0,5,4,5,Dry,Straight,Level,Lowest,No
22229,35,New Mexico,350066,0,2,2,0,3,ALBUQUERQUE,March,14,Tuesday,13,57,Urban,High Speed (Arterial),Yes,35.17443333,-106.67357222,Complex/Circle,Daylight,Clear,Unknown,Unknown,Unknown EMS Scene Arrival Hour,Unknown EMS Scene Arrival Minutes,Unknown,Unknown EMS Hospital Arrival Time,1,Daylight,Clear,1,2,['Front_Passenger'],['Shoulder_Lapbelt'],0,0,Valid,0.0,0.0,78.0,19.0,"['Male', 'Male']",0,0,2,4,5,Dry,Curve,Level,Lowest,No
22230,35,New Mexico,350067,1,1,1,0,5,DEMING,March,17,Friday,21,3,Rural,High Speed (Arterial),Yes,32.23947222,-107.42405,Non-Intersection,Dark - Not Lighted,Clear,Unknown,Unknown,Unknown EMS Scene Arrival Hour,Unknown EMS Scene Arrival Minutes,Not Applicable (Not Transported),Not Applicable (Not Transported),1,Dark - Unlighted,Clear,0,5,[],[],0,0,Valid,0.0,0.0,42.0,42.0,['Male'],0,0,3,4,4,Dry,Straight,Level,Lowest,No
22231,35,New Mexico,350068,1,1,1,0,1,ALBUQUERQUE,March,17,Friday,0,25,Urban,Medium Speed (Collector),No,35.11987778,-106.64447222,Non-Intersection,Dark - Lighted,Blowing Snow,Unknown,Unknown if Notified,Unknown EMS Scene Arrival Hour,Unknown if Arrived,Not Applicable (Not Transported),Not Applicable (Not Transported),1,Dark - Lighted,Snow/Ice/Severe,0,0,[],[],0,0,Invalid,0.0,0.0,999.0,999.0,['Other'],0,0,1,0,4,Wet/Standing Water,Straight,Level,Lowest,No
22232,35,New Mexico,350069,0,1,1,0,1,NOT APPLICABLE,March,22,Wednesday,15,51,Rural,Medium Speed (Collector),No,33.17590278,-107.03099444,Non-Intersection,Daylight,Clear,Unknown,Unknown,Unknown EMS Scene Arrival Hour,Unknown EMS Scene Arrival Minutes,Not Applicable (Not Transported),Not Applicable (Not Transported),1,Daylight,Clear,1,0,['Driver'],['None_Used'],1,1,Valid,0.0,0.0,69.0,69.0,['Male'],1,0,3,4,3,Dry,Straight,Level,Lowest,No
22233,35,New Mexico,350070,0,2,2,0,8,NOT APPLICABLE,March,23,Thursday,9,52,Rural,Medium Speed (Collector),No,32.23944167,-108.95331389,Non-Intersection,Daylight,Clear,Unknown,Unknown,Unknown EMS Scene Arrival Hour,Unknown EMS Scene Arrival Minutes,Unknown,Unknown EMS Hospital Arrival Time,1,Daylight,Clear,1,7,['Driver'],['None_Used'],0,0,Valid,0.0,0.0,57.0,22.0,"['Male', 'Female', 'Male']",5,0,3,4,5,Dry,Curve,Grade/Hillcrest,Lowest,No
22234,35,New Mexico,350071,0,2,2,0,3,NOT APPLICABLE,March,24,Friday,8,48,Rural,High Speed (Arterial),Yes,35.47475278,-108.42058056,Non-Intersection,Daylight,Cloudy,Unknown,Unknown,Unknown EMS Scene Arrival Hour,Unknown EMS Scene Arrival Minutes,Not Applicable (Not Transported),Not Applicable (Not Transported),1,Daylight,Reduced Visibility,1,2,['Driver'],['Shoulder_Lapbelt'],0,0,Valid,0.0,0.0,34.0,18.0,"['Male', 'Male']",2,0,3,4,5,Icy/Snowy,Straight,Level,Lowest,No
22235,35,New Mexico,350072,1,1,1,0,1,CARLSBAD,March,25,Saturday,0,22,Urban,High Speed (Arterial),Yes,32.41678333,-104.22898889,Simple Junction,Dark - Not Lighted,Clear,Unknown,Unknown,Unknown EMS Scene Arrival Hour,Unknown EMS Scene Arrival Minutes,Not Applicable (Not Transported),Not Applicable (Not Transported),1,Dark - Unlighted,Clear,0,1,[],[],1,1,Valid,0.0,0.0,71.0,71.0,['Male'],0,0,3,2,4,Dry,Straight,Level,Lowest,No
22236,35,New Mexico,350073,0,2,2,0,2,RIO RANCHO,March,26,Sunday,12,6,Urban,High Speed (Arterial),No,35.26379722,-106.696775,Complex/Circle,Daylight,Clear,Unknown,Unknown,Unknown EMS Scene Arrival Hour,Unknown EMS Scene Arrival Minutes,Not Applicable (Not Transported),Not Applicable (Not Transported),1,Daylight,Clear,1,1,['Driver'],['None_Used'],0,0,Valid,0.0,0.0,58.0,19.0,"['Male', 'Female']",0,0,5,4,5,Dry,Straight,Level,Lowest,No
22237,35,New Mexico,350074,1,2,1,1,1,CLOVIS,March,30,Thursday,10,55,Rural,Medium Speed (Collector),No,34.48657778,-103.19631389,Non-Intersection,Daylight,Clear,Unknown,Unknown,Unknown EMS Scene Arrival Hour,Unknown EMS Scene Arrival Minutes,Unknown,Unknown EMS Hospital Arrival Time,1,Daylight,Clear,0,1,[],[],0,0,Valid,0.0,0.0,69.0,69.0,['Male'],0,0,3,4,5,Dry,Straight,Level,Lowest,No
22238,35,New Mexico,350075,0,2,2,0,3,ALBUQUERQUE,March,30,Thursday,19,18,Urban,High Speed (Arterial),No,35.13170556,-106.60821389,Complex/Circle,Daylight,Clear,Unknown,Unknown,Unknown EMS Scene Arrival Hour,Unknown EMS Scene Arrival Minutes,Unknown,Unknown EMS Hospital Arrival Time,1,Daylight,Clear,1,2,['Driver'],['Shoulder_Lapbelt'],0,0,Valid,0.0,0.0,71.0,29.0,"['Male', 'Male']",0,0,3,4,5,Dry,Straight,Level,Lowest,No
22239,35,New Mexico,350076,1,1,1,0,1,GALLUP,March,1,Wednesday,19,55,Urban,High Speed (Arterial),No,35.53163333,-108.62813333,Non-Intersection,Dark - Not Lighted,Snow,Unknown,Unknown,Unknown EMS Scene Arrival Hour,Unknown EMS Scene Arrival Minutes,Not Applicable (Not Transported),Not Applicable (Not Transported),1,Dark - Unlighted,Snow/Ice/Severe,0,1,[],[],0,0,Valid,0.0,0.0,35.0,35.0,['Male'],0,0,3,4,4,Wet/Standing Water,Straight,Level,Lowest,No
22240,35,New Mexico,350077,1,1,1,0,1,GALLUP,March,13,Monday,21,12,Urban,Medium Speed (Collector),No,35.52646389,-108.73812222,Complex/Circle,Dark - Lighted,Clear,Unknown,Unknown,Unknown EMS Scene Arrival Hour,Unknown EMS Scene Arrival Minutes,Not Applicable (Not Transported),Not Applicable (Not Transported),1,Dark - Lighted,Clear,0,1,[],[],1,1,Invalid,0.0,0.0,23.0,23.0,['Male'],0,0,3,3,4,Dry,Straight,Level,Lowest,No
22241,35,New Mexico,350078,0,1,1,0,4,Other,March,25,Saturday,18,54,Rural,Low Speed (Local),No,36.08515833,-108.18822778,Non-Intersection,Daylight,Clear,Unknown,Unknown,Unknown EMS Scene Arrival Hour,Unknown EMS Scene Arrival Minutes,Unknown,Unknown EMS Hospital Arrival Time,1,Daylight,Clear,1,3,['Front_Passenger'],['None_Used'],1,1,Invalid,0.0,0.0,47.0,47.0,['Female'],0,0,3,4,3,Dry,Straight,Level,Lowest,No
22242,35,New Mexico,350079,0,1,1,0,2,ALBUQUERQUE,April,1,Saturday,5,4,Urban,High Speed (Arterial),Yes,35.12327778,-106.49765,Complex/Circle,Dark - Lighted,Clear,Unknown,Unknown,Unknown EMS Scene Arrival Hour,Unknown EMS Scene Arrival Minutes,Unknown,Unknown EMS Hospital Arrival Time,1,Dark - Lighted,Clear,1,1,['Front_Passenger'],['Shoulder_Lapbelt'],0,0,Valid,0.0,0.0,45.0,45.0,['Male'],0,0,3,4,3,Dry,Straight,Level,Lowest,No
22243,35,New Mexico,350080,0,2,2,0,2,NOT APPLICABLE,April,3,Monday,9,16,Rural,High Speed (Arterial),Yes,33.73155833,-105.83583889,Non-Intersection,Daylight,Clear,Unknown,Unknown,Unknown EMS Scene Arrival Hour,Unknown EMS Scene Arrival Minutes,Unknown,Unknown EMS Hospital Arrival Time,1,Daylight,Clear,1,1,['Driver'],['Shoulder_Lapbelt'],0,0,Valid,0.0,0.0,50.0,25.0,"['Male', 'Male']",0,0,4,4,5,Dry,Curve,Level,Lowest,No
22244,35,New Mexico,350081,0,2,2,0,2,NOT APPLICABLE,April,6,Thursday,6,30,Rural,High Speed (Arterial),Yes,32.52745556,-103.84834722,Simple Junction,Dawn,Clear,Unknown,Unknown if Notified,Unknown EMS Scene Arrival Hour,Unknown if Arrived,Not Applicable (Not Transported),Not Applicable (Not Transported),1,Twilight,Clear,1,1,['Driver'],['None_Used'],0,0,Invalid,0.0,0.0,57.0,27.0,"['Male', 'Male']",1,0,4,4,5,Dry,Straight,Level,Lowest,No
22245,35,New Mexico,350082,0,3,3,0,6,ALBUQUERQUE,April,6,Thursday,20,35,Urban,High Speed (Arterial),No,35.08587778,-106.6847,Complex/Circle,Dark - Lighted,Clear,Unknown,Unknown,Unknown EMS Scene Arrival Hour,Unknown EMS Scene Arrival Minutes,Unknown,Unknown EMS Hospital Arrival Time,2,Dark - Lighted,Clear,2,4,"['Driver', 'Rear_Seat']","['None_Used', 'None_Used']",0,0,Invalid,0.0,1.0,61.0,28.0,"['Male', 'Male', 'Male']",2,0,5,4,5,Dry,Straight,Level,Lowest,No
22246,35,New Mexico,350083,1,1,1,0,1,LAS CRUCES,April,7,Friday,21,6,Urban,High Speed (Arterial),Yes,32.31157778,-106.80649444,Non-Intersection,Dark - Lighted,Clear,Unknown,Unknown,Unknown EMS Scene Arrival Hour,Unknown EMS Scene Arrival Minutes,Not Applicable (Not Transported),Not Applicable (Not Transported),1,Dark - Lighted,Clear,0,1,[],[],0,0,Valid,0.0,0.0,20.0,20.0,['Male'],0,0,2,3,4,Dry,Straight,Level,Lowest,No
22247,35,New Mexico,350084,0,1,1,0,4,NOT APPLICABLE,April,8,Saturday,2,7,Rural,High Speed (Arterial),Yes,34.53328611,-106.80078056,Non-Intersection,Dark - Not Lighted,Clear,Unknown,Unknown,Unknown EMS Scene Arrival Hour,Unknown EMS Scene Arrival Minutes,Unknown,Unknown EMS Hospital Arrival Time,2,Dark - Unlighted,Clear,2,2,"['Front_Passenger', 'Rear_Seat']","['Shoulder_Lapbelt', 'None_Used']",0,0,Valid,0.0,0.0,22.0,22.0,['Male'],0,0,3,4,3,Dry,Straight,Level,Medium,No