,State_Code,State_Name,Crash_ID,Count_Non_Motorists,Count_Vehicles_Total,Count_Vehicle_Forms,Count_PVH_Involved,Count_Occupants_MV,City_Name,Month_Name,Day_of_Month,Day_of_Week,Crash_Hour,Crash_Minute,Area_Rural_Urban,Road_Functional_Class,On_NHS_Road,Latitude,Longitude,Intersection_Type,Light_Condition,Weather_Condition,Notif_Hour,Notif_Minute,Arrival_Hour,Arrival_Minute,Hospital_Hour,Hospital_Minute,Fatalities_Count,Clean_Light_Condition,Clean_Weather_Condition,Total_Killed,Total_Alive,Fatal_Seats_List,Killed_Restraint_List,Any_Driver_Drinking,Total_Drinking_Drivers,Driver_License_Category,Driver_Max_Prev_Accident_Count,Driver_Max_Prev_Speeding_Count,Max_Driver_Age,Min_Driver_Age,Driver_Sex_List,Total_Exceeding_Limit_Vehicles,Total_Too_Fast_Vehicles,Max_Vehicle_Type_Severity_5,Max_Vehicle_Damage_Rank,Max_Harmful_Event_Severity,Crash_Road_Surface_Condition,Crash_Horizontal_Alignment,Crash_Vertical_Profile,Crash_Impairment_Category,Crash_Vehicle_Defect
22248,35,New Mexico,350085,0,1,1,0,2,ALBUQUERQUE,April,9,Sunday,12,11,Urban,High Speed (Arterial),Yes,35.07584444,-106.76581111,Non-Intersection,Daylight,Clear,Unknown,Unknown,Unknown EMS Scene Arrival Hour,Unknown EMS Scene Arrival Minutes,Unknown,Unknown EMS Hospital Arrival Time,1,Daylight,Clear,1,1,['Front_Passenger'],['Shoulder_Lapbelt'],0,0,Valid,0.0,0.0,42.0,42.0,['Female'],0,0,4,4,3,Dry,Straight,Level,Medium,No
22249,35,New Mexico,350086,0,1,1,0,3,NOT APPLICABLE,April,9,Sunday,15,15,Rural,High Speed (Arterial),Yes,35.39613611,-105.43676944,Non-Intersection,Daylight,Clear,Unknown,Unknown,Unknown EMS Scene Arrival Hour,Unknown EMS Scene Arrival Minutes,Unknown,Unknown EMS Hospital Arrival Time,1,Daylight,Clear,1,2,['Front_Passenger'],['None_Used'],0,0,Valid,0.0,0.0,20.0,20.0,['Male'],0,0,3,4,3,Dry,Straight,Level,Lowest,No
22250,35,New Mexico,350087,0,1,1,0,1,NOT APPLICABLE,April,11,Tuesday,18,36,Rural,Medium Speed (Collector),No,33.34351944,-107.40169722,Non-Intersection,Daylight,Not Reported,Unknown,Unknown,Unknown EMS Scene Arrival Hour,Unknown EMS Scene Arrival Minutes,Not Applicable (Not Transported),Not Applicable (Not Transported),1,Daylight,Clear,1,0,['Driver'],['None_Used'],0,0,Valid,0.0,3.0,33.0,33.0,['Female'],1,0,3,4,3,Dry,Straight,Level,Lowest,No
22251,35,New Mexico,350088,0,2,2,0,3,ALBUQUERQUE,April,14,Friday,3,12,Urban,High Speed (Arterial),Yes,35.12388056,-106.70155278,Simple Junction,Dark - Lighted,Clear,Unknown,Unknown,Unknown EMS Scene Arrival Hour,Unknown EMS Scene Arrival Minutes,Not Applicable (Not Transported),Not Applicable (Not Transported),1,Dark - Lighted,Clear,1,2,['Driver'],['Shoulder_Lapbelt'],1,1,Valid,0.0,0.0,30.0,21.0,"['Male', 'Male']",1,0,4,4,5,Dry,Straight,Level,Lowest,No
22252,35,New Mexico,350089,0,1,1,0,1,ALBUQUERQUE,April,14,Friday,18,22,Urban,High Speed (Arterial),Yes,35.1738,-106.58504722,Non-Intersection,Daylight,Clear,Unknown,Unknown,Unknown EMS Scene Arrival Hour,Unknown EMS Scene Arrival Minutes,Not Applicable (Not Transported),Not Applicable (Not Transported),1,Daylight,Clear,1,0,['Driver'],['None_Used'],1,1,Valid,0.0,0.0,24.0,24.0,['Male'],1,0,5,4,2,Dry,Curve,Level,Lowest,No
22253,35,New Mexico,350090,1,2,2,0,2,ALBUQUERQUE,April,16,Sunday,6,6,Urban,High Speed (Arterial),Yes,35.100425,-106.69849167,Complex/Circle,Dark - Lighted,Clear,Unknown,Unknown,Unknown EMS Scene Arrival Hour,Unknown EMS Scene Arrival Minutes,Not Applicable (Not Transported),Not Applicable (Not Transported),1,Dark - Lighted,Clear,0,1,[],[],0,0,Valid,0.0,0.0,999.0,59.0,"['Male', 'Other']",0,0,3,2,4,Dry,Straight,Level,Lowest,No
22254,35,New Mexico,350091,2,1,1,0,1,ALBUQUERQUE,April,14,Friday,4,29,Urban,High Speed (Arterial),No,35.07762222,-106.58633333,Complex/Circle,Dark - Lighted,Clear,Unknown,Unknown,Unknown EMS Scene Arrival Hour,Unknown EMS Scene Arrival Minutes,Unknown,Unknown EMS Hospital Arrival Time,1,Dark - Lighted,Clear,0,1,[],[],0,0,Valid,0.0,0.0,50.0,50.0,['Female'],0,0,3,4,4,Dry,Straight,Level,Lowest,No
22255,35,New Mexico,350092,0,1,1,0,1,NOT APPLICABLE,April,23,Sunday,13,26,Rural,Low Speed (Local),No,32.56149167,-108.33035278,Non-Intersection,Daylight,Clear,Unknown,Unknown if Notified,Unknown EMS Scene Arrival Hour,Unknown if Arrived,Not Applicable (Not Transported),Not Applicable (Not Transported),1,Daylight,Clear,1,0,['Driver'],['None_Used'],1,1,Invalid,0.0,0.0,35.0,35.0,['Male'],1,0,3,4,3,Dry,Straight,Grade/Hillcrest,Lowest,No
22256,35,New Mexico,350093,0,2,2,0,2,NOT APPLICABLE,April,26,Wednesday,9,26,Rural,High Speed (Arterial),Yes,36.53696389,-105.93369444,Non-Intersection,Daylight,Clear,Unknown,Unknown,Unknown EMS Scene Arrival Hour,Unknown EMS Scene Arrival Minutes,Not Applicable (Not Transported),Not Applicable (Not Transported),1,Daylight,Clear,1,1,['Driver'],['None_Used'],0,0,Valid,0.0,0.0,60.0,44.0,"['Female', 'Male']",0,0,4,4,5,Dry,Straight,Level,Lowest,No
22257,35,New Mexico,350094,0,1,1,0,12,NOT APPLICABLE,April,29,Saturday,14,36,Rural,High Speed (Arterial),Yes,32.92298333,-107.31781667,Non-Intersection,Daylight,Clear,Unknown,Unknown,Unknown EMS Scene Arrival Hour,Unknown EMS Scene Arrival Minutes,Unknown,Unknown EMS Hospital Arrival Time,3,Daylight,Clear,3,9,"['Front_Passenger', 'Front_Passenger', 'Front_Passenger']","['None_Used', 'None_Used', 'None_Used']",0,0,Invalid,0.0,0.0,20.0,20.0,['Male'],0,0,3,4,3,Dry,Straight,Level,Lowest,Yes
22258,35,New Mexico,350095,0,2,2,0,3,SILVER CITY,April,28,Friday,20,33,Urban,High Speed (Arterial),No,32.75483333,-108.27973889,Complex/Circle,Dark - Lighted,Clear,Unknown,Unknown,Unknown EMS Scene Arrival Hour,Unknown EMS Scene Arrival Minutes,Unknown,Unknown EMS Hospital Arrival Time,2,Dark - Lighted,Clear,2,1,"['Driver', 'Front_Passenger']","['Shoulder_Lapbelt', 'Shoulder_Lapbelt']",1,1,Valid,0.0,1.0,49.0,19.0,"['Male', 'Male']",1,0,3,4,5,Dry,Straight,Level,Lowest,No
22259,35,New Mexico,350096,0,2,2,0,3,TIJERAS,April,30,Sunday,2,19,Rural,High Speed (Arterial),Yes,35.10247778,-106.29259722,Non-Intersection,Dark - Not Lighted,Clear,Unknown,Unknown,Unknown EMS Scene Arrival Hour,Unknown EMS Scene Arrival Minutes,Unknown,Unknown EMS Hospital Arrival Time,1,Dark - Unlighted,Clear,1,2,['Driver'],['Shoulder_Lapbelt'],0,0,Valid,0.0,0.0,64.0,48.0,"['Male', 'Male']",0,0,4,4,5,Dry,Straight,Grade/Hillcrest,Lowest,No
22260,35,New Mexico,350097,0,2,2,0,5,BELEN,April,6,Thursday,19,58,Rural,Medium Speed (Collector),No,34.58113056,-106.74499722,Simple Junction,Dark - Not Lighted,Clear,Unknown,Unknown,Unknown EMS Scene Arrival Hour,Unknown EMS Scene Arrival Minutes,Not Applicable (Not Transported),Not Applicable (Not Transported),1,Dark - Unlighted,Clear,1,3,['Driver'],['None_Used'],1,1,Valid,0.0,0.0,58.0,44.0,"['Female', 'Male']",1,0,5,4,5,Dry,Straight,Level,Lowest,No
22261,35,New Mexico,350098,1,1,1,0,1,ALBUQUERQUE,April,9,Sunday,20,18,Urban,Medium Speed (Collector),No,35.06494167,-106.71710278,Non-Intersection,Dark - Unknown Lighting,Not Reported,Unknown,Unknown,Unknown EMS Scene Arrival Hour,Unknown EMS Scene Arrival Minutes,Unknown,Unknown EMS Hospital Arrival Time,1,Dark - Unlighted,Clear,0,0,[],[],0,0,Valid,0.0,0.0,17.0,17.0,['Male'],1,0,2,4,4,Dry,Straight,Level,Lowest,No
22262,35,New Mexico,350099,0,3,3,0,10,PINEDALE,April,14,Friday,12,37,Rural,Low Speed (Local),No,35.581625,-108.33272222,Non-Intersection,Daylight,Blowing Snow,Unknown,Unknown,Unknown EMS Scene Arrival Hour,Unknown EMS Scene Arrival Minutes,Unknown,Unknown EMS Hospital Arrival Time,2,Daylight,Snow/Ice/Severe,2,8,"['Driver', 'Front_Passenger']","['None_Used', 'Lapbelt_Only']",1,1,Valid,0.0,0.0,48.0,20.0,"['Female', 'Male', 'Male']",3,0,3,4,5,Wet/Standing Water,Straight,Level,Lowest,No
22263,35,New Mexico,350100,0,1,1,0,1,MAGDALENA,April,1,Saturday,4,0,Rural,Medium Speed (Collector),No,34.30730833,-107.44614167,Non-Intersection,Dark - Not Lighted,Clear,Unknown,Unknown if Notified,Unknown EMS Scene Arrival Hour,Unknown if Arrived,Not Applicable (Not Transported),Not Applicable (Not Transported),1,Dark - Unlighted,Clear,1,0,['Driver'],['Shoulder_Lapbelt'],1,1,Valid,0.0,1.0,25.0,25.0,['Male'],0,0,3,4,3,Dry,Curve,Grade/Hillcrest,Lowest,No
22264,35,New Mexico,350101,0,1,1,0,1,NOT APPLICABLE,January,24,Tuesday,9,10,Rural,Low Speed (Local),No,36.43729167,-108.320125,Non-Intersection,Daylight,"Fog, Smog, Smoke",Unknown,Unknown,Unknown EMS Scene Arrival Hour,Unknown EMS Scene Arrival Minutes,Unknown,Unknown EMS Hospital Arrival Time,1,Daylight,Reduced Visibility,1,0,['Driver'],['None_Used'],0,0,Valid,0.0,1.0,71.0,71.0,['Male'],0,0,4,4,3,Icy/Snowy,Straight,Grade/Hillcrest,Lowest,No
22265,35,New Mexico,350102,1,3,2,1,2,NOT APPLICABLE,March,27,Monday,2,51,Rural,High Speed (Arterial),Yes,32.19879167,-108.27259444,Non-Intersection,Dark - Not Lighted,Clear,Unknown,Unknown if Notified,Unknown EMS Scene Arrival Hour,Unknown if Arrived,Not Applicable (Not Transported),Not Applicable (Not Transported),1,Dark - Unlighted,Clear,0,2,[],[],0,0,Valid,0.0,0.0,55.0,34.0,"['Male', 'Male']",0,0,4,4,4,Dry,Straight,Level,Lowest,No
22266,35,New Mexico,350103,0,3,3,0,3,NOT APPLICABLE,May,1,Monday,21,31,Rural,High Speed (Arterial),Yes,35.11422778,-103.36211667,Non-Intersection,Dark - Not Lighted,Clear,Unknown,Unknown,Unknown EMS Scene Arrival Hour,Unknown EMS Scene Arrival Minutes,Not Applicable (Not Transported),Not Applicable (Not Transported),1,Dark - Unlighted,Clear,1,2,['Driver'],['None_Used'],0,0,Valid,1.0,0.0,50.0,18.0,"['Male', 'Male', 'Male']",0,0,4,4,5,Dry,Straight,Level,Lowest,No
22267,35,New Mexico,350104,1,1,1,0,1,HOBBS,May,1,Monday,20,2,Urban,High Speed (Arterial),Yes,32.70164722,-103.12078611,Non-Intersection,Dark - Lighted,Clear,Unknown,Unknown,Unknown EMS Scene Arrival Hour,Unknown EMS Scene Arrival Minutes,Unknown,Unknown EMS Hospital Arrival Time,1,Dark - Lighted,Clear,0,0,[],[],0,0,Invalid,0.0,0.0,999.0,999.0,['Other'],0,0,1,4,4,Dry,Straight,Level,Lowest,No
22268,35,New Mexico,350105,0,1,1,0,1,NOT APPLICABLE,May,2,Tuesday,13,13,Rural,Medium Speed (Collector),No,32.85875,-105.60025278,Non-Intersection,Daylight,Clear,Unknown,Unknown,Unknown EMS Scene Arrival Hour,Unknown EMS Scene Arrival Minutes,Unknown,Unknown EMS Hospital Arrival Time,1,Daylight,Clear,1,0,['Driver'],['None_Used'],0,0,Valid,0.0,0.0,73.0,73.0,['Male'],1,0,5,4,3,Dry,Curve,Level,Lowest,No
22269,35,New Mexico,350106,0,1,1,0,1,CLOVIS,May,4,Thursday,2,15,Urban,High Speed (Arterial),Yes,34.39937222,-103.21045278,Non-Intersection,Dark - Not Lighted,Clear,Unknown,Unknown,Unknown EMS Scene Arrival Hour,Unknown EMS Scene Arrival Minutes,Unknown,Unknown EMS Hospital Arrival Time,1,Dark - Unlighted,Clear,1,0,['Driver'],['None_Used'],1,1,Valid,0.0,2.0,33.0,33.0,['Male'],1,0,3,4,3,Dry,Curve,Level,Lowest,No
22270,35,New Mexico,350107,0,1,1,0,2,NOT APPLICABLE,May,4,Thursday,13,16,Rural,Medium Speed (Collector),No,35.45463611,-104.49193333,Non-Intersection,Daylight,Clear,Unknown,Unknown if Notified,Unknown EMS Scene Arrival Hour,Unknown if Arrived,Not Applicable (Not Transported),Not Applicable (Not Transported),2,Daylight,Clear,2,0,"['Driver', 'Front_Passenger']","['None_Used', 'None_Used']",1,1,Valid,0.0,0.0,40.0,40.0,['Male'],2,0,3,4,3,Dry,Straight,Level,Lowest,No
22271,35,New Mexico,350108,0,2,2,0,2,NOT APPLICABLE,May,5,Friday,5,4,Rural,High Speed (Arterial),Yes,32.59983611,-103.59891944,Non-Intersection,Dark - Lighted,Clear,Unknown,Unknown,Unknown EMS Scene Arrival Hour,Unknown EMS Scene Arrival Minutes,Unknown,Unknown EMS Hospital Arrival Time,1,Dark - Lighted,Clear,1,1,['Driver'],['None_Used'],0,0,Valid,0.0,3.0,44.0,31.0,"['Male', 'Male']",0,0,4,4,5,Dry,Straight,Level,Lowest,No
22272,35,New Mexico,350109,0,2,2,0,2,PECOS,May,6,Saturday,0,30,Rural,Medium Speed (Collector),No,35.57051111,-105.70785833,Non-Intersection,Dark - Not Lighted,Clear,Unknown,Unknown,Unknown EMS Scene Arrival Hour,Unknown EMS Scene Arrival Minutes,Unknown,Unknown EMS Hospital Arrival Time,1,Dark - Unlighted,Clear,1,1,['Driver'],['None_Used'],0,0,Valid,0.0,2.0,52.0,26.0,"['Male', 'Male']",1,0,3,4,5,Dry,Curve,Level,Lowest,No
22273,35,New Mexico,350110,0,1,1,0,2,NOT APPLICABLE,May,8,Monday,15,45,Rural,High Speed (Arterial),Yes,33.34475556,-104.57530833,Non-Intersection,Daylight,Clear,Unknown,Unknown,Unknown EMS Scene Arrival Hour,Unknown EMS Scene Arrival Minutes,Unknown,Unknown EMS Hospital Arrival Time,1,Daylight,Clear,1,1,['Driver'],['None_Used'],1,1,Invalid,1.0,0.0,42.0,42.0,['Male'],2,0,2,4,2,Dry,Straight,Level,Lowest,No
22274,35,New Mexico,350111,0,2,2,0,2,NOT APPLICABLE,May,10,Wednesday,21,48,Rural,High Speed (Arterial),Yes,36.39181667,-104.59524722,Non-Intersection,Dusk,Clear,Unknown,Unknown,Unknown EMS Scene Arrival Hour,Unknown EMS Scene Arrival Minutes,Not Applicable (Not Transported),Not Applicable (Not Transported),1,Twilight,Clear,1,1,['Driver'],['None_Used'],0,0,Valid,1.0,0.0,42.0,29.0,"['Male', 'Male']",0,0,2,4,5,Dry,Straight,Level,Lowest,No
22275,35,New Mexico,350112,0,1,1,0,1,HATCH,May,12,Friday,6,6,Rural,Low Speed (Local),No,32.67829722,-107.21231944,Non-Intersection,Dark - Not Lighted,Clear,Unknown,Unknown if Notified,Unknown EMS Scene Arrival Hour,Unknown if Arrived,Not Applicable (Not Transported),Not Applicable (Not Transported),1,Dark - Unlighted,Clear,1,0,['Driver'],['Shoulder_Lapbelt'],1,1,Valid,0.0,1.0,21.0,21.0,['Male'],0,0,3,4,4,Dry,Curve,Level,Lowest,No
22276,35,New Mexico,350113,0,2,2,0,2,CARLSBAD,May,14,Sunday,21,22,Urban,High Speed (Arterial),Yes,32.38156111,-104.22488889,Non-Intersection,Dark - Lighted,Clear,Unknown,Unknown,Unknown EMS Scene Arrival Hour,Unknown EMS Scene Arrival Minutes,Not Applicable (Not Transported),Not Applicable (Not Transported),1,Dark - Lighted,Clear,1,1,['Driver'],['None_Used'],1,1,Valid,0.0,0.0,30.0,24.0,"['Male', 'Male']",1,0,5,4,5,Dry,Straight,Level,Lowest,No
22277,35,New Mexico,350114,0,1,1,0,1,NOT APPLICABLE,May,17,Wednesday,19,37,Rural,High Speed (Arterial),Yes,36.92535556,-107.90357222,Non-Intersection,Daylight,Clear,Unknown,Unknown,Unknown EMS Scene Arrival Hour,Unknown EMS Scene Arrival Minutes,Not Applicable (Not Transported),Not Applicable (Not Transported),1,Daylight,Clear,1,0,['Driver'],['None_Used'],1,1,Invalid,0.0,0.0,29.0,29.0,['Female'],1,0,3,4,3,Dry,Curve,Level,Lowest,No
22278,35,New Mexico,350115,0,2,2,0,3,NOT APPLICABLE,May,21,Sunday,11,11,Rural,High Speed (Arterial),Yes,34.21461944,-106.92331111,Non-Intersection,Daylight,Clear,Unknown,Unknown,Unknown EMS Scene Arrival Hour,Unknown EMS Scene Arrival Minutes,Unknown,Unknown EMS Hospital Arrival Time,1,Daylight,Clear,1,2,['Front_Passenger'],['Shoulder_Lapbelt'],0,0,Valid,0.0,0.0,74.0,40.0,"['Male', 'Male']",0,0,3,4,5,Dry,Straight,Level,Lowest,No
22279,35,New Mexico,350116,0,3,3,0,3,ALBUQUERQUE,May,21,Sunday,14,0,Urban,High Speed (Arterial),Yes,35.10670556,-106.69431389,Non-Intersection,Daylight,Rain,Unknown,Unknown,Unknown EMS Scene Arrival Hour,Unknown EMS Scene Arrival Minutes,Not Applicable (Not Transported),Not Applicable (Not Transported),1,Daylight,Rain/Wind/Minor,1,2,['Driver'],['Shoulder_Lapbelt'],0,0,Valid,0.0,0.0,64.0,48.0,"['Female', 'Female', 'Female']",0,0,4,4,5,Wet/Standing Water,Straight,Level,Lowest,No
22280,35,New Mexico,350117,0,2,2,0,4,Other,May,23,Tuesday,22,52,Rural,High Speed (Arterial),Yes,33.33205833,-105.04919167,Non-Intersection,Dark - Not Lighted,Clear,Unknown,Unknown,Unknown EMS Scene Arrival Hour,Unknown EMS Scene Arrival Minutes,Unknown,Unknown EMS Hospital Arrival Time,1,Dark - Unlighted,Clear,1,3,['Driver'],['None_Used'],0,0,Valid,0.0,1.0,40.0,25.0,"['Male', 'Male']",0,0,4,4,5,Dry,Straight,Non-Trafficway,Lowest,No
22281,35,New Mexico,350118,0,2,2,0,6,NOT APPLICABLE,May,24,Wednesday,1,8,Rural,Medium Speed (Collector),No,35.57653333,-103.66283889,Non-Intersection,Dark - Not Lighted,Clear,Unknown,Unknown,Unknown EMS Scene Arrival Hour,Unknown EMS Scene Arrival Minutes,Unknown,Unknown EMS Hospital Arrival Time,1,Dark - Unlighted,Clear,1,2,['Driver'],['None_Used'],1,1,Valid,0.0,0.0,35.0,35.0,"['Male', 'Male']",1,0,3,4,5,Dry,Straight,Level,Lowest,No
22282,35,New Mexico,350119,0,2,2,0,2,LOS LUNAS,May,24,Wednesday,5,26,Urban,High Speed (Arterial),Yes,34.81038611,-106.76314722,Non-Intersection,Dark - Not Lighted,Clear,Unknown,Unknown,Unknown EMS Scene Arrival Hour,Unknown EMS Scene Arrival Minutes,Not Applicable (Not Transported),Not Applicable (Not Transported),1,Dark - Unlighted,Clear,1,1,['Driver'],['None_Used'],0,0,Invalid,0.0,0.0,58.0,33.0,"['Male', 'Male']",0,0,5,4,5,Dry,Straight,Level,Lowest,No
22283,35,New Mexico,350120,0,2,2,0,3,LAS CRUCES,May,23,Tuesday,18,8,Urban,High Speed (Arterial),No,32.32916667,-106.80595833,Non-Intersection,Daylight,Clear,Unknown,Unknown,Unknown EMS Scene Arrival Hour,Unknown EMS Scene Arrival Minutes,Unknown,Unknown EMS Hospital Arrival Time,1,Daylight,Clear,1,2,['Driver'],['None_Used'],0,0,Invalid,0.0,0.0,64.0,26.0,"['Male', 'Female']",0,0,5,4,5,Dry,Straight,Level,Lowest,No
22284,35,New Mexico,350121,1,1,1,0,2,ALBUQUERQUE,May,20,Saturday,6,13,Urban,High Speed (Arterial),Yes,35.10641111,-106.70528889,Non-Intersection,Daylight,Clear,Unknown,Unknown,Unknown EMS Scene Arrival Hour,Unknown EMS Scene Arrival Minutes,Unknown,Unknown EMS Hospital Arrival Time,1,Daylight,Clear,0,2,[],[],0,0,Valid,0.0,0.0,42.0,42.0,['Male'],0,0,4,1,4,Dry,Straight,Level,Lowest,No
22285,35,New Mexico,350122,1,1,1,0,1,CARLSBAD,May,27,Saturday,21,56,Urban,Medium Speed (Collector),No,32.42864722,-104.24222222,Non-Intersection,Dark - Lighted,Clear,Unknown,Unknown,Unknown EMS Scene Arrival Hour,Unknown EMS Scene Arrival Minutes,Unknown,Unknown EMS Hospital Arrival Time,1,Dark - Lighted,Clear,0,1,[],[],1,1,Invalid,0.0,1.0,18.0,18.0,['Male'],0,0,2,3,4,Dry,Straight,Level,Lowest,No
22286,35,New Mexico,350123,0,2,2,0,2,NOT APPLICABLE,May,29,Monday,14,21,Rural,High Speed (Arterial),Yes,36.83096111,-108.69395,Non-Intersection,Daylight,Clear,Unknown,Unknown,Unknown EMS Scene Arrival Hour,Unknown EMS Scene Arrival Minutes,Unknown,Unknown EMS Hospital Arrival Time,1,Daylight,Clear,1,1,['Driver'],['None_Used'],0,0,Valid,0.0,2.0,65.0,23.0,"['Male', 'Male']",1,0,5,4,5,Dry,Straight,Grade/Hillcrest,Lowest,No
22287,35,New Mexico,350124,0,2,2,0,5,NOT APPLICABLE,May,29,Monday,21,29,Rural,Medium Speed (Collector),No,35.49841389,-108.87188056,Non-Intersection,Dark - Lighted,Clear,Unknown,Unknown,Unknown EMS Scene Arrival Hour,Unknown EMS Scene Arrival Minutes,Unknown,Unknown EMS Hospital Arrival Time,1,Dark - Lighted,Clear,1,4,['Driver'],['None_Used'],1,2,Valid,0.0,0.0,44.0,34.0,"['Male', 'Female']",1,0,3,4,5,Dry,Straight,Level,Lowest,No
22288,35,New Mexico,350125,0,1,1,0,1,NOT APPLICABLE,May,27,Saturday,13,13,Rural,Low Speed (Local),No,32.50787778,-103.76033056,Non-Intersection,Daylight,Clear,Unknown,Unknown,Unknown EMS Scene Arrival Hour,Unknown EMS Scene Arrival Minutes,Not Applicable (Not Transported),Not Applicable (Not Transported),1,Daylight,Clear,1,0,['Driver'],['None_Used'],0,0,Valid,0.0,0.0,62.0,62.0,['Male'],0,0,4,4,3,Dry,Curve,Level,Lowest,No
22289,35,New Mexico,350126,0,2,2,0,3,NOT APPLICABLE,May,31,Wednesday,21,43,Rural,High Speed (Arterial),Yes,35.10415,-104.03251944,Non-Intersection,Dark - Not Lighted,Clear,Unknown,Unknown,Unknown EMS Scene Arrival Hour,Unknown EMS Scene Arrival Minutes,Unknown,Unknown EMS Hospital Arrival Time,1,Dark - Unlighted,Clear,1,2,['Driver'],['None_Used'],0,0,Valid,0.0,0.0,72.0,72.0,"['Male', 'Male']",0,0,4,4,5,Wet/Standing Water,Straight,Level,Lowest,No
22290,35,New Mexico,350127,0,2,2,0,2,EL PRADO,May,24,Wednesday,10,18,Urban,Medium Speed (Collector),No,36.45784444,-105.59642222,Complex/Circle,Daylight,Clear,Unknown,Unknown,Unknown EMS Scene Arrival Hour,Unknown EMS Scene Arrival Minutes,Unknown,Unknown EMS Hospital Arrival Time,1,Daylight,Clear,1,1,['Driver'],['None_Used'],0,0,Valid,0.0,0.0,56.0,56.0,"['Male', 'Male']",0,0,5,4,5,Dry,Straight,Level,Lowest,No
22291,35,New Mexico,350128,0,1,1,0,1,ALBUQUERQUE,May,2,Tuesday,15,0,Urban,High Speed (Arterial),Yes,34.99866389,-106.64617778,Non-Intersection,Daylight,Clear,Unknown,Unknown,Unknown EMS Scene Arrival Hour,Unknown EMS Scene Arrival Minutes,Unknown,Unknown EMS Hospital Arrival Time,1,Daylight,Clear,1,0,['Driver'],['None_Used'],0,0,Valid,0.0,2.0,22.0,22.0,['Male'],0,0,3,4,3,Dry,Straight,Level,Lowest,Yes
22292,35,New Mexico,350129,1,1,1,0,2,FARMINGTON,May,6,Saturday,20,41,Urban,High Speed (Arterial),Yes,36.73518333,-108.24725,Non-Intersection,Dark - Lighted,Clear,Unknown,Unknown if Notified,Unknown EMS Scene Arrival Hour,Unknown if Arrived,Not Applicable (Not Transported),Not Applicable (Not Transported),1,Dark - Lighted,Clear,0,2,[],[],0,0,Invalid,0.0,0.0,18.0,18.0,['Male'],0,0,2,2,4,Dry,Straight,Level,Lowest,No
22293,35,New Mexico,350130,0,1,1,0,1,LOS LUNAS,May,13,Saturday,4,44,Urban,Medium Speed (Collector),No,34.78863889,-106.73611667,Non-Intersection,Dark - Not Lighted,Clear,Unknown,Unknown,Unknown EMS Scene Arrival Hour,Unknown EMS Scene Arrival Minutes,Not Applicable (Not Transported),Not Applicable (Not Transported),1,Dark - Unlighted,Clear,1,0,['Driver'],['None_Used'],1,1,Invalid,0.0,0.0,26.0,26.0,['Male'],1,0,2,4,3,Dry,Straight,Level,Lowest,No
22294,35,New Mexico,350131,2,3,3,0,1,ALBUQUERQUE,May,21,Sunday,1,54,Urban,Medium Speed (Collector),No,35.05816944,-106.81318611,Non-Intersection,Dark - Not Lighted,Clear,Unknown,Unknown,Unknown EMS Scene Arrival Hour,Unknown EMS Scene Arrival Minutes,Not Applicable (Not Transported),Not Applicable (Not Transported),2,Dark - Unlighted,Clear,0,0,[],[],0,0,Valid,0.0,0.0,36.0,36.0,['Male'],0,0,5,4,5,Dry,Straight,Level,Lowest,No
22295,35,New Mexico,350132,0,1,1,0,1,ALBUQUERQUE,May,26,Friday,19,27,Urban,Low Speed (Local),No,35.05558333,-106.70291667,Non-Intersection,Daylight,Clear,Unknown,Unknown,Unknown EMS Scene Arrival Hour,Unknown EMS Scene Arrival Minutes,Not Applicable (Not Transported),Not Applicable (Not Transported),1,Daylight,Clear,1,0,['Driver'],['Shoulder_Lapbelt'],1,1,Valid,0.0,0.0,21.0,21.0,['Male'],1,0,2,4,4,Dry,Curve,Level,Lowest,No
22296,35,New Mexico,350133,0,1,1,0,1,LAGUNA,April,7,Friday,20,49,Rural,High Speed (Arterial),Yes,34.98328056,-107.17123889,Non-Intersection,Dark - Not Lighted,Clear,Unknown,Unknown,Unknown EMS Scene Arrival Hour,Unknown EMS Scene Arrival Minutes,Not Applicable (Not Transported),Not Applicable (Not Transported),1,Dark - Unlighted,Clear,1,0,['Driver'],['Shoulder_Lapbelt'],1,1,Valid,0.0,1.0,21.0,21.0,['Female'],1,0,2,4,3,Dry,Straight,Level,Lowest,No
22297,35,New Mexico,350134,0,1,1,0,4,ZUNI,April,11,Tuesday,7,40,Rural,High Speed (Arterial),No,35.21094444,-108.76196389,Non-Intersection,Daylight,Not Reported,Unknown,Unknown,Unknown EMS Scene Arrival Hour,Unknown EMS Scene Arrival Minutes,Unknown,Unknown EMS Hospital Arrival Time,1,Daylight,Clear,1,1,['Front_Passenger'],['None_Used'],0,0,Invalid,0.0,0.0,26.0,26.0,['Male'],0,0,2,4,3,Dry,Straight,Level,Medium,No