,State_Code,State_Name,Crash_ID,Count_Non_Motorists,Count_Vehicles_Total,Count_Vehicle_Forms,Count_PVH_Involved,Count_Occupants_MV,City_Name,Month_Name,Day_of_Month,Day_of_Week,Crash_Hour,Crash_Minute,Area_Rural_Urban,Road_Functional_Class,On_NHS_Road,Latitude,Longitude,Intersection_Type,Light_Condition,Weather_Condition,Notif_Hour,Notif_Minute,Arrival_Hour,Arrival_Minute,Hospital_Hour,Hospital_Minute,Fatalities_Count,Clean_Light_Condition,Clean_Weather_Condition,Total_Killed,Total_Alive,Fatal_Seats_List,Killed_Restraint_List,Any_Driver_Drinking,Total_Drinking_Drivers,Driver_License_Category,Driver_Max_Prev_Accident_Count,Driver_Max_Prev_Speeding_Count,Max_Driver_Age,Min_Driver_Age,Driver_Sex_List,Total_Exceeding_Limit_Vehicles,Total_Too_Fast_Vehicles,Max_Vehicle_Type_Severity_5,Max_Vehicle_Damage_Rank,Max_Harmful_Event_Severity,Crash_Road_Surface_Condition,Crash_Horizontal_Alignment,Crash_Vertical_Profile,Crash_Impairment_Category,Crash_Vehicle_Defect
22298,35,New Mexico,350135,0,8,2,6,2,DEMING,June,1,Thursday,16,22,Rural,High Speed (Arterial),Yes,32.26905,-107.71442778,Simple Junction,Daylight,Clear,Unknown,Unknown,Unknown EMS Scene Arrival Hour,Unknown EMS Scene Arrival Minutes,Not Applicable (Not Transported),Not Applicable (Not Transported),1,Daylight,Clear,1,1,['Driver'],['None_Used'],1,1,Valid,0.0,0.0,66.0,46.0,"['Male', 'Male']",1,0,3,4,5,Dry,Curve,Level,Lowest,No
22299,35,New Mexico,350136,1,1,1,0,1,ROSWELL,June,1,Thursday,23,50,Rural,High Speed (Arterial),Yes,33.45844167,-104.52341944,Non-Intersection,Dark - Not Lighted,Clear,Unknown,Unknown,Unknown EMS Scene Arrival Hour,Unknown EMS Scene Arrival Minutes,Unknown,Unknown EMS Hospital Arrival Time,1,Dark - Unlighted,Clear,0,1,[],[],0,0,Valid,0.0,0.0,26.0,26.0,['Male'],0,0,3,4,4,Dry,Straight,Level,Lowest,No
22300,35,New Mexico,350137,0,2,2,0,4,ALBUQUERQUE,June,2,Friday,21,54,Urban,High Speed (Arterial),Yes,35.21748889,-106.57383889,Non-Intersection,Dark - Lighted,Clear,Unknown,Unknown,Unknown EMS Scene Arrival Hour,Unknown EMS Scene Arrival Minutes,Unknown,Unknown EMS Hospital Arrival Time,1,Dark - Lighted,Clear,1,3,['Driver'],['Shoulder_Lapbelt'],1,1,Invalid,0.0,0.0,69.0,22.0,"['Male', 'Male']",1,0,3,4,5,Dry,Straight,Level,Lowest,No
22301,35,New Mexico,350138,0,3,3,0,4,NOT APPLICABLE,June,4,Sunday,9,10,Rural,High Speed (Arterial),Yes,34.99677222,-105.40063889,Non-Intersection,Daylight,Clear,Unknown,Unknown,Unknown EMS Scene Arrival Hour,Unknown EMS Scene Arrival Minutes,Unknown,Unknown EMS Hospital Arrival Time,1,Daylight,Clear,1,3,['Front_Passenger'],['Shoulder_Lapbelt'],0,0,Valid,1.0,0.0,62.0,27.0,"['Male', 'Male', 'Male']",0,0,4,4,5,Dry,Straight,Level,Lowest,No
22302,35,New Mexico,350139,1,1,1,0,1,ALBUQUERQUE,June,5,Monday,0,55,Urban,High Speed (Arterial),Yes,35.05862778,-106.62122222,Non-Intersection,Dark - Lighted,Rain,Unknown,Unknown,Unknown EMS Scene Arrival Hour,Unknown EMS Scene Arrival Minutes,Not Applicable (Not Transported),Not Applicable (Not Transported),1,Dark - Lighted,Rain/Wind/Minor,0,1,[],[],1,1,Invalid,0.0,0.0,23.0,23.0,['Female'],0,0,3,0,4,Wet/Standing Water,Straight,Grade/Hillcrest,Lowest,No
22303,35,New Mexico,350140,0,1,1,0,1,ALBUQUERQUE,June,5,Monday,13,37,Urban,High Speed (Arterial),No,35.09085833,-106.58615,Non-Intersection,Daylight,Clear,Unknown,Unknown,Unknown EMS Scene Arrival Hour,Unknown EMS Scene Arrival Minutes,Not Applicable (Not Transported),Not Applicable (Not Transported),1,Daylight,Clear,1,0,['Driver'],['None_Used'],0,0,Valid,0.0,0.0,22.0,22.0,['Male'],1,0,5,4,3,Dry,Straight,Level,Lowest,No
22304,35,New Mexico,350141,0,2,2,0,2,ALBUQUERQUE,June,5,Monday,16,16,Urban,High Speed (Arterial),No,35.20397222,-106.71089722,Non-Intersection,Daylight,Clear,Unknown,Unknown,Unknown EMS Scene Arrival Hour,Unknown EMS Scene Arrival Minutes,Unknown,Unknown EMS Hospital Arrival Time,1,Daylight,Clear,1,1,['Driver'],['Shoulder_Lapbelt'],0,0,Invalid,0.0,0.0,60.0,39.0,"['Male', 'Female']",0,0,3,4,5,Dry,Straight,Level,Lowest,No
22305,35,New Mexico,350142,0,1,1,0,1,NOT APPLICABLE,June,10,Saturday,8,40,Rural,Medium Speed (Collector),No,32.89001667,-107.85352222,Non-Intersection,Daylight,Clear,Unknown,Unknown,Unknown EMS Scene Arrival Hour,Unknown EMS Scene Arrival Minutes,Not Applicable (Not Transported),Not Applicable (Not Transported),1,Daylight,Clear,1,0,['Driver'],['None_Used'],0,0,Valid,0.0,0.0,70.0,70.0,['Male'],0,0,3,4,2,Dry,Curve,Grade/Hillcrest,Lowest,No
22306,35,New Mexico,350143,0,1,1,0,4,NOT APPLICABLE,June,10,Saturday,10,14,Rural,High Speed (Arterial),Yes,35.48424444,-108.45440278,Non-Intersection,Daylight,Clear,Unknown,Unknown,Unknown EMS Scene Arrival Hour,Unknown EMS Scene Arrival Minutes,Unknown,Unknown EMS Hospital Arrival Time,1,Daylight,Clear,1,1,['Front_Passenger'],['Shoulder_Lapbelt'],0,0,Valid,0.0,0.0,18.0,18.0,['Female'],0,0,3,4,3,Dry,Straight,Level,Medium,No
22307,35,New Mexico,350144,0,1,1,0,4,SANTA FE,June,9,Friday,4,53,Urban,High Speed (Arterial),Yes,35.63239167,-105.96281667,Non-Intersection,Dark - Not Lighted,Clear,Unknown,Unknown,Unknown EMS Scene Arrival Hour,Unknown EMS Scene Arrival Minutes,Unknown,Unknown EMS Hospital Arrival Time,1,Dark - Unlighted,Clear,1,3,['Front_Passenger'],['None_Used'],0,0,Invalid,0.0,0.0,31.0,31.0,['Male'],4,0,3,4,1,Dry,Curve,Grade/Hillcrest,Lowest,No
22308,35,New Mexico,350145,1,2,2,0,5,GALLUP,June,11,Sunday,21,37,Urban,High Speed (Arterial),Yes,35.52985,-108.74810833,Non-Intersection,Dark - Not Lighted,Clear,Unknown,Unknown if Notified,Unknown EMS Scene Arrival Hour,Unknown if Arrived,Not Applicable (Not Transported),Not Applicable (Not Transported),1,Dark - Unlighted,Clear,0,5,[],[],0,0,Valid,0.0,0.0,29.0,26.0,"['Male', 'Male']",0,0,3,3,4,Dry,Straight,Level,Lowest,No
22309,35,New Mexico,350146,0,1,1,0,1,NOT APPLICABLE,June,16,Friday,14,26,Rural,Medium Speed (Collector),No,32.34616944,-103.15866944,Non-Intersection,Daylight,Clear,Unknown,Unknown,Unknown EMS Scene Arrival Hour,Unknown EMS Scene Arrival Minutes,Not Applicable (Not Transported),Not Applicable (Not Transported),1,Daylight,Clear,1,0,['Driver'],['Shoulder_Lapbelt'],0,0,Valid,0.0,2.0,42.0,42.0,['Male'],1,0,3,4,3,Dry,Curve,Level,Lowest,Yes
22310,35,New Mexico,350147,0,1,1,0,3,NOT APPLICABLE,June,16,Friday,16,15,Rural,High Speed (Arterial),Yes,36.33361667,-104.61495833,Non-Intersection,Daylight,Clear,Unknown,Unknown,Unknown EMS Scene Arrival Hour,Unknown EMS Scene Arrival Minutes,Unknown,Unknown EMS Hospital Arrival Time,1,Daylight,Clear,1,2,['Front_Passenger'],['None_Used'],0,0,Valid,0.0,0.0,18.0,18.0,['Male'],3,0,3,4,3,Dry,Straight,Level,Lowest,No
22311,35,New Mexico,350148,0,1,1,0,1,NOT APPLICABLE,June,17,Saturday,3,0,Rural,High Speed (Arterial),Yes,33.39246389,-105.2901,Non-Intersection,Dark - Not Lighted,Clear,Unknown,Unknown if Notified,Unknown EMS Scene Arrival Hour,Unknown if Arrived,Not Applicable (Not Transported),Not Applicable (Not Transported),1,Dark - Unlighted,Clear,1,0,['Driver'],['None_Used'],0,0,Valid,0.0,0.0,57.0,57.0,['Male'],0,0,2,4,3,Dry,Straight,Level,Lowest,No
22312,35,New Mexico,350149,0,2,2,0,4,ALBUQUERQUE,June,16,Friday,22,12,Urban,High Speed (Arterial),No,35.20942222,-106.68583056,Complex/Circle,Dark - Lighted,Clear,Unknown,Unknown,Unknown EMS Scene Arrival Hour,Unknown EMS Scene Arrival Minutes,Unknown,Unknown EMS Hospital Arrival Time,1,Dark - Lighted,Clear,1,3,['Driver'],['Shoulder_Lapbelt'],1,1,Invalid,0.0,0.0,69.0,26.0,"['Male', 'Male']",1,0,3,4,5,Dry,Straight,Grade/Hillcrest,Lowest,No
22313,35,New Mexico,350150,0,1,1,0,2,NOT APPLICABLE,June,18,Sunday,17,55,Rural,Medium Speed (Collector),No,36.799225,-107.61592778,Non-Intersection,Daylight,Clear,Unknown,Unknown,Unknown EMS Scene Arrival Hour,Unknown EMS Scene Arrival Minutes,Not Applicable (Not Transported),Not Applicable (Not Transported),2,Daylight,Clear,2,0,"['Driver', 'Front_Passenger']","['None_Used', 'Shoulder_Lapbelt']",1,1,Invalid,0.0,0.0,31.0,31.0,['Female'],2,0,2,4,3,Dry,Curve,Grade/Hillcrest,Lowest,No
22314,35,New Mexico,350151,0,1,1,0,2,JEMEZ SPRINGS,June,17,Saturday,13,30,Rural,Low Speed (Local),No,35.82144167,-106.60605833,Non-Intersection,Daylight,Clear,Unknown,Unknown,Unknown EMS Scene Arrival Hour,Unknown EMS Scene Arrival Minutes,Unknown,Unknown EMS Hospital Arrival Time,1,Daylight,Clear,1,1,['Rear_Seat'],['None_Used'],1,1,Valid,0.0,0.0,32.0,32.0,['Male'],0,0,5,3,3,Dry,Curve,Grade/Hillcrest,Lowest,No
22315,35,New Mexico,350152,0,1,1,0,1,GALLUP,June,18,Sunday,5,13,Urban,High Speed (Arterial),Yes,35.52935556,-108.74772222,Non-Intersection,Dark - Not Lighted,Clear,Unknown,Unknown if Notified,Unknown EMS Scene Arrival Hour,Unknown if Arrived,Not Applicable (Not Transported),Not Applicable (Not Transported),1,Dark - Unlighted,Clear,1,0,['Driver'],['None_Used'],0,0,Valid,0.0,0.0,50.0,50.0,['Female'],0,0,3,4,3,Dry,Straight,Level,Medium,No
22316,35,New Mexico,350153,0,1,1,0,2,CORONA,June,23,Friday,8,5,Rural,High Speed (Arterial),Yes,34.16485833,-105.66150278,Non-Intersection,Daylight,Clear,Unknown,Unknown,Unknown EMS Scene Arrival Hour,Unknown EMS Scene Arrival Minutes,Unknown,Unknown EMS Hospital Arrival Time,1,Daylight,Clear,1,1,['Driver'],['None_Used'],0,0,Valid,0.0,0.0,18.0,18.0,['Male'],2,0,1,4,3,Dry,Straight,Level,Medium,No
22317,35,New Mexico,350154,0,2,2,0,7,SUNLAND PARK,June,23,Friday,19,54,Urban,High Speed (Arterial),Yes,31.87686111,-106.64991389,Complex/Circle,Daylight,Clear,Unknown,Unknown,Unknown EMS Scene Arrival Hour,Unknown EMS Scene Arrival Minutes,Unknown,Unknown EMS Hospital Arrival Time,1,Daylight,Clear,1,6,['Rear_Seat'],['None_Used'],0,0,Invalid,0.0,0.0,65.0,20.0,"['Male', 'Male']",6,0,4,4,5,Dry,Straight,Level,Lowest,No
22318,35,New Mexico,350155,0,1,1,0,2,JARALES,June,25,Sunday,14,15,Rural,Medium Speed (Collector),No,34.56397222,-106.78840556,Non-Intersection,Daylight,Clear,Unknown,Unknown,Unknown EMS Scene Arrival Hour,Unknown EMS Scene Arrival Minutes,Unknown,Unknown EMS Hospital Arrival Time,1,Daylight,Clear,1,1,['Driver'],['None_Used'],0,0,Invalid,0.0,1.0,27.0,27.0,['Male'],0,0,3,4,3,Dry,Straight,Level,Lowest,Yes
22319,35,New Mexico,350156,0,2,2,0,6,SAN YSIDRO,June,23,Friday,14,8,Rural,High Speed (Arterial),Yes,35.54415,-106.82973889,Non-Intersection,Daylight,Severe Crosswinds,Unknown,Unknown,Unknown EMS Scene Arrival Hour,Unknown EMS Scene Arrival Minutes,Unknown,Unknown EMS Hospital Arrival Time,1,Daylight,Rain/Wind/Minor,1,5,['Front_Passenger'],['Shoulder_Lapbelt'],0,0,Valid,0.0,0.0,48.0,16.0,"['Male', 'Female']",0,0,3,4,5,Dry,Curve,Level,Lowest,No
22320,35,New Mexico,350157,0,1,1,0,1,ISLETA,June,26,Monday,5,30,Urban,High Speed (Arterial),Yes,34.89895,-106.72586111,Non-Intersection,Dawn,Clear,Unknown,Unknown if Notified,Unknown EMS Scene Arrival Hour,Unknown if Arrived,Not Applicable (Not Transported),Not Applicable (Not Transported),1,Twilight,Clear,1,0,['Driver'],['None_Used'],1,1,Invalid,0.0,0.0,19.0,19.0,['Female'],0,0,2,4,3,Dry,Straight,Grade/Hillcrest,Lowest,No
22321,35,New Mexico,350158,1,1,1,0,1,CASA BLANCA,June,28,Wednesday,22,6,Rural,High Speed (Arterial),Yes,35.03218611,-107.46824167,Non-Intersection,Dark - Not Lighted,Clear,Unknown,Unknown if Notified,Unknown EMS Scene Arrival Hour,Unknown if Arrived,Not Applicable (Not Transported),Not Applicable (Not Transported),1,Dark - Unlighted,Clear,0,1,[],[],0,0,Valid,0.0,0.0,46.0,46.0,['Male'],0,0,4,4,4,Dry,Straight,Level,Lowest,No
22322,35,New Mexico,350159,0,2,2,0,2,BELEN,June,29,Thursday,7,4,Urban,High Speed (Arterial),No,34.68670556,-106.76788056,Complex/Circle,Daylight,Clear,Unknown,Unknown,Unknown EMS Scene Arrival Hour,Unknown EMS Scene Arrival Minutes,Unknown,Unknown EMS Hospital Arrival Time,1,Daylight,Clear,1,1,['Driver'],['None_Used'],0,0,Valid,0.0,0.0,29.0,28.0,"['Female', 'Male']",1,0,5,4,5,Dry,Straight,Level,Lowest,No
22323,35,New Mexico,350160,0,2,2,0,2,ALBUQUERQUE,June,29,Thursday,18,37,Urban,High Speed (Arterial),Yes,35.08781111,-106.635725,Non-Intersection,Daylight,Clear,Unknown,Unknown,Unknown EMS Scene Arrival Hour,Unknown EMS Scene Arrival Minutes,Unknown,Unknown EMS Hospital Arrival Time,1,Daylight,Clear,1,1,['Driver'],['Shoulder_Lapbelt'],0,0,Valid,0.0,1.0,53.0,22.0,"['Male', 'Male']",1,0,4,4,5,Dry,Straight,Level,Lowest,No
22324,35,New Mexico,350161,0,2,2,0,3,NOT APPLICABLE,June,30,Friday,0,27,Rural,Medium Speed (Collector),No,32.49595,-107.51619167,Non-Intersection,Dark - Not Lighted,Clear,Unknown,Unknown,Unknown EMS Scene Arrival Hour,Unknown EMS Scene Arrival Minutes,Unknown,Unknown EMS Hospital Arrival Time,1,Dark - Unlighted,Clear,1,2,['Driver'],['None_Used'],0,0,Valid,0.0,0.0,66.0,50.0,"['Male', 'Male']",0,0,4,4,5,Dry,Straight,Level,Lowest,No
22325,35,New Mexico,350162,0,1,1,0,1,CUBA,June,30,Friday,23,50,Rural,Medium Speed (Collector),No,35.95659167,-107.07245833,Non-Intersection,Dark - Not Lighted,Clear,Unknown,Unknown,Unknown EMS Scene Arrival Hour,Unknown EMS Scene Arrival Minutes,Not Applicable (Not Transported),Not Applicable (Not Transported),1,Dark - Unlighted,Clear,1,0,['Driver'],['None_Used'],1,1,Invalid,0.0,0.0,44.0,44.0,['Male'],0,0,3,4,3,Dry,Straight,Level,Lowest,No
22326,35,New Mexico,350163,0,1,1,0,1,NOT APPLICABLE,June,6,Tuesday,14,48,Rural,Medium Speed (Collector),No,35.04596944,-108.3697,Non-Intersection,Daylight,Clear,Unknown,Unknown if Notified,Unknown EMS Scene Arrival Hour,Unknown if Arrived,Not Applicable (Not Transported),Not Applicable (Not Transported),1,Daylight,Clear,1,0,['Driver'],['None_Used'],0,0,Invalid,0.0,0.0,78.0,78.0,['Male'],0,0,5,4,3,Dry,Curve,Level,Lowest,No
22327,35,New Mexico,350164,0,2,2,0,3,NOT APPLICABLE,June,7,Wednesday,22,12,Rural,High Speed (Arterial),Yes,33.61996389,-105.90915,Non-Intersection,Dark - Not Lighted,Clear,Unknown,Unknown,Unknown EMS Scene Arrival Hour,Unknown EMS Scene Arrival Minutes,Unknown,Unknown EMS Hospital Arrival Time,1,Dark - Unlighted,Clear,1,2,['Driver'],['Shoulder_Only'],0,0,Valid,0.0,0.0,32.0,23.0,"['Male', 'Male']",0,0,4,4,5,Dry,Straight,Level,Lowest,No
22328,35,New Mexico,350165,0,1,1,0,1,EDGEWOOD,June,26,Monday,14,0,Rural,High Speed (Arterial),Yes,35.07597778,-106.22420556,Non-Intersection,Daylight,Clear,Unknown,Unknown,Unknown EMS Scene Arrival Hour,Unknown EMS Scene Arrival Minutes,Not Applicable (Not Transported),Not Applicable (Not Transported),1,Daylight,Clear,1,0,['Driver'],['None_Used'],0,0,Valid,0.0,0.0,59.0,59.0,['Male'],0,0,5,4,3,Dry,Straight,Level,Lowest,No
22329,35,New Mexico,350166,1,1,1,0,1,SANTA FE,June,29,Thursday,21,12,Urban,High Speed (Arterial),Yes,35.65662778,-105.98925278,Non-Intersection,Dark - Unknown Lighting,Rain,Unknown,Unknown,Unknown EMS Scene Arrival Hour,Unknown EMS Scene Arrival Minutes,Unknown,Unknown EMS Hospital Arrival Time,1,Dark - Unlighted,Rain/Wind/Minor,0,1,[],[],0,0,Valid,0.0,0.0,41.0,41.0,['Male'],0,0,3,3,4,Wet/Standing Water,Straight,Level,Lowest,No
22330,35,New Mexico,350167,0,3,3,0,6,NOT APPLICABLE,July,1,Saturday,12,8,Rural,High Speed (Arterial),Yes,34.99780278,-105.42901111,Non-Intersection,Daylight,Clear,Unknown,Unknown,Unknown EMS Scene Arrival Hour,Unknown EMS Scene Arrival Minutes,Not Applicable (Not Transported),Not Applicable (Not Transported),1,Daylight,Clear,1,5,['Driver'],['Shoulder_Lapbelt'],0,0,Valid,0.0,1.0,43.0,33.0,"['Male', 'Male', 'Male']",1,0,4,4,5,Dry,Straight,Level,Lowest,No
22331,35,New Mexico,350168,0,2,2,0,2,NOT APPLICABLE,July,2,Sunday,16,4,Rural,High Speed (Arterial),Yes,34.98663611,-105.19160556,Non-Intersection,Daylight,Clear,Unknown,Unknown,Unknown EMS Scene Arrival Hour,Unknown EMS Scene Arrival Minutes,Not Applicable (Not Transported),Not Applicable (Not Transported),1,Daylight,Clear,1,1,['Driver'],['Shoulder_Lapbelt'],0,0,Valid,0.0,0.0,50.0,41.0,"['Male', 'Male']",1,0,4,4,5,Dry,Straight,Level,Lowest,No
22332,35,New Mexico,350169,1,1,1,0,2,ALBUQUERQUE,July,2,Sunday,23,3,Urban,High Speed (Arterial),No,35.13081944,-106.56844167,Non-Intersection,Dark - Not Lighted,Clear,Unknown,Unknown,Unknown EMS Scene Arrival Hour,Unknown EMS Scene Arrival Minutes,Unknown,Unknown EMS Hospital Arrival Time,1,Dark - Unlighted,Clear,0,2,[],[],0,0,Valid,0.0,0.0,69.0,69.0,['Female'],0,0,2,4,4,Dry,Straight,Level,Lowest,No
22333,35,New Mexico,350170,1,1,1,0,2,ALBUQUERQUE,July,5,Wednesday,1,31,Urban,High Speed (Arterial),Yes,35.11605,-106.62542222,Non-Intersection,Dark - Unknown Lighting,Clear,Unknown,Unknown,Unknown EMS Scene Arrival Hour,Unknown EMS Scene Arrival Minutes,Not Applicable (Not Transported),Not Applicable (Not Transported),1,Dark - Unlighted,Clear,0,2,[],[],0,0,Valid,0.0,0.0,35.0,35.0,['Male'],0,0,2,4,4,Dry,Straight,Level,Lowest,No
22334,35,New Mexico,350171,1,1,1,0,1,ALBUQUERQUE,July,5,Wednesday,4,16,Urban,High Speed (Arterial),Yes,35.10870556,-106.62820278,Non-Intersection,Dark - Lighted,Clear,Unknown,Unknown,Unknown EMS Scene Arrival Hour,Unknown EMS Scene Arrival Minutes,Not Applicable (Not Transported),Not Applicable (Not Transported),1,Dark - Lighted,Clear,0,1,[],[],0,0,Valid,0.0,0.0,52.0,52.0,['Female'],0,0,3,4,4,Dry,Straight,Level,Lowest,No
22335,35,New Mexico,350172,0,1,1,0,1,DIXON,July,2,Sunday,15,0,Rural,Medium Speed (Collector),No,36.20404167,-105.85955,Non-Intersection,Daylight,Clear,Unknown,Unknown,Unknown EMS Scene Arrival Hour,Unknown EMS Scene Arrival Minutes,Not Applicable (Not Transported),Not Applicable (Not Transported),1,Daylight,Clear,1,0,['Driver'],['None_Used'],0,0,Valid,0.0,0.0,49.0,49.0,['Male'],0,0,5,4,2,Dry,Straight,Grade/Hillcrest,Lowest,No
22336,35,New Mexico,350173,0,2,2,0,4,MCINTOSH,July,5,Wednesday,15,56,Rural,Medium Speed (Collector),No,34.86864444,-106.05296111,Non-Intersection,Daylight,Clear,Unknown,Unknown,Unknown EMS Scene Arrival Hour,Unknown EMS Scene Arrival Minutes,Unknown,Unknown EMS Hospital Arrival Time,2,Daylight,Clear,2,2,"['Driver', 'Front_Passenger']","['Shoulder_Lapbelt', 'Shoulder_Lapbelt']",1,1,Valid,0.0,1.0,60.0,20.0,"['Male', 'Female']",0,0,2,4,5,Dry,Straight,Level,Lowest,No
22337,35,New Mexico,350174,0,2,2,0,5,ESPANOLA,July,8,Saturday,9,44,Rural,Medium Speed (Collector),No,36.00770833,-105.88756667,Non-Intersection,Daylight,Clear,Unknown,Unknown,Unknown EMS Scene Arrival Hour,Unknown EMS Scene Arrival Minutes,Unknown,Unknown EMS Hospital Arrival Time,1,Daylight,Clear,1,4,['Driver'],['None_Used'],0,0,Valid,0.0,0.0,46.0,38.0,"['Male', 'Male']",1,0,3,4,5,Dry,Straight,Level,Lowest,No
22338,35,New Mexico,350175,0,2,2,0,2,NOT APPLICABLE,July,12,Wednesday,14,37,Rural,Medium Speed (Collector),No,35.38811389,-104.46095833,Non-Intersection,Daylight,Clear,Unknown,Unknown if Notified,Unknown EMS Scene Arrival Hour,Unknown if Arrived,Not Applicable (Not Transported),Not Applicable (Not Transported),1,Daylight,Clear,1,1,['Driver'],['None_Used'],0,0,Valid,0.0,1.0,77.0,46.0,"['Male', 'Male']",1,0,5,4,5,Dry,Straight,Level,Lowest,No
22339,35,New Mexico,350176,0,2,2,0,2,ALBUQUERQUE,July,8,Saturday,20,50,Urban,High Speed (Arterial),No,35.06986111,-106.6391,Complex/Circle,Dark - Lighted,Clear,Unknown,Unknown,Unknown EMS Scene Arrival Hour,Unknown EMS Scene Arrival Minutes,Unknown,Unknown EMS Hospital Arrival Time,1,Dark - Lighted,Clear,1,1,['Driver'],['None_Used'],0,0,Invalid,0.0,0.0,68.0,17.0,"['Male', 'Male']",0,0,5,4,5,Dry,Straight,Grade/Hillcrest,Lowest,No
22340,35,New Mexico,350177,0,1,1,0,2,NOT APPLICABLE,July,15,Saturday,14,24,Rural,Medium Speed (Collector),No,33.432825,-105.67525278,Non-Intersection,Daylight,Cloudy,Unknown,Unknown,Unknown EMS Scene Arrival Hour,Unknown EMS Scene Arrival Minutes,Unknown,Unknown EMS Hospital Arrival Time,1,Daylight,Reduced Visibility,1,1,['Driver'],['None_Used'],0,0,Valid,0.0,0.0,64.0,64.0,['Male'],0,0,5,4,3,Dry,Curve,Grade/Hillcrest,Lowest,No
22341,35,New Mexico,350178,0,1,1,0,1,CLOUDCROFT,July,15,Saturday,21,40,Rural,Medium Speed (Collector),No,32.89250278,-105.67343889,Non-Intersection,Dark - Not Lighted,Clear,Unknown,Unknown,Unknown EMS Scene Arrival Hour,Unknown EMS Scene Arrival Minutes,Not Applicable (Not Transported),Not Applicable (Not Transported),1,Dark - Unlighted,Clear,1,0,['Driver'],['None_Used'],1,1,Valid,0.0,0.0,76.0,76.0,['Male'],0,0,2,4,1,Dry,Straight,Level,Lowest,No
22342,35,New Mexico,350179,0,1,1,0,1,NOT APPLICABLE,July,16,Sunday,16,24,Rural,Medium Speed (Collector),No,36.9743,-108.18934722,Non-Intersection,Daylight,Clear,Unknown,Unknown,Unknown EMS Scene Arrival Hour,Unknown EMS Scene Arrival Minutes,Not Applicable (Not Transported),Not Applicable (Not Transported),1,Daylight,Clear,1,0,['Driver'],['None_Used'],0,0,Valid,0.0,0.0,45.0,45.0,['Female'],0,0,5,4,3,Dry,Curve,Level,Lowest,No
22343,35,New Mexico,350180,0,1,1,0,1,ALAMEDA,July,15,Saturday,22,51,Urban,High Speed (Arterial),Yes,35.18378889,-106.58078611,Non-Intersection,Dark - Lighted,Clear,Unknown,Unknown,Unknown EMS Scene Arrival Hour,Unknown EMS Scene Arrival Minutes,Not Applicable (Not Transported),Not Applicable (Not Transported),1,Dark - Lighted,Clear,1,0,['Driver'],['Shoulder_Lapbelt'],1,1,Valid,0.0,0.0,53.0,53.0,['Male'],0,0,3,4,3,Dry,Curve,Grade/Hillcrest,Lowest,No
22344,35,New Mexico,350181,1,1,1,0,2,FARMINGTON,July,17,Monday,1,38,Urban,High Speed (Arterial),Yes,36.73797778,-108.25884722,Non-Intersection,Dark - Not Lighted,Clear,Unknown,Unknown if Notified,Unknown EMS Scene Arrival Hour,Unknown if Arrived,Not Applicable (Not Transported),Not Applicable (Not Transported),1,Dark - Unlighted,Clear,0,2,[],[],0,0,Valid,0.0,0.0,20.0,20.0,['Male'],0,0,3,4,4,Dry,Straight,Grade/Hillcrest,Lowest,No
22345,35,New Mexico,350182,0,2,2,0,4,NOT APPLICABLE,July,18,Tuesday,16,9,Rural,High Speed (Arterial),Yes,35.06411389,-107.52643056,Non-Intersection,Daylight,Clear,Unknown,Unknown,Unknown EMS Scene Arrival Hour,Unknown EMS Scene Arrival Minutes,Unknown,Unknown EMS Hospital Arrival Time,3,Daylight,Clear,3,1,"['Driver', 'Front_Passenger', 'Rear_Seat']","['Shoulder_Lapbelt', 'Shoulder_Lapbelt', 'Shoulder_Lapbelt']",0,0,Valid,1.0,0.0,59.0,42.0,"['Male', 'Male']",0,0,4,4,5,Dry,Curve,Grade/Hillcrest,Lowest,Yes
22346,35,New Mexico,350183,0,1,1,0,1,NOT APPLICABLE,July,19,Wednesday,5,46,Rural,High Speed (Arterial),Yes,32.51075278,-104.073225,Non-Intersection,Daylight,Clear,Unknown,Unknown,Unknown EMS Scene Arrival Hour,Unknown EMS Scene Arrival Minutes,Not Applicable (Not Transported),Not Applicable (Not Transported),1,Daylight,Clear,1,0,['Driver'],['None_Used'],0,0,Valid,0.0,0.0,27.0,27.0,['Male'],1,0,3,4,3,Dry,Curve,Level,Lowest,No
22347,35,New Mexico,350184,0,2,2,0,5,NOT APPLICABLE,July,23,Sunday,21,49,Rural,High Speed (Arterial),Yes,35.00481389,-105.77365,Non-Intersection,Dark - Not Lighted,Clear,Unknown,Unknown,Unknown EMS Scene Arrival Hour,Unknown EMS Scene Arrival Minutes,Unknown,Unknown EMS Hospital Arrival Time,1,Dark - Unlighted,Clear,1,4,['Rear_Seat'],['None_Used'],0,0,Valid,0.0,0.0,29.0,20.0,"['Male', 'Male']",0,0,4,4,5,Dry,Straight,Level,Lowest,Yes
22348,35,New Mexico,350185,1,3,1,2,2,LAS CRUCES,July,22,Saturday,12,4,Urban,Medium Speed (Collector),No,32.31088611,-106.78661389,Non-Intersection,Daylight,Clear,Unknown,Unknown if Notified,Unknown EMS Scene Arrival Hour,Unknown if Arrived,Not Applicable (Not Transported),Not Applicable (Not Transported),1,Daylight,Clear,0,2,[],[],0,0,Valid,0.0,0.0,39.0,39.0,['Female'],0,0,3,4,4,Dry,Straight,Level,Lowest,No