,State_Code,State_Name,Crash_ID,Count_Non_Motorists,Count_Vehicles_Total,Count_Vehicle_Forms,Count_PVH_Involved,Count_Occupants_MV,City_Name,Month_Name,Day_of_Month,Day_of_Week,Crash_Hour,Crash_Minute,Area_Rural_Urban,Road_Functional_Class,On_NHS_Road,Latitude,Longitude,Intersection_Type,Light_Condition,Weather_Condition,Notif_Hour,Notif_Minute,Arrival_Hour,Arrival_Minute,Hospital_Hour,Hospital_Minute,Fatalities_Count,Clean_Light_Condition,Clean_Weather_Condition,Total_Killed,Total_Alive,Fatal_Seats_List,Killed_Restraint_List,Any_Driver_Drinking,Total_Drinking_Drivers,Driver_License_Category,Driver_Max_Prev_Accident_Count,Driver_Max_Prev_Speeding_Count,Max_Driver_Age,Min_Driver_Age,Driver_Sex_List,Total_Exceeding_Limit_Vehicles,Total_Too_Fast_Vehicles,Max_Vehicle_Type_Severity_5,Max_Vehicle_Damage_Rank,Max_Harmful_Event_Severity,Crash_Road_Surface_Condition,Crash_Horizontal_Alignment,Crash_Vertical_Profile,Crash_Impairment_Category,Crash_Vehicle_Defect
22349,35,New Mexico,350186,0,1,1,0,2,ALBUQUERQUE,July,23,Sunday,2,47,Urban,High Speed (Arterial),No,35.07718889,-106.64568889,Non-Intersection,Dark - Lighted,Clear,Unknown,Unknown,Unknown EMS Scene Arrival Hour,Unknown EMS Scene Arrival Minutes,Unknown,Unknown EMS Hospital Arrival Time,1,Dark - Lighted,Clear,1,1,['Front_Passenger'],['None_Used'],0,0,Valid,0.0,0.0,24.0,24.0,['Male'],2,0,2,4,3,Dry,Straight,Level,Lowest,No
22350,35,New Mexico,350187,1,1,1,0,1,NOT APPLICABLE,July,25,Tuesday,18,0,Rural,Medium Speed (Collector),No,36.75830556,-106.55895278,Non-Intersection,Daylight,Clear,Unknown,Unknown,Unknown EMS Scene Arrival Hour,Unknown EMS Scene Arrival Minutes,Not Applicable (Not Transported),Not Applicable (Not Transported),1,Daylight,Clear,0,1,[],[],0,0,Valid,0.0,0.0,53.0,53.0,['Female'],0,0,1,4,4,Dry,Straight,Level,Lowest,No
22351,35,New Mexico,350188,0,1,1,0,2,NOT APPLICABLE,July,25,Tuesday,19,30,Rural,High Speed (Arterial),Yes,32.48374722,-104.32441389,Non-Intersection,Dusk,Clear,Unknown,Unknown,Unknown EMS Scene Arrival Hour,Unknown EMS Scene Arrival Minutes,Unknown,Unknown EMS Hospital Arrival Time,2,Twilight,Clear,2,0,"['Driver', 'Front_Passenger']","['None_Used', 'None_Used']",0,0,Valid,0.0,0.0,23.0,23.0,['Male'],2,0,3,4,3,Dry,Straight,Grade/Hillcrest,Lowest,No
22352,35,New Mexico,350189,0,2,2,0,2,NOT APPLICABLE,July,28,Friday,21,33,Rural,High Speed (Arterial),Yes,33.89240556,-106.89273056,Non-Intersection,Dark - Not Lighted,Clear,Unknown,Unknown if Notified,Unknown EMS Scene Arrival Hour,Unknown if Arrived,Not Applicable (Not Transported),Not Applicable (Not Transported),1,Dark - Unlighted,Clear,1,1,['Driver'],['None_Used'],0,0,Valid,0.0,0.0,72.0,51.0,"['Male', 'Male']",0,0,4,4,5,Dry,Straight,Grade/Hillcrest,Lowest,Yes
22353,35,New Mexico,350190,0,2,2,0,3,ALBUQUERQUE,July,29,Saturday,15,35,Urban,High Speed (Arterial),No,35.11006111,-106.73103333,Complex/Circle,Daylight,Clear,Unknown,Unknown,Unknown EMS Scene Arrival Hour,Unknown EMS Scene Arrival Minutes,Unknown,Unknown EMS Hospital Arrival Time,1,Daylight,Clear,1,2,['Front_Passenger'],['Shoulder_Lapbelt'],0,0,Valid,0.0,0.0,65.0,28.0,"['Male', 'Male']",0,0,3,4,5,Dry,Straight,Level,Lowest,No
22354,35,New Mexico,350191,1,1,1,0,2,ALBUQUERQUE,July,30,Sunday,23,40,Urban,High Speed (Arterial),No,35.21561389,-106.69711111,Non-Intersection,Dark - Lighted,Clear,Unknown,Unknown,Unknown EMS Scene Arrival Hour,Unknown EMS Scene Arrival Minutes,Unknown,Unknown EMS Hospital Arrival Time,1,Dark - Lighted,Clear,0,2,[],[],0,0,Valid,0.0,0.0,25.0,25.0,['Female'],0,0,2,4,4,Dry,Straight,Level,Lowest,No
22355,35,New Mexico,350192,0,1,1,0,1,LAS CRUCES,July,31,Monday,14,36,Urban,High Speed (Arterial),Yes,32.28670278,-106.74023611,Non-Intersection,Daylight,Clear,Unknown,Unknown,Unknown EMS Scene Arrival Hour,Unknown EMS Scene Arrival Minutes,Not Applicable (Not Transported),Not Applicable (Not Transported),1,Daylight,Clear,1,0,['Driver'],['None_Used'],0,0,Valid,0.0,0.0,33.0,33.0,['Male'],1,0,5,4,3,Dry,Straight,Level,Lowest,No
22356,35,New Mexico,350193,0,2,2,0,2,NOT APPLICABLE,July,15,Saturday,14,45,Rural,Medium Speed (Collector),No,32.06248056,-103.16507222,Non-Intersection,Daylight,Clear,Unknown,Unknown,Unknown EMS Scene Arrival Hour,Unknown EMS Scene Arrival Minutes,Not Applicable (Not Transported),Not Applicable (Not Transported),1,Daylight,Clear,1,1,['Driver'],['None_Used'],0,0,Valid,0.0,0.0,79.0,58.0,"['Male', 'Male']",0,0,4,4,5,Dry,Straight,Level,Lowest,No
22357,35,New Mexico,350194,0,2,2,0,2,FARMINGTON,May,2,Tuesday,5,47,Urban,Medium Speed (Collector),No,36.73476111,-108.08198056,Simple Junction,Dark - Lighted,Clear,Unknown,Unknown,Unknown EMS Scene Arrival Hour,Unknown EMS Scene Arrival Minutes,Unknown,Unknown EMS Hospital Arrival Time,1,Dark - Lighted,Clear,1,1,['Driver'],['Shoulder_Lapbelt'],0,0,Valid,0.0,0.0,35.0,19.0,"['Male', 'Female']",1,0,3,4,5,Dry,Straight,Level,Lowest,No
22358,35,New Mexico,350195,1,1,1,0,1,SANTA FE,May,3,Wednesday,3,24,Urban,High Speed (Arterial),Yes,35.64315833,-105.95628611,Non-Intersection,Dark - Not Lighted,Clear,Unknown,Unknown,Unknown EMS Scene Arrival Hour,Unknown EMS Scene Arrival Minutes,Unknown,Unknown EMS Hospital Arrival Time,1,Dark - Unlighted,Clear,0,0,[],[],0,0,Invalid,0.0,0.0,999.0,999.0,['Other'],0,0,1,0,4,Dry,Straight,Level,Lowest,No
22359,35,New Mexico,350196,1,1,1,0,1,RATON,May,25,Thursday,17,26,Urban,Low Speed (Local),No,36.89577222,-104.43124444,Non-Intersection,Daylight,Clear,Unknown,Unknown,Unknown EMS Scene Arrival Hour,Unknown EMS Scene Arrival Minutes,Unknown,Unknown EMS Hospital Arrival Time,1,Daylight,Clear,0,1,[],[],0,0,Valid,0.0,0.0,69.0,69.0,['Male'],0,0,2,4,4,Dry,Straight,Level,Lowest,No
22360,35,New Mexico,350197,1,1,1,0,1,ALBUQUERQUE,July,14,Friday,22,47,Urban,Low Speed (Local),No,35.064925,-106.66420278,Non-Intersection,Dark - Lighted,Clear,Unknown,Unknown,Unknown EMS Scene Arrival Hour,Unknown EMS Scene Arrival Minutes,Not Applicable (Not Transported),Not Applicable (Not Transported),1,Dark - Lighted,Clear,0,0,[],[],0,0,Invalid,0.0,0.0,999.0,999.0,['Other'],0,0,1,0,4,Dry,Straight,Level,Lowest,No
22361,35,New Mexico,350198,0,2,2,0,2,NOT APPLICABLE,August,4,Friday,12,17,Rural,High Speed (Arterial),Yes,32.28669167,-104.28085833,Non-Intersection,Daylight,Clear,Unknown,Unknown,Unknown EMS Scene Arrival Hour,Unknown EMS Scene Arrival Minutes,Unknown,Unknown EMS Hospital Arrival Time,1,Daylight,Clear,1,1,['Driver'],['None_Used'],0,0,Valid,0.0,0.0,34.0,32.0,"['Male', 'Female']",0,0,4,4,5,Dry,Straight,Level,Lowest,No
22362,35,New Mexico,350199,0,2,2,0,2,NOT APPLICABLE,August,7,Monday,21,48,Rural,Medium Speed (Collector),No,32.13909722,-103.29471944,Non-Intersection,Dark - Unknown Lighting,Rain,Unknown,Unknown if Notified,Unknown EMS Scene Arrival Hour,Unknown if Arrived,Not Applicable (Not Transported),Not Applicable (Not Transported),1,Dark - Unlighted,Rain/Wind/Minor,1,1,['Driver'],['None_Used'],1,1,Invalid,0.0,0.0,47.0,24.0,"['Male', 'Male']",1,0,4,4,5,Wet/Standing Water,Straight,Level,Lowest,No
22363,35,New Mexico,350200,0,2,2,0,4,VAUGHN,August,7,Monday,12,30,Rural,High Speed (Arterial),Yes,34.60042778,-105.19821944,Simple Junction,Daylight,Clear,Unknown,Unknown,Unknown EMS Scene Arrival Hour,Unknown EMS Scene Arrival Minutes,Unknown,Unknown EMS Hospital Arrival Time,1,Daylight,Clear,1,3,['Driver'],['None_Used'],0,0,Invalid,0.0,0.0,71.0,30.0,"['Male', 'Female']",0,0,5,4,5,Dry,Straight,Level,Lowest,No
22364,35,New Mexico,350201,0,2,2,0,3,TIJERAS,August,6,Sunday,16,3,Rural,Medium Speed (Collector),No,34.97777222,-106.32028056,Complex/Circle,Daylight,Clear,Unknown,Unknown,Unknown EMS Scene Arrival Hour,Unknown EMS Scene Arrival Minutes,Unknown,Unknown EMS Hospital Arrival Time,1,Daylight,Clear,1,2,['Front_Passenger'],['Shoulder_Lapbelt'],0,0,Valid,0.0,0.0,65.0,16.0,"['Male', 'Female']",0,0,3,4,5,Dry,Straight,Level,Lowest,No
22365,35,New Mexico,350202,1,1,1,0,1,NOT APPLICABLE,August,11,Friday,0,44,Urban,High Speed (Arterial),Yes,32.96016667,-105.97430556,Non-Intersection,Dark - Lighted,Clear,Unknown,Unknown,Unknown EMS Scene Arrival Hour,Unknown EMS Scene Arrival Minutes,Unknown,Unknown EMS Hospital Arrival Time,1,Dark - Lighted,Clear,0,1,[],[],0,0,Valid,0.0,0.0,41.0,41.0,['Male'],0,0,2,2,4,Dry,Straight,Level,Lowest,No
22366,35,New Mexico,350203,0,2,2,0,3,CHAMBERINO,August,11,Friday,12,18,Rural,Medium Speed (Collector),No,32.08256111,-106.68335833,Complex/Circle,Daylight,Clear,Unknown,Unknown,Unknown EMS Scene Arrival Hour,Unknown EMS Scene Arrival Minutes,Unknown,Unknown EMS Hospital Arrival Time,1,Daylight,Clear,1,2,['Driver'],['Shoulder_Lapbelt'],0,0,Valid,0.0,0.0,44.0,31.0,"['Male', 'Female']",0,0,3,4,5,Dry,Straight,Level,Lowest,No
22367,35,New Mexico,350204,0,2,2,0,3,NOT APPLICABLE,August,11,Friday,19,19,Rural,Medium Speed (Collector),No,32.69682778,-103.52323889,Non-Intersection,Dusk,Clear,Unknown,Unknown,Unknown EMS Scene Arrival Hour,Unknown EMS Scene Arrival Minutes,Unknown,Unknown EMS Hospital Arrival Time,1,Twilight,Clear,1,2,['Driver'],['Shoulder_Lapbelt'],0,0,Invalid,0.0,0.0,74.0,20.0,"['Female', 'Male']",0,0,3,4,5,Dry,Straight,Level,Lowest,No
22368,35,New Mexico,350205,0,2,2,0,2,NOT APPLICABLE,August,15,Tuesday,13,55,Rural,High Speed (Arterial),No,35.63581111,-108.86309444,Non-Intersection,Daylight,Clear,Unknown,Unknown,Unknown EMS Scene Arrival Hour,Unknown EMS Scene Arrival Minutes,Not Applicable (Not Transported),Not Applicable (Not Transported),1,Daylight,Clear,1,1,['Driver'],['Shoulder_Lapbelt'],0,0,Valid,0.0,0.0,63.0,20.0,"['Male', 'Female']",1,0,3,4,5,Dry,Straight,Grade/Hillcrest,Lowest,No
22369,35,New Mexico,350206,0,2,2,0,3,ALBUQUERQUE,August,15,Tuesday,18,14,Urban,High Speed (Arterial),Yes,35.06894722,-106.42065278,Non-Intersection,Daylight,Clear,Unknown,Unknown,Unknown EMS Scene Arrival Hour,Unknown EMS Scene Arrival Minutes,Unknown,Unknown EMS Hospital Arrival Time,1,Daylight,Clear,1,2,['Front_Passenger'],['Shoulder_Lapbelt'],0,0,Valid,0.0,1.0,29.0,18.0,"['Male', 'Male']",2,0,4,4,5,Dry,Straight,Level,Lowest,No
22370,35,New Mexico,350207,1,2,2,0,2,ALBUQUERQUE,August,15,Tuesday,20,53,Urban,Medium Speed (Collector),No,35.02754722,-106.65816389,Non-Intersection,Dark - Not Lighted,Clear,Unknown,Unknown,Unknown EMS Scene Arrival Hour,Unknown EMS Scene Arrival Minutes,Not Applicable (Not Transported),Not Applicable (Not Transported),1,Dark - Unlighted,Clear,0,2,[],[],0,0,Valid,0.0,0.0,59.0,30.0,"['Male', 'Male']",0,0,3,2,4,Dry,Straight,Level,Lowest,No
22371,35,New Mexico,350208,0,2,2,0,4,NOT APPLICABLE,August,17,Thursday,21,15,Rural,High Speed (Arterial),Yes,35.10873333,-107.80616944,Non-Intersection,Dark - Not Lighted,Clear,Unknown,Unknown,Unknown EMS Scene Arrival Hour,Unknown EMS Scene Arrival Minutes,Unknown,Unknown EMS Hospital Arrival Time,1,Dark - Unlighted,Clear,1,3,['Driver'],['Shoulder_Lapbelt'],1,1,Invalid,0.0,0.0,45.0,34.0,"['Male', 'Female']",0,0,3,4,5,Wet/Standing Water,Straight,Level,Lowest,No
22372,35,New Mexico,350209,1,1,1,0,1,NOT APPLICABLE,August,19,Saturday,0,31,Rural,High Speed (Arterial),Yes,35.42122222,-105.55378056,Non-Intersection,Dark - Not Lighted,Clear,Unknown,Unknown,Unknown EMS Scene Arrival Hour,Unknown EMS Scene Arrival Minutes,Not Applicable (Not Transported),Not Applicable (Not Transported),1,Dark - Unlighted,Clear,0,1,[],[],0,0,Valid,0.0,0.0,41.0,41.0,['Male'],0,0,2,3,4,Dry,Straight,Level,Lowest,No
22373,35,New Mexico,350210,0,1,1,0,1,NOT APPLICABLE,August,19,Saturday,19,36,Rural,Low Speed (Local),No,32.1341,-107.78563056,Simple Junction,Dusk,Clear,Unknown,Unknown,Unknown EMS Scene Arrival Hour,Unknown EMS Scene Arrival Minutes,Unknown,Unknown EMS Hospital Arrival Time,1,Twilight,Clear,1,0,['Driver'],['None_Used'],1,1,Invalid,0.0,0.0,33.0,33.0,['Female'],0,0,3,4,3,Dry,Straight,Level,Lowest,No
22374,35,New Mexico,350211,0,1,1,0,5,NOT APPLICABLE,August,20,Sunday,6,22,Rural,High Speed (Arterial),Yes,35.98937222,-104.72961111,Non-Intersection,Dawn,Clear,Unknown,Unknown,Unknown EMS Scene Arrival Hour,Unknown EMS Scene Arrival Minutes,Unknown,Unknown EMS Hospital Arrival Time,2,Twilight,Clear,2,3,"['Rear_Seat', 'Rear_Seat']","['Child_Safety', 'None_Used']",0,0,Invalid,0.0,0.0,32.0,32.0,['Male'],0,0,3,4,3,Dry,Straight,Level,Lowest,No
22375,35,New Mexico,350212,0,1,1,0,2,LAS CRUCES,August,17,Thursday,15,55,Rural,High Speed (Arterial),Yes,32.62468333,-106.96069167,Non-Intersection,Daylight,Clear,Unknown,Unknown,Unknown EMS Scene Arrival Hour,Unknown EMS Scene Arrival Minutes,Unknown,Unknown EMS Hospital Arrival Time,1,Daylight,Clear,1,1,['Driver'],['None_Used'],0,0,Valid,0.0,0.0,25.0,25.0,['Female'],0,0,3,4,3,Dry,Straight,Level,Lowest,Yes
22376,35,New Mexico,350213,0,2,2,0,2,NOT APPLICABLE,August,19,Saturday,20,9,Rural,High Speed (Arterial),Yes,32.53139444,-104.02949167,Non-Intersection,Dark - Not Lighted,Clear,Unknown,Unknown,Unknown EMS Scene Arrival Hour,Unknown EMS Scene Arrival Minutes,Not Applicable (Not Transported),Not Applicable (Not Transported),2,Dark - Unlighted,Clear,2,0,"['Driver', 'Driver']","['None_Used', 'None_Used']",1,1,Valid,0.0,0.0,49.0,46.0,"['Male', 'Male']",0,0,5,4,5,Dry,Curve,Level,Lowest,No
22377,35,New Mexico,350214,0,1,1,0,1,NOT APPLICABLE,August,20,Sunday,11,2,Rural,Low Speed (Local),No,33.51467222,-105.66483056,Non-Intersection,Daylight,Clear,Unknown,Unknown,Unknown EMS Scene Arrival Hour,Unknown EMS Scene Arrival Minutes,Not Applicable (Not Transported),Not Applicable (Not Transported),1,Daylight,Clear,1,0,['Driver'],['None_Used'],0,0,Valid,0.0,0.0,43.0,43.0,['Female'],0,0,3,4,3,Dry,Curve,Grade/Hillcrest,Lowest,No
22378,35,New Mexico,350215,1,1,1,0,1,SANTA FE,August,21,Monday,21,17,Urban,High Speed (Arterial),Yes,35.71764167,-105.93526667,Non-Intersection,Dark - Not Lighted,Clear,Unknown,Unknown,Unknown EMS Scene Arrival Hour,Unknown EMS Scene Arrival Minutes,Not Applicable (Not Transported),Not Applicable (Not Transported),1,Dark - Unlighted,Clear,0,1,[],[],0,0,Valid,0.0,0.0,16.0,16.0,['Male'],0,0,2,4,4,Dry,Straight,Level,Lowest,No
22379,35,New Mexico,350216,0,1,1,0,3,NOT APPLICABLE,August,24,Thursday,2,45,Rural,High Speed (Arterial),Yes,34.97516944,-104.96486944,Non-Intersection,Dark - Not Lighted,Clear,Unknown,Unknown,Unknown EMS Scene Arrival Hour,Unknown EMS Scene Arrival Minutes,Unknown,Unknown EMS Hospital Arrival Time,1,Dark - Unlighted,Clear,1,2,['Driver'],['Shoulder_Lapbelt'],0,0,Invalid,0.0,0.0,46.0,46.0,['Female'],0,0,3,4,3,Dry,Straight,Level,Lowest,No
22380,35,New Mexico,350217,0,2,2,0,4,ALBUQUERQUE,August,31,Thursday,22,49,Rural,High Speed (Arterial),Yes,35.00846389,-107.03459167,Non-Intersection,Dark - Not Lighted,Clear,Unknown,Unknown,Unknown EMS Scene Arrival Hour,Unknown EMS Scene Arrival Minutes,Unknown,Unknown EMS Hospital Arrival Time,1,Dark - Unlighted,Clear,1,3,['Non_Standard_Risk'],['None_Used'],0,0,Valid,0.0,0.0,68.0,41.0,"['Male', 'Female']",0,0,4,4,5,Dry,Straight,Level,Lowest,No
22381,35,New Mexico,350218,0,2,2,0,2,ROSWELL,August,31,Thursday,17,0,Rural,High Speed (Arterial),Yes,33.42306944,-104.58188333,Complex/Circle,Daylight,Clear,Unknown,Unknown,Unknown EMS Scene Arrival Hour,Unknown EMS Scene Arrival Minutes,Unknown,Unknown EMS Hospital Arrival Time,1,Daylight,Clear,1,1,['Driver'],['Shoulder_Lapbelt'],0,0,Valid,0.0,0.0,87.0,52.0,"['Male', 'Female']",1,0,3,4,5,Dry,Straight,Level,Lowest,No
22382,35,New Mexico,350219,0,1,1,0,1,NOT APPLICABLE,August,3,Thursday,13,10,Urban,High Speed (Arterial),Yes,35.63843889,-106.06986389,Non-Intersection,Daylight,Clear,Unknown,Unknown if Notified,Unknown EMS Scene Arrival Hour,Unknown if Arrived,Not Applicable (Not Transported),Not Applicable (Not Transported),1,Daylight,Clear,1,0,['Driver'],['None_Used'],1,1,Invalid,0.0,0.0,41.0,41.0,['Male'],1,0,3,4,3,Dry,Curve,Level,Lowest,No
22383,35,New Mexico,350220,1,1,1,0,1,ALBUQUERQUE,August,7,Monday,22,57,Urban,Medium Speed (Collector),No,35.092375,-106.55951111,Non-Intersection,Dark - Not Lighted,Clear,Unknown,Unknown,Unknown EMS Scene Arrival Hour,Unknown EMS Scene Arrival Minutes,Not Applicable (Not Transported),Not Applicable (Not Transported),1,Dark - Unlighted,Clear,0,1,[],[],0,0,Invalid,0.0,0.0,999.0,999.0,['Other'],0,0,2,2,4,Dry,Straight,Level,Lowest,No
22384,35,New Mexico,350221,0,2,2,0,2,NOT APPLICABLE,August,14,Monday,5,45,Rural,High Speed (Arterial),Yes,35.8506,-104.92693056,Non-Intersection,Dark - Not Lighted,Clear,Unknown,Unknown,Unknown EMS Scene Arrival Hour,Unknown EMS Scene Arrival Minutes,Not Applicable (Not Transported),Not Applicable (Not Transported),1,Dark - Unlighted,Clear,1,1,['Driver'],['Shoulder_Lapbelt'],0,0,Valid,0.0,0.0,64.0,39.0,"['Male', 'Male']",0,0,4,4,5,Dry,Straight,Level,Lowest,No
22385,35,New Mexico,350222,0,3,3,0,8,NOT APPLICABLE,August,20,Sunday,13,55,Rural,High Speed (Arterial),Yes,35.13626944,-105.73959167,Non-Intersection,Daylight,Clear,Unknown,Unknown,Unknown EMS Scene Arrival Hour,Unknown EMS Scene Arrival Minutes,Unknown,Unknown EMS Hospital Arrival Time,1,Daylight,Clear,1,7,['Front_Passenger'],['Shoulder_Lapbelt'],0,0,Valid,0.0,0.0,75.0,68.0,"['Male', 'Male', 'Male']",0,0,3,4,5,Dry,Straight,Grade/Hillcrest,Lowest,No
22386,35,New Mexico,350223,1,1,1,0,1,ALBUQUERQUE,August,20,Sunday,20,43,Urban,High Speed (Arterial),No,35.074425,-106.55445556,Non-Intersection,Dark - Lighted,Clear,Unknown,Unknown,Unknown EMS Scene Arrival Hour,Unknown EMS Scene Arrival Minutes,Not Applicable (Not Transported),Not Applicable (Not Transported),1,Dark - Lighted,Clear,0,1,[],[],0,0,Invalid,0.0,0.0,999.0,999.0,['Other'],1,0,1,3,4,Dry,Straight,Level,Lowest,No
22387,35,New Mexico,350224,0,2,2,0,3,NOT APPLICABLE,August,28,Monday,3,39,Rural,High Speed (Arterial),Yes,32.21465556,-108.19050833,Non-Intersection,Dark - Not Lighted,Clear,Unknown,Unknown,Unknown EMS Scene Arrival Hour,Unknown EMS Scene Arrival Minutes,Not Applicable (Not Transported),Not Applicable (Not Transported),1,Dark - Unlighted,Clear,1,2,['Driver'],['Lapbelt_Only'],0,0,Valid,0.0,0.0,61.0,24.0,"['Male', 'Male']",0,0,4,4,5,Dry,Straight,Level,Medium,No
22388,35,New Mexico,350225,0,1,1,0,1,NOT APPLICABLE,August,30,Wednesday,5,32,Rural,High Speed (Arterial),Yes,36.61614722,-104.51629167,Non-Intersection,Dark - Not Lighted,Not Reported,Unknown,Unknown,Unknown EMS Scene Arrival Hour,Unknown EMS Scene Arrival Minutes,Not Applicable (Not Transported),Not Applicable (Not Transported),1,Dark - Unlighted,Clear,1,0,['Driver'],['None_Used'],0,0,Valid,0.0,0.0,35.0,35.0,['Male'],0,0,4,4,3,Dry,Straight,Level,Lowest,No
22389,35,New Mexico,350226,0,5,5,0,9,NOT APPLICABLE,August,12,Saturday,20,16,Rural,High Speed (Arterial),Yes,34.99421944,-105.34808889,Non-Intersection,Dark - Not Lighted,Clear,Unknown,Unknown,Unknown EMS Scene Arrival Hour,Unknown EMS Scene Arrival Minutes,Unknown,Unknown EMS Hospital Arrival Time,2,Dark - Unlighted,Clear,2,7,"['Front_Passenger', 'Rear_Seat']","['Shoulder_Lapbelt', 'Shoulder_Lapbelt']",0,0,Valid,0.0,0.0,74.0,22.0,"['Male', 'Male', 'Male', 'Male', 'Male']",2,0,4,4,5,Dry,Straight,Level,Lowest,No
22390,35,New Mexico,350227,1,1,1,0,1,ALBUQUERQUE,August,14,Monday,15,43,Urban,High Speed (Arterial),No,35.083625,-106.56860833,Simple Junction,Daylight,Clear,Unknown,Unknown,Unknown EMS Scene Arrival Hour,Unknown EMS Scene Arrival Minutes,Unknown,Unknown EMS Hospital Arrival Time,1,Daylight,Clear,0,1,[],[],0,0,Valid,0.0,0.0,19.0,19.0,['Male'],0,0,3,4,4,Dry,Straight,Level,Lowest,No
22391,35,New Mexico,350228,0,1,1,0,1,ALBUQUERQUE,August,27,Sunday,18,50,Urban,Medium Speed (Collector),No,35.0517,-106.85519444,Non-Intersection,Daylight,Clear,Unknown,Unknown if Notified,Unknown EMS Scene Arrival Hour,Unknown if Arrived,Not Applicable (Not Transported),Not Applicable (Not Transported),1,Daylight,Clear,1,0,['Driver'],['None_Used'],0,0,Valid,0.0,0.0,34.0,34.0,['Male'],0,0,2,4,2,Dry,Straight,Level,Lowest,No
22392,35,New Mexico,350229,1,1,1,0,1,ALBUQUERQUE,August,25,Friday,20,2,Urban,High Speed (Arterial),No,35.07563611,-106.56564167,Non-Intersection,Dark - Lighted,Clear,Unknown,Unknown,Unknown EMS Scene Arrival Hour,Unknown EMS Scene Arrival Minutes,Unknown,Unknown EMS Hospital Arrival Time,1,Dark - Lighted,Clear,1,0,['Driver'],['None_Used'],0,0,Invalid,0.0,0.0,42.0,42.0,['Male'],0,0,5,4,4,Dry,Straight,Level,Lowest,No
22393,35,New Mexico,350230,0,2,2,0,3,MEXICAN SPRINGS,August,28,Monday,13,59,Rural,High Speed (Arterial),Yes,35.77776111,-108.77178333,Simple Junction,Daylight,Clear,Unknown,Unknown,Unknown EMS Scene Arrival Hour,Unknown EMS Scene Arrival Minutes,Unknown,Unknown EMS Hospital Arrival Time,1,Daylight,Clear,1,2,['Driver'],['Shoulder_Lapbelt'],0,0,Invalid,0.0,0.0,82.0,49.0,"['Male', 'Male']",0,0,4,4,5,Dry,Straight,Level,Lowest,No
22394,35,New Mexico,350231,1,3,3,0,3,ALBUQUERQUE,August,27,Sunday,22,27,Urban,High Speed (Arterial),Yes,35.00240556,-106.64446667,Non-Intersection,Dark - Not Lighted,Clear,Unknown,Unknown,Unknown EMS Scene Arrival Hour,Unknown EMS Scene Arrival Minutes,Not Applicable (Not Transported),Not Applicable (Not Transported),1,Dark - Unlighted,Clear,0,3,[],[],0,0,Invalid,0.0,0.0,36.0,17.0,"['Male', 'Male', 'Male']",0,0,3,4,5,Dry,Straight,Level,Lowest,No
22395,35,New Mexico,350232,0,2,2,0,2,GALLUP,August,16,Wednesday,14,57,Urban,Medium Speed (Collector),No,35.52740833,-108.72733889,Complex/Circle,Daylight,Clear,Unknown,Unknown,Unknown EMS Scene Arrival Hour,Unknown EMS Scene Arrival Minutes,Unknown,Unknown EMS Hospital Arrival Time,1,Daylight,Clear,1,1,['Driver'],['Shoulder_Lapbelt'],1,1,Invalid,0.0,0.0,82.0,31.0,"['Male', 'Male']",0,0,3,4,5,Dry,Straight,Level,Lowest,No
22396,35,New Mexico,350233,1,1,1,0,1,ALBUQUERQUE,August,29,Tuesday,21,36,Urban,High Speed (Arterial),Yes,35.10754444,-106.61778611,Non-Intersection,Dark - Lighted,Clear,Unknown,Unknown,Unknown EMS Scene Arrival Hour,Unknown EMS Scene Arrival Minutes,Not Applicable (Not Transported),Not Applicable (Not Transported),1,Dark - Lighted,Clear,0,1,[],[],0,0,Valid,0.0,0.0,64.0,64.0,['Female'],0,0,2,4,4,Dry,Straight,Level,Lowest,No
22397,35,New Mexico,350234,0,1,1,0,1,PERALTA,May,28,Sunday,14,58,Urban,Medium Speed (Collector),No,34.81634167,-106.67351944,Non-Intersection,Daylight,Clear,Unknown,Unknown,Unknown EMS Scene Arrival Hour,Unknown EMS Scene Arrival Minutes,Unknown,Unknown EMS Hospital Arrival Time,1,Daylight,Clear,1,0,['Driver'],['None_Used'],0,0,Valid,0.0,0.0,25.0,25.0,['Male'],1,0,5,4,2,Dry,Curve,Level,Lowest,No
22398,35,New Mexico,350235,0,1,1,0,1,WAGON MOUND,June,8,Thursday,5,10,Rural,High Speed (Arterial),Yes,35.78613611,-104.98858611,Non-Intersection,Dawn,Not Reported,Unknown,Unknown if Notified,Unknown EMS Scene Arrival Hour,Unknown if Arrived,Not Applicable (Not Transported),Not Applicable (Not Transported),1,Twilight,Clear,1,0,['Driver'],['None_Used'],0,0,Valid,0.0,0.0,55.0,55.0,['Male'],0,0,3,4,1,Dry,Straight,Level,Lowest,No