,State_Code,State_Name,Crash_ID,Count_Non_Motorists,Count_Vehicles_Total,Count_Vehicle_Forms,Count_PVH_Involved,Count_Occupants_MV,City_Name,Month_Name,Day_of_Month,Day_of_Week,Crash_Hour,Crash_Minute,Area_Rural_Urban,Road_Functional_Class,On_NHS_Road,Latitude,Longitude,Intersection_Type,Light_Condition,Weather_Condition,Notif_Hour,Notif_Minute,Arrival_Hour,Arrival_Minute,Hospital_Hour,Hospital_Minute,Fatalities_Count,Clean_Light_Condition,Clean_Weather_Condition,Total_Killed,Total_Alive,Fatal_Seats_List,Killed_Restraint_List,Any_Driver_Drinking,Total_Drinking_Drivers,Driver_License_Category,Driver_Max_Prev_Accident_Count,Driver_Max_Prev_Speeding_Count,Max_Driver_Age,Min_Driver_Age,Driver_Sex_List,Total_Exceeding_Limit_Vehicles,Total_Too_Fast_Vehicles,Max_Vehicle_Type_Severity_5,Max_Vehicle_Damage_Rank,Max_Harmful_Event_Severity,Crash_Road_Surface_Condition,Crash_Horizontal_Alignment,Crash_Vertical_Profile,Crash_Impairment_Category,Crash_Vehicle_Defect
22399,35,New Mexico,350236,0,1,1,0,1,GUADALUPITA,June,8,Thursday,11,12,Rural,Medium Speed (Collector),No,36.08548611,-105.24971111,Non-Intersection,Daylight,Clear,Unknown,Unknown,Unknown EMS Scene Arrival Hour,Unknown EMS Scene Arrival Minutes,Not Applicable (Not Transported),Not Applicable (Not Transported),1,Daylight,Clear,1,0,['Driver'],['None_Used'],0,0,Valid,0.0,0.0,65.0,65.0,['Male'],0,0,5,3,3,Dry,Curve,Level,Lowest,No
22400,35,New Mexico,350237,1,1,1,0,1,ALBUQUERQUE,June,8,Thursday,16,24,Urban,High Speed (Arterial),Yes,35.13729722,-106.60243889,Non-Intersection,Daylight,Clear,Unknown,Unknown,Unknown EMS Scene Arrival Hour,Unknown EMS Scene Arrival Minutes,Not Applicable (Not Transported),Not Applicable (Not Transported),1,Daylight,Clear,0,1,[],[],0,0,Valid,0.0,0.0,24.0,24.0,['Male'],0,0,3,4,4,Dry,Straight,Level,Lowest,No
22401,35,New Mexico,350238,0,3,3,0,6,NOT APPLICABLE,July,1,Saturday,22,7,Rural,Medium Speed (Collector),No,32.36273611,-107.62080833,Non-Intersection,Dark - Not Lighted,Clear,Unknown,Unknown,Unknown EMS Scene Arrival Hour,Unknown EMS Scene Arrival Minutes,Unknown,Unknown EMS Hospital Arrival Time,1,Dark - Unlighted,Clear,1,5,['Front_Passenger'],['Shoulder_Lapbelt'],0,0,Valid,0.0,0.0,55.0,22.0,"['Male', 'Male', 'Male']",0,0,5,4,5,Dry,Straight,Level,Lowest,No
22402,35,New Mexico,350239,0,2,2,0,2,ALBUQUERQUE,July,10,Monday,5,53,Urban,High Speed (Arterial),No,35.07999722,-106.56855833,Simple Junction,Dawn,Clear,Unknown,Unknown,Unknown EMS Scene Arrival Hour,Unknown EMS Scene Arrival Minutes,Not Applicable (Not Transported),Not Applicable (Not Transported),1,Twilight,Clear,1,1,['Driver'],['None_Used'],0,0,Valid,0.0,0.0,72.0,27.0,"['Male', 'Male']",0,0,5,4,5,Dry,Straight,Level,Lowest,No
22403,35,New Mexico,350240,1,1,1,0,1,ALBUQUERQUE,July,11,Tuesday,23,6,Urban,High Speed (Arterial),No,35.09464444,-106.56883611,Complex/Circle,Dark - Lighted,Clear,Unknown,Unknown,Unknown EMS Scene Arrival Hour,Unknown EMS Scene Arrival Minutes,Unknown,Unknown EMS Hospital Arrival Time,1,Dark - Lighted,Clear,0,0,[],[],0,0,Invalid,0.0,0.0,999.0,999.0,['Other'],0,0,2,3,4,Dry,Straight,Level,Lowest,No
22404,35,New Mexico,350241,1,1,1,0,1,ALBUQUERQUE,August,12,Saturday,6,1,Urban,High Speed (Arterial),Yes,35.086125,-106.53964722,Non-Intersection,Dark - Lighted,Clear,Unknown,Unknown,Unknown EMS Scene Arrival Hour,Unknown EMS Scene Arrival Minutes,Not Applicable (Not Transported),Not Applicable (Not Transported),1,Dark - Lighted,Clear,0,1,[],[],0,0,Valid,0.0,0.0,65.0,65.0,['Male'],0,0,2,3,4,Dry,Straight,Level,Lowest,No
22405,35,New Mexico,350242,0,1,1,0,2,ALBUQUERQUE,September,2,Saturday,3,1,Urban,High Speed (Arterial),Yes,35.09973889,-106.63161111,Non-Intersection,Dark - Not Lighted,Clear,Unknown,Unknown,Unknown EMS Scene Arrival Hour,Unknown EMS Scene Arrival Minutes,Unknown,Unknown EMS Hospital Arrival Time,1,Dark - Unlighted,Clear,1,1,['Non_Standard_Risk'],['None_Used'],0,0,Valid,0.0,0.0,52.0,52.0,['Female'],0,0,3,4,3,Dry,Straight,Level,Lowest,No
22406,35,New Mexico,350243,1,1,1,0,1,ALBUQUERQUE,September,2,Saturday,21,25,Urban,High Speed (Arterial),Yes,35.11665556,-106.62519722,Non-Intersection,Dark - Lighted,Clear,Unknown,Unknown,Unknown EMS Scene Arrival Hour,Unknown EMS Scene Arrival Minutes,Not Applicable (Not Transported),Not Applicable (Not Transported),1,Dark - Lighted,Clear,0,1,[],[],0,0,Valid,0.0,0.0,65.0,65.0,['Male'],0,0,3,4,4,Dry,Straight,Level,Lowest,No
22407,35,New Mexico,350244,0,2,2,0,4,ALBUQUERQUE,September,5,Tuesday,19,25,Urban,Medium Speed (Collector),No,35.11363056,-106.60407222,Non-Intersection,Dusk,Clear,Unknown,Unknown,Unknown EMS Scene Arrival Hour,Unknown EMS Scene Arrival Minutes,Unknown,Unknown EMS Hospital Arrival Time,1,Twilight,Clear,1,3,['Driver'],['None_Used'],0,0,Valid,0.0,1.0,42.0,26.0,"['Female', 'Female']",0,0,3,4,5,Dry,Straight,Level,Lowest,No
22408,35,New Mexico,350245,0,2,2,0,3,ALBUQUERQUE,September,7,Thursday,1,11,Urban,High Speed (Arterial),No,35.12395556,-106.55092222,Non-Intersection,Dark - Lighted,Clear,Unknown,Unknown,Unknown EMS Scene Arrival Hour,Unknown EMS Scene Arrival Minutes,Not Applicable (Not Transported),Not Applicable (Not Transported),1,Dark - Lighted,Clear,1,2,['Driver'],['None_Used'],1,1,Valid,0.0,1.0,25.0,22.0,"['Male', 'Male']",1,0,5,4,5,Dry,Straight,Level,Lowest,No
22409,35,New Mexico,350246,0,4,4,0,4,GALLUP,September,13,Wednesday,15,58,Rural,High Speed (Arterial),Yes,35.51291111,-108.81091111,Non-Intersection,Daylight,Rain,Unknown,Unknown,Unknown EMS Scene Arrival Hour,Unknown EMS Scene Arrival Minutes,Not Applicable (Not Transported),Not Applicable (Not Transported),1,Daylight,Rain/Wind/Minor,1,3,['Driver'],['Shoulder_Lapbelt'],0,0,Valid,0.0,0.0,59.0,24.0,"['Male', 'Male', 'Male', 'Male']",1,0,4,4,5,Wet/Standing Water,Straight,Level,Lowest,No
22410,35,New Mexico,350247,1,1,1,0,2,ALBUQUERQUE,September,13,Wednesday,19,51,Urban,High Speed (Arterial),No,35.09460278,-106.53276944,Complex/Circle,Dark - Lighted,Clear,Unknown,Unknown,Unknown EMS Scene Arrival Hour,Unknown EMS Scene Arrival Minutes,Not Applicable (Not Transported),Not Applicable (Not Transported),1,Dark - Lighted,Clear,0,2,[],[],0,0,Valid,0.0,1.0,42.0,42.0,['Female'],2,0,2,3,4,Dry,Straight,Level,Lowest,No
22411,35,New Mexico,350248,1,1,1,0,1,ALBUQUERQUE,September,14,Thursday,5,22,Urban,Medium Speed (Collector),No,35.11791944,-106.6453,Non-Intersection,Dark - Not Lighted,Clear,Unknown,Unknown,Unknown EMS Scene Arrival Hour,Unknown EMS Scene Arrival Minutes,Not Applicable (Not Transported),Not Applicable (Not Transported),1,Dark - Unlighted,Clear,0,0,[],[],0,0,Valid,0.0,0.0,43.0,43.0,['Male'],0,0,3,3,4,Dry,Straight,Level,Lowest,No
22412,35,New Mexico,350249,1,1,1,0,1,ALBUQUERQUE,September,14,Thursday,19,30,Urban,High Speed (Arterial),Yes,35.07957778,-106.497125,Non-Intersection,Dusk,Clear,Unknown,Unknown,Unknown EMS Scene Arrival Hour,Unknown EMS Scene Arrival Minutes,Not Applicable (Not Transported),Not Applicable (Not Transported),1,Twilight,Clear,0,1,[],[],0,0,Valid,0.0,0.0,67.0,67.0,['Male'],0,0,3,3,4,Dry,Straight,Level,Lowest,No
22413,35,New Mexico,350250,0,2,2,0,2,ACOMA,September,18,Monday,22,44,Rural,High Speed (Arterial),Yes,35.06855556,-107.68230556,Non-Intersection,Dark - Not Lighted,Clear,Unknown,Unknown,Unknown EMS Scene Arrival Hour,Unknown EMS Scene Arrival Minutes,Not Applicable (Not Transported),Not Applicable (Not Transported),1,Dark - Unlighted,Clear,1,1,['Driver'],['Shoulder_Lapbelt'],0,0,Valid,0.0,0.0,66.0,34.0,"['Male', 'Male']",0,0,4,4,5,Dry,Straight,Level,Lowest,No
22414,35,New Mexico,350251,0,1,1,0,1,NOT APPLICABLE,September,21,Thursday,11,7,Rural,Medium Speed (Collector),No,35.30029167,-104.267825,Non-Intersection,Daylight,Clear,Unknown,Unknown,Unknown EMS Scene Arrival Hour,Unknown EMS Scene Arrival Minutes,Not Applicable (Not Transported),Not Applicable (Not Transported),1,Daylight,Clear,1,0,['Driver'],['None_Used'],0,0,Valid,0.0,0.0,64.0,64.0,['Male'],1,0,5,4,3,Dry,Curve,Level,Lowest,No
22415,35,New Mexico,350252,0,1,1,0,1,NOT APPLICABLE,September,23,Saturday,23,14,Rural,Medium Speed (Collector),No,35.42296944,-106.13492222,Non-Intersection,Dark - Not Lighted,Clear,Unknown,Unknown,Unknown EMS Scene Arrival Hour,Unknown EMS Scene Arrival Minutes,Not Applicable (Not Transported),Not Applicable (Not Transported),1,Dark - Unlighted,Clear,1,0,['Driver'],['None_Used'],1,1,Valid,0.0,0.0,53.0,53.0,['Male'],0,0,5,4,2,Dry,Curve,Grade/Hillcrest,Lowest,No
22416,35,New Mexico,350253,0,1,1,0,1,NOT APPLICABLE,September,24,Sunday,21,41,Rural,High Speed (Arterial),Yes,34.30888333,-108.26206667,Non-Intersection,Dark - Not Lighted,Clear,Unknown,Unknown,Unknown EMS Scene Arrival Hour,Unknown EMS Scene Arrival Minutes,Not Applicable (Not Transported),Not Applicable (Not Transported),1,Dark - Unlighted,Clear,1,0,['Driver'],['None_Used'],0,0,Valid,0.0,0.0,50.0,50.0,['Male'],0,0,5,4,1,Dry,Straight,Level,Lowest,No
22417,35,New Mexico,350254,1,1,1,0,1,ALAMOGORDO,September,23,Saturday,2,27,Urban,Medium Speed (Collector),No,32.89032222,-105.95505,Non-Intersection,Dark - Lighted,Clear,Unknown,Unknown if Notified,Unknown EMS Scene Arrival Hour,Unknown if Arrived,Not Applicable (Not Transported),Not Applicable (Not Transported),1,Dark - Lighted,Clear,0,0,[],[],0,0,Invalid,0.0,0.0,999.0,999.0,['Other'],0,0,1,3,4,Dry,Straight,Level,Lowest,No
22418,35,New Mexico,350255,1,1,1,0,1,ALBUQUERQUE,September,23,Saturday,22,23,Urban,High Speed (Arterial),No,35.08248889,-106.72472222,Complex/Circle,Dark - Lighted,Clear,Unknown,Unknown,Unknown EMS Scene Arrival Hour,Unknown EMS Scene Arrival Minutes,Not Applicable (Not Transported),Not Applicable (Not Transported),1,Dark - Lighted,Clear,0,1,[],[],0,0,Invalid,0.0,0.0,22.0,22.0,['Male'],0,0,3,3,4,Dry,Straight,Level,Lowest,No
22419,35,New Mexico,350256,1,1,1,0,1,CLOVIS,September,27,Wednesday,6,53,Urban,Low Speed (Local),No,34.40287222,-103.18966944,Non-Intersection,Daylight,Clear,Unknown,Unknown,Unknown EMS Scene Arrival Hour,Unknown EMS Scene Arrival Minutes,Unknown,Unknown EMS Hospital Arrival Time,1,Daylight,Clear,0,1,[],[],0,0,Valid,0.0,0.0,61.0,61.0,['Male'],0,0,3,2,4,Dry,Straight,Level,Lowest,No
22420,35,New Mexico,350257,1,1,1,0,1,SANTA FE,September,28,Thursday,20,45,Urban,Medium Speed (Collector),No,35.58809167,-106.05369167,Complex/Circle,Dark - Unknown Lighting,Clear,Unknown,Unknown,Unknown EMS Scene Arrival Hour,Unknown EMS Scene Arrival Minutes,Not Applicable (Not Transported),Not Applicable (Not Transported),1,Dark - Unlighted,Clear,0,1,[],[],0,0,Valid,0.0,0.0,32.0,32.0,['Male'],0,0,3,3,4,Dry,Straight,Level,Lowest,No
22421,35,New Mexico,350258,0,5,5,0,7,NOT APPLICABLE,September,26,Tuesday,17,35,Rural,High Speed (Arterial),Yes,32.20315,-108.24966111,Non-Intersection,Daylight,Clear,Unknown,Unknown,Unknown EMS Scene Arrival Hour,Unknown EMS Scene Arrival Minutes,Unknown,Unknown EMS Hospital Arrival Time,1,Daylight,Clear,1,6,['Driver'],['Shoulder_Lapbelt'],0,0,Valid,0.0,0.0,58.0,26.0,"['Male', 'Male', 'Male', 'Male', 'Male']",0,0,4,4,5,Dry,Straight,Level,Lowest,Yes
22422,35,New Mexico,350259,0,1,1,0,1,ALBUQUERQUE,September,2,Saturday,18,12,Urban,High Speed (Arterial),Yes,35.09881944,-106.57081111,Non-Intersection,Daylight,Clear,Unknown,Unknown,Unknown EMS Scene Arrival Hour,Unknown EMS Scene Arrival Minutes,Unknown,Unknown EMS Hospital Arrival Time,1,Daylight,Clear,1,0,['Driver'],['None_Used'],0,0,Valid,0.0,0.0,35.0,35.0,['Male'],0,0,5,4,2,Dry,Straight,Level,Lowest,No
22423,35,New Mexico,350260,0,1,1,0,1,ROSWELL,September,9,Saturday,22,55,Urban,High Speed (Arterial),No,33.39415833,-104.51695556,Non-Intersection,Dark - Lighted,Clear,Unknown,Unknown,Unknown EMS Scene Arrival Hour,Unknown EMS Scene Arrival Minutes,Not Applicable (Not Transported),Not Applicable (Not Transported),1,Dark - Lighted,Clear,1,0,['Driver'],['Shoulder_Lapbelt'],1,1,Valid,0.0,0.0,31.0,31.0,['Female'],1,0,2,4,3,Dry,Straight,Level,Lowest,No
22424,35,New Mexico,350261,0,1,1,0,1,NOT APPLICABLE,September,14,Thursday,12,21,Rural,Medium Speed (Collector),No,36.04049444,-105.83529444,Non-Intersection,Daylight,Clear,Unknown,Unknown,Unknown EMS Scene Arrival Hour,Unknown EMS Scene Arrival Minutes,Unknown,Unknown EMS Hospital Arrival Time,1,Daylight,Clear,1,0,['Driver'],['None_Used'],0,0,Invalid,0.0,0.0,69.0,69.0,['Male'],1,0,5,4,3,Dry,Straight,Level,Lowest,No
22425,35,New Mexico,350262,1,1,1,0,1,ANTHONY,September,19,Tuesday,22,49,Urban,Medium Speed (Collector),No,32.03301944,-106.60327222,Non-Intersection,Dark - Not Lighted,Clear,Unknown,Unknown if Notified,Unknown EMS Scene Arrival Hour,Unknown if Arrived,Not Applicable (Not Transported),Not Applicable (Not Transported),1,Dark - Unlighted,Clear,0,1,[],[],0,0,Valid,0.0,1.0,31.0,31.0,['Male'],0,0,2,4,4,Dry,Straight,Level,Lowest,No
22426,35,New Mexico,350263,0,2,2,0,4,ALBUQUERQUE,October,1,Sunday,14,9,Urban,Low Speed (Local),No,35.071,-106.57971111,Complex/Circle,Daylight,Clear,Unknown,Unknown,Unknown EMS Scene Arrival Hour,Unknown EMS Scene Arrival Minutes,Unknown,Unknown EMS Hospital Arrival Time,1,Daylight,Clear,1,2,['Front_Passenger'],['Shoulder_Lapbelt'],0,0,Valid,0.0,0.0,999.0,50.0,"['Female', 'Male']",2,0,2,4,5,Dry,Straight,Level,Lowest,No
22427,35,New Mexico,350264,0,1,1,0,1,SANTA ROSA,October,8,Sunday,4,17,Rural,Medium Speed (Collector),No,34.53468889,-104.93755833,Non-Intersection,Dark - Not Lighted,Clear,Unknown,Unknown,Unknown EMS Scene Arrival Hour,Unknown EMS Scene Arrival Minutes,Not Applicable (Not Transported),Not Applicable (Not Transported),1,Dark - Unlighted,Clear,1,0,['Driver'],['Shoulder_Lapbelt'],0,0,Valid,0.0,0.0,61.0,61.0,['Male'],0,0,2,4,3,Dry,Straight,Level,Lowest,No
22428,35,New Mexico,350265,0,3,3,0,8,ALBUQUERQUE,October,8,Sunday,19,19,Urban,Medium Speed (Collector),No,35.12174167,-106.56878889,Simple Junction,Dark - Lighted,Clear,Unknown,Unknown,Unknown EMS Scene Arrival Hour,Unknown EMS Scene Arrival Minutes,Unknown,Unknown EMS Hospital Arrival Time,2,Dark - Lighted,Clear,2,6,"['Driver', 'Driver']","['Shoulder_Lapbelt', 'Shoulder_Lapbelt']",0,0,Valid,0.0,0.0,42.0,24.0,"['Female', 'Male', 'Male']",5,0,2,4,5,Dry,Straight,Level,Lowest,No
22429,35,New Mexico,350266,0,1,1,0,1,NOT APPLICABLE,October,15,Sunday,12,48,Rural,Medium Speed (Collector),No,34.40616389,-106.48269722,Non-Intersection,Daylight,Clear,Unknown,Unknown,Unknown EMS Scene Arrival Hour,Unknown EMS Scene Arrival Minutes,Not Applicable (Not Transported),Not Applicable (Not Transported),1,Daylight,Clear,1,0,['Driver'],['None_Used'],0,0,Valid,0.0,0.0,49.0,49.0,['Male'],1,0,5,4,3,Dry,Curve,Grade/Hillcrest,Lowest,No
22430,35,New Mexico,350267,0,1,1,0,1,NOT APPLICABLE,October,12,Thursday,9,3,Rural,Low Speed (Local),No,32.94532778,-105.84216667,Non-Intersection,Daylight,Clear,Unknown,Unknown,Unknown EMS Scene Arrival Hour,Unknown EMS Scene Arrival Minutes,Not Applicable (Not Transported),Not Applicable (Not Transported),1,Daylight,Clear,1,0,['Driver'],['None_Used'],0,0,Valid,0.0,0.0,86.0,86.0,['Male'],1,0,2,4,3,Dry,Curve,Grade/Hillcrest,Lowest,No
22431,35,New Mexico,350268,0,1,1,0,1,NOT APPLICABLE,October,14,Saturday,16,58,Rural,High Speed (Arterial),Yes,33.894075,-105.82018333,Non-Intersection,Daylight,Clear,Unknown,Unknown,Unknown EMS Scene Arrival Hour,Unknown EMS Scene Arrival Minutes,Not Applicable (Not Transported),Not Applicable (Not Transported),1,Daylight,Clear,1,0,['Driver'],['None_Used'],1,1,Invalid,0.0,0.0,49.0,49.0,['Male'],0,0,3,4,3,Dry,Straight,Grade/Hillcrest,Lowest,No
22432,35,New Mexico,350269,0,1,1,0,1,LAS CRUCES,October,9,Monday,3,32,Urban,High Speed (Arterial),Yes,32.2997,-106.778625,Non-Intersection,Dark - Lighted,Clear,Unknown,Unknown,Unknown EMS Scene Arrival Hour,Unknown EMS Scene Arrival Minutes,Not Applicable (Not Transported),Not Applicable (Not Transported),1,Dark - Lighted,Clear,1,0,['Driver'],['None_Used'],1,1,Valid,0.0,5.0,24.0,24.0,['Male'],0,0,5,4,3,Dry,Curve,Level,Lowest,No
22433,35,New Mexico,350270,1,1,1,0,3,LAS CRUCES,October,18,Wednesday,3,13,Urban,High Speed (Arterial),Yes,32.34493056,-106.76762222,Non-Intersection,Dark - Not Lighted,Clear,Unknown,Unknown,Unknown EMS Scene Arrival Hour,Unknown EMS Scene Arrival Minutes,Not Applicable (Not Transported),Not Applicable (Not Transported),1,Dark - Unlighted,Clear,0,3,[],[],0,0,Valid,0.0,0.0,25.0,25.0,['Male'],0,0,3,4,4,Dry,Straight,Level,Lowest,No
22434,35,New Mexico,350271,0,1,1,0,1,NOT APPLICABLE,October,18,Wednesday,3,12,Rural,High Speed (Arterial),Yes,35.223075,-107.93792778,Non-Intersection,Dark - Not Lighted,Clear,Unknown,Unknown,Unknown EMS Scene Arrival Hour,Unknown EMS Scene Arrival Minutes,Not Applicable (Not Transported),Not Applicable (Not Transported),1,Dark - Unlighted,Clear,1,0,['Driver'],['Shoulder_Lapbelt'],0,0,Valid,0.0,0.0,66.0,66.0,['Male'],0,0,3,4,3,Dry,Straight,Level,Lowest,No
22435,35,New Mexico,350272,0,2,2,0,2,ROSWELL,October,16,Monday,15,57,Rural,High Speed (Arterial),Yes,33.33282222,-104.54158056,Complex/Circle,Daylight,Clear,Unknown,Unknown,Unknown EMS Scene Arrival Hour,Unknown EMS Scene Arrival Minutes,Unknown,Unknown EMS Hospital Arrival Time,1,Daylight,Clear,1,1,['Driver'],['None_Used'],0,0,Valid,0.0,0.0,57.0,56.0,"['Male', 'Male']",1,0,4,4,5,Dry,Straight,Level,Lowest,No
22436,35,New Mexico,350273,0,1,1,0,2,NOT APPLICABLE,October,17,Tuesday,3,42,Rural,High Speed (Arterial),Yes,35.03311111,-106.11480278,Non-Intersection,Dark - Not Lighted,Clear,Unknown,Unknown,Unknown EMS Scene Arrival Hour,Unknown EMS Scene Arrival Minutes,Unknown,Unknown EMS Hospital Arrival Time,1,Dark - Unlighted,Clear,1,1,['Driver'],['Shoulder_Lapbelt'],0,0,Valid,0.0,0.0,33.0,33.0,['Male'],0,0,4,4,3,Dry,Straight,Level,Lowest,No
22437,35,New Mexico,350274,1,1,1,0,1,ALBUQUERQUE,October,6,Friday,23,7,Urban,High Speed (Arterial),No,35.10201944,-106.56866389,Complex/Circle,Dark - Lighted,Clear,Unknown,Unknown,Unknown EMS Scene Arrival Hour,Unknown EMS Scene Arrival Minutes,Not Applicable (Not Transported),Not Applicable (Not Transported),1,Dark - Lighted,Clear,0,1,[],[],0,0,Invalid,0.0,0.0,999.0,999.0,['Other'],0,0,3,3,4,Dry,Straight,Level,Lowest,No
22438,35,New Mexico,350275,1,1,1,0,2,RIO RANCHO,October,24,Tuesday,5,53,Urban,Low Speed (Local),No,35.26378889,-106.657725,Simple Junction,Dark - Not Lighted,Clear,Unknown,Unknown,Unknown EMS Scene Arrival Hour,Unknown EMS Scene Arrival Minutes,Not Applicable (Not Transported),Not Applicable (Not Transported),1,Dark - Unlighted,Clear,0,2,[],[],0,0,Valid,0.0,0.0,50.0,50.0,['Male'],0,0,3,3,4,Dry,Curve,Grade/Hillcrest,Lowest,No
22439,35,New Mexico,350276,1,2,2,0,3,RIO RANCHO,October,24,Tuesday,22,9,Urban,High Speed (Arterial),Yes,35.24126944,-106.65570556,Complex/Circle,Dark - Lighted,Clear,Unknown,Unknown,Unknown EMS Scene Arrival Hour,Unknown EMS Scene Arrival Minutes,Not Applicable (Not Transported),Not Applicable (Not Transported),1,Dark - Lighted,Clear,0,3,[],[],0,0,Valid,0.0,0.0,61.0,45.0,"['Male', 'Female']",0,0,3,2,4,Dry,Straight,Level,Lowest,No
22440,35,New Mexico,350277,0,2,2,0,2,LUMBERTON,October,25,Wednesday,10,48,Rural,Medium Speed (Collector),No,36.93332778,-106.95391389,Non-Intersection,Daylight,Clear,Unknown,Unknown,Unknown EMS Scene Arrival Hour,Unknown EMS Scene Arrival Minutes,Unknown,Unknown EMS Hospital Arrival Time,1,Daylight,Clear,1,1,['Driver'],['Shoulder_Lapbelt'],0,0,Valid,0.0,0.0,83.0,61.0,"['Male', 'Male']",0,0,4,4,5,Dry,Straight,Level,Lowest,No
22441,35,New Mexico,350278,0,2,2,0,4,NOT APPLICABLE,October,27,Friday,5,58,Rural,Medium Speed (Collector),No,32.94405278,-103.49526111,Non-Intersection,Dark - Not Lighted,Clear,Unknown,Unknown,Unknown EMS Scene Arrival Hour,Unknown EMS Scene Arrival Minutes,Unknown,Unknown EMS Hospital Arrival Time,3,Dark - Unlighted,Clear,3,1,"['Driver', 'Front_Passenger', 'Driver']","['Shoulder_Lapbelt', 'Shoulder_Lapbelt', 'None_Used']",0,0,Valid,0.0,1.0,74.0,24.0,"['Male', 'Male']",0,0,3,4,5,Dry,Straight,Level,Lowest,No
22442,35,New Mexico,350279,0,1,1,0,1,TUCUMCARI,October,27,Friday,20,33,Rural,High Speed (Arterial),Yes,35.12315833,-103.9238,Non-Intersection,Dark - Not Lighted,Clear,Unknown,Unknown,Unknown EMS Scene Arrival Hour,Unknown EMS Scene Arrival Minutes,Not Applicable (Not Transported),Not Applicable (Not Transported),1,Dark - Unlighted,Clear,1,0,['Driver'],['Shoulder_Lapbelt'],0,0,Valid,0.0,0.0,41.0,41.0,['Male'],0,0,4,4,3,Dry,Straight,Level,Lowest,No
22443,35,New Mexico,350280,0,2,2,0,2,NOT APPLICABLE,October,24,Tuesday,15,10,Rural,Medium Speed (Collector),No,34.60205,-106.06160278,Simple Junction,Daylight,Clear,Unknown,Unknown,Unknown EMS Scene Arrival Hour,Unknown EMS Scene Arrival Minutes,Not Applicable (Not Transported),Not Applicable (Not Transported),1,Daylight,Clear,1,1,['Driver'],['None_Used'],0,0,Invalid,0.0,1.0,68.0,34.0,"['Male', 'Female']",0,0,4,4,5,Dry,Straight,Level,Lowest,No
22444,35,New Mexico,350281,1,1,1,0,1,NOT APPLICABLE,October,28,Saturday,20,20,Rural,Medium Speed (Collector),No,36.108125,-106.15255833,Non-Intersection,Dark - Not Lighted,Clear,Unknown,Unknown,Unknown EMS Scene Arrival Hour,Unknown EMS Scene Arrival Minutes,Not Applicable (Not Transported),Not Applicable (Not Transported),1,Dark - Unlighted,Clear,0,1,[],[],0,0,Valid,0.0,0.0,17.0,17.0,['Male'],0,0,3,4,1,Dry,Straight,Level,Lowest,No
22445,35,New Mexico,350282,0,1,1,0,1,NOT APPLICABLE,October,31,Tuesday,17,37,Rural,Medium Speed (Collector),No,34.94563611,-107.15715278,Non-Intersection,Daylight,Clear,Unknown,Unknown,Unknown EMS Scene Arrival Hour,Unknown EMS Scene Arrival Minutes,Not Applicable (Not Transported),Not Applicable (Not Transported),1,Daylight,Clear,1,0,['Driver'],['None_Used'],0,0,Valid,0.0,0.0,20.0,20.0,['Male'],1,0,3,4,3,Dry,Straight,Level,Lowest,No
22446,35,New Mexico,350283,1,1,1,0,1,ALCALDE,October,2,Monday,20,9,Urban,High Speed (Arterial),No,36.09942778,-106.04069444,Non-Intersection,Dark - Not Lighted,Clear,Unknown,Unknown,Unknown EMS Scene Arrival Hour,Unknown EMS Scene Arrival Minutes,Not Applicable (Not Transported),Not Applicable (Not Transported),1,Dark - Unlighted,Clear,0,1,[],[],0,0,Valid,0.0,0.0,48.0,48.0,['Male'],0,0,2,3,4,Dry,Straight,Level,Lowest,No
22447,35,New Mexico,350284,0,3,3,0,6,ALBUQUERQUE,October,2,Monday,15,22,Urban,High Speed (Arterial),No,35.07179167,-106.53243889,Complex/Circle,Daylight,Clear,Unknown,Unknown,Unknown EMS Scene Arrival Hour,Unknown EMS Scene Arrival Minutes,Unknown,Unknown EMS Hospital Arrival Time,1,Daylight,Clear,1,5,['Driver'],['Shoulder_Lapbelt'],1,1,Valid,0.0,0.0,54.0,19.0,"['Male', 'Female', 'Female']",0,0,3,4,5,Dry,Straight,Level,Lowest,No
22448,35,New Mexico,350285,1,3,3,0,4,GARFIELD,October,7,Saturday,2,29,Rural,High Speed (Arterial),Yes,32.701725,-107.19057778,Non-Intersection,Dark - Not Lighted,Clear,Unknown,Unknown if Notified,Unknown EMS Scene Arrival Hour,Unknown if Arrived,Not Applicable (Not Transported),Not Applicable (Not Transported),1,Dark - Unlighted,Clear,0,3,[],[],0,0,Invalid,0.0,0.0,999.0,41.0,"['Other', 'Male', 'Male']",0,0,3,3,4,Dry,Straight,Level,Lowest,No