,State_Code,State_Name,Crash_ID,Count_Non_Motorists,Count_Vehicles_Total,Count_Vehicle_Forms,Count_PVH_Involved,Count_Occupants_MV,City_Name,Month_Name,Day_of_Month,Day_of_Week,Crash_Hour,Crash_Minute,Area_Rural_Urban,Road_Functional_Class,On_NHS_Road,Latitude,Longitude,Intersection_Type,Light_Condition,Weather_Condition,Notif_Hour,Notif_Minute,Arrival_Hour,Arrival_Minute,Hospital_Hour,Hospital_Minute,Fatalities_Count,Clean_Light_Condition,Clean_Weather_Condition,Total_Killed,Total_Alive,Fatal_Seats_List,Killed_Restraint_List,Any_Driver_Drinking,Total_Drinking_Drivers,Driver_License_Category,Driver_Max_Prev_Accident_Count,Driver_Max_Prev_Speeding_Count,Max_Driver_Age,Min_Driver_Age,Driver_Sex_List,Total_Exceeding_Limit_Vehicles,Total_Too_Fast_Vehicles,Max_Vehicle_Type_Severity_5,Max_Vehicle_Damage_Rank,Max_Harmful_Event_Severity,Crash_Road_Surface_Condition,Crash_Horizontal_Alignment,Crash_Vertical_Profile,Crash_Impairment_Category,Crash_Vehicle_Defect
22449,35,New Mexico,350286,0,1,1,0,2,NOT APPLICABLE,October,10,Tuesday,13,31,Rural,High Speed (Arterial),Yes,35.07568611,-107.75878889,Non-Intersection,Daylight,Clear,Unknown,Unknown,Unknown EMS Scene Arrival Hour,Unknown EMS Scene Arrival Minutes,Unknown,Unknown EMS Hospital Arrival Time,1,Daylight,Clear,1,1,['Driver'],['Shoulder_Lapbelt'],0,0,Valid,0.0,0.0,65.0,65.0,['Male'],0,0,4,4,3,Dry,Straight,Level,Lowest,No
22450,35,New Mexico,350287,0,6,6,0,8,NOT APPLICABLE,October,12,Thursday,18,0,Rural,High Speed (Arterial),Yes,35.02665278,-107.42479167,Non-Intersection,Daylight,Clear,Unknown,Unknown,Unknown EMS Scene Arrival Hour,Unknown EMS Scene Arrival Minutes,Unknown,Unknown EMS Hospital Arrival Time,1,Daylight,Clear,1,7,['Driver'],['Shoulder_Lapbelt'],0,0,Valid,0.0,0.0,76.0,43.0,"['Male', 'Female', 'Male', 'Male', 'Male', 'Male']",2,0,4,4,5,Dry,Straight,Level,Lowest,No
22451,35,New Mexico,350288,1,1,1,0,1,ALBUQUERQUE,October,14,Saturday,5,28,Urban,High Speed (Arterial),No,35.066575,-106.76926667,Non-Intersection,Dark - Not Lighted,Clear,Not Applicable (Not Notified),Not Applicable (Not Notified),Not Applicable,Not Applicable,Not Applicable (Not Transported),Not Applicable (Not Transported),1,Dark - Unlighted,Clear,0,1,[],[],0,0,Valid,0.0,0.0,47.0,47.0,['Male'],0,0,4,2,4,Dry,Straight,Grade/Hillcrest,Lowest,No
22452,35,New Mexico,350289,1,1,1,0,1,ALBUQUERQUE,October,10,Tuesday,20,27,Urban,High Speed (Arterial),No,35.07484167,-106.558275,Complex/Circle,Dark - Lighted,Clear,Unknown,Unknown if Notified,Unknown EMS Scene Arrival Hour,Unknown if Arrived,Not Applicable (Not Transported),Not Applicable (Not Transported),1,Dark - Lighted,Clear,0,0,[],[],0,0,Invalid,0.0,0.0,999.0,999.0,['Other'],0,0,2,2,4,Dry,Straight,Level,Lowest,No
22453,35,New Mexico,350290,0,2,2,0,4,NOT APPLICABLE,October,19,Thursday,18,13,Rural,High Speed (Arterial),Yes,35.96288056,-108.65201111,Non-Intersection,Dusk,Clear,Unknown,Unknown,Unknown EMS Scene Arrival Hour,Unknown EMS Scene Arrival Minutes,Unknown,Unknown EMS Hospital Arrival Time,2,Twilight,Clear,2,2,"['Driver', 'Rear_Seat']","['None_Used', 'Child_Safety']",0,0,Valid,0.0,1.0,64.0,23.0,"['Male', 'Male']",2,0,4,4,5,Dry,Straight,Level,Lowest,No
22454,35,New Mexico,350291,1,1,1,0,2,ALBUQUERQUE,October,27,Friday,21,50,Urban,Medium Speed (Collector),No,35.08003333,-106.53561944,Non-Intersection,Dark - Not Lighted,Clear,Unknown,Unknown,Unknown EMS Scene Arrival Hour,Unknown EMS Scene Arrival Minutes,Not Applicable (Not Transported),Not Applicable (Not Transported),1,Dark - Unlighted,Clear,0,2,[],[],0,0,Valid,0.0,0.0,18.0,18.0,['Male'],0,0,3,3,4,Dry,Straight,Level,Lowest,No
22455,35,New Mexico,350292,0,1,1,0,2,SANTA FE,October,23,Monday,13,13,Rural,High Speed (Arterial),Yes,35.59852222,-105.90810556,Non-Intersection,Daylight,Cloudy,Unknown,Unknown,Unknown EMS Scene Arrival Hour,Unknown EMS Scene Arrival Minutes,Unknown,Unknown EMS Hospital Arrival Time,1,Daylight,Reduced Visibility,1,1,['Front_Passenger'],['Shoulder_Lapbelt'],0,0,Valid,0.0,0.0,37.0,37.0,['Male'],0,0,3,4,3,Dry,Straight,Level,Lowest,No
22456,35,New Mexico,350293,0,2,2,0,2,ALBUQUERQUE,October,22,Sunday,10,15,Urban,High Speed (Arterial),Yes,35.07911667,-106.40838333,Non-Intersection,Daylight,Clear,Unknown,Unknown,Unknown EMS Scene Arrival Hour,Unknown EMS Scene Arrival Minutes,Not Applicable (Not Transported),Not Applicable (Not Transported),1,Daylight,Clear,1,1,['Driver'],['None_Used'],1,1,Invalid,0.0,0.0,36.0,30.0,"['Male', 'Male']",1,0,4,4,5,Dry,Curve,Level,Lowest,Yes
22457,35,New Mexico,350294,1,1,1,0,1,ALBUQUERQUE,October,27,Friday,10,48,Urban,High Speed (Arterial),Yes,34.98169444,-106.651475,Non-Intersection,Daylight,Clear,Unknown,Unknown if Notified,Unknown EMS Scene Arrival Hour,Unknown if Arrived,Not Applicable (Not Transported),Not Applicable (Not Transported),1,Daylight,Clear,0,1,[],[],0,0,Invalid,0.0,0.0,999.0,999.0,['Other'],0,0,1,3,4,Dry,Straight,Grade/Hillcrest,Lowest,No
22458,35,New Mexico,350295,0,1,1,0,1,NOT APPLICABLE,October,1,Sunday,1,40,Urban,Medium Speed (Collector),No,32.26888333,-106.83063333,Non-Intersection,Dark - Not Lighted,Clear,Unknown,Unknown if Notified,Unknown EMS Scene Arrival Hour,Unknown if Arrived,Not Applicable (Not Transported),Not Applicable (Not Transported),1,Dark - Unlighted,Clear,1,0,['Driver'],['None_Used'],1,1,Valid,0.0,0.0,31.0,31.0,['Male'],1,0,3,4,3,Dry,Straight,Level,Lowest,No
22459,35,New Mexico,350296,0,1,1,0,1,NOT APPLICABLE,October,22,Sunday,11,0,Rural,Medium Speed (Collector),No,32.97658889,-105.72323889,Non-Intersection,Daylight,Clear,Unknown,Unknown,Unknown EMS Scene Arrival Hour,Unknown EMS Scene Arrival Minutes,Not Applicable (Not Transported),Not Applicable (Not Transported),1,Daylight,Clear,1,0,['Driver'],['None_Used'],0,0,Valid,0.0,0.0,20.0,20.0,['Male'],1,0,5,4,2,Dry,Curve,Grade/Hillcrest,Lowest,No
22460,35,New Mexico,350297,1,1,1,0,2,SOCORRO,October,11,Wednesday,20,52,Rural,High Speed (Arterial),Yes,34.02854167,-106.89266667,Non-Intersection,Dark - Not Lighted,Clear,Unknown,Unknown,Unknown EMS Scene Arrival Hour,Unknown EMS Scene Arrival Minutes,Not Applicable (Not Transported),Not Applicable (Not Transported),1,Dark - Unlighted,Clear,0,2,[],[],0,0,Valid,0.0,0.0,62.0,62.0,['Male'],0,0,3,3,4,Dry,Straight,Level,Lowest,No
22461,35,New Mexico,350298,0,2,2,0,3,EDGEWOOD,July,24,Monday,11,0,Rural,Medium Speed (Collector),No,35.09200278,-106.19149167,Simple Junction,Daylight,Clear,Unknown,Unknown,Unknown EMS Scene Arrival Hour,Unknown EMS Scene Arrival Minutes,Unknown,Unknown EMS Hospital Arrival Time,1,Daylight,Clear,1,2,['Driver'],['Shoulder_Lapbelt'],0,0,Valid,0.0,0.0,78.0,30.0,"['Female', 'Female']",0,0,4,4,5,Dry,Straight,Level,Lowest,No
22462,35,New Mexico,350299,0,2,2,0,2,RIO RANCHO,August,9,Wednesday,14,17,Urban,High Speed (Arterial),No,35.24159444,-106.68357222,Non-Intersection,Daylight,Clear,Unknown,Unknown,Unknown EMS Scene Arrival Hour,Unknown EMS Scene Arrival Minutes,Unknown,Unknown EMS Hospital Arrival Time,1,Daylight,Clear,1,1,['Driver'],['None_Used'],0,0,Invalid,0.0,1.0,31.0,21.0,"['Male', 'Male']",0,0,3,4,5,Dry,Straight,Level,Lowest,No
22463,35,New Mexico,350300,0,2,2,0,2,CARRIZOZO,August,17,Thursday,21,45,Rural,Medium Speed (Collector),No,33.74760833,-106.03190278,Non-Intersection,Dark - Unknown Lighting,Clear,Unknown,Unknown,Unknown EMS Scene Arrival Hour,Unknown EMS Scene Arrival Minutes,Unknown,Unknown EMS Hospital Arrival Time,1,Dark - Unlighted,Clear,1,1,['Driver'],['None_Used'],1,1,Invalid,0.0,1.0,53.0,42.0,"['Female', 'Male']",0,0,5,4,5,Dry,Straight,Level,Lowest,No
22464,35,New Mexico,350301,0,1,1,0,1,CERRO,September,6,Wednesday,16,17,Rural,Medium Speed (Collector),No,36.76156667,-105.624875,Non-Intersection,Daylight,Clear,Unknown,Unknown,Unknown EMS Scene Arrival Hour,Unknown EMS Scene Arrival Minutes,Not Applicable (Not Transported),Not Applicable (Not Transported),1,Daylight,Clear,1,0,['Driver'],['None_Used'],1,1,Valid,0.0,0.0,55.0,55.0,['Male'],1,0,3,4,3,Dry,Straight,Level,Lowest,No
22465,35,New Mexico,350302,0,1,1,0,1,MEDANALES,September,15,Friday,13,32,Rural,Medium Speed (Collector),No,36.17516944,-106.209175,Non-Intersection,Daylight,Rain,Unknown,Unknown,Unknown EMS Scene Arrival Hour,Unknown EMS Scene Arrival Minutes,Not Applicable (Not Transported),Not Applicable (Not Transported),1,Daylight,Rain/Wind/Minor,1,0,['Driver'],['None_Used'],0,0,Valid,0.0,0.0,60.0,60.0,['Female'],0,0,3,4,3,Wet/Standing Water,Straight,Level,Lowest,No
22466,35,New Mexico,350303,0,2,2,0,2,NOT APPLICABLE,September,14,Thursday,7,14,Rural,High Speed (Arterial),Yes,32.47239167,-104.28478056,Simple Junction,Daylight,"Fog, Smog, Smoke",Unknown,Unknown,Unknown EMS Scene Arrival Hour,Unknown EMS Scene Arrival Minutes,Unknown,Unknown EMS Hospital Arrival Time,1,Daylight,Reduced Visibility,1,1,['Driver'],['None_Used'],0,0,Invalid,0.0,1.0,51.0,32.0,"['Female', 'Female']",0,0,4,4,5,Dry,Straight,Level,Lowest,No
22467,35,New Mexico,350304,1,1,1,0,1,ALBUQUERQUE,September,25,Monday,22,35,Urban,High Speed (Arterial),Yes,34.98248611,-106.65130556,Non-Intersection,Dark - Not Lighted,Clear,Unknown,Unknown,Unknown EMS Scene Arrival Hour,Unknown EMS Scene Arrival Minutes,Not Applicable (Not Transported),Not Applicable (Not Transported),1,Dark - Unlighted,Clear,0,0,[],[],0,0,Invalid,0.0,0.0,999.0,999.0,['Other'],0,0,1,0,4,Dry,Straight,Level,Lowest,No
22468,35,New Mexico,350305,0,2,2,0,2,ESCABOSA,September,28,Thursday,4,58,Rural,Medium Speed (Collector),No,34.92499722,-106.29053889,Non-Intersection,Dark - Not Lighted,Clear,Unknown,Unknown,Unknown EMS Scene Arrival Hour,Unknown EMS Scene Arrival Minutes,Not Applicable (Not Transported),Not Applicable (Not Transported),1,Dark - Unlighted,Clear,1,1,['Driver'],['None_Used'],1,1,Valid,0.0,0.0,53.0,46.0,"['Male', 'Male']",1,0,3,4,5,Dry,Curve,Level,Lowest,No
22469,35,New Mexico,350306,0,2,2,0,2,ALBUQUERQUE,August,29,Tuesday,23,25,Urban,Medium Speed (Collector),No,35.099075,-106.63763056,Non-Intersection,Dark - Lighted,Clear,Unknown,Unknown,Unknown EMS Scene Arrival Hour,Unknown EMS Scene Arrival Minutes,Unknown,Unknown EMS Hospital Arrival Time,1,Dark - Lighted,Clear,1,1,['Driver'],['None_Used'],0,0,Valid,0.0,0.0,37.0,20.0,"['Male', 'Male']",0,0,5,4,5,Dry,Straight,Grade/Hillcrest,Lowest,No
22470,35,New Mexico,350307,0,1,1,0,2,NOT APPLICABLE,November,2,Thursday,11,12,Rural,High Speed (Arterial),Yes,33.20940556,-105.70843056,Non-Intersection,Daylight,Clear,Unknown,Unknown,Unknown EMS Scene Arrival Hour,Unknown EMS Scene Arrival Minutes,Unknown,Unknown EMS Hospital Arrival Time,1,Daylight,Clear,1,1,['Front_Passenger'],['Shoulder_Lapbelt'],0,0,Valid,0.0,0.0,77.0,77.0,['Male'],0,0,3,4,3,Dry,Straight,Grade/Hillcrest,Lowest,No
22471,35,New Mexico,350308,0,2,2,0,3,CLOVIS,November,4,Saturday,18,17,Urban,Medium Speed (Collector),No,34.40683056,-103.24934444,Simple Junction,Dusk,Clear,Unknown,Unknown,Unknown EMS Scene Arrival Hour,Unknown EMS Scene Arrival Minutes,Not Applicable (Not Transported),Not Applicable (Not Transported),1,Twilight,Clear,1,2,['Driver'],['None_Used'],1,1,Valid,0.0,1.0,42.0,29.0,"['Male', 'Male']",0,0,5,4,5,Dry,Straight,Level,Lowest,No
22472,35,New Mexico,350309,1,1,1,0,1,ALBUQUERQUE,November,5,Sunday,1,6,Urban,High Speed (Arterial),Yes,35.10077222,-106.57630556,Non-Intersection,Dark - Lighted,Clear,Unknown,Unknown,Unknown EMS Scene Arrival Hour,Unknown EMS Scene Arrival Minutes,Not Applicable (Not Transported),Not Applicable (Not Transported),1,Dark - Lighted,Clear,0,0,[],[],0,0,Invalid,0.0,0.0,999.0,999.0,['Other'],0,0,1,0,4,Dry,Straight,Level,Lowest,No
22473,35,New Mexico,350310,2,1,1,0,1,EUNICE,November,5,Sunday,23,48,Rural,Medium Speed (Collector),No,32.43538889,-103.14408056,Non-Intersection,Dark - Not Lighted,Clear,Unknown,Unknown,Unknown EMS Scene Arrival Hour,Unknown EMS Scene Arrival Minutes,Unknown,Unknown EMS Hospital Arrival Time,1,Dark - Unlighted,Clear,0,1,[],[],0,0,Valid,0.0,1.0,20.0,20.0,['Male'],0,0,3,3,4,Dry,Straight,Grade/Hillcrest,Lowest,No
22474,35,New Mexico,350311,0,1,1,0,2,NOT APPLICABLE,November,5,Sunday,8,2,Rural,High Speed (Arterial),Yes,35.93648611,-104.79104444,Non-Intersection,Daylight,Clear,Unknown,Unknown,Unknown EMS Scene Arrival Hour,Unknown EMS Scene Arrival Minutes,Unknown,Unknown EMS Hospital Arrival Time,1,Daylight,Clear,1,1,['Driver'],['Shoulder_Only'],0,0,Valid,0.0,0.0,63.0,63.0,['Male'],0,0,3,4,3,Dry,Straight,Level,Lowest,Yes
22475,35,New Mexico,350312,0,2,2,0,4,NOT APPLICABLE,November,11,Saturday,11,51,Rural,Medium Speed (Collector),No,32.18793889,-107.75116389,Non-Intersection,Daylight,Clear,Unknown,Unknown,Unknown EMS Scene Arrival Hour,Unknown EMS Scene Arrival Minutes,Unknown,Unknown EMS Hospital Arrival Time,1,Daylight,Clear,1,3,['Rear_Seat'],['Child_Safety'],0,0,Valid,0.0,0.0,31.0,18.0,"['Male', 'Female']",2,0,3,4,5,Dry,Straight,Level,Lowest,No
22476,35,New Mexico,350313,0,1,1,0,1,NOT APPLICABLE,November,11,Saturday,17,0,Rural,High Speed (Arterial),Yes,34.31471667,-108.42941111,Non-Intersection,Daylight,Clear,Unknown,Unknown,Unknown EMS Scene Arrival Hour,Unknown EMS Scene Arrival Minutes,Not Applicable (Not Transported),Not Applicable (Not Transported),1,Daylight,Clear,1,0,['Driver'],['None_Used'],0,0,Valid,0.0,0.0,54.0,54.0,['Male'],0,0,3,4,3,Dry,Straight,Level,Lowest,No
22477,35,New Mexico,350314,0,2,2,0,2,AZTEC,November,8,Wednesday,10,50,Urban,High Speed (Arterial),Yes,36.80775,-108.00003611,Non-Intersection,Daylight,Clear,Unknown,Unknown,Unknown EMS Scene Arrival Hour,Unknown EMS Scene Arrival Minutes,Unknown,Unknown EMS Hospital Arrival Time,1,Daylight,Clear,1,1,['Driver'],['None_Used'],0,0,Valid,0.0,1.0,77.0,40.0,"['Female', 'Male']",1,0,3,4,5,Dry,Curve,Level,Lowest,No
22478,35,New Mexico,350315,1,1,1,0,1,KIRTLAND,November,18,Saturday,19,5,Urban,High Speed (Arterial),Yes,36.74456667,-108.36435556,Non-Intersection,Dark - Lighted,Cloudy,Unknown,Unknown,Unknown EMS Scene Arrival Hour,Unknown EMS Scene Arrival Minutes,Not Applicable (Not Transported),Not Applicable (Not Transported),1,Dark - Lighted,Reduced Visibility,0,1,[],[],0,0,Invalid,0.0,0.0,40.0,40.0,['Male'],0,0,3,2,4,Dry,Straight,Level,Lowest,No
22479,35,New Mexico,350316,0,1,1,0,2,NOT APPLICABLE,November,18,Saturday,17,40,Rural,Low Speed (Local),No,32.66645278,-104.9363,Non-Intersection,Dark - Not Lighted,Clear,Unknown,Unknown,Unknown EMS Scene Arrival Hour,Unknown EMS Scene Arrival Minutes,Unknown,Unknown EMS Hospital Arrival Time,1,Dark - Unlighted,Clear,1,1,['Driver'],['None_Used'],0,0,Valid,0.0,0.0,57.0,57.0,['Male'],2,0,3,4,3,Dry,Curve,Level,Lowest,No
22480,35,New Mexico,350317,0,1,1,0,4,LAS CRUCES,November,18,Saturday,0,3,Urban,Medium Speed (Collector),No,32.3093,-106.75333611,Non-Intersection,Dark - Lighted,Clear,Unknown,Unknown if Notified,Unknown EMS Scene Arrival Hour,Unknown if Arrived,Not Applicable (Not Transported),Not Applicable (Not Transported),1,Dark - Lighted,Clear,1,3,['Front_Passenger'],['None_Used'],0,0,Invalid,0.0,0.0,16.0,16.0,['Male'],4,0,3,4,3,Dry,Straight,Level,Lowest,No
22481,35,New Mexico,350318,1,1,1,0,1,LAS CRUCES,November,15,Wednesday,18,5,Urban,High Speed (Arterial),Yes,32.31369444,-106.79471389,Non-Intersection,Dark - Lighted,Clear,Unknown,Unknown,Unknown EMS Scene Arrival Hour,Unknown EMS Scene Arrival Minutes,Unknown,Unknown EMS Hospital Arrival Time,1,Dark - Lighted,Clear,0,1,[],[],0,0,Valid,0.0,0.0,57.0,57.0,['Male'],0,0,3,2,4,Dry,Straight,Level,Lowest,No
22482,35,New Mexico,350319,0,2,2,0,2,NOT APPLICABLE,November,29,Wednesday,7,10,Rural,High Speed (Arterial),Yes,35.00395833,-105.58653056,Non-Intersection,Daylight,Clear,Unknown,Unknown,Unknown EMS Scene Arrival Hour,Unknown EMS Scene Arrival Minutes,Unknown,Unknown EMS Hospital Arrival Time,1,Daylight,Clear,1,1,['Driver'],['Shoulder_Lapbelt'],0,0,Valid,0.0,0.0,73.0,36.0,"['Male', 'Male']",0,0,4,4,5,Dry,Straight,Grade/Hillcrest,Lowest,No
22483,35,New Mexico,350320,1,1,1,0,1,NOT APPLICABLE,November,23,Thursday,17,20,Rural,Medium Speed (Collector),No,34.36839444,-103.21435,Non-Intersection,Dusk,Severe Crosswinds,Unknown,Unknown if Notified,Unknown EMS Scene Arrival Hour,Unknown if Arrived,Not Applicable (Not Transported),Not Applicable (Not Transported),1,Twilight,Rain/Wind/Minor,0,1,[],[],0,0,Valid,0.0,0.0,43.0,43.0,['Male'],0,0,2,3,4,Dry,Straight,Level,Lowest,No
22484,35,New Mexico,350321,0,4,4,0,4,DEMING,November,27,Monday,14,38,Urban,Medium Speed (Collector),No,32.25423611,-107.75158333,Complex/Circle,Daylight,Clear,Unknown,Unknown,Unknown EMS Scene Arrival Hour,Unknown EMS Scene Arrival Minutes,Unknown,Unknown EMS Hospital Arrival Time,1,Daylight,Clear,1,3,['Driver'],['Shoulder_Lapbelt'],0,0,Invalid,0.0,0.0,86.0,59.0,"['Female', 'Female', 'Female', 'Male']",1,0,3,4,5,Dry,Straight,Level,Lowest,No
22485,35,New Mexico,350322,0,2,2,0,4,ALBUQUERQUE,November,1,Wednesday,2,18,Urban,High Speed (Arterial),Yes,35.14886944,-106.58980833,Non-Intersection,Dark - Lighted,Clear,Unknown,Unknown,Unknown EMS Scene Arrival Hour,Unknown EMS Scene Arrival Minutes,Unknown,Unknown EMS Hospital Arrival Time,1,Dark - Lighted,Clear,1,3,['Rear_Seat'],['Shoulder_Lapbelt'],1,1,Valid,0.0,0.0,50.0,42.0,"['Male', 'Female']",1,0,3,4,5,Dry,Straight,Level,Lowest,No
22486,35,New Mexico,350323,0,2,2,0,7,ALBUQUERQUE,November,8,Wednesday,19,2,Urban,Medium Speed (Collector),No,35.05725833,-106.82476389,Non-Intersection,Dark - Not Lighted,Clear,Unknown,Unknown,Unknown EMS Scene Arrival Hour,Unknown EMS Scene Arrival Minutes,Unknown,Unknown EMS Hospital Arrival Time,1,Dark - Unlighted,Clear,1,6,['Driver'],['Shoulder_Lapbelt'],0,0,Valid,0.0,0.0,19.0,16.0,"['Female', 'Female']",0,0,2,4,5,Dry,Straight,Level,Lowest,No
22487,35,New Mexico,350324,2,1,1,0,1,MORIARTY,November,9,Thursday,11,59,Rural,High Speed (Arterial),Yes,35.02715556,-106.10236389,Non-Intersection,Daylight,Clear,Unknown,Unknown,Unknown EMS Scene Arrival Hour,Unknown EMS Scene Arrival Minutes,Unknown,Unknown EMS Hospital Arrival Time,2,Daylight,Clear,0,1,[],[],0,0,Valid,0.0,0.0,49.0,49.0,['Male'],0,0,4,4,4,Dry,Straight,Level,Lowest,No
22488,35,New Mexico,350325,0,1,1,0,1,RIO RANCHO,November,12,Sunday,6,16,Urban,Medium Speed (Collector),No,35.28775556,-106.73738611,Non-Intersection,Daylight,Clear,Unknown,Unknown,Unknown EMS Scene Arrival Hour,Unknown EMS Scene Arrival Minutes,Not Applicable (Not Transported),Not Applicable (Not Transported),1,Daylight,Clear,1,0,['Driver'],['None_Used'],0,0,Valid,0.0,1.0,33.0,33.0,['Female'],1,0,3,4,3,Dry,Curve,Grade/Hillcrest,Lowest,No
22489,35,New Mexico,350326,0,1,1,0,1,NOT APPLICABLE,November,4,Saturday,9,27,Rural,Medium Speed (Collector),No,32.06640833,-104.20721111,Non-Intersection,Daylight,Clear,Unknown,Unknown,Unknown EMS Scene Arrival Hour,Unknown EMS Scene Arrival Minutes,Not Applicable (Not Transported),Not Applicable (Not Transported),1,Daylight,Clear,1,0,['Driver'],['None_Used'],0,0,Valid,0.0,0.0,27.0,27.0,['Male'],1,0,4,4,3,Dry,Curve,Level,Lowest,No
22490,35,New Mexico,350327,0,1,1,0,1,NOT APPLICABLE,November,8,Wednesday,6,37,Rural,Medium Speed (Collector),No,34.287675,-105.62497222,Non-Intersection,Daylight,Clear,Unknown,Unknown,Unknown EMS Scene Arrival Hour,Unknown EMS Scene Arrival Minutes,Not Applicable (Not Transported),Not Applicable (Not Transported),1,Daylight,Clear,1,0,['Driver'],['None_Used'],0,0,Valid,0.0,1.0,60.0,60.0,['Male'],1,0,3,4,3,Dry,Curve,Level,Lowest,No
22491,35,New Mexico,350328,0,1,1,0,2,NOT APPLICABLE,November,11,Saturday,23,43,Rural,Medium Speed (Collector),No,35.74156944,-105.915275,Non-Intersection,Dark - Not Lighted,Clear,Unknown,Unknown,Unknown EMS Scene Arrival Hour,Unknown EMS Scene Arrival Minutes,Not Applicable (Not Transported),Not Applicable (Not Transported),1,Dark - Unlighted,Clear,1,1,['Driver'],['Shoulder_Lapbelt'],1,1,Valid,0.0,0.0,22.0,22.0,['Male'],2,0,2,4,3,Dry,Curve,Level,Lowest,No
22492,35,New Mexico,350329,0,1,1,0,2,NOT APPLICABLE,November,10,Friday,17,45,Rural,High Speed (Arterial),Yes,32.32416667,-108.62775,Non-Intersection,Daylight,Clear,Unknown,Unknown,Unknown EMS Scene Arrival Hour,Unknown EMS Scene Arrival Minutes,Unknown,Unknown EMS Hospital Arrival Time,1,Daylight,Clear,1,1,['Front_Passenger'],['Shoulder_Lapbelt'],0,0,Valid,0.0,0.0,30.0,30.0,['Female'],0,0,3,4,3,Dry,Straight,Level,Lowest,No
22493,35,New Mexico,350330,0,2,2,0,2,ALAMOGORDO,November,8,Wednesday,12,9,Urban,High Speed (Arterial),Yes,32.87216667,-105.96511944,Simple Junction,Daylight,Clear,Unknown,Unknown,Unknown EMS Scene Arrival Hour,Unknown EMS Scene Arrival Minutes,Unknown,Unknown EMS Hospital Arrival Time,1,Daylight,Clear,1,1,['Driver'],['None_Used'],1,1,Valid,0.0,0.0,27.0,22.0,"['Male', 'Male']",1,0,5,4,5,Dry,Curve,Level,Lowest,No
22494,35,New Mexico,350331,0,2,2,0,2,ALBUQUERQUE,November,17,Friday,14,18,Urban,High Speed (Arterial),Yes,35.10396944,-106.58715,Non-Intersection,Daylight,Clear,Unknown,Unknown,Unknown EMS Scene Arrival Hour,Unknown EMS Scene Arrival Minutes,Unknown,Unknown EMS Hospital Arrival Time,1,Daylight,Clear,1,1,['Driver'],['None_Used'],0,0,Valid,0.0,0.0,47.0,25.0,"['Male', 'Male']",0,0,5,4,5,Dry,Straight,Level,Lowest,No
22495,35,New Mexico,350332,0,2,2,0,3,ANTHONY,November,25,Saturday,18,14,Urban,Medium Speed (Collector),No,32.05290833,-106.60212222,Simple Junction,Dark - Not Lighted,Clear,Unknown,Unknown,Unknown EMS Scene Arrival Hour,Unknown EMS Scene Arrival Minutes,Unknown,Unknown EMS Hospital Arrival Time,1,Dark - Unlighted,Clear,1,2,['Driver'],['Shoulder_Lapbelt'],0,0,Valid,0.0,0.0,51.0,22.0,"['Female', 'Male']",0,0,3,4,5,Dry,Straight,Level,Lowest,No
22496,35,New Mexico,350333,0,2,2,0,3,NOT APPLICABLE,November,22,Wednesday,9,28,Rural,High Speed (Arterial),Yes,32.20151667,-108.25831944,Non-Intersection,Daylight,Clear,Unknown,Unknown,Unknown EMS Scene Arrival Hour,Unknown EMS Scene Arrival Minutes,Unknown,Unknown EMS Hospital Arrival Time,1,Daylight,Clear,1,2,['Driver'],['None_Used'],0,0,Valid,0.0,0.0,67.0,38.0,"['Female', 'Male']",0,0,4,4,5,Dry,Straight,Level,Lowest,No
22497,35,New Mexico,350334,0,3,3,0,3,NOT APPLICABLE,November,29,Wednesday,18,43,Rural,High Speed (Arterial),Yes,32.37811389,-104.20307222,Complex/Circle,Dark - Not Lighted,Clear,Unknown,Unknown,Unknown EMS Scene Arrival Hour,Unknown EMS Scene Arrival Minutes,Unknown,Unknown EMS Hospital Arrival Time,1,Dark - Unlighted,Clear,1,2,['Driver'],['None_Used'],0,0,Valid,0.0,0.0,44.0,17.0,"['Male', 'Male', 'Male']",2,0,5,4,5,Dry,Straight,Level,Lowest,No
22498,35,New Mexico,350335,0,2,2,0,2,CARLSBAD,November,25,Saturday,6,0,Rural,High Speed (Arterial),Yes,32.43246111,-104.18774722,Non-Intersection,Dark - Not Lighted,Clear,Unknown,Unknown,Unknown EMS Scene Arrival Hour,Unknown EMS Scene Arrival Minutes,Not Applicable (Not Transported),Not Applicable (Not Transported),2,Dark - Unlighted,Clear,2,0,"['Driver', 'Driver']","['None_Used', 'Shoulder_Lapbelt']",0,0,Valid,0.0,0.0,29.0,26.0,"['Male', 'Male']",1,0,3,4,3,Dry,Straight,Level,Lowest,No