,State_Code,State_Name,Crash_ID,Count_Non_Motorists,Count_Vehicles_Total,Count_Vehicle_Forms,Count_PVH_Involved,Count_Occupants_MV,City_Name,Month_Name,Day_of_Month,Day_of_Week,Crash_Hour,Crash_Minute,Area_Rural_Urban,Road_Functional_Class,On_NHS_Road,Latitude,Longitude,Intersection_Type,Light_Condition,Weather_Condition,Notif_Hour,Notif_Minute,Arrival_Hour,Arrival_Minute,Hospital_Hour,Hospital_Minute,Fatalities_Count,Clean_Light_Condition,Clean_Weather_Condition,Total_Killed,Total_Alive,Fatal_Seats_List,Killed_Restraint_List,Any_Driver_Drinking,Total_Drinking_Drivers,Driver_License_Category,Driver_Max_Prev_Accident_Count,Driver_Max_Prev_Speeding_Count,Max_Driver_Age,Min_Driver_Age,Driver_Sex_List,Total_Exceeding_Limit_Vehicles,Total_Too_Fast_Vehicles,Max_Vehicle_Type_Severity_5,Max_Vehicle_Damage_Rank,Max_Harmful_Event_Severity,Crash_Road_Surface_Condition,Crash_Horizontal_Alignment,Crash_Vertical_Profile,Crash_Impairment_Category,Crash_Vehicle_Defect
22499,35,New Mexico,350336,2,1,1,0,1,MENTMORE,December,2,Saturday,0,28,Rural,High Speed (Arterial),Yes,35.4471,-108.95491667,Non-Intersection,Dark - Not Lighted,Snow,Unknown,Unknown,Unknown EMS Scene Arrival Hour,Unknown EMS Scene Arrival Minutes,Unknown,Unknown EMS Hospital Arrival Time,1,Dark - Unlighted,Snow/Ice/Severe,0,1,[],[],0,0,Valid,0.0,0.0,28.0,28.0,['Male'],0,0,4,4,4,Icy/Snowy,Straight,Level,Lowest,No
22500,35,New Mexico,350337,1,1,1,0,1,THOREAU,December,3,Sunday,7,1,Rural,High Speed (Arterial),Yes,35.40976944,-108.28041667,Non-Intersection,Daylight,Clear,Unknown,Unknown,Unknown EMS Scene Arrival Hour,Unknown EMS Scene Arrival Minutes,Not Applicable (Not Transported),Not Applicable (Not Transported),1,Daylight,Clear,0,0,[],[],0,0,Invalid,0.0,0.0,999.0,999.0,['Other'],0,0,1,0,4,Dry,Straight,Level,Lowest,No
22501,35,New Mexico,350338,1,1,1,0,1,LAS CRUCES,December,3,Sunday,17,55,Urban,High Speed (Arterial),Yes,32.31086111,-106.75706111,Non-Intersection,Dark - Lighted,Clear,Unknown,Unknown,Unknown EMS Scene Arrival Hour,Unknown EMS Scene Arrival Minutes,Unknown,Unknown EMS Hospital Arrival Time,1,Dark - Lighted,Clear,0,1,[],[],0,0,Valid,0.0,0.0,58.0,58.0,['Female'],0,0,2,2,4,Dry,Straight,Level,Lowest,No
22502,35,New Mexico,350339,0,2,2,0,3,NOT APPLICABLE,December,9,Saturday,2,48,Rural,High Speed (Arterial),Yes,34.30913889,-104.93869167,Non-Intersection,Dark - Not Lighted,Clear,Unknown,Unknown,Unknown EMS Scene Arrival Hour,Unknown EMS Scene Arrival Minutes,Unknown,Unknown EMS Hospital Arrival Time,1,Dark - Unlighted,Clear,1,2,['Driver'],['None_Used'],0,0,Valid,0.0,0.0,57.0,39.0,"['Female', 'Female']",0,0,2,4,5,Dry,Straight,Level,Lowest,No
22503,35,New Mexico,350340,0,2,2,0,3,NOT APPLICABLE,December,10,Sunday,2,1,Rural,High Speed (Arterial),Yes,35.41212778,-108.99633056,Non-Intersection,Dark - Not Lighted,Clear,Unknown,Unknown,Unknown EMS Scene Arrival Hour,Unknown EMS Scene Arrival Minutes,Unknown,Unknown EMS Hospital Arrival Time,1,Dark - Unlighted,Clear,1,2,['Driver'],['None_Used'],1,1,Valid,0.0,0.0,37.0,31.0,"['Female', 'Male']",0,0,4,4,5,Dry,Straight,Level,Lowest,No
22504,35,New Mexico,350341,0,2,2,0,4,MEDANALES,December,9,Saturday,3,26,Rural,Medium Speed (Collector),No,36.15314167,-106.17783056,Non-Intersection,Dark - Not Lighted,Clear,Unknown,Unknown,Unknown EMS Scene Arrival Hour,Unknown EMS Scene Arrival Minutes,Not Applicable (Not Transported),Not Applicable (Not Transported),4,Dark - Unlighted,Clear,4,0,"['Driver', 'Front_Passenger', 'Driver', 'Front_Passenger']","['Shoulder_Lapbelt', 'Shoulder_Lapbelt', 'Shoulder_Lapbelt', 'Shoulder_Lapbelt']",0,0,Invalid,0.0,0.0,18.0,16.0,"['Male', 'Male']",0,0,3,4,5,Dry,Straight,Level,Lowest,No
22505,35,New Mexico,350342,1,1,1,0,1,ALBUQUERQUE,December,8,Friday,6,20,Urban,High Speed (Arterial),No,35.073925,-106.54964167,Non-Intersection,Dawn,Clear,Unknown,Unknown if Notified,Unknown EMS Scene Arrival Hour,Unknown if Arrived,Not Applicable (Not Transported),Not Applicable (Not Transported),1,Twilight,Clear,0,1,[],[],0,0,Valid,0.0,0.0,65.0,65.0,['Female'],0,0,3,3,4,Dry,Straight,Level,Lowest,No
22506,35,New Mexico,350343,0,1,1,0,1,NOT APPLICABLE,December,13,Wednesday,3,15,Rural,High Speed (Arterial),Yes,34.96893333,-104.80328333,Non-Intersection,Dark - Not Lighted,Clear,Unknown,Unknown if Notified,Unknown EMS Scene Arrival Hour,Unknown if Arrived,Not Applicable (Not Transported),Not Applicable (Not Transported),1,Dark - Unlighted,Clear,1,0,['Driver'],['None_Used'],0,0,Valid,0.0,0.0,38.0,38.0,['Male'],0,0,3,4,3,Dry,Straight,Level,Lowest,No
22507,35,New Mexico,350344,1,1,1,0,1,NOT APPLICABLE,December,16,Saturday,17,42,Rural,High Speed (Arterial),Yes,36.75319444,-108.52539444,Non-Intersection,Dark - Not Lighted,Clear,Unknown,Unknown,Unknown EMS Scene Arrival Hour,Unknown EMS Scene Arrival Minutes,Not Applicable (Not Transported),Not Applicable (Not Transported),1,Dark - Unlighted,Clear,0,1,[],[],0,0,Valid,0.0,0.0,55.0,55.0,['Male'],0,0,4,3,4,Dry,Straight,Level,Lowest,No
22508,35,New Mexico,350345,0,1,1,0,1,LAS CRUCES,December,16,Saturday,22,40,Urban,High Speed (Arterial),Yes,32.32922222,-106.78372222,Non-Intersection,Dark - Lighted,Clear,Unknown,Unknown,Unknown EMS Scene Arrival Hour,Unknown EMS Scene Arrival Minutes,Unknown,Unknown EMS Hospital Arrival Time,1,Dark - Lighted,Clear,1,0,['Driver'],['None_Used'],1,1,Valid,0.0,0.0,42.0,42.0,['Male'],1,0,5,4,2,Dry,Curve,Level,Lowest,No
22509,35,New Mexico,350346,0,2,2,0,3,NOT APPLICABLE,December,15,Friday,23,52,Rural,Medium Speed (Collector),No,32.27653056,-103.18487222,Non-Intersection,Dark - Not Lighted,Clear,Unknown,Unknown,Unknown EMS Scene Arrival Hour,Unknown EMS Scene Arrival Minutes,Unknown,Unknown EMS Hospital Arrival Time,2,Dark - Unlighted,Clear,2,1,"['Driver', 'Front_Passenger']","['Shoulder_Lapbelt', 'Shoulder_Lapbelt']",0,0,Invalid,0.0,0.0,43.0,25.0,"['Male', 'Female']",0,0,3,4,3,Dry,Straight,Level,Lowest,No
22510,35,New Mexico,350347,1,2,2,0,2,ALBUQUERQUE,December,18,Monday,22,10,Urban,High Speed (Arterial),Yes,35.06624167,-106.78474167,Non-Intersection,Dark - Not Lighted,Clear,Unknown,Unknown if Notified,Unknown EMS Scene Arrival Hour,Unknown if Arrived,Not Applicable (Not Transported),Not Applicable (Not Transported),1,Dark - Unlighted,Clear,0,2,[],[],0,0,Valid,0.0,0.0,48.0,22.0,"['Male', 'Female']",0,0,4,3,4,Dry,Straight,Grade/Hillcrest,Lowest,No
22511,35,New Mexico,350348,0,1,1,0,1,NOT APPLICABLE,December,19,Tuesday,5,22,Rural,High Speed (Arterial),Yes,35.00931111,-105.68346111,Non-Intersection,Dark - Not Lighted,Clear,Unknown,Unknown,Unknown EMS Scene Arrival Hour,Unknown EMS Scene Arrival Minutes,Not Applicable (Not Transported),Not Applicable (Not Transported),1,Dark - Unlighted,Clear,1,0,['Driver'],['None_Used'],0,0,Valid,0.0,0.0,83.0,83.0,['Male'],0,0,3,4,3,Dry,Straight,Level,Lowest,No
22512,35,New Mexico,350349,0,2,2,0,2,NOT APPLICABLE,December,19,Tuesday,12,20,Rural,High Speed (Arterial),Yes,34.66154167,-105.11268056,Non-Intersection,Daylight,Clear,Unknown,Unknown,Unknown EMS Scene Arrival Hour,Unknown EMS Scene Arrival Minutes,Unknown,Unknown EMS Hospital Arrival Time,1,Daylight,Clear,1,1,['Driver'],['Shoulder_Lapbelt'],0,0,Valid,0.0,0.0,73.0,32.0,"['Male', 'Male']",0,0,4,4,3,Dry,Straight,Level,Lowest,No
22513,35,New Mexico,350350,0,1,1,0,1,ALBUQUERQUE,December,19,Tuesday,23,45,Urban,Medium Speed (Collector),No,35.05328056,-106.84508333,Non-Intersection,Dark - Not Lighted,Clear,Unknown,Unknown,Unknown EMS Scene Arrival Hour,Unknown EMS Scene Arrival Minutes,Not Applicable (Not Transported),Not Applicable (Not Transported),1,Dark - Unlighted,Clear,1,0,['Driver'],['None_Used'],0,0,Valid,0.0,0.0,19.0,19.0,['Male'],1,0,2,4,3,Dry,Straight,Level,Lowest,No
22514,35,New Mexico,350351,0,1,1,0,1,ALBUQUERQUE,December,5,Tuesday,14,40,Urban,Medium Speed (Collector),No,35.13586111,-106.593425,Non-Intersection,Daylight,Clear,Unknown,Unknown,Unknown EMS Scene Arrival Hour,Unknown EMS Scene Arrival Minutes,Not Applicable (Not Transported),Not Applicable (Not Transported),1,Daylight,Clear,1,0,['Driver'],['Shoulder_Lapbelt'],0,0,Valid,0.0,0.0,55.0,55.0,['Male'],0,0,2,4,3,Dry,Straight,Grade/Hillcrest,Lowest,No
22515,35,New Mexico,350352,1,1,1,0,1,ALBUQUERQUE,December,20,Wednesday,19,21,Urban,Medium Speed (Collector),No,34.99400556,-106.7328,Non-Intersection,Dark - Not Lighted,Clear,Unknown,Unknown,Unknown EMS Scene Arrival Hour,Unknown EMS Scene Arrival Minutes,Not Applicable (Not Transported),Not Applicable (Not Transported),1,Dark - Unlighted,Clear,0,1,[],[],0,0,Invalid,0.0,0.0,999.0,999.0,['Other'],0,0,2,0,4,Dry,Straight,Level,Lowest,No
22516,35,New Mexico,350353,0,2,2,0,2,ALBUQUERQUE,December,22,Friday,11,33,Urban,High Speed (Arterial),Yes,35.05839722,-106.61332778,Complex/Circle,Daylight,Clear,Unknown,Unknown,Unknown EMS Scene Arrival Hour,Unknown EMS Scene Arrival Minutes,Not Applicable (Not Transported),Not Applicable (Not Transported),1,Daylight,Clear,1,1,['Driver'],['None_Used'],0,0,Valid,0.0,0.0,61.0,19.0,"['Male', 'Female']",1,0,3,4,5,Dry,Straight,Grade/Hillcrest,Lowest,No
22517,35,New Mexico,350354,0,1,1,0,1,ALBUQUERQUE,December,22,Friday,22,59,Urban,High Speed (Arterial),No,35.11730556,-106.63621111,Non-Intersection,Dark - Not Lighted,Rain,Unknown,Unknown,Unknown EMS Scene Arrival Hour,Unknown EMS Scene Arrival Minutes,Not Applicable (Not Transported),Not Applicable (Not Transported),1,Dark - Unlighted,Rain/Wind/Minor,1,0,['Driver'],['Shoulder_Lapbelt'],0,0,Valid,0.0,0.0,34.0,34.0,['Male'],1,0,3,4,3,Wet/Standing Water,Straight,Level,Lowest,No
22518,35,New Mexico,350355,0,1,1,0,1,VALDEZ,December,22,Friday,15,45,Rural,Medium Speed (Collector),No,36.53213056,-105.58586944,Non-Intersection,Daylight,Cloudy,Unknown,Unknown,Unknown EMS Scene Arrival Hour,Unknown EMS Scene Arrival Minutes,Not Applicable (Not Transported),Not Applicable (Not Transported),1,Daylight,Reduced Visibility,1,0,['Driver'],['None_Used'],0,0,Valid,0.0,0.0,68.0,68.0,['Female'],1,0,3,4,3,Icy/Snowy,Straight,Grade/Hillcrest,Lowest,No
22519,35,New Mexico,350356,0,1,1,0,5,NOT APPLICABLE,December,23,Saturday,7,0,Rural,High Speed (Arterial),Yes,35.32183889,-107.99581389,Non-Intersection,Dawn,"Fog, Smog, Smoke",Unknown,Unknown,Unknown EMS Scene Arrival Hour,Unknown EMS Scene Arrival Minutes,Unknown,Unknown EMS Hospital Arrival Time,1,Twilight,Reduced Visibility,1,4,['Driver'],['None_Used'],0,0,Valid,0.0,0.0,25.0,25.0,['Female'],0,0,3,4,3,Wet/Standing Water,Straight,Level,Medium,No
22520,35,New Mexico,350357,0,2,2,0,2,CLOVIS,December,25,Monday,14,19,Urban,Medium Speed (Collector),No,34.41928333,-103.20973056,Complex/Circle,Daylight,Clear,Unknown,Unknown,Unknown EMS Scene Arrival Hour,Unknown EMS Scene Arrival Minutes,Unknown,Unknown EMS Hospital Arrival Time,1,Daylight,Clear,1,1,['Driver'],['Shoulder_Lapbelt'],0,0,Valid,0.0,1.0,83.0,24.0,"['Male', 'Female']",1,0,2,4,5,Dry,Straight,Level,Lowest,No
22521,35,New Mexico,350358,0,3,3,0,7,LOVINGTON,December,25,Monday,21,50,Rural,High Speed (Arterial),No,32.91207222,-103.32922778,Non-Intersection,Dark - Lighted,Clear,Unknown,Unknown,Unknown EMS Scene Arrival Hour,Unknown EMS Scene Arrival Minutes,Not Applicable (Not Transported),Not Applicable (Not Transported),1,Dark - Lighted,Clear,1,6,['Driver'],['None_Used'],0,0,Valid,0.0,1.0,47.0,22.0,"['Male', 'Male', 'Male']",1,0,5,4,5,Dry,Straight,Level,Lowest,No
22522,35,New Mexico,350359,1,1,1,0,1,LAS VEGAS,December,23,Saturday,17,28,Urban,High Speed (Arterial),Yes,35.60378889,-105.2119,Non-Intersection,Dusk,Clear,Unknown,Unknown,Unknown EMS Scene Arrival Hour,Unknown EMS Scene Arrival Minutes,Not Applicable (Not Transported),Not Applicable (Not Transported),1,Twilight,Clear,0,1,[],[],1,1,Valid,0.0,2.0,22.0,22.0,['Female'],1,0,3,2,4,Dry,Straight,Grade/Hillcrest,Lowest,No
22523,35,New Mexico,350360,0,1,1,0,1,NOT APPLICABLE,December,29,Friday,5,17,Rural,Medium Speed (Collector),No,36.30541667,-104.1464,Non-Intersection,Dark - Not Lighted,Clear,Unknown,Unknown,Unknown EMS Scene Arrival Hour,Unknown EMS Scene Arrival Minutes,Not Applicable (Not Transported),Not Applicable (Not Transported),1,Dark - Unlighted,Clear,1,0,['Driver'],['None_Used'],0,0,Valid,0.0,0.0,71.0,71.0,['Male'],0,0,3,4,3,Dry,Straight,Level,Lowest,No
22524,35,New Mexico,350361,1,1,1,0,1,LAS CRUCES,December,29,Friday,17,52,Urban,Medium Speed (Collector),No,32.30048333,-106.76261944,Non-Intersection,Dark - Not Lighted,Clear,Unknown,Unknown,Unknown EMS Scene Arrival Hour,Unknown EMS Scene Arrival Minutes,Not Applicable (Not Transported),Not Applicable (Not Transported),1,Dark - Unlighted,Clear,0,1,[],[],0,0,Valid,0.0,1.0,36.0,36.0,['Female'],0,0,3,3,4,Dry,Straight,Level,Lowest,No
22525,35,New Mexico,350362,1,1,1,0,1,CLOVIS,December,30,Saturday,0,4,Urban,Medium Speed (Collector),No,34.41203889,-103.187625,Complex/Circle,Dark - Not Lighted,Clear,Unknown,Unknown,Unknown EMS Scene Arrival Hour,Unknown EMS Scene Arrival Minutes,Unknown,Unknown EMS Hospital Arrival Time,1,Dark - Unlighted,Clear,0,0,[],[],0,0,Invalid,0.0,0.0,999.0,999.0,['Other'],0,0,1,3,4,Dry,Straight,Level,Lowest,No
22526,35,New Mexico,350363,0,1,1,0,2,NOT APPLICABLE,December,30,Saturday,10,44,Rural,Medium Speed (Collector),No,36.69842222,-108.2244,Non-Intersection,Daylight,Clear,Unknown,Unknown,Unknown EMS Scene Arrival Hour,Unknown EMS Scene Arrival Minutes,Unknown,Unknown EMS Hospital Arrival Time,1,Daylight,Clear,1,1,['Driver'],['Shoulder_Lapbelt'],0,0,Invalid,0.0,0.0,60.0,60.0,['Male'],0,0,2,4,3,Dry,Curve,Grade/Hillcrest,Lowest,No
22527,35,New Mexico,350364,0,1,1,0,3,NOT APPLICABLE,December,30,Saturday,23,15,Rural,Medium Speed (Collector),No,35.10998889,-104.01299444,Non-Intersection,Dark - Not Lighted,Clear,Unknown,Unknown,Unknown EMS Scene Arrival Hour,Unknown EMS Scene Arrival Minutes,Unknown,Unknown EMS Hospital Arrival Time,1,Dark - Unlighted,Clear,1,2,['Driver'],['None_Used'],0,0,Valid,0.0,0.0,32.0,32.0,['Male'],0,0,3,4,3,Dry,Straight,Level,Lowest,No
22528,35,New Mexico,350365,1,1,1,0,1,ESPANOLA,December,29,Friday,6,0,Urban,High Speed (Arterial),No,36.00652222,-106.06518889,Non-Intersection,Dark - Not Lighted,Clear,Unknown,Unknown,Unknown EMS Scene Arrival Hour,Unknown EMS Scene Arrival Minutes,Unknown,Unknown EMS Hospital Arrival Time,1,Dark - Unlighted,Clear,0,1,[],[],0,0,Valid,0.0,0.0,41.0,41.0,['Male'],0,0,3,3,4,Dry,Straight,Level,Lowest,No
22529,35,New Mexico,350366,0,2,2,0,2,NOT APPLICABLE,November,13,Monday,20,0,Rural,High Speed (Arterial),Yes,34.76408333,-104.98093056,Non-Intersection,Dark - Not Lighted,Clear,Unknown,Unknown,Unknown EMS Scene Arrival Hour,Unknown EMS Scene Arrival Minutes,Unknown,Unknown EMS Hospital Arrival Time,1,Dark - Unlighted,Clear,1,1,['Driver'],['None_Used'],0,0,Valid,0.0,0.0,54.0,38.0,"['Male', 'Male']",0,0,4,4,5,Dry,Straight,Level,Lowest,No
22530,35,New Mexico,350367,1,1,1,0,1,NOT APPLICABLE,November,15,Wednesday,19,52,Rural,High Speed (Arterial),Yes,36.24162222,-107.70563889,Non-Intersection,Dark - Not Lighted,Clear,Unknown,Unknown,Unknown EMS Scene Arrival Hour,Unknown EMS Scene Arrival Minutes,Not Applicable (Not Transported),Not Applicable (Not Transported),1,Dark - Unlighted,Clear,0,1,[],[],0,0,Valid,0.0,0.0,35.0,35.0,['Male'],0,0,4,2,4,Dry,Straight,Level,Lowest,No
22531,35,New Mexico,350368,2,1,1,0,1,HOBBS,February,3,Friday,18,14,Urban,Low Speed (Local),No,32.74206667,-103.14084444,Non-Intersection,Dark - Not Lighted,Clear,Unknown,Unknown,Unknown EMS Scene Arrival Hour,Unknown EMS Scene Arrival Minutes,Not Applicable (Not Transported),Not Applicable (Not Transported),2,Dark - Unlighted,Clear,0,1,[],[],0,0,Valid,0.0,1.0,26.0,26.0,['Male'],1,0,3,2,4,Dry,Straight,Level,Lowest,No
22532,35,New Mexico,350369,0,2,2,0,2,PORTALES,April,14,Friday,21,20,Urban,High Speed (Arterial),Yes,34.18394722,-103.33916944,Complex/Circle,Dark - Lighted,Clear,Unknown,Unknown,Unknown EMS Scene Arrival Hour,Unknown EMS Scene Arrival Minutes,Unknown,Unknown EMS Hospital Arrival Time,1,Dark - Lighted,Clear,1,1,['Driver'],['Shoulder_Lapbelt'],1,1,Valid,0.0,0.0,61.0,55.0,"['Female', 'Female']",0,0,4,4,5,Dry,Straight,Level,Lowest,No
22533,35,New Mexico,350370,0,2,2,0,3,NOT APPLICABLE,May,5,Friday,3,0,Rural,Medium Speed (Collector),No,32.84291944,-104.56739167,Non-Intersection,Dark - Not Lighted,Clear,Unknown,Unknown,Unknown EMS Scene Arrival Hour,Unknown EMS Scene Arrival Minutes,Unknown,Unknown EMS Hospital Arrival Time,1,Dark - Unlighted,Clear,1,2,['Front_Passenger'],['Shoulder_Lapbelt'],0,0,Valid,0.0,0.0,55.0,41.0,"['Male', 'Male']",0,0,3,4,5,Dry,Straight,Level,Lowest,No
22534,35,New Mexico,350371,1,1,1,0,4,LAS CRUCES,June,3,Saturday,22,47,Urban,Medium Speed (Collector),No,32.29901111,-106.76379167,Non-Intersection,Dark - Not Lighted,Clear,Unknown,Unknown,Unknown EMS Scene Arrival Hour,Unknown EMS Scene Arrival Minutes,Unknown,Unknown EMS Hospital Arrival Time,1,Dark - Unlighted,Clear,0,4,[],[],0,0,Invalid,0.0,0.0,23.0,23.0,['Male'],4,0,3,2,4,Dry,Straight,Level,Lowest,No
22535,35,New Mexico,350372,1,1,1,0,1,LAS CRUCES,June,28,Wednesday,6,53,Urban,High Speed (Arterial),Yes,32.30876667,-106.76507778,Simple Junction,Daylight,Clear,Unknown,Unknown,Unknown EMS Scene Arrival Hour,Unknown EMS Scene Arrival Minutes,Unknown,Unknown EMS Hospital Arrival Time,1,Daylight,Clear,0,1,[],[],0,0,Valid,0.0,0.0,58.0,58.0,['Female'],0,0,3,2,4,Dry,Straight,Level,Lowest,No
22536,35,New Mexico,350373,0,2,2,0,3,ALBUQUERQUE,June,25,Sunday,18,50,Urban,High Speed (Arterial),Yes,35.05301944,-106.84824722,Non-Intersection,Daylight,Clear,Unknown,Unknown,Unknown EMS Scene Arrival Hour,Unknown EMS Scene Arrival Minutes,Unknown,Unknown EMS Hospital Arrival Time,1,Daylight,Clear,1,2,['Driver'],['Shoulder_Lapbelt'],0,0,Valid,0.0,0.0,42.0,33.0,"['Male', 'Male']",0,0,4,4,5,Dry,Straight,Level,Lowest,Yes
22537,35,New Mexico,350374,1,1,1,0,1,ALBUQUERQUE,July,22,Saturday,0,30,Urban,Medium Speed (Collector),No,35.11637778,-106.65698611,Non-Intersection,Dark - Not Lighted,Clear,Not Applicable (Not Notified),Not Applicable (Not Notified),Not Applicable,Not Applicable,Not Applicable (Not Transported),Not Applicable (Not Transported),1,Dark - Unlighted,Clear,0,1,[],[],0,0,Invalid,0.0,0.0,999.0,999.0,['Other'],0,0,1,0,4,Dry,Straight,Level,Lowest,No
22538,35,New Mexico,350375,0,2,2,0,2,NOT APPLICABLE,September,6,Wednesday,4,40,Urban,Low Speed (Local),No,34.75256667,-106.75551389,Simple Junction,Dark - Lighted,Clear,Unknown,Unknown,Unknown EMS Scene Arrival Hour,Unknown EMS Scene Arrival Minutes,Not Applicable (Not Transported),Not Applicable (Not Transported),1,Dark - Lighted,Clear,1,1,['Driver'],['None_Used'],0,0,Valid,0.0,3.0,57.0,41.0,"['Male', 'Male']",1,0,5,4,5,Dry,Straight,Level,Lowest,No
22539,35,New Mexico,350376,0,1,1,0,1,LA MESA,September,8,Friday,8,4,Rural,Medium Speed (Collector),No,32.19481667,-106.75365,Non-Intersection,Daylight,Clear,Unknown,Unknown,Unknown EMS Scene Arrival Hour,Unknown EMS Scene Arrival Minutes,Unknown,Unknown EMS Hospital Arrival Time,1,Daylight,Clear,1,0,['Driver'],['None_Used'],0,0,Invalid,0.0,0.0,45.0,45.0,['Male'],1,0,3,4,3,Dry,Straight,Level,Lowest,No
22540,35,New Mexico,350377,0,1,1,0,1,NOT APPLICABLE,September,9,Saturday,13,11,Rural,Low Speed (Local),No,34.60520556,-104.02198889,Non-Intersection,Daylight,Clear,Unknown,Unknown,Unknown EMS Scene Arrival Hour,Unknown EMS Scene Arrival Minutes,Not Applicable (Not Transported),Not Applicable (Not Transported),1,Daylight,Clear,1,0,['Driver'],['None_Used'],0,0,Invalid,0.0,0.0,54.0,54.0,['Male'],1,0,3,4,3,Dry,Curve,Level,Lowest,No
22541,35,New Mexico,350378,0,2,2,0,2,NOT APPLICABLE,September,17,Sunday,21,58,Rural,High Speed (Arterial),Yes,35.31948056,-107.99446944,Non-Intersection,Dark - Not Lighted,Clear,Unknown,Unknown,Unknown EMS Scene Arrival Hour,Unknown EMS Scene Arrival Minutes,Not Applicable (Not Transported),Not Applicable (Not Transported),1,Dark - Unlighted,Clear,1,1,['Driver'],['Shoulder_Lapbelt'],1,1,Invalid,0.0,0.0,51.0,21.0,"['Male', 'Male']",0,0,4,4,5,Dry,Straight,Level,Lowest,No
22542,35,New Mexico,350379,0,1,1,0,3,NOT APPLICABLE,October,29,Sunday,3,4,Urban,Low Speed (Local),No,34.08391944,-106.87638889,Non-Intersection,Dark - Not Lighted,Clear,Unknown,Unknown,Unknown EMS Scene Arrival Hour,Unknown EMS Scene Arrival Minutes,Not Applicable (Not Transported),Not Applicable (Not Transported),3,Dark - Unlighted,Clear,3,0,"['Driver', 'Rear_Seat', 'Front_Passenger']","['None_Used', 'None_Used', 'None_Used']",1,1,Invalid,0.0,0.0,19.0,19.0,['Male'],0,0,2,4,4,Dry,Curve,Level,Lowest,No
22543,35,New Mexico,350380,0,1,1,0,1,LOS LUNAS,November,19,Sunday,5,12,Urban,Medium Speed (Collector),No,34.7981,-106.62960833,Non-Intersection,Dark - Not Lighted,"Fog, Smog, Smoke",Unknown,Unknown,Unknown EMS Scene Arrival Hour,Unknown EMS Scene Arrival Minutes,Not Applicable (Not Transported),Not Applicable (Not Transported),1,Dark - Unlighted,Reduced Visibility,1,0,['Driver'],['Shoulder_Lapbelt'],0,0,Valid,0.0,1.0,26.0,26.0,['Male'],1,0,3,4,3,Wet/Standing Water,Curve,Level,Lowest,No
22544,35,New Mexico,350381,1,1,1,0,3,RIO RANCHO,November,27,Monday,21,23,Urban,High Speed (Arterial),Yes,35.30659722,-106.65222778,Non-Intersection,Dark - Not Lighted,Clear,Unknown,Unknown,Unknown EMS Scene Arrival Hour,Unknown EMS Scene Arrival Minutes,Not Applicable (Not Transported),Not Applicable (Not Transported),1,Dark - Unlighted,Clear,0,3,[],[],0,0,Valid,0.0,0.0,37.0,37.0,['Female'],0,0,3,2,4,Dry,Straight,Level,Lowest,No
22545,35,New Mexico,350382,0,3,3,0,5,ALAMOGORDO,December,6,Wednesday,14,55,Urban,High Speed (Arterial),Yes,32.93590556,-105.96443333,Complex/Circle,Daylight,Clear,Unknown,Unknown,Unknown EMS Scene Arrival Hour,Unknown EMS Scene Arrival Minutes,Unknown,Unknown EMS Hospital Arrival Time,1,Daylight,Clear,1,4,['Driver'],['Lapbelt_Only'],0,0,Valid,0.0,0.0,72.0,43.0,"['Male', 'Male', 'Female']",4,0,2,4,5,Dry,Straight,Level,Lowest,No
22546,35,New Mexico,350383,0,1,1,0,2,CLAYTON,December,31,Sunday,5,1,Rural,High Speed (Arterial),Yes,36.45696667,-103.18755278,Non-Intersection,Dark - Lighted,Clear,Unknown,Unknown,Unknown EMS Scene Arrival Hour,Unknown EMS Scene Arrival Minutes,Unknown,Unknown EMS Hospital Arrival Time,1,Dark - Lighted,Clear,1,1,['Driver'],['Shoulder_Lapbelt'],0,0,Valid,0.0,0.0,65.0,65.0,['Female'],2,0,3,4,3,Dry,Curve,Level,Lowest,No
22547,35,New Mexico,350384,1,1,1,0,1,ALBUQUERQUE,November,3,Friday,4,46,Urban,Low Speed (Local),No,35.07745833,-106.5792,Non-Intersection,Dark - Not Lighted,Clear,Unknown,Unknown,Unknown EMS Scene Arrival Hour,Unknown EMS Scene Arrival Minutes,Not Applicable (Not Transported),Not Applicable (Not Transported),1,Dark - Unlighted,Clear,0,1,[],[],0,0,Invalid,0.0,0.0,999.0,999.0,['Other'],0,0,1,3,4,Dry,Straight,Level,Lowest,No