,State_Code,State_Name,Crash_ID,Count_Non_Motorists,Count_Vehicles_Total,Count_Vehicle_Forms,Count_PVH_Involved,Count_Occupants_MV,City_Name,Month_Name,Day_of_Month,Day_of_Week,Crash_Hour,Crash_Minute,Area_Rural_Urban,Road_Functional_Class,On_NHS_Road,Latitude,Longitude,Intersection_Type,Light_Condition,Weather_Condition,Notif_Hour,Notif_Minute,Arrival_Hour,Arrival_Minute,Hospital_Hour,Hospital_Minute,Fatalities_Count,Clean_Light_Condition,Clean_Weather_Condition,Total_Killed,Total_Alive,Fatal_Seats_List,Killed_Restraint_List,Any_Driver_Drinking,Total_Drinking_Drivers,Driver_License_Category,Driver_Max_Prev_Accident_Count,Driver_Max_Prev_Speeding_Count,Max_Driver_Age,Min_Driver_Age,Driver_Sex_List,Total_Exceeding_Limit_Vehicles,Total_Too_Fast_Vehicles,Max_Vehicle_Type_Severity_5,Max_Vehicle_Damage_Rank,Max_Harmful_Event_Severity,Crash_Road_Surface_Condition,Crash_Horizontal_Alignment,Crash_Vertical_Profile,Crash_Impairment_Category,Crash_Vehicle_Defect
22548,35,New Mexico,350385,0,1,1,0,5,LAGUNA,November,3,Friday,23,38,Rural,High Speed (Arterial),Yes,34.99309167,-107.237625,Non-Intersection,Dark - Unknown Lighting,Not Reported,Unknown,Unknown,Unknown EMS Scene Arrival Hour,Unknown EMS Scene Arrival Minutes,Unknown,Unknown EMS Hospital Arrival Time,1,Dark - Unlighted,Clear,1,4,['Driver'],['Shoulder_Lapbelt'],0,0,Valid,0.0,0.0,33.0,33.0,['Male'],0,0,3,4,3,Dry,Straight,Level,Lowest,No
22549,35,New Mexico,350386,0,2,2,0,3,FRUITLAND,August,12,Saturday,6,45,Rural,Medium Speed (Collector),No,36.71063056,-108.34528889,Non-Intersection,Daylight,Clear,Unknown,Unknown,Unknown EMS Scene Arrival Hour,Unknown EMS Scene Arrival Minutes,Unknown,Unknown EMS Hospital Arrival Time,2,Daylight,Clear,2,0,"['Driver', 'Front_Passenger']","['Shoulder_Lapbelt', 'Shoulder_Lapbelt']",1,1,Valid,0.0,0.0,66.0,32.0,"['Male', 'Female']",0,0,3,4,5,Dry,Curve,Grade/Hillcrest,Lowest,No
22550,35,New Mexico,350387,0,2,2,0,6,SANTA FE,September,30,Saturday,15,46,Urban,High Speed (Arterial),Yes,35.66331111,-105.97601111,Non-Intersection,Daylight,Clear,Unknown,Unknown,Unknown EMS Scene Arrival Hour,Unknown EMS Scene Arrival Minutes,Unknown,Unknown EMS Hospital Arrival Time,1,Daylight,Clear,1,5,['Driver'],['Shoulder_Lapbelt'],0,0,Valid,0.0,0.0,72.0,43.0,"['Male', 'Male']",1,0,3,4,5,Dry,Straight,Level,Lowest,No
22551,35,New Mexico,350388,0,2,2,0,5,SHIPROCK,January,25,Wednesday,19,26,Rural,Medium Speed (Collector),No,36.7739,-108.74805833,Non-Intersection,Dark - Not Lighted,Clear,Unknown,Unknown,Unknown EMS Scene Arrival Hour,Unknown EMS Scene Arrival Minutes,Not Applicable (Not Transported),Not Applicable (Not Transported),1,Dark - Unlighted,Clear,1,4,['Driver'],['Shoulder_Lapbelt'],0,0,Valid,0.0,1.0,50.0,40.0,"['Male', 'Male']",0,0,3,4,5,Dry,Straight,Level,Lowest,No
22552,35,New Mexico,350389,1,1,1,0,2,ROSWELL,February,13,Monday,19,17,Urban,Medium Speed (Collector),No,33.35079167,-104.51678333,Non-Intersection,Dark - Not Lighted,Rain,Unknown,Unknown,Unknown EMS Scene Arrival Hour,Unknown EMS Scene Arrival Minutes,Unknown,Unknown EMS Hospital Arrival Time,1,Dark - Unlighted,Rain/Wind/Minor,0,2,[],[],0,0,Invalid,0.0,0.0,25.0,25.0,['Female'],2,0,2,3,4,Wet/Standing Water,Straight,Level,Lowest,No
22553,35,New Mexico,350390,0,1,1,0,3,Other,February,24,Friday,15,57,Rural,Medium Speed (Collector),No,35.73135833,-108.24116944,Non-Intersection,Daylight,Clear,Unknown,Unknown,Unknown EMS Scene Arrival Hour,Unknown EMS Scene Arrival Minutes,Unknown,Unknown EMS Hospital Arrival Time,1,Daylight,Clear,1,2,['Driver'],['None_Used'],1,1,Invalid,0.0,1.0,42.0,42.0,['Male'],3,0,3,4,3,Dry,Straight,Level,Lowest,No
22554,35,New Mexico,350391,0,1,1,0,1,PREWITT,April,1,Saturday,3,42,Rural,Medium Speed (Collector),No,35.38945833,-108.17457222,Non-Intersection,Dark - Not Lighted,Clear,Unknown,Unknown if Notified,Unknown EMS Scene Arrival Hour,Unknown if Arrived,Not Applicable (Not Transported),Not Applicable (Not Transported),1,Dark - Unlighted,Clear,1,0,['Driver'],['Shoulder_Lapbelt'],1,1,Valid,0.0,0.0,26.0,26.0,['Female'],0,0,3,4,3,Dry,Straight,Level,Lowest,No
22555,35,New Mexico,350392,1,1,1,0,2,SOCORRO,September,18,Monday,20,20,Urban,Medium Speed (Collector),No,34.05753056,-106.89356111,Non-Intersection,Dark - Not Lighted,Other,Unknown,Unknown,Unknown EMS Scene Arrival Hour,Unknown EMS Scene Arrival Minutes,Not Applicable (Not Transported),Not Applicable (Not Transported),1,Dark - Unlighted,Reduced Visibility,0,2,[],[],0,0,Valid,0.0,1.0,25.0,25.0,['Female'],0,0,3,2,4,Dry,Straight,Level,Lowest,No
22556,35,New Mexico,350393,1,1,1,0,1,Other,October,28,Saturday,18,49,Rural,Medium Speed (Collector),No,35.05172778,-107.48671667,Non-Intersection,Dusk,Clear,Unknown,Unknown,Unknown EMS Scene Arrival Hour,Unknown EMS Scene Arrival Minutes,Not Applicable (Not Transported),Not Applicable (Not Transported),1,Twilight,Clear,0,1,[],[],0,0,Valid,0.0,0.0,30.0,30.0,['Female'],0,0,3,2,4,Dry,Straight,Level,Lowest,No
22557,35,New Mexico,350394,1,1,1,0,4,ALBUQUERQUE,November,24,Friday,19,43,Urban,High Speed (Arterial),No,35.08014444,-106.710225,Complex/Circle,Dark - Not Lighted,Snow,Unknown,Unknown,Unknown EMS Scene Arrival Hour,Unknown EMS Scene Arrival Minutes,Unknown,Unknown EMS Hospital Arrival Time,1,Dark - Unlighted,Snow/Ice/Severe,0,4,[],[],0,0,Valid,0.0,0.0,20.0,20.0,['Male'],0,0,3,2,4,Icy/Snowy,Straight,Level,Lowest,No
22558,35,New Mexico,350395,0,2,2,0,2,ALBUQUERQUE,November,17,Friday,5,1,Urban,High Speed (Arterial),Yes,34.97509444,-106.65347222,Non-Intersection,Dark - Not Lighted,Clear,Unknown,Unknown,Unknown EMS Scene Arrival Hour,Unknown EMS Scene Arrival Minutes,Unknown,Unknown EMS Hospital Arrival Time,1,Dark - Unlighted,Clear,1,1,['Driver'],['Shoulder_Lapbelt'],0,0,Valid,0.0,1.0,37.0,19.0,"['Male', 'Male']",0,0,4,4,5,Dry,Straight,Level,Lowest,No
22559,35,New Mexico,350396,1,1,1,0,1,LOS LUNAS,June,25,Sunday,5,50,Urban,High Speed (Arterial),Yes,34.79676111,-106.76896944,Non-Intersection,Dark - Unknown Lighting,Clear,Unknown,Unknown if Notified,Unknown EMS Scene Arrival Hour,Unknown if Arrived,Not Applicable (Not Transported),Not Applicable (Not Transported),1,Dark - Unlighted,Clear,0,0,[],[],0,0,Invalid,0.0,0.0,999.0,999.0,['Other'],0,0,1,0,4,Dry,Straight,Level,Lowest,No
22560,35,New Mexico,350397,0,2,2,0,2,CUBA,January,10,Tuesday,11,2,Rural,High Speed (Arterial),Yes,36.14350833,-107.25468056,Non-Intersection,Daylight,Clear,Unknown,Unknown,Unknown EMS Scene Arrival Hour,Unknown EMS Scene Arrival Minutes,Not Applicable (Not Transported),Not Applicable (Not Transported),1,Daylight,Clear,1,1,['Driver'],['None_Used'],0,0,Valid,0.0,0.0,77.0,35.0,"['Male', 'Male']",0,0,4,4,5,Dry,Straight,Level,Lowest,No
22561,35,New Mexico,350398,0,1,1,0,1,Other,May,30,Tuesday,6,28,Rural,Low Speed (Local),No,35.96246389,-107.65467778,Non-Intersection,Daylight,Clear,Unknown,Unknown,Unknown EMS Scene Arrival Hour,Unknown EMS Scene Arrival Minutes,Not Applicable (Not Transported),Not Applicable (Not Transported),1,Daylight,Clear,1,0,['Driver'],['Shoulder_Lapbelt'],1,1,Valid,0.0,0.0,36.0,36.0,['Male'],0,0,3,4,3,Dry,Straight,Level,Lowest,No
22562,35,New Mexico,350399,1,2,2,0,3,ALBUQUERQUE,October,30,Monday,16,11,Urban,High Speed (Arterial),No,35.13373333,-106.61096111,Complex/Circle,Daylight,Clear,Unknown,Unknown,Unknown EMS Scene Arrival Hour,Unknown EMS Scene Arrival Minutes,Unknown,Unknown EMS Hospital Arrival Time,1,Daylight,Clear,0,3,[],[],0,0,Valid,0.0,1.0,40.0,21.0,"['Male', 'Male']",0,0,3,3,5,Dry,Straight,Level,Lowest,No
22563,35,New Mexico,350400,1,1,1,0,2,LOS LUNAS,February,23,Thursday,18,47,Urban,Medium Speed (Collector),No,34.80163333,-106.58714444,Non-Intersection,Dark - Not Lighted,Clear,Unknown,Unknown,Unknown EMS Scene Arrival Hour,Unknown EMS Scene Arrival Minutes,Not Applicable (Not Transported),Not Applicable (Not Transported),1,Dark - Unlighted,Clear,0,2,[],[],0,0,Valid,0.0,0.0,51.0,51.0,['Female'],0,0,2,3,4,Dry,Straight,Level,Lowest,No
22564,35,New Mexico,350401,1,1,1,0,1,RIO RANCHO,December,11,Monday,20,10,Urban,High Speed (Arterial),Yes,35.34955556,-106.60270278,Non-Intersection,Dark - Not Lighted,Clear,Unknown,Unknown,Unknown EMS Scene Arrival Hour,Unknown EMS Scene Arrival Minutes,Not Applicable (Not Transported),Not Applicable (Not Transported),1,Dark - Unlighted,Clear,0,0,[],[],1,1,Invalid,0.0,0.0,999.0,999.0,['Other'],0,0,1,0,4,Dry,Straight,Level,Lowest,No
22565,35,New Mexico,350402,1,1,1,0,1,ROSWELL,July,24,Monday,1,21,Urban,High Speed (Arterial),Yes,33.33904444,-104.52324167,Non-Intersection,Dark - Lighted,Clear,Unknown,Unknown,Unknown EMS Scene Arrival Hour,Unknown EMS Scene Arrival Minutes,Not Applicable (Not Transported),Not Applicable (Not Transported),1,Dark - Lighted,Clear,0,0,[],[],0,0,Invalid,0.0,0.0,999.0,999.0,['Other'],1,0,1,0,4,Dry,Straight,Level,Lowest,No
22566,36,New York,360001,0,1,1,0,3,HAVERSTRAW,January,1,Sunday,1,25,Urban,Low Speed (Local),No,41.21996667,-73.96854167,Non-Intersection,Dark - Not Lighted,"Fog, Smog, Smoke",1:00am-1:59am,27,1:00am-1:59am,40,Unknown,Unknown EMS Hospital Arrival Time,2,Dark - Unlighted,Reduced Visibility,2,1,"['Front_Passenger', 'Rear_Seat']","['Shoulder_Lapbelt', 'Shoulder_Lapbelt']",0,0,Valid,0.0,0.0,64.0,64.0,['Female'],0,0,2,1,3,Wet/Standing Water,Curve,Level,Lowest,Yes
22567,36,New York,360002,0,1,1,0,2,BOMBAY,January,1,Sunday,4,32,Rural,Low Speed (Local),No,44.98979167,-74.64325556,Non-Intersection,Dark - Not Lighted,"Fog, Smog, Smoke",4:00am-4:59am,37,4:00am-4:59am,41,Unknown,Unknown EMS Hospital Arrival Time,2,Dark - Unlighted,Reduced Visibility,2,0,"['Driver', 'Front_Passenger']","['Lapbelt_Only', 'Lapbelt_Only']",0,0,Valid,1.0,0.0,57.0,57.0,['Female'],0,0,3,1,3,Wet/Standing Water,Straight,Level,Lowest,No
22568,36,New York,360003,0,2,2,0,2,MIDDLE VILLAGE,January,2,Monday,1,20,Urban,Low Speed (Local),No,40.75701389,-73.89231111,Complex/Circle,Dark - Lighted,Clear,Unknown,Unknown,Unknown EMS Scene Arrival Hour,Unknown EMS Scene Arrival Minutes,Unknown,Unknown EMS Hospital Arrival Time,1,Dark - Lighted,Clear,1,1,['Driver'],['None_Used'],0,0,Invalid,0.0,0.0,52.0,31.0,"['Male', 'Male']",0,0,5,1,5,Dry,Straight,Level,Lowest,No
22569,36,New York,360004,1,1,1,0,1,NEW YORK CITY,January,12,Thursday,21,55,Urban,Medium Speed (Collector),No,40.60853056,-73.95916667,Complex/Circle,Dark - Lighted,Rain,9:00pm-9:59pm,55,Unknown EMS Scene Arrival Hour,Unknown EMS Scene Arrival Minutes,Unknown,Unknown EMS Hospital Arrival Time,1,Dark - Lighted,Rain/Wind/Minor,0,1,[],[],0,0,Valid,5.0,0.0,44.0,44.0,['Male'],0,0,4,1,4,Wet/Standing Water,Straight,Level,Lowest,No
22570,36,New York,360005,0,1,1,0,1,WESTPORT,January,4,Wednesday,21,30,Rural,High Speed (Arterial),Yes,44.19292222,-73.46484444,Non-Intersection,Dark - Not Lighted,Rain,9:00pm-9:59pm,30,9:00pm-9:59pm,34,10:00pm-10:59pm,24,1,Dark - Unlighted,Rain/Wind/Minor,1,0,['Driver'],['None_Used'],0,0,Valid,0.0,1.0,27.0,27.0,['Female'],0,0,2,4,4,Wet/Standing Water,Straight,Level,Lowest,No
22571,36,New York,360006,0,1,1,0,1,BREWSTER,January,8,Sunday,0,4,Urban,High Speed (Arterial),Yes,41.41516944,-73.64051389,Non-Intersection,Dark - Not Lighted,Clear,0:00am-0:59am,4,0:00am-0:59am,7,Not Applicable (Not Transported),Not Applicable (Not Transported),1,Dark - Unlighted,Clear,1,0,['Driver'],['None_Used'],1,1,Valid,0.0,0.0,25.0,25.0,['Male'],1,0,3,4,3,Dry,Curve,Level,Lowest,No
22572,36,New York,360007,1,1,1,0,1,UTICA,January,4,Wednesday,17,0,Urban,Low Speed (Local),No,43.10781944,-75.24825556,Non-Intersection,Dark - Not Lighted,Rain,5:00pm-5:59pm,14,5:00pm-5:59pm,20,5:00pm-5:59pm,40,1,Dark - Unlighted,Rain/Wind/Minor,0,1,[],[],0,0,Invalid,2.0,0.0,20.0,20.0,['Female'],0,0,2,1,4,Wet/Standing Water,Straight,Grade/Hillcrest,Lowest,No
22573,36,New York,360008,1,1,1,0,1,MIDDLE VILLAGE,January,5,Thursday,17,4,Urban,Medium Speed (Collector),No,40.77298333,-73.91646111,Complex/Circle,Dark - Lighted,Clear,Unknown,Unknown,Unknown EMS Scene Arrival Hour,Unknown EMS Scene Arrival Minutes,Not Applicable (Not Transported),Not Applicable (Not Transported),1,Dark - Lighted,Clear,0,1,[],[],0,0,Valid,0.0,0.0,48.0,48.0,['Male'],0,0,4,1,4,Wet/Standing Water,Straight,Level,Lowest,No
22574,36,New York,360009,1,1,1,0,1,NEW CITY,January,5,Thursday,17,10,Urban,High Speed (Arterial),Yes,41.12276389,-73.99268611,Non-Intersection,Dark - Lighted,Rain,5:00pm-5:59pm,10,5:00pm-5:59pm,11,5:00pm-5:59pm,55,1,Dark - Lighted,Rain/Wind/Minor,0,1,[],[],0,0,Valid,0.0,0.0,18.0,18.0,['Male'],0,0,2,1,4,Wet/Standing Water,Straight,Level,Lowest,No
22575,36,New York,360010,0,2,2,0,3,TARRYTOWN,January,8,Sunday,15,21,Urban,High Speed (Arterial),Yes,99.9999,999.9999,Non-Intersection,Daylight,Cloudy,3:00pm-3:59pm,21,3:00pm-3:59pm,25,4:00pm-4:59pm,55,1,Daylight,Reduced Visibility,1,2,['Driver'],['Shoulder_Lapbelt'],0,0,Valid,1.0,1.0,68.0,62.0,"['Male', 'Male']",0,0,3,1,5,Dry,Straight,Level,Medium,No
22576,36,New York,360011,0,2,2,0,2,NEW YORK CITY,January,5,Thursday,23,22,Urban,High Speed (Arterial),Yes,40.54239444,-74.14589444,Complex/Circle,Dark - Lighted,Rain,11:00pm-11:59pm,21,Unknown EMS Scene Arrival Hour,Unknown EMS Scene Arrival Minutes,Unknown,Unknown EMS Hospital Arrival Time,1,Dark - Lighted,Rain/Wind/Minor,1,1,['Driver'],['None_Used'],0,0,Valid,0.0,1.0,25.0,18.0,"['Male', 'Male']",1,0,5,4,5,Wet/Standing Water,Straight,Level,Lowest,No
22577,36,New York,360012,1,3,3,0,3,NEW YORK,January,6,Friday,0,43,Urban,High Speed (Arterial),Yes,40.79538333,-73.97711111,Non-Intersection,Dark - Lighted,Rain,0:00am-0:59am,43,Unknown EMS Scene Arrival Hour,Unknown EMS Scene Arrival Minutes,Unknown,Unknown EMS Hospital Arrival Time,1,Dark - Lighted,Rain/Wind/Minor,0,3,[],[],0,0,Invalid,2.0,0.0,999.0,26.0,"['Other', 'Male', 'Male']",1,0,3,1,5,Wet/Standing Water,Straight,Level,Lowest,No
22578,36,New York,360013,0,2,2,0,4,WEST SENECA,January,13,Friday,10,55,Urban,High Speed (Arterial),Yes,42.83932222,-78.75399444,Complex/Circle,Daylight,Rain,10:00am-10:59am,55,10:00am-10:59am,58,11:00am-11:59am,26,1,Daylight,Rain/Wind/Minor,1,3,['Driver'],['None_Used'],0,0,Valid,0.0,0.0,64.0,50.0,"['Male', 'Male']",0,0,4,1,5,Wet/Standing Water,Straight,Level,Lowest,No
22579,36,New York,360014,1,1,1,0,1,FREDONIA,January,6,Friday,17,59,Urban,High Speed (Arterial),Yes,42.45582778,-79.31071944,Non-Intersection,Dark - Lighted,Clear,5:00pm-5:59pm,59,6:00pm-6:59pm,8,6:00pm-6:59pm,30,1,Dark - Lighted,Clear,0,1,[],[],0,0,Valid,0.0,0.0,64.0,64.0,['Female'],0,0,3,1,4,Wet/Standing Water,Straight,Level,Lowest,No
22580,36,New York,360015,0,1,1,0,1,WEBSTER,January,8,Sunday,13,34,Urban,High Speed (Arterial),Yes,43.21373889,-77.47513333,Non-Intersection,Daylight,Cloudy,Unknown,Unknown,Unknown EMS Scene Arrival Hour,Unknown EMS Scene Arrival Minutes,Not Applicable (Not Transported),Not Applicable (Not Transported),1,Daylight,Reduced Visibility,1,0,['Driver'],['None_Used'],0,0,Valid,1.0,0.0,52.0,52.0,['Male'],1,0,3,4,3,Dry,Straight,Grade/Hillcrest,Lowest,No
22581,36,New York,360016,0,1,1,0,4,OLD BROOKVILLE,January,8,Sunday,3,37,Rural,Medium Speed (Collector),No,40.83953056,-73.59511944,Non-Intersection,Dark - Lighted,Clear,3:00am-3:59am,37,3:00am-3:59am,46,Unknown,Unknown EMS Hospital Arrival Time,1,Dark - Lighted,Clear,1,3,['Driver'],['Shoulder_Lapbelt'],0,0,Valid,0.0,0.0,16.0,16.0,['Female'],0,0,2,1,3,Dry,Curve,Level,Lowest,No
22582,36,New York,360017,0,1,1,0,1,HEMPSTEAD,January,9,Monday,7,50,Urban,High Speed (Arterial),Yes,40.69402222,-73.51958889,Non-Intersection,Dawn,Cloudy,7:00am-7:59am,53,8:00am-8:59am,5,8:00am-8:59am,23,1,Twilight,Reduced Visibility,1,0,['Driver'],['Shoulder_Lapbelt'],0,0,Valid,2.0,0.0,28.0,28.0,['Male'],1,0,3,4,3,Wet/Standing Water,Curve,Level,Lowest,No
22583,36,New York,360018,1,1,1,0,1,NEW YORK CITY,January,10,Tuesday,7,20,Urban,Medium Speed (Collector),No,40.67263056,-73.99348889,Complex/Circle,Daylight,Cloudy,7:00am-7:59am,21,7:00am-7:59am,26,Not Applicable (Not Transported),Not Applicable (Not Transported),1,Daylight,Reduced Visibility,0,1,[],[],0,0,Valid,2.0,0.0,39.0,39.0,['Male'],0,0,4,1,4,Dry,Straight,Level,Lowest,No
22584,36,New York,360019,0,1,1,0,1,WESTERLO,January,14,Saturday,1,46,Rural,Medium Speed (Collector),No,42.51886667,-74.06602778,Non-Intersection,Dark - Not Lighted,Freezing Rain or Drizzle,1:00am-1:59am,46,1:00am-1:59am,53,Unknown,Unknown EMS Hospital Arrival Time,1,Dark - Unlighted,Snow/Ice/Severe,1,0,['Driver'],['Shoulder_Lapbelt'],1,1,Valid,0.0,0.0,21.0,21.0,['Female'],1,0,2,1,3,Icy/Snowy,Straight,Grade/Hillcrest,Lowest,No
22585,36,New York,360021,1,1,1,0,1,NEW YORK,January,15,Sunday,19,35,Urban,High Speed (Arterial),Yes,40.79414444,-73.97023889,Complex/Circle,Dark - Lighted,Clear,Unknown,Unknown,Unknown EMS Scene Arrival Hour,Unknown EMS Scene Arrival Minutes,Unknown,Unknown EMS Hospital Arrival Time,1,Dark - Lighted,Clear,0,1,[],[],0,0,Valid,0.0,0.0,58.0,58.0,['Male'],0,0,3,1,4,Dry,Straight,Level,Lowest,No
22586,36,New York,360022,0,2,2,0,2,BATH,January,18,Wednesday,14,18,Urban,Medium Speed (Collector),No,42.34254722,-77.31493611,Non-Intersection,Daylight,Cloudy,2:00pm-2:59pm,18,2:00pm-2:59pm,21,2:00pm-2:59pm,33,1,Daylight,Reduced Visibility,1,1,['Driver'],['None_Used'],0,0,Valid,1.0,0.0,67.0,59.0,"['Female', 'Male']",0,0,5,1,5,Wet/Standing Water,Straight,Level,Lowest,No
22587,36,New York,360023,0,1,1,0,1,NEW YORK CITY,January,21,Saturday,21,1,Urban,High Speed (Arterial),Yes,40.85178333,-73.871125,Non-Intersection,Dark - Lighted,Clear,Unknown,Unknown,Unknown EMS Scene Arrival Hour,Unknown EMS Scene Arrival Minutes,Unknown,Unknown EMS Hospital Arrival Time,1,Dark - Lighted,Clear,1,0,['Driver'],['Shoulder_Lapbelt'],1,1,Valid,0.0,0.0,42.0,42.0,['Male'],0,0,2,1,3,Dry,Straight,Level,Lowest,No
22588,36,New York,360024,1,1,1,0,1,FARMINGDALE,January,21,Saturday,20,7,Urban,Medium Speed (Collector),No,40.72762222,-73.44465556,Complex/Circle,Dark - Lighted,Cloudy,8:00pm-8:59pm,8,8:00pm-8:59pm,9,Unknown,Unknown EMS Hospital Arrival Time,1,Dark - Lighted,Reduced Visibility,0,1,[],[],0,0,Valid,1.0,0.0,18.0,18.0,['Male'],0,0,3,1,4,Dry,Straight,Level,Lowest,No
22589,36,New York,360025,0,2,2,0,5,ROCHESTER,January,1,Sunday,3,44,Urban,Low Speed (Local),No,43.16730833,-77.56958611,Complex/Circle,Dark - Lighted,Cloudy,3:00am-3:59am,44,3:00am-3:59am,47,Unknown,Unknown EMS Hospital Arrival Time,1,Dark - Lighted,Reduced Visibility,1,4,['Rear_Seat'],['None_Used'],1,1,Invalid,3.0,0.0,32.0,29.0,"['Female', 'Male']",4,0,3,1,5,Wet/Standing Water,Straight,Level,Lowest,No
22590,36,New York,360026,0,1,1,0,1,YORKTOWN HGTS,January,3,Tuesday,12,7,Urban,High Speed (Arterial),Yes,41.23143889,-73.80998889,Non-Intersection,Daylight,Rain,12:00pm-12:59pm,11,12:00pm-12:59pm,24,12:00pm-12:59pm,59,1,Daylight,Rain/Wind/Minor,1,0,['Driver'],['None_Used'],0,0,Valid,0.0,1.0,64.0,64.0,['Male'],1,0,3,1,3,Wet/Standing Water,Straight,Level,Lowest,No
22591,36,New York,360027,0,1,1,0,1,HECTOR,January,12,Thursday,15,40,Rural,Medium Speed (Collector),No,42.40201944,-76.85795833,Non-Intersection,Daylight,Rain,Unknown,Unknown,Unknown EMS Scene Arrival Hour,Unknown EMS Scene Arrival Minutes,Unknown,Unknown EMS Hospital Arrival Time,1,Daylight,Rain/Wind/Minor,1,0,['Driver'],['Shoulder_Lapbelt'],0,0,Valid,0.0,0.0,64.0,64.0,['Male'],0,0,3,4,3,Wet/Standing Water,Curve,Grade/Hillcrest,Medium,No
22592,36,New York,360028,1,1,1,0,1,MOHAWK,January,12,Thursday,17,13,Rural,Medium Speed (Collector),No,42.97025278,-75.01446389,Simple Junction,Dark - Not Lighted,Cloudy,5:00pm-5:59pm,13,5:00pm-5:59pm,21,5:00pm-5:59pm,50,1,Dark - Unlighted,Reduced Visibility,0,1,[],[],0,0,Valid,0.0,0.0,19.0,19.0,['Male'],0,0,3,1,4,Wet/Standing Water,Straight,Grade/Hillcrest,Lowest,No
22593,36,New York,360029,0,1,1,0,1,GUILFORD,January,16,Monday,11,37,Rural,Medium Speed (Collector),No,42.41054722,-75.51982778,Non-Intersection,Daylight,Cloudy,11:00am-11:59am,42,11:00am-11:59am,48,Not Applicable (Not Transported),Not Applicable (Not Transported),1,Daylight,Reduced Visibility,1,0,['Driver'],['Shoulder_Lapbelt'],1,1,Valid,0.0,0.0,60.0,60.0,['Male'],0,0,2,1,3,Dry,Straight,Level,Medium,No
22594,36,New York,360030,0,2,2,0,3,NEW CITY,January,20,Friday,11,48,Urban,High Speed (Arterial),Yes,41.16025556,-73.97810556,Non-Intersection,Daylight,Cloudy,11:00am-11:59am,48,11:00am-11:59am,50,Unknown,Unknown EMS Hospital Arrival Time,1,Daylight,Reduced Visibility,1,2,['Driver'],['Shoulder_Lapbelt'],0,0,Valid,4.0,0.0,84.0,51.0,"['Male', 'Male']",0,0,3,1,5,Wet/Standing Water,Curve,Level,Medium,No
22595,36,New York,360031,0,2,2,0,10,LOUISVILLE,January,28,Saturday,6,2,Rural,High Speed (Arterial),Yes,44.900825,-75.06571389,Non-Intersection,Dark - Not Lighted,Snow,6:00am-6:59am,2,6:00am-6:59am,20,Unknown,Unknown EMS Hospital Arrival Time,6,Dark - Unlighted,Snow/Ice/Severe,6,4,"['Non_Standard_Risk', 'Non_Standard_Risk', 'Non_Standard_Risk', 'Non_Standard_Risk', 'Non_Standard_Risk', 'Non_Standard_Risk']","['None_Used', 'None_Used', 'None_Used', 'None_Used', 'None_Used', 'None_Used']",0,0,Valid,0.0,0.0,36.0,25.0,"['Male', 'Male']",0,0,4,4,5,Wet/Standing Water,Straight,Level,Lowest,No
22596,36,New York,360032,1,1,1,0,1,ROCHESTER,January,20,Friday,23,0,Urban,Medium Speed (Collector),No,43.18734722,-77.58398889,Complex/Circle,Dark - Lighted,Snow,11:00pm-11:59pm,0,11:00pm-11:59pm,3,11:00pm-11:59pm,10,1,Dark - Lighted,Snow/Ice/Severe,0,1,[],[],0,0,Valid,1.0,1.0,31.0,31.0,['Male'],1,0,2,1,4,Wet/Standing Water,Straight,Level,Lowest,No
22597,36,New York,360033,0,1,1,0,1,CAMPBELL,January,24,Tuesday,23,31,Rural,Medium Speed (Collector),No,42.25838056,-77.20818611,Non-Intersection,Dark - Not Lighted,Rain,11:00pm-11:59pm,31,Unknown EMS Scene Arrival Hour,Unknown EMS Scene Arrival Minutes,Not Applicable (Not Transported),Not Applicable (Not Transported),1,Dark - Unlighted,Rain/Wind/Minor,1,0,['Driver'],['None_Used'],1,1,Valid,2.0,0.0,42.0,42.0,['Male'],1,0,3,4,3,Wet/Standing Water,Straight,Level,Lowest,No
22598,36,New York,360034,0,1,1,0,1,CLIFTON SPRINGS,January,25,Wednesday,10,15,Urban,Medium Speed (Collector),No,42.96066944,-77.12641944,Non-Intersection,Daylight,Snow,10:00am-10:59am,15,10:00am-10:59am,23,10:00am-10:59am,36,1,Daylight,Snow/Ice/Severe,1,0,['Driver'],['Shoulder_Lapbelt'],0,0,Valid,0.0,0.0,89.0,89.0,['Male'],0,0,3,1,3,Icy/Snowy,Straight,Level,Medium,No
22599,36,New York,360035,0,1,1,0,1,LIVINGSTON,February,10,Friday,14,53,Rural,High Speed (Arterial),Yes,42.10916389,-73.81633056,Non-Intersection,Daylight,Clear,2:00pm-2:59pm,53,2:00pm-2:59pm,56,3:00pm-3:59pm,21,1,Daylight,Clear,1,0,['Driver'],['None_Used'],0,0,Valid,0.0,0.0,59.0,59.0,['Male'],1,0,3,1,3,Dry,Straight,Level,Lowest,No
22600,36,New York,360036,1,1,1,0,1,HEMPSTEAD,January,14,Saturday,5,45,Urban,Medium Speed (Collector),No,40.70121944,-73.618125,Complex/Circle,Dark - Lighted,Snow,5:00am-5:59am,55,6:00am-6:59am,0,6:00am-6:59am,20,1,Dark - Lighted,Snow/Ice/Severe,0,1,[],[],0,0,Valid,0.0,0.0,61.0,61.0,['Male'],0,0,3,1,4,Wet/Standing Water,Straight,Level,Lowest,No