,State_Code,State_Name,Crash_ID,Count_Non_Motorists,Count_Vehicles_Total,Count_Vehicle_Forms,Count_PVH_Involved,Count_Occupants_MV,City_Name,Month_Name,Day_of_Month,Day_of_Week,Crash_Hour,Crash_Minute,Area_Rural_Urban,Road_Functional_Class,On_NHS_Road,Latitude,Longitude,Intersection_Type,Light_Condition,Weather_Condition,Notif_Hour,Notif_Minute,Arrival_Hour,Arrival_Minute,Hospital_Hour,Hospital_Minute,Fatalities_Count,Clean_Light_Condition,Clean_Weather_Condition,Total_Killed,Total_Alive,Fatal_Seats_List,Killed_Restraint_List,Any_Driver_Drinking,Total_Drinking_Drivers,Driver_License_Category,Driver_Max_Prev_Accident_Count,Driver_Max_Prev_Speeding_Count,Max_Driver_Age,Min_Driver_Age,Driver_Sex_List,Total_Exceeding_Limit_Vehicles,Total_Too_Fast_Vehicles,Max_Vehicle_Type_Severity_5,Max_Vehicle_Damage_Rank,Max_Harmful_Event_Severity,Crash_Road_Surface_Condition,Crash_Horizontal_Alignment,Crash_Vertical_Profile,Crash_Impairment_Category,Crash_Vehicle_Defect
22601,36,New York,360037,0,2,2,0,2,RUSH,January,25,Wednesday,16,35,Urban,Medium Speed (Collector),No,43.00688611,-77.64174444,Non-Intersection,Daylight,Snow,4:00pm-4:59pm,35,4:00pm-4:59pm,44,Unknown,Unknown EMS Hospital Arrival Time,1,Daylight,Snow/Ice/Severe,1,1,['Driver'],['Shoulder_Lapbelt'],0,0,Valid,0.0,0.0,59.0,58.0,"['Female', 'Female']",0,0,3,1,5,Icy/Snowy,Straight,Level,Lowest,No
22602,36,New York,360038,0,2,2,0,2,NEW PALTZ,January,28,Saturday,23,28,Urban,High Speed (Arterial),Yes,41.738425,-74.06536389,Non-Intersection,Dark - Not Lighted,Clear,Unknown,Unknown,Unknown EMS Scene Arrival Hour,Unknown EMS Scene Arrival Minutes,Not Applicable (Not Transported),Not Applicable (Not Transported),1,Dark - Unlighted,Clear,1,1,['Driver'],['None_Used'],0,0,Valid,1.0,0.0,63.0,43.0,"['Male', 'Female']",0,0,4,1,5,Dry,Straight,Level,Lowest,No
22603,36,New York,360039,1,1,1,0,1,ELMIRA,January,26,Thursday,13,21,Urban,High Speed (Arterial),Yes,42.07770833,-76.85125,Simple Junction,Daylight,Cloudy,1:00pm-1:59pm,22,1:00pm-1:59pm,23,1:00pm-1:59pm,56,1,Daylight,Reduced Visibility,0,1,[],[],0,0,Valid,1.0,0.0,37.0,37.0,['Male'],0,0,3,1,4,Wet/Standing Water,Straight,Level,Lowest,No
22604,36,New York,360040,0,1,1,0,1,YORKTOWN HGTS,January,26,Thursday,4,34,Urban,High Speed (Arterial),Yes,41.28937778,-73.84314722,Non-Intersection,Dark - Not Lighted,Cloudy,Unknown,Unknown,Unknown EMS Scene Arrival Hour,Unknown EMS Scene Arrival Minutes,Unknown,Unknown EMS Hospital Arrival Time,1,Dark - Unlighted,Reduced Visibility,1,0,['Driver'],['Shoulder_Only'],0,0,Valid,0.0,0.0,42.0,42.0,['Male'],0,0,2,4,3,Wet/Standing Water,Curve,Level,Lowest,No
22605,36,New York,360041,1,1,1,0,1,MIDDLE VILLAGE,January,27,Friday,8,40,Urban,High Speed (Arterial),Yes,40.71888611,-73.79044444,Non-Intersection,Daylight,Clear,Unknown,Unknown,Unknown EMS Scene Arrival Hour,Unknown EMS Scene Arrival Minutes,Unknown,Unknown EMS Hospital Arrival Time,1,Daylight,Clear,0,1,[],[],0,0,Valid,0.0,1.0,63.0,63.0,['Male'],0,0,3,1,4,Dry,Straight,Level,Lowest,No
22606,36,New York,360042,0,1,1,0,2,STEPHENTOWN,February,5,Sunday,15,24,Rural,Medium Speed (Collector),No,42.530125,-73.35655,Non-Intersection,Daylight,Cloudy,3:00pm-3:59pm,25,3:00pm-3:59pm,31,4:00pm-4:59pm,11,1,Daylight,Reduced Visibility,1,1,['Driver'],['Shoulder_Lapbelt'],0,0,Valid,1.0,0.0,79.0,79.0,['Male'],0,0,3,1,3,Dry,Curve,Level,Lowest,No
22607,36,New York,360044,0,1,1,0,2,NEW YORK CITY,January,28,Saturday,4,45,Urban,High Speed (Arterial),Yes,40.56925278,-74.11118056,Non-Intersection,Dark - Lighted,Clear,Unknown,Unknown,Unknown EMS Scene Arrival Hour,Unknown EMS Scene Arrival Minutes,Unknown,Unknown EMS Hospital Arrival Time,1,Dark - Lighted,Clear,1,1,['Front_Passenger'],['Shoulder_Lapbelt'],1,1,Valid,0.0,0.0,30.0,30.0,['Male'],2,0,2,1,3,Dry,Straight,Level,Lowest,No
22608,36,New York,360045,1,1,1,0,1,NEW YORK,January,28,Saturday,1,38,Urban,High Speed (Arterial),Yes,40.87390556,-73.92741667,Non-Intersection,Dark - Lighted,Clear,Unknown,Unknown,Unknown EMS Scene Arrival Hour,Unknown EMS Scene Arrival Minutes,Unknown,Unknown EMS Hospital Arrival Time,1,Dark - Lighted,Clear,0,1,[],[],0,0,Valid,0.0,0.0,25.0,25.0,['Male'],0,0,3,1,4,Dry,Curve,Level,Lowest,No
22609,36,New York,360046,1,1,1,0,1,ROCHESTER,February,12,Sunday,22,36,Urban,Medium Speed (Collector),No,43.17481944,-77.61725278,Non-Intersection,Dark - Lighted,Clear,10:00pm-10:59pm,36,10:00pm-10:59pm,39,10:00pm-10:59pm,53,1,Dark - Lighted,Clear,0,1,[],[],0,0,Invalid,0.0,0.0,999.0,999.0,['Other'],0,0,1,1,4,Dry,Straight,Level,Lowest,No
22610,36,New York,360047,0,3,3,0,4,NEW YORK,January,29,Sunday,21,51,Urban,High Speed (Arterial),Yes,40.7565,-73.96031111,Non-Intersection,Dark - Lighted,Clear,10:00pm-10:59pm,0,Unknown EMS Scene Arrival Hour,Unknown EMS Scene Arrival Minutes,Not Applicable (Not Transported),Not Applicable (Not Transported),1,Dark - Lighted,Clear,1,3,['Driver'],['None_Used'],0,0,Valid,0.0,1.0,40.0,19.0,"['Male', 'Male', 'Male']",0,0,5,4,5,Dry,Straight,Level,Lowest,No
22611,36,New York,360048,0,1,1,0,3,MIDDLE VILLAGE,January,29,Sunday,23,44,Urban,High Speed (Arterial),No,40.66640556,-73.78719444,Non-Intersection,Dark - Lighted,Clear,Unknown,Unknown,Unknown EMS Scene Arrival Hour,Unknown EMS Scene Arrival Minutes,Unknown,Unknown EMS Hospital Arrival Time,2,Dark - Lighted,Clear,2,1,"['Front_Passenger', 'Rear_Seat']","['Shoulder_Lapbelt', 'None_Used']",0,0,Valid,0.0,0.0,19.0,19.0,['Male'],3,0,2,4,3,Dry,Curve,Grade/Hillcrest,Lowest,No
22612,36,New York,360049,0,1,1,0,1,OWEGO,February,1,Wednesday,4,8,Urban,Low Speed (Local),No,42.09032778,-76.1448,Non-Intersection,Dark - Not Lighted,Clear,4:00am-4:59am,8,4:00am-4:59am,34,Not Applicable (Not Transported),Not Applicable (Not Transported),1,Dark - Unlighted,Clear,1,0,['Driver'],['None_Used'],0,0,Valid,0.0,0.0,32.0,32.0,['Female'],1,0,3,1,3,Dry,Curve,Grade/Hillcrest,Lowest,No
22613,36,New York,360050,1,2,2,0,4,BROOKHAVEN,February,5,Sunday,19,40,Urban,High Speed (Arterial),Yes,40.83461944,-73.02129444,Complex/Circle,Dark - Lighted,Cloudy,Unknown,Unknown,Unknown EMS Scene Arrival Hour,Unknown EMS Scene Arrival Minutes,Unknown,Unknown EMS Hospital Arrival Time,1,Dark - Lighted,Reduced Visibility,0,4,[],[],0,0,Valid,1.0,0.0,44.0,41.0,"['Male', 'Male']",0,0,2,1,4,Dry,Straight,Grade/Hillcrest,Lowest,No
22614,36,New York,360051,0,2,2,0,2,WARSAW,February,8,Wednesday,14,24,Rural,Medium Speed (Collector),No,42.64745,-78.19928611,Complex/Circle,Daylight,Cloudy,2:00pm-2:59pm,24,2:00pm-2:59pm,28,Not Applicable (Not Transported),Not Applicable (Not Transported),1,Daylight,Reduced Visibility,1,1,['Driver'],['Shoulder_Lapbelt'],0,0,Valid,1.0,0.0,72.0,59.0,"['Male', 'Male']",0,0,4,4,5,Dry,Straight,Grade/Hillcrest,Lowest,No
22615,36,New York,360052,1,1,1,0,1,BRANT,January,19,Thursday,18,10,Rural,High Speed (Arterial),Yes,42.579125,-79.10660556,Simple Junction,Dark - Not Lighted,Clear,6:00pm-6:59pm,10,Unknown EMS Scene Arrival Hour,Unknown EMS Scene Arrival Minutes,Not Applicable (Not Transported),Not Applicable (Not Transported),1,Dark - Unlighted,Clear,0,1,[],[],0,0,Valid,1.0,0.0,33.0,33.0,['Female'],0,0,3,1,4,Wet/Standing Water,Curve,Grade/Hillcrest,Lowest,No
22616,36,New York,360053,0,1,1,0,1,FARMINGTON,February,10,Friday,13,54,Rural,Low Speed (Local),No,42.95937222,-77.29323056,Non-Intersection,Daylight,Cloudy,2:00pm-2:59pm,36,3:00pm-3:59pm,15,Not Applicable (Not Transported),Not Applicable (Not Transported),1,Daylight,Reduced Visibility,1,0,['Driver'],['Shoulder_Lapbelt'],0,0,Valid,0.0,0.0,35.0,35.0,['Male'],1,0,2,4,3,Wet/Standing Water,Straight,Level,Lowest,No
22617,36,New York,360055,1,1,1,0,1,PORT CRANE,February,17,Friday,18,3,Rural,Medium Speed (Collector),No,42.17235278,-75.74854722,Non-Intersection,Dark - Not Lighted,Cloudy,6:00pm-6:59pm,4,6:00pm-6:59pm,18,Unknown,Unknown EMS Hospital Arrival Time,1,Dark - Unlighted,Reduced Visibility,0,1,[],[],0,0,Valid,0.0,0.0,22.0,22.0,['Male'],0,0,3,1,4,Dry,Straight,Level,Lowest,No
22618,36,New York,360056,0,1,1,0,1,FRANKFORT,February,19,Sunday,13,44,Urban,Low Speed (Local),No,43.11128056,-75.14707778,Non-Intersection,Daylight,Cloudy,1:00pm-1:59pm,44,1:00pm-1:59pm,59,2:00pm-2:59pm,0,1,Daylight,Reduced Visibility,1,0,['Driver'],['Shoulder_Lapbelt'],0,0,Valid,0.0,0.0,82.0,82.0,['Male'],0,0,2,1,3,Dry,Straight,Level,Lowest,No
22619,36,New York,360057,1,1,1,0,1,SCOTIA,February,8,Wednesday,18,29,Urban,High Speed (Arterial),Yes,42.82540278,-73.96200556,Non-Intersection,Dark - Lighted,Clear,6:00pm-6:59pm,29,6:00pm-6:59pm,33,7:00pm-7:59pm,3,1,Dark - Lighted,Clear,0,1,[],[],0,0,Valid,1.0,0.0,52.0,52.0,['Female'],0,0,3,1,4,Dry,Straight,Level,Lowest,No
22620,36,New York,360058,1,2,2,0,2,IRONDEQUOIT,February,17,Friday,2,9,Urban,High Speed (Arterial),Yes,43.19614167,-77.55642778,Non-Intersection,Dark - Lighted,Cloudy,2:00am-2:59am,9,2:00am-2:59am,15,2:00am-2:59am,26,1,Dark - Lighted,Reduced Visibility,0,2,[],[],0,0,Valid,1.0,0.0,46.0,39.0,"['Male', 'Male']",0,0,3,1,5,Wet/Standing Water,Straight,Level,Lowest,No
22621,36,New York,360059,0,1,1,0,1,NEW YORK,February,3,Friday,22,20,Urban,High Speed (Arterial),Yes,40.75373056,-74.00495,Non-Intersection,Dark - Lighted,Clear,Unknown,Unknown,Unknown EMS Scene Arrival Hour,Unknown EMS Scene Arrival Minutes,Unknown,Unknown EMS Hospital Arrival Time,1,Dark - Lighted,Clear,1,0,['Driver'],['None_Used'],1,1,Valid,0.0,2.0,27.0,27.0,['Male'],0,0,2,1,3,Dry,Straight,Level,Lowest,No
22622,36,New York,360060,0,2,2,0,3,NEW YORK CITY,February,8,Wednesday,5,58,Urban,High Speed (Arterial),Yes,40.87423611,-73.87395278,Non-Intersection,Daylight,Clear,Unknown,Unknown,Unknown EMS Scene Arrival Hour,Unknown EMS Scene Arrival Minutes,Unknown,Unknown EMS Hospital Arrival Time,1,Daylight,Clear,1,2,['Rear_Seat'],['Shoulder_Lapbelt'],0,0,Invalid,0.0,0.0,39.0,31.0,"['Male', 'Male']",0,0,5,1,5,Dry,Straight,Grade/Hillcrest,Lowest,No
22623,36,New York,360061,0,2,1,1,1,WILLIAMSON,February,11,Saturday,16,23,Rural,Medium Speed (Collector),No,43.22601667,-77.20910833,Non-Intersection,Daylight,Cloudy,4:00pm-4:59pm,23,4:00pm-4:59pm,27,Not Applicable (Not Transported),Not Applicable (Not Transported),1,Daylight,Reduced Visibility,1,0,['Driver'],['None_Used'],1,1,Invalid,1.0,2.0,32.0,32.0,['Male'],1,0,2,4,3,Dry,Curve,Level,Lowest,No
22624,36,New York,360062,0,1,1,0,3,NEWBURGH,February,11,Saturday,14,57,Urban,Medium Speed (Collector),No,41.56988056,-74.11636389,Non-Intersection,Daylight,Clear,3:00pm-3:59pm,4,3:00pm-3:59pm,4,4:00pm-4:59pm,0,1,Daylight,Clear,1,2,['Front_Passenger'],['Shoulder_Lapbelt'],0,0,Valid,0.0,0.0,21.0,21.0,['Male'],0,0,3,1,3,Dry,Straight,Level,Medium,No
22625,36,New York,360063,0,2,2,0,2,SYRACUSE,February,13,Monday,18,51,Urban,Medium Speed (Collector),No,43.05490278,-76.17056389,Complex/Circle,Dark - Lighted,Cloudy,6:00pm-6:59pm,51,6:00pm-6:59pm,55,7:00pm-7:59pm,8,1,Dark - Lighted,Reduced Visibility,1,1,['Driver'],['None_Used'],0,0,Valid,0.0,0.0,53.0,33.0,"['Male', 'Male']",1,0,5,1,5,Dry,Straight,Grade/Hillcrest,Lowest,No
22626,36,New York,360064,1,1,1,0,1,FARMINGTON,February,15,Wednesday,8,21,Urban,High Speed (Arterial),Yes,42.97330278,-77.35458056,Non-Intersection,Daylight,Clear,8:00am-8:59am,21,8:00am-8:59am,26,Not Applicable (Not Transported),Not Applicable (Not Transported),1,Daylight,Clear,0,1,[],[],0,0,Valid,0.0,0.0,58.0,58.0,['Male'],0,0,2,4,4,Dry,Straight,Level,Lowest,No
22627,36,New York,360065,0,2,2,0,2,NIAGARA FALLS,February,15,Wednesday,19,55,Urban,Medium Speed (Collector),No,43.075675,-78.99010556,Complex/Circle,Dark - Lighted,Clear,7:00pm-7:59pm,57,8:00pm-8:59pm,1,8:00pm-8:59pm,26,1,Dark - Lighted,Clear,1,1,['Driver'],['None_Used'],1,1,Valid,0.0,0.0,56.0,38.0,"['Female', 'Male']",0,0,5,1,5,Dry,Straight,Level,Lowest,No
22628,36,New York,360066,1,1,1,0,2,MIDDLE VILLAGE,February,17,Friday,17,49,Urban,Medium Speed (Collector),No,40.75867778,-73.91382778,Complex/Circle,Dusk,Clear,Unknown,Unknown,Unknown EMS Scene Arrival Hour,Unknown EMS Scene Arrival Minutes,Unknown,Unknown EMS Hospital Arrival Time,1,Twilight,Clear,0,2,[],[],0,0,Valid,0.0,0.0,46.0,46.0,['Female'],0,0,3,1,4,Dry,Straight,Level,Lowest,No
22629,36,New York,360067,1,1,1,0,1,NEW YORK CITY,February,18,Saturday,18,59,Urban,Low Speed (Local),No,40.63969722,-73.95798056,Complex/Circle,Dark - Lighted,Clear,Unknown,Unknown,Unknown EMS Scene Arrival Hour,Unknown EMS Scene Arrival Minutes,Unknown,Unknown EMS Hospital Arrival Time,1,Dark - Lighted,Clear,0,1,[],[],0,0,Valid,0.0,0.0,58.0,58.0,['Male'],0,0,3,1,4,Dry,Straight,Level,Lowest,No
22630,36,New York,360068,1,3,2,1,3,NEW YORK CITY,February,19,Sunday,5,24,Urban,High Speed (Arterial),Yes,40.83159722,-73.91014167,Non-Intersection,Dark - Lighted,Clear,5:00am-5:59am,25,5:00am-5:59am,35,5:00am-5:59am,40,1,Dark - Lighted,Clear,0,1,[],[],0,0,Invalid,1.0,0.0,999.0,58.0,"['Other', 'Male']",2,0,3,1,5,Dry,Straight,Level,Lowest,No
22631,36,New York,360069,0,2,2,0,2,CLYDE,January,17,Tuesday,9,4,Rural,Medium Speed (Collector),No,43.04599722,-76.86461944,Non-Intersection,Daylight,Not Reported,Unknown,Unknown,Unknown EMS Scene Arrival Hour,Unknown EMS Scene Arrival Minutes,Not Applicable (Not Transported),Not Applicable (Not Transported),1,Daylight,Clear,1,1,['Driver'],['Shoulder_Lapbelt'],0,0,Valid,0.0,0.0,51.0,34.0,"['Female', 'Male']",1,0,4,4,5,Icy/Snowy,Curve,Grade/Hillcrest,Lowest,No
22632,36,New York,360071,0,2,2,0,3,BABYLON,February,22,Wednesday,9,34,Urban,Medium Speed (Collector),No,40.70655833,-73.34899444,Non-Intersection,Daylight,Cloudy,9:00am-9:59am,38,9:00am-9:59am,40,Unknown,Unknown EMS Hospital Arrival Time,2,Daylight,Reduced Visibility,2,1,"['Front_Passenger', 'Driver']","['Shoulder_Lapbelt', 'None_Used']",0,0,Valid,2.0,0.0,63.0,49.0,"['Female', 'Male']",0,0,3,1,5,Dry,Straight,Level,Lowest,No
22633,36,New York,360072,0,1,1,0,1,AMHERST,February,4,Saturday,3,35,Rural,High Speed (Arterial),Yes,42.96356667,-78.78481111,Non-Intersection,Dark - Lighted,Cloudy,3:00am-3:59am,35,3:00am-3:59am,37,Not Applicable (Not Transported),Not Applicable (Not Transported),1,Dark - Lighted,Reduced Visibility,1,0,['Driver'],['None_Used'],1,1,Valid,0.0,0.0,27.0,27.0,['Male'],1,0,2,4,3,Wet/Standing Water,Curve,Level,Lowest,No
22634,36,New York,360073,0,2,2,0,4,DOWNSVILLE,February,11,Saturday,7,31,Rural,Medium Speed (Collector),No,42.04725833,-74.90913333,Non-Intersection,Daylight,Cloudy,7:00am-7:59am,31,7:00am-7:59am,42,Unknown,Unknown EMS Hospital Arrival Time,1,Daylight,Reduced Visibility,1,3,['Front_Passenger'],['Shoulder_Lapbelt'],0,0,Valid,6.0,0.0,59.0,51.0,"['Female', 'Male']",0,0,3,4,5,Wet/Standing Water,Curve,Grade/Hillcrest,Lowest,No
22635,36,New York,360074,1,1,1,0,1,MIDDLE VILLAGE,February,21,Tuesday,17,59,Urban,Low Speed (Local),No,40.75204722,-73.78885,Simple Junction,Dusk,Cloudy,6:00pm-6:59pm,3,6:00pm-6:59pm,11,Unknown,Unknown EMS Hospital Arrival Time,1,Twilight,Reduced Visibility,0,1,[],[],0,0,Valid,0.0,0.0,18.0,18.0,['Male'],0,0,2,1,4,Wet/Standing Water,Straight,Level,Lowest,No
22636,36,New York,360075,0,2,2,0,2,SCRIBA CENTER,February,23,Thursday,10,4,Rural,Medium Speed (Collector),No,43.45887778,-76.38362778,Complex/Circle,Daylight,Rain,10:00am-10:59am,4,10:00am-10:59am,18,Not Applicable (Not Transported),Not Applicable (Not Transported),1,Daylight,Rain/Wind/Minor,1,1,['Driver'],['None_Used'],0,0,Valid,1.0,0.0,55.0,52.0,"['Male', 'Male']",0,0,3,4,5,Dry,Straight,Level,Lowest,No
22637,36,New York,360076,0,1,1,0,1,MIDDLE VILLAGE,March,11,Saturday,6,30,Urban,High Speed (Arterial),Yes,40.70207778,-73.86749722,Non-Intersection,Daylight,Rain,Unknown,Unknown,Unknown EMS Scene Arrival Hour,Unknown EMS Scene Arrival Minutes,Not Applicable (Not Transported),Not Applicable (Not Transported),1,Daylight,Rain/Wind/Minor,1,0,['Driver'],['None_Used'],1,1,Valid,0.0,0.0,28.0,28.0,['Male'],1,0,2,4,3,Wet/Standing Water,Curve,Grade/Hillcrest,Lowest,No
22638,36,New York,360077,0,3,3,0,2,NEW YORK CITY,February,25,Saturday,4,23,Urban,High Speed (Arterial),Yes,40.83162222,-73.87381667,Non-Intersection,Dark - Lighted,Clear,Unknown,Unknown,Unknown EMS Scene Arrival Hour,Unknown EMS Scene Arrival Minutes,Not Applicable (Not Transported),Not Applicable (Not Transported),1,Dark - Lighted,Clear,1,1,['Driver'],['Shoulder_Lapbelt'],1,1,Invalid,3.0,1.0,30.0,29.0,"['Female', 'Male']",0,0,3,1,5,Dry,Straight,Level,Lowest,No
22639,36,New York,360078,1,1,1,0,1,ROCHESTER,February,6,Monday,23,1,Urban,High Speed (Arterial),Yes,43.18454167,-77.63119167,Non-Intersection,Dark - Lighted,Clear,11:00pm-11:59pm,1,11:00pm-11:59pm,6,11:00pm-11:59pm,35,1,Dark - Lighted,Clear,0,1,[],[],0,0,Valid,0.0,0.0,22.0,22.0,['Female'],0,0,3,1,4,Dry,Straight,Grade/Hillcrest,Lowest,No
22640,36,New York,360079,0,2,2,0,2,ALMOND,February,8,Wednesday,21,44,Rural,High Speed (Arterial),Yes,42.30456389,-77.89481111,Non-Intersection,Dark - Not Lighted,Cloudy,9:00pm-9:59pm,49,9:00pm-9:59pm,57,Unknown,Unknown EMS Hospital Arrival Time,1,Dark - Unlighted,Reduced Visibility,1,1,['Driver'],['Shoulder_Lapbelt'],0,0,Valid,0.0,0.0,62.0,33.0,"['Male', 'Male']",0,0,3,4,5,Dry,Straight,Grade/Hillcrest,Lowest,No
22641,36,New York,360080,1,1,1,0,1,NEW YORK CITY,March,10,Friday,12,9,Urban,Low Speed (Local),No,40.84011667,-73.87787222,Non-Intersection,Daylight,Cloudy,Unknown,Unknown,Unknown EMS Scene Arrival Hour,Unknown EMS Scene Arrival Minutes,Unknown,Unknown EMS Hospital Arrival Time,1,Daylight,Reduced Visibility,0,1,[],[],0,0,Valid,1.0,0.0,51.0,51.0,['Female'],0,0,3,1,4,Dry,Straight,Non-Trafficway,Lowest,No
22642,36,New York,360081,0,1,1,0,1,NEW YORK CITY,March,11,Saturday,6,1,Urban,Low Speed (Local),No,40.7151,-73.96665,Non-Intersection,Dawn,Rain,Unknown,Unknown,Unknown EMS Scene Arrival Hour,Unknown EMS Scene Arrival Minutes,Not Applicable (Not Transported),Not Applicable (Not Transported),1,Twilight,Rain/Wind/Minor,1,0,['Driver'],['None_Used'],0,0,Invalid,0.0,0.0,51.0,51.0,['Male'],0,0,5,1,2,Wet/Standing Water,Straight,Level,Lowest,No
22643,36,New York,360082,0,2,2,0,1,NYACK,February,10,Friday,7,22,Urban,High Speed (Arterial),Yes,41.09325278,-73.93134167,Non-Intersection,Daylight,Clear,7:00am-7:59am,23,8:00am-8:59am,0,8:00am-8:59am,3,1,Daylight,Clear,1,0,['Driver'],['Shoulder_Lapbelt'],0,0,Valid,2.0,1.0,60.0,60.0,['Male'],0,0,3,1,5,Dry,Curve,Level,Lowest,No
22644,36,New York,360083,0,2,2,0,3,PLATTSBURGH,March,2,Thursday,13,3,Urban,High Speed (Arterial),Yes,44.69606389,-73.50023889,Simple Junction,Daylight,Cloudy,1:00pm-1:59pm,6,1:00pm-1:59pm,11,Unknown,Unknown EMS Hospital Arrival Time,1,Daylight,Reduced Visibility,1,2,['Front_Passenger'],['Lapbelt_Only'],0,0,Valid,0.0,0.0,66.0,61.0,"['Male', 'Male']",0,0,3,1,5,Wet/Standing Water,Straight,Level,Lowest,No
22645,36,New York,360085,0,2,2,0,2,CLARKSON,February,25,Saturday,21,41,Rural,High Speed (Arterial),Yes,43.24288889,-77.95737778,Non-Intersection,Dark - Not Lighted,Cloudy,9:00pm-9:59pm,42,9:00pm-9:59pm,46,Unknown,Unknown EMS Hospital Arrival Time,1,Dark - Unlighted,Reduced Visibility,1,1,['Driver'],['Shoulder_Lapbelt'],1,2,Invalid,2.0,0.0,43.0,24.0,"['Female', 'Male']",1,0,3,1,5,Dry,Straight,Level,Lowest,No
22646,36,New York,360086,0,1,1,0,4,CORTLAND,February,25,Saturday,7,15,Urban,Medium Speed (Collector),No,42.60481944,-76.18575,Non-Intersection,Daylight,Cloudy,7:00am-7:59am,15,7:00am-7:59am,19,7:00am-7:59am,34,1,Daylight,Reduced Visibility,1,3,['Rear_Seat'],['None_Used'],0,0,Valid,1.0,0.0,49.0,49.0,['Male'],4,0,2,1,3,Wet/Standing Water,Curve,Level,Lowest,No
22647,36,New York,360087,0,3,3,0,4,FALCONER,January,28,Saturday,17,45,Urban,High Speed (Arterial),Yes,42.127025,-79.2837,Non-Intersection,Dusk,Cloudy,5:00pm-5:59pm,49,Unknown EMS Scene Arrival Hour,Unknown EMS Scene Arrival Minutes,Unknown,Unknown EMS Hospital Arrival Time,2,Twilight,Reduced Visibility,2,2,"['Driver', 'Driver']","['Shoulder_Lapbelt', 'Shoulder_Lapbelt']",1,1,Valid,0.0,0.0,57.0,30.0,"['Male', 'Male', 'Male']",1,0,4,4,5,Dry,Straight,Grade/Hillcrest,Lowest,No
22648,36,New York,360088,0,2,1,1,1,BROOKHAVEN,March,1,Wednesday,21,15,Urban,Low Speed (Local),No,40.84508333,-73.06835,Non-Intersection,Dark - Not Lighted,Rain,9:00pm-9:59pm,16,9:00pm-9:59pm,20,Not Applicable (Not Transported),Not Applicable (Not Transported),1,Dark - Unlighted,Rain/Wind/Minor,1,0,['Driver'],['Shoulder_Lapbelt'],1,1,Valid,0.0,0.0,29.0,29.0,['Male'],0,0,3,1,3,Wet/Standing Water,Straight,Level,Lowest,No
22649,36,New York,360089,1,1,1,0,1,FREEPORT,March,1,Wednesday,19,2,Urban,Medium Speed (Collector),No,40.66952778,-73.57722778,Non-Intersection,Dark - Lighted,Cloudy,7:00pm-7:59pm,4,7:00pm-7:59pm,10,Not Applicable (Not Transported),Not Applicable (Not Transported),1,Dark - Lighted,Reduced Visibility,0,1,[],[],1,1,Invalid,4.0,0.0,32.0,32.0,['Male'],1,0,2,1,4,Wet/Standing Water,Straight,Level,Lowest,No
22650,36,New York,360090,1,1,1,0,1,HEMPSTEAD,March,4,Saturday,22,23,Urban,Low Speed (Local),No,40.70776111,-73.61605278,Non-Intersection,Dark - Lighted,Rain,10:00pm-10:59pm,24,10:00pm-10:59pm,26,Unknown,Unknown EMS Hospital Arrival Time,1,Dark - Lighted,Rain/Wind/Minor,0,1,[],[],0,0,Valid,0.0,0.0,56.0,56.0,['Male'],0,0,2,1,4,Wet/Standing Water,Straight,Level,Lowest,No
22651,36,New York,360091,1,1,1,0,1,SCHENECTADY,March,1,Wednesday,2,51,Urban,Medium Speed (Collector),No,42.86618333,-74.02086667,Simple Junction,Dark - Not Lighted,Clear,2:00am-2:59am,51,2:00am-2:59am,56,Unknown,Unknown EMS Hospital Arrival Time,1,Dark - Unlighted,Clear,0,1,[],[],0,0,Valid,0.0,0.0,46.0,46.0,['Male'],0,0,3,1,4,Wet/Standing Water,Straight,Level,Medium,Yes
22652,36,New York,360092,1,2,1,1,1,NEW YORK CITY,February,24,Friday,10,14,Urban,Low Speed (Local),No,40.54766667,-74.16010278,Non-Intersection,Daylight,Clear,Unknown,Unknown,Unknown EMS Scene Arrival Hour,Unknown EMS Scene Arrival Minutes,Unknown,Unknown EMS Hospital Arrival Time,1,Daylight,Clear,0,1,[],[],0,0,Valid,0.0,0.0,25.0,25.0,['Female'],0,0,3,1,4,Dry,Straight,Level,Lowest,No
22653,36,New York,360093,0,4,2,2,2,HEMPSTEAD,March,5,Sunday,19,38,Urban,Low Speed (Local),No,40.7021,-73.626575,Simple Junction,Dark - Lighted,Cloudy,Unknown,Unknown,Unknown EMS Scene Arrival Hour,Unknown EMS Scene Arrival Minutes,Unknown,Unknown EMS Hospital Arrival Time,1,Dark - Lighted,Reduced Visibility,1,1,['Driver'],['None_Used'],0,0,Valid,3.0,1.0,72.0,44.0,"['Female', 'Male']",0,0,5,1,5,Dry,Straight,Level,Lowest,No
22654,36,New York,360094,2,1,1,0,1,NEW YORK CITY,March,3,Friday,20,49,Urban,Medium Speed (Collector),No,40.57595833,-73.99105278,Complex/Circle,Dark - Lighted,Cloudy,Unknown,Unknown,Unknown EMS Scene Arrival Hour,Unknown EMS Scene Arrival Minutes,Unknown,Unknown EMS Hospital Arrival Time,1,Dark - Lighted,Reduced Visibility,0,0,[],[],0,0,Invalid,0.0,0.0,999.0,999.0,['Other'],0,0,3,0,4,Wet/Standing Water,Straight,Level,Lowest,No