,State_Code,State_Name,Crash_ID,Count_Non_Motorists,Count_Vehicles_Total,Count_Vehicle_Forms,Count_PVH_Involved,Count_Occupants_MV,City_Name,Month_Name,Day_of_Month,Day_of_Week,Crash_Hour,Crash_Minute,Area_Rural_Urban,Road_Functional_Class,On_NHS_Road,Latitude,Longitude,Intersection_Type,Light_Condition,Weather_Condition,Notif_Hour,Notif_Minute,Arrival_Hour,Arrival_Minute,Hospital_Hour,Hospital_Minute,Fatalities_Count,Clean_Light_Condition,Clean_Weather_Condition,Total_Killed,Total_Alive,Fatal_Seats_List,Killed_Restraint_List,Any_Driver_Drinking,Total_Drinking_Drivers,Driver_License_Category,Driver_Max_Prev_Accident_Count,Driver_Max_Prev_Speeding_Count,Max_Driver_Age,Min_Driver_Age,Driver_Sex_List,Total_Exceeding_Limit_Vehicles,Total_Too_Fast_Vehicles,Max_Vehicle_Type_Severity_5,Max_Vehicle_Damage_Rank,Max_Harmful_Event_Severity,Crash_Road_Surface_Condition,Crash_Horizontal_Alignment,Crash_Vertical_Profile,Crash_Impairment_Category,Crash_Vehicle_Defect
22655,36,New York,360095,1,1,1,0,1,MIDDLE VILLAGE,March,3,Friday,18,45,Urban,High Speed (Arterial),Yes,40.68965,-73.80885833,Non-Intersection,Dark - Lighted,Rain,Unknown,Unknown,Unknown EMS Scene Arrival Hour,Unknown EMS Scene Arrival Minutes,Unknown,Unknown EMS Hospital Arrival Time,1,Dark - Lighted,Rain/Wind/Minor,0,1,[],[],1,1,Valid,0.0,0.0,41.0,41.0,['Male'],1,0,3,1,4,Wet/Standing Water,Straight,Level,Lowest,No
22656,36,New York,360096,1,1,1,0,1,MIDDLE VILLAGE,March,7,Tuesday,18,18,Urban,High Speed (Arterial),Yes,40.71316111,-73.76728333,Non-Intersection,Dusk,Clear,6:00pm-6:59pm,18,Unknown EMS Scene Arrival Hour,Unknown EMS Scene Arrival Minutes,Unknown,Unknown EMS Hospital Arrival Time,1,Twilight,Clear,0,1,[],[],0,0,Valid,1.0,0.0,19.0,19.0,['Male'],0,0,2,1,4,Dry,Straight,Level,Lowest,No
22657,36,New York,360097,1,1,1,0,1,NEW YORK CITY,March,9,Thursday,23,30,Urban,Medium Speed (Collector),No,40.70778611,-73.932375,Complex/Circle,Dark - Lighted,Clear,Unknown,Unknown,Unknown EMS Scene Arrival Hour,Unknown EMS Scene Arrival Minutes,Unknown,Unknown EMS Hospital Arrival Time,1,Dark - Lighted,Clear,0,0,[],[],0,0,Valid,2.0,2.0,33.0,33.0,['Male'],0,0,4,1,4,Dry,Straight,Level,Lowest,No
22658,36,New York,360098,0,2,2,0,2,WESTMORELAND,February,16,Thursday,9,42,Urban,High Speed (Arterial),Yes,43.16958333,-75.41719167,Non-Intersection,Daylight,Cloudy,9:00am-9:59am,59,10:00am-10:59am,7,Unknown,Unknown EMS Hospital Arrival Time,1,Daylight,Reduced Visibility,1,1,['Driver'],['Shoulder_Lapbelt'],0,0,Valid,2.0,1.0,76.0,51.0,"['Female', 'Female']",0,0,3,4,5,Dry,Curve,Level,Lowest,No
22659,36,New York,360099,0,2,2,0,5,CAMPBELL HALL,February,27,Monday,12,44,Urban,Medium Speed (Collector),No,41.42211389,-74.28878056,Simple Junction,Daylight,Clear,12:00pm-12:59pm,44,12:00pm-12:59pm,54,1:00pm-1:59pm,30,1,Daylight,Clear,1,4,['Rear_Seat'],['Shoulder_Lapbelt'],0,0,Valid,1.0,0.0,55.0,46.0,"['Female', 'Male']",0,0,3,1,5,Dry,Straight,Level,Lowest,No
22660,36,New York,360100,0,1,1,0,1,KNOX,February,1,Wednesday,1,45,Rural,Medium Speed (Collector),No,42.66534722,-74.13162222,Simple Junction,Dark - Not Lighted,Clear,1:00am-1:59am,52,2:00am-2:59am,5,3:00am-3:59am,2,1,Dark - Unlighted,Clear,1,0,['Driver'],['None_Used'],1,1,Invalid,0.0,0.0,49.0,49.0,['Male'],1,0,3,1,3,Dry,Curve,Grade/Hillcrest,Lowest,No
22661,36,New York,360101,0,2,2,0,2,SCHAGHTICOKE,February,20,Monday,7,8,Rural,Medium Speed (Collector),No,42.83871667,-73.62473611,Non-Intersection,Dawn,Cloudy,7:00am-7:59am,9,7:00am-7:59am,17,Not Applicable (Not Transported),Not Applicable (Not Transported),1,Twilight,Reduced Visibility,1,1,['Driver'],['None_Used'],0,0,Valid,3.0,0.0,47.0,27.0,"['Male', 'Male']",0,0,4,1,5,Dry,Straight,Level,Lowest,No
22662,36,New York,360102,1,2,2,0,4,Other,February,22,Wednesday,16,31,Rural,Medium Speed (Collector),No,42.461025,-77.82306944,Non-Intersection,Daylight,Not Reported,4:00pm-4:59pm,31,4:00pm-4:59pm,46,5:00pm-5:59pm,33,1,Daylight,Clear,0,4,[],[],0,0,Invalid,0.0,0.0,54.0,54.0,['Male'],1,0,3,1,5,Dry,Curve,Level,Lowest,No
22663,36,New York,360103,0,1,1,0,1,MIDDLE VILLAGE,February,25,Saturday,2,21,Urban,High Speed (Arterial),Yes,40.67014722,-73.84627222,Non-Intersection,Dark - Lighted,Clear,Unknown,Unknown,Unknown EMS Scene Arrival Hour,Unknown EMS Scene Arrival Minutes,Unknown,Unknown EMS Hospital Arrival Time,1,Dark - Lighted,Clear,1,0,['Driver'],['None_Used'],0,0,Valid,0.0,1.0,18.0,18.0,['Male'],1,0,2,1,3,Dry,Curve,Level,Lowest,No
22664,36,New York,360104,0,1,1,0,2,TARRYTOWN,March,1,Wednesday,13,20,Urban,High Speed (Arterial),Yes,41.00330833,-73.83361111,Non-Intersection,Daylight,Clear,1:00pm-1:59pm,26,1:00pm-1:59pm,34,2:00pm-2:59pm,20,1,Daylight,Clear,1,1,['Front_Passenger'],['Shoulder_Lapbelt'],0,0,Valid,0.0,0.0,92.0,92.0,['Male'],0,0,3,4,3,Wet/Standing Water,Straight,Grade/Hillcrest,Medium,No
22665,36,New York,360105,0,2,2,0,2,BUSTI,February,21,Tuesday,18,31,Urban,Medium Speed (Collector),No,42.07569167,-79.31566389,Complex/Circle,Daylight,Cloudy,1:00pm-1:59pm,23,Unknown EMS Scene Arrival Hour,Unknown EMS Scene Arrival Minutes,Unknown,Unknown EMS Hospital Arrival Time,1,Daylight,Reduced Visibility,1,1,['Driver'],['None_Used'],0,0,Valid,0.0,1.0,38.0,24.0,"['Female', 'Male']",0,0,3,4,5,Dry,Straight,Level,Lowest,No
22666,36,New York,360106,1,1,1,0,1,JOHNSON CITY,March,5,Sunday,16,22,Rural,Low Speed (Local),No,42.12716111,-75.97553056,Non-Intersection,Daylight,Cloudy,4:00pm-4:59pm,24,4:00pm-4:59pm,27,4:00pm-4:59pm,40,1,Daylight,Reduced Visibility,0,1,[],[],1,1,Invalid,1.0,0.0,20.0,20.0,['Male'],1,0,2,1,4,Dry,Straight,Level,Lowest,No
22667,36,New York,360107,0,2,2,0,3,WAYLAND,March,8,Wednesday,11,27,Rural,Medium Speed (Collector),No,42.51159722,-77.58419444,Non-Intersection,Daylight,Clear,11:00am-11:59am,30,11:00am-11:59am,34,Unknown,Unknown EMS Hospital Arrival Time,1,Daylight,Clear,1,2,['Driver'],['None_Used'],0,0,Valid,1.0,0.0,27.0,24.0,"['Female', 'Male']",0,0,2,4,5,Dry,Straight,Grade/Hillcrest,Lowest,No
22668,36,New York,360108,0,4,2,2,2,NEW YORK CITY,March,13,Monday,18,34,Urban,High Speed (Arterial),Yes,40.66631111,-73.95085,Complex/Circle,Daylight,Rain,Unknown,Unknown,Unknown EMS Scene Arrival Hour,Unknown EMS Scene Arrival Minutes,Unknown,Unknown EMS Hospital Arrival Time,1,Daylight,Rain/Wind/Minor,1,1,['Driver'],['Shoulder_Lapbelt'],0,0,Valid,3.0,2.0,56.0,24.0,"['Male', 'Male']",1,0,3,1,5,Wet/Standing Water,Straight,Level,Lowest,No
22669,36,New York,360109,0,1,1,0,1,HEMPSTEAD,March,15,Wednesday,20,59,Urban,High Speed (Arterial),Yes,40.68369444,-73.57205,Non-Intersection,Dark - Lighted,Clear,8:00pm-8:59pm,59,9:00pm-9:59pm,8,9:00pm-9:59pm,35,1,Dark - Lighted,Clear,1,0,['Driver'],['None_Used'],1,1,Valid,1.0,1.0,48.0,48.0,['Male'],1,0,2,4,3,Dry,Straight,Level,Lowest,No
22670,36,New York,360110,0,3,3,0,3,BATAVIA,March,17,Friday,18,36,Urban,Medium Speed (Collector),No,43.00750278,-78.22910278,Non-Intersection,Dusk,Cloudy,6:00pm-6:59pm,36,6:00pm-6:59pm,40,Not Applicable (Not Transported),Not Applicable (Not Transported),1,Twilight,Reduced Visibility,1,2,['Driver'],['None_Used'],0,0,Valid,2.0,0.0,68.0,24.0,"['Female', 'Male', 'Male']",0,0,3,4,5,Wet/Standing Water,Curve,Level,Lowest,No
22671,36,New York,360111,0,1,1,0,1,ESPERANCE,March,14,Tuesday,18,10,Rural,Low Speed (Local),No,42.73798056,-74.32180833,Non-Intersection,Dark - Not Lighted,Snow,6:00pm-6:59pm,10,6:00pm-6:59pm,17,Not Applicable (Not Transported),Not Applicable (Not Transported),1,Dark - Unlighted,Snow/Ice/Severe,1,0,['Driver'],['Shoulder_Lapbelt'],0,0,Valid,0.0,0.0,62.0,62.0,['Male'],0,0,3,1,2,Dry,Curve,Grade/Hillcrest,Medium,No
22672,36,New York,360113,0,1,1,0,2,BUFFALO,March,18,Saturday,20,51,Urban,Low Speed (Local),No,42.855125,-78.82321944,Non-Intersection,Daylight,Cloudy,Unknown,Unknown,Unknown EMS Scene Arrival Hour,Unknown EMS Scene Arrival Minutes,Unknown,Unknown EMS Hospital Arrival Time,1,Daylight,Reduced Visibility,1,1,['Front_Passenger'],['Shoulder_Lapbelt'],1,1,Valid,1.0,0.0,38.0,38.0,['Male'],2,0,3,1,3,Dry,Curve,Level,Lowest,No
22673,36,New York,360114,0,1,1,0,6,SCARSDALE,March,19,Sunday,0,21,Urban,High Speed (Arterial),Yes,40.97691111,-73.7563,Non-Intersection,Dark - Not Lighted,Cloudy,0:00am-0:59am,21,0:00am-0:59am,33,0:00am-0:59am,50,5,Dark - Unlighted,Reduced Visibility,5,1,"['Driver', 'Front_Passenger', 'Rear_Seat', 'Rear_Seat', 'Rear_Seat']","['Shoulder_Lapbelt', 'Shoulder_Lapbelt', 'Shoulder_Lapbelt', 'Shoulder_Lapbelt', 'Shoulder_Lapbelt']",0,0,Invalid,0.0,0.0,16.0,16.0,['Male'],0,0,2,4,3,Dry,Straight,Grade/Hillcrest,Lowest,No
22674,36,New York,360115,0,2,2,0,2,HEMPSTEAD,March,12,Sunday,3,26,Urban,Low Speed (Local),No,40.70363333,-73.63537222,Non-Intersection,Dark - Lighted,Cloudy,3:00am-3:59am,30,3:00am-3:59am,36,4:00am-4:59am,4,1,Dark - Lighted,Reduced Visibility,1,1,['Driver'],['Shoulder_Lapbelt'],0,0,Valid,3.0,0.0,56.0,52.0,"['Female', 'Male']",0,0,3,1,5,Dry,Curve,Level,Lowest,No
22675,36,New York,360116,1,1,1,0,1,NEW YORK,March,25,Saturday,7,54,Urban,High Speed (Arterial),Yes,40.7252,-73.99523333,Complex/Circle,Daylight,Rain,Unknown,Unknown,Unknown EMS Scene Arrival Hour,Unknown EMS Scene Arrival Minutes,Unknown,Unknown EMS Hospital Arrival Time,1,Daylight,Rain/Wind/Minor,0,1,[],[],0,0,Valid,1.0,0.0,47.0,47.0,['Male'],0,0,1,1,4,Wet/Standing Water,Straight,Level,Lowest,No
22676,36,New York,360117,1,4,3,1,6,NEW YORK CITY,March,20,Monday,12,47,Urban,Medium Speed (Collector),No,40.61976111,-73.98959722,Complex/Circle,Daylight,Clear,12:00pm-12:59pm,48,12:00pm-12:59pm,52,1:00pm-1:59pm,0,2,Daylight,Clear,1,5,['Driver'],['Shoulder_Lapbelt'],0,0,Invalid,2.0,0.0,71.0,49.0,"['Male', 'Male', 'Male']",3,0,3,4,5,Dry,Straight,Level,Lowest,No
22677,36,New York,360118,0,1,1,0,1,TROUPSBURG,March,20,Monday,6,44,Rural,Medium Speed (Collector),No,42.03311111,-77.53808056,Non-Intersection,Dawn,Clear,6:00am-6:59am,44,7:00am-7:59am,10,7:00am-7:59am,41,1,Twilight,Clear,1,0,['Driver'],['Shoulder_Lapbelt'],0,0,Valid,0.0,0.0,71.0,71.0,['Male'],0,0,3,1,3,Dry,Curve,Grade/Hillcrest,Medium,No
22678,36,New York,360119,1,1,1,0,1,NEW YORK CITY,March,22,Wednesday,22,1,Urban,Low Speed (Local),No,40.61154444,-73.97460556,Non-Intersection,Dark - Lighted,Cloudy,Unknown,Unknown,Unknown EMS Scene Arrival Hour,Unknown EMS Scene Arrival Minutes,Unknown,Unknown EMS Hospital Arrival Time,1,Dark - Lighted,Reduced Visibility,0,1,[],[],0,0,Invalid,0.0,0.0,24.0,24.0,['Male'],1,0,2,1,4,Dry,Straight,Level,Lowest,No
22679,36,New York,360120,2,1,1,0,1,NEW YORK CITY,March,22,Wednesday,16,30,Urban,High Speed (Arterial),Yes,40.857575,-73.85655833,Complex/Circle,Daylight,Clear,Unknown,Unknown,Unknown EMS Scene Arrival Hour,Unknown EMS Scene Arrival Minutes,Unknown,Unknown EMS Hospital Arrival Time,1,Daylight,Clear,0,1,[],[],0,0,Valid,1.0,0.0,46.0,46.0,['Male'],1,0,5,4,4,Dry,Straight,Level,Lowest,No
22680,36,New York,360121,1,1,1,0,1,BUFFALO,February,25,Saturday,4,42,Urban,High Speed (Arterial),Yes,42.89616111,-78.81983333,Complex/Circle,Dark - Lighted,Cloudy,4:00am-4:59am,42,4:00am-4:59am,43,Unknown,Unknown EMS Hospital Arrival Time,1,Dark - Lighted,Reduced Visibility,0,1,[],[],1,1,Valid,1.0,0.0,47.0,47.0,['Male'],0,0,3,1,4,Dry,Straight,Level,Lowest,No
22681,36,New York,360122,1,1,1,0,2,MIDDLE VILLAGE,February,5,Sunday,20,25,Urban,High Speed (Arterial),Yes,40.75147222,-73.85588889,Complex/Circle,Dark - Lighted,Clear,Unknown,Unknown,Unknown EMS Scene Arrival Hour,Unknown EMS Scene Arrival Minutes,Unknown,Unknown EMS Hospital Arrival Time,1,Dark - Lighted,Clear,0,2,[],[],0,0,Valid,3.0,0.0,44.0,44.0,['Male'],0,0,3,1,4,Dry,Straight,Level,Lowest,No
22682,36,New York,360123,0,3,3,0,4,BUFFALO,January,1,Sunday,0,4,Urban,High Speed (Arterial),Yes,99.9999,999.9999,Non-Intersection,Dark - Lighted,Clear,Unknown,Unknown,Unknown EMS Scene Arrival Hour,Unknown EMS Scene Arrival Minutes,Unknown,Unknown EMS Hospital Arrival Time,2,Dark - Lighted,Clear,2,2,"['Driver', 'Driver']","['Shoulder_Lapbelt', 'Shoulder_Lapbelt']",1,2,Invalid,3.0,1.0,37.0,25.0,"['Male', 'Male', 'Male']",0,0,3,1,5,Wet/Standing Water,Straight,Level,Lowest,No
22683,36,New York,360124,1,1,1,0,1,MIDDLE VILLAGE,March,30,Thursday,2,23,Urban,High Speed (Arterial),Yes,99.9999,999.9999,Non-Intersection,Dark - Lighted,Clear,Unknown,Unknown,Unknown EMS Scene Arrival Hour,Unknown EMS Scene Arrival Minutes,Unknown,Unknown EMS Hospital Arrival Time,1,Dark - Lighted,Clear,0,1,[],[],0,0,Valid,0.0,0.0,57.0,57.0,['Male'],0,0,3,1,4,Wet/Standing Water,Straight,Grade/Hillcrest,Lowest,No
22684,36,New York,360125,1,1,1,0,1,NEW YORK CITY,March,30,Thursday,5,57,Urban,Low Speed (Local),No,40.61235278,-74.09933611,Complex/Circle,Dark - Not Lighted,Clear,Unknown,Unknown,Unknown EMS Scene Arrival Hour,Unknown EMS Scene Arrival Minutes,Unknown,Unknown EMS Hospital Arrival Time,1,Dark - Unlighted,Clear,0,1,[],[],0,0,Valid,0.0,0.0,42.0,42.0,['Male'],1,0,3,1,4,Dry,Straight,Level,Lowest,No
22685,36,New York,360126,1,1,1,0,2,NEW YORK CITY,March,23,Thursday,21,43,Urban,High Speed (Arterial),Yes,40.87008889,-73.89099722,Complex/Circle,Dark - Lighted,Clear,Unknown,Unknown,Unknown EMS Scene Arrival Hour,Unknown EMS Scene Arrival Minutes,Unknown,Unknown EMS Hospital Arrival Time,1,Dark - Lighted,Clear,0,2,[],[],0,0,Valid,0.0,0.0,47.0,47.0,['Male'],0,0,3,1,4,Dry,Straight,Level,Lowest,No
22686,36,New York,360127,1,1,1,0,1,ALABAMA,March,22,Wednesday,20,19,Rural,High Speed (Arterial),Yes,43.07446389,-78.38538611,Non-Intersection,Dark - Not Lighted,Clear,8:00pm-8:59pm,19,8:00pm-8:59pm,24,Not Applicable (Not Transported),Not Applicable (Not Transported),1,Dark - Unlighted,Clear,0,1,[],[],0,0,Valid,0.0,0.0,67.0,67.0,['Male'],0,0,3,1,4,Dry,Straight,Level,Lowest,No
22687,36,New York,360128,0,2,2,0,4,MOHAWK,March,13,Monday,19,57,Urban,Medium Speed (Collector),No,43.01394167,-74.99234722,Non-Intersection,Dark - Not Lighted,Rain,7:00pm-7:59pm,57,8:00pm-8:59pm,0,Not Applicable (Not Transported),Not Applicable (Not Transported),1,Dark - Unlighted,Rain/Wind/Minor,1,3,['Driver'],['None_Used'],0,0,Valid,0.0,0.0,70.0,38.0,"['Female', 'Male']",1,0,3,4,5,Wet/Standing Water,Straight,Level,Lowest,No
22688,36,New York,360129,1,2,2,0,2,ALLEGANY,March,17,Friday,6,35,Urban,Medium Speed (Collector),No,42.1086,-78.50029722,Non-Intersection,Dark - Not Lighted,Rain,6:00am-6:59am,35,6:00am-6:59am,48,7:00am-7:59am,6,1,Dark - Unlighted,Rain/Wind/Minor,1,1,['Driver'],['None_Used'],0,0,Valid,3.0,1.0,68.0,32.0,"['Male', 'Female']",0,0,4,1,5,Wet/Standing Water,Straight,Level,Lowest,No
22689,36,New York,360130,1,1,1,0,1,RAMAPO,February,11,Saturday,9,9,Urban,Low Speed (Local),No,41.12798056,-74.0451,Complex/Circle,Daylight,Clear,9:00am-9:59am,11,9:00am-9:59am,15,Not Applicable (Not Transported),Not Applicable (Not Transported),1,Daylight,Clear,0,1,[],[],0,0,Valid,1.0,1.0,26.0,26.0,['Male'],0,0,3,1,4,Dry,Straight,Level,Lowest,No
22690,36,New York,360131,1,1,1,0,1,POUGHKEEPSIE,March,28,Tuesday,14,6,Urban,Medium Speed (Collector),No,41.67872778,-73.88901111,Non-Intersection,Daylight,Cloudy,2:00pm-2:59pm,6,2:00pm-2:59pm,16,2:00pm-2:59pm,39,1,Daylight,Reduced Visibility,0,1,[],[],0,0,Valid,0.0,0.0,72.0,72.0,['Male'],0,0,3,1,4,Dry,Straight,Grade/Hillcrest,Lowest,No
22691,36,New York,360132,0,2,2,0,2,RHINEBECK,March,28,Tuesday,6,26,Rural,High Speed (Arterial),Yes,41.91781389,-73.90657778,Non-Intersection,Dawn,Clear,6:00am-6:59am,26,6:00am-6:59am,34,Unknown,Unknown EMS Hospital Arrival Time,1,Twilight,Clear,1,1,['Driver'],['Shoulder_Lapbelt'],0,0,Invalid,0.0,0.0,49.0,14.0,"['Male', 'Male']",0,0,3,4,5,Dry,Straight,Grade/Hillcrest,Medium,No
22692,36,New York,360133,0,2,2,0,3,CIRCLEVILLE,January,29,Sunday,14,10,Urban,High Speed (Arterial),Yes,41.46251667,-74.34507222,Non-Intersection,Daylight,Cloudy,2:00pm-2:59pm,10,2:00pm-2:59pm,24,Not Applicable (Not Transported),Not Applicable (Not Transported),1,Daylight,Reduced Visibility,1,2,['Driver'],['None_Used'],0,0,Valid,3.0,0.0,35.0,23.0,"['Female', 'Female']",0,0,3,4,5,Dry,Straight,Level,Lowest,No
22693,36,New York,360134,1,2,1,1,1,NEW YORK CITY,April,5,Wednesday,23,22,Urban,High Speed (Arterial),Yes,40.84714444,-73.84909167,Complex/Circle,Dark - Lighted,"Fog, Smog, Smoke",Unknown,Unknown,Unknown EMS Scene Arrival Hour,Unknown EMS Scene Arrival Minutes,Unknown,Unknown EMS Hospital Arrival Time,1,Dark - Lighted,Reduced Visibility,0,1,[],[],0,0,Valid,0.0,1.0,31.0,31.0,['Male'],1,0,3,1,4,Wet/Standing Water,Straight,Level,Lowest,No
22694,36,New York,360135,1,3,2,1,3,NEW YORK CITY,April,5,Wednesday,19,12,Urban,Medium Speed (Collector),No,40.63448056,-73.992725,Complex/Circle,Dusk,Cloudy,Unknown,Unknown,Unknown EMS Scene Arrival Hour,Unknown EMS Scene Arrival Minutes,Unknown,Unknown EMS Hospital Arrival Time,1,Twilight,Reduced Visibility,0,3,[],[],0,0,Valid,0.0,1.0,27.0,27.0,"['Male', 'Male']",0,0,3,1,5,Wet/Standing Water,Straight,Grade/Hillcrest,Lowest,No
22695,36,New York,360136,1,1,1,0,1,NEW YORK,April,5,Wednesday,19,29,Urban,High Speed (Arterial),Yes,40.80185,-73.93723056,Complex/Circle,Dusk,Cloudy,7:00pm-7:59pm,29,Unknown EMS Scene Arrival Hour,Unknown EMS Scene Arrival Minutes,Unknown,Unknown EMS Hospital Arrival Time,1,Twilight,Reduced Visibility,0,0,[],[],0,0,Invalid,0.0,0.0,999.0,999.0,['Other'],1,0,3,1,4,Dry,Straight,Level,Lowest,No
22696,36,New York,360138,0,2,2,0,3,DELMAR,March,28,Tuesday,17,2,Urban,Medium Speed (Collector),No,42.54888611,-73.76980556,Non-Intersection,Daylight,Cloudy,5:00pm-5:59pm,2,5:00pm-5:59pm,14,5:00pm-5:59pm,47,1,Daylight,Reduced Visibility,1,2,['Front_Passenger'],['None_Used'],0,0,Valid,0.0,0.0,63.0,59.0,"['Female', 'Female']",0,0,3,1,5,Dry,Straight,Level,Lowest,No
22697,36,New York,360139,0,1,1,0,5,AMHERST,February,20,Monday,23,22,Urban,Medium Speed (Collector),No,42.99568333,-78.789875,Non-Intersection,Dark - Not Lighted,Clear,11:00pm-11:59pm,22,11:00pm-11:59pm,30,Unknown,Unknown EMS Hospital Arrival Time,3,Dark - Unlighted,Clear,3,2,"['Rear_Seat', 'Rear_Seat', 'Rear_Seat']","['None_Used', 'None_Used', 'None_Used']",1,1,Valid,1.0,0.0,18.0,18.0,['Female'],5,0,2,4,3,Dry,Curve,Level,Lowest,No
22698,36,New York,360140,0,1,1,0,1,BALLSTON SPA,March,10,Friday,16,13,Urban,Medium Speed (Collector),No,43.02813889,-73.89733889,Non-Intersection,Daylight,Clear,4:00pm-4:59pm,13,4:00pm-4:59pm,18,5:00pm-5:59pm,20,1,Daylight,Clear,1,0,['Driver'],['None_Used'],0,0,Valid,1.0,0.0,53.0,53.0,['Male'],1,0,3,1,3,Dry,Straight,Level,Lowest,No
22699,36,New York,360141,0,1,1,0,1,GERMANTOWN,April,6,Thursday,22,16,Rural,Medium Speed (Collector),No,42.163125,-73.86552222,Non-Intersection,Dark - Not Lighted,Clear,11:00pm-11:59pm,34,0:00am-0:59am,31,1:00am-1:59am,3,1,Dark - Unlighted,Clear,1,0,['Driver'],['None_Used'],0,0,Valid,0.0,0.0,18.0,18.0,['Male'],1,0,2,4,3,Wet/Standing Water,Curve,Level,Lowest,No
22700,36,New York,360142,0,1,1,0,2,MIDDLE VILLAGE,April,9,Sunday,5,18,Urban,High Speed (Arterial),Yes,40.76610556,-73.86335,Non-Intersection,Dark - Lighted,Clear,5:00am-5:59am,24,Unknown EMS Scene Arrival Hour,Unknown EMS Scene Arrival Minutes,Unknown,Unknown EMS Hospital Arrival Time,1,Dark - Lighted,Clear,1,1,['Driver'],['None_Used'],1,1,Valid,0.0,1.0,20.0,20.0,['Male'],0,0,3,4,3,Dry,Straight,Level,Lowest,No
22701,36,New York,360143,0,2,2,0,2,COCHECTON,March,27,Monday,15,42,Rural,Medium Speed (Collector),No,41.71099167,-75.04821111,Non-Intersection,Daylight,Cloudy,3:00pm-3:59pm,42,3:00pm-3:59pm,59,Not Applicable (Not Transported),Not Applicable (Not Transported),2,Daylight,Reduced Visibility,2,0,"['Driver', 'Driver']","['Shoulder_Lapbelt', 'Shoulder_Lapbelt']",1,1,Valid,0.0,0.0,34.0,24.0,"['Male', 'Male']",1,0,2,1,5,Dry,Curve,Level,Lowest,No
22702,36,New York,360144,0,1,1,0,4,OXFORD,February,8,Wednesday,16,29,Rural,Low Speed (Local),No,42.44871667,-75.62846944,Non-Intersection,Daylight,Cloudy,4:00pm-4:59pm,33,4:00pm-4:59pm,42,Unknown,Unknown EMS Hospital Arrival Time,1,Daylight,Reduced Visibility,1,3,['Front_Passenger'],['None_Used'],0,0,Valid,0.0,0.0,18.0,18.0,['Male'],4,0,3,4,3,Dry,Curve,Grade/Hillcrest,Lowest,No
22703,36,New York,360145,1,1,1,0,1,ALBANY,March,26,Sunday,22,14,Urban,High Speed (Arterial),Yes,42.63299444,-73.7687,Non-Intersection,Dark - Not Lighted,Clear,10:00pm-10:59pm,13,10:00pm-10:59pm,21,Unknown,Unknown EMS Hospital Arrival Time,1,Dark - Unlighted,Clear,0,1,[],[],0,0,Valid,0.0,0.0,61.0,61.0,['Female'],0,0,3,1,4,Dry,Straight,Level,Lowest,No
22704,36,New York,360146,0,2,2,0,2,HARRISON,January,18,Wednesday,10,20,Urban,High Speed (Arterial),Yes,99.9999,999.9999,Non-Intersection,Daylight,Clear,Unknown,Unknown,Unknown EMS Scene Arrival Hour,Unknown EMS Scene Arrival Minutes,Unknown,Unknown EMS Hospital Arrival Time,1,Daylight,Clear,1,1,['Driver'],['Shoulder_Lapbelt'],0,0,Valid,0.0,1.0,42.0,37.0,"['Male', 'Male']",1,0,4,4,5,Dry,Curve,Level,Lowest,No
22705,36,New York,360147,1,1,1,0,1,MIDDLE VILLAGE,April,10,Monday,21,35,Urban,Low Speed (Local),No,40.78249444,-73.91449167,Complex/Circle,Dark - Lighted,Clear,Unknown,Unknown,Unknown EMS Scene Arrival Hour,Unknown EMS Scene Arrival Minutes,Unknown,Unknown EMS Hospital Arrival Time,1,Dark - Lighted,Clear,0,1,[],[],0,0,Valid,0.0,0.0,19.0,19.0,['Male'],0,0,3,1,4,Dry,Straight,Level,Lowest,No
22706,36,New York,360148,0,2,2,0,2,NEW YORK CITY,April,11,Tuesday,0,58,Urban,High Speed (Arterial),Yes,40.63143056,-73.88446667,Non-Intersection,Dark - Lighted,Clear,Unknown,Unknown,Unknown EMS Scene Arrival Hour,Unknown EMS Scene Arrival Minutes,Unknown,Unknown EMS Hospital Arrival Time,2,Dark - Lighted,Clear,2,0,"['Driver', 'Driver']","['Shoulder_Lapbelt', 'Shoulder_Lapbelt']",1,1,Valid,1.0,0.0,79.0,52.0,"['Male', 'Male']",0,0,3,4,5,Dry,Straight,Grade/Hillcrest,Lowest,No
22707,36,New York,360149,0,4,4,0,4,STONY POINT,March,23,Thursday,11,14,Urban,High Speed (Arterial),Yes,41.23586389,-73.98515833,Non-Intersection,Daylight,Cloudy,11:00am-11:59am,14,11:00am-11:59am,21,12:00pm-12:59pm,15,1,Daylight,Reduced Visibility,1,3,['Driver'],['Shoulder_Lapbelt'],0,0,Valid,1.0,0.0,81.0,24.0,"['Male', 'Female', 'Male', 'Male']",0,0,4,1,5,Dry,Straight,Grade/Hillcrest,Lowest,No
22708,36,New York,360150,0,1,1,0,1,EASTCHESTER,April,7,Friday,16,30,Urban,High Speed (Arterial),Yes,40.933575,-73.80553611,Non-Intersection,Daylight,Cloudy,Unknown,Unknown,Unknown EMS Scene Arrival Hour,Unknown EMS Scene Arrival Minutes,Not Applicable (Not Transported),Not Applicable (Not Transported),1,Daylight,Reduced Visibility,1,0,['Driver'],['None_Used'],1,1,Valid,2.0,0.0,41.0,41.0,['Male'],1,0,5,1,2,Dry,Curve,Grade/Hillcrest,Lowest,No
22709,36,New York,360151,4,1,1,0,1,NEWARK VALLEY,February,15,Wednesday,11,23,Rural,Medium Speed (Collector),No,42.25048333,-76.17841944,Non-Intersection,Daylight,Clear,11:00am-11:59am,23,11:00am-11:59am,38,Unknown,Unknown EMS Hospital Arrival Time,3,Daylight,Clear,0,1,[],[],0,0,Valid,0.0,1.0,18.0,18.0,['Male'],0,0,3,1,4,Dry,Straight,Level,Lowest,No