,State_Code,State_Name,Crash_ID,Count_Non_Motorists,Count_Vehicles_Total,Count_Vehicle_Forms,Count_PVH_Involved,Count_Occupants_MV,City_Name,Month_Name,Day_of_Month,Day_of_Week,Crash_Hour,Crash_Minute,Area_Rural_Urban,Road_Functional_Class,On_NHS_Road,Latitude,Longitude,Intersection_Type,Light_Condition,Weather_Condition,Notif_Hour,Notif_Minute,Arrival_Hour,Arrival_Minute,Hospital_Hour,Hospital_Minute,Fatalities_Count,Clean_Light_Condition,Clean_Weather_Condition,Total_Killed,Total_Alive,Fatal_Seats_List,Killed_Restraint_List,Any_Driver_Drinking,Total_Drinking_Drivers,Driver_License_Category,Driver_Max_Prev_Accident_Count,Driver_Max_Prev_Speeding_Count,Max_Driver_Age,Min_Driver_Age,Driver_Sex_List,Total_Exceeding_Limit_Vehicles,Total_Too_Fast_Vehicles,Max_Vehicle_Type_Severity_5,Max_Vehicle_Damage_Rank,Max_Harmful_Event_Severity,Crash_Road_Surface_Condition,Crash_Horizontal_Alignment,Crash_Vertical_Profile,Crash_Impairment_Category,Crash_Vehicle_Defect
22710,36,New York,360152,0,2,2,0,2,SPENCER,February,13,Monday,16,27,Rural,Medium Speed (Collector),No,42.219725,-76.42100556,Non-Intersection,Dark - Lighted,Cloudy,4:00pm-4:59pm,27,5:00pm-5:59pm,23,6:00pm-6:59pm,8,1,Dark - Lighted,Reduced Visibility,1,1,['Driver'],['Shoulder_Lapbelt'],1,1,Valid,2.0,1.0,43.0,32.0,"['Male', 'Male']",0,0,2,4,5,Dry,Curve,Level,Lowest,No
22711,36,New York,360153,0,1,1,0,1,MILLBROOK,April,8,Saturday,20,20,Rural,Low Speed (Local),No,41.76560833,-73.70041389,Complex/Circle,Dark - Not Lighted,Cloudy,8:00pm-8:59pm,20,8:00pm-8:59pm,25,9:00pm-9:59pm,10,1,Dark - Unlighted,Reduced Visibility,1,0,['Driver'],['None_Used'],1,1,Valid,0.0,0.0,52.0,52.0,['Male'],0,0,3,1,3,Dry,Curve,Level,Lowest,No
22712,36,New York,360154,0,2,2,0,2,NEW YORK CITY,April,14,Friday,14,4,Urban,Medium Speed (Collector),No,40.60779722,-74.02145278,Non-Intersection,Daylight,Clear,Unknown,Unknown,Unknown EMS Scene Arrival Hour,Unknown EMS Scene Arrival Minutes,Unknown,Unknown EMS Hospital Arrival Time,1,Daylight,Clear,1,1,['Driver'],['None_Used'],0,0,Invalid,0.0,2.0,54.0,21.0,"['Male', 'Male']",0,0,5,1,5,Dry,Straight,Level,Lowest,No
22713,36,New York,360155,1,2,2,0,2,NEW YORK CITY,April,16,Sunday,21,58,Urban,High Speed (Arterial),Yes,40.69031111,-73.99443056,Complex/Circle,Dark - Lighted,Clear,Unknown,Unknown,Unknown EMS Scene Arrival Hour,Unknown EMS Scene Arrival Minutes,Unknown,Unknown EMS Hospital Arrival Time,1,Dark - Lighted,Clear,0,1,[],[],1,1,Valid,1.0,1.0,40.0,27.0,"['Male', 'Male']",0,0,2,1,5,Dry,Straight,Level,Lowest,No
22714,36,New York,360156,1,1,1,0,1,GREENWICH,March,14,Tuesday,20,7,Rural,Low Speed (Local),No,42.99933611,-73.55088611,Non-Intersection,Dark - Not Lighted,Snow,8:00pm-8:59pm,7,8:00pm-8:59pm,23,9:00pm-9:59pm,42,1,Dark - Unlighted,Snow/Ice/Severe,0,0,[],[],0,0,Invalid,0.0,0.0,999.0,999.0,['Other'],0,0,1,1,4,Dry,Straight,Level,Lowest,No
22715,36,New York,360157,0,2,2,0,6,BUFFALO,March,20,Monday,5,22,Urban,High Speed (Arterial),Yes,42.94233056,-78.83589444,Non-Intersection,Dark - Lighted,Clear,Unknown,Unknown,Unknown EMS Scene Arrival Hour,Unknown EMS Scene Arrival Minutes,Unknown,Unknown EMS Hospital Arrival Time,1,Dark - Lighted,Clear,1,5,['Driver'],['Shoulder_Lapbelt'],0,0,Valid,1.0,0.0,42.0,18.0,"['Male', 'Male']",5,0,3,4,5,Dry,Straight,Level,Lowest,No
22716,36,New York,360158,0,2,2,0,3,CHENANGO BRIDGE,April,4,Tuesday,14,43,Rural,Medium Speed (Collector),No,42.20903056,-75.90961944,Non-Intersection,Daylight,Cloudy,2:00pm-2:59pm,43,2:00pm-2:59pm,52,Not Applicable (Not Transported),Not Applicable (Not Transported),1,Daylight,Reduced Visibility,1,2,['Driver'],['None_Used'],1,1,Valid,2.0,1.0,31.0,20.0,"['Male', 'Female']",0,0,5,4,5,Dry,Straight,Non-Trafficway,Lowest,No
22717,36,New York,360159,0,2,2,0,2,OYSTER BAY,April,4,Tuesday,7,40,Urban,Medium Speed (Collector),No,40.78858611,-73.503725,Non-Intersection,Daylight,Clear,7:00am-7:59am,41,7:00am-7:59am,45,7:00am-7:59am,55,1,Daylight,Clear,1,1,['Driver'],['None_Used'],0,0,Valid,0.0,0.0,32.0,28.0,"['Male', 'Male']",0,0,5,4,5,Dry,Straight,Level,Lowest,No
22718,36,New York,360160,1,1,1,0,1,MONTGOMERY,April,10,Monday,0,15,Urban,Medium Speed (Collector),No,41.52057222,-74.24321944,Non-Intersection,Dark - Lighted,Clear,0:00am-0:59am,15,0:00am-0:59am,20,0:00am-0:59am,39,1,Dark - Lighted,Clear,0,1,[],[],0,0,Valid,0.0,0.0,60.0,60.0,['Male'],0,0,2,1,4,Dry,Straight,Level,Lowest,No
22719,36,New York,360161,0,2,2,0,2,GLOVERSVILLE,April,13,Thursday,16,14,Urban,Medium Speed (Collector),No,43.0661,-74.34093889,Simple Junction,Daylight,Cloudy,4:00pm-4:59pm,14,4:00pm-4:59pm,15,4:00pm-4:59pm,40,1,Daylight,Reduced Visibility,1,1,['Driver'],['None_Used'],0,0,Invalid,0.0,0.0,78.0,44.0,"['Male', 'Female']",0,0,5,1,5,Dry,Straight,Level,Lowest,No
22720,36,New York,360162,1,1,1,0,2,MIDDLE VILLAGE,April,14,Friday,12,9,Urban,High Speed (Arterial),Yes,40.66671667,-73.83318889,Non-Intersection,Daylight,Clear,12:00pm-12:59pm,9,Unknown EMS Scene Arrival Hour,Unknown EMS Scene Arrival Minutes,Unknown,Unknown EMS Hospital Arrival Time,1,Daylight,Clear,0,2,[],[],0,0,Valid,1.0,1.0,25.0,25.0,['Male'],0,0,2,1,4,Dry,Straight,Grade/Hillcrest,Lowest,No
22721,36,New York,360163,1,1,1,0,2,NEW YORK CITY,April,15,Saturday,22,45,Urban,Medium Speed (Collector),No,40.82096389,-73.86562222,Complex/Circle,Dark - Lighted,Cloudy,Unknown,Unknown,Unknown EMS Scene Arrival Hour,Unknown EMS Scene Arrival Minutes,Unknown,Unknown EMS Hospital Arrival Time,1,Dark - Lighted,Reduced Visibility,0,2,[],[],1,1,Valid,1.0,0.0,63.0,63.0,['Male'],0,0,2,1,4,Dry,Straight,Level,Lowest,No
22722,36,New York,360164,1,1,1,0,1,MIDDLE VILLAGE,April,15,Saturday,23,51,Urban,High Speed (Arterial),Yes,40.74587222,-73.88956944,Complex/Circle,Dark - Lighted,Cloudy,Unknown,Unknown,Unknown EMS Scene Arrival Hour,Unknown EMS Scene Arrival Minutes,Not Applicable (Not Transported),Not Applicable (Not Transported),1,Dark - Lighted,Reduced Visibility,0,1,[],[],0,0,Valid,0.0,0.0,39.0,39.0,['Male'],0,0,3,1,4,Dry,Straight,Level,Lowest,No
22723,36,New York,360165,0,2,2,0,3,LENOX,April,15,Saturday,16,5,Rural,Medium Speed (Collector),No,43.15484722,-75.74459444,Non-Intersection,Daylight,Cloudy,4:00pm-4:59pm,6,4:00pm-4:59pm,14,4:00pm-4:59pm,35,1,Daylight,Reduced Visibility,1,2,['Rear_Seat'],['None_Used'],1,1,Valid,1.0,0.0,47.0,34.0,"['Female', 'Male']",0,0,5,4,5,Dry,Curve,Level,Lowest,No
22724,36,New York,360166,0,1,1,0,4,INTERLAKEN,February,24,Friday,17,33,Rural,Medium Speed (Collector),No,42.5793,-76.65885833,Non-Intersection,Daylight,Cloudy,5:00pm-5:59pm,33,5:00pm-5:59pm,38,7:00pm-7:59pm,20,1,Daylight,Reduced Visibility,1,3,['Rear_Seat'],['None_Used'],0,0,Invalid,0.0,0.0,45.0,45.0,['Female'],0,0,2,4,3,Dry,Straight,Level,Lowest,No
22725,36,New York,360167,0,1,1,0,2,HAVERSTRAW,February,26,Sunday,2,23,Urban,High Speed (Arterial),Yes,41.21492222,-74.03273611,Non-Intersection,Dark - Not Lighted,Clear,2:00am-2:59am,23,2:00am-2:59am,29,Unknown,Unknown EMS Hospital Arrival Time,1,Dark - Unlighted,Clear,1,1,['Front_Passenger'],['Shoulder_Lapbelt'],1,1,Valid,1.0,0.0,34.0,34.0,['Female'],2,0,3,4,3,Dry,Straight,Level,Lowest,No
22726,36,New York,360168,1,1,1,0,1,ROME,March,4,Saturday,19,8,Urban,Medium Speed (Collector),No,43.26052222,-75.44788056,Non-Intersection,Dark - Not Lighted,Cloudy,7:00pm-7:59pm,9,7:00pm-7:59pm,18,7:00pm-7:59pm,37,1,Dark - Unlighted,Reduced Visibility,0,1,[],[],0,0,Valid,1.0,0.0,20.0,20.0,['Male'],0,0,2,1,4,Wet/Standing Water,Straight,Level,Lowest,No
22727,36,New York,360169,1,1,1,0,1,MIDDLE VILLAGE,April,20,Thursday,17,20,Urban,High Speed (Arterial),Yes,40.748925,-73.93729444,Complex/Circle,Daylight,Clear,Unknown,Unknown,Unknown EMS Scene Arrival Hour,Unknown EMS Scene Arrival Minutes,Unknown,Unknown EMS Hospital Arrival Time,1,Daylight,Clear,0,1,[],[],0,0,Valid,2.0,1.0,54.0,54.0,['Male'],0,0,1,1,4,Dry,Straight,Level,Lowest,No
22728,36,New York,360170,0,2,2,0,3,GRANVILLE,March,25,Saturday,21,56,Rural,Medium Speed (Collector),No,43.45036667,-73.33483889,Non-Intersection,Dark - Not Lighted,Not Reported,9:00pm-9:59pm,56,9:00pm-9:59pm,58,Unknown,Unknown EMS Hospital Arrival Time,2,Dark - Unlighted,Clear,2,1,"['Driver', 'Front_Passenger']","['Shoulder_Lapbelt', 'Shoulder_Lapbelt']",0,0,Valid,0.0,0.0,56.0,20.0,"['Male', 'Male']",0,0,3,1,5,Dry,Straight,Grade/Hillcrest,Lowest,No
22729,36,New York,360171,0,2,2,0,3,NEW YORK CITY,April,19,Wednesday,1,43,Urban,High Speed (Arterial),Yes,99.9999,999.9999,Non-Intersection,Dark - Lighted,Clear,Unknown,Unknown,Unknown EMS Scene Arrival Hour,Unknown EMS Scene Arrival Minutes,Unknown,Unknown EMS Hospital Arrival Time,1,Dark - Lighted,Clear,1,2,['Front_Passenger'],['Shoulder_Lapbelt'],0,0,Valid,1.0,0.0,52.0,19.0,"['Male', 'Male']",2,0,4,4,5,Dry,Straight,Level,Lowest,No
22730,36,New York,360172,0,1,1,0,1,VERONA,April,8,Saturday,1,51,Urban,Medium Speed (Collector),No,43.10334722,-75.58754444,Non-Intersection,Dark - Not Lighted,Cloudy,1:00am-1:59am,51,2:00am-2:59am,4,Not Applicable (Not Transported),Not Applicable (Not Transported),1,Dark - Unlighted,Reduced Visibility,1,0,['Driver'],['Shoulder_Lapbelt'],1,1,Valid,0.0,0.0,24.0,24.0,['Female'],1,0,3,4,3,Dry,Curve,Level,Lowest,No
22731,36,New York,360173,0,1,1,0,1,ARMONK,April,14,Friday,18,3,Urban,High Speed (Arterial),Yes,41.09358333,-73.74382222,Non-Intersection,Daylight,Clear,6:00pm-6:59pm,6,6:00pm-6:59pm,14,6:00pm-6:59pm,32,1,Daylight,Clear,1,0,['Driver'],['None_Used'],0,0,Valid,1.0,1.0,22.0,22.0,['Male'],0,0,3,4,2,Dry,Curve,Grade/Hillcrest,Lowest,No
22732,36,New York,360174,0,1,1,0,1,HEMPSTEAD,March,29,Wednesday,2,41,Urban,Low Speed (Local),No,40.62694722,-73.69302778,Simple Junction,Dark - Lighted,Clear,2:00am-2:59am,41,2:00am-2:59am,47,Not Applicable (Not Transported),Not Applicable (Not Transported),1,Dark - Lighted,Clear,1,0,['Driver'],['None_Used'],0,0,Valid,0.0,0.0,19.0,19.0,['Male'],1,0,3,4,3,Dry,Straight,Level,Lowest,No
22733,36,New York,360175,0,1,1,0,1,Other,April,22,Saturday,1,29,Rural,Medium Speed (Collector),No,42.82455833,-74.34115278,Non-Intersection,Dark - Not Lighted,Cloudy,1:00am-1:59am,35,1:00am-1:59am,48,2:00am-2:59am,50,1,Dark - Unlighted,Reduced Visibility,1,0,['Driver'],['None_Used'],1,1,Valid,0.0,0.0,31.0,31.0,['Female'],1,0,2,4,3,Dry,Straight,Grade/Hillcrest,Lowest,No
22734,36,New York,360176,0,2,2,0,2,HEMPSTEAD,April,23,Sunday,3,40,Urban,Medium Speed (Collector),No,40.68844444,-73.66105833,Non-Intersection,Dark - Lighted,Rain,3:00am-3:59am,47,3:00am-3:59am,57,4:00am-4:59am,14,1,Dark - Lighted,Rain/Wind/Minor,1,1,['Driver'],['None_Used'],0,0,Valid,5.0,1.0,41.0,26.0,"['Male', 'Male']",0,0,2,1,5,Wet/Standing Water,Straight,Level,Lowest,No
22735,36,New York,360177,0,3,3,0,3,PEMBROKE,April,13,Thursday,12,13,Urban,High Speed (Arterial),Yes,99.9999,999.9999,Non-Intersection,Daylight,Clear,12:00pm-12:59pm,13,12:00pm-12:59pm,30,Unknown,Unknown EMS Hospital Arrival Time,1,Daylight,Clear,1,2,['Driver'],['None_Used'],0,0,Valid,0.0,1.0,64.0,23.0,"['Male', 'Male', 'Female']",0,0,4,1,5,Dry,Straight,Grade/Hillcrest,Lowest,No
22736,36,New York,360178,1,2,2,0,1,SCOTTSVILLE,April,17,Monday,19,0,Urban,High Speed (Arterial),Yes,99.9999,999.9999,Non-Intersection,Dusk,Clear,Unknown,Unknown,Unknown EMS Scene Arrival Hour,Unknown EMS Scene Arrival Minutes,Not Applicable (Not Transported),Not Applicable (Not Transported),1,Twilight,Clear,0,1,[],[],0,0,Valid,0.0,0.0,40.0,40.0,['Male'],0,0,4,4,5,Dry,Straight,Level,Lowest,No
22737,36,New York,360179,1,1,1,0,1,KINGSTON,January,6,Friday,16,29,Urban,Low Speed (Local),No,41.91961111,-73.98753333,Complex/Circle,Dark - Lighted,Rain,4:00pm-4:59pm,29,4:00pm-4:59pm,31,4:00pm-4:59pm,54,1,Dark - Lighted,Rain/Wind/Minor,0,1,[],[],0,0,Valid,1.0,0.0,77.0,77.0,['Male'],0,0,1,1,4,Wet/Standing Water,Straight,Level,Lowest,No
22738,36,New York,360180,1,3,2,1,2,MIDDLE VILLAGE,April,26,Wednesday,10,9,Urban,High Speed (Arterial),Yes,40.75824444,-73.85276667,Non-Intersection,Daylight,Clear,10:00am-10:59am,10,10:00am-10:59am,15,10:00am-10:59am,40,1,Daylight,Clear,0,2,[],[],0,0,Valid,0.0,0.0,39.0,23.0,"['Male', 'Male']",1,0,2,4,5,Dry,Curve,Grade/Hillcrest,Lowest,No
22739,36,New York,360181,0,1,1,0,1,YONKERS,April,24,Monday,14,8,Urban,High Speed (Arterial),Yes,40.91173333,-73.85219722,Non-Intersection,Daylight,Clear,2:00pm-2:59pm,15,Unknown EMS Scene Arrival Hour,Unknown EMS Scene Arrival Minutes,Unknown,Unknown EMS Hospital Arrival Time,1,Daylight,Clear,1,0,['Driver'],['None_Used'],0,0,Invalid,0.0,0.0,20.0,20.0,['Male'],1,0,5,1,3,Dry,Straight,Level,Lowest,No
22740,36,New York,360182,1,1,1,0,1,HYDE PARK,April,8,Saturday,12,0,Urban,Medium Speed (Collector),No,41.73838611,-73.90953056,Non-Intersection,Daylight,Clear,12:00pm-12:59pm,3,12:00pm-12:59pm,5,12:00pm-12:59pm,14,1,Daylight,Clear,0,1,[],[],0,0,Valid,0.0,0.0,73.0,73.0,['Female'],0,0,3,1,4,Dry,Straight,Level,Lowest,No
22741,36,New York,360183,0,3,3,0,4,ITHACA,April,12,Wednesday,19,40,Urban,High Speed (Arterial),Yes,42.40655556,-76.54471111,Non-Intersection,Dusk,Cloudy,7:00pm-7:59pm,47,7:00pm-7:59pm,50,Unknown,Unknown EMS Hospital Arrival Time,1,Twilight,Reduced Visibility,1,3,['Driver'],['None_Used'],0,0,Valid,1.0,0.0,69.0,25.0,"['Female', 'Female', 'Female']",0,0,3,1,5,Dry,Straight,Level,Lowest,No
22742,36,New York,360184,0,2,2,0,3,NEW HAVEN,March,22,Wednesday,6,39,Rural,Medium Speed (Collector),No,43.50189722,-76.31683333,Complex/Circle,Dawn,Clear,6:00am-6:59am,39,6:00am-6:59am,52,Unknown,Unknown EMS Hospital Arrival Time,1,Twilight,Clear,1,2,['Non_Standard_Risk'],['None_Used'],0,0,Valid,1.0,0.0,69.0,45.0,"['Male', 'Male']",2,0,3,1,5,Dry,Straight,Level,Lowest,No
22743,36,New York,360185,0,1,1,0,2,GILBERTSVILLE,March,31,Friday,21,41,Rural,Medium Speed (Collector),No,42.42319167,-75.36962222,Non-Intersection,Dark - Not Lighted,Rain,9:00pm-9:59pm,44,9:00pm-9:59pm,59,Not Applicable (Not Transported),Not Applicable (Not Transported),2,Dark - Unlighted,Rain/Wind/Minor,2,0,"['Driver', 'Front_Passenger']","['Shoulder_Lapbelt', 'Shoulder_Lapbelt']",0,0,Valid,0.0,0.0,17.0,17.0,['Male'],2,0,2,4,3,Wet/Standing Water,Curve,Level,Lowest,No
22744,36,New York,360186,1,1,1,0,1,ROCHESTER,April,1,Saturday,5,47,Urban,High Speed (Arterial),Yes,43.166675,-77.65949722,Non-Intersection,Dark - Lighted,Rain,Unknown,Unknown,Unknown EMS Scene Arrival Hour,Unknown EMS Scene Arrival Minutes,Not Applicable (Not Transported),Not Applicable (Not Transported),1,Dark - Lighted,Rain/Wind/Minor,0,1,[],[],0,0,Valid,1.0,0.0,24.0,24.0,['Female'],0,0,3,4,4,Wet/Standing Water,Straight,Grade/Hillcrest,Lowest,No
22745,36,New York,360187,0,2,2,0,4,NISKAYUNA,April,22,Saturday,15,35,Urban,High Speed (Arterial),Yes,42.79259722,-73.87519167,Non-Intersection,Daylight,Cloudy,3:00pm-3:59pm,35,3:00pm-3:59pm,39,Unknown,Unknown EMS Hospital Arrival Time,1,Daylight,Reduced Visibility,1,3,['Driver'],['Shoulder_Lapbelt'],0,0,Valid,0.0,0.0,59.0,54.0,"['Female', 'Female']",0,0,2,4,5,Dry,Straight,Grade/Hillcrest,Lowest,No
22746,36,New York,360188,1,1,1,0,1,MIDDLE VILLAGE,April,28,Friday,4,39,Urban,High Speed (Arterial),Yes,40.74256944,-73.95267222,Complex/Circle,Dark - Lighted,Cloudy,Unknown,Unknown,Unknown EMS Scene Arrival Hour,Unknown EMS Scene Arrival Minutes,Unknown,Unknown EMS Hospital Arrival Time,1,Dark - Lighted,Reduced Visibility,0,1,[],[],0,0,Invalid,0.0,0.0,998.0,998.0,['Other'],1,0,1,0,4,Dry,Straight,Level,Lowest,No
22747,36,New York,360189,1,2,1,1,1,ROCHESTER,April,25,Tuesday,3,32,Urban,High Speed (Arterial),Yes,43.15887778,-77.59833611,Non-Intersection,Dark - Lighted,Clear,3:00am-3:59am,48,4:00am-4:59am,2,4:00am-4:59am,23,1,Dark - Lighted,Clear,0,0,[],[],0,0,Invalid,0.0,0.0,999.0,999.0,['Other'],0,0,1,1,4,Dry,Straight,Level,Lowest,No
22748,36,New York,360190,0,2,1,1,1,HEMPSTEAD,April,28,Friday,16,13,Urban,Low Speed (Local),No,40.70650833,-73.59363333,Non-Intersection,Daylight,Cloudy,4:00pm-4:59pm,16,4:00pm-4:59pm,18,4:00pm-4:59pm,45,1,Daylight,Reduced Visibility,1,0,['Driver'],['Shoulder_Lapbelt'],0,0,Valid,2.0,0.0,58.0,58.0,['Male'],0,0,3,1,5,Dry,Straight,Level,Medium,No
22749,36,New York,360191,0,3,2,1,2,NEW YORK,May,1,Monday,22,4,Urban,High Speed (Arterial),Yes,40.83098889,-73.93581111,Simple Junction,Dark - Lighted,Cloudy,Unknown,Unknown,Unknown EMS Scene Arrival Hour,Unknown EMS Scene Arrival Minutes,Unknown,Unknown EMS Hospital Arrival Time,1,Dark - Lighted,Reduced Visibility,1,1,['Driver'],['None_Used'],0,0,Invalid,0.0,0.0,32.0,21.0,"['Male', 'Male']",0,0,5,1,5,Dry,Straight,Level,Lowest,No
22750,36,New York,360192,1,1,1,0,1,HAMBURG,April,4,Tuesday,20,39,Urban,Medium Speed (Collector),No,42.79709444,-78.81981389,Non-Intersection,Dark - Lighted,Cloudy,8:00pm-8:59pm,40,8:00pm-8:59pm,43,Not Applicable (Not Transported),Not Applicable (Not Transported),1,Dark - Lighted,Reduced Visibility,0,1,[],[],0,0,Valid,0.0,0.0,52.0,52.0,['Female'],0,0,3,1,4,Dry,Straight,Level,Lowest,No
22751,36,New York,360193,0,2,2,0,3,YONKERS,April,9,Sunday,4,48,Urban,High Speed (Arterial),Yes,40.91876111,-73.86893333,Non-Intersection,Dark - Lighted,Clear,4:00am-4:59am,52,5:00am-5:59am,14,5:00am-5:59am,32,1,Dark - Lighted,Clear,1,2,['Driver'],['None_Used'],1,2,Valid,0.0,0.0,27.0,22.0,"['Female', 'Female']",0,0,3,1,5,Dry,Straight,Level,Lowest,No
22752,36,New York,360194,0,1,1,0,1,GENEVA,April,26,Wednesday,16,11,Urban,Medium Speed (Collector),No,42.87122222,-76.98685278,Non-Intersection,Daylight,Cloudy,4:00pm-4:59pm,11,4:00pm-4:59pm,17,Not Applicable (Not Transported),Not Applicable (Not Transported),1,Daylight,Reduced Visibility,1,0,['Driver'],['None_Used'],0,0,Valid,1.0,0.0,76.0,76.0,['Female'],0,0,3,1,3,Dry,Straight,Level,Medium,No
22753,36,New York,360195,1,1,1,0,2,MIDDLE VILLAGE,April,28,Friday,20,48,Urban,Low Speed (Local),No,40.76150833,-73.81790833,Complex/Circle,Dark - Lighted,Rain,Unknown,Unknown,Unknown EMS Scene Arrival Hour,Unknown EMS Scene Arrival Minutes,Unknown,Unknown EMS Hospital Arrival Time,1,Dark - Lighted,Rain/Wind/Minor,0,2,[],[],0,0,Valid,2.0,1.0,68.0,68.0,['Male'],0,0,3,1,4,Wet/Standing Water,Straight,Level,Lowest,No
22754,36,New York,360196,1,1,1,0,1,NEW YORK CITY,May,1,Monday,11,32,Urban,Medium Speed (Collector),No,40.68701667,-73.95687778,Complex/Circle,Daylight,Clear,11:00am-11:59am,32,11:00am-11:59am,52,Unknown,Unknown EMS Hospital Arrival Time,1,Daylight,Clear,0,1,[],[],0,0,Valid,0.0,0.0,18.0,18.0,['Male'],0,0,1,1,4,Dry,Straight,Level,Lowest,No
22755,36,New York,360197,0,1,1,0,1,SENECA FALLS,April,19,Wednesday,5,15,Urban,Medium Speed (Collector),No,42.89746389,-76.75398889,Non-Intersection,Dark - Not Lighted,Clear,5:00am-5:59am,15,5:00am-5:59am,26,Not Applicable (Not Transported),Not Applicable (Not Transported),1,Dark - Unlighted,Clear,1,0,['Driver'],['None_Used'],0,0,Invalid,1.0,0.0,32.0,32.0,['Male'],1,0,3,4,3,Dry,Straight,Level,Lowest,No
22756,36,New York,360198,0,1,1,0,2,MARTINSBURG,April,22,Saturday,11,50,Rural,Low Speed (Local),No,43.75369167,-75.5365,Non-Intersection,Daylight,Clear,11:00am-11:59am,50,12:00pm-12:59pm,4,12:00pm-12:59pm,24,1,Daylight,Clear,1,1,['Rear_Seat'],['None_Used'],0,0,Valid,1.0,0.0,54.0,54.0,['Male'],0,0,5,1,3,Dry,Straight,Level,Lowest,No
22757,36,New York,360199,0,1,1,0,5,RICHLAND,April,22,Saturday,21,7,Rural,Low Speed (Local),No,43.569825,-76.07509722,Non-Intersection,Dark - Not Lighted,Rain,9:00pm-9:59pm,7,9:00pm-9:59pm,16,10:00pm-10:59pm,7,1,Dark - Unlighted,Rain/Wind/Minor,1,4,['Rear_Seat'],['Shoulder_Lapbelt'],1,1,Valid,0.0,3.0,36.0,36.0,['Male'],5,0,2,4,3,Wet/Standing Water,Curve,Grade/Hillcrest,Lowest,No
22758,36,New York,360200,0,1,1,0,1,BRISTOL,April,28,Friday,10,38,Rural,Low Speed (Local),No,42.83555,-77.44920556,Non-Intersection,Daylight,Cloudy,10:00am-10:59am,49,10:00am-10:59am,49,Unknown,Unknown EMS Hospital Arrival Time,1,Daylight,Reduced Visibility,1,0,['Driver'],['Shoulder_Lapbelt'],0,0,Valid,0.0,0.0,34.0,34.0,['Male'],0,0,2,4,3,Dry,Straight,Level,Lowest,No
22759,36,New York,360201,0,1,1,0,2,CHAMPION,May,4,Thursday,21,53,Urban,High Speed (Arterial),Yes,43.98625278,-75.64216667,Non-Intersection,Dusk,Clear,9:00pm-9:59pm,53,9:00pm-9:59pm,57,Unknown,Unknown EMS Hospital Arrival Time,1,Twilight,Clear,1,1,['Front_Passenger'],['Shoulder_Lapbelt'],1,1,Valid,0.0,0.0,54.0,54.0,['Male'],2,0,3,4,3,Dry,Curve,Level,Lowest,No
22760,36,New York,360202,0,1,1,0,4,NEW YORK CITY,May,7,Sunday,7,46,Urban,Medium Speed (Collector),No,40.61779444,-74.03919722,Non-Intersection,Dawn,Clear,7:00am-7:59am,46,7:00am-7:59am,50,Not Applicable (Not Transported),Not Applicable (Not Transported),3,Twilight,Clear,3,1,"['Driver', 'Rear_Seat', 'Rear_Seat']","['Shoulder_Lapbelt', 'Shoulder_Lapbelt', 'Shoulder_Lapbelt']",1,1,Valid,0.0,0.0,38.0,38.0,['Male'],4,0,2,4,3,Dry,Straight,Grade/Hillcrest,Lowest,No
22761,36,New York,360204,1,1,1,0,1,ELMIRA,April,16,Sunday,2,2,Urban,High Speed (Arterial),Yes,42.09705278,-76.80739167,Complex/Circle,Dark - Lighted,Clear,2:00am-2:59am,2,2:00am-2:59am,7,2:00am-2:59am,29,1,Dark - Lighted,Clear,0,1,[],[],0,0,Valid,0.0,0.0,39.0,39.0,['Male'],0,0,3,1,4,Dry,Straight,Level,Lowest,No
22762,36,New York,360205,0,2,2,0,2,VERBANK,April,25,Tuesday,10,54,Rural,Medium Speed (Collector),No,41.73273056,-73.71506389,Complex/Circle,Daylight,Cloudy,10:00am-10:59am,53,11:00am-11:59am,5,11:00am-11:59am,57,1,Daylight,Reduced Visibility,1,1,['Driver'],['Shoulder_Lapbelt'],0,0,Valid,0.0,0.0,92.0,68.0,"['Male', 'Male']",0,0,4,1,5,Dry,Straight,Grade/Hillcrest,Lowest,No
22763,36,New York,360206,0,2,2,0,3,WAPPINSER,April,30,Sunday,20,20,Urban,High Speed (Arterial),Yes,41.57823611,-73.93189444,Non-Intersection,Dark - Lighted,Rain,8:00pm-8:59pm,21,8:00pm-8:59pm,23,8:00pm-8:59pm,52,1,Dark - Lighted,Rain/Wind/Minor,1,2,['Driver'],['Shoulder_Lapbelt'],0,0,Valid,0.0,0.0,88.0,58.0,"['Male', 'Male']",0,0,3,1,5,Wet/Standing Water,Curve,Level,Lowest,No
22764,36,New York,360208,0,3,3,0,7,OYSTER BAY,May,3,Wednesday,22,18,Urban,High Speed (Arterial),Yes,40.788575,-73.53564444,Non-Intersection,Dark - Lighted,Clear,10:00pm-10:59pm,21,10:00pm-10:59pm,25,Unknown,Unknown EMS Hospital Arrival Time,2,Dark - Lighted,Clear,2,5,"['Front_Passenger', 'Rear_Seat']","['Shoulder_Lapbelt', 'Shoulder_Lapbelt']",1,1,Valid,0.0,1.0,48.0,17.0,"['Male', 'Male', 'Female']",0,0,3,1,5,Dry,Straight,Level,Lowest,No
22765,36,New York,360209,0,2,1,1,3,NEW YORK CITY,May,10,Wednesday,23,22,Urban,Low Speed (Local),No,40.81416111,-73.88263889,Non-Intersection,Dark - Lighted,Clear,Unknown,Unknown,Unknown EMS Scene Arrival Hour,Unknown EMS Scene Arrival Minutes,Unknown,Unknown EMS Hospital Arrival Time,1,Dark - Lighted,Clear,1,2,['Front_Passenger'],['Shoulder_Lapbelt'],0,0,Valid,3.0,0.0,29.0,29.0,['Male'],3,0,3,4,5,Dry,Straight,Level,Lowest,No
22766,36,New York,360210,0,3,3,0,4,VERNON,April,26,Wednesday,16,48,Urban,High Speed (Arterial),Yes,43.07297222,-75.47891111,Non-Intersection,Daylight,Clear,4:00pm-4:59pm,48,4:00pm-4:59pm,53,Unknown,Unknown EMS Hospital Arrival Time,1,Daylight,Clear,1,3,['Front_Passenger'],['Shoulder_Lapbelt'],0,0,Valid,2.0,0.0,77.0,60.0,"['Female', 'Female', 'Female']",0,0,2,1,5,Dry,Straight,Grade/Hillcrest,Lowest,No