,State_Code,State_Name,Crash_ID,Count_Non_Motorists,Count_Vehicles_Total,Count_Vehicle_Forms,Count_PVH_Involved,Count_Occupants_MV,City_Name,Month_Name,Day_of_Month,Day_of_Week,Crash_Hour,Crash_Minute,Area_Rural_Urban,Road_Functional_Class,On_NHS_Road,Latitude,Longitude,Intersection_Type,Light_Condition,Weather_Condition,Notif_Hour,Notif_Minute,Arrival_Hour,Arrival_Minute,Hospital_Hour,Hospital_Minute,Fatalities_Count,Clean_Light_Condition,Clean_Weather_Condition,Total_Killed,Total_Alive,Fatal_Seats_List,Killed_Restraint_List,Any_Driver_Drinking,Total_Drinking_Drivers,Driver_License_Category,Driver_Max_Prev_Accident_Count,Driver_Max_Prev_Speeding_Count,Max_Driver_Age,Min_Driver_Age,Driver_Sex_List,Total_Exceeding_Limit_Vehicles,Total_Too_Fast_Vehicles,Max_Vehicle_Type_Severity_5,Max_Vehicle_Damage_Rank,Max_Harmful_Event_Severity,Crash_Road_Surface_Condition,Crash_Horizontal_Alignment,Crash_Vertical_Profile,Crash_Impairment_Category,Crash_Vehicle_Defect
22767,36,New York,360211,0,2,2,0,3,GUILDERLAND,April,18,Tuesday,23,4,Urban,High Speed (Arterial),Yes,42.72548611,-73.95988611,Non-Intersection,Dark - Not Lighted,Clear,11:00pm-11:59pm,5,11:00pm-11:59pm,5,Unknown,Unknown EMS Hospital Arrival Time,1,Dark - Unlighted,Clear,1,2,['Driver'],['Shoulder_Lapbelt'],0,0,Invalid,1.0,0.0,24.0,22.0,"['Male', 'Male']",0,0,3,1,5,Dry,Straight,Grade/Hillcrest,Lowest,No
22768,36,New York,360212,0,1,1,0,4,MANCHESTER,April,29,Saturday,1,17,Rural,High Speed (Arterial),Yes,42.97367222,-77.13456667,Non-Intersection,Dark - Not Lighted,Cloudy,1:00am-1:59am,29,1:00am-1:59am,41,Unknown,Unknown EMS Hospital Arrival Time,2,Dark - Unlighted,Reduced Visibility,2,2,"['Driver', 'Rear_Seat']","['Shoulder_Lapbelt', 'Shoulder_Lapbelt']",0,0,Invalid,0.0,0.0,21.0,21.0,['Female'],0,0,3,4,3,Wet/Standing Water,Straight,Level,Lowest,No
22769,36,New York,360213,1,2,1,1,4,BIG FLATS,April,23,Sunday,18,44,Urban,High Speed (Arterial),Yes,42.14881389,-76.914925,Non-Intersection,Daylight,Cloudy,Unknown,Unknown,Unknown EMS Scene Arrival Hour,Unknown EMS Scene Arrival Minutes,Unknown,Unknown EMS Hospital Arrival Time,2,Daylight,Reduced Visibility,2,2,"['Front_Passenger', 'Rear_Seat']","['Shoulder_Lapbelt', 'None_Used']",0,0,Valid,1.0,0.0,76.0,76.0,['Male'],0,0,3,1,5,Wet/Standing Water,Straight,Level,Lowest,No
22770,36,New York,360214,0,1,1,0,1,MARATHON,May,2,Tuesday,12,43,Rural,High Speed (Arterial),Yes,42.44921111,-76.03704167,Non-Intersection,Daylight,Cloudy,12:00pm-12:59pm,43,12:00pm-12:59pm,50,1:00pm-1:59pm,30,1,Daylight,Reduced Visibility,1,0,['Driver'],['None_Used'],0,0,Invalid,0.0,0.0,16.0,16.0,['Male'],1,0,2,4,3,Dry,Straight,Level,Lowest,No
22771,36,New York,360215,0,1,1,0,1,STONY POINT,February,24,Friday,16,8,Urban,High Speed (Arterial),Yes,41.25500278,-74.04423056,Non-Intersection,Daylight,Clear,4:00pm-4:59pm,11,4:00pm-4:59pm,26,Not Applicable (Not Transported),Not Applicable (Not Transported),1,Daylight,Clear,1,0,['Driver'],['None_Used'],1,1,Valid,0.0,0.0,56.0,56.0,['Male'],0,0,3,4,3,Dry,Curve,Level,Lowest,No
22772,36,New York,360216,0,1,1,0,1,EDEN,May,3,Wednesday,16,21,Rural,Medium Speed (Collector),No,42.61998889,-78.84044167,Non-Intersection,Daylight,Cloudy,4:00pm-4:59pm,21,4:00pm-4:59pm,30,Unknown,Unknown EMS Hospital Arrival Time,1,Daylight,Reduced Visibility,1,0,['Driver'],['None_Used'],1,1,Invalid,0.0,0.0,60.0,60.0,['Male'],0,0,3,1,3,Dry,Curve,Level,Lowest,No
22773,36,New York,360217,0,1,1,0,2,EAST GREENBUSH,May,7,Sunday,19,30,Urban,High Speed (Arterial),Yes,42.60770556,-73.72369167,Simple Junction,Daylight,Clear,7:00pm-7:59pm,30,7:00pm-7:59pm,42,Unknown,Unknown EMS Hospital Arrival Time,1,Daylight,Clear,1,1,['Driver'],['None_Used'],1,1,Valid,0.0,0.0,64.0,64.0,['Male'],2,0,5,4,3,Dry,Curve,Level,Lowest,No
22774,36,New York,360218,0,1,1,0,1,SOUTHAMPTON,May,8,Monday,18,24,Urban,Low Speed (Local),No,40.82340833,-72.71964444,Non-Intersection,Daylight,Clear,6:00pm-6:59pm,Unknown,6:00pm-6:59pm,31,Not Applicable (Not Transported),Not Applicable (Not Transported),1,Daylight,Clear,1,0,['Driver'],['Shoulder_Lapbelt'],0,0,Valid,1.0,0.0,63.0,63.0,['Male'],0,0,2,1,4,Dry,Straight,Level,Lowest,No
22775,36,New York,360219,1,1,1,0,4,OYSTER BAY,May,11,Thursday,23,5,Urban,Medium Speed (Collector),No,40.66927222,-73.43234167,Simple Junction,Dark - Lighted,Clear,11:00pm-11:59pm,7,11:00pm-11:59pm,10,Not Applicable (Not Transported),Not Applicable (Not Transported),1,Dark - Lighted,Clear,0,4,[],[],0,0,Valid,1.0,0.0,19.0,19.0,['Male'],4,0,2,1,4,Dry,Straight,Level,Lowest,No
22776,36,New York,360220,0,1,1,0,1,NIAGARA FALLS,May,7,Sunday,3,58,Urban,High Speed (Arterial),Yes,43.10701389,-79.01481389,Non-Intersection,Dark - Lighted,Clear,3:00am-3:59am,59,4:00am-4:59am,6,Not Applicable (Not Transported),Not Applicable (Not Transported),1,Dark - Lighted,Clear,1,0,['Driver'],['None_Used'],0,0,Invalid,0.0,1.0,39.0,39.0,['Male'],0,0,3,4,3,Dry,Straight,Level,Lowest,No
22777,36,New York,360221,0,2,2,0,2,NEW YORK CITY,May,12,Friday,1,34,Urban,High Speed (Arterial),Yes,40.83636667,-73.87523056,Non-Intersection,Dark - Lighted,Clear,Unknown,Unknown,Unknown EMS Scene Arrival Hour,Unknown EMS Scene Arrival Minutes,Not Applicable (Not Transported),Not Applicable (Not Transported),1,Dark - Lighted,Clear,1,1,['Driver'],['None_Used'],1,1,Valid,0.0,1.0,48.0,29.0,"['Male', 'Female']",0,0,5,1,5,Dry,Straight,Level,Lowest,No
22778,36,New York,360222,0,1,1,0,6,FAYETTEVILLE,April,25,Tuesday,17,53,Urban,Low Speed (Local),No,43.02360556,-76.004025,Non-Intersection,Daylight,Cloudy,5:00pm-5:59pm,53,5:00pm-5:59pm,57,6:00pm-6:59pm,20,1,Daylight,Reduced Visibility,1,5,['Non_Standard_Risk'],['None_Used'],0,0,Valid,0.0,0.0,17.0,17.0,['Male'],0,0,2,1,1,Dry,Straight,Level,Lowest,No
22779,36,New York,360223,0,2,2,0,4,FULTON,April,30,Sunday,17,35,Rural,Medium Speed (Collector),No,43.26326111,-76.37882222,Non-Intersection,Daylight,Rain,5:00pm-5:59pm,38,5:00pm-5:59pm,47,Unknown,Unknown EMS Hospital Arrival Time,2,Daylight,Rain/Wind/Minor,2,2,"['Driver', 'Front_Passenger']","['Shoulder_Lapbelt', 'Shoulder_Lapbelt']",0,0,Valid,1.0,1.0,71.0,17.0,"['Female', 'Male']",0,0,3,1,5,Wet/Standing Water,Straight,Level,Lowest,No
22780,36,New York,360224,1,3,2,1,3,MIDDLE VILLAGE,May,17,Wednesday,18,38,Urban,High Speed (Arterial),Yes,40.66797222,-73.77505278,Non-Intersection,Daylight,Clear,Unknown,Unknown,Unknown EMS Scene Arrival Hour,Unknown EMS Scene Arrival Minutes,Unknown,Unknown EMS Hospital Arrival Time,1,Daylight,Clear,1,2,['Front_Passenger'],['None_Used'],0,0,Valid,0.0,0.0,49.0,16.0,"['Male', 'Male']",2,0,4,1,5,Dry,Straight,Level,Lowest,No
22781,36,New York,360225,0,1,1,0,1,COHOES,February,5,Sunday,0,47,Urban,High Speed (Arterial),Yes,42.76851944,-73.69773333,Complex/Circle,Dark - Lighted,Cloudy,Unknown,Unknown,Unknown EMS Scene Arrival Hour,Unknown EMS Scene Arrival Minutes,Unknown,Unknown EMS Hospital Arrival Time,1,Dark - Lighted,Reduced Visibility,1,0,['Driver'],['None_Used'],1,1,Valid,0.0,0.0,30.0,30.0,['Male'],1,0,2,4,3,Dry,Curve,Level,Lowest,No
22782,36,New York,360226,0,1,1,0,2,HUNTINGTON,February,21,Tuesday,2,15,Urban,Low Speed (Local),No,40.84874722,-73.4201,Non-Intersection,Dark - Lighted,Cloudy,Unknown,Unknown,Unknown EMS Scene Arrival Hour,Unknown EMS Scene Arrival Minutes,Unknown,Unknown EMS Hospital Arrival Time,1,Dark - Lighted,Reduced Visibility,1,1,['Driver'],['None_Used'],1,1,Valid,1.0,0.0,19.0,19.0,['Male'],2,0,2,1,3,Dry,Curve,Grade/Hillcrest,Lowest,No
22783,36,New York,360227,0,1,1,0,1,HARPURSVILLE,May,15,Monday,4,39,Rural,High Speed (Arterial),Yes,42.18905278,-75.65093611,Non-Intersection,Dark - Not Lighted,Clear,4:00am-4:59am,39,5:00am-5:59am,6,5:00am-5:59am,39,1,Dark - Unlighted,Clear,1,0,['Driver'],['None_Used'],1,1,Invalid,0.0,0.0,54.0,54.0,['Female'],0,0,3,4,3,Dry,Curve,Grade/Hillcrest,Lowest,No
22784,36,New York,360228,0,1,1,0,1,MIDDLE VILLAGE,May,19,Friday,12,7,Urban,High Speed (Arterial),Yes,40.67368889,-73.85741667,Non-Intersection,Daylight,Clear,Unknown,Unknown,Unknown EMS Scene Arrival Hour,Unknown EMS Scene Arrival Minutes,Unknown,Unknown EMS Hospital Arrival Time,1,Daylight,Clear,1,0,['Driver'],['None_Used'],0,0,Valid,3.0,0.0,54.0,54.0,['Male'],0,0,5,1,3,Dry,Curve,Level,Lowest,No
22785,36,New York,360229,0,1,1,0,2,RIVERHEAD,May,20,Saturday,9,58,Urban,Low Speed (Local),No,40.95746944,-72.76895278,Non-Intersection,Daylight,Rain,9:00am-9:59am,58,10:00am-10:59am,6,Unknown,Unknown EMS Hospital Arrival Time,1,Daylight,Rain/Wind/Minor,1,1,['Front_Passenger'],['None_Used'],0,0,Valid,2.0,0.0,31.0,31.0,['Male'],0,0,4,1,3,Wet/Standing Water,Curve,Level,Lowest,Yes
22786,36,New York,360230,1,1,1,0,1,NEW YORK,April,29,Saturday,5,54,Urban,High Speed (Arterial),Yes,40.77524167,-73.95366944,Complex/Circle,Dawn,Rain,Unknown,Unknown,Unknown EMS Scene Arrival Hour,Unknown EMS Scene Arrival Minutes,Unknown,Unknown EMS Hospital Arrival Time,1,Twilight,Rain/Wind/Minor,0,1,[],[],0,0,Valid,1.0,0.0,57.0,57.0,['Male'],0,0,1,1,4,Wet/Standing Water,Straight,Level,Lowest,No
22787,36,New York,360231,1,1,1,0,1,NORTHPORT,May,18,Thursday,15,35,Urban,High Speed (Arterial),Yes,40.89706111,-73.33409167,Non-Intersection,Daylight,Clear,3:00pm-3:59pm,35,3:00pm-3:59pm,38,Not Applicable (Not Transported),Not Applicable (Not Transported),1,Daylight,Clear,0,1,[],[],0,0,Valid,0.0,0.0,33.0,33.0,['Male'],0,0,3,1,4,Dry,Straight,Non-Trafficway,Lowest,No
22788,36,New York,360232,1,1,1,0,1,NEW YORK,May,24,Wednesday,10,35,Urban,High Speed (Arterial),Yes,40.80464444,-73.938025,Non-Intersection,Daylight,Clear,Unknown,Unknown,Unknown EMS Scene Arrival Hour,Unknown EMS Scene Arrival Minutes,Not Applicable (Not Transported),Not Applicable (Not Transported),1,Daylight,Clear,0,1,[],[],0,0,Valid,2.0,0.0,38.0,38.0,['Male'],0,0,4,1,4,Dry,Straight,Level,Lowest,No
22789,36,New York,360233,0,2,2,0,2,BROOKHAVEN,January,1,Sunday,12,13,Urban,Medium Speed (Collector),No,40.83558056,-73.04693889,Non-Intersection,Daylight,Clear,Unknown,Unknown,Unknown EMS Scene Arrival Hour,Unknown EMS Scene Arrival Minutes,Unknown,Unknown EMS Hospital Arrival Time,1,Daylight,Clear,1,1,['Driver'],['Shoulder_Lapbelt'],0,0,Valid,1.0,0.0,86.0,65.0,"['Male', 'Male']",0,0,2,1,5,Dry,Straight,Level,Lowest,No
22790,36,New York,360234,0,1,1,0,1,ACCORD,April,26,Wednesday,19,49,Rural,High Speed (Arterial),Yes,41.79134722,-74.24032778,Non-Intersection,Dusk,Rain,7:00pm-7:59pm,51,7:00pm-7:59pm,55,Unknown,Unknown EMS Hospital Arrival Time,1,Twilight,Rain/Wind/Minor,1,0,['Driver'],['None_Used'],0,0,Valid,1.0,0.0,70.0,70.0,['Male'],1,0,2,1,3,Wet/Standing Water,Curve,Level,Lowest,No
22791,36,New York,360235,0,2,2,0,5,BRIGHTON,May,1,Monday,21,29,Urban,Medium Speed (Collector),No,99.9999,999.9999,Simple Junction,Dark - Lighted,Rain,9:00pm-9:59pm,29,9:00pm-9:59pm,37,10:00pm-10:59pm,1,1,Dark - Lighted,Rain/Wind/Minor,1,4,['Driver'],['None_Used'],0,0,Valid,0.0,1.0,63.0,24.0,"['Male', 'Female']",0,0,5,4,5,Wet/Standing Water,Straight,Level,Lowest,No
22792,36,New York,360236,0,2,2,0,2,HEMPSTEAD,May,3,Wednesday,10,30,Urban,Medium Speed (Collector),No,40.68426667,-73.68797222,Simple Junction,Daylight,Clear,Unknown,Unknown,Unknown EMS Scene Arrival Hour,Unknown EMS Scene Arrival Minutes,Unknown,Unknown EMS Hospital Arrival Time,1,Daylight,Clear,1,1,['Driver'],['None_Used'],0,0,Valid,1.0,0.0,72.0,61.0,"['Male', 'Male']",0,0,5,1,5,Dry,Straight,Level,Lowest,No
22793,36,New York,360237,0,1,1,0,1,STANFORDVILLE,May,7,Sunday,13,19,Rural,Medium Speed (Collector),No,41.91478611,-73.67209167,Non-Intersection,Daylight,Clear,1:00pm-1:59pm,19,1:00pm-1:59pm,25,1:00pm-1:59pm,48,1,Daylight,Clear,1,0,['Driver'],['None_Used'],1,1,Invalid,2.0,0.0,42.0,42.0,['Male'],1,0,5,4,2,Dry,Curve,Level,Lowest,No
22794,36,New York,360238,0,2,2,0,2,IRONDEQUOIT,May,7,Sunday,14,57,Urban,Medium Speed (Collector),No,43.2031,-77.60947778,Complex/Circle,Daylight,Cloudy,2:00pm-2:59pm,57,3:00pm-3:59pm,1,3:00pm-3:59pm,20,1,Daylight,Reduced Visibility,1,1,['Driver'],['None_Used'],0,0,Valid,3.0,0.0,37.0,25.0,"['Female', 'Male']",0,0,5,4,5,Dry,Straight,Level,Lowest,No
22795,36,New York,360239,0,2,2,0,2,WESTPORT,May,4,Thursday,15,9,Rural,High Speed (Arterial),Yes,44.20314167,-73.49337222,Non-Intersection,Daylight,Cloudy,5:00am-5:59am,9,Unknown EMS Scene Arrival Hour,Unknown EMS Scene Arrival Minutes,Unknown,Unknown EMS Hospital Arrival Time,1,Daylight,Reduced Visibility,1,1,['Driver'],['Shoulder_Lapbelt'],0,0,Valid,1.0,0.0,67.0,22.0,"['Female', 'Female']",0,0,3,1,5,Dry,Straight,Grade/Hillcrest,Lowest,No
22796,36,New York,360240,0,2,2,0,3,ALLEGANY,May,7,Sunday,10,39,Urban,Medium Speed (Collector),No,42.09041667,-78.46333333,Non-Intersection,Daylight,Cloudy,10:00am-10:59am,39,10:00am-10:59am,41,Not Applicable (Not Transported),Not Applicable (Not Transported),1,Daylight,Reduced Visibility,1,2,['Driver'],['None_Used'],0,0,Valid,2.0,0.0,57.0,21.0,"['Male', 'Male']",1,0,5,4,5,Dry,Curve,Grade/Hillcrest,Lowest,No
22797,36,New York,360241,0,2,2,0,4,VICTOR,May,9,Tuesday,15,41,Urban,High Speed (Arterial),Yes,43.00924444,-77.44414444,Complex/Circle,Daylight,Clear,3:00pm-3:59pm,41,3:00pm-3:59pm,41,4:00pm-4:59pm,20,1,Daylight,Clear,1,3,['Driver'],['Shoulder_Lapbelt'],0,0,Valid,0.0,0.0,50.0,34.0,"['Male', 'Female']",1,0,3,4,5,Dry,Straight,Level,Lowest,No
22798,36,New York,360242,0,1,1,0,3,SCOTTSVILLE,April,15,Saturday,4,23,Rural,High Speed (Arterial),Yes,43.02985833,-77.89243056,Non-Intersection,Dark - Not Lighted,Cloudy,4:00am-4:59am,23,4:00am-4:59am,45,5:00am-5:59am,15,1,Dark - Unlighted,Reduced Visibility,1,2,['Driver'],['Shoulder_Lapbelt'],0,0,Valid,0.0,0.0,39.0,39.0,['Female'],3,0,3,4,3,Dry,Straight,Level,Lowest,No
22799,36,New York,360243,0,3,3,0,3,AIRMONT,January,28,Saturday,10,9,Urban,High Speed (Arterial),Yes,41.11231667,-74.11405556,Complex/Circle,Daylight,Clear,10:00am-10:59am,13,10:00am-10:59am,13,10:00am-10:59am,27,1,Daylight,Clear,1,2,['Driver'],['Shoulder_Lapbelt'],0,0,Valid,1.0,0.0,85.0,41.0,"['Female', 'Male', 'Male']",1,0,3,4,5,Dry,Straight,Level,Lowest,No
22800,36,New York,360245,1,1,1,0,1,BUFFALO,May,7,Sunday,2,2,Urban,Low Speed (Local),No,42.88338333,-78.83345833,Non-Intersection,Dark - Not Lighted,Clear,Unknown,Unknown,Unknown EMS Scene Arrival Hour,Unknown EMS Scene Arrival Minutes,Not Applicable (Not Transported),Not Applicable (Not Transported),1,Dark - Unlighted,Clear,0,0,[],[],0,0,Invalid,0.0,0.0,998.0,998.0,['Other'],0,0,1,0,4,Dry,Straight,Level,Lowest,No
22801,36,New York,360246,0,1,1,0,2,BARRE,May,8,Monday,23,57,Rural,Medium Speed (Collector),No,43.20280833,-78.25587778,Non-Intersection,Dark - Not Lighted,Clear,3:00am-3:59am,50,4:00am-4:59am,30,Unknown,Unknown EMS Hospital Arrival Time,1,Dark - Unlighted,Clear,1,1,['Front_Passenger'],['None_Used'],1,1,Valid,0.0,0.0,56.0,56.0,['Male'],2,0,3,1,3,Dry,Curve,Level,Lowest,No
22802,36,New York,360247,0,2,2,0,3,NEW YORK CITY,June,3,Saturday,2,44,Urban,Medium Speed (Collector),No,40.64532222,-74.01372222,Complex/Circle,Dark - Lighted,Clear,Unknown,Unknown,Unknown EMS Scene Arrival Hour,Unknown EMS Scene Arrival Minutes,Unknown,Unknown EMS Hospital Arrival Time,1,Dark - Lighted,Clear,1,2,['Driver'],['None_Used'],1,1,Valid,2.0,0.0,44.0,21.0,"['Male', 'Male']",0,0,5,1,5,Dry,Straight,Level,Lowest,No
22803,36,New York,360248,1,1,1,0,1,NEW YORK,May,10,Wednesday,15,45,Urban,High Speed (Arterial),Yes,40.80056111,-73.96565,Complex/Circle,Daylight,Clear,Unknown,Unknown,Unknown EMS Scene Arrival Hour,Unknown EMS Scene Arrival Minutes,Unknown,Unknown EMS Hospital Arrival Time,1,Daylight,Clear,0,1,[],[],0,0,Valid,0.0,0.0,45.0,45.0,['Male'],0,0,3,1,4,Dry,Straight,Level,Lowest,No
22804,36,New York,360249,0,2,2,0,4,NEW YORK CITY,May,14,Sunday,21,28,Urban,Low Speed (Local),No,40.64884722,-73.89865,Non-Intersection,Dark - Lighted,Clear,Unknown,Unknown,Unknown EMS Scene Arrival Hour,Unknown EMS Scene Arrival Minutes,Unknown,Unknown EMS Hospital Arrival Time,1,Dark - Lighted,Clear,1,3,['Driver'],['None_Used'],0,0,Valid,2.0,0.0,57.0,39.0,"['Female', 'Male']",0,0,5,1,5,Dry,Straight,Level,Lowest,No
22805,36,New York,360250,0,1,1,0,3,TONAWANDA,May,17,Wednesday,6,6,Urban,High Speed (Arterial),Yes,42.98849444,-78.91712778,Non-Intersection,Daylight,Cloudy,6:00am-6:59am,8,6:00am-6:59am,10,Unknown,Unknown EMS Hospital Arrival Time,1,Daylight,Reduced Visibility,1,2,['Non_Standard_Risk'],['None_Used'],0,0,Valid,3.0,0.0,33.0,33.0,['Male'],3,0,1,1,3,Dry,Straight,Grade/Hillcrest,Lowest,No
22806,36,New York,360251,0,1,1,0,1,NEW HAVEN,May,28,Sunday,8,59,Rural,Low Speed (Local),No,43.45274444,-76.35152222,Non-Intersection,Daylight,Not Reported,8:00am-8:59am,59,9:00am-9:59am,10,Not Applicable (Not Transported),Not Applicable (Not Transported),1,Daylight,Clear,1,0,['Driver'],['None_Used'],1,1,Valid,1.0,0.0,68.0,68.0,['Male'],1,0,2,1,3,Dry,Curve,Level,Lowest,No
22807,36,New York,360252,0,2,2,0,5,CLIFTON PARK,May,3,Wednesday,19,12,Urban,High Speed (Arterial),Yes,99.9999,999.9999,Non-Intersection,Dusk,Rain,7:00pm-7:59pm,14,7:00pm-7:59pm,21,9:00pm-9:59pm,0,1,Twilight,Rain/Wind/Minor,1,4,['Driver'],['Shoulder_Lapbelt'],0,0,Valid,0.0,0.0,80.0,42.0,"['Male', 'Female']",0,0,3,4,5,Wet/Standing Water,Straight,Grade/Hillcrest,Medium,No
22808,36,New York,360254,1,2,2,0,3,PHELPS,May,18,Thursday,20,55,Rural,High Speed (Arterial),Yes,42.90676389,-76.97790833,Non-Intersection,Dark - Not Lighted,Clear,8:00pm-8:59pm,55,8:00pm-8:59pm,59,Not Applicable (Not Transported),Not Applicable (Not Transported),1,Dark - Unlighted,Clear,0,3,[],[],0,0,Invalid,1.0,0.0,34.0,32.0,"['Male', 'Male']",0,0,3,1,4,Dry,Straight,Level,Lowest,No
22809,36,New York,360255,0,2,2,0,4,NEW YORK CITY,May,28,Sunday,17,45,Urban,High Speed (Arterial),Yes,40.86246111,-73.91423056,Non-Intersection,Daylight,Clear,Unknown,Unknown,5:00pm-5:59pm,52,Unknown,Unknown EMS Hospital Arrival Time,1,Daylight,Clear,1,3,['Driver'],['None_Used'],0,0,Valid,0.0,0.0,36.0,24.0,"['Male', 'Male']",1,0,5,1,5,Dry,Straight,Level,Lowest,No
22810,36,New York,360256,0,2,1,1,1,GENEVA,May,28,Sunday,4,10,Urban,Medium Speed (Collector),No,42.86878056,-76.98581667,Non-Intersection,Dark - Lighted,Clear,4:00am-4:59am,35,4:00am-4:59am,37,5:00am-5:59am,15,1,Dark - Lighted,Clear,1,0,['Driver'],['Shoulder_Lapbelt'],0,0,Valid,2.0,0.0,68.0,68.0,['Male'],0,0,3,1,5,Dry,Straight,Level,Medium,No
22811,36,New York,360257,0,4,2,2,3,MIDDLE VILLAGE,June,5,Monday,4,24,Urban,Low Speed (Local),No,40.68005833,-73.82305278,Complex/Circle,Dark - Lighted,Clear,Unknown,Unknown,Unknown EMS Scene Arrival Hour,Unknown EMS Scene Arrival Minutes,Unknown,Unknown EMS Hospital Arrival Time,2,Dark - Lighted,Clear,2,1,"['Driver', 'Front_Passenger']","['Shoulder_Lapbelt', 'Shoulder_Lapbelt']",1,1,Valid,1.0,1.0,64.0,22.0,"['Male', 'Male']",0,0,2,4,5,Dry,Straight,Level,Lowest,No
22812,36,New York,360258,0,1,1,0,2,NEW ROCHELLE,May,20,Saturday,5,17,Urban,High Speed (Arterial),Yes,40.92663333,-73.77060833,Non-Intersection,Dark - Lighted,Rain,5:00am-5:59am,18,6:00am-6:59am,2,Unknown,Unknown EMS Hospital Arrival Time,1,Dark - Lighted,Rain/Wind/Minor,1,1,['Front_Passenger'],['Shoulder_Lapbelt'],0,0,Valid,1.0,0.0,35.0,35.0,['Male'],0,0,2,4,3,Wet/Standing Water,Curve,Level,Lowest,No
22813,36,New York,360259,0,2,2,0,2,NEW HYDE PARK,June,2,Friday,18,59,Urban,High Speed (Arterial),Yes,40.74285833,-73.69409722,Non-Intersection,Daylight,Rain,6:00pm-6:59pm,59,6:00pm-6:59pm,59,7:00pm-7:59pm,20,1,Daylight,Rain/Wind/Minor,1,1,['Driver'],['None_Used'],0,0,Valid,1.0,0.0,54.0,26.0,"['Male', 'Male']",0,0,5,1,5,Wet/Standing Water,Straight,Level,Lowest,No
22814,36,New York,360260,0,2,2,0,2,HOOSICK,May,29,Monday,20,7,Rural,Medium Speed (Collector),No,42.91589167,-73.35157778,Non-Intersection,Dusk,Clear,8:00pm-8:59pm,6,8:00pm-8:59pm,11,Unknown,Unknown EMS Hospital Arrival Time,1,Twilight,Clear,1,1,['Driver'],['None_Used'],1,1,Valid,0.0,1.0,47.0,44.0,"['Male', 'Male']",0,0,5,4,5,Dry,Straight,Level,Lowest,No
22815,36,New York,360261,4,2,1,1,2,NEW YORK,June,4,Sunday,19,28,Urban,High Speed (Arterial),Yes,40.73758056,-73.983975,Complex/Circle,Dusk,Clear,Unknown,Unknown,Unknown EMS Scene Arrival Hour,Unknown EMS Scene Arrival Minutes,Unknown,Unknown EMS Hospital Arrival Time,1,Twilight,Clear,0,2,[],[],1,1,Valid,0.0,0.0,26.0,26.0,['Male'],2,0,2,1,4,Dry,Straight,Level,Lowest,No
22816,36,New York,360262,0,2,2,0,2,MARGARETVILLE,May,22,Monday,19,40,Rural,Low Speed (Local),No,42.23610278,-74.66124167,Non-Intersection,Daylight,Cloudy,Unknown,Unknown,Unknown EMS Scene Arrival Hour,Unknown EMS Scene Arrival Minutes,Unknown,Unknown EMS Hospital Arrival Time,1,Daylight,Reduced Visibility,1,1,['Driver'],['None_Used'],1,1,Valid,0.0,0.0,65.0,41.0,"['Male', 'Male']",0,0,3,1,5,Dry,Straight,Grade/Hillcrest,Lowest,No
22817,36,New York,360263,1,1,1,0,2,BUFFALO,May,23,Tuesday,21,43,Urban,High Speed (Arterial),Yes,42.91153889,-78.8657,Non-Intersection,Dark - Lighted,Clear,9:00pm-9:59pm,43,Unknown EMS Scene Arrival Hour,Unknown EMS Scene Arrival Minutes,Not Applicable (Not Transported),Not Applicable (Not Transported),1,Dark - Lighted,Clear,0,2,[],[],0,0,Valid,0.0,0.0,31.0,31.0,['Female'],2,0,3,4,4,Dry,Straight,Level,Lowest,No
22818,36,New York,360264,0,2,2,0,3,WINTHROP,May,23,Tuesday,19,18,Rural,High Speed (Arterial),Yes,44.720525,-74.91213889,Complex/Circle,Daylight,Clear,7:00pm-7:59pm,22,7:00pm-7:59pm,31,8:00pm-8:59pm,3,1,Daylight,Clear,1,2,['Driver'],['Shoulder_Lapbelt'],0,0,Valid,0.0,0.0,83.0,66.0,"['Female', 'Male']",0,0,2,1,5,Dry,Straight,Level,Lowest,No
22819,36,New York,360265,0,2,2,0,2,POUGHKEEPSIE,May,22,Monday,17,29,Urban,High Speed (Arterial),Yes,41.69168056,-73.88807778,Simple Junction,Daylight,Clear,5:00pm-5:59pm,32,5:00pm-5:59pm,35,Unknown,Unknown EMS Hospital Arrival Time,1,Daylight,Clear,1,1,['Driver'],['None_Used'],0,0,Valid,3.0,2.0,41.0,23.0,"['Female', 'Male']",1,0,5,4,5,Dry,Straight,Level,Lowest,No
22820,36,New York,360266,0,2,1,1,1,NEW YORK CITY,May,27,Saturday,4,15,Urban,Medium Speed (Collector),No,40.60677222,-74.07887222,Non-Intersection,Dark - Lighted,Clear,Unknown,Unknown,Unknown EMS Scene Arrival Hour,Unknown EMS Scene Arrival Minutes,Not Applicable (Not Transported),Not Applicable (Not Transported),1,Dark - Lighted,Clear,1,0,['Driver'],['Shoulder_Lapbelt'],1,1,Valid,0.0,3.0,24.0,24.0,['Male'],1,0,2,4,5,Dry,Curve,Grade/Hillcrest,Lowest,No
22821,36,New York,360267,0,2,2,0,2,MIDDLE VILLAGE,May,27,Saturday,4,37,Urban,High Speed (Arterial),Yes,40.73150833,-73.87208889,Non-Intersection,Dark - Lighted,Clear,Unknown,Unknown,Unknown EMS Scene Arrival Hour,Unknown EMS Scene Arrival Minutes,Not Applicable (Not Transported),Not Applicable (Not Transported),1,Dark - Lighted,Clear,1,1,['Driver'],['None_Used'],1,1,Valid,2.0,0.0,34.0,22.0,"['Male', 'Male']",1,0,5,1,5,Dry,Straight,Level,Lowest,No
22822,36,New York,360268,1,1,1,0,1,NEW YORK,June,7,Wednesday,13,1,Urban,High Speed (Arterial),Yes,40.73408889,-73.99098889,Complex/Circle,Daylight,Cloudy,1:00pm-1:59pm,1,1:00pm-1:59pm,4,Not Applicable (Not Transported),Not Applicable (Not Transported),1,Daylight,Reduced Visibility,0,1,[],[],0,0,Valid,1.0,0.0,52.0,52.0,['Male'],0,0,4,1,4,Dry,Straight,Level,Lowest,No