,State_Code,State_Name,Crash_ID,Count_Non_Motorists,Count_Vehicles_Total,Count_Vehicle_Forms,Count_PVH_Involved,Count_Occupants_MV,City_Name,Month_Name,Day_of_Month,Day_of_Week,Crash_Hour,Crash_Minute,Area_Rural_Urban,Road_Functional_Class,On_NHS_Road,Latitude,Longitude,Intersection_Type,Light_Condition,Weather_Condition,Notif_Hour,Notif_Minute,Arrival_Hour,Arrival_Minute,Hospital_Hour,Hospital_Minute,Fatalities_Count,Clean_Light_Condition,Clean_Weather_Condition,Total_Killed,Total_Alive,Fatal_Seats_List,Killed_Restraint_List,Any_Driver_Drinking,Total_Drinking_Drivers,Driver_License_Category,Driver_Max_Prev_Accident_Count,Driver_Max_Prev_Speeding_Count,Max_Driver_Age,Min_Driver_Age,Driver_Sex_List,Total_Exceeding_Limit_Vehicles,Total_Too_Fast_Vehicles,Max_Vehicle_Type_Severity_5,Max_Vehicle_Damage_Rank,Max_Harmful_Event_Severity,Crash_Road_Surface_Condition,Crash_Horizontal_Alignment,Crash_Vertical_Profile,Crash_Impairment_Category,Crash_Vehicle_Defect
22823,36,New York,360269,1,1,1,0,1,NEW YORK CITY,May,31,Wednesday,12,52,Urban,High Speed (Arterial),Yes,40.83876944,-73.83878333,Non-Intersection,Daylight,Clear,12:00pm-12:59pm,52,Unknown EMS Scene Arrival Hour,Unknown EMS Scene Arrival Minutes,Unknown,Unknown EMS Hospital Arrival Time,1,Daylight,Clear,0,1,[],[],0,0,Valid,0.0,0.0,24.0,24.0,['Male'],0,0,3,1,4,Dry,Straight,Level,Lowest,No
22824,36,New York,360270,0,1,1,0,1,NEW YORK CITY,May,30,Tuesday,4,24,Urban,High Speed (Arterial),Yes,40.80528611,-73.92028056,Non-Intersection,Dark - Lighted,Clear,Unknown,Unknown,Unknown EMS Scene Arrival Hour,Unknown EMS Scene Arrival Minutes,Not Applicable (Not Transported),Not Applicable (Not Transported),1,Dark - Lighted,Clear,1,0,['Driver'],['None_Used'],1,1,Invalid,0.0,1.0,26.0,26.0,['Male'],0,0,5,1,2,Dry,Straight,Level,Lowest,No
22825,36,New York,360271,2,2,1,1,1,NEW YORK CITY,June,7,Wednesday,21,18,Urban,High Speed (Arterial),Yes,40.61713333,-73.96898611,Complex/Circle,Dark - Lighted,Clear,Unknown,Unknown,Unknown EMS Scene Arrival Hour,Unknown EMS Scene Arrival Minutes,Unknown,Unknown EMS Hospital Arrival Time,1,Dark - Lighted,Clear,0,1,[],[],0,0,Valid,0.0,0.0,17.0,17.0,['Male'],1,0,2,1,4,Dry,Straight,Level,Lowest,No
22826,36,New York,360272,0,2,2,0,4,VICTOR,June,4,Sunday,0,23,Urban,High Speed (Arterial),Yes,43.000325,-77.43726389,Non-Intersection,Dark - Not Lighted,Cloudy,0:00am-0:59am,23,0:00am-0:59am,30,1:00am-1:59am,8,1,Dark - Unlighted,Reduced Visibility,1,3,['Rear_Seat'],['Shoulder_Lapbelt'],0,0,Valid,3.0,0.0,82.0,36.0,"['Male', 'Female']",0,0,3,1,5,Dry,Straight,Level,Lowest,No
22827,36,New York,360273,0,3,3,0,8,NEW CITY,April,13,Thursday,21,17,Urban,High Speed (Arterial),Yes,41.12285,-74.00975833,Non-Intersection,Dark - Not Lighted,Cloudy,9:00pm-9:59pm,17,9:00pm-9:59pm,23,Unknown,Unknown EMS Hospital Arrival Time,1,Dark - Unlighted,Reduced Visibility,1,7,['Driver'],['Shoulder_Lapbelt'],0,0,Valid,0.0,0.0,30.0,19.0,"['Male', 'Male', 'Male']",0,0,3,4,5,Dry,Straight,Level,Lowest,No
22828,36,New York,360274,0,2,2,0,2,NEW HYDE PARK,March,18,Saturday,20,10,Urban,Medium Speed (Collector),No,40.75869722,-73.57838889,Complex/Circle,Dark - Lighted,Cloudy,Unknown,Unknown,Unknown EMS Scene Arrival Hour,Unknown EMS Scene Arrival Minutes,Unknown,Unknown EMS Hospital Arrival Time,1,Dark - Lighted,Reduced Visibility,1,1,['Driver'],['None_Used'],0,0,Invalid,0.0,0.0,25.0,25.0,"['Male', 'Male']",0,0,5,1,5,Dry,Straight,Level,Lowest,No
22829,36,New York,360275,1,1,1,0,1,FARMINGTON,June,4,Sunday,21,41,Urban,Medium Speed (Collector),No,42.97438333,-77.35233056,Simple Junction,Dark - Not Lighted,Clear,9:00pm-9:59pm,41,9:00pm-9:59pm,45,Not Applicable (Not Transported),Not Applicable (Not Transported),1,Dark - Unlighted,Clear,0,1,[],[],0,0,Valid,0.0,0.0,18.0,18.0,['Male'],0,0,2,1,4,Dry,Straight,Level,Lowest,No
22830,36,New York,360276,0,1,1,0,1,TAGHKANIC,May,29,Monday,19,14,Rural,Medium Speed (Collector),No,42.16018056,-73.61806944,Non-Intersection,Daylight,Clear,7:00pm-7:59pm,14,7:00pm-7:59pm,20,Not Applicable (Not Transported),Not Applicable (Not Transported),1,Daylight,Clear,1,0,['Driver'],['Lapbelt_Only'],1,1,Valid,0.0,0.0,26.0,26.0,['Male'],1,0,2,1,3,Dry,Curve,Level,Lowest,No
22831,36,New York,360277,5,3,2,1,3,BUFFALO,February,17,Friday,0,3,Urban,High Speed (Arterial),Yes,42.90123056,-78.89996667,Non-Intersection,Dark - Not Lighted,Cloudy,0:00am-0:59am,5,0:00am-0:59am,21,0:00am-0:59am,55,2,Dark - Unlighted,Reduced Visibility,2,1,"['Driver', 'Front_Passenger']","['Shoulder_Lapbelt', 'Shoulder_Lapbelt']",1,1,Valid,0.0,0.0,65.0,36.0,"['Male', 'Female']",0,0,4,1,5,Wet/Standing Water,Curve,Grade/Hillcrest,Lowest,No
22832,36,New York,360278,1,1,1,0,1,NEW YORK CITY,February,24,Friday,4,37,Urban,High Speed (Arterial),Yes,40.85053889,-73.83005556,Non-Intersection,Dark - Lighted,Clear,Unknown,Unknown,Unknown EMS Scene Arrival Hour,Unknown EMS Scene Arrival Minutes,Unknown,Unknown EMS Hospital Arrival Time,1,Dark - Lighted,Clear,0,1,[],[],0,0,Valid,0.0,0.0,44.0,44.0,['Male'],0,0,3,1,4,Wet/Standing Water,Straight,Level,Lowest,No
22833,36,New York,360279,1,1,1,0,1,NEW YORK CITY,April,16,Sunday,22,50,Urban,Medium Speed (Collector),No,40.63002778,-73.97708889,Complex/Circle,Dark - Unknown Lighting,Clear,Unknown,Unknown,Unknown EMS Scene Arrival Hour,Unknown EMS Scene Arrival Minutes,Unknown,Unknown EMS Hospital Arrival Time,1,Dark - Unlighted,Clear,0,1,[],[],0,0,Valid,0.0,0.0,38.0,38.0,['Female'],0,0,3,1,4,Dry,Straight,Level,Lowest,No
22834,36,New York,360280,0,3,3,0,3,FORT EDWARD,April,21,Friday,12,52,Urban,High Speed (Arterial),Yes,43.28438889,-73.58658056,Non-Intersection,Daylight,Clear,12:00pm-12:59pm,52,1:00pm-1:59pm,4,1:00pm-1:59pm,29,1,Daylight,Clear,1,2,['Driver'],['None_Used'],0,0,Valid,0.0,0.0,75.0,43.0,"['Female', 'Male', 'Male']",0,0,5,1,5,Dry,Straight,Non-Trafficway,Lowest,No
22835,36,New York,360281,0,1,1,0,1,HANNIBAL,May,29,Monday,12,37,Rural,Low Speed (Local),No,43.29274167,-76.53192778,Non-Intersection,Daylight,Cloudy,12:00pm-12:59pm,37,12:00pm-12:59pm,50,Not Applicable (Not Transported),Not Applicable (Not Transported),1,Daylight,Reduced Visibility,1,0,['Driver'],['None_Used'],0,0,Valid,0.0,0.0,73.0,73.0,['Male'],0,0,5,4,3,Dry,Curve,Grade/Hillcrest,Lowest,No
22836,36,New York,360282,0,2,2,0,2,ALBANY,May,11,Thursday,14,8,Rural,High Speed (Arterial),Yes,42.65686944,-73.82570278,Non-Intersection,Daylight,Clear,Unknown,Unknown,Unknown EMS Scene Arrival Hour,Unknown EMS Scene Arrival Minutes,Unknown,Unknown EMS Hospital Arrival Time,1,Daylight,Clear,1,1,['Driver'],['Shoulder_Lapbelt'],0,0,Valid,0.0,0.0,71.0,17.0,"['Male', 'Male']",0,0,2,1,5,Dry,Curve,Level,Lowest,No
22837,36,New York,360283,0,1,1,0,1,NEW YORK CITY,June,16,Friday,23,9,Urban,Medium Speed (Collector),No,40.88219722,-73.8636,Complex/Circle,Dark - Lighted,Clear,Unknown,Unknown,Unknown EMS Scene Arrival Hour,Unknown EMS Scene Arrival Minutes,Unknown,Unknown EMS Hospital Arrival Time,1,Dark - Lighted,Clear,1,0,['Driver'],['None_Used'],0,0,Invalid,0.0,0.0,33.0,33.0,['Male'],1,0,5,1,3,Dry,Straight,Level,Lowest,No
22838,36,New York,360284,0,1,1,0,4,NEW YORK CITY,June,17,Saturday,1,53,Urban,High Speed (Arterial),Yes,40.80274167,-73.91625,Non-Intersection,Dark - Lighted,Clear,Unknown,Unknown,Unknown EMS Scene Arrival Hour,Unknown EMS Scene Arrival Minutes,Unknown,Unknown EMS Hospital Arrival Time,1,Dark - Lighted,Clear,1,3,['Driver'],['None_Used'],1,1,Valid,0.0,0.0,18.0,18.0,['Male'],4,0,2,1,3,Dry,Curve,Grade/Hillcrest,Lowest,No
22839,36,New York,360285,0,1,1,0,2,MIDDLE VILLAGE,June,19,Monday,0,1,Urban,High Speed (Arterial),Yes,40.79097222,-73.822375,Non-Intersection,Dark - Lighted,Clear,Unknown,Unknown,Unknown EMS Scene Arrival Hour,Unknown EMS Scene Arrival Minutes,Unknown,Unknown EMS Hospital Arrival Time,1,Dark - Lighted,Clear,1,1,['Rear_Seat'],['None_Used'],0,0,Valid,0.0,0.0,29.0,29.0,['Male'],2,0,5,1,2,Dry,Straight,Level,Lowest,No
22840,36,New York,360286,1,1,1,0,1,MIDDLE VILLAGE,June,14,Wednesday,8,37,Urban,Medium Speed (Collector),No,40.76037222,-73.73155278,Complex/Circle,Daylight,Cloudy,Unknown,Unknown,Unknown EMS Scene Arrival Hour,Unknown EMS Scene Arrival Minutes,Unknown,Unknown EMS Hospital Arrival Time,1,Daylight,Reduced Visibility,0,1,[],[],0,0,Valid,0.0,0.0,46.0,46.0,['Female'],0,0,2,1,4,Dry,Straight,Grade/Hillcrest,Lowest,No
22841,36,New York,360287,1,1,1,0,1,NEW YORK,June,16,Friday,12,39,Urban,High Speed (Arterial),Yes,40.73325,-73.98118889,Complex/Circle,Daylight,Cloudy,Unknown,Unknown,Unknown EMS Scene Arrival Hour,Unknown EMS Scene Arrival Minutes,Unknown,Unknown EMS Hospital Arrival Time,1,Daylight,Reduced Visibility,0,1,[],[],0,0,Valid,0.0,0.0,30.0,30.0,['Male'],0,0,1,1,4,Dry,Straight,Level,Lowest,No
22842,36,New York,360288,0,2,2,0,2,GATES,April,24,Monday,17,42,Urban,Medium Speed (Collector),No,43.1695,-77.7016,Complex/Circle,Daylight,Clear,6:00pm-6:59pm,0,6:00pm-6:59pm,7,6:00pm-6:59pm,27,1,Daylight,Clear,1,1,['Driver'],['Shoulder_Lapbelt'],0,0,Valid,0.0,0.0,81.0,40.0,"['Female', 'Female']",0,0,3,1,5,Dry,Straight,Level,Lowest,No
22843,36,New York,360289,1,1,1,0,1,NEW YORK CITY,May,12,Friday,16,20,Urban,Low Speed (Local),No,40.72329444,-73.94223889,Complex/Circle,Daylight,Clear,Unknown,Unknown,Unknown EMS Scene Arrival Hour,Unknown EMS Scene Arrival Minutes,Unknown,Unknown EMS Hospital Arrival Time,1,Daylight,Clear,0,1,[],[],0,0,Valid,0.0,0.0,62.0,62.0,['Male'],0,0,3,1,4,Dry,Straight,Level,Lowest,No
22844,36,New York,360290,0,1,1,0,1,BUFFALO,May,14,Sunday,7,54,Urban,High Speed (Arterial),Yes,42.92758333,-78.89836944,Non-Intersection,Daylight,Cloudy,7:00am-7:59am,54,8:00am-8:59am,3,8:00am-8:59am,30,1,Daylight,Reduced Visibility,1,0,['Driver'],['None_Used'],0,0,Valid,3.0,0.0,27.0,27.0,['Male'],0,0,5,1,3,Dry,Curve,Grade/Hillcrest,Lowest,No
22845,36,New York,360291,0,1,1,0,1,ARGYLE,May,5,Friday,19,51,Rural,Low Speed (Local),No,43.26447778,-73.453775,Non-Intersection,Dusk,Clear,7:00pm-7:59pm,53,8:00pm-8:59pm,4,Not Applicable (Not Transported),Not Applicable (Not Transported),1,Twilight,Clear,1,0,['Driver'],['None_Used'],1,1,Valid,2.0,0.0,27.0,27.0,['Male'],1,0,5,1,3,Dry,Straight,Grade/Hillcrest,Lowest,No
22846,36,New York,360292,1,1,1,0,1,MIDDLE VILLAGE,May,19,Friday,2,11,Urban,Medium Speed (Collector),No,40.67000556,-73.72865,Non-Intersection,Dark - Lighted,Clear,Unknown,Unknown,Unknown EMS Scene Arrival Hour,Unknown EMS Scene Arrival Minutes,Unknown,Unknown EMS Hospital Arrival Time,1,Dark - Lighted,Clear,0,1,[],[],0,0,Valid,1.0,0.0,61.0,61.0,['Male'],0,0,1,1,4,Dry,Straight,Level,Lowest,No
22847,36,New York,360293,0,1,1,0,1,FARMINGDALE,June,8,Thursday,14,55,Urban,High Speed (Arterial),Yes,40.70648889,-73.43041389,Non-Intersection,Daylight,Cloudy,2:00pm-2:59pm,55,3:00pm-3:59pm,11,4:00pm-4:59pm,0,1,Daylight,Reduced Visibility,1,0,['Driver'],['None_Used'],0,0,Valid,0.0,0.0,61.0,61.0,['Male'],0,0,3,1,3,Dry,Straight,Level,Medium,No
22848,36,New York,360294,1,1,1,0,4,NEW YORK CITY,May,26,Friday,21,19,Urban,High Speed (Arterial),Yes,40.60736667,-73.94315833,Complex/Circle,Dark - Lighted,Clear,Unknown,Unknown,Unknown EMS Scene Arrival Hour,Unknown EMS Scene Arrival Minutes,Unknown,Unknown EMS Hospital Arrival Time,1,Dark - Lighted,Clear,0,4,[],[],0,0,Valid,0.0,0.0,50.0,50.0,['Male'],0,0,3,1,4,Dry,Straight,Level,Lowest,No
22849,36,New York,360295,0,2,2,0,4,MIDDLE VILLAGE,May,27,Saturday,3,38,Urban,High Speed (Arterial),Yes,40.78569444,-73.82401667,Non-Intersection,Dark - Lighted,Clear,Unknown,Unknown,Unknown EMS Scene Arrival Hour,Unknown EMS Scene Arrival Minutes,Unknown,Unknown EMS Hospital Arrival Time,1,Dark - Lighted,Clear,1,3,['Rear_Seat'],['Shoulder_Lapbelt'],0,0,Valid,1.0,0.0,999.0,43.0,"['Male', 'Other']",2,0,2,1,5,Dry,Straight,Level,Lowest,No
22850,36,New York,360296,0,1,1,0,1,BARNEVELD,May,21,Sunday,3,38,Rural,Low Speed (Local),No,43.28149167,-75.21886111,Non-Intersection,Dark - Not Lighted,Cloudy,Unknown,Unknown,Unknown EMS Scene Arrival Hour,Unknown EMS Scene Arrival Minutes,Not Applicable (Not Transported),Not Applicable (Not Transported),1,Dark - Unlighted,Reduced Visibility,1,0,['Driver'],['None_Used'],1,1,Valid,0.0,0.0,21.0,21.0,['Male'],1,0,3,1,3,Dry,Curve,Level,Lowest,No
22851,36,New York,360297,1,1,1,0,1,NEWARK,June,4,Sunday,9,13,Urban,Low Speed (Local),No,43.04318611,-77.09764167,Complex/Circle,Daylight,Clear,Unknown,Unknown,Unknown EMS Scene Arrival Hour,Unknown EMS Scene Arrival Minutes,Unknown,Unknown EMS Hospital Arrival Time,1,Daylight,Clear,0,1,[],[],0,0,Valid,0.0,0.0,66.0,66.0,['Female'],0,0,3,1,4,Dry,Straight,Level,Lowest,No
22852,36,New York,360298,0,2,2,0,2,GENEVA,June,17,Saturday,14,24,Urban,High Speed (Arterial),Yes,42.80135556,-76.97745278,Simple Junction,Daylight,Clear,Unknown,Unknown,Unknown EMS Scene Arrival Hour,Unknown EMS Scene Arrival Minutes,Unknown,Unknown EMS Hospital Arrival Time,1,Daylight,Clear,1,1,['Driver'],['None_Used'],0,0,Valid,0.0,0.0,74.0,62.0,"['Male', 'Female']",0,0,5,1,5,Dry,Straight,Level,Lowest,No
22853,36,New York,360299,1,3,2,1,5,MIDDLE VILLAGE,February,17,Friday,20,33,Urban,Medium Speed (Collector),No,40.59879444,-73.76590833,Complex/Circle,Dusk,Cloudy,8:00pm-8:59pm,34,8:00pm-8:59pm,36,9:00pm-9:59pm,15,1,Twilight,Reduced Visibility,0,5,[],[],0,0,Valid,2.0,1.0,44.0,25.0,"['Male', 'Female']",0,0,3,1,5,Dry,Straight,Level,Lowest,No
22854,36,New York,360300,2,1,1,0,1,OYSTER BAY,June,7,Wednesday,9,15,Urban,High Speed (Arterial),Yes,40.77636944,-73.56778611,Simple Junction,Daylight,Cloudy,Unknown,Unknown,Unknown EMS Scene Arrival Hour,Unknown EMS Scene Arrival Minutes,Unknown,Unknown EMS Hospital Arrival Time,1,Daylight,Reduced Visibility,0,1,[],[],0,0,Valid,1.0,0.0,29.0,29.0,['Male'],0,0,3,1,4,Dry,Straight,Level,Lowest,No
22855,36,New York,360301,0,1,1,0,1,GLOVERSVILLE,March,14,Tuesday,21,13,Urban,High Speed (Arterial),Yes,43.03379722,-74.34395833,Non-Intersection,Dark - Not Lighted,Cloudy,9:00pm-9:59pm,13,9:00pm-9:59pm,17,9:00pm-9:59pm,37,1,Dark - Unlighted,Reduced Visibility,1,0,['Driver'],['None_Used'],1,1,Valid,0.0,0.0,18.0,18.0,['Male'],1,0,5,4,2,Icy/Snowy,Straight,Level,Lowest,No
22856,36,New York,360302,0,1,1,0,1,CORTLAND,April,16,Sunday,19,42,Rural,Low Speed (Local),No,42.50753333,-76.15906389,Non-Intersection,Dark - Not Lighted,Cloudy,7:00pm-7:59pm,42,7:00pm-7:59pm,44,Not Applicable (Not Transported),Not Applicable (Not Transported),1,Dark - Unlighted,Reduced Visibility,1,0,['Driver'],['None_Used'],1,1,Invalid,0.0,0.0,54.0,54.0,['Male'],1,0,5,1,3,Dry,Straight,Grade/Hillcrest,Lowest,No
22857,36,New York,360303,1,1,1,0,5,BROOKHAVEN,January,5,Thursday,5,5,Urban,High Speed (Arterial),Yes,40.78289444,-72.98317778,Non-Intersection,Dark - Not Lighted,Cloudy,5:00am-5:59am,7,5:00am-5:59am,16,Not Applicable (Not Transported),Not Applicable (Not Transported),1,Dark - Unlighted,Reduced Visibility,0,5,[],[],0,0,Valid,0.0,0.0,53.0,53.0,['Male'],0,0,3,1,4,Wet/Standing Water,Straight,Level,Lowest,No
22858,36,New York,360304,1,1,1,0,1,ISLIP,January,11,Wednesday,17,29,Urban,Medium Speed (Collector),No,40.77308611,-73.26009722,Non-Intersection,Dark - Lighted,Clear,5:00pm-5:59pm,28,5:00pm-5:59pm,33,5:00pm-5:59pm,47,1,Dark - Lighted,Clear,0,1,[],[],0,0,Valid,0.0,0.0,62.0,62.0,['Female'],0,0,3,1,4,Dry,Straight,Level,Lowest,No
22859,36,New York,360305,0,1,1,0,1,BROOKHAVEN,January,14,Saturday,4,8,Urban,High Speed (Arterial),Yes,40.81665833,-73.07593889,Non-Intersection,Dark - Lighted,Clear,Unknown,Unknown,Unknown EMS Scene Arrival Hour,Unknown EMS Scene Arrival Minutes,Unknown,Unknown EMS Hospital Arrival Time,1,Dark - Lighted,Clear,1,0,['Driver'],['Shoulder_Lapbelt'],0,0,Valid,1.0,0.0,37.0,37.0,['Male'],0,0,2,1,2,Dry,Straight,Level,Medium,No
22860,36,New York,360306,1,1,1,0,1,BABYLON,January,21,Saturday,18,34,Urban,Medium Speed (Collector),No,40.69629444,-73.34344167,Complex/Circle,Dark - Lighted,Clear,Unknown,Unknown,Unknown EMS Scene Arrival Hour,Unknown EMS Scene Arrival Minutes,Unknown,Unknown EMS Hospital Arrival Time,1,Dark - Lighted,Clear,0,1,[],[],0,0,Valid,0.0,0.0,27.0,27.0,['Female'],0,0,2,1,4,Dry,Straight,Level,Lowest,No
22861,36,New York,360307,0,1,1,0,2,YAPHANK,January,22,Sunday,1,19,Urban,High Speed (Arterial),Yes,40.84160556,-72.89603611,Non-Intersection,Dark - Not Lighted,Clear,1:00am-1:59am,22,1:00am-1:59am,30,Unknown,Unknown EMS Hospital Arrival Time,1,Dark - Unlighted,Clear,1,1,['Driver'],['None_Used'],1,1,Valid,0.0,0.0,41.0,41.0,['Female'],2,0,3,1,3,Dry,Straight,Level,Lowest,No
22862,36,New York,360308,0,1,1,0,1,TABERG,June,24,Saturday,23,43,Rural,Low Speed (Local),No,43.27635278,-75.62415556,Non-Intersection,Dark - Not Lighted,Cloudy,11:00pm-11:59pm,47,11:00pm-11:59pm,58,Not Applicable (Not Transported),Not Applicable (Not Transported),1,Dark - Unlighted,Reduced Visibility,1,0,['Driver'],['Shoulder_Lapbelt'],1,1,Valid,0.0,1.0,26.0,26.0,['Male'],1,0,2,4,3,Dry,Curve,Grade/Hillcrest,Lowest,No
22863,36,New York,360309,1,2,2,0,2,HUNTINGTON,January,22,Sunday,19,7,Urban,High Speed (Arterial),Yes,40.78855833,-73.37506389,Non-Intersection,Dark - Lighted,Rain,Unknown,Unknown,Unknown EMS Scene Arrival Hour,Unknown EMS Scene Arrival Minutes,Not Applicable (Not Transported),Not Applicable (Not Transported),1,Dark - Lighted,Rain/Wind/Minor,0,2,[],[],0,0,Valid,0.0,0.0,49.0,40.0,"['Male', 'Male']",0,0,3,1,4,Wet/Standing Water,Straight,Level,Lowest,No
22864,36,New York,360310,1,1,1,0,1,OSWEGO,June,21,Wednesday,23,45,Urban,Medium Speed (Collector),No,43.47298056,-76.47395278,Non-Intersection,Dark - Not Lighted,Cloudy,11:00pm-11:59pm,45,11:00pm-11:59pm,49,Not Applicable (Not Transported),Not Applicable (Not Transported),1,Dark - Unlighted,Reduced Visibility,0,1,[],[],0,0,Valid,2.0,0.0,20.0,20.0,['Male'],0,0,2,1,4,Dry,Straight,Level,Lowest,No
22865,36,New York,360311,0,1,1,0,1,RUSSELL GARDENS,June,26,Monday,11,30,Urban,Low Speed (Local),No,40.78310278,-73.72128611,Non-Intersection,Daylight,Cloudy,11:00am-11:59am,40,11:00am-11:59am,42,12:00pm-12:59pm,27,1,Daylight,Reduced Visibility,1,0,['Driver'],['None_Used'],0,0,Valid,0.0,0.0,47.0,47.0,['Male'],0,0,3,1,3,Dry,Straight,Level,Lowest,No
22866,36,New York,360312,1,1,1,0,1,DANSVILLE,June,23,Friday,7,38,Rural,Medium Speed (Collector),No,42.64480556,-77.75054722,Non-Intersection,Daylight,Cloudy,Unknown,Unknown,Unknown EMS Scene Arrival Hour,Unknown EMS Scene Arrival Minutes,Not Applicable (Not Transported),Not Applicable (Not Transported),1,Daylight,Reduced Visibility,0,1,[],[],0,0,Valid,1.0,0.0,44.0,44.0,['Female'],1,0,3,1,4,Dry,Straight,Grade/Hillcrest,Lowest,No
22867,36,New York,360313,1,1,1,0,1,ISLIP,January,27,Friday,18,30,Urban,Medium Speed (Collector),No,40.78018889,-73.26080556,Non-Intersection,Dark - Not Lighted,Clear,Unknown,Unknown,Unknown EMS Scene Arrival Hour,Unknown EMS Scene Arrival Minutes,Unknown,Unknown EMS Hospital Arrival Time,1,Dark - Unlighted,Clear,0,1,[],[],0,0,Valid,0.0,0.0,32.0,32.0,['Female'],0,0,3,1,4,Dry,Straight,Level,Lowest,No
22868,36,New York,360314,1,1,1,0,1,ROCHESTER,June,23,Friday,14,15,Urban,Low Speed (Local),No,43.13484722,-77.65085278,Non-Intersection,Daylight,Cloudy,2:00pm-2:59pm,15,2:00pm-2:59pm,18,2:00pm-2:59pm,30,1,Daylight,Reduced Visibility,0,1,[],[],0,0,Valid,1.0,1.0,23.0,23.0,['Female'],0,0,3,1,4,Dry,Straight,Level,Lowest,No
22869,36,New York,360315,1,1,1,0,2,BROOKHAVEN,January,30,Monday,21,29,Urban,High Speed (Arterial),Yes,40.88310556,-72.94201389,Complex/Circle,Dark - Lighted,Clear,9:00pm-9:59pm,29,9:00pm-9:59pm,33,Not Applicable (Not Transported),Not Applicable (Not Transported),1,Dark - Lighted,Clear,0,2,[],[],0,0,Valid,0.0,0.0,76.0,76.0,['Male'],0,0,3,1,4,Dry,Straight,Level,Lowest,No
22870,36,New York,360316,0,2,2,0,2,TROY,February,22,Wednesday,0,56,Urban,High Speed (Arterial),Yes,42.73900833,-73.67491389,Complex/Circle,Dark - Lighted,Clear,0:00am-0:59am,57,1:00am-1:59am,2,1:00am-1:59am,35,1,Dark - Lighted,Clear,1,1,['Driver'],['Shoulder_Lapbelt'],0,0,Valid,2.0,0.0,30.0,30.0,"['Male', 'Male']",0,0,3,1,5,Dry,Straight,Grade/Hillcrest,Lowest,No
22871,36,New York,360317,0,2,2,0,4,MIDDLE VILLAGE,June,24,Saturday,3,39,Urban,High Speed (Arterial),Yes,40.66633333,-73.76165833,Non-Intersection,Dark - Lighted,"Fog, Smog, Smoke",Unknown,Unknown,Unknown EMS Scene Arrival Hour,Unknown EMS Scene Arrival Minutes,Unknown,Unknown EMS Hospital Arrival Time,2,Dark - Lighted,Reduced Visibility,2,1,"['Driver', 'Rear_Seat']","['Shoulder_Lapbelt', 'None_Used']",1,1,Invalid,1.0,0.0,35.0,32.0,"['Male', 'Female']",3,0,3,4,5,Wet/Standing Water,Straight,Level,Lowest,No
22872,36,New York,360318,0,2,2,0,2,CIRCLEVILLE,April,17,Monday,21,25,Urban,Medium Speed (Collector),No,41.46343889,-74.37230833,Complex/Circle,Dark - Lighted,Clear,9:00pm-9:59pm,25,9:00pm-9:59pm,30,9:00pm-9:59pm,58,1,Dark - Lighted,Clear,1,1,['Driver'],['None_Used'],0,0,Valid,4.0,0.0,56.0,36.0,"['Male', 'Male']",0,0,5,1,5,Dry,Straight,Level,Lowest,No
22873,36,New York,360319,1,1,1,0,1,MIDDLE VILLAGE,June,24,Saturday,14,16,Urban,Medium Speed (Collector),No,40.58213611,-73.82945556,Non-Intersection,Daylight,Cloudy,2:00pm-2:59pm,16,Unknown EMS Scene Arrival Hour,Unknown EMS Scene Arrival Minutes,Unknown,Unknown EMS Hospital Arrival Time,1,Daylight,Reduced Visibility,0,1,[],[],0,0,Valid,2.0,0.0,29.0,29.0,['Male'],0,0,2,4,4,Dry,Straight,Level,Medium,No
22874,36,New York,360320,0,2,2,0,6,HOLTSVILLE,June,25,Sunday,17,55,Urban,High Speed (Arterial),Yes,40.80072222,-73.01781111,Non-Intersection,Daylight,Clear,Unknown,Unknown,Unknown EMS Scene Arrival Hour,Unknown EMS Scene Arrival Minutes,Unknown,Unknown EMS Hospital Arrival Time,1,Daylight,Clear,1,4,['Driver'],['None_Used'],0,0,Valid,0.0,0.0,26.0,20.0,"['Male', 'Female']",2,0,5,4,5,Dry,Straight,Level,Lowest,No
22875,36,New York,360321,1,1,1,0,3,RYE BROOK,May,5,Friday,15,10,Urban,Medium Speed (Collector),No,41.00031389,-73.68068611,Simple Junction,Daylight,Clear,Unknown,Unknown,Unknown EMS Scene Arrival Hour,Unknown EMS Scene Arrival Minutes,Unknown,Unknown EMS Hospital Arrival Time,1,Daylight,Clear,0,3,[],[],0,0,Valid,0.0,0.0,66.0,66.0,['Female'],0,0,3,1,4,Dry,Straight,Non-Trafficway,Lowest,No
22876,36,New York,360322,2,1,1,0,1,CALLICOON,May,29,Monday,3,18,Rural,Medium Speed (Collector),No,41.84608889,-74.94236667,Non-Intersection,Dark - Not Lighted,Clear,3:00am-3:59am,20,3:00am-3:59am,39,Not Applicable (Not Transported),Not Applicable (Not Transported),2,Dark - Unlighted,Clear,0,1,[],[],1,1,Valid,1.0,1.0,24.0,24.0,['Female'],0,0,3,1,4,Dry,Straight,Level,Lowest,No
22877,36,New York,360323,0,2,2,0,2,CANANDAIGUA,May,30,Tuesday,17,32,Rural,Medium Speed (Collector),No,42.912725,-77.37025556,Complex/Circle,Daylight,Clear,5:00pm-5:59pm,34,5:00pm-5:59pm,39,6:00pm-6:59pm,32,1,Daylight,Clear,1,1,['Driver'],['Shoulder_Lapbelt'],0,0,Valid,2.0,0.0,84.0,64.0,"['Female', 'Male']",0,0,3,1,5,Dry,Straight,Level,Lowest,No