,State_Code,State_Name,Crash_ID,Count_Non_Motorists,Count_Vehicles_Total,Count_Vehicle_Forms,Count_PVH_Involved,Count_Occupants_MV,City_Name,Month_Name,Day_of_Month,Day_of_Week,Crash_Hour,Crash_Minute,Area_Rural_Urban,Road_Functional_Class,On_NHS_Road,Latitude,Longitude,Intersection_Type,Light_Condition,Weather_Condition,Notif_Hour,Notif_Minute,Arrival_Hour,Arrival_Minute,Hospital_Hour,Hospital_Minute,Fatalities_Count,Clean_Light_Condition,Clean_Weather_Condition,Total_Killed,Total_Alive,Fatal_Seats_List,Killed_Restraint_List,Any_Driver_Drinking,Total_Drinking_Drivers,Driver_License_Category,Driver_Max_Prev_Accident_Count,Driver_Max_Prev_Speeding_Count,Max_Driver_Age,Min_Driver_Age,Driver_Sex_List,Total_Exceeding_Limit_Vehicles,Total_Too_Fast_Vehicles,Max_Vehicle_Type_Severity_5,Max_Vehicle_Damage_Rank,Max_Harmful_Event_Severity,Crash_Road_Surface_Condition,Crash_Horizontal_Alignment,Crash_Vertical_Profile,Crash_Impairment_Category,Crash_Vehicle_Defect
22878,36,New York,360324,0,2,2,0,2,NEW CITY,May,30,Tuesday,19,15,Urban,High Speed (Arterial),Yes,41.09312778,-73.94689722,Non-Intersection,Daylight,Clear,7:00pm-7:59pm,16,7:00pm-7:59pm,19,7:00pm-7:59pm,32,1,Daylight,Clear,1,1,['Driver'],['Shoulder_Lapbelt'],0,0,Valid,1.0,3.0,53.0,24.0,"['Male', 'Female']",1,0,3,4,5,Dry,Straight,Grade/Hillcrest,Lowest,No
22879,36,New York,360325,0,2,2,0,2,WELLSVILLE,June,2,Friday,18,1,Urban,Medium Speed (Collector),No,42.12406944,-77.98313056,Non-Intersection,Daylight,Clear,Unknown,Unknown,Unknown EMS Scene Arrival Hour,Unknown EMS Scene Arrival Minutes,Unknown,Unknown EMS Hospital Arrival Time,1,Daylight,Clear,1,1,['Driver'],['Shoulder_Lapbelt'],0,0,Valid,1.0,1.0,33.0,17.0,"['Female', 'Female']",0,0,3,1,5,Dry,Straight,Level,Lowest,No
22880,36,New York,360326,0,2,2,0,2,PENFIELD,June,3,Saturday,8,38,Urban,Medium Speed (Collector),No,43.17573056,-77.51198611,Non-Intersection,Daylight,Cloudy,8:00am-8:59am,38,8:00am-8:59am,39,Unknown,Unknown EMS Hospital Arrival Time,1,Daylight,Reduced Visibility,1,1,['Driver'],['Shoulder_Lapbelt'],0,0,Invalid,2.0,0.0,31.0,31.0,"['Female', 'Female']",0,0,3,4,5,Dry,Curve,Grade/Hillcrest,Lowest,No
22881,36,New York,360327,0,1,1,0,2,WINTHROP,May,20,Saturday,17,21,Rural,Low Speed (Local),No,44.78747222,-74.81996667,Non-Intersection,Daylight,Cloudy,5:00pm-5:59pm,21,5:00pm-5:59pm,27,Unknown,Unknown EMS Hospital Arrival Time,1,Daylight,Reduced Visibility,1,1,['Front_Passenger'],['None_Used'],1,1,Valid,0.0,0.0,36.0,36.0,['Male'],2,0,5,1,3,Dry,Straight,Level,Lowest,No
22882,36,New York,360328,0,1,1,0,1,ELIZABETHTOWN,June,25,Sunday,11,50,Rural,Medium Speed (Collector),No,44.18689167,-73.58045,Non-Intersection,Daylight,Clear,11:00am-11:59am,50,12:00pm-12:59pm,1,12:00pm-12:59pm,25,1,Daylight,Clear,1,0,['Driver'],['None_Used'],0,0,Invalid,0.0,0.0,56.0,56.0,['Male'],1,0,5,4,1,Dry,Curve,Level,Lowest,No
22883,36,New York,360329,0,1,1,0,1,PLEASANT VALLEY,June,26,Monday,9,0,Rural,High Speed (Arterial),Yes,41.77235556,-73.76644444,Non-Intersection,Daylight,Cloudy,9:00am-9:59am,13,9:00am-9:59am,24,9:00am-9:59am,50,1,Daylight,Reduced Visibility,1,0,['Driver'],['Shoulder_Lapbelt'],0,0,Valid,0.0,0.0,86.0,86.0,['Male'],0,0,3,1,3,Dry,Straight,Level,Lowest,No
22884,36,New York,360330,0,1,1,0,1,CHARLTON,June,28,Wednesday,5,20,Rural,Medium Speed (Collector),No,42.97638056,-74.03022222,Non-Intersection,Daylight,Rain,5:00am-5:59am,24,5:00am-5:59am,38,Unknown,Unknown EMS Hospital Arrival Time,1,Daylight,Rain/Wind/Minor,1,0,['Driver'],['Lapbelt_Only'],0,0,Valid,2.0,1.0,62.0,62.0,['Male'],1,0,3,1,3,Wet/Standing Water,Straight,Level,Lowest,No
22885,36,New York,360331,0,1,1,0,2,DUNDEE,July,3,Monday,7,1,Rural,Medium Speed (Collector),No,42.54314444,-77.01304444,Non-Intersection,Dawn,Rain,7:00am-7:59am,28,8:00am-8:59am,0,Unknown,Unknown EMS Hospital Arrival Time,1,Twilight,Rain/Wind/Minor,1,1,['Front_Passenger'],['Shoulder_Lapbelt'],0,0,Valid,1.0,0.0,20.0,20.0,['Male'],2,0,3,4,3,Wet/Standing Water,Straight,Level,Lowest,No
22886,36,New York,360332,0,2,2,0,2,SLATE HILL,June,2,Friday,11,46,Rural,High Speed (Arterial),Yes,41.40701389,-74.50203056,Non-Intersection,Daylight,Clear,11:00am-11:59am,47,11:00am-11:59am,58,Unknown,Unknown EMS Hospital Arrival Time,1,Daylight,Clear,1,1,['Driver'],['Shoulder_Lapbelt'],0,0,Valid,3.0,1.0,81.0,48.0,"['Male', 'Female']",0,0,2,4,5,Dry,Straight,Level,Lowest,No
22887,36,New York,360333,1,1,1,0,1,PEMBROKE,June,7,Wednesday,5,38,Rural,High Speed (Arterial),Yes,99.9999,999.9999,Non-Intersection,Dawn,Cloudy,5:00am-5:59am,38,Unknown EMS Scene Arrival Hour,Unknown EMS Scene Arrival Minutes,Not Applicable (Not Transported),Not Applicable (Not Transported),1,Twilight,Reduced Visibility,0,1,[],[],0,0,Valid,0.0,0.0,49.0,49.0,['Male'],0,0,4,1,4,Dry,Straight,Level,Lowest,No
22888,36,New York,360334,0,1,1,0,1,GRANVILLE,June,4,Sunday,7,25,Rural,Medium Speed (Collector),No,43.24217778,-73.28497222,Non-Intersection,Daylight,Clear,7:00am-7:59am,25,7:00am-7:59am,34,Not Applicable (Not Transported),Not Applicable (Not Transported),1,Daylight,Clear,1,0,['Driver'],['None_Used'],0,0,Valid,0.0,0.0,62.0,62.0,['Male'],0,0,3,1,1,Dry,Straight,Level,Lowest,No
22889,36,New York,360335,1,1,1,0,1,HEMPSTEAD,June,10,Saturday,22,0,Urban,High Speed (Arterial),Yes,40.70985556,-73.58915278,Simple Junction,Daylight,Clear,10:00pm-10:59pm,1,10:00pm-10:59pm,4,10:00pm-10:59pm,26,1,Daylight,Clear,0,1,[],[],1,1,Valid,3.0,0.0,44.0,44.0,['Male'],0,0,2,1,4,Dry,Straight,Level,Lowest,No
22890,36,New York,360336,0,2,2,0,3,ALTMAR,June,10,Saturday,11,35,Rural,Medium Speed (Collector),No,43.46119444,-76.08593056,Non-Intersection,Daylight,Clear,11:00am-11:59am,35,11:00am-11:59am,42,Unknown,Unknown EMS Hospital Arrival Time,2,Daylight,Clear,2,1,"['Driver', 'Front_Passenger']","['Shoulder_Lapbelt', 'Shoulder_Lapbelt']",0,0,Invalid,1.0,0.0,62.0,40.0,"['Male', 'Female']",0,0,3,4,5,Dry,Straight,Grade/Hillcrest,Lowest,No
22891,36,New York,360337,1,1,1,0,1,HUNTINGTON,June,12,Monday,18,37,Urban,Low Speed (Local),No,40.85073056,-73.41738611,Non-Intersection,Daylight,Cloudy,Unknown,Unknown,Unknown EMS Scene Arrival Hour,Unknown EMS Scene Arrival Minutes,Unknown,Unknown EMS Hospital Arrival Time,1,Daylight,Reduced Visibility,0,1,[],[],0,0,Invalid,0.0,0.0,29.0,29.0,['Male'],0,0,2,1,4,Dry,Straight,Level,Lowest,No
22892,36,New York,360338,1,1,1,0,1,ALBANY,June,16,Friday,23,40,Urban,High Speed (Arterial),Yes,42.6568,-73.76349167,Complex/Circle,Dark - Lighted,Rain,10:00pm-10:59pm,44,10:00pm-10:59pm,47,11:00pm-11:59pm,28,1,Dark - Lighted,Rain/Wind/Minor,0,1,[],[],0,0,Invalid,0.0,0.0,999.0,999.0,['Other'],0,0,1,1,4,Wet/Standing Water,Straight,Level,Lowest,No
22893,36,New York,360339,1,1,1,0,1,RIVERHEAD,June,19,Monday,1,40,Urban,High Speed (Arterial),Yes,40.97717222,-72.60843333,Non-Intersection,Dark - Not Lighted,Clear,1:00am-1:59am,45,1:00am-1:59am,55,2:00am-2:59am,20,1,Dark - Unlighted,Clear,0,1,[],[],0,0,Valid,0.0,0.0,29.0,29.0,['Male'],0,0,3,1,4,Dry,Straight,Level,Lowest,No
22894,36,New York,360340,0,1,1,0,1,CANAAN,June,19,Monday,16,38,Rural,High Speed (Arterial),Yes,42.3617,-73.43131111,Non-Intersection,Daylight,Clear,4:00pm-4:59pm,38,4:00pm-4:59pm,44,Not Applicable (Not Transported),Not Applicable (Not Transported),1,Daylight,Clear,1,0,['Driver'],['Shoulder_Lapbelt'],0,0,Invalid,0.0,0.0,68.0,68.0,['Male'],0,0,4,1,2,Dry,Straight,Level,Medium,No
22895,36,New York,360341,0,1,1,0,1,MENDON,May,7,Sunday,23,0,Urban,Medium Speed (Collector),No,43.02443889,-77.54796389,Simple Junction,Dark - Lighted,Cloudy,Unknown,Unknown,Unknown EMS Scene Arrival Hour,Unknown EMS Scene Arrival Minutes,Not Applicable (Not Transported),Not Applicable (Not Transported),1,Dark - Lighted,Reduced Visibility,1,0,['Driver'],['Shoulder_Lapbelt'],0,0,Valid,1.0,0.0,18.0,18.0,['Male'],1,0,2,4,3,Wet/Standing Water,Straight,Grade/Hillcrest,Lowest,No
22896,36,New York,360342,0,1,1,0,1,FREDONIA,July,3,Monday,10,41,Rural,Low Speed (Local),No,42.38660278,-79.32490833,Non-Intersection,Daylight,Cloudy,10:00am-10:59am,41,10:00am-10:59am,51,11:00am-11:59am,15,1,Daylight,Reduced Visibility,1,0,['Driver'],['None_Used'],0,0,Valid,0.0,0.0,78.0,78.0,['Male'],0,0,3,1,3,Dry,Straight,Grade/Hillcrest,Lowest,No
22897,36,New York,360343,0,2,2,0,5,ELMA,May,27,Saturday,9,43,Urban,Medium Speed (Collector),No,42.83945,-78.60603333,Complex/Circle,Daylight,Clear,9:00am-9:59am,46,9:00am-9:59am,50,Unknown,Unknown EMS Hospital Arrival Time,1,Daylight,Clear,1,4,['Driver'],['None_Used'],0,0,Invalid,0.0,0.0,88.0,55.0,"['Male', 'Male']",4,0,3,4,5,Dry,Straight,Level,Lowest,No
22898,36,New York,360344,0,2,1,1,1,CORTLANDT,June,11,Sunday,18,24,Urban,Low Speed (Local),No,41.30712222,-73.92128333,Non-Intersection,Daylight,Clear,6:00pm-6:59pm,50,Unknown EMS Scene Arrival Hour,Unknown EMS Scene Arrival Minutes,Not Applicable (Not Transported),Not Applicable (Not Transported),1,Daylight,Clear,1,0,['Driver'],['None_Used'],0,0,Valid,0.0,0.0,61.0,61.0,['Male'],0,0,5,1,5,Dry,Straight,Level,Lowest,No
22899,36,New York,360345,0,2,2,0,4,COBLESKILL,June,25,Sunday,18,7,Urban,Medium Speed (Collector),No,42.67781389,-74.48536944,Complex/Circle,Daylight,Clear,6:00pm-6:59pm,9,6:00pm-6:59pm,16,7:00pm-7:59pm,44,1,Daylight,Clear,1,3,['Front_Passenger'],['Shoulder_Lapbelt'],0,0,Valid,0.0,0.0,64.0,18.0,"['Male', 'Female']",0,0,3,1,5,Dry,Straight,Level,Lowest,No
22900,36,New York,360346,1,1,1,0,1,NEWBURGH,February,3,Friday,13,4,Urban,Medium Speed (Collector),No,41.52406111,-74.03101389,Non-Intersection,Daylight,Clear,1:00pm-1:59pm,4,1:00pm-1:59pm,9,1:00pm-1:59pm,47,1,Daylight,Clear,0,1,[],[],0,0,Valid,2.0,0.0,32.0,32.0,['Male'],0,0,3,1,4,Dry,Straight,Level,Lowest,No
22901,36,New York,360347,0,1,1,0,1,AMHERST,May,26,Friday,14,48,Urban,High Speed (Arterial),Yes,43.00031944,-78.80328611,Non-Intersection,Daylight,Clear,2:00pm-2:59pm,48,2:00pm-2:59pm,53,Not Applicable (Not Transported),Not Applicable (Not Transported),1,Daylight,Clear,1,0,['Driver'],['None_Used'],0,0,Valid,1.0,0.0,20.0,20.0,['Male'],0,0,5,1,2,Dry,Curve,Level,Lowest,No
22902,36,New York,360348,0,3,3,0,3,ELMA,June,20,Tuesday,13,37,Urban,High Speed (Arterial),Yes,42.81518889,-78.69685278,Non-Intersection,Daylight,Clear,1:00pm-1:59pm,39,1:00pm-1:59pm,42,Unknown,Unknown EMS Hospital Arrival Time,1,Daylight,Clear,1,2,['Driver'],['None_Used'],0,0,Valid,1.0,0.0,78.0,22.0,"['Male', 'Female', 'Female']",1,0,5,4,5,Dry,Straight,Level,Lowest,No
22903,36,New York,360349,0,1,1,0,1,MIDDLE GROVE,June,25,Sunday,19,43,Rural,Low Speed (Local),No,43.12705556,-74.11094722,Non-Intersection,Daylight,Clear,7:00pm-7:59pm,49,8:00pm-8:59pm,5,Not Applicable (Not Transported),Not Applicable (Not Transported),1,Daylight,Clear,1,0,['Driver'],['None_Used'],0,0,Valid,0.0,0.0,17.0,17.0,['Male'],1,0,2,1,3,Dry,Straight,Level,Lowest,No
22904,36,New York,360350,0,2,2,0,2,WINGDALE,June,26,Monday,9,46,Rural,Medium Speed (Collector),No,41.64437222,-73.52072778,Non-Intersection,Daylight,Cloudy,9:00am-9:59am,49,9:00am-9:59am,59,Not Applicable (Not Transported),Not Applicable (Not Transported),1,Daylight,Reduced Visibility,1,1,['Driver'],['Shoulder_Lapbelt'],0,0,Valid,0.0,0.0,80.0,24.0,"['Female', 'Male']",0,0,4,1,5,Dry,Straight,Non-Trafficway,Lowest,No
22905,36,New York,360351,0,2,2,0,2,AMENIA,June,30,Friday,17,31,Rural,Low Speed (Local),No,41.82246667,-73.50577778,Non-Intersection,Daylight,Clear,5:00pm-5:59pm,31,5:00pm-5:59pm,41,Not Applicable (Not Transported),Not Applicable (Not Transported),1,Daylight,Clear,1,1,['Driver'],['None_Used'],0,0,Valid,2.0,0.0,50.0,44.0,"['Male', 'Male']",0,0,5,4,5,Dry,Curve,Grade/Hillcrest,Lowest,No
22906,36,New York,360352,1,1,1,0,1,ROCHESTER,June,30,Friday,13,48,Urban,Low Speed (Local),No,43.18503056,-77.57893333,Non-Intersection,Daylight,Clear,1:00pm-1:59pm,48,1:00pm-1:59pm,55,2:00pm-2:59pm,5,1,Daylight,Clear,0,0,[],[],0,0,Invalid,0.0,0.0,999.0,999.0,['Other'],1,0,3,1,4,Dry,Straight,Level,Lowest,No
22907,36,New York,360353,0,2,2,0,2,NEW YORK CITY,July,1,Saturday,17,0,Urban,High Speed (Arterial),Yes,40.55273889,-74.21613333,Non-Intersection,Daylight,Clear,Unknown,Unknown,Unknown EMS Scene Arrival Hour,Unknown EMS Scene Arrival Minutes,Not Applicable (Not Transported),Not Applicable (Not Transported),1,Daylight,Clear,1,1,['Driver'],['None_Used'],0,0,Valid,2.0,1.0,52.0,33.0,"['Male', 'Male']",0,0,5,1,5,Dry,Straight,Level,Lowest,No
22908,36,New York,360354,0,1,1,0,3,LAKE PLACID,June,30,Friday,0,46,Urban,Medium Speed (Collector),No,44.31789167,-74.1072,Non-Intersection,Dark - Not Lighted,"Fog, Smog, Smoke",0:00am-0:59am,46,0:00am-0:59am,51,1:00am-1:59am,33,1,Dark - Unlighted,Reduced Visibility,1,2,['Driver'],['Shoulder_Lapbelt'],0,0,Valid,0.0,0.0,17.0,17.0,['Male'],3,0,2,1,3,Dry,Curve,Grade/Hillcrest,Lowest,No
22909,36,New York,360355,0,2,2,0,3,MIDDLE VILLAGE,July,6,Thursday,2,33,Urban,High Speed (Arterial),Yes,40.69413056,-73.82807778,Complex/Circle,Dark - Lighted,Clear,Unknown,Unknown,Unknown EMS Scene Arrival Hour,Unknown EMS Scene Arrival Minutes,Unknown,Unknown EMS Hospital Arrival Time,1,Dark - Lighted,Clear,1,2,['Front_Passenger'],['Shoulder_Lapbelt'],1,1,Valid,1.0,1.0,40.0,24.0,"['Male', 'Male']",0,0,4,4,5,Dry,Straight,Level,Lowest,No
22910,36,New York,360356,0,2,2,0,2,NEW YORK,February,19,Sunday,14,36,Urban,High Speed (Arterial),Yes,40.74898056,-73.99590556,Complex/Circle,Daylight,Cloudy,2:00pm-2:59pm,36,2:00pm-2:59pm,38,2:00pm-2:59pm,55,1,Daylight,Reduced Visibility,1,1,['Driver'],['Shoulder_Lapbelt'],0,0,Valid,0.0,0.0,70.0,48.0,"['Female', 'Male']",0,0,2,1,5,Icy/Snowy,Straight,Level,Medium,No
22911,36,New York,360357,1,2,2,0,3,Other,May,5,Friday,21,8,Rural,High Speed (Arterial),Yes,41.95187778,-74.97209722,Non-Intersection,Dark - Not Lighted,Rain,9:00pm-9:59pm,14,9:00pm-9:59pm,31,Unknown,Unknown EMS Hospital Arrival Time,1,Dark - Unlighted,Rain/Wind/Minor,1,2,['Driver'],['Shoulder_Lapbelt'],0,0,Valid,1.0,0.0,67.0,35.0,"['Male', 'Male']",1,0,3,1,5,Wet/Standing Water,Curve,Level,Lowest,No
22912,36,New York,360358,0,5,2,3,6,NEW YORK,July,3,Monday,6,38,Urban,Medium Speed (Collector),No,40.84744722,-73.93333889,Complex/Circle,Daylight,Clear,Unknown,Unknown,Unknown EMS Scene Arrival Hour,Unknown EMS Scene Arrival Minutes,Unknown,Unknown EMS Hospital Arrival Time,2,Daylight,Clear,2,4,"['Rear_Seat', 'Rear_Seat']","['Shoulder_Lapbelt', 'Shoulder_Lapbelt']",0,0,Invalid,1.0,0.0,53.0,17.0,"['Male', 'Male']",5,0,3,4,5,Dry,Straight,Level,Lowest,No
22913,36,New York,360359,1,1,1,0,4,HENRIETTA,July,3,Monday,2,25,Urban,Medium Speed (Collector),No,43.08739722,-77.60921111,Complex/Circle,Dark - Not Lighted,Rain,2:00am-2:59am,25,2:00am-2:59am,34,2:00am-2:59am,43,1,Dark - Unlighted,Rain/Wind/Minor,0,4,[],[],0,0,Valid,0.0,0.0,27.0,27.0,['Male'],0,0,3,1,4,Wet/Standing Water,Straight,Level,Lowest,No
22914,36,New York,360360,1,1,1,0,2,NEW YORK CITY,March,4,Saturday,21,33,Urban,Low Speed (Local),No,40.81038889,-73.91771667,Complex/Circle,Dark - Lighted,Rain,Unknown,Unknown,Unknown EMS Scene Arrival Hour,Unknown EMS Scene Arrival Minutes,Unknown,Unknown EMS Hospital Arrival Time,1,Dark - Lighted,Rain/Wind/Minor,0,2,[],[],0,0,Valid,0.0,0.0,57.0,57.0,['Male'],0,0,3,1,4,Wet/Standing Water,Straight,Level,Lowest,No
22915,36,New York,360361,0,2,2,0,2,ST. ALBANS,March,7,Tuesday,14,50,Urban,High Speed (Arterial),Yes,40.67546389,-73.76354722,Simple Junction,Daylight,Clear,Unknown,Unknown,Unknown EMS Scene Arrival Hour,Unknown EMS Scene Arrival Minutes,Unknown,Unknown EMS Hospital Arrival Time,1,Daylight,Clear,1,1,['Driver'],['None_Used'],0,0,Valid,0.0,2.0,43.0,38.0,"['Male', 'Male']",0,0,5,1,5,Dry,Straight,Level,Lowest,No
22916,36,New York,360362,0,1,1,0,1,BLOOMING GROVE,May,1,Monday,14,33,Urban,Medium Speed (Collector),No,41.39645,-74.21235833,Non-Intersection,Daylight,Cloudy,2:00pm-2:59pm,34,2:00pm-2:59pm,40,3:00pm-3:59pm,15,1,Daylight,Reduced Visibility,1,0,['Driver'],['None_Used'],1,1,Valid,1.0,0.0,59.0,59.0,['Male'],0,0,3,1,3,Dry,Curve,Level,Lowest,No
22917,36,New York,360363,1,1,1,0,1,OLEAN,May,21,Sunday,12,1,Urban,Low Speed (Local),No,42.07593889,-78.39125278,Non-Intersection,Daylight,Clear,12:00pm-12:59pm,1,1:00pm-1:59pm,1,Not Applicable (Not Transported),Not Applicable (Not Transported),1,Daylight,Clear,0,1,[],[],0,0,Invalid,0.0,0.0,48.0,48.0,['Male'],0,0,3,1,4,Dry,Straight,Level,Lowest,No
22918,36,New York,360364,0,1,1,0,1,NEW HYDE PARK,June,10,Saturday,10,25,Urban,High Speed (Arterial),Yes,40.78024167,-73.63497222,Non-Intersection,Daylight,Cloudy,10:00am-10:59am,25,10:00am-10:59am,33,Not Applicable (Not Transported),Not Applicable (Not Transported),1,Daylight,Reduced Visibility,1,0,['Driver'],['Shoulder_Lapbelt'],0,0,Valid,1.0,0.0,23.0,23.0,['Male'],0,0,3,4,3,Dry,Curve,Level,Lowest,No
22919,36,New York,360365,0,2,2,0,4,BUFFALO,June,16,Friday,6,31,Urban,High Speed (Arterial),Yes,42.88638056,-78.81419444,Simple Junction,Daylight,Rain,Unknown,Unknown,Unknown EMS Scene Arrival Hour,Unknown EMS Scene Arrival Minutes,Not Applicable (Not Transported),Not Applicable (Not Transported),1,Daylight,Rain/Wind/Minor,1,3,['Driver'],['None_Used'],0,0,Valid,4.0,0.0,42.0,28.0,"['Male', 'Male']",0,0,3,1,3,Wet/Standing Water,Straight,Level,Lowest,No
22920,36,New York,360366,0,1,1,0,2,BABYLON,March,18,Saturday,1,31,Urban,High Speed (Arterial),Yes,40.73079722,-73.36359167,Non-Intersection,Dark - Lighted,Rain,1:00am-1:59am,43,1:00am-1:59am,47,2:00am-2:59am,16,1,Dark - Lighted,Rain/Wind/Minor,1,1,['Front_Passenger'],['Shoulder_Lapbelt'],0,0,Valid,0.0,0.0,16.0,16.0,['Male'],0,0,2,1,3,Wet/Standing Water,Curve,Level,Lowest,No
22921,36,New York,360367,0,1,1,0,1,SMITHTOWN,April,28,Friday,2,16,Urban,High Speed (Arterial),Yes,40.819975,-73.267375,Non-Intersection,Dark - Lighted,Cloudy,2:00am-2:59am,22,2:00am-2:59am,45,3:00am-3:59am,47,1,Dark - Lighted,Reduced Visibility,1,0,['Driver'],['Shoulder_Lapbelt'],1,1,Valid,1.0,0.0,43.0,43.0,['Male'],1,0,3,4,3,Dry,Curve,Level,Medium,No
22922,36,New York,360368,0,1,1,0,1,ARGYLE,June,1,Thursday,19,6,Rural,Medium Speed (Collector),No,43.35833056,-73.48434722,Non-Intersection,Daylight,Clear,7:00pm-7:59pm,6,7:00pm-7:59pm,16,Not Applicable (Not Transported),Not Applicable (Not Transported),1,Daylight,Clear,1,0,['Driver'],['None_Used'],0,0,Valid,0.0,0.0,20.0,20.0,['Male'],1,0,5,1,1,Dry,Curve,Level,Lowest,No
22923,36,New York,360369,0,1,1,0,2,WATERLOO,June,8,Thursday,0,53,Urban,Low Speed (Local),No,99.9999,999.9999,Non-Intersection,Dark - Not Lighted,Cloudy,0:00am-0:59am,56,0:00am-0:59am,59,Not Applicable (Not Transported),Not Applicable (Not Transported),2,Dark - Unlighted,Reduced Visibility,2,0,"['Driver', 'Front_Passenger']","['None_Used', 'None_Used']",0,0,Valid,0.0,0.0,27.0,27.0,['Male'],2,0,2,4,3,Dry,Curve,Level,Lowest,No
22924,36,New York,360370,0,1,1,0,1,EATON,July,5,Wednesday,22,46,Rural,Low Speed (Local),No,42.86795,-75.68611389,Simple Junction,Daylight,Clear,8:00pm-8:59pm,31,8:00pm-8:59pm,42,9:00pm-9:59pm,12,1,Daylight,Clear,1,0,['Driver'],['None_Used'],1,1,Valid,0.0,0.0,27.0,27.0,['Male'],1,0,5,1,3,Dry,Curve,Level,Lowest,No
22925,36,New York,360371,0,1,1,0,4,ALBION,June,25,Sunday,2,37,Rural,Medium Speed (Collector),No,43.21906389,-78.19568611,Non-Intersection,Dark - Not Lighted,Cloudy,Unknown,Unknown,Unknown EMS Scene Arrival Hour,Unknown EMS Scene Arrival Minutes,Unknown,Unknown EMS Hospital Arrival Time,1,Dark - Unlighted,Reduced Visibility,1,3,['Front_Passenger'],['None_Used'],0,0,Valid,0.0,1.0,19.0,19.0,['Male'],4,0,3,1,3,Dry,Straight,Level,Lowest,No
22926,36,New York,360372,0,1,1,0,1,BRISTOL,July,13,Thursday,5,44,Rural,Low Speed (Local),No,42.84489722,-77.47878333,Simple Junction,Dark - Not Lighted,Cloudy,5:00am-5:59am,46,6:00am-6:59am,0,Unknown,Unknown EMS Hospital Arrival Time,1,Dark - Unlighted,Reduced Visibility,1,0,['Driver'],['None_Used'],1,1,Valid,0.0,0.0,60.0,60.0,['Male'],1,0,5,4,3,Wet/Standing Water,Curve,Grade/Hillcrest,Lowest,No
22927,36,New York,360373,1,1,1,0,1,IRONDEQUOIT,June,26,Monday,21,38,Urban,Medium Speed (Collector),No,43.19716389,-77.59148611,Non-Intersection,Dark - Lighted,Cloudy,9:00pm-9:59pm,40,9:00pm-9:59pm,40,Not Applicable (Not Transported),Not Applicable (Not Transported),1,Dark - Lighted,Reduced Visibility,0,1,[],[],0,0,Valid,1.0,0.0,26.0,26.0,['Male'],0,0,3,1,4,Dry,Straight,Level,Lowest,No
22928,36,New York,360374,1,1,1,0,1,ROCHESTER,July,7,Friday,18,24,Urban,Low Speed (Local),No,43.17788611,-77.61261667,Non-Intersection,Daylight,Clear,6:00pm-6:59pm,24,6:00pm-6:59pm,24,Unknown,Unknown EMS Hospital Arrival Time,1,Daylight,Clear,0,1,[],[],0,0,Invalid,0.0,0.0,999.0,999.0,['Other'],0,0,1,0,4,Dry,Straight,Level,Lowest,No
22929,36,New York,360375,1,1,1,0,2,NEW YORK CITY,July,16,Sunday,21,16,Urban,High Speed (Arterial),Yes,40.63605278,-74.02290278,Complex/Circle,Dark - Lighted,Cloudy,9:00pm-9:59pm,16,Unknown EMS Scene Arrival Hour,Unknown EMS Scene Arrival Minutes,Unknown,Unknown EMS Hospital Arrival Time,1,Dark - Lighted,Reduced Visibility,0,2,[],[],0,0,Valid,2.0,0.0,69.0,69.0,['Male'],0,0,3,1,4,Dry,Straight,Level,Lowest,No
22930,36,New York,360376,0,2,2,0,3,ALABAMA,July,3,Monday,18,28,Rural,Low Speed (Local),No,43.05246944,-78.33588056,Non-Intersection,Daylight,Clear,6:00pm-6:59pm,27,6:00pm-6:59pm,34,7:00pm-7:59pm,22,1,Daylight,Clear,1,2,['Driver'],['None_Used'],0,0,Valid,2.0,0.0,60.0,40.0,"['Male', 'Female']",1,0,5,1,5,Dry,Straight,Grade/Hillcrest,Lowest,No
22931,36,New York,360377,0,1,1,0,1,UTICA,July,4,Tuesday,15,29,Urban,High Speed (Arterial),Yes,43.10810833,-75.23855556,Non-Intersection,Daylight,Clear,3:00pm-3:59pm,29,3:00pm-3:59pm,32,Not Applicable (Not Transported),Not Applicable (Not Transported),1,Daylight,Clear,1,0,['Driver'],['None_Used'],0,0,Valid,0.0,0.0,43.0,43.0,['Male'],0,0,5,1,3,Dry,Curve,Level,Lowest,No
22932,36,New York,360378,0,2,1,1,1,ST. ALBANS,July,11,Tuesday,20,52,Urban,Medium Speed (Collector),No,40.70624167,-73.75599444,Non-Intersection,Dark - Lighted,Clear,Unknown,Unknown,Unknown EMS Scene Arrival Hour,Unknown EMS Scene Arrival Minutes,Unknown,Unknown EMS Hospital Arrival Time,1,Dark - Lighted,Clear,1,0,['Driver'],['None_Used'],1,1,Invalid,0.0,0.0,41.0,41.0,['Male'],0,0,5,1,5,Dry,Straight,Level,Lowest,No
22933,36,New York,360379,1,2,2,0,3,NEW YORK CITY,June,29,Thursday,9,32,Urban,Medium Speed (Collector),No,40.87216667,-73.88248333,Complex/Circle,Daylight,Clear,9:00am-9:59am,33,9:00am-9:59am,35,Unknown,Unknown EMS Hospital Arrival Time,1,Daylight,Clear,0,3,[],[],0,0,Valid,0.0,0.0,87.0,46.0,"['Female', 'Male']",1,0,3,1,5,Dry,Straight,Level,Lowest,No
22934,36,New York,360380,0,2,2,0,3,ROCHESTER,June,25,Sunday,3,49,Urban,High Speed (Arterial),Yes,43.19388889,-77.59218333,Complex/Circle,Dark - Lighted,Cloudy,3:00am-3:59am,50,3:00am-3:59am,55,4:00am-4:59am,4,1,Dark - Lighted,Reduced Visibility,1,2,['Front_Passenger'],['None_Used'],0,0,Valid,0.0,1.0,33.0,20.0,"['Female', 'Male']",2,0,3,4,5,Dry,Straight,Level,Lowest,No