,State_Code,State_Name,Crash_ID,Count_Non_Motorists,Count_Vehicles_Total,Count_Vehicle_Forms,Count_PVH_Involved,Count_Occupants_MV,City_Name,Month_Name,Day_of_Month,Day_of_Week,Crash_Hour,Crash_Minute,Area_Rural_Urban,Road_Functional_Class,On_NHS_Road,Latitude,Longitude,Intersection_Type,Light_Condition,Weather_Condition,Notif_Hour,Notif_Minute,Arrival_Hour,Arrival_Minute,Hospital_Hour,Hospital_Minute,Fatalities_Count,Clean_Light_Condition,Clean_Weather_Condition,Total_Killed,Total_Alive,Fatal_Seats_List,Killed_Restraint_List,Any_Driver_Drinking,Total_Drinking_Drivers,Driver_License_Category,Driver_Max_Prev_Accident_Count,Driver_Max_Prev_Speeding_Count,Max_Driver_Age,Min_Driver_Age,Driver_Sex_List,Total_Exceeding_Limit_Vehicles,Total_Too_Fast_Vehicles,Max_Vehicle_Type_Severity_5,Max_Vehicle_Damage_Rank,Max_Harmful_Event_Severity,Crash_Road_Surface_Condition,Crash_Horizontal_Alignment,Crash_Vertical_Profile,Crash_Impairment_Category,Crash_Vehicle_Defect
22935,36,New York,360381,0,2,2,0,3,TUXEDO PARK,July,2,Sunday,12,16,Rural,Medium Speed (Collector),No,41.19625,-74.18504722,Non-Intersection,Daylight,Clear,12:00pm-12:59pm,16,12:00pm-12:59pm,18,12:00pm-12:59pm,53,1,Daylight,Clear,1,2,['Driver'],['Shoulder_Lapbelt'],0,0,Valid,0.0,2.0,72.0,50.0,"['Male', 'Male']",0,0,3,1,5,Dry,Straight,Level,Medium,No
22936,36,New York,360382,0,2,2,0,2,CORTLAND,July,6,Thursday,7,3,Rural,Medium Speed (Collector),No,42.56533333,-76.17613056,Simple Junction,Daylight,Clear,7:00am-7:59am,4,7:00am-7:59am,12,Not Applicable (Not Transported),Not Applicable (Not Transported),1,Daylight,Clear,1,1,['Driver'],['None_Used'],0,0,Valid,0.0,0.0,68.0,32.0,"['Male', 'Male']",1,0,5,4,5,Dry,Straight,Grade/Hillcrest,Lowest,No
22937,36,New York,360383,1,1,1,0,1,Staten Island,July,2,Sunday,8,0,Urban,Medium Speed (Collector),No,40.63218889,-74.1329,Simple Junction,Daylight,Clear,Unknown,Unknown,Unknown EMS Scene Arrival Hour,Unknown EMS Scene Arrival Minutes,Unknown,Unknown EMS Hospital Arrival Time,1,Daylight,Clear,0,1,[],[],0,0,Valid,0.0,0.0,79.0,79.0,['Male'],0,0,2,1,4,Dry,Straight,Level,Lowest,No
22938,36,New York,360384,0,2,2,0,2,NEW YORK CITY,July,17,Monday,22,15,Urban,High Speed (Arterial),Yes,40.63238889,-73.88830833,Simple Junction,Dark - Lighted,Clear,Unknown,Unknown,Unknown EMS Scene Arrival Hour,Unknown EMS Scene Arrival Minutes,Unknown,Unknown EMS Hospital Arrival Time,1,Dark - Lighted,Clear,1,1,['Driver'],['None_Used'],1,1,Valid,0.0,1.0,34.0,33.0,"['Male', 'Male']",1,0,5,1,5,Dry,Straight,Level,Lowest,No
22939,36,New York,360385,0,1,1,0,1,EAST AMHERST,July,14,Friday,4,38,Urban,High Speed (Arterial),Yes,43.08428333,-78.69713056,Non-Intersection,Dawn,Clear,4:00am-4:59am,46,4:00am-4:59am,51,Not Applicable (Not Transported),Not Applicable (Not Transported),1,Twilight,Clear,1,0,['Driver'],['None_Used'],0,0,Valid,0.0,0.0,27.0,27.0,['Male'],0,0,5,4,3,Dry,Straight,Level,Lowest,No
22940,36,New York,360386,2,2,1,1,2,MIDDLE VILLAGE,July,14,Friday,17,59,Urban,Low Speed (Local),No,40.71410833,-73.80227222,Non-Intersection,Daylight,Clear,Unknown,Unknown,Unknown EMS Scene Arrival Hour,Unknown EMS Scene Arrival Minutes,Unknown,Unknown EMS Hospital Arrival Time,1,Daylight,Clear,0,2,[],[],0,0,Valid,0.0,0.0,35.0,35.0,['Female'],0,0,3,1,4,Dry,Straight,Level,Lowest,No
22941,36,New York,360387,0,2,2,0,2,JAMESTOWN,July,14,Friday,17,34,Urban,High Speed (Arterial),Yes,42.09751111,-79.29178889,Simple Junction,Daylight,Clear,Unknown,Unknown,Unknown EMS Scene Arrival Hour,Unknown EMS Scene Arrival Minutes,Unknown,Unknown EMS Hospital Arrival Time,1,Daylight,Clear,1,1,['Driver'],['None_Used'],0,0,Valid,0.0,0.0,65.0,52.0,"['Male', 'Male']",0,0,5,4,5,Dry,Straight,Level,Lowest,No
22942,36,New York,360388,0,2,2,0,2,HILTON,June,27,Tuesday,8,27,Urban,Medium Speed (Collector),No,43.24766389,-77.79134722,Non-Intersection,Daylight,Clear,8:00am-8:59am,28,8:00am-8:59am,35,Unknown,Unknown EMS Hospital Arrival Time,1,Daylight,Clear,1,1,['Driver'],['Shoulder_Lapbelt'],0,0,Invalid,1.0,0.0,41.0,30.0,"['Male', 'Female']",0,0,3,1,5,Dry,Straight,Level,Lowest,No
22943,36,New York,360389,1,1,1,0,1,LANSING,July,14,Friday,16,56,Urban,High Speed (Arterial),Yes,42.48215556,-76.46896944,Non-Intersection,Daylight,Clear,4:00pm-4:59pm,56,5:00pm-5:59pm,20,Not Applicable (Not Transported),Not Applicable (Not Transported),1,Daylight,Clear,0,1,[],[],0,0,Valid,2.0,0.0,22.0,22.0,['Female'],0,0,3,1,4,Dry,Straight,Level,Lowest,No
22944,36,New York,360390,0,3,3,0,3,NEW CITY,July,14,Friday,3,53,Urban,High Speed (Arterial),Yes,41.08819444,-73.94928611,Non-Intersection,Dark - Lighted,Clear,3:00am-3:59am,53,4:00am-4:59am,0,Not Applicable (Not Transported),Not Applicable (Not Transported),1,Dark - Lighted,Clear,1,2,['Driver'],['None_Used'],0,0,Valid,0.0,0.0,42.0,18.0,"['Male', 'Male', 'Male']",0,0,5,4,5,Dry,Straight,Level,Lowest,No
22945,36,New York,360391,0,2,2,0,2,CHAMPLAIN,July,14,Friday,21,51,Rural,High Speed (Arterial),Yes,44.97955833,-73.43444167,Complex/Circle,Dark - Not Lighted,Clear,10:00pm-10:59pm,4,10:00pm-10:59pm,10,Not Applicable (Not Transported),Not Applicable (Not Transported),1,Dark - Unlighted,Clear,1,1,['Driver'],['Shoulder_Lapbelt'],1,1,Valid,0.0,0.0,60.0,44.0,"['Female', 'Male']",0,0,3,1,5,Dry,Straight,Level,Lowest,No
22946,36,New York,360392,0,2,2,0,2,BETHEL,May,21,Sunday,18,2,Rural,Medium Speed (Collector),No,41.67278333,-74.84238611,Non-Intersection,Daylight,Clear,6:00pm-6:59pm,2,6:00pm-6:59pm,17,Not Applicable (Not Transported),Not Applicable (Not Transported),1,Daylight,Clear,1,1,['Driver'],['None_Used'],1,2,Valid,0.0,0.0,42.0,40.0,"['Male', 'Male']",0,0,5,1,5,Dry,Straight,Level,Lowest,No
22947,36,New York,360393,0,1,1,0,1,BABYLON,June,4,Sunday,3,58,Urban,Medium Speed (Collector),No,40.72671111,-73.37492222,Non-Intersection,Dark - Lighted,Clear,4:00am-4:59am,0,4:00am-4:59am,4,4:00am-4:59am,28,1,Dark - Lighted,Clear,1,0,['Driver'],['None_Used'],0,0,Invalid,0.0,0.0,33.0,33.0,['Female'],1,0,2,1,3,Wet/Standing Water,Straight,Level,Lowest,No
22948,36,New York,360394,0,2,2,0,3,SODUS,June,5,Monday,10,5,Rural,High Speed (Arterial),Yes,43.229475,-77.03572778,Complex/Circle,Daylight,Cloudy,10:00am-10:59am,8,10:00am-10:59am,15,Unknown,Unknown EMS Hospital Arrival Time,2,Daylight,Reduced Visibility,2,1,"['Driver', 'Front_Passenger']","['Shoulder_Lapbelt', 'Shoulder_Lapbelt']",0,0,Valid,0.0,0.0,59.0,58.0,"['Male', 'Male']",0,0,4,1,5,Dry,Straight,Level,Lowest,No
22949,36,New York,360395,0,2,2,0,2,SHANDAKEN,June,23,Friday,18,4,Rural,High Speed (Arterial),Yes,42.07942222,-74.30934444,Non-Intersection,Daylight,Rain,6:00pm-6:59pm,6,6:00pm-6:59pm,20,Not Applicable (Not Transported),Not Applicable (Not Transported),1,Daylight,Rain/Wind/Minor,1,1,['Driver'],['Shoulder_Lapbelt'],0,0,Valid,1.0,0.0,79.0,22.0,"['Female', 'Male']",0,0,3,1,5,Wet/Standing Water,Curve,Level,Lowest,No
22950,36,New York,360396,0,2,2,0,2,NEW YORK CITY,June,30,Friday,15,29,Urban,High Speed (Arterial),Yes,40.64715833,-73.98129167,Simple Junction,Daylight,Clear,Unknown,Unknown,Unknown EMS Scene Arrival Hour,Unknown EMS Scene Arrival Minutes,Unknown,Unknown EMS Hospital Arrival Time,1,Daylight,Clear,1,1,['Driver'],['None_Used'],0,0,Valid,2.0,1.0,41.0,35.0,"['Male', 'Male']",0,0,5,1,5,Dry,Straight,Level,Lowest,No
22951,36,New York,360397,0,1,1,0,2,ACCORD,July,10,Monday,22,5,Rural,Medium Speed (Collector),No,41.84553333,-74.29781389,Non-Intersection,Dark - Not Lighted,Clear,10:00pm-10:59pm,10,10:00pm-10:59pm,19,Unknown,Unknown EMS Hospital Arrival Time,1,Dark - Unlighted,Clear,1,1,['Driver'],['None_Used'],1,1,Valid,0.0,0.0,62.0,62.0,['Male'],2,0,5,1,2,Dry,Curve,Grade/Hillcrest,Lowest,No
22952,36,New York,360398,0,1,1,0,1,THERESA,July,14,Friday,15,30,Rural,Low Speed (Local),No,44.25006111,-75.79695278,Non-Intersection,Daylight,Clear,3:00pm-3:59pm,30,3:00pm-3:59pm,37,Not Applicable (Not Transported),Not Applicable (Not Transported),1,Daylight,Clear,1,0,['Driver'],['Shoulder_Lapbelt'],0,0,Valid,0.0,0.0,63.0,63.0,['Female'],0,0,3,1,3,Dry,Straight,Grade/Hillcrest,Lowest,No
22953,36,New York,360399,1,1,1,0,5,BUFFALO,July,15,Saturday,23,9,Urban,Medium Speed (Collector),No,42.92718333,-78.87704167,Non-Intersection,Dark - Lighted,Rain,11:00pm-11:59pm,10,Unknown EMS Scene Arrival Hour,Unknown EMS Scene Arrival Minutes,Unknown,Unknown EMS Hospital Arrival Time,1,Dark - Lighted,Rain/Wind/Minor,0,5,[],[],0,0,Valid,0.0,1.0,26.0,26.0,['Male'],0,0,3,1,4,Wet/Standing Water,Straight,Level,Lowest,No
22954,36,New York,360400,0,1,1,0,2,BRISTOL,July,22,Saturday,10,13,Rural,Low Speed (Local),No,42.75846944,-77.44440833,Non-Intersection,Daylight,Cloudy,10:00am-10:59am,13,10:00am-10:59am,25,0:00am-0:59am,0,2,Daylight,Reduced Visibility,2,0,"['Driver', 'Rear_Seat']","['None_Used', 'None_Used']",0,0,Valid,2.0,0.0,58.0,58.0,['Male'],0,0,5,1,1,Dry,Straight,Grade/Hillcrest,Lowest,No
22955,36,New York,360401,0,2,2,0,4,FONDA,July,15,Saturday,10,50,Urban,Medium Speed (Collector),No,42.98336389,-74.28925556,Non-Intersection,Daylight,Cloudy,Unknown,Unknown,11:00am-11:59am,0,12:00pm-12:59pm,15,1,Daylight,Reduced Visibility,1,3,['Driver'],['None_Used'],0,0,Valid,1.0,1.0,48.0,48.0,"['Male', 'Male']",1,0,5,4,5,Dry,Straight,Level,Lowest,No
22956,36,New York,360402,0,2,2,0,6,LAKE GEORGE,July,3,Monday,10,20,Urban,High Speed (Arterial),Yes,43.40387222,-73.71114444,Simple Junction,Daylight,Clear,10:00am-10:59am,23,10:00am-10:59am,28,10:00am-10:59am,53,1,Daylight,Clear,1,5,['Front_Passenger'],['Shoulder_Lapbelt'],0,0,Valid,1.0,0.0,67.0,34.0,"['Male', 'Male']",0,0,3,1,5,Dry,Straight,Level,Lowest,No
22957,36,New York,360403,0,2,2,0,2,SYRACUSE,May,18,Thursday,14,13,Urban,High Speed (Arterial),Yes,43.07258889,-76.20711389,Complex/Circle,Daylight,Clear,2:00pm-2:59pm,18,2:00pm-2:59pm,37,2:00pm-2:59pm,55,1,Daylight,Clear,1,1,['Driver'],['Shoulder_Lapbelt'],0,0,Valid,1.0,0.0,71.0,27.0,"['Male', 'Male']",0,0,3,1,5,Dry,Straight,Grade/Hillcrest,Medium,No
22958,36,New York,360404,1,1,1,0,1,Other,July,13,Thursday,22,49,Urban,High Speed (Arterial),Yes,40.74921389,-73.89663889,Non-Intersection,Dark - Lighted,Clear,Unknown,Unknown,Unknown EMS Scene Arrival Hour,Unknown EMS Scene Arrival Minutes,Unknown,Unknown EMS Hospital Arrival Time,1,Dark - Lighted,Clear,0,1,[],[],0,0,Valid,0.0,0.0,55.0,55.0,['Male'],0,0,3,1,4,Dry,Straight,Level,Lowest,No
22959,36,New York,360405,0,1,1,0,2,HORSEHEADS,June,26,Monday,16,18,Urban,High Speed (Arterial),Yes,42.16174722,-76.84733889,Non-Intersection,Daylight,Cloudy,4:00pm-4:59pm,18,4:00pm-4:59pm,24,4:00pm-4:59pm,45,1,Daylight,Reduced Visibility,1,1,['Driver'],['Shoulder_Lapbelt'],0,0,Valid,3.0,0.0,64.0,64.0,['Male'],0,0,3,4,3,Wet/Standing Water,Straight,Level,Medium,No
22960,36,New York,360406,0,2,2,0,2,BLOOMING GROVE,February,15,Wednesday,16,45,Urban,Medium Speed (Collector),No,41.39892222,-74.236225,Non-Intersection,Daylight,Clear,4:00pm-4:59pm,45,4:00pm-4:59pm,52,Unknown,Unknown EMS Hospital Arrival Time,1,Daylight,Clear,1,1,['Driver'],['None_Used'],0,0,Valid,0.0,0.0,52.0,37.0,"['Male', 'Male']",1,0,5,4,3,Dry,Curve,Level,Lowest,No
22961,36,New York,360407,0,2,2,0,4,PORT JERVIS,June,8,Thursday,7,15,Urban,Medium Speed (Collector),No,41.36994167,-74.61511944,Complex/Circle,Daylight,Cloudy,7:00am-7:59am,18,7:00am-7:59am,22,8:00am-8:59am,8,2,Daylight,Reduced Visibility,2,2,"['Front_Passenger', 'Rear_Seat']","['Shoulder_Lapbelt', 'Shoulder_Lapbelt']",0,0,Invalid,0.0,0.0,39.0,22.0,"['Female', 'Male']",0,0,3,1,5,Dry,Straight,Grade/Hillcrest,Lowest,No
22962,36,New York,360408,0,1,1,0,1,YONKERS,July,13,Thursday,9,18,Urban,High Speed (Arterial),Yes,40.96126111,-73.85022778,Non-Intersection,Daylight,Clear,9:00am-9:59am,22,9:00am-9:59am,30,10:00am-10:59am,3,1,Daylight,Clear,1,0,['Driver'],['None_Used'],0,0,Valid,2.0,0.0,36.0,36.0,['Male'],1,0,5,4,2,Dry,Straight,Level,Lowest,No
22963,36,New York,360409,0,1,1,0,1,HOPEWELL JUNCTION,July,9,Sunday,5,37,Urban,High Speed (Arterial),Yes,41.53019722,-73.80859167,Non-Intersection,Dark - Not Lighted,Cloudy,5:00am-5:59am,37,5:00am-5:59am,48,Not Applicable (Not Transported),Not Applicable (Not Transported),1,Dark - Unlighted,Reduced Visibility,1,0,['Driver'],['None_Used'],0,0,Valid,1.0,0.0,29.0,29.0,['Male'],0,0,3,4,3,Dry,Straight,Level,Lowest,No
22964,36,New York,360410,0,1,1,0,1,NORTH BLENHEIM,June,12,Monday,12,59,Rural,Medium Speed (Collector),No,42.46885,-74.45428333,Non-Intersection,Daylight,Clear,12:00pm-12:59pm,59,1:00pm-1:59pm,19,Unknown,Unknown EMS Hospital Arrival Time,1,Daylight,Clear,1,0,['Driver'],['Shoulder_Lapbelt'],0,0,Valid,1.0,0.0,74.0,74.0,['Female'],0,0,3,4,3,Dry,Straight,Level,Lowest,No
22965,36,New York,360411,0,2,2,0,2,GREECE,July,25,Tuesday,15,46,Urban,Medium Speed (Collector),No,43.25294167,-77.68178056,Simple Junction,Daylight,Clear,3:00pm-3:59pm,46,3:00pm-3:59pm,46,4:00pm-4:59pm,20,1,Daylight,Clear,1,1,['Driver'],['None_Used'],0,0,Valid,0.0,0.0,24.0,17.0,"['Male', 'Male']",1,0,5,4,5,Dry,Straight,Level,Lowest,No
22966,36,New York,360412,0,2,2,0,3,HIGHLAND FALLS,July,5,Wednesday,14,0,Rural,Medium Speed (Collector),No,41.34180278,-74.06726389,Non-Intersection,Daylight,Clear,2:00pm-2:59pm,10,2:00pm-2:59pm,18,Unknown,Unknown EMS Hospital Arrival Time,1,Daylight,Clear,1,2,['Driver'],['Shoulder_Lapbelt'],0,0,Valid,2.0,0.0,32.0,28.0,"['Male', 'Male']",0,0,3,4,5,Dry,Straight,Grade/Hillcrest,Lowest,No
22967,36,New York,360414,0,2,2,0,2,GALWAY,July,14,Friday,12,51,Rural,High Speed (Arterial),No,43.06212778,-74.10606667,Simple Junction,Daylight,Cloudy,12:00pm-12:59pm,52,1:00pm-1:59pm,1,Unknown,Unknown EMS Hospital Arrival Time,1,Daylight,Reduced Visibility,1,1,['Driver'],['Shoulder_Lapbelt'],0,0,Valid,0.0,0.0,87.0,61.0,"['Female', 'Male']",0,0,3,4,5,Dry,Straight,Level,Lowest,No
22968,36,New York,360415,0,2,2,0,2,CROTON ON HUDSON,July,15,Saturday,14,30,Urban,High Speed (Arterial),Yes,41.21415556,-73.90862222,Non-Intersection,Daylight,Clear,2:00pm-2:59pm,34,2:00pm-2:59pm,45,Not Applicable (Not Transported),Not Applicable (Not Transported),1,Daylight,Clear,1,1,['Driver'],['None_Used'],0,0,Valid,1.0,0.0,34.0,27.0,"['Male', 'Male']",1,0,5,4,5,Dry,Curve,Grade/Hillcrest,Lowest,No
22969,36,New York,360416,0,2,1,1,2,MAMARONECK,July,3,Monday,23,39,Urban,High Speed (Arterial),Yes,40.93318611,-73.74859444,Non-Intersection,Dark - Lighted,Cloudy,Unknown,Unknown,Unknown EMS Scene Arrival Hour,Unknown EMS Scene Arrival Minutes,Unknown,Unknown EMS Hospital Arrival Time,1,Dark - Lighted,Reduced Visibility,1,1,['Driver'],['Shoulder_Lapbelt'],1,1,Valid,0.0,0.0,20.0,20.0,['Male'],2,0,2,1,3,Wet/Standing Water,Curve,Level,Lowest,No
22970,36,New York,360417,0,1,1,0,1,BRIGHTON,July,16,Sunday,6,13,Urban,Low Speed (Local),No,43.12691667,-77.51702778,Non-Intersection,Dawn,Rain,6:00am-6:59am,13,6:00am-6:59am,20,Not Applicable (Not Transported),Not Applicable (Not Transported),1,Twilight,Rain/Wind/Minor,1,0,['Driver'],['None_Used'],1,1,Valid,3.0,0.0,56.0,56.0,['Female'],1,0,2,1,3,Wet/Standing Water,Curve,Level,Lowest,No
22971,36,New York,360418,0,4,4,0,7,EAST GREENBUSH,July,20,Thursday,16,40,Urban,High Speed (Arterial),Yes,42.58895833,-73.69971667,Simple Junction,Daylight,Clear,4:00pm-4:59pm,45,4:00pm-4:59pm,58,5:00pm-5:59pm,31,1,Daylight,Clear,1,6,['Driver'],['None_Used'],0,0,Valid,2.0,0.0,86.0,30.0,"['Male', 'Male', 'Male', 'Female']",0,0,5,4,5,Dry,Straight,Level,Lowest,No
22972,36,New York,360419,1,1,1,0,1,PORTLAND,July,17,Monday,12,0,Rural,Low Speed (Local),No,42.32688611,-79.49125,Non-Intersection,Daylight,Clear,12:00pm-12:59pm,3,12:00pm-12:59pm,17,12:00pm-12:59pm,52,1,Daylight,Clear,0,1,[],[],0,0,Valid,0.0,0.0,64.0,64.0,['Male'],0,0,3,1,4,Dry,Straight,Grade/Hillcrest,Lowest,No
22973,36,New York,360420,0,1,1,0,1,DOBBS FERRY,July,29,Saturday,19,26,Urban,Low Speed (Local),No,41.01100278,-73.86541667,Non-Intersection,Daylight,Cloudy,7:00pm-7:59pm,26,7:00pm-7:59pm,34,Not Applicable (Not Transported),Not Applicable (Not Transported),1,Daylight,Reduced Visibility,1,0,['Driver'],['None_Used'],0,0,Valid,0.0,0.0,27.0,27.0,['Male'],0,0,2,1,1,Wet/Standing Water,Straight,Level,Lowest,No
22974,36,New York,360421,0,3,3,0,3,MARLBORO,May,16,Tuesday,17,37,Urban,High Speed (Arterial),Yes,41.66290556,-73.96182222,Simple Junction,Daylight,Clear,5:00pm-5:59pm,37,5:00pm-5:59pm,39,6:00pm-6:59pm,13,1,Daylight,Clear,1,2,['Driver'],['Shoulder_Lapbelt'],0,0,Valid,2.0,0.0,58.0,36.0,"['Female', 'Female', 'Male']",0,0,3,4,5,Dry,Straight,Level,Lowest,No
22975,36,New York,360422,1,1,1,0,3,NEW YORK CITY,July,23,Sunday,13,29,Urban,Medium Speed (Collector),No,40.62992222,-73.97706111,Complex/Circle,Daylight,Clear,1:00pm-1:59pm,29,Unknown EMS Scene Arrival Hour,Unknown EMS Scene Arrival Minutes,Unknown,Unknown EMS Hospital Arrival Time,1,Daylight,Clear,0,3,[],[],0,0,Valid,0.0,0.0,73.0,73.0,['Female'],0,0,3,1,4,Dry,Straight,Level,Lowest,No
22976,36,New York,360423,0,1,1,0,1,Other,July,22,Saturday,11,17,Urban,Low Speed (Local),No,40.70519722,-73.72780278,Simple Junction,Daylight,Clear,Unknown,Unknown,Unknown EMS Scene Arrival Hour,Unknown EMS Scene Arrival Minutes,Unknown,Unknown EMS Hospital Arrival Time,1,Daylight,Clear,1,0,['Driver'],['Shoulder_Lapbelt'],0,0,Valid,0.0,0.0,76.0,76.0,['Female'],1,0,3,1,3,Dry,Straight,Level,Lowest,No
22977,36,New York,360424,0,2,2,0,2,WEST SENECA,July,24,Monday,5,36,Urban,Medium Speed (Collector),No,42.868,-78.77581111,Non-Intersection,Dawn,Rain,Unknown,Unknown,Unknown EMS Scene Arrival Hour,Unknown EMS Scene Arrival Minutes,Unknown,Unknown EMS Hospital Arrival Time,1,Twilight,Rain/Wind/Minor,1,1,['Driver'],['Lapbelt_Only'],0,0,Valid,0.0,0.0,49.0,32.0,"['Male', 'Male']",0,0,3,1,5,Wet/Standing Water,Straight,Grade/Hillcrest,Lowest,No
22978,36,New York,360425,0,2,2,0,4,SULLIVAN,June,28,Wednesday,6,28,Urban,Medium Speed (Collector),No,43.15468611,-75.93621111,Non-Intersection,Dawn,Cloudy,6:00am-6:59am,33,6:00am-6:59am,50,7:00am-7:59am,51,1,Twilight,Reduced Visibility,1,3,['Rear_Seat'],['Shoulder_Lapbelt'],0,0,Valid,2.0,0.0,53.0,29.0,"['Male', 'Female']",0,0,3,1,5,Wet/Standing Water,Straight,Level,Lowest,No
22979,36,New York,360426,1,1,1,0,1,WILTON,April,13,Thursday,20,18,Urban,Medium Speed (Collector),No,43.10323056,-73.77243056,Non-Intersection,Dark - Not Lighted,Clear,8:00pm-8:59pm,20,8:00pm-8:59pm,25,Unknown,Unknown EMS Hospital Arrival Time,1,Dark - Unlighted,Clear,0,1,[],[],0,0,Valid,1.0,1.0,54.0,54.0,['Male'],0,0,2,1,4,Dry,Straight,Level,Lowest,No
22980,36,New York,360427,0,2,2,0,4,CLAVERACK,July,4,Tuesday,19,5,Urban,Medium Speed (Collector),No,42.25980833,-73.74468056,Non-Intersection,Daylight,Clear,7:00pm-7:59pm,5,7:00pm-7:59pm,9,8:00pm-8:59pm,35,2,Daylight,Clear,2,2,"['Driver', 'Front_Passenger']","['Shoulder_Lapbelt', 'Shoulder_Lapbelt']",1,1,Valid,1.0,0.0,41.0,38.0,"['Male', 'Female']",0,0,3,1,5,Dry,Curve,Level,Lowest,No
22981,36,New York,360428,0,1,1,0,1,REDFIELD,July,8,Saturday,18,10,Rural,Medium Speed (Collector),No,43.51168056,-75.82778333,Non-Intersection,Daylight,Clear,6:00pm-6:59pm,10,6:00pm-6:59pm,36,7:00pm-7:59pm,45,1,Daylight,Clear,1,0,['Driver'],['None_Used'],1,1,Valid,1.0,0.0,51.0,51.0,['Male'],1,0,5,1,2,Dry,Curve,Grade/Hillcrest,Lowest,No
22982,36,New York,360429,0,1,1,0,1,NEW SCOTLAND,July,23,Sunday,15,31,Rural,Low Speed (Local),No,42.57770556,-73.94619167,Non-Intersection,Daylight,Clear,3:00pm-3:59pm,32,3:00pm-3:59pm,37,Not Applicable (Not Transported),Not Applicable (Not Transported),1,Daylight,Clear,1,0,['Driver'],['Shoulder_Lapbelt'],0,0,Valid,1.0,0.0,25.0,25.0,['Male'],1,0,2,4,3,Dry,Curve,Level,Lowest,No
22983,36,New York,360430,1,1,1,0,1,LAWRENCE,July,12,Wednesday,23,15,Urban,High Speed (Arterial),Yes,40.63354167,-73.73921389,Non-Intersection,Dark - Lighted,Clear,11:00pm-11:59pm,19,11:00pm-11:59pm,21,Not Applicable (Not Transported),Not Applicable (Not Transported),1,Dark - Lighted,Clear,0,0,[],[],0,0,Invalid,0.0,0.0,999.0,999.0,['Other'],1,0,1,0,4,Dry,Straight,Level,Lowest,No
22984,36,New York,360431,0,2,2,0,4,MURRAY,July,29,Saturday,17,14,Rural,High Speed (Arterial),Yes,43.25481944,-77.99659444,Complex/Circle,Daylight,Cloudy,Unknown,Unknown,5:00pm-5:59pm,35,Unknown,Unknown EMS Hospital Arrival Time,1,Daylight,Reduced Visibility,1,3,['Driver'],['Shoulder_Lapbelt'],1,1,Invalid,0.0,0.0,43.0,31.0,"['Male', 'Female']",1,0,3,4,5,Dry,Straight,Level,Lowest,No
22985,36,New York,360432,0,2,2,0,2,CLAVERACK,June,10,Saturday,21,13,Rural,Medium Speed (Collector),No,42.18799722,-73.61698889,Non-Intersection,Dark - Not Lighted,Clear,9:00pm-9:59pm,9,9:00pm-9:59pm,19,10:00pm-10:59pm,38,1,Dark - Unlighted,Clear,1,1,['Driver'],['None_Used'],1,1,Valid,1.0,0.0,26.0,25.0,"['Male', 'Male']",0,0,5,1,5,Dry,Straight,Level,Lowest,No
22986,36,New York,360433,0,1,1,0,1,VAN ETTEN,July,9,Sunday,8,57,Rural,Low Speed (Local),No,42.13959722,-76.57005,Non-Intersection,Daylight,Cloudy,Unknown,Unknown,Unknown EMS Scene Arrival Hour,Unknown EMS Scene Arrival Minutes,Not Applicable (Not Transported),Not Applicable (Not Transported),1,Daylight,Reduced Visibility,1,0,['Driver'],['None_Used'],1,1,Valid,0.0,0.0,30.0,30.0,['Male'],0,0,2,4,3,Dry,Curve,Grade/Hillcrest,Lowest,No
22987,36,New York,360434,0,2,2,0,2,IRONDEQUOIT,July,30,Sunday,18,25,Urban,Medium Speed (Collector),No,43.17685278,-77.54536389,Non-Intersection,Daylight,Clear,6:00pm-6:59pm,25,6:00pm-6:59pm,25,6:00pm-6:59pm,55,1,Daylight,Clear,1,0,['Driver'],['None_Used'],0,0,Valid,1.0,0.0,51.0,35.0,"['Male', 'Male']",0,0,5,1,5,Dry,Straight,Level,Lowest,No
22988,36,New York,360436,0,3,3,0,3,NEW YORK,August,3,Thursday,22,52,Urban,High Speed (Arterial),Yes,40.82782222,-73.95326667,Non-Intersection,Dark - Lighted,Clear,Unknown,Unknown,Unknown EMS Scene Arrival Hour,Unknown EMS Scene Arrival Minutes,Unknown,Unknown EMS Hospital Arrival Time,1,Dark - Lighted,Clear,1,2,['Driver'],['None_Used'],0,0,Valid,1.0,0.0,42.0,24.0,"['Male', 'Male', 'Other']",2,0,5,1,5,Dry,Curve,Level,Lowest,No
22989,36,New York,360437,0,3,2,1,2,Other,August,3,Thursday,23,56,Urban,Low Speed (Local),No,40.72071667,-73.900925,Non-Intersection,Dark - Lighted,Clear,Unknown,Unknown,Unknown EMS Scene Arrival Hour,Unknown EMS Scene Arrival Minutes,Unknown,Unknown EMS Hospital Arrival Time,1,Dark - Lighted,Clear,1,1,['Driver'],['None_Used'],1,1,Valid,0.0,1.0,58.0,19.0,"['Male', 'Male']",0,0,5,1,5,Dry,Straight,Grade/Hillcrest,Lowest,No
22990,36,New York,360438,0,1,1,0,1,WAWARSING,August,6,Sunday,4,5,Rural,High Speed (Arterial),Yes,41.74025556,-74.52243333,Non-Intersection,Dark - Not Lighted,Clear,4:00am-4:59am,5,4:00am-4:59am,5,Not Applicable (Not Transported),Not Applicable (Not Transported),1,Dark - Unlighted,Clear,1,0,['Driver'],['Shoulder_Lapbelt'],0,0,Valid,0.0,0.0,22.0,22.0,['Male'],1,0,3,4,3,Dry,Straight,Grade/Hillcrest,Lowest,No
22991,36,New York,360439,0,2,2,0,3,SAND LAKE,August,5,Saturday,18,53,Rural,Medium Speed (Collector),No,42.59995556,-73.607225,Non-Intersection,Daylight,Clear,6:00pm-6:59pm,53,6:00pm-6:59pm,57,Not Applicable (Not Transported),Not Applicable (Not Transported),1,Daylight,Clear,1,2,['Driver'],['None_Used'],1,1,Valid,0.0,0.0,73.0,39.0,"['Male', 'Female']",1,0,5,4,5,Dry,Curve,Grade/Hillcrest,Lowest,No