,State_Code,State_Name,Crash_ID,Count_Non_Motorists,Count_Vehicles_Total,Count_Vehicle_Forms,Count_PVH_Involved,Count_Occupants_MV,City_Name,Month_Name,Day_of_Month,Day_of_Week,Crash_Hour,Crash_Minute,Area_Rural_Urban,Road_Functional_Class,On_NHS_Road,Latitude,Longitude,Intersection_Type,Light_Condition,Weather_Condition,Notif_Hour,Notif_Minute,Arrival_Hour,Arrival_Minute,Hospital_Hour,Hospital_Minute,Fatalities_Count,Clean_Light_Condition,Clean_Weather_Condition,Total_Killed,Total_Alive,Fatal_Seats_List,Killed_Restraint_List,Any_Driver_Drinking,Total_Drinking_Drivers,Driver_License_Category,Driver_Max_Prev_Accident_Count,Driver_Max_Prev_Speeding_Count,Max_Driver_Age,Min_Driver_Age,Driver_Sex_List,Total_Exceeding_Limit_Vehicles,Total_Too_Fast_Vehicles,Max_Vehicle_Type_Severity_5,Max_Vehicle_Damage_Rank,Max_Harmful_Event_Severity,Crash_Road_Surface_Condition,Crash_Horizontal_Alignment,Crash_Vertical_Profile,Crash_Impairment_Category,Crash_Vehicle_Defect
22992,36,New York,360440,0,2,2,0,3,JOHNSTOWN,August,8,Tuesday,11,15,Rural,Medium Speed (Collector),No,43.00096667,-74.46376944,Non-Intersection,Daylight,Cloudy,11:00am-11:59am,19,11:00am-11:59am,23,12:00pm-12:59pm,10,1,Daylight,Reduced Visibility,1,2,['Driver'],['None_Used'],0,0,Valid,0.0,0.0,72.0,59.0,"['Male', 'Male']",1,0,5,1,5,Wet/Standing Water,Curve,Level,Lowest,No
22993,36,New York,360441,1,3,3,0,3,NEW YORK CITY,August,13,Sunday,4,12,Urban,High Speed (Arterial),Yes,40.88692222,-73.89529722,Non-Intersection,Dark - Lighted,Rain,Unknown,Unknown,Unknown EMS Scene Arrival Hour,Unknown EMS Scene Arrival Minutes,Unknown,Unknown EMS Hospital Arrival Time,1,Dark - Lighted,Rain/Wind/Minor,0,3,[],[],0,0,Valid,0.0,0.0,61.0,37.0,"['Male', 'Male']",0,0,3,1,5,Wet/Standing Water,Straight,Level,Lowest,No
22994,36,New York,360442,1,1,1,0,1,NEW YORK CITY,August,4,Friday,10,25,Urban,High Speed (Arterial),Yes,40.58319167,-73.97437222,Complex/Circle,Daylight,Cloudy,Unknown,Unknown,Unknown EMS Scene Arrival Hour,Unknown EMS Scene Arrival Minutes,Not Applicable (Not Transported),Not Applicable (Not Transported),1,Daylight,Reduced Visibility,0,1,[],[],0,0,Valid,0.0,0.0,38.0,38.0,['Male'],0,0,4,1,4,Dry,Straight,Level,Lowest,No
22995,36,New York,360443,0,3,2,1,2,NEW YORK CITY,August,5,Saturday,15,51,Urban,Medium Speed (Collector),No,40.84293056,-73.91581111,Non-Intersection,Daylight,Clear,Unknown,Unknown,Unknown EMS Scene Arrival Hour,Unknown EMS Scene Arrival Minutes,Not Applicable (Not Transported),Not Applicable (Not Transported),1,Daylight,Clear,1,1,['Driver'],['None_Used'],0,0,Invalid,1.0,0.0,58.0,35.0,"['Male', 'Female']",1,0,5,1,5,Dry,Straight,Level,Lowest,No
22996,36,New York,360444,0,1,1,0,1,COPAKE,July,5,Wednesday,5,19,Rural,High Speed (Arterial),Yes,42.07745,-73.540625,Non-Intersection,Dawn,Cloudy,4:00am-4:59am,46,5:00am-5:59am,10,5:00am-5:59am,30,1,Twilight,Reduced Visibility,1,0,['Driver'],['Shoulder_Lapbelt'],0,0,Valid,0.0,0.0,66.0,66.0,['Male'],0,0,2,1,3,Wet/Standing Water,Straight,Level,Medium,No
22997,36,New York,360445,0,1,1,0,1,PAINTED POST,August,2,Wednesday,10,4,Urban,Medium Speed (Collector),No,42.1148,-77.18153333,Non-Intersection,Daylight,Clear,Unknown,Unknown,Unknown EMS Scene Arrival Hour,Unknown EMS Scene Arrival Minutes,Unknown,Unknown EMS Hospital Arrival Time,1,Daylight,Clear,1,0,['Driver'],['None_Used'],0,0,Valid,0.0,0.0,70.0,70.0,['Male'],0,0,5,4,1,Dry,Straight,Level,Lowest,No
22998,36,New York,360446,0,1,1,0,1,FORESTPORT,August,6,Sunday,21,5,Rural,Low Speed (Local),No,43.44553056,-75.20815833,Non-Intersection,Dark - Not Lighted,Cloudy,9:00pm-9:59pm,9,9:00pm-9:59pm,13,Not Applicable (Not Transported),Not Applicable (Not Transported),1,Dark - Unlighted,Reduced Visibility,1,0,['Driver'],['None_Used'],0,0,Invalid,0.0,0.0,57.0,57.0,['Male'],1,0,5,1,3,Dry,Straight,Grade/Hillcrest,Lowest,No
22999,36,New York,360447,1,1,1,0,1,PENN YAN,July,25,Tuesday,14,17,Rural,Medium Speed (Collector),No,42.64747222,-77.06206389,Simple Junction,Daylight,Cloudy,2:00pm-2:59pm,17,2:00pm-2:59pm,23,3:00pm-3:59pm,13,1,Daylight,Reduced Visibility,0,1,[],[],0,0,Valid,0.0,0.0,67.0,67.0,['Male'],0,0,2,1,4,Dry,Straight,Level,Lowest,No
23000,36,New York,360448,1,1,1,0,1,CAMDEN,August,4,Friday,15,45,Rural,Low Speed (Local),No,43.31325,-75.76951389,Non-Intersection,Daylight,Clear,3:00pm-3:59pm,46,3:00pm-3:59pm,54,Not Applicable (Not Transported),Not Applicable (Not Transported),1,Daylight,Clear,0,1,[],[],0,0,Valid,0.0,1.0,30.0,30.0,['Male'],0,0,2,1,4,Dry,Straight,Level,Lowest,No
23001,36,New York,360449,0,3,2,1,4,NEW YORK CITY,August,6,Sunday,4,27,Urban,Medium Speed (Collector),No,40.68094444,-73.93769722,Complex/Circle,Dark - Lighted,Clear,Unknown,Unknown,Unknown EMS Scene Arrival Hour,Unknown EMS Scene Arrival Minutes,Unknown,Unknown EMS Hospital Arrival Time,1,Dark - Lighted,Clear,1,3,['Driver'],['None_Used'],0,0,Valid,1.0,0.0,26.0,21.0,"['Male', 'Male']",3,0,5,1,5,Dry,Straight,Level,Lowest,No
23002,36,New York,360450,0,1,1,0,1,HAMLIN,May,31,Wednesday,22,13,Urban,Medium Speed (Collector),No,43.30705833,-77.92130278,Simple Junction,Dark - Lighted,Cloudy,10:00pm-10:59pm,15,10:00pm-10:59pm,17,Not Applicable (Not Transported),Not Applicable (Not Transported),1,Dark - Lighted,Reduced Visibility,1,0,['Driver'],['None_Used'],1,1,Valid,1.0,0.0,56.0,56.0,['Male'],0,0,5,1,3,Dry,Straight,Level,Lowest,No
23003,36,New York,360451,1,1,1,0,2,HEMPSTEAD,August,12,Saturday,0,10,Urban,High Speed (Arterial),Yes,40.66369167,-73.54864722,Non-Intersection,Dark - Lighted,Clear,0:00am-0:59am,14,0:00am-0:59am,17,0:00am-0:59am,37,1,Dark - Lighted,Clear,0,2,[],[],0,0,Valid,1.0,0.0,19.0,19.0,['Female'],0,0,2,1,4,Dry,Straight,Level,Lowest,No
23004,36,New York,360452,0,1,1,0,1,ASTORIA,August,6,Sunday,3,30,Urban,Medium Speed (Collector),No,40.76628333,-73.94183889,Simple Junction,Dark - Lighted,Clear,Unknown,Unknown,Unknown EMS Scene Arrival Hour,Unknown EMS Scene Arrival Minutes,Not Applicable (Not Transported),Not Applicable (Not Transported),1,Dark - Lighted,Clear,1,0,['Driver'],['Shoulder_Lapbelt'],0,0,Valid,3.0,2.0,24.0,24.0,['Male'],1,0,3,4,4,Dry,Straight,Grade/Hillcrest,Lowest,No
23005,36,New York,360453,1,1,1,0,1,BABYLON,August,5,Saturday,14,42,Urban,Medium Speed (Collector),No,40.70423889,-73.38696389,Complex/Circle,Daylight,Clear,2:00pm-2:59pm,43,2:00pm-2:59pm,47,3:00pm-3:59pm,15,1,Daylight,Clear,0,1,[],[],0,0,Valid,0.0,0.0,56.0,56.0,['Male'],0,0,3,1,4,Dry,Straight,Level,Lowest,No
23006,36,New York,360454,1,1,1,0,1,OYSTER BAY,August,6,Sunday,12,55,Urban,High Speed (Arterial),Yes,40.77757778,-73.53011389,Complex/Circle,Daylight,Clear,12:00pm-12:59pm,59,1:00pm-1:59pm,3,1:00pm-1:59pm,28,1,Daylight,Clear,0,1,[],[],0,0,Valid,0.0,0.0,20.0,20.0,['Male'],0,0,3,1,4,Dry,Straight,Level,Lowest,No
23007,36,New York,360455,1,1,1,0,4,MIDDLE VILLAGE,August,14,Monday,5,12,Urban,High Speed (Arterial),Yes,40.69156111,-73.72681944,Non-Intersection,Dark - Lighted,Clear,Unknown,Unknown,Unknown EMS Scene Arrival Hour,Unknown EMS Scene Arrival Minutes,Not Applicable (Not Transported),Not Applicable (Not Transported),1,Dark - Lighted,Clear,0,4,[],[],0,0,Valid,0.0,0.0,42.0,42.0,['Male'],0,0,3,1,4,Dry,Straight,Level,Lowest,No
23008,36,New York,360456,0,2,2,0,2,Other,August,6,Sunday,4,49,Urban,Low Speed (Local),No,40.742025,-73.86606111,Complex/Circle,Dark - Lighted,Clear,4:00am-4:59am,55,5:00am-5:59am,6,5:00am-5:59am,17,1,Dark - Lighted,Clear,1,0,['Driver'],['None_Used'],1,1,Valid,0.0,0.0,50.0,36.0,"['Male', 'Male']",0,0,5,1,5,Dry,Straight,Level,Lowest,No
23009,36,New York,360457,1,1,1,0,1,JAMAICA,August,7,Monday,21,32,Urban,Medium Speed (Collector),No,40.70864722,-73.793925,Complex/Circle,Dark - Lighted,Rain,Unknown,Unknown,Unknown EMS Scene Arrival Hour,Unknown EMS Scene Arrival Minutes,Unknown,Unknown EMS Hospital Arrival Time,1,Dark - Lighted,Rain/Wind/Minor,0,1,[],[],0,0,Valid,1.0,0.0,33.0,33.0,['Male'],0,0,4,1,4,Wet/Standing Water,Straight,Level,Lowest,No
23010,36,New York,360458,0,4,4,0,9,OYSTER BAY,August,6,Sunday,19,15,Urban,High Speed (Arterial),Yes,40.67893611,-73.43541944,Simple Junction,Daylight,Clear,7:00pm-7:59pm,22,7:00pm-7:59pm,38,7:00pm-7:59pm,58,3,Daylight,Clear,3,6,"['Driver', 'Rear_Seat', 'Non_Standard_Risk']","['None_Used', 'Shoulder_Lapbelt', 'Shoulder_Lapbelt']",0,0,Valid,2.0,1.0,83.0,32.0,"['Male', 'Male', 'Male', 'Male']",1,0,3,1,5,Dry,Straight,Level,Lowest,No
23011,36,New York,360459,1,1,1,0,1,NEW YORK CITY,August,9,Wednesday,5,47,Urban,Medium Speed (Collector),No,40.81590833,-73.89174444,Simple Junction,Dark - Lighted,Clear,Unknown,Unknown,Unknown EMS Scene Arrival Hour,Unknown EMS Scene Arrival Minutes,Unknown,Unknown EMS Hospital Arrival Time,1,Dark - Lighted,Clear,0,0,[],[],0,0,Valid,1.0,1.0,57.0,57.0,['Male'],0,0,4,1,4,Dry,Straight,Grade/Hillcrest,Lowest,No
23012,36,New York,360460,0,7,7,0,7,ISLIP,March,4,Saturday,4,30,Urban,High Speed (Arterial),Yes,40.76675278,-73.07495278,Non-Intersection,Dark - Not Lighted,Rain,4:00am-4:59am,30,4:00am-4:59am,41,Unknown,Unknown EMS Hospital Arrival Time,1,Dark - Unlighted,Rain/Wind/Minor,1,6,['Driver'],['Shoulder_Lapbelt'],1,1,Valid,1.0,1.0,61.0,22.0,"['Male', 'Male', 'Male', 'Female', 'Male', 'Male', 'Male']",0,0,3,4,5,Wet/Standing Water,Straight,Level,Lowest,No
23013,36,New York,360461,0,1,1,0,2,MANORVILLE,February,6,Monday,15,13,Urban,Low Speed (Local),No,40.87248056,-72.82475833,Complex/Circle,Daylight,Clear,3:00pm-3:59pm,13,3:00pm-3:59pm,17,Not Applicable (Not Transported),Not Applicable (Not Transported),2,Daylight,Clear,2,0,"['Driver', 'Front_Passenger']","['Shoulder_Lapbelt', 'Shoulder_Lapbelt']",0,0,Valid,4.0,0.0,50.0,50.0,['Male'],2,0,3,1,3,Dry,Straight,Level,Lowest,No
23014,36,New York,360462,0,1,1,0,1,SYRACUSE,March,19,Sunday,4,30,Urban,Low Speed (Local),No,43.11688056,-76.25582778,Non-Intersection,Dark - Not Lighted,Cloudy,4:00am-4:59am,30,4:00am-4:59am,37,Not Applicable (Not Transported),Not Applicable (Not Transported),1,Dark - Unlighted,Reduced Visibility,1,0,['Driver'],['None_Used'],0,0,Valid,2.0,0.0,37.0,37.0,['Male'],1,0,2,1,3,Dry,Curve,Level,Lowest,No
23015,36,New York,360463,1,1,1,0,1,ISLIP,March,25,Saturday,4,41,Urban,Medium Speed (Collector),No,40.78694167,-73.22072222,Complex/Circle,Daylight,Clear,Unknown,Unknown,Unknown EMS Scene Arrival Hour,Unknown EMS Scene Arrival Minutes,Unknown,Unknown EMS Hospital Arrival Time,1,Daylight,Clear,0,1,[],[],0,0,Valid,0.0,0.0,48.0,48.0,['Male'],0,0,3,1,4,Dry,Straight,Level,Lowest,No
23016,36,New York,360464,0,1,1,0,1,MURRAY,July,18,Tuesday,2,3,Rural,High Speed (Arterial),Yes,43.26151667,-78.01801667,Non-Intersection,Dark - Not Lighted,Cloudy,2:00am-2:59am,3,2:00am-2:59am,10,2:00am-2:59am,53,1,Dark - Unlighted,Reduced Visibility,1,0,['Driver'],['None_Used'],1,1,Valid,1.0,0.0,27.0,27.0,['Male'],0,0,2,1,3,Wet/Standing Water,Straight,Level,Lowest,No
23017,36,New York,360465,1,1,1,0,1,SMITHTOWN,February,2,Thursday,21,0,Urban,High Speed (Arterial),Yes,40.84919722,-73.16641944,Non-Intersection,Dark - Not Lighted,Clear,9:00pm-9:59pm,2,9:00pm-9:59pm,7,Not Applicable (Not Transported),Not Applicable (Not Transported),1,Dark - Unlighted,Clear,0,1,[],[],0,0,Valid,1.0,0.0,27.0,27.0,['Female'],0,0,3,1,4,Dry,Straight,Level,Lowest,No
23018,36,New York,360466,1,1,1,0,1,CENTRAL ISLIP,February,17,Friday,0,10,Urban,Medium Speed (Collector),No,40.77843333,-73.25867222,Non-Intersection,Dark - Lighted,Clear,Unknown,Unknown,Unknown EMS Scene Arrival Hour,Unknown EMS Scene Arrival Minutes,Unknown,Unknown EMS Hospital Arrival Time,1,Dark - Lighted,Clear,0,1,[],[],0,0,Valid,0.0,0.0,57.0,57.0,['Female'],0,0,2,1,4,Wet/Standing Water,Straight,Level,Lowest,No
23019,36,New York,360467,1,1,1,0,1,CENTRAL ISLIP,February,20,Monday,20,30,Urban,High Speed (Arterial),Yes,40.78462778,-73.109275,Non-Intersection,Dark - Not Lighted,Clear,Unknown,Unknown,Unknown EMS Scene Arrival Hour,Unknown EMS Scene Arrival Minutes,Not Applicable (Not Transported),Not Applicable (Not Transported),1,Dark - Unlighted,Clear,0,1,[],[],0,0,Valid,1.0,0.0,33.0,33.0,['Male'],0,0,2,1,4,Dry,Straight,Level,Lowest,No
23020,36,New York,360468,1,1,1,0,1,COMMACK,February,27,Monday,18,10,Urban,Low Speed (Local),No,40.85946111,-73.28197222,Non-Intersection,Dusk,Cloudy,6:00pm-6:59pm,12,6:00pm-6:59pm,12,Unknown,Unknown EMS Hospital Arrival Time,1,Twilight,Reduced Visibility,0,1,[],[],0,0,Valid,1.0,0.0,31.0,31.0,['Female'],0,0,3,1,4,Dry,Straight,Grade/Hillcrest,Lowest,No
23021,36,New York,360469,1,1,1,0,1,BROOKHAVEN,March,2,Thursday,18,35,Urban,High Speed (Arterial),Yes,40.89938611,-73.08068056,Simple Junction,Dark - Lighted,Clear,Unknown,Unknown,Unknown EMS Scene Arrival Hour,Unknown EMS Scene Arrival Minutes,6:00pm-6:59pm,58,1,Dark - Lighted,Clear,0,1,[],[],0,0,Valid,0.0,0.0,43.0,43.0,['Female'],0,0,2,1,4,Dry,Straight,Level,Lowest,No
23022,36,New York,360470,1,1,1,0,1,HUNTINGTON,March,4,Saturday,3,49,Urban,High Speed (Arterial),Yes,40.82878889,-73.42693056,Simple Junction,Dark - Lighted,Rain,Unknown,Unknown,Unknown EMS Scene Arrival Hour,Unknown EMS Scene Arrival Minutes,Unknown,Unknown EMS Hospital Arrival Time,1,Dark - Lighted,Rain/Wind/Minor,0,1,[],[],0,0,Invalid,0.0,0.0,999.0,999.0,['Other'],0,0,1,0,4,Wet/Standing Water,Straight,Grade/Hillcrest,Lowest,No
23023,36,New York,360471,1,1,1,0,2,ISLIP,March,7,Tuesday,0,1,Urban,High Speed (Arterial),Yes,40.736975,-73.24211944,Non-Intersection,Dark - Not Lighted,Cloudy,Unknown,Unknown,Unknown EMS Scene Arrival Hour,Unknown EMS Scene Arrival Minutes,Not Applicable (Not Transported),Not Applicable (Not Transported),1,Dark - Unlighted,Reduced Visibility,0,2,[],[],0,0,Valid,0.0,0.0,54.0,54.0,['Male'],0,0,3,1,4,Dry,Straight,Level,Lowest,No
23024,36,New York,360472,1,1,1,0,1,SMITHTOWN,March,8,Wednesday,22,39,Urban,High Speed (Arterial),Yes,40.84153611,-73.28678889,Non-Intersection,Dark - Not Lighted,Cloudy,10:00pm-10:59pm,39,10:00pm-10:59pm,46,11:00pm-11:59pm,6,1,Dark - Unlighted,Reduced Visibility,0,1,[],[],0,0,Valid,1.0,0.0,41.0,41.0,['Female'],0,0,3,1,4,Dry,Straight,Level,Lowest,No
23025,36,New York,360473,0,1,1,0,4,SALAMANCA,July,22,Saturday,22,24,Urban,Medium Speed (Collector),No,42.15754167,-78.76659444,Non-Intersection,Dark - Not Lighted,Clear,11:00pm-11:59pm,30,0:00am-0:59am,15,Unknown,Unknown EMS Hospital Arrival Time,3,Dark - Unlighted,Clear,3,1,"['Driver', 'Front_Passenger', 'Rear_Seat']","['Lapbelt_Only', 'Lapbelt_Only', 'None_Used']",1,1,Valid,0.0,0.0,17.0,17.0,['Female'],4,0,3,4,3,Dry,Straight,Level,Lowest,No
23026,36,New York,360474,1,1,1,0,1,SHIRLEY,April,2,Sunday,22,55,Urban,High Speed (Arterial),Yes,40.793,-72.86466944,Non-Intersection,Dark - Lighted,Clear,10:00pm-10:59pm,55,10:00pm-10:59pm,55,Not Applicable (Not Transported),Not Applicable (Not Transported),1,Dark - Lighted,Clear,0,1,[],[],0,0,Valid,2.0,0.0,33.0,33.0,['Male'],0,0,3,1,4,Dry,Straight,Level,Lowest,No
23027,36,New York,360475,0,1,1,0,1,ISLIP,April,10,Monday,10,20,Urban,Medium Speed (Collector),No,40.74766944,-73.06770278,Non-Intersection,Daylight,Clear,Unknown,Unknown,Unknown EMS Scene Arrival Hour,Unknown EMS Scene Arrival Minutes,Unknown,Unknown EMS Hospital Arrival Time,1,Daylight,Clear,1,0,['Driver'],['Shoulder_Lapbelt'],0,0,Valid,0.0,0.0,34.0,34.0,['Male'],1,0,3,4,3,Dry,Straight,Level,Lowest,No
23028,36,New York,360476,0,1,1,0,1,NEW YORK CITY,August,7,Monday,2,14,Urban,High Speed (Arterial),Yes,40.853675,-73.91981111,Non-Intersection,Dark - Lighted,Clear,Unknown,Unknown,Unknown EMS Scene Arrival Hour,Unknown EMS Scene Arrival Minutes,Unknown,Unknown EMS Hospital Arrival Time,1,Dark - Lighted,Clear,1,0,['Driver'],['None_Used'],0,0,Valid,2.0,0.0,28.0,28.0,['Male'],0,0,3,1,3,Dry,Straight,Level,Lowest,No
23029,36,New York,360477,0,1,1,0,1,MIDDLE ISLAND,April,14,Friday,8,16,Urban,Low Speed (Local),No,40.91163611,-72.98555,Non-Intersection,Daylight,Clear,Unknown,Unknown,Unknown EMS Scene Arrival Hour,Unknown EMS Scene Arrival Minutes,Not Applicable (Not Transported),Not Applicable (Not Transported),1,Daylight,Clear,1,0,['Driver'],['None_Used'],0,0,Valid,1.0,0.0,37.0,37.0,['Male'],0,0,2,4,3,Dry,Curve,Grade/Hillcrest,Lowest,No
23030,36,New York,360478,0,1,1,0,2,BABYLON,May,14,Sunday,10,24,Urban,High Speed (Arterial),Yes,40.63983889,-73.26757778,Non-Intersection,Daylight,Clear,Unknown,Unknown,Unknown EMS Scene Arrival Hour,Unknown EMS Scene Arrival Minutes,Unknown,Unknown EMS Hospital Arrival Time,2,Daylight,Clear,2,0,"['Driver', 'Front_Passenger']","['Shoulder_Lapbelt', 'Shoulder_Lapbelt']",0,0,Valid,0.0,0.0,58.0,58.0,['Male'],0,0,2,4,0,Dry,Straight,Level,Lowest,No
23031,36,New York,360480,0,1,1,0,2,WOLCOTT,July,4,Tuesday,19,42,Rural,Low Speed (Local),No,43.20635833,-76.77124167,Non-Intersection,Daylight,Clear,7:00pm-7:59pm,42,7:00pm-7:59pm,55,Unknown,Unknown EMS Hospital Arrival Time,1,Daylight,Clear,1,1,['Driver'],['None_Used'],0,0,Invalid,0.0,0.0,13.0,13.0,['Male'],2,0,5,1,3,Dry,Curve,Level,Lowest,No
23032,36,New York,360481,1,1,1,0,1,NEW YORK CITY,August,7,Monday,13,18,Urban,High Speed (Arterial),Yes,40.85703056,-73.88019722,Non-Intersection,Daylight,Cloudy,Unknown,Unknown,Unknown EMS Scene Arrival Hour,Unknown EMS Scene Arrival Minutes,Unknown,Unknown EMS Hospital Arrival Time,1,Daylight,Reduced Visibility,0,1,[],[],0,0,Valid,1.0,0.0,38.0,38.0,['Male'],0,0,4,1,4,Dry,Straight,Level,Lowest,No
23033,36,New York,360482,1,1,1,0,1,SMITHTOWN,April,3,Monday,21,23,Urban,High Speed (Arterial),Yes,40.85183611,-73.15906389,Complex/Circle,Dark - Lighted,Clear,9:00pm-9:59pm,24,9:00pm-9:59pm,27,9:00pm-9:59pm,54,1,Dark - Lighted,Clear,0,1,[],[],0,0,Valid,0.0,1.0,41.0,41.0,['Male'],0,0,3,1,4,Dry,Straight,Level,Lowest,No
23034,36,New York,360483,1,1,1,0,2,BABYLON,April,9,Sunday,20,0,Urban,Medium Speed (Collector),No,40.68012222,-73.39945556,Complex/Circle,Dark - Lighted,Clear,Unknown,Unknown,Unknown EMS Scene Arrival Hour,Unknown EMS Scene Arrival Minutes,Unknown,Unknown EMS Hospital Arrival Time,1,Dark - Lighted,Clear,0,2,[],[],0,0,Valid,0.0,0.0,34.0,34.0,['Male'],0,0,2,1,4,Dry,Straight,Level,Lowest,No
23035,36,New York,360484,1,2,2,0,2,SHIRLEY,April,18,Tuesday,20,39,Urban,Medium Speed (Collector),No,40.80081667,-72.86988889,Complex/Circle,Dark - Lighted,Clear,8:00pm-8:59pm,39,8:00pm-8:59pm,40,Not Applicable (Not Transported),Not Applicable (Not Transported),1,Dark - Lighted,Clear,0,2,[],[],0,0,Valid,0.0,0.0,53.0,19.0,"['Male', 'Female']",0,0,3,1,5,Dry,Straight,Level,Lowest,No
23036,36,New York,360486,1,1,1,0,1,HOLTSVILLE,May,21,Sunday,0,1,Urban,High Speed (Arterial),Yes,40.80625,-73.01889722,Non-Intersection,Dark - Lighted,Clear,Unknown,Unknown,Unknown EMS Scene Arrival Hour,Unknown EMS Scene Arrival Minutes,Not Applicable (Not Transported),Not Applicable (Not Transported),1,Dark - Lighted,Clear,0,1,[],[],0,0,Valid,1.0,0.0,999.0,999.0,['Other'],0,0,3,0,4,Wet/Standing Water,Straight,Level,Lowest,No
23037,36,New York,360487,1,1,1,0,1,NEW YORK CITY,June,22,Thursday,23,40,Urban,Medium Speed (Collector),No,40.67928611,-73.90395278,Complex/Circle,Dark - Lighted,Clear,Unknown,Unknown,Unknown EMS Scene Arrival Hour,Unknown EMS Scene Arrival Minutes,Unknown,Unknown EMS Hospital Arrival Time,1,Dark - Lighted,Clear,0,1,[],[],0,0,Valid,0.0,0.0,74.0,74.0,['Male'],0,0,3,1,4,Dry,Straight,Level,Lowest,No
23038,36,New York,360488,1,1,1,0,1,JOHNSTOWN,June,4,Sunday,9,46,Urban,Medium Speed (Collector),No,43.00148333,-74.40819722,Simple Junction,Daylight,Clear,9:00am-9:59am,46,9:00am-9:59am,56,10:00am-10:59am,30,1,Daylight,Clear,0,1,[],[],0,0,Valid,1.0,0.0,62.0,62.0,['Female'],0,0,3,1,4,Dry,Straight,Level,Lowest,No
23039,36,New York,360489,0,2,2,0,2,QUEENSBURY,May,3,Wednesday,23,47,Urban,High Speed (Arterial),Yes,43.31928333,-73.61848611,Non-Intersection,Dark - Not Lighted,Rain,11:00pm-11:59pm,47,11:00pm-11:59pm,56,0:00am-0:59am,32,1,Dark - Unlighted,Rain/Wind/Minor,1,1,['Driver'],['Shoulder_Lapbelt'],1,1,Invalid,0.0,0.0,39.0,33.0,"['Male', 'Male']",0,0,3,4,5,Wet/Standing Water,Straight,Level,Lowest,No
23040,36,New York,360490,0,2,2,0,4,SCHENECTADY,June,15,Thursday,20,1,Rural,High Speed (Arterial),Yes,42.75029722,-74.0476,Simple Junction,Dusk,Clear,8:00pm-8:59pm,3,8:00pm-8:59pm,18,Unknown,Unknown EMS Hospital Arrival Time,1,Twilight,Clear,1,3,['Driver'],['None_Used'],0,0,Valid,0.0,0.0,31.0,23.0,"['Male', 'Male']",0,0,5,4,5,Dry,Straight,Grade/Hillcrest,Lowest,No
23041,36,New York,360491,0,2,2,0,3,VERNON,July,17,Monday,8,33,Urban,Medium Speed (Collector),No,43.08686667,-75.63253611,Non-Intersection,Daylight,Clear,8:00am-8:59am,32,8:00am-8:59am,37,Unknown,Unknown EMS Hospital Arrival Time,1,Daylight,Clear,1,2,['Driver'],['None_Used'],0,0,Valid,1.0,1.0,32.0,27.0,"['Male', 'Male']",0,0,3,4,5,Dry,Straight,Level,Lowest,No
23042,36,New York,360492,0,2,2,0,4,ISLIP,February,24,Friday,4,30,Urban,Medium Speed (Collector),No,40.78528611,-73.22838056,Simple Junction,Dark - Lighted,Clear,4:00am-4:59am,31,4:00am-4:59am,35,Unknown,Unknown EMS Hospital Arrival Time,1,Dark - Lighted,Clear,1,3,['Front_Passenger'],['None_Used'],1,1,Valid,1.0,0.0,43.0,38.0,"['Male', 'Male']",0,0,4,1,5,Dry,Straight,Level,Lowest,No
23043,36,New York,360493,0,2,2,0,2,HECTOR,July,27,Thursday,13,49,Rural,Medium Speed (Collector),No,42.48114167,-76.86991944,Simple Junction,Daylight,Cloudy,2:00pm-2:59pm,30,2:00pm-2:59pm,45,Not Applicable (Not Transported),Not Applicable (Not Transported),1,Daylight,Reduced Visibility,1,1,['Driver'],['Shoulder_Lapbelt'],0,0,Valid,0.0,0.0,36.0,35.0,"['Female', 'Male']",0,0,4,1,5,Wet/Standing Water,Straight,Grade/Hillcrest,Lowest,No
23044,36,New York,360494,0,2,2,0,2,FARMINGTON,August,3,Thursday,17,35,Urban,Medium Speed (Collector),No,42.98404444,-77.36185556,Complex/Circle,Daylight,Cloudy,5:00pm-5:59pm,35,5:00pm-5:59pm,37,Unknown,Unknown EMS Hospital Arrival Time,1,Daylight,Reduced Visibility,1,1,['Driver'],['None_Used'],0,0,Valid,0.0,0.0,43.0,18.0,"['Female', 'Male']",0,0,5,1,5,Dry,Straight,Level,Lowest,No
23045,36,New York,360495,0,2,2,0,2,ISLIP,March,6,Monday,6,11,Urban,High Speed (Arterial),Yes,40.80513889,-73.24868056,Complex/Circle,Dawn,Clear,6:00am-6:59am,13,6:00am-6:59am,19,6:00am-6:59am,45,1,Twilight,Clear,1,1,['Driver'],['Shoulder_Lapbelt'],0,0,Valid,1.0,0.0,41.0,35.0,"['Male', 'Male']",1,0,3,4,5,Dry,Straight,Grade/Hillcrest,Lowest,No
23046,36,New York,360496,0,2,2,0,6,BROOKHAVEN,March,11,Saturday,21,30,Urban,High Speed (Arterial),Yes,40.91435278,-73.05833611,Simple Junction,Dark - Lighted,Clear,9:00pm-9:59pm,30,9:00pm-9:59pm,40,Unknown,Unknown EMS Hospital Arrival Time,1,Dark - Lighted,Clear,1,5,['Rear_Seat'],['None_Used'],0,0,Valid,2.0,0.0,19.0,18.0,"['Male', 'Male']",0,0,3,4,5,Dry,Straight,Level,Lowest,No