,State_Code,State_Name,Crash_ID,Count_Non_Motorists,Count_Vehicles_Total,Count_Vehicle_Forms,Count_PVH_Involved,Count_Occupants_MV,City_Name,Month_Name,Day_of_Month,Day_of_Week,Crash_Hour,Crash_Minute,Area_Rural_Urban,Road_Functional_Class,On_NHS_Road,Latitude,Longitude,Intersection_Type,Light_Condition,Weather_Condition,Notif_Hour,Notif_Minute,Arrival_Hour,Arrival_Minute,Hospital_Hour,Hospital_Minute,Fatalities_Count,Clean_Light_Condition,Clean_Weather_Condition,Total_Killed,Total_Alive,Fatal_Seats_List,Killed_Restraint_List,Any_Driver_Drinking,Total_Drinking_Drivers,Driver_License_Category,Driver_Max_Prev_Accident_Count,Driver_Max_Prev_Speeding_Count,Max_Driver_Age,Min_Driver_Age,Driver_Sex_List,Total_Exceeding_Limit_Vehicles,Total_Too_Fast_Vehicles,Max_Vehicle_Type_Severity_5,Max_Vehicle_Damage_Rank,Max_Harmful_Event_Severity,Crash_Road_Surface_Condition,Crash_Horizontal_Alignment,Crash_Vertical_Profile,Crash_Impairment_Category,Crash_Vehicle_Defect
23047,36,New York,360497,0,2,2,0,2,CHESTERTOWN,August,12,Saturday,15,1,Rural,Medium Speed (Collector),No,43.65604167,-73.80139167,Complex/Circle,Daylight,Clear,3:00pm-3:59pm,1,3:00pm-3:59pm,15,Not Applicable (Not Transported),Not Applicable (Not Transported),1,Daylight,Clear,1,1,['Driver'],['None_Used'],0,0,Valid,1.0,0.0,70.0,44.0,"['Male', 'Male']",0,0,5,1,5,Dry,Straight,Level,Lowest,No
23048,36,New York,360498,0,2,2,0,2,ISLANDIA,March,17,Friday,7,35,Urban,High Speed (Arterial),Yes,40.798675,-73.17317778,Complex/Circle,Daylight,Clear,7:00am-7:59am,37,7:00am-7:59am,45,Not Applicable (Not Transported),Not Applicable (Not Transported),1,Daylight,Clear,1,1,['Driver'],['None_Used'],0,0,Invalid,4.0,1.0,67.0,21.0,"['Male', 'Male']",1,0,5,4,5,Dry,Straight,Grade/Hillcrest,Lowest,No
23049,36,New York,360499,0,2,2,0,2,WESTFIELD,July,6,Thursday,14,57,Rural,Low Speed (Local),No,42.32765833,-79.54731111,Non-Intersection,Daylight,Clear,Unknown,Unknown,Unknown EMS Scene Arrival Hour,Unknown EMS Scene Arrival Minutes,Unknown,Unknown EMS Hospital Arrival Time,1,Daylight,Clear,1,1,['Driver'],['None_Used'],0,0,Valid,0.0,0.0,83.0,47.0,"['Male', 'Male']",0,0,5,4,5,Dry,Straight,Grade/Hillcrest,Medium,No
23050,36,New York,360500,0,2,2,0,4,HUNTINGTON,March,18,Saturday,0,17,Urban,High Speed (Arterial),Yes,40.83915556,-73.32273056,Non-Intersection,Dark - Lighted,Rain,0:00am-0:59am,21,0:00am-0:59am,25,Unknown,Unknown EMS Hospital Arrival Time,1,Dark - Lighted,Rain/Wind/Minor,1,3,['Front_Passenger'],['Shoulder_Lapbelt'],1,1,Valid,1.0,0.0,38.0,35.0,"['Male', 'Male']",0,0,4,1,5,Wet/Standing Water,Straight,Grade/Hillcrest,Lowest,No
23051,36,New York,360501,0,3,3,0,4,BROOKHAVEN,March,19,Sunday,17,0,Urban,High Speed (Arterial),Yes,40.85831667,-73.10344444,Non-Intersection,Daylight,Clear,5:00pm-5:59pm,3,5:00pm-5:59pm,16,Unknown,Unknown EMS Hospital Arrival Time,1,Daylight,Clear,1,3,['Front_Passenger'],['Shoulder_Lapbelt'],0,0,Valid,2.0,0.0,66.0,39.0,"['Female', 'Male', 'Male']",0,0,3,1,5,Dry,Straight,Level,Lowest,No
23052,36,New York,360502,0,2,2,0,6,FREEDOM,June,17,Saturday,12,5,Rural,Medium Speed (Collector),No,42.48513333,-78.31980833,Non-Intersection,Daylight,Cloudy,Unknown,Unknown,Unknown EMS Scene Arrival Hour,Unknown EMS Scene Arrival Minutes,Unknown,Unknown EMS Hospital Arrival Time,3,Daylight,Reduced Visibility,3,3,"['Driver', 'Front_Passenger', 'Rear_Seat']","['None_Used', 'None_Used', 'None_Used']",0,0,Valid,1.0,0.0,24.0,21.0,"['Male', 'Female']",0,0,3,1,5,Dry,Straight,Grade/Hillcrest,Lowest,No
23053,36,New York,360503,0,2,2,0,3,BROOKHAVEN,March,30,Thursday,13,35,Urban,High Speed (Arterial),Yes,40.86259167,-73.02167778,Complex/Circle,Daylight,Clear,Unknown,Unknown,Unknown EMS Scene Arrival Hour,Unknown EMS Scene Arrival Minutes,Unknown,Unknown EMS Hospital Arrival Time,1,Daylight,Clear,1,2,['Driver'],['Shoulder_Lapbelt'],0,0,Valid,1.0,0.0,71.0,60.0,"['Male', 'Female']",0,0,3,1,5,Dry,Straight,Level,Lowest,No
23054,36,New York,360504,0,3,3,0,3,NEWFIELD,August,3,Thursday,20,55,Rural,Low Speed (Local),No,99.9999,999.9999,Non-Intersection,Dark - Not Lighted,Clear,8:00pm-8:59pm,55,9:00pm-9:59pm,10,Unknown,Unknown EMS Hospital Arrival Time,1,Dark - Unlighted,Clear,1,2,['Driver'],['None_Used'],0,0,Valid,1.0,0.0,30.0,19.0,"['Male', 'Male', 'Male']",0,0,5,1,5,Dry,Straight,Grade/Hillcrest,Lowest,No
23055,36,New York,360505,0,2,2,0,2,BROOKHAVEN,April,4,Tuesday,9,23,Urban,Medium Speed (Collector),No,40.8511,-72.81479167,Non-Intersection,Daylight,Clear,9:00am-9:59am,24,9:00am-9:59am,43,10:00am-10:59am,16,1,Daylight,Clear,1,1,['Driver'],['Lapbelt_Only'],0,0,Valid,1.0,0.0,68.0,40.0,"['Female', 'Female']",0,0,3,1,5,Dry,Curve,Grade/Hillcrest,Lowest,No
23056,36,New York,360506,0,2,2,0,2,ISLIP,April,5,Wednesday,0,45,Urban,High Speed (Arterial),Yes,40.80469444,-73.28180833,Non-Intersection,Dark - Lighted,Clear,0:00am-0:59am,45,0:00am-0:59am,51,Not Applicable (Not Transported),Not Applicable (Not Transported),1,Dark - Lighted,Clear,1,1,['Driver'],['Shoulder_Lapbelt'],1,1,Valid,2.0,0.0,36.0,31.0,"['Male', 'Male']",1,0,3,4,5,Dry,Straight,Grade/Hillcrest,Lowest,No
23057,36,New York,360507,0,2,2,0,4,ISLIP,April,12,Wednesday,13,22,Urban,High Speed (Arterial),Yes,40.78061389,-73.07872778,Simple Junction,Daylight,Clear,1:00pm-1:59pm,22,1:00pm-1:59pm,28,1:00pm-1:59pm,54,3,Daylight,Clear,3,1,"['Driver', 'Driver', 'Front_Passenger']","['None_Used', 'Shoulder_Lapbelt', 'Shoulder_Lapbelt']",0,0,Valid,3.0,0.0,74.0,23.0,"['Male', 'Male']",1,0,5,4,5,Dry,Curve,Level,Lowest,No
23058,36,New York,360508,0,2,2,0,2,BABYLON,April,16,Sunday,5,38,Urban,Medium Speed (Collector),No,40.73036111,-73.37304444,Simple Junction,Dark - Lighted,"Fog, Smog, Smoke",5:00am-5:59am,38,5:00am-5:59am,49,6:00am-6:59am,12,1,Dark - Lighted,Reduced Visibility,1,1,['Driver'],['Shoulder_Lapbelt'],0,0,Valid,1.0,0.0,63.0,18.0,"['Male', 'Male']",0,0,3,1,5,Dry,Straight,Level,Lowest,No
23059,36,New York,360509,1,1,1,0,3,CICERO,April,27,Thursday,22,43,Urban,Medium Speed (Collector),No,43.14851389,-76.091525,Non-Intersection,Dark - Not Lighted,Cloudy,10:00pm-10:59pm,43,10:00pm-10:59pm,47,Not Applicable (Not Transported),Not Applicable (Not Transported),1,Dark - Unlighted,Reduced Visibility,0,3,[],[],0,0,Valid,0.0,0.0,31.0,31.0,['Male'],0,0,2,1,4,Dry,Straight,Level,Lowest,No
23060,36,New York,360510,0,1,1,0,1,PENFIELD,May,14,Sunday,13,47,Urban,Low Speed (Local),No,43.15985833,-77.412325,Complex/Circle,Daylight,Clear,1:00pm-1:59pm,47,1:00pm-1:59pm,54,Not Applicable (Not Transported),Not Applicable (Not Transported),1,Daylight,Clear,1,0,['Driver'],['Shoulder_Lapbelt'],0,0,Valid,0.0,0.0,73.0,73.0,['Male'],0,0,3,1,3,Dry,Straight,Level,Medium,No
23061,36,New York,360511,0,2,2,0,4,BROOKHAVEN,May,4,Thursday,7,33,Urban,Medium Speed (Collector),No,40.8281,-72.93873333,Complex/Circle,Daylight,Clear,Unknown,Unknown,Unknown EMS Scene Arrival Hour,Unknown EMS Scene Arrival Minutes,Unknown,Unknown EMS Hospital Arrival Time,2,Daylight,Clear,2,2,"['Driver', 'Rear_Seat']","['Shoulder_Lapbelt', 'Child_Safety']",0,0,Valid,0.0,0.0,73.0,32.0,"['Male', 'Female']",2,0,2,1,5,Dry,Straight,Level,Lowest,No
23062,36,New York,360512,0,2,2,0,2,ISLIP,May,17,Wednesday,18,39,Urban,Medium Speed (Collector),No,40.73081389,-73.26707778,Complex/Circle,Daylight,Clear,Unknown,Unknown,Unknown EMS Scene Arrival Hour,Unknown EMS Scene Arrival Minutes,Unknown,Unknown EMS Hospital Arrival Time,1,Daylight,Clear,1,1,['Driver'],['None_Used'],0,0,Valid,1.0,0.0,52.0,48.0,"['Male', 'Male']",1,0,5,1,5,Dry,Straight,Level,Lowest,No
23063,36,New York,360513,0,2,2,0,2,ALFRED,July,18,Tuesday,17,37,Rural,Medium Speed (Collector),No,42.21963056,-77.79028056,Non-Intersection,Daylight,Cloudy,5:00pm-5:59pm,37,5:00pm-5:59pm,47,Unknown,Unknown EMS Hospital Arrival Time,1,Daylight,Reduced Visibility,1,1,['Driver'],['Shoulder_Lapbelt'],0,0,Valid,3.0,1.0,62.0,29.0,"['Female', 'Male']",0,0,3,4,5,Dry,Curve,Level,Lowest,No
23064,36,New York,360514,0,1,1,0,1,NASSAU,July,2,Sunday,17,18,Rural,Low Speed (Local),No,42.50204722,-73.60576111,Non-Intersection,Daylight,Cloudy,5:00pm-5:59pm,20,5:00pm-5:59pm,45,Not Applicable (Not Transported),Not Applicable (Not Transported),1,Daylight,Reduced Visibility,1,0,['Driver'],['Shoulder_Lapbelt'],0,0,Valid,1.0,1.0,26.0,26.0,['Male'],1,0,3,1,3,Wet/Standing Water,Curve,Grade/Hillcrest,Lowest,No
23065,36,New York,360515,0,2,2,0,2,THREE MILE BAY,June,4,Sunday,11,57,Rural,Medium Speed (Collector),No,44.07863889,-76.224875,Simple Junction,Daylight,Clear,Unknown,Unknown,Unknown EMS Scene Arrival Hour,Unknown EMS Scene Arrival Minutes,Not Applicable (Not Transported),Not Applicable (Not Transported),1,Daylight,Clear,1,1,['Driver'],['None_Used'],0,0,Valid,1.0,0.0,82.0,57.0,"['Male', 'Male']",0,0,5,1,5,Dry,Straight,Level,Lowest,No
23066,36,New York,360516,0,1,1,0,1,HEMPSTEAD,July,1,Saturday,23,44,Urban,High Speed (Arterial),Yes,40.68346111,-73.68746667,Non-Intersection,Dark - Lighted,Cloudy,11:00pm-11:59pm,56,11:00pm-11:59pm,56,Not Applicable (Not Transported),Not Applicable (Not Transported),1,Dark - Lighted,Reduced Visibility,1,0,['Driver'],['None_Used'],1,1,Valid,0.0,0.0,38.0,38.0,['Male'],1,0,5,4,3,Dry,Straight,Grade/Hillcrest,Lowest,No
23067,36,New York,360517,0,1,1,0,4,RIVERHEAD,July,4,Tuesday,8,12,Urban,High Speed (Arterial),Yes,40.92154167,-72.72051944,Non-Intersection,Daylight,Cloudy,Unknown,Unknown,Unknown EMS Scene Arrival Hour,Unknown EMS Scene Arrival Minutes,Unknown,Unknown EMS Hospital Arrival Time,1,Daylight,Reduced Visibility,1,3,['Rear_Seat'],['None_Used'],0,0,Invalid,0.0,0.0,44.0,44.0,['Male'],4,0,3,1,3,Dry,Curve,Level,Lowest,No
23068,36,New York,360518,0,1,1,0,1,SYRACUSE,July,23,Sunday,11,34,Urban,High Speed (Arterial),Yes,43.05159722,-76.14856389,Non-Intersection,Daylight,Clear,11:00am-11:59am,34,11:00am-11:59am,45,Not Applicable (Not Transported),Not Applicable (Not Transported),1,Daylight,Clear,1,0,['Driver'],['None_Used'],1,1,Valid,1.0,0.0,37.0,37.0,['Male'],0,0,5,1,2,Dry,Straight,Level,Lowest,No
23069,36,New York,360519,0,1,1,0,1,HONEOYE FALLS,July,29,Saturday,4,50,Rural,Medium Speed (Collector),No,43.01486111,-77.58466944,Non-Intersection,Dark - Not Lighted,Clear,4:00am-4:59am,50,5:00am-5:59am,2,Not Applicable (Not Transported),Not Applicable (Not Transported),1,Dark - Unlighted,Clear,1,0,['Driver'],['None_Used'],0,0,Valid,1.0,1.0,20.0,20.0,['Male'],1,0,3,4,3,Dry,Curve,Grade/Hillcrest,Lowest,No
23070,36,New York,360520,0,1,1,0,1,MIDDLETOWN,July,31,Monday,16,45,Rural,High Speed (Arterial),Yes,41.40439167,-74.47199167,Non-Intersection,Daylight,Clear,4:00pm-4:59pm,51,5:00pm-5:59pm,3,Not Applicable (Not Transported),Not Applicable (Not Transported),1,Daylight,Clear,1,0,['Driver'],['None_Used'],0,0,Valid,1.0,1.0,23.0,23.0,['Male'],0,0,5,4,3,Dry,Straight,Level,Lowest,No
23071,36,New York,360521,0,1,1,0,1,ADDISON,August,1,Tuesday,18,39,Rural,Low Speed (Local),No,42.13773056,-77.20294167,Non-Intersection,Daylight,Clear,6:00pm-6:59pm,40,6:00pm-6:59pm,48,Not Applicable (Not Transported),Not Applicable (Not Transported),1,Daylight,Clear,1,0,['Driver'],['None_Used'],0,0,Invalid,1.0,1.0,56.0,56.0,['Male'],0,0,5,1,3,Dry,Curve,Grade/Hillcrest,Lowest,No
23072,36,New York,360522,0,1,1,0,2,LISBON,August,3,Thursday,22,26,Rural,Low Speed (Local),No,44.67126111,-75.385525,Complex/Circle,Dark - Not Lighted,Clear,10:00pm-10:59pm,26,11:00pm-11:59pm,35,Not Applicable (Not Transported),Not Applicable (Not Transported),1,Dark - Unlighted,Clear,1,1,['Front_Passenger'],['Shoulder_Lapbelt'],1,1,Valid,0.0,0.0,38.0,38.0,['Male'],0,0,3,1,3,Dry,Straight,Level,Lowest,No
23073,36,New York,360524,0,2,2,0,2,MALTA,June,30,Friday,15,47,Urban,High Speed (Arterial),Yes,43.02646944,-73.7924,Complex/Circle,Daylight,Clear,Unknown,Unknown,Unknown EMS Scene Arrival Hour,Unknown EMS Scene Arrival Minutes,Unknown,Unknown EMS Hospital Arrival Time,1,Daylight,Clear,1,1,['Driver'],['None_Used'],0,0,Invalid,2.0,1.0,45.0,31.0,"['Male', 'Male']",0,0,5,4,5,Wet/Standing Water,Straight,Level,Lowest,No
23074,36,New York,360525,0,1,1,0,1,HEMPSTEAD,July,10,Monday,17,36,Urban,High Speed (Arterial),Yes,40.64225556,-73.509725,Non-Intersection,Daylight,Clear,5:00pm-5:59pm,43,5:00pm-5:59pm,45,6:00pm-6:59pm,12,1,Daylight,Clear,1,0,['Driver'],['None_Used'],0,0,Valid,4.0,3.0,30.0,30.0,['Male'],1,0,5,4,2,Dry,Curve,Level,Lowest,No
23075,36,New York,360526,0,1,1,0,1,ROCHESTER,July,22,Saturday,1,7,Urban,Medium Speed (Collector),No,43.18458056,-77.5839,Non-Intersection,Dark - Lighted,Clear,1:00am-1:59am,7,1:00am-1:59am,14,Not Applicable (Not Transported),Not Applicable (Not Transported),1,Dark - Lighted,Clear,1,0,['Driver'],['None_Used'],1,1,Valid,4.0,0.0,31.0,31.0,['Male'],1,0,3,4,3,Dry,Curve,Level,Lowest,No
23076,36,New York,360527,0,1,1,0,2,MOHAWK,July,29,Saturday,0,45,Urban,Low Speed (Local),No,43.00100278,-75.02415,Non-Intersection,Dark - Not Lighted,Clear,0:00am-0:59am,45,0:00am-0:59am,50,Not Applicable (Not Transported),Not Applicable (Not Transported),2,Dark - Unlighted,Clear,2,0,"['Driver', 'Front_Passenger']","['Shoulder_Lapbelt', 'Shoulder_Lapbelt']",0,0,Valid,0.0,0.0,31.0,31.0,['Male'],2,0,2,4,3,Dry,Curve,Grade/Hillcrest,Lowest,No
23077,36,New York,360528,1,1,1,0,1,MIDDLE VILLAGE,July,29,Saturday,4,55,Urban,Medium Speed (Collector),No,40.72566111,-73.87258889,Non-Intersection,Dark - Lighted,Clear,Unknown,Unknown,Unknown EMS Scene Arrival Hour,Unknown EMS Scene Arrival Minutes,Unknown,Unknown EMS Hospital Arrival Time,1,Dark - Lighted,Clear,0,1,[],[],0,0,Invalid,0.0,0.0,48.0,48.0,['Male'],0,0,3,1,4,Dry,Straight,Level,Lowest,No
23078,36,New York,360529,0,1,1,0,1,CORTLAND,August,26,Saturday,15,21,Urban,High Speed (Arterial),Yes,99.9999,999.9999,Non-Intersection,Daylight,Clear,3:00pm-3:59pm,21,3:00pm-3:59pm,21,Unknown,Unknown EMS Hospital Arrival Time,1,Daylight,Clear,1,0,['Driver'],['None_Used'],1,1,Valid,1.0,0.0,63.0,63.0,['Female'],0,0,5,1,2,Dry,Curve,Level,Medium,No
23079,36,New York,360530,0,1,1,0,1,GARDINER,August,5,Saturday,18,6,Rural,Medium Speed (Collector),No,41.63506667,-74.19076944,Non-Intersection,Daylight,Cloudy,6:00pm-6:59pm,6,6:00pm-6:59pm,15,Not Applicable (Not Transported),Not Applicable (Not Transported),1,Daylight,Reduced Visibility,1,0,['Driver'],['Shoulder_Lapbelt'],1,1,Valid,0.0,0.0,31.0,31.0,['Female'],0,0,3,4,3,Dry,Curve,Grade/Hillcrest,Lowest,No
23080,36,New York,360531,0,3,2,1,4,HAMBURG,August,5,Saturday,14,35,Urban,Medium Speed (Collector),No,42.71448056,-78.86345278,Non-Intersection,Daylight,Clear,2:00pm-2:59pm,33,2:00pm-2:59pm,45,3:00pm-3:59pm,18,1,Daylight,Clear,1,3,['Driver'],['None_Used'],0,0,Valid,0.0,0.0,70.0,42.0,"['Male', 'Male']",0,0,5,1,5,Dry,Straight,Level,Lowest,No
23081,36,New York,360532,0,1,1,0,1,CARMEL,August,30,Wednesday,16,4,Rural,Medium Speed (Collector),No,41.42904444,-73.7014,Non-Intersection,Daylight,Clear,4:00pm-4:59pm,4,4:00pm-4:59pm,6,4:00pm-4:59pm,35,1,Daylight,Clear,1,0,['Driver'],['Shoulder_Lapbelt'],0,0,Valid,1.0,0.0,36.0,36.0,['Male'],1,0,3,4,3,Dry,Straight,Level,Lowest,No
23082,36,New York,360533,0,2,2,0,4,AVOCA,August,6,Sunday,14,30,Rural,Medium Speed (Collector),No,42.39617778,-77.41119444,Simple Junction,Daylight,Clear,2:00pm-2:59pm,31,2:00pm-2:59pm,34,Unknown,Unknown EMS Hospital Arrival Time,1,Daylight,Clear,1,3,['Driver'],['Shoulder_Lapbelt'],0,0,Valid,1.0,0.0,51.0,26.0,"['Male', 'Male']",2,0,3,4,5,Dry,Straight,Level,Lowest,No
23083,36,New York,360534,0,1,1,0,1,NEW YORK CITY,September,4,Monday,2,43,Urban,High Speed (Arterial),Yes,40.87693611,-73.81828889,Non-Intersection,Dark - Lighted,Clear,2:00am-2:59am,45,2:00am-2:59am,50,Not Applicable (Not Transported),Not Applicable (Not Transported),1,Dark - Lighted,Clear,1,0,['Driver'],['None_Used'],0,0,Valid,0.0,0.0,49.0,49.0,['Male'],1,0,2,4,3,Dry,Straight,Level,Lowest,No
23084,36,New York,360535,0,1,1,0,1,PANAMA,September,4,Monday,23,32,Rural,Medium Speed (Collector),No,42.04142222,-79.49952778,Non-Intersection,Dark - Not Lighted,Clear,11:00pm-11:59pm,53,0:00am-0:59am,50,Not Applicable (Not Transported),Not Applicable (Not Transported),1,Dark - Unlighted,Clear,1,0,['Driver'],['None_Used'],1,1,Valid,0.0,0.0,27.0,27.0,['Male'],0,0,3,4,3,Dry,Straight,Level,Lowest,No
23085,36,New York,360536,0,3,2,1,2,Other,August,6,Sunday,2,4,Urban,Low Speed (Local),No,40.68435278,-73.73256944,Simple Junction,Dark - Lighted,Clear,Unknown,Unknown,Unknown EMS Scene Arrival Hour,Unknown EMS Scene Arrival Minutes,Unknown,Unknown EMS Hospital Arrival Time,1,Dark - Lighted,Clear,1,1,['Driver'],['None_Used'],0,0,Invalid,3.0,1.0,34.0,33.0,"['Male', 'Female']",0,0,5,1,5,Dry,Straight,Level,Lowest,No
23086,36,New York,360537,0,1,1,0,1,HYDE PARK,July,11,Tuesday,3,40,Rural,Medium Speed (Collector),No,99.9999,999.9999,Non-Intersection,Dark - Not Lighted,Cloudy,3:00am-3:59am,40,3:00am-3:59am,54,4:00am-4:59am,20,1,Dark - Unlighted,Reduced Visibility,1,0,['Driver'],['None_Used'],1,1,Valid,0.0,0.0,31.0,31.0,['Male'],0,0,5,1,3,Dry,Curve,Level,Lowest,No
23087,36,New York,360538,0,2,2,0,3,LLOYD,August,6,Sunday,4,41,Urban,High Speed (Arterial),Yes,41.69703333,-73.96758333,Non-Intersection,Dark - Lighted,Clear,4:00am-4:59am,44,4:00am-4:59am,52,5:00am-5:59am,13,1,Dark - Lighted,Clear,1,2,['Front_Passenger'],['Shoulder_Lapbelt'],0,0,Valid,3.0,0.0,50.0,21.0,"['Male', 'Male']",0,0,3,1,5,Dry,Curve,Grade/Hillcrest,Lowest,No
23088,36,New York,360539,0,1,1,0,1,WEST SENECA,September,9,Saturday,0,54,Urban,High Speed (Arterial),Yes,42.84529444,-78.77424167,Non-Intersection,Dark - Not Lighted,Clear,0:00am-0:59am,54,0:00am-0:59am,59,Not Applicable (Not Transported),Not Applicable (Not Transported),1,Dark - Unlighted,Clear,1,0,['Driver'],['None_Used'],0,0,Invalid,0.0,0.0,37.0,37.0,['Female'],0,0,5,1,2,Dry,Straight,Level,Lowest,No
23089,36,New York,360541,0,1,1,0,1,PLATTSBURGH,August,6,Sunday,4,46,Urban,Medium Speed (Collector),No,44.67113889,-73.50731667,Non-Intersection,Dark - Lighted,Clear,4:00am-4:59am,46,4:00am-4:59am,56,Not Applicable (Not Transported),Not Applicable (Not Transported),1,Dark - Lighted,Clear,1,0,['Driver'],['None_Used'],0,0,Invalid,2.0,1.0,38.0,38.0,['Female'],0,0,2,1,3,Dry,Straight,Level,Lowest,No
23090,36,New York,360542,2,2,2,0,4,HEMPSTEAD,August,7,Monday,2,17,Urban,High Speed (Arterial),Yes,40.70495833,-73.64334444,Non-Intersection,Dark - Lighted,Cloudy,2:00am-2:59am,22,2:00am-2:59am,25,2:00am-2:59am,37,1,Dark - Lighted,Reduced Visibility,1,3,['Rear_Seat'],['Shoulder_Lapbelt'],1,1,Invalid,2.0,0.0,23.0,18.0,"['Male', 'Male']",0,0,3,1,5,Dry,Straight,Level,Lowest,No
23091,36,New York,360543,0,1,1,0,1,MILLPORT,August,14,Monday,7,25,Urban,Medium Speed (Collector),No,42.23014444,-76.82806667,Non-Intersection,Daylight,Cloudy,7:00am-7:59am,25,7:00am-7:59am,35,Not Applicable (Not Transported),Not Applicable (Not Transported),1,Daylight,Reduced Visibility,1,0,['Driver'],['None_Used'],0,0,Valid,1.0,0.0,45.0,45.0,['Male'],0,0,5,1,1,Dry,Straight,Grade/Hillcrest,Lowest,No
23092,36,New York,360544,0,2,2,0,3,PEMBROKE,August,10,Thursday,15,38,Rural,Medium Speed (Collector),No,42.99353889,-78.38688056,Non-Intersection,Daylight,Rain,3:00pm-3:59pm,38,3:00pm-3:59pm,46,Unknown,Unknown EMS Hospital Arrival Time,1,Daylight,Rain/Wind/Minor,1,2,['Driver'],['Shoulder_Lapbelt'],0,0,Valid,1.0,1.0,66.0,34.0,"['Female', 'Male']",0,0,3,1,5,Wet/Standing Water,Straight,Grade/Hillcrest,Lowest,Yes
23093,36,New York,360545,0,1,1,0,1,NEW YORK CITY,August,23,Wednesday,1,23,Urban,High Speed (Arterial),Yes,40.85933333,-73.89872222,Complex/Circle,Dark - Lighted,Clear,Unknown,Unknown,Unknown EMS Scene Arrival Hour,Unknown EMS Scene Arrival Minutes,Unknown,Unknown EMS Hospital Arrival Time,1,Dark - Lighted,Clear,1,0,['Driver'],['None_Used'],1,1,Invalid,2.0,0.0,23.0,23.0,['Male'],0,0,5,1,3,Dry,Straight,Level,Lowest,No
23094,36,New York,360546,0,1,1,0,1,NEWBURGH,August,10,Thursday,23,4,Urban,High Speed (Arterial),Yes,41.57352778,-73.99026111,Non-Intersection,Dark - Lighted,Clear,11:00pm-11:59pm,4,11:00pm-11:59pm,15,11:00pm-11:59pm,40,1,Dark - Lighted,Clear,1,0,['Driver'],['Shoulder_Lapbelt'],0,0,Valid,0.0,0.0,66.0,66.0,['Male'],0,0,2,1,3,Dry,Straight,Level,Lowest,No
23095,36,New York,360547,1,1,1,0,1,MIDDLE VILLAGE,July,30,Sunday,18,1,Urban,Low Speed (Local),No,40.74468056,-73.89596944,Complex/Circle,Daylight,Clear,Unknown,Unknown,Unknown EMS Scene Arrival Hour,Unknown EMS Scene Arrival Minutes,Unknown,Unknown EMS Hospital Arrival Time,1,Daylight,Clear,0,1,[],[],0,0,Valid,0.0,0.0,67.0,67.0,['Female'],0,0,3,1,4,Dry,Straight,Level,Lowest,No
23096,36,New York,360548,0,2,2,0,3,LAUREL HOLLOW,August,12,Saturday,0,29,Urban,High Speed (Arterial),Yes,40.85700833,-73.46878056,Non-Intersection,Dark - Lighted,Clear,0:00am-0:59am,32,0:00am-0:59am,41,Unknown,Unknown EMS Hospital Arrival Time,2,Dark - Lighted,Clear,2,1,"['Driver', 'Front_Passenger']","['Shoulder_Lapbelt', 'Shoulder_Lapbelt']",1,2,Valid,0.0,1.0,37.0,32.0,"['Male', 'Male']",1,0,3,1,5,Dry,Curve,Grade/Hillcrest,Lowest,No
23097,36,New York,360549,1,1,1,0,2,WAPPINGERS FALLS,August,18,Friday,21,0,Urban,High Speed (Arterial),Yes,41.59821389,-73.91121944,Complex/Circle,Dark - Lighted,Clear,9:00pm-9:59pm,3,9:00pm-9:59pm,9,9:00pm-9:59pm,38,1,Dark - Lighted,Clear,0,2,[],[],0,0,Valid,0.0,0.0,26.0,26.0,['Male'],0,0,2,1,4,Dry,Straight,Grade/Hillcrest,Lowest,No
23098,36,New York,360550,0,2,2,0,4,PIKE,August,13,Sunday,10,15,Rural,Medium Speed (Collector),No,42.56486111,-78.1414,Complex/Circle,Daylight,Cloudy,10:00am-10:59am,14,10:00am-10:59am,21,Unknown,Unknown EMS Hospital Arrival Time,1,Daylight,Reduced Visibility,1,3,['Driver'],['Shoulder_Lapbelt'],0,0,Valid,0.0,0.0,75.0,29.0,"['Female', 'Male']",0,0,3,4,5,Dry,Straight,Level,Lowest,No
23099,36,New York,360551,0,2,2,0,3,NEW HARTFORD,August,13,Sunday,14,26,Urban,High Speed (Arterial),Yes,43.08351111,-75.33374444,Non-Intersection,Daylight,Clear,2:00pm-2:59pm,27,2:00pm-2:59pm,31,3:00pm-3:59pm,0,1,Daylight,Clear,1,2,['Driver'],['Shoulder_Lapbelt'],0,0,Valid,2.0,0.0,75.0,64.0,"['Male', 'Female']",2,0,3,1,5,Dry,Straight,Grade/Hillcrest,Lowest,No
23100,36,New York,360552,1,1,1,0,2,LACKAWANNA,August,19,Saturday,23,32,Urban,High Speed (Arterial),Yes,42.82224444,-78.84906944,Non-Intersection,Dark - Lighted,Clear,11:00pm-11:59pm,32,11:00pm-11:59pm,37,Not Applicable (Not Transported),Not Applicable (Not Transported),1,Dark - Lighted,Clear,0,2,[],[],0,0,Valid,0.0,0.0,21.0,21.0,['Female'],0,0,2,1,4,Dry,Straight,Level,Lowest,No
23101,36,New York,360553,1,1,1,0,1,NEW YORK CITY,August,21,Monday,6,43,Urban,Low Speed (Local),No,40.71921944,-73.94067778,Complex/Circle,Dawn,Clear,Unknown,Unknown,Unknown EMS Scene Arrival Hour,Unknown EMS Scene Arrival Minutes,Unknown,Unknown EMS Hospital Arrival Time,1,Twilight,Clear,0,1,[],[],0,0,Valid,0.0,0.0,28.0,28.0,['Male'],0,0,1,1,4,Dry,Straight,Level,Lowest,No
23102,36,New York,360554,0,2,2,0,2,OYSTER BAY,August,13,Sunday,11,34,Urban,Medium Speed (Collector),No,40.783225,-73.47283056,Non-Intersection,Daylight,Clear,11:00am-11:59am,36,11:00am-11:59am,39,12:00pm-12:59pm,4,1,Daylight,Clear,1,1,['Driver'],['Shoulder_Lapbelt'],0,0,Valid,2.0,1.0,44.0,24.0,"['Male', 'Male']",0,0,3,1,5,Dry,Straight,Non-Trafficway,Lowest,No