,State_Code,State_Name,Crash_ID,Count_Non_Motorists,Count_Vehicles_Total,Count_Vehicle_Forms,Count_PVH_Involved,Count_Occupants_MV,City_Name,Month_Name,Day_of_Month,Day_of_Week,Crash_Hour,Crash_Minute,Area_Rural_Urban,Road_Functional_Class,On_NHS_Road,Latitude,Longitude,Intersection_Type,Light_Condition,Weather_Condition,Notif_Hour,Notif_Minute,Arrival_Hour,Arrival_Minute,Hospital_Hour,Hospital_Minute,Fatalities_Count,Clean_Light_Condition,Clean_Weather_Condition,Total_Killed,Total_Alive,Fatal_Seats_List,Killed_Restraint_List,Any_Driver_Drinking,Total_Drinking_Drivers,Driver_License_Category,Driver_Max_Prev_Accident_Count,Driver_Max_Prev_Speeding_Count,Max_Driver_Age,Min_Driver_Age,Driver_Sex_List,Total_Exceeding_Limit_Vehicles,Total_Too_Fast_Vehicles,Max_Vehicle_Type_Severity_5,Max_Vehicle_Damage_Rank,Max_Harmful_Event_Severity,Crash_Road_Surface_Condition,Crash_Horizontal_Alignment,Crash_Vertical_Profile,Crash_Impairment_Category,Crash_Vehicle_Defect
23103,36,New York,360555,0,3,2,1,3,Other,August,16,Wednesday,22,7,Urban,High Speed (Arterial),Yes,40.71513056,-73.90126944,Non-Intersection,Dark - Lighted,Clear,Unknown,Unknown,Unknown EMS Scene Arrival Hour,Unknown EMS Scene Arrival Minutes,Unknown,Unknown EMS Hospital Arrival Time,1,Dark - Lighted,Clear,1,2,['Driver'],['None_Used'],1,1,Invalid,0.0,0.0,52.0,29.0,"['Male', 'Male']",1,0,5,1,5,Dry,Straight,Level,Lowest,No
23104,36,New York,360556,0,3,3,0,3,NEW YORK CITY,August,17,Thursday,9,24,Urban,Medium Speed (Collector),No,40.84013889,-73.91745,Non-Intersection,Daylight,Cloudy,Unknown,Unknown,Unknown EMS Scene Arrival Hour,Unknown EMS Scene Arrival Minutes,Not Applicable (Not Transported),Not Applicable (Not Transported),1,Daylight,Reduced Visibility,1,2,['Driver'],['None_Used'],0,0,Invalid,1.0,0.0,42.0,26.0,"['Male', 'Male', 'Male']",1,0,5,1,5,Dry,Straight,Level,Lowest,No
23105,36,New York,360557,1,1,1,0,1,HEMPSTEAD,August,22,Tuesday,22,31,Urban,Medium Speed (Collector),No,40.70398333,-73.62079167,Simple Junction,Dark - Lighted,Clear,10:00pm-10:59pm,33,10:00pm-10:59pm,35,Unknown,Unknown EMS Hospital Arrival Time,1,Dark - Lighted,Clear,0,1,[],[],0,0,Valid,1.0,1.0,76.0,76.0,['Male'],0,0,2,1,4,Dry,Straight,Level,Lowest,No
23106,36,New York,360558,1,1,1,0,3,NIAGARA FALLS,August,17,Thursday,13,25,Urban,High Speed (Arterial),Yes,43.09035833,-78.9676,Complex/Circle,Daylight,Clear,1:00pm-1:59pm,27,1:00pm-1:59pm,30,2:00pm-2:59pm,19,1,Daylight,Clear,0,3,[],[],0,0,Valid,0.0,0.0,28.0,28.0,['Female'],0,0,3,1,4,Dry,Straight,Level,Lowest,No
23107,36,New York,360559,1,1,1,0,1,WEBSTER,August,22,Tuesday,18,39,Urban,Medium Speed (Collector),No,43.23039722,-77.47631667,Simple Junction,Daylight,Clear,6:00pm-6:59pm,39,6:00pm-6:59pm,50,7:00pm-7:59pm,24,1,Daylight,Clear,0,1,[],[],1,1,Valid,2.0,0.0,36.0,36.0,['Male'],0,0,2,1,4,Dry,Straight,Level,Lowest,No
23108,36,New York,360560,1,1,1,0,1,FARMINGTON,August,18,Friday,19,24,Rural,High Speed (Arterial),Yes,42.98959167,-77.31996389,Non-Intersection,Daylight,Cloudy,Unknown,Unknown,Unknown EMS Scene Arrival Hour,Unknown EMS Scene Arrival Minutes,Not Applicable (Not Transported),Not Applicable (Not Transported),1,Daylight,Reduced Visibility,0,1,[],[],0,0,Valid,0.0,0.0,59.0,59.0,['Male'],0,0,4,1,4,Dry,Straight,Level,Lowest,No
23109,36,New York,360561,0,2,2,0,2,MASSENA,August,7,Monday,17,28,Urban,Medium Speed (Collector),No,44.93254167,-74.87362778,Complex/Circle,Daylight,Cloudy,Unknown,Unknown,Unknown EMS Scene Arrival Hour,Unknown EMS Scene Arrival Minutes,Unknown,Unknown EMS Hospital Arrival Time,1,Daylight,Reduced Visibility,1,1,['Driver'],['Shoulder_Lapbelt'],0,0,Valid,2.0,1.0,76.0,23.0,"['Female', 'Male']",0,0,3,1,5,Dry,Straight,Level,Lowest,No
23110,36,New York,360562,0,2,2,0,5,NEW YORK CITY,August,18,Friday,3,22,Urban,High Speed (Arterial),Yes,40.68973611,-73.99235,Complex/Circle,Dark - Lighted,Clear,Unknown,Unknown,Unknown EMS Scene Arrival Hour,Unknown EMS Scene Arrival Minutes,Unknown,Unknown EMS Hospital Arrival Time,1,Dark - Lighted,Clear,1,4,['Front_Passenger'],['Shoulder_Lapbelt'],1,1,Valid,0.0,0.0,32.0,25.0,"['Male', 'Female']",2,0,2,1,5,Dry,Straight,Level,Lowest,No
23111,36,New York,360563,1,1,1,0,1,MIDDLE VILLAGE,August,26,Saturday,3,20,Urban,High Speed (Arterial),Yes,40.73453611,-73.86221111,Non-Intersection,Dark - Lighted,Cloudy,Unknown,Unknown,Unknown EMS Scene Arrival Hour,Unknown EMS Scene Arrival Minutes,Unknown,Unknown EMS Hospital Arrival Time,1,Dark - Lighted,Reduced Visibility,0,1,[],[],0,0,Valid,0.0,0.0,70.0,70.0,['Female'],0,0,3,1,4,Dry,Straight,Level,Lowest,No
23112,36,New York,360564,0,2,2,0,3,CUDDEBACKVILLE,August,19,Saturday,18,55,Urban,High Speed (Arterial),Yes,41.45498056,-74.60193611,Complex/Circle,Daylight,Cloudy,7:00pm-7:59pm,0,7:00pm-7:59pm,25,8:00pm-8:59pm,0,1,Daylight,Reduced Visibility,1,2,['Driver'],['None_Used'],0,0,Valid,2.0,0.0,54.0,50.0,"['Male', 'Male']",0,0,5,4,5,Dry,Straight,Level,Lowest,No
23113,36,New York,360565,0,2,2,0,2,BRUNSWICK,August,9,Wednesday,13,35,Urban,High Speed (Arterial),Yes,42.75190278,-73.62810278,Simple Junction,Daylight,Cloudy,1:00pm-1:59pm,36,1:00pm-1:59pm,44,2:00pm-2:59pm,19,1,Daylight,Reduced Visibility,1,1,['Driver'],['None_Used'],0,0,Valid,0.0,0.0,28.0,26.0,"['Male', 'Male']",1,0,5,4,5,Dry,Straight,Level,Lowest,No
23114,36,New York,360566,1,2,2,0,2,HAMBURG,August,20,Sunday,22,21,Urban,High Speed (Arterial),Yes,42.74649722,-78.82501667,Simple Junction,Dark - Lighted,Cloudy,10:00pm-10:59pm,21,10:00pm-10:59pm,23,11:00pm-11:59pm,4,1,Dark - Lighted,Reduced Visibility,0,2,[],[],0,0,Valid,1.0,0.0,64.0,33.0,"['Female', 'Male']",0,0,3,1,4,Dry,Curve,Level,Lowest,No
23115,36,New York,360567,0,2,2,0,3,NEW YORK CITY,August,21,Monday,14,9,Urban,Medium Speed (Collector),No,40.83156389,-73.85395,Non-Intersection,Daylight,Clear,2:00pm-2:59pm,9,Unknown EMS Scene Arrival Hour,Unknown EMS Scene Arrival Minutes,Unknown,Unknown EMS Hospital Arrival Time,1,Daylight,Clear,1,2,['Driver'],['None_Used'],0,0,Valid,1.0,0.0,32.0,22.0,"['Male', 'Male']",3,0,5,4,5,Dry,Straight,Level,Lowest,No
23116,36,New York,360568,0,2,2,0,3,LEWISTON,June,9,Friday,12,37,Urban,High Speed (Arterial),Yes,43.19250556,-79.01768333,Complex/Circle,Daylight,Clear,12:00pm-12:59pm,38,12:00pm-12:59pm,45,Unknown,Unknown EMS Hospital Arrival Time,1,Daylight,Clear,1,2,['Driver'],['None_Used'],0,0,Valid,0.0,1.0,52.0,20.0,"['Female', 'Male']",0,0,5,4,5,Dry,Straight,Level,Lowest,No
23117,36,New York,360569,0,2,1,1,1,BUFFALO,June,27,Tuesday,13,50,Urban,Low Speed (Local),No,42.86947778,-78.83970833,Non-Intersection,Daylight,Cloudy,1:00pm-1:59pm,50,2:00pm-2:59pm,2,2:00pm-2:59pm,23,1,Daylight,Reduced Visibility,1,0,['Driver'],['None_Used'],0,0,Invalid,0.0,0.0,51.0,51.0,['Male'],1,0,3,1,1,Dry,Straight,Level,Lowest,Yes
23118,36,New York,360570,0,2,2,0,2,BAY SHORE,April,20,Thursday,20,20,Urban,Medium Speed (Collector),No,40.72853333,-73.23871667,Complex/Circle,Dark - Lighted,Clear,8:00pm-8:59pm,20,8:00pm-8:59pm,23,8:00pm-8:59pm,40,1,Dark - Lighted,Clear,1,1,['Driver'],['None_Used'],0,0,Valid,4.0,0.0,66.0,40.0,"['Male', 'Male']",0,0,5,1,5,Dry,Straight,Level,Lowest,No
23119,36,New York,360572,1,1,1,0,1,WEST BABYLON,February,14,Tuesday,3,15,Urban,Medium Speed (Collector),No,40.69315833,-73.35110278,Non-Intersection,Dark - Not Lighted,Clear,Unknown,Unknown,Unknown EMS Scene Arrival Hour,Unknown EMS Scene Arrival Minutes,Not Applicable (Not Transported),Not Applicable (Not Transported),1,Dark - Unlighted,Clear,0,1,[],[],0,0,Valid,3.0,0.0,32.0,32.0,['Male'],0,0,2,1,4,Dry,Straight,Level,Lowest,No
23120,36,New York,360573,0,1,1,0,3,LAKE LUZERNE,July,4,Tuesday,13,35,Rural,Medium Speed (Collector),No,43.33304722,-73.83964444,Non-Intersection,Daylight,Clear,Unknown,Unknown,Unknown EMS Scene Arrival Hour,Unknown EMS Scene Arrival Minutes,Unknown,Unknown EMS Hospital Arrival Time,1,Daylight,Clear,1,2,['Rear_Seat'],['Shoulder_Lapbelt'],0,0,Valid,0.0,0.0,77.0,77.0,['Male'],0,0,3,1,3,Dry,Straight,Level,Medium,No
23121,36,New York,360574,0,1,1,0,2,RAMAPO,July,30,Sunday,10,22,Urban,High Speed (Arterial),Yes,99.9999,999.9999,Non-Intersection,Daylight,Cloudy,Unknown,Unknown,Unknown EMS Scene Arrival Hour,Unknown EMS Scene Arrival Minutes,Unknown,Unknown EMS Hospital Arrival Time,1,Daylight,Reduced Visibility,1,1,['Driver'],['Shoulder_Lapbelt'],0,0,Valid,0.0,0.0,47.0,47.0,['Male'],2,0,2,4,3,Dry,Curve,Grade/Hillcrest,Lowest,No
23122,36,New York,360575,0,1,1,0,1,BOLTON,September,3,Sunday,12,26,Rural,Medium Speed (Collector),No,43.5797,-73.730275,Non-Intersection,Daylight,Clear,12:00pm-12:59pm,26,12:00pm-12:59pm,33,Not Applicable (Not Transported),Not Applicable (Not Transported),1,Daylight,Clear,1,0,['Driver'],['Shoulder_Lapbelt'],0,0,Valid,1.0,0.0,23.0,23.0,['Female'],0,0,3,1,4,Dry,Curve,Level,Lowest,No
23123,36,New York,360576,0,1,1,0,2,BROADALBIN,September,6,Wednesday,17,41,Rural,Low Speed (Local),No,43.07744167,-74.20040556,Non-Intersection,Daylight,Clear,5:00pm-5:59pm,41,5:00pm-5:59pm,51,6:00pm-6:59pm,33,1,Daylight,Clear,1,1,['Front_Passenger'],['None_Used'],0,0,Valid,0.0,0.0,17.0,17.0,['Female'],2,0,3,1,3,Dry,Curve,Level,Lowest,No
23124,36,New York,360577,0,1,1,0,1,NEW YORK CITY,September,14,Thursday,20,51,Urban,Low Speed (Local),No,40.615325,-73.90574444,Non-Intersection,Dark - Lighted,Clear,Unknown,Unknown,Unknown EMS Scene Arrival Hour,Unknown EMS Scene Arrival Minutes,Not Applicable (Not Transported),Not Applicable (Not Transported),1,Dark - Lighted,Clear,1,0,['Driver'],['None_Used'],0,0,Valid,0.0,0.0,53.0,53.0,['Male'],0,0,5,1,0,Dry,Straight,Level,Lowest,No
23125,36,New York,360578,1,1,1,0,2,NEW YORK CITY,September,3,Sunday,20,1,Urban,High Speed (Arterial),Yes,40.66892778,-73.93391667,Complex/Circle,Dark - Lighted,Clear,Unknown,Unknown,Unknown EMS Scene Arrival Hour,Unknown EMS Scene Arrival Minutes,Unknown,Unknown EMS Hospital Arrival Time,1,Dark - Lighted,Clear,0,2,[],[],0,0,Valid,0.0,0.0,19.0,19.0,['Male'],0,0,3,1,4,Dry,Straight,Level,Lowest,No
23126,36,New York,360579,1,2,1,1,1,ROCHESTER,September,5,Tuesday,1,11,Urban,Low Speed (Local),No,43.17931667,-77.64841667,Simple Junction,Dark - Lighted,Clear,1:00am-1:59am,11,1:00am-1:59am,16,Not Applicable (Not Transported),Not Applicable (Not Transported),1,Dark - Lighted,Clear,0,1,[],[],1,1,Valid,0.0,0.0,53.0,53.0,['Male'],0,0,3,1,4,Dry,Straight,Level,Lowest,No
23127,36,New York,360580,1,1,1,0,1,NEW YORK,September,8,Friday,10,50,Urban,High Speed (Arterial),Yes,40.71505833,-73.99268889,Complex/Circle,Daylight,Clear,10:00am-10:59am,45,Unknown EMS Scene Arrival Hour,Unknown EMS Scene Arrival Minutes,Unknown,Unknown EMS Hospital Arrival Time,1,Daylight,Clear,0,1,[],[],0,0,Valid,0.0,0.0,43.0,43.0,['Male'],0,0,1,1,4,Dry,Straight,Level,Lowest,No
23128,36,New York,360581,2,1,1,0,1,NEW YORK CITY,September,12,Tuesday,13,4,Urban,Medium Speed (Collector),No,40.59426667,-73.99086389,Complex/Circle,Daylight,Clear,1:00pm-1:59pm,4,Unknown EMS Scene Arrival Hour,Unknown EMS Scene Arrival Minutes,Unknown,Unknown EMS Hospital Arrival Time,1,Daylight,Clear,0,1,[],[],0,0,Valid,4.0,0.0,56.0,56.0,['Male'],0,0,3,1,4,Dry,Straight,Level,Lowest,No
23129,36,New York,360582,1,2,2,0,1,NEW YORK CITY,June,29,Thursday,0,49,Urban,High Speed (Arterial),Yes,99.9999,999.9999,Non-Intersection,Dark - Lighted,Clear,Unknown,Unknown,Unknown EMS Scene Arrival Hour,Unknown EMS Scene Arrival Minutes,Unknown,Unknown EMS Hospital Arrival Time,1,Dark - Lighted,Clear,0,1,[],[],0,0,Valid,0.0,0.0,21.0,21.0,['Female'],0,0,2,1,5,Dry,Straight,Level,Lowest,No
23130,36,New York,360583,0,2,2,0,4,BUFFALO,June,30,Friday,8,4,Urban,High Speed (Arterial),Yes,42.93583056,-78.84286667,Simple Junction,Daylight,Clear,8:00am-8:59am,4,8:00am-8:59am,11,Not Applicable (Not Transported),Not Applicable (Not Transported),1,Daylight,Clear,1,3,['Driver'],['Shoulder_Lapbelt'],0,0,Valid,0.0,0.0,36.0,20.0,"['Female', 'Male']",1,0,3,1,5,Dry,Straight,Level,Lowest,No
23131,36,New York,360584,0,2,2,0,4,LISBON,July,18,Tuesday,20,35,Rural,High Speed (Arterial),Yes,44.73291111,-75.42307222,Non-Intersection,Dark - Not Lighted,Cloudy,Unknown,Unknown,Unknown EMS Scene Arrival Hour,Unknown EMS Scene Arrival Minutes,Unknown,Unknown EMS Hospital Arrival Time,1,Dark - Unlighted,Reduced Visibility,1,3,['Driver'],['Shoulder_Lapbelt'],0,0,Invalid,1.0,0.0,51.0,37.0,"['Male', 'Male']",0,0,3,4,5,Dry,Straight,Level,Lowest,No
23132,36,New York,360585,0,2,1,1,1,JAMESTOWN,August,22,Tuesday,18,55,Urban,Low Speed (Local),No,42.10624167,-79.22551944,Non-Intersection,Daylight,Clear,6:00pm-6:59pm,55,6:00pm-6:59pm,59,7:00pm-7:59pm,11,1,Daylight,Clear,1,0,['Driver'],['None_Used'],0,0,Valid,0.0,0.0,20.0,20.0,['Male'],1,0,5,4,5,Dry,Straight,Grade/Hillcrest,Lowest,No
23133,36,New York,360586,0,2,2,0,4,BABYLON,July,16,Sunday,0,27,Urban,Medium Speed (Collector),No,40.75275833,-73.36604444,Non-Intersection,Dark - Lighted,Cloudy,0:00am-0:59am,30,Unknown EMS Scene Arrival Hour,Unknown EMS Scene Arrival Minutes,Unknown,Unknown EMS Hospital Arrival Time,1,Dark - Lighted,Reduced Visibility,1,3,['Front_Passenger'],['Shoulder_Lapbelt'],0,0,Valid,0.0,0.0,43.0,31.0,"['Female', 'Male']",0,0,3,1,5,Dry,Straight,Level,Lowest,No
23134,36,New York,360587,0,2,2,0,2,PALMYRA,August,24,Thursday,12,46,Urban,High Speed (Arterial),Yes,43.04076111,-77.14392222,Simple Junction,Daylight,Cloudy,12:00pm-12:59pm,46,12:00pm-12:59pm,46,Unknown,Unknown EMS Hospital Arrival Time,1,Daylight,Reduced Visibility,1,1,['Driver'],['None_Used'],0,0,Valid,0.0,0.0,89.0,47.0,"['Female', 'Female']",0,0,2,1,5,Dry,Straight,Level,Lowest,No
23135,36,New York,360588,0,2,2,0,4,MIDDLE VILLAGE,August,24,Thursday,2,16,Urban,High Speed (Arterial),Yes,40.77031111,-73.835,Non-Intersection,Dark - Lighted,Clear,Unknown,Unknown,Unknown EMS Scene Arrival Hour,Unknown EMS Scene Arrival Minutes,Unknown,Unknown EMS Hospital Arrival Time,2,Dark - Lighted,Clear,2,2,"['Driver', 'Driver']","['None_Used', 'Shoulder_Lapbelt']",0,0,Invalid,5.0,3.0,45.0,25.0,"['Male', 'Male']",0,0,3,4,5,Dry,Curve,Grade/Hillcrest,Lowest,No
23136,36,New York,360589,1,2,2,0,2,EAST PATCHOGUE,March,12,Sunday,4,0,Urban,High Speed (Arterial),Yes,40.76983889,-73.00733056,Non-Intersection,Dark - Lighted,Clear,4:00am-4:59am,2,4:00am-4:59am,5,Unknown,Unknown EMS Hospital Arrival Time,1,Dark - Lighted,Clear,0,0,[],[],0,0,Valid,0.0,0.0,72.0,19.0,"['Male', 'Male']",0,0,3,0,4,Dry,Straight,Level,Lowest,No
23137,36,New York,360591,0,2,2,0,3,MONTICELLO,September,6,Wednesday,20,15,Rural,Medium Speed (Collector),No,41.60916389,-74.71056389,Non-Intersection,Dark - Not Lighted,Clear,8:00pm-8:59pm,15,8:00pm-8:59pm,24,Unknown,Unknown EMS Hospital Arrival Time,1,Dark - Unlighted,Clear,1,2,['Driver'],['Shoulder_Lapbelt'],0,0,Valid,1.0,0.0,36.0,35.0,"['Male', 'Male']",0,0,2,4,5,Dry,Straight,Level,Lowest,No
23138,36,New York,360592,0,2,2,0,4,LAKE PLACID,August,29,Tuesday,20,6,Rural,Medium Speed (Collector),No,44.29661389,-74.00695833,Non-Intersection,Dark - Not Lighted,Clear,8:00pm-8:59pm,6,8:00pm-8:59pm,15,9:00pm-9:59pm,6,1,Dark - Unlighted,Clear,1,3,['Driver'],['None_Used'],0,0,Valid,0.0,0.0,75.0,19.0,"['Male', 'Female']",0,0,3,1,5,Wet/Standing Water,Curve,Level,Lowest,No
23139,36,New York,360593,4,1,1,0,1,YONKERS,June,11,Sunday,18,57,Urban,High Speed (Arterial),Yes,40.95834722,-73.88835,Non-Intersection,Daylight,Clear,Unknown,Unknown,Unknown EMS Scene Arrival Hour,Unknown EMS Scene Arrival Minutes,Unknown,Unknown EMS Hospital Arrival Time,1,Daylight,Clear,0,1,[],[],0,0,Valid,0.0,0.0,63.0,63.0,['Female'],1,0,2,1,4,Dry,Straight,Grade/Hillcrest,Lowest,No
23140,36,New York,360594,0,2,2,0,2,SOUTHAMPTON,June,8,Thursday,3,29,Urban,High Speed (Arterial),Yes,40.87372778,-72.60279167,Non-Intersection,Dark - Not Lighted,Clear,Unknown,Unknown,Unknown EMS Scene Arrival Hour,Unknown EMS Scene Arrival Minutes,Not Applicable (Not Transported),Not Applicable (Not Transported),1,Dark - Unlighted,Clear,1,1,['Driver'],['Shoulder_Lapbelt'],0,0,Valid,1.0,0.0,81.0,52.0,"['Male', 'Male']",0,0,3,4,5,Dry,Straight,Level,Lowest,No
23141,36,New York,360595,0,2,2,0,3,FELTS MILLS,August,31,Thursday,22,2,Rural,High Speed (Arterial),Yes,44.02016111,-75.76023611,Non-Intersection,Dark - Not Lighted,Clear,10:00pm-10:59pm,2,10:00pm-10:59pm,12,10:00pm-10:59pm,48,1,Dark - Unlighted,Clear,1,2,['Driver'],['None_Used'],0,0,Valid,3.0,0.0,45.0,38.0,"['Male', 'Male']",1,0,5,4,5,Dry,Curve,Grade/Hillcrest,Lowest,No
23142,36,New York,360596,2,1,1,0,1,MARGARETVILLE,August,2,Wednesday,18,51,Rural,Medium Speed (Collector),No,42.22768056,-74.69006944,Non-Intersection,Daylight,Clear,6:00pm-6:59pm,51,7:00pm-7:59pm,14,Unknown,Unknown EMS Hospital Arrival Time,1,Daylight,Clear,0,1,[],[],1,1,Valid,0.0,2.0,70.0,70.0,['Male'],0,0,3,1,4,Dry,Straight,Level,Lowest,No
23143,36,New York,360597,0,2,2,0,4,DANSVILLE,September,2,Saturday,16,0,Rural,Medium Speed (Collector),No,42.55340278,-77.688375,Non-Intersection,Daylight,Cloudy,4:00pm-4:59pm,0,4:00pm-4:59pm,5,Unknown,Unknown EMS Hospital Arrival Time,1,Daylight,Reduced Visibility,1,3,['Driver'],['None_Used'],0,0,Valid,1.0,0.0,32.0,27.0,"['Female', 'Male']",0,0,5,1,5,Dry,Straight,Non-Trafficway,Lowest,No
23144,36,New York,360598,0,2,2,0,2,LIVINGSTON,August,17,Thursday,16,5,Rural,High Speed (Arterial),Yes,42.13519722,-73.78669722,Non-Intersection,Daylight,Clear,4:00pm-4:59pm,5,4:00pm-4:59pm,7,Unknown,Unknown EMS Hospital Arrival Time,1,Daylight,Clear,1,1,['Driver'],['None_Used'],0,0,Valid,2.0,0.0,62.0,42.0,"['Male', 'Male']",0,0,3,4,5,Dry,Straight,Level,Lowest,No
23145,36,New York,360599,0,1,1,0,1,HANCOCK,August,28,Monday,4,29,Rural,High Speed (Arterial),Yes,41.97974444,-75.33842778,Non-Intersection,Dark - Not Lighted,Clear,4:00am-4:59am,37,4:00am-4:59am,50,Not Applicable (Not Transported),Not Applicable (Not Transported),1,Dark - Unlighted,Clear,1,0,['Driver'],['Shoulder_Lapbelt'],0,0,Valid,0.0,0.0,29.0,29.0,['Male'],0,0,4,4,3,Dry,Curve,Level,Lowest,No
23146,36,New York,360600,0,2,1,1,1,NEW YORK CITY,August,29,Tuesday,0,42,Urban,Medium Speed (Collector),No,40.80904444,-73.85499722,Complex/Circle,Dark - Lighted,Clear,Unknown,Unknown,Unknown EMS Scene Arrival Hour,Unknown EMS Scene Arrival Minutes,Unknown,Unknown EMS Hospital Arrival Time,1,Dark - Lighted,Clear,1,0,['Driver'],['None_Used'],1,1,Invalid,0.0,0.0,47.0,47.0,['Male'],0,0,5,1,5,Dry,Straight,Level,Lowest,No
23147,36,New York,360601,0,2,2,0,2,NEW YORK CITY,August,30,Wednesday,12,52,Urban,High Speed (Arterial),Yes,40.64701111,-74.01498889,Complex/Circle,Daylight,Clear,12:00pm-12:59pm,52,1:00pm-1:59pm,0,1:00pm-1:59pm,10,1,Daylight,Clear,1,1,['Driver'],['None_Used'],0,0,Invalid,2.0,1.0,41.0,26.0,"['Male', 'Male']",0,0,5,1,5,Dry,Straight,Level,Lowest,No
23148,36,New York,360602,0,1,1,0,2,CAZENOVIA,September,6,Wednesday,11,49,Rural,High Speed (Arterial),Yes,42.921575,-75.83133889,Simple Junction,Daylight,Clear,11:00am-11:59am,49,11:00am-11:59am,56,12:00pm-12:59pm,36,1,Daylight,Clear,1,1,['Front_Passenger'],['Shoulder_Lapbelt'],0,0,Valid,0.0,0.0,91.0,91.0,['Male'],0,0,3,1,3,Dry,Curve,Grade/Hillcrest,Medium,No
23149,36,New York,360603,0,1,1,0,14,WAYLAND,August,19,Saturday,9,15,Rural,High Speed (Arterial),Yes,42.53495556,-77.62967778,Non-Intersection,Daylight,Clear,9:00am-9:59am,15,9:00am-9:59am,15,Unknown,Unknown EMS Hospital Arrival Time,4,Daylight,Clear,4,10,"['Rear_Seat', 'Rear_Seat', 'Non_Standard_Risk', 'Non_Standard_Risk']","['None_Used', 'None_Used', 'None_Used', 'None_Used']",0,0,Valid,0.0,0.0,41.0,41.0,['Male'],0,0,3,4,3,Dry,Straight,Level,Lowest,Yes
23150,36,New York,360604,1,2,2,0,3,SYRACUSE,August,24,Thursday,22,24,Urban,High Speed (Arterial),Yes,43.04651667,-76.14238889,Non-Intersection,Dark - Not Lighted,Cloudy,10:00pm-10:59pm,24,10:00pm-10:59pm,30,Not Applicable (Not Transported),Not Applicable (Not Transported),1,Dark - Unlighted,Reduced Visibility,0,3,[],[],0,0,Invalid,1.0,0.0,70.0,50.0,"['Male', 'Male']",0,0,2,1,4,Dry,Straight,Level,Lowest,No
23151,36,New York,360605,0,2,2,0,5,OSWEGO,July,30,Sunday,13,12,Rural,High Speed (Arterial),Yes,43.426625,-76.57170556,Non-Intersection,Daylight,Clear,1:00pm-1:59pm,12,1:00pm-1:59pm,22,2:00pm-2:59pm,6,1,Daylight,Clear,1,4,['Rear_Seat'],['Shoulder_Lapbelt'],0,0,Valid,0.0,0.0,68.0,34.0,"['Male', 'Male']",0,0,3,1,5,Dry,Straight,Grade/Hillcrest,Lowest,No
23152,36,New York,360606,0,2,2,0,2,WEBSTER,August,31,Thursday,1,24,Urban,High Speed (Arterial),Yes,43.21382222,-77.479725,Non-Intersection,Dark - Lighted,Cloudy,1:00am-1:59am,24,1:00am-1:59am,29,2:00am-2:59am,15,2,Dark - Lighted,Reduced Visibility,2,0,"['Driver', 'Driver']","['None_Used', 'None_Used']",0,0,Valid,0.0,0.0,61.0,31.0,"['Male', 'Male']",1,0,3,4,5,Wet/Standing Water,Straight,Level,Lowest,No
23153,36,New York,360607,0,2,2,0,4,OYSTER BAY,August,31,Thursday,17,15,Urban,Medium Speed (Collector),No,40.83292778,-73.50692222,Simple Junction,Daylight,Clear,5:00pm-5:59pm,22,5:00pm-5:59pm,32,5:00pm-5:59pm,58,1,Daylight,Clear,1,3,['Driver'],['Lapbelt_Only'],0,0,Valid,0.0,0.0,88.0,21.0,"['Female', 'Female']",0,0,3,1,5,Dry,Straight,Level,Lowest,No
23154,36,New York,360608,0,2,2,0,4,CHAUTAUQUA,September,3,Sunday,12,43,Urban,Medium Speed (Collector),No,42.16582222,-79.43518056,Simple Junction,Daylight,Clear,12:00pm-12:59pm,43,12:00pm-12:59pm,43,Unknown,Unknown EMS Hospital Arrival Time,2,Daylight,Clear,2,2,"['Driver', 'Rear_Seat']","['None_Used', 'None_Used']",0,0,Valid,0.0,2.0,64.0,42.0,"['Male', 'Male']",0,0,5,4,5,Dry,Straight,Level,Lowest,No
23155,36,New York,360609,0,1,1,0,1,PENN YAN,September,23,Saturday,2,10,Rural,Medium Speed (Collector),No,42.76000278,-77.10889167,Non-Intersection,Dark - Not Lighted,Clear,2:00am-2:59am,10,2:00am-2:59am,19,Not Applicable (Not Transported),Not Applicable (Not Transported),1,Dark - Unlighted,Clear,1,0,['Driver'],['None_Used'],1,1,Valid,0.0,0.0,21.0,21.0,['Male'],1,0,3,4,3,Dry,Curve,Grade/Hillcrest,Lowest,No
23156,36,New York,360610,1,1,1,0,1,EVANS,September,16,Saturday,16,26,Urban,High Speed (Arterial),Yes,42.66936389,-79.02770278,Non-Intersection,Daylight,Clear,4:00pm-4:59pm,29,4:00pm-4:59pm,32,5:00pm-5:59pm,12,1,Daylight,Clear,0,1,[],[],0,0,Valid,0.0,0.0,53.0,53.0,['Male'],0,0,3,1,4,Dry,Straight,Level,Lowest,No
23157,36,New York,360611,1,1,1,0,2,NEW YORK CITY,September,25,Monday,21,4,Urban,Medium Speed (Collector),No,40.82393889,-73.84908889,Complex/Circle,Dark - Lighted,Rain,9:00pm-9:59pm,4,9:00pm-9:59pm,7,Not Applicable (Not Transported),Not Applicable (Not Transported),1,Dark - Lighted,Rain/Wind/Minor,0,2,[],[],0,0,Invalid,1.0,1.0,27.0,27.0,['Male'],2,0,2,1,4,Wet/Standing Water,Straight,Level,Lowest,No
23158,36,New York,360612,0,2,2,0,2,Staten Island,September,3,Sunday,15,29,Urban,Medium Speed (Collector),No,40.57275833,-74.11406111,Simple Junction,Daylight,Clear,Unknown,Unknown,Unknown EMS Scene Arrival Hour,Unknown EMS Scene Arrival Minutes,Not Applicable (Not Transported),Not Applicable (Not Transported),1,Daylight,Clear,1,1,['Driver'],['None_Used'],0,0,Valid,2.0,3.0,29.0,21.0,"['Male', 'Male']",1,0,5,4,5,Dry,Straight,Level,Lowest,No