,State_Code,State_Name,Crash_ID,Count_Non_Motorists,Count_Vehicles_Total,Count_Vehicle_Forms,Count_PVH_Involved,Count_Occupants_MV,City_Name,Month_Name,Day_of_Month,Day_of_Week,Crash_Hour,Crash_Minute,Area_Rural_Urban,Road_Functional_Class,On_NHS_Road,Latitude,Longitude,Intersection_Type,Light_Condition,Weather_Condition,Notif_Hour,Notif_Minute,Arrival_Hour,Arrival_Minute,Hospital_Hour,Hospital_Minute,Fatalities_Count,Clean_Light_Condition,Clean_Weather_Condition,Total_Killed,Total_Alive,Fatal_Seats_List,Killed_Restraint_List,Any_Driver_Drinking,Total_Drinking_Drivers,Driver_License_Category,Driver_Max_Prev_Accident_Count,Driver_Max_Prev_Speeding_Count,Max_Driver_Age,Min_Driver_Age,Driver_Sex_List,Total_Exceeding_Limit_Vehicles,Total_Too_Fast_Vehicles,Max_Vehicle_Type_Severity_5,Max_Vehicle_Damage_Rank,Max_Harmful_Event_Severity,Crash_Road_Surface_Condition,Crash_Horizontal_Alignment,Crash_Vertical_Profile,Crash_Impairment_Category,Crash_Vehicle_Defect
23159,36,New York,360613,0,2,2,0,2,MARION,September,18,Monday,10,26,Rural,Low Speed (Local),No,43.13511389,-77.22161389,Non-Intersection,Daylight,Cloudy,10:00am-10:59am,26,10:00am-10:59am,35,Not Applicable (Not Transported),Not Applicable (Not Transported),1,Daylight,Reduced Visibility,1,1,['Driver'],['None_Used'],0,0,Valid,1.0,0.0,55.0,49.0,"['Female', 'Male']",1,0,4,4,5,Dry,Straight,Level,Lowest,No
23160,36,New York,360614,0,2,2,0,5,Staten Island,September,3,Sunday,23,2,Urban,High Speed (Arterial),Yes,40.60692778,-74.08572778,Non-Intersection,Dark - Lighted,Clear,11:00pm-11:59pm,1,11:00pm-11:59pm,5,Not Applicable (Not Transported),Not Applicable (Not Transported),2,Dark - Lighted,Clear,2,3,"['Driver', 'Front_Passenger']","['Shoulder_Lapbelt', 'Shoulder_Lapbelt']",1,1,Valid,0.0,0.0,49.0,22.0,"['Female', 'Male']",2,0,3,4,5,Dry,Straight,Level,Lowest,No
23161,36,New York,360615,0,2,2,0,3,AMSTERDAM,September,3,Sunday,1,23,Rural,High Speed (Arterial),Yes,42.93306389,-74.25174444,Non-Intersection,Dark - Not Lighted,Cloudy,1:00am-1:59am,23,1:00am-1:59am,35,Unknown,Unknown EMS Hospital Arrival Time,1,Dark - Unlighted,Reduced Visibility,1,2,['Front_Passenger'],['Shoulder_Lapbelt'],0,0,Valid,1.0,0.0,55.0,32.0,"['Male', 'Male']",0,0,4,4,5,Dry,Straight,Grade/Hillcrest,Medium,No
23162,36,New York,360616,0,2,2,0,3,DOVER PLAINS,September,4,Monday,16,54,Urban,High Speed (Arterial),Yes,41.61774722,-73.57609167,Non-Intersection,Daylight,Clear,4:00pm-4:59pm,56,5:00pm-5:59pm,4,Unknown,Unknown EMS Hospital Arrival Time,1,Daylight,Clear,1,2,['Driver'],['None_Used'],0,0,Valid,2.0,0.0,79.0,73.0,"['Male', 'Male']",0,0,5,1,5,Dry,Straight,Level,Lowest,No
23163,36,New York,360617,0,1,1,0,2,ISLIP,April,21,Friday,0,49,Urban,Medium Speed (Collector),No,40.73603333,-73.16785,Non-Intersection,Dark - Lighted,Clear,Unknown,Unknown,Unknown EMS Scene Arrival Hour,Unknown EMS Scene Arrival Minutes,Unknown,Unknown EMS Hospital Arrival Time,1,Dark - Lighted,Clear,1,1,['Front_Passenger'],['None_Used'],1,1,Invalid,0.0,0.0,31.0,31.0,['Male'],2,0,3,4,3,Dry,Straight,Level,Lowest,No
23164,36,New York,360618,0,1,1,0,1,BROOKHAVEN,May,25,Thursday,22,53,Urban,Medium Speed (Collector),No,99.9999,999.9999,Non-Intersection,Dark - Not Lighted,Clear,10:00pm-10:59pm,53,10:00pm-10:59pm,59,Not Applicable (Not Transported),Not Applicable (Not Transported),1,Dark - Unlighted,Clear,1,0,['Driver'],['None_Used'],0,0,Valid,0.0,1.0,19.0,19.0,['Male'],1,0,5,4,3,Dry,Curve,Level,Lowest,No
23165,36,New York,360619,4,3,1,2,1,GLEN OAKS,September,5,Tuesday,15,53,Urban,Low Speed (Local),No,40.75161944,-73.71689444,Non-Intersection,Daylight,Clear,Unknown,Unknown,Unknown EMS Scene Arrival Hour,Unknown EMS Scene Arrival Minutes,Unknown,Unknown EMS Hospital Arrival Time,1,Daylight,Clear,0,1,[],[],0,0,Valid,0.0,1.0,39.0,39.0,['Male'],0,0,3,1,4,Dry,Curve,Level,Lowest,No
23166,36,New York,360620,0,2,2,0,2,AMSTERDAM,September,8,Friday,21,16,Urban,Medium Speed (Collector),No,42.93045278,-74.20581111,Simple Junction,Dark - Not Lighted,Rain,9:00pm-9:59pm,16,9:00pm-9:59pm,20,Not Applicable (Not Transported),Not Applicable (Not Transported),1,Dark - Unlighted,Rain/Wind/Minor,1,1,['Driver'],['None_Used'],0,0,Invalid,0.0,0.0,52.0,33.0,"['Male', 'Male']",1,0,5,4,5,Wet/Standing Water,Straight,Level,Lowest,No
23167,36,New York,360621,0,1,1,0,1,GOUVERNEUR,September,12,Tuesday,13,54,Rural,High Speed (Arterial),Yes,44.29636111,-75.41392778,Non-Intersection,Daylight,Cloudy,1:00pm-1:59pm,54,2:00pm-2:59pm,5,Not Applicable (Not Transported),Not Applicable (Not Transported),1,Daylight,Reduced Visibility,1,0,['Driver'],['Shoulder_Lapbelt'],0,0,Invalid,0.0,0.0,37.0,37.0,['Male'],0,0,3,4,3,Dry,Straight,Level,Lowest,No
23168,36,New York,360622,1,1,1,0,2,HEMPSTEAD,September,16,Saturday,19,22,Urban,High Speed (Arterial),Yes,40.72434722,-73.54222222,Non-Intersection,Dark - Lighted,Clear,7:00pm-7:59pm,25,7:00pm-7:59pm,28,7:00pm-7:59pm,40,1,Dark - Lighted,Clear,0,2,[],[],0,0,Valid,0.0,0.0,78.0,78.0,['Male'],0,0,3,1,4,Dry,Straight,Level,Lowest,No
23169,36,New York,360623,1,1,1,0,1,COLONIE,September,13,Wednesday,19,24,Urban,Low Speed (Local),No,42.72648056,-73.82689167,Non-Intersection,Dark - Lighted,Cloudy,7:00pm-7:59pm,24,7:00pm-7:59pm,29,7:00pm-7:59pm,57,1,Dark - Lighted,Reduced Visibility,0,1,[],[],0,0,Valid,0.0,0.0,77.0,77.0,['Male'],0,0,2,1,4,Dry,Straight,Level,Lowest,No
23170,36,New York,360624,0,1,1,0,1,DEANSBORO,September,16,Saturday,20,30,Rural,Low Speed (Local),No,42.99304167,-75.35185556,Non-Intersection,Dark - Not Lighted,Clear,Unknown,Unknown,Unknown EMS Scene Arrival Hour,Unknown EMS Scene Arrival Minutes,Not Applicable (Not Transported),Not Applicable (Not Transported),1,Dark - Unlighted,Clear,1,0,['Driver'],['Lapbelt_Only'],1,1,Valid,1.0,0.0,61.0,61.0,['Male'],1,0,3,4,3,Dry,Straight,Level,Lowest,No
23171,36,New York,360625,1,1,1,0,1,NEW YORK CITY,September,16,Saturday,2,30,Urban,High Speed (Arterial),Yes,40.65274167,-74.00626111,Complex/Circle,Dark - Lighted,Clear,Unknown,Unknown,Unknown EMS Scene Arrival Hour,Unknown EMS Scene Arrival Minutes,Unknown,Unknown EMS Hospital Arrival Time,1,Dark - Lighted,Clear,0,0,[],[],0,0,Valid,2.0,0.0,41.0,41.0,['Male'],0,0,4,1,4,Dry,Straight,Level,Lowest,No
23172,36,New York,360626,0,1,1,0,3,HEMPSTEAD,September,17,Sunday,4,20,Urban,High Speed (Arterial),Yes,40.68176389,-73.63716944,Non-Intersection,Dark - Lighted,Clear,4:00am-4:59am,24,4:00am-4:59am,29,Unknown,Unknown EMS Hospital Arrival Time,1,Dark - Lighted,Clear,1,2,['Rear_Seat'],['Shoulder_Lapbelt'],0,0,Invalid,0.0,0.0,20.0,20.0,['Male'],3,0,2,4,3,Dry,Straight,Level,Lowest,No
23173,36,New York,360627,0,1,1,0,2,ROCKVILLE CENTRE,September,17,Sunday,23,27,Urban,High Speed (Arterial),Yes,40.6738,-73.64182222,Non-Intersection,Dark - Lighted,Cloudy,10:00pm-10:59pm,37,10:00pm-10:59pm,40,Unknown,Unknown EMS Hospital Arrival Time,1,Dark - Lighted,Reduced Visibility,1,1,['Front_Passenger'],['Shoulder_Lapbelt'],0,0,Invalid,0.0,0.0,24.0,24.0,['Male'],2,0,2,4,3,Dry,Straight,Level,Lowest,No
23174,36,New York,360628,1,1,1,0,1,TONAWANDA,September,17,Sunday,0,4,Urban,High Speed (Arterial),Yes,43.0003,-78.88202222,Non-Intersection,Dark - Lighted,Clear,0:00am-0:59am,4,0:00am-0:59am,5,0:00am-0:59am,46,1,Dark - Lighted,Clear,0,1,[],[],0,0,Valid,0.0,0.0,40.0,40.0,['Male'],0,0,3,1,4,Dry,Straight,Level,Lowest,No
23175,36,New York,360629,0,1,1,0,1,NEW YORK CITY,September,17,Sunday,0,15,Urban,High Speed (Arterial),Yes,40.867025,-73.87505,Non-Intersection,Dark - Not Lighted,Clear,0:00am-0:59am,19,0:00am-0:59am,24,0:00am-0:59am,47,1,Dark - Unlighted,Clear,1,0,['Driver'],['None_Used'],0,0,Valid,0.0,0.0,27.0,27.0,['Male'],1,0,5,1,3,Dry,Curve,Level,Lowest,No
23176,36,New York,360630,1,1,1,0,1,NEW YORK CITY,September,21,Thursday,15,13,Urban,High Speed (Arterial),Yes,40.64225556,-73.99196389,Complex/Circle,Daylight,Clear,Unknown,Unknown,Unknown EMS Scene Arrival Hour,Unknown EMS Scene Arrival Minutes,Unknown,Unknown EMS Hospital Arrival Time,1,Daylight,Clear,0,1,[],[],0,0,Valid,0.0,0.0,66.0,66.0,['Male'],0,0,4,1,4,Dry,Straight,Level,Lowest,No
23177,36,New York,360631,0,1,1,0,1,FORT ANN,April,21,Friday,21,52,Rural,High Speed (Arterial),Yes,43.40403889,-73.53911667,Non-Intersection,Dark - Not Lighted,Cloudy,9:00pm-9:59pm,52,9:00pm-9:59pm,56,Not Applicable (Not Transported),Not Applicable (Not Transported),1,Dark - Unlighted,Reduced Visibility,1,0,['Driver'],['None_Used'],1,1,Valid,1.0,0.0,36.0,36.0,['Male'],0,0,5,1,2,Dry,Curve,Grade/Hillcrest,Lowest,No
23178,36,New York,360632,0,3,2,1,2,Other,May,19,Friday,19,29,Urban,Medium Speed (Collector),No,40.78131667,-73.81422778,Complex/Circle,Dusk,Clear,Unknown,Unknown,Unknown EMS Scene Arrival Hour,Unknown EMS Scene Arrival Minutes,Unknown,Unknown EMS Hospital Arrival Time,1,Twilight,Clear,1,1,['Driver'],['None_Used'],1,1,Valid,4.0,1.0,52.0,25.0,"['Male', 'Female']",0,0,5,1,5,Dry,Straight,Level,Lowest,No
23179,36,New York,360633,1,2,2,0,3,BROOKHAVEN,June,2,Friday,22,10,Urban,High Speed (Arterial),Yes,40.92355278,-73.04593333,Non-Intersection,Dark - Lighted,Clear,Unknown,Unknown,Unknown EMS Scene Arrival Hour,Unknown EMS Scene Arrival Minutes,Not Applicable (Not Transported),Not Applicable (Not Transported),1,Dark - Lighted,Clear,0,2,[],[],0,0,Valid,1.0,0.0,73.0,33.0,"['Male', 'Male']",0,0,3,1,4,Dry,Straight,Level,Lowest,No
23180,36,New York,360634,0,2,2,0,5,ISLIP,June,6,Tuesday,22,10,Urban,Medium Speed (Collector),No,40.77379722,-73.27121944,Non-Intersection,Dark - Unknown Lighting,Cloudy,10:00pm-10:59pm,16,Unknown EMS Scene Arrival Hour,Unknown EMS Scene Arrival Minutes,Unknown,Unknown EMS Hospital Arrival Time,1,Dark - Unlighted,Reduced Visibility,1,4,['Driver'],['None_Used'],0,0,Valid,2.0,0.0,73.0,20.0,"['Male', 'Male']",2,0,3,1,5,Dry,Straight,Level,Lowest,No
23181,36,New York,360635,0,2,2,0,2,SMITHTOWN,June,8,Thursday,21,25,Urban,High Speed (Arterial),Yes,40.85757778,-73.16538889,Non-Intersection,Dark - Lighted,Cloudy,9:00pm-9:59pm,30,9:00pm-9:59pm,34,9:00pm-9:59pm,59,1,Dark - Lighted,Reduced Visibility,1,1,['Driver'],['None_Used'],1,1,Valid,1.0,0.0,63.0,36.0,"['Male', 'Male']",0,0,3,1,5,Dry,Straight,Level,Lowest,No
23182,36,New York,360636,1,1,1,0,1,CLAY,June,8,Thursday,22,40,Urban,High Speed (Arterial),Yes,43.149625,-76.22990278,Complex/Circle,Dark - Lighted,Cloudy,5:00am-5:59am,5,5:00am-5:59am,11,Not Applicable (Not Transported),Not Applicable (Not Transported),1,Dark - Lighted,Reduced Visibility,0,1,[],[],1,1,Valid,3.0,1.0,23.0,23.0,['Male'],0,0,2,1,4,Dry,Straight,Level,Lowest,No
23183,36,New York,360637,0,2,2,0,2,ISLIP,June,12,Monday,3,14,Urban,High Speed (Arterial),Yes,40.80937222,-73.20899722,Non-Intersection,Dark - Lighted,Cloudy,3:00am-3:59am,14,3:00am-3:59am,25,Not Applicable (Not Transported),Not Applicable (Not Transported),1,Dark - Lighted,Reduced Visibility,1,1,['Driver'],['None_Used'],1,1,Valid,1.0,0.0,55.0,38.0,"['Male', 'Male']",1,0,4,1,5,Dry,Straight,Level,Lowest,No
23184,36,New York,360638,1,1,1,0,5,BUFFALO,June,15,Thursday,21,44,Urban,Medium Speed (Collector),No,42.91464444,-78.82040278,Complex/Circle,Dark - Lighted,Clear,9:00pm-9:59pm,44,9:00pm-9:59pm,53,Unknown,Unknown EMS Hospital Arrival Time,1,Dark - Lighted,Clear,0,5,[],[],0,0,Valid,1.0,0.0,21.0,21.0,['Female'],0,0,3,1,4,Dry,Straight,Level,Lowest,No
23185,36,New York,360639,0,1,1,0,1,SMITHTOWN,June,17,Saturday,4,39,Urban,Medium Speed (Collector),No,40.81503889,-73.28591944,Non-Intersection,Dark - Not Lighted,Clear,Unknown,Unknown,Unknown EMS Scene Arrival Hour,Unknown EMS Scene Arrival Minutes,Not Applicable (Not Transported),Not Applicable (Not Transported),1,Dark - Unlighted,Clear,1,0,['Driver'],['None_Used'],1,1,Valid,3.0,0.0,58.0,58.0,['Male'],0,0,3,1,3,Dry,Straight,Level,Lowest,No
23186,36,New York,360640,0,2,2,0,3,LACKAWANNA,September,22,Friday,18,17,Rural,High Speed (Arterial),Yes,42.82574722,-78.82539444,Simple Junction,Daylight,Clear,6:00pm-6:59pm,17,6:00pm-6:59pm,20,Unknown,Unknown EMS Hospital Arrival Time,1,Daylight,Clear,1,2,['Driver'],['None_Used'],0,0,Valid,1.0,1.0,31.0,22.0,"['Male', 'Male']",2,0,5,4,5,Dry,Straight,Level,Lowest,No
23187,36,New York,360641,0,2,2,0,3,BABYLON,June,18,Sunday,7,5,Urban,High Speed (Arterial),Yes,40.71443333,-73.38152222,Complex/Circle,Daylight,Clear,7:00am-7:59am,12,7:00am-7:59am,18,7:00am-7:59am,31,1,Daylight,Clear,1,2,['Driver'],['Shoulder_Lapbelt'],0,0,Valid,2.0,2.0,59.0,56.0,"['Female', 'Male']",0,0,2,1,5,Dry,Straight,Level,Lowest,No
23188,36,New York,360642,0,3,3,0,7,BUFFALO,June,26,Monday,19,14,Urban,High Speed (Arterial),Yes,42.92375833,-78.84261944,Non-Intersection,Dark - Lighted,Cloudy,7:00pm-7:59pm,14,7:00pm-7:59pm,20,Unknown,Unknown EMS Hospital Arrival Time,1,Dark - Lighted,Reduced Visibility,1,5,['Driver'],['Shoulder_Lapbelt'],0,0,Invalid,3.0,1.0,998.0,23.0,"['Other', 'Male', 'Female']",0,0,3,1,5,Dry,Curve,Level,Lowest,No
23189,36,New York,360643,1,1,1,0,1,BROOKHAVEN,June,27,Tuesday,17,5,Urban,Medium Speed (Collector),No,40.86405,-73.04956111,Non-Intersection,Daylight,Clear,Unknown,Unknown,Unknown EMS Scene Arrival Hour,Unknown EMS Scene Arrival Minutes,Unknown,Unknown EMS Hospital Arrival Time,1,Daylight,Clear,0,1,[],[],0,0,Valid,1.0,0.0,23.0,23.0,['Male'],0,0,3,1,4,Dry,Straight,Level,Lowest,No
23190,36,New York,360644,0,2,2,0,4,Other,July,1,Saturday,0,27,Urban,Low Speed (Local),No,40.75357778,-73.88686944,Complex/Circle,Dark - Lighted,Clear,Unknown,Unknown,Unknown EMS Scene Arrival Hour,Unknown EMS Scene Arrival Minutes,Unknown,Unknown EMS Hospital Arrival Time,1,Dark - Lighted,Clear,1,3,['Driver'],['None_Used'],0,0,Valid,3.0,0.0,43.0,21.0,"['Male', 'Male']",0,0,5,1,5,Dry,Straight,Level,Lowest,No
23191,36,New York,360645,0,2,2,0,2,BUFFALO,August,12,Saturday,3,6,Urban,High Speed (Arterial),Yes,42.92122778,-78.89974444,Non-Intersection,Dark - Not Lighted,Clear,3:00am-3:59am,26,3:00am-3:59am,31,Unknown,Unknown EMS Hospital Arrival Time,1,Dark - Unlighted,Clear,1,1,['Driver'],['Shoulder_Lapbelt'],1,1,Invalid,0.0,0.0,52.0,38.0,"['Male', 'Male']",0,0,3,4,5,Dry,Straight,Level,Lowest,No
23192,36,New York,360646,0,2,1,1,2,NEW YORK CITY,July,15,Saturday,1,52,Urban,Medium Speed (Collector),No,40.72048056,-73.93606667,Non-Intersection,Dark - Lighted,Clear,Unknown,Unknown,Unknown EMS Scene Arrival Hour,Unknown EMS Scene Arrival Minutes,Unknown,Unknown EMS Hospital Arrival Time,1,Dark - Lighted,Clear,1,1,['Driver'],['None_Used'],1,1,Invalid,0.0,0.0,19.0,19.0,['Male'],0,0,5,1,5,Dry,Straight,Level,Lowest,No
23193,36,New York,360647,0,1,1,0,1,HUDSON FALLS,August,26,Saturday,10,17,Rural,High Speed (Arterial),Yes,43.36632778,-73.52760833,Non-Intersection,Daylight,Cloudy,10:00am-10:59am,17,10:00am-10:59am,24,Not Applicable (Not Transported),Not Applicable (Not Transported),1,Daylight,Reduced Visibility,1,0,['Driver'],['None_Used'],0,0,Valid,1.0,0.0,49.0,49.0,['Male'],1,0,5,4,3,Dry,Straight,Level,Lowest,No
23194,36,New York,360648,1,1,1,0,3,FALCONER,August,27,Sunday,9,55,Urban,High Speed (Arterial),Yes,42.11897222,-79.19811111,Complex/Circle,Daylight,Clear,9:00am-9:59am,55,9:00am-9:59am,57,10:00am-10:59am,35,1,Daylight,Clear,0,3,[],[],0,0,Valid,0.0,0.0,60.0,60.0,['Female'],0,0,3,1,4,Dry,Straight,Level,Lowest,No
23195,36,New York,360649,0,3,3,0,6,LEWIS,September,4,Monday,20,8,Rural,Medium Speed (Collector),No,44.31719167,-73.54940556,Non-Intersection,Dusk,Clear,8:00pm-8:59pm,13,8:00pm-8:59pm,27,Unknown,Unknown EMS Hospital Arrival Time,1,Twilight,Clear,1,5,['Front_Passenger'],['Shoulder_Only'],0,0,Valid,0.0,0.0,998.0,37.0,"['Male', 'Male', 'Other']",0,0,3,4,5,Dry,Straight,Level,Lowest,No
23196,36,New York,360650,0,1,1,0,3,HYDE PARK,August,13,Sunday,5,45,Urban,Medium Speed (Collector),No,41.78821111,-73.91673056,Non-Intersection,Dark - Lighted,Clear,5:00am-5:59am,51,5:00am-5:59am,52,Unknown,Unknown EMS Hospital Arrival Time,1,Dark - Lighted,Clear,1,2,['Driver'],['Shoulder_Lapbelt'],1,1,Invalid,1.0,0.0,22.0,22.0,['Male'],3,0,2,1,3,Wet/Standing Water,Curve,Grade/Hillcrest,Lowest,No
23197,36,New York,360651,0,1,1,0,1,PAWLING,September,29,Friday,10,25,Urban,High Speed (Arterial),Yes,41.58473889,-73.65344722,Non-Intersection,Daylight,Rain,10:00am-10:59am,26,10:00am-10:59am,34,Not Applicable (Not Transported),Not Applicable (Not Transported),1,Daylight,Rain/Wind/Minor,1,0,['Driver'],['Shoulder_Lapbelt'],0,0,Valid,1.0,0.0,17.0,17.0,['Male'],1,0,2,4,3,Wet/Standing Water,Straight,Level,Lowest,No
23198,36,New York,360652,0,1,1,0,1,EDEN,September,9,Saturday,0,2,Rural,Medium Speed (Collector),No,42.65937222,-78.91233889,Non-Intersection,Dark - Lighted,Clear,1:00am-1:59am,24,1:00am-1:59am,45,Not Applicable (Not Transported),Not Applicable (Not Transported),1,Dark - Lighted,Clear,1,0,['Driver'],['Shoulder_Lapbelt'],0,0,Valid,0.0,0.0,27.0,27.0,['Male'],1,0,3,1,3,Dry,Curve,Level,Lowest,No
23199,36,New York,360653,1,2,1,1,1,ROCHESTER,September,13,Wednesday,13,33,Urban,Medium Speed (Collector),No,43.11724167,-77.72166944,Non-Intersection,Daylight,Clear,1:00pm-1:59pm,33,1:00pm-1:59pm,37,Unknown,Unknown EMS Hospital Arrival Time,1,Daylight,Clear,0,1,[],[],0,0,Valid,1.0,0.0,48.0,48.0,['Male'],0,0,3,1,4,Dry,Straight,Level,Lowest,No
23200,36,New York,360654,0,2,2,0,2,HARTFORD,August,10,Thursday,17,27,Rural,Medium Speed (Collector),No,43.36044444,-73.39341944,Complex/Circle,Daylight,Cloudy,5:00pm-5:59pm,27,5:00pm-5:59pm,33,Not Applicable (Not Transported),Not Applicable (Not Transported),1,Daylight,Reduced Visibility,1,1,['Driver'],['None_Used'],0,0,Valid,5.0,0.0,82.0,30.0,"['Male', 'Male']",0,0,5,4,5,Dry,Straight,Grade/Hillcrest,Lowest,No
23201,36,New York,360655,0,1,1,0,1,BRIDGEWATER,September,25,Monday,20,13,Rural,High Speed (Arterial),Yes,42.91731944,-75.24333333,Non-Intersection,Dark - Lighted,Clear,8:00pm-8:59pm,13,8:00pm-8:59pm,19,Not Applicable (Not Transported),Not Applicable (Not Transported),1,Dark - Lighted,Clear,1,0,['Driver'],['None_Used'],0,0,Valid,1.0,0.0,36.0,36.0,['Male'],1,0,2,1,3,Dry,Curve,Level,Lowest,No
23202,36,New York,360656,2,1,1,0,2,NEW LEBANON,September,9,Saturday,20,18,Rural,High Speed (Arterial),Yes,42.49029444,-73.48771389,Non-Intersection,Dark - Not Lighted,Clear,8:00pm-8:59pm,21,8:00pm-8:59pm,21,Not Applicable (Not Transported),Not Applicable (Not Transported),2,Dark - Unlighted,Clear,0,2,[],[],0,0,Valid,0.0,0.0,36.0,36.0,['Female'],0,0,3,1,4,Dry,Straight,Level,Lowest,No
23203,36,New York,360657,0,1,1,0,2,MINEOLA,October,7,Saturday,1,24,Urban,High Speed (Arterial),Yes,40.75563333,-73.62296111,Non-Intersection,Dark - Lighted,Rain,1:00am-1:59am,24,1:00am-1:59am,26,2:00am-2:59am,2,1,Dark - Lighted,Rain/Wind/Minor,1,1,['Front_Passenger'],['None_Used'],0,0,Invalid,0.0,0.0,17.0,17.0,['Male'],2,0,3,1,3,Wet/Standing Water,Straight,Level,Lowest,No
23204,36,New York,360658,0,1,1,0,1,Staten Island,September,11,Monday,5,7,Urban,High Speed (Arterial),Yes,40.60298611,-74.07715556,Non-Intersection,Dark - Lighted,Cloudy,Unknown,Unknown,Unknown EMS Scene Arrival Hour,Unknown EMS Scene Arrival Minutes,Unknown,Unknown EMS Hospital Arrival Time,1,Dark - Lighted,Reduced Visibility,1,0,['Driver'],['Shoulder_Lapbelt'],0,0,Invalid,0.0,1.0,30.0,30.0,['Male'],1,0,2,4,3,Wet/Standing Water,Straight,Level,Lowest,No
23205,36,New York,360659,1,1,1,0,1,RIVERHEAD,September,8,Friday,9,29,Rural,High Speed (Arterial),Yes,40.93231111,-72.68125833,Non-Intersection,Daylight,Cloudy,9:00am-9:59am,29,9:00am-9:59am,37,9:00am-9:59am,47,1,Daylight,Reduced Visibility,0,1,[],[],0,0,Valid,2.0,0.0,51.0,51.0,['Female'],0,0,3,1,4,Dry,Straight,Non-Trafficway,Lowest,No
23206,36,New York,360660,0,1,1,0,1,ROCHESTER,September,11,Monday,6,33,Urban,Medium Speed (Collector),No,43.17577778,-77.55760833,Non-Intersection,Dark - Lighted,Cloudy,5:00am-5:59am,33,5:00am-5:59am,40,5:00am-5:59am,56,1,Dark - Lighted,Reduced Visibility,1,0,['Driver'],['None_Used'],0,0,Invalid,2.0,0.0,21.0,21.0,['Male'],1,0,5,1,3,Dry,Straight,Level,Lowest,No
23207,36,New York,360661,1,1,1,0,1,MIDDLE VILLAGE,September,20,Wednesday,20,21,Urban,Medium Speed (Collector),No,40.67245833,-73.84121111,Complex/Circle,Dark - Lighted,Clear,Unknown,Unknown,Unknown EMS Scene Arrival Hour,Unknown EMS Scene Arrival Minutes,Unknown,Unknown EMS Hospital Arrival Time,1,Dark - Lighted,Clear,0,1,[],[],0,0,Valid,0.0,0.0,58.0,58.0,['Male'],0,0,3,1,4,Dry,Straight,Level,Lowest,No
23208,36,New York,360662,0,1,1,0,1,BUFFALO,September,11,Monday,4,57,Urban,High Speed (Arterial),Yes,42.94809444,-78.82950833,Simple Junction,Dawn,Clear,4:00am-4:59am,57,4:00am-4:59am,57,Unknown,Unknown EMS Hospital Arrival Time,1,Twilight,Clear,1,0,['Driver'],['None_Used'],0,0,Valid,0.0,0.0,28.0,28.0,['Male'],1,0,2,1,3,Dry,Straight,Level,Lowest,No
23209,36,New York,360663,0,1,1,0,1,NEW YORK,October,8,Sunday,2,28,Urban,High Speed (Arterial),Yes,40.85110556,-73.94392778,Non-Intersection,Dark - Lighted,Clear,Unknown,Unknown,Unknown EMS Scene Arrival Hour,Unknown EMS Scene Arrival Minutes,Unknown,Unknown EMS Hospital Arrival Time,1,Dark - Lighted,Clear,1,0,['Driver'],['None_Used'],0,0,Valid,0.0,0.0,46.0,46.0,['Male'],0,0,5,1,3,Dry,Straight,Level,Lowest,No
23210,36,New York,360664,0,2,2,0,4,NORTH NORWICH,September,12,Tuesday,14,11,Rural,High Speed (Arterial),Yes,42.61875556,-75.51141389,Simple Junction,Daylight,Clear,2:00pm-2:59pm,11,2:00pm-2:59pm,15,2:00pm-2:59pm,58,1,Daylight,Clear,1,3,['Driver'],['Shoulder_Lapbelt'],0,0,Valid,1.0,0.0,82.0,75.0,"['Female', 'Male']",0,0,3,1,5,Dry,Straight,Level,Lowest,No
23211,36,New York,360665,0,1,1,0,1,NEW YORK CITY,October,8,Sunday,15,23,Urban,Medium Speed (Collector),No,99.9999,999.9999,Non-Intersection,Daylight,Clear,Unknown,Unknown,Unknown EMS Scene Arrival Hour,Unknown EMS Scene Arrival Minutes,Unknown,Unknown EMS Hospital Arrival Time,1,Daylight,Clear,1,0,['Driver'],['None_Used'],0,0,Valid,1.0,0.0,34.0,34.0,['Male'],0,0,5,1,3,Dry,Straight,Level,Lowest,No
23212,36,New York,360666,0,2,2,0,2,LAGRANGEVILLE,September,15,Friday,15,40,Urban,High Speed (Arterial),Yes,41.67088056,-73.77936389,Non-Intersection,Daylight,Cloudy,3:00pm-3:59pm,40,3:00pm-3:59pm,41,4:00pm-4:59pm,19,1,Daylight,Reduced Visibility,1,1,['Driver'],['Shoulder_Lapbelt'],0,0,Valid,4.0,0.0,54.0,17.0,"['Male', 'Male']",0,0,3,1,5,Dry,Straight,Level,Medium,No
23213,36,New York,360667,1,1,1,0,1,ISLIP,July,22,Saturday,14,0,Urban,Medium Speed (Collector),No,40.77921944,-73.10997222,Simple Junction,Daylight,Clear,Unknown,Unknown,Unknown EMS Scene Arrival Hour,Unknown EMS Scene Arrival Minutes,Unknown,Unknown EMS Hospital Arrival Time,1,Daylight,Clear,0,1,[],[],0,0,Valid,0.0,0.0,32.0,32.0,['Male'],0,0,3,1,4,Dry,Straight,Level,Lowest,No