,State_Code,State_Name,Crash_ID,Count_Non_Motorists,Count_Vehicles_Total,Count_Vehicle_Forms,Count_PVH_Involved,Count_Occupants_MV,City_Name,Month_Name,Day_of_Month,Day_of_Week,Crash_Hour,Crash_Minute,Area_Rural_Urban,Road_Functional_Class,On_NHS_Road,Latitude,Longitude,Intersection_Type,Light_Condition,Weather_Condition,Notif_Hour,Notif_Minute,Arrival_Hour,Arrival_Minute,Hospital_Hour,Hospital_Minute,Fatalities_Count,Clean_Light_Condition,Clean_Weather_Condition,Total_Killed,Total_Alive,Fatal_Seats_List,Killed_Restraint_List,Any_Driver_Drinking,Total_Drinking_Drivers,Driver_License_Category,Driver_Max_Prev_Accident_Count,Driver_Max_Prev_Speeding_Count,Max_Driver_Age,Min_Driver_Age,Driver_Sex_List,Total_Exceeding_Limit_Vehicles,Total_Too_Fast_Vehicles,Max_Vehicle_Type_Severity_5,Max_Vehicle_Damage_Rank,Max_Harmful_Event_Severity,Crash_Road_Surface_Condition,Crash_Horizontal_Alignment,Crash_Vertical_Profile,Crash_Impairment_Category,Crash_Vehicle_Defect
23214,36,New York,360668,1,1,1,0,1,ISLIP,July,31,Monday,20,30,Urban,Medium Speed (Collector),No,99.9999,999.9999,Complex/Circle,Dusk,Clear,Unknown,Unknown,Unknown EMS Scene Arrival Hour,Unknown EMS Scene Arrival Minutes,Unknown,Unknown EMS Hospital Arrival Time,1,Twilight,Clear,0,1,[],[],0,0,Invalid,0.0,0.0,47.0,47.0,['Male'],0,0,3,1,4,Dry,Straight,Level,Lowest,No
23215,36,New York,360669,1,1,1,0,1,MIDDLE VILLAGE,October,5,Thursday,7,12,Urban,Medium Speed (Collector),No,40.78469167,-73.85216667,Simple Junction,Daylight,Clear,7:00am-7:59am,12,7:00am-7:59am,20,Not Applicable (Not Transported),Not Applicable (Not Transported),1,Daylight,Clear,0,1,[],[],0,0,Valid,0.0,0.0,55.0,55.0,['Male'],0,0,4,1,4,Dry,Straight,Grade/Hillcrest,Lowest,No
23216,36,New York,360670,1,1,1,0,1,NEW YORK CITY,October,9,Monday,21,16,Urban,High Speed (Arterial),Yes,40.58374167,-73.92132778,Non-Intersection,Dark - Lighted,Clear,Unknown,Unknown,Unknown EMS Scene Arrival Hour,Unknown EMS Scene Arrival Minutes,Unknown,Unknown EMS Hospital Arrival Time,1,Dark - Lighted,Clear,0,1,[],[],0,0,Valid,0.0,0.0,24.0,24.0,['Male'],0,0,2,1,4,Dry,Straight,Level,Lowest,No
23217,36,New York,360671,0,2,2,0,2,LOCKPORT,June,19,Monday,16,35,Urban,High Speed (Arterial),Yes,43.08774167,-78.69699444,Simple Junction,Daylight,Clear,4:00pm-4:59pm,51,5:00pm-5:59pm,4,5:00pm-5:59pm,55,1,Daylight,Clear,1,1,['Driver'],['Shoulder_Lapbelt'],0,0,Valid,0.0,0.0,77.0,28.0,"['Male', 'Male']",0,0,3,4,5,Dry,Straight,Level,Lowest,No
23218,36,New York,360672,0,1,1,0,1,ISLIP,September,16,Saturday,18,18,Urban,High Speed (Arterial),Yes,40.69629167,-73.28814167,Non-Intersection,Daylight,Clear,6:00pm-6:59pm,20,6:00pm-6:59pm,27,6:00pm-6:59pm,35,1,Daylight,Clear,1,0,['Driver'],['None_Used'],0,0,Valid,1.0,0.0,33.0,33.0,['Female'],0,0,5,1,2,Dry,Curve,Grade/Hillcrest,Lowest,No
23219,36,New York,360673,0,3,3,0,5,BROOKHAVEN,July,3,Monday,10,55,Urban,High Speed (Arterial),Yes,40.88297222,-73.10668611,Complex/Circle,Daylight,Clear,10:00am-10:59am,53,10:00am-10:59am,53,11:00am-11:59am,9,1,Daylight,Clear,1,4,['Driver'],['Shoulder_Lapbelt'],0,0,Valid,1.0,0.0,46.0,23.0,"['Male', 'Female', 'Male']",0,0,3,1,5,Dry,Straight,Level,Lowest,No
23220,36,New York,360674,0,2,2,0,3,BROOKHAVEN,July,8,Saturday,19,38,Urban,High Speed (Arterial),Yes,40.903375,-72.74007222,Simple Junction,Daylight,Cloudy,Unknown,Unknown,Unknown EMS Scene Arrival Hour,Unknown EMS Scene Arrival Minutes,Not Applicable (Not Transported),Not Applicable (Not Transported),1,Daylight,Reduced Visibility,1,2,['Driver'],['None_Used'],0,0,Valid,2.0,1.0,39.0,24.0,"['Male', 'Male']",1,0,5,1,5,Dry,Straight,Level,Lowest,No
23221,36,New York,360675,0,2,2,0,2,SENECA FALLS,September,20,Wednesday,14,41,Rural,Low Speed (Local),No,42.92406667,-76.81304167,Non-Intersection,Daylight,Clear,2:00pm-2:59pm,43,2:00pm-2:59pm,50,Unknown,Unknown EMS Hospital Arrival Time,1,Daylight,Clear,1,1,['Driver'],['None_Used'],0,0,Valid,0.0,0.0,65.0,29.0,"['Female', 'Male']",0,0,3,1,5,Dry,Straight,Level,Lowest,No
23222,36,New York,360676,0,2,2,0,2,BROOKHAVEN,July,10,Monday,7,20,Urban,High Speed (Arterial),Yes,40.81793611,-73.06845556,Non-Intersection,Daylight,Cloudy,7:00am-7:59am,20,7:00am-7:59am,27,Unknown,Unknown EMS Hospital Arrival Time,1,Daylight,Reduced Visibility,1,1,['Driver'],['Shoulder_Lapbelt'],0,0,Valid,1.0,0.0,58.0,51.0,"['Female', 'Male']",0,0,3,1,5,Wet/Standing Water,Straight,Level,Lowest,No
23223,36,New York,360677,0,3,3,0,5,MEDFORD,July,6,Thursday,0,12,Urban,High Speed (Arterial),Yes,40.80239167,-73.00451667,Non-Intersection,Dark - Lighted,Clear,Unknown,Unknown,Unknown EMS Scene Arrival Hour,Unknown EMS Scene Arrival Minutes,Unknown,Unknown EMS Hospital Arrival Time,1,Dark - Lighted,Clear,1,4,['Driver'],['None_Used'],0,0,Valid,1.0,2.0,23.0,18.0,"['Female', 'Male', 'Male']",3,0,5,1,5,Dry,Straight,Level,Lowest,Yes
23224,36,New York,360678,0,1,1,0,1,CIRCLEVILLE,September,22,Friday,9,15,Urban,Medium Speed (Collector),No,41.5438,-74.43191944,Non-Intersection,Daylight,Clear,9:00am-9:59am,15,9:00am-9:59am,30,9:00am-9:59am,45,1,Daylight,Clear,1,0,['Driver'],['Shoulder_Lapbelt'],0,0,Valid,0.0,0.0,78.0,78.0,['Male'],0,0,3,1,3,Dry,Straight,Level,Medium,No
23225,36,New York,360679,0,5,5,0,5,ISLIP,July,3,Monday,8,50,Rural,High Speed (Arterial),Yes,40.80859167,-73.19403889,Complex/Circle,Daylight,Clear,8:00am-8:59am,52,8:00am-8:59am,57,9:00am-9:59am,36,1,Daylight,Clear,1,4,['Driver'],['None_Used'],0,0,Valid,2.0,0.0,51.0,20.0,"['Male', 'Female', 'Male', 'Female', 'Male']",1,0,4,4,5,Dry,Straight,Level,Lowest,Yes
23226,36,New York,360680,0,3,3,0,4,BLACK RIVER,September,22,Friday,11,58,Urban,High Speed (Arterial),Yes,44.00571667,-75.79991389,Non-Intersection,Daylight,Clear,11:00am-11:59am,58,12:00pm-12:59pm,8,1:00pm-1:59pm,1,1,Daylight,Clear,1,3,['Front_Passenger'],['Shoulder_Lapbelt'],0,0,Valid,0.0,0.0,74.0,32.0,"['Male', 'Female', 'Male']",0,0,4,4,5,Dry,Straight,Level,Lowest,No
23227,36,New York,360681,0,2,2,0,2,BROOKHAVEN,July,20,Thursday,0,43,Urban,High Speed (Arterial),Yes,40.82128333,-73.04731944,Non-Intersection,Dark - Lighted,Cloudy,0:00am-0:59am,43,0:00am-0:59am,55,Not Applicable (Not Transported),Not Applicable (Not Transported),2,Dark - Lighted,Reduced Visibility,2,0,"['Driver', 'Driver']","['None_Used', 'None_Used']",1,1,Valid,2.0,0.0,61.0,26.0,"['Male', 'Male']",1,0,3,4,5,Dry,Straight,Level,Lowest,No
23228,36,New York,360682,0,1,1,0,1,EVANS MILLS,September,23,Saturday,20,49,Rural,High Speed (Arterial),Yes,44.00248056,-75.91522222,Non-Intersection,Dark - Not Lighted,Cloudy,8:00pm-8:59pm,49,Unknown EMS Scene Arrival Hour,Unknown EMS Scene Arrival Minutes,Not Applicable (Not Transported),Not Applicable (Not Transported),1,Dark - Unlighted,Reduced Visibility,1,0,['Driver'],['None_Used'],0,0,Valid,0.0,0.0,28.0,28.0,['Male'],1,0,5,4,3,Dry,Curve,Level,Lowest,No
23229,36,New York,360683,1,1,1,0,5,SCHOHARIE,September,25,Monday,19,38,Rural,Medium Speed (Collector),No,42.66352222,-74.31252778,Simple Junction,Dark - Lighted,Clear,7:00pm-7:59pm,30,7:00pm-7:59pm,40,8:00pm-8:59pm,37,1,Dark - Lighted,Clear,0,5,[],[],0,0,Valid,0.0,0.0,79.0,79.0,['Male'],0,0,2,1,4,Dry,Straight,Level,Lowest,No
23230,36,New York,360684,0,2,2,0,3,Other,September,20,Wednesday,15,48,Rural,High Speed (Arterial),Yes,42.84864722,-77.98519167,Simple Junction,Daylight,Clear,3:00pm-3:59pm,49,4:00pm-4:59pm,1,Not Applicable (Not Transported),Not Applicable (Not Transported),1,Daylight,Clear,1,2,['Driver'],['None_Used'],0,0,Valid,0.0,0.0,67.0,25.0,"['Male', 'Male']",1,0,5,4,5,Dry,Straight,Level,Lowest,No
23231,36,New York,360685,0,2,2,0,2,MASTIC,July,22,Saturday,20,45,Urban,Medium Speed (Collector),No,40.79591111,-72.84156667,Simple Junction,Dark - Lighted,Clear,8:00pm-8:59pm,45,8:00pm-8:59pm,50,9:00pm-9:59pm,14,1,Dark - Lighted,Clear,1,1,['Driver'],['None_Used'],1,1,Valid,0.0,0.0,61.0,35.0,"['Female', 'Male']",1,0,5,1,5,Dry,Curve,Grade/Hillcrest,Lowest,No
23232,36,New York,360686,0,2,1,1,1,ATTICA,September,23,Saturday,19,50,Urban,Low Speed (Local),No,42.86236944,-78.28948056,Simple Junction,Dusk,Clear,Unknown,Unknown,Unknown EMS Scene Arrival Hour,Unknown EMS Scene Arrival Minutes,Unknown,Unknown EMS Hospital Arrival Time,1,Twilight,Clear,1,0,['Driver'],['None_Used'],1,1,Valid,0.0,0.0,23.0,23.0,['Male'],1,0,3,1,5,Dry,Curve,Grade/Hillcrest,Lowest,No
23233,36,New York,360687,0,2,2,0,2,MIDDLE VILLAGE,October,10,Tuesday,22,37,Urban,High Speed (Arterial),Yes,40.76168611,-73.86822222,Complex/Circle,Dark - Lighted,Clear,Unknown,Unknown,Unknown EMS Scene Arrival Hour,Unknown EMS Scene Arrival Minutes,Not Applicable (Not Transported),Not Applicable (Not Transported),1,Dark - Lighted,Clear,1,1,['Driver'],['None_Used'],0,0,Invalid,0.0,0.0,52.0,16.0,"['Male', 'Male']",1,0,5,1,5,Dry,Straight,Level,Lowest,No
23234,36,New York,360688,0,2,2,0,5,WEBSTER,September,27,Wednesday,13,18,Urban,Medium Speed (Collector),No,43.26354722,-77.43418056,Complex/Circle,Daylight,Clear,1:00pm-1:59pm,18,1:00pm-1:59pm,21,Unknown,Unknown EMS Hospital Arrival Time,1,Daylight,Clear,1,4,['Driver'],['Shoulder_Lapbelt'],0,0,Valid,2.0,0.0,73.0,54.0,"['Male', 'Female']",0,0,4,4,5,Dry,Straight,Level,Lowest,No
23235,36,New York,360689,0,1,1,0,1,ST. JOHNSVILLE,September,30,Saturday,23,51,Rural,Low Speed (Local),No,43.01890833,-74.73530278,Non-Intersection,Dark - Not Lighted,Clear,11:00pm-11:59pm,51,0:00am-0:59am,7,Not Applicable (Not Transported),Not Applicable (Not Transported),1,Dark - Unlighted,Clear,1,0,['Driver'],['None_Used'],1,1,Invalid,3.0,1.0,34.0,34.0,['Male'],1,0,3,1,3,Dry,Curve,Grade/Hillcrest,Lowest,No
23236,36,New York,360690,0,3,3,0,3,MIDDLE VILLAGE,October,8,Sunday,18,25,Urban,High Speed (Arterial),Yes,40.76263333,-73.86159444,Simple Junction,Daylight,Clear,6:00pm-6:59pm,26,6:00pm-6:59pm,40,6:00pm-6:59pm,55,1,Daylight,Clear,1,2,['Driver'],['None_Used'],0,0,Invalid,1.0,1.0,65.0,26.0,"['Male', 'Male', 'Female']",1,0,5,1,5,Dry,Straight,Level,Lowest,No
23237,36,New York,360691,0,2,2,0,3,NEW YORK,October,4,Wednesday,3,24,Urban,Low Speed (Local),No,40.78296389,-73.94801389,Complex/Circle,Dark - Lighted,Clear,Unknown,Unknown,Unknown EMS Scene Arrival Hour,Unknown EMS Scene Arrival Minutes,Unknown,Unknown EMS Hospital Arrival Time,1,Dark - Lighted,Clear,1,2,['Driver'],['None_Used'],0,0,Invalid,1.0,0.0,70.0,47.0,"['Male', 'Male']",2,0,5,4,5,Dry,Straight,Level,Lowest,No
23238,36,New York,360692,1,1,1,0,1,ROCHESTER,September,26,Tuesday,11,17,Urban,Medium Speed (Collector),No,43.16729722,-77.61698611,Complex/Circle,Daylight,Clear,Unknown,Unknown,Unknown EMS Scene Arrival Hour,Unknown EMS Scene Arrival Minutes,11:00am-11:59am,45,1,Daylight,Clear,0,1,[],[],0,0,Valid,2.0,0.0,44.0,44.0,['Male'],0,0,4,1,4,Dry,Straight,Level,Lowest,No
23239,36,New York,360693,1,1,1,0,1,NEW YORK CITY,October,4,Wednesday,10,8,Urban,Medium Speed (Collector),No,40.65530833,-73.95293889,Complex/Circle,Daylight,Clear,10:00am-10:59am,8,10:00am-10:59am,15,10:00am-10:59am,30,1,Daylight,Clear,0,1,[],[],0,0,Valid,2.0,0.0,26.0,26.0,['Male'],0,0,4,1,4,Dry,Straight,Level,Lowest,No
23240,36,New York,360694,1,1,1,0,4,NEW YORK,October,3,Tuesday,19,21,Urban,Medium Speed (Collector),No,40.73475278,-73.99997778,Complex/Circle,Dusk,Clear,Unknown,Unknown,Unknown EMS Scene Arrival Hour,Unknown EMS Scene Arrival Minutes,Unknown,Unknown EMS Hospital Arrival Time,1,Twilight,Clear,0,4,[],[],0,0,Valid,2.0,1.0,56.0,56.0,['Female'],0,0,3,1,4,Dry,Straight,Level,Lowest,No
23241,36,New York,360695,0,1,1,0,1,ACCORD,June,28,Wednesday,20,18,Rural,Low Speed (Local),No,41.81556111,-74.228575,Non-Intersection,Daylight,Cloudy,8:00pm-8:59pm,18,8:00pm-8:59pm,26,9:00pm-9:59pm,27,1,Daylight,Reduced Visibility,1,0,['Driver'],['None_Used'],1,1,Valid,0.0,0.0,52.0,52.0,['Female'],0,0,5,1,3,Dry,Straight,Grade/Hillcrest,Lowest,No
23242,36,New York,360696,0,1,1,0,1,CLAYTON,August,5,Saturday,4,0,Rural,Medium Speed (Collector),No,44.20413889,-76.01832778,Non-Intersection,Dark - Not Lighted,"Fog, Smog, Smoke",Unknown,Unknown,Unknown EMS Scene Arrival Hour,Unknown EMS Scene Arrival Minutes,Not Applicable (Not Transported),Not Applicable (Not Transported),1,Dark - Unlighted,Reduced Visibility,1,0,['Driver'],['Shoulder_Lapbelt'],0,0,Valid,1.0,0.0,25.0,25.0,['Male'],0,0,3,4,3,Dry,Straight,Level,Lowest,No
23243,36,New York,360697,0,1,1,0,1,ANDOVER,September,28,Thursday,14,43,Rural,Low Speed (Local),No,42.152825,-77.78218056,Non-Intersection,Daylight,Cloudy,2:00pm-2:59pm,44,2:00pm-2:59pm,50,Not Applicable (Not Transported),Not Applicable (Not Transported),1,Daylight,Reduced Visibility,1,0,['Driver'],['Shoulder_Lapbelt'],0,0,Valid,0.0,0.0,41.0,41.0,['Male'],1,0,4,4,3,Dry,Curve,Level,Lowest,Yes
23244,36,New York,360698,0,1,1,0,1,NEW YORK CITY,October,13,Friday,0,36,Urban,Medium Speed (Collector),No,40.58355556,-73.96025,Complex/Circle,Dark - Lighted,Clear,Unknown,Unknown,Unknown EMS Scene Arrival Hour,Unknown EMS Scene Arrival Minutes,Unknown,Unknown EMS Hospital Arrival Time,1,Dark - Lighted,Clear,1,0,['Driver'],['None_Used'],0,0,Valid,0.0,0.0,50.0,50.0,['Male'],0,0,5,1,2,Dry,Straight,Level,Lowest,No
23245,36,New York,360699,1,1,1,0,1,OYSTER BAY,October,13,Friday,15,43,Urban,Medium Speed (Collector),No,40.71986389,-73.45832778,Simple Junction,Daylight,Clear,3:00pm-3:59pm,45,3:00pm-3:59pm,49,Not Applicable (Not Transported),Not Applicable (Not Transported),1,Daylight,Clear,0,1,[],[],0,0,Valid,1.0,0.0,54.0,54.0,['Female'],0,0,3,1,4,Dry,Straight,Level,Lowest,No
23246,36,New York,360700,0,1,1,0,1,WOLCOTT,August,25,Friday,10,2,Rural,Medium Speed (Collector),No,43.16296944,-76.78312778,Non-Intersection,Daylight,Cloudy,10:00am-10:59am,6,10:00am-10:59am,31,Not Applicable (Not Transported),Not Applicable (Not Transported),1,Daylight,Reduced Visibility,1,0,['Driver'],['None_Used'],0,0,Invalid,0.0,0.0,36.0,36.0,['Male'],1,0,5,4,3,Wet/Standing Water,Curve,Grade/Hillcrest,Lowest,No
23247,36,New York,360701,0,2,2,0,3,BRIGHTON,September,5,Tuesday,10,24,Urban,Medium Speed (Collector),No,43.12931389,-77.56772778,Non-Intersection,Daylight,Clear,10:00am-10:59am,24,10:00am-10:59am,25,10:00am-10:59am,59,1,Daylight,Clear,1,2,['Driver'],['Shoulder_Lapbelt'],0,0,Valid,5.0,0.0,62.0,30.0,"['Male', 'Female']",2,0,3,1,5,Dry,Straight,Level,Lowest,No
23248,36,New York,360702,1,1,1,0,1,NISKAYUNA,October,5,Thursday,19,57,Urban,High Speed (Arterial),Yes,42.76933889,-73.89164444,Simple Junction,Dark - Lighted,Cloudy,7:00pm-7:59pm,59,8:00pm-8:59pm,0,Unknown,Unknown EMS Hospital Arrival Time,1,Dark - Lighted,Reduced Visibility,0,1,[],[],0,0,Valid,2.0,0.0,29.0,29.0,['Male'],0,0,2,1,4,Dry,Straight,Grade/Hillcrest,Lowest,No
23249,36,New York,360703,0,2,2,0,2,PEEKSKILL,October,8,Sunday,13,8,Urban,High Speed (Arterial),Yes,41.29852222,-73.90605833,Complex/Circle,Daylight,Clear,1:00pm-1:59pm,8,Unknown EMS Scene Arrival Hour,Unknown EMS Scene Arrival Minutes,Unknown,Unknown EMS Hospital Arrival Time,1,Daylight,Clear,1,1,['Driver'],['None_Used'],0,0,Valid,2.0,0.0,39.0,31.0,"['Male', 'Male']",0,0,5,1,5,Dry,Straight,Level,Lowest,No
23250,36,New York,360704,1,1,1,0,1,BABYLON,October,15,Sunday,5,19,Urban,High Speed (Arterial),Yes,40.70258056,-73.37623333,Simple Junction,Dark - Lighted,Cloudy,5:00am-5:59am,23,5:00am-5:59am,23,Not Applicable (Not Transported),Not Applicable (Not Transported),1,Dark - Lighted,Reduced Visibility,0,1,[],[],0,0,Valid,0.0,0.0,58.0,58.0,['Male'],0,0,3,1,4,Wet/Standing Water,Straight,Level,Lowest,No
23251,36,New York,360705,1,1,1,0,1,NEW YORK,October,19,Thursday,18,51,Urban,High Speed (Arterial),Yes,40.83653611,-73.9432,Complex/Circle,Dark - Lighted,Clear,Unknown,Unknown,Unknown EMS Scene Arrival Hour,Unknown EMS Scene Arrival Minutes,Unknown,Unknown EMS Hospital Arrival Time,1,Dark - Lighted,Clear,0,1,[],[],0,0,Valid,0.0,0.0,27.0,27.0,['Male'],1,0,2,1,4,Dry,Straight,Level,Lowest,No
23252,36,New York,360706,1,1,1,0,1,NEW YORK CITY,October,18,Wednesday,10,28,Urban,Medium Speed (Collector),No,40.70068889,-73.94188889,Complex/Circle,Daylight,Clear,10:00am-10:59am,30,Unknown EMS Scene Arrival Hour,Unknown EMS Scene Arrival Minutes,Unknown,Unknown EMS Hospital Arrival Time,1,Daylight,Clear,0,1,[],[],0,0,Valid,2.0,0.0,72.0,72.0,['Female'],0,0,3,1,4,Dry,Straight,Level,Lowest,No
23253,36,New York,360708,0,2,2,0,2,NEW YORK CITY,October,19,Thursday,11,42,Urban,Medium Speed (Collector),No,40.87686667,-73.85416667,Complex/Circle,Daylight,Clear,Unknown,Unknown,Unknown EMS Scene Arrival Hour,Unknown EMS Scene Arrival Minutes,Unknown,Unknown EMS Hospital Arrival Time,1,Daylight,Clear,1,1,['Driver'],['None_Used'],0,0,Invalid,3.0,0.0,65.0,27.0,"['Male', 'Male']",0,0,5,4,5,Dry,Straight,Level,Lowest,No
23254,36,New York,360709,0,3,3,0,3,NEW YORK CITY,October,16,Monday,22,26,Rural,High Speed (Arterial),Yes,40.58369722,-73.92157778,Non-Intersection,Dark - Lighted,Clear,Unknown,Unknown,Unknown EMS Scene Arrival Hour,Unknown EMS Scene Arrival Minutes,Unknown,Unknown EMS Hospital Arrival Time,1,Dark - Lighted,Clear,1,2,['Driver'],['Shoulder_Lapbelt'],0,0,Valid,0.0,1.0,35.0,23.0,"['Male', 'Male', 'Female']",1,0,3,4,5,Dry,Straight,Level,Lowest,No
23255,36,New York,360710,0,1,1,0,2,HILLSDALE,October,17,Tuesday,17,49,Rural,Low Speed (Local),No,42.20971111,-73.51911944,Non-Intersection,Dusk,Clear,Unknown,Unknown,Unknown EMS Scene Arrival Hour,Unknown EMS Scene Arrival Minutes,Unknown,Unknown EMS Hospital Arrival Time,1,Twilight,Clear,1,1,['Driver'],['None_Used'],0,0,Valid,0.0,0.0,17.0,17.0,['Male'],2,0,2,1,3,Dry,Straight,Level,Lowest,No
23256,36,New York,360711,0,1,1,0,1,FRIENDSHIP,August,20,Sunday,18,13,Rural,Low Speed (Local),No,42.14758889,-78.11483333,Non-Intersection,Daylight,Cloudy,6:00pm-6:59pm,13,6:00pm-6:59pm,28,8:00pm-8:59pm,22,1,Daylight,Reduced Visibility,1,0,['Driver'],['None_Used'],0,0,Valid,0.0,0.0,65.0,65.0,['Male'],1,0,5,1,3,Dry,Straight,Grade/Hillcrest,Lowest,No
23257,36,New York,360712,0,1,1,0,1,HUNTINGTON,September,27,Wednesday,13,27,Rural,Medium Speed (Collector),No,40.79312222,-73.43193611,Non-Intersection,Daylight,Clear,1:00pm-1:59pm,27,Unknown EMS Scene Arrival Hour,Unknown EMS Scene Arrival Minutes,Unknown,Unknown EMS Hospital Arrival Time,1,Daylight,Clear,1,0,['Driver'],['Shoulder_Lapbelt'],0,0,Valid,0.0,0.0,90.0,90.0,['Female'],1,0,3,4,3,Dry,Curve,Grade/Hillcrest,Lowest,No
23258,36,New York,360713,1,1,1,0,1,SODUS,August,26,Saturday,2,51,Rural,Medium Speed (Collector),No,43.26260278,-77.05928611,Non-Intersection,Dark - Not Lighted,Clear,Unknown,Unknown,Unknown EMS Scene Arrival Hour,Unknown EMS Scene Arrival Minutes,Not Applicable (Not Transported),Not Applicable (Not Transported),1,Dark - Unlighted,Clear,0,1,[],[],0,0,Valid,0.0,0.0,40.0,40.0,['Male'],0,0,3,1,4,Dry,Straight,Level,Lowest,No
23259,36,New York,360714,1,1,1,0,1,MENANDS,October,9,Monday,14,32,Urban,High Speed (Arterial),Yes,42.69980278,-73.71229722,Non-Intersection,Daylight,Clear,2:00pm-2:59pm,33,2:00pm-2:59pm,45,Not Applicable (Not Transported),Not Applicable (Not Transported),1,Daylight,Clear,0,1,[],[],0,0,Valid,1.0,0.0,70.0,70.0,['Male'],0,0,4,1,4,Dry,Curve,Level,Lowest,No
23260,36,New York,360715,1,1,1,0,2,HEMPSTEAD,October,16,Monday,19,27,Urban,High Speed (Arterial),Yes,40.69740278,-73.62986111,Complex/Circle,Dark - Lighted,Cloudy,7:00pm-7:59pm,27,7:00pm-7:59pm,28,7:00pm-7:59pm,48,1,Dark - Lighted,Reduced Visibility,0,2,[],[],0,0,Invalid,4.0,4.0,33.0,33.0,['Male'],0,0,2,1,4,Dry,Straight,Level,Lowest,No
23261,36,New York,360716,1,1,1,0,1,MIDDLE VILLAGE,October,20,Friday,8,2,Urban,High Speed (Arterial),Yes,40.68834444,-73.84875556,Complex/Circle,Daylight,Cloudy,8:00am-8:59am,2,Unknown EMS Scene Arrival Hour,Unknown EMS Scene Arrival Minutes,Not Applicable (Not Transported),Not Applicable (Not Transported),1,Daylight,Reduced Visibility,0,1,[],[],0,0,Valid,0.0,0.0,39.0,39.0,['Male'],0,0,4,1,4,Dry,Straight,Level,Lowest,No
23262,36,New York,360717,0,1,1,0,1,BROOKHAVEN,October,23,Monday,2,34,Urban,High Speed (Arterial),Yes,40.82265278,-73.02821944,Non-Intersection,Dark - Lighted,Clear,2:00am-2:59am,35,2:00am-2:59am,47,Not Applicable (Not Transported),Not Applicable (Not Transported),1,Dark - Lighted,Clear,1,0,['Driver'],['None_Used'],0,0,Valid,0.0,0.0,45.0,45.0,['Male'],0,0,3,1,3,Dry,Straight,Level,Lowest,No
23263,36,New York,360718,1,1,1,0,1,SOUTHOLD,August,22,Tuesday,16,41,Urban,Medium Speed (Collector),No,40.99263889,-72.53050278,Non-Intersection,Daylight,Clear,4:00pm-4:59pm,41,4:00pm-4:59pm,41,Unknown,Unknown EMS Hospital Arrival Time,1,Daylight,Clear,0,1,[],[],0,0,Valid,0.0,0.0,85.0,85.0,['Male'],0,0,3,1,4,Dry,Straight,Level,Lowest,No
23264,36,New York,360719,1,1,1,0,1,AMITYVILLE,September,20,Wednesday,11,19,Urban,Medium Speed (Collector),No,40.671125,-73.41659444,Complex/Circle,Daylight,Clear,11:00am-11:59am,19,11:00am-11:59am,23,Unknown,Unknown EMS Hospital Arrival Time,1,Daylight,Clear,0,1,[],[],0,0,Valid,0.0,0.0,18.0,18.0,['Male'],0,0,3,1,4,Dry,Straight,Level,Lowest,No
23265,36,New York,360720,0,2,2,0,2,BETHEL,August,31,Thursday,0,37,Rural,Medium Speed (Collector),No,41.695075,-74.92906944,Non-Intersection,Dark - Not Lighted,Clear,0:00am-0:59am,37,0:00am-0:59am,54,1:00am-1:59am,24,1,Dark - Unlighted,Clear,1,1,['Driver'],['None_Used'],1,1,Valid,0.0,0.0,67.0,17.0,"['Male', 'Male']",0,0,5,4,5,Dry,Straight,Grade/Hillcrest,Lowest,No
23266,36,New York,360721,0,2,2,0,2,HEMPSTEAD,September,30,Saturday,19,13,Rural,High Speed (Arterial),Yes,40.70884722,-73.61168056,Complex/Circle,Dark - Lighted,Rain,7:00pm-7:59pm,13,7:00pm-7:59pm,16,Unknown,Unknown EMS Hospital Arrival Time,1,Dark - Lighted,Rain/Wind/Minor,1,1,['Driver'],['None_Used'],0,0,Valid,1.0,0.0,78.0,44.0,"['Male', 'Male']",0,0,5,1,5,Wet/Standing Water,Straight,Level,Lowest,No
23267,36,New York,360722,1,1,1,0,1,BRIGHTON,October,22,Sunday,20,4,Urban,High Speed (Arterial),Yes,43.13328333,-77.55301389,Non-Intersection,Dark - Lighted,Rain,8:00pm-8:59pm,4,8:00pm-8:59pm,12,Not Applicable (Not Transported),Not Applicable (Not Transported),1,Dark - Lighted,Rain/Wind/Minor,0,1,[],[],0,0,Valid,0.0,0.0,34.0,34.0,['Male'],0,0,2,1,4,Wet/Standing Water,Straight,Level,Lowest,No
23268,36,New York,360723,0,2,2,0,5,LIMA,October,17,Tuesday,5,22,Urban,High Speed (Arterial),Yes,42.90916667,-77.60121389,Non-Intersection,Dark - Not Lighted,Rain,5:00am-5:59am,27,5:00am-5:59am,51,Unknown,Unknown EMS Hospital Arrival Time,1,Dark - Unlighted,Rain/Wind/Minor,1,4,['Rear_Seat'],['Shoulder_Lapbelt'],0,0,Valid,1.0,0.0,36.0,27.0,"['Male', 'Male']",0,0,4,1,5,Wet/Standing Water,Straight,Grade/Hillcrest,Lowest,No
23269,36,New York,360724,0,2,2,0,2,NEW YORK CITY,October,21,Saturday,20,40,Urban,Low Speed (Local),No,40.81509444,-73.91947222,Simple Junction,Dark - Lighted,Clear,Unknown,Unknown,Unknown EMS Scene Arrival Hour,Unknown EMS Scene Arrival Minutes,Unknown,Unknown EMS Hospital Arrival Time,1,Dark - Lighted,Clear,1,1,['Driver'],['Shoulder_Lapbelt'],0,0,Valid,0.0,0.0,69.0,45.0,"['Female', 'Female']",1,0,4,4,5,Dry,Straight,Level,Lowest,No