,State_Code,State_Name,Crash_ID,Count_Non_Motorists,Count_Vehicles_Total,Count_Vehicle_Forms,Count_PVH_Involved,Count_Occupants_MV,City_Name,Month_Name,Day_of_Month,Day_of_Week,Crash_Hour,Crash_Minute,Area_Rural_Urban,Road_Functional_Class,On_NHS_Road,Latitude,Longitude,Intersection_Type,Light_Condition,Weather_Condition,Notif_Hour,Notif_Minute,Arrival_Hour,Arrival_Minute,Hospital_Hour,Hospital_Minute,Fatalities_Count,Clean_Light_Condition,Clean_Weather_Condition,Total_Killed,Total_Alive,Fatal_Seats_List,Killed_Restraint_List,Any_Driver_Drinking,Total_Drinking_Drivers,Driver_License_Category,Driver_Max_Prev_Accident_Count,Driver_Max_Prev_Speeding_Count,Max_Driver_Age,Min_Driver_Age,Driver_Sex_List,Total_Exceeding_Limit_Vehicles,Total_Too_Fast_Vehicles,Max_Vehicle_Type_Severity_5,Max_Vehicle_Damage_Rank,Max_Harmful_Event_Severity,Crash_Road_Surface_Condition,Crash_Horizontal_Alignment,Crash_Vertical_Profile,Crash_Impairment_Category,Crash_Vehicle_Defect
23270,36,New York,360725,0,3,3,0,3,KILL BUCK,October,13,Friday,0,15,Urban,High Speed (Arterial),Yes,42.11995,-78.65325556,Non-Intersection,Dark - Not Lighted,Clear,0:00am-0:59am,15,Unknown EMS Scene Arrival Hour,Unknown EMS Scene Arrival Minutes,Unknown,Unknown EMS Hospital Arrival Time,2,Dark - Unlighted,Clear,2,1,"['Driver', 'Driver']","['Shoulder_Lapbelt', 'Shoulder_Lapbelt']",0,0,Invalid,1.0,0.0,44.0,26.0,"['Male', 'Female', 'Male']",0,0,3,4,5,Dry,Straight,Level,Lowest,No
23271,36,New York,360726,0,1,1,0,1,BLOOMING GROVE,August,17,Thursday,17,39,Urban,Medium Speed (Collector),No,41.38235278,-74.17443333,Non-Intersection,Daylight,Clear,5:00pm-5:59pm,39,5:00pm-5:59pm,45,Unknown,Unknown EMS Hospital Arrival Time,1,Daylight,Clear,1,0,['Driver'],['Shoulder_Lapbelt'],1,1,Valid,0.0,0.0,57.0,57.0,['Female'],0,0,2,4,3,Dry,Straight,Grade/Hillcrest,Lowest,No
23272,36,New York,360727,0,2,2,0,4,WILTON,July,30,Sunday,19,52,Urban,High Speed (Arterial),Yes,43.09910556,-73.75351389,Non-Intersection,Daylight,Clear,7:00pm-7:59pm,52,7:00pm-7:59pm,56,8:00pm-8:59pm,5,1,Daylight,Clear,1,3,['Rear_Seat'],['None_Used'],1,1,Valid,0.0,0.0,57.0,45.0,"['Male', 'Male']",2,0,5,1,5,Dry,Curve,Grade/Hillcrest,Lowest,No
23273,36,New York,360728,0,2,2,0,2,SARDINIA,September,15,Friday,8,53,Rural,Medium Speed (Collector),No,42.539625,-78.50815556,Complex/Circle,Daylight,Clear,8:00am-8:59am,55,8:00am-8:59am,58,9:00am-9:59am,55,1,Daylight,Clear,1,1,['Driver'],['Shoulder_Lapbelt'],0,0,Valid,0.0,0.0,41.0,33.0,"['Female', 'Female']",0,0,3,1,5,Dry,Straight,Level,Lowest,No
23274,36,New York,360729,0,1,1,0,3,GALWAY,October,12,Thursday,15,22,Rural,Medium Speed (Collector),No,43.00039722,-73.98532222,Non-Intersection,Daylight,Clear,3:00pm-3:59pm,26,4:00pm-4:59pm,29,5:00pm-5:59pm,4,1,Daylight,Clear,1,2,['Non_Standard_Risk'],['Shoulder_Lapbelt'],0,0,Valid,1.0,0.0,55.0,55.0,['Male'],0,0,4,1,3,Dry,Straight,Level,Medium,No
23275,36,New York,360730,0,1,1,0,1,COLONIE,October,14,Saturday,21,25,Urban,High Speed (Arterial),Yes,42.74184722,-73.69636944,Non-Intersection,Dark - Not Lighted,Clear,9:00pm-9:59pm,25,9:00pm-9:59pm,35,10:00pm-10:59pm,5,1,Dark - Unlighted,Clear,1,0,['Driver'],['None_Used'],0,0,Invalid,0.0,0.0,33.0,33.0,['Male'],0,0,5,4,3,Dry,Straight,Level,Lowest,No
23276,36,New York,360731,1,1,1,0,1,NEW YORK,September,21,Thursday,6,20,Urban,Medium Speed (Collector),No,40.76427222,-73.95571944,Complex/Circle,Dark - Lighted,Clear,Unknown,Unknown,Unknown EMS Scene Arrival Hour,Unknown EMS Scene Arrival Minutes,Unknown,Unknown EMS Hospital Arrival Time,1,Dark - Lighted,Clear,0,1,[],[],0,0,Valid,0.0,2.0,29.0,29.0,['Male'],0,0,3,1,4,Dry,Straight,Level,Lowest,No
23277,36,New York,360732,1,1,1,0,1,LANSING,October,13,Friday,19,2,Urban,Medium Speed (Collector),No,42.50229444,-76.47135278,Non-Intersection,Dark - Not Lighted,Cloudy,7:00pm-7:59pm,2,7:00pm-7:59pm,15,7:00pm-7:59pm,30,1,Dark - Unlighted,Reduced Visibility,0,1,[],[],0,0,Valid,0.0,1.0,39.0,39.0,['Female'],0,0,2,1,4,Dry,Straight,Level,Lowest,No
23278,36,New York,360733,0,2,1,1,2,SCHENECTADY,October,21,Saturday,20,52,Urban,Medium Speed (Collector),No,42.81046944,-73.92480556,Non-Intersection,Dark - Not Lighted,Clear,8:00pm-8:59pm,53,8:00pm-8:59pm,56,Unknown,Unknown EMS Hospital Arrival Time,1,Dark - Unlighted,Clear,1,1,['Front_Passenger'],['None_Used'],1,1,Valid,0.0,0.0,31.0,31.0,['Male'],2,0,2,4,5,Dry,Curve,Level,Lowest,No
23279,36,New York,360734,0,4,4,0,4,BETHEL,July,13,Thursday,16,8,Rural,Medium Speed (Collector),No,41.67205556,-74.79180833,Simple Junction,Daylight,Clear,4:00pm-4:59pm,8,4:00pm-4:59pm,12,Unknown,Unknown EMS Hospital Arrival Time,1,Daylight,Clear,1,3,['Driver'],['Shoulder_Lapbelt'],0,0,Valid,1.0,0.0,65.0,38.0,"['Male', 'Male', 'Male', 'Male']",0,0,3,4,5,Dry,Straight,Level,Lowest,No
23280,36,New York,360735,0,1,1,0,1,CAZENOVIA,October,1,Sunday,12,12,Rural,Medium Speed (Collector),No,42.97921111,-75.83999722,Non-Intersection,Daylight,Clear,12:00pm-12:59pm,13,12:00pm-12:59pm,24,1:00pm-1:59pm,15,1,Daylight,Clear,1,0,['Driver'],['None_Used'],0,0,Valid,0.0,0.0,48.0,48.0,['Male'],0,0,5,4,2,Dry,Curve,Grade/Hillcrest,Lowest,No
23281,36,New York,360736,0,1,1,0,2,HARRISVILLE,October,12,Thursday,17,12,Rural,High Speed (Arterial),Yes,44.10041944,-75.41375556,Non-Intersection,Daylight,Clear,5:00pm-5:59pm,12,5:00pm-5:59pm,21,5:00pm-5:59pm,58,1,Daylight,Clear,1,1,['Driver'],['None_Used'],0,0,Valid,1.0,1.0,35.0,35.0,['Male'],0,0,4,1,3,Dry,Straight,Level,Lowest,Yes
23282,36,New York,360737,0,3,3,0,6,BARNEVELD,October,12,Thursday,17,17,Rural,High Speed (Arterial),Yes,43.24093611,-75.18274167,Complex/Circle,Daylight,Clear,5:00pm-5:59pm,17,5:00pm-5:59pm,22,Unknown,Unknown EMS Hospital Arrival Time,1,Daylight,Clear,1,5,['Driver'],['None_Used'],0,0,Valid,0.0,0.0,61.0,21.0,"['Female', 'Male', 'Male']",1,0,5,4,5,Dry,Straight,Grade/Hillcrest,Lowest,No
23283,36,New York,360738,1,1,1,0,1,WEST HEMPSTEAD,October,24,Tuesday,6,44,Urban,Medium Speed (Collector),No,40.68362778,-73.66603889,Non-Intersection,Dark - Lighted,Clear,6:00am-6:59am,47,6:00am-6:59am,51,Not Applicable (Not Transported),Not Applicable (Not Transported),1,Dark - Lighted,Clear,0,1,[],[],0,0,Valid,0.0,0.0,19.0,19.0,['Male'],0,0,3,1,4,Dry,Straight,Level,Lowest,No
23284,36,New York,360739,0,2,2,0,2,NEW YORK,October,27,Friday,19,29,Urban,High Speed (Arterial),Yes,40.80683889,-73.96973889,Non-Intersection,Dark - Lighted,Clear,Unknown,Unknown,Unknown EMS Scene Arrival Hour,Unknown EMS Scene Arrival Minutes,Unknown,Unknown EMS Hospital Arrival Time,1,Dark - Lighted,Clear,1,1,['Driver'],['None_Used'],0,0,Valid,0.0,2.0,61.0,55.0,"['Male', 'Male']",1,0,5,1,5,Dry,Straight,Level,Lowest,No
23285,36,New York,360740,0,2,2,0,2,NEW YORK CITY,October,27,Friday,23,51,Urban,High Speed (Arterial),Yes,40.83379167,-73.82678333,Non-Intersection,Dark - Lighted,Clear,Unknown,Unknown,Unknown EMS Scene Arrival Hour,Unknown EMS Scene Arrival Minutes,Unknown,Unknown EMS Hospital Arrival Time,1,Dark - Lighted,Clear,1,1,['Driver'],['None_Used'],0,0,Valid,0.0,1.0,43.0,38.0,"['Male', 'Male']",1,0,5,1,5,Dry,Straight,Level,Lowest,No
23286,36,New York,360741,0,1,1,0,1,SAVANNAH,October,27,Friday,19,36,Rural,Medium Speed (Collector),No,43.073775,-76.73661667,Non-Intersection,Dark - Not Lighted,Clear,7:00pm-7:59pm,36,7:00pm-7:59pm,40,Not Applicable (Not Transported),Not Applicable (Not Transported),1,Dark - Unlighted,Clear,1,0,['Driver'],['None_Used'],0,0,Valid,2.0,0.0,32.0,32.0,['Male'],0,0,5,4,2,Dry,Curve,Level,Lowest,No
23287,36,New York,360742,0,3,3,0,6,Other,October,29,Sunday,13,35,Urban,High Speed (Arterial),Yes,40.65626667,-73.76767778,Complex/Circle,Daylight,Rain,1:00pm-1:59pm,36,Unknown EMS Scene Arrival Hour,Unknown EMS Scene Arrival Minutes,Unknown,Unknown EMS Hospital Arrival Time,1,Daylight,Rain/Wind/Minor,1,5,['Front_Passenger'],['Shoulder_Lapbelt'],0,0,Valid,2.0,0.0,68.0,52.0,"['Male', 'Male', 'Male']",0,0,4,1,5,Wet/Standing Water,Straight,Level,Lowest,No
23288,36,New York,360743,1,1,1,0,1,Staten Island,October,23,Monday,21,7,Urban,High Speed (Arterial),Yes,40.63060278,-74.105925,Complex/Circle,Dark - Lighted,Clear,Unknown,Unknown,Unknown EMS Scene Arrival Hour,Unknown EMS Scene Arrival Minutes,Unknown,Unknown EMS Hospital Arrival Time,1,Dark - Lighted,Clear,0,1,[],[],0,0,Valid,0.0,0.0,55.0,55.0,['Female'],0,0,3,1,4,Dry,Straight,Level,Lowest,No
23289,36,New York,360744,1,2,2,0,3,HEMPSTEAD,October,21,Saturday,20,8,Urban,High Speed (Arterial),Yes,40.71663056,-73.62081667,Simple Junction,Dark - Lighted,Clear,8:00pm-8:59pm,10,8:00pm-8:59pm,15,Not Applicable (Not Transported),Not Applicable (Not Transported),1,Dark - Lighted,Clear,0,3,[],[],0,0,Valid,4.0,0.0,45.0,19.0,"['Female', 'Male']",0,0,3,1,4,Dry,Straight,Level,Lowest,No
23290,36,New York,360745,1,1,1,0,1,ENDWELL,September,26,Tuesday,7,49,Urban,Medium Speed (Collector),No,42.11620278,-76.01758333,Complex/Circle,Daylight,Cloudy,7:00am-7:59am,48,7:00am-7:59am,55,8:00am-8:59am,25,1,Daylight,Reduced Visibility,0,1,[],[],0,0,Valid,1.0,0.0,76.0,76.0,['Female'],0,0,3,1,4,Dry,Straight,Level,Lowest,No
23291,36,New York,360746,1,1,1,0,1,OSWEGO,October,26,Thursday,2,12,Urban,Low Speed (Local),No,43.43678611,-76.53270278,Non-Intersection,Dark - Not Lighted,Clear,2:00am-2:59am,12,2:00am-2:59am,15,2:00am-2:59am,29,1,Dark - Unlighted,Clear,0,1,[],[],0,0,Valid,1.0,0.0,31.0,31.0,['Male'],0,0,3,1,4,Wet/Standing Water,Straight,Grade/Hillcrest,Lowest,No
23292,36,New York,360747,0,2,2,0,3,BABYLON,October,28,Saturday,20,15,Urban,Medium Speed (Collector),No,40.70765556,-73.38535,Non-Intersection,Dusk,Clear,8:00pm-8:59pm,15,8:00pm-8:59pm,19,8:00pm-8:59pm,37,1,Twilight,Clear,1,2,['Driver'],['None_Used'],1,1,Valid,1.0,0.0,30.0,18.0,"['Male', 'Male']",0,0,5,1,5,Dry,Straight,Level,Lowest,No
23293,36,New York,360748,0,1,1,0,1,OYSTER BAY,October,29,Sunday,18,57,Urban,Low Speed (Local),No,40.79489167,-73.52702222,Non-Intersection,Dark - Lighted,Rain,7:00pm-7:59pm,11,7:00pm-7:59pm,18,7:00pm-7:59pm,44,1,Dark - Lighted,Rain/Wind/Minor,1,0,['Driver'],['None_Used'],0,0,Valid,1.0,2.0,44.0,44.0,['Male'],0,0,2,1,3,Wet/Standing Water,Curve,Level,Medium,No
23294,36,New York,360749,0,1,1,0,1,SPENCER,October,23,Monday,2,13,Rural,Medium Speed (Collector),No,42.22561667,-76.4943,Non-Intersection,Dark - Not Lighted,Cloudy,2:00am-2:59am,13,2:00am-2:59am,40,Unknown,Unknown EMS Hospital Arrival Time,1,Dark - Unlighted,Reduced Visibility,1,0,['Driver'],['Shoulder_Lapbelt'],0,0,Valid,0.0,0.0,36.0,36.0,['Male'],1,0,3,1,3,Wet/Standing Water,Straight,Level,Lowest,No
23295,36,New York,360750,0,1,1,0,1,WATERTOWN,October,26,Thursday,22,28,Urban,Medium Speed (Collector),No,43.96179167,-75.94260556,Non-Intersection,Dark - Lighted,Cloudy,2:00am-2:59am,16,2:00am-2:59am,48,4:00am-4:59am,0,1,Dark - Lighted,Reduced Visibility,1,0,['Driver'],['None_Used'],0,0,Valid,2.0,0.0,32.0,32.0,['Male'],1,0,3,1,3,Wet/Standing Water,Curve,Grade/Hillcrest,Lowest,No
23296,36,New York,360751,0,2,2,0,2,POUGHKEEPSIE,October,19,Thursday,17,43,Urban,Medium Speed (Collector),No,41.72418333,-73.91082778,Simple Junction,Daylight,Cloudy,5:00pm-5:59pm,45,5:00pm-5:59pm,51,Not Applicable (Not Transported),Not Applicable (Not Transported),1,Daylight,Reduced Visibility,1,1,['Driver'],['None_Used'],0,0,Valid,0.0,0.0,67.0,56.0,"['Male', 'Male']",0,0,5,1,5,Dry,Straight,Level,Lowest,No
23297,36,New York,360752,0,1,1,0,1,CHEEKTOWAGA,May,24,Wednesday,1,10,Urban,High Speed (Arterial),Yes,42.93241389,-78.76474444,Non-Intersection,Dark - Lighted,Clear,Unknown,Unknown,Unknown EMS Scene Arrival Hour,Unknown EMS Scene Arrival Minutes,Not Applicable (Not Transported),Not Applicable (Not Transported),1,Dark - Lighted,Clear,1,0,['Driver'],['None_Used'],1,1,Invalid,2.0,0.0,23.0,23.0,['Male'],1,0,5,4,2,Dry,Curve,Level,Lowest,No
23298,36,New York,360753,0,1,1,0,1,ROMULUS,September,27,Wednesday,17,3,Rural,Medium Speed (Collector),No,42.78219722,-76.84244722,Non-Intersection,Daylight,Clear,5:00pm-5:59pm,0,5:00pm-5:59pm,5,Unknown,Unknown EMS Hospital Arrival Time,1,Daylight,Clear,1,0,['Driver'],['None_Used'],0,0,Valid,0.0,0.0,91.0,91.0,['Male'],0,0,2,1,3,Dry,Curve,Level,Lowest,No
23299,36,New York,360754,0,1,1,0,1,ORWELL,October,17,Tuesday,18,49,Rural,Medium Speed (Collector),No,43.57440278,-75.96248889,Non-Intersection,Dark - Not Lighted,Clear,6:00pm-6:59pm,49,7:00pm-7:59pm,2,Not Applicable (Not Transported),Not Applicable (Not Transported),1,Dark - Unlighted,Clear,1,0,['Driver'],['Shoulder_Lapbelt'],0,0,Valid,0.0,0.0,26.0,26.0,['Female'],1,0,3,1,3,Dry,Straight,Level,Lowest,No
23300,36,New York,360755,0,1,1,0,1,HORSEHEADS,October,28,Saturday,8,19,Urban,High Speed (Arterial),Yes,42.15538056,-76.81468333,Non-Intersection,Daylight,Cloudy,8:00am-8:59am,24,8:00am-8:59am,30,Not Applicable (Not Transported),Not Applicable (Not Transported),1,Daylight,Reduced Visibility,1,0,['Driver'],['None_Used'],0,0,Valid,0.0,0.0,21.0,21.0,['Male'],1,0,5,4,2,Dry,Curve,Level,Lowest,No
23301,36,New York,360756,0,1,1,0,3,HARPURSVILLE,October,30,Monday,16,39,Rural,Low Speed (Local),No,42.15536667,-75.61905556,Non-Intersection,Daylight,Rain,4:00pm-4:59pm,40,4:00pm-4:59pm,49,Unknown,Unknown EMS Hospital Arrival Time,1,Daylight,Rain/Wind/Minor,1,2,['Driver'],['Shoulder_Lapbelt'],0,0,Valid,0.0,0.0,17.0,17.0,['Male'],3,0,3,4,3,Wet/Standing Water,Curve,Grade/Hillcrest,Lowest,No
23302,36,New York,360757,1,1,1,0,1,SOUTHAMPTON,September,8,Friday,19,24,Urban,Low Speed (Local),No,40.87523056,-72.52997778,Non-Intersection,Dark - Not Lighted,Cloudy,Unknown,Unknown,Unknown EMS Scene Arrival Hour,Unknown EMS Scene Arrival Minutes,Unknown,Unknown EMS Hospital Arrival Time,1,Dark - Unlighted,Reduced Visibility,0,1,[],[],1,1,Valid,0.0,0.0,55.0,55.0,['Male'],0,0,3,1,4,Dry,Straight,Grade/Hillcrest,Lowest,No
23303,36,New York,360758,1,1,1,0,1,SYRACUSE,October,18,Wednesday,19,34,Urban,High Speed (Arterial),Yes,43.05353889,-76.146275,Complex/Circle,Dark - Lighted,Clear,7:00pm-7:59pm,36,7:00pm-7:59pm,38,7:00pm-7:59pm,40,1,Dark - Lighted,Clear,0,1,[],[],0,0,Valid,1.0,0.0,81.0,81.0,['Female'],0,0,2,1,4,Dry,Straight,Level,Lowest,No
23304,36,New York,360759,1,1,1,0,3,HEMPSTEAD,October,30,Monday,3,30,Urban,High Speed (Arterial),Yes,40.63073889,-73.73832222,Non-Intersection,Dark - Lighted,Cloudy,3:00am-3:59am,30,3:00am-3:59am,35,Unknown,Unknown EMS Hospital Arrival Time,1,Dark - Lighted,Reduced Visibility,0,3,[],[],1,1,Valid,2.0,1.0,22.0,22.0,['Female'],3,0,2,1,4,Wet/Standing Water,Straight,Level,Lowest,No
23305,36,New York,360760,1,1,1,0,1,BATAVIA,November,1,Wednesday,18,55,Rural,Medium Speed (Collector),No,43.00626667,-78.21173889,Non-Intersection,Dark - Not Lighted,Clear,6:00pm-6:59pm,55,7:00pm-7:59pm,0,7:00pm-7:59pm,10,1,Dark - Unlighted,Clear,0,1,[],[],0,0,Valid,0.0,0.0,27.0,27.0,['Female'],0,0,3,1,4,Dry,Straight,Level,Lowest,No
23306,36,New York,360761,0,2,2,0,2,CHEEKTOWAGA,June,17,Saturday,2,54,Urban,High Speed (Arterial),Yes,42.93245833,-78.76496389,Non-Intersection,Dark - Lighted,Cloudy,Unknown,Unknown,Unknown EMS Scene Arrival Hour,Unknown EMS Scene Arrival Minutes,Not Applicable (Not Transported),Not Applicable (Not Transported),1,Dark - Lighted,Reduced Visibility,1,1,['Driver'],['None_Used'],1,1,Invalid,0.0,1.0,55.0,42.0,"['Male', 'Male']",1,0,5,1,5,Dry,Curve,Grade/Hillcrest,Lowest,No
23307,36,New York,360762,0,2,2,0,3,FULTON,August,23,Wednesday,18,18,Urban,Medium Speed (Collector),No,43.324475,-76.44413889,Non-Intersection,Daylight,Clear,6:00pm-6:59pm,16,6:00pm-6:59pm,20,Unknown,Unknown EMS Hospital Arrival Time,1,Daylight,Clear,1,2,['Driver'],['None_Used'],1,1,Valid,1.0,0.0,62.0,40.0,"['Male', 'Male']",1,0,5,4,5,Dry,Straight,Level,Lowest,No
23308,36,New York,360763,0,2,2,0,2,CAIRO,September,16,Saturday,19,45,Rural,Medium Speed (Collector),No,42.31027778,-74.01761667,Non-Intersection,Dark - Not Lighted,Clear,7:00pm-7:59pm,49,7:00pm-7:59pm,54,Unknown,Unknown EMS Hospital Arrival Time,1,Dark - Unlighted,Clear,1,1,['Driver'],['None_Used'],0,0,Valid,0.0,0.0,49.0,49.0,"['Male', 'Male']",1,0,5,1,5,Dry,Straight,Level,Lowest,No
23309,36,New York,360764,0,2,2,0,2,RIVERHEAD,September,29,Friday,20,35,Urban,High Speed (Arterial),Yes,40.91964167,-72.63752222,Non-Intersection,Dark - Not Lighted,Rain,8:00pm-8:59pm,35,8:00pm-8:59pm,38,9:00pm-9:59pm,4,1,Dark - Unlighted,Rain/Wind/Minor,1,1,['Driver'],['None_Used'],1,1,Valid,0.0,0.0,61.0,60.0,"['Male', 'Female']",0,0,3,4,5,Wet/Standing Water,Straight,Grade/Hillcrest,Lowest,No
23310,36,New York,360765,0,3,3,0,3,AKRON,September,30,Saturday,7,54,Rural,High Speed (Arterial),Yes,42.99803889,-78.46708056,Non-Intersection,Daylight,Clear,7:00am-7:59am,54,7:00am-7:59am,58,Unknown,Unknown EMS Hospital Arrival Time,1,Daylight,Clear,1,2,['Driver'],['None_Used'],0,0,Valid,1.0,0.0,61.0,18.0,"['Female', 'Female', 'Male']",0,0,3,4,5,Dry,Straight,Level,Lowest,No
23311,36,New York,360766,1,1,1,0,1,SPRING VALLEY,October,23,Monday,4,24,Urban,High Speed (Arterial),Yes,41.10873333,-74.04241111,Non-Intersection,Dark - Not Lighted,Clear,4:00am-4:59am,27,4:00am-4:59am,32,Not Applicable (Not Transported),Not Applicable (Not Transported),1,Dark - Unlighted,Clear,0,1,[],[],0,0,Valid,1.0,0.0,52.0,52.0,['Male'],0,0,4,2,4,Dry,Straight,Level,Lowest,No
23312,36,New York,360767,1,2,2,0,2,NEW YORK CITY,November,2,Thursday,18,35,Urban,Medium Speed (Collector),No,40.67963333,-73.9468,Complex/Circle,Dark - Lighted,Clear,Unknown,Unknown,Unknown EMS Scene Arrival Hour,Unknown EMS Scene Arrival Minutes,Not Applicable (Not Transported),Not Applicable (Not Transported),1,Dark - Lighted,Clear,0,2,[],[],0,0,Valid,2.0,1.0,69.0,33.0,"['Male', 'Male']",0,0,3,1,4,Dry,Straight,Level,Lowest,No
23313,36,New York,360768,0,4,4,0,4,JOHNSTOWN,September,27,Wednesday,18,45,Rural,Medium Speed (Collector),No,43.05676389,-74.38155833,Complex/Circle,Dusk,Cloudy,6:00pm-6:59pm,45,6:00pm-6:59pm,52,Not Applicable (Not Transported),Not Applicable (Not Transported),1,Twilight,Reduced Visibility,1,3,['Driver'],['None_Used'],0,0,Valid,1.0,0.0,41.0,19.0,"['Male', 'Male', 'Male', 'Female']",0,0,5,4,5,Dry,Straight,Level,Lowest,No
23314,36,New York,360769,0,2,2,0,2,MIDDLE VILLAGE,November,5,Sunday,1,18,Urban,High Speed (Arterial),Yes,40.66598611,-73.75769444,Non-Intersection,Dark - Lighted,Clear,Unknown,Unknown,Unknown EMS Scene Arrival Hour,Unknown EMS Scene Arrival Minutes,Not Applicable (Not Transported),Not Applicable (Not Transported),1,Dark - Lighted,Clear,1,1,['Driver'],['None_Used'],0,0,Valid,0.0,1.0,999.0,23.0,"['Male', 'Other']",1,0,5,1,5,Dry,Straight,Level,Lowest,No
23315,36,New York,360770,0,2,2,0,2,MIDDLE VILLAGE,November,6,Monday,1,23,Urban,High Speed (Arterial),Yes,40.64914444,-73.83738333,Complex/Circle,Dark - Lighted,Clear,Unknown,Unknown,Unknown EMS Scene Arrival Hour,Unknown EMS Scene Arrival Minutes,Unknown,Unknown EMS Hospital Arrival Time,1,Dark - Lighted,Clear,1,1,['Driver'],['None_Used'],0,0,Valid,3.0,0.0,29.0,24.0,"['Male', 'Male']",1,0,5,4,5,Dry,Straight,Level,Lowest,No
23316,36,New York,360771,0,1,1,0,1,YONKERS,September,28,Thursday,0,48,Urban,High Speed (Arterial),Yes,40.90609444,-73.85645833,Non-Intersection,Dark - Lighted,Cloudy,0:00am-0:59am,55,Unknown EMS Scene Arrival Hour,Unknown EMS Scene Arrival Minutes,Not Applicable (Not Transported),Not Applicable (Not Transported),1,Dark - Lighted,Reduced Visibility,1,0,['Driver'],['None_Used'],0,0,Invalid,0.0,0.0,40.0,40.0,['Male'],0,0,5,1,3,Dry,Curve,Level,Lowest,No
23317,36,New York,360772,0,1,1,0,1,MOUNT KISCO,November,1,Wednesday,19,58,Urban,Low Speed (Local),No,41.19695556,-73.72517222,Non-Intersection,Dark - Lighted,Clear,8:00pm-8:59pm,5,8:00pm-8:59pm,7,8:00pm-8:59pm,8,1,Dark - Lighted,Clear,1,0,['Driver'],['None_Used'],0,0,Invalid,0.0,0.0,66.0,66.0,['Male'],0,0,3,1,3,Dry,Straight,Non-Trafficway,Lowest,No
23318,36,New York,360773,0,2,2,0,3,BROOKHAVEN,June,18,Sunday,11,48,Urban,Medium Speed (Collector),No,40.85511944,-72.81715,Complex/Circle,Daylight,Clear,11:00am-11:59am,48,Unknown EMS Scene Arrival Hour,Unknown EMS Scene Arrival Minutes,Unknown,Unknown EMS Hospital Arrival Time,1,Daylight,Clear,1,2,['Rear_Seat'],['None_Used'],0,0,Valid,0.0,0.0,50.0,38.0,"['Male', 'Female']",0,0,5,1,5,Dry,Straight,Level,Lowest,No
23319,36,New York,360774,0,1,1,0,1,NEW YORK CITY,May,26,Friday,6,21,Urban,Low Speed (Local),No,40.89731389,-73.86418056,Complex/Circle,Daylight,Clear,Unknown,Unknown,Unknown EMS Scene Arrival Hour,Unknown EMS Scene Arrival Minutes,Unknown,Unknown EMS Hospital Arrival Time,1,Daylight,Clear,1,0,['Driver'],['None_Used'],0,0,Valid,0.0,0.0,51.0,51.0,['Female'],0,0,3,1,3,Dry,Straight,Grade/Hillcrest,Lowest,No
23320,36,New York,360775,0,1,1,0,1,HUNTINGTON,June,15,Thursday,15,0,Urban,Low Speed (Local),No,40.84665278,-73.29933611,Non-Intersection,Daylight,Clear,Unknown,Unknown,Unknown EMS Scene Arrival Hour,Unknown EMS Scene Arrival Minutes,Unknown,Unknown EMS Hospital Arrival Time,1,Daylight,Clear,1,0,['Driver'],['Shoulder_Lapbelt'],0,0,Valid,0.0,0.0,76.0,76.0,['Female'],0,0,2,1,3,Dry,Straight,Level,Medium,No
23321,36,New York,360776,1,2,1,1,1,LIVINGSTON,June,29,Thursday,0,52,Rural,High Speed (Arterial),Yes,42.131225,-73.79020278,Non-Intersection,Dark - Not Lighted,Cloudy,Unknown,Unknown,Unknown EMS Scene Arrival Hour,Unknown EMS Scene Arrival Minutes,Not Applicable (Not Transported),Not Applicable (Not Transported),2,Dark - Unlighted,Reduced Visibility,1,0,['Driver'],['Shoulder_Lapbelt'],0,0,Valid,0.0,2.0,45.0,45.0,['Male'],1,0,3,1,3,Dry,Curve,Grade/Hillcrest,Lowest,No
23322,36,New York,360777,1,1,1,0,3,NEW YORK CITY,September,4,Monday,18,5,Urban,High Speed (Arterial),Yes,40.67649444,-73.89135833,Complex/Circle,Dusk,Clear,Unknown,Unknown,Unknown EMS Scene Arrival Hour,Unknown EMS Scene Arrival Minutes,Unknown,Unknown EMS Hospital Arrival Time,1,Twilight,Clear,0,3,[],[],0,0,Valid,0.0,0.0,20.0,20.0,['Female'],0,0,2,1,4,Dry,Straight,Level,Lowest,No
23323,36,New York,360778,1,2,2,0,2,NEW YORK CITY,November,13,Monday,22,37,Urban,High Speed (Arterial),Yes,40.64409722,-73.98914444,Complex/Circle,Dark - Lighted,Clear,Unknown,Unknown,Unknown EMS Scene Arrival Hour,Unknown EMS Scene Arrival Minutes,Not Applicable (Not Transported),Not Applicable (Not Transported),1,Dark - Lighted,Clear,0,1,[],[],0,0,Valid,2.0,0.0,65.0,62.0,"['Female', 'Male']",0,0,3,1,4,Dry,Straight,Level,Lowest,No
23324,36,New York,360779,0,2,2,0,2,BABYLON,September,7,Thursday,20,54,Urban,High Speed (Arterial),Yes,40.73204722,-73.34531389,Non-Intersection,Dark - Lighted,Clear,8:00pm-8:59pm,54,8:00pm-8:59pm,59,9:00pm-9:59pm,17,1,Dark - Lighted,Clear,1,1,['Driver'],['None_Used'],0,0,Invalid,3.0,0.0,41.0,37.0,"['Male', 'Male']",2,0,5,4,5,Dry,Straight,Level,Lowest,No
23325,36,New York,360780,0,2,2,0,2,BINGHAMTON,September,16,Saturday,14,33,Rural,Medium Speed (Collector),No,42.04110278,-75.92725833,Non-Intersection,Daylight,Clear,2:00pm-2:59pm,33,Unknown EMS Scene Arrival Hour,Unknown EMS Scene Arrival Minutes,Unknown,Unknown EMS Hospital Arrival Time,1,Daylight,Clear,1,1,['Driver'],['None_Used'],0,0,Valid,0.0,0.0,75.0,28.0,"['Male', 'Male']",0,0,5,4,5,Dry,Curve,Level,Lowest,No