,State_Code,State_Name,Crash_ID,Count_Non_Motorists,Count_Vehicles_Total,Count_Vehicle_Forms,Count_PVH_Involved,Count_Occupants_MV,City_Name,Month_Name,Day_of_Month,Day_of_Week,Crash_Hour,Crash_Minute,Area_Rural_Urban,Road_Functional_Class,On_NHS_Road,Latitude,Longitude,Intersection_Type,Light_Condition,Weather_Condition,Notif_Hour,Notif_Minute,Arrival_Hour,Arrival_Minute,Hospital_Hour,Hospital_Minute,Fatalities_Count,Clean_Light_Condition,Clean_Weather_Condition,Total_Killed,Total_Alive,Fatal_Seats_List,Killed_Restraint_List,Any_Driver_Drinking,Total_Drinking_Drivers,Driver_License_Category,Driver_Max_Prev_Accident_Count,Driver_Max_Prev_Speeding_Count,Max_Driver_Age,Min_Driver_Age,Driver_Sex_List,Total_Exceeding_Limit_Vehicles,Total_Too_Fast_Vehicles,Max_Vehicle_Type_Severity_5,Max_Vehicle_Damage_Rank,Max_Harmful_Event_Severity,Crash_Road_Surface_Condition,Crash_Horizontal_Alignment,Crash_Vertical_Profile,Crash_Impairment_Category,Crash_Vehicle_Defect
23326,36,New York,360781,0,2,2,0,2,FREDONIA,October,9,Monday,10,11,Urban,High Speed (Arterial),Yes,42.42171667,-79.30553889,Complex/Circle,Daylight,Cloudy,10:00am-10:59am,14,10:00am-10:59am,19,Not Applicable (Not Transported),Not Applicable (Not Transported),1,Daylight,Reduced Visibility,1,1,['Driver'],['None_Used'],0,0,Valid,1.0,0.0,58.0,41.0,"['Male', 'Male']",0,0,4,4,5,Dry,Straight,Level,Lowest,No
23327,36,New York,360782,1,1,1,0,1,MIDDLE VILLAGE,October,11,Wednesday,11,1,Urban,High Speed (Arterial),Yes,40.71626389,-73.90156944,Simple Junction,Daylight,Clear,Unknown,Unknown,Unknown EMS Scene Arrival Hour,Unknown EMS Scene Arrival Minutes,Unknown,Unknown EMS Hospital Arrival Time,1,Daylight,Clear,0,1,[],[],0,0,Valid,2.0,0.0,27.0,27.0,['Male'],0,0,3,1,4,Dry,Straight,Level,Lowest,No
23328,36,New York,360783,1,3,3,0,3,MALTA,July,10,Monday,7,39,Urban,High Speed (Arterial),Yes,42.95031667,-73.80441111,Non-Intersection,Daylight,Rain,7:00am-7:59am,40,7:00am-7:59am,49,8:00am-8:59am,20,1,Daylight,Rain/Wind/Minor,0,3,[],[],0,0,Valid,1.0,0.0,52.0,35.0,"['Male', 'Female', 'Female']",0,0,4,1,4,Wet/Standing Water,Straight,Level,Lowest,No
23329,36,New York,360784,0,2,2,0,3,MONTGOMERY,July,15,Saturday,7,11,Urban,Medium Speed (Collector),No,41.55411389,-74.14054444,Non-Intersection,Daylight,Cloudy,7:00am-7:59am,11,7:00am-7:59am,16,Unknown,Unknown EMS Hospital Arrival Time,1,Daylight,Reduced Visibility,1,2,['Driver'],['Shoulder_Lapbelt'],0,0,Valid,0.0,0.0,41.0,25.0,"['Female', 'Female']",0,0,3,1,5,Dry,Straight,Level,Lowest,No
23330,36,New York,360785,0,1,1,0,1,MARILLA,October,14,Saturday,21,52,Urban,Medium Speed (Collector),No,42.79155,-78.55411667,Non-Intersection,Dark - Lighted,Rain,9:00pm-9:59pm,52,9:00pm-9:59pm,58,Not Applicable (Not Transported),Not Applicable (Not Transported),1,Dark - Lighted,Rain/Wind/Minor,1,0,['Driver'],['None_Used'],0,0,Valid,0.0,0.0,55.0,55.0,['Male'],1,0,3,1,3,Wet/Standing Water,Curve,Grade/Hillcrest,Lowest,No
23331,36,New York,360786,0,1,1,0,1,WARRENSBURG,October,19,Thursday,21,43,Rural,Medium Speed (Collector),No,43.48308333,-73.79269722,Non-Intersection,Dark - Not Lighted,Clear,9:00pm-9:59pm,43,9:00pm-9:59pm,48,Not Applicable (Not Transported),Not Applicable (Not Transported),1,Dark - Unlighted,Clear,1,0,['Driver'],['None_Used'],0,0,Valid,0.0,0.0,44.0,44.0,['Male'],0,0,5,1,3,Dry,Curve,Level,Lowest,No
23332,36,New York,360787,2,1,1,0,2,NEWFIELD,October,20,Friday,21,35,Rural,High Speed (Arterial),Yes,42.32905278,-76.64559722,Non-Intersection,Dark - Not Lighted,"Fog, Smog, Smoke",9:00pm-9:59pm,35,9:00pm-9:59pm,43,Not Applicable (Not Transported),Not Applicable (Not Transported),2,Dark - Unlighted,Reduced Visibility,0,2,[],[],0,0,Valid,1.0,0.0,57.0,57.0,['Male'],0,0,3,1,4,Wet/Standing Water,Curve,Level,Lowest,No
23333,36,New York,360788,2,2,2,0,2,NEW YORK CITY,October,21,Saturday,18,18,Urban,High Speed (Arterial),Yes,40.66277778,-73.93161111,Complex/Circle,Dusk,Cloudy,6:00pm-6:59pm,18,Unknown EMS Scene Arrival Hour,Unknown EMS Scene Arrival Minutes,Unknown,Unknown EMS Hospital Arrival Time,1,Twilight,Reduced Visibility,0,2,[],[],0,0,Valid,1.0,0.0,28.0,19.0,"['Male', 'Male']",1,0,2,1,5,Dry,Straight,Level,Lowest,No
23334,36,New York,360789,0,2,2,0,2,CHURCHVILLE,October,24,Tuesday,18,14,Urban,High Speed (Arterial),Yes,43.11521389,-77.66420278,Complex/Circle,Daylight,Clear,6:00pm-6:59pm,14,6:00pm-6:59pm,29,Unknown,Unknown EMS Hospital Arrival Time,1,Daylight,Clear,1,1,['Driver'],['None_Used'],0,0,Valid,2.0,1.0,46.0,22.0,"['Male', 'Male']",1,0,5,1,5,Dry,Straight,Level,Lowest,No
23335,36,New York,360790,0,1,1,0,1,BURLINGTON FLATS,August,30,Wednesday,15,47,Rural,Medium Speed (Collector),No,42.76820278,-75.02751667,Non-Intersection,Daylight,Cloudy,3:00pm-3:59pm,47,3:00pm-3:59pm,59,4:00pm-4:59pm,40,1,Daylight,Reduced Visibility,1,0,['Driver'],['None_Used'],1,1,Valid,2.0,0.0,57.0,57.0,['Male'],1,0,3,1,3,Dry,Curve,Level,Lowest,No
23336,36,New York,360791,0,1,1,0,1,CICERO,November,2,Thursday,18,0,Urban,High Speed (Arterial),Yes,43.22469444,-76.12904167,Non-Intersection,Dusk,Cloudy,6:00pm-6:59pm,0,6:00pm-6:59pm,6,Not Applicable (Not Transported),Not Applicable (Not Transported),1,Twilight,Reduced Visibility,1,0,['Driver'],['None_Used'],0,0,Valid,2.0,0.0,60.0,60.0,['Male'],0,0,3,4,3,Dry,Straight,Level,Lowest,No
23337,36,New York,360792,0,1,1,0,2,GORHAM,November,10,Friday,17,40,Rural,Medium Speed (Collector),No,42.81261389,-77.16981111,Non-Intersection,Dark - Not Lighted,Clear,5:00pm-5:59pm,40,6:00pm-6:59pm,4,6:00pm-6:59pm,29,1,Dark - Unlighted,Clear,1,1,['Driver'],['None_Used'],0,0,Valid,0.0,0.0,24.0,24.0,['Male'],0,0,3,4,3,Dry,Straight,Grade/Hillcrest,Lowest,No
23338,36,New York,360793,1,1,1,0,1,NEW YORK CITY,October,26,Thursday,7,52,Urban,High Speed (Arterial),Yes,40.69346111,-73.975825,Simple Junction,Daylight,Clear,Unknown,Unknown,Unknown EMS Scene Arrival Hour,Unknown EMS Scene Arrival Minutes,Not Applicable (Not Transported),Not Applicable (Not Transported),1,Daylight,Clear,0,1,[],[],0,0,Valid,2.0,0.0,54.0,54.0,['Female'],0,0,1,1,4,Dry,Straight,Level,Lowest,No
23339,36,New York,360794,1,1,1,0,2,ORCHARD PARK,November,13,Monday,20,19,Urban,High Speed (Arterial),Yes,42.77843889,-78.78844722,Non-Intersection,Dark - Lighted,Clear,8:00pm-8:59pm,19,8:00pm-8:59pm,24,9:00pm-9:59pm,11,1,Dark - Lighted,Clear,0,2,[],[],0,0,Valid,0.0,1.0,32.0,32.0,['Male'],0,0,2,1,4,Dry,Straight,Grade/Hillcrest,Lowest,No
23340,36,New York,360795,1,1,1,0,1,NEW YORK,June,9,Friday,13,40,Urban,High Speed (Arterial),Yes,40.74665833,-73.99768889,Complex/Circle,Daylight,Clear,Unknown,Unknown,Unknown EMS Scene Arrival Hour,Unknown EMS Scene Arrival Minutes,Unknown,Unknown EMS Hospital Arrival Time,1,Daylight,Clear,0,1,[],[],0,0,Invalid,0.0,0.0,41.0,41.0,['Male'],0,0,3,1,4,Dry,Straight,Level,Lowest,No
23341,36,New York,360796,1,1,1,0,1,NEW YORK,November,17,Friday,6,28,Urban,Medium Speed (Collector),No,40.75919722,-73.9846,Complex/Circle,Daylight,Clear,6:00am-6:59am,28,Unknown EMS Scene Arrival Hour,Unknown EMS Scene Arrival Minutes,Unknown,Unknown EMS Hospital Arrival Time,1,Daylight,Clear,0,1,[],[],0,0,Valid,0.0,0.0,49.0,49.0,['Male'],0,0,1,1,4,Dry,Straight,Level,Lowest,No
23342,36,New York,360797,1,1,1,0,1,NEW YORK CITY,November,19,Sunday,1,17,Urban,High Speed (Arterial),Yes,40.825125,-73.86751667,Non-Intersection,Dark - Lighted,Clear,Unknown,Unknown,Unknown EMS Scene Arrival Hour,Unknown EMS Scene Arrival Minutes,Unknown,Unknown EMS Hospital Arrival Time,1,Dark - Lighted,Clear,0,1,[],[],0,0,Invalid,0.0,0.0,999.0,999.0,['Other'],0,0,1,0,4,Dry,Straight,Level,Lowest,No
23343,36,New York,360798,0,4,4,0,5,MILLPORT,October,26,Thursday,7,29,Rural,High Speed (Arterial),Yes,42.25453611,-76.75228056,Non-Intersection,Daylight,Cloudy,7:00am-7:59am,29,7:00am-7:59am,50,Unknown,Unknown EMS Hospital Arrival Time,1,Daylight,Reduced Visibility,1,4,['Driver'],['Shoulder_Lapbelt'],0,0,Invalid,1.0,0.0,63.0,25.0,"['Female', 'Male', 'Male', 'Male']",0,0,4,4,5,Dry,Straight,Grade/Hillcrest,Lowest,No
23344,36,New York,360799,0,2,2,0,3,SOMERS,October,30,Monday,15,21,Urban,Medium Speed (Collector),No,41.25933333,-73.72652222,Non-Intersection,Daylight,Clear,3:00pm-3:59pm,21,3:00pm-3:59pm,25,Unknown,Unknown EMS Hospital Arrival Time,1,Daylight,Clear,1,2,['Driver'],['Shoulder_Lapbelt'],0,0,Invalid,2.0,0.0,45.0,36.0,"['Male', 'Male']",0,0,4,4,5,Dry,Straight,Level,Lowest,No
23345,36,New York,360800,0,1,1,0,3,LEON,October,27,Friday,10,19,Rural,Low Speed (Local),No,42.32548056,-79.058375,Non-Intersection,Daylight,Cloudy,10:00am-10:59am,19,10:00am-10:59am,31,Unknown,Unknown EMS Hospital Arrival Time,1,Daylight,Reduced Visibility,1,2,['Front_Passenger'],['None_Used'],0,0,Valid,0.0,0.0,42.0,42.0,['Male'],3,0,3,4,3,Dry,Curve,Level,Lowest,No
23346,36,New York,360801,0,2,2,0,3,ALDEN,November,1,Wednesday,12,45,Rural,Medium Speed (Collector),No,42.94146944,-78.51243333,Complex/Circle,Daylight,Cloudy,12:00pm-12:59pm,45,12:00pm-12:59pm,50,1:00pm-1:59pm,40,1,Daylight,Reduced Visibility,1,2,['Driver'],['None_Used'],0,0,Valid,0.0,0.0,75.0,54.0,"['Female', 'Male']",0,0,4,4,5,Dry,Straight,Level,Lowest,No
23347,36,New York,360802,0,2,2,0,3,GARRISON,November,11,Saturday,21,44,Rural,High Speed (Arterial),Yes,41.37336667,-73.91267222,Non-Intersection,Dark - Not Lighted,Clear,9:00pm-9:59pm,58,10:00pm-10:59pm,7,Unknown,Unknown EMS Hospital Arrival Time,1,Dark - Unlighted,Clear,1,2,['Driver'],['Shoulder_Lapbelt'],1,1,Valid,0.0,0.0,56.0,52.0,"['Male', 'Male']",0,0,3,1,5,Dry,Curve,Grade/Hillcrest,Medium,No
23348,36,New York,360803,0,1,1,0,1,BOONVILLE,October,28,Saturday,20,0,Urban,Low Speed (Local),No,43.43861667,-75.31209167,Non-Intersection,Dark - Not Lighted,Cloudy,8:00pm-8:59pm,20,8:00pm-8:59pm,38,Not Applicable (Not Transported),Not Applicable (Not Transported),1,Dark - Unlighted,Reduced Visibility,1,0,['Driver'],['None_Used'],1,1,Valid,0.0,0.0,30.0,30.0,['Male'],1,0,5,4,2,Wet/Standing Water,Curve,Grade/Hillcrest,Lowest,No
23349,36,New York,360804,0,1,1,0,1,ONTARIO,November,14,Tuesday,10,19,Urban,High Speed (Arterial),Yes,43.23095833,-77.25330833,Non-Intersection,Daylight,Clear,10:00am-10:59am,19,10:00am-10:59am,25,Not Applicable (Not Transported),Not Applicable (Not Transported),1,Daylight,Clear,1,0,['Driver'],['None_Used'],0,0,Valid,1.0,0.0,64.0,64.0,['Male'],0,0,2,4,3,Dry,Straight,Level,Medium,No
23350,36,New York,360805,1,1,1,0,1,ROCHESTER,October,29,Sunday,23,4,Urban,High Speed (Arterial),Yes,43.17920556,-77.63161389,Complex/Circle,Dark - Lighted,Rain,11:00pm-11:59pm,5,11:00pm-11:59pm,7,11:00pm-11:59pm,25,1,Dark - Lighted,Rain/Wind/Minor,0,1,[],[],0,0,Invalid,0.0,0.0,999.0,999.0,['Other'],0,0,1,0,4,Wet/Standing Water,Straight,Level,Lowest,No
23351,36,New York,360806,1,1,1,0,1,NEW YORK CITY,November,13,Monday,21,31,Urban,Medium Speed (Collector),No,40.6292,-74.00521667,Complex/Circle,Dark - Lighted,Clear,Unknown,Unknown,Unknown EMS Scene Arrival Hour,Unknown EMS Scene Arrival Minutes,Unknown,Unknown EMS Hospital Arrival Time,1,Dark - Lighted,Clear,0,1,[],[],0,0,Valid,0.0,0.0,40.0,40.0,['Male'],0,0,3,1,4,Dry,Straight,Level,Lowest,No
23352,36,New York,360807,0,2,2,0,2,CALEDONIA,October,30,Monday,10,4,Rural,High Speed (Arterial),Yes,42.91969444,-77.76774167,Non-Intersection,Daylight,Rain,10:00am-10:59am,5,10:00am-10:59am,17,11:00am-11:59am,0,1,Daylight,Rain/Wind/Minor,1,1,['Driver'],['None_Used'],0,0,Valid,1.0,0.0,58.0,28.0,"['Male', 'Male']",0,0,4,1,5,Wet/Standing Water,Curve,Level,Lowest,No
23353,36,New York,360808,0,2,2,0,2,PAWLING,November,14,Tuesday,12,31,Rural,High Speed (Arterial),Yes,41.57360556,-73.59261944,Simple Junction,Daylight,Clear,12:00pm-12:59pm,31,12:00pm-12:59pm,39,1:00pm-1:59pm,26,1,Daylight,Clear,1,1,['Driver'],['None_Used'],0,0,Valid,0.0,0.0,74.0,17.0,"['Female', 'Male']",0,0,3,1,5,Dry,Straight,Level,Lowest,No
23354,36,New York,360810,1,1,1,0,1,ALBANY,October,31,Tuesday,2,14,Urban,High Speed (Arterial),Yes,42.70684722,-73.85558889,Non-Intersection,Dark - Not Lighted,Clear,2:00am-2:59am,14,2:00am-2:59am,22,Not Applicable (Not Transported),Not Applicable (Not Transported),1,Dark - Unlighted,Clear,0,1,[],[],0,0,Valid,0.0,0.0,36.0,36.0,['Male'],0,0,4,1,4,Dry,Straight,Level,Lowest,No
23355,36,New York,360811,1,1,1,0,1,SYRACUSE,November,2,Thursday,9,34,Urban,Medium Speed (Collector),No,43.04798333,-76.14745556,Simple Junction,Daylight,Clear,9:00am-9:59am,35,9:00am-9:59am,36,9:00am-9:59am,51,1,Daylight,Clear,0,1,[],[],0,0,Valid,1.0,0.0,67.0,67.0,['Male'],0,0,3,1,4,Dry,Straight,Level,Lowest,No
23356,36,New York,360812,0,2,2,0,2,NEW YORK,November,9,Thursday,13,25,Urban,Medium Speed (Collector),No,40.85170278,-73.93204167,Complex/Circle,Daylight,Clear,Unknown,Unknown,Unknown EMS Scene Arrival Hour,Unknown EMS Scene Arrival Minutes,Unknown,Unknown EMS Hospital Arrival Time,1,Daylight,Clear,1,1,['Driver'],['None_Used'],0,0,Invalid,1.0,0.0,43.0,15.0,"['Male', 'Male']",1,0,5,1,5,Dry,Straight,Level,Lowest,No
23357,36,New York,360813,0,1,1,0,1,LE ROY,November,9,Thursday,7,3,Rural,Medium Speed (Collector),No,43.00925,-77.97610556,Non-Intersection,Daylight,Cloudy,7:00am-7:59am,3,7:00am-7:59am,12,Not Applicable (Not Transported),Not Applicable (Not Transported),1,Daylight,Reduced Visibility,1,0,['Driver'],['Shoulder_Lapbelt'],0,0,Valid,0.0,0.0,58.0,58.0,['Female'],0,0,2,4,1,Wet/Standing Water,Curve,Level,Lowest,No
23358,36,New York,360814,1,1,1,0,1,OZONE PARK,November,10,Friday,7,27,Urban,Low Speed (Local),No,40.67770278,-73.8515,Complex/Circle,Daylight,Cloudy,7:00am-7:59am,27,Unknown EMS Scene Arrival Hour,Unknown EMS Scene Arrival Minutes,Not Applicable (Not Transported),Not Applicable (Not Transported),1,Daylight,Reduced Visibility,0,1,[],[],0,0,Valid,0.0,0.0,56.0,56.0,['Female'],0,0,1,1,4,Dry,Straight,Level,Lowest,No
23359,36,New York,360815,0,1,1,0,1,NEDROW,July,20,Thursday,18,35,Rural,High Speed (Arterial),Yes,99.9999,999.9999,Non-Intersection,Dusk,Clear,6:00pm-6:59pm,37,6:00pm-6:59pm,56,7:00pm-7:59pm,5,1,Twilight,Clear,1,0,['Driver'],['None_Used'],0,0,Valid,1.0,0.0,51.0,51.0,['Female'],0,0,5,1,2,Dry,Straight,Level,Lowest,No
23360,36,New York,360816,0,3,3,0,3,OYSTER BAY,November,10,Friday,9,8,Urban,High Speed (Arterial),Yes,40.771325,-73.47990278,Non-Intersection,Daylight,Cloudy,9:00am-9:59am,8,9:00am-9:59am,11,9:00am-9:59am,32,1,Daylight,Reduced Visibility,1,2,['Driver'],['Shoulder_Lapbelt'],0,0,Valid,0.0,0.0,68.0,26.0,"['Female', 'Male', 'Female']",1,0,3,1,5,Dry,Straight,Level,Lowest,No
23361,36,New York,360817,2,2,2,0,2,MIDDLE VILLAGE,November,18,Saturday,20,35,Urban,High Speed (Arterial),Yes,40.69948889,-73.85375556,Non-Intersection,Dark - Lighted,Clear,Unknown,Unknown,Unknown EMS Scene Arrival Hour,Unknown EMS Scene Arrival Minutes,Unknown,Unknown EMS Hospital Arrival Time,1,Dark - Lighted,Clear,0,2,[],[],0,0,Valid,0.0,0.0,23.0,22.0,"['Male', 'Male']",0,0,2,1,4,Dry,Straight,Grade/Hillcrest,Lowest,No
23362,36,New York,360818,0,2,2,0,4,GARDEN CITY,November,10,Friday,16,59,Urban,Medium Speed (Collector),No,40.72252222,-73.633,Simple Junction,Dark - Lighted,Clear,5:00pm-5:59pm,1,5:00pm-5:59pm,7,5:00pm-5:59pm,17,1,Dark - Lighted,Clear,1,3,['Driver'],['None_Used'],0,0,Valid,4.0,1.0,69.0,32.0,"['Male', 'Female']",1,0,5,4,5,Dry,Straight,Level,Lowest,No
23363,36,New York,360819,0,1,1,0,2,NEW YORK CITY,November,12,Sunday,3,20,Urban,High Speed (Arterial),Yes,40.88915833,-73.87854444,Non-Intersection,Dark - Lighted,Clear,Unknown,Unknown,Unknown EMS Scene Arrival Hour,Unknown EMS Scene Arrival Minutes,Unknown,Unknown EMS Hospital Arrival Time,1,Dark - Lighted,Clear,1,1,['Driver'],['None_Used'],0,0,Valid,4.0,0.0,30.0,30.0,['Male'],2,0,3,4,3,Dry,Straight,Level,Lowest,No
23364,36,New York,360820,0,3,3,0,7,MIDDLE VILLAGE,November,19,Sunday,4,29,Urban,High Speed (Arterial),Yes,40.73731667,-73.93216667,Non-Intersection,Dark - Lighted,Clear,Unknown,Unknown,Unknown EMS Scene Arrival Hour,Unknown EMS Scene Arrival Minutes,Unknown,Unknown EMS Hospital Arrival Time,1,Dark - Lighted,Clear,1,6,['Rear_Seat'],['None_Used'],1,1,Valid,2.0,0.0,51.0,24.0,"['Male', 'Male', 'Male']",0,0,3,1,5,Dry,Straight,Level,Lowest,No
23365,36,New York,360821,1,2,1,1,1,NEW YORK CITY,November,16,Thursday,18,38,Urban,Medium Speed (Collector),No,40.61645278,-74.03551111,Non-Intersection,Dark - Lighted,Clear,Unknown,Unknown,Unknown EMS Scene Arrival Hour,Unknown EMS Scene Arrival Minutes,Not Applicable (Not Transported),Not Applicable (Not Transported),1,Dark - Lighted,Clear,0,0,[],[],0,0,Valid,0.0,1.0,33.0,33.0,['Male'],0,0,2,4,4,Dry,Straight,Level,Lowest,No
23366,36,New York,360822,0,7,7,0,10,NEW YORK CITY,November,18,Saturday,21,28,Urban,High Speed (Arterial),Yes,99.9999,999.9999,Non-Intersection,Dark - Lighted,Clear,Unknown,Unknown,Unknown EMS Scene Arrival Hour,Unknown EMS Scene Arrival Minutes,Unknown,Unknown EMS Hospital Arrival Time,1,Dark - Lighted,Clear,1,9,['Front_Passenger'],['Shoulder_Lapbelt'],0,0,Invalid,0.0,1.0,999.0,27.0,"['Other', 'Male', 'Male', 'Other', 'Male', 'Male', 'Male']",0,0,3,4,5,Dry,Straight,Level,Lowest,No
23367,36,New York,360823,0,2,2,0,2,UTICA,September,29,Friday,0,1,Urban,High Speed (Arterial),Yes,43.08812778,-75.19960278,Non-Intersection,Dark - Lighted,Clear,0:00am-0:59am,2,0:00am-0:59am,13,0:00am-0:59am,32,2,Dark - Lighted,Clear,2,0,"['Driver', 'Driver']","['None_Used', 'Shoulder_Lapbelt']",1,1,Valid,0.0,0.0,21.0,17.0,"['Male', 'Female']",1,0,2,1,5,Dry,Straight,Grade/Hillcrest,Lowest,No
23368,36,New York,360824,0,1,1,0,1,HUNTINGTON,November,1,Wednesday,21,30,Urban,Low Speed (Local),No,40.83585278,-73.406075,Non-Intersection,Dark - Lighted,Clear,9:00pm-9:59pm,33,9:00pm-9:59pm,37,Not Applicable (Not Transported),Not Applicable (Not Transported),1,Dark - Lighted,Clear,1,0,['Driver'],['None_Used'],1,1,Valid,0.0,0.0,18.0,18.0,['Female'],1,0,2,1,3,Dry,Curve,Grade/Hillcrest,Lowest,No
23369,36,New York,360826,0,2,2,0,3,HEMPSTEAD,August,24,Thursday,14,37,Urban,High Speed (Arterial),Yes,40.73243889,-73.58329167,Non-Intersection,Daylight,Cloudy,2:00pm-2:59pm,37,3:00pm-3:59pm,0,3:00pm-3:59pm,28,2,Daylight,Reduced Visibility,2,1,"['Driver', 'Front_Passenger']","['Shoulder_Lapbelt', 'Shoulder_Lapbelt']",0,0,Valid,1.0,0.0,27.0,21.0,"['Male', 'Male']",2,0,3,1,5,Wet/Standing Water,Straight,Level,Lowest,No
23370,36,New York,360827,0,1,1,0,3,DRYDEN,October,7,Saturday,9,41,Rural,Medium Speed (Collector),No,42.53380833,-76.30701111,Non-Intersection,Daylight,Rain,9:00am-9:59am,41,9:00am-9:59am,45,Unknown,Unknown EMS Hospital Arrival Time,1,Daylight,Rain/Wind/Minor,1,2,['Rear_Seat'],['None_Used'],0,0,Invalid,2.0,0.0,38.0,38.0,['Female'],3,0,2,4,3,Wet/Standing Water,Curve,Level,Lowest,No
23371,36,New York,360829,0,1,1,0,2,BAINBRIDGE,October,18,Wednesday,19,32,Rural,Medium Speed (Collector),No,42.27324167,-75.47038889,Non-Intersection,Dark - Not Lighted,Cloudy,7:00pm-7:59pm,32,7:00pm-7:59pm,43,Unknown,Unknown EMS Hospital Arrival Time,1,Dark - Unlighted,Reduced Visibility,1,1,['Driver'],['Shoulder_Lapbelt'],0,0,Invalid,1.0,0.0,39.0,39.0,['Male'],2,0,2,4,3,Dry,Curve,Level,Lowest,No
23372,36,New York,360830,1,1,1,0,1,FISHKILL,October,21,Saturday,10,10,Urban,Medium Speed (Collector),No,41.53819167,-73.87538056,Complex/Circle,Daylight,Clear,10:00am-10:59am,10,10:00am-10:59am,29,11:00am-11:59am,0,1,Daylight,Clear,0,1,[],[],0,0,Valid,1.0,0.0,62.0,62.0,['Female'],0,0,3,1,4,Dry,Straight,Level,Lowest,No
23373,36,New York,360831,0,2,2,0,6,CANTON,October,23,Monday,14,39,Rural,Low Speed (Local),No,44.55353889,-75.09010556,Non-Intersection,Daylight,Clear,2:00pm-2:59pm,41,2:00pm-2:59pm,46,Unknown,Unknown EMS Hospital Arrival Time,1,Daylight,Clear,1,5,['Rear_Seat'],['None_Used'],0,0,Valid,0.0,0.0,73.0,23.0,"['Male', 'Male']",0,0,3,1,5,Dry,Curve,Level,Lowest,No
23374,36,New York,360832,0,1,1,0,1,NEW YORK CITY,November,7,Tuesday,3,35,Urban,High Speed (Arterial),Yes,40.82931111,-73.89181944,Non-Intersection,Dark - Lighted,Clear,Unknown,Unknown,Unknown EMS Scene Arrival Hour,Unknown EMS Scene Arrival Minutes,Unknown,Unknown EMS Hospital Arrival Time,1,Dark - Lighted,Clear,1,0,['Driver'],['None_Used'],1,1,Invalid,0.0,0.0,23.0,23.0,['Male'],0,0,5,1,3,Dry,Straight,Level,Lowest,No
23375,36,New York,360833,0,1,1,0,1,BARRE,November,12,Sunday,5,32,Rural,Medium Speed (Collector),No,43.18738056,-78.13601111,Non-Intersection,Dark - Not Lighted,Clear,5:00am-5:59am,32,5:00am-5:59am,45,Not Applicable (Not Transported),Not Applicable (Not Transported),1,Dark - Unlighted,Clear,1,0,['Driver'],['None_Used'],0,0,Valid,1.0,0.0,32.0,32.0,['Male'],1,0,2,4,3,Dry,Straight,Level,Lowest,No
23376,36,New York,360834,1,2,2,0,3,HARRISON,November,13,Monday,22,45,Urban,High Speed (Arterial),Yes,41.02871111,-73.73717222,Non-Intersection,Dark - Not Lighted,Clear,10:00pm-10:59pm,15,10:00pm-10:59pm,50,Not Applicable (Not Transported),Not Applicable (Not Transported),1,Dark - Unlighted,Clear,0,3,[],[],0,0,Valid,1.0,0.0,63.0,38.0,"['Male', 'Male']",0,0,4,1,4,Dry,Straight,Level,Lowest,No
23377,36,New York,360835,1,1,1,0,1,ROCHESTER,November,16,Thursday,21,21,Urban,Medium Speed (Collector),No,43.18094444,-77.64451111,Complex/Circle,Dark - Lighted,Clear,9:00pm-9:59pm,21,9:00pm-9:59pm,24,9:00pm-9:59pm,38,1,Dark - Lighted,Clear,0,1,[],[],0,0,Valid,0.0,0.0,33.0,33.0,['Male'],0,0,3,1,4,Dry,Straight,Level,Lowest,No
23378,36,New York,360836,0,1,1,0,4,MOOERS,November,19,Sunday,1,47,Rural,Low Speed (Local),No,44.96813889,-73.582725,Non-Intersection,Dark - Lighted,Cloudy,1:00am-1:59am,47,2:00am-2:59am,0,2:00am-2:59am,30,1,Dark - Lighted,Reduced Visibility,1,3,['Driver'],['Shoulder_Lapbelt'],0,0,Invalid,0.0,0.0,14.0,14.0,['Male'],4,0,3,1,3,Wet/Standing Water,Curve,Level,Lowest,No
23379,36,New York,360837,1,1,1,0,1,HEMPSTEAD,November,25,Saturday,15,25,Urban,High Speed (Arterial),Yes,40.70621667,-73.66130833,Complex/Circle,Daylight,Clear,3:00pm-3:59pm,25,3:00pm-3:59pm,30,3:00pm-3:59pm,45,1,Daylight,Clear,0,1,[],[],0,0,Valid,0.0,0.0,36.0,36.0,['Male'],0,0,3,1,4,Dry,Straight,Level,Lowest,No
23380,36,New York,360838,1,1,1,0,1,NEW YORK CITY,November,27,Monday,21,7,Urban,High Speed (Arterial),Yes,40.82408611,-73.87436667,Non-Intersection,Daylight,Clear,9:00pm-9:59pm,8,Unknown EMS Scene Arrival Hour,Unknown EMS Scene Arrival Minutes,Not Applicable (Not Transported),Not Applicable (Not Transported),1,Daylight,Clear,0,1,[],[],0,0,Valid,0.0,0.0,65.0,65.0,['Male'],0,0,3,1,4,Dry,Straight,Level,Lowest,No
23381,36,New York,360839,1,1,1,0,1,NEW YORK CITY,November,27,Monday,9,12,Urban,High Speed (Arterial),Yes,40.61080556,-73.95489444,Complex/Circle,Daylight,Clear,Unknown,Unknown,Unknown EMS Scene Arrival Hour,Unknown EMS Scene Arrival Minutes,Not Applicable (Not Transported),Not Applicable (Not Transported),1,Daylight,Clear,0,1,[],[],0,0,Valid,0.0,0.0,43.0,43.0,['Male'],0,0,4,1,4,Dry,Straight,Level,Lowest,No