,State_Code,State_Name,Crash_ID,Count_Non_Motorists,Count_Vehicles_Total,Count_Vehicle_Forms,Count_PVH_Involved,Count_Occupants_MV,City_Name,Month_Name,Day_of_Month,Day_of_Week,Crash_Hour,Crash_Minute,Area_Rural_Urban,Road_Functional_Class,On_NHS_Road,Latitude,Longitude,Intersection_Type,Light_Condition,Weather_Condition,Notif_Hour,Notif_Minute,Arrival_Hour,Arrival_Minute,Hospital_Hour,Hospital_Minute,Fatalities_Count,Clean_Light_Condition,Clean_Weather_Condition,Total_Killed,Total_Alive,Fatal_Seats_List,Killed_Restraint_List,Any_Driver_Drinking,Total_Drinking_Drivers,Driver_License_Category,Driver_Max_Prev_Accident_Count,Driver_Max_Prev_Speeding_Count,Max_Driver_Age,Min_Driver_Age,Driver_Sex_List,Total_Exceeding_Limit_Vehicles,Total_Too_Fast_Vehicles,Max_Vehicle_Type_Severity_5,Max_Vehicle_Damage_Rank,Max_Harmful_Event_Severity,Crash_Road_Surface_Condition,Crash_Horizontal_Alignment,Crash_Vertical_Profile,Crash_Impairment_Category,Crash_Vehicle_Defect
23382,36,New York,360840,1,1,1,0,1,MIDDLE VILLAGE,November,29,Wednesday,18,40,Urban,Medium Speed (Collector),No,40.75604444,-73.83368056,Non-Intersection,Dark - Lighted,Clear,Unknown,Unknown,Unknown EMS Scene Arrival Hour,Unknown EMS Scene Arrival Minutes,Unknown,Unknown EMS Hospital Arrival Time,1,Dark - Lighted,Clear,0,1,[],[],0,0,Valid,3.0,1.0,999.0,999.0,['Other'],0,0,2,1,4,Dry,Straight,Level,Lowest,No
23383,36,New York,360842,0,1,1,0,2,MIDDLE VILLAGE,December,4,Monday,0,24,Urban,High Speed (Arterial),Yes,40.70176111,-73.80886111,Complex/Circle,Dark - Lighted,Rain,Unknown,Unknown,Unknown EMS Scene Arrival Hour,Unknown EMS Scene Arrival Minutes,Unknown,Unknown EMS Hospital Arrival Time,1,Dark - Lighted,Rain/Wind/Minor,1,1,['Rear_Seat'],['None_Used'],0,0,Invalid,0.0,0.0,25.0,25.0,['Male'],0,0,5,1,2,Wet/Standing Water,Straight,Level,Lowest,No
23384,36,New York,360843,2,1,1,0,1,NEW YORK,October,26,Thursday,16,12,Urban,High Speed (Arterial),Yes,40.77964722,-73.98800278,Simple Junction,Daylight,Clear,Unknown,Unknown,Unknown EMS Scene Arrival Hour,Unknown EMS Scene Arrival Minutes,Unknown,Unknown EMS Hospital Arrival Time,1,Daylight,Clear,0,1,[],[],0,0,Valid,3.0,0.0,63.0,63.0,['Male'],0,0,3,1,4,Dry,Straight,Level,Lowest,No
23385,36,New York,360844,1,1,1,0,1,NEW ROCHELLE,November,28,Tuesday,6,24,Urban,Medium Speed (Collector),No,40.91417778,-73.787125,Complex/Circle,Dark - Lighted,Clear,6:00am-6:59am,24,6:00am-6:59am,26,6:00am-6:59am,50,1,Dark - Lighted,Clear,0,1,[],[],0,0,Valid,0.0,0.0,51.0,51.0,['Female'],0,0,2,1,4,Dry,Straight,Level,Lowest,No
23386,36,New York,360845,0,1,1,0,2,PORTVILLE,April,8,Saturday,20,30,Rural,Low Speed (Local),No,42.02063333,-78.36493056,Non-Intersection,Dark - Not Lighted,Clear,8:00pm-8:59pm,30,8:00pm-8:59pm,32,Unknown,Unknown EMS Hospital Arrival Time,1,Dark - Unlighted,Clear,1,1,['Driver'],['None_Used'],0,0,Valid,1.0,0.0,50.0,50.0,['Male'],2,0,5,1,3,Dry,Curve,Grade/Hillcrest,Lowest,No
23387,36,New York,360846,0,1,1,0,2,OSWEGO,August,25,Friday,23,17,Rural,Low Speed (Local),No,43.38312778,-76.59251667,Non-Intersection,Dark - Not Lighted,Clear,11:00pm-11:59pm,17,11:00pm-11:59pm,28,Unknown,Unknown EMS Hospital Arrival Time,1,Dark - Unlighted,Clear,1,1,['Rear_Seat'],['None_Used'],1,1,Invalid,3.0,0.0,23.0,23.0,['Male'],0,0,5,1,3,Dry,Curve,Level,Lowest,No
23388,36,New York,360847,0,1,1,0,2,ROME,November,7,Tuesday,2,10,Urban,Medium Speed (Collector),No,43.17113889,-75.41749722,Non-Intersection,Dark - Not Lighted,Cloudy,2:00am-2:59am,18,2:00am-2:59am,32,2:00am-2:59am,54,1,Dark - Unlighted,Reduced Visibility,1,1,['Front_Passenger'],['None_Used'],0,0,Invalid,2.0,0.0,24.0,24.0,['Male'],2,0,2,4,3,Wet/Standing Water,Curve,Grade/Hillcrest,Lowest,No
23389,36,New York,360848,0,1,1,0,3,KINGSTON,November,19,Sunday,5,38,Urban,High Speed (Arterial),Yes,41.96945278,-73.97159444,Non-Intersection,Dark - Lighted,Clear,5:00am-5:59am,38,5:00am-5:59am,47,Unknown,Unknown EMS Hospital Arrival Time,1,Dark - Lighted,Clear,1,2,['Front_Passenger'],['Shoulder_Lapbelt'],0,0,Valid,0.0,0.0,19.0,19.0,['Male'],0,0,2,4,3,Dry,Straight,Level,Medium,No
23390,36,New York,360849,0,1,1,0,2,WESTERLO,November,29,Wednesday,7,23,Rural,Low Speed (Local),No,42.44189444,-74.04203056,Non-Intersection,Daylight,Clear,7:00am-7:59am,29,7:00am-7:59am,42,Unknown,Unknown EMS Hospital Arrival Time,1,Daylight,Clear,1,1,['Driver'],['Shoulder_Lapbelt'],0,0,Valid,0.0,0.0,72.0,72.0,['Male'],0,0,3,1,2,Dry,Curve,Grade/Hillcrest,Medium,No
23391,36,New York,360851,0,2,2,0,2,CLIFTON PARK,August,16,Wednesday,12,51,Urban,High Speed (Arterial),Yes,42.86988333,-73.81858333,Non-Intersection,Daylight,Clear,12:00pm-12:59pm,52,1:00pm-1:59pm,0,1:00pm-1:59pm,37,1,Daylight,Clear,1,1,['Driver'],['None_Used'],0,0,Valid,2.0,0.0,77.0,53.0,"['Male', 'Male']",0,0,5,4,5,Dry,Straight,Level,Lowest,No
23392,36,New York,360852,0,3,3,0,3,WAPPINGERS FALLS,March,17,Friday,13,25,Urban,High Speed (Arterial),Yes,41.59826389,-73.91123333,Complex/Circle,Daylight,Cloudy,Unknown,Unknown,Unknown EMS Scene Arrival Hour,Unknown EMS Scene Arrival Minutes,Unknown,Unknown EMS Hospital Arrival Time,1,Daylight,Reduced Visibility,1,2,['Driver'],['None_Used'],0,0,Valid,1.0,0.0,71.0,27.0,"['Male', 'Female', 'Female']",0,0,4,1,5,Dry,Straight,Level,Lowest,No
23393,36,New York,360853,1,1,1,0,1,BUFFALO,November,18,Saturday,15,55,Urban,Medium Speed (Collector),No,42.947075,-78.88594722,Simple Junction,Daylight,Clear,4:00pm-4:59pm,0,4:00pm-4:59pm,1,Unknown,Unknown EMS Hospital Arrival Time,1,Daylight,Clear,0,1,[],[],0,0,Valid,1.0,0.0,19.0,19.0,['Male'],0,0,2,1,4,Dry,Straight,Level,Lowest,No
23394,36,New York,360854,0,2,2,0,6,COLONIE,October,7,Saturday,23,8,Urban,High Speed (Arterial),Yes,42.75880278,-73.93325556,Non-Intersection,Dark - Not Lighted,Cloudy,11:00pm-11:59pm,8,11:00pm-11:59pm,10,Unknown,Unknown EMS Hospital Arrival Time,1,Dark - Unlighted,Reduced Visibility,1,5,['Rear_Seat'],['None_Used'],1,1,Invalid,0.0,0.0,21.0,17.0,"['Male', 'Male']",5,0,2,4,5,Wet/Standing Water,Straight,Level,Lowest,No
23395,36,New York,360855,0,2,1,1,1,NEW YORK CITY,October,12,Thursday,23,27,Urban,Low Speed (Local),No,40.66522222,-73.89902778,Non-Intersection,Dark - Lighted,Clear,Unknown,Unknown,Unknown EMS Scene Arrival Hour,Unknown EMS Scene Arrival Minutes,Unknown,Unknown EMS Hospital Arrival Time,1,Dark - Lighted,Clear,1,0,['Driver'],['None_Used'],0,0,Invalid,0.0,0.0,59.0,59.0,['Male'],0,0,5,1,5,Dry,Straight,Level,Lowest,No
23396,36,New York,360856,0,2,2,0,2,HUDSON,November,13,Monday,17,45,Urban,High Speed (Arterial),Yes,42.21548611,-73.79861389,Non-Intersection,Dark - Lighted,Cloudy,5:00pm-5:59pm,43,5:00pm-5:59pm,49,Unknown,Unknown EMS Hospital Arrival Time,1,Dark - Lighted,Reduced Visibility,1,1,['Driver'],['Shoulder_Lapbelt'],0,0,Invalid,1.0,1.0,59.0,57.0,"['Male', 'Female']",1,0,3,1,5,Dry,Curve,Grade/Hillcrest,Lowest,No
23397,36,New York,360857,0,2,2,0,2,LIVONIA,October,17,Tuesday,11,2,Rural,Medium Speed (Collector),No,42.821525,-77.60991944,Complex/Circle,Daylight,Cloudy,Unknown,Unknown,Unknown EMS Scene Arrival Hour,Unknown EMS Scene Arrival Minutes,Unknown,Unknown EMS Hospital Arrival Time,1,Daylight,Reduced Visibility,1,1,['Driver'],['Shoulder_Lapbelt'],0,0,Valid,2.0,0.0,81.0,21.0,"['Male', 'Female']",0,0,3,1,5,Wet/Standing Water,Straight,Grade/Hillcrest,Lowest,No
23398,36,New York,360858,0,1,1,0,4,LENOX,November,17,Friday,2,32,Rural,Medium Speed (Collector),No,43.15614167,-75.74432778,Complex/Circle,Dark - Lighted,Cloudy,2:00am-2:59am,35,2:00am-2:59am,41,Unknown,Unknown EMS Hospital Arrival Time,1,Dark - Lighted,Reduced Visibility,1,3,['Driver'],['Shoulder_Lapbelt'],1,1,Valid,1.0,0.0,20.0,20.0,['Female'],4,0,3,4,3,Dry,Curve,Level,Lowest,No
23399,36,New York,360859,0,1,1,0,2,CLAY,July,23,Sunday,17,45,Urban,High Speed (Arterial),Yes,43.155,-76.22724167,Non-Intersection,Dusk,Clear,5:00pm-5:59pm,46,6:00pm-6:59pm,18,6:00pm-6:59pm,28,1,Twilight,Clear,1,1,['Driver'],['Shoulder_Lapbelt'],0,0,Valid,0.0,0.0,74.0,74.0,['Male'],0,0,2,4,3,Dry,Curve,Level,Lowest,No
23400,36,New York,360860,0,1,1,0,1,CARMEL,October,5,Thursday,15,47,Urban,Low Speed (Local),No,41.37179167,-73.73035,Simple Junction,Daylight,Cloudy,Unknown,Unknown,Unknown EMS Scene Arrival Hour,Unknown EMS Scene Arrival Minutes,Unknown,Unknown EMS Hospital Arrival Time,1,Daylight,Reduced Visibility,1,0,['Driver'],['Shoulder_Lapbelt'],0,0,Valid,0.0,0.0,81.0,81.0,['Female'],1,0,2,4,3,Dry,Straight,Level,Lowest,No
23401,36,New York,360861,0,2,2,0,2,PORT JERVIS,November,18,Saturday,10,4,Urban,Medium Speed (Collector),No,41.37870278,-74.69458611,Non-Intersection,Daylight,Clear,10:00am-10:59am,4,10:00am-10:59am,7,10:00am-10:59am,45,1,Daylight,Clear,1,1,['Driver'],['Shoulder_Lapbelt'],0,0,Valid,1.0,0.0,62.0,34.0,"['Male', 'Male']",0,0,4,4,5,Dry,Curve,Grade/Hillcrest,Lowest,No
23402,36,New York,360862,1,1,1,0,1,NEW YORK CITY,November,22,Wednesday,6,3,Urban,High Speed (Arterial),Yes,40.60592222,-73.98961111,Complex/Circle,Dawn,Rain,Unknown,Unknown,Unknown EMS Scene Arrival Hour,Unknown EMS Scene Arrival Minutes,Unknown,Unknown EMS Hospital Arrival Time,1,Twilight,Rain/Wind/Minor,0,1,[],[],0,0,Valid,0.0,1.0,34.0,34.0,['Male'],0,0,3,1,4,Wet/Standing Water,Straight,Level,Lowest,No
23403,36,New York,360864,0,3,3,0,2,SMITHTOWN,August,1,Tuesday,23,33,Urban,High Speed (Arterial),Yes,99.9999,999.9999,Non-Intersection,Dark - Lighted,Clear,Unknown,Unknown,Unknown EMS Scene Arrival Hour,Unknown EMS Scene Arrival Minutes,Unknown,Unknown EMS Hospital Arrival Time,1,Dark - Lighted,Clear,1,1,['Driver'],['None_Used'],0,0,Valid,2.0,0.0,44.0,35.0,"['Male', 'Female']",0,0,5,1,5,Dry,Curve,Level,Lowest,No
23404,36,New York,360865,0,1,1,0,2,CONESUS,December,3,Sunday,19,0,Rural,Low Speed (Local),No,42.70065278,-77.67660278,Non-Intersection,Dark - Not Lighted,Cloudy,7:00pm-7:59pm,1,7:00pm-7:59pm,12,Unknown,Unknown EMS Hospital Arrival Time,1,Dark - Unlighted,Reduced Visibility,1,1,['Rear_Seat'],['Shoulder_Lapbelt'],0,0,Invalid,0.0,0.0,60.0,60.0,['Female'],0,0,2,1,2,Wet/Standing Water,Straight,Level,Lowest,No
23405,36,New York,360866,0,2,2,0,2,BROCKPORT,November,30,Thursday,21,27,Urban,Medium Speed (Collector),No,43.22001389,-77.96672778,Complex/Circle,Dark - Lighted,Clear,9:00pm-9:59pm,27,9:00pm-9:59pm,32,9:00pm-9:59pm,47,1,Dark - Lighted,Clear,1,1,['Driver'],['None_Used'],1,1,Valid,1.0,0.0,51.0,36.0,"['Male', 'Female']",1,0,3,1,5,Dry,Straight,Level,Lowest,No
23406,36,New York,360867,0,2,2,0,3,NEW YORK,December,4,Monday,22,17,Urban,High Speed (Arterial),Yes,40.86825,-73.91614167,Simple Junction,Dark - Lighted,Clear,Unknown,Unknown,Unknown EMS Scene Arrival Hour,Unknown EMS Scene Arrival Minutes,Unknown,Unknown EMS Hospital Arrival Time,1,Dark - Lighted,Clear,1,2,['Front_Passenger'],['Shoulder_Lapbelt'],0,0,Valid,1.0,1.0,37.0,22.0,"['Male', 'Male']",2,0,3,4,5,Dry,Straight,Level,Lowest,No
23407,36,New York,360868,0,2,2,0,2,NEW YORK CITY,December,7,Thursday,6,55,Urban,High Speed (Arterial),Yes,40.73272222,-73.94271667,Complex/Circle,Daylight,Clear,6:00am-6:59am,55,Unknown EMS Scene Arrival Hour,Unknown EMS Scene Arrival Minutes,Unknown,Unknown EMS Hospital Arrival Time,1,Daylight,Clear,1,1,['Driver'],['None_Used'],0,0,Valid,0.0,0.0,58.0,20.0,"['Male', 'Male']",0,0,5,4,5,Dry,Straight,Grade/Hillcrest,Lowest,No
23408,36,New York,360869,0,4,4,0,5,NEW YORK CITY,December,4,Monday,9,20,Urban,High Speed (Arterial),Yes,40.84522778,-73.91168889,Non-Intersection,Daylight,Clear,9:00am-9:59am,20,9:00am-9:59am,30,Not Applicable (Not Transported),Not Applicable (Not Transported),1,Daylight,Clear,1,4,['Driver'],['None_Used'],0,0,Valid,1.0,1.0,87.0,18.0,"['Male', 'Female', 'Male', 'Male']",1,0,5,1,5,Wet/Standing Water,Straight,Grade/Hillcrest,Lowest,No
23409,36,New York,360870,0,2,2,0,4,HAMBURG,August,20,Sunday,23,50,Urban,Medium Speed (Collector),No,42.740725,-78.81250833,Non-Intersection,Dark - Lighted,Cloudy,11:00pm-11:59pm,50,11:00pm-11:59pm,57,0:00am-0:59am,36,1,Dark - Lighted,Reduced Visibility,1,3,['Rear_Seat'],['Shoulder_Lapbelt'],1,2,Valid,1.0,1.0,29.0,18.0,"['Male', 'Male']",1,0,3,1,5,Dry,Straight,Level,Lowest,No
23410,36,New York,360871,6,1,1,0,1,ALEXANDRIA BAY,September,20,Wednesday,14,18,Rural,Medium Speed (Collector),No,44.25678889,-75.93435278,Non-Intersection,Daylight,Clear,2:00pm-2:59pm,18,2:00pm-2:59pm,31,Unknown,Unknown EMS Hospital Arrival Time,2,Daylight,Clear,0,1,[],[],0,0,Valid,1.0,1.0,26.0,26.0,['Female'],1,0,3,1,1,Dry,Straight,Level,Lowest,No
23411,36,New York,360872,2,1,1,0,1,SYRACUSE,November,5,Sunday,16,4,Urban,Low Speed (Local),No,43.06756389,-76.144325,Non-Intersection,Daylight,Clear,4:00pm-4:59pm,7,4:00pm-4:59pm,10,4:00pm-4:59pm,27,1,Daylight,Clear,0,1,[],[],0,0,Valid,2.0,0.0,40.0,40.0,['Male'],0,0,3,1,4,Dry,Straight,Level,Lowest,Yes
23412,36,New York,360873,1,1,1,0,1,NEW YORK CITY,July,24,Monday,21,25,Urban,Low Speed (Local),No,40.61253333,-73.96383611,Complex/Circle,Dark - Lighted,Clear,Unknown,Unknown,Unknown EMS Scene Arrival Hour,Unknown EMS Scene Arrival Minutes,Unknown,Unknown EMS Hospital Arrival Time,1,Dark - Lighted,Clear,0,1,[],[],0,0,Valid,0.0,0.0,38.0,38.0,['Female'],0,0,3,1,4,Dry,Straight,Level,Lowest,No
23413,36,New York,360874,0,2,2,0,2,ST. ALBANS,October,15,Sunday,11,40,Urban,Low Speed (Local),No,40.69443333,-73.78151111,Complex/Circle,Daylight,Clear,Unknown,Unknown,Unknown EMS Scene Arrival Hour,Unknown EMS Scene Arrival Minutes,Unknown,Unknown EMS Hospital Arrival Time,1,Daylight,Clear,1,1,['Driver'],['None_Used'],0,0,Valid,4.0,1.0,28.0,26.0,"['Male', 'Male']",0,0,5,1,5,Dry,Straight,Level,Lowest,No
23414,36,New York,360875,0,1,1,0,1,TARRYTOWN,November,10,Friday,0,52,Urban,High Speed (Arterial),Yes,41.06433889,-73.86353056,Non-Intersection,Dark - Lighted,Clear,1:00am-1:59am,1,1:00am-1:59am,7,Not Applicable (Not Transported),Not Applicable (Not Transported),1,Dark - Lighted,Clear,1,0,['Driver'],['None_Used'],0,0,Valid,2.0,0.0,53.0,53.0,['Male'],0,0,4,4,3,Dry,Straight,Level,Lowest,No
23415,36,New York,360876,0,2,2,0,3,CLAY,November,27,Monday,15,37,Urban,High Speed (Arterial),Yes,43.13918333,-76.22688333,Non-Intersection,Daylight,Snow,3:00pm-3:59pm,37,3:00pm-3:59pm,40,4:00pm-4:59pm,17,1,Daylight,Snow/Ice/Severe,1,2,['Driver'],['Lapbelt_Only'],0,0,Valid,1.0,0.0,90.0,80.0,"['Male', 'Male']",0,0,3,1,5,Wet/Standing Water,Straight,Level,Lowest,No
23416,36,New York,360877,0,2,2,0,3,CLARENDON,November,22,Wednesday,11,12,Rural,Medium Speed (Collector),No,43.19045,-78.03640833,Non-Intersection,Daylight,Cloudy,11:00am-11:59am,12,11:00am-11:59am,19,Unknown,Unknown EMS Hospital Arrival Time,2,Daylight,Reduced Visibility,2,1,"['Driver', 'Front_Passenger']","['Shoulder_Lapbelt', 'Shoulder_Lapbelt']",0,0,Invalid,0.0,0.0,40.0,32.0,"['Male', 'Female']",0,0,2,1,5,Wet/Standing Water,Straight,Level,Lowest,No
23417,36,New York,360878,1,1,1,0,1,HOPEWELL JUNCTION,November,30,Thursday,15,53,Urban,Medium Speed (Collector),No,41.51943056,-73.69589722,Simple Junction,Daylight,Clear,3:00pm-3:59pm,54,4:00pm-4:59pm,3,4:00pm-4:59pm,35,1,Daylight,Clear,0,1,[],[],0,0,Valid,1.0,0.0,51.0,51.0,['Male'],0,0,3,1,4,Dry,Straight,Level,Lowest,No
23418,36,New York,360879,0,1,1,0,1,HYDE PARK,December,10,Sunday,5,17,Urban,Medium Speed (Collector),No,41.74219444,-73.87632778,Non-Intersection,Dark - Not Lighted,Clear,5:00am-5:59am,19,5:00am-5:59am,22,Not Applicable (Not Transported),Not Applicable (Not Transported),1,Dark - Unlighted,Clear,1,0,['Driver'],['None_Used'],1,1,Invalid,0.0,0.0,36.0,36.0,['Male'],1,0,2,4,3,Dry,Curve,Grade/Hillcrest,Lowest,No
23419,36,New York,360880,0,1,1,0,1,BURKE,December,5,Tuesday,11,54,Rural,High Speed (Arterial),Yes,44.90214167,-74.22981389,Non-Intersection,Daylight,Cloudy,11:00am-11:59am,52,11:00am-11:59am,59,12:00pm-12:59pm,51,1,Daylight,Reduced Visibility,1,0,['Driver'],['Shoulder_Lapbelt'],0,0,Invalid,0.0,0.0,46.0,46.0,['Male'],0,0,3,4,3,Wet/Standing Water,Straight,Level,Lowest,No
23420,36,New York,360881,1,1,1,0,2,STAFFORD,November,9,Thursday,17,21,Rural,Medium Speed (Collector),No,42.98848611,-78.127475,Non-Intersection,Dark - Not Lighted,Clear,5:00pm-5:59pm,21,5:00pm-5:59pm,30,5:00pm-5:59pm,51,1,Dark - Unlighted,Clear,0,2,[],[],0,0,Valid,0.0,0.0,52.0,52.0,['Male'],0,0,3,1,4,Dry,Straight,Level,Lowest,No
23421,36,New York,360882,1,1,1,0,1,SYRACUSE,December,4,Monday,22,31,Urban,Medium Speed (Collector),No,43.04272778,-76.1423,Complex/Circle,Dark - Lighted,Cloudy,10:00pm-10:59pm,32,10:00pm-10:59pm,33,10:00pm-10:59pm,38,1,Dark - Lighted,Reduced Visibility,0,1,[],[],0,0,Invalid,0.0,0.0,999.0,999.0,['Other'],1,0,2,1,4,Wet/Standing Water,Straight,Level,Lowest,No
23422,36,New York,360883,1,1,1,0,1,HEMPSTEAD,December,12,Tuesday,19,20,Urban,Medium Speed (Collector),No,40.623925,-73.73599722,Non-Intersection,Dark - Lighted,Clear,7:00pm-7:59pm,22,7:00pm-7:59pm,23,Not Applicable (Not Transported),Not Applicable (Not Transported),1,Dark - Lighted,Clear,0,1,[],[],0,0,Valid,1.0,2.0,999.0,999.0,['Other'],0,0,2,1,4,Dry,Straight,Level,Lowest,No
23423,36,New York,360884,1,2,2,0,3,NEW HYDE PARK,December,12,Tuesday,18,3,Urban,Medium Speed (Collector),No,40.74742222,-73.66906944,Simple Junction,Dark - Lighted,Clear,Unknown,Unknown,Unknown EMS Scene Arrival Hour,Unknown EMS Scene Arrival Minutes,Unknown,Unknown EMS Hospital Arrival Time,1,Dark - Lighted,Clear,0,3,[],[],0,0,Valid,1.0,0.0,23.0,22.0,"['Female', 'Male']",0,0,3,1,4,Dry,Straight,Level,Lowest,No
23424,36,New York,360885,0,1,1,0,1,WURTSBORO,November,18,Saturday,23,41,Rural,Medium Speed (Collector),No,41.59413056,-74.36881389,Non-Intersection,Dark - Not Lighted,Clear,11:00pm-11:59pm,41,11:00pm-11:59pm,55,Not Applicable (Not Transported),Not Applicable (Not Transported),1,Dark - Unlighted,Clear,1,0,['Driver'],['Shoulder_Lapbelt'],0,0,Valid,0.0,0.0,17.0,17.0,['Male'],1,0,2,4,3,Dry,Straight,Level,Lowest,No
23425,36,New York,360886,0,2,2,0,4,NEW YORK CITY,November,7,Tuesday,17,0,Urban,High Speed (Arterial),Yes,40.67809444,-73.94360278,Non-Intersection,Daylight,Clear,Unknown,Unknown,Unknown EMS Scene Arrival Hour,Unknown EMS Scene Arrival Minutes,Unknown,Unknown EMS Hospital Arrival Time,1,Daylight,Clear,1,2,['Rear_Seat'],['Shoulder_Lapbelt'],0,0,Valid,0.0,0.0,999.0,16.0,"['Male', 'Other']",0,0,3,1,5,Dry,Straight,Level,Lowest,No
23426,36,New York,360887,0,3,3,0,3,NEW YORK CITY,November,17,Friday,19,22,Urban,High Speed (Arterial),Yes,40.8457,-73.88479444,Non-Intersection,Dark - Lighted,Clear,Unknown,Unknown,Unknown EMS Scene Arrival Hour,Unknown EMS Scene Arrival Minutes,Unknown,Unknown EMS Hospital Arrival Time,1,Dark - Lighted,Clear,1,2,['Driver'],['None_Used'],0,0,Valid,0.0,0.0,998.0,30.0,"['Male', 'Male', 'Other']",0,0,5,1,5,Dry,Straight,Level,Lowest,No
23427,36,New York,360888,0,2,2,0,2,GENOA,December,7,Thursday,17,18,Rural,Medium Speed (Collector),No,42.66654444,-76.57056389,Non-Intersection,Dark - Not Lighted,Clear,5:00pm-5:59pm,19,5:00pm-5:59pm,23,Unknown,Unknown EMS Hospital Arrival Time,1,Dark - Unlighted,Clear,1,1,['Driver'],['Shoulder_Lapbelt'],0,0,Valid,0.0,0.0,71.0,19.0,"['Female', 'Female']",0,0,2,1,5,Wet/Standing Water,Curve,Grade/Hillcrest,Lowest,No
23428,36,New York,360889,1,1,1,0,1,HEMPSTEAD,December,9,Saturday,2,3,Urban,Medium Speed (Collector),No,40.65387222,-73.63141667,Complex/Circle,Dark - Lighted,Clear,2:00am-2:59am,4,2:00am-2:59am,8,Unknown,Unknown EMS Hospital Arrival Time,1,Dark - Lighted,Clear,0,1,[],[],0,0,Valid,2.0,0.0,23.0,23.0,['Male'],0,0,2,1,4,Dry,Straight,Level,Lowest,No
23429,36,New York,360890,1,2,2,0,2,BELLEROSE,December,10,Sunday,20,5,Urban,High Speed (Arterial),Yes,40.7127,-73.73344444,Non-Intersection,Dark - Lighted,Rain,8:00pm-8:59pm,5,Unknown EMS Scene Arrival Hour,Unknown EMS Scene Arrival Minutes,Not Applicable (Not Transported),Not Applicable (Not Transported),1,Dark - Lighted,Rain/Wind/Minor,0,1,[],[],0,0,Valid,0.0,0.0,998.0,36.0,"['Male', 'Other']",0,0,3,1,4,Wet/Standing Water,Straight,Level,Lowest,No
23430,36,New York,360891,0,1,1,0,1,Other,December,10,Sunday,21,22,Urban,High Speed (Arterial),Yes,40.62734167,-73.82737778,Non-Intersection,Dark - Lighted,Rain,Unknown,Unknown,Unknown EMS Scene Arrival Hour,Unknown EMS Scene Arrival Minutes,Not Applicable (Not Transported),Not Applicable (Not Transported),1,Dark - Lighted,Rain/Wind/Minor,1,0,['Driver'],['Shoulder_Lapbelt'],1,1,Valid,2.0,0.0,27.0,27.0,['Male'],1,0,2,4,3,Wet/Standing Water,Straight,Level,Lowest,No
23431,36,New York,360892,1,1,1,0,1,HEMPSTEAD,August,23,Wednesday,4,12,Urban,High Speed (Arterial),Yes,40.68229167,-73.69073333,Non-Intersection,Dark - Lighted,Clear,4:00am-4:59am,14,4:00am-4:59am,18,Not Applicable (Not Transported),Not Applicable (Not Transported),1,Dark - Lighted,Clear,0,1,[],[],0,0,Invalid,0.0,0.0,999.0,999.0,['Other'],0,0,1,1,4,Dry,Curve,Level,Lowest,No
23432,36,New York,360893,1,1,1,0,1,COLONIE,November,27,Monday,11,35,Urban,High Speed (Arterial),Yes,42.76041111,-73.88171389,Non-Intersection,Daylight,Clear,11:00am-11:59am,35,11:00am-11:59am,43,Not Applicable (Not Transported),Not Applicable (Not Transported),1,Daylight,Clear,0,1,[],[],0,0,Valid,0.0,1.0,55.0,55.0,['Male'],0,0,3,1,4,Dry,Straight,Level,Lowest,No
23433,36,New York,360894,0,2,2,0,3,BROOKHAVEN,July,24,Monday,14,25,Urban,High Speed (Arterial),Yes,40.88318889,-72.94209722,Complex/Circle,Daylight,Clear,Unknown,Unknown,Unknown EMS Scene Arrival Hour,Unknown EMS Scene Arrival Minutes,Unknown,Unknown EMS Hospital Arrival Time,1,Daylight,Clear,1,2,['Front_Passenger'],['Shoulder_Lapbelt'],0,0,Valid,3.0,0.0,51.0,44.0,"['Male', 'Male']",0,0,2,1,5,Dry,Straight,Grade/Hillcrest,Lowest,No
23434,36,New York,360895,0,1,1,0,1,BRENTWOOD,August,24,Thursday,2,5,Urban,Low Speed (Local),No,40.79336667,-73.27520556,Complex/Circle,Dark - Lighted,Clear,Unknown,Unknown,Unknown EMS Scene Arrival Hour,Unknown EMS Scene Arrival Minutes,Unknown,Unknown EMS Hospital Arrival Time,1,Dark - Lighted,Clear,1,0,['Driver'],['Shoulder_Lapbelt'],1,1,Valid,0.0,0.0,39.0,39.0,['Male'],0,0,3,1,3,Dry,Straight,Level,Medium,No
23435,36,New York,360896,0,1,1,0,1,MORICHES,October,13,Friday,1,1,Urban,Medium Speed (Collector),No,40.80799167,-72.8249,Non-Intersection,Dark - Lighted,Clear,1:00am-1:59am,1,1:00am-1:59am,5,Not Applicable (Not Transported),Not Applicable (Not Transported),1,Dark - Lighted,Clear,1,0,['Driver'],['Shoulder_Lapbelt'],1,1,Valid,0.0,0.0,25.0,25.0,['Male'],1,0,3,1,3,Dry,Straight,Level,Lowest,No
23436,36,New York,360897,1,1,1,0,1,BRENTWOOD,August,29,Tuesday,22,18,Urban,Medium Speed (Collector),No,40.79593333,-73.27705278,Non-Intersection,Dark - Not Lighted,Rain,Unknown,Unknown,Unknown EMS Scene Arrival Hour,Unknown EMS Scene Arrival Minutes,Unknown,Unknown EMS Hospital Arrival Time,1,Dark - Unlighted,Rain/Wind/Minor,0,1,[],[],0,0,Valid,0.0,0.0,19.0,19.0,['Female'],0,0,2,1,4,Wet/Standing Water,Straight,Grade/Hillcrest,Lowest,No
23437,36,New York,360898,1,1,1,0,1,BABYLON,October,11,Wednesday,4,56,Urban,High Speed (Arterial),Yes,40.70030278,-73.42673611,Non-Intersection,Dark - Lighted,Clear,5:00am-5:59am,0,5:00am-5:59am,7,Not Applicable (Not Transported),Not Applicable (Not Transported),1,Dark - Lighted,Clear,0,1,[],[],0,0,Valid,0.0,0.0,50.0,50.0,['Male'],0,0,3,1,4,Dry,Straight,Level,Lowest,No