,State_Code,State_Name,Crash_ID,Count_Non_Motorists,Count_Vehicles_Total,Count_Vehicle_Forms,Count_PVH_Involved,Count_Occupants_MV,City_Name,Month_Name,Day_of_Month,Day_of_Week,Crash_Hour,Crash_Minute,Area_Rural_Urban,Road_Functional_Class,On_NHS_Road,Latitude,Longitude,Intersection_Type,Light_Condition,Weather_Condition,Notif_Hour,Notif_Minute,Arrival_Hour,Arrival_Minute,Hospital_Hour,Hospital_Minute,Fatalities_Count,Clean_Light_Condition,Clean_Weather_Condition,Total_Killed,Total_Alive,Fatal_Seats_List,Killed_Restraint_List,Any_Driver_Drinking,Total_Drinking_Drivers,Driver_License_Category,Driver_Max_Prev_Accident_Count,Driver_Max_Prev_Speeding_Count,Max_Driver_Age,Min_Driver_Age,Driver_Sex_List,Total_Exceeding_Limit_Vehicles,Total_Too_Fast_Vehicles,Max_Vehicle_Type_Severity_5,Max_Vehicle_Damage_Rank,Max_Harmful_Event_Severity,Crash_Road_Surface_Condition,Crash_Horizontal_Alignment,Crash_Vertical_Profile,Crash_Impairment_Category,Crash_Vehicle_Defect
23438,36,New York,360899,0,2,2,0,2,ISLIP,October,7,Saturday,5,38,Urban,Medium Speed (Collector),No,40.76033056,-73.09975833,Non-Intersection,Dark - Not Lighted,Cloudy,5:00am-5:59am,40,5:00am-5:59am,55,6:00am-6:59am,13,1,Dark - Unlighted,Reduced Visibility,1,1,['Driver'],['None_Used'],1,1,Valid,0.0,0.0,31.0,23.0,"['Male', 'Male']",1,0,5,1,5,Dry,Straight,Level,Lowest,No
23439,36,New York,360900,0,1,1,0,1,BROOKHAVEN,August,2,Wednesday,19,59,Urban,High Speed (Arterial),Yes,40.74956667,-72.87150833,Non-Intersection,Daylight,Clear,Unknown,Unknown,Unknown EMS Scene Arrival Hour,Unknown EMS Scene Arrival Minutes,Unknown,Unknown EMS Hospital Arrival Time,1,Daylight,Clear,1,0,['Driver'],['Shoulder_Lapbelt'],0,0,Valid,0.0,0.0,32.0,32.0,['Male'],0,0,3,1,3,Dry,Straight,Level,Medium,No
23440,36,New York,360901,0,1,1,0,1,BROOKHAVEN,August,20,Sunday,0,44,Urban,High Speed (Arterial),Yes,40.91206111,-73.03038889,Non-Intersection,Dark - Not Lighted,Clear,0:00am-0:59am,44,Unknown EMS Scene Arrival Hour,Unknown EMS Scene Arrival Minutes,Not Applicable (Not Transported),Not Applicable (Not Transported),1,Dark - Unlighted,Clear,1,0,['Driver'],['Shoulder_Lapbelt'],1,1,Valid,0.0,0.0,54.0,54.0,['Male'],1,0,2,4,3,Dry,Straight,Level,Lowest,No
23441,36,New York,360902,0,1,1,0,1,BROOKHAVEN,August,19,Saturday,22,50,Urban,High Speed (Arterial),Yes,40.832975,-72.75027778,Non-Intersection,Daylight,Clear,10:00pm-10:59pm,49,11:00pm-11:59pm,1,Not Applicable (Not Transported),Not Applicable (Not Transported),1,Daylight,Clear,1,0,['Driver'],['None_Used'],1,1,Invalid,2.0,0.0,20.0,20.0,['Female'],1,0,3,4,3,Dry,Straight,Level,Lowest,No
23442,36,New York,360903,0,1,1,0,1,ISLIP,September,9,Saturday,16,43,Urban,Medium Speed (Collector),No,40.73119722,-73.2693,Non-Intersection,Daylight,Clear,4:00pm-4:59pm,44,4:00pm-4:59pm,50,Not Applicable (Not Transported),Not Applicable (Not Transported),1,Daylight,Clear,1,0,['Driver'],['None_Used'],1,1,Valid,0.0,0.0,30.0,30.0,['Male'],1,0,2,1,3,Dry,Curve,Level,Lowest,No
23443,36,New York,360905,2,1,1,0,1,BROOKHAVEN,August,4,Friday,23,20,Urban,Medium Speed (Collector),No,40.83176389,-73.03300556,Non-Intersection,Dark - Lighted,Cloudy,Unknown,Unknown,Unknown EMS Scene Arrival Hour,Unknown EMS Scene Arrival Minutes,Unknown,Unknown EMS Hospital Arrival Time,2,Dark - Lighted,Reduced Visibility,0,1,[],[],0,0,Invalid,0.0,0.0,999.0,999.0,['Other'],1,0,1,0,4,Dry,Straight,Level,Lowest,No
23444,36,New York,360906,1,1,1,0,1,ISLIP,August,7,Monday,9,30,Urban,Medium Speed (Collector),No,40.82316667,-73.129325,Non-Intersection,Daylight,Rain,9:00am-9:59am,32,9:00am-9:59am,40,10:00am-10:59am,4,1,Daylight,Rain/Wind/Minor,0,1,[],[],0,0,Invalid,0.0,0.0,999.0,999.0,['Other'],0,0,1,0,4,Wet/Standing Water,Straight,Grade/Hillcrest,Lowest,No
23445,36,New York,360907,1,2,2,0,2,SHIRLEY,July,11,Tuesday,23,40,Urban,Medium Speed (Collector),No,40.80173889,-72.86503611,Non-Intersection,Dark - Lighted,Clear,11:00pm-11:59pm,42,11:00pm-11:59pm,48,0:00am-0:59am,52,1,Dark - Lighted,Clear,0,2,[],[],0,0,Invalid,0.0,0.0,999.0,999.0,"['Other', 'Other']",0,0,1,0,4,Dry,Straight,Level,Lowest,No
23446,36,New York,360908,3,1,1,0,3,SMITHTOWN,August,31,Thursday,8,20,Urban,Low Speed (Local),No,40.82961111,-73.280975,Non-Intersection,Daylight,Clear,8:00am-8:59am,22,8:00am-8:59am,32,8:00am-8:59am,56,1,Daylight,Clear,0,3,[],[],0,0,Valid,0.0,0.0,44.0,44.0,['Female'],0,0,3,1,4,Dry,Straight,Grade/Hillcrest,Lowest,No
23447,36,New York,360909,1,1,1,0,1,HUNTINGTON,August,27,Sunday,21,12,Urban,Medium Speed (Collector),No,40.84857778,-73.40989167,Complex/Circle,Dark - Lighted,Clear,Unknown,Unknown,Unknown EMS Scene Arrival Hour,Unknown EMS Scene Arrival Minutes,Not Applicable (Not Transported),Not Applicable (Not Transported),1,Dark - Lighted,Clear,0,1,[],[],0,0,Valid,0.0,0.0,53.0,53.0,['Male'],1,0,3,1,4,Dry,Straight,Level,Lowest,No
23448,36,New York,360910,0,2,2,0,3,ISLIP,August,19,Saturday,11,43,Urban,Medium Speed (Collector),No,40.75662222,-73.21099722,Non-Intersection,Daylight,Clear,Unknown,Unknown,Unknown EMS Scene Arrival Hour,Unknown EMS Scene Arrival Minutes,Unknown,Unknown EMS Hospital Arrival Time,1,Daylight,Clear,1,2,['Driver'],['None_Used'],0,0,Valid,4.0,0.0,50.0,38.0,"['Male', 'Male']",0,0,5,1,5,Dry,Curve,Level,Lowest,No
23449,36,New York,360911,0,2,2,0,2,BROOKHAVEN,September,9,Saturday,10,28,Urban,Low Speed (Local),No,40.83714444,-72.77179722,Non-Intersection,Daylight,Cloudy,10:00am-10:59am,27,Unknown EMS Scene Arrival Hour,Unknown EMS Scene Arrival Minutes,Unknown,Unknown EMS Hospital Arrival Time,1,Daylight,Reduced Visibility,1,1,['Driver'],['None_Used'],1,1,Valid,0.0,0.0,62.0,59.0,"['Female', 'Male']",0,0,5,1,5,Dry,Curve,Level,Lowest,No
23450,36,New York,360912,0,2,2,0,5,NEWBURGH,June,24,Saturday,22,4,Urban,High Speed (Arterial),Yes,41.5818,-73.98708611,Non-Intersection,Dark - Not Lighted,Cloudy,10:00pm-10:59pm,4,10:00pm-10:59pm,10,Unknown,Unknown EMS Hospital Arrival Time,1,Dark - Unlighted,Reduced Visibility,1,4,['Rear_Seat'],['None_Used'],1,1,Invalid,0.0,0.0,50.0,44.0,"['Female', 'Male']",0,0,3,1,5,Dry,Straight,Level,Lowest,No
23451,36,New York,360913,0,2,2,0,2,ISLIP,August,25,Friday,10,15,Urban,Medium Speed (Collector),No,40.70341944,-73.27283333,Simple Junction,Daylight,Rain,10:00am-10:59am,15,10:00am-10:59am,20,Unknown,Unknown EMS Hospital Arrival Time,1,Daylight,Rain/Wind/Minor,1,1,['Driver'],['Shoulder_Lapbelt'],0,0,Valid,0.0,1.0,33.0,29.0,"['Male', 'Male']",0,0,2,1,5,Wet/Standing Water,Straight,Grade/Hillcrest,Lowest,No
23452,36,New York,360914,0,3,3,0,3,BROOKHAVEN,August,18,Friday,14,26,Urban,Medium Speed (Collector),No,40.81281667,-73.07251944,Complex/Circle,Daylight,Clear,Unknown,Unknown,Unknown EMS Scene Arrival Hour,Unknown EMS Scene Arrival Minutes,Unknown,Unknown EMS Hospital Arrival Time,1,Daylight,Clear,1,2,['Driver'],['Shoulder_Lapbelt'],0,0,Valid,0.0,0.0,90.0,53.0,"['Male', 'Female', 'Female']",0,0,3,1,5,Dry,Straight,Level,Lowest,No
23453,36,New York,360915,1,4,2,2,2,BROOKHAVEN,September,9,Saturday,19,54,Urban,High Speed (Arterial),Yes,40.77981944,-72.86555556,Complex/Circle,Dark - Lighted,Cloudy,Unknown,Unknown,Unknown EMS Scene Arrival Hour,Unknown EMS Scene Arrival Minutes,Unknown,Unknown EMS Hospital Arrival Time,1,Dark - Lighted,Reduced Visibility,0,2,[],[],0,0,Valid,0.0,0.0,30.0,19.0,"['Female', 'Male']",0,0,2,1,5,Dry,Straight,Level,Lowest,No
23454,36,New York,360916,0,3,3,0,3,WEST BABYLON,September,17,Sunday,18,30,Urban,Medium Speed (Collector),No,40.72206111,-73.37739722,Simple Junction,Daylight,Clear,Unknown,Unknown,Unknown EMS Scene Arrival Hour,Unknown EMS Scene Arrival Minutes,Unknown,Unknown EMS Hospital Arrival Time,1,Daylight,Clear,1,2,['Driver'],['None_Used'],1,1,Valid,1.0,1.0,31.0,25.0,"['Male', 'Male', 'Female']",0,0,5,1,5,Dry,Straight,Level,Lowest,No
23455,36,New York,360917,0,6,6,0,8,ISLIP,September,20,Wednesday,10,15,Urban,High Speed (Arterial),Yes,40.81020833,-73.15243333,Non-Intersection,Daylight,Clear,10:00am-10:59am,51,11:00am-11:59am,8,11:00am-11:59am,26,1,Daylight,Clear,1,7,['Driver'],['None_Used'],0,0,Valid,3.0,1.0,62.0,28.0,"['Male', 'Female', 'Male', 'Male', 'Female', 'Male']",1,0,4,1,5,Dry,Straight,Level,Lowest,No
23456,36,New York,360918,1,2,2,0,2,ISLIP,September,25,Monday,6,37,Urban,Medium Speed (Collector),No,40.79259444,-73.19240556,Complex/Circle,Daylight,Rain,Unknown,Unknown,Unknown EMS Scene Arrival Hour,Unknown EMS Scene Arrival Minutes,Unknown,Unknown EMS Hospital Arrival Time,1,Daylight,Rain/Wind/Minor,0,0,[],[],0,0,Invalid,1.0,0.0,998.0,26.0,"['Other', 'Male']",2,0,2,0,4,Wet/Standing Water,Straight,Level,Lowest,No
23457,36,New York,360919,0,2,2,0,2,BABYLON,October,18,Wednesday,12,52,Urban,Medium Speed (Collector),No,40.71195278,-73.40316389,Simple Junction,Daylight,Cloudy,Unknown,Unknown,Unknown EMS Scene Arrival Hour,Unknown EMS Scene Arrival Minutes,Unknown,Unknown EMS Hospital Arrival Time,1,Daylight,Reduced Visibility,1,1,['Driver'],['None_Used'],0,0,Valid,3.0,0.0,43.0,36.0,"['Male', 'Male']",1,0,5,4,5,Dry,Straight,Level,Lowest,No
23458,36,New York,360920,0,1,1,0,1,ARMONK,October,24,Tuesday,18,10,Urban,High Speed (Arterial),Yes,41.06803889,-73.76586111,Non-Intersection,Dark - Not Lighted,Clear,6:00pm-6:59pm,11,6:00pm-6:59pm,16,Unknown,Unknown EMS Hospital Arrival Time,1,Dark - Unlighted,Clear,1,0,['Driver'],['None_Used'],0,0,Valid,1.0,0.0,74.0,74.0,['Female'],0,0,2,1,3,Dry,Curve,Level,Lowest,No
23459,36,New York,360921,1,2,2,0,2,SYRACUSE,November,21,Tuesday,18,10,Urban,Low Speed (Local),No,43.00548333,-76.140925,Non-Intersection,Dark - Lighted,Rain,6:00pm-6:59pm,10,6:00pm-6:59pm,13,6:00pm-6:59pm,28,1,Dark - Lighted,Rain/Wind/Minor,0,2,[],[],0,0,Valid,0.0,0.0,21.0,19.0,"['Male', 'Male']",0,0,2,1,4,Wet/Standing Water,Straight,Level,Lowest,No
23460,36,New York,360922,0,2,2,0,3,COLONIE,October,26,Thursday,19,19,Urban,Medium Speed (Collector),No,42.71396667,-73.76399722,Non-Intersection,Dark - Not Lighted,Clear,7:00pm-7:59pm,20,7:00pm-7:59pm,24,Not Applicable (Not Transported),Not Applicable (Not Transported),1,Dark - Unlighted,Clear,1,2,['Driver'],['None_Used'],0,0,Valid,0.0,0.0,79.0,24.0,"['Male', 'Male']",1,0,5,4,5,Dry,Straight,Grade/Hillcrest,Lowest,No
23461,36,New York,360923,1,5,1,4,2,NIAGARA FALLS,November,22,Wednesday,11,22,Urban,High Speed (Arterial),Yes,43.088225,-79.06386389,Non-Intersection,Daylight,Rain,11:00am-11:59am,24,11:00am-11:59am,29,Unknown,Unknown EMS Hospital Arrival Time,2,Daylight,Rain/Wind/Minor,2,0,"['Driver', 'Front_Passenger']","['Shoulder_Lapbelt', 'None_Used']",0,0,Valid,0.0,0.0,53.0,53.0,['Male'],2,0,2,4,2,Wet/Standing Water,Curve,Level,Lowest,No
23462,36,New York,360924,0,3,3,0,4,STARKEY,December,27,Wednesday,13,9,Rural,High Speed (Arterial),Yes,99.9999,999.9999,Non-Intersection,Daylight,Rain,1:00pm-1:59pm,9,1:00pm-1:59pm,20,1:00pm-1:59pm,55,1,Daylight,Rain/Wind/Minor,1,3,['Driver'],['Shoulder_Lapbelt'],0,0,Valid,1.0,0.0,80.0,65.0,"['Male', 'Male', 'Male']",1,0,3,1,5,Wet/Standing Water,Straight,Level,Lowest,No
23463,36,New York,360925,0,2,2,0,3,CHURCHVILLE,November,24,Friday,10,47,Urban,Medium Speed (Collector),No,43.03702222,-77.73732222,Non-Intersection,Daylight,Cloudy,10:00am-10:59am,47,10:00am-10:59am,57,11:00am-11:59am,25,1,Daylight,Reduced Visibility,1,2,['Driver'],['Shoulder_Lapbelt'],0,0,Valid,1.0,0.0,70.0,21.0,"['Male', 'Male']",0,0,3,1,5,Dry,Curve,Grade/Hillcrest,Lowest,No
23464,36,New York,360926,1,1,1,0,1,HAMBURG,November,24,Friday,17,19,Urban,Medium Speed (Collector),No,42.79705,-78.81897778,Non-Intersection,Dark - Lighted,Cloudy,5:00pm-5:59pm,20,5:00pm-5:59pm,24,Not Applicable (Not Transported),Not Applicable (Not Transported),1,Dark - Lighted,Reduced Visibility,0,1,[],[],0,0,Valid,1.0,0.0,18.0,18.0,['Male'],0,0,3,1,4,Wet/Standing Water,Straight,Level,Lowest,No
23465,36,New York,360927,1,1,1,0,1,CALLICOON,December,13,Wednesday,16,2,Rural,Medium Speed (Collector),No,41.80472222,-74.97157778,Non-Intersection,Dusk,Clear,4:00pm-4:59pm,2,4:00pm-4:59pm,16,Not Applicable (Not Transported),Not Applicable (Not Transported),1,Twilight,Clear,0,1,[],[],0,0,Valid,0.0,0.0,68.0,68.0,['Male'],0,0,3,1,4,Dry,Straight,Level,Lowest,No
23466,36,New York,360928,1,1,1,0,2,BUFFALO,December,15,Friday,21,37,Urban,Medium Speed (Collector),No,42.88492222,-78.83338056,Non-Intersection,Dark - Lighted,Cloudy,9:00pm-9:59pm,37,9:00pm-9:59pm,41,Not Applicable (Not Transported),Not Applicable (Not Transported),1,Dark - Lighted,Reduced Visibility,0,2,[],[],1,1,Valid,0.0,0.0,36.0,36.0,['Male'],2,0,2,1,4,Dry,Straight,Grade/Hillcrest,Lowest,No
23467,36,New York,360929,1,1,1,0,1,BUFFALO,December,17,Sunday,6,47,Urban,Medium Speed (Collector),No,42.85156944,-78.80513889,Simple Junction,Dark - Lighted,Clear,6:00am-6:59am,48,6:00am-6:59am,55,Not Applicable (Not Transported),Not Applicable (Not Transported),1,Dark - Lighted,Clear,0,1,[],[],0,0,Invalid,0.0,0.0,999.0,999.0,['Other'],0,0,1,0,4,Dry,Straight,Level,Lowest,No
23468,36,New York,360930,0,2,2,0,5,HEMPSTEAD,December,18,Monday,14,0,Urban,Medium Speed (Collector),No,40.72228889,-73.59886944,Non-Intersection,Daylight,Clear,2:00pm-2:59pm,5,2:00pm-2:59pm,10,Unknown,Unknown EMS Hospital Arrival Time,1,Daylight,Clear,1,4,['Driver'],['None_Used'],0,0,Valid,1.0,0.0,35.0,31.0,"['Male', 'Male']",3,0,2,1,5,Wet/Standing Water,Straight,Level,Lowest,No
23469,36,New York,360931,1,1,1,0,1,BROWNVILLE,December,20,Wednesday,20,15,Rural,Medium Speed (Collector),No,44.03256111,-76.05648611,Non-Intersection,Dark - Not Lighted,Cloudy,8:00pm-8:59pm,16,8:00pm-8:59pm,20,Not Applicable (Not Transported),Not Applicable (Not Transported),1,Dark - Unlighted,Reduced Visibility,0,1,[],[],0,0,Valid,0.0,0.0,51.0,51.0,['Female'],0,0,3,1,4,Dry,Straight,Level,Lowest,No
23470,36,New York,360932,0,1,1,0,1,HEMPSTEAD,December,20,Wednesday,5,37,Urban,High Speed (Arterial),Yes,40.69373611,-73.54758056,Non-Intersection,Dark - Lighted,Clear,5:00am-5:59am,39,5:00am-5:59am,39,Not Applicable (Not Transported),Not Applicable (Not Transported),1,Dark - Lighted,Clear,1,0,['Driver'],['None_Used'],0,0,Valid,2.0,0.0,62.0,62.0,['Male'],0,0,3,1,3,Dry,Straight,Level,Lowest,No
23471,36,New York,360933,0,2,2,0,3,REMSEN,December,21,Thursday,21,23,Rural,High Speed (Arterial),Yes,43.40640556,-75.21923611,Simple Junction,Dark - Lighted,Clear,9:00pm-9:59pm,23,9:00pm-9:59pm,43,Unknown,Unknown EMS Hospital Arrival Time,1,Dark - Lighted,Clear,1,2,['Driver'],['None_Used'],0,0,Valid,0.0,1.0,30.0,25.0,"['Male', 'Female']",0,0,2,1,5,Dry,Straight,Level,Lowest,No
23472,36,New York,360934,0,1,1,0,2,OWEGO,November,17,Friday,22,32,Rural,Low Speed (Local),No,42.04193333,-76.25893889,Non-Intersection,Dark - Not Lighted,Rain,10:00pm-10:59pm,36,10:00pm-10:59pm,44,11:00pm-11:59pm,12,1,Dark - Unlighted,Rain/Wind/Minor,1,1,['Front_Passenger'],['None_Used'],1,1,Valid,0.0,0.0,41.0,41.0,['Male'],0,0,5,1,1,Wet/Standing Water,Straight,Level,Lowest,No
23473,36,New York,360935,1,1,1,0,4,ALBANY,December,22,Friday,17,55,Urban,Medium Speed (Collector),No,42.67935556,-73.78219444,Non-Intersection,Dark - Lighted,Clear,6:00pm-6:59pm,6,6:00pm-6:59pm,36,Not Applicable (Not Transported),Not Applicable (Not Transported),1,Dark - Lighted,Clear,0,4,[],[],0,0,Valid,1.0,0.0,34.0,34.0,['Male'],0,0,2,1,4,Dry,Straight,Level,Lowest,No
23474,36,New York,360936,0,1,1,0,1,ISLIP,December,1,Friday,13,18,Urban,High Speed (Arterial),Yes,40.70127778,-73.28877778,Non-Intersection,Daylight,Rain,1:00pm-1:59pm,18,1:00pm-1:59pm,30,2:00pm-2:59pm,0,1,Daylight,Rain/Wind/Minor,1,0,['Driver'],['Shoulder_Lapbelt'],0,0,Valid,0.0,0.0,60.0,60.0,['Male'],0,0,3,1,2,Wet/Standing Water,Straight,Level,Medium,No
23475,36,New York,360937,0,1,1,0,2,NISKAYUNA,December,23,Saturday,4,38,Urban,Medium Speed (Collector),No,42.78840278,-73.88039167,Non-Intersection,Dark - Not Lighted,Clear,4:00am-4:59am,38,4:00am-4:59am,44,Not Applicable (Not Transported),Not Applicable (Not Transported),2,Dark - Unlighted,Clear,2,0,"['Driver', 'Front_Passenger']","['None_Used', 'None_Used']",0,0,Invalid,0.0,0.0,32.0,32.0,['Male'],2,0,3,4,3,Dry,Straight,Level,Lowest,No
23476,36,New York,360938,0,3,2,1,4,NEW YORK CITY,December,25,Monday,1,40,Urban,High Speed (Arterial),Yes,40.65448611,-73.90973056,Complex/Circle,Dark - Lighted,Cloudy,Unknown,Unknown,Unknown EMS Scene Arrival Hour,Unknown EMS Scene Arrival Minutes,Unknown,Unknown EMS Hospital Arrival Time,1,Dark - Lighted,Reduced Visibility,1,3,['Driver'],['None_Used'],0,0,Invalid,0.0,0.0,58.0,30.0,"['Male', 'Male']",0,0,5,4,5,Dry,Straight,Level,Lowest,No
23477,36,New York,360939,1,1,1,0,2,BUFFALO,December,25,Monday,18,19,Urban,High Speed (Arterial),Yes,42.92266944,-78.81368056,Complex/Circle,Dark - Lighted,Clear,6:00pm-6:59pm,19,6:00pm-6:59pm,25,Unknown,Unknown EMS Hospital Arrival Time,1,Dark - Lighted,Clear,0,2,[],[],0,0,Valid,1.0,0.0,23.0,23.0,['Male'],0,0,3,1,4,Dry,Straight,Level,Lowest,No
23478,36,New York,360940,1,1,1,0,1,NEW YORK CITY,December,31,Sunday,0,35,Urban,Medium Speed (Collector),No,40.8246,-73.82326944,Non-Intersection,Dark - Lighted,Clear,Unknown,Unknown,Unknown EMS Scene Arrival Hour,Unknown EMS Scene Arrival Minutes,Not Applicable (Not Transported),Not Applicable (Not Transported),1,Dark - Lighted,Clear,0,1,[],[],0,0,Valid,1.0,0.0,24.0,24.0,['Male'],0,0,2,1,4,Dry,Curve,Level,Lowest,No
23479,36,New York,360941,1,1,1,0,1,MANHASSET,December,28,Thursday,17,31,Urban,Medium Speed (Collector),No,40.79601944,-73.69908889,Non-Intersection,Dark - Lighted,Rain,Unknown,Unknown,Unknown EMS Scene Arrival Hour,Unknown EMS Scene Arrival Minutes,Unknown,Unknown EMS Hospital Arrival Time,1,Dark - Lighted,Rain/Wind/Minor,0,1,[],[],0,0,Valid,0.0,0.0,79.0,79.0,['Male'],0,0,3,1,4,Wet/Standing Water,Straight,Level,Lowest,No
23480,36,New York,360942,1,1,1,0,1,NEW YORK CITY,December,28,Thursday,5,46,Urban,High Speed (Arterial),Yes,40.68256667,-73.97633611,Simple Junction,Dark - Lighted,Rain,5:00am-5:59am,46,Unknown EMS Scene Arrival Hour,Unknown EMS Scene Arrival Minutes,Unknown,Unknown EMS Hospital Arrival Time,1,Dark - Lighted,Rain/Wind/Minor,0,1,[],[],0,0,Valid,0.0,1.0,37.0,37.0,['Male'],0,0,3,1,4,Wet/Standing Water,Straight,Level,Lowest,No
23481,36,New York,360943,1,1,1,0,1,NEW YORK,December,31,Sunday,4,34,Urban,High Speed (Arterial),Yes,40.79398056,-73.94298056,Non-Intersection,Dark - Lighted,Clear,Unknown,Unknown,Unknown EMS Scene Arrival Hour,Unknown EMS Scene Arrival Minutes,Unknown,Unknown EMS Hospital Arrival Time,1,Dark - Lighted,Clear,0,1,[],[],0,0,Valid,0.0,0.0,25.0,25.0,['Male'],0,0,2,1,4,Dry,Straight,Level,Lowest,No
23482,36,New York,360944,1,4,4,0,7,AVON,December,26,Tuesday,17,23,Rural,High Speed (Arterial),Yes,42.909375,-77.71966111,Non-Intersection,Dark - Not Lighted,Rain,5:00pm-5:59pm,35,Unknown EMS Scene Arrival Hour,Unknown EMS Scene Arrival Minutes,Unknown,Unknown EMS Hospital Arrival Time,1,Dark - Unlighted,Rain/Wind/Minor,0,7,[],[],0,0,Valid,1.0,0.0,69.0,31.0,"['Female', 'Male', 'Male', 'Female']",0,0,3,1,4,Wet/Standing Water,Straight,Level,Lowest,No
23483,36,New York,360945,1,1,1,0,1,Other,December,28,Thursday,6,13,Urban,High Speed (Arterial),Yes,40.76464444,-73.82381667,Complex/Circle,Dark - Lighted,Rain,Unknown,Unknown,Unknown EMS Scene Arrival Hour,Unknown EMS Scene Arrival Minutes,Not Applicable (Not Transported),Not Applicable (Not Transported),1,Dark - Lighted,Rain/Wind/Minor,0,1,[],[],0,0,Valid,3.0,0.0,27.0,27.0,['Male'],0,0,4,1,4,Wet/Standing Water,Straight,Level,Lowest,No
23484,36,New York,360946,0,1,1,0,2,CICERO,September,14,Thursday,22,31,Rural,High Speed (Arterial),Yes,43.126275,-76.08780278,Non-Intersection,Dark - Not Lighted,Clear,10:00pm-10:59pm,46,10:00pm-10:59pm,49,11:00pm-11:59pm,15,1,Dark - Unlighted,Clear,1,1,['Driver'],['None_Used'],1,1,Invalid,3.0,0.0,35.0,35.0,['Male'],2,0,5,1,3,Dry,Curve,Level,Lowest,No
23485,36,New York,360947,0,1,1,0,1,FISHKILL,December,18,Monday,18,8,Urban,High Speed (Arterial),Yes,99.9999,999.9999,Non-Intersection,Dark - Not Lighted,Rain,6:00pm-6:59pm,9,6:00pm-6:59pm,16,7:00pm-7:59pm,2,1,Dark - Unlighted,Rain/Wind/Minor,1,0,['Driver'],['Shoulder_Lapbelt'],0,0,Valid,0.0,0.0,47.0,47.0,['Male'],0,0,2,4,3,Wet/Standing Water,Straight,Grade/Hillcrest,Lowest,No
23486,36,New York,360948,0,1,1,0,1,SYRACUSE,December,18,Monday,4,39,Urban,High Speed (Arterial),Yes,43.05911667,-76.0966,Non-Intersection,Dark - Lighted,Rain,4:00am-4:59am,43,4:00am-4:59am,51,5:00am-5:59am,18,1,Dark - Lighted,Rain/Wind/Minor,1,0,['Driver'],['Shoulder_Lapbelt'],1,1,Valid,0.0,0.0,44.0,44.0,['Male'],0,0,3,1,3,Wet/Standing Water,Straight,Level,Lowest,No
23487,36,New York,360949,1,1,1,0,2,UTICA,September,8,Friday,15,59,Urban,High Speed (Arterial),Yes,43.08794444,-75.25872778,Complex/Circle,Daylight,Cloudy,4:00pm-4:59pm,0,4:00pm-4:59pm,2,4:00pm-4:59pm,6,1,Daylight,Reduced Visibility,0,2,[],[],0,0,Valid,0.0,0.0,20.0,20.0,['Female'],0,0,2,1,4,Dry,Straight,Level,Lowest,No
23488,36,New York,360950,1,1,1,0,4,COLONIE,November,11,Saturday,23,55,Urban,High Speed (Arterial),Yes,42.70321944,-73.81635556,Complex/Circle,Dark - Lighted,Clear,11:00pm-11:59pm,55,0:00am-0:59am,1,Not Applicable (Not Transported),Not Applicable (Not Transported),1,Dark - Lighted,Clear,0,4,[],[],0,0,Valid,0.0,0.0,48.0,48.0,['Male'],0,0,3,1,4,Dry,Straight,Level,Lowest,No
23489,36,New York,360951,0,1,1,0,1,YONKERS,November,27,Monday,0,29,Urban,Medium Speed (Collector),No,40.91079722,-73.862675,Non-Intersection,Dark - Not Lighted,Rain,Unknown,Unknown,Unknown EMS Scene Arrival Hour,Unknown EMS Scene Arrival Minutes,Unknown,Unknown EMS Hospital Arrival Time,1,Dark - Unlighted,Rain/Wind/Minor,1,0,['Driver'],['None_Used'],0,0,Invalid,0.0,0.0,29.0,29.0,['Male'],1,0,2,4,3,Wet/Standing Water,Straight,Level,Lowest,No
23490,36,New York,360952,1,1,1,0,1,COLONIE,November,12,Sunday,23,44,Urban,High Speed (Arterial),Yes,42.77188889,-73.82325278,Non-Intersection,Dark - Not Lighted,Clear,11:00pm-11:59pm,44,11:00pm-11:59pm,54,0:00am-0:59am,32,1,Dark - Unlighted,Clear,0,1,[],[],0,0,Valid,0.0,1.0,23.0,23.0,['Female'],0,0,2,1,4,Dry,Straight,Level,Lowest,No
23491,36,New York,360953,2,1,1,0,1,UTICA,December,8,Friday,18,23,Urban,Low Speed (Local),No,43.09950833,-75.23488056,Complex/Circle,Dark - Lighted,Clear,6:00pm-6:59pm,24,6:00pm-6:59pm,27,6:00pm-6:59pm,33,1,Dark - Lighted,Clear,0,1,[],[],0,0,Valid,1.0,0.0,60.0,60.0,['Female'],0,0,3,1,4,Dry,Straight,Level,Lowest,No
23492,36,New York,360954,1,1,1,0,1,MIDDLE VILLAGE,December,22,Friday,5,54,Urban,High Speed (Arterial),Yes,99.9999,999.9999,Non-Intersection,Dark - Lighted,Clear,5:00am-5:59am,54,Unknown EMS Scene Arrival Hour,Unknown EMS Scene Arrival Minutes,Unknown,Unknown EMS Hospital Arrival Time,1,Dark - Lighted,Clear,0,1,[],[],0,0,Valid,0.0,0.0,54.0,54.0,['Male'],0,0,3,1,4,Dry,Straight,Level,Lowest,No