,State_Code,State_Name,Crash_ID,Count_Non_Motorists,Count_Vehicles_Total,Count_Vehicle_Forms,Count_PVH_Involved,Count_Occupants_MV,City_Name,Month_Name,Day_of_Month,Day_of_Week,Crash_Hour,Crash_Minute,Area_Rural_Urban,Road_Functional_Class,On_NHS_Road,Latitude,Longitude,Intersection_Type,Light_Condition,Weather_Condition,Notif_Hour,Notif_Minute,Arrival_Hour,Arrival_Minute,Hospital_Hour,Hospital_Minute,Fatalities_Count,Clean_Light_Condition,Clean_Weather_Condition,Total_Killed,Total_Alive,Fatal_Seats_List,Killed_Restraint_List,Any_Driver_Drinking,Total_Drinking_Drivers,Driver_License_Category,Driver_Max_Prev_Accident_Count,Driver_Max_Prev_Speeding_Count,Max_Driver_Age,Min_Driver_Age,Driver_Sex_List,Total_Exceeding_Limit_Vehicles,Total_Too_Fast_Vehicles,Max_Vehicle_Type_Severity_5,Max_Vehicle_Damage_Rank,Max_Harmful_Event_Severity,Crash_Road_Surface_Condition,Crash_Horizontal_Alignment,Crash_Vertical_Profile,Crash_Impairment_Category,Crash_Vehicle_Defect
23493,36,New York,360955,0,2,2,0,3,KINDERHOOK,December,4,Monday,7,52,Rural,High Speed (Arterial),Yes,42.36674167,-73.70518889,Simple Junction,Dark - Lighted,Cloudy,7:00am-7:59am,52,7:00am-7:59am,59,8:00am-8:59am,46,1,Dark - Lighted,Reduced Visibility,1,2,['Driver'],['Shoulder_Lapbelt'],0,0,Valid,3.0,0.0,48.0,28.0,"['Male', 'Female']",0,0,3,1,5,Wet/Standing Water,Curve,Level,Lowest,No
23494,36,New York,360956,5,3,1,2,1,NEW YORK,December,3,Sunday,1,51,Urban,High Speed (Arterial),Yes,40.75286111,-73.985475,Complex/Circle,Dark - Lighted,Rain,Unknown,Unknown,Unknown EMS Scene Arrival Hour,Unknown EMS Scene Arrival Minutes,Unknown,Unknown EMS Hospital Arrival Time,1,Dark - Lighted,Rain/Wind/Minor,0,1,[],[],0,0,Valid,1.0,0.0,38.0,38.0,['Male'],1,0,2,1,4,Wet/Standing Water,Straight,Level,Lowest,No
23495,36,New York,360957,0,3,3,0,5,GOUVERNEUR,December,22,Friday,8,14,Rural,High Speed (Arterial),Yes,44.31500278,-75.49328056,Non-Intersection,Daylight,Clear,8:00am-8:59am,15,8:00am-8:59am,15,Unknown,Unknown EMS Hospital Arrival Time,2,Daylight,Clear,2,3,"['Driver', 'Rear_Seat']","['Shoulder_Lapbelt', 'None_Used']",0,0,Valid,1.0,0.0,53.0,29.0,"['Male', 'Male', 'Male']",0,0,4,1,5,Dry,Straight,Level,Medium,No
23496,36,New York,360958,1,1,1,0,1,GANSEVOORT,June,17,Saturday,22,51,Rural,Medium Speed (Collector),No,43.20458056,-73.64394167,Non-Intersection,Dark - Not Lighted,Rain,10:00pm-10:59pm,51,11:00pm-11:59pm,11,Not Applicable (Not Transported),Not Applicable (Not Transported),1,Dark - Unlighted,Rain/Wind/Minor,0,1,[],[],0,0,Valid,1.0,0.0,56.0,56.0,['Male'],0,0,2,1,4,Wet/Standing Water,Curve,Grade/Hillcrest,Lowest,No
23497,36,New York,360959,1,1,1,0,1,RAMAPO,July,24,Monday,23,45,Urban,Medium Speed (Collector),No,41.14768056,-74.19145278,Non-Intersection,Dark - Lighted,Clear,11:00pm-11:59pm,47,11:00pm-11:59pm,53,Not Applicable (Not Transported),Not Applicable (Not Transported),1,Dark - Lighted,Clear,0,1,[],[],0,0,Valid,0.0,0.0,62.0,62.0,['Male'],0,0,3,1,4,Dry,Straight,Level,Lowest,No
23498,36,New York,360960,0,2,2,0,2,COLONIE,June,9,Friday,13,41,Urban,Medium Speed (Collector),No,42.80902778,-73.72456389,Non-Intersection,Daylight,Cloudy,1:00pm-1:59pm,42,1:00pm-1:59pm,47,2:00pm-2:59pm,12,1,Daylight,Reduced Visibility,1,1,['Driver'],['None_Used'],0,0,Valid,2.0,0.0,74.0,21.0,"['Male', 'Male']",0,0,5,1,5,Dry,Curve,Level,Lowest,No
23499,36,New York,360961,1,1,1,0,1,COLONIE,November,21,Tuesday,18,3,Urban,High Speed (Arterial),Yes,42.70150556,-73.81457222,Non-Intersection,Dark - Lighted,Snow,6:00pm-6:59pm,5,6:00pm-6:59pm,12,6:00pm-6:59pm,41,1,Dark - Lighted,Snow/Ice/Severe,0,1,[],[],0,0,Valid,0.0,0.0,67.0,67.0,['Male'],0,0,3,1,4,Wet/Standing Water,Straight,Level,Lowest,No
23500,36,New York,360962,0,1,1,0,1,SYRACUSE,November,30,Thursday,3,28,Urban,Medium Speed (Collector),No,43.04185278,-76.17403056,Simple Junction,Dark - Lighted,Clear,3:00am-3:59am,31,3:00am-3:59am,35,Not Applicable (Not Transported),Not Applicable (Not Transported),1,Dark - Lighted,Clear,1,0,['Driver'],['Shoulder_Lapbelt'],0,0,Invalid,0.0,0.0,15.0,15.0,['Male'],1,0,3,1,3,Dry,Straight,Grade/Hillcrest,Lowest,No
23501,36,New York,360963,0,1,1,0,1,HEMPSTEAD,November,22,Wednesday,7,27,Urban,High Speed (Arterial),Yes,99.9999,999.9999,Non-Intersection,Dark - Lighted,Rain,Unknown,Unknown,Unknown EMS Scene Arrival Hour,Unknown EMS Scene Arrival Minutes,Not Applicable (Not Transported),Not Applicable (Not Transported),1,Dark - Lighted,Rain/Wind/Minor,1,0,['Driver'],['Shoulder_Lapbelt'],0,0,Valid,0.0,2.0,22.0,22.0,['Female'],1,0,2,4,3,Wet/Standing Water,Curve,Level,Lowest,No
23502,36,New York,360964,0,1,1,0,1,COLONIE,June,11,Sunday,3,8,Urban,High Speed (Arterial),Yes,42.78628333,-73.74074167,Non-Intersection,Dark - Lighted,"Fog, Smog, Smoke",3:00am-3:59am,11,3:00am-3:59am,16,Not Applicable (Not Transported),Not Applicable (Not Transported),1,Dark - Lighted,Reduced Visibility,1,0,['Driver'],['Shoulder_Lapbelt'],1,1,Valid,1.0,0.0,36.0,36.0,['Male'],1,0,2,1,3,Dry,Curve,Level,Lowest,No
23503,36,New York,360965,0,1,1,0,1,RIDGEWAY,December,20,Wednesday,0,52,Urban,High Speed (Arterial),Yes,43.22257778,-78.35965833,Non-Intersection,Dark - Lighted,Clear,0:00am-0:59am,52,0:00am-0:59am,52,Not Applicable (Not Transported),Not Applicable (Not Transported),1,Dark - Lighted,Clear,1,0,['Driver'],['None_Used'],0,0,Valid,1.0,1.0,23.0,23.0,['Male'],1,0,3,1,3,Dry,Curve,Level,Lowest,No
23504,36,New York,360966,0,1,1,0,2,MC GRAW,December,27,Wednesday,3,53,Rural,Low Speed (Local),No,42.58403611,-76.04706667,Non-Intersection,Dark - Not Lighted,Rain,3:00am-3:59am,53,4:00am-4:59am,1,Unknown,Unknown EMS Hospital Arrival Time,1,Dark - Unlighted,Rain/Wind/Minor,1,1,['Driver'],['None_Used'],1,1,Invalid,2.0,0.0,21.0,21.0,['Female'],2,0,2,4,3,Wet/Standing Water,Curve,Grade/Hillcrest,Lowest,No
23505,36,New York,360967,0,4,4,0,8,HEMPSTEAD,December,22,Friday,23,2,Urban,High Speed (Arterial),Yes,40.70823611,-73.62449722,Complex/Circle,Dark - Lighted,Clear,11:00pm-11:59pm,5,11:00pm-11:59pm,5,Unknown,Unknown EMS Hospital Arrival Time,2,Dark - Lighted,Clear,2,6,"['Driver', 'Front_Passenger']","['Shoulder_Lapbelt', 'Shoulder_Lapbelt']",0,0,Valid,2.0,0.0,46.0,28.0,"['Male', 'Male', 'Female', 'Male']",0,0,3,4,5,Dry,Straight,Level,Lowest,No
23506,36,New York,360968,0,1,1,0,1,BRIDGEWATER,December,31,Sunday,6,30,Rural,High Speed (Arterial),Yes,42.88318611,-75.25071111,Non-Intersection,Dark - Lighted,Cloudy,6:00am-6:59am,40,6:00am-6:59am,44,Not Applicable (Not Transported),Not Applicable (Not Transported),1,Dark - Lighted,Reduced Visibility,1,0,['Driver'],['Shoulder_Lapbelt'],0,0,Valid,0.0,0.0,46.0,46.0,['Male'],0,0,4,4,4,Wet/Standing Water,Curve,Level,Lowest,No
23507,36,New York,360969,1,1,1,0,1,ALBANY,December,20,Wednesday,17,13,Urban,Medium Speed (Collector),No,42.68848333,-73.81811111,Non-Intersection,Dark - Lighted,Clear,5:00pm-5:59pm,10,5:00pm-5:59pm,10,5:00pm-5:59pm,20,1,Dark - Lighted,Clear,0,1,[],[],0,0,Valid,0.0,0.0,66.0,66.0,['Male'],0,0,3,1,4,Dry,Straight,Level,Lowest,No
23508,36,New York,360970,1,1,1,0,2,CHEEKTOWAGA,December,27,Wednesday,19,39,Urban,High Speed (Arterial),Yes,42.90969444,-78.732075,Non-Intersection,Dark - Lighted,Rain,7:00pm-7:59pm,41,7:00pm-7:59pm,45,8:00pm-8:59pm,19,1,Dark - Lighted,Rain/Wind/Minor,0,2,[],[],0,0,Valid,0.0,0.0,49.0,49.0,['Male'],0,0,3,1,4,Wet/Standing Water,Straight,Level,Lowest,No
23509,36,New York,360971,1,1,1,0,2,CUBA,December,30,Saturday,20,0,Rural,Low Speed (Local),No,42.17705556,-78.25450833,Simple Junction,Dark - Not Lighted,Clear,0:00am-0:59am,11,0:00am-0:59am,18,Not Applicable (Not Transported),Not Applicable (Not Transported),1,Dark - Unlighted,Clear,0,2,[],[],0,0,Valid,1.0,1.0,22.0,22.0,['Male'],2,0,2,4,4,Wet/Standing Water,Curve,Grade/Hillcrest,Lowest,No
23510,36,New York,360972,0,2,2,0,2,MIDDLE VILLAGE,July,9,Sunday,9,25,Urban,Low Speed (Local),No,40.76478611,-73.91210556,Complex/Circle,Daylight,Cloudy,Unknown,Unknown,Unknown EMS Scene Arrival Hour,Unknown EMS Scene Arrival Minutes,Unknown,Unknown EMS Hospital Arrival Time,1,Daylight,Reduced Visibility,1,1,['Driver'],['None_Used'],0,0,Valid,1.0,0.0,50.0,32.0,"['Male', 'Male']",0,0,5,1,5,Dry,Straight,Level,Lowest,No
23511,36,New York,360973,0,2,2,0,2,Other,December,18,Monday,20,15,Urban,High Speed (Arterial),Yes,40.66698333,-73.77073611,Complex/Circle,Dark - Lighted,Clear,Unknown,Unknown,Unknown EMS Scene Arrival Hour,Unknown EMS Scene Arrival Minutes,Unknown,Unknown EMS Hospital Arrival Time,1,Dark - Lighted,Clear,1,1,['Driver'],['None_Used'],0,0,Invalid,2.0,1.0,71.0,30.0,"['Male', 'Male']",0,0,3,1,5,Dry,Straight,Level,Lowest,No
23512,36,New York,360974,0,2,2,0,4,LANCASTER,October,13,Friday,20,40,Rural,High Speed (Arterial),Yes,42.89169722,-78.60663889,Non-Intersection,Dark - Lighted,Clear,8:00pm-8:59pm,46,8:00pm-8:59pm,51,9:00pm-9:59pm,10,1,Dark - Lighted,Clear,1,3,['Rear_Seat'],['Shoulder_Lapbelt'],1,1,Valid,1.0,0.0,66.0,35.0,"['Male', 'Male']",0,0,3,4,5,Dry,Straight,Level,Lowest,No
23513,36,New York,360975,0,3,3,0,5,JOHNSONVILLE,August,22,Tuesday,14,18,Rural,High Speed (Arterial),Yes,42.83631944,-73.48393889,Non-Intersection,Daylight,Clear,2:00pm-2:59pm,18,2:00pm-2:59pm,18,3:00pm-3:59pm,18,2,Daylight,Clear,2,3,"['Driver', 'Front_Passenger']","['None_Used', 'Shoulder_Lapbelt']",1,1,Valid,0.0,0.0,51.0,35.0,"['Male', 'Male', 'Female']",0,0,4,4,5,Dry,Straight,Grade/Hillcrest,Lowest,No
23514,36,New York,360976,0,2,2,0,2,OYSTER BAY,April,18,Tuesday,14,10,Urban,Medium Speed (Collector),No,40.77637222,-73.46848889,Simple Junction,Daylight,Clear,Unknown,Unknown,Unknown EMS Scene Arrival Hour,Unknown EMS Scene Arrival Minutes,Unknown,Unknown EMS Hospital Arrival Time,1,Daylight,Clear,1,1,['Driver'],['Shoulder_Lapbelt'],0,0,Valid,1.0,0.0,80.0,70.0,"['Male', 'Male']",0,0,3,1,5,Dry,Straight,Level,Lowest,No
23515,36,New York,360977,0,2,2,0,2,HIGHLAND MILLS,October,23,Monday,6,9,Urban,High Speed (Arterial),Yes,99.9999,999.9999,Non-Intersection,Dawn,Clear,Unknown,Unknown,Unknown EMS Scene Arrival Hour,Unknown EMS Scene Arrival Minutes,Not Applicable (Not Transported),Not Applicable (Not Transported),1,Twilight,Clear,1,1,['Driver'],['Shoulder_Lapbelt'],0,0,Valid,0.0,1.0,59.0,25.0,"['Male', 'Male']",0,0,4,4,5,Dry,Straight,Level,Lowest,No
23516,36,New York,360978,0,2,2,0,3,MIDDLE VILLAGE,December,24,Sunday,13,15,Urban,High Speed (Arterial),Yes,40.74566944,-73.79243889,Complex/Circle,Daylight,Clear,Unknown,Unknown,Unknown EMS Scene Arrival Hour,Unknown EMS Scene Arrival Minutes,Unknown,Unknown EMS Hospital Arrival Time,1,Daylight,Clear,1,2,['Driver'],['Shoulder_Lapbelt'],0,0,Invalid,0.0,0.0,72.0,20.0,"['Male', 'Female']",2,0,3,1,5,Dry,Straight,Level,Lowest,No
23517,36,New York,360979,0,2,2,0,4,FORESTVILLE,December,28,Thursday,23,7,Rural,Medium Speed (Collector),No,42.45798611,-79.08186944,Non-Intersection,Dark - Not Lighted,Cloudy,11:00pm-11:59pm,7,11:00pm-11:59pm,20,11:00pm-11:59pm,45,1,Dark - Unlighted,Reduced Visibility,1,3,['Driver'],['Shoulder_Lapbelt'],1,1,Valid,1.0,0.0,31.0,24.0,"['Female', 'Female']",0,0,2,4,5,Wet/Standing Water,Straight,Level,Lowest,No
23518,36,New York,360980,0,4,4,0,5,KINGSTON,December,24,Sunday,18,57,Urban,High Speed (Arterial),Yes,41.96419722,-74.02205,Non-Intersection,Dark - Not Lighted,Cloudy,6:00pm-6:59pm,57,7:00pm-7:59pm,3,8:00pm-8:59pm,34,1,Dark - Unlighted,Reduced Visibility,1,4,['Driver'],['Shoulder_Lapbelt'],0,0,Valid,2.0,0.0,80.0,18.0,"['Female', 'Female', 'Female', 'Male']",0,0,3,4,5,Dry,Straight,Grade/Hillcrest,Lowest,No
23519,36,New York,360981,0,2,2,0,3,PERRY,December,29,Friday,17,38,Rural,Medium Speed (Collector),No,42.74713889,-78.02543889,Complex/Circle,Dark - Not Lighted,Clear,5:00pm-5:59pm,40,5:00pm-5:59pm,47,Unknown,Unknown EMS Hospital Arrival Time,1,Dark - Unlighted,Clear,1,2,['Driver'],['Shoulder_Lapbelt'],0,0,Valid,0.0,1.0,78.0,46.0,"['Female', 'Female']",0,0,3,1,5,Dry,Straight,Grade/Hillcrest,Lowest,No
23520,36,New York,360982,0,1,1,0,1,SOUTHAMPTON,December,24,Sunday,15,43,Urban,Medium Speed (Collector),No,40.82324444,-72.62057222,Simple Junction,Daylight,Rain,Unknown,Unknown,Unknown EMS Scene Arrival Hour,Unknown EMS Scene Arrival Minutes,4:00pm-4:59pm,45,1,Daylight,Rain/Wind/Minor,1,0,['Driver'],['None_Used'],1,1,Invalid,0.0,0.0,58.0,58.0,['Male'],0,0,2,1,3,Wet/Standing Water,Curve,Level,Lowest,No
23521,36,New York,360983,1,1,1,0,1,HARTSDALE,August,26,Saturday,11,14,Urban,Medium Speed (Collector),No,41.01283056,-73.79616389,Simple Junction,Daylight,Clear,11:00am-11:59am,16,11:00am-11:59am,23,11:00am-11:59am,44,1,Daylight,Clear,0,1,[],[],1,1,Invalid,0.0,0.0,42.0,42.0,['Male'],0,0,3,1,4,Dry,Straight,Grade/Hillcrest,Lowest,No
23522,36,New York,360984,0,2,2,0,3,GENEVA,December,25,Monday,8,45,Urban,Medium Speed (Collector),No,42.87641944,-76.99366944,Simple Junction,Daylight,Clear,8:00am-8:59am,45,8:00am-8:59am,53,10:00am-10:59am,0,1,Daylight,Clear,1,2,['Driver'],['Shoulder_Lapbelt'],0,0,Valid,1.0,1.0,77.0,71.0,"['Male', 'Male']",0,0,3,1,5,Wet/Standing Water,Curve,Level,Lowest,No
23523,36,New York,360985,0,1,1,0,1,CATSKILL,December,18,Monday,10,31,Urban,Medium Speed (Collector),No,42.25291944,-73.90607222,Non-Intersection,Daylight,Rain,10:00am-10:59am,31,10:00am-10:59am,35,Not Applicable (Not Transported),Not Applicable (Not Transported),1,Daylight,Rain/Wind/Minor,1,0,['Driver'],['Shoulder_Lapbelt'],0,0,Valid,0.0,0.0,76.0,76.0,['Female'],0,0,3,1,4,Wet/Standing Water,Straight,Level,Lowest,No
23524,36,New York,360986,0,2,2,0,4,NEW CITY,December,19,Tuesday,8,52,Urban,High Speed (Arterial),Yes,41.11256111,-73.94440833,Non-Intersection,Daylight,Cloudy,8:00am-8:59am,54,8:00am-8:59am,58,9:00am-9:59am,12,1,Daylight,Reduced Visibility,1,3,['Rear_Seat'],['Child_Safety'],0,0,Valid,1.0,0.0,41.0,31.0,"['Female', 'Male']",0,0,3,1,5,Dry,Straight,Grade/Hillcrest,Lowest,No
23525,36,New York,360987,1,2,2,0,2,BABYLON,November,2,Thursday,19,2,Urban,High Speed (Arterial),Yes,40.69223611,-73.397775,Complex/Circle,Dark - Lighted,Clear,Unknown,Unknown,Unknown EMS Scene Arrival Hour,Unknown EMS Scene Arrival Minutes,Unknown,Unknown EMS Hospital Arrival Time,1,Dark - Lighted,Clear,0,1,[],[],0,0,Valid,1.0,0.0,69.0,65.0,"['Male', 'Female']",0,0,3,1,4,Dry,Straight,Level,Lowest,No
23526,36,New York,360988,0,2,2,0,2,EAST PATCHOGUE,November,9,Thursday,13,56,Urban,High Speed (Arterial),Yes,40.78988889,-73.00855556,Non-Intersection,Daylight,Clear,1:00pm-1:59pm,57,2:00pm-2:59pm,0,Unknown,Unknown EMS Hospital Arrival Time,1,Daylight,Clear,1,1,['Driver'],['Shoulder_Lapbelt'],0,0,Valid,1.0,0.0,63.0,48.0,"['Female', 'Male']",1,0,3,1,5,Dry,Straight,Level,Lowest,No
23527,36,New York,360989,1,2,2,0,3,BABYLON,November,7,Tuesday,16,24,Urban,Medium Speed (Collector),No,40.70991667,-73.36432778,Non-Intersection,Daylight,Clear,Unknown,Unknown,Unknown EMS Scene Arrival Hour,Unknown EMS Scene Arrival Minutes,Unknown,Unknown EMS Hospital Arrival Time,1,Daylight,Clear,0,3,[],[],0,0,Valid,0.0,0.0,33.0,31.0,"['Male', 'Female']",0,0,3,1,4,Dry,Straight,Level,Lowest,No
23528,36,New York,360990,0,3,3,0,4,BROOKHAVEN,November,14,Tuesday,13,40,Urban,High Speed (Arterial),Yes,40.91549167,-73.00714444,Non-Intersection,Daylight,Clear,3:00pm-3:59pm,40,Unknown EMS Scene Arrival Hour,Unknown EMS Scene Arrival Minutes,Unknown,Unknown EMS Hospital Arrival Time,1,Daylight,Clear,1,3,['Driver'],['Shoulder_Lapbelt'],0,0,Valid,3.0,1.0,77.0,37.0,"['Male', 'Male', 'Male']",0,0,3,1,5,Dry,Straight,Level,Lowest,No
23529,36,New York,360991,0,2,2,0,2,PINE BUSH,September,23,Saturday,10,3,Urban,High Speed (Arterial),Yes,41.53263889,-74.30116944,Non-Intersection,Daylight,Rain,10:00am-10:59am,3,10:00am-10:59am,17,Unknown,Unknown EMS Hospital Arrival Time,1,Daylight,Rain/Wind/Minor,1,1,['Driver'],['Shoulder_Lapbelt'],0,0,Invalid,1.0,0.0,64.0,33.0,"['Male', 'Male']",0,0,4,4,5,Wet/Standing Water,Straight,Level,Lowest,No
23530,36,New York,360992,1,1,1,0,1,DE WITT,October,9,Monday,22,30,Urban,Medium Speed (Collector),No,43.06000833,-76.06698889,Non-Intersection,Dark - Not Lighted,Cloudy,10:00pm-10:59pm,43,10:00pm-10:59pm,51,Not Applicable (Not Transported),Not Applicable (Not Transported),1,Dark - Unlighted,Reduced Visibility,0,1,[],[],0,0,Valid,1.0,0.0,52.0,52.0,['Male'],0,0,3,1,4,Dry,Curve,Level,Lowest,No
23531,36,New York,360993,1,1,1,0,1,BALLSTON LAKE,November,15,Wednesday,5,45,Urban,High Speed (Arterial),Yes,42.97517222,-73.86185278,Complex/Circle,Dark - Not Lighted,Cloudy,5:00am-5:59am,45,5:00am-5:59am,53,Not Applicable (Not Transported),Not Applicable (Not Transported),1,Dark - Unlighted,Reduced Visibility,0,1,[],[],0,0,Valid,0.0,1.0,37.0,37.0,['Male'],0,0,2,1,4,Dry,Straight,Level,Lowest,No
23532,36,New York,360994,0,1,1,0,1,TARRYTOWN,December,25,Monday,13,26,Urban,High Speed (Arterial),Yes,41.16159444,-73.81673333,Non-Intersection,Daylight,Cloudy,1:00pm-1:59pm,27,1:00pm-1:59pm,32,1:00pm-1:59pm,58,1,Daylight,Reduced Visibility,1,0,['Driver'],['None_Used'],0,0,Valid,0.0,0.0,88.0,88.0,['Female'],0,0,3,4,3,Dry,Straight,Level,Lowest,No
23533,36,New York,360995,0,1,1,0,1,CAMILLUS,November,16,Thursday,10,8,Urban,High Speed (Arterial),Yes,43.053025,-76.25819444,Non-Intersection,Daylight,Clear,Unknown,Unknown,Unknown EMS Scene Arrival Hour,Unknown EMS Scene Arrival Minutes,Unknown,Unknown EMS Hospital Arrival Time,1,Daylight,Clear,1,0,['Driver'],['Shoulder_Lapbelt'],0,0,Invalid,0.0,0.0,64.0,64.0,['Male'],0,0,3,1,3,Dry,Curve,Level,Lowest,No
23534,36,New York,360996,1,1,1,0,1,HILLBURN,December,20,Wednesday,17,30,Urban,High Speed (Arterial),Yes,41.12536944,-74.16143889,Non-Intersection,Dark - Not Lighted,Clear,5:00pm-5:59pm,30,5:00pm-5:59pm,33,5:00pm-5:59pm,48,1,Dark - Unlighted,Clear,0,1,[],[],0,0,Valid,0.0,0.0,21.0,21.0,['Male'],0,0,3,1,4,Dry,Straight,Grade/Hillcrest,Lowest,No
23535,36,New York,360997,1,2,2,0,2,UTICA,November,17,Friday,16,56,Urban,High Speed (Arterial),Yes,43.11276111,-75.21512222,Non-Intersection,Dusk,Rain,4:00pm-4:59pm,56,4:00pm-4:59pm,58,5:00pm-5:59pm,20,1,Twilight,Rain/Wind/Minor,0,2,[],[],0,0,Valid,0.0,0.0,70.0,59.0,"['Male', 'Female']",0,0,3,1,4,Wet/Standing Water,Straight,Grade/Hillcrest,Lowest,No
23536,36,New York,360998,1,1,1,0,1,BATH,November,18,Saturday,7,21,Urban,High Speed (Arterial),Yes,42.33824444,-77.33611389,Non-Intersection,Dark - Not Lighted,Reported as Unknown,Unknown,Unknown,Unknown EMS Scene Arrival Hour,Unknown EMS Scene Arrival Minutes,Not Applicable (Not Transported),Not Applicable (Not Transported),1,Dark - Unlighted,Clear,0,1,[],[],0,0,Invalid,0.0,0.0,999.0,999.0,['Other'],0,0,1,1,4,Dry,Curve,Level,Lowest,No
23537,36,New York,360999,0,2,2,0,2,ISLIP,November,21,Tuesday,13,57,Urban,High Speed (Arterial),Yes,40.77838333,-73.07480278,Simple Junction,Daylight,Clear,Unknown,Unknown,Unknown EMS Scene Arrival Hour,Unknown EMS Scene Arrival Minutes,Unknown,Unknown EMS Hospital Arrival Time,1,Daylight,Clear,1,1,['Driver'],['Shoulder_Lapbelt'],0,0,Valid,1.0,0.0,71.0,37.0,"['Female', 'Male']",1,0,3,1,5,Dry,Straight,Level,Lowest,No
23538,36,New York,361000,1,1,1,0,1,NIAGRA,November,21,Tuesday,17,20,Urban,High Speed (Arterial),Yes,43.12050833,-78.99762222,Complex/Circle,Dark - Lighted,Cloudy,5:00pm-5:59pm,20,5:00pm-5:59pm,21,5:00pm-5:59pm,30,1,Dark - Lighted,Reduced Visibility,0,1,[],[],0,0,Valid,0.0,0.0,90.0,90.0,['Male'],0,0,2,1,4,Wet/Standing Water,Straight,Level,Lowest,No
23539,36,New York,361001,0,1,1,0,1,BROOKHAVEN,December,3,Sunday,22,21,Urban,Medium Speed (Collector),No,40.92939444,-72.94088611,Non-Intersection,Dark - Not Lighted,Rain,Unknown,Unknown,Unknown EMS Scene Arrival Hour,Unknown EMS Scene Arrival Minutes,Not Applicable (Not Transported),Not Applicable (Not Transported),1,Dark - Unlighted,Rain/Wind/Minor,1,0,['Driver'],['Lapbelt_Only'],0,0,Valid,1.0,0.0,28.0,28.0,['Female'],1,0,3,4,3,Wet/Standing Water,Curve,Grade/Hillcrest,Lowest,No
23540,36,New York,361002,0,2,2,0,5,SODUS,December,5,Tuesday,13,25,Rural,High Speed (Arterial),Yes,43.21975278,-77.0124,Complex/Circle,Daylight,Rain,1:00pm-1:59pm,27,1:00pm-1:59pm,30,Unknown,Unknown EMS Hospital Arrival Time,1,Daylight,Rain/Wind/Minor,1,4,['Driver'],['None_Used'],0,0,Valid,2.0,0.0,63.0,28.0,"['Male', 'Male']",0,0,3,1,5,Dry,Straight,Level,Lowest,No
23541,36,New York,361003,0,1,1,0,1,WINDHAM,December,9,Saturday,21,57,Rural,Medium Speed (Collector),No,42.31229167,-74.245325,Non-Intersection,Dark - Not Lighted,Clear,9:00pm-9:59pm,59,10:00pm-10:59pm,5,Not Applicable (Not Transported),Not Applicable (Not Transported),1,Dark - Unlighted,Clear,1,0,['Driver'],['Shoulder_Lapbelt'],0,0,Valid,0.0,0.0,42.0,42.0,['Female'],1,0,3,4,3,Wet/Standing Water,Curve,Level,Lowest,No
23542,36,New York,361004,2,1,1,0,1,OSWEGATCHIE,December,11,Monday,7,3,Rural,High Speed (Arterial),Yes,44.606825,-75.39385556,Non-Intersection,Dawn,Rain,7:00am-7:59am,4,7:00am-7:59am,12,8:00am-8:59am,2,1,Twilight,Rain/Wind/Minor,0,1,[],[],0,0,Valid,0.0,1.0,33.0,33.0,['Male'],0,0,3,1,1,Wet/Standing Water,Straight,Level,Lowest,No
23543,36,New York,361005,0,3,3,0,4,NEWFIELD,December,12,Tuesday,12,50,Rural,Medium Speed (Collector),No,42.35033889,-76.54253056,Non-Intersection,Daylight,Clear,12:00pm-12:59pm,50,1:00pm-1:59pm,0,Unknown,Unknown EMS Hospital Arrival Time,1,Daylight,Clear,1,3,['Front_Passenger'],['Shoulder_Lapbelt'],0,0,Valid,0.0,0.0,40.0,18.0,"['Male', 'Male', 'Male']",0,0,3,4,5,Dry,Straight,Level,Lowest,No
23544,36,New York,361006,0,1,1,0,1,PORT JERVIS,December,17,Sunday,2,36,Rural,High Speed (Arterial),Yes,41.37453611,-74.63421389,Non-Intersection,Dark - Not Lighted,Clear,2:00am-2:59am,36,2:00am-2:59am,49,Not Applicable (Not Transported),Not Applicable (Not Transported),1,Dark - Unlighted,Clear,1,0,['Driver'],['None_Used'],1,1,Valid,0.0,0.0,34.0,34.0,['Male'],1,0,2,4,3,Dry,Straight,Grade/Hillcrest,Lowest,No
23545,36,New York,361007,1,1,1,0,1,NEW YORK,December,30,Saturday,10,6,Urban,Medium Speed (Collector),No,40.74274722,-73.9846,Complex/Circle,Daylight,Clear,Unknown,Unknown,Unknown EMS Scene Arrival Hour,Unknown EMS Scene Arrival Minutes,Unknown,Unknown EMS Hospital Arrival Time,1,Daylight,Clear,0,1,[],[],0,0,Valid,0.0,0.0,43.0,43.0,['Male'],0,0,2,1,4,Dry,Straight,Level,Lowest,No
23546,36,New York,361008,1,1,1,0,1,CROTON ON HUDSON,December,31,Sunday,2,32,Urban,High Speed (Arterial),Yes,41.19131111,-73.87979167,Non-Intersection,Dark - Not Lighted,Clear,2:00am-2:59am,32,2:00am-2:59am,35,3:00am-3:59am,14,1,Dark - Unlighted,Clear,0,1,[],[],0,0,Valid,0.0,0.0,20.0,20.0,['Male'],0,0,2,1,4,Dry,Straight,Level,Lowest,No
23547,36,New York,361009,1,3,3,0,4,GATES,December,31,Sunday,18,57,Urban,Medium Speed (Collector),No,43.15000833,-77.67441944,Non-Intersection,Dark - Lighted,Cloudy,Unknown,Unknown,Unknown EMS Scene Arrival Hour,Unknown EMS Scene Arrival Minutes,Not Applicable (Not Transported),Not Applicable (Not Transported),1,Dark - Lighted,Reduced Visibility,0,4,[],[],1,2,Invalid,1.0,0.0,52.0,32.0,"['Male', 'Male', 'Male']",0,0,3,1,4,Dry,Straight,Level,Lowest,No