,State_Code,State_Name,Crash_ID,Count_Non_Motorists,Count_Vehicles_Total,Count_Vehicle_Forms,Count_PVH_Involved,Count_Occupants_MV,City_Name,Month_Name,Day_of_Month,Day_of_Week,Crash_Hour,Crash_Minute,Area_Rural_Urban,Road_Functional_Class,On_NHS_Road,Latitude,Longitude,Intersection_Type,Light_Condition,Weather_Condition,Notif_Hour,Notif_Minute,Arrival_Hour,Arrival_Minute,Hospital_Hour,Hospital_Minute,Fatalities_Count,Clean_Light_Condition,Clean_Weather_Condition,Total_Killed,Total_Alive,Fatal_Seats_List,Killed_Restraint_List,Any_Driver_Drinking,Total_Drinking_Drivers,Driver_License_Category,Driver_Max_Prev_Accident_Count,Driver_Max_Prev_Speeding_Count,Max_Driver_Age,Min_Driver_Age,Driver_Sex_List,Total_Exceeding_Limit_Vehicles,Total_Too_Fast_Vehicles,Max_Vehicle_Type_Severity_5,Max_Vehicle_Damage_Rank,Max_Harmful_Event_Severity,Crash_Road_Surface_Condition,Crash_Horizontal_Alignment,Crash_Vertical_Profile,Crash_Impairment_Category,Crash_Vehicle_Defect
23548,36,New York,361010,0,1,1,0,1,DRYDEN,November,10,Friday,12,29,Rural,Medium Speed (Collector),No,42.54411111,-76.437025,Non-Intersection,Daylight,Cloudy,Unknown,Unknown,Unknown EMS Scene Arrival Hour,Unknown EMS Scene Arrival Minutes,Unknown,Unknown EMS Hospital Arrival Time,1,Daylight,Reduced Visibility,1,0,['Driver'],['Shoulder_Lapbelt'],0,0,Valid,0.0,0.0,86.0,86.0,['Male'],1,0,3,4,3,Dry,Straight,Level,Lowest,No
23549,36,New York,361011,0,2,2,0,2,ROCHESTER,December,31,Sunday,21,45,Urban,High Speed (Arterial),Yes,43.23498889,-77.62433056,Complex/Circle,Dark - Lighted,Snow,9:00pm-9:59pm,32,9:00pm-9:59pm,39,10:00pm-10:59pm,3,1,Dark - Lighted,Snow/Ice/Severe,1,1,['Driver'],['Lapbelt_Only'],0,0,Invalid,0.0,0.0,35.0,31.0,"['Male', 'Male']",0,0,2,1,5,Dry,Straight,Level,Lowest,No
23550,36,New York,361012,1,1,1,0,1,SPRING VALLEY,December,31,Sunday,1,30,Urban,High Speed (Arterial),Yes,41.10860556,-74.04151111,Non-Intersection,Dark - Lighted,Clear,1:00am-1:59am,40,1:00am-1:59am,44,Not Applicable (Not Transported),Not Applicable (Not Transported),1,Dark - Lighted,Clear,0,1,[],[],0,0,Valid,1.0,0.0,39.0,39.0,['Male'],0,0,2,1,4,Dry,Straight,Level,Lowest,No
23551,36,New York,361013,0,1,1,0,1,MARLBORO,October,31,Tuesday,0,37,Rural,Medium Speed (Collector),No,41.64012222,-73.99945833,Non-Intersection,Dark - Unknown Lighting,Cloudy,Unknown,Unknown,Unknown EMS Scene Arrival Hour,Unknown EMS Scene Arrival Minutes,Unknown,Unknown EMS Hospital Arrival Time,1,Dark - Unlighted,Reduced Visibility,1,0,['Driver'],['Shoulder_Lapbelt'],0,0,Valid,0.0,0.0,76.0,76.0,['Male'],0,0,3,1,3,Wet/Standing Water,Straight,Level,Medium,No
23552,36,New York,361014,0,2,2,0,2,GARDINER,October,19,Thursday,19,15,Rural,High Speed (Arterial),No,41.73833889,-74.16286111,Non-Intersection,Dark - Not Lighted,Clear,7:00pm-7:59pm,15,7:00pm-7:59pm,20,Not Applicable (Not Transported),Not Applicable (Not Transported),1,Dark - Unlighted,Clear,1,1,['Driver'],['None_Used'],0,0,Valid,0.0,0.0,33.0,24.0,"['Female', 'Male']",0,0,5,4,5,Dry,Curve,Grade/Hillcrest,Lowest,No
23553,36,New York,361015,0,3,3,0,3,STILLWATER,August,14,Monday,16,54,Rural,Medium Speed (Collector),No,43.00362778,-73.6992,Non-Intersection,Daylight,Clear,4:00pm-4:59pm,14,5:00pm-5:59pm,4,5:00pm-5:59pm,9,1,Daylight,Clear,1,2,['Driver'],['None_Used'],0,0,Invalid,1.0,2.0,73.0,20.0,"['Male', 'Male', 'Male']",1,0,5,1,5,Dry,Straight,Grade/Hillcrest,Lowest,No
23554,36,New York,361016,0,2,2,0,4,SOUTHOLD,February,17,Friday,23,33,Urban,High Speed (Arterial),Yes,41.13761389,-72.319525,Non-Intersection,Dark - Lighted,Clear,11:00pm-11:59pm,33,Unknown EMS Scene Arrival Hour,Unknown EMS Scene Arrival Minutes,Not Applicable (Not Transported),Not Applicable (Not Transported),4,Dark - Lighted,Clear,4,0,"['Driver', 'Front_Passenger', 'Driver', 'Front_Passenger']","['Shoulder_Lapbelt', 'Shoulder_Lapbelt', 'Shoulder_Lapbelt', 'Shoulder_Lapbelt']",1,1,Valid,0.0,2.0,80.0,47.0,"['Male', 'Male']",0,0,3,1,3,Dry,Straight,Level,Lowest,No
23555,36,New York,361017,0,2,2,0,2,MIDDLE VILLAGE,November,27,Monday,23,51,Urban,High Speed (Arterial),Yes,40.75073611,-73.93493611,Non-Intersection,Dark - Lighted,Clear,Unknown,Unknown,Unknown EMS Scene Arrival Hour,Unknown EMS Scene Arrival Minutes,Unknown,Unknown EMS Hospital Arrival Time,1,Dark - Lighted,Clear,1,1,['Driver'],['None_Used'],0,0,Valid,2.0,0.0,59.0,47.0,"['Male', 'Male']",0,0,5,1,5,Dry,Straight,Level,Lowest,No
23556,36,New York,361018,0,1,1,0,44,SLATE HILL,September,21,Thursday,13,12,Urban,High Speed (Arterial),Yes,99.9999,999.9999,Non-Intersection,Daylight,Clear,1:00pm-1:59pm,12,1:00pm-1:59pm,20,Unknown,Unknown EMS Hospital Arrival Time,2,Daylight,Clear,2,42,"['Non_Standard_Risk', 'Non_Standard_Risk']","['None_Used', 'None_Used']",0,0,Valid,0.0,0.0,59.0,59.0,['Female'],0,0,4,4,3,Dry,Straight,Level,Lowest,Yes
23557,36,New York,361019,0,2,2,0,2,SOUTHAMPTON,June,23,Friday,8,20,Urban,High Speed (Arterial),Yes,40.91018889,-72.63119444,Non-Intersection,Daylight,Cloudy,Unknown,Unknown,Unknown EMS Scene Arrival Hour,Unknown EMS Scene Arrival Minutes,Unknown,Unknown EMS Hospital Arrival Time,1,Daylight,Reduced Visibility,1,1,['Driver'],['Shoulder_Lapbelt'],0,0,Valid,0.0,0.0,79.0,27.0,"['Female', 'Male']",0,0,2,1,5,Dry,Straight,Level,Lowest,No
23558,36,New York,361020,1,1,1,0,1,SYRACUSE,December,11,Monday,0,54,Urban,High Speed (Arterial),No,43.05855556,-76.17353889,Simple Junction,Dark - Lighted,Rain,0:00am-0:59am,55,0:00am-0:59am,58,1:00am-1:59am,21,1,Dark - Lighted,Rain/Wind/Minor,0,1,[],[],0,0,Valid,2.0,0.0,24.0,24.0,['Male'],0,0,3,1,4,Wet/Standing Water,Straight,Level,Lowest,No
23559,36,New York,361022,0,2,2,0,3,BROOKHAVEN,December,28,Thursday,7,50,Urban,High Speed (Arterial),Yes,40.93632778,-73.01618056,Non-Intersection,Daylight,Clear,Unknown,Unknown,Unknown EMS Scene Arrival Hour,Unknown EMS Scene Arrival Minutes,Unknown,Unknown EMS Hospital Arrival Time,1,Daylight,Clear,1,2,['Driver'],['Shoulder_Lapbelt'],0,0,Valid,1.0,0.0,72.0,21.0,"['Female', 'Male']",0,0,3,1,5,Wet/Standing Water,Straight,Level,Lowest,No
23560,36,New York,361023,0,1,1,0,1,AKRON,September,9,Saturday,3,30,Rural,Low Speed (Local),No,43.062125,-78.49208056,Non-Intersection,Dark - Not Lighted,Clear,3:00am-3:59am,40,3:00am-3:59am,59,4:00am-4:59am,56,1,Dark - Unlighted,Clear,1,0,['Driver'],['Shoulder_Lapbelt'],0,0,Valid,0.0,0.0,81.0,81.0,['Male'],0,0,3,1,3,Dry,Straight,Level,Medium,No
23561,36,New York,361024,0,2,2,0,4,CORTLANDT,December,15,Friday,19,58,Urban,High Speed (Arterial),Yes,41.32671944,-73.92761667,Non-Intersection,Dark - Not Lighted,Clear,8:00pm-8:59pm,10,8:00pm-8:59pm,12,Unknown,Unknown EMS Hospital Arrival Time,1,Dark - Unlighted,Clear,1,3,['Driver'],['Shoulder_Lapbelt'],0,0,Valid,0.0,0.0,27.0,17.0,"['Male', 'Male']",2,0,3,4,5,Dry,Curve,Grade/Hillcrest,Lowest,No
23562,36,New York,361025,1,2,2,0,2,ALBANY,November,8,Wednesday,19,16,Urban,High Speed (Arterial),Yes,42.63886667,-73.75419722,Non-Intersection,Dark - Not Lighted,Cloudy,Unknown,Unknown,Unknown EMS Scene Arrival Hour,Unknown EMS Scene Arrival Minutes,Not Applicable (Not Transported),Not Applicable (Not Transported),1,Dark - Unlighted,Reduced Visibility,0,2,[],[],0,0,Valid,1.0,0.0,58.0,39.0,"['Male', 'Female']",0,0,2,1,4,Dry,Curve,Level,Lowest,No
23563,36,New York,361026,0,2,1,1,2,SMITHTOWN,June,12,Monday,21,10,Urban,Low Speed (Local),No,40.85293056,-73.13265,Non-Intersection,Dark - Lighted,Rain,Unknown,Unknown,Unknown EMS Scene Arrival Hour,Unknown EMS Scene Arrival Minutes,Unknown,Unknown EMS Hospital Arrival Time,1,Dark - Lighted,Rain/Wind/Minor,1,1,['Front_Passenger'],['Shoulder_Lapbelt'],0,0,Valid,1.0,0.0,57.0,57.0,['Female'],0,0,2,1,5,Wet/Standing Water,Straight,Level,Lowest,No
23564,36,New York,361027,0,2,2,0,3,SOUTHOLD,June,13,Tuesday,17,51,Urban,Medium Speed (Collector),No,41.09990556,-72.37220556,Simple Junction,Daylight,Clear,5:00pm-5:59pm,51,5:00pm-5:59pm,51,6:00pm-6:59pm,12,2,Daylight,Clear,2,1,"['Driver', 'Rear_Seat']","['None_Used', 'None_Used']",1,1,Valid,3.0,0.0,62.0,51.0,"['Male', 'Male']",0,0,5,4,5,Dry,Straight,Level,Lowest,No
23565,36,New York,361028,1,1,1,0,1,QUEENSBURY,December,15,Friday,22,30,Urban,Low Speed (Local),No,43.32744167,-73.68633611,Non-Intersection,Dark - Lighted,Clear,10:00pm-10:59pm,31,10:00pm-10:59pm,35,11:00pm-11:59pm,8,1,Dark - Lighted,Clear,0,1,[],[],0,0,Invalid,0.0,0.0,33.0,33.0,['Male'],0,0,3,1,4,Dry,Straight,Level,Lowest,No
23566,36,New York,361029,0,2,2,0,2,CHEEKTOWAGA,August,29,Tuesday,19,58,Urban,High Speed (Arterial),Yes,42.90317778,-78.76171111,Non-Intersection,Dusk,Clear,7:00pm-7:59pm,58,8:00pm-8:59pm,0,Not Applicable (Not Transported),Not Applicable (Not Transported),1,Twilight,Clear,1,1,['Driver'],['None_Used'],1,1,Valid,0.0,0.0,46.0,30.0,"['Male', 'Male']",0,0,5,4,5,Dry,Straight,Level,Lowest,No
23567,36,New York,361030,2,2,1,1,1,SILVER CREEK,November,29,Wednesday,22,45,Rural,High Speed (Arterial),Yes,42.549475,-79.10969444,Non-Intersection,Dark - Not Lighted,Cloudy,10:00pm-10:59pm,45,10:00pm-10:59pm,50,Not Applicable (Not Transported),Not Applicable (Not Transported),1,Dark - Unlighted,Reduced Visibility,1,0,['Driver'],['Shoulder_Lapbelt'],0,0,Valid,0.0,0.0,28.0,28.0,['Male'],0,0,4,4,3,Dry,Straight,Level,Lowest,No
23568,36,New York,361031,1,1,1,0,2,NEW HYDE PARK,January,12,Thursday,14,25,Urban,Low Speed (Local),No,40.76803611,-73.55521944,Non-Intersection,Daylight,Cloudy,Unknown,Unknown,Unknown EMS Scene Arrival Hour,Unknown EMS Scene Arrival Minutes,Unknown,Unknown EMS Hospital Arrival Time,1,Daylight,Reduced Visibility,0,2,[],[],0,0,Valid,0.0,0.0,19.0,19.0,['Male'],0,0,3,1,4,Dry,Straight,Level,Lowest,No
23569,36,New York,361032,1,1,1,0,2,BROOKHAVEN,September,18,Monday,20,27,Urban,Medium Speed (Collector),No,40.81603333,-73.08515,Non-Intersection,Dark - Lighted,Rain,8:00pm-8:59pm,28,8:00pm-8:59pm,33,9:00pm-9:59pm,0,1,Dark - Lighted,Rain/Wind/Minor,0,2,[],[],0,0,Valid,0.0,0.0,58.0,58.0,['Male'],0,0,2,1,4,Wet/Standing Water,Straight,Level,Lowest,No
23570,36,New York,361033,1,1,1,0,1,BELLPORT,October,7,Saturday,18,58,Urban,Medium Speed (Collector),No,40.77343333,-72.94761667,Complex/Circle,Dark - Not Lighted,Cloudy,Unknown,Unknown,Unknown EMS Scene Arrival Hour,Unknown EMS Scene Arrival Minutes,Not Applicable (Not Transported),Not Applicable (Not Transported),1,Dark - Unlighted,Reduced Visibility,0,1,[],[],0,0,Valid,1.0,0.0,59.0,59.0,['Male'],0,0,3,1,4,Wet/Standing Water,Straight,Level,Lowest,No
23571,36,New York,361034,1,1,1,0,2,BROOKHAVEN,October,10,Tuesday,18,52,Urban,High Speed (Arterial),Yes,40.870625,-72.99753056,Non-Intersection,Dark - Lighted,Clear,6:00pm-6:59pm,52,6:00pm-6:59pm,54,7:00pm-7:59pm,25,1,Dark - Lighted,Clear,0,2,[],[],0,0,Valid,0.0,0.0,54.0,54.0,['Female'],0,0,2,1,4,Dry,Straight,Level,Lowest,No
23572,36,New York,361035,1,1,1,0,1,CORAM,October,16,Monday,22,4,Urban,High Speed (Arterial),Yes,40.87311944,-72.98383333,Non-Intersection,Dark - Lighted,Clear,10:00pm-10:59pm,7,10:00pm-10:59pm,10,Not Applicable (Not Transported),Not Applicable (Not Transported),1,Dark - Lighted,Clear,0,1,[],[],0,0,Invalid,2.0,0.0,38.0,38.0,['Male'],0,0,3,1,4,Dry,Straight,Level,Lowest,No
23573,36,New York,361036,0,1,1,0,1,BROOKHAVEN,December,1,Friday,21,40,Urban,Medium Speed (Collector),No,40.79610556,-72.97983333,Simple Junction,Dark - Lighted,Rain,9:00pm-9:59pm,41,9:00pm-9:59pm,56,Not Applicable (Not Transported),Not Applicable (Not Transported),1,Dark - Lighted,Rain/Wind/Minor,1,0,['Driver'],['None_Used'],1,1,Valid,0.0,0.0,33.0,33.0,['Male'],1,0,3,4,3,Wet/Standing Water,Straight,Level,Lowest,No
23574,36,New York,361037,1,1,1,0,1,BROOKHAVEN,November,22,Wednesday,18,59,Urban,High Speed (Arterial),Yes,40.88249444,-73.01623889,Complex/Circle,Dark - Lighted,Clear,6:00pm-6:59pm,59,7:00pm-7:59pm,7,7:00pm-7:59pm,35,1,Dark - Lighted,Clear,0,1,[],[],0,0,Valid,2.0,0.0,28.0,28.0,['Male'],0,0,3,4,4,Dry,Straight,Level,Lowest,No
23575,36,New York,361038,3,3,2,1,2,BROOKHAVEN,December,11,Monday,18,0,Urban,Medium Speed (Collector),No,40.83301111,-73.03757222,Simple Junction,Daylight,Clear,Unknown,Unknown,Unknown EMS Scene Arrival Hour,Unknown EMS Scene Arrival Minutes,Unknown,Unknown EMS Hospital Arrival Time,1,Daylight,Clear,0,2,[],[],0,0,Valid,0.0,0.0,999.0,21.0,"['Male', 'Other']",0,0,2,1,4,Dry,Straight,Level,Lowest,No
23576,36,New York,361039,0,1,1,0,1,HUNTINGTON,August,5,Saturday,18,30,Urban,Medium Speed (Collector),No,40.82537222,-73.43168889,Non-Intersection,Daylight,Clear,Unknown,Unknown,Unknown EMS Scene Arrival Hour,Unknown EMS Scene Arrival Minutes,Unknown,Unknown EMS Hospital Arrival Time,1,Daylight,Clear,1,0,['Driver'],['None_Used'],1,1,Valid,0.0,0.0,65.0,65.0,['Male'],0,0,5,1,3,Dry,Curve,Grade/Hillcrest,Lowest,No
23577,36,New York,361040,0,2,2,0,4,LIVERPOOL,September,19,Tuesday,19,19,Urban,Medium Speed (Collector),No,43.11349444,-76.19386389,Non-Intersection,Dusk,Clear,7:00pm-7:59pm,22,7:00pm-7:59pm,33,7:00pm-7:59pm,56,1,Twilight,Clear,1,3,['Driver'],['None_Used'],1,1,Valid,0.0,0.0,62.0,41.0,"['Male', 'Male']",0,0,5,1,5,Dry,Straight,Level,Lowest,Yes
23578,36,New York,361041,0,2,2,0,2,CHEEKTOWAGA,November,10,Friday,13,47,Urban,High Speed (Arterial),Yes,42.91885278,-78.75413611,Simple Junction,Daylight,Clear,1:00pm-1:59pm,47,1:00pm-1:59pm,50,2:00pm-2:59pm,8,1,Daylight,Clear,1,1,['Driver'],['None_Used'],0,0,Valid,1.0,0.0,79.0,20.0,"['Male', 'Male']",0,0,3,1,5,Dry,Straight,Level,Lowest,No
23579,36,New York,361043,1,1,1,0,1,TARRYTOWN,December,26,Tuesday,13,55,Urban,High Speed (Arterial),Yes,41.06380833,-73.86233333,Simple Junction,Daylight,Cloudy,Unknown,Unknown,Unknown EMS Scene Arrival Hour,Unknown EMS Scene Arrival Minutes,Unknown,Unknown EMS Hospital Arrival Time,1,Daylight,Reduced Visibility,0,1,[],[],0,0,Valid,1.0,0.0,85.0,85.0,['Female'],0,0,2,1,4,Dry,Straight,Level,Lowest,No
23580,36,New York,361044,1,2,2,0,2,TARRYTOWN,November,27,Monday,17,28,Rural,High Speed (Arterial),Yes,41.07865,-73.85763611,Simple Junction,Dark - Lighted,Clear,Unknown,Unknown,Unknown EMS Scene Arrival Hour,Unknown EMS Scene Arrival Minutes,Unknown,Unknown EMS Hospital Arrival Time,1,Dark - Lighted,Clear,0,2,[],[],0,0,Valid,0.0,0.0,80.0,76.0,"['Female', 'Male']",0,0,2,1,4,Dry,Straight,Level,Lowest,No
23581,36,New York,361045,1,1,1,0,1,SYRACUSE,November,23,Thursday,0,10,Urban,High Speed (Arterial),Yes,43.11098333,-76.14631389,Non-Intersection,Dark - Not Lighted,Rain,0:00am-0:59am,10,0:00am-0:59am,16,Not Applicable (Not Transported),Not Applicable (Not Transported),1,Dark - Unlighted,Rain/Wind/Minor,0,1,[],[],0,0,Valid,1.0,0.0,45.0,45.0,['Female'],0,0,2,1,4,Wet/Standing Water,Straight,Level,Lowest,No
23582,36,New York,361046,1,1,1,0,1,BABYLON,October,6,Friday,23,57,Urban,High Speed (Arterial),Yes,40.69248056,-73.39726389,Complex/Circle,Dark - Lighted,Clear,Unknown,Unknown,Unknown EMS Scene Arrival Hour,Unknown EMS Scene Arrival Minutes,Not Applicable (Not Transported),Not Applicable (Not Transported),1,Dark - Lighted,Clear,0,1,[],[],0,0,Valid,3.0,0.0,19.0,19.0,['Male'],0,0,3,1,4,Dry,Straight,Level,Lowest,No
23583,36,New York,361047,0,1,1,0,1,TARRYTOWN,May,2,Tuesday,1,16,Urban,High Speed (Arterial),Yes,41.04303056,-73.80013056,Non-Intersection,Dark - Lighted,Rain,1:00am-1:59am,20,1:00am-1:59am,22,Not Applicable (Not Transported),Not Applicable (Not Transported),1,Dark - Lighted,Rain/Wind/Minor,1,0,['Driver'],['None_Used'],0,0,Valid,1.0,0.0,31.0,31.0,['Female'],0,0,2,4,3,Wet/Standing Water,Straight,Level,Lowest,No
23584,36,New York,361048,1,2,2,0,1,SOUTH WALES,November,27,Monday,16,41,Rural,Medium Speed (Collector),No,42.77067778,-78.47855556,Non-Intersection,Dark - Not Lighted,Snow,4:00pm-4:59pm,42,5:00pm-5:59pm,0,6:00pm-6:59pm,0,1,Dark - Unlighted,Snow/Ice/Severe,0,1,[],[],0,0,Valid,0.0,0.0,24.0,24.0,['Male'],1,0,3,4,5,Icy/Snowy,Curve,Grade/Hillcrest,Lowest,No
23585,36,New York,361049,0,2,2,0,2,CLAVERACK,December,29,Friday,10,5,Urban,Medium Speed (Collector),No,42.25755,-73.74759722,Non-Intersection,Daylight,Rain,10:00am-10:59am,6,10:00am-10:59am,11,10:00am-10:59am,38,1,Daylight,Rain/Wind/Minor,1,1,['Driver'],['Shoulder_Lapbelt'],0,0,Valid,1.0,0.0,56.0,26.0,"['Male', 'Male']",0,0,4,1,5,Wet/Standing Water,Straight,Level,Medium,No
23586,36,New York,361050,0,6,6,0,11,HARRIMAN,September,23,Saturday,20,31,Urban,High Speed (Arterial),Yes,41.31061389,-74.13278333,Non-Intersection,Dark - Not Lighted,Rain,8:00pm-8:59pm,31,8:00pm-8:59pm,39,Unknown,Unknown EMS Hospital Arrival Time,1,Dark - Unlighted,Rain/Wind/Minor,1,8,['Rear_Seat'],['Shoulder_Lapbelt'],1,1,Valid,2.0,1.0,999.0,34.0,"['Male', 'Male', 'Male', 'Male', 'Other', 'Other']",0,0,3,4,5,Wet/Standing Water,Straight,Level,Lowest,No
23587,36,New York,361051,1,1,1,0,1,YORKTOWN HGTS,October,18,Wednesday,6,46,Urban,Medium Speed (Collector),No,41.31371389,-73.81395833,Complex/Circle,Dark - Lighted,"Fog, Smog, Smoke",Unknown,Unknown,Unknown EMS Scene Arrival Hour,Unknown EMS Scene Arrival Minutes,Not Applicable (Not Transported),Not Applicable (Not Transported),1,Dark - Lighted,Reduced Visibility,0,1,[],[],0,0,Valid,0.0,0.0,58.0,58.0,['Male'],0,0,3,4,4,Dry,Straight,Grade/Hillcrest,Lowest,No
23588,36,New York,361052,0,2,2,0,2,CORNWALL ON HUDSON,July,27,Thursday,0,17,Urban,High Speed (Arterial),Yes,41.39881667,-74.08801389,Non-Intersection,Dark - Not Lighted,Cloudy,0:00am-0:59am,17,0:00am-0:59am,27,Not Applicable (Not Transported),Not Applicable (Not Transported),1,Dark - Unlighted,Reduced Visibility,1,1,['Driver'],['None_Used'],1,1,Valid,0.0,0.0,54.0,41.0,"['Male', 'Female']",0,0,5,1,5,Dry,Straight,Level,Lowest,No
23589,36,New York,361053,0,2,2,0,3,NEWBURGH,November,18,Saturday,10,32,Urban,Medium Speed (Collector),No,41.49513333,-74.04568333,Non-Intersection,Daylight,Clear,10:00am-10:59am,32,10:00am-10:59am,41,11:00am-11:59am,8,1,Daylight,Clear,1,2,['Front_Passenger'],['Shoulder_Lapbelt'],0,0,Valid,2.0,0.0,57.0,43.0,"['Male', 'Male']",2,0,3,1,5,Wet/Standing Water,Curve,Grade/Hillcrest,Lowest,No
23590,36,New York,361054,0,1,1,0,1,BROOKHAVEN,October,1,Sunday,18,34,Urban,Low Speed (Local),No,40.81948611,-72.91606389,Non-Intersection,Dark - Lighted,Clear,6:00pm-6:59pm,40,6:00pm-6:59pm,40,Not Applicable (Not Transported),Not Applicable (Not Transported),1,Dark - Lighted,Clear,1,0,['Driver'],['None_Used'],1,1,Valid,0.0,0.0,25.0,25.0,['Male'],0,0,2,4,3,Dry,Straight,Level,Medium,No
23591,36,New York,361055,1,1,1,0,1,ISLIP,December,3,Sunday,17,1,Urban,Low Speed (Local),No,40.80746111,-73.08100833,Non-Intersection,Dark - Lighted,Rain,Unknown,Unknown,Unknown EMS Scene Arrival Hour,Unknown EMS Scene Arrival Minutes,Unknown,Unknown EMS Hospital Arrival Time,1,Dark - Lighted,Rain/Wind/Minor,0,1,[],[],0,0,Valid,2.0,0.0,72.0,72.0,['Male'],0,0,3,1,4,Wet/Standing Water,Straight,Level,Lowest,No
23592,36,New York,361056,1,1,1,0,1,SOUTHAMPTON,December,30,Saturday,18,14,Urban,High Speed (Arterial),Yes,40.89473333,-72.44901944,Non-Intersection,Dark - Not Lighted,Clear,6:00pm-6:59pm,14,6:00pm-6:59pm,19,6:00pm-6:59pm,39,1,Dark - Unlighted,Clear,0,1,[],[],0,0,Valid,0.0,0.0,62.0,62.0,['Female'],0,0,2,1,4,Dry,Straight,Level,Lowest,No
23593,36,New York,361057,1,1,1,0,1,AMITYVILLE,September,3,Sunday,23,45,Urban,High Speed (Arterial),Yes,40.68129167,-73.41680556,Simple Junction,Dark - Lighted,Clear,Unknown,Unknown,Unknown EMS Scene Arrival Hour,Unknown EMS Scene Arrival Minutes,Not Applicable (Not Transported),Not Applicable (Not Transported),1,Dark - Lighted,Clear,0,1,[],[],0,0,Invalid,0.0,0.0,999.0,999.0,['Other'],0,0,1,0,4,Dry,Straight,Level,Lowest,No
23594,36,New York,361058,0,2,2,0,5,HUNTINGTON,July,4,Tuesday,20,9,Rural,Medium Speed (Collector),No,40.80462778,-73.42363333,Non-Intersection,Daylight,Clear,8:00pm-8:59pm,17,8:00pm-8:59pm,29,9:00pm-9:59pm,12,1,Daylight,Clear,1,4,['Front_Passenger'],['Shoulder_Lapbelt'],1,1,Valid,0.0,0.0,26.0,23.0,"['Male', 'Male']",0,0,2,1,5,Dry,Straight,Grade/Hillcrest,Lowest,No
23595,36,New York,361059,1,3,3,0,3,PLATTSBURGH,October,26,Thursday,20,24,Urban,High Speed (Arterial),Yes,44.69709722,-73.48240833,Non-Intersection,Dark - Lighted,Rain,8:00pm-8:59pm,24,8:00pm-8:59pm,25,8:00pm-8:59pm,37,1,Dark - Lighted,Rain/Wind/Minor,0,2,[],[],0,0,Valid,1.0,0.0,999.0,32.0,"['Male', 'Male', 'Other']",0,0,3,1,4,Wet/Standing Water,Straight,Level,Lowest,No
23596,36,New York,361060,1,1,1,0,1,ONONDAGA,December,14,Thursday,19,0,Rural,Low Speed (Local),No,42.966725,-76.22945,Non-Intersection,Dark - Not Lighted,Clear,12:00pm-12:59pm,33,12:00pm-12:59pm,36,Not Applicable (Not Transported),Not Applicable (Not Transported),1,Dark - Unlighted,Clear,0,1,[],[],0,0,Valid,0.0,0.0,35.0,35.0,['Male'],0,0,3,1,4,Dry,Straight,Level,Lowest,No
23597,36,New York,361061,1,1,1,0,1,SOUTHAMPTON,September,2,Saturday,23,1,Urban,High Speed (Arterial),Yes,40.84283889,-72.57931389,Non-Intersection,Dark - Not Lighted,Clear,Unknown,Unknown,Unknown EMS Scene Arrival Hour,Unknown EMS Scene Arrival Minutes,Unknown,Unknown EMS Hospital Arrival Time,1,Dark - Unlighted,Clear,0,1,[],[],0,0,Valid,2.0,0.0,50.0,50.0,['Male'],0,0,2,1,4,Dry,Straight,Level,Lowest,No
23598,36,New York,361062,1,1,1,0,2,POUGHKEEPSIE,December,21,Thursday,18,51,Urban,High Speed (Arterial),Yes,41.710825,-73.86454444,Simple Junction,Dark - Lighted,Clear,6:00pm-6:59pm,51,6:00pm-6:59pm,54,7:00pm-7:59pm,12,1,Dark - Lighted,Clear,0,2,[],[],0,0,Valid,0.0,0.0,60.0,60.0,['Male'],0,0,3,1,4,Dry,Straight,Level,Lowest,No
23599,37,North Carolina,370001,0,2,2,0,5,NOT APPLICABLE,January,11,Wednesday,17,22,Urban,Medium Speed (Collector),No,36.08500833,-79.32263333,Non-Intersection,Dark - Not Lighted,Clear,Unknown,Unknown,Unknown EMS Scene Arrival Hour,Unknown EMS Scene Arrival Minutes,Unknown,Unknown EMS Hospital Arrival Time,1,Dark - Unlighted,Clear,1,4,['Driver'],['Shoulder_Lapbelt'],0,0,Valid,0.0,0.0,64.0,28.0,"['Male', 'Female']",1,0,2,4,5,Dry,Curve,Level,Lowest,No
23600,37,North Carolina,370002,0,2,2,0,3,NOT APPLICABLE,January,20,Friday,1,47,Urban,High Speed (Arterial),Yes,36.06869722,-79.35515278,Non-Intersection,Dark - Lighted,Clear,Unknown,Unknown,Unknown EMS Scene Arrival Hour,Unknown EMS Scene Arrival Minutes,Unknown,Unknown EMS Hospital Arrival Time,3,Dark - Lighted,Clear,3,0,"['Driver', 'Driver', 'Front_Passenger']","['None_Used', 'Shoulder_Lapbelt', 'Shoulder_Lapbelt']",0,0,Valid,0.0,0.0,41.0,30.0,"['Female', 'Male']",0,0,2,4,5,Dry,Straight,Grade/Hillcrest,Lowest,No
23601,37,North Carolina,370003,0,3,3,0,7,NOT APPLICABLE,January,5,Thursday,18,20,Rural,Medium Speed (Collector),No,35.91950556,-81.21175278,Non-Intersection,Dark - Not Lighted,Clear,Unknown,Unknown,Unknown EMS Scene Arrival Hour,Unknown EMS Scene Arrival Minutes,Unknown,Unknown EMS Hospital Arrival Time,1,Dark - Unlighted,Clear,1,6,['Driver'],['None_Used'],1,1,Invalid,1.0,0.0,53.0,31.0,"['Male', 'Male', 'Female']",0,0,5,4,5,Dry,Straight,Level,Lowest,No