,State_Code,State_Name,Crash_ID,Count_Non_Motorists,Count_Vehicles_Total,Count_Vehicle_Forms,Count_PVH_Involved,Count_Occupants_MV,City_Name,Month_Name,Day_of_Month,Day_of_Week,Crash_Hour,Crash_Minute,Area_Rural_Urban,Road_Functional_Class,On_NHS_Road,Latitude,Longitude,Intersection_Type,Light_Condition,Weather_Condition,Notif_Hour,Notif_Minute,Arrival_Hour,Arrival_Minute,Hospital_Hour,Hospital_Minute,Fatalities_Count,Clean_Light_Condition,Clean_Weather_Condition,Total_Killed,Total_Alive,Fatal_Seats_List,Killed_Restraint_List,Any_Driver_Drinking,Total_Drinking_Drivers,Driver_License_Category,Driver_Max_Prev_Accident_Count,Driver_Max_Prev_Speeding_Count,Max_Driver_Age,Min_Driver_Age,Driver_Sex_List,Total_Exceeding_Limit_Vehicles,Total_Too_Fast_Vehicles,Max_Vehicle_Type_Severity_5,Max_Vehicle_Damage_Rank,Max_Harmful_Event_Severity,Crash_Road_Surface_Condition,Crash_Horizontal_Alignment,Crash_Vertical_Profile,Crash_Impairment_Category,Crash_Vehicle_Defect
23602,37,North Carolina,370004,0,2,2,0,2,NOT APPLICABLE,January,10,Tuesday,6,5,Rural,Medium Speed (Collector),No,35.89945278,-81.292475,Non-Intersection,Dark - Not Lighted,Clear,Unknown,Unknown,Unknown EMS Scene Arrival Hour,Unknown EMS Scene Arrival Minutes,Not Applicable (Not Transported),Not Applicable (Not Transported),1,Dark - Unlighted,Clear,1,1,['Driver'],['Shoulder_Lapbelt'],0,0,Valid,1.0,1.0,56.0,41.0,"['Male', 'Female']",0,0,2,4,5,Dry,Straight,Grade/Hillcrest,Lowest,No
23603,37,North Carolina,370005,0,1,1,0,2,NOT APPLICABLE,January,5,Thursday,9,11,Rural,Medium Speed (Collector),No,36.38892778,-81.35059167,Non-Intersection,Daylight,Clear,Unknown,Unknown,Unknown EMS Scene Arrival Hour,Unknown EMS Scene Arrival Minutes,Unknown,Unknown EMS Hospital Arrival Time,2,Daylight,Clear,2,0,"['Driver', 'Front_Passenger']","['Shoulder_Lapbelt', 'None_Used']",0,0,Valid,4.0,0.0,62.0,62.0,['Female'],0,0,2,4,3,Dry,Curve,Grade/Hillcrest,Lowest,No
23604,37,North Carolina,370006,0,2,2,0,2,NOT APPLICABLE,January,7,Saturday,8,34,Rural,Medium Speed (Collector),No,34.72129444,-78.81298889,Simple Junction,Daylight,Clear,Unknown,Unknown,Unknown EMS Scene Arrival Hour,Unknown EMS Scene Arrival Minutes,Unknown,Unknown EMS Hospital Arrival Time,1,Daylight,Clear,1,1,['Driver'],['None_Used'],0,0,Valid,1.0,0.0,39.0,38.0,"['Male', 'Male']",0,0,4,4,5,Dry,Straight,Level,Lowest,No
23605,37,North Carolina,370007,0,2,2,0,2,NOT APPLICABLE,January,25,Wednesday,6,0,Rural,High Speed (Arterial),Yes,34.83504444,-78.85634722,Simple Junction,Dark - Not Lighted,Clear,Unknown,Unknown,Unknown EMS Scene Arrival Hour,Unknown EMS Scene Arrival Minutes,Unknown,Unknown EMS Hospital Arrival Time,1,Dark - Unlighted,Clear,1,1,['Driver'],['None_Used'],0,0,Valid,0.0,0.0,65.0,31.0,"['Male', 'Male']",0,0,4,4,5,Dry,Straight,Level,Lowest,No
23606,37,North Carolina,370008,0,1,1,0,1,ASHEVILLE,January,19,Thursday,19,31,Urban,Medium Speed (Collector),No,35.60729444,-82.57803611,Non-Intersection,Dark - Lighted,Clear,Unknown,Unknown,Unknown EMS Scene Arrival Hour,Unknown EMS Scene Arrival Minutes,Unknown,Unknown EMS Hospital Arrival Time,1,Dark - Lighted,Clear,1,0,['Driver'],['Shoulder_Lapbelt'],0,0,Invalid,0.0,0.0,18.0,18.0,['Male'],0,0,3,4,3,Dry,Straight,Level,Lowest,No
23607,37,North Carolina,370009,1,1,1,0,2,ASHEVILLE,January,29,Sunday,21,59,Rural,Medium Speed (Collector),No,35.56226389,-82.52719167,Non-Intersection,Dark - Lighted,Rain,Unknown,Unknown,Unknown EMS Scene Arrival Hour,Unknown EMS Scene Arrival Minutes,Not Applicable (Not Transported),Not Applicable (Not Transported),1,Dark - Lighted,Rain/Wind/Minor,0,2,[],[],0,0,Valid,0.0,0.0,23.0,23.0,['Female'],0,0,3,1,4,Wet/Standing Water,Curve,Grade/Hillcrest,Lowest,No
23608,37,North Carolina,370010,0,2,2,0,3,NOT APPLICABLE,January,4,Wednesday,17,40,Urban,Medium Speed (Collector),No,35.74436667,-81.62693333,Non-Intersection,Dark - Not Lighted,Cloudy,Unknown,Unknown,Unknown EMS Scene Arrival Hour,Unknown EMS Scene Arrival Minutes,Unknown,Unknown EMS Hospital Arrival Time,1,Dark - Unlighted,Reduced Visibility,1,2,['Driver'],['None_Used'],1,1,Valid,1.0,0.0,63.0,54.0,"['Male', 'Male']",0,0,3,1,5,Wet/Standing Water,Straight,Grade/Hillcrest,Lowest,No
23609,37,North Carolina,370011,1,1,1,0,2,NOT APPLICABLE,January,20,Friday,1,17,Urban,High Speed (Arterial),Yes,35.71523056,-81.76502778,Non-Intersection,Dark - Not Lighted,Clear,Unknown,Unknown,Unknown EMS Scene Arrival Hour,Unknown EMS Scene Arrival Minutes,Not Applicable (Not Transported),Not Applicable (Not Transported),1,Dark - Unlighted,Clear,0,2,[],[],0,0,Valid,0.0,0.0,40.0,40.0,['Male'],0,0,3,1,4,Dry,Straight,Grade/Hillcrest,Lowest,No
23610,37,North Carolina,370012,0,2,2,0,2,NOT APPLICABLE,January,17,Tuesday,22,34,Rural,Low Speed (Local),No,35.26575,-80.62399167,Non-Intersection,Dark - Not Lighted,Cloudy,Unknown,Unknown,Unknown EMS Scene Arrival Hour,Unknown EMS Scene Arrival Minutes,Unknown,Unknown EMS Hospital Arrival Time,1,Dark - Unlighted,Reduced Visibility,1,1,['Driver'],['Shoulder_Lapbelt'],0,0,Valid,2.0,0.0,42.0,19.0,"['Male', 'Female']",0,0,3,4,5,Dry,Curve,Level,Lowest,No
23611,37,North Carolina,370013,0,1,1,0,2,KANNAPOLIS,January,26,Thursday,22,51,Urban,Low Speed (Local),No,35.46475833,-80.63160278,Simple Junction,Dark - Lighted,Clear,Unknown,Unknown,Unknown EMS Scene Arrival Hour,Unknown EMS Scene Arrival Minutes,Not Applicable (Not Transported),Not Applicable (Not Transported),1,Dark - Lighted,Clear,1,1,['Driver'],['Shoulder_Lapbelt'],0,0,Valid,1.0,0.0,17.0,17.0,['Male'],2,0,2,4,3,Dry,Straight,Level,Lowest,No
23612,37,North Carolina,370014,0,1,1,0,1,NOT APPLICABLE,January,1,Sunday,7,9,Rural,Medium Speed (Collector),Yes,34.80719722,-76.47858333,Non-Intersection,Dawn,Clear,Unknown,Unknown,Unknown EMS Scene Arrival Hour,Unknown EMS Scene Arrival Minutes,Unknown,Unknown EMS Hospital Arrival Time,1,Twilight,Clear,1,0,['Driver'],['None_Used'],1,1,Valid,0.0,1.0,26.0,26.0,['Female'],1,0,3,4,3,Wet/Standing Water,Curve,Level,Lowest,No
23613,37,North Carolina,370015,0,2,2,0,4,NEWTON,January,17,Tuesday,17,3,Urban,Medium Speed (Collector),No,35.649275,-81.21122778,Simple Junction,Daylight,Cloudy,Unknown,Unknown,Unknown EMS Scene Arrival Hour,Unknown EMS Scene Arrival Minutes,Unknown,Unknown EMS Hospital Arrival Time,1,Daylight,Reduced Visibility,1,3,['Driver'],['None_Used'],0,0,Valid,1.0,0.0,82.0,42.0,"['Male', 'Male']",0,0,2,4,5,Dry,Straight,Level,Lowest,No
23614,37,North Carolina,370016,1,1,1,0,1,NOT APPLICABLE,January,16,Monday,5,51,Rural,Medium Speed (Collector),No,35.56267222,-81.16493333,Non-Intersection,Dark - Not Lighted,Clear,Unknown,Unknown,Unknown EMS Scene Arrival Hour,Unknown EMS Scene Arrival Minutes,Not Applicable (Not Transported),Not Applicable (Not Transported),1,Dark - Unlighted,Clear,0,1,[],[],0,0,Valid,1.0,0.0,59.0,59.0,['Female'],0,0,3,4,4,Dry,Straight,Grade/Hillcrest,Lowest,No
23615,37,North Carolina,370017,0,2,2,0,3,NOT APPLICABLE,January,5,Thursday,15,48,Rural,Medium Speed (Collector),No,35.62368333,-79.51313333,Non-Intersection,Daylight,Clear,Unknown,Unknown,Unknown EMS Scene Arrival Hour,Unknown EMS Scene Arrival Minutes,Unknown,Unknown EMS Hospital Arrival Time,1,Daylight,Clear,1,2,['Front_Passenger'],['Shoulder_Lapbelt'],0,0,Invalid,2.0,0.0,40.0,26.0,"['Male', 'Male']",2,0,3,1,5,Dry,Curve,Grade/Hillcrest,Lowest,No
23616,37,North Carolina,370018,1,1,1,0,1,BOILING SPRINGS,January,20,Friday,18,9,Urban,Medium Speed (Collector),No,35.25235556,-81.66675833,Non-Intersection,Dusk,Clear,Unknown,Unknown,Unknown EMS Scene Arrival Hour,Unknown EMS Scene Arrival Minutes,Unknown,Unknown EMS Hospital Arrival Time,1,Twilight,Clear,0,0,[],[],0,0,Invalid,0.0,0.0,998.0,998.0,['Other'],0,0,1,1,4,Dry,Straight,Level,Lowest,No
23617,37,North Carolina,370019,1,1,1,0,1,FAYETTEVILLE,January,20,Friday,5,47,Urban,High Speed (Arterial),Yes,35.03556389,-78.88064444,Non-Intersection,Dark - Not Lighted,Clear,Unknown,Unknown,Unknown EMS Scene Arrival Hour,Unknown EMS Scene Arrival Minutes,Not Applicable (Not Transported),Not Applicable (Not Transported),1,Dark - Unlighted,Clear,0,1,[],[],0,0,Invalid,0.0,0.0,52.0,52.0,['Male'],0,0,2,1,4,Dry,Straight,Level,Lowest,No
23618,37,North Carolina,370020,1,1,1,0,1,NOT APPLICABLE,January,25,Wednesday,23,15,Urban,High Speed (Arterial),Yes,35.06138889,-78.84179722,Non-Intersection,Dark - Not Lighted,Clear,Unknown,Unknown,Unknown EMS Scene Arrival Hour,Unknown EMS Scene Arrival Minutes,Unknown,Unknown EMS Hospital Arrival Time,1,Dark - Unlighted,Clear,0,1,[],[],0,0,Valid,0.0,0.0,31.0,31.0,['Female'],0,0,2,1,4,Wet/Standing Water,Straight,Level,Lowest,No
23619,37,North Carolina,370021,1,1,1,0,1,FAYETTEVILLE,January,9,Monday,20,49,Urban,High Speed (Arterial),No,35.02788333,-78.92796389,Complex/Circle,Dark - Lighted,Clear,Unknown,Unknown,Unknown EMS Scene Arrival Hour,Unknown EMS Scene Arrival Minutes,Not Applicable (Not Transported),Not Applicable (Not Transported),1,Dark - Lighted,Clear,0,1,[],[],0,0,Valid,0.0,0.0,35.0,35.0,['Male'],0,0,3,4,4,Dry,Straight,Level,Lowest,No
23620,37,North Carolina,370022,0,3,3,0,5,HOPE MILLS,January,21,Saturday,23,50,Urban,Medium Speed (Collector),No,34.96270833,-78.97129722,Non-Intersection,Dark - Not Lighted,Clear,Unknown,Unknown,Unknown EMS Scene Arrival Hour,Unknown EMS Scene Arrival Minutes,Unknown,Unknown EMS Hospital Arrival Time,1,Dark - Unlighted,Clear,1,4,['Driver'],['Shoulder_Lapbelt'],1,1,Invalid,0.0,0.0,37.0,21.0,"['Male', 'Female', 'Female']",2,0,2,4,5,Dry,Curve,Grade/Hillcrest,Lowest,No
23621,37,North Carolina,370023,0,2,2,0,2,NOT APPLICABLE,January,11,Wednesday,14,36,Rural,Low Speed (Local),No,35.72958611,-80.29611667,Non-Intersection,Daylight,Clear,Unknown,Unknown,Unknown EMS Scene Arrival Hour,Unknown EMS Scene Arrival Minutes,Unknown,Unknown EMS Hospital Arrival Time,1,Daylight,Clear,1,1,['Driver'],['Shoulder_Lapbelt'],0,0,Valid,0.0,0.0,72.0,68.0,"['Female', 'Male']",0,0,3,4,5,Dry,Straight,Level,Lowest,No
23622,37,North Carolina,370024,0,2,2,0,2,NOT APPLICABLE,January,16,Monday,19,25,Rural,Medium Speed (Collector),No,35.83285278,-80.33780278,Non-Intersection,Dark - Not Lighted,Clear,Unknown,Unknown,Unknown EMS Scene Arrival Hour,Unknown EMS Scene Arrival Minutes,Not Applicable (Not Transported),Not Applicable (Not Transported),1,Dark - Unlighted,Clear,1,1,['Driver'],['None_Used'],0,0,Valid,2.0,0.0,50.0,25.0,"['Female', 'Male']",0,0,3,4,5,Dry,Curve,Level,Lowest,No
23623,37,North Carolina,370025,0,2,2,0,4,THOMASVILLE,January,1,Sunday,3,45,Urban,High Speed (Arterial),Yes,35.90900833,-80.06488611,Non-Intersection,Dark - Not Lighted,"Fog, Smog, Smoke",Unknown,Unknown,Unknown EMS Scene Arrival Hour,Unknown EMS Scene Arrival Minutes,Unknown,Unknown EMS Hospital Arrival Time,1,Dark - Unlighted,Reduced Visibility,1,3,['Driver'],['None_Used'],0,0,Valid,1.0,0.0,33.0,24.0,"['Male', 'Female']",1,0,3,4,3,Dry,Straight,Level,Lowest,No
23624,37,North Carolina,370026,0,2,2,0,3,NOT APPLICABLE,January,25,Wednesday,14,49,Rural,Medium Speed (Collector),No,35.67405833,-80.26743611,Non-Intersection,Daylight,Rain,Unknown,Unknown,Unknown EMS Scene Arrival Hour,Unknown EMS Scene Arrival Minutes,Unknown,Unknown EMS Hospital Arrival Time,1,Daylight,Rain/Wind/Minor,1,2,['Driver'],['None_Used'],0,0,Valid,0.0,0.0,65.0,30.0,"['Female', 'Male']",2,0,3,4,5,Wet/Standing Water,Straight,Grade/Hillcrest,Lowest,Yes
23625,37,North Carolina,370027,0,3,3,0,6,NOT APPLICABLE,January,6,Friday,20,19,Rural,Medium Speed (Collector),No,35.689675,-80.09848889,Non-Intersection,Dark - Not Lighted,Clear,Unknown,Unknown,Unknown EMS Scene Arrival Hour,Unknown EMS Scene Arrival Minutes,Unknown,Unknown EMS Hospital Arrival Time,4,Dark - Unlighted,Clear,4,2,"['Driver', 'Driver', 'Rear_Seat', 'Rear_Seat']","['Shoulder_Lapbelt', 'Shoulder_Lapbelt', 'Shoulder_Lapbelt', 'Shoulder_Lapbelt']",1,2,Valid,0.0,0.0,62.0,38.0,"['Female', 'Female', 'Male']",1,0,3,4,5,Dry,Straight,Level,Lowest,No
23626,37,North Carolina,370028,0,2,2,0,2,NOT APPLICABLE,January,30,Monday,18,0,Rural,Medium Speed (Collector),No,35.76809722,-80.10393056,Complex/Circle,Dark - Not Lighted,Clear,Unknown,Unknown,Unknown EMS Scene Arrival Hour,Unknown EMS Scene Arrival Minutes,Not Applicable (Not Transported),Not Applicable (Not Transported),1,Dark - Unlighted,Clear,1,1,['Driver'],['Shoulder_Lapbelt'],0,0,Valid,0.0,0.0,63.0,25.0,"['Female', 'Male']",0,0,2,4,5,Dry,Straight,Grade/Hillcrest,Lowest,No
23627,37,North Carolina,370029,0,3,3,0,3,NOT APPLICABLE,January,6,Friday,5,31,Rural,Medium Speed (Collector),No,35.87243611,-80.43193889,Non-Intersection,Dark - Not Lighted,Clear,Unknown,Unknown,Unknown EMS Scene Arrival Hour,Unknown EMS Scene Arrival Minutes,Not Applicable (Not Transported),Not Applicable (Not Transported),1,Dark - Unlighted,Clear,1,2,['Driver'],['Shoulder_Lapbelt'],0,0,Valid,2.0,0.0,60.0,26.0,"['Male', 'Male', 'Male']",0,0,4,4,5,Dry,Straight,Level,Lowest,No
23628,37,North Carolina,370030,0,2,2,0,2,NOT APPLICABLE,January,27,Friday,19,16,Rural,High Speed (Arterial),Yes,35.95869444,-80.52892778,Non-Intersection,Dark - Not Lighted,Clear,Unknown,Unknown,Unknown EMS Scene Arrival Hour,Unknown EMS Scene Arrival Minutes,Unknown,Unknown EMS Hospital Arrival Time,1,Dark - Unlighted,Clear,1,1,['Driver'],['None_Used'],0,0,Invalid,0.0,0.0,45.0,19.0,"['Male', 'Male']",1,0,3,4,5,Dry,Straight,Level,Lowest,No
23629,37,North Carolina,370032,0,1,1,0,2,DURHAM,January,24,Tuesday,1,41,Urban,Medium Speed (Collector),No,35.96094444,-78.91489444,Non-Intersection,Dark - Not Lighted,Clear,Unknown,Unknown,Unknown EMS Scene Arrival Hour,Unknown EMS Scene Arrival Minutes,Not Applicable (Not Transported),Not Applicable (Not Transported),2,Dark - Unlighted,Clear,2,0,"['Driver', 'Front_Passenger']","['None_Used', 'None_Used']",1,1,Valid,0.0,0.0,27.0,27.0,['Male'],0,0,2,4,3,Dry,Curve,Grade/Hillcrest,Lowest,No
23630,37,North Carolina,370033,0,1,1,0,1,GASTONIA,January,4,Wednesday,10,0,Urban,Medium Speed (Collector),No,35.24771111,-81.09784444,Non-Intersection,Daylight,Rain,Unknown,Unknown,Unknown EMS Scene Arrival Hour,Unknown EMS Scene Arrival Minutes,Unknown,Unknown EMS Hospital Arrival Time,1,Daylight,Rain/Wind/Minor,1,0,['Driver'],['Shoulder_Lapbelt'],0,0,Valid,2.0,0.0,65.0,65.0,['Male'],1,0,3,4,4,Wet/Standing Water,Straight,Level,Lowest,No
23631,37,North Carolina,370034,0,1,1,0,1,NOT APPLICABLE,January,1,Sunday,4,0,Rural,Medium Speed (Collector),No,35.28340556,-81.32719167,Non-Intersection,Dark - Not Lighted,Cloudy,Unknown,Unknown,Unknown EMS Scene Arrival Hour,Unknown EMS Scene Arrival Minutes,Not Applicable (Not Transported),Not Applicable (Not Transported),1,Dark - Unlighted,Reduced Visibility,1,0,['Driver'],['Shoulder_Lapbelt'],1,1,Valid,0.0,2.0,43.0,43.0,['Male'],1,0,3,4,3,Wet/Standing Water,Curve,Level,Lowest,No
23632,37,North Carolina,370035,0,1,1,0,1,NOT APPLICABLE,January,23,Monday,8,47,Rural,Low Speed (Local),No,35.30702222,-81.23144167,Non-Intersection,Daylight,Clear,Unknown,Unknown,Unknown EMS Scene Arrival Hour,Unknown EMS Scene Arrival Minutes,Not Applicable (Not Transported),Not Applicable (Not Transported),1,Daylight,Clear,1,0,['Driver'],['None_Used'],0,0,Invalid,0.0,1.0,29.0,29.0,['Female'],1,0,3,4,3,Dry,Curve,Grade/Hillcrest,Lowest,No
23633,37,North Carolina,370036,0,1,1,0,3,NOT APPLICABLE,January,19,Thursday,4,31,Rural,Low Speed (Local),No,35.36720556,-83.86346667,Non-Intersection,Dark - Not Lighted,Cloudy,Unknown,Unknown,Unknown EMS Scene Arrival Hour,Unknown EMS Scene Arrival Minutes,Not Applicable (Not Transported),Not Applicable (Not Transported),1,Dark - Unlighted,Reduced Visibility,1,2,['Front_Passenger'],['None_Used'],1,1,Valid,0.0,1.0,26.0,26.0,['Female'],3,0,3,4,4,Wet/Standing Water,Curve,Level,Lowest,No
23634,37,North Carolina,370037,0,2,2,0,5,NOT APPLICABLE,January,25,Wednesday,15,5,Rural,Medium Speed (Collector),No,36.16302222,-78.72429722,Non-Intersection,Daylight,Rain,Unknown,Unknown,Unknown EMS Scene Arrival Hour,Unknown EMS Scene Arrival Minutes,Unknown,Unknown EMS Hospital Arrival Time,1,Daylight,Rain/Wind/Minor,1,4,['Driver'],['Shoulder_Lapbelt'],0,0,Invalid,0.0,1.0,32.0,30.0,"['Male', 'Female']",1,0,3,4,5,Wet/Standing Water,Straight,Grade/Hillcrest,Lowest,No
23635,37,North Carolina,370038,0,1,1,0,1,GREENSBORO,January,1,Sunday,1,42,Urban,Medium Speed (Collector),No,36.08666944,-79.79386389,Non-Intersection,Dark - Lighted,Clear,Unknown,Unknown,Unknown EMS Scene Arrival Hour,Unknown EMS Scene Arrival Minutes,Not Applicable (Not Transported),Not Applicable (Not Transported),1,Dark - Lighted,Clear,1,0,['Driver'],['Shoulder_Lapbelt'],0,0,Valid,0.0,0.0,32.0,32.0,['Female'],0,0,3,4,3,Dry,Straight,Level,Lowest,No
23636,37,North Carolina,370039,0,1,1,0,1,GREENSBORO,January,26,Thursday,11,0,Urban,High Speed (Arterial),Yes,36.00094444,-79.8093,Non-Intersection,Daylight,Clear,Unknown,Unknown,Unknown EMS Scene Arrival Hour,Unknown EMS Scene Arrival Minutes,Unknown,Unknown EMS Hospital Arrival Time,1,Daylight,Clear,1,0,['Driver'],['Shoulder_Lapbelt'],0,0,Valid,0.0,0.0,68.0,68.0,['Male'],0,0,1,4,3,Dry,Straight,Level,Lowest,Yes
23637,37,North Carolina,370040,1,3,2,1,3,HIGH POINT,January,22,Sunday,17,0,Urban,High Speed (Arterial),Yes,35.97964722,-79.98452778,Non-Intersection,Daylight,Cloudy,Unknown,Unknown,Unknown EMS Scene Arrival Hour,Unknown EMS Scene Arrival Minutes,Unknown,Unknown EMS Hospital Arrival Time,1,Daylight,Reduced Visibility,1,2,['Driver'],['Shoulder_Lapbelt'],1,1,Invalid,0.0,0.0,40.0,27.0,"['Male', 'Male']",2,0,3,4,5,Wet/Standing Water,Curve,Grade/Hillcrest,Lowest,Yes
23638,37,North Carolina,370041,0,1,1,0,1,NOT APPLICABLE,January,17,Tuesday,22,42,Rural,High Speed (Arterial),Yes,36.22600556,-77.74498611,Non-Intersection,Dark - Not Lighted,Clear,Unknown,Unknown,Unknown EMS Scene Arrival Hour,Unknown EMS Scene Arrival Minutes,Not Applicable (Not Transported),Not Applicable (Not Transported),1,Dark - Unlighted,Clear,1,0,['Driver'],['Shoulder_Lapbelt'],0,0,Valid,0.0,2.0,35.0,35.0,['Male'],0,0,2,4,3,Dry,Straight,Level,Lowest,No
23639,37,North Carolina,370042,0,1,1,0,1,NOT APPLICABLE,January,21,Saturday,13,28,Rural,Low Speed (Local),No,36.38381667,-77.80097778,Non-Intersection,Daylight,Clear,Unknown,Unknown,Unknown EMS Scene Arrival Hour,Unknown EMS Scene Arrival Minutes,Unknown,Unknown EMS Hospital Arrival Time,1,Daylight,Clear,1,0,['Driver'],['None_Used'],1,1,Valid,2.0,0.0,65.0,65.0,['Male'],1,0,2,4,3,Dry,Curve,Level,Lowest,No
23640,37,North Carolina,370043,0,1,1,0,3,NOT APPLICABLE,January,27,Friday,12,32,Rural,Low Speed (Local),No,36.37364722,-77.62064167,Non-Intersection,Daylight,Clear,Unknown,Unknown,Unknown EMS Scene Arrival Hour,Unknown EMS Scene Arrival Minutes,Unknown,Unknown EMS Hospital Arrival Time,1,Daylight,Clear,1,2,['Driver'],['Shoulder_Lapbelt'],0,0,Valid,0.0,0.0,67.0,67.0,['Female'],0,0,2,4,3,Dry,Straight,Level,Lowest,No
23641,37,North Carolina,370044,0,4,4,0,6,DUNN,January,7,Saturday,15,43,Urban,High Speed (Arterial),Yes,35.29211389,-78.60419444,Non-Intersection,Daylight,Clear,Unknown,Unknown,Unknown EMS Scene Arrival Hour,Unknown EMS Scene Arrival Minutes,Unknown,Unknown EMS Hospital Arrival Time,1,Daylight,Clear,1,5,['Driver'],['Shoulder_Lapbelt'],0,0,Valid,0.0,0.0,59.0,19.0,"['Male', 'Male', 'Female', 'Female']",0,0,4,4,5,Dry,Straight,Level,Lowest,No
23642,37,North Carolina,370045,0,2,2,0,6,NOT APPLICABLE,January,24,Tuesday,5,45,Rural,High Speed (Arterial),Yes,35.42023333,-78.93849167,Non-Intersection,Daylight,Clear,Unknown,Unknown,Unknown EMS Scene Arrival Hour,Unknown EMS Scene Arrival Minutes,Unknown,Unknown EMS Hospital Arrival Time,1,Daylight,Clear,1,5,['Non_Standard_Risk'],['None_Used'],0,0,Valid,1.0,0.0,61.0,27.0,"['Female', 'Male']",0,0,3,4,5,Dry,Straight,Level,Lowest,No
23643,37,North Carolina,370046,0,1,1,0,2,NOT APPLICABLE,January,28,Saturday,18,4,Rural,Low Speed (Local),No,36.50881111,-77.02768056,Non-Intersection,Dark - Not Lighted,Clear,Unknown,Unknown,Unknown EMS Scene Arrival Hour,Unknown EMS Scene Arrival Minutes,Unknown,Unknown EMS Hospital Arrival Time,1,Dark - Unlighted,Clear,1,1,['Driver'],['None_Used'],1,1,Valid,0.0,0.0,59.0,59.0,['Male'],2,0,2,4,3,Dry,Curve,Level,Lowest,No
23644,37,North Carolina,370047,0,2,2,0,4,NOT APPLICABLE,January,1,Sunday,6,37,Rural,High Speed (Arterial),Yes,35.36419444,-78.54853333,Non-Intersection,Dark - Not Lighted,Clear,Unknown,Unknown,Unknown EMS Scene Arrival Hour,Unknown EMS Scene Arrival Minutes,Unknown,Unknown EMS Hospital Arrival Time,1,Dark - Unlighted,Clear,1,3,['Driver'],['Shoulder_Lapbelt'],0,0,Invalid,1.0,0.0,59.0,42.0,"['Female', 'Male']",0,0,3,4,5,Wet/Standing Water,Straight,Level,Lowest,No
23645,37,North Carolina,370048,0,2,2,0,3,WILSONS MILLS,January,21,Saturday,9,48,Urban,High Speed (Arterial),Yes,35.55524722,-78.38616111,Complex/Circle,Daylight,Clear,Unknown,Unknown,Unknown EMS Scene Arrival Hour,Unknown EMS Scene Arrival Minutes,Unknown,Unknown EMS Hospital Arrival Time,1,Daylight,Clear,1,2,['Driver'],['Shoulder_Lapbelt'],0,0,Valid,0.0,0.0,82.0,70.0,"['Male', 'Male']",0,0,3,4,5,Dry,Straight,Grade/Hillcrest,Lowest,No
23646,37,North Carolina,370049,0,1,1,0,1,NOT APPLICABLE,January,29,Sunday,6,13,Urban,Low Speed (Local),No,35.79190278,-82.54400278,Non-Intersection,Dark - Not Lighted,Cloudy,Unknown,Unknown,Unknown EMS Scene Arrival Hour,Unknown EMS Scene Arrival Minutes,Not Applicable (Not Transported),Not Applicable (Not Transported),1,Dark - Unlighted,Reduced Visibility,1,0,['Driver'],['None_Used'],0,0,Valid,0.0,0.0,55.0,55.0,['Male'],0,0,3,4,2,Dry,Curve,Level,Lowest,No
23647,37,North Carolina,370050,0,1,1,0,1,CHARLOTTE,January,8,Sunday,10,14,Urban,High Speed (Arterial),Yes,35.28804444,-80.96483333,Non-Intersection,Daylight,Clear,Unknown,Unknown,Unknown EMS Scene Arrival Hour,Unknown EMS Scene Arrival Minutes,Not Applicable (Not Transported),Not Applicable (Not Transported),1,Daylight,Clear,1,0,['Driver'],['Shoulder_Lapbelt'],1,1,Valid,0.0,0.0,20.0,20.0,['Male'],1,0,2,4,2,Dry,Straight,Level,Lowest,No
23648,37,North Carolina,370051,0,2,2,0,3,CHARLOTTE,January,1,Sunday,1,28,Urban,High Speed (Arterial),Yes,35.22673889,-80.74734167,Complex/Circle,Dark - Lighted,Rain,Unknown,Unknown,Unknown EMS Scene Arrival Hour,Unknown EMS Scene Arrival Minutes,Unknown,Unknown EMS Hospital Arrival Time,1,Dark - Lighted,Rain/Wind/Minor,1,2,['Front_Passenger'],['Shoulder_Lapbelt'],1,1,Invalid,1.0,0.0,69.0,34.0,"['Male', 'Male']",1,0,3,4,5,Wet/Standing Water,Straight,Grade/Hillcrest,Lowest,No
23649,37,North Carolina,370052,1,1,1,0,1,CHARLOTTE,January,5,Thursday,17,12,Urban,Low Speed (Local),No,35.22159722,-80.81059722,Complex/Circle,Dusk,Clear,Unknown,Unknown,Unknown EMS Scene Arrival Hour,Unknown EMS Scene Arrival Minutes,Not Applicable (Not Transported),Not Applicable (Not Transported),1,Twilight,Clear,0,1,[],[],0,0,Valid,0.0,0.0,52.0,52.0,['Female'],0,0,2,1,4,Dry,Straight,Grade/Hillcrest,Lowest,No
23650,37,North Carolina,370053,1,1,1,0,1,CHARLOTTE,January,10,Tuesday,7,6,Urban,Low Speed (Local),No,35.24974444,-80.74945278,Non-Intersection,Dawn,Clear,Unknown,Unknown,Unknown EMS Scene Arrival Hour,Unknown EMS Scene Arrival Minutes,Not Applicable (Not Transported),Not Applicable (Not Transported),1,Twilight,Clear,0,1,[],[],0,0,Invalid,0.0,0.0,26.0,26.0,['Male'],0,0,3,1,4,Dry,Straight,Level,Lowest,No