,State_Code,State_Name,Crash_ID,Count_Non_Motorists,Count_Vehicles_Total,Count_Vehicle_Forms,Count_PVH_Involved,Count_Occupants_MV,City_Name,Month_Name,Day_of_Month,Day_of_Week,Crash_Hour,Crash_Minute,Area_Rural_Urban,Road_Functional_Class,On_NHS_Road,Latitude,Longitude,Intersection_Type,Light_Condition,Weather_Condition,Notif_Hour,Notif_Minute,Arrival_Hour,Arrival_Minute,Hospital_Hour,Hospital_Minute,Fatalities_Count,Clean_Light_Condition,Clean_Weather_Condition,Total_Killed,Total_Alive,Fatal_Seats_List,Killed_Restraint_List,Any_Driver_Drinking,Total_Drinking_Drivers,Driver_License_Category,Driver_Max_Prev_Accident_Count,Driver_Max_Prev_Speeding_Count,Max_Driver_Age,Min_Driver_Age,Driver_Sex_List,Total_Exceeding_Limit_Vehicles,Total_Too_Fast_Vehicles,Max_Vehicle_Type_Severity_5,Max_Vehicle_Damage_Rank,Max_Harmful_Event_Severity,Crash_Road_Surface_Condition,Crash_Horizontal_Alignment,Crash_Vertical_Profile,Crash_Impairment_Category,Crash_Vehicle_Defect
23651,37,North Carolina,370054,0,2,2,0,4,CHARLOTTE,January,10,Tuesday,16,38,Urban,High Speed (Arterial),Yes,35.29761944,-80.76440278,Non-Intersection,Daylight,Clear,Unknown,Unknown,Unknown EMS Scene Arrival Hour,Unknown EMS Scene Arrival Minutes,Not Applicable (Not Transported),Not Applicable (Not Transported),4,Daylight,Clear,4,0,"['Driver', 'Front_Passenger', 'Rear_Seat', 'Rear_Seat']","['Shoulder_Lapbelt', 'Shoulder_Lapbelt', 'None_Used', 'None_Used']",0,0,Invalid,0.0,0.0,50.0,50.0,['Male'],0,0,4,4,5,Dry,Straight,Level,Lowest,No
23652,37,North Carolina,370055,0,2,2,0,2,CHARLOTTE,January,14,Saturday,7,20,Urban,High Speed (Arterial),Yes,35.23681944,-80.9202,Complex/Circle,Daylight,Clear,Unknown,Unknown,Unknown EMS Scene Arrival Hour,Unknown EMS Scene Arrival Minutes,Unknown,Unknown EMS Hospital Arrival Time,1,Daylight,Clear,1,1,['Driver'],['Shoulder_Lapbelt'],0,0,Valid,0.0,0.0,78.0,55.0,"['Male', 'Female']",0,0,2,4,5,Dry,Straight,Level,Lowest,No
23653,37,North Carolina,370056,0,2,2,0,3,CHARLOTTE,January,20,Friday,20,36,Urban,Medium Speed (Collector),No,35.14413056,-80.83295556,Complex/Circle,Dark - Lighted,Clear,Unknown,Unknown,Unknown EMS Scene Arrival Hour,Unknown EMS Scene Arrival Minutes,Not Applicable (Not Transported),Not Applicable (Not Transported),1,Dark - Lighted,Clear,1,2,['Driver'],['None_Used'],1,1,Valid,1.0,2.0,69.0,35.0,"['Male', 'Male']",0,0,5,4,5,Dry,Straight,Level,Lowest,No
23654,37,North Carolina,370057,1,1,1,0,1,CHARLOTTE,January,29,Sunday,1,56,Urban,High Speed (Arterial),Yes,35.3214,-80.78227222,Non-Intersection,Dark - Not Lighted,Clear,Unknown,Unknown,Unknown EMS Scene Arrival Hour,Unknown EMS Scene Arrival Minutes,Not Applicable (Not Transported),Not Applicable (Not Transported),1,Dark - Unlighted,Clear,0,1,[],[],0,0,Valid,0.0,0.0,39.0,39.0,['Male'],0,0,1,4,4,Dry,Straight,Level,Lowest,No
23655,37,North Carolina,370058,0,2,2,0,5,CHARLOTTE,January,30,Monday,17,42,Urban,High Speed (Arterial),Yes,35.08779444,-80.847925,Complex/Circle,Dusk,Clear,Unknown,Unknown,Unknown EMS Scene Arrival Hour,Unknown EMS Scene Arrival Minutes,Unknown,Unknown EMS Hospital Arrival Time,1,Twilight,Clear,1,4,['Driver'],['None_Used'],0,0,Invalid,3.0,2.0,41.0,26.0,"['Male', 'Male']",1,0,5,4,5,Wet/Standing Water,Straight,Level,Lowest,No
23656,37,North Carolina,370059,0,1,1,0,2,NOT APPLICABLE,January,13,Friday,9,2,Rural,Low Speed (Local),No,35.22978611,-79.69789722,Non-Intersection,Daylight,Clear,Unknown,Unknown,Unknown EMS Scene Arrival Hour,Unknown EMS Scene Arrival Minutes,Unknown,Unknown EMS Hospital Arrival Time,1,Daylight,Clear,1,1,['Driver'],['None_Used'],0,0,Invalid,0.0,0.0,17.0,17.0,['Female'],2,0,2,4,3,Dry,Curve,Level,Lowest,No
23657,37,North Carolina,370060,0,2,2,0,2,NOT APPLICABLE,January,19,Thursday,19,26,Rural,Medium Speed (Collector),No,34.52496944,-77.42020556,Non-Intersection,Dark - Not Lighted,Clear,Unknown,Unknown,Unknown EMS Scene Arrival Hour,Unknown EMS Scene Arrival Minutes,Unknown,Unknown EMS Hospital Arrival Time,1,Dark - Unlighted,Clear,1,1,['Driver'],['Shoulder_Lapbelt'],1,1,Invalid,2.0,0.0,59.0,27.0,"['Male', 'Female']",1,0,3,4,5,Dry,Curve,Level,Lowest,No
23658,37,North Carolina,370061,0,2,2,0,2,JACKSONVILLE,January,26,Thursday,13,18,Urban,High Speed (Arterial),Yes,34.76413889,-77.38303611,Complex/Circle,Daylight,Clear,Unknown,Unknown,Unknown EMS Scene Arrival Hour,Unknown EMS Scene Arrival Minutes,Unknown,Unknown EMS Hospital Arrival Time,1,Daylight,Clear,1,1,['Driver'],['Shoulder_Lapbelt'],0,0,Valid,1.0,0.0,81.0,77.0,"['Male', 'Female']",0,0,3,4,5,Dry,Straight,Level,Lowest,No
23659,37,North Carolina,370062,0,1,1,0,1,NOT APPLICABLE,January,1,Sunday,3,27,Rural,Low Speed (Local),No,36.04347778,-79.25473889,Non-Intersection,Dark - Not Lighted,Clear,Unknown,Unknown,Unknown EMS Scene Arrival Hour,Unknown EMS Scene Arrival Minutes,Not Applicable (Not Transported),Not Applicable (Not Transported),1,Dark - Unlighted,Clear,1,0,['Driver'],['None_Used'],0,0,Invalid,0.0,0.0,53.0,53.0,['Female'],1,0,3,4,3,Wet/Standing Water,Straight,Level,Lowest,No
23660,37,North Carolina,370063,1,2,2,0,4,TRINITY,January,1,Sunday,18,23,Urban,High Speed (Arterial),Yes,35.8893,-79.98633611,Non-Intersection,Dark - Not Lighted,Clear,Unknown,Unknown,Unknown EMS Scene Arrival Hour,Unknown EMS Scene Arrival Minutes,Not Applicable (Not Transported),Not Applicable (Not Transported),1,Dark - Unlighted,Clear,0,4,[],[],0,0,Valid,1.0,0.0,23.0,21.0,"['Male', 'Male']",0,0,3,1,4,Dry,Straight,Level,Lowest,No
23661,37,North Carolina,370064,1,1,1,0,1,TRINITY,January,18,Wednesday,6,5,Urban,High Speed (Arterial),Yes,35.86725278,-80.02696111,Non-Intersection,Dark - Not Lighted,Cloudy,Unknown,Unknown,Unknown EMS Scene Arrival Hour,Unknown EMS Scene Arrival Minutes,Not Applicable (Not Transported),Not Applicable (Not Transported),1,Dark - Unlighted,Reduced Visibility,0,1,[],[],0,0,Valid,1.0,0.0,53.0,53.0,['Male'],0,0,4,4,4,Dry,Straight,Level,Lowest,No
23662,37,North Carolina,370065,0,2,2,0,2,ASHEBORO,January,31,Tuesday,11,44,Urban,High Speed (Arterial),Yes,35.67636111,-79.82936111,Non-Intersection,Daylight,Cloudy,Unknown,Unknown,Unknown EMS Scene Arrival Hour,Unknown EMS Scene Arrival Minutes,Not Applicable (Not Transported),Not Applicable (Not Transported),1,Daylight,Reduced Visibility,1,1,['Driver'],['None_Used'],0,0,Valid,6.0,0.0,94.0,17.0,"['Male', 'Male']",0,0,3,4,5,Dry,Straight,Level,Lowest,No
23663,37,North Carolina,370066,0,2,2,0,2,RANDLEMAN,January,22,Sunday,20,4,Urban,Medium Speed (Collector),No,35.81845833,-79.81298611,Non-Intersection,Dark - Lighted,Rain,Unknown,Unknown,Unknown EMS Scene Arrival Hour,Unknown EMS Scene Arrival Minutes,Not Applicable (Not Transported),Not Applicable (Not Transported),1,Dark - Lighted,Rain/Wind/Minor,1,1,['Driver'],['None_Used'],0,0,Valid,1.0,0.0,34.0,21.0,"['Female', 'Male']",1,0,2,4,5,Wet/Standing Water,Curve,Grade/Hillcrest,Lowest,No
23664,37,North Carolina,370067,0,1,1,0,1,NOT APPLICABLE,January,3,Tuesday,10,0,Rural,Low Speed (Local),No,34.541525,-79.01242778,Non-Intersection,Daylight,Clear,Unknown,Unknown,Unknown EMS Scene Arrival Hour,Unknown EMS Scene Arrival Minutes,Unknown,Unknown EMS Hospital Arrival Time,1,Daylight,Clear,1,0,['Driver'],['None_Used'],1,1,Valid,0.0,0.0,55.0,55.0,['Male'],1,0,3,4,3,Dry,Straight,Level,Lowest,No
23665,37,North Carolina,370068,0,2,2,0,2,NOT APPLICABLE,January,4,Wednesday,7,42,Rural,Medium Speed (Collector),No,34.74222222,-79.05455556,Non-Intersection,Daylight,Cloudy,Unknown,Unknown,Unknown EMS Scene Arrival Hour,Unknown EMS Scene Arrival Minutes,Unknown,Unknown EMS Hospital Arrival Time,1,Daylight,Reduced Visibility,1,1,['Driver'],['None_Used'],0,0,Valid,1.0,0.0,63.0,44.0,"['Female', 'Male']",0,0,3,4,5,Dry,Straight,Level,Lowest,No
23666,37,North Carolina,370069,0,2,2,0,5,NOT APPLICABLE,January,20,Friday,17,24,Rural,Medium Speed (Collector),No,34.47177222,-79.20019167,Complex/Circle,Daylight,Clear,Unknown,Unknown,Unknown EMS Scene Arrival Hour,Unknown EMS Scene Arrival Minutes,Unknown,Unknown EMS Hospital Arrival Time,1,Daylight,Clear,1,4,['Driver'],['None_Used'],0,0,Valid,1.0,0.0,69.0,47.0,"['Male', 'Male']",0,0,3,4,5,Dry,Curve,Level,Lowest,No
23667,37,North Carolina,370070,0,2,2,0,2,NOT APPLICABLE,January,21,Saturday,18,56,Rural,Medium Speed (Collector),No,34.44909722,-79.22337222,Complex/Circle,Dark - Lighted,Clear,Unknown,Unknown,Unknown EMS Scene Arrival Hour,Unknown EMS Scene Arrival Minutes,Unknown,Unknown EMS Hospital Arrival Time,1,Dark - Lighted,Clear,1,0,['Driver'],['None_Used'],0,0,Invalid,0.0,0.0,998.0,33.0,"['Other', 'Male']",0,0,5,1,5,Dry,Straight,Level,Lowest,No
23668,37,North Carolina,370071,0,2,2,0,2,NOT APPLICABLE,January,17,Tuesday,5,23,Rural,Medium Speed (Collector),No,34.64511389,-78.92995,Simple Junction,Dark - Not Lighted,Clear,Unknown,Unknown,Unknown EMS Scene Arrival Hour,Unknown EMS Scene Arrival Minutes,Unknown,Unknown EMS Hospital Arrival Time,1,Dark - Unlighted,Clear,1,1,['Driver'],['Shoulder_Lapbelt'],0,0,Valid,0.0,0.0,59.0,50.0,"['Male', 'Female']",0,0,4,4,5,Dry,Straight,Level,Lowest,No
23669,37,North Carolina,370072,1,1,1,0,2,NOT APPLICABLE,January,15,Sunday,20,25,Rural,Low Speed (Local),No,36.51565833,-79.6716,Non-Intersection,Dark - Not Lighted,Clear,Unknown,Unknown,Unknown EMS Scene Arrival Hour,Unknown EMS Scene Arrival Minutes,Unknown,Unknown EMS Hospital Arrival Time,1,Dark - Unlighted,Clear,0,2,[],[],0,0,Valid,1.0,0.0,20.0,20.0,['Female'],0,0,2,1,4,Dry,Straight,Level,Lowest,No
23670,37,North Carolina,370073,0,4,4,0,9,RUTHERFORDTON,January,2,Monday,18,46,Rural,Medium Speed (Collector),No,35.41239167,-81.91913889,Non-Intersection,Dark - Not Lighted,Cloudy,Unknown,Unknown,Unknown EMS Scene Arrival Hour,Unknown EMS Scene Arrival Minutes,Unknown,Unknown EMS Hospital Arrival Time,1,Dark - Unlighted,Reduced Visibility,1,8,['Driver'],['None_Used'],0,0,Valid,1.0,2.0,77.0,33.0,"['Male', 'Male', 'Female', 'Female']",0,0,3,4,5,Dry,Straight,Grade/Hillcrest,Lowest,No
23671,37,North Carolina,370074,0,2,2,0,2,RUTHERFORDTON,January,8,Sunday,10,39,Urban,Medium Speed (Collector),No,35.36591667,-81.95855,Non-Intersection,Daylight,Rain,Unknown,Unknown,Unknown EMS Scene Arrival Hour,Unknown EMS Scene Arrival Minutes,Unknown,Unknown EMS Hospital Arrival Time,1,Daylight,Rain/Wind/Minor,1,1,['Driver'],['Shoulder_Lapbelt'],0,0,Valid,0.0,1.0,36.0,33.0,"['Male', 'Female']",1,0,3,4,5,Wet/Standing Water,Curve,Grade/Hillcrest,Lowest,No
23672,37,North Carolina,370075,0,1,1,0,1,NOT APPLICABLE,January,14,Saturday,16,59,Rural,Low Speed (Local),No,34.92998333,-78.34237222,Non-Intersection,Daylight,Clear,Unknown,Unknown,Unknown EMS Scene Arrival Hour,Unknown EMS Scene Arrival Minutes,Not Applicable (Not Transported),Not Applicable (Not Transported),1,Daylight,Clear,1,0,['Driver'],['Shoulder_Only'],1,1,Invalid,0.0,0.0,16.0,16.0,['Male'],1,0,3,4,3,Dry,Straight,Level,Lowest,No
23673,37,North Carolina,370076,0,2,2,0,4,NOT APPLICABLE,January,6,Friday,18,43,Rural,Medium Speed (Collector),No,34.963725,-78.19232222,Non-Intersection,Dark - Not Lighted,Clear,Unknown,Unknown,Unknown EMS Scene Arrival Hour,Unknown EMS Scene Arrival Minutes,Not Applicable (Not Transported),Not Applicable (Not Transported),2,Dark - Unlighted,Clear,2,2,"['Driver', 'Front_Passenger']","['Shoulder_Lapbelt', 'Shoulder_Lapbelt']",0,0,Valid,0.0,0.0,66.0,34.0,"['Male', 'Male']",0,0,3,4,5,Dry,Curve,Level,Lowest,No
23674,37,North Carolina,370077,0,1,1,0,1,NOT APPLICABLE,January,28,Saturday,15,13,Rural,Medium Speed (Collector),No,35.15704444,-78.608225,Non-Intersection,Daylight,Clear,Unknown,Unknown,Unknown EMS Scene Arrival Hour,Unknown EMS Scene Arrival Minutes,Not Applicable (Not Transported),Not Applicable (Not Transported),1,Daylight,Clear,1,0,['Driver'],['None_Used'],0,0,Valid,0.0,0.0,52.0,52.0,['Female'],0,0,5,4,3,Dry,Straight,Level,Lowest,No
23675,37,North Carolina,370078,0,1,1,0,1,NOT APPLICABLE,January,11,Wednesday,20,4,Rural,Medium Speed (Collector),No,34.72749722,-79.38017778,Non-Intersection,Dark - Not Lighted,Clear,Unknown,Unknown,Unknown EMS Scene Arrival Hour,Unknown EMS Scene Arrival Minutes,Unknown,Unknown EMS Hospital Arrival Time,1,Dark - Unlighted,Clear,1,0,['Driver'],['None_Used'],1,1,Valid,1.0,0.0,67.0,67.0,['Male'],0,0,2,4,3,Dry,Straight,Level,Lowest,No
23676,37,North Carolina,370079,0,1,1,0,1,NOT APPLICABLE,January,4,Wednesday,19,53,Rural,Low Speed (Local),No,34.87968889,-79.54346111,Non-Intersection,Dark - Not Lighted,Cloudy,Unknown,Unknown,Unknown EMS Scene Arrival Hour,Unknown EMS Scene Arrival Minutes,Unknown,Unknown EMS Hospital Arrival Time,1,Dark - Unlighted,Reduced Visibility,1,0,['Driver'],['None_Used'],0,0,Valid,0.0,0.0,80.0,80.0,['Male'],0,0,3,4,3,Wet/Standing Water,Curve,Level,Lowest,No
23677,37,North Carolina,370080,0,4,4,0,4,NOT APPLICABLE,January,11,Wednesday,13,55,Rural,Medium Speed (Collector),No,35.33741111,-80.13603889,Non-Intersection,Daylight,Clear,Unknown,Unknown,Unknown EMS Scene Arrival Hour,Unknown EMS Scene Arrival Minutes,Unknown,Unknown EMS Hospital Arrival Time,1,Daylight,Clear,1,3,['Driver'],['Shoulder_Lapbelt'],0,0,Valid,1.0,0.0,61.0,18.0,"['Male', 'Male', 'Female', 'Male']",0,0,4,4,5,Dry,Straight,Level,Lowest,No
23678,37,North Carolina,370081,0,3,3,0,9,MONROE,January,9,Monday,15,23,Rural,Medium Speed (Collector),No,35.17751667,-80.54200833,Non-Intersection,Daylight,Clear,Unknown,Unknown,Unknown EMS Scene Arrival Hour,Unknown EMS Scene Arrival Minutes,Unknown,Unknown EMS Hospital Arrival Time,1,Daylight,Clear,1,8,['Driver'],['None_Used'],0,0,Valid,2.0,4.0,34.0,27.0,"['Male', 'Female', 'Male']",0,0,3,4,5,Dry,Straight,Level,Lowest,No
23679,37,North Carolina,370082,0,2,2,0,2,WAKE FOREST,January,7,Saturday,8,33,Urban,High Speed (Arterial),Yes,36.00493056,-78.52133333,Complex/Circle,Daylight,Clear,Unknown,Unknown,Unknown EMS Scene Arrival Hour,Unknown EMS Scene Arrival Minutes,Unknown,Unknown EMS Hospital Arrival Time,1,Daylight,Clear,1,1,['Driver'],['Shoulder_Lapbelt'],0,0,Invalid,1.0,0.0,23.0,17.0,"['Male', 'Female']",0,0,3,4,5,Dry,Straight,Level,Lowest,No
23680,37,North Carolina,370083,0,1,1,0,1,NOT APPLICABLE,January,27,Friday,6,7,Rural,Medium Speed (Collector),No,35.91415278,-78.38951111,Non-Intersection,Dark - Not Lighted,Clear,Unknown,Unknown,Unknown EMS Scene Arrival Hour,Unknown EMS Scene Arrival Minutes,Not Applicable (Not Transported),Not Applicable (Not Transported),1,Dark - Unlighted,Clear,1,0,['Driver'],['None_Used'],1,1,Invalid,1.0,0.0,31.0,31.0,['Male'],1,0,2,4,3,Dry,Curve,Level,Lowest,No
23681,37,North Carolina,370084,0,2,2,0,3,RALEIGH,January,26,Thursday,11,55,Urban,High Speed (Arterial),Yes,35.83644167,-78.65682778,Non-Intersection,Daylight,Clear,Unknown,Unknown,Unknown EMS Scene Arrival Hour,Unknown EMS Scene Arrival Minutes,Unknown,Unknown EMS Hospital Arrival Time,1,Daylight,Clear,1,2,['Front_Passenger'],['None_Used'],0,0,Valid,1.0,1.0,42.0,22.0,"['Male', 'Male']",2,0,4,4,5,Dry,Straight,Level,Lowest,No
23682,37,North Carolina,370085,1,1,1,0,1,CARY,January,26,Thursday,20,37,Urban,Medium Speed (Collector),No,35.73601667,-78.77909167,Non-Intersection,Dark - Lighted,Clear,Unknown,Unknown,Unknown EMS Scene Arrival Hour,Unknown EMS Scene Arrival Minutes,Not Applicable (Not Transported),Not Applicable (Not Transported),1,Dark - Lighted,Clear,0,0,[],[],0,0,Invalid,0.0,0.0,998.0,998.0,['Other'],0,0,3,1,4,Dry,Straight,Level,Lowest,No
23683,37,North Carolina,370086,1,1,1,0,1,NOT APPLICABLE,January,11,Wednesday,2,27,Rural,High Speed (Arterial),Yes,36.14761111,-81.31924444,Non-Intersection,Dark - Not Lighted,Clear,Unknown,Unknown,Unknown EMS Scene Arrival Hour,Unknown EMS Scene Arrival Minutes,Not Applicable (Not Transported),Not Applicable (Not Transported),1,Dark - Unlighted,Clear,0,1,[],[],0,0,Valid,0.0,0.0,32.0,32.0,['Male'],0,0,2,4,4,Dry,Curve,Grade/Hillcrest,Lowest,No
23684,37,North Carolina,370088,0,2,1,1,2,WILSON,January,4,Wednesday,22,56,Urban,Medium Speed (Collector),No,35.71409722,-77.90565833,Complex/Circle,Dark - Lighted,Clear,Unknown,Unknown,Unknown EMS Scene Arrival Hour,Unknown EMS Scene Arrival Minutes,Unknown,Unknown EMS Hospital Arrival Time,1,Dark - Lighted,Clear,1,1,['Front_Passenger'],['Shoulder_Lapbelt'],1,1,Invalid,4.0,0.0,36.0,36.0,['Male'],2,0,2,4,5,Dry,Straight,Level,Lowest,No
23685,37,North Carolina,370089,1,1,1,0,1,BURLINGTON,February,8,Wednesday,21,32,Urban,High Speed (Arterial),Yes,36.09324722,-79.40598611,Complex/Circle,Dark - Lighted,Clear,Unknown,Unknown,Unknown EMS Scene Arrival Hour,Unknown EMS Scene Arrival Minutes,Unknown,Unknown EMS Hospital Arrival Time,1,Dark - Lighted,Clear,0,1,[],[],0,0,Valid,0.0,0.0,26.0,26.0,['Male'],0,0,2,2,4,Dry,Straight,Level,Lowest,No
23686,37,North Carolina,370090,0,2,2,0,2,NOT APPLICABLE,February,3,Friday,12,0,Rural,High Speed (Arterial),Yes,35.03762778,-80.09131389,Non-Intersection,Daylight,Clear,11:00am-11:59am,53,12:00pm-12:59pm,1,Not Applicable (Not Transported),Not Applicable (Not Transported),1,Daylight,Clear,1,1,['Driver'],['Shoulder_Lapbelt'],1,1,Valid,0.0,0.0,52.0,50.0,"['Male', 'Male']",0,0,2,4,5,Dry,Straight,Grade/Hillcrest,Lowest,Yes
23687,37,North Carolina,370091,0,1,1,0,3,NOT APPLICABLE,February,13,Monday,16,27,Rural,High Speed (Arterial),Yes,36.11701389,-81.84221389,Non-Intersection,Daylight,Clear,4:00pm-4:59pm,31,4:00pm-4:59pm,35,5:00pm-5:59pm,5,1,Daylight,Clear,1,2,['Driver'],['Shoulder_Lapbelt'],0,0,Invalid,0.0,0.0,50.0,50.0,['Male'],0,0,3,4,3,Dry,Curve,Level,Lowest,No
23688,37,North Carolina,370092,0,1,1,0,1,NOT APPLICABLE,February,11,Saturday,20,55,Rural,Medium Speed (Collector),No,35.49286111,-82.50405833,Non-Intersection,Dark - Not Lighted,Rain,Unknown,Unknown,Unknown EMS Scene Arrival Hour,Unknown EMS Scene Arrival Minutes,Not Applicable (Not Transported),Not Applicable (Not Transported),1,Dark - Unlighted,Rain/Wind/Minor,1,0,['Driver'],['Shoulder_Lapbelt'],0,0,Valid,0.0,0.0,19.0,19.0,['Female'],0,0,2,4,3,Wet/Standing Water,Straight,Grade/Hillcrest,Lowest,No
23689,37,North Carolina,370093,0,1,1,0,1,NOT APPLICABLE,February,25,Saturday,12,22,Rural,Medium Speed (Collector),No,35.46272222,-82.46595278,Non-Intersection,Daylight,Rain,Unknown,Unknown,Unknown EMS Scene Arrival Hour,Unknown EMS Scene Arrival Minutes,Not Applicable (Not Transported),Not Applicable (Not Transported),1,Daylight,Rain/Wind/Minor,1,0,['Driver'],['Shoulder_Lapbelt'],1,1,Valid,0.0,0.0,55.0,55.0,['Male'],0,0,3,4,3,Wet/Standing Water,Straight,Level,Lowest,No
23690,37,North Carolina,370094,0,2,2,0,2,NOT APPLICABLE,February,3,Friday,14,54,Rural,High Speed (Arterial),Yes,35.43551111,-80.39648611,Complex/Circle,Daylight,Clear,2:00pm-2:59pm,57,3:00pm-3:59pm,11,3:00pm-3:59pm,41,1,Daylight,Clear,1,1,['Driver'],['Shoulder_Lapbelt'],0,0,Valid,0.0,0.0,67.0,16.0,"['Female', 'Male']",0,0,3,4,5,Dry,Straight,Level,Lowest,No
23691,37,North Carolina,370095,0,2,2,0,2,NOT APPLICABLE,February,11,Saturday,18,33,Rural,High Speed (Arterial),Yes,35.40292778,-80.46181389,Non-Intersection,Dusk,Cloudy,6:00pm-6:59pm,34,6:00pm-6:59pm,42,7:00pm-7:59pm,38,1,Twilight,Reduced Visibility,1,1,['Driver'],['None_Used'],0,0,Valid,2.0,1.0,62.0,50.0,"['Female', 'Male']",1,0,3,4,5,Dry,Straight,Grade/Hillcrest,Lowest,No
23692,37,North Carolina,370096,1,1,1,0,1,CONCORD,February,12,Sunday,22,28,Urban,High Speed (Arterial),Yes,35.44012222,-80.60706389,Non-Intersection,Dark - Not Lighted,Cloudy,10:00pm-10:59pm,28,10:00pm-10:59pm,40,Not Applicable (Not Transported),Not Applicable (Not Transported),1,Dark - Unlighted,Reduced Visibility,0,1,[],[],0,0,Valid,0.0,0.0,32.0,32.0,['Female'],0,0,2,4,4,Wet/Standing Water,Straight,Level,Lowest,No
23693,37,North Carolina,370097,0,1,1,0,1,NOT APPLICABLE,February,21,Tuesday,17,6,Rural,Medium Speed (Collector),No,35.94526111,-81.560575,Non-Intersection,Daylight,Clear,Unknown,Unknown,Unknown EMS Scene Arrival Hour,Unknown EMS Scene Arrival Minutes,Not Applicable (Not Transported),Not Applicable (Not Transported),1,Daylight,Clear,1,0,['Driver'],['None_Used'],0,0,Valid,0.0,1.0,24.0,24.0,['Male'],1,0,2,4,3,Dry,Straight,Level,Lowest,No
23694,37,North Carolina,370098,0,1,1,0,3,NOT APPLICABLE,February,8,Wednesday,14,22,Rural,Medium Speed (Collector),No,36.22555,-76.672375,Non-Intersection,Daylight,Clear,Unknown,Unknown,Unknown EMS Scene Arrival Hour,Unknown EMS Scene Arrival Minutes,Unknown,Unknown EMS Hospital Arrival Time,1,Daylight,Clear,1,2,['Driver'],['None_Used'],1,1,Valid,1.0,0.0,52.0,52.0,['Female'],3,0,3,4,2,Dry,Curve,Level,Lowest,No
23695,37,North Carolina,370099,0,1,1,0,1,NOT APPLICABLE,February,4,Saturday,5,41,Rural,Medium Speed (Collector),No,35.78883056,-79.39109444,Non-Intersection,Dark - Not Lighted,Clear,Unknown,Unknown,Unknown EMS Scene Arrival Hour,Unknown EMS Scene Arrival Minutes,Unknown,Unknown EMS Hospital Arrival Time,1,Dark - Unlighted,Clear,1,0,['Driver'],['Shoulder_Lapbelt'],0,0,Invalid,0.0,1.0,17.0,17.0,['Male'],1,0,2,4,3,Dry,Straight,Level,Lowest,No
23696,37,North Carolina,370100,1,1,1,0,1,NOT APPLICABLE,February,9,Thursday,6,2,Rural,Medium Speed (Collector),No,35.14955833,-83.919325,Non-Intersection,Dark - Not Lighted,Rain,Unknown,Unknown,Unknown EMS Scene Arrival Hour,Unknown EMS Scene Arrival Minutes,Not Applicable (Not Transported),Not Applicable (Not Transported),1,Dark - Unlighted,Rain/Wind/Minor,0,1,[],[],0,0,Valid,0.0,0.0,22.0,22.0,['Male'],0,0,3,4,4,Wet/Standing Water,Straight,Level,Lowest,No
23697,37,North Carolina,370101,0,2,2,0,3,NOT APPLICABLE,January,13,Friday,16,25,Rural,High Speed (Arterial),Yes,36.11730833,-78.90335,Complex/Circle,Daylight,Clear,Unknown,Unknown,Unknown EMS Scene Arrival Hour,Unknown EMS Scene Arrival Minutes,Unknown,Unknown EMS Hospital Arrival Time,1,Daylight,Clear,1,2,['Front_Passenger'],['Shoulder_Lapbelt'],0,0,Valid,0.0,1.0,75.0,39.0,"['Female', 'Female']",0,0,2,4,5,Dry,Straight,Grade/Hillcrest,Lowest,No
23698,37,North Carolina,370102,0,1,1,0,1,NOT APPLICABLE,January,25,Wednesday,1,26,Rural,Medium Speed (Collector),No,36.38873611,-78.87423889,Non-Intersection,Dark - Not Lighted,Clear,1:00am-1:59am,22,1:00am-1:59am,32,2:00am-2:59am,6,1,Dark - Unlighted,Clear,1,0,['Driver'],['None_Used'],0,0,Invalid,1.0,1.0,26.0,26.0,['Male'],0,0,2,4,3,Dry,Straight,Level,Lowest,No
23699,37,North Carolina,370103,0,2,2,0,2,NOT APPLICABLE,February,28,Tuesday,19,16,Rural,Medium Speed (Collector),No,35.76473333,-81.57064722,Non-Intersection,Dark - Not Lighted,Clear,Unknown,Unknown,Unknown EMS Scene Arrival Hour,Unknown EMS Scene Arrival Minutes,Unknown,Unknown EMS Hospital Arrival Time,1,Dark - Unlighted,Clear,1,1,['Driver'],['None_Used'],0,0,Invalid,1.0,0.0,55.0,38.0,"['Male', 'Female']",0,0,3,4,5,Dry,Straight,Grade/Hillcrest,Lowest,No