,State_Code,State_Name,Crash_ID,Count_Non_Motorists,Count_Vehicles_Total,Count_Vehicle_Forms,Count_PVH_Involved,Count_Occupants_MV,City_Name,Month_Name,Day_of_Month,Day_of_Week,Crash_Hour,Crash_Minute,Area_Rural_Urban,Road_Functional_Class,On_NHS_Road,Latitude,Longitude,Intersection_Type,Light_Condition,Weather_Condition,Notif_Hour,Notif_Minute,Arrival_Hour,Arrival_Minute,Hospital_Hour,Hospital_Minute,Fatalities_Count,Clean_Light_Condition,Clean_Weather_Condition,Total_Killed,Total_Alive,Fatal_Seats_List,Killed_Restraint_List,Any_Driver_Drinking,Total_Drinking_Drivers,Driver_License_Category,Driver_Max_Prev_Accident_Count,Driver_Max_Prev_Speeding_Count,Max_Driver_Age,Min_Driver_Age,Driver_Sex_List,Total_Exceeding_Limit_Vehicles,Total_Too_Fast_Vehicles,Max_Vehicle_Type_Severity_5,Max_Vehicle_Damage_Rank,Max_Harmful_Event_Severity,Crash_Road_Surface_Condition,Crash_Horizontal_Alignment,Crash_Vertical_Profile,Crash_Impairment_Category,Crash_Vehicle_Defect
23700,37,North Carolina,370104,0,2,2,0,2,NOT APPLICABLE,February,26,Sunday,18,36,Rural,High Speed (Arterial),Yes,33.90611389,-78.58575833,Complex/Circle,Dusk,Clear,Unknown,Unknown,Unknown EMS Scene Arrival Hour,Unknown EMS Scene Arrival Minutes,Unknown,Unknown EMS Hospital Arrival Time,1,Twilight,Clear,1,1,['Driver'],['None_Used'],0,0,Valid,1.0,0.0,88.0,79.0,"['Female', 'Male']",0,0,2,4,5,Dry,Straight,Level,Lowest,No
23701,37,North Carolina,370105,0,2,2,0,2,NOT APPLICABLE,February,23,Thursday,6,49,Rural,Medium Speed (Collector),No,36.47538889,-79.40435278,Non-Intersection,Dawn,Clear,6:00am-6:59am,44,6:00am-6:59am,53,8:00am-8:59am,16,1,Twilight,Clear,1,1,['Driver'],['Shoulder_Lapbelt'],0,0,Valid,0.0,0.0,50.0,24.0,"['Male', 'Female']",0,0,4,4,5,Dry,Curve,Grade/Hillcrest,Lowest,No
23702,37,North Carolina,370106,0,2,2,0,2,NOT APPLICABLE,February,22,Wednesday,0,6,Rural,High Speed (Arterial),Yes,35.55636667,-79.28526389,Non-Intersection,Dark - Not Lighted,Clear,Unknown,Unknown,Unknown EMS Scene Arrival Hour,Unknown EMS Scene Arrival Minutes,Not Applicable (Not Transported),Not Applicable (Not Transported),1,Dark - Unlighted,Clear,1,1,['Driver'],['Shoulder_Lapbelt'],0,0,Valid,0.0,0.0,40.0,22.0,"['Female', 'Male']",0,0,3,4,5,Dry,Straight,Level,Lowest,No
23703,37,North Carolina,370107,0,1,1,0,1,NOT APPLICABLE,February,8,Wednesday,21,3,Rural,Medium Speed (Collector),No,35.18279722,-77.30447222,Non-Intersection,Dark - Not Lighted,Clear,8:00pm-8:59pm,50,8:00pm-8:59pm,56,9:00pm-9:59pm,45,1,Dark - Unlighted,Clear,1,0,['Driver'],['None_Used'],0,0,Valid,4.0,0.0,52.0,52.0,['Male'],1,0,2,4,3,Dry,Straight,Level,Lowest,No
23704,37,North Carolina,370108,1,1,1,0,1,SPRING LAKE,February,15,Wednesday,18,53,Urban,High Speed (Arterial),Yes,35.19044167,-78.95990556,Non-Intersection,Dark - Not Lighted,Clear,Unknown,Unknown,Unknown EMS Scene Arrival Hour,Unknown EMS Scene Arrival Minutes,Not Applicable (Not Transported),Not Applicable (Not Transported),1,Dark - Unlighted,Clear,0,1,[],[],0,0,Valid,0.0,0.0,37.0,37.0,['Male'],0,0,2,2,4,Dry,Straight,Level,Lowest,No
23705,37,North Carolina,370109,0,2,2,0,2,HOPE MILLS,February,26,Sunday,15,28,Urban,Medium Speed (Collector),No,34.95307222,-78.97439444,Non-Intersection,Daylight,Clear,3:00pm-3:59pm,27,3:00pm-3:59pm,36,4:00pm-4:59pm,0,1,Daylight,Clear,1,1,['Driver'],['None_Used'],0,0,Valid,1.0,1.0,20.0,18.0,"['Male', 'Male']",1,0,5,4,5,Dry,Straight,Level,Lowest,No
23706,37,North Carolina,370110,0,2,2,0,1,NOT APPLICABLE,February,25,Saturday,21,11,Rural,High Speed (Arterial),Yes,35.95326667,-80.53786389,Non-Intersection,Dark - Not Lighted,Cloudy,9:00pm-9:59pm,5,9:00pm-9:59pm,12,Not Applicable (Not Transported),Not Applicable (Not Transported),1,Dark - Unlighted,Reduced Visibility,1,0,['Driver'],['None_Used'],0,0,Valid,0.0,0.0,38.0,38.0,['Male'],0,0,4,4,5,Wet/Standing Water,Straight,Level,Lowest,No
23707,37,North Carolina,370111,1,1,1,0,1,NOT APPLICABLE,February,3,Friday,16,23,Rural,Medium Speed (Collector),No,35.16247222,-78.01056389,Non-Intersection,Reported as Unknown,Clear,Unknown,Unknown,Unknown EMS Scene Arrival Hour,Unknown EMS Scene Arrival Minutes,Unknown,Unknown EMS Hospital Arrival Time,1,Dark - Unlighted,Clear,0,0,[],[],0,0,Invalid,0.0,0.0,999.0,999.0,['Other'],0,0,1,0,4,Dry,Straight,Level,Lowest,No
23708,37,North Carolina,370112,0,2,2,0,3,WALLACE,February,19,Sunday,18,15,Urban,Medium Speed (Collector),No,34.75758333,-77.94858056,Non-Intersection,Dusk,Clear,Unknown,Unknown,Unknown EMS Scene Arrival Hour,Unknown EMS Scene Arrival Minutes,Unknown,Unknown EMS Hospital Arrival Time,1,Twilight,Clear,1,2,['Driver'],['None_Used'],0,0,Valid,0.0,0.0,44.0,40.0,"['Male', 'Male']",0,0,5,4,5,Dry,Straight,Level,Lowest,No
23709,37,North Carolina,370113,0,2,2,0,2,DURHAM,February,22,Wednesday,20,24,Urban,High Speed (Arterial),Yes,35.924225,-78.84656389,Complex/Circle,Dark - Lighted,Clear,Unknown,Unknown,Unknown EMS Scene Arrival Hour,Unknown EMS Scene Arrival Minutes,Unknown,Unknown EMS Hospital Arrival Time,1,Dark - Lighted,Clear,1,1,['Driver'],['None_Used'],0,0,Valid,1.0,1.0,52.0,29.0,"['Male', 'Female']",0,0,5,4,5,Dry,Straight,Level,Lowest,No
23710,37,North Carolina,370114,0,1,1,0,1,TARBORO,February,14,Tuesday,13,4,Urban,Medium Speed (Collector),No,35.91728333,-77.51595,Non-Intersection,Daylight,Clear,1:00pm-1:59pm,3,1:00pm-1:59pm,12,Not Applicable (Not Transported),Not Applicable (Not Transported),1,Daylight,Clear,1,0,['Driver'],['None_Used'],0,0,Valid,0.0,1.0,49.0,49.0,['Male'],1,0,4,4,2,Dry,Curve,Level,Lowest,No
23711,37,North Carolina,370115,0,1,1,0,2,NOT APPLICABLE,February,5,Sunday,22,0,Rural,Low Speed (Local),No,35.99180556,-78.15804444,Non-Intersection,Dark - Not Lighted,Cloudy,9:00pm-9:59pm,57,10:00pm-10:59pm,6,Not Applicable (Not Transported),Not Applicable (Not Transported),2,Dark - Unlighted,Reduced Visibility,2,0,"['Driver', 'Front_Passenger']","['None_Used', 'None_Used']",0,0,Invalid,1.0,0.0,38.0,38.0,['Male'],2,0,3,4,4,Dry,Curve,Grade/Hillcrest,Lowest,No
23712,37,North Carolina,370116,0,2,2,0,4,NOT APPLICABLE,February,7,Tuesday,15,32,Rural,Medium Speed (Collector),No,36.02229444,-78.37454167,Non-Intersection,Daylight,Clear,3:00pm-3:59pm,25,3:00pm-3:59pm,49,4:00pm-4:59pm,21,1,Daylight,Clear,1,3,['Driver'],['Shoulder_Lapbelt'],0,0,Valid,0.0,0.0,62.0,33.0,"['Male', 'Female']",0,0,3,4,5,Dry,Curve,Level,Lowest,No
23713,37,North Carolina,370117,0,2,2,0,2,GASTONIA,February,16,Thursday,13,7,Urban,High Speed (Arterial),Yes,35.26235,-81.17019444,Complex/Circle,Daylight,Clear,1:00pm-1:59pm,7,1:00pm-1:59pm,14,Not Applicable (Not Transported),Not Applicable (Not Transported),1,Daylight,Clear,1,1,['Driver'],['None_Used'],0,0,Valid,4.0,0.0,73.0,23.0,"['Female', 'Male']",1,0,5,4,5,Dry,Straight,Level,Lowest,No
23714,37,North Carolina,370118,0,2,2,0,2,NOT APPLICABLE,February,20,Monday,12,24,Rural,High Speed (Arterial),Yes,35.30500278,-81.18776389,Non-Intersection,Daylight,Clear,Unknown,Unknown,Unknown EMS Scene Arrival Hour,Unknown EMS Scene Arrival Minutes,Unknown,Unknown EMS Hospital Arrival Time,1,Daylight,Clear,1,1,['Driver'],['Lapbelt_Only'],0,0,Valid,0.0,0.0,50.0,17.0,"['Male', 'Male']",1,0,4,4,5,Dry,Straight,Level,Lowest,No
23715,37,North Carolina,370119,0,2,2,0,3,GASTONIA,February,23,Thursday,19,57,Urban,High Speed (Arterial),Yes,35.26235833,-81.19506667,Complex/Circle,Daylight,Clear,Unknown,Unknown,Unknown EMS Scene Arrival Hour,Unknown EMS Scene Arrival Minutes,Unknown,Unknown EMS Hospital Arrival Time,1,Daylight,Clear,1,2,['Rear_Seat'],['None_Used'],0,0,Valid,0.0,0.0,34.0,16.0,"['Male', 'Female']",2,0,5,4,5,Dry,Straight,Grade/Hillcrest,Lowest,No
23716,37,North Carolina,370120,0,2,2,0,1,NOT APPLICABLE,February,7,Tuesday,15,43,Rural,Medium Speed (Collector),No,36.51985278,-76.57522778,Non-Intersection,Daylight,Clear,1:00pm-1:59pm,13,1:00pm-1:59pm,32,Not Applicable (Not Transported),Not Applicable (Not Transported),1,Daylight,Clear,1,0,['Driver'],['Shoulder_Lapbelt'],0,0,Valid,0.0,0.0,46.0,46.0,['Male'],0,0,4,4,5,Dry,Straight,Level,Lowest,No
23717,37,North Carolina,370121,0,2,2,0,3,NOT APPLICABLE,February,2,Thursday,1,8,Rural,High Speed (Arterial),Yes,36.08999167,-79.69471667,Complex/Circle,Dark - Not Lighted,Rain,1:00am-1:59am,11,1:00am-1:59am,17,1:00am-1:59am,54,1,Dark - Unlighted,Rain/Wind/Minor,1,2,['Driver'],['Shoulder_Lapbelt'],1,1,Valid,0.0,0.0,36.0,22.0,"['Male', 'Male']",1,0,4,4,5,Wet/Standing Water,Straight,Level,Lowest,No
23718,37,North Carolina,370122,0,3,3,0,4,GREENSBORO,February,3,Friday,21,16,Urban,Medium Speed (Collector),No,36.02925,-79.80746111,Non-Intersection,Dark - Not Lighted,Clear,9:00pm-9:59pm,27,9:00pm-9:59pm,34,Not Applicable (Not Transported),Not Applicable (Not Transported),1,Dark - Unlighted,Clear,1,3,['Driver'],['None_Used'],1,2,Invalid,1.0,2.0,50.0,27.0,"['Male', 'Male', 'Male']",1,0,3,4,5,Dry,Straight,Grade/Hillcrest,Lowest,No
23719,37,North Carolina,370123,0,2,2,0,4,NOT APPLICABLE,February,2,Thursday,9,34,Rural,Medium Speed (Collector),No,36.0184,-79.706475,Simple Junction,Daylight,Rain,9:00am-9:59am,17,9:00am-9:59am,27,9:00am-9:59am,58,1,Daylight,Rain/Wind/Minor,1,3,['Driver'],['Shoulder_Lapbelt'],0,0,Valid,3.0,0.0,71.0,65.0,"['Male', 'Male']",0,0,3,4,5,Wet/Standing Water,Straight,Level,Lowest,No
23720,37,North Carolina,370124,0,2,2,0,5,GREENSBORO,February,4,Saturday,20,0,Urban,Medium Speed (Collector),No,36.03949722,-79.80040556,Complex/Circle,Dark - Lighted,Clear,8:00pm-8:59pm,2,8:00pm-8:59pm,9,8:00pm-8:59pm,43,1,Dark - Lighted,Clear,1,4,['Front_Passenger'],['Shoulder_Lapbelt'],0,0,Valid,1.0,1.0,30.0,21.0,"['Male', 'Female']",2,0,3,4,5,Dry,Straight,Grade/Hillcrest,Lowest,No
23721,37,North Carolina,370125,1,1,1,0,1,GREENSBORO,February,23,Thursday,20,4,Urban,High Speed (Arterial),Yes,36.08733056,-79.75661389,Simple Junction,Dark - Lighted,Cloudy,8:00pm-8:59pm,5,8:00pm-8:59pm,9,8:00pm-8:59pm,29,1,Dark - Lighted,Reduced Visibility,0,0,[],[],0,0,Invalid,0.0,0.0,998.0,998.0,['Other'],1,0,1,2,4,Wet/Standing Water,Curve,Level,Lowest,No
23722,37,North Carolina,370126,1,1,1,0,1,NOT APPLICABLE,February,9,Thursday,9,26,Rural,High Speed (Arterial),Yes,35.55340833,-82.82150278,Non-Intersection,Daylight,Cloudy,9:00am-9:59am,24,9:00am-9:59am,29,Not Applicable (Not Transported),Not Applicable (Not Transported),1,Daylight,Reduced Visibility,0,1,[],[],0,0,Invalid,2.0,1.0,21.0,21.0,['Male'],0,0,3,2,4,Dry,Straight,Grade/Hillcrest,Lowest,No
23723,37,North Carolina,370127,0,1,1,0,3,NOT APPLICABLE,February,12,Sunday,15,43,Rural,Low Speed (Local),No,35.52485556,-82.96320833,Non-Intersection,Daylight,Rain,3:00pm-3:59pm,42,3:00pm-3:59pm,55,4:00pm-4:59pm,32,1,Daylight,Rain/Wind/Minor,1,2,['Front_Passenger'],['None_Used'],0,0,Valid,1.0,0.0,17.0,17.0,['Male'],3,0,3,4,3,Wet/Standing Water,Curve,Level,Lowest,No
23724,37,North Carolina,370128,1,1,1,0,1,STATESVILLE,February,7,Tuesday,8,30,Urban,Medium Speed (Collector),No,35.79769444,-80.87728333,Non-Intersection,Daylight,Clear,8:00am-8:59am,28,8:00am-8:59am,36,Not Applicable (Not Transported),Not Applicable (Not Transported),1,Daylight,Clear,0,1,[],[],0,0,Valid,0.0,0.0,65.0,65.0,['Male'],0,0,3,2,4,Dry,Straight,Level,Lowest,No
23725,37,North Carolina,370129,0,1,1,0,1,MOORESVILLE,February,8,Wednesday,17,28,Urban,Medium Speed (Collector),No,35.58329722,-80.80796667,Non-Intersection,Daylight,Clear,5:00pm-5:59pm,25,5:00pm-5:59pm,30,Not Applicable (Not Transported),Not Applicable (Not Transported),1,Daylight,Clear,1,0,['Driver'],['None_Used'],1,1,Invalid,0.0,0.0,66.0,66.0,['Male'],0,0,5,4,3,Dry,Curve,Grade/Hillcrest,Lowest,No
23726,37,North Carolina,370130,0,2,2,0,2,NOT APPLICABLE,February,6,Monday,7,5,Rural,Medium Speed (Collector),No,35.30137222,-77.64948889,Simple Junction,Dawn,Rain,Unknown,Unknown,Unknown EMS Scene Arrival Hour,Unknown EMS Scene Arrival Minutes,Unknown,Unknown EMS Hospital Arrival Time,1,Twilight,Rain/Wind/Minor,1,1,['Driver'],['Shoulder_Lapbelt'],0,0,Valid,0.0,1.0,70.0,62.0,"['Female', 'Male']",0,0,3,4,5,Wet/Standing Water,Curve,Level,Lowest,No
23727,37,North Carolina,370131,0,1,1,0,1,NOT APPLICABLE,February,8,Wednesday,21,30,Rural,Medium Speed (Collector),No,35.59977222,-78.57701944,Non-Intersection,Dark - Not Lighted,Clear,9:00pm-9:59pm,28,9:00pm-9:59pm,38,Not Applicable (Not Transported),Not Applicable (Not Transported),1,Dark - Unlighted,Clear,1,0,['Driver'],['None_Used'],0,0,Valid,0.0,0.0,43.0,43.0,['Male'],0,0,5,4,3,Dry,Straight,Level,Lowest,No
23728,37,North Carolina,370132,0,2,2,0,2,NOT APPLICABLE,February,1,Wednesday,12,53,Rural,High Speed (Arterial),Yes,35.42794167,-80.99959167,Non-Intersection,Daylight,Cloudy,12:00pm-12:59pm,52,1:00pm-1:59pm,1,Not Applicable (Not Transported),Not Applicable (Not Transported),1,Daylight,Reduced Visibility,1,1,['Driver'],['Shoulder_Lapbelt'],0,0,Valid,1.0,0.0,52.0,37.0,"['Male', 'Male']",0,0,4,4,5,Dry,Straight,Level,Lowest,No
23729,37,North Carolina,370133,1,3,2,1,2,NOT APPLICABLE,February,4,Saturday,18,16,Rural,High Speed (Arterial),Yes,35.47966111,-81.18803333,Non-Intersection,Daylight,Clear,Unknown,Unknown,Unknown EMS Scene Arrival Hour,Unknown EMS Scene Arrival Minutes,Unknown,Unknown EMS Hospital Arrival Time,1,Daylight,Clear,0,1,[],[],0,0,Valid,0.0,0.0,999.0,66.0,"['Female', 'Other']",0,0,3,4,5,Dry,Straight,Level,Lowest,No
23730,37,North Carolina,370134,0,2,2,0,3,NOT APPLICABLE,February,8,Wednesday,21,13,Rural,Medium Speed (Collector),No,35.22828056,-80.63557778,Non-Intersection,Dark - Lighted,Clear,9:00pm-9:59pm,12,9:00pm-9:59pm,28,10:00pm-10:59pm,10,1,Dark - Lighted,Clear,1,2,['Driver'],['None_Used'],1,1,Invalid,1.0,1.0,35.0,24.0,"['Male', 'Male']",1,0,3,4,5,Dry,Straight,Level,Lowest,No
23731,37,North Carolina,370135,0,3,3,0,4,CHARLOTTE,February,10,Friday,12,28,Urban,Low Speed (Local),No,35.0402,-80.86404167,Non-Intersection,Daylight,Clear,12:00pm-12:59pm,30,12:00pm-12:59pm,40,Not Applicable (Not Transported),Not Applicable (Not Transported),2,Daylight,Clear,2,2,"['Driver', 'Driver']","['None_Used', 'Shoulder_Lapbelt']",1,1,Valid,0.0,1.0,78.0,32.0,"['Male', 'Male', 'Male']",0,0,3,4,5,Dry,Curve,Grade/Hillcrest,Lowest,No
23732,37,North Carolina,370136,1,1,1,0,1,CHARLOTTE,February,14,Tuesday,6,29,Urban,Medium Speed (Collector),No,35.24003056,-80.83549722,Non-Intersection,Dark - Lighted,Clear,6:00am-6:59am,29,6:00am-6:59am,36,Not Applicable (Not Transported),Not Applicable (Not Transported),1,Dark - Lighted,Clear,0,1,[],[],0,0,Valid,0.0,0.0,71.0,71.0,['Male'],0,0,3,2,4,Dry,Straight,Level,Lowest,No
23733,37,North Carolina,370137,0,1,1,0,1,CHARLOTTE,February,21,Tuesday,22,7,Urban,Medium Speed (Collector),No,35.206875,-80.87089444,Non-Intersection,Dark - Lighted,Clear,10:00pm-10:59pm,7,10:00pm-10:59pm,13,Not Applicable (Not Transported),Not Applicable (Not Transported),1,Dark - Lighted,Clear,1,0,['Driver'],['None_Used'],1,1,Invalid,0.0,0.0,41.0,41.0,['Female'],1,0,2,4,3,Dry,Straight,Level,Lowest,No
23734,37,North Carolina,370138,1,2,2,0,1,CHARLOTTE,February,23,Thursday,22,32,Urban,High Speed (Arterial),Yes,35.06487222,-80.83671667,Non-Intersection,Dark - Not Lighted,Clear,10:00pm-10:59pm,29,10:00pm-10:59pm,42,Not Applicable (Not Transported),Not Applicable (Not Transported),1,Dark - Unlighted,Clear,0,1,[],[],0,0,Valid,0.0,0.0,23.0,23.0,['Male'],0,0,3,4,5,Dry,Straight,Level,Lowest,No
23735,37,North Carolina,370139,1,1,1,0,1,PINEVILLE,February,16,Thursday,6,24,Urban,Medium Speed (Collector),No,35.09221111,-80.88487778,Simple Junction,Dark - Lighted,Clear,6:00am-6:59am,20,6:00am-6:59am,28,6:00am-6:59am,54,1,Dark - Lighted,Clear,0,1,[],[],0,0,Valid,1.0,0.0,67.0,67.0,['Male'],0,0,3,1,4,Dry,Straight,Level,Lowest,No
23736,37,North Carolina,370140,0,1,1,0,1,NOT APPLICABLE,January,20,Friday,2,18,Rural,Medium Speed (Collector),No,35.81801667,-78.39945,Non-Intersection,Dark - Not Lighted,Clear,2:00am-2:59am,18,2:00am-2:59am,24,Not Applicable (Not Transported),Not Applicable (Not Transported),1,Dark - Unlighted,Clear,1,0,['Driver'],['Shoulder_Lapbelt'],1,1,Valid,0.0,1.0,63.0,63.0,['Male'],1,0,3,4,3,Dry,Curve,Level,Lowest,No
23737,37,North Carolina,370141,0,2,2,0,2,NOT APPLICABLE,February,14,Tuesday,11,21,Rural,Medium Speed (Collector),No,35.13603333,-76.88445833,Non-Intersection,Daylight,Clear,Unknown,Unknown,Unknown EMS Scene Arrival Hour,Unknown EMS Scene Arrival Minutes,Unknown,Unknown EMS Hospital Arrival Time,1,Daylight,Clear,1,1,['Driver'],['None_Used'],0,0,Valid,0.0,0.0,36.0,34.0,"['Male', 'Female']",0,0,4,4,5,Dry,Straight,Level,Lowest,Yes
23738,37,North Carolina,370142,0,2,2,0,4,NOT APPLICABLE,February,6,Monday,7,22,Rural,Low Speed (Local),No,35.17895833,-79.674625,Non-Intersection,Daylight,Clear,7:00am-7:59am,15,7:00am-7:59am,41,8:00am-8:59am,6,1,Daylight,Clear,1,3,['Driver'],['Shoulder_Lapbelt'],0,0,Valid,0.0,0.0,32.0,24.0,"['Male', 'Female']",3,0,3,4,5,Dry,Straight,Grade/Hillcrest,Lowest,No
23739,37,North Carolina,370143,0,1,1,0,2,NOT APPLICABLE,February,13,Monday,7,39,Rural,Medium Speed (Collector),No,35.22108889,-79.79225833,Non-Intersection,Dark - Not Lighted,Clear,7:00am-7:59am,38,7:00am-7:59am,49,Not Applicable (Not Transported),Not Applicable (Not Transported),2,Dark - Unlighted,Clear,2,0,"['Driver', 'Front_Passenger']","['None_Used', 'None_Used']",0,0,Valid,0.0,0.0,21.0,21.0,['Male'],2,0,2,4,3,Dry,Straight,Level,Lowest,No
23740,37,North Carolina,370144,0,1,1,0,2,NOT APPLICABLE,February,10,Friday,22,20,Rural,Low Speed (Local),No,35.25909167,-79.25431111,Non-Intersection,Dark - Not Lighted,Clear,10:00pm-10:59pm,18,10:00pm-10:59pm,26,10:00pm-10:59pm,38,1,Dark - Unlighted,Clear,1,1,['Driver'],['Shoulder_Lapbelt'],0,0,Valid,0.0,1.0,21.0,21.0,['Male'],2,0,2,4,3,Dry,Curve,Grade/Hillcrest,Lowest,No
23741,37,North Carolina,370145,0,2,2,0,3,WILMINGTON,February,11,Saturday,1,43,Urban,High Speed (Arterial),Yes,34.22775833,-77.82963333,Complex/Circle,Dark - Lighted,Rain,Unknown,Unknown,Unknown EMS Scene Arrival Hour,Unknown EMS Scene Arrival Minutes,Unknown,Unknown EMS Hospital Arrival Time,2,Dark - Lighted,Rain/Wind/Minor,2,1,"['Driver', 'Front_Passenger']","['Shoulder_Lapbelt', 'None_Used']",0,0,Valid,0.0,1.0,42.0,23.0,"['Male', 'Male']",2,0,2,4,5,Wet/Standing Water,Straight,Level,Lowest,No
23742,37,North Carolina,370146,0,1,1,0,1,NOT APPLICABLE,February,2,Thursday,7,19,Rural,High Speed (Arterial),Yes,36.52076389,-77.58605833,Non-Intersection,Dawn,Rain,7:00am-7:59am,1,7:00am-7:59am,20,8:00am-8:59am,20,1,Twilight,Rain/Wind/Minor,1,0,['Driver'],['None_Used'],0,0,Invalid,0.0,0.0,61.0,61.0,['Male'],1,0,2,4,3,Wet/Standing Water,Straight,Level,Lowest,No
23743,37,North Carolina,370147,1,1,1,0,1,NOT APPLICABLE,February,6,Monday,1,16,Rural,High Speed (Arterial),Yes,34.71039722,-77.25640556,Non-Intersection,Dark - Not Lighted,Clear,1:00am-1:59am,10,1:00am-1:59am,13,Not Applicable (Not Transported),Not Applicable (Not Transported),1,Dark - Unlighted,Clear,0,1,[],[],0,0,Valid,0.0,0.0,25.0,25.0,['Male'],0,0,3,4,4,Wet/Standing Water,Straight,Level,Lowest,No
23744,37,North Carolina,370148,0,2,2,0,3,NOT APPLICABLE,February,10,Friday,14,24,Rural,Medium Speed (Collector),No,34.71762778,-77.48906389,Non-Intersection,Daylight,Clear,2:00pm-2:59pm,24,2:00pm-2:59pm,34,Not Applicable (Not Transported),Not Applicable (Not Transported),1,Daylight,Clear,1,2,['Driver'],['None_Used'],0,0,Valid,1.0,1.0,27.0,24.0,"['Male', 'Female']",1,0,5,4,5,Dry,Curve,Level,Lowest,No
23745,37,North Carolina,370149,1,1,1,0,1,NOT APPLICABLE,February,6,Monday,20,27,Rural,Medium Speed (Collector),No,36.02431667,-79.14441111,Non-Intersection,Dark - Not Lighted,Clear,Unknown,Unknown,Unknown EMS Scene Arrival Hour,Unknown EMS Scene Arrival Minutes,Unknown,Unknown EMS Hospital Arrival Time,1,Dark - Unlighted,Clear,0,1,[],[],0,0,Valid,0.0,0.0,69.0,69.0,['Female'],0,0,3,4,4,Dry,Straight,Level,Lowest,No
23746,37,North Carolina,370150,0,2,2,0,2,NOT APPLICABLE,February,9,Thursday,4,24,Rural,High Speed (Arterial),Yes,35.60665556,-77.420125,Non-Intersection,Dark - Not Lighted,Clear,4:00am-4:59am,14,4:00am-4:59am,20,Not Applicable (Not Transported),Not Applicable (Not Transported),1,Dark - Unlighted,Clear,1,1,['Driver'],['None_Used'],0,0,Valid,0.0,0.0,69.0,54.0,"['Male', 'Male']",0,0,4,4,5,Dry,Straight,Level,Lowest,No
23747,37,North Carolina,370151,0,1,1,0,1,NOT APPLICABLE,February,11,Saturday,22,36,Rural,Low Speed (Local),No,35.59604444,-77.14829722,Non-Intersection,Dark - Not Lighted,Rain,10:00pm-10:59pm,35,10:00pm-10:59pm,48,Not Applicable (Not Transported),Not Applicable (Not Transported),1,Dark - Unlighted,Rain/Wind/Minor,1,0,['Driver'],['Shoulder_Lapbelt'],0,0,Valid,1.0,0.0,27.0,27.0,['Male'],1,0,2,4,3,Wet/Standing Water,Straight,Level,Lowest,No
23748,37,North Carolina,370152,1,1,1,0,1,GREENVILLE,February,19,Sunday,19,48,Urban,Low Speed (Local),No,35.60279444,-77.38859444,Simple Junction,Dark - Lighted,Clear,7:00pm-7:59pm,48,7:00pm-7:59pm,52,Not Applicable (Not Transported),Not Applicable (Not Transported),1,Dark - Lighted,Clear,0,1,[],[],0,0,Valid,3.0,0.0,46.0,46.0,['Male'],0,0,1,2,4,Dry,Straight,Level,Lowest,No
23749,37,North Carolina,370153,0,2,2,0,2,AYDEN,February,7,Tuesday,11,59,Urban,Medium Speed (Collector),No,35.47552778,-77.43488889,Complex/Circle,Daylight,Clear,11:00am-11:59am,59,12:00pm-12:59pm,4,Not Applicable (Not Transported),Not Applicable (Not Transported),1,Daylight,Clear,1,1,['Driver'],['Shoulder_Lapbelt'],0,0,Valid,0.0,0.0,76.0,48.0,"['Female', 'Female']",0,0,3,4,5,Dry,Straight,Level,Lowest,No
23750,37,North Carolina,370154,1,1,1,0,1,TRINITY,February,6,Monday,5,38,Urban,Medium Speed (Collector),No,35.89158611,-80.04112778,Non-Intersection,Dawn,Clear,5:00am-5:59am,35,5:00am-5:59am,46,Not Applicable (Not Transported),Not Applicable (Not Transported),1,Twilight,Clear,0,1,[],[],0,0,Invalid,1.0,0.0,32.0,32.0,['Male'],0,0,2,4,4,Dry,Straight,Level,Lowest,No
23751,37,North Carolina,370155,0,2,2,0,2,NOT APPLICABLE,February,8,Wednesday,17,57,Rural,High Speed (Arterial),Yes,35.67404444,-79.82012222,Simple Junction,Dark - Lighted,Clear,5:00pm-5:59pm,57,5:00pm-5:59pm,58,Not Applicable (Not Transported),Not Applicable (Not Transported),1,Dark - Lighted,Clear,1,1,['Driver'],['None_Used'],0,0,Valid,1.0,2.0,24.0,18.0,"['Male', 'Female']",1,0,5,4,5,Dry,Straight,Grade/Hillcrest,Lowest,No
23752,37,North Carolina,370156,0,2,2,0,3,ASHEBORO,February,8,Wednesday,5,44,Urban,Medium Speed (Collector),No,35.75378333,-79.81468056,Non-Intersection,Daylight,Clear,5:00am-5:59am,44,5:00am-5:59am,51,6:00am-6:59am,6,1,Daylight,Clear,1,2,['Driver'],['None_Used'],0,0,Invalid,0.0,0.0,26.0,16.0,"['Male', 'Male']",1,0,5,4,5,Dry,Curve,Level,Lowest,No
23753,37,North Carolina,370157,0,3,3,0,4,LUMBERTON,February,3,Friday,20,53,Urban,High Speed (Arterial),Yes,34.63360278,-78.99384167,Non-Intersection,Dark - Lighted,Clear,8:00pm-8:59pm,51,8:00pm-8:59pm,54,9:00pm-9:59pm,13,1,Dark - Lighted,Clear,1,3,['Driver'],['Shoulder_Lapbelt'],1,1,Valid,2.0,2.0,79.0,22.0,"['Male', 'Male', 'Male']",0,0,3,4,5,Dry,Straight,Level,Lowest,No