,State_Code,State_Name,Crash_ID,Count_Non_Motorists,Count_Vehicles_Total,Count_Vehicle_Forms,Count_PVH_Involved,Count_Occupants_MV,City_Name,Month_Name,Day_of_Month,Day_of_Week,Crash_Hour,Crash_Minute,Area_Rural_Urban,Road_Functional_Class,On_NHS_Road,Latitude,Longitude,Intersection_Type,Light_Condition,Weather_Condition,Notif_Hour,Notif_Minute,Arrival_Hour,Arrival_Minute,Hospital_Hour,Hospital_Minute,Fatalities_Count,Clean_Light_Condition,Clean_Weather_Condition,Total_Killed,Total_Alive,Fatal_Seats_List,Killed_Restraint_List,Any_Driver_Drinking,Total_Drinking_Drivers,Driver_License_Category,Driver_Max_Prev_Accident_Count,Driver_Max_Prev_Speeding_Count,Max_Driver_Age,Min_Driver_Age,Driver_Sex_List,Total_Exceeding_Limit_Vehicles,Total_Too_Fast_Vehicles,Max_Vehicle_Type_Severity_5,Max_Vehicle_Damage_Rank,Max_Harmful_Event_Severity,Crash_Road_Surface_Condition,Crash_Horizontal_Alignment,Crash_Vertical_Profile,Crash_Impairment_Category,Crash_Vehicle_Defect
23754,37,North Carolina,370158,0,2,2,0,3,LUMBERTON,February,28,Tuesday,17,36,Urban,High Speed (Arterial),Yes,34.60722778,-79.09125556,Non-Intersection,Daylight,Clear,5:00pm-5:59pm,35,5:00pm-5:59pm,44,Unknown,Unknown EMS Hospital Arrival Time,1,Daylight,Clear,1,2,['Driver'],['Shoulder_Lapbelt'],0,0,Valid,0.0,0.0,47.0,37.0,"['Male', 'Male']",0,0,4,4,5,Dry,Straight,Level,Lowest,No
23755,37,North Carolina,370159,0,2,2,0,3,NOT APPLICABLE,February,10,Friday,19,51,Rural,Medium Speed (Collector),No,34.63321111,-79.34096944,Simple Junction,Dark - Not Lighted,Rain,7:00pm-7:59pm,49,7:00pm-7:59pm,59,8:00pm-8:59pm,21,1,Dark - Unlighted,Rain/Wind/Minor,1,2,['Driver'],['None_Used'],0,0,Valid,0.0,0.0,55.0,24.0,"['Male', 'Female']",0,0,3,4,5,Wet/Standing Water,Straight,Level,Lowest,No
23756,37,North Carolina,370160,0,1,1,0,1,NOT APPLICABLE,February,25,Saturday,23,3,Rural,Medium Speed (Collector),No,34.7851,-79.29573333,Non-Intersection,Dark - Not Lighted,Clear,11:00pm-11:59pm,4,11:00pm-11:59pm,9,1:00am-1:59am,10,1,Dark - Unlighted,Clear,1,0,['Driver'],['None_Used'],1,1,Invalid,0.0,0.0,44.0,44.0,['Male'],1,0,3,4,3,Dry,Curve,Level,Lowest,No
23757,37,North Carolina,370161,0,1,1,0,1,NOT APPLICABLE,February,19,Sunday,5,57,Rural,Low Speed (Local),No,36.26085833,-79.83896111,Non-Intersection,Dark - Not Lighted,Clear,5:00am-5:59am,47,6:00am-6:59am,5,Not Applicable (Not Transported),Not Applicable (Not Transported),1,Dark - Unlighted,Clear,1,0,['Driver'],['None_Used'],1,1,Valid,0.0,0.0,35.0,35.0,['Male'],0,0,3,4,3,Dry,Straight,Level,Lowest,No
23758,37,North Carolina,370162,0,1,1,0,2,SALISBURY,February,4,Saturday,13,13,Urban,Medium Speed (Collector),No,35.67751111,-80.47985556,Non-Intersection,Daylight,Clear,1:00pm-1:59pm,13,1:00pm-1:59pm,19,1:00pm-1:59pm,26,1,Daylight,Clear,1,1,['Front_Passenger'],['Shoulder_Lapbelt'],0,0,Valid,2.0,0.0,63.0,63.0,['Male'],2,0,3,4,3,Dry,Curve,Level,Lowest,No
23759,37,North Carolina,370163,0,1,1,0,1,NOT APPLICABLE,February,4,Saturday,17,38,Rural,Medium Speed (Collector),No,34.92276389,-78.20092778,Simple Junction,Daylight,Clear,Unknown,Unknown,Unknown EMS Scene Arrival Hour,Unknown EMS Scene Arrival Minutes,Not Applicable (Not Transported),Not Applicable (Not Transported),1,Daylight,Clear,1,0,['Driver'],['None_Used'],0,0,Valid,0.0,0.0,24.0,24.0,['Male'],1,0,2,4,3,Dry,Straight,Level,Lowest,No
23760,37,North Carolina,370164,0,1,1,0,2,NOT APPLICABLE,February,5,Sunday,0,14,Rural,Low Speed (Local),No,35.12858611,-78.45115556,Non-Intersection,Dark - Not Lighted,Clear,Unknown,Unknown,Unknown EMS Scene Arrival Hour,Unknown EMS Scene Arrival Minutes,Unknown,Unknown EMS Hospital Arrival Time,1,Dark - Unlighted,Clear,1,1,['Driver'],['Shoulder_Lapbelt'],1,1,Valid,1.0,0.0,39.0,39.0,['Female'],2,0,2,4,2,Dry,Curve,Level,Lowest,No
23761,37,North Carolina,370165,0,2,2,0,3,NOT APPLICABLE,February,14,Tuesday,8,28,Rural,Low Speed (Local),No,35.05271389,-78.52434167,Non-Intersection,Daylight,Clear,Unknown,Unknown,Unknown EMS Scene Arrival Hour,Unknown EMS Scene Arrival Minutes,Unknown,Unknown EMS Hospital Arrival Time,1,Daylight,Clear,1,2,['Front_Passenger'],['Shoulder_Lapbelt'],0,0,Invalid,0.0,0.0,21.0,18.0,"['Male', 'Male']",0,0,3,4,5,Dry,Straight,Level,Lowest,No
23762,37,North Carolina,370166,0,2,2,0,2,NOT APPLICABLE,February,21,Tuesday,0,54,Rural,High Speed (Arterial),Yes,35.10182778,-78.17998611,Non-Intersection,Dark - Not Lighted,Clear,Unknown,Unknown,Unknown EMS Scene Arrival Hour,Unknown EMS Scene Arrival Minutes,Unknown,Unknown EMS Hospital Arrival Time,2,Dark - Unlighted,Clear,2,0,"['Driver', 'Driver']","['Shoulder_Lapbelt', 'None_Used']",0,0,Valid,1.0,0.0,54.0,20.0,"['Male', 'Male']",0,0,3,4,5,Dry,Straight,Level,Lowest,No
23763,37,North Carolina,370167,0,1,1,0,1,NOT APPLICABLE,February,9,Thursday,9,38,Rural,Medium Speed (Collector),No,35.27351667,-82.63766111,Non-Intersection,Reported as Unknown,Rain,9:00am-9:59am,36,9:00am-9:59am,44,Not Applicable (Not Transported),Not Applicable (Not Transported),1,Dark - Unlighted,Rain/Wind/Minor,1,0,['Driver'],['Shoulder_Lapbelt'],0,0,Valid,0.0,0.0,17.0,17.0,['Male'],1,0,2,4,3,Wet/Standing Water,Curve,Level,Lowest,No
23764,37,North Carolina,370168,0,2,2,0,3,RALEIGH,February,22,Wednesday,7,45,Urban,Medium Speed (Collector),No,35.87528056,-78.62323889,Complex/Circle,Daylight,Clear,Unknown,Unknown,Unknown EMS Scene Arrival Hour,Unknown EMS Scene Arrival Minutes,Unknown,Unknown EMS Hospital Arrival Time,1,Daylight,Clear,1,2,['Driver'],['None_Used'],0,0,Invalid,2.0,0.0,40.0,18.0,"['Male', 'Female']",0,0,2,4,5,Dry,Straight,Level,Lowest,No
23765,37,North Carolina,370169,1,1,1,0,1,WILSON,February,10,Friday,23,10,Urban,High Speed (Arterial),Yes,35.71640833,-77.90507778,Non-Intersection,Dark - Not Lighted,Clear,Unknown,Unknown,Unknown EMS Scene Arrival Hour,Unknown EMS Scene Arrival Minutes,Not Applicable (Not Transported),Not Applicable (Not Transported),1,Dark - Unlighted,Clear,0,0,[],[],0,0,Invalid,0.0,0.0,999.0,999.0,['Other'],0,0,1,2,4,Dry,Straight,Level,Lowest,No
23766,37,North Carolina,370170,1,2,1,1,1,NOT APPLICABLE,January,17,Tuesday,14,43,Rural,High Speed (Arterial),Yes,36.53215,-78.19272778,Non-Intersection,Dark - Not Lighted,Rain,2:00pm-2:59pm,39,2:00pm-2:59pm,51,3:00pm-3:59pm,30,1,Dark - Unlighted,Rain/Wind/Minor,1,0,['Driver'],['Shoulder_Lapbelt'],0,0,Valid,0.0,0.0,63.0,63.0,['Male'],0,0,3,4,5,Wet/Standing Water,Straight,Level,Lowest,No
23767,37,North Carolina,370171,0,2,2,0,2,NOT APPLICABLE,February,18,Saturday,0,44,Rural,Medium Speed (Collector),No,36.22114444,-79.20244167,Non-Intersection,Dark - Not Lighted,Clear,0:00am-0:59am,39,1:00am-1:59am,1,Unknown,Unknown EMS Hospital Arrival Time,1,Dark - Unlighted,Clear,1,1,['Driver'],['None_Used'],1,2,Invalid,1.0,0.0,49.0,28.0,"['Male', 'Male']",2,0,3,4,5,Dry,Straight,Level,Lowest,No
23768,37,North Carolina,370172,0,2,2,0,3,NOT APPLICABLE,February,20,Monday,23,20,Rural,Medium Speed (Collector),No,34.33121944,-78.21974167,Non-Intersection,Dark - Not Lighted,Clear,11:00pm-11:59pm,14,11:00pm-11:59pm,36,0:00am-0:59am,39,1,Dark - Unlighted,Clear,1,2,['Driver'],['None_Used'],0,0,Valid,0.0,0.0,55.0,52.0,"['Male', 'Male']",0,0,4,4,5,Dry,Straight,Level,Lowest,No
23769,37,North Carolina,370173,1,1,1,0,1,DURHAM,February,21,Tuesday,23,26,Urban,Medium Speed (Collector),No,35.993525,-78.88596944,Non-Intersection,Dark - Lighted,Clear,11:00pm-11:59pm,26,11:00pm-11:59pm,30,Not Applicable (Not Transported),Not Applicable (Not Transported),1,Dark - Lighted,Clear,0,0,[],[],0,0,Invalid,0.0,0.0,999.0,999.0,['Other'],0,0,1,0,4,Dry,Straight,Grade/Hillcrest,Lowest,No
23770,37,North Carolina,370174,0,2,2,0,2,ASHEVILLE,February,22,Wednesday,16,14,Urban,High Speed (Arterial),Yes,35.57096389,-82.6192,Complex/Circle,Daylight,Clear,4:00pm-4:59pm,14,4:00pm-4:59pm,26,4:00pm-4:59pm,50,1,Daylight,Clear,1,1,['Driver'],['None_Used'],0,0,Valid,1.0,0.0,56.0,37.0,"['Male', 'Male']",1,0,5,4,5,Dry,Straight,Level,Lowest,No
23771,37,North Carolina,370175,0,2,2,0,3,NOT APPLICABLE,February,24,Friday,18,44,Rural,Medium Speed (Collector),No,36.10804444,-78.84026667,Non-Intersection,Dark - Not Lighted,Clear,6:00pm-6:59pm,37,6:00pm-6:59pm,44,7:00pm-7:59pm,7,1,Dark - Unlighted,Clear,1,2,['Driver'],['Shoulder_Lapbelt'],0,0,Valid,0.0,0.0,52.0,32.0,"['Female', 'Male']",2,0,4,4,5,Dry,Curve,Level,Lowest,No
23772,37,North Carolina,370176,0,1,1,0,4,NOT APPLICABLE,February,27,Monday,5,39,Rural,Medium Speed (Collector),No,35.19612778,-80.31682222,Non-Intersection,Dawn,"Fog, Smog, Smoke",Unknown,Unknown,Unknown EMS Scene Arrival Hour,Unknown EMS Scene Arrival Minutes,Unknown,Unknown EMS Hospital Arrival Time,1,Twilight,Reduced Visibility,1,3,['Rear_Seat'],['None_Used'],0,0,Valid,0.0,1.0,28.0,28.0,['Male'],4,0,1,4,3,Wet/Standing Water,Curve,Level,Lowest,No
23773,37,North Carolina,370177,0,3,3,0,4,CHARLOTTE,February,28,Tuesday,17,50,Urban,High Speed (Arterial),Yes,35.25291667,-80.96820833,Non-Intersection,Dusk,Clear,5:00pm-5:59pm,46,6:00pm-6:59pm,3,6:00pm-6:59pm,28,1,Twilight,Clear,1,3,['Front_Passenger'],['Shoulder_Lapbelt'],0,0,Valid,0.0,0.0,46.0,35.0,"['Male', 'Male', 'Male']",0,0,4,4,5,Dry,Straight,Level,Lowest,No
23774,37,North Carolina,370178,0,2,2,0,2,NOT APPLICABLE,March,3,Friday,23,30,Rural,Low Speed (Local),No,35.83039167,-81.55540833,Non-Intersection,Dark - Not Lighted,Clear,Unknown,Unknown,Unknown EMS Scene Arrival Hour,Unknown EMS Scene Arrival Minutes,Not Applicable (Not Transported),Not Applicable (Not Transported),1,Dark - Unlighted,Clear,1,1,['Driver'],['None_Used'],0,0,Valid,0.0,1.0,67.0,18.0,"['Male', 'Male']",0,0,3,4,5,Dry,Straight,Level,Lowest,No
23775,37,North Carolina,370179,0,2,2,0,2,NOT APPLICABLE,February,6,Monday,15,14,Rural,High Speed (Arterial),Yes,35.86185278,-78.81531667,Non-Intersection,Daylight,Clear,4:00pm-4:59pm,15,4:00pm-4:59pm,28,5:00pm-5:59pm,4,1,Daylight,Clear,1,1,['Driver'],['None_Used'],0,0,Valid,1.0,0.0,52.0,38.0,"['Male', 'Male']",1,0,4,4,5,Dry,Straight,Level,Lowest,No
23776,37,North Carolina,370180,1,1,1,0,1,NOT APPLICABLE,February,16,Thursday,19,7,Rural,Medium Speed (Collector),No,35.06577778,-78.49008056,Non-Intersection,Dark - Not Lighted,Clear,7:00pm-7:59pm,6,7:00pm-7:59pm,21,Not Applicable (Not Transported),Not Applicable (Not Transported),1,Dark - Unlighted,Clear,0,1,[],[],0,0,Valid,1.0,0.0,36.0,36.0,['Female'],0,0,2,2,4,Dry,Straight,Level,Lowest,No
23777,37,North Carolina,370181,0,2,2,0,2,NOT APPLICABLE,February,24,Friday,12,17,Rural,Low Speed (Local),No,35.56421389,-80.68621389,Simple Junction,Daylight,Clear,Unknown,Unknown,Unknown EMS Scene Arrival Hour,Unknown EMS Scene Arrival Minutes,Unknown,Unknown EMS Hospital Arrival Time,1,Daylight,Clear,1,1,['Driver'],['None_Used'],0,0,Valid,1.0,0.0,64.0,61.0,"['Male', 'Male']",0,0,5,4,5,Dry,Straight,Grade/Hillcrest,Lowest,No
23778,37,North Carolina,370182,0,3,3,0,3,NOT APPLICABLE,February,28,Tuesday,13,3,Rural,High Speed (Arterial),Yes,35.58511667,-80.85780278,Non-Intersection,Daylight,Clear,1:00pm-1:59pm,3,1:00pm-1:59pm,7,Not Applicable (Not Transported),Not Applicable (Not Transported),1,Daylight,Clear,1,2,['Driver'],['Shoulder_Lapbelt'],0,0,Valid,0.0,2.0,55.0,27.0,"['Male', 'Male', 'Male']",0,0,4,4,5,Dry,Straight,Grade/Hillcrest,Lowest,No
23779,37,North Carolina,370183,0,1,1,0,1,NOT APPLICABLE,March,7,Tuesday,22,17,Rural,Medium Speed (Collector),No,35.44903611,-80.44695,Non-Intersection,Dark - Not Lighted,Clear,10:00pm-10:59pm,15,10:00pm-10:59pm,23,Not Applicable (Not Transported),Not Applicable (Not Transported),1,Dark - Unlighted,Clear,1,0,['Driver'],['None_Used'],0,0,Valid,1.0,0.0,44.0,44.0,['Male'],1,0,3,4,3,Dry,Curve,Grade/Hillcrest,Lowest,No
23780,37,North Carolina,370184,0,2,2,0,2,NOT APPLICABLE,February,28,Tuesday,7,22,Rural,Medium Speed (Collector),No,35.938275,-79.35213611,Complex/Circle,Daylight,Clear,Unknown,Unknown,Unknown EMS Scene Arrival Hour,Unknown EMS Scene Arrival Minutes,Not Applicable (Not Transported),Not Applicable (Not Transported),1,Daylight,Clear,1,1,['Driver'],['Shoulder_Lapbelt'],0,0,Valid,2.0,0.0,35.0,20.0,"['Male', 'Female']",0,0,2,4,5,Dry,Straight,Grade/Hillcrest,Lowest,No
23781,37,North Carolina,370185,1,1,1,0,1,ASHEVILLE,February,25,Saturday,1,13,Urban,High Speed (Arterial),Yes,35.6002,-82.54839167,Non-Intersection,Dark - Lighted,Clear,Unknown,Unknown,Unknown EMS Scene Arrival Hour,Unknown EMS Scene Arrival Minutes,Not Applicable (Not Transported),Not Applicable (Not Transported),1,Dark - Lighted,Clear,0,1,[],[],1,1,Invalid,0.0,0.0,30.0,30.0,['Female'],0,0,3,4,4,Dry,Straight,Grade/Hillcrest,Lowest,No
23782,37,North Carolina,370186,0,1,1,0,1,NOT APPLICABLE,February,11,Saturday,4,41,Rural,Low Speed (Local),No,35.04385,-76.99651667,Non-Intersection,Dark - Not Lighted,Cloudy,4:00am-4:59am,31,4:00am-4:59am,45,Unknown,Unknown EMS Hospital Arrival Time,1,Dark - Unlighted,Reduced Visibility,1,0,['Driver'],['None_Used'],0,0,Valid,3.0,1.0,35.0,35.0,['Female'],1,0,2,4,3,Wet/Standing Water,Curve,Level,Lowest,Yes
23783,37,North Carolina,370187,0,3,3,0,6,NOT APPLICABLE,February,5,Sunday,13,11,Rural,High Speed (Arterial),Yes,34.96117778,-78.84539444,Complex/Circle,Daylight,Rain,1:00pm-1:59pm,10,1:00pm-1:59pm,23,Not Applicable (Not Transported),Not Applicable (Not Transported),1,Daylight,Rain/Wind/Minor,1,5,['Driver'],['None_Used'],0,0,Valid,1.0,0.0,44.0,39.0,"['Female', 'Male', 'Male']",3,0,3,4,5,Wet/Standing Water,Straight,Level,Lowest,No
23784,37,North Carolina,370188,0,2,2,0,2,NOT APPLICABLE,February,20,Monday,13,14,Rural,High Speed (Arterial),Yes,35.24878333,-78.81062222,Simple Junction,Daylight,Clear,1:00pm-1:59pm,13,1:00pm-1:59pm,30,Not Applicable (Not Transported),Not Applicable (Not Transported),1,Daylight,Clear,1,1,['Driver'],['Shoulder_Lapbelt'],0,0,Valid,0.0,0.0,77.0,21.0,"['Female', 'Male']",1,0,3,4,5,Dry,Straight,Level,Lowest,No
23785,37,North Carolina,370189,0,1,1,0,4,ASHEVILLE,February,12,Sunday,2,18,Urban,High Speed (Arterial),Yes,35.58260278,-82.60542222,Non-Intersection,Dark - Not Lighted,Clear,2:00am-2:59am,19,2:00am-2:59am,33,3:00am-3:59am,16,1,Dark - Unlighted,Clear,1,2,['Front_Passenger'],['None_Used'],0,0,Valid,0.0,0.0,35.0,35.0,['Female'],0,0,2,4,3,Dry,Straight,Level,Lowest,No
23786,37,North Carolina,370190,0,1,1,0,1,NOT APPLICABLE,February,26,Sunday,2,48,Rural,Medium Speed (Collector),No,35.51220833,-78.70187222,Non-Intersection,Dark - Not Lighted,Clear,2:00am-2:59am,45,2:00am-2:59am,58,Not Applicable (Not Transported),Not Applicable (Not Transported),1,Dark - Unlighted,Clear,1,0,['Driver'],['None_Used'],0,0,Valid,0.0,0.0,51.0,51.0,['Female'],1,0,2,4,3,Dry,Curve,Level,Lowest,No
23787,37,North Carolina,370191,0,2,2,0,4,STATESVILLE,February,24,Friday,0,23,Urban,Medium Speed (Collector),No,35.79142222,-80.86488333,Non-Intersection,Dark - Not Lighted,Clear,Unknown,Unknown,Unknown EMS Scene Arrival Hour,Unknown EMS Scene Arrival Minutes,Unknown,Unknown EMS Hospital Arrival Time,1,Dark - Unlighted,Clear,1,3,['Front_Passenger'],['None_Used'],1,1,Valid,0.0,0.0,36.0,31.0,"['Male', 'Male']",0,0,2,4,5,Dry,Curve,Level,Lowest,No
23788,37,North Carolina,370192,0,2,2,0,2,NOT APPLICABLE,February,28,Tuesday,10,14,Urban,Medium Speed (Collector),No,34.55264444,-77.43919722,Non-Intersection,Daylight,Clear,10:00am-10:59am,7,10:00am-10:59am,16,Not Applicable (Not Transported),Not Applicable (Not Transported),1,Daylight,Clear,1,1,['Driver'],['Shoulder_Lapbelt'],0,0,Valid,0.0,0.0,71.0,35.0,"['Male', 'Male']",0,0,3,4,5,Dry,Straight,Level,Lowest,No
23789,37,North Carolina,370193,0,1,1,0,1,NOT APPLICABLE,February,17,Friday,2,21,Rural,Medium Speed (Collector),No,36.25126667,-76.23476389,Non-Intersection,Dark - Not Lighted,Cloudy,Unknown,Unknown,Unknown EMS Scene Arrival Hour,Unknown EMS Scene Arrival Minutes,Not Applicable (Not Transported),Not Applicable (Not Transported),1,Dark - Unlighted,Reduced Visibility,1,0,['Driver'],['None_Used'],1,1,Valid,1.0,1.0,63.0,63.0,['Male'],1,0,3,4,3,Wet/Standing Water,Curve,Level,Lowest,No
23790,37,North Carolina,370194,0,1,1,0,2,WEDDINGTON,February,18,Saturday,22,59,Urban,Low Speed (Local),No,34.99695,-80.76429444,Non-Intersection,Dark - Not Lighted,Clear,10:00pm-10:59pm,57,11:00pm-11:59pm,4,11:00pm-11:59pm,49,1,Dark - Unlighted,Clear,1,1,['Front_Passenger'],['Lapbelt_Only'],1,1,Valid,0.0,0.0,45.0,45.0,['Male'],0,0,3,4,3,Dry,Straight,Level,Lowest,No
23791,37,North Carolina,370195,0,2,2,0,2,NOT APPLICABLE,February,25,Saturday,5,40,Rural,Medium Speed (Collector),No,35.60388611,-78.83966111,Non-Intersection,Dark - Not Lighted,Cloudy,5:00am-5:59am,37,5:00am-5:59am,48,Not Applicable (Not Transported),Not Applicable (Not Transported),1,Dark - Unlighted,Reduced Visibility,1,1,['Driver'],['Shoulder_Lapbelt'],1,1,Invalid,0.0,0.0,65.0,29.0,"['Male', 'Male']",0,0,3,4,5,Wet/Standing Water,Straight,Level,Lowest,No
23792,37,North Carolina,370196,0,1,1,0,1,NOT APPLICABLE,February,25,Saturday,3,42,Rural,High Speed (Arterial),Yes,35.705925,-77.878175,Non-Intersection,Dark - Not Lighted,Clear,Unknown,Unknown,Unknown EMS Scene Arrival Hour,Unknown EMS Scene Arrival Minutes,Not Applicable (Not Transported),Not Applicable (Not Transported),1,Dark - Unlighted,Clear,1,0,['Driver'],['None_Used'],1,1,Valid,0.0,0.0,33.0,33.0,['Male'],1,0,2,4,3,Dry,Straight,Level,Lowest,No
23793,37,North Carolina,370198,0,5,5,0,6,ASHEVILLE,March,2,Thursday,20,7,Urban,High Speed (Arterial),Yes,35.51994444,-82.52876944,Non-Intersection,Dark - Not Lighted,Clear,Unknown,Unknown,Unknown EMS Scene Arrival Hour,Unknown EMS Scene Arrival Minutes,Not Applicable (Not Transported),Not Applicable (Not Transported),1,Dark - Unlighted,Clear,1,5,['Driver'],['None_Used'],0,0,Valid,1.0,1.0,59.0,27.0,"['Female', 'Male', 'Female', 'Male', 'Female']",0,0,3,4,5,Dry,Straight,Grade/Hillcrest,Lowest,No
23794,37,North Carolina,370199,0,1,1,0,1,NOT APPLICABLE,February,18,Saturday,6,28,Rural,Medium Speed (Collector),No,36.41166389,-77.75764167,Non-Intersection,Daylight,Clear,6:00am-6:59am,24,6:00am-6:59am,36,Not Applicable (Not Transported),Not Applicable (Not Transported),1,Daylight,Clear,1,0,['Driver'],['Shoulder_Lapbelt'],0,0,Valid,0.0,1.0,31.0,31.0,['Male'],0,0,2,4,3,Dry,Straight,Level,Lowest,No
23795,37,North Carolina,370200,1,1,1,0,2,GRAHAM,March,24,Friday,23,6,Urban,Medium Speed (Collector),No,36.06144167,-79.38149167,Complex/Circle,Dark - Lighted,Clear,Unknown,Unknown,Unknown EMS Scene Arrival Hour,Unknown EMS Scene Arrival Minutes,Not Applicable (Not Transported),Not Applicable (Not Transported),1,Dark - Lighted,Clear,0,2,[],[],0,0,Valid,0.0,0.0,64.0,64.0,['Male'],0,0,3,4,4,Dry,Straight,Level,Lowest,No
23796,37,North Carolina,370201,0,1,1,0,1,ASHEVILLE,March,1,Wednesday,6,42,Urban,High Speed (Arterial),Yes,35.53959722,-82.53148333,Non-Intersection,Dawn,Clear,6:00am-6:59am,43,6:00am-6:59am,52,Unknown,Unknown EMS Hospital Arrival Time,1,Twilight,Clear,1,0,['Driver'],['Shoulder_Lapbelt'],0,0,Valid,1.0,0.0,32.0,32.0,['Female'],0,0,2,4,3,Dry,Curve,Level,Lowest,No
23797,37,North Carolina,370202,1,1,1,0,1,ASHEVILLE,March,1,Wednesday,17,5,Urban,Low Speed (Local),No,35.59236667,-82.55749167,Non-Intersection,Daylight,Clear,5:00pm-5:59pm,5,5:00pm-5:59pm,12,5:00pm-5:59pm,20,1,Daylight,Clear,0,1,[],[],0,0,Invalid,0.0,0.0,21.0,21.0,['Male'],1,0,2,1,4,Dry,Straight,Level,Lowest,No
23798,37,North Carolina,370203,0,3,3,0,8,NOT APPLICABLE,March,19,Sunday,13,10,Rural,High Speed (Arterial),Yes,35.59464444,-82.56884722,Non-Intersection,Daylight,Clear,1:00pm-1:59pm,8,1:00pm-1:59pm,19,1:00pm-1:59pm,42,1,Daylight,Clear,1,7,['Driver'],['Lapbelt_Only'],0,0,Valid,0.0,0.0,73.0,45.0,"['Male', 'Female', 'Female']",0,0,3,4,5,Dry,Straight,Grade/Hillcrest,Lowest,No
23799,37,North Carolina,370204,0,2,2,0,2,NOT APPLICABLE,March,8,Wednesday,17,24,Rural,Medium Speed (Collector),No,35.47533889,-80.74817778,Non-Intersection,Daylight,Clear,5:00pm-5:59pm,22,5:00pm-5:59pm,32,6:00pm-6:59pm,45,1,Daylight,Clear,1,1,['Driver'],['None_Used'],1,1,Invalid,2.0,0.0,58.0,36.0,"['Male', 'Male']",0,0,3,4,5,Dry,Straight,Level,Lowest,No
23800,37,North Carolina,370205,1,1,1,0,2,CONCORD,March,9,Thursday,9,34,Urban,High Speed (Arterial),Yes,35.46243889,-80.58933889,Non-Intersection,Daylight,Clear,9:00am-9:59am,32,9:00am-9:59am,37,Not Applicable (Not Transported),Not Applicable (Not Transported),1,Daylight,Clear,0,2,[],[],0,0,Valid,0.0,2.0,40.0,40.0,['Male'],0,0,3,4,4,Dry,Straight,Level,Lowest,No
23801,37,North Carolina,370206,0,2,2,0,5,NOT APPLICABLE,March,14,Tuesday,18,47,Rural,Medium Speed (Collector),No,35.50287222,-80.54450556,Simple Junction,Daylight,Clear,6:00pm-6:59pm,53,7:00pm-7:59pm,6,7:00pm-7:59pm,49,1,Daylight,Clear,1,4,['Rear_Seat'],['None_Used'],0,0,Valid,2.0,0.0,30.0,22.0,"['Male', 'Male']",0,0,3,4,5,Dry,Straight,Level,Lowest,No
23802,37,North Carolina,370207,0,1,1,0,1,POLKVILLE,March,4,Saturday,0,14,Urban,Medium Speed (Collector),No,35.41343889,-81.65701389,Non-Intersection,Dark - Not Lighted,Cloudy,0:00am-0:59am,9,0:00am-0:59am,17,Not Applicable (Not Transported),Not Applicable (Not Transported),1,Dark - Unlighted,Reduced Visibility,1,0,['Driver'],['None_Used'],0,0,Valid,0.0,0.0,53.0,53.0,['Male'],1,0,3,4,3,Wet/Standing Water,Curve,Level,Lowest,No
23803,37,North Carolina,370209,0,2,2,0,2,NOT APPLICABLE,March,4,Saturday,15,35,Rural,Medium Speed (Collector),No,34.29706944,-78.59918333,Non-Intersection,Daylight,Clear,3:00pm-3:59pm,28,3:00pm-3:59pm,36,Not Applicable (Not Transported),Not Applicable (Not Transported),1,Daylight,Clear,1,1,['Driver'],['Shoulder_Lapbelt'],0,0,Valid,4.0,1.0,45.0,33.0,"['Female', 'Male']",0,0,2,4,4,Dry,Straight,Level,Lowest,No
23804,37,North Carolina,370210,0,2,2,0,6,NOT APPLICABLE,March,5,Sunday,14,47,Rural,Medium Speed (Collector),No,35.12143889,-78.70988611,Complex/Circle,Daylight,Clear,2:00pm-2:59pm,45,3:00pm-3:59pm,6,3:00pm-3:59pm,46,5,Daylight,Clear,5,1,"['Driver', 'Front_Passenger', 'Rear_Seat', 'Rear_Seat', 'Rear_Seat']","['None_Used', 'None_Used', 'None_Used', 'None_Used', 'None_Used']",0,0,Valid,1.0,2.0,37.0,27.0,"['Male', 'Female']",0,0,4,4,3,Dry,Curve,Level,Lowest,Yes
23805,37,North Carolina,370211,0,1,1,0,1,NOT APPLICABLE,March,9,Thursday,13,59,Rural,High Speed (Arterial),Yes,35.85276389,-80.11111667,Non-Intersection,Daylight,Clear,1:00pm-1:59pm,58,2:00pm-2:59pm,13,Not Applicable (Not Transported),Not Applicable (Not Transported),1,Daylight,Clear,1,0,['Driver'],['Shoulder_Lapbelt'],0,0,Valid,6.0,0.0,33.0,33.0,['Female'],0,0,3,4,3,Dry,Straight,Level,Lowest,No
23806,37,North Carolina,370212,0,1,1,0,1,NOT APPLICABLE,March,11,Saturday,1,51,Rural,Medium Speed (Collector),No,35.93372222,-80.34913056,Non-Intersection,Dark - Not Lighted,Cloudy,1:00am-1:59am,45,1:00am-1:59am,51,Not Applicable (Not Transported),Not Applicable (Not Transported),1,Dark - Unlighted,Reduced Visibility,1,0,['Driver'],['Shoulder_Lapbelt'],0,0,Invalid,0.0,0.0,34.0,34.0,['Male'],1,0,3,4,3,Dry,Curve,Level,Lowest,No
23807,37,North Carolina,370213,1,1,1,0,1,NOT APPLICABLE,March,21,Tuesday,19,2,Rural,Medium Speed (Collector),No,35.15102222,-77.95361111,Non-Intersection,Dusk,Clear,Unknown,Unknown,Unknown EMS Scene Arrival Hour,Unknown EMS Scene Arrival Minutes,Unknown,Unknown EMS Hospital Arrival Time,1,Twilight,Clear,0,1,[],[],0,0,Valid,0.0,1.0,24.0,24.0,['Female'],0,0,2,2,4,Dry,Straight,Level,Lowest,No