,State_Code,State_Name,Crash_ID,Count_Non_Motorists,Count_Vehicles_Total,Count_Vehicle_Forms,Count_PVH_Involved,Count_Occupants_MV,City_Name,Month_Name,Day_of_Month,Day_of_Week,Crash_Hour,Crash_Minute,Area_Rural_Urban,Road_Functional_Class,On_NHS_Road,Latitude,Longitude,Intersection_Type,Light_Condition,Weather_Condition,Notif_Hour,Notif_Minute,Arrival_Hour,Arrival_Minute,Hospital_Hour,Hospital_Minute,Fatalities_Count,Clean_Light_Condition,Clean_Weather_Condition,Total_Killed,Total_Alive,Fatal_Seats_List,Killed_Restraint_List,Any_Driver_Drinking,Total_Drinking_Drivers,Driver_License_Category,Driver_Max_Prev_Accident_Count,Driver_Max_Prev_Speeding_Count,Max_Driver_Age,Min_Driver_Age,Driver_Sex_List,Total_Exceeding_Limit_Vehicles,Total_Too_Fast_Vehicles,Max_Vehicle_Type_Severity_5,Max_Vehicle_Damage_Rank,Max_Harmful_Event_Severity,Crash_Road_Surface_Condition,Crash_Horizontal_Alignment,Crash_Vertical_Profile,Crash_Impairment_Category,Crash_Vehicle_Defect
23808,37,North Carolina,370214,0,1,1,0,1,DURHAM,March,1,Wednesday,19,21,Urban,High Speed (Arterial),Yes,35.99901389,-78.95811667,Non-Intersection,Dark - Not Lighted,Clear,7:00pm-7:59pm,21,7:00pm-7:59pm,30,7:00pm-7:59pm,42,1,Dark - Unlighted,Clear,1,0,['Driver'],['Shoulder_Lapbelt'],0,0,Valid,0.0,1.0,66.0,66.0,['Female'],0,0,2,4,3,Dry,Straight,Level,Lowest,No
23809,37,North Carolina,370215,0,2,2,0,3,NOT APPLICABLE,March,4,Saturday,23,9,Rural,Medium Speed (Collector),No,35.996225,-78.80197222,Non-Intersection,Dark - Not Lighted,Clear,10:00pm-10:59pm,57,11:00pm-11:59pm,4,11:00pm-11:59pm,36,1,Dark - Unlighted,Clear,1,2,['Driver'],['None_Used'],1,1,Invalid,2.0,1.0,28.0,24.0,"['Male', 'Male']",0,0,3,4,5,Dry,Straight,Level,Lowest,No
23810,37,North Carolina,370216,1,1,1,0,1,DURHAM,March,7,Tuesday,11,4,Urban,High Speed (Arterial),Yes,36.02022778,-78.94871111,Complex/Circle,Daylight,Clear,11:00am-11:59am,5,11:00am-11:59am,8,Not Applicable (Not Transported),Not Applicable (Not Transported),1,Daylight,Clear,0,1,[],[],0,0,Valid,0.0,0.0,41.0,41.0,['Male'],0,0,4,1,4,Dry,Straight,Grade/Hillcrest,Lowest,No
23811,37,North Carolina,370217,0,3,3,0,4,WINSTON SALEM,March,1,Wednesday,23,49,Urban,High Speed (Arterial),Yes,36.06688333,-80.30901111,Non-Intersection,Dark - Not Lighted,Clear,Unknown,Unknown,Unknown EMS Scene Arrival Hour,Unknown EMS Scene Arrival Minutes,Unknown,Unknown EMS Hospital Arrival Time,2,Dark - Unlighted,Clear,2,2,"['Driver', 'Driver']","['Shoulder_Lapbelt', 'None_Used']",1,1,Valid,3.0,1.0,43.0,31.0,"['Female', 'Female', 'Male']",0,0,3,4,5,Dry,Straight,Level,Lowest,No
23812,37,North Carolina,370218,0,1,1,0,1,RALEIGH,February,23,Thursday,21,55,Urban,High Speed (Arterial),Yes,35.73431667,-78.65048333,Non-Intersection,Dark - Lighted,Rain,Unknown,Unknown,Unknown EMS Scene Arrival Hour,Unknown EMS Scene Arrival Minutes,Not Applicable (Not Transported),Not Applicable (Not Transported),1,Dark - Lighted,Rain/Wind/Minor,1,0,['Driver'],['None_Used'],1,1,Invalid,0.0,0.0,61.0,61.0,['Male'],0,0,5,4,3,Wet/Standing Water,Straight,Level,Lowest,No
23813,37,North Carolina,370219,0,1,1,0,1,NOT APPLICABLE,March,26,Sunday,15,46,Rural,Low Speed (Local),No,35.93886944,-79.34112778,Non-Intersection,Daylight,Cloudy,Unknown,Unknown,Unknown EMS Scene Arrival Hour,Unknown EMS Scene Arrival Minutes,Not Applicable (Not Transported),Not Applicable (Not Transported),1,Daylight,Reduced Visibility,1,0,['Driver'],['None_Used'],0,0,Valid,2.0,0.0,63.0,63.0,['Male'],1,0,5,4,3,Wet/Standing Water,Straight,Grade/Hillcrest,Lowest,No
23814,37,North Carolina,370220,0,2,2,0,2,NOT APPLICABLE,March,31,Friday,11,47,Rural,High Speed (Arterial),Yes,35.71936667,-82.59866944,Complex/Circle,Daylight,Cloudy,Unknown,Unknown,Unknown EMS Scene Arrival Hour,Unknown EMS Scene Arrival Minutes,Not Applicable (Not Transported),Not Applicable (Not Transported),1,Daylight,Reduced Visibility,1,1,['Driver'],['None_Used'],0,0,Invalid,4.0,0.0,64.0,38.0,"['Male', 'Female']",0,0,3,4,5,Dry,Straight,Level,Lowest,No
23815,37,North Carolina,370221,0,2,2,0,2,NOT APPLICABLE,March,21,Tuesday,13,14,Rural,High Speed (Arterial),Yes,35.45064444,-82.50940278,Simple Junction,Daylight,Clear,Unknown,Unknown,Unknown EMS Scene Arrival Hour,Unknown EMS Scene Arrival Minutes,Not Applicable (Not Transported),Not Applicable (Not Transported),1,Daylight,Clear,1,1,['Driver'],['None_Used'],0,0,Valid,1.0,1.0,34.0,29.0,"['Male', 'Male']",1,0,5,4,5,Dry,Straight,Level,Lowest,No
23816,37,North Carolina,370222,0,2,2,0,2,KANNAPOLIS,March,23,Thursday,20,20,Urban,Medium Speed (Collector),No,35.47328333,-80.60331389,Complex/Circle,Dark - Lighted,Clear,8:00pm-8:59pm,22,8:00pm-8:59pm,27,Not Applicable (Not Transported),Not Applicable (Not Transported),1,Dark - Lighted,Clear,1,1,['Driver'],['None_Used'],0,0,Valid,1.0,0.0,37.0,20.0,"['Male', 'Male']",0,0,5,4,5,Dry,Straight,Level,Lowest,Yes
23817,37,North Carolina,370223,0,2,2,0,3,NOT APPLICABLE,March,26,Sunday,23,19,Rural,High Speed (Arterial),Yes,34.33236111,-78.59399722,Non-Intersection,Dark - Not Lighted,Clear,11:00pm-11:59pm,17,11:00pm-11:59pm,21,Not Applicable (Not Transported),Not Applicable (Not Transported),1,Dark - Unlighted,Clear,1,2,['Driver'],['None_Used'],0,0,Valid,0.0,0.0,53.0,28.0,"['Female', 'Female']",0,0,3,4,5,Dry,Straight,Level,Lowest,No
23818,37,North Carolina,370224,0,1,1,0,4,NOT APPLICABLE,March,4,Saturday,0,13,Rural,Medium Speed (Collector),No,34.96295833,-78.91762222,Non-Intersection,Dark - Not Lighted,Clear,Unknown,Unknown,Unknown EMS Scene Arrival Hour,Unknown EMS Scene Arrival Minutes,Unknown,Unknown EMS Hospital Arrival Time,1,Dark - Unlighted,Clear,1,3,['Front_Passenger'],['None_Used'],1,1,Invalid,2.0,0.0,22.0,22.0,['Male'],4,0,2,4,3,Dry,Straight,Level,Lowest,No
23819,37,North Carolina,370225,1,1,1,0,5,WINSTON SALEM,March,3,Friday,20,41,Urban,High Speed (Arterial),Yes,36.04366389,-80.25978056,Non-Intersection,Dark - Lighted,Rain,Unknown,Unknown,Unknown EMS Scene Arrival Hour,Unknown EMS Scene Arrival Minutes,Not Applicable (Not Transported),Not Applicable (Not Transported),1,Dark - Lighted,Rain/Wind/Minor,0,5,[],[],0,0,Valid,0.0,0.0,24.0,24.0,['Female'],0,0,3,2,4,Wet/Standing Water,Straight,Level,Lowest,No
23820,37,North Carolina,370226,0,2,2,0,2,NOT APPLICABLE,March,6,Monday,17,45,Rural,Medium Speed (Collector),No,36.21411389,-80.28404722,Simple Junction,Dusk,Clear,Unknown,Unknown,Unknown EMS Scene Arrival Hour,Unknown EMS Scene Arrival Minutes,Not Applicable (Not Transported),Not Applicable (Not Transported),1,Twilight,Clear,1,1,['Driver'],['Shoulder_Lapbelt'],0,0,Valid,0.0,0.0,57.0,39.0,"['Male', 'Female']",0,0,3,4,5,Dry,Straight,Level,Lowest,No
23821,37,North Carolina,370227,0,1,1,0,1,NOT APPLICABLE,March,10,Friday,19,47,Rural,Medium Speed (Collector),No,36.11926667,-80.15525833,Non-Intersection,Dark - Not Lighted,Clear,Unknown,Unknown,Unknown EMS Scene Arrival Hour,Unknown EMS Scene Arrival Minutes,Not Applicable (Not Transported),Not Applicable (Not Transported),1,Dark - Unlighted,Clear,1,0,['Driver'],['Shoulder_Lapbelt'],0,0,Valid,0.0,0.0,16.0,16.0,['Male'],1,0,3,4,3,Dry,Straight,Level,Lowest,No
23822,37,North Carolina,370228,0,1,1,0,1,WINSTON SALEM,March,13,Monday,4,33,Urban,High Speed (Arterial),Yes,36.06683611,-80.18352222,Non-Intersection,Dawn,Clear,Unknown,Unknown,Unknown EMS Scene Arrival Hour,Unknown EMS Scene Arrival Minutes,Not Applicable (Not Transported),Not Applicable (Not Transported),1,Twilight,Clear,1,0,['Driver'],['Shoulder_Lapbelt'],0,0,Valid,0.0,0.0,40.0,40.0,['Male'],0,0,2,4,3,Dry,Curve,Level,Lowest,No
23823,37,North Carolina,370229,0,1,1,0,1,WINSTON SALEM,March,15,Wednesday,10,38,Urban,Medium Speed (Collector),No,36.04499722,-80.18230556,Non-Intersection,Daylight,Clear,Unknown,Unknown,Unknown EMS Scene Arrival Hour,Unknown EMS Scene Arrival Minutes,Not Applicable (Not Transported),Not Applicable (Not Transported),1,Daylight,Clear,1,0,['Driver'],['Shoulder_Lapbelt'],1,1,Valid,0.0,0.0,27.0,27.0,['Female'],0,0,2,4,3,Dry,Straight,Level,Lowest,No
23824,37,North Carolina,370230,1,1,1,0,2,HIGHSHOALS,March,4,Saturday,19,16,Urban,High Speed (Arterial),Yes,35.40381944,-81.20980278,Non-Intersection,Dark - Not Lighted,Clear,7:00pm-7:59pm,16,7:00pm-7:59pm,25,Not Applicable (Not Transported),Not Applicable (Not Transported),1,Dark - Unlighted,Clear,0,2,[],[],0,0,Invalid,0.0,0.0,49.0,49.0,['Male'],0,0,4,3,4,Dry,Straight,Level,Lowest,No
23825,37,North Carolina,370231,0,1,1,0,1,HIGH POINT,March,4,Saturday,17,30,Urban,High Speed (Arterial),Yes,35.98434444,-79.97476111,Non-Intersection,Daylight,Clear,5:00pm-5:59pm,33,5:00pm-5:59pm,40,Not Applicable (Not Transported),Not Applicable (Not Transported),1,Daylight,Clear,1,0,['Driver'],['None_Used'],1,1,Invalid,0.0,0.0,48.0,48.0,['Male'],1,0,5,4,3,Dry,Curve,Level,Lowest,No
23826,37,North Carolina,370232,0,1,1,0,2,GREENSBORO,March,1,Wednesday,4,1,Urban,High Speed (Arterial),Yes,36.03661667,-79.86246667,Non-Intersection,Dark - Lighted,Clear,4:00am-4:59am,1,4:00am-4:59am,10,4:00am-4:59am,41,1,Dark - Lighted,Clear,1,1,['Front_Passenger'],['None_Used'],1,1,Invalid,1.0,0.0,31.0,31.0,['Male'],2,0,2,4,3,Dry,Curve,Level,Lowest,No
23827,37,North Carolina,370233,1,1,1,0,1,GREENSBORO,March,1,Wednesday,10,50,Urban,High Speed (Arterial),Yes,36.08814167,-79.77513611,Non-Intersection,Daylight,Clear,10:00am-10:59am,51,10:00am-10:59am,56,11:00am-11:59am,8,1,Daylight,Clear,0,1,[],[],0,0,Valid,0.0,0.0,31.0,31.0,['Female'],0,0,3,2,4,Dry,Straight,Grade/Hillcrest,Lowest,No
23828,37,North Carolina,370234,0,2,2,0,2,GREENSBORO,March,16,Thursday,22,36,Urban,High Speed (Arterial),Yes,36.10976667,-79.75883889,Non-Intersection,Dark - Lighted,Clear,10:00pm-10:59pm,36,10:00pm-10:59pm,42,Not Applicable (Not Transported),Not Applicable (Not Transported),1,Dark - Lighted,Clear,1,1,['Driver'],['None_Used'],1,1,Invalid,0.0,0.0,47.0,43.0,"['Male', 'Male']",1,0,5,4,5,Dry,Straight,Level,Lowest,No
23829,37,North Carolina,370235,0,2,2,0,2,NOT APPLICABLE,March,8,Wednesday,2,50,Rural,High Speed (Arterial),Yes,36.36781944,-77.67000833,Non-Intersection,Dark - Not Lighted,Clear,2:00am-2:59am,46,2:00am-2:59am,54,Not Applicable (Not Transported),Not Applicable (Not Transported),1,Dark - Unlighted,Clear,1,1,['Driver'],['Shoulder_Lapbelt'],0,0,Valid,1.0,0.0,59.0,35.0,"['Male', 'Male']",0,0,4,4,5,Dry,Straight,Level,Lowest,No
23830,37,North Carolina,370236,0,2,2,0,3,NOT APPLICABLE,March,12,Sunday,16,35,Rural,High Speed (Arterial),Yes,36.46671944,-77.85054167,Complex/Circle,Daylight,Rain,4:00pm-4:59pm,30,4:00pm-4:59pm,45,5:00pm-5:59pm,15,1,Daylight,Rain/Wind/Minor,1,2,['Front_Passenger'],['None_Used'],0,0,Invalid,1.0,5.0,40.0,38.0,"['Male', 'Female']",0,0,3,4,5,Wet/Standing Water,Straight,Level,Lowest,Yes
23831,37,North Carolina,370237,0,2,2,0,3,NOT APPLICABLE,March,3,Friday,14,6,Rural,High Speed (Arterial),Yes,35.22417222,-78.93826389,Complex/Circle,Daylight,Clear,2:00pm-2:59pm,0,2:00pm-2:59pm,9,2:00pm-2:59pm,27,2,Daylight,Clear,2,1,"['Driver', 'Front_Passenger']","['Shoulder_Lapbelt', 'Shoulder_Lapbelt']",0,0,Valid,0.0,0.0,65.0,36.0,"['Male', 'Male']",1,0,3,4,5,Dry,Straight,Grade/Hillcrest,Lowest,No
23832,37,North Carolina,370238,0,1,1,0,1,NOT APPLICABLE,March,10,Friday,16,16,Rural,High Speed (Arterial),Yes,35.51352778,-82.97298056,Non-Intersection,Daylight,Clear,4:00pm-4:59pm,16,4:00pm-4:59pm,18,5:00pm-5:59pm,1,1,Daylight,Clear,1,0,['Driver'],['None_Used'],0,0,Valid,0.0,0.0,72.0,72.0,['Male'],0,0,3,4,3,Dry,Curve,Grade/Hillcrest,Lowest,No
23833,37,North Carolina,370239,0,2,2,0,2,NOT APPLICABLE,March,21,Tuesday,17,47,Rural,Medium Speed (Collector),Yes,35.39542222,-82.50529722,Complex/Circle,Daylight,Clear,5:00pm-5:59pm,46,5:00pm-5:59pm,51,6:00pm-6:59pm,20,1,Daylight,Clear,1,1,['Driver'],['None_Used'],0,0,Invalid,1.0,1.0,62.0,40.0,"['Female', 'Male']",0,0,5,4,5,Dry,Straight,Level,Lowest,No
23834,37,North Carolina,370240,0,1,1,0,1,NOT APPLICABLE,March,3,Friday,18,21,Rural,Medium Speed (Collector),No,35.04651111,-79.33961667,Non-Intersection,Daylight,Clear,6:00pm-6:59pm,15,6:00pm-6:59pm,22,Not Applicable (Not Transported),Not Applicable (Not Transported),1,Daylight,Clear,1,0,['Driver'],['Shoulder_Lapbelt'],0,0,Valid,0.0,0.0,39.0,39.0,['Female'],1,0,2,4,3,Dry,Straight,Level,Lowest,No
23835,37,North Carolina,370241,0,2,2,0,3,NOT APPLICABLE,March,5,Sunday,19,22,Rural,Medium Speed (Collector),No,35.73124444,-78.40051944,Non-Intersection,Daylight,Clear,7:00pm-7:59pm,22,7:00pm-7:59pm,38,Not Applicable (Not Transported),Not Applicable (Not Transported),1,Daylight,Clear,1,2,['Driver'],['None_Used'],0,0,Invalid,0.0,0.0,47.0,28.0,"['Male', 'Female']",0,0,3,4,5,Dry,Straight,Grade/Hillcrest,Lowest,No
23836,37,North Carolina,370242,0,1,1,0,1,NOT APPLICABLE,March,12,Sunday,15,21,Rural,Low Speed (Local),No,35.62261389,-78.37363611,Non-Intersection,Daylight,Rain,3:00pm-3:59pm,13,3:00pm-3:59pm,27,4:00pm-4:59pm,1,1,Daylight,Rain/Wind/Minor,1,0,['Driver'],['Shoulder_Lapbelt'],0,0,Valid,0.0,0.0,55.0,55.0,['Male'],0,0,2,4,3,Wet/Standing Water,Curve,Level,Lowest,No
23837,37,North Carolina,370243,0,2,2,0,2,NOT APPLICABLE,March,4,Saturday,5,57,Rural,Medium Speed (Collector),No,35.44040278,-79.17323889,Non-Intersection,Dark - Not Lighted,Clear,Unknown,Unknown,Unknown EMS Scene Arrival Hour,Unknown EMS Scene Arrival Minutes,Not Applicable (Not Transported),Not Applicable (Not Transported),1,Dark - Unlighted,Clear,1,1,['Driver'],['None_Used'],0,0,Valid,2.0,0.0,43.0,20.0,"['Female', 'Male']",0,0,3,4,5,Dry,Curve,Level,Lowest,No
23838,37,North Carolina,370244,0,2,1,1,1,NOT APPLICABLE,March,14,Tuesday,14,26,Rural,High Speed (Arterial),Yes,35.49610278,-79.14328889,Non-Intersection,Daylight,Clear,Unknown,Unknown,Unknown EMS Scene Arrival Hour,Unknown EMS Scene Arrival Minutes,Not Applicable (Not Transported),Not Applicable (Not Transported),1,Daylight,Clear,1,0,['Driver'],['Shoulder_Lapbelt'],0,0,Valid,0.0,0.0,66.0,66.0,['Male'],0,0,3,4,5,Dry,Straight,Level,Lowest,No
23839,37,North Carolina,370245,0,2,2,0,2,NOT APPLICABLE,March,25,Saturday,21,17,Rural,High Speed (Arterial),Yes,35.40765278,-79.11526389,Non-Intersection,Dark - Not Lighted,Clear,Unknown,Unknown,Unknown EMS Scene Arrival Hour,Unknown EMS Scene Arrival Minutes,Not Applicable (Not Transported),Not Applicable (Not Transported),1,Dark - Unlighted,Clear,1,1,['Driver'],['None_Used'],0,0,Valid,1.0,0.0,51.0,38.0,"['Female', 'Male']",1,0,5,4,5,Dry,Straight,Grade/Hillcrest,Lowest,No
23840,37,North Carolina,370246,0,1,1,0,1,NOT APPLICABLE,March,7,Tuesday,18,48,Rural,Low Speed (Local),No,35.39102222,-77.47748333,Non-Intersection,Dark - Not Lighted,Clear,Unknown,Unknown,Unknown EMS Scene Arrival Hour,Unknown EMS Scene Arrival Minutes,Not Applicable (Not Transported),Not Applicable (Not Transported),1,Dark - Unlighted,Clear,1,0,['Driver'],['None_Used'],0,0,Valid,0.0,0.0,43.0,43.0,['Male'],0,0,2,4,3,Dry,Curve,Level,Lowest,No
23841,37,North Carolina,370247,0,2,2,0,5,NOT APPLICABLE,March,17,Friday,13,16,Rural,Medium Speed (Collector),No,35.54833056,-81.26583056,Simple Junction,Daylight,Rain,1:00pm-1:59pm,14,1:00pm-1:59pm,20,1:00pm-1:59pm,47,1,Daylight,Rain/Wind/Minor,1,4,['Rear_Seat'],['Shoulder_Lapbelt'],1,1,Valid,2.0,0.0,63.0,40.0,"['Female', 'Male']",0,0,3,4,5,Wet/Standing Water,Straight,Level,Lowest,No
23842,37,North Carolina,370248,0,3,3,0,5,CHARLOTTE,March,1,Wednesday,19,34,Urban,High Speed (Arterial),Yes,35.21822778,-80.75395,Non-Intersection,Dark - Lighted,Cloudy,Unknown,Unknown,Unknown EMS Scene Arrival Hour,Unknown EMS Scene Arrival Minutes,Unknown,Unknown EMS Hospital Arrival Time,1,Dark - Lighted,Reduced Visibility,1,2,['Front_Passenger'],['Shoulder_Lapbelt'],0,0,Invalid,1.0,0.0,999.0,35.0,"['Male', 'Female', 'Female']",2,0,2,4,5,Wet/Standing Water,Straight,Level,Lowest,No
23843,37,North Carolina,370249,0,2,2,0,2,CHARLOTTE,March,3,Friday,17,14,Urban,High Speed (Arterial),Yes,35.11018333,-80.76165556,Complex/Circle,Dusk,Cloudy,5:00pm-5:59pm,14,5:00pm-5:59pm,21,Not Applicable (Not Transported),Not Applicable (Not Transported),1,Twilight,Reduced Visibility,1,1,['Driver'],['None_Used'],1,1,Invalid,2.0,0.0,71.0,30.0,"['Male', 'Male']",0,0,5,4,5,Dry,Straight,Level,Lowest,No
23844,37,North Carolina,370250,1,1,1,0,1,CHARLOTTE,March,4,Saturday,21,46,Urban,Medium Speed (Collector),No,35.14325833,-80.89466111,Non-Intersection,Dark - Lighted,Clear,9:00pm-9:59pm,45,9:00pm-9:59pm,54,Not Applicable (Not Transported),Not Applicable (Not Transported),1,Dark - Lighted,Clear,0,0,[],[],0,0,Invalid,0.0,0.0,998.0,998.0,['Other'],0,0,1,2,4,Dry,Straight,Level,Lowest,No
23845,37,North Carolina,370251,1,1,1,0,1,CHARLOTTE,March,18,Saturday,22,1,Urban,Low Speed (Local),No,35.23634722,-80.83067778,Simple Junction,Dark - Lighted,Clear,10:00pm-10:59pm,1,10:00pm-10:59pm,9,10:00pm-10:59pm,27,1,Dark - Lighted,Clear,0,1,[],[],0,0,Valid,1.0,1.0,32.0,32.0,['Female'],0,0,2,4,4,Dry,Straight,Level,Lowest,No
23846,37,North Carolina,370252,0,2,2,0,4,CHARLOTTE,March,18,Saturday,19,6,Urban,Medium Speed (Collector),No,35.21737778,-80.79295,Simple Junction,Daylight,Clear,7:00pm-7:59pm,6,7:00pm-7:59pm,13,7:00pm-7:59pm,39,1,Daylight,Clear,1,3,['Driver'],['Shoulder_Lapbelt'],1,1,Invalid,0.0,0.0,29.0,23.0,"['Male', 'Male']",2,0,2,4,5,Dry,Curve,Grade/Hillcrest,Lowest,No
23847,37,North Carolina,370253,0,2,2,0,2,NOT APPLICABLE,March,30,Thursday,8,30,Rural,High Speed (Arterial),Yes,34.81857778,-78.8413,Non-Intersection,Daylight,Clear,Unknown,Unknown,Unknown EMS Scene Arrival Hour,Unknown EMS Scene Arrival Minutes,Not Applicable (Not Transported),Not Applicable (Not Transported),1,Daylight,Clear,1,1,['Driver'],['Shoulder_Lapbelt'],0,0,Valid,4.0,2.0,58.0,26.0,"['Male', 'Male']",0,0,4,4,5,Dry,Straight,Level,Lowest,No
23848,37,North Carolina,370254,0,1,1,0,1,LEXINGTON,March,26,Sunday,19,1,Urban,High Speed (Arterial),Yes,35.78731944,-80.23598333,Non-Intersection,Daylight,Clear,7:00pm-7:59pm,4,7:00pm-7:59pm,26,8:00pm-8:59pm,2,1,Daylight,Clear,1,0,['Driver'],['None_Used'],0,0,Valid,1.0,0.0,56.0,56.0,['Male'],0,0,5,4,3,Dry,Straight,Level,Lowest,Yes
23849,37,North Carolina,370255,0,1,1,0,3,NOT APPLICABLE,March,24,Friday,14,43,Rural,Medium Speed (Collector),No,34.15821944,-78.68110278,Non-Intersection,Daylight,Clear,2:00pm-2:59pm,27,Unknown EMS Scene Arrival Hour,Unknown EMS Scene Arrival Minutes,Not Applicable (Not Transported),Not Applicable (Not Transported),1,Daylight,Clear,1,2,['Front_Passenger'],['None_Used'],0,0,Valid,0.0,0.0,60.0,60.0,['Male'],3,0,3,4,3,Dry,Curve,Level,Lowest,No
23850,37,North Carolina,370256,0,2,2,0,2,CHARLOTTE,March,26,Sunday,0,19,Urban,High Speed (Arterial),Yes,35.11324722,-80.96879444,Non-Intersection,Dark - Not Lighted,Cloudy,0:00am-0:59am,18,0:00am-0:59am,24,Unknown,Unknown EMS Hospital Arrival Time,1,Dark - Unlighted,Reduced Visibility,1,1,['Driver'],['None_Used'],0,0,Invalid,0.0,0.0,44.0,15.0,"['Male', 'Female']",1,0,3,4,5,Dry,Curve,Grade/Hillcrest,Lowest,No
23851,37,North Carolina,370257,0,1,1,0,1,NOT APPLICABLE,March,18,Saturday,16,36,Rural,Low Speed (Local),No,34.29373056,-77.77947222,Non-Intersection,Daylight,Clear,Unknown,Unknown,Unknown EMS Scene Arrival Hour,Unknown EMS Scene Arrival Minutes,Not Applicable (Not Transported),Not Applicable (Not Transported),1,Daylight,Clear,1,0,['Driver'],['None_Used'],1,1,Valid,0.0,0.0,35.0,35.0,['Female'],0,0,2,4,3,Dry,Curve,Level,Lowest,No
23852,37,North Carolina,370258,0,2,2,0,2,GARYSBURG,March,7,Tuesday,2,10,Urban,High Speed (Arterial),Yes,36.44388611,-77.55944444,Non-Intersection,Dark - Lighted,Clear,2:00am-2:59am,4,2:00am-2:59am,18,2:00am-2:59am,55,1,Dark - Lighted,Clear,1,1,['Driver'],['Shoulder_Lapbelt'],1,1,Valid,1.0,0.0,33.0,22.0,"['Male', 'Male']",1,0,2,4,5,Dry,Curve,Grade/Hillcrest,Lowest,No
23853,37,North Carolina,370259,0,2,2,0,2,NOT APPLICABLE,March,17,Friday,12,37,Rural,Medium Speed (Collector),No,34.75704167,-77.19711667,Non-Intersection,Daylight,Clear,12:00pm-12:59pm,32,12:00pm-12:59pm,51,1:00pm-1:59pm,38,1,Daylight,Clear,1,1,['Driver'],['Shoulder_Lapbelt'],0,0,Valid,1.0,0.0,69.0,35.0,"['Male', 'Male']",0,0,3,4,5,Dry,Straight,Level,Lowest,No
23854,37,North Carolina,370260,1,1,1,0,1,NOT APPLICABLE,March,30,Thursday,7,7,Rural,Medium Speed (Collector),No,35.99806667,-79.19284167,Non-Intersection,Dawn,Clear,6:00am-6:59am,55,7:00am-7:59am,6,7:00am-7:59am,31,1,Twilight,Clear,0,1,[],[],0,0,Valid,1.0,2.0,26.0,26.0,['Female'],0,0,2,2,4,Dry,Straight,Level,Lowest,No
23855,37,North Carolina,370261,0,1,1,0,1,NOT APPLICABLE,March,5,Sunday,1,39,Rural,Medium Speed (Collector),No,36.416525,-78.90262222,Non-Intersection,Dark - Not Lighted,Clear,Unknown,Unknown,Unknown EMS Scene Arrival Hour,Unknown EMS Scene Arrival Minutes,Not Applicable (Not Transported),Not Applicable (Not Transported),1,Dark - Unlighted,Clear,1,0,['Driver'],['None_Used'],0,0,Valid,1.0,0.0,35.0,35.0,['Male'],1,0,2,4,3,Dry,Curve,Level,Lowest,No
23856,37,North Carolina,370262,0,2,2,0,2,NOT APPLICABLE,March,3,Friday,18,33,Rural,Medium Speed (Collector),No,35.59279722,-77.55839722,Non-Intersection,Dark - Not Lighted,Clear,6:00pm-6:59pm,26,6:00pm-6:59pm,31,6:00pm-6:59pm,45,1,Dark - Unlighted,Clear,1,1,['Driver'],['Shoulder_Lapbelt'],0,0,Valid,0.0,0.0,75.0,63.0,"['Female', 'Female']",0,0,2,4,5,Dry,Straight,Level,Lowest,No
23857,37,North Carolina,370263,0,2,2,0,3,GREENVILLE,March,3,Friday,22,50,Urban,Medium Speed (Collector),No,35.58179167,-77.37405556,Non-Intersection,Dark - Lighted,Clear,10:00pm-10:59pm,50,10:00pm-10:59pm,53,Not Applicable (Not Transported),Not Applicable (Not Transported),1,Dark - Lighted,Clear,1,2,['Driver'],['None_Used'],1,1,Valid,1.0,1.0,36.0,23.0,"['Male', 'Female']",0,0,3,4,5,Dry,Straight,Level,Lowest,No
23858,37,North Carolina,370264,1,1,1,0,1,GREENVILLE,March,9,Thursday,19,33,Urban,High Speed (Arterial),Yes,35.61534167,-77.39215278,Non-Intersection,Dark - Lighted,Clear,7:00pm-7:59pm,34,7:00pm-7:59pm,38,7:00pm-7:59pm,48,1,Dark - Lighted,Clear,0,1,[],[],0,0,Valid,0.0,0.0,54.0,54.0,['Female'],0,0,2,1,4,Dry,Straight,Level,Lowest,No
23859,37,North Carolina,370265,1,1,1,0,1,WINTERVILLE,March,23,Thursday,22,8,Urban,Medium Speed (Collector),No,35.52538611,-77.40393889,Non-Intersection,Dark - Not Lighted,Clear,10:00pm-10:59pm,6,10:00pm-10:59pm,9,10:00pm-10:59pm,24,1,Dark - Unlighted,Clear,0,1,[],[],0,0,Valid,0.0,0.0,40.0,40.0,['Male'],0,0,3,2,4,Dry,Curve,Level,Lowest,No
23860,37,North Carolina,370266,1,1,1,0,1,NOT APPLICABLE,March,23,Thursday,9,56,Rural,Low Speed (Local),No,35.20977222,-81.98469722,Non-Intersection,Daylight,Clear,9:00am-9:59am,55,10:00am-10:59am,13,Unknown,Unknown EMS Hospital Arrival Time,1,Daylight,Clear,0,1,[],[],0,0,Valid,0.0,0.0,80.0,80.0,['Male'],1,0,3,2,4,Dry,Straight,Level,Lowest,No