,State_Code,State_Name,Crash_ID,Count_Non_Motorists,Count_Vehicles_Total,Count_Vehicle_Forms,Count_PVH_Involved,Count_Occupants_MV,City_Name,Month_Name,Day_of_Month,Day_of_Week,Crash_Hour,Crash_Minute,Area_Rural_Urban,Road_Functional_Class,On_NHS_Road,Latitude,Longitude,Intersection_Type,Light_Condition,Weather_Condition,Notif_Hour,Notif_Minute,Arrival_Hour,Arrival_Minute,Hospital_Hour,Hospital_Minute,Fatalities_Count,Clean_Light_Condition,Clean_Weather_Condition,Total_Killed,Total_Alive,Fatal_Seats_List,Killed_Restraint_List,Any_Driver_Drinking,Total_Drinking_Drivers,Driver_License_Category,Driver_Max_Prev_Accident_Count,Driver_Max_Prev_Speeding_Count,Max_Driver_Age,Min_Driver_Age,Driver_Sex_List,Total_Exceeding_Limit_Vehicles,Total_Too_Fast_Vehicles,Max_Vehicle_Type_Severity_5,Max_Vehicle_Damage_Rank,Max_Harmful_Event_Severity,Crash_Road_Surface_Condition,Crash_Horizontal_Alignment,Crash_Vertical_Profile,Crash_Impairment_Category,Crash_Vehicle_Defect
23861,37,North Carolina,370267,0,2,2,0,3,NOT APPLICABLE,March,6,Monday,11,20,Rural,Medium Speed (Collector),No,35.51710556,-79.84712778,Complex/Circle,Daylight,Clear,11:00am-11:59am,20,11:00am-11:59am,29,Unknown,Unknown EMS Hospital Arrival Time,1,Daylight,Clear,1,2,['Driver'],['Shoulder_Lapbelt'],0,0,Valid,0.0,0.0,63.0,58.0,"['Male', 'Male']",0,0,4,4,5,Dry,Straight,Grade/Hillcrest,Lowest,No
23862,37,North Carolina,370268,0,1,1,0,1,NOT APPLICABLE,March,13,Monday,5,1,Rural,Medium Speed (Collector),No,35.797125,-79.74741944,Non-Intersection,Dark - Not Lighted,Clear,5:00am-5:59am,0,5:00am-5:59am,12,Not Applicable (Not Transported),Not Applicable (Not Transported),1,Dark - Unlighted,Clear,1,0,['Driver'],['None_Used'],0,0,Valid,1.0,0.0,23.0,23.0,['Male'],0,0,2,4,3,Wet/Standing Water,Straight,Level,Lowest,No
23863,37,North Carolina,370269,0,1,1,0,1,NOT APPLICABLE,March,17,Friday,10,38,Rural,Medium Speed (Collector),No,35.77086667,-79.90533056,Non-Intersection,Daylight,Cloudy,10:00am-10:59am,28,10:00am-10:59am,37,Not Applicable (Not Transported),Not Applicable (Not Transported),1,Daylight,Reduced Visibility,1,0,['Driver'],['Shoulder_Lapbelt'],0,0,Invalid,1.0,0.0,36.0,36.0,['Male'],0,0,2,4,3,Dry,Curve,Grade/Hillcrest,Lowest,Yes
23864,37,North Carolina,370270,0,2,2,0,3,NOT APPLICABLE,March,3,Friday,19,43,Rural,Medium Speed (Collector),No,34.72049444,-79.09396944,Non-Intersection,Dark - Not Lighted,Clear,Unknown,Unknown,Unknown EMS Scene Arrival Hour,Unknown EMS Scene Arrival Minutes,Not Applicable (Not Transported),Not Applicable (Not Transported),1,Dark - Unlighted,Clear,1,2,['Driver'],['Shoulder_Lapbelt'],0,0,Valid,0.0,1.0,60.0,53.0,"['Male', 'Male']",1,0,3,4,5,Dry,Straight,Level,Lowest,No
23865,37,North Carolina,370271,0,2,2,0,2,SHANNON,March,5,Sunday,12,51,Urban,Medium Speed (Collector),No,34.84219444,-79.14865833,Non-Intersection,Daylight,Clear,Unknown,Unknown,Unknown EMS Scene Arrival Hour,Unknown EMS Scene Arrival Minutes,Not Applicable (Not Transported),Not Applicable (Not Transported),1,Daylight,Clear,1,1,['Driver'],['None_Used'],1,1,Invalid,1.0,0.0,54.0,27.0,"['Male', 'Male']",0,0,5,4,5,Dry,Straight,Level,Lowest,No
23866,37,North Carolina,370272,1,1,1,0,1,NOT APPLICABLE,March,31,Friday,2,7,Rural,Medium Speed (Collector),No,34.67218056,-79.27982778,Non-Intersection,Dark - Lighted,Clear,Unknown,Unknown,Unknown EMS Scene Arrival Hour,Unknown EMS Scene Arrival Minutes,Not Applicable (Not Transported),Not Applicable (Not Transported),1,Dark - Lighted,Clear,0,1,[],[],0,0,Invalid,0.0,0.0,31.0,31.0,['Male'],0,0,3,2,4,Dry,Straight,Level,Lowest,No
23867,37,North Carolina,370273,0,1,1,0,1,NOT APPLICABLE,March,12,Sunday,18,48,Rural,Medium Speed (Collector),No,34.48184722,-79.16165833,Non-Intersection,Dusk,Rain,Unknown,Unknown,Unknown EMS Scene Arrival Hour,Unknown EMS Scene Arrival Minutes,Not Applicable (Not Transported),Not Applicable (Not Transported),1,Twilight,Rain/Wind/Minor,1,0,['Driver'],['None_Used'],0,0,Valid,0.0,0.0,21.0,21.0,['Male'],1,0,2,4,3,Wet/Standing Water,Curve,Level,Lowest,No
23868,37,North Carolina,370274,0,1,1,0,1,NOT APPLICABLE,March,1,Wednesday,17,31,Rural,Low Speed (Local),No,35.62349722,-80.59984722,Non-Intersection,Daylight,Cloudy,4:00pm-4:59pm,25,4:00pm-4:59pm,36,Unknown,Unknown EMS Hospital Arrival Time,1,Daylight,Reduced Visibility,1,0,['Driver'],['None_Used'],0,0,Invalid,0.0,0.0,73.0,73.0,['Male'],1,0,5,4,3,Dry,Curve,Level,Lowest,No
23869,37,North Carolina,370275,0,1,1,0,1,LAKE LURE,March,11,Saturday,0,15,Urban,Low Speed (Local),No,35.44346667,-82.187075,Non-Intersection,Dark - Not Lighted,Clear,1:00am-1:59am,0,1:00am-1:59am,34,Not Applicable (Not Transported),Not Applicable (Not Transported),1,Dark - Unlighted,Clear,1,0,['Driver'],['Shoulder_Lapbelt'],1,1,Valid,0.0,0.0,50.0,50.0,['Male'],1,0,3,4,3,Dry,Curve,Grade/Hillcrest,Lowest,No
23870,37,North Carolina,370276,0,1,1,0,1,NOT APPLICABLE,March,6,Monday,14,2,Rural,Low Speed (Local),No,35.09703889,-78.34961111,Non-Intersection,Daylight,Clear,1:00pm-1:59pm,50,2:00pm-2:59pm,6,Not Applicable (Not Transported),Not Applicable (Not Transported),1,Daylight,Clear,1,0,['Driver'],['None_Used'],0,0,Valid,0.0,0.0,44.0,44.0,['Male'],0,0,5,4,3,Dry,Curve,Grade/Hillcrest,Lowest,No
23871,37,North Carolina,370277,0,1,1,0,1,NOT APPLICABLE,March,14,Tuesday,9,2,Rural,Low Speed (Local),No,34.85575833,-79.56231389,Non-Intersection,Daylight,Clear,Unknown,Unknown,Unknown EMS Scene Arrival Hour,Unknown EMS Scene Arrival Minutes,Unknown,Unknown EMS Hospital Arrival Time,1,Daylight,Clear,1,0,['Driver'],['None_Used'],0,0,Invalid,0.0,0.0,25.0,25.0,['Male'],1,0,5,4,3,Dry,Straight,Level,Lowest,No
23872,37,North Carolina,370278,0,1,1,0,4,NOT APPLICABLE,March,26,Sunday,20,54,Rural,Medium Speed (Collector),No,34.77826667,-79.50663056,Non-Intersection,Dark - Not Lighted,Clear,8:00pm-8:59pm,54,8:00pm-8:59pm,59,9:00pm-9:59pm,34,1,Dark - Unlighted,Clear,1,3,['Front_Passenger'],['Shoulder_Lapbelt'],1,1,Invalid,0.0,0.0,25.0,25.0,['Male'],4,0,2,4,3,Dry,Curve,Level,Lowest,No
23873,37,North Carolina,370279,0,2,2,0,2,NOT APPLICABLE,March,8,Wednesday,7,53,Rural,Medium Speed (Collector),No,35.36090278,-80.25008889,Non-Intersection,Daylight,Clear,7:00am-7:59am,49,7:00am-7:59am,57,Not Applicable (Not Transported),Not Applicable (Not Transported),1,Daylight,Clear,1,1,['Driver'],['Shoulder_Lapbelt'],0,0,Valid,0.0,0.0,61.0,50.0,"['Male', 'Male']",0,0,4,4,5,Dry,Straight,Level,Lowest,No
23874,37,North Carolina,370280,0,2,2,0,2,BADIN,March,29,Wednesday,17,29,Urban,Medium Speed (Collector),No,35.40640278,-80.11613056,Non-Intersection,Daylight,Clear,5:00pm-5:59pm,28,5:00pm-5:59pm,35,Not Applicable (Not Transported),Not Applicable (Not Transported),1,Daylight,Clear,1,1,['Driver'],['None_Used'],0,0,Valid,0.0,0.0,40.0,27.0,"['Male', 'Male']",1,0,5,4,5,Dry,Curve,Level,Lowest,No
23875,37,North Carolina,370281,0,2,2,0,3,NOT APPLICABLE,March,1,Wednesday,20,52,Rural,Medium Speed (Collector),No,36.51105,-80.09240278,Non-Intersection,Dark - Not Lighted,Clear,8:00pm-8:59pm,47,9:00pm-9:59pm,5,10:00pm-10:59pm,23,1,Dark - Unlighted,Clear,1,2,['Front_Passenger'],['None_Used'],0,0,Invalid,0.0,0.0,53.0,49.0,"['Male', 'Male']",0,0,3,4,5,Dry,Straight,Non-Trafficway,Lowest,No
23876,37,North Carolina,370282,0,2,2,0,2,NOT APPLICABLE,March,30,Thursday,22,37,Rural,High Speed (Arterial),Yes,36.45595556,-80.55665278,Non-Intersection,Dark - Not Lighted,Clear,10:00pm-10:59pm,34,10:00pm-10:59pm,43,11:00pm-11:59pm,24,1,Dark - Unlighted,Clear,1,1,['Driver'],['None_Used'],0,0,Valid,1.0,0.0,36.0,30.0,"['Male', 'Male']",2,0,5,4,5,Dry,Curve,Level,Lowest,No
23877,37,North Carolina,370283,0,3,3,0,5,NOT APPLICABLE,March,18,Saturday,18,18,Rural,Medium Speed (Collector),No,36.49966389,-80.71631944,Non-Intersection,Daylight,Clear,6:00pm-6:59pm,17,6:00pm-6:59pm,25,Unknown,Unknown EMS Hospital Arrival Time,1,Daylight,Clear,1,4,['Driver'],['Shoulder_Lapbelt'],0,0,Valid,0.0,0.0,69.0,46.0,"['Female', 'Female', 'Male']",0,0,3,4,5,Dry,Straight,Grade/Hillcrest,Lowest,No
23878,37,North Carolina,370284,0,1,1,0,1,ASHEVILLE,March,20,Monday,0,18,Urban,Low Speed (Local),No,35.42476111,-82.54036667,Non-Intersection,Dark - Not Lighted,Clear,4:00am-4:59am,8,4:00am-4:59am,25,5:00am-5:59am,57,1,Dark - Unlighted,Clear,1,0,['Driver'],['None_Used'],0,0,Valid,0.0,0.0,38.0,38.0,['Male'],1,0,2,4,3,Dry,Curve,Level,Lowest,No
23879,37,North Carolina,370285,0,2,2,0,2,CONCORD,March,28,Tuesday,14,47,Urban,Medium Speed (Collector),No,35.457225,-80.58850556,Simple Junction,Daylight,Clear,2:00pm-2:59pm,48,2:00pm-2:59pm,56,Not Applicable (Not Transported),Not Applicable (Not Transported),1,Daylight,Clear,1,1,['Driver'],['Shoulder_Lapbelt'],0,0,Valid,1.0,0.0,77.0,33.0,"['Male', 'Male']",0,0,3,4,5,Dry,Curve,Grade/Hillcrest,Lowest,No
23880,37,North Carolina,370286,0,3,3,0,5,CHARLOTTE,March,25,Saturday,15,44,Urban,High Speed (Arterial),Yes,35.22623333,-80.91007778,Complex/Circle,Daylight,Clear,3:00pm-3:59pm,44,3:00pm-3:59pm,46,4:00pm-4:59pm,7,1,Daylight,Clear,1,4,['Rear_Seat'],['Shoulder_Lapbelt'],0,0,Valid,1.0,0.0,62.0,34.0,"['Male', 'Male', 'Female']",0,0,3,4,5,Dry,Straight,Level,Lowest,No
23881,37,North Carolina,370287,0,2,2,0,3,NOT APPLICABLE,March,10,Friday,18,52,Rural,Medium Speed (Collector),No,35.31250833,-79.22681944,Non-Intersection,Dark - Not Lighted,Cloudy,6:00pm-6:59pm,50,7:00pm-7:59pm,10,8:00pm-8:59pm,2,2,Dark - Unlighted,Reduced Visibility,2,1,"['Driver', 'Driver']","['Shoulder_Lapbelt', 'Shoulder_Lapbelt']",0,0,Valid,1.0,0.0,55.0,41.0,"['Female', 'Male']",0,0,3,4,5,Wet/Standing Water,Straight,Level,Lowest,No
23882,37,North Carolina,370288,0,1,1,0,1,NOT APPLICABLE,March,21,Tuesday,19,54,Rural,Low Speed (Local),No,35.382775,-83.47388611,Non-Intersection,Dusk,Clear,Unknown,Unknown,Unknown EMS Scene Arrival Hour,Unknown EMS Scene Arrival Minutes,Not Applicable (Not Transported),Not Applicable (Not Transported),1,Twilight,Clear,1,0,['Driver'],['None_Used'],1,1,Invalid,0.0,0.0,71.0,71.0,['Male'],0,0,5,2,2,Dry,Curve,Grade/Hillcrest,Lowest,No
23883,37,North Carolina,370289,0,2,2,0,3,WENDELL,March,2,Thursday,22,31,Urban,Medium Speed (Collector),No,35.80288889,-78.41648889,Non-Intersection,Dark - Not Lighted,Clear,10:00pm-10:59pm,33,10:00pm-10:59pm,38,11:00pm-11:59pm,0,2,Dark - Unlighted,Clear,2,1,"['Driver', 'Front_Passenger']","['Shoulder_Lapbelt', 'Shoulder_Lapbelt']",0,0,Valid,0.0,0.0,75.0,23.0,"['Female', 'Female']",2,0,3,4,5,Dry,Curve,Level,Lowest,Yes
23884,37,North Carolina,370290,0,1,1,0,2,NOT APPLICABLE,March,4,Saturday,3,24,Rural,Low Speed (Local),No,35.65636944,-78.62516667,Non-Intersection,Dark - Not Lighted,Clear,3:00am-3:59am,18,3:00am-3:59am,34,4:00am-4:59am,15,1,Dark - Unlighted,Clear,1,1,['Front_Passenger'],['Shoulder_Lapbelt'],1,1,Valid,0.0,0.0,25.0,25.0,['Male'],2,0,3,4,3,Dry,Curve,Level,Lowest,No
23885,37,North Carolina,370291,1,1,1,0,1,RALEIGH,March,7,Tuesday,21,56,Urban,High Speed (Arterial),Yes,35.85488333,-78.58100278,Complex/Circle,Dark - Lighted,Clear,9:00pm-9:59pm,57,10:00pm-10:59pm,0,Not Applicable (Not Transported),Not Applicable (Not Transported),1,Dark - Lighted,Clear,0,1,[],[],0,0,Valid,3.0,0.0,18.0,18.0,['Male'],1,0,3,2,4,Dry,Straight,Level,Lowest,No
23886,37,North Carolina,370292,0,2,2,0,2,NOT APPLICABLE,March,6,Monday,19,36,Rural,Medium Speed (Collector),No,35.73504722,-78.74516944,Non-Intersection,Dark - Not Lighted,Clear,7:00pm-7:59pm,31,7:00pm-7:59pm,41,8:00pm-8:59pm,6,1,Dark - Unlighted,Clear,1,1,['Driver'],['None_Used'],1,1,Invalid,1.0,0.0,63.0,24.0,"['Male', 'Female']",0,0,5,4,5,Dry,Straight,Level,Lowest,No
23887,37,North Carolina,370293,0,2,2,0,3,RALEIGH,March,7,Tuesday,4,20,Urban,Medium Speed (Collector),No,35.817675,-78.61592222,Non-Intersection,Dark - Lighted,Clear,4:00am-4:59am,23,4:00am-4:59am,31,4:00am-4:59am,50,1,Dark - Lighted,Clear,1,2,['Driver'],['None_Used'],0,0,Valid,2.0,0.0,35.0,32.0,"['Male', 'Female']",1,0,3,4,5,Dry,Straight,Level,Lowest,No
23888,37,North Carolina,370294,1,2,2,0,5,RALEIGH,March,24,Friday,20,56,Urban,High Speed (Arterial),Yes,35.82461944,-78.75115,Non-Intersection,Dark - Not Lighted,Clear,8:00pm-8:59pm,59,9:00pm-9:59pm,7,Not Applicable (Not Transported),Not Applicable (Not Transported),1,Dark - Unlighted,Clear,0,5,[],[],0,0,Valid,0.0,0.0,40.0,27.0,"['Male', 'Male']",0,0,3,4,5,Dry,Straight,Level,Lowest,No
23889,37,North Carolina,370295,1,1,1,0,1,GOLDSBORO,March,1,Wednesday,20,19,Urban,Medium Speed (Collector),No,35.37235,-77.95434722,Non-Intersection,Dark - Not Lighted,Cloudy,8:00pm-8:59pm,20,8:00pm-8:59pm,25,Not Applicable (Not Transported),Not Applicable (Not Transported),1,Dark - Unlighted,Reduced Visibility,0,1,[],[],0,0,Valid,1.0,0.0,17.0,17.0,['Female'],0,0,3,2,4,Dry,Curve,Level,Lowest,No
23890,37,North Carolina,370296,1,1,1,0,4,FUQUAY-VARINA,March,11,Saturday,14,44,Urban,High Speed (Arterial),Yes,35.61962222,-78.73051389,Non-Intersection,Daylight,Clear,2:00pm-2:59pm,43,2:00pm-2:59pm,53,Not Applicable (Not Transported),Not Applicable (Not Transported),1,Daylight,Clear,0,4,[],[],0,0,Invalid,0.0,0.0,33.0,33.0,['Male'],0,0,3,4,4,Dry,Straight,Grade/Hillcrest,Lowest,No
23891,37,North Carolina,370297,1,1,1,0,1,NOT APPLICABLE,March,9,Thursday,9,27,Rural,High Speed (Arterial),Yes,35.32935833,-77.87920278,Non-Intersection,Daylight,Clear,9:00am-9:59am,21,9:00am-9:59am,27,Not Applicable (Not Transported),Not Applicable (Not Transported),1,Daylight,Clear,0,1,[],[],0,0,Valid,0.0,0.0,65.0,65.0,['Male'],0,0,3,4,4,Dry,Straight,Level,Lowest,No
23892,37,North Carolina,370298,0,1,1,0,1,NOT APPLICABLE,March,12,Sunday,20,57,Rural,Medium Speed (Collector),No,35.94372778,-82.33434444,Non-Intersection,Dark - Not Lighted,Rain,8:00pm-8:59pm,55,9:00pm-9:59pm,4,Unknown,Unknown EMS Hospital Arrival Time,1,Dark - Unlighted,Rain/Wind/Minor,1,0,['Driver'],['Shoulder_Lapbelt'],0,0,Valid,0.0,0.0,41.0,41.0,['Male'],1,0,2,4,4,Wet/Standing Water,Straight,Level,Lowest,No
23893,37,North Carolina,370299,0,2,2,0,4,NOT APPLICABLE,March,3,Friday,17,18,Rural,Medium Speed (Collector),No,35.69631111,-81.39851389,Non-Intersection,Daylight,Rain,Unknown,Unknown,Unknown EMS Scene Arrival Hour,Unknown EMS Scene Arrival Minutes,Not Applicable (Not Transported),Not Applicable (Not Transported),1,Daylight,Rain/Wind/Minor,1,3,['Front_Passenger'],['Shoulder_Lapbelt'],0,0,Valid,0.0,0.0,76.0,57.0,"['Male', 'Female']",0,0,3,4,5,Wet/Standing Water,Curve,Level,Lowest,No
23894,37,North Carolina,370300,0,2,2,0,3,NOT APPLICABLE,March,26,Sunday,17,30,Urban,High Speed (Arterial),Yes,36.42318611,-76.42036111,Complex/Circle,Daylight,Cloudy,5:00pm-5:59pm,26,5:00pm-5:59pm,38,6:00pm-6:59pm,12,1,Daylight,Reduced Visibility,1,2,['Driver'],['None_Used'],0,0,Valid,0.0,0.0,81.0,19.0,"['Male', 'Male']",0,0,3,4,5,Wet/Standing Water,Straight,Level,Lowest,No
23895,37,North Carolina,370301,0,1,1,0,1,RALEIGH,January,15,Sunday,17,0,Urban,High Speed (Arterial),Yes,35.78220556,-78.70153611,Non-Intersection,Dark - Not Lighted,Clear,5:00pm-5:59pm,0,5:00pm-5:59pm,8,5:00pm-5:59pm,26,1,Dark - Unlighted,Clear,1,0,['Driver'],['None_Used'],0,0,Valid,0.0,0.0,26.0,26.0,['Male'],1,0,5,4,2,Dry,Curve,Level,Lowest,No
23896,37,North Carolina,370302,1,1,1,0,1,ROCKY MOUNT,January,3,Tuesday,6,28,Urban,Medium Speed (Collector),No,35.96705,-77.87485278,Non-Intersection,Dark - Not Lighted,Clear,Unknown,Unknown,Unknown EMS Scene Arrival Hour,Unknown EMS Scene Arrival Minutes,Not Applicable (Not Transported),Not Applicable (Not Transported),1,Dark - Unlighted,Clear,0,1,[],[],0,0,Valid,1.0,0.0,35.0,35.0,['Female'],0,0,2,4,3,Dry,Straight,Level,Lowest,No
23897,37,North Carolina,370303,1,1,1,0,1,HUNTERSVILLE,February,26,Sunday,11,36,Urban,High Speed (Arterial),Yes,35.41255,-80.85863333,Non-Intersection,Daylight,Clear,11:00am-11:59am,22,11:00am-11:59am,29,Not Applicable (Not Transported),Not Applicable (Not Transported),1,Daylight,Clear,0,1,[],[],0,0,Invalid,0.0,0.0,64.0,64.0,['Male'],0,0,4,4,4,Dry,Straight,Level,Lowest,No
23898,37,North Carolina,370304,0,2,2,0,2,NOT APPLICABLE,March,20,Monday,7,42,Rural,Low Speed (Local),No,35.27948611,-78.69816667,Non-Intersection,Dawn,Clear,Unknown,Unknown,Unknown EMS Scene Arrival Hour,Unknown EMS Scene Arrival Minutes,Not Applicable (Not Transported),Not Applicable (Not Transported),1,Twilight,Clear,1,1,['Driver'],['Shoulder_Lapbelt'],0,0,Valid,0.0,0.0,32.0,26.0,"['Male', 'Male']",1,0,4,4,5,Dry,Curve,Level,Lowest,No
23899,37,North Carolina,370305,1,1,1,0,1,WINSTON SALEM,March,17,Friday,4,55,Urban,Medium Speed (Collector),No,36.117625,-80.23519167,Non-Intersection,Dark - Lighted,Clear,Unknown,Unknown,Unknown EMS Scene Arrival Hour,Unknown EMS Scene Arrival Minutes,Not Applicable (Not Transported),Not Applicable (Not Transported),1,Dark - Lighted,Clear,0,1,[],[],0,0,Invalid,0.0,0.0,30.0,30.0,['Female'],0,0,2,2,4,Dry,Curve,Level,Lowest,No
23900,37,North Carolina,370306,0,2,2,0,3,NOT APPLICABLE,March,30,Thursday,14,28,Rural,Medium Speed (Collector),No,35.62620833,-80.68350833,Non-Intersection,Daylight,Clear,Unknown,Unknown,Unknown EMS Scene Arrival Hour,Unknown EMS Scene Arrival Minutes,Unknown,Unknown EMS Hospital Arrival Time,1,Daylight,Clear,1,2,['Driver'],['None_Used'],1,1,Valid,0.0,0.0,80.0,38.0,"['Male', 'Male']",0,0,2,4,5,Dry,Straight,Grade/Hillcrest,Lowest,No
23901,37,North Carolina,370307,0,2,2,0,7,NOT APPLICABLE,March,24,Friday,21,19,Rural,Medium Speed (Collector),No,35.36224444,-80.25485,Simple Junction,Dark - Not Lighted,Clear,9:00pm-9:59pm,2,9:00pm-9:59pm,17,10:00pm-10:59pm,4,1,Dark - Unlighted,Clear,1,6,['Rear_Seat'],['Child_Safety'],0,0,Valid,1.0,0.0,30.0,16.0,"['Female', 'Male']",0,0,3,4,5,Dry,Straight,Level,Lowest,No
23902,37,North Carolina,370308,1,2,1,1,1,NOT APPLICABLE,March,13,Monday,17,21,Rural,High Speed (Arterial),Yes,35.66989722,-78.50733611,Non-Intersection,Daylight,Clear,5:00pm-5:59pm,7,5:00pm-5:59pm,12,Not Applicable (Not Transported),Not Applicable (Not Transported),1,Daylight,Clear,0,1,[],[],1,1,Invalid,0.0,0.0,26.0,26.0,['Male'],0,0,2,4,5,Dry,Straight,Level,Lowest,No
23903,37,North Carolina,370309,0,4,4,0,6,HUNTERSVILLE,March,15,Wednesday,17,6,Urban,High Speed (Arterial),Yes,35.37763611,-80.84786111,Non-Intersection,Daylight,Clear,5:00pm-5:59pm,19,5:00pm-5:59pm,21,6:00pm-6:59pm,12,1,Daylight,Clear,1,5,['Front_Passenger'],['Shoulder_Lapbelt'],0,0,Valid,4.0,2.0,57.0,20.0,"['Male', 'Female', 'Male', 'Male']",0,0,4,4,5,Dry,Straight,Level,Lowest,No
23904,37,North Carolina,370310,0,2,2,0,5,NOT APPLICABLE,March,8,Wednesday,15,53,Rural,High Speed (Arterial),Yes,36.42183333,-78.27682222,Non-Intersection,Daylight,Clear,Unknown,Unknown,Unknown EMS Scene Arrival Hour,Unknown EMS Scene Arrival Minutes,Unknown,Unknown EMS Hospital Arrival Time,1,Daylight,Clear,1,4,['Driver'],['Shoulder_Lapbelt'],0,0,Valid,0.0,0.0,58.0,49.0,"['Female', 'Male']",0,0,4,4,5,Dry,Straight,Level,Lowest,No
23905,37,North Carolina,370311,0,1,1,0,1,NOT APPLICABLE,March,24,Friday,19,38,Rural,Low Speed (Local),No,36.11675278,-80.59521667,Non-Intersection,Daylight,Clear,Unknown,Unknown,Unknown EMS Scene Arrival Hour,Unknown EMS Scene Arrival Minutes,Not Applicable (Not Transported),Not Applicable (Not Transported),1,Daylight,Clear,1,0,['Driver'],['Shoulder_Lapbelt'],0,0,Valid,0.0,0.0,53.0,53.0,['Female'],1,0,3,4,3,Dry,Curve,Level,Lowest,No
23906,37,North Carolina,370312,0,1,1,0,1,NOT APPLICABLE,April,15,Saturday,16,58,Rural,Medium Speed (Collector),No,36.47254167,-81.443875,Non-Intersection,Daylight,Clear,Unknown,Unknown,Unknown EMS Scene Arrival Hour,Unknown EMS Scene Arrival Minutes,Unknown,Unknown EMS Hospital Arrival Time,1,Daylight,Clear,1,0,['Driver'],['None_Used'],0,0,Valid,1.0,0.0,40.0,40.0,['Male'],0,0,3,4,2,Dry,Curve,Grade/Hillcrest,Lowest,No
23907,37,North Carolina,370313,0,2,2,0,2,NOT APPLICABLE,April,8,Saturday,10,46,Rural,Medium Speed (Collector),No,34.64376944,-78.81729167,Complex/Circle,Daylight,Rain,Unknown,Unknown,Unknown EMS Scene Arrival Hour,Unknown EMS Scene Arrival Minutes,Not Applicable (Not Transported),Not Applicable (Not Transported),1,Daylight,Rain/Wind/Minor,1,1,['Driver'],['Shoulder_Lapbelt'],0,0,Valid,0.0,0.0,55.0,23.0,"['Male', 'Male']",0,0,3,4,5,Wet/Standing Water,Straight,Level,Lowest,No
23908,37,North Carolina,370314,0,1,1,0,1,NOT APPLICABLE,April,7,Friday,12,3,Rural,High Speed (Arterial),Yes,34.23343611,-77.99193333,Non-Intersection,Daylight,Clear,11:00am-11:59am,46,12:00pm-12:59pm,0,Not Applicable (Not Transported),Not Applicable (Not Transported),1,Daylight,Clear,1,0,['Driver'],['None_Used'],0,0,Valid,0.0,0.0,52.0,52.0,['Male'],0,0,5,4,3,Dry,Curve,Grade/Hillcrest,Lowest,No
23909,37,North Carolina,370315,0,2,1,1,4,CONCORD,April,16,Sunday,3,1,Urban,Medium Speed (Collector),No,35.35409444,-80.58260278,Non-Intersection,Dark - Not Lighted,Clear,2:00am-2:59am,57,3:00am-3:59am,1,3:00am-3:59am,51,1,Dark - Unlighted,Clear,1,3,['Driver'],['None_Used'],1,1,Invalid,0.0,0.0,21.0,21.0,['Male'],4,0,2,4,3,Dry,Straight,Level,Lowest,No
23910,37,North Carolina,370316,0,2,2,0,6,NOT APPLICABLE,April,21,Friday,15,54,Rural,High Speed (Arterial),Yes,35.88360833,-81.58418611,Non-Intersection,Daylight,Clear,Unknown,Unknown,Unknown EMS Scene Arrival Hour,Unknown EMS Scene Arrival Minutes,Unknown,Unknown EMS Hospital Arrival Time,2,Daylight,Clear,2,4,"['Driver', 'Driver']","['None_Used', 'Shoulder_Lapbelt']",0,0,Valid,2.0,0.0,41.0,29.0,"['Female', 'Female']",0,0,3,4,5,Dry,Straight,Level,Lowest,No
23911,37,North Carolina,370317,0,1,1,0,1,NOT APPLICABLE,April,1,Saturday,4,33,Rural,High Speed (Arterial),Yes,35.60244444,-80.95100278,Non-Intersection,Dark - Not Lighted,Cloudy,Unknown,Unknown,Unknown EMS Scene Arrival Hour,Unknown EMS Scene Arrival Minutes,Unknown,Unknown EMS Hospital Arrival Time,1,Dark - Unlighted,Reduced Visibility,1,0,['Driver'],['Shoulder_Lapbelt'],0,0,Valid,0.0,0.0,59.0,59.0,['Male'],0,0,3,4,3,Dry,Straight,Level,Lowest,No
23912,37,North Carolina,370318,0,1,1,0,2,NOT APPLICABLE,April,1,Saturday,4,13,Rural,High Speed (Arterial),Yes,35.68940833,-81.36056111,Non-Intersection,Dark - Not Lighted,Cloudy,6:00am-6:59am,11,6:00am-6:59am,16,6:00am-6:59am,45,1,Dark - Unlighted,Reduced Visibility,1,1,['Driver'],['None_Used'],1,1,Invalid,0.0,0.0,24.0,24.0,['Male'],2,0,2,4,3,Dry,Straight,Level,Lowest,No
23913,37,North Carolina,370319,0,2,2,0,5,NOT APPLICABLE,April,18,Tuesday,16,30,Rural,Medium Speed (Collector),No,35.03579722,-83.80630556,Non-Intersection,Daylight,Clear,4:00pm-4:59pm,30,4:00pm-4:59pm,33,4:00pm-4:59pm,53,1,Daylight,Clear,1,4,['Rear_Seat'],['Child_Safety'],0,0,Valid,1.0,0.0,48.0,22.0,"['Male', 'Female']",0,0,3,4,5,Dry,Straight,Grade/Hillcrest,Lowest,No
23914,37,North Carolina,370320,0,1,1,0,4,NOT APPLICABLE,April,5,Wednesday,11,37,Rural,Medium Speed (Collector),No,34.38510833,-78.67644167,Non-Intersection,Daylight,Clear,11:00am-11:59am,30,11:00am-11:59am,39,12:00pm-12:59pm,5,2,Daylight,Clear,2,2,"['Rear_Seat', 'Rear_Seat']","['Shoulder_Lapbelt', 'Child_Safety']",1,1,Valid,1.0,0.0,32.0,32.0,['Male'],4,0,2,4,3,Dry,Straight,Level,Lowest,No