,State_Code,State_Name,Crash_ID,Count_Non_Motorists,Count_Vehicles_Total,Count_Vehicle_Forms,Count_PVH_Involved,Count_Occupants_MV,City_Name,Month_Name,Day_of_Month,Day_of_Week,Crash_Hour,Crash_Minute,Area_Rural_Urban,Road_Functional_Class,On_NHS_Road,Latitude,Longitude,Intersection_Type,Light_Condition,Weather_Condition,Notif_Hour,Notif_Minute,Arrival_Hour,Arrival_Minute,Hospital_Hour,Hospital_Minute,Fatalities_Count,Clean_Light_Condition,Clean_Weather_Condition,Total_Killed,Total_Alive,Fatal_Seats_List,Killed_Restraint_List,Any_Driver_Drinking,Total_Drinking_Drivers,Driver_License_Category,Driver_Max_Prev_Accident_Count,Driver_Max_Prev_Speeding_Count,Max_Driver_Age,Min_Driver_Age,Driver_Sex_List,Total_Exceeding_Limit_Vehicles,Total_Too_Fast_Vehicles,Max_Vehicle_Type_Severity_5,Max_Vehicle_Damage_Rank,Max_Harmful_Event_Severity,Crash_Road_Surface_Condition,Crash_Horizontal_Alignment,Crash_Vertical_Profile,Crash_Impairment_Category,Crash_Vehicle_Defect
23915,37,North Carolina,370321,0,1,1,0,1,NOT APPLICABLE,April,24,Monday,2,1,Rural,Medium Speed (Collector),No,34.93126111,-78.73690278,Non-Intersection,Dark - Not Lighted,Clear,2:00am-2:59am,5,2:00am-2:59am,22,Not Applicable (Not Transported),Not Applicable (Not Transported),1,Dark - Unlighted,Clear,1,0,['Driver'],['None_Used'],0,0,Valid,1.0,1.0,22.0,22.0,['Male'],1,0,3,4,3,Dry,Straight,Level,Lowest,No
23916,37,North Carolina,370322,0,1,1,0,1,NOT APPLICABLE,April,12,Wednesday,22,10,Rural,Medium Speed (Collector),No,35.91074167,-80.20307222,Simple Junction,Dark - Not Lighted,Clear,10:00pm-10:59pm,9,10:00pm-10:59pm,23,Not Applicable (Not Transported),Not Applicable (Not Transported),1,Dark - Unlighted,Clear,1,0,['Driver'],['Shoulder_Lapbelt'],0,0,Valid,0.0,0.0,40.0,40.0,['Male'],1,0,3,4,3,Dry,Straight,Grade/Hillcrest,Lowest,No
23917,37,North Carolina,370323,0,4,3,1,3,MOCKSVILLE,April,7,Friday,9,26,Urban,Medium Speed (Collector),No,35.89197222,-80.56191389,Complex/Circle,Daylight,Rain,9:00am-9:59am,17,9:00am-9:59am,25,Not Applicable (Not Transported),Not Applicable (Not Transported),1,Daylight,Rain/Wind/Minor,1,2,['Driver'],['Shoulder_Lapbelt'],0,0,Valid,0.0,1.0,56.0,37.0,"['Male', 'Male', 'Male']",1,0,4,4,5,Wet/Standing Water,Straight,Level,Lowest,No
23918,37,North Carolina,370326,0,2,2,0,2,NOT APPLICABLE,April,8,Saturday,10,45,Rural,High Speed (Arterial),Yes,36.00339722,-80.2624,Complex/Circle,Daylight,Rain,Unknown,Unknown,Unknown EMS Scene Arrival Hour,Unknown EMS Scene Arrival Minutes,Unknown,Unknown EMS Hospital Arrival Time,1,Daylight,Rain/Wind/Minor,1,1,['Driver'],['None_Used'],0,0,Valid,0.0,0.0,66.0,22.0,"['Female', 'Female']",0,0,3,4,5,Wet/Standing Water,Straight,Level,Lowest,No
23919,37,North Carolina,370327,0,2,2,0,2,WINSTON SALEM,April,17,Monday,22,10,Urban,Medium Speed (Collector),No,36.19986111,-80.27416944,Complex/Circle,Dark - Lighted,Clear,Unknown,Unknown,Unknown EMS Scene Arrival Hour,Unknown EMS Scene Arrival Minutes,Unknown,Unknown EMS Hospital Arrival Time,1,Dark - Lighted,Clear,1,1,['Driver'],['Shoulder_Lapbelt'],0,0,Valid,2.0,1.0,21.0,19.0,"['Male', 'Female']",1,0,3,4,5,Dry,Straight,Level,Lowest,No
23920,37,North Carolina,370328,0,1,1,0,1,WINSTON SALEM,April,22,Saturday,7,10,Urban,High Speed (Arterial),Yes,36.07735278,-80.25852222,Non-Intersection,Daylight,Cloudy,7:00am-7:59am,13,7:00am-7:59am,20,Not Applicable (Not Transported),Not Applicable (Not Transported),1,Daylight,Reduced Visibility,1,0,['Driver'],['None_Used'],1,1,Valid,1.0,0.0,44.0,44.0,['Female'],1,0,3,4,3,Dry,Straight,Level,Lowest,No
23921,37,North Carolina,370329,0,1,1,0,1,DURHAM,April,30,Sunday,2,30,Urban,High Speed (Arterial),Yes,35.95355556,-78.86400278,Non-Intersection,Dark - Not Lighted,Rain,2:00am-2:59am,41,2:00am-2:59am,45,Not Applicable (Not Transported),Not Applicable (Not Transported),1,Dark - Unlighted,Rain/Wind/Minor,1,0,['Driver'],['None_Used'],1,1,Invalid,1.0,0.0,42.0,42.0,['Female'],0,0,2,4,3,Wet/Standing Water,Curve,Level,Lowest,No
23922,37,North Carolina,370330,0,1,1,0,4,NOT APPLICABLE,April,26,Wednesday,18,34,Rural,Medium Speed (Collector),No,35.44662222,-83.81956111,Non-Intersection,Daylight,Cloudy,Unknown,Unknown,Unknown EMS Scene Arrival Hour,Unknown EMS Scene Arrival Minutes,Unknown,Unknown EMS Hospital Arrival Time,1,Daylight,Reduced Visibility,1,3,['Driver'],['None_Used'],0,0,Valid,0.0,0.0,68.0,68.0,['Male'],4,0,2,4,2,Wet/Standing Water,Curve,Grade/Hillcrest,Lowest,No
23923,37,North Carolina,370331,0,2,2,0,2,GREENSBORO,April,2,Sunday,11,54,Urban,Low Speed (Local),No,36.07343889,-79.74816667,Complex/Circle,Daylight,Clear,2:00pm-2:59pm,43,2:00pm-2:59pm,48,3:00pm-3:59pm,4,1,Daylight,Clear,1,1,['Driver'],['None_Used'],0,0,Valid,1.0,0.0,50.0,32.0,"['Male', 'Female']",0,0,5,4,5,Dry,Straight,Grade/Hillcrest,Lowest,No
23924,37,North Carolina,370332,1,1,1,0,1,GREENSBORO,April,15,Saturday,22,58,Urban,High Speed (Arterial),Yes,36.05319167,-79.83263611,Non-Intersection,Dark - Lighted,Clear,10:00pm-10:59pm,59,10:00pm-10:59pm,6,11:00pm-11:59pm,25,1,Dark - Lighted,Clear,0,1,[],[],0,0,Valid,2.0,0.0,20.0,20.0,['Male'],0,0,2,2,4,Dry,Straight,Level,Lowest,No
23925,37,North Carolina,370333,0,1,1,0,1,GREENSBORO,April,6,Thursday,21,35,Urban,High Speed (Arterial),Yes,36.04775833,-79.76919444,Non-Intersection,Dark - Not Lighted,Cloudy,Unknown,Unknown,Unknown EMS Scene Arrival Hour,Unknown EMS Scene Arrival Minutes,Unknown,Unknown EMS Hospital Arrival Time,1,Dark - Unlighted,Reduced Visibility,1,0,['Driver'],['None_Used'],1,1,Valid,0.0,0.0,29.0,29.0,['Female'],1,0,3,4,3,Wet/Standing Water,Straight,Level,Lowest,No
23926,37,North Carolina,370334,0,2,2,0,2,GREENSBORO,April,6,Thursday,5,32,Urban,High Speed (Arterial),Yes,36.08785556,-79.82248889,Non-Intersection,Dark - Lighted,Clear,5:00am-5:59am,53,5:00am-5:59am,58,Not Applicable (Not Transported),Not Applicable (Not Transported),1,Dark - Lighted,Clear,1,1,['Driver'],['None_Used'],0,0,Invalid,0.0,0.0,56.0,29.0,"['Male', 'Male']",1,0,5,4,5,Dry,Curve,Level,Lowest,No
23927,37,North Carolina,370335,1,1,1,0,1,HIGH POINT,April,11,Tuesday,20,22,Urban,High Speed (Arterial),Yes,35.96604167,-79.97083333,Non-Intersection,Dark - Not Lighted,Clear,8:00pm-8:59pm,23,8:00pm-8:59pm,33,9:00pm-9:59pm,4,1,Dark - Unlighted,Clear,0,1,[],[],0,0,Valid,0.0,0.0,32.0,32.0,['Female'],0,0,2,1,4,Dry,Straight,Level,Lowest,No
23928,37,North Carolina,370336,0,1,1,0,1,GREENSBORO,April,19,Wednesday,22,25,Urban,High Speed (Arterial),Yes,36.09990278,-79.76452222,Non-Intersection,Dark - Lighted,Clear,10:00pm-10:59pm,26,10:00pm-10:59pm,37,10:00pm-10:59pm,58,1,Dark - Lighted,Clear,1,0,['Driver'],['Shoulder_Lapbelt'],1,1,Invalid,3.0,0.0,22.0,22.0,['Female'],1,0,2,4,3,Dry,Straight,Level,Lowest,No
23929,37,North Carolina,370337,0,2,2,0,2,NOT APPLICABLE,April,22,Saturday,6,52,Rural,High Speed (Arterial),Yes,35.96291389,-79.93321944,Non-Intersection,Dawn,Clear,6:00am-6:59am,46,6:00am-6:59am,52,7:00am-7:59am,33,1,Twilight,Clear,1,1,['Driver'],['None_Used'],1,1,Invalid,0.0,0.0,32.0,31.0,"['Male', 'Male']",0,0,3,4,5,Dry,Straight,Level,Lowest,No
23930,37,North Carolina,370338,0,1,1,0,1,GREENSBORO,April,25,Tuesday,15,25,Urban,High Speed (Arterial),Yes,36.06181667,-79.76915278,Non-Intersection,Daylight,Clear,3:00pm-3:59pm,26,3:00pm-3:59pm,34,Not Applicable (Not Transported),Not Applicable (Not Transported),1,Daylight,Clear,1,0,['Driver'],['None_Used'],1,1,Valid,1.0,0.0,28.0,28.0,['Male'],0,0,2,4,3,Dry,Straight,Level,Lowest,No
23931,37,North Carolina,370339,0,1,1,0,2,NOT APPLICABLE,April,13,Thursday,20,25,Rural,Low Speed (Local),No,36.14945833,-77.51710556,Non-Intersection,Dark - Not Lighted,Clear,8:00pm-8:59pm,15,8:00pm-8:59pm,27,Not Applicable (Not Transported),Not Applicable (Not Transported),2,Dark - Unlighted,Clear,2,0,"['Driver', 'Front_Passenger']","['Shoulder_Lapbelt', 'Shoulder_Lapbelt']",0,0,Valid,0.0,0.0,37.0,37.0,['Male'],0,0,2,4,3,Dry,Straight,Level,Lowest,No
23932,37,North Carolina,370340,1,2,2,0,7,NOT APPLICABLE,April,15,Saturday,20,39,Rural,Medium Speed (Collector),No,36.11167778,-77.37345556,Non-Intersection,Dark - Not Lighted,Clear,8:00pm-8:59pm,29,8:00pm-8:59pm,38,Not Applicable (Not Transported),Not Applicable (Not Transported),1,Dark - Unlighted,Clear,0,7,[],[],0,0,Valid,0.0,2.0,53.0,22.0,"['Male', 'Female']",0,0,3,4,4,Dry,Straight,Level,Lowest,No
23933,37,North Carolina,370341,0,1,1,0,3,NOT APPLICABLE,April,14,Friday,11,52,Rural,High Speed (Arterial),No,35.298975,-79.08248056,Non-Intersection,Daylight,Clear,11:00am-11:59am,51,12:00pm-12:59pm,1,12:00pm-12:59pm,59,1,Daylight,Clear,1,2,['Rear_Seat'],['None_Used'],0,0,Valid,1.0,0.0,52.0,52.0,['Male'],0,0,3,1,1,Dry,Straight,Level,Lowest,No
23934,37,North Carolina,370342,0,2,2,0,4,NOT APPLICABLE,April,21,Friday,16,22,Rural,High Speed (Arterial),Yes,35.55023056,-82.87921389,Non-Intersection,Daylight,Clear,4:00pm-4:59pm,23,4:00pm-4:59pm,37,5:00pm-5:59pm,15,1,Daylight,Clear,1,3,['Driver'],['Shoulder_Lapbelt'],0,0,Valid,1.0,1.0,69.0,17.0,"['Male', 'Male']",0,0,3,4,5,Dry,Straight,Grade/Hillcrest,Lowest,Yes
23935,37,North Carolina,370343,0,1,1,0,1,NOT APPLICABLE,April,30,Sunday,16,29,Rural,Medium Speed (Collector),No,35.501075,-83.14838056,Non-Intersection,Daylight,Cloudy,4:00pm-4:59pm,27,4:00pm-4:59pm,34,Not Applicable (Not Transported),Not Applicable (Not Transported),1,Daylight,Reduced Visibility,1,0,['Driver'],['None_Used'],0,0,Invalid,0.0,0.0,53.0,53.0,['Male'],1,0,5,4,3,Dry,Curve,Grade/Hillcrest,Lowest,No
23936,37,North Carolina,370344,0,1,1,0,1,NOT APPLICABLE,April,1,Saturday,3,57,Rural,High Speed (Arterial),No,35.34477222,-82.47380833,Non-Intersection,Dark - Not Lighted,Clear,Unknown,Unknown,Unknown EMS Scene Arrival Hour,Unknown EMS Scene Arrival Minutes,Not Applicable (Not Transported),Not Applicable (Not Transported),1,Dark - Unlighted,Clear,1,0,['Driver'],['None_Used'],0,0,Invalid,0.0,0.0,34.0,34.0,['Male'],0,0,3,4,3,Dry,Curve,Level,Lowest,No
23937,37,North Carolina,370345,0,2,2,0,2,NOT APPLICABLE,April,13,Thursday,15,2,Rural,High Speed (Arterial),Yes,35.43600278,-82.53231944,Non-Intersection,Daylight,Clear,Unknown,Unknown,Unknown EMS Scene Arrival Hour,Unknown EMS Scene Arrival Minutes,Unknown,Unknown EMS Hospital Arrival Time,1,Daylight,Clear,1,1,['Driver'],['None_Used'],0,0,Valid,1.0,0.0,63.0,19.0,"['Male', 'Male']",0,0,5,4,5,Dry,Straight,Level,Lowest,No
23938,37,North Carolina,370346,1,1,1,0,2,MOORESVILLE,April,14,Friday,1,59,Urban,High Speed (Arterial),Yes,35.862825,-80.86422778,Non-Intersection,Dark - Not Lighted,Rain,1:00am-1:59am,58,2:00am-2:59am,6,Not Applicable (Not Transported),Not Applicable (Not Transported),1,Dark - Unlighted,Rain/Wind/Minor,0,2,[],[],0,0,Valid,0.0,0.0,27.0,27.0,['Female'],0,0,3,4,4,Wet/Standing Water,Straight,Level,Lowest,No
23939,37,North Carolina,370347,0,2,2,0,2,MOORESVILLE,April,4,Tuesday,15,35,Urban,High Speed (Arterial),Yes,35.59219444,-80.82158333,Non-Intersection,Daylight,Clear,3:00pm-3:59pm,36,3:00pm-3:59pm,43,4:00pm-4:59pm,8,1,Daylight,Clear,1,1,['Driver'],['None_Used'],0,0,Valid,1.0,1.0,47.0,22.0,"['Male', 'Male']",1,0,5,4,5,Dry,Straight,Level,Lowest,No
23940,37,North Carolina,370348,0,1,1,0,1,MOORESVILLE,April,15,Saturday,16,19,Urban,Low Speed (Local),No,35.59400278,-80.86268611,Complex/Circle,Daylight,Clear,4:00pm-4:59pm,20,4:00pm-4:59pm,22,Not Applicable (Not Transported),Not Applicable (Not Transported),1,Daylight,Clear,1,0,['Driver'],['None_Used'],1,1,Valid,0.0,0.0,64.0,64.0,['Male'],1,0,3,4,3,Dry,Straight,Grade/Hillcrest,Lowest,No
23941,37,North Carolina,370349,0,2,2,0,2,NOT APPLICABLE,April,20,Thursday,21,58,Rural,High Speed (Arterial),Yes,35.47350833,-78.17889722,Complex/Circle,Dark - Not Lighted,Clear,9:00pm-9:59pm,54,10:00pm-10:59pm,2,Not Applicable (Not Transported),Not Applicable (Not Transported),1,Dark - Unlighted,Clear,1,1,['Driver'],['None_Used'],0,0,Valid,1.0,0.0,58.0,21.0,"['Male', 'Male']",0,0,5,4,5,Dry,Straight,Level,Lowest,No
23942,37,North Carolina,370350,0,1,1,0,1,NOT APPLICABLE,April,16,Sunday,17,47,Rural,Medium Speed (Collector),No,35.46426389,-79.09123889,Non-Intersection,Daylight,Clear,Unknown,Unknown,Unknown EMS Scene Arrival Hour,Unknown EMS Scene Arrival Minutes,Unknown,Unknown EMS Hospital Arrival Time,1,Daylight,Clear,1,0,['Driver'],['None_Used'],0,0,Invalid,0.0,0.0,44.0,44.0,['Female'],0,0,3,4,3,Dry,Straight,Level,Lowest,No
23943,37,North Carolina,370351,0,1,1,0,3,NOT APPLICABLE,April,15,Saturday,19,1,Rural,High Speed (Arterial),Yes,35.294775,-77.80398611,Non-Intersection,Daylight,Clear,Unknown,Unknown,Unknown EMS Scene Arrival Hour,Unknown EMS Scene Arrival Minutes,Unknown,Unknown EMS Hospital Arrival Time,1,Daylight,Clear,1,2,['Driver'],['None_Used'],0,0,Valid,0.0,0.0,33.0,33.0,['Female'],0,0,3,4,2,Dry,Straight,Level,Lowest,No
23944,37,North Carolina,370352,0,2,2,0,2,NOT APPLICABLE,April,12,Wednesday,14,48,Rural,High Speed (Arterial),Yes,35.13046111,-83.39613333,Simple Junction,Daylight,Clear,2:00pm-2:59pm,31,2:00pm-2:59pm,34,2:00pm-2:59pm,58,1,Daylight,Clear,1,1,['Driver'],['None_Used'],0,0,Valid,1.0,0.0,57.0,37.0,"['Female', 'Male']",0,0,2,4,5,Dry,Straight,Level,Lowest,No
23945,37,North Carolina,370353,0,2,2,0,2,ROBERSONVILLE,April,5,Wednesday,12,30,Urban,Medium Speed (Collector),No,35.82562778,-77.25384722,Complex/Circle,Daylight,Clear,Unknown,Unknown,Unknown EMS Scene Arrival Hour,Unknown EMS Scene Arrival Minutes,Not Applicable (Not Transported),Not Applicable (Not Transported),1,Daylight,Clear,1,1,['Driver'],['Shoulder_Lapbelt'],0,0,Valid,2.0,0.0,73.0,68.0,"['Male', 'Male']",0,0,3,4,5,Dry,Straight,Level,Lowest,No
23946,37,North Carolina,370354,0,2,2,0,2,NOT APPLICABLE,April,5,Wednesday,14,55,Rural,High Speed (Arterial),Yes,35.58675556,-81.98268889,Non-Intersection,Daylight,Clear,2:00pm-2:59pm,52,3:00pm-3:59pm,1,Not Applicable (Not Transported),Not Applicable (Not Transported),1,Daylight,Clear,1,1,['Driver'],['Shoulder_Lapbelt'],0,0,Valid,1.0,1.0,58.0,52.0,"['Male', 'Male']",0,0,4,4,5,Dry,Straight,Grade/Hillcrest,Lowest,No
23947,37,North Carolina,370355,0,1,1,0,1,NOT APPLICABLE,April,29,Saturday,8,20,Rural,Low Speed (Local),No,35.70565833,-81.91844444,Non-Intersection,Daylight,Clear,8:00am-8:59am,16,8:00am-8:59am,21,Not Applicable (Not Transported),Not Applicable (Not Transported),1,Daylight,Clear,1,0,['Driver'],['None_Used'],0,0,Invalid,0.0,0.0,26.0,26.0,['Female'],1,0,2,4,3,Wet/Standing Water,Straight,Level,Lowest,Yes
23948,37,North Carolina,370356,0,2,2,0,4,CHARLOTTE,April,4,Tuesday,21,39,Urban,Medium Speed (Collector),No,35.109475,-80.85837778,Non-Intersection,Dark - Lighted,Clear,9:00pm-9:59pm,39,9:00pm-9:59pm,45,10:00pm-10:59pm,23,2,Dark - Lighted,Clear,2,2,"['Driver', 'Front_Passenger']","['Shoulder_Lapbelt', 'Shoulder_Lapbelt']",1,1,Valid,1.0,0.0,36.0,22.0,"['Female', 'Female']",1,0,3,4,5,Dry,Straight,Level,Lowest,No
23949,37,North Carolina,370357,0,2,2,0,2,CHARLOTTE,April,20,Thursday,3,56,Urban,High Speed (Arterial),Yes,35.28754722,-80.76037778,Simple Junction,Dark - Lighted,Clear,3:00am-3:59am,56,4:00am-4:59am,7,4:00am-4:59am,27,1,Dark - Lighted,Clear,1,1,['Driver'],['None_Used'],0,0,Invalid,1.0,0.0,36.0,29.0,"['Male', 'Male']",0,0,5,4,5,Dry,Straight,Level,Lowest,Yes
23950,37,North Carolina,370358,0,1,1,0,1,CHARLOTTE,April,20,Thursday,22,13,Urban,High Speed (Arterial),No,35.25811944,-80.77735556,Non-Intersection,Dark - Lighted,Clear,10:00pm-10:59pm,12,10:00pm-10:59pm,19,Not Applicable (Not Transported),Not Applicable (Not Transported),1,Dark - Lighted,Clear,1,0,['Driver'],['None_Used'],1,1,Invalid,0.0,0.0,34.0,34.0,['Male'],0,0,3,4,3,Dry,Straight,Level,Lowest,No
23951,37,North Carolina,370359,0,2,2,0,2,CHARLOTTE,April,21,Friday,1,59,Urban,High Speed (Arterial),Yes,35.36849722,-80.775575,Non-Intersection,Dark - Not Lighted,Clear,1:00am-1:59am,55,2:00am-2:59am,9,2:00am-2:59am,46,1,Dark - Unlighted,Clear,1,1,['Driver'],['Shoulder_Lapbelt'],1,1,Valid,0.0,0.0,26.0,19.0,"['Female', 'Male']",1,0,3,4,5,Dry,Straight,Level,Lowest,No
23952,37,North Carolina,370360,0,2,2,0,3,NOT APPLICABLE,April,24,Monday,13,23,Rural,Medium Speed (Collector),No,35.97007778,-82.13765,Non-Intersection,Daylight,Clear,Unknown,Unknown,Unknown EMS Scene Arrival Hour,Unknown EMS Scene Arrival Minutes,Unknown,Unknown EMS Hospital Arrival Time,1,Daylight,Clear,1,2,['Front_Passenger'],['Shoulder_Lapbelt'],0,0,Invalid,0.0,1.0,28.0,18.0,"['Female', 'Male']",0,0,3,4,5,Dry,Straight,Grade/Hillcrest,Lowest,No
23953,37,North Carolina,370361,1,1,1,0,1,NOT APPLICABLE,April,13,Thursday,0,9,Rural,Medium Speed (Collector),No,35.35733889,-79.80494444,Non-Intersection,Dark - Not Lighted,Clear,Unknown,Unknown,Unknown EMS Scene Arrival Hour,Unknown EMS Scene Arrival Minutes,Not Applicable (Not Transported),Not Applicable (Not Transported),1,Dark - Unlighted,Clear,0,1,[],[],0,0,Valid,1.0,0.0,47.0,47.0,['Male'],0,0,3,4,4,Dry,Straight,Grade/Hillcrest,Lowest,No
23954,37,North Carolina,370362,0,1,1,0,1,NOT APPLICABLE,April,27,Thursday,21,3,Rural,Medium Speed (Collector),No,35.14692778,-79.37232222,Non-Intersection,Dark - Not Lighted,Cloudy,8:00pm-8:59pm,56,9:00pm-9:59pm,5,Not Applicable (Not Transported),Not Applicable (Not Transported),1,Dark - Unlighted,Reduced Visibility,1,0,['Driver'],['Shoulder_Lapbelt'],0,0,Valid,0.0,0.0,46.0,46.0,['Female'],1,0,3,4,3,Wet/Standing Water,Curve,Level,Lowest,No
23955,37,North Carolina,370363,0,1,1,0,1,NOT APPLICABLE,April,25,Tuesday,16,47,Rural,Medium Speed (Collector),No,34.7284,-77.16173056,Non-Intersection,Daylight,Clear,5:00pm-5:59pm,35,5:00pm-5:59pm,50,6:00pm-6:59pm,22,1,Daylight,Clear,1,0,['Driver'],['Shoulder_Lapbelt'],0,0,Valid,0.0,0.0,42.0,42.0,['Male'],0,0,3,4,3,Dry,Straight,Level,Lowest,No
23956,37,North Carolina,370364,0,1,1,0,1,NOT APPLICABLE,April,6,Thursday,23,30,Rural,Low Speed (Local),No,35.51994167,-77.33284444,Non-Intersection,Dark - Not Lighted,Clear,Unknown,Unknown,Unknown EMS Scene Arrival Hour,Unknown EMS Scene Arrival Minutes,Not Applicable (Not Transported),Not Applicable (Not Transported),1,Dark - Unlighted,Clear,1,0,['Driver'],['None_Used'],1,1,Valid,0.0,0.0,32.0,32.0,['Male'],1,0,5,4,3,Dry,Curve,Level,Lowest,No
23957,37,North Carolina,370365,0,3,3,0,4,NOT APPLICABLE,April,17,Monday,11,59,Rural,High Speed (Arterial),Yes,35.622475,-77.32902222,Non-Intersection,Daylight,Clear,12:00pm-12:59pm,1,12:00pm-12:59pm,9,12:00pm-12:59pm,27,1,Daylight,Clear,1,3,['Front_Passenger'],['Shoulder_Lapbelt'],1,1,Valid,0.0,0.0,78.0,18.0,"['Male', 'Female', 'Male']",2,0,3,4,5,Dry,Straight,Level,Lowest,No
23958,37,North Carolina,370366,0,1,1,0,1,NOT APPLICABLE,April,20,Thursday,12,31,Rural,Medium Speed (Collector),No,35.58388333,-77.27928333,Non-Intersection,Daylight,Clear,12:00pm-12:59pm,26,12:00pm-12:59pm,32,1:00pm-1:59pm,35,1,Daylight,Clear,1,0,['Driver'],['Shoulder_Lapbelt'],0,0,Valid,0.0,0.0,76.0,76.0,['Female'],0,0,3,4,2,Dry,Straight,Level,Lowest,No
23959,37,North Carolina,370367,0,1,1,0,1,NOT APPLICABLE,April,21,Friday,6,25,Rural,Medium Speed (Collector),No,35.47020556,-77.36343889,Non-Intersection,Daylight,Clear,6:00am-6:59am,22,6:00am-6:59am,31,Not Applicable (Not Transported),Not Applicable (Not Transported),1,Daylight,Clear,1,0,['Driver'],['None_Used'],0,0,Invalid,0.0,0.0,43.0,43.0,['Male'],1,0,3,4,3,Dry,Straight,Level,Lowest,No
23960,37,North Carolina,370368,0,2,2,0,2,ARCHDALE,April,2,Sunday,1,16,Urban,High Speed (Arterial),Yes,35.89801111,-79.96387222,Non-Intersection,Dark - Not Lighted,Clear,Unknown,Unknown,Unknown EMS Scene Arrival Hour,Unknown EMS Scene Arrival Minutes,Not Applicable (Not Transported),Not Applicable (Not Transported),1,Dark - Unlighted,Clear,1,1,['Driver'],['None_Used'],1,1,Valid,0.0,0.0,45.0,39.0,"['Male', 'Male']",0,0,3,4,5,Dry,Straight,Level,Lowest,No
23961,37,North Carolina,370369,0,1,1,0,1,NOT APPLICABLE,April,4,Tuesday,15,25,Rural,Medium Speed (Collector),No,34.65679444,-79.24348056,Simple Junction,Daylight,Clear,3:00pm-3:59pm,25,3:00pm-3:59pm,34,4:00pm-4:59pm,34,1,Daylight,Clear,1,0,['Driver'],['None_Used'],0,0,Invalid,0.0,0.0,23.0,23.0,['Female'],1,0,2,4,3,Dry,Straight,Level,Lowest,No
23962,37,North Carolina,370370,0,1,1,0,1,NOT APPLICABLE,April,11,Tuesday,16,39,Rural,Medium Speed (Collector),No,34.78259444,-79.31887778,Non-Intersection,Daylight,Clear,4:00pm-4:59pm,27,4:00pm-4:59pm,39,6:00pm-6:59pm,13,1,Daylight,Clear,1,0,['Driver'],['None_Used'],0,0,Invalid,0.0,0.0,44.0,44.0,['Male'],1,0,5,4,3,Dry,Curve,Level,Lowest,No
23963,37,North Carolina,370371,0,2,2,0,4,NOT APPLICABLE,April,9,Sunday,19,15,Rural,Medium Speed (Collector),No,34.76886389,-78.91702222,Complex/Circle,Daylight,Clear,7:00pm-7:59pm,16,7:00pm-7:59pm,33,8:00pm-8:59pm,31,1,Daylight,Clear,1,3,['Front_Passenger'],['Shoulder_Lapbelt'],0,0,Valid,0.0,0.0,75.0,15.0,"['Female', 'Male']",0,0,3,4,5,Dry,Straight,Level,Lowest,No
23964,37,North Carolina,370372,1,1,1,0,1,NOT APPLICABLE,April,15,Saturday,3,24,Rural,High Speed (Arterial),Yes,34.61931111,-79.21501667,Non-Intersection,Dark - Not Lighted,"Fog, Smog, Smoke",Unknown,Unknown,Unknown EMS Scene Arrival Hour,Unknown EMS Scene Arrival Minutes,Not Applicable (Not Transported),Not Applicable (Not Transported),1,Dark - Unlighted,Reduced Visibility,0,0,[],[],0,0,Invalid,0.0,0.0,999.0,999.0,['Other'],0,0,1,0,4,Dry,Straight,Level,Lowest,No
23965,37,North Carolina,370373,0,1,1,0,2,NOT APPLICABLE,April,6,Thursday,14,3,Rural,Low Speed (Local),No,36.32535,-79.91096944,Non-Intersection,Daylight,Clear,2:00pm-2:59pm,1,2:00pm-2:59pm,13,Unknown,Unknown EMS Hospital Arrival Time,1,Daylight,Clear,1,1,['Front_Passenger'],['Shoulder_Lapbelt'],0,0,Invalid,0.0,0.0,50.0,50.0,['Male'],2,0,2,4,3,Dry,Curve,Level,Lowest,No
23966,37,North Carolina,370374,1,1,1,0,1,KANNAPOLIS,April,1,Saturday,1,13,Urban,Medium Speed (Collector),No,35.51774722,-80.61409444,Simple Junction,Dark - Lighted,Clear,1:00am-1:59am,12,1:00am-1:59am,20,Not Applicable (Not Transported),Not Applicable (Not Transported),1,Dark - Lighted,Clear,0,1,[],[],0,0,Invalid,0.0,0.0,998.0,998.0,['Other'],0,0,1,1,4,Dry,Straight,Level,Lowest,No
23967,37,North Carolina,370375,0,1,1,0,3,NOT APPLICABLE,April,30,Sunday,23,45,Rural,Medium Speed (Collector),No,34.96723333,-78.28273611,Non-Intersection,Dark - Not Lighted,Clear,Unknown,Unknown,Unknown EMS Scene Arrival Hour,Unknown EMS Scene Arrival Minutes,Unknown,Unknown EMS Hospital Arrival Time,2,Dark - Unlighted,Clear,2,1,"['Driver', 'Rear_Seat']","['Shoulder_Lapbelt', 'None_Used']",1,1,Invalid,0.0,0.0,21.0,21.0,['Male'],3,0,2,1,3,Dry,Curve,Level,Lowest,No
23968,37,North Carolina,370376,0,4,4,0,4,NOT APPLICABLE,April,11,Tuesday,21,44,Rural,Medium Speed (Collector),No,35.58124444,-80.730925,Non-Intersection,Dark - Not Lighted,Clear,Unknown,Unknown,Unknown EMS Scene Arrival Hour,Unknown EMS Scene Arrival Minutes,Unknown,Unknown EMS Hospital Arrival Time,1,Dark - Unlighted,Clear,1,3,['Driver'],['None_Used'],1,1,Valid,1.0,1.0,44.0,29.0,"['Male', 'Male', 'Male', 'Male']",0,0,4,4,5,Dry,Straight,Level,Lowest,No