,State_Code,State_Name,Crash_ID,Count_Non_Motorists,Count_Vehicles_Total,Count_Vehicle_Forms,Count_PVH_Involved,Count_Occupants_MV,City_Name,Month_Name,Day_of_Month,Day_of_Week,Crash_Hour,Crash_Minute,Area_Rural_Urban,Road_Functional_Class,On_NHS_Road,Latitude,Longitude,Intersection_Type,Light_Condition,Weather_Condition,Notif_Hour,Notif_Minute,Arrival_Hour,Arrival_Minute,Hospital_Hour,Hospital_Minute,Fatalities_Count,Clean_Light_Condition,Clean_Weather_Condition,Total_Killed,Total_Alive,Fatal_Seats_List,Killed_Restraint_List,Any_Driver_Drinking,Total_Drinking_Drivers,Driver_License_Category,Driver_Max_Prev_Accident_Count,Driver_Max_Prev_Speeding_Count,Max_Driver_Age,Min_Driver_Age,Driver_Sex_List,Total_Exceeding_Limit_Vehicles,Total_Too_Fast_Vehicles,Max_Vehicle_Type_Severity_5,Max_Vehicle_Damage_Rank,Max_Harmful_Event_Severity,Crash_Road_Surface_Condition,Crash_Horizontal_Alignment,Crash_Vertical_Profile,Crash_Impairment_Category,Crash_Vehicle_Defect
23969,37,North Carolina,370377,0,1,1,0,1,NOT APPLICABLE,April,16,Sunday,6,43,Rural,Medium Speed (Collector),No,35.39669722,-80.25502222,Non-Intersection,Dark - Not Lighted,Clear,6:00am-6:59am,50,7:00am-7:59am,0,Not Applicable (Not Transported),Not Applicable (Not Transported),1,Dark - Unlighted,Clear,1,0,['Driver'],['None_Used'],0,0,Valid,1.0,1.0,22.0,22.0,['Male'],1,0,3,4,3,Dry,Straight,Grade/Hillcrest,Lowest,No
23970,37,North Carolina,370378,0,1,1,0,1,NOT APPLICABLE,April,26,Wednesday,16,13,Rural,Medium Speed (Collector),No,36.34903889,-80.221175,Non-Intersection,Daylight,Clear,Unknown,Unknown,Unknown EMS Scene Arrival Hour,Unknown EMS Scene Arrival Minutes,Not Applicable (Not Transported),Not Applicable (Not Transported),1,Daylight,Clear,1,0,['Driver'],['Shoulder_Lapbelt'],0,0,Valid,0.0,0.0,18.0,18.0,['Male'],1,0,2,4,3,Dry,Curve,Level,Lowest,No
23971,37,North Carolina,370379,1,1,1,0,1,MOUNT AIRY,April,13,Thursday,21,4,Urban,High Speed (Arterial),Yes,36.49536389,-80.62195833,Complex/Circle,Dark - Not Lighted,Clear,9:00pm-9:59pm,1,9:00pm-9:59pm,8,Not Applicable (Not Transported),Not Applicable (Not Transported),1,Dark - Unlighted,Clear,0,1,[],[],0,0,Valid,0.0,0.0,25.0,25.0,['Male'],0,0,3,1,4,Dry,Straight,Level,Lowest,No
23972,37,North Carolina,370380,0,1,1,0,4,NOT APPLICABLE,April,3,Monday,0,58,Rural,High Speed (Arterial),Yes,34.98715833,-80.32483611,Non-Intersection,Dark - Not Lighted,Clear,Unknown,Unknown,Unknown EMS Scene Arrival Hour,Unknown EMS Scene Arrival Minutes,Unknown,Unknown EMS Hospital Arrival Time,1,Dark - Unlighted,Clear,1,3,['Front_Passenger'],['None_Used'],0,0,Invalid,0.0,0.0,31.0,31.0,['Male'],0,0,3,4,2,Dry,Straight,Level,Lowest,No
23973,37,North Carolina,370381,0,1,1,0,1,Other,April,9,Sunday,0,26,Urban,Medium Speed (Collector),No,35.13902222,-80.52276389,Non-Intersection,Dark - Not Lighted,Rain,Unknown,Unknown,Unknown EMS Scene Arrival Hour,Unknown EMS Scene Arrival Minutes,Not Applicable (Not Transported),Not Applicable (Not Transported),1,Dark - Unlighted,Rain/Wind/Minor,1,0,['Driver'],['None_Used'],1,1,Valid,3.0,1.0,42.0,42.0,['Male'],1,0,2,4,3,Wet/Standing Water,Straight,Grade/Hillcrest,Lowest,No
23974,37,North Carolina,370382,0,2,2,0,2,INDIAN TRAIL,April,21,Friday,22,6,Urban,Low Speed (Local),No,35.07592778,-80.642275,Non-Intersection,Dark - Not Lighted,Clear,Unknown,Unknown,Unknown EMS Scene Arrival Hour,Unknown EMS Scene Arrival Minutes,Unknown,Unknown EMS Hospital Arrival Time,1,Dark - Unlighted,Clear,1,1,['Driver'],['Shoulder_Lapbelt'],1,1,Invalid,1.0,1.0,52.0,21.0,"['Male', 'Male']",1,0,2,4,5,Dry,Straight,Level,Lowest,No
23975,37,North Carolina,370383,0,2,2,0,2,RALEIGH,April,3,Monday,17,1,Urban,Medium Speed (Collector),No,35.75878056,-78.61291944,Non-Intersection,Daylight,Cloudy,Unknown,Unknown,Unknown EMS Scene Arrival Hour,Unknown EMS Scene Arrival Minutes,Unknown,Unknown EMS Hospital Arrival Time,1,Daylight,Reduced Visibility,1,1,['Driver'],['Shoulder_Lapbelt'],1,1,Invalid,0.0,2.0,32.0,30.0,"['Male', 'Male']",1,0,3,4,5,Dry,Straight,Level,Lowest,No
23976,37,North Carolina,370384,0,2,2,0,2,HOLLY SPRINGS,April,12,Wednesday,21,0,Urban,Medium Speed (Collector),No,35.62943889,-78.8663,Non-Intersection,Dark - Not Lighted,Clear,Unknown,Unknown,Unknown EMS Scene Arrival Hour,Unknown EMS Scene Arrival Minutes,Unknown,Unknown EMS Hospital Arrival Time,1,Dark - Unlighted,Clear,1,1,['Driver'],['None_Used'],0,0,Valid,0.0,0.0,24.0,22.0,"['Male', 'Male']",2,0,5,4,3,Dry,Straight,Level,Lowest,No
23977,37,North Carolina,370385,0,2,2,0,3,RALEIGH,April,7,Friday,2,21,Urban,Medium Speed (Collector),No,35.76114167,-78.66406111,Non-Intersection,Dark - Lighted,Cloudy,Unknown,Unknown,Unknown EMS Scene Arrival Hour,Unknown EMS Scene Arrival Minutes,Not Applicable (Not Transported),Not Applicable (Not Transported),1,Dark - Lighted,Reduced Visibility,1,2,['Driver'],['None_Used'],1,2,Invalid,0.0,1.0,25.0,24.0,"['Female', 'Female']",3,0,2,4,5,Dry,Curve,Level,Lowest,No
23978,37,North Carolina,370386,0,1,1,0,1,RALEIGH,April,11,Tuesday,22,55,Rural,High Speed (Arterial),Yes,35.82030833,-78.61024722,Non-Intersection,Dark - Not Lighted,Clear,Unknown,Unknown,Unknown EMS Scene Arrival Hour,Unknown EMS Scene Arrival Minutes,Unknown,Unknown EMS Hospital Arrival Time,1,Dark - Unlighted,Clear,1,0,['Driver'],['None_Used'],0,0,Valid,0.0,0.0,30.0,30.0,['Male'],1,0,5,4,2,Dry,Curve,Level,Lowest,No
23979,37,North Carolina,370387,1,1,1,0,1,NOT APPLICABLE,April,24,Monday,19,27,Rural,High Speed (Arterial),Yes,36.22085833,-81.68891111,Non-Intersection,Daylight,Clear,7:00pm-7:59pm,23,7:00pm-7:59pm,25,Not Applicable (Not Transported),Not Applicable (Not Transported),1,Daylight,Clear,0,1,[],[],0,0,Valid,0.0,0.0,71.0,71.0,['Female'],0,0,3,4,4,Dry,Curve,Level,Lowest,No
23980,37,North Carolina,370388,0,2,2,0,4,NOT APPLICABLE,April,12,Wednesday,22,33,Rural,Low Speed (Local),No,35.31883333,-77.93890556,Complex/Circle,Dark - Not Lighted,Clear,10:00pm-10:59pm,25,10:00pm-10:59pm,37,10:00pm-10:59pm,59,1,Dark - Unlighted,Clear,1,3,['Driver'],['Shoulder_Lapbelt'],1,1,Invalid,1.0,0.0,38.0,24.0,"['Male', 'Male']",0,0,3,4,5,Dry,Straight,Level,Lowest,No
23981,37,North Carolina,370389,0,1,1,0,2,NOT APPLICABLE,April,9,Sunday,18,51,Rural,High Speed (Arterial),Yes,36.11304444,-80.56559444,Non-Intersection,Daylight,Clear,Unknown,Unknown,Unknown EMS Scene Arrival Hour,Unknown EMS Scene Arrival Minutes,Not Applicable (Not Transported),Not Applicable (Not Transported),1,Daylight,Clear,1,1,['Front_Passenger'],['None_Used'],0,0,Invalid,3.0,0.0,58.0,58.0,['Female'],0,0,3,4,3,Dry,Straight,Level,Lowest,No
23982,37,North Carolina,370390,0,2,2,0,8,ROCKINGHAM,April,28,Friday,17,32,Urban,High Speed (Arterial),Yes,34.94069444,-79.77766944,Complex/Circle,Daylight,Clear,Unknown,Unknown,Unknown EMS Scene Arrival Hour,Unknown EMS Scene Arrival Minutes,Unknown,Unknown EMS Hospital Arrival Time,1,Daylight,Clear,1,7,['Driver'],['Shoulder_Lapbelt'],0,0,Invalid,0.0,1.0,36.0,27.0,"['Male', 'Male']",0,0,3,4,5,Dry,Straight,Level,Lowest,No
23983,37,North Carolina,370391,0,1,1,0,1,NOT APPLICABLE,April,30,Sunday,7,50,Rural,Low Speed (Local),No,35.02251111,-80.07219167,Non-Intersection,Dark - Not Lighted,Cloudy,7:00am-7:59am,48,7:00am-7:59am,58,Not Applicable (Not Transported),Not Applicable (Not Transported),1,Dark - Unlighted,Reduced Visibility,1,0,['Driver'],['None_Used'],1,1,Valid,0.0,0.0,18.0,18.0,['Male'],1,0,2,4,3,Wet/Standing Water,Curve,Grade/Hillcrest,Lowest,No
23984,37,North Carolina,370394,1,1,1,0,2,NOT APPLICABLE,April,28,Friday,23,28,Rural,High Speed (Arterial),Yes,34.94491111,-78.06541667,Non-Intersection,Dark - Lighted,Clear,Unknown,Unknown,Unknown EMS Scene Arrival Hour,Unknown EMS Scene Arrival Minutes,Not Applicable (Not Transported),Not Applicable (Not Transported),1,Dark - Lighted,Clear,0,2,[],[],0,0,Valid,1.0,0.0,40.0,40.0,['Female'],0,0,3,4,4,Dry,Straight,Level,Lowest,No
23985,37,North Carolina,370395,0,2,2,0,5,WINSTON SALEM,April,16,Sunday,3,4,Urban,High Speed (Arterial),Yes,36.098075,-80.23583056,Non-Intersection,Dark - Not Lighted,Clear,Unknown,Unknown,Unknown EMS Scene Arrival Hour,Unknown EMS Scene Arrival Minutes,Unknown,Unknown EMS Hospital Arrival Time,4,Dark - Unlighted,Clear,4,1,"['Driver', 'Front_Passenger', 'Rear_Seat', 'Rear_Seat']","['Shoulder_Lapbelt', 'Shoulder_Lapbelt', 'Shoulder_Lapbelt', 'Shoulder_Lapbelt']",1,2,Invalid,0.0,0.0,60.0,51.0,"['Male', 'Female']",4,0,2,4,5,Dry,Curve,Level,Lowest,No
23986,37,North Carolina,370396,0,2,2,0,4,NOT APPLICABLE,April,22,Saturday,15,16,Rural,Medium Speed (Collector),No,35.64525,-78.53911111,Non-Intersection,Daylight,Rain,Unknown,Unknown,Unknown EMS Scene Arrival Hour,Unknown EMS Scene Arrival Minutes,Unknown,Unknown EMS Hospital Arrival Time,1,Daylight,Rain/Wind/Minor,1,3,['Driver'],['Shoulder_Lapbelt'],0,0,Valid,0.0,0.0,24.0,17.0,"['Female', 'Female']",1,0,2,4,5,Wet/Standing Water,Straight,Level,Lowest,Yes
23987,37,North Carolina,370397,0,2,2,0,5,SMITHFIELD,April,25,Tuesday,16,52,Urban,Low Speed (Local),No,35.53887222,-78.35522778,Non-Intersection,Daylight,Clear,Unknown,Unknown,Unknown EMS Scene Arrival Hour,Unknown EMS Scene Arrival Minutes,Not Applicable (Not Transported),Not Applicable (Not Transported),1,Daylight,Clear,1,4,['Driver'],['None_Used'],0,0,Valid,1.0,0.0,40.0,35.0,"['Male', 'Male']",1,0,5,4,5,Dry,Curve,Level,Lowest,No
23988,37,North Carolina,370398,0,2,2,0,6,NOT APPLICABLE,April,14,Friday,15,41,Rural,Medium Speed (Collector),No,35.32645,-78.5201,Complex/Circle,Daylight,Clear,Unknown,Unknown,Unknown EMS Scene Arrival Hour,Unknown EMS Scene Arrival Minutes,Unknown,Unknown EMS Hospital Arrival Time,2,Daylight,Clear,2,4,"['Rear_Seat', 'Rear_Seat']","['None_Used', 'None_Used']",0,0,Valid,0.0,0.0,30.0,28.0,"['Male', 'Female']",0,0,4,4,5,Dry,Straight,Level,Lowest,No
23989,37,North Carolina,370399,0,2,2,0,2,NOT APPLICABLE,March,10,Friday,13,42,Rural,Medium Speed (Collector),No,35.68453056,-78.5405,Simple Junction,Daylight,Rain,1:00pm-1:59pm,42,1:00pm-1:59pm,57,2:00pm-2:59pm,19,1,Daylight,Rain/Wind/Minor,1,1,['Driver'],['Shoulder_Lapbelt'],0,0,Valid,0.0,0.0,80.0,39.0,"['Female', 'Male']",1,0,3,4,5,Wet/Standing Water,Straight,Level,Lowest,No
23990,37,North Carolina,370400,0,3,3,0,3,NOT APPLICABLE,April,26,Wednesday,13,42,Rural,High Speed (Arterial),Yes,34.71084167,-79.51818056,Simple Junction,Daylight,Cloudy,Unknown,Unknown,Unknown EMS Scene Arrival Hour,Unknown EMS Scene Arrival Minutes,Unknown,Unknown EMS Hospital Arrival Time,1,Daylight,Reduced Visibility,1,2,['Driver'],['Shoulder_Lapbelt'],0,0,Valid,0.0,0.0,35.0,25.0,"['Male', 'Male', 'Female']",0,0,4,4,5,Dry,Straight,Level,Lowest,No
23991,37,North Carolina,370401,0,2,2,0,2,NOT APPLICABLE,March,23,Thursday,18,24,Rural,Low Speed (Local),No,35.69643889,-78.72613889,Simple Junction,Daylight,Clear,6:00pm-6:59pm,22,6:00pm-6:59pm,34,Not Applicable (Not Transported),Not Applicable (Not Transported),1,Daylight,Clear,1,1,['Driver'],['None_Used'],0,0,Valid,0.0,0.0,43.0,28.0,"['Male', 'Male']",0,0,5,4,5,Dry,Straight,Level,Lowest,No
23992,37,North Carolina,370402,0,1,1,0,2,NOT APPLICABLE,March,12,Sunday,22,44,Rural,Low Speed (Local),No,35.20301111,-77.91307778,Non-Intersection,Dark - Not Lighted,Rain,10:00pm-10:59pm,41,11:00pm-11:59pm,23,Not Applicable (Not Transported),Not Applicable (Not Transported),1,Dark - Unlighted,Rain/Wind/Minor,1,1,['Front_Passenger'],['None_Used'],1,1,Invalid,0.0,0.0,19.0,19.0,['Male'],2,0,3,4,3,Wet/Standing Water,Straight,Level,Lowest,No
23993,37,North Carolina,370403,0,1,1,0,1,NOT APPLICABLE,May,6,Saturday,2,46,Rural,Medium Speed (Collector),No,34.07503611,-78.09606111,Non-Intersection,Dark - Not Lighted,Clear,Unknown,Unknown,Unknown EMS Scene Arrival Hour,Unknown EMS Scene Arrival Minutes,Not Applicable (Not Transported),Not Applicable (Not Transported),1,Dark - Unlighted,Clear,1,0,['Driver'],['Shoulder_Lapbelt'],1,1,Valid,0.0,0.0,41.0,41.0,['Female'],1,0,3,4,3,Dry,Straight,Level,Lowest,No
23994,37,North Carolina,370404,0,2,2,0,2,NOT APPLICABLE,May,8,Monday,11,3,Rural,Medium Speed (Collector),No,35.539975,-82.40538611,Simple Junction,Daylight,Clear,Unknown,Unknown,Unknown EMS Scene Arrival Hour,Unknown EMS Scene Arrival Minutes,Not Applicable (Not Transported),Not Applicable (Not Transported),1,Daylight,Clear,1,1,['Driver'],['None_Used'],0,0,Valid,1.0,0.0,41.0,31.0,"['Female', 'Male']",0,0,5,4,5,Dry,Straight,Level,Lowest,No
23995,37,North Carolina,370405,0,1,1,0,2,NOT APPLICABLE,May,5,Friday,23,33,Rural,Medium Speed (Collector),No,35.56996389,-81.50873611,Non-Intersection,Dark - Not Lighted,Clear,11:00pm-11:59pm,32,11:00pm-11:59pm,44,Not Applicable (Not Transported),Not Applicable (Not Transported),1,Dark - Unlighted,Clear,1,1,['Driver'],['None_Used'],0,0,Invalid,1.0,0.0,29.0,29.0,['Male'],2,0,2,4,3,Dry,Curve,Grade/Hillcrest,Lowest,No
23996,37,North Carolina,370406,0,2,2,0,2,NOT APPLICABLE,May,3,Wednesday,18,26,Rural,Medium Speed (Collector),No,35.17194722,-77.12851111,Non-Intersection,Daylight,Clear,6:00pm-6:59pm,26,6:00pm-6:59pm,32,7:00pm-7:59pm,3,1,Daylight,Clear,1,1,['Driver'],['None_Used'],0,0,Valid,1.0,0.0,77.0,48.0,"['Female', 'Female']",0,0,2,4,5,Dry,Straight,Level,Lowest,No
23997,37,North Carolina,370407,0,1,1,0,2,WINSTON SALEM,May,2,Tuesday,13,8,Urban,Medium Speed (Collector),No,36.10043889,-80.22291111,Non-Intersection,Daylight,Clear,Unknown,Unknown,Unknown EMS Scene Arrival Hour,Unknown EMS Scene Arrival Minutes,Unknown,Unknown EMS Hospital Arrival Time,1,Daylight,Clear,1,1,['Front_Passenger'],['None_Used'],0,0,Valid,0.0,0.0,44.0,44.0,['Female'],0,0,2,4,3,Dry,Curve,Level,Lowest,No
23998,37,North Carolina,370408,0,2,2,0,2,NOT APPLICABLE,May,11,Thursday,4,20,Rural,Medium Speed (Collector),No,35.21040278,-81.0786,Non-Intersection,Dark - Not Lighted,Clear,4:00am-4:59am,15,4:00am-4:59am,25,5:00am-5:59am,3,1,Dark - Unlighted,Clear,1,1,['Driver'],['None_Used'],0,0,Invalid,1.0,0.0,54.0,51.0,"['Male', 'Male']",1,0,3,4,5,Dry,Curve,Level,Lowest,No
23999,37,North Carolina,370409,0,1,1,0,1,NOT APPLICABLE,May,10,Wednesday,18,33,Rural,Medium Speed (Collector),No,35.44071667,-83.80713611,Non-Intersection,Daylight,Clear,Unknown,Unknown,Unknown EMS Scene Arrival Hour,Unknown EMS Scene Arrival Minutes,Not Applicable (Not Transported),Not Applicable (Not Transported),1,Daylight,Clear,1,0,['Driver'],['None_Used'],0,0,Valid,0.0,0.0,62.0,62.0,['Male'],1,0,5,4,3,Dry,Curve,Grade/Hillcrest,Lowest,No
24000,37,North Carolina,370410,1,1,1,0,3,GREENSBORO,May,1,Monday,21,13,Urban,High Speed (Arterial),Yes,36.12460833,-79.74854167,Non-Intersection,Dark - Lighted,Clear,9:00pm-9:59pm,17,9:00pm-9:59pm,23,9:00pm-9:59pm,42,1,Dark - Lighted,Clear,0,3,[],[],0,0,Valid,0.0,0.0,28.0,28.0,['Male'],0,0,2,4,4,Dry,Straight,Level,Lowest,No
24001,37,North Carolina,370411,0,1,1,0,1,GREENSBORO,May,12,Friday,8,16,Urban,Medium Speed (Collector),No,36.09725556,-79.75386667,Non-Intersection,Daylight,Clear,8:00am-8:59am,16,8:00am-8:59am,20,Not Applicable (Not Transported),Not Applicable (Not Transported),1,Daylight,Clear,1,0,['Driver'],['Shoulder_Lapbelt'],0,0,Valid,0.0,0.0,70.0,70.0,['Female'],1,0,2,4,3,Dry,Straight,Level,Lowest,No
24002,37,North Carolina,370412,0,2,2,0,3,NOT APPLICABLE,May,1,Monday,18,3,Rural,Medium Speed (Collector),No,35.30089167,-79.16354722,Non-Intersection,Daylight,Clear,6:00pm-6:59pm,0,6:00pm-6:59pm,14,7:00pm-7:59pm,14,1,Daylight,Clear,1,2,['Driver'],['Shoulder_Only'],0,0,Valid,1.0,1.0,79.0,59.0,"['Female', 'Male']",0,0,3,4,5,Dry,Straight,Level,Lowest,No
24003,37,North Carolina,370413,1,1,1,0,1,RALEIGH,January,12,Thursday,2,16,Urban,High Speed (Arterial),Yes,35.75458889,-78.58076944,Non-Intersection,Dark - Not Lighted,Clear,2:00am-2:59am,45,2:00am-2:59am,49,Not Applicable (Not Transported),Not Applicable (Not Transported),1,Dark - Unlighted,Clear,0,1,[],[],0,0,Valid,0.0,0.0,29.0,29.0,['Male'],0,0,2,0,4,Dry,Straight,Level,Lowest,No
24004,37,North Carolina,370414,0,2,2,0,3,ASHEBORO,April,20,Thursday,14,23,Urban,High Speed (Arterial),Yes,35.69763889,-79.81509167,Simple Junction,Daylight,Clear,Unknown,Unknown,Unknown EMS Scene Arrival Hour,Unknown EMS Scene Arrival Minutes,Unknown,Unknown EMS Hospital Arrival Time,1,Daylight,Clear,1,2,['Driver'],['Shoulder_Lapbelt'],0,0,Valid,0.0,0.0,71.0,54.0,"['Male', 'Female']",0,0,3,4,5,Dry,Straight,Level,Lowest,No
24005,37,North Carolina,370415,0,2,2,0,2,LEXINGTON,April,21,Friday,6,34,Urban,High Speed (Arterial),Yes,35.80132778,-80.28886111,Complex/Circle,Dawn,Clear,6:00am-6:59am,35,6:00am-6:59am,42,Not Applicable (Not Transported),Not Applicable (Not Transported),1,Twilight,Clear,1,1,['Driver'],['None_Used'],0,0,Valid,0.0,0.0,55.0,41.0,"['Female', 'Female']",0,0,3,4,5,Dry,Straight,Level,Lowest,No
24006,37,North Carolina,370416,1,1,1,0,1,SALISBURY,April,30,Sunday,5,0,Urban,Medium Speed (Collector),No,35.64764444,-80.45827222,Non-Intersection,Dark - Lighted,Rain,Unknown,Unknown,Unknown EMS Scene Arrival Hour,Unknown EMS Scene Arrival Minutes,Unknown,Unknown EMS Hospital Arrival Time,1,Dark - Lighted,Rain/Wind/Minor,0,1,[],[],0,0,Valid,0.0,0.0,38.0,38.0,['Male'],0,0,2,2,4,Wet/Standing Water,Straight,Grade/Hillcrest,Lowest,No
24007,37,North Carolina,370417,0,1,1,0,1,MARSHVILLE,April,15,Saturday,12,13,Urban,Medium Speed (Collector),No,34.99110556,-80.37319167,Non-Intersection,Daylight,Clear,Unknown,Unknown,Unknown EMS Scene Arrival Hour,Unknown EMS Scene Arrival Minutes,Not Applicable (Not Transported),Not Applicable (Not Transported),1,Daylight,Clear,1,0,['Driver'],['None_Used'],0,0,Invalid,0.0,0.0,20.0,20.0,['Male'],1,0,5,4,3,Dry,Straight,Grade/Hillcrest,Lowest,No
24008,37,North Carolina,370418,0,2,2,0,3,MONROE,April,19,Wednesday,9,46,Urban,Medium Speed (Collector),No,34.99998056,-80.58388611,Non-Intersection,Daylight,Clear,Unknown,Unknown,Unknown EMS Scene Arrival Hour,Unknown EMS Scene Arrival Minutes,Unknown,Unknown EMS Hospital Arrival Time,1,Daylight,Clear,1,2,['Driver'],['None_Used'],0,0,Valid,2.0,0.0,80.0,33.0,"['Female', 'Female']",0,0,2,4,5,Dry,Curve,Grade/Hillcrest,Lowest,No
24009,37,North Carolina,370419,0,1,1,0,1,STATESVILLE,April,22,Saturday,20,22,Urban,Medium Speed (Collector),No,35.77941389,-80.89789167,Non-Intersection,Dark - Lighted,Clear,8:00pm-8:59pm,22,8:00pm-8:59pm,28,Not Applicable (Not Transported),Not Applicable (Not Transported),1,Dark - Lighted,Clear,1,0,['Driver'],['None_Used'],1,1,Valid,0.0,0.0,37.0,37.0,['Male'],1,0,5,4,2,Dry,Straight,Level,Lowest,No
24010,37,North Carolina,370420,0,2,2,0,2,MONROE,April,26,Wednesday,0,20,Urban,High Speed (Arterial),Yes,34.97692222,-80.50027222,Non-Intersection,Dark - Lighted,Clear,Unknown,Unknown,Unknown EMS Scene Arrival Hour,Unknown EMS Scene Arrival Minutes,Not Applicable (Not Transported),Not Applicable (Not Transported),1,Dark - Lighted,Clear,1,1,['Driver'],['Shoulder_Lapbelt'],1,1,Valid,0.0,0.0,57.0,21.0,"['Male', 'Male']",1,0,4,4,5,Dry,Straight,Level,Lowest,No
24011,37,North Carolina,370421,1,1,1,0,1,STATESVILLE,April,15,Saturday,6,7,Rural,High Speed (Arterial),Yes,35.79123056,-80.88002778,Non-Intersection,Dark - Lighted,"Fog, Smog, Smoke",6:00am-6:59am,8,6:00am-6:59am,16,Not Applicable (Not Transported),Not Applicable (Not Transported),1,Dark - Lighted,Reduced Visibility,0,1,[],[],0,0,Valid,0.0,0.0,67.0,67.0,['Female'],0,0,3,2,4,Wet/Standing Water,Straight,Level,Lowest,No
24012,37,North Carolina,370422,1,1,1,0,1,KERNERSVILLE,April,21,Friday,22,0,Urban,Medium Speed (Collector),No,36.12684444,-80.113175,Non-Intersection,Dark - Lighted,Clear,Unknown,Unknown,Unknown EMS Scene Arrival Hour,Unknown EMS Scene Arrival Minutes,Not Applicable (Not Transported),Not Applicable (Not Transported),1,Dark - Lighted,Clear,0,1,[],[],0,0,Valid,0.0,0.0,51.0,51.0,['Male'],0,0,3,4,4,Dry,Straight,Level,Lowest,Yes
24013,37,North Carolina,370423,0,1,1,0,1,DUCK,April,24,Monday,9,50,Urban,Medium Speed (Collector),No,36.21809722,-75.76941944,Non-Intersection,Daylight,Cloudy,9:00am-9:59am,55,10:00am-10:59am,9,Not Applicable (Not Transported),Not Applicable (Not Transported),1,Daylight,Reduced Visibility,1,0,['Driver'],['Shoulder_Lapbelt'],0,0,Valid,0.0,0.0,67.0,67.0,['Female'],1,0,2,4,2,Dry,Straight,Level,Lowest,No
24014,37,North Carolina,370424,1,1,1,0,1,DURHAM,April,26,Wednesday,11,29,Urban,High Speed (Arterial),Yes,35.96161944,-78.97708889,Complex/Circle,Daylight,Clear,Unknown,Unknown,Unknown EMS Scene Arrival Hour,Unknown EMS Scene Arrival Minutes,Unknown,Unknown EMS Hospital Arrival Time,1,Daylight,Clear,0,1,[],[],0,0,Valid,1.0,0.0,20.0,20.0,['Female'],1,0,2,3,4,Dry,Straight,Level,Lowest,No
24015,37,North Carolina,370425,0,1,1,0,1,NOT APPLICABLE,March,27,Monday,7,5,Rural,High Speed (Arterial),Yes,35.78880833,-78.43369167,Non-Intersection,Dark - Not Lighted,Cloudy,7:00am-7:59am,19,7:00am-7:59am,27,Not Applicable (Not Transported),Not Applicable (Not Transported),1,Dark - Unlighted,Reduced Visibility,1,0,['Driver'],['Shoulder_Lapbelt'],0,0,Valid,1.0,0.0,53.0,53.0,['Female'],0,0,2,4,3,Wet/Standing Water,Curve,Grade/Hillcrest,Lowest,No
24016,37,North Carolina,370426,0,2,2,0,2,GASTONIA,March,30,Thursday,15,0,Urban,High Speed (Arterial),Yes,35.25781111,-81.11602778,Simple Junction,Daylight,Clear,2:00pm-2:59pm,59,3:00pm-3:59pm,12,3:00pm-3:59pm,23,1,Daylight,Clear,1,1,['Driver'],['Shoulder_Lapbelt'],0,0,Valid,3.0,2.0,75.0,53.0,"['Male', 'Male']",0,0,3,4,5,Dry,Straight,Grade/Hillcrest,Lowest,No
24017,37,North Carolina,370427,1,1,1,0,1,MOREHEAD CITY,April,28,Friday,21,36,Urban,High Speed (Arterial),Yes,34.72625278,-76.76696944,Non-Intersection,Dark - Not Lighted,Clear,9:00pm-9:59pm,36,9:00pm-9:59pm,38,9:00pm-9:59pm,46,1,Dark - Unlighted,Clear,0,1,[],[],0,0,Valid,0.0,0.0,17.0,17.0,['Male'],0,0,3,2,4,Dry,Straight,Level,Lowest,No
24018,37,North Carolina,370428,0,1,1,0,1,MATTHEWS,May,12,Friday,10,39,Urban,Low Speed (Local),No,35.14701667,-80.71491944,Non-Intersection,Daylight,Clear,10:00am-10:59am,41,10:00am-10:59am,45,Not Applicable (Not Transported),Not Applicable (Not Transported),1,Daylight,Clear,1,0,['Driver'],['Shoulder_Lapbelt'],0,0,Valid,0.0,0.0,65.0,65.0,['Female'],0,0,2,3,3,Dry,Curve,Level,Lowest,No
24019,37,North Carolina,370429,0,1,1,0,1,NOT APPLICABLE,March,13,Monday,15,23,Rural,Low Speed (Local),No,36.51666111,-78.04602778,Non-Intersection,Daylight,Clear,3:00pm-3:59pm,24,3:00pm-3:59pm,35,4:00pm-4:59pm,24,1,Daylight,Clear,1,0,['Driver'],['Shoulder_Lapbelt'],0,0,Valid,0.0,0.0,90.0,90.0,['Female'],0,0,2,4,3,Dry,Straight,Level,Lowest,No
24020,37,North Carolina,370430,0,1,1,0,1,GREENVILLE,May,11,Thursday,21,46,Urban,Medium Speed (Collector),No,35.57486389,-77.32670278,Non-Intersection,Dark - Not Lighted,Clear,Unknown,Unknown,Unknown EMS Scene Arrival Hour,Unknown EMS Scene Arrival Minutes,Not Applicable (Not Transported),Not Applicable (Not Transported),1,Dark - Unlighted,Clear,1,0,['Driver'],['Shoulder_Lapbelt'],0,0,Valid,0.0,0.0,18.0,18.0,['Male'],1,0,2,4,3,Dry,Curve,Level,Lowest,No