,State_Code,State_Name,Crash_ID,Count_Non_Motorists,Count_Vehicles_Total,Count_Vehicle_Forms,Count_PVH_Involved,Count_Occupants_MV,City_Name,Month_Name,Day_of_Month,Day_of_Week,Crash_Hour,Crash_Minute,Area_Rural_Urban,Road_Functional_Class,On_NHS_Road,Latitude,Longitude,Intersection_Type,Light_Condition,Weather_Condition,Notif_Hour,Notif_Minute,Arrival_Hour,Arrival_Minute,Hospital_Hour,Hospital_Minute,Fatalities_Count,Clean_Light_Condition,Clean_Weather_Condition,Total_Killed,Total_Alive,Fatal_Seats_List,Killed_Restraint_List,Any_Driver_Drinking,Total_Drinking_Drivers,Driver_License_Category,Driver_Max_Prev_Accident_Count,Driver_Max_Prev_Speeding_Count,Max_Driver_Age,Min_Driver_Age,Driver_Sex_List,Total_Exceeding_Limit_Vehicles,Total_Too_Fast_Vehicles,Max_Vehicle_Type_Severity_5,Max_Vehicle_Damage_Rank,Max_Harmful_Event_Severity,Crash_Road_Surface_Condition,Crash_Horizontal_Alignment,Crash_Vertical_Profile,Crash_Impairment_Category,Crash_Vehicle_Defect
24021,37,North Carolina,370431,0,2,2,0,2,NOT APPLICABLE,April,20,Thursday,5,49,Rural,Medium Speed (Collector),No,35.70279722,-79.17286389,Non-Intersection,Dark - Not Lighted,Clear,Unknown,Unknown,Unknown EMS Scene Arrival Hour,Unknown EMS Scene Arrival Minutes,Unknown,Unknown EMS Hospital Arrival Time,1,Dark - Unlighted,Clear,1,1,['Driver'],['Shoulder_Lapbelt'],0,0,Valid,0.0,0.0,49.0,23.0,"['Male', 'Male']",0,0,3,4,5,Dry,Straight,Level,Lowest,No
24022,37,North Carolina,370432,1,1,1,0,1,NOT APPLICABLE,April,13,Thursday,22,42,Rural,Medium Speed (Collector),No,35.70970278,-81.16059167,Non-Intersection,Dark - Lighted,Rain,10:00pm-10:59pm,37,10:00pm-10:59pm,46,Not Applicable (Not Transported),Not Applicable (Not Transported),1,Dark - Lighted,Rain/Wind/Minor,0,1,[],[],0,0,Valid,1.0,0.0,49.0,49.0,['Male'],0,0,2,2,4,Wet/Standing Water,Straight,Level,Lowest,No
24023,37,North Carolina,370433,0,2,2,0,5,NOT APPLICABLE,April,22,Saturday,19,49,Rural,Medium Speed (Collector),No,35.31603611,-81.20191111,Non-Intersection,Dusk,Clear,7:00pm-7:59pm,41,7:00pm-7:59pm,41,8:00pm-8:59pm,0,1,Twilight,Clear,1,4,['Driver'],['Shoulder_Lapbelt'],0,0,Valid,0.0,0.0,76.0,43.0,"['Female', 'Male']",0,0,3,3,5,Dry,Straight,Level,Lowest,No
24024,37,North Carolina,370434,1,2,2,0,2,GREENSBORO,April,29,Saturday,1,17,Urban,High Speed (Arterial),Yes,36.056525,-79.89174167,Non-Intersection,Dark - Lighted,Cloudy,1:00am-1:59am,25,1:00am-1:59am,35,2:00am-2:59am,0,1,Dark - Lighted,Reduced Visibility,0,2,[],[],0,0,Valid,1.0,0.0,73.0,73.0,['Male'],0,0,2,4,5,Wet/Standing Water,Straight,Grade/Hillcrest,Lowest,No
24025,37,North Carolina,370435,0,2,2,0,3,NOT APPLICABLE,April,21,Friday,14,52,Rural,High Speed (Arterial),Yes,35.40174444,-79.23154722,Non-Intersection,Daylight,Clear,Unknown,Unknown,Unknown EMS Scene Arrival Hour,Unknown EMS Scene Arrival Minutes,Unknown,Unknown EMS Hospital Arrival Time,1,Daylight,Clear,1,2,['Driver'],['None_Used'],0,0,Invalid,1.0,0.0,68.0,41.0,"['Male', 'Male']",1,0,5,4,5,Dry,Straight,Level,Lowest,No
24026,37,North Carolina,370436,0,1,1,0,1,NOT APPLICABLE,April,19,Wednesday,1,25,Rural,Medium Speed (Collector),No,35.91633333,-78.62873333,Non-Intersection,Dark - Not Lighted,Clear,1:00am-1:59am,47,1:00am-1:59am,54,Not Applicable (Not Transported),Not Applicable (Not Transported),1,Dark - Unlighted,Clear,1,0,['Driver'],['Shoulder_Lapbelt'],0,0,Valid,0.0,0.0,30.0,30.0,['Male'],1,0,3,1,3,Dry,Curve,Level,Lowest,No
24027,37,North Carolina,370437,0,2,2,0,7,NOT APPLICABLE,April,23,Sunday,0,13,Rural,High Speed (Arterial),Yes,35.68913889,-78.86226111,Non-Intersection,Dark - Lighted,Clear,0:00am-0:59am,10,0:00am-0:59am,16,1:00am-1:59am,3,1,Dark - Lighted,Clear,1,6,['Driver'],['Shoulder_Lapbelt'],0,0,Valid,2.0,0.0,32.0,19.0,"['Female', 'Male']",1,0,3,4,5,Dry,Curve,Level,Lowest,No
24028,37,North Carolina,370438,0,2,2,0,3,RALEIGH,April,20,Thursday,14,0,Urban,Medium Speed (Collector),No,35.7361,-78.6503,Complex/Circle,Daylight,Clear,2:00pm-2:59pm,12,2:00pm-2:59pm,24,2:00pm-2:59pm,46,1,Daylight,Clear,1,2,['Driver'],['Shoulder_Lapbelt'],0,0,Valid,1.0,0.0,64.0,57.0,"['Female', 'Male']",0,0,3,4,5,Dry,Straight,Level,Lowest,No
24029,37,North Carolina,370439,0,3,3,0,3,WASHINGTON,May,11,Thursday,21,22,Urban,High Speed (Arterial),Yes,35.56169444,-77.07287222,Complex/Circle,Dark - Lighted,Clear,9:00pm-9:59pm,23,9:00pm-9:59pm,24,10:00pm-10:59pm,20,1,Dark - Lighted,Clear,1,2,['Driver'],['None_Used'],1,1,Invalid,1.0,1.0,51.0,24.0,"['Male', 'Male', 'Male']",0,0,5,4,5,Dry,Straight,Level,Lowest,No
24030,37,North Carolina,370440,0,2,2,0,2,NOT APPLICABLE,May,8,Monday,15,39,Rural,High Speed (Arterial),Yes,35.62498611,-79.36148889,Non-Intersection,Daylight,Clear,Unknown,Unknown,Unknown EMS Scene Arrival Hour,Unknown EMS Scene Arrival Minutes,Unknown,Unknown EMS Hospital Arrival Time,1,Daylight,Clear,1,1,['Driver'],['Shoulder_Lapbelt'],0,0,Valid,1.0,0.0,55.0,35.0,"['Male', 'Male']",0,0,4,4,5,Dry,Straight,Grade/Hillcrest,Lowest,No
24031,37,North Carolina,370441,0,2,2,0,2,DURHAM,May,14,Sunday,19,7,Urban,Medium Speed (Collector),No,36.033375,-78.965825,Non-Intersection,Daylight,Clear,7:00pm-7:59pm,10,7:00pm-7:59pm,17,7:00pm-7:59pm,35,1,Daylight,Clear,1,1,['Driver'],['None_Used'],1,1,Invalid,3.0,1.0,63.0,57.0,"['Male', 'Male']",1,0,5,4,5,Dry,Curve,Level,Lowest,No
24032,37,North Carolina,370442,1,1,1,0,1,NOT APPLICABLE,May,11,Thursday,22,47,Rural,Low Speed (Local),No,35.45611667,-78.22824722,Non-Intersection,Dark - Not Lighted,Clear,Unknown,Unknown,Unknown EMS Scene Arrival Hour,Unknown EMS Scene Arrival Minutes,Not Applicable (Not Transported),Not Applicable (Not Transported),1,Dark - Unlighted,Clear,0,0,[],[],0,0,Invalid,0.0,0.0,999.0,999.0,['Other'],0,0,1,0,4,Dry,Straight,Level,Lowest,No
24033,37,North Carolina,370443,0,1,1,0,1,NOT APPLICABLE,May,1,Monday,13,38,Rural,Medium Speed (Collector),No,35.87643611,-77.33222222,Non-Intersection,Daylight,Clear,Unknown,Unknown,Unknown EMS Scene Arrival Hour,Unknown EMS Scene Arrival Minutes,Not Applicable (Not Transported),Not Applicable (Not Transported),1,Daylight,Clear,1,0,['Driver'],['None_Used'],0,0,Valid,0.0,1.0,36.0,36.0,['Male'],0,0,4,4,3,Dry,Curve,Level,Lowest,No
24034,37,North Carolina,370444,1,1,1,0,1,CHARLOTTE,May,6,Saturday,18,25,Urban,Low Speed (Local),No,35.22721667,-80.84883889,Complex/Circle,Daylight,Clear,6:00pm-6:59pm,26,6:00pm-6:59pm,32,6:00pm-6:59pm,52,1,Daylight,Clear,0,1,[],[],0,0,Valid,0.0,0.0,17.0,17.0,['Male'],0,0,3,1,4,Dry,Straight,Level,Lowest,No
24035,37,North Carolina,370445,0,5,2,3,2,CHARLOTTE,May,6,Saturday,2,55,Urban,High Speed (Arterial),Yes,35.31398889,-80.83492778,Non-Intersection,Dark - Lighted,Clear,2:00am-2:59am,44,2:00am-2:59am,54,Not Applicable (Not Transported),Not Applicable (Not Transported),1,Dark - Lighted,Clear,1,1,['Driver'],['None_Used'],1,1,Valid,0.0,0.0,59.0,30.0,"['Male', 'Male']",1,0,4,4,5,Dry,Straight,Non-Trafficway,Lowest,No
24036,37,North Carolina,370446,1,1,1,0,2,CHARLOTTE,May,4,Thursday,5,50,Urban,High Speed (Arterial),Yes,35.33461111,-80.71778056,Simple Junction,Dark - Not Lighted,Clear,5:00am-5:59am,50,6:00am-6:59am,2,6:00am-6:59am,28,1,Dark - Unlighted,Clear,0,2,[],[],0,0,Valid,0.0,0.0,30.0,30.0,['Male'],0,0,2,1,4,Dry,Straight,Level,Lowest,No
24037,37,North Carolina,370447,0,1,1,0,3,NOT APPLICABLE,February,27,Monday,17,29,Rural,High Speed (Arterial),Yes,34.85554167,-79.39376667,Non-Intersection,Daylight,Clear,Unknown,Unknown,Unknown EMS Scene Arrival Hour,Unknown EMS Scene Arrival Minutes,Unknown,Unknown EMS Hospital Arrival Time,1,Daylight,Clear,1,1,['Front_Passenger'],['None_Used'],0,0,Valid,0.0,0.0,49.0,34.0,Other,0,0,3,4,3,Dry,Straight,Level,Lowest,No
24038,37,North Carolina,370448,0,2,2,0,5,NOT APPLICABLE,March,7,Tuesday,16,36,Rural,High Speed (Arterial),Yes,35.64072222,-78.71199167,Complex/Circle,Daylight,Clear,4:00pm-4:59pm,35,4:00pm-4:59pm,39,Not Applicable (Not Transported),Not Applicable (Not Transported),1,Daylight,Clear,1,4,['Driver'],['None_Used'],0,0,Valid,0.0,1.0,44.0,31.0,"['Male', 'Female']",0,0,5,4,5,Dry,Straight,Grade/Hillcrest,Lowest,No
24039,37,North Carolina,370449,0,2,2,0,2,CORNELIUS,May,12,Friday,0,58,Urban,High Speed (Arterial),Yes,35.43939444,-80.86844167,Non-Intersection,Dark - Lighted,Clear,0:00am-0:59am,53,1:00am-1:59am,8,Unknown,Unknown EMS Hospital Arrival Time,1,Dark - Lighted,Clear,1,1,['Driver'],['Shoulder_Lapbelt'],0,0,Invalid,0.0,0.0,33.0,28.0,"['Female', 'Male']",0,0,3,4,5,Dry,Straight,Level,Lowest,No
24040,37,North Carolina,370450,0,1,1,0,1,CHARLOTTE,May,16,Tuesday,8,26,Urban,High Speed (Arterial),Yes,35.06574167,-80.85981667,Non-Intersection,Daylight,Clear,8:00am-8:59am,29,8:00am-8:59am,34,Not Applicable (Not Transported),Not Applicable (Not Transported),1,Daylight,Clear,1,0,['Driver'],['None_Used'],0,0,Valid,0.0,0.0,37.0,37.0,['Female'],0,0,3,4,3,Dry,Straight,Level,Lowest,No
24041,37,North Carolina,370451,1,1,1,0,1,NOT APPLICABLE,May,9,Tuesday,2,45,Rural,High Speed (Arterial),Yes,36.08645278,-79.11770556,Non-Intersection,Dark - Not Lighted,Clear,2:00am-2:59am,46,2:00am-2:59am,52,3:00am-3:59am,21,1,Dark - Unlighted,Clear,0,0,[],[],0,0,Invalid,0.0,0.0,998.0,998.0,['Other'],0,0,1,0,4,Dry,Straight,Level,Lowest,No
24042,37,North Carolina,370452,0,2,2,0,2,NOT APPLICABLE,May,12,Friday,12,18,Rural,High Speed (Arterial),Yes,34.45768333,-78.05021667,Complex/Circle,Daylight,Clear,12:00pm-12:59pm,12,12:00pm-12:59pm,18,1:00pm-1:59pm,8,1,Daylight,Clear,1,1,['Driver'],['Shoulder_Lapbelt'],0,0,Valid,1.0,0.0,62.0,54.0,"['Male', 'Female']",0,0,4,4,5,Dry,Straight,Level,Lowest,No
24043,37,North Carolina,370453,0,2,2,0,3,NOT APPLICABLE,May,11,Thursday,17,14,Rural,Medium Speed (Collector),No,35.80911944,-79.57793889,Simple Junction,Daylight,Clear,5:00pm-5:59pm,11,5:00pm-5:59pm,20,5:00pm-5:59pm,43,1,Daylight,Clear,1,2,['Driver'],['None_Used'],0,0,Valid,1.0,0.0,84.0,43.0,"['Male', 'Male']",0,0,3,4,5,Dry,Straight,Level,Lowest,No
24044,37,North Carolina,370454,0,2,2,0,4,ROCKINGHAM,May,9,Tuesday,8,10,Urban,High Speed (Arterial),Yes,34.92035,-79.78323611,Non-Intersection,Daylight,Clear,8:00am-8:59am,12,8:00am-8:59am,21,8:00am-8:59am,54,2,Daylight,Clear,2,2,"['Driver', 'Rear_Seat']","['None_Used', 'None_Used']",0,0,Valid,1.0,0.0,30.0,22.0,"['Female', 'Male']",0,0,3,4,5,Dry,Straight,Level,Lowest,No
24045,37,North Carolina,370455,0,1,1,0,1,NOT APPLICABLE,May,5,Friday,22,19,Rural,Low Speed (Local),No,34.59326111,-79.08250278,Simple Junction,Dark - Not Lighted,Clear,10:00pm-10:59pm,28,10:00pm-10:59pm,35,11:00pm-11:59pm,13,1,Dark - Unlighted,Clear,1,0,['Driver'],['Shoulder_Lapbelt'],0,0,Valid,1.0,0.0,89.0,89.0,['Male'],0,0,3,4,3,Dry,Straight,Level,Lowest,No
24046,37,North Carolina,370456,0,1,1,0,1,EDEN,May,15,Monday,6,59,Urban,Low Speed (Local),No,36.51222222,-79.77097222,Simple Junction,Daylight,Clear,6:00am-6:59am,55,7:00am-7:59am,1,Not Applicable (Not Transported),Not Applicable (Not Transported),1,Daylight,Clear,1,0,['Driver'],['Shoulder_Lapbelt'],0,0,Valid,0.0,0.0,80.0,80.0,['Male'],0,0,3,4,2,Dry,Straight,Grade/Hillcrest,Lowest,No
24047,37,North Carolina,370457,0,2,2,0,2,NOT APPLICABLE,May,8,Monday,21,29,Rural,High Speed (Arterial),Yes,35.56725833,-80.56210556,Non-Intersection,Dark - Not Lighted,Clear,Unknown,Unknown,Unknown EMS Scene Arrival Hour,Unknown EMS Scene Arrival Minutes,Unknown,Unknown EMS Hospital Arrival Time,1,Dark - Unlighted,Clear,1,1,['Driver'],['None_Used'],0,0,Invalid,0.0,0.0,35.0,27.0,"['Male', 'Female']",1,0,5,4,5,Dry,Straight,Level,Lowest,No
24048,37,North Carolina,370458,0,1,1,0,1,NOT APPLICABLE,May,10,Wednesday,13,32,Rural,Medium Speed (Collector),No,34.69729444,-79.51925556,Non-Intersection,Daylight,Clear,Unknown,Unknown,Unknown EMS Scene Arrival Hour,Unknown EMS Scene Arrival Minutes,Unknown,Unknown EMS Hospital Arrival Time,1,Daylight,Clear,1,0,['Driver'],['None_Used'],0,0,Valid,0.0,0.0,73.0,73.0,['Male'],0,0,2,4,3,Dry,Curve,Level,Lowest,No
24049,37,North Carolina,370460,0,2,2,0,5,RALEIGH,May,14,Sunday,18,56,Urban,Low Speed (Local),No,35.77644167,-78.61056111,Simple Junction,Daylight,Clear,7:00pm-7:59pm,3,7:00pm-7:59pm,5,Not Applicable (Not Transported),Not Applicable (Not Transported),2,Daylight,Clear,2,3,"['Driver', 'Rear_Seat']","['None_Used', 'None_Used']",0,0,Valid,5.0,0.0,36.0,24.0,"['Female', 'Male']",2,0,5,4,5,Dry,Straight,Level,Lowest,No
24050,37,North Carolina,370461,1,1,1,0,1,NOT APPLICABLE,May,12,Friday,21,59,Rural,Medium Speed (Collector),No,36.39791667,-78.14340556,Non-Intersection,Dark - Not Lighted,Cloudy,9:00pm-9:59pm,48,9:00pm-9:59pm,54,Not Applicable (Not Transported),Not Applicable (Not Transported),1,Dark - Unlighted,Reduced Visibility,0,1,[],[],0,0,Valid,1.0,0.0,49.0,49.0,['Female'],0,0,3,1,4,Dry,Curve,Grade/Hillcrest,Lowest,No
24051,37,North Carolina,370462,0,1,1,0,1,NOT APPLICABLE,May,2,Tuesday,14,20,Rural,Medium Speed (Collector),No,36.12099167,-80.74324444,Non-Intersection,Daylight,Clear,2:00pm-2:59pm,13,2:00pm-2:59pm,18,Not Applicable (Not Transported),Not Applicable (Not Transported),1,Daylight,Clear,1,0,['Driver'],['None_Used'],0,0,Valid,0.0,0.0,53.0,53.0,['Male'],0,0,3,4,3,Dry,Straight,Grade/Hillcrest,Lowest,No
24052,37,North Carolina,370463,0,1,1,0,1,NOT APPLICABLE,May,12,Friday,0,49,Rural,Low Speed (Local),No,36.10921111,-81.18047778,Non-Intersection,Dark - Not Lighted,Clear,0:00am-0:59am,46,0:00am-0:59am,54,2:00am-2:59am,1,1,Dark - Unlighted,Clear,1,0,['Driver'],['Shoulder_Lapbelt'],1,1,Valid,1.0,0.0,31.0,31.0,['Male'],1,0,2,4,3,Dry,Straight,Level,Lowest,No
24053,37,North Carolina,370464,0,1,1,0,1,DURHAM,May,17,Wednesday,0,48,Urban,Medium Speed (Collector),No,35.92129167,-78.9335,Non-Intersection,Dark - Lighted,Rain,0:00am-0:59am,48,0:00am-0:59am,55,Not Applicable (Not Transported),Not Applicable (Not Transported),1,Dark - Lighted,Rain/Wind/Minor,1,0,['Driver'],['Shoulder_Lapbelt'],1,1,Valid,0.0,0.0,35.0,35.0,['Male'],1,0,2,4,3,Wet/Standing Water,Curve,Level,Lowest,No
24054,37,North Carolina,370465,0,2,2,0,3,NOT APPLICABLE,May,19,Friday,17,22,Rural,Medium Speed (Collector),No,35.604975,-81.46919444,Non-Intersection,Daylight,Clear,5:00pm-5:59pm,21,5:00pm-5:59pm,31,5:00pm-5:59pm,57,1,Daylight,Clear,1,2,['Front_Passenger'],['Shoulder_Lapbelt'],0,0,Invalid,3.0,0.0,48.0,28.0,"['Male', 'Male']",1,0,2,4,5,Dry,Curve,Level,Lowest,No
24055,37,North Carolina,370466,0,1,1,0,1,NOT APPLICABLE,May,20,Saturday,13,15,Rural,High Speed (Arterial),Yes,36.02449722,-81.91783889,Non-Intersection,Daylight,Cloudy,Unknown,Unknown,Unknown EMS Scene Arrival Hour,Unknown EMS Scene Arrival Minutes,Not Applicable (Not Transported),Not Applicable (Not Transported),1,Daylight,Reduced Visibility,1,0,['Driver'],['None_Used'],0,0,Valid,0.0,0.0,75.0,75.0,['Male'],0,0,5,4,3,Dry,Straight,Level,Lowest,No
24056,37,North Carolina,370467,0,2,2,0,2,PINEHURST,May,22,Monday,10,10,Urban,Medium Speed (Collector),No,35.20374167,-79.48637222,Simple Junction,Daylight,Clear,10:00am-10:59am,5,10:00am-10:59am,13,10:00am-10:59am,24,1,Daylight,Clear,1,1,['Driver'],['Shoulder_Lapbelt'],0,0,Valid,1.0,0.0,67.0,40.0,"['Male', 'Male']",0,0,4,4,5,Dry,Straight,Level,Lowest,No
24057,37,North Carolina,370468,0,1,1,0,1,NOT APPLICABLE,May,11,Thursday,20,9,Rural,Low Speed (Local),No,36.52730556,-78.96536111,Non-Intersection,Dusk,Clear,Unknown,Unknown,Unknown EMS Scene Arrival Hour,Unknown EMS Scene Arrival Minutes,Not Applicable (Not Transported),Not Applicable (Not Transported),1,Twilight,Clear,1,0,['Driver'],['None_Used'],0,0,Invalid,0.0,0.0,29.0,29.0,['Female'],0,0,3,4,3,Dry,Straight,Level,Lowest,No
24058,37,North Carolina,370469,0,1,1,0,3,NOT APPLICABLE,May,19,Friday,0,5,Rural,Medium Speed (Collector),No,35.55145278,-78.52858889,Non-Intersection,Dark - Not Lighted,Clear,Unknown,Unknown,Unknown EMS Scene Arrival Hour,Unknown EMS Scene Arrival Minutes,Unknown,Unknown EMS Hospital Arrival Time,1,Dark - Unlighted,Clear,1,2,['Driver'],['None_Used'],1,1,Invalid,1.0,1.0,23.0,23.0,['Male'],3,0,3,4,3,Dry,Curve,Grade/Hillcrest,Lowest,No
24059,37,North Carolina,370470,0,2,2,0,2,CLINTON,May,17,Wednesday,10,45,Urban,High Speed (Arterial),Yes,35.01523056,-78.34468333,Complex/Circle,Daylight,Clear,Unknown,Unknown,Unknown EMS Scene Arrival Hour,Unknown EMS Scene Arrival Minutes,Unknown,Unknown EMS Hospital Arrival Time,1,Daylight,Clear,1,1,['Driver'],['Shoulder_Lapbelt'],0,0,Valid,1.0,0.0,82.0,59.0,"['Female', 'Male']",0,0,3,4,5,Dry,Straight,Level,Lowest,No
24060,37,North Carolina,370471,1,2,2,0,1,GRAHAM,May,6,Saturday,2,29,Urban,High Speed (Arterial),Yes,36.06003889,-79.40083611,Non-Intersection,Dark - Lighted,Clear,Unknown,Unknown,Unknown EMS Scene Arrival Hour,Unknown EMS Scene Arrival Minutes,Not Applicable (Not Transported),Not Applicable (Not Transported),1,Dark - Lighted,Clear,0,1,[],[],0,0,Valid,0.0,0.0,54.0,54.0,['Male'],0,0,4,4,5,Dry,Straight,Level,Lowest,No
24061,37,North Carolina,370472,0,2,2,0,2,NOT APPLICABLE,May,9,Tuesday,15,2,Rural,Medium Speed (Collector),No,35.64583611,-82.67689167,Non-Intersection,Daylight,Clear,Unknown,Unknown,Unknown EMS Scene Arrival Hour,Unknown EMS Scene Arrival Minutes,Not Applicable (Not Transported),Not Applicable (Not Transported),1,Daylight,Clear,1,1,['Driver'],['None_Used'],0,0,Invalid,1.0,0.0,30.0,20.0,"['Male', 'Male']",0,0,5,4,5,Dry,Straight,Level,Lowest,No
24062,37,North Carolina,370473,0,1,1,0,1,NOT APPLICABLE,May,14,Sunday,0,32,Rural,High Speed (Arterial),Yes,35.65003056,-82.58270278,Non-Intersection,Dark - Not Lighted,Clear,Unknown,Unknown,Unknown EMS Scene Arrival Hour,Unknown EMS Scene Arrival Minutes,Not Applicable (Not Transported),Not Applicable (Not Transported),1,Dark - Unlighted,Clear,1,0,['Driver'],['None_Used'],0,0,Invalid,2.0,0.0,44.0,44.0,['Male'],1,0,5,4,3,Dry,Straight,Grade/Hillcrest,Medium,No
24063,37,North Carolina,370474,0,1,1,0,1,NOT APPLICABLE,May,18,Thursday,10,0,Rural,Low Speed (Local),No,34.75045,-76.82900278,Non-Intersection,Daylight,Clear,9:00am-9:59am,55,10:00am-10:59am,3,Not Applicable (Not Transported),Not Applicable (Not Transported),1,Daylight,Clear,1,0,['Driver'],['None_Used'],0,0,Valid,0.0,0.0,85.0,85.0,['Male'],1,0,3,4,3,Dry,Straight,Level,Lowest,No
24064,37,North Carolina,370475,0,1,1,0,1,NOT APPLICABLE,May,22,Monday,16,39,Rural,Medium Speed (Collector),No,35.18859722,-78.71247222,Non-Intersection,Daylight,Clear,Unknown,Unknown,Unknown EMS Scene Arrival Hour,Unknown EMS Scene Arrival Minutes,Not Applicable (Not Transported),Not Applicable (Not Transported),1,Daylight,Clear,1,0,['Driver'],['None_Used'],1,1,Invalid,0.0,0.0,54.0,54.0,['Male'],1,0,5,4,3,Dry,Curve,Level,Lowest,No
24065,37,North Carolina,370476,0,1,1,0,1,NOT APPLICABLE,May,6,Saturday,16,3,Rural,Low Speed (Local),No,36.02496111,-78.80216667,Non-Intersection,Daylight,Clear,3:00pm-3:59pm,57,4:00pm-4:59pm,7,Not Applicable (Not Transported),Not Applicable (Not Transported),1,Daylight,Clear,1,0,['Driver'],['None_Used'],1,1,Invalid,0.0,0.0,67.0,67.0,['Male'],0,0,5,4,2,Dry,Straight,Level,Lowest,No
24066,37,North Carolina,370477,1,1,1,0,1,DURHAM,May,22,Monday,21,11,Urban,High Speed (Arterial),No,35.96001667,-78.91034444,Simple Junction,Dark - Not Lighted,Clear,9:00pm-9:59pm,12,9:00pm-9:59pm,18,9:00pm-9:59pm,37,1,Dark - Unlighted,Clear,0,1,[],[],0,0,Valid,0.0,0.0,30.0,30.0,['Male'],0,0,2,4,4,Dry,Curve,Level,Lowest,No
24067,37,North Carolina,370478,0,2,2,0,2,NOT APPLICABLE,May,1,Monday,18,45,Rural,Low Speed (Local),No,35.86112778,-77.64134722,Non-Intersection,Daylight,Clear,6:00pm-6:59pm,41,6:00pm-6:59pm,47,Not Applicable (Not Transported),Not Applicable (Not Transported),1,Daylight,Clear,1,1,['Driver'],['None_Used'],0,0,Valid,0.0,0.0,50.0,28.0,"['Male', 'Male']",0,0,5,4,5,Dry,Curve,Level,Lowest,No
24068,37,North Carolina,370479,0,3,3,0,4,NOT APPLICABLE,May,8,Monday,12,36,Rural,High Speed (Arterial),Yes,36.18120833,-80.21813611,Non-Intersection,Daylight,Clear,Unknown,Unknown,Unknown EMS Scene Arrival Hour,Unknown EMS Scene Arrival Minutes,Unknown,Unknown EMS Hospital Arrival Time,3,Daylight,Clear,3,1,"['Driver', 'Driver', 'Front_Passenger']","['None_Used', 'Shoulder_Lapbelt', 'Shoulder_Lapbelt']",0,0,Valid,1.0,1.0,29.0,19.0,"['Male', 'Male', 'Male']",1,0,2,4,5,Dry,Straight,Level,Lowest,No
24069,37,North Carolina,370480,0,2,2,0,2,WINSTON SALEM,May,17,Wednesday,16,40,Urban,Low Speed (Local),No,36.10940556,-80.23064444,Complex/Circle,Daylight,Cloudy,Unknown,Unknown,Unknown EMS Scene Arrival Hour,Unknown EMS Scene Arrival Minutes,Unknown,Unknown EMS Hospital Arrival Time,1,Daylight,Reduced Visibility,1,1,['Driver'],['None_Used'],0,0,Valid,2.0,0.0,58.0,35.0,"['Female', 'Male']",0,0,5,4,5,Dry,Straight,Grade/Hillcrest,Lowest,No
24070,37,North Carolina,370481,0,1,1,0,3,NOT APPLICABLE,May,6,Saturday,6,22,Rural,High Speed (Arterial),Yes,35.87418056,-78.23054167,Non-Intersection,Daylight,Clear,Unknown,Unknown,Unknown EMS Scene Arrival Hour,Unknown EMS Scene Arrival Minutes,Unknown,Unknown EMS Hospital Arrival Time,2,Daylight,Clear,2,1,"['Driver', 'Front_Passenger']","['Shoulder_Lapbelt', 'Shoulder_Lapbelt']",1,1,Invalid,0.0,0.0,23.0,23.0,['Male'],3,0,2,4,3,Dry,Straight,Level,Lowest,No
24071,37,North Carolina,370482,0,2,2,0,2,NOT APPLICABLE,May,15,Monday,22,16,Rural,Medium Speed (Collector),No,36.11371111,-80.02164444,Non-Intersection,Dark - Not Lighted,Clear,10:00pm-10:59pm,11,10:00pm-10:59pm,15,Unknown,Unknown EMS Hospital Arrival Time,1,Dark - Unlighted,Clear,1,1,['Driver'],['None_Used'],0,0,Valid,0.0,6.0,42.0,28.0,"['Male', 'Male']",0,0,5,4,5,Dry,Straight,Non-Trafficway,Lowest,No
24072,37,North Carolina,370483,0,2,2,0,2,NOT APPLICABLE,May,4,Thursday,13,1,Rural,Medium Speed (Collector),No,35.387975,-78.68483889,Complex/Circle,Daylight,Clear,Unknown,Unknown,Unknown EMS Scene Arrival Hour,Unknown EMS Scene Arrival Minutes,Unknown,Unknown EMS Hospital Arrival Time,1,Daylight,Clear,1,1,['Driver'],['None_Used'],0,0,Valid,2.0,1.0,74.0,40.0,"['Male', 'Male']",0,0,5,4,5,Dry,Straight,Level,Lowest,No
24073,37,North Carolina,370484,0,1,1,0,1,NOT APPLICABLE,May,8,Monday,13,14,Rural,High Speed (Arterial),Yes,35.47959167,-82.97045278,Non-Intersection,Daylight,Clear,Unknown,Unknown,Unknown EMS Scene Arrival Hour,Unknown EMS Scene Arrival Minutes,Not Applicable (Not Transported),Not Applicable (Not Transported),1,Daylight,Clear,1,0,['Driver'],['None_Used'],1,1,Invalid,1.0,0.0,57.0,57.0,['Male'],1,0,2,4,3,Dry,Curve,Grade/Hillcrest,Lowest,No
24074,37,North Carolina,370485,0,3,3,0,5,NOT APPLICABLE,May,18,Thursday,15,40,Rural,High Speed (Arterial),Yes,35.41342222,-78.47314444,Non-Intersection,Daylight,Clear,Unknown,Unknown,Unknown EMS Scene Arrival Hour,Unknown EMS Scene Arrival Minutes,Unknown,Unknown EMS Hospital Arrival Time,2,Daylight,Clear,2,3,"['Driver', 'Front_Passenger']","['Shoulder_Lapbelt', 'Shoulder_Lapbelt']",0,0,Valid,2.0,0.0,73.0,24.0,"['Male', 'Male', 'Male']",0,0,4,4,5,Dry,Straight,Level,Lowest,Yes
24075,37,North Carolina,370486,0,2,2,0,3,WILSON,May,8,Monday,17,55,Urban,High Speed (Arterial),No,35.73298611,-77.90055,Non-Intersection,Daylight,Clear,Unknown,Unknown,Unknown EMS Scene Arrival Hour,Unknown EMS Scene Arrival Minutes,Unknown,Unknown EMS Hospital Arrival Time,2,Daylight,Clear,2,1,"['Driver', 'Front_Passenger']","['None_Used', 'None_Used']",0,0,Invalid,0.0,0.0,26.0,17.0,"['Female', 'Male']",0,0,2,4,5,Dry,Straight,Grade/Hillcrest,Lowest,No