,State_Code,State_Name,Crash_ID,Count_Non_Motorists,Count_Vehicles_Total,Count_Vehicle_Forms,Count_PVH_Involved,Count_Occupants_MV,City_Name,Month_Name,Day_of_Month,Day_of_Week,Crash_Hour,Crash_Minute,Area_Rural_Urban,Road_Functional_Class,On_NHS_Road,Latitude,Longitude,Intersection_Type,Light_Condition,Weather_Condition,Notif_Hour,Notif_Minute,Arrival_Hour,Arrival_Minute,Hospital_Hour,Hospital_Minute,Fatalities_Count,Clean_Light_Condition,Clean_Weather_Condition,Total_Killed,Total_Alive,Fatal_Seats_List,Killed_Restraint_List,Any_Driver_Drinking,Total_Drinking_Drivers,Driver_License_Category,Driver_Max_Prev_Accident_Count,Driver_Max_Prev_Speeding_Count,Max_Driver_Age,Min_Driver_Age,Driver_Sex_List,Total_Exceeding_Limit_Vehicles,Total_Too_Fast_Vehicles,Max_Vehicle_Type_Severity_5,Max_Vehicle_Damage_Rank,Max_Harmful_Event_Severity,Crash_Road_Surface_Condition,Crash_Horizontal_Alignment,Crash_Vertical_Profile,Crash_Impairment_Category,Crash_Vehicle_Defect
24076,37,North Carolina,370487,0,2,2,0,3,NOT APPLICABLE,May,13,Saturday,18,18,Rural,High Speed (Arterial),Yes,35.73452222,-81.19198333,Non-Intersection,Daylight,Clear,6:00pm-6:59pm,17,6:00pm-6:59pm,23,6:00pm-6:59pm,53,1,Daylight,Clear,1,2,['Driver'],['None_Used'],0,0,Invalid,1.0,1.0,35.0,29.0,"['Female', 'Male']",1,0,2,4,5,Dry,Curve,Level,Lowest,No
24077,37,North Carolina,370488,0,1,1,0,1,SOUTHERN PINES,May,21,Sunday,1,39,Urban,Low Speed (Local),No,35.16425833,-79.41374722,Non-Intersection,Dark - Lighted,Clear,1:00am-1:59am,38,1:00am-1:59am,43,1:00am-1:59am,58,1,Dark - Lighted,Clear,1,0,['Driver'],['None_Used'],0,0,Valid,0.0,0.0,45.0,45.0,['Male'],1,0,2,4,3,Dry,Straight,Level,Lowest,No
24078,37,North Carolina,370489,0,2,2,0,4,NOT APPLICABLE,May,23,Tuesday,22,23,Rural,High Speed (Arterial),Yes,36.03866667,-78.49930833,Non-Intersection,Dark - Not Lighted,Clear,Unknown,Unknown,Unknown EMS Scene Arrival Hour,Unknown EMS Scene Arrival Minutes,Unknown,Unknown EMS Hospital Arrival Time,1,Dark - Unlighted,Clear,1,3,['Rear_Seat'],['None_Used'],0,0,Valid,0.0,0.0,36.0,16.0,"['Male', 'Female']",1,0,3,4,5,Dry,Straight,Level,Lowest,No
24079,37,North Carolina,370490,0,1,1,0,1,NOT APPLICABLE,May,23,Tuesday,21,46,Rural,Low Speed (Local),No,34.64404167,-79.26270556,Non-Intersection,Dark - Not Lighted,Clear,Unknown,Unknown,Unknown EMS Scene Arrival Hour,Unknown EMS Scene Arrival Minutes,Not Applicable (Not Transported),Not Applicable (Not Transported),1,Dark - Unlighted,Clear,1,0,['Driver'],['None_Used'],1,1,Invalid,1.0,0.0,63.0,63.0,['Male'],1,0,3,4,2,Dry,Straight,Level,Lowest,No
24080,37,North Carolina,370491,1,1,1,0,1,NOT APPLICABLE,May,23,Tuesday,16,52,Rural,High Speed (Arterial),No,35.10891111,-78.31033056,Non-Intersection,Daylight,Cloudy,Unknown,Unknown,Unknown EMS Scene Arrival Hour,Unknown EMS Scene Arrival Minutes,Not Applicable (Not Transported),Not Applicable (Not Transported),1,Daylight,Reduced Visibility,0,1,[],[],0,0,Valid,0.0,0.0,19.0,19.0,['Male'],0,0,2,2,4,Dry,Straight,Level,Lowest,No
24081,37,North Carolina,370492,0,1,1,0,1,NOT APPLICABLE,May,26,Friday,10,4,Rural,Medium Speed (Collector),No,35.4559,-81.43205278,Non-Intersection,Daylight,Clear,10:00am-10:59am,1,10:00am-10:59am,7,Not Applicable (Not Transported),Not Applicable (Not Transported),1,Daylight,Clear,1,0,['Driver'],['None_Used'],0,0,Invalid,0.0,0.0,47.0,47.0,['Female'],1,0,2,4,3,Dry,Straight,Level,Lowest,No
24082,37,North Carolina,370493,0,2,2,0,2,NOT APPLICABLE,March,10,Friday,18,25,Rural,Medium Speed (Collector),No,35.09519167,-77.63941944,Non-Intersection,Dusk,Rain,Unknown,Unknown,Unknown EMS Scene Arrival Hour,Unknown EMS Scene Arrival Minutes,Not Applicable (Not Transported),Not Applicable (Not Transported),1,Twilight,Rain/Wind/Minor,1,1,['Driver'],['Shoulder_Lapbelt'],0,0,Valid,0.0,0.0,24.0,20.0,"['Male', 'Male']",1,0,3,4,5,Wet/Standing Water,Straight,Grade/Hillcrest,Lowest,No
24083,37,North Carolina,370494,0,2,2,0,2,Other,May,26,Friday,19,21,Urban,Medium Speed (Collector),No,35.27176944,-80.32680833,Simple Junction,Daylight,Clear,7:00pm-7:59pm,22,7:00pm-7:59pm,32,8:00pm-8:59pm,6,1,Daylight,Clear,1,1,['Driver'],['Shoulder_Lapbelt'],0,0,Valid,1.0,0.0,80.0,23.0,"['Female', 'Female']",0,0,3,4,5,Dry,Straight,Grade/Hillcrest,Lowest,No
24084,37,North Carolina,370495,0,1,1,0,2,NOT APPLICABLE,May,13,Saturday,17,6,Rural,Low Speed (Local),No,36.43001667,-79.7251,Non-Intersection,Daylight,Clear,5:00pm-5:59pm,22,5:00pm-5:59pm,26,Unknown,Unknown EMS Hospital Arrival Time,1,Daylight,Clear,1,1,['Rear_Seat'],['None_Used'],1,1,Valid,0.0,0.0,47.0,47.0,['Male'],2,0,5,4,2,Dry,Curve,Level,Lowest,No
24085,37,North Carolina,370496,0,1,1,0,1,NOT APPLICABLE,May,24,Wednesday,6,1,Rural,High Speed (Arterial),Yes,35.80570556,-82.02909444,Non-Intersection,Dawn,Clear,5:00am-5:59am,56,6:00am-6:59am,5,Not Applicable (Not Transported),Not Applicable (Not Transported),1,Twilight,Clear,1,0,['Driver'],['None_Used'],0,0,Invalid,1.0,0.0,29.0,29.0,['Male'],1,0,5,4,2,Dry,Curve,Grade/Hillcrest,Lowest,No
24086,37,North Carolina,370497,0,1,1,0,1,NOT APPLICABLE,May,26,Friday,9,26,Rural,Medium Speed (Collector),No,35.67005,-77.23109167,Non-Intersection,Daylight,Cloudy,Unknown,Unknown,Unknown EMS Scene Arrival Hour,Unknown EMS Scene Arrival Minutes,Not Applicable (Not Transported),Not Applicable (Not Transported),1,Daylight,Reduced Visibility,1,0,['Driver'],['None_Used'],0,0,Valid,2.0,0.0,77.0,77.0,['Male'],0,0,4,4,2,Dry,Straight,Level,Lowest,No
24087,37,North Carolina,370498,0,1,1,0,2,NOT APPLICABLE,May,26,Friday,9,28,Rural,Low Speed (Local),No,34.75559444,-78.91937222,Non-Intersection,Daylight,Clear,9:00am-9:59am,30,9:00am-9:59am,40,10:00am-10:59am,12,1,Daylight,Clear,1,1,['Driver'],['None_Used'],0,0,Invalid,0.0,0.0,51.0,51.0,['Female'],2,0,2,4,3,Dry,Straight,Level,Lowest,No
24088,37,North Carolina,370499,1,1,1,0,1,SOUTHPORT,May,27,Saturday,2,47,Urban,Low Speed (Local),No,33.92669444,-78.01777222,Non-Intersection,Dark - Not Lighted,Rain,Unknown,Unknown,Unknown EMS Scene Arrival Hour,Unknown EMS Scene Arrival Minutes,Not Applicable (Not Transported),Not Applicable (Not Transported),1,Dark - Unlighted,Rain/Wind/Minor,0,1,[],[],1,1,Valid,0.0,0.0,37.0,37.0,['Male'],0,0,3,2,4,Wet/Standing Water,Curve,Level,Lowest,No
24089,37,North Carolina,370500,0,2,2,0,3,NOT APPLICABLE,May,28,Sunday,13,34,Rural,High Speed (Arterial),No,35.36234722,-79.11023333,Non-Intersection,Daylight,Rain,Unknown,Unknown,Unknown EMS Scene Arrival Hour,Unknown EMS Scene Arrival Minutes,Unknown,Unknown EMS Hospital Arrival Time,1,Daylight,Rain/Wind/Minor,1,2,['Driver'],['Shoulder_Lapbelt'],1,1,Valid,1.0,0.0,49.0,42.0,"['Male', 'Male']",1,0,3,4,5,Wet/Standing Water,Straight,Level,Lowest,No
24090,37,North Carolina,370501,0,2,2,0,2,NOT APPLICABLE,May,29,Monday,17,10,Rural,Medium Speed (Collector),No,36.26117778,-78.8415,Non-Intersection,Daylight,Clear,Unknown,Unknown,Unknown EMS Scene Arrival Hour,Unknown EMS Scene Arrival Minutes,Not Applicable (Not Transported),Not Applicable (Not Transported),1,Daylight,Clear,1,1,['Driver'],['None_Used'],0,0,Valid,0.0,0.0,65.0,43.0,"['Male', 'Female']",1,0,5,4,5,Dry,Curve,Level,Lowest,No
24091,37,North Carolina,370502,0,2,2,0,3,NOT APPLICABLE,May,31,Wednesday,11,46,Rural,Medium Speed (Collector),No,35.38482778,-82.50463333,Non-Intersection,Daylight,Cloudy,Unknown,Unknown,Unknown EMS Scene Arrival Hour,Unknown EMS Scene Arrival Minutes,Not Applicable (Not Transported),Not Applicable (Not Transported),1,Daylight,Reduced Visibility,1,2,['Driver'],['Shoulder_Lapbelt'],0,0,Invalid,1.0,0.0,86.0,77.0,"['Male', 'Male']",0,0,3,4,5,Dry,Curve,Level,Lowest,No
24092,37,North Carolina,370503,0,1,1,0,3,NOT APPLICABLE,May,31,Wednesday,8,22,Rural,High Speed (Arterial),No,35.32384167,-83.19324444,Non-Intersection,Daylight,Clear,Unknown,Unknown,Unknown EMS Scene Arrival Hour,Unknown EMS Scene Arrival Minutes,Unknown,Unknown EMS Hospital Arrival Time,2,Daylight,Clear,2,1,"['Front_Passenger', 'Rear_Seat']","['Shoulder_Lapbelt', 'None_Used']",1,1,Valid,0.0,0.0,19.0,19.0,['Male'],3,0,2,4,2,Dry,Curve,Level,Lowest,No
24093,37,North Carolina,370504,0,1,1,0,1,NOT APPLICABLE,May,8,Monday,11,38,Rural,Medium Speed (Collector),No,36.01231389,-79.42660556,Non-Intersection,Daylight,Clear,Unknown,Unknown,Unknown EMS Scene Arrival Hour,Unknown EMS Scene Arrival Minutes,Unknown,Unknown EMS Hospital Arrival Time,1,Daylight,Clear,1,0,['Driver'],['Shoulder_Lapbelt'],0,0,Valid,0.0,0.0,19.0,19.0,['Male'],1,0,2,4,3,Dry,Curve,Grade/Hillcrest,Lowest,No
24094,37,North Carolina,370505,1,1,1,0,1,NOT APPLICABLE,May,14,Sunday,20,59,Rural,High Speed (Arterial),Yes,34.64788056,-78.57639167,Non-Intersection,Dark - Not Lighted,Clear,Unknown,Unknown,Unknown EMS Scene Arrival Hour,Unknown EMS Scene Arrival Minutes,Unknown,Unknown EMS Hospital Arrival Time,1,Dark - Unlighted,Clear,0,1,[],[],0,0,Invalid,0.0,0.0,30.0,30.0,['Male'],0,0,2,2,4,Dry,Straight,Level,Lowest,No
24095,37,North Carolina,370506,0,1,1,0,2,WINSTON SALEM,May,17,Wednesday,11,40,Urban,Low Speed (Local),No,36.07229722,-80.20706667,Non-Intersection,Daylight,Clear,11:00am-11:59am,47,11:00am-11:59am,53,Not Applicable (Not Transported),Not Applicable (Not Transported),1,Daylight,Clear,1,1,['Front_Passenger'],['None_Used'],1,1,Valid,3.0,0.0,39.0,39.0,['Female'],2,0,3,4,3,Dry,Curve,Level,Lowest,No
24096,37,North Carolina,370507,0,2,2,0,5,NOT APPLICABLE,May,9,Tuesday,8,30,Rural,High Speed (Arterial),Yes,35.39793889,-82.50426667,Non-Intersection,Daylight,Rain,Unknown,Unknown,Unknown EMS Scene Arrival Hour,Unknown EMS Scene Arrival Minutes,Not Applicable (Not Transported),Not Applicable (Not Transported),1,Daylight,Rain/Wind/Minor,1,4,['Rear_Seat'],['None_Used'],0,0,Valid,1.0,0.0,57.0,29.0,"['Male', 'Male']",4,0,4,4,5,Wet/Standing Water,Straight,Level,Lowest,No
24097,37,North Carolina,370508,0,1,1,0,1,NOT APPLICABLE,May,12,Friday,14,7,Rural,Medium Speed (Collector),No,35.34136944,-82.42542778,Non-Intersection,Daylight,Clear,Unknown,Unknown,Unknown EMS Scene Arrival Hour,Unknown EMS Scene Arrival Minutes,Unknown,Unknown EMS Hospital Arrival Time,1,Daylight,Clear,1,0,['Driver'],['Shoulder_Lapbelt'],1,1,Valid,1.0,0.0,41.0,41.0,['Female'],1,0,3,4,3,Dry,Curve,Grade/Hillcrest,Lowest,No
24098,37,North Carolina,370509,0,2,2,0,2,CHARLOTTE,May,20,Saturday,0,1,Urban,High Speed (Arterial),Yes,35.111,-80.92688333,Non-Intersection,Dark - Not Lighted,Rain,11:00pm-11:59pm,32,11:00pm-11:59pm,41,Not Applicable (Not Transported),Not Applicable (Not Transported),1,Dark - Unlighted,Rain/Wind/Minor,1,1,['Driver'],['None_Used'],1,1,Invalid,3.0,1.0,56.0,24.0,"['Female', 'Female']",0,0,3,4,5,Wet/Standing Water,Straight,Level,Lowest,No
24099,37,North Carolina,370510,1,1,1,0,1,CHARLOTTE,May,26,Friday,21,38,Urban,High Speed (Arterial),No,35.14923889,-80.726075,Non-Intersection,Dark - Not Lighted,Cloudy,9:00pm-9:59pm,38,9:00pm-9:59pm,45,Not Applicable (Not Transported),Not Applicable (Not Transported),1,Dark - Unlighted,Reduced Visibility,0,1,[],[],0,0,Valid,0.0,0.0,64.0,64.0,['Male'],0,0,3,4,4,Dry,Straight,Grade/Hillcrest,Lowest,No
24100,37,North Carolina,370511,0,1,1,0,1,CHARLOTTE,May,28,Sunday,2,43,Urban,Medium Speed (Collector),No,35.082975,-80.84692778,Non-Intersection,Dark - Lighted,Rain,2:00am-2:59am,42,2:00am-2:59am,51,Not Applicable (Not Transported),Not Applicable (Not Transported),1,Dark - Lighted,Rain/Wind/Minor,1,0,['Driver'],['Shoulder_Lapbelt'],1,1,Invalid,0.0,0.0,21.0,21.0,['Male'],0,0,2,4,3,Wet/Standing Water,Straight,Level,Lowest,No
24101,37,North Carolina,370512,0,2,2,0,3,NOT APPLICABLE,May,22,Monday,22,49,Rural,Medium Speed (Collector),No,35.22776111,-78.25539167,Simple Junction,Dark - Not Lighted,Clear,10:00pm-10:59pm,48,10:00pm-10:59pm,52,Not Applicable (Not Transported),Not Applicable (Not Transported),1,Dark - Unlighted,Clear,1,2,['Driver'],['None_Used'],0,0,Valid,0.0,1.0,23.0,18.0,"['Female', 'Male']",0,0,5,4,5,Dry,Straight,Level,Lowest,No
24102,37,North Carolina,370513,0,2,2,0,2,CARRBORO,May,24,Wednesday,20,20,Urban,High Speed (Arterial),Yes,35.90264167,-79.07740556,Complex/Circle,Dusk,Clear,8:00pm-8:59pm,24,8:00pm-8:59pm,31,8:00pm-8:59pm,42,1,Twilight,Clear,1,1,['Driver'],['None_Used'],0,0,Valid,0.0,0.0,21.0,21.0,"['Female', 'Male']",0,0,5,4,5,Dry,Straight,Level,Lowest,No
24103,37,North Carolina,370514,1,1,1,0,1,NOT APPLICABLE,May,25,Thursday,21,0,Rural,Medium Speed (Collector),No,36.32928611,-80.61796944,Non-Intersection,Dark - Not Lighted,Clear,9:00pm-9:59pm,0,9:00pm-9:59pm,9,Not Applicable (Not Transported),Not Applicable (Not Transported),1,Dark - Unlighted,Clear,0,1,[],[],0,0,Valid,2.0,0.0,73.0,73.0,['Male'],0,0,3,2,4,Dry,Straight,Level,Lowest,No
24104,37,North Carolina,370515,0,2,2,0,6,NOT APPLICABLE,May,27,Saturday,15,19,Rural,Medium Speed (Collector),No,35.070475,-80.43303889,Non-Intersection,Daylight,Rain,Unknown,Unknown,Unknown EMS Scene Arrival Hour,Unknown EMS Scene Arrival Minutes,Not Applicable (Not Transported),Not Applicable (Not Transported),2,Daylight,Rain/Wind/Minor,2,4,"['Driver', 'Rear_Seat']","['Shoulder_Lapbelt', 'Child_Safety']",0,0,Invalid,2.0,0.0,44.0,26.0,"['Female', 'Male']",4,0,3,4,5,Wet/Standing Water,Curve,Level,Lowest,No
24105,37,North Carolina,370516,0,2,2,0,2,NOT APPLICABLE,May,31,Wednesday,15,37,Rural,Medium Speed (Collector),No,35.51627778,-81.72474167,Non-Intersection,Daylight,Clear,Unknown,Unknown,Unknown EMS Scene Arrival Hour,Unknown EMS Scene Arrival Minutes,Not Applicable (Not Transported),Not Applicable (Not Transported),1,Daylight,Clear,1,1,['Driver'],['Shoulder_Lapbelt'],0,0,Valid,5.0,0.0,53.0,41.0,"['Female', 'Male']",1,0,3,4,5,Dry,Curve,Grade/Hillcrest,Lowest,No
24106,37,North Carolina,370517,1,1,1,0,1,KANNAPOLIS,May,31,Wednesday,3,47,Urban,Medium Speed (Collector),No,35.43079722,-80.67978333,Simple Junction,Dark - Not Lighted,Clear,3:00am-3:59am,47,3:00am-3:59am,51,Not Applicable (Not Transported),Not Applicable (Not Transported),1,Dark - Unlighted,Clear,0,1,[],[],0,0,Invalid,0.0,0.0,999.0,999.0,['Other'],0,0,1,0,4,Dry,Straight,Level,Lowest,No
24107,37,North Carolina,370518,0,2,2,0,2,NOT APPLICABLE,May,18,Thursday,12,59,Rural,Medium Speed (Collector),No,33.98633056,-78.66124167,Non-Intersection,Daylight,Rain,Unknown,Unknown,Unknown EMS Scene Arrival Hour,Unknown EMS Scene Arrival Minutes,Unknown,Unknown EMS Hospital Arrival Time,1,Daylight,Rain/Wind/Minor,1,1,['Driver'],['None_Used'],0,0,Valid,0.0,1.0,58.0,36.0,"['Male', 'Male']",0,0,5,4,5,Wet/Standing Water,Curve,Level,Lowest,No
24108,37,North Carolina,370519,0,2,2,0,4,NOT APPLICABLE,May,18,Thursday,17,30,Rural,Medium Speed (Collector),No,35.437125,-81.23340278,Complex/Circle,Daylight,Clear,Unknown,Unknown,Unknown EMS Scene Arrival Hour,Unknown EMS Scene Arrival Minutes,Not Applicable (Not Transported),Not Applicable (Not Transported),1,Daylight,Clear,1,3,['Front_Passenger'],['Shoulder_Lapbelt'],1,1,Valid,1.0,0.0,75.0,59.0,"['Male', 'Male']",0,0,3,4,5,Dry,Straight,Level,Lowest,No
24109,37,North Carolina,370520,0,1,1,0,1,CHARLOTTE,May,29,Monday,23,58,Urban,High Speed (Arterial),No,35.16305278,-80.86929444,Non-Intersection,Dark - Not Lighted,Clear,0:00am-0:59am,1,0:00am-0:59am,5,Not Applicable (Not Transported),Not Applicable (Not Transported),1,Dark - Unlighted,Clear,1,0,['Driver'],['None_Used'],1,1,Valid,1.0,0.0,36.0,36.0,['Male'],0,0,3,4,3,Dry,Curve,Level,Lowest,No
24110,37,North Carolina,370521,0,2,2,0,3,CHARLOTTE,May,29,Monday,21,33,Urban,Medium Speed (Collector),No,35.30536944,-80.86593611,Non-Intersection,Dark - Not Lighted,Clear,9:00pm-9:59pm,32,9:00pm-9:59pm,39,10:00pm-10:59pm,12,1,Dark - Unlighted,Clear,1,2,['Driver'],['None_Used'],1,1,Valid,0.0,0.0,33.0,31.0,"['Female', 'Male']",0,0,3,4,5,Dry,Straight,Level,Lowest,No
24111,37,North Carolina,370522,0,2,2,0,2,NOT APPLICABLE,May,17,Wednesday,12,50,Rural,Medium Speed (Collector),No,35.32148056,-79.94550278,Simple Junction,Daylight,Clear,12:00pm-12:59pm,46,12:00pm-12:59pm,51,Not Applicable (Not Transported),Not Applicable (Not Transported),1,Daylight,Clear,1,1,['Driver'],['Shoulder_Lapbelt'],0,0,Valid,1.0,0.0,84.0,37.0,"['Male', 'Male']",1,0,4,4,5,Dry,Straight,Level,Lowest,No
24112,37,North Carolina,370523,0,2,2,0,2,NOT APPLICABLE,May,14,Sunday,14,15,Rural,High Speed (Arterial),Yes,35.85719167,-77.96516111,Non-Intersection,Daylight,Clear,Unknown,Unknown,Unknown EMS Scene Arrival Hour,Unknown EMS Scene Arrival Minutes,Unknown,Unknown EMS Hospital Arrival Time,1,Daylight,Clear,1,1,['Driver'],['Shoulder_Lapbelt'],0,0,Valid,0.0,2.0,57.0,42.0,"['Male', 'Female']",0,0,4,4,3,Dry,Straight,Level,Lowest,No
24113,37,North Carolina,370524,1,1,1,0,2,WILMINGTON,May,15,Monday,18,51,Urban,High Speed (Arterial),Yes,34.21757778,-77.90738611,Complex/Circle,Daylight,Clear,Unknown,Unknown,Unknown EMS Scene Arrival Hour,Unknown EMS Scene Arrival Minutes,Not Applicable (Not Transported),Not Applicable (Not Transported),1,Daylight,Clear,0,2,[],[],0,0,Valid,0.0,1.0,61.0,61.0,['Male'],0,0,3,4,4,Dry,Straight,Level,Lowest,No
24114,37,North Carolina,370525,0,2,2,0,6,NOT APPLICABLE,May,9,Tuesday,18,2,Rural,Medium Speed (Collector),No,34.50610556,-77.90328889,Complex/Circle,Daylight,Clear,Unknown,Unknown,Unknown EMS Scene Arrival Hour,Unknown EMS Scene Arrival Minutes,Unknown,Unknown EMS Hospital Arrival Time,1,Daylight,Clear,1,5,['Front_Passenger'],['Shoulder_Lapbelt'],0,0,Invalid,1.0,0.0,73.0,48.0,"['Male', 'Male']",0,0,3,4,5,Dry,Straight,Level,Lowest,No
24115,37,North Carolina,370526,0,2,2,0,3,NOT APPLICABLE,May,18,Thursday,17,51,Rural,Medium Speed (Collector),No,35.58789444,-77.2309,Non-Intersection,Daylight,Clear,Unknown,Unknown,Unknown EMS Scene Arrival Hour,Unknown EMS Scene Arrival Minutes,Unknown,Unknown EMS Hospital Arrival Time,1,Daylight,Clear,1,2,['Driver'],['Shoulder_Lapbelt'],1,1,Invalid,0.0,0.0,59.0,38.0,"['Male', 'Female']",2,0,2,4,5,Dry,Curve,Level,Lowest,No
24116,37,North Carolina,370527,0,2,2,0,3,NOT APPLICABLE,May,10,Wednesday,14,25,Rural,High Speed (Arterial),Yes,35.72437778,-79.72255556,Non-Intersection,Daylight,Clear,Unknown,Unknown,Unknown EMS Scene Arrival Hour,Unknown EMS Scene Arrival Minutes,Unknown,Unknown EMS Hospital Arrival Time,1,Daylight,Clear,1,2,['Driver'],['Shoulder_Lapbelt'],0,0,Invalid,1.0,2.0,74.0,42.0,"['Male', 'Female']",2,0,3,4,5,Dry,Straight,Level,Lowest,No
24117,37,North Carolina,370528,0,1,1,0,1,NOT APPLICABLE,May,12,Friday,19,59,Rural,Low Speed (Local),No,35.74983611,-79.69831667,Non-Intersection,Dark - Not Lighted,Clear,Unknown,Unknown,Unknown EMS Scene Arrival Hour,Unknown EMS Scene Arrival Minutes,Not Applicable (Not Transported),Not Applicable (Not Transported),1,Dark - Unlighted,Clear,1,0,['Driver'],['None_Used'],0,0,Valid,0.0,0.0,24.0,24.0,['Female'],0,0,3,4,3,Dry,Curve,Level,Lowest,No
24118,37,North Carolina,370529,0,1,1,0,1,NOT APPLICABLE,May,23,Tuesday,4,52,Rural,Medium Speed (Collector),No,34.73053333,-79.29886389,Simple Junction,Dark - Not Lighted,Clear,Unknown,Unknown,Unknown EMS Scene Arrival Hour,Unknown EMS Scene Arrival Minutes,Not Applicable (Not Transported),Not Applicable (Not Transported),1,Dark - Unlighted,Clear,1,0,['Driver'],['None_Used'],0,0,Invalid,0.0,0.0,16.0,16.0,['Male'],1,0,2,4,3,Dry,Straight,Level,Lowest,No
24119,37,North Carolina,370530,0,1,1,0,1,NOT APPLICABLE,May,12,Friday,12,1,Rural,High Speed (Arterial),Yes,34.8419,-79.39914444,Non-Intersection,Daylight,Clear,Unknown,Unknown,Unknown EMS Scene Arrival Hour,Unknown EMS Scene Arrival Minutes,Not Applicable (Not Transported),Not Applicable (Not Transported),1,Daylight,Clear,1,0,['Driver'],['None_Used'],0,0,Valid,1.0,0.0,31.0,31.0,['Female'],1,0,2,4,3,Dry,Curve,Level,Lowest,No
24120,37,North Carolina,370531,0,2,2,0,6,NOT APPLICABLE,May,13,Saturday,21,4,Rural,High Speed (Arterial),Yes,34.79386111,-79.44690278,Non-Intersection,Dark - Not Lighted,Clear,Unknown,Unknown,Unknown EMS Scene Arrival Hour,Unknown EMS Scene Arrival Minutes,Not Applicable (Not Transported),Not Applicable (Not Transported),2,Dark - Unlighted,Clear,2,4,"['Rear_Seat', 'Front_Passenger']","['None_Used', 'None_Used']",0,0,Invalid,0.0,0.0,29.0,14.0,"['Male', 'Female']",3,0,3,4,5,Dry,Straight,Level,Lowest,No
24121,37,North Carolina,370532,0,2,2,0,2,NOT APPLICABLE,May,2,Tuesday,4,32,Rural,Medium Speed (Collector),No,35.86053611,-78.34298889,Non-Intersection,Daylight,Clear,4:00am-4:59am,29,4:00am-4:59am,35,5:00am-5:59am,10,1,Daylight,Clear,1,1,['Driver'],['None_Used'],0,0,Valid,3.0,2.0,24.0,20.0,"['Male', 'Male']",0,0,3,4,5,Dry,Straight,Level,Lowest,No
24122,37,North Carolina,370533,0,2,2,0,2,NOT APPLICABLE,May,12,Friday,3,0,Rural,High Speed (Arterial),Yes,35.75705278,-78.60428889,Non-Intersection,Dark - Lighted,Clear,3:00am-3:59am,3,3:00am-3:59am,12,3:00am-3:59am,47,1,Dark - Lighted,Clear,1,1,['Driver'],['Shoulder_Lapbelt'],1,1,Valid,0.0,1.0,37.0,26.0,"['Male', 'Female']",0,0,2,4,5,Dry,Straight,Level,Lowest,No
24123,37,North Carolina,370534,0,2,2,0,3,NOT APPLICABLE,May,15,Monday,15,21,Rural,Medium Speed (Collector),No,35.55971667,-78.82879444,Non-Intersection,Daylight,Clear,3:00pm-3:59pm,26,3:00pm-3:59pm,42,4:00pm-4:59pm,17,1,Daylight,Clear,1,2,['Rear_Seat'],['Child_Safety'],0,0,Valid,1.0,0.0,41.0,31.0,"['Female', 'Male']",0,0,3,4,5,Dry,Straight,Level,Lowest,No
24124,37,North Carolina,370535,0,1,1,0,1,NOT APPLICABLE,May,7,Sunday,21,6,Rural,Medium Speed (Collector),No,35.33114444,-78.02521111,Non-Intersection,Dark - Not Lighted,Clear,Unknown,Unknown,Unknown EMS Scene Arrival Hour,Unknown EMS Scene Arrival Minutes,Not Applicable (Not Transported),Not Applicable (Not Transported),1,Dark - Unlighted,Clear,1,0,['Driver'],['None_Used'],1,1,Invalid,0.0,0.0,31.0,31.0,['Male'],1,0,2,4,3,Dry,Curve,Level,Lowest,No
24125,37,North Carolina,370536,0,1,1,0,2,NOT APPLICABLE,May,20,Saturday,1,56,Rural,Medium Speed (Collector),No,35.41967778,-77.89300833,Non-Intersection,Dark - Not Lighted,Clear,Unknown,Unknown,Unknown EMS Scene Arrival Hour,Unknown EMS Scene Arrival Minutes,Not Applicable (Not Transported),Not Applicable (Not Transported),2,Dark - Unlighted,Clear,2,0,"['Driver', 'Front_Passenger']","['None_Used', 'Shoulder_Lapbelt']",1,1,Valid,0.0,1.0,22.0,22.0,['Male'],2,0,3,4,3,Dry,Straight,Level,Lowest,No
24126,37,North Carolina,370537,0,1,1,0,3,APEX,May,19,Friday,16,0,Urban,Low Speed (Local),No,35.722825,-78.82909722,Non-Intersection,Daylight,Cloudy,4:00pm-4:59pm,0,4:00pm-4:59pm,7,4:00pm-4:59pm,35,1,Daylight,Reduced Visibility,1,2,['Front_Passenger'],['None_Used'],0,0,Invalid,0.0,0.0,21.0,21.0,['Male'],3,0,2,4,3,Wet/Standing Water,Curve,Grade/Hillcrest,Lowest,No