,State_Code,State_Name,Crash_ID,Count_Non_Motorists,Count_Vehicles_Total,Count_Vehicle_Forms,Count_PVH_Involved,Count_Occupants_MV,City_Name,Month_Name,Day_of_Month,Day_of_Week,Crash_Hour,Crash_Minute,Area_Rural_Urban,Road_Functional_Class,On_NHS_Road,Latitude,Longitude,Intersection_Type,Light_Condition,Weather_Condition,Notif_Hour,Notif_Minute,Arrival_Hour,Arrival_Minute,Hospital_Hour,Hospital_Minute,Fatalities_Count,Clean_Light_Condition,Clean_Weather_Condition,Total_Killed,Total_Alive,Fatal_Seats_List,Killed_Restraint_List,Any_Driver_Drinking,Total_Drinking_Drivers,Driver_License_Category,Driver_Max_Prev_Accident_Count,Driver_Max_Prev_Speeding_Count,Max_Driver_Age,Min_Driver_Age,Driver_Sex_List,Total_Exceeding_Limit_Vehicles,Total_Too_Fast_Vehicles,Max_Vehicle_Type_Severity_5,Max_Vehicle_Damage_Rank,Max_Harmful_Event_Severity,Crash_Road_Surface_Condition,Crash_Horizontal_Alignment,Crash_Vertical_Profile,Crash_Impairment_Category,Crash_Vehicle_Defect
24127,37,North Carolina,370538,0,2,2,0,2,NOT APPLICABLE,May,21,Sunday,19,46,Rural,High Speed (Arterial),No,36.49983889,-77.653575,Simple Junction,Daylight,Clear,7:00pm-7:59pm,32,7:00pm-7:59pm,38,8:00pm-8:59pm,2,1,Daylight,Clear,1,1,['Driver'],['Shoulder_Lapbelt'],0,0,Valid,0.0,0.0,81.0,33.0,"['Female', 'Male']",0,0,3,4,5,Dry,Straight,Level,Lowest,No
24128,37,North Carolina,370539,0,2,2,0,2,WILSON,May,28,Sunday,17,24,Rural,High Speed (Arterial),No,35.71946389,-77.91381944,Complex/Circle,Daylight,Rain,Unknown,Unknown,Unknown EMS Scene Arrival Hour,Unknown EMS Scene Arrival Minutes,Not Applicable (Not Transported),Not Applicable (Not Transported),1,Daylight,Rain/Wind/Minor,1,1,['Driver'],['None_Used'],0,0,Valid,1.0,0.0,55.0,24.0,"['Male', 'Female']",1,0,3,4,5,Wet/Standing Water,Straight,Level,Lowest,No
24129,37,North Carolina,370540,0,2,2,0,2,NOT APPLICABLE,May,30,Tuesday,8,19,Rural,High Speed (Arterial),Yes,34.92028611,-79.78326944,Non-Intersection,Daylight,Clear,Unknown,Unknown,Unknown EMS Scene Arrival Hour,Unknown EMS Scene Arrival Minutes,Not Applicable (Not Transported),Not Applicable (Not Transported),1,Daylight,Clear,1,1,['Driver'],['Shoulder_Lapbelt'],0,0,Valid,1.0,0.0,44.0,31.0,"['Male', 'Female']",0,0,3,4,5,Dry,Straight,Level,Lowest,No
24130,37,North Carolina,370541,0,1,1,0,1,NOT APPLICABLE,May,31,Wednesday,17,21,Rural,High Speed (Arterial),Yes,34.62763333,-77.93481111,Non-Intersection,Daylight,Cloudy,5:00pm-5:59pm,22,5:00pm-5:59pm,33,Not Applicable (Not Transported),Not Applicable (Not Transported),1,Daylight,Reduced Visibility,1,0,['Driver'],['Shoulder_Lapbelt'],0,0,Valid,0.0,0.0,32.0,32.0,['Female'],1,0,3,4,3,Dry,Curve,Level,Lowest,No
24131,37,North Carolina,370542,0,2,2,0,2,WASHINGTON,May,18,Thursday,11,30,Urban,Medium Speed (Collector),No,35.55526667,-77.04599444,Complex/Circle,Daylight,Clear,Unknown,Unknown,Unknown EMS Scene Arrival Hour,Unknown EMS Scene Arrival Minutes,Unknown,Unknown EMS Hospital Arrival Time,1,Daylight,Clear,1,1,['Driver'],['None_Used'],0,0,Valid,0.0,0.0,53.0,19.0,"['Female', 'Female']",0,0,5,3,5,Dry,Straight,Level,Lowest,No
24132,37,North Carolina,370543,1,1,1,0,2,CARY,May,28,Sunday,21,12,Urban,Medium Speed (Collector),No,35.76936111,-78.74046111,Non-Intersection,Dark - Lighted,Rain,9:00pm-9:59pm,13,9:00pm-9:59pm,18,Not Applicable (Not Transported),Not Applicable (Not Transported),1,Dark - Lighted,Rain/Wind/Minor,0,2,[],[],0,0,Valid,0.0,0.0,35.0,35.0,['Female'],0,0,3,3,4,Wet/Standing Water,Straight,Level,Lowest,No
24133,37,North Carolina,370544,0,1,1,0,1,NOT APPLICABLE,March,31,Friday,18,57,Rural,Medium Speed (Collector),No,35.41340833,-82.40981389,Non-Intersection,Daylight,Clear,Unknown,Unknown,Unknown EMS Scene Arrival Hour,Unknown EMS Scene Arrival Minutes,Unknown,Unknown EMS Hospital Arrival Time,1,Daylight,Clear,1,0,['Driver'],['None_Used'],1,1,Valid,0.0,0.0,38.0,38.0,['Male'],0,0,3,4,3,Dry,Curve,Level,Lowest,No
24134,37,North Carolina,370545,0,2,2,0,3,FAYETTEVILLE,April,28,Friday,21,3,Urban,High Speed (Arterial),Yes,35.04535833,-78.92636111,Non-Intersection,Dark - Lighted,Clear,Unknown,Unknown,Unknown EMS Scene Arrival Hour,Unknown EMS Scene Arrival Minutes,Unknown,Unknown EMS Hospital Arrival Time,1,Dark - Lighted,Clear,1,2,['Driver'],['None_Used'],1,1,Valid,2.0,0.0,52.0,23.0,"['Male', 'Male']",1,0,5,4,5,Dry,Straight,Level,Lowest,No
24135,37,North Carolina,370546,0,2,2,0,3,FAYETTEVILLE,April,28,Friday,12,52,Urban,Medium Speed (Collector),No,35.12005278,-78.88440833,Complex/Circle,Daylight,Clear,Unknown,Unknown,Unknown EMS Scene Arrival Hour,Unknown EMS Scene Arrival Minutes,Unknown,Unknown EMS Hospital Arrival Time,2,Daylight,Clear,2,1,"['Driver', 'Rear_Seat']","['None_Used', 'None_Used']",0,0,Valid,0.0,0.0,64.0,46.0,"['Female', 'Female']",0,0,5,4,5,Dry,Straight,Level,Lowest,No
24136,37,North Carolina,370547,0,2,2,0,2,NOT APPLICABLE,April,28,Friday,21,23,Rural,Medium Speed (Collector),No,35.36749722,-78.88786944,Complex/Circle,Dark - Not Lighted,Clear,9:00pm-9:59pm,34,9:00pm-9:59pm,41,Not Applicable (Not Transported),Not Applicable (Not Transported),1,Dark - Unlighted,Clear,1,1,['Driver'],['None_Used'],1,1,Valid,1.0,0.0,64.0,37.0,"['Male', 'Male']",0,0,2,4,5,Dry,Straight,Level,Lowest,No
24137,37,North Carolina,370548,0,2,2,0,2,NOT APPLICABLE,April,26,Wednesday,5,15,Rural,Low Speed (Local),No,34.66403611,-78.98059722,Non-Intersection,Dark - Not Lighted,Clear,5:00am-5:59am,13,5:00am-5:59am,17,6:00am-6:59am,27,1,Dark - Unlighted,Clear,1,1,['Driver'],['Shoulder_Lapbelt'],0,0,Valid,0.0,0.0,76.0,47.0,"['Male', 'Male']",0,0,5,4,5,Dry,Straight,Level,Lowest,No
24138,37,North Carolina,370549,0,2,2,0,3,NOT APPLICABLE,April,16,Sunday,0,15,Rural,Medium Speed (Collector),No,35.57598889,-80.708275,Non-Intersection,Dark - Not Lighted,Clear,Unknown,Unknown,Unknown EMS Scene Arrival Hour,Unknown EMS Scene Arrival Minutes,Unknown,Unknown EMS Hospital Arrival Time,1,Dark - Unlighted,Clear,1,2,['Driver'],['None_Used'],1,1,Valid,2.0,0.0,56.0,22.0,"['Female', 'Male']",0,0,3,4,5,Dry,Curve,Level,Lowest,No
24139,37,North Carolina,370550,0,2,2,0,4,NOT APPLICABLE,April,30,Sunday,18,30,Rural,Medium Speed (Collector),No,36.53384444,-80.736375,Non-Intersection,Daylight,Clear,6:00pm-6:59pm,29,6:00pm-6:59pm,41,7:00pm-7:59pm,28,1,Daylight,Clear,1,3,['Rear_Seat'],['None_Used'],0,0,Valid,0.0,0.0,43.0,19.0,"['Female', 'Female']",0,0,2,4,5,Dry,Curve,Grade/Hillcrest,Lowest,No
24140,37,North Carolina,370551,0,2,2,0,2,UNIONVILLE,April,20,Thursday,9,31,Urban,Medium Speed (Collector),No,35.10285556,-80.4909,Non-Intersection,Daylight,Clear,Unknown,Unknown,Unknown EMS Scene Arrival Hour,Unknown EMS Scene Arrival Minutes,Not Applicable (Not Transported),Not Applicable (Not Transported),1,Daylight,Clear,1,1,['Driver'],['None_Used'],0,0,Valid,2.0,0.0,78.0,73.0,"['Male', 'Male']",0,0,5,2,5,Dry,Straight,Level,Lowest,No
24141,37,North Carolina,370552,0,1,1,0,1,NOT APPLICABLE,April,16,Sunday,3,37,Rural,Medium Speed (Collector),No,35.78043056,-78.3464,Non-Intersection,Dark - Not Lighted,Clear,3:00am-3:59am,35,3:00am-3:59am,53,Not Applicable (Not Transported),Not Applicable (Not Transported),1,Dark - Unlighted,Clear,1,0,['Driver'],['None_Used'],0,0,Valid,0.0,0.0,71.0,71.0,['Male'],0,0,2,4,3,Dry,Curve,Level,Lowest,No
24142,37,North Carolina,370553,0,1,1,0,1,NOT APPLICABLE,April,23,Sunday,19,11,Rural,Low Speed (Local),No,35.87768889,-78.32167222,Non-Intersection,Daylight,Clear,7:00pm-7:59pm,6,7:00pm-7:59pm,17,7:00pm-7:59pm,44,1,Daylight,Clear,1,0,['Driver'],['None_Used'],0,0,Valid,0.0,0.0,47.0,47.0,['Female'],0,0,5,4,3,Dry,Curve,Level,Lowest,No
24143,37,North Carolina,370554,0,1,1,0,3,NOT APPLICABLE,May,29,Monday,14,42,Rural,High Speed (Arterial),Yes,34.94450833,-79.88901389,Non-Intersection,Daylight,Clear,Unknown,Unknown,Unknown EMS Scene Arrival Hour,Unknown EMS Scene Arrival Minutes,Not Applicable (Not Transported),Not Applicable (Not Transported),1,Daylight,Clear,1,2,['Driver'],['Shoulder_Lapbelt'],0,0,Valid,0.0,0.0,34.0,34.0,['Male'],0,0,3,4,2,Dry,Straight,Level,Lowest,No
24144,37,North Carolina,370555,0,1,1,0,1,NOT APPLICABLE,May,30,Tuesday,8,6,Rural,High Speed (Arterial),Yes,34.13531111,-78.09452778,Non-Intersection,Daylight,Clear,Unknown,Unknown,Unknown EMS Scene Arrival Hour,Unknown EMS Scene Arrival Minutes,Not Applicable (Not Transported),Not Applicable (Not Transported),1,Daylight,Clear,1,0,['Driver'],['Shoulder_Lapbelt'],0,0,Valid,6.0,0.0,37.0,37.0,['Male'],1,0,3,4,3,Dry,Curve,Level,Lowest,No
24145,37,North Carolina,370557,1,1,1,0,1,FAYETTEVILLE,May,7,Sunday,8,15,Urban,Medium Speed (Collector),No,35.05351667,-79.00075278,Non-Intersection,Dark - Lighted,Clear,Unknown,Unknown,Unknown EMS Scene Arrival Hour,Unknown EMS Scene Arrival Minutes,Not Applicable (Not Transported),Not Applicable (Not Transported),1,Dark - Lighted,Clear,0,0,[],[],0,0,Invalid,0.0,0.0,999.0,999.0,['Other'],0,0,1,2,4,Dry,Straight,Level,Lowest,No
24146,37,North Carolina,370558,0,1,1,0,1,FAYETTEVILLE,May,14,Sunday,3,3,Urban,Medium Speed (Collector),No,34.99203056,-79.03277778,Non-Intersection,Dark - Lighted,Clear,Unknown,Unknown,Unknown EMS Scene Arrival Hour,Unknown EMS Scene Arrival Minutes,Not Applicable (Not Transported),Not Applicable (Not Transported),1,Dark - Lighted,Clear,1,0,['Driver'],['None_Used'],0,0,Valid,0.0,0.0,34.0,34.0,['Male'],1,0,3,4,3,Dry,Straight,Level,Lowest,Yes
24147,37,North Carolina,370559,0,3,2,1,4,FAYETTEVILLE,May,27,Saturday,15,13,Urban,High Speed (Arterial),Yes,35.104875,-78.922175,Non-Intersection,Daylight,Rain,Unknown,Unknown,Unknown EMS Scene Arrival Hour,Unknown EMS Scene Arrival Minutes,Unknown,Unknown EMS Hospital Arrival Time,3,Daylight,Rain/Wind/Minor,3,1,"['Driver', 'Front_Passenger', 'Rear_Seat']","['None_Used', 'Shoulder_Lapbelt', 'None_Used']",1,2,Valid,1.0,2.0,53.0,38.0,"['Male', 'Male']",1,0,3,4,5,Wet/Standing Water,Straight,Level,Lowest,No
24148,37,North Carolina,370560,4,1,1,0,2,TARBORO,May,14,Sunday,1,52,Urban,Medium Speed (Collector),No,35.92075,-77.54488056,Non-Intersection,Dark - Lighted,Cloudy,Unknown,Unknown,Unknown EMS Scene Arrival Hour,Unknown EMS Scene Arrival Minutes,Unknown,Unknown EMS Hospital Arrival Time,1,Dark - Lighted,Reduced Visibility,0,2,[],[],1,1,Invalid,0.0,0.0,18.0,18.0,['Male'],2,0,3,4,3,Dry,Curve,Grade/Hillcrest,Lowest,No
24149,37,North Carolina,370561,0,1,1,0,1,NOT APPLICABLE,May,25,Thursday,18,36,Rural,Low Speed (Local),No,36.38206389,-77.75146389,Non-Intersection,Daylight,Clear,6:00pm-6:59pm,19,6:00pm-6:59pm,30,6:00pm-6:59pm,47,1,Daylight,Clear,1,0,['Driver'],['None_Used'],1,1,Valid,0.0,0.0,35.0,35.0,['Female'],1,0,2,4,3,Dry,Curve,Level,Lowest,No
24150,37,North Carolina,370563,0,3,3,0,6,NOT APPLICABLE,June,10,Saturday,14,5,Rural,High Speed (Arterial),Yes,36.03458333,-76.78443611,Complex/Circle,Daylight,Clear,Unknown,Unknown,Unknown EMS Scene Arrival Hour,Unknown EMS Scene Arrival Minutes,Unknown,Unknown EMS Hospital Arrival Time,2,Daylight,Clear,2,4,"['Driver', 'Rear_Seat']","['Shoulder_Lapbelt', 'Shoulder_Lapbelt']",0,0,Valid,0.0,1.0,65.0,18.0,"['Male', 'Male', 'Male']",1,0,3,4,5,Dry,Straight,Level,Lowest,No
24151,37,North Carolina,370564,0,1,1,0,3,NOT APPLICABLE,June,22,Thursday,12,36,Rural,Medium Speed (Collector),No,34.64319167,-78.6791,Non-Intersection,Daylight,Cloudy,12:00pm-12:59pm,37,12:00pm-12:59pm,40,1:00pm-1:59pm,25,1,Daylight,Reduced Visibility,1,2,['Driver'],['Shoulder_Lapbelt'],0,0,Valid,1.0,0.0,61.0,61.0,['Female'],0,0,3,4,3,Wet/Standing Water,Straight,Level,Lowest,No
24152,37,North Carolina,370565,0,1,1,0,2,NOT APPLICABLE,June,9,Friday,20,37,Rural,Medium Speed (Collector),No,35.45304444,-82.72927222,Non-Intersection,Dusk,Clear,Unknown,Unknown,Unknown EMS Scene Arrival Hour,Unknown EMS Scene Arrival Minutes,Not Applicable (Not Transported),Not Applicable (Not Transported),2,Twilight,Clear,2,0,"['Driver', 'Front_Passenger']","['Shoulder_Lapbelt', 'Shoulder_Lapbelt']",1,1,Valid,0.0,0.0,51.0,51.0,['Male'],2,0,2,4,3,Dry,Straight,Level,Lowest,No
24153,37,North Carolina,370566,0,2,2,0,2,NOT APPLICABLE,June,26,Monday,7,40,Rural,Medium Speed (Collector),No,35.48018889,-82.56496944,Non-Intersection,Daylight,Clear,Unknown,Unknown,Unknown EMS Scene Arrival Hour,Unknown EMS Scene Arrival Minutes,Unknown,Unknown EMS Hospital Arrival Time,1,Daylight,Clear,1,1,['Driver'],['Shoulder_Lapbelt'],0,0,Valid,1.0,0.0,53.0,30.0,"['Male', 'Female']",1,0,3,4,5,Dry,Straight,Level,Lowest,No
24154,37,North Carolina,370567,0,1,1,0,1,NOT APPLICABLE,June,10,Saturday,14,28,Rural,Medium Speed (Collector),No,35.77521944,-81.75403333,Non-Intersection,Daylight,Clear,Unknown,Unknown,Unknown EMS Scene Arrival Hour,Unknown EMS Scene Arrival Minutes,Not Applicable (Not Transported),Not Applicable (Not Transported),1,Daylight,Clear,1,0,['Driver'],['None_Used'],0,0,Valid,0.0,0.0,20.0,20.0,['Male'],1,0,5,4,3,Dry,Curve,Grade/Hillcrest,Lowest,No
24155,37,North Carolina,370568,0,2,2,0,3,NOT APPLICABLE,June,29,Thursday,15,9,Rural,High Speed (Arterial),Yes,36.11732222,-81.65925,Non-Intersection,Daylight,Clear,Unknown,Unknown,Unknown EMS Scene Arrival Hour,Unknown EMS Scene Arrival Minutes,Not Applicable (Not Transported),Not Applicable (Not Transported),1,Daylight,Clear,1,2,['Driver'],['Shoulder_Lapbelt'],1,1,Valid,0.0,0.0,49.0,47.0,"['Male', 'Male']",2,0,3,4,5,Dry,Curve,Grade/Hillcrest,Lowest,No
24156,37,North Carolina,370569,2,1,1,0,1,NOT APPLICABLE,June,26,Monday,15,46,Rural,High Speed (Arterial),Yes,35.57349167,-81.01868056,Non-Intersection,Daylight,Clear,3:00pm-3:59pm,35,3:00pm-3:59pm,39,4:00pm-4:59pm,26,1,Daylight,Clear,0,1,[],[],0,0,Valid,0.0,0.0,80.0,80.0,['Male'],0,0,3,2,4,Dry,Straight,Level,Lowest,No
24157,37,North Carolina,370570,0,1,1,0,1,NOT APPLICABLE,June,7,Wednesday,22,45,Rural,Medium Speed (Collector),No,35.25119444,-81.41267222,Non-Intersection,Dark - Not Lighted,Clear,10:00pm-10:59pm,41,10:00pm-10:59pm,45,Not Applicable (Not Transported),Not Applicable (Not Transported),1,Dark - Unlighted,Clear,1,0,['Driver'],['None_Used'],0,0,Valid,0.0,1.0,40.0,40.0,['Female'],1,0,2,4,3,Dry,Straight,Level,Lowest,No
24158,37,North Carolina,370571,1,2,2,0,4,KINGS MOUNTAIN,June,15,Thursday,22,6,Urban,High Speed (Arterial),Yes,35.23921111,-81.38480278,Non-Intersection,Dark - Not Lighted,Clear,10:00pm-10:59pm,4,10:00pm-10:59pm,9,Not Applicable (Not Transported),Not Applicable (Not Transported),1,Dark - Unlighted,Clear,0,4,[],[],0,0,Valid,1.0,1.0,52.0,19.0,"['Female', 'Female']",0,0,3,2,4,Dry,Straight,Level,Lowest,No
24159,37,North Carolina,370572,0,3,3,0,3,Other,June,27,Tuesday,14,53,Urban,Medium Speed (Collector),No,35.4794,-81.52206944,Complex/Circle,Daylight,Clear,2:00pm-2:59pm,49,2:00pm-2:59pm,52,4:00pm-4:59pm,13,1,Daylight,Clear,1,2,['Driver'],['Shoulder_Lapbelt'],0,0,Valid,1.0,0.0,89.0,43.0,"['Male', 'Male', 'Male']",0,0,3,4,5,Dry,Straight,Level,Lowest,No
24160,37,North Carolina,370573,0,2,2,0,2,NOT APPLICABLE,June,10,Saturday,6,12,Rural,High Speed (Arterial),Yes,35.01412222,-78.87005,Non-Intersection,Dawn,Clear,Unknown,Unknown,Unknown EMS Scene Arrival Hour,Unknown EMS Scene Arrival Minutes,Unknown,Unknown EMS Hospital Arrival Time,1,Twilight,Clear,1,1,['Driver'],['None_Used'],1,1,Valid,5.0,1.0,45.0,28.0,"['Male', 'Male']",0,0,3,4,5,Dry,Straight,Level,Lowest,No
24161,37,North Carolina,370574,1,1,1,0,1,FAYETTEVILLE,March,18,Saturday,5,24,Urban,High Speed (Arterial),Yes,35.05971944,-78.96983889,Non-Intersection,Daylight,Rain,Unknown,Unknown,Unknown EMS Scene Arrival Hour,Unknown EMS Scene Arrival Minutes,Not Applicable (Not Transported),Not Applicable (Not Transported),1,Daylight,Rain/Wind/Minor,0,1,[],[],0,0,Invalid,0.0,0.0,39.0,39.0,['Female'],0,0,2,2,4,Wet/Standing Water,Straight,Level,Lowest,No
24162,37,North Carolina,370575,0,2,2,0,6,NOT APPLICABLE,June,12,Monday,10,58,Rural,Medium Speed (Collector),No,35.71492222,-75.4922,Non-Intersection,Daylight,Clear,Unknown,Unknown,Unknown EMS Scene Arrival Hour,Unknown EMS Scene Arrival Minutes,Unknown,Unknown EMS Hospital Arrival Time,3,Daylight,Clear,3,3,"['Driver', 'Driver', 'Rear_Seat']","['Shoulder_Lapbelt', 'Shoulder_Lapbelt', 'Shoulder_Lapbelt']",0,0,Valid,1.0,0.0,67.0,25.0,"['Male', 'Female']",0,0,3,4,5,Dry,Straight,Level,Lowest,No
24163,37,North Carolina,370576,0,2,2,0,2,NOT APPLICABLE,June,2,Friday,21,2,Rural,Medium Speed (Collector),No,35.69863333,-80.30538611,Non-Intersection,Dark - Not Lighted,Clear,8:00pm-8:59pm,50,9:00pm-9:59pm,7,Not Applicable (Not Transported),Not Applicable (Not Transported),1,Dark - Unlighted,Clear,1,1,['Driver'],['None_Used'],1,1,Invalid,2.0,0.0,27.0,17.0,"['Male', 'Male']",0,0,5,4,5,Dry,Straight,Grade/Hillcrest,Lowest,No
24164,37,North Carolina,370577,0,1,1,0,1,NOT APPLICABLE,June,3,Saturday,19,20,Rural,Medium Speed (Collector),No,35.99656111,-80.27094722,Non-Intersection,Daylight,Cloudy,7:00pm-7:59pm,8,7:00pm-7:59pm,30,Not Applicable (Not Transported),Not Applicable (Not Transported),1,Daylight,Reduced Visibility,1,0,['Driver'],['None_Used'],0,0,Valid,0.0,0.0,60.0,60.0,['Male'],0,0,5,4,3,Dry,Curve,Level,Lowest,No
24165,37,North Carolina,370578,0,1,1,0,1,NOT APPLICABLE,June,22,Thursday,14,7,Rural,Low Speed (Local),No,35.91384444,-80.26596111,Non-Intersection,Daylight,Cloudy,Unknown,Unknown,Unknown EMS Scene Arrival Hour,Unknown EMS Scene Arrival Minutes,Not Applicable (Not Transported),Not Applicable (Not Transported),1,Daylight,Reduced Visibility,1,0,['Driver'],['Shoulder_Lapbelt'],0,0,Valid,0.0,0.0,48.0,48.0,['Female'],0,0,3,4,3,Wet/Standing Water,Straight,Level,Lowest,No
24166,37,North Carolina,370579,0,2,1,1,2,NOT APPLICABLE,June,5,Monday,9,13,Rural,Medium Speed (Collector),No,34.85988333,-78.03474167,Non-Intersection,Daylight,Clear,Unknown,Unknown,Unknown EMS Scene Arrival Hour,Unknown EMS Scene Arrival Minutes,Not Applicable (Not Transported),Not Applicable (Not Transported),1,Daylight,Clear,1,1,['Driver'],['None_Used'],0,0,Valid,1.0,1.0,23.0,23.0,['Male'],0,0,2,4,2,Dry,Straight,Level,Lowest,No
24167,37,North Carolina,370580,0,1,1,0,1,KENANSVILLE,June,29,Thursday,21,33,Urban,High Speed (Arterial),Yes,34.961825,-77.95954444,Non-Intersection,Dark - Lighted,Clear,Unknown,Unknown,Unknown EMS Scene Arrival Hour,Unknown EMS Scene Arrival Minutes,Unknown,Unknown EMS Hospital Arrival Time,1,Dark - Lighted,Clear,1,0,['Driver'],['Shoulder_Lapbelt'],0,0,Valid,0.0,0.0,78.0,78.0,['Male'],1,0,3,4,3,Dry,Curve,Level,Lowest,No
24168,37,North Carolina,370581,1,1,1,0,1,NOT APPLICABLE,June,7,Wednesday,23,57,Rural,High Speed (Arterial),Yes,35.98469444,-78.83498611,Complex/Circle,Dark - Not Lighted,Cloudy,11:00pm-11:59pm,42,11:00pm-11:59pm,48,0:00am-0:59am,4,1,Dark - Unlighted,Reduced Visibility,0,1,[],[],0,0,Valid,0.0,0.0,59.0,59.0,['Female'],0,0,3,4,4,Dry,Straight,Level,Lowest,No
24169,37,North Carolina,370582,1,1,1,0,1,DURHAM,June,17,Saturday,0,21,Urban,High Speed (Arterial),Yes,36.03158611,-78.89074167,Non-Intersection,Dark - Lighted,Clear,0:00am-0:59am,22,0:00am-0:59am,25,Not Applicable (Not Transported),Not Applicable (Not Transported),1,Dark - Lighted,Clear,0,1,[],[],0,0,Valid,0.0,0.0,50.0,50.0,['Female'],1,0,2,2,4,Dry,Straight,Level,Lowest,No
24170,37,North Carolina,370583,0,2,2,0,3,DURHAM,June,30,Friday,20,41,Urban,High Speed (Arterial),Yes,35.91885,-78.96138611,Complex/Circle,Dark - Lighted,Cloudy,8:00pm-8:59pm,46,8:00pm-8:59pm,52,Not Applicable (Not Transported),Not Applicable (Not Transported),1,Dark - Lighted,Reduced Visibility,1,2,['Front_Passenger'],['Shoulder_Lapbelt'],0,0,Valid,2.0,2.0,34.0,22.0,"['Male', 'Female']",0,0,3,4,5,Dry,Straight,Level,Lowest,No
24171,37,North Carolina,370584,0,2,2,0,4,NOT APPLICABLE,June,8,Thursday,15,16,Rural,High Speed (Arterial),No,35.83571389,-77.37302222,Complex/Circle,Daylight,Clear,3:00pm-3:59pm,2,3:00pm-3:59pm,12,4:00pm-4:59pm,5,2,Daylight,Clear,2,2,"['Driver', 'Front_Passenger']","['Shoulder_Lapbelt', 'Shoulder_Lapbelt']",0,0,Valid,1.0,0.0,73.0,38.0,"['Male', 'Male']",1,0,3,4,5,Dry,Curve,Grade/Hillcrest,Lowest,No
24172,37,North Carolina,370585,0,3,1,2,1,NOT APPLICABLE,June,15,Thursday,5,40,Rural,Medium Speed (Collector),No,35.79995,-77.68565,Non-Intersection,Dark - Not Lighted,Clear,5:00am-5:59am,39,5:00am-5:59am,45,Not Applicable (Not Transported),Not Applicable (Not Transported),1,Dark - Unlighted,Clear,1,0,['Driver'],['None_Used'],1,1,Valid,0.0,0.0,51.0,51.0,['Female'],0,0,2,4,3,Dry,Curve,Level,Lowest,No
24173,37,North Carolina,370586,1,1,1,0,1,WINSTON SALEM,June,19,Monday,9,17,Urban,Low Speed (Local),No,36.15575556,-80.21287222,Non-Intersection,Daylight,Cloudy,Unknown,Unknown,Unknown EMS Scene Arrival Hour,Unknown EMS Scene Arrival Minutes,Not Applicable (Not Transported),Not Applicable (Not Transported),1,Daylight,Reduced Visibility,0,1,[],[],0,0,Valid,4.0,3.0,29.0,29.0,['Male'],0,0,3,2,4,Wet/Standing Water,Straight,Grade/Hillcrest,Lowest,No
24174,37,North Carolina,370587,0,2,2,0,3,TOBACCOVILLE,June,27,Tuesday,11,25,Urban,High Speed (Arterial),Yes,36.24709167,-80.35195,Non-Intersection,Daylight,Clear,Unknown,Unknown,Unknown EMS Scene Arrival Hour,Unknown EMS Scene Arrival Minutes,Unknown,Unknown EMS Hospital Arrival Time,1,Daylight,Clear,1,2,['Front_Passenger'],['None_Used'],0,0,Valid,0.0,0.0,49.0,44.0,"['Male', 'Male']",0,0,4,4,5,Dry,Straight,Level,Lowest,No
24175,37,North Carolina,370588,0,1,1,0,1,NOT APPLICABLE,June,2,Friday,5,24,Rural,Low Speed (Local),No,36.12303056,-78.41570278,Non-Intersection,Dark - Not Lighted,"Fog, Smog, Smoke",5:00am-5:59am,13,5:00am-5:59am,22,6:00am-6:59am,15,1,Dark - Unlighted,Reduced Visibility,1,0,['Driver'],['None_Used'],0,0,Valid,0.0,0.0,75.0,75.0,['Male'],1,0,3,4,3,Dry,Curve,Level,Lowest,No
24176,37,North Carolina,370589,0,1,1,0,1,NOT APPLICABLE,June,17,Saturday,3,26,Rural,High Speed (Arterial),Yes,36.17625,-78.29588889,Simple Junction,Dark - Not Lighted,Clear,3:00am-3:59am,23,3:00am-3:59am,28,Not Applicable (Not Transported),Not Applicable (Not Transported),1,Dark - Unlighted,Clear,1,0,['Driver'],['Shoulder_Lapbelt'],0,0,Valid,1.0,1.0,81.0,81.0,['Male'],0,0,3,4,3,Dry,Straight,Level,Lowest,No
24177,37,North Carolina,370590,0,2,2,0,3,NOT APPLICABLE,June,12,Monday,20,51,Rural,Medium Speed (Collector),No,35.18747222,-81.23821944,Simple Junction,Dusk,Clear,8:00pm-8:59pm,45,8:00pm-8:59pm,50,9:00pm-9:59pm,22,1,Twilight,Clear,1,2,['Driver'],['None_Used'],0,0,Valid,0.0,0.0,39.0,29.0,"['Male', 'Male']",1,0,5,4,5,Dry,Straight,Grade/Hillcrest,Lowest,No
24178,37,North Carolina,370591,0,1,1,0,1,NOT APPLICABLE,June,16,Friday,16,34,Rural,High Speed (Arterial),Yes,35.34540556,-83.8932,Non-Intersection,Daylight,Clear,4:00pm-4:59pm,35,4:00pm-4:59pm,59,Not Applicable (Not Transported),Not Applicable (Not Transported),1,Daylight,Clear,1,0,['Driver'],['None_Used'],0,0,Valid,0.0,0.0,19.0,19.0,['Male'],1,0,5,2,2,Dry,Curve,Level,Lowest,No
24179,37,North Carolina,370592,0,2,2,0,4,NOT APPLICABLE,June,2,Friday,21,5,Rural,Medium Speed (Collector),No,36.09723056,-78.73558056,Non-Intersection,Dusk,Clear,Unknown,Unknown,Unknown EMS Scene Arrival Hour,Unknown EMS Scene Arrival Minutes,Unknown,Unknown EMS Hospital Arrival Time,1,Twilight,Clear,1,3,['Driver'],['Shoulder_Lapbelt'],0,0,Valid,0.0,3.0,66.0,22.0,"['Male', 'Female']",2,0,3,4,3,Dry,Straight,Grade/Hillcrest,Lowest,No