,State_Code,State_Name,Crash_ID,Count_Non_Motorists,Count_Vehicles_Total,Count_Vehicle_Forms,Count_PVH_Involved,Count_Occupants_MV,City_Name,Month_Name,Day_of_Month,Day_of_Week,Crash_Hour,Crash_Minute,Area_Rural_Urban,Road_Functional_Class,On_NHS_Road,Latitude,Longitude,Intersection_Type,Light_Condition,Weather_Condition,Notif_Hour,Notif_Minute,Arrival_Hour,Arrival_Minute,Hospital_Hour,Hospital_Minute,Fatalities_Count,Clean_Light_Condition,Clean_Weather_Condition,Total_Killed,Total_Alive,Fatal_Seats_List,Killed_Restraint_List,Any_Driver_Drinking,Total_Drinking_Drivers,Driver_License_Category,Driver_Max_Prev_Accident_Count,Driver_Max_Prev_Speeding_Count,Max_Driver_Age,Min_Driver_Age,Driver_Sex_List,Total_Exceeding_Limit_Vehicles,Total_Too_Fast_Vehicles,Max_Vehicle_Type_Severity_5,Max_Vehicle_Damage_Rank,Max_Harmful_Event_Severity,Crash_Road_Surface_Condition,Crash_Horizontal_Alignment,Crash_Vertical_Profile,Crash_Impairment_Category,Crash_Vehicle_Defect
24180,37,North Carolina,370593,0,1,1,0,1,NOT APPLICABLE,June,24,Saturday,8,32,Rural,High Speed (Arterial),Yes,36.30870278,-78.55604444,Non-Intersection,Daylight,Clear,Unknown,Unknown,Unknown EMS Scene Arrival Hour,Unknown EMS Scene Arrival Minutes,Not Applicable (Not Transported),Not Applicable (Not Transported),1,Daylight,Clear,1,0,['Driver'],['None_Used'],0,0,Valid,2.0,3.0,43.0,43.0,['Male'],1,0,3,4,3,Dry,Straight,Level,Lowest,No
24181,37,North Carolina,370594,0,2,2,0,2,NOT APPLICABLE,June,6,Tuesday,8,11,Rural,Medium Speed (Collector),No,35.43453333,-77.70146944,Non-Intersection,Daylight,Clear,Unknown,Unknown,Unknown EMS Scene Arrival Hour,Unknown EMS Scene Arrival Minutes,Not Applicable (Not Transported),Not Applicable (Not Transported),1,Daylight,Clear,1,1,['Driver'],['None_Used'],0,0,Valid,3.0,1.0,55.0,23.0,"['Female', 'Male']",0,0,3,4,5,Dry,Curve,Level,Lowest,No
24182,37,North Carolina,370595,1,1,1,0,1,NOT APPLICABLE,June,7,Wednesday,8,58,Rural,Medium Speed (Collector),No,36.06219444,-79.648,Non-Intersection,Daylight,Clear,8:00am-8:59am,56,9:00am-9:59am,3,9:00am-9:59am,30,1,Daylight,Clear,0,1,[],[],0,0,Valid,1.0,0.0,75.0,75.0,['Female'],0,0,3,2,4,Dry,Curve,Level,Lowest,No
24183,37,North Carolina,370596,0,1,1,0,1,NOT APPLICABLE,June,18,Sunday,1,50,Rural,Medium Speed (Collector),No,36.16372222,-79.63181111,Non-Intersection,Dark - Not Lighted,Clear,1:00am-1:59am,53,2:00am-2:59am,4,Not Applicable (Not Transported),Not Applicable (Not Transported),1,Dark - Unlighted,Clear,1,0,['Driver'],['Shoulder_Lapbelt'],1,1,Valid,3.0,0.0,21.0,21.0,['Male'],1,0,3,4,3,Dry,Curve,Level,Lowest,No
24184,37,North Carolina,370597,0,2,2,0,2,GREENSBORO,June,21,Wednesday,8,43,Urban,Low Speed (Local),No,36.04201944,-79.86243333,Simple Junction,Daylight,Rain,8:00am-8:59am,44,8:00am-8:59am,50,9:00am-9:59am,20,1,Daylight,Rain/Wind/Minor,1,1,['Driver'],['Shoulder_Lapbelt'],1,2,Valid,1.0,0.0,61.0,32.0,"['Female', 'Male']",1,0,3,4,5,Wet/Standing Water,Straight,Level,Lowest,No
24185,37,North Carolina,370599,0,2,2,0,4,NOT APPLICABLE,June,2,Friday,8,11,Rural,Medium Speed (Collector),No,36.17170556,-77.49805556,Non-Intersection,Daylight,Cloudy,8:00am-8:59am,6,8:00am-8:59am,24,9:00am-9:59am,11,2,Daylight,Reduced Visibility,2,2,"['Driver', 'Front_Passenger']","['Shoulder_Lapbelt', 'Shoulder_Lapbelt']",0,0,Valid,1.0,0.0,53.0,22.0,"['Male', 'Male']",0,0,4,4,5,Dry,Straight,Level,Lowest,No
24186,37,North Carolina,370600,0,1,1,0,1,NOT APPLICABLE,June,24,Saturday,2,55,Rural,Low Speed (Local),No,35.46775278,-78.69126667,Non-Intersection,Dark - Not Lighted,Clear,2:00am-2:59am,51,3:00am-3:59am,11,3:00am-3:59am,54,1,Dark - Unlighted,Clear,1,0,['Driver'],['None_Used'],1,1,Invalid,2.0,1.0,20.0,20.0,['Male'],1,0,2,2,3,Dry,Straight,Level,Lowest,No
24187,37,North Carolina,370601,0,1,1,0,1,NOT APPLICABLE,June,23,Friday,4,0,Rural,Medium Speed (Collector),No,36.38031944,-77.03601667,Non-Intersection,Dark - Not Lighted,Clear,Unknown,Unknown,Unknown EMS Scene Arrival Hour,Unknown EMS Scene Arrival Minutes,Not Applicable (Not Transported),Not Applicable (Not Transported),1,Dark - Unlighted,Clear,1,0,['Driver'],['None_Used'],1,1,Valid,0.0,0.0,31.0,31.0,['Female'],1,0,3,4,3,Wet/Standing Water,Curve,Level,Lowest,No
24188,37,North Carolina,370602,0,2,2,0,2,NOT APPLICABLE,June,1,Thursday,7,57,Rural,Medium Speed (Collector),No,35.011475,-79.31018611,Non-Intersection,Daylight,Cloudy,7:00pm-7:59pm,32,7:00pm-7:59pm,39,Not Applicable (Not Transported),Not Applicable (Not Transported),1,Daylight,Reduced Visibility,1,1,['Driver'],['None_Used'],0,0,Valid,3.0,0.0,74.0,32.0,"['Male', 'Male']",0,0,4,4,5,Wet/Standing Water,Straight,Level,Lowest,No
24189,37,North Carolina,370603,0,1,1,0,1,NOT APPLICABLE,June,15,Thursday,14,43,Rural,Low Speed (Local),No,34.96678056,-79.23921944,Non-Intersection,Daylight,Clear,2:00pm-2:59pm,20,2:00pm-2:59pm,30,Not Applicable (Not Transported),Not Applicable (Not Transported),1,Daylight,Clear,1,0,['Driver'],['Shoulder_Lapbelt'],0,0,Valid,0.0,0.0,24.0,24.0,['Female'],1,0,3,4,3,Dry,Curve,Level,Lowest,No
24190,37,North Carolina,370604,0,1,1,0,1,NOT APPLICABLE,June,25,Sunday,15,37,Rural,Low Speed (Local),No,34.93514722,-79.11935,Non-Intersection,Daylight,Clear,3:00pm-3:59pm,31,3:00pm-3:59pm,42,4:00pm-4:59pm,13,1,Daylight,Clear,1,0,['Driver'],['None_Used'],0,0,Invalid,2.0,0.0,55.0,55.0,['Female'],1,0,2,4,3,Dry,Straight,Level,Lowest,No
24191,37,North Carolina,370605,0,1,1,0,1,NOT APPLICABLE,June,10,Saturday,12,9,Rural,Low Speed (Local),No,35.74789167,-80.91500556,Non-Intersection,Daylight,Clear,4:00pm-4:59pm,5,4:00pm-4:59pm,15,Not Applicable (Not Transported),Not Applicable (Not Transported),1,Daylight,Clear,1,0,['Driver'],['None_Used'],1,1,Valid,1.0,0.0,27.0,27.0,['Male'],1,0,2,4,3,Dry,Curve,Grade/Hillcrest,Lowest,No
24192,37,North Carolina,370606,0,2,2,0,2,NOT APPLICABLE,June,24,Saturday,20,56,Rural,Medium Speed (Collector),No,35.73499167,-80.94428889,Non-Intersection,Dark - Not Lighted,Clear,8:00pm-8:59pm,53,9:00pm-9:59pm,2,10:00pm-10:59pm,3,1,Dark - Unlighted,Clear,1,1,['Driver'],['None_Used'],1,1,Valid,0.0,1.0,48.0,28.0,"['Male', 'Male']",0,0,5,4,5,Dry,Straight,Level,Lowest,No
24193,37,North Carolina,370607,0,2,2,0,3,NOT APPLICABLE,June,23,Friday,4,44,Rural,High Speed (Arterial),Yes,35.87580833,-80.86594722,Non-Intersection,Dark - Not Lighted,Rain,3:00am-3:59am,53,4:00am-4:59am,5,4:00am-4:59am,52,1,Dark - Unlighted,Rain/Wind/Minor,1,2,['Driver'],['None_Used'],0,0,Valid,3.0,1.0,25.0,22.0,"['Female', 'Male']",0,0,3,4,5,Wet/Standing Water,Straight,Level,Lowest,No
24194,37,North Carolina,370608,1,2,2,0,3,NOT APPLICABLE,June,13,Tuesday,8,32,Rural,High Speed (Arterial),Yes,35.51841667,-78.5587,Non-Intersection,Daylight,Clear,Unknown,Unknown,Unknown EMS Scene Arrival Hour,Unknown EMS Scene Arrival Minutes,Not Applicable (Not Transported),Not Applicable (Not Transported),1,Daylight,Clear,0,3,[],[],0,0,Invalid,1.0,3.0,40.0,25.0,"['Male', 'Male']",0,0,4,4,5,Dry,Curve,Level,Lowest,No
24195,37,North Carolina,370609,0,2,2,0,5,NOT APPLICABLE,June,27,Tuesday,5,55,Rural,Medium Speed (Collector),No,35.68078889,-78.20896111,Simple Junction,Daylight,Clear,Unknown,Unknown,Unknown EMS Scene Arrival Hour,Unknown EMS Scene Arrival Minutes,Not Applicable (Not Transported),Not Applicable (Not Transported),1,Daylight,Clear,1,4,['Driver'],['None_Used'],0,0,Invalid,0.0,0.0,51.0,43.0,"['Male', 'Male']",0,0,5,4,5,Dry,Curve,Grade/Hillcrest,Lowest,No
24196,37,North Carolina,370610,0,2,2,0,2,NOT APPLICABLE,June,12,Monday,12,10,Rural,Medium Speed (Collector),Yes,35.500675,-78.31178333,Non-Intersection,Daylight,Clear,12:00pm-12:59pm,2,12:00pm-12:59pm,8,12:00pm-12:59pm,48,1,Daylight,Clear,1,1,['Driver'],['None_Used'],0,0,Valid,0.0,0.0,60.0,33.0,"['Male', 'Female']",0,0,5,2,5,Dry,Straight,Level,Lowest,No
24197,37,North Carolina,370611,0,2,2,0,3,NOT APPLICABLE,June,14,Wednesday,17,42,Rural,High Speed (Arterial),Yes,35.46909444,-78.201325,Non-Intersection,Daylight,Clear,5:00pm-5:59pm,39,5:00pm-5:59pm,48,6:00pm-6:59pm,39,1,Daylight,Clear,1,2,['Driver'],['Shoulder_Lapbelt'],0,0,Valid,0.0,0.0,75.0,52.0,"['Female', 'Male']",1,0,3,4,5,Dry,Straight,Level,Lowest,No
24198,37,North Carolina,370612,0,3,3,0,3,CLAYTON,June,26,Monday,14,36,Urban,High Speed (Arterial),Yes,35.66374444,-78.49376389,Simple Junction,Daylight,Clear,2:00pm-2:59pm,36,2:00pm-2:59pm,41,3:00pm-3:59pm,28,1,Daylight,Clear,1,2,['Driver'],['Shoulder_Lapbelt'],0,0,Valid,0.0,0.0,63.0,17.0,"['Male', 'Female', 'Female']",1,0,3,4,5,Dry,Straight,Grade/Hillcrest,Lowest,No
24199,37,North Carolina,370613,1,1,1,0,1,NOT APPLICABLE,June,3,Saturday,5,33,Rural,Low Speed (Local),No,35.44198889,-79.18699722,Non-Intersection,Dark - Not Lighted,Clear,Unknown,Unknown,Unknown EMS Scene Arrival Hour,Unknown EMS Scene Arrival Minutes,Not Applicable (Not Transported),Not Applicable (Not Transported),1,Dark - Unlighted,Clear,0,1,[],[],0,0,Invalid,0.0,0.0,39.0,39.0,['Male'],0,0,2,2,4,Dry,Straight,Level,Lowest,No
24200,37,North Carolina,370614,0,1,1,0,1,NOT APPLICABLE,June,6,Tuesday,9,39,Rural,Low Speed (Local),No,35.47255556,-79.07615278,Non-Intersection,Daylight,Clear,Unknown,Unknown,Unknown EMS Scene Arrival Hour,Unknown EMS Scene Arrival Minutes,Not Applicable (Not Transported),Not Applicable (Not Transported),1,Daylight,Clear,1,0,['Driver'],['None_Used'],0,0,Valid,0.0,0.0,83.0,83.0,['Male'],0,0,3,4,3,Dry,Curve,Level,Lowest,No
24201,37,North Carolina,370615,0,2,2,0,2,NOT APPLICABLE,June,1,Thursday,22,9,Rural,Low Speed (Local),No,35.10486389,-77.686025,Non-Intersection,Dark - Not Lighted,Clear,Unknown,Unknown,Unknown EMS Scene Arrival Hour,Unknown EMS Scene Arrival Minutes,Not Applicable (Not Transported),Not Applicable (Not Transported),1,Dark - Unlighted,Clear,1,1,['Driver'],['None_Used'],0,0,Valid,1.0,1.0,40.0,23.0,"['Male', 'Male']",0,0,5,4,5,Dry,Curve,Level,Lowest,No
24202,37,North Carolina,370616,0,2,2,0,5,NOT APPLICABLE,June,2,Friday,10,35,Rural,Medium Speed (Collector),No,35.15008333,-77.76434444,Complex/Circle,Daylight,Clear,Unknown,Unknown,Unknown EMS Scene Arrival Hour,Unknown EMS Scene Arrival Minutes,Not Applicable (Not Transported),Not Applicable (Not Transported),1,Daylight,Clear,1,4,['Driver'],['Shoulder_Lapbelt'],0,0,Valid,0.0,1.0,30.0,28.0,"['Female', 'Male']",0,0,3,4,5,Dry,Straight,Level,Lowest,No
24203,37,North Carolina,370617,1,1,1,0,2,NOT APPLICABLE,June,27,Tuesday,8,50,Rural,Medium Speed (Collector),No,35.81271667,-77.25053056,Non-Intersection,Daylight,Clear,Unknown,Unknown,Unknown EMS Scene Arrival Hour,Unknown EMS Scene Arrival Minutes,Not Applicable (Not Transported),Not Applicable (Not Transported),1,Daylight,Clear,0,2,[],[],0,0,Valid,0.0,0.0,64.0,64.0,['Male'],0,0,3,4,4,Dry,Straight,Level,Lowest,No
24204,37,North Carolina,370618,0,1,1,0,2,NOT APPLICABLE,June,6,Tuesday,13,30,Rural,Medium Speed (Collector),No,35.72691111,-82.01281667,Non-Intersection,Daylight,Clear,1:00pm-1:59pm,22,1:00pm-1:59pm,44,2:00pm-2:59pm,10,1,Daylight,Clear,1,1,['Front_Passenger'],['Shoulder_Lapbelt'],1,1,Valid,1.0,0.0,32.0,32.0,['Male'],2,0,2,4,3,Dry,Curve,Level,Lowest,No
24205,37,North Carolina,370619,1,1,1,0,1,CHARLOTTE,June,22,Thursday,22,2,Urban,High Speed (Arterial),No,35.14932778,-80.83326667,Non-Intersection,Dark - Lighted,Rain,10:00pm-10:59pm,0,10:00pm-10:59pm,13,Not Applicable (Not Transported),Not Applicable (Not Transported),1,Dark - Lighted,Rain/Wind/Minor,0,1,[],[],0,0,Invalid,0.0,1.0,27.0,27.0,['Male'],0,0,3,2,4,Wet/Standing Water,Straight,Level,Lowest,No
24206,37,North Carolina,370620,0,3,3,0,4,NOT APPLICABLE,June,6,Tuesday,16,2,Rural,Medium Speed (Collector),No,35.96213889,-82.111275,Non-Intersection,Daylight,Clear,4:00pm-4:59pm,1,4:00pm-4:59pm,9,4:00pm-4:59pm,37,1,Daylight,Clear,1,3,['Driver'],['Shoulder_Lapbelt'],0,0,Valid,1.0,0.0,50.0,34.0,"['Female', 'Male', 'Male']",0,0,3,4,5,Dry,Straight,Level,Lowest,No
24207,37,North Carolina,370621,0,1,1,0,1,NOT APPLICABLE,June,5,Monday,0,15,Rural,Low Speed (Local),No,35.34801944,-79.30776667,Non-Intersection,Dark - Not Lighted,Clear,0:00am-0:59am,10,0:00am-0:59am,17,Not Applicable (Not Transported),Not Applicable (Not Transported),1,Dark - Unlighted,Clear,1,0,['Driver'],['None_Used'],0,0,Valid,0.0,1.0,39.0,39.0,['Male'],1,0,3,4,3,Dry,Straight,Level,Lowest,No
24208,37,North Carolina,370622,0,2,2,0,5,NOT APPLICABLE,June,7,Wednesday,10,59,Rural,Medium Speed (Collector),No,35.21071667,-79.17775833,Non-Intersection,Daylight,Clear,10:00am-10:59am,58,11:00am-11:59am,2,11:00am-11:59am,40,4,Daylight,Clear,4,1,"['Driver', 'Driver', 'Rear_Seat', 'Front_Passenger']","['Shoulder_Lapbelt', 'Shoulder_Lapbelt', 'Shoulder_Lapbelt', 'Shoulder_Lapbelt']",0,0,Valid,2.0,2.0,72.0,26.0,"['Male', 'Female']",2,0,2,4,5,Dry,Curve,Grade/Hillcrest,Lowest,No
24209,37,North Carolina,370623,0,2,2,0,3,NOT APPLICABLE,June,4,Sunday,22,47,Rural,High Speed (Arterial),Yes,35.91859722,-78.15901667,Non-Intersection,Dark - Not Lighted,Clear,Unknown,Unknown,Unknown EMS Scene Arrival Hour,Unknown EMS Scene Arrival Minutes,Unknown,Unknown EMS Hospital Arrival Time,1,Dark - Unlighted,Clear,1,2,['Driver'],['Shoulder_Lapbelt'],1,1,Valid,2.0,0.0,70.0,41.0,"['Female', 'Male']",1,0,3,4,5,Dry,Straight,Level,Lowest,No
24210,37,North Carolina,370624,0,2,2,0,6,ROCKY MOUNT,June,18,Sunday,2,48,Urban,High Speed (Arterial),Yes,35.90944167,-77.81083889,Non-Intersection,Dark - Lighted,Clear,Unknown,Unknown,Unknown EMS Scene Arrival Hour,Unknown EMS Scene Arrival Minutes,Unknown,Unknown EMS Hospital Arrival Time,1,Dark - Lighted,Clear,1,5,['Rear_Seat'],['None_Used'],1,2,Valid,0.0,0.0,37.0,18.0,"['Male', 'Female']",4,0,3,4,5,Dry,Straight,Level,Lowest,No
24211,37,North Carolina,370625,0,2,2,0,6,NOT APPLICABLE,June,30,Friday,14,45,Rural,High Speed (Arterial),Yes,34.33852222,-77.893025,Non-Intersection,Daylight,Clear,Unknown,Unknown,Unknown EMS Scene Arrival Hour,Unknown EMS Scene Arrival Minutes,Unknown,Unknown EMS Hospital Arrival Time,1,Daylight,Clear,1,5,['Driver'],['Shoulder_Lapbelt'],0,0,Valid,0.0,0.0,62.0,56.0,"['Male', 'Female']",0,0,3,4,3,Dry,Straight,Level,Lowest,Yes
24212,37,North Carolina,370626,0,2,2,0,3,HOLLY RIDGE,June,15,Thursday,12,18,Urban,High Speed (Arterial),Yes,34.49867222,-77.549925,Simple Junction,Daylight,Clear,12:00pm-12:59pm,52,1:00pm-1:59pm,7,2:00pm-2:59pm,1,1,Daylight,Clear,1,2,['Driver'],['Shoulder_Lapbelt'],0,0,Valid,2.0,0.0,62.0,59.0,"['Female', 'Male']",0,0,3,4,3,Dry,Straight,Level,Lowest,No
24213,37,North Carolina,370627,1,1,1,0,1,NOT APPLICABLE,June,3,Saturday,2,55,Rural,Medium Speed (Collector),No,36.04523056,-79.08185833,Simple Junction,Dark - Not Lighted,Clear,Unknown,Unknown,Unknown EMS Scene Arrival Hour,Unknown EMS Scene Arrival Minutes,Not Applicable (Not Transported),Not Applicable (Not Transported),1,Dark - Unlighted,Clear,0,1,[],[],1,1,Invalid,0.0,0.0,33.0,33.0,['Male'],0,0,3,4,4,Dry,Straight,Level,Lowest,No
24214,37,North Carolina,370628,0,2,2,0,2,NOT APPLICABLE,June,6,Tuesday,10,54,Rural,High Speed (Arterial),Yes,36.30856667,-76.22861667,Non-Intersection,Daylight,Clear,Unknown,Unknown,Unknown EMS Scene Arrival Hour,Unknown EMS Scene Arrival Minutes,Not Applicable (Not Transported),Not Applicable (Not Transported),1,Daylight,Clear,1,1,['Driver'],['Shoulder_Lapbelt'],0,0,Valid,1.0,0.0,71.0,50.0,"['Male', 'Male']",0,0,5,4,5,Dry,Straight,Level,Lowest,No
24215,37,North Carolina,370629,0,2,2,0,3,NOT APPLICABLE,June,29,Thursday,20,2,Rural,Low Speed (Local),No,34.51575556,-77.9153,Complex/Circle,Daylight,Clear,7:00pm-7:59pm,55,8:00pm-8:59pm,2,8:00pm-8:59pm,41,1,Daylight,Clear,1,2,['Driver'],['Shoulder_Lapbelt'],1,1,Valid,0.0,1.0,33.0,16.0,"['Male', 'Female']",3,0,3,4,3,Dry,Straight,Level,Lowest,No
24216,37,North Carolina,370630,0,1,1,0,1,NOT APPLICABLE,June,25,Sunday,14,44,Rural,Low Speed (Local),No,34.43463889,-77.95425,Non-Intersection,Daylight,Clear,2:00pm-2:59pm,39,2:00pm-2:59pm,52,3:00pm-3:59pm,46,1,Daylight,Clear,1,0,['Driver'],['None_Used'],0,0,Valid,2.0,0.0,77.0,77.0,['Male'],1,0,5,4,2,Dry,Curve,Level,Lowest,No
24217,37,North Carolina,370631,0,1,1,0,1,NOT APPLICABLE,June,11,Sunday,10,19,Rural,Medium Speed (Collector),No,35.52733056,-77.31940833,Non-Intersection,Daylight,Clear,10:00am-10:59am,13,10:00am-10:59am,18,Not Applicable (Not Transported),Not Applicable (Not Transported),1,Daylight,Clear,1,0,['Driver'],['None_Used'],1,1,Valid,2.0,1.0,19.0,19.0,['Male'],1,0,2,4,3,Dry,Curve,Level,Lowest,No
24218,37,North Carolina,370632,0,2,2,0,3,GREENVILLE,June,8,Thursday,21,1,Urban,Low Speed (Local),No,35.56083333,-77.40549444,Complex/Circle,Dark - Lighted,Clear,Unknown,Unknown,Unknown EMS Scene Arrival Hour,Unknown EMS Scene Arrival Minutes,Unknown,Unknown EMS Hospital Arrival Time,1,Dark - Lighted,Clear,1,2,['Driver'],['None_Used'],0,0,Valid,2.0,3.0,45.0,25.0,"['Male', 'Female']",1,0,5,4,5,Dry,Straight,Level,Lowest,No
24219,37,North Carolina,370633,1,1,1,0,1,GREENVILLE,June,17,Saturday,3,11,Urban,High Speed (Arterial),Yes,35.57159167,-77.40374444,Non-Intersection,Dark - Not Lighted,Clear,Unknown,Unknown,Unknown EMS Scene Arrival Hour,Unknown EMS Scene Arrival Minutes,Not Applicable (Not Transported),Not Applicable (Not Transported),1,Dark - Unlighted,Clear,0,1,[],[],0,0,Valid,1.0,0.0,36.0,36.0,['Male'],0,0,2,2,4,Dry,Straight,Level,Lowest,No
24220,37,North Carolina,370634,1,1,1,0,1,GREENVILLE,June,30,Friday,21,4,Urban,Medium Speed (Collector),No,35.57823333,-77.43265556,Non-Intersection,Dark - Not Lighted,Clear,Unknown,Unknown,Unknown EMS Scene Arrival Hour,Unknown EMS Scene Arrival Minutes,Not Applicable (Not Transported),Not Applicable (Not Transported),1,Dark - Unlighted,Clear,0,1,[],[],0,0,Valid,0.0,0.0,74.0,74.0,['Female'],0,0,3,4,4,Dry,Curve,Level,Lowest,No
24221,37,North Carolina,370635,0,2,2,0,2,NOT APPLICABLE,June,8,Thursday,17,19,Rural,High Speed (Arterial),Yes,35.72419444,-79.71380278,Complex/Circle,Daylight,Clear,5:00pm-5:59pm,14,5:00pm-5:59pm,20,Unknown,Unknown EMS Hospital Arrival Time,1,Daylight,Clear,1,1,['Driver'],['None_Used'],0,0,Valid,0.0,0.0,74.0,62.0,"['Female', 'Male']",0,0,2,4,5,Dry,Straight,Level,Lowest,No
24222,37,North Carolina,370636,0,2,2,0,3,ASHEBORO,June,10,Saturday,15,43,Urban,High Speed (Arterial),Yes,35.73385,-79.80834444,Non-Intersection,Daylight,Clear,2:00pm-2:59pm,7,2:00pm-2:59pm,13,2:00pm-2:59pm,58,1,Daylight,Clear,1,2,['Rear_Seat'],['None_Used'],0,0,Valid,0.0,0.0,77.0,36.0,"['Female', 'Male']",0,0,5,4,5,Dry,Straight,Level,Lowest,No
24223,37,North Carolina,370637,0,1,1,0,1,TRINITY,June,11,Sunday,18,16,Urban,Medium Speed (Collector),No,35.85430833,-79.93785278,Non-Intersection,Daylight,Cloudy,6:00pm-6:59pm,14,6:00pm-6:59pm,22,Not Applicable (Not Transported),Not Applicable (Not Transported),1,Daylight,Reduced Visibility,1,0,['Driver'],['None_Used'],0,0,Valid,1.0,0.0,57.0,57.0,['Male'],1,0,3,4,3,Wet/Standing Water,Curve,Grade/Hillcrest,Lowest,No
24224,37,North Carolina,370638,1,1,1,0,2,NOT APPLICABLE,June,14,Wednesday,22,36,Rural,Medium Speed (Collector),No,35.86890556,-79.81891389,Non-Intersection,Dark - Not Lighted,Cloudy,10:00pm-10:59pm,32,10:00pm-10:59pm,39,11:00pm-11:59pm,9,1,Dark - Unlighted,Reduced Visibility,0,2,[],[],0,0,Valid,0.0,0.0,31.0,31.0,['Male'],0,0,3,2,4,Dry,Straight,Level,Lowest,No
24225,37,North Carolina,370639,0,1,1,0,1,NOT APPLICABLE,June,15,Thursday,21,6,Rural,Low Speed (Local),No,35.80791944,-79.95626111,Non-Intersection,Dark - Not Lighted,Clear,Unknown,Unknown,Unknown EMS Scene Arrival Hour,Unknown EMS Scene Arrival Minutes,Not Applicable (Not Transported),Not Applicable (Not Transported),1,Dark - Unlighted,Clear,1,0,['Driver'],['None_Used'],0,0,Invalid,0.0,0.0,56.0,56.0,['Male'],0,0,5,4,3,Dry,Curve,Level,Lowest,No
24226,37,North Carolina,370640,0,1,1,0,1,NOT APPLICABLE,June,1,Thursday,21,17,Rural,Low Speed (Local),No,34.73953611,-79.28241111,Non-Intersection,Dark - Not Lighted,Clear,Unknown,Unknown,Unknown EMS Scene Arrival Hour,Unknown EMS Scene Arrival Minutes,Not Applicable (Not Transported),Not Applicable (Not Transported),1,Dark - Unlighted,Clear,1,0,['Driver'],['None_Used'],0,0,Valid,1.0,0.0,43.0,43.0,['Male'],1,0,3,4,3,Dry,Curve,Level,Lowest,No
24227,37,North Carolina,370641,1,1,1,0,1,NOT APPLICABLE,June,6,Tuesday,21,45,Rural,High Speed (Arterial),Yes,34.620375,-79.21600278,Non-Intersection,Dark - Not Lighted,Clear,9:00pm-9:59pm,44,9:00pm-9:59pm,50,10:00pm-10:59pm,52,1,Dark - Unlighted,Clear,0,1,[],[],0,0,Invalid,0.0,0.0,18.0,18.0,['Male'],0,0,3,2,4,Dry,Straight,Level,Lowest,No
24228,37,North Carolina,370642,0,2,2,0,5,NOT APPLICABLE,June,16,Friday,21,30,Rural,Medium Speed (Collector),No,34.64043611,-79.24608611,Non-Intersection,Dark - Not Lighted,Clear,9:00pm-9:59pm,20,9:00pm-9:59pm,45,10:00pm-10:59pm,30,2,Dark - Unlighted,Clear,2,3,"['Driver', 'Front_Passenger']","['None_Used', 'Shoulder_Lapbelt']",1,1,Valid,1.0,0.0,41.0,22.0,"['Male', 'Female']",3,0,2,4,5,Dry,Straight,Level,Lowest,No
24229,37,North Carolina,370643,0,1,1,0,2,NOT APPLICABLE,June,29,Thursday,3,31,Rural,Medium Speed (Collector),No,34.806025,-79.22635278,Non-Intersection,Dark - Not Lighted,Clear,Unknown,Unknown,Unknown EMS Scene Arrival Hour,Unknown EMS Scene Arrival Minutes,Unknown,Unknown EMS Hospital Arrival Time,1,Dark - Unlighted,Clear,1,1,['Driver'],['Shoulder_Lapbelt'],0,0,Valid,0.0,0.0,52.0,52.0,['Male'],0,0,2,4,3,Dry,Straight,Level,Lowest,No
24230,37,North Carolina,370644,0,1,1,0,2,NOT APPLICABLE,June,8,Thursday,23,52,Rural,Medium Speed (Collector),No,35.66090556,-80.72368889,Non-Intersection,Dark - Not Lighted,Clear,Unknown,Unknown,Unknown EMS Scene Arrival Hour,Unknown EMS Scene Arrival Minutes,Not Applicable (Not Transported),Not Applicable (Not Transported),2,Dark - Unlighted,Clear,2,0,"['Driver', 'Front_Passenger']","['None_Used', 'Shoulder_Lapbelt']",0,0,Valid,1.0,0.0,18.0,18.0,['Male'],2,0,3,4,3,Dry,Curve,Level,Lowest,No
24231,37,North Carolina,370645,0,2,2,0,2,NOT APPLICABLE,June,22,Thursday,16,41,Rural,Low Speed (Local),No,35.33971111,-81.82684722,Non-Intersection,Daylight,Clear,4:00pm-4:59pm,39,4:00pm-4:59pm,46,Not Applicable (Not Transported),Not Applicable (Not Transported),2,Daylight,Clear,2,0,"['Driver', 'Driver']","['None_Used', 'None_Used']",0,0,Valid,0.0,0.0,62.0,27.0,"['Male', 'Male']",2,0,3,4,5,Dry,Curve,Grade/Hillcrest,Lowest,No
24232,37,North Carolina,370646,0,1,1,0,1,NOT APPLICABLE,June,21,Wednesday,17,47,Rural,High Speed (Arterial),Yes,35.31565833,-81.85065556,Non-Intersection,Daylight,Rain,5:00pm-5:59pm,47,5:00pm-5:59pm,54,Not Applicable (Not Transported),Not Applicable (Not Transported),1,Daylight,Rain/Wind/Minor,1,0,['Driver'],['None_Used'],0,0,Valid,7.0,2.0,63.0,63.0,['Male'],1,0,3,4,3,Wet/Standing Water,Straight,Grade/Hillcrest,Lowest,No
24233,37,North Carolina,370647,0,2,2,0,2,NOT APPLICABLE,June,24,Saturday,22,27,Rural,Medium Speed (Collector),No,35.192775,-81.84102778,Non-Intersection,Dark - Not Lighted,Clear,10:00pm-10:59pm,40,10:00pm-10:59pm,57,11:00pm-11:59pm,13,1,Dark - Unlighted,Clear,1,1,['Driver'],['None_Used'],0,0,Valid,0.0,0.0,89.0,63.0,"['Male', 'Male']",0,0,3,4,5,Dry,Straight,Level,Lowest,No