,State_Code,State_Name,Crash_ID,Count_Non_Motorists,Count_Vehicles_Total,Count_Vehicle_Forms,Count_PVH_Involved,Count_Occupants_MV,City_Name,Month_Name,Day_of_Month,Day_of_Week,Crash_Hour,Crash_Minute,Area_Rural_Urban,Road_Functional_Class,On_NHS_Road,Latitude,Longitude,Intersection_Type,Light_Condition,Weather_Condition,Notif_Hour,Notif_Minute,Arrival_Hour,Arrival_Minute,Hospital_Hour,Hospital_Minute,Fatalities_Count,Clean_Light_Condition,Clean_Weather_Condition,Total_Killed,Total_Alive,Fatal_Seats_List,Killed_Restraint_List,Any_Driver_Drinking,Total_Drinking_Drivers,Driver_License_Category,Driver_Max_Prev_Accident_Count,Driver_Max_Prev_Speeding_Count,Max_Driver_Age,Min_Driver_Age,Driver_Sex_List,Total_Exceeding_Limit_Vehicles,Total_Too_Fast_Vehicles,Max_Vehicle_Type_Severity_5,Max_Vehicle_Damage_Rank,Max_Harmful_Event_Severity,Crash_Road_Surface_Condition,Crash_Horizontal_Alignment,Crash_Vertical_Profile,Crash_Impairment_Category,Crash_Vehicle_Defect
24234,37,North Carolina,370648,0,2,2,0,2,NOT APPLICABLE,June,3,Saturday,2,57,Rural,Medium Speed (Collector),No,35.25081944,-78.41581389,Non-Intersection,Dark - Not Lighted,Clear,Unknown,Unknown,Unknown EMS Scene Arrival Hour,Unknown EMS Scene Arrival Minutes,Unknown,Unknown EMS Hospital Arrival Time,1,Dark - Unlighted,Clear,1,1,['Driver'],['None_Used'],1,1,Valid,0.0,0.0,47.0,43.0,"['Male', 'Male']",0,0,3,4,2,Dry,Straight,Level,Lowest,No
24235,37,North Carolina,370649,0,2,2,0,2,NOT APPLICABLE,June,5,Monday,12,18,Rural,Medium Speed (Collector),No,35.29151944,-78.54071111,Complex/Circle,Daylight,Clear,Unknown,Unknown,Unknown EMS Scene Arrival Hour,Unknown EMS Scene Arrival Minutes,Not Applicable (Not Transported),Not Applicable (Not Transported),1,Daylight,Clear,1,1,['Driver'],['None_Used'],0,0,Valid,0.0,1.0,63.0,28.0,"['Male', 'Male']",0,0,5,4,5,Dry,Straight,Level,Lowest,No
24236,37,North Carolina,370650,0,1,1,0,1,NOT APPLICABLE,June,30,Friday,4,29,Rural,Medium Speed (Collector),No,35.24560278,-78.50593056,Non-Intersection,Dark - Not Lighted,Clear,Unknown,Unknown,Unknown EMS Scene Arrival Hour,Unknown EMS Scene Arrival Minutes,Unknown,Unknown EMS Hospital Arrival Time,1,Dark - Unlighted,Clear,1,0,['Driver'],['None_Used'],0,0,Invalid,0.0,0.0,18.0,18.0,['Male'],0,0,2,4,3,Dry,Straight,Level,Lowest,No
24237,37,North Carolina,370651,0,1,1,0,2,NOT APPLICABLE,June,18,Sunday,15,37,Rural,Medium Speed (Collector),No,34.71731944,-79.49146111,Non-Intersection,Daylight,Clear,Unknown,Unknown,Unknown EMS Scene Arrival Hour,Unknown EMS Scene Arrival Minutes,Unknown,Unknown EMS Hospital Arrival Time,1,Daylight,Clear,1,1,['Driver'],['None_Used'],0,0,Invalid,1.0,1.0,23.0,23.0,['Male'],2,0,5,4,2,Dry,Curve,Level,Lowest,No
24238,37,North Carolina,370652,0,1,1,0,1,NOT APPLICABLE,June,20,Tuesday,14,19,Rural,Medium Speed (Collector),No,34.74480278,-79.46155833,Non-Intersection,Daylight,Rain,Unknown,Unknown,Unknown EMS Scene Arrival Hour,Unknown EMS Scene Arrival Minutes,Unknown,Unknown EMS Hospital Arrival Time,1,Daylight,Rain/Wind/Minor,1,0,['Driver'],['None_Used'],0,0,Valid,0.0,0.0,68.0,68.0,['Male'],0,0,4,4,3,Wet/Standing Water,Straight,Level,Lowest,Yes
24239,37,North Carolina,370653,0,1,1,0,2,ALBEMARLE,June,20,Tuesday,21,56,Urban,Medium Speed (Collector),No,35.35076111,-80.19398611,Non-Intersection,Dark - Lighted,Rain,9:00pm-9:59pm,57,10:00pm-10:59pm,2,Not Applicable (Not Transported),Not Applicable (Not Transported),1,Dark - Lighted,Rain/Wind/Minor,1,1,['Driver'],['None_Used'],1,1,Valid,0.0,0.0,24.0,24.0,['Male'],2,0,3,4,3,Wet/Standing Water,Straight,Grade/Hillcrest,Lowest,No
24240,37,North Carolina,370654,0,1,1,0,1,NOT APPLICABLE,June,17,Saturday,4,7,Rural,High Speed (Arterial),Yes,36.25581389,-78.33721944,Non-Intersection,Dark - Not Lighted,Clear,Unknown,Unknown,Unknown EMS Scene Arrival Hour,Unknown EMS Scene Arrival Minutes,Unknown,Unknown EMS Hospital Arrival Time,1,Dark - Unlighted,Clear,1,0,['Driver'],['Shoulder_Lapbelt'],1,1,Valid,0.0,0.0,20.0,20.0,['Male'],1,0,2,4,3,Dry,Straight,Level,Lowest,No
24241,37,North Carolina,370655,0,1,1,0,1,NOT APPLICABLE,June,19,Monday,6,8,Rural,Medium Speed (Collector),No,36.27598611,-78.39015556,Non-Intersection,Dawn,Clear,Unknown,Unknown,Unknown EMS Scene Arrival Hour,Unknown EMS Scene Arrival Minutes,Unknown,Unknown EMS Hospital Arrival Time,1,Twilight,Clear,1,0,['Driver'],['None_Used'],1,1,Invalid,0.0,0.0,52.0,52.0,['Male'],1,0,3,4,3,Dry,Curve,Level,Lowest,No
24242,37,North Carolina,370656,0,2,2,0,4,NOT APPLICABLE,June,9,Friday,23,54,Rural,High Speed (Arterial),Yes,35.74310833,-78.59166944,Non-Intersection,Dark - Not Lighted,Clear,11:00pm-11:59pm,55,0:00am-0:59am,2,Not Applicable (Not Transported),Not Applicable (Not Transported),1,Dark - Unlighted,Clear,1,3,['Driver'],['Shoulder_Lapbelt'],0,0,Valid,1.0,2.0,69.0,23.0,"['Female', 'Male']",0,0,2,4,5,Dry,Straight,Level,Lowest,No
24243,37,North Carolina,370657,0,2,2,0,3,NOT APPLICABLE,June,22,Thursday,9,17,Rural,Medium Speed (Collector),No,35.89856389,-78.36800556,Non-Intersection,Daylight,Cloudy,9:00am-9:59am,11,9:00am-9:59am,19,11:00am-11:59am,19,2,Daylight,Reduced Visibility,2,1,"['Driver', 'Front_Passenger']","['None_Used', 'None_Used']",0,0,Valid,3.0,0.0,60.0,47.0,"['Male', 'Male']",0,0,4,4,5,Wet/Standing Water,Straight,Level,Lowest,Yes
24244,37,North Carolina,370658,0,2,2,0,2,RALEIGH,June,26,Monday,23,55,Urban,Medium Speed (Collector),No,35.8611,-78.6382,Non-Intersection,Dark - Unknown Lighting,Clear,0:00am-0:59am,0,0:00am-0:59am,7,0:00am-0:59am,30,1,Dark - Unlighted,Clear,1,1,['Driver'],['Shoulder_Lapbelt'],1,1,Valid,2.0,0.0,47.0,35.0,"['Male', 'Male']",0,0,2,4,5,Dry,Straight,Level,Lowest,No
24245,37,North Carolina,370659,0,1,1,0,1,NOT APPLICABLE,June,23,Friday,22,41,Rural,Medium Speed (Collector),No,36.43201944,-78.15766944,Non-Intersection,Dark - Not Lighted,Cloudy,10:00pm-10:59pm,39,10:00pm-10:59pm,47,0:00am-0:59am,20,1,Dark - Unlighted,Reduced Visibility,1,0,['Driver'],['None_Used'],0,0,Valid,0.0,0.0,17.0,17.0,['Male'],1,0,3,4,3,Dry,Straight,Level,Lowest,No
24246,37,North Carolina,370660,0,1,1,0,1,NOT APPLICABLE,June,2,Friday,23,33,Rural,High Speed (Arterial),Yes,36.11162778,-80.53045556,Non-Intersection,Dark - Not Lighted,Clear,Unknown,Unknown,Unknown EMS Scene Arrival Hour,Unknown EMS Scene Arrival Minutes,Unknown,Unknown EMS Hospital Arrival Time,1,Dark - Unlighted,Clear,1,0,['Driver'],['None_Used'],1,1,Valid,0.0,0.0,30.0,30.0,['Male'],0,0,2,3,3,Dry,Straight,Level,Lowest,No
24247,37,North Carolina,370661,0,1,1,0,2,NOT APPLICABLE,June,16,Friday,21,2,Rural,Low Speed (Local),No,35.96763056,-81.27548889,Simple Junction,Dark - Not Lighted,Clear,Unknown,Unknown,Unknown EMS Scene Arrival Hour,Unknown EMS Scene Arrival Minutes,Unknown,Unknown EMS Hospital Arrival Time,1,Dark - Unlighted,Clear,1,1,['Non_Standard_Risk'],['None_Used'],1,1,Invalid,0.0,1.0,32.0,32.0,['Female'],0,0,3,1,1,Dry,Curve,Level,Lowest,No
24248,37,North Carolina,370662,0,1,1,0,1,WINSTON SALEM,June,23,Friday,22,20,Urban,Medium Speed (Collector),No,36.06231111,-80.15318056,Non-Intersection,Dark - Lighted,Clear,Unknown,Unknown,Unknown EMS Scene Arrival Hour,Unknown EMS Scene Arrival Minutes,Unknown,Unknown EMS Hospital Arrival Time,1,Dark - Lighted,Clear,1,0,['Driver'],['None_Used'],0,0,Invalid,0.0,0.0,37.0,37.0,['Female'],0,0,2,4,3,Dry,Straight,Level,Lowest,No
24249,37,North Carolina,370663,0,1,1,0,2,NOT APPLICABLE,June,25,Sunday,15,27,Rural,High Speed (Arterial),Yes,35.17804722,-81.41600278,Non-Intersection,Daylight,Clear,Unknown,Unknown,Unknown EMS Scene Arrival Hour,Unknown EMS Scene Arrival Minutes,Unknown,Unknown EMS Hospital Arrival Time,1,Daylight,Clear,1,1,['Front_Passenger'],['None_Used'],0,0,Valid,0.0,0.0,52.0,52.0,['Male'],0,0,3,4,3,Dry,Straight,Level,Lowest,No
24250,37,North Carolina,370664,0,5,5,0,7,NOT APPLICABLE,June,17,Saturday,3,33,Rural,High Speed (Arterial),Yes,35.12655833,-78.92201667,Non-Intersection,Dark - Not Lighted,Clear,Unknown,Unknown,Unknown EMS Scene Arrival Hour,Unknown EMS Scene Arrival Minutes,Not Applicable (Not Transported),Not Applicable (Not Transported),1,Dark - Unlighted,Clear,1,6,['Driver'],['None_Used'],0,0,Invalid,1.0,2.0,47.0,25.0,"['Male', 'Male', 'Male', 'Male', 'Female']",2,0,5,4,5,Dry,Straight,Level,Lowest,No
24251,37,North Carolina,370665,0,2,2,0,2,NOT APPLICABLE,June,12,Monday,20,3,Rural,Low Speed (Local),No,35.08864167,-77.77395,Complex/Circle,Daylight,Cloudy,Unknown,Unknown,Unknown EMS Scene Arrival Hour,Unknown EMS Scene Arrival Minutes,Unknown,Unknown EMS Hospital Arrival Time,1,Daylight,Reduced Visibility,1,1,['Driver'],['None_Used'],1,1,Valid,0.0,0.0,49.0,24.0,"['Male', 'Female']",0,0,5,4,5,Dry,Curve,Level,Lowest,No
24252,37,North Carolina,370666,0,1,1,0,3,NOT APPLICABLE,June,21,Wednesday,19,0,Rural,Medium Speed (Collector),No,35.94371389,-78.32404722,Non-Intersection,Daylight,Clear,7:00pm-7:59pm,10,7:00pm-7:59pm,25,8:00pm-8:59pm,8,1,Daylight,Clear,1,2,['Rear_Seat'],['None_Used'],1,1,Valid,0.0,0.0,44.0,44.0,['Female'],3,0,3,4,3,Dry,Curve,Grade/Hillcrest,Lowest,No
24253,37,North Carolina,370667,1,1,1,0,1,NOT APPLICABLE,June,30,Friday,21,32,Rural,Low Speed (Local),No,36.37267778,-77.619875,Non-Intersection,Dark - Not Lighted,Clear,9:00pm-9:59pm,30,9:00pm-9:59pm,39,Not Applicable (Not Transported),Not Applicable (Not Transported),1,Dark - Unlighted,Clear,0,1,[],[],0,0,Valid,0.0,0.0,39.0,39.0,['Female'],0,0,2,4,4,Dry,Straight,Level,Lowest,No
24254,37,North Carolina,370668,0,1,1,0,4,NOT APPLICABLE,June,21,Wednesday,3,41,Rural,Medium Speed (Collector),No,35.32103333,-79.046325,Non-Intersection,Dark - Not Lighted,Rain,3:00am-3:59am,49,4:00am-4:59am,7,4:00am-4:59am,32,2,Dark - Unlighted,Rain/Wind/Minor,2,2,"['Driver', 'Rear_Seat']","['None_Used', 'None_Used']",0,0,Valid,0.0,0.0,26.0,26.0,['Male'],4,0,2,4,3,Wet/Standing Water,Straight,Level,Lowest,No
24255,37,North Carolina,370669,0,1,1,0,1,NOT APPLICABLE,June,13,Tuesday,9,1,Rural,Medium Speed (Collector),No,35.35243056,-77.56550556,Non-Intersection,Daylight,Clear,Unknown,Unknown,Unknown EMS Scene Arrival Hour,Unknown EMS Scene Arrival Minutes,Unknown,Unknown EMS Hospital Arrival Time,1,Daylight,Clear,1,0,['Driver'],['None_Used'],1,1,Valid,0.0,0.0,55.0,55.0,['Male'],1,0,3,4,2,Dry,Straight,Level,Lowest,Yes
24256,37,North Carolina,370670,0,1,1,0,4,NOT APPLICABLE,June,24,Saturday,20,3,Rural,High Speed (Arterial),Yes,35.59788056,-77.55566111,Non-Intersection,Daylight,Clear,Unknown,Unknown,Unknown EMS Scene Arrival Hour,Unknown EMS Scene Arrival Minutes,Unknown,Unknown EMS Hospital Arrival Time,1,Daylight,Clear,1,3,['Front_Passenger'],['Shoulder_Lapbelt'],0,0,Invalid,0.0,0.0,38.0,38.0,['Male'],4,0,3,4,2,Dry,Straight,Level,Lowest,No
24257,37,North Carolina,370671,0,2,2,0,3,NOT APPLICABLE,June,4,Sunday,17,25,Rural,Medium Speed (Collector),No,35.63668056,-79.99984722,Complex/Circle,Daylight,Clear,Unknown,Unknown,Unknown EMS Scene Arrival Hour,Unknown EMS Scene Arrival Minutes,Unknown,Unknown EMS Hospital Arrival Time,1,Daylight,Clear,1,2,['Front_Passenger'],['Shoulder_Lapbelt'],0,0,Valid,1.0,0.0,84.0,33.0,"['Female', 'Male']",1,0,3,4,5,Dry,Straight,Grade/Hillcrest,Lowest,No
24258,37,North Carolina,370672,0,1,1,0,2,NOT APPLICABLE,June,19,Monday,5,57,Rural,Medium Speed (Collector),No,34.78383333,-78.32304167,Non-Intersection,Dawn,Clear,Unknown,Unknown,Unknown EMS Scene Arrival Hour,Unknown EMS Scene Arrival Minutes,Unknown,Unknown EMS Hospital Arrival Time,1,Twilight,Clear,1,1,['Driver'],['Shoulder_Lapbelt'],0,0,Valid,0.0,0.0,17.0,17.0,['Male'],2,0,2,4,3,Dry,Curve,Level,Lowest,No
24259,37,North Carolina,370673,0,2,2,0,3,NOT APPLICABLE,June,18,Sunday,2,53,Rural,High Speed (Arterial),Yes,35.74186944,-78.59171944,Non-Intersection,Dark - Not Lighted,Clear,2:00am-2:59am,52,2:00am-2:59am,54,3:00am-3:59am,18,2,Dark - Unlighted,Clear,2,1,"['Driver', 'Front_Passenger']","['Shoulder_Lapbelt', 'None_Used']",1,1,Valid,1.0,0.0,46.0,22.0,"['Male', 'Female']",1,0,3,4,5,Dry,Straight,Level,Lowest,No
24260,37,North Carolina,370674,1,2,1,1,1,NOT APPLICABLE,May,8,Monday,21,3,Rural,High Speed (Arterial),Yes,35.69646389,-83.04479444,Non-Intersection,Dark - Not Lighted,Clear,9:00pm-9:59pm,6,9:00pm-9:59pm,14,Not Applicable (Not Transported),Not Applicable (Not Transported),1,Dark - Unlighted,Clear,1,0,['Driver'],['Shoulder_Lapbelt'],0,0,Invalid,4.0,4.0,67.0,67.0,['Male'],0,0,2,4,5,Dry,Curve,Level,Lowest,No
24261,37,North Carolina,370675,1,2,2,0,1,NOT APPLICABLE,May,31,Wednesday,22,36,Rural,High Speed (Arterial),Yes,35.03155833,-79.11895278,Non-Intersection,Dark - Not Lighted,Clear,10:00pm-10:59pm,33,10:00pm-10:59pm,41,Unknown,Unknown EMS Hospital Arrival Time,1,Dark - Unlighted,Clear,0,1,[],[],0,0,Valid,1.0,0.0,78.0,78.0,['Male'],0,0,3,4,5,Dry,Straight,Level,Lowest,No
24262,37,North Carolina,370676,0,1,1,0,2,CHAPEL HILL,May,2,Tuesday,21,35,Urban,Low Speed (Local),No,35.90658056,-79.01549722,Non-Intersection,Dark - Lighted,Cloudy,9:00pm-9:59pm,36,9:00pm-9:59pm,43,Not Applicable (Not Transported),Not Applicable (Not Transported),2,Dark - Lighted,Reduced Visibility,2,0,"['Driver', 'Front_Passenger']","['Shoulder_Lapbelt', 'None_Used']",1,1,Valid,0.0,0.0,50.0,50.0,['Female'],2,0,2,4,3,Dry,Curve,Grade/Hillcrest,Lowest,No
24263,37,North Carolina,370677,1,1,1,0,1,CHAPEL HILL,May,11,Thursday,21,40,Urban,High Speed (Arterial),Yes,35.9665,-79.05923056,Non-Intersection,Dark - Not Lighted,Clear,Unknown,Unknown,Unknown EMS Scene Arrival Hour,Unknown EMS Scene Arrival Minutes,Not Applicable (Not Transported),Not Applicable (Not Transported),1,Dark - Unlighted,Clear,0,1,[],[],0,0,Valid,0.0,0.0,22.0,22.0,['Female'],0,0,2,4,4,Dry,Straight,Level,Lowest,No
24264,37,North Carolina,370678,0,2,2,0,6,NOT APPLICABLE,May,6,Saturday,13,12,Rural,Low Speed (Local),No,35.63755556,-80.57263889,Simple Junction,Daylight,Clear,Unknown,Unknown,Unknown EMS Scene Arrival Hour,Unknown EMS Scene Arrival Minutes,Unknown,Unknown EMS Hospital Arrival Time,1,Daylight,Clear,1,5,['Driver'],['Shoulder_Lapbelt'],0,0,Valid,1.0,0.0,77.0,25.0,"['Female', 'Male']",0,0,2,4,5,Dry,Straight,Grade/Hillcrest,Lowest,No
24265,37,North Carolina,370679,0,1,1,0,1,NOT APPLICABLE,May,26,Friday,14,24,Rural,Medium Speed (Collector),No,35.28926389,-82.91489167,Non-Intersection,Daylight,Clear,2:00pm-2:59pm,14,2:00pm-2:59pm,46,Not Applicable (Not Transported),Not Applicable (Not Transported),1,Daylight,Clear,1,0,['Driver'],['None_Used'],0,0,Valid,0.0,0.0,63.0,63.0,['Male'],1,0,5,4,2,Dry,Curve,Grade/Hillcrest,Lowest,No
24266,37,North Carolina,370680,1,2,2,0,2,NOT APPLICABLE,May,3,Wednesday,3,3,Rural,High Speed (Arterial),Yes,35.71884444,-78.58380556,Non-Intersection,Dark - Lighted,Clear,3:00am-3:59am,2,3:00am-3:59am,13,Not Applicable (Not Transported),Not Applicable (Not Transported),1,Dark - Lighted,Clear,0,2,[],[],1,1,Invalid,2.0,0.0,26.0,20.0,"['Male', 'Male']",1,0,5,4,5,Dry,Straight,Level,Lowest,No
24267,37,North Carolina,370681,0,2,2,0,2,NOT APPLICABLE,May,17,Wednesday,18,23,Rural,Medium Speed (Collector),No,35.57159722,-78.69010278,Complex/Circle,Daylight,Clear,Unknown,Unknown,Unknown EMS Scene Arrival Hour,Unknown EMS Scene Arrival Minutes,Unknown,Unknown EMS Hospital Arrival Time,1,Daylight,Clear,1,1,['Driver'],['Shoulder_Lapbelt'],0,0,Valid,0.0,0.0,76.0,48.0,"['Male', 'Female']",0,0,3,4,5,Dry,Straight,Level,Lowest,No
24268,37,North Carolina,370682,1,1,1,0,2,APEX,May,29,Monday,13,5,Urban,Low Speed (Local),No,35.72295833,-78.88039167,Simple Junction,Daylight,Cloudy,1:00pm-1:59pm,7,1:00pm-1:59pm,14,2:00pm-2:59pm,8,1,Daylight,Reduced Visibility,0,2,[],[],0,0,Valid,0.0,0.0,47.0,47.0,['Female'],0,0,3,1,4,Wet/Standing Water,Straight,Grade/Hillcrest,Lowest,No
24269,37,North Carolina,370683,0,1,1,0,1,NOT APPLICABLE,May,1,Monday,1,18,Rural,High Speed (Arterial),Yes,36.23705278,-81.74630556,Non-Intersection,Dark - Not Lighted,Clear,0:00am-0:59am,39,0:00am-0:59am,50,1:00am-1:59am,53,1,Dark - Unlighted,Clear,1,0,['Driver'],['Shoulder_Lapbelt'],0,0,Valid,2.0,0.0,52.0,52.0,['Female'],0,0,3,4,3,Dry,Straight,Level,Lowest,No
24270,37,North Carolina,370684,1,1,1,0,2,NOT APPLICABLE,May,4,Thursday,20,46,Rural,Medium Speed (Collector),No,35.32319722,-77.92586667,Non-Intersection,Dark - Not Lighted,Clear,Unknown,Unknown,Unknown EMS Scene Arrival Hour,Unknown EMS Scene Arrival Minutes,Not Applicable (Not Transported),Not Applicable (Not Transported),1,Dark - Unlighted,Clear,0,2,[],[],0,0,Valid,0.0,1.0,29.0,29.0,['Female'],0,0,2,4,4,Dry,Straight,Level,Lowest,No
24271,37,North Carolina,370685,1,1,1,0,1,Other,May,1,Monday,12,45,Urban,Medium Speed (Collector),No,34.45196389,-77.50217222,Non-Intersection,Daylight,Clear,12:00pm-12:59pm,45,1:00pm-1:59pm,9,1:00pm-1:59pm,44,1,Daylight,Clear,0,1,[],[],0,0,Valid,1.0,0.0,35.0,35.0,['Male'],0,0,3,1,4,Dry,Straight,Level,Lowest,No
24272,37,North Carolina,370686,0,2,2,0,3,NOT APPLICABLE,July,12,Wednesday,17,50,Rural,Medium Speed (Collector),No,36.49260278,-81.10499444,Non-Intersection,Daylight,Clear,Unknown,Unknown,Unknown EMS Scene Arrival Hour,Unknown EMS Scene Arrival Minutes,Unknown,Unknown EMS Hospital Arrival Time,2,Daylight,Clear,2,1,"['Driver', 'Rear_Seat']","['None_Used', 'None_Used']",0,0,Valid,0.0,1.0,49.0,16.0,"['Male', 'Male']",0,0,5,4,5,Dry,Straight,Grade/Hillcrest,Lowest,No
24273,37,North Carolina,370687,0,1,1,0,2,NOT APPLICABLE,July,22,Saturday,5,30,Rural,Medium Speed (Collector),No,36.55259444,-80.93553333,Non-Intersection,Dark - Not Lighted,Clear,Unknown,Unknown,Unknown EMS Scene Arrival Hour,Unknown EMS Scene Arrival Minutes,Unknown,Unknown EMS Hospital Arrival Time,1,Dark - Unlighted,Clear,1,1,['Driver'],['Shoulder_Lapbelt'],1,1,Valid,0.0,0.0,23.0,23.0,['Female'],0,0,2,4,3,Dry,Curve,Level,Lowest,No
24274,37,North Carolina,370688,0,2,2,0,3,NOT APPLICABLE,July,15,Saturday,3,33,Rural,High Speed (Arterial),Yes,36.10716944,-81.85046111,Non-Intersection,Dark - Not Lighted,Clear,3:00am-3:59am,32,3:00am-3:59am,40,4:00am-4:59am,29,1,Dark - Unlighted,Clear,1,2,['Driver'],['Shoulder_Lapbelt'],1,1,Valid,1.0,0.0,71.0,18.0,"['Male', 'Female']",0,0,3,4,5,Dry,Straight,Grade/Hillcrest,Lowest,No
24275,37,North Carolina,370689,0,2,2,0,7,NOT APPLICABLE,July,9,Sunday,13,6,Rural,Medium Speed (Collector),No,36.13827222,-77.16708333,Non-Intersection,Daylight,Clear,1:00pm-1:59pm,7,1:00pm-1:59pm,19,1:00pm-1:59pm,53,2,Daylight,Clear,2,5,"['Rear_Seat', 'Rear_Seat']","['None_Used', 'Shoulder_Lapbelt']",0,0,Valid,0.0,2.0,40.0,38.0,"['Male', 'Female']",0,0,3,4,5,Dry,Straight,Level,Lowest,No
24276,37,North Carolina,370690,1,1,1,0,1,NOT APPLICABLE,July,29,Saturday,5,18,Rural,Medium Speed (Collector),No,36.20402778,-77.08936389,Non-Intersection,Dark - Not Lighted,Clear,5:00am-5:59am,12,5:00am-5:59am,22,Not Applicable (Not Transported),Not Applicable (Not Transported),1,Dark - Unlighted,Clear,0,0,[],[],0,0,Invalid,0.0,0.0,999.0,999.0,['Other'],0,0,1,0,4,Dry,Straight,Level,Lowest,No
24277,37,North Carolina,370691,0,1,1,0,2,NOT APPLICABLE,July,31,Monday,23,11,Rural,Low Speed (Local),No,34.50315556,-78.62626667,Non-Intersection,Dark - Not Lighted,Clear,11:00pm-11:59pm,10,11:00pm-11:59pm,20,11:00pm-11:59pm,49,1,Dark - Unlighted,Clear,1,1,['Front_Passenger'],['None_Used'],0,0,Invalid,0.0,0.0,50.0,50.0,['Male'],2,0,2,4,3,Dry,Curve,Level,Lowest,No
24278,37,North Carolina,370692,0,1,1,0,1,LELAND,July,22,Saturday,17,0,Urban,High Speed (Arterial),Yes,34.22656667,-78.00588333,Non-Intersection,Daylight,Rain,Unknown,Unknown,Unknown EMS Scene Arrival Hour,Unknown EMS Scene Arrival Minutes,Not Applicable (Not Transported),Not Applicable (Not Transported),1,Daylight,Rain/Wind/Minor,1,0,['Driver'],['None_Used'],0,0,Valid,0.0,1.0,21.0,21.0,['Male'],1,0,2,4,3,Wet/Standing Water,Straight,Level,Lowest,No
24279,37,North Carolina,370693,0,2,2,0,2,NOT APPLICABLE,July,13,Thursday,7,47,Rural,Medium Speed (Collector),No,35.77307778,-82.50539444,Non-Intersection,Daylight,Clear,Unknown,Unknown,Unknown EMS Scene Arrival Hour,Unknown EMS Scene Arrival Minutes,Unknown,Unknown EMS Hospital Arrival Time,1,Daylight,Clear,1,1,['Driver'],['None_Used'],0,0,Valid,0.0,0.0,59.0,56.0,"['Male', 'Male']",0,0,5,4,5,Dry,Straight,Grade/Hillcrest,Lowest,No
24280,37,North Carolina,370694,0,1,1,0,1,NOT APPLICABLE,July,22,Saturday,21,50,Rural,Medium Speed (Collector),No,35.51535,-82.52135278,Non-Intersection,Daylight,Clear,Unknown,Unknown,Unknown EMS Scene Arrival Hour,Unknown EMS Scene Arrival Minutes,Unknown,Unknown EMS Hospital Arrival Time,1,Daylight,Clear,1,0,['Driver'],['Shoulder_Lapbelt'],0,0,Valid,2.0,0.0,39.0,39.0,['Male'],0,0,3,4,3,Dry,Straight,Level,Lowest,No
24281,37,North Carolina,370695,0,1,1,0,1,NOT APPLICABLE,July,4,Tuesday,14,57,Rural,High Speed (Arterial),Yes,35.80076944,-81.77304167,Non-Intersection,Daylight,Clear,Unknown,Unknown,Unknown EMS Scene Arrival Hour,Unknown EMS Scene Arrival Minutes,Unknown,Unknown EMS Hospital Arrival Time,1,Daylight,Clear,1,0,['Driver'],['None_Used'],0,0,Valid,0.0,0.0,53.0,53.0,['Female'],1,0,5,4,3,Dry,Curve,Grade/Hillcrest,Lowest,No
24282,37,North Carolina,370696,0,4,4,0,6,NOT APPLICABLE,July,17,Monday,17,3,Rural,High Speed (Arterial),Yes,35.73551111,-81.52213333,Non-Intersection,Daylight,Clear,Unknown,Unknown,Unknown EMS Scene Arrival Hour,Unknown EMS Scene Arrival Minutes,Unknown,Unknown EMS Hospital Arrival Time,2,Daylight,Clear,2,4,"['Driver', 'Front_Passenger']","['Shoulder_Lapbelt', 'Shoulder_Lapbelt']",0,0,Valid,1.0,0.0,60.0,46.0,"['Male', 'Female', 'Male', 'Male']",0,0,3,4,5,Dry,Straight,Grade/Hillcrest,Lowest,No
24283,37,North Carolina,370697,1,1,1,0,1,KANNAPOLIS,July,23,Sunday,3,56,Urban,Low Speed (Local),No,35.48806944,-80.64228611,Non-Intersection,Dark - Lighted,Clear,3:00am-3:59am,57,4:00am-4:59am,2,Not Applicable (Not Transported),Not Applicable (Not Transported),1,Dark - Lighted,Clear,0,1,[],[],0,0,Invalid,0.0,0.0,16.0,16.0,['Male'],0,0,2,2,4,Dry,Straight,Grade/Hillcrest,Lowest,No
24284,37,North Carolina,370698,0,1,1,0,2,NOT APPLICABLE,July,7,Friday,15,55,Rural,Medium Speed (Collector),No,35.92769444,-81.6613,Non-Intersection,Daylight,Rain,Unknown,Unknown,Unknown EMS Scene Arrival Hour,Unknown EMS Scene Arrival Minutes,Unknown,Unknown EMS Hospital Arrival Time,1,Daylight,Rain/Wind/Minor,1,1,['Front_Passenger'],['Shoulder_Lapbelt'],0,0,Valid,0.0,0.0,84.0,84.0,['Male'],0,0,2,4,3,Wet/Standing Water,Straight,Level,Lowest,No
24285,37,North Carolina,370699,0,1,1,0,1,NEWTON,July,9,Sunday,23,52,Urban,Medium Speed (Collector),No,35.67121111,-81.24625833,Non-Intersection,Dark - Lighted,Clear,11:00pm-11:59pm,52,11:00pm-11:59pm,57,Not Applicable (Not Transported),Not Applicable (Not Transported),1,Dark - Lighted,Clear,1,0,['Driver'],['None_Used'],0,0,Valid,0.0,0.0,52.0,52.0,['Male'],0,0,5,4,3,Dry,Curve,Level,Lowest,No