,State_Code,State_Name,Crash_ID,Count_Non_Motorists,Count_Vehicles_Total,Count_Vehicle_Forms,Count_PVH_Involved,Count_Occupants_MV,City_Name,Month_Name,Day_of_Month,Day_of_Week,Crash_Hour,Crash_Minute,Area_Rural_Urban,Road_Functional_Class,On_NHS_Road,Latitude,Longitude,Intersection_Type,Light_Condition,Weather_Condition,Notif_Hour,Notif_Minute,Arrival_Hour,Arrival_Minute,Hospital_Hour,Hospital_Minute,Fatalities_Count,Clean_Light_Condition,Clean_Weather_Condition,Total_Killed,Total_Alive,Fatal_Seats_List,Killed_Restraint_List,Any_Driver_Drinking,Total_Drinking_Drivers,Driver_License_Category,Driver_Max_Prev_Accident_Count,Driver_Max_Prev_Speeding_Count,Max_Driver_Age,Min_Driver_Age,Driver_Sex_List,Total_Exceeding_Limit_Vehicles,Total_Too_Fast_Vehicles,Max_Vehicle_Type_Severity_5,Max_Vehicle_Damage_Rank,Max_Harmful_Event_Severity,Crash_Road_Surface_Condition,Crash_Horizontal_Alignment,Crash_Vertical_Profile,Crash_Impairment_Category,Crash_Vehicle_Defect
24286,37,North Carolina,370700,0,1,1,0,1,NEWTON,July,27,Thursday,18,36,Urban,Low Speed (Local),No,35.67551111,-81.22337222,Non-Intersection,Daylight,Clear,6:00pm-6:59pm,39,6:00pm-6:59pm,42,8:00pm-8:59pm,31,1,Daylight,Clear,1,0,['Driver'],['None_Used'],0,0,Valid,0.0,0.0,69.0,69.0,['Male'],1,0,3,4,3,Dry,Straight,Level,Lowest,No
24287,37,North Carolina,370701,0,1,1,0,2,NOT APPLICABLE,July,12,Wednesday,12,32,Rural,Medium Speed (Collector),No,35.25655,-81.69885556,Non-Intersection,Daylight,Clear,Unknown,Unknown,Unknown EMS Scene Arrival Hour,Unknown EMS Scene Arrival Minutes,Unknown,Unknown EMS Hospital Arrival Time,1,Daylight,Clear,1,1,['Driver'],['Shoulder_Lapbelt'],0,0,Invalid,0.0,0.0,72.0,72.0,['Male'],0,0,3,4,3,Dry,Curve,Grade/Hillcrest,Lowest,No
24288,37,North Carolina,370702,0,2,2,0,3,NOT APPLICABLE,July,14,Friday,21,50,Rural,Medium Speed (Collector),No,35.25160278,-81.599225,Non-Intersection,Dark - Not Lighted,Clear,Unknown,Unknown,Unknown EMS Scene Arrival Hour,Unknown EMS Scene Arrival Minutes,Unknown,Unknown EMS Hospital Arrival Time,1,Dark - Unlighted,Clear,1,2,['Front_Passenger'],['None_Used'],1,2,Invalid,1.0,5.0,32.0,29.0,"['Male', 'Female']",0,0,2,4,5,Dry,Straight,Level,Lowest,No
24289,37,North Carolina,370703,0,1,1,0,3,SHELBY,July,7,Friday,21,54,Urban,Medium Speed (Collector),No,35.31444722,-81.52782222,Non-Intersection,Dark - Unknown Lighting,Clear,Unknown,Unknown,Unknown EMS Scene Arrival Hour,Unknown EMS Scene Arrival Minutes,Unknown,Unknown EMS Hospital Arrival Time,1,Dark - Unlighted,Clear,1,2,['Driver'],['None_Used'],1,1,Valid,1.0,1.0,20.0,20.0,['Male'],3,0,3,4,3,Dry,Curve,Level,Lowest,No
24290,37,North Carolina,370704,0,2,2,0,5,NOT APPLICABLE,July,20,Thursday,12,59,Rural,Medium Speed (Collector),No,35.28765,-81.68774167,Non-Intersection,Daylight,Cloudy,Unknown,Unknown,Unknown EMS Scene Arrival Hour,Unknown EMS Scene Arrival Minutes,Unknown,Unknown EMS Hospital Arrival Time,1,Daylight,Reduced Visibility,1,4,['Driver'],['None_Used'],0,0,Valid,0.0,0.0,37.0,17.0,"['Male', 'Male']",3,0,3,4,5,Wet/Standing Water,Curve,Grade/Hillcrest,Lowest,No
24291,37,North Carolina,370705,1,1,1,0,2,NOT APPLICABLE,July,15,Saturday,21,7,Rural,Medium Speed (Collector),No,34.36913056,-78.265025,Non-Intersection,Dark - Not Lighted,Clear,Unknown,Unknown,Unknown EMS Scene Arrival Hour,Unknown EMS Scene Arrival Minutes,Unknown,Unknown EMS Hospital Arrival Time,1,Dark - Unlighted,Clear,0,2,[],[],0,0,Valid,2.0,1.0,21.0,21.0,['Male'],0,0,2,4,4,Dry,Straight,Level,Lowest,No
24292,37,North Carolina,370706,0,1,1,0,1,NOT APPLICABLE,July,28,Friday,20,10,Rural,Low Speed (Local),No,34.40359722,-78.55254722,Non-Intersection,Dusk,Clear,Unknown,Unknown,Unknown EMS Scene Arrival Hour,Unknown EMS Scene Arrival Minutes,Not Applicable (Not Transported),Not Applicable (Not Transported),1,Twilight,Clear,1,0,['Driver'],['None_Used'],1,1,Valid,0.0,0.0,29.0,29.0,['Male'],0,0,5,4,3,Dry,Curve,Level,Lowest,No
24293,37,North Carolina,370707,0,1,1,0,2,NOT APPLICABLE,July,30,Sunday,2,51,Rural,Low Speed (Local),No,34.39372778,-78.95483611,Simple Junction,Dark - Not Lighted,Clear,Unknown,Unknown,Unknown EMS Scene Arrival Hour,Unknown EMS Scene Arrival Minutes,Unknown,Unknown EMS Hospital Arrival Time,1,Dark - Unlighted,Clear,1,1,['Driver'],['None_Used'],1,1,Valid,0.0,0.0,57.0,57.0,['Male'],0,0,3,4,3,Dry,Straight,Level,Lowest,No
24294,37,North Carolina,370708,1,1,1,0,1,NOT APPLICABLE,July,18,Tuesday,2,50,Rural,High Speed (Arterial),Yes,35.097525,-77.037475,Non-Intersection,Dark - Not Lighted,Clear,12:00pm-12:59pm,22,12:00pm-12:59pm,23,Not Applicable (Not Transported),Not Applicable (Not Transported),1,Dark - Unlighted,Clear,0,1,[],[],0,0,Valid,0.0,0.0,60.0,60.0,['Female'],0,0,3,4,4,Dry,Straight,Grade/Hillcrest,Lowest,No
24295,37,North Carolina,370709,0,1,1,0,1,NOT APPLICABLE,July,25,Tuesday,9,17,Rural,Low Speed (Local),No,35.84348333,-75.63243333,Simple Junction,Daylight,Clear,9:00am-9:59am,1,9:00am-9:59am,10,9:00am-9:59am,34,1,Daylight,Clear,1,0,['Driver'],['Shoulder_Lapbelt'],0,0,Valid,0.0,0.0,35.0,35.0,['Male'],1,0,2,4,3,Dry,Straight,Level,Lowest,No
24296,37,North Carolina,370710,1,2,1,1,0,THOMASVILLE,July,10,Monday,20,30,Urban,Low Speed (Local),No,35.88548333,-80.08754722,Non-Intersection,Dusk,Clear,Unknown,Unknown,Unknown EMS Scene Arrival Hour,Unknown EMS Scene Arrival Minutes,Not Applicable (Not Transported),Not Applicable (Not Transported),1,Twilight,Clear,0,0,[],[],0,0,Valid,0.0,0.0,49.0,34.0,Other,0,0,3,3,4,Dry,Straight,Grade/Hillcrest,Lowest,No
24297,37,North Carolina,370711,1,1,1,0,2,DURHAM,July,2,Sunday,0,1,Urban,High Speed (Arterial),Yes,35.99043889,-78.85941111,Complex/Circle,Dark - Lighted,Clear,Unknown,Unknown,Unknown EMS Scene Arrival Hour,Unknown EMS Scene Arrival Minutes,Unknown,Unknown EMS Hospital Arrival Time,1,Dark - Lighted,Clear,0,2,[],[],0,0,Invalid,0.0,0.0,17.0,17.0,['Male'],0,0,2,4,4,Dry,Straight,Grade/Hillcrest,Lowest,No
24298,37,North Carolina,370712,0,1,1,0,1,DURHAM,July,3,Monday,18,41,Urban,High Speed (Arterial),Yes,36.03434444,-78.89149444,Non-Intersection,Daylight,Clear,Unknown,Unknown,Unknown EMS Scene Arrival Hour,Unknown EMS Scene Arrival Minutes,Unknown,Unknown EMS Hospital Arrival Time,1,Daylight,Clear,1,0,['Driver'],['None_Used'],1,1,Valid,0.0,0.0,62.0,62.0,['Male'],1,0,5,4,3,Dry,Curve,Level,Lowest,No
24299,37,North Carolina,370713,0,2,2,0,2,NOT APPLICABLE,July,25,Tuesday,9,58,Rural,High Speed (Arterial),Yes,36.02913056,-78.8471,Non-Intersection,Daylight,Clear,Unknown,Unknown,Unknown EMS Scene Arrival Hour,Unknown EMS Scene Arrival Minutes,Unknown,Unknown EMS Hospital Arrival Time,1,Daylight,Clear,1,1,['Driver'],['None_Used'],0,0,Valid,2.0,2.0,39.0,31.0,"['Male', 'Female']",1,0,5,4,5,Dry,Straight,Level,Lowest,No
24300,37,North Carolina,370714,1,1,1,0,1,DURHAM,July,29,Saturday,15,46,Urban,Medium Speed (Collector),No,36.01235,-78.8867,Non-Intersection,Daylight,Clear,Unknown,Unknown,Unknown EMS Scene Arrival Hour,Unknown EMS Scene Arrival Minutes,Unknown,Unknown EMS Hospital Arrival Time,1,Daylight,Clear,0,1,[],[],1,1,Invalid,0.0,0.0,67.0,67.0,['Male'],0,0,2,4,4,Dry,Straight,Grade/Hillcrest,Lowest,Yes
24301,37,North Carolina,370715,1,1,1,0,4,DURHAM,July,31,Monday,0,43,Urban,High Speed (Arterial),Yes,35.91326111,-78.98201944,Non-Intersection,Dark - Not Lighted,Clear,Unknown,Unknown,Unknown EMS Scene Arrival Hour,Unknown EMS Scene Arrival Minutes,Not Applicable (Not Transported),Not Applicable (Not Transported),1,Dark - Unlighted,Clear,0,4,[],[],0,0,Valid,0.0,0.0,28.0,28.0,['Male'],0,0,3,4,4,Dry,Straight,Level,Lowest,No
24302,37,North Carolina,370716,0,1,1,0,1,NOT APPLICABLE,July,2,Sunday,19,58,Rural,Medium Speed (Collector),No,36.04443056,-77.56776667,Non-Intersection,Daylight,Clear,8:00pm-8:59pm,9,8:00pm-8:59pm,29,Not Applicable (Not Transported),Not Applicable (Not Transported),1,Daylight,Clear,1,0,['Driver'],['Shoulder_Lapbelt'],1,1,Valid,0.0,1.0,40.0,40.0,['Male'],1,0,2,4,3,Dry,Curve,Level,Lowest,No
24303,37,North Carolina,370717,0,1,1,0,1,NOT APPLICABLE,July,29,Saturday,6,45,Rural,High Speed (Arterial),Yes,35.88698889,-77.59319722,Non-Intersection,Dawn,Clear,7:00am-7:59am,12,7:00am-7:59am,22,Not Applicable (Not Transported),Not Applicable (Not Transported),1,Twilight,Clear,1,0,['Driver'],['Shoulder_Lapbelt'],0,0,Invalid,0.0,0.0,23.0,23.0,['Male'],1,0,2,4,3,Dry,Straight,Level,Lowest,No
24304,37,North Carolina,370718,0,1,1,0,1,WINSTON SALEM,July,1,Saturday,19,52,Urban,Low Speed (Local),No,36.14481944,-80.22759722,Non-Intersection,Daylight,Cloudy,7:00pm-7:59pm,53,7:00pm-7:59pm,59,8:00pm-8:59pm,22,1,Daylight,Reduced Visibility,1,0,['Driver'],['None_Used'],0,0,Valid,4.0,0.0,77.0,77.0,['Female'],0,0,3,4,3,Dry,Straight,Level,Lowest,No
24305,37,North Carolina,370719,1,1,1,0,2,NOT APPLICABLE,July,30,Sunday,22,51,Rural,Medium Speed (Collector),No,36.02414722,-80.35413611,Non-Intersection,Dark - Unknown Lighting,Clear,10:00pm-10:59pm,43,10:00pm-10:59pm,51,Not Applicable (Not Transported),Not Applicable (Not Transported),1,Dark - Unlighted,Clear,0,2,[],[],0,0,Invalid,4.0,0.0,24.0,24.0,['Female'],0,0,2,2,4,Dry,Curve,Level,Lowest,No
24306,37,North Carolina,370720,0,1,1,0,2,NOT APPLICABLE,July,3,Monday,21,51,Rural,Medium Speed (Collector),No,35.92766111,-78.26472222,Non-Intersection,Dark - Not Lighted,Clear,Unknown,Unknown,Unknown EMS Scene Arrival Hour,Unknown EMS Scene Arrival Minutes,Unknown,Unknown EMS Hospital Arrival Time,1,Dark - Unlighted,Clear,1,1,['Driver'],['None_Used'],1,1,Invalid,1.0,0.0,25.0,25.0,['Male'],2,0,3,4,3,Dry,Curve,Grade/Hillcrest,Lowest,No
24307,37,North Carolina,370721,0,2,2,0,2,GASTONIA,July,16,Sunday,17,35,Urban,High Speed (Arterial),No,35.26279722,-81.15266111,Non-Intersection,Daylight,Clear,5:00pm-5:59pm,36,5:00pm-5:59pm,43,6:00pm-6:59pm,3,1,Daylight,Clear,1,1,['Driver'],['None_Used'],0,0,Valid,1.0,1.0,25.0,19.0,"['Male', 'Female']",1,0,5,4,5,Dry,Curve,Grade/Hillcrest,Lowest,No
24308,37,North Carolina,370722,0,1,1,0,1,NOT APPLICABLE,July,5,Wednesday,21,11,Rural,Medium Speed (Collector),No,35.16980278,-81.13897778,Non-Intersection,Dusk,Clear,9:00pm-9:59pm,8,9:00pm-9:59pm,18,Not Applicable (Not Transported),Not Applicable (Not Transported),1,Twilight,Clear,1,0,['Driver'],['None_Used'],0,0,Valid,2.0,0.0,51.0,51.0,['Male'],1,0,5,4,3,Dry,Straight,Level,Lowest,No
24309,37,North Carolina,370723,0,3,3,0,6,GASTONIA,July,22,Saturday,17,15,Urban,High Speed (Arterial),Yes,35.27102222,-81.15428889,Non-Intersection,Daylight,Clear,Unknown,Unknown,Unknown EMS Scene Arrival Hour,Unknown EMS Scene Arrival Minutes,Not Applicable (Not Transported),Not Applicable (Not Transported),1,Daylight,Clear,1,5,['Driver'],['None_Used'],1,1,Invalid,1.0,0.0,66.0,28.0,"['Female', 'Male', 'Male']",1,0,3,4,5,Dry,Straight,Level,Lowest,No
24310,37,North Carolina,370724,0,1,1,0,1,NOT APPLICABLE,July,12,Wednesday,21,16,Rural,Medium Speed (Collector),No,35.22475278,-81.24400833,Non-Intersection,Dark - Not Lighted,Clear,9:00pm-9:59pm,12,9:00pm-9:59pm,22,Not Applicable (Not Transported),Not Applicable (Not Transported),1,Dark - Unlighted,Clear,1,0,['Driver'],['None_Used'],0,0,Valid,0.0,0.0,24.0,24.0,['Female'],1,0,2,4,3,Dry,Curve,Level,Lowest,No
24311,37,North Carolina,370725,0,6,6,0,9,HIGH POINT,July,14,Friday,17,6,Urban,High Speed (Arterial),Yes,36.017575,-79.97769444,Non-Intersection,Daylight,Clear,Unknown,Unknown,Unknown EMS Scene Arrival Hour,Unknown EMS Scene Arrival Minutes,Unknown,Unknown EMS Hospital Arrival Time,1,Daylight,Clear,1,8,['Driver'],['None_Used'],0,0,Valid,1.0,0.0,72.0,24.0,"['Male', 'Male', 'Female', 'Male', 'Male', 'Female']",1,0,3,4,5,Dry,Straight,Level,Lowest,No
24312,37,North Carolina,370726,1,1,1,0,1,GREENSBORO,July,17,Monday,21,50,Urban,Medium Speed (Collector),No,36.06964444,-79.86888333,Complex/Circle,Dark - Lighted,Clear,Unknown,Unknown,Unknown EMS Scene Arrival Hour,Unknown EMS Scene Arrival Minutes,Unknown,Unknown EMS Hospital Arrival Time,1,Dark - Lighted,Clear,0,1,[],[],0,0,Invalid,0.0,0.0,30.0,30.0,['Male'],0,0,3,2,4,Dry,Straight,Level,Lowest,No
24313,37,North Carolina,370727,0,2,2,0,2,NOT APPLICABLE,July,12,Wednesday,17,27,Rural,High Speed (Arterial),Yes,36.36391389,-77.67273056,Non-Intersection,Daylight,Clear,5:00pm-5:59pm,3,5:00pm-5:59pm,14,Not Applicable (Not Transported),Not Applicable (Not Transported),1,Daylight,Clear,1,1,['Driver'],['Shoulder_Lapbelt'],0,0,Valid,0.0,1.0,56.0,51.0,"['Male', 'Male']",1,0,4,4,5,Dry,Straight,Level,Lowest,No
24314,37,North Carolina,370728,0,1,1,0,1,NOT APPLICABLE,July,2,Sunday,19,44,Rural,Low Speed (Local),No,35.40084444,-79.08824722,Non-Intersection,Daylight,Clear,7:00pm-7:59pm,39,7:00pm-7:59pm,53,8:00pm-8:59pm,32,1,Daylight,Clear,1,0,['Driver'],['Shoulder_Lapbelt'],0,0,Valid,0.0,0.0,70.0,70.0,['Male'],1,0,2,4,3,Dry,Curve,Level,Lowest,No
24315,37,North Carolina,370729,0,2,2,0,2,NOT APPLICABLE,July,15,Saturday,18,5,Rural,Low Speed (Local),No,35.52241944,-78.72006944,Simple Junction,Daylight,Clear,6:00pm-6:59pm,42,6:00pm-6:59pm,48,7:00pm-7:59pm,30,1,Daylight,Clear,1,1,['Driver'],['Shoulder_Lapbelt'],0,0,Valid,2.0,0.0,68.0,19.0,"['Female', 'Female']",0,0,3,4,5,Dry,Straight,Level,Lowest,No
24316,37,North Carolina,370730,0,2,2,0,3,DUNN,July,14,Friday,23,20,Urban,Medium Speed (Collector),No,35.31354167,-78.60283611,Complex/Circle,Dark - Lighted,Clear,11:00pm-11:59pm,21,11:00pm-11:59pm,26,0:00am-0:59am,38,1,Dark - Lighted,Clear,1,2,['Driver'],['Shoulder_Lapbelt'],1,1,Valid,0.0,0.0,22.0,21.0,"['Male', 'Male']",2,0,2,4,5,Dry,Straight,Level,Lowest,No
24317,37,North Carolina,370731,0,2,2,0,2,NOT APPLICABLE,July,17,Monday,20,36,Rural,Medium Speed (Collector),No,35.39193056,-82.50207222,Simple Junction,Daylight,Clear,Unknown,Unknown,Unknown EMS Scene Arrival Hour,Unknown EMS Scene Arrival Minutes,Unknown,Unknown EMS Hospital Arrival Time,1,Daylight,Clear,1,1,['Driver'],['Shoulder_Lapbelt'],1,1,Valid,1.0,0.0,53.0,27.0,"['Male', 'Female']",1,0,3,4,5,Dry,Curve,Level,Lowest,No
24318,37,North Carolina,370732,0,2,2,0,5,NOT APPLICABLE,July,3,Monday,17,52,Rural,Medium Speed (Collector),No,35.06958333,-79.35412778,Non-Intersection,Daylight,Clear,Unknown,Unknown,Unknown EMS Scene Arrival Hour,Unknown EMS Scene Arrival Minutes,Unknown,Unknown EMS Hospital Arrival Time,1,Daylight,Clear,1,4,['Driver'],['Shoulder_Lapbelt'],0,0,Invalid,0.0,0.0,64.0,22.0,"['Male', 'Male']",0,0,3,4,5,Dry,Straight,Level,Lowest,No
24319,37,North Carolina,370733,1,1,1,0,2,NOT APPLICABLE,July,14,Friday,13,26,Rural,Low Speed (Local),No,34.86901944,-79.16841667,Non-Intersection,Daylight,Cloudy,Unknown,Unknown,Unknown EMS Scene Arrival Hour,Unknown EMS Scene Arrival Minutes,Not Applicable (Not Transported),Not Applicable (Not Transported),1,Daylight,Reduced Visibility,0,2,[],[],0,0,Valid,0.0,0.0,67.0,67.0,['Female'],0,0,2,1,4,Dry,Straight,Level,Lowest,No
24320,37,North Carolina,370734,0,1,1,0,1,NOT APPLICABLE,July,14,Friday,15,33,Rural,Medium Speed (Collector),No,35.71527222,-80.84903889,Non-Intersection,Daylight,Clear,3:00pm-3:59pm,28,3:00pm-3:59pm,37,4:00pm-4:59pm,5,1,Daylight,Clear,1,0,['Driver'],['None_Used'],0,0,Valid,3.0,0.0,52.0,52.0,['Male'],0,0,5,4,3,Dry,Curve,Grade/Hillcrest,Lowest,No
24321,37,North Carolina,370735,0,2,2,0,2,NOT APPLICABLE,July,14,Friday,18,41,Rural,Medium Speed (Collector),No,35.77451944,-81.02543056,Simple Junction,Dusk,Clear,6:00pm-6:59pm,39,6:00pm-6:59pm,53,Not Applicable (Not Transported),Not Applicable (Not Transported),1,Twilight,Clear,1,1,['Driver'],['Shoulder_Lapbelt'],0,0,Valid,0.0,0.0,19.0,18.0,"['Male', 'Male']",0,0,3,4,5,Dry,Curve,Grade/Hillcrest,Lowest,No
24322,37,North Carolina,370736,1,1,1,0,1,NOT APPLICABLE,July,4,Tuesday,1,4,Rural,High Speed (Arterial),Yes,35.41441389,-78.470375,Non-Intersection,Dark - Not Lighted,Clear,Unknown,Unknown,Unknown EMS Scene Arrival Hour,Unknown EMS Scene Arrival Minutes,Not Applicable (Not Transported),Not Applicable (Not Transported),1,Dark - Unlighted,Clear,0,1,[],[],0,0,Valid,0.0,0.0,47.0,47.0,['Male'],0,0,4,2,4,Dry,Straight,Level,Lowest,No
24323,37,North Carolina,370737,0,1,1,0,1,NOT APPLICABLE,July,17,Monday,11,43,Rural,Medium Speed (Collector),No,35.60529167,-78.533675,Non-Intersection,Daylight,Clear,Unknown,Unknown,Unknown EMS Scene Arrival Hour,Unknown EMS Scene Arrival Minutes,Not Applicable (Not Transported),Not Applicable (Not Transported),1,Daylight,Clear,1,0,['Driver'],['Shoulder_Lapbelt'],0,0,Valid,0.0,0.0,61.0,61.0,['Male'],1,0,3,4,3,Dry,Curve,Level,Lowest,No
24324,37,North Carolina,370738,1,1,1,0,2,NOT APPLICABLE,July,19,Wednesday,23,23,Rural,High Speed (Arterial),Yes,35.37906111,-78.50685,Non-Intersection,Dark - Not Lighted,Clear,Unknown,Unknown,Unknown EMS Scene Arrival Hour,Unknown EMS Scene Arrival Minutes,Not Applicable (Not Transported),Not Applicable (Not Transported),1,Dark - Unlighted,Clear,0,2,[],[],0,0,Valid,0.0,0.0,36.0,36.0,['Male'],0,0,4,2,4,Dry,Straight,Level,Lowest,No
24325,37,North Carolina,370739,0,1,1,0,1,NOT APPLICABLE,July,21,Friday,16,4,Rural,Medium Speed (Collector),No,35.20178056,-77.71026667,Non-Intersection,Daylight,Clear,Unknown,Unknown,Unknown EMS Scene Arrival Hour,Unknown EMS Scene Arrival Minutes,Unknown,Unknown EMS Hospital Arrival Time,1,Daylight,Clear,1,0,['Driver'],['None_Used'],0,0,Valid,0.0,0.0,74.0,74.0,['Female'],0,0,2,4,2,Dry,Curve,Level,Lowest,No
24326,37,North Carolina,370740,0,1,1,0,1,NOT APPLICABLE,July,22,Saturday,19,8,Rural,Low Speed (Local),No,35.483825,-80.98516111,Non-Intersection,Daylight,Clear,Unknown,Unknown,Unknown EMS Scene Arrival Hour,Unknown EMS Scene Arrival Minutes,Not Applicable (Not Transported),Not Applicable (Not Transported),1,Daylight,Clear,1,0,['Driver'],['Shoulder_Lapbelt'],0,0,Valid,0.0,0.0,27.0,27.0,['Male'],1,0,2,4,3,Dry,Curve,Level,Lowest,No
24327,37,North Carolina,370741,0,1,1,0,1,NOT APPLICABLE,July,8,Saturday,23,39,Rural,Medium Speed (Collector),No,35.77236944,-82.63569444,Non-Intersection,Dark - Not Lighted,Clear,Unknown,Unknown,Unknown EMS Scene Arrival Hour,Unknown EMS Scene Arrival Minutes,Not Applicable (Not Transported),Not Applicable (Not Transported),1,Dark - Unlighted,Clear,1,0,['Driver'],['Shoulder_Lapbelt'],0,0,Valid,0.0,0.0,16.0,16.0,['Female'],1,0,3,4,3,Dry,Curve,Grade/Hillcrest,Lowest,No
24328,37,North Carolina,370742,0,1,1,0,1,NOT APPLICABLE,July,17,Monday,13,55,Rural,High Speed (Arterial),Yes,35.82634167,-76.82076944,Non-Intersection,Daylight,Clear,Unknown,Unknown,Unknown EMS Scene Arrival Hour,Unknown EMS Scene Arrival Minutes,Unknown,Unknown EMS Hospital Arrival Time,1,Daylight,Clear,1,0,['Driver'],['Shoulder_Lapbelt'],0,0,Valid,0.0,0.0,53.0,53.0,['Female'],0,0,2,4,2,Dry,Straight,Level,Lowest,No
24329,37,North Carolina,370743,0,3,3,0,7,NOT APPLICABLE,July,6,Thursday,10,20,Rural,High Speed (Arterial),Yes,35.71327222,-82.03763333,Non-Intersection,Daylight,Clear,10:00am-10:59am,13,10:00am-10:59am,16,11:00am-11:59am,9,2,Daylight,Clear,2,5,"['Driver', 'Front_Passenger']","['Shoulder_Lapbelt', 'Shoulder_Lapbelt']",0,0,Invalid,2.0,1.0,66.0,20.0,"['Male', 'Female', 'Male']",1,0,3,4,5,Dry,Curve,Grade/Hillcrest,Lowest,No
24330,37,North Carolina,370744,0,2,2,0,2,CHARLOTTE,July,1,Saturday,20,55,Urban,High Speed (Arterial),Yes,35.34180278,-80.70104167,Simple Junction,Dark - Not Lighted,Clear,8:00pm-8:59pm,54,9:00pm-9:59pm,3,Not Applicable (Not Transported),Not Applicable (Not Transported),1,Dark - Unlighted,Clear,1,1,['Driver'],['Shoulder_Lapbelt'],0,0,Valid,1.0,1.0,70.0,23.0,"['Male', 'Female']",1,0,2,4,5,Dry,Straight,Grade/Hillcrest,Lowest,No
24331,37,North Carolina,370745,1,1,1,0,1,CHARLOTTE,July,11,Tuesday,12,21,Urban,High Speed (Arterial),Yes,35.19593056,-80.62916944,Non-Intersection,Daylight,Clear,12:00pm-12:59pm,21,12:00pm-12:59pm,29,Not Applicable (Not Transported),Not Applicable (Not Transported),1,Daylight,Clear,0,1,[],[],0,0,Valid,0.0,0.0,42.0,42.0,['Male'],0,0,4,4,4,Dry,Straight,Level,Lowest,No
24332,37,North Carolina,370746,0,3,3,0,4,CHARLOTTE,July,15,Saturday,20,46,Urban,High Speed (Arterial),Yes,35.28090556,-80.673525,Non-Intersection,Daylight,Cloudy,8:00pm-8:59pm,46,9:00pm-9:59pm,8,10:00pm-10:59pm,0,1,Daylight,Reduced Visibility,1,3,['Driver'],['Shoulder_Lapbelt'],0,0,Valid,0.0,1.0,47.0,34.0,"['Male', 'Male', 'Male']",1,0,3,4,5,Wet/Standing Water,Straight,Level,Lowest,No
24333,37,North Carolina,370747,0,2,2,0,2,CHARLOTTE,July,23,Sunday,1,55,Urban,High Speed (Arterial),Yes,35.28006944,-80.78914444,Non-Intersection,Dark - Not Lighted,Clear,1:00am-1:59am,55,2:00am-2:59am,9,Not Applicable (Not Transported),Not Applicable (Not Transported),1,Dark - Unlighted,Clear,1,0,['Driver'],['None_Used'],0,0,Invalid,1.0,0.0,999.0,40.0,"['Other', 'Male']",1,0,5,4,5,Dry,Straight,Level,Lowest,No
24334,37,North Carolina,370748,0,3,3,0,3,CHARLOTTE,July,27,Thursday,10,7,Urban,Medium Speed (Collector),No,35.11114722,-80.89880556,Simple Junction,Daylight,Clear,10:00am-10:59am,7,10:00am-10:59am,18,10:00am-10:59am,53,1,Daylight,Clear,1,2,['Driver'],['None_Used'],0,0,Valid,5.0,0.0,48.0,23.0,"['Male', 'Male', 'Male']",1,0,4,4,5,Dry,Straight,Level,Lowest,No
24335,37,North Carolina,370749,0,1,1,0,1,NOT APPLICABLE,July,12,Wednesday,14,31,Rural,Medium Speed (Collector),No,35.250375,-80.03331111,Simple Junction,Daylight,Clear,2:00pm-2:59pm,28,2:00pm-2:59pm,33,4:00pm-4:59pm,0,1,Daylight,Clear,1,0,['Driver'],['Shoulder_Lapbelt'],0,0,Valid,0.0,0.0,67.0,67.0,['Male'],0,0,3,4,2,Dry,Straight,Level,Lowest,No
24336,37,North Carolina,370750,0,1,1,0,1,NOT APPLICABLE,July,19,Wednesday,5,5,Rural,High Speed (Arterial),Yes,35.79503333,-78.16178333,Non-Intersection,Dark - Not Lighted,Clear,Unknown,Unknown,Unknown EMS Scene Arrival Hour,Unknown EMS Scene Arrival Minutes,Not Applicable (Not Transported),Not Applicable (Not Transported),1,Dark - Unlighted,Clear,1,0,['Driver'],['Shoulder_Lapbelt'],0,0,Valid,2.0,0.0,61.0,61.0,['Male'],0,0,3,4,3,Dry,Straight,Level,Lowest,No
24337,37,North Carolina,370751,0,2,2,0,2,NOT APPLICABLE,July,25,Tuesday,7,11,Rural,Low Speed (Local),No,35.85204444,-78.050225,Non-Intersection,Daylight,Clear,Unknown,Unknown,Unknown EMS Scene Arrival Hour,Unknown EMS Scene Arrival Minutes,Not Applicable (Not Transported),Not Applicable (Not Transported),1,Daylight,Clear,1,1,['Driver'],['None_Used'],0,0,Valid,0.0,0.0,64.0,42.0,"['Male', 'Male']",1,0,3,4,5,Dry,Straight,Level,Lowest,No
24338,37,North Carolina,370752,1,1,1,0,1,NOT APPLICABLE,July,26,Wednesday,1,38,Rural,Medium Speed (Collector),No,35.97061389,-77.92255556,Non-Intersection,Dark - Not Lighted,Clear,Unknown,Unknown,Unknown EMS Scene Arrival Hour,Unknown EMS Scene Arrival Minutes,Not Applicable (Not Transported),Not Applicable (Not Transported),1,Dark - Unlighted,Clear,0,0,[],[],0,0,Invalid,0.0,0.0,999.0,999.0,['Other'],0,0,1,0,4,Dry,Straight,Level,Lowest,No
24339,37,North Carolina,370753,0,1,1,0,1,NOT APPLICABLE,July,7,Friday,22,20,Rural,Low Speed (Local),No,35.92105833,-78.02096667,Non-Intersection,Dark - Not Lighted,Clear,Unknown,Unknown,Unknown EMS Scene Arrival Hour,Unknown EMS Scene Arrival Minutes,Not Applicable (Not Transported),Not Applicable (Not Transported),1,Dark - Unlighted,Clear,1,0,['Driver'],['None_Used'],1,1,Invalid,0.0,0.0,41.0,41.0,['Male'],1,0,3,4,3,Dry,Curve,Level,Lowest,No