,State_Code,State_Name,Crash_ID,Count_Non_Motorists,Count_Vehicles_Total,Count_Vehicle_Forms,Count_PVH_Involved,Count_Occupants_MV,City_Name,Month_Name,Day_of_Month,Day_of_Week,Crash_Hour,Crash_Minute,Area_Rural_Urban,Road_Functional_Class,On_NHS_Road,Latitude,Longitude,Intersection_Type,Light_Condition,Weather_Condition,Notif_Hour,Notif_Minute,Arrival_Hour,Arrival_Minute,Hospital_Hour,Hospital_Minute,Fatalities_Count,Clean_Light_Condition,Clean_Weather_Condition,Total_Killed,Total_Alive,Fatal_Seats_List,Killed_Restraint_List,Any_Driver_Drinking,Total_Drinking_Drivers,Driver_License_Category,Driver_Max_Prev_Accident_Count,Driver_Max_Prev_Speeding_Count,Max_Driver_Age,Min_Driver_Age,Driver_Sex_List,Total_Exceeding_Limit_Vehicles,Total_Too_Fast_Vehicles,Max_Vehicle_Type_Severity_5,Max_Vehicle_Damage_Rank,Max_Harmful_Event_Severity,Crash_Road_Surface_Condition,Crash_Horizontal_Alignment,Crash_Vertical_Profile,Crash_Impairment_Category,Crash_Vehicle_Defect
24340,37,North Carolina,370754,1,1,1,0,1,ROCKY MOUNT,July,20,Thursday,2,0,Urban,High Speed (Arterial),No,35.92806111,-77.81599722,Non-Intersection,Dark - Lighted,Clear,Unknown,Unknown,Unknown EMS Scene Arrival Hour,Unknown EMS Scene Arrival Minutes,Unknown,Unknown EMS Hospital Arrival Time,1,Dark - Lighted,Clear,0,1,[],[],0,0,Valid,0.0,0.0,30.0,30.0,['Male'],0,0,2,4,4,Dry,Straight,Level,Lowest,No
24341,37,North Carolina,370755,0,1,1,0,1,NOT APPLICABLE,July,17,Monday,18,53,Rural,Low Speed (Local),No,34.28080833,-77.88151667,Non-Intersection,Daylight,Cloudy,Unknown,Unknown,Unknown EMS Scene Arrival Hour,Unknown EMS Scene Arrival Minutes,Not Applicable (Not Transported),Not Applicable (Not Transported),1,Daylight,Reduced Visibility,1,0,['Driver'],['None_Used'],1,1,Valid,0.0,0.0,57.0,57.0,['Male'],1,0,1,4,3,Dry,Curve,Level,Lowest,No
24342,37,North Carolina,370756,0,2,2,0,3,WILMINGTON,July,20,Thursday,21,41,Urban,Medium Speed (Collector),No,34.23951389,-77.88938056,Complex/Circle,Dark - Not Lighted,Clear,Unknown,Unknown,Unknown EMS Scene Arrival Hour,Unknown EMS Scene Arrival Minutes,Unknown,Unknown EMS Hospital Arrival Time,1,Dark - Unlighted,Clear,1,2,['Driver'],['None_Used'],0,0,Valid,0.0,1.0,66.0,24.0,"['Male', 'Male']",1,0,5,4,5,Dry,Straight,Level,Lowest,No
24343,37,North Carolina,370757,0,2,2,0,2,NOT APPLICABLE,July,7,Friday,12,30,Rural,Medium Speed (Collector),No,34.75844167,-77.33360556,Complex/Circle,Daylight,Clear,12:00pm-12:59pm,27,12:00pm-12:59pm,33,12:00pm-12:59pm,54,1,Daylight,Clear,1,1,['Driver'],['None_Used'],0,0,Valid,0.0,2.0,49.0,27.0,"['Female', 'Male']",0,0,5,4,5,Dry,Straight,Level,Lowest,No
24344,37,North Carolina,370758,0,2,2,0,2,NOT APPLICABLE,July,25,Tuesday,16,16,Rural,High Speed (Arterial),Yes,34.91057778,-77.57485833,Non-Intersection,Daylight,Clear,4:00pm-4:59pm,14,4:00pm-4:59pm,21,5:00pm-5:59pm,31,1,Daylight,Clear,1,1,['Driver'],['Shoulder_Lapbelt'],0,0,Valid,2.0,0.0,60.0,22.0,"['Male', 'Male']",0,0,4,4,5,Dry,Straight,Level,Lowest,Yes
24345,37,North Carolina,370759,1,1,1,0,1,NOT APPLICABLE,July,5,Wednesday,8,29,Rural,High Speed (Arterial),Yes,35.96183333,-79.01581111,Non-Intersection,Dark - Not Lighted,Cloudy,Unknown,Unknown,Unknown EMS Scene Arrival Hour,Unknown EMS Scene Arrival Minutes,Not Applicable (Not Transported),Not Applicable (Not Transported),1,Dark - Unlighted,Reduced Visibility,0,1,[],[],0,0,Invalid,0.0,0.0,999.0,999.0,['Other'],0,0,1,0,4,Wet/Standing Water,Straight,Level,Lowest,No
24346,37,North Carolina,370760,0,1,1,0,5,NOT APPLICABLE,July,29,Saturday,1,19,Rural,Low Speed (Local),No,36.48946111,-78.95719444,Non-Intersection,Dark - Not Lighted,Clear,1:00am-1:59am,21,1:00am-1:59am,33,2:00am-2:59am,32,2,Dark - Unlighted,Clear,2,3,"['Rear_Seat', 'Rear_Seat']","['Shoulder_Lapbelt', 'None_Used']",1,1,Invalid,1.0,0.0,18.0,18.0,['Male'],5,0,2,4,3,Dry,Curve,Grade/Hillcrest,Lowest,No
24347,37,North Carolina,370761,0,2,2,0,3,WINTERVILLE,July,21,Friday,18,32,Urban,Medium Speed (Collector),No,35.52533611,-77.38976667,Non-Intersection,Daylight,Clear,Unknown,Unknown,Unknown EMS Scene Arrival Hour,Unknown EMS Scene Arrival Minutes,Unknown,Unknown EMS Hospital Arrival Time,1,Daylight,Clear,1,2,['Driver'],['None_Used'],1,1,Valid,0.0,0.0,61.0,44.0,"['Female', 'Male']",1,0,3,4,5,Dry,Curve,Level,Lowest,No
24348,37,North Carolina,370762,0,1,1,0,1,NOT APPLICABLE,July,24,Monday,13,53,Rural,High Speed (Arterial),Yes,35.41663889,-77.4347,Non-Intersection,Daylight,Clear,Unknown,Unknown,Unknown EMS Scene Arrival Hour,Unknown EMS Scene Arrival Minutes,Unknown,Unknown EMS Hospital Arrival Time,1,Daylight,Clear,1,0,['Driver'],['Shoulder_Lapbelt'],0,0,Valid,1.0,0.0,76.0,76.0,['Male'],0,0,3,4,3,Dry,Straight,Level,Lowest,No
24349,37,North Carolina,370763,0,2,2,0,2,NOT APPLICABLE,July,28,Friday,9,47,Rural,Medium Speed (Collector),No,35.51468333,-77.31914444,Non-Intersection,Daylight,Clear,Unknown,Unknown,Unknown EMS Scene Arrival Hour,Unknown EMS Scene Arrival Minutes,Unknown,Unknown EMS Hospital Arrival Time,1,Daylight,Clear,1,1,['Driver'],['Shoulder_Lapbelt'],0,0,Valid,1.0,0.0,63.0,38.0,"['Male', 'Male']",0,0,3,4,5,Dry,Curve,Level,Lowest,No
24350,37,North Carolina,370764,0,2,2,0,3,NOT APPLICABLE,July,20,Thursday,16,28,Rural,Medium Speed (Collector),No,35.5177,-77.38394167,Complex/Circle,Daylight,Clear,Unknown,Unknown,Unknown EMS Scene Arrival Hour,Unknown EMS Scene Arrival Minutes,Unknown,Unknown EMS Hospital Arrival Time,1,Daylight,Clear,1,2,['Driver'],['Shoulder_Lapbelt'],0,0,Invalid,1.0,0.0,91.0,23.0,"['Male', 'Male']",0,0,3,4,5,Dry,Straight,Level,Lowest,No
24351,37,North Carolina,370765,0,1,1,0,1,NOT APPLICABLE,July,5,Wednesday,12,53,Rural,Medium Speed (Collector),No,35.73103333,-79.78058333,Non-Intersection,Daylight,Clear,12:00pm-12:59pm,50,1:00pm-1:59pm,0,Not Applicable (Not Transported),Not Applicable (Not Transported),1,Daylight,Clear,1,0,['Driver'],['Shoulder_Lapbelt'],0,0,Valid,1.0,0.0,36.0,36.0,['Male'],1,0,2,4,3,Dry,Straight,Grade/Hillcrest,Lowest,No
24352,37,North Carolina,370766,0,3,3,0,6,NOT APPLICABLE,July,10,Monday,15,6,Rural,High Speed (Arterial),Yes,35.63371389,-79.82650833,Non-Intersection,Daylight,Clear,3:00pm-3:59pm,4,3:00pm-3:59pm,10,3:00pm-3:59pm,42,1,Daylight,Clear,1,5,['Front_Passenger'],['Shoulder_Lapbelt'],0,0,Valid,3.0,2.0,67.0,22.0,"['Female', 'Male', 'Male']",0,0,3,4,5,Dry,Straight,Level,Lowest,No
24353,37,North Carolina,370767,0,1,1,0,3,SOPHIA,July,31,Monday,9,53,Urban,High Speed (Arterial),Yes,35.88981111,-79.91482778,Non-Intersection,Daylight,Clear,9:00am-9:59am,50,10:00am-10:59am,0,Unknown,Unknown EMS Hospital Arrival Time,1,Daylight,Clear,1,2,['Driver'],['Shoulder_Lapbelt'],0,0,Valid,0.0,0.0,42.0,42.0,['Male'],3,0,2,4,2,Dry,Straight,Level,Lowest,No
24354,37,North Carolina,370768,0,2,2,0,3,NOT APPLICABLE,July,8,Saturday,13,55,Rural,Medium Speed (Collector),No,34.92363889,-79.71105,Non-Intersection,Daylight,Clear,Unknown,Unknown,Unknown EMS Scene Arrival Hour,Unknown EMS Scene Arrival Minutes,Unknown,Unknown EMS Hospital Arrival Time,1,Daylight,Clear,1,2,['Driver'],['Shoulder_Lapbelt'],0,0,Valid,1.0,0.0,74.0,19.0,"['Female', 'Female']",0,0,3,4,5,Dry,Straight,Level,Lowest,No
24355,37,North Carolina,370769,0,1,1,0,1,NOT APPLICABLE,July,9,Sunday,6,8,Rural,Low Speed (Local),No,34.62358889,-78.90987778,Non-Intersection,Dawn,Clear,Unknown,Unknown,Unknown EMS Scene Arrival Hour,Unknown EMS Scene Arrival Minutes,Unknown,Unknown EMS Hospital Arrival Time,1,Twilight,Clear,1,0,['Driver'],['None_Used'],0,0,Valid,0.0,0.0,21.0,21.0,['Male'],0,0,2,4,3,Dry,Straight,Level,Lowest,No
24356,37,North Carolina,370770,0,2,2,0,3,NOT APPLICABLE,July,12,Wednesday,21,33,Rural,Low Speed (Local),No,34.72545556,-79.21994722,Non-Intersection,Dark - Not Lighted,Clear,Unknown,Unknown,Unknown EMS Scene Arrival Hour,Unknown EMS Scene Arrival Minutes,Not Applicable (Not Transported),Not Applicable (Not Transported),1,Dark - Unlighted,Clear,1,2,['Driver'],['None_Used'],0,0,Invalid,0.0,0.0,48.0,21.0,"['Male', 'Male']",2,0,5,4,5,Dry,Straight,Level,Lowest,No
24357,37,North Carolina,370771,1,1,1,0,1,NOT APPLICABLE,July,24,Monday,5,25,Rural,Medium Speed (Collector),No,34.85314722,-79.09522222,Non-Intersection,Dark - Not Lighted,Clear,Unknown,Unknown,Unknown EMS Scene Arrival Hour,Unknown EMS Scene Arrival Minutes,Not Applicable (Not Transported),Not Applicable (Not Transported),1,Dark - Unlighted,Clear,0,0,[],[],0,0,Invalid,0.0,0.0,999.0,999.0,['Other'],0,0,1,0,4,Dry,Straight,Level,Lowest,No
24358,37,North Carolina,370772,0,2,2,0,2,NOT APPLICABLE,July,26,Wednesday,8,17,Rural,Low Speed (Local),No,34.68137778,-79.15049722,Non-Intersection,Daylight,Clear,Unknown,Unknown,Unknown EMS Scene Arrival Hour,Unknown EMS Scene Arrival Minutes,Not Applicable (Not Transported),Not Applicable (Not Transported),1,Daylight,Clear,1,1,['Driver'],['None_Used'],0,0,Valid,0.0,0.0,27.0,19.0,"['Male', 'Male']",0,0,5,4,5,Dry,Straight,Level,Lowest,No
24359,37,North Carolina,370773,0,1,1,0,1,NOT APPLICABLE,July,26,Wednesday,23,35,Rural,Medium Speed (Collector),No,34.81603333,-79.14881944,Non-Intersection,Dark - Not Lighted,Clear,Unknown,Unknown,Unknown EMS Scene Arrival Hour,Unknown EMS Scene Arrival Minutes,Not Applicable (Not Transported),Not Applicable (Not Transported),1,Dark - Unlighted,Clear,1,0,['Driver'],['None_Used'],0,0,Invalid,0.0,1.0,30.0,30.0,['Male'],1,0,3,4,3,Dry,Straight,Level,Lowest,No
24360,37,North Carolina,370774,1,1,1,0,3,NOT APPLICABLE,July,1,Saturday,3,12,Rural,Medium Speed (Collector),No,34.77530278,-79.32611389,Non-Intersection,Dark - Not Lighted,Clear,Unknown,Unknown,Unknown EMS Scene Arrival Hour,Unknown EMS Scene Arrival Minutes,Unknown,Unknown EMS Hospital Arrival Time,1,Dark - Unlighted,Clear,0,3,[],[],0,0,Valid,0.0,0.0,22.0,22.0,['Male'],0,0,3,2,4,Dry,Straight,Level,Lowest,No
24361,37,North Carolina,370775,0,2,2,0,4,NOT APPLICABLE,July,25,Tuesday,16,45,Rural,Medium Speed (Collector),No,34.83056389,-79.081825,Non-Intersection,Daylight,Clear,Unknown,Unknown,Unknown EMS Scene Arrival Hour,Unknown EMS Scene Arrival Minutes,Unknown,Unknown EMS Hospital Arrival Time,1,Daylight,Clear,1,3,['Rear_Seat'],['None_Used'],0,0,Valid,0.0,0.0,67.0,33.0,"['Female', 'Male']",0,0,5,4,5,Dry,Straight,Level,Lowest,No
24362,37,North Carolina,370776,0,2,2,0,3,NOT APPLICABLE,July,28,Friday,19,28,Rural,Medium Speed (Collector),No,34.85229167,-79.11588611,Complex/Circle,Daylight,Clear,Unknown,Unknown,Unknown EMS Scene Arrival Hour,Unknown EMS Scene Arrival Minutes,Unknown,Unknown EMS Hospital Arrival Time,1,Daylight,Clear,1,2,['Driver'],['None_Used'],0,0,Invalid,0.0,0.0,59.0,23.0,"['Male', 'Male']",0,0,5,4,5,Dry,Straight,Level,Lowest,No
24363,37,North Carolina,370777,0,2,2,0,3,NOT APPLICABLE,July,4,Tuesday,14,34,Rural,Medium Speed (Collector),No,35.558275,-80.28331667,Complex/Circle,Daylight,Clear,Unknown,Unknown,Unknown EMS Scene Arrival Hour,Unknown EMS Scene Arrival Minutes,Unknown,Unknown EMS Hospital Arrival Time,2,Daylight,Clear,2,1,"['Driver', 'Rear_Seat']","['None_Used', 'None_Used']",0,0,Valid,1.0,0.0,52.0,30.0,"['Male', 'Male']",0,0,5,4,5,Dry,Straight,Grade/Hillcrest,Lowest,No
24364,37,North Carolina,370778,0,1,1,0,1,NOT APPLICABLE,July,15,Saturday,1,14,Rural,Medium Speed (Collector),No,35.52872778,-80.45080556,Non-Intersection,Dark - Not Lighted,Clear,Unknown,Unknown,Unknown EMS Scene Arrival Hour,Unknown EMS Scene Arrival Minutes,Unknown,Unknown EMS Hospital Arrival Time,1,Dark - Unlighted,Clear,1,0,['Driver'],['None_Used'],0,0,Valid,1.0,1.0,35.0,35.0,['Female'],0,0,3,4,3,Dry,Curve,Grade/Hillcrest,Lowest,No
24365,37,North Carolina,370779,1,1,1,0,1,NOT APPLICABLE,July,28,Friday,20,37,Rural,Medium Speed (Collector),No,34.72496944,-78.21066944,Non-Intersection,Dark - Not Lighted,Clear,8:00pm-8:59pm,32,8:00pm-8:59pm,36,Not Applicable (Not Transported),Not Applicable (Not Transported),1,Dark - Unlighted,Clear,0,1,[],[],0,0,Valid,0.0,0.0,19.0,19.0,['Female'],0,0,2,4,4,Dry,Straight,Level,Lowest,No
24366,37,North Carolina,370780,0,2,2,0,3,NOT APPLICABLE,July,16,Sunday,17,20,Rural,Low Speed (Local),No,35.06191111,-78.33483333,Non-Intersection,Daylight,Clear,Unknown,Unknown,Unknown EMS Scene Arrival Hour,Unknown EMS Scene Arrival Minutes,Unknown,Unknown EMS Hospital Arrival Time,1,Daylight,Clear,1,2,['Driver'],['None_Used'],0,0,Valid,0.0,0.0,44.0,15.0,"['Female', 'Male']",0,0,3,4,5,Dry,Straight,Grade/Hillcrest,Lowest,No
24367,37,North Carolina,370781,0,1,1,0,1,NOT APPLICABLE,July,11,Tuesday,11,30,Rural,Low Speed (Local),No,36.27813611,-80.39884444,Simple Junction,Daylight,Clear,11:00am-11:59am,25,11:00am-11:59am,40,Not Applicable (Not Transported),Not Applicable (Not Transported),1,Daylight,Clear,1,0,['Driver'],['None_Used'],0,0,Valid,3.0,0.0,55.0,55.0,['Female'],0,0,3,4,2,Dry,Straight,Level,Lowest,No
24368,37,North Carolina,370782,0,2,2,0,7,NOT APPLICABLE,July,25,Tuesday,15,36,Rural,Medium Speed (Collector),No,36.35205,-80.21644722,Simple Junction,Daylight,Clear,3:00pm-3:59pm,31,3:00pm-3:59pm,43,4:00pm-4:59pm,22,1,Daylight,Clear,1,6,['Front_Passenger'],['Shoulder_Lapbelt'],0,0,Valid,0.0,0.0,80.0,45.0,"['Female', 'Male']",0,0,3,4,5,Dry,Straight,Level,Lowest,No
24369,37,North Carolina,370785,0,3,3,0,7,NOT APPLICABLE,July,29,Saturday,16,9,Rural,Medium Speed (Collector),No,35.46721389,-83.92,Non-Intersection,Daylight,Clear,Unknown,Unknown,Unknown EMS Scene Arrival Hour,Unknown EMS Scene Arrival Minutes,Not Applicable (Not Transported),Not Applicable (Not Transported),1,Daylight,Clear,1,6,['Driver'],['None_Used'],0,0,Valid,0.0,1.0,63.0,51.0,"['Male', 'Female', 'Male']",0,0,5,4,5,Dry,Curve,Grade/Hillcrest,Lowest,No
24370,37,North Carolina,370786,0,2,2,0,7,NOT APPLICABLE,July,14,Friday,11,38,Rural,High Speed (Arterial),Yes,35.89921111,-76.07605833,Non-Intersection,Daylight,Rain,Unknown,Unknown,Unknown EMS Scene Arrival Hour,Unknown EMS Scene Arrival Minutes,Unknown,Unknown EMS Hospital Arrival Time,1,Daylight,Rain/Wind/Minor,1,6,['Front_Passenger'],['Shoulder_Lapbelt'],0,0,Valid,0.0,1.0,57.0,19.0,"['Male', 'Male']",0,0,3,4,5,Wet/Standing Water,Straight,Level,Lowest,No
24371,37,North Carolina,370787,0,1,1,0,1,NOT APPLICABLE,July,4,Tuesday,16,26,Rural,Medium Speed (Collector),No,34.91873056,-80.54536111,Non-Intersection,Daylight,Clear,4:00pm-4:59pm,25,4:00pm-4:59pm,40,5:00pm-5:59pm,28,1,Daylight,Clear,1,0,['Driver'],['None_Used'],0,0,Valid,0.0,0.0,63.0,63.0,['Male'],0,0,5,4,3,Dry,Curve,Level,Lowest,No
24372,37,North Carolina,370788,0,1,1,0,1,NOT APPLICABLE,July,21,Friday,16,17,Rural,Low Speed (Local),No,35.058225,-80.31044444,Non-Intersection,Daylight,Clear,4:00pm-4:59pm,15,4:00pm-4:59pm,31,Not Applicable (Not Transported),Not Applicable (Not Transported),1,Daylight,Clear,1,0,['Driver'],['None_Used'],1,1,Valid,0.0,0.0,55.0,55.0,['Female'],1,0,2,4,3,Dry,Curve,Grade/Hillcrest,Lowest,No
24373,37,North Carolina,370789,0,2,2,0,2,NOT APPLICABLE,July,27,Thursday,9,44,Rural,Medium Speed (Collector),No,34.89853056,-80.330575,Non-Intersection,Daylight,Clear,9:00am-9:59am,42,9:00am-9:59am,57,Not Applicable (Not Transported),Not Applicable (Not Transported),1,Daylight,Clear,1,1,['Driver'],['None_Used'],0,0,Valid,0.0,1.0,33.0,32.0,"['Male', 'Male']",1,0,5,4,5,Dry,Straight,Grade/Hillcrest,Lowest,No
24374,37,North Carolina,370790,0,1,1,0,2,NOT APPLICABLE,July,11,Tuesday,18,36,Rural,Low Speed (Local),No,36.31677222,-78.28037222,Non-Intersection,Daylight,Clear,6:00pm-6:59pm,54,7:00pm-7:59pm,7,7:00pm-7:59pm,28,1,Daylight,Clear,1,1,['Front_Passenger'],['Shoulder_Lapbelt'],0,0,Invalid,0.0,0.0,61.0,61.0,['Male'],2,0,2,4,3,Dry,Curve,Level,Lowest,No
24375,37,North Carolina,370791,1,1,1,0,2,RALEIGH,July,8,Saturday,21,47,Urban,High Speed (Arterial),Yes,35.84404444,-78.57998611,Non-Intersection,Dark - Lighted,Clear,9:00pm-9:59pm,47,9:00pm-9:59pm,57,Not Applicable (Not Transported),Not Applicable (Not Transported),1,Dark - Lighted,Clear,0,2,[],[],0,0,Invalid,1.0,0.0,65.0,65.0,['Male'],0,0,2,4,4,Dry,Straight,Level,Lowest,No
24376,37,North Carolina,370792,1,1,1,0,1,RALEIGH,July,15,Saturday,23,44,Urban,High Speed (Arterial),Yes,35.82747778,-78.58579167,Non-Intersection,Dark - Lighted,Cloudy,11:00pm-11:59pm,45,11:00pm-11:59pm,54,Not Applicable (Not Transported),Not Applicable (Not Transported),1,Dark - Lighted,Reduced Visibility,0,1,[],[],0,0,Valid,7.0,1.0,23.0,23.0,['Male'],1,0,2,4,4,Dry,Straight,Level,Lowest,No
24377,37,North Carolina,370793,0,2,2,0,5,NOT APPLICABLE,July,8,Saturday,18,28,Rural,Low Speed (Local),No,35.66463056,-78.60101944,Non-Intersection,Daylight,Rain,6:00pm-6:59pm,13,6:00pm-6:59pm,25,6:00pm-6:59pm,47,1,Daylight,Rain/Wind/Minor,1,4,['Front_Passenger'],['None_Used'],1,1,Invalid,0.0,0.0,48.0,19.0,"['Male', 'Male']",4,0,3,4,5,Wet/Standing Water,Curve,Level,Lowest,No
24378,37,North Carolina,370794,0,1,1,0,1,NOT APPLICABLE,July,29,Saturday,12,8,Rural,High Speed (Arterial),Yes,35.82428889,-78.37669167,Non-Intersection,Daylight,Clear,12:00pm-12:59pm,3,12:00pm-12:59pm,13,12:00pm-12:59pm,40,1,Daylight,Clear,1,0,['Driver'],['Shoulder_Lapbelt'],0,0,Valid,0.0,1.0,73.0,73.0,['Male'],1,0,2,4,3,Dry,Straight,Level,Lowest,No
24379,37,North Carolina,370795,0,2,2,0,3,CARY,July,21,Friday,8,42,Urban,High Speed (Arterial),Yes,35.75843056,-78.75190833,Non-Intersection,Daylight,Clear,8:00am-8:59am,42,8:00am-8:59am,46,9:00am-9:59am,6,1,Daylight,Clear,1,2,['Driver'],['None_Used'],0,0,Valid,1.0,2.0,44.0,28.0,"['Male', 'Male']",1,0,5,4,5,Dry,Straight,Level,Lowest,No
24380,37,North Carolina,370796,0,2,2,0,3,NOT APPLICABLE,July,16,Sunday,15,28,Rural,Medium Speed (Collector),No,36.24501389,-81.19688889,Non-Intersection,Daylight,Clear,3:00pm-3:59pm,21,3:00pm-3:59pm,31,Not Applicable (Not Transported),Not Applicable (Not Transported),2,Daylight,Clear,2,1,"['Driver', 'Rear_Seat']","['None_Used', 'None_Used']",0,0,Invalid,1.0,0.0,55.0,20.0,"['Female', 'Male']",0,0,5,4,5,Dry,Straight,Level,Lowest,No
24381,37,North Carolina,370797,0,2,2,0,3,NOT APPLICABLE,July,31,Monday,5,51,Rural,High Speed (Arterial),Yes,35.69121111,-78.05431111,Non-Intersection,Daylight,Clear,Unknown,Unknown,Unknown EMS Scene Arrival Hour,Unknown EMS Scene Arrival Minutes,Not Applicable (Not Transported),Not Applicable (Not Transported),1,Daylight,Clear,1,2,['Front_Passenger'],['Shoulder_Lapbelt'],0,0,Invalid,0.0,0.0,57.0,57.0,['Female'],0,0,2,4,5,Dry,Straight,Level,Lowest,No
24382,37,North Carolina,370798,0,1,1,0,1,NOT APPLICABLE,July,21,Friday,7,29,Rural,High Speed (Arterial),Yes,36.18282222,-80.81221667,Non-Intersection,Daylight,Clear,Unknown,Unknown,Unknown EMS Scene Arrival Hour,Unknown EMS Scene Arrival Minutes,Not Applicable (Not Transported),Not Applicable (Not Transported),1,Daylight,Clear,1,0,['Driver'],['Shoulder_Lapbelt'],0,0,Valid,0.0,0.0,53.0,53.0,['Male'],0,0,4,4,2,Dry,Straight,Level,Lowest,No
24383,37,North Carolina,370799,0,2,2,0,3,FAYETTEVILLE,July,27,Thursday,19,56,Urban,Medium Speed (Collector),No,35.09253889,-78.98493611,Non-Intersection,Daylight,Clear,Unknown,Unknown,Unknown EMS Scene Arrival Hour,Unknown EMS Scene Arrival Minutes,Not Applicable (Not Transported),Not Applicable (Not Transported),1,Daylight,Clear,1,2,['Driver'],['None_Used'],0,0,Valid,1.0,0.0,74.0,21.0,"['Male', 'Female']",1,0,5,4,5,Dry,Straight,Level,Lowest,Yes
24384,37,North Carolina,370800,0,2,2,0,3,NOT APPLICABLE,July,22,Saturday,14,40,Rural,Medium Speed (Collector),No,35.58640833,-80.15320556,Complex/Circle,Daylight,Clear,1:00pm-1:59pm,6,1:00pm-1:59pm,13,2:00pm-2:59pm,24,1,Daylight,Clear,1,2,['Driver'],['Shoulder_Lapbelt'],0,0,Valid,2.0,1.0,86.0,29.0,"['Male', 'Female']",0,0,3,4,5,Dry,Straight,Level,Lowest,No
24385,37,North Carolina,370801,1,1,1,0,1,BEULAVILLE,July,11,Tuesday,21,54,Urban,High Speed (Arterial),Yes,34.92456111,-77.77831667,Non-Intersection,Dark - Not Lighted,Clear,9:00pm-9:59pm,53,9:00pm-9:59pm,59,10:00pm-10:59pm,50,1,Dark - Unlighted,Clear,0,1,[],[],0,0,Valid,2.0,0.0,32.0,32.0,['Male'],0,0,2,4,4,Dry,Straight,Level,Lowest,No
24386,37,North Carolina,370802,0,2,2,0,3,NOT APPLICABLE,July,20,Thursday,22,9,Rural,Medium Speed (Collector),No,34.82151944,-79.306275,Non-Intersection,Dark - Not Lighted,Clear,Unknown,Unknown,Unknown EMS Scene Arrival Hour,Unknown EMS Scene Arrival Minutes,Unknown,Unknown EMS Hospital Arrival Time,2,Dark - Unlighted,Clear,2,1,"['Driver', 'Rear_Seat']","['None_Used', 'None_Used']",0,0,Valid,1.0,0.0,40.0,16.0,"['Male', 'Male']",0,0,5,4,5,Dry,Straight,Level,Lowest,Yes
24387,37,North Carolina,370803,0,3,3,0,4,NOT APPLICABLE,August,26,Saturday,23,26,Rural,Medium Speed (Collector),No,36.01543889,-81.19333056,Non-Intersection,Dark - Not Lighted,Clear,Unknown,Unknown,Unknown EMS Scene Arrival Hour,Unknown EMS Scene Arrival Minutes,Unknown,Unknown EMS Hospital Arrival Time,2,Dark - Unlighted,Clear,2,2,"['Driver', 'Driver']","['Shoulder_Lapbelt', 'Shoulder_Lapbelt']",1,1,Invalid,0.0,0.0,68.0,29.0,"['Male', 'Male', 'Male']",0,0,3,4,5,Dry,Curve,Level,Lowest,No
24388,37,North Carolina,370804,0,3,3,0,3,FAYETTEVILLE,March,6,Monday,19,15,Urban,Medium Speed (Collector),No,35.07924444,-79.01008611,Non-Intersection,Dark - Lighted,Clear,Unknown,Unknown,Unknown EMS Scene Arrival Hour,Unknown EMS Scene Arrival Minutes,Unknown,Unknown EMS Hospital Arrival Time,1,Dark - Lighted,Clear,1,2,['Driver'],['None_Used'],0,0,Valid,0.0,1.0,60.0,34.0,"['Male', 'Female', 'Male']",1,0,5,4,5,Dry,Straight,Level,Lowest,No
24389,37,North Carolina,370805,0,2,2,0,2,FAYETTEVILLE,March,15,Wednesday,19,34,Urban,Medium Speed (Collector),No,35.08665,-78.97826667,Non-Intersection,Dusk,Clear,Unknown,Unknown,Unknown EMS Scene Arrival Hour,Unknown EMS Scene Arrival Minutes,Unknown,Unknown EMS Hospital Arrival Time,1,Twilight,Clear,1,1,['Driver'],['None_Used'],0,0,Valid,0.0,0.0,27.0,22.0,"['Male', 'Female']",1,0,5,4,5,Dry,Straight,Level,Lowest,No
24390,37,North Carolina,370806,0,2,2,0,2,FAYETTEVILLE,June,17,Saturday,6,8,Urban,Medium Speed (Collector),No,35.08269722,-78.882375,Non-Intersection,Daylight,Clear,Unknown,Unknown,Unknown EMS Scene Arrival Hour,Unknown EMS Scene Arrival Minutes,Unknown,Unknown EMS Hospital Arrival Time,1,Daylight,Clear,1,1,['Driver'],['Shoulder_Lapbelt'],1,1,Valid,0.0,0.0,59.0,42.0,"['Female', 'Male']",0,0,3,4,5,Dry,Curve,Level,Lowest,No
24391,37,North Carolina,370807,0,2,2,0,3,FAYETTEVILLE,July,16,Sunday,15,22,Urban,High Speed (Arterial),Yes,35.03123889,-79.05980833,Complex/Circle,Daylight,Clear,Unknown,Unknown,Unknown EMS Scene Arrival Hour,Unknown EMS Scene Arrival Minutes,Unknown,Unknown EMS Hospital Arrival Time,2,Daylight,Clear,2,1,"['Driver', 'Rear_Seat']","['None_Used', 'None_Used']",0,0,Invalid,0.0,0.0,60.0,33.0,"['Male', 'Male']",0,0,5,4,5,Dry,Straight,Level,Lowest,No