,State_Code,State_Name,Crash_ID,Count_Non_Motorists,Count_Vehicles_Total,Count_Vehicle_Forms,Count_PVH_Involved,Count_Occupants_MV,City_Name,Month_Name,Day_of_Month,Day_of_Week,Crash_Hour,Crash_Minute,Area_Rural_Urban,Road_Functional_Class,On_NHS_Road,Latitude,Longitude,Intersection_Type,Light_Condition,Weather_Condition,Notif_Hour,Notif_Minute,Arrival_Hour,Arrival_Minute,Hospital_Hour,Hospital_Minute,Fatalities_Count,Clean_Light_Condition,Clean_Weather_Condition,Total_Killed,Total_Alive,Fatal_Seats_List,Killed_Restraint_List,Any_Driver_Drinking,Total_Drinking_Drivers,Driver_License_Category,Driver_Max_Prev_Accident_Count,Driver_Max_Prev_Speeding_Count,Max_Driver_Age,Min_Driver_Age,Driver_Sex_List,Total_Exceeding_Limit_Vehicles,Total_Too_Fast_Vehicles,Max_Vehicle_Type_Severity_5,Max_Vehicle_Damage_Rank,Max_Harmful_Event_Severity,Crash_Road_Surface_Condition,Crash_Horizontal_Alignment,Crash_Vertical_Profile,Crash_Impairment_Category,Crash_Vehicle_Defect
24392,37,North Carolina,370808,1,1,1,0,1,NOT APPLICABLE,July,20,Thursday,22,3,Rural,Low Speed (Local),No,34.73670833,-79.144825,Non-Intersection,Dark - Not Lighted,Clear,Unknown,Unknown,Unknown EMS Scene Arrival Hour,Unknown EMS Scene Arrival Minutes,Not Applicable (Not Transported),Not Applicable (Not Transported),1,Dark - Unlighted,Clear,0,0,[],[],0,0,Invalid,0.0,0.0,999.0,999.0,['Other'],0,0,1,0,4,Dry,Straight,Level,Lowest,No
24393,37,North Carolina,370810,0,1,1,0,1,FAYETTEVILLE,January,1,Sunday,14,53,Urban,Low Speed (Local),No,35.01498333,-79.06122222,Non-Intersection,Daylight,Clear,Unknown,Unknown,Unknown EMS Scene Arrival Hour,Unknown EMS Scene Arrival Minutes,Unknown,Unknown EMS Hospital Arrival Time,1,Daylight,Clear,1,0,['Driver'],['Shoulder_Lapbelt'],1,1,Valid,0.0,0.0,61.0,61.0,['Male'],0,0,3,4,3,Dry,Curve,Grade/Hillcrest,Lowest,No
24394,37,North Carolina,370811,0,1,1,0,2,NOT APPLICABLE,July,22,Saturday,6,10,Rural,Low Speed (Local),No,35.25626389,-77.84749167,Non-Intersection,Daylight,Clear,Unknown,Unknown,Unknown EMS Scene Arrival Hour,Unknown EMS Scene Arrival Minutes,Unknown,Unknown EMS Hospital Arrival Time,1,Daylight,Clear,1,1,['Front_Passenger'],['None_Used'],1,1,Invalid,1.0,0.0,31.0,31.0,['Female'],2,0,2,4,2,Dry,Curve,Level,Lowest,No
24395,37,North Carolina,370812,0,2,2,0,2,NOT APPLICABLE,July,28,Friday,16,48,Rural,Medium Speed (Collector),No,35.3808,-77.86678333,Simple Junction,Daylight,Clear,Unknown,Unknown,Unknown EMS Scene Arrival Hour,Unknown EMS Scene Arrival Minutes,Not Applicable (Not Transported),Not Applicable (Not Transported),1,Daylight,Clear,1,1,['Driver'],['Shoulder_Lapbelt'],0,0,Valid,0.0,0.0,70.0,31.0,"['Female', 'Female']",0,0,3,4,5,Dry,Straight,Level,Lowest,No
24396,37,North Carolina,370813,0,1,1,0,4,GREENSBORO,July,15,Saturday,9,31,Urban,High Speed (Arterial),Yes,36.08881389,-79.98611389,Non-Intersection,Daylight,Clear,9:00am-9:59am,5,9:00am-9:59am,15,9:00am-9:59am,54,1,Daylight,Clear,1,3,['Driver'],['None_Used'],0,0,Invalid,2.0,0.0,23.0,23.0,['Male'],4,0,2,4,3,Dry,Straight,Level,Lowest,Yes
24397,37,North Carolina,370815,1,1,1,0,1,GREENSBORO,July,28,Friday,22,12,Urban,Medium Speed (Collector),No,36.02851389,-79.82617222,Non-Intersection,Dark - Lighted,Clear,10:00pm-10:59pm,14,10:00pm-10:59pm,15,Not Applicable (Not Transported),Not Applicable (Not Transported),1,Dark - Lighted,Clear,0,1,[],[],0,0,Valid,2.0,0.0,44.0,44.0,['Male'],0,0,2,1,4,Dry,Curve,Grade/Hillcrest,Lowest,No
24398,37,North Carolina,370816,0,2,2,0,2,NOT APPLICABLE,July,29,Saturday,9,0,Rural,Low Speed (Local),No,35.63605,-78.49588889,Non-Intersection,Daylight,Clear,8:00am-8:59am,55,9:00am-9:59am,0,Not Applicable (Not Transported),Not Applicable (Not Transported),1,Daylight,Clear,1,1,['Driver'],['None_Used'],0,0,Valid,0.0,1.0,38.0,36.0,"['Male', 'Male']",0,0,3,4,5,Dry,Straight,Level,Lowest,No
24399,37,North Carolina,370817,0,1,1,0,1,KINSTON,July,18,Tuesday,19,59,Urban,High Speed (Arterial),Yes,35.26861667,-77.57543333,Non-Intersection,Daylight,Clear,7:00pm-7:59pm,59,8:00pm-8:59pm,0,Not Applicable (Not Transported),Not Applicable (Not Transported),1,Daylight,Clear,1,0,['Driver'],['None_Used'],1,1,Valid,0.0,0.0,34.0,34.0,['Male'],1,0,3,4,3,Dry,Straight,Level,Lowest,No
24400,37,North Carolina,370818,0,2,2,0,2,NOT APPLICABLE,July,22,Saturday,23,47,Rural,High Speed (Arterial),Yes,35.81365,-78.23665,Non-Intersection,Dark - Not Lighted,Clear,Unknown,Unknown,Unknown EMS Scene Arrival Hour,Unknown EMS Scene Arrival Minutes,Unknown,Unknown EMS Hospital Arrival Time,1,Dark - Unlighted,Clear,1,1,['Driver'],['Shoulder_Lapbelt'],1,1,Valid,2.0,0.0,46.0,28.0,"['Male', 'Male']",1,0,3,4,5,Dry,Straight,Level,Lowest,No
24401,37,North Carolina,370819,0,2,2,0,2,NOT APPLICABLE,July,23,Sunday,14,31,Rural,Low Speed (Local),No,36.05826944,-78.65156111,Non-Intersection,Daylight,Clear,2:00pm-2:59pm,28,2:00pm-2:59pm,44,Not Applicable (Not Transported),Not Applicable (Not Transported),1,Daylight,Clear,1,1,['Driver'],['None_Used'],0,0,Valid,2.0,1.0,52.0,22.0,"['Male', 'Female']",0,0,5,4,5,Dry,Curve,Grade/Hillcrest,Lowest,No
24402,37,North Carolina,370821,0,2,2,0,3,NOT APPLICABLE,June,26,Monday,21,10,Rural,Medium Speed (Collector),No,34.56746389,-79.03819722,Non-Intersection,Dark - Not Lighted,Clear,9:00pm-9:59pm,42,11:00am-11:59am,23,Unknown,Unknown EMS Hospital Arrival Time,1,Dark - Unlighted,Clear,1,2,['Front_Passenger'],['None_Used'],1,1,Invalid,0.0,0.0,42.0,39.0,"['Male', 'Male']",1,0,5,4,5,Dry,Straight,Level,Lowest,No
24403,37,North Carolina,370823,0,2,2,0,3,NOT APPLICABLE,August,1,Tuesday,7,47,Rural,Medium Speed (Collector),No,35.98599444,-81.17743333,Non-Intersection,Daylight,Clear,Unknown,Unknown,Unknown EMS Scene Arrival Hour,Unknown EMS Scene Arrival Minutes,Not Applicable (Not Transported),Not Applicable (Not Transported),2,Daylight,Clear,2,1,"['Driver', 'Front_Passenger']","['Shoulder_Lapbelt', 'None_Used']",0,0,Valid,0.0,0.0,75.0,20.0,"['Female', 'Male']",0,0,3,4,5,Dry,Straight,Grade/Hillcrest,Lowest,No
24404,37,North Carolina,370824,0,1,1,0,1,NOT APPLICABLE,August,28,Monday,19,23,Rural,Medium Speed (Collector),No,35.83329167,-81.21657222,Non-Intersection,Dusk,Rain,Unknown,Unknown,Unknown EMS Scene Arrival Hour,Unknown EMS Scene Arrival Minutes,Not Applicable (Not Transported),Not Applicable (Not Transported),1,Twilight,Rain/Wind/Minor,1,0,['Driver'],['None_Used'],1,1,Invalid,0.0,0.0,43.0,43.0,['Male'],1,0,3,4,2,Wet/Standing Water,Curve,Level,Lowest,No
24405,37,North Carolina,370825,0,2,2,0,3,NOT APPLICABLE,August,30,Wednesday,9,14,Rural,Medium Speed (Collector),No,35.89528333,-81.106675,Non-Intersection,Daylight,Clear,Unknown,Unknown,Unknown EMS Scene Arrival Hour,Unknown EMS Scene Arrival Minutes,Not Applicable (Not Transported),Not Applicable (Not Transported),1,Daylight,Clear,1,2,['Driver'],['Shoulder_Lapbelt'],0,0,Valid,1.0,0.0,79.0,18.0,"['Female', 'Male']",0,0,3,4,5,Dry,Straight,Level,Lowest,No
24406,37,North Carolina,370826,1,1,1,0,1,NOT APPLICABLE,August,8,Tuesday,2,41,Rural,Medium Speed (Collector),No,35.05004167,-80.18268889,Non-Intersection,Dark - Not Lighted,Clear,Unknown,Unknown,Unknown EMS Scene Arrival Hour,Unknown EMS Scene Arrival Minutes,Not Applicable (Not Transported),Not Applicable (Not Transported),1,Dark - Unlighted,Clear,0,1,[],[],0,0,Valid,0.0,0.0,39.0,39.0,['Male'],0,0,2,4,4,Dry,Curve,Level,Lowest,No
24407,37,North Carolina,370827,0,2,2,0,3,NOT APPLICABLE,August,6,Sunday,14,25,Rural,High Speed (Arterial),Yes,36.33876111,-81.53053889,Non-Intersection,Daylight,Clear,2:00pm-2:59pm,46,2:00pm-2:59pm,56,3:00pm-3:59pm,28,2,Daylight,Clear,2,1,"['Driver', 'Front_Passenger']","['Shoulder_Lapbelt', 'Shoulder_Lapbelt']",0,0,Valid,0.0,0.0,56.0,21.0,"['Male', 'Male']",1,0,3,4,5,Dry,Straight,Level,Lowest,No
24408,37,North Carolina,370828,0,1,1,0,1,NOT APPLICABLE,August,25,Friday,13,19,Rural,Medium Speed (Collector),No,36.07085833,-76.90715278,Non-Intersection,Daylight,Clear,1:00pm-1:59pm,11,1:00pm-1:59pm,27,Not Applicable (Not Transported),Not Applicable (Not Transported),1,Daylight,Clear,1,0,['Driver'],['Shoulder_Lapbelt'],1,1,Valid,1.0,1.0,71.0,71.0,['Male'],1,0,3,4,3,Dry,Curve,Level,Lowest,No
24409,37,North Carolina,370829,0,2,2,0,2,ASHEVILLE,August,4,Friday,10,44,Urban,High Speed (Arterial),Yes,35.55768056,-82.63973056,Non-Intersection,Daylight,Cloudy,11:00am-11:59am,0,11:00am-11:59am,6,11:00am-11:59am,26,1,Daylight,Reduced Visibility,1,1,['Driver'],['None_Used'],0,0,Valid,0.0,0.0,45.0,25.0,"['Male', 'Female']",1,0,5,4,5,Dry,Straight,Grade/Hillcrest,Lowest,No
24410,37,North Carolina,370830,0,1,1,0,1,NOT APPLICABLE,August,26,Saturday,12,31,Rural,Medium Speed (Collector),No,35.97048056,-76.88548333,Non-Intersection,Daylight,Clear,12:00pm-12:59pm,23,12:00pm-12:59pm,31,Not Applicable (Not Transported),Not Applicable (Not Transported),1,Daylight,Clear,1,0,['Driver'],['None_Used'],0,0,Invalid,0.0,0.0,37.0,37.0,['Male'],1,0,3,4,3,Dry,Curve,Level,Lowest,No
24411,37,North Carolina,370831,0,1,1,0,1,NOT APPLICABLE,August,13,Sunday,20,35,Rural,High Speed (Arterial),Yes,35.70040278,-82.57557222,Non-Intersection,Dark - Not Lighted,Clear,10:00pm-10:59pm,31,10:00pm-10:59pm,36,Not Applicable (Not Transported),Not Applicable (Not Transported),1,Dark - Unlighted,Clear,1,0,['Driver'],['None_Used'],1,1,Valid,0.0,0.0,27.0,27.0,['Male'],1,0,3,4,3,Dry,Straight,Level,Lowest,No
24412,37,North Carolina,370832,0,1,1,0,2,NOT APPLICABLE,August,6,Sunday,8,30,Rural,High Speed (Arterial),Yes,35.77149444,-82.5394,Non-Intersection,Daylight,Clear,Unknown,Unknown,Unknown EMS Scene Arrival Hour,Unknown EMS Scene Arrival Minutes,Not Applicable (Not Transported),Not Applicable (Not Transported),2,Daylight,Clear,2,0,"['Driver', 'Rear_Seat']","['None_Used', 'None_Used']",0,0,Valid,0.0,1.0,36.0,36.0,['Male'],0,0,5,4,2,Dry,Straight,Level,Lowest,No
24413,37,North Carolina,370833,0,3,3,0,5,NOT APPLICABLE,August,26,Saturday,19,45,Rural,Low Speed (Local),No,35.56286111,-82.69645556,Non-Intersection,Daylight,Clear,10:00pm-10:59pm,25,10:00pm-10:59pm,50,11:00pm-11:59pm,20,1,Daylight,Clear,1,4,['Front_Passenger'],['Shoulder_Lapbelt'],0,0,Valid,0.0,0.0,61.0,32.0,"['Male', 'Female', 'Female']",2,0,3,4,5,Dry,Curve,Level,Lowest,No
24414,37,North Carolina,370834,0,1,1,0,2,NOT APPLICABLE,August,28,Monday,14,47,Rural,Medium Speed (Collector),No,35.56316667,-82.687675,Non-Intersection,Daylight,Cloudy,Unknown,Unknown,Unknown EMS Scene Arrival Hour,Unknown EMS Scene Arrival Minutes,Unknown,Unknown EMS Hospital Arrival Time,1,Daylight,Reduced Visibility,1,1,['Driver'],['Shoulder_Lapbelt'],1,1,Invalid,1.0,1.0,38.0,38.0,['Male'],2,0,2,4,3,Wet/Standing Water,Curve,Grade/Hillcrest,Lowest,No
24415,37,North Carolina,370835,0,2,2,0,3,NOT APPLICABLE,August,3,Thursday,0,58,Rural,High Speed (Arterial),Yes,35.43665833,-80.69908333,Non-Intersection,Dark - Not Lighted,Clear,0:00am-0:59am,56,1:00am-1:59am,1,1:00am-1:59am,27,1,Dark - Unlighted,Clear,1,2,['Driver'],['None_Used'],0,0,Valid,1.0,5.0,52.0,23.0,"['Male', 'Male']",2,0,3,4,5,Dry,Curve,Grade/Hillcrest,Lowest,No
24416,37,North Carolina,370836,0,2,2,0,2,MIDLAND,August,22,Tuesday,6,36,Urban,Medium Speed (Collector),No,35.27689722,-80.50088333,Non-Intersection,Dawn,Clear,6:00am-6:59am,30,6:00am-6:59am,36,Not Applicable (Not Transported),Not Applicable (Not Transported),1,Twilight,Clear,1,1,['Driver'],['None_Used'],0,0,Valid,4.0,3.0,46.0,18.0,"['Male', 'Female']",0,0,4,4,5,Dry,Straight,Level,Lowest,No
24417,37,North Carolina,370837,0,1,1,0,1,NOT APPLICABLE,August,3,Thursday,14,32,Rural,Medium Speed (Collector),No,34.74494167,-77.08911389,Non-Intersection,Daylight,Cloudy,2:00pm-2:59pm,21,2:00pm-2:59pm,36,Not Applicable (Not Transported),Not Applicable (Not Transported),1,Daylight,Reduced Visibility,1,0,['Driver'],['Shoulder_Lapbelt'],0,0,Valid,2.0,0.0,36.0,36.0,['Male'],0,0,4,4,3,Dry,Curve,Grade/Hillcrest,Lowest,Yes
24418,37,North Carolina,370838,0,4,4,0,6,NOT APPLICABLE,August,1,Tuesday,4,50,Rural,High Speed (Arterial),Yes,35.20651667,-81.35909444,Non-Intersection,Dark - Not Lighted,Clear,4:00am-4:59am,55,5:00am-5:59am,8,Not Applicable (Not Transported),Not Applicable (Not Transported),1,Dark - Unlighted,Clear,1,5,['Driver'],['None_Used'],0,0,Valid,0.0,1.0,70.0,32.0,"['Male', 'Female', 'Male', 'Female']",0,0,4,4,5,Dry,Straight,Level,Lowest,No
24419,37,North Carolina,370839,0,2,2,0,2,NOT APPLICABLE,August,14,Monday,7,17,Rural,Medium Speed (Collector),No,35.21533333,-81.4056,Non-Intersection,Daylight,Clear,7:00am-7:59am,15,7:00am-7:59am,21,7:00am-7:59am,51,1,Daylight,Clear,1,1,['Driver'],['Shoulder_Lapbelt'],0,0,Valid,1.0,1.0,76.0,32.0,"['Male', 'Male']",0,0,2,4,5,Dry,Curve,Level,Medium,No
24420,37,North Carolina,370840,0,2,2,0,3,NOT APPLICABLE,August,10,Thursday,14,30,Rural,Medium Speed (Collector),No,34.34080833,-78.22601944,Non-Intersection,Daylight,Clear,2:00pm-2:59pm,27,2:00pm-2:59pm,32,Not Applicable (Not Transported),Not Applicable (Not Transported),1,Daylight,Clear,1,2,['Front_Passenger'],['Shoulder_Lapbelt'],0,0,Valid,1.0,0.0,28.0,26.0,"['Male', 'Male']",0,0,4,4,5,Dry,Straight,Level,Lowest,No
24421,37,North Carolina,370841,0,1,1,0,1,NOT APPLICABLE,August,13,Sunday,17,23,Rural,Low Speed (Local),No,34.45781111,-78.693775,Non-Intersection,Daylight,Clear,5:00pm-5:59pm,19,5:00pm-5:59pm,40,Not Applicable (Not Transported),Not Applicable (Not Transported),1,Daylight,Clear,1,0,['Driver'],['None_Used'],1,1,Valid,0.0,2.0,50.0,50.0,['Male'],1,0,3,4,2,Dry,Curve,Level,Lowest,No
24422,37,North Carolina,370842,1,1,1,0,1,NOT APPLICABLE,August,30,Wednesday,2,3,Rural,Medium Speed (Collector),No,34.95418611,-78.69379722,Non-Intersection,Dark - Not Lighted,"Fog, Smog, Smoke",Unknown,Unknown,Unknown EMS Scene Arrival Hour,Unknown EMS Scene Arrival Minutes,Not Applicable (Not Transported),Not Applicable (Not Transported),1,Dark - Unlighted,Reduced Visibility,0,1,[],[],0,0,Valid,0.0,2.0,48.0,48.0,['Male'],0,0,3,2,4,Dry,Straight,Level,Lowest,No
24423,37,North Carolina,370844,0,1,1,0,2,NOT APPLICABLE,August,7,Monday,5,13,Rural,Low Speed (Local),No,35.78651111,-80.44700278,Non-Intersection,Dark - Not Lighted,Cloudy,5:00am-5:59am,12,5:00am-5:59am,21,6:00am-6:59am,48,1,Dark - Unlighted,Reduced Visibility,1,1,['Driver'],['None_Used'],0,0,Valid,0.0,0.0,15.0,15.0,['Male'],2,0,2,4,3,Dry,Curve,Grade/Hillcrest,Lowest,No
24424,37,North Carolina,370845,0,1,1,0,1,NOT APPLICABLE,August,16,Wednesday,12,19,Rural,Medium Speed (Collector),No,35.77063889,-80.29673056,Non-Intersection,Daylight,Clear,12:00pm-12:59pm,15,12:00pm-12:59pm,25,Not Applicable (Not Transported),Not Applicable (Not Transported),1,Daylight,Clear,1,0,['Driver'],['None_Used'],0,0,Valid,3.0,1.0,34.0,34.0,['Male'],1,0,3,4,3,Dry,Curve,Grade/Hillcrest,Lowest,No
24425,37,North Carolina,370846,0,1,1,0,1,NOT APPLICABLE,August,24,Thursday,20,8,Rural,Low Speed (Local),No,35.80753889,-80.30562778,Non-Intersection,Dark - Not Lighted,Rain,8:00pm-8:59pm,0,8:00pm-8:59pm,17,Not Applicable (Not Transported),Not Applicable (Not Transported),1,Dark - Unlighted,Rain/Wind/Minor,1,0,['Driver'],['None_Used'],0,0,Valid,2.0,0.0,25.0,25.0,['Male'],0,0,5,4,3,Wet/Standing Water,Straight,Level,Lowest,No
24426,37,North Carolina,370847,0,1,1,0,1,NOT APPLICABLE,August,24,Thursday,15,11,Rural,Medium Speed (Collector),No,35.01095556,-78.02908611,Non-Intersection,Daylight,Clear,Unknown,Unknown,Unknown EMS Scene Arrival Hour,Unknown EMS Scene Arrival Minutes,Not Applicable (Not Transported),Not Applicable (Not Transported),1,Daylight,Clear,1,0,['Driver'],['None_Used'],0,0,Invalid,0.0,0.0,26.0,26.0,['Male'],1,0,3,4,3,Dry,Straight,Level,Lowest,No
24427,37,North Carolina,370848,1,1,1,0,1,DURHAM,August,5,Saturday,19,30,Urban,Low Speed (Local),No,35.99840278,-78.93027778,Complex/Circle,Daylight,Clear,7:00pm-7:59pm,31,7:00pm-7:59pm,33,7:00pm-7:59pm,46,1,Daylight,Clear,0,1,[],[],0,0,Valid,0.0,0.0,59.0,59.0,['Female'],0,0,3,4,4,Dry,Straight,Grade/Hillcrest,Lowest,No
24428,37,North Carolina,370849,0,2,2,0,2,DURHAM,August,23,Wednesday,21,30,Urban,High Speed (Arterial),Yes,36.07062222,-78.90820556,Non-Intersection,Dark - Lighted,Clear,9:00pm-9:59pm,29,9:00pm-9:59pm,35,Not Applicable (Not Transported),Not Applicable (Not Transported),1,Dark - Lighted,Clear,1,1,['Driver'],['None_Used'],1,1,Valid,0.0,0.0,36.0,31.0,"['Male', 'Male']",1,0,5,4,5,Dry,Straight,Grade/Hillcrest,Lowest,No
24429,37,North Carolina,370850,0,2,2,0,2,DURHAM,August,30,Wednesday,15,25,Urban,Low Speed (Local),No,35.95134444,-78.99447222,Complex/Circle,Daylight,Clear,3:00pm-3:59pm,30,3:00pm-3:59pm,39,Not Applicable (Not Transported),Not Applicable (Not Transported),1,Daylight,Clear,1,1,['Driver'],['None_Used'],0,0,Valid,1.0,0.0,54.0,20.0,"['Female', 'Female']",1,0,5,4,5,Dry,Straight,Grade/Hillcrest,Lowest,No
24430,37,North Carolina,370851,0,1,1,0,1,NOT APPLICABLE,August,13,Sunday,5,44,Rural,Medium Speed (Collector),No,36.03798056,-80.05065,Non-Intersection,Daylight,Clear,5:00am-5:59am,37,5:00am-5:59am,46,Not Applicable (Not Transported),Not Applicable (Not Transported),1,Daylight,Clear,1,0,['Driver'],['None_Used'],0,0,Valid,0.0,0.0,18.0,18.0,['Male'],1,0,2,4,3,Dry,Curve,Grade/Hillcrest,Lowest,No
24431,37,North Carolina,370852,0,2,2,0,5,WINSTON SALEM,August,12,Saturday,9,43,Urban,Low Speed (Local),No,36.14866389,-80.27477222,Simple Junction,Daylight,Clear,9:00am-9:59am,49,10:00am-10:59am,0,10:00am-10:59am,27,1,Daylight,Clear,1,4,['Driver'],['None_Used'],0,0,Valid,0.0,0.0,56.0,17.0,"['Female', 'Male']",3,0,4,4,5,Dry,Straight,Grade/Hillcrest,Lowest,No
24432,37,North Carolina,370853,0,1,1,0,1,TOBACCOVILLE,August,19,Saturday,5,30,Urban,Medium Speed (Collector),No,36.25163056,-80.408775,Non-Intersection,Dark - Not Lighted,Clear,5:00am-5:59am,7,5:00am-5:59am,40,Not Applicable (Not Transported),Not Applicable (Not Transported),1,Dark - Unlighted,Clear,1,0,['Driver'],['None_Used'],1,1,Valid,0.0,0.0,48.0,48.0,['Male'],1,0,2,4,3,Dry,Curve,Level,Lowest,No
24433,37,North Carolina,370854,0,2,2,0,3,WINSTON SALEM,August,26,Saturday,1,11,Urban,Low Speed (Local),No,36.15999444,-80.27856944,Non-Intersection,Dark - Not Lighted,Clear,1:00am-1:59am,13,1:00am-1:59am,26,1:00am-1:59am,33,1,Dark - Unlighted,Clear,1,2,['Front_Passenger'],['None_Used'],1,1,Valid,0.0,0.0,33.0,16.0,"['Female', 'Male']",0,0,3,4,5,Dry,Curve,Level,Lowest,No
24434,37,North Carolina,370855,1,1,1,0,2,BELMONT,August,11,Friday,21,59,Urban,High Speed (Arterial),Yes,35.25140278,-81.02746944,Non-Intersection,Dark - Not Lighted,Clear,9:00pm-9:59pm,59,10:00pm-10:59pm,9,Not Applicable (Not Transported),Not Applicable (Not Transported),1,Dark - Unlighted,Clear,0,2,[],[],0,0,Valid,3.0,0.0,23.0,23.0,['Male'],0,0,2,3,4,Dry,Straight,Level,Lowest,No
24435,37,North Carolina,370856,1,1,1,0,1,MOUNT HOLLY,August,14,Monday,6,32,Urban,Low Speed (Local),No,35.30102778,-81.02742222,Non-Intersection,Dawn,Clear,6:00am-6:59am,37,6:00am-6:59am,50,Not Applicable (Not Transported),Not Applicable (Not Transported),1,Twilight,Clear,0,0,[],[],0,0,Valid,5.0,0.0,23.0,23.0,['Male'],0,0,2,3,4,Dry,Straight,Level,Lowest,No
24436,37,North Carolina,370857,0,1,1,0,1,GASTONIA,August,31,Thursday,13,55,Urban,High Speed (Arterial),Yes,35.28556111,-81.20173333,Non-Intersection,Daylight,Clear,1:00pm-1:59pm,57,2:00pm-2:59pm,8,Not Applicable (Not Transported),Not Applicable (Not Transported),1,Daylight,Clear,1,0,['Driver'],['Shoulder_Lapbelt'],0,0,Valid,0.0,0.0,60.0,60.0,['Male'],0,0,4,4,3,Dry,Straight,Level,Lowest,No
24437,37,North Carolina,370858,0,2,2,0,3,NOT APPLICABLE,August,10,Thursday,18,18,Rural,Medium Speed (Collector),No,35.26199722,-78.92259444,Non-Intersection,Daylight,Clear,6:00pm-6:59pm,19,6:00pm-6:59pm,21,Unknown,Unknown EMS Hospital Arrival Time,2,Daylight,Clear,2,1,"['Driver', 'Front_Passenger']","['Shoulder_Lapbelt', 'Shoulder_Lapbelt']",0,0,Valid,0.0,0.0,21.0,18.0,"['Male', 'Female']",0,0,3,4,5,Dry,Curve,Level,Lowest,No
24438,37,North Carolina,370859,1,1,1,0,1,GREENSBORO,August,24,Thursday,9,47,Urban,Medium Speed (Collector),No,36.10152778,-79.81871667,Non-Intersection,Daylight,Clear,9:00am-9:59am,47,9:00am-9:59am,55,10:00am-10:59am,9,1,Daylight,Clear,0,1,[],[],0,0,Valid,0.0,0.0,77.0,77.0,['Male'],0,0,3,2,4,Dry,Straight,Level,Lowest,No
24439,37,North Carolina,370860,0,2,2,0,2,NOT APPLICABLE,August,11,Friday,14,7,Rural,Low Speed (Local),No,35.22438889,-78.92943611,Non-Intersection,Daylight,Clear,2:00pm-2:59pm,3,2:00pm-2:59pm,13,Not Applicable (Not Transported),Not Applicable (Not Transported),2,Daylight,Clear,2,0,"['Driver', 'Driver']","['Shoulder_Lapbelt', 'None_Used']",1,1,Valid,0.0,0.0,52.0,41.0,"['Female', 'Male']",1,0,3,4,5,Dry,Curve,Level,Lowest,No
24440,37,North Carolina,370861,0,1,1,0,1,NOT APPLICABLE,August,7,Monday,10,35,Rural,High Speed (Arterial),Yes,35.55614444,-82.84925278,Non-Intersection,Daylight,Clear,10:00am-10:59am,32,10:00am-10:59am,35,Not Applicable (Not Transported),Not Applicable (Not Transported),1,Daylight,Clear,1,0,['Driver'],['None_Used'],0,0,Valid,0.0,0.0,65.0,65.0,['Male'],0,0,5,4,3,Dry,Straight,Level,Lowest,No
24441,37,North Carolina,370862,0,1,1,0,2,NOT APPLICABLE,August,17,Thursday,16,1,Rural,Medium Speed (Collector),No,36.30061944,-77.13601944,Non-Intersection,Daylight,Clear,3:00pm-3:59pm,59,4:00pm-4:59pm,16,Not Applicable (Not Transported),Not Applicable (Not Transported),1,Daylight,Clear,1,1,['Front_Passenger'],['None_Used'],0,0,Invalid,2.0,0.0,22.0,22.0,['Male'],2,0,3,4,3,Dry,Curve,Level,Lowest,No
24442,37,North Carolina,370863,0,2,2,0,3,NOT APPLICABLE,August,10,Thursday,15,2,Rural,Medium Speed (Collector),No,35.74097778,-80.95316944,Non-Intersection,Daylight,Clear,Unknown,Unknown,Unknown EMS Scene Arrival Hour,Unknown EMS Scene Arrival Minutes,Not Applicable (Not Transported),Not Applicable (Not Transported),1,Daylight,Clear,1,2,['Driver'],['Shoulder_Lapbelt'],0,0,Valid,1.0,1.0,57.0,49.0,"['Male', 'Male']",0,0,3,4,5,Dry,Curve,Level,Lowest,No
24443,37,North Carolina,370864,0,3,3,0,5,MOORESVILLE,August,1,Tuesday,20,1,Urban,High Speed (Arterial),Yes,35.54203611,-80.85967222,Non-Intersection,Daylight,Clear,8:00pm-8:59pm,9,8:00pm-8:59pm,13,8:00pm-8:59pm,54,1,Daylight,Clear,1,4,['Driver'],['Shoulder_Lapbelt'],1,1,Valid,2.0,0.0,48.0,30.0,"['Male', 'Female', 'Female']",0,0,3,4,5,Dry,Straight,Level,Lowest,No
24444,37,North Carolina,370866,0,1,1,0,1,NOT APPLICABLE,August,9,Wednesday,11,21,Rural,High Speed (Arterial),Yes,35.59521111,-78.13241944,Non-Intersection,Daylight,Clear,Unknown,Unknown,Unknown EMS Scene Arrival Hour,Unknown EMS Scene Arrival Minutes,Not Applicable (Not Transported),Not Applicable (Not Transported),1,Daylight,Clear,1,0,['Driver'],['Shoulder_Lapbelt'],0,0,Valid,0.0,0.0,42.0,42.0,['Male'],0,0,4,4,3,Dry,Straight,Level,Lowest,No
24445,37,North Carolina,370867,1,1,1,0,1,NOT APPLICABLE,August,2,Wednesday,21,28,Rural,Medium Speed (Collector),No,35.48892778,-78.536675,Simple Junction,Dark - Not Lighted,Clear,Unknown,Unknown,Unknown EMS Scene Arrival Hour,Unknown EMS Scene Arrival Minutes,Not Applicable (Not Transported),Not Applicable (Not Transported),1,Dark - Unlighted,Clear,0,1,[],[],1,1,Valid,1.0,1.0,19.0,19.0,['Male'],1,0,2,4,3,Dry,Straight,Level,Lowest,No