,State_Code,State_Name,Crash_ID,Count_Non_Motorists,Count_Vehicles_Total,Count_Vehicle_Forms,Count_PVH_Involved,Count_Occupants_MV,City_Name,Month_Name,Day_of_Month,Day_of_Week,Crash_Hour,Crash_Minute,Area_Rural_Urban,Road_Functional_Class,On_NHS_Road,Latitude,Longitude,Intersection_Type,Light_Condition,Weather_Condition,Notif_Hour,Notif_Minute,Arrival_Hour,Arrival_Minute,Hospital_Hour,Hospital_Minute,Fatalities_Count,Clean_Light_Condition,Clean_Weather_Condition,Total_Killed,Total_Alive,Fatal_Seats_List,Killed_Restraint_List,Any_Driver_Drinking,Total_Drinking_Drivers,Driver_License_Category,Driver_Max_Prev_Accident_Count,Driver_Max_Prev_Speeding_Count,Max_Driver_Age,Min_Driver_Age,Driver_Sex_List,Total_Exceeding_Limit_Vehicles,Total_Too_Fast_Vehicles,Max_Vehicle_Type_Severity_5,Max_Vehicle_Damage_Rank,Max_Harmful_Event_Severity,Crash_Road_Surface_Condition,Crash_Horizontal_Alignment,Crash_Vertical_Profile,Crash_Impairment_Category,Crash_Vehicle_Defect
24446,37,North Carolina,370868,1,1,1,0,1,NOT APPLICABLE,August,25,Friday,1,26,Rural,High Speed (Arterial),Yes,35.59311111,-78.40345,Non-Intersection,Dark - Not Lighted,Clear,Unknown,Unknown,Unknown EMS Scene Arrival Hour,Unknown EMS Scene Arrival Minutes,Not Applicable (Not Transported),Not Applicable (Not Transported),1,Dark - Unlighted,Clear,0,0,[],[],0,0,Invalid,0.0,0.0,999.0,999.0,['Other'],0,0,1,0,4,Dry,Straight,Level,Lowest,No
24447,37,North Carolina,370869,0,2,2,0,2,NOT APPLICABLE,August,14,Monday,17,5,Rural,Medium Speed (Collector),No,35.39208889,-79.24771944,Non-Intersection,Daylight,Clear,Unknown,Unknown,Unknown EMS Scene Arrival Hour,Unknown EMS Scene Arrival Minutes,Unknown,Unknown EMS Hospital Arrival Time,1,Daylight,Clear,1,1,['Driver'],['Shoulder_Lapbelt'],0,0,Invalid,0.0,0.0,66.0,55.0,"['Female', 'Male']",0,0,3,4,5,Dry,Straight,Level,Medium,No
24448,37,North Carolina,370870,0,2,2,0,2,NOT APPLICABLE,August,8,Tuesday,1,30,Rural,Medium Speed (Collector),No,35.17446667,-77.81238333,Complex/Circle,Dark - Not Lighted,Clear,Unknown,Unknown,Unknown EMS Scene Arrival Hour,Unknown EMS Scene Arrival Minutes,Not Applicable (Not Transported),Not Applicable (Not Transported),1,Dark - Unlighted,Clear,1,1,['Driver'],['Shoulder_Lapbelt'],0,0,Valid,0.0,0.0,63.0,40.0,"['Male', 'Male']",0,0,4,4,5,Dry,Straight,Level,Lowest,No
24449,37,North Carolina,370871,0,1,1,0,1,NOT APPLICABLE,August,11,Friday,3,26,Rural,Low Speed (Local),No,35.2795,-77.68925556,Non-Intersection,Dark - Not Lighted,Clear,Unknown,Unknown,Unknown EMS Scene Arrival Hour,Unknown EMS Scene Arrival Minutes,Not Applicable (Not Transported),Not Applicable (Not Transported),1,Dark - Unlighted,Clear,1,0,['Driver'],['None_Used'],0,0,Valid,1.0,1.0,30.0,30.0,['Female'],1,0,2,4,3,Dry,Curve,Level,Lowest,No
24450,37,North Carolina,370872,0,2,2,0,2,NOT APPLICABLE,August,14,Monday,13,45,Rural,Medium Speed (Collector),No,35.42042778,-81.30559722,Complex/Circle,Daylight,Clear,Unknown,Unknown,Unknown EMS Scene Arrival Hour,Unknown EMS Scene Arrival Minutes,Not Applicable (Not Transported),Not Applicable (Not Transported),1,Daylight,Clear,1,1,['Driver'],['None_Used'],0,0,Valid,1.0,0.0,56.0,36.0,"['Male', 'Male']",1,0,3,4,5,Dry,Straight,Level,Lowest,Yes
24451,37,North Carolina,370873,0,1,1,0,1,NOT APPLICABLE,August,26,Saturday,21,57,Rural,Medium Speed (Collector),No,35.03993056,-83.24698056,Non-Intersection,Dark - Not Lighted,Clear,9:00pm-9:59pm,54,10:00pm-10:59pm,0,Not Applicable (Not Transported),Not Applicable (Not Transported),1,Dark - Unlighted,Clear,1,0,['Driver'],['Shoulder_Lapbelt'],0,0,Valid,0.0,1.0,39.0,39.0,['Female'],1,0,3,4,3,Dry,Curve,Level,Lowest,No
24452,37,North Carolina,370874,0,1,1,0,1,NOT APPLICABLE,August,27,Sunday,18,36,Rural,Medium Speed (Collector),No,35.04164444,-83.24015,Non-Intersection,Daylight,Clear,6:00pm-6:59pm,34,6:00pm-6:59pm,39,Not Applicable (Not Transported),Not Applicable (Not Transported),1,Daylight,Clear,1,0,['Driver'],['Shoulder_Lapbelt'],0,0,Valid,0.0,0.0,17.0,17.0,['Female'],1,0,3,4,3,Wet/Standing Water,Curve,Level,Lowest,No
24453,37,North Carolina,370875,0,2,2,0,2,CHARLOTTE,August,2,Wednesday,19,8,Urban,High Speed (Arterial),Yes,35.3241,-80.73130833,Non-Intersection,Daylight,Clear,7:00pm-7:59pm,7,7:00pm-7:59pm,13,7:00pm-7:59pm,47,1,Daylight,Clear,1,1,['Driver'],['Shoulder_Lapbelt'],0,0,Valid,0.0,0.0,38.0,18.0,"['Male', 'Male']",1,0,3,4,5,Dry,Straight,Level,Lowest,No
24454,37,North Carolina,370876,0,2,2,0,2,CHARLOTTE,August,5,Saturday,19,23,Urban,Medium Speed (Collector),No,35.14449444,-80.921325,Non-Intersection,Daylight,Clear,7:00pm-7:59pm,22,7:00pm-7:59pm,27,7:00pm-7:59pm,32,1,Daylight,Clear,1,1,['Driver'],['Shoulder_Lapbelt'],0,0,Invalid,0.0,1.0,24.0,17.0,"['Male', 'Male']",1,0,2,4,5,Dry,Straight,Grade/Hillcrest,Lowest,No
24455,37,North Carolina,370877,0,2,2,0,3,CHARLOTTE,August,6,Sunday,2,24,Urban,High Speed (Arterial),No,35.202975,-80.73862222,Complex/Circle,Dark - Lighted,Cloudy,2:00am-2:59am,24,2:00am-2:59am,33,2:00am-2:59am,57,1,Dark - Lighted,Reduced Visibility,1,2,['Front_Passenger'],['None_Used'],1,2,Invalid,0.0,0.0,40.0,28.0,"['Male', 'Male']",2,0,3,4,5,Dry,Straight,Grade/Hillcrest,Lowest,No
24456,37,North Carolina,370878,0,2,2,0,3,CHARLOTTE,August,6,Sunday,22,9,Urban,High Speed (Arterial),No,35.08335556,-80.830825,Complex/Circle,Dark - Lighted,Clear,10:00pm-10:59pm,11,10:00pm-10:59pm,16,10:00pm-10:59pm,59,1,Dark - Lighted,Clear,1,2,['Front_Passenger'],['Shoulder_Lapbelt'],0,0,Invalid,2.0,1.0,31.0,26.0,"['Male', 'Male']",1,0,2,4,5,Dry,Straight,Grade/Hillcrest,Lowest,No
24457,37,North Carolina,370879,0,1,1,0,1,CHARLOTTE,August,19,Saturday,21,10,Urban,High Speed (Arterial),Yes,35.15313611,-80.94670278,Non-Intersection,Dark - Not Lighted,Clear,9:00pm-9:59pm,10,9:00pm-9:59pm,23,Not Applicable (Not Transported),Not Applicable (Not Transported),1,Dark - Unlighted,Clear,1,0,['Driver'],['Shoulder_Lapbelt'],1,1,Invalid,1.0,2.0,27.0,27.0,['Male'],1,0,2,4,3,Dry,Straight,Level,Lowest,No
24458,37,North Carolina,370880,0,2,2,0,2,CHARLOTTE,August,27,Sunday,17,54,Urban,High Speed (Arterial),Yes,35.33594722,-80.71236667,Simple Junction,Daylight,Rain,5:00pm-5:59pm,53,6:00pm-6:59pm,1,Not Applicable (Not Transported),Not Applicable (Not Transported),1,Daylight,Rain/Wind/Minor,1,1,['Driver'],['None_Used'],0,0,Valid,1.0,1.0,53.0,25.0,"['Male', 'Female']",1,0,5,4,5,Wet/Standing Water,Straight,Level,Lowest,No
24459,37,North Carolina,370881,0,1,1,0,2,CHARLOTTE,August,30,Wednesday,0,31,Urban,High Speed (Arterial),No,35.19900833,-80.77071389,Non-Intersection,Dark - Lighted,Cloudy,0:00am-0:59am,32,0:00am-0:59am,38,Not Applicable (Not Transported),Not Applicable (Not Transported),1,Dark - Lighted,Reduced Visibility,1,1,['Driver'],['None_Used'],1,1,Valid,3.0,0.0,34.0,34.0,['Female'],2,0,3,4,3,Wet/Standing Water,Curve,Level,Lowest,No
24460,37,North Carolina,370882,0,1,1,0,1,VASS,August,8,Tuesday,6,10,Urban,Low Speed (Local),No,35.25688056,-79.29729444,Non-Intersection,Daylight,Cloudy,6:00am-6:59am,4,6:00am-6:59am,17,6:00am-6:59am,44,1,Daylight,Reduced Visibility,1,0,['Driver'],['Shoulder_Lapbelt'],0,0,Invalid,0.0,0.0,86.0,86.0,['Male'],0,0,2,4,3,Dry,Straight,Level,Lowest,No
24461,37,North Carolina,370883,2,2,1,1,1,NOT APPLICABLE,August,26,Saturday,19,39,Rural,High Speed (Arterial),Yes,34.94601944,-78.07222222,Non-Intersection,Dusk,Clear,7:00pm-7:59pm,34,7:00pm-7:59pm,42,Not Applicable (Not Transported),Not Applicable (Not Transported),2,Twilight,Clear,0,1,[],[],0,0,Valid,0.0,0.0,27.0,27.0,['Female'],0,0,3,4,4,Dry,Straight,Grade/Hillcrest,Lowest,No
24462,37,North Carolina,370884,0,1,1,0,1,NOT APPLICABLE,August,19,Saturday,13,14,Rural,High Speed (Arterial),Yes,35.28432778,-79.26274167,Non-Intersection,Daylight,Clear,1:00pm-1:59pm,13,1:00pm-1:59pm,21,Not Applicable (Not Transported),Not Applicable (Not Transported),1,Daylight,Clear,1,0,['Driver'],['None_Used'],0,0,Valid,0.0,0.0,70.0,70.0,['Male'],1,0,5,4,2,Dry,Straight,Level,Lowest,No
24463,37,North Carolina,370885,0,2,2,0,3,SOUTHERN PINES,August,29,Tuesday,17,46,Urban,Medium Speed (Collector),No,35.15446944,-79.38531111,Complex/Circle,Daylight,Rain,5:00pm-5:59pm,46,5:00pm-5:59pm,57,6:00pm-6:59pm,11,1,Daylight,Rain/Wind/Minor,1,2,['Driver'],['Shoulder_Lapbelt'],0,0,Valid,0.0,0.0,84.0,58.0,"['Female', 'Male']",0,0,3,4,5,Wet/Standing Water,Straight,Grade/Hillcrest,Lowest,No
24464,37,North Carolina,370886,0,1,1,0,1,NOT APPLICABLE,August,25,Friday,8,35,Rural,Low Speed (Local),No,35.44638889,-79.71600833,Non-Intersection,Daylight,Clear,8:00am-8:59am,33,8:00am-8:59am,40,Not Applicable (Not Transported),Not Applicable (Not Transported),1,Daylight,Clear,1,0,['Driver'],['None_Used'],0,0,Invalid,0.0,0.0,36.0,36.0,['Male'],1,0,3,4,3,Dry,Curve,Grade/Hillcrest,Lowest,No
24465,37,North Carolina,370887,0,1,1,0,1,ROCKY MOUNT,August,31,Thursday,9,23,Urban,High Speed (Arterial),Yes,35.9602,-77.79145833,Non-Intersection,Daylight,Rain,Unknown,Unknown,Unknown EMS Scene Arrival Hour,Unknown EMS Scene Arrival Minutes,Unknown,Unknown EMS Hospital Arrival Time,1,Daylight,Rain/Wind/Minor,1,0,['Driver'],['Shoulder_Lapbelt'],0,0,Valid,0.0,0.0,61.0,61.0,['Male'],1,0,4,4,3,Wet/Standing Water,Curve,Grade/Hillcrest,Lowest,No
24466,37,North Carolina,370888,0,2,2,0,2,NOT APPLICABLE,August,13,Sunday,23,59,Rural,Medium Speed (Collector),No,34.36372222,-77.84273333,Non-Intersection,Dark - Not Lighted,Clear,Unknown,Unknown,Unknown EMS Scene Arrival Hour,Unknown EMS Scene Arrival Minutes,Unknown,Unknown EMS Hospital Arrival Time,1,Dark - Unlighted,Clear,1,1,['Driver'],['Shoulder_Lapbelt'],0,0,Valid,1.0,1.0,51.0,41.0,"['Male', 'Male']",0,0,3,4,5,Dry,Straight,Level,Lowest,No
24467,37,North Carolina,370889,0,2,2,0,2,NOT APPLICABLE,August,7,Monday,5,10,Rural,High Speed (Arterial),Yes,34.71664444,-77.20180833,Non-Intersection,Dark - Not Lighted,Clear,5:00am-5:59am,19,5:00am-5:59am,22,5:00am-5:59am,49,1,Dark - Unlighted,Clear,1,1,['Driver'],['None_Used'],0,0,Valid,1.0,2.0,35.0,30.0,"['Male', 'Female']",0,0,5,4,5,Dry,Straight,Level,Lowest,No
24468,37,North Carolina,370890,1,2,2,0,4,NOT APPLICABLE,August,20,Sunday,2,32,Rural,Medium Speed (Collector),No,34.74873056,-77.559575,Non-Intersection,Dark - Not Lighted,Clear,2:00am-2:59am,20,2:00am-2:59am,22,2:00am-2:59am,55,1,Dark - Unlighted,Clear,0,3,[],[],0,0,Invalid,0.0,0.0,51.0,28.0,"['Male', 'Female']",1,0,3,1,4,Dry,Straight,Level,Lowest,No
24469,37,North Carolina,370891,0,1,1,0,1,ATKINSON,August,27,Sunday,15,11,Urban,Low Speed (Local),No,34.52593611,-78.17442778,Non-Intersection,Daylight,Cloudy,Unknown,Unknown,Unknown EMS Scene Arrival Hour,Unknown EMS Scene Arrival Minutes,Unknown,Unknown EMS Hospital Arrival Time,1,Daylight,Reduced Visibility,1,0,['Driver'],['None_Used'],1,1,Valid,1.0,0.0,55.0,55.0,['Male'],1,0,5,4,2,Dry,Curve,Level,Lowest,No
24470,37,North Carolina,370892,0,2,2,0,3,GREENVILLE,August,13,Sunday,13,56,Urban,Medium Speed (Collector),No,35.60771667,-77.42906389,Complex/Circle,Daylight,Clear,Unknown,Unknown,Unknown EMS Scene Arrival Hour,Unknown EMS Scene Arrival Minutes,Unknown,Unknown EMS Hospital Arrival Time,1,Daylight,Clear,1,2,['Front_Passenger'],['Shoulder_Lapbelt'],0,0,Invalid,0.0,1.0,35.0,20.0,"['Male', 'Female']",2,0,3,4,5,Dry,Curve,Level,Lowest,No
24471,37,North Carolina,370893,1,1,1,0,1,NOT APPLICABLE,August,14,Monday,6,9,Rural,Low Speed (Local),No,36.30284167,-78.9401,Non-Intersection,Dark - Not Lighted,Clear,Unknown,Unknown,Unknown EMS Scene Arrival Hour,Unknown EMS Scene Arrival Minutes,Unknown,Unknown EMS Hospital Arrival Time,1,Dark - Unlighted,Clear,0,1,[],[],0,0,Valid,1.0,0.0,39.0,39.0,['Male'],0,0,3,1,4,Dry,Straight,Level,Lowest,No
24472,37,North Carolina,370894,0,1,1,0,1,AYDEN,August,13,Sunday,1,30,Urban,Low Speed (Local),No,35.45650833,-77.39227222,Non-Intersection,Dark - Not Lighted,Clear,Unknown,Unknown,Unknown EMS Scene Arrival Hour,Unknown EMS Scene Arrival Minutes,Unknown,Unknown EMS Hospital Arrival Time,1,Dark - Unlighted,Clear,1,0,['Driver'],['None_Used'],1,1,Invalid,0.0,0.0,30.0,30.0,['Male'],0,0,3,4,3,Dry,Curve,Level,Lowest,No
24473,37,North Carolina,370895,0,1,1,0,2,NOT APPLICABLE,August,18,Friday,17,21,Rural,Medium Speed (Collector),No,35.21125556,-82.0334,Non-Intersection,Daylight,Clear,5:00pm-5:59pm,24,5:00pm-5:59pm,39,6:00pm-6:59pm,25,1,Daylight,Clear,1,1,['Front_Passenger'],['None_Used'],1,1,Invalid,0.0,0.0,36.0,36.0,['Male'],2,0,3,4,3,Dry,Curve,Grade/Hillcrest,Lowest,No
24474,37,North Carolina,370896,1,1,1,0,1,NOT APPLICABLE,August,5,Saturday,16,27,Rural,High Speed (Arterial),Yes,35.56668889,-79.80495278,Non-Intersection,Daylight,Clear,Unknown,Unknown,Unknown EMS Scene Arrival Hour,Unknown EMS Scene Arrival Minutes,Not Applicable (Not Transported),Not Applicable (Not Transported),1,Daylight,Clear,0,1,[],[],0,0,Valid,0.0,0.0,26.0,26.0,['Male'],0,0,1,1,4,Dry,Straight,Level,Lowest,No
24475,37,North Carolina,370897,0,1,1,0,3,NOT APPLICABLE,August,20,Sunday,2,52,Rural,High Speed (Arterial),Yes,35.87569444,-79.81876667,Non-Intersection,Dark - Not Lighted,Clear,Unknown,Unknown,Unknown EMS Scene Arrival Hour,Unknown EMS Scene Arrival Minutes,Unknown,Unknown EMS Hospital Arrival Time,1,Dark - Unlighted,Clear,1,2,['Driver'],['None_Used'],0,0,Valid,0.0,1.0,18.0,18.0,['Male'],3,0,3,4,3,Dry,Straight,Level,Lowest,No
24476,37,North Carolina,370898,1,2,2,0,1,NOT APPLICABLE,August,14,Monday,18,35,Rural,Medium Speed (Collector),No,34.44782222,-79.22476111,Non-Intersection,Daylight,Rain,Unknown,Unknown,Unknown EMS Scene Arrival Hour,Unknown EMS Scene Arrival Minutes,Unknown,Unknown EMS Hospital Arrival Time,1,Daylight,Rain/Wind/Minor,0,1,[],[],0,0,Valid,0.0,0.0,75.0,75.0,['Male'],0,0,1,4,5,Wet/Standing Water,Straight,Level,Lowest,Yes
24477,37,North Carolina,370899,0,1,1,0,1,NOT APPLICABLE,August,25,Friday,23,27,Rural,Low Speed (Local),No,34.697275,-79.11019722,Non-Intersection,Dark - Not Lighted,Clear,Unknown,Unknown,Unknown EMS Scene Arrival Hour,Unknown EMS Scene Arrival Minutes,Unknown,Unknown EMS Hospital Arrival Time,1,Dark - Unlighted,Clear,1,0,['Driver'],['None_Used'],0,0,Invalid,0.0,0.0,29.0,29.0,['Male'],1,0,5,4,3,Dry,Straight,Level,Lowest,No
24478,37,North Carolina,370900,0,2,2,0,3,NOT APPLICABLE,August,8,Tuesday,17,35,Rural,High Speed (Arterial),Yes,36.32570278,-79.94638333,Simple Junction,Daylight,Clear,Unknown,Unknown,Unknown EMS Scene Arrival Hour,Unknown EMS Scene Arrival Minutes,Unknown,Unknown EMS Hospital Arrival Time,1,Daylight,Clear,1,2,['Driver'],['None_Used'],0,0,Valid,2.0,0.0,77.0,33.0,"['Male', 'Male']",1,0,5,4,5,Dry,Curve,Grade/Hillcrest,Lowest,No
24479,37,North Carolina,370901,0,2,2,0,3,NOT APPLICABLE,August,3,Thursday,21,38,Rural,Low Speed (Local),No,35.61934444,-80.43263889,Non-Intersection,Dark - Not Lighted,Clear,Unknown,Unknown,Unknown EMS Scene Arrival Hour,Unknown EMS Scene Arrival Minutes,Unknown,Unknown EMS Hospital Arrival Time,1,Dark - Unlighted,Clear,1,2,['Driver'],['None_Used'],0,0,Valid,2.0,0.0,49.0,23.0,"['Female', 'Male']",0,0,5,4,5,Dry,Straight,Level,Lowest,No
24480,37,North Carolina,370902,0,1,1,0,5,NOT APPLICABLE,August,20,Sunday,12,24,Rural,Medium Speed (Collector),No,35.65671389,-80.63642778,Non-Intersection,Daylight,Clear,Unknown,Unknown,Unknown EMS Scene Arrival Hour,Unknown EMS Scene Arrival Minutes,Unknown,Unknown EMS Hospital Arrival Time,1,Daylight,Clear,1,4,['Rear_Seat'],['Child_Safety'],0,0,Invalid,0.0,0.0,34.0,34.0,['Female'],0,0,2,4,3,Dry,Curve,Grade/Hillcrest,Lowest,No
24481,37,North Carolina,370903,0,2,2,0,9,NOT APPLICABLE,August,17,Thursday,18,6,Rural,Medium Speed (Collector),No,35.65969444,-80.72422222,Non-Intersection,Daylight,Clear,Unknown,Unknown,Unknown EMS Scene Arrival Hour,Unknown EMS Scene Arrival Minutes,Unknown,Unknown EMS Hospital Arrival Time,1,Daylight,Clear,1,8,['Driver'],['None_Used'],0,0,Valid,2.0,1.0,45.0,26.0,"['Female', 'Male']",0,0,5,4,5,Dry,Curve,Grade/Hillcrest,Lowest,No
24482,37,North Carolina,370904,0,2,2,0,5,NOT APPLICABLE,August,7,Monday,15,51,Rural,Low Speed (Local),No,35.20002778,-78.38732778,Complex/Circle,Daylight,Clear,Unknown,Unknown,Unknown EMS Scene Arrival Hour,Unknown EMS Scene Arrival Minutes,Unknown,Unknown EMS Hospital Arrival Time,1,Daylight,Clear,1,4,['Driver'],['Shoulder_Lapbelt'],0,0,Valid,1.0,0.0,75.0,26.0,"['Female', 'Male']",0,0,3,4,5,Dry,Straight,Level,Lowest,No
24483,37,North Carolina,370905,1,1,1,0,2,MONROE,August,20,Sunday,19,24,Urban,High Speed (Arterial),Yes,34.98535556,-80.52878611,Complex/Circle,Dusk,Clear,7:00pm-7:59pm,24,7:00pm-7:59pm,26,Not Applicable (Not Transported),Not Applicable (Not Transported),1,Twilight,Clear,0,2,[],[],0,0,Invalid,0.0,0.0,45.0,45.0,['Male'],0,0,3,1,4,Dry,Straight,Level,Lowest,No
24484,37,North Carolina,370906,0,2,2,0,2,NOT APPLICABLE,August,25,Friday,20,52,Rural,Medium Speed (Collector),No,34.86839444,-80.53381389,Non-Intersection,Dark - Not Lighted,Clear,8:00pm-8:59pm,50,9:00pm-9:59pm,10,10:00pm-10:59pm,35,1,Dark - Unlighted,Clear,1,1,['Driver'],['None_Used'],1,1,Invalid,1.0,0.0,56.0,41.0,"['Male', 'Male']",0,0,3,4,5,Dry,Curve,Level,Lowest,No
24485,37,North Carolina,370907,0,2,2,0,2,NOT APPLICABLE,August,29,Tuesday,18,32,Rural,High Speed (Arterial),Yes,35.72826944,-81.5782,Non-Intersection,Daylight,Clear,Unknown,Unknown,Unknown EMS Scene Arrival Hour,Unknown EMS Scene Arrival Minutes,Not Applicable (Not Transported),Not Applicable (Not Transported),1,Daylight,Clear,1,1,['Driver'],['None_Used'],0,0,Valid,2.0,1.0,45.0,28.0,"['Male', 'Male']",0,0,5,4,5,Dry,Straight,Grade/Hillcrest,Lowest,No
24486,37,North Carolina,370908,0,1,1,0,1,NOT APPLICABLE,August,20,Sunday,0,10,Rural,Medium Speed (Collector),No,35.78356667,-77.53380278,Non-Intersection,Dark - Not Lighted,Clear,11:00pm-11:59pm,58,0:00am-0:59am,11,Not Applicable (Not Transported),Not Applicable (Not Transported),1,Dark - Unlighted,Clear,1,0,['Driver'],['None_Used'],1,1,Valid,1.0,0.0,20.0,20.0,['Male'],1,0,2,4,3,Dry,Curve,Level,Lowest,No
24487,37,North Carolina,370909,1,1,1,0,1,CHARLOTTE,August,7,Monday,0,47,Urban,Low Speed (Local),No,35.18002222,-80.879575,Non-Intersection,Dark - Lighted,Clear,0:00am-0:59am,48,0:00am-0:59am,50,1:00am-1:59am,14,1,Dark - Lighted,Clear,0,1,[],[],0,0,Valid,1.0,0.0,46.0,46.0,['Male'],0,0,2,3,4,Dry,Straight,Level,Lowest,No
24488,37,North Carolina,370910,1,2,2,0,2,CANDOR,August,12,Saturday,23,52,Urban,Low Speed (Local),No,35.29381667,-79.742225,Non-Intersection,Dark - Not Lighted,Clear,Unknown,Unknown,Unknown EMS Scene Arrival Hour,Unknown EMS Scene Arrival Minutes,Not Applicable (Not Transported),Not Applicable (Not Transported),1,Dark - Unlighted,Clear,0,1,[],[],0,0,Valid,1.0,0.0,56.0,34.0,"['Male', 'Male']",0,0,3,1,4,Dry,Straight,Grade/Hillcrest,Lowest,No
24489,37,North Carolina,370911,0,1,1,0,1,NOT APPLICABLE,August,5,Saturday,10,59,Rural,Medium Speed (Collector),No,35.7478,-78.43813889,Simple Junction,Daylight,Clear,Unknown,Unknown,Unknown EMS Scene Arrival Hour,Unknown EMS Scene Arrival Minutes,Not Applicable (Not Transported),Not Applicable (Not Transported),1,Daylight,Clear,1,0,['Driver'],['None_Used'],0,0,Valid,1.0,1.0,38.0,38.0,['Female'],1,0,3,4,3,Dry,Straight,Level,Lowest,No
24490,37,North Carolina,370913,0,1,1,0,1,RALEIGH,August,14,Monday,15,8,Urban,Medium Speed (Collector),No,35.76934722,-78.63421944,Non-Intersection,Daylight,Clear,3:00pm-3:59pm,10,3:00pm-3:59pm,14,3:00pm-3:59pm,26,1,Daylight,Clear,1,0,['Driver'],['None_Used'],0,0,Invalid,0.0,0.0,23.0,23.0,['Male'],1,0,5,4,2,Dry,Curve,Grade/Hillcrest,Lowest,No
24491,37,North Carolina,370914,1,1,1,0,1,RALEIGH,August,14,Monday,22,50,Urban,High Speed (Arterial),Yes,35.8439,-78.5799,Non-Intersection,Dark - Lighted,Clear,10:00pm-10:59pm,51,10:00pm-10:59pm,54,11:00pm-11:59pm,10,1,Dark - Lighted,Clear,0,1,[],[],0,0,Valid,0.0,0.0,39.0,39.0,['Female'],0,0,3,1,4,Dry,Straight,Level,Lowest,No
24492,37,North Carolina,370915,0,3,3,0,3,CARY,August,12,Saturday,2,52,Urban,High Speed (Arterial),Yes,35.73276111,-78.80145,Non-Intersection,Dark - Not Lighted,Clear,2:00am-2:59am,56,3:00am-3:59am,6,3:00am-3:59am,35,1,Dark - Unlighted,Clear,1,2,['Driver'],['Shoulder_Lapbelt'],1,2,Valid,3.0,2.0,49.0,21.0,"['Female', 'Male', 'Female']",2,0,3,4,5,Dry,Straight,Level,Lowest,No
24493,37,North Carolina,370916,0,1,1,0,1,NOT APPLICABLE,August,18,Friday,21,18,Rural,Medium Speed (Collector),No,36.41938889,-78.13578056,Non-Intersection,Dark - Not Lighted,Clear,12:00pm-12:59pm,5,12:00pm-12:59pm,12,Not Applicable (Not Transported),Not Applicable (Not Transported),1,Dark - Unlighted,Clear,1,0,['Driver'],['None_Used'],0,0,Valid,0.0,0.0,53.0,53.0,['Male'],1,0,2,4,3,Dry,Straight,Level,Lowest,No
24494,37,North Carolina,370917,0,1,1,0,1,NOT APPLICABLE,August,27,Sunday,22,52,Rural,Low Speed (Local),No,36.5212,-77.94226944,Non-Intersection,Dark - Not Lighted,Clear,Unknown,Unknown,Unknown EMS Scene Arrival Hour,Unknown EMS Scene Arrival Minutes,Unknown,Unknown EMS Hospital Arrival Time,1,Dark - Unlighted,Clear,1,0,['Driver'],['None_Used'],0,0,Valid,0.0,0.0,46.0,46.0,['Male'],1,0,3,4,3,Dry,Straight,Level,Lowest,No
24495,37,North Carolina,370918,0,2,2,0,4,NOT APPLICABLE,August,6,Sunday,17,23,Rural,Medium Speed (Collector),No,35.28624722,-78.25307222,Non-Intersection,Daylight,Clear,Unknown,Unknown,Unknown EMS Scene Arrival Hour,Unknown EMS Scene Arrival Minutes,Unknown,Unknown EMS Hospital Arrival Time,4,Daylight,Clear,4,0,"['Driver', 'Rear_Seat', 'Rear_Seat', 'Driver']","['Shoulder_Lapbelt', 'Child_Safety', 'Child_Safety', 'Shoulder_Lapbelt']",1,1,Valid,0.0,0.0,60.0,32.0,"['Female', 'Female']",3,0,2,4,5,Dry,Straight,Level,Lowest,No
24496,37,North Carolina,370919,0,2,2,0,2,GOLDSBORO,August,13,Sunday,19,0,Urban,Medium Speed (Collector),No,35.37231389,-77.97746389,Complex/Circle,Daylight,Clear,Unknown,Unknown,Unknown EMS Scene Arrival Hour,Unknown EMS Scene Arrival Minutes,Unknown,Unknown EMS Hospital Arrival Time,1,Daylight,Clear,1,1,['Driver'],['None_Used'],0,0,Invalid,3.0,1.0,53.0,29.0,"['Male', 'Female']",0,0,5,4,5,Dry,Straight,Level,Lowest,No
24497,37,North Carolina,370920,1,2,2,0,3,GOLDSBORO,August,16,Wednesday,20,28,Urban,High Speed (Arterial),Yes,35.38569167,-77.92479444,Non-Intersection,Dark - Lighted,Clear,Unknown,Unknown,Unknown EMS Scene Arrival Hour,Unknown EMS Scene Arrival Minutes,Unknown,Unknown EMS Hospital Arrival Time,1,Dark - Lighted,Clear,0,3,[],[],0,0,Valid,1.0,0.0,38.0,35.0,"['Male', 'Male']",0,0,4,1,4,Dry,Straight,Level,Lowest,No
24498,37,North Carolina,370921,0,2,2,0,6,NOT APPLICABLE,August,25,Friday,18,3,Rural,Medium Speed (Collector),No,36.27673889,-80.93909444,Non-Intersection,Daylight,Clear,5:00pm-5:59pm,58,6:00pm-6:59pm,2,6:00pm-6:59pm,30,1,Daylight,Clear,1,5,['Driver'],['None_Used'],0,0,Valid,2.0,0.0,74.0,31.0,"['Male', 'Male']",0,0,3,4,5,Dry,Straight,Grade/Hillcrest,Lowest,No