,State_Code,State_Name,Crash_ID,Count_Non_Motorists,Count_Vehicles_Total,Count_Vehicle_Forms,Count_PVH_Involved,Count_Occupants_MV,City_Name,Month_Name,Day_of_Month,Day_of_Week,Crash_Hour,Crash_Minute,Area_Rural_Urban,Road_Functional_Class,On_NHS_Road,Latitude,Longitude,Intersection_Type,Light_Condition,Weather_Condition,Notif_Hour,Notif_Minute,Arrival_Hour,Arrival_Minute,Hospital_Hour,Hospital_Minute,Fatalities_Count,Clean_Light_Condition,Clean_Weather_Condition,Total_Killed,Total_Alive,Fatal_Seats_List,Killed_Restraint_List,Any_Driver_Drinking,Total_Drinking_Drivers,Driver_License_Category,Driver_Max_Prev_Accident_Count,Driver_Max_Prev_Speeding_Count,Max_Driver_Age,Min_Driver_Age,Driver_Sex_List,Total_Exceeding_Limit_Vehicles,Total_Too_Fast_Vehicles,Max_Vehicle_Type_Severity_5,Max_Vehicle_Damage_Rank,Max_Harmful_Event_Severity,Crash_Road_Surface_Condition,Crash_Horizontal_Alignment,Crash_Vertical_Profile,Crash_Impairment_Category,Crash_Vehicle_Defect
24499,37,North Carolina,370922,1,1,1,0,1,WILSON,August,5,Saturday,2,4,Urban,Medium Speed (Collector),No,35.708925,-77.90494167,Non-Intersection,Dark - Not Lighted,Clear,Unknown,Unknown,Unknown EMS Scene Arrival Hour,Unknown EMS Scene Arrival Minutes,Not Applicable (Not Transported),Not Applicable (Not Transported),1,Dark - Unlighted,Clear,0,0,[],[],1,1,Invalid,0.0,0.0,44.0,44.0,['Female'],0,0,3,1,4,Dry,Straight,Level,Lowest,No
24500,37,North Carolina,370923,0,2,2,0,2,NOT APPLICABLE,August,16,Wednesday,13,26,Rural,Low Speed (Local),No,36.07786944,-80.63105556,Non-Intersection,Daylight,Clear,1:00pm-1:59pm,22,1:00pm-1:59pm,35,1:00pm-1:59pm,53,1,Daylight,Clear,1,1,['Driver'],['None_Used'],0,0,Valid,0.0,0.0,54.0,46.0,"['Male', 'Female']",0,0,3,4,5,Dry,Curve,Level,Lowest,Yes
24501,37,North Carolina,370924,0,1,1,0,1,NOT APPLICABLE,August,6,Sunday,14,52,Rural,Medium Speed (Collector),No,35.59453611,-77.08188056,Non-Intersection,Daylight,Clear,Unknown,Unknown,Unknown EMS Scene Arrival Hour,Unknown EMS Scene Arrival Minutes,Unknown,Unknown EMS Hospital Arrival Time,1,Daylight,Clear,1,0,['Driver'],['Shoulder_Lapbelt'],0,0,Valid,0.0,0.0,78.0,78.0,['Male'],0,0,3,4,2,Dry,Straight,Level,Lowest,No
24502,37,North Carolina,370925,0,2,2,0,3,NOT APPLICABLE,August,24,Thursday,14,56,Rural,Medium Speed (Collector),No,36.18465556,-79.35078611,Non-Intersection,Daylight,Clear,2:00pm-2:59pm,50,3:00pm-3:59pm,15,Not Applicable (Not Transported),Not Applicable (Not Transported),2,Daylight,Clear,2,1,"['Driver', 'Rear_Seat']","['Shoulder_Lapbelt', 'Shoulder_Lapbelt']",1,1,Valid,1.0,0.0,66.0,37.0,"['Male', 'Male']",1,0,3,4,5,Dry,Curve,Level,Lowest,No
24503,37,North Carolina,370926,0,2,2,0,3,MOUNT AIRY,August,10,Thursday,15,27,Urban,High Speed (Arterial),Yes,36.52387222,-80.62657778,Complex/Circle,Daylight,Cloudy,3:00pm-3:59pm,28,3:00pm-3:59pm,32,Not Applicable (Not Transported),Not Applicable (Not Transported),1,Daylight,Reduced Visibility,1,2,['Driver'],['None_Used'],0,0,Invalid,0.0,0.0,77.0,17.0,"['Male', 'Male']",0,0,5,4,5,Dry,Straight,Grade/Hillcrest,Lowest,No
24504,37,North Carolina,370927,0,2,2,0,3,NOT APPLICABLE,August,13,Sunday,18,52,Rural,Medium Speed (Collector),No,35.36392778,-81.65628611,Complex/Circle,Daylight,Clear,6:00pm-6:59pm,11,6:00pm-6:59pm,18,6:00pm-6:59pm,39,1,Daylight,Clear,1,2,['Driver'],['Shoulder_Lapbelt'],0,0,Valid,0.0,0.0,84.0,52.0,"['Female', 'Male']",0,0,2,4,5,Dry,Straight,Level,Lowest,No
24505,37,North Carolina,370928,0,1,1,0,1,NOT APPLICABLE,August,21,Monday,20,15,Rural,Low Speed (Local),No,35.51117222,-76.70378056,Non-Intersection,Dusk,Clear,Unknown,Unknown,Unknown EMS Scene Arrival Hour,Unknown EMS Scene Arrival Minutes,Not Applicable (Not Transported),Not Applicable (Not Transported),1,Twilight,Clear,1,0,['Driver'],['None_Used'],1,1,Valid,1.0,0.0,53.0,53.0,['Male'],1,0,5,4,3,Dry,Curve,Level,Lowest,No
24506,37,North Carolina,370929,0,2,2,0,2,SHELBY,August,28,Monday,21,58,Urban,High Speed (Arterial),Yes,35.25811667,-81.57483611,Non-Intersection,Dark - Not Lighted,Clear,10:00pm-10:59pm,1,10:00pm-10:59pm,9,10:00pm-10:59pm,27,1,Dark - Unlighted,Clear,1,1,['Driver'],['Shoulder_Lapbelt'],0,0,Valid,0.0,0.0,61.0,33.0,"['Male', 'Male']",0,0,2,4,5,Dry,Straight,Level,Lowest,No
24507,37,North Carolina,370930,0,1,1,0,1,NOT APPLICABLE,July,26,Wednesday,23,49,Rural,Medium Speed (Collector),No,35.22900278,-81.519875,Non-Intersection,Dark - Not Lighted,Clear,11:00pm-11:59pm,41,11:00pm-11:59pm,44,11:00pm-11:59pm,57,1,Dark - Unlighted,Clear,1,0,['Driver'],['None_Used'],0,0,Valid,0.0,0.0,50.0,50.0,['Male'],1,0,5,4,2,Dry,Curve,Level,Lowest,No
24508,37,North Carolina,370931,0,2,2,0,2,NOT APPLICABLE,July,28,Friday,18,12,Rural,High Speed (Arterial),Yes,36.31483333,-78.73809444,Non-Intersection,Daylight,Clear,Unknown,Unknown,Unknown EMS Scene Arrival Hour,Unknown EMS Scene Arrival Minutes,Unknown,Unknown EMS Hospital Arrival Time,1,Daylight,Clear,1,1,['Driver'],['None_Used'],0,0,Invalid,0.0,0.0,21.0,16.0,"['Male', 'Male']",0,0,5,4,5,Dry,Straight,Level,Lowest,No
24509,37,North Carolina,370932,0,3,3,0,4,GREENSBORO,July,13,Thursday,8,26,Urban,Medium Speed (Collector),No,36.05341111,-79.84252778,Simple Junction,Daylight,Clear,Unknown,Unknown,Unknown EMS Scene Arrival Hour,Unknown EMS Scene Arrival Minutes,Unknown,Unknown EMS Hospital Arrival Time,1,Daylight,Clear,1,3,['Driver'],['Shoulder_Lapbelt'],0,0,Valid,2.0,0.0,72.0,28.0,"['Male', 'Male', 'Male']",0,0,3,4,5,Dry,Straight,Level,Lowest,No
24510,37,North Carolina,370933,0,1,1,0,2,NOT APPLICABLE,July,31,Monday,12,4,Rural,Medium Speed (Collector),No,35.89515556,-78.64063611,Non-Intersection,Daylight,Clear,11:00am-11:59am,47,12:00pm-12:59pm,0,12:00pm-12:59pm,22,1,Daylight,Clear,1,1,['Front_Passenger'],['Shoulder_Lapbelt'],0,0,Valid,0.0,0.0,62.0,62.0,['Female'],2,0,2,4,3,Dry,Straight,Level,Lowest,No
24511,37,North Carolina,370934,0,2,2,0,2,NOT APPLICABLE,August,21,Monday,20,6,Rural,Medium Speed (Collector),No,34.98913333,-78.93719444,Non-Intersection,Daylight,Clear,Unknown,Unknown,Unknown EMS Scene Arrival Hour,Unknown EMS Scene Arrival Minutes,Unknown,Unknown EMS Hospital Arrival Time,1,Daylight,Clear,1,1,['Driver'],['None_Used'],0,0,Valid,0.0,0.0,42.0,27.0,"['Female', 'Male']",1,0,5,4,5,Dry,Straight,Level,Lowest,No
24512,37,North Carolina,370935,0,1,1,0,1,NOT APPLICABLE,August,27,Sunday,10,3,Rural,High Speed (Arterial),Yes,34.71223611,-77.48086389,Non-Intersection,Daylight,Clear,10:00am-10:59am,0,10:00am-10:59am,11,Not Applicable (Not Transported),Not Applicable (Not Transported),1,Daylight,Clear,1,0,['Driver'],['Shoulder_Lapbelt'],0,0,Valid,0.0,0.0,26.0,26.0,['Female'],0,0,2,4,3,Dry,Curve,Level,Lowest,No
24513,37,North Carolina,370936,1,1,1,0,4,WINSTON SALEM,August,25,Friday,21,17,Urban,Medium Speed (Collector),No,36.13949167,-80.23700556,Non-Intersection,Dark - Lighted,Clear,9:00pm-9:59pm,18,9:00pm-9:59pm,25,9:00pm-9:59pm,34,1,Dark - Lighted,Clear,0,4,[],[],0,0,Invalid,1.0,0.0,61.0,61.0,['Male'],0,0,2,2,4,Dry,Straight,Level,Lowest,No
24514,37,North Carolina,370937,1,1,1,0,1,NOT APPLICABLE,August,27,Sunday,1,5,Rural,Medium Speed (Collector),No,35.27612222,-78.62690556,Simple Junction,Dark - Not Lighted,Clear,Unknown,Unknown,Unknown EMS Scene Arrival Hour,Unknown EMS Scene Arrival Minutes,Unknown,Unknown EMS Hospital Arrival Time,1,Dark - Unlighted,Clear,0,1,[],[],0,0,Valid,0.0,0.0,29.0,29.0,['Male'],0,0,2,4,4,Dry,Straight,Level,Lowest,No
24515,37,North Carolina,370938,1,1,1,0,1,NOT APPLICABLE,September,12,Tuesday,20,29,Rural,Medium Speed (Collector),No,34.50368333,-78.05766944,Non-Intersection,Dark - Not Lighted,Clear,8:00pm-8:59pm,35,8:00pm-8:59pm,47,9:00pm-9:59pm,11,1,Dark - Unlighted,Clear,0,0,[],[],0,0,Invalid,0.0,0.0,998.0,998.0,['Other'],0,0,1,1,4,Dry,Straight,Level,Lowest,No
24516,37,North Carolina,370939,0,3,3,0,3,NOT APPLICABLE,September,16,Saturday,1,59,Rural,High Speed (Arterial),Yes,36.02220278,-77.85637778,Non-Intersection,Dark - Not Lighted,Clear,Unknown,Unknown,Unknown EMS Scene Arrival Hour,Unknown EMS Scene Arrival Minutes,Unknown,Unknown EMS Hospital Arrival Time,1,Dark - Unlighted,Clear,1,2,['Driver'],['None_Used'],1,1,Valid,1.0,1.0,65.0,33.0,"['Male', 'Male', 'Male']",0,0,4,4,5,Dry,Straight,Level,Lowest,No
24517,37,North Carolina,370940,1,1,1,0,2,NOT APPLICABLE,August,17,Thursday,21,2,Rural,Medium Speed (Collector),No,34.88848333,-79.74979722,Simple Junction,Dark - Not Lighted,Cloudy,Unknown,Unknown,Unknown EMS Scene Arrival Hour,Unknown EMS Scene Arrival Minutes,Not Applicable (Not Transported),Not Applicable (Not Transported),1,Dark - Unlighted,Reduced Visibility,0,2,[],[],0,0,Invalid,0.0,0.0,29.0,29.0,['Male'],0,0,3,1,4,Dry,Straight,Level,Lowest,No
24518,37,North Carolina,370941,0,3,3,0,7,NOT APPLICABLE,August,22,Tuesday,11,22,Rural,High Speed (Arterial),Yes,35.47358611,-78.177,Non-Intersection,Daylight,Clear,Unknown,Unknown,Unknown EMS Scene Arrival Hour,Unknown EMS Scene Arrival Minutes,Unknown,Unknown EMS Hospital Arrival Time,1,Daylight,Clear,1,6,['Front_Passenger'],['Shoulder_Lapbelt'],0,0,Valid,1.0,0.0,56.0,51.0,"['Male', 'Male', 'Female']",0,0,3,4,5,Dry,Straight,Level,Lowest,No
24519,37,North Carolina,370942,0,2,2,0,2,NOT APPLICABLE,September,23,Saturday,22,53,Rural,Medium Speed (Collector),No,36.13997222,-79.27724167,Non-Intersection,Dark - Not Lighted,Cloudy,10:00pm-10:59pm,45,11:00pm-11:59pm,15,11:00pm-11:59pm,52,1,Dark - Unlighted,Reduced Visibility,1,1,['Driver'],['None_Used'],1,1,Valid,1.0,1.0,39.0,23.0,"['Male', 'Male']",0,0,3,4,5,Wet/Standing Water,Curve,Grade/Hillcrest,Lowest,No
24520,37,North Carolina,370943,0,2,2,0,3,NOT APPLICABLE,September,8,Friday,17,39,Rural,Medium Speed (Collector),No,35.91916111,-81.2475,Non-Intersection,Daylight,Clear,Unknown,Unknown,Unknown EMS Scene Arrival Hour,Unknown EMS Scene Arrival Minutes,Unknown,Unknown EMS Hospital Arrival Time,1,Daylight,Clear,1,2,['Driver'],['Shoulder_Lapbelt'],0,0,Valid,0.0,0.0,76.0,42.0,"['Female', 'Male']",0,0,3,4,5,Wet/Standing Water,Curve,Level,Lowest,No
24521,37,North Carolina,370944,0,1,1,0,1,NOT APPLICABLE,September,9,Saturday,22,58,Rural,Medium Speed (Collector),No,35.09495278,-80.14942778,Non-Intersection,Dark - Not Lighted,Rain,Unknown,Unknown,Unknown EMS Scene Arrival Hour,Unknown EMS Scene Arrival Minutes,Not Applicable (Not Transported),Not Applicable (Not Transported),1,Dark - Unlighted,Rain/Wind/Minor,1,0,['Driver'],['None_Used'],1,1,Valid,0.0,0.0,55.0,55.0,['Male'],0,0,1,4,3,Wet/Standing Water,Straight,Level,Lowest,No
24522,37,North Carolina,370945,0,1,1,0,1,NOT APPLICABLE,September,3,Sunday,18,34,Rural,Medium Speed (Collector),No,35.47729444,-82.48680556,Non-Intersection,Daylight,Clear,6:00pm-6:59pm,25,6:00pm-6:59pm,33,7:00pm-7:59pm,55,1,Daylight,Clear,1,0,['Driver'],['Shoulder_Lapbelt'],0,0,Valid,0.0,0.0,33.0,33.0,['Male'],0,0,2,4,2,Dry,Straight,Level,Lowest,No
24523,37,North Carolina,370946,1,1,1,0,2,ASHEVILLE,September,3,Sunday,13,12,Urban,High Speed (Arterial),Yes,35.47261111,-82.52160833,Non-Intersection,Daylight,Clear,Unknown,Unknown,Unknown EMS Scene Arrival Hour,Unknown EMS Scene Arrival Minutes,Unknown,Unknown EMS Hospital Arrival Time,1,Daylight,Clear,0,2,[],[],0,0,Invalid,0.0,0.0,18.0,18.0,['Male'],2,0,2,1,4,Dry,Straight,Level,Lowest,No
24524,37,North Carolina,370947,1,1,1,0,1,ASHEVILLE,September,4,Monday,22,29,Urban,High Speed (Arterial),Yes,35.55753056,-82.53138889,Non-Intersection,Dark - Not Lighted,Clear,2:00am-2:59am,59,3:00am-3:59am,12,3:00am-3:59am,45,1,Dark - Unlighted,Clear,0,1,[],[],0,0,Valid,1.0,2.0,26.0,26.0,['Female'],0,0,2,1,4,Dry,Straight,Grade/Hillcrest,Lowest,No
24525,37,North Carolina,370948,0,2,2,0,2,NOT APPLICABLE,September,6,Wednesday,19,13,Rural,High Speed (Arterial),Yes,35.54446111,-82.705525,Complex/Circle,Dark - Not Lighted,Clear,9:00pm-9:59pm,45,9:00pm-9:59pm,53,10:00pm-10:59pm,23,1,Dark - Unlighted,Clear,1,1,['Driver'],['None_Used'],0,0,Valid,0.0,2.0,43.0,26.0,"['Male', 'Male']",1,0,5,4,5,Dry,Straight,Level,Lowest,No
24526,37,North Carolina,370949,0,2,1,1,1,KANNAPOLIS,September,1,Friday,23,7,Urban,Medium Speed (Collector),No,35.48919722,-80.66785556,Non-Intersection,Dark - Not Lighted,Clear,11:00pm-11:59pm,6,11:00pm-11:59pm,12,Not Applicable (Not Transported),Not Applicable (Not Transported),1,Dark - Unlighted,Clear,1,0,['Driver'],['None_Used'],1,1,Valid,0.0,0.0,46.0,46.0,['Male'],0,0,3,4,5,Dry,Straight,Grade/Hillcrest,Lowest,No
24527,37,North Carolina,370950,0,1,1,0,1,LENOIR,September,15,Friday,20,9,Urban,Low Speed (Local),No,35.88303333,-81.499325,Non-Intersection,Dusk,Clear,Unknown,Unknown,Unknown EMS Scene Arrival Hour,Unknown EMS Scene Arrival Minutes,Not Applicable (Not Transported),Not Applicable (Not Transported),1,Twilight,Clear,1,0,['Driver'],['Shoulder_Lapbelt'],0,0,Valid,0.0,0.0,39.0,39.0,['Male'],1,0,3,4,3,Dry,Curve,Grade/Hillcrest,Lowest,No
24528,37,North Carolina,370951,0,1,1,0,1,NOT APPLICABLE,September,6,Wednesday,2,54,Rural,Medium Speed (Collector),No,35.64580556,-81.31922222,Non-Intersection,Dark - Not Lighted,Clear,2:00am-2:59am,53,3:00am-3:59am,2,Not Applicable (Not Transported),Not Applicable (Not Transported),1,Dark - Unlighted,Clear,1,0,['Driver'],['None_Used'],0,0,Invalid,0.0,0.0,41.0,41.0,['Male'],0,0,5,4,3,Dry,Curve,Level,Lowest,No
24529,37,North Carolina,370952,0,2,2,0,2,NOT APPLICABLE,September,7,Thursday,9,46,Rural,Medium Speed (Collector),No,35.69706944,-81.29161389,Complex/Circle,Daylight,Clear,9:00am-9:59am,44,9:00am-9:59am,51,10:00am-10:59am,16,1,Daylight,Clear,1,1,['Driver'],['None_Used'],0,0,Valid,0.0,0.0,71.0,62.0,"['Male', 'Male']",0,0,5,4,5,Dry,Straight,Level,Lowest,No
24530,37,North Carolina,370953,0,1,1,0,1,NOT APPLICABLE,September,12,Tuesday,14,58,Rural,High Speed (Arterial),No,35.57029722,-81.03235556,Non-Intersection,Daylight,Clear,2:00pm-2:59pm,57,2:00pm-2:59pm,59,Not Applicable (Not Transported),Not Applicable (Not Transported),1,Daylight,Clear,1,0,['Driver'],['None_Used'],0,0,Valid,0.0,0.0,19.0,19.0,['Male'],0,0,2,4,3,Dry,Curve,Level,Lowest,No
24531,37,North Carolina,370954,0,2,2,0,4,HICKORY,September,8,Friday,23,1,Urban,Medium Speed (Collector),No,35.72236667,-81.36300556,Complex/Circle,Dark - Not Lighted,Clear,10:00pm-10:59pm,44,10:00pm-10:59pm,50,11:00pm-11:59pm,14,2,Dark - Unlighted,Clear,2,2,"['Driver', 'Front_Passenger']","['Shoulder_Lapbelt', 'Shoulder_Lapbelt']",0,0,Valid,2.0,0.0,38.0,24.0,"['Male', 'Female']",2,0,3,4,5,Dry,Straight,Level,Lowest,No
24532,37,North Carolina,370955,0,1,1,0,1,NOT APPLICABLE,September,23,Saturday,22,51,Rural,Medium Speed (Collector),No,35.71994722,-81.25251389,Non-Intersection,Dark - Lighted,Clear,10:00pm-10:59pm,49,10:00pm-10:59pm,51,Not Applicable (Not Transported),Not Applicable (Not Transported),1,Dark - Lighted,Clear,1,0,['Driver'],['None_Used'],0,0,Valid,5.0,0.0,25.0,25.0,['Male'],1,0,5,4,3,Dry,Curve,Level,Lowest,No
24533,37,North Carolina,370956,0,2,2,0,4,NOT APPLICABLE,September,6,Wednesday,20,44,Rural,Medium Speed (Collector),No,35.80623889,-78.96373333,Simple Junction,Dark - Not Lighted,Clear,8:00pm-8:59pm,38,8:00pm-8:59pm,46,9:00pm-9:59pm,26,2,Dark - Unlighted,Clear,2,2,"['Driver', 'Rear_Seat']","['Shoulder_Lapbelt', 'None_Used']",0,0,Valid,1.0,1.0,45.0,24.0,"['Male', 'Male']",0,0,3,4,5,Dry,Straight,Grade/Hillcrest,Lowest,No
24534,37,North Carolina,370957,0,1,1,0,1,NOT APPLICABLE,September,20,Wednesday,19,47,Rural,Medium Speed (Collector),No,35.82225833,-78.964825,Non-Intersection,Dark - Not Lighted,Clear,7:00pm-7:59pm,38,7:00pm-7:59pm,56,9:00pm-9:59pm,4,1,Dark - Unlighted,Clear,1,0,['Driver'],['Shoulder_Lapbelt'],1,1,Valid,0.0,0.0,25.0,25.0,['Female'],1,0,2,4,3,Dry,Straight,Level,Lowest,No
24535,37,North Carolina,370958,0,1,1,0,1,NOT APPLICABLE,September,22,Friday,7,39,Rural,Medium Speed (Collector),No,35.21047778,-81.45325833,Non-Intersection,Daylight,Clear,7:00am-7:59am,38,7:00am-7:59am,49,Not Applicable (Not Transported),Not Applicable (Not Transported),1,Daylight,Clear,1,0,['Driver'],['None_Used'],0,0,Invalid,1.0,1.0,20.0,20.0,['Male'],1,0,2,4,3,Dry,Straight,Level,Lowest,No
24536,37,North Carolina,370959,0,2,2,0,2,RIEGELWOOD,September,12,Tuesday,6,43,Urban,Medium Speed (Collector),No,34.34016111,-78.22554444,Complex/Circle,Dawn,"Fog, Smog, Smoke",6:00am-6:59am,40,6:00am-6:59am,43,Not Applicable (Not Transported),Not Applicable (Not Transported),1,Twilight,Reduced Visibility,1,1,['Driver'],['Shoulder_Lapbelt'],0,0,Valid,1.0,0.0,45.0,35.0,"['Male', 'Female']",0,0,4,4,5,Dry,Straight,Level,Lowest,No
24537,37,North Carolina,370960,0,1,1,0,1,NOT APPLICABLE,September,15,Friday,2,32,Rural,Low Speed (Local),No,34.36869722,-78.745375,Non-Intersection,Dark - Not Lighted,Clear,2:00am-2:59am,23,2:00am-2:59am,31,2:00am-2:59am,45,1,Dark - Unlighted,Clear,1,0,['Driver'],['None_Used'],1,1,Invalid,0.0,0.0,33.0,33.0,['Male'],0,0,5,1,3,Dry,Curve,Level,Lowest,No
24538,37,North Carolina,370961,1,1,1,0,7,NEW BERN,September,11,Monday,20,40,Urban,High Speed (Arterial),Yes,35.11257778,-77.09701111,Non-Intersection,Dark - Not Lighted,Clear,Unknown,Unknown,Unknown EMS Scene Arrival Hour,Unknown EMS Scene Arrival Minutes,Not Applicable (Not Transported),Not Applicable (Not Transported),1,Dark - Unlighted,Clear,0,7,[],[],0,0,Valid,0.0,0.0,75.0,75.0,['Male'],0,0,4,1,4,Dry,Straight,Level,Lowest,No
24539,37,North Carolina,370962,0,1,1,0,1,FAYETTEVILLE,September,11,Monday,0,11,Urban,Medium Speed (Collector),No,35.03958889,-78.93385556,Non-Intersection,Dark - Lighted,Clear,0:00am-0:59am,14,0:00am-0:59am,19,0:00am-0:59am,29,1,Dark - Lighted,Clear,1,0,['Driver'],['None_Used'],1,1,Invalid,3.0,0.0,30.0,30.0,['Female'],1,0,3,4,3,Dry,Curve,Level,Lowest,No
24540,37,North Carolina,370963,0,2,2,0,6,NOT APPLICABLE,September,17,Sunday,11,15,Rural,High Speed (Arterial),Yes,35.15474444,-78.86801944,Non-Intersection,Daylight,Clear,Unknown,Unknown,Unknown EMS Scene Arrival Hour,Unknown EMS Scene Arrival Minutes,Unknown,Unknown EMS Hospital Arrival Time,1,Daylight,Clear,1,5,['Driver'],['None_Used'],0,0,Valid,0.0,0.0,41.0,27.0,"['Male', 'Male']",1,0,5,4,5,Dry,Curve,Grade/Hillcrest,Lowest,No
24541,37,North Carolina,370964,0,2,2,0,3,NOT APPLICABLE,September,26,Tuesday,15,45,Rural,Low Speed (Local),No,35.20733611,-78.79193333,Complex/Circle,Daylight,Cloudy,5:00pm-5:59pm,11,5:00pm-5:59pm,34,6:00pm-6:59pm,6,2,Daylight,Reduced Visibility,2,1,"['Driver', 'Front_Passenger']","['Shoulder_Lapbelt', 'Shoulder_Lapbelt']",1,1,Valid,2.0,1.0,52.0,45.0,"['Male', 'Male']",1,0,3,4,5,Dry,Straight,Level,Lowest,No
24542,37,North Carolina,370965,0,1,1,0,1,NOT APPLICABLE,September,19,Tuesday,19,58,Rural,Medium Speed (Collector),No,35.63286944,-75.85705556,Non-Intersection,Dark - Not Lighted,Clear,7:00pm-7:59pm,50,8:00pm-8:59pm,23,11:00pm-11:59pm,26,1,Dark - Unlighted,Clear,1,0,['Driver'],['Shoulder_Lapbelt'],0,0,Valid,0.0,2.0,35.0,35.0,['Male'],1,0,3,4,4,Dry,Straight,Level,Lowest,No
24543,37,North Carolina,370966,0,2,2,0,2,NOT APPLICABLE,September,9,Saturday,5,22,Rural,High Speed (Arterial),Yes,35.91929444,-80.33426667,Non-Intersection,Dark - Not Lighted,Clear,5:00am-5:59am,20,5:00am-5:59am,28,5:00am-5:59am,57,1,Dark - Unlighted,Clear,1,1,['Driver'],['None_Used'],0,0,Valid,1.0,0.0,32.0,24.0,"['Male', 'Male']",0,0,4,4,3,Dry,Curve,Grade/Hillcrest,Lowest,No
24544,37,North Carolina,370967,0,1,1,0,1,NOT APPLICABLE,September,20,Wednesday,23,16,Rural,Low Speed (Local),No,34.82756389,-77.77544444,Non-Intersection,Dark - Not Lighted,Clear,11:00pm-11:59pm,8,11:00pm-11:59pm,17,0:00am-0:59am,2,1,Dark - Unlighted,Clear,1,0,['Driver'],['None_Used'],1,1,Invalid,0.0,0.0,61.0,61.0,['Male'],1,0,2,4,3,Dry,Straight,Level,Lowest,No
24545,37,North Carolina,370968,0,7,7,0,9,NOT APPLICABLE,July,5,Wednesday,15,45,Rural,High Speed (Arterial),Yes,35.81281944,-78.40881111,Non-Intersection,Daylight,Clear,3:00pm-3:59pm,43,3:00pm-3:59pm,55,4:00pm-4:59pm,17,1,Daylight,Clear,1,8,['Driver'],['Shoulder_Lapbelt'],0,0,Valid,3.0,0.0,81.0,19.0,"['Male', 'Male', 'Male', 'Female', 'Male', 'Male', 'Male']",0,0,4,4,5,Wet/Standing Water,Straight,Level,Lowest,No
24546,37,North Carolina,370969,0,2,2,0,2,NEWPORT,July,10,Monday,13,43,Urban,High Speed (Arterial),Yes,34.78855833,-76.87610278,Non-Intersection,Daylight,Clear,1:00pm-1:59pm,1,1:00pm-1:59pm,4,1:00pm-1:59pm,33,1,Daylight,Clear,1,1,['Driver'],['None_Used'],0,0,Valid,1.0,1.0,67.0,44.0,"['Male', 'Female']",0,0,5,1,5,Dry,Straight,Level,Lowest,No
24547,37,North Carolina,370970,0,2,2,0,3,ROCKY MOUNT,September,1,Friday,20,28,Urban,Medium Speed (Collector),No,35.96298889,-77.75968056,Simple Junction,Dark - Not Lighted,Clear,8:00pm-8:59pm,28,8:00pm-8:59pm,31,9:00pm-9:59pm,21,1,Dark - Unlighted,Clear,1,2,['Driver'],['None_Used'],0,0,Valid,0.0,0.0,46.0,25.0,"['Male', 'Male']",1,0,2,4,5,Dry,Straight,Level,Lowest,No
24548,37,North Carolina,370971,0,2,2,0,2,WINSTON SALEM,September,5,Tuesday,17,38,Urban,Low Speed (Local),No,36.1527,-80.362225,Complex/Circle,Daylight,Clear,5:00pm-5:59pm,38,5:00pm-5:59pm,54,6:00pm-6:59pm,13,1,Daylight,Clear,1,1,['Driver'],['None_Used'],1,1,Valid,0.0,0.0,54.0,52.0,"['Male', 'Female']",0,0,5,4,5,Dry,Straight,Level,Lowest,No
24549,37,North Carolina,370972,0,1,1,0,1,NOT APPLICABLE,September,25,Monday,7,50,Rural,Medium Speed (Collector),No,35.35371944,-81.24223611,Non-Intersection,Daylight,Clear,7:00am-7:59am,50,8:00am-8:59am,1,8:00am-8:59am,24,1,Daylight,Clear,1,0,['Driver'],['Shoulder_Lapbelt'],0,0,Valid,1.0,0.0,62.0,62.0,['Male'],0,0,3,4,3,Dry,Straight,Grade/Hillcrest,Lowest,No
24550,37,North Carolina,370973,0,2,2,0,3,HIGH POINT,September,1,Friday,0,34,Urban,High Speed (Arterial),Yes,36.007,-80.001,Non-Intersection,Dark - Not Lighted,Clear,0:00am-0:59am,36,0:00am-0:59am,44,Not Applicable (Not Transported),Not Applicable (Not Transported),1,Dark - Unlighted,Clear,1,2,['Driver'],['Shoulder_Lapbelt'],0,0,Invalid,2.0,0.0,29.0,21.0,"['Male', 'Male']",1,0,4,4,5,Dry,Straight,Level,Lowest,No
24551,37,North Carolina,370974,1,1,1,0,1,NOT APPLICABLE,September,8,Friday,7,45,Rural,High Speed (Arterial),Yes,36.07876944,-79.55936667,Non-Intersection,Dawn,Clear,Unknown,Unknown,Unknown EMS Scene Arrival Hour,Unknown EMS Scene Arrival Minutes,Not Applicable (Not Transported),Not Applicable (Not Transported),1,Twilight,Clear,0,1,[],[],0,0,Valid,0.0,1.0,24.0,24.0,['Male'],0,0,3,1,4,Dry,Straight,Level,Lowest,No
24552,37,North Carolina,370975,0,2,2,0,3,NOT APPLICABLE,September,14,Thursday,4,46,Rural,High Speed (Arterial),Yes,36.21973056,-77.74988889,Non-Intersection,Dark - Not Lighted,Clear,4:00am-4:59am,42,5:00am-5:59am,32,Unknown,Unknown EMS Hospital Arrival Time,1,Dark - Unlighted,Clear,1,2,['Driver'],['None_Used'],1,1,Valid,0.0,1.0,49.0,38.0,"['Male', 'Male']",1,0,2,4,5,Dry,Straight,Level,Lowest,No
24553,37,North Carolina,370976,0,2,2,0,2,WAYNESVILLE,September,25,Monday,7,45,Urban,High Speed (Arterial),Yes,35.46345556,-83.01293056,Non-Intersection,Daylight,Clear,7:00am-7:59am,47,7:00am-7:59am,50,Not Applicable (Not Transported),Not Applicable (Not Transported),1,Daylight,Clear,1,1,['Driver'],['None_Used'],0,0,Valid,2.0,5.0,52.0,23.0,"['Male', 'Male']",1,0,5,4,5,Dry,Straight,Level,Lowest,No