,State_Code,State_Name,Crash_ID,Count_Non_Motorists,Count_Vehicles_Total,Count_Vehicle_Forms,Count_PVH_Involved,Count_Occupants_MV,City_Name,Month_Name,Day_of_Month,Day_of_Week,Crash_Hour,Crash_Minute,Area_Rural_Urban,Road_Functional_Class,On_NHS_Road,Latitude,Longitude,Intersection_Type,Light_Condition,Weather_Condition,Notif_Hour,Notif_Minute,Arrival_Hour,Arrival_Minute,Hospital_Hour,Hospital_Minute,Fatalities_Count,Clean_Light_Condition,Clean_Weather_Condition,Total_Killed,Total_Alive,Fatal_Seats_List,Killed_Restraint_List,Any_Driver_Drinking,Total_Drinking_Drivers,Driver_License_Category,Driver_Max_Prev_Accident_Count,Driver_Max_Prev_Speeding_Count,Max_Driver_Age,Min_Driver_Age,Driver_Sex_List,Total_Exceeding_Limit_Vehicles,Total_Too_Fast_Vehicles,Max_Vehicle_Type_Severity_5,Max_Vehicle_Damage_Rank,Max_Harmful_Event_Severity,Crash_Road_Surface_Condition,Crash_Horizontal_Alignment,Crash_Vertical_Profile,Crash_Impairment_Category,Crash_Vehicle_Defect
24554,37,North Carolina,370977,0,2,2,0,2,NOT APPLICABLE,September,26,Tuesday,16,56,Rural,High Speed (Arterial),Yes,35.51296667,-82.97629722,Non-Intersection,Daylight,Clear,4:00pm-4:59pm,54,5:00pm-5:59pm,0,Not Applicable (Not Transported),Not Applicable (Not Transported),1,Daylight,Clear,1,1,['Driver'],['None_Used'],0,0,Valid,1.0,3.0,60.0,37.0,"['Male', 'Female']",1,0,5,4,5,Dry,Straight,Level,Lowest,No
24555,37,North Carolina,370978,1,1,1,0,1,NOT APPLICABLE,September,26,Tuesday,20,8,Rural,High Speed (Arterial),Yes,35.35555833,-82.42515556,Non-Intersection,Dark - Not Lighted,Clear,8:00pm-8:59pm,10,8:00pm-8:59pm,17,Not Applicable (Not Transported),Not Applicable (Not Transported),1,Dark - Unlighted,Clear,0,1,[],[],0,0,Valid,0.0,0.0,17.0,17.0,['Female'],0,0,3,2,4,Dry,Straight,Level,Lowest,No
24556,37,North Carolina,370979,0,1,1,0,3,NOT APPLICABLE,September,9,Saturday,3,24,Rural,Low Speed (Local),No,35.51543889,-80.939,Non-Intersection,Dark - Not Lighted,Clear,Unknown,Unknown,Unknown EMS Scene Arrival Hour,Unknown EMS Scene Arrival Minutes,Unknown,Unknown EMS Hospital Arrival Time,1,Dark - Unlighted,Clear,1,2,['Driver'],['Shoulder_Lapbelt'],0,0,Valid,0.0,0.0,16.0,16.0,['Female'],3,0,2,4,3,Wet/Standing Water,Curve,Level,Lowest,No
24557,37,North Carolina,370980,1,1,1,0,2,NOT APPLICABLE,September,10,Sunday,2,54,Rural,High Speed (Arterial),Yes,34.91661111,-77.23660556,Non-Intersection,Dark - Not Lighted,Clear,2:00am-2:59am,53,3:00am-3:59am,7,3:00am-3:59am,48,1,Dark - Unlighted,Clear,0,2,[],[],0,0,Valid,0.0,0.0,22.0,22.0,['Male'],0,0,3,2,4,Dry,Straight,Level,Lowest,No
24558,37,North Carolina,370981,1,1,1,0,1,NOT APPLICABLE,September,16,Saturday,19,51,Rural,Low Speed (Local),No,35.45884722,-78.18893611,Non-Intersection,Dark - Not Lighted,Clear,Unknown,Unknown,Unknown EMS Scene Arrival Hour,Unknown EMS Scene Arrival Minutes,Unknown,Unknown EMS Hospital Arrival Time,1,Dark - Unlighted,Clear,0,1,[],[],0,0,Valid,0.0,1.0,46.0,46.0,['Male'],0,0,3,2,4,Dry,Straight,Level,Lowest,No
24559,37,North Carolina,370982,0,1,1,0,2,NOT APPLICABLE,August,6,Sunday,21,3,Rural,High Speed (Arterial),Yes,35.8817,-78.58958611,Non-Intersection,Dark - Not Lighted,Clear,9:00pm-9:59pm,14,9:00pm-9:59pm,23,9:00pm-9:59pm,46,1,Dark - Unlighted,Clear,1,1,['Driver'],['Shoulder_Lapbelt'],0,0,Valid,0.0,0.0,19.0,19.0,['Female'],2,0,2,4,3,Dry,Straight,Level,Lowest,No
24560,37,North Carolina,370983,0,2,2,0,2,RALEIGH,August,31,Thursday,19,21,Urban,High Speed (Arterial),Yes,35.82429444,-78.61865278,Non-Intersection,Daylight,Clear,6:00pm-6:59pm,57,6:00pm-6:59pm,59,7:00pm-7:59pm,17,1,Daylight,Clear,1,1,['Driver'],['None_Used'],0,0,Invalid,0.0,0.0,67.0,31.0,"['Female', 'Male']",0,0,5,4,5,Dry,Straight,Grade/Hillcrest,Lowest,No
24561,37,North Carolina,370984,0,2,2,0,4,NOT APPLICABLE,September,13,Wednesday,13,38,Rural,High Speed (Arterial),Yes,35.19802222,-83.80060278,Simple Junction,Daylight,Clear,1:00pm-1:59pm,36,1:00pm-1:59pm,38,2:00pm-2:59pm,25,1,Daylight,Clear,1,3,['Driver'],['Shoulder_Lapbelt'],0,0,Invalid,0.0,0.0,59.0,55.0,"['Male', 'Female']",0,0,3,4,5,Dry,Straight,Grade/Hillcrest,Lowest,No
24562,37,North Carolina,370985,0,1,1,0,2,NOT APPLICABLE,September,13,Wednesday,9,55,Rural,Medium Speed (Collector),No,35.19474444,-77.30671389,Non-Intersection,Daylight,Clear,9:00am-9:59am,50,9:00am-9:59am,56,Not Applicable (Not Transported),Not Applicable (Not Transported),2,Daylight,Clear,2,0,"['Driver', 'Rear_Seat']","['None_Used', 'None_Used']",0,0,Valid,0.0,0.0,51.0,51.0,['Male'],0,0,5,4,3,Dry,Curve,Level,Lowest,No
24563,37,North Carolina,370986,0,3,3,0,7,MIDLAND,September,20,Wednesday,7,52,Urban,Medium Speed (Collector),No,35.24955,-80.53730833,Non-Intersection,Dawn,Clear,7:00am-7:59am,53,7:00am-7:59am,57,Unknown,Unknown EMS Hospital Arrival Time,3,Twilight,Clear,3,4,"['Front_Passenger', 'Rear_Seat', 'Rear_Seat']","['None_Used', 'None_Used', 'None_Used']",0,0,Invalid,2.0,1.0,61.0,19.0,"['Male', 'Male', 'Female']",0,0,3,4,5,Dry,Straight,Grade/Hillcrest,Lowest,No
24564,37,North Carolina,370987,1,2,2,0,2,NOT APPLICABLE,September,26,Tuesday,6,27,Rural,High Speed (Arterial),No,35.213,-78.94626389,Non-Intersection,Dark - Not Lighted,Cloudy,Unknown,Unknown,Unknown EMS Scene Arrival Hour,Unknown EMS Scene Arrival Minutes,Not Applicable (Not Transported),Not Applicable (Not Transported),1,Dark - Unlighted,Reduced Visibility,0,2,[],[],0,0,Valid,2.0,1.0,32.0,26.0,"['Female', 'Female']",0,0,3,4,4,Dry,Straight,Level,Lowest,No
24565,37,North Carolina,370988,0,2,2,0,4,NOT APPLICABLE,September,26,Tuesday,7,27,Rural,Low Speed (Local),No,36.24591667,-80.92579167,Non-Intersection,Daylight,Cloudy,7:00am-7:59am,26,7:00am-7:59am,43,8:00am-8:59am,2,1,Daylight,Reduced Visibility,1,3,['Driver'],['None_Used'],0,0,Invalid,0.0,3.0,48.0,29.0,"['Male', 'Female']",0,0,3,4,5,Dry,Straight,Level,Lowest,No
24566,37,North Carolina,370989,0,1,1,0,1,NOT APPLICABLE,September,21,Thursday,4,39,Rural,Low Speed (Local),No,36.08595278,-76.77128056,Simple Junction,Dark - Not Lighted,Clear,4:00am-4:59am,35,4:00am-4:59am,46,Not Applicable (Not Transported),Not Applicable (Not Transported),1,Dark - Unlighted,Clear,1,0,['Driver'],['None_Used'],0,0,Invalid,0.0,0.0,47.0,47.0,['Male'],1,0,3,4,2,Dry,Straight,Level,Lowest,No
24567,37,North Carolina,370990,0,2,2,0,2,NOT APPLICABLE,September,16,Saturday,20,21,Rural,Low Speed (Local),No,35.74496944,-81.16075,Non-Intersection,Dark - Not Lighted,Clear,8:00pm-8:59pm,22,8:00pm-8:59pm,28,9:00pm-9:59pm,5,1,Dark - Unlighted,Clear,1,1,['Driver'],['None_Used'],0,0,Valid,1.0,0.0,59.0,32.0,"['Male', 'Male']",0,0,3,4,5,Dry,Straight,Grade/Hillcrest,Lowest,No
24568,37,North Carolina,370991,0,2,2,0,3,GREENSBORO,September,30,Saturday,2,7,Urban,High Speed (Arterial),Yes,36.08775556,-79.76736667,Non-Intersection,Dark - Not Lighted,Clear,2:00am-2:59am,10,2:00am-2:59am,21,2:00am-2:59am,54,1,Dark - Unlighted,Clear,1,2,['Driver'],['None_Used'],1,2,Valid,0.0,1.0,34.0,30.0,"['Male', 'Female']",3,0,2,4,5,Dry,Straight,Level,Lowest,No
24569,37,North Carolina,370992,0,1,1,0,2,NOT APPLICABLE,September,10,Sunday,22,51,Rural,Medium Speed (Collector),No,35.47537778,-79.236475,Simple Junction,Dark - Not Lighted,Clear,Unknown,Unknown,Unknown EMS Scene Arrival Hour,Unknown EMS Scene Arrival Minutes,Unknown,Unknown EMS Hospital Arrival Time,1,Dark - Unlighted,Clear,1,1,['Rear_Seat'],['Child_Safety'],0,0,Valid,0.0,1.0,31.0,31.0,['Male'],0,0,2,4,3,Dry,Straight,Level,Lowest,No
24570,37,North Carolina,370993,0,1,1,0,1,NOT APPLICABLE,September,30,Saturday,20,46,Rural,Medium Speed (Collector),No,35.37985278,-79.17069444,Non-Intersection,Dark - Not Lighted,Clear,Unknown,Unknown,Unknown EMS Scene Arrival Hour,Unknown EMS Scene Arrival Minutes,Unknown,Unknown EMS Hospital Arrival Time,1,Dark - Unlighted,Clear,1,0,['Driver'],['None_Used'],0,0,Valid,2.0,0.0,41.0,41.0,['Male'],1,0,2,4,3,Dry,Straight,Level,Lowest,No
24571,37,North Carolina,370994,0,1,1,0,1,NOT APPLICABLE,September,1,Friday,3,9,Rural,Low Speed (Local),No,35.24771944,-77.77846111,Non-Intersection,Dark - Not Lighted,Clear,3:00am-3:59am,1,3:00am-3:59am,20,Not Applicable (Not Transported),Not Applicable (Not Transported),1,Dark - Unlighted,Clear,1,0,['Driver'],['None_Used'],0,0,Valid,1.0,4.0,21.0,21.0,['Male'],0,0,3,4,3,Dry,Curve,Level,Lowest,No
24572,37,North Carolina,370996,0,1,1,0,1,NOT APPLICABLE,September,2,Saturday,19,9,Rural,Low Speed (Local),No,35.45842222,-81.27860556,Non-Intersection,Daylight,Clear,7:00pm-7:59pm,8,7:00pm-7:59pm,13,8:00pm-8:59pm,0,1,Daylight,Clear,1,0,['Driver'],['None_Used'],0,0,Invalid,1.0,0.0,41.0,41.0,['Male'],1,0,5,4,3,Dry,Curve,Grade/Hillcrest,Lowest,No
24573,37,North Carolina,370997,0,2,2,0,5,CHARLOTTE,September,3,Sunday,20,57,Urban,Low Speed (Local),No,35.09104722,-80.78725556,Simple Junction,Dark - Lighted,Clear,8:00pm-8:59pm,56,9:00pm-9:59pm,9,9:00pm-9:59pm,30,1,Dark - Lighted,Clear,1,4,['Front_Passenger'],['Shoulder_Lapbelt'],1,1,Invalid,0.0,0.0,17.0,16.0,"['Male', 'Male']",3,0,3,4,5,Dry,Straight,Grade/Hillcrest,Lowest,No
24574,37,North Carolina,370998,0,3,2,1,2,CHARLOTTE,September,13,Wednesday,20,13,Urban,Medium Speed (Collector),No,35.10209444,-80.95166111,Non-Intersection,Dark - Lighted,Clear,8:00pm-8:59pm,12,8:00pm-8:59pm,18,8:00pm-8:59pm,47,1,Dark - Lighted,Clear,1,1,['Driver'],['None_Used'],1,1,Valid,1.0,0.0,49.0,25.0,"['Male', 'Female']",1,0,5,4,5,Dry,Straight,Level,Lowest,No
24575,37,North Carolina,370999,0,2,2,0,2,CHARLOTTE,September,11,Monday,9,54,Urban,High Speed (Arterial),Yes,35.24694722,-80.78116111,Complex/Circle,Daylight,Clear,9:00am-9:59am,53,9:00am-9:59am,57,Not Applicable (Not Transported),Not Applicable (Not Transported),1,Daylight,Clear,1,1,['Driver'],['None_Used'],0,0,Valid,0.0,0.0,35.0,23.0,"['Female', 'Male']",1,0,5,4,5,Dry,Straight,Level,Lowest,No
24576,37,North Carolina,371000,0,2,2,0,3,CHARLOTTE,September,16,Saturday,20,20,Urban,Low Speed (Local),No,35.33316111,-80.78954167,Complex/Circle,Dark - Lighted,Clear,8:00pm-8:59pm,19,8:00pm-8:59pm,27,9:00pm-9:59pm,7,1,Dark - Lighted,Clear,1,2,['Driver'],['None_Used'],1,1,Valid,0.0,0.0,43.0,27.0,"['Male', 'Male']",2,0,3,4,5,Dry,Straight,Level,Lowest,No
24577,37,North Carolina,371001,0,2,2,0,4,CHARLOTTE,September,17,Sunday,2,50,Urban,Low Speed (Local),No,35.18356389,-80.75323889,Complex/Circle,Dark - Lighted,Cloudy,2:00am-2:59am,50,3:00am-3:59am,1,3:00am-3:59am,27,1,Dark - Lighted,Reduced Visibility,1,3,['Front_Passenger'],['Shoulder_Lapbelt'],1,1,Invalid,0.0,1.0,31.0,19.0,"['Male', 'Female']",2,0,3,4,5,Dry,Straight,Grade/Hillcrest,Lowest,No
24578,37,North Carolina,371002,0,2,2,0,2,CHARLOTTE,September,18,Monday,12,52,Urban,Low Speed (Local),No,35.14006667,-80.94486389,Non-Intersection,Daylight,Clear,12:00pm-12:59pm,52,12:00pm-12:59pm,56,Not Applicable (Not Transported),Not Applicable (Not Transported),1,Daylight,Clear,1,1,['Driver'],['None_Used'],0,0,Valid,2.0,1.0,67.0,46.0,"['Male', 'Male']",0,0,3,4,5,Dry,Straight,Level,Lowest,No
24579,37,North Carolina,371003,0,2,2,0,5,CHARLOTTE,September,19,Tuesday,17,46,Urban,Medium Speed (Collector),No,35.13794167,-80.8814,Non-Intersection,Daylight,Clear,5:00pm-5:59pm,45,5:00pm-5:59pm,51,6:00pm-6:59pm,29,1,Daylight,Clear,1,4,['Rear_Seat'],['None_Used'],0,0,Invalid,0.0,0.0,61.0,15.0,"['Female', 'Male']",0,0,3,4,5,Dry,Curve,Level,Lowest,No
24580,37,North Carolina,371004,0,1,1,0,1,CHARLOTTE,September,20,Wednesday,22,50,Urban,High Speed (Arterial),Yes,35.2701,-80.85956389,Non-Intersection,Dark - Lighted,Clear,10:00pm-10:59pm,45,10:00pm-10:59pm,50,Not Applicable (Not Transported),Not Applicable (Not Transported),1,Dark - Lighted,Clear,1,0,['Driver'],['None_Used'],1,1,Valid,4.0,1.0,45.0,45.0,['Male'],1,0,3,4,3,Dry,Straight,Level,Lowest,No
24581,37,North Carolina,371005,0,1,1,0,2,CHARLOTTE,September,23,Saturday,0,59,Urban,Medium Speed (Collector),No,35.24913611,-80.77072778,Non-Intersection,Dark - Lighted,Clear,0:00am-0:59am,59,1:00am-1:59am,8,1:00am-1:59am,59,1,Dark - Lighted,Clear,1,1,['Front_Passenger'],['Shoulder_Lapbelt'],1,1,Invalid,0.0,0.0,31.0,31.0,['Male'],2,0,2,4,3,Dry,Curve,Level,Lowest,No
24582,37,North Carolina,371006,0,2,2,0,4,ABERDEEN,September,9,Saturday,22,52,Urban,High Speed (Arterial),Yes,35.15692222,-79.41366944,Non-Intersection,Dark - Lighted,Cloudy,10:00pm-10:59pm,52,10:00pm-10:59pm,56,11:00pm-11:59pm,17,2,Dark - Lighted,Reduced Visibility,2,2,"['Front_Passenger', 'Rear_Seat']","['Shoulder_Lapbelt', 'None_Used']",1,1,Invalid,1.0,0.0,57.0,47.0,"['Male', 'Male']",1,0,3,4,5,Wet/Standing Water,Straight,Level,Lowest,No
24583,37,North Carolina,371007,0,3,3,0,5,SOUTHERN PINES,September,11,Monday,17,21,Urban,Medium Speed (Collector),No,35.178125,-79.42885556,Non-Intersection,Daylight,Clear,5:00pm-5:59pm,18,5:00pm-5:59pm,24,Not Applicable (Not Transported),Not Applicable (Not Transported),1,Daylight,Clear,1,4,['Driver'],['Shoulder_Lapbelt'],0,0,Valid,0.0,0.0,65.0,44.0,"['Male', 'Female', 'Female']",0,0,3,4,5,Dry,Straight,Grade/Hillcrest,Lowest,No
24584,37,North Carolina,371008,0,2,2,0,2,ROCKY MOUNT,September,26,Tuesday,16,55,Urban,Medium Speed (Collector),No,35.94233611,-77.8021,Non-Intersection,Daylight,Clear,Unknown,Unknown,Unknown EMS Scene Arrival Hour,Unknown EMS Scene Arrival Minutes,Unknown,Unknown EMS Hospital Arrival Time,1,Daylight,Clear,1,1,['Driver'],['None_Used'],0,0,Valid,0.0,1.0,75.0,35.0,"['Male', 'Male']",1,0,2,4,5,Dry,Straight,Level,Lowest,No
24585,37,North Carolina,371009,1,1,1,0,1,NOT APPLICABLE,September,13,Wednesday,22,27,Rural,High Speed (Arterial),Yes,34.28798056,-77.96746111,Non-Intersection,Dark - Not Lighted,Rain,Unknown,Unknown,Unknown EMS Scene Arrival Hour,Unknown EMS Scene Arrival Minutes,Unknown,Unknown EMS Hospital Arrival Time,1,Dark - Unlighted,Rain/Wind/Minor,0,1,[],[],0,0,Valid,0.0,0.0,19.0,19.0,['Female'],0,0,3,4,4,Wet/Standing Water,Straight,Level,Lowest,No
24586,37,North Carolina,371010,0,3,3,0,4,NOT APPLICABLE,September,27,Wednesday,17,50,Rural,Medium Speed (Collector),No,34.28588889,-77.87530278,Complex/Circle,Daylight,Clear,5:00pm-5:59pm,52,5:00pm-5:59pm,59,6:00pm-6:59pm,19,1,Daylight,Clear,1,3,['Driver'],['None_Used'],0,0,Valid,1.0,0.0,72.0,36.0,"['Male', 'Female', 'Male']",0,0,3,4,5,Dry,Straight,Level,Lowest,No
24587,37,North Carolina,371011,0,2,2,0,2,NOT APPLICABLE,September,2,Saturday,19,57,Rural,High Speed (Arterial),No,34.35393611,-77.89379444,Non-Intersection,Daylight,Clear,Unknown,Unknown,Unknown EMS Scene Arrival Hour,Unknown EMS Scene Arrival Minutes,Unknown,Unknown EMS Hospital Arrival Time,1,Daylight,Clear,1,1,['Driver'],['None_Used'],0,0,Valid,3.0,0.0,75.0,43.0,"['Male', 'Male']",1,0,5,4,5,Dry,Straight,Level,Lowest,No
24588,37,North Carolina,371012,0,2,2,0,2,WINSTON SALEM,August,6,Sunday,0,3,Urban,Medium Speed (Collector),No,36.06981111,-80.26983056,Simple Junction,Dark - Lighted,Clear,0:00am-0:59am,8,0:00am-0:59am,13,0:00am-0:59am,25,1,Dark - Lighted,Clear,1,1,['Driver'],['None_Used'],0,0,Valid,0.0,0.0,24.0,17.0,"['Male', 'Male']",1,0,5,4,5,Dry,Straight,Grade/Hillcrest,Lowest,No
24589,37,North Carolina,371013,1,1,1,0,1,WILMINGTON,August,27,Sunday,21,15,Urban,High Speed (Arterial),Yes,34.22525556,-77.93135833,Complex/Circle,Dark - Lighted,Cloudy,Unknown,Unknown,Unknown EMS Scene Arrival Hour,Unknown EMS Scene Arrival Minutes,Unknown,Unknown EMS Hospital Arrival Time,1,Dark - Lighted,Reduced Visibility,0,0,[],[],0,0,Invalid,0.0,0.0,998.0,998.0,['Other'],0,0,1,0,4,Wet/Standing Water,Straight,Level,Lowest,No
24590,37,North Carolina,371014,0,2,2,0,2,CHARLOTTE,September,19,Tuesday,22,46,Urban,Medium Speed (Collector),No,35.10464722,-80.85753056,Complex/Circle,Dark - Lighted,Clear,10:00pm-10:59pm,45,10:00pm-10:59pm,54,Not Applicable (Not Transported),Not Applicable (Not Transported),1,Dark - Lighted,Clear,1,1,['Driver'],['Shoulder_Lapbelt'],1,1,Valid,2.0,0.0,43.0,43.0,"['Male', 'Male']",1,0,3,4,5,Dry,Curve,Level,Lowest,No
24591,37,North Carolina,371015,0,1,1,0,1,CHARLOTTE,September,20,Wednesday,23,32,Urban,Medium Speed (Collector),No,35.11803333,-80.86448333,Simple Junction,Dark - Lighted,Clear,11:00pm-11:59pm,31,11:00pm-11:59pm,53,Not Applicable (Not Transported),Not Applicable (Not Transported),1,Dark - Lighted,Clear,1,0,['Driver'],['None_Used'],1,1,Invalid,0.0,0.0,28.0,28.0,['Male'],0,0,5,4,3,Dry,Curve,Level,Lowest,No
24592,37,North Carolina,371016,0,2,2,0,2,CONCORD,September,30,Saturday,18,1,Urban,Medium Speed (Collector),No,35.44714722,-80.61996667,Simple Junction,Daylight,Clear,6:00pm-6:59pm,3,6:00pm-6:59pm,7,Not Applicable (Not Transported),Not Applicable (Not Transported),1,Daylight,Clear,1,1,['Driver'],['None_Used'],0,0,Invalid,0.0,4.0,54.0,30.0,"['Female', 'Male']",0,0,5,4,5,Dry,Straight,Level,Lowest,No
24593,37,North Carolina,371017,0,2,2,0,2,CHARLOTTE,September,28,Thursday,19,38,Urban,Medium Speed (Collector),No,35.27027222,-80.81384722,Simple Junction,Dusk,Clear,7:00pm-7:59pm,37,7:00pm-7:59pm,45,Not Applicable (Not Transported),Not Applicable (Not Transported),1,Twilight,Clear,1,1,['Driver'],['None_Used'],1,1,Valid,0.0,0.0,47.0,45.0,"['Female', 'Male']",1,0,5,4,5,Dry,Straight,Level,Lowest,No
24594,37,North Carolina,371018,0,2,2,0,4,NOT APPLICABLE,September,8,Friday,22,38,Rural,Low Speed (Local),No,34.56315556,-77.39538333,Simple Junction,Dark - Not Lighted,Clear,10:00pm-10:59pm,29,10:00pm-10:59pm,42,11:00pm-11:59pm,18,1,Dark - Unlighted,Clear,1,3,['Driver'],['None_Used'],1,2,Invalid,0.0,0.0,55.0,34.0,"['Female', 'Male']",0,0,5,4,5,Dry,Straight,Level,Lowest,No
24595,37,North Carolina,371019,0,2,1,1,2,NOT APPLICABLE,September,20,Wednesday,8,26,Rural,High Speed (Arterial),Yes,34.87110278,-77.54890833,Non-Intersection,Daylight,Clear,Unknown,Unknown,Unknown EMS Scene Arrival Hour,Unknown EMS Scene Arrival Minutes,Unknown,Unknown EMS Hospital Arrival Time,1,Daylight,Clear,1,1,['Driver'],['None_Used'],0,0,Valid,0.0,0.0,58.0,58.0,['Male'],0,0,3,4,3,Dry,Curve,Level,Lowest,No
24596,37,North Carolina,371020,0,1,1,0,1,NOT APPLICABLE,September,15,Friday,16,50,Rural,Medium Speed (Collector),No,35.94702222,-79.10953333,Non-Intersection,Daylight,Clear,Unknown,Unknown,Unknown EMS Scene Arrival Hour,Unknown EMS Scene Arrival Minutes,Not Applicable (Not Transported),Not Applicable (Not Transported),1,Daylight,Clear,1,0,['Driver'],['None_Used'],0,0,Invalid,1.0,0.0,87.0,87.0,['Male'],0,0,1,4,3,Dry,Straight,Level,Lowest,No
24597,37,North Carolina,371021,0,2,2,0,3,NOT APPLICABLE,September,11,Monday,16,41,Rural,Medium Speed (Collector),No,36.20286389,-76.30508611,Non-Intersection,Daylight,Clear,4:00pm-4:59pm,37,4:00pm-4:59pm,50,5:00pm-5:59pm,49,1,Daylight,Clear,1,2,['Driver'],['Shoulder_Lapbelt'],0,0,Valid,0.0,0.0,77.0,67.0,"['Female', 'Female']",0,0,3,4,5,Dry,Straight,Level,Lowest,No
24598,37,North Carolina,371022,0,2,2,0,5,GREENVILLE,September,19,Tuesday,11,8,Urban,High Speed (Arterial),Yes,35.64806111,-77.36724167,Complex/Circle,Daylight,Clear,Unknown,Unknown,Unknown EMS Scene Arrival Hour,Unknown EMS Scene Arrival Minutes,Unknown,Unknown EMS Hospital Arrival Time,1,Daylight,Clear,1,4,['Front_Passenger'],['None_Used'],1,1,Valid,0.0,0.0,34.0,33.0,"['Female', 'Female']",3,0,2,4,5,Dry,Straight,Level,Lowest,No
24599,37,North Carolina,371023,0,2,2,0,2,NOT APPLICABLE,September,19,Tuesday,18,59,Rural,Medium Speed (Collector),No,35.32524167,-82.10533611,Simple Junction,Daylight,Clear,6:00pm-6:59pm,54,7:00pm-7:59pm,20,8:00pm-8:59pm,4,1,Daylight,Clear,1,1,['Driver'],['None_Used'],0,0,Valid,1.0,2.0,82.0,32.0,"['Male', 'Male']",0,0,4,4,5,Dry,Straight,Level,Lowest,Yes
24600,37,North Carolina,371024,0,1,1,0,1,NOT APPLICABLE,September,5,Tuesday,2,15,Rural,Low Speed (Local),No,35.53077778,-79.71248056,Non-Intersection,Dark - Not Lighted,Clear,2:00am-2:59am,13,2:00am-2:59am,24,Not Applicable (Not Transported),Not Applicable (Not Transported),1,Dark - Unlighted,Clear,1,0,['Driver'],['None_Used'],0,0,Valid,0.0,0.0,28.0,28.0,['Female'],1,0,3,4,3,Dry,Straight,Grade/Hillcrest,Lowest,No
24601,37,North Carolina,371025,1,1,1,0,1,NOT APPLICABLE,September,11,Monday,6,20,Rural,Medium Speed (Collector),No,34.58884444,-78.98496667,Non-Intersection,Dark - Not Lighted,"Fog, Smog, Smoke",7:00am-7:59am,7,7:00am-7:59am,13,8:00am-8:59am,2,1,Dark - Unlighted,Reduced Visibility,0,1,[],[],0,0,Valid,1.0,0.0,72.0,72.0,['Female'],0,0,3,2,4,Dry,Straight,Level,Lowest,No
24602,37,North Carolina,371026,0,1,1,0,2,ASHEVILLE,September,23,Saturday,2,29,Urban,Low Speed (Local),No,35.59111944,-82.56303889,Non-Intersection,Dark - Lighted,Clear,2:00am-2:59am,35,2:00am-2:59am,41,Not Applicable (Not Transported),Not Applicable (Not Transported),2,Dark - Lighted,Clear,2,0,"['Driver', 'Front_Passenger']","['None_Used', 'None_Used']",0,0,Invalid,0.0,0.0,32.0,32.0,['Female'],2,0,2,4,3,Dry,Straight,Grade/Hillcrest,Lowest,No
24603,37,North Carolina,371027,1,1,1,0,1,NOT APPLICABLE,September,27,Wednesday,19,37,Rural,Medium Speed (Collector),No,36.12546944,-78.93488056,Non-Intersection,Dark - Not Lighted,Clear,7:00pm-7:59pm,29,7:00pm-7:59pm,40,Not Applicable (Not Transported),Not Applicable (Not Transported),1,Dark - Unlighted,Clear,0,1,[],[],0,0,Valid,1.0,1.0,31.0,31.0,['Male'],0,0,2,4,4,Dry,Straight,Grade/Hillcrest,Lowest,No
24604,37,North Carolina,371028,0,2,2,0,4,NOT APPLICABLE,September,30,Saturday,19,34,Rural,Low Speed (Local),No,35.35918333,-80.57005278,Non-Intersection,Dusk,Clear,7:00pm-7:59pm,28,7:00pm-7:59pm,35,8:00pm-8:59pm,16,1,Twilight,Clear,1,3,['Driver'],['None_Used'],0,0,Invalid,1.0,0.0,67.0,31.0,"['Male', 'Female']",0,0,2,4,5,Dry,Curve,Grade/Hillcrest,Lowest,No
24605,37,North Carolina,371029,0,2,2,0,2,CHARLOTTE,September,30,Saturday,2,26,Urban,High Speed (Arterial),Yes,35.26105556,-80.87958611,Non-Intersection,Dark - Lighted,Clear,2:00am-2:59am,29,2:00am-2:59am,40,Not Applicable (Not Transported),Not Applicable (Not Transported),1,Dark - Lighted,Clear,1,1,['Driver'],['None_Used'],1,1,Valid,1.0,1.0,49.0,21.0,"['Male', 'Male']",1,0,5,4,5,Dry,Straight,Level,Lowest,No
24606,37,North Carolina,371030,0,2,2,0,5,NOT APPLICABLE,September,15,Friday,5,39,Rural,Medium Speed (Collector),No,34.70748056,-79.06775833,Simple Junction,Dark - Not Lighted,Clear,5:00am-5:59am,40,5:00am-5:59am,47,6:00am-6:59am,37,1,Dark - Unlighted,Clear,1,4,['Driver'],['Shoulder_Lapbelt'],0,0,Invalid,0.0,1.0,44.0,19.0,"['Male', 'Female']",0,0,3,4,5,Dry,Straight,Level,Lowest,No
24607,37,North Carolina,371031,0,1,1,0,4,NOT APPLICABLE,September,30,Saturday,3,8,Rural,Medium Speed (Collector),No,34.46290833,-79.20716111,Non-Intersection,Dark - Not Lighted,Clear,2:00am-2:59am,29,3:00am-3:59am,2,Not Applicable (Not Transported),Not Applicable (Not Transported),2,Dark - Unlighted,Clear,2,2,"['Driver', 'Rear_Seat']","['None_Used', 'None_Used']",0,0,Invalid,1.0,0.0,31.0,31.0,['Male'],4,0,3,4,3,Dry,Straight,Level,Lowest,No