,State_Code,State_Name,Crash_ID,Count_Non_Motorists,Count_Vehicles_Total,Count_Vehicle_Forms,Count_PVH_Involved,Count_Occupants_MV,City_Name,Month_Name,Day_of_Month,Day_of_Week,Crash_Hour,Crash_Minute,Area_Rural_Urban,Road_Functional_Class,On_NHS_Road,Latitude,Longitude,Intersection_Type,Light_Condition,Weather_Condition,Notif_Hour,Notif_Minute,Arrival_Hour,Arrival_Minute,Hospital_Hour,Hospital_Minute,Fatalities_Count,Clean_Light_Condition,Clean_Weather_Condition,Total_Killed,Total_Alive,Fatal_Seats_List,Killed_Restraint_List,Any_Driver_Drinking,Total_Drinking_Drivers,Driver_License_Category,Driver_Max_Prev_Accident_Count,Driver_Max_Prev_Speeding_Count,Max_Driver_Age,Min_Driver_Age,Driver_Sex_List,Total_Exceeding_Limit_Vehicles,Total_Too_Fast_Vehicles,Max_Vehicle_Type_Severity_5,Max_Vehicle_Damage_Rank,Max_Harmful_Event_Severity,Crash_Road_Surface_Condition,Crash_Horizontal_Alignment,Crash_Vertical_Profile,Crash_Impairment_Category,Crash_Vehicle_Defect
24608,37,North Carolina,371032,0,4,4,0,6,NOT APPLICABLE,September,1,Friday,10,56,Rural,High Speed (Arterial),Yes,36.34296111,-79.943725,Non-Intersection,Daylight,Clear,10:00am-10:59am,56,11:00am-11:59am,11,11:00am-11:59am,48,2,Daylight,Clear,2,4,"['Driver', 'Rear_Seat']","['None_Used', 'None_Used']",0,0,Valid,0.0,1.0,51.0,33.0,"['Male', 'Male', 'Male', 'Male']",0,0,5,4,2,Dry,Straight,Grade/Hillcrest,Lowest,No
24609,37,North Carolina,371033,0,1,1,0,2,NOT APPLICABLE,September,27,Wednesday,14,25,Rural,Low Speed (Local),No,36.43783611,-79.61894444,Non-Intersection,Daylight,Cloudy,2:00pm-2:59pm,17,2:00pm-2:59pm,28,Not Applicable (Not Transported),Not Applicable (Not Transported),2,Daylight,Reduced Visibility,2,0,"['Driver', 'Front_Passenger']","['Shoulder_Lapbelt', 'Shoulder_Lapbelt']",1,1,Valid,2.0,0.0,56.0,56.0,['Male'],2,0,2,4,3,Dry,Straight,Level,Lowest,No
24610,37,North Carolina,371034,0,2,2,0,2,LAURINBURG,September,18,Monday,15,21,Urban,High Speed (Arterial),Yes,34.75969722,-79.48158889,Complex/Circle,Daylight,Clear,Unknown,Unknown,Unknown EMS Scene Arrival Hour,Unknown EMS Scene Arrival Minutes,Unknown,Unknown EMS Hospital Arrival Time,1,Daylight,Clear,1,1,['Driver'],['Shoulder_Lapbelt'],0,0,Valid,2.0,1.0,79.0,28.0,"['Male', 'Female']",0,0,3,4,5,Dry,Straight,Level,Lowest,No
24611,37,North Carolina,371035,0,1,1,0,2,NOT APPLICABLE,September,7,Thursday,21,44,Rural,Medium Speed (Collector),No,36.45418333,-80.60592778,Non-Intersection,Dark - Not Lighted,Rain,9:00pm-9:59pm,46,9:00pm-9:59pm,53,11:00pm-11:59pm,6,1,Dark - Unlighted,Rain/Wind/Minor,1,1,['Front_Passenger'],['Shoulder_Lapbelt'],0,0,Invalid,2.0,0.0,39.0,39.0,['Male'],2,0,3,4,3,Wet/Standing Water,Curve,Grade/Hillcrest,Lowest,No
24612,37,North Carolina,371036,0,2,2,0,2,UNIONVILLE,September,10,Sunday,17,20,Urban,Medium Speed (Collector),No,35.08348889,-80.53134722,Non-Intersection,Daylight,Clear,5:00pm-5:59pm,20,5:00pm-5:59pm,27,6:00pm-6:59pm,20,1,Daylight,Clear,1,1,['Driver'],['Shoulder_Lapbelt'],0,0,Valid,0.0,0.0,57.0,48.0,"['Male', 'Female']",0,0,4,4,5,Dry,Straight,Level,Lowest,No
24613,37,North Carolina,371037,0,2,2,0,6,NOT APPLICABLE,September,4,Monday,13,5,Rural,Medium Speed (Collector),No,35.35530278,-83.55301111,Non-Intersection,Daylight,Clear,Unknown,Unknown,Unknown EMS Scene Arrival Hour,Unknown EMS Scene Arrival Minutes,Unknown,Unknown EMS Hospital Arrival Time,1,Daylight,Clear,1,5,['Driver'],['Shoulder_Lapbelt'],0,0,Valid,0.0,0.0,82.0,34.0,"['Male', 'Male']",0,0,3,4,5,Dry,Straight,Non-Trafficway,Lowest,No
24614,37,North Carolina,371038,1,1,1,0,1,NOT APPLICABLE,September,27,Wednesday,19,52,Rural,Low Speed (Local),No,34.84173611,-80.41467778,Non-Intersection,Dark - Not Lighted,Clear,7:00pm-7:59pm,50,8:00pm-8:59pm,2,Not Applicable (Not Transported),Not Applicable (Not Transported),1,Dark - Unlighted,Clear,0,1,[],[],1,1,Valid,2.0,0.0,39.0,39.0,['Male'],0,0,2,1,4,Dry,Straight,Grade/Hillcrest,Lowest,No
24615,37,North Carolina,371039,0,1,1,0,1,GARNER,September,17,Sunday,19,58,Urban,Low Speed (Local),No,35.6633,-78.6133,Non-Intersection,Dark - Not Lighted,Rain,7:00pm-7:59pm,58,8:00pm-8:59pm,4,Not Applicable (Not Transported),Not Applicable (Not Transported),1,Dark - Unlighted,Rain/Wind/Minor,1,0,['Driver'],['None_Used'],0,0,Valid,0.0,0.0,17.0,17.0,['Male'],1,0,3,4,3,Wet/Standing Water,Curve,Grade/Hillcrest,Lowest,No
24616,37,North Carolina,371040,1,1,1,0,1,GOLDSBORO,September,16,Saturday,2,25,Urban,High Speed (Arterial),Yes,35.39901389,-78.00913889,Non-Intersection,Dark - Lighted,Clear,Unknown,Unknown,Unknown EMS Scene Arrival Hour,Unknown EMS Scene Arrival Minutes,Unknown,Unknown EMS Hospital Arrival Time,1,Dark - Lighted,Clear,0,1,[],[],0,0,Valid,0.0,0.0,27.0,27.0,['Female'],0,0,3,4,4,Dry,Straight,Level,Lowest,No
24617,37,North Carolina,371042,0,2,2,0,2,WILSON,September,13,Wednesday,15,49,Urban,High Speed (Arterial),No,35.71949167,-77.91383333,Complex/Circle,Daylight,Clear,3:00pm-3:59pm,49,3:00pm-3:59pm,59,Not Applicable (Not Transported),Not Applicable (Not Transported),1,Daylight,Clear,1,1,['Driver'],['Shoulder_Lapbelt'],0,0,Valid,0.0,0.0,29.0,19.0,"['Male', 'Male']",1,0,3,4,5,Dry,Straight,Level,Lowest,No
24618,37,North Carolina,371043,1,1,1,0,1,WILSON,September,15,Friday,22,49,Urban,High Speed (Arterial),Yes,35.70766944,-77.909225,Non-Intersection,Dark - Not Lighted,Clear,10:00pm-10:59pm,51,10:00pm-10:59pm,55,Not Applicable (Not Transported),Not Applicable (Not Transported),1,Dark - Unlighted,Clear,0,1,[],[],1,1,Invalid,0.0,0.0,36.0,36.0,['Male'],0,0,3,2,4,Dry,Straight,Level,Lowest,No
24619,37,North Carolina,371044,0,2,2,0,2,WILSON,September,26,Tuesday,20,2,Urban,High Speed (Arterial),No,35.71957778,-77.949075,Non-Intersection,Dark - Lighted,Clear,8:00pm-8:59pm,4,8:00pm-8:59pm,7,Not Applicable (Not Transported),Not Applicable (Not Transported),1,Dark - Lighted,Clear,1,1,['Driver'],['None_Used'],0,0,Valid,1.0,0.0,30.0,19.0,"['Female', 'Male']",1,0,5,4,5,Dry,Straight,Level,Lowest,No
24620,37,North Carolina,371045,0,1,1,0,4,NOT APPLICABLE,September,30,Saturday,5,47,Rural,High Speed (Arterial),Yes,35.75361389,-78.02448056,Non-Intersection,Dark - Not Lighted,Clear,5:00am-5:59am,51,6:00am-6:59am,3,6:00am-6:59am,33,1,Dark - Unlighted,Clear,1,3,['Front_Passenger'],['Shoulder_Lapbelt'],0,0,Valid,0.0,0.0,18.0,18.0,['Male'],0,0,3,4,3,Dry,Straight,Level,Medium,No
24621,37,North Carolina,371046,0,2,2,0,3,NOT APPLICABLE,September,29,Friday,18,41,Rural,High Speed (Arterial),Yes,34.14283611,-77.89605278,Complex/Circle,Dark - Not Lighted,Clear,6:00pm-6:59pm,39,6:00pm-6:59pm,42,7:00pm-7:59pm,10,1,Dark - Unlighted,Clear,1,2,['Front_Passenger'],['Shoulder_Lapbelt'],1,1,Valid,2.0,0.0,60.0,53.0,"['Female', 'Female']",0,0,3,4,5,Dry,Straight,Level,Lowest,No
24622,37,North Carolina,371047,0,1,1,0,1,NOT APPLICABLE,September,15,Friday,16,12,Rural,Low Speed (Local),No,34.94836944,-78.72213056,Non-Intersection,Daylight,Clear,4:00pm-4:59pm,10,4:00pm-4:59pm,25,4:00pm-4:59pm,55,1,Daylight,Clear,1,0,['Driver'],['None_Used'],0,0,Valid,0.0,0.0,48.0,48.0,['Male'],0,0,5,4,2,Dry,Curve,Level,Lowest,No
24623,37,North Carolina,371048,1,1,1,0,1,NOT APPLICABLE,September,29,Friday,21,4,Rural,Low Speed (Local),No,34.83295,-79.12330556,Non-Intersection,Dark - Not Lighted,Clear,8:00pm-8:59pm,57,9:00pm-9:59pm,22,10:00pm-10:59pm,25,1,Dark - Unlighted,Clear,0,0,[],[],0,0,Invalid,0.0,0.0,999.0,999.0,['Other'],0,0,1,0,4,Dry,Straight,Level,Lowest,No
24624,37,North Carolina,371049,0,1,1,0,1,NOT APPLICABLE,September,17,Sunday,4,48,Rural,Medium Speed (Collector),No,36.21228889,-77.97243056,Non-Intersection,Dark - Not Lighted,Clear,4:00am-4:59am,35,4:00am-4:59am,50,Not Applicable (Not Transported),Not Applicable (Not Transported),1,Dark - Unlighted,Clear,1,0,['Driver'],['None_Used'],1,1,Valid,1.0,0.0,25.0,25.0,['Male'],1,0,3,4,3,Dry,Straight,Grade/Hillcrest,Lowest,No
24625,37,North Carolina,371050,0,1,1,0,1,NOT APPLICABLE,September,25,Monday,20,22,Rural,Medium Speed (Collector),No,35.404025,-83.71358889,Non-Intersection,Dark - Not Lighted,Clear,8:00pm-8:59pm,21,8:00pm-8:59pm,55,9:00pm-9:59pm,34,1,Dark - Unlighted,Clear,1,0,['Driver'],['Shoulder_Lapbelt'],0,0,Valid,0.0,0.0,73.0,73.0,['Female'],0,0,2,4,3,Dry,Curve,Grade/Hillcrest,Lowest,No
24626,37,North Carolina,371051,0,2,2,0,4,NOT APPLICABLE,September,26,Tuesday,19,0,Rural,Medium Speed (Collector),No,35.51581944,-79.05002222,Non-Intersection,Dusk,Clear,Unknown,Unknown,Unknown EMS Scene Arrival Hour,Unknown EMS Scene Arrival Minutes,Unknown,Unknown EMS Hospital Arrival Time,1,Twilight,Clear,1,3,['Front_Passenger'],['None_Used'],0,0,Valid,0.0,1.0,55.0,19.0,"['Male', 'Female']",0,0,2,4,5,Dry,Straight,Level,Lowest,No
24627,37,North Carolina,371052,1,1,1,0,1,NEWPORT,September,6,Wednesday,16,4,Urban,High Speed (Arterial),Yes,34.78361111,-76.87404444,Non-Intersection,Daylight,Clear,4:00pm-4:59pm,4,4:00pm-4:59pm,12,5:00pm-5:59pm,19,1,Daylight,Clear,0,1,[],[],0,0,Valid,0.0,0.0,25.0,25.0,['Female'],0,0,3,4,4,Dry,Straight,Level,Lowest,No
24628,37,North Carolina,371053,0,2,2,0,2,EDEN,September,25,Monday,20,24,Urban,High Speed (Arterial),Yes,36.49041389,-79.73961111,Non-Intersection,Dark - Lighted,Clear,8:00pm-8:59pm,24,8:00pm-8:59pm,24,Unknown,Unknown EMS Hospital Arrival Time,1,Dark - Lighted,Clear,1,1,['Driver'],['None_Used'],0,0,Valid,0.0,0.0,50.0,24.0,"['Male', 'Male']",0,0,5,4,5,Dry,Straight,Non-Trafficway,Lowest,No
24629,37,North Carolina,371054,0,1,1,0,1,NOT APPLICABLE,September,30,Saturday,11,21,Rural,Medium Speed (Collector),No,35.14958889,-77.17356944,Non-Intersection,Daylight,Cloudy,11:00am-11:59am,9,11:00am-11:59am,19,Not Applicable (Not Transported),Not Applicable (Not Transported),1,Daylight,Reduced Visibility,1,0,['Driver'],['None_Used'],0,0,Valid,1.0,0.0,28.0,28.0,['Male'],1,0,5,4,2,Dry,Straight,Grade/Hillcrest,Lowest,No
24630,37,North Carolina,371055,0,3,3,0,3,NOT APPLICABLE,August,27,Sunday,21,19,Rural,Medium Speed (Collector),No,35.59183889,-78.61811944,Simple Junction,Dark - Not Lighted,Rain,9:00pm-9:59pm,14,9:00pm-9:59pm,21,10:00pm-10:59pm,14,1,Dark - Unlighted,Rain/Wind/Minor,1,2,['Driver'],['Shoulder_Lapbelt'],1,1,Valid,0.0,0.0,42.0,27.0,"['Male', 'Male', 'Male']",0,0,3,4,5,Wet/Standing Water,Straight,Level,Lowest,No
24631,37,North Carolina,371056,0,3,3,0,4,ASHEVILLE,September,29,Friday,15,51,Urban,High Speed (Arterial),Yes,35.55695,-82.60628056,Non-Intersection,Daylight,Clear,5:00pm-5:59pm,38,5:00pm-5:59pm,54,6:00pm-6:59pm,15,1,Daylight,Clear,1,3,['Driver'],['None_Used'],0,0,Valid,0.0,0.0,83.0,49.0,"['Male', 'Male', 'Male']",0,0,3,4,5,Dry,Straight,Level,Lowest,No
24632,37,North Carolina,371057,0,3,3,0,3,CONCORD,September,25,Monday,19,13,Urban,High Speed (Arterial),Yes,35.42178611,-80.61561944,Simple Junction,Dark - Lighted,Clear,7:00pm-7:59pm,14,7:00pm-7:59pm,17,7:00pm-7:59pm,35,1,Dark - Lighted,Clear,1,2,['Driver'],['None_Used'],0,0,Invalid,0.0,0.0,44.0,32.0,"['Male', 'Male', 'Male']",0,0,5,4,5,Dry,Straight,Grade/Hillcrest,Lowest,No
24633,37,North Carolina,371058,0,2,2,0,2,NOT APPLICABLE,September,28,Thursday,18,6,Rural,Low Speed (Local),No,35.52980833,-80.71510833,Simple Junction,Daylight,Clear,Unknown,Unknown,Unknown EMS Scene Arrival Hour,Unknown EMS Scene Arrival Minutes,Unknown,Unknown EMS Hospital Arrival Time,1,Daylight,Clear,1,1,['Driver'],['None_Used'],0,0,Valid,0.0,0.0,23.0,22.0,"['Male', 'Male']",1,0,5,4,5,Dry,Straight,Level,Lowest,No
24634,37,North Carolina,371059,0,2,2,0,2,NOT APPLICABLE,September,2,Saturday,15,15,Rural,Low Speed (Local),No,35.671875,-81.89368056,Non-Intersection,Daylight,Clear,3:00pm-3:59pm,12,3:00pm-3:59pm,23,Not Applicable (Not Transported),Not Applicable (Not Transported),1,Daylight,Clear,1,1,['Driver'],['None_Used'],0,0,Valid,1.0,0.0,46.0,28.0,"['Male', 'Female']",0,0,5,4,5,Dry,Straight,Level,Lowest,No
24635,37,North Carolina,371061,1,1,1,0,1,NOT APPLICABLE,September,26,Tuesday,2,22,Rural,Medium Speed (Collector),No,34.91746667,-77.79566389,Complex/Circle,Dark - Not Lighted,Clear,2:00am-2:59am,13,2:00am-2:59am,19,Not Applicable (Not Transported),Not Applicable (Not Transported),1,Dark - Unlighted,Clear,0,1,[],[],0,0,Valid,0.0,1.0,21.0,21.0,['Female'],0,0,2,4,4,Dry,Straight,Level,Lowest,No
24636,37,North Carolina,371062,0,2,2,0,4,NOT APPLICABLE,September,20,Wednesday,21,28,Rural,Medium Speed (Collector),No,35.21336111,-79.20291944,Complex/Circle,Dark - Not Lighted,Clear,9:00pm-9:59pm,26,9:00pm-9:59pm,37,10:00pm-10:59pm,10,2,Dark - Unlighted,Clear,2,2,"['Driver', 'Rear_Seat']","['Shoulder_Lapbelt', 'None_Used']",0,0,Valid,0.0,0.0,46.0,23.0,"['Female', 'Female']",2,0,3,4,5,Dry,Curve,Level,Lowest,No
24637,37,North Carolina,371063,0,1,1,0,1,NOT APPLICABLE,September,23,Saturday,3,57,Rural,High Speed (Arterial),Yes,35.30786111,-81.92265,Non-Intersection,Dark - Not Lighted,Clear,3:00am-3:59am,54,4:00am-4:59am,3,Unknown,Unknown EMS Hospital Arrival Time,1,Dark - Unlighted,Clear,1,0,['Driver'],['Shoulder_Lapbelt'],0,0,Valid,0.0,0.0,20.0,20.0,['Male'],1,0,3,4,3,Dry,Straight,Level,Lowest,No
24638,37,North Carolina,371064,0,1,1,0,1,NOT APPLICABLE,October,20,Friday,18,39,Rural,Low Speed (Local),No,34.62718889,-78.6398,Non-Intersection,Daylight,Cloudy,6:00pm-6:59pm,20,6:00pm-6:59pm,24,6:00pm-6:59pm,53,1,Daylight,Reduced Visibility,1,0,['Driver'],['Shoulder_Lapbelt'],1,1,Valid,0.0,0.0,38.0,38.0,['Female'],1,0,3,4,3,Dry,Curve,Level,Lowest,No
24639,37,North Carolina,371065,0,1,1,0,1,BLACK MOUNTAIN,October,20,Friday,15,39,Urban,High Speed (Arterial),Yes,35.6105,-82.32066944,Non-Intersection,Daylight,Rain,4:00pm-4:59pm,13,4:00pm-4:59pm,34,5:00pm-5:59pm,58,1,Daylight,Rain/Wind/Minor,1,0,['Driver'],['Shoulder_Lapbelt'],0,0,Valid,0.0,0.0,41.0,41.0,['Male'],0,0,3,4,3,Wet/Standing Water,Straight,Grade/Hillcrest,Lowest,No
24640,37,North Carolina,371066,0,1,1,0,3,NOT APPLICABLE,October,9,Monday,10,47,Rural,High Speed (Arterial),Yes,35.55745,-82.48603056,Non-Intersection,Daylight,Clear,10:00am-10:59am,43,10:00am-10:59am,49,11:00am-11:59am,12,1,Daylight,Clear,1,2,['Rear_Seat'],['None_Used'],0,0,Valid,0.0,0.0,80.0,80.0,['Female'],0,0,2,4,3,Dry,Curve,Level,Lowest,No
24641,37,North Carolina,371067,0,4,4,0,7,CONCORD,October,2,Monday,10,22,Urban,Medium Speed (Collector),No,35.39785,-80.65886389,Complex/Circle,Daylight,Clear,10:00am-10:59am,23,10:00am-10:59am,28,11:00am-11:59am,7,1,Daylight,Clear,1,6,['Rear_Seat'],['Child_Safety'],0,0,Valid,2.0,0.0,74.0,36.0,"['Male', 'Female', 'Male', 'Female']",0,0,4,4,5,Dry,Straight,Level,Lowest,No
24642,37,North Carolina,371068,0,1,1,0,1,NOT APPLICABLE,October,9,Monday,1,39,Rural,Medium Speed (Collector),No,35.80728889,-81.36401111,Non-Intersection,Dark - Not Lighted,Clear,1:00am-1:59am,20,1:00am-1:59am,36,Not Applicable (Not Transported),Not Applicable (Not Transported),1,Dark - Unlighted,Clear,1,0,['Driver'],['Shoulder_Lapbelt'],0,0,Valid,0.0,1.0,63.0,63.0,['Male'],1,0,3,4,3,Dry,Curve,Level,Lowest,No
24643,37,North Carolina,371069,0,2,2,0,2,NOT APPLICABLE,October,8,Sunday,11,39,Rural,Medium Speed (Collector),No,34.80885,-76.67368056,Simple Junction,Daylight,Clear,11:00am-11:59am,37,11:00am-11:59am,47,12:00pm-12:59pm,56,1,Daylight,Clear,1,1,['Driver'],['None_Used'],0,0,Valid,0.0,0.0,50.0,49.0,"['Male', 'Male']",0,0,5,4,5,Dry,Straight,Level,Lowest,No
24644,37,North Carolina,371070,0,2,2,0,2,NOT APPLICABLE,October,12,Thursday,4,35,Rural,Medium Speed (Collector),No,34.78151944,-76.9337,Non-Intersection,Dark - Not Lighted,Cloudy,4:00am-4:59am,41,4:00am-4:59am,51,7:00am-7:59am,1,1,Dark - Unlighted,Reduced Visibility,1,1,['Driver'],['None_Used'],0,0,Valid,2.0,0.0,26.0,24.0,"['Male', 'Male']",0,0,3,4,5,Wet/Standing Water,Curve,Level,Lowest,No
24645,37,North Carolina,371071,1,1,1,0,1,MOREHEAD CITY,October,10,Tuesday,5,58,Urban,Medium Speed (Collector),No,34.72395556,-76.73440833,Non-Intersection,Dark - Not Lighted,Clear,6:00am-6:59am,4,6:00am-6:59am,5,6:00am-6:59am,16,1,Dark - Unlighted,Clear,0,1,[],[],1,1,Valid,1.0,1.0,30.0,30.0,['Female'],0,0,3,1,4,Dry,Straight,Level,Lowest,No
24646,37,North Carolina,371072,0,1,1,0,1,NOT APPLICABLE,October,21,Saturday,9,56,Rural,High Speed (Arterial),Yes,35.62481111,-81.29011944,Non-Intersection,Daylight,Clear,9:00am-9:59am,55,10:00am-10:59am,4,Not Applicable (Not Transported),Not Applicable (Not Transported),1,Daylight,Clear,1,0,['Driver'],['None_Used'],0,0,Valid,1.0,0.0,66.0,66.0,['Male'],0,0,5,4,3,Dry,Straight,Level,Lowest,No
24647,37,North Carolina,371073,0,1,1,0,1,NOT APPLICABLE,October,8,Sunday,22,20,Rural,High Speed (Arterial),Yes,35.70644444,-79.42875,Non-Intersection,Dark - Not Lighted,Clear,10:00pm-10:59pm,17,10:00pm-10:59pm,49,Not Applicable (Not Transported),Not Applicable (Not Transported),1,Dark - Unlighted,Clear,1,0,['Driver'],['None_Used'],0,0,Valid,1.0,0.0,41.0,41.0,['Female'],0,0,2,4,3,Dry,Straight,Level,Lowest,No
24648,37,North Carolina,371074,0,2,2,0,3,NOT APPLICABLE,October,12,Thursday,17,10,Rural,Medium Speed (Collector),No,35.61425,-79.19301111,Non-Intersection,Daylight,Clear,5:00pm-5:59pm,9,5:00pm-5:59pm,20,5:00pm-5:59pm,35,1,Daylight,Clear,1,2,['Driver'],['Shoulder_Lapbelt'],0,0,Valid,1.0,0.0,68.0,29.0,"['Male', 'Male']",0,0,3,4,5,Dry,Straight,Level,Lowest,No
24649,37,North Carolina,371075,0,1,1,0,1,NOT APPLICABLE,October,19,Thursday,19,41,Rural,Low Speed (Local),No,35.34446944,-81.622975,Non-Intersection,Dark - Not Lighted,Clear,7:00pm-7:59pm,31,7:00pm-7:59pm,43,Not Applicable (Not Transported),Not Applicable (Not Transported),1,Dark - Unlighted,Clear,1,0,['Driver'],['Shoulder_Lapbelt'],0,0,Valid,2.0,1.0,36.0,36.0,['Female'],1,0,2,4,3,Dry,Curve,Grade/Hillcrest,Lowest,No
24650,37,North Carolina,371076,0,1,1,0,1,FAYETTEVILLE,October,16,Monday,19,5,Urban,High Speed (Arterial),Yes,35.04406111,-78.97443889,Non-Intersection,Dusk,Clear,9:00pm-9:59pm,19,9:00pm-9:59pm,27,9:00pm-9:59pm,49,1,Twilight,Clear,1,0,['Driver'],['None_Used'],1,1,Invalid,0.0,0.0,37.0,37.0,['Male'],1,0,5,4,1,Dry,Curve,Grade/Hillcrest,Lowest,No
24651,37,North Carolina,371077,0,2,2,0,4,FAYETTEVILLE,October,3,Tuesday,19,9,Urban,Medium Speed (Collector),No,35.05913889,-79.04889722,Complex/Circle,Dusk,Clear,7:00pm-7:59pm,15,7:00pm-7:59pm,28,7:00pm-7:59pm,46,1,Twilight,Clear,1,3,['Driver'],['Shoulder_Lapbelt'],0,0,Valid,0.0,0.0,39.0,39.0,"['Male', 'Female']",1,0,3,4,5,Dry,Straight,Level,Lowest,No
24652,37,North Carolina,371078,0,1,1,0,1,NOT APPLICABLE,October,13,Friday,20,37,Rural,Medium Speed (Collector),No,35.74975,-80.24471111,Non-Intersection,Dark - Not Lighted,Clear,8:00pm-8:59pm,30,8:00pm-8:59pm,38,Not Applicable (Not Transported),Not Applicable (Not Transported),1,Dark - Unlighted,Clear,1,0,['Driver'],['None_Used'],1,1,Valid,0.0,0.0,52.0,52.0,['Male'],1,0,3,4,3,Dry,Curve,Level,Lowest,No
24653,37,North Carolina,371079,1,1,1,0,1,THOMASVILLE,October,23,Monday,12,14,Urban,Low Speed (Local),No,35.86968333,-80.07751389,Non-Intersection,Daylight,Clear,1:00am-1:59am,37,1:00am-1:59am,41,1:00am-1:59am,54,1,Daylight,Clear,0,1,[],[],0,0,Valid,0.0,0.0,39.0,39.0,['Male'],0,0,3,1,4,Dry,Straight,Grade/Hillcrest,Lowest,No
24654,37,North Carolina,371080,0,1,1,0,1,NOT APPLICABLE,October,3,Tuesday,16,20,Rural,Low Speed (Local),No,34.73126111,-77.7475,Non-Intersection,Daylight,Clear,4:00pm-4:59pm,9,4:00pm-4:59pm,21,Not Applicable (Not Transported),Not Applicable (Not Transported),1,Daylight,Clear,1,0,['Driver'],['None_Used'],1,1,Valid,1.0,0.0,34.0,34.0,['Male'],1,0,3,4,3,Dry,Straight,Level,Lowest,No
24655,37,North Carolina,371081,1,1,1,0,1,NOT APPLICABLE,October,14,Saturday,23,36,Rural,High Speed (Arterial),No,34.92624167,-78.01343889,Non-Intersection,Dark - Not Lighted,Clear,Unknown,Unknown,Unknown EMS Scene Arrival Hour,Unknown EMS Scene Arrival Minutes,Not Applicable (Not Transported),Not Applicable (Not Transported),1,Dark - Unlighted,Clear,0,1,[],[],0,0,Valid,1.0,0.0,34.0,34.0,['Female'],0,0,2,4,4,Dry,Straight,Level,Lowest,No
24656,37,North Carolina,371082,0,2,2,0,2,NOT APPLICABLE,October,12,Thursday,4,23,Rural,High Speed (Arterial),Yes,34.80691389,-77.98997778,Non-Intersection,Dark - Not Lighted,Rain,Unknown,Unknown,Unknown EMS Scene Arrival Hour,Unknown EMS Scene Arrival Minutes,Unknown,Unknown EMS Hospital Arrival Time,1,Dark - Unlighted,Rain/Wind/Minor,1,1,['Driver'],['Shoulder_Lapbelt'],0,0,Valid,1.0,1.0,86.0,29.0,"['Female', 'Male']",0,0,4,4,5,Wet/Standing Water,Straight,Level,Lowest,No
24657,37,North Carolina,371083,0,1,1,0,4,DURHAM,October,5,Thursday,3,7,Urban,Medium Speed (Collector),No,35.8859,-78.8299,Non-Intersection,Dark - Lighted,Clear,3:00am-3:59am,10,3:00am-3:59am,19,3:00am-3:59am,38,1,Dark - Lighted,Clear,1,3,['Rear_Seat'],['Shoulder_Lapbelt'],1,1,Invalid,1.0,3.0,22.0,22.0,['Female'],4,0,2,4,3,Dry,Straight,Level,Lowest,No
24658,37,North Carolina,371084,0,1,1,0,3,DURHAM,October,8,Sunday,4,58,Urban,High Speed (Arterial),Yes,36.02195,-78.90506389,Non-Intersection,Dark - Lighted,Clear,5:00am-5:59am,4,5:00am-5:59am,6,5:00am-5:59am,18,1,Dark - Lighted,Clear,1,2,['Driver'],['None_Used'],1,1,Valid,1.0,0.0,27.0,27.0,['Female'],3,0,2,4,2,Dry,Straight,Grade/Hillcrest,Lowest,No
24659,37,North Carolina,371085,0,2,2,0,2,DURHAM,October,13,Friday,2,6,Urban,High Speed (Arterial),Yes,35.89227778,-78.85136667,Non-Intersection,Dark - Lighted,Clear,2:00am-2:59am,6,2:00am-2:59am,20,3:00am-3:59am,0,1,Dark - Lighted,Clear,1,1,['Driver'],['None_Used'],1,1,Valid,1.0,0.0,58.0,31.0,"['Male', 'Male']",1,0,4,4,5,Dry,Straight,Level,Lowest,No
24660,37,North Carolina,371086,0,1,1,0,1,NOT APPLICABLE,October,15,Sunday,9,21,Rural,Low Speed (Local),No,36.02538611,-77.64756111,Non-Intersection,Daylight,Clear,9:00am-9:59am,21,9:00am-9:59am,24,Not Applicable (Not Transported),Not Applicable (Not Transported),1,Daylight,Clear,1,0,['Driver'],['None_Used'],0,0,Valid,0.0,0.0,28.0,28.0,['Female'],1,0,3,4,3,Dry,Straight,Level,Lowest,No
24661,37,North Carolina,371087,0,2,2,0,2,ROCKY MOUNT,October,19,Thursday,13,39,Urban,Medium Speed (Collector),No,35.97878333,-77.75792222,Complex/Circle,Daylight,Clear,1:00pm-1:59pm,44,1:00pm-1:59pm,47,Not Applicable (Not Transported),Not Applicable (Not Transported),1,Daylight,Clear,1,1,['Driver'],['None_Used'],0,0,Valid,0.0,0.0,51.0,21.0,"['Female', 'Male']",2,0,4,4,5,Dry,Straight,Level,Lowest,No
24662,37,North Carolina,371088,0,2,2,0,4,NOT APPLICABLE,October,10,Tuesday,9,39,Rural,Medium Speed (Collector),No,36.18454722,-78.05688056,Complex/Circle,Daylight,Clear,9:00am-9:59am,37,9:00am-9:59am,55,11:00am-11:59am,0,1,Daylight,Clear,1,3,['Driver'],['Shoulder_Lapbelt'],0,0,Valid,1.0,0.0,34.0,20.0,"['Male', 'Female']",0,0,3,4,5,Dry,Straight,Level,Lowest,No
24663,37,North Carolina,371089,0,1,1,0,1,NOT APPLICABLE,October,14,Saturday,22,1,Rural,Medium Speed (Collector),No,36.04710556,-78.24818611,Non-Intersection,Dark - Not Lighted,Rain,9:00pm-9:59pm,45,9:00pm-9:59pm,56,Not Applicable (Not Transported),Not Applicable (Not Transported),1,Dark - Unlighted,Rain/Wind/Minor,1,0,['Driver'],['None_Used'],0,0,Valid,1.0,0.0,22.0,22.0,['Male'],1,0,2,4,2,Wet/Standing Water,Straight,Level,Lowest,No