,State_Code,State_Name,Crash_ID,Count_Non_Motorists,Count_Vehicles_Total,Count_Vehicle_Forms,Count_PVH_Involved,Count_Occupants_MV,City_Name,Month_Name,Day_of_Month,Day_of_Week,Crash_Hour,Crash_Minute,Area_Rural_Urban,Road_Functional_Class,On_NHS_Road,Latitude,Longitude,Intersection_Type,Light_Condition,Weather_Condition,Notif_Hour,Notif_Minute,Arrival_Hour,Arrival_Minute,Hospital_Hour,Hospital_Minute,Fatalities_Count,Clean_Light_Condition,Clean_Weather_Condition,Total_Killed,Total_Alive,Fatal_Seats_List,Killed_Restraint_List,Any_Driver_Drinking,Total_Drinking_Drivers,Driver_License_Category,Driver_Max_Prev_Accident_Count,Driver_Max_Prev_Speeding_Count,Max_Driver_Age,Min_Driver_Age,Driver_Sex_List,Total_Exceeding_Limit_Vehicles,Total_Too_Fast_Vehicles,Max_Vehicle_Type_Severity_5,Max_Vehicle_Damage_Rank,Max_Harmful_Event_Severity,Crash_Road_Surface_Condition,Crash_Horizontal_Alignment,Crash_Vertical_Profile,Crash_Impairment_Category,Crash_Vehicle_Defect
24664,37,North Carolina,371090,0,1,1,0,1,NOT APPLICABLE,October,9,Monday,15,44,Rural,Medium Speed (Collector),No,36.53768056,-76.80524167,Non-Intersection,Daylight,Clear,3:00pm-3:59pm,51,4:00pm-4:59pm,2,Not Applicable (Not Transported),Not Applicable (Not Transported),1,Daylight,Clear,1,0,['Driver'],['Shoulder_Lapbelt'],0,0,Valid,0.0,0.0,58.0,58.0,['Male'],0,0,4,4,2,Dry,Straight,Level,Lowest,No
24665,37,North Carolina,371091,0,3,3,0,6,NOT APPLICABLE,October,19,Thursday,1,57,Rural,High Speed (Arterial),Yes,36.17198056,-78.70556111,Non-Intersection,Dark - Not Lighted,Clear,Unknown,Unknown,Unknown EMS Scene Arrival Hour,Unknown EMS Scene Arrival Minutes,Unknown,Unknown EMS Hospital Arrival Time,1,Dark - Unlighted,Clear,1,5,['Driver'],['None_Used'],0,0,Invalid,0.0,1.0,52.0,18.0,"['Male', 'Male', 'Female']",0,0,2,4,5,Dry,Straight,Level,Lowest,Yes
24666,37,North Carolina,371092,0,2,2,0,2,NOT APPLICABLE,October,17,Tuesday,19,53,Rural,Medium Speed (Collector),No,35.44703333,-77.68969722,Simple Junction,Dark - Not Lighted,Clear,7:00pm-7:59pm,39,7:00pm-7:59pm,47,Not Applicable (Not Transported),Not Applicable (Not Transported),1,Dark - Unlighted,Clear,1,1,['Driver'],['Shoulder_Lapbelt'],0,0,Valid,1.0,1.0,49.0,47.0,"['Male', 'Male']",0,0,4,4,5,Dry,Straight,Level,Lowest,No
24667,37,North Carolina,371093,1,1,1,0,1,GREENSBORO,October,1,Sunday,2,25,Urban,Medium Speed (Collector),No,36.08663333,-79.81345833,Non-Intersection,Dark - Not Lighted,Clear,2:00am-2:59am,28,2:00am-2:59am,30,2:00am-2:59am,49,1,Dark - Unlighted,Clear,0,1,[],[],0,0,Valid,1.0,0.0,29.0,29.0,['Male'],0,0,2,4,4,Dry,Straight,Level,Lowest,No
24668,37,North Carolina,371094,0,2,2,0,2,HIGH POINT,October,2,Monday,14,20,Urban,High Speed (Arterial),No,36.03943333,-79.96210833,Complex/Circle,Daylight,Clear,2:00pm-2:59pm,22,2:00pm-2:59pm,30,Not Applicable (Not Transported),Not Applicable (Not Transported),1,Daylight,Clear,1,1,['Driver'],['None_Used'],0,0,Valid,3.0,1.0,41.0,31.0,"['Female', 'Male']",0,0,3,4,5,Dry,Straight,Level,Medium,No
24669,37,North Carolina,371095,1,1,1,0,1,HIGH POINT,October,6,Friday,22,11,Urban,High Speed (Arterial),No,35.96063333,-79.94259167,Non-Intersection,Dark - Lighted,Clear,10:00pm-10:59pm,13,10:00pm-10:59pm,21,Not Applicable (Not Transported),Not Applicable (Not Transported),1,Dark - Lighted,Clear,0,1,[],[],0,0,Valid,1.0,0.0,31.0,31.0,['Male'],0,0,2,4,4,Dry,Straight,Grade/Hillcrest,Lowest,No
24670,37,North Carolina,371096,0,3,3,0,3,HIGH POINT,October,17,Tuesday,13,40,Urban,High Speed (Arterial),Yes,35.94953056,-79.96146667,Non-Intersection,Daylight,Cloudy,1:00pm-1:59pm,43,1:00pm-1:59pm,54,Not Applicable (Not Transported),Not Applicable (Not Transported),1,Daylight,Reduced Visibility,1,2,['Driver'],['Shoulder_Lapbelt'],0,0,Valid,0.0,0.0,64.0,31.0,"['Male', 'Male', 'Female']",0,0,4,4,5,Dry,Straight,Level,Lowest,No
24671,37,North Carolina,371097,1,2,2,0,2,GREENSBORO,October,24,Tuesday,20,25,Urban,High Speed (Arterial),Yes,36.11442778,-79.75615556,Non-Intersection,Dark - Lighted,Clear,8:00pm-8:59pm,26,8:00pm-8:59pm,31,Not Applicable (Not Transported),Not Applicable (Not Transported),1,Dark - Lighted,Clear,0,1,[],[],0,0,Valid,0.0,0.0,999.0,52.0,"['Male', 'Other']",0,0,3,4,4,Dry,Straight,Level,Lowest,No
24672,37,North Carolina,371098,0,2,2,0,2,GREENSBORO,October,3,Tuesday,12,49,Urban,High Speed (Arterial),Yes,36.11468333,-79.835,Non-Intersection,Daylight,Clear,12:00pm-12:59pm,49,12:00pm-12:59pm,54,Not Applicable (Not Transported),Not Applicable (Not Transported),1,Daylight,Clear,1,1,['Driver'],['None_Used'],0,0,Invalid,1.0,0.0,84.0,27.0,"['Female', 'Female']",1,0,3,4,5,Dry,Straight,Level,Lowest,No
24673,37,North Carolina,371099,0,1,1,0,1,GREENSBORO,October,15,Sunday,4,16,Urban,High Speed (Arterial),Yes,36.06880556,-79.92453056,Non-Intersection,Dark - Not Lighted,Clear,4:00am-4:59am,19,4:00am-4:59am,27,Not Applicable (Not Transported),Not Applicable (Not Transported),1,Dark - Unlighted,Clear,1,0,['Driver'],['Shoulder_Lapbelt'],1,1,Valid,2.0,1.0,27.0,27.0,['Male'],1,0,2,4,3,Dry,Straight,Level,Lowest,No
24674,37,North Carolina,371100,0,1,1,0,11,NOT APPLICABLE,October,26,Thursday,3,40,Rural,High Speed (Arterial),Yes,35.97771944,-79.73115,Non-Intersection,Dark - Not Lighted,Clear,3:00am-3:59am,35,3:00am-3:59am,46,4:00am-4:59am,17,1,Dark - Unlighted,Clear,1,10,['Rear_Seat'],['None_Used'],0,0,Valid,0.0,0.0,28.0,28.0,['Male'],11,0,3,4,3,Dry,Straight,Level,Medium,No
24675,37,North Carolina,371101,0,1,1,0,4,NOT APPLICABLE,October,3,Tuesday,2,59,Rural,High Speed (Arterial),Yes,36.23463056,-77.73895,Non-Intersection,Dark - Not Lighted,Clear,2:00am-2:59am,54,3:00am-3:59am,31,4:00am-4:59am,4,1,Dark - Unlighted,Clear,1,3,['Driver'],['None_Used'],0,0,Invalid,0.0,0.0,30.0,30.0,['Male'],4,0,2,4,3,Dry,Straight,Level,Lowest,No
24676,37,North Carolina,371102,0,1,1,0,1,NOT APPLICABLE,October,24,Tuesday,12,44,Rural,Medium Speed (Collector),No,35.67396667,-82.94255,Non-Intersection,Daylight,Clear,12:00pm-12:59pm,45,1:00pm-1:59pm,1,Not Applicable (Not Transported),Not Applicable (Not Transported),1,Daylight,Clear,1,0,['Driver'],['Shoulder_Lapbelt'],0,0,Valid,0.0,0.0,77.0,77.0,['Female'],1,0,3,4,2,Dry,Curve,Grade/Hillcrest,Lowest,No
24677,37,North Carolina,371103,1,1,1,0,1,NOT APPLICABLE,October,1,Sunday,8,47,Rural,Low Speed (Local),No,35.28971389,-82.40273611,Non-Intersection,Dark - Not Lighted,Clear,8:00am-8:59am,45,8:00am-8:59am,50,Not Applicable (Not Transported),Not Applicable (Not Transported),1,Dark - Unlighted,Clear,0,0,[],[],0,0,Invalid,0.0,0.0,999.0,999.0,['Other'],0,0,1,2,4,Dry,Straight,Grade/Hillcrest,Lowest,No
24678,37,North Carolina,371104,0,1,1,0,1,NOT APPLICABLE,October,2,Monday,13,48,Rural,Low Speed (Local),No,35.97175556,-80.81117222,Non-Intersection,Daylight,Clear,1:00pm-1:59pm,46,1:00pm-1:59pm,55,Not Applicable (Not Transported),Not Applicable (Not Transported),1,Daylight,Clear,1,0,['Driver'],['None_Used'],0,0,Valid,0.0,0.0,78.0,78.0,['Male'],0,0,3,4,3,Dry,Straight,Level,Lowest,No
24679,37,North Carolina,371105,0,2,2,0,2,NOT APPLICABLE,October,7,Saturday,11,58,Rural,High Speed (Arterial),Yes,35.78087778,-80.97459722,Non-Intersection,Daylight,Clear,11:00am-11:59am,56,11:00am-11:59am,59,Not Applicable (Not Transported),Not Applicable (Not Transported),1,Daylight,Clear,1,1,['Driver'],['Shoulder_Lapbelt'],0,0,Valid,0.0,0.0,61.0,46.0,"['Male', 'Male']",0,0,4,4,5,Dry,Straight,Level,Lowest,No
24680,37,North Carolina,371106,0,1,1,0,2,NOT APPLICABLE,October,15,Sunday,18,58,Rural,Low Speed (Local),No,35.66268333,-80.81286389,Non-Intersection,Dusk,Clear,6:00pm-6:59pm,51,7:00pm-7:59pm,2,Not Applicable (Not Transported),Not Applicable (Not Transported),1,Twilight,Clear,1,1,['Driver'],['Shoulder_Lapbelt'],1,1,Invalid,0.0,0.0,32.0,32.0,['Male'],2,0,3,4,2,Dry,Curve,Level,Lowest,No
24681,37,North Carolina,371107,0,1,1,0,1,NOT APPLICABLE,October,25,Wednesday,17,44,Rural,High Speed (Arterial),Yes,35.43313611,-83.09191944,Non-Intersection,Daylight,Clear,5:00pm-5:59pm,43,5:00pm-5:59pm,50,Not Applicable (Not Transported),Not Applicable (Not Transported),1,Daylight,Clear,1,0,['Driver'],['None_Used'],0,0,Valid,2.0,0.0,45.0,45.0,['Male'],1,0,5,4,2,Dry,Curve,Grade/Hillcrest,Lowest,No
24682,37,North Carolina,371108,0,1,1,0,3,NOT APPLICABLE,October,20,Friday,17,33,Rural,High Speed (Arterial),Yes,35.51739167,-78.29361944,Non-Intersection,Daylight,Rain,5:00pm-5:59pm,32,5:00pm-5:59pm,43,6:00pm-6:59pm,22,1,Daylight,Rain/Wind/Minor,1,2,['Rear_Seat'],['None_Used'],1,1,Valid,0.0,1.0,20.0,20.0,['Male'],3,0,2,4,3,Wet/Standing Water,Straight,Level,Lowest,No
24683,37,North Carolina,371109,0,4,4,0,7,NOT APPLICABLE,October,10,Tuesday,20,42,Rural,Medium Speed (Collector),Yes,34.99164167,-77.64128333,Non-Intersection,Dark - Not Lighted,Clear,8:00pm-8:59pm,31,8:00pm-8:59pm,37,8:00pm-8:59pm,45,1,Dark - Unlighted,Clear,1,6,['Driver'],['Shoulder_Lapbelt'],0,0,Valid,3.0,0.0,52.0,16.0,"['Male', 'Female', 'Male', 'Female']",1,0,3,4,5,Dry,Straight,Level,Lowest,No
24684,37,North Carolina,371110,0,2,2,0,6,NOT APPLICABLE,October,3,Tuesday,19,37,Rural,High Speed (Arterial),Yes,35.31162778,-77.65285833,Non-Intersection,Dark - Not Lighted,Clear,7:00pm-7:59pm,35,7:00pm-7:59pm,42,8:00pm-8:59pm,15,1,Dark - Unlighted,Clear,1,5,['Driver'],['Shoulder_Lapbelt'],0,0,Invalid,1.0,0.0,54.0,27.0,"['Male', 'Male']",1,0,3,4,5,Dry,Curve,Level,Lowest,No
24685,37,North Carolina,371111,1,1,1,0,1,NOT APPLICABLE,October,14,Saturday,23,11,Rural,Low Speed (Local),No,35.44933056,-81.33843889,Non-Intersection,Dark - Not Lighted,Clear,11:00pm-11:59pm,9,11:00pm-11:59pm,2,11:00pm-11:59pm,45,1,Dark - Unlighted,Clear,0,1,[],[],0,0,Valid,0.0,0.0,26.0,26.0,['Male'],0,0,3,1,4,Dry,Straight,Level,Lowest,No
24686,37,North Carolina,371112,1,1,1,0,1,NOT APPLICABLE,October,17,Tuesday,21,19,Rural,Medium Speed (Collector),No,35.49471944,-81.4124,Non-Intersection,Dark - Not Lighted,Clear,9:00pm-9:59pm,23,9:00pm-9:59pm,25,11:00pm-11:59pm,7,1,Dark - Unlighted,Clear,0,1,[],[],1,1,Valid,1.0,1.0,51.0,51.0,['Female'],0,0,3,1,4,Dry,Curve,Grade/Hillcrest,Lowest,No
24687,37,North Carolina,371113,0,4,4,0,7,NOT APPLICABLE,October,20,Friday,16,5,Rural,High Speed (Arterial),Yes,35.06656111,-83.38861944,Non-Intersection,Daylight,Cloudy,4:00pm-4:59pm,1,4:00pm-4:59pm,9,5:00pm-5:59pm,9,1,Daylight,Reduced Visibility,1,6,['Front_Passenger'],['None_Used'],0,0,Valid,0.0,1.0,67.0,16.0,"['Male', 'Female', 'Male', 'Female']",4,0,3,4,5,Wet/Standing Water,Straight,Level,Lowest,No
24688,37,North Carolina,371114,0,2,2,0,3,NOT APPLICABLE,June,28,Wednesday,17,49,Rural,Medium Speed (Collector),No,35.41858889,-77.66443056,Simple Junction,Daylight,Clear,5:00pm-5:59pm,48,6:00pm-6:59pm,0,6:00pm-6:59pm,30,1,Daylight,Clear,1,2,['Driver'],['Shoulder_Lapbelt'],0,0,Valid,2.0,0.0,74.0,48.0,"['Male', 'Female']",0,0,3,4,5,Dry,Straight,Level,Lowest,No
24689,37,North Carolina,371115,0,2,2,0,6,Other,October,22,Sunday,17,28,Urban,Medium Speed (Collector),No,35.49595,-81.52156944,Simple Junction,Daylight,Clear,5:00pm-5:59pm,52,6:00pm-6:59pm,0,6:00pm-6:59pm,30,1,Daylight,Clear,1,5,['Rear_Seat'],['Shoulder_Lapbelt'],0,0,Valid,0.0,1.0,88.0,31.0,"['Male', 'Male']",0,0,3,4,5,Dry,Curve,Level,Lowest,No
24690,37,North Carolina,371116,0,1,1,0,3,NOT APPLICABLE,October,12,Thursday,23,20,Rural,Low Speed (Local),No,36.5169,-81.45705,Non-Intersection,Dark - Not Lighted,Clear,10:00pm-10:59pm,52,11:00pm-11:59pm,8,Unknown,Unknown EMS Hospital Arrival Time,1,Dark - Unlighted,Clear,1,2,['Front_Passenger'],['Shoulder_Lapbelt'],1,1,Valid,0.0,0.0,68.0,68.0,['Male'],0,0,3,4,3,Dry,Curve,Grade/Hillcrest,Lowest,No
24691,37,North Carolina,371117,0,2,2,0,3,NOT APPLICABLE,September,6,Wednesday,18,58,Rural,Medium Speed (Collector),No,35.9879,-78.67873056,Non-Intersection,Dusk,Clear,6:00pm-6:59pm,57,6:00pm-6:59pm,59,7:00pm-7:59pm,33,1,Twilight,Clear,1,2,['Driver'],['None_Used'],0,0,Invalid,0.0,0.0,53.0,20.0,"['Male', 'Male']",0,0,3,4,5,Dry,Straight,Level,Lowest,No
24692,37,North Carolina,371118,0,2,2,0,4,CALABASH,October,6,Friday,17,6,Urban,Medium Speed (Collector),No,33.89831944,-78.55386111,Non-Intersection,Daylight,Rain,Unknown,Unknown,Unknown EMS Scene Arrival Hour,Unknown EMS Scene Arrival Minutes,Unknown,Unknown EMS Hospital Arrival Time,1,Daylight,Rain/Wind/Minor,1,3,['Driver'],['None_Used'],0,0,Valid,3.0,0.0,68.0,64.0,"['Female', 'Male']",0,0,5,4,5,Wet/Standing Water,Straight,Level,Lowest,No
24693,37,North Carolina,371119,0,4,4,0,4,NOT APPLICABLE,October,29,Sunday,15,45,Rural,High Speed (Arterial),Yes,35.58648889,-82.4572,Non-Intersection,Daylight,Cloudy,3:00pm-3:59pm,44,3:00pm-3:59pm,49,3:00pm-3:59pm,59,1,Daylight,Reduced Visibility,1,3,['Driver'],['None_Used'],0,0,Invalid,1.0,0.0,62.0,34.0,"['Male', 'Male', 'Male', 'Male']",0,0,3,4,5,Dry,Straight,Level,Lowest,No
24694,37,North Carolina,371120,1,1,1,0,1,NOT APPLICABLE,October,28,Saturday,6,21,Rural,Low Speed (Local),No,35.72336111,-77.66275,Non-Intersection,Dark - Not Lighted,Clear,6:00am-6:59am,15,6:00am-6:59am,27,Not Applicable (Not Transported),Not Applicable (Not Transported),1,Dark - Unlighted,Clear,0,1,[],[],0,0,Valid,0.0,0.0,62.0,62.0,['Male'],0,0,3,1,4,Dry,Straight,Level,Lowest,No
24695,37,North Carolina,371121,1,1,1,0,1,WINSTON SALEM,October,29,Sunday,19,15,Urban,High Speed (Arterial),Yes,36.18565833,-80.278,Non-Intersection,Dark - Not Lighted,Clear,7:00pm-7:59pm,16,7:00pm-7:59pm,26,Not Applicable (Not Transported),Not Applicable (Not Transported),1,Dark - Unlighted,Clear,0,0,[],[],0,0,Invalid,0.0,0.0,999.0,999.0,['Other'],0,0,1,1,4,Dry,Straight,Grade/Hillcrest,Lowest,No
24696,37,North Carolina,371122,0,3,1,2,1,NOT APPLICABLE,October,28,Saturday,0,52,Rural,High Speed (Arterial),Yes,36.10071667,-78.46677778,Non-Intersection,Dark - Not Lighted,Clear,0:00am-0:59am,49,0:00am-0:59am,50,Not Applicable (Not Transported),Not Applicable (Not Transported),1,Dark - Unlighted,Clear,1,0,['Driver'],['None_Used'],0,0,Valid,0.0,0.0,44.0,44.0,['Male'],1,0,3,4,5,Dry,Straight,Level,Lowest,No
24697,37,North Carolina,371123,0,1,1,0,4,NOT APPLICABLE,October,24,Tuesday,2,32,Rural,High Speed (Arterial),Yes,36.27468056,-77.72083056,Non-Intersection,Dark - Not Lighted,Clear,2:00am-2:59am,7,2:00am-2:59am,19,2:00am-2:59am,46,1,Dark - Unlighted,Clear,1,3,['Front_Passenger'],['None_Used'],0,0,Valid,0.0,0.0,29.0,29.0,['Male'],4,0,2,4,2,Dry,Straight,Level,Lowest,No
24698,37,North Carolina,371124,0,1,1,0,2,CHARLOTTE,October,4,Wednesday,3,18,Urban,High Speed (Arterial),Yes,35.31784722,-80.75369444,Non-Intersection,Dark - Lighted,Clear,3:00am-3:59am,14,3:00am-3:59am,22,3:00am-3:59am,53,1,Dark - Lighted,Clear,1,1,['Driver'],['None_Used'],0,0,Valid,3.0,0.0,52.0,52.0,['Male'],2,0,2,4,3,Dry,Straight,Level,Lowest,No
24699,37,North Carolina,371125,1,1,1,0,1,CHARLOTTE,October,14,Saturday,21,43,Urban,Medium Speed (Collector),No,35.2126,-80.76470833,Non-Intersection,Dark - Lighted,Clear,9:00pm-9:59pm,42,9:00pm-9:59pm,48,Not Applicable (Not Transported),Not Applicable (Not Transported),1,Dark - Lighted,Clear,0,1,[],[],0,0,Valid,0.0,1.0,25.0,25.0,['Female'],0,0,3,2,4,Dry,Straight,Level,Lowest,No
24700,37,North Carolina,371126,2,1,1,0,1,CHARLOTTE,October,28,Saturday,0,47,Urban,High Speed (Arterial),No,35.32551667,-80.94526111,Complex/Circle,Dark - Not Lighted,Clear,0:00am-0:59am,48,0:00am-0:59am,58,1:00am-1:59am,21,1,Dark - Unlighted,Clear,0,1,[],[],0,0,Valid,2.0,0.0,42.0,42.0,['Male'],0,0,4,2,4,Dry,Straight,Level,Lowest,No
24701,37,North Carolina,371127,1,1,1,0,1,CHARLOTTE,October,16,Monday,6,38,Urban,Medium Speed (Collector),No,35.32996667,-80.73878889,Simple Junction,Dark - Not Lighted,Clear,6:00am-6:59am,38,6:00am-6:59am,44,7:00am-7:59am,10,1,Dark - Unlighted,Clear,0,1,[],[],1,1,Invalid,1.0,0.0,46.0,46.0,['Male'],0,0,2,4,4,Dry,Curve,Grade/Hillcrest,Lowest,No
24702,37,North Carolina,371128,1,1,1,0,1,CHARLOTTE,October,16,Monday,4,56,Urban,High Speed (Arterial),Yes,35.25037778,-80.97194167,Non-Intersection,Dark - Lighted,Clear,4:00am-4:59am,51,5:00am-5:59am,3,Not Applicable (Not Transported),Not Applicable (Not Transported),1,Dark - Lighted,Clear,0,1,[],[],0,0,Valid,0.0,1.0,26.0,26.0,['Male'],0,0,3,4,4,Dry,Straight,Level,Lowest,No
24703,37,North Carolina,371129,1,1,1,0,2,CHARLOTTE,October,28,Saturday,6,46,Urban,High Speed (Arterial),Yes,35.24411389,-80.956025,Non-Intersection,Dawn,Clear,6:00am-6:59am,41,6:00am-6:59am,57,Not Applicable (Not Transported),Not Applicable (Not Transported),1,Twilight,Clear,0,2,[],[],0,0,Valid,3.0,0.0,35.0,35.0,['Female'],0,0,2,4,4,Dry,Straight,Level,Lowest,No
24704,37,North Carolina,371130,1,1,1,0,1,MATTHEWS,October,22,Sunday,12,47,Urban,High Speed (Arterial),No,35.120625,-80.73401944,Non-Intersection,Daylight,Clear,12:00pm-12:59pm,37,12:00pm-12:59pm,43,1:00pm-1:59pm,3,1,Daylight,Clear,0,1,[],[],0,0,Valid,0.0,0.0,29.0,29.0,['Male'],0,0,3,4,4,Dry,Straight,Level,Lowest,No
24705,37,North Carolina,371131,1,1,1,0,1,NOT APPLICABLE,October,23,Monday,8,26,Rural,Medium Speed (Collector),No,35.70259167,-81.62970833,Non-Intersection,Dark - Not Lighted,Clear,Unknown,Unknown,Unknown EMS Scene Arrival Hour,Unknown EMS Scene Arrival Minutes,Unknown,Unknown EMS Hospital Arrival Time,1,Dark - Unlighted,Clear,0,1,[],[],0,0,Valid,0.0,0.0,48.0,48.0,['Male'],0,0,3,4,4,Dry,Straight,Grade/Hillcrest,Lowest,No
24706,37,North Carolina,371132,0,2,2,0,5,NOT APPLICABLE,October,27,Friday,17,53,Rural,Low Speed (Local),No,35.38321389,-80.02360833,Non-Intersection,Daylight,Clear,5:00pm-5:59pm,47,5:00pm-5:59pm,59,6:00pm-6:59pm,44,1,Daylight,Clear,1,4,['Driver'],['None_Used'],0,0,Valid,0.0,0.0,61.0,48.0,"['Male', 'Female']",1,0,5,4,5,Dry,Curve,Grade/Hillcrest,Lowest,No
24707,37,North Carolina,371133,0,1,1,0,1,NOT APPLICABLE,October,2,Monday,4,26,Rural,High Speed (Arterial),Yes,36.09116944,-77.73573056,Non-Intersection,Dark - Not Lighted,Clear,4:00am-4:59am,13,4:00am-4:59am,20,5:00am-5:59am,58,1,Dark - Unlighted,Clear,1,0,['Driver'],['None_Used'],1,1,Invalid,1.0,0.0,31.0,31.0,['Male'],1,0,3,4,3,Dry,Straight,Level,Lowest,No
24708,37,North Carolina,371135,0,3,3,0,4,ROCKY MOUNT,October,26,Thursday,7,31,Urban,Medium Speed (Collector),No,35.96281944,-77.83746389,Non-Intersection,Daylight,Clear,7:00am-7:59am,33,7:00am-7:59am,39,8:00am-8:59am,6,1,Daylight,Clear,1,3,['Driver'],['None_Used'],0,0,Invalid,0.0,0.0,70.0,18.0,"['Male', 'Female', 'Male']",0,0,3,4,5,Dry,Straight,Level,Lowest,No
24709,37,North Carolina,371136,0,1,1,0,1,NOT APPLICABLE,October,5,Thursday,13,34,Rural,Low Speed (Local),No,34.25335,-77.7845,Non-Intersection,Daylight,Clear,1:00pm-1:59pm,31,1:00pm-1:59pm,35,2:00pm-2:59pm,25,1,Daylight,Clear,1,0,['Driver'],['Shoulder_Lapbelt'],0,0,Valid,1.0,0.0,41.0,41.0,['Male'],1,0,3,4,3,Dry,Curve,Level,Lowest,No
24710,37,North Carolina,371137,0,2,2,0,4,WILMINGTON,October,26,Thursday,20,10,Urban,High Speed (Arterial),Yes,34.21416111,-77.88612222,Complex/Circle,Dark - Lighted,Clear,8:00pm-8:59pm,12,8:00pm-8:59pm,16,8:00pm-8:59pm,28,1,Dark - Lighted,Clear,1,3,['Driver'],['None_Used'],0,0,Valid,1.0,2.0,47.0,25.0,"['Male', 'Male']",1,0,5,4,5,Dry,Straight,Level,Lowest,No
24711,37,North Carolina,371138,0,2,2,0,4,NOT APPLICABLE,October,3,Tuesday,18,28,Rural,High Speed (Arterial),Yes,34.11136944,-77.90041111,Simple Junction,Daylight,Clear,6:00pm-6:59pm,19,6:00pm-6:59pm,23,6:00pm-6:59pm,49,1,Daylight,Clear,1,3,['Front_Passenger'],['Shoulder_Lapbelt'],0,0,Valid,0.0,0.0,45.0,17.0,"['Female', 'Female']",0,0,3,4,5,Dry,Straight,Level,Lowest,No
24712,37,North Carolina,371139,0,1,1,0,1,NOT APPLICABLE,October,5,Thursday,13,32,Rural,High Speed (Arterial),Yes,34.48166111,-77.87833889,Non-Intersection,Daylight,Clear,1:00pm-1:59pm,30,1:00pm-1:59pm,56,Not Applicable (Not Transported),Not Applicable (Not Transported),1,Daylight,Clear,1,0,['Driver'],['Shoulder_Lapbelt'],0,0,Valid,0.0,0.0,65.0,65.0,['Male'],0,0,3,4,3,Dry,Straight,Level,Lowest,No
24713,37,North Carolina,371140,0,2,2,0,2,NOT APPLICABLE,August,23,Wednesday,20,39,Rural,High Speed (Arterial),Yes,35.24211389,-79.29236389,Complex/Circle,Dark - Not Lighted,Clear,8:00pm-8:59pm,30,8:00pm-8:59pm,44,9:00pm-9:59pm,8,1,Dark - Unlighted,Clear,1,1,['Driver'],['Shoulder_Lapbelt'],0,0,Valid,1.0,0.0,21.0,17.0,"['Female', 'Male']",1,0,3,4,5,Dry,Straight,Level,Lowest,No
24714,37,North Carolina,371141,0,2,2,0,4,BELMONT,October,19,Thursday,3,58,Urban,High Speed (Arterial),Yes,35.25743611,-81.02334444,Non-Intersection,Dark - Not Lighted,Clear,3:00am-3:59am,59,4:00am-4:59am,12,4:00am-4:59am,37,1,Dark - Unlighted,Clear,1,3,['Driver'],['Shoulder_Lapbelt'],0,0,Invalid,4.0,0.0,49.0,39.0,"['Male', 'Male']",3,0,4,4,5,Dry,Straight,Grade/Hillcrest,Medium,No
24715,37,North Carolina,371142,0,2,2,0,2,NOT APPLICABLE,October,14,Saturday,6,1,Rural,High Speed (Arterial),Yes,34.33511944,-77.74621944,Non-Intersection,Dark - Not Lighted,Clear,5:00am-5:59am,51,5:00am-5:59am,56,6:00am-6:59am,42,1,Dark - Unlighted,Clear,1,1,['Driver'],['Shoulder_Lapbelt'],0,0,Valid,0.0,0.0,33.0,22.0,"['Female', 'Male']",0,0,2,4,5,Dry,Straight,Level,Lowest,No
24716,37,North Carolina,371143,0,1,1,0,1,NOT APPLICABLE,October,5,Thursday,21,18,Rural,Low Speed (Local),No,36.33516944,-78.95435,Non-Intersection,Dark - Not Lighted,Clear,7:00pm-7:59pm,11,7:00pm-7:59pm,17,Not Applicable (Not Transported),Not Applicable (Not Transported),1,Dark - Unlighted,Clear,1,0,['Driver'],['None_Used'],0,0,Valid,0.0,0.0,41.0,41.0,['Male'],1,0,2,4,3,Dry,Straight,Level,Lowest,No
24717,37,North Carolina,371144,0,2,2,0,2,NOT APPLICABLE,October,28,Saturday,13,39,Rural,High Speed (Arterial),Yes,36.34265,-78.89158056,Simple Junction,Daylight,Clear,1:00pm-1:59pm,28,1:00pm-1:59pm,38,1:00pm-1:59pm,52,1,Daylight,Clear,1,1,['Driver'],['None_Used'],0,0,Invalid,4.0,1.0,55.0,36.0,"['Female', 'Male']",0,0,5,4,5,Dry,Straight,Grade/Hillcrest,Lowest,No
24718,37,North Carolina,371145,0,2,2,0,4,WINTERVILLE,October,1,Sunday,2,37,Urban,High Speed (Arterial),Yes,35.54522778,-77.40478056,Complex/Circle,Dark - Lighted,Clear,2:00am-2:59am,30,2:00am-2:59am,42,3:00am-3:59am,17,1,Dark - Lighted,Clear,1,3,['Driver'],['Shoulder_Lapbelt'],1,2,Valid,1.0,1.0,41.0,28.0,"['Female', 'Female']",3,0,3,4,5,Dry,Straight,Level,Lowest,No
24719,37,North Carolina,371146,1,1,1,0,2,COLUMBUS,October,21,Saturday,11,0,Urban,Medium Speed (Collector),No,35.2418,-82.21419444,Non-Intersection,Daylight,Clear,10:00am-10:59am,52,10:00am-10:59am,53,Unknown,Unknown EMS Hospital Arrival Time,1,Daylight,Clear,0,2,[],[],0,0,Invalid,0.0,0.0,54.0,54.0,['Female'],2,0,2,1,4,Dry,Straight,Level,Lowest,No
24720,37,North Carolina,371147,1,1,1,0,1,NOT APPLICABLE,October,4,Wednesday,7,39,Rural,Low Speed (Local),No,35.86521111,-79.74726944,Non-Intersection,Daylight,Clear,7:00am-7:59am,38,7:00am-7:59am,53,8:00am-8:59am,18,1,Daylight,Clear,0,1,[],[],0,0,Valid,0.0,0.0,17.0,17.0,['Female'],0,0,3,4,4,Dry,Straight,Level,Lowest,No
24721,37,North Carolina,371148,0,1,1,0,1,NOT APPLICABLE,October,13,Friday,16,34,Rural,Medium Speed (Collector),No,35.55001667,-79.65780833,Non-Intersection,Daylight,Clear,4:00pm-4:59pm,31,4:00pm-4:59pm,35,Not Applicable (Not Transported),Not Applicable (Not Transported),1,Daylight,Clear,1,0,['Driver'],['None_Used'],0,0,Valid,0.0,0.0,41.0,41.0,['Male'],0,0,1,4,3,Dry,Curve,Level,Lowest,No