,State_Code,State_Name,Crash_ID,Count_Non_Motorists,Count_Vehicles_Total,Count_Vehicle_Forms,Count_PVH_Involved,Count_Occupants_MV,City_Name,Month_Name,Day_of_Month,Day_of_Week,Crash_Hour,Crash_Minute,Area_Rural_Urban,Road_Functional_Class,On_NHS_Road,Latitude,Longitude,Intersection_Type,Light_Condition,Weather_Condition,Notif_Hour,Notif_Minute,Arrival_Hour,Arrival_Minute,Hospital_Hour,Hospital_Minute,Fatalities_Count,Clean_Light_Condition,Clean_Weather_Condition,Total_Killed,Total_Alive,Fatal_Seats_List,Killed_Restraint_List,Any_Driver_Drinking,Total_Drinking_Drivers,Driver_License_Category,Driver_Max_Prev_Accident_Count,Driver_Max_Prev_Speeding_Count,Max_Driver_Age,Min_Driver_Age,Driver_Sex_List,Total_Exceeding_Limit_Vehicles,Total_Too_Fast_Vehicles,Max_Vehicle_Type_Severity_5,Max_Vehicle_Damage_Rank,Max_Harmful_Event_Severity,Crash_Road_Surface_Condition,Crash_Horizontal_Alignment,Crash_Vertical_Profile,Crash_Impairment_Category,Crash_Vehicle_Defect
24722,37,North Carolina,371149,0,2,2,0,3,NOT APPLICABLE,October,26,Thursday,10,27,Rural,High Speed (Arterial),Yes,35.7243,-79.7136,Complex/Circle,Daylight,Clear,10:00am-10:59am,26,10:00am-10:59am,41,11:00am-11:59am,34,1,Daylight,Clear,1,2,['Driver'],['Shoulder_Lapbelt'],0,0,Valid,2.0,1.0,64.0,48.0,"['Female', 'Female']",0,0,2,4,5,Dry,Straight,Grade/Hillcrest,Lowest,No
24723,37,North Carolina,371150,1,1,1,0,2,NOT APPLICABLE,October,31,Tuesday,14,30,Rural,Medium Speed (Collector),No,34.90031944,-79.76373889,Non-Intersection,Daylight,Rain,2:00pm-2:59pm,28,2:00pm-2:59pm,35,3:00pm-3:59pm,34,1,Daylight,Rain/Wind/Minor,0,2,[],[],0,0,Invalid,0.0,0.0,17.0,17.0,['Female'],2,0,2,4,3,Wet/Standing Water,Curve,Level,Lowest,No
24724,37,North Carolina,371151,0,2,1,1,1,NOT APPLICABLE,October,9,Monday,16,51,Rural,Medium Speed (Collector),No,34.68285,-79.30081111,Non-Intersection,Daylight,Clear,4:00pm-4:59pm,43,5:00pm-5:59pm,1,6:00pm-6:59pm,49,1,Daylight,Clear,1,0,['Driver'],['None_Used'],0,0,Invalid,2.0,0.0,19.0,19.0,['Male'],1,0,2,4,3,Dry,Straight,Level,Lowest,No
24725,37,North Carolina,371152,0,2,2,0,2,LUMBERTON,October,11,Wednesday,7,3,Urban,Medium Speed (Collector),No,34.59910556,-79.0986,Complex/Circle,Daylight,Clear,Unknown,Unknown,Unknown EMS Scene Arrival Hour,Unknown EMS Scene Arrival Minutes,Not Applicable (Not Transported),Not Applicable (Not Transported),1,Daylight,Clear,1,1,['Driver'],['None_Used'],0,0,Valid,0.0,0.0,65.0,34.0,"['Male', 'Male']",1,0,4,4,5,Dry,Straight,Level,Lowest,No
24726,37,North Carolina,371153,0,1,1,0,1,NOT APPLICABLE,October,19,Thursday,15,55,Rural,Low Speed (Local),No,34.8144,-79.34883889,Non-Intersection,Daylight,Clear,4:00pm-4:59pm,1,4:00pm-4:59pm,12,5:00pm-5:59pm,32,1,Daylight,Clear,1,0,['Driver'],['None_Used'],0,0,Valid,0.0,0.0,25.0,25.0,['Male'],1,0,2,4,3,Dry,Straight,Level,Lowest,No
24727,37,North Carolina,371154,0,3,3,0,7,NOT APPLICABLE,October,27,Friday,6,48,Rural,High Speed (Arterial),Yes,34.48208056,-78.98876111,Non-Intersection,Dark - Not Lighted,"Fog, Smog, Smoke",6:00am-6:59am,53,7:00am-7:59am,11,8:00am-8:59am,17,1,Dark - Unlighted,Reduced Visibility,1,6,['Driver'],['Shoulder_Lapbelt'],0,0,Valid,0.0,0.0,66.0,36.0,"['Male', 'Male', 'Female']",0,0,4,4,5,Dry,Straight,Level,Lowest,No
24728,37,North Carolina,371155,0,1,1,0,3,NOT APPLICABLE,October,27,Friday,23,14,Rural,Medium Speed (Collector),No,34.82876111,-79.08113056,Non-Intersection,Dark - Not Lighted,Clear,11:00pm-11:59pm,11,11:00pm-11:59pm,27,Unknown,Unknown EMS Hospital Arrival Time,1,Dark - Unlighted,Clear,1,2,['Driver'],['None_Used'],0,0,Invalid,0.0,0.0,14.0,14.0,['Female'],3,0,3,4,3,Dry,Curve,Level,Lowest,No
24729,37,North Carolina,371156,1,1,1,0,1,NOT APPLICABLE,October,29,Sunday,19,12,Rural,Medium Speed (Collector),No,34.68486111,-79.22453056,Non-Intersection,Dark - Not Lighted,Clear,7:00pm-7:59pm,9,7:00pm-7:59pm,14,9:00pm-9:59pm,13,1,Dark - Unlighted,Clear,0,1,[],[],0,0,Valid,0.0,0.0,22.0,22.0,['Female'],0,0,2,4,4,Dry,Straight,Level,Lowest,No
24730,37,North Carolina,371157,0,2,2,0,2,NOT APPLICABLE,October,9,Monday,14,44,Rural,Medium Speed (Collector),No,36.32338889,-79.82166111,Non-Intersection,Daylight,Clear,2:00pm-2:59pm,44,3:00pm-3:59pm,1,3:00pm-3:59pm,35,1,Daylight,Clear,1,1,['Driver'],['Shoulder_Lapbelt'],0,0,Invalid,0.0,0.0,62.0,21.0,"['Male', 'Male']",1,0,3,4,5,Dry,Curve,Level,Lowest,No
24731,37,North Carolina,371158,0,1,1,0,1,NOT APPLICABLE,October,14,Saturday,16,16,Rural,Low Speed (Local),No,34.94593056,-78.33551944,Non-Intersection,Daylight,Cloudy,Unknown,Unknown,Unknown EMS Scene Arrival Hour,Unknown EMS Scene Arrival Minutes,Unknown,Unknown EMS Hospital Arrival Time,1,Daylight,Reduced Visibility,1,0,['Driver'],['None_Used'],0,0,Valid,2.0,0.0,53.0,53.0,['Male'],0,0,5,4,2,Dry,Straight,Level,Lowest,No
24732,37,North Carolina,371159,0,1,1,0,1,NOT APPLICABLE,October,29,Sunday,9,58,Rural,Medium Speed (Collector),No,35.24623056,-78.55281111,Non-Intersection,Daylight,Clear,Unknown,Unknown,Unknown EMS Scene Arrival Hour,Unknown EMS Scene Arrival Minutes,Not Applicable (Not Transported),Not Applicable (Not Transported),1,Daylight,Clear,1,0,['Driver'],['None_Used'],0,0,Valid,0.0,1.0,50.0,50.0,['Male'],0,0,2,4,2,Dry,Straight,Level,Lowest,No
24733,37,North Carolina,371160,0,2,2,0,3,NOT APPLICABLE,October,27,Friday,21,0,Rural,High Speed (Arterial),Yes,34.75515278,-79.44199167,Non-Intersection,Dark - Not Lighted,Clear,Unknown,Unknown,Unknown EMS Scene Arrival Hour,Unknown EMS Scene Arrival Minutes,Unknown,Unknown EMS Hospital Arrival Time,1,Dark - Unlighted,Clear,1,2,['Front_Passenger'],['Shoulder_Lapbelt'],1,1,Valid,0.0,1.0,43.0,18.0,"['Male', 'Female']",0,0,3,4,5,Dry,Straight,Level,Lowest,No
24734,37,North Carolina,371161,0,1,1,0,2,NOT APPLICABLE,October,27,Friday,5,6,Rural,High Speed (Arterial),Yes,35.38276111,-83.57996111,Non-Intersection,Daylight,Clear,Unknown,Unknown,Unknown EMS Scene Arrival Hour,Unknown EMS Scene Arrival Minutes,Unknown,Unknown EMS Hospital Arrival Time,1,Daylight,Clear,1,1,['Front_Passenger'],['None_Used'],0,0,Valid,0.0,0.0,33.0,33.0,['Male'],0,0,2,4,2,Dry,Curve,Grade/Hillcrest,Lowest,No
24735,37,North Carolina,371162,0,1,1,0,1,MONROE,October,26,Thursday,7,23,Urban,Low Speed (Local),No,35.03574167,-80.54959444,Non-Intersection,Dawn,Clear,7:00am-7:59am,3,7:00am-7:59am,9,Not Applicable (Not Transported),Not Applicable (Not Transported),1,Twilight,Clear,1,0,['Driver'],['None_Used'],0,0,Valid,0.0,1.0,27.0,27.0,['Male'],0,0,3,4,3,Dry,Straight,Level,Lowest,No
24736,37,North Carolina,371163,0,3,3,0,5,RALEIGH,October,6,Friday,12,28,Urban,Medium Speed (Collector),No,35.74264167,-78.64066111,Complex/Circle,Daylight,Clear,12:00pm-12:59pm,29,12:00pm-12:59pm,37,12:00pm-12:59pm,51,2,Daylight,Clear,2,3,"['Driver', 'Front_Passenger']","['Shoulder_Lapbelt', 'Shoulder_Lapbelt']",0,0,Invalid,0.0,0.0,58.0,18.0,"['Male', 'Male', 'Female']",1,0,3,4,5,Dry,Straight,Level,Lowest,No
24737,37,North Carolina,371164,1,1,1,0,1,NOT APPLICABLE,October,13,Friday,3,55,Rural,Medium Speed (Collector),No,35.90796111,-78.68176944,Non-Intersection,Dark - Not Lighted,Clear,3:00am-3:59am,49,3:00am-3:59am,59,Not Applicable (Not Transported),Not Applicable (Not Transported),1,Dark - Unlighted,Clear,0,1,[],[],0,0,Valid,0.0,0.0,18.0,18.0,['Female'],0,0,3,4,4,Dry,Straight,Grade/Hillcrest,Lowest,No
24738,37,North Carolina,371165,0,2,2,0,2,NOT APPLICABLE,October,24,Tuesday,8,58,Rural,High Speed (Arterial),Yes,35.80435278,-78.44637778,Non-Intersection,Daylight,Clear,8:00am-8:59am,37,8:00am-8:59am,49,Not Applicable (Not Transported),Not Applicable (Not Transported),1,Daylight,Clear,1,1,['Driver'],['None_Used'],0,0,Valid,1.0,2.0,35.0,32.0,"['Male', 'Female']",0,0,4,4,5,Dry,Straight,Level,Lowest,Yes
24739,37,North Carolina,371166,0,1,1,0,2,RALEIGH,October,31,Tuesday,23,16,Urban,Medium Speed (Collector),No,35.75982222,-78.63495833,Non-Intersection,Dark - Not Lighted,Clear,11:00pm-11:59pm,18,11:00pm-11:59pm,24,11:00pm-11:59pm,38,1,Dark - Unlighted,Clear,1,1,['Front_Passenger'],['None_Used'],1,1,Invalid,0.0,0.0,18.0,18.0,['Male'],2,0,2,4,2,Dry,Curve,Level,Lowest,No
24740,37,North Carolina,371167,0,1,1,0,2,NOT APPLICABLE,October,5,Thursday,13,42,Rural,Low Speed (Local),No,36.32501944,-81.69233889,Non-Intersection,Daylight,Clear,1:00pm-1:59pm,38,1:00pm-1:59pm,55,2:00pm-2:59pm,49,1,Daylight,Clear,1,1,['Driver'],['None_Used'],0,0,Valid,1.0,0.0,59.0,59.0,['Male'],2,0,3,4,3,Dry,Straight,Grade/Hillcrest,Lowest,No
24741,37,North Carolina,371168,0,1,1,0,1,NOT APPLICABLE,October,21,Saturday,0,56,Rural,Low Speed (Local),No,35.23764167,-78.01440278,Non-Intersection,Dark - Not Lighted,Clear,Unknown,Unknown,Unknown EMS Scene Arrival Hour,Unknown EMS Scene Arrival Minutes,Not Applicable (Not Transported),Not Applicable (Not Transported),1,Dark - Unlighted,Clear,1,0,['Driver'],['None_Used'],0,0,Valid,0.0,0.0,31.0,31.0,['Female'],1,0,2,4,2,Dry,Straight,Level,Lowest,No
24742,37,North Carolina,371169,1,1,1,0,1,NOT APPLICABLE,October,31,Tuesday,15,53,Rural,Medium Speed (Collector),No,35.43933056,-77.85513889,Non-Intersection,Daylight,Clear,Unknown,Unknown,Unknown EMS Scene Arrival Hour,Unknown EMS Scene Arrival Minutes,Unknown,Unknown EMS Hospital Arrival Time,1,Daylight,Clear,0,1,[],[],0,0,Valid,1.0,1.0,71.0,71.0,['Female'],1,0,2,4,4,Dry,Straight,Level,Lowest,No
24743,37,North Carolina,371170,0,2,2,0,2,WILSON,October,5,Thursday,14,26,Urban,High Speed (Arterial),No,35.73000556,-77.92129167,Complex/Circle,Daylight,Clear,2:00pm-2:59pm,27,2:00pm-2:59pm,40,3:00pm-3:59pm,20,1,Daylight,Clear,1,1,['Driver'],['Shoulder_Lapbelt'],0,0,Valid,0.0,0.0,70.0,33.0,"['Female', 'Female']",0,0,2,4,5,Dry,Straight,Level,Lowest,No
24744,37,North Carolina,371171,0,1,1,0,1,NOT APPLICABLE,October,14,Saturday,1,49,Rural,Low Speed (Local),No,36.21293611,-80.45313889,Non-Intersection,Dark - Not Lighted,Cloudy,1:00am-1:59am,44,1:00am-1:59am,53,Not Applicable (Not Transported),Not Applicable (Not Transported),1,Dark - Unlighted,Reduced Visibility,1,0,['Driver'],['Shoulder_Lapbelt'],1,1,Invalid,0.0,0.0,33.0,33.0,['Male'],1,0,3,4,3,Dry,Curve,Level,Lowest,No
24745,37,North Carolina,371172,1,1,1,0,1,NOT APPLICABLE,October,20,Friday,23,51,Rural,Low Speed (Local),No,36.12507222,-79.47075833,Non-Intersection,Dark - Lighted,Clear,Unknown,Unknown,Unknown EMS Scene Arrival Hour,Unknown EMS Scene Arrival Minutes,Unknown,Unknown EMS Hospital Arrival Time,1,Dark - Lighted,Clear,0,1,[],[],0,0,Valid,0.0,1.0,55.0,55.0,['Male'],0,0,3,2,4,Dry,Straight,Grade/Hillcrest,Lowest,No
24746,37,North Carolina,371173,0,1,1,0,1,NOT APPLICABLE,October,21,Saturday,8,38,Rural,High Speed (Arterial),Yes,35.90920833,-78.17470556,Non-Intersection,Daylight,Clear,8:00am-8:59am,26,8:00am-8:59am,39,Not Applicable (Not Transported),Not Applicable (Not Transported),1,Daylight,Clear,1,0,['Driver'],['None_Used'],0,0,Invalid,0.0,0.0,29.0,29.0,['Male'],0,0,2,4,3,Dry,Straight,Level,Lowest,No
24747,37,North Carolina,371174,0,2,2,0,2,NOT APPLICABLE,November,14,Tuesday,4,2,Rural,Medium Speed (Collector),No,35.88898056,-81.18375833,Non-Intersection,Daylight,Clear,Unknown,Unknown,Unknown EMS Scene Arrival Hour,Unknown EMS Scene Arrival Minutes,Not Applicable (Not Transported),Not Applicable (Not Transported),1,Daylight,Clear,1,1,['Driver'],['None_Used'],0,0,Valid,1.0,0.0,72.0,58.0,"['Female', 'Male']",0,0,3,4,5,Dry,Curve,Level,Lowest,No
24748,37,North Carolina,371175,0,2,2,0,5,NOT APPLICABLE,November,3,Friday,20,4,Rural,Medium Speed (Collector),No,36.37689444,-81.48043889,Non-Intersection,Dark - Not Lighted,Clear,7:00pm-7:59pm,53,7:00pm-7:59pm,57,8:00pm-8:59pm,41,1,Dark - Unlighted,Clear,1,4,['Driver'],['Shoulder_Lapbelt'],0,0,Invalid,1.0,0.0,45.0,25.0,"['Male', 'Female']",0,0,3,4,5,Dry,Straight,Level,Lowest,No
24749,37,North Carolina,371176,0,1,1,0,1,NOT APPLICABLE,November,17,Friday,13,40,Rural,Medium Speed (Collector),No,35.57290278,-76.84592778,Non-Intersection,Daylight,Clear,Unknown,Unknown,Unknown EMS Scene Arrival Hour,Unknown EMS Scene Arrival Minutes,Unknown,Unknown EMS Hospital Arrival Time,1,Daylight,Clear,1,0,['Driver'],['None_Used'],1,1,Valid,0.0,0.0,61.0,61.0,['Male'],0,0,5,4,2,Dry,Curve,Level,Lowest,No
24750,37,North Carolina,371177,0,2,2,0,2,NOT APPLICABLE,November,17,Friday,19,26,Rural,Medium Speed (Collector),No,34.64719167,-78.56061111,Non-Intersection,Dark - Not Lighted,Clear,7:00pm-7:59pm,23,7:00pm-7:59pm,29,7:00pm-7:59pm,42,1,Dark - Unlighted,Clear,1,1,['Driver'],['Shoulder_Lapbelt'],0,0,Valid,1.0,0.0,75.0,42.0,"['Male', 'Male']",0,0,3,4,5,Dry,Straight,Level,Lowest,No
24751,37,North Carolina,371178,0,2,2,0,3,NOT APPLICABLE,November,10,Friday,17,41,Rural,Medium Speed (Collector),No,34.24052778,-77.95809444,Non-Intersection,Dusk,Clear,Unknown,Unknown,Unknown EMS Scene Arrival Hour,Unknown EMS Scene Arrival Minutes,Unknown,Unknown EMS Hospital Arrival Time,1,Twilight,Clear,1,2,['Driver'],['None_Used'],0,0,Valid,2.0,0.0,61.0,37.0,"['Male', 'Male']",0,0,5,4,5,Dry,Straight,Level,Lowest,No
24752,37,North Carolina,371179,0,1,1,0,1,NOT APPLICABLE,November,18,Saturday,22,7,Rural,Low Speed (Local),No,33.96903333,-78.26013056,Non-Intersection,Dark - Not Lighted,Clear,Unknown,Unknown,Unknown EMS Scene Arrival Hour,Unknown EMS Scene Arrival Minutes,Unknown,Unknown EMS Hospital Arrival Time,1,Dark - Unlighted,Clear,1,0,['Driver'],['None_Used'],1,1,Valid,2.0,0.0,47.0,47.0,['Male'],0,0,5,4,2,Dry,Curve,Level,Lowest,No
24753,37,North Carolina,371180,0,2,2,0,3,LELAND,November,18,Saturday,21,4,Urban,High Speed (Arterial),No,34.23595278,-78.00319444,Non-Intersection,Dark - Not Lighted,Clear,Unknown,Unknown,Unknown EMS Scene Arrival Hour,Unknown EMS Scene Arrival Minutes,Not Applicable (Not Transported),Not Applicable (Not Transported),2,Dark - Unlighted,Clear,2,1,"['Driver', 'Front_Passenger']","['None_Used', 'None_Used']",0,0,Valid,0.0,0.0,39.0,20.0,"['Female', 'Male']",0,0,5,4,5,Dry,Straight,Level,Lowest,No
24754,37,North Carolina,371181,0,2,2,0,3,NOT APPLICABLE,November,7,Tuesday,11,45,Rural,High Speed (Arterial),Yes,33.90614722,-78.58575556,Complex/Circle,Daylight,Clear,Unknown,Unknown,Unknown EMS Scene Arrival Hour,Unknown EMS Scene Arrival Minutes,Unknown,Unknown EMS Hospital Arrival Time,1,Daylight,Clear,1,2,['Driver'],['Shoulder_Lapbelt'],0,0,Valid,0.0,0.0,85.0,76.0,"['Female', 'Male']",0,0,3,4,5,Dry,Straight,Level,Lowest,No
24755,37,North Carolina,371182,0,2,2,0,3,NOT APPLICABLE,November,2,Thursday,11,45,Rural,High Speed (Arterial),Yes,35.71081944,-81.44221944,Non-Intersection,Daylight,Clear,Unknown,Unknown,Unknown EMS Scene Arrival Hour,Unknown EMS Scene Arrival Minutes,Not Applicable (Not Transported),Not Applicable (Not Transported),2,Daylight,Clear,2,1,"['Driver', 'Front_Passenger']","['None_Used', 'None_Used']",0,0,Valid,1.0,0.0,57.0,44.0,"['Female', 'Male']",0,0,4,4,5,Dry,Straight,Level,Lowest,No
24756,37,North Carolina,371183,0,1,1,0,1,NOT APPLICABLE,November,23,Thursday,0,57,Rural,High Speed (Arterial),No,34.72904167,-76.89510833,Non-Intersection,Dark - Not Lighted,Clear,Unknown,Unknown,Unknown EMS Scene Arrival Hour,Unknown EMS Scene Arrival Minutes,Unknown,Unknown EMS Hospital Arrival Time,1,Dark - Unlighted,Clear,1,0,['Driver'],['Shoulder_Lapbelt'],1,1,Valid,0.0,0.0,38.0,38.0,['Male'],0,0,3,4,3,Dry,Straight,Level,Lowest,No
24757,37,North Carolina,371184,0,1,1,0,1,NOT APPLICABLE,November,2,Thursday,21,51,Rural,Low Speed (Local),No,35.64279444,-79.41873333,Non-Intersection,Dark - Not Lighted,Clear,9:00pm-9:59pm,49,9:00pm-9:59pm,58,Not Applicable (Not Transported),Not Applicable (Not Transported),1,Dark - Unlighted,Clear,1,0,['Driver'],['None_Used'],1,1,Valid,0.0,0.0,31.0,31.0,['Male'],0,0,3,4,3,Dry,Curve,Level,Lowest,No
24758,37,North Carolina,371185,0,2,2,0,2,NOT APPLICABLE,November,11,Saturday,17,3,Rural,Low Speed (Local),No,35.61082778,-79.20983056,Non-Intersection,Dusk,Clear,5:00pm-5:59pm,6,5:00pm-5:59pm,18,6:00pm-6:59pm,16,1,Twilight,Clear,1,1,['Driver'],['None_Used'],0,0,Valid,2.0,0.0,70.0,43.0,"['Female', 'Female']",0,0,3,4,5,Dry,Curve,Level,Lowest,No
24759,37,North Carolina,371186,0,2,2,0,3,NOT APPLICABLE,November,11,Saturday,13,41,Rural,High Speed (Arterial),Yes,35.01913611,-84.19455833,Non-Intersection,Daylight,Clear,1:00pm-1:59pm,39,1:00pm-1:59pm,48,2:00pm-2:59pm,19,1,Daylight,Clear,1,2,['Driver'],['Shoulder_Lapbelt'],1,1,Invalid,0.0,1.0,53.0,49.0,"['Male', 'Male']",1,0,3,4,5,Dry,Straight,Level,Lowest,Yes
24760,37,North Carolina,371187,0,2,2,0,3,NOT APPLICABLE,November,3,Friday,9,37,Rural,Medium Speed (Collector),No,35.39258611,-81.45279167,Complex/Circle,Daylight,Clear,9:00am-9:59am,34,9:00am-9:59am,41,10:00am-10:59am,15,1,Daylight,Clear,1,2,['Driver'],['None_Used'],0,0,Valid,1.0,0.0,93.0,53.0,"['Female', 'Female']",0,0,3,4,5,Dry,Straight,Level,Lowest,No
24761,37,North Carolina,371188,0,2,2,0,3,NOT APPLICABLE,November,2,Thursday,10,25,Rural,Medium Speed (Collector),No,35.19623056,-81.44396944,Complex/Circle,Daylight,Clear,10:00am-10:59am,20,10:00am-10:59am,26,Not Applicable (Not Transported),Not Applicable (Not Transported),1,Daylight,Clear,1,2,['Driver'],['None_Used'],0,0,Valid,0.0,2.0,39.0,36.0,"['Female', 'Male']",0,0,5,4,5,Dry,Straight,Level,Lowest,No
24762,37,North Carolina,371189,0,1,1,0,1,NOT APPLICABLE,November,13,Monday,11,58,Rural,Low Speed (Local),No,35.29596111,-81.678,Simple Junction,Reported as Unknown,Other,12:00pm-12:59pm,54,1:00pm-1:59pm,3,Not Applicable (Not Transported),Not Applicable (Not Transported),1,Dark - Unlighted,Reduced Visibility,1,0,['Driver'],['None_Used'],0,0,Invalid,1.0,0.0,48.0,48.0,['Male'],0,0,3,4,3,Dry,Curve,Level,Lowest,No
24763,37,North Carolina,371190,0,2,2,0,2,NOT APPLICABLE,November,6,Monday,17,46,Rural,High Speed (Arterial),Yes,34.3494,-78.66194167,Non-Intersection,Dark - Not Lighted,Clear,5:00pm-5:59pm,43,5:00pm-5:59pm,47,7:00pm-7:59pm,12,1,Dark - Unlighted,Clear,1,1,['Driver'],['Shoulder_Lapbelt'],0,0,Valid,1.0,3.0,64.0,62.0,"['Male', 'Female']",0,0,3,4,5,Dry,Straight,Level,Lowest,No
24764,37,North Carolina,371191,0,1,1,0,1,DURHAM,November,18,Saturday,23,53,Urban,High Speed (Arterial),Yes,35.879325,-78.83715278,Non-Intersection,Dark - Not Lighted,Clear,11:00pm-11:59pm,53,0:00am-0:59am,0,Not Applicable (Not Transported),Not Applicable (Not Transported),1,Dark - Unlighted,Clear,1,0,['Driver'],['Shoulder_Lapbelt'],1,1,Invalid,3.0,1.0,45.0,45.0,['Female'],1,0,3,4,3,Dry,Straight,Level,Lowest,No
24765,37,North Carolina,371192,1,1,1,0,2,NOT APPLICABLE,November,4,Saturday,19,22,Rural,Low Speed (Local),No,35.83741667,-80.276925,Non-Intersection,Dark - Not Lighted,Clear,7:00pm-7:59pm,21,7:00pm-7:59pm,27,Not Applicable (Not Transported),Not Applicable (Not Transported),1,Dark - Unlighted,Clear,0,2,[],[],0,0,Valid,0.0,0.0,62.0,62.0,['Male'],0,0,3,4,4,Dry,Straight,Level,Lowest,No
24766,37,North Carolina,371193,1,1,1,0,1,ROCKY MOUNT,November,18,Saturday,0,59,Urban,High Speed (Arterial),Yes,35.94621944,-77.77025556,Complex/Circle,Dark - Lighted,Clear,1:00am-1:59am,1,1:00am-1:59am,2,Not Applicable (Not Transported),Not Applicable (Not Transported),1,Dark - Lighted,Clear,0,0,[],[],0,0,Invalid,0.0,0.0,999.0,999.0,['Other'],0,0,1,0,4,Dry,Straight,Level,Lowest,No
24767,37,North Carolina,371194,0,1,1,0,2,WINSTON SALEM,November,8,Wednesday,9,27,Urban,Low Speed (Local),No,36.06604167,-80.18001944,Simple Junction,Daylight,Clear,9:00am-9:59am,32,9:00am-9:59am,38,10:00am-10:59am,13,1,Daylight,Clear,1,1,['Driver'],['None_Used'],0,0,Invalid,1.0,2.0,30.0,30.0,['Male'],2,0,2,4,3,Dry,Curve,Level,Lowest,No
24768,37,North Carolina,371195,1,2,2,0,1,NOT APPLICABLE,November,19,Sunday,20,12,Rural,High Speed (Arterial),Yes,36.14578056,-80.15563889,Non-Intersection,Dark - Not Lighted,Clear,8:00pm-8:59pm,2,8:00pm-8:59pm,22,8:00pm-8:59pm,36,1,Dark - Unlighted,Clear,0,1,[],[],0,0,Valid,0.0,0.0,83.0,83.0,['Male'],0,0,3,4,4,Dry,Straight,Level,Lowest,No
24769,37,North Carolina,371196,0,1,1,0,1,NOT APPLICABLE,November,8,Wednesday,0,19,Rural,Low Speed (Local),No,35.17141111,-81.14876944,Non-Intersection,Dark - Not Lighted,Clear,0:00am-0:59am,14,0:00am-0:59am,23,Not Applicable (Not Transported),Not Applicable (Not Transported),1,Dark - Unlighted,Clear,1,0,['Driver'],['Shoulder_Lapbelt'],1,1,Invalid,0.0,0.0,47.0,47.0,['Male'],1,0,2,4,3,Dry,Curve,Level,Lowest,No
24770,37,North Carolina,371197,1,1,1,0,1,NOT APPLICABLE,November,11,Saturday,18,31,Rural,High Speed (Arterial),Yes,35.25601944,-81.05016944,Non-Intersection,Dark - Not Lighted,Clear,6:00pm-6:59pm,14,6:00pm-6:59pm,21,6:00pm-6:59pm,49,1,Dark - Unlighted,Clear,0,1,[],[],0,0,Valid,1.0,0.0,63.0,63.0,['Male'],0,0,3,1,4,Dry,Straight,Level,Lowest,No
24771,37,North Carolina,371198,1,1,1,0,1,GREENSBORO,November,8,Wednesday,20,3,Urban,Medium Speed (Collector),No,36.13368056,-79.9393,Simple Junction,Dark - Not Lighted,Clear,8:00pm-8:59pm,7,8:00pm-8:59pm,18,Not Applicable (Not Transported),Not Applicable (Not Transported),1,Dark - Unlighted,Clear,0,1,[],[],0,0,Valid,0.0,0.0,52.0,52.0,['Male'],1,0,3,4,4,Dry,Straight,Level,Lowest,No
24772,37,North Carolina,371199,1,1,1,0,1,GREENSBORO,November,10,Friday,20,39,Urban,Low Speed (Local),No,36.11721111,-79.75358889,Non-Intersection,Dark - Not Lighted,Clear,8:00pm-8:59pm,40,8:00pm-8:59pm,45,9:00pm-9:59pm,7,1,Dark - Unlighted,Clear,0,0,[],[],0,0,Invalid,0.0,0.0,999.0,999.0,['Other'],0,0,1,0,4,Dry,Straight,Level,Lowest,No
24773,37,North Carolina,371200,0,2,1,1,2,HIGH POINT,November,13,Monday,0,4,Urban,Medium Speed (Collector),No,35.97530278,-79.97918333,Non-Intersection,Dark - Lighted,Cloudy,0:00am-0:59am,6,0:00am-0:59am,10,Not Applicable (Not Transported),Not Applicable (Not Transported),1,Dark - Lighted,Reduced Visibility,1,1,['Front_Passenger'],['None_Used'],1,1,Invalid,1.0,1.0,35.0,35.0,['Male'],2,0,2,4,3,Dry,Curve,Level,Lowest,No
24774,37,North Carolina,371201,0,2,2,0,2,HIGH POINT,November,19,Sunday,0,24,Urban,High Speed (Arterial),Yes,35.98267778,-80.02311944,Complex/Circle,Dark - Lighted,Clear,0:00am-0:59am,27,0:00am-0:59am,33,1:00am-1:59am,15,1,Dark - Lighted,Clear,1,1,['Driver'],['None_Used'],0,0,Valid,1.0,1.0,27.0,18.0,"['Male', 'Male']",1,0,5,4,5,Dry,Straight,Level,Lowest,No
24775,37,North Carolina,371202,0,3,3,0,8,NOT APPLICABLE,November,25,Saturday,20,23,Rural,Medium Speed (Collector),No,36.40673056,-77.71013889,Non-Intersection,Dark - Not Lighted,Clear,8:00pm-8:59pm,13,8:00pm-8:59pm,19,8:00pm-8:59pm,32,1,Dark - Unlighted,Clear,1,7,['Front_Passenger'],['Shoulder_Lapbelt'],0,0,Valid,0.0,0.0,65.0,19.0,"['Male', 'Female', 'Male']",0,0,3,4,5,Dry,Straight,Level,Lowest,No
24776,37,North Carolina,371203,0,3,3,0,4,NOT APPLICABLE,November,2,Thursday,6,16,Rural,Low Speed (Local),No,35.32978889,-79.02893056,Non-Intersection,Dark - Not Lighted,Clear,6:00am-6:59am,3,6:00am-6:59am,11,7:00am-7:59am,10,1,Dark - Unlighted,Clear,1,3,['Driver'],['Shoulder_Lapbelt'],0,0,Valid,1.0,0.0,54.0,19.0,"['Female', 'Female', 'Male']",0,0,2,4,5,Dry,Straight,Level,Lowest,No