,State_Code,State_Name,Crash_ID,Count_Non_Motorists,Count_Vehicles_Total,Count_Vehicle_Forms,Count_PVH_Involved,Count_Occupants_MV,City_Name,Month_Name,Day_of_Month,Day_of_Week,Crash_Hour,Crash_Minute,Area_Rural_Urban,Road_Functional_Class,On_NHS_Road,Latitude,Longitude,Intersection_Type,Light_Condition,Weather_Condition,Notif_Hour,Notif_Minute,Arrival_Hour,Arrival_Minute,Hospital_Hour,Hospital_Minute,Fatalities_Count,Clean_Light_Condition,Clean_Weather_Condition,Total_Killed,Total_Alive,Fatal_Seats_List,Killed_Restraint_List,Any_Driver_Drinking,Total_Drinking_Drivers,Driver_License_Category,Driver_Max_Prev_Accident_Count,Driver_Max_Prev_Speeding_Count,Max_Driver_Age,Min_Driver_Age,Driver_Sex_List,Total_Exceeding_Limit_Vehicles,Total_Too_Fast_Vehicles,Max_Vehicle_Type_Severity_5,Max_Vehicle_Damage_Rank,Max_Harmful_Event_Severity,Crash_Road_Surface_Condition,Crash_Horizontal_Alignment,Crash_Vertical_Profile,Crash_Impairment_Category,Crash_Vehicle_Defect
24777,37,North Carolina,371204,0,2,2,0,5,NOT APPLICABLE,November,8,Wednesday,14,43,Rural,Low Speed (Local),No,34.90516944,-79.33738611,Complex/Circle,Daylight,Clear,Unknown,Unknown,Unknown EMS Scene Arrival Hour,Unknown EMS Scene Arrival Minutes,Unknown,Unknown EMS Hospital Arrival Time,1,Daylight,Clear,1,4,['Driver'],['None_Used'],0,0,Valid,2.0,0.0,46.0,42.0,"['Female', 'Female']",0,0,3,4,5,Dry,Straight,Level,Lowest,No
24778,37,North Carolina,371205,0,2,2,0,2,NOT APPLICABLE,November,11,Saturday,10,24,Rural,Low Speed (Local),No,34.98206944,-79.13398056,Non-Intersection,Daylight,Rain,Unknown,Unknown,Unknown EMS Scene Arrival Hour,Unknown EMS Scene Arrival Minutes,Unknown,Unknown EMS Hospital Arrival Time,2,Daylight,Rain/Wind/Minor,2,0,"['Driver', 'Driver']","['None_Used', 'Shoulder_Lapbelt']",0,0,Valid,0.0,0.0,62.0,35.0,"['Male', 'Female']",1,0,2,4,5,Wet/Standing Water,Curve,Level,Lowest,No
24779,37,North Carolina,371206,0,1,1,0,1,NOT APPLICABLE,November,21,Tuesday,3,8,Rural,Medium Speed (Collector),No,35.54410556,-80.74049167,Non-Intersection,Dark - Not Lighted,Rain,Unknown,Unknown,Unknown EMS Scene Arrival Hour,Unknown EMS Scene Arrival Minutes,Not Applicable (Not Transported),Not Applicable (Not Transported),1,Dark - Unlighted,Rain/Wind/Minor,1,0,['Driver'],['Shoulder_Lapbelt'],0,0,Valid,0.0,0.0,42.0,42.0,['Male'],1,0,3,4,3,Wet/Standing Water,Curve,Grade/Hillcrest,Lowest,No
24780,37,North Carolina,371207,0,1,1,0,1,CONCORD,November,18,Saturday,14,8,Urban,High Speed (Arterial),Yes,35.36366111,-80.71843889,Non-Intersection,Daylight,Clear,Not Applicable (Not Notified),Not Applicable (Not Notified),Not Applicable,Not Applicable,Not Applicable (Not Transported),Not Applicable (Not Transported),1,Daylight,Clear,1,0,['Driver'],['None_Used'],0,0,Valid,2.0,0.0,48.0,48.0,['Female'],1,0,3,4,3,Dry,Straight,Level,Lowest,No
24781,37,North Carolina,371208,0,2,2,0,2,HICKORY,November,14,Tuesday,22,0,Urban,High Speed (Arterial),Yes,35.71761667,-81.33814444,Complex/Circle,Dark - Lighted,Clear,9:00pm-9:59pm,59,10:00pm-10:59pm,3,Not Applicable (Not Transported),Not Applicable (Not Transported),1,Dark - Lighted,Clear,1,1,['Driver'],['None_Used'],0,0,Valid,1.0,1.0,55.0,22.0,"['Male', 'Male']",0,0,5,4,5,Dry,Straight,Level,Lowest,No
24782,37,North Carolina,371209,0,3,3,0,2,NOT APPLICABLE,November,16,Thursday,23,29,Rural,High Speed (Arterial),Yes,35.60616111,-81.11406944,Complex/Circle,Dark - Not Lighted,Clear,11:00pm-11:59pm,25,11:00pm-11:59pm,35,0:00am-0:59am,6,1,Dark - Unlighted,Clear,1,1,['Driver'],['Shoulder_Lapbelt'],0,0,Valid,2.0,0.0,71.0,34.0,"['Male', 'Female']",0,0,4,4,5,Dry,Straight,Level,Lowest,No
24783,37,North Carolina,371210,1,1,1,0,1,NOT APPLICABLE,November,17,Friday,18,19,Rural,Low Speed (Local),No,34.9437,-78.86896111,Non-Intersection,Dark - Not Lighted,Clear,6:00pm-6:59pm,11,6:00pm-6:59pm,25,6:00pm-6:59pm,52,1,Dark - Unlighted,Clear,0,1,[],[],0,0,Valid,0.0,0.0,67.0,67.0,['Male'],0,0,2,1,4,Dry,Straight,Level,Lowest,No
24784,37,North Carolina,371211,1,2,2,0,2,NOT APPLICABLE,November,13,Monday,19,34,Rural,High Speed (Arterial),Yes,35.83558889,-80.28098889,Non-Intersection,Dark - Not Lighted,Clear,7:00pm-7:59pm,31,7:00pm-7:59pm,38,Not Applicable (Not Transported),Not Applicable (Not Transported),1,Dark - Unlighted,Clear,0,2,[],[],1,1,Valid,0.0,0.0,56.0,16.0,"['Female', 'Female']",0,0,2,4,4,Dry,Straight,Level,Lowest,No
24785,37,North Carolina,371212,1,1,1,0,1,NOT APPLICABLE,November,26,Sunday,15,21,Rural,High Speed (Arterial),Yes,36.0621,-78.78921944,Non-Intersection,Daylight,Clear,3:00pm-3:59pm,15,3:00pm-3:59pm,26,3:00pm-3:59pm,46,1,Daylight,Clear,0,1,[],[],0,0,Valid,1.0,0.0,61.0,61.0,['Male'],0,0,2,1,4,Dry,Straight,Level,Lowest,No
24786,37,North Carolina,371213,0,2,2,0,5,WINSTON SALEM,November,24,Friday,0,16,Urban,Medium Speed (Collector),No,36.06957778,-80.16366944,Simple Junction,Dark - Lighted,Clear,0:00am-0:59am,27,0:00am-0:59am,37,1:00am-1:59am,11,1,Dark - Lighted,Clear,1,4,['Driver'],['Shoulder_Lapbelt'],0,0,Valid,1.0,1.0,26.0,16.0,"['Female', 'Male']",0,0,2,4,5,Dry,Straight,Grade/Hillcrest,Lowest,No
24787,37,North Carolina,371214,0,1,1,0,1,LEWISVILLE,November,23,Thursday,13,0,Urban,Medium Speed (Collector),No,36.10616111,-80.4058,Non-Intersection,Daylight,Clear,12:00pm-12:59pm,58,1:00pm-1:59pm,8,Not Applicable (Not Transported),Not Applicable (Not Transported),1,Daylight,Clear,1,0,['Driver'],['Shoulder_Lapbelt'],0,0,Invalid,0.0,0.0,18.0,18.0,['Female'],1,0,3,4,3,Dry,Curve,Level,Lowest,No
24788,37,North Carolina,371215,1,1,1,0,1,GREENSBORO,November,17,Friday,6,44,Urban,High Speed (Arterial),Yes,36.08765833,-79.74829444,Non-Intersection,Dawn,Cloudy,6:00am-6:59am,44,6:00am-6:59am,51,7:00am-7:59am,6,1,Twilight,Reduced Visibility,0,1,[],[],0,0,Valid,1.0,0.0,56.0,56.0,['Male'],0,0,2,4,4,Dry,Straight,Grade/Hillcrest,Lowest,No
24789,37,North Carolina,371216,0,3,1,2,1,NOT APPLICABLE,November,17,Friday,1,58,Rural,Medium Speed (Collector),No,35.22623056,-78.94942778,Non-Intersection,Dark - Not Lighted,Clear,1:00am-1:59am,56,2:00am-2:59am,4,2:00am-2:59am,28,1,Dark - Unlighted,Clear,1,0,['Driver'],['None_Used'],0,0,Valid,0.0,0.0,20.0,20.0,['Male'],1,0,2,4,3,Dry,Curve,Level,Lowest,No
24790,37,North Carolina,371217,0,1,1,0,4,NOT APPLICABLE,November,13,Monday,21,42,Rural,Medium Speed (Collector),No,35.31183611,-77.80501111,Non-Intersection,Dark - Not Lighted,Clear,9:00pm-9:59pm,49,10:00pm-10:59pm,2,10:00pm-10:59pm,48,1,Dark - Unlighted,Clear,1,3,['Rear_Seat'],['None_Used'],1,1,Invalid,0.0,0.0,33.0,33.0,['Female'],4,0,3,4,3,Dry,Straight,Level,Lowest,No
24791,37,North Carolina,371218,1,2,2,0,3,NOT APPLICABLE,November,14,Tuesday,17,39,Rural,Medium Speed (Collector),No,35.23591944,-77.62745833,Non-Intersection,Dark - Not Lighted,Clear,5:00pm-5:59pm,34,5:00pm-5:59pm,38,Not Applicable (Not Transported),Not Applicable (Not Transported),1,Dark - Unlighted,Clear,0,3,[],[],0,0,Valid,0.0,0.0,61.0,51.0,"['Female', 'Female']",0,0,3,4,5,Dry,Straight,Level,Lowest,No
24792,37,North Carolina,371219,0,1,1,0,1,NOT APPLICABLE,November,7,Tuesday,15,39,Rural,High Speed (Arterial),Yes,35.49013611,-81.23174722,Non-Intersection,Daylight,Clear,3:00pm-3:59pm,59,4:00pm-4:59pm,6,4:00pm-4:59pm,25,1,Daylight,Clear,1,0,['Driver'],['Shoulder_Lapbelt'],0,0,Invalid,0.0,0.0,36.0,36.0,['Male'],1,0,2,4,3,Dry,Straight,Level,Lowest,No
24793,37,North Carolina,371220,0,2,2,0,3,NOT APPLICABLE,November,17,Friday,17,16,Rural,Medium Speed (Collector),No,35.518625,-81.3681,Complex/Circle,Daylight,Clear,5:00pm-5:59pm,23,5:00pm-5:59pm,27,6:00pm-6:59pm,10,1,Daylight,Clear,1,2,['Driver'],['None_Used'],0,0,Valid,1.0,1.0,65.0,56.0,"['Female', 'Female']",0,0,3,4,5,Dry,Straight,Level,Lowest,No
24794,37,North Carolina,371221,0,2,2,0,2,CHARLOTTE,November,8,Wednesday,21,13,Urban,Medium Speed (Collector),No,35.27903333,-80.793575,Non-Intersection,Dark - Lighted,Clear,9:00pm-9:59pm,13,9:00pm-9:59pm,16,9:00pm-9:59pm,50,1,Dark - Lighted,Clear,1,1,['Driver'],['Shoulder_Lapbelt'],0,0,Invalid,2.0,1.0,54.0,44.0,"['Male', 'Male']",0,0,3,4,5,Dry,Straight,Grade/Hillcrest,Lowest,No
24795,37,North Carolina,371222,1,1,1,0,1,CHARLOTTE,November,12,Sunday,2,33,Urban,Low Speed (Local),No,35.28038889,-80.7866,Non-Intersection,Dark - Not Lighted,Cloudy,2:00am-2:59am,32,2:00am-2:59am,40,Not Applicable (Not Transported),Not Applicable (Not Transported),1,Dark - Unlighted,Reduced Visibility,0,1,[],[],1,1,Valid,0.0,0.0,32.0,32.0,['Male'],0,0,2,4,4,Dry,Straight,Level,Lowest,No
24796,37,North Carolina,371223,0,1,1,0,1,CHARLOTTE,November,13,Monday,21,12,Urban,Medium Speed (Collector),No,35.039325,-80.80615,Simple Junction,Dark - Lighted,Clear,9:00pm-9:59pm,9,9:00pm-9:59pm,20,Not Applicable (Not Transported),Not Applicable (Not Transported),1,Dark - Lighted,Clear,1,0,['Driver'],['Shoulder_Lapbelt'],0,0,Valid,1.0,0.0,22.0,22.0,['Male'],1,0,2,4,3,Dry,Straight,Level,Lowest,No
24797,37,North Carolina,371226,1,1,1,0,1,NOT APPLICABLE,October,18,Wednesday,21,6,Rural,Medium Speed (Collector),No,35.360125,-78.08012222,Non-Intersection,Dark - Not Lighted,Clear,Unknown,Unknown,Unknown EMS Scene Arrival Hour,Unknown EMS Scene Arrival Minutes,Not Applicable (Not Transported),Not Applicable (Not Transported),1,Dark - Unlighted,Clear,0,1,[],[],0,0,Valid,0.0,0.0,50.0,50.0,['Male'],0,0,3,4,4,Dry,Straight,Level,Lowest,No
24798,37,North Carolina,371227,0,1,1,0,2,NOT APPLICABLE,October,28,Saturday,2,4,Rural,Low Speed (Local),No,35.25583889,-78.97599167,Non-Intersection,Dark - Not Lighted,Clear,2:00am-2:59am,2,2:00am-2:59am,8,Not Applicable (Not Transported),Not Applicable (Not Transported),2,Dark - Unlighted,Clear,2,0,"['Driver', 'Front_Passenger']","['None_Used', 'None_Used']",1,1,Valid,0.0,0.0,19.0,19.0,['Male'],2,0,3,4,3,Dry,Curve,Level,Lowest,No
24799,37,North Carolina,371228,2,3,3,0,1,NOT APPLICABLE,October,30,Monday,8,45,Rural,High Speed (Arterial),Yes,35.54854444,-82.46352222,Non-Intersection,Daylight,Clear,8:00am-8:59am,45,8:00am-8:59am,49,Not Applicable (Not Transported),Not Applicable (Not Transported),2,Daylight,Clear,0,1,[],[],0,0,Valid,0.0,0.0,73.0,73.0,['Male'],1,0,3,4,5,Dry,Straight,Grade/Hillcrest,Lowest,No
24800,37,North Carolina,371229,0,2,2,0,2,ASHEVILLE,November,8,Wednesday,15,0,Urban,Medium Speed (Collector),No,35.63582222,-82.56368889,Non-Intersection,Daylight,Clear,Unknown,Unknown if Notified,Unknown EMS Scene Arrival Hour,Unknown if Arrived,Not Applicable (Not Transported),Not Applicable (Not Transported),1,Daylight,Clear,1,1,['Driver'],['Shoulder_Lapbelt'],0,0,Valid,0.0,0.0,73.0,69.0,"['Male', 'Female']",1,0,3,2,5,Dry,Straight,Level,Lowest,No
24801,37,North Carolina,371230,0,1,1,0,1,NOT APPLICABLE,November,15,Wednesday,21,51,Rural,Medium Speed (Collector),No,35.98255556,-79.61742222,Non-Intersection,Dark - Not Lighted,Clear,9:00pm-9:59pm,51,10:00pm-10:59pm,11,10:00pm-10:59pm,50,1,Dark - Unlighted,Clear,1,0,['Driver'],['None_Used'],0,0,Valid,0.0,0.0,22.0,22.0,['Male'],0,0,5,4,3,Dry,Straight,Grade/Hillcrest,Lowest,No
24802,37,North Carolina,371231,1,1,1,0,1,WINSTON SALEM,November,18,Saturday,7,35,Urban,Medium Speed (Collector),No,36.08105,-80.33891389,Non-Intersection,Daylight,Clear,7:00am-7:59am,35,7:00am-7:59am,46,8:00am-8:59am,3,1,Daylight,Clear,0,1,[],[],0,0,Valid,0.0,0.0,75.0,75.0,['Female'],0,0,2,4,4,Dry,Straight,Grade/Hillcrest,Lowest,No
24803,37,North Carolina,371232,0,2,2,0,2,NOT APPLICABLE,November,18,Saturday,7,4,Urban,High Speed (Arterial),Yes,36.00084722,-80.23738611,Non-Intersection,Daylight,Clear,7:00am-7:59am,0,7:00am-7:59am,15,Not Applicable (Not Transported),Not Applicable (Not Transported),1,Daylight,Clear,1,1,['Driver'],['None_Used'],0,0,Valid,0.0,0.0,54.0,30.0,"['Male', 'Male']",0,0,4,4,5,Dry,Straight,Level,Lowest,No
24804,37,North Carolina,371233,1,3,3,0,5,WADESBORO,November,26,Sunday,2,42,Urban,High Speed (Arterial),Yes,34.96359167,-80.04966389,Non-Intersection,Dark - Not Lighted,Clear,2:00am-2:59am,42,2:00am-2:59am,47,3:00am-3:59am,35,1,Dark - Unlighted,Clear,1,4,['Driver'],['Shoulder_Lapbelt'],1,1,Valid,2.0,1.0,27.0,24.0,"['Male', 'Female', 'Male']",2,0,4,4,5,Dry,Straight,Level,Lowest,No
24805,37,North Carolina,371234,0,1,1,0,2,HICKORY,October,29,Sunday,2,19,Urban,Low Speed (Local),No,35.72445556,-81.36453611,Non-Intersection,Dark - Not Lighted,Clear,2:00am-2:59am,20,2:00am-2:59am,27,Not Applicable (Not Transported),Not Applicable (Not Transported),2,Dark - Unlighted,Clear,2,0,"['Driver', 'Front_Passenger']","['Shoulder_Lapbelt', 'Shoulder_Lapbelt']",0,0,Valid,0.0,1.0,27.0,27.0,['Male'],2,0,2,4,3,Dry,Curve,Grade/Hillcrest,Lowest,No
24806,37,North Carolina,371235,0,1,1,0,1,NOT APPLICABLE,October,26,Thursday,17,28,Rural,High Speed (Arterial),Yes,35.635925,-79.04744444,Non-Intersection,Daylight,Clear,5:00pm-5:59pm,25,5:00pm-5:59pm,29,Not Applicable (Not Transported),Not Applicable (Not Transported),1,Daylight,Clear,1,0,['Driver'],['None_Used'],0,0,Valid,1.0,0.0,35.0,35.0,['Male'],1,0,5,4,3,Dry,Straight,Grade/Hillcrest,Lowest,No
24807,37,North Carolina,371236,0,2,2,0,2,NOT APPLICABLE,October,17,Tuesday,8,4,Rural,Medium Speed (Collector),No,35.93584722,-80.23625278,Complex/Circle,Daylight,Clear,Unknown,Unknown,Unknown EMS Scene Arrival Hour,Unknown EMS Scene Arrival Minutes,Unknown,Unknown EMS Hospital Arrival Time,1,Daylight,Clear,1,1,['Driver'],['Shoulder_Lapbelt'],0,0,Valid,0.0,0.0,37.0,19.0,"['Male', 'Male']",0,0,3,4,5,Dry,Straight,Level,Lowest,No
24808,37,North Carolina,371238,0,2,2,0,2,NOT APPLICABLE,September,8,Friday,21,59,Rural,Low Speed (Local),No,34.84491389,-79.06948611,Non-Intersection,Dark - Not Lighted,Clear,9:00pm-9:59pm,58,10:00pm-10:59pm,19,11:00pm-11:59pm,35,1,Dark - Unlighted,Clear,1,1,['Driver'],['None_Used'],0,0,Valid,0.0,0.0,40.0,20.0,"['Female', 'Male']",0,0,5,4,5,Dry,Straight,Level,Lowest,No
24809,37,North Carolina,371239,0,2,2,0,2,NOT APPLICABLE,September,4,Monday,13,10,Urban,Medium Speed (Collector),No,35.73928333,-78.54776944,Non-Intersection,Daylight,Clear,1:00pm-1:59pm,6,1:00pm-1:59pm,12,Not Applicable (Not Transported),Not Applicable (Not Transported),1,Daylight,Clear,1,1,['Driver'],['None_Used'],0,0,Valid,0.0,0.0,27.0,19.0,"['Male', 'Male']",1,0,5,4,5,Dry,Curve,Level,Lowest,No
24810,37,North Carolina,371240,1,1,1,0,1,NOT APPLICABLE,September,15,Friday,23,19,Rural,Medium Speed (Collector),No,35.74828611,-78.44742222,Non-Intersection,Dark - Not Lighted,Clear,11:00pm-11:59pm,18,11:00pm-11:59pm,25,11:00pm-11:59pm,44,1,Dark - Unlighted,Clear,0,1,[],[],0,0,Valid,2.0,0.0,46.0,46.0,['Male'],0,0,3,2,4,Dry,Straight,Level,Lowest,No
24811,37,North Carolina,371241,0,1,1,0,1,NOT APPLICABLE,November,26,Sunday,6,42,Rural,Medium Speed (Collector),No,35.84016944,-79.26719167,Non-Intersection,Daylight,Clear,6:00am-6:59am,44,6:00am-6:59am,59,Not Applicable (Not Transported),Not Applicable (Not Transported),1,Daylight,Clear,1,0,['Driver'],['Shoulder_Lapbelt'],1,1,Invalid,0.0,0.0,20.0,20.0,['Female'],0,0,2,4,2,Dry,Straight,Level,Lowest,No
24812,37,North Carolina,371242,0,2,2,0,2,WILMINGTON,October,25,Wednesday,12,6,Urban,High Speed (Arterial),No,34.19563889,-77.90889444,Complex/Circle,Daylight,Clear,Unknown,Unknown,Unknown EMS Scene Arrival Hour,Unknown EMS Scene Arrival Minutes,Unknown,Unknown EMS Hospital Arrival Time,1,Daylight,Clear,1,1,['Driver'],['None_Used'],0,0,Invalid,1.0,0.0,53.0,33.0,"['Male', 'Male']",0,0,5,4,5,Dry,Straight,Level,Lowest,No
24813,37,North Carolina,371243,0,2,2,0,2,GREENVILLE,October,19,Thursday,16,14,Urban,Medium Speed (Collector),No,35.64108056,-77.36784722,Non-Intersection,Daylight,Rain,Unknown,Unknown,Unknown EMS Scene Arrival Hour,Unknown EMS Scene Arrival Minutes,Not Applicable (Not Transported),Not Applicable (Not Transported),1,Daylight,Rain/Wind/Minor,1,1,['Driver'],['Shoulder_Lapbelt'],0,0,Invalid,1.0,0.0,41.0,31.0,"['Female', 'Male']",0,0,3,4,5,Wet/Standing Water,Straight,Level,Lowest,No
24814,37,North Carolina,371244,1,1,1,0,1,NOT APPLICABLE,October,10,Tuesday,23,10,Rural,Medium Speed (Collector),No,35.82792778,-80.28963889,Non-Intersection,Dark - Not Lighted,Clear,11:00pm-11:59pm,4,11:00pm-11:59pm,10,11:00pm-11:59pm,34,1,Dark - Unlighted,Clear,0,0,[],[],0,0,Invalid,0.0,0.0,999.0,999.0,['Other'],0,0,1,0,4,Dry,Curve,Level,Lowest,No
24815,37,North Carolina,371245,1,1,1,0,1,NOT APPLICABLE,October,30,Monday,21,37,Rural,Medium Speed (Collector),No,36.08268056,-78.56290833,Non-Intersection,Dark - Not Lighted,Clear,Unknown,Unknown,Unknown EMS Scene Arrival Hour,Unknown EMS Scene Arrival Minutes,Not Applicable (Not Transported),Not Applicable (Not Transported),1,Dark - Unlighted,Clear,0,1,[],[],1,1,Invalid,4.0,4.0,24.0,24.0,['Male'],0,0,2,2,4,Dry,Straight,Level,Lowest,No
24816,37,North Carolina,371246,1,1,1,0,1,NOT APPLICABLE,October,30,Monday,7,4,Rural,Medium Speed (Collector),No,35.282675,-82.423025,Non-Intersection,Daylight,Clear,6:00am-6:59am,53,6:00am-6:59am,59,Not Applicable (Not Transported),Not Applicable (Not Transported),1,Daylight,Clear,0,1,[],[],1,1,Invalid,0.0,0.0,46.0,46.0,['Male'],0,0,3,4,4,Dry,Straight,Level,Lowest,No
24817,37,North Carolina,371247,0,4,4,0,5,RALEIGH,October,24,Tuesday,14,48,Urban,High Speed (Arterial),No,35.78219722,-78.67905556,Complex/Circle,Daylight,Clear,2:00pm-2:59pm,52,2:00pm-2:59pm,55,Not Applicable (Not Transported),Not Applicable (Not Transported),1,Daylight,Clear,1,4,['Driver'],['None_Used'],0,0,Valid,1.0,1.0,62.0,19.0,"['Female', 'Female', 'Female', 'Male']",1,0,3,4,5,Dry,Straight,Grade/Hillcrest,Lowest,No
24818,37,North Carolina,371249,1,1,1,0,3,NOT APPLICABLE,November,29,Wednesday,20,39,Rural,Medium Speed (Collector),No,33.99951667,-78.53965,Simple Junction,Dark - Not Lighted,Clear,Unknown,Unknown,Unknown EMS Scene Arrival Hour,Unknown EMS Scene Arrival Minutes,Not Applicable (Not Transported),Not Applicable (Not Transported),1,Dark - Unlighted,Clear,0,3,[],[],0,0,Valid,0.0,0.0,62.0,62.0,['Male'],0,0,3,2,4,Dry,Straight,Level,Lowest,No
24819,37,North Carolina,371250,1,1,1,0,0,SOUTHPORT,November,19,Sunday,8,39,Urban,Low Speed (Local),No,33.92401111,-78.02354167,Non-Intersection,Dark - Not Lighted,Clear,Unknown,Unknown,Unknown EMS Scene Arrival Hour,Unknown EMS Scene Arrival Minutes,Not Applicable (Not Transported),Not Applicable (Not Transported),1,Dark - Unlighted,Clear,0,0,[],[],0,0,Valid,0.0,0.0,49.0,34.0,Other,0,0,2,1,4,Dry,Straight,Level,Lowest,No
24820,37,North Carolina,371251,0,2,2,0,2,NOT APPLICABLE,November,12,Sunday,16,59,Rural,Medium Speed (Collector),No,36.41497222,-79.48728056,Non-Intersection,Daylight,Clear,4:00pm-4:59pm,45,5:00pm-5:59pm,4,5:00pm-5:59pm,28,1,Daylight,Clear,1,1,['Driver'],['Shoulder_Lapbelt'],0,0,Invalid,1.0,0.0,54.0,27.0,"['Male', 'Male']",0,0,3,4,5,Dry,Straight,Level,Lowest,No
24821,37,North Carolina,371252,0,2,2,0,2,CHADBOURN,November,11,Saturday,9,25,Urban,Medium Speed (Collector),No,34.32023889,-78.82644722,Non-Intersection,Daylight,Cloudy,9:00am-9:59am,26,9:00am-9:59am,30,10:00am-10:59am,8,1,Daylight,Reduced Visibility,1,0,['Driver'],['Shoulder_Lapbelt'],0,0,Valid,6.0,0.0,77.0,60.0,"['Male', 'Male']",0,0,3,4,5,Dry,Straight,Level,Lowest,No
24822,37,North Carolina,371253,0,2,2,0,2,FAYETTEVILLE,November,24,Friday,21,53,Urban,Medium Speed (Collector),No,35.13349444,-78.89149167,Non-Intersection,Dark - Lighted,Clear,10:00pm-10:59pm,0,10:00pm-10:59pm,9,10:00pm-10:59pm,36,1,Dark - Lighted,Clear,1,1,['Driver'],['None_Used'],0,0,Invalid,3.0,0.0,48.0,27.0,"['Male', 'Male']",1,0,2,4,5,Dry,Curve,Level,Lowest,No
24823,37,North Carolina,371254,0,1,1,0,1,NOT APPLICABLE,November,29,Wednesday,23,23,Rural,Low Speed (Local),No,35.78188333,-80.22045,Simple Junction,Dark - Not Lighted,Clear,11:00pm-11:59pm,33,11:00pm-11:59pm,39,0:00am-0:59am,4,1,Dark - Unlighted,Clear,1,0,['Driver'],['None_Used'],0,0,Valid,0.0,0.0,38.0,38.0,['Male'],1,0,2,4,3,Dry,Straight,Level,Lowest,No
24824,37,North Carolina,371255,0,2,2,0,2,NOT APPLICABLE,November,27,Monday,8,6,Rural,Medium Speed (Collector),No,36.15277222,-78.90573611,Non-Intersection,Daylight,Clear,8:00am-8:59am,3,8:00am-8:59am,5,8:00am-8:59am,51,1,Daylight,Clear,1,1,['Driver'],['Shoulder_Lapbelt'],0,0,Valid,1.0,0.0,45.0,24.0,"['Male', 'Female']",0,0,2,4,5,Dry,Straight,Level,Lowest,No
24825,37,North Carolina,371256,0,2,1,1,1,NOT APPLICABLE,November,14,Tuesday,21,38,Rural,Medium Speed (Collector),No,36.21964167,-78.92683889,Non-Intersection,Dark - Not Lighted,Clear,9:00pm-9:59pm,23,9:00pm-9:59pm,30,10:00pm-10:59pm,6,1,Dark - Unlighted,Clear,1,0,['Driver'],['Shoulder_Lapbelt'],0,0,Valid,0.0,0.0,56.0,56.0,['Male'],0,0,3,4,5,Dry,Straight,Level,Lowest,No
24826,37,North Carolina,371257,0,3,3,0,4,NOT APPLICABLE,November,29,Wednesday,15,28,Rural,High Speed (Arterial),No,36.04906667,-78.34328889,Non-Intersection,Daylight,Clear,3:00pm-3:59pm,14,3:00pm-3:59pm,20,4:00pm-4:59pm,24,2,Daylight,Clear,2,2,"['Driver', 'Front_Passenger']","['Shoulder_Lapbelt', 'Shoulder_Lapbelt']",1,1,Valid,1.0,0.0,73.0,43.0,"['Male', 'Female', 'Female']",0,0,4,4,5,Dry,Straight,Level,Lowest,No
24827,37,North Carolina,371258,0,2,2,0,2,NOT APPLICABLE,November,28,Tuesday,14,1,Rural,Low Speed (Local),No,36.10045833,-77.47145,Complex/Circle,Daylight,Clear,1:00pm-1:59pm,50,2:00pm-2:59pm,4,Not Applicable (Not Transported),Not Applicable (Not Transported),1,Daylight,Clear,1,1,['Driver'],['Shoulder_Lapbelt'],0,0,Valid,0.0,0.0,71.0,54.0,"['Male', 'Male']",0,0,4,4,5,Dry,Straight,Level,Lowest,No
24828,37,North Carolina,371259,0,2,2,0,2,SANFORD,November,14,Tuesday,17,56,Urban,High Speed (Arterial),No,35.42207222,-79.11947778,Simple Junction,Dark - Not Lighted,Clear,Unknown,Unknown,Unknown EMS Scene Arrival Hour,Unknown EMS Scene Arrival Minutes,Not Applicable (Not Transported),Not Applicable (Not Transported),1,Dark - Unlighted,Clear,1,1,['Driver'],['None_Used'],0,0,Invalid,0.0,2.0,63.0,31.0,"['Male', 'Male']",0,0,3,4,5,Dry,Straight,Level,Lowest,No
24829,37,North Carolina,371260,0,1,1,0,1,CHARLOTTE,November,13,Monday,19,23,Urban,High Speed (Arterial),Yes,35.22347222,-80.86655556,Non-Intersection,Dark - Lighted,Clear,7:00pm-7:59pm,21,7:00pm-7:59pm,26,7:00pm-7:59pm,47,1,Dark - Lighted,Clear,1,0,['Driver'],['Shoulder_Lapbelt'],0,0,Valid,3.0,0.0,47.0,47.0,['Female'],0,0,2,4,3,Dry,Straight,Level,Lowest,No
24830,37,North Carolina,371261,1,1,1,0,1,CHARLOTTE,November,30,Thursday,0,3,Urban,Medium Speed (Collector),No,35.23690833,-80.80143333,Non-Intersection,Dark - Lighted,Clear,0:00am-0:59am,3,0:00am-0:59am,10,0:00am-0:59am,27,1,Dark - Lighted,Clear,0,1,[],[],0,0,Valid,4.0,1.0,40.0,40.0,['Female'],0,0,3,2,4,Dry,Straight,Level,Lowest,No
24831,37,North Carolina,371262,0,1,1,0,1,NOT APPLICABLE,November,25,Saturday,9,48,Rural,Medium Speed (Collector),No,35.23160556,-80.01704167,Non-Intersection,Daylight,Clear,Unknown,Unknown,Unknown EMS Scene Arrival Hour,Unknown EMS Scene Arrival Minutes,Not Applicable (Not Transported),Not Applicable (Not Transported),1,Daylight,Clear,1,0,['Driver'],['Shoulder_Lapbelt'],0,0,Valid,1.0,0.0,43.0,43.0,['Female'],0,0,2,2,1,Dry,Straight,Level,Lowest,No