,State_Code,State_Name,Crash_ID,Count_Non_Motorists,Count_Vehicles_Total,Count_Vehicle_Forms,Count_PVH_Involved,Count_Occupants_MV,City_Name,Month_Name,Day_of_Month,Day_of_Week,Crash_Hour,Crash_Minute,Area_Rural_Urban,Road_Functional_Class,On_NHS_Road,Latitude,Longitude,Intersection_Type,Light_Condition,Weather_Condition,Notif_Hour,Notif_Minute,Arrival_Hour,Arrival_Minute,Hospital_Hour,Hospital_Minute,Fatalities_Count,Clean_Light_Condition,Clean_Weather_Condition,Total_Killed,Total_Alive,Fatal_Seats_List,Killed_Restraint_List,Any_Driver_Drinking,Total_Drinking_Drivers,Driver_License_Category,Driver_Max_Prev_Accident_Count,Driver_Max_Prev_Speeding_Count,Max_Driver_Age,Min_Driver_Age,Driver_Sex_List,Total_Exceeding_Limit_Vehicles,Total_Too_Fast_Vehicles,Max_Vehicle_Type_Severity_5,Max_Vehicle_Damage_Rank,Max_Harmful_Event_Severity,Crash_Road_Surface_Condition,Crash_Horizontal_Alignment,Crash_Vertical_Profile,Crash_Impairment_Category,Crash_Vehicle_Defect
24832,37,North Carolina,371263,0,1,1,0,1,SOUTHERN PINES,November,3,Friday,18,51,Urban,Low Speed (Local),No,35.18793056,-79.39093333,Non-Intersection,Dark - Not Lighted,Clear,6:00pm-6:59pm,50,6:00pm-6:59pm,54,8:00pm-8:59pm,22,1,Dark - Unlighted,Clear,1,0,['Driver'],['Shoulder_Lapbelt'],0,0,Invalid,0.0,0.0,29.0,29.0,['Male'],0,0,2,4,3,Dry,Straight,Level,Lowest,No
24833,37,North Carolina,371264,0,3,3,0,4,NOT APPLICABLE,November,2,Thursday,15,7,Rural,Medium Speed (Collector),No,35.36462222,-79.68361111,Non-Intersection,Daylight,Clear,3:00pm-3:59pm,4,3:00pm-3:59pm,17,Not Applicable (Not Transported),Not Applicable (Not Transported),2,Daylight,Clear,2,2,"['Driver', 'Front_Passenger']","['None_Used', 'None_Used']",0,0,Valid,2.0,0.0,67.0,30.0,"['Male', 'Male', 'Male']",0,0,4,4,5,Dry,Straight,Level,Lowest,No
24834,37,North Carolina,371265,1,1,1,0,1,SOUTHERN PINES,November,7,Tuesday,10,56,Urban,High Speed (Arterial),Yes,35.16209167,-79.42080278,Complex/Circle,Daylight,Clear,10:00am-10:59am,54,10:00am-10:59am,59,11:00am-11:59am,40,1,Daylight,Clear,0,1,[],[],0,0,Valid,0.0,0.0,75.0,75.0,['Female'],0,0,3,2,4,Dry,Straight,Level,Lowest,No
24835,37,North Carolina,371267,1,1,1,0,1,ASHEVILLE,September,22,Friday,22,50,Urban,High Speed (Arterial),Yes,35.56774167,-82.545575,Non-Intersection,Dark - Lighted,Clear,Unknown,Unknown,Unknown EMS Scene Arrival Hour,Unknown EMS Scene Arrival Minutes,Not Applicable (Not Transported),Not Applicable (Not Transported),1,Dark - Lighted,Clear,0,1,[],[],0,0,Valid,0.0,1.0,21.0,21.0,['Female'],0,0,2,4,4,Dry,Straight,Level,Lowest,No
24836,37,North Carolina,371268,0,1,1,0,2,NOT APPLICABLE,November,20,Monday,2,4,Rural,High Speed (Arterial),Yes,36.021425,-77.85703333,Non-Intersection,Dark - Not Lighted,Clear,2:00am-2:59am,17,2:00am-2:59am,25,Not Applicable (Not Transported),Not Applicable (Not Transported),2,Dark - Unlighted,Clear,2,0,"['Driver', 'Front_Passenger']","['Shoulder_Lapbelt', 'None_Used']",1,1,Valid,0.0,0.0,26.0,26.0,['Male'],0,0,4,4,3,Dry,Straight,Level,Lowest,No
24837,37,North Carolina,371269,0,2,2,0,2,NOT APPLICABLE,November,4,Saturday,16,20,Rural,High Speed (Arterial),No,34.7073,-77.28246389,Simple Junction,Daylight,Clear,4:00pm-4:59pm,17,4:00pm-4:59pm,22,Not Applicable (Not Transported),Not Applicable (Not Transported),1,Daylight,Clear,1,1,['Driver'],['None_Used'],0,0,Valid,0.0,1.0,50.0,22.0,"['Male', 'Female']",1,0,5,4,5,Dry,Straight,Level,Lowest,No
24838,37,North Carolina,371270,1,1,1,0,1,NOT APPLICABLE,November,13,Monday,19,33,Rural,High Speed (Arterial),Yes,34.75456389,-77.46060556,Non-Intersection,Dark - Lighted,Clear,7:00pm-7:59pm,24,7:00pm-7:59pm,28,7:00pm-7:59pm,52,1,Dark - Lighted,Clear,0,0,[],[],0,0,Invalid,0.0,0.0,999.0,999.0,['Other'],0,0,1,0,4,Dry,Straight,Level,Lowest,No
24839,37,North Carolina,371271,0,2,2,0,2,NOT APPLICABLE,November,3,Friday,2,42,Rural,High Speed (Arterial),Yes,36.06121944,-79.133975,Non-Intersection,Dark - Not Lighted,Clear,2:00am-2:59am,34,2:00am-2:59am,51,Not Applicable (Not Transported),Not Applicable (Not Transported),1,Dark - Unlighted,Clear,1,1,['Driver'],['None_Used'],0,0,Valid,1.0,0.0,52.0,35.0,"['Male', 'Male']",1,0,4,4,5,Dry,Straight,Level,Lowest,No
24840,37,North Carolina,371272,0,1,1,0,1,NOT APPLICABLE,November,10,Friday,2,31,Rural,Low Speed (Local),No,36.12206944,-79.24912222,Non-Intersection,Dark - Not Lighted,Clear,2:00am-2:59am,24,2:00am-2:59am,36,Not Applicable (Not Transported),Not Applicable (Not Transported),1,Dark - Unlighted,Clear,1,0,['Driver'],['Shoulder_Lapbelt'],0,0,Invalid,1.0,0.0,26.0,26.0,['Male'],0,0,2,4,3,Dry,Straight,Level,Lowest,No
24841,37,North Carolina,371273,0,1,1,0,3,NOT APPLICABLE,November,21,Tuesday,13,6,Rural,Medium Speed (Collector),No,36.08171389,-79.15031111,Non-Intersection,Daylight,Rain,12:00pm-12:59pm,56,1:00pm-1:59pm,1,1:00pm-1:59pm,41,1,Daylight,Rain/Wind/Minor,1,2,['Rear_Seat'],['None_Used'],0,0,Valid,0.0,0.0,21.0,21.0,['Male'],3,0,3,4,3,Wet/Standing Water,Curve,Level,Lowest,No
24842,37,North Carolina,371274,0,1,1,0,1,NOT APPLICABLE,November,6,Monday,20,22,Rural,Low Speed (Local),No,36.25100278,-76.21373333,Non-Intersection,Dark - Not Lighted,Clear,8:00pm-8:59pm,17,8:00pm-8:59pm,26,Not Applicable (Not Transported),Not Applicable (Not Transported),1,Dark - Unlighted,Clear,1,0,['Driver'],['None_Used'],0,0,Invalid,0.0,0.0,32.0,32.0,['Male'],1,0,3,4,3,Dry,Curve,Level,Lowest,No
24843,37,North Carolina,371275,0,2,2,0,2,NOT APPLICABLE,November,4,Saturday,16,1,Rural,Medium Speed (Collector),No,34.50173889,-78.05643333,Complex/Circle,Daylight,Clear,4:00pm-4:59pm,2,4:00pm-4:59pm,12,Not Applicable (Not Transported),Not Applicable (Not Transported),1,Daylight,Clear,1,1,['Driver'],['None_Used'],0,0,Valid,1.0,0.0,31.0,21.0,"['Male', 'Male']",1,0,3,4,5,Dry,Straight,Level,Lowest,No
24844,37,North Carolina,371276,0,1,1,0,2,NOT APPLICABLE,November,5,Sunday,20,51,Rural,Low Speed (Local),No,34.32137222,-77.75412778,Non-Intersection,Dark - Not Lighted,Clear,8:00pm-8:59pm,52,9:00pm-9:59pm,0,9:00pm-9:59pm,49,1,Dark - Unlighted,Clear,1,1,['Front_Passenger'],['Shoulder_Lapbelt'],0,0,Valid,1.0,3.0,42.0,42.0,['Male'],2,0,2,4,3,Dry,Curve,Level,Lowest,No
24845,37,North Carolina,371277,0,1,1,0,1,NOT APPLICABLE,November,11,Saturday,15,25,Rural,Low Speed (Local),No,34.42912222,-78.08065278,Non-Intersection,Daylight,Rain,3:00pm-3:59pm,21,3:00pm-3:59pm,33,Not Applicable (Not Transported),Not Applicable (Not Transported),1,Daylight,Rain/Wind/Minor,1,0,['Driver'],['None_Used'],0,0,Invalid,2.0,1.0,62.0,62.0,['Female'],1,0,2,4,3,Wet/Standing Water,Straight,Level,Medium,No
24846,37,North Carolina,371278,0,1,1,0,1,NOT APPLICABLE,November,4,Saturday,15,21,Rural,Medium Speed (Collector),No,35.62274722,-77.58978889,Non-Intersection,Daylight,Clear,Unknown,Unknown,Unknown EMS Scene Arrival Hour,Unknown EMS Scene Arrival Minutes,Not Applicable (Not Transported),Not Applicable (Not Transported),1,Daylight,Clear,1,0,['Driver'],['None_Used'],0,0,Valid,0.0,0.0,80.0,80.0,['Female'],0,0,2,4,3,Dry,Straight,Level,Lowest,No
24847,37,North Carolina,371279,0,1,1,0,1,NOT APPLICABLE,November,7,Tuesday,12,8,Rural,Medium Speed (Collector),No,35.60393333,-77.61806944,Non-Intersection,Daylight,Clear,Unknown,Unknown,Unknown EMS Scene Arrival Hour,Unknown EMS Scene Arrival Minutes,Unknown,Unknown EMS Hospital Arrival Time,1,Daylight,Clear,1,0,['Driver'],['Shoulder_Lapbelt'],0,0,Valid,2.0,0.0,54.0,54.0,['Female'],1,0,2,4,3,Dry,Straight,Level,Lowest,No
24848,37,North Carolina,371280,0,1,1,0,1,NOT APPLICABLE,November,24,Friday,1,42,Rural,Medium Speed (Collector),No,35.52967222,-77.22057778,Non-Intersection,Dark - Not Lighted,Clear,Unknown,Unknown,Unknown EMS Scene Arrival Hour,Unknown EMS Scene Arrival Minutes,Not Applicable (Not Transported),Not Applicable (Not Transported),1,Dark - Unlighted,Clear,1,0,['Driver'],['Shoulder_Lapbelt'],0,0,Valid,0.0,1.0,47.0,47.0,['Male'],1,0,3,4,3,Dry,Straight,Grade/Hillcrest,Lowest,No
24849,37,North Carolina,371281,0,2,2,0,4,NOT APPLICABLE,November,20,Monday,14,7,Rural,High Speed (Arterial),Yes,35.76829444,-79.82831389,Non-Intersection,Daylight,Clear,2:00pm-2:59pm,1,2:00pm-2:59pm,12,Not Applicable (Not Transported),Not Applicable (Not Transported),1,Daylight,Clear,1,3,['Driver'],['None_Used'],0,0,Valid,0.0,4.0,69.0,49.0,"['Male', 'Male']",1,0,5,4,5,Dry,Straight,Level,Lowest,No
24850,37,North Carolina,371282,0,3,3,0,3,NOT APPLICABLE,November,3,Friday,14,53,Rural,Medium Speed (Collector),No,34.68569722,-79.36920278,Simple Junction,Daylight,Clear,2:00pm-2:59pm,52,3:00pm-3:59pm,6,3:00pm-3:59pm,43,1,Daylight,Clear,1,2,['Driver'],['Shoulder_Lapbelt'],0,0,Valid,1.0,0.0,74.0,41.0,"['Female', 'Male', 'Female']",0,0,3,4,5,Dry,Straight,Level,Lowest,No
24851,37,North Carolina,371283,0,1,1,0,1,NOT APPLICABLE,November,4,Saturday,16,47,Rural,Low Speed (Local),No,34.72214167,-79.26751667,Non-Intersection,Daylight,Clear,4:00pm-4:59pm,48,4:00pm-4:59pm,52,Unknown,Unknown EMS Hospital Arrival Time,1,Daylight,Clear,1,0,['Driver'],['None_Used'],0,0,Valid,0.0,0.0,41.0,41.0,['Male'],1,0,2,4,3,Dry,Straight,Level,Lowest,No
24852,37,North Carolina,371284,0,2,2,0,2,NOT APPLICABLE,November,9,Thursday,15,2,Rural,Low Speed (Local),No,34.7812,-79.31889444,Simple Junction,Daylight,Clear,2:00pm-2:59pm,55,3:00pm-3:59pm,19,Not Applicable (Not Transported),Not Applicable (Not Transported),1,Daylight,Clear,1,1,['Driver'],['Shoulder_Lapbelt'],0,0,Valid,1.0,1.0,34.0,17.0,"['Male', 'Female']",0,0,4,4,5,Dry,Straight,Level,Lowest,No
24853,37,North Carolina,371285,1,1,1,0,1,NOT APPLICABLE,November,14,Tuesday,17,41,Rural,Medium Speed (Collector),No,34.57467222,-79.31653889,Non-Intersection,Dark - Not Lighted,Clear,5:00pm-5:59pm,38,5:00pm-5:59pm,51,6:00pm-6:59pm,48,1,Dark - Unlighted,Clear,0,1,[],[],0,0,Valid,1.0,0.0,32.0,32.0,['Male'],0,0,4,2,4,Dry,Straight,Level,Lowest,No
24854,37,North Carolina,371286,0,2,2,0,2,NOT APPLICABLE,November,27,Monday,5,18,Rural,Medium Speed (Collector),No,34.89846389,-79.04740556,Non-Intersection,Dark - Not Lighted,Clear,5:00am-5:59am,17,5:00am-5:59am,28,Not Applicable (Not Transported),Not Applicable (Not Transported),1,Dark - Unlighted,Clear,1,0,['Driver'],['Shoulder_Lapbelt'],0,0,Invalid,0.0,2.0,56.0,36.0,"['Male', 'Male']",0,0,3,4,5,Wet/Standing Water,Straight,Level,Lowest,No
24855,37,North Carolina,371287,0,3,1,2,1,NOT APPLICABLE,November,24,Friday,4,51,Rural,High Speed (Arterial),Yes,35.58819167,-80.545425,Non-Intersection,Dark - Not Lighted,Clear,Unknown,Unknown,Unknown EMS Scene Arrival Hour,Unknown EMS Scene Arrival Minutes,Not Applicable (Not Transported),Not Applicable (Not Transported),1,Dark - Unlighted,Clear,1,0,['Driver'],['None_Used'],0,0,Valid,1.0,1.0,29.0,29.0,['Male'],0,0,3,4,5,Dry,Straight,Level,Lowest,No
24856,37,North Carolina,371288,0,1,1,0,3,NOT APPLICABLE,November,12,Sunday,11,53,Rural,Low Speed (Local),No,35.53911944,-80.30728889,Non-Intersection,Daylight,Clear,Unknown,Unknown,Unknown EMS Scene Arrival Hour,Unknown EMS Scene Arrival Minutes,Not Applicable (Not Transported),Not Applicable (Not Transported),1,Daylight,Clear,1,2,['Driver'],['Shoulder_Lapbelt'],0,0,Valid,0.0,0.0,18.0,18.0,['Male'],3,0,3,4,2,Dry,Curve,Level,Lowest,No
24857,37,North Carolina,371289,1,1,1,0,1,NOT APPLICABLE,November,1,Wednesday,19,27,Rural,Medium Speed (Collector),No,34.74622222,-79.37437778,Non-Intersection,Dark - Not Lighted,Clear,Unknown,Unknown,Unknown EMS Scene Arrival Hour,Unknown EMS Scene Arrival Minutes,Unknown,Unknown EMS Hospital Arrival Time,1,Dark - Unlighted,Clear,0,1,[],[],0,0,Valid,0.0,0.0,61.0,61.0,['Female'],1,0,3,4,4,Dry,Straight,Level,Lowest,No
24858,37,North Carolina,371290,0,2,2,0,3,NOT APPLICABLE,November,16,Thursday,17,28,Rural,Low Speed (Local),No,34.93690278,-79.40771111,Complex/Circle,Daylight,Clear,Unknown,Unknown,Unknown EMS Scene Arrival Hour,Unknown EMS Scene Arrival Minutes,Unknown,Unknown EMS Hospital Arrival Time,1,Daylight,Clear,1,2,['Front_Passenger'],['Shoulder_Lapbelt'],0,0,Valid,1.0,0.0,67.0,35.0,"['Female', 'Male']",0,0,3,4,5,Dry,Straight,Level,Lowest,No
24859,37,North Carolina,371291,0,2,2,0,2,NOT APPLICABLE,November,18,Saturday,22,25,Rural,High Speed (Arterial),Yes,34.80003889,-79.53471667,Non-Intersection,Dark - Not Lighted,Clear,Unknown,Unknown,Unknown EMS Scene Arrival Hour,Unknown EMS Scene Arrival Minutes,Unknown,Unknown EMS Hospital Arrival Time,1,Dark - Unlighted,Clear,1,1,['Driver'],['Shoulder_Lapbelt'],1,1,Valid,1.0,2.0,61.0,37.0,"['Male', 'Male']",1,0,3,4,5,Dry,Curve,Level,Lowest,No
24860,37,North Carolina,371292,0,2,2,0,3,NOT APPLICABLE,November,23,Thursday,13,57,Rural,Low Speed (Local),No,35.20303056,-80.36326389,Complex/Circle,Daylight,Cloudy,1:00pm-1:59pm,53,2:00pm-2:59pm,7,2:00pm-2:59pm,47,1,Daylight,Reduced Visibility,1,2,['Driver'],['None_Used'],1,1,Valid,0.0,1.0,53.0,36.0,"['Male', 'Female']",2,0,3,4,5,Dry,Straight,Level,Lowest,No
24861,37,North Carolina,371293,0,1,1,0,1,NOT APPLICABLE,November,15,Wednesday,18,0,Rural,Medium Speed (Collector),No,36.39862778,-80.43306667,Non-Intersection,Dark - Not Lighted,Clear,6:00pm-6:59pm,53,7:00pm-7:59pm,4,7:00pm-7:59pm,45,1,Dark - Unlighted,Clear,1,0,['Driver'],['Shoulder_Lapbelt'],0,0,Valid,1.0,0.0,69.0,69.0,['Male'],0,0,2,4,3,Dry,Straight,Level,Lowest,No
24862,37,North Carolina,371294,0,1,1,0,1,NOT APPLICABLE,November,8,Wednesday,10,22,Rural,Medium Speed (Collector),No,35.15151944,-82.70049722,Non-Intersection,Daylight,Clear,10:00am-10:59am,17,10:00am-10:59am,34,Not Applicable (Not Transported),Not Applicable (Not Transported),1,Daylight,Clear,1,0,['Driver'],['Shoulder_Lapbelt'],0,0,Valid,0.0,0.0,72.0,72.0,['Female'],0,0,2,4,3,Dry,Curve,Grade/Hillcrest,Lowest,No
24863,37,North Carolina,371295,0,4,4,0,5,NOT APPLICABLE,November,1,Wednesday,16,3,Rural,High Speed (Arterial),Yes,34.98222222,-80.45888611,Non-Intersection,Daylight,Clear,4:00pm-4:59pm,1,4:00pm-4:59pm,7,Not Applicable (Not Transported),Not Applicable (Not Transported),1,Daylight,Clear,1,4,['Driver'],['Shoulder_Lapbelt'],0,0,Valid,2.0,0.0,63.0,28.0,"['Male', 'Male', 'Male', 'Male']",1,0,3,4,5,Dry,Straight,Level,Lowest,No
24864,37,North Carolina,371296,0,2,2,0,4,RALEIGH,November,26,Sunday,16,16,Urban,Medium Speed (Collector),No,35.76947222,-78.63868056,Complex/Circle,Daylight,Clear,4:00pm-4:59pm,17,4:00pm-4:59pm,24,Not Applicable (Not Transported),Not Applicable (Not Transported),1,Daylight,Clear,1,3,['Driver'],['None_Used'],0,0,Invalid,0.0,0.0,53.0,21.0,"['Male', 'Male']",1,0,5,4,5,Dry,Straight,Level,Lowest,No
24865,37,North Carolina,371297,1,1,1,0,1,ASHEVILLE,November,28,Tuesday,22,43,Urban,Medium Speed (Collector),No,35.56047222,-82.59824167,Non-Intersection,Dark - Not Lighted,Clear,7:00pm-7:59pm,37,7:00pm-7:59pm,46,8:00pm-8:59pm,15,1,Dark - Unlighted,Clear,0,1,[],[],0,0,Valid,2.0,0.0,53.0,53.0,['Female'],0,0,2,4,4,Dry,Straight,Grade/Hillcrest,Lowest,No
24866,37,North Carolina,371298,0,2,2,0,2,WALKERTOWN,November,27,Monday,20,14,Urban,High Speed (Arterial),Yes,36.16698889,-80.13496389,Non-Intersection,Daylight,Clear,4:00pm-4:59pm,13,4:00pm-4:59pm,21,4:00pm-4:59pm,41,1,Daylight,Clear,1,1,['Driver'],['Shoulder_Lapbelt'],0,0,Valid,0.0,0.0,79.0,74.0,"['Female', 'Male']",0,0,2,4,5,Dry,Straight,Level,Lowest,No
24867,37,North Carolina,371299,0,1,1,0,1,ROCKY MOUNT,November,13,Monday,17,38,Urban,Medium Speed (Collector),No,36.00504167,-77.810725,Non-Intersection,Dark - Not Lighted,Clear,5:00pm-5:59pm,40,5:00pm-5:59pm,48,Not Applicable (Not Transported),Not Applicable (Not Transported),1,Dark - Unlighted,Clear,1,0,['Driver'],['None_Used'],0,0,Valid,0.0,0.0,16.0,16.0,['Male'],0,0,2,4,3,Dry,Straight,Level,Lowest,No
24868,37,North Carolina,371300,2,1,1,0,1,WILMINGTON,November,12,Sunday,18,22,Urban,High Speed (Arterial),Yes,34.18775278,-77.93215556,Non-Intersection,Dark - Lighted,Rain,6:00pm-6:59pm,22,6:00pm-6:59pm,27,Unknown,Unknown EMS Hospital Arrival Time,1,Dark - Lighted,Rain/Wind/Minor,0,0,[],[],0,0,Invalid,0.0,0.0,999.0,999.0,['Other'],0,0,1,0,4,Wet/Standing Water,Straight,Level,Lowest,No
24869,37,North Carolina,371301,1,1,1,0,1,GREENVILLE,November,4,Saturday,18,58,Urban,Medium Speed (Collector),No,35.59416944,-77.42836944,Non-Intersection,Dark - Not Lighted,Clear,Unknown,Unknown,Unknown EMS Scene Arrival Hour,Unknown EMS Scene Arrival Minutes,Not Applicable (Not Transported),Not Applicable (Not Transported),1,Dark - Unlighted,Clear,0,1,[],[],0,0,Invalid,2.0,1.0,42.0,42.0,['Female'],0,0,2,2,4,Dry,Straight,Level,Lowest,No
24870,37,North Carolina,371302,0,1,1,0,1,NOT APPLICABLE,November,6,Monday,7,13,Rural,Low Speed (Local),No,35.31024722,-82.20181111,Non-Intersection,Dawn,Clear,6:00am-6:59am,36,6:00am-6:59am,42,6:00am-6:59am,56,1,Twilight,Clear,1,0,['Driver'],['None_Used'],0,0,Valid,0.0,1.0,73.0,73.0,['Male'],1,0,3,4,3,Dry,Curve,Level,Lowest,No
24871,37,North Carolina,371303,0,1,1,0,1,ROCKINGHAM,November,18,Saturday,17,59,Urban,Low Speed (Local),No,34.94049722,-79.75218611,Non-Intersection,Dark - Not Lighted,Clear,6:00pm-6:59pm,1,6:00pm-6:59pm,5,6:00pm-6:59pm,23,1,Dark - Unlighted,Clear,1,0,['Driver'],['Shoulder_Lapbelt'],1,1,Valid,0.0,0.0,58.0,58.0,['Male'],0,0,2,4,3,Dry,Straight,Level,Lowest,No
24872,37,North Carolina,371304,1,1,1,0,1,LUMBERTON,November,3,Friday,1,37,Urban,High Speed (Arterial),Yes,34.62579722,-79.04396111,Non-Intersection,Dark - Not Lighted,Clear,Unknown,Unknown,Unknown EMS Scene Arrival Hour,Unknown EMS Scene Arrival Minutes,Unknown,Unknown EMS Hospital Arrival Time,1,Dark - Unlighted,Clear,0,1,[],[],0,0,Valid,0.0,2.0,22.0,22.0,['Male'],0,0,4,2,4,Dry,Straight,Level,Lowest,No
24873,37,North Carolina,371305,0,1,1,0,1,EDEN,November,11,Saturday,13,14,Urban,Medium Speed (Collector),No,36.49389167,-79.76513611,Non-Intersection,Daylight,Clear,1:00pm-1:59pm,15,1:00pm-1:59pm,21,Not Applicable (Not Transported),Not Applicable (Not Transported),1,Daylight,Clear,1,0,['Driver'],['Shoulder_Lapbelt'],0,0,Valid,0.0,0.0,81.0,81.0,['Male'],0,0,2,4,3,Dry,Straight,Grade/Hillcrest,Medium,No
24874,37,North Carolina,371306,0,2,2,0,2,ELKIN,November,9,Thursday,21,58,Urban,Medium Speed (Collector),No,36.26811389,-80.85844722,Non-Intersection,Dark - Not Lighted,Clear,9:00pm-9:59pm,53,9:00pm-9:59pm,57,Not Applicable (Not Transported),Not Applicable (Not Transported),1,Dark - Unlighted,Clear,1,1,['Driver'],['None_Used'],0,0,Valid,0.0,0.0,49.0,29.0,"['Female', 'Male']",0,0,4,4,5,Dry,Straight,Level,Lowest,No
24875,37,North Carolina,371307,0,2,2,0,7,RALEIGH,November,9,Thursday,14,48,Urban,Medium Speed (Collector),No,35.85501944,-78.58619167,Complex/Circle,Daylight,Clear,2:00pm-2:59pm,50,2:00pm-2:59pm,52,3:00pm-3:59pm,22,1,Daylight,Clear,1,6,['Front_Passenger'],['Shoulder_Lapbelt'],0,0,Valid,1.0,0.0,66.0,38.0,"['Male', 'Female']",0,0,3,4,5,Dry,Straight,Level,Lowest,No
24876,37,North Carolina,371308,1,1,1,0,1,RALEIGH,November,10,Friday,4,13,Urban,High Speed (Arterial),No,35.77999167,-78.61395278,Non-Intersection,Dark - Lighted,Clear,4:00am-4:59am,2,4:00am-4:59am,21,Not Applicable (Not Transported),Not Applicable (Not Transported),1,Dark - Lighted,Clear,0,0,[],[],0,0,Invalid,0.0,0.0,999.0,999.0,['Other'],1,0,1,0,4,Dry,Straight,Level,Lowest,No
24877,37,North Carolina,371309,0,2,2,0,3,RALEIGH,November,11,Saturday,13,40,Urban,High Speed (Arterial),Yes,35.81795556,-78.73965278,Non-Intersection,Daylight,Cloudy,1:00pm-1:59pm,40,1:00pm-1:59pm,46,Not Applicable (Not Transported),Not Applicable (Not Transported),2,Daylight,Reduced Visibility,2,1,"['Driver', 'Front_Passenger']","['None_Used', 'None_Used']",0,0,Invalid,1.0,1.0,35.0,22.0,"['Male', 'Female']",2,0,3,4,5,Dry,Straight,Level,Lowest,No
24878,37,North Carolina,371310,0,2,2,0,2,RALEIGH,November,15,Wednesday,1,37,Urban,High Speed (Arterial),Yes,35.75201667,-78.70685556,Non-Intersection,Dark - Not Lighted,Clear,0:00am-0:59am,20,0:00am-0:59am,26,Not Applicable (Not Transported),Not Applicable (Not Transported),1,Dark - Unlighted,Clear,1,1,['Driver'],['None_Used'],0,0,Valid,0.0,1.0,28.0,19.0,"['Male', 'Male']",1,0,5,4,5,Dry,Straight,Level,Lowest,No
24879,37,North Carolina,371311,0,2,2,0,3,RALEIGH,November,19,Sunday,2,38,Urban,High Speed (Arterial),Yes,35.90784444,-78.55530833,Non-Intersection,Dark - Not Lighted,Clear,2:00am-2:59am,39,2:00am-2:59am,48,3:00am-3:59am,8,1,Dark - Unlighted,Clear,1,2,['Front_Passenger'],['None_Used'],1,1,Valid,0.0,2.0,76.0,46.0,"['Male', 'Female']",1,0,2,4,5,Dry,Straight,Grade/Hillcrest,Lowest,No
24880,37,North Carolina,371312,0,2,1,1,1,RALEIGH,November,20,Monday,14,49,Urban,Medium Speed (Collector),No,35.81709167,-78.63939167,Non-Intersection,Daylight,Clear,2:00pm-2:59pm,50,2:00pm-2:59pm,55,Not Applicable (Not Transported),Not Applicable (Not Transported),1,Daylight,Clear,1,0,['Driver'],['None_Used'],0,0,Valid,1.0,0.0,55.0,55.0,['Male'],0,0,3,4,5,Dry,Straight,Grade/Hillcrest,Lowest,No
24881,37,North Carolina,371313,1,1,1,0,2,ZEBULON,November,21,Tuesday,23,46,Urban,Medium Speed (Collector),No,35.825225,-78.31268056,Complex/Circle,Dark - Lighted,Rain,11:00pm-11:59pm,27,11:00pm-11:59pm,32,Not Applicable (Not Transported),Not Applicable (Not Transported),1,Dark - Lighted,Rain/Wind/Minor,0,2,[],[],0,0,Valid,1.0,1.0,31.0,31.0,['Male'],0,0,3,4,4,Wet/Standing Water,Straight,Level,Lowest,No
24882,37,North Carolina,371314,0,1,1,0,1,NOT APPLICABLE,November,30,Thursday,2,57,Rural,High Speed (Arterial),Yes,35.84286389,-78.29446667,Non-Intersection,Dark - Lighted,Clear,2:00am-2:59am,57,3:00am-3:59am,11,Not Applicable (Not Transported),Not Applicable (Not Transported),1,Dark - Lighted,Clear,1,0,['Driver'],['None_Used'],0,0,Valid,0.0,0.0,25.0,25.0,['Female'],0,0,2,4,3,Dry,Straight,Level,Lowest,No
24883,37,North Carolina,371315,0,1,1,0,1,NOT APPLICABLE,November,30,Thursday,4,13,Rural,High Speed (Arterial),Yes,35.91471111,-78.6829,Non-Intersection,Dark - Not Lighted,Clear,4:00am-4:59am,9,4:00am-4:59am,15,Not Applicable (Not Transported),Not Applicable (Not Transported),1,Dark - Unlighted,Clear,1,0,['Driver'],['Shoulder_Lapbelt'],1,1,Invalid,0.0,0.0,29.0,29.0,['Male'],1,0,2,4,3,Dry,Straight,Level,Lowest,No
24884,37,North Carolina,371316,0,1,1,0,1,NOT APPLICABLE,November,9,Thursday,15,24,Rural,High Speed (Arterial),Yes,36.23556389,-81.56147222,Non-Intersection,Daylight,Clear,3:00pm-3:59pm,21,3:00pm-3:59pm,47,5:00pm-5:59pm,10,1,Daylight,Clear,1,0,['Driver'],['Shoulder_Lapbelt'],0,0,Valid,0.0,0.0,65.0,65.0,['Female'],0,0,3,4,3,Dry,Straight,Grade/Hillcrest,Lowest,No
24885,37,North Carolina,371317,0,3,3,0,4,NOT APPLICABLE,November,21,Tuesday,15,36,Rural,Medium Speed (Collector),Yes,36.31771111,-81.74303333,Non-Intersection,Daylight,Rain,3:00pm-3:59pm,28,3:00pm-3:59pm,36,4:00pm-4:59pm,31,1,Daylight,Rain/Wind/Minor,1,3,['Driver'],['Shoulder_Lapbelt'],1,1,Invalid,1.0,0.0,77.0,59.0,"['Female', 'Male', 'Male']",0,0,3,4,5,Wet/Standing Water,Straight,Level,Lowest,No