,State_Code,State_Name,Crash_ID,Count_Non_Motorists,Count_Vehicles_Total,Count_Vehicle_Forms,Count_PVH_Involved,Count_Occupants_MV,City_Name,Month_Name,Day_of_Month,Day_of_Week,Crash_Hour,Crash_Minute,Area_Rural_Urban,Road_Functional_Class,On_NHS_Road,Latitude,Longitude,Intersection_Type,Light_Condition,Weather_Condition,Notif_Hour,Notif_Minute,Arrival_Hour,Arrival_Minute,Hospital_Hour,Hospital_Minute,Fatalities_Count,Clean_Light_Condition,Clean_Weather_Condition,Total_Killed,Total_Alive,Fatal_Seats_List,Killed_Restraint_List,Any_Driver_Drinking,Total_Drinking_Drivers,Driver_License_Category,Driver_Max_Prev_Accident_Count,Driver_Max_Prev_Speeding_Count,Max_Driver_Age,Min_Driver_Age,Driver_Sex_List,Total_Exceeding_Limit_Vehicles,Total_Too_Fast_Vehicles,Max_Vehicle_Type_Severity_5,Max_Vehicle_Damage_Rank,Max_Harmful_Event_Severity,Crash_Road_Surface_Condition,Crash_Horizontal_Alignment,Crash_Vertical_Profile,Crash_Impairment_Category,Crash_Vehicle_Defect
24886,37,North Carolina,371318,1,1,1,0,1,NOT APPLICABLE,November,6,Monday,19,19,Rural,Medium Speed (Collector),No,35.34075833,-77.919375,Non-Intersection,Dark - Not Lighted,Clear,Unknown,Unknown,Unknown EMS Scene Arrival Hour,Unknown EMS Scene Arrival Minutes,Not Applicable (Not Transported),Not Applicable (Not Transported),1,Dark - Unlighted,Clear,0,1,[],[],0,0,Valid,3.0,0.0,41.0,41.0,['Female'],0,0,3,2,4,Dry,Straight,Level,Lowest,No
24887,37,North Carolina,371319,0,2,2,0,4,NOT APPLICABLE,November,12,Sunday,13,21,Rural,Medium Speed (Collector),No,35.18478056,-77.95431944,Complex/Circle,Daylight,Clear,Unknown,Unknown,Unknown EMS Scene Arrival Hour,Unknown EMS Scene Arrival Minutes,Unknown,Unknown EMS Hospital Arrival Time,1,Daylight,Clear,1,3,['Front_Passenger'],['Shoulder_Lapbelt'],0,0,Valid,1.0,0.0,83.0,17.0,"['Male', 'Male']",0,0,2,4,5,Dry,Straight,Level,Lowest,No
24888,37,North Carolina,371320,0,1,1,0,1,NOT APPLICABLE,November,12,Sunday,16,17,Rural,Medium Speed (Collector),No,36.12421944,-81.10168611,Non-Intersection,Daylight,Clear,4:00pm-4:59pm,16,4:00pm-4:59pm,25,Not Applicable (Not Transported),Not Applicable (Not Transported),1,Daylight,Clear,1,0,['Driver'],['None_Used'],0,0,Valid,0.0,0.0,68.0,68.0,['Male'],0,0,3,4,2,Dry,Straight,Grade/Hillcrest,Medium,No
24889,37,North Carolina,371321,0,1,1,0,1,NOT APPLICABLE,November,26,Sunday,17,5,Rural,Low Speed (Local),No,36.11028056,-81.51443611,Non-Intersection,Daylight,Clear,5:00pm-5:59pm,7,5:00pm-5:59pm,28,Not Applicable (Not Transported),Not Applicable (Not Transported),1,Daylight,Clear,1,0,['Driver'],['Shoulder_Lapbelt'],1,1,Valid,0.0,0.0,37.0,37.0,['Male'],1,0,3,4,3,Dry,Curve,Level,Lowest,No
24890,37,North Carolina,371322,0,1,1,0,1,NOT APPLICABLE,November,18,Saturday,7,27,Rural,Medium Speed (Collector),No,35.68577778,-77.86645278,Non-Intersection,Daylight,Clear,7:00am-7:59am,24,7:00am-7:59am,33,Not Applicable (Not Transported),Not Applicable (Not Transported),1,Daylight,Clear,1,0,['Driver'],['None_Used'],1,1,Valid,1.0,0.0,37.0,37.0,['Male'],1,0,3,4,3,Dry,Curve,Level,Lowest,No
24891,37,North Carolina,371323,0,2,2,0,3,NOT APPLICABLE,November,29,Wednesday,8,59,Rural,Medium Speed (Collector),No,35.73291667,-77.86738056,Non-Intersection,Daylight,Clear,8:00am-8:59am,54,9:00am-9:59am,0,9:00am-9:59am,9,1,Daylight,Clear,1,2,['Driver'],['Lapbelt_Only'],0,0,Invalid,2.0,1.0,61.0,60.0,"['Male', 'Male']",2,0,3,4,5,Dry,Straight,Level,Lowest,No
24892,37,North Carolina,371324,1,1,1,0,1,NOT APPLICABLE,November,6,Monday,10,23,Rural,Medium Speed (Collector),No,36.07726111,-80.64908889,Non-Intersection,Daylight,Clear,10:00am-10:59am,14,10:00am-10:59am,24,Not Applicable (Not Transported),Not Applicable (Not Transported),1,Daylight,Clear,0,1,[],[],0,0,Valid,0.0,0.0,25.0,25.0,['Male'],0,0,3,2,4,Dry,Straight,Level,Lowest,No
24893,37,North Carolina,371325,0,3,3,0,3,NOT APPLICABLE,November,22,Wednesday,5,55,Rural,High Speed (Arterial),Yes,35.68316389,-78.53636944,Non-Intersection,Dark - Not Lighted,Rain,5:00am-5:59am,40,5:00am-5:59am,47,Not Applicable (Not Transported),Not Applicable (Not Transported),1,Dark - Unlighted,Rain/Wind/Minor,1,2,['Driver'],['Shoulder_Lapbelt'],0,0,Valid,1.0,0.0,56.0,38.0,"['Male', 'Male', 'Female']",1,0,3,4,5,Wet/Standing Water,Straight,Level,Lowest,No
24894,37,North Carolina,371326,0,2,2,0,2,TAYLORSVILLE,December,4,Monday,14,22,Rural,Medium Speed (Collector),No,35.96388056,-81.19418056,Simple Junction,Daylight,Clear,Unknown,Unknown,Unknown EMS Scene Arrival Hour,Unknown EMS Scene Arrival Minutes,Not Applicable (Not Transported),Not Applicable (Not Transported),1,Daylight,Clear,1,1,['Driver'],['None_Used'],0,0,Valid,0.0,0.0,62.0,48.0,"['Male', 'Male']",0,0,5,4,5,Dry,Straight,Grade/Hillcrest,Lowest,No
24895,37,North Carolina,371327,0,1,1,0,1,POLKTON,December,13,Wednesday,21,21,Urban,High Speed (Arterial),Yes,35.00149444,-80.21500278,Non-Intersection,Dark - Not Lighted,Clear,Unknown,Unknown,Unknown EMS Scene Arrival Hour,Unknown EMS Scene Arrival Minutes,Unknown,Unknown EMS Hospital Arrival Time,1,Dark - Unlighted,Clear,1,0,['Driver'],['None_Used'],0,0,Valid,0.0,1.0,32.0,32.0,['Male'],1,0,3,4,3,Dry,Straight,Level,Lowest,No
24896,37,North Carolina,371328,0,1,1,0,1,HOLDEN BEACH,December,14,Thursday,10,46,Rural,Low Speed (Local),No,33.94346111,-78.27581111,Non-Intersection,Daylight,Clear,Unknown,Unknown,Unknown EMS Scene Arrival Hour,Unknown EMS Scene Arrival Minutes,Unknown,Unknown EMS Hospital Arrival Time,1,Daylight,Clear,1,0,['Driver'],['None_Used'],1,1,Valid,0.0,0.0,54.0,54.0,['Female'],0,0,3,4,3,Dry,Curve,Level,Lowest,No
24897,37,North Carolina,371329,0,2,2,0,2,LELAND,December,22,Friday,14,37,Urban,High Speed (Arterial),Yes,34.25776111,-78.0658,Simple Junction,Daylight,Clear,Unknown,Unknown,Unknown EMS Scene Arrival Hour,Unknown EMS Scene Arrival Minutes,Unknown,Unknown EMS Hospital Arrival Time,1,Daylight,Clear,1,1,['Driver'],['Shoulder_Lapbelt'],0,0,Valid,1.0,0.0,77.0,22.0,"['Female', 'Female']",0,0,4,4,5,Dry,Straight,Level,Lowest,No
24898,37,North Carolina,371330,0,2,2,0,2,ASHEVILLE,December,24,Sunday,7,15,Urban,High Speed (Arterial),Yes,35.58726944,-82.48561667,Complex/Circle,Dawn,Clear,8:00am-8:59am,49,9:00am-9:59am,4,Not Applicable (Not Transported),Not Applicable (Not Transported),1,Twilight,Clear,1,1,['Driver'],['None_Used'],0,0,Valid,2.0,0.0,56.0,49.0,"['Female', 'Male']",0,0,5,4,5,Dry,Straight,Grade/Hillcrest,Lowest,No
24899,37,North Carolina,371331,0,2,2,0,2,ASHEVILLE,December,2,Saturday,15,2,Urban,High Speed (Arterial),Yes,35.5984,-82.4118,Non-Intersection,Daylight,Rain,Unknown,Unknown,Unknown EMS Scene Arrival Hour,Unknown EMS Scene Arrival Minutes,Not Applicable (Not Transported),Not Applicable (Not Transported),1,Daylight,Rain/Wind/Minor,1,1,['Driver'],['Shoulder_Lapbelt'],0,0,Valid,2.0,1.0,75.0,64.0,"['Male', 'Female']",0,0,3,4,5,Wet/Standing Water,Straight,Grade/Hillcrest,Lowest,No
24900,37,North Carolina,371332,0,1,1,0,1,ASHEVILLE,December,29,Friday,8,6,Urban,High Speed (Arterial),Yes,35.5985,-82.3897,Non-Intersection,Daylight,Cloudy,8:00am-8:59am,7,8:00am-8:59am,13,Not Applicable (Not Transported),Not Applicable (Not Transported),1,Daylight,Reduced Visibility,1,0,['Driver'],['Shoulder_Lapbelt'],0,0,Valid,0.0,0.0,81.0,81.0,['Male'],0,0,3,4,3,Dry,Curve,Level,Medium,No
24901,37,North Carolina,371333,0,1,1,0,1,HARRISBURG,December,23,Saturday,21,11,Urban,Low Speed (Local),No,35.27535,-80.66981944,Non-Intersection,Dark - Not Lighted,Clear,8:00pm-8:59pm,58,9:00pm-9:59pm,11,Not Applicable (Not Transported),Not Applicable (Not Transported),1,Dark - Unlighted,Clear,1,0,['Driver'],['None_Used'],1,1,Valid,2.0,0.0,44.0,44.0,['Male'],0,0,2,4,3,Dry,Curve,Level,Lowest,No
24902,37,North Carolina,371334,1,1,1,0,1,LENOIR,December,10,Sunday,2,22,Urban,High Speed (Arterial),Yes,35.88316389,-81.51475278,Non-Intersection,Dark - Lighted,Rain,2:00am-2:59am,28,2:00am-2:59am,36,Not Applicable (Not Transported),Not Applicable (Not Transported),1,Dark - Lighted,Rain/Wind/Minor,0,1,[],[],1,1,Valid,1.0,0.0,27.0,27.0,['Male'],1,0,3,1,4,Wet/Standing Water,Straight,Grade/Hillcrest,Lowest,No
24903,37,North Carolina,371335,0,2,2,0,2,LENOIR,December,20,Wednesday,9,27,Urban,Medium Speed (Collector),No,35.88360556,-81.56721389,Non-Intersection,Daylight,Clear,9:00am-9:59am,26,9:00am-9:59am,34,10:00am-10:59am,1,1,Daylight,Clear,1,0,['Driver'],['None_Used'],0,0,Valid,1.0,0.0,80.0,61.0,"['Male', 'Male']",0,0,4,4,5,Dry,Straight,Grade/Hillcrest,Lowest,No
24904,37,North Carolina,371336,1,1,1,0,1,SILER CITY,December,3,Sunday,3,1,Rural,High Speed (Arterial),Yes,35.73446944,-79.33948889,Non-Intersection,Dark - Not Lighted,Cloudy,2:00am-2:59am,46,2:00am-2:59am,57,Not Applicable (Not Transported),Not Applicable (Not Transported),1,Dark - Unlighted,Reduced Visibility,0,0,[],[],0,0,Invalid,0.0,0.0,998.0,998.0,['Other'],0,0,1,1,4,Wet/Standing Water,Straight,Level,Lowest,No
24905,37,North Carolina,371337,0,1,1,0,1,PITTSBORO,December,21,Thursday,21,35,Rural,High Speed (Arterial),Yes,35.73858889,-79.21043056,Non-Intersection,Dark - Not Lighted,Clear,9:00pm-9:59pm,25,9:00pm-9:59pm,39,10:00pm-10:59pm,29,1,Dark - Unlighted,Clear,1,0,['Driver'],['Shoulder_Lapbelt'],0,0,Valid,0.0,0.0,66.0,66.0,['Male'],0,0,2,4,3,Dry,Straight,Level,Lowest,No
24906,37,North Carolina,371338,0,1,1,0,1,ANDREWS,December,3,Sunday,23,31,Rural,Low Speed (Local),No,35.17563889,-83.82098889,Non-Intersection,Dark - Not Lighted,Clear,11:00pm-11:59pm,15,11:00pm-11:59pm,32,0:00am-0:59am,13,1,Dark - Unlighted,Clear,1,0,['Driver'],['None_Used'],0,0,Valid,0.0,0.0,20.0,20.0,['Male'],1,0,2,4,3,Dry,Curve,Grade/Hillcrest,Lowest,No
24907,37,North Carolina,371339,0,2,2,0,2,MURPHY,December,19,Tuesday,17,46,Rural,Medium Speed (Collector),No,35.10796944,-84.04686667,Non-Intersection,Dark - Not Lighted,Cloudy,5:00pm-5:59pm,42,5:00pm-5:59pm,49,6:00pm-6:59pm,23,1,Dark - Unlighted,Reduced Visibility,1,1,['Driver'],['None_Used'],0,0,Valid,1.0,0.0,51.0,38.0,"['Male', 'Male']",0,0,3,4,5,Dry,Curve,Grade/Hillcrest,Lowest,No
24908,37,North Carolina,371340,0,2,2,0,3,EASTOVER,December,11,Monday,2,52,Rural,High Speed (Arterial),Yes,35.11701111,-78.76063056,Non-Intersection,Dark - Not Lighted,Rain,2:00am-2:59am,38,2:00am-2:59am,54,Not Applicable (Not Transported),Not Applicable (Not Transported),1,Dark - Unlighted,Rain/Wind/Minor,1,2,['Front_Passenger'],['None_Used'],0,0,Invalid,0.0,0.0,998.0,21.0,"['Other', 'Male']",0,0,3,4,5,Wet/Standing Water,Straight,Level,Lowest,Yes
24909,37,North Carolina,371341,0,1,1,0,2,EASTOVER,December,19,Tuesday,20,14,Urban,Medium Speed (Collector),No,35.08836944,-78.82138056,Non-Intersection,Dark - Not Lighted,Clear,10:00pm-10:59pm,11,10:00pm-10:59pm,23,10:00pm-10:59pm,50,1,Dark - Unlighted,Clear,1,1,['Driver'],['None_Used'],0,0,Valid,0.0,0.0,63.0,63.0,['Female'],0,0,3,4,3,Dry,Curve,Level,Lowest,No
24910,37,North Carolina,371342,1,1,1,0,1,FAYETTEVILLE,December,30,Saturday,6,22,Rural,Medium Speed (Collector),No,34.9831,-78.77435,Non-Intersection,Dark - Not Lighted,Cloudy,6:00am-6:59am,22,6:00am-6:59am,30,6:00am-6:59am,54,1,Dark - Unlighted,Reduced Visibility,0,1,[],[],0,0,Valid,0.0,1.0,24.0,24.0,['Male'],0,0,3,4,4,Dry,Straight,Level,Lowest,No
24911,37,North Carolina,371343,1,1,1,0,1,THOMASVILLE,December,12,Tuesday,1,45,Urban,High Speed (Arterial),Yes,35.90623889,-80.08157222,Non-Intersection,Dark - Not Lighted,Clear,1:00am-1:59am,50,1:00am-1:59am,56,Not Applicable (Not Transported),Not Applicable (Not Transported),1,Dark - Unlighted,Clear,0,1,[],[],0,0,Valid,0.0,0.0,64.0,64.0,['Male'],0,0,4,1,4,Dry,Straight,Grade/Hillcrest,Lowest,No
24912,37,North Carolina,371344,0,1,1,0,2,MOCKSVILLE,December,28,Thursday,11,10,Urban,Medium Speed (Collector),No,35.79513333,-80.50823611,Non-Intersection,Daylight,Clear,11:00am-11:59am,1,11:00am-11:59am,9,Not Applicable (Not Transported),Not Applicable (Not Transported),1,Daylight,Clear,1,1,['Driver'],['None_Used'],0,0,Valid,0.0,0.0,57.0,57.0,['Male'],0,0,3,4,3,Dry,Straight,Level,Medium,No
24913,37,North Carolina,371345,0,1,1,0,1,BEULAVILLE,December,10,Sunday,6,43,Rural,Medium Speed (Collector),No,34.99371111,-77.81492222,Non-Intersection,Dawn,Rain,Unknown,Unknown,Unknown EMS Scene Arrival Hour,Unknown EMS Scene Arrival Minutes,Unknown,Unknown EMS Hospital Arrival Time,1,Twilight,Rain/Wind/Minor,1,0,['Driver'],['None_Used'],0,0,Valid,0.0,0.0,37.0,37.0,['Female'],1,0,3,4,3,Wet/Standing Water,Straight,Level,Lowest,No
24914,37,North Carolina,371346,0,2,2,0,2,WALLACE,December,10,Sunday,5,46,Rural,Medium Speed (Collector),No,34.79025,-77.879,Non-Intersection,Dark - Not Lighted,Rain,Unknown,Unknown,Unknown EMS Scene Arrival Hour,Unknown EMS Scene Arrival Minutes,Unknown,Unknown EMS Hospital Arrival Time,1,Dark - Unlighted,Rain/Wind/Minor,1,1,['Driver'],['Shoulder_Lapbelt'],0,0,Valid,1.0,0.0,76.0,35.0,"['Male', 'Female']",0,0,3,4,5,Wet/Standing Water,Straight,Level,Lowest,No
24915,37,North Carolina,371347,0,1,1,0,1,WALLACE,December,10,Sunday,5,16,Rural,Low Speed (Local),No,34.77403333,-77.91881389,Simple Junction,Dark - Not Lighted,Cloudy,Unknown,Unknown,Unknown EMS Scene Arrival Hour,Unknown EMS Scene Arrival Minutes,Unknown,Unknown EMS Hospital Arrival Time,1,Dark - Unlighted,Reduced Visibility,1,0,['Driver'],['None_Used'],1,1,Valid,0.0,1.0,31.0,31.0,['Female'],0,0,3,4,3,Wet/Standing Water,Straight,Level,Lowest,No
24916,37,North Carolina,371348,0,1,1,0,1,DURHAM,December,28,Thursday,0,9,Urban,High Speed (Arterial),Yes,35.90993333,-78.86418611,Non-Intersection,Dark - Not Lighted,Cloudy,0:00am-0:59am,2,0:00am-0:59am,8,Not Applicable (Not Transported),Not Applicable (Not Transported),1,Dark - Unlighted,Reduced Visibility,1,0,['Driver'],['Shoulder_Lapbelt'],0,0,Valid,0.0,0.0,20.0,20.0,['Female'],0,0,2,4,3,Wet/Standing Water,Straight,Level,Lowest,No
24917,37,North Carolina,371349,0,1,1,0,1,WINSTON SALEM,December,8,Friday,3,55,Urban,Medium Speed (Collector),No,36.14738056,-80.30474722,Non-Intersection,Dark - Lighted,Clear,4:00am-4:59am,12,4:00am-4:59am,27,Not Applicable (Not Transported),Not Applicable (Not Transported),1,Dark - Lighted,Clear,1,0,['Driver'],['None_Used'],0,0,Valid,0.0,0.0,66.0,66.0,['Male'],0,0,2,4,2,Dry,Straight,Level,Lowest,No
24918,37,North Carolina,371350,4,3,2,1,2,WINSTON SALEM,December,15,Friday,16,8,Urban,Low Speed (Local),No,36.131875,-80.20070833,Complex/Circle,Daylight,Clear,4:00pm-4:59pm,8,4:00pm-4:59pm,17,Not Applicable (Not Transported),Not Applicable (Not Transported),1,Daylight,Clear,1,1,['Driver'],['Shoulder_Lapbelt'],0,0,Valid,1.0,0.0,73.0,37.0,"['Male', 'Male']",0,0,3,4,5,Dry,Straight,Grade/Hillcrest,Lowest,No
24919,37,North Carolina,371351,0,1,1,0,1,WINSTON SALEM,December,17,Sunday,0,38,Urban,Low Speed (Local),No,36.047925,-80.33425278,Non-Intersection,Dark - Lighted,Clear,0:00am-0:59am,40,0:00am-0:59am,47,Not Applicable (Not Transported),Not Applicable (Not Transported),1,Dark - Lighted,Clear,1,0,['Driver'],['None_Used'],1,1,Valid,2.0,0.0,39.0,39.0,['Male'],0,0,2,4,3,Dry,Curve,Grade/Hillcrest,Lowest,No
24920,37,North Carolina,371352,0,1,1,0,1,WINSTON SALEM,December,18,Monday,8,52,Urban,High Speed (Arterial),Yes,36.09367222,-80.27743611,Non-Intersection,Daylight,Clear,8:00am-8:59am,55,9:00am-9:59am,6,Not Applicable (Not Transported),Not Applicable (Not Transported),1,Daylight,Clear,1,0,['Driver'],['None_Used'],0,0,Valid,0.0,0.0,35.0,35.0,['Female'],0,0,2,4,3,Dry,Straight,Level,Lowest,No
24921,37,North Carolina,371353,1,1,1,0,1,GASTONIA,December,5,Tuesday,15,53,Urban,Low Speed (Local),No,35.28634167,-81.1614,Non-Intersection,Daylight,Clear,3:00pm-3:59pm,55,4:00pm-4:59pm,0,4:00pm-4:59pm,19,1,Daylight,Clear,0,1,[],[],0,0,Valid,2.0,0.0,38.0,38.0,['Female'],0,0,4,1,4,Dry,Curve,Grade/Hillcrest,Lowest,No
24922,37,North Carolina,371355,0,3,3,0,8,GASTONIA,December,19,Tuesday,15,15,Urban,High Speed (Arterial),No,35.284625,-81.23961667,Non-Intersection,Daylight,Clear,Unknown,Unknown,Unknown EMS Scene Arrival Hour,Unknown EMS Scene Arrival Minutes,Unknown,Unknown EMS Hospital Arrival Time,1,Daylight,Clear,1,7,['Driver'],['None_Used'],1,1,Valid,0.0,0.0,52.0,35.0,"['Male', 'Female', 'Female']",3,0,3,4,5,Dry,Curve,Grade/Hillcrest,Lowest,No
24923,37,North Carolina,371356,1,1,1,0,1,GASTONIA,December,21,Thursday,18,17,Urban,Medium Speed (Collector),No,35.19388333,-81.23294722,Non-Intersection,Dark - Not Lighted,Clear,5:00pm-5:59pm,59,6:00pm-6:59pm,12,Not Applicable (Not Transported),Not Applicable (Not Transported),1,Dark - Unlighted,Clear,0,1,[],[],0,0,Valid,1.0,3.0,43.0,43.0,['Female'],0,0,2,1,4,Dry,Curve,Level,Lowest,No
24924,37,North Carolina,371357,0,1,1,0,1,OXFORD,December,5,Tuesday,10,5,Rural,Medium Speed (Collector),No,36.406525,-78.64802222,Non-Intersection,Daylight,Clear,Unknown,Unknown,Unknown EMS Scene Arrival Hour,Unknown EMS Scene Arrival Minutes,Unknown,Unknown EMS Hospital Arrival Time,1,Daylight,Clear,1,0,['Driver'],['Shoulder_Lapbelt'],0,0,Valid,0.0,0.0,62.0,62.0,['Female'],0,0,3,4,3,Dry,Curve,Level,Lowest,No
24925,37,North Carolina,371358,1,1,1,0,1,GREENSBORO,December,1,Friday,2,4,Urban,High Speed (Arterial),Yes,36.04040278,-79.84769722,Non-Intersection,Dark - Not Lighted,Clear,2:00am-2:59am,5,2:00am-2:59am,9,2:00am-2:59am,49,1,Dark - Unlighted,Clear,0,1,[],[],0,0,Valid,4.0,0.0,31.0,31.0,['Male'],0,0,3,1,4,Dry,Straight,Level,Lowest,No
24926,37,North Carolina,371359,1,1,1,0,1,ANGIER,December,13,Wednesday,7,0,Urban,Medium Speed (Collector),No,35.51155833,-78.74075278,Non-Intersection,Dark - Lighted,Clear,6:00am-6:59am,49,6:00am-6:59am,53,Not Applicable (Not Transported),Not Applicable (Not Transported),1,Dark - Lighted,Clear,0,1,[],[],0,0,Valid,1.0,0.0,24.0,24.0,['Female'],0,0,3,1,4,Dry,Straight,Level,Lowest,No
24927,37,North Carolina,371360,0,1,1,0,1,ERWIN,December,18,Monday,21,50,Urban,Medium Speed (Collector),No,35.36657778,-78.70495,Complex/Circle,Dark - Not Lighted,Rain,9:00pm-9:59pm,45,9:00pm-9:59pm,50,Not Applicable (Not Transported),Not Applicable (Not Transported),1,Dark - Unlighted,Rain/Wind/Minor,1,0,['Driver'],['None_Used'],0,0,Valid,0.0,0.0,76.0,76.0,['Male'],0,0,2,4,3,Wet/Standing Water,Straight,Level,Medium,No
24928,37,North Carolina,371361,0,2,2,0,2,STATESVILLE,December,1,Friday,22,15,Urban,High Speed (Arterial),Yes,35.78759167,-80.95515556,Non-Intersection,Dark - Not Lighted,"Fog, Smog, Smoke",Unknown,Unknown,Unknown EMS Scene Arrival Hour,Unknown EMS Scene Arrival Minutes,Unknown,Unknown EMS Hospital Arrival Time,1,Dark - Unlighted,Reduced Visibility,1,1,['Driver'],['None_Used'],1,1,Valid,3.0,0.0,54.0,45.0,"['Female', 'Male']",0,0,3,4,5,Wet/Standing Water,Straight,Grade/Hillcrest,Lowest,No
24929,37,North Carolina,371362,0,2,2,0,4,SYLVA,December,12,Tuesday,16,18,Rural,High Speed (Arterial),Yes,35.39918333,-83.29322778,Non-Intersection,Daylight,Clear,4:00pm-4:59pm,18,4:00pm-4:59pm,25,4:00pm-4:59pm,56,1,Daylight,Clear,1,3,['Driver'],['None_Used'],0,0,Invalid,0.0,1.0,56.0,23.0,"['Male', 'Male']",0,0,5,4,5,Dry,Straight,Level,Lowest,No
24930,37,North Carolina,371363,0,2,2,0,4,SYLVA,December,12,Tuesday,15,44,Rural,High Speed (Arterial),Yes,35.3849,-83.29107222,Simple Junction,Daylight,Clear,3:00pm-3:59pm,52,3:00pm-3:59pm,55,4:00pm-4:59pm,50,1,Daylight,Clear,1,3,['Driver'],['Shoulder_Lapbelt'],0,0,Valid,1.0,0.0,62.0,28.0,"['Female', 'Female']",0,0,3,4,5,Dry,Straight,Level,Lowest,No
24931,37,North Carolina,371364,0,2,2,0,2,WILSONS MILLS,December,11,Monday,14,38,Urban,High Speed (Arterial),Yes,35.60055833,-78.41558056,Non-Intersection,Daylight,Clear,2:00pm-2:59pm,37,2:00pm-2:59pm,54,3:00pm-3:59pm,21,1,Daylight,Clear,1,1,['Driver'],['None_Used'],0,0,Valid,0.0,0.0,69.0,61.0,"['Male', 'Male']",0,0,4,4,5,Dry,Straight,Level,Lowest,No
24932,37,North Carolina,371365,0,1,1,0,1,BENSON,December,25,Monday,7,48,Rural,High Speed (Arterial),Yes,35.38766667,-78.52199722,Non-Intersection,Daylight,Clear,7:00am-7:59am,46,7:00am-7:59am,58,Not Applicable (Not Transported),Not Applicable (Not Transported),1,Daylight,Clear,1,0,['Driver'],['Shoulder_Lapbelt'],0,0,Valid,0.0,0.0,42.0,42.0,['Female'],0,0,2,4,3,Dry,Straight,Level,Lowest,No
24933,37,North Carolina,371366,0,2,2,0,3,SANFORD,December,14,Thursday,5,1,Rural,High Speed (Arterial),Yes,35.54162778,-79.24420278,Non-Intersection,Dark - Not Lighted,Clear,Unknown,Unknown,Unknown EMS Scene Arrival Hour,Unknown EMS Scene Arrival Minutes,Unknown,Unknown EMS Hospital Arrival Time,1,Dark - Unlighted,Clear,1,2,['Driver'],['None_Used'],0,0,Valid,2.0,0.0,44.0,29.0,"['Male', 'Female']",0,0,4,4,5,Dry,Straight,Level,Lowest,No
24934,37,North Carolina,371367,0,2,2,0,2,LINCOLNTON,December,31,Sunday,2,21,Rural,High Speed (Arterial),Yes,35.51720833,-81.22270278,Non-Intersection,Dark - Not Lighted,Clear,2:00am-2:59am,15,2:00am-2:59am,20,2:00am-2:59am,36,1,Dark - Unlighted,Clear,1,1,['Driver'],['Shoulder_Lapbelt'],0,0,Valid,2.0,0.0,25.0,21.0,"['Female', 'Female']",0,0,3,4,5,Dry,Straight,Level,Lowest,No
24935,37,North Carolina,371368,1,2,2,0,4,MARION,December,8,Friday,14,34,Rural,High Speed (Arterial),Yes,35.78493611,-82.04051389,Non-Intersection,Daylight,Clear,2:00pm-2:59pm,30,2:00pm-2:59pm,37,Not Applicable (Not Transported),Not Applicable (Not Transported),1,Daylight,Clear,0,4,[],[],0,0,Invalid,2.0,0.0,61.0,59.0,"['Male', 'Female']",0,0,3,1,4,Dry,Straight,Grade/Hillcrest,Lowest,No
24936,37,North Carolina,371369,1,1,1,0,1,CHARLOTTE,December,2,Saturday,16,21,Urban,High Speed (Arterial),Yes,35.18334722,-80.75592222,Non-Intersection,Daylight,Cloudy,4:00pm-4:59pm,20,4:00pm-4:59pm,27,Not Applicable (Not Transported),Not Applicable (Not Transported),1,Daylight,Reduced Visibility,0,1,[],[],0,0,Valid,0.0,0.0,55.0,55.0,['Male'],0,0,1,1,4,Dry,Straight,Level,Lowest,No
24937,37,North Carolina,371370,0,2,2,0,2,HUNTERSVILLE,December,2,Saturday,20,57,Urban,Medium Speed (Collector),No,35.21516389,-80.68912778,Non-Intersection,Dark - Lighted,Clear,8:00pm-8:59pm,57,9:00pm-9:59pm,8,9:00pm-9:59pm,42,1,Dark - Lighted,Clear,1,1,['Driver'],['Shoulder_Lapbelt'],1,2,Invalid,1.0,1.0,74.0,24.0,"['Female', 'Female']",1,0,3,4,5,Dry,Curve,Level,Lowest,No
24938,37,North Carolina,371372,0,1,1,0,4,CHARLOTTE,December,7,Thursday,9,25,Urban,Medium Speed (Collector),No,35.23454167,-80.77109444,Non-Intersection,Daylight,Clear,9:00am-9:59am,24,9:00am-9:59am,36,10:00am-10:59am,22,1,Daylight,Clear,1,3,['Rear_Seat'],['None_Used'],0,0,Invalid,0.0,0.0,17.0,17.0,['Male'],4,0,2,4,3,Dry,Straight,Level,Lowest,No
24939,37,North Carolina,371373,0,2,2,0,2,CHARLOTTE,December,10,Sunday,21,24,Urban,Medium Speed (Collector),No,35.16615833,-80.75509167,Non-Intersection,Dark - Lighted,Cloudy,9:00pm-9:59pm,25,9:00pm-9:59pm,33,10:00pm-10:59pm,12,1,Dark - Lighted,Reduced Visibility,1,1,['Driver'],['None_Used'],0,0,Valid,0.0,0.0,43.0,35.0,"['Male', 'Male']",1,0,3,4,5,Dry,Straight,Level,Lowest,No
24940,37,North Carolina,371374,0,2,2,0,2,CHARLOTTE,December,11,Monday,6,53,Urban,High Speed (Arterial),Yes,35.13180278,-80.92368056,Non-Intersection,Dawn,Clear,6:00am-6:59am,47,6:00am-6:59am,54,7:00am-7:59am,26,1,Twilight,Clear,1,1,['Driver'],['None_Used'],0,0,Invalid,2.0,0.0,44.0,34.0,"['Male', 'Male']",0,0,4,4,5,Dry,Straight,Level,Lowest,No