,State_Code,State_Name,Crash_ID,Count_Non_Motorists,Count_Vehicles_Total,Count_Vehicle_Forms,Count_PVH_Involved,Count_Occupants_MV,City_Name,Month_Name,Day_of_Month,Day_of_Week,Crash_Hour,Crash_Minute,Area_Rural_Urban,Road_Functional_Class,On_NHS_Road,Latitude,Longitude,Intersection_Type,Light_Condition,Weather_Condition,Notif_Hour,Notif_Minute,Arrival_Hour,Arrival_Minute,Hospital_Hour,Hospital_Minute,Fatalities_Count,Clean_Light_Condition,Clean_Weather_Condition,Total_Killed,Total_Alive,Fatal_Seats_List,Killed_Restraint_List,Any_Driver_Drinking,Total_Drinking_Drivers,Driver_License_Category,Driver_Max_Prev_Accident_Count,Driver_Max_Prev_Speeding_Count,Max_Driver_Age,Min_Driver_Age,Driver_Sex_List,Total_Exceeding_Limit_Vehicles,Total_Too_Fast_Vehicles,Max_Vehicle_Type_Severity_5,Max_Vehicle_Damage_Rank,Max_Harmful_Event_Severity,Crash_Road_Surface_Condition,Crash_Horizontal_Alignment,Crash_Vertical_Profile,Crash_Impairment_Category,Crash_Vehicle_Defect
24941,37,North Carolina,371375,1,1,1,0,1,CHARLOTTE,December,22,Friday,17,45,Urban,Medium Speed (Collector),No,35.21584722,-80.78311667,Simple Junction,Dark - Lighted,Clear,5:00pm-5:59pm,45,5:00pm-5:59pm,50,Not Applicable (Not Transported),Not Applicable (Not Transported),1,Dark - Lighted,Clear,0,1,[],[],0,0,Valid,0.0,0.0,53.0,53.0,['Male'],0,0,2,1,4,Dry,Straight,Level,Lowest,No
24942,37,North Carolina,371376,1,1,1,0,1,CHARLOTTE,December,25,Monday,19,52,Urban,High Speed (Arterial),Yes,35.20353611,-80.76026111,Non-Intersection,Dark - Lighted,Rain,7:00pm-7:59pm,51,7:00pm-7:59pm,56,8:00pm-8:59pm,11,1,Dark - Lighted,Rain/Wind/Minor,0,1,[],[],0,0,Invalid,0.0,0.0,29.0,29.0,['Male'],0,0,3,1,4,Wet/Standing Water,Straight,Level,Lowest,No
24943,37,North Carolina,371377,0,2,1,1,1,CHARLOTTE,December,26,Tuesday,7,34,Urban,Low Speed (Local),No,35.29777778,-80.96205,Non-Intersection,Daylight,Cloudy,7:00am-7:59am,33,7:00am-7:59am,44,8:00am-8:59am,31,1,Daylight,Reduced Visibility,1,0,['Driver'],['Shoulder_Lapbelt'],0,0,Valid,0.0,0.0,55.0,55.0,['Female'],0,0,2,4,5,Wet/Standing Water,Straight,Level,Medium,No
24944,37,North Carolina,371378,0,2,2,0,1,CHARLOTTE,December,31,Sunday,20,41,Urban,High Speed (Arterial),Yes,35.09813889,-80.71725278,Non-Intersection,Dark - Not Lighted,Clear,8:00pm-8:59pm,39,8:00pm-8:59pm,52,Not Applicable (Not Transported),Not Applicable (Not Transported),1,Dark - Unlighted,Clear,1,0,['Driver'],['None_Used'],1,1,Valid,1.0,0.0,31.0,31.0,['Male'],0,0,2,4,5,Dry,Straight,Level,Lowest,No
24945,37,North Carolina,371379,1,1,1,0,2,TROY,December,10,Sunday,22,22,Rural,Medium Speed (Collector),No,35.34701111,-79.89440833,Non-Intersection,Dark - Not Lighted,Rain,Unknown,Unknown,Unknown EMS Scene Arrival Hour,Unknown EMS Scene Arrival Minutes,Unknown,Unknown EMS Hospital Arrival Time,1,Dark - Unlighted,Rain/Wind/Minor,0,2,[],[],0,0,Valid,0.0,0.0,46.0,46.0,['Male'],0,0,3,1,4,Wet/Standing Water,Straight,Grade/Hillcrest,Lowest,No
24946,37,North Carolina,371380,0,2,2,0,5,BISCOE,December,27,Wednesday,18,44,Rural,Medium Speed (Collector),No,35.32939444,-79.76500278,Non-Intersection,Dark - Not Lighted,Clear,Unknown,Unknown,Unknown EMS Scene Arrival Hour,Unknown EMS Scene Arrival Minutes,Unknown,Unknown EMS Hospital Arrival Time,1,Dark - Unlighted,Clear,1,4,['Driver'],['Shoulder_Lapbelt'],1,1,Valid,1.0,1.0,44.0,39.0,"['Male', 'Female']",0,0,2,4,5,Dry,Straight,Level,Lowest,Yes
24947,37,North Carolina,371381,0,1,1,0,1,BAILEY,December,22,Friday,1,56,Rural,High Speed (Arterial),Yes,35.78869444,-78.13476389,Non-Intersection,Dark - Not Lighted,Clear,1:00am-1:59am,40,1:00am-1:59am,47,Not Applicable (Not Transported),Not Applicable (Not Transported),1,Dark - Unlighted,Clear,1,0,['Driver'],['None_Used'],0,0,Valid,0.0,1.0,31.0,31.0,['Male'],0,0,5,4,3,Dry,Straight,Level,Lowest,No
24948,37,North Carolina,371382,0,3,3,0,4,WILMINGTON,December,25,Monday,18,30,Urban,Medium Speed (Collector),No,34.23625556,-77.93671389,Complex/Circle,Dark - Lighted,Clear,6:00pm-6:59pm,36,6:00pm-6:59pm,42,7:00pm-7:59pm,0,1,Dark - Lighted,Clear,1,3,['Driver'],['None_Used'],0,0,Invalid,0.0,0.0,36.0,15.0,"['Male', 'Male', 'Male']",0,0,5,4,5,Dry,Straight,Level,Lowest,Yes
24949,37,North Carolina,371383,0,2,2,0,4,JACKSONVILLE,December,22,Friday,21,35,Urban,High Speed (Arterial),Yes,34.76070833,-77.415575,Complex/Circle,Daylight,Clear,1:00pm-1:59pm,18,1:00pm-1:59pm,26,1:00pm-1:59pm,51,1,Daylight,Clear,1,3,['Driver'],['None_Used'],0,0,Valid,1.0,0.0,67.0,34.0,"['Female', 'Male']",3,0,3,4,5,Dry,Straight,Level,Lowest,No
24950,37,North Carolina,371384,1,1,1,0,1,RICHLANDS,December,18,Monday,21,45,Rural,High Speed (Arterial),Yes,34.91305556,-77.58708611,Non-Intersection,Dark - Not Lighted,Clear,9:00pm-9:59pm,40,9:00pm-9:59pm,48,10:00pm-10:59pm,22,1,Dark - Unlighted,Clear,0,1,[],[],0,0,Valid,0.0,0.0,39.0,39.0,['Male'],0,0,3,1,4,Dry,Straight,Grade/Hillcrest,Lowest,No
24951,37,North Carolina,371385,0,2,2,0,5,JACKSONVILLE,December,28,Thursday,19,13,Urban,High Speed (Arterial),Yes,34.75717222,-77.48024444,Complex/Circle,Dark - Not Lighted,Clear,7:00pm-7:59pm,16,7:00pm-7:59pm,22,7:00pm-7:59pm,53,1,Dark - Unlighted,Clear,1,4,['Driver'],['None_Used'],0,0,Valid,3.0,1.0,42.0,42.0,"['Female', 'Female']",0,0,3,4,5,Dry,Straight,Level,Lowest,No
24952,37,North Carolina,371386,0,2,2,0,3,CHAPEL HILL,December,2,Saturday,14,40,Urban,High Speed (Arterial),Yes,35.96984444,-79.06172778,Complex/Circle,Daylight,Cloudy,2:00pm-2:59pm,35,2:00pm-2:59pm,41,3:00pm-3:59pm,1,1,Daylight,Reduced Visibility,1,2,['Driver'],['None_Used'],0,0,Valid,0.0,1.0,44.0,31.0,"['Male', 'Female']",0,0,5,4,5,Dry,Straight,Level,Lowest,No
24953,37,North Carolina,371387,0,1,1,0,2,MEBANE,December,9,Saturday,2,42,Rural,Low Speed (Local),No,36.04126667,-79.26119167,Simple Junction,Dark - Not Lighted,Clear,2:00am-2:59am,42,Unknown EMS Scene Arrival Hour,Unknown EMS Scene Arrival Minutes,Unknown,Unknown EMS Hospital Arrival Time,1,Dark - Unlighted,Clear,1,1,['Driver'],['None_Used'],0,0,Valid,0.0,0.0,47.0,47.0,['Male'],0,0,3,4,3,Dry,Straight,Level,Lowest,No
24954,37,North Carolina,371388,0,2,1,1,1,ELIZABETH CITY,December,1,Friday,1,39,Urban,Medium Speed (Collector),No,36.28636111,-76.24005833,Non-Intersection,Dark - Unknown Lighting,Clear,7:00am-7:59am,29,7:00am-7:59am,36,Not Applicable (Not Transported),Not Applicable (Not Transported),1,Dark - Unlighted,Clear,1,0,['Driver'],['None_Used'],0,0,Valid,2.0,0.0,35.0,35.0,['Male'],0,0,2,4,3,Dry,Straight,Level,Lowest,No
24955,37,North Carolina,371389,0,1,1,0,1,BURGAW,December,7,Thursday,18,41,Rural,Medium Speed (Collector),No,34.46757778,-78.06831667,Non-Intersection,Dark - Not Lighted,Clear,6:00pm-6:59pm,41,7:00pm-7:59pm,3,Not Applicable (Not Transported),Not Applicable (Not Transported),1,Dark - Unlighted,Clear,1,0,['Driver'],['Shoulder_Lapbelt'],0,0,Valid,0.0,0.0,64.0,64.0,['Female'],1,0,2,4,3,Dry,Curve,Level,Lowest,No
24956,37,North Carolina,371390,0,3,3,0,3,RAMSEUR,December,2,Saturday,9,29,Rural,High Speed (Arterial),Yes,35.7507,-79.60025833,Non-Intersection,Daylight,Cloudy,9:00am-9:59am,26,9:00am-9:59am,34,10:00am-10:59am,12,1,Daylight,Reduced Visibility,1,2,['Driver'],['None_Used'],0,0,Valid,0.0,1.0,51.0,46.0,"['Male', 'Male', 'Female']",0,0,5,4,5,Wet/Standing Water,Curve,Level,Lowest,No
24957,37,North Carolina,371391,0,2,2,0,5,PARKTON,December,1,Friday,0,59,Rural,Medium Speed (Collector),No,34.91348889,-78.95801111,Non-Intersection,Dark - Not Lighted,Clear,0:00am-0:59am,58,1:00am-1:59am,15,2:00am-2:59am,10,1,Dark - Unlighted,Clear,1,4,['Driver'],['None_Used'],0,0,Valid,1.0,1.0,41.0,32.0,"['Male', 'Female']",0,0,2,4,5,Dry,Straight,Level,Lowest,No
24958,37,North Carolina,371392,0,1,1,0,1,LUMBERTON,December,18,Monday,13,27,Rural,High Speed (Arterial),Yes,34.59426667,-79.17941389,Non-Intersection,Daylight,Clear,1:00pm-1:59pm,22,1:00pm-1:59pm,40,3:00pm-3:59pm,15,1,Daylight,Clear,1,0,['Driver'],['None_Used'],0,0,Valid,0.0,0.0,28.0,28.0,['Male'],0,0,4,4,3,Dry,Curve,Level,Lowest,Yes
24959,37,North Carolina,371393,0,2,2,0,5,ST. PAULS,December,10,Sunday,12,13,Rural,Medium Speed (Collector),No,34.91071111,-78.960475,Complex/Circle,Daylight,Cloudy,12:00pm-12:59pm,15,12:00pm-12:59pm,33,1:00pm-1:59pm,33,1,Daylight,Reduced Visibility,1,4,['Front_Passenger'],['Shoulder_Lapbelt'],0,0,Valid,0.0,0.0,73.0,18.0,"['Male', 'Male']",0,0,3,4,5,Dry,Straight,Level,Lowest,No
24960,37,North Carolina,371394,1,1,1,0,1,SALISBURY,December,25,Monday,22,23,Urban,High Speed (Arterial),Yes,35.64178889,-80.47843889,Non-Intersection,Dark - Not Lighted,Rain,10:00pm-10:59pm,33,10:00pm-10:59pm,38,Not Applicable (Not Transported),Not Applicable (Not Transported),1,Dark - Unlighted,Rain/Wind/Minor,0,1,[],[],0,0,Valid,0.0,0.0,22.0,22.0,['Male'],0,0,2,4,4,Wet/Standing Water,Straight,Level,Lowest,No
24961,37,North Carolina,371395,0,1,1,0,1,TOWNSVILLE,December,21,Thursday,20,42,Rural,Low Speed (Local),No,36.4742,-78.48320833,Non-Intersection,Dark - Not Lighted,Clear,8:00pm-8:59pm,38,8:00pm-8:59pm,53,9:00pm-9:59pm,19,1,Dark - Unlighted,Clear,1,0,['Driver'],['None_Used'],0,0,Valid,0.0,0.0,46.0,46.0,['Male'],0,0,2,4,3,Dry,Curve,Level,Lowest,No
24962,37,North Carolina,371396,0,2,2,0,3,RALEIGH,December,28,Thursday,20,21,Urban,Medium Speed (Collector),No,35.77429167,-78.63674722,Complex/Circle,Dark - Lighted,Clear,8:00pm-8:59pm,23,8:00pm-8:59pm,25,8:00pm-8:59pm,40,3,Dark - Lighted,Clear,3,0,"['Driver', 'Driver', 'Rear_Seat']","['None_Used', 'Shoulder_Lapbelt', 'None_Used']",0,0,Invalid,1.0,0.0,65.0,55.0,"['Male', 'Male']",1,0,3,4,5,Dry,Straight,Level,Lowest,No
24963,37,North Carolina,371397,1,1,1,0,1,CARY,December,31,Sunday,11,11,Urban,Medium Speed (Collector),No,35.77702222,-78.770275,Non-Intersection,Daylight,Clear,11:00am-11:59am,17,11:00am-11:59am,22,11:00am-11:59am,42,1,Daylight,Clear,0,1,[],[],0,0,Valid,2.0,0.0,50.0,50.0,['Male'],1,0,2,1,4,Dry,Straight,Level,Lowest,No
24964,37,North Carolina,371398,1,1,1,0,2,RALEIGH,December,5,Tuesday,18,12,Urban,Low Speed (Local),No,35.62152222,-78.62217778,Non-Intersection,Dark - Not Lighted,Clear,6:00pm-6:59pm,2,6:00pm-6:59pm,19,Not Applicable (Not Transported),Not Applicable (Not Transported),1,Dark - Unlighted,Clear,0,2,[],[],0,0,Invalid,0.0,0.0,55.0,55.0,['Male'],0,0,3,4,4,Dry,Straight,Level,Lowest,No
24965,37,North Carolina,371399,0,1,1,0,1,WAKE FOREST,December,8,Friday,1,22,Urban,Medium Speed (Collector),No,35.99470833,-78.660775,Non-Intersection,Dark - Not Lighted,Clear,1:00am-1:59am,21,1:00am-1:59am,27,Not Applicable (Not Transported),Not Applicable (Not Transported),1,Dark - Unlighted,Clear,1,0,['Driver'],['None_Used'],1,1,Valid,1.0,0.0,44.0,44.0,['Male'],0,0,3,4,3,Dry,Curve,Grade/Hillcrest,Lowest,No
24966,37,North Carolina,371400,0,1,1,0,2,RALEIGH,December,9,Saturday,2,38,Urban,Low Speed (Local),No,35.82285278,-78.60785556,Non-Intersection,Dark - Lighted,Clear,3:00am-3:59am,3,3:00am-3:59am,12,3:00am-3:59am,33,1,Dark - Lighted,Clear,1,1,['Front_Passenger'],['None_Used'],1,1,Invalid,0.0,0.0,22.0,22.0,['Male'],2,0,3,4,3,Wet/Standing Water,Straight,Level,Lowest,No
24967,37,North Carolina,371401,0,1,1,0,1,ROLESVILLE,December,27,Wednesday,4,10,Rural,High Speed (Arterial),Yes,35.953725,-78.41961944,Non-Intersection,Dark - Not Lighted,Rain,4:00am-4:59am,2,4:00am-4:59am,9,Not Applicable (Not Transported),Not Applicable (Not Transported),1,Dark - Unlighted,Rain/Wind/Minor,1,0,['Driver'],['None_Used'],0,0,Valid,0.0,0.0,63.0,63.0,['Male'],1,0,3,4,2,Wet/Standing Water,Curve,Level,Lowest,No
24968,37,North Carolina,371402,0,2,2,0,2,WILSON,December,28,Thursday,9,4,Rural,Medium Speed (Collector),Yes,35.76463056,-78.01904722,Non-Intersection,Daylight,Cloudy,9:00am-9:59am,10,9:00am-9:59am,21,Not Applicable (Not Transported),Not Applicable (Not Transported),1,Daylight,Reduced Visibility,1,1,['Driver'],['Shoulder_Lapbelt'],0,0,Valid,0.0,0.0,55.0,42.0,"['Male', 'Male']",0,0,3,4,5,Dry,Straight,Level,Lowest,No
24969,37,North Carolina,371403,0,1,1,0,1,WILSON,December,22,Friday,3,1,Rural,High Speed (Arterial),Yes,35.77147222,-78.003925,Non-Intersection,Dark - Not Lighted,Clear,2:00am-2:59am,57,3:00am-3:59am,9,Not Applicable (Not Transported),Not Applicable (Not Transported),1,Dark - Unlighted,Clear,1,0,['Driver'],['Shoulder_Lapbelt'],0,0,Valid,0.0,0.0,64.0,64.0,['Male'],0,0,3,4,3,Dry,Straight,Level,Lowest,No
24970,37,North Carolina,371404,0,1,1,0,1,JONESVILLE,December,11,Monday,12,44,Rural,Low Speed (Local),No,36.1858,-80.78939444,Non-Intersection,Daylight,Clear,12:00pm-12:59pm,42,12:00pm-12:59pm,55,Not Applicable (Not Transported),Not Applicable (Not Transported),1,Daylight,Clear,1,0,['Driver'],['Shoulder_Lapbelt'],1,1,Valid,1.0,0.0,45.0,45.0,['Male'],0,0,3,4,3,Dry,Straight,Grade/Hillcrest,Lowest,No
24971,37,North Carolina,371405,1,1,1,0,1,EAST BEND,December,26,Tuesday,1,49,Rural,Medium Speed (Collector),No,36.21743333,-80.52495556,Non-Intersection,Dark - Not Lighted,Rain,1:00am-1:59am,49,Unknown EMS Scene Arrival Hour,Unknown EMS Scene Arrival Minutes,Not Applicable (Not Transported),Not Applicable (Not Transported),1,Dark - Unlighted,Rain/Wind/Minor,0,1,[],[],0,0,Valid,0.0,0.0,21.0,21.0,['Female'],0,0,2,4,4,Wet/Standing Water,Straight,Level,Lowest,No
24972,37,North Carolina,371406,0,1,1,0,1,FAYETTEVILLE,February,11,Saturday,21,22,Urban,Low Speed (Local),No,35.05710556,-78.88601111,Non-Intersection,Dark - Lighted,Rain,Unknown,Unknown,Unknown EMS Scene Arrival Hour,Unknown EMS Scene Arrival Minutes,Not Applicable (Not Transported),Not Applicable (Not Transported),1,Dark - Lighted,Rain/Wind/Minor,1,0,['Driver'],['Shoulder_Lapbelt'],0,0,Valid,0.0,0.0,69.0,69.0,['Female'],1,0,3,4,3,Wet/Standing Water,Curve,Level,Lowest,No
24973,37,North Carolina,371407,1,1,1,0,1,NOT APPLICABLE,February,9,Thursday,0,2,Rural,Medium Speed (Collector),No,35.09914722,-76.83778611,Non-Intersection,Dark - Not Lighted,Clear,0:00am-0:59am,3,0:00am-0:59am,9,Not Applicable (Not Transported),Not Applicable (Not Transported),1,Dark - Unlighted,Clear,0,1,[],[],0,0,Valid,0.0,0.0,69.0,69.0,['Female'],0,0,2,4,4,Dry,Straight,Level,Lowest,No
24974,37,North Carolina,371408,0,2,2,0,2,NOT APPLICABLE,February,21,Tuesday,12,5,Rural,High Speed (Arterial),Yes,35.61442222,-80.53565833,Non-Intersection,Daylight,Clear,12:00pm-12:59pm,2,12:00pm-12:59pm,8,Not Applicable (Not Transported),Not Applicable (Not Transported),1,Daylight,Clear,1,1,['Driver'],['Shoulder_Lapbelt'],0,0,Valid,0.0,0.0,77.0,62.0,"['Male', 'Male']",1,0,4,4,5,Dry,Straight,Level,Lowest,No
24975,37,North Carolina,371410,0,2,2,0,2,RALEIGH,May,25,Thursday,16,26,Urban,High Speed (Arterial),Yes,35.89586111,-78.506625,Complex/Circle,Daylight,Clear,4:00pm-4:59pm,18,4:00pm-4:59pm,33,Not Applicable (Not Transported),Not Applicable (Not Transported),1,Daylight,Clear,1,1,['Driver'],['Shoulder_Lapbelt'],0,0,Valid,1.0,0.0,53.0,20.0,"['Male', 'Female']",0,0,4,4,5,Dry,Straight,Level,Lowest,No
24976,37,North Carolina,371411,0,2,2,0,5,NOT APPLICABLE,July,30,Sunday,23,50,Rural,High Speed (Arterial),Yes,36.07381667,-78.77430833,Non-Intersection,Dark - Not Lighted,Clear,Unknown,Unknown,Unknown EMS Scene Arrival Hour,Unknown EMS Scene Arrival Minutes,Unknown,Unknown EMS Hospital Arrival Time,1,Dark - Unlighted,Clear,1,4,['Rear_Seat'],['None_Used'],0,0,Valid,0.0,0.0,55.0,28.0,"['Female', 'Female']",0,0,3,4,5,Dry,Straight,Level,Lowest,No
24977,37,North Carolina,371412,0,4,4,0,4,CATAWBA,July,7,Friday,8,8,Rural,High Speed (Arterial),No,35.75161667,-81.33633889,Complex/Circle,Daylight,Clear,8:00am-8:59am,10,8:00am-8:59am,11,8:00am-8:59am,42,1,Daylight,Clear,1,3,['Driver'],['None_Used'],0,0,Valid,0.0,0.0,75.0,20.0,"['Female', 'Male', 'Female', 'Male']",0,0,3,4,5,Dry,Straight,Level,Lowest,No
24978,37,North Carolina,371413,1,1,1,0,1,NOT APPLICABLE,September,26,Tuesday,0,8,Rural,High Speed (Arterial),Yes,34.94574722,-79.297175,Non-Intersection,Dark - Not Lighted,Clear,Unknown,Unknown,Unknown EMS Scene Arrival Hour,Unknown EMS Scene Arrival Minutes,Not Applicable (Not Transported),Not Applicable (Not Transported),1,Dark - Unlighted,Clear,0,0,[],[],0,0,Invalid,0.0,0.0,999.0,999.0,['Other'],0,0,1,0,4,Dry,Straight,Level,Lowest,No
24979,37,North Carolina,371414,0,1,1,0,4,GOLDSBORO,September,10,Sunday,2,10,Urban,High Speed (Arterial),Yes,35.39584722,-77.96663333,Non-Intersection,Dark - Not Lighted,Clear,Unknown,Unknown,Unknown EMS Scene Arrival Hour,Unknown EMS Scene Arrival Minutes,Unknown,Unknown EMS Hospital Arrival Time,1,Dark - Unlighted,Clear,1,1,['Rear_Seat'],['None_Used'],0,0,Invalid,0.0,0.0,15.0,15.0,['Male'],4,0,3,4,3,Dry,Straight,Grade/Hillcrest,Lowest,No
24980,37,North Carolina,371415,0,2,2,0,2,NOT APPLICABLE,October,22,Sunday,9,34,Rural,Low Speed (Local),No,35.51631111,-80.71838611,Non-Intersection,Daylight,Cloudy,Unknown,Unknown,Unknown EMS Scene Arrival Hour,Unknown EMS Scene Arrival Minutes,Unknown,Unknown EMS Hospital Arrival Time,1,Daylight,Reduced Visibility,1,1,['Driver'],['None_Used'],0,0,Valid,1.0,0.0,26.0,24.0,"['Male', 'Male']",1,0,5,4,5,Dry,Straight,Grade/Hillcrest,Lowest,No
24981,37,North Carolina,371416,0,1,1,0,2,NOT APPLICABLE,October,30,Monday,18,39,Rural,Low Speed (Local),No,35.1518,-80.59971389,Non-Intersection,Dark - Not Lighted,Clear,6:00pm-6:59pm,57,7:00pm-7:59pm,14,8:00pm-8:59pm,1,1,Dark - Unlighted,Clear,1,1,['Front_Passenger'],['Shoulder_Lapbelt'],0,0,Valid,0.0,0.0,16.0,16.0,['Male'],2,0,2,4,3,Dry,Curve,Grade/Hillcrest,Lowest,No
24982,37,North Carolina,371417,1,1,1,0,1,RALEIGH,October,15,Sunday,14,0,Urban,Low Speed (Local),No,35.85771944,-78.55309444,Simple Junction,Daylight,Clear,1:00pm-1:59pm,55,1:00pm-1:59pm,59,2:00pm-2:59pm,22,1,Daylight,Clear,0,1,[],[],0,0,Valid,2.0,0.0,34.0,34.0,['Male'],0,0,3,1,4,Dry,Straight,Level,Lowest,No
24983,37,North Carolina,371418,0,5,5,0,10,NOT APPLICABLE,November,28,Tuesday,15,16,Rural,Medium Speed (Collector),No,36.16020278,-79.33491111,Non-Intersection,Daylight,Clear,3:00pm-3:59pm,8,3:00pm-3:59pm,29,4:00pm-4:59pm,16,2,Daylight,Clear,2,8,"['Driver', 'Rear_Seat']","['None_Used', 'None_Used']",0,0,Valid,5.0,2.0,70.0,40.0,"['Male', 'Male', 'Female', 'Female', 'Male']",0,0,4,4,5,Dry,Straight,Grade/Hillcrest,Lowest,No
24984,37,North Carolina,371419,0,1,1,0,9,WINSTON SALEM,November,4,Saturday,17,26,Urban,Low Speed (Local),No,36.08018056,-80.238125,Non-Intersection,Dusk,Clear,5:00pm-5:59pm,26,5:00pm-5:59pm,45,6:00pm-6:59pm,2,1,Twilight,Clear,1,8,['Non_Standard_Risk'],['None_Used'],0,0,Valid,3.0,0.0,78.0,78.0,['Male'],0,0,4,1,1,Dry,Curve,Level,Lowest,No
24985,37,North Carolina,371420,0,1,1,0,1,NOT APPLICABLE,November,30,Thursday,23,43,Rural,Medium Speed (Collector),No,35.19981944,-81.12285556,Non-Intersection,Dark - Not Lighted,Clear,11:00pm-11:59pm,42,11:00pm-11:59pm,55,0:00am-0:59am,11,1,Dark - Unlighted,Clear,1,0,['Driver'],['None_Used'],1,1,Valid,1.0,0.0,22.0,22.0,['Female'],1,0,2,4,3,Dry,Straight,Level,Lowest,No
24986,37,North Carolina,371421,1,1,1,0,1,CHARLOTTE,November,6,Monday,11,56,Urban,Medium Speed (Collector),No,35.15526944,-80.87618611,Non-Intersection,Daylight,Clear,11:00am-11:59am,55,12:00pm-12:59pm,0,12:00pm-12:59pm,19,1,Daylight,Clear,0,1,[],[],0,0,Valid,0.0,0.0,27.0,27.0,['Female'],0,0,3,1,4,Dry,Straight,Non-Trafficway,Lowest,No
24987,37,North Carolina,371422,0,1,1,0,2,BURLINGTON,December,12,Tuesday,1,17,Urban,High Speed (Arterial),Yes,36.06292778,-79.43101944,Non-Intersection,Dark - Lighted,Clear,1:00am-1:59am,18,1:00am-1:59am,28,2:00am-2:59am,11,1,Dark - Lighted,Clear,1,1,['Driver'],['Shoulder_Lapbelt'],0,0,Valid,0.0,0.0,18.0,18.0,['Male'],2,0,2,4,3,Dry,Curve,Grade/Hillcrest,Lowest,No
24988,37,North Carolina,371423,0,2,2,0,2,NOT APPLICABLE,December,16,Saturday,17,30,Rural,Low Speed (Local),No,36.15318889,-79.36095278,Complex/Circle,Dark - Not Lighted,Clear,Unknown,Unknown,Unknown EMS Scene Arrival Hour,Unknown EMS Scene Arrival Minutes,Unknown,Unknown EMS Hospital Arrival Time,1,Dark - Unlighted,Clear,1,1,['Driver'],['Shoulder_Lapbelt'],0,0,Valid,1.0,1.0,57.0,39.0,"['Female', 'Female']",0,0,3,4,5,Dry,Straight,Level,Lowest,No
24989,37,North Carolina,371424,0,1,1,0,1,NOT APPLICABLE,December,22,Friday,23,0,Rural,Low Speed (Local),No,33.94294167,-78.31935,Non-Intersection,Dark - Not Lighted,Clear,Unknown,Unknown,Unknown EMS Scene Arrival Hour,Unknown EMS Scene Arrival Minutes,Not Applicable (Not Transported),Not Applicable (Not Transported),1,Dark - Unlighted,Clear,1,0,['Driver'],['Shoulder_Lapbelt'],0,0,Valid,0.0,0.0,61.0,61.0,['Female'],0,0,3,4,3,Dry,Curve,Level,Lowest,No
24990,37,North Carolina,371425,0,4,4,0,5,NOT APPLICABLE,December,11,Monday,15,42,Rural,Medium Speed (Collector),No,35.81245278,-78.96557778,Non-Intersection,Daylight,Clear,3:00pm-3:59pm,35,3:00pm-3:59pm,43,4:00pm-4:59pm,17,1,Daylight,Clear,1,4,['Rear_Seat'],['None_Used'],1,1,Valid,1.0,0.0,77.0,25.0,"['Female', 'Male', 'Male', 'Male']",0,0,3,4,5,Dry,Straight,Level,Lowest,No
24991,37,North Carolina,371426,0,2,2,0,2,WINSTON SALEM,December,13,Wednesday,11,12,Urban,Medium Speed (Collector),No,36.16179444,-80.32513333,Non-Intersection,Daylight,Clear,11:00am-11:59am,15,11:00am-11:59am,24,Not Applicable (Not Transported),Not Applicable (Not Transported),1,Daylight,Clear,1,1,['Driver'],['None_Used'],1,1,Invalid,0.0,0.0,76.0,65.0,"['Male', 'Male']",0,0,5,4,5,Dry,Straight,Level,Lowest,No
24992,37,North Carolina,371427,0,2,2,0,5,WINSTON SALEM,December,17,Sunday,20,6,Urban,High Speed (Arterial),Yes,36.08554444,-80.22895556,Non-Intersection,Dark - Not Lighted,Clear,10:00pm-10:59pm,6,10:00pm-10:59pm,24,10:00pm-10:59pm,50,1,Dark - Unlighted,Clear,1,4,['Rear_Seat'],['None_Used'],0,0,Invalid,0.0,0.0,40.0,36.0,"['Male', 'Male']",4,0,3,4,5,Dry,Straight,Level,Lowest,No
24993,37,North Carolina,371428,0,1,1,0,1,WINSTON SALEM,December,18,Monday,19,30,Urban,Medium Speed (Collector),No,36.17355556,-80.29259722,Non-Intersection,Dark - Lighted,Clear,7:00pm-7:59pm,31,7:00pm-7:59pm,45,Not Applicable (Not Transported),Not Applicable (Not Transported),1,Dark - Lighted,Clear,1,0,['Driver'],['None_Used'],1,1,Invalid,0.0,0.0,44.0,44.0,['Male'],1,0,3,4,2,Dry,Straight,Grade/Hillcrest,Lowest,No
24994,37,North Carolina,371429,0,2,2,0,3,WINSTON SALEM,December,22,Friday,23,31,Urban,High Speed (Arterial),Yes,36.13781944,-80.23935278,Non-Intersection,Dark - Not Lighted,Clear,11:00pm-11:59pm,32,11:00pm-11:59pm,39,11:00pm-11:59pm,55,1,Dark - Unlighted,Clear,1,1,['Front_Passenger'],['Shoulder_Lapbelt'],1,1,Invalid,0.0,4.0,999.0,23.0,"['Male', 'Other']",3,0,3,4,5,Dry,Straight,Level,Lowest,No
24995,37,North Carolina,371430,0,1,1,0,1,NOT APPLICABLE,December,22,Friday,16,10,Rural,Low Speed (Local),No,36.03221111,-78.47172222,Non-Intersection,Dusk,Clear,4:00pm-4:59pm,6,4:00pm-4:59pm,17,Not Applicable (Not Transported),Not Applicable (Not Transported),1,Twilight,Clear,1,0,['Driver'],['None_Used'],1,1,Valid,0.0,0.0,60.0,60.0,['Male'],1,0,5,4,3,Dry,Curve,Grade/Hillcrest,Lowest,No