,State_Code,State_Name,Crash_ID,Count_Non_Motorists,Count_Vehicles_Total,Count_Vehicle_Forms,Count_PVH_Involved,Count_Occupants_MV,City_Name,Month_Name,Day_of_Month,Day_of_Week,Crash_Hour,Crash_Minute,Area_Rural_Urban,Road_Functional_Class,On_NHS_Road,Latitude,Longitude,Intersection_Type,Light_Condition,Weather_Condition,Notif_Hour,Notif_Minute,Arrival_Hour,Arrival_Minute,Hospital_Hour,Hospital_Minute,Fatalities_Count,Clean_Light_Condition,Clean_Weather_Condition,Total_Killed,Total_Alive,Fatal_Seats_List,Killed_Restraint_List,Any_Driver_Drinking,Total_Drinking_Drivers,Driver_License_Category,Driver_Max_Prev_Accident_Count,Driver_Max_Prev_Speeding_Count,Max_Driver_Age,Min_Driver_Age,Driver_Sex_List,Total_Exceeding_Limit_Vehicles,Total_Too_Fast_Vehicles,Max_Vehicle_Type_Severity_5,Max_Vehicle_Damage_Rank,Max_Harmful_Event_Severity,Crash_Road_Surface_Condition,Crash_Horizontal_Alignment,Crash_Vertical_Profile,Crash_Impairment_Category,Crash_Vehicle_Defect
24996,37,North Carolina,371431,0,2,2,0,3,NOT APPLICABLE,December,14,Thursday,0,39,Rural,Medium Speed (Collector),No,36.16033889,-79.65784167,Non-Intersection,Dark - Not Lighted,Clear,0:00am-0:59am,39,0:00am-0:59am,51,1:00am-1:59am,30,1,Dark - Unlighted,Clear,1,2,['Driver'],['None_Used'],1,1,Valid,1.0,0.0,33.0,20.0,"['Female', 'Female']",2,0,2,4,5,Dry,Straight,Level,Lowest,No
24997,37,North Carolina,371432,0,2,2,0,2,NOT APPLICABLE,December,17,Sunday,20,30,Rural,Medium Speed (Collector),No,36.00019444,-79.90796667,Complex/Circle,Dark - Not Lighted,Rain,8:00pm-8:59pm,25,8:00pm-8:59pm,35,Not Applicable (Not Transported),Not Applicable (Not Transported),1,Dark - Unlighted,Rain/Wind/Minor,1,1,['Driver'],['None_Used'],1,1,Invalid,2.0,1.0,64.0,40.0,"['Male', 'Male']",0,0,5,4,5,Wet/Standing Water,Straight,Level,Lowest,No
24998,37,North Carolina,371433,0,1,1,0,1,NOT APPLICABLE,December,31,Sunday,21,19,Rural,Medium Speed (Collector),No,35.49958889,-78.70938611,Non-Intersection,Dark - Not Lighted,Clear,Unknown,Unknown,Unknown EMS Scene Arrival Hour,Unknown EMS Scene Arrival Minutes,Unknown,Unknown EMS Hospital Arrival Time,1,Dark - Unlighted,Clear,1,0,['Driver'],['Shoulder_Lapbelt'],0,0,Invalid,3.0,0.0,33.0,33.0,['Female'],1,0,2,4,3,Dry,Curve,Level,Lowest,No
24999,37,North Carolina,371434,1,1,1,0,1,NOT APPLICABLE,December,16,Saturday,20,55,Rural,Low Speed (Local),No,35.30321389,-78.71154444,Non-Intersection,Dark - Not Lighted,Clear,Unknown,Unknown,Unknown EMS Scene Arrival Hour,Unknown EMS Scene Arrival Minutes,Unknown,Unknown EMS Hospital Arrival Time,1,Dark - Unlighted,Clear,0,1,[],[],0,0,Invalid,1.0,0.0,42.0,42.0,['Female'],0,0,2,2,4,Dry,Straight,Level,Lowest,No
25000,37,North Carolina,371435,0,1,1,0,1,NOT APPLICABLE,December,21,Thursday,21,55,Rural,Medium Speed (Collector),No,35.53911667,-83.02501111,Non-Intersection,Dark - Not Lighted,Clear,10:00pm-10:59pm,35,10:00pm-10:59pm,44,Not Applicable (Not Transported),Not Applicable (Not Transported),1,Dark - Unlighted,Clear,1,0,['Driver'],['None_Used'],1,1,Invalid,1.0,0.0,48.0,48.0,['Male'],1,0,3,4,3,Dry,Curve,Level,Lowest,No
25001,37,North Carolina,371436,1,1,1,0,1,NOT APPLICABLE,December,25,Monday,12,29,Rural,High Speed (Arterial),Yes,35.37378889,-82.47397222,Non-Intersection,Daylight,Rain,0:00am-0:59am,30,0:00am-0:59am,39,Not Applicable (Not Transported),Not Applicable (Not Transported),1,Daylight,Rain/Wind/Minor,0,0,[],[],0,0,Invalid,0.0,0.0,999.0,999.0,['Other'],0,0,1,0,4,Wet/Standing Water,Straight,Level,Lowest,No
25002,37,North Carolina,371437,0,1,1,0,1,RAEFORD,December,16,Saturday,4,6,Urban,Low Speed (Local),No,34.99024444,-79.23794722,Non-Intersection,Dark - Not Lighted,Clear,Unknown,Unknown,Unknown EMS Scene Arrival Hour,Unknown EMS Scene Arrival Minutes,Not Applicable (Not Transported),Not Applicable (Not Transported),1,Dark - Unlighted,Clear,1,0,['Driver'],['None_Used'],0,0,Invalid,0.0,1.0,32.0,32.0,['Male'],1,0,2,4,3,Dry,Curve,Grade/Hillcrest,Lowest,No
25003,37,North Carolina,371438,0,1,1,0,1,NOT APPLICABLE,December,17,Sunday,22,19,Urban,Low Speed (Local),No,35.50394722,-81.40766389,Non-Intersection,Dark - Not Lighted,Cloudy,10:00pm-10:59pm,19,10:00pm-10:59pm,25,Not Applicable (Not Transported),Not Applicable (Not Transported),1,Dark - Unlighted,Reduced Visibility,1,0,['Driver'],['None_Used'],1,1,Valid,1.0,0.0,35.0,35.0,['Female'],0,0,2,4,3,Dry,Curve,Grade/Hillcrest,Lowest,No
25004,37,North Carolina,371439,0,1,1,0,2,CHARLOTTE,December,19,Tuesday,5,43,Urban,High Speed (Arterial),Yes,35.20098056,-80.77535,Non-Intersection,Dark - Lighted,Clear,5:00am-5:59am,39,5:00am-5:59am,46,6:00am-6:59am,3,1,Dark - Lighted,Clear,1,1,['Front_Passenger'],['None_Used'],0,0,Invalid,0.0,0.0,19.0,19.0,['Male'],0,0,3,4,3,Dry,Straight,Grade/Hillcrest,Lowest,No
25005,37,North Carolina,371440,0,2,2,0,4,TROY,December,23,Saturday,19,39,Urban,Medium Speed (Collector),No,35.37568333,-79.89004167,Non-Intersection,Dark - Not Lighted,Clear,7:00pm-7:59pm,46,8:00pm-8:59pm,1,8:00pm-8:59pm,35,1,Dark - Unlighted,Clear,1,3,['Front_Passenger'],['Shoulder_Lapbelt'],1,1,Invalid,1.0,1.0,22.0,17.0,"['Male', 'Male']",2,0,2,4,5,Dry,Curve,Level,Lowest,No
25006,37,North Carolina,371441,0,2,2,0,2,CARTHAGE,December,12,Tuesday,21,58,Urban,Medium Speed (Collector),No,35.33168333,-79.40229444,Non-Intersection,Dark - Not Lighted,Clear,9:00pm-9:59pm,58,10:00pm-10:59pm,10,Not Applicable (Not Transported),Not Applicable (Not Transported),1,Dark - Unlighted,Clear,1,1,['Driver'],['None_Used'],0,0,Invalid,0.0,0.0,60.0,40.0,"['Male', 'Male']",1,0,4,4,5,Dry,Straight,Grade/Hillcrest,Lowest,No
25007,37,North Carolina,371442,0,1,1,0,1,NOT APPLICABLE,December,15,Friday,14,16,Rural,Low Speed (Local),No,36.12356944,-77.74073056,Non-Intersection,Daylight,Clear,2:00pm-2:59pm,9,2:00pm-2:59pm,23,Not Applicable (Not Transported),Not Applicable (Not Transported),1,Daylight,Clear,1,0,['Driver'],['Shoulder_Lapbelt'],0,0,Invalid,0.0,0.0,64.0,64.0,['Male'],0,0,2,4,3,Dry,Straight,Level,Lowest,No
25008,37,North Carolina,371443,0,1,1,0,4,NOT APPLICABLE,December,3,Sunday,4,28,Rural,Low Speed (Local),No,34.86662222,-77.621325,Non-Intersection,Dark - Not Lighted,Clear,4:00am-4:59am,26,4:00am-4:59am,41,5:00am-5:59am,21,1,Dark - Unlighted,Clear,1,3,['Non_Standard_Risk'],['None_Used'],1,1,Invalid,0.0,0.0,25.0,25.0,['Male'],4,0,3,4,3,Dry,Curve,Level,Lowest,No
25009,37,North Carolina,371444,0,1,1,0,1,JACKSONVILLE,December,9,Saturday,0,53,Urban,High Speed (Arterial),No,34.73894722,-77.360375,Non-Intersection,Dark - Not Lighted,Clear,0:00am-0:59am,58,1:00am-1:59am,4,1:00am-1:59am,24,1,Dark - Unlighted,Clear,1,0,['Driver'],['Shoulder_Lapbelt'],1,1,Valid,0.0,0.0,22.0,22.0,['Male'],0,0,3,4,3,Dry,Straight,Level,Lowest,No
25010,37,North Carolina,371445,1,1,1,0,1,SWANSBORO,December,19,Tuesday,11,15,Urban,High Speed (Arterial),No,34.693225,-77.13018333,Complex/Circle,Daylight,Clear,11:00am-11:59am,20,11:00am-11:59am,30,12:00pm-12:59pm,9,1,Daylight,Clear,0,1,[],[],0,0,Valid,1.0,0.0,51.0,51.0,['Male'],0,0,3,2,4,Dry,Straight,Level,Lowest,No
25011,37,North Carolina,371446,0,1,1,0,2,LUMBERTON,December,19,Tuesday,3,11,Urban,High Speed (Arterial),Yes,34.59487778,-79.10908611,Non-Intersection,Dark - Not Lighted,Clear,3:00am-3:59am,18,3:00am-3:59am,28,4:00am-4:59am,53,1,Dark - Unlighted,Clear,1,1,['Driver'],['None_Used'],1,1,Invalid,0.0,0.0,17.0,17.0,['Male'],2,0,2,4,2,Dry,Straight,Level,Lowest,No
25012,37,North Carolina,371447,1,1,1,0,0,NOT APPLICABLE,December,14,Thursday,5,31,Rural,High Speed (Arterial),Yes,34.57547222,-79.15405556,Non-Intersection,Dark - Not Lighted,Clear,5:00am-5:59am,32,5:00am-5:59am,36,Not Applicable (Not Transported),Not Applicable (Not Transported),1,Dark - Unlighted,Clear,0,0,[],[],0,0,Valid,0.0,0.0,49.0,34.0,Other,0,0,3,1,4,Dry,Straight,Level,Lowest,No
25013,37,North Carolina,371448,1,1,1,0,1,EDEN,December,7,Thursday,18,3,Urban,Medium Speed (Collector),No,36.51727222,-79.69713889,Non-Intersection,Dark - Lighted,Clear,5:00pm-5:59pm,45,5:00pm-5:59pm,50,Not Applicable (Not Transported),Not Applicable (Not Transported),1,Dark - Lighted,Clear,0,1,[],[],0,0,Valid,0.0,0.0,22.0,22.0,['Male'],0,0,3,4,4,Dry,Straight,Level,Lowest,No
25014,37,North Carolina,371449,1,1,1,0,1,NOT APPLICABLE,December,9,Saturday,20,47,Rural,Medium Speed (Collector),No,36.389375,-79.62209167,Non-Intersection,Dark - Not Lighted,Rain,8:00pm-8:59pm,38,8:00pm-8:59pm,45,Not Applicable (Not Transported),Not Applicable (Not Transported),1,Dark - Unlighted,Rain/Wind/Minor,0,1,[],[],0,0,Valid,0.0,0.0,27.0,27.0,['Male'],0,0,3,1,4,Wet/Standing Water,Straight,Level,Lowest,No
25015,37,North Carolina,371450,0,2,2,0,2,NOT APPLICABLE,December,20,Wednesday,16,9,Rural,Medium Speed (Collector),No,35.32324167,-81.93499167,Complex/Circle,Daylight,Clear,4:00pm-4:59pm,10,4:00pm-4:59pm,16,Not Applicable (Not Transported),Not Applicable (Not Transported),1,Daylight,Clear,1,1,['Driver'],['None_Used'],0,0,Invalid,1.0,0.0,70.0,36.0,"['Male', 'Male']",1,0,5,4,5,Dry,Straight,Level,Lowest,No
25016,37,North Carolina,371451,0,2,2,0,2,NOT APPLICABLE,December,24,Sunday,2,19,Rural,High Speed (Arterial),Yes,34.80380278,-79.54001667,Non-Intersection,Dark - Not Lighted,Clear,Unknown,Unknown,Unknown EMS Scene Arrival Hour,Unknown EMS Scene Arrival Minutes,Unknown,Unknown EMS Hospital Arrival Time,1,Dark - Unlighted,Clear,1,1,['Front_Passenger'],['None_Used'],0,0,Valid,0.0,0.0,16.0,16.0,['Male'],1,0,3,4,5,Dry,Straight,Level,Lowest,No
25017,37,North Carolina,371452,0,1,1,0,1,NOT APPLICABLE,December,22,Friday,20,45,Rural,Medium Speed (Collector),No,36.39194167,-80.70505833,Complex/Circle,Dark - Not Lighted,Clear,8:00pm-8:59pm,48,8:00pm-8:59pm,50,9:00pm-9:59pm,20,1,Dark - Unlighted,Clear,1,0,['Driver'],['Shoulder_Lapbelt'],0,0,Invalid,0.0,0.0,78.0,78.0,['Male'],0,0,3,4,2,Dry,Straight,Level,Lowest,No
25018,37,North Carolina,371453,0,1,1,0,2,RALEIGH,December,16,Saturday,19,45,Urban,Medium Speed (Collector),No,35.77094722,-78.60864722,Non-Intersection,Dark - Not Lighted,Cloudy,7:00pm-7:59pm,45,7:00pm-7:59pm,49,8:00pm-8:59pm,5,1,Dark - Unlighted,Reduced Visibility,1,1,['Driver'],['None_Used'],0,0,Valid,0.0,0.0,57.0,57.0,['Male'],2,0,3,4,3,Dry,Straight,Level,Lowest,No
25019,37,North Carolina,371454,0,3,3,0,3,WAKE FOREST,December,23,Saturday,22,39,Urban,High Speed (Arterial),Yes,36.00293889,-78.52195556,Non-Intersection,Dark - Lighted,Clear,10:00pm-10:59pm,40,10:00pm-10:59pm,44,Not Applicable (Not Transported),Not Applicable (Not Transported),1,Dark - Lighted,Clear,1,1,['Driver'],['Shoulder_Lapbelt'],1,1,Valid,2.0,0.0,47.0,28.0,"['Female', 'Male', 'Male']",0,0,3,4,5,Dry,Straight,Level,Lowest,No
25020,37,North Carolina,371455,1,1,1,0,1,RALEIGH,December,16,Saturday,18,57,Urban,Medium Speed (Collector),No,35.77665556,-78.61111111,Non-Intersection,Dark - Lighted,Cloudy,6:00pm-6:59pm,58,7:00pm-7:59pm,2,7:00pm-7:59pm,9,1,Dark - Lighted,Reduced Visibility,0,0,[],[],0,0,Invalid,0.0,0.0,999.0,999.0,['Other'],0,0,1,0,4,Dry,Straight,Level,Lowest,No
25021,37,North Carolina,371456,0,1,1,0,1,NOT APPLICABLE,December,26,Tuesday,10,2,Rural,Medium Speed (Collector),No,36.17865833,-81.92538056,Non-Intersection,Daylight,Clear,11:00am-11:59am,47,12:00pm-12:59pm,0,2:00pm-2:59pm,34,1,Daylight,Clear,1,0,['Driver'],['Shoulder_Lapbelt'],0,0,Valid,0.0,0.0,71.0,71.0,['Male'],1,0,3,4,2,Wet/Standing Water,Curve,Grade/Hillcrest,Lowest,No
25022,37,North Carolina,371457,1,1,1,0,1,SALISBURY,December,29,Friday,8,1,Urban,High Speed (Arterial),Yes,35.63212778,-80.51959167,Non-Intersection,Reported as Unknown,Other,Unknown,Unknown,Unknown EMS Scene Arrival Hour,Unknown EMS Scene Arrival Minutes,Not Applicable (Not Transported),Not Applicable (Not Transported),1,Dark - Unlighted,Reduced Visibility,0,0,[],[],0,0,Invalid,0.0,0.0,999.0,999.0,['Other'],0,0,1,0,4,Dry,Straight,Grade/Hillcrest,Lowest,No
25023,37,North Carolina,371458,0,2,2,0,4,NOT APPLICABLE,December,8,Friday,18,30,Rural,Medium Speed (Collector),No,35.4482,-80.17921389,Non-Intersection,Dark - Not Lighted,Clear,6:00pm-6:59pm,27,6:00pm-6:59pm,39,7:00pm-7:59pm,9,1,Dark - Unlighted,Clear,1,3,['Front_Passenger'],['Shoulder_Lapbelt'],1,1,Valid,1.0,0.0,79.0,57.0,"['Male', 'Male']",2,0,3,4,5,Dry,Curve,Grade/Hillcrest,Lowest,No
25024,37,North Carolina,371459,0,3,3,0,4,NOT APPLICABLE,December,17,Sunday,18,48,Rural,High Speed (Arterial),Yes,35.964275,-78.84615,Non-Intersection,Dark - Lighted,Rain,6:00pm-6:59pm,33,6:00pm-6:59pm,38,6:00pm-6:59pm,56,2,Dark - Lighted,Rain/Wind/Minor,2,2,"['Driver', 'Driver']","['Shoulder_Lapbelt', 'Shoulder_Lapbelt']",0,0,Valid,0.0,1.0,81.0,21.0,"['Male', 'Female', 'Male']",0,0,3,4,5,Wet/Standing Water,Straight,Grade/Hillcrest,Lowest,No
25025,37,North Carolina,371460,0,2,2,0,5,NOT APPLICABLE,December,23,Saturday,16,38,Rural,Low Speed (Local),No,34.72056389,-78.96651389,Complex/Circle,Daylight,Clear,4:00pm-4:59pm,39,4:00pm-4:59pm,48,Unknown,Unknown EMS Hospital Arrival Time,1,Daylight,Clear,1,4,['Driver'],['Shoulder_Lapbelt'],0,0,Valid,0.0,1.0,55.0,28.0,"['Female', 'Female']",0,0,3,4,5,Dry,Straight,Level,Lowest,No
25026,37,North Carolina,371461,0,1,1,0,1,NOT APPLICABLE,December,27,Wednesday,2,4,Rural,High Speed (Arterial),Yes,35.63760278,-79.83271389,Non-Intersection,Dark - Not Lighted,Rain,2:00am-2:59am,0,2:00am-2:59am,19,Not Applicable (Not Transported),Not Applicable (Not Transported),1,Dark - Unlighted,Rain/Wind/Minor,1,0,['Driver'],['None_Used'],0,0,Valid,0.0,0.0,27.0,27.0,['Male'],1,0,2,4,3,Wet/Standing Water,Straight,Grade/Hillcrest,Lowest,No
25027,37,North Carolina,371462,0,2,2,0,2,NOT APPLICABLE,April,18,Tuesday,18,0,Rural,Low Speed (Local),No,36.24160278,-75.87976111,Simple Junction,Daylight,Clear,Unknown,Unknown,Unknown EMS Scene Arrival Hour,Unknown EMS Scene Arrival Minutes,Unknown,Unknown EMS Hospital Arrival Time,1,Daylight,Clear,1,1,['Driver'],['None_Used'],0,0,Valid,0.0,0.0,40.0,20.0,"['Male', 'Male']",0,0,5,4,5,Dry,Curve,Level,Lowest,Yes
25028,37,North Carolina,371463,0,2,2,0,2,NOT APPLICABLE,April,21,Friday,13,2,Rural,Medium Speed (Collector),No,35.89718333,-80.25583333,Non-Intersection,Daylight,Clear,1:00pm-1:59pm,1,1:00pm-1:59pm,11,1:00pm-1:59pm,41,1,Daylight,Clear,1,0,['Driver'],['None_Used'],0,0,Valid,0.0,0.0,998.0,36.0,"['Female', 'Other']",0,0,5,4,5,Dry,Straight,Grade/Hillcrest,Lowest,No
25029,37,North Carolina,371464,1,1,1,0,1,NOT APPLICABLE,November,13,Monday,17,35,Rural,Low Speed (Local),No,34.334875,-78.13576667,Non-Intersection,Dusk,Clear,Unknown,Unknown,Unknown EMS Scene Arrival Hour,Unknown EMS Scene Arrival Minutes,Unknown,Unknown EMS Hospital Arrival Time,1,Twilight,Clear,0,1,[],[],0,0,Invalid,0.0,0.0,41.0,41.0,['Female'],0,0,3,1,4,Dry,Straight,Level,Lowest,No
25030,37,North Carolina,371465,0,5,5,0,12,NOT APPLICABLE,August,3,Thursday,13,59,Rural,Medium Speed (Collector),No,34.51601111,-77.90405278,Non-Intersection,Daylight,Clear,1:00pm-1:59pm,55,2:00pm-2:59pm,1,3:00pm-3:59pm,10,2,Daylight,Clear,2,10,"['Driver', 'Non_Standard_Risk']","['Shoulder_Lapbelt', 'None_Used']",1,1,Valid,1.0,0.0,67.0,30.0,"['Female', 'Female', 'Female', 'Female', 'Female']",6,0,3,4,5,Dry,Straight,Level,Lowest,No
25031,37,North Carolina,371466,1,1,1,0,1,NOT APPLICABLE,September,6,Wednesday,4,50,Rural,High Speed (Arterial),Yes,35.0316,-79.13135,Non-Intersection,Dark - Not Lighted,Clear,Unknown,Unknown,Unknown EMS Scene Arrival Hour,Unknown EMS Scene Arrival Minutes,Not Applicable (Not Transported),Not Applicable (Not Transported),1,Dark - Unlighted,Clear,0,1,[],[],0,0,Invalid,1.0,1.0,37.0,37.0,['Female'],1,0,2,4,4,Dry,Straight,Level,Lowest,No
25032,37,North Carolina,371467,0,2,2,0,2,NOT APPLICABLE,September,27,Wednesday,17,52,Rural,Medium Speed (Collector),No,35.43078889,-82.05446111,Non-Intersection,Daylight,Cloudy,5:00pm-5:59pm,50,6:00pm-6:59pm,6,6:00pm-6:59pm,48,1,Daylight,Reduced Visibility,1,1,['Driver'],['None_Used'],0,0,Valid,0.0,0.0,74.0,35.0,"['Male', 'Male']",1,0,5,4,5,Dry,Straight,Grade/Hillcrest,Lowest,No
25033,37,North Carolina,371468,0,1,1,0,1,RALEIGH,July,1,Saturday,1,11,Urban,Low Speed (Local),No,35.8793,-78.6364,Non-Intersection,Dark - Not Lighted,Cloudy,1:00am-1:59am,12,1:00am-1:59am,17,Not Applicable (Not Transported),Not Applicable (Not Transported),1,Dark - Unlighted,Reduced Visibility,1,0,['Driver'],['None_Used'],0,0,Valid,0.0,0.0,29.0,29.0,['Male'],1,0,2,4,2,Wet/Standing Water,Curve,Level,Lowest,No
25034,37,North Carolina,371469,1,1,1,0,1,NOT APPLICABLE,December,30,Saturday,17,46,Rural,Low Speed (Local),No,35.00913333,-78.898025,Non-Intersection,Dusk,Clear,5:00pm-5:59pm,44,5:00pm-5:59pm,53,6:00pm-6:59pm,8,1,Twilight,Clear,0,0,[],[],0,0,Invalid,0.0,0.0,999.0,999.0,['Other'],0,0,1,0,4,Dry,Curve,Level,Lowest,No
25035,37,North Carolina,371470,1,1,1,0,0,NOT APPLICABLE,December,23,Saturday,10,5,Urban,Low Speed (Local),No,35.01091944,-78.90101389,Non-Intersection,Daylight,Clear,Unknown,Unknown,Unknown EMS Scene Arrival Hour,Unknown EMS Scene Arrival Minutes,Not Applicable (Not Transported),Not Applicable (Not Transported),1,Daylight,Clear,0,0,[],[],0,0,Valid,0.0,0.0,49.0,34.0,Other,0,0,2,4,4,Dry,Straight,Level,Lowest,No
25036,37,North Carolina,371471,1,1,1,0,1,NOT APPLICABLE,November,30,Thursday,23,33,Rural,High Speed (Arterial),Yes,36.2287,-78.441525,Non-Intersection,Dark - Not Lighted,Clear,11:00pm-11:59pm,45,11:00pm-11:59pm,51,Not Applicable (Not Transported),Not Applicable (Not Transported),1,Dark - Unlighted,Clear,0,1,[],[],0,0,Valid,0.0,0.0,81.0,81.0,['Female'],0,0,3,4,4,Dry,Straight,Grade/Hillcrest,Lowest,No
25037,37,North Carolina,371472,0,1,1,0,1,DURHAM,August,16,Wednesday,16,20,Urban,Low Speed (Local),No,35.99231111,-78.932975,Complex/Circle,Daylight,Rain,4:00pm-4:59pm,27,4:00pm-4:59pm,36,Not Applicable (Not Transported),Not Applicable (Not Transported),1,Daylight,Rain/Wind/Minor,1,0,['Driver'],['Shoulder_Lapbelt'],0,0,Valid,0.0,0.0,78.0,78.0,['Female'],0,0,3,4,3,Wet/Standing Water,Straight,Level,Lowest,No
25038,37,North Carolina,371473,0,1,1,0,1,RALEIGH,April,30,Sunday,17,53,Urban,Low Speed (Local),No,35.80251667,-78.56649444,Non-Intersection,Daylight,Rain,4:00pm-4:59pm,46,4:00pm-4:59pm,50,Not Applicable (Not Transported),Not Applicable (Not Transported),1,Daylight,Rain/Wind/Minor,1,0,['Driver'],['None_Used'],0,0,Invalid,1.0,1.0,32.0,32.0,['Male'],1,0,2,4,3,Wet/Standing Water,Curve,Level,Lowest,No
25039,37,North Carolina,371474,0,1,1,0,3,NOT APPLICABLE,April,30,Sunday,5,9,Rural,Low Speed (Local),No,36.21947778,-77.82308333,Simple Junction,Dark - Lighted,Rain,9:00am-9:59am,44,10:00am-10:59am,4,Not Applicable (Not Transported),Not Applicable (Not Transported),1,Dark - Lighted,Rain/Wind/Minor,1,2,['Rear_Seat'],['None_Used'],0,0,Invalid,0.0,0.0,52.0,52.0,['Male'],0,0,2,4,2,Wet/Standing Water,Straight,Level,Lowest,No
25040,37,North Carolina,371475,0,2,2,0,6,GREENSBORO,November,5,Sunday,2,45,Urban,High Speed (Arterial),Yes,36.09153056,-79.91476389,Non-Intersection,Dark - Not Lighted,Cloudy,2:00am-2:59am,47,3:00am-3:59am,1,3:00am-3:59am,26,1,Dark - Unlighted,Reduced Visibility,1,5,['Rear_Seat'],['None_Used'],0,0,Invalid,0.0,0.0,999.0,75.0,"['Other', 'Male']",0,0,3,4,5,Dry,Straight,Level,Lowest,No
25041,37,North Carolina,371476,1,2,2,0,2,ASHEVILLE,May,22,Monday,5,47,Urban,Medium Speed (Collector),No,35.60070833,-82.55373056,Simple Junction,Dark - Not Lighted,Clear,Unknown,Unknown,Unknown EMS Scene Arrival Hour,Unknown EMS Scene Arrival Minutes,Not Applicable (Not Transported),Not Applicable (Not Transported),1,Dark - Unlighted,Clear,0,2,[],[],0,0,Valid,7.0,0.0,47.0,33.0,"['Male', 'Male']",0,0,4,2,4,Dry,Straight,Grade/Hillcrest,Lowest,No
25042,37,North Carolina,371477,0,2,2,0,6,NOT APPLICABLE,October,15,Sunday,13,13,Rural,Medium Speed (Collector),No,35.54605833,-78.69553056,Non-Intersection,Daylight,Clear,Unknown,Unknown,Unknown EMS Scene Arrival Hour,Unknown EMS Scene Arrival Minutes,Unknown,Unknown EMS Hospital Arrival Time,2,Daylight,Clear,2,4,"['Driver', 'Driver']","['Shoulder_Lapbelt', 'Shoulder_Lapbelt']",0,0,Valid,0.0,0.0,53.0,25.0,"['Female', 'Male']",0,0,3,4,5,Dry,Straight,Level,Lowest,No
25043,37,North Carolina,371479,0,2,1,1,1,THOMASVILLE,August,3,Thursday,17,21,Urban,Low Speed (Local),No,35.89217222,-80.05131389,Non-Intersection,Daylight,Cloudy,Unknown,Unknown,Unknown EMS Scene Arrival Hour,Unknown EMS Scene Arrival Minutes,Not Applicable (Not Transported),Not Applicable (Not Transported),1,Daylight,Reduced Visibility,1,0,['Driver'],['None_Used'],0,0,Valid,0.0,0.0,27.0,27.0,['Male'],0,0,2,4,3,Wet/Standing Water,Straight,Level,Lowest,No
25044,37,North Carolina,371480,1,1,1,0,2,CHARLOTTE,December,5,Tuesday,9,14,Urban,Low Speed (Local),No,35.15374444,-80.92002778,Non-Intersection,Daylight,Clear,Unknown,Unknown,Unknown EMS Scene Arrival Hour,Unknown EMS Scene Arrival Minutes,Unknown,Unknown EMS Hospital Arrival Time,1,Daylight,Clear,0,2,[],[],0,0,Invalid,0.0,0.0,43.0,43.0,['Male'],0,0,2,2,4,Dry,Straight,Level,Lowest,No
25045,37,North Carolina,371481,1,1,1,0,1,CHARLOTTE,December,27,Wednesday,22,14,Urban,High Speed (Arterial),Yes,35.19278889,-80.87971667,Non-Intersection,Dark - Lighted,Clear,10:00pm-10:59pm,30,10:00pm-10:59pm,37,Not Applicable (Not Transported),Not Applicable (Not Transported),1,Dark - Lighted,Clear,0,0,[],[],0,0,Valid,1.0,0.0,27.0,27.0,['Male'],0,0,2,0,4,Dry,Straight,Grade/Hillcrest,Lowest,No
25046,37,North Carolina,371482,0,2,2,0,2,NOT APPLICABLE,October,3,Tuesday,18,43,Rural,Low Speed (Local),No,77.7777,777.7777,Non-Intersection,Not Reported,Not Reported,6:00pm-6:59pm,39,6:00pm-6:59pm,54,Not Applicable (Not Transported),Not Applicable (Not Transported),1,Dark - Unlighted,Clear,1,1,['Driver'],['None_Used'],0,0,Invalid,0.0,0.0,998.0,14.0,"['Male', 'Other']",0,0,5,0,5,Dry,Straight,Level,Lowest,No
25047,37,North Carolina,371484,0,2,2,0,2,EURE,July,12,Wednesday,17,45,Urban,Low Speed (Local),No,77.7777,777.7777,Non-Intersection,Daylight,Not Reported,Unknown,Unknown,Unknown EMS Scene Arrival Hour,Unknown EMS Scene Arrival Minutes,Unknown,Unknown EMS Hospital Arrival Time,1,Daylight,Clear,1,0,['Driver'],['None_Used'],0,0,Valid,0.0,0.0,79.0,71.0,"['Female', 'Male']",0,0,3,0,5,Dry,Straight,Level,Lowest,No
25048,38,North Dakota,380001,1,1,1,0,2,NOT APPLICABLE,January,1,Sunday,5,46,Rural,High Speed (Arterial),Yes,46.6709,-96.83131111,Non-Intersection,Dark - Not Lighted,Clear,5:00am-5:59am,51,6:00am-6:59am,3,Not Applicable (Not Transported),Not Applicable (Not Transported),1,Dark - Unlighted,Clear,0,2,[],[],0,0,Valid,0.0,0.0,20.0,20.0,['Male'],0,0,2,3,4,Dry,Straight,Level,Lowest,No
25049,38,North Dakota,380002,0,2,2,0,3,NOT APPLICABLE,January,12,Thursday,21,25,Rural,Medium Speed (Collector),No,46.60247778,-100.62498611,Non-Intersection,Dark - Not Lighted,Clear,9:00pm-9:59pm,27,Unknown EMS Scene Arrival Hour,Unknown EMS Scene Arrival Minutes,Unknown,Unknown EMS Hospital Arrival Time,1,Dark - Unlighted,Clear,1,2,['Driver'],['None_Used'],1,1,Invalid,0.0,0.0,69.0,24.0,"['Female', 'Female']",0,0,3,4,5,Dry,Straight,Level,Lowest,No