,State_Code,State_Name,Crash_ID,Count_Non_Motorists,Count_Vehicles_Total,Count_Vehicle_Forms,Count_PVH_Involved,Count_Occupants_MV,City_Name,Month_Name,Day_of_Month,Day_of_Week,Crash_Hour,Crash_Minute,Area_Rural_Urban,Road_Functional_Class,On_NHS_Road,Latitude,Longitude,Intersection_Type,Light_Condition,Weather_Condition,Notif_Hour,Notif_Minute,Arrival_Hour,Arrival_Minute,Hospital_Hour,Hospital_Minute,Fatalities_Count,Clean_Light_Condition,Clean_Weather_Condition,Total_Killed,Total_Alive,Fatal_Seats_List,Killed_Restraint_List,Any_Driver_Drinking,Total_Drinking_Drivers,Driver_License_Category,Driver_Max_Prev_Accident_Count,Driver_Max_Prev_Speeding_Count,Max_Driver_Age,Min_Driver_Age,Driver_Sex_List,Total_Exceeding_Limit_Vehicles,Total_Too_Fast_Vehicles,Max_Vehicle_Type_Severity_5,Max_Vehicle_Damage_Rank,Max_Harmful_Event_Severity,Crash_Road_Surface_Condition,Crash_Horizontal_Alignment,Crash_Vertical_Profile,Crash_Impairment_Category,Crash_Vehicle_Defect
25050,38,North Dakota,380003,0,2,2,0,2,GLADSTONE,January,16,Monday,1,38,Rural,High Speed (Arterial),Yes,46.87675278,-102.50944167,Non-Intersection,Dark - Not Lighted,"Fog, Smog, Smoke",1:00am-1:59am,40,1:00am-1:59am,40,Not Applicable (Not Transported),Not Applicable (Not Transported),1,Dark - Unlighted,Reduced Visibility,1,0,['Driver'],['Shoulder_Lapbelt'],1,1,Valid,0.0,1.0,50.0,50.0,['Female'],0,0,4,4,5,Icy/Snowy,Straight,Level,Lowest,No
25051,38,North Dakota,380004,0,1,1,0,1,NOT APPLICABLE,January,17,Tuesday,19,0,Rural,High Speed (Arterial),No,47.74443611,-97.47259167,Non-Intersection,Dark - Not Lighted,Snow,7:00pm-7:59pm,3,7:00pm-7:59pm,18,Not Applicable (Not Transported),Not Applicable (Not Transported),1,Dark - Unlighted,Snow/Ice/Severe,1,0,['Driver'],['None_Used'],0,0,Valid,0.0,2.0,75.0,75.0,['Male'],0,0,2,3,3,Icy/Snowy,Straight,Level,Lowest,No
25052,38,North Dakota,380005,0,2,2,0,3,NOT APPLICABLE,January,18,Wednesday,6,22,Rural,High Speed (Arterial),No,48.342225,-103.51153611,Non-Intersection,Dark - Not Lighted,Clear,6:00am-6:59am,23,6:00am-6:59am,43,7:00am-7:59am,28,1,Dark - Unlighted,Clear,1,2,['Driver'],['None_Used'],0,0,Valid,0.0,5.0,61.0,20.0,"['Male', 'Male']",0,0,4,4,5,Wet/Standing Water,Straight,Grade/Hillcrest,Lowest,No
25053,38,North Dakota,380006,0,2,2,0,2,NOT APPLICABLE,January,22,Sunday,16,25,Rural,High Speed (Arterial),Yes,48.06387778,-100.96766111,Non-Intersection,Daylight,Clear,4:00pm-4:59pm,27,4:00pm-4:59pm,33,Not Applicable (Not Transported),Not Applicable (Not Transported),2,Daylight,Clear,2,0,"['Driver', 'Driver']","['None_Used', 'None_Used']",1,1,Valid,0.0,1.0,41.0,32.0,"['Male', 'Male']",0,0,3,4,5,Dry,Straight,Level,Lowest,No
25054,38,North Dakota,380007,0,2,2,0,4,NOT APPLICABLE,February,20,Monday,11,22,Rural,Medium Speed (Collector),No,47.73435556,-97.066875,Non-Intersection,Daylight,Blowing Snow,11:00am-11:59am,23,11:00am-11:59am,45,12:00pm-12:59pm,15,1,Daylight,Snow/Ice/Severe,1,3,['Front_Passenger'],['Shoulder_Lapbelt'],0,0,Invalid,1.0,0.0,48.0,21.0,"['Male', 'Male']",2,0,4,4,5,Icy/Snowy,Straight,Level,Lowest,No
25055,38,North Dakota,380008,0,1,1,0,1,NOT APPLICABLE,March,1,Wednesday,15,51,Rural,Low Speed (Local),No,48.3727,-102.74887222,Non-Intersection,Daylight,Clear,3:00pm-3:59pm,57,4:00pm-4:59pm,16,Not Applicable (Not Transported),Not Applicable (Not Transported),1,Daylight,Clear,1,0,['Driver'],['Shoulder_Lapbelt'],0,0,Valid,0.0,0.0,14.0,14.0,['Male'],0,0,3,4,4,Dry,Straight,Level,Lowest,No
25056,38,North Dakota,380009,0,1,1,0,3,NOT APPLICABLE,March,2,Thursday,21,27,Rural,Medium Speed (Collector),No,48.29546389,-97.24475556,Non-Intersection,Dark - Not Lighted,Clear,9:00pm-9:59pm,31,9:00pm-9:59pm,50,10:00pm-10:59pm,40,1,Dark - Unlighted,Clear,1,2,['Rear_Seat'],['None_Used'],0,0,Invalid,1.0,0.0,23.0,23.0,['Male'],0,0,2,4,3,Dry,Straight,Level,Lowest,Yes
25057,38,North Dakota,380010,0,2,2,0,2,NOT APPLICABLE,March,10,Friday,18,38,Rural,High Speed (Arterial),No,48.07921389,-103.68499722,Non-Intersection,Dusk,Blowing Snow,6:00pm-6:59pm,42,6:00pm-6:59pm,59,7:00pm-7:59pm,32,1,Twilight,Snow/Ice/Severe,1,1,['Driver'],['Shoulder_Lapbelt'],0,0,Valid,0.0,1.0,67.0,29.0,"['Male', 'Male']",2,0,4,4,5,Icy/Snowy,Straight,Level,Lowest,No
25058,38,North Dakota,380011,2,4,4,0,3,NOT APPLICABLE,March,13,Monday,5,45,Rural,High Speed (Arterial),Yes,46.26168611,-96.84502778,Non-Intersection,Dark - Not Lighted,Clear,5:00am-5:59am,3,6:00am-6:59am,14,6:00am-6:59am,47,2,Dark - Unlighted,Clear,0,3,[],[],0,0,Valid,1.0,2.0,50.0,27.0,"['Male', 'Male']",0,0,3,4,5,Icy/Snowy,Straight,Level,Lowest,No
25059,38,North Dakota,380012,0,2,2,0,2,NOT APPLICABLE,March,14,Tuesday,8,40,Rural,High Speed (Arterial),Yes,48.58069722,-97.44786111,Non-Intersection,Daylight,Blowing Snow,8:00am-8:59am,39,8:00am-8:59am,54,Not Applicable (Not Transported),Not Applicable (Not Transported),1,Daylight,Snow/Ice/Severe,1,1,['Driver'],['None_Used'],0,0,Valid,0.0,0.0,65.0,58.0,"['Female', 'Male']",0,0,4,4,5,Icy/Snowy,Straight,Level,Lowest,No
25060,38,North Dakota,380013,0,2,2,0,2,NOT APPLICABLE,March,15,Wednesday,13,50,Rural,High Speed (Arterial),Yes,46.876575,-97.11051389,Non-Intersection,Daylight,Clear,1:00pm-1:59pm,47,2:00pm-2:59pm,9,Not Applicable (Not Transported),Not Applicable (Not Transported),1,Daylight,Clear,1,1,['Driver'],['Shoulder_Lapbelt'],0,0,Valid,0.0,0.0,72.0,52.0,"['Male', 'Male']",0,0,4,4,5,Dry,Straight,Level,Lowest,No
25061,38,North Dakota,380014,0,2,2,0,2,NOT APPLICABLE,March,16,Thursday,9,26,Rural,High Speed (Arterial),No,46.69745278,-100.90045833,Non-Intersection,Daylight,Cloudy,9:00am-9:59am,37,9:00am-9:59am,55,10:00am-10:59am,27,1,Daylight,Reduced Visibility,1,1,['Driver'],['Shoulder_Lapbelt'],0,0,Valid,1.0,0.0,69.0,46.0,"['Female', 'Female']",1,0,3,4,5,Icy/Snowy,Straight,Level,Lowest,No
25062,38,North Dakota,380015,0,1,1,0,3,SPRING BROOK,April,3,Monday,20,15,Rural,Low Speed (Local),No,48.24124167,-103.48158056,Non-Intersection,Daylight,Clear,8:00pm-8:59pm,15,8:00pm-8:59pm,26,9:00pm-9:59pm,15,2,Daylight,Clear,2,1,"['Front_Passenger', 'Front_Passenger']","['None_Used', 'None_Used']",0,0,Valid,0.0,1.0,17.0,17.0,['Male'],0,0,3,4,4,Dry,Straight,Level,Lowest,No
25063,38,North Dakota,380016,0,2,2,0,4,NOT APPLICABLE,April,3,Monday,23,39,Rural,High Speed (Arterial),Yes,48.32737222,-101.85578889,Non-Intersection,Dark - Not Lighted,Blowing Snow,11:00pm-11:59pm,48,0:00am-0:59am,2,1:00am-1:59am,1,2,Dark - Unlighted,Snow/Ice/Severe,2,2,"['Front_Passenger', 'Front_Passenger']","['None_Used', 'None_Used']",0,0,Valid,3.0,0.0,49.0,35.0,"['Female', 'Male']",0,0,4,4,5,Icy/Snowy,Straight,Level,Lowest,No
25064,38,North Dakota,380017,0,3,3,0,4,Other,April,12,Wednesday,21,9,Urban,High Speed (Arterial),Yes,46.876325,-96.87161111,Complex/Circle,Dark - Lighted,Clear,9:00pm-9:59pm,11,9:00pm-9:59pm,20,9:00pm-9:59pm,42,1,Dark - Lighted,Clear,1,3,['Driver'],['None_Used'],1,2,Invalid,2.0,5.0,50.0,28.0,"['Female', 'Male', 'Male']",2,0,5,4,5,Dry,Straight,Level,Lowest,No
25065,38,North Dakota,380018,0,1,1,0,1,NOT APPLICABLE,April,16,Sunday,5,40,Rural,Medium Speed (Collector),No,48.66086111,-99.6473,Non-Intersection,Dark - Not Lighted,Clear,7:00am-7:59am,16,7:00am-7:59am,40,Not Applicable (Not Transported),Not Applicable (Not Transported),1,Dark - Unlighted,Clear,1,0,['Driver'],['Shoulder_Lapbelt'],0,0,Valid,0.0,7.0,54.0,54.0,['Female'],0,0,3,4,3,Wet/Standing Water,Straight,Level,Lowest,No
25066,38,North Dakota,380019,0,1,1,0,1,NOT APPLICABLE,April,21,Friday,12,10,Rural,Medium Speed (Collector),No,46.79056944,-98.65350278,Non-Intersection,Daylight,Snow,11:00am-11:59am,27,11:00am-11:59am,39,Not Applicable (Not Transported),Not Applicable (Not Transported),1,Daylight,Snow/Ice/Severe,1,0,['Driver'],['None_Used'],0,0,Valid,0.0,0.0,74.0,74.0,['Male'],1,0,3,4,3,Icy/Snowy,Straight,Grade/Hillcrest,Lowest,No
25067,38,North Dakota,380020,1,1,1,0,1,BISMARCK,May,1,Monday,11,50,Urban,High Speed (Arterial),Yes,46.80528889,-100.78160278,Complex/Circle,Daylight,Clear,11:00am-11:59am,54,12:00pm-12:59pm,0,12:00pm-12:59pm,10,1,Daylight,Clear,0,1,[],[],0,0,Valid,0.0,0.0,32.0,32.0,['Male'],0,0,3,2,4,Dry,Straight,Level,Lowest,No
25068,38,North Dakota,380021,0,1,1,0,1,NOT APPLICABLE,May,3,Wednesday,20,15,Rural,Medium Speed (Collector),No,48.15015556,-97.27016667,Non-Intersection,Dusk,Clear,9:00pm-9:59pm,6,9:00pm-9:59pm,23,Not Applicable (Not Transported),Not Applicable (Not Transported),1,Twilight,Clear,1,0,['Driver'],['Shoulder_Lapbelt'],0,0,Valid,0.0,0.0,79.0,79.0,['Male'],0,0,3,4,4,Dry,Straight,Level,Lowest,No
25069,38,North Dakota,380022,0,2,2,0,4,NOT APPLICABLE,May,6,Saturday,11,38,Rural,High Speed (Arterial),Yes,47.97889444,-101.29368056,Complex/Circle,Daylight,Cloudy,11:00am-11:59am,39,11:00am-11:59am,53,12:00pm-12:59pm,42,1,Daylight,Reduced Visibility,1,3,['Driver'],['Shoulder_Lapbelt'],0,0,Valid,0.0,0.0,32.0,25.0,"['Female', 'Male']",0,0,3,4,5,Dry,Straight,Level,Lowest,No
25070,38,North Dakota,380023,0,2,2,0,3,NOT APPLICABLE,May,12,Friday,16,16,Rural,Medium Speed (Collector),No,48.19274167,-102.93440278,Non-Intersection,Daylight,Rain,4:00pm-4:59pm,21,4:00pm-4:59pm,46,5:00pm-5:59pm,7,1,Daylight,Rain/Wind/Minor,1,2,['Driver'],['Shoulder_Lapbelt'],0,0,Invalid,1.0,1.0,49.0,40.0,"['Male', 'Male']",0,0,3,4,5,Wet/Standing Water,Curve,Level,Lowest,No
25071,38,North Dakota,380024,0,2,2,0,2,MANDAN,May,20,Saturday,18,13,Urban,Low Speed (Local),No,46.81924444,-100.901775,Complex/Circle,Daylight,Clear,6:00pm-6:59pm,14,Unknown EMS Scene Arrival Hour,Unknown EMS Scene Arrival Minutes,Unknown,Unknown EMS Hospital Arrival Time,1,Daylight,Clear,1,1,['Driver'],['None_Used'],0,0,Valid,1.0,0.0,76.0,26.0,"['Male', 'Female']",0,0,5,4,5,Dry,Straight,Level,Lowest,No
25072,38,North Dakota,380025,0,2,2,0,2,MINOT,May,22,Monday,13,1,Urban,High Speed (Arterial),Yes,48.19363611,-101.29611389,Complex/Circle,Daylight,Clear,1:00pm-1:59pm,2,1:00pm-1:59pm,6,1:00pm-1:59pm,28,1,Daylight,Clear,1,1,['Driver'],['None_Used'],0,0,Valid,1.0,0.0,66.0,56.0,"['Male', 'Male']",0,0,5,4,5,Dry,Straight,Level,Lowest,No
25073,38,North Dakota,380026,0,2,2,0,3,NOT APPLICABLE,May,25,Thursday,8,11,Rural,High Speed (Arterial),Yes,46.48350278,-98.07590833,Non-Intersection,Daylight,Clear,8:00am-8:59am,15,8:00am-8:59am,35,9:00am-9:59am,10,1,Daylight,Clear,1,2,['Driver'],['Shoulder_Lapbelt'],0,0,Valid,0.0,0.0,65.0,58.0,"['Male', 'Male']",0,0,4,4,5,Dry,Straight,Level,Lowest,No
25074,38,North Dakota,380027,0,1,1,0,2,NOT APPLICABLE,May,27,Saturday,5,46,Rural,Medium Speed (Collector),No,48.63113611,-99.00600556,Non-Intersection,Dawn,Cloudy,5:00am-5:59am,47,6:00am-6:59am,17,6:00am-6:59am,50,1,Twilight,Reduced Visibility,1,1,['Front_Passenger'],['None_Used'],1,1,Valid,0.0,1.0,20.0,20.0,['Male'],2,0,2,4,3,Wet/Standing Water,Straight,Level,Lowest,No
25075,38,North Dakota,380028,0,2,2,0,3,NOT APPLICABLE,May,28,Sunday,16,18,Rural,High Speed (Arterial),Yes,48.56941389,-103.62418333,Complex/Circle,Daylight,Clear,4:00pm-4:59pm,18,4:00pm-4:59pm,35,7:00pm-7:59pm,40,1,Daylight,Clear,1,2,['Rear_Seat'],['None_Used'],0,0,Valid,1.0,2.0,42.0,25.0,"['Male', 'Male']",0,0,5,4,5,Dry,Straight,Level,Lowest,No
25076,38,North Dakota,380029,0,2,2,0,3,FARGO,April,28,Friday,8,50,Urban,High Speed (Arterial),Yes,46.87596944,-96.79407778,Complex/Circle,Daylight,Clear,Unknown,Unknown if Notified,Unknown EMS Scene Arrival Hour,Unknown if Arrived,Not Applicable (Not Transported),Not Applicable (Not Transported),1,Daylight,Clear,1,2,['Driver'],['Shoulder_Lapbelt'],0,0,Valid,0.0,0.0,88.0,21.0,"['Female', 'Male']",0,0,3,4,5,Dry,Straight,Grade/Hillcrest,Lowest,No
25077,38,North Dakota,380030,0,1,1,0,1,NOT APPLICABLE,June,1,Thursday,10,0,Rural,High Speed (Arterial),Yes,46.28331389,-99.25793889,Non-Intersection,Daylight,Clear,10:00am-10:59am,1,10:00am-10:59am,19,10:00am-10:59am,40,1,Daylight,Clear,1,0,['Driver'],['Shoulder_Lapbelt'],1,1,Valid,0.0,0.0,57.0,57.0,['Male'],0,0,4,4,3,Dry,Straight,Grade/Hillcrest,Lowest,Yes
25078,38,North Dakota,380031,0,2,2,0,2,NOT APPLICABLE,June,7,Wednesday,6,43,Rural,Medium Speed (Collector),No,47.91341389,-103.41485833,Simple Junction,Daylight,Clear,6:00am-6:59am,40,7:00am-7:59am,10,7:00am-7:59am,58,1,Daylight,Clear,1,1,['Driver'],['None_Used'],0,0,Valid,0.0,0.0,31.0,28.0,"['Male', 'Male']",0,0,3,4,5,Dry,Straight,Grade/Hillcrest,Lowest,No
25079,38,North Dakota,380032,0,1,1,0,1,NOT APPLICABLE,June,11,Sunday,99,99,Rural,Low Speed (Local),No,47.02093333,-97.17630833,Non-Intersection,Reported as Unknown,Clear,6:00am-6:59am,51,7:00am-7:59am,11,Not Applicable (Not Transported),Not Applicable (Not Transported),1,Dark - Unlighted,Clear,1,0,['Driver'],['None_Used'],1,1,Valid,0.0,0.0,52.0,52.0,['Male'],0,0,3,4,3,Dry,Straight,Level,Lowest,No
25080,38,North Dakota,380033,0,2,2,0,2,NOT APPLICABLE,June,14,Wednesday,13,40,Rural,High Speed (Arterial),Yes,47.97885,-101.29369722,Complex/Circle,Daylight,Clear,1:00pm-1:59pm,41,1:00pm-1:59pm,58,Not Applicable (Not Transported),Not Applicable (Not Transported),1,Daylight,Clear,1,1,['Driver'],['Shoulder_Lapbelt'],0,0,Valid,0.0,3.0,57.0,57.0,"['Male', 'Male']",0,0,4,4,5,Dry,Straight,Level,Lowest,No
25081,38,North Dakota,380034,0,1,1,0,1,NOT APPLICABLE,June,16,Friday,99,99,Rural,Low Speed (Local),No,47.64393056,-97.68636667,Complex/Circle,Reported as Unknown,Clear,6:00pm-6:59pm,28,6:00pm-6:59pm,49,Not Applicable (Not Transported),Not Applicable (Not Transported),1,Dark - Unlighted,Clear,1,0,['Driver'],['None_Used'],1,1,Valid,0.0,1.0,46.0,46.0,['Male'],0,0,5,3,3,Loose/Unpaved,Straight,Level,Lowest,No
25082,38,North Dakota,380035,0,2,2,0,2,NOT APPLICABLE,June,21,Wednesday,8,8,Rural,Medium Speed (Collector),No,47.7035,-103.43331389,Complex/Circle,Daylight,Clear,8:00am-8:59am,11,8:00am-8:59am,28,Not Applicable (Not Transported),Not Applicable (Not Transported),1,Daylight,Clear,1,1,['Driver'],['None_Used'],0,0,Valid,0.0,2.0,39.0,25.0,"['Male', 'Male']",0,0,5,4,5,Dry,Straight,Level,Lowest,No
25083,38,North Dakota,380036,0,3,2,1,2,Other,June,28,Wednesday,21,22,Urban,Medium Speed (Collector),No,46.85125278,-96.88311944,Complex/Circle,Dusk,Clear,9:00pm-9:59pm,24,9:00pm-9:59pm,30,9:00pm-9:59pm,55,1,Twilight,Clear,1,1,['Driver'],['Shoulder_Lapbelt'],0,0,Invalid,0.0,0.0,30.0,28.0,"['Male', 'Female']",1,0,3,4,5,Dry,Straight,Level,Lowest,No
25084,38,North Dakota,380037,0,2,2,0,2,NOT APPLICABLE,June,30,Friday,18,10,Rural,Medium Speed (Collector),No,46.08989167,-102.68419722,Complex/Circle,Daylight,Clear,6:00pm-6:59pm,13,6:00pm-6:59pm,26,6:00pm-6:59pm,47,1,Daylight,Clear,1,1,['Driver'],['None_Used'],0,0,Valid,0.0,1.0,18.0,18.0,"['Male', 'Female']",0,0,3,4,5,Loose/Unpaved,Straight,Level,Lowest,No
25085,38,North Dakota,380038,0,2,2,0,5,Other,July,3,Monday,21,45,Rural,High Speed (Arterial),Yes,47.97813889,-99.02737778,Simple Junction,Reported as Unknown,Reported as Unknown,9:00pm-9:59pm,45,10:00pm-10:59pm,15,0:00am-0:59am,13,3,Dark - Unlighted,Clear,3,2,"['Front_Passenger', 'Driver', 'Front_Passenger']","['Shoulder_Lapbelt', 'Shoulder_Lapbelt', 'Shoulder_Lapbelt']",1,1,Invalid,1.0,1.0,40.0,30.0,"['Male', 'Female']",0,0,3,4,5,Dry,Straight,Level,Lowest,No
25086,38,North Dakota,380039,0,1,1,0,1,NOT APPLICABLE,July,5,Wednesday,99,99,Rural,Low Speed (Local),No,46.12471389,-100.19139722,Non-Intersection,Reported as Unknown,Clear,6:00am-6:59am,4,6:00am-6:59am,18,Not Applicable (Not Transported),Not Applicable (Not Transported),1,Dark - Unlighted,Clear,1,0,['Driver'],['Shoulder_Lapbelt'],1,1,Invalid,0.0,0.0,56.0,56.0,['Male'],1,0,3,4,3,Dry,Straight,Grade/Hillcrest,Lowest,Yes
25087,38,North Dakota,380040,0,2,2,0,2,NOT APPLICABLE,July,9,Sunday,2,47,Rural,High Speed (Arterial),Yes,47.19506111,-96.98984722,Non-Intersection,Dark - Not Lighted,Clear,2:00am-2:59am,54,3:00am-3:59am,17,Not Applicable (Not Transported),Not Applicable (Not Transported),1,Dark - Unlighted,Clear,1,1,['Driver'],['None_Used'],1,1,Valid,1.0,3.0,50.0,24.0,"['Male', 'Male']",0,0,4,4,5,Dry,Curve,Level,Lowest,No
25088,38,North Dakota,380041,0,1,1,0,1,NOT APPLICABLE,July,11,Tuesday,2,30,Rural,Low Speed (Local),No,47.58301111,-97.24034444,Non-Intersection,Dark - Not Lighted,Clear,2:00pm-2:59pm,57,3:00pm-3:59pm,19,Not Applicable (Not Transported),Not Applicable (Not Transported),1,Dark - Unlighted,Clear,1,0,['Driver'],['None_Used'],1,1,Valid,0.0,1.0,25.0,25.0,['Male'],1,0,3,4,3,Dry,Straight,Level,Lowest,No
25089,38,North Dakota,380042,0,2,2,0,4,GRAND FORKS,July,12,Wednesday,18,41,Urban,High Speed (Arterial),Yes,47.89676944,-97.06670556,Complex/Circle,Daylight,Clear,6:00pm-6:59pm,42,6:00pm-6:59pm,55,7:00pm-7:59pm,9,1,Daylight,Clear,1,3,['Front_Passenger'],['Shoulder_Lapbelt'],0,0,Valid,1.0,0.0,65.0,29.0,"['Female', 'Male']",0,0,3,3,5,Dry,Straight,Level,Lowest,No
25090,38,North Dakota,380043,0,1,1,0,2,NOT APPLICABLE,July,13,Thursday,15,50,Rural,Low Speed (Local),No,47.20148333,-97.85463889,Non-Intersection,Daylight,Clear,4:00pm-4:59pm,1,4:00pm-4:59pm,27,5:00pm-5:59pm,32,1,Daylight,Clear,1,1,['Front_Passenger'],['Shoulder_Lapbelt'],0,0,Valid,0.0,0.0,84.0,84.0,['Female'],0,0,2,3,3,Dry,Straight,Level,Lowest,No
25091,38,North Dakota,380044,0,2,2,0,2,NOT APPLICABLE,July,15,Saturday,16,35,Rural,Medium Speed (Collector),No,46.84829722,-101.36497778,Non-Intersection,Daylight,Clear,4:00pm-4:59pm,35,4:00pm-4:59pm,42,5:00pm-5:59pm,26,1,Daylight,Clear,1,1,['Driver'],['None_Used'],0,0,Valid,1.0,2.0,56.0,37.0,"['Female', 'Female']",0,0,5,4,5,Dry,Curve,Grade/Hillcrest,Lowest,No
25092,38,North Dakota,380045,0,1,1,0,2,MAPLETON,July,15,Saturday,20,4,Urban,Low Speed (Local),No,46.88000833,-97.05747778,Simple Junction,Daylight,Clear,8:00pm-8:59pm,8,8:00pm-8:59pm,19,9:00pm-9:59pm,2,1,Daylight,Clear,1,1,['Front_Passenger'],['None_Used'],1,1,Valid,0.0,1.0,43.0,43.0,['Female'],0,0,5,1,1,Dry,Curve,Level,Lowest,No
25093,38,North Dakota,380046,0,1,1,0,1,NOT APPLICABLE,July,17,Monday,20,58,Rural,Medium Speed (Collector),No,48.61846944,-101.45320833,Non-Intersection,Daylight,Clear,8:00pm-8:59pm,59,9:00pm-9:59pm,10,10:00pm-10:59pm,18,1,Daylight,Clear,1,0,['Driver'],['None_Used'],0,0,Valid,1.0,0.0,52.0,52.0,['Female'],0,0,5,4,1,Dry,Straight,Level,Lowest,No
25094,38,North Dakota,380047,0,1,1,0,1,NOT APPLICABLE,July,18,Tuesday,2,45,Rural,Medium Speed (Collector),No,47.57269722,-98.51149444,Non-Intersection,Dark - Not Lighted,Cloudy,Not Applicable (Not Notified),Not Applicable (Not Notified),Not Applicable,Not Applicable,Not Applicable (Not Transported),Not Applicable (Not Transported),1,Dark - Unlighted,Reduced Visibility,1,0,['Driver'],['None_Used'],1,1,Valid,0.0,1.0,56.0,56.0,['Male'],0,0,5,3,3,Dry,Straight,Level,Lowest,No
25095,38,North Dakota,380048,0,2,2,0,3,NOT APPLICABLE,August,1,Tuesday,17,58,Rural,High Speed (Arterial),Yes,48.062625,-103.67042778,Non-Intersection,Daylight,Rain,5:00pm-5:59pm,58,6:00pm-6:59pm,14,6:00pm-6:59pm,43,2,Daylight,Rain/Wind/Minor,2,1,"['Driver', 'Front_Passenger']","['Shoulder_Lapbelt', 'Shoulder_Lapbelt']",0,0,Valid,1.0,2.0,57.0,43.0,"['Female', 'Male']",0,0,4,4,5,Wet/Standing Water,Straight,Grade/Hillcrest,Lowest,No
25096,38,North Dakota,380049,0,1,1,0,1,NOT APPLICABLE,August,3,Thursday,99,99,Rural,Medium Speed (Collector),No,46.795675,-99.13245833,Non-Intersection,Reported as Unknown,Clear,3:00pm-3:59pm,29,3:00pm-3:59pm,52,Not Applicable (Not Transported),Not Applicable (Not Transported),1,Dark - Unlighted,Clear,1,0,['Driver'],['Shoulder_Lapbelt'],1,1,Valid,0.0,0.0,64.0,64.0,['Female'],0,0,3,4,4,Dry,Straight,Level,Lowest,No
25097,38,North Dakota,380050,1,1,1,0,1,NOT APPLICABLE,August,4,Friday,3,45,Rural,High Speed (Arterial),Yes,47.97785556,-102.43764444,Non-Intersection,Dark - Not Lighted,Reported as Unknown,Unknown,Unknown if Notified,Unknown EMS Scene Arrival Hour,Unknown if Arrived,Not Applicable (Not Transported),Not Applicable (Not Transported),1,Dark - Unlighted,Clear,0,0,[],[],0,0,Invalid,0.0,0.0,999.0,999.0,['Other'],0,0,1,0,4,Dry,Straight,Level,Lowest,No
25098,38,North Dakota,380051,0,1,1,0,3,NOT APPLICABLE,August,5,Saturday,99,99,Rural,Low Speed (Local),No,47.99436944,-102.44470833,Non-Intersection,Reported as Unknown,Clear,11:00pm-11:59pm,7,11:00pm-11:59pm,14,0:00am-0:59am,36,1,Dark - Unlighted,Clear,1,2,['Driver'],['None_Used'],1,1,Invalid,0.0,0.0,31.0,31.0,['Male'],3,0,3,4,3,Dry,Curve,Grade/Hillcrest,Lowest,No
25099,38,North Dakota,380052,0,2,2,0,3,NOT APPLICABLE,August,10,Thursday,16,35,Rural,High Speed (Arterial),Yes,48.22973333,-101.36740278,Complex/Circle,Daylight,Clear,4:00pm-4:59pm,37,4:00pm-4:59pm,51,5:00pm-5:59pm,17,2,Daylight,Clear,2,1,"['Driver', 'Rear_Seat']","['None_Used', 'None_Used']",0,0,Valid,0.0,0.0,62.0,36.0,"['Male', 'Male']",0,0,5,4,5,Dry,Straight,Level,Lowest,No
25100,38,North Dakota,380053,0,1,1,0,1,NOT APPLICABLE,August,17,Thursday,21,0,Rural,Medium Speed (Collector),No,47.8028,-98.36033889,Non-Intersection,Dark - Not Lighted,Clear,9:00pm-9:59pm,13,9:00pm-9:59pm,27,Not Applicable (Not Transported),Not Applicable (Not Transported),1,Dark - Unlighted,Clear,1,0,['Driver'],['None_Used'],1,1,Invalid,1.0,0.0,45.0,45.0,['Male'],1,0,5,4,2,Dry,Curve,Level,Lowest,No
25101,38,North Dakota,380054,1,1,1,0,1,NOT APPLICABLE,August,18,Friday,3,3,Rural,High Speed (Arterial),Yes,46.92016667,-97.85463056,Non-Intersection,Dark - Not Lighted,Cloudy,Unknown,Unknown if Notified,Unknown EMS Scene Arrival Hour,Unknown if Arrived,Not Applicable (Not Transported),Not Applicable (Not Transported),1,Dark - Unlighted,Reduced Visibility,0,1,[],[],0,0,Valid,1.0,0.0,46.0,46.0,['Male'],0,0,4,3,4,Dry,Straight,Level,Lowest,No
25102,38,North Dakota,380055,0,1,1,0,1,NOT APPLICABLE,August,18,Friday,14,17,Rural,High Speed (Arterial),Yes,46.46524167,-101.10214167,Non-Intersection,Daylight,Clear,2:00pm-2:59pm,19,2:00pm-2:59pm,44,Not Applicable (Not Transported),Not Applicable (Not Transported),1,Daylight,Clear,1,0,['Driver'],['None_Used'],0,0,Valid,0.0,0.0,65.0,65.0,['Male'],1,0,5,4,3,Dry,Curve,Level,Lowest,No
25103,38,North Dakota,380056,1,1,1,0,1,WILLISTON,August,20,Sunday,3,53,Urban,Medium Speed (Collector),No,48.1548,-103.66915,Non-Intersection,Dark - Lighted,Cloudy,3:00am-3:59am,39,3:00am-3:59am,45,Not Applicable (Not Transported),Not Applicable (Not Transported),1,Dark - Lighted,Reduced Visibility,0,1,[],[],0,0,Valid,1.0,1.0,28.0,28.0,['Male'],0,0,3,3,4,Dry,Straight,Grade/Hillcrest,Lowest,No
25104,38,North Dakota,380057,0,2,2,0,3,NOT APPLICABLE,August,22,Tuesday,15,51,Rural,High Speed (Arterial),Yes,47.97886944,-101.29368056,Complex/Circle,Daylight,Clear,3:00pm-3:59pm,51,4:00pm-4:59pm,9,4:00pm-4:59pm,49,1,Daylight,Clear,1,2,['Driver'],['Shoulder_Lapbelt'],0,0,Valid,0.0,4.0,59.0,24.0,"['Male', 'Female']",0,0,3,4,5,Dry,Straight,Level,Lowest,No
25105,38,North Dakota,380058,0,1,1,0,2,LARIMORE,August,26,Saturday,13,55,Rural,Medium Speed (Collector),No,47.9038,-97.63776111,Non-Intersection,Daylight,Clear,1:00pm-1:59pm,57,2:00pm-2:59pm,4,3:00pm-3:59pm,8,2,Daylight,Clear,2,0,"['Driver', 'Rear_Seat']","['None_Used', 'None_Used']",0,0,Valid,0.0,1.0,59.0,59.0,['Male'],0,0,5,4,2,Dry,Curve,Level,Lowest,No