,State_Code,State_Name,Crash_ID,Count_Non_Motorists,Count_Vehicles_Total,Count_Vehicle_Forms,Count_PVH_Involved,Count_Occupants_MV,City_Name,Month_Name,Day_of_Month,Day_of_Week,Crash_Hour,Crash_Minute,Area_Rural_Urban,Road_Functional_Class,On_NHS_Road,Latitude,Longitude,Intersection_Type,Light_Condition,Weather_Condition,Notif_Hour,Notif_Minute,Arrival_Hour,Arrival_Minute,Hospital_Hour,Hospital_Minute,Fatalities_Count,Clean_Light_Condition,Clean_Weather_Condition,Total_Killed,Total_Alive,Fatal_Seats_List,Killed_Restraint_List,Any_Driver_Drinking,Total_Drinking_Drivers,Driver_License_Category,Driver_Max_Prev_Accident_Count,Driver_Max_Prev_Speeding_Count,Max_Driver_Age,Min_Driver_Age,Driver_Sex_List,Total_Exceeding_Limit_Vehicles,Total_Too_Fast_Vehicles,Max_Vehicle_Type_Severity_5,Max_Vehicle_Damage_Rank,Max_Harmful_Event_Severity,Crash_Road_Surface_Condition,Crash_Horizontal_Alignment,Crash_Vertical_Profile,Crash_Impairment_Category,Crash_Vehicle_Defect
25106,38,North Dakota,380059,0,2,2,0,2,NOT APPLICABLE,September,1,Friday,15,45,Rural,High Speed (Arterial),Yes,47.24363889,-101.296,Simple Junction,Daylight,Clear,3:00pm-3:59pm,45,3:00pm-3:59pm,59,5:00pm-5:59pm,19,1,Daylight,Clear,1,1,['Driver'],['None_Used'],1,1,Valid,0.0,1.0,85.0,53.0,"['Male', 'Male']",0,0,5,4,5,Dry,Straight,Level,Lowest,No
25107,38,North Dakota,380060,0,2,2,0,4,NOT APPLICABLE,September,3,Sunday,1,40,Rural,Low Speed (Local),No,47.97787778,-98.82772778,Non-Intersection,Dark - Unknown Lighting,Reported as Unknown,1:00am-1:59am,41,2:00am-2:59am,4,2:00am-2:59am,39,1,Dark - Unlighted,Clear,1,0,['Driver'],['None_Used'],0,0,Invalid,0.0,1.0,25.0,19.0,"['Male', 'Female']",0,0,3,0,5,Dry,Straight,Level,Lowest,No
25108,38,North Dakota,380061,0,1,1,0,2,WILLISTON,September,4,Monday,99,99,Rural,High Speed (Arterial),Yes,48.14719444,-103.65205,Non-Intersection,Reported as Unknown,Clear,Unknown,Unknown,Unknown EMS Scene Arrival Hour,Unknown EMS Scene Arrival Minutes,Not Applicable (Not Transported),Not Applicable (Not Transported),2,Dark - Unlighted,Clear,2,0,"['Driver', 'Front_Passenger']","['None_Used', 'None_Used']",1,1,Valid,0.0,0.0,34.0,34.0,['Male'],0,0,3,4,3,Dry,Curve,Grade/Hillcrest,Lowest,No
25109,38,North Dakota,380062,0,1,1,0,2,NOT APPLICABLE,September,10,Sunday,99,99,Rural,Medium Speed (Collector),No,48.41478056,-100.38549167,Complex/Circle,Reported as Unknown,Reported as Unknown,7:00am-7:59am,37,7:00am-7:59am,52,Not Applicable (Not Transported),Not Applicable (Not Transported),1,Dark - Unlighted,Clear,1,1,['Front_Passenger'],['None_Used'],1,1,Invalid,0.0,0.0,47.0,47.0,['Male'],0,0,3,4,3,Dry,Straight,Level,Lowest,No
25110,38,North Dakota,380063,1,1,1,0,1,FARGO,September,13,Wednesday,5,47,Urban,Medium Speed (Collector),No,46.86164444,-96.82998611,Complex/Circle,Dark - Lighted,Clear,5:00am-5:59am,52,5:00am-5:59am,56,Not Applicable (Not Transported),Not Applicable (Not Transported),1,Dark - Lighted,Clear,0,1,[],[],0,0,Valid,0.0,0.0,63.0,63.0,['Male'],0,0,3,3,4,Dry,Straight,Level,Lowest,No
25111,38,North Dakota,380064,0,2,2,0,28,NOT APPLICABLE,September,14,Thursday,15,38,Rural,Medium Speed (Collector),No,47.9041,-97.9897,Complex/Circle,Daylight,Clear,3:00pm-3:59pm,40,3:00pm-3:59pm,55,5:00pm-5:59pm,12,1,Daylight,Clear,1,27,['Driver'],['Shoulder_Lapbelt'],0,0,Valid,0.0,1.0,68.0,56.0,"['Female', 'Male']",0,0,3,4,5,Dry,Straight,Level,Lowest,No
25112,38,North Dakota,380065,0,2,2,0,2,NOT APPLICABLE,September,14,Thursday,17,35,Rural,Medium Speed (Collector),No,48.70435556,-99.84185,Complex/Circle,Daylight,Clear,5:00pm-5:59pm,38,5:00pm-5:59pm,48,Not Applicable (Not Transported),Not Applicable (Not Transported),1,Daylight,Clear,1,1,['Driver'],['None_Used'],0,0,Invalid,0.0,0.0,30.0,25.0,"['Male', 'Male']",0,0,4,4,5,Dry,Straight,Level,Lowest,No
25113,38,North Dakota,380066,0,2,2,0,2,BELCOURT,September,16,Saturday,21,0,Rural,Low Speed (Local),No,48.85618889,-99.85408333,Complex/Circle,Dark - Unknown Lighting,Clear,9:00pm-9:59pm,0,9:00pm-9:59pm,10,9:00pm-9:59pm,30,1,Dark - Unlighted,Clear,1,1,['Driver'],['None_Used'],1,1,Invalid,0.0,1.0,70.0,20.0,"['Male', 'Male']",0,0,4,4,5,Dry,Straight,Level,Lowest,No
25114,38,North Dakota,380067,0,1,1,0,1,NOT APPLICABLE,September,17,Sunday,3,40,Urban,Medium Speed (Collector),No,46.86175,-96.83645,Complex/Circle,Dark - Lighted,Cloudy,3:00am-3:59am,45,3:00am-3:59am,50,4:00am-4:59am,12,1,Dark - Lighted,Reduced Visibility,1,0,['Driver'],['None_Used'],1,1,Valid,0.0,0.0,37.0,37.0,['Male'],0,0,3,4,3,Dry,Straight,Level,Lowest,No
25115,38,North Dakota,380068,0,1,1,0,1,NOT APPLICABLE,September,18,Monday,99,99,Rural,High Speed (Arterial),Yes,48.33988611,-99.79796389,Non-Intersection,Reported as Unknown,Clear,Unknown,Unknown if Notified,Unknown EMS Scene Arrival Hour,Unknown if Arrived,Not Applicable (Not Transported),Not Applicable (Not Transported),1,Dark - Unlighted,Clear,1,0,['Driver'],['Shoulder_Lapbelt'],0,0,Valid,0.0,0.0,73.0,73.0,['Female'],0,0,2,4,3,Dry,Curve,Grade/Hillcrest,Lowest,No
25116,38,North Dakota,380069,1,1,1,0,1,NOT APPLICABLE,September,22,Friday,2,54,Rural,High Speed (Arterial),Yes,47.99843333,-98.93720278,Non-Intersection,Dark - Not Lighted,Rain,Unknown,Unknown if Notified,Unknown EMS Scene Arrival Hour,Unknown if Arrived,Not Applicable (Not Transported),Not Applicable (Not Transported),1,Dark - Unlighted,Rain/Wind/Minor,0,1,[],[],0,0,Valid,0.0,0.0,36.0,36.0,['Female'],0,0,3,3,4,Wet/Standing Water,Straight,Level,Lowest,No
25117,38,North Dakota,380070,0,2,2,0,2,GRAND FORKS,September,25,Monday,20,43,Urban,High Speed (Arterial),Yes,47.88583889,-97.06688333,Complex/Circle,Dark - Lighted,Clear,8:00pm-8:59pm,45,8:00pm-8:59pm,48,8:00pm-8:59pm,57,1,Dark - Lighted,Clear,1,1,['Driver'],['None_Used'],0,0,Valid,0.0,1.0,40.0,22.0,"['Male', 'Female']",1,0,5,4,5,Dry,Straight,Level,Lowest,No
25118,38,North Dakota,380071,0,1,1,0,1,GLADSTONE,September,28,Thursday,12,34,Rural,High Speed (Arterial),Yes,46.87494722,-102.55573889,Non-Intersection,Daylight,Clear,12:00pm-12:59pm,33,12:00pm-12:59pm,48,1:00pm-1:59pm,17,1,Daylight,Clear,1,0,['Driver'],['None_Used'],0,0,Valid,0.0,0.0,71.0,71.0,['Male'],0,0,2,4,3,Dry,Straight,Level,Lowest,No
25119,38,North Dakota,380072,0,1,1,0,1,NOT APPLICABLE,September,29,Friday,99,99,Rural,Medium Speed (Collector),No,46.39776667,-100.63061667,Non-Intersection,Reported as Unknown,Reported as Unknown,4:00pm-4:59pm,14,4:00pm-4:59pm,36,Not Applicable (Not Transported),Not Applicable (Not Transported),1,Dark - Unlighted,Clear,1,0,['Driver'],['None_Used'],1,1,Valid,0.0,0.0,46.0,46.0,['Male'],1,0,5,0,1,Dry,Straight,Level,Lowest,No
25120,38,North Dakota,380073,0,1,1,0,2,NOT APPLICABLE,October,5,Thursday,0,28,Rural,High Speed (Arterial),Yes,47.9982,-98.96183056,Non-Intersection,Dark - Unknown Lighting,Rain,0:00am-0:59am,3,0:00am-0:59am,6,Not Applicable (Not Transported),Not Applicable (Not Transported),1,Dark - Unlighted,Rain/Wind/Minor,1,0,['Driver'],['None_Used'],1,1,Invalid,1.0,0.0,21.0,21.0,['Female'],0,0,3,4,3,Wet/Standing Water,Straight,Level,Lowest,No
25121,38,North Dakota,380074,0,2,2,0,2,MANDAN,October,6,Friday,15,58,Urban,Medium Speed (Collector),No,46.81474167,-100.84316111,Non-Intersection,Daylight,Clear,3:00pm-3:59pm,58,4:00pm-4:59pm,3,4:00pm-4:59pm,22,1,Daylight,Clear,1,1,['Driver'],['Shoulder_Lapbelt'],0,0,Valid,0.0,1.0,56.0,37.0,"['Male', 'Female']",1,0,3,4,5,Dry,Straight,Level,Lowest,No
25122,38,North Dakota,380075,1,1,1,0,1,WAHPETON,October,12,Thursday,19,45,Rural,Medium Speed (Collector),No,46.25399167,-96.60621111,Non-Intersection,Dark - Not Lighted,Clear,7:00pm-7:59pm,42,7:00pm-7:59pm,47,10:00pm-10:59pm,0,1,Dark - Unlighted,Clear,0,1,[],[],1,1,Valid,0.0,0.0,52.0,52.0,['Male'],1,0,3,2,4,Dry,Straight,Level,Lowest,No
25123,38,North Dakota,380076,0,2,2,0,2,NOT APPLICABLE,October,12,Thursday,23,42,Rural,High Speed (Arterial),Yes,47.90231111,-99.12527778,Non-Intersection,Dark - Unknown Lighting,Not Reported,11:00pm-11:59pm,42,0:00am-0:59am,0,0:00am-0:59am,39,1,Dark - Unlighted,Clear,1,1,['Driver'],['Lapbelt_Only'],1,2,Valid,0.0,0.0,75.0,29.0,"['Male', 'Male']",1,0,2,4,5,Dry,Straight,Level,Lowest,No
25124,38,North Dakota,380077,0,2,2,0,2,NOT APPLICABLE,October,16,Monday,9,15,Rural,Medium Speed (Collector),No,46.60071111,-100.62277222,Non-Intersection,Daylight,Clear,9:00am-9:59am,18,Unknown EMS Scene Arrival Hour,Unknown EMS Scene Arrival Minutes,Unknown,Unknown EMS Hospital Arrival Time,1,Daylight,Clear,1,1,['Driver'],['Shoulder_Lapbelt'],0,0,Valid,0.0,2.0,68.0,50.0,"['Female', 'Male']",1,0,4,4,5,Dry,Straight,Level,Lowest,No
25125,38,North Dakota,380078,0,2,2,0,2,NOT APPLICABLE,October,18,Wednesday,8,39,Rural,Medium Speed (Collector),No,46.14025833,-98.52532222,Complex/Circle,Daylight,Cloudy,Unknown,Unknown if Notified,Unknown EMS Scene Arrival Hour,Unknown if Arrived,Not Applicable (Not Transported),Not Applicable (Not Transported),1,Daylight,Reduced Visibility,1,1,['Driver'],['None_Used'],0,0,Valid,0.0,1.0,61.0,18.0,"['Male', 'Male']",0,0,4,4,5,Wet/Standing Water,Straight,Level,Lowest,No
25126,38,North Dakota,380079,0,1,1,0,1,NOT APPLICABLE,October,19,Thursday,99,99,Rural,High Speed (Arterial),Yes,48.57341944,-98.38356944,Non-Intersection,Reported as Unknown,Clear,5:00am-5:59am,45,6:00am-6:59am,5,6:00am-6:59am,52,1,Dark - Unlighted,Clear,1,0,['Driver'],['Shoulder_Lapbelt'],1,1,Invalid,2.0,3.0,52.0,52.0,['Male'],0,0,3,4,2,Dry,Straight,Level,Lowest,No
25127,38,North Dakota,380080,0,1,1,0,1,NOT APPLICABLE,October,22,Sunday,99,99,Rural,Medium Speed (Collector),No,46.82654444,-101.89569722,Non-Intersection,Reported as Unknown,Clear,8:00am-8:59am,39,8:00am-8:59am,46,Not Applicable (Not Transported),Not Applicable (Not Transported),1,Dark - Unlighted,Clear,1,0,['Driver'],['None_Used'],1,1,Valid,0.0,0.0,22.0,22.0,['Male'],1,0,3,4,2,Dry,Straight,Level,Lowest,No
25128,38,North Dakota,380081,0,1,1,0,2,NOT APPLICABLE,October,28,Saturday,1,16,Rural,High Speed (Arterial),Yes,46.92019167,-97.82858333,Non-Intersection,Dark - Unknown Lighting,Clear,1:00am-1:59am,19,1:00am-1:59am,37,2:00am-2:59am,10,1,Dark - Unlighted,Clear,1,1,['Driver'],['None_Used'],0,0,Valid,0.0,3.0,50.0,50.0,['Male'],2,0,3,4,3,Icy/Snowy,Straight,Level,Lowest,No
25129,38,North Dakota,380082,0,1,1,0,1,NOT APPLICABLE,November,1,Wednesday,99,99,Rural,Low Speed (Local),No,47.67196111,-97.30315556,Simple Junction,Reported as Unknown,Clear,0:00am-0:59am,1,0:00am-0:59am,21,Not Applicable (Not Transported),Not Applicable (Not Transported),1,Dark - Unlighted,Clear,1,0,['Driver'],['None_Used'],1,1,Valid,0.0,1.0,45.0,45.0,['Female'],0,0,3,4,3,Dry,Straight,Level,Lowest,No
25130,38,North Dakota,380083,0,2,2,0,2,BISMARCK,November,2,Thursday,7,21,Urban,High Speed (Arterial),Yes,46.8236,-100.73068333,Complex/Circle,Dark - Lighted,Clear,7:00am-7:59am,33,7:00am-7:59am,57,Not Applicable (Not Transported),Not Applicable (Not Transported),1,Dark - Lighted,Clear,1,1,['Driver'],['Shoulder_Lapbelt'],0,0,Valid,1.0,1.0,87.0,48.0,"['Male', 'Male']",0,0,3,4,5,Dry,Straight,Level,Lowest,No
25131,38,North Dakota,380084,0,1,1,0,2,MINOT,November,11,Saturday,23,13,Urban,Medium Speed (Collector),No,48.24285,-101.30491667,Non-Intersection,Dark - Lighted,Clear,11:00pm-11:59pm,14,11:00pm-11:59pm,23,0:00am-0:59am,8,1,Dark - Lighted,Clear,1,1,['Rear_Seat'],['Shoulder_Lapbelt'],1,1,Valid,0.0,0.0,22.0,22.0,['Male'],2,0,3,4,4,Dry,Curve,Level,Lowest,No
25132,38,North Dakota,380085,0,2,2,0,3,NOT APPLICABLE,November,12,Sunday,0,49,Rural,High Speed (Arterial),Yes,47.24975,-97.01629167,Non-Intersection,Dark - Not Lighted,Clear,0:00am-0:59am,51,1:00am-1:59am,5,Not Applicable (Not Transported),Not Applicable (Not Transported),1,Dark - Unlighted,Clear,1,2,['Driver'],['Shoulder_Lapbelt'],1,1,Valid,0.0,2.0,39.0,27.0,"['Male', 'Male']",0,0,4,4,5,Dry,Curve,Level,Lowest,No
25133,38,North Dakota,380086,0,2,2,0,2,EGELAND,November,13,Monday,15,13,Rural,Medium Speed (Collector),No,48.63124444,-99.09671667,Non-Intersection,Daylight,Cloudy,3:00pm-3:59pm,3,3:00pm-3:59pm,25,Not Applicable (Not Transported),Not Applicable (Not Transported),1,Daylight,Reduced Visibility,1,1,['Driver'],['Shoulder_Lapbelt'],1,1,Valid,0.0,2.0,72.0,39.0,"['Male', 'Male']",0,0,5,4,5,Dry,Straight,Level,Lowest,No
25134,38,North Dakota,380087,0,1,1,0,1,NOT APPLICABLE,November,18,Saturday,99,99,Rural,Low Speed (Local),No,47.81811667,-99.6934,Non-Intersection,Reported as Unknown,Clear,7:00am-7:59am,40,8:00am-8:59am,2,Not Applicable (Not Transported),Not Applicable (Not Transported),1,Dark - Unlighted,Clear,1,0,['Driver'],['None_Used'],1,1,Invalid,0.0,1.0,68.0,68.0,['Female'],0,0,3,3,3,Dry,Straight,Grade/Hillcrest,Lowest,No
25135,38,North Dakota,380088,0,1,1,0,2,BERTHOLD,November,18,Saturday,22,7,Rural,Low Speed (Local),No,48.31683056,-101.73361667,Non-Intersection,Dark - Not Lighted,Clear,10:00pm-10:59pm,8,10:00pm-10:59pm,42,11:00pm-11:59pm,26,1,Dark - Unlighted,Clear,1,1,['Front_Passenger'],['Shoulder_Lapbelt'],1,1,Valid,0.0,6.0,29.0,29.0,['Male'],2,0,2,4,3,Dry,Straight,Level,Lowest,No
25136,38,North Dakota,380089,0,2,2,0,3,NOT APPLICABLE,November,23,Thursday,2,35,Rural,High Speed (Arterial),Yes,48.81862222,-99.7993,Complex/Circle,Dark - Unknown Lighting,Reported as Unknown,2:00am-2:59am,11,2:00am-2:59am,15,2:00am-2:59am,32,1,Dark - Unlighted,Clear,1,2,['Driver'],['Shoulder_Lapbelt'],1,2,Valid,0.0,2.0,57.0,21.0,"['Male', 'Female']",0,0,2,4,5,Dry,Straight,Level,Lowest,No
25137,38,North Dakota,380090,0,2,2,0,2,ALICE,November,25,Saturday,12,3,Rural,Medium Speed (Collector),No,46.75993889,-97.55598333,Complex/Circle,Daylight,Clear,12:00pm-12:59pm,3,12:00pm-12:59pm,33,Not Applicable (Not Transported),Not Applicable (Not Transported),1,Daylight,Clear,1,1,['Driver'],['Shoulder_Lapbelt'],0,0,Valid,0.0,0.0,71.0,25.0,"['Male', 'Male']",1,0,4,4,5,Dry,Straight,Level,Medium,No
25138,38,North Dakota,380091,0,1,1,0,4,NOT APPLICABLE,November,25,Saturday,20,12,Rural,High Speed (Arterial),Yes,46.878075,-102.62874722,Non-Intersection,Dark - Not Lighted,Snow,8:00pm-8:59pm,14,8:00pm-8:59pm,27,9:00pm-9:59pm,4,1,Dark - Unlighted,Snow/Ice/Severe,1,3,['Rear_Seat'],['Shoulder_Lapbelt'],0,0,Valid,0.0,1.0,59.0,59.0,['Male'],0,0,3,4,3,Icy/Snowy,Curve,Grade/Hillcrest,Lowest,No
25139,38,North Dakota,380092,0,2,2,0,2,NOT APPLICABLE,December,11,Monday,7,20,Urban,Medium Speed (Collector),No,46.88145556,-100.74845,Non-Intersection,Dark - Not Lighted,Cloudy,7:00am-7:59am,23,7:00am-7:59am,38,8:00am-8:59am,17,1,Dark - Unlighted,Reduced Visibility,1,1,['Driver'],['Shoulder_Lapbelt'],1,1,Valid,1.0,0.0,57.0,54.0,"['Male', 'Male']",0,0,3,4,5,Icy/Snowy,Straight,Level,Lowest,No
25140,38,North Dakota,380093,0,2,2,0,2,NOT APPLICABLE,December,14,Thursday,18,14,Rural,High Speed (Arterial),Yes,47.86014167,-97.08778333,Non-Intersection,Dark - Not Lighted,Clear,5:00pm-5:59pm,44,5:00pm-5:59pm,54,6:00pm-6:59pm,11,1,Dark - Unlighted,Clear,1,1,['Driver'],['None_Used'],0,0,Valid,0.0,4.0,81.0,54.0,"['Male', 'Male']",0,0,3,4,5,Dry,Straight,Level,Lowest,No
25141,38,North Dakota,380094,0,1,1,0,1,NOT APPLICABLE,December,15,Friday,11,52,Rural,High Speed (Arterial),Yes,48.31101944,-100.59619167,Non-Intersection,Daylight,Clear,11:00am-11:59am,56,12:00pm-12:59pm,18,Not Applicable (Not Transported),Not Applicable (Not Transported),1,Daylight,Clear,1,0,['Driver'],['None_Used'],0,0,Valid,1.0,1.0,69.0,69.0,['Male'],0,0,4,4,2,Dry,Straight,Level,Lowest,No
25142,38,North Dakota,380095,0,1,1,0,1,NOT APPLICABLE,December,23,Saturday,19,0,Rural,Medium Speed (Collector),No,48.20815833,-97.19081111,Non-Intersection,Dark - Not Lighted,"Fog, Smog, Smoke",7:00pm-7:59pm,56,8:00pm-8:59pm,24,Not Applicable (Not Transported),Not Applicable (Not Transported),1,Dark - Unlighted,Reduced Visibility,1,0,['Driver'],['Shoulder_Lapbelt'],0,0,Valid,1.0,0.0,61.0,61.0,['Male'],1,0,1,4,3,Dry,Curve,Level,Lowest,No
25143,38,North Dakota,380096,0,1,1,0,2,NOT APPLICABLE,December,16,Saturday,99,99,Rural,Medium Speed (Collector),No,46.04850278,-100.690975,Non-Intersection,Reported as Unknown,Reported as Unknown,0:00am-0:59am,22,0:00am-0:59am,28,0:00am-0:59am,54,1,Dark - Unlighted,Clear,1,0,['Driver'],['Shoulder_Lapbelt'],1,1,Invalid,0.0,0.0,23.0,23.0,['Female'],0,0,1,0,3,Dry,Straight,Level,Lowest,No
25144,39,Ohio,390001,0,3,3,0,5,COLUMBUS,January,3,Tuesday,17,14,Urban,High Speed (Arterial),Yes,39.97931111,-82.84356944,Complex/Circle,Dark - Lighted,Cloudy,5:00pm-5:59pm,46,5:00pm-5:59pm,49,6:00pm-6:59pm,4,2,Dark - Lighted,Reduced Visibility,2,3,"['Rear_Seat', 'Front_Passenger']","['Shoulder_Lapbelt', 'Shoulder_Lapbelt']",0,0,Valid,1.0,0.0,57.0,20.0,"['Male', 'Male', 'Female']",0,0,3,4,5,Wet/Standing Water,Straight,Grade/Hillcrest,Lowest,No
25145,39,Ohio,390002,0,2,2,0,2,COLUMBUS,January,2,Monday,17,18,Urban,High Speed (Arterial),No,40.00103889,-83.15411944,Non-Intersection,Dusk,Cloudy,5:00pm-5:59pm,20,5:00pm-5:59pm,24,5:00pm-5:59pm,47,1,Twilight,Reduced Visibility,1,1,['Driver'],['None_Used'],0,0,Invalid,0.0,1.0,40.0,33.0,"['Male', 'Male']",0,0,5,4,5,Dry,Straight,Level,Lowest,No
25146,39,Ohio,390003,0,1,1,0,2,NOT APPLICABLE,January,4,Wednesday,0,30,Rural,Low Speed (Local),No,41.33938056,-80.97986111,Non-Intersection,Dark - Not Lighted,Cloudy,0:00am-0:59am,43,0:00am-0:59am,55,Not Applicable (Not Transported),Not Applicable (Not Transported),2,Dark - Unlighted,Reduced Visibility,2,0,"['Driver', 'Front_Passenger']","['None_Used', 'Shoulder_Lapbelt']",0,0,Valid,0.0,3.0,65.0,65.0,['Male'],0,0,3,4,2,Wet/Standing Water,Straight,Grade/Hillcrest,Lowest,No
25147,39,Ohio,390004,1,1,1,0,1,COLUMBUS,January,5,Thursday,18,45,Urban,High Speed (Arterial),Yes,39.95378056,-83.09323056,Non-Intersection,Dark - Lighted,Rain,7:00pm-7:59pm,9,7:00pm-7:59pm,13,7:00pm-7:59pm,26,1,Dark - Lighted,Rain/Wind/Minor,0,0,[],[],0,0,Invalid,0.0,0.0,998.0,998.0,['Other'],0,0,1,1,4,Wet/Standing Water,Straight,Level,Lowest,No
25148,39,Ohio,390006,0,2,2,0,3,GROVEPORT,January,6,Friday,20,18,Urban,High Speed (Arterial),Yes,39.85580278,-82.90006389,Complex/Circle,Dark - Lighted,Clear,8:00pm-8:59pm,31,8:00pm-8:59pm,38,9:00pm-9:59pm,3,1,Dark - Lighted,Clear,1,2,['Front_Passenger'],['Shoulder_Lapbelt'],0,0,Valid,0.0,0.0,72.0,17.0,"['Female', 'Male']",0,0,3,4,5,Dry,Straight,Level,Lowest,No
25149,39,Ohio,390007,0,1,1,0,1,CINCINNATI,January,7,Saturday,2,25,Urban,High Speed (Arterial),Yes,39.10218333,-84.54819444,Simple Junction,Dark - Lighted,Clear,2:00am-2:59am,32,2:00am-2:59am,35,Not Applicable (Not Transported),Not Applicable (Not Transported),1,Dark - Lighted,Clear,1,0,['Driver'],['None_Used'],1,1,Invalid,0.0,0.0,29.0,29.0,['Female'],0,0,2,4,2,Dry,Curve,Grade/Hillcrest,Lowest,No
25150,39,Ohio,390008,0,2,2,0,9,NOT APPLICABLE,January,1,Sunday,19,0,Urban,High Speed (Arterial),Yes,39.69867222,-84.28971111,Non-Intersection,Dark - Not Lighted,Cloudy,7:00pm-7:59pm,13,7:00pm-7:59pm,19,7:00pm-7:59pm,38,3,Dark - Unlighted,Reduced Visibility,3,6,"['Driver', 'Rear_Seat', 'Rear_Seat']","['None_Used', 'None_Used', 'None_Used']",1,2,Invalid,3.0,0.0,49.0,43.0,"['Male', 'Male']",1,0,3,4,5,Dry,Straight,Level,Lowest,No
25151,39,Ohio,390009,1,2,1,1,2,MACEDONIA,January,1,Sunday,2,47,Urban,High Speed (Arterial),Yes,41.34549444,-81.50183611,Non-Intersection,Dark - Not Lighted,Cloudy,2:00am-2:59am,47,2:00am-2:59am,55,Not Applicable (Not Transported),Not Applicable (Not Transported),1,Dark - Unlighted,Reduced Visibility,0,2,[],[],0,0,Valid,0.0,2.0,25.0,25.0,['Female'],0,0,2,4,4,Wet/Standing Water,Straight,Level,Lowest,No
25152,39,Ohio,390010,0,2,2,0,2,NOT APPLICABLE,January,2,Monday,21,54,Urban,Medium Speed (Collector),No,39.472925,-82.16560833,Non-Intersection,Dark - Not Lighted,Cloudy,9:00pm-9:59pm,49,9:00pm-9:59pm,57,10:00pm-10:59pm,44,1,Dark - Unlighted,Reduced Visibility,1,1,['Driver'],['Shoulder_Lapbelt'],1,1,Valid,1.0,2.0,70.0,46.0,"['Male', 'Male']",0,0,3,4,5,Wet/Standing Water,Curve,Grade/Hillcrest,Lowest,No
25153,39,Ohio,390012,0,1,1,0,1,NOT APPLICABLE,January,7,Saturday,7,38,Rural,High Speed (Arterial),Yes,39.94222778,-83.47208056,Non-Intersection,Dawn,Clear,7:00am-7:59am,40,7:00am-7:59am,47,Not Applicable (Not Transported),Not Applicable (Not Transported),1,Twilight,Clear,1,0,['Driver'],['None_Used'],0,0,Valid,0.0,0.0,46.0,46.0,['Male'],0,0,2,4,3,Dry,Straight,Level,Lowest,No
25154,39,Ohio,390013,0,2,2,0,7,COLUMBUS,January,13,Friday,0,38,Urban,Medium Speed (Collector),Yes,40.00036111,-82.97568889,Complex/Circle,Dark - Lighted,Clear,0:00am-0:59am,39,0:00am-0:59am,41,0:00am-0:59am,57,1,Dark - Lighted,Clear,1,6,['Front_Passenger'],['Shoulder_Lapbelt'],0,0,Valid,0.0,1.0,53.0,51.0,"['Male', 'Female']",0,0,3,4,5,Wet/Standing Water,Straight,Level,Lowest,No
25155,39,Ohio,390014,0,2,2,0,3,COLUMBUS,January,15,Sunday,3,35,Urban,High Speed (Arterial),Yes,40.08726944,-82.90698889,Non-Intersection,Dark - Lighted,Cloudy,3:00am-3:59am,40,4:00am-4:59am,1,4:00am-4:59am,26,1,Dark - Lighted,Reduced Visibility,1,2,['Driver'],['Shoulder_Lapbelt'],0,0,Invalid,1.0,4.0,33.0,27.0,"['Male', 'Male']",0,0,3,4,5,Dry,Curve,Level,Lowest,No
25156,39,Ohio,390015,0,2,2,0,2,NOT APPLICABLE,January,13,Friday,6,39,Rural,Medium Speed (Collector),No,41.09539722,-83.7651,Complex/Circle,Dark - Not Lighted,Cloudy,6:00am-6:59am,41,6:00am-6:59am,51,7:00am-7:59am,32,1,Dark - Unlighted,Reduced Visibility,1,1,['Driver'],['None_Used'],0,0,Valid,1.0,1.0,65.0,55.0,"['Male', 'Male']",0,0,2,4,5,Wet/Standing Water,Straight,Level,Lowest,No
25157,39,Ohio,390016,1,2,2,0,3,COLUMBUS,January,5,Thursday,18,43,Urban,Medium Speed (Collector),No,39.94026389,-83.05631389,Non-Intersection,Dark - Lighted,Rain,6:00pm-6:59pm,44,6:00pm-6:59pm,48,7:00pm-7:59pm,0,1,Dark - Lighted,Rain/Wind/Minor,0,3,[],[],0,0,Valid,0.0,0.0,73.0,47.0,"['Female', 'Female']",0,0,2,2,4,Wet/Standing Water,Straight,Level,Lowest,No
25158,39,Ohio,390017,1,2,1,1,1,NOT APPLICABLE,January,3,Tuesday,22,51,Rural,High Speed (Arterial),Yes,39.0526,-82.94804722,Non-Intersection,Dark - Not Lighted,Cloudy,10:00pm-10:59pm,55,11:00pm-11:59pm,28,11:00pm-11:59pm,44,1,Dark - Unlighted,Reduced Visibility,1,0,['Driver'],['Shoulder_Lapbelt'],0,0,Valid,0.0,1.0,66.0,66.0,['Male'],0,0,3,4,3,Wet/Standing Water,Straight,Level,Lowest,No
25159,39,Ohio,390018,0,3,2,1,2,CINCINNATI,January,13,Friday,17,51,Urban,Medium Speed (Collector),No,39.11251667,-84.60665833,Non-Intersection,Dark - Lighted,Sleet or Hail,5:00pm-5:59pm,51,5:00pm-5:59pm,58,6:00pm-6:59pm,36,1,Dark - Lighted,Snow/Ice/Severe,1,1,['Driver'],['Shoulder_Lapbelt'],0,0,Valid,0.0,0.0,64.0,54.0,"['Female', 'Male']",0,0,2,4,5,Wet/Standing Water,Straight,Level,Lowest,No
25160,39,Ohio,390019,1,1,1,0,2,NOT APPLICABLE,January,5,Thursday,21,49,Urban,High Speed (Arterial),Yes,39.58608056,-82.95326944,Non-Intersection,Dark - Not Lighted,Cloudy,9:00pm-9:59pm,55,10:00pm-10:59pm,0,10:00pm-10:59pm,27,1,Dark - Unlighted,Reduced Visibility,0,2,[],[],0,0,Valid,0.0,0.0,59.0,59.0,['Male'],0,0,2,4,4,Wet/Standing Water,Straight,Level,Lowest,No