,State_Code,State_Name,Crash_ID,Count_Non_Motorists,Count_Vehicles_Total,Count_Vehicle_Forms,Count_PVH_Involved,Count_Occupants_MV,City_Name,Month_Name,Day_of_Month,Day_of_Week,Crash_Hour,Crash_Minute,Area_Rural_Urban,Road_Functional_Class,On_NHS_Road,Latitude,Longitude,Intersection_Type,Light_Condition,Weather_Condition,Notif_Hour,Notif_Minute,Arrival_Hour,Arrival_Minute,Hospital_Hour,Hospital_Minute,Fatalities_Count,Clean_Light_Condition,Clean_Weather_Condition,Total_Killed,Total_Alive,Fatal_Seats_List,Killed_Restraint_List,Any_Driver_Drinking,Total_Drinking_Drivers,Driver_License_Category,Driver_Max_Prev_Accident_Count,Driver_Max_Prev_Speeding_Count,Max_Driver_Age,Min_Driver_Age,Driver_Sex_List,Total_Exceeding_Limit_Vehicles,Total_Too_Fast_Vehicles,Max_Vehicle_Type_Severity_5,Max_Vehicle_Damage_Rank,Max_Harmful_Event_Severity,Crash_Road_Surface_Condition,Crash_Horizontal_Alignment,Crash_Vertical_Profile,Crash_Impairment_Category,Crash_Vehicle_Defect
25161,39,Ohio,390021,0,1,1,0,1,NORTH ROYALTON,January,7,Saturday,19,37,Urban,High Speed (Arterial),Yes,41.30377778,-81.73791944,Non-Intersection,Dark - Not Lighted,Snow,7:00pm-7:59pm,55,8:00pm-8:59pm,5,8:00pm-8:59pm,31,1,Dark - Unlighted,Snow/Ice/Severe,1,0,['Driver'],['None_Used'],0,0,Valid,0.0,0.0,75.0,75.0,['Male'],0,0,3,4,3,Icy/Snowy,Straight,Level,Lowest,No
25162,39,Ohio,390022,0,1,1,0,1,NOT APPLICABLE,January,11,Wednesday,19,47,Rural,Medium Speed (Collector),No,38.89216389,-83.16076111,Non-Intersection,Dark - Not Lighted,Cloudy,7:00pm-7:59pm,47,8:00pm-8:59pm,19,Not Applicable (Not Transported),Not Applicable (Not Transported),1,Dark - Unlighted,Reduced Visibility,1,0,['Driver'],['None_Used'],0,0,Valid,0.0,0.0,65.0,65.0,['Female'],0,0,2,4,3,Wet/Standing Water,Straight,Grade/Hillcrest,Lowest,No
25163,39,Ohio,390024,0,1,1,0,1,NOT APPLICABLE,January,7,Saturday,2,33,Rural,Medium Speed (Collector),No,41.38717778,-80.54889444,Non-Intersection,Dark - Not Lighted,Cloudy,2:00am-2:59am,36,2:00am-2:59am,44,Not Applicable (Not Transported),Not Applicable (Not Transported),1,Dark - Unlighted,Reduced Visibility,1,0,['Driver'],['None_Used'],1,1,Valid,2.0,1.0,23.0,23.0,['Male'],0,0,3,4,3,Wet/Standing Water,Straight,Level,Lowest,No
25164,39,Ohio,390025,0,2,2,0,4,NOT APPLICABLE,January,9,Monday,11,7,Rural,Medium Speed (Collector),No,40.60420556,-83.170025,Complex/Circle,Daylight,Cloudy,11:00am-11:59am,32,11:00am-11:59am,38,12:00pm-12:59pm,38,2,Daylight,Reduced Visibility,2,2,"['Rear_Seat', 'Front_Passenger']","['Shoulder_Lapbelt', 'Shoulder_Lapbelt']",0,0,Valid,0.0,0.0,60.0,55.0,"['Female', 'Male']",0,0,4,4,5,Dry,Straight,Level,Lowest,No
25165,39,Ohio,390026,1,1,1,0,1,NOT APPLICABLE,January,17,Tuesday,21,44,Urban,High Speed (Arterial),Yes,39.37845,-84.40851111,Non-Intersection,Dark - Not Lighted,Clear,9:00pm-9:59pm,44,9:00pm-9:59pm,49,10:00pm-10:59pm,30,1,Dark - Unlighted,Clear,0,1,[],[],0,0,Valid,0.0,1.0,33.0,33.0,['Female'],0,0,3,4,4,Dry,Straight,Level,Lowest,No
25166,39,Ohio,390027,0,1,1,0,1,NEW LONDON,January,18,Wednesday,9,51,Rural,Medium Speed (Collector),No,41.08487778,-82.39475278,Simple Junction,Daylight,Cloudy,9:00am-9:59am,52,10:00am-10:59am,1,10:00am-10:59am,24,1,Daylight,Reduced Visibility,1,0,['Driver'],['None_Used'],0,0,Valid,1.0,0.0,63.0,63.0,['Female'],0,0,2,4,3,Dry,Straight,Level,Lowest,No
25167,39,Ohio,390028,0,2,2,0,3,NOT APPLICABLE,January,14,Saturday,16,55,Rural,Medium Speed (Collector),No,41.21691389,-82.78895,Complex/Circle,Daylight,Cloudy,4:00pm-4:59pm,57,5:00pm-5:59pm,5,5:00pm-5:59pm,53,1,Daylight,Reduced Visibility,1,2,['Driver'],['None_Used'],1,1,Valid,1.0,1.0,44.0,28.0,"['Female', 'Male']",0,0,4,4,5,Dry,Straight,Level,Lowest,No
25168,39,Ohio,390029,0,2,2,0,2,NOT APPLICABLE,January,19,Thursday,5,35,Rural,Medium Speed (Collector),No,39.50336667,-83.84221111,Non-Intersection,Dark - Not Lighted,Cloudy,5:00am-5:59am,34,5:00am-5:59am,41,Not Applicable (Not Transported),Not Applicable (Not Transported),1,Dark - Unlighted,Reduced Visibility,1,1,['Driver'],['Shoulder_Lapbelt'],0,0,Valid,0.0,1.0,39.0,18.0,"['Female', 'Male']",0,0,4,4,5,Wet/Standing Water,Straight,Level,Lowest,No
25169,39,Ohio,390030,0,1,1,0,3,NOT APPLICABLE,January,24,Tuesday,2,40,Urban,Low Speed (Local),No,39.93427778,-83.19296944,Non-Intersection,Dark - Not Lighted,Clear,2:00am-2:59am,48,2:00am-2:59am,56,3:00am-3:59am,39,2,Dark - Unlighted,Clear,2,1,"['Driver', 'Front_Passenger']","['Shoulder_Lapbelt', 'None_Used']",1,1,Valid,0.0,0.0,18.0,18.0,['Female'],3,0,2,4,3,Dry,Straight,Level,Lowest,No
25170,39,Ohio,390031,0,2,2,0,2,NOT APPLICABLE,January,20,Friday,7,59,Rural,Medium Speed (Collector),No,41.56241111,-81.12328056,Non-Intersection,Daylight,Snow,8:00am-8:59am,3,8:00am-8:59am,10,8:00am-8:59am,42,1,Daylight,Snow/Ice/Severe,1,1,['Driver'],['None_Used'],0,0,Valid,0.0,1.0,34.0,32.0,"['Female', 'Male']",1,0,3,4,5,Icy/Snowy,Straight,Level,Lowest,No
25171,39,Ohio,390032,0,1,1,0,1,NOT APPLICABLE,January,17,Tuesday,20,12,Rural,Medium Speed (Collector),No,40.11191389,-82.35537222,Non-Intersection,Dark - Not Lighted,Clear,8:00pm-8:59pm,11,8:00pm-8:59pm,15,8:00pm-8:59pm,39,1,Dark - Unlighted,Clear,1,0,['Driver'],['None_Used'],0,0,Valid,0.0,0.0,74.0,74.0,['Male'],0,0,3,4,3,Dry,Straight,Grade/Hillcrest,Lowest,No
25172,39,Ohio,390033,1,1,1,0,1,EASTLAKE,January,20,Friday,21,52,Urban,Medium Speed (Collector),No,41.68611389,-81.41819722,Non-Intersection,Dark - Lighted,Snow,10:00pm-10:59pm,8,10:00pm-10:59pm,38,11:00pm-11:59pm,32,1,Dark - Lighted,Snow/Ice/Severe,0,1,[],[],1,1,Invalid,1.0,0.0,69.0,69.0,['Female'],0,0,3,3,4,Wet/Standing Water,Straight,Level,Lowest,No
25173,39,Ohio,390034,0,1,1,0,1,OREGON,January,18,Wednesday,18,0,Urban,Medium Speed (Collector),No,41.6899,-83.4527,Non-Intersection,Dark - Lighted,Clear,6:00pm-6:59pm,5,6:00pm-6:59pm,13,Not Applicable (Not Transported),Not Applicable (Not Transported),1,Dark - Lighted,Clear,1,0,['Driver'],['None_Used'],0,0,Valid,1.0,0.0,33.0,33.0,['Male'],1,0,3,4,3,Dry,Curve,Level,Lowest,No
25174,39,Ohio,390035,1,1,1,0,1,LORAIN,January,19,Thursday,20,9,Urban,Medium Speed (Collector),No,41.44541389,-82.14268889,Non-Intersection,Dark - Lighted,Rain,7:00pm-7:59pm,52,7:00pm-7:59pm,55,8:00pm-8:59pm,16,1,Dark - Lighted,Rain/Wind/Minor,0,1,[],[],0,0,Valid,1.0,1.0,33.0,33.0,['Male'],0,0,3,3,4,Wet/Standing Water,Straight,Grade/Hillcrest,Lowest,No
25175,39,Ohio,390036,0,2,2,0,2,NOT APPLICABLE,January,17,Tuesday,13,47,Urban,High Speed (Arterial),Yes,41.55734167,-83.46033889,Non-Intersection,Daylight,Cloudy,1:00pm-1:59pm,50,1:00pm-1:59pm,55,Not Applicable (Not Transported),Not Applicable (Not Transported),1,Daylight,Reduced Visibility,1,1,['Driver'],['Shoulder_Lapbelt'],0,0,Valid,1.0,0.0,69.0,49.0,"['Male', 'Male']",0,0,4,4,5,Dry,Straight,Grade/Hillcrest,Lowest,Yes
25176,39,Ohio,390037,1,1,1,0,1,NOT APPLICABLE,January,21,Saturday,22,24,Urban,Medium Speed (Collector),No,39.79047222,-84.24530556,Non-Intersection,Dark - Not Lighted,Cloudy,Unknown,Unknown if Notified,Unknown EMS Scene Arrival Hour,Unknown if Arrived,Not Applicable (Not Transported),Not Applicable (Not Transported),1,Dark - Unlighted,Reduced Visibility,0,0,[],[],0,0,Invalid,0.0,0.0,998.0,998.0,['Other'],0,0,1,0,4,Dry,Straight,Grade/Hillcrest,Lowest,No
25177,39,Ohio,390038,0,2,2,0,3,NOT APPLICABLE,January,12,Thursday,17,35,Rural,High Speed (Arterial),Yes,39.00356944,-83.78144444,Complex/Circle,Dusk,Rain,5:00pm-5:59pm,35,5:00pm-5:59pm,53,7:00pm-7:59pm,1,1,Twilight,Rain/Wind/Minor,1,2,['Driver'],['None_Used'],0,0,Valid,1.0,0.0,66.0,39.0,"['Male', 'Female']",0,0,2,4,5,Wet/Standing Water,Straight,Level,Lowest,No
25178,39,Ohio,390039,0,1,1,0,2,NOT APPLICABLE,January,14,Saturday,3,10,Urban,Medium Speed (Collector),No,40.76466389,-81.330975,Complex/Circle,Dark - Lighted,Snow,3:00am-3:59am,16,3:00am-3:59am,24,3:00am-3:59am,55,1,Dark - Lighted,Snow/Ice/Severe,1,1,['Front_Passenger'],['None_Used'],1,1,Valid,0.0,1.0,25.0,25.0,['Male'],2,0,3,4,3,Wet/Standing Water,Curve,Grade/Hillcrest,Lowest,No
25179,39,Ohio,390040,0,2,2,0,3,NOT APPLICABLE,January,11,Wednesday,17,41,Urban,Medium Speed (Collector),No,39.91396111,-84.27461111,Complex/Circle,Dusk,Cloudy,5:00pm-5:59pm,41,5:00pm-5:59pm,49,6:00pm-6:59pm,11,2,Twilight,Reduced Visibility,2,1,"['Driver', 'Front_Passenger']","['Shoulder_Lapbelt', 'Shoulder_Lapbelt']",0,0,Valid,0.0,0.0,73.0,44.0,"['Female', 'Male']",0,0,3,4,5,Dry,Straight,Level,Lowest,No
25180,39,Ohio,390041,0,1,1,0,1,NOT APPLICABLE,January,22,Sunday,3,30,Urban,Medium Speed (Collector),No,39.50672778,-82.35133889,Non-Intersection,Dark - Not Lighted,Clear,3:00am-3:59am,36,3:00am-3:59am,45,Not Applicable (Not Transported),Not Applicable (Not Transported),1,Dark - Unlighted,Clear,1,0,['Driver'],['Shoulder_Lapbelt'],0,0,Valid,0.0,0.0,22.0,22.0,['Male'],0,0,2,4,3,Dry,Straight,Level,Lowest,No
25181,39,Ohio,390043,0,2,2,0,4,NOT APPLICABLE,January,22,Sunday,13,44,Rural,Medium Speed (Collector),No,40.34759722,-82.57086389,Non-Intersection,Daylight,Snow,1:00pm-1:59pm,44,1:00pm-1:59pm,54,2:00pm-2:59pm,50,1,Daylight,Snow/Ice/Severe,1,3,['Rear_Seat'],['Shoulder_Lapbelt'],0,0,Valid,0.0,1.0,47.0,17.0,"['Male', 'Female']",0,0,3,4,5,Wet/Standing Water,Curve,Level,Lowest,Yes
25182,39,Ohio,390044,0,2,2,0,3,NOT APPLICABLE,January,21,Saturday,17,46,Rural,Medium Speed (Collector),No,41.68904444,-80.78118889,Non-Intersection,Dark - Not Lighted,Cloudy,5:00pm-5:59pm,48,5:00pm-5:59pm,59,7:00pm-7:59pm,27,1,Dark - Unlighted,Reduced Visibility,1,2,['Driver'],['Shoulder_Lapbelt'],0,0,Valid,0.0,0.0,56.0,29.0,"['Male', 'Male']",0,0,3,4,5,Dry,Straight,Level,Lowest,No
25183,39,Ohio,390045,0,1,1,0,1,NOT APPLICABLE,January,20,Friday,8,43,Urban,High Speed (Arterial),No,39.96421389,-83.80268889,Non-Intersection,Daylight,Cloudy,8:00am-8:59am,24,8:00am-8:59am,28,8:00am-8:59am,36,1,Daylight,Reduced Visibility,1,0,['Driver'],['None_Used'],0,0,Valid,0.0,0.0,63.0,63.0,['Male'],0,0,2,4,3,Wet/Standing Water,Straight,Level,Lowest,No
25184,39,Ohio,390046,0,1,1,0,2,NOT APPLICABLE,January,22,Sunday,3,2,Rural,Low Speed (Local),No,40.44261667,-81.73171111,Non-Intersection,Dark - Not Lighted,Clear,3:00am-3:59am,6,3:00am-3:59am,18,4:00am-4:59am,29,1,Dark - Unlighted,Clear,1,1,['Rear_Seat'],['None_Used'],1,1,Invalid,0.0,0.0,16.0,16.0,['Male'],2,0,5,4,3,Dry,Curve,Grade/Hillcrest,Lowest,No
25185,39,Ohio,390047,0,1,1,0,3,NOT APPLICABLE,January,22,Sunday,10,53,Urban,High Speed (Arterial),Yes,41.03394167,-81.761275,Non-Intersection,Daylight,Snow,11:00am-11:59am,0,11:00am-11:59am,13,11:00am-11:59am,43,1,Daylight,Snow/Ice/Severe,1,2,['Front_Passenger'],['Shoulder_Lapbelt'],0,0,Valid,0.0,0.0,18.0,18.0,['Male'],3,0,3,4,2,Icy/Snowy,Curve,Grade/Hillcrest,Lowest,No
25186,39,Ohio,390048,0,1,1,0,1,NEWPORT,January,22,Sunday,5,50,Rural,Low Speed (Local),No,39.39393333,-81.35616389,Non-Intersection,Dark - Not Lighted,Cloudy,8:00am-8:59am,20,8:00am-8:59am,28,Not Applicable (Not Transported),Not Applicable (Not Transported),1,Dark - Unlighted,Reduced Visibility,1,0,['Driver'],['None_Used'],0,0,Valid,0.0,0.0,47.0,47.0,['Male'],0,0,3,3,3,Dry,Curve,Level,Lowest,No
25187,39,Ohio,390049,0,1,1,0,2,NOT APPLICABLE,January,21,Saturday,7,47,Rural,Medium Speed (Collector),No,40.07407222,-82.06178611,Non-Intersection,Dark - Not Lighted,Cloudy,7:00am-7:59am,48,7:00am-7:59am,56,Not Applicable (Not Transported),Not Applicable (Not Transported),2,Dark - Unlighted,Reduced Visibility,2,0,"['Driver', 'Front_Passenger']","['None_Used', 'None_Used']",1,1,Valid,0.0,3.0,51.0,51.0,['Male'],2,0,3,4,3,Wet/Standing Water,Curve,Level,Lowest,No
25188,39,Ohio,390050,0,2,2,0,2,NOT APPLICABLE,January,23,Monday,19,10,Rural,Medium Speed (Collector),No,40.15860833,-82.52014722,Non-Intersection,Dark - Not Lighted,Clear,7:00pm-7:59pm,13,7:00pm-7:59pm,22,7:00pm-7:59pm,58,1,Dark - Unlighted,Clear,1,1,['Driver'],['Shoulder_Lapbelt'],0,0,Valid,1.0,7.0,20.0,20.0,"['Male', 'Female']",0,0,3,4,3,Dry,Straight,Grade/Hillcrest,Lowest,No
25189,39,Ohio,390051,0,1,1,0,1,OLMSTED FALLS,January,22,Sunday,14,28,Urban,High Speed (Arterial),Yes,41.35710833,-81.8982,Non-Intersection,Daylight,Snow,2:00pm-2:59pm,27,2:00pm-2:59pm,38,3:00pm-3:59pm,17,1,Daylight,Snow/Ice/Severe,1,0,['Driver'],['Shoulder_Lapbelt'],0,0,Valid,0.0,0.0,79.0,79.0,['Male'],0,0,2,4,3,Icy/Snowy,Straight,Level,Lowest,No
25190,39,Ohio,390052,0,2,2,0,2,NOT APPLICABLE,January,16,Monday,14,31,Rural,Medium Speed (Collector),No,40.59686389,-84.647525,Complex/Circle,Daylight,Rain,2:00pm-2:59pm,41,2:00pm-2:59pm,48,3:00pm-3:59pm,7,1,Daylight,Rain/Wind/Minor,1,1,['Driver'],['Shoulder_Lapbelt'],0,0,Valid,1.0,0.0,36.0,31.0,"['Male', 'Male']",0,0,3,4,5,Wet/Standing Water,Straight,Level,Lowest,No
25191,39,Ohio,390053,0,1,1,0,1,NOT APPLICABLE,January,26,Thursday,19,41,Urban,Medium Speed (Collector),No,40.82722778,-84.335,Non-Intersection,Dark - Not Lighted,Clear,7:00pm-7:59pm,43,7:00pm-7:59pm,48,8:00pm-8:59pm,19,1,Dark - Unlighted,Clear,1,0,['Driver'],['None_Used'],0,0,Valid,0.0,0.0,61.0,61.0,['Male'],1,0,3,4,2,Wet/Standing Water,Straight,Level,Lowest,No
25192,39,Ohio,390054,0,2,2,0,2,NOT APPLICABLE,January,23,Monday,10,37,Rural,High Speed (Arterial),Yes,41.52216389,-83.46341667,Complex/Circle,Daylight,Cloudy,10:00am-10:59am,29,10:00am-10:59am,37,11:00am-11:59am,14,1,Daylight,Reduced Visibility,1,1,['Driver'],['Shoulder_Lapbelt'],0,0,Valid,0.0,0.0,69.0,22.0,"['Male', 'Male']",0,0,4,4,5,Dry,Straight,Level,Lowest,No
25193,39,Ohio,390055,1,1,1,0,1,TOLEDO,January,24,Tuesday,21,0,Urban,Medium Speed (Collector),No,41.71602222,-83.61546389,Non-Intersection,Dark - Lighted,Clear,9:00pm-9:59pm,1,9:00pm-9:59pm,9,9:00pm-9:59pm,24,1,Dark - Lighted,Clear,0,0,[],[],0,0,Invalid,0.0,0.0,998.0,998.0,['Other'],0,0,1,0,4,Dry,Straight,Level,Lowest,No
25194,39,Ohio,390056,0,2,2,0,3,COLUMBUS,February,4,Saturday,20,25,Urban,High Speed (Arterial),Yes,39.91994722,-82.93196944,Non-Intersection,Dark - Lighted,Cloudy,8:00pm-8:59pm,36,8:00pm-8:59pm,42,9:00pm-9:59pm,3,2,Dark - Lighted,Reduced Visibility,2,1,"['Driver', 'Driver']","['Shoulder_Lapbelt', 'None_Used']",1,2,Valid,3.0,1.0,52.0,25.0,"['Male', 'Male']",0,0,2,4,5,Dry,Curve,Grade/Hillcrest,Lowest,No
25195,39,Ohio,390057,0,1,1,0,2,TOLEDO,January,29,Sunday,2,5,Urban,High Speed (Arterial),Yes,41.65993056,-83.5605,Simple Junction,Dark - Lighted,Sleet or Hail,2:00am-2:59am,8,2:00am-2:59am,14,2:00am-2:59am,33,1,Dark - Lighted,Snow/Ice/Severe,1,1,['Rear_Seat'],['None_Used'],1,1,Invalid,3.0,4.0,26.0,26.0,['Female'],0,0,3,4,3,Wet/Standing Water,Straight,Level,Lowest,No
25196,39,Ohio,390058,1,1,1,0,1,CLEVELAND,January,19,Thursday,17,54,Urban,High Speed (Arterial),No,41.49600278,-81.56510556,Simple Junction,Dark - Lighted,Clear,5:00pm-5:59pm,57,6:00pm-6:59pm,3,6:00pm-6:59pm,22,1,Dark - Lighted,Clear,0,1,[],[],0,0,Valid,1.0,0.0,55.0,55.0,['Male'],0,0,3,2,4,Dry,Straight,Level,Lowest,No
25197,39,Ohio,390060,0,2,2,0,5,NOT APPLICABLE,January,23,Monday,16,6,Rural,High Speed (Arterial),No,41.13476944,-81.37361667,Complex/Circle,Daylight,Cloudy,4:00pm-4:59pm,31,4:00pm-4:59pm,39,5:00pm-5:59pm,5,1,Daylight,Reduced Visibility,1,4,['Rear_Seat'],['None_Used'],0,0,Valid,1.0,1.0,36.0,18.0,"['Male', 'Female']",0,0,3,4,5,Wet/Standing Water,Straight,Level,Lowest,No
25198,39,Ohio,390061,0,4,4,0,6,HUBER HEIGHTS,January,24,Tuesday,16,42,Urban,Medium Speed (Collector),No,39.84919167,-84.11258889,Non-Intersection,Daylight,Cloudy,4:00pm-4:59pm,51,5:00pm-5:59pm,3,5:00pm-5:59pm,49,1,Daylight,Reduced Visibility,1,5,['Driver'],['Shoulder_Lapbelt'],0,0,Invalid,0.0,1.0,68.0,24.0,"['Male', 'Female', 'Male', 'Male']",2,0,3,4,5,Dry,Straight,Level,Lowest,No
25199,39,Ohio,390062,0,2,2,0,3,NOT APPLICABLE,January,24,Tuesday,16,54,Rural,High Speed (Arterial),Yes,41.44141667,-84.59748333,Complex/Circle,Daylight,Cloudy,4:00pm-4:59pm,52,5:00pm-5:59pm,5,5:00pm-5:59pm,35,1,Daylight,Reduced Visibility,1,2,['Driver'],['None_Used'],0,0,Valid,0.0,0.0,74.0,53.0,"['Male', 'Male']",0,0,4,4,5,Dry,Straight,Level,Lowest,No
25200,39,Ohio,390063,0,2,2,0,3,NOT APPLICABLE,January,27,Friday,19,17,Rural,High Speed (Arterial),Yes,40.83669167,-82.09343333,Non-Intersection,Dark - Not Lighted,Blowing Snow,7:00pm-7:59pm,17,7:00pm-7:59pm,25,7:00pm-7:59pm,49,1,Dark - Unlighted,Snow/Ice/Severe,1,2,['Front_Passenger'],['None_Used'],0,0,Invalid,0.0,2.0,59.0,41.0,"['Male', 'Male']",0,0,4,4,5,Icy/Snowy,Straight,Level,Lowest,No
25201,39,Ohio,390064,0,1,1,0,1,NOT APPLICABLE,January,28,Saturday,19,26,Urban,Low Speed (Local),No,39.95260833,-84.04403056,Non-Intersection,Dark - Not Lighted,Clear,7:00pm-7:59pm,31,7:00pm-7:59pm,53,Not Applicable (Not Transported),Not Applicable (Not Transported),1,Dark - Unlighted,Clear,1,0,['Driver'],['None_Used'],1,1,Valid,0.0,0.0,49.0,49.0,['Male'],1,0,5,4,3,Dry,Curve,Grade/Hillcrest,Lowest,No
25202,39,Ohio,390067,0,2,2,0,5,REYNOLDSBURG,February,5,Sunday,0,45,Urban,Medium Speed (Collector),No,39.95141111,-82.81913889,Simple Junction,Dark - Lighted,Clear,0:00am-0:59am,50,0:00am-0:59am,56,1:00am-1:59am,13,1,Dark - Lighted,Clear,1,4,['Driver'],['Shoulder_Lapbelt'],1,1,Valid,1.0,3.0,44.0,19.0,"['Female', 'Male']",0,0,2,4,5,Dry,Straight,Level,Lowest,No
25203,39,Ohio,390068,1,4,4,0,4,CLEVELAND,February,5,Sunday,19,11,Urban,High Speed (Arterial),Yes,41.50124722,-81.56544167,Complex/Circle,Dark - Lighted,Cloudy,7:00pm-7:59pm,34,7:00pm-7:59pm,42,8:00pm-8:59pm,2,1,Dark - Lighted,Reduced Visibility,0,4,[],[],0,0,Valid,0.0,2.0,46.0,29.0,"['Male', 'Female', 'Female', 'Female']",0,0,3,4,5,Dry,Straight,Level,Lowest,No
25204,39,Ohio,390069,0,2,2,0,4,NOT APPLICABLE,January,4,Wednesday,17,0,Rural,Medium Speed (Collector),No,39.31348611,-83.11338611,Non-Intersection,Dusk,Clear,5:00pm-5:59pm,12,5:00pm-5:59pm,22,6:00pm-6:59pm,56,1,Twilight,Clear,1,3,['Front_Passenger'],['Shoulder_Lapbelt'],0,0,Invalid,2.0,0.0,39.0,18.0,"['Male', 'Female']",0,0,3,4,5,Dry,Straight,Level,Lowest,No
25205,39,Ohio,390070,0,2,2,0,2,NORTON,January,30,Monday,7,4,Urban,High Speed (Arterial),Yes,41.01471944,-81.66466389,Non-Intersection,Dawn,Rain,7:00am-7:59am,6,7:00am-7:59am,14,7:00am-7:59am,50,1,Twilight,Rain/Wind/Minor,1,1,['Driver'],['Shoulder_Lapbelt'],0,0,Valid,0.0,0.0,64.0,47.0,"['Female', 'Female']",0,0,3,4,5,Icy/Snowy,Curve,Level,Lowest,No
25206,39,Ohio,390071,0,1,1,0,1,NOT APPLICABLE,January,31,Tuesday,14,40,Rural,Medium Speed (Collector),No,41.06392222,-83.2156,Non-Intersection,Daylight,Clear,2:00pm-2:59pm,42,3:00pm-3:59pm,27,Not Applicable (Not Transported),Not Applicable (Not Transported),1,Daylight,Clear,1,0,['Driver'],['Shoulder_Lapbelt'],0,0,Valid,0.0,0.0,62.0,62.0,['Male'],0,0,4,4,3,Dry,Straight,Grade/Hillcrest,Lowest,No
25207,39,Ohio,390072,0,2,2,0,2,STEUBENVILLE,February,2,Thursday,8,10,Urban,High Speed (Arterial),No,40.37586944,-80.66537778,Non-Intersection,Daylight,Clear,8:00am-8:59am,12,8:00am-8:59am,13,8:00am-8:59am,28,1,Daylight,Clear,1,1,['Driver'],['None_Used'],0,0,Valid,1.0,0.0,80.0,48.0,"['Male', 'Male']",1,0,5,4,5,Dry,Curve,Level,Lowest,No
25208,39,Ohio,390073,0,2,2,0,4,NOT APPLICABLE,January,5,Thursday,13,42,Rural,Medium Speed (Collector),No,41.53208611,-81.16317222,Complex/Circle,Daylight,Clear,1:00pm-1:59pm,45,1:00pm-1:59pm,52,2:00pm-2:59pm,14,1,Daylight,Clear,1,3,['Driver'],['None_Used'],0,0,Valid,3.0,14.0,94.0,25.0,"['Male', 'Male']",0,0,3,4,5,Dry,Straight,Level,Lowest,No
25209,39,Ohio,390074,0,2,2,0,2,NOT APPLICABLE,February,1,Wednesday,6,14,Rural,Medium Speed (Collector),No,40.38047778,-84.571725,Non-Intersection,Dark - Not Lighted,Clear,6:00am-6:59am,16,6:00am-6:59am,28,Not Applicable (Not Transported),Not Applicable (Not Transported),1,Dark - Unlighted,Clear,1,1,['Driver'],['Shoulder_Lapbelt'],0,0,Valid,0.0,0.0,61.0,54.0,"['Male', 'Male']",0,0,4,4,5,Dry,Straight,Level,Lowest,No
25210,39,Ohio,390075,0,2,2,0,2,NOT APPLICABLE,January,17,Tuesday,6,48,Rural,Medium Speed (Collector),No,41.70066667,-83.91349722,Complex/Circle,Dark - Not Lighted,"Fog, Smog, Smoke",6:00am-6:59am,53,6:00am-6:59am,55,7:00am-7:59am,52,1,Dark - Unlighted,Reduced Visibility,1,1,['Driver'],['None_Used'],0,0,Valid,0.0,0.0,74.0,49.0,"['Female', 'Male']",0,0,3,4,5,Wet/Standing Water,Straight,Level,Lowest,No
25211,39,Ohio,390076,0,1,1,0,1,NOT APPLICABLE,January,28,Saturday,4,0,Rural,Medium Speed (Collector),No,40.36049444,-81.44719444,Simple Junction,Dark - Not Lighted,Cloudy,4:00am-4:59am,1,4:00am-4:59am,8,4:00am-4:59am,31,1,Dark - Unlighted,Reduced Visibility,1,0,['Driver'],['None_Used'],1,1,Valid,0.0,1.0,34.0,34.0,['Female'],0,0,3,3,3,Dry,Straight,Level,Lowest,No
25212,39,Ohio,390078,1,1,1,0,3,CANTON,January,29,Sunday,17,58,Urban,High Speed (Arterial),No,40.80914444,-81.37076667,Non-Intersection,Dark - Lighted,Rain,6:00pm-6:59pm,0,6:00pm-6:59pm,4,6:00pm-6:59pm,11,1,Dark - Lighted,Rain/Wind/Minor,0,3,[],[],0,0,Valid,0.0,0.0,42.0,42.0,['Male'],0,0,2,3,4,Wet/Standing Water,Straight,Level,Lowest,No
25213,39,Ohio,390079,1,1,1,0,1,AKRON,January,17,Tuesday,18,31,Urban,Low Speed (Local),No,41.09690833,-81.50404722,Non-Intersection,Dark - Lighted,Cloudy,6:00pm-6:59pm,33,6:00pm-6:59pm,37,Not Applicable (Not Transported),Not Applicable (Not Transported),1,Dark - Lighted,Reduced Visibility,0,1,[],[],0,0,Valid,0.0,0.0,33.0,33.0,['Female'],0,0,2,2,4,Dry,Straight,Level,Lowest,No
25214,39,Ohio,390080,0,1,1,0,1,NOT APPLICABLE,February,5,Sunday,22,15,Urban,Low Speed (Local),No,40.99916111,-81.39921667,Non-Intersection,Dark - Not Lighted,Cloudy,10:00pm-10:59pm,18,10:00pm-10:59pm,23,11:00pm-11:59pm,7,1,Dark - Unlighted,Reduced Visibility,1,0,['Driver'],['None_Used'],1,1,Valid,0.0,0.0,38.0,38.0,['Female'],0,0,2,4,3,Dry,Straight,Level,Lowest,No
25215,39,Ohio,390081,1,1,1,0,1,NOT APPLICABLE,February,5,Sunday,20,38,Urban,Medium Speed (Collector),No,41.18211667,-80.72137222,Simple Junction,Dark - Not Lighted,Cloudy,Unknown,Unknown,Unknown EMS Scene Arrival Hour,Unknown EMS Scene Arrival Minutes,Unknown,Unknown EMS Hospital Arrival Time,1,Dark - Unlighted,Reduced Visibility,0,1,[],[],0,0,Valid,1.0,2.0,47.0,47.0,['Female'],0,0,2,3,4,Dry,Straight,Level,Lowest,No
25216,39,Ohio,390082,1,1,1,0,1,COLUMBUS,February,7,Tuesday,21,10,Urban,High Speed (Arterial),Yes,39.91598889,-82.88071389,Non-Intersection,Dark - Not Lighted,Rain,9:00pm-9:59pm,15,9:00pm-9:59pm,18,Not Applicable (Not Transported),Not Applicable (Not Transported),1,Dark - Unlighted,Rain/Wind/Minor,0,0,[],[],0,0,Invalid,0.0,0.0,998.0,998.0,['Other'],0,0,1,0,4,Wet/Standing Water,Straight,Grade/Hillcrest,Lowest,No
25217,39,Ohio,390083,0,1,1,0,1,NOT APPLICABLE,February,8,Wednesday,21,26,Urban,Medium Speed (Collector),No,39.79721111,-84.25121111,Non-Intersection,Dark - Lighted,Rain,9:00pm-9:59pm,27,9:00pm-9:59pm,36,Not Applicable (Not Transported),Not Applicable (Not Transported),1,Dark - Lighted,Rain/Wind/Minor,1,0,['Driver'],['Shoulder_Lapbelt'],1,1,Invalid,0.0,1.0,41.0,41.0,['Male'],0,0,2,4,3,Wet/Standing Water,Straight,Level,Lowest,No