,State_Code,State_Name,Crash_ID,Count_Non_Motorists,Count_Vehicles_Total,Count_Vehicle_Forms,Count_PVH_Involved,Count_Occupants_MV,City_Name,Month_Name,Day_of_Month,Day_of_Week,Crash_Hour,Crash_Minute,Area_Rural_Urban,Road_Functional_Class,On_NHS_Road,Latitude,Longitude,Intersection_Type,Light_Condition,Weather_Condition,Notif_Hour,Notif_Minute,Arrival_Hour,Arrival_Minute,Hospital_Hour,Hospital_Minute,Fatalities_Count,Clean_Light_Condition,Clean_Weather_Condition,Total_Killed,Total_Alive,Fatal_Seats_List,Killed_Restraint_List,Any_Driver_Drinking,Total_Drinking_Drivers,Driver_License_Category,Driver_Max_Prev_Accident_Count,Driver_Max_Prev_Speeding_Count,Max_Driver_Age,Min_Driver_Age,Driver_Sex_List,Total_Exceeding_Limit_Vehicles,Total_Too_Fast_Vehicles,Max_Vehicle_Type_Severity_5,Max_Vehicle_Damage_Rank,Max_Harmful_Event_Severity,Crash_Road_Surface_Condition,Crash_Horizontal_Alignment,Crash_Vertical_Profile,Crash_Impairment_Category,Crash_Vehicle_Defect
25218,39,Ohio,390084,0,2,2,0,3,CLEVELAND,January,1,Sunday,21,32,Urban,High Speed (Arterial),Yes,41.46411389,-81.69341667,Non-Intersection,Dark - Lighted,Cloudy,9:00pm-9:59pm,56,10:00pm-10:59pm,11,10:00pm-10:59pm,28,1,Dark - Lighted,Reduced Visibility,1,2,['Front_Passenger'],['None_Used'],0,0,Valid,0.0,3.0,57.0,29.0,"['Male', 'Male']",0,0,4,4,5,Wet/Standing Water,Straight,Grade/Hillcrest,Lowest,No
25219,39,Ohio,390085,0,1,1,0,2,NOT APPLICABLE,February,2,Thursday,11,43,Rural,Low Speed (Local),No,39.4342,-84.01228611,Non-Intersection,Daylight,Cloudy,11:00am-11:59am,39,11:00am-11:59am,45,Not Applicable (Not Transported),Not Applicable (Not Transported),2,Daylight,Reduced Visibility,2,0,"['Front_Passenger', 'Front_Passenger']","['Shoulder_Lapbelt', 'Shoulder_Lapbelt']",0,0,Valid,0.0,0.0,49.0,34.0,Other,0,0,2,4,3,Dry,Straight,Grade/Hillcrest,Lowest,No
25220,39,Ohio,390086,0,1,1,0,1,NOT APPLICABLE,February,5,Sunday,8,19,Rural,Medium Speed (Collector),No,40.25267778,-82.51971111,Non-Intersection,Daylight,Clear,8:00am-8:59am,21,8:00am-8:59am,27,Not Applicable (Not Transported),Not Applicable (Not Transported),1,Daylight,Clear,1,0,['Driver'],['Shoulder_Lapbelt'],1,1,Valid,0.0,1.0,28.0,28.0,['Male'],0,0,3,4,3,Dry,Straight,Grade/Hillcrest,Lowest,No
25221,39,Ohio,390087,0,2,2,0,2,NOT APPLICABLE,January,30,Monday,11,11,Rural,Medium Speed (Collector),No,40.84170833,-80.81211944,Complex/Circle,Daylight,Cloudy,11:00am-11:59am,21,11:00am-11:59am,36,12:00pm-12:59pm,22,1,Daylight,Reduced Visibility,1,1,['Driver'],['None_Used'],0,0,Valid,0.0,1.0,44.0,35.0,"['Male', 'Male']",0,0,3,4,3,Wet/Standing Water,Straight,Grade/Hillcrest,Lowest,No
25222,39,Ohio,390088,0,2,2,0,3,NOT APPLICABLE,February,2,Thursday,16,32,Rural,High Speed (Arterial),Yes,39.23648611,-81.759025,Complex/Circle,Daylight,Cloudy,4:00pm-4:59pm,41,5:00pm-5:59pm,5,5:00pm-5:59pm,38,2,Daylight,Reduced Visibility,2,1,"['Driver', 'Front_Passenger']","['Shoulder_Lapbelt', 'Shoulder_Lapbelt']",0,0,Valid,0.0,0.0,78.0,71.0,"['Female', 'Male']",0,0,3,4,5,Dry,Straight,Level,Lowest,No
25223,39,Ohio,390089,1,1,1,0,1,CINCINNATI,February,3,Friday,6,34,Urban,High Speed (Arterial),No,39.13480556,-84.49775278,Complex/Circle,Dark - Lighted,Clear,6:00am-6:59am,35,6:00am-6:59am,40,7:00am-7:59am,15,1,Dark - Lighted,Clear,0,1,[],[],0,0,Invalid,0.0,0.0,999.0,999.0,['Other'],0,0,1,0,4,Dry,Straight,Grade/Hillcrest,Lowest,No
25224,39,Ohio,390090,0,2,2,0,3,NOT APPLICABLE,February,12,Sunday,2,38,Urban,Medium Speed (Collector),No,39.81016389,-83.16078889,Non-Intersection,Dark - Not Lighted,Clear,2:00am-2:59am,41,2:00am-2:59am,47,3:00am-3:59am,12,1,Dark - Unlighted,Clear,1,2,['Front_Passenger'],['None_Used'],1,1,Valid,0.0,4.0,32.0,23.0,"['Male', 'Male']",0,0,3,4,5,Dry,Curve,Grade/Hillcrest,Lowest,No
25225,39,Ohio,390091,0,2,2,0,3,TOLEDO,February,14,Tuesday,8,0,Urban,High Speed (Arterial),No,41.69928056,-83.62431111,Non-Intersection,Daylight,Clear,7:00am-7:59am,59,8:00am-8:59am,4,8:00am-8:59am,26,1,Daylight,Clear,1,2,['Driver'],['Shoulder_Lapbelt'],0,0,Valid,0.0,2.0,80.0,27.0,"['Male', 'Female']",0,0,2,4,5,Dry,Straight,Level,Lowest,No
25226,39,Ohio,390092,0,2,2,0,3,NOT APPLICABLE,February,7,Tuesday,19,15,Urban,Low Speed (Local),No,40.54945,-83.10774722,Non-Intersection,Dark - Not Lighted,Clear,7:00pm-7:59pm,18,7:00pm-7:59pm,25,7:00pm-7:59pm,46,1,Dark - Unlighted,Clear,1,2,['Driver'],['None_Used'],1,2,Valid,1.0,0.0,41.0,30.0,"['Male', 'Male']",0,0,3,4,5,Dry,Straight,Grade/Hillcrest,Lowest,No
25227,39,Ohio,390093,0,2,2,0,3,NOT APPLICABLE,January,31,Tuesday,17,19,Rural,Medium Speed (Collector),No,38.79827778,-83.93063611,Non-Intersection,Dusk,Cloudy,4:00pm-4:59pm,54,5:00pm-5:59pm,6,5:00pm-5:59pm,46,1,Twilight,Reduced Visibility,1,2,['Driver'],['Shoulder_Lapbelt'],0,0,Valid,0.0,0.0,59.0,29.0,"['Female', 'Female']",0,0,2,4,5,Wet/Standing Water,Curve,Grade/Hillcrest,Lowest,No
25228,39,Ohio,390094,0,2,2,0,2,NOT APPLICABLE,January,30,Monday,3,1,Rural,High Speed (Arterial),Yes,39.82848056,-84.78816667,Non-Intersection,Dark - Not Lighted,Cloudy,2:00am-2:59am,34,2:00am-2:59am,38,3:00am-3:59am,6,1,Dark - Unlighted,Reduced Visibility,1,1,['Driver'],['None_Used'],0,0,Valid,4.0,2.0,36.0,20.0,"['Male', 'Male']",0,0,3,4,5,Wet/Standing Water,Straight,Level,Lowest,No
25229,39,Ohio,390095,0,2,2,0,2,GROVE CITY,February,15,Wednesday,18,46,Urban,Medium Speed (Collector),No,39.90085278,-83.10376389,Non-Intersection,Dusk,Clear,6:00pm-6:59pm,46,6:00pm-6:59pm,51,Not Applicable (Not Transported),Not Applicable (Not Transported),1,Twilight,Clear,1,1,['Driver'],['None_Used'],1,1,Valid,0.0,2.0,64.0,21.0,"['Male', 'Male']",1,0,5,4,5,Dry,Straight,Level,Lowest,No
25230,39,Ohio,390096,0,3,3,0,6,NOT APPLICABLE,January,26,Thursday,16,3,Rural,Medium Speed (Collector),No,41.22551667,-83.93968889,Complex/Circle,Daylight,Cloudy,4:00pm-4:59pm,5,4:00pm-4:59pm,14,Not Applicable (Not Transported),Not Applicable (Not Transported),1,Daylight,Reduced Visibility,1,5,['Driver'],['None_Used'],1,1,Valid,1.0,4.0,56.0,34.0,"['Male', 'Male', 'Female']",0,0,4,4,5,Icy/Snowy,Straight,Level,Lowest,Yes
25231,39,Ohio,390097,0,2,2,0,2,NOT APPLICABLE,February,6,Monday,7,15,Urban,Medium Speed (Collector),No,39.36238056,-83.05104444,Non-Intersection,Dawn,Cloudy,7:00am-7:59am,19,7:00am-7:59am,27,Not Applicable (Not Transported),Not Applicable (Not Transported),1,Twilight,Reduced Visibility,1,1,['Driver'],['Shoulder_Lapbelt'],0,0,Valid,0.0,0.0,56.0,55.0,"['Male', 'Male']",0,0,4,4,5,Dry,Straight,Level,Lowest,No
25232,39,Ohio,390098,0,3,3,0,3,NOT APPLICABLE,February,7,Tuesday,9,8,Rural,Medium Speed (Collector),No,40.09563333,-81.55986389,Non-Intersection,Daylight,Cloudy,9:00am-9:59am,13,9:00am-9:59am,20,9:00am-9:59am,51,1,Daylight,Reduced Visibility,1,2,['Driver'],['None_Used'],0,0,Valid,1.0,0.0,64.0,21.0,"['Male', 'Male', 'Male']",0,0,4,4,5,Dry,Curve,Grade/Hillcrest,Lowest,No
25233,39,Ohio,390099,1,1,1,0,1,NOT APPLICABLE,February,9,Thursday,22,16,Rural,Medium Speed (Collector),No,41.38541667,-80.56843333,Non-Intersection,Dark - Not Lighted,Clear,Unknown,Unknown,11:00pm-11:59pm,31,Not Applicable (Not Transported),Not Applicable (Not Transported),1,Dark - Unlighted,Clear,0,1,[],[],0,0,Valid,0.0,0.0,55.0,55.0,['Male'],0,0,2,3,4,Dry,Straight,Level,Lowest,No
25234,39,Ohio,390100,1,1,1,0,3,COLUMBUS,February,16,Thursday,16,39,Urban,High Speed (Arterial),Yes,39.92140833,-82.88015278,Complex/Circle,Daylight,Clear,4:00pm-4:59pm,46,4:00pm-4:59pm,52,5:00pm-5:59pm,8,1,Daylight,Clear,0,3,[],[],0,0,Valid,0.0,0.0,17.0,17.0,['Female'],0,0,2,4,4,Dry,Straight,Level,Lowest,No
25235,39,Ohio,390101,1,1,1,0,4,TOLEDO,February,18,Saturday,0,35,Urban,High Speed (Arterial),Yes,41.64658889,-83.58215,Non-Intersection,Dark - Lighted,Clear,0:00am-0:59am,38,0:00am-0:59am,42,1:00am-1:59am,6,1,Dark - Lighted,Clear,0,4,[],[],0,0,Valid,0.0,3.0,29.0,29.0,['Female'],0,0,3,4,4,Dry,Straight,Level,Lowest,No
25236,39,Ohio,390102,0,1,1,0,1,DAYTON,February,20,Monday,14,25,Urban,High Speed (Arterial),Yes,39.76368333,-84.16638333,Complex/Circle,Daylight,Cloudy,2:00pm-2:59pm,32,2:00pm-2:59pm,35,Not Applicable (Not Transported),Not Applicable (Not Transported),1,Daylight,Reduced Visibility,1,0,['Driver'],['None_Used'],1,1,Invalid,1.0,0.0,64.0,64.0,['Male'],1,0,3,4,3,Dry,Straight,Level,Lowest,No
25237,39,Ohio,390103,0,1,1,0,1,NOT APPLICABLE,February,11,Saturday,20,57,Rural,Medium Speed (Collector),No,40.34013611,-80.96038611,Non-Intersection,Dark - Not Lighted,Clear,8:00pm-8:59pm,59,9:00pm-9:59pm,8,9:00pm-9:59pm,8,1,Dark - Unlighted,Clear,1,0,['Driver'],['Shoulder_Lapbelt'],0,0,Valid,0.0,0.0,83.0,83.0,['Male'],1,0,2,4,3,Dry,Curve,Grade/Hillcrest,Lowest,No
25238,39,Ohio,390104,0,2,2,0,2,NOT APPLICABLE,February,11,Saturday,10,10,Urban,High Speed (Arterial),Yes,41.02330833,-81.34702778,Complex/Circle,Daylight,Clear,Unknown,Unknown,10:00am-10:59am,14,Not Applicable (Not Transported),Not Applicable (Not Transported),1,Daylight,Clear,1,1,['Driver'],['Shoulder_Lapbelt'],0,0,Valid,0.0,0.0,83.0,59.0,"['Female', 'Male']",0,0,4,4,5,Dry,Straight,Level,Lowest,No
25239,39,Ohio,390105,0,3,3,0,3,NOT APPLICABLE,February,13,Monday,15,47,Rural,Medium Speed (Collector),No,40.79434722,-81.25453611,Non-Intersection,Daylight,Clear,3:00pm-3:59pm,49,3:00pm-3:59pm,55,4:00pm-4:59pm,7,1,Daylight,Clear,1,2,['Driver'],['Shoulder_Lapbelt'],0,0,Valid,2.0,1.0,52.0,26.0,"['Female', 'Male', 'Male']",0,0,3,4,5,Dry,Straight,Grade/Hillcrest,Lowest,No
25240,39,Ohio,390106,0,3,3,0,3,NOT APPLICABLE,February,13,Monday,5,57,Rural,High Speed (Arterial),Yes,41.18683056,-81.02453611,Non-Intersection,Dawn,Cloudy,6:00am-6:59am,6,6:00am-6:59am,14,6:00am-6:59am,44,1,Twilight,Reduced Visibility,1,2,['Driver'],['Shoulder_Lapbelt'],1,1,Valid,0.0,0.0,50.0,24.0,"['Male', 'Male', 'Male']",0,0,3,4,5,Dry,Straight,Level,Lowest,No
25241,39,Ohio,390108,1,1,1,0,1,MIDDLEFIELD,February,14,Tuesday,15,18,Rural,Medium Speed (Collector),No,41.44813889,-81.05126667,Non-Intersection,Daylight,Clear,3:00pm-3:59pm,16,3:00pm-3:59pm,22,3:00pm-3:59pm,51,1,Daylight,Clear,0,1,[],[],0,0,Valid,0.0,0.0,38.0,38.0,['Female'],0,0,3,4,4,Dry,Straight,Level,Lowest,No
25242,39,Ohio,390109,0,2,2,0,3,NOT APPLICABLE,February,15,Wednesday,16,25,Rural,Low Speed (Local),No,41.30257778,-80.801825,Non-Intersection,Daylight,Clear,4:00pm-4:59pm,33,4:00pm-4:59pm,40,5:00pm-5:59pm,7,1,Daylight,Clear,1,2,['Driver'],['None_Used'],1,1,Valid,0.0,0.0,60.0,56.0,"['Male', 'Female']",1,0,5,4,5,Dry,Straight,Level,Lowest,No
25243,39,Ohio,390110,0,3,3,0,5,NOT APPLICABLE,February,15,Wednesday,17,8,Urban,Medium Speed (Collector),No,40.63017778,-83.07325,Complex/Circle,Daylight,Clear,5:00pm-5:59pm,14,5:00pm-5:59pm,16,5:00pm-5:59pm,38,1,Daylight,Clear,1,4,['Rear_Seat'],['None_Used'],0,0,Valid,1.0,1.0,61.0,23.0,"['Male', 'Male', 'Male']",0,0,3,4,5,Dry,Straight,Level,Lowest,No
25244,39,Ohio,390111,0,1,1,0,2,NOT APPLICABLE,February,17,Friday,0,29,Rural,Medium Speed (Collector),No,39.09820278,-84.19712778,Non-Intersection,Dark - Not Lighted,Cloudy,0:00am-0:59am,33,0:00am-0:59am,41,1:00am-1:59am,23,1,Dark - Unlighted,Reduced Visibility,1,1,['Driver'],['None_Used'],1,1,Valid,0.0,0.0,34.0,34.0,['Male'],0,0,2,4,3,Wet/Standing Water,Curve,Level,Lowest,No
25245,39,Ohio,390112,0,1,1,0,1,CINCINNATI,February,20,Monday,15,33,Urban,High Speed (Arterial),Yes,39.12028889,-84.7001,Non-Intersection,Daylight,Clear,3:00pm-3:59pm,34,3:00pm-3:59pm,47,4:00pm-4:59pm,29,1,Daylight,Clear,1,0,['Driver'],['Shoulder_Lapbelt'],0,0,Invalid,0.0,0.0,74.0,74.0,['Male'],0,0,3,3,2,Dry,Straight,Level,Lowest,No
25246,39,Ohio,390113,0,2,2,0,2,NOT APPLICABLE,February,16,Thursday,8,17,Rural,High Speed (Arterial),Yes,40.82776111,-83.88030833,Complex/Circle,Daylight,Rain,8:00am-8:59am,20,8:00am-8:59am,41,Not Applicable (Not Transported),Not Applicable (Not Transported),1,Daylight,Rain/Wind/Minor,1,1,['Driver'],['Shoulder_Lapbelt'],0,0,Valid,0.0,0.0,38.0,30.0,"['Female', 'Male']",0,0,4,4,5,Wet/Standing Water,Straight,Level,Lowest,No
25247,39,Ohio,390114,0,2,2,0,2,NOT APPLICABLE,February,21,Tuesday,15,53,Urban,High Speed (Arterial),Yes,39.67184722,-84.31439722,Non-Intersection,Daylight,Clear,3:00pm-3:59pm,53,4:00pm-4:59pm,1,Not Applicable (Not Transported),Not Applicable (Not Transported),1,Daylight,Clear,1,1,['Driver'],['None_Used'],1,1,Invalid,2.0,0.0,57.0,17.0,"['Female', 'Male']",0,0,3,4,5,Dry,Straight,Grade/Hillcrest,Lowest,No
25248,39,Ohio,390115,0,2,2,0,3,WASHINGTON COURT HOUSE,February,15,Wednesday,14,40,Urban,Medium Speed (Collector),No,39.54870278,-83.44944444,Simple Junction,Daylight,Clear,2:00pm-2:59pm,40,2:00pm-2:59pm,41,2:00pm-2:59pm,54,1,Daylight,Clear,1,2,['Driver'],['None_Used'],0,0,Valid,0.0,0.0,42.0,18.0,"['Male', 'Male']",0,0,5,3,5,Dry,Straight,Level,Lowest,No
25249,39,Ohio,390116,0,1,1,0,1,NOT APPLICABLE,February,25,Saturday,2,10,Rural,High Speed (Arterial),Yes,40.34251667,-83.53776389,Non-Intersection,Dark - Not Lighted,Clear,2:00am-2:59am,13,2:00am-2:59am,22,2:00am-2:59am,51,1,Dark - Unlighted,Clear,1,0,['Driver'],['None_Used'],0,0,Valid,0.0,0.0,39.0,39.0,['Male'],1,0,3,4,3,Dry,Straight,Level,Lowest,No
25250,39,Ohio,390117,0,1,1,0,2,MAUMEE,February,20,Monday,10,23,Urban,High Speed (Arterial),Yes,41.59119722,-83.65623056,Non-Intersection,Daylight,Clear,10:00am-10:59am,50,10:00am-10:59am,52,Not Applicable (Not Transported),Not Applicable (Not Transported),2,Daylight,Clear,2,0,"['Driver', 'Front_Passenger']","['None_Used', 'None_Used']",0,0,Invalid,0.0,0.0,45.0,45.0,['Male'],0,0,3,4,3,Dry,Straight,Level,Lowest,No
25251,39,Ohio,390118,0,1,1,0,2,LORAIN,February,21,Tuesday,21,52,Urban,Medium Speed (Collector),No,41.44973611,-82.16321944,Simple Junction,Dark - Lighted,Clear,9:00pm-9:59pm,55,10:00pm-10:59pm,2,10:00pm-10:59pm,21,1,Dark - Lighted,Clear,1,1,['Driver'],['None_Used'],0,0,Valid,0.0,2.0,28.0,28.0,['Male'],2,0,2,4,3,Dry,Straight,Level,Lowest,No
25252,39,Ohio,390119,1,1,1,0,1,DAYTON,February,27,Monday,4,47,Urban,Low Speed (Local),No,39.80036667,-84.21384167,Non-Intersection,Dark - Lighted,Reported as Unknown,4:00am-4:59am,49,5:00am-5:59am,0,Not Applicable (Not Transported),Not Applicable (Not Transported),1,Dark - Lighted,Clear,0,0,[],[],0,0,Invalid,0.0,0.0,998.0,998.0,['Other'],0,0,1,0,4,Dry,Straight,Grade/Hillcrest,Lowest,No
25253,39,Ohio,390120,0,1,1,0,1,NOT APPLICABLE,February,18,Saturday,0,20,Rural,Low Speed (Local),No,41.28478611,-81.05686389,Non-Intersection,Dark - Not Lighted,Clear,0:00am-0:59am,18,0:00am-0:59am,32,Not Applicable (Not Transported),Not Applicable (Not Transported),1,Dark - Unlighted,Clear,1,0,['Driver'],['Shoulder_Lapbelt'],1,1,Valid,0.0,0.0,30.0,30.0,['Male'],1,0,2,4,3,Icy/Snowy,Straight,Level,Lowest,No
25254,39,Ohio,390121,3,4,2,2,3,CINCINNATI,February,26,Sunday,17,13,Urban,High Speed (Arterial),Yes,39.13564722,-84.53340278,Non-Intersection,Daylight,Clear,5:00pm-5:59pm,14,5:00pm-5:59pm,29,5:00pm-5:59pm,34,2,Daylight,Clear,0,3,[],[],1,1,Valid,1.0,0.0,64.0,42.0,"['Male', 'Male']",0,0,3,4,5,Dry,Straight,Level,Lowest,No
25255,39,Ohio,390122,0,2,2,0,3,LIMA,February,25,Saturday,18,25,Urban,Medium Speed (Collector),No,40.72085556,-84.1131,Non-Intersection,Daylight,Clear,6:00pm-6:59pm,26,6:00pm-6:59pm,31,6:00pm-6:59pm,52,1,Daylight,Clear,1,2,['Driver'],['None_Used'],1,1,Valid,1.0,3.0,45.0,23.0,"['Female', 'Male']",0,0,5,4,5,Dry,Straight,Level,Lowest,No
25256,39,Ohio,390123,0,2,2,0,5,MIDDLETOWN,February,25,Saturday,22,39,Urban,Low Speed (Local),No,39.53476944,-84.37163889,Non-Intersection,Dark - Lighted,Clear,10:00pm-10:59pm,40,10:00pm-10:59pm,51,11:00pm-11:59pm,12,1,Dark - Lighted,Clear,1,4,['Driver'],['Shoulder_Lapbelt'],1,1,Valid,0.0,0.0,52.0,51.0,"['Male', 'Male']",0,0,3,4,5,Dry,Curve,Level,Lowest,No
25257,39,Ohio,390124,0,2,2,0,5,CLEVELAND,January,30,Monday,14,35,Urban,Medium Speed (Collector),No,41.51386111,-81.62301944,Complex/Circle,Daylight,Cloudy,2:00pm-2:59pm,42,2:00pm-2:59pm,48,3:00pm-3:59pm,6,1,Daylight,Reduced Visibility,1,4,['Rear_Seat'],['Shoulder_Lapbelt'],0,0,Invalid,1.0,0.0,58.0,33.0,"['Male', 'Female']",4,0,3,4,5,Wet/Standing Water,Straight,Level,Lowest,No
25258,39,Ohio,390125,0,2,2,0,3,CLEVELAND,February,5,Sunday,20,12,Urban,High Speed (Arterial),Yes,41.46705833,-81.76283333,Non-Intersection,Dark - Lighted,Clear,8:00pm-8:59pm,15,8:00pm-8:59pm,18,8:00pm-8:59pm,39,1,Dark - Lighted,Clear,1,2,['Front_Passenger'],['None_Used'],0,0,Valid,0.0,3.0,22.0,18.0,"['Female', 'Female']",0,0,3,4,3,Dry,Straight,Level,Lowest,No
25259,39,Ohio,390126,0,2,2,0,2,NOT APPLICABLE,February,22,Wednesday,10,34,Rural,High Speed (Arterial),Yes,41.79877222,-80.74622222,Non-Intersection,Daylight,Snow,10:00am-10:59am,38,10:00am-10:59am,45,11:00am-11:59am,20,1,Daylight,Snow/Ice/Severe,1,1,['Driver'],['Shoulder_Lapbelt'],0,0,Valid,0.0,0.0,71.0,63.0,"['Male', 'Female']",0,0,3,4,5,Icy/Snowy,Straight,Level,Lowest,No
25260,39,Ohio,390127,0,1,1,0,2,NOT APPLICABLE,February,23,Thursday,19,0,Rural,High Speed (Arterial),Yes,38.63113056,-83.31086944,Non-Intersection,Dusk,Clear,6:00pm-6:59pm,41,6:00pm-6:59pm,59,8:00pm-8:59pm,38,1,Twilight,Clear,1,1,['Rear_Seat'],['None_Used'],0,0,Valid,0.0,5.0,34.0,34.0,['Male'],0,0,5,4,2,Dry,Straight,Level,Lowest,No
25261,39,Ohio,390128,1,1,1,0,1,NOT APPLICABLE,February,24,Friday,19,48,Rural,Medium Speed (Collector),No,39.76459167,-82.18881111,Non-Intersection,Dark - Not Lighted,Clear,7:00pm-7:59pm,46,7:00pm-7:59pm,53,Not Applicable (Not Transported),Not Applicable (Not Transported),1,Dark - Unlighted,Clear,0,1,[],[],0,0,Valid,0.0,1.0,30.0,30.0,['Male'],0,0,3,3,4,Dry,Curve,Grade/Hillcrest,Lowest,No
25262,39,Ohio,390130,0,2,2,0,3,FRANKLIN,February,25,Saturday,21,27,Urban,High Speed (Arterial),Yes,39.54636111,-84.28896944,Non-Intersection,Dark - Lighted,Clear,9:00pm-9:59pm,41,9:00pm-9:59pm,49,10:00pm-10:59pm,25,1,Dark - Lighted,Clear,1,2,['Driver'],['Shoulder_Lapbelt'],0,0,Invalid,0.0,0.0,66.0,51.0,"['Male', 'Male']",0,0,3,4,5,Dry,Straight,Grade/Hillcrest,Lowest,Yes
25263,39,Ohio,390131,0,2,2,0,2,TOLEDO,March,2,Thursday,12,0,Urban,High Speed (Arterial),Yes,41.68736111,-83.64743056,Non-Intersection,Daylight,Clear,12:00pm-12:59pm,3,12:00pm-12:59pm,16,12:00pm-12:59pm,38,1,Daylight,Clear,1,1,['Driver'],['Shoulder_Lapbelt'],0,0,Valid,0.0,0.0,68.0,24.0,"['Female', 'Male']",1,0,3,4,2,Dry,Straight,Level,Lowest,No
25264,39,Ohio,390132,0,1,1,0,1,COLUMBUS,March,3,Friday,19,27,Urban,Medium Speed (Collector),No,39.98481944,-83.07496944,Simple Junction,Dark - Lighted,Rain,7:00pm-7:59pm,33,7:00pm-7:59pm,37,8:00pm-8:59pm,29,1,Dark - Lighted,Rain/Wind/Minor,1,0,['Driver'],['Shoulder_Lapbelt'],0,0,Valid,0.0,0.0,86.0,86.0,['Male'],0,0,3,4,2,Wet/Standing Water,Straight,Level,Lowest,No
25265,39,Ohio,390133,0,3,2,1,2,SALEM,February,6,Monday,17,10,Urban,Medium Speed (Collector),No,40.90313056,-80.84125833,Complex/Circle,Dusk,Cloudy,5:00pm-5:59pm,14,5:00pm-5:59pm,18,6:00pm-6:59pm,26,1,Twilight,Reduced Visibility,1,1,['Driver'],['Shoulder_Lapbelt'],0,0,Valid,0.0,0.0,80.0,51.0,"['Female', 'Female']",0,0,3,4,5,Dry,Straight,Grade/Hillcrest,Medium,No
25266,39,Ohio,390134,0,1,1,0,1,NOT APPLICABLE,February,19,Sunday,7,49,Urban,Medium Speed (Collector),No,40.95306389,-81.58366944,Non-Intersection,Dawn,Cloudy,7:00am-7:59am,51,7:00am-7:59am,53,Not Applicable (Not Transported),Not Applicable (Not Transported),1,Twilight,Reduced Visibility,1,0,['Driver'],['None_Used'],1,1,Valid,1.0,1.0,36.0,36.0,['Male'],0,0,3,4,3,Dry,Straight,Level,Lowest,No
25267,39,Ohio,390135,0,2,2,0,3,NOT APPLICABLE,February,25,Saturday,20,5,Urban,High Speed (Arterial),Yes,39.99313611,-80.74170833,Non-Intersection,Dark - Not Lighted,Clear,8:00pm-8:59pm,15,8:00pm-8:59pm,21,8:00pm-8:59pm,58,1,Dark - Unlighted,Clear,1,2,['Front_Passenger'],['None_Used'],1,1,Valid,0.0,0.0,69.0,30.0,"['Female', 'Female']",0,0,2,4,5,Dry,Straight,Level,Lowest,No
25268,39,Ohio,390136,0,1,1,0,2,NOT APPLICABLE,February,18,Saturday,11,35,Urban,Medium Speed (Collector),No,40.74207778,-82.62561111,Non-Intersection,Daylight,Clear,11:00am-11:59am,43,11:00am-11:59am,46,12:00pm-12:59pm,8,1,Daylight,Clear,1,1,['Front_Passenger'],['None_Used'],0,0,Valid,0.0,0.0,16.0,16.0,['Male'],2,0,3,4,3,Dry,Curve,Level,Lowest,No
25269,39,Ohio,390137,0,1,1,0,1,NOT APPLICABLE,March,2,Thursday,17,43,Rural,Low Speed (Local),No,41.62872222,-83.89696667,Non-Intersection,Daylight,Cloudy,5:00pm-5:59pm,40,5:00pm-5:59pm,45,Not Applicable (Not Transported),Not Applicable (Not Transported),1,Daylight,Reduced Visibility,1,0,['Driver'],['Shoulder_Lapbelt'],1,1,Valid,1.0,0.0,50.0,50.0,['Male'],0,0,2,4,3,Dry,Straight,Level,Lowest,No
25270,39,Ohio,390138,0,2,2,0,2,COLUMBUS,March,6,Monday,21,59,Urban,High Speed (Arterial),Yes,40.03442222,-82.996275,Non-Intersection,Dark - Lighted,Clear,10:00pm-10:59pm,1,10:00pm-10:59pm,5,10:00pm-10:59pm,21,1,Dark - Lighted,Clear,1,1,['Driver'],['None_Used'],1,1,Valid,1.0,1.0,60.0,42.0,"['Male', 'Male']",0,0,4,4,5,Dry,Curve,Level,Lowest,No
25271,39,Ohio,390139,0,1,1,0,1,CINCINNATI,March,3,Friday,11,57,Urban,High Speed (Arterial),Yes,39.15764722,-84.56893889,Non-Intersection,Daylight,Rain,12:00pm-12:59pm,0,12:00pm-12:59pm,7,12:00pm-12:59pm,36,1,Daylight,Rain/Wind/Minor,1,0,['Driver'],['Shoulder_Lapbelt'],0,0,Valid,0.0,0.0,28.0,28.0,['Male'],0,0,2,4,3,Wet/Standing Water,Curve,Grade/Hillcrest,Lowest,No
25272,39,Ohio,390140,0,2,2,0,2,NOT APPLICABLE,February,27,Monday,16,23,Rural,Medium Speed (Collector),No,40.91938889,-81.90963889,Non-Intersection,Daylight,Cloudy,4:00pm-4:59pm,23,4:00pm-4:59pm,30,4:00pm-4:59pm,56,1,Daylight,Reduced Visibility,1,1,['Driver'],['Shoulder_Lapbelt'],0,0,Valid,0.0,1.0,33.0,31.0,"['Female', 'Male']",0,0,3,4,5,Wet/Standing Water,Straight,Level,Medium,No
25273,39,Ohio,390141,0,1,1,0,1,NOT APPLICABLE,March,2,Thursday,17,9,Rural,Low Speed (Local),No,39.99893056,-81.84189444,Non-Intersection,Daylight,Clear,5:00pm-5:59pm,11,5:00pm-5:59pm,20,5:00pm-5:59pm,50,1,Daylight,Clear,1,0,['Driver'],['None_Used'],0,0,Invalid,0.0,0.0,13.0,13.0,['Male'],1,0,5,3,3,Dry,Curve,Grade/Hillcrest,Lowest,No
25274,39,Ohio,390142,0,1,1,0,2,NOT APPLICABLE,March,4,Saturday,5,35,Rural,Medium Speed (Collector),No,41.37745,-83.51285,Non-Intersection,Dark - Not Lighted,Clear,5:00am-5:59am,36,5:00am-5:59am,51,Not Applicable (Not Transported),Not Applicable (Not Transported),2,Dark - Unlighted,Clear,2,0,"['Driver', 'Front_Passenger']","['Shoulder_Lapbelt', 'Shoulder_Lapbelt']",0,0,Valid,1.0,0.0,80.0,80.0,['Male'],0,0,3,4,3,Wet/Standing Water,Straight,Level,Lowest,No
25275,39,Ohio,390143,0,1,1,0,1,COLUMBUS,March,8,Wednesday,22,31,Urban,Medium Speed (Collector),No,39.91741111,-82.96586667,Non-Intersection,Dark - Lighted,Clear,10:00pm-10:59pm,34,10:00pm-10:59pm,39,10:00pm-10:59pm,57,1,Dark - Lighted,Clear,1,0,['Driver'],['None_Used'],1,1,Valid,2.0,0.0,61.0,61.0,['Male'],0,0,3,4,3,Dry,Straight,Level,Lowest,No
25276,39,Ohio,390144,0,1,1,0,1,NOT APPLICABLE,March,1,Wednesday,7,40,Rural,Low Speed (Local),No,38.76927222,-82.39768611,Non-Intersection,Daylight,Clear,7:00am-7:59am,34,7:00am-7:59am,52,Not Applicable (Not Transported),Not Applicable (Not Transported),1,Daylight,Clear,1,0,['Driver'],['Shoulder_Lapbelt'],0,0,Valid,0.0,0.0,34.0,34.0,['Male'],0,0,2,4,4,Dry,Curve,Level,Lowest,No