,State_Code,State_Name,Crash_ID,Count_Non_Motorists,Count_Vehicles_Total,Count_Vehicle_Forms,Count_PVH_Involved,Count_Occupants_MV,City_Name,Month_Name,Day_of_Month,Day_of_Week,Crash_Hour,Crash_Minute,Area_Rural_Urban,Road_Functional_Class,On_NHS_Road,Latitude,Longitude,Intersection_Type,Light_Condition,Weather_Condition,Notif_Hour,Notif_Minute,Arrival_Hour,Arrival_Minute,Hospital_Hour,Hospital_Minute,Fatalities_Count,Clean_Light_Condition,Clean_Weather_Condition,Total_Killed,Total_Alive,Fatal_Seats_List,Killed_Restraint_List,Any_Driver_Drinking,Total_Drinking_Drivers,Driver_License_Category,Driver_Max_Prev_Accident_Count,Driver_Max_Prev_Speeding_Count,Max_Driver_Age,Min_Driver_Age,Driver_Sex_List,Total_Exceeding_Limit_Vehicles,Total_Too_Fast_Vehicles,Max_Vehicle_Type_Severity_5,Max_Vehicle_Damage_Rank,Max_Harmful_Event_Severity,Crash_Road_Surface_Condition,Crash_Horizontal_Alignment,Crash_Vertical_Profile,Crash_Impairment_Category,Crash_Vehicle_Defect
25277,39,Ohio,390146,0,2,2,0,2,MIAMISBURG,February,23,Thursday,19,14,Urban,High Speed (Arterial),Yes,39.64051111,-84.233425,Non-Intersection,Dark - Lighted,Cloudy,7:00pm-7:59pm,16,7:00pm-7:59pm,21,7:00pm-7:59pm,37,1,Dark - Lighted,Reduced Visibility,1,1,['Driver'],['None_Used'],1,1,Valid,0.0,0.0,51.0,45.0,"['Male', 'Female']",0,0,5,4,5,Dry,Straight,Level,Lowest,No
25278,39,Ohio,390147,0,1,1,0,1,NOT APPLICABLE,March,2,Thursday,15,29,Rural,Low Speed (Local),No,39.04210833,-83.30803611,Non-Intersection,Daylight,Clear,3:00pm-3:59pm,27,3:00pm-3:59pm,53,Not Applicable (Not Transported),Not Applicable (Not Transported),1,Daylight,Clear,1,0,['Driver'],['None_Used'],0,0,Invalid,1.0,0.0,42.0,42.0,['Male'],1,0,3,4,3,Dry,Straight,Grade/Hillcrest,Lowest,No
25279,39,Ohio,390148,1,1,1,0,1,WOOSTER,March,7,Tuesday,17,13,Urban,High Speed (Arterial),No,40.772,-81.91777222,Non-Intersection,Daylight,Clear,5:00pm-5:59pm,14,5:00pm-5:59pm,19,5:00pm-5:59pm,38,1,Daylight,Clear,0,1,[],[],0,0,Valid,0.0,0.0,40.0,40.0,['Male'],0,0,3,2,4,Dry,Straight,Level,Lowest,No
25280,39,Ohio,390149,1,1,1,0,1,SPRINGFIELD,March,8,Wednesday,21,47,Urban,High Speed (Arterial),No,39.92338889,-83.78876389,Complex/Circle,Dark - Lighted,Cloudy,9:00pm-9:59pm,50,9:00pm-9:59pm,54,10:00pm-10:59pm,8,1,Dark - Lighted,Reduced Visibility,0,1,[],[],0,0,Valid,0.0,0.0,54.0,54.0,['Male'],0,0,3,2,4,Dry,Straight,Grade/Hillcrest,Lowest,No
25281,39,Ohio,390150,0,2,2,0,4,COLUMBUS,March,12,Sunday,14,3,Urban,High Speed (Arterial),Yes,39.89463611,-82.90568611,Non-Intersection,Daylight,Cloudy,2:00pm-2:59pm,5,2:00pm-2:59pm,14,2:00pm-2:59pm,36,1,Daylight,Reduced Visibility,1,3,['Driver'],['Shoulder_Lapbelt'],0,0,Valid,0.0,0.0,51.0,50.0,"['Female', 'Male']",0,0,3,4,5,Dry,Straight,Grade/Hillcrest,Lowest,No
25282,39,Ohio,390151,0,1,1,0,3,NOT APPLICABLE,February,23,Thursday,13,14,Rural,Medium Speed (Collector),No,38.93004444,-83.26912222,Non-Intersection,Daylight,Clear,1:00pm-1:59pm,8,1:00pm-1:59pm,16,2:00pm-2:59pm,20,1,Daylight,Clear,1,2,['Rear_Seat'],['Shoulder_Lapbelt'],0,0,Valid,0.0,0.0,79.0,79.0,['Female'],0,0,3,4,2,Dry,Straight,Level,Medium,No
25283,39,Ohio,390152,0,1,1,0,1,HARTVILLE,February,3,Friday,0,49,Urban,Medium Speed (Collector),No,40.9586,-81.31981111,Non-Intersection,Dark - Unknown Lighting,Snow,Not Applicable (Not Notified),Not Applicable (Not Notified),Not Applicable,Not Applicable,Not Applicable (Not Transported),Not Applicable (Not Transported),1,Dark - Unlighted,Snow/Ice/Severe,1,0,['Driver'],['Shoulder_Lapbelt'],0,0,Valid,0.0,0.0,27.0,27.0,['Male'],0,0,2,4,2,Wet/Standing Water,Curve,Grade/Hillcrest,Lowest,No
25284,39,Ohio,390153,0,2,2,0,3,NOT APPLICABLE,March,10,Friday,14,20,Urban,Medium Speed (Collector),No,40.019225,-82.805275,Non-Intersection,Daylight,Rain,2:00pm-2:59pm,24,2:00pm-2:59pm,28,2:00pm-2:59pm,42,2,Daylight,Rain/Wind/Minor,2,1,"['Driver', 'Rear_Seat']","['Shoulder_Lapbelt', 'None_Used']",0,0,Invalid,2.0,0.0,34.0,28.0,"['Female', 'Female']",2,0,3,4,5,Wet/Standing Water,Straight,Grade/Hillcrest,Lowest,No
25285,39,Ohio,390154,1,1,1,0,1,CUYAHOGA FALLS,February,13,Monday,12,52,Urban,Medium Speed (Collector),No,41.13440556,-81.50859444,Complex/Circle,Daylight,Clear,12:00pm-12:59pm,53,12:00pm-12:59pm,56,1:00pm-1:59pm,5,1,Daylight,Clear,0,1,[],[],0,0,Valid,0.0,0.0,37.0,37.0,['Male'],0,0,3,2,4,Dry,Straight,Level,Lowest,No
25286,39,Ohio,390155,1,1,1,0,1,SPRINGBORO,March,1,Wednesday,19,36,Urban,High Speed (Arterial),Yes,39.57399722,-84.25734167,Non-Intersection,Dark - Not Lighted,Rain,7:00pm-7:59pm,43,7:00pm-7:59pm,43,Not Applicable (Not Transported),Not Applicable (Not Transported),1,Dark - Unlighted,Rain/Wind/Minor,0,1,[],[],0,0,Valid,0.0,0.0,62.0,62.0,['Male'],0,0,4,2,4,Wet/Standing Water,Straight,Grade/Hillcrest,Lowest,No
25287,39,Ohio,390156,1,1,1,0,3,TROY,March,6,Monday,19,29,Urban,Medium Speed (Collector),No,40.04791944,-84.21121111,Non-Intersection,Dusk,Clear,7:00pm-7:59pm,31,7:00pm-7:59pm,35,8:00pm-8:59pm,5,1,Twilight,Clear,0,3,[],[],0,0,Valid,0.0,0.0,16.0,16.0,['Male'],0,0,3,1,4,Dry,Straight,Level,Lowest,No
25288,39,Ohio,390157,0,2,2,0,2,COLUMBUS,March,13,Monday,19,5,Urban,Medium Speed (Collector),No,39.94468056,-82.87603056,Non-Intersection,Dusk,Clear,7:00pm-7:59pm,2,7:00pm-7:59pm,8,7:00pm-7:59pm,35,1,Twilight,Clear,1,1,['Driver'],['Shoulder_Lapbelt'],0,0,Invalid,2.0,1.0,68.0,36.0,"['Male', 'Female']",0,0,3,4,5,Wet/Standing Water,Straight,Level,Lowest,No
25289,39,Ohio,390158,0,1,1,0,2,COLUMBUS,March,13,Monday,2,7,Urban,Medium Speed (Collector),No,39.9449,-82.83904167,Non-Intersection,Dark - Not Lighted,Clear,2:00am-2:59am,14,2:00am-2:59am,20,2:00am-2:59am,40,2,Dark - Unlighted,Clear,2,0,"['Driver', 'Front_Passenger']","['None_Used', 'None_Used']",1,1,Valid,1.0,0.0,22.0,22.0,['Male'],2,0,2,4,2,Dry,Curve,Level,Lowest,No
25290,39,Ohio,390159,1,1,1,0,1,DUBLIN,January,19,Thursday,8,54,Urban,High Speed (Arterial),No,40.079125,-83.15783056,Non-Intersection,Daylight,Cloudy,8:00am-8:59am,55,8:00am-8:59am,59,9:00am-9:59am,15,1,Daylight,Reduced Visibility,0,1,[],[],0,0,Valid,0.0,0.0,19.0,19.0,['Female'],0,0,2,3,4,Wet/Standing Water,Straight,Level,Lowest,No
25291,39,Ohio,390160,0,1,1,0,2,NOT APPLICABLE,February,27,Monday,21,34,Rural,Medium Speed (Collector),No,39.50884444,-83.37787222,Non-Intersection,Dark - Not Lighted,Severe Crosswinds,9:00pm-9:59pm,36,9:00pm-9:59pm,46,Not Applicable (Not Transported),Not Applicable (Not Transported),1,Dark - Unlighted,Rain/Wind/Minor,1,1,['Driver'],['None_Used'],1,1,Valid,0.0,1.0,26.0,26.0,['Male'],0,0,3,4,3,Dry,Curve,Level,Lowest,No
25292,39,Ohio,390161,0,1,1,0,1,NOT APPLICABLE,March,1,Wednesday,17,12,Rural,Medium Speed (Collector),No,39.11913611,-84.79094444,Non-Intersection,Daylight,Clear,Unknown,Unknown if Notified,Unknown EMS Scene Arrival Hour,Unknown if Arrived,Not Applicable (Not Transported),Not Applicable (Not Transported),1,Daylight,Clear,1,0,['Driver'],['None_Used'],0,0,Valid,1.0,2.0,23.0,23.0,['Male'],0,0,5,3,3,Dry,Straight,Grade/Hillcrest,Lowest,Yes
25293,39,Ohio,390162,0,2,2,0,2,NOT APPLICABLE,March,7,Tuesday,13,8,Rural,Low Speed (Local),No,41.51392222,-84.59360833,Complex/Circle,Daylight,Clear,1:00pm-1:59pm,11,1:00pm-1:59pm,15,1:00pm-1:59pm,53,1,Daylight,Clear,1,1,['Driver'],['None_Used'],0,0,Valid,0.0,0.0,86.0,38.0,"['Male', 'Male']",0,0,4,4,5,Dry,Straight,Grade/Hillcrest,Lowest,No
25294,39,Ohio,390163,0,2,2,0,3,HAMILTON,March,3,Friday,17,25,Urban,High Speed (Arterial),Yes,39.4131,-84.5531,Non-Intersection,Dusk,Rain,5:00pm-5:59pm,28,5:00pm-5:59pm,33,5:00pm-5:59pm,56,1,Twilight,Rain/Wind/Minor,1,2,['Driver'],['Shoulder_Lapbelt'],0,0,Valid,1.0,1.0,54.0,18.0,"['Male', 'Male']",0,0,3,4,5,Wet/Standing Water,Curve,Level,Lowest,No
25295,39,Ohio,390164,0,2,2,0,2,NOT APPLICABLE,March,7,Tuesday,15,59,Urban,Medium Speed (Collector),No,40.97484167,-81.99619722,Non-Intersection,Daylight,Clear,3:00pm-3:59pm,56,4:00pm-4:59pm,8,4:00pm-4:59pm,23,1,Daylight,Clear,1,1,['Driver'],['Shoulder_Lapbelt'],0,0,Valid,1.0,0.0,68.0,41.0,"['Male', 'Male']",0,0,4,4,5,Dry,Straight,Level,Lowest,No
25296,39,Ohio,390165,0,2,2,0,2,NOT APPLICABLE,March,7,Tuesday,11,57,Rural,Medium Speed (Collector),No,39.25838333,-83.55237222,Non-Intersection,Daylight,Cloudy,12:00pm-12:59pm,13,12:00pm-12:59pm,38,Not Applicable (Not Transported),Not Applicable (Not Transported),2,Daylight,Reduced Visibility,2,0,"['Driver', 'Driver']","['Shoulder_Lapbelt', 'Shoulder_Lapbelt']",0,0,Valid,0.0,0.0,74.0,62.0,"['Male', 'Male']",0,0,3,4,5,Dry,Straight,Grade/Hillcrest,Lowest,No
25297,39,Ohio,390166,0,1,1,0,1,NOT APPLICABLE,March,9,Thursday,15,6,Rural,Low Speed (Local),No,39.95825833,-83.29373611,Non-Intersection,Daylight,Clear,3:00pm-3:59pm,7,3:00pm-3:59pm,10,Not Applicable (Not Transported),Not Applicable (Not Transported),1,Daylight,Clear,1,0,['Driver'],['Shoulder_Lapbelt'],0,0,Valid,0.0,0.0,17.0,17.0,['Male'],0,0,3,4,3,Dry,Curve,Level,Lowest,No
25298,39,Ohio,390167,5,2,2,0,2,NOT APPLICABLE,March,3,Friday,19,32,Rural,High Speed (Arterial),Yes,41.3285,-82.64713611,Non-Intersection,Dark - Not Lighted,Rain,7:00pm-7:59pm,34,7:00pm-7:59pm,57,8:00pm-8:59pm,27,1,Dark - Unlighted,Rain/Wind/Minor,0,2,[],[],0,0,Valid,0.0,1.0,27.0,27.0,['Male'],0,0,4,4,5,Wet/Standing Water,Straight,Level,Lowest,No
25299,39,Ohio,390168,0,1,1,0,1,NOT APPLICABLE,March,9,Thursday,15,25,Rural,Low Speed (Local),No,39.46436667,-81.55928889,Non-Intersection,Daylight,Clear,3:00pm-3:59pm,28,3:00pm-3:59pm,40,4:00pm-4:59pm,5,1,Daylight,Clear,1,0,['Driver'],['None_Used'],0,0,Valid,2.0,1.0,23.0,23.0,['Male'],0,0,5,4,3,Dry,Straight,Grade/Hillcrest,Lowest,No
25300,39,Ohio,390169,0,2,2,0,2,NOT APPLICABLE,March,11,Saturday,14,27,Rural,Medium Speed (Collector),No,40.89081944,-82.27098333,Non-Intersection,Daylight,Cloudy,2:00pm-2:59pm,24,2:00pm-2:59pm,29,2:00pm-2:59pm,48,1,Daylight,Reduced Visibility,1,1,['Driver'],['None_Used'],0,0,Valid,1.0,0.0,53.0,21.0,"['Male', 'Male']",0,0,3,4,5,Dry,Straight,Grade/Hillcrest,Lowest,No
25301,39,Ohio,390170,1,1,1,0,1,DAYTON,March,20,Monday,2,15,Urban,High Speed (Arterial),Yes,39.73792222,-84.26824167,Complex/Circle,Dark - Lighted,Cloudy,2:00am-2:59am,20,2:00am-2:59am,27,Not Applicable (Not Transported),Not Applicable (Not Transported),1,Dark - Lighted,Reduced Visibility,0,1,[],[],0,0,Invalid,0.0,0.0,998.0,998.0,['Other'],1,0,2,3,4,Dry,Straight,Level,Lowest,No
25302,39,Ohio,390171,0,1,1,0,1,NOT APPLICABLE,March,19,Sunday,17,17,Urban,Medium Speed (Collector),No,39.50713333,-84.42475,Non-Intersection,Daylight,Clear,5:00pm-5:59pm,23,6:00pm-6:59pm,1,6:00pm-6:59pm,51,1,Daylight,Clear,1,0,['Driver'],['None_Used'],1,1,Valid,0.0,0.0,49.0,49.0,['Male'],0,0,3,4,3,Dry,Straight,Level,Lowest,No
25303,39,Ohio,390172,0,2,1,1,1,UPPER SANDUSKY,March,17,Friday,20,31,Urban,Medium Speed (Collector),No,40.8341,-83.28123889,Non-Intersection,Dark - Lighted,Clear,Unknown,Unknown if Notified,Unknown EMS Scene Arrival Hour,Unknown if Arrived,Not Applicable (Not Transported),Not Applicable (Not Transported),1,Dark - Lighted,Clear,1,0,['Driver'],['None_Used'],0,0,Valid,0.0,0.0,84.0,84.0,['Female'],0,0,3,4,3,Dry,Straight,Level,Lowest,No
25304,39,Ohio,390173,0,1,1,0,1,NORTON,February,18,Saturday,13,21,Urban,Low Speed (Local),No,41.05376667,-81.60788889,Non-Intersection,Reported as Unknown,Clear,1:00pm-1:59pm,34,1:00pm-1:59pm,40,Not Applicable (Not Transported),Not Applicable (Not Transported),1,Dark - Unlighted,Clear,1,0,['Driver'],['Shoulder_Lapbelt'],0,0,Valid,0.0,0.0,75.0,75.0,['Female'],0,0,3,3,3,Dry,Curve,Level,Lowest,No
25305,39,Ohio,390174,1,1,1,0,2,SPRINGFIELD,February,16,Thursday,18,49,Urban,High Speed (Arterial),No,39.92339444,-83.77553333,Non-Intersection,Dark - Lighted,Cloudy,6:00pm-6:59pm,51,6:00pm-6:59pm,58,7:00pm-7:59pm,12,1,Dark - Lighted,Reduced Visibility,0,2,[],[],0,0,Invalid,0.0,0.0,42.0,42.0,['Female'],0,0,2,2,4,Wet/Standing Water,Straight,Level,Lowest,No
25306,39,Ohio,390175,0,2,2,0,2,NOT APPLICABLE,March,9,Thursday,4,50,Urban,High Speed (Arterial),Yes,39.23898889,-84.62411944,Non-Intersection,Dark - Lighted,Clear,4:00am-4:59am,52,4:00am-4:59am,58,Not Applicable (Not Transported),Not Applicable (Not Transported),1,Dark - Lighted,Clear,1,1,['Driver'],['Shoulder_Lapbelt'],0,0,Valid,1.0,0.0,40.0,38.0,"['Male', 'Male']",0,0,4,4,5,Dry,Straight,Level,Lowest,No
25307,39,Ohio,390176,0,1,1,0,1,NOT APPLICABLE,March,13,Monday,6,57,Rural,Medium Speed (Collector),No,38.66151389,-82.27179167,Non-Intersection,Dawn,Clear,6:00am-6:59am,57,7:00am-7:59am,19,Not Applicable (Not Transported),Not Applicable (Not Transported),1,Twilight,Clear,1,0,['Driver'],['Shoulder_Lapbelt'],0,0,Invalid,0.0,0.0,41.0,41.0,['Female'],0,0,3,4,3,Dry,Straight,Grade/Hillcrest,Lowest,No
25308,39,Ohio,390177,1,1,1,0,1,TOLEDO,March,18,Saturday,0,9,Urban,Medium Speed (Collector),No,41.62330833,-83.60191389,Non-Intersection,Dark - Not Lighted,Clear,0:00am-0:59am,10,0:00am-0:59am,22,0:00am-0:59am,29,1,Dark - Unlighted,Clear,0,1,[],[],0,0,Valid,0.0,1.0,24.0,24.0,['Male'],0,0,2,3,4,Dry,Straight,Level,Lowest,No
25309,39,Ohio,390178,0,2,2,0,2,NOT APPLICABLE,March,11,Saturday,5,55,Rural,High Speed (Arterial),Yes,41.3413,-83.37847222,Complex/Circle,Dark - Not Lighted,Clear,6:00am-6:59am,1,6:00am-6:59am,22,7:00am-7:59am,16,1,Dark - Unlighted,Clear,1,1,['Driver'],['Shoulder_Lapbelt'],1,1,Valid,0.0,1.0,61.0,55.0,"['Female', 'Male']",0,0,4,4,5,Dry,Straight,Level,Lowest,No
25310,39,Ohio,390179,0,3,3,0,3,NOT APPLICABLE,March,20,Monday,20,35,Urban,High Speed (Arterial),Yes,39.60986944,-82.94938889,Non-Intersection,Dark - Not Lighted,Clear,8:00pm-8:59pm,39,8:00pm-8:59pm,52,9:00pm-9:59pm,13,1,Dark - Unlighted,Clear,1,2,['Driver'],['Shoulder_Lapbelt'],0,0,Valid,1.0,0.0,69.0,18.0,"['Male', 'Female', 'Male']",0,0,3,4,5,Dry,Straight,Grade/Hillcrest,Lowest,No
25311,39,Ohio,390180,0,2,2,0,2,SHELBY,March,15,Wednesday,18,11,Urban,Medium Speed (Collector),No,40.88046389,-82.64574167,Simple Junction,Daylight,Clear,6:00pm-6:59pm,3,6:00pm-6:59pm,5,Not Applicable (Not Transported),Not Applicable (Not Transported),1,Daylight,Clear,1,1,['Driver'],['None_Used'],0,0,Valid,0.0,1.0,84.0,28.0,"['Female', 'Male']",0,0,5,4,5,Dry,Straight,Grade/Hillcrest,Lowest,No
25312,39,Ohio,390181,2,2,2,0,2,COLUMBUS,February,9,Thursday,0,20,Urban,High Speed (Arterial),Yes,39.93363333,-82.84248889,Non-Intersection,Dark - Lighted,Rain,0:00am-0:59am,18,0:00am-0:59am,26,0:00am-0:59am,42,1,Dark - Lighted,Rain/Wind/Minor,0,2,[],[],0,0,Valid,0.0,0.0,20.0,20.0,['Female'],0,0,3,4,5,Wet/Standing Water,Straight,Level,Lowest,No
25313,39,Ohio,390182,0,1,1,0,1,AMANDA,March,17,Friday,0,52,Rural,Medium Speed (Collector),No,39.64944722,-82.78332778,Non-Intersection,Dark - Not Lighted,Clear,1:00am-1:59am,51,2:00am-2:59am,0,2:00am-2:59am,33,1,Dark - Unlighted,Clear,1,0,['Driver'],['Shoulder_Lapbelt'],1,1,Valid,1.0,2.0,27.0,27.0,['Male'],0,0,3,4,3,Wet/Standing Water,Straight,Level,Lowest,No
25314,39,Ohio,390183,0,1,1,0,1,MIDDLETOWN,March,16,Thursday,19,48,Urban,Medium Speed (Collector),No,39.52119444,-84.38274167,Non-Intersection,Dark - Lighted,Rain,7:00pm-7:59pm,50,7:00pm-7:59pm,54,Not Applicable (Not Transported),Not Applicable (Not Transported),1,Dark - Lighted,Rain/Wind/Minor,1,0,['Driver'],['None_Used'],1,1,Valid,0.0,0.0,53.0,53.0,['Male'],0,0,3,4,3,Wet/Standing Water,Straight,Level,Lowest,No
25315,39,Ohio,390184,0,1,1,0,1,NOT APPLICABLE,March,12,Sunday,22,13,Urban,Medium Speed (Collector),No,41.29473611,-80.84844722,Non-Intersection,Dark - Lighted,Freezing Rain or Drizzle,10:00pm-10:59pm,16,10:00pm-10:59pm,18,Not Applicable (Not Transported),Not Applicable (Not Transported),1,Dark - Lighted,Snow/Ice/Severe,1,0,['Driver'],['Shoulder_Lapbelt'],1,1,Valid,1.0,2.0,42.0,42.0,['Male'],1,0,3,4,3,Wet/Standing Water,Straight,Grade/Hillcrest,Lowest,No
25316,39,Ohio,390185,0,3,3,0,3,NOT APPLICABLE,March,14,Tuesday,12,8,Rural,Medium Speed (Collector),No,41.51388889,-83.16430833,Complex/Circle,Daylight,Cloudy,12:00pm-12:59pm,6,12:00pm-12:59pm,10,12:00pm-12:59pm,52,1,Daylight,Reduced Visibility,1,2,['Driver'],['Shoulder_Lapbelt'],0,0,Valid,2.0,1.0,58.0,16.0,"['Female', 'Male', 'Male']",0,0,4,4,5,Dry,Straight,Level,Lowest,No
25317,39,Ohio,390186,0,3,3,0,3,NOT APPLICABLE,March,15,Wednesday,5,46,Rural,High Speed (Arterial),Yes,40.27976111,-83.542375,Non-Intersection,Dark - Not Lighted,Clear,5:00am-5:59am,49,5:00am-5:59am,59,6:00am-6:59am,20,1,Dark - Unlighted,Clear,1,2,['Driver'],['Shoulder_Lapbelt'],1,1,Valid,1.0,0.0,38.0,21.0,"['Female', 'Male', 'Male']",0,0,3,4,5,Dry,Curve,Level,Lowest,No
25318,39,Ohio,390187,0,3,3,0,3,PICKERINGTON,March,17,Friday,0,11,Urban,High Speed (Arterial),No,39.92582222,-82.78598889,Non-Intersection,Dark - Lighted,Clear,0:00am-0:59am,12,0:00am-0:59am,17,0:00am-0:59am,45,1,Dark - Lighted,Clear,1,2,['Driver'],['None_Used'],1,1,Valid,0.0,0.0,53.0,39.0,"['Male', 'Male', 'Male']",1,0,3,4,5,Dry,Straight,Level,Lowest,No
25319,39,Ohio,390188,0,3,3,0,4,NOT APPLICABLE,March,18,Saturday,11,54,Rural,Medium Speed (Collector),No,40.66391667,-82.15328889,Non-Intersection,Daylight,Cloudy,11:00am-11:59am,41,11:00am-11:59am,45,12:00pm-12:59pm,10,1,Daylight,Reduced Visibility,1,3,['Driver'],['None_Used'],0,0,Valid,0.0,0.0,41.0,24.0,"['Male', 'Male', 'Male']",0,0,5,4,5,Dry,Straight,Grade/Hillcrest,Lowest,No
25320,39,Ohio,390189,0,2,2,0,2,NOT APPLICABLE,March,17,Friday,6,38,Urban,High Speed (Arterial),Yes,41.31954167,-83.01184722,Non-Intersection,Dark - Not Lighted,Rain,6:00am-6:59am,41,6:00am-6:59am,45,Not Applicable (Not Transported),Not Applicable (Not Transported),1,Dark - Unlighted,Rain/Wind/Minor,1,1,['Driver'],['Shoulder_Lapbelt'],0,0,Invalid,1.0,1.0,74.0,56.0,"['Male', 'Male']",0,0,4,4,5,Wet/Standing Water,Straight,Level,Lowest,No
25321,39,Ohio,390190,0,2,2,0,3,NOT APPLICABLE,March,23,Thursday,20,57,Rural,High Speed (Arterial),Yes,40.1799,-81.90415,Complex/Circle,Dark - Not Lighted,Rain,8:00pm-8:59pm,58,9:00pm-9:59pm,8,9:00pm-9:59pm,41,1,Dark - Unlighted,Rain/Wind/Minor,1,2,['Driver'],['Shoulder_Lapbelt'],0,0,Valid,0.0,0.0,81.0,24.0,"['Male', 'Male']",0,0,4,4,5,Wet/Standing Water,Straight,Level,Lowest,No
25322,39,Ohio,390191,0,2,2,0,2,NOT APPLICABLE,January,24,Tuesday,9,19,Urban,Medium Speed (Collector),No,41.31400556,-81.53089444,Non-Intersection,Daylight,Clear,9:00am-9:59am,31,9:00am-9:59am,35,10:00am-10:59am,7,1,Daylight,Clear,1,1,['Driver'],['Shoulder_Lapbelt'],0,0,Valid,1.0,0.0,69.0,64.0,"['Male', 'Male']",0,0,3,4,5,Icy/Snowy,Straight,Level,Medium,No
25323,39,Ohio,390192,0,1,1,0,1,NOT APPLICABLE,March,20,Monday,20,53,Urban,Medium Speed (Collector),No,39.95978333,-83.82816389,Non-Intersection,Dark - Not Lighted,Clear,8:00pm-8:59pm,53,9:00pm-9:59pm,3,Not Applicable (Not Transported),Not Applicable (Not Transported),1,Dark - Unlighted,Clear,1,0,['Driver'],['None_Used'],0,0,Valid,0.0,0.0,69.0,69.0,['Male'],0,0,3,4,3,Dry,Straight,Level,Lowest,No
25324,39,Ohio,390193,1,1,1,0,1,MOUNT VERNON,March,16,Thursday,11,14,Urban,High Speed (Arterial),Yes,40.394175,-82.48888056,Complex/Circle,Daylight,Cloudy,11:00am-11:59am,9,11:00am-11:59am,11,11:00am-11:59am,25,1,Daylight,Reduced Visibility,0,1,[],[],0,0,Valid,2.0,0.0,52.0,52.0,['Male'],0,0,3,1,4,Dry,Straight,Level,Lowest,No
25325,39,Ohio,390194,1,1,1,0,1,NOT APPLICABLE,March,20,Monday,23,12,Rural,High Speed (Arterial),Yes,41.29503611,-82.91937778,Non-Intersection,Dark - Not Lighted,Clear,11:00pm-11:59pm,16,11:00pm-11:59pm,19,Not Applicable (Not Transported),Not Applicable (Not Transported),1,Dark - Unlighted,Clear,0,1,[],[],0,0,Valid,1.0,1.0,31.0,31.0,['Male'],0,0,2,4,4,Dry,Straight,Level,Lowest,No
25326,39,Ohio,390195,1,2,2,0,1,AKRON,March,5,Sunday,9,34,Rural,High Speed (Arterial),Yes,41.03907778,-81.565425,Non-Intersection,Daylight,Clear,9:00am-9:59am,41,9:00am-9:59am,44,10:00am-10:59am,9,1,Daylight,Clear,0,1,[],[],0,0,Valid,0.0,0.0,23.0,23.0,['Male'],0,0,3,4,5,Dry,Straight,Level,Lowest,No
25327,39,Ohio,390196,0,3,3,0,7,NOT APPLICABLE,January,28,Saturday,23,24,Rural,High Speed (Arterial),Yes,39.53861111,-82.96661944,Non-Intersection,Dark - Not Lighted,Clear,11:00pm-11:59pm,29,0:00am-0:59am,1,0:00am-0:59am,31,1,Dark - Unlighted,Clear,1,6,['Driver'],['Shoulder_Lapbelt'],1,1,Valid,1.0,3.0,66.0,20.0,"['Male', 'Female', 'Female']",0,0,3,4,5,Dry,Curve,Grade/Hillcrest,Lowest,No
25328,39,Ohio,390197,0,2,2,0,3,NOT APPLICABLE,March,17,Friday,13,10,Rural,High Speed (Arterial),Yes,40.04998889,-81.33758611,Non-Intersection,Daylight,Rain,1:00pm-1:59pm,12,1:00pm-1:59pm,26,1:00pm-1:59pm,59,1,Daylight,Rain/Wind/Minor,1,2,['Driver'],['Shoulder_Lapbelt'],1,1,Valid,0.0,0.0,47.0,35.0,"['Male', 'Male']",0,0,4,4,5,Wet/Standing Water,Straight,Level,Lowest,No
25329,39,Ohio,390198,0,1,1,0,1,NOT APPLICABLE,March,20,Monday,8,25,Rural,Medium Speed (Collector),No,41.31028889,-81.04651111,Non-Intersection,Daylight,Clear,8:00am-8:59am,23,8:00am-8:59am,31,10:00am-10:59am,0,1,Daylight,Clear,1,0,['Driver'],['None_Used'],0,0,Valid,0.0,0.0,49.0,49.0,['Female'],0,0,3,4,3,Dry,Straight,Grade/Hillcrest,Lowest,No
25330,39,Ohio,390199,0,1,1,0,1,NOT APPLICABLE,March,21,Tuesday,0,25,Rural,Low Speed (Local),No,39.20633889,-81.79938056,Non-Intersection,Dark - Not Lighted,Clear,0:00am-0:59am,17,0:00am-0:59am,32,Not Applicable (Not Transported),Not Applicable (Not Transported),1,Dark - Unlighted,Clear,1,0,['Driver'],['Shoulder_Lapbelt'],1,1,Valid,1.0,0.0,27.0,27.0,['Male'],1,0,2,4,3,Dry,Curve,Grade/Hillcrest,Lowest,No
25331,39,Ohio,390200,0,2,2,0,8,NOT APPLICABLE,March,25,Saturday,12,31,Urban,Medium Speed (Collector),No,39.44460833,-84.38821389,Complex/Circle,Daylight,Cloudy,12:00pm-12:59pm,21,12:00pm-12:59pm,24,12:00pm-12:59pm,48,2,Daylight,Reduced Visibility,2,6,"['Driver', 'Front_Passenger']","['Shoulder_Lapbelt', 'Shoulder_Lapbelt']",0,0,Valid,0.0,2.0,38.0,30.0,"['Female', 'Male']",0,0,3,4,5,Dry,Straight,Level,Lowest,No
25332,39,Ohio,390201,0,1,1,0,1,NOT APPLICABLE,March,28,Tuesday,16,23,Rural,Low Speed (Local),No,40.83145833,-81.74273333,Non-Intersection,Daylight,Cloudy,4:00pm-4:59pm,20,4:00pm-4:59pm,27,4:00pm-4:59pm,40,1,Daylight,Reduced Visibility,1,0,['Driver'],['None_Used'],1,1,Valid,0.0,0.0,71.0,71.0,['Male'],0,0,2,4,3,Dry,Curve,Level,Lowest,No
25333,39,Ohio,390202,0,1,1,0,1,NOT APPLICABLE,March,31,Friday,0,27,Rural,Medium Speed (Collector),No,40.89240556,-83.6803,Non-Intersection,Dark - Not Lighted,Clear,0:00am-0:59am,28,0:00am-0:59am,49,Not Applicable (Not Transported),Not Applicable (Not Transported),1,Dark - Unlighted,Clear,1,0,['Driver'],['Shoulder_Lapbelt'],1,1,Valid,2.0,5.0,69.0,69.0,['Male'],0,0,3,4,3,Dry,Straight,Level,Lowest,No
25334,39,Ohio,390203,0,2,2,0,3,SPRINGBORO,March,10,Friday,17,57,Urban,High Speed (Arterial),Yes,39.56203333,-84.2554,Complex/Circle,Daylight,Cloudy,6:00pm-6:59pm,5,6:00pm-6:59pm,12,6:00pm-6:59pm,21,1,Daylight,Reduced Visibility,1,2,['Driver'],['None_Used'],0,0,Valid,1.0,0.0,77.0,55.0,"['Male', 'Male']",0,0,3,4,5,Dry,Straight,Level,Lowest,No