,State_Code,State_Name,Crash_ID,Count_Non_Motorists,Count_Vehicles_Total,Count_Vehicle_Forms,Count_PVH_Involved,Count_Occupants_MV,City_Name,Month_Name,Day_of_Month,Day_of_Week,Crash_Hour,Crash_Minute,Area_Rural_Urban,Road_Functional_Class,On_NHS_Road,Latitude,Longitude,Intersection_Type,Light_Condition,Weather_Condition,Notif_Hour,Notif_Minute,Arrival_Hour,Arrival_Minute,Hospital_Hour,Hospital_Minute,Fatalities_Count,Clean_Light_Condition,Clean_Weather_Condition,Total_Killed,Total_Alive,Fatal_Seats_List,Killed_Restraint_List,Any_Driver_Drinking,Total_Drinking_Drivers,Driver_License_Category,Driver_Max_Prev_Accident_Count,Driver_Max_Prev_Speeding_Count,Max_Driver_Age,Min_Driver_Age,Driver_Sex_List,Total_Exceeding_Limit_Vehicles,Total_Too_Fast_Vehicles,Max_Vehicle_Type_Severity_5,Max_Vehicle_Damage_Rank,Max_Harmful_Event_Severity,Crash_Road_Surface_Condition,Crash_Horizontal_Alignment,Crash_Vertical_Profile,Crash_Impairment_Category,Crash_Vehicle_Defect
25335,39,Ohio,390204,0,1,1,0,1,NOT APPLICABLE,March,25,Saturday,15,58,Rural,Low Speed (Local),No,41.52526389,-83.90218056,Non-Intersection,Daylight,Cloudy,3:00pm-3:59pm,55,4:00pm-4:59pm,2,Not Applicable (Not Transported),Not Applicable (Not Transported),1,Daylight,Reduced Visibility,1,0,['Driver'],['None_Used'],1,1,Valid,0.0,0.0,59.0,59.0,['Male'],0,0,3,4,3,Wet/Standing Water,Straight,Level,Lowest,No
25336,39,Ohio,390205,0,3,3,0,4,NOT APPLICABLE,March,31,Friday,12,55,Urban,High Speed (Arterial),No,39.33876667,-84.46181667,Simple Junction,Daylight,Rain,1:00pm-1:59pm,5,1:00pm-1:59pm,15,1:00pm-1:59pm,41,1,Daylight,Rain/Wind/Minor,1,3,['Driver'],['Shoulder_Lapbelt'],0,0,Valid,5.0,1.0,72.0,27.0,"['Male', 'Female', 'Male']",0,0,2,4,5,Wet/Standing Water,Straight,Level,Lowest,No
25337,39,Ohio,390206,0,1,1,0,1,NOT APPLICABLE,January,25,Wednesday,18,16,Rural,Low Speed (Local),No,39.34319722,-82.86833056,Non-Intersection,Dark - Not Lighted,Rain,6:00pm-6:59pm,21,6:00pm-6:59pm,34,7:00pm-7:59pm,10,1,Dark - Unlighted,Rain/Wind/Minor,1,0,['Driver'],['Shoulder_Lapbelt'],0,0,Valid,0.0,1.0,48.0,48.0,['Male'],0,0,2,4,1,Wet/Standing Water,Straight,Level,Lowest,No
25338,39,Ohio,390207,1,2,2,0,4,AKRON,March,28,Tuesday,20,57,Urban,Medium Speed (Collector),No,41.06225278,-81.54668889,Non-Intersection,Dark - Lighted,Cloudy,9:00pm-9:59pm,0,9:00pm-9:59pm,8,9:00pm-9:59pm,20,1,Dark - Lighted,Reduced Visibility,0,4,[],[],0,0,Valid,3.0,1.0,46.0,19.0,"['Female', 'Female']",0,0,3,4,5,Dry,Straight,Level,Lowest,No
25339,39,Ohio,390208,0,1,1,0,1,NOT APPLICABLE,March,27,Monday,9,57,Urban,High Speed (Arterial),Yes,40.69181944,-84.11796111,Non-Intersection,Daylight,Cloudy,9:00am-9:59am,58,10:00am-10:59am,6,Not Applicable (Not Transported),Not Applicable (Not Transported),1,Daylight,Reduced Visibility,1,0,['Driver'],['Shoulder_Lapbelt'],0,0,Valid,2.0,1.0,22.0,22.0,['Male'],1,0,2,4,3,Wet/Standing Water,Straight,Level,Lowest,No
25340,39,Ohio,390209,0,1,1,0,1,NOT APPLICABLE,March,31,Friday,7,1,Rural,Medium Speed (Collector),No,41.81534722,-80.75791944,Non-Intersection,Dawn,Cloudy,7:00am-7:59am,8,7:00am-7:59am,17,Not Applicable (Not Transported),Not Applicable (Not Transported),1,Twilight,Reduced Visibility,1,0,['Driver'],['None_Used'],0,0,Invalid,1.0,1.0,36.0,36.0,['Male'],0,0,3,4,3,Dry,Straight,Level,Lowest,No
25341,39,Ohio,390210,0,2,2,0,2,NOT APPLICABLE,April,3,Monday,20,22,Urban,Medium Speed (Collector),No,39.34908056,-84.39548889,Complex/Circle,Daylight,Clear,8:00pm-8:59pm,22,8:00pm-8:59pm,26,8:00pm-8:59pm,47,1,Daylight,Clear,1,1,['Driver'],['None_Used'],0,0,Valid,1.0,0.0,62.0,18.0,"['Male', 'Female']",0,0,5,4,5,Dry,Straight,Level,Lowest,No
25342,39,Ohio,390211,0,2,2,0,3,CLEVELAND,March,1,Wednesday,14,0,Urban,High Speed (Arterial),Yes,41.47391389,-81.70664722,Non-Intersection,Daylight,Clear,2:00pm-2:59pm,5,2:00pm-2:59pm,19,2:00pm-2:59pm,34,1,Daylight,Clear,1,2,['Driver'],['None_Used'],0,0,Valid,0.0,2.0,58.0,22.0,"['Male', 'Female']",1,0,3,4,5,Dry,Straight,Level,Lowest,No
25343,39,Ohio,390212,1,1,1,0,1,COLUMBUS,January,3,Tuesday,3,50,Urban,Medium Speed (Collector),No,39.96341111,-83.00268056,Non-Intersection,Dark - Lighted,Rain,3:00am-3:59am,51,3:00am-3:59am,57,4:00am-4:59am,7,1,Dark - Lighted,Rain/Wind/Minor,0,0,[],[],0,0,Invalid,0.0,0.0,998.0,998.0,['Other'],0,0,1,0,4,Wet/Standing Water,Straight,Level,Lowest,No
25344,39,Ohio,390213,0,1,1,0,1,NOT APPLICABLE,March,28,Tuesday,20,53,Rural,Medium Speed (Collector),No,41.13933333,-82.21828333,Non-Intersection,Dark - Not Lighted,Clear,8:00pm-8:59pm,54,8:00pm-8:59pm,59,Not Applicable (Not Transported),Not Applicable (Not Transported),1,Dark - Unlighted,Clear,1,0,['Driver'],['None_Used'],1,1,Valid,0.0,0.0,56.0,56.0,['Male'],1,0,2,4,3,Dry,Curve,Level,Lowest,No
25345,39,Ohio,390214,0,1,1,0,1,NOT APPLICABLE,March,31,Friday,17,0,Rural,Low Speed (Local),No,40.69632222,-81.89592222,Non-Intersection,Daylight,Rain,4:00pm-4:59pm,58,5:00pm-5:59pm,4,Not Applicable (Not Transported),Not Applicable (Not Transported),1,Daylight,Rain/Wind/Minor,1,0,['Driver'],['Shoulder_Lapbelt'],0,0,Valid,0.0,0.0,16.0,16.0,['Male'],0,0,3,4,3,Wet/Standing Water,Straight,Level,Lowest,No
25346,39,Ohio,390215,1,2,2,0,3,COLUMBUS,March,29,Wednesday,20,41,Urban,High Speed (Arterial),Yes,39.89626944,-82.99481111,Non-Intersection,Dark - Lighted,Clear,8:00pm-8:59pm,44,8:00pm-8:59pm,47,Not Applicable (Not Transported),Not Applicable (Not Transported),1,Dark - Lighted,Clear,0,2,[],[],0,0,Valid,0.0,0.0,998.0,69.0,"['Male', 'Other']",0,0,3,3,4,Dry,Straight,Level,Lowest,No
25347,39,Ohio,390216,0,1,1,0,1,COLUMBUS,April,9,Sunday,2,20,Urban,Medium Speed (Collector),No,39.947,-83.01716944,Non-Intersection,Dark - Lighted,Clear,2:00am-2:59am,22,2:00am-2:59am,26,Not Applicable (Not Transported),Not Applicable (Not Transported),1,Dark - Lighted,Clear,1,0,['Driver'],['None_Used'],0,0,Valid,1.0,0.0,43.0,43.0,['Female'],0,0,2,4,3,Dry,Straight,Level,Lowest,No
25348,39,Ohio,390218,0,2,2,0,3,NOT APPLICABLE,April,2,Sunday,10,58,Urban,High Speed (Arterial),Yes,39.29864722,-84.3091,Non-Intersection,Daylight,Clear,11:00am-11:59am,2,11:00am-11:59am,10,11:00am-11:59am,36,1,Daylight,Clear,1,2,['Driver'],['Shoulder_Lapbelt'],1,1,Valid,0.0,0.0,76.0,25.0,"['Male', 'Female']",1,0,3,4,5,Dry,Straight,Level,Lowest,No
25349,39,Ohio,390219,0,1,1,0,1,NOT APPLICABLE,April,1,Saturday,0,3,Rural,Medium Speed (Collector),No,40.36397222,-83.18679722,Non-Intersection,Dark - Not Lighted,Cloudy,0:00am-0:59am,4,0:00am-0:59am,11,Not Applicable (Not Transported),Not Applicable (Not Transported),1,Dark - Unlighted,Reduced Visibility,1,0,['Driver'],['Shoulder_Lapbelt'],0,0,Valid,0.0,0.0,19.0,19.0,['Male'],0,0,2,4,3,Wet/Standing Water,Straight,Level,Lowest,No
25350,39,Ohio,390220,0,1,1,0,1,GARFIELD HTS,March,31,Friday,3,11,Urban,Medium Speed (Collector),No,41.41706111,-81.60729444,Non-Intersection,Dark - Lighted,Cloudy,3:00am-3:59am,13,3:00am-3:59am,19,Not Applicable (Not Transported),Not Applicable (Not Transported),1,Dark - Lighted,Reduced Visibility,1,0,['Driver'],['None_Used'],0,0,Invalid,0.0,0.0,19.0,19.0,['Male'],1,0,2,4,3,Dry,Straight,Grade/Hillcrest,Lowest,No
25351,39,Ohio,390221,1,1,1,0,1,NOT APPLICABLE,March,20,Monday,20,3,Urban,Medium Speed (Collector),No,39.88984167,-81.99595278,Non-Intersection,Dark - Not Lighted,Clear,8:00pm-8:59pm,9,8:00pm-8:59pm,32,9:00pm-9:59pm,10,1,Dark - Unlighted,Clear,0,1,[],[],0,0,Valid,1.0,0.0,43.0,43.0,['Female'],0,0,3,3,4,Dry,Straight,Level,Lowest,No
25352,39,Ohio,390222,0,1,1,0,1,NOT APPLICABLE,April,4,Tuesday,14,31,Urban,Medium Speed (Collector),No,40.72236944,-84.20026111,Non-Intersection,Daylight,Clear,2:00pm-2:59pm,31,2:00pm-2:59pm,38,2:00pm-2:59pm,58,1,Daylight,Clear,1,0,['Driver'],['Shoulder_Lapbelt'],0,0,Valid,0.0,0.0,75.0,75.0,['Female'],0,0,2,4,3,Dry,Curve,Grade/Hillcrest,Lowest,No
25353,39,Ohio,390223,0,1,1,0,1,GROVE CITY,April,7,Friday,7,6,Urban,Medium Speed (Collector),No,39.82470278,-83.17121667,Non-Intersection,Daylight,Cloudy,7:00am-7:59am,9,7:00am-7:59am,18,Not Applicable (Not Transported),Not Applicable (Not Transported),1,Daylight,Reduced Visibility,1,0,['Driver'],['Shoulder_Only'],1,1,Valid,0.0,0.0,58.0,58.0,['Male'],0,0,3,4,4,Dry,Curve,Level,Lowest,No
25354,39,Ohio,390224,0,2,2,0,3,NOT APPLICABLE,March,29,Wednesday,15,54,Urban,Medium Speed (Collector),No,41.57337222,-83.45409444,Complex/Circle,Daylight,Cloudy,3:00pm-3:59pm,54,3:00pm-3:59pm,57,4:00pm-4:59pm,25,1,Daylight,Reduced Visibility,1,2,['Front_Passenger'],['Shoulder_Lapbelt'],0,0,Valid,0.0,0.0,76.0,16.0,"['Male', 'Male']",0,0,3,4,5,Dry,Straight,Level,Lowest,No
25355,39,Ohio,390226,0,2,2,0,2,FAIRFIELD,February,16,Thursday,9,25,Rural,Medium Speed (Collector),No,39.34373889,-84.49162222,Complex/Circle,Daylight,Cloudy,9:00am-9:59am,40,9:00am-9:59am,50,10:00am-10:59am,50,1,Daylight,Reduced Visibility,1,1,['Driver'],['None_Used'],0,0,Valid,1.0,1.0,65.0,48.0,"['Female', 'Male']",0,0,4,4,5,Wet/Standing Water,Straight,Level,Lowest,No
25356,39,Ohio,390227,1,1,1,0,1,COLUMBUS,March,20,Monday,23,8,Urban,Medium Speed (Collector),No,40.09001111,-82.9926,Non-Intersection,Dark - Lighted,Clear,11:00pm-11:59pm,10,11:00pm-11:59pm,16,11:00pm-11:59pm,35,1,Dark - Lighted,Clear,0,1,[],[],0,0,Invalid,0.0,0.0,998.0,998.0,['Other'],0,0,1,0,4,Dry,Straight,Level,Lowest,No
25357,39,Ohio,390228,0,2,2,0,5,NOT APPLICABLE,March,31,Friday,10,58,Rural,High Speed (Arterial),Yes,40.10534167,-81.37065556,Non-Intersection,Daylight,Rain,11:00am-11:59am,4,11:00am-11:59am,12,11:00am-11:59am,46,1,Daylight,Rain/Wind/Minor,1,4,['Rear_Seat'],['Shoulder_Lapbelt'],0,0,Valid,0.0,0.0,67.0,24.0,"['Female', 'Male']",0,0,3,4,5,Wet/Standing Water,Curve,Grade/Hillcrest,Lowest,Yes
25358,39,Ohio,390229,0,2,2,0,4,NOT APPLICABLE,April,3,Monday,16,53,Rural,High Speed (Arterial),Yes,39.01583056,-82.84645,Complex/Circle,Daylight,Clear,4:00pm-4:59pm,54,5:00pm-5:59pm,6,Not Applicable (Not Transported),Not Applicable (Not Transported),3,Daylight,Clear,3,1,"['Driver', 'Front_Passenger', 'Rear_Seat']","['Shoulder_Lapbelt', 'Shoulder_Lapbelt', 'None_Used']",0,0,Valid,2.0,1.0,74.0,34.0,"['Male', 'Male']",0,0,4,4,5,Dry,Straight,Level,Lowest,No
25359,39,Ohio,390230,0,1,1,0,1,COLUMBUS,April,11,Tuesday,23,10,Urban,Low Speed (Local),No,39.9315,-82.94723889,Simple Junction,Dark - Lighted,Clear,11:00pm-11:59pm,11,11:00pm-11:59pm,16,11:00pm-11:59pm,34,1,Dark - Lighted,Clear,1,0,['Driver'],['None_Used'],0,0,Valid,1.0,3.0,20.0,20.0,['Male'],1,0,2,4,3,Dry,Straight,Level,Lowest,Yes
25360,39,Ohio,390231,0,1,1,0,1,NOT APPLICABLE,April,11,Tuesday,8,13,Rural,Medium Speed (Collector),No,40.10065833,-81.8842,Non-Intersection,Daylight,Clear,8:00am-8:59am,17,8:00am-8:59am,28,9:00am-9:59am,3,1,Daylight,Clear,1,0,['Driver'],['Shoulder_Lapbelt'],0,0,Valid,0.0,0.0,72.0,72.0,['Female'],0,0,3,4,3,Dry,Straight,Grade/Hillcrest,Lowest,No
25361,39,Ohio,390232,0,1,1,0,2,NOT APPLICABLE,February,5,Sunday,17,53,Rural,Low Speed (Local),No,39.85775,-84.71604167,Non-Intersection,Daylight,Clear,6:00pm-6:59pm,2,6:00pm-6:59pm,19,6:00pm-6:59pm,59,1,Daylight,Clear,1,1,['Driver'],['None_Used'],0,0,Valid,0.0,0.0,41.0,41.0,['Male'],0,0,5,4,3,Dry,Straight,Level,Lowest,No
25362,39,Ohio,390233,0,2,2,0,2,AKRON,March,12,Sunday,19,29,Urban,Medium Speed (Collector),No,41.04138889,-81.49124444,Complex/Circle,Dark - Lighted,Cloudy,7:00pm-7:59pm,30,7:00pm-7:59pm,35,7:00pm-7:59pm,54,1,Dark - Lighted,Reduced Visibility,1,1,['Driver'],['None_Used'],1,1,Valid,1.0,0.0,41.0,28.0,"['Male', 'Male']",0,0,3,4,5,Wet/Standing Water,Straight,Level,Lowest,No
25363,39,Ohio,390234,0,2,2,0,3,NOT APPLICABLE,March,22,Wednesday,14,31,Rural,Medium Speed (Collector),No,40.416275,-84.27904167,Non-Intersection,Daylight,Cloudy,2:00pm-2:59pm,35,2:00pm-2:59pm,47,3:00pm-3:59pm,13,2,Daylight,Reduced Visibility,2,1,"['Driver', 'Front_Passenger']","['Shoulder_Lapbelt', 'None_Used']",0,0,Valid,1.0,0.0,70.0,66.0,"['Male', 'Male']",0,0,3,4,5,Dry,Straight,Level,Lowest,No
25364,39,Ohio,390235,0,1,1,0,1,NOT APPLICABLE,April,5,Wednesday,11,30,Rural,Medium Speed (Collector),No,39.68747778,-83.27071111,Non-Intersection,Daylight,Cloudy,11:00am-11:59am,31,11:00am-11:59am,44,Not Applicable (Not Transported),Not Applicable (Not Transported),1,Daylight,Reduced Visibility,1,0,['Driver'],['None_Used'],1,1,Invalid,0.0,1.0,58.0,58.0,['Male'],1,0,3,4,3,Dry,Straight,Grade/Hillcrest,Lowest,No
25365,39,Ohio,390236,0,1,1,0,4,NOT APPLICABLE,April,6,Thursday,12,8,Rural,Medium Speed (Collector),No,39.85017222,-81.51958889,Non-Intersection,Daylight,Cloudy,11:00am-11:59am,55,12:00pm-12:59pm,27,1:00pm-1:59pm,7,1,Daylight,Reduced Visibility,1,3,['Driver'],['None_Used'],0,0,Invalid,0.0,0.0,35.0,35.0,['Female'],4,0,3,4,3,Wet/Standing Water,Curve,Level,Lowest,No
25366,39,Ohio,390237,0,2,2,0,3,NOT APPLICABLE,April,9,Sunday,18,23,Rural,Medium Speed (Collector),No,40.81919444,-83.09302222,Complex/Circle,Daylight,Clear,6:00pm-6:59pm,27,6:00pm-6:59pm,36,7:00pm-7:59pm,10,1,Daylight,Clear,1,2,['Driver'],['Shoulder_Lapbelt'],0,0,Valid,1.0,1.0,71.0,50.0,"['Male', 'Female']",0,0,3,4,5,Dry,Straight,Level,Lowest,No
25367,39,Ohio,390238,0,1,1,0,1,MARION,April,8,Saturday,0,38,Urban,Low Speed (Local),No,40.60590556,-83.14333611,Non-Intersection,Dark - Lighted,Clear,0:00am-0:59am,39,0:00am-0:59am,47,1:00am-1:59am,8,1,Dark - Lighted,Clear,1,0,['Driver'],['None_Used'],1,1,Invalid,0.0,0.0,31.0,31.0,['Male'],1,0,2,4,3,Dry,Curve,Level,Lowest,No
25368,39,Ohio,390239,0,3,2,1,3,NOT APPLICABLE,April,8,Saturday,10,44,Rural,Medium Speed (Collector),No,39.35668889,-83.63868889,Non-Intersection,Daylight,Cloudy,10:00am-10:59am,50,11:00am-11:59am,19,12:00pm-12:59pm,3,1,Daylight,Reduced Visibility,1,2,['Driver'],['Shoulder_Lapbelt'],0,0,Valid,1.0,0.0,72.0,26.0,"['Male', 'Male']",0,0,3,4,5,Dry,Straight,Grade/Hillcrest,Lowest,No
25369,39,Ohio,390240,0,2,2,0,2,NOT APPLICABLE,April,10,Monday,21,1,Rural,Medium Speed (Collector),No,41.00235556,-83.4778,Complex/Circle,Dark - Not Lighted,Clear,9:00pm-9:59pm,5,9:00pm-9:59pm,15,9:00pm-9:59pm,44,1,Dark - Unlighted,Clear,1,1,['Driver'],['Shoulder_Lapbelt'],1,1,Invalid,0.0,1.0,64.0,33.0,"['Male', 'Male']",0,0,3,4,5,Dry,Straight,Level,Lowest,No
25370,39,Ohio,390241,0,2,2,0,5,NOT APPLICABLE,April,10,Monday,16,8,Rural,Medium Speed (Collector),No,40.55285,-81.22102222,Non-Intersection,Daylight,Clear,4:00pm-4:59pm,11,4:00pm-4:59pm,17,Unknown,Unknown EMS Hospital Arrival Time,3,Daylight,Clear,3,2,"['Driver', 'Rear_Seat', 'Rear_Seat']","['Shoulder_Lapbelt', 'None_Used', 'None_Used']",0,0,Valid,0.0,0.0,60.0,54.0,"['Male', 'Male']",0,0,4,4,5,Dry,Straight,Level,Lowest,Yes
25371,39,Ohio,390242,0,1,1,0,1,NOT APPLICABLE,April,10,Monday,13,33,Urban,High Speed (Arterial),Yes,39.08851111,-84.22419167,Non-Intersection,Daylight,Clear,1:00pm-1:59pm,39,1:00pm-1:59pm,42,Not Applicable (Not Transported),Not Applicable (Not Transported),1,Daylight,Clear,1,0,['Driver'],['None_Used'],0,0,Valid,0.0,1.0,18.0,18.0,['Male'],1,0,5,4,3,Dry,Straight,Level,Lowest,No
25372,39,Ohio,390244,0,3,3,0,3,NOT APPLICABLE,April,11,Tuesday,17,29,Rural,Medium Speed (Collector),No,40.01393333,-82.52324722,Non-Intersection,Daylight,Clear,5:00pm-5:59pm,31,5:00pm-5:59pm,36,6:00pm-6:59pm,12,2,Daylight,Clear,2,1,"['Driver', 'Driver']","['Shoulder_Lapbelt', 'None_Used']",0,0,Valid,2.0,2.0,40.0,21.0,"['Male', 'Male', 'Male']",0,0,3,4,5,Dry,Straight,Grade/Hillcrest,Lowest,No
25373,39,Ohio,390245,0,2,2,0,2,WEST CARROLLTON,April,11,Tuesday,12,52,Urban,High Speed (Arterial),Yes,39.68351111,-84.22596944,Simple Junction,Daylight,Clear,12:00pm-12:59pm,57,1:00pm-1:59pm,2,1:00pm-1:59pm,26,1,Daylight,Clear,1,1,['Driver'],['Shoulder_Lapbelt'],0,0,Valid,0.0,1.0,44.0,29.0,"['Male', 'Male']",1,0,3,4,5,Dry,Straight,Grade/Hillcrest,Lowest,No
25374,39,Ohio,390246,0,2,2,0,3,NOT APPLICABLE,April,7,Friday,10,13,Urban,Medium Speed (Collector),No,39.96703056,-83.09266389,Non-Intersection,Daylight,Clear,10:00am-10:59am,21,10:00am-10:59am,27,10:00am-10:59am,36,1,Daylight,Clear,1,2,['Front_Passenger'],['Child_Safety'],0,0,Invalid,0.0,1.0,30.0,29.0,"['Male', 'Male']",0,0,2,4,5,Dry,Straight,Level,Lowest,No
25375,39,Ohio,390247,0,1,1,0,1,NOT APPLICABLE,April,14,Friday,11,56,Rural,Medium Speed (Collector),No,39.318625,-83.40559722,Non-Intersection,Daylight,Cloudy,11:00am-11:59am,57,12:00pm-12:59pm,1,12:00pm-12:59pm,13,1,Daylight,Reduced Visibility,1,0,['Driver'],['Shoulder_Lapbelt'],0,0,Valid,0.0,0.0,75.0,75.0,['Male'],1,0,3,4,3,Dry,Curve,Level,Lowest,No
25376,39,Ohio,390248,0,2,2,0,2,NOT APPLICABLE,April,14,Friday,13,31,Rural,Low Speed (Local),No,41.36140556,-82.76965278,Simple Junction,Daylight,Clear,Unknown,Unknown if Notified,Unknown EMS Scene Arrival Hour,Unknown if Arrived,Not Applicable (Not Transported),Not Applicable (Not Transported),1,Daylight,Clear,1,1,['Driver'],['Lapbelt_Only'],1,1,Valid,0.0,3.0,68.0,31.0,"['Male', 'Male']",0,0,3,4,5,Dry,Straight,Level,Lowest,No
25377,39,Ohio,390249,0,2,2,0,2,TOLEDO,April,15,Saturday,13,36,Urban,Medium Speed (Collector),No,41.69870833,-83.47930556,Non-Intersection,Daylight,Clear,1:00pm-1:59pm,38,1:00pm-1:59pm,45,2:00pm-2:59pm,7,1,Daylight,Clear,1,1,['Driver'],['None_Used'],0,0,Invalid,0.0,0.0,59.0,57.0,"['Male', 'Male']",0,0,5,4,5,Dry,Straight,Level,Lowest,No
25378,39,Ohio,390250,0,1,1,0,1,CINCINNATI,March,26,Sunday,12,55,Urban,Medium Speed (Collector),No,39.12769167,-84.55399444,Non-Intersection,Daylight,Clear,1:00pm-1:59pm,1,1:00pm-1:59pm,3,1:00pm-1:59pm,21,1,Daylight,Clear,1,0,['Driver'],['None_Used'],0,0,Invalid,3.0,0.0,43.0,43.0,['Male'],0,0,5,2,2,Dry,Straight,Grade/Hillcrest,Lowest,No
25379,39,Ohio,390251,0,2,2,0,2,NOT APPLICABLE,April,13,Thursday,13,37,Urban,Medium Speed (Collector),No,41.105125,-82.70214722,Non-Intersection,Daylight,Clear,1:00pm-1:59pm,41,1:00pm-1:59pm,54,Not Applicable (Not Transported),Not Applicable (Not Transported),1,Daylight,Clear,1,1,['Driver'],['Shoulder_Lapbelt'],0,0,Valid,2.0,1.0,62.0,24.0,"['Male', 'Male']",0,0,4,4,5,Dry,Straight,Level,Lowest,No
25380,39,Ohio,390252,0,2,2,0,4,NOT APPLICABLE,April,8,Saturday,17,14,Urban,Medium Speed (Collector),No,40.85483056,-81.55789444,Non-Intersection,Daylight,Clear,5:00pm-5:59pm,21,5:00pm-5:59pm,28,5:00pm-5:59pm,51,1,Daylight,Clear,1,3,['Driver'],['None_Used'],0,0,Valid,2.0,2.0,37.0,35.0,"['Male', 'Male']",0,0,5,4,5,Dry,Straight,Level,Lowest,No
25381,39,Ohio,390253,0,3,3,0,5,COLUMBUS,April,13,Thursday,21,33,Urban,High Speed (Arterial),Yes,39.97884167,-82.97208056,Non-Intersection,Dark - Not Lighted,Clear,9:00pm-9:59pm,27,9:00pm-9:59pm,42,10:00pm-10:59pm,4,1,Dark - Unlighted,Clear,1,4,['Driver'],['Shoulder_Lapbelt'],0,0,Valid,0.0,1.0,61.0,30.0,"['Male', 'Male', 'Male']",1,0,3,4,5,Dry,Straight,Level,Lowest,Yes
25382,39,Ohio,390254,0,1,1,0,1,CLEVELAND,March,5,Sunday,9,29,Urban,Low Speed (Local),No,41.47566111,-81.71124444,Simple Junction,Daylight,Cloudy,9:00am-9:59am,28,9:00am-9:59am,34,Not Applicable (Not Transported),Not Applicable (Not Transported),1,Daylight,Reduced Visibility,1,0,['Driver'],['None_Used'],1,1,Invalid,0.0,0.0,27.0,27.0,['Male'],1,0,3,4,3,Dry,Straight,Level,Lowest,No
25383,39,Ohio,390255,0,3,3,0,4,NOT APPLICABLE,April,14,Friday,10,32,Rural,High Speed (Arterial),Yes,41.4417,-84.6598,Non-Intersection,Daylight,Clear,11:00am-11:59am,0,11:00am-11:59am,12,11:00am-11:59am,39,1,Daylight,Clear,1,3,['Driver'],['Shoulder_Lapbelt'],0,0,Valid,0.0,0.0,54.0,42.0,"['Male', 'Male', 'Male']",0,0,4,4,5,Dry,Straight,Level,Lowest,No
25384,39,Ohio,390256,0,1,1,0,1,NOT APPLICABLE,April,15,Saturday,7,0,Rural,Medium Speed (Collector),No,39.98492222,-81.39404167,Non-Intersection,Dawn,Cloudy,7:00am-7:59am,4,7:00am-7:59am,19,7:00am-7:59am,46,1,Twilight,Reduced Visibility,1,0,['Driver'],['Shoulder_Lapbelt'],0,0,Valid,4.0,0.0,26.0,26.0,['Male'],0,0,3,0,3,Dry,Straight,Level,Lowest,No
25385,39,Ohio,390257,0,2,2,0,2,NOT APPLICABLE,April,16,Sunday,14,38,Urban,Medium Speed (Collector),No,41.099575,-80.7847,Non-Intersection,Daylight,Clear,2:00pm-2:59pm,34,2:00pm-2:59pm,38,3:00pm-3:59pm,2,1,Daylight,Clear,1,1,['Driver'],['None_Used'],0,0,Valid,1.0,1.0,88.0,35.0,"['Male', 'Male']",0,0,5,4,5,Dry,Straight,Level,Lowest,No
25386,39,Ohio,390258,0,2,2,0,4,NOT APPLICABLE,April,17,Monday,13,1,Rural,Low Speed (Local),No,40.13678056,-84.49798333,Complex/Circle,Daylight,Rain,2:00pm-2:59pm,8,2:00pm-2:59pm,17,2:00pm-2:59pm,46,2,Daylight,Rain/Wind/Minor,2,2,"['Driver', 'Front_Passenger']","['Shoulder_Lapbelt', 'Shoulder_Lapbelt']",0,0,Valid,0.0,1.0,69.0,62.0,"['Male', 'Female']",0,0,3,4,5,Wet/Standing Water,Straight,Level,Lowest,No
25387,39,Ohio,390259,0,2,2,0,2,NORTH COLLEGE HILL,March,31,Friday,0,5,Urban,High Speed (Arterial),No,39.22204167,-84.54912222,Non-Intersection,Dark - Lighted,Cloudy,0:00am-0:59am,6,0:00am-0:59am,11,Not Applicable (Not Transported),Not Applicable (Not Transported),2,Dark - Lighted,Reduced Visibility,2,0,"['Driver', 'Driver']","['None_Used', 'None_Used']",0,0,Valid,0.0,0.0,50.0,31.0,"['Male', 'Male']",1,0,3,4,5,Dry,Straight,Level,Lowest,No
25388,39,Ohio,390260,0,1,1,0,2,GREENHILLS,April,3,Monday,10,53,Urban,Medium Speed (Collector),No,39.26081667,-84.52051389,Non-Intersection,Daylight,Cloudy,10:00am-10:59am,57,11:00am-11:59am,1,Not Applicable (Not Transported),Not Applicable (Not Transported),2,Daylight,Reduced Visibility,2,0,"['Driver', 'Rear_Seat']","['None_Used', 'None_Used']",0,0,Valid,1.0,0.0,76.0,76.0,['Female'],2,0,2,4,3,Dry,Straight,Grade/Hillcrest,Lowest,No
25389,39,Ohio,390261,0,2,2,0,4,NOT APPLICABLE,April,12,Wednesday,22,27,Urban,Medium Speed (Collector),No,41.20759722,-80.82641944,Non-Intersection,Dark - Not Lighted,Clear,10:00pm-10:59pm,34,10:00pm-10:59pm,38,11:00pm-11:59pm,1,1,Dark - Unlighted,Clear,1,3,['Driver'],['None_Used'],1,2,Valid,0.0,4.0,58.0,30.0,"['Male', 'Male']",1,0,5,4,5,Dry,Straight,Grade/Hillcrest,Lowest,No
25390,39,Ohio,390262,1,1,1,0,1,TROTWOOD,March,22,Wednesday,23,31,Urban,Medium Speed (Collector),No,39.80718333,-84.25967222,Complex/Circle,Dark - Not Lighted,Cloudy,11:00pm-11:59pm,31,11:00pm-11:59pm,38,0:00am-0:59am,4,1,Dark - Unlighted,Reduced Visibility,0,1,[],[],0,0,Valid,0.0,0.0,42.0,42.0,['Male'],0,0,2,3,4,Dry,Straight,Grade/Hillcrest,Lowest,No
25391,39,Ohio,390263,0,1,1,0,2,VERMILION,April,15,Saturday,3,19,Urban,Medium Speed (Collector),Yes,41.42209722,-82.36961111,Non-Intersection,Dark - Lighted,Clear,3:00am-3:59am,19,3:00am-3:59am,32,3:00am-3:59am,55,1,Dark - Lighted,Clear,1,1,['Driver'],['None_Used'],1,1,Invalid,1.0,0.0,21.0,21.0,['Male'],0,0,2,4,2,Dry,Curve,Level,Lowest,No
25392,39,Ohio,390264,0,2,2,0,4,SPRINGFIELD,April,21,Friday,16,2,Urban,High Speed (Arterial),Yes,39.932525,-83.85189722,Non-Intersection,Daylight,Rain,4:00pm-4:59pm,2,4:00pm-4:59pm,8,4:00pm-4:59pm,39,2,Daylight,Rain/Wind/Minor,2,2,"['Driver', 'Front_Passenger']","['None_Used', 'Shoulder_Lapbelt']",0,0,Valid,0.0,0.0,62.0,17.0,"['Female', 'Female']",2,0,3,4,5,Wet/Standing Water,Straight,Level,Lowest,Yes