,State_Code,State_Name,Crash_ID,Count_Non_Motorists,Count_Vehicles_Total,Count_Vehicle_Forms,Count_PVH_Involved,Count_Occupants_MV,City_Name,Month_Name,Day_of_Month,Day_of_Week,Crash_Hour,Crash_Minute,Area_Rural_Urban,Road_Functional_Class,On_NHS_Road,Latitude,Longitude,Intersection_Type,Light_Condition,Weather_Condition,Notif_Hour,Notif_Minute,Arrival_Hour,Arrival_Minute,Hospital_Hour,Hospital_Minute,Fatalities_Count,Clean_Light_Condition,Clean_Weather_Condition,Total_Killed,Total_Alive,Fatal_Seats_List,Killed_Restraint_List,Any_Driver_Drinking,Total_Drinking_Drivers,Driver_License_Category,Driver_Max_Prev_Accident_Count,Driver_Max_Prev_Speeding_Count,Max_Driver_Age,Min_Driver_Age,Driver_Sex_List,Total_Exceeding_Limit_Vehicles,Total_Too_Fast_Vehicles,Max_Vehicle_Type_Severity_5,Max_Vehicle_Damage_Rank,Max_Harmful_Event_Severity,Crash_Road_Surface_Condition,Crash_Horizontal_Alignment,Crash_Vertical_Profile,Crash_Impairment_Category,Crash_Vehicle_Defect
25393,39,Ohio,390265,0,1,1,0,1,NOT APPLICABLE,April,15,Saturday,15,41,Rural,Low Speed (Local),No,41.56430833,-83.19020556,Non-Intersection,Daylight,Clear,3:00pm-3:59pm,18,3:00pm-3:59pm,47,4:00pm-4:59pm,17,1,Daylight,Clear,1,0,['Driver'],['None_Used'],1,1,Valid,0.0,0.0,61.0,61.0,['Male'],0,0,5,4,2,Dry,Curve,Level,Lowest,No
25394,39,Ohio,390266,0,2,2,0,4,NOT APPLICABLE,April,8,Saturday,19,11,Rural,Medium Speed (Collector),No,39.56987222,-81.45825278,Non-Intersection,Daylight,Clear,7:00pm-7:59pm,13,7:00pm-7:59pm,24,8:00pm-8:59pm,5,1,Daylight,Clear,1,3,['Driver'],['None_Used'],1,2,Valid,0.0,0.0,51.0,32.0,"['Male', 'Male']",0,0,5,4,5,Dry,Curve,Grade/Hillcrest,Lowest,No
25395,39,Ohio,390267,0,1,1,0,1,DAYTON,April,13,Thursday,23,44,Urban,Medium Speed (Collector),No,39.73677222,-84.11005,Simple Junction,Dark - Not Lighted,Clear,11:00pm-11:59pm,37,11:00pm-11:59pm,46,Not Applicable (Not Transported),Not Applicable (Not Transported),1,Dark - Unlighted,Clear,1,0,['Driver'],['None_Used'],1,1,Valid,0.0,0.0,35.0,35.0,['Male'],0,0,5,4,3,Dry,Curve,Level,Lowest,No
25396,39,Ohio,390268,1,1,1,0,1,COLUMBUS,April,22,Saturday,2,43,Urban,Medium Speed (Collector),No,40.00256111,-82.91860278,Non-Intersection,Dark - Not Lighted,Rain,2:00am-2:59am,45,2:00am-2:59am,55,3:00am-3:59am,16,1,Dark - Unlighted,Rain/Wind/Minor,0,1,[],[],0,0,Invalid,0.0,0.0,998.0,998.0,['Other'],0,0,1,0,4,Wet/Standing Water,Straight,Level,Lowest,No
25397,39,Ohio,390269,0,2,2,0,2,NOT APPLICABLE,April,12,Wednesday,7,58,Rural,Low Speed (Local),No,40.46856389,-84.01646111,Complex/Circle,Daylight,Clear,8:00am-8:59am,0,8:00am-8:59am,11,8:00am-8:59am,54,1,Daylight,Clear,1,1,['Driver'],['None_Used'],0,0,Valid,1.0,1.0,50.0,28.0,"['Female', 'Male']",0,0,5,4,5,Dry,Straight,Level,Lowest,No
25398,39,Ohio,390270,0,3,3,0,4,NOT APPLICABLE,April,19,Wednesday,11,30,Rural,High Speed (Arterial),Yes,41.24734167,-82.44335556,Non-Intersection,Daylight,Clear,11:00am-11:59am,33,11:00am-11:59am,37,Not Applicable (Not Transported),Not Applicable (Not Transported),1,Daylight,Clear,1,3,['Driver'],['None_Used'],0,0,Valid,3.0,0.0,70.0,45.0,"['Male', 'Male', 'Male']",0,0,4,4,5,Dry,Curve,Level,Lowest,No
25399,39,Ohio,390271,0,1,1,0,1,NOT APPLICABLE,April,14,Friday,2,40,Urban,Medium Speed (Collector),No,39.08209167,-84.40942778,Non-Intersection,Dark - Lighted,Cloudy,2:00am-2:59am,48,2:00am-2:59am,54,Not Applicable (Not Transported),Not Applicable (Not Transported),1,Dark - Lighted,Reduced Visibility,1,0,['Driver'],['None_Used'],1,1,Valid,0.0,0.0,58.0,58.0,['Male'],0,0,5,4,2,Dry,Curve,Grade/Hillcrest,Lowest,No
25400,39,Ohio,390272,0,1,1,0,1,FAIRFIELD,March,11,Saturday,0,5,Urban,Medium Speed (Collector),No,39.36221667,-84.53151389,Non-Intersection,Dark - Lighted,Cloudy,0:00am-0:59am,10,0:00am-0:59am,19,Not Applicable (Not Transported),Not Applicable (Not Transported),1,Dark - Lighted,Reduced Visibility,1,0,['Driver'],['None_Used'],1,1,Invalid,4.0,0.0,36.0,36.0,['Male'],1,0,5,4,2,Dry,Curve,Level,Lowest,No
25401,39,Ohio,390273,1,2,1,1,1,NOT APPLICABLE,February,1,Wednesday,6,47,Urban,High Speed (Arterial),Yes,41.16446944,-80.60757778,Non-Intersection,Dark - Not Lighted,Cloudy,Unknown,Unknown,Unknown EMS Scene Arrival Hour,Unknown EMS Scene Arrival Minutes,Not Applicable (Not Transported),Not Applicable (Not Transported),1,Dark - Unlighted,Reduced Visibility,0,1,[],[],0,0,Valid,1.0,0.0,37.0,37.0,['Male'],0,0,4,2,4,Dry,Straight,Grade/Hillcrest,Lowest,No
25402,39,Ohio,390274,0,2,2,0,3,NOT APPLICABLE,April,19,Wednesday,7,40,Rural,High Speed (Arterial),Yes,39.80691389,-82.71256389,Non-Intersection,Daylight,Clear,7:00am-7:59am,41,7:00am-7:59am,48,Not Applicable (Not Transported),Not Applicable (Not Transported),1,Daylight,Clear,1,2,['Driver'],['Shoulder_Lapbelt'],0,0,Valid,1.0,0.0,44.0,22.0,"['Male', 'Female']",0,0,3,4,5,Dry,Curve,Grade/Hillcrest,Lowest,No
25403,39,Ohio,390275,0,1,1,0,1,NOT APPLICABLE,April,18,Tuesday,20,23,Rural,Low Speed (Local),No,39.76415556,-83.86501667,Non-Intersection,Dark - Not Lighted,Clear,8:00pm-8:59pm,24,8:00pm-8:59pm,33,9:00pm-9:59pm,2,1,Dark - Unlighted,Clear,1,0,['Driver'],['None_Used'],1,1,Invalid,1.0,1.0,56.0,56.0,['Male'],0,0,5,4,3,Dry,Curve,Level,Lowest,No
25404,39,Ohio,390276,0,1,1,0,6,DAYTON,April,30,Sunday,1,34,Urban,Medium Speed (Collector),No,39.77274722,-84.21481944,Non-Intersection,Dark - Lighted,Cloudy,1:00am-1:59am,46,1:00am-1:59am,50,2:00am-2:59am,2,1,Dark - Lighted,Reduced Visibility,1,5,['Rear_Seat'],['Shoulder_Lapbelt'],0,0,Valid,1.0,0.0,18.0,18.0,['Female'],0,0,2,4,3,Wet/Standing Water,Straight,Level,Lowest,No
25405,39,Ohio,390277,0,2,2,0,4,NOT APPLICABLE,February,26,Sunday,13,54,Urban,Medium Speed (Collector),No,39.13370278,-84.33778333,Non-Intersection,Daylight,Clear,1:00pm-1:59pm,55,2:00pm-2:59pm,0,2:00pm-2:59pm,23,1,Daylight,Clear,1,3,['Driver'],['Shoulder_Lapbelt'],0,0,Valid,0.0,0.0,84.0,48.0,"['Male', 'Male']",0,0,3,4,5,Dry,Straight,Level,Lowest,No
25406,39,Ohio,390278,0,2,2,0,2,NOT APPLICABLE,April,24,Monday,22,5,Rural,High Speed (Arterial),Yes,41.02783889,-82.17129167,Non-Intersection,Dark - Not Lighted,Clear,10:00pm-10:59pm,11,10:00pm-10:59pm,29,10:00pm-10:59pm,58,1,Dark - Unlighted,Clear,1,1,['Driver'],['Shoulder_Lapbelt'],0,0,Valid,0.0,0.0,80.0,32.0,"['Male', 'Male']",0,0,4,4,5,Dry,Straight,Level,Lowest,No
25407,39,Ohio,390279,0,3,3,0,3,NOT APPLICABLE,May,1,Monday,11,23,Urban,Medium Speed (Collector),Yes,39.47265,-83.83864722,Non-Intersection,Daylight,Cloudy,11:00am-11:59am,25,11:00am-11:59am,29,11:00am-11:59am,42,1,Daylight,Reduced Visibility,1,2,['Driver'],['Shoulder_Lapbelt'],0,0,Valid,1.0,0.0,72.0,38.0,"['Male', 'Male', 'Male']",0,0,3,4,5,Dry,Straight,Level,Lowest,No
25408,39,Ohio,390280,0,2,2,0,3,COLUMBUS,May,2,Tuesday,6,36,Urban,High Speed (Arterial),Yes,40.1356,-83.0169,Complex/Circle,Dawn,Cloudy,6:00am-6:59am,41,6:00am-6:59am,52,7:00am-7:59am,15,1,Twilight,Reduced Visibility,1,2,['Front_Passenger'],['Shoulder_Lapbelt'],0,0,Valid,0.0,0.0,58.0,28.0,"['Male', 'Female']",0,0,4,4,5,Wet/Standing Water,Straight,Level,Lowest,No
25409,39,Ohio,390281,1,1,1,0,2,COLUMBUS,May,2,Tuesday,16,10,Urban,Low Speed (Local),No,39.96131667,-82.91449167,Complex/Circle,Daylight,Cloudy,4:00pm-4:59pm,12,4:00pm-4:59pm,14,4:00pm-4:59pm,39,1,Daylight,Reduced Visibility,0,2,[],[],0,0,Valid,0.0,0.0,33.0,33.0,['Female'],0,0,2,3,4,Wet/Standing Water,Straight,Level,Lowest,No
25410,39,Ohio,390282,0,1,1,0,1,TOLEDO,May,3,Wednesday,4,41,Urban,High Speed (Arterial),No,41.72011944,-83.64961944,Non-Intersection,Dark - Lighted,Clear,4:00am-4:59am,52,5:00am-5:59am,0,5:00am-5:59am,31,1,Dark - Lighted,Clear,1,0,['Driver'],['Shoulder_Lapbelt'],0,0,Valid,1.0,0.0,74.0,74.0,['Female'],0,0,3,4,3,Wet/Standing Water,Straight,Level,Lowest,No
25411,39,Ohio,390283,0,1,1,0,1,VALLEY VIEW,April,25,Tuesday,2,20,Urban,High Speed (Arterial),Yes,41.4087,-81.63394167,Non-Intersection,Dark - Lighted,Clear,2:00am-2:59am,25,2:00am-2:59am,29,Not Applicable (Not Transported),Not Applicable (Not Transported),1,Dark - Lighted,Clear,1,0,['Driver'],['None_Used'],0,0,Valid,1.0,1.0,21.0,21.0,['Male'],1,0,3,4,3,Dry,Straight,Level,Lowest,No
25412,39,Ohio,390284,0,2,2,0,3,NOT APPLICABLE,April,10,Monday,11,35,Urban,High Speed (Arterial),No,41.04647222,-80.66271111,Complex/Circle,Daylight,Clear,11:00am-11:59am,41,11:00am-11:59am,48,12:00pm-12:59pm,6,1,Daylight,Clear,1,2,['Driver'],['None_Used'],0,0,Valid,0.0,1.0,62.0,43.0,"['Female', 'Male']",0,0,5,4,5,Dry,Straight,Grade/Hillcrest,Lowest,No
25413,39,Ohio,390285,0,1,1,0,1,NOT APPLICABLE,April,10,Monday,13,22,Rural,High Speed (Arterial),No,40.87744444,-81.22995556,Non-Intersection,Daylight,Clear,1:00pm-1:59pm,25,1:00pm-1:59pm,28,1:00pm-1:59pm,56,1,Daylight,Clear,1,0,['Driver'],['None_Used'],0,0,Valid,0.0,0.0,79.0,79.0,['Male'],0,0,3,4,3,Dry,Straight,Grade/Hillcrest,Lowest,No
25414,39,Ohio,390286,0,1,1,0,1,JEFFERSON,May,3,Wednesday,15,36,Rural,Medium Speed (Collector),No,41.74399167,-80.76942222,Non-Intersection,Daylight,Cloudy,3:00pm-3:59pm,38,3:00pm-3:59pm,40,Not Applicable (Not Transported),Not Applicable (Not Transported),1,Daylight,Reduced Visibility,1,0,['Driver'],['None_Used'],0,0,Valid,0.0,1.0,47.0,47.0,['Male'],0,0,3,4,3,Wet/Standing Water,Straight,Level,Lowest,No
25415,39,Ohio,390288,0,2,2,0,2,NOT APPLICABLE,April,9,Sunday,15,26,Rural,Low Speed (Local),No,40.79107778,-83.86513889,Non-Intersection,Daylight,Clear,3:00pm-3:59pm,31,3:00pm-3:59pm,36,3:00pm-3:59pm,59,1,Daylight,Clear,1,1,['Driver'],['None_Used'],1,1,Valid,0.0,2.0,39.0,29.0,"['Male', 'Male']",0,0,5,4,5,Dry,Straight,Non-Trafficway,Lowest,No
25416,39,Ohio,390289,0,1,1,0,1,NOT APPLICABLE,April,30,Sunday,3,5,Rural,Medium Speed (Collector),No,40.843425,-81.842475,Non-Intersection,Dark - Not Lighted,Rain,3:00am-3:59am,3,3:00am-3:59am,10,Not Applicable (Not Transported),Not Applicable (Not Transported),1,Dark - Unlighted,Rain/Wind/Minor,1,0,['Driver'],['Shoulder_Lapbelt'],1,1,Valid,0.0,1.0,24.0,24.0,['Male'],1,0,3,4,3,Wet/Standing Water,Straight,Level,Lowest,No
25417,39,Ohio,390290,0,2,2,0,2,NOT APPLICABLE,April,26,Wednesday,15,3,Rural,Medium Speed (Collector),No,41.13211667,-82.78569722,Non-Intersection,Daylight,Clear,3:00pm-3:59pm,26,3:00pm-3:59pm,49,4:00pm-4:59pm,27,1,Daylight,Clear,1,1,['Driver'],['None_Used'],0,0,Valid,1.0,3.0,65.0,24.0,"['Male', 'Male']",0,0,3,4,5,Dry,Straight,Grade/Hillcrest,Lowest,No
25418,39,Ohio,390291,0,1,1,0,1,CARLISLE,April,26,Wednesday,16,59,Urban,Low Speed (Local),No,39.57075278,-84.32378889,Non-Intersection,Daylight,Clear,4:00pm-4:59pm,54,4:00pm-4:59pm,57,Not Applicable (Not Transported),Not Applicable (Not Transported),1,Daylight,Clear,1,0,['Driver'],['None_Used'],0,0,Valid,0.0,0.0,96.0,96.0,['Male'],0,0,3,4,3,Dry,Straight,Level,Lowest,No
25419,39,Ohio,390292,1,2,2,0,1,NOT APPLICABLE,April,28,Friday,22,6,Rural,High Speed (Arterial),Yes,39.68841667,-82.65986111,Non-Intersection,Dark - Not Lighted,Cloudy,10:00pm-10:59pm,8,10:00pm-10:59pm,12,Not Applicable (Not Transported),Not Applicable (Not Transported),1,Dark - Unlighted,Reduced Visibility,0,1,[],[],0,0,Valid,1.0,0.0,62.0,62.0,['Male'],0,0,4,4,5,Wet/Standing Water,Straight,Level,Lowest,No
25420,39,Ohio,390293,0,2,2,0,5,NOT APPLICABLE,April,28,Friday,21,17,Rural,High Speed (Arterial),Yes,41.66986667,-84.09913056,Non-Intersection,Dark - Not Lighted,Rain,9:00pm-9:59pm,19,9:00pm-9:59pm,27,10:00pm-10:59pm,10,3,Dark - Unlighted,Rain/Wind/Minor,3,2,"['Driver', 'Front_Passenger', 'Rear_Seat']","['Shoulder_Lapbelt', 'Shoulder_Lapbelt', 'Shoulder_Lapbelt']",0,0,Valid,0.0,4.0,32.0,20.0,"['Male', 'Female']",0,0,2,4,5,Wet/Standing Water,Straight,Level,Lowest,No
25421,39,Ohio,390294,1,1,1,0,2,WADSWORTH,April,28,Friday,14,33,Urban,Medium Speed (Collector),No,41.02106944,-81.70389444,Complex/Circle,Daylight,Cloudy,2:00pm-2:59pm,37,2:00pm-2:59pm,40,Not Applicable (Not Transported),Not Applicable (Not Transported),1,Daylight,Reduced Visibility,0,2,[],[],0,0,Valid,0.0,0.0,30.0,30.0,['Female'],0,0,3,2,4,Wet/Standing Water,Straight,Grade/Hillcrest,Lowest,No
25422,39,Ohio,390295,0,2,2,0,3,NOT APPLICABLE,April,30,Sunday,15,44,Urban,Medium Speed (Collector),No,39.52730278,-83.47093611,Complex/Circle,Daylight,Rain,3:00pm-3:59pm,49,3:00pm-3:59pm,52,4:00pm-4:59pm,13,1,Daylight,Rain/Wind/Minor,1,2,['Driver'],['Shoulder_Lapbelt'],0,0,Valid,1.0,0.0,58.0,18.0,"['Female', 'Male']",0,0,2,4,5,Wet/Standing Water,Straight,Level,Lowest,No
25423,39,Ohio,390296,0,2,2,0,2,COLUMBUS,April,28,Friday,16,4,Urban,Low Speed (Local),No,39.91266389,-82.98978889,Complex/Circle,Daylight,Cloudy,4:00pm-4:59pm,5,4:00pm-4:59pm,8,4:00pm-4:59pm,24,1,Daylight,Reduced Visibility,1,1,['Driver'],['None_Used'],0,0,Invalid,1.0,1.0,44.0,32.0,"['Male', 'Male']",0,0,5,3,5,Dry,Straight,Level,Lowest,No
25424,39,Ohio,390297,0,2,2,0,2,COLUMBUS,May,6,Saturday,10,23,Urban,Medium Speed (Collector),No,40.10311944,-82.98865,Non-Intersection,Daylight,Clear,10:00am-10:59am,27,10:00am-10:59am,30,11:00am-11:59am,4,1,Daylight,Clear,1,1,['Driver'],['Shoulder_Lapbelt'],0,0,Valid,0.0,0.0,51.0,37.0,"['Male', 'Female']",0,0,3,4,5,Dry,Straight,Level,Lowest,No
25425,39,Ohio,390298,0,2,2,0,2,NOT APPLICABLE,April,5,Wednesday,9,31,Rural,High Speed (Arterial),Yes,40.05230833,-83.60848056,Non-Intersection,Daylight,Cloudy,9:00am-9:59am,32,9:00am-9:59am,45,Not Applicable (Not Transported),Not Applicable (Not Transported),1,Daylight,Reduced Visibility,1,1,['Driver'],['None_Used'],0,0,Valid,0.0,1.0,44.0,30.0,"['Male', 'Male']",0,0,4,4,5,Dry,Straight,Level,Lowest,No
25426,39,Ohio,390299,0,1,1,0,1,BROOKLYN,April,29,Saturday,19,37,Urban,Medium Speed (Collector),No,41.41973889,-81.67979722,Non-Intersection,Daylight,Cloudy,7:00pm-7:59pm,24,7:00pm-7:59pm,30,7:00pm-7:59pm,46,1,Daylight,Reduced Visibility,1,0,['Driver'],['None_Used'],0,0,Valid,0.0,0.0,18.0,18.0,['Female'],1,0,5,4,2,Dry,Curve,Level,Lowest,No
25427,39,Ohio,390300,0,1,1,0,1,NOT APPLICABLE,April,16,Sunday,22,33,Rural,Medium Speed (Collector),No,40.08316389,-82.06336389,Non-Intersection,Dark - Not Lighted,Clear,10:00pm-10:59pm,32,10:00pm-10:59pm,42,Not Applicable (Not Transported),Not Applicable (Not Transported),1,Dark - Unlighted,Clear,1,0,['Driver'],['None_Used'],1,1,Valid,0.0,1.0,25.0,25.0,['Male'],1,0,3,4,3,Dry,Curve,Grade/Hillcrest,Lowest,No
25428,39,Ohio,390301,1,2,2,0,1,MORAINE,April,21,Friday,0,15,Urban,High Speed (Arterial),Yes,39.71939167,-84.21436944,Non-Intersection,Dark - Lighted,Cloudy,0:00am-0:59am,19,0:00am-0:59am,27,Not Applicable (Not Transported),Not Applicable (Not Transported),1,Dark - Lighted,Reduced Visibility,0,1,[],[],1,1,Invalid,0.0,0.0,37.0,37.0,['Male'],0,0,3,3,5,Dry,Straight,Level,Lowest,No
25429,39,Ohio,390302,0,2,2,0,3,NOT APPLICABLE,April,9,Sunday,15,45,Rural,Medium Speed (Collector),No,40.08384444,-83.66617222,Complex/Circle,Daylight,Clear,3:00pm-3:59pm,46,3:00pm-3:59pm,56,4:00pm-4:59pm,35,1,Daylight,Clear,1,2,['Driver'],['Shoulder_Lapbelt'],0,0,Valid,1.0,0.0,89.0,26.0,"['Male', 'Female']",0,0,2,4,5,Dry,Straight,Level,Lowest,No
25430,39,Ohio,390303,0,3,3,0,3,AKRON,March,14,Tuesday,8,33,Urban,Medium Speed (Collector),No,41.03885833,-81.546475,Complex/Circle,Daylight,Snow,8:00am-8:59am,36,8:00am-8:59am,38,8:00am-8:59am,58,1,Daylight,Snow/Ice/Severe,1,2,['Driver'],['None_Used'],0,0,Valid,1.0,1.0,35.0,32.0,"['Female', 'Female', 'Male']",0,0,2,4,5,Wet/Standing Water,Straight,Level,Lowest,No
25431,39,Ohio,390304,1,1,1,0,1,AKRON,April,13,Thursday,22,59,Urban,High Speed (Arterial),Yes,41.09640278,-81.54280556,Non-Intersection,Dark - Lighted,Clear,11:00pm-11:59pm,0,11:00pm-11:59pm,3,11:00pm-11:59pm,12,1,Dark - Lighted,Clear,0,1,[],[],0,0,Valid,1.0,1.0,27.0,27.0,['Male'],0,0,3,2,4,Dry,Straight,Level,Lowest,No
25432,39,Ohio,390305,0,2,2,0,3,NOT APPLICABLE,April,19,Wednesday,10,50,Urban,Medium Speed (Collector),No,40.660325,-80.61271667,Complex/Circle,Daylight,Clear,10:00am-10:59am,42,10:00am-10:59am,44,Not Applicable (Not Transported),Not Applicable (Not Transported),1,Daylight,Clear,1,2,['Driver'],['None_Used'],0,0,Valid,1.0,1.0,63.0,57.0,"['Male', 'Male']",0,0,5,2,5,Dry,Straight,Grade/Hillcrest,Lowest,No
25433,39,Ohio,390306,0,1,1,0,2,NOT APPLICABLE,April,28,Friday,23,40,Rural,Low Speed (Local),No,39.06645556,-83.59966111,Non-Intersection,Dark - Not Lighted,Cloudy,0:00am-0:59am,4,0:00am-0:59am,28,1:00am-1:59am,46,1,Dark - Unlighted,Reduced Visibility,1,1,['Front_Passenger'],['None_Used'],0,0,Invalid,0.0,0.0,16.0,16.0,['Male'],0,0,1,4,3,Dry,Curve,Level,Lowest,No
25434,39,Ohio,390307,0,2,2,0,4,DELAWARE,May,9,Tuesday,5,8,Urban,High Speed (Arterial),Yes,40.28071111,-83.06738333,Complex/Circle,Dark - Lighted,Clear,5:00am-5:59am,11,5:00am-5:59am,21,5:00am-5:59am,49,1,Dark - Lighted,Clear,1,3,['Front_Passenger'],['Shoulder_Lapbelt'],0,0,Valid,0.0,1.0,46.0,34.0,"['Male', 'Male']",0,0,4,4,5,Dry,Straight,Level,Lowest,No
25435,39,Ohio,390308,0,2,2,0,3,SHEFFIELD,April,30,Sunday,10,47,Urban,Medium Speed (Collector),No,41.42098611,-82.09626667,Non-Intersection,Daylight,Clear,10:00am-10:59am,49,11:00am-11:59am,0,11:00am-11:59am,16,1,Daylight,Clear,1,2,['Driver'],['Shoulder_Lapbelt'],0,0,Valid,1.0,0.0,82.0,61.0,"['Male', 'Male']",0,0,3,4,5,Dry,Straight,Grade/Hillcrest,Medium,No
25436,39,Ohio,390309,1,1,1,0,1,GREEN,February,19,Sunday,2,40,Urban,Medium Speed (Collector),No,40.96073056,-81.43664167,Non-Intersection,Dark - Not Lighted,Cloudy,2:00am-2:59am,42,2:00am-2:59am,50,3:00am-3:59am,16,1,Dark - Unlighted,Reduced Visibility,0,1,[],[],1,1,Invalid,0.0,0.0,32.0,32.0,['Female'],0,0,2,4,3,Dry,Straight,Level,Lowest,No
25437,39,Ohio,390310,0,3,3,0,3,NOT APPLICABLE,April,30,Sunday,1,50,Urban,High Speed (Arterial),Yes,39.83141944,-84.18943056,Non-Intersection,Dark - Lighted,Cloudy,1:00am-1:59am,49,1:00am-1:59am,59,Not Applicable (Not Transported),Not Applicable (Not Transported),2,Dark - Lighted,Reduced Visibility,2,1,"['Driver', 'Driver']","['Shoulder_Lapbelt', 'Shoulder_Lapbelt']",1,1,Invalid,0.0,1.0,49.0,33.0,"['Male', 'Male', 'Male']",0,0,2,4,5,Wet/Standing Water,Straight,Level,Lowest,No
25438,39,Ohio,390311,0,1,1,0,1,CAMDEN,April,29,Saturday,3,29,Rural,Low Speed (Local),No,39.64672778,-84.63211667,Non-Intersection,Dark - Not Lighted,Clear,3:00am-3:59am,24,3:00am-3:59am,30,Not Applicable (Not Transported),Not Applicable (Not Transported),1,Dark - Unlighted,Clear,1,0,['Driver'],['None_Used'],1,1,Valid,0.0,0.0,19.0,19.0,['Male'],0,0,3,4,4,Dry,Straight,Level,Lowest,No
25439,39,Ohio,390313,0,1,1,0,1,DAYTON,May,10,Wednesday,11,25,Urban,High Speed (Arterial),Yes,39.7718,-84.1853,Non-Intersection,Daylight,Clear,11:00am-11:59am,25,11:00am-11:59am,33,11:00am-11:59am,51,1,Daylight,Clear,1,0,['Driver'],['None_Used'],0,0,Valid,0.0,2.0,59.0,59.0,['Male'],0,0,5,4,2,Dry,Curve,Grade/Hillcrest,Lowest,No
25440,39,Ohio,390314,0,2,2,0,2,NOT APPLICABLE,May,3,Wednesday,13,29,Urban,Medium Speed (Collector),No,40.74350833,-82.66210278,Non-Intersection,Daylight,Cloudy,1:00pm-1:59pm,30,1:00pm-1:59pm,33,2:00pm-2:59pm,18,1,Daylight,Reduced Visibility,1,1,['Driver'],['Shoulder_Lapbelt'],0,0,Valid,1.0,1.0,72.0,48.0,"['Male', 'Male']",1,0,3,4,5,Wet/Standing Water,Curve,Grade/Hillcrest,Lowest,No
25441,39,Ohio,390315,0,1,1,0,1,NOT APPLICABLE,May,4,Thursday,22,17,Urban,Medium Speed (Collector),No,40.02432778,-82.02085556,Non-Intersection,Dark - Not Lighted,Clear,10:00pm-10:59pm,16,10:00pm-10:59pm,22,10:00pm-10:59pm,59,1,Dark - Unlighted,Clear,1,0,['Driver'],['None_Used'],1,1,Invalid,3.0,0.0,35.0,35.0,['Male'],0,0,3,4,3,Dry,Curve,Grade/Hillcrest,Lowest,No
25442,39,Ohio,390316,0,2,2,0,2,NOT APPLICABLE,May,5,Friday,6,58,Rural,Medium Speed (Collector),No,40.52975278,-81.18756667,Non-Intersection,Daylight,Clear,7:00am-7:59am,3,7:00am-7:59am,15,Not Applicable (Not Transported),Not Applicable (Not Transported),1,Daylight,Clear,1,1,['Driver'],['None_Used'],0,0,Valid,1.0,0.0,53.0,35.0,"['Male', 'Male']",0,0,5,4,5,Dry,Straight,Level,Lowest,No
25443,39,Ohio,390317,0,1,1,0,1,NOT APPLICABLE,May,6,Saturday,2,36,Urban,High Speed (Arterial),No,41.41331667,-82.6181,Non-Intersection,Dark - Not Lighted,Clear,2:00am-2:59am,33,2:00am-2:59am,38,Not Applicable (Not Transported),Not Applicable (Not Transported),1,Dark - Unlighted,Clear,1,0,['Driver'],['None_Used'],1,1,Valid,2.0,1.0,63.0,63.0,['Male'],0,0,5,4,2,Dry,Curve,Level,Lowest,No
25444,39,Ohio,390318,0,2,2,0,4,NOT APPLICABLE,May,8,Monday,6,29,Urban,High Speed (Arterial),No,39.94934167,-83.19426389,Simple Junction,Dawn,Clear,6:00am-6:59am,32,6:00am-6:59am,37,7:00am-7:59am,6,1,Twilight,Clear,1,3,['Rear_Seat'],['None_Used'],0,0,Valid,0.0,0.0,61.0,24.0,"['Male', 'Male']",0,0,2,4,5,Dry,Straight,Level,Lowest,No
25445,39,Ohio,390319,0,2,2,0,2,MORAINE,May,11,Thursday,14,57,Urban,High Speed (Arterial),Yes,39.72423889,-84.21050278,Non-Intersection,Daylight,Clear,2:00pm-2:59pm,55,3:00pm-3:59pm,3,Not Applicable (Not Transported),Not Applicable (Not Transported),1,Daylight,Clear,1,1,['Driver'],['None_Used'],1,1,Invalid,0.0,2.0,57.0,34.0,"['Male', 'Male']",0,0,4,4,5,Dry,Straight,Level,Lowest,No
25446,39,Ohio,390320,0,1,1,0,1,WESTLAKE,May,5,Friday,18,27,Urban,High Speed (Arterial),Yes,41.46948611,-81.91673056,Non-Intersection,Daylight,Clear,6:00pm-6:59pm,40,6:00pm-6:59pm,48,Not Applicable (Not Transported),Not Applicable (Not Transported),1,Daylight,Clear,1,0,['Driver'],['None_Used'],1,1,Valid,0.0,0.0,42.0,42.0,['Male'],1,0,5,4,3,Dry,Straight,Level,Lowest,No
25447,39,Ohio,390321,0,3,3,0,3,HEATH,May,6,Saturday,14,14,Urban,High Speed (Arterial),Yes,40.03856389,-82.42898889,Complex/Circle,Daylight,Clear,2:00pm-2:59pm,14,2:00pm-2:59pm,20,2:00pm-2:59pm,30,1,Daylight,Clear,1,2,['Driver'],['None_Used'],0,0,Invalid,2.0,2.0,80.0,32.0,"['Male', 'Female', 'Male']",0,0,5,4,5,Dry,Straight,Level,Lowest,No
25448,39,Ohio,390322,0,1,1,0,1,KETTERING,May,12,Friday,19,11,Urban,High Speed (Arterial),No,39.70738889,-84.14173889,Simple Junction,Daylight,Clear,7:00pm-7:59pm,14,7:00pm-7:59pm,16,7:00pm-7:59pm,34,1,Daylight,Clear,1,0,['Driver'],['Shoulder_Lapbelt'],0,0,Valid,0.0,0.0,55.0,55.0,['Male'],0,0,3,4,3,Dry,Straight,Level,Lowest,No
25449,39,Ohio,390323,0,2,2,0,6,CLEVELAND,April,23,Sunday,1,7,Urban,High Speed (Arterial),Yes,41.50341667,-81.67915278,Complex/Circle,Dark - Lighted,Clear,1:00am-1:59am,13,1:00am-1:59am,16,1:00am-1:59am,37,1,Dark - Lighted,Clear,1,5,['Driver'],['None_Used'],1,1,Invalid,0.0,0.0,50.0,38.0,"['Male', 'Female']",1,0,4,4,5,Dry,Straight,Level,Lowest,No
25450,39,Ohio,390324,0,1,1,0,1,CLEVELAND,April,27,Thursday,21,36,Urban,High Speed (Arterial),Yes,41.44553889,-81.58494722,Non-Intersection,Dark - Lighted,Cloudy,9:00pm-9:59pm,37,9:00pm-9:59pm,45,10:00pm-10:59pm,2,1,Dark - Lighted,Reduced Visibility,1,0,['Driver'],['None_Used'],1,1,Invalid,1.0,0.0,38.0,38.0,['Male'],0,0,5,4,3,Dry,Curve,Level,Lowest,No
25451,39,Ohio,390325,0,1,1,0,1,HUBER HEIGHTS,February,18,Saturday,4,43,Urban,High Speed (Arterial),Yes,39.87036111,-84.14368611,Non-Intersection,Dark - Lighted,Clear,4:00am-4:59am,45,4:00am-4:59am,50,5:00am-5:59am,36,1,Dark - Lighted,Clear,1,0,['Driver'],['Shoulder_Lapbelt'],1,1,Valid,0.0,0.0,46.0,46.0,['Male'],1,0,3,4,2,Dry,Straight,Level,Lowest,No