,State_Code,State_Name,Crash_ID,Count_Non_Motorists,Count_Vehicles_Total,Count_Vehicle_Forms,Count_PVH_Involved,Count_Occupants_MV,City_Name,Month_Name,Day_of_Month,Day_of_Week,Crash_Hour,Crash_Minute,Area_Rural_Urban,Road_Functional_Class,On_NHS_Road,Latitude,Longitude,Intersection_Type,Light_Condition,Weather_Condition,Notif_Hour,Notif_Minute,Arrival_Hour,Arrival_Minute,Hospital_Hour,Hospital_Minute,Fatalities_Count,Clean_Light_Condition,Clean_Weather_Condition,Total_Killed,Total_Alive,Fatal_Seats_List,Killed_Restraint_List,Any_Driver_Drinking,Total_Drinking_Drivers,Driver_License_Category,Driver_Max_Prev_Accident_Count,Driver_Max_Prev_Speeding_Count,Max_Driver_Age,Min_Driver_Age,Driver_Sex_List,Total_Exceeding_Limit_Vehicles,Total_Too_Fast_Vehicles,Max_Vehicle_Type_Severity_5,Max_Vehicle_Damage_Rank,Max_Harmful_Event_Severity,Crash_Road_Surface_Condition,Crash_Horizontal_Alignment,Crash_Vertical_Profile,Crash_Impairment_Category,Crash_Vehicle_Defect
25452,39,Ohio,390326,0,1,1,0,1,NOT APPLICABLE,May,10,Wednesday,16,45,Rural,Medium Speed (Collector),No,39.31834722,-83.95207222,Non-Intersection,Daylight,Clear,4:00pm-4:59pm,50,4:00pm-4:59pm,53,Not Applicable (Not Transported),Not Applicable (Not Transported),1,Daylight,Clear,1,0,['Driver'],['None_Used'],0,0,Valid,0.0,0.0,54.0,54.0,['Male'],1,0,3,4,3,Dry,Curve,Level,Lowest,No
25453,39,Ohio,390327,0,1,1,0,2,NOT APPLICABLE,May,6,Saturday,3,25,Rural,Medium Speed (Collector),No,39.69573611,-84.424175,Non-Intersection,Dark - Not Lighted,Clear,3:00am-3:59am,21,3:00am-3:59am,34,4:00am-4:59am,13,1,Dark - Unlighted,Clear,1,1,['Driver'],['None_Used'],1,1,Valid,2.0,1.0,20.0,20.0,['Male'],2,0,2,4,3,Dry,Straight,Level,Lowest,No
25454,39,Ohio,390328,0,4,4,0,5,CLEVELAND,April,25,Tuesday,7,35,Urban,Medium Speed (Collector),No,41.4688,-81.69117222,Complex/Circle,Daylight,Clear,7:00am-7:59am,57,8:00am-8:59am,5,8:00am-8:59am,34,1,Daylight,Clear,1,4,['Driver'],['Shoulder_Lapbelt'],0,0,Valid,5.0,5.0,60.0,26.0,"['Male', 'Male', 'Female', 'Female']",0,0,3,4,5,Dry,Straight,Level,Lowest,No
25455,39,Ohio,390329,0,1,1,0,2,PAINESVILLE,May,7,Sunday,15,30,Urban,Low Speed (Local),No,41.69816389,-81.29206389,Simple Junction,Daylight,Clear,3:00pm-3:59pm,29,3:00pm-3:59pm,34,3:00pm-3:59pm,55,1,Daylight,Clear,2,0,"['Driver', 'Front_Passenger']","['None_Used', 'None_Used']",0,0,Valid,1.0,0.0,91.0,91.0,['Male'],0,0,2,4,3,Dry,Straight,Level,Lowest,No
25456,39,Ohio,390330,0,2,2,0,2,GROVE CITY,May,16,Tuesday,13,29,Urban,High Speed (Arterial),Yes,39.89219167,-83.03916667,Non-Intersection,Daylight,Rain,1:00pm-1:59pm,31,1:00pm-1:59pm,33,Not Applicable (Not Transported),Not Applicable (Not Transported),1,Daylight,Rain/Wind/Minor,1,1,['Driver'],['None_Used'],0,0,Valid,0.0,0.0,45.0,43.0,"['Male', 'Male']",0,0,4,4,5,Wet/Standing Water,Straight,Level,Lowest,No
25457,39,Ohio,390331,0,2,2,0,2,PARMA HEIGHTS,May,10,Wednesday,12,13,Urban,Low Speed (Local),No,41.38050278,-81.73981389,Non-Intersection,Daylight,Clear,Unknown,Unknown,Unknown EMS Scene Arrival Hour,Unknown EMS Scene Arrival Minutes,Unknown,Unknown EMS Hospital Arrival Time,1,Daylight,Clear,1,1,['Driver'],['Shoulder_Lapbelt'],0,0,Valid,1.0,0.0,78.0,55.0,"['Male', 'Female']",1,0,3,4,5,Dry,Straight,Level,Lowest,No
25458,39,Ohio,390332,1,1,1,0,1,CINCINNATI,May,17,Wednesday,5,39,Urban,High Speed (Arterial),Yes,39.10420556,-84.52800556,Non-Intersection,Dark - Lighted,Clear,5:00am-5:59am,50,6:00am-6:59am,15,Not Applicable (Not Transported),Not Applicable (Not Transported),1,Dark - Lighted,Clear,0,1,[],[],0,0,Valid,0.0,0.0,59.0,59.0,['Male'],0,0,4,4,4,Dry,Straight,Level,Lowest,No
25459,39,Ohio,390333,0,3,3,0,3,NOT APPLICABLE,May,8,Monday,4,56,Rural,Medium Speed (Collector),No,40.90187778,-81.26566389,Non-Intersection,Dark - Not Lighted,Clear,5:00am-5:59am,0,5:00am-5:59am,11,Not Applicable (Not Transported),Not Applicable (Not Transported),1,Dark - Unlighted,Clear,1,2,['Driver'],['Shoulder_Lapbelt'],0,0,Valid,0.0,3.0,48.0,20.0,"['Male', 'Male', 'Male']",0,0,3,4,5,Dry,Straight,Level,Lowest,No
25460,39,Ohio,390334,0,1,1,0,1,AKRON,May,8,Monday,0,53,Urban,Low Speed (Local),No,41.09711944,-81.50284722,Non-Intersection,Dark - Lighted,Cloudy,12:00pm-12:59pm,54,12:00pm-12:59pm,57,1:00am-1:59am,7,1,Dark - Lighted,Reduced Visibility,1,0,['Driver'],['None_Used'],1,1,Valid,0.0,0.0,18.0,18.0,['Male'],1,0,5,4,3,Dry,Straight,Level,Lowest,No
25461,39,Ohio,390335,0,1,1,0,1,NOT APPLICABLE,May,9,Tuesday,21,20,Rural,Low Speed (Local),No,40.5195,-83.21008611,Non-Intersection,Dark - Not Lighted,Clear,9:00pm-9:59pm,27,9:00pm-9:59pm,37,9:00pm-9:59pm,56,1,Dark - Unlighted,Clear,1,0,['Driver'],['None_Used'],1,1,Valid,0.0,1.0,45.0,45.0,['Male'],0,0,5,3,1,Dry,Straight,Level,Lowest,No
25462,39,Ohio,390336,0,2,2,0,2,NOT APPLICABLE,May,13,Saturday,0,15,Urban,Medium Speed (Collector),No,40.14501944,-83.01762222,Non-Intersection,Dark - Not Lighted,Rain,0:00am-0:59am,19,0:00am-0:59am,24,Not Applicable (Not Transported),Not Applicable (Not Transported),1,Dark - Unlighted,Rain/Wind/Minor,1,1,['Driver'],['None_Used'],1,1,Valid,1.0,0.0,38.0,24.0,"['Male', 'Male']",0,0,4,4,5,Wet/Standing Water,Straight,Grade/Hillcrest,Lowest,No
25463,39,Ohio,390337,0,2,2,0,2,NOT APPLICABLE,May,11,Thursday,22,36,Urban,High Speed (Arterial),No,40.15209167,-83.11104167,Non-Intersection,Dark - Not Lighted,Clear,10:00pm-10:59pm,33,10:00pm-10:59pm,37,11:00pm-11:59pm,3,1,Dark - Unlighted,Clear,1,1,['Driver'],['Shoulder_Lapbelt'],1,1,Valid,0.0,0.0,62.0,19.0,"['Male', 'Male']",0,0,3,4,5,Dry,Curve,Level,Lowest,No
25464,39,Ohio,390338,0,1,1,0,1,NOT APPLICABLE,May,17,Wednesday,17,46,Rural,Medium Speed (Collector),No,41.6577,-81.10671944,Non-Intersection,Daylight,Clear,5:00pm-5:59pm,40,5:00pm-5:59pm,47,6:00pm-6:59pm,13,1,Daylight,Clear,1,0,['Driver'],['None_Used'],1,1,Valid,0.0,0.0,63.0,63.0,['Male'],0,0,5,4,2,Dry,Curve,Level,Lowest,No
25465,39,Ohio,390339,0,2,2,0,6,COLUMBUS,May,19,Friday,23,38,Urban,High Speed (Arterial),Yes,40.08759167,-82.98887222,Complex/Circle,Dark - Lighted,Clear,11:00pm-11:59pm,40,11:00pm-11:59pm,43,11:00pm-11:59pm,58,1,Dark - Lighted,Clear,1,5,['Driver'],['None_Used'],1,1,Valid,0.0,0.0,46.0,35.0,"['Male', 'Male']",0,0,5,4,5,Dry,Straight,Level,Lowest,No
25466,39,Ohio,390340,0,2,2,0,2,CINCINNATI,May,1,Monday,23,50,Urban,High Speed (Arterial),No,39.12773056,-84.60555833,Complex/Circle,Dark - Lighted,Rain,0:00am-0:59am,13,0:00am-0:59am,17,0:00am-0:59am,42,1,Dark - Lighted,Rain/Wind/Minor,1,1,['Driver'],['Shoulder_Lapbelt'],0,0,Invalid,1.0,1.0,998.0,35.0,"['Female', 'Male']",0,0,3,4,5,Wet/Standing Water,Straight,Level,Lowest,No
25467,39,Ohio,390341,0,1,1,0,1,VERSAILLES,May,16,Tuesday,19,11,Rural,Low Speed (Local),No,40.19250278,-84.48711667,Non-Intersection,Daylight,Clear,7:00pm-7:59pm,11,7:00pm-7:59pm,20,Not Applicable (Not Transported),Not Applicable (Not Transported),1,Daylight,Clear,1,0,['Driver'],['None_Used'],1,1,Valid,0.0,0.0,32.0,32.0,['Male'],0,0,5,4,2,Dry,Curve,Level,Lowest,No
25468,39,Ohio,390342,0,1,1,0,1,NOT APPLICABLE,May,12,Friday,10,7,Urban,High Speed (Arterial),No,39.67548056,-82.56332778,Non-Intersection,Daylight,Clear,10:00am-10:59am,7,10:00am-10:59am,12,10:00am-10:59am,35,1,Daylight,Clear,1,0,['Driver'],['Shoulder_Lapbelt'],0,0,Valid,0.0,0.0,57.0,57.0,['Male'],0,0,3,4,3,Dry,Straight,Level,Lowest,No
25469,39,Ohio,390343,1,1,1,0,1,TOLEDO,May,20,Saturday,23,30,Urban,Medium Speed (Collector),No,41.68331944,-83.566675,Non-Intersection,Dark - Not Lighted,Clear,11:00pm-11:59pm,32,11:00pm-11:59pm,35,11:00pm-11:59pm,56,1,Dark - Unlighted,Clear,0,1,[],[],0,0,Valid,0.0,1.0,20.0,20.0,['Female'],0,0,2,4,4,Dry,Straight,Level,Lowest,No
25470,39,Ohio,390344,0,2,2,0,4,NOT APPLICABLE,May,17,Wednesday,14,44,Rural,Medium Speed (Collector),No,41.42796667,-83.846925,Non-Intersection,Daylight,Clear,3:00pm-3:59pm,7,3:00pm-3:59pm,15,3:00pm-3:59pm,55,1,Daylight,Clear,1,3,['Front_Passenger'],['None_Used'],0,0,Valid,1.0,1.0,64.0,18.0,"['Female', 'Female']",0,0,3,4,5,Dry,Straight,Level,Lowest,No
25471,39,Ohio,390345,0,1,1,0,2,CINCINNATI,May,19,Friday,15,37,Urban,Medium Speed (Collector),No,39.13199167,-84.53057778,Complex/Circle,Daylight,Clear,3:00pm-3:59pm,50,4:00pm-4:59pm,15,4:00pm-4:59pm,40,1,Daylight,Clear,1,1,['Driver'],['None_Used'],1,1,Valid,0.0,1.0,54.0,54.0,['Female'],2,0,2,4,3,Dry,Straight,Grade/Hillcrest,Lowest,No
25472,39,Ohio,390346,0,1,1,0,3,COLUMBUS,April,30,Sunday,2,48,Urban,Low Speed (Local),No,40.10455,-83.07346111,Non-Intersection,Dark - Not Lighted,Rain,2:00am-2:59am,57,3:00am-3:59am,4,3:00am-3:59am,24,2,Dark - Unlighted,Rain/Wind/Minor,2,1,"['Driver', 'Front_Passenger']","['Shoulder_Lapbelt', 'Shoulder_Lapbelt']",1,1,Valid,0.0,0.0,30.0,30.0,['Male'],0,0,3,4,3,Wet/Standing Water,Straight,Level,Lowest,No
25473,39,Ohio,390347,0,3,3,0,3,COLUMBUS,May,5,Friday,0,2,Urban,High Speed (Arterial),No,40.03163333,-82.96395833,Complex/Circle,Dark - Lighted,Clear,0:00am-0:59am,3,0:00am-0:59am,4,0:00am-0:59am,25,1,Dark - Lighted,Clear,1,2,['Driver'],['Shoulder_Lapbelt'],0,0,Valid,1.0,0.0,41.0,20.0,"['Male', 'Male', 'Female']",1,0,3,4,5,Dry,Straight,Level,Lowest,No
25474,39,Ohio,390348,0,2,2,0,3,COLUMBUS,May,22,Monday,20,25,Urban,Medium Speed (Collector),No,39.98698056,-82.8902,Complex/Circle,Daylight,Clear,8:00pm-8:59pm,29,8:00pm-8:59pm,33,8:00pm-8:59pm,53,1,Daylight,Clear,1,2,['Driver'],['Shoulder_Lapbelt'],0,0,Invalid,0.0,0.0,47.0,20.0,"['Male', 'Female']",0,0,2,4,5,Dry,Straight,Level,Lowest,No
25475,39,Ohio,390349,2,1,1,0,1,NOT APPLICABLE,February,22,Wednesday,16,54,Urban,Low Speed (Local),No,39.24554167,-84.51694444,Non-Intersection,Daylight,Clear,4:00pm-4:59pm,54,4:00pm-4:59pm,58,5:00pm-5:59pm,19,2,Daylight,Clear,0,1,[],[],0,0,Valid,2.0,0.0,76.0,76.0,['Female'],0,0,3,3,4,Dry,Straight,Grade/Hillcrest,Lowest,No
25476,39,Ohio,390350,0,2,2,0,2,CLEVELAND,April,11,Tuesday,19,58,Urban,Medium Speed (Collector),No,41.43431389,-81.70693889,Simple Junction,Dusk,Clear,8:00pm-8:59pm,1,8:00pm-8:59pm,5,Not Applicable (Not Transported),Not Applicable (Not Transported),1,Twilight,Clear,1,1,['Driver'],['None_Used'],0,0,Valid,0.0,0.0,29.0,27.0,"['Male', 'Male']",1,0,5,4,5,Dry,Straight,Grade/Hillcrest,Lowest,No
25477,39,Ohio,390351,0,2,2,0,2,NOT APPLICABLE,May,15,Monday,9,56,Rural,Low Speed (Local),No,40.39568056,-84.67460278,Non-Intersection,Daylight,Clear,10:00am-10:59am,2,10:00am-10:59am,8,10:00am-10:59am,28,1,Daylight,Clear,1,1,['Driver'],['None_Used'],0,0,Valid,1.0,0.0,82.0,30.0,"['Male', 'Male']",0,0,5,3,5,Dry,Straight,Level,Lowest,No
25478,39,Ohio,390352,0,1,1,0,1,NOT APPLICABLE,May,21,Sunday,20,4,Rural,Medium Speed (Collector),No,41.65074444,-80.86553056,Non-Intersection,Daylight,Clear,8:00pm-8:59pm,6,8:00pm-8:59pm,9,9:00pm-9:59pm,13,1,Daylight,Clear,1,0,['Driver'],['None_Used'],1,1,Valid,1.0,1.0,27.0,27.0,['Male'],1,0,5,4,2,Dry,Curve,Level,Lowest,No
25479,39,Ohio,390354,0,2,2,0,2,COLUMBUS,May,24,Wednesday,9,23,Urban,High Speed (Arterial),Yes,39.96978889,-83.06873889,Non-Intersection,Daylight,Clear,9:00am-9:59am,26,9:00am-9:59am,33,9:00am-9:59am,44,1,Daylight,Clear,1,1,['Driver'],['Shoulder_Lapbelt'],0,0,Valid,0.0,0.0,74.0,28.0,"['Female', 'Male']",0,0,3,4,5,Dry,Straight,Grade/Hillcrest,Lowest,No
25480,39,Ohio,390355,1,1,1,0,1,NOT APPLICABLE,May,10,Wednesday,15,40,Rural,Low Speed (Local),No,41.09752778,-83.22833056,Non-Intersection,Daylight,Clear,3:00pm-3:59pm,45,4:00pm-4:59pm,6,4:00pm-4:59pm,48,1,Daylight,Clear,0,1,[],[],0,0,Invalid,0.0,0.0,67.0,67.0,['Female'],0,0,2,2,4,Dry,Straight,Level,Lowest,No
25481,39,Ohio,390356,0,1,1,0,2,EUCLID,April,26,Wednesday,6,45,Urban,High Speed (Arterial),Yes,41.57873611,-81.51347222,Non-Intersection,Daylight,Clear,6:00am-6:59am,49,6:00am-6:59am,55,7:00am-7:59am,14,1,Daylight,Clear,1,1,['Driver'],['Shoulder_Lapbelt'],0,0,Valid,0.0,0.0,66.0,66.0,['Female'],0,0,3,4,3,Dry,Straight,Level,Lowest,No
25482,39,Ohio,390357,0,1,1,0,1,NOT APPLICABLE,May,19,Friday,10,30,Urban,Medium Speed (Collector),No,41.58544444,-82.83328056,Non-Intersection,Daylight,Clear,10:00am-10:59am,31,10:00am-10:59am,42,11:00am-11:59am,22,1,Daylight,Clear,1,0,['Driver'],['None_Used'],1,1,Valid,0.0,0.0,58.0,58.0,['Male'],0,0,3,4,3,Dry,Curve,Grade/Hillcrest,Lowest,No
25483,39,Ohio,390358,0,2,2,0,2,NOT APPLICABLE,May,22,Monday,17,47,Rural,Low Speed (Local),No,41.15708056,-83.4597,Non-Intersection,Daylight,Clear,5:00pm-5:59pm,51,6:00pm-6:59pm,3,Not Applicable (Not Transported),Not Applicable (Not Transported),1,Daylight,Clear,1,1,['Driver'],['None_Used'],0,0,Valid,1.0,1.0,61.0,39.0,"['Male', 'Male']",0,0,5,4,5,Dry,Straight,Level,Lowest,No
25484,39,Ohio,390359,0,1,1,0,1,TOLEDO,May,18,Thursday,0,25,Urban,High Speed (Arterial),No,41.68471944,-83.55535,Complex/Circle,Dark - Lighted,Clear,0:00am-0:59am,29,0:00am-0:59am,36,0:00am-0:59am,48,1,Dark - Lighted,Clear,1,0,['Driver'],['None_Used'],0,0,Invalid,0.0,0.0,40.0,40.0,['Male'],1,0,3,4,2,Dry,Straight,Level,Lowest,No
25485,39,Ohio,390360,0,2,2,0,2,TOLEDO,May,25,Thursday,22,45,Urban,High Speed (Arterial),Yes,41.62858056,-83.60781111,Simple Junction,Dark - Lighted,Clear,10:00pm-10:59pm,54,11:00pm-11:59pm,2,11:00pm-11:59pm,26,1,Dark - Lighted,Clear,1,1,['Driver'],['Shoulder_Lapbelt'],1,1,Valid,2.0,0.0,71.0,37.0,"['Female', 'Male']",0,0,2,4,5,Dry,Straight,Level,Lowest,No
25486,39,Ohio,390361,0,2,2,0,2,MAUMEE,May,28,Sunday,17,10,Urban,High Speed (Arterial),Yes,41.56660278,-83.656025,Non-Intersection,Daylight,Clear,5:00pm-5:59pm,10,5:00pm-5:59pm,14,Not Applicable (Not Transported),Not Applicable (Not Transported),1,Daylight,Clear,1,1,['Driver'],['None_Used'],0,0,Valid,1.0,1.0,41.0,21.0,"['Male', 'Male']",1,0,5,4,5,Dry,Straight,Level,Lowest,No
25487,39,Ohio,390362,1,1,1,0,1,CINCINNATI,May,4,Thursday,22,40,Urban,Medium Speed (Collector),No,39.16018333,-84.540675,Non-Intersection,Dark - Lighted,Clear,10:00pm-10:59pm,43,10:00pm-10:59pm,49,11:00pm-11:59pm,8,1,Dark - Lighted,Clear,0,1,[],[],0,0,Valid,0.0,0.0,52.0,52.0,['Female'],0,0,2,3,4,Dry,Straight,Level,Lowest,No
25488,39,Ohio,390363,0,2,2,0,3,LOCKLAND,May,16,Tuesday,21,15,Urban,High Speed (Arterial),Yes,39.23288333,-84.45018333,Non-Intersection,Dark - Lighted,Cloudy,9:00pm-9:59pm,21,9:00pm-9:59pm,30,9:00pm-9:59pm,58,1,Dark - Lighted,Reduced Visibility,1,2,['Front_Passenger'],['Shoulder_Lapbelt'],0,0,Invalid,1.0,3.0,27.0,22.0,"['Male', 'Male']",2,0,4,4,5,Dry,Straight,Grade/Hillcrest,Lowest,No
25489,39,Ohio,390364,1,1,1,0,1,NOT APPLICABLE,May,21,Sunday,21,21,Rural,Medium Speed (Collector),No,41.35173889,-82.49399167,Non-Intersection,Dark - Not Lighted,Clear,9:00pm-9:59pm,21,9:00pm-9:59pm,50,Not Applicable (Not Transported),Not Applicable (Not Transported),1,Dark - Unlighted,Clear,0,1,[],[],0,0,Valid,2.0,2.0,23.0,23.0,['Female'],0,0,2,3,4,Dry,Straight,Level,Lowest,No
25490,39,Ohio,390365,0,2,2,0,3,NOT APPLICABLE,May,20,Saturday,23,34,Urban,High Speed (Arterial),Yes,39.568375,-84.16411111,Complex/Circle,Dark - Lighted,Cloudy,11:00pm-11:59pm,30,11:00pm-11:59pm,35,0:00am-0:59am,1,2,Dark - Lighted,Reduced Visibility,2,1,"['Driver', 'Front_Passenger']","['Shoulder_Lapbelt', 'Shoulder_Lapbelt']",0,0,Valid,0.0,0.0,57.0,20.0,"['Male', 'Female']",0,0,3,4,5,Dry,Straight,Level,Lowest,No
25491,39,Ohio,390366,0,2,2,0,4,NOT APPLICABLE,May,19,Friday,18,49,Rural,Medium Speed (Collector),No,39.37576667,-83.86141111,Non-Intersection,Daylight,Clear,6:00pm-6:59pm,53,7:00pm-7:59pm,1,7:00pm-7:59pm,27,2,Daylight,Clear,2,2,"['Front_Passenger', 'Driver']","['Shoulder_Lapbelt', 'Shoulder_Lapbelt']",0,0,Valid,1.0,3.0,82.0,22.0,"['Female', 'Male']",0,0,2,4,5,Dry,Straight,Level,Lowest,No
25492,39,Ohio,390367,0,2,2,0,2,NOT APPLICABLE,May,22,Monday,9,15,Rural,Medium Speed (Collector),No,40.26348889,-83.4693,Complex/Circle,Daylight,Clear,9:00am-9:59am,10,9:00am-9:59am,18,10:00am-10:59am,0,1,Daylight,Clear,1,1,['Driver'],['Shoulder_Lapbelt'],0,0,Valid,0.0,0.0,77.0,65.0,"['Male', 'Male']",0,0,4,4,5,Dry,Straight,Level,Lowest,No
25493,39,Ohio,390368,0,2,1,1,1,NOT APPLICABLE,May,22,Monday,22,57,Urban,Medium Speed (Collector),No,41.76692222,-80.94624167,Simple Junction,Dark - Lighted,Clear,11:00pm-11:59pm,1,11:00pm-11:59pm,4,Not Applicable (Not Transported),Not Applicable (Not Transported),1,Dark - Lighted,Clear,1,0,['Driver'],['None_Used'],1,1,Valid,0.0,0.0,40.0,40.0,['Male'],1,0,3,4,5,Dry,Curve,Level,Lowest,No
25494,39,Ohio,390369,0,1,1,0,1,NOT APPLICABLE,May,5,Friday,15,31,Rural,High Speed (Arterial),Yes,41.10523889,-81.1584,Non-Intersection,Daylight,Clear,3:00pm-3:59pm,34,3:00pm-3:59pm,40,4:00pm-4:59pm,4,1,Daylight,Clear,1,0,['Driver'],['None_Used'],0,0,Valid,2.0,0.0,64.0,64.0,['Male'],1,0,5,2,2,Dry,Straight,Level,Lowest,No
25495,39,Ohio,390370,0,1,1,0,1,EUCLID,March,28,Tuesday,13,40,Urban,High Speed (Arterial),Yes,41.59942778,-81.50688056,Non-Intersection,Daylight,Clear,1:00pm-1:59pm,42,1:00pm-1:59pm,48,Not Applicable (Not Transported),Not Applicable (Not Transported),1,Daylight,Clear,1,0,['Driver'],['None_Used'],1,1,Invalid,1.0,0.0,46.0,46.0,['Male'],0,0,3,4,3,Dry,Straight,Grade/Hillcrest,Lowest,No
25496,39,Ohio,390371,0,1,1,0,1,NOT APPLICABLE,May,21,Sunday,4,33,Rural,Medium Speed (Collector),No,40.06881944,-81.20960833,Non-Intersection,Dark - Not Lighted,Clear,4:00am-4:59am,32,4:00am-4:59am,48,5:00am-5:59am,13,1,Dark - Unlighted,Clear,1,0,['Driver'],['None_Used'],1,1,Valid,0.0,0.0,25.0,25.0,['Female'],0,0,5,2,3,Dry,Curve,Level,Lowest,No
25497,39,Ohio,390372,1,2,1,1,3,LOGAN,May,19,Friday,17,45,Urban,High Speed (Arterial),Yes,39.53605,-82.43691111,Non-Intersection,Daylight,Clear,5:00pm-5:59pm,45,6:00pm-6:59pm,9,7:00pm-7:59pm,12,1,Daylight,Clear,1,2,['Front_Passenger'],['None_Used'],0,0,Valid,0.0,1.0,20.0,20.0,['Female'],0,0,2,4,5,Dry,Straight,Level,Lowest,No
25498,39,Ohio,390373,0,1,1,0,1,NOT APPLICABLE,May,18,Thursday,14,3,Rural,Medium Speed (Collector),No,39.87711667,-82.28928611,Non-Intersection,Daylight,Clear,1:00pm-1:59pm,58,2:00pm-2:59pm,1,2:00pm-2:59pm,25,1,Daylight,Clear,1,0,['Driver'],['None_Used'],1,1,Invalid,0.0,0.0,31.0,31.0,['Male'],0,0,5,2,3,Dry,Curve,Grade/Hillcrest,Lowest,No
25499,39,Ohio,390374,0,2,2,0,2,MONROE,May,22,Monday,8,30,Urban,Medium Speed (Collector),No,39.46586111,-84.32093333,Non-Intersection,Daylight,Cloudy,8:00am-8:59am,27,8:00am-8:59am,32,8:00am-8:59am,47,1,Daylight,Reduced Visibility,1,1,['Driver'],['None_Used'],0,0,Valid,1.0,1.0,82.0,31.0,"['Male', 'Male']",0,0,5,4,5,Dry,Straight,Level,Lowest,No
25500,39,Ohio,390375,0,1,1,0,1,MARIETTA,May,22,Monday,17,15,Urban,High Speed (Arterial),Yes,39.44405278,-81.43473056,Non-Intersection,Daylight,Clear,5:00pm-5:59pm,16,5:00pm-5:59pm,19,Not Applicable (Not Transported),Not Applicable (Not Transported),1,Daylight,Clear,1,0,['Driver'],['None_Used'],0,0,Valid,0.0,1.0,31.0,31.0,['Male'],1,0,2,4,3,Dry,Curve,Grade/Hillcrest,Lowest,No
25501,39,Ohio,390376,0,4,2,2,3,NOT APPLICABLE,May,28,Sunday,17,48,Urban,Medium Speed (Collector),No,39.95516944,-83.11037778,Non-Intersection,Daylight,Clear,5:00pm-5:59pm,51,5:00pm-5:59pm,54,6:00pm-6:59pm,9,1,Daylight,Clear,1,2,['Driver'],['None_Used'],1,1,Valid,0.0,0.0,42.0,39.0,"['Male', 'Male']",0,0,5,4,5,Dry,Straight,Level,Lowest,No
25502,39,Ohio,390377,0,1,1,0,2,GROVE CITY,May,28,Sunday,8,0,Urban,High Speed (Arterial),Yes,39.88874722,-83.04143611,Non-Intersection,Daylight,Clear,12:00pm-12:59pm,36,12:00pm-12:59pm,42,12:00pm-12:59pm,57,1,Daylight,Clear,1,1,['Driver'],['Shoulder_Lapbelt'],0,0,Invalid,0.0,0.0,19.0,19.0,['Female'],0,0,2,4,2,Dry,Curve,Grade/Hillcrest,Lowest,No
25503,39,Ohio,390378,0,1,1,0,1,NOT APPLICABLE,May,24,Wednesday,22,6,Rural,Medium Speed (Collector),No,40.18699444,-80.92708056,Non-Intersection,Dark - Not Lighted,Clear,10:00pm-10:59pm,21,10:00pm-10:59pm,39,11:00pm-11:59pm,32,1,Dark - Unlighted,Clear,1,0,['Driver'],['None_Used'],0,0,Valid,0.0,0.0,51.0,51.0,['Male'],0,0,5,4,1,Dry,Straight,Grade/Hillcrest,Lowest,No
25504,39,Ohio,390379,0,3,2,1,2,CINCINNATI,May,27,Saturday,7,5,Urban,Low Speed (Local),No,39.10640278,-84.56604167,Non-Intersection,Daylight,Clear,7:00am-7:59am,7,7:00am-7:59am,11,7:00am-7:59am,32,1,Daylight,Clear,1,1,['Driver'],['None_Used'],1,1,Valid,1.0,1.0,35.0,20.0,"['Female', 'Female']",0,0,2,4,5,Dry,Curve,Grade/Hillcrest,Lowest,No
25505,39,Ohio,390380,0,5,2,3,2,NOT APPLICABLE,May,13,Saturday,19,50,Rural,Medium Speed (Collector),No,40.57268333,-83.33203333,Non-Intersection,Daylight,Clear,7:00pm-7:59pm,54,8:00pm-8:59pm,1,8:00pm-8:59pm,27,1,Daylight,Clear,1,1,['Driver'],['None_Used'],0,0,Valid,1.0,0.0,43.0,32.0,"['Male', 'Male']",0,0,3,4,5,Dry,Curve,Level,Lowest,No
25506,39,Ohio,390381,0,2,2,0,2,ENGLEWOOD,April,4,Tuesday,7,5,Urban,High Speed (Arterial),No,39.86125,-84.28281111,Non-Intersection,Dark - Lighted,Cloudy,7:00am-7:59am,4,7:00am-7:59am,7,7:00am-7:59am,35,1,Dark - Lighted,Reduced Visibility,1,1,['Driver'],['Shoulder_Lapbelt'],0,0,Valid,0.0,0.0,66.0,18.0,"['Male', 'Male']",0,0,2,4,5,Dry,Straight,Level,Lowest,No
25507,39,Ohio,390382,0,2,2,0,2,NOT APPLICABLE,May,22,Monday,14,9,Rural,Medium Speed (Collector),No,40.12863333,-84.32005,Non-Intersection,Daylight,Clear,2:00pm-2:59pm,11,2:00pm-2:59pm,18,Not Applicable (Not Transported),Not Applicable (Not Transported),1,Daylight,Clear,1,1,['Driver'],['None_Used'],0,0,Valid,0.0,0.0,65.0,30.0,"['Male', 'Male']",0,0,3,4,5,Dry,Straight,Level,Lowest,No
25508,39,Ohio,390383,0,3,3,0,6,COLUMBUS,May,21,Sunday,18,15,Urban,Medium Speed (Collector),No,39.89108333,-82.97920833,Simple Junction,Daylight,Clear,6:00pm-6:59pm,17,6:00pm-6:59pm,21,6:00pm-6:59pm,39,1,Daylight,Clear,1,5,['Driver'],['None_Used'],1,1,Invalid,1.0,0.0,34.0,22.0,"['Male', 'Female', 'Male']",0,0,5,4,5,Dry,Straight,Level,Lowest,No
25509,39,Ohio,390384,0,2,2,0,2,NOT APPLICABLE,May,21,Sunday,0,17,Rural,High Speed (Arterial),Yes,38.9773,-84.11401944,Complex/Circle,Dark - Not Lighted,Clear,0:00am-0:59am,19,0:00am-0:59am,41,1:00am-1:59am,23,1,Dark - Unlighted,Clear,1,1,['Driver'],['None_Used'],1,1,Valid,2.0,1.0,53.0,39.0,"['Male', 'Male']",0,0,5,4,5,Dry,Curve,Grade/Hillcrest,Lowest,No
25510,39,Ohio,390385,0,2,2,0,4,NOT APPLICABLE,May,25,Thursday,18,26,Urban,Medium Speed (Collector),No,39.95337222,-82.06354722,Complex/Circle,Daylight,Clear,6:00pm-6:59pm,26,7:00pm-7:59pm,30,7:00pm-7:59pm,49,1,Daylight,Clear,1,3,['Front_Passenger'],['Shoulder_Lapbelt'],0,0,Valid,0.0,0.0,32.0,18.0,"['Female', 'Male']",0,0,3,4,5,Dry,Straight,Level,Lowest,No
25511,39,Ohio,390386,0,1,1,0,4,NOT APPLICABLE,May,25,Thursday,16,48,Urban,Low Speed (Local),No,38.45840833,-82.32346944,Non-Intersection,Daylight,Clear,4:00pm-4:59pm,42,4:00pm-4:59pm,49,5:00pm-5:59pm,17,1,Daylight,Clear,1,3,['Driver'],['None_Used'],0,0,Valid,0.0,0.0,15.0,15.0,['Male'],4,0,5,3,3,Dry,Curve,Level,Lowest,No