,State_Code,State_Name,Crash_ID,Count_Non_Motorists,Count_Vehicles_Total,Count_Vehicle_Forms,Count_PVH_Involved,Count_Occupants_MV,City_Name,Month_Name,Day_of_Month,Day_of_Week,Crash_Hour,Crash_Minute,Area_Rural_Urban,Road_Functional_Class,On_NHS_Road,Latitude,Longitude,Intersection_Type,Light_Condition,Weather_Condition,Notif_Hour,Notif_Minute,Arrival_Hour,Arrival_Minute,Hospital_Hour,Hospital_Minute,Fatalities_Count,Clean_Light_Condition,Clean_Weather_Condition,Total_Killed,Total_Alive,Fatal_Seats_List,Killed_Restraint_List,Any_Driver_Drinking,Total_Drinking_Drivers,Driver_License_Category,Driver_Max_Prev_Accident_Count,Driver_Max_Prev_Speeding_Count,Max_Driver_Age,Min_Driver_Age,Driver_Sex_List,Total_Exceeding_Limit_Vehicles,Total_Too_Fast_Vehicles,Max_Vehicle_Type_Severity_5,Max_Vehicle_Damage_Rank,Max_Harmful_Event_Severity,Crash_Road_Surface_Condition,Crash_Horizontal_Alignment,Crash_Vertical_Profile,Crash_Impairment_Category,Crash_Vehicle_Defect
25512,39,Ohio,390387,0,1,1,0,1,NOT APPLICABLE,May,23,Tuesday,14,36,Urban,High Speed (Arterial),Yes,41.27600278,-81.806175,Non-Intersection,Daylight,Clear,2:00pm-2:59pm,33,2:00pm-2:59pm,43,3:00pm-3:59pm,5,1,Daylight,Clear,1,0,['Driver'],['Shoulder_Lapbelt'],0,0,Valid,0.0,0.0,70.0,70.0,['Male'],0,0,3,4,3,Dry,Straight,Level,Lowest,No
25513,39,Ohio,390388,0,1,1,0,1,WILLOUGHBY HILLS,May,27,Saturday,5,53,Urban,High Speed (Arterial),Yes,41.60474722,-81.43436111,Non-Intersection,Daylight,Clear,5:00am-5:59am,52,6:00am-6:59am,0,6:00am-6:59am,39,1,Daylight,Clear,1,0,['Driver'],['None_Used'],0,0,Invalid,0.0,0.0,58.0,58.0,['Female'],0,0,2,4,3,Dry,Straight,Level,Lowest,No
25514,39,Ohio,390389,0,1,1,0,1,NOT APPLICABLE,May,28,Sunday,15,6,Rural,Medium Speed (Collector),No,40.77373889,-80.80825278,Non-Intersection,Daylight,Cloudy,3:00pm-3:59pm,3,3:00pm-3:59pm,16,4:00pm-4:59pm,29,1,Daylight,Reduced Visibility,1,0,['Driver'],['None_Used'],1,1,Valid,0.0,0.0,42.0,42.0,['Male'],0,0,5,4,2,Dry,Straight,Grade/Hillcrest,Lowest,No
25515,39,Ohio,390391,1,1,1,0,1,NOT APPLICABLE,May,29,Monday,22,0,Urban,Medium Speed (Collector),No,39.91826667,-82.834525,Non-Intersection,Dark - Not Lighted,Clear,10:00pm-10:59pm,32,10:00pm-10:59pm,34,11:00pm-11:59pm,0,1,Dark - Unlighted,Clear,0,1,[],[],0,0,Invalid,0.0,0.0,998.0,998.0,['Male'],0,0,1,0,4,Dry,Straight,Level,Lowest,No
25516,39,Ohio,390392,2,1,1,0,1,CINCINNATI,May,30,Tuesday,20,15,Urban,Low Speed (Local),No,39.12234167,-84.57846111,Complex/Circle,Dusk,Clear,8:00pm-8:59pm,19,8:00pm-8:59pm,21,8:00pm-8:59pm,21,1,Twilight,Clear,0,1,[],[],0,0,Invalid,0.0,0.0,24.0,24.0,['Male'],0,0,3,2,4,Dry,Straight,Level,Lowest,No
25517,39,Ohio,390393,0,2,2,0,2,Not Reported,May,30,Tuesday,9,15,Rural,Medium Speed (Collector),No,40.89100833,-82.95853611,Non-Intersection,Daylight,Clear,9:00am-9:59am,24,9:00am-9:59am,55,10:00am-10:59am,31,1,Daylight,Clear,1,1,['Driver'],['None_Used'],0,0,Invalid,1.0,0.0,34.0,28.0,"['Female', 'Female']",0,0,3,4,5,Dry,Straight,Level,Lowest,No
25518,39,Ohio,390394,0,2,2,0,3,LORAIN,May,19,Friday,21,42,Urban,Medium Speed (Collector),No,41.43716944,-82.18534444,Non-Intersection,Dark - Lighted,Clear,9:00pm-9:59pm,45,9:00pm-9:59pm,50,Not Applicable (Not Transported),Not Applicable (Not Transported),1,Dark - Lighted,Clear,1,2,['Driver'],['None_Used'],1,1,Valid,1.0,2.0,35.0,24.0,"['Male', 'Female']",1,0,5,4,5,Dry,Straight,Level,Lowest,No
25519,39,Ohio,390395,0,2,2,0,4,NOT APPLICABLE,May,29,Monday,16,14,Urban,High Speed (Arterial),Yes,40.08306111,-84.23374167,Non-Intersection,Daylight,Clear,4:00pm-4:59pm,22,4:00pm-4:59pm,34,5:00pm-5:59pm,6,1,Daylight,Clear,1,3,['Driver'],['None_Used'],0,0,Valid,0.0,1.0,48.0,42.0,"['Male', 'Male']",0,0,5,2,5,Dry,Straight,Level,Lowest,No
25520,39,Ohio,390396,0,1,1,0,2,DAYTON,June,1,Thursday,4,1,Urban,High Speed (Arterial),Yes,39.78876111,-84.18321944,Non-Intersection,Dark - Lighted,Clear,4:00am-4:59am,6,4:00am-4:59am,14,Not Applicable (Not Transported),Not Applicable (Not Transported),2,Dark - Lighted,Clear,2,0,"['Driver', 'Non_Standard_Risk']","['Shoulder_Lapbelt', 'None_Used']",0,0,Invalid,0.0,0.0,34.0,34.0,['Male'],0,0,4,4,3,Dry,Curve,Level,Lowest,No
25521,39,Ohio,390397,0,2,2,0,3,Other,June,3,Saturday,8,37,Urban,Medium Speed (Collector),No,40.71856389,-82.81012222,Non-Intersection,Daylight,Clear,8:00am-8:59am,42,8:00am-8:59am,45,Not Applicable (Not Transported),Not Applicable (Not Transported),1,Daylight,Clear,1,2,['Driver'],['Shoulder_Lapbelt'],0,0,Valid,2.0,0.0,59.0,23.0,"['Male', 'Male']",0,0,4,4,5,Dry,Straight,Level,Lowest,No
25522,39,Ohio,390398,0,2,2,0,2,DELAWARE,May,25,Thursday,4,18,Urban,High Speed (Arterial),Yes,40.28972222,-83.02055278,Non-Intersection,Dark - Not Lighted,Clear,4:00am-4:59am,19,4:00am-4:59am,24,4:00am-4:59am,50,1,Dark - Unlighted,Clear,1,1,['Driver'],['Shoulder_Lapbelt'],1,1,Valid,1.0,0.0,43.0,38.0,"['Female', 'Male']",0,0,3,4,5,Dry,Straight,Level,Lowest,No
25523,39,Ohio,390400,0,2,2,0,3,UNIVERSITY HTS,May,27,Saturday,16,26,Urban,Low Speed (Local),No,41.501325,-81.54926111,Simple Junction,Daylight,Clear,4:00pm-4:59pm,27,4:00pm-4:59pm,30,4:00pm-4:59pm,56,2,Daylight,Clear,2,1,"['Driver', 'Front_Passenger']","['Shoulder_Lapbelt', 'Shoulder_Lapbelt']",0,0,Valid,3.0,1.0,57.0,19.0,"['Male', 'Male']",2,0,3,4,5,Dry,Straight,Grade/Hillcrest,Lowest,No
25524,39,Ohio,390401,0,2,2,0,3,NOT APPLICABLE,May,27,Saturday,19,3,Rural,Low Speed (Local),No,40.00469722,-84.598125,Complex/Circle,Daylight,Clear,7:00pm-7:59pm,3,7:00pm-7:59pm,11,7:00pm-7:59pm,56,1,Daylight,Clear,1,2,['Driver'],['Shoulder_Lapbelt'],0,0,Invalid,0.0,0.0,48.0,17.0,"['Female', 'Male']",0,0,3,4,5,Dry,Straight,Level,Lowest,No
25525,39,Ohio,390402,0,1,1,0,1,NOT APPLICABLE,May,27,Saturday,15,12,Urban,Medium Speed (Collector),No,38.89233611,-84.20799167,Non-Intersection,Daylight,Cloudy,3:00pm-3:59pm,11,3:00pm-3:59pm,21,Not Applicable (Not Transported),Not Applicable (Not Transported),1,Daylight,Reduced Visibility,1,0,['Driver'],['None_Used'],0,0,Valid,0.0,0.0,67.0,67.0,['Male'],0,0,5,2,2,Dry,Curve,Grade/Hillcrest,Lowest,No
25526,39,Ohio,390403,1,1,1,0,5,NOT APPLICABLE,May,28,Sunday,0,7,Rural,Medium Speed (Collector),No,39.00161667,-84.04217778,Non-Intersection,Dark - Not Lighted,Clear,0:00am-0:59am,7,0:00am-0:59am,16,Not Applicable (Not Transported),Not Applicable (Not Transported),1,Dark - Unlighted,Clear,0,5,[],[],0,0,Invalid,0.0,0.0,21.0,21.0,['Male'],0,0,2,2,4,Dry,Straight,Level,Lowest,No
25527,39,Ohio,390404,0,1,1,0,1,NOT APPLICABLE,May,29,Monday,19,2,Rural,Medium Speed (Collector),No,40.38649722,-83.45373611,Non-Intersection,Daylight,Clear,7:00pm-7:59pm,4,7:00pm-7:59pm,17,7:00pm-7:59pm,40,1,Daylight,Clear,1,0,['Driver'],['None_Used'],0,0,Valid,0.0,0.0,68.0,68.0,['Male'],0,0,3,4,3,Dry,Straight,Level,Lowest,No
25528,39,Ohio,390405,0,2,2,0,2,COLUMBUS,June,2,Friday,9,47,Urban,High Speed (Arterial),Yes,39.98024722,-82.83620278,Complex/Circle,Daylight,Clear,9:00am-9:59am,47,9:00am-9:59am,49,9:00am-9:59am,54,1,Daylight,Clear,1,1,['Driver'],['None_Used'],0,0,Valid,2.0,1.0,81.0,23.0,"['Female', 'Male']",0,0,5,4,5,Dry,Straight,Grade/Hillcrest,Lowest,No
25529,39,Ohio,390406,0,1,1,0,1,EVENDALE,June,4,Sunday,22,24,Urban,High Speed (Arterial),Yes,39.246925,-84.44716389,Non-Intersection,Dark - Not Lighted,Clear,10:00pm-10:59pm,29,10:00pm-10:59pm,33,Not Applicable (Not Transported),Not Applicable (Not Transported),1,Dark - Unlighted,Clear,1,0,['Driver'],['None_Used'],1,1,Valid,0.0,0.0,45.0,45.0,['Male'],0,0,2,4,3,Dry,Straight,Level,Lowest,No
25530,39,Ohio,390407,0,1,1,0,2,CLEVELAND,May,6,Saturday,18,35,Urban,High Speed (Arterial),No,41.50153333,-81.63846667,Complex/Circle,Daylight,Cloudy,6:00pm-6:59pm,40,6:00pm-6:59pm,44,6:00pm-6:59pm,57,1,Daylight,Reduced Visibility,1,1,['Driver'],['None_Used'],1,1,Invalid,0.0,0.0,34.0,34.0,['Female'],2,0,2,4,3,Dry,Straight,Level,Lowest,No
25531,39,Ohio,390408,0,1,1,0,2,NOT APPLICABLE,April,5,Wednesday,2,35,Urban,Medium Speed (Collector),No,39.20182222,-84.46507778,Non-Intersection,Dark - Not Lighted,Cloudy,3:00am-3:59am,6,3:00am-3:59am,21,3:00am-3:59am,49,1,Dark - Unlighted,Reduced Visibility,1,1,['Driver'],['None_Used'],1,1,Invalid,1.0,0.0,40.0,40.0,['Female'],2,0,3,4,3,Dry,Curve,Level,Lowest,No
25532,39,Ohio,390409,0,1,1,0,2,NOT APPLICABLE,May,24,Wednesday,0,57,Rural,Medium Speed (Collector),No,40.68720278,-82.37822778,Non-Intersection,Dark - Not Lighted,Clear,0:00am-0:59am,58,1:00am-1:59am,11,Not Applicable (Not Transported),Not Applicable (Not Transported),1,Dark - Unlighted,Clear,1,1,['Front_Passenger'],['None_Used'],1,1,Invalid,0.0,0.0,32.0,32.0,['Male'],2,0,2,4,3,Dry,Straight,Grade/Hillcrest,Lowest,No
25533,39,Ohio,390410,0,1,1,0,1,NOT APPLICABLE,May,26,Friday,20,14,Rural,Medium Speed (Collector),No,39.99819167,-81.50264444,Non-Intersection,Daylight,Clear,8:00pm-8:59pm,14,8:00pm-8:59pm,22,8:00pm-8:59pm,39,1,Daylight,Clear,1,0,['Driver'],['None_Used'],1,1,Valid,0.0,1.0,28.0,28.0,['Female'],0,0,5,4,1,Dry,Straight,Level,Lowest,No
25534,39,Ohio,390411,0,1,1,0,1,AKRON,May,27,Saturday,21,13,Urban,Medium Speed (Collector),No,41.08220278,-81.53235833,Non-Intersection,Dusk,Clear,9:00pm-9:59pm,15,9:00pm-9:59pm,19,Not Applicable (Not Transported),Not Applicable (Not Transported),1,Twilight,Clear,1,0,['Driver'],['None_Used'],1,1,Invalid,1.0,1.0,37.0,37.0,['Male'],0,0,5,4,3,Dry,Straight,Level,Lowest,No
25535,39,Ohio,390412,0,1,1,0,1,NOT APPLICABLE,May,28,Sunday,19,17,Rural,Low Speed (Local),No,40.75106944,-84.24256111,Complex/Circle,Daylight,Clear,7:00pm-7:59pm,20,7:00pm-7:59pm,28,7:00pm-7:59pm,43,1,Daylight,Clear,1,0,['Driver'],['None_Used'],1,1,Valid,1.0,4.0,33.0,33.0,['Male'],1,0,2,4,3,Dry,Straight,Grade/Hillcrest,Lowest,No
25536,39,Ohio,390413,0,1,1,0,1,NOT APPLICABLE,May,30,Tuesday,4,34,Rural,Medium Speed (Collector),No,41.08181111,-82.662925,Non-Intersection,Dark - Not Lighted,Clear,4:00am-4:59am,39,4:00am-4:59am,51,Not Applicable (Not Transported),Not Applicable (Not Transported),1,Dark - Unlighted,Clear,1,0,['Driver'],['None_Used'],1,1,Valid,0.0,1.0,30.0,30.0,['Male'],0,0,2,4,3,Dry,Straight,Grade/Hillcrest,Lowest,No
25537,39,Ohio,390414,0,1,1,0,1,NOT APPLICABLE,May,31,Wednesday,5,56,Urban,Medium Speed (Collector),No,40.02453611,-81.54374444,Non-Intersection,Dawn,Cloudy,5:00am-5:59am,58,6:00am-6:59am,9,Not Applicable (Not Transported),Not Applicable (Not Transported),1,Twilight,Reduced Visibility,1,0,['Driver'],['None_Used'],0,0,Valid,1.0,1.0,20.0,20.0,['Male'],0,0,3,4,3,Dry,Straight,Level,Lowest,No
25538,39,Ohio,390415,0,1,1,0,2,NOT APPLICABLE,June,1,Thursday,14,39,Rural,High Speed (Arterial),Yes,39.49931944,-83.325275,Non-Intersection,Daylight,Clear,2:00pm-2:59pm,39,2:00pm-2:59pm,42,3:00pm-3:59pm,28,2,Daylight,Clear,2,0,"['Driver', 'Front_Passenger']","['None_Used', 'None_Used']",0,0,Valid,1.0,0.0,75.0,75.0,['Male'],0,0,2,4,3,Dry,Straight,Grade/Hillcrest,Lowest,No
25539,39,Ohio,390416,0,1,1,0,1,NOT APPLICABLE,April,6,Thursday,1,18,Urban,High Speed (Arterial),Yes,39.20621944,-84.70966389,Non-Intersection,Dark - Not Lighted,Rain,1:00am-1:59am,20,1:00am-1:59am,23,Not Applicable (Not Transported),Not Applicable (Not Transported),1,Dark - Unlighted,Rain/Wind/Minor,1,0,['Driver'],['None_Used'],1,1,Valid,1.0,3.0,37.0,37.0,['Male'],0,0,3,4,3,Wet/Standing Water,Curve,Grade/Hillcrest,Lowest,No
25540,39,Ohio,390418,0,1,1,0,1,NOT APPLICABLE,June,1,Thursday,22,23,Rural,High Speed (Arterial),Yes,41.82771389,-80.77050556,Non-Intersection,Dark - Lighted,Clear,10:00pm-10:59pm,23,10:00pm-10:59pm,38,Not Applicable (Not Transported),Not Applicable (Not Transported),1,Dark - Lighted,Clear,1,0,['Driver'],['None_Used'],0,0,Invalid,0.0,1.0,43.0,43.0,['Female'],1,0,3,4,3,Dry,Straight,Level,Lowest,No
25541,39,Ohio,390419,0,1,1,0,1,MASON,June,1,Thursday,15,16,Urban,Medium Speed (Collector),No,39.34988056,-84.309825,Non-Intersection,Daylight,Clear,3:00pm-3:59pm,18,3:00pm-3:59pm,21,3:00pm-3:59pm,38,1,Daylight,Clear,1,0,['Driver'],['None_Used'],0,0,Valid,0.0,2.0,42.0,42.0,['Female'],0,0,2,4,3,Dry,Curve,Grade/Hillcrest,Lowest,No
25542,39,Ohio,390420,0,2,2,0,3,NOT APPLICABLE,May,30,Tuesday,10,47,Rural,Medium Speed (Collector),No,39.51873889,-84.07271389,Complex/Circle,Daylight,Clear,11:00am-11:59am,2,11:00am-11:59am,13,11:00am-11:59am,31,2,Daylight,Clear,2,1,"['Driver', 'Front_Passenger']","['Shoulder_Lapbelt', 'Shoulder_Lapbelt']",0,0,Valid,0.0,0.0,44.0,39.0,"['Female', 'Male']",0,0,4,4,5,Dry,Straight,Level,Lowest,No
25543,39,Ohio,390421,0,2,2,0,2,WILLOUGHBY,May,31,Wednesday,9,4,Urban,Medium Speed (Collector),No,41.62932222,-81.41955833,Simple Junction,Daylight,Clear,9:00am-9:59am,4,9:00am-9:59am,6,9:00am-9:59am,23,1,Daylight,Clear,1,1,['Driver'],['Shoulder_Lapbelt'],0,0,Valid,1.0,1.0,84.0,46.0,"['Female', 'Male']",0,0,3,4,5,Dry,Straight,Level,Lowest,No
25544,39,Ohio,390422,0,1,1,0,2,NOT APPLICABLE,June,3,Saturday,1,17,Rural,Low Speed (Local),No,40.40945278,-82.35433333,Non-Intersection,Dark - Lighted,Clear,1:00am-1:59am,17,1:00am-1:59am,31,1:00am-1:59am,54,2,Dark - Lighted,Clear,2,0,"['Driver', 'Rear_Seat']","['None_Used', 'None_Used']",1,1,Valid,0.0,0.0,24.0,24.0,['Male'],2,0,1,4,3,Dry,Straight,Level,Lowest,No
25545,39,Ohio,390423,0,1,1,0,2,NOT APPLICABLE,April,22,Saturday,10,23,Rural,Medium Speed (Collector),No,40.623975,-81.1679,Non-Intersection,Daylight,Rain,10:00am-10:59am,27,10:00am-10:59am,47,11:00am-11:59am,18,1,Daylight,Rain/Wind/Minor,1,1,['Front_Passenger'],['Shoulder_Lapbelt'],0,0,Invalid,0.0,0.0,47.0,47.0,['Male'],0,0,2,4,3,Wet/Standing Water,Straight,Grade/Hillcrest,Lowest,No
25546,39,Ohio,390424,0,1,1,0,2,NOT APPLICABLE,April,30,Sunday,2,56,Rural,Medium Speed (Collector),No,39.58401111,-84.7198,Non-Intersection,Dark - Not Lighted,Clear,3:00am-3:59am,26,3:00am-3:59am,39,4:00am-4:59am,49,1,Dark - Unlighted,Clear,1,1,['Driver'],['None_Used'],1,1,Valid,0.0,0.0,50.0,50.0,['Male'],0,0,2,4,4,Wet/Standing Water,Straight,Grade/Hillcrest,Lowest,No
25547,39,Ohio,390425,0,2,2,0,2,NOT APPLICABLE,May,23,Tuesday,10,59,Urban,Medium Speed (Collector),No,39.41318611,-84.35451389,Simple Junction,Daylight,Clear,10:00am-10:59am,59,10:00am-10:59am,59,11:00am-11:59am,40,1,Daylight,Clear,1,1,['Driver'],['None_Used'],0,0,Valid,1.0,1.0,54.0,28.0,"['Male', 'Male']",0,0,5,4,5,Dry,Straight,Level,Lowest,No
25548,39,Ohio,390426,0,2,2,0,3,NOT APPLICABLE,May,26,Friday,15,48,Rural,Medium Speed (Collector),No,41.02471389,-81.06933333,Non-Intersection,Daylight,Clear,3:00pm-3:59pm,52,3:00pm-3:59pm,55,4:00pm-4:59pm,42,1,Daylight,Clear,1,2,['Driver'],['None_Used'],0,0,Valid,1.0,0.0,68.0,65.0,"['Female', 'Male']",0,0,5,4,5,Dry,Straight,Level,Lowest,No
25549,39,Ohio,390427,0,3,3,0,3,ONTARIO,May,27,Saturday,14,45,Urban,Medium Speed (Collector),No,40.75971111,-82.59035,Complex/Circle,Daylight,Clear,2:00pm-2:59pm,46,2:00pm-2:59pm,48,3:00pm-3:59pm,17,1,Daylight,Clear,1,2,['Driver'],['None_Used'],1,1,Valid,0.0,0.0,69.0,32.0,"['Female', 'Male', 'Female']",0,0,3,4,5,Dry,Straight,Level,Lowest,No
25550,39,Ohio,390429,0,1,1,0,2,NOT APPLICABLE,May,29,Monday,19,47,Rural,Low Speed (Local),No,40.38339444,-83.25055,Non-Intersection,Daylight,Clear,8:00pm-8:59pm,3,8:00pm-8:59pm,19,8:00pm-8:59pm,56,1,Daylight,Clear,1,1,['Driver'],['Shoulder_Lapbelt'],1,1,Valid,0.0,0.0,27.0,27.0,['Female'],2,0,2,4,3,Dry,Curve,Level,Lowest,No
25551,39,Ohio,390430,1,2,2,0,1,COLUMBUS,May,31,Wednesday,22,27,Urban,Medium Speed (Collector),No,39.92893889,-82.95535,Non-Intersection,Dark - Lighted,Clear,10:00pm-10:59pm,28,10:00pm-10:59pm,32,Not Applicable (Not Transported),Not Applicable (Not Transported),1,Dark - Lighted,Clear,0,1,[],[],0,0,Valid,0.0,0.0,38.0,38.0,['Female'],0,0,3,4,5,Dry,Straight,Level,Lowest,No
25552,39,Ohio,390431,0,1,1,0,1,NOT APPLICABLE,June,1,Thursday,21,42,Rural,Low Speed (Local),No,40.04454167,-83.34774444,Non-Intersection,Dark - Not Lighted,Clear,9:00pm-9:59pm,42,9:00pm-9:59pm,51,10:00pm-10:59pm,37,1,Dark - Unlighted,Clear,1,0,['Driver'],['None_Used'],1,1,Valid,0.0,0.0,50.0,50.0,['Male'],1,0,5,4,2,Dry,Curve,Level,Lowest,No
25553,39,Ohio,390432,0,2,2,0,4,NOT APPLICABLE,June,1,Thursday,17,28,Rural,High Speed (Arterial),Yes,39.82579167,-82.72028889,Simple Junction,Daylight,Clear,5:00pm-5:59pm,30,5:00pm-5:59pm,50,6:00pm-6:59pm,7,1,Daylight,Clear,1,3,['Front_Passenger'],['None_Used'],0,0,Valid,6.0,1.0,67.0,20.0,"['Female', 'Female']",0,0,3,4,5,Dry,Curve,Level,Lowest,No
25554,39,Ohio,390433,0,1,1,0,2,NOT APPLICABLE,May,27,Saturday,13,0,Rural,Low Speed (Local),No,38.84561111,-83.96961111,Non-Intersection,Daylight,Clear,1:00pm-1:59pm,7,1:00pm-1:59pm,26,2:00pm-2:59pm,3,1,Daylight,Clear,1,1,['Rear_Seat'],['None_Used'],0,0,Valid,0.0,0.0,65.0,65.0,['Male'],0,0,5,4,2,Dry,Curve,Level,Lowest,No
25555,39,Ohio,390434,0,2,2,0,2,NOT APPLICABLE,June,2,Friday,22,18,Rural,Medium Speed (Collector),No,41.30898333,-82.45056667,Non-Intersection,Dark - Not Lighted,Clear,9:00pm-9:59pm,11,9:00pm-9:59pm,22,Not Applicable (Not Transported),Not Applicable (Not Transported),2,Dark - Unlighted,Clear,2,0,"['Driver', 'Driver']","['None_Used', 'None_Used']",1,2,Valid,0.0,0.0,53.0,48.0,"['Male', 'Male']",0,0,5,4,5,Dry,Straight,Level,Lowest,No
25556,39,Ohio,390435,1,2,2,0,2,COLUMBUS,June,2,Friday,22,50,Urban,Medium Speed (Collector),No,39.9451,-82.88277222,Non-Intersection,Dark - Lighted,Cloudy,10:00pm-10:59pm,8,10:00pm-10:59pm,10,10:00pm-10:59pm,28,1,Dark - Lighted,Reduced Visibility,0,2,[],[],0,0,Valid,1.0,1.0,65.0,33.0,"['Male', 'Female']",0,0,3,2,4,Dry,Straight,Level,Lowest,No
25557,39,Ohio,390436,0,2,2,0,3,NOT APPLICABLE,June,3,Saturday,16,5,Rural,Medium Speed (Collector),No,41.34812778,-82.88901944,Non-Intersection,Daylight,Clear,4:00pm-4:59pm,13,4:00pm-4:59pm,20,5:00pm-5:59pm,0,3,Daylight,Clear,3,0,"['Driver', 'Driver', 'Rear_Seat']","['Shoulder_Lapbelt', 'None_Used', 'None_Used']",1,1,Valid,0.0,0.0,72.0,67.0,"['Female', 'Male']",0,0,5,4,5,Dry,Curve,Level,Lowest,No
25558,39,Ohio,390438,0,1,1,0,1,NOT APPLICABLE,June,4,Sunday,5,0,Rural,Low Speed (Local),No,39.218575,-83.74026944,Non-Intersection,Dawn,Cloudy,7:00am-7:59am,22,7:00am-7:59am,33,Not Applicable (Not Transported),Not Applicable (Not Transported),1,Twilight,Reduced Visibility,1,0,['Driver'],['None_Used'],1,1,Valid,0.0,1.0,42.0,42.0,['Male'],1,0,2,4,3,Dry,Curve,Level,Lowest,No
25559,39,Ohio,390439,0,1,1,0,1,NOT APPLICABLE,May,23,Tuesday,19,8,Rural,Low Speed (Local),No,39.12419167,-84.04485556,Non-Intersection,Daylight,Clear,7:00pm-7:59pm,12,7:00pm-7:59pm,37,8:00pm-8:59pm,11,1,Daylight,Clear,1,0,['Driver'],['None_Used'],0,0,Valid,0.0,0.0,62.0,62.0,['Male'],0,0,5,3,2,Dry,Curve,Level,Lowest,No
25560,39,Ohio,390440,0,1,1,0,1,EUCLID,May,25,Thursday,1,37,Urban,High Speed (Arterial),Yes,41.60643889,-81.49428611,Non-Intersection,Dark - Lighted,Clear,1:00am-1:59am,47,2:00am-2:59am,8,Not Applicable (Not Transported),Not Applicable (Not Transported),1,Dark - Lighted,Clear,1,0,['Driver'],['None_Used'],1,1,Valid,0.0,0.0,22.0,22.0,['Male'],1,0,2,4,3,Dry,Curve,Grade/Hillcrest,Lowest,No
25561,39,Ohio,390441,0,1,1,0,1,KETTERING,June,10,Saturday,19,42,Urban,High Speed (Arterial),No,39.68866111,-84.128,Complex/Circle,Daylight,Clear,7:00pm-7:59pm,42,7:00pm-7:59pm,46,8:00pm-8:59pm,0,1,Daylight,Clear,1,0,['Driver'],['Shoulder_Lapbelt'],0,0,Valid,1.0,0.0,71.0,71.0,['Male'],1,0,3,4,3,Dry,Straight,Grade/Hillcrest,Lowest,No
25562,39,Ohio,390442,0,3,3,0,3,COLUMBUS,June,10,Saturday,13,31,Urban,Medium Speed (Collector),No,40.05193056,-83.03381111,Complex/Circle,Daylight,Clear,1:00pm-1:59pm,32,1:00pm-1:59pm,37,1:00pm-1:59pm,51,1,Daylight,Clear,1,2,['Driver'],['None_Used'],0,0,Valid,0.0,0.0,75.0,18.0,"['Female', 'Male', 'Male']",0,0,5,4,5,Dry,Straight,Level,Lowest,No
25563,39,Ohio,390444,0,2,2,0,3,CINCINNATI,June,11,Sunday,1,52,Urban,High Speed (Arterial),Yes,39.11416944,-84.50081944,Non-Intersection,Dark - Lighted,Clear,1:00am-1:59am,53,2:00am-2:59am,1,2:00am-2:59am,22,1,Dark - Lighted,Clear,1,2,['Driver'],['Shoulder_Lapbelt'],1,1,Invalid,2.0,2.0,54.0,22.0,"['Male', 'Male']",0,0,3,4,5,Dry,Straight,Grade/Hillcrest,Medium,No
25564,39,Ohio,390445,0,1,1,0,1,HILLIARD,April,22,Saturday,21,25,Urban,High Speed (Arterial),Yes,40.03216389,-83.12478333,Non-Intersection,Dark - Lighted,Clear,9:00pm-9:59pm,26,9:00pm-9:59pm,32,9:00pm-9:59pm,55,1,Dark - Lighted,Clear,1,0,['Driver'],['Shoulder_Lapbelt'],0,0,Valid,0.0,0.0,33.0,33.0,['Male'],1,0,2,4,3,Dry,Straight,Level,Lowest,No
25565,39,Ohio,390446,0,2,2,0,3,HILLIARD,May,27,Saturday,5,25,Urban,High Speed (Arterial),Yes,40.03810556,-83.12537778,Non-Intersection,Dawn,Clear,5:00am-5:59am,27,5:00am-5:59am,40,6:00am-6:59am,2,1,Twilight,Clear,1,2,['Driver'],['None_Used'],1,1,Invalid,1.0,0.0,41.0,35.0,"['Male', 'Female']",0,0,3,4,5,Dry,Straight,Level,Lowest,No
25566,39,Ohio,390447,0,1,1,0,1,WELLSTON,June,4,Sunday,1,14,Urban,Medium Speed (Collector),No,39.111875,-82.54283611,Non-Intersection,Dark - Lighted,Clear,1:00am-1:59am,9,1:00am-1:59am,16,1:00am-1:59am,41,1,Dark - Lighted,Clear,1,0,['Driver'],['None_Used'],0,0,Invalid,0.0,0.0,32.0,32.0,['Male'],1,0,5,4,2,Dry,Curve,Grade/Hillcrest,Lowest,No
25567,39,Ohio,390448,0,2,2,0,3,CINCINNATI,June,9,Friday,22,11,Urban,High Speed (Arterial),No,39.10681389,-84.68798056,Non-Intersection,Dark - Lighted,Clear,10:00pm-10:59pm,12,10:00pm-10:59pm,19,10:00pm-10:59pm,45,1,Dark - Lighted,Clear,1,2,['Rear_Seat'],['None_Used'],1,1,Valid,0.0,0.0,56.0,38.0,"['Male', 'Male']",0,0,5,3,5,Dry,Straight,Level,Lowest,No
25568,39,Ohio,390449,0,1,1,0,2,DAYTON,June,12,Monday,0,30,Urban,Medium Speed (Collector),No,39.7912,-84.2063,Non-Intersection,Dark - Lighted,Rain,0:00am-0:59am,38,0:00am-0:59am,44,Not Applicable (Not Transported),Not Applicable (Not Transported),2,Dark - Lighted,Rain/Wind/Minor,2,0,"['Driver', 'Front_Passenger']","['None_Used', 'Shoulder_Lapbelt']",1,1,Valid,1.0,1.0,27.0,27.0,['Male'],0,0,3,4,3,Wet/Standing Water,Curve,Grade/Hillcrest,Lowest,No
25569,39,Ohio,390450,0,2,2,0,3,NORWOOD,May,29,Monday,11,43,Urban,Medium Speed (Collector),No,39.15016667,-84.46436389,Simple Junction,Daylight,Clear,11:00am-11:59am,43,11:00am-11:59am,47,11:00am-11:59am,58,2,Daylight,Clear,2,1,"['Driver', 'Front_Passenger']","['None_Used', 'None_Used']",0,0,Invalid,2.0,0.0,38.0,18.0,"['Female', 'Male']",2,0,2,4,5,Dry,Straight,Level,Lowest,No
25570,39,Ohio,390451,0,1,1,0,2,WARREN,May,30,Tuesday,0,13,Urban,Medium Speed (Collector),No,41.2474,-80.83593611,Non-Intersection,Dark - Lighted,Cloudy,Unknown,Unknown,0:00am-0:59am,23,Unknown,Unknown EMS Hospital Arrival Time,1,Dark - Lighted,Reduced Visibility,1,1,['Driver'],['None_Used'],1,1,Valid,1.0,0.0,19.0,19.0,['Female'],2,0,2,4,3,Dry,Curve,Level,Lowest,No
25571,39,Ohio,390452,0,1,1,0,1,NOT APPLICABLE,June,2,Friday,12,40,Urban,High Speed (Arterial),Yes,40.749275,-82.44382778,Non-Intersection,Daylight,Clear,12:00pm-12:59pm,42,12:00pm-12:59pm,52,Not Applicable (Not Transported),Not Applicable (Not Transported),1,Daylight,Clear,1,0,['Driver'],['Shoulder_Lapbelt'],0,0,Valid,0.0,0.0,19.0,19.0,['Male'],0,0,4,4,3,Dry,Straight,Level,Lowest,Yes