,State_Code,State_Name,Crash_ID,Count_Non_Motorists,Count_Vehicles_Total,Count_Vehicle_Forms,Count_PVH_Involved,Count_Occupants_MV,City_Name,Month_Name,Day_of_Month,Day_of_Week,Crash_Hour,Crash_Minute,Area_Rural_Urban,Road_Functional_Class,On_NHS_Road,Latitude,Longitude,Intersection_Type,Light_Condition,Weather_Condition,Notif_Hour,Notif_Minute,Arrival_Hour,Arrival_Minute,Hospital_Hour,Hospital_Minute,Fatalities_Count,Clean_Light_Condition,Clean_Weather_Condition,Total_Killed,Total_Alive,Fatal_Seats_List,Killed_Restraint_List,Any_Driver_Drinking,Total_Drinking_Drivers,Driver_License_Category,Driver_Max_Prev_Accident_Count,Driver_Max_Prev_Speeding_Count,Max_Driver_Age,Min_Driver_Age,Driver_Sex_List,Total_Exceeding_Limit_Vehicles,Total_Too_Fast_Vehicles,Max_Vehicle_Type_Severity_5,Max_Vehicle_Damage_Rank,Max_Harmful_Event_Severity,Crash_Road_Surface_Condition,Crash_Horizontal_Alignment,Crash_Vertical_Profile,Crash_Impairment_Category,Crash_Vehicle_Defect
25572,39,Ohio,390453,0,2,2,0,2,NOT APPLICABLE,June,7,Wednesday,21,21,Rural,Low Speed (Local),No,40.53516111,-82.85432222,Non-Intersection,Dusk,Clear,9:00pm-9:59pm,19,9:00pm-9:59pm,25,Not Applicable (Not Transported),Not Applicable (Not Transported),1,Twilight,Clear,1,1,['Driver'],['None_Used'],0,0,Valid,0.0,1.0,81.0,15.0,"['Male', 'Male']",0,0,5,4,5,Dry,Straight,Grade/Hillcrest,Lowest,No
25573,39,Ohio,390455,1,1,1,0,1,CENTERVILLE,June,13,Tuesday,15,5,Urban,High Speed (Arterial),Yes,39.61623056,-84.15998889,Non-Intersection,Daylight,Cloudy,3:00pm-3:59pm,7,3:00pm-3:59pm,11,Not Applicable (Not Transported),Not Applicable (Not Transported),1,Daylight,Reduced Visibility,0,1,[],[],0,0,Valid,1.0,0.0,40.0,40.0,['Male'],0,0,4,1,4,Dry,Straight,Level,Lowest,No
25574,39,Ohio,390456,1,2,1,1,2,NOT APPLICABLE,June,7,Wednesday,20,33,Rural,High Speed (Arterial),Yes,40.86852222,-83.32639722,Non-Intersection,Dusk,Clear,8:00pm-8:59pm,37,8:00pm-8:59pm,44,9:00pm-9:59pm,36,1,Twilight,Clear,1,1,['Front_Passenger'],['Shoulder_Lapbelt'],0,0,Valid,0.0,0.0,22.0,22.0,['Female'],0,0,2,4,5,Dry,Straight,Level,Lowest,No
25575,39,Ohio,390457,0,3,3,0,4,NOT APPLICABLE,June,9,Friday,15,55,Rural,Medium Speed (Collector),No,40.95937222,-80.95486111,Complex/Circle,Daylight,Cloudy,4:00pm-4:59pm,18,4:00pm-4:59pm,34,5:00pm-5:59pm,25,1,Daylight,Reduced Visibility,1,3,['Rear_Seat'],['Child_Safety'],0,0,Valid,1.0,0.0,68.0,38.0,"['Female', 'Male', 'Male']",0,0,3,4,5,Dry,Straight,Level,Lowest,No
25576,39,Ohio,390458,0,2,2,0,5,NOT APPLICABLE,June,10,Saturday,13,29,Rural,High Speed (Arterial),Yes,40.31694167,-81.12431667,Simple Junction,Daylight,Clear,1:00pm-1:59pm,27,1:00pm-1:59pm,47,3:00pm-3:59pm,51,1,Daylight,Clear,1,4,['Driver'],['None_Used'],0,0,Invalid,2.0,2.0,46.0,33.0,"['Male', 'Female']",0,0,5,4,5,Dry,Straight,Level,Lowest,No
25577,39,Ohio,390459,1,1,1,0,1,COLUMBUS,June,14,Wednesday,12,15,Urban,High Speed (Arterial),No,40.06313611,-83.04016667,Complex/Circle,Daylight,Clear,12:00pm-12:59pm,16,12:00pm-12:59pm,24,12:00pm-12:59pm,31,1,Daylight,Clear,0,1,[],[],0,0,Valid,0.0,0.0,33.0,33.0,['Male'],0,0,3,2,4,Dry,Straight,Level,Lowest,No
25578,39,Ohio,390460,0,1,1,0,1,COLUMBUS,June,15,Thursday,10,26,Urban,High Speed (Arterial),Yes,39.9686,-82.94238889,Non-Intersection,Daylight,Clear,10:00am-10:59am,27,10:00am-10:59am,31,10:00am-10:59am,55,1,Daylight,Clear,1,0,['Driver'],['Shoulder_Lapbelt'],0,0,Valid,2.0,0.0,67.0,67.0,['Male'],0,0,3,4,3,Dry,Straight,Level,Medium,No
25579,39,Ohio,390461,0,1,1,0,5,NOT APPLICABLE,June,9,Friday,6,15,Urban,High Speed (Arterial),Yes,41.37636111,-82.26049444,Non-Intersection,Daylight,Cloudy,6:00am-6:59am,44,7:00am-7:59am,0,7:00am-7:59am,14,2,Daylight,Reduced Visibility,2,3,"['Rear_Seat', 'Front_Passenger']","['None_Used', 'None_Used']",0,0,Valid,0.0,0.0,28.0,28.0,['Male'],0,0,3,4,3,Dry,Curve,Level,Medium,No
25580,39,Ohio,390462,0,2,2,0,3,NOT APPLICABLE,June,15,Thursday,12,49,Urban,Medium Speed (Collector),No,41.84008056,-80.85636944,Complex/Circle,Daylight,Cloudy,12:00pm-12:59pm,51,12:00pm-12:59pm,57,Not Applicable (Not Transported),Not Applicable (Not Transported),1,Daylight,Reduced Visibility,1,2,['Driver'],['None_Used'],0,0,Valid,0.0,1.0,63.0,28.0,"['Female', 'Male']",0,0,5,4,5,Dry,Straight,Level,Lowest,No
25581,39,Ohio,390463,0,1,1,0,1,NOT APPLICABLE,June,18,Sunday,13,24,Rural,Medium Speed (Collector),No,41.45632778,-83.45385833,Non-Intersection,Daylight,Clear,1:00pm-1:59pm,26,1:00pm-1:59pm,30,Not Applicable (Not Transported),Not Applicable (Not Transported),1,Daylight,Clear,1,0,['Driver'],['None_Used'],0,0,Valid,0.0,0.0,36.0,36.0,['Female'],0,0,3,4,3,Dry,Straight,Level,Lowest,No
25582,39,Ohio,390464,0,1,1,0,1,BROOKLYN,June,19,Monday,5,0,Urban,High Speed (Arterial),Yes,41.42610833,-81.7587,Non-Intersection,Dark - Lighted,Clear,9:00am-9:59am,36,9:00am-9:59am,40,Not Applicable (Not Transported),Not Applicable (Not Transported),1,Dark - Lighted,Clear,1,0,['Driver'],['Shoulder_Lapbelt'],0,0,Valid,0.0,0.0,18.0,18.0,['Male'],0,0,2,4,3,Dry,Straight,Level,Lowest,No
25583,39,Ohio,390466,0,2,2,0,3,NOT APPLICABLE,June,10,Saturday,18,32,Rural,Medium Speed (Collector),No,41.6057,-80.90345833,Non-Intersection,Daylight,Clear,Unknown,Unknown,Unknown EMS Scene Arrival Hour,Unknown EMS Scene Arrival Minutes,Unknown,Unknown EMS Hospital Arrival Time,1,Daylight,Clear,1,2,['Driver'],['None_Used'],0,0,Valid,0.0,1.0,44.0,42.0,"['Male', 'Male']",0,0,5,4,5,Dry,Straight,Level,Lowest,No
25584,39,Ohio,390467,0,1,1,0,1,AKRON,March,28,Tuesday,22,0,Urban,High Speed (Arterial),Yes,41.06767222,-81.48466667,Non-Intersection,Dark - Lighted,Cloudy,10:00pm-10:59pm,5,10:00pm-10:59pm,7,10:00pm-10:59pm,23,1,Dark - Lighted,Reduced Visibility,1,0,['Driver'],['Shoulder_Lapbelt'],1,1,Valid,0.0,0.0,67.0,67.0,['Male'],0,0,2,4,3,Dry,Straight,Level,Lowest,No
25585,39,Ohio,390468,1,1,1,0,1,TOLEDO,June,20,Tuesday,14,0,Urban,Medium Speed (Collector),No,41.72744444,-83.60534444,Non-Intersection,Daylight,Clear,2:00pm-2:59pm,4,2:00pm-2:59pm,13,2:00pm-2:59pm,31,1,Daylight,Clear,0,1,[],[],0,0,Invalid,0.0,0.0,998.0,998.0,['Other'],0,0,1,0,4,Dry,Straight,Level,Lowest,No
25586,39,Ohio,390469,0,1,1,0,1,NOT APPLICABLE,June,10,Saturday,15,42,Urban,High Speed (Arterial),Yes,40.49149444,-83.07483056,Non-Intersection,Daylight,Clear,3:00pm-3:59pm,46,3:00pm-3:59pm,52,Not Applicable (Not Transported),Not Applicable (Not Transported),1,Daylight,Clear,1,0,['Driver'],['Shoulder_Lapbelt'],0,0,Valid,1.0,1.0,80.0,80.0,['Male'],0,0,3,4,3,Dry,Straight,Level,Lowest,No
25587,39,Ohio,390470,0,2,2,0,7,NOT APPLICABLE,June,11,Sunday,13,33,Rural,Medium Speed (Collector),No,38.92074722,-82.23896389,Simple Junction,Daylight,Rain,1:00pm-1:59pm,42,1:00pm-1:59pm,52,2:00pm-2:59pm,28,1,Daylight,Rain/Wind/Minor,1,6,['Front_Passenger'],['None_Used'],0,0,Valid,0.0,0.0,61.0,32.0,"['Female', 'Female']",0,0,3,4,5,Wet/Standing Water,Straight,Level,Lowest,No
25588,39,Ohio,390471,0,2,2,0,3,NOT APPLICABLE,June,1,Thursday,17,3,Urban,Medium Speed (Collector),No,41.54779444,-83.538025,Non-Intersection,Daylight,Clear,5:00pm-5:59pm,4,5:00pm-5:59pm,14,5:00pm-5:59pm,45,1,Daylight,Clear,1,2,['Driver'],['Shoulder_Lapbelt'],0,0,Valid,1.0,1.0,60.0,48.0,"['Male', 'Male']",0,0,3,4,5,Dry,Straight,Grade/Hillcrest,Lowest,No
25589,39,Ohio,390472,4,5,2,3,3,NOT APPLICABLE,April,7,Friday,21,26,Urban,High Speed (Arterial),Yes,39.05738889,-84.38249167,Non-Intersection,Dark - Not Lighted,Cloudy,9:00pm-9:59pm,29,9:00pm-9:59pm,38,10:00pm-10:59pm,15,3,Dark - Unlighted,Reduced Visibility,0,3,[],[],1,1,Valid,0.0,0.0,30.0,29.0,"['Male', 'Female']",0,0,3,4,5,Dry,Curve,Level,Lowest,No
25590,39,Ohio,390473,0,2,2,0,3,CUYAHOGA FALLS,May,27,Saturday,18,27,Urban,Medium Speed (Collector),No,41.15133056,-81.47419444,Complex/Circle,Daylight,Clear,6:00pm-6:59pm,27,6:00pm-6:59pm,36,6:00pm-6:59pm,50,1,Daylight,Clear,1,2,['Driver'],['None_Used'],0,0,Valid,1.0,3.0,35.0,19.0,"['Male', 'Male']",1,0,5,4,5,Dry,Straight,Level,Lowest,No
25591,39,Ohio,390474,0,2,2,0,2,NOT APPLICABLE,June,8,Thursday,19,51,Urban,Low Speed (Local),No,41.34361111,-81.54662778,Non-Intersection,Dusk,Cloudy,7:00pm-7:59pm,52,7:00pm-7:59pm,56,Not Applicable (Not Transported),Not Applicable (Not Transported),1,Twilight,Reduced Visibility,1,1,['Driver'],['None_Used'],1,1,Valid,2.0,1.0,89.0,20.0,"['Male', 'Female']",0,0,5,4,5,Dry,Straight,Grade/Hillcrest,Lowest,No
25592,39,Ohio,390475,0,3,3,0,7,NOT APPLICABLE,June,12,Monday,11,0,Urban,High Speed (Arterial),Yes,39.93594444,-84.18875278,Non-Intersection,Daylight,Cloudy,11:00am-11:59am,2,11:00am-11:59am,10,11:00am-11:59am,39,2,Daylight,Reduced Visibility,2,5,"['Driver', 'Rear_Seat']","['Shoulder_Lapbelt', 'Shoulder_Lapbelt']",0,0,Valid,2.0,1.0,77.0,54.0,"['Male', 'Male', 'Male']",0,0,4,4,5,Dry,Straight,Level,Lowest,Yes
25593,39,Ohio,390476,0,2,2,0,3,NOT APPLICABLE,June,14,Wednesday,11,48,Rural,Medium Speed (Collector),No,40.39929722,-82.721875,Simple Junction,Daylight,Clear,11:00am-11:59am,48,12:00pm-12:59pm,1,Not Applicable (Not Transported),Not Applicable (Not Transported),1,Daylight,Clear,1,2,['Driver'],['Shoulder_Lapbelt'],1,1,Valid,0.0,0.0,44.0,42.0,"['Male', 'Male']",0,0,4,4,5,Dry,Straight,Level,Lowest,No
25594,39,Ohio,390477,0,1,1,0,4,NOT APPLICABLE,June,17,Saturday,1,24,Rural,Low Speed (Local),No,41.64504167,-83.25126944,Non-Intersection,Dark - Not Lighted,Clear,1:00am-1:59am,24,1:00am-1:59am,38,2:00am-2:59am,1,1,Dark - Unlighted,Clear,1,3,['Front_Passenger'],['Shoulder_Lapbelt'],1,1,Valid,0.0,2.0,29.0,29.0,['Female'],0,0,5,4,3,Dry,Curve,Level,Lowest,No
25595,39,Ohio,390478,0,1,1,0,2,NOT APPLICABLE,June,17,Saturday,16,32,Rural,Medium Speed (Collector),No,39.07071389,-83.85402778,Non-Intersection,Daylight,Clear,4:00pm-4:59pm,54,5:00pm-5:59pm,3,5:00pm-5:59pm,45,1,Daylight,Clear,1,1,['Driver'],['None_Used'],0,0,Valid,0.0,0.0,41.0,41.0,['Male'],2,0,5,4,3,Dry,Curve,Level,Lowest,No
25596,39,Ohio,390479,1,1,1,0,2,NOT APPLICABLE,June,17,Saturday,13,21,Urban,Medium Speed (Collector),No,39.07774167,-84.15884444,Non-Intersection,Daylight,Clear,1:00pm-1:59pm,18,1:00pm-1:59pm,22,Not Applicable (Not Transported),Not Applicable (Not Transported),1,Daylight,Clear,0,2,[],[],0,0,Valid,1.0,3.0,21.0,21.0,['Male'],0,0,2,2,4,Dry,Straight,Grade/Hillcrest,Lowest,No
25597,39,Ohio,390480,0,2,2,0,4,NOT APPLICABLE,June,17,Saturday,19,20,Rural,Medium Speed (Collector),No,41.7514,-80.68536667,Complex/Circle,Daylight,Clear,7:00pm-7:59pm,28,7:00pm-7:59pm,51,8:00pm-8:59pm,48,1,Daylight,Clear,1,3,['Front_Passenger'],['Shoulder_Lapbelt'],0,0,Valid,1.0,2.0,24.0,20.0,"['Male', 'Male']",0,0,2,4,5,Dry,Straight,Level,Lowest,No
25598,39,Ohio,390481,0,1,1,0,1,NOT APPLICABLE,June,20,Tuesday,19,41,Rural,Medium Speed (Collector),No,40.31061111,-83.96053056,Non-Intersection,Daylight,Clear,7:00pm-7:59pm,42,7:00pm-7:59pm,49,Unknown,Unknown EMS Hospital Arrival Time,1,Daylight,Clear,1,0,['Driver'],['None_Used'],1,1,Valid,4.0,1.0,52.0,52.0,['Male'],0,0,3,4,3,Dry,Curve,Grade/Hillcrest,Lowest,No
25599,39,Ohio,390482,0,2,2,0,3,CANTON,June,25,Sunday,0,29,Urban,Medium Speed (Collector),No,40.83124167,-81.37301111,Non-Intersection,Dark - Lighted,Clear,0:00am-0:59am,29,0:00am-0:59am,35,Not Applicable (Not Transported),Not Applicable (Not Transported),1,Dark - Lighted,Clear,1,2,['Driver'],['None_Used'],1,1,Valid,0.0,0.0,27.0,25.0,"['Male', 'Male']",0,0,5,4,5,Dry,Straight,Non-Trafficway,Lowest,No
25600,39,Ohio,390483,0,2,2,0,3,NOT APPLICABLE,June,16,Friday,17,50,Urban,Medium Speed (Collector),No,40.11184444,-84.60198889,Non-Intersection,Daylight,Cloudy,5:00pm-5:59pm,53,6:00pm-6:59pm,9,6:00pm-6:59pm,58,1,Daylight,Reduced Visibility,1,2,['Driver'],['None_Used'],1,1,Valid,0.0,0.0,67.0,48.0,"['Male', 'Male']",0,0,5,4,5,Dry,Straight,Grade/Hillcrest,Lowest,No
25601,39,Ohio,390484,0,1,1,0,1,NOT APPLICABLE,June,18,Sunday,17,9,Rural,Medium Speed (Collector),No,39.27021667,-83.47037778,Non-Intersection,Daylight,Clear,5:00pm-5:59pm,9,5:00pm-5:59pm,21,Not Applicable (Not Transported),Not Applicable (Not Transported),1,Daylight,Clear,1,0,['Driver'],['None_Used'],0,0,Valid,0.0,0.0,64.0,64.0,['Male'],0,0,3,4,3,Dry,Curve,Grade/Hillcrest,Lowest,No
25602,39,Ohio,390486,0,2,2,0,3,NOT APPLICABLE,June,22,Thursday,17,28,Rural,Low Speed (Local),No,40.28899722,-84.50473889,Complex/Circle,Dark - Not Lighted,Clear,5:00pm-5:59pm,28,5:00pm-5:59pm,39,6:00pm-6:59pm,54,1,Dark - Unlighted,Clear,1,2,['Driver'],['Shoulder_Lapbelt'],0,0,Valid,0.0,0.0,29.0,20.0,"['Female', 'Male']",0,0,3,4,5,Dry,Straight,Level,Lowest,No
25603,39,Ohio,390487,0,2,2,0,7,CLEVELAND,May,27,Saturday,17,15,Urban,High Speed (Arterial),Yes,41.45621111,-81.70114722,Non-Intersection,Daylight,Clear,5:00pm-5:59pm,22,5:00pm-5:59pm,27,5:00pm-5:59pm,36,1,Daylight,Clear,1,6,['Rear_Seat'],['None_Used'],0,0,Valid,1.0,0.0,33.0,29.0,"['Male', 'Male']",0,0,5,2,5,Dry,Straight,Level,Lowest,No
25604,39,Ohio,390488,0,1,1,0,1,NOT APPLICABLE,June,16,Friday,21,0,Rural,Medium Speed (Collector),No,39.49285,-81.88540833,Non-Intersection,Dark - Not Lighted,Clear,8:00pm-8:59pm,57,9:00pm-9:59pm,4,Not Applicable (Not Transported),Not Applicable (Not Transported),1,Dark - Unlighted,Clear,1,0,['Driver'],['None_Used'],1,1,Valid,1.0,2.0,25.0,25.0,['Male'],0,0,3,4,3,Dry,Curve,Grade/Hillcrest,Lowest,No
25605,39,Ohio,390489,0,2,2,0,3,NOT APPLICABLE,June,18,Sunday,21,3,Urban,High Speed (Arterial),Yes,41.1194,-80.56906667,Complex/Circle,Dark - Not Lighted,Clear,9:00pm-9:59pm,14,9:00pm-9:59pm,20,9:00pm-9:59pm,42,1,Dark - Unlighted,Clear,1,2,['Driver'],['None_Used'],1,1,Valid,1.0,0.0,71.0,28.0,"['Female', 'Female']",0,0,3,4,5,Dry,Straight,Level,Lowest,No
25606,39,Ohio,390490,0,3,3,0,6,NOT APPLICABLE,June,23,Friday,11,19,Urban,High Speed (Arterial),No,39.83753333,-82.93364167,Complex/Circle,Daylight,Rain,11:00am-11:59am,21,11:00am-11:59am,28,11:00am-11:59am,50,1,Daylight,Rain/Wind/Minor,1,5,['Front_Passenger'],['None_Used'],0,0,Valid,1.0,1.0,56.0,20.0,"['Male', 'Male', 'Male']",0,0,4,4,5,Wet/Standing Water,Straight,Level,Lowest,No
25607,39,Ohio,390491,0,2,2,0,3,NOT APPLICABLE,June,23,Friday,23,50,Urban,Medium Speed (Collector),No,39.83215833,-84.19847222,Non-Intersection,Dark - Lighted,Clear,11:00pm-11:59pm,52,0:00am-0:59am,0,Not Applicable (Not Transported),Not Applicable (Not Transported),1,Dark - Lighted,Clear,1,2,['Driver'],['None_Used'],1,2,Valid,0.0,6.0,49.0,44.0,"['Female', 'Male']",1,0,5,4,5,Dry,Straight,Non-Trafficway,Lowest,No
25608,39,Ohio,390492,0,1,1,0,1,GIRARD,May,6,Saturday,11,30,Urban,High Speed (Arterial),Yes,41.14833889,-80.68420278,Non-Intersection,Daylight,Clear,11:00am-11:59am,34,11:00am-11:59am,50,12:00pm-12:59pm,10,1,Daylight,Clear,1,0,['Driver'],['Shoulder_Lapbelt'],0,0,Valid,1.0,0.0,67.0,67.0,['Male'],0,0,2,4,2,Dry,Straight,Level,Lowest,No
25609,39,Ohio,390493,0,1,1,0,1,NOT APPLICABLE,June,16,Friday,10,6,Urban,Low Speed (Local),No,39.47429167,-84.319275,Non-Intersection,Daylight,Cloudy,10:00am-10:59am,4,10:00am-10:59am,7,10:00am-10:59am,25,1,Daylight,Reduced Visibility,1,0,['Driver'],['None_Used'],0,0,Valid,0.0,0.0,76.0,76.0,['Male'],0,0,2,4,3,Dry,Straight,Grade/Hillcrest,Lowest,No
25610,39,Ohio,390494,0,1,1,0,1,NOT APPLICABLE,June,25,Sunday,6,56,Rural,Medium Speed (Collector),No,39.55830833,-81.79095556,Non-Intersection,Daylight,"Fog, Smog, Smoke",6:00am-6:59am,53,7:00am-7:59am,18,7:00am-7:59am,28,1,Daylight,Reduced Visibility,1,0,['Driver'],['None_Used'],1,1,Valid,0.0,0.0,61.0,61.0,['Male'],0,0,2,4,3,Dry,Curve,Grade/Hillcrest,Lowest,No
25611,39,Ohio,390495,0,1,1,0,2,NEW RICHMOND,June,25,Sunday,4,22,Rural,Medium Speed (Collector),No,38.95492222,-84.27076667,Non-Intersection,Dark - Not Lighted,Clear,4:00am-4:59am,7,4:00am-4:59am,15,4:00am-4:59am,58,1,Dark - Unlighted,Clear,1,1,['Driver'],['Shoulder_Lapbelt'],1,1,Valid,1.0,2.0,20.0,20.0,['Male'],0,0,2,4,3,Dry,Curve,Grade/Hillcrest,Lowest,No
25612,39,Ohio,390496,2,2,1,1,1,MIDDLEBURG HEIGHTS,June,23,Friday,1,51,Urban,High Speed (Arterial),Yes,41.37928333,-81.81887222,Non-Intersection,Dark - Lighted,Clear,1:00am-1:59am,53,2:00am-2:59am,1,2:00am-2:59am,34,1,Dark - Lighted,Clear,0,1,[],[],1,1,Valid,1.0,1.0,24.0,24.0,['Male'],0,0,2,4,4,Wet/Standing Water,Straight,Level,Lowest,No
25613,39,Ohio,390497,0,2,2,0,2,NOT APPLICABLE,June,26,Monday,22,18,Urban,Medium Speed (Collector),No,41.41823889,-82.14023611,Complex/Circle,Dark - Lighted,Clear,10:00pm-10:59pm,15,10:00pm-10:59pm,20,10:00pm-10:59pm,39,1,Dark - Lighted,Clear,1,1,['Driver'],['None_Used'],1,1,Invalid,0.0,1.0,50.0,39.0,"['Male', 'Male']",1,0,5,4,5,Dry,Straight,Level,Lowest,No
25614,39,Ohio,390498,0,1,1,0,1,NOT APPLICABLE,June,27,Tuesday,20,30,Rural,Low Speed (Local),No,39.55431111,-81.68048333,Non-Intersection,Daylight,Cloudy,8:00pm-8:59pm,28,8:00pm-8:59pm,39,Not Applicable (Not Transported),Not Applicable (Not Transported),1,Daylight,Reduced Visibility,1,0,['Driver'],['None_Used'],1,1,Valid,2.0,0.0,85.0,85.0,['Male'],0,0,2,4,2,Dry,Curve,Level,Lowest,No
25615,39,Ohio,390500,0,1,1,0,1,SHARONVILLE,June,28,Wednesday,11,9,Urban,High Speed (Arterial),Yes,39.27416389,-84.41138611,Non-Intersection,Daylight,Clear,11:00am-11:59am,12,11:00am-11:59am,18,Not Applicable (Not Transported),Not Applicable (Not Transported),1,Daylight,Clear,1,0,['Driver'],['None_Used'],0,0,Valid,0.0,0.0,63.0,63.0,['Male'],0,0,5,4,3,Dry,Straight,Level,Lowest,No
25616,39,Ohio,390501,0,1,1,0,1,GARFIELD HTS,June,29,Thursday,14,35,Urban,High Speed (Arterial),Yes,41.41313611,-81.60877222,Non-Intersection,Daylight,Cloudy,2:00pm-2:59pm,32,2:00pm-2:59pm,38,Not Applicable (Not Transported),Not Applicable (Not Transported),1,Daylight,Reduced Visibility,1,0,['Driver'],['None_Used'],0,0,Valid,0.0,0.0,38.0,38.0,['Male'],0,0,1,4,3,Dry,Straight,Level,Medium,No
25617,39,Ohio,390502,0,2,2,0,2,NOT APPLICABLE,June,29,Thursday,10,55,Rural,Medium Speed (Collector),No,41.22226111,-80.66371389,Non-Intersection,Daylight,"Fog, Smog, Smoke",10:00am-10:59am,55,11:00am-11:59am,0,11:00am-11:59am,19,2,Daylight,Reduced Visibility,2,0,"['Driver', 'Driver']","['Shoulder_Lapbelt', 'None_Used']",0,0,Valid,3.0,1.0,74.0,26.0,"['Female', 'Female']",0,0,3,4,5,Dry,Straight,Level,Lowest,No
25618,39,Ohio,390503,0,1,1,0,1,ANDOVER,June,29,Thursday,18,20,Rural,Low Speed (Local),No,41.62189722,-80.58893611,Non-Intersection,Daylight,"Fog, Smog, Smoke",6:00pm-6:59pm,20,6:00pm-6:59pm,20,7:00pm-7:59pm,0,1,Daylight,Reduced Visibility,1,0,['Driver'],['None_Used'],0,0,Valid,0.0,0.0,67.0,67.0,['Male'],0,0,1,3,1,Dry,Straight,Level,Lowest,No
25619,39,Ohio,390504,0,2,2,0,5,NOT APPLICABLE,July,1,Saturday,15,9,Rural,Medium Speed (Collector),No,40.94493333,-81.994025,Complex/Circle,Daylight,Cloudy,3:00pm-3:59pm,6,3:00pm-3:59pm,14,3:00pm-3:59pm,48,1,Daylight,Reduced Visibility,1,4,['Driver'],['Shoulder_Lapbelt'],0,0,Valid,2.0,0.0,74.0,53.0,"['Female', 'Male']",0,0,3,4,5,Dry,Straight,Level,Lowest,No
25620,39,Ohio,390505,0,2,2,0,3,MORAINE,July,1,Saturday,1,2,Urban,Medium Speed (Collector),No,39.68799167,-84.22599167,Complex/Circle,Dark - Lighted,Clear,1:00am-1:59am,2,1:00am-1:59am,7,1:00am-1:59am,19,1,Dark - Lighted,Clear,1,2,['Driver'],['Shoulder_Lapbelt'],0,0,Valid,1.0,3.0,55.0,31.0,"['Female', 'Female']",0,0,3,4,5,Dry,Straight,Level,Lowest,No
25621,39,Ohio,390506,0,1,1,0,1,NOT APPLICABLE,June,30,Friday,10,45,Rural,Low Speed (Local),No,40.61746667,-82.78650278,Non-Intersection,Daylight,Cloudy,10:00am-10:59am,37,10:00am-10:59am,46,11:00am-11:59am,22,1,Daylight,Reduced Visibility,1,0,['Driver'],['None_Used'],0,0,Valid,0.0,1.0,24.0,24.0,['Male'],0,0,5,3,2,Dry,Curve,Grade/Hillcrest,Lowest,No
25622,39,Ohio,390507,1,1,1,0,1,BOWLING GREEN,July,1,Saturday,14,11,Urban,Medium Speed (Collector),No,41.37102778,-83.65052778,Non-Intersection,Daylight,Cloudy,2:00pm-2:59pm,13,2:00pm-2:59pm,15,2:00pm-2:59pm,49,1,Daylight,Reduced Visibility,0,1,[],[],1,1,Invalid,0.0,0.0,54.0,54.0,['Male'],0,0,3,4,4,Wet/Standing Water,Straight,Level,Lowest,No
25623,39,Ohio,390508,0,2,2,0,2,COLUMBUS,July,1,Saturday,7,5,Urban,High Speed (Arterial),Yes,39.93854722,-82.94256389,Complex/Circle,Daylight,Clear,7:00am-7:59am,6,7:00am-7:59am,10,Not Applicable (Not Transported),Not Applicable (Not Transported),1,Daylight,Clear,1,1,['Driver'],['None_Used'],0,0,Invalid,3.0,1.0,65.0,61.0,"['Male', 'Male']",0,0,5,4,5,Dry,Straight,Level,Lowest,No
25624,39,Ohio,390509,0,1,1,0,1,NOT APPLICABLE,July,2,Sunday,2,52,Rural,Low Speed (Local),No,39.91143056,-84.0925,Non-Intersection,Dark - Not Lighted,Rain,2:00am-2:59am,55,3:00am-3:59am,2,Not Applicable (Not Transported),Not Applicable (Not Transported),1,Dark - Unlighted,Rain/Wind/Minor,1,0,['Driver'],['None_Used'],0,0,Valid,1.0,0.0,60.0,60.0,['Male'],0,0,3,4,3,Wet/Standing Water,Straight,Level,Lowest,No
25625,39,Ohio,390511,1,1,1,0,1,FINDLAY,July,3,Monday,22,25,Urban,Low Speed (Local),No,41.03887778,-83.62895556,Non-Intersection,Dark - Not Lighted,Clear,10:00pm-10:59pm,27,10:00pm-10:59pm,31,10:00pm-10:59pm,55,1,Dark - Unlighted,Clear,0,1,[],[],0,0,Valid,0.0,0.0,84.0,84.0,['Male'],0,0,3,1,4,Wet/Standing Water,Straight,Level,Lowest,No
25626,39,Ohio,390512,0,3,3,0,9,COLUMBUS,July,4,Tuesday,20,3,Urban,High Speed (Arterial),No,39.91720278,-82.91015833,Non-Intersection,Daylight,Clear,8:00pm-8:59pm,5,8:00pm-8:59pm,12,8:00pm-8:59pm,25,3,Daylight,Clear,3,6,"['Driver', 'Front_Passenger', 'Driver']","['Shoulder_Lapbelt', 'Shoulder_Lapbelt', 'None_Used']",1,1,Invalid,2.0,0.0,35.0,33.0,"['Male', 'Female', 'Male']",0,0,3,4,5,Dry,Straight,Level,Lowest,No
25627,39,Ohio,390513,0,2,2,0,2,NOT APPLICABLE,July,4,Tuesday,0,16,Rural,High Speed (Arterial),Yes,41.46078056,-83.62210556,Non-Intersection,Dark - Not Lighted,Clear,0:00am-0:59am,30,0:00am-0:59am,56,1:00am-1:59am,33,1,Dark - Unlighted,Clear,1,1,['Driver'],['None_Used'],1,1,Valid,1.0,0.0,47.0,22.0,"['Male', 'Female']",1,0,5,4,5,Dry,Straight,Level,Lowest,No
25628,39,Ohio,390515,0,2,2,0,2,TOLEDO,June,29,Thursday,6,10,Urban,High Speed (Arterial),Yes,41.67976944,-83.5912,Non-Intersection,Daylight,Clear,6:00am-6:59am,14,6:00am-6:59am,19,6:00am-6:59am,39,1,Daylight,Clear,1,1,['Driver'],['None_Used'],0,0,Invalid,3.0,0.0,60.0,48.0,"['Male', 'Male']",0,0,4,4,5,Dry,Straight,Level,Lowest,No
25629,39,Ohio,390516,0,2,2,0,2,NOT APPLICABLE,June,26,Monday,20,23,Urban,Medium Speed (Collector),No,39.62503333,-84.10598611,Non-Intersection,Daylight,Cloudy,8:00pm-8:59pm,52,8:00pm-8:59pm,29,8:00pm-8:59pm,59,1,Daylight,Reduced Visibility,1,1,['Driver'],['Shoulder_Lapbelt'],0,0,Valid,1.0,0.0,67.0,18.0,"['Male', 'Male']",0,0,3,4,5,Wet/Standing Water,Curve,Grade/Hillcrest,Lowest,Yes
25630,39,Ohio,390517,1,1,1,0,1,LORAIN,July,4,Tuesday,23,19,Urban,Medium Speed (Collector),No,41.43741111,-82.15519167,Complex/Circle,Dark - Lighted,Clear,11:00pm-11:59pm,21,11:00pm-11:59pm,25,11:00pm-11:59pm,52,1,Dark - Lighted,Clear,0,1,[],[],1,1,Invalid,1.0,0.0,26.0,26.0,['Female'],0,0,3,3,4,Dry,Straight,Level,Lowest,No
25631,39,Ohio,390518,0,2,2,0,2,NOT APPLICABLE,June,26,Monday,18,27,Urban,Low Speed (Local),No,41.24063611,-80.53534167,Non-Intersection,Daylight,Cloudy,6:00am-6:59am,30,6:00am-6:59am,36,7:00am-7:59am,19,1,Daylight,Reduced Visibility,1,1,['Driver'],['None_Used'],1,1,Valid,0.0,1.0,48.0,36.0,"['Male', 'Female']",0,0,5,4,5,Dry,Curve,Grade/Hillcrest,Lowest,No