,State_Code,State_Name,Crash_ID,Count_Non_Motorists,Count_Vehicles_Total,Count_Vehicle_Forms,Count_PVH_Involved,Count_Occupants_MV,City_Name,Month_Name,Day_of_Month,Day_of_Week,Crash_Hour,Crash_Minute,Area_Rural_Urban,Road_Functional_Class,On_NHS_Road,Latitude,Longitude,Intersection_Type,Light_Condition,Weather_Condition,Notif_Hour,Notif_Minute,Arrival_Hour,Arrival_Minute,Hospital_Hour,Hospital_Minute,Fatalities_Count,Clean_Light_Condition,Clean_Weather_Condition,Total_Killed,Total_Alive,Fatal_Seats_List,Killed_Restraint_List,Any_Driver_Drinking,Total_Drinking_Drivers,Driver_License_Category,Driver_Max_Prev_Accident_Count,Driver_Max_Prev_Speeding_Count,Max_Driver_Age,Min_Driver_Age,Driver_Sex_List,Total_Exceeding_Limit_Vehicles,Total_Too_Fast_Vehicles,Max_Vehicle_Type_Severity_5,Max_Vehicle_Damage_Rank,Max_Harmful_Event_Severity,Crash_Road_Surface_Condition,Crash_Horizontal_Alignment,Crash_Vertical_Profile,Crash_Impairment_Category,Crash_Vehicle_Defect
25632,39,Ohio,390519,0,1,1,0,1,NOT APPLICABLE,July,1,Saturday,11,31,Rural,Low Speed (Local),No,39.81924444,-83.27033333,Non-Intersection,Daylight,Rain,11:00am-11:59am,30,11:00am-11:59am,48,12:00pm-12:59pm,25,1,Daylight,Rain/Wind/Minor,1,0,['Driver'],['Shoulder_Lapbelt'],1,1,Valid,0.0,0.0,45.0,45.0,['Male'],0,0,3,4,3,Wet/Standing Water,Straight,Level,Lowest,No
25633,39,Ohio,390520,0,1,1,0,1,NOT APPLICABLE,April,29,Saturday,4,0,Rural,Low Speed (Local),No,39.19256111,-84.77023889,Non-Intersection,Dark - Not Lighted,Cloudy,4:00am-4:59am,26,5:00am-5:59am,3,Not Applicable (Not Transported),Not Applicable (Not Transported),1,Dark - Unlighted,Reduced Visibility,1,0,['Driver'],['None_Used'],1,1,Valid,0.0,0.0,29.0,29.0,['Female'],0,0,2,4,3,Dry,Curve,Grade/Hillcrest,Lowest,No
25634,39,Ohio,390521,0,4,4,0,5,NOT APPLICABLE,May,9,Tuesday,9,56,Urban,High Speed (Arterial),Yes,39.05635278,-84.40728056,Non-Intersection,Daylight,Clear,9:00am-9:59am,58,10:00am-10:59am,4,10:00am-10:59am,38,1,Daylight,Clear,1,4,['Driver'],['Shoulder_Lapbelt'],0,0,Valid,0.0,1.0,40.0,20.0,"['Female', 'Male', 'Male', 'Male']",0,0,4,4,5,Dry,Straight,Level,Lowest,No
25635,39,Ohio,390522,1,1,1,0,1,CLEVELAND,June,4,Sunday,21,30,Urban,Medium Speed (Collector),No,41.50959167,-81.67875278,Non-Intersection,Dusk,Cloudy,9:00pm-9:59pm,34,9:00pm-9:59pm,37,9:00pm-9:59pm,59,1,Twilight,Reduced Visibility,0,0,[],[],0,0,Invalid,0.0,0.0,998.0,998.0,['Other'],1,0,3,2,4,Dry,Straight,Level,Lowest,No
25636,39,Ohio,390523,0,1,1,0,1,NOT APPLICABLE,June,6,Tuesday,14,38,Rural,Low Speed (Local),No,39.72075556,-84.31869722,Non-Intersection,Daylight,Clear,2:00pm-2:59pm,38,2:00pm-2:59pm,44,Not Applicable (Not Transported),Not Applicable (Not Transported),1,Daylight,Clear,1,0,['Driver'],['None_Used'],0,0,Valid,0.0,0.0,50.0,50.0,['Male'],0,0,3,4,3,Dry,Straight,Level,Lowest,No
25637,39,Ohio,390524,0,1,1,0,3,AKRON,June,10,Saturday,3,6,Urban,Medium Speed (Collector),No,41.09106111,-81.52346111,Non-Intersection,Dark - Lighted,Clear,3:00am-3:59am,11,3:00am-3:59am,14,3:00am-3:59am,29,1,Dark - Lighted,Clear,1,2,['Rear_Seat'],['Shoulder_Lapbelt'],1,1,Valid,2.0,0.0,26.0,26.0,['Male'],3,0,3,4,3,Dry,Straight,Grade/Hillcrest,Lowest,No
25638,39,Ohio,390525,0,1,1,0,2,NOT APPLICABLE,June,16,Friday,2,20,Rural,Medium Speed (Collector),No,39.47288333,-81.72449167,Non-Intersection,Dark - Not Lighted,Rain,2:00am-2:59am,20,2:00am-2:59am,37,5:00am-5:59am,57,1,Dark - Unlighted,Rain/Wind/Minor,1,1,['Front_Passenger'],['Shoulder_Only'],1,1,Invalid,0.0,0.0,30.0,30.0,['Male'],0,0,2,4,3,Wet/Standing Water,Curve,Grade/Hillcrest,Lowest,No
25639,39,Ohio,390526,0,1,1,0,2,LORAIN,June,17,Saturday,22,35,Urban,Medium Speed (Collector),No,41.43121389,-82.234075,Non-Intersection,Dark - Lighted,Clear,10:00pm-10:59pm,36,10:00pm-10:59pm,44,11:00pm-11:59pm,13,1,Dark - Lighted,Clear,1,1,['Front_Passenger'],['Shoulder_Lapbelt'],1,1,Valid,1.0,3.0,23.0,23.0,['Male'],0,0,2,4,3,Dry,Curve,Level,Lowest,No
25640,39,Ohio,390527,0,2,2,0,2,NOT APPLICABLE,June,17,Saturday,15,33,Urban,High Speed (Arterial),No,40.8032,-81.42601389,Complex/Circle,Daylight,Clear,3:00pm-3:59pm,35,3:00pm-3:59pm,44,3:00pm-3:59pm,57,1,Daylight,Clear,1,1,['Driver'],['None_Used'],0,0,Valid,1.0,0.0,64.0,36.0,"['Male', 'Female']",0,0,5,4,5,Dry,Straight,Level,Lowest,No
25641,39,Ohio,390528,0,1,1,0,1,AKRON,June,21,Wednesday,0,21,Urban,Low Speed (Local),No,41.07038611,-81.46960278,Complex/Circle,Dark - Lighted,Clear,0:00am-0:59am,21,0:00am-0:59am,29,0:00am-0:59am,43,1,Dark - Lighted,Clear,1,0,['Driver'],['None_Used'],1,1,Valid,1.0,5.0,28.0,28.0,['Male'],0,0,5,4,3,Dry,Curve,Grade/Hillcrest,Lowest,No
25642,39,Ohio,390529,0,2,2,0,2,COLUMBUS,June,21,Wednesday,17,55,Urban,High Speed (Arterial),Yes,39.895175,-82.92966667,Complex/Circle,Daylight,Clear,5:00pm-5:59pm,56,6:00pm-6:59pm,2,6:00pm-6:59pm,22,1,Daylight,Clear,1,1,['Driver'],['None_Used'],0,0,Valid,0.0,2.0,20.0,19.0,"['Male', 'Male']",0,0,5,4,5,Dry,Straight,Level,Lowest,No
25643,39,Ohio,390530,0,1,1,0,1,NOT APPLICABLE,June,24,Saturday,18,22,Rural,Medium Speed (Collector),No,40.71251667,-82.44661944,Non-Intersection,Daylight,Clear,6:00pm-6:59pm,27,6:00pm-6:59pm,35,7:00pm-7:59pm,29,1,Daylight,Clear,1,0,['Driver'],['Shoulder_Lapbelt'],1,1,Valid,0.0,1.0,18.0,18.0,['Male'],1,0,2,4,3,Dry,Curve,Grade/Hillcrest,Lowest,No
25644,39,Ohio,390531,1,2,2,0,3,COLUMBUS,June,23,Friday,22,19,Urban,Medium Speed (Collector),No,39.91184722,-83.14390833,Non-Intersection,Dark - Not Lighted,Cloudy,10:00pm-10:59pm,21,10:00pm-10:59pm,23,10:00pm-10:59pm,43,1,Dark - Unlighted,Reduced Visibility,0,3,[],[],0,0,Invalid,0.0,0.0,998.0,16.0,"['Other', 'Female']",0,0,2,2,4,Dry,Straight,Level,Lowest,No
25645,39,Ohio,390532,0,2,2,0,2,NOT APPLICABLE,June,23,Friday,13,50,Rural,High Speed (Arterial),Yes,40.37749722,-83.07373056,Simple Junction,Daylight,Rain,1:00pm-1:59pm,51,1:00pm-1:59pm,57,Not Applicable (Not Transported),Not Applicable (Not Transported),1,Daylight,Rain/Wind/Minor,1,1,['Driver'],['Shoulder_Lapbelt'],0,0,Valid,0.0,0.0,44.0,44.0,"['Female', 'Male']",0,0,2,4,5,Wet/Standing Water,Straight,Level,Lowest,No
25646,39,Ohio,390533,1,2,1,1,1,NOT APPLICABLE,June,22,Thursday,2,40,Rural,High Speed (Arterial),Yes,41.21018056,-81.793475,Non-Intersection,Dark - Not Lighted,Clear,2:00am-2:59am,59,3:00am-3:59am,12,3:00am-3:59am,38,1,Dark - Unlighted,Clear,0,1,[],[],0,0,Valid,1.0,0.0,23.0,23.0,['Male'],0,0,4,4,5,Dry,Straight,Grade/Hillcrest,Lowest,No
25647,39,Ohio,390534,0,2,1,1,1,NOT APPLICABLE,June,23,Friday,0,37,Rural,Low Speed (Local),No,39.22211111,-84.10302222,Non-Intersection,Dark - Not Lighted,Cloudy,0:00am-0:59am,27,0:00am-0:59am,35,Not Applicable (Not Transported),Not Applicable (Not Transported),1,Dark - Unlighted,Reduced Visibility,1,0,['Driver'],['None_Used'],1,1,Invalid,0.0,1.0,29.0,29.0,['Male'],0,0,3,4,3,Wet/Standing Water,Straight,Level,Lowest,No
25648,39,Ohio,390535,0,1,1,0,1,NOT APPLICABLE,June,23,Friday,4,33,Rural,Low Speed (Local),No,41.65761667,-83.89880833,Non-Intersection,Dark - Not Lighted,Clear,4:00am-4:59am,33,4:00am-4:59am,42,Not Applicable (Not Transported),Not Applicable (Not Transported),1,Dark - Unlighted,Clear,1,0,['Driver'],['Shoulder_Lapbelt'],1,1,Valid,1.0,0.0,17.0,17.0,['Male'],1,0,3,4,3,Dry,Straight,Level,Lowest,No
25649,39,Ohio,390536,0,1,1,0,1,NOT APPLICABLE,June,26,Monday,0,11,Urban,Low Speed (Local),No,41.60398333,-83.81438611,Non-Intersection,Dark - Not Lighted,Cloudy,0:00am-0:59am,8,0:00am-0:59am,19,Not Applicable (Not Transported),Not Applicable (Not Transported),1,Dark - Unlighted,Reduced Visibility,1,0,['Driver'],['Shoulder_Lapbelt'],1,1,Valid,1.0,0.0,28.0,28.0,['Male'],0,0,2,4,3,Wet/Standing Water,Straight,Level,Lowest,No
25650,39,Ohio,390537,1,1,1,0,1,PATASKALA,June,14,Wednesday,19,55,Urban,High Speed (Arterial),Yes,40.00564167,-82.66001111,Complex/Circle,Dusk,Clear,7:00pm-7:59pm,56,7:00pm-7:59pm,58,8:00pm-8:59pm,17,1,Twilight,Clear,0,1,[],[],0,0,Valid,0.0,0.0,20.0,20.0,['Male'],0,0,3,2,4,Dry,Straight,Level,Lowest,No
25651,39,Ohio,390538,0,1,1,0,1,NOT APPLICABLE,June,21,Wednesday,21,2,Rural,Medium Speed (Collector),No,40.60998889,-84.35852778,Non-Intersection,Dusk,Cloudy,9:00pm-9:59pm,3,9:00pm-9:59pm,9,9:00pm-9:59pm,25,1,Twilight,Reduced Visibility,1,0,['Driver'],['None_Used'],1,1,Invalid,0.0,1.0,45.0,45.0,['Male'],0,0,5,4,3,Dry,Curve,Level,Lowest,No
25652,39,Ohio,390539,1,1,1,0,1,MAUMEE,June,6,Tuesday,22,36,Urban,Medium Speed (Collector),No,41.58818889,-83.63916389,Non-Intersection,Dark - Lighted,Clear,10:00pm-10:59pm,38,10:00pm-10:59pm,49,11:00pm-11:59pm,10,1,Dark - Lighted,Clear,0,1,[],[],0,0,Valid,2.0,0.0,27.0,27.0,['Female'],0,0,2,3,4,Dry,Straight,Level,Lowest,No
25653,39,Ohio,390540,0,2,2,0,3,CINCINNATI,May,20,Saturday,17,47,Urban,High Speed (Arterial),No,39.12457222,-84.54296944,Non-Intersection,Daylight,Clear,5:00pm-5:59pm,47,5:00pm-5:59pm,49,6:00pm-6:59pm,8,1,Daylight,Clear,1,2,['Driver'],['None_Used'],1,1,Invalid,0.0,0.0,64.0,32.0,"['Male', 'Male']",0,0,3,4,5,Dry,Straight,Level,Lowest,No
25654,39,Ohio,390541,0,2,2,0,2,CLEVELAND,June,10,Saturday,8,25,Urban,High Speed (Arterial),Yes,41.44191944,-81.57133889,Simple Junction,Daylight,Clear,8:00am-8:59am,34,8:00am-8:59am,42,9:00am-9:59am,20,1,Daylight,Clear,1,1,['Driver'],['None_Used'],0,0,Invalid,1.0,2.0,34.0,20.0,"['Male', 'Male']",1,0,5,4,5,Dry,Straight,Level,Lowest,No
25655,39,Ohio,390542,0,1,1,0,2,OREGON,July,7,Friday,18,23,Urban,Low Speed (Local),No,41.68931944,-83.40475833,Non-Intersection,Daylight,Clear,6:00pm-6:59pm,24,6:00pm-6:59pm,33,Not Applicable (Not Transported),Not Applicable (Not Transported),2,Daylight,Clear,2,0,"['Driver', 'Front_Passenger']","['Shoulder_Lapbelt', 'Shoulder_Lapbelt']",0,0,Valid,2.0,0.0,85.0,85.0,['Male'],0,0,3,4,3,Dry,Straight,Level,Lowest,No
25656,39,Ohio,390543,0,1,1,0,2,EUCLID,July,3,Monday,2,43,Urban,High Speed (Arterial),Yes,41.56887778,-81.53543611,Non-Intersection,Dark - Lighted,Cloudy,2:00am-2:59am,48,2:00am-2:59am,53,2:00am-2:59am,55,1,Dark - Lighted,Reduced Visibility,1,1,['Driver'],['None_Used'],1,1,Invalid,0.0,0.0,27.0,27.0,['Male'],2,0,3,4,3,Dry,Curve,Level,Lowest,No
25657,39,Ohio,390544,0,2,2,0,4,NORTH OLMSTED,July,3,Monday,23,7,Urban,High Speed (Arterial),Yes,41.41533611,-81.92411667,Non-Intersection,Dark - Lighted,Cloudy,11:00pm-11:59pm,17,11:00pm-11:59pm,27,11:00pm-11:59pm,59,1,Dark - Lighted,Reduced Visibility,1,3,['Driver'],['Shoulder_Lapbelt'],1,1,Valid,0.0,0.0,39.0,30.0,"['Male', 'Female']",1,0,2,4,5,Dry,Straight,Level,Lowest,No
25658,39,Ohio,390545,0,3,3,0,5,GARFIELD HTS,May,6,Saturday,18,37,Urban,Medium Speed (Collector),No,41.41703611,-81.601375,Complex/Circle,Daylight,Clear,6:00pm-6:59pm,38,6:00pm-6:59pm,40,7:00pm-7:59pm,7,1,Daylight,Clear,1,4,['Driver'],['Shoulder_Lapbelt'],1,1,Valid,2.0,0.0,75.0,42.0,"['Male', 'Female', 'Female']",1,0,3,4,5,Dry,Straight,Level,Lowest,No
25659,39,Ohio,390546,0,2,2,0,2,NOT APPLICABLE,June,29,Thursday,15,30,Rural,High Speed (Arterial),Yes,39.34819444,-81.55428611,Complex/Circle,Daylight,"Fog, Smog, Smoke",3:00pm-3:59pm,34,3:00pm-3:59pm,49,4:00pm-4:59pm,1,1,Daylight,Reduced Visibility,1,1,['Driver'],['None_Used'],0,0,Invalid,2.0,0.0,57.0,27.0,"['Male', 'Male']",0,0,4,4,5,Wet/Standing Water,Straight,Level,Lowest,No
25660,39,Ohio,390547,0,1,1,0,1,NOT APPLICABLE,July,3,Monday,20,51,Urban,Low Speed (Local),No,40.83721389,-81.534225,Non-Intersection,Dark - Not Lighted,Cloudy,8:00pm-8:59pm,52,8:00pm-8:59pm,56,Not Applicable (Not Transported),Not Applicable (Not Transported),1,Dark - Unlighted,Reduced Visibility,1,0,['Driver'],['None_Used'],1,1,Valid,0.0,1.0,64.0,64.0,['Male'],0,0,5,3,1,Dry,Curve,Grade/Hillcrest,Lowest,No
25661,39,Ohio,390548,0,1,1,0,4,MAYFIELD,March,4,Saturday,23,20,Urban,High Speed (Arterial),Yes,41.52087222,-81.444475,Non-Intersection,Dark - Lighted,Clear,11:00pm-11:59pm,21,11:00pm-11:59pm,24,11:00pm-11:59pm,44,1,Dark - Lighted,Clear,1,3,['Rear_Seat'],['None_Used'],0,0,Valid,1.0,0.0,51.0,51.0,['Female'],0,0,2,4,3,Dry,Straight,Level,Lowest,No
25662,39,Ohio,390549,0,2,2,0,4,LIMA,July,10,Monday,19,38,Urban,Medium Speed (Collector),No,40.74504167,-84.1277,Complex/Circle,Daylight,Clear,7:00pm-7:59pm,39,7:00pm-7:59pm,43,Not Applicable (Not Transported),Not Applicable (Not Transported),1,Daylight,Clear,1,3,['Driver'],['None_Used'],0,0,Valid,1.0,1.0,43.0,34.0,"['Male', 'Female']",0,0,5,4,5,Dry,Straight,Level,Lowest,No
25663,39,Ohio,390550,0,1,1,0,1,BELLEVUE,March,27,Monday,9,9,Urban,Medium Speed (Collector),No,41.282475,-82.83825278,Non-Intersection,Daylight,Cloudy,9:00am-9:59am,12,9:00am-9:59am,18,9:00am-9:59am,58,1,Daylight,Reduced Visibility,1,0,['Driver'],['Shoulder_Lapbelt'],0,0,Valid,1.0,0.0,78.0,78.0,['Male'],0,0,4,4,3,Dry,Straight,Level,Lowest,No
25664,39,Ohio,390551,0,1,1,0,1,YOUNGSTOWN,May,20,Saturday,3,23,Urban,High Speed (Arterial),Yes,41.09303056,-80.65533889,Non-Intersection,Dark - Lighted,Rain,3:00am-3:59am,29,3:00am-3:59am,32,Not Applicable (Not Transported),Not Applicable (Not Transported),1,Dark - Lighted,Rain/Wind/Minor,1,0,['Driver'],['None_Used'],1,1,Invalid,0.0,0.0,35.0,35.0,['Male'],0,0,5,4,2,Wet/Standing Water,Straight,Level,Lowest,No
25665,39,Ohio,390552,0,2,1,1,1,NOT APPLICABLE,June,30,Friday,18,28,Rural,Medium Speed (Collector),No,41.56741944,-83.92136944,Non-Intersection,Daylight,Cloudy,6:00pm-6:59pm,22,6:00pm-6:59pm,28,Not Applicable (Not Transported),Not Applicable (Not Transported),1,Daylight,Reduced Visibility,1,0,['Driver'],['Shoulder_Lapbelt'],1,1,Invalid,0.0,2.0,23.0,23.0,['Male'],0,0,2,4,3,Dry,Straight,Level,Lowest,No
25666,39,Ohio,390553,0,1,1,0,1,NOT APPLICABLE,July,2,Sunday,2,14,Rural,Medium Speed (Collector),No,41.66116111,-83.28693056,Non-Intersection,Dark - Not Lighted,Cloudy,2:00am-2:59am,10,2:00am-2:59am,23,3:00am-3:59am,1,1,Dark - Unlighted,Reduced Visibility,1,0,['Driver'],['None_Used'],1,1,Invalid,1.0,0.0,23.0,23.0,['Male'],0,0,5,2,3,Dry,Straight,Level,Lowest,No
25667,39,Ohio,390554,0,2,2,0,3,NOT APPLICABLE,July,9,Sunday,18,0,Urban,High Speed (Arterial),Yes,39.43348889,-84.43956111,Non-Intersection,Daylight,Clear,6:00pm-6:59pm,0,6:00pm-6:59pm,7,6:00pm-6:59pm,25,1,Daylight,Clear,1,2,['Driver'],['None_Used'],0,0,Valid,0.0,0.0,71.0,61.0,"['Female', 'Male']",0,0,5,4,5,Dry,Straight,Level,Lowest,No
25668,39,Ohio,390555,0,2,2,0,2,NOT APPLICABLE,June,30,Friday,21,47,Rural,Medium Speed (Collector),No,39.23111111,-83.34008056,Simple Junction,Dark - Not Lighted,Clear,9:00pm-9:59pm,47,10:00pm-10:59pm,11,Not Applicable (Not Transported),Not Applicable (Not Transported),1,Dark - Unlighted,Clear,1,1,['Driver'],['None_Used'],1,1,Valid,0.0,1.0,65.0,59.0,"['Male', 'Male']",0,0,5,4,5,Dry,Straight,Level,Lowest,No
25669,39,Ohio,390556,0,1,1,0,1,NOT APPLICABLE,July,4,Tuesday,23,4,Rural,Medium Speed (Collector),No,40.62713889,-81.17846944,Non-Intersection,Dark - Not Lighted,Clear,11:00pm-11:59pm,3,11:00pm-11:59pm,9,Not Applicable (Not Transported),Not Applicable (Not Transported),1,Dark - Unlighted,Clear,1,0,['Driver'],['None_Used'],1,1,Valid,0.0,0.0,60.0,60.0,['Male'],0,0,5,4,1,Dry,Straight,Level,Lowest,No
25670,39,Ohio,390557,1,1,1,0,1,NOT APPLICABLE,July,4,Tuesday,17,10,Rural,Medium Speed (Collector),No,39.81670556,-83.88930833,Non-Intersection,Daylight,Clear,5:00pm-5:59pm,7,5:00pm-5:59pm,11,Not Applicable (Not Transported),Not Applicable (Not Transported),1,Daylight,Clear,0,1,[],[],0,0,Valid,0.0,0.0,91.0,91.0,['Female'],0,0,2,4,4,Dry,Straight,Level,Lowest,No
25671,39,Ohio,390558,1,1,1,0,3,NORTH LEWISBURG,July,5,Wednesday,17,55,Rural,Low Speed (Local),No,40.21404444,-83.57004167,Non-Intersection,Daylight,Cloudy,5:00pm-5:59pm,57,6:00pm-6:59pm,14,6:00pm-6:59pm,19,1,Daylight,Reduced Visibility,0,3,[],[],0,0,Valid,0.0,2.0,31.0,31.0,['Female'],0,0,3,1,4,Dry,Straight,Non-Trafficway,Lowest,No
25672,39,Ohio,390559,0,1,1,0,1,NOT APPLICABLE,May,24,Wednesday,6,30,Rural,Low Speed (Local),No,39.28399444,-84.69256944,Non-Intersection,Dark - Not Lighted,Cloudy,7:00am-7:59am,2,7:00am-7:59am,10,Not Applicable (Not Transported),Not Applicable (Not Transported),1,Dark - Unlighted,Reduced Visibility,1,0,['Driver'],['None_Used'],0,0,Valid,0.0,0.0,55.0,55.0,['Male'],0,0,5,4,2,Dry,Straight,Grade/Hillcrest,Lowest,No
25673,39,Ohio,390560,1,1,1,0,4,COLUMBUS,July,9,Sunday,2,50,Urban,High Speed (Arterial),Yes,39.984925,-82.85658056,Non-Intersection,Dark - Not Lighted,Cloudy,2:00am-2:59am,50,2:00am-2:59am,58,Not Applicable (Not Transported),Not Applicable (Not Transported),1,Dark - Unlighted,Reduced Visibility,0,4,[],[],0,0,Valid,1.0,2.0,21.0,21.0,['Male'],0,0,2,4,4,Dry,Straight,Level,Lowest,No
25674,39,Ohio,390561,0,2,2,0,2,NOT APPLICABLE,July,7,Friday,8,27,Rural,High Speed (Arterial),Yes,38.93180833,-83.56207778,Complex/Circle,Daylight,Clear,8:00am-8:59am,23,8:00am-8:59am,30,Not Applicable (Not Transported),Not Applicable (Not Transported),1,Daylight,Clear,1,1,['Driver'],['Shoulder_Lapbelt'],0,0,Valid,0.0,1.0,56.0,37.0,"['Male', 'Male']",0,0,3,4,5,Dry,Straight,Level,Lowest,No
25675,39,Ohio,390562,0,2,2,0,2,TOLEDO,July,14,Friday,1,40,Urban,Medium Speed (Collector),No,41.64303056,-83.5929,Non-Intersection,Dark - Not Lighted,Clear,1:00am-1:59am,41,1:00am-1:59am,48,Not Applicable (Not Transported),Not Applicable (Not Transported),1,Dark - Unlighted,Clear,1,0,['Driver'],['None_Used'],1,1,Invalid,0.0,0.0,998.0,57.0,"['Male', 'Other']",0,0,5,3,5,Dry,Straight,Level,Lowest,No
25676,39,Ohio,390563,0,1,1,0,1,NOT APPLICABLE,June,25,Sunday,10,22,Urban,High Speed (Arterial),Yes,39.30700278,-81.56633889,Non-Intersection,Daylight,Clear,10:00am-10:59am,25,10:00am-10:59am,35,10:00am-10:59am,59,1,Daylight,Clear,1,0,['Driver'],['None_Used'],0,0,Valid,0.0,0.0,53.0,53.0,['Male'],0,0,5,2,3,Dry,Straight,Level,Lowest,Yes
25677,39,Ohio,390564,0,2,2,0,4,NOT APPLICABLE,June,29,Thursday,5,57,Urban,High Speed (Arterial),Yes,40.00071944,-81.58321111,Non-Intersection,Dawn,"Fog, Smog, Smoke",6:00am-6:59am,0,6:00am-6:59am,6,6:00am-6:59am,33,3,Twilight,Reduced Visibility,3,1,"['Driver', 'Front_Passenger', 'Rear_Seat']","['Shoulder_Lapbelt', 'Shoulder_Lapbelt', 'None_Used']",0,0,Valid,0.0,0.0,48.0,45.0,"['Male', 'Male']",0,0,4,4,5,Dry,Straight,Grade/Hillcrest,Lowest,No
25678,39,Ohio,390565,0,1,1,0,1,COLUMBUS,July,5,Wednesday,7,4,Urban,Medium Speed (Collector),No,39.94573056,-82.96356389,Complex/Circle,Daylight,Clear,7:00am-7:59am,6,7:00am-7:59am,9,Not Applicable (Not Transported),Not Applicable (Not Transported),1,Daylight,Clear,1,0,['Driver'],['None_Used'],0,0,Invalid,0.0,0.0,38.0,38.0,['Female'],1,0,2,4,3,Dry,Straight,Level,Lowest,No
25679,39,Ohio,390566,0,2,2,0,3,COLUMBUS,July,8,Saturday,0,53,Urban,Medium Speed (Collector),No,39.93699722,-83.06345833,Non-Intersection,Dark - Lighted,Clear,0:00am-0:59am,59,1:00am-1:59am,5,1:00am-1:59am,33,1,Dark - Lighted,Clear,1,2,['Driver'],['Shoulder_Lapbelt'],1,1,Valid,1.0,1.0,43.0,36.0,"['Female', 'Female']",2,0,2,4,5,Dry,Straight,Level,Lowest,No
25680,39,Ohio,390567,0,1,1,0,3,NOT APPLICABLE,July,6,Thursday,23,54,Urban,Medium Speed (Collector),No,39.08455278,-84.23178889,Non-Intersection,Dark - Not Lighted,Clear,11:00pm-11:59pm,55,0:00am-0:59am,0,0:00am-0:59am,16,2,Dark - Unlighted,Clear,2,1,"['Driver', 'Rear_Seat']","['Lapbelt_Only', 'Shoulder_Lapbelt']",1,1,Valid,0.0,0.0,19.0,19.0,['Female'],0,0,2,4,3,Dry,Curve,Grade/Hillcrest,Lowest,No
25681,39,Ohio,390568,1,1,1,0,1,NOT APPLICABLE,July,5,Wednesday,10,42,Rural,Medium Speed (Collector),No,41.23804722,-82.35696111,Non-Intersection,Daylight,Clear,10:00am-10:59am,44,10:00am-10:59am,48,11:00am-11:59am,12,1,Daylight,Clear,0,1,[],[],0,0,Valid,1.0,1.0,27.0,27.0,['Male'],0,0,3,3,4,Dry,Straight,Grade/Hillcrest,Lowest,No
25682,39,Ohio,390569,0,2,2,0,3,GREENVILLE,July,7,Friday,23,47,Urban,High Speed (Arterial),No,40.09853889,-84.61246667,Non-Intersection,Dark - Not Lighted,Clear,11:00pm-11:59pm,47,11:00pm-11:59pm,51,Not Applicable (Not Transported),Not Applicable (Not Transported),1,Dark - Unlighted,Clear,1,2,['Driver'],['None_Used'],1,1,Valid,1.0,4.0,35.0,23.0,"['Male', 'Male']",0,0,5,4,5,Dry,Straight,Non-Trafficway,Lowest,No
25683,39,Ohio,390570,0,3,3,0,4,NOT APPLICABLE,July,7,Friday,23,50,Rural,High Speed (Arterial),Yes,40.312625,-80.95411667,Non-Intersection,Dark - Not Lighted,Clear,Unknown,Unknown,Unknown EMS Scene Arrival Hour,Unknown EMS Scene Arrival Minutes,Unknown,Unknown EMS Hospital Arrival Time,1,Dark - Unlighted,Clear,1,3,['Driver'],['Shoulder_Lapbelt'],1,1,Valid,1.0,0.0,62.0,20.0,"['Male', 'Female', 'Male']",0,0,4,4,5,Dry,Straight,Level,Lowest,No
25684,39,Ohio,390571,0,2,2,0,3,MONROE,July,6,Thursday,15,20,Urban,High Speed (Arterial),Yes,39.44018611,-84.33462222,Non-Intersection,Daylight,Clear,3:00pm-3:59pm,19,3:00pm-3:59pm,28,3:00pm-3:59pm,54,1,Daylight,Clear,1,2,['Front_Passenger'],['Shoulder_Lapbelt'],0,0,Valid,1.0,1.0,51.0,44.0,"['Female', 'Female']",2,0,3,4,5,Dry,Curve,Grade/Hillcrest,Lowest,No
25685,39,Ohio,390572,0,2,2,0,3,NOT APPLICABLE,July,16,Sunday,7,30,Urban,Low Speed (Local),No,41.33433889,-83.66985,Non-Intersection,Daylight,"Fog, Smog, Smoke",7:00am-7:59am,44,7:00am-7:59am,49,8:00am-8:59am,45,1,Daylight,Reduced Visibility,1,2,['Driver'],['None_Used'],0,0,Valid,1.0,1.0,23.0,22.0,"['Male', 'Male']",0,0,3,4,5,Dry,Straight,Level,Lowest,No
25686,39,Ohio,390573,0,1,1,0,1,SANDUSKY,July,17,Monday,0,54,Urban,High Speed (Arterial),No,41.45175556,-82.72079444,Complex/Circle,Dark - Lighted,Clear,0:00am-0:59am,57,0:00am-0:59am,58,Not Applicable (Not Transported),Not Applicable (Not Transported),1,Dark - Lighted,Clear,1,0,['Driver'],['None_Used'],1,1,Valid,0.0,1.0,29.0,29.0,['Male'],1,0,3,4,3,Dry,Straight,Level,Lowest,Yes
25687,39,Ohio,390574,0,2,2,0,3,NOT APPLICABLE,July,16,Sunday,17,7,Urban,Medium Speed (Collector),No,40.14861111,-82.97966111,Non-Intersection,Daylight,Clear,5:00pm-5:59pm,22,5:00pm-5:59pm,32,5:00pm-5:59pm,47,1,Daylight,Clear,1,2,['Driver'],['None_Used'],0,0,Valid,1.0,1.0,51.0,24.0,"['Female', 'Male']",0,0,5,4,5,Dry,Straight,Non-Trafficway,Lowest,No
25688,39,Ohio,390575,1,1,1,0,1,CUYAHOGA FALLS,April,7,Friday,16,23,Rural,Low Speed (Local),No,41.11974722,-81.47054167,Non-Intersection,Daylight,Clear,4:00pm-4:59pm,24,4:00pm-4:59pm,29,4:00pm-4:59pm,48,1,Daylight,Clear,0,1,[],[],0,0,Valid,0.0,0.0,49.0,49.0,['Female'],0,0,3,1,4,Dry,Straight,Level,Lowest,No
25689,39,Ohio,390576,0,1,1,0,1,NOT APPLICABLE,July,4,Tuesday,20,41,Urban,Medium Speed (Collector),No,41.14845278,-80.59782778,Non-Intersection,Dusk,Clear,8:00pm-8:59pm,43,8:00pm-8:59pm,49,9:00pm-9:59pm,13,1,Twilight,Clear,1,0,['Driver'],['None_Used'],1,1,Invalid,1.0,0.0,32.0,32.0,['Male'],1,0,5,4,3,Dry,Curve,Level,Lowest,No
25690,39,Ohio,390577,0,1,1,0,1,GLENDALE,July,8,Saturday,16,25,Urban,High Speed (Arterial),Yes,39.27162778,-84.47579722,Non-Intersection,Daylight,Cloudy,4:00pm-4:59pm,25,4:00pm-4:59pm,27,Not Applicable (Not Transported),Not Applicable (Not Transported),1,Daylight,Reduced Visibility,1,0,['Driver'],['None_Used'],0,0,Valid,1.0,0.0,80.0,80.0,['Male'],0,0,2,4,3,Dry,Straight,Level,Lowest,No