,State_Code,State_Name,Crash_ID,Count_Non_Motorists,Count_Vehicles_Total,Count_Vehicle_Forms,Count_PVH_Involved,Count_Occupants_MV,City_Name,Month_Name,Day_of_Month,Day_of_Week,Crash_Hour,Crash_Minute,Area_Rural_Urban,Road_Functional_Class,On_NHS_Road,Latitude,Longitude,Intersection_Type,Light_Condition,Weather_Condition,Notif_Hour,Notif_Minute,Arrival_Hour,Arrival_Minute,Hospital_Hour,Hospital_Minute,Fatalities_Count,Clean_Light_Condition,Clean_Weather_Condition,Total_Killed,Total_Alive,Fatal_Seats_List,Killed_Restraint_List,Any_Driver_Drinking,Total_Drinking_Drivers,Driver_License_Category,Driver_Max_Prev_Accident_Count,Driver_Max_Prev_Speeding_Count,Max_Driver_Age,Min_Driver_Age,Driver_Sex_List,Total_Exceeding_Limit_Vehicles,Total_Too_Fast_Vehicles,Max_Vehicle_Type_Severity_5,Max_Vehicle_Damage_Rank,Max_Harmful_Event_Severity,Crash_Road_Surface_Condition,Crash_Horizontal_Alignment,Crash_Vertical_Profile,Crash_Impairment_Category,Crash_Vehicle_Defect
25691,39,Ohio,390578,0,2,2,0,4,NOT APPLICABLE,July,10,Monday,0,17,Rural,High Speed (Arterial),Yes,41.25897222,-84.44858889,Non-Intersection,Dark - Not Lighted,Clear,0:00am-0:59am,20,0:00am-0:59am,27,0:00am-0:59am,50,1,Dark - Unlighted,Clear,1,3,['Front_Passenger'],['Shoulder_Lapbelt'],1,1,Invalid,0.0,0.0,24.0,21.0,"['Male', 'Male']",0,0,4,4,5,Dry,Straight,Level,Lowest,No
25692,39,Ohio,390579,0,3,3,0,4,NOT APPLICABLE,July,7,Friday,12,4,Urban,High Speed (Arterial),Yes,41.36993056,-82.54981667,Non-Intersection,Daylight,Clear,12:00pm-12:59pm,3,12:00pm-12:59pm,11,12:00pm-12:59pm,33,1,Daylight,Clear,1,3,['Driver'],['Shoulder_Lapbelt'],1,1,Valid,1.0,0.0,74.0,45.0,"['Male', 'Female', 'Male']",0,0,4,4,5,Dry,Straight,Grade/Hillcrest,Lowest,No
25693,39,Ohio,390580,0,2,2,0,2,NOT APPLICABLE,July,12,Wednesday,7,58,Rural,Medium Speed (Collector),No,39.76904722,-82.622725,Non-Intersection,Daylight,Clear,7:00am-7:59am,55,7:00am-7:59am,59,8:00am-8:59am,42,1,Daylight,Clear,1,1,['Driver'],['Shoulder_Lapbelt'],0,0,Valid,0.0,1.0,64.0,23.0,"['Male', 'Male']",0,0,4,4,5,Dry,Straight,Level,Lowest,No
25694,39,Ohio,390581,0,2,2,0,2,COLUMBUS,July,18,Tuesday,16,46,Urban,Medium Speed (Collector),Yes,39.98346944,-82.98938056,Complex/Circle,Daylight,Clear,4:00pm-4:59pm,46,4:00pm-4:59pm,50,5:00pm-5:59pm,1,1,Daylight,Clear,1,1,['Driver'],['None_Used'],0,0,Valid,1.0,5.0,26.0,25.0,"['Male', 'Male']",0,0,5,4,5,Dry,Straight,Level,Lowest,No
25695,39,Ohio,390582,0,2,2,0,3,NAPOLEON,July,7,Friday,19,40,Urban,Medium Speed (Collector),No,41.398525,-84.13200556,Non-Intersection,Daylight,Clear,7:00pm-7:59pm,42,7:00pm-7:59pm,45,8:00pm-8:59pm,24,1,Daylight,Clear,1,2,['Driver'],['None_Used'],1,1,Valid,0.0,1.0,52.0,46.0,"['Male', 'Female']",0,0,5,4,5,Dry,Straight,Level,Lowest,No
25696,39,Ohio,390583,0,2,2,0,2,CINCINNATI,July,14,Friday,20,50,Urban,High Speed (Arterial),Yes,39.2052,-84.46403889,Non-Intersection,Daylight,Clear,8:00pm-8:59pm,59,9:00pm-9:59pm,3,9:00pm-9:59pm,28,1,Daylight,Clear,1,1,['Driver'],['None_Used'],0,0,Valid,0.0,0.0,56.0,26.0,"['Male', 'Male']",0,0,5,4,5,Dry,Curve,Grade/Hillcrest,Lowest,No
25697,39,Ohio,390584,0,3,3,0,5,NOT APPLICABLE,June,11,Sunday,19,51,Rural,High Speed (Arterial),Yes,40.45002778,-83.83043889,Non-Intersection,Daylight,Rain,7:00pm-7:59pm,56,8:00pm-8:59pm,14,8:00pm-8:59pm,21,2,Daylight,Rain/Wind/Minor,2,3,"['Driver', 'Front_Passenger']","['None_Used', 'None_Used']",0,0,Valid,0.0,2.0,68.0,32.0,"['Female', 'Female', 'Male']",0,0,3,4,5,Wet/Standing Water,Straight,Level,Lowest,No
25698,39,Ohio,390585,0,3,3,0,4,READING,May,30,Tuesday,19,59,Urban,High Speed (Arterial),No,39.21158056,-84.44758333,Complex/Circle,Daylight,Clear,8:00pm-8:59pm,0,8:00pm-8:59pm,3,8:00pm-8:59pm,26,1,Daylight,Clear,1,3,['Driver'],['None_Used'],0,0,Valid,1.0,1.0,65.0,30.0,"['Male', 'Female', 'Female']",1,0,5,4,5,Dry,Straight,Level,Lowest,No
25699,39,Ohio,390586,0,2,2,0,2,NOT APPLICABLE,July,6,Thursday,23,27,Rural,High Speed (Arterial),Yes,41.36183333,-82.92903611,Non-Intersection,Dark - Not Lighted,Cloudy,11:00pm-11:59pm,32,11:00pm-11:59pm,47,Not Applicable (Not Transported),Not Applicable (Not Transported),1,Dark - Unlighted,Reduced Visibility,1,1,['Driver'],['Shoulder_Lapbelt'],0,0,Valid,0.0,0.0,45.0,31.0,"['Male', 'Female']",0,0,4,4,5,Dry,Straight,Level,Lowest,No
25700,39,Ohio,390588,0,2,2,0,3,HARRISON,July,12,Wednesday,12,21,Urban,High Speed (Arterial),Yes,39.26163611,-84.79997778,Non-Intersection,Daylight,Cloudy,12:00pm-12:59pm,21,12:00pm-12:59pm,26,12:00pm-12:59pm,56,1,Daylight,Reduced Visibility,1,2,['Front_Passenger'],['None_Used'],0,0,Valid,0.0,0.0,83.0,61.0,"['Male', 'Female']",0,0,3,4,5,Dry,Straight,Level,Lowest,No
25701,39,Ohio,390589,0,3,3,0,9,NOT APPLICABLE,July,13,Thursday,21,39,Urban,Medium Speed (Collector),No,39.54342778,-84.11438333,Simple Junction,Dark - Not Lighted,Clear,9:00pm-9:59pm,40,9:00pm-9:59pm,43,Not Applicable (Not Transported),Not Applicable (Not Transported),1,Dark - Unlighted,Clear,1,8,['Driver'],['None_Used'],1,1,Valid,1.0,6.0,44.0,23.0,"['Male', 'Male', 'Male']",1,0,5,4,5,Dry,Straight,Level,Lowest,No
25702,39,Ohio,390590,0,2,2,0,7,NOT APPLICABLE,July,13,Thursday,3,35,Rural,High Speed (Arterial),Yes,40.89069444,-83.33933611,Complex/Circle,Dark - Not Lighted,Clear,3:00am-3:59am,41,3:00am-3:59am,50,4:00am-4:59am,30,1,Dark - Unlighted,Clear,1,6,['Driver'],['Shoulder_Lapbelt'],0,0,Valid,0.0,0.0,58.0,37.0,"['Male', 'Male']",0,0,4,4,5,Dry,Straight,Level,Lowest,No
25703,39,Ohio,390591,1,1,1,0,2,NOT APPLICABLE,July,14,Friday,19,57,Rural,Low Speed (Local),No,40.94133333,-81.85943056,Non-Intersection,Daylight,Clear,8:00pm-8:59pm,1,8:00pm-8:59pm,26,9:00pm-9:59pm,54,1,Daylight,Clear,0,2,[],[],0,0,Valid,0.0,0.0,43.0,43.0,['Male'],0,0,3,2,4,Dry,Straight,Level,Lowest,No
25704,39,Ohio,390592,1,1,1,0,1,COLUMBUS,June,20,Tuesday,19,33,Urban,Low Speed (Local),No,39.93039444,-82.96695278,Non-Intersection,Daylight,Rain,7:00pm-7:59pm,35,7:00pm-7:59pm,40,7:00pm-7:59pm,58,1,Daylight,Rain/Wind/Minor,0,1,[],[],1,1,Invalid,0.0,0.0,42.0,42.0,['Female'],1,0,3,4,4,Wet/Standing Water,Straight,Level,Lowest,No
25705,39,Ohio,390593,0,1,1,0,1,NOT APPLICABLE,July,20,Thursday,19,45,Rural,Medium Speed (Collector),No,41.12425556,-83.72435,Non-Intersection,Daylight,Clear,7:00pm-7:59pm,49,7:00pm-7:59pm,57,Not Applicable (Not Transported),Not Applicable (Not Transported),1,Daylight,Clear,1,0,['Driver'],['None_Used'],1,1,Valid,0.0,0.0,36.0,36.0,['Male'],0,0,2,4,3,Wet/Standing Water,Curve,Level,Lowest,No
25706,39,Ohio,390594,0,3,3,0,5,COLUMBUS,July,1,Saturday,13,52,Urban,High Speed (Arterial),No,39.92976944,-83.11646111,Complex/Circle,Daylight,Cloudy,1:00pm-1:59pm,53,1:00pm-1:59pm,57,2:00pm-2:59pm,27,1,Daylight,Reduced Visibility,1,4,['Front_Passenger'],['Shoulder_Lapbelt'],0,0,Invalid,1.0,0.0,998.0,27.0,"['Male', 'Female', 'Female']",0,0,3,4,5,Dry,Straight,Level,Lowest,No
25707,39,Ohio,390595,0,1,1,0,1,NOT APPLICABLE,July,23,Sunday,15,4,Rural,Low Speed (Local),No,39.89633333,-84.15373611,Non-Intersection,Daylight,Clear,3:00pm-3:59pm,6,3:00pm-3:59pm,12,3:00pm-3:59pm,33,1,Daylight,Clear,1,0,['Driver'],['None_Used'],1,1,Valid,2.0,0.0,65.0,65.0,['Male'],0,0,5,4,2,Dry,Curve,Grade/Hillcrest,Lowest,No
25708,39,Ohio,390596,0,2,2,0,2,NOT APPLICABLE,July,21,Friday,11,31,Urban,Low Speed (Local),No,40.75703333,-81.99428056,Simple Junction,Daylight,Cloudy,11:00am-11:59am,33,11:00am-11:59am,38,11:00am-11:59am,55,1,Daylight,Reduced Visibility,1,1,['Driver'],['None_Used'],0,0,Valid,1.0,1.0,75.0,19.0,"['Male', 'Female']",0,0,2,4,5,Dry,Straight,Level,Lowest,No
25709,39,Ohio,390597,0,1,1,0,1,DAYTON,July,23,Sunday,1,47,Urban,High Speed (Arterial),Yes,39.78116111,-84.20788056,Complex/Circle,Dark - Lighted,Clear,1:00am-1:59am,48,1:00am-1:59am,52,2:00am-2:59am,6,1,Dark - Lighted,Clear,1,0,['Driver'],['None_Used'],1,1,Valid,1.0,3.0,45.0,45.0,['Male'],1,0,5,4,2,Dry,Curve,Level,Lowest,No
25710,39,Ohio,390598,0,1,1,0,1,NOT APPLICABLE,May,19,Friday,19,37,Rural,Low Speed (Local),No,41.80409722,-81.01593333,Non-Intersection,Daylight,Cloudy,7:00pm-7:59pm,37,7:00pm-7:59pm,44,8:00pm-8:59pm,2,1,Daylight,Reduced Visibility,1,0,['Driver'],['None_Used'],0,0,Invalid,0.0,0.0,19.0,19.0,['Male'],0,0,2,4,3,Dry,Straight,Level,Lowest,No
25711,39,Ohio,390599,0,2,2,0,3,NOT APPLICABLE,July,14,Friday,22,59,Rural,Low Speed (Local),No,39.15655833,-84.03550556,Non-Intersection,Dark - Not Lighted,Clear,10:00pm-10:59pm,59,11:00pm-11:59pm,11,0:00am-0:59am,7,2,Dark - Unlighted,Clear,2,1,"['Driver', 'Driver']","['None_Used', 'None_Used']",1,2,Valid,1.0,0.0,25.0,21.0,"['Male', 'Male']",0,0,5,4,5,Dry,Straight,Level,Lowest,No
25712,39,Ohio,390600,0,2,2,0,2,NOT APPLICABLE,July,12,Wednesday,19,12,Urban,Medium Speed (Collector),No,40.74501389,-82.46583333,Non-Intersection,Daylight,Clear,7:00pm-7:59pm,11,7:00pm-7:59pm,16,7:00pm-7:59pm,49,1,Daylight,Clear,1,1,['Driver'],['Shoulder_Lapbelt'],0,0,Valid,1.0,1.0,67.0,43.0,"['Male', 'Male']",0,0,3,4,5,Dry,Straight,Level,Lowest,No
25713,39,Ohio,390601,0,1,1,0,1,NOT APPLICABLE,April,17,Monday,16,16,Urban,Medium Speed (Collector),No,39.51163611,-82.89590278,Non-Intersection,Daylight,Cloudy,4:00pm-4:59pm,17,4:00pm-4:59pm,27,6:00pm-6:59pm,3,1,Daylight,Reduced Visibility,1,0,['Driver'],['Shoulder_Lapbelt'],0,0,Valid,0.0,0.0,32.0,32.0,['Male'],1,0,2,4,3,Dry,Curve,Level,Lowest,No
25714,39,Ohio,390602,0,2,2,0,2,NOT APPLICABLE,July,16,Sunday,0,29,Urban,Medium Speed (Collector),No,41.23543889,-80.52853611,Non-Intersection,Dark - Lighted,Cloudy,0:00am-0:59am,30,0:00am-0:59am,37,Not Applicable (Not Transported),Not Applicable (Not Transported),2,Dark - Lighted,Reduced Visibility,2,0,"['Driver', 'Driver']","['None_Used', 'None_Used']",1,1,Valid,3.0,5.0,29.0,26.0,"['Male', 'Male']",0,0,3,4,5,Dry,Curve,Grade/Hillcrest,Lowest,No
25715,39,Ohio,390603,0,1,1,0,1,NOT APPLICABLE,July,19,Wednesday,5,35,Rural,High Speed (Arterial),Yes,41.24373333,-81.18503333,Non-Intersection,Dark - Not Lighted,Clear,5:00am-5:59am,36,6:00am-6:59am,0,Not Applicable (Not Transported),Not Applicable (Not Transported),1,Dark - Unlighted,Clear,1,0,['Driver'],['None_Used'],1,1,Valid,1.0,0.0,32.0,32.0,['Male'],0,0,5,3,3,Dry,Straight,Level,Lowest,Yes
25716,39,Ohio,390604,0,2,2,0,3,NOT APPLICABLE,July,22,Saturday,10,54,Rural,High Speed (Arterial),Yes,40.80059722,-81.73206667,Complex/Circle,Daylight,Clear,Unknown,Unknown,Unknown EMS Scene Arrival Hour,Unknown EMS Scene Arrival Minutes,Unknown,Unknown EMS Hospital Arrival Time,1,Daylight,Clear,1,2,['Driver'],['None_Used'],0,0,Valid,1.0,0.0,57.0,25.0,"['Female', 'Male']",0,0,5,4,5,Dry,Straight,Grade/Hillcrest,Lowest,No
25717,39,Ohio,390605,0,2,2,0,6,NOT APPLICABLE,July,21,Friday,21,0,Rural,Medium Speed (Collector),No,41.25492778,-81.023575,Non-Intersection,Daylight,Clear,9:00pm-9:59pm,2,9:00pm-9:59pm,9,Not Applicable (Not Transported),Not Applicable (Not Transported),1,Daylight,Clear,1,5,['Driver'],['None_Used'],0,0,Invalid,0.0,0.0,44.0,32.0,"['Male', 'Female']",1,0,5,4,5,Dry,Straight,Grade/Hillcrest,Lowest,No
25718,39,Ohio,390606,0,3,3,0,3,NOT APPLICABLE,July,20,Thursday,7,29,Urban,Medium Speed (Collector),No,39.18801389,-84.25184444,Non-Intersection,Daylight,Clear,7:00am-7:59am,30,7:00am-7:59am,36,8:00am-8:59am,1,1,Daylight,Clear,1,2,['Driver'],['Shoulder_Lapbelt'],0,0,Valid,1.0,3.0,92.0,18.0,"['Male', 'Male', 'Male']",0,0,3,4,5,Dry,Straight,Level,Lowest,No
25719,39,Ohio,390607,0,1,1,0,1,NOT APPLICABLE,July,28,Friday,2,56,Urban,Medium Speed (Collector),No,39.95701111,-83.14513889,Non-Intersection,Dark - Not Lighted,Clear,2:00am-2:59am,59,3:00am-3:59am,3,Not Applicable (Not Transported),Not Applicable (Not Transported),1,Dark - Unlighted,Clear,1,0,['Driver'],['Shoulder_Lapbelt'],1,1,Valid,0.0,0.0,31.0,31.0,['Male'],0,0,2,4,3,Dry,Curve,Grade/Hillcrest,Lowest,No
25720,39,Ohio,390608,0,4,4,0,6,COLUMBUS,July,29,Saturday,0,2,Urban,High Speed (Arterial),Yes,39.93328056,-83.01011111,Non-Intersection,Dark - Not Lighted,Clear,0:00am-0:59am,3,0:00am-0:59am,9,Not Applicable (Not Transported),Not Applicable (Not Transported),1,Dark - Unlighted,Clear,1,5,['Driver'],['None_Used'],1,1,Valid,2.0,2.0,59.0,21.0,"['Male', 'Male', 'Male', 'Female']",0,0,5,4,5,Dry,Straight,Level,Lowest,No
25721,39,Ohio,390609,0,2,2,0,2,COLUMBUS,July,28,Friday,18,27,Urban,Medium Speed (Collector),No,39.99226111,-82.95055,Complex/Circle,Daylight,Clear,6:00pm-6:59pm,29,6:00pm-6:59pm,31,Not Applicable (Not Transported),Not Applicable (Not Transported),1,Daylight,Clear,1,1,['Driver'],['None_Used'],0,0,Invalid,2.0,2.0,46.0,37.0,"['Male', 'Male']",0,0,5,4,5,Dry,Straight,Level,Lowest,No
25722,39,Ohio,390610,0,2,2,0,2,LORAIN,July,25,Tuesday,15,10,Urban,Medium Speed (Collector),No,41.4389,-82.11979722,Simple Junction,Daylight,Clear,3:00pm-3:59pm,12,3:00pm-3:59pm,17,3:00pm-3:59pm,34,1,Daylight,Clear,1,1,['Driver'],['None_Used'],0,0,Valid,0.0,3.0,79.0,26.0,"['Male', 'Female']",1,0,5,4,5,Dry,Straight,Level,Lowest,No
25723,39,Ohio,390611,0,1,1,0,2,NOT APPLICABLE,July,16,Sunday,22,52,Urban,High Speed (Arterial),Yes,41.14662778,-81.63736389,Non-Intersection,Dark - Not Lighted,Cloudy,10:00pm-10:59pm,54,11:00pm-11:59pm,3,11:00pm-11:59pm,27,1,Dark - Unlighted,Reduced Visibility,1,1,['Front_Passenger'],['None_Used'],0,0,Valid,0.0,1.0,17.0,17.0,['Male'],2,0,2,4,3,Dry,Straight,Level,Lowest,No
25724,39,Ohio,390612,0,2,2,0,6,NOT APPLICABLE,July,22,Saturday,14,43,Rural,Medium Speed (Collector),No,41.5325,-80.55709722,Non-Intersection,Daylight,Clear,2:00pm-2:59pm,48,2:00pm-2:59pm,53,Not Applicable (Not Transported),Not Applicable (Not Transported),1,Daylight,Clear,1,5,['Driver'],['None_Used'],0,0,Valid,0.0,0.0,44.0,18.0,"['Male', 'Male']",0,0,5,4,5,Dry,Straight,Level,Lowest,No
25725,39,Ohio,390613,0,2,2,0,2,NOT APPLICABLE,July,22,Saturday,4,7,Rural,High Speed (Arterial),Yes,39.942375,-83.49828333,Non-Intersection,Dark - Not Lighted,Clear,4:00am-4:59am,7,4:00am-4:59am,20,5:00am-5:59am,20,1,Dark - Unlighted,Clear,1,1,['Driver'],['Shoulder_Lapbelt'],1,1,Valid,0.0,0.0,48.0,31.0,"['Female', 'Male']",0,0,3,4,5,Dry,Straight,Grade/Hillcrest,Lowest,No
25726,39,Ohio,390614,0,2,2,0,5,COLUMBUS,July,23,Sunday,11,23,Rural,Medium Speed (Collector),No,40.051925,-83.03271667,Non-Intersection,Daylight,Clear,11:00am-11:59am,26,11:00am-11:59am,29,Not Applicable (Not Transported),Not Applicable (Not Transported),1,Daylight,Clear,1,4,['Driver'],['None_Used'],0,0,Valid,1.0,0.0,33.0,29.0,"['Male', 'Male']",0,0,5,4,5,Dry,Straight,Level,Lowest,No
25727,39,Ohio,390615,0,1,1,0,1,ELYRIA,July,27,Thursday,3,44,Urban,Medium Speed (Collector),No,41.390525,-82.10491667,Non-Intersection,Dark - Lighted,Rain,3:00am-3:59am,51,4:00am-4:59am,0,Not Applicable (Not Transported),Not Applicable (Not Transported),1,Dark - Lighted,Rain/Wind/Minor,1,0,['Driver'],['None_Used'],1,1,Valid,1.0,0.0,38.0,38.0,['Male'],0,0,3,4,3,Wet/Standing Water,Straight,Level,Lowest,No
25728,39,Ohio,390616,0,1,1,0,1,NOT APPLICABLE,July,15,Saturday,8,5,Rural,Medium Speed (Collector),No,40.10047222,-82.38366667,Non-Intersection,Daylight,Cloudy,8:00am-8:59am,6,8:00am-8:59am,11,Not Applicable (Not Transported),Not Applicable (Not Transported),1,Daylight,Reduced Visibility,1,0,['Driver'],['None_Used'],1,1,Valid,1.0,0.0,54.0,54.0,['Male'],1,0,5,4,2,Dry,Curve,Grade/Hillcrest,Lowest,No
25729,39,Ohio,390617,0,1,1,0,1,NOT APPLICABLE,July,30,Sunday,22,15,Rural,Medium Speed (Collector),No,40.32406111,-83.87323056,Non-Intersection,Dark - Not Lighted,Rain,10:00pm-10:59pm,17,10:00pm-10:59pm,23,10:00pm-10:59pm,49,1,Dark - Unlighted,Rain/Wind/Minor,1,0,['Driver'],['Shoulder_Lapbelt'],1,1,Valid,0.0,0.0,35.0,35.0,['Male'],0,0,2,4,3,Wet/Standing Water,Straight,Level,Lowest,No
25730,39,Ohio,390618,1,1,1,0,1,STRONGSVILLE,July,27,Thursday,21,13,Urban,Medium Speed (Collector),No,41.29588611,-81.85792222,Non-Intersection,Dark - Lighted,Clear,9:00pm-9:59pm,14,9:00pm-9:59pm,17,9:00pm-9:59pm,36,1,Dark - Lighted,Clear,0,1,[],[],0,0,Valid,0.0,0.0,72.0,72.0,['Male'],0,0,2,2,4,Dry,Straight,Level,Lowest,No
25731,39,Ohio,390619,0,5,5,0,5,INDEPENDENCE,March,17,Friday,15,34,Urban,High Speed (Arterial),Yes,41.40775,-81.63975556,Non-Intersection,Daylight,Cloudy,3:00pm-3:59pm,35,3:00pm-3:59pm,47,4:00pm-4:59pm,9,1,Daylight,Reduced Visibility,1,4,['Driver'],['None_Used'],1,1,Valid,1.0,2.0,59.0,28.0,"['Male', 'Male', 'Male', 'Male', 'Male']",0,0,3,4,5,Wet/Standing Water,Straight,Level,Lowest,No
25732,39,Ohio,390621,0,2,2,0,6,CINCINNATI,July,30,Sunday,1,57,Urban,Medium Speed (Collector),No,39.13419167,-84.57373056,Non-Intersection,Dark - Lighted,Clear,2:00am-2:59am,1,2:00am-2:59am,10,2:00am-2:59am,36,1,Dark - Lighted,Clear,1,5,['Driver'],['None_Used'],0,0,Invalid,0.0,1.0,32.0,27.0,"['Female', 'Female']",0,0,3,4,5,Dry,Curve,Level,Lowest,No
25733,39,Ohio,390622,0,2,2,0,4,CLEVELAND,January,9,Monday,5,59,Urban,Medium Speed (Collector),No,41.46989167,-81.61133333,Simple Junction,Dark - Lighted,Cloudy,6:00am-6:59am,0,6:00am-6:59am,9,7:00am-7:59am,5,1,Dark - Lighted,Reduced Visibility,1,3,['Front_Passenger'],['None_Used'],0,0,Invalid,0.0,0.0,73.0,21.0,"['Male', 'Male']",2,0,3,4,5,Dry,Straight,Level,Lowest,No
25734,39,Ohio,390623,0,2,2,0,4,CLEVELAND,January,14,Saturday,0,59,Urban,High Speed (Arterial),No,41.56095278,-81.575525,Complex/Circle,Dark - Lighted,Snow,1:00am-1:59am,3,1:00am-1:59am,10,1:00am-1:59am,39,1,Dark - Lighted,Snow/Ice/Severe,1,2,['Rear_Seat'],['Shoulder_Lapbelt'],0,0,Valid,0.0,2.0,998.0,69.0,"['Male', 'Other']",0,0,2,4,5,Dry,Straight,Level,Lowest,No
25735,39,Ohio,390624,1,1,1,0,1,CLEVELAND,January,17,Tuesday,23,27,Urban,High Speed (Arterial),Yes,41.45078056,-81.81315,Simple Junction,Dark - Lighted,Cloudy,11:00pm-11:59pm,33,11:00pm-11:59pm,35,11:00pm-11:59pm,47,1,Dark - Lighted,Reduced Visibility,0,1,[],[],0,0,Valid,0.0,1.0,23.0,23.0,['Male'],0,0,2,3,4,Dry,Straight,Level,Lowest,No
25736,39,Ohio,390625,0,1,1,0,1,CLEVELAND,March,31,Friday,1,59,Urban,Medium Speed (Collector),No,41.48701111,-81.69733333,Non-Intersection,Dark - Lighted,Clear,2:00am-2:59am,2,2:00am-2:59am,6,2:00am-2:59am,24,1,Dark - Lighted,Clear,1,0,['Driver'],['Shoulder_Lapbelt'],0,0,Valid,0.0,0.0,21.0,21.0,['Female'],0,0,2,4,3,Dry,Straight,Grade/Hillcrest,Lowest,No
25737,39,Ohio,390626,0,1,1,0,2,NORTH RIDGEVILLE,February,23,Thursday,9,32,Urban,Medium Speed (Collector),No,41.35223889,-81.97833889,Non-Intersection,Daylight,Rain,9:00am-9:59am,34,9:00am-9:59am,42,10:00am-10:59am,12,1,Daylight,Rain/Wind/Minor,1,1,['Front_Passenger'],['Shoulder_Lapbelt'],0,0,Valid,0.0,0.0,87.0,87.0,['Male'],0,0,3,4,3,Wet/Standing Water,Straight,Level,Lowest,No
25738,39,Ohio,390627,0,1,1,0,1,NOT APPLICABLE,May,18,Thursday,14,36,Urban,Low Speed (Local),No,41.14493611,-81.30810556,Non-Intersection,Daylight,Clear,2:00pm-2:59pm,38,2:00pm-2:59pm,46,3:00pm-3:59pm,10,1,Daylight,Clear,1,0,['Driver'],['Shoulder_Lapbelt'],0,0,Valid,0.0,0.0,74.0,74.0,['Female'],0,0,3,4,3,Dry,Curve,Level,Medium,No
25739,39,Ohio,390628,0,2,2,0,2,CINCINNATI,June,17,Saturday,11,47,Urban,High Speed (Arterial),No,39.2035,-84.55642222,Simple Junction,Daylight,Clear,11:00am-11:59am,47,11:00am-11:59am,47,12:00pm-12:59pm,24,1,Daylight,Clear,1,1,['Driver'],['Shoulder_Lapbelt'],0,0,Valid,3.0,0.0,75.0,41.0,"['Female', 'Male']",0,0,2,4,5,Dry,Straight,Level,Lowest,No
25740,39,Ohio,390629,1,1,1,0,2,NOT APPLICABLE,July,20,Thursday,22,19,Urban,High Speed (Arterial),Yes,39.52452778,-83.461175,Non-Intersection,Dark - Lighted,Rain,10:00pm-10:59pm,21,10:00pm-10:59pm,25,Not Applicable (Not Transported),Not Applicable (Not Transported),1,Dark - Lighted,Rain/Wind/Minor,0,2,[],[],0,0,Valid,2.0,1.0,55.0,55.0,['Male'],0,0,4,4,4,Wet/Standing Water,Straight,Level,Lowest,No
25741,39,Ohio,390630,0,2,2,0,2,BROADVIEW HTS,May,19,Friday,13,34,Urban,Medium Speed (Collector),No,41.27878333,-81.68480278,Non-Intersection,Daylight,Clear,1:00pm-1:59pm,35,1:00pm-1:59pm,38,1:00pm-1:59pm,49,1,Daylight,Clear,1,1,['Driver'],['Shoulder_Lapbelt'],0,0,Valid,0.0,0.0,57.0,37.0,"['Male', 'Female']",0,0,2,4,5,Dry,Straight,Level,Lowest,No
25742,39,Ohio,390631,1,2,1,1,1,EUCLID,February,21,Tuesday,22,18,Urban,High Speed (Arterial),No,41.603275,-81.49941389,Non-Intersection,Dark - Not Lighted,Clear,10:00pm-10:59pm,23,10:00pm-10:59pm,31,Not Applicable (Not Transported),Not Applicable (Not Transported),1,Dark - Unlighted,Clear,1,0,['Driver'],['Shoulder_Lapbelt'],0,0,Invalid,0.0,0.0,35.0,35.0,['Female'],0,0,3,4,5,Dry,Straight,Level,Lowest,No
25743,39,Ohio,390632,0,2,2,0,2,CINCINNATI,July,31,Monday,11,40,Urban,High Speed (Arterial),No,39.152,-84.40373611,Non-Intersection,Daylight,Clear,11:00am-11:59am,41,11:00am-11:59am,49,Not Applicable (Not Transported),Not Applicable (Not Transported),1,Daylight,Clear,1,1,['Driver'],['None_Used'],1,1,Valid,1.0,0.0,53.0,18.0,"['Male', 'Male']",0,0,3,4,5,Dry,Curve,Grade/Hillcrest,Lowest,No
25744,39,Ohio,390633,0,1,1,0,1,NOT APPLICABLE,July,22,Saturday,19,1,Rural,Low Speed (Local),No,41.17775,-84.43709444,Non-Intersection,Daylight,Cloudy,7:00pm-7:59pm,12,7:00pm-7:59pm,41,Not Applicable (Not Transported),Not Applicable (Not Transported),1,Daylight,Reduced Visibility,1,0,['Driver'],['None_Used'],1,1,Valid,3.0,4.0,25.0,25.0,['Male'],0,0,5,4,2,Dry,Curve,Level,Lowest,No
25745,39,Ohio,390634,0,1,1,0,1,WARREN,July,11,Tuesday,22,33,Urban,Medium Speed (Collector),No,41.233925,-80.78492222,Non-Intersection,Dark - Lighted,Cloudy,Unknown,Unknown,Unknown EMS Scene Arrival Hour,Unknown EMS Scene Arrival Minutes,Unknown,Unknown EMS Hospital Arrival Time,1,Dark - Lighted,Reduced Visibility,1,0,['Driver'],['Shoulder_Lapbelt'],1,1,Valid,0.0,0.0,58.0,58.0,['Male'],0,0,3,4,3,Dry,Curve,Level,Lowest,No
25746,39,Ohio,390635,0,3,3,0,3,COLUMBUS,June,28,Wednesday,16,58,Urban,High Speed (Arterial),No,40.06167778,-82.99875,Complex/Circle,Daylight,Clear,5:00pm-5:59pm,0,5:00pm-5:59pm,3,5:00pm-5:59pm,19,1,Daylight,Clear,1,2,['Driver'],['None_Used'],0,0,Valid,1.0,4.0,59.0,27.0,"['Male', 'Male', 'Female']",0,0,5,4,5,Dry,Straight,Grade/Hillcrest,Lowest,Yes
25747,39,Ohio,390636,0,1,1,0,1,NOT APPLICABLE,April,8,Saturday,12,35,Rural,Medium Speed (Collector),No,39.79082222,-82.252425,Non-Intersection,Daylight,Cloudy,12:00pm-12:59pm,38,1:00pm-1:59pm,16,2:00pm-2:59pm,10,1,Daylight,Reduced Visibility,1,0,['Driver'],['None_Used'],0,0,Valid,0.0,0.0,68.0,68.0,['Male'],0,0,5,3,2,Dry,Curve,Grade/Hillcrest,Lowest,No
25748,39,Ohio,390637,0,1,1,0,1,CANTON,June,29,Thursday,10,48,Urban,Medium Speed (Collector),No,40.84151667,-81.39805833,Non-Intersection,Daylight,"Fog, Smog, Smoke",10:00am-10:59am,51,10:00am-10:59am,55,11:00am-11:59am,7,1,Daylight,Reduced Visibility,1,0,['Driver'],['None_Used'],0,0,Valid,0.0,0.0,68.0,68.0,['Male'],0,0,5,3,3,Dry,Curve,Grade/Hillcrest,Lowest,No