,State_Code,State_Name,Crash_ID,Count_Non_Motorists,Count_Vehicles_Total,Count_Vehicle_Forms,Count_PVH_Involved,Count_Occupants_MV,City_Name,Month_Name,Day_of_Month,Day_of_Week,Crash_Hour,Crash_Minute,Area_Rural_Urban,Road_Functional_Class,On_NHS_Road,Latitude,Longitude,Intersection_Type,Light_Condition,Weather_Condition,Notif_Hour,Notif_Minute,Arrival_Hour,Arrival_Minute,Hospital_Hour,Hospital_Minute,Fatalities_Count,Clean_Light_Condition,Clean_Weather_Condition,Total_Killed,Total_Alive,Fatal_Seats_List,Killed_Restraint_List,Any_Driver_Drinking,Total_Drinking_Drivers,Driver_License_Category,Driver_Max_Prev_Accident_Count,Driver_Max_Prev_Speeding_Count,Max_Driver_Age,Min_Driver_Age,Driver_Sex_List,Total_Exceeding_Limit_Vehicles,Total_Too_Fast_Vehicles,Max_Vehicle_Type_Severity_5,Max_Vehicle_Damage_Rank,Max_Harmful_Event_Severity,Crash_Road_Surface_Condition,Crash_Horizontal_Alignment,Crash_Vertical_Profile,Crash_Impairment_Category,Crash_Vehicle_Defect
25749,39,Ohio,390638,0,2,2,0,2,AMANDA,June,21,Wednesday,7,44,Rural,Low Speed (Local),No,39.67488611,-82.80723889,Non-Intersection,Daylight,Clear,7:00am-7:59am,49,8:00am-8:59am,0,Not Applicable (Not Transported),Not Applicable (Not Transported),1,Daylight,Clear,1,1,['Driver'],['Shoulder_Lapbelt'],0,0,Invalid,0.0,0.0,47.0,19.0,"['Male', 'Female']",1,0,2,4,5,Dry,Straight,Level,Lowest,No
25750,39,Ohio,390639,0,3,3,0,7,GAHANNA,July,23,Sunday,21,55,Urban,High Speed (Arterial),Yes,39.99411667,-82.85620833,Non-Intersection,Dark - Not Lighted,Rain,9:00pm-9:59pm,48,10:00pm-10:59pm,0,10:00pm-10:59pm,11,1,Dark - Unlighted,Rain/Wind/Minor,1,6,['Driver'],['None_Used'],0,0,Valid,1.0,1.0,63.0,24.0,"['Male', 'Male', 'Male']",0,0,3,4,5,Wet/Standing Water,Straight,Level,Lowest,No
25751,39,Ohio,390640,0,2,2,0,3,NOT APPLICABLE,July,26,Wednesday,15,40,Urban,Medium Speed (Collector),No,41.422625,-82.11914722,Complex/Circle,Daylight,Cloudy,3:00pm-3:59pm,44,3:00pm-3:59pm,48,4:00pm-4:59pm,19,1,Daylight,Reduced Visibility,1,2,['Driver'],['None_Used'],0,0,Valid,0.0,3.0,23.0,17.0,"['Female', 'Male']",1,0,5,4,5,Dry,Straight,Level,Lowest,No
25752,39,Ohio,390641,1,1,1,0,2,NOT APPLICABLE,July,28,Friday,13,58,Rural,Low Speed (Local),No,40.83588333,-82.69835278,Non-Intersection,Daylight,Clear,2:00pm-2:59pm,7,2:00pm-2:59pm,29,3:00pm-3:59pm,22,1,Daylight,Clear,1,1,['Driver'],['None_Used'],0,0,Valid,0.0,0.0,80.0,80.0,['Male'],0,0,3,4,4,Dry,Straight,Level,Lowest,No
25753,39,Ohio,390642,0,2,2,0,2,NOT APPLICABLE,July,29,Saturday,3,8,Urban,High Speed (Arterial),Yes,41.56376111,-83.52805278,Complex/Circle,Dark - Not Lighted,Rain,3:00am-3:59am,9,3:00am-3:59am,15,Not Applicable (Not Transported),Not Applicable (Not Transported),1,Dark - Unlighted,Rain/Wind/Minor,1,1,['Driver'],['None_Used'],0,0,Invalid,2.0,4.0,25.0,20.0,"['Male', 'Male']",0,0,5,4,5,Wet/Standing Water,Straight,Level,Lowest,No
25754,39,Ohio,390643,0,1,1,0,1,NOT APPLICABLE,July,27,Thursday,12,57,Rural,Medium Speed (Collector),No,40.25639167,-83.48932222,Non-Intersection,Daylight,Clear,12:00pm-12:59pm,58,1:00pm-1:59pm,3,1:00pm-1:59pm,25,1,Daylight,Clear,1,0,['Driver'],['Shoulder_Lapbelt'],1,1,Valid,1.0,0.0,43.0,43.0,['Male'],1,0,2,4,3,Dry,Curve,Grade/Hillcrest,Lowest,No
25755,39,Ohio,390644,0,1,1,0,1,NOT APPLICABLE,July,27,Thursday,20,39,Rural,Medium Speed (Collector),No,40.76176389,-80.69298611,Non-Intersection,Dark - Not Lighted,Clear,8:00pm-8:59pm,37,8:00pm-8:59pm,48,9:00pm-9:59pm,17,1,Dark - Unlighted,Clear,1,0,['Driver'],['Shoulder_Lapbelt'],1,1,Valid,0.0,0.0,63.0,63.0,['Male'],0,0,3,4,3,Dry,Curve,Grade/Hillcrest,Lowest,No
25756,39,Ohio,390645,0,1,1,0,1,NOT APPLICABLE,July,28,Friday,7,35,Rural,Medium Speed (Collector),No,39.39109444,-81.94270556,Non-Intersection,Daylight,Cloudy,7:00am-7:59am,55,8:00am-8:59am,5,Not Applicable (Not Transported),Not Applicable (Not Transported),1,Daylight,Reduced Visibility,1,0,['Driver'],['None_Used'],1,1,Invalid,0.0,0.0,40.0,40.0,['Male'],0,0,2,4,3,Wet/Standing Water,Curve,Grade/Hillcrest,Lowest,No
25757,39,Ohio,390646,0,3,3,0,3,INDEPENDENCE,July,29,Saturday,1,47,Urban,High Speed (Arterial),Yes,41.35900556,-81.64985833,Non-Intersection,Dark - Lighted,Cloudy,1:00am-1:59am,50,1:00am-1:59am,56,Not Applicable (Not Transported),Not Applicable (Not Transported),1,Dark - Lighted,Reduced Visibility,1,1,['Driver'],['None_Used'],0,0,Invalid,1.0,1.0,998.0,32.0,"['Other', 'Male', 'Female']",0,0,5,4,5,Dry,Straight,Level,Lowest,No
25758,39,Ohio,390647,0,2,2,0,2,STREETSBORO,July,26,Wednesday,8,16,Urban,Medium Speed (Collector),No,41.238875,-81.32071111,Non-Intersection,Daylight,Clear,8:00am-8:59am,17,8:00am-8:59am,21,9:00am-9:59am,8,1,Daylight,Clear,1,1,['Driver'],['None_Used'],0,0,Valid,2.0,0.0,61.0,21.0,"['Male', 'Male']",0,0,4,4,5,Dry,Straight,Level,Lowest,No
25759,39,Ohio,390648,0,1,1,0,1,OREGON,July,8,Saturday,12,23,Urban,Medium Speed (Collector),No,41.62877222,-83.49634444,Non-Intersection,Daylight,Cloudy,12:00pm-12:59pm,26,12:00pm-12:59pm,50,1:00pm-1:59pm,13,1,Daylight,Reduced Visibility,1,0,['Driver'],['Shoulder_Lapbelt'],0,0,Valid,0.0,0.0,79.0,79.0,['Female'],0,0,2,4,4,Wet/Standing Water,Straight,Level,Lowest,No
25760,39,Ohio,390649,1,1,1,0,1,NOT APPLICABLE,July,25,Tuesday,14,14,Rural,Low Speed (Local),No,41.61404444,-80.54576111,Non-Intersection,Daylight,Clear,2:00pm-2:59pm,18,2:00pm-2:59pm,33,3:00pm-3:59pm,10,1,Daylight,Clear,0,1,[],[],0,0,Valid,0.0,0.0,64.0,64.0,['Male'],0,0,1,1,4,Dry,Straight,Level,Lowest,No
25761,39,Ohio,390650,0,2,2,0,2,NOT APPLICABLE,June,11,Sunday,12,2,Rural,Medium Speed (Collector),No,40.05095,-84.41488056,Complex/Circle,Daylight,Rain,12:00pm-12:59pm,11,12:00pm-12:59pm,21,1:00pm-1:59pm,4,1,Daylight,Rain/Wind/Minor,1,1,['Driver'],['None_Used'],0,0,Valid,1.0,2.0,68.0,31.0,"['Female', 'Female']",0,0,2,4,5,Wet/Standing Water,Straight,Level,Lowest,No
25762,39,Ohio,390651,0,2,2,0,7,WILMINGTON,July,29,Saturday,21,48,Urban,Medium Speed (Collector),No,39.44509722,-83.85363611,Non-Intersection,Dark - Lighted,Clear,9:00pm-9:59pm,57,10:00pm-10:59pm,0,10:00pm-10:59pm,12,1,Dark - Lighted,Clear,1,6,['Rear_Seat'],['Child_Safety'],0,0,Valid,1.0,1.0,30.0,26.0,"['Male', 'Female']",0,0,3,4,5,Dry,Straight,Level,Lowest,No
25763,39,Ohio,390652,0,1,1,0,1,Other,August,2,Wednesday,7,51,Rural,Medium Speed (Collector),No,40.71868333,-82.73185278,Non-Intersection,Daylight,Clear,7:00am-7:59am,54,8:00am-8:59am,0,Not Applicable (Not Transported),Not Applicable (Not Transported),1,Daylight,Clear,1,0,['Driver'],['None_Used'],0,0,Valid,0.0,0.0,23.0,23.0,['Female'],1,0,2,4,3,Dry,Curve,Level,Lowest,No
25764,39,Ohio,390653,0,2,2,0,3,CLEVELAND,July,8,Saturday,23,57,Urban,High Speed (Arterial),Yes,41.51788889,-81.6519,Complex/Circle,Dark - Lighted,Clear,0:00am-0:59am,1,0:00am-0:59am,5,0:00am-0:59am,23,1,Dark - Lighted,Clear,1,2,['Driver'],['None_Used'],1,1,Valid,1.0,2.0,50.0,32.0,"['Female', 'Male']",1,0,5,4,5,Dry,Straight,Level,Lowest,No
25765,39,Ohio,390654,0,2,2,0,4,CLEVELAND,July,10,Monday,3,39,Urban,Medium Speed (Collector),No,41.46344167,-81.63331944,Complex/Circle,Dark - Lighted,Clear,3:00am-3:59am,39,3:00am-3:59am,45,3:00am-3:59am,57,1,Dark - Lighted,Clear,1,3,['Front_Passenger'],['Shoulder_Lapbelt'],0,0,Invalid,0.0,0.0,31.0,16.0,"['Male', 'Female']",2,0,3,4,5,Dry,Straight,Level,Lowest,No
25766,39,Ohio,390655,1,1,1,0,1,BROOK PARK,July,31,Monday,23,10,Urban,Medium Speed (Collector),No,41.41861944,-81.81464722,Non-Intersection,Dark - Lighted,Clear,11:00pm-11:59pm,11,11:00pm-11:59pm,16,11:00pm-11:59pm,50,1,Dark - Lighted,Clear,0,1,[],[],0,0,Valid,0.0,0.0,52.0,52.0,['Male'],0,0,2,3,4,Dry,Straight,Level,Lowest,No
25767,39,Ohio,390656,0,3,3,0,4,NEWARK,August,1,Tuesday,11,39,Urban,High Speed (Arterial),Yes,40.10823056,-82.42758889,Non-Intersection,Daylight,Cloudy,11:00am-11:59am,40,11:00am-11:59am,42,11:00am-11:59am,59,1,Daylight,Reduced Visibility,1,3,['Front_Passenger'],['Shoulder_Lapbelt'],0,0,Valid,1.0,0.0,82.0,69.0,"['Male', 'Female', 'Female']",0,0,3,4,5,Dry,Straight,Level,Lowest,No
25768,39,Ohio,390657,0,2,2,0,3,NOT APPLICABLE,August,4,Friday,8,9,Rural,High Speed (Arterial),Yes,41.32902222,-82.621325,Non-Intersection,Daylight,Clear,8:00am-8:59am,16,8:00am-8:59am,24,8:00am-8:59am,47,1,Daylight,Clear,1,2,['Driver'],['Shoulder_Lapbelt'],0,0,Valid,0.0,0.0,82.0,56.0,"['Male', 'Male']",0,0,3,4,5,Dry,Straight,Non-Trafficway,Lowest,No
25769,39,Ohio,390659,0,1,1,0,1,NOT APPLICABLE,August,7,Monday,13,28,Urban,High Speed (Arterial),No,40.97811944,-81.40680833,Non-Intersection,Daylight,Cloudy,1:00pm-1:59pm,29,1:00pm-1:59pm,31,2:00pm-2:59pm,18,1,Daylight,Reduced Visibility,1,0,['Driver'],['Shoulder_Lapbelt'],0,0,Valid,0.0,0.0,69.0,69.0,['Female'],1,0,3,4,3,Dry,Straight,Level,Lowest,No
25770,39,Ohio,390660,0,1,1,0,1,NOT APPLICABLE,July,23,Sunday,16,25,Urban,High Speed (Arterial),Yes,39.86493889,-84.191225,Non-Intersection,Daylight,Cloudy,4:00pm-4:59pm,25,4:00pm-4:59pm,33,4:00pm-4:59pm,48,1,Daylight,Reduced Visibility,1,0,['Driver'],['None_Used'],0,0,Invalid,1.0,0.0,64.0,64.0,['Male'],0,0,5,4,3,Dry,Curve,Grade/Hillcrest,Lowest,No
25771,39,Ohio,390661,0,2,2,0,2,NOT APPLICABLE,July,29,Saturday,13,10,Rural,High Speed (Arterial),Yes,38.70382222,-83.08748611,Non-Intersection,Daylight,Clear,1:00pm-1:59pm,9,1:00pm-1:59pm,9,2:00pm-2:59pm,0,1,Daylight,Clear,1,1,['Driver'],['None_Used'],0,0,Valid,3.0,2.0,31.0,24.0,"['Male', 'Female']",1,0,5,4,5,Dry,Straight,Level,Lowest,No
25772,39,Ohio,390662,0,1,1,0,1,CLEVELAND,July,1,Saturday,3,40,Urban,Medium Speed (Collector),No,41.465,-81.58719167,Simple Junction,Dark - Lighted,Clear,3:00am-3:59am,38,3:00am-3:59am,51,4:00am-4:59am,12,1,Dark - Lighted,Clear,1,0,['Driver'],['None_Used'],0,0,Valid,4.0,3.0,28.0,28.0,['Male'],0,0,5,0,3,Dry,Straight,Level,Lowest,No
25773,39,Ohio,390663,1,1,1,0,1,EUCLID,July,23,Sunday,11,28,Urban,Medium Speed (Collector),No,41.60845833,-81.52684722,Non-Intersection,Daylight,Clear,11:00am-11:59am,34,11:00am-11:59am,37,11:00am-11:59am,58,1,Daylight,Clear,0,1,[],[],0,0,Valid,4.0,0.0,43.0,43.0,['Male'],0,0,2,2,4,Dry,Straight,Level,Lowest,No
25774,39,Ohio,390664,0,3,3,0,5,CLEVELAND,July,22,Saturday,20,0,Urban,High Speed (Arterial),No,41.46823333,-81.7689,Simple Junction,Dusk,Clear,8:00pm-8:59pm,6,8:00pm-8:59pm,14,8:00pm-8:59pm,32,1,Twilight,Clear,1,4,['Driver'],['None_Used'],1,1,Invalid,3.0,2.0,43.0,27.0,"['Male', 'Male', 'Male']",0,0,3,4,5,Dry,Straight,Level,Lowest,No
25775,39,Ohio,390665,0,2,2,0,3,INDEPENDENCE,August,6,Sunday,11,34,Urban,High Speed (Arterial),No,41.36180278,-81.62196111,Non-Intersection,Daylight,Clear,11:00am-11:59am,34,11:00am-11:59am,40,12:00pm-12:59pm,12,1,Daylight,Clear,1,2,['Driver'],['Shoulder_Lapbelt'],0,0,Valid,1.0,3.0,41.0,22.0,"['Male', 'Female']",0,0,3,4,5,Dry,Straight,Grade/Hillcrest,Lowest,No
25776,39,Ohio,390666,0,3,3,0,4,MASON,August,6,Sunday,21,10,Urban,Medium Speed (Collector),No,39.33599167,-84.27906944,Complex/Circle,Dark - Lighted,Cloudy,9:00pm-9:59pm,12,9:00pm-9:59pm,16,9:00pm-9:59pm,33,1,Dark - Lighted,Reduced Visibility,1,3,['Driver'],['None_Used'],0,0,Valid,1.0,0.0,72.0,17.0,"['Female', 'Male', 'Male']",0,0,5,4,5,Dry,Straight,Level,Lowest,No
25777,39,Ohio,390667,0,2,2,0,6,CLEVELAND,July,11,Tuesday,21,42,Urban,Medium Speed (Collector),No,41.51791389,-81.65189722,Complex/Circle,Dark - Lighted,Clear,9:00pm-9:59pm,44,9:00pm-9:59pm,50,10:00pm-10:59pm,13,1,Dark - Lighted,Clear,1,5,['Rear_Seat'],['None_Used'],0,0,Valid,0.0,1.0,29.0,29.0,"['Male', 'Male']",3,0,3,4,5,Dry,Straight,Level,Lowest,No
25778,39,Ohio,390668,0,2,2,0,4,NOT APPLICABLE,August,5,Saturday,23,13,Rural,High Speed (Arterial),Yes,39.60429444,-84.36968889,Non-Intersection,Dark - Not Lighted,Clear,11:00pm-11:59pm,13,11:00pm-11:59pm,22,Unknown,Unknown EMS Hospital Arrival Time,1,Dark - Unlighted,Clear,1,3,['Driver'],['Shoulder_Lapbelt'],1,1,Invalid,0.0,0.0,24.0,20.0,"['Male', 'Female']",0,0,3,4,5,Dry,Straight,Level,Lowest,No
25779,39,Ohio,390669,0,3,3,0,3,EAST CLEVELAND,July,2,Sunday,21,30,Urban,High Speed (Arterial),Yes,41.53232778,-81.57905,Non-Intersection,Dark - Lighted,Rain,9:00pm-9:59pm,32,9:00pm-9:59pm,40,10:00pm-10:59pm,2,1,Dark - Lighted,Rain/Wind/Minor,1,2,['Driver'],['None_Used'],0,0,Valid,1.0,0.0,80.0,39.0,"['Male', 'Male', 'Male']",1,0,3,4,5,Wet/Standing Water,Straight,Grade/Hillcrest,Lowest,No
25780,39,Ohio,390670,0,2,2,0,3,TOLEDO,March,23,Thursday,12,52,Urban,High Speed (Arterial),Yes,41.72306944,-83.50971944,Non-Intersection,Daylight,Cloudy,12:00pm-12:59pm,52,1:00pm-1:59pm,15,1:00pm-1:59pm,47,1,Daylight,Reduced Visibility,1,2,['Front_Passenger'],['Shoulder_Lapbelt'],0,0,Valid,0.0,0.0,75.0,34.0,"['Male', 'Male']",0,0,2,4,5,Wet/Standing Water,Straight,Level,Lowest,No
25781,39,Ohio,390671,0,2,2,0,2,TOLEDO,April,19,Wednesday,23,52,Urban,Medium Speed (Collector),No,41.59478889,-83.68438056,Complex/Circle,Dark - Lighted,Cloudy,11:00pm-11:59pm,52,0:00am-0:59am,0,0:00am-0:59am,44,1,Dark - Lighted,Reduced Visibility,1,1,['Driver'],['Shoulder_Lapbelt'],0,0,Valid,2.0,0.0,50.0,18.0,"['Male', 'Female']",0,0,3,4,5,Dry,Straight,Level,Lowest,No
25782,39,Ohio,390672,0,2,2,0,2,NOT APPLICABLE,June,23,Friday,13,20,Rural,High Speed (Arterial),Yes,39.18303333,-84.79607778,Non-Intersection,Daylight,Cloudy,1:00pm-1:59pm,25,1:00pm-1:59pm,41,2:00pm-2:59pm,24,1,Daylight,Reduced Visibility,1,1,['Driver'],['None_Used'],0,0,Valid,0.0,0.0,52.0,48.0,"['Male', 'Male']",0,0,3,4,5,Dry,Curve,Level,Medium,No
25783,39,Ohio,390673,0,1,1,0,2,NOT APPLICABLE,July,30,Sunday,22,11,Rural,High Speed (Arterial),Yes,39.65393333,-83.531875,Non-Intersection,Dark - Not Lighted,Clear,10:00pm-10:59pm,12,10:00pm-10:59pm,17,11:00pm-11:59pm,11,1,Dark - Unlighted,Clear,1,1,['Front_Passenger'],['None_Used'],0,0,Valid,0.0,0.0,73.0,73.0,['Male'],0,0,3,4,3,Dry,Straight,Level,Medium,No
25784,39,Ohio,390674,0,1,1,0,1,SPRINGDALE,July,30,Sunday,0,38,Urban,Medium Speed (Collector),No,39.28789722,-84.47306667,Complex/Circle,Dark - Lighted,Clear,0:00am-0:59am,38,0:00am-0:59am,55,1:00am-1:59am,3,1,Dark - Lighted,Clear,1,0,['Driver'],['None_Used'],1,1,Invalid,3.0,0.0,47.0,47.0,['Male'],0,0,3,4,3,Dry,Straight,Level,Lowest,No
25785,39,Ohio,390675,0,1,1,0,1,NOT APPLICABLE,August,1,Tuesday,19,0,Rural,Medium Speed (Collector),No,39.37611111,-82.14483889,Non-Intersection,Daylight,Cloudy,6:00pm-6:59pm,58,7:00pm-7:59pm,7,7:00pm-7:59pm,52,1,Daylight,Reduced Visibility,1,0,['Driver'],['Shoulder_Lapbelt'],0,0,Valid,0.0,0.0,29.0,29.0,['Male'],1,0,2,4,3,Dry,Curve,Level,Lowest,No
25786,39,Ohio,390676,0,2,2,0,2,NOT APPLICABLE,August,2,Wednesday,17,14,Urban,Medium Speed (Collector),No,40.16869722,-83.12638889,Non-Intersection,Daylight,Clear,5:00pm-5:59pm,15,5:00pm-5:59pm,21,5:00pm-5:59pm,45,1,Daylight,Clear,1,1,['Driver'],['Shoulder_Lapbelt'],0,0,Invalid,0.0,0.0,79.0,55.0,"['Female', 'Male']",0,0,3,4,5,Dry,Curve,Level,Lowest,No
25787,39,Ohio,390677,0,2,2,0,2,SAVANNAH,August,2,Wednesday,12,29,Rural,Medium Speed (Collector),No,40.965375,-82.36590556,Complex/Circle,Daylight,Cloudy,12:00pm-12:59pm,30,12:00pm-12:59pm,30,12:00pm-12:59pm,51,1,Daylight,Reduced Visibility,1,1,['Driver'],['None_Used'],0,0,Valid,1.0,0.0,76.0,51.0,"['Female', 'Male']",0,0,5,4,5,Dry,Straight,Level,Lowest,No
25788,39,Ohio,390678,0,2,2,0,3,NOT APPLICABLE,August,4,Friday,9,24,Urban,Medium Speed (Collector),No,39.75180833,-82.54926389,Non-Intersection,Daylight,Clear,9:00am-9:59am,19,9:00am-9:59am,22,9:00am-9:59am,39,1,Daylight,Clear,1,2,['Driver'],['None_Used'],0,0,Valid,1.0,0.0,52.0,44.0,"['Male', 'Male']",0,0,5,4,5,Dry,Curve,Level,Lowest,No
25789,39,Ohio,390679,0,2,2,0,3,AVON LAKE,July,27,Thursday,22,2,Urban,High Speed (Arterial),Yes,41.51339444,-82.01013611,Simple Junction,Dark - Lighted,Clear,10:00pm-10:59pm,1,10:00pm-10:59pm,7,10:00pm-10:59pm,30,1,Dark - Lighted,Clear,1,2,['Driver'],['None_Used'],1,1,Valid,0.0,0.0,56.0,16.0,"['Male', 'Female']",1,0,5,4,5,Dry,Straight,Level,Lowest,No
25790,39,Ohio,390680,0,1,1,0,1,TOLEDO,August,12,Saturday,4,44,Urban,Medium Speed (Collector),No,41.66931944,-83.50736111,Non-Intersection,Dark - Lighted,Clear,4:00am-4:59am,44,4:00am-4:59am,51,Not Applicable (Not Transported),Not Applicable (Not Transported),1,Dark - Lighted,Clear,1,0,['Driver'],['None_Used'],1,1,Valid,1.0,0.0,46.0,46.0,['Male'],0,0,5,3,3,Dry,Curve,Level,Lowest,No
25791,39,Ohio,390681,1,2,1,1,1,COLUMBUS,August,12,Saturday,20,22,Urban,Low Speed (Local),No,39.99339167,-82.96499722,Non-Intersection,Dusk,Clear,8:00pm-8:59pm,25,8:00pm-8:59pm,27,Not Applicable (Not Transported),Not Applicable (Not Transported),1,Twilight,Clear,0,1,[],[],0,0,Valid,2.0,0.0,51.0,51.0,['Male'],0,0,3,3,4,Dry,Straight,Level,Lowest,No
25792,39,Ohio,390682,1,1,1,0,1,TOLEDO,August,12,Saturday,2,0,Urban,Medium Speed (Collector),No,41.69228056,-83.5895,Complex/Circle,Dark - Lighted,Clear,2:00am-2:59am,1,2:00am-2:59am,10,2:00am-2:59am,23,1,Dark - Lighted,Clear,0,1,[],[],0,0,Valid,0.0,1.0,27.0,27.0,['Female'],0,0,2,3,4,Wet/Standing Water,Straight,Level,Lowest,No
25793,39,Ohio,390684,0,1,1,0,1,CANTON,August,11,Friday,4,23,Urban,High Speed (Arterial),Yes,40.83076111,-81.391,Non-Intersection,Dark - Lighted,Clear,8:00am-8:59am,35,8:00am-8:59am,41,Not Applicable (Not Transported),Not Applicable (Not Transported),1,Dark - Lighted,Clear,1,0,['Driver'],['Shoulder_Lapbelt'],1,1,Invalid,0.0,1.0,25.0,25.0,['Male'],1,0,2,4,3,Dry,Curve,Level,Lowest,No
25794,39,Ohio,390685,0,1,1,0,1,SPRINGDALE,July,30,Sunday,22,10,Urban,Medium Speed (Collector),No,39.28613333,-84.44927222,Non-Intersection,Dark - Lighted,Cloudy,10:00pm-10:59pm,31,11:00pm-11:59pm,4,Not Applicable (Not Transported),Not Applicable (Not Transported),1,Dark - Lighted,Reduced Visibility,1,0,['Driver'],['None_Used'],1,1,Invalid,0.0,0.0,21.0,21.0,['Male'],1,0,3,4,3,Dry,Curve,Grade/Hillcrest,Lowest,No
25795,39,Ohio,390686,1,1,1,0,1,CLEVELAND,July,5,Wednesday,0,17,Urban,Medium Speed (Collector),No,41.46991389,-81.65130556,Non-Intersection,Dark - Lighted,Clear,0:00am-0:59am,21,0:00am-0:59am,27,0:00am-0:59am,44,1,Dark - Lighted,Clear,0,1,[],[],0,0,Invalid,0.0,0.0,998.0,998.0,['Other'],0,0,1,0,4,Dry,Straight,Level,Lowest,No
25796,39,Ohio,390687,0,4,4,0,5,NOT APPLICABLE,August,12,Saturday,19,15,Rural,High Speed (Arterial),Yes,40.31775556,-83.76046667,Simple Junction,Daylight,Clear,7:00pm-7:59pm,16,7:00pm-7:59pm,22,Not Applicable (Not Transported),Not Applicable (Not Transported),1,Daylight,Clear,1,4,['Driver'],['None_Used'],1,1,Invalid,0.0,1.0,86.0,20.0,"['Male', 'Male', 'Male', 'Male']",1,0,5,4,5,Dry,Straight,Level,Lowest,No
25797,39,Ohio,390688,0,2,2,0,1,NOT APPLICABLE,May,19,Friday,11,13,Urban,Low Speed (Local),No,40.17848889,-82.86878889,Non-Intersection,Daylight,Cloudy,11:00am-11:59am,15,11:00am-11:59am,20,11:00am-11:59am,53,1,Daylight,Reduced Visibility,1,0,['Driver'],['Shoulder_Lapbelt'],0,0,Valid,0.0,0.0,71.0,71.0,['Male'],0,0,4,4,5,Dry,Straight,Level,Lowest,No
25798,39,Ohio,390689,0,2,2,0,2,AKRON,August,2,Wednesday,19,8,Urban,High Speed (Arterial),Yes,41.06424444,-81.44740833,Non-Intersection,Daylight,Clear,7:00pm-7:59pm,10,7:00pm-7:59pm,12,Not Applicable (Not Transported),Not Applicable (Not Transported),1,Daylight,Clear,1,1,['Driver'],['None_Used'],0,0,Valid,1.0,3.0,52.0,39.0,"['Male', 'Male']",0,0,3,4,5,Dry,Curve,Level,Lowest,No
25799,39,Ohio,390690,0,2,2,0,4,NOT APPLICABLE,August,7,Monday,13,7,Rural,High Speed (Arterial),Yes,39.13941667,-81.85639444,Non-Intersection,Daylight,Rain,1:00pm-1:59pm,10,1:00pm-1:59pm,25,1:00pm-1:59pm,52,1,Daylight,Rain/Wind/Minor,1,3,['Driver'],['None_Used'],0,0,Valid,0.0,0.0,31.0,19.0,"['Male', 'Female']",0,0,3,4,5,Wet/Standing Water,Curve,Level,Lowest,No
25800,39,Ohio,390691,0,4,4,0,7,DUBLIN,May,19,Friday,20,16,Urban,High Speed (Arterial),Yes,40.07319167,-83.10755278,Non-Intersection,Daylight,Clear,8:00pm-8:59pm,16,8:00pm-8:59pm,22,Not Applicable (Not Transported),Not Applicable (Not Transported),1,Daylight,Clear,1,6,['Driver'],['None_Used'],1,1,Valid,1.0,1.0,63.0,21.0,"['Male', 'Female', 'Male', 'Female']",0,0,3,4,5,Dry,Straight,Level,Lowest,No
25801,39,Ohio,390692,0,1,1,0,2,NOT APPLICABLE,August,8,Tuesday,13,33,Rural,Medium Speed (Collector),No,40.24751111,-83.30957778,Non-Intersection,Daylight,Cloudy,1:00pm-1:59pm,34,1:00pm-1:59pm,41,1:00pm-1:59pm,55,1,Daylight,Reduced Visibility,1,1,['Driver'],['Shoulder_Lapbelt'],1,1,Valid,0.0,1.0,61.0,61.0,['Male'],2,0,3,4,3,Wet/Standing Water,Curve,Level,Lowest,No
25802,39,Ohio,390693,0,2,2,0,4,NOT APPLICABLE,August,6,Sunday,11,54,Rural,High Speed (Arterial),Yes,40.287175,-81.68423611,Complex/Circle,Daylight,Clear,12:00pm-12:59pm,12,12:00pm-12:59pm,52,1:00pm-1:59pm,50,1,Daylight,Clear,1,3,['Front_Passenger'],['Shoulder_Lapbelt'],0,0,Valid,0.0,1.0,53.0,53.0,"['Male', 'Male']",0,0,3,4,5,Dry,Straight,Level,Lowest,No
25803,39,Ohio,390694,0,2,2,0,3,SPRINGFIELD,August,12,Saturday,21,1,Urban,High Speed (Arterial),No,39.92333611,-83.76955278,Complex/Circle,Dark - Lighted,Cloudy,9:00pm-9:59pm,4,9:00pm-9:59pm,8,9:00pm-9:59pm,24,1,Dark - Lighted,Reduced Visibility,1,2,['Driver'],['None_Used'],1,1,Invalid,2.0,0.0,34.0,27.0,"['Male', 'Male']",2,0,3,4,5,Dry,Straight,Level,Lowest,No
25804,39,Ohio,390695,0,1,1,0,1,NOT APPLICABLE,August,14,Monday,18,42,Rural,Medium Speed (Collector),No,41.23948889,-83.58006111,Non-Intersection,Daylight,Cloudy,6:00pm-6:59pm,49,6:00pm-6:59pm,58,7:00pm-7:59pm,26,1,Daylight,Reduced Visibility,1,0,['Driver'],['None_Used'],0,0,Valid,1.0,1.0,20.0,20.0,['Female'],0,0,2,4,3,Wet/Standing Water,Straight,Level,Lowest,No
25805,39,Ohio,390696,0,2,2,0,2,NOT APPLICABLE,August,15,Tuesday,9,36,Rural,Medium Speed (Collector),No,41.46285556,-81.31425833,Non-Intersection,Daylight,Clear,9:00am-9:59am,42,9:00am-9:59am,54,10:00am-10:59am,37,1,Daylight,Clear,1,1,['Driver'],['None_Used'],0,0,Invalid,2.0,0.0,56.0,25.0,"['Female', 'Male']",0,0,4,4,5,Dry,Straight,Grade/Hillcrest,Lowest,No
25806,39,Ohio,390697,0,2,2,0,3,COLUMBUS,August,4,Friday,14,31,Urban,Medium Speed (Collector),No,39.94016111,-83.05656111,Complex/Circle,Daylight,Clear,2:00pm-2:59pm,31,2:00pm-2:59pm,36,2:00pm-2:59pm,48,1,Daylight,Clear,1,2,['Rear_Seat'],['None_Used'],0,0,Invalid,0.0,0.0,35.0,30.0,"['Male', 'Male']",0,0,5,4,5,Dry,Straight,Level,Lowest,No
25807,39,Ohio,390698,0,1,1,0,1,NOT APPLICABLE,August,8,Tuesday,4,38,Rural,Medium Speed (Collector),No,41.49471667,-83.87469444,Non-Intersection,Dark - Not Lighted,Clear,4:00am-4:59am,34,4:00am-4:59am,49,Not Applicable (Not Transported),Not Applicable (Not Transported),1,Dark - Unlighted,Clear,1,0,['Driver'],['None_Used'],1,1,Invalid,0.0,0.0,19.0,19.0,['Male'],0,0,3,4,3,Dry,Curve,Grade/Hillcrest,Lowest,No
25808,39,Ohio,390699,0,2,2,0,2,NOT APPLICABLE,July,29,Saturday,13,7,Urban,Medium Speed (Collector),No,41.27855833,-82.55711944,Non-Intersection,Daylight,Cloudy,1:00pm-1:59pm,15,1:00pm-1:59pm,30,1:00pm-1:59pm,57,1,Daylight,Reduced Visibility,1,1,['Driver'],['None_Used'],0,0,Valid,1.0,1.0,79.0,78.0,"['Male', 'Male']",0,0,3,4,5,Dry,Straight,Non-Trafficway,Lowest,No
25809,39,Ohio,390700,0,2,2,0,3,EUCLID,July,8,Saturday,16,1,Urban,Medium Speed (Collector),No,41.62175833,-81.50036667,Complex/Circle,Daylight,Rain,4:00pm-4:59pm,3,4:00pm-4:59pm,6,4:00pm-4:59pm,23,1,Daylight,Rain/Wind/Minor,1,2,['Driver'],['Shoulder_Lapbelt'],0,0,Valid,0.0,0.0,92.0,18.0,"['Male', 'Female']",1,0,2,4,5,Wet/Standing Water,Straight,Level,Medium,No