,State_Code,State_Name,Crash_ID,Count_Non_Motorists,Count_Vehicles_Total,Count_Vehicle_Forms,Count_PVH_Involved,Count_Occupants_MV,City_Name,Month_Name,Day_of_Month,Day_of_Week,Crash_Hour,Crash_Minute,Area_Rural_Urban,Road_Functional_Class,On_NHS_Road,Latitude,Longitude,Intersection_Type,Light_Condition,Weather_Condition,Notif_Hour,Notif_Minute,Arrival_Hour,Arrival_Minute,Hospital_Hour,Hospital_Minute,Fatalities_Count,Clean_Light_Condition,Clean_Weather_Condition,Total_Killed,Total_Alive,Fatal_Seats_List,Killed_Restraint_List,Any_Driver_Drinking,Total_Drinking_Drivers,Driver_License_Category,Driver_Max_Prev_Accident_Count,Driver_Max_Prev_Speeding_Count,Max_Driver_Age,Min_Driver_Age,Driver_Sex_List,Total_Exceeding_Limit_Vehicles,Total_Too_Fast_Vehicles,Max_Vehicle_Type_Severity_5,Max_Vehicle_Damage_Rank,Max_Harmful_Event_Severity,Crash_Road_Surface_Condition,Crash_Horizontal_Alignment,Crash_Vertical_Profile,Crash_Impairment_Category,Crash_Vehicle_Defect
25810,39,Ohio,390701,0,1,1,0,1,NOT APPLICABLE,August,9,Wednesday,1,30,Rural,Medium Speed (Collector),No,39.45831944,-84.50326944,Non-Intersection,Dark - Not Lighted,Clear,1:00am-1:59am,23,1:00am-1:59am,29,Not Applicable (Not Transported),Not Applicable (Not Transported),1,Dark - Unlighted,Clear,1,0,['Driver'],['None_Used'],1,1,Valid,1.0,0.0,60.0,60.0,['Male'],0,0,3,4,3,Dry,Curve,Level,Lowest,No
25811,39,Ohio,390702,0,1,1,0,4,NOT APPLICABLE,August,12,Saturday,23,44,Rural,Medium Speed (Collector),No,41.69168056,-81.19090278,Non-Intersection,Dark - Not Lighted,Clear,11:00pm-11:59pm,46,11:00pm-11:59pm,50,0:00am-0:59am,18,1,Dark - Unlighted,Clear,1,3,['Driver'],['None_Used'],1,1,Valid,1.0,1.0,51.0,51.0,['Female'],0,0,3,4,3,Dry,Curve,Grade/Hillcrest,Lowest,No
25812,39,Ohio,390703,0,1,1,0,1,NOT APPLICABLE,August,11,Friday,19,27,Rural,Low Speed (Local),No,39.59793889,-83.28980556,Non-Intersection,Daylight,Clear,7:00pm-7:59pm,33,7:00pm-7:59pm,44,8:00pm-8:59pm,11,1,Daylight,Clear,1,0,['Driver'],['None_Used'],0,0,Valid,0.0,0.0,78.0,78.0,['Male'],1,0,5,4,2,Dry,Curve,Level,Lowest,No
25813,39,Ohio,390704,1,1,1,0,1,NOT APPLICABLE,August,6,Sunday,19,50,Urban,High Speed (Arterial),Yes,41.81184722,-80.92497778,Non-Intersection,Daylight,Clear,Unknown,Unknown,Unknown EMS Scene Arrival Hour,Unknown EMS Scene Arrival Minutes,Unknown,Unknown EMS Hospital Arrival Time,1,Daylight,Clear,0,1,[],[],0,0,Valid,2.0,0.0,44.0,44.0,['Female'],0,0,2,1,4,Dry,Straight,Level,Lowest,No
25814,39,Ohio,390705,0,2,2,0,2,NOT APPLICABLE,August,15,Tuesday,16,44,Rural,Low Speed (Local),No,40.24371389,-81.67750556,Non-Intersection,Daylight,Clear,4:00pm-4:59pm,46,5:00pm-5:59pm,1,Not Applicable (Not Transported),Not Applicable (Not Transported),1,Daylight,Clear,1,1,['Driver'],['None_Used'],0,0,Valid,1.0,1.0,47.0,25.0,"['Male', 'Male']",0,0,3,4,5,Dry,Straight,Grade/Hillcrest,Lowest,No
25815,39,Ohio,390706,0,1,1,0,1,COLUMBUS,August,17,Thursday,2,48,Urban,Low Speed (Local),No,40.07674722,-82.85224722,Non-Intersection,Dark - Lighted,Clear,2:00am-2:59am,49,2:00am-2:59am,54,3:00am-3:59am,27,1,Dark - Lighted,Clear,1,0,['Driver'],['None_Used'],1,1,Valid,0.0,1.0,26.0,26.0,['Male'],1,0,5,4,0,Dry,Curve,Level,Lowest,No
25816,39,Ohio,390707,0,1,1,0,1,COLUMBUS,August,3,Thursday,15,28,Urban,Medium Speed (Collector),No,40.03386389,-82.92302222,Non-Intersection,Daylight,Clear,3:00pm-3:59pm,29,3:00pm-3:59pm,30,4:00pm-4:59pm,4,1,Daylight,Clear,1,0,['Driver'],['Shoulder_Lapbelt'],0,0,Valid,0.0,0.0,65.0,65.0,['Male'],0,0,3,4,3,Dry,Straight,Level,Lowest,No
25817,39,Ohio,390708,0,3,3,0,4,LEBANON,August,8,Tuesday,16,13,Urban,Medium Speed (Collector),No,39.43492778,-84.23249167,Non-Intersection,Daylight,Cloudy,4:00pm-4:59pm,22,4:00pm-4:59pm,33,4:00pm-4:59pm,57,1,Daylight,Reduced Visibility,1,3,['Front_Passenger'],['Shoulder_Lapbelt'],0,0,Valid,0.0,1.0,70.0,43.0,"['Male', 'Female', 'Female']",0,0,3,4,5,Dry,Straight,Level,Medium,No
25818,39,Ohio,390709,0,2,2,0,2,NOT APPLICABLE,August,13,Sunday,7,40,Rural,Low Speed (Local),No,39.61123611,-82.654675,Non-Intersection,Daylight,Clear,7:00am-7:59am,35,7:00am-7:59am,54,Not Applicable (Not Transported),Not Applicable (Not Transported),1,Daylight,Clear,1,1,['Driver'],['None_Used'],0,0,Valid,0.0,0.0,64.0,42.0,"['Male', 'Male']",0,0,5,4,5,Dry,Curve,Grade/Hillcrest,Lowest,No
25819,39,Ohio,390710,0,2,2,0,4,NOT APPLICABLE,August,11,Friday,13,50,Rural,Low Speed (Local),No,40.19233056,-84.16676667,Simple Junction,Daylight,Cloudy,1:00pm-1:59pm,55,2:00pm-2:59pm,16,2:00pm-2:59pm,58,2,Daylight,Reduced Visibility,2,2,"['Driver', 'Driver']","['Shoulder_Lapbelt', 'Shoulder_Lapbelt']",0,0,Valid,1.0,1.0,27.0,19.0,"['Male', 'Female']",2,0,3,4,5,Dry,Straight,Level,Lowest,No
25820,39,Ohio,390711,0,1,1,0,2,DAYTON,August,19,Saturday,4,44,Urban,High Speed (Arterial),No,39.8146,-84.2139,Simple Junction,Daylight,Clear,4:00am-4:59am,45,4:00am-4:59am,51,5:00am-5:59am,17,1,Daylight,Clear,1,1,['Driver'],['Shoulder_Lapbelt'],1,1,Valid,0.0,0.0,22.0,22.0,['Female'],0,0,2,4,3,Dry,Straight,Level,Lowest,No
25821,39,Ohio,390712,0,1,1,0,1,TOLEDO,August,23,Wednesday,6,36,Urban,High Speed (Arterial),Yes,41.69083889,-83.51623889,Non-Intersection,Dawn,Clear,6:00am-6:59am,38,6:00am-6:59am,44,Not Applicable (Not Transported),Not Applicable (Not Transported),1,Twilight,Clear,1,0,['Driver'],['Shoulder_Lapbelt'],1,1,Valid,0.0,0.0,35.0,35.0,['Male'],0,0,3,4,2,Dry,Curve,Level,Lowest,No
25822,39,Ohio,390713,0,2,2,0,5,COLUMBUS,August,18,Friday,23,50,Urban,High Speed (Arterial),No,39.95148889,-83.14456111,Non-Intersection,Dark - Lighted,Clear,11:00pm-11:59pm,53,0:00am-0:59am,1,0:00am-0:59am,14,1,Dark - Lighted,Clear,1,4,['Driver'],['None_Used'],1,1,Valid,1.0,2.0,33.0,25.0,"['Female', 'Male']",1,0,5,4,5,Dry,Straight,Non-Trafficway,Lowest,No
25823,39,Ohio,390714,1,1,1,0,1,TRIMBLE,August,13,Sunday,0,58,Rural,Medium Speed (Collector),No,39.48651111,-82.08019167,Non-Intersection,Dark - Not Lighted,"Fog, Smog, Smoke",0:00am-0:59am,54,1:00am-1:59am,0,1:00am-1:59am,46,1,Dark - Unlighted,Reduced Visibility,0,1,[],[],0,0,Valid,1.0,0.0,30.0,30.0,['Male'],0,0,3,2,4,Wet/Standing Water,Straight,Level,Lowest,No
25824,39,Ohio,390715,0,1,1,0,1,NOT APPLICABLE,August,18,Friday,5,30,Urban,Low Speed (Local),No,41.12861667,-83.41139167,Non-Intersection,Dark - Not Lighted,Clear,5:00am-5:59am,37,5:00am-5:59am,53,Not Applicable (Not Transported),Not Applicable (Not Transported),1,Dark - Unlighted,Clear,1,0,['Driver'],['None_Used'],1,1,Invalid,2.0,2.0,24.0,24.0,['Male'],0,0,3,4,3,Dry,Straight,Level,Lowest,No
25825,39,Ohio,390717,0,2,2,0,2,NOT APPLICABLE,August,19,Saturday,14,59,Rural,High Speed (Arterial),Yes,41.29853056,-82.9325,Non-Intersection,Daylight,Clear,3:00pm-3:59pm,0,3:00pm-3:59pm,7,Not Applicable (Not Transported),Not Applicable (Not Transported),2,Daylight,Clear,2,0,"['Driver', 'Driver']","['Shoulder_Lapbelt', 'Shoulder_Lapbelt']",0,0,Valid,0.0,0.0,67.0,58.0,"['Male', 'Male']",0,0,3,4,5,Dry,Straight,Level,Lowest,No
25826,39,Ohio,390719,0,2,2,0,2,CINCINNATI,July,25,Tuesday,15,57,Urban,Medium Speed (Collector),No,39.21217778,-84.47275,Non-Intersection,Dusk,Cloudy,4:00pm-4:59pm,0,4:00pm-4:59pm,5,Not Applicable (Not Transported),Not Applicable (Not Transported),1,Twilight,Reduced Visibility,1,1,['Driver'],['Shoulder_Lapbelt'],0,0,Invalid,0.0,0.0,54.0,48.0,"['Male', 'Male']",0,0,3,4,5,Dry,Straight,Level,Medium,No
25827,39,Ohio,390720,0,2,2,0,2,TOLEDO,August,25,Friday,1,41,Urban,Medium Speed (Collector),No,41.66456111,-83.60843056,Non-Intersection,Dark - Lighted,Rain,1:00am-1:59am,42,1:00am-1:59am,47,Not Applicable (Not Transported),Not Applicable (Not Transported),1,Dark - Lighted,Rain/Wind/Minor,1,1,['Driver'],['Shoulder_Lapbelt'],1,1,Valid,1.0,1.0,60.0,27.0,"['Male', 'Male']",1,0,3,4,5,Wet/Standing Water,Straight,Level,Lowest,No
25828,39,Ohio,390721,1,2,1,1,1,NOT APPLICABLE,August,20,Sunday,16,30,Rural,High Speed (Arterial),Yes,40.48105833,-82.74271389,Non-Intersection,Daylight,Clear,4:00pm-4:59pm,29,4:00pm-4:59pm,38,Not Applicable (Not Transported),Not Applicable (Not Transported),1,Daylight,Clear,1,0,['Driver'],['None_Used'],0,0,Valid,0.0,0.0,43.0,43.0,['Male'],0,0,5,4,5,Dry,Straight,Level,Lowest,No
25829,39,Ohio,390722,1,1,1,0,1,NOT APPLICABLE,August,16,Wednesday,5,2,Rural,Medium Speed (Collector),No,40.72291944,-83.84225833,Non-Intersection,Dark - Not Lighted,Clear,5:00am-5:59am,12,5:00am-5:59am,26,Not Applicable (Not Transported),Not Applicable (Not Transported),1,Dark - Unlighted,Clear,0,1,[],[],0,0,Valid,0.0,0.0,51.0,51.0,['Male'],0,0,4,3,4,Dry,Straight,Level,Lowest,No
25830,39,Ohio,390723,0,2,2,0,2,NOT APPLICABLE,August,21,Monday,8,30,Rural,Medium Speed (Collector),No,40.29109444,-82.73925278,Non-Intersection,Daylight,Clear,8:00am-8:59am,29,8:00am-8:59am,35,Not Applicable (Not Transported),Not Applicable (Not Transported),1,Daylight,Clear,1,1,['Driver'],['Shoulder_Lapbelt'],0,0,Valid,2.0,0.0,64.0,18.0,"['Male', 'Male']",0,0,2,4,5,Dry,Straight,Level,Lowest,No
25831,39,Ohio,390724,0,1,1,0,2,CLEVELAND,July,28,Friday,23,8,Urban,High Speed (Arterial),Yes,41.47291111,-81.69394167,Non-Intersection,Dark - Not Lighted,Cloudy,11:00pm-11:59pm,11,11:00pm-11:59pm,24,11:00pm-11:59pm,35,1,Dark - Unlighted,Reduced Visibility,1,1,['Rear_Seat'],['None_Used'],0,0,Valid,1.0,2.0,21.0,21.0,['Male'],2,0,5,3,3,Dry,Curve,Grade/Hillcrest,Lowest,No
25832,39,Ohio,390725,0,1,1,0,1,CLEVELAND,July,29,Saturday,23,39,Urban,Medium Speed (Collector),No,41.54526389,-81.59088611,Non-Intersection,Dark - Lighted,Clear,11:00pm-11:59pm,39,11:00pm-11:59pm,43,Not Applicable (Not Transported),Not Applicable (Not Transported),1,Dark - Lighted,Clear,1,0,['Driver'],['None_Used'],1,1,Invalid,0.0,0.0,56.0,56.0,['Female'],1,0,2,4,3,Dry,Straight,Level,Lowest,No
25833,39,Ohio,390726,1,1,1,0,3,CLEVELAND,August,4,Friday,14,24,Urban,Medium Speed (Collector),No,41.47322222,-81.73461944,Non-Intersection,Daylight,Clear,2:00pm-2:59pm,17,2:00pm-2:59pm,26,2:00pm-2:59pm,46,1,Daylight,Clear,0,3,[],[],0,0,Valid,0.0,0.0,52.0,52.0,['Male'],0,0,3,1,4,Dry,Straight,Level,Lowest,No
25834,39,Ohio,390727,0,2,2,0,2,CLEVELAND,August,2,Wednesday,2,40,Urban,High Speed (Arterial),Yes,41.52917778,-81.65358056,Non-Intersection,Dark - Lighted,Clear,2:00am-2:59am,45,2:00am-2:59am,52,3:00am-3:59am,20,1,Dark - Lighted,Clear,1,1,['Driver'],['None_Used'],1,1,Invalid,2.0,1.0,49.0,24.0,"['Male', 'Female']",1,0,5,4,5,Dry,Straight,Level,Lowest,No
25835,39,Ohio,390728,1,1,1,0,4,NOT APPLICABLE,August,16,Wednesday,22,54,Rural,High Speed (Arterial),Yes,39.21278333,-81.828,Non-Intersection,Dark - Not Lighted,"Fog, Smog, Smoke",10:00pm-10:59pm,53,11:00pm-11:59pm,2,Not Applicable (Not Transported),Not Applicable (Not Transported),1,Dark - Unlighted,Reduced Visibility,0,4,[],[],0,0,Valid,0.0,0.0,39.0,39.0,['Male'],0,0,3,4,4,Dry,Curve,Level,Lowest,No
25836,39,Ohio,390729,0,1,1,0,1,TOLEDO,August,19,Saturday,2,38,Urban,Medium Speed (Collector),No,41.62122222,-83.53725278,Non-Intersection,Dark - Lighted,Cloudy,2:00am-2:59am,47,2:00am-2:59am,53,3:00am-3:59am,23,1,Dark - Lighted,Reduced Visibility,1,0,['Driver'],['None_Used'],0,0,Invalid,0.0,0.0,51.0,51.0,['Male'],0,0,5,4,3,Dry,Curve,Level,Lowest,Yes
25837,39,Ohio,390730,0,3,3,0,4,NOT APPLICABLE,August,19,Saturday,13,13,Rural,Low Speed (Local),No,39.83293889,-81.89909444,Non-Intersection,Daylight,Clear,1:00pm-1:59pm,19,1:00pm-1:59pm,33,2:00pm-2:59pm,38,1,Daylight,Clear,1,3,['Driver'],['None_Used'],1,1,Valid,3.0,2.0,61.0,19.0,"['Male', 'Male', 'Male']",2,0,5,4,5,Dry,Curve,Level,Lowest,No
25838,39,Ohio,390731,0,2,2,0,3,NOT APPLICABLE,August,24,Thursday,18,24,Rural,Medium Speed (Collector),No,40.51318333,-81.92206944,Simple Junction,Daylight,Clear,6:00pm-6:59pm,26,6:00pm-6:59pm,34,7:00pm-7:59pm,2,1,Daylight,Clear,1,2,['Driver'],['None_Used'],0,0,Valid,0.0,0.0,76.0,45.0,"['Male', 'Male']",0,0,3,4,5,Dry,Curve,Level,Lowest,No
25839,39,Ohio,390732,0,1,1,0,1,NOT APPLICABLE,August,20,Sunday,15,36,Rural,Medium Speed (Collector),No,39.20179722,-84.053775,Non-Intersection,Daylight,Clear,3:00pm-3:59pm,33,3:00pm-3:59pm,37,Not Applicable (Not Transported),Not Applicable (Not Transported),1,Daylight,Clear,1,0,['Driver'],['None_Used'],0,0,Invalid,0.0,1.0,44.0,44.0,['Male'],0,0,5,4,2,Dry,Curve,Level,Lowest,No
25840,39,Ohio,390733,0,1,1,0,1,NOT APPLICABLE,August,23,Wednesday,16,5,Urban,Medium Speed (Collector),No,39.94829722,-83.88356667,Non-Intersection,Daylight,Clear,4:00pm-4:59pm,6,4:00pm-4:59pm,16,Not Applicable (Not Transported),Not Applicable (Not Transported),1,Daylight,Clear,1,0,['Driver'],['None_Used'],1,1,Invalid,1.0,1.0,22.0,22.0,['Male'],0,0,5,4,3,Dry,Straight,Grade/Hillcrest,Lowest,No
25841,39,Ohio,390734,0,1,1,0,1,BARBERTON,August,21,Monday,20,40,Urban,Medium Speed (Collector),No,41.00718611,-81.58936389,Non-Intersection,Dark - Lighted,Clear,8:00pm-8:59pm,43,8:00pm-8:59pm,45,9:00pm-9:59pm,5,1,Dark - Lighted,Clear,1,0,['Driver'],['None_Used'],1,1,Valid,0.0,1.0,67.0,67.0,['Male'],0,0,5,4,3,Dry,Straight,Level,Lowest,No
25842,39,Ohio,390735,0,1,1,0,1,NOT APPLICABLE,August,9,Wednesday,20,5,Rural,Medium Speed (Collector),No,40.18555,-84.24068056,Non-Intersection,Dusk,Rain,8:00pm-8:59pm,6,8:00pm-8:59pm,12,8:00pm-8:59pm,39,1,Twilight,Rain/Wind/Minor,1,0,['Driver'],['None_Used'],0,0,Valid,0.0,0.0,18.0,18.0,['Male'],0,0,2,4,3,Wet/Standing Water,Straight,Level,Lowest,No
25843,39,Ohio,390737,0,2,2,0,45,NOT APPLICABLE,August,22,Tuesday,8,16,Urban,Medium Speed (Collector),No,39.98680278,-83.88191389,Non-Intersection,Daylight,Clear,8:00am-8:59am,16,8:00am-8:59am,41,9:00am-9:59am,26,1,Daylight,Clear,1,44,['Non_Standard_Risk'],['None_Used'],0,0,Invalid,0.0,0.0,68.0,35.0,"['Male', 'Male']",0,0,4,4,5,Dry,Curve,Grade/Hillcrest,Lowest,No
25844,39,Ohio,390738,0,1,1,0,2,DAYTON,August,23,Wednesday,1,15,Urban,Low Speed (Local),No,39.78153056,-84.19601111,Non-Intersection,Dark - Lighted,Clear,1:00am-1:59am,16,1:00am-1:59am,23,1:00am-1:59am,51,1,Dark - Lighted,Clear,1,1,['Driver'],['None_Used'],1,1,Invalid,1.0,4.0,34.0,34.0,['Male'],2,0,2,4,3,Dry,Curve,Level,Lowest,No
25845,39,Ohio,390739,0,1,1,0,1,NOT APPLICABLE,August,28,Monday,1,38,Urban,Medium Speed (Collector),No,40.23936944,-82.98739722,Complex/Circle,Dark - Lighted,Clear,1:00am-1:59am,40,1:00am-1:59am,42,Not Applicable (Not Transported),Not Applicable (Not Transported),1,Dark - Lighted,Clear,1,0,['Driver'],['None_Used'],1,1,Valid,0.0,0.0,47.0,47.0,['Male'],0,0,5,4,2,Dry,Curve,Level,Lowest,No
25846,39,Ohio,390740,0,3,1,2,2,NOT APPLICABLE,August,27,Sunday,4,30,Urban,High Speed (Arterial),Yes,39.06040556,-84.26915833,Non-Intersection,Dark - Lighted,Cloudy,4:00am-4:59am,22,4:00am-4:59am,26,4:00am-4:59am,59,1,Dark - Lighted,Reduced Visibility,1,1,['Front_Passenger'],['Shoulder_Lapbelt'],1,1,Valid,0.0,0.0,23.0,23.0,['Male'],0,0,2,4,5,Dry,Straight,Level,Lowest,No
25847,39,Ohio,390741,0,2,2,0,3,NOT APPLICABLE,August,19,Saturday,10,4,Rural,Medium Speed (Collector),No,41.41165,-84.0094,Complex/Circle,Daylight,Clear,10:00am-10:59am,11,10:00am-10:59am,17,11:00am-11:59am,8,1,Daylight,Clear,1,2,['Driver'],['None_Used'],0,0,Valid,0.0,0.0,81.0,65.0,"['Male', 'Male']",0,0,5,4,5,Dry,Straight,Level,Lowest,No
25848,39,Ohio,390742,1,2,1,1,1,NOT APPLICABLE,September,1,Friday,8,10,Rural,Medium Speed (Collector),No,41.45001389,-83.43429167,Non-Intersection,Daylight,Clear,8:00am-8:59am,10,8:00am-8:59am,16,Not Applicable (Not Transported),Not Applicable (Not Transported),1,Daylight,Clear,0,1,[],[],1,1,Valid,0.0,3.0,21.0,21.0,['Female'],0,0,3,4,4,Dry,Straight,Level,Medium,No
25849,39,Ohio,390743,0,1,1,0,1,NOT APPLICABLE,September,3,Sunday,7,23,Rural,Medium Speed (Collector),No,40.11358056,-84.52556944,Non-Intersection,Dark - Not Lighted,Clear,7:00am-7:59am,24,7:00am-7:59am,31,Not Applicable (Not Transported),Not Applicable (Not Transported),1,Dark - Unlighted,Clear,1,0,['Driver'],['None_Used'],1,1,Valid,0.0,0.0,31.0,31.0,['Female'],0,0,3,4,3,Dry,Curve,Level,Lowest,No
25850,39,Ohio,390744,1,1,1,0,1,NOT APPLICABLE,August,28,Monday,22,23,Urban,Medium Speed (Collector),No,41.34209722,-83.14335278,Non-Intersection,Dark - Not Lighted,Clear,10:00pm-10:59pm,25,10:00pm-10:59pm,33,Not Applicable (Not Transported),Not Applicable (Not Transported),1,Dark - Unlighted,Clear,0,1,[],[],0,0,Valid,1.0,2.0,19.0,19.0,['Male'],0,0,3,4,4,Dry,Straight,Level,Lowest,No
25851,39,Ohio,390746,0,2,2,0,4,CINCINNATI,September,3,Sunday,1,5,Urban,High Speed (Arterial),Yes,39.13465278,-84.53275833,Non-Intersection,Dark - Lighted,Clear,1:00am-1:59am,7,1:00am-1:59am,10,1:00am-1:59am,36,1,Dark - Lighted,Clear,1,3,['Rear_Seat'],['None_Used'],1,1,Valid,2.0,0.0,998.0,20.0,"['Female', 'Male']",1,0,2,4,5,Dry,Curve,Level,Lowest,No
25852,39,Ohio,390747,0,1,1,0,1,NOT APPLICABLE,August,26,Saturday,10,35,Rural,High Speed (Arterial),No,38.89221111,-83.00224722,Non-Intersection,Daylight,Clear,10:00am-10:59am,35,10:00am-10:59am,48,11:00am-11:59am,16,1,Daylight,Clear,1,0,['Driver'],['None_Used'],0,0,Invalid,0.0,0.0,57.0,57.0,['Male'],1,0,5,3,2,Dry,Curve,Grade/Hillcrest,Lowest,Yes
25853,39,Ohio,390748,0,2,2,0,2,NOT APPLICABLE,August,29,Tuesday,18,47,Rural,Medium Speed (Collector),No,39.95878056,-82.61339722,Simple Junction,Daylight,Clear,6:00pm-6:59pm,48,6:00pm-6:59pm,58,Not Applicable (Not Transported),Not Applicable (Not Transported),1,Daylight,Clear,1,1,['Driver'],['Shoulder_Lapbelt'],0,0,Valid,1.0,0.0,80.0,49.0,"['Male', 'Male']",0,0,2,4,5,Dry,Straight,Level,Lowest,No
25854,39,Ohio,390749,0,1,1,0,1,AMHERST,August,31,Thursday,2,35,Urban,Medium Speed (Collector),No,41.42446667,-82.22692222,Non-Intersection,Dark - Lighted,Clear,Unknown,Unknown if Notified,Unknown EMS Scene Arrival Hour,Unknown if Arrived,Not Applicable (Not Transported),Not Applicable (Not Transported),1,Dark - Lighted,Clear,1,0,['Driver'],['None_Used'],1,1,Valid,0.0,3.0,23.0,23.0,['Male'],1,0,3,4,3,Dry,Curve,Level,Lowest,No
25855,39,Ohio,390750,0,1,1,0,1,KIRKERSVILLE,September,2,Saturday,19,35,Rural,Medium Speed (Collector),No,39.94743889,-82.60345278,Non-Intersection,Daylight,Clear,7:00pm-7:59pm,37,7:00pm-7:59pm,41,Not Applicable (Not Transported),Not Applicable (Not Transported),1,Daylight,Clear,1,0,['Driver'],['None_Used'],1,1,Valid,1.0,0.0,35.0,35.0,['Male'],0,0,2,4,3,Dry,Curve,Level,Lowest,No
25856,39,Ohio,390751,0,3,3,0,4,NOT APPLICABLE,August,29,Tuesday,17,35,Urban,Medium Speed (Collector),No,39.80462222,-83.17786389,Simple Junction,Daylight,Clear,5:00pm-5:59pm,49,6:00pm-6:59pm,22,6:00pm-6:59pm,49,1,Daylight,Clear,1,3,['Driver'],['None_Used'],1,2,Valid,0.0,1.0,67.0,56.0,"['Male', 'Female', 'Male']",0,0,5,4,5,Dry,Curve,Grade/Hillcrest,Lowest,No
25857,39,Ohio,390752,1,1,1,0,1,NOT APPLICABLE,August,30,Wednesday,14,37,Rural,Medium Speed (Collector),No,40.84355,-80.81304167,Non-Intersection,Daylight,Cloudy,2:00pm-2:59pm,37,2:00pm-2:59pm,43,3:00pm-3:59pm,18,1,Daylight,Reduced Visibility,0,1,[],[],1,1,Valid,0.0,0.0,66.0,66.0,['Female'],0,0,3,4,4,Dry,Straight,Level,Lowest,No
25858,39,Ohio,390753,0,2,2,0,3,NOT APPLICABLE,September,3,Sunday,2,44,Urban,Medium Speed (Collector),No,39.86529444,-82.10803056,Non-Intersection,Dark - Not Lighted,Clear,2:00am-2:59am,51,3:00am-3:59am,2,3:00am-3:59am,56,1,Dark - Unlighted,Clear,1,2,['Front_Passenger'],['Shoulder_Lapbelt'],0,0,Valid,0.0,0.0,29.0,21.0,"['Male', 'Male']",0,0,3,4,5,Dry,Curve,Grade/Hillcrest,Lowest,No
25859,39,Ohio,390754,0,1,1,0,1,NOT APPLICABLE,September,4,Monday,23,48,Rural,Medium Speed (Collector),No,41.03321111,-81.27221111,Non-Intersection,Dark - Not Lighted,Clear,11:00pm-11:59pm,49,11:00pm-11:59pm,56,Not Applicable (Not Transported),Not Applicable (Not Transported),1,Dark - Unlighted,Clear,1,0,['Driver'],['None_Used'],1,1,Valid,1.0,1.0,28.0,28.0,['Male'],1,0,5,4,3,Dry,Curve,Level,Lowest,No
25860,39,Ohio,390755,0,2,2,0,2,TOLEDO,September,1,Friday,18,18,Urban,High Speed (Arterial),No,41.70726111,-83.55651944,Complex/Circle,Daylight,Clear,6:00pm-6:59pm,19,6:00pm-6:59pm,23,6:00pm-6:59pm,38,1,Daylight,Clear,1,1,['Driver'],['None_Used'],0,0,Valid,2.0,0.0,62.0,56.0,"['Male', 'Male']",0,0,3,4,5,Dry,Straight,Level,Lowest,No
25861,39,Ohio,390756,0,1,1,0,2,NOT APPLICABLE,September,2,Saturday,21,58,Rural,Low Speed (Local),No,41.35243056,-82.178025,Non-Intersection,Dark - Not Lighted,Clear,9:00pm-9:59pm,59,10:00pm-10:59pm,7,10:00pm-10:59pm,36,1,Dark - Unlighted,Clear,1,1,['Driver'],['None_Used'],1,1,Valid,0.0,0.0,24.0,24.0,['Male'],2,0,2,4,3,Dry,Straight,Level,Lowest,No
25862,39,Ohio,390757,0,1,1,0,1,NOT APPLICABLE,September,2,Saturday,19,3,Urban,High Speed (Arterial),Yes,39.09658056,-84.28768889,Non-Intersection,Daylight,Clear,7:00pm-7:59pm,4,7:00pm-7:59pm,8,Not Applicable (Not Transported),Not Applicable (Not Transported),1,Daylight,Clear,1,0,['Driver'],['None_Used'],1,1,Invalid,1.0,1.0,34.0,34.0,['Male'],1,0,5,4,3,Dry,Curve,Level,Lowest,No
25863,39,Ohio,390758,0,2,2,0,2,NOT APPLICABLE,August,25,Friday,23,44,Urban,Low Speed (Local),No,41.27205,-81.03862222,Non-Intersection,Dark - Not Lighted,Cloudy,11:00pm-11:59pm,45,0:00am-0:59am,0,Not Applicable (Not Transported),Not Applicable (Not Transported),1,Dark - Unlighted,Reduced Visibility,1,1,['Driver'],['None_Used'],1,2,Valid,1.0,0.0,43.0,42.0,"['Male', 'Male']",1,0,5,4,5,Wet/Standing Water,Straight,Level,Lowest,No
25864,39,Ohio,390759,0,2,2,0,2,TOLEDO,September,10,Sunday,16,33,Urban,Medium Speed (Collector),No,41.64545,-83.56251944,Complex/Circle,Daylight,Clear,4:00pm-4:59pm,33,4:00pm-4:59pm,38,4:00pm-4:59pm,56,1,Daylight,Clear,1,1,['Driver'],['None_Used'],0,0,Valid,0.0,0.0,55.0,45.0,"['Male', 'Male']",0,0,5,4,5,Dry,Straight,Level,Lowest,No
25865,39,Ohio,390760,0,1,1,0,2,NOT APPLICABLE,September,3,Sunday,19,37,Rural,Medium Speed (Collector),No,38.848025,-84.10868889,Non-Intersection,Daylight,Cloudy,7:00pm-7:59pm,41,7:00pm-7:59pm,46,Not Applicable (Not Transported),Not Applicable (Not Transported),2,Daylight,Reduced Visibility,2,0,"['Driver', 'Front_Passenger']","['None_Used', 'None_Used']",1,1,Invalid,0.0,0.0,35.0,35.0,['Male'],0,0,3,4,3,Dry,Straight,Level,Lowest,No
25866,39,Ohio,390761,2,2,2,0,3,CLAYTON,September,10,Sunday,15,57,Urban,High Speed (Arterial),No,39.89133333,-84.30578889,Simple Junction,Daylight,Clear,3:00pm-3:59pm,58,4:00pm-4:59pm,1,4:00pm-4:59pm,28,1,Daylight,Clear,0,3,[],[],0,0,Invalid,0.0,0.0,38.0,30.0,"['Male', 'Female']",0,0,2,4,5,Dry,Straight,Level,Lowest,No
25867,39,Ohio,390762,0,1,1,0,1,TOLEDO,September,12,Tuesday,0,58,Urban,High Speed (Arterial),Yes,41.62691944,-83.66453889,Complex/Circle,Dark - Lighted,Rain,1:00am-1:59am,0,1:00am-1:59am,10,1:00am-1:59am,35,1,Dark - Lighted,Rain/Wind/Minor,1,0,['Driver'],['None_Used'],1,1,Valid,0.0,0.0,48.0,48.0,['Male'],0,0,2,4,3,Wet/Standing Water,Straight,Level,Lowest,No