,State_Code,State_Name,Crash_ID,Count_Non_Motorists,Count_Vehicles_Total,Count_Vehicle_Forms,Count_PVH_Involved,Count_Occupants_MV,City_Name,Month_Name,Day_of_Month,Day_of_Week,Crash_Hour,Crash_Minute,Area_Rural_Urban,Road_Functional_Class,On_NHS_Road,Latitude,Longitude,Intersection_Type,Light_Condition,Weather_Condition,Notif_Hour,Notif_Minute,Arrival_Hour,Arrival_Minute,Hospital_Hour,Hospital_Minute,Fatalities_Count,Clean_Light_Condition,Clean_Weather_Condition,Total_Killed,Total_Alive,Fatal_Seats_List,Killed_Restraint_List,Any_Driver_Drinking,Total_Drinking_Drivers,Driver_License_Category,Driver_Max_Prev_Accident_Count,Driver_Max_Prev_Speeding_Count,Max_Driver_Age,Min_Driver_Age,Driver_Sex_List,Total_Exceeding_Limit_Vehicles,Total_Too_Fast_Vehicles,Max_Vehicle_Type_Severity_5,Max_Vehicle_Damage_Rank,Max_Harmful_Event_Severity,Crash_Road_Surface_Condition,Crash_Horizontal_Alignment,Crash_Vertical_Profile,Crash_Impairment_Category,Crash_Vehicle_Defect
25868,39,Ohio,390763,0,2,2,0,2,COLUMBUS,September,11,Monday,17,36,Urban,High Speed (Arterial),No,40.0611,-82.98728056,Complex/Circle,Daylight,Clear,5:00pm-5:59pm,43,5:00pm-5:59pm,48,6:00pm-6:59pm,4,1,Daylight,Clear,1,1,['Driver'],['Shoulder_Lapbelt'],0,0,Valid,0.0,0.0,69.0,40.0,"['Male', 'Female']",0,0,3,4,5,Dry,Straight,Level,Lowest,No
25869,39,Ohio,390764,0,1,1,0,1,NOT APPLICABLE,September,7,Thursday,13,51,Rural,Medium Speed (Collector),No,40.4239,-83.740525,Non-Intersection,Daylight,Cloudy,1:00pm-1:59pm,26,1:00pm-1:59pm,36,2:00pm-2:59pm,1,1,Daylight,Reduced Visibility,1,0,['Driver'],['None_Used'],0,0,Valid,1.0,0.0,90.0,90.0,['Male'],0,0,3,4,3,Dry,Straight,Level,Lowest,No
25870,39,Ohio,390765,0,2,2,0,5,NOT APPLICABLE,August,18,Friday,14,46,Urban,Medium Speed (Collector),No,39.32395278,-84.42773333,Complex/Circle,Daylight,Cloudy,2:00pm-2:59pm,53,2:00pm-2:59pm,58,3:00pm-3:59pm,27,1,Daylight,Reduced Visibility,1,4,['Rear_Seat'],['Shoulder_Lapbelt'],0,0,Valid,0.0,0.0,66.0,58.0,"['Male', 'Male']",0,0,3,4,5,Dry,Straight,Level,Lowest,No
25871,39,Ohio,390766,0,2,2,0,2,ALLIANCE,June,20,Tuesday,21,20,Urban,Medium Speed (Collector),No,40.90166111,-81.0973,Complex/Circle,Dark - Lighted,Cloudy,9:00pm-9:59pm,26,9:00pm-9:59pm,28,9:00pm-9:59pm,48,1,Dark - Lighted,Reduced Visibility,1,1,['Driver'],['Shoulder_Lapbelt'],1,1,Invalid,0.0,0.0,85.0,34.0,"['Male', 'Female']",0,0,3,4,5,Dry,Straight,Level,Lowest,No
25872,39,Ohio,390767,0,2,1,1,2,MIDDLETOWN,June,23,Friday,22,46,Urban,Medium Speed (Collector),No,39.525625,-84.38418889,Non-Intersection,Dark - Lighted,Cloudy,10:00pm-10:59pm,47,10:00pm-10:59pm,50,11:00pm-11:59pm,19,1,Dark - Lighted,Reduced Visibility,1,1,['Front_Passenger'],['None_Used'],0,0,Valid,0.0,1.0,48.0,48.0,['Female'],0,0,3,4,3,Dry,Straight,Level,Lowest,No
25873,39,Ohio,390768,1,1,1,0,2,GARFIELD HTS,July,14,Friday,19,55,Urban,Low Speed (Local),No,41.43301944,-81.62048333,Non-Intersection,Daylight,Clear,8:00pm-8:59pm,3,8:00pm-8:59pm,7,8:00pm-8:59pm,26,1,Daylight,Clear,0,2,[],[],0,0,Invalid,0.0,0.0,35.0,35.0,['Female'],0,0,2,2,4,Dry,Straight,Non-Trafficway,Lowest,No
25874,39,Ohio,390769,0,2,2,0,3,NOT APPLICABLE,June,10,Saturday,19,43,Urban,Medium Speed (Collector),No,39.91393889,-84.27463056,Complex/Circle,Dusk,Clear,7:00pm-7:59pm,44,7:00pm-7:59pm,50,8:00pm-8:59pm,30,1,Twilight,Clear,1,2,['Rear_Seat'],['None_Used'],0,0,Valid,2.0,1.0,59.0,33.0,"['Female', 'Male']",0,0,5,4,5,Dry,Straight,Level,Lowest,No
25875,39,Ohio,390770,1,2,1,1,1,RIVERSIDE,July,20,Thursday,3,58,Urban,High Speed (Arterial),Yes,39.74595,-84.12066111,Non-Intersection,Dark - Lighted,Clear,3:00am-3:59am,57,4:00am-4:59am,2,4:00am-4:59am,8,1,Dark - Lighted,Clear,0,1,[],[],0,0,Valid,0.0,0.0,61.0,61.0,['Male'],0,0,4,4,5,Dry,Straight,Level,Lowest,No
25876,39,Ohio,390771,0,2,2,0,4,COLUMBUS,August,25,Friday,19,21,Urban,Medium Speed (Collector),No,39.93876944,-82.95453889,Simple Junction,Daylight,Clear,7:00pm-7:59pm,22,7:00pm-7:59pm,26,7:00pm-7:59pm,42,1,Daylight,Clear,1,3,['Front_Passenger'],['Shoulder_Lapbelt'],0,0,Invalid,1.0,0.0,44.0,42.0,"['Female', 'Male']",0,0,3,4,5,Dry,Straight,Level,Lowest,No
25877,39,Ohio,390772,0,2,2,0,2,NOT APPLICABLE,August,25,Friday,23,13,Urban,High Speed (Arterial),Yes,39.62831944,-84.22606389,Complex/Circle,Dark - Lighted,Clear,11:00pm-11:59pm,15,11:00pm-11:59pm,20,Not Applicable (Not Transported),Not Applicable (Not Transported),1,Dark - Lighted,Clear,1,1,['Driver'],['Shoulder_Lapbelt'],0,0,Valid,0.0,2.0,40.0,23.0,"['Male', 'Male']",0,0,2,4,5,Dry,Straight,Level,Lowest,No
25878,39,Ohio,390773,0,1,1,0,1,NOT APPLICABLE,September,4,Monday,20,43,Rural,Medium Speed (Collector),No,38.71217778,-82.62908611,Non-Intersection,Dusk,Clear,8:00pm-8:59pm,39,8:00pm-8:59pm,52,Not Applicable (Not Transported),Not Applicable (Not Transported),1,Twilight,Clear,1,0,['Driver'],['None_Used'],1,1,Invalid,0.0,0.0,63.0,63.0,['Male'],1,0,5,4,3,Dry,Curve,Level,Lowest,No
25879,39,Ohio,390774,0,2,2,0,3,COLUMBUS,September,6,Wednesday,8,25,Urban,Medium Speed (Collector),No,39.94265,-83.01563056,Non-Intersection,Daylight,Clear,8:00am-8:59am,26,8:00am-8:59am,30,8:00am-8:59am,44,1,Daylight,Clear,1,2,['Driver'],['None_Used'],0,0,Invalid,1.0,0.0,41.0,36.0,"['Male', 'Male']",0,0,5,4,5,Dry,Straight,Level,Lowest,No
25880,39,Ohio,390775,0,3,3,0,5,NOT APPLICABLE,September,1,Friday,18,27,Rural,Medium Speed (Collector),No,39.5759,-83.16487222,Non-Intersection,Daylight,Clear,7:00pm-7:59pm,3,7:00pm-7:59pm,21,7:00pm-7:59pm,53,1,Daylight,Clear,1,4,['Driver'],['None_Used'],0,0,Invalid,0.0,1.0,61.0,43.0,"['Male', 'Male', 'Male']",0,0,5,4,5,Dry,Straight,Level,Lowest,No
25881,39,Ohio,390776,1,2,2,0,4,NOT APPLICABLE,September,6,Wednesday,7,29,Rural,High Speed (Arterial),Yes,38.59670833,-82.27217778,Non-Intersection,Dawn,"Fog, Smog, Smoke",7:00am-7:59am,50,8:00am-8:59am,8,8:00am-8:59am,40,1,Twilight,Reduced Visibility,0,4,[],[],0,0,Valid,0.0,0.0,29.0,24.0,"['Female', 'Female']",0,0,3,4,5,Dry,Straight,Level,Lowest,Yes
25882,39,Ohio,390777,0,2,2,0,3,NOT APPLICABLE,September,7,Thursday,19,30,Rural,High Speed (Arterial),Yes,40.80047778,-81.71878611,Non-Intersection,Daylight,Cloudy,Unknown,Unknown,Unknown EMS Scene Arrival Hour,Unknown EMS Scene Arrival Minutes,Unknown,Unknown EMS Hospital Arrival Time,1,Daylight,Reduced Visibility,1,2,['Driver'],['None_Used'],0,0,Valid,1.0,1.0,42.0,21.0,"['Female', 'Male']",0,0,5,4,5,Dry,Straight,Level,Lowest,No
25883,39,Ohio,390778,0,1,1,0,3,CLEVELAND,September,6,Wednesday,19,3,Urban,High Speed (Arterial),Yes,41.4209,-81.68964167,Non-Intersection,Daylight,Clear,7:00pm-7:59pm,15,7:00pm-7:59pm,30,7:00pm-7:59pm,45,1,Daylight,Clear,1,2,['Driver'],['None_Used'],0,0,Invalid,1.0,0.0,34.0,34.0,['Male'],0,0,2,4,3,Dry,Straight,Level,Lowest,No
25884,39,Ohio,390779,0,2,2,0,5,NOT APPLICABLE,September,8,Friday,19,26,Urban,Medium Speed (Collector),No,39.880175,-83.813025,Non-Intersection,Dusk,Rain,7:00pm-7:59pm,26,7:00pm-7:59pm,31,7:00pm-7:59pm,57,1,Twilight,Rain/Wind/Minor,1,4,['Driver'],['None_Used'],0,0,Valid,0.0,1.0,60.0,29.0,"['Male', 'Female']",0,0,3,4,5,Wet/Standing Water,Straight,Grade/Hillcrest,Lowest,No
25885,39,Ohio,390780,0,1,1,0,2,NOT APPLICABLE,September,9,Saturday,2,45,Rural,Medium Speed (Collector),No,40.29742222,-84.36875278,Non-Intersection,Dark - Lighted,Cloudy,2:00am-2:59am,44,3:00am-3:59am,4,3:00am-3:59am,28,1,Dark - Lighted,Reduced Visibility,1,1,['Driver'],['None_Used'],1,1,Valid,0.0,3.0,18.0,18.0,['Male'],2,0,2,4,3,Dry,Curve,Grade/Hillcrest,Lowest,No
25886,39,Ohio,390781,1,1,1,0,1,PAULDING,September,4,Monday,13,53,Rural,Medium Speed (Collector),No,41.14053056,-84.60275278,Non-Intersection,Daylight,Clear,1:00pm-1:59pm,56,2:00pm-2:59pm,3,Not Applicable (Not Transported),Not Applicable (Not Transported),1,Daylight,Clear,0,1,[],[],1,1,Valid,0.0,0.0,45.0,45.0,['Female'],0,0,3,4,4,Dry,Straight,Level,Lowest,No
25887,39,Ohio,390782,0,1,1,0,1,NOT APPLICABLE,September,4,Monday,20,33,Rural,Medium Speed (Collector),No,41.06348056,-82.02306111,Non-Intersection,Dark - Lighted,Clear,8:00pm-8:59pm,57,9:00pm-9:59pm,15,10:00pm-10:59pm,15,1,Dark - Lighted,Clear,1,0,['Driver'],['None_Used'],1,1,Valid,1.0,0.0,20.0,20.0,['Male'],1,0,2,4,3,Dry,Straight,Level,Lowest,No
25888,39,Ohio,390783,0,2,2,0,3,NOT APPLICABLE,September,10,Sunday,1,39,Urban,High Speed (Arterial),No,39.31045278,-84.46469167,Simple Junction,Dark - Lighted,Clear,1:00am-1:59am,40,1:00am-1:59am,46,2:00am-2:59am,15,1,Dark - Lighted,Clear,1,2,['Rear_Seat'],['None_Used'],1,1,Invalid,1.0,0.0,38.0,30.0,"['Male', 'Male']",0,0,5,4,5,Dry,Straight,Level,Lowest,No
25889,39,Ohio,390784,1,1,1,0,1,CLEVELAND,August,27,Sunday,21,27,Urban,Medium Speed (Collector),No,41.53028056,-81.54435,Complex/Circle,Dark - Lighted,Clear,9:00pm-9:59pm,28,9:00pm-9:59pm,32,9:00pm-9:59pm,47,1,Dark - Lighted,Clear,0,1,[],[],0,0,Valid,0.0,0.0,53.0,53.0,['Male'],0,0,2,2,4,Dry,Straight,Level,Lowest,No
25890,39,Ohio,390785,0,1,1,0,2,NOT APPLICABLE,September,3,Sunday,1,4,Rural,Low Speed (Local),No,39.62210556,-81.52976944,Non-Intersection,Dark - Not Lighted,Clear,0:00am-0:59am,16,0:00am-0:59am,39,1:00am-1:59am,23,1,Dark - Unlighted,Clear,1,1,['Driver'],['None_Used'],1,1,Valid,0.0,0.0,34.0,34.0,['Male'],0,0,5,4,4,Loose/Unpaved,Straight,Level,Lowest,No
25891,39,Ohio,390786,0,2,2,0,3,NOT APPLICABLE,September,3,Sunday,14,24,Rural,Medium Speed (Collector),No,40.06261667,-81.72110556,Non-Intersection,Daylight,Clear,2:00pm-2:59pm,24,2:00pm-2:59pm,27,3:00pm-3:59pm,2,1,Daylight,Clear,1,2,['Driver'],['None_Used'],0,0,Valid,1.0,0.0,55.0,38.0,"['Male', 'Male']",2,0,5,4,5,Dry,Curve,Grade/Hillcrest,Lowest,No
25892,39,Ohio,390787,0,1,1,0,1,WARRENSVILLE HEIGHTS,September,6,Wednesday,12,1,Urban,High Speed (Arterial),Yes,41.42916111,-81.50914722,Non-Intersection,Daylight,Clear,Unknown,Unknown if Notified,Unknown EMS Scene Arrival Hour,Unknown if Arrived,Not Applicable (Not Transported),Not Applicable (Not Transported),1,Daylight,Clear,1,0,['Driver'],['Shoulder_Lapbelt'],0,0,Valid,0.0,0.0,57.0,57.0,['Male'],0,0,4,4,2,Dry,Straight,Level,Lowest,Yes
25893,39,Ohio,390788,0,2,2,0,2,MANSFIELD,July,22,Saturday,22,21,Urban,Medium Speed (Collector),No,40.75934167,-82.56219167,Non-Intersection,Dark - Lighted,Clear,10:00pm-10:59pm,22,10:00pm-10:59pm,23,10:00pm-10:59pm,33,1,Dark - Lighted,Clear,1,1,['Driver'],['None_Used'],0,0,Valid,1.0,5.0,54.0,22.0,"['Male', 'Male']",1,0,5,4,5,Dry,Straight,Level,Lowest,No
25894,39,Ohio,390789,1,1,1,0,1,TOLEDO,September,15,Friday,18,8,Urban,Medium Speed (Collector),No,41.63111111,-83.55621944,Non-Intersection,Daylight,Clear,6:00pm-6:59pm,14,6:00pm-6:59pm,20,Not Applicable (Not Transported),Not Applicable (Not Transported),1,Daylight,Clear,0,1,[],[],0,0,Invalid,1.0,0.0,26.0,26.0,['Male'],0,0,2,3,4,Dry,Straight,Level,Lowest,No
25895,39,Ohio,390790,1,1,1,0,2,AKRON,August,27,Sunday,2,22,Urban,High Speed (Arterial),Yes,41.06408333,-81.44737778,Non-Intersection,Dark - Lighted,Cloudy,2:00am-2:59am,23,2:00am-2:59am,28,Not Applicable (Not Transported),Not Applicable (Not Transported),1,Dark - Lighted,Reduced Visibility,0,2,[],[],0,0,Valid,0.0,0.0,37.0,37.0,['Female'],0,0,3,0,4,Dry,Straight,Level,Lowest,No
25896,39,Ohio,390791,0,1,1,0,2,WILKESVILLE,September,8,Friday,3,30,Rural,Low Speed (Local),No,39.06427222,-82.38119722,Non-Intersection,Dark - Not Lighted,Clear,3:00am-3:59am,56,4:00am-4:59am,28,Not Applicable (Not Transported),Not Applicable (Not Transported),1,Dark - Unlighted,Clear,1,1,['Driver'],['None_Used'],1,1,Valid,2.0,2.0,22.0,22.0,['Male'],0,0,3,4,3,Dry,Curve,Grade/Hillcrest,Lowest,No
25897,39,Ohio,390792,0,2,2,0,2,NOT APPLICABLE,August,30,Wednesday,11,56,Rural,Low Speed (Local),No,39.75839444,-84.50096389,Complex/Circle,Daylight,Cloudy,12:00pm-12:59pm,7,12:00pm-12:59pm,23,1:00pm-1:59pm,6,1,Daylight,Reduced Visibility,1,1,['Driver'],['Shoulder_Lapbelt'],0,0,Valid,1.0,0.0,75.0,52.0,"['Male', 'Male']",0,0,4,4,5,Dry,Straight,Level,Lowest,No
25898,39,Ohio,390793,0,1,1,0,2,COLUMBUS,September,11,Monday,14,49,Urban,High Speed (Arterial),Yes,40.10903889,-83.08770278,Non-Intersection,Daylight,Clear,2:00pm-2:59pm,53,2:00pm-2:59pm,55,3:00pm-3:59pm,13,2,Daylight,Clear,2,0,"['Driver', 'Front_Passenger']","['Shoulder_Lapbelt', 'Shoulder_Lapbelt']",0,0,Valid,2.0,0.0,45.0,45.0,['Male'],0,0,3,4,3,Dry,Straight,Level,Lowest,No
25899,39,Ohio,390794,0,3,3,0,4,NOT APPLICABLE,September,17,Sunday,21,20,Urban,High Speed (Arterial),Yes,39.40753611,-84.506875,Complex/Circle,Dark - Lighted,Cloudy,9:00pm-9:59pm,26,9:00pm-9:59pm,33,Not Applicable (Not Transported),Not Applicable (Not Transported),1,Dark - Lighted,Reduced Visibility,1,3,['Driver'],['None_Used'],0,0,Valid,3.0,3.0,42.0,32.0,"['Male', 'Male', 'Male']",0,0,5,4,5,Dry,Straight,Level,Lowest,No
25900,39,Ohio,390795,0,2,2,0,1,INDEPENDENCE,September,16,Saturday,3,19,Urban,High Speed (Arterial),Yes,41.3868,-81.64143611,Non-Intersection,Dark - Lighted,Clear,3:00am-3:59am,19,3:00am-3:59am,33,3:00am-3:59am,57,1,Dark - Lighted,Clear,1,0,['Driver'],['None_Used'],0,0,Valid,0.0,0.0,35.0,35.0,['Male'],1,0,5,4,5,Dry,Straight,Level,Lowest,No
25901,39,Ohio,390796,0,2,2,0,2,TOLEDO,September,14,Thursday,17,7,Urban,High Speed (Arterial),No,41.65285833,-83.61405,Complex/Circle,Daylight,Clear,5:00pm-5:59pm,7,5:00pm-5:59pm,14,5:00pm-5:59pm,28,1,Daylight,Clear,1,1,['Driver'],['None_Used'],0,0,Valid,1.0,0.0,48.0,23.0,"['Male', 'Female']",0,0,5,4,5,Dry,Straight,Level,Lowest,No
25902,39,Ohio,390797,1,1,1,0,2,NOT APPLICABLE,September,3,Sunday,17,8,Urban,High Speed (Arterial),No,40.79506111,-81.47211111,Non-Intersection,Daylight,Clear,5:00pm-5:59pm,10,5:00pm-5:59pm,11,5:00pm-5:59pm,26,1,Daylight,Clear,0,2,[],[],0,0,Valid,0.0,2.0,29.0,29.0,['Male'],0,0,3,1,4,Dry,Straight,Level,Lowest,No
25903,39,Ohio,390798,0,6,6,0,10,COLUMBUS,September,18,Monday,1,58,Urban,High Speed (Arterial),Yes,39.93200556,-82.92931667,Non-Intersection,Dark - Lighted,Clear,2:00am-2:59am,28,2:00am-2:59am,39,3:00am-3:59am,0,1,Dark - Lighted,Clear,1,9,['Front_Passenger'],['None_Used'],1,1,Invalid,1.0,0.0,998.0,22.0,"['Male', 'Female', 'Male', 'Female', 'Male', 'Other']",0,0,3,4,5,Dry,Curve,Level,Lowest,No
25904,39,Ohio,390799,0,2,2,0,3,PORTSMOUTH,June,17,Saturday,12,49,Urban,Low Speed (Local),No,38.76458889,-82.89328056,Simple Junction,Daylight,Clear,12:00pm-12:59pm,51,12:00pm-12:59pm,52,1:00pm-1:59pm,36,1,Daylight,Clear,1,2,['Driver'],['None_Used'],0,0,Valid,0.0,1.0,42.0,20.0,"['Female', 'Male']",1,0,5,4,5,Dry,Straight,Level,Lowest,No
25905,39,Ohio,390800,0,1,1,0,1,NOT APPLICABLE,June,10,Saturday,10,36,Rural,Medium Speed (Collector),No,39.53982222,-84.718,Non-Intersection,Daylight,Clear,10:00am-10:59am,38,10:00am-10:59am,44,11:00am-11:59am,33,1,Daylight,Clear,1,0,['Driver'],['Shoulder_Lapbelt'],0,0,Valid,0.0,0.0,90.0,90.0,['Male'],0,0,3,4,3,Dry,Curve,Grade/Hillcrest,Lowest,No
25906,39,Ohio,390801,0,1,1,0,1,ATHENS,September,3,Sunday,19,14,Urban,High Speed (Arterial),Yes,39.31036667,-82.10595833,Non-Intersection,Daylight,Clear,7:00pm-7:59pm,12,7:00pm-7:59pm,21,Not Applicable (Not Transported),Not Applicable (Not Transported),1,Daylight,Clear,1,0,['Driver'],['None_Used'],0,0,Valid,0.0,0.0,26.0,26.0,['Male'],1,0,5,4,2,Dry,Curve,Level,Lowest,No
25907,39,Ohio,390802,0,2,2,0,2,STRONGSVILLE,August,22,Tuesday,8,51,Urban,High Speed (Arterial),Yes,41.31281667,-81.82436389,Complex/Circle,Daylight,Clear,8:00am-8:59am,52,8:00am-8:59am,58,9:00am-9:59am,16,1,Daylight,Clear,1,1,['Driver'],['None_Used'],0,0,Valid,0.0,1.0,34.0,25.0,"['Female', 'Male']",0,0,5,4,5,Dry,Straight,Level,Lowest,No
25908,39,Ohio,390803,0,2,2,0,3,NOT APPLICABLE,September,9,Saturday,14,29,Rural,High Speed (Arterial),Yes,38.82658333,-83.82666389,Complex/Circle,Daylight,Cloudy,2:00pm-2:59pm,38,2:00pm-2:59pm,57,3:00pm-3:59pm,36,1,Daylight,Reduced Visibility,1,2,['Rear_Seat'],['None_Used'],0,0,Valid,1.0,1.0,55.0,21.0,"['Male', 'Male']",0,0,5,4,5,Dry,Straight,Level,Lowest,No
25909,39,Ohio,390804,0,3,3,0,5,NOT APPLICABLE,September,10,Sunday,17,21,Rural,Medium Speed (Collector),No,39.72303056,-82.31481944,Simple Junction,Daylight,Cloudy,5:00pm-5:59pm,21,5:00pm-5:59pm,31,6:00pm-6:59pm,19,1,Daylight,Reduced Visibility,1,4,['Driver'],['None_Used'],0,0,Valid,1.0,1.0,56.0,20.0,"['Female', 'Male', 'Male']",0,0,5,4,5,Dry,Straight,Level,Lowest,No
25910,39,Ohio,390805,0,3,3,0,3,NOT APPLICABLE,September,11,Monday,16,45,Rural,Medium Speed (Collector),No,39.71833056,-82.46529167,Non-Intersection,Daylight,Clear,4:00pm-4:59pm,41,4:00pm-4:59pm,48,5:00pm-5:59pm,9,1,Daylight,Clear,1,2,['Driver'],['Shoulder_Lapbelt'],0,0,Valid,0.0,0.0,63.0,25.0,"['Female', 'Male', 'Male']",0,0,3,4,5,Dry,Straight,Grade/Hillcrest,Lowest,No
25911,39,Ohio,390806,0,2,2,0,2,NOT APPLICABLE,September,14,Thursday,21,25,Rural,Medium Speed (Collector),No,41.13149167,-83.14723611,Simple Junction,Dark - Not Lighted,Clear,9:00pm-9:59pm,28,9:00pm-9:59pm,32,Not Applicable (Not Transported),Not Applicable (Not Transported),1,Dark - Unlighted,Clear,1,1,['Driver'],['None_Used'],1,1,Valid,0.0,0.0,91.0,45.0,"['Male', 'Male']",0,0,5,3,5,Dry,Straight,Level,Lowest,No
25912,39,Ohio,390807,0,2,2,0,3,MOGADORE,September,4,Monday,17,50,Urban,Medium Speed (Collector),No,41.04547222,-81.39321111,Simple Junction,Daylight,Clear,5:00pm-5:59pm,30,5:00pm-5:59pm,34,6:00pm-6:59pm,4,1,Daylight,Clear,1,2,['Driver'],['Shoulder_Lapbelt'],0,0,Valid,0.0,0.0,82.0,68.0,"['Male', 'Male']",0,0,3,4,5,Dry,Straight,Level,Lowest,No
25913,39,Ohio,390808,1,1,1,0,1,GARFIELD HTS,August,24,Thursday,20,35,Urban,Low Speed (Local),No,41.42779167,-81.58366111,Non-Intersection,Dusk,Clear,8:00pm-8:59pm,37,8:00pm-8:59pm,41,8:00pm-8:59pm,55,1,Twilight,Clear,0,1,[],[],0,0,Valid,1.0,2.0,30.0,30.0,['Female'],0,0,3,1,4,Dry,Straight,Grade/Hillcrest,Lowest,No
25914,39,Ohio,390809,0,1,1,0,1,PAINESVILLE,September,11,Monday,23,57,Rural,Low Speed (Local),No,41.71462778,-81.28448056,Non-Intersection,Dark - Lighted,Clear,11:00pm-11:59pm,57,0:00am-0:59am,11,Not Applicable (Not Transported),Not Applicable (Not Transported),1,Dark - Lighted,Clear,1,0,['Driver'],['Shoulder_Lapbelt'],1,1,Valid,0.0,1.0,20.0,20.0,['Male'],0,0,2,4,2,Dry,Curve,Level,Lowest,No
25915,39,Ohio,390810,0,2,2,0,2,NOT APPLICABLE,September,11,Monday,9,39,Urban,Medium Speed (Collector),No,39.61288333,-84.18583611,Non-Intersection,Daylight,Clear,9:00am-9:59am,39,9:00am-9:59am,47,10:00am-10:59am,3,1,Daylight,Clear,1,1,['Driver'],['None_Used'],0,0,Valid,1.0,0.0,40.0,34.0,"['Male', 'Female']",0,0,3,4,5,Dry,Straight,Level,Lowest,No
25916,39,Ohio,390811,0,2,2,0,2,NOT APPLICABLE,September,13,Wednesday,11,43,Rural,Medium Speed (Collector),No,39.08453889,-81.80798611,Non-Intersection,Daylight,Cloudy,11:00am-11:59am,36,11:00am-11:59am,55,12:00pm-12:59pm,50,1,Daylight,Reduced Visibility,1,1,['Driver'],['None_Used'],0,0,Valid,0.0,0.0,59.0,55.0,"['Male', 'Male']",0,0,5,2,5,Dry,Straight,Level,Lowest,No
25917,39,Ohio,390812,0,1,1,0,1,NOT APPLICABLE,September,13,Wednesday,19,34,Rural,Medium Speed (Collector),No,41.32385556,-81.14333056,Non-Intersection,Dusk,Clear,7:00pm-7:59pm,11,7:00pm-7:59pm,19,Not Applicable (Not Transported),Not Applicable (Not Transported),1,Twilight,Clear,1,0,['Driver'],['None_Used'],0,0,Valid,0.0,0.0,83.0,83.0,['Female'],0,0,3,4,2,Dry,Straight,Level,Lowest,No
25918,39,Ohio,390813,0,1,1,0,1,NOT APPLICABLE,September,16,Saturday,23,23,Rural,Low Speed (Local),No,39.81708611,-81.89128333,Non-Intersection,Dark - Not Lighted,Clear,11:00pm-11:59pm,22,11:00pm-11:59pm,31,0:00am-0:59am,13,1,Dark - Unlighted,Clear,1,0,['Driver'],['None_Used'],1,1,Valid,0.0,0.0,42.0,42.0,['Male'],0,0,5,4,3,Dry,Straight,Level,Lowest,No
25919,39,Ohio,390814,0,1,1,0,1,NOT APPLICABLE,September,18,Monday,3,39,Rural,Medium Speed (Collector),No,39.68500278,-82.43242778,Non-Intersection,Dark - Not Lighted,"Fog, Smog, Smoke",3:00am-3:59am,39,3:00am-3:59am,47,Not Applicable (Not Transported),Not Applicable (Not Transported),1,Dark - Unlighted,Reduced Visibility,1,0,['Driver'],['None_Used'],0,0,Valid,0.0,0.0,82.0,82.0,['Male'],0,0,3,4,2,Dry,Curve,Level,Lowest,No
25920,39,Ohio,390815,0,1,1,0,1,DAYTON,September,17,Sunday,14,46,Urban,Low Speed (Local),No,39.74023056,-84.25298889,Simple Junction,Daylight,Clear,2:00pm-2:59pm,48,2:00pm-2:59pm,57,3:00pm-3:59pm,12,1,Daylight,Clear,1,0,['Driver'],['Shoulder_Lapbelt'],1,1,Valid,0.0,1.0,58.0,58.0,['Female'],1,0,3,4,3,Dry,Curve,Level,Lowest,No
25921,39,Ohio,390816,0,1,1,0,1,CLYDE,August,19,Saturday,15,2,Urban,Low Speed (Local),No,41.29861944,-82.95545278,Simple Junction,Daylight,Clear,3:00pm-3:59pm,8,3:00pm-3:59pm,18,3:00pm-3:59pm,52,1,Daylight,Clear,1,0,['Driver'],['None_Used'],1,1,Valid,0.0,0.0,72.0,72.0,['Male'],0,0,2,4,2,Dry,Straight,Level,Lowest,No
25922,39,Ohio,390818,1,1,1,0,2,CINCINNATI,September,15,Friday,23,5,Urban,Low Speed (Local),No,39.10972778,-84.56328611,Non-Intersection,Dark - Lighted,Clear,11:00pm-11:59pm,16,11:00pm-11:59pm,23,Not Applicable (Not Transported),Not Applicable (Not Transported),1,Dark - Lighted,Clear,0,2,[],[],0,0,Invalid,0.0,0.0,998.0,998.0,['Other'],0,0,1,2,4,Dry,Straight,Level,Lowest,No
25923,39,Ohio,390819,0,2,2,0,7,COLUMBUS,September,22,Friday,22,17,Urban,Medium Speed (Collector),Yes,40.00541944,-82.97243889,Complex/Circle,Dark - Lighted,Clear,10:00pm-10:59pm,23,10:00pm-10:59pm,26,10:00pm-10:59pm,36,1,Dark - Lighted,Clear,1,6,['Front_Passenger'],['None_Used'],1,1,Valid,1.0,1.0,49.0,29.0,"['Female', 'Male']",0,0,2,4,5,Dry,Straight,Level,Lowest,No
25924,39,Ohio,390820,0,2,2,0,3,CLEVELAND,September,1,Friday,16,37,Urban,High Speed (Arterial),Yes,41.47385833,-81.70226111,Non-Intersection,Daylight,Clear,4:00pm-4:59pm,42,4:00pm-4:59pm,51,Not Applicable (Not Transported),Not Applicable (Not Transported),1,Daylight,Clear,1,2,['Driver'],['None_Used'],0,0,Valid,0.0,0.0,52.0,50.0,"['Male', 'Male']",0,0,5,4,5,Dry,Straight,Level,Lowest,No
25925,39,Ohio,390821,0,2,2,0,2,NOT APPLICABLE,September,20,Wednesday,20,36,Rural,High Speed (Arterial),Yes,41.35213056,-83.59146944,Complex/Circle,Dark - Not Lighted,Clear,8:00pm-8:59pm,36,8:00pm-8:59pm,47,9:00pm-9:59pm,16,1,Dark - Unlighted,Clear,1,1,['Driver'],['None_Used'],0,0,Valid,1.0,0.0,80.0,55.0,"['Female', 'Male']",0,0,4,4,5,Dry,Straight,Level,Lowest,No
25926,39,Ohio,390822,0,2,2,0,5,NOT APPLICABLE,September,16,Saturday,2,33,Urban,High Speed (Arterial),Yes,41.03228333,-81.76512222,Non-Intersection,Dark - Not Lighted,Clear,2:00am-2:59am,39,2:00am-2:59am,45,4:00am-4:59am,40,1,Dark - Unlighted,Clear,1,4,['Driver'],['Shoulder_Lapbelt'],1,1,Invalid,0.0,0.0,29.0,26.0,"['Male', 'Male']",0,0,3,4,5,Dry,Straight,Level,Lowest,No
25927,39,Ohio,390823,0,2,2,0,2,TOLEDO,September,24,Sunday,2,15,Urban,High Speed (Arterial),No,41.64143056,-83.53738056,Non-Intersection,Dark - Lighted,Clear,2:00am-2:59am,15,2:00am-2:59am,21,2:00am-2:59am,54,1,Dark - Lighted,Clear,1,1,['Driver'],['Shoulder_Lapbelt'],1,2,Valid,0.0,1.0,30.0,18.0,"['Male', 'Female']",0,0,3,4,5,Dry,Straight,Level,Lowest,No