,State_Code,State_Name,Crash_ID,Count_Non_Motorists,Count_Vehicles_Total,Count_Vehicle_Forms,Count_PVH_Involved,Count_Occupants_MV,City_Name,Month_Name,Day_of_Month,Day_of_Week,Crash_Hour,Crash_Minute,Area_Rural_Urban,Road_Functional_Class,On_NHS_Road,Latitude,Longitude,Intersection_Type,Light_Condition,Weather_Condition,Notif_Hour,Notif_Minute,Arrival_Hour,Arrival_Minute,Hospital_Hour,Hospital_Minute,Fatalities_Count,Clean_Light_Condition,Clean_Weather_Condition,Total_Killed,Total_Alive,Fatal_Seats_List,Killed_Restraint_List,Any_Driver_Drinking,Total_Drinking_Drivers,Driver_License_Category,Driver_Max_Prev_Accident_Count,Driver_Max_Prev_Speeding_Count,Max_Driver_Age,Min_Driver_Age,Driver_Sex_List,Total_Exceeding_Limit_Vehicles,Total_Too_Fast_Vehicles,Max_Vehicle_Type_Severity_5,Max_Vehicle_Damage_Rank,Max_Harmful_Event_Severity,Crash_Road_Surface_Condition,Crash_Horizontal_Alignment,Crash_Vertical_Profile,Crash_Impairment_Category,Crash_Vehicle_Defect
25928,39,Ohio,390824,0,2,2,0,2,COLUMBUS,September,22,Friday,17,14,Urban,High Speed (Arterial),No,40.06878889,-82.95228056,Complex/Circle,Daylight,Clear,5:00pm-5:59pm,15,5:00pm-5:59pm,19,Not Applicable (Not Transported),Not Applicable (Not Transported),1,Daylight,Clear,1,1,['Driver'],['None_Used'],0,0,Valid,0.0,0.0,27.0,18.0,"['Male', 'Male']",1,0,5,4,5,Dry,Straight,Grade/Hillcrest,Lowest,No
25929,39,Ohio,390825,0,1,1,0,1,RIVERSIDE,September,13,Wednesday,0,40,Urban,High Speed (Arterial),No,39.78079722,-84.116875,Non-Intersection,Dark - Not Lighted,Clear,0:00am-0:59am,40,0:00am-0:59am,45,1:00am-1:59am,1,1,Dark - Unlighted,Clear,1,0,['Driver'],['None_Used'],1,1,Valid,0.0,1.0,28.0,28.0,['Male'],1,0,5,4,2,Dry,Curve,Level,Lowest,No
25930,39,Ohio,390826,0,2,2,0,3,NOT APPLICABLE,September,4,Monday,14,4,Rural,Medium Speed (Collector),No,39.63810278,-82.22576667,Simple Junction,Daylight,Clear,2:00pm-2:59pm,4,2:00pm-2:59pm,12,3:00pm-3:59pm,8,1,Daylight,Clear,1,2,['Driver'],['None_Used'],0,0,Invalid,0.0,0.0,57.0,29.0,"['Female', 'Male']",0,0,5,4,5,Dry,Straight,Level,Lowest,No
25931,39,Ohio,390827,0,2,2,0,6,NOT APPLICABLE,September,16,Saturday,14,53,Urban,Medium Speed (Collector),No,41.42259167,-82.11914444,Complex/Circle,Daylight,Clear,2:00pm-2:59pm,53,2:00pm-2:59pm,56,3:00pm-3:59pm,15,1,Daylight,Clear,1,5,['Front_Passenger'],['Shoulder_Lapbelt'],0,0,Valid,0.0,0.0,79.0,25.0,"['Male', 'Male']",0,0,3,4,5,Dry,Straight,Level,Lowest,No
25932,39,Ohio,390828,0,2,2,0,2,NOT APPLICABLE,September,24,Sunday,17,28,Rural,Medium Speed (Collector),No,41.40815278,-83.68443333,Complex/Circle,Daylight,Clear,5:00pm-5:59pm,36,5:00pm-5:59pm,57,6:00pm-6:59pm,33,1,Daylight,Clear,1,1,['Driver'],['None_Used'],0,0,Valid,1.0,0.0,70.0,42.0,"['Female', 'Male']",0,0,5,4,5,Dry,Straight,Level,Lowest,No
25933,39,Ohio,390829,0,2,2,0,2,TROTWOOD,September,23,Saturday,22,21,Urban,Medium Speed (Collector),No,39.80314444,-84.25482778,Non-Intersection,Dark - Not Lighted,Clear,10:00pm-10:59pm,26,10:00pm-10:59pm,29,Not Applicable (Not Transported),Not Applicable (Not Transported),1,Dark - Unlighted,Clear,1,1,['Driver'],['None_Used'],1,1,Valid,1.0,1.0,30.0,22.0,"['Male', 'Female']",1,0,5,4,5,Dry,Straight,Level,Lowest,No
25934,39,Ohio,390830,0,2,2,0,4,NOT APPLICABLE,September,15,Friday,14,33,Rural,High Speed (Arterial),Yes,39.05476944,-83.12296111,Complex/Circle,Daylight,Clear,2:00pm-2:59pm,35,3:00pm-3:59pm,5,3:00pm-3:59pm,57,1,Daylight,Clear,1,3,['Driver'],['Shoulder_Lapbelt'],0,0,Valid,0.0,0.0,58.0,40.0,"['Female', 'Male']",0,0,4,4,5,Dry,Curve,Level,Lowest,No
25935,39,Ohio,390831,0,1,1,0,1,NOT APPLICABLE,September,18,Monday,23,40,Rural,Medium Speed (Collector),No,41.02624722,-81.05035278,Non-Intersection,Dark - Lighted,Clear,11:00pm-11:59pm,41,11:00pm-11:59pm,41,Not Applicable (Not Transported),Not Applicable (Not Transported),1,Dark - Lighted,Clear,1,0,['Driver'],['None_Used'],1,1,Valid,0.0,0.0,34.0,34.0,['Male'],1,0,3,4,3,Dry,Curve,Level,Lowest,No
25936,39,Ohio,390832,0,2,2,0,2,NOT APPLICABLE,September,19,Tuesday,15,21,Rural,Medium Speed (Collector),No,39.84530278,-82.19022778,Non-Intersection,Daylight,Clear,Unknown,Unknown,Unknown EMS Scene Arrival Hour,Unknown EMS Scene Arrival Minutes,Unknown,Unknown EMS Hospital Arrival Time,1,Daylight,Clear,1,1,['Driver'],['Shoulder_Lapbelt'],0,0,Invalid,0.0,1.0,47.0,40.0,"['Male', 'Male']",0,0,4,4,5,Dry,Straight,Level,Lowest,No
25937,39,Ohio,390833,0,1,1,0,1,NOT APPLICABLE,September,19,Tuesday,6,43,Rural,High Speed (Arterial),Yes,41.44331667,-83.62204167,Non-Intersection,Dawn,Clear,7:00am-7:59am,0,7:00am-7:59am,3,Not Applicable (Not Transported),Not Applicable (Not Transported),1,Twilight,Clear,1,0,['Driver'],['Shoulder_Lapbelt'],0,0,Valid,0.0,0.0,42.0,42.0,['Male'],1,0,2,4,3,Dry,Straight,Level,Lowest,No
25938,39,Ohio,390834,0,2,1,1,1,SANDUSKY,September,22,Friday,3,58,Urban,Low Speed (Local),No,41.44800833,-82.70303056,Non-Intersection,Dark - Lighted,Cloudy,4:00am-4:59am,0,4:00am-4:59am,2,4:00am-4:59am,21,1,Dark - Lighted,Reduced Visibility,1,0,['Driver'],['Shoulder_Lapbelt'],0,0,Valid,1.0,0.0,43.0,43.0,['Female'],1,0,2,4,5,Dry,Straight,Level,Lowest,No
25939,39,Ohio,390835,0,1,1,0,1,NOT APPLICABLE,September,14,Thursday,1,30,Rural,High Speed (Arterial),Yes,39.42389167,-84.09086667,Non-Intersection,Dark - Not Lighted,Clear,Not Applicable (Not Notified),Not Applicable (Not Notified),Not Applicable,Not Applicable,Not Applicable (Not Transported),Not Applicable (Not Transported),1,Dark - Unlighted,Clear,1,0,['Driver'],['None_Used'],1,1,Invalid,0.0,2.0,42.0,42.0,['Male'],0,0,2,4,3,Dry,Straight,Grade/Hillcrest,Lowest,No
25940,39,Ohio,390836,0,3,3,0,3,NOT APPLICABLE,September,21,Thursday,6,7,Urban,High Speed (Arterial),Yes,39.94468056,-84.18903611,Non-Intersection,Dark - Not Lighted,Clear,6:00am-6:59am,6,6:00am-6:59am,17,6:00am-6:59am,40,1,Dark - Unlighted,Clear,1,2,['Driver'],['None_Used'],0,0,Valid,0.0,0.0,57.0,26.0,"['Male', 'Female', 'Male']",0,0,4,4,5,Dry,Straight,Grade/Hillcrest,Lowest,No
25941,39,Ohio,390837,0,2,2,0,2,NOT APPLICABLE,September,20,Wednesday,16,56,Rural,High Speed (Arterial),Yes,39.54467778,-82.44855,Non-Intersection,Daylight,Clear,4:00pm-4:59pm,58,5:00pm-5:59pm,3,Not Applicable (Not Transported),Not Applicable (Not Transported),1,Daylight,Clear,1,1,['Driver'],['Shoulder_Lapbelt'],1,1,Valid,0.0,0.0,65.0,35.0,"['Female', 'Male']",1,0,4,4,5,Dry,Curve,Level,Lowest,No
25942,39,Ohio,390838,0,2,2,0,2,NOT APPLICABLE,September,28,Thursday,15,52,Rural,Medium Speed (Collector),No,41.03201667,-81.27583333,Complex/Circle,Daylight,Rain,3:00pm-3:59pm,56,3:00pm-3:59pm,59,4:00pm-4:59pm,24,1,Daylight,Rain/Wind/Minor,1,1,['Driver'],['None_Used'],0,0,Valid,1.0,1.0,44.0,42.0,"['Female', 'Male']",0,0,4,4,5,Wet/Standing Water,Straight,Level,Lowest,No
25943,39,Ohio,390839,0,2,2,0,2,LANCASTER,September,5,Tuesday,11,8,Urban,Medium Speed (Collector),No,39.73768333,-82.64428889,Non-Intersection,Daylight,Clear,11:00am-11:59am,9,11:00am-11:59am,14,11:00am-11:59am,47,1,Daylight,Clear,1,1,['Driver'],['Shoulder_Lapbelt'],0,0,Valid,0.0,0.0,84.0,56.0,"['Female', 'Female']",0,0,3,4,5,Dry,Straight,Grade/Hillcrest,Lowest,No
25944,39,Ohio,390840,0,1,1,0,4,NOT APPLICABLE,September,7,Thursday,17,33,Rural,High Speed (Arterial),Yes,39.94135278,-83.52655556,Non-Intersection,Daylight,Clear,5:00pm-5:59pm,38,5:00pm-5:59pm,54,6:00pm-6:59pm,14,1,Daylight,Clear,1,3,['Front_Passenger'],['None_Used'],0,0,Invalid,1.0,0.0,45.0,45.0,['Male'],4,0,3,4,3,Dry,Straight,Level,Lowest,No
25945,39,Ohio,390841,0,2,2,0,2,DAYTON,September,6,Wednesday,22,45,Urban,High Speed (Arterial),No,39.8133,-84.1306,Non-Intersection,Dark - Lighted,Cloudy,10:00pm-10:59pm,50,10:00pm-10:59pm,55,11:00pm-11:59pm,13,1,Dark - Lighted,Reduced Visibility,1,1,['Driver'],['None_Used'],0,0,Valid,2.0,2.0,61.0,41.0,"['Male', 'Male']",1,0,5,4,5,Dry,Curve,Level,Lowest,No
25946,39,Ohio,390842,0,1,1,0,1,CLEVELAND,August,17,Thursday,15,20,Urban,Low Speed (Local),No,41.48463611,-81.66010556,Non-Intersection,Daylight,Clear,3:00pm-3:59pm,24,3:00pm-3:59pm,27,Not Applicable (Not Transported),Not Applicable (Not Transported),1,Daylight,Clear,1,0,['Driver'],['Shoulder_Lapbelt'],0,0,Invalid,1.0,0.0,60.0,60.0,['Male'],0,0,2,4,2,Dry,Curve,Level,Lowest,No
25947,39,Ohio,390843,0,2,2,0,3,CINCINNATI,September,26,Tuesday,20,54,Urban,Medium Speed (Collector),No,39.12821111,-84.56108889,Non-Intersection,Dark - Lighted,Rain,9:00pm-9:59pm,1,9:00pm-9:59pm,9,9:00pm-9:59pm,24,1,Dark - Lighted,Rain/Wind/Minor,1,2,['Driver'],['Shoulder_Lapbelt'],1,1,Invalid,3.0,0.0,73.0,40.0,"['Male', 'Female']",0,0,3,4,5,Wet/Standing Water,Curve,Grade/Hillcrest,Lowest,No
25948,39,Ohio,390844,0,2,2,0,2,COLUMBUS,October,1,Sunday,9,44,Urban,High Speed (Arterial),Yes,40.01237222,-82.90160278,Non-Intersection,Daylight,Clear,9:00am-9:59am,46,9:00am-9:59am,52,10:00am-10:59am,8,1,Daylight,Clear,1,1,['Driver'],['Shoulder_Lapbelt'],0,0,Valid,1.0,0.0,88.0,39.0,"['Male', 'Male']",0,0,2,4,5,Dry,Curve,Level,Lowest,No
25949,39,Ohio,390845,0,1,1,0,2,TOLEDO,September,30,Saturday,3,39,Urban,High Speed (Arterial),No,41.65295,-83.59486111,Complex/Circle,Dark - Lighted,"Fog, Smog, Smoke",3:00am-3:59am,41,3:00am-3:59am,46,Not Applicable (Not Transported),Not Applicable (Not Transported),1,Dark - Lighted,Reduced Visibility,1,1,['Driver'],['Shoulder_Lapbelt'],1,1,Invalid,1.0,1.0,41.0,41.0,['Male'],2,0,2,4,3,Dry,Straight,Level,Lowest,No
25950,39,Ohio,390846,0,2,2,0,3,GERMANTOWN,August,8,Tuesday,16,14,Urban,High Speed (Arterial),Yes,39.62505833,-84.35705,Complex/Circle,Daylight,Clear,4:00pm-4:59pm,14,4:00pm-4:59pm,18,4:00pm-4:59pm,31,1,Daylight,Clear,1,2,['Driver'],['None_Used'],0,0,Valid,1.0,1.0,52.0,20.0,"['Male', 'Male']",0,0,5,4,5,Dry,Straight,Level,Lowest,No
25951,39,Ohio,390847,0,2,2,0,4,COLUMBUS,September,30,Saturday,22,41,Urban,High Speed (Arterial),Yes,39.97816111,-82.85283056,Non-Intersection,Dark - Lighted,Clear,10:00pm-10:59pm,43,10:00pm-10:59pm,50,Not Applicable (Not Transported),Not Applicable (Not Transported),1,Dark - Lighted,Clear,1,3,['Driver'],['None_Used'],1,1,Valid,0.0,1.0,52.0,28.0,"['Male', 'Male']",1,0,5,4,5,Dry,Straight,Level,Lowest,No
25952,39,Ohio,390848,0,1,1,0,2,AKRON,August,5,Saturday,3,15,Urban,Low Speed (Local),No,41.06518611,-81.45669722,Simple Junction,Dark - Lighted,Clear,3:00am-3:59am,18,3:00am-3:59am,24,3:00am-3:59am,42,1,Dark - Lighted,Clear,1,1,['Rear_Seat'],['None_Used'],0,0,Valid,1.0,0.0,50.0,50.0,['Male'],2,0,5,4,3,Dry,Curve,Grade/Hillcrest,Lowest,No
25953,39,Ohio,390849,0,2,2,0,5,AKRON,August,29,Tuesday,23,34,Urban,Medium Speed (Collector),No,41.06263333,-81.48115,Complex/Circle,Dark - Lighted,Cloudy,11:00pm-11:59pm,34,11:00pm-11:59pm,39,11:00pm-11:59pm,54,1,Dark - Lighted,Reduced Visibility,1,4,['Front_Passenger'],['None_Used'],0,0,Valid,0.0,1.0,46.0,18.0,"['Male', 'Male']",4,0,3,4,5,Dry,Straight,Level,Lowest,No
25954,39,Ohio,390850,0,1,1,0,2,NOT APPLICABLE,September,17,Sunday,8,50,Rural,Medium Speed (Collector),No,39.51701389,-82.15527222,Non-Intersection,Daylight,Rain,8:00am-8:59am,50,8:00am-8:59am,57,Not Applicable (Not Transported),Not Applicable (Not Transported),1,Daylight,Rain/Wind/Minor,1,1,['Front_Passenger'],['None_Used'],1,1,Valid,0.0,0.0,32.0,32.0,['Male'],2,0,3,4,3,Wet/Standing Water,Curve,Grade/Hillcrest,Lowest,No
25955,39,Ohio,390851,0,1,1,0,2,AKRON,September,14,Thursday,22,18,Urban,Medium Speed (Collector),No,41.06035278,-81.58674167,Non-Intersection,Dark - Lighted,Clear,10:00pm-10:59pm,18,10:00pm-10:59pm,23,10:00pm-10:59pm,50,1,Dark - Lighted,Clear,1,1,['Front_Passenger'],['None_Used'],1,1,Invalid,3.0,2.0,35.0,35.0,['Female'],2,0,2,4,3,Dry,Curve,Grade/Hillcrest,Lowest,No
25956,39,Ohio,390852,0,1,1,0,1,NOT APPLICABLE,September,22,Friday,5,14,Urban,Medium Speed (Collector),No,40.8115,-81.44511944,Non-Intersection,Dark - Not Lighted,Clear,5:00am-5:59am,14,5:00am-5:59am,27,Not Applicable (Not Transported),Not Applicable (Not Transported),1,Dark - Unlighted,Clear,1,0,['Driver'],['None_Used'],1,1,Invalid,0.0,0.0,35.0,35.0,['Male'],0,0,2,4,3,Dry,Straight,Grade/Hillcrest,Lowest,No
25957,39,Ohio,390853,0,2,2,0,3,WASHINGTON COURT HOUSE,September,21,Thursday,6,43,Urban,Medium Speed (Collector),No,39.53225556,-83.44661389,Complex/Circle,Dark - Lighted,Clear,6:00am-6:59am,45,6:00am-6:59am,49,7:00am-7:59am,1,1,Dark - Lighted,Clear,1,2,['Driver'],['None_Used'],0,0,Valid,0.0,0.0,68.0,28.0,"['Male', 'Male']",0,0,5,4,5,Dry,Straight,Level,Lowest,No
25958,39,Ohio,390854,0,1,1,0,1,NOT APPLICABLE,September,23,Saturday,16,12,Rural,Medium Speed (Collector),No,38.92386111,-83.04633056,Non-Intersection,Daylight,Clear,4:00pm-4:59pm,12,4:00pm-4:59pm,21,Not Applicable (Not Transported),Not Applicable (Not Transported),1,Daylight,Clear,1,0,['Driver'],['None_Used'],1,1,Invalid,1.0,0.0,48.0,48.0,['Male'],0,0,5,4,3,Dry,Straight,Level,Lowest,No
25959,39,Ohio,390855,0,1,1,0,1,NOT APPLICABLE,September,25,Monday,16,21,Rural,Low Speed (Local),No,41.16800833,-82.64792222,Non-Intersection,Daylight,Cloudy,4:00pm-4:59pm,21,4:00pm-4:59pm,31,Not Applicable (Not Transported),Not Applicable (Not Transported),1,Daylight,Reduced Visibility,1,0,['Driver'],['None_Used'],0,0,Invalid,2.0,0.0,81.0,81.0,['Female'],0,0,3,4,3,Dry,Straight,Grade/Hillcrest,Lowest,No
25960,39,Ohio,390856,0,2,2,0,4,NOT APPLICABLE,September,26,Tuesday,0,30,Rural,Medium Speed (Collector),No,41.56257222,-81.05191667,Complex/Circle,Dark - Not Lighted,Clear,0:00am-0:59am,55,1:00am-1:59am,1,1:00am-1:59am,52,1,Dark - Unlighted,Clear,1,3,['Non_Standard_Risk'],['Shoulder_Lapbelt'],1,1,Valid,1.0,0.0,48.0,36.0,"['Male', 'Male']",0,0,3,4,3,Dry,Straight,Grade/Hillcrest,Lowest,No
25961,39,Ohio,390857,0,3,3,0,6,NOT APPLICABLE,August,31,Thursday,14,27,Rural,High Speed (Arterial),Yes,40.02608333,-83.30294722,Simple Junction,Daylight,Clear,2:00pm-2:59pm,26,2:00pm-2:59pm,39,3:00pm-3:59pm,20,1,Daylight,Clear,1,5,['Front_Passenger'],['Shoulder_Lapbelt'],0,0,Valid,0.0,0.0,70.0,35.0,"['Male', 'Female', 'Female']",0,0,4,4,5,Dry,Straight,Level,Lowest,No
25962,39,Ohio,390858,0,4,4,0,6,NOT APPLICABLE,September,28,Thursday,16,27,Urban,High Speed (Arterial),No,39.32030833,-84.36552778,Simple Junction,Daylight,Clear,4:00pm-4:59pm,36,4:00pm-4:59pm,41,5:00pm-5:59pm,1,1,Daylight,Clear,1,5,['Driver'],['Shoulder_Lapbelt'],0,0,Valid,2.0,0.0,75.0,21.0,"['Female', 'Female', 'Female', 'Male']",0,0,3,4,5,Dry,Straight,Grade/Hillcrest,Lowest,No
25963,39,Ohio,390859,0,1,1,0,1,NOT APPLICABLE,September,23,Saturday,6,58,Rural,High Speed (Arterial),Yes,41.02863333,-82.280725,Non-Intersection,Dawn,Clear,7:00am-7:59am,0,7:00am-7:59am,12,7:00am-7:59am,40,1,Twilight,Clear,1,0,['Driver'],['None_Used'],1,1,Invalid,0.0,0.0,57.0,57.0,['Male'],0,0,2,4,3,Dry,Straight,Level,Lowest,Yes
25964,39,Ohio,390860,0,2,2,0,3,NOT APPLICABLE,September,28,Thursday,16,30,Rural,Medium Speed (Collector),No,40.76217778,-81.93185,Non-Intersection,Daylight,Cloudy,4:00pm-4:59pm,30,4:00pm-4:59pm,36,Not Applicable (Not Transported),Not Applicable (Not Transported),2,Daylight,Reduced Visibility,2,1,"['Driver', 'Front_Passenger']","['Shoulder_Lapbelt', 'Shoulder_Lapbelt']",0,0,Valid,0.0,1.0,56.0,20.0,"['Male', 'Female']",0,0,3,4,5,Wet/Standing Water,Curve,Grade/Hillcrest,Lowest,No
25965,39,Ohio,390861,0,1,1,0,1,NOT APPLICABLE,September,30,Saturday,15,18,Rural,Medium Speed (Collector),No,40.63095278,-82.98602778,Non-Intersection,Daylight,Clear,3:00pm-3:59pm,21,3:00pm-3:59pm,31,3:00pm-3:59pm,57,1,Daylight,Clear,1,0,['Driver'],['None_Used'],0,0,Valid,0.0,1.0,48.0,48.0,['Male'],0,0,3,4,3,Dry,Curve,Level,Lowest,No
25966,39,Ohio,390862,0,1,1,0,1,NOT APPLICABLE,September,30,Saturday,21,38,Rural,Low Speed (Local),No,39.84806111,-83.36373333,Non-Intersection,Dark - Not Lighted,Cloudy,9:00pm-9:59pm,42,9:00pm-9:59pm,53,Not Applicable (Not Transported),Not Applicable (Not Transported),1,Dark - Unlighted,Reduced Visibility,1,0,['Driver'],['None_Used'],1,1,Valid,0.0,1.0,32.0,32.0,['Male'],0,0,5,4,1,Dry,Straight,Grade/Hillcrest,Lowest,No
25967,39,Ohio,390863,0,2,2,0,2,NOT APPLICABLE,October,2,Monday,14,56,Rural,Low Speed (Local),No,40.29151667,-82.32774167,Non-Intersection,Daylight,Clear,2:00pm-2:59pm,56,3:00pm-3:59pm,3,3:00pm-3:59pm,21,1,Daylight,Clear,1,1,['Driver'],['None_Used'],0,0,Valid,1.0,0.0,76.0,59.0,"['Male', 'Male']",0,0,5,4,5,Dry,Straight,Grade/Hillcrest,Lowest,No
25968,39,Ohio,390864,0,2,2,0,2,CLEVELAND,October,4,Wednesday,15,59,Urban,High Speed (Arterial),Yes,41.50125833,-81.56057778,Complex/Circle,Daylight,Clear,4:00pm-4:59pm,0,4:00pm-4:59pm,5,4:00pm-4:59pm,19,1,Daylight,Clear,1,1,['Driver'],['None_Used'],0,0,Valid,1.0,1.0,56.0,38.0,"['Male', 'Male']",0,0,5,3,5,Dry,Straight,Level,Lowest,No
25969,39,Ohio,390865,1,1,1,0,1,SPRINGFIELD,October,3,Tuesday,7,27,Urban,Low Speed (Local),No,39.91290556,-83.80865,Non-Intersection,Dawn,Clear,7:00am-7:59am,29,7:00am-7:59am,35,7:00am-7:59am,51,1,Twilight,Clear,0,1,[],[],0,0,Valid,0.0,0.0,39.0,39.0,['Female'],0,0,3,3,4,Dry,Straight,Level,Lowest,No
25970,39,Ohio,390866,0,2,2,0,2,COLUMBUS,October,3,Tuesday,22,35,Urban,Medium Speed (Collector),No,39.99423889,-82.9915,Simple Junction,Dark - Lighted,Clear,10:00pm-10:59pm,36,10:00pm-10:59pm,41,Not Applicable (Not Transported),Not Applicable (Not Transported),1,Dark - Lighted,Clear,1,1,['Driver'],['None_Used'],0,0,Valid,0.0,0.0,58.0,31.0,"['Male', 'Male']",0,0,5,4,5,Dry,Straight,Level,Lowest,No
25971,39,Ohio,390867,0,1,1,0,1,MIDDLETOWN,September,29,Friday,7,41,Urban,High Speed (Arterial),Yes,39.53917778,-84.36475833,Non-Intersection,Dark - Not Lighted,Rain,Unknown,Unknown,Unknown EMS Scene Arrival Hour,Unknown EMS Scene Arrival Minutes,Not Applicable (Not Transported),Not Applicable (Not Transported),1,Dark - Unlighted,Rain/Wind/Minor,1,0,['Driver'],['Shoulder_Lapbelt'],1,1,Valid,0.0,0.0,72.0,72.0,['Male'],1,0,2,4,3,Wet/Standing Water,Curve,Level,Lowest,No
25972,39,Ohio,390868,0,1,1,0,1,NOT APPLICABLE,October,6,Friday,6,52,Rural,Medium Speed (Collector),No,39.54494722,-84.67314444,Non-Intersection,Dark - Not Lighted,"Fog, Smog, Smoke",Unknown,Unknown if Notified,Unknown EMS Scene Arrival Hour,Unknown if Arrived,Not Applicable (Not Transported),Not Applicable (Not Transported),1,Dark - Unlighted,Reduced Visibility,1,0,['Driver'],['Shoulder_Lapbelt'],0,0,Invalid,0.0,2.0,24.0,24.0,['Male'],0,0,2,4,3,Wet/Standing Water,Curve,Level,Lowest,No
25973,39,Ohio,390869,0,2,2,0,2,MENTOR,October,6,Friday,10,19,Urban,Medium Speed (Collector),No,41.65176389,-81.36479167,Non-Intersection,Daylight,Cloudy,10:00am-10:59am,22,10:00am-10:59am,29,10:00am-10:59am,45,1,Daylight,Reduced Visibility,1,1,['Driver'],['None_Used'],0,0,Valid,1.0,0.0,65.0,56.0,"['Male', 'Male']",0,0,3,4,5,Dry,Straight,Level,Lowest,No
25974,39,Ohio,390870,0,1,1,0,2,NOT APPLICABLE,October,1,Sunday,12,32,Rural,Medium Speed (Collector),No,40.35880556,-83.09826944,Non-Intersection,Daylight,Clear,12:00pm-12:59pm,31,12:00pm-12:59pm,37,1:00pm-1:59pm,21,1,Daylight,Clear,1,1,['Driver'],['Shoulder_Lapbelt'],1,1,Valid,0.0,0.0,47.0,47.0,['Female'],0,0,2,4,3,Dry,Curve,Grade/Hillcrest,Lowest,No
25975,39,Ohio,390871,1,1,1,0,1,NOT APPLICABLE,October,2,Monday,19,42,Urban,Low Speed (Local),No,39.03981389,-82.63704444,Non-Intersection,Dark - Not Lighted,Clear,7:00pm-7:59pm,32,7:00pm-7:59pm,36,8:00pm-8:59pm,5,1,Dark - Unlighted,Clear,0,1,[],[],0,0,Valid,0.0,1.0,32.0,32.0,['Female'],0,0,3,3,4,Dry,Straight,Level,Lowest,No
25976,39,Ohio,390872,0,2,2,0,2,CLEVELAND,October,2,Monday,8,36,Urban,Medium Speed (Collector),No,41.451775,-81.69011111,Simple Junction,Daylight,Clear,8:00am-8:59am,38,8:00am-8:59am,48,9:00am-9:59am,3,1,Daylight,Clear,1,1,['Driver'],['Shoulder_Lapbelt'],0,0,Valid,0.0,0.0,63.0,42.0,"['Male', 'Male']",0,0,4,4,5,Dry,Straight,Level,Lowest,No
25977,39,Ohio,390873,0,1,1,0,1,MAPLE HEIGHTS,August,5,Saturday,2,53,Urban,High Speed (Arterial),Yes,41.40221111,-81.55701667,Non-Intersection,Dark - Lighted,Cloudy,2:00am-2:59am,55,3:00am-3:59am,1,3:00am-3:59am,30,1,Dark - Lighted,Reduced Visibility,1,0,['Driver'],['None_Used'],1,1,Valid,0.0,0.0,27.0,27.0,['Male'],0,0,5,3,3,Dry,Curve,Level,Lowest,No
25978,39,Ohio,390874,0,1,1,0,1,NOT APPLICABLE,October,4,Wednesday,12,36,Rural,High Speed (Arterial),Yes,39.19826389,-82.97834722,Non-Intersection,Daylight,Clear,12:00pm-12:59pm,33,12:00pm-12:59pm,45,Not Applicable (Not Transported),Not Applicable (Not Transported),1,Daylight,Clear,1,0,['Driver'],['None_Used'],0,0,Valid,0.0,0.0,29.0,29.0,['Male'],0,0,3,4,3,Dry,Straight,Grade/Hillcrest,Lowest,No
25979,39,Ohio,390875,0,3,3,0,4,Other,October,3,Tuesday,12,24,Urban,High Speed (Arterial),Yes,40.97348333,-81.56371111,Non-Intersection,Daylight,Clear,12:00pm-12:59pm,25,12:00pm-12:59pm,27,12:00pm-12:59pm,47,2,Daylight,Clear,2,2,"['Driver', 'Rear_Seat']","['None_Used', 'None_Used']",0,0,Valid,0.0,1.0,66.0,53.0,"['Male', 'Female', 'Male']",0,0,5,4,5,Dry,Straight,Grade/Hillcrest,Lowest,No
25980,39,Ohio,390876,0,1,1,0,4,NOT APPLICABLE,October,5,Thursday,16,55,Urban,High Speed (Arterial),Yes,39.81250556,-84.22738056,Complex/Circle,Daylight,Rain,5:00pm-5:59pm,37,5:00pm-5:59pm,43,6:00pm-6:59pm,0,1,Daylight,Rain/Wind/Minor,1,3,['Rear_Seat'],['Child_Safety'],0,0,Valid,0.0,0.0,21.0,21.0,['Female'],0,0,2,4,3,Wet/Standing Water,Straight,Level,Lowest,No
25981,39,Ohio,390877,0,2,2,0,6,CLEVELAND,August,3,Thursday,20,33,Urban,High Speed (Arterial),Yes,41.43897222,-81.70695278,Simple Junction,Daylight,Clear,8:00pm-8:59pm,36,8:00pm-8:59pm,40,9:00pm-9:59pm,1,1,Daylight,Clear,1,5,['Front_Passenger'],['Lapbelt_Only'],0,0,Invalid,2.0,0.0,21.0,16.0,"['Male', 'Female']",4,0,2,4,5,Dry,Straight,Level,Lowest,No
25982,39,Ohio,390878,0,3,3,0,4,CLEVELAND,August,13,Sunday,0,23,Urban,Medium Speed (Collector),No,41.4917,-81.65157222,Simple Junction,Dark - Lighted,Cloudy,0:00am-0:59am,26,0:00am-0:59am,32,Not Applicable (Not Transported),Not Applicable (Not Transported),1,Dark - Lighted,Reduced Visibility,1,3,['Driver'],['None_Used'],0,0,Invalid,1.0,2.0,30.0,20.0,"['Male', 'Female', 'Female']",2,0,5,4,5,Dry,Straight,Level,Lowest,No
25983,39,Ohio,390879,0,1,1,0,1,NOT APPLICABLE,October,1,Sunday,19,25,Rural,Medium Speed (Collector),No,38.72580556,-83.15736667,Non-Intersection,Dusk,Clear,7:00pm-7:59pm,21,7:00pm-7:59pm,40,Not Applicable (Not Transported),Not Applicable (Not Transported),1,Twilight,Clear,1,0,['Driver'],['None_Used'],0,0,Valid,0.0,0.0,44.0,44.0,['Female'],0,0,3,4,3,Dry,Straight,Level,Lowest,No
25984,39,Ohio,390880,0,2,2,0,2,MOUNT ORAB,September,29,Friday,9,43,Rural,High Speed (Arterial),Yes,39.04621667,-83.93989167,Complex/Circle,Daylight,"Fog, Smog, Smoke",9:00am-9:59am,41,9:00am-9:59am,48,Not Applicable (Not Transported),Not Applicable (Not Transported),1,Daylight,Reduced Visibility,1,1,['Driver'],['Shoulder_Lapbelt'],0,0,Valid,2.0,1.0,73.0,63.0,"['Male', 'Female']",0,0,4,4,5,Dry,Straight,Level,Lowest,No
25985,39,Ohio,390881,0,1,1,0,1,NOT APPLICABLE,October,1,Sunday,6,10,Urban,High Speed (Arterial),No,41.52209722,-83.717875,Complex/Circle,Dark - Not Lighted,"Fog, Smog, Smoke",6:00am-6:59am,11,6:00am-6:59am,21,6:00am-6:59am,42,1,Dark - Unlighted,Reduced Visibility,1,0,['Driver'],['None_Used'],1,1,Invalid,0.0,2.0,21.0,21.0,['Male'],0,0,5,4,3,Wet/Standing Water,Straight,Level,Lowest,No