,State_Code,State_Name,Crash_ID,Count_Non_Motorists,Count_Vehicles_Total,Count_Vehicle_Forms,Count_PVH_Involved,Count_Occupants_MV,City_Name,Month_Name,Day_of_Month,Day_of_Week,Crash_Hour,Crash_Minute,Area_Rural_Urban,Road_Functional_Class,On_NHS_Road,Latitude,Longitude,Intersection_Type,Light_Condition,Weather_Condition,Notif_Hour,Notif_Minute,Arrival_Hour,Arrival_Minute,Hospital_Hour,Hospital_Minute,Fatalities_Count,Clean_Light_Condition,Clean_Weather_Condition,Total_Killed,Total_Alive,Fatal_Seats_List,Killed_Restraint_List,Any_Driver_Drinking,Total_Drinking_Drivers,Driver_License_Category,Driver_Max_Prev_Accident_Count,Driver_Max_Prev_Speeding_Count,Max_Driver_Age,Min_Driver_Age,Driver_Sex_List,Total_Exceeding_Limit_Vehicles,Total_Too_Fast_Vehicles,Max_Vehicle_Type_Severity_5,Max_Vehicle_Damage_Rank,Max_Harmful_Event_Severity,Crash_Road_Surface_Condition,Crash_Horizontal_Alignment,Crash_Vertical_Profile,Crash_Impairment_Category,Crash_Vehicle_Defect
25986,39,Ohio,390882,0,1,1,0,3,NOT APPLICABLE,October,1,Sunday,1,29,Rural,Low Speed (Local),No,40.08671111,-81.73073056,Non-Intersection,Dark - Not Lighted,Clear,0:00am-0:59am,0,0:00am-0:59am,0,Not Applicable (Not Transported),Not Applicable (Not Transported),1,Dark - Unlighted,Clear,1,2,['Non_Standard_Risk'],['None_Used'],1,1,Valid,0.0,0.0,35.0,35.0,['Female'],0,0,5,3,3,Loose/Unpaved,Curve,Grade/Hillcrest,Lowest,No
25987,39,Ohio,390883,0,1,1,0,1,NOT APPLICABLE,September,29,Friday,23,5,Rural,Medium Speed (Collector),No,40.39923889,-81.07895,Non-Intersection,Dark - Not Lighted,Clear,Unknown,Unknown,Unknown EMS Scene Arrival Hour,Unknown EMS Scene Arrival Minutes,Unknown,Unknown EMS Hospital Arrival Time,1,Dark - Unlighted,Clear,1,0,['Driver'],['None_Used'],1,1,Valid,0.0,0.0,62.0,62.0,['Male'],0,0,5,4,3,Dry,Curve,Level,Lowest,No
25988,39,Ohio,390884,0,2,2,0,2,NOT APPLICABLE,September,29,Friday,19,18,Rural,High Speed (Arterial),Yes,39.594375,-83.65526667,Non-Intersection,Dusk,Clear,7:00pm-7:59pm,19,7:00pm-7:59pm,30,Not Applicable (Not Transported),Not Applicable (Not Transported),1,Twilight,Clear,1,1,['Driver'],['Shoulder_Lapbelt'],0,0,Valid,0.0,2.0,43.0,24.0,"['Female', 'Male']",0,0,4,4,5,Dry,Straight,Level,Lowest,Yes
25989,39,Ohio,390885,0,1,1,0,2,NOT APPLICABLE,October,2,Monday,17,45,Rural,Medium Speed (Collector),No,40.79738333,-81.17340278,Non-Intersection,Daylight,Clear,5:00pm-5:59pm,45,5:00pm-5:59pm,56,6:00pm-6:59pm,19,1,Daylight,Clear,1,1,['Rear_Seat'],['None_Used'],0,0,Valid,1.0,1.0,68.0,68.0,['Male'],0,0,5,4,2,Dry,Curve,Grade/Hillcrest,Lowest,No
25990,39,Ohio,390886,0,1,1,0,1,NOT APPLICABLE,October,4,Wednesday,0,41,Rural,Low Speed (Local),No,40.24581944,-81.61259167,Non-Intersection,Dark - Not Lighted,Clear,0:00am-0:59am,49,1:00am-1:59am,41,Not Applicable (Not Transported),Not Applicable (Not Transported),1,Dark - Unlighted,Clear,1,0,['Driver'],['None_Used'],1,1,Valid,1.0,0.0,43.0,43.0,['Female'],1,0,3,4,3,Dry,Curve,Grade/Hillcrest,Lowest,No
25991,39,Ohio,390887,0,1,1,0,1,NOT APPLICABLE,October,4,Wednesday,2,2,Urban,Medium Speed (Collector),No,40.73385833,-82.48575556,Non-Intersection,Dark - Not Lighted,Clear,2:00am-2:59am,2,2:00am-2:59am,8,Not Applicable (Not Transported),Not Applicable (Not Transported),1,Dark - Unlighted,Clear,1,0,['Driver'],['None_Used'],1,1,Valid,1.0,1.0,23.0,23.0,['Male'],1,0,5,4,2,Dry,Curve,Grade/Hillcrest,Lowest,No
25992,39,Ohio,390888,0,2,2,0,2,NOT APPLICABLE,October,5,Thursday,20,34,Urban,High Speed (Arterial),No,41.52346389,-83.73853333,Non-Intersection,Dark - Not Lighted,Rain,8:00pm-8:59pm,42,8:00pm-8:59pm,51,9:00pm-9:59pm,24,1,Dark - Unlighted,Rain/Wind/Minor,1,1,['Driver'],['Shoulder_Lapbelt'],1,1,Valid,0.0,0.0,58.0,56.0,"['Male', 'Male']",0,0,3,4,5,Wet/Standing Water,Curve,Grade/Hillcrest,Lowest,No
25993,39,Ohio,390889,0,2,2,0,4,NOT APPLICABLE,October,5,Thursday,17,20,Rural,High Speed (Arterial),Yes,40.83519444,-84.20519722,Complex/Circle,Daylight,Rain,5:00pm-5:59pm,22,5:00pm-5:59pm,28,6:00pm-6:59pm,4,1,Daylight,Rain/Wind/Minor,1,3,['Driver'],['Shoulder_Lapbelt'],0,0,Valid,2.0,0.0,77.0,28.0,"['Male', 'Male']",0,0,3,4,5,Dry,Straight,Level,Lowest,No
25994,39,Ohio,390890,0,2,2,0,3,HEATH,October,11,Wednesday,17,14,Urban,High Speed (Arterial),Yes,40.03115,-82.43811111,Non-Intersection,Daylight,Clear,5:00pm-5:59pm,14,5:00pm-5:59pm,19,5:00pm-5:59pm,33,1,Daylight,Clear,1,2,['Driver'],['None_Used'],0,0,Valid,2.0,0.0,40.0,19.0,"['Female', 'Male']",0,0,5,4,5,Dry,Straight,Level,Lowest,No
25995,39,Ohio,390891,0,2,2,0,2,NOT APPLICABLE,October,11,Wednesday,21,35,Urban,High Speed (Arterial),Yes,39.81996111,-84.17978889,Complex/Circle,Dark - Not Lighted,Clear,9:00pm-9:59pm,39,9:00pm-9:59pm,43,10:00pm-10:59pm,9,1,Dark - Unlighted,Clear,1,1,['Driver'],['None_Used'],0,0,Invalid,1.0,0.0,47.0,44.0,"['Male', 'Male']",0,0,5,4,5,Dry,Straight,Level,Lowest,Yes
25996,39,Ohio,390892,0,2,2,0,4,NOT APPLICABLE,May,19,Friday,18,42,Rural,Medium Speed (Collector),No,41.07505556,-81.24332222,Non-Intersection,Daylight,Clear,6:00pm-6:59pm,57,7:00pm-7:59pm,1,7:00pm-7:59pm,32,1,Daylight,Clear,1,3,['Front_Passenger'],['None_Used'],1,1,Valid,0.0,0.0,55.0,43.0,"['Female', 'Male']",2,0,3,4,5,Dry,Straight,Level,Lowest,No
25997,39,Ohio,390893,0,2,2,0,3,BATAVIA,September,12,Tuesday,12,58,Urban,High Speed (Arterial),Yes,39.079525,-84.13515833,Complex/Circle,Daylight,Cloudy,12:00pm-12:59pm,58,1:00pm-1:59pm,1,1:00pm-1:59pm,48,1,Daylight,Reduced Visibility,1,2,['Driver'],['Shoulder_Lapbelt'],0,0,Valid,0.0,2.0,46.0,37.0,"['Male', 'Female']",0,0,3,4,5,Wet/Standing Water,Straight,Level,Lowest,No
25998,39,Ohio,390894,0,1,1,0,1,NOT APPLICABLE,October,4,Wednesday,20,27,Rural,Low Speed (Local),No,41.5285,-84.58820278,Non-Intersection,Dark - Not Lighted,Cloudy,8:00pm-8:59pm,31,8:00pm-8:59pm,43,9:00pm-9:59pm,15,1,Dark - Unlighted,Reduced Visibility,1,0,['Driver'],['None_Used'],0,0,Valid,0.0,2.0,48.0,48.0,['Male'],0,0,5,3,1,Dry,Straight,Level,Lowest,No
25999,39,Ohio,390897,0,1,1,0,1,CLEVELAND,October,6,Friday,2,21,Urban,Low Speed (Local),No,41.47066667,-81.66328889,Non-Intersection,Dark - Lighted,Rain,8:00am-8:59am,52,9:00am-9:59am,0,Not Applicable (Not Transported),Not Applicable (Not Transported),1,Dark - Lighted,Rain/Wind/Minor,1,0,['Driver'],['None_Used'],0,0,Valid,0.0,0.0,23.0,23.0,['Male'],1,0,3,4,2,Wet/Standing Water,Straight,Level,Lowest,No
26000,39,Ohio,390899,0,2,2,0,2,NOT APPLICABLE,October,11,Wednesday,13,10,Rural,Medium Speed (Collector),No,41.22943333,-81.74506389,Complex/Circle,Daylight,Clear,12:00pm-12:59pm,58,1:00pm-1:59pm,2,1:00pm-1:59pm,21,1,Daylight,Clear,1,1,['Driver'],['Shoulder_Lapbelt'],0,0,Valid,1.0,0.0,87.0,72.0,"['Female', 'Male']",0,0,3,4,5,Dry,Straight,Level,Lowest,No
26001,39,Ohio,390901,0,1,1,0,3,NOT APPLICABLE,October,3,Tuesday,20,3,Urban,Low Speed (Local),No,38.74657222,-83.03753611,Non-Intersection,Dark - Not Lighted,Clear,8:00pm-8:59pm,7,8:00pm-8:59pm,10,8:00pm-8:59pm,35,1,Dark - Unlighted,Clear,1,2,['Non_Standard_Risk'],['None_Used'],1,1,Valid,0.0,2.0,30.0,30.0,['Male'],0,0,5,1,2,Dry,Straight,Level,Lowest,No
26002,39,Ohio,390902,0,3,3,0,6,NOT APPLICABLE,October,9,Monday,12,46,Rural,High Speed (Arterial),Yes,41.44761944,-83.41523889,Non-Intersection,Daylight,Clear,12:00pm-12:59pm,58,1:00pm-1:59pm,16,1:00pm-1:59pm,52,1,Daylight,Clear,1,5,['Driver'],['None_Used'],0,0,Invalid,2.0,0.0,76.0,21.0,"['Male', 'Male', 'Male']",0,0,2,4,5,Dry,Straight,Level,Lowest,No
26003,39,Ohio,390903,1,1,1,0,1,SPRINGFIELD,September,10,Sunday,18,14,Urban,Medium Speed (Collector),No,39.96666944,-83.7853,Complex/Circle,Daylight,Clear,6:00pm-6:59pm,14,6:00pm-6:59pm,18,6:00pm-6:59pm,48,1,Daylight,Clear,0,1,[],[],0,0,Valid,0.0,0.0,68.0,68.0,['Male'],0,0,3,3,4,Dry,Straight,Level,Lowest,No
26004,39,Ohio,390904,0,1,1,0,1,NOT APPLICABLE,October,16,Monday,21,42,Rural,Medium Speed (Collector),No,40.25245,-81.97111111,Non-Intersection,Dark - Not Lighted,Rain,9:00pm-9:59pm,42,9:00pm-9:59pm,56,Not Applicable (Not Transported),Not Applicable (Not Transported),1,Dark - Unlighted,Rain/Wind/Minor,1,0,['Driver'],['None_Used'],1,1,Valid,1.0,0.0,19.0,19.0,['Male'],0,0,3,4,3,Wet/Standing Water,Straight,Grade/Hillcrest,Lowest,No
26005,39,Ohio,390905,1,1,1,0,1,CLEVELAND,September,7,Thursday,23,53,Urban,Medium Speed (Collector),No,41.50941667,-81.62710833,Non-Intersection,Dark - Lighted,Clear,11:00pm-11:59pm,58,0:00am-0:59am,0,0:00am-0:59am,21,1,Dark - Lighted,Clear,0,1,[],[],0,0,Valid,2.0,0.0,30.0,30.0,['Male'],0,0,2,3,4,Dry,Curve,Level,Lowest,No
26006,39,Ohio,390906,0,2,2,0,3,CLEVELAND,September,23,Saturday,23,10,Urban,Medium Speed (Collector),No,41.48931667,-81.69450833,Non-Intersection,Dark - Lighted,Clear,11:00pm-11:59pm,16,11:00pm-11:59pm,20,Not Applicable (Not Transported),Not Applicable (Not Transported),1,Dark - Lighted,Clear,1,2,['Driver'],['None_Used'],0,0,Invalid,2.0,1.0,26.0,24.0,"['Male', 'Male']",2,0,5,4,5,Dry,Straight,Level,Lowest,No
26007,39,Ohio,390908,0,1,1,0,2,NOT APPLICABLE,October,8,Sunday,20,45,Rural,Medium Speed (Collector),No,40.52205833,-81.44062778,Non-Intersection,Dark - Not Lighted,Cloudy,8:00pm-8:59pm,27,8:00pm-8:59pm,33,Not Applicable (Not Transported),Not Applicable (Not Transported),2,Dark - Unlighted,Reduced Visibility,2,0,"['Driver', 'Rear_Seat']","['None_Used', 'None_Used']",1,1,Valid,2.0,0.0,42.0,42.0,['Male'],0,0,5,4,3,Dry,Curve,Grade/Hillcrest,Lowest,No
26008,39,Ohio,390909,0,1,1,0,1,NOT APPLICABLE,October,8,Sunday,3,55,Urban,Medium Speed (Collector),No,40.42235556,-82.49766389,Non-Intersection,Dark - Not Lighted,Clear,3:00am-3:59am,47,3:00am-3:59am,54,Not Applicable (Not Transported),Not Applicable (Not Transported),1,Dark - Unlighted,Clear,1,0,['Driver'],['None_Used'],1,1,Valid,0.0,0.0,20.0,20.0,['Male'],0,0,2,4,3,Dry,Straight,Grade/Hillcrest,Lowest,No
26009,39,Ohio,390910,1,1,1,0,1,SPRINGFIELD,October,14,Saturday,19,31,Urban,Low Speed (Local),No,39.90731389,-83.81658611,Non-Intersection,Dark - Lighted,Rain,7:00pm-7:59pm,34,7:00pm-7:59pm,42,7:00pm-7:59pm,55,1,Dark - Lighted,Rain/Wind/Minor,0,1,[],[],0,0,Invalid,0.0,0.0,998.0,998.0,['Other'],0,0,1,0,4,Wet/Standing Water,Straight,Level,Lowest,No
26010,39,Ohio,390911,0,1,1,0,1,WOOSTER,September,19,Tuesday,10,12,Urban,High Speed (Arterial),No,40.78596389,-81.93251389,Non-Intersection,Daylight,Clear,Unknown,Unknown,Unknown EMS Scene Arrival Hour,Unknown EMS Scene Arrival Minutes,Unknown,Unknown EMS Hospital Arrival Time,1,Daylight,Clear,1,0,['Driver'],['Shoulder_Lapbelt'],0,0,Valid,0.0,0.0,65.0,65.0,['Female'],0,0,3,4,3,Dry,Straight,Grade/Hillcrest,Lowest,No
26011,39,Ohio,390913,0,3,3,0,3,CLEVELAND,September,15,Friday,12,25,Urban,High Speed (Arterial),Yes,41.42179722,-81.72493611,Non-Intersection,Daylight,Clear,12:00pm-12:59pm,34,12:00pm-12:59pm,46,1:00pm-1:59pm,8,1,Daylight,Clear,1,2,['Driver'],['Shoulder_Lapbelt'],0,0,Valid,3.0,2.0,90.0,49.0,"['Male', 'Male', 'Male']",0,0,4,4,5,Dry,Straight,Level,Lowest,No
26012,39,Ohio,390914,0,1,1,0,1,FOREST,October,1,Sunday,12,13,Rural,Low Speed (Local),No,40.79974444,-83.52865833,Non-Intersection,Daylight,Clear,Not Applicable (Not Notified),Not Applicable (Not Notified),Not Applicable,Not Applicable,Not Applicable (Not Transported),Not Applicable (Not Transported),1,Daylight,Clear,1,0,['Driver'],['Shoulder_Lapbelt'],0,0,Valid,0.0,1.0,18.0,18.0,['Male'],1,0,3,4,3,Dry,Straight,Level,Lowest,No
26013,39,Ohio,390916,0,1,1,0,2,CLEVELAND,October,2,Monday,13,58,Urban,Low Speed (Local),No,41.42290556,-81.73341667,Non-Intersection,Daylight,Clear,2:00pm-2:59pm,0,2:00pm-2:59pm,9,2:00pm-2:59pm,27,1,Daylight,Clear,1,1,['Driver'],['None_Used'],0,0,Invalid,0.0,0.0,18.0,18.0,['Female'],0,0,5,3,3,Dry,Straight,Level,Lowest,No
26014,39,Ohio,390917,0,1,1,0,1,CLEVELAND,September,17,Sunday,4,50,Urban,Medium Speed (Collector),No,41.57553889,-81.54553611,Non-Intersection,Dark - Lighted,Clear,Unknown,Unknown,Unknown EMS Scene Arrival Hour,Unknown EMS Scene Arrival Minutes,Unknown,Unknown EMS Hospital Arrival Time,1,Dark - Lighted,Clear,1,0,['Driver'],['None_Used'],1,1,Invalid,0.0,0.0,40.0,40.0,['Male'],0,0,3,4,3,Dry,Straight,Level,Lowest,No
26015,39,Ohio,390918,1,1,1,0,1,COLUMBUS,September,17,Sunday,19,3,Urban,Low Speed (Local),No,39.98553889,-82.92726111,Non-Intersection,Daylight,Clear,7:00pm-7:59pm,5,7:00pm-7:59pm,7,7:00pm-7:59pm,20,1,Daylight,Clear,0,1,[],[],0,0,Valid,0.0,2.0,27.0,27.0,['Female'],0,0,3,1,4,Dry,Straight,Level,Lowest,No
26016,39,Ohio,390919,0,2,2,0,2,NOT APPLICABLE,October,9,Monday,19,24,Rural,High Speed (Arterial),Yes,38.96976111,-83.02263056,Non-Intersection,Dark - Not Lighted,Cloudy,Unknown,Unknown,7:00pm-7:59pm,35,Unknown,Unknown EMS Hospital Arrival Time,1,Dark - Unlighted,Reduced Visibility,1,1,['Driver'],['None_Used'],0,0,Valid,2.0,2.0,82.0,22.0,"['Male', 'Male']",0,0,5,4,5,Dry,Straight,Level,Lowest,No
26017,39,Ohio,390920,0,1,1,0,2,NOT APPLICABLE,October,11,Wednesday,14,19,Urban,Medium Speed (Collector),No,39.89461667,-84.04749167,Non-Intersection,Daylight,Clear,2:00pm-2:59pm,19,2:00pm-2:59pm,21,3:00pm-3:59pm,27,1,Daylight,Clear,1,1,['Driver'],['None_Used'],0,0,Valid,0.0,0.0,53.0,53.0,['Male'],0,0,2,4,3,Dry,Straight,Grade/Hillcrest,Lowest,No
26018,39,Ohio,390921,1,3,3,0,2,EUCLID,October,11,Wednesday,22,38,Urban,High Speed (Arterial),Yes,41.58999167,-81.52219722,Non-Intersection,Dark - Lighted,Clear,Unknown,Unknown,Unknown EMS Scene Arrival Hour,Unknown EMS Scene Arrival Minutes,Unknown,Unknown EMS Hospital Arrival Time,1,Dark - Lighted,Clear,0,2,[],[],0,0,Valid,0.0,0.0,57.0,57.0,['Female'],0,0,4,4,5,Dry,Straight,Level,Lowest,No
26019,39,Ohio,390922,0,2,2,0,2,NOT APPLICABLE,October,12,Thursday,14,46,Rural,Medium Speed (Collector),No,39.56060833,-82.82691389,Simple Junction,Daylight,Cloudy,2:00pm-2:59pm,48,2:00pm-2:59pm,59,3:00pm-3:59pm,21,1,Daylight,Reduced Visibility,1,1,['Driver'],['None_Used'],0,0,Valid,1.0,0.0,72.0,59.0,"['Female', 'Male']",0,0,5,4,5,Dry,Straight,Level,Lowest,No
26020,39,Ohio,390923,0,2,2,0,4,NOT APPLICABLE,October,12,Thursday,18,20,Rural,Low Speed (Local),No,39.22371389,-83.13061667,Non-Intersection,Daylight,Clear,6:00pm-6:59pm,15,6:00pm-6:59pm,27,Not Applicable (Not Transported),Not Applicable (Not Transported),1,Daylight,Clear,1,3,['Driver'],['None_Used'],0,0,Valid,0.0,0.0,46.0,30.0,"['Female', 'Male']",0,0,5,4,5,Dry,Curve,Grade/Hillcrest,Lowest,No
26021,39,Ohio,390924,0,1,1,0,1,CLEVELAND,October,13,Friday,11,32,Urban,Medium Speed (Collector),No,41.51202222,-81.57195556,Non-Intersection,Daylight,Clear,11:00am-11:59am,34,11:00am-11:59am,38,11:00am-11:59am,59,1,Daylight,Clear,1,0,['Driver'],['Shoulder_Lapbelt'],0,0,Valid,0.0,2.0,28.0,28.0,['Female'],0,0,2,4,3,Dry,Straight,Level,Lowest,No
26022,39,Ohio,390925,0,2,2,0,2,NOT APPLICABLE,October,14,Saturday,1,22,Rural,Medium Speed (Collector),No,39.464325,-83.73764167,Non-Intersection,Dark - Not Lighted,Rain,1:00am-1:59am,23,1:00am-1:59am,32,2:00am-2:59am,7,1,Dark - Unlighted,Rain/Wind/Minor,1,1,['Driver'],['None_Used'],0,0,Valid,1.0,1.0,57.0,25.0,"['Female', 'Male']",0,0,3,4,5,Wet/Standing Water,Straight,Level,Lowest,No
26023,39,Ohio,390926,0,1,1,0,1,COLUMBUS,October,16,Monday,23,33,Urban,High Speed (Arterial),Yes,40.01126667,-82.90109167,Non-Intersection,Dark - Lighted,Clear,0:00am-0:59am,0,0:00am-0:59am,0,Not Applicable (Not Transported),Not Applicable (Not Transported),1,Dark - Lighted,Clear,1,0,['Driver'],['Shoulder_Lapbelt'],0,0,Invalid,1.0,0.0,39.0,39.0,['Male'],0,0,3,4,3,Dry,Curve,Grade/Hillcrest,Lowest,No
26024,39,Ohio,390927,0,4,4,0,9,NOT APPLICABLE,October,15,Sunday,18,34,Urban,Medium Speed (Collector),No,39.48061111,-84.41203333,Non-Intersection,Daylight,Cloudy,6:00pm-6:59pm,39,6:00pm-6:59pm,40,8:00pm-8:59pm,17,1,Daylight,Reduced Visibility,1,8,['Driver'],['Shoulder_Lapbelt'],0,0,Valid,2.0,1.0,58.0,25.0,"['Female', 'Male', 'Female', 'Male']",0,0,3,4,5,Dry,Straight,Level,Medium,No
26025,39,Ohio,390928,0,1,1,0,2,NOT APPLICABLE,October,13,Friday,10,50,Rural,Low Speed (Local),No,40.52620278,-84.14820556,Non-Intersection,Daylight,Clear,10:00am-10:59am,52,11:00am-11:59am,3,11:00am-11:59am,29,1,Daylight,Clear,1,1,['Front_Passenger'],['None_Used'],0,0,Valid,2.0,0.0,45.0,45.0,['Male'],0,0,5,4,3,Dry,Straight,Grade/Hillcrest,Lowest,No
26026,39,Ohio,390930,0,1,1,0,1,TROTWOOD,October,18,Wednesday,12,26,Urban,High Speed (Arterial),No,39.74613889,-84.33476944,Non-Intersection,Daylight,Cloudy,12:00pm-12:59pm,19,12:00pm-12:59pm,23,12:00pm-12:59pm,52,1,Daylight,Reduced Visibility,1,0,['Driver'],['None_Used'],0,0,Invalid,0.0,0.0,54.0,54.0,['Male'],0,0,2,4,3,Dry,Straight,Level,Lowest,No
26027,39,Ohio,390931,0,1,1,0,1,AKRON,September,14,Thursday,17,28,Urban,High Speed (Arterial),No,41.05587222,-81.47174167,Complex/Circle,Daylight,Clear,5:00pm-5:59pm,30,5:00pm-5:59pm,34,5:00pm-5:59pm,52,1,Daylight,Clear,1,0,['Driver'],['None_Used'],1,1,Valid,0.0,0.0,44.0,44.0,['Male'],1,0,3,4,3,Dry,Curve,Level,Lowest,No
26028,39,Ohio,390933,0,2,2,0,2,NOT APPLICABLE,September,25,Monday,12,0,Rural,Medium Speed (Collector),No,41.176425,-82.58941111,Complex/Circle,Daylight,Cloudy,12:00pm-12:59pm,5,12:00pm-12:59pm,14,12:00pm-12:59pm,26,1,Daylight,Reduced Visibility,1,1,['Driver'],['Shoulder_Lapbelt'],0,0,Valid,1.0,0.0,84.0,18.0,"['Male', 'Male']",0,0,3,4,5,Dry,Straight,Level,Lowest,No
26029,39,Ohio,390934,0,2,2,0,2,AKRON,August,1,Tuesday,16,31,Urban,Medium Speed (Collector),No,41.02955556,-81.49216667,Non-Intersection,Daylight,Rain,4:00pm-4:59pm,33,4:00pm-4:59pm,37,5:00pm-5:59pm,0,1,Daylight,Rain/Wind/Minor,1,1,['Driver'],['Shoulder_Lapbelt'],0,0,Valid,1.0,0.0,49.0,41.0,"['Male', 'Female']",0,0,3,4,5,Wet/Standing Water,Straight,Level,Lowest,No
26030,39,Ohio,390935,0,3,3,0,3,COLUMBIANA,August,8,Tuesday,13,30,Urban,Medium Speed (Collector),No,40.88351389,-80.64601111,Non-Intersection,Daylight,Clear,1:00pm-1:59pm,37,1:00pm-1:59pm,47,Not Applicable (Not Transported),Not Applicable (Not Transported),1,Daylight,Clear,1,2,['Driver'],['None_Used'],0,0,Valid,1.0,1.0,78.0,75.0,"['Male', 'Female', 'Male']",0,0,5,4,5,Dry,Straight,Level,Lowest,No
26031,39,Ohio,390936,0,2,2,0,9,YOUNGSTOWN,August,16,Wednesday,21,39,Urban,Low Speed (Local),No,41.12106111,-80.62644167,Non-Intersection,Dark - Lighted,Clear,9:00pm-9:59pm,42,9:00pm-9:59pm,48,10:00pm-10:59pm,5,1,Dark - Lighted,Clear,1,8,['Rear_Seat'],['Shoulder_Lapbelt'],1,1,Invalid,2.0,1.0,27.0,18.0,"['Female', 'Male']",5,0,3,4,5,Dry,Straight,Level,Lowest,No
26032,39,Ohio,390937,1,1,1,0,1,WILMINGTON,August,19,Saturday,2,14,Urban,High Speed (Arterial),No,39.44421667,-83.82869167,Complex/Circle,Dark - Lighted,Clear,2:00am-2:59am,15,2:00am-2:59am,17,2:00am-2:59am,27,1,Dark - Lighted,Clear,0,1,[],[],0,0,Invalid,0.0,0.0,25.0,25.0,['Female'],0,0,3,0,4,Dry,Straight,Grade/Hillcrest,Lowest,No
26033,39,Ohio,390939,0,1,1,0,2,CINCINNATI,September,20,Wednesday,20,29,Urban,Medium Speed (Collector),No,39.20513056,-84.46736944,Non-Intersection,Dark - Lighted,Clear,8:00pm-8:59pm,31,8:00pm-8:59pm,36,9:00pm-9:59pm,0,1,Dark - Lighted,Clear,1,1,['Driver'],['Shoulder_Lapbelt'],1,1,Valid,0.0,0.0,22.0,22.0,['Male'],0,0,2,4,3,Dry,Straight,Level,Lowest,No
26034,39,Ohio,390940,0,2,2,0,2,YOUNGSTOWN,July,30,Sunday,0,24,Urban,Medium Speed (Collector),No,41.08033056,-80.64583889,Non-Intersection,Dark - Lighted,Clear,0:00am-0:59am,31,0:00am-0:59am,34,0:00am-0:59am,49,1,Dark - Lighted,Clear,1,1,['Driver'],['None_Used'],1,1,Valid,0.0,0.0,49.0,26.0,"['Male', 'Male']",0,0,5,4,5,Dry,Straight,Non-Trafficway,Lowest,No
26035,39,Ohio,390941,0,1,1,0,2,ASHTABULA,August,7,Monday,3,51,Urban,High Speed (Arterial),Yes,41.89180556,-80.78121667,Non-Intersection,Dark - Not Lighted,Clear,3:00am-3:59am,59,4:00am-4:59am,8,4:00am-4:59am,24,1,Dark - Unlighted,Clear,1,1,['Front_Passenger'],['None_Used'],1,1,Valid,0.0,0.0,48.0,48.0,['Female'],0,0,2,1,1,Dry,Straight,Level,Lowest,No
26036,39,Ohio,390942,0,2,2,0,2,CLEVELAND,August,24,Thursday,14,5,Urban,High Speed (Arterial),Yes,41.43653056,-81.70931944,Non-Intersection,Daylight,Cloudy,2:00pm-2:59pm,10,2:00pm-2:59pm,22,2:00pm-2:59pm,40,1,Daylight,Reduced Visibility,1,1,['Driver'],['None_Used'],0,0,Invalid,2.0,1.0,40.0,30.0,"['Male', 'Female']",0,0,3,4,5,Dry,Straight,Grade/Hillcrest,Lowest,No
26037,39,Ohio,390943,0,2,2,0,4,CLEVELAND,August,26,Saturday,20,16,Urban,High Speed (Arterial),Yes,41.43280833,-81.68180278,Non-Intersection,Dark - Lighted,Clear,8:00pm-8:59pm,20,8:00pm-8:59pm,27,9:00pm-9:59pm,1,2,Dark - Lighted,Clear,2,2,"['Driver', 'Front_Passenger']","['Shoulder_Lapbelt', 'Shoulder_Lapbelt']",1,1,Valid,0.0,1.0,23.0,19.0,"['Male', 'Female']",0,0,3,4,5,Dry,Straight,Level,Lowest,No
26038,39,Ohio,390944,2,1,1,0,1,CLEVELAND,October,8,Sunday,5,39,Urban,Medium Speed (Collector),No,41.48348056,-81.63305556,Complex/Circle,Dark - Lighted,Clear,5:00am-5:59am,51,5:00am-5:59am,54,6:00am-6:59am,9,1,Dark - Lighted,Clear,0,1,[],[],0,0,Valid,0.0,0.0,37.0,37.0,['Male'],0,0,3,2,4,Dry,Straight,Level,Lowest,No
26039,39,Ohio,390945,0,2,2,0,5,NOT APPLICABLE,October,15,Sunday,10,58,Urban,Medium Speed (Collector),No,39.17228333,-82.51974444,Non-Intersection,Daylight,Cloudy,Unknown,Unknown,11:00am-11:59am,8,Not Applicable (Not Transported),Not Applicable (Not Transported),1,Daylight,Reduced Visibility,1,4,['Driver'],['None_Used'],1,1,Valid,0.0,1.0,26.0,24.0,"['Male', 'Male']",0,0,3,4,5,Dry,Curve,Grade/Hillcrest,Lowest,No
26040,39,Ohio,390946,0,2,2,0,4,CLEVELAND,August,31,Thursday,1,52,Urban,Medium Speed (Collector),No,41.46809167,-81.60283333,Complex/Circle,Dark - Lighted,Clear,1:00am-1:59am,55,1:00am-1:59am,57,2:00am-2:59am,16,1,Dark - Lighted,Clear,1,3,['Driver'],['Shoulder_Lapbelt'],1,1,Invalid,1.0,0.0,31.0,25.0,"['Male', 'Male']",2,0,2,4,5,Dry,Straight,Level,Lowest,No
26041,39,Ohio,390947,1,1,1,0,1,NOT APPLICABLE,October,5,Thursday,23,15,Urban,High Speed (Arterial),Yes,41.159125,-81.283425,Non-Intersection,Dark - Not Lighted,Rain,11:00pm-11:59pm,9,11:00pm-11:59pm,13,11:00pm-11:59pm,27,1,Dark - Unlighted,Rain/Wind/Minor,0,0,[],[],0,0,Invalid,0.0,0.0,998.0,998.0,['Other'],0,0,1,0,4,Wet/Standing Water,Straight,Level,Lowest,No
26042,39,Ohio,390948,0,1,1,0,1,NOT APPLICABLE,October,20,Friday,17,23,Rural,Medium Speed (Collector),No,40.76728611,-82.41217778,Non-Intersection,Daylight,Rain,5:00pm-5:59pm,20,5:00pm-5:59pm,25,5:00pm-5:59pm,58,1,Daylight,Rain/Wind/Minor,1,0,['Driver'],['None_Used'],1,1,Valid,1.0,0.0,82.0,82.0,['Male'],1,0,3,4,3,Wet/Standing Water,Curve,Grade/Hillcrest,Lowest,No
26043,39,Ohio,390949,1,1,1,0,2,NOT APPLICABLE,October,22,Sunday,19,58,Rural,Medium Speed (Collector),No,41.585075,-84.13445556,Non-Intersection,Dark - Not Lighted,Clear,7:00pm-7:59pm,58,8:00pm-8:59pm,3,11:00am-11:59am,1,1,Dark - Unlighted,Clear,0,2,[],[],0,0,Valid,1.0,0.0,34.0,34.0,['Male'],0,0,3,3,4,Dry,Straight,Level,Lowest,No