,State_Code,State_Name,Crash_ID,Count_Non_Motorists,Count_Vehicles_Total,Count_Vehicle_Forms,Count_PVH_Involved,Count_Occupants_MV,City_Name,Month_Name,Day_of_Month,Day_of_Week,Crash_Hour,Crash_Minute,Area_Rural_Urban,Road_Functional_Class,On_NHS_Road,Latitude,Longitude,Intersection_Type,Light_Condition,Weather_Condition,Notif_Hour,Notif_Minute,Arrival_Hour,Arrival_Minute,Hospital_Hour,Hospital_Minute,Fatalities_Count,Clean_Light_Condition,Clean_Weather_Condition,Total_Killed,Total_Alive,Fatal_Seats_List,Killed_Restraint_List,Any_Driver_Drinking,Total_Drinking_Drivers,Driver_License_Category,Driver_Max_Prev_Accident_Count,Driver_Max_Prev_Speeding_Count,Max_Driver_Age,Min_Driver_Age,Driver_Sex_List,Total_Exceeding_Limit_Vehicles,Total_Too_Fast_Vehicles,Max_Vehicle_Type_Severity_5,Max_Vehicle_Damage_Rank,Max_Harmful_Event_Severity,Crash_Road_Surface_Condition,Crash_Horizontal_Alignment,Crash_Vertical_Profile,Crash_Impairment_Category,Crash_Vehicle_Defect
26044,39,Ohio,390950,0,1,1,0,1,COLUMBUS,July,16,Sunday,22,25,Urban,Medium Speed (Collector),No,39.93956944,-83.00954722,Complex/Circle,Dark - Lighted,Clear,10:00pm-10:59pm,26,10:00pm-10:59pm,28,10:00pm-10:59pm,41,1,Dark - Lighted,Clear,1,0,['Driver'],['None_Used'],0,0,Invalid,1.0,0.0,53.0,53.0,['Male'],0,0,5,2,1,Dry,Straight,Level,Lowest,No
26045,39,Ohio,390951,0,1,1,0,1,NOT APPLICABLE,September,9,Saturday,1,23,Rural,Medium Speed (Collector),No,39.19530556,-84.74287222,Non-Intersection,Dark - Not Lighted,Cloudy,1:00am-1:59am,23,1:00am-1:59am,28,Not Applicable (Not Transported),Not Applicable (Not Transported),1,Dark - Unlighted,Reduced Visibility,1,0,['Driver'],['None_Used'],1,1,Invalid,2.0,1.0,28.0,28.0,['Male'],0,0,2,4,3,Dry,Curve,Grade/Hillcrest,Lowest,No
26046,39,Ohio,390952,0,2,2,0,3,AKRON,September,18,Monday,19,15,Urban,Medium Speed (Collector),No,41.0443,-81.42737222,Complex/Circle,Daylight,Clear,7:00pm-7:59pm,16,7:00pm-7:59pm,19,7:00pm-7:59pm,39,1,Daylight,Clear,1,2,['Driver'],['None_Used'],0,0,Valid,0.0,1.0,60.0,49.0,"['Male', 'Male']",0,0,5,4,5,Dry,Straight,Level,Lowest,No
26047,39,Ohio,390953,0,2,2,0,2,PERRYSBURG,September,19,Tuesday,9,2,Urban,High Speed (Arterial),Yes,41.55595833,-83.64219444,Complex/Circle,Daylight,Clear,9:00am-9:59am,3,9:00am-9:59am,7,9:00am-9:59am,43,1,Daylight,Clear,1,1,['Driver'],['Shoulder_Lapbelt'],0,0,Valid,1.0,0.0,77.0,23.0,"['Female', 'Female']",0,0,2,4,5,Dry,Straight,Level,Lowest,No
26048,39,Ohio,390954,0,2,2,0,2,NOT APPLICABLE,September,20,Wednesday,20,59,Urban,Medium Speed (Collector),No,39.85613056,-84.23138056,Non-Intersection,Dark - Not Lighted,Clear,8:00pm-8:59pm,59,9:00pm-9:59pm,6,Not Applicable (Not Transported),Not Applicable (Not Transported),1,Dark - Unlighted,Clear,1,1,['Driver'],['None_Used'],1,1,Valid,0.0,1.0,50.0,29.0,"['Male', 'Male']",0,0,5,3,5,Dry,Curve,Grade/Hillcrest,Lowest,No
26049,39,Ohio,390955,1,1,1,0,1,AKRON,October,5,Thursday,0,52,Urban,High Speed (Arterial),Yes,41.08217222,-81.50881667,Non-Intersection,Dark - Lighted,Clear,0:00am-0:59am,54,0:00am-0:59am,58,1:00am-1:59am,12,1,Dark - Lighted,Clear,0,1,[],[],0,0,Invalid,0.0,0.0,25.0,25.0,['Male'],0,0,3,3,4,Dry,Straight,Level,Lowest,No
26050,39,Ohio,390956,0,2,2,0,2,CLEVELAND,October,11,Wednesday,7,7,Urban,High Speed (Arterial),Yes,41.52141111,-81.61871389,Complex/Circle,Dark - Lighted,Clear,7:00am-7:59am,20,7:00am-7:59am,25,7:00am-7:59am,41,1,Dark - Lighted,Clear,1,1,['Driver'],['None_Used'],0,0,Valid,0.0,2.0,60.0,58.0,"['Female', 'Male']",1,0,5,4,5,Dry,Straight,Grade/Hillcrest,Lowest,No
26051,39,Ohio,390957,0,1,1,0,3,NOT APPLICABLE,October,16,Monday,15,43,Rural,Low Speed (Local),No,39.0575,-83.06611111,Non-Intersection,Daylight,Cloudy,3:00pm-3:59pm,40,3:00pm-3:59pm,46,4:00pm-4:59pm,0,1,Daylight,Reduced Visibility,1,2,['Rear_Seat'],['None_Used'],0,0,Invalid,0.0,0.0,43.0,43.0,['Female'],3,0,2,4,3,Dry,Curve,Level,Lowest,No
26052,39,Ohio,390958,0,1,1,0,1,NOT APPLICABLE,October,16,Monday,14,59,Urban,Medium Speed (Collector),No,39.45508889,-84.25570278,Non-Intersection,Daylight,Cloudy,2:00pm-2:59pm,56,3:00pm-3:59pm,13,Not Applicable (Not Transported),Not Applicable (Not Transported),1,Daylight,Reduced Visibility,1,0,['Driver'],['None_Used'],0,0,Valid,1.0,2.0,57.0,57.0,['Male'],0,0,3,4,3,Dry,Curve,Level,Lowest,No
26053,39,Ohio,390959,0,2,2,0,2,NOT APPLICABLE,October,20,Friday,1,25,Rural,High Speed (Arterial),Yes,41.17740278,-80.534875,Non-Intersection,Dark - Not Lighted,Rain,1:00am-1:59am,24,1:00am-1:59am,31,1:00am-1:59am,59,1,Dark - Unlighted,Rain/Wind/Minor,1,1,['Driver'],['Shoulder_Lapbelt'],1,1,Valid,0.0,0.0,91.0,72.0,"['Male', 'Male']",0,0,4,4,5,Wet/Standing Water,Straight,Grade/Hillcrest,Lowest,No
26054,39,Ohio,390960,0,1,1,0,1,NOT APPLICABLE,October,18,Wednesday,23,7,Urban,High Speed (Arterial),Yes,39.195875,-84.668275,Non-Intersection,Dark - Lighted,Clear,11:00pm-11:59pm,7,11:00pm-11:59pm,11,Not Applicable (Not Transported),Not Applicable (Not Transported),1,Dark - Lighted,Clear,1,0,['Driver'],['None_Used'],1,1,Valid,0.0,0.0,28.0,28.0,['Male'],0,0,2,4,3,Dry,Curve,Level,Lowest,No
26055,39,Ohio,390961,0,2,2,0,2,NOT APPLICABLE,October,18,Wednesday,7,40,Urban,Medium Speed (Collector),No,39.20193056,-84.719775,Non-Intersection,Dawn,"Fog, Smog, Smoke",7:00am-7:59am,40,7:00am-7:59am,45,Not Applicable (Not Transported),Not Applicable (Not Transported),1,Twilight,Reduced Visibility,1,1,['Driver'],['None_Used'],0,0,Invalid,1.0,1.0,43.0,20.0,"['Male', 'Male']",0,0,4,4,5,Dry,Curve,Level,Lowest,No
26056,39,Ohio,390962,0,2,2,0,3,CLEVELAND,October,20,Friday,22,37,Urban,Medium Speed (Collector),No,41.5355,-81.62273333,Complex/Circle,Dark - Lighted,Cloudy,10:00pm-10:59pm,44,10:00pm-10:59pm,51,11:00pm-11:59pm,3,1,Dark - Lighted,Reduced Visibility,1,2,['Driver'],['None_Used'],0,0,Invalid,1.0,0.0,34.0,29.0,"['Male', 'Female']",1,0,3,4,5,Wet/Standing Water,Straight,Level,Lowest,No
26057,39,Ohio,390963,0,1,1,0,1,NOT APPLICABLE,October,21,Saturday,9,20,Rural,Medium Speed (Collector),No,40.829725,-81.82275556,Non-Intersection,Daylight,Cloudy,Not Applicable (Not Notified),Not Applicable (Not Notified),Not Applicable,Not Applicable,Not Applicable (Not Transported),Not Applicable (Not Transported),1,Daylight,Reduced Visibility,1,0,['Driver'],['None_Used'],1,1,Valid,1.0,0.0,33.0,33.0,['Male'],1,0,2,4,3,Dry,Curve,Level,Lowest,No
26058,39,Ohio,390964,0,1,1,0,1,NOT APPLICABLE,October,22,Sunday,1,30,Rural,Medium Speed (Collector),No,39.76022222,-84.53771667,Non-Intersection,Dark - Not Lighted,Rain,1:00am-1:59am,32,1:00am-1:59am,39,Not Applicable (Not Transported),Not Applicable (Not Transported),1,Dark - Unlighted,Rain/Wind/Minor,1,0,['Driver'],['None_Used'],1,1,Invalid,0.0,1.0,42.0,42.0,['Male'],1,0,2,4,3,Wet/Standing Water,Straight,Level,Lowest,No
26059,39,Ohio,390965,0,2,2,0,4,NOT APPLICABLE,October,22,Sunday,18,0,Rural,Low Speed (Local),No,40.21675,-83.16775833,Complex/Circle,Daylight,Clear,6:00pm-6:59pm,0,6:00pm-6:59pm,4,6:00pm-6:59pm,32,1,Daylight,Clear,1,3,['Front_Passenger'],['Shoulder_Lapbelt'],1,1,Invalid,0.0,0.0,70.0,27.0,"['Male', 'Male']",0,0,3,4,5,Dry,Straight,Level,Lowest,No
26060,39,Ohio,390966,0,1,1,0,1,NORTH KINGSVILLE,October,25,Wednesday,1,30,Urban,Medium Speed (Collector),No,41.90918611,-80.69424167,Non-Intersection,Dark - Not Lighted,Clear,1:00am-1:59am,31,1:00am-1:59am,38,Not Applicable (Not Transported),Not Applicable (Not Transported),1,Dark - Unlighted,Clear,1,0,['Driver'],['None_Used'],1,1,Valid,3.0,6.0,24.0,24.0,['Male'],0,0,3,4,3,Dry,Straight,Level,Lowest,No
26061,39,Ohio,390967,1,1,1,0,2,WEST ALEXANDRIA,October,23,Monday,20,12,Rural,Medium Speed (Collector),No,39.74505,-84.53221389,Non-Intersection,Dark - Lighted,Clear,8:00pm-8:59pm,14,8:00pm-8:59pm,17,8:00pm-8:59pm,36,1,Dark - Lighted,Clear,0,2,[],[],0,0,Valid,0.0,0.0,17.0,17.0,['Female'],0,0,3,2,4,Dry,Straight,Level,Lowest,No
26062,39,Ohio,390968,0,2,2,0,3,NOT APPLICABLE,October,23,Monday,12,42,Urban,High Speed (Arterial),Yes,40.97127222,-81.6612,Complex/Circle,Daylight,Cloudy,12:00pm-12:59pm,42,12:00pm-12:59pm,48,1:00pm-1:59pm,11,1,Daylight,Reduced Visibility,1,2,['Front_Passenger'],['Shoulder_Lapbelt'],1,1,Valid,1.0,0.0,88.0,19.0,"['Male', 'Male']",0,0,3,4,5,Dry,Straight,Level,Lowest,No
26063,39,Ohio,390969,0,1,1,0,1,NOT APPLICABLE,October,24,Tuesday,18,45,Urban,High Speed (Arterial),Yes,41.40351389,-82.28778056,Non-Intersection,Dusk,Clear,6:00pm-6:59pm,47,6:00pm-6:59pm,57,7:00pm-7:59pm,18,1,Twilight,Clear,1,0,['Driver'],['None_Used'],1,1,Valid,1.0,1.0,61.0,61.0,['Male'],1,0,5,4,3,Dry,Straight,Level,Lowest,No
26064,39,Ohio,390970,0,1,1,0,1,NOT APPLICABLE,October,25,Wednesday,20,18,Rural,Medium Speed (Collector),No,41.47479444,-80.746775,Non-Intersection,Dark - Not Lighted,Cloudy,8:00pm-8:59pm,17,8:00pm-8:59pm,24,Not Applicable (Not Transported),Not Applicable (Not Transported),1,Dark - Unlighted,Reduced Visibility,1,0,['Driver'],['None_Used'],1,1,Valid,0.0,0.0,60.0,60.0,['Male'],0,0,5,4,1,Dry,Straight,Level,Lowest,No
26065,39,Ohio,390971,0,2,2,0,3,BUCYRUS,October,29,Sunday,6,36,Rural,Medium Speed (Collector),No,40.75898611,-83.02000278,Non-Intersection,Dark - Not Lighted,Rain,6:00am-6:59am,42,6:00am-6:59am,48,7:00am-7:59am,23,1,Dark - Unlighted,Rain/Wind/Minor,1,2,['Driver'],['None_Used'],0,0,Valid,1.0,0.0,52.0,19.0,"['Male', 'Male']",0,0,2,4,5,Wet/Standing Water,Straight,Level,Lowest,No
26066,39,Ohio,390972,1,1,1,0,1,EVENDALE,October,29,Sunday,6,44,Urban,High Speed (Arterial),No,39.24778056,-84.42445833,Non-Intersection,Dark - Not Lighted,Rain,6:00am-6:59am,45,6:00am-6:59am,48,7:00am-7:59am,16,1,Dark - Unlighted,Rain/Wind/Minor,0,1,[],[],0,0,Valid,0.0,0.0,38.0,38.0,['Male'],0,0,3,4,4,Wet/Standing Water,Straight,Level,Lowest,No
26067,39,Ohio,390973,0,2,1,1,1,URBANA,October,19,Thursday,13,27,Urban,Medium Speed (Collector),No,40.11224722,-83.74695556,Non-Intersection,Daylight,Cloudy,1:00pm-1:59pm,28,1:00pm-1:59pm,32,1:00pm-1:59pm,52,1,Daylight,Reduced Visibility,1,0,['Driver'],['None_Used'],0,0,Valid,0.0,0.0,65.0,65.0,['Female'],0,0,2,4,5,Dry,Straight,Grade/Hillcrest,Lowest,No
26068,39,Ohio,390974,0,2,2,0,3,NOT APPLICABLE,October,27,Friday,17,21,Rural,Medium Speed (Collector),No,39.62316389,-81.77294167,Non-Intersection,Daylight,Cloudy,5:00pm-5:59pm,18,5:00pm-5:59pm,25,6:00pm-6:59pm,19,1,Daylight,Reduced Visibility,1,2,['Driver'],['Shoulder_Lapbelt'],0,0,Valid,1.0,1.0,36.0,21.0,"['Male', 'Male']",2,0,4,4,5,Wet/Standing Water,Curve,Grade/Hillcrest,Lowest,No
26069,39,Ohio,390975,0,1,1,0,1,MONROE,October,29,Sunday,23,38,Urban,High Speed (Arterial),Yes,39.45543333,-84.32784444,Non-Intersection,Dark - Not Lighted,Rain,11:00pm-11:59pm,41,11:00pm-11:59pm,54,0:00am-0:59am,57,1,Dark - Unlighted,Rain/Wind/Minor,1,0,['Driver'],['Shoulder_Lapbelt'],0,0,Valid,0.0,0.0,55.0,55.0,['Female'],0,0,3,4,4,Wet/Standing Water,Curve,Level,Lowest,No
26070,39,Ohio,390976,0,2,2,0,3,NOT APPLICABLE,October,12,Thursday,14,59,Urban,Medium Speed (Collector),No,39.84815833,-84.24566111,Complex/Circle,Daylight,Clear,3:00pm-3:59pm,2,3:00pm-3:59pm,9,3:00pm-3:59pm,31,1,Daylight,Clear,1,2,['Driver'],['None_Used'],0,0,Valid,0.0,1.0,81.0,46.0,"['Male', 'Male']",0,0,5,4,5,Dry,Straight,Level,Lowest,No
26071,39,Ohio,390977,0,1,1,0,1,CONNEAUT,October,27,Friday,15,2,Urban,Low Speed (Local),No,41.94365833,-80.54846389,Non-Intersection,Daylight,Clear,3:00pm-3:59pm,7,3:00pm-3:59pm,9,Not Applicable (Not Transported),Not Applicable (Not Transported),1,Daylight,Clear,1,0,['Driver'],['None_Used'],0,0,Valid,0.0,1.0,26.0,26.0,['Male'],0,0,5,4,3,Dry,Curve,Grade/Hillcrest,Lowest,No
26072,39,Ohio,390978,0,1,1,0,1,DUBLIN,October,22,Sunday,21,12,Urban,High Speed (Arterial),Yes,40.10192778,-83.13103056,Non-Intersection,Dark - Lighted,Clear,9:00pm-9:59pm,13,9:00pm-9:59pm,18,9:00pm-9:59pm,46,1,Dark - Lighted,Clear,1,0,['Driver'],['None_Used'],1,1,Invalid,2.0,1.0,31.0,31.0,['Male'],0,0,2,4,3,Dry,Curve,Level,Lowest,No
26073,39,Ohio,390979,1,2,1,1,1,NOT APPLICABLE,July,20,Thursday,16,34,Urban,Low Speed (Local),No,40.77093889,-82.47023333,Non-Intersection,Daylight,Clear,4:00pm-4:59pm,35,4:00pm-4:59pm,37,4:00pm-4:59pm,58,1,Daylight,Clear,0,1,[],[],0,0,Invalid,0.0,0.0,49.0,49.0,['Female'],0,0,3,2,4,Dry,Straight,Non-Trafficway,Lowest,Yes
26074,39,Ohio,390980,0,1,1,0,2,ARCHBOLD,September,4,Monday,21,23,Rural,Medium Speed (Collector),No,41.52013611,-84.30629444,Simple Junction,Dark - Lighted,Clear,9:00pm-9:59pm,20,9:00pm-9:59pm,22,Unknown,Unknown EMS Hospital Arrival Time,1,Dark - Lighted,Clear,1,1,['Non_Standard_Risk'],['None_Used'],0,0,Valid,0.0,1.0,47.0,47.0,['Male'],0,0,3,0,1,Dry,Straight,Level,Lowest,No
26075,39,Ohio,390981,0,3,3,0,3,TOLEDO,November,2,Thursday,10,20,Urban,High Speed (Arterial),No,41.65691111,-83.5096,Complex/Circle,Daylight,Clear,10:00am-10:59am,21,10:00am-10:59am,24,Not Applicable (Not Transported),Not Applicable (Not Transported),1,Daylight,Clear,1,2,['Driver'],['None_Used'],0,0,Valid,0.0,0.0,60.0,42.0,"['Male', 'Male', 'Male']",0,0,4,4,5,Dry,Straight,Grade/Hillcrest,Lowest,No
26076,39,Ohio,390982,0,1,1,0,1,NORTH RIDGEVILLE,November,4,Saturday,2,30,Urban,Medium Speed (Collector),No,41.37767778,-81.99288056,Non-Intersection,Dark - Not Lighted,Clear,2:00am-2:59am,37,2:00am-2:59am,45,Not Applicable (Not Transported),Not Applicable (Not Transported),1,Dark - Unlighted,Clear,1,0,['Driver'],['None_Used'],1,1,Valid,0.0,1.0,59.0,59.0,['Male'],1,0,5,4,3,Dry,Curve,Level,Lowest,No
26077,39,Ohio,390983,0,1,1,0,1,NOT APPLICABLE,November,1,Wednesday,17,42,Rural,Low Speed (Local),No,39.51665556,-84.50331389,Non-Intersection,Daylight,Clear,5:00pm-5:59pm,42,5:00pm-5:59pm,54,Not Applicable (Not Transported),Not Applicable (Not Transported),1,Daylight,Clear,1,0,['Driver'],['Shoulder_Lapbelt'],1,1,Valid,0.0,0.0,50.0,50.0,['Female'],0,0,3,4,3,Dry,Straight,Level,Lowest,No
26078,39,Ohio,390984,0,2,2,0,2,NOT APPLICABLE,November,4,Saturday,0,19,Rural,Medium Speed (Collector),No,39.37730278,-84.73977222,Complex/Circle,Dark - Lighted,Clear,0:00am-0:59am,20,0:00am-0:59am,28,Not Applicable (Not Transported),Not Applicable (Not Transported),2,Dark - Lighted,Clear,2,0,"['Driver', 'Driver']","['Shoulder_Lapbelt', 'None_Used']",1,1,Valid,1.0,1.0,72.0,26.0,"['Male', 'Male']",0,0,3,4,5,Dry,Straight,Level,Lowest,No
26079,39,Ohio,390985,1,1,1,0,1,NOT APPLICABLE,October,17,Tuesday,21,42,Urban,High Speed (Arterial),No,41.09964444,-80.75994722,Non-Intersection,Dark - Lighted,Cloudy,9:00pm-9:59pm,40,9:00pm-9:59pm,42,10:00pm-10:59pm,3,1,Dark - Lighted,Reduced Visibility,0,1,[],[],0,0,Valid,0.0,0.0,23.0,23.0,['Male'],0,0,3,2,4,Dry,Straight,Level,Lowest,No
26080,39,Ohio,390986,0,1,1,0,1,NOT APPLICABLE,September,16,Saturday,2,42,Rural,Low Speed (Local),No,39.699625,-84.69415,Non-Intersection,Dark - Not Lighted,Clear,2:00am-2:59am,42,2:00am-2:59am,42,Not Applicable (Not Transported),Not Applicable (Not Transported),1,Dark - Unlighted,Clear,1,0,['Driver'],['None_Used'],1,1,Valid,0.0,0.0,37.0,37.0,['Male'],0,0,5,4,3,Dry,Straight,Level,Lowest,No
26081,39,Ohio,390987,0,2,2,0,2,NOT APPLICABLE,September,11,Monday,20,35,Rural,Medium Speed (Collector),No,39.76024722,-84.53412222,Complex/Circle,Dark - Not Lighted,Clear,8:00pm-8:59pm,37,8:00pm-8:59pm,57,Not Applicable (Not Transported),Not Applicable (Not Transported),1,Dark - Unlighted,Clear,1,1,['Driver'],['None_Used'],0,0,Invalid,0.0,0.0,64.0,55.0,"['Male', 'Male']",0,0,5,4,5,Dry,Straight,Level,Lowest,Yes
26082,39,Ohio,390988,0,1,1,0,1,NOT APPLICABLE,September,16,Saturday,23,23,Rural,Low Speed (Local),No,39.90912222,-84.70993889,Non-Intersection,Dark - Not Lighted,Clear,11:00pm-11:59pm,26,11:00pm-11:59pm,36,Not Applicable (Not Transported),Not Applicable (Not Transported),1,Dark - Unlighted,Clear,1,0,['Driver'],['None_Used'],1,1,Valid,0.0,1.0,20.0,20.0,['Male'],1,0,5,4,3,Dry,Curve,Grade/Hillcrest,Lowest,No
26083,39,Ohio,390989,0,1,1,0,1,MONTGOMERY,September,5,Tuesday,14,14,Urban,High Speed (Arterial),Yes,39.27400278,-84.347475,Non-Intersection,Daylight,Cloudy,2:00pm-2:59pm,15,2:00pm-2:59pm,32,Not Applicable (Not Transported),Not Applicable (Not Transported),1,Daylight,Reduced Visibility,1,0,['Driver'],['Shoulder_Lapbelt'],0,0,Valid,1.0,1.0,31.0,31.0,['Male'],0,0,2,4,3,Dry,Curve,Grade/Hillcrest,Lowest,No
26084,39,Ohio,390990,0,2,2,0,3,COLUMBUS,October,26,Thursday,15,21,Urban,High Speed (Arterial),No,40.00497778,-83.00907778,Complex/Circle,Daylight,Clear,3:00pm-3:59pm,23,3:00pm-3:59pm,26,3:00pm-3:59pm,42,1,Daylight,Clear,1,2,['Driver'],['Shoulder_Lapbelt'],0,0,Valid,0.0,0.0,74.0,21.0,"['Female', 'Male']",0,0,3,4,5,Dry,Straight,Level,Lowest,No
26085,39,Ohio,390991,4,1,1,0,3,COLUMBUS,October,28,Saturday,19,8,Urban,Medium Speed (Collector),Yes,40.00731944,-82.97133889,Complex/Circle,Dark - Lighted,Rain,7:00pm-7:59pm,10,7:00pm-7:59pm,16,7:00pm-7:59pm,27,2,Dark - Lighted,Rain/Wind/Minor,0,3,[],[],0,0,Invalid,1.0,0.0,23.0,23.0,['Male'],0,0,2,2,4,Wet/Standing Water,Straight,Level,Lowest,No
26086,39,Ohio,390992,0,2,2,0,2,NOT APPLICABLE,October,30,Monday,15,54,Rural,Medium Speed (Collector),No,39.83416111,-81.50027222,Non-Intersection,Daylight,Clear,3:00pm-3:59pm,55,4:00pm-4:59pm,19,Not Applicable (Not Transported),Not Applicable (Not Transported),2,Daylight,Clear,2,0,"['Driver', 'Driver']","['None_Used', 'None_Used']",0,0,Invalid,0.0,0.0,49.0,24.0,"['Male', 'Male']",0,0,3,4,5,Wet/Standing Water,Straight,Level,Lowest,No
26087,39,Ohio,390993,0,2,2,0,2,NOT APPLICABLE,November,1,Wednesday,10,19,Rural,Medium Speed (Collector),No,40.91415278,-82.193675,Complex/Circle,Daylight,Clear,10:00am-10:59am,19,10:00am-10:59am,26,Not Applicable (Not Transported),Not Applicable (Not Transported),1,Daylight,Clear,1,1,['Driver'],['None_Used'],0,0,Valid,1.0,0.0,40.0,36.0,"['Male', 'Male']",0,0,4,4,5,Dry,Straight,Level,Lowest,Yes
26088,39,Ohio,390994,0,1,1,0,1,NOT APPLICABLE,November,4,Saturday,12,31,Urban,High Speed (Arterial),Yes,39.53082778,-82.392925,Non-Intersection,Daylight,Clear,12:00pm-12:59pm,35,12:00pm-12:59pm,40,Not Applicable (Not Transported),Not Applicable (Not Transported),1,Daylight,Clear,1,0,['Driver'],['Shoulder_Lapbelt'],0,0,Valid,0.0,0.0,77.0,77.0,['Male'],0,0,3,4,3,Dry,Straight,Level,Lowest,No
26089,39,Ohio,390995,0,1,1,0,1,NOT APPLICABLE,November,3,Friday,1,35,Rural,Medium Speed (Collector),No,39.92478333,-83.48646944,Non-Intersection,Dark - Not Lighted,Cloudy,1:00am-1:59am,54,2:00am-2:59am,0,Not Applicable (Not Transported),Not Applicable (Not Transported),1,Dark - Unlighted,Reduced Visibility,1,0,['Driver'],['None_Used'],1,1,Valid,0.0,0.0,24.0,24.0,['Male'],0,0,3,4,2,Dry,Straight,Level,Lowest,No
26090,39,Ohio,390996,0,2,2,0,3,NOT APPLICABLE,November,2,Thursday,14,23,Urban,Medium Speed (Collector),No,40.84315278,-82.61418889,Complex/Circle,Daylight,Clear,2:00pm-2:59pm,21,2:00pm-2:59pm,27,2:00pm-2:59pm,43,1,Daylight,Clear,1,2,['Rear_Seat'],['None_Used'],0,0,Valid,0.0,0.0,71.0,41.0,"['Male', 'Male']",0,0,3,4,5,Dry,Curve,Level,Lowest,No
26091,39,Ohio,390997,0,2,2,0,2,MCCUTCHENVILLE,November,2,Thursday,18,22,Rural,Medium Speed (Collector),No,40.99061667,-83.25995556,Complex/Circle,Dusk,Clear,6:00pm-6:59pm,27,6:00pm-6:59pm,43,Not Applicable (Not Transported),Not Applicable (Not Transported),1,Twilight,Clear,1,1,['Driver'],['None_Used'],1,1,Valid,0.0,1.0,77.0,33.0,"['Male', 'Female']",0,0,5,4,5,Dry,Straight,Level,Lowest,No
26092,39,Ohio,391001,0,1,1,0,1,URBANA,November,4,Saturday,10,28,Urban,Low Speed (Local),No,40.09821944,-83.72313056,Non-Intersection,Daylight,Clear,10:00am-10:59am,29,10:00am-10:59am,36,Not Applicable (Not Transported),Not Applicable (Not Transported),1,Daylight,Clear,1,0,['Driver'],['None_Used'],0,0,Valid,0.0,0.0,75.0,75.0,['Male'],0,0,3,4,3,Dry,Curve,Level,Lowest,No
26093,39,Ohio,391002,0,2,2,0,3,NOT APPLICABLE,November,3,Friday,14,38,Rural,Medium Speed (Collector),No,41.38361389,-80.53794167,Non-Intersection,Daylight,Cloudy,Unknown,Unknown,Unknown EMS Scene Arrival Hour,Unknown EMS Scene Arrival Minutes,Unknown,Unknown EMS Hospital Arrival Time,2,Daylight,Reduced Visibility,2,1,"['Driver', 'Driver']","['Shoulder_Lapbelt', 'Shoulder_Lapbelt']",0,0,Valid,1.0,1.0,82.0,51.0,"['Male', 'Male']",0,0,3,4,5,Dry,Curve,Grade/Hillcrest,Lowest,No
26094,39,Ohio,391003,0,3,3,0,3,SUGARCREEK,November,2,Thursday,11,33,Rural,Medium Speed (Collector),No,40.516325,-81.66500278,Simple Junction,Daylight,Clear,11:00am-11:59am,28,11:00am-11:59am,34,Not Applicable (Not Transported),Not Applicable (Not Transported),1,Daylight,Clear,1,2,['Driver'],['None_Used'],0,0,Valid,0.0,3.0,75.0,28.0,"['Male', 'Male', 'Male']",0,0,4,4,5,Dry,Straight,Level,Lowest,No
26095,39,Ohio,391004,1,1,1,0,1,MIDDLETOWN,November,7,Tuesday,20,6,Urban,High Speed (Arterial),Yes,39.48886667,-84.324675,Non-Intersection,Dark - Not Lighted,Cloudy,8:00pm-8:59pm,9,8:00pm-8:59pm,12,Not Applicable (Not Transported),Not Applicable (Not Transported),1,Dark - Unlighted,Reduced Visibility,0,1,[],[],0,0,Valid,0.0,0.0,80.0,80.0,['Male'],0,0,2,4,4,Dry,Straight,Level,Lowest,No
26096,39,Ohio,391005,0,2,2,0,2,AURORA,September,5,Tuesday,16,3,Urban,Medium Speed (Collector),No,41.31738611,-81.32629167,Simple Junction,Daylight,Clear,4:00pm-4:59pm,3,4:00pm-4:59pm,6,4:00pm-4:59pm,36,1,Daylight,Clear,1,1,['Driver'],['None_Used'],0,0,Valid,0.0,0.0,50.0,26.0,"['Female', 'Male']",0,0,5,4,5,Dry,Straight,Grade/Hillcrest,Lowest,No
26097,39,Ohio,391006,0,2,1,1,1,AKRON,October,4,Wednesday,18,53,Urban,Low Speed (Local),No,41.02801111,-81.57505,Non-Intersection,Daylight,Clear,6:00pm-6:59pm,54,7:00pm-7:59pm,1,7:00pm-7:59pm,21,1,Daylight,Clear,1,0,['Driver'],['None_Used'],0,0,Valid,1.0,0.0,58.0,58.0,['Female'],0,0,5,4,5,Dry,Straight,Level,Lowest,No
26098,39,Ohio,391007,0,1,1,0,1,NOT APPLICABLE,October,21,Saturday,4,44,Urban,High Speed (Arterial),Yes,39.22696389,-84.64686667,Non-Intersection,Dark - Lighted,Cloudy,4:00am-4:59am,46,4:00am-4:59am,54,Not Applicable (Not Transported),Not Applicable (Not Transported),1,Dark - Lighted,Reduced Visibility,1,0,['Driver'],['None_Used'],1,1,Invalid,0.0,1.0,27.0,27.0,['Female'],1,0,3,4,3,Dry,Curve,Level,Lowest,No
26099,39,Ohio,391008,0,1,1,0,2,NOT APPLICABLE,October,20,Friday,0,5,Urban,Low Speed (Local),No,39.26413056,-84.59536111,Non-Intersection,Dark - Not Lighted,Rain,0:00am-0:59am,7,0:00am-0:59am,14,Not Applicable (Not Transported),Not Applicable (Not Transported),2,Dark - Unlighted,Rain/Wind/Minor,2,0,"['Driver', 'Front_Passenger']","['Shoulder_Lapbelt', 'Shoulder_Lapbelt']",1,1,Valid,1.0,3.0,34.0,34.0,['Male'],2,0,2,4,3,Wet/Standing Water,Straight,Grade/Hillcrest,Lowest,No
26100,39,Ohio,391009,0,3,3,0,4,COLUMBUS,October,21,Saturday,18,33,Urban,High Speed (Arterial),Yes,40.08788889,-82.99273056,Complex/Circle,Daylight,Clear,6:00pm-6:59pm,35,6:00pm-6:59pm,39,6:00pm-6:59pm,51,1,Daylight,Clear,1,3,['Front_Passenger'],['Shoulder_Lapbelt'],1,1,Valid,2.0,0.0,32.0,15.0,"['Male', 'Male', 'Male']",2,0,3,4,5,Dry,Straight,Level,Lowest,No
26101,39,Ohio,391010,0,2,2,0,2,NOT APPLICABLE,November,4,Saturday,21,48,Rural,Low Speed (Local),No,40.31211667,-83.16727778,Non-Intersection,Dark - Not Lighted,Cloudy,9:00pm-9:59pm,46,9:00pm-9:59pm,53,Not Applicable (Not Transported),Not Applicable (Not Transported),1,Dark - Unlighted,Reduced Visibility,1,1,['Driver'],['None_Used'],1,2,Valid,0.0,1.0,59.0,33.0,"['Male', 'Male']",0,0,5,4,1,Dry,Curve,Grade/Hillcrest,Lowest,No