,State_Code,State_Name,Crash_ID,Count_Non_Motorists,Count_Vehicles_Total,Count_Vehicle_Forms,Count_PVH_Involved,Count_Occupants_MV,City_Name,Month_Name,Day_of_Month,Day_of_Week,Crash_Hour,Crash_Minute,Area_Rural_Urban,Road_Functional_Class,On_NHS_Road,Latitude,Longitude,Intersection_Type,Light_Condition,Weather_Condition,Notif_Hour,Notif_Minute,Arrival_Hour,Arrival_Minute,Hospital_Hour,Hospital_Minute,Fatalities_Count,Clean_Light_Condition,Clean_Weather_Condition,Total_Killed,Total_Alive,Fatal_Seats_List,Killed_Restraint_List,Any_Driver_Drinking,Total_Drinking_Drivers,Driver_License_Category,Driver_Max_Prev_Accident_Count,Driver_Max_Prev_Speeding_Count,Max_Driver_Age,Min_Driver_Age,Driver_Sex_List,Total_Exceeding_Limit_Vehicles,Total_Too_Fast_Vehicles,Max_Vehicle_Type_Severity_5,Max_Vehicle_Damage_Rank,Max_Harmful_Event_Severity,Crash_Road_Surface_Condition,Crash_Horizontal_Alignment,Crash_Vertical_Profile,Crash_Impairment_Category,Crash_Vehicle_Defect
26102,39,Ohio,391011,0,1,1,0,1,NEWARK,November,12,Sunday,10,46,Urban,Medium Speed (Collector),No,40.05220278,-82.44138611,Non-Intersection,Daylight,Clear,10:00am-10:59am,47,10:00am-10:59am,54,Not Applicable (Not Transported),Not Applicable (Not Transported),1,Daylight,Clear,1,0,['Driver'],['Shoulder_Lapbelt'],0,0,Valid,1.0,1.0,18.0,18.0,['Male'],0,0,2,4,3,Wet/Standing Water,Straight,Level,Lowest,No
26103,39,Ohio,391012,1,1,1,0,1,CINCINNATI,October,21,Saturday,11,58,Urban,High Speed (Arterial),Yes,39.18488611,-84.56806111,Non-Intersection,Daylight,Clear,11:00am-11:59am,59,12:00pm-12:59pm,6,12:00pm-12:59pm,20,1,Daylight,Clear,0,1,[],[],0,0,Invalid,0.0,0.0,57.0,57.0,['Female'],0,0,2,2,4,Dry,Curve,Level,Lowest,No
26104,39,Ohio,391013,0,2,2,0,2,NOT APPLICABLE,November,5,Sunday,21,8,Urban,High Speed (Arterial),Yes,39.00000833,-82.07618889,Non-Intersection,Dark - Not Lighted,Clear,9:00pm-9:59pm,11,9:00pm-9:59pm,17,10:00pm-10:59pm,1,2,Dark - Unlighted,Clear,2,0,"['Driver', 'Driver']","['None_Used', 'Shoulder_Lapbelt']",0,0,Valid,3.0,0.0,33.0,30.0,"['Male', 'Male']",1,0,2,4,5,Dry,Curve,Grade/Hillcrest,Lowest,No
26105,39,Ohio,391014,1,1,1,0,1,CINCINNATI,September,2,Saturday,7,25,Urban,Medium Speed (Collector),No,39.10172222,-84.51304167,Non-Intersection,Daylight,Clear,7:00am-7:59am,27,7:00am-7:59am,30,Unknown,Unknown EMS Hospital Arrival Time,1,Daylight,Clear,0,1,[],[],0,0,Invalid,3.0,1.0,50.0,50.0,['Male'],0,0,2,2,4,Dry,Straight,Level,Lowest,No
26106,39,Ohio,391015,1,1,1,0,1,CINCINNATI,October,27,Friday,0,45,Urban,Low Speed (Local),No,39.1357,-84.48618056,Non-Intersection,Dark - Lighted,Reported as Unknown,0:00am-0:59am,47,0:00am-0:59am,49,1:00am-1:59am,0,1,Dark - Lighted,Clear,0,1,[],[],0,0,Invalid,0.0,0.0,998.0,998.0,['Other'],0,0,1,0,4,Dry,Straight,Level,Lowest,No
26107,39,Ohio,391016,0,2,2,0,2,NOT APPLICABLE,November,9,Thursday,15,48,Rural,Medium Speed (Collector),No,40.94601111,-81.76362222,Complex/Circle,Daylight,Cloudy,9:00pm-9:59pm,10,9:00pm-9:59pm,18,10:00pm-10:59pm,4,1,Daylight,Reduced Visibility,1,1,['Driver'],['Shoulder_Lapbelt'],1,1,Valid,0.0,0.0,72.0,18.0,"['Male', 'Male']",0,0,2,4,5,Dry,Straight,Level,Lowest,No
26108,39,Ohio,391017,1,1,1,0,1,CLEVELAND,September,9,Saturday,18,17,Urban,Medium Speed (Collector),No,41.46764722,-81.75145556,Complex/Circle,Daylight,Clear,6:00pm-6:59pm,16,6:00pm-6:59pm,25,6:00pm-6:59pm,45,1,Daylight,Clear,0,1,[],[],0,0,Valid,1.0,0.0,59.0,59.0,['Male'],0,0,4,1,4,Dry,Straight,Level,Lowest,No
26109,39,Ohio,391018,0,1,1,0,1,CINCINNATI,August,22,Tuesday,7,11,Urban,High Speed (Arterial),No,39.12928056,-84.58501111,Non-Intersection,Daylight,Clear,7:00am-7:59am,13,7:00am-7:59am,16,7:00am-7:59am,30,1,Daylight,Clear,1,0,['Driver'],['Shoulder_Lapbelt'],0,0,Invalid,0.0,0.0,22.0,22.0,['Male'],1,0,2,4,3,Dry,Curve,Grade/Hillcrest,Lowest,Yes
26110,39,Ohio,391019,0,2,2,0,3,CLEVELAND,September,19,Tuesday,21,6,Urban,Medium Speed (Collector),No,41.42793056,-81.826325,Non-Intersection,Dark - Lighted,Clear,9:00pm-9:59pm,10,9:00pm-9:59pm,11,9:00pm-9:59pm,35,1,Dark - Lighted,Clear,1,2,['Driver'],['None_Used'],1,2,Invalid,1.0,0.0,50.0,27.0,"['Male', 'Male']",2,0,5,4,5,Dry,Straight,Level,Lowest,No
26111,39,Ohio,391020,0,1,1,0,1,NOT APPLICABLE,November,10,Friday,16,14,Rural,High Speed (Arterial),Yes,40.06514444,-82.26659722,Non-Intersection,Daylight,Clear,4:00pm-4:59pm,13,4:00pm-4:59pm,25,5:00pm-5:59pm,6,1,Daylight,Clear,1,0,['Driver'],['None_Used'],1,1,Valid,0.0,0.0,51.0,51.0,['Male'],0,0,2,4,3,Dry,Curve,Level,Lowest,No
26112,39,Ohio,391021,0,2,2,0,3,NOT APPLICABLE,November,9,Thursday,16,42,Rural,Medium Speed (Collector),No,39.40783889,-83.75863333,Non-Intersection,Daylight,Clear,4:00pm-4:59pm,38,4:00pm-4:59pm,48,5:00pm-5:59pm,24,1,Daylight,Clear,1,2,['Driver'],['Shoulder_Lapbelt'],0,0,Valid,3.0,0.0,43.0,42.0,"['Female', 'Male']",0,0,3,4,5,Dry,Straight,Level,Lowest,No
26113,39,Ohio,391022,0,2,2,0,2,NOT APPLICABLE,November,9,Thursday,5,48,Rural,Medium Speed (Collector),No,40.16258889,-84.60635,Non-Intersection,Dark - Not Lighted,Cloudy,5:00am-5:59am,48,6:00am-6:59am,2,Not Applicable (Not Transported),Not Applicable (Not Transported),1,Dark - Unlighted,Reduced Visibility,1,1,['Driver'],['Shoulder_Lapbelt'],0,0,Valid,0.0,0.0,47.0,37.0,"['Male', 'Male']",0,0,4,4,5,Dry,Straight,Level,Lowest,No
26114,39,Ohio,391023,0,2,2,0,3,NOT APPLICABLE,November,9,Thursday,14,27,Rural,Low Speed (Local),No,39.41800278,-82.42723889,Non-Intersection,Daylight,Clear,2:00pm-2:59pm,43,2:00pm-2:59pm,52,Unknown,Unknown EMS Hospital Arrival Time,1,Daylight,Clear,1,2,['Driver'],['Shoulder_Lapbelt'],0,0,Valid,1.0,0.0,53.0,43.0,"['Male', 'Female']",0,0,3,4,5,Dry,Curve,Grade/Hillcrest,Lowest,No
26115,39,Ohio,391024,0,1,1,0,1,NOT APPLICABLE,November,8,Wednesday,18,8,Urban,High Speed (Arterial),Yes,40.46936667,-81.43456667,Non-Intersection,Dark - Not Lighted,Clear,6:00pm-6:59pm,11,6:00pm-6:59pm,14,6:00pm-6:59pm,44,1,Dark - Unlighted,Clear,1,0,['Driver'],['None_Used'],0,0,Valid,0.0,0.0,20.0,20.0,['Male'],1,0,5,4,1,Dry,Curve,Level,Lowest,No
26116,39,Ohio,391025,0,1,1,0,1,NOT APPLICABLE,November,12,Sunday,8,58,Rural,Medium Speed (Collector),No,39.94168056,-83.21639167,Non-Intersection,Daylight,Clear,9:00am-9:59am,0,9:00am-9:59am,8,Not Applicable (Not Transported),Not Applicable (Not Transported),1,Daylight,Clear,1,0,['Driver'],['None_Used'],0,0,Valid,0.0,0.0,27.0,27.0,['Male'],0,0,2,4,3,Dry,Straight,Level,Lowest,No
26117,39,Ohio,391026,0,1,1,0,1,NOT APPLICABLE,November,15,Wednesday,4,27,Rural,Medium Speed (Collector),No,41.74230556,-80.57046389,Non-Intersection,Dark - Not Lighted,Clear,Unknown,Unknown,Unknown EMS Scene Arrival Hour,Unknown EMS Scene Arrival Minutes,Not Applicable (Not Transported),Not Applicable (Not Transported),1,Dark - Unlighted,Clear,1,0,['Driver'],['None_Used'],0,0,Valid,0.0,0.0,39.0,39.0,['Female'],0,0,2,4,3,Dry,Straight,Level,Lowest,No
26118,39,Ohio,391028,0,1,1,0,1,CINCINNATI,November,16,Thursday,20,46,Urban,Medium Speed (Collector),No,39.19705,-84.50691667,Non-Intersection,Dark - Lighted,Cloudy,8:00pm-8:59pm,52,8:00pm-8:59pm,58,Not Applicable (Not Transported),Not Applicable (Not Transported),1,Dark - Lighted,Reduced Visibility,1,0,['Driver'],['Shoulder_Lapbelt'],1,1,Valid,0.0,0.0,38.0,38.0,['Male'],1,0,2,4,3,Dry,Curve,Grade/Hillcrest,Lowest,No
26119,39,Ohio,391029,0,1,1,0,1,TOLEDO,November,17,Friday,22,26,Urban,Medium Speed (Collector),No,41.61003889,-83.64628889,Non-Intersection,Dark - Lighted,Clear,10:00pm-10:59pm,29,10:00pm-10:59pm,31,10:00pm-10:59pm,53,1,Dark - Lighted,Clear,1,0,['Driver'],['Shoulder_Lapbelt'],1,1,Valid,1.0,0.0,23.0,23.0,['Male'],0,0,2,4,3,Dry,Straight,Level,Lowest,No
26120,39,Ohio,391030,0,1,1,0,4,TOLEDO,November,17,Friday,23,22,Urban,Medium Speed (Collector),No,41.641075,-83.52543889,Non-Intersection,Dark - Lighted,Cloudy,11:00am-11:59am,17,11:00am-11:59am,17,11:00pm-11:59pm,52,1,Dark - Lighted,Reduced Visibility,1,3,['Driver'],['None_Used'],0,0,Invalid,0.0,0.0,25.0,25.0,['Male'],0,0,3,4,3,Dry,Straight,Level,Lowest,No
26121,39,Ohio,391031,2,3,2,1,3,TOLEDO,November,19,Sunday,19,34,Urban,High Speed (Arterial),Yes,41.68073056,-83.60421944,Complex/Circle,Dark - Lighted,Clear,7:00pm-7:59pm,49,7:00pm-7:59pm,54,8:00pm-8:59pm,8,1,Dark - Lighted,Clear,1,2,['Front_Passenger'],['Shoulder_Lapbelt'],0,0,Valid,2.0,0.0,40.0,36.0,"['Male', 'Male']",2,0,3,4,5,Dry,Straight,Level,Lowest,No
26122,39,Ohio,391032,0,1,1,0,1,NOT APPLICABLE,November,13,Monday,21,44,Urban,High Speed (Arterial),No,40.80121944,-84.104125,Non-Intersection,Dark - Not Lighted,Clear,9:00pm-9:59pm,45,9:00pm-9:59pm,55,Not Applicable (Not Transported),Not Applicable (Not Transported),1,Dark - Unlighted,Clear,1,0,['Driver'],['None_Used'],1,1,Valid,1.0,2.0,43.0,43.0,['Female'],0,0,3,4,3,Dry,Curve,Level,Lowest,No
26123,39,Ohio,391033,0,2,2,0,2,NOT APPLICABLE,November,15,Wednesday,15,53,Rural,Medium Speed (Collector),No,40.69735,-81.76531111,Complex/Circle,Daylight,Clear,3:00pm-3:59pm,55,4:00pm-4:59pm,16,5:00pm-5:59pm,37,1,Daylight,Clear,1,1,['Driver'],['None_Used'],0,0,Valid,3.0,0.0,69.0,65.0,"['Male', 'Male']",0,0,3,4,5,Dry,Straight,Level,Lowest,No
26124,39,Ohio,391034,0,3,3,0,3,NOT APPLICABLE,August,31,Thursday,5,18,Urban,Medium Speed (Collector),No,39.35613056,-84.17498889,Simple Junction,Dark - Not Lighted,Clear,5:00am-5:59am,18,5:00am-5:59am,20,5:00am-5:59am,40,1,Dark - Unlighted,Clear,1,2,['Driver'],['None_Used'],0,0,Valid,0.0,0.0,55.0,41.0,"['Male', 'Male', 'Male']",0,0,5,4,5,Dry,Straight,Level,Lowest,No
26125,39,Ohio,391035,1,1,1,0,1,CINCINNATI,September,23,Saturday,21,22,Urban,High Speed (Arterial),No,39.12326667,-84.60218889,Simple Junction,Dark - Lighted,Clear,Unknown,Unknown,Unknown EMS Scene Arrival Hour,Unknown EMS Scene Arrival Minutes,Unknown,Unknown EMS Hospital Arrival Time,1,Dark - Lighted,Clear,0,1,[],[],0,0,Valid,1.0,1.0,25.0,25.0,['Male'],0,0,2,3,4,Dry,Straight,Level,Lowest,No
26126,39,Ohio,391036,0,1,1,0,1,NOT APPLICABLE,November,17,Friday,8,0,Rural,High Speed (Arterial),Yes,41.60500556,-84.41917222,Non-Intersection,Daylight,Cloudy,8:00am-8:59am,6,8:00am-8:59am,27,9:00am-9:59am,16,1,Daylight,Reduced Visibility,1,0,['Driver'],['Shoulder_Lapbelt'],0,0,Valid,0.0,0.0,49.0,49.0,['Male'],0,0,3,4,3,Dry,Straight,Grade/Hillcrest,Lowest,No
26127,39,Ohio,391037,0,2,2,0,4,NOT APPLICABLE,November,17,Friday,18,45,Rural,High Speed (Arterial),Yes,38.72094167,-83.04832222,Non-Intersection,Dark - Not Lighted,Cloudy,6:00pm-6:59pm,48,6:00pm-6:59pm,52,7:00pm-7:59pm,10,1,Dark - Unlighted,Reduced Visibility,1,3,['Driver'],['Shoulder_Lapbelt'],0,0,Valid,1.0,0.0,35.0,33.0,"['Male', 'Female']",0,0,3,4,5,Wet/Standing Water,Straight,Level,Lowest,No
26128,39,Ohio,391038,1,1,1,0,3,NOT APPLICABLE,November,18,Saturday,19,57,Urban,Medium Speed (Collector),No,39.90781111,-83.87256667,Non-Intersection,Dark - Not Lighted,Clear,7:00pm-7:59pm,54,8:00pm-8:59pm,0,Not Applicable (Not Transported),Not Applicable (Not Transported),1,Dark - Unlighted,Clear,0,3,[],[],0,0,Valid,0.0,0.0,27.0,27.0,['Female'],0,0,2,3,4,Dry,Straight,Level,Lowest,No
26129,39,Ohio,391040,0,2,2,0,2,NOT APPLICABLE,November,14,Tuesday,13,45,Rural,Medium Speed (Collector),No,40.12169722,-80.98453333,Non-Intersection,Daylight,Clear,1:00pm-1:59pm,46,1:00pm-1:59pm,56,2:00pm-2:59pm,30,1,Daylight,Clear,1,1,['Driver'],['Shoulder_Lapbelt'],0,0,Valid,0.0,0.0,49.0,32.0,"['Male', 'Female']",0,0,3,4,5,Dry,Straight,Grade/Hillcrest,Lowest,No
26130,39,Ohio,391041,0,1,1,0,1,NOT APPLICABLE,October,27,Friday,3,32,Rural,Medium Speed (Collector),No,40.76693889,-82.92228611,Non-Intersection,Dark - Not Lighted,Clear,3:00am-3:59am,34,3:00am-3:59am,49,4:00am-4:59am,57,1,Dark - Unlighted,Clear,1,0,['Driver'],['None_Used'],0,0,Valid,0.0,0.0,36.0,36.0,['Male'],0,0,5,4,1,Dry,Straight,Level,Lowest,No
26131,39,Ohio,391042,0,2,2,0,3,PEPPER PIKE,November,22,Wednesday,13,42,Urban,Medium Speed (Collector),No,41.46656944,-81.46739167,Non-Intersection,Daylight,Cloudy,1:00pm-1:59pm,46,1:00pm-1:59pm,50,2:00pm-2:59pm,15,1,Daylight,Reduced Visibility,1,2,['Driver'],['Shoulder_Lapbelt'],0,0,Valid,0.0,2.0,79.0,65.0,"['Male', 'Male']",0,0,2,4,5,Wet/Standing Water,Straight,Grade/Hillcrest,Lowest,No
26132,39,Ohio,391043,1,1,1,0,4,NOT APPLICABLE,November,17,Friday,21,12,Urban,High Speed (Arterial),Yes,39.24522222,-84.59468333,Complex/Circle,Dark - Lighted,Clear,9:00pm-9:59pm,12,9:00pm-9:59pm,15,9:00pm-9:59pm,42,1,Dark - Lighted,Clear,0,4,[],[],0,0,Valid,0.0,0.0,21.0,21.0,['Female'],0,0,2,2,4,Dry,Straight,Level,Lowest,No
26133,39,Ohio,391044,0,5,5,0,24,NOT APPLICABLE,November,14,Tuesday,8,48,Urban,High Speed (Arterial),Yes,39.94830278,-82.67078056,Non-Intersection,Daylight,Clear,8:00am-8:59am,53,9:00am-9:59am,7,9:00am-9:59am,25,6,Daylight,Clear,6,18,"['Driver', 'Front_Passenger', 'Rear_Seat', 'Non_Standard_Risk', 'Non_Standard_Risk', 'Non_Standard_Risk']","['Shoulder_Lapbelt', 'Shoulder_Lapbelt', 'Shoulder_Lapbelt', 'None_Used', 'None_Used', 'None_Used']",0,0,Valid,2.0,1.0,75.0,37.0,"['Male', 'Male', 'Male', 'Male', 'Male']",0,0,4,4,5,Dry,Straight,Level,Lowest,No
26134,39,Ohio,391045,1,1,1,0,1,NOT APPLICABLE,November,15,Wednesday,20,28,Urban,High Speed (Arterial),Yes,39.9879,-82.48298056,Non-Intersection,Dark - Not Lighted,Clear,8:00pm-8:59pm,26,8:00pm-8:59pm,30,8:00pm-8:59pm,53,1,Dark - Unlighted,Clear,0,1,[],[],0,0,Valid,1.0,0.0,62.0,62.0,['Male'],0,0,3,3,4,Dry,Straight,Level,Lowest,No
26135,39,Ohio,391046,0,2,2,0,2,NOT APPLICABLE,November,17,Friday,22,54,Rural,High Speed (Arterial),Yes,41.30843611,-80.97282778,Complex/Circle,Dark - Not Lighted,Cloudy,10:00pm-10:59pm,52,11:00pm-11:59pm,1,Not Applicable (Not Transported),Not Applicable (Not Transported),1,Dark - Unlighted,Reduced Visibility,1,1,['Driver'],['Shoulder_Lapbelt'],1,1,Valid,0.0,1.0,55.0,23.0,"['Male', 'Male']",0,0,3,4,5,Dry,Straight,Level,Lowest,No
26136,39,Ohio,391047,0,1,1,0,1,NOT APPLICABLE,October,26,Thursday,16,9,Rural,Medium Speed (Collector),No,40.70755,-80.583475,Non-Intersection,Daylight,Cloudy,4:00pm-4:59pm,10,4:00pm-4:59pm,19,4:00pm-4:59pm,38,1,Daylight,Reduced Visibility,1,0,['Driver'],['None_Used'],0,0,Valid,0.0,0.0,70.0,70.0,['Male'],1,0,5,4,2,Dry,Curve,Grade/Hillcrest,Lowest,No
26137,39,Ohio,391048,0,2,2,0,5,NOT APPLICABLE,September,30,Saturday,19,3,Urban,High Speed (Arterial),Yes,39.83466667,-84.18962222,Non-Intersection,Daylight,Clear,7:00pm-7:59pm,6,7:00pm-7:59pm,15,7:00pm-7:59pm,42,1,Daylight,Clear,1,4,['Driver'],['None_Used'],1,1,Valid,0.0,0.0,53.0,48.0,"['Male', 'Male']",0,0,3,4,5,Dry,Straight,Level,Lowest,No
26138,39,Ohio,391049,0,2,2,0,2,BEAVER CREEK,October,5,Thursday,22,25,Urban,High Speed (Arterial),Yes,39.72871389,-84.07144167,Non-Intersection,Dark - Lighted,Rain,10:00pm-10:59pm,27,10:00pm-10:59pm,39,Not Applicable (Not Transported),Not Applicable (Not Transported),1,Dark - Lighted,Rain/Wind/Minor,1,1,['Driver'],['Shoulder_Lapbelt'],1,1,Invalid,3.0,4.0,29.0,27.0,"['Male', 'Female']",0,0,3,4,5,Wet/Standing Water,Straight,Grade/Hillcrest,Lowest,No
26139,39,Ohio,391051,0,1,1,0,1,NOT APPLICABLE,November,2,Thursday,14,37,Rural,Low Speed (Local),No,40.340725,-84.20891944,Non-Intersection,Daylight,Clear,2:00pm-2:59pm,38,2:00pm-2:59pm,48,Not Applicable (Not Transported),Not Applicable (Not Transported),1,Daylight,Clear,1,0,['Driver'],['None_Used'],0,0,Valid,3.0,3.0,63.0,63.0,['Male'],0,0,2,4,3,Dry,Straight,Grade/Hillcrest,Lowest,No
26140,39,Ohio,391052,0,1,1,0,1,NOT APPLICABLE,November,9,Thursday,23,13,Rural,Medium Speed (Collector),No,39.27457778,-82.42115,Non-Intersection,Dark - Not Lighted,Clear,Unknown,Unknown,11:00pm-11:59pm,41,Unknown,Unknown EMS Hospital Arrival Time,1,Dark - Unlighted,Clear,1,0,['Driver'],['None_Used'],1,1,Invalid,1.0,1.0,25.0,25.0,['Male'],1,0,3,4,2,Dry,Curve,Grade/Hillcrest,Lowest,No
26141,39,Ohio,391053,0,1,1,0,1,MARION,November,15,Wednesday,12,38,Urban,Medium Speed (Collector),No,40.5886,-83.14115,Non-Intersection,Daylight,Clear,12:00pm-12:59pm,38,12:00pm-12:59pm,44,1:00pm-1:59pm,11,1,Daylight,Clear,1,0,['Driver'],['None_Used'],0,0,Invalid,1.0,3.0,26.0,26.0,['Male'],0,0,2,4,3,Dry,Straight,Level,Lowest,No
26142,39,Ohio,391054,0,1,1,0,1,NOT APPLICABLE,November,17,Friday,18,47,Rural,Medium Speed (Collector),No,41.17494167,-83.16860278,Non-Intersection,Dark - Not Lighted,Cloudy,6:00pm-6:59pm,52,6:00pm-6:59pm,58,Not Applicable (Not Transported),Not Applicable (Not Transported),1,Dark - Unlighted,Reduced Visibility,1,0,['Driver'],['Shoulder_Lapbelt'],0,0,Valid,0.0,2.0,28.0,28.0,['Male'],1,0,2,4,3,Wet/Standing Water,Straight,Level,Lowest,No
26143,39,Ohio,391055,0,1,1,0,2,NOT APPLICABLE,November,18,Saturday,2,30,Rural,Medium Speed (Collector),No,40.65594722,-82.05256389,Complex/Circle,Dark - Not Lighted,Cloudy,2:00am-2:59am,35,2:00am-2:59am,48,Not Applicable (Not Transported),Not Applicable (Not Transported),2,Dark - Unlighted,Reduced Visibility,2,0,"['Driver', 'Front_Passenger']","['None_Used', 'None_Used']",0,0,Invalid,0.0,0.0,18.0,18.0,['Male'],0,0,3,4,3,Dry,Straight,Grade/Hillcrest,Lowest,No
26144,39,Ohio,391056,1,1,1,0,1,NOT APPLICABLE,November,18,Saturday,0,17,Urban,Medium Speed (Collector),No,41.00900833,-81.49183889,Non-Intersection,Dark - Not Lighted,Cloudy,0:00am-0:59am,15,0:00am-0:59am,23,Not Applicable (Not Transported),Not Applicable (Not Transported),1,Dark - Unlighted,Reduced Visibility,0,1,[],[],1,1,Valid,4.0,0.0,30.0,30.0,['Female'],0,0,3,3,4,Wet/Standing Water,Straight,Grade/Hillcrest,Lowest,No
26145,39,Ohio,391057,0,1,1,0,1,NOT APPLICABLE,November,18,Saturday,17,17,Rural,Medium Speed (Collector),No,39.50056667,-82.69988611,Non-Intersection,Dusk,Clear,5:00pm-5:59pm,19,5:00pm-5:59pm,25,Not Applicable (Not Transported),Not Applicable (Not Transported),1,Twilight,Clear,1,0,['Driver'],['None_Used'],1,1,Valid,1.0,1.0,29.0,29.0,['Male'],1,0,2,4,3,Dry,Straight,Level,Lowest,No
26146,39,Ohio,391059,1,1,1,0,2,COLUMBUS,November,21,Tuesday,19,58,Urban,Medium Speed (Collector),No,40.09001111,-82.99261111,Complex/Circle,Dark - Not Lighted,Rain,8:00pm-8:59pm,2,8:00pm-8:59pm,5,Not Applicable (Not Transported),Not Applicable (Not Transported),1,Dark - Unlighted,Rain/Wind/Minor,0,2,[],[],0,0,Valid,0.0,0.0,42.0,42.0,['Female'],0,0,2,3,4,Wet/Standing Water,Straight,Grade/Hillcrest,Lowest,No
26147,39,Ohio,391060,0,2,2,0,2,CLEVELAND,November,21,Tuesday,9,13,Urban,Medium Speed (Collector),No,41.52836389,-81.63887778,Simple Junction,Daylight,Rain,9:00am-9:59am,15,9:00am-9:59am,23,9:00am-9:59am,37,1,Daylight,Rain/Wind/Minor,1,1,['Driver'],['None_Used'],0,0,Valid,1.0,0.0,62.0,47.0,"['Female', 'Male']",0,0,4,4,5,Wet/Standing Water,Straight,Level,Lowest,No
26148,39,Ohio,391062,0,2,2,0,2,NEW ALBANY,November,23,Thursday,18,9,Urban,High Speed (Arterial),Yes,40.11454722,-82.77233889,Non-Intersection,Dark - Not Lighted,Clear,6:00pm-6:59pm,10,6:00pm-6:59pm,16,6:00pm-6:59pm,42,1,Dark - Unlighted,Clear,1,1,['Driver'],['None_Used'],1,1,Valid,0.0,2.0,30.0,27.0,"['Male', 'Male']",0,0,5,4,5,Dry,Curve,Level,Lowest,No
26149,39,Ohio,391063,0,2,2,0,2,COLUMBUS,November,26,Sunday,11,30,Urban,Medium Speed (Collector),No,39.91445278,-82.85618611,Simple Junction,Daylight,Rain,11:00am-11:59am,31,11:00am-11:59am,36,11:00am-11:59am,56,1,Daylight,Rain/Wind/Minor,1,1,['Driver'],['Shoulder_Lapbelt'],0,0,Invalid,0.0,0.0,46.0,32.0,"['Female', 'Female']",1,0,3,4,5,Wet/Standing Water,Straight,Level,Lowest,No
26150,39,Ohio,391064,0,1,1,0,1,NOT APPLICABLE,November,5,Sunday,1,4,Urban,High Speed (Arterial),Yes,39.17096111,-84.40334722,Non-Intersection,Dark - Not Lighted,Cloudy,1:00am-1:59am,8,1:00am-1:59am,21,1:00am-1:59am,45,1,Dark - Unlighted,Reduced Visibility,1,0,['Driver'],['None_Used'],0,0,Valid,0.0,0.0,61.0,61.0,['Female'],0,0,2,4,3,Dry,Curve,Grade/Hillcrest,Medium,No
26151,39,Ohio,391065,0,7,7,0,4,NOT APPLICABLE,November,30,Thursday,10,53,Urban,High Speed (Arterial),No,40.79363611,-81.45880833,Complex/Circle,Daylight,Clear,10:00am-10:59am,50,10:00am-10:59am,54,Not Applicable (Not Transported),Not Applicable (Not Transported),2,Daylight,Clear,2,2,"['Driver', 'Front_Passenger']","['None_Used', 'None_Used']",0,0,Valid,1.0,2.0,71.0,48.0,"['Male', 'Female', 'Female']",0,0,4,4,5,Dry,Straight,Grade/Hillcrest,Lowest,No
26152,39,Ohio,391066,0,2,2,0,4,NOT APPLICABLE,November,27,Monday,21,45,Urban,Medium Speed (Collector),No,39.79909444,-84.25286667,Non-Intersection,Dark - Lighted,Clear,9:00pm-9:59pm,46,9:00pm-9:59pm,51,10:00pm-10:59pm,15,1,Dark - Lighted,Clear,1,3,['Driver'],['Shoulder_Lapbelt'],1,1,Invalid,1.0,1.0,36.0,27.0,"['Male', 'Male']",0,0,3,4,5,Dry,Straight,Level,Lowest,No
26153,39,Ohio,391067,0,2,2,0,5,NOT APPLICABLE,November,25,Saturday,13,24,Urban,Low Speed (Local),No,39.95534444,-83.14568333,Complex/Circle,Daylight,Clear,1:00pm-1:59pm,26,1:00pm-1:59pm,31,2:00pm-2:59pm,1,1,Daylight,Clear,1,4,['Driver'],['Shoulder_Lapbelt'],0,0,Invalid,0.0,1.0,36.0,15.0,"['Male', 'Male']",0,0,2,4,5,Dry,Straight,Level,Lowest,No
26154,39,Ohio,391068,1,1,1,0,1,NOT APPLICABLE,November,27,Monday,17,33,Rural,Medium Speed (Collector),No,41.07488056,-81.24337222,Non-Intersection,Dark - Not Lighted,Cloudy,5:00pm-5:59pm,32,5:00pm-5:59pm,34,Not Applicable (Not Transported),Not Applicable (Not Transported),1,Dark - Unlighted,Reduced Visibility,0,1,[],[],0,0,Valid,1.0,0.0,40.0,40.0,['Male'],0,0,2,4,4,Dry,Straight,Level,Lowest,No
26155,39,Ohio,391069,0,1,1,0,1,NOT APPLICABLE,November,29,Wednesday,12,46,Rural,Medium Speed (Collector),No,39.70124167,-83.00882222,Non-Intersection,Daylight,Clear,Unknown,Unknown if Notified,Unknown EMS Scene Arrival Hour,Unknown if Arrived,Not Applicable (Not Transported),Not Applicable (Not Transported),1,Daylight,Clear,1,0,['Driver'],['Shoulder_Lapbelt'],0,0,Invalid,0.0,0.0,42.0,42.0,['Female'],1,0,3,4,3,Dry,Curve,Grade/Hillcrest,Lowest,No
26156,39,Ohio,391070,0,1,1,0,1,MIAMISBURG,October,24,Tuesday,2,40,Urban,Medium Speed (Collector),No,39.63748333,-84.23462778,Non-Intersection,Dark - Lighted,Cloudy,2:00am-2:59am,41,2:00am-2:59am,47,3:00am-3:59am,7,1,Dark - Lighted,Reduced Visibility,1,0,['Driver'],['Shoulder_Lapbelt'],1,1,Valid,0.0,1.0,37.0,37.0,['Female'],1,0,2,4,3,Dry,Straight,Grade/Hillcrest,Lowest,No
26157,39,Ohio,391071,4,2,1,1,2,DAYTON,October,5,Thursday,14,26,Urban,High Speed (Arterial),Yes,39.78243889,-84.154125,Non-Intersection,Daylight,Cloudy,2:00pm-2:59pm,27,2:00pm-2:59pm,34,2:00pm-2:59pm,48,1,Daylight,Reduced Visibility,1,1,['Driver'],['None_Used'],0,0,Valid,0.0,0.0,80.0,80.0,['Male'],2,0,3,4,4,Wet/Standing Water,Straight,Grade/Hillcrest,Lowest,No
26158,39,Ohio,391072,0,3,3,0,6,CLEVELAND,October,28,Saturday,12,0,Urban,Medium Speed (Collector),No,41.45592222,-81.65095,Complex/Circle,Daylight,Rain,12:00pm-12:59pm,8,12:00pm-12:59pm,15,12:00pm-12:59pm,34,1,Daylight,Rain/Wind/Minor,1,5,['Driver'],['None_Used'],0,0,Valid,0.0,2.0,45.0,23.0,"['Male', 'Female', 'Male']",0,0,3,4,5,Wet/Standing Water,Straight,Level,Lowest,No