,State_Code,State_Name,Crash_ID,Count_Non_Motorists,Count_Vehicles_Total,Count_Vehicle_Forms,Count_PVH_Involved,Count_Occupants_MV,City_Name,Month_Name,Day_of_Month,Day_of_Week,Crash_Hour,Crash_Minute,Area_Rural_Urban,Road_Functional_Class,On_NHS_Road,Latitude,Longitude,Intersection_Type,Light_Condition,Weather_Condition,Notif_Hour,Notif_Minute,Arrival_Hour,Arrival_Minute,Hospital_Hour,Hospital_Minute,Fatalities_Count,Clean_Light_Condition,Clean_Weather_Condition,Total_Killed,Total_Alive,Fatal_Seats_List,Killed_Restraint_List,Any_Driver_Drinking,Total_Drinking_Drivers,Driver_License_Category,Driver_Max_Prev_Accident_Count,Driver_Max_Prev_Speeding_Count,Max_Driver_Age,Min_Driver_Age,Driver_Sex_List,Total_Exceeding_Limit_Vehicles,Total_Too_Fast_Vehicles,Max_Vehicle_Type_Severity_5,Max_Vehicle_Damage_Rank,Max_Harmful_Event_Severity,Crash_Road_Surface_Condition,Crash_Horizontal_Alignment,Crash_Vertical_Profile,Crash_Impairment_Category,Crash_Vehicle_Defect
26159,39,Ohio,391073,0,1,1,0,1,EUCLID,November,24,Friday,11,45,Urban,Medium Speed (Collector),No,41.58466944,-81.53420278,Non-Intersection,Daylight,Clear,11:00am-11:59am,53,11:00am-11:59am,58,Not Applicable (Not Transported),Not Applicable (Not Transported),1,Daylight,Clear,1,0,['Driver'],['Shoulder_Lapbelt'],0,0,Valid,0.0,1.0,32.0,32.0,['Female'],0,0,2,4,3,Dry,Straight,Level,Lowest,No
26160,39,Ohio,391074,0,1,1,0,1,CUYAHOGA FALLS,October,16,Monday,13,59,Urban,Low Speed (Local),No,41.13131944,-81.51083611,Non-Intersection,Daylight,Cloudy,2:00pm-2:59pm,1,2:00pm-2:59pm,5,2:00pm-2:59pm,16,1,Daylight,Reduced Visibility,1,0,['Driver'],['Shoulder_Lapbelt'],0,0,Valid,0.0,0.0,88.0,88.0,['Female'],1,0,2,4,3,Dry,Straight,Grade/Hillcrest,Lowest,No
26161,39,Ohio,391075,1,2,2,0,3,COLUMBUS,November,23,Thursday,20,12,Urban,High Speed (Arterial),No,39.91598889,-82.88835,Non-Intersection,Dark - Not Lighted,Clear,8:00pm-8:59pm,13,8:00pm-8:59pm,17,8:00pm-8:59pm,31,1,Dark - Unlighted,Clear,0,3,[],[],0,0,Invalid,0.0,1.0,52.0,41.0,"['Female', 'Female']",0,0,2,3,4,Dry,Straight,Level,Lowest,No
26162,39,Ohio,391076,0,2,2,0,4,NOT APPLICABLE,October,26,Thursday,16,56,Rural,Medium Speed (Collector),No,40.6221,-83.43380556,Non-Intersection,Daylight,Clear,4:00pm-4:59pm,57,5:00pm-5:59pm,10,Not Applicable (Not Transported),Not Applicable (Not Transported),4,Daylight,Clear,4,0,"['Driver', 'Front_Passenger', 'Driver', 'Front_Passenger']","['Shoulder_Lapbelt', 'Shoulder_Lapbelt', 'Shoulder_Lapbelt', 'Shoulder_Lapbelt']",0,0,Valid,0.0,0.0,81.0,26.0,"['Male', 'Female']",4,0,3,4,5,Dry,Straight,Grade/Hillcrest,Lowest,No
26163,39,Ohio,391077,0,2,2,0,2,NOT APPLICABLE,November,29,Wednesday,7,12,Rural,Medium Speed (Collector),No,40.43670278,-83.73596111,Non-Intersection,Dawn,Cloudy,7:00am-7:59am,32,8:00am-8:59am,4,8:00am-8:59am,43,1,Twilight,Reduced Visibility,1,1,['Driver'],['Shoulder_Lapbelt'],0,0,Valid,0.0,1.0,51.0,18.0,"['Male', 'Female']",0,0,3,4,5,Dry,Straight,Level,Lowest,No
26164,39,Ohio,391078,0,1,1,0,3,TOLEDO,December,7,Thursday,21,5,Urban,High Speed (Arterial),Yes,41.64569722,-83.5381,Simple Junction,Dark - Lighted,Cloudy,9:00pm-9:59pm,5,9:00pm-9:59pm,9,Not Applicable (Not Transported),Not Applicable (Not Transported),1,Dark - Lighted,Reduced Visibility,1,2,['Driver'],['Shoulder_Lapbelt'],0,0,Invalid,0.0,0.0,53.0,53.0,['Male'],0,0,3,4,3,Dry,Straight,Level,Lowest,No
26165,39,Ohio,391079,1,1,1,0,1,NOT APPLICABLE,November,18,Saturday,18,54,Urban,Medium Speed (Collector),No,41.24868056,-81.86070278,Non-Intersection,Dark - Not Lighted,Clear,6:00pm-6:59pm,59,7:00pm-7:59pm,3,Not Applicable (Not Transported),Not Applicable (Not Transported),1,Dark - Unlighted,Clear,0,1,[],[],0,0,Valid,0.0,0.0,25.0,25.0,['Male'],0,0,2,3,4,Dry,Straight,Level,Lowest,No
26166,39,Ohio,391080,0,2,2,0,2,NOT APPLICABLE,November,15,Wednesday,5,50,Rural,Medium Speed (Collector),No,38.91529444,-83.03690833,Non-Intersection,Dark - Not Lighted,Cloudy,6:00am-6:59am,15,7:00am-7:59am,30,7:00am-7:59am,51,1,Dark - Unlighted,Reduced Visibility,1,1,['Driver'],['None_Used'],0,0,Valid,3.0,2.0,47.0,25.0,"['Male', 'Male']",0,0,2,4,5,Dry,Straight,Level,Lowest,No
26167,39,Ohio,391081,1,1,1,0,1,NOT APPLICABLE,November,21,Tuesday,18,32,Urban,High Speed (Arterial),Yes,39.21362222,-84.58478333,Non-Intersection,Dark - Lighted,Rain,6:00pm-6:59pm,32,6:00pm-6:59pm,35,7:00pm-7:59pm,18,1,Dark - Lighted,Rain/Wind/Minor,0,1,[],[],0,0,Valid,0.0,0.0,24.0,24.0,['Male'],0,0,2,3,4,Wet/Standing Water,Straight,Level,Lowest,No
26168,39,Ohio,391082,0,3,3,0,8,NOT APPLICABLE,November,24,Friday,19,15,Rural,Medium Speed (Collector),No,40.90735833,-81.97859167,Non-Intersection,Dark - Not Lighted,Cloudy,7:00pm-7:59pm,19,7:00pm-7:59pm,27,8:00pm-8:59pm,2,1,Dark - Unlighted,Reduced Visibility,1,7,['Driver'],['Shoulder_Lapbelt'],1,1,Valid,0.0,0.0,52.0,26.0,"['Male', 'Female', 'Male']",1,0,3,4,5,Dry,Straight,Level,Lowest,No
26169,39,Ohio,391083,0,2,2,0,2,NOT APPLICABLE,November,24,Friday,10,55,Urban,High Speed (Arterial),No,40.8512,-81.27787222,Complex/Circle,Daylight,Cloudy,10:00am-10:59am,57,10:00am-10:59am,59,11:00am-11:59am,23,1,Daylight,Reduced Visibility,1,1,['Driver'],['Shoulder_Lapbelt'],0,0,Valid,0.0,1.0,36.0,22.0,"['Male', 'Male']",0,0,4,4,5,Dry,Straight,Level,Lowest,No
26170,39,Ohio,391084,0,2,2,0,2,NOT APPLICABLE,November,25,Saturday,22,5,Rural,Medium Speed (Collector),No,38.97399444,-83.96855278,Non-Intersection,Dark - Not Lighted,Clear,10:00pm-10:59pm,6,10:00pm-10:59pm,13,Unknown,Unknown EMS Hospital Arrival Time,1,Dark - Unlighted,Clear,1,1,['Driver'],['Shoulder_Lapbelt'],1,1,Valid,0.0,1.0,21.0,19.0,"['Male', 'Female']",0,0,2,4,5,Dry,Straight,Level,Lowest,No
26171,39,Ohio,391085,0,2,2,0,2,NOT APPLICABLE,November,28,Tuesday,9,3,Rural,High Speed (Arterial),Yes,38.99371389,-83.76752222,Complex/Circle,Daylight,Cloudy,9:00am-9:59am,3,9:00am-9:59am,6,Not Applicable (Not Transported),Not Applicable (Not Transported),1,Daylight,Reduced Visibility,1,1,['Driver'],['None_Used'],0,0,Valid,2.0,1.0,90.0,21.0,"['Male', 'Male']",0,0,4,4,5,Dry,Straight,Level,Lowest,No
26172,39,Ohio,391086,0,2,2,0,2,NOT APPLICABLE,November,30,Thursday,9,28,Rural,Medium Speed (Collector),No,41.018725,-84.63063056,Complex/Circle,Daylight,Cloudy,9:00am-9:59am,28,9:00am-9:59am,41,10:00am-10:59am,30,1,Daylight,Reduced Visibility,1,1,['Driver'],['Shoulder_Lapbelt'],0,0,Valid,1.0,0.0,54.0,16.0,"['Male', 'Male']",0,0,4,4,5,Dry,Straight,Level,Lowest,No
26173,39,Ohio,391087,1,1,1,0,1,NOT APPLICABLE,December,1,Friday,5,41,Urban,Medium Speed (Collector),No,39.881375,-83.84023056,Non-Intersection,Dark - Not Lighted,Rain,5:00am-5:59am,41,5:00am-5:59am,44,Not Applicable (Not Transported),Not Applicable (Not Transported),1,Dark - Unlighted,Rain/Wind/Minor,0,1,[],[],0,0,Valid,0.0,0.0,38.0,38.0,['Male'],0,0,2,4,4,Wet/Standing Water,Straight,Level,Lowest,No
26174,39,Ohio,391088,0,2,2,0,2,NOT APPLICABLE,December,1,Friday,6,44,Rural,Medium Speed (Collector),No,39.98619167,-81.77512222,Non-Intersection,Dark - Not Lighted,Rain,6:00am-6:59am,40,6:00am-6:59am,50,7:00am-7:59am,36,1,Dark - Unlighted,Rain/Wind/Minor,1,1,['Driver'],['None_Used'],0,0,Valid,0.0,1.0,37.0,33.0,"['Male', 'Female']",0,0,3,4,5,Wet/Standing Water,Straight,Grade/Hillcrest,Lowest,No
26175,39,Ohio,391089,0,1,1,0,1,ELYRIA,December,1,Friday,4,58,Urban,High Speed (Arterial),Yes,41.41054444,-82.15909722,Non-Intersection,Dark - Not Lighted,Clear,4:00am-4:59am,54,5:00am-5:59am,4,Not Applicable (Not Transported),Not Applicable (Not Transported),1,Dark - Unlighted,Clear,1,0,['Driver'],['Shoulder_Lapbelt'],0,0,Valid,1.0,1.0,30.0,30.0,['Male'],1,0,3,4,3,Dry,Curve,Level,Lowest,No
26176,39,Ohio,391091,0,5,5,0,6,GROVE CITY,December,1,Friday,22,59,Urban,High Speed (Arterial),Yes,39.90093056,-83.06070278,Non-Intersection,Dark - Lighted,Rain,10:00pm-10:59pm,59,11:00pm-11:59pm,5,Not Applicable (Not Transported),Not Applicable (Not Transported),1,Dark - Lighted,Rain/Wind/Minor,1,5,['Driver'],['Lapbelt_Only'],1,1,Valid,2.0,4.0,999.0,29.0,"['Male', 'Male', 'Male', 'Other', 'Female']",1,0,4,4,5,Wet/Standing Water,Straight,Level,Lowest,Yes
26177,39,Ohio,391092,0,1,1,0,1,CINCINNATI,December,1,Friday,23,16,Urban,Medium Speed (Collector),No,39.19395833,-84.47885,Non-Intersection,Dark - Lighted,Cloudy,11:00pm-11:59pm,18,11:00pm-11:59pm,25,11:00pm-11:59pm,33,1,Dark - Lighted,Reduced Visibility,1,0,['Driver'],['None_Used'],1,1,Invalid,2.0,0.0,35.0,35.0,['Female'],0,0,3,4,3,Wet/Standing Water,Straight,Level,Lowest,No
26178,39,Ohio,391093,1,1,1,0,1,NOT APPLICABLE,November,30,Thursday,14,6,Urban,Low Speed (Local),No,39.90848056,-81.99530278,Non-Intersection,Daylight,Clear,Unknown,Unknown,2:00pm-2:59pm,12,Unknown,Unknown EMS Hospital Arrival Time,1,Daylight,Clear,0,1,[],[],0,0,Valid,1.0,0.0,76.0,76.0,['Male'],0,0,2,1,4,Dry,Straight,Level,Lowest,No
26179,39,Ohio,391094,0,1,1,0,1,HOLLAND,November,30,Thursday,7,15,Urban,Medium Speed (Collector),No,41.61711944,-83.71322222,Non-Intersection,Daylight,Clear,7:00am-7:59am,2,7:00am-7:59am,9,Not Applicable (Not Transported),Not Applicable (Not Transported),1,Daylight,Clear,1,0,['Driver'],['Shoulder_Lapbelt'],0,0,Valid,0.0,0.0,38.0,38.0,['Male'],0,0,2,4,4,Dry,Straight,Grade/Hillcrest,Lowest,No
26180,39,Ohio,391095,3,3,3,0,1,INDEPENDENCE,December,1,Friday,0,41,Urban,High Speed (Arterial),Yes,41.38654722,-81.65318333,Non-Intersection,Dark - Not Lighted,Cloudy,0:00am-0:59am,35,0:00am-0:59am,44,1:00am-1:59am,6,2,Dark - Unlighted,Reduced Visibility,0,1,[],[],0,0,Valid,1.0,0.0,51.0,51.0,['Male'],0,0,4,4,4,Dry,Straight,Level,Lowest,No
26181,39,Ohio,391096,0,1,1,0,1,NOT APPLICABLE,December,1,Friday,19,34,Rural,Low Speed (Local),No,40.45741944,-83.92163889,Non-Intersection,Dark - Not Lighted,Rain,7:00pm-7:59pm,44,7:00pm-7:59pm,49,8:00pm-8:59pm,49,1,Dark - Unlighted,Rain/Wind/Minor,1,0,['Driver'],['Shoulder_Lapbelt'],0,0,Valid,0.0,0.0,17.0,17.0,['Male'],1,0,3,4,3,Wet/Standing Water,Straight,Level,Lowest,No
26182,39,Ohio,391097,0,1,1,0,2,CINCINNATI,December,1,Friday,10,12,Urban,High Speed (Arterial),Yes,39.16385,-84.42735,Non-Intersection,Daylight,Rain,10:00am-10:59am,17,10:00am-10:59am,19,10:00am-10:59am,50,1,Daylight,Rain/Wind/Minor,1,1,['Rear_Seat'],['None_Used'],0,0,Valid,1.0,0.0,49.0,49.0,['Male'],2,0,3,4,3,Wet/Standing Water,Curve,Level,Lowest,No
26183,39,Ohio,391098,0,1,1,0,1,Other,December,3,Sunday,18,30,Rural,Low Speed (Local),No,39.69746667,-81.48798333,Non-Intersection,Dark - Not Lighted,Cloudy,7:00pm-7:59pm,19,7:00pm-7:59pm,26,8:00pm-8:59pm,7,1,Dark - Unlighted,Reduced Visibility,1,0,['Driver'],['None_Used'],0,0,Valid,0.0,0.0,84.0,84.0,['Female'],0,0,3,4,3,Wet/Standing Water,Curve,Level,Lowest,No
26184,39,Ohio,391099,0,1,1,0,1,NOT APPLICABLE,December,2,Saturday,22,16,Rural,Medium Speed (Collector),No,99.9999,999.9999,Non-Intersection,Dark - Not Lighted,Cloudy,10:00pm-10:59pm,21,10:00pm-10:59pm,27,Unknown,Unknown EMS Hospital Arrival Time,1,Dark - Unlighted,Reduced Visibility,1,0,['Driver'],['Shoulder_Lapbelt'],1,1,Valid,0.0,2.0,30.0,30.0,['Male'],0,0,2,4,3,Dry,Straight,Grade/Hillcrest,Lowest,No
26185,39,Ohio,391100,0,1,1,0,1,NOT APPLICABLE,November,25,Saturday,16,19,Rural,Low Speed (Local),No,40.610625,-82.82441389,Non-Intersection,Daylight,Cloudy,4:00pm-4:59pm,23,5:00pm-5:59pm,7,5:00pm-5:59pm,48,1,Daylight,Reduced Visibility,1,0,['Driver'],['None_Used'],0,0,Valid,0.0,0.0,61.0,61.0,['Male'],0,0,5,4,1,Dry,Straight,Grade/Hillcrest,Lowest,No
26186,39,Ohio,391101,0,1,1,0,2,CINCINNATI,December,6,Wednesday,6,40,Urban,Medium Speed (Collector),No,39.1984,-84.52235556,Non-Intersection,Dark - Lighted,Cloudy,6:00am-6:59am,41,6:00am-6:59am,41,7:00am-7:59am,21,1,Dark - Lighted,Reduced Visibility,1,1,['Front_Passenger'],['None_Used'],0,0,Valid,2.0,1.0,21.0,21.0,['Female'],2,0,2,4,3,Wet/Standing Water,Straight,Grade/Hillcrest,Lowest,No
26187,39,Ohio,391102,0,2,2,0,4,DAYTON,December,5,Tuesday,19,20,Urban,High Speed (Arterial),Yes,39.77531111,-84.20048056,Complex/Circle,Dark - Lighted,Rain,7:00pm-7:59pm,21,7:00pm-7:59pm,28,7:00pm-7:59pm,41,1,Dark - Lighted,Rain/Wind/Minor,1,3,['Driver'],['Shoulder_Lapbelt'],0,0,Valid,3.0,2.0,36.0,25.0,"['Male', 'Male']",0,0,3,4,5,Wet/Standing Water,Straight,Level,Lowest,No
26188,39,Ohio,391103,0,2,2,0,3,CINCINNATI,December,7,Thursday,16,2,Urban,High Speed (Arterial),No,39.09383889,-84.51998611,Non-Intersection,Daylight,Clear,4:00pm-4:59pm,4,4:00pm-4:59pm,9,4:00pm-4:59pm,30,1,Daylight,Clear,1,2,['Driver'],['Shoulder_Lapbelt'],0,0,Valid,1.0,0.0,35.0,23.0,"['Male', 'Male']",0,0,3,4,5,Dry,Straight,Level,Lowest,No
26189,39,Ohio,391104,0,2,2,0,2,NOT APPLICABLE,December,11,Monday,6,0,Rural,Medium Speed (Collector),No,40.47870556,-83.81184444,Non-Intersection,Dark - Not Lighted,Sleet or Hail,6:00am-6:59am,1,6:00am-6:59am,18,7:00am-7:59am,15,1,Dark - Unlighted,Snow/Ice/Severe,1,1,['Driver'],['None_Used'],0,0,Valid,0.0,0.0,40.0,18.0,"['Male', 'Male']",0,0,3,4,5,Icy/Snowy,Straight,Grade/Hillcrest,Lowest,No
26190,39,Ohio,391105,0,2,2,0,2,BEAVER CREEK,August,26,Saturday,20,5,Urban,Medium Speed (Collector),No,39.69489167,-84.07985833,Non-Intersection,Dusk,Clear,8:00pm-8:59pm,5,8:00pm-8:59pm,8,8:00pm-8:59pm,28,1,Twilight,Clear,1,1,['Driver'],['None_Used'],0,0,Valid,0.0,0.0,77.0,23.0,"['Female', 'Male']",1,0,5,4,5,Dry,Straight,Non-Trafficway,Lowest,No
26191,39,Ohio,391106,1,1,1,0,1,COLUMBUS,December,11,Monday,0,7,Urban,Medium Speed (Collector),No,39.98497778,-82.92791111,Non-Intersection,Dark - Lighted,Rain,0:00am-0:59am,7,0:00am-0:59am,9,0:00am-0:59am,20,1,Dark - Lighted,Rain/Wind/Minor,0,0,[],[],0,0,Invalid,0.0,0.0,998.0,998.0,['Other'],0,0,1,0,4,Wet/Standing Water,Straight,Level,Lowest,No
26192,39,Ohio,391107,1,1,1,0,1,HUBER HEIGHTS,December,7,Thursday,0,53,Urban,Medium Speed (Collector),No,39.84260556,-84.11645833,Non-Intersection,Dark - Lighted,Clear,1:00am-1:59am,57,2:00am-2:59am,0,2:00am-2:59am,32,1,Dark - Lighted,Clear,0,1,[],[],0,0,Invalid,0.0,0.0,998.0,998.0,['Other'],0,0,1,0,4,Dry,Straight,Level,Lowest,No
26193,39,Ohio,391108,0,3,3,0,8,NOT APPLICABLE,December,9,Saturday,18,58,Rural,High Speed (Arterial),Yes,41.49533333,-83.47263333,Non-Intersection,Dark - Not Lighted,Clear,6:00pm-6:59pm,59,7:00pm-7:59pm,6,7:00pm-7:59pm,58,2,Dark - Unlighted,Clear,2,6,"['Driver', 'Front_Passenger']","['Shoulder_Lapbelt', 'Shoulder_Lapbelt']",1,1,Valid,2.0,1.0,55.0,24.0,"['Female', 'Male', 'Male']",0,0,3,4,5,Dry,Straight,Grade/Hillcrest,Lowest,No
26194,39,Ohio,391109,0,2,2,0,4,GROVE CITY,December,8,Friday,22,46,Urban,High Speed (Arterial),Yes,39.89625556,-83.04582222,Non-Intersection,Dark - Lighted,Clear,10:00pm-10:59pm,49,10:00pm-10:59pm,58,11:00pm-11:59pm,21,1,Dark - Lighted,Clear,1,3,['Driver'],['None_Used'],1,1,Invalid,3.0,0.0,41.0,34.0,"['Male', 'Male']",0,0,5,4,5,Dry,Straight,Level,Lowest,No
26195,39,Ohio,391110,0,2,2,0,3,TIPP CITY,November,30,Thursday,12,47,Urban,Low Speed (Local),No,39.97393611,-84.18500278,Simple Junction,Daylight,Clear,12:00pm-12:59pm,48,12:00pm-12:59pm,52,1:00pm-1:59pm,23,1,Daylight,Clear,1,2,['Driver'],['Shoulder_Lapbelt'],0,0,Valid,0.0,0.0,95.0,29.0,"['Female', 'Female']",0,0,3,4,5,Dry,Straight,Level,Lowest,No
26196,39,Ohio,391111,1,1,1,0,1,WILLOWICK,December,11,Monday,19,4,Urban,Medium Speed (Collector),No,41.64187222,-81.47171667,Non-Intersection,Dark - Lighted,Clear,7:00pm-7:59pm,7,7:00pm-7:59pm,9,7:00pm-7:59pm,20,1,Dark - Lighted,Clear,0,0,[],[],0,0,Invalid,0.0,0.0,998.0,998.0,['Other'],0,0,1,0,4,Dry,Straight,Level,Lowest,No
26197,39,Ohio,391113,0,2,2,0,3,BERKSHIRE,December,4,Monday,7,34,Rural,High Speed (Arterial),Yes,40.26731944,-82.94448889,Non-Intersection,Daylight,Cloudy,7:00am-7:59am,35,7:00am-7:59am,41,8:00am-8:59am,30,1,Daylight,Reduced Visibility,1,2,['Driver'],['Shoulder_Lapbelt'],0,0,Valid,2.0,2.0,78.0,37.0,"['Male', 'Male']",0,0,3,4,5,Dry,Curve,Grade/Hillcrest,Lowest,No
26198,39,Ohio,391114,0,2,2,0,2,NOT APPLICABLE,December,5,Tuesday,10,53,Urban,High Speed (Arterial),Yes,41.12373056,-80.77614167,Non-Intersection,Daylight,Rain,10:00am-10:59am,56,11:00am-11:59am,0,11:00am-11:59am,24,1,Daylight,Rain/Wind/Minor,1,1,['Driver'],['Shoulder_Lapbelt'],0,0,Valid,0.0,1.0,53.0,25.0,"['Male', 'Male']",0,0,4,4,5,Wet/Standing Water,Straight,Grade/Hillcrest,Lowest,No
26199,39,Ohio,391115,0,2,2,0,5,NOT APPLICABLE,December,5,Tuesday,13,15,Rural,Medium Speed (Collector),No,38.86211389,-82.34661111,Non-Intersection,Daylight,Rain,1:00pm-1:59pm,20,1:00pm-1:59pm,27,2:00pm-2:59pm,4,2,Daylight,Rain/Wind/Minor,2,3,"['Driver', 'Rear_Seat']","['Shoulder_Lapbelt', 'Child_Safety']",0,0,Valid,1.0,0.0,44.0,44.0,"['Male', 'Female']",0,0,2,4,5,Wet/Standing Water,Curve,Level,Lowest,No
26200,39,Ohio,391116,1,3,3,0,3,COLUMBUS,December,10,Sunday,0,7,Urban,High Speed (Arterial),Yes,39.93391944,-82.84838056,Non-Intersection,Dark - Lighted,Clear,0:00am-0:59am,2,0:00am-0:59am,7,0:00am-0:59am,18,1,Dark - Lighted,Clear,0,3,[],[],1,1,Invalid,1.0,0.0,42.0,30.0,"['Male', 'Male', 'Male']",0,0,4,4,5,Wet/Standing Water,Straight,Level,Lowest,No
26201,39,Ohio,391117,0,2,2,0,2,CLEVELAND,December,6,Wednesday,19,54,Urban,High Speed (Arterial),Yes,41.47387778,-81.70778889,Non-Intersection,Dark - Lighted,Cloudy,7:00pm-7:59pm,58,8:00pm-8:59pm,7,8:00pm-8:59pm,27,1,Dark - Lighted,Reduced Visibility,1,1,['Driver'],['Shoulder_Lapbelt'],0,0,Invalid,0.0,0.0,70.0,23.0,"['Male', 'Male']",0,0,3,4,5,Dry,Straight,Level,Lowest,No
26202,39,Ohio,391118,0,1,1,0,1,Other,December,7,Thursday,22,34,Urban,Low Speed (Local),No,40.934825,-81.57929722,Non-Intersection,Dark - Not Lighted,Clear,10:00pm-10:59pm,38,10:00pm-10:59pm,42,Not Applicable (Not Transported),Not Applicable (Not Transported),1,Dark - Unlighted,Clear,1,0,['Driver'],['None_Used'],1,1,Valid,2.0,3.0,42.0,42.0,['Male'],0,0,3,4,3,Dry,Straight,Grade/Hillcrest,Lowest,No
26203,39,Ohio,391119,0,2,2,0,2,COLUMBUS,December,14,Thursday,8,0,Urban,Medium Speed (Collector),No,39.87761667,-82.97388611,Non-Intersection,Daylight,Clear,8:00am-8:59am,6,8:00am-8:59am,10,8:00am-8:59am,42,1,Daylight,Clear,1,1,['Driver'],['Shoulder_Lapbelt'],0,0,Valid,0.0,0.0,36.0,34.0,"['Male', 'Male']",0,0,3,4,5,Dry,Straight,Level,Lowest,No
26204,39,Ohio,391120,0,1,1,0,1,NOT APPLICABLE,December,13,Wednesday,21,53,Urban,Medium Speed (Collector),No,39.37569722,-84.35963611,Non-Intersection,Dark - Not Lighted,Clear,9:00pm-9:59pm,53,9:00pm-9:59pm,59,10:00pm-10:59pm,19,1,Dark - Unlighted,Clear,1,0,['Driver'],['None_Used'],1,1,Valid,1.0,0.0,35.0,35.0,['Female'],0,0,2,4,2,Dry,Straight,Level,Lowest,No
26205,39,Ohio,391121,0,2,2,0,2,CUYAHOGA FALLS,November,16,Thursday,15,57,Urban,Medium Speed (Collector),No,41.18158333,-81.58394167,Complex/Circle,Daylight,Clear,3:00pm-3:59pm,58,4:00pm-4:59pm,9,4:00pm-4:59pm,31,1,Daylight,Clear,1,1,['Driver'],['None_Used'],0,0,Valid,1.0,1.0,54.0,48.0,"['Male', 'Male']",0,0,5,4,5,Dry,Straight,Level,Lowest,No
26206,39,Ohio,391122,0,1,1,0,1,TOLEDO,December,15,Friday,19,15,Urban,High Speed (Arterial),Yes,41.61941944,-83.58386944,Non-Intersection,Dark - Lighted,Clear,7:00pm-7:59pm,16,7:00pm-7:59pm,20,7:00pm-7:59pm,40,1,Dark - Lighted,Clear,1,0,['Driver'],['None_Used'],1,1,Valid,0.0,0.0,53.0,53.0,['Male'],0,0,2,4,3,Dry,Straight,Level,Lowest,No
26207,39,Ohio,391123,0,1,1,0,1,NOT APPLICABLE,December,8,Friday,20,47,Rural,Medium Speed (Collector),No,41.00983056,-82.85283611,Non-Intersection,Dark - Not Lighted,Clear,8:00pm-8:59pm,47,9:00pm-9:59pm,1,Not Applicable (Not Transported),Not Applicable (Not Transported),1,Dark - Unlighted,Clear,1,0,['Driver'],['Shoulder_Lapbelt'],1,1,Valid,0.0,0.0,41.0,41.0,['Male'],0,0,3,4,2,Dry,Curve,Grade/Hillcrest,Lowest,No
26208,39,Ohio,391124,0,2,2,0,3,NOT APPLICABLE,December,8,Friday,19,8,Rural,Medium Speed (Collector),No,39.52908889,-84.43681944,Simple Junction,Dark - Not Lighted,Clear,7:00pm-7:59pm,33,7:00pm-7:59pm,41,8:00pm-8:59pm,7,2,Dark - Unlighted,Clear,2,1,"['Driver', 'Rear_Seat']","['None_Used', 'None_Used']",0,0,Valid,1.0,1.0,64.0,29.0,"['Female', 'Male']",0,0,5,4,5,Dry,Straight,Level,Lowest,No
26209,39,Ohio,391125,0,1,1,0,2,FOSTORIA,December,12,Tuesday,18,40,Urban,Medium Speed (Collector),No,41.163425,-83.42345278,Non-Intersection,Dark - Lighted,Clear,6:00pm-6:59pm,49,6:00pm-6:59pm,49,6:00pm-6:59pm,57,1,Dark - Lighted,Clear,1,1,['Rear_Seat'],['None_Used'],0,0,Valid,0.0,0.0,58.0,58.0,['Male'],0,0,3,4,3,Dry,Curve,Level,Medium,No
26210,39,Ohio,391126,1,1,1,0,2,FINDLAY,December,17,Sunday,18,31,Urban,High Speed (Arterial),Yes,41.05880556,-83.66829167,Non-Intersection,Dark - Lighted,Clear,6:00pm-6:59pm,34,6:00pm-6:59pm,38,7:00pm-7:59pm,5,1,Dark - Lighted,Clear,0,2,[],[],0,0,Valid,0.0,0.0,38.0,38.0,['Female'],0,0,2,4,4,Wet/Standing Water,Straight,Level,Lowest,No
26211,39,Ohio,391127,0,2,2,0,3,NOT APPLICABLE,December,15,Friday,6,53,Urban,Medium Speed (Collector),No,40.06213056,-84.214,Simple Junction,Dark - Not Lighted,Clear,6:00am-6:59am,54,6:00am-6:59am,59,Not Applicable (Not Transported),Not Applicable (Not Transported),1,Dark - Unlighted,Clear,1,2,['Driver'],['None_Used'],0,0,Valid,1.0,1.0,58.0,17.0,"['Female', 'Male']",0,0,5,4,5,Dry,Straight,Level,Lowest,No
26212,39,Ohio,391128,0,2,2,0,2,NOT APPLICABLE,August,27,Sunday,13,23,Rural,Medium Speed (Collector),No,40.68455278,-82.02232778,Complex/Circle,Daylight,Clear,1:00pm-1:59pm,24,1:00pm-1:59pm,30,Unknown,Unknown EMS Hospital Arrival Time,1,Daylight,Clear,1,1,['Driver'],['None_Used'],0,0,Valid,1.0,1.0,62.0,31.0,"['Male', 'Male']",0,0,3,4,5,Dry,Straight,Grade/Hillcrest,Lowest,No
26213,39,Ohio,391129,1,1,1,0,1,RIVERSIDE,November,15,Wednesday,20,5,Urban,High Speed (Arterial),Yes,39.76805,-84.12619167,Non-Intersection,Dusk,Clear,8:00pm-8:59pm,5,8:00pm-8:59pm,10,8:00pm-8:59pm,30,1,Twilight,Clear,0,1,[],[],0,0,Invalid,0.0,0.0,35.0,35.0,['Female'],0,0,2,4,4,Dry,Straight,Level,Lowest,No
26214,39,Ohio,391130,0,3,3,0,9,NOT APPLICABLE,December,9,Saturday,22,12,Rural,High Speed (Arterial),Yes,39.28861667,-82.946525,Non-Intersection,Dark - Lighted,Rain,10:00pm-10:59pm,19,10:00pm-10:59pm,27,10:00pm-10:59pm,51,1,Dark - Lighted,Rain/Wind/Minor,1,8,['Driver'],['Shoulder_Lapbelt'],1,2,Valid,1.0,0.0,68.0,22.0,"['Female', 'Female', 'Male']",0,0,3,4,5,Wet/Standing Water,Curve,Grade/Hillcrest,Lowest,No
26215,39,Ohio,391131,0,2,2,0,4,NOT APPLICABLE,December,11,Monday,8,31,Urban,Medium Speed (Collector),No,40.76079167,-82.47472778,Complex/Circle,Daylight,Cloudy,8:00am-8:59am,39,8:00am-8:59am,42,9:00am-9:59am,4,1,Daylight,Reduced Visibility,1,3,['Front_Passenger'],['None_Used'],0,0,Valid,1.0,2.0,51.0,30.0,"['Male', 'Male']",0,0,3,4,5,Dry,Straight,Grade/Hillcrest,Lowest,No
26216,39,Ohio,391132,0,2,2,0,2,NOT APPLICABLE,December,13,Wednesday,14,13,Rural,Medium Speed (Collector),No,40.13346667,-82.31893611,Non-Intersection,Daylight,Clear,2:00pm-2:59pm,18,2:00pm-2:59pm,28,3:00pm-3:59pm,37,1,Daylight,Clear,1,1,['Driver'],['None_Used'],0,0,Valid,0.0,3.0,75.0,38.0,"['Male', 'Male']",1,0,4,4,5,Dry,Curve,Level,Lowest,No