,State_Code,State_Name,Crash_ID,Count_Non_Motorists,Count_Vehicles_Total,Count_Vehicle_Forms,Count_PVH_Involved,Count_Occupants_MV,City_Name,Month_Name,Day_of_Month,Day_of_Week,Crash_Hour,Crash_Minute,Area_Rural_Urban,Road_Functional_Class,On_NHS_Road,Latitude,Longitude,Intersection_Type,Light_Condition,Weather_Condition,Notif_Hour,Notif_Minute,Arrival_Hour,Arrival_Minute,Hospital_Hour,Hospital_Minute,Fatalities_Count,Clean_Light_Condition,Clean_Weather_Condition,Total_Killed,Total_Alive,Fatal_Seats_List,Killed_Restraint_List,Any_Driver_Drinking,Total_Drinking_Drivers,Driver_License_Category,Driver_Max_Prev_Accident_Count,Driver_Max_Prev_Speeding_Count,Max_Driver_Age,Min_Driver_Age,Driver_Sex_List,Total_Exceeding_Limit_Vehicles,Total_Too_Fast_Vehicles,Max_Vehicle_Type_Severity_5,Max_Vehicle_Damage_Rank,Max_Harmful_Event_Severity,Crash_Road_Surface_Condition,Crash_Horizontal_Alignment,Crash_Vertical_Profile,Crash_Impairment_Category,Crash_Vehicle_Defect
26217,39,Ohio,391133,0,2,2,0,2,NOT APPLICABLE,December,11,Monday,8,15,Rural,Medium Speed (Collector),No,40.04095,-83.25325556,Non-Intersection,Dawn,Clear,6:00am-6:59am,55,7:00am-7:59am,6,7:00am-7:59am,44,1,Twilight,Clear,1,1,['Driver'],['Shoulder_Lapbelt'],0,0,Valid,1.0,0.0,55.0,51.0,"['Female', 'Female']",0,0,3,4,5,Icy/Snowy,Curve,Level,Lowest,No
26218,39,Ohio,391134,0,3,3,0,3,NOT APPLICABLE,September,25,Monday,11,55,Urban,Medium Speed (Collector),No,39.21521944,-84.20024722,Non-Intersection,Daylight,Clear,12:00pm-12:59pm,16,12:00pm-12:59pm,20,1:00pm-1:59pm,1,1,Daylight,Clear,1,2,['Driver'],['Shoulder_Lapbelt'],0,0,Valid,0.0,1.0,64.0,29.0,"['Male', 'Male', 'Male']",0,0,4,4,5,Dry,Straight,Level,Lowest,No
26219,39,Ohio,391135,0,2,2,0,3,MIDDLETOWN,October,21,Saturday,21,59,Urban,Medium Speed (Collector),No,39.50200833,-84.41723889,Non-Intersection,Dark - Lighted,Cloudy,10:00pm-10:59pm,0,10:00pm-10:59pm,4,10:00pm-10:59pm,42,1,Dark - Lighted,Reduced Visibility,1,2,['Driver'],['None_Used'],1,1,Valid,1.0,2.0,36.0,25.0,"['Male', 'Female']",1,0,2,4,5,Wet/Standing Water,Curve,Level,Lowest,Yes
26220,39,Ohio,391136,0,2,2,0,4,MAYFIELD,November,29,Wednesday,22,28,Urban,High Speed (Arterial),Yes,41.51309722,-81.45358611,Non-Intersection,Dark - Lighted,Cloudy,Unknown,Unknown,Unknown EMS Scene Arrival Hour,Unknown EMS Scene Arrival Minutes,Unknown,Unknown EMS Hospital Arrival Time,1,Dark - Lighted,Reduced Visibility,1,3,['Front_Passenger'],['Shoulder_Lapbelt'],0,0,Invalid,1.0,2.0,22.0,16.0,"['Male', 'Female']",2,0,3,4,5,Wet/Standing Water,Straight,Level,Lowest,No
26221,39,Ohio,391137,0,2,2,0,2,NOT APPLICABLE,November,3,Friday,19,42,Rural,High Speed (Arterial),Yes,40.78532778,-82.09303889,Non-Intersection,Dark - Not Lighted,Cloudy,7:00pm-7:59pm,54,8:00pm-8:59pm,12,8:00pm-8:59pm,39,1,Dark - Unlighted,Reduced Visibility,1,1,['Driver'],['Shoulder_Lapbelt'],0,0,Valid,0.0,0.0,77.0,48.0,"['Female', 'Female']",0,0,3,4,5,Dry,Straight,Level,Lowest,No
26222,39,Ohio,391138,1,1,1,0,1,CONNEAUT,October,4,Wednesday,15,17,Urban,High Speed (Arterial),Yes,41.93080833,-80.6056,Non-Intersection,Daylight,Clear,3:00pm-3:59pm,19,3:00pm-3:59pm,24,3:00pm-3:59pm,35,1,Daylight,Clear,0,1,[],[],0,0,Valid,1.0,0.0,60.0,60.0,['Male'],0,0,3,2,4,Dry,Straight,Level,Lowest,No
26223,39,Ohio,391139,0,1,1,0,1,Other,December,14,Thursday,4,18,Urban,High Speed (Arterial),Yes,39.05695,-84.260275,Non-Intersection,Dark - Not Lighted,Clear,4:00am-4:59am,21,4:00am-4:59am,25,Not Applicable (Not Transported),Not Applicable (Not Transported),1,Dark - Unlighted,Clear,1,0,['Driver'],['Shoulder_Lapbelt'],0,0,Valid,0.0,0.0,34.0,34.0,['Male'],1,0,3,4,3,Dry,Curve,Level,Lowest,No
26224,39,Ohio,391140,0,1,1,0,1,MANSFIELD,October,22,Sunday,0,43,Urban,Medium Speed (Collector),No,40.73035,-82.55147222,Non-Intersection,Dark - Not Lighted,Rain,0:00am-0:59am,36,0:00am-0:59am,42,1:00am-1:59am,2,1,Dark - Unlighted,Rain/Wind/Minor,1,0,['Driver'],['None_Used'],1,1,Valid,0.0,0.0,42.0,42.0,['Female'],0,0,3,4,3,Wet/Standing Water,Curve,Level,Lowest,No
26225,39,Ohio,391141,0,1,1,0,2,Other,October,26,Thursday,3,5,Urban,Low Speed (Local),No,40.96418611,-81.59944444,Non-Intersection,Dark - Not Lighted,Clear,6:00am-6:59am,39,6:00am-6:59am,48,7:00am-7:59am,33,1,Dark - Unlighted,Clear,1,1,['Rear_Seat'],['None_Used'],1,1,Valid,1.0,0.0,23.0,23.0,['Male'],2,0,5,4,3,Dry,Straight,Level,Lowest,No
26226,39,Ohio,391142,1,2,1,1,1,NOT APPLICABLE,December,15,Friday,7,9,Rural,High Speed (Arterial),Yes,40.93957222,-82.09920833,Non-Intersection,Dawn,Clear,7:00am-7:59am,9,7:00am-7:59am,23,Not Applicable (Not Transported),Not Applicable (Not Transported),1,Twilight,Clear,1,0,['Driver'],['Shoulder_Lapbelt'],0,0,Valid,1.0,0.0,53.0,53.0,['Male'],0,0,3,4,5,Dry,Straight,Level,Lowest,No
26227,39,Ohio,391143,0,1,1,0,1,NOT APPLICABLE,December,15,Friday,15,44,Rural,High Speed (Arterial),Yes,40.86165556,-83.93236667,Non-Intersection,Daylight,Clear,3:00pm-3:59pm,45,4:00pm-4:59pm,5,4:00pm-4:59pm,25,1,Daylight,Clear,1,0,['Driver'],['Shoulder_Lapbelt'],1,1,Valid,0.0,0.0,88.0,88.0,['Male'],0,0,2,4,3,Dry,Curve,Level,Lowest,No
26228,39,Ohio,391144,0,2,2,0,7,COLUMBUS,December,23,Saturday,23,17,Urban,Medium Speed (Collector),No,40.00703889,-83.04076944,Complex/Circle,Dark - Not Lighted,Rain,11:00pm-11:59pm,15,11:00pm-11:59pm,37,11:00pm-11:59pm,49,2,Dark - Unlighted,Rain/Wind/Minor,2,5,"['Rear_Seat', 'Rear_Seat']","['None_Used', 'None_Used']",0,0,Valid,1.0,8.0,38.0,16.0,"['Male', 'Female']",0,0,3,4,5,Wet/Standing Water,Straight,Level,Lowest,No
26229,39,Ohio,391145,0,1,1,0,1,POWELL,October,10,Tuesday,7,50,Urban,Low Speed (Local),No,40.17086944,-83.09059167,Non-Intersection,Dawn,Clear,7:00am-7:59am,54,7:00am-7:59am,57,Not Applicable (Not Transported),Not Applicable (Not Transported),1,Twilight,Clear,1,0,['Driver'],['Shoulder_Lapbelt'],0,0,Valid,0.0,0.0,69.0,69.0,['Male'],0,0,2,3,2,Dry,Straight,Level,Lowest,No
26230,39,Ohio,391146,0,1,1,0,1,NOT APPLICABLE,December,15,Friday,12,41,Urban,High Speed (Arterial),Yes,40.18125,-84.21500833,Non-Intersection,Daylight,Cloudy,12:00pm-12:59pm,39,12:00pm-12:59pm,45,Not Applicable (Not Transported),Not Applicable (Not Transported),1,Daylight,Reduced Visibility,1,0,['Driver'],['None_Used'],0,0,Valid,0.0,0.0,61.0,61.0,['Male'],0,0,3,4,3,Dry,Straight,Level,Lowest,No
26231,39,Ohio,391147,1,1,1,0,1,GROVE CITY,December,24,Sunday,18,44,Urban,Medium Speed (Collector),No,39.90232222,-83.02665,Non-Intersection,Dusk,Cloudy,6:00pm-6:59pm,48,6:00pm-6:59pm,53,7:00pm-7:59pm,15,1,Twilight,Reduced Visibility,0,1,[],[],0,0,Invalid,0.0,0.0,998.0,998.0,['Other'],0,0,1,0,4,Dry,Straight,Grade/Hillcrest,Lowest,No
26232,39,Ohio,391148,0,2,2,0,2,COLUMBUS,November,3,Friday,16,29,Urban,Medium Speed (Collector),No,39.92113056,-83.12395,Complex/Circle,Daylight,Clear,4:00pm-4:59pm,30,4:00pm-4:59pm,34,4:00pm-4:59pm,54,1,Daylight,Clear,1,1,['Driver'],['None_Used'],0,0,Invalid,0.0,0.0,59.0,38.0,"['Female', 'Male']",0,0,5,3,5,Dry,Straight,Level,Lowest,No
26233,39,Ohio,391149,0,1,1,0,2,COLUMBUS,December,1,Friday,22,2,Urban,High Speed (Arterial),Yes,39.9548,-82.97795,Non-Intersection,Dark - Lighted,Rain,10:00pm-10:59pm,9,10:00pm-10:59pm,13,10:00pm-10:59pm,23,1,Dark - Lighted,Rain/Wind/Minor,1,1,['Driver'],['Shoulder_Lapbelt'],0,0,Valid,1.0,0.0,22.0,22.0,['Female'],0,0,2,4,0,Wet/Standing Water,Curve,Grade/Hillcrest,Lowest,No
26234,39,Ohio,391150,2,2,1,1,1,STRONGSVILLE,December,11,Monday,21,53,Urban,High Speed (Arterial),Yes,41.34250278,-81.83495278,Non-Intersection,Dark - Not Lighted,Clear,9:00pm-9:59pm,58,10:00pm-10:59pm,7,Not Applicable (Not Transported),Not Applicable (Not Transported),1,Dark - Unlighted,Clear,0,1,[],[],0,0,Valid,0.0,0.0,59.0,59.0,['Male'],0,0,4,2,4,Dry,Curve,Level,Lowest,No
26235,39,Ohio,391151,1,1,1,0,1,NOT APPLICABLE,December,12,Tuesday,20,42,Urban,High Speed (Arterial),Yes,41.39864722,-82.65438056,Non-Intersection,Dark - Not Lighted,Clear,8:00pm-8:59pm,36,8:00pm-8:59pm,42,Not Applicable (Not Transported),Not Applicable (Not Transported),1,Dark - Unlighted,Clear,0,1,[],[],0,0,Valid,0.0,1.0,20.0,20.0,['Male'],0,0,2,2,4,Dry,Straight,Level,Lowest,No
26236,39,Ohio,391152,0,2,2,0,2,NOT APPLICABLE,December,19,Tuesday,9,20,Rural,Medium Speed (Collector),No,39.95376944,-82.30471111,Non-Intersection,Daylight,Cloudy,9:00am-9:59am,26,9:00am-9:59am,35,10:00am-10:59am,23,1,Daylight,Reduced Visibility,1,1,['Driver'],['Shoulder_Lapbelt'],0,0,Valid,2.0,0.0,43.0,36.0,"['Male', 'Male']",0,0,4,4,5,Wet/Standing Water,Straight,Grade/Hillcrest,Lowest,No
26237,39,Ohio,391153,1,2,2,0,2,CINCINNATI,December,20,Wednesday,1,37,Urban,High Speed (Arterial),Yes,39.10781667,-84.53139444,Non-Intersection,Dark - Lighted,Clear,1:00am-1:59am,40,1:00am-1:59am,46,Not Applicable (Not Transported),Not Applicable (Not Transported),1,Dark - Lighted,Clear,0,2,[],[],0,0,Invalid,0.0,0.0,998.0,998.0,"['Other', 'Other']",0,0,1,2,4,Dry,Curve,Level,Lowest,No
26238,39,Ohio,391154,0,2,2,0,3,NOT APPLICABLE,December,20,Wednesday,22,36,Urban,Medium Speed (Collector),No,39.37260833,-84.44187222,Non-Intersection,Dark - Not Lighted,Clear,10:00pm-10:59pm,38,10:00pm-10:59pm,45,11:00pm-11:59pm,20,1,Dark - Unlighted,Clear,1,2,['Driver'],['None_Used'],1,1,Invalid,3.0,2.0,34.0,19.0,"['Male', 'Male']",0,0,3,4,5,Dry,Straight,Grade/Hillcrest,Lowest,No
26239,39,Ohio,391156,1,1,1,0,1,COLUMBUS,December,25,Monday,19,2,Urban,Medium Speed (Collector),No,39.9272,-82.95543889,Non-Intersection,Reported as Unknown,Reported as Unknown,Not Applicable (Not Notified),Not Applicable (Not Notified),Not Applicable,Not Applicable,Not Applicable (Not Transported),Not Applicable (Not Transported),1,Dark - Unlighted,Clear,0,1,[],[],0,0,Valid,2.0,0.0,65.0,65.0,['Female'],0,0,3,3,4,Wet/Standing Water,Straight,Level,Lowest,No
26240,39,Ohio,391157,1,1,1,0,1,TOLEDO,December,25,Monday,20,3,Urban,Medium Speed (Collector),No,41.68263889,-83.50111667,Non-Intersection,Dark - Lighted,Rain,8:00pm-8:59pm,3,8:00pm-8:59pm,8,8:00pm-8:59pm,27,1,Dark - Lighted,Rain/Wind/Minor,0,1,[],[],0,0,Valid,3.0,1.0,28.0,28.0,['Female'],0,0,3,2,4,Wet/Standing Water,Straight,Level,Lowest,No
26241,39,Ohio,391159,0,2,2,0,2,NOT APPLICABLE,December,15,Friday,3,30,Urban,High Speed (Arterial),Yes,41.27497778,-80.78231667,Non-Intersection,Dark - Lighted,Clear,Unknown,Unknown,Unknown EMS Scene Arrival Hour,Unknown EMS Scene Arrival Minutes,Unknown,Unknown EMS Hospital Arrival Time,1,Dark - Lighted,Clear,1,1,['Driver'],['None_Used'],0,0,Valid,4.0,1.0,36.0,34.0,"['Male', 'Male']",0,0,4,4,5,Dry,Straight,Grade/Hillcrest,Lowest,No
26242,39,Ohio,391160,0,2,2,0,2,NOT APPLICABLE,December,18,Monday,11,22,Urban,High Speed (Arterial),Yes,41.08359444,-81.66267222,Non-Intersection,Daylight,Snow,11:00am-11:59am,28,11:00am-11:59am,31,11:00am-11:59am,55,1,Daylight,Snow/Ice/Severe,1,1,['Driver'],['Shoulder_Lapbelt'],0,0,Valid,1.0,1.0,76.0,42.0,"['Male', 'Male']",0,0,3,4,5,Wet/Standing Water,Straight,Level,Lowest,No
26243,39,Ohio,391161,0,1,1,0,1,GALLIPOLIS,December,21,Thursday,7,58,Urban,High Speed (Arterial),Yes,38.83031667,-82.16014167,Non-Intersection,Dark - Not Lighted,Clear,8:00am-8:59am,10,8:00am-8:59am,18,Not Applicable (Not Transported),Not Applicable (Not Transported),1,Dark - Unlighted,Clear,1,0,['Driver'],['Shoulder_Lapbelt'],0,0,Valid,1.0,2.0,41.0,41.0,['Male'],0,0,2,4,3,Dry,Straight,Level,Lowest,No
26244,39,Ohio,391162,4,1,1,0,1,NOT APPLICABLE,December,22,Friday,17,18,Rural,Medium Speed (Collector),No,40.61396111,-84.78498056,Non-Intersection,Dark - Not Lighted,Cloudy,5:00pm-5:59pm,29,5:00pm-5:59pm,45,6:00pm-6:59pm,18,1,Dark - Unlighted,Reduced Visibility,0,1,[],[],0,0,Valid,0.0,0.0,24.0,24.0,['Male'],0,0,2,4,2,Dry,Straight,Level,Lowest,No
26245,39,Ohio,391163,1,1,1,0,2,CLEVELAND,November,19,Sunday,19,50,Urban,Low Speed (Local),No,41.46739722,-81.58595833,Non-Intersection,Dark - Lighted,Clear,8:00pm-8:59pm,0,Unknown EMS Scene Arrival Hour,Unknown EMS Scene Arrival Minutes,Not Applicable (Not Transported),Not Applicable (Not Transported),1,Dark - Lighted,Clear,0,1,[],[],0,0,Invalid,0.0,0.0,998.0,998.0,['Other'],2,0,2,4,3,Dry,Straight,Grade/Hillcrest,Lowest,No
26246,39,Ohio,391164,0,1,1,0,3,NOT APPLICABLE,December,21,Thursday,22,8,Urban,Medium Speed (Collector),No,41.65173056,-83.76184167,Simple Junction,Dark - Not Lighted,Clear,10:00pm-10:59pm,5,10:00pm-10:59pm,10,10:00pm-10:59pm,46,1,Dark - Unlighted,Clear,1,2,['Front_Passenger'],['None_Used'],1,1,Valid,0.0,0.0,16.0,16.0,['Male'],0,0,2,4,3,Dry,Straight,Level,Lowest,No
26247,39,Ohio,391165,0,1,1,0,3,NOT APPLICABLE,December,22,Friday,0,56,Urban,Medium Speed (Collector),No,39.39134722,-84.63283056,Non-Intersection,Dark - Not Lighted,Clear,0:00am-0:59am,58,1:00am-1:59am,5,2:00am-2:59am,7,1,Dark - Unlighted,Clear,1,2,['Rear_Seat'],['Shoulder_Lapbelt'],0,0,Valid,1.0,1.0,22.0,22.0,['Female'],3,0,3,4,3,Dry,Straight,Grade/Hillcrest,Lowest,No
26248,39,Ohio,391166,0,2,2,0,4,NOT APPLICABLE,December,22,Friday,12,20,Rural,Low Speed (Local),No,39.65807222,-80.99054167,Non-Intersection,Daylight,Cloudy,12:00pm-12:59pm,1,1:00pm-1:59pm,28,2:00pm-2:59pm,6,1,Daylight,Reduced Visibility,1,3,['Driver'],['Shoulder_Lapbelt'],0,0,Valid,0.0,0.0,45.0,43.0,"['Male', 'Male']",0,0,3,4,5,Dry,Curve,Grade/Hillcrest,Lowest,No
26249,39,Ohio,391168,0,2,2,0,2,BOSTON HEIGHTS,September,13,Wednesday,14,27,Urban,High Speed (Arterial),Yes,41.26729444,-81.50270278,Non-Intersection,Daylight,Clear,2:00pm-2:59pm,28,2:00pm-2:59pm,49,3:00pm-3:59pm,17,1,Daylight,Clear,1,1,['Driver'],['None_Used'],0,0,Valid,1.0,1.0,44.0,33.0,"['Male', 'Male']",0,0,4,4,5,Dry,Straight,Level,Lowest,No
26250,39,Ohio,391169,0,2,2,0,2,NOT APPLICABLE,December,18,Monday,14,36,Rural,Medium Speed (Collector),No,41.01757778,-82.30499722,Non-Intersection,Daylight,Cloudy,2:00pm-2:59pm,39,2:00pm-2:59pm,45,Unknown,Unknown EMS Hospital Arrival Time,1,Daylight,Reduced Visibility,1,1,['Driver'],['Shoulder_Lapbelt'],0,0,Valid,0.0,0.0,65.0,54.0,"['Male', 'Male']",0,0,3,4,5,Wet/Standing Water,Straight,Level,Lowest,No
26251,39,Ohio,391170,1,1,1,0,1,EAST LIVERPOOL,April,7,Friday,18,56,Urban,Medium Speed (Collector),No,40.65178889,-80.57411667,Non-Intersection,Daylight,Clear,6:00pm-6:59pm,56,7:00pm-7:59pm,0,7:00pm-7:59pm,35,1,Daylight,Clear,0,1,[],[],0,0,Valid,0.0,0.0,67.0,67.0,['Male'],0,0,3,3,4,Dry,Straight,Grade/Hillcrest,Lowest,No
26252,39,Ohio,391171,0,1,1,0,3,LANCASTER,November,4,Saturday,1,48,Urban,Medium Speed (Collector),No,39.71213333,-82.6141,Non-Intersection,Dark - Lighted,Clear,2:00am-2:59am,18,2:00am-2:59am,24,2:00am-2:59am,45,1,Dark - Lighted,Clear,1,2,['Driver'],['Shoulder_Lapbelt'],1,1,Valid,1.0,0.0,28.0,28.0,['Male'],3,0,2,4,3,Dry,Curve,Level,Lowest,No
26253,39,Ohio,391172,1,1,1,0,1,HAMILTON,November,3,Friday,5,55,Urban,High Speed (Arterial),Yes,39.35725833,-84.54228333,Simple Junction,Dark - Lighted,Cloudy,Unknown,Unknown,Unknown EMS Scene Arrival Hour,Unknown EMS Scene Arrival Minutes,Not Applicable (Not Transported),Not Applicable (Not Transported),1,Dark - Lighted,Reduced Visibility,0,1,[],[],0,0,Valid,1.0,1.0,25.0,25.0,['Male'],0,0,4,2,4,Dry,Straight,Level,Lowest,No
26254,39,Ohio,391173,0,2,2,0,2,WARRENSVILLE HEIGHTS,October,28,Saturday,2,48,Urban,High Speed (Arterial),Yes,41.43416389,-81.50159167,Non-Intersection,Dark - Lighted,Clear,2:00am-2:59am,48,2:00am-2:59am,58,Not Applicable (Not Transported),Not Applicable (Not Transported),2,Dark - Lighted,Clear,2,0,"['Driver', 'Driver']","['Shoulder_Lapbelt', 'Shoulder_Lapbelt']",1,2,Valid,1.0,3.0,47.0,31.0,"['Male', 'Male']",0,0,3,4,5,Dry,Straight,Level,Lowest,No
26255,39,Ohio,391174,1,1,1,0,2,CLEVELAND,November,2,Thursday,23,55,Urban,High Speed (Arterial),No,41.5142,-81.53651111,Non-Intersection,Dark - Lighted,Clear,11:00pm-11:59pm,57,0:00am-0:59am,2,0:00am-0:59am,31,1,Dark - Lighted,Clear,0,2,[],[],0,0,Valid,2.0,1.0,31.0,31.0,['Male'],0,0,3,4,4,Dry,Straight,Level,Lowest,No
26256,39,Ohio,391175,1,1,1,0,1,NORWOOD,November,14,Tuesday,18,3,Urban,High Speed (Arterial),No,39.16363611,-84.47244444,Non-Intersection,Dark - Lighted,Clear,6:00pm-6:59pm,3,6:00pm-6:59pm,6,6:00pm-6:59pm,26,1,Dark - Lighted,Clear,0,1,[],[],0,0,Invalid,0.0,0.0,65.0,65.0,['Male'],0,0,3,3,4,Dry,Straight,Grade/Hillcrest,Lowest,No
26257,39,Ohio,391176,0,1,1,0,1,CINCINNATI,November,19,Sunday,1,49,Urban,Medium Speed (Collector),No,39.1593,-84.5325,Non-Intersection,Dark - Lighted,Clear,1:00am-1:59am,49,1:00am-1:59am,53,Not Applicable (Not Transported),Not Applicable (Not Transported),1,Dark - Lighted,Clear,1,0,['Driver'],['None_Used'],0,0,Invalid,0.0,1.0,24.0,24.0,['Female'],1,0,3,4,3,Dry,Straight,Level,Lowest,No
26258,39,Ohio,391177,0,2,2,0,6,NOT APPLICABLE,December,26,Tuesday,14,18,Urban,Medium Speed (Collector),No,39.92593333,-83.87703889,Simple Junction,Daylight,Cloudy,2:00pm-2:59pm,15,2:00pm-2:59pm,24,2:00pm-2:59pm,51,1,Daylight,Reduced Visibility,1,5,['Front_Passenger'],['Shoulder_Lapbelt'],0,0,Valid,1.0,0.0,83.0,39.0,"['Male', 'Male']",0,0,3,4,5,Dry,Straight,Level,Lowest,No
26259,39,Ohio,391178,0,4,4,0,5,Other,December,28,Thursday,17,42,Urban,High Speed (Arterial),Yes,39.08859444,-84.22615,Non-Intersection,Daylight,Clear,5:00pm-5:59pm,42,5:00pm-5:59pm,47,6:00pm-6:59pm,5,1,Daylight,Clear,1,4,['Driver'],['Shoulder_Lapbelt'],0,0,Valid,1.0,2.0,58.0,22.0,"['Male', 'Male', 'Male', 'Female']",0,0,3,4,5,Dry,Straight,Grade/Hillcrest,Medium,No
26260,39,Ohio,391179,1,1,1,0,1,CUYAHOGA FALLS,December,5,Tuesday,20,45,Urban,Medium Speed (Collector),No,41.13783333,-81.48406389,Non-Intersection,Dark - Lighted,Rain,8:00pm-8:59pm,57,9:00pm-9:59pm,0,Not Applicable (Not Transported),Not Applicable (Not Transported),1,Dark - Lighted,Rain/Wind/Minor,0,0,[],[],0,0,Invalid,0.0,0.0,998.0,998.0,['Other'],0,0,1,0,4,Wet/Standing Water,Straight,Level,Lowest,No
26261,39,Ohio,391180,0,2,2,0,2,ROSSFORD,December,23,Saturday,16,1,Urban,Medium Speed (Collector),No,41.55121944,-83.58325,Complex/Circle,Dusk,Rain,4:00pm-4:59pm,7,4:00pm-4:59pm,11,4:00pm-4:59pm,50,1,Twilight,Rain/Wind/Minor,1,1,['Driver'],['Shoulder_Lapbelt'],0,0,Valid,1.0,0.0,73.0,65.0,"['Female', 'Male']",0,0,3,4,5,Wet/Standing Water,Straight,Level,Lowest,No
26262,39,Ohio,391181,1,1,1,0,1,COLUMBUS,November,23,Thursday,22,36,Urban,Medium Speed (Collector),Yes,39.99412222,-82.98129167,Non-Intersection,Dark - Lighted,Clear,10:00pm-10:59pm,39,10:00pm-10:59pm,42,10:00pm-10:59pm,51,1,Dark - Lighted,Clear,0,1,[],[],0,0,Invalid,1.0,0.0,24.0,24.0,['Female'],0,0,3,2,4,Dry,Straight,Level,Lowest,No
26263,39,Ohio,391182,0,2,2,0,2,NOT APPLICABLE,December,18,Monday,4,9,Rural,Medium Speed (Collector),No,39.67615833,-84.53744167,Non-Intersection,Dark - Not Lighted,Cloudy,4:00am-4:59am,7,4:00am-4:59am,19,4:00am-4:59am,49,2,Dark - Unlighted,Reduced Visibility,2,0,"['Driver', 'Driver']","['None_Used', 'None_Used']",0,0,Valid,1.0,0.0,36.0,34.0,"['Male', 'Male']",0,0,3,4,5,Wet/Standing Water,Curve,Level,Lowest,No
26264,39,Ohio,391183,0,1,1,0,1,NOT APPLICABLE,December,25,Monday,21,30,Urban,Medium Speed (Collector),No,40.52604167,-83.10197778,Non-Intersection,Dark - Not Lighted,Rain,9:00pm-9:59pm,37,9:00pm-9:59pm,47,Not Applicable (Not Transported),Not Applicable (Not Transported),1,Dark - Unlighted,Rain/Wind/Minor,1,0,['Driver'],['None_Used'],0,0,Valid,0.0,0.0,40.0,40.0,['Male'],1,0,2,4,3,Wet/Standing Water,Curve,Level,Lowest,No
26265,39,Ohio,391184,0,1,1,0,3,DAYTON,November,12,Sunday,20,43,Urban,High Speed (Arterial),Yes,39.72495,-84.26616111,Non-Intersection,Dark - Lighted,Clear,8:00pm-8:59pm,47,8:00pm-8:59pm,56,9:00pm-9:59pm,16,1,Dark - Lighted,Clear,1,2,['Driver'],['None_Used'],0,0,Invalid,0.0,2.0,23.0,23.0,['Male'],0,0,2,4,3,Dry,Straight,Level,Lowest,No
26266,39,Ohio,391185,0,2,2,0,2,COLUMBUS,December,9,Saturday,6,55,Urban,High Speed (Arterial),Yes,39.99518056,-82.86856111,Complex/Circle,Dark - Unknown Lighting,Rain,6:00am-6:59am,57,7:00am-7:59am,5,Not Applicable (Not Transported),Not Applicable (Not Transported),1,Dark - Unlighted,Rain/Wind/Minor,1,1,['Driver'],['Shoulder_Lapbelt'],0,0,Invalid,1.0,1.0,48.0,41.0,"['Male', 'Female']",0,0,3,4,5,Wet/Standing Water,Straight,Level,Lowest,No
26267,39,Ohio,391186,0,1,1,0,1,NOT APPLICABLE,December,26,Tuesday,6,22,Rural,Medium Speed (Collector),No,40.65313056,-82.38604167,Non-Intersection,Dark - Not Lighted,Clear,Unknown,Unknown,6:00am-6:59am,39,Not Applicable (Not Transported),Not Applicable (Not Transported),1,Dark - Unlighted,Clear,1,0,['Driver'],['Shoulder_Lapbelt'],0,0,Valid,1.0,0.0,73.0,73.0,['Female'],0,0,3,4,3,Wet/Standing Water,Straight,Grade/Hillcrest,Lowest,No
26268,39,Ohio,391187,0,1,1,0,1,NOT APPLICABLE,December,27,Wednesday,20,58,Rural,Low Speed (Local),No,41.22438611,-81.68675,Non-Intersection,Dark - Not Lighted,"Fog, Smog, Smoke",8:00pm-8:59pm,49,8:00pm-8:59pm,58,Not Applicable (Not Transported),Not Applicable (Not Transported),1,Dark - Unlighted,Reduced Visibility,1,0,['Driver'],['None_Used'],0,0,Valid,2.0,0.0,61.0,61.0,['Male'],1,0,3,4,3,Wet/Standing Water,Curve,Grade/Hillcrest,Lowest,No
26269,39,Ohio,391188,0,5,5,0,9,MEDINA,January,21,Saturday,18,0,Urban,High Speed (Arterial),Yes,41.15487222,-81.86263889,Non-Intersection,Dark - Lighted,Clear,6:00pm-6:59pm,0,6:00pm-6:59pm,4,6:00pm-6:59pm,33,1,Dark - Lighted,Clear,1,8,['Driver'],['None_Used'],0,0,Valid,1.0,1.0,70.0,43.0,"['Male', 'Male', 'Female', 'Male', 'Male']",0,0,3,4,5,Dry,Straight,Grade/Hillcrest,Lowest,No
26270,39,Ohio,391189,0,2,2,0,3,NOT APPLICABLE,December,29,Friday,19,21,Urban,High Speed (Arterial),Yes,38.83865278,-82.15914444,Non-Intersection,Dark - Lighted,Rain,7:00pm-7:59pm,19,7:00pm-7:59pm,25,8:00pm-8:59pm,13,1,Dark - Lighted,Rain/Wind/Minor,1,2,['Front_Passenger'],['Shoulder_Lapbelt'],0,0,Valid,0.0,0.0,85.0,25.0,"['Male', 'Female']",0,0,3,4,5,Wet/Standing Water,Curve,Level,Lowest,No
26271,39,Ohio,391190,0,2,2,0,3,NOT APPLICABLE,December,13,Wednesday,18,9,Urban,Medium Speed (Collector),No,41.52177222,-83.69921667,Non-Intersection,Dark - Not Lighted,Clear,6:00pm-6:59pm,9,6:00pm-6:59pm,21,6:00pm-6:59pm,57,1,Dark - Unlighted,Clear,1,2,['Driver'],['Shoulder_Lapbelt'],0,0,Valid,0.0,0.0,88.0,71.0,"['Male', 'Female']",0,0,3,4,5,Dry,Straight,Level,Lowest,No
26272,39,Ohio,391191,0,1,1,0,1,EAST LIVERPOOL,August,5,Saturday,1,43,Urban,High Speed (Arterial),Yes,40.61640278,-80.57785278,Non-Intersection,Dark - Lighted,Clear,1:00am-1:59am,44,1:00am-1:59am,51,2:00am-2:59am,22,1,Dark - Lighted,Clear,1,0,['Driver'],['None_Used'],0,0,Valid,0.0,0.0,67.0,67.0,['Male'],0,0,2,4,3,Dry,Curve,Grade/Hillcrest,Lowest,No
26273,39,Ohio,391192,0,2,2,0,3,NOT APPLICABLE,November,25,Saturday,16,52,Rural,Medium Speed (Collector),No,39.90005278,-84.65246111,Complex/Circle,Daylight,Clear,4:00pm-4:59pm,54,5:00pm-5:59pm,1,Not Applicable (Not Transported),Not Applicable (Not Transported),2,Daylight,Clear,2,1,"['Driver', 'Front_Passenger']","['Shoulder_Lapbelt', 'Shoulder_Lapbelt']",0,0,Valid,0.0,0.0,66.0,16.0,"['Male', 'Male']",0,0,3,4,5,Dry,Straight,Level,Lowest,No