,State_Code,State_Name,Crash_ID,Count_Non_Motorists,Count_Vehicles_Total,Count_Vehicle_Forms,Count_PVH_Involved,Count_Occupants_MV,City_Name,Month_Name,Day_of_Month,Day_of_Week,Crash_Hour,Crash_Minute,Area_Rural_Urban,Road_Functional_Class,On_NHS_Road,Latitude,Longitude,Intersection_Type,Light_Condition,Weather_Condition,Notif_Hour,Notif_Minute,Arrival_Hour,Arrival_Minute,Hospital_Hour,Hospital_Minute,Fatalities_Count,Clean_Light_Condition,Clean_Weather_Condition,Total_Killed,Total_Alive,Fatal_Seats_List,Killed_Restraint_List,Any_Driver_Drinking,Total_Drinking_Drivers,Driver_License_Category,Driver_Max_Prev_Accident_Count,Driver_Max_Prev_Speeding_Count,Max_Driver_Age,Min_Driver_Age,Driver_Sex_List,Total_Exceeding_Limit_Vehicles,Total_Too_Fast_Vehicles,Max_Vehicle_Type_Severity_5,Max_Vehicle_Damage_Rank,Max_Harmful_Event_Severity,Crash_Road_Surface_Condition,Crash_Horizontal_Alignment,Crash_Vertical_Profile,Crash_Impairment_Category,Crash_Vehicle_Defect
26274,39,Ohio,391193,0,2,2,0,2,DUBLIN,December,4,Monday,13,57,Urban,Medium Speed (Collector),No,40.141625,-83.15293889,Non-Intersection,Daylight,Clear,Unknown,Unknown,Unknown EMS Scene Arrival Hour,Unknown EMS Scene Arrival Minutes,Not Applicable (Not Transported),Not Applicable (Not Transported),1,Daylight,Clear,1,1,['Driver'],['None_Used'],0,0,Valid,1.0,0.0,71.0,55.0,"['Male', 'Male']",0,0,3,4,5,Dry,Curve,Level,Lowest,No
26275,39,Ohio,391194,0,1,1,0,1,MOUNT HEALTHY,December,25,Monday,1,18,Urban,High Speed (Arterial),No,39.24076111,-84.54748056,Non-Intersection,Dark - Lighted,Cloudy,1:00am-1:59am,20,1:00am-1:59am,24,Not Applicable (Not Transported),Not Applicable (Not Transported),1,Dark - Lighted,Reduced Visibility,1,0,['Driver'],['None_Used'],1,1,Valid,0.0,0.0,30.0,30.0,['Male'],0,0,2,4,3,Dry,Straight,Grade/Hillcrest,Lowest,No
26276,39,Ohio,391195,0,1,1,0,1,FOSTORIA,December,30,Saturday,11,53,Urban,Medium Speed (Collector),No,41.17367778,-83.42316389,Non-Intersection,Daylight,Cloudy,11:00am-11:59am,46,11:00am-11:59am,50,Not Applicable (Not Transported),Not Applicable (Not Transported),1,Daylight,Reduced Visibility,1,0,['Driver'],['None_Used'],0,0,Valid,2.0,0.0,32.0,32.0,['Female'],0,0,3,4,3,Dry,Straight,Level,Lowest,No
26277,39,Ohio,391196,0,2,2,0,2,NOT APPLICABLE,December,29,Friday,13,29,Rural,High Speed (Arterial),Yes,41.43391667,-83.41533889,Non-Intersection,Daylight,Cloudy,1:00pm-1:59pm,32,1:00pm-1:59pm,38,Not Applicable (Not Transported),Not Applicable (Not Transported),1,Daylight,Reduced Visibility,1,1,['Driver'],['None_Used'],0,0,Valid,4.0,1.0,59.0,48.0,"['Male', 'Male']",0,0,4,4,5,Dry,Straight,Level,Lowest,No
26278,39,Ohio,391197,1,2,2,0,1,CLEVELAND,December,16,Saturday,21,2,Urban,Medium Speed (Collector),No,41.45259167,-81.77961667,Non-Intersection,Dark - Lighted,Clear,9:00pm-9:59pm,3,9:00pm-9:59pm,8,Not Applicable (Not Transported),Not Applicable (Not Transported),1,Dark - Lighted,Clear,0,1,[],[],0,0,Valid,3.0,0.0,78.0,78.0,['Male'],0,0,2,3,5,Dry,Straight,Level,Lowest,Yes
26279,39,Ohio,391198,0,3,3,0,3,NOT APPLICABLE,December,14,Thursday,15,32,Rural,High Speed (Arterial),Yes,41.37081389,-84.01906111,Complex/Circle,Daylight,Clear,3:00pm-3:59pm,47,4:00pm-4:59pm,1,4:00pm-4:59pm,34,1,Daylight,Clear,1,2,['Driver'],['Shoulder_Lapbelt'],0,0,Valid,0.0,0.0,85.0,33.0,"['Female', 'Male', 'Female']",0,0,3,4,5,Dry,Straight,Level,Lowest,No
26280,39,Ohio,391199,0,2,2,0,2,NOT APPLICABLE,December,20,Wednesday,19,56,Rural,Medium Speed (Collector),No,40.00435,-84.63301111,Complex/Circle,Dark - Not Lighted,Clear,7:00pm-7:59pm,57,8:00pm-8:59pm,5,8:00pm-8:59pm,24,1,Dark - Unlighted,Clear,1,1,['Driver'],['None_Used'],0,0,Valid,0.0,3.0,37.0,20.0,"['Male', 'Female']",0,0,3,4,5,Dry,Straight,Level,Lowest,No
26281,39,Ohio,391200,0,2,2,0,3,NOT APPLICABLE,December,15,Friday,17,24,Rural,Medium Speed (Collector),No,41.22469444,-84.08395,Complex/Circle,Dusk,Clear,5:00pm-5:59pm,30,5:00pm-5:59pm,54,6:00pm-6:59pm,33,1,Twilight,Clear,1,2,['Driver'],['Shoulder_Lapbelt'],1,1,Valid,1.0,0.0,40.0,19.0,"['Male', 'Female']",0,0,3,4,5,Dry,Straight,Level,Lowest,No
26282,39,Ohio,391201,0,2,2,0,3,NOT APPLICABLE,December,30,Saturday,15,39,Rural,Medium Speed (Collector),No,40.00014722,-82.077675,Non-Intersection,Daylight,Cloudy,3:00pm-3:59pm,47,3:00pm-3:59pm,50,4:00pm-4:59pm,3,2,Daylight,Reduced Visibility,2,1,"['Driver', 'Driver']","['None_Used', 'None_Used']",0,0,Valid,0.0,0.0,52.0,35.0,"['Male', 'Male']",0,0,3,4,5,Dry,Straight,Grade/Hillcrest,Lowest,No
26283,39,Ohio,391202,1,1,1,0,1,COLUMBUS,December,11,Monday,8,43,Urban,High Speed (Arterial),Yes,39.94291667,-82.998375,Complex/Circle,Daylight,Clear,8:00am-8:59am,45,8:00am-8:59am,50,9:00am-9:59am,12,1,Daylight,Clear,0,0,[],[],0,0,Invalid,0.0,0.0,998.0,998.0,['Other'],0,0,1,0,4,Dry,Straight,Level,Lowest,No
26284,39,Ohio,391203,0,2,2,0,3,EUCLID,November,11,Saturday,9,35,Urban,High Speed (Arterial),Yes,41.59226944,-81.51775278,Non-Intersection,Daylight,Clear,9:00am-9:59am,37,9:00am-9:59am,42,10:00am-10:59am,5,1,Daylight,Clear,1,2,['Driver'],['Shoulder_Lapbelt'],0,0,Valid,1.0,1.0,42.0,30.0,"['Male', 'Female']",0,0,3,4,5,Dry,Straight,Level,Lowest,No
26285,39,Ohio,391204,1,1,1,0,1,MARYSVILLE,December,10,Sunday,18,0,Urban,Medium Speed (Collector),No,40.23581944,-83.35769444,Non-Intersection,Dark - Lighted,Clear,5:00pm-5:59pm,59,6:00pm-6:59pm,4,6:00pm-6:59pm,22,1,Dark - Lighted,Clear,0,1,[],[],0,0,Valid,1.0,5.0,24.0,24.0,['Male'],0,0,2,2,4,Dry,Straight,Level,Lowest,No
26286,39,Ohio,391205,1,1,1,0,1,RIVERSIDE,December,2,Saturday,21,30,Urban,High Speed (Arterial),Yes,39.76005278,-84.1204,Non-Intersection,Dark - Not Lighted,Clear,9:00pm-9:59pm,31,9:00pm-9:59pm,36,9:00pm-9:59pm,46,1,Dark - Unlighted,Clear,0,1,[],[],0,0,Invalid,0.0,0.0,998.0,998.0,['Other'],0,0,1,0,4,Dry,Straight,Level,Lowest,No
26287,39,Ohio,391206,0,2,2,0,4,YOUNGSTOWN,November,17,Friday,9,21,Urban,Low Speed (Local),No,41.12300833,-80.65742778,Complex/Circle,Daylight,Cloudy,9:00am-9:59am,30,9:00am-9:59am,32,9:00am-9:59am,44,1,Daylight,Reduced Visibility,1,3,['Front_Passenger'],['Shoulder_Lapbelt'],0,0,Invalid,0.0,3.0,30.0,29.0,"['Male', 'Male']",0,0,3,4,5,Wet/Standing Water,Straight,Level,Lowest,No
26288,39,Ohio,391207,0,1,1,0,3,AKRON,December,24,Sunday,4,48,Urban,Low Speed (Local),No,41.05310833,-81.52166667,Complex/Circle,Dark - Lighted,Cloudy,4:00am-4:59am,48,4:00am-4:59am,54,5:00am-5:59am,14,1,Dark - Lighted,Reduced Visibility,1,2,['Front_Passenger'],['None_Used'],0,0,Invalid,0.0,0.0,19.0,19.0,['Male'],3,0,3,4,3,Wet/Standing Water,Straight,Level,Lowest,No
26289,39,Ohio,391208,0,1,1,0,2,DUBLIN,December,8,Friday,21,49,Urban,Medium Speed (Collector),No,40.09332222,-83.18713056,Complex/Circle,Dark - Lighted,Clear,9:00pm-9:59pm,50,9:00pm-9:59pm,55,10:00pm-10:59pm,26,1,Dark - Lighted,Clear,1,1,['Driver'],['Shoulder_Lapbelt'],0,0,Valid,0.0,0.0,73.0,73.0,['Male'],2,0,3,4,3,Dry,Curve,Level,Lowest,No
26290,39,Ohio,391209,0,1,1,0,1,NOT APPLICABLE,August,18,Friday,16,31,Urban,Low Speed (Local),No,40.88333611,-80.84151389,Non-Intersection,Daylight,Clear,Unknown,Unknown,Unknown EMS Scene Arrival Hour,Unknown EMS Scene Arrival Minutes,Unknown,Unknown EMS Hospital Arrival Time,1,Daylight,Clear,1,0,['Driver'],['None_Used'],0,0,Valid,0.0,0.0,67.0,67.0,['Male'],0,0,5,3,3,Dry,Curve,Grade/Hillcrest,Lowest,No
26291,39,Ohio,391210,1,1,1,0,1,COLUMBUS,April,26,Wednesday,4,57,Urban,High Speed (Arterial),No,39.9029,-82.8249,Non-Intersection,Dark - Not Lighted,Clear,4:00am-4:59am,59,5:00am-5:59am,7,5:00am-5:59am,32,1,Dark - Unlighted,Clear,0,1,[],[],0,0,Valid,0.0,0.0,61.0,61.0,['Male'],0,0,3,3,4,Dry,Straight,Level,Lowest,No
26292,39,Ohio,391211,1,1,1,0,1,COLUMBUS,October,5,Thursday,16,24,Urban,High Speed (Arterial),Yes,39.95766944,-83.03813889,Complex/Circle,Daylight,Cloudy,4:00pm-4:59pm,26,4:00pm-4:59pm,28,4:00pm-4:59pm,40,1,Daylight,Reduced Visibility,0,1,[],[],0,0,Valid,0.0,1.0,56.0,56.0,['Female'],0,0,2,1,4,Dry,Straight,Level,Lowest,No
26293,39,Ohio,391212,1,1,1,0,1,NOT APPLICABLE,December,6,Wednesday,19,34,Rural,Low Speed (Local),No,88.8888,888.8888,Non-Intersection,Dark - Lighted,Clear,7:00pm-7:59pm,35,7:00pm-7:59pm,38,8:00pm-8:59pm,4,1,Dark - Lighted,Clear,0,1,[],[],1,1,Invalid,0.0,0.0,63.0,63.0,['Male'],0,0,3,1,4,Dry,Straight,Non-Trafficway,Lowest,No
26294,40,Oklahoma,400001,0,1,1,0,1,NOT APPLICABLE,January,1,Sunday,1,17,Rural,High Speed (Arterial),Yes,36.761,-102.3904,Non-Intersection,Dark - Not Lighted,Clear,Unknown,Unknown if Notified,Unknown EMS Scene Arrival Hour,Unknown if Arrived,Not Applicable (Not Transported),Not Applicable (Not Transported),1,Dark - Unlighted,Clear,1,0,['Driver'],['None_Used'],1,1,Valid,0.0,0.0,55.0,55.0,['Male'],0,0,3,4,3,Dry,Straight,Level,Lowest,No
26295,40,Oklahoma,400002,0,1,1,0,1,NOT APPLICABLE,January,1,Sunday,9,40,Rural,Medium Speed (Collector),No,35.0437,-98.3283,Non-Intersection,Daylight,Clear,Unknown,Unknown if Notified,Unknown EMS Scene Arrival Hour,Unknown if Arrived,Not Applicable (Not Transported),Not Applicable (Not Transported),1,Daylight,Clear,1,0,['Driver'],['None_Used'],0,0,Valid,0.0,0.0,68.0,68.0,['Male'],1,0,3,4,3,Dry,Curve,Level,Lowest,No
26296,40,Oklahoma,400003,0,1,1,0,2,NOT APPLICABLE,January,2,Monday,7,59,Rural,Low Speed (Local),No,34.7628,-97.5731,Non-Intersection,Daylight,Reported as Unknown,Unknown,Unknown,Unknown EMS Scene Arrival Hour,Unknown EMS Scene Arrival Minutes,Unknown,Unknown EMS Hospital Arrival Time,1,Daylight,Clear,1,1,['Driver'],['None_Used'],0,0,Valid,0.0,0.0,46.0,46.0,['Male'],0,0,3,4,3,Dry,Straight,Grade/Hillcrest,Lowest,No
26297,40,Oklahoma,400004,0,2,2,0,5,NOT APPLICABLE,January,3,Tuesday,13,40,Rural,Medium Speed (Collector),No,34.7984,-96.7379,Non-Intersection,Daylight,Clear,Unknown,Unknown,Unknown EMS Scene Arrival Hour,Unknown EMS Scene Arrival Minutes,Unknown,Unknown EMS Hospital Arrival Time,1,Daylight,Clear,1,4,['Driver'],['Shoulder_Lapbelt'],0,0,Valid,0.0,0.0,36.0,28.0,"['Male', 'Female']",0,0,3,4,5,Dry,Curve,Grade/Hillcrest,Lowest,No
26298,40,Oklahoma,400005,1,1,1,0,1,NOT APPLICABLE,January,7,Saturday,23,27,Rural,High Speed (Arterial),Yes,35.382,-97.0102,Non-Intersection,Dark - Not Lighted,Clear,Unknown,Unknown if Notified,Unknown EMS Scene Arrival Hour,Unknown if Arrived,Not Applicable (Not Transported),Not Applicable (Not Transported),1,Dark - Unlighted,Clear,0,1,[],[],0,0,Valid,0.0,0.0,74.0,74.0,['Male'],0,0,3,4,4,Dry,Straight,Level,Lowest,No
26299,40,Oklahoma,400006,0,1,1,0,2,NOT APPLICABLE,January,9,Monday,2,45,Rural,High Speed (Arterial),Yes,34.5063,-97.1732,Non-Intersection,Dark - Not Lighted,Clear,Unknown,Unknown,Unknown EMS Scene Arrival Hour,Unknown EMS Scene Arrival Minutes,Unknown,Unknown EMS Hospital Arrival Time,1,Dark - Unlighted,Clear,1,1,['Driver'],['Shoulder_Lapbelt'],0,0,Valid,0.0,0.0,25.0,25.0,['Male'],0,0,3,4,3,Dry,Straight,Level,Lowest,No
26300,40,Oklahoma,400007,0,2,2,0,2,NOT APPLICABLE,January,10,Tuesday,18,49,Rural,High Speed (Arterial),Yes,35.2384,-94.6781,Non-Intersection,Dark - Not Lighted,Clear,Unknown,Unknown,Unknown EMS Scene Arrival Hour,Unknown EMS Scene Arrival Minutes,Unknown,Unknown EMS Hospital Arrival Time,1,Dark - Unlighted,Clear,1,1,['Driver'],['None_Used'],0,0,Invalid,0.0,0.0,76.0,36.0,"['Male', 'Female']",0,0,3,4,5,Dry,Straight,Level,Lowest,No
26301,40,Oklahoma,400008,0,2,2,0,2,NOT APPLICABLE,January,12,Thursday,15,10,Rural,Low Speed (Local),No,36.4509,-96.2034,Non-Intersection,Daylight,Clear,Unknown,Unknown if Notified,Unknown EMS Scene Arrival Hour,Unknown if Arrived,Not Applicable (Not Transported),Not Applicable (Not Transported),1,Daylight,Clear,1,1,['Driver'],['None_Used'],0,0,Valid,0.0,0.0,58.0,48.0,"['Male', 'Male']",0,0,4,4,5,Dry,Curve,Level,Lowest,No
26302,40,Oklahoma,400009,0,2,2,0,2,SAPULPA,January,13,Friday,0,27,Urban,High Speed (Arterial),Yes,36.007,-96.1274,Non-Intersection,Dark - Not Lighted,Clear,Unknown,Unknown if Notified,Unknown EMS Scene Arrival Hour,Unknown if Arrived,Not Applicable (Not Transported),Not Applicable (Not Transported),1,Dark - Unlighted,Clear,1,1,['Driver'],['None_Used'],0,0,Valid,0.0,0.0,61.0,29.0,"['Male', 'Male']",0,0,4,4,5,Dry,Straight,Level,Lowest,No
26303,40,Oklahoma,400010,0,1,1,0,1,NOT APPLICABLE,January,14,Saturday,13,51,Rural,Medium Speed (Collector),No,36.4135,-96.4607,Non-Intersection,Daylight,Clear,Unknown,Unknown if Notified,Unknown EMS Scene Arrival Hour,Unknown if Arrived,Not Applicable (Not Transported),Not Applicable (Not Transported),1,Daylight,Clear,1,0,['Driver'],['None_Used'],0,0,Invalid,0.0,0.0,49.0,49.0,['Male'],1,0,3,4,3,Dry,Straight,Level,Lowest,No
26304,40,Oklahoma,400011,1,1,1,0,1,NOT APPLICABLE,January,15,Sunday,20,35,Rural,Low Speed (Local),No,35.3452,-96.1407,Non-Intersection,Dark - Not Lighted,Cloudy,Unknown,Unknown,Unknown EMS Scene Arrival Hour,Unknown EMS Scene Arrival Minutes,Unknown,Unknown EMS Hospital Arrival Time,1,Dark - Unlighted,Reduced Visibility,0,1,[],[],0,0,Invalid,0.0,0.0,52.0,52.0,['Male'],0,0,3,1,4,Dry,Straight,Level,Lowest,No
26305,40,Oklahoma,400012,0,2,2,0,3,STILLWATER,January,16,Monday,17,2,Urban,High Speed (Arterial),No,36.0871,-97.0514,Complex/Circle,Daylight,Clear,Unknown,Unknown,Unknown EMS Scene Arrival Hour,Unknown EMS Scene Arrival Minutes,Unknown,Unknown EMS Hospital Arrival Time,1,Daylight,Clear,1,2,['Front_Passenger'],['Shoulder_Lapbelt'],0,0,Valid,0.0,0.0,64.0,18.0,"['Male', 'Female']",0,0,3,4,5,Dry,Straight,Grade/Hillcrest,Lowest,No
26306,40,Oklahoma,400013,1,1,1,0,1,NOT APPLICABLE,January,16,Monday,21,45,Rural,Medium Speed (Collector),No,36.1926,-96.0997,Non-Intersection,Dark - Not Lighted,Clear,Unknown,Unknown,Unknown EMS Scene Arrival Hour,Unknown EMS Scene Arrival Minutes,Unknown,Unknown EMS Hospital Arrival Time,1,Dark - Unlighted,Clear,0,1,[],[],0,0,Valid,0.0,0.0,39.0,39.0,['Male'],0,0,3,3,4,Dry,Curve,Level,Lowest,No
26307,40,Oklahoma,400014,0,1,1,0,1,NOT APPLICABLE,January,18,Wednesday,20,6,Rural,Medium Speed (Collector),No,35.5696,-94.5589,Non-Intersection,Dark - Not Lighted,Clear,Unknown,Unknown if Notified,Unknown EMS Scene Arrival Hour,Unknown if Arrived,Not Applicable (Not Transported),Not Applicable (Not Transported),1,Dark - Unlighted,Clear,1,0,['Driver'],['Shoulder_Lapbelt'],0,0,Valid,0.0,0.0,18.0,18.0,['Female'],0,0,3,4,3,Dry,Curve,Level,Lowest,No
26308,40,Oklahoma,400015,0,2,2,0,5,NOT APPLICABLE,January,19,Thursday,7,30,Rural,Medium Speed (Collector),No,35.91300278,-98.01433889,Complex/Circle,Dawn,Clear,Unknown,Unknown,Unknown EMS Scene Arrival Hour,Unknown EMS Scene Arrival Minutes,Unknown,Unknown EMS Hospital Arrival Time,1,Twilight,Clear,1,4,['Driver'],['None_Used'],1,1,Valid,0.0,0.0,44.0,28.0,"['Male', 'Female']",0,0,3,4,5,Dry,Straight,Level,Lowest,No
26309,40,Oklahoma,400016,0,2,2,0,2,NOT APPLICABLE,January,20,Friday,16,19,Rural,High Speed (Arterial),Yes,35.3937,-94.6336,Non-Intersection,Daylight,Clear,Unknown,Unknown if Notified,Unknown EMS Scene Arrival Hour,Unknown if Arrived,Not Applicable (Not Transported),Not Applicable (Not Transported),1,Daylight,Clear,1,1,['Driver'],['Shoulder_Lapbelt'],0,0,Valid,0.0,0.0,75.0,43.0,"['Female', 'Male']",0,0,3,4,5,Dry,Straight,Level,Lowest,No
26310,40,Oklahoma,400017,1,1,1,0,1,TULSA,January,20,Friday,21,43,Urban,High Speed (Arterial),Yes,36.1462,-96.0035,Non-Intersection,Dark - Not Lighted,Clear,Unknown,Unknown,Unknown EMS Scene Arrival Hour,Unknown EMS Scene Arrival Minutes,Unknown,Unknown EMS Hospital Arrival Time,1,Dark - Unlighted,Clear,0,1,[],[],0,0,Valid,0.0,0.0,56.0,56.0,['Male'],0,0,3,2,4,Dry,Straight,Level,Lowest,No
26311,40,Oklahoma,400018,0,1,1,0,1,NOT APPLICABLE,January,22,Sunday,19,5,Rural,Medium Speed (Collector),No,33.9804,-95.0352,Non-Intersection,Dark - Not Lighted,Clear,Unknown,Unknown,Unknown EMS Scene Arrival Hour,Unknown EMS Scene Arrival Minutes,Unknown,Unknown EMS Hospital Arrival Time,1,Dark - Unlighted,Clear,1,0,['Driver'],['Shoulder_Lapbelt'],0,0,Valid,0.0,0.0,64.0,64.0,['Male'],0,0,3,4,3,Dry,Straight,Level,Lowest,No
26312,40,Oklahoma,400019,0,1,1,0,1,NOT APPLICABLE,January,24,Tuesday,11,41,Rural,Medium Speed (Collector),No,34.9421,-98.0075,Non-Intersection,Daylight,Snow,Unknown,Unknown,Unknown EMS Scene Arrival Hour,Unknown EMS Scene Arrival Minutes,Unknown,Unknown EMS Hospital Arrival Time,1,Daylight,Snow/Ice/Severe,1,0,['Driver'],['Shoulder_Lapbelt'],0,0,Valid,0.0,0.0,51.0,51.0,['Male'],1,0,4,4,3,Icy/Snowy,Curve,Grade/Hillcrest,Lowest,No
26313,40,Oklahoma,400020,0,1,1,0,2,OKLAHOMA CITY,January,27,Friday,1,50,Urban,Low Speed (Local),No,35.4944,-97.4855,Non-Intersection,Dark - Lighted,Clear,Unknown,Unknown,Unknown EMS Scene Arrival Hour,Unknown EMS Scene Arrival Minutes,Unknown,Unknown EMS Hospital Arrival Time,1,Dark - Lighted,Clear,1,1,['Driver'],['Shoulder_Lapbelt'],1,1,Invalid,0.0,0.0,46.0,46.0,['Male'],0,0,3,4,3,Dry,Straight,Level,Lowest,No
26314,40,Oklahoma,400021,0,1,1,0,3,GLENPOOL,January,28,Saturday,1,47,Urban,Low Speed (Local),No,35.9661,-95.9998,Non-Intersection,Dark - Not Lighted,Clear,Unknown,Unknown if Notified,Unknown EMS Scene Arrival Hour,Unknown if Arrived,Not Applicable (Not Transported),Not Applicable (Not Transported),1,Dark - Unlighted,Clear,1,1,['Driver'],['None_Used'],1,1,Valid,0.0,0.0,18.0,18.0,['Male'],3,0,3,4,2,Dry,Straight,Level,Lowest,No
26315,40,Oklahoma,400022,0,1,1,0,1,NOT APPLICABLE,January,29,Sunday,14,53,Rural,Medium Speed (Collector),No,33.9113,-97.3426,Non-Intersection,Daylight,Cloudy,Unknown,Unknown if Notified,Unknown EMS Scene Arrival Hour,Unknown if Arrived,Not Applicable (Not Transported),Not Applicable (Not Transported),1,Daylight,Reduced Visibility,1,0,['Driver'],['None_Used'],1,1,Valid,0.0,0.0,37.0,37.0,['Male'],0,0,3,4,3,Dry,Straight,Level,Lowest,No
26316,40,Oklahoma,400023,1,2,1,1,2,FORT COBB,January,30,Monday,5,46,Rural,Medium Speed (Collector),No,35.0987,-98.436,Non-Intersection,Dark - Lighted,Cloudy,Unknown,Unknown,Unknown EMS Scene Arrival Hour,Unknown EMS Scene Arrival Minutes,Unknown,Unknown EMS Hospital Arrival Time,1,Dark - Lighted,Reduced Visibility,0,2,[],[],0,0,Valid,0.0,0.0,59.0,59.0,['Female'],0,0,3,3,4,Dry,Straight,Level,Lowest,No
26317,40,Oklahoma,400024,0,6,6,0,12,NOT APPLICABLE,February,2,Thursday,1,23,Urban,High Speed (Arterial),Yes,35.5171,-98.8979,Non-Intersection,Dark - Not Lighted,Not Reported,Unknown,Unknown,Unknown EMS Scene Arrival Hour,Unknown EMS Scene Arrival Minutes,Unknown,Unknown EMS Hospital Arrival Time,1,Dark - Unlighted,Clear,1,11,['Driver'],['Shoulder_Lapbelt'],1,1,Valid,0.0,1.0,60.0,30.0,"['Male', 'Male', 'Female', 'Male', 'Male', 'Male']",2,0,4,4,5,Icy/Snowy,Straight,Level,Lowest,No
26318,40,Oklahoma,400026,1,1,1,0,1,TULSA,January,27,Friday,20,30,Urban,High Speed (Arterial),Yes,36.1756,-95.8571,Non-Intersection,Dark - Not Lighted,Clear,Unknown,Unknown if Notified,Unknown EMS Scene Arrival Hour,Unknown if Arrived,Not Applicable (Not Transported),Not Applicable (Not Transported),1,Dark - Unlighted,Clear,0,1,[],[],0,0,Valid,0.0,0.0,36.0,36.0,['Male'],0,0,3,3,4,Dry,Straight,Level,Lowest,No
26319,40,Oklahoma,400027,1,1,1,0,1,OKLAHOMA CITY,January,6,Friday,22,38,Urban,High Speed (Arterial),No,35.40768611,-97.50790833,Non-Intersection,Dark - Lighted,Cloudy,Unknown,Unknown,Unknown EMS Scene Arrival Hour,Unknown EMS Scene Arrival Minutes,Unknown,Unknown EMS Hospital Arrival Time,1,Dark - Lighted,Reduced Visibility,0,0,[],[],0,0,Invalid,0.0,0.0,42.0,42.0,['Female'],0,0,2,3,4,Dry,Straight,Level,Lowest,No
26320,40,Oklahoma,400028,1,1,1,0,1,OKLAHOMA CITY,January,13,Friday,21,20,Urban,Medium Speed (Collector),No,35.473775,-97.63670278,Non-Intersection,Dark - Not Lighted,Clear,Unknown,Unknown if Notified,Unknown EMS Scene Arrival Hour,Unknown if Arrived,Not Applicable (Not Transported),Not Applicable (Not Transported),1,Dark - Unlighted,Clear,0,0,[],[],0,0,Invalid,0.0,0.0,999.0,999.0,['Other'],0,0,1,0,4,Dry,Straight,Grade/Hillcrest,Lowest,No
26321,40,Oklahoma,400029,0,2,1,1,2,OKLAHOMA CITY,January,14,Saturday,10,39,Urban,Low Speed (Local),No,35.4841,-97.4894,Complex/Circle,Daylight,Cloudy,Unknown,Unknown,Unknown EMS Scene Arrival Hour,Unknown EMS Scene Arrival Minutes,Unknown,Unknown EMS Hospital Arrival Time,1,Daylight,Reduced Visibility,1,1,['Driver'],['None_Used'],0,0,Invalid,0.0,0.0,52.0,52.0,['Male'],2,0,3,4,3,Dry,Straight,Level,Lowest,No
26322,40,Oklahoma,400030,0,2,2,0,2,OKLAHOMA CITY,January,16,Monday,22,44,Urban,High Speed (Arterial),No,35.5162,-97.5657,Simple Junction,Dark - Not Lighted,Cloudy,Unknown,Unknown if Notified,Unknown EMS Scene Arrival Hour,Unknown if Arrived,Not Applicable (Not Transported),Not Applicable (Not Transported),1,Dark - Unlighted,Reduced Visibility,1,1,['Driver'],['None_Used'],1,1,Valid,0.0,1.0,36.0,20.0,"['Male', 'Female']",1,0,5,4,5,Dry,Straight,Level,Lowest,No
26323,40,Oklahoma,400031,1,1,1,0,1,OKLAHOMA CITY,January,21,Saturday,21,12,Urban,Low Speed (Local),No,35.44741111,-97.54388056,Simple Junction,Dark - Lighted,Cloudy,Unknown,Unknown if Notified,Unknown EMS Scene Arrival Hour,Unknown if Arrived,Not Applicable (Not Transported),Not Applicable (Not Transported),1,Dark - Lighted,Reduced Visibility,0,0,[],[],0,0,Invalid,0.0,0.0,999.0,999.0,['Other'],0,0,3,2,4,Dry,Curve,Level,Lowest,No
26324,40,Oklahoma,400032,1,1,1,0,1,OKLAHOMA CITY,January,24,Tuesday,5,19,Urban,High Speed (Arterial),No,35.4239,-97.3708,Simple Junction,Dark - Lighted,Cloudy,Unknown,Unknown if Notified,Unknown EMS Scene Arrival Hour,Unknown if Arrived,Not Applicable (Not Transported),Not Applicable (Not Transported),1,Dark - Lighted,Reduced Visibility,0,1,[],[],0,0,Valid,0.0,0.0,53.0,53.0,['Male'],1,0,2,4,4,Dry,Straight,Grade/Hillcrest,Lowest,No
26325,40,Oklahoma,400033,0,1,1,0,1,TULSA,January,28,Saturday,16,20,Urban,Low Speed (Local),No,36.16628611,-95.94803333,Simple Junction,Daylight,Clear,Not Applicable (Not Notified),Not Applicable (Not Notified),Not Applicable,Not Applicable,Not Applicable (Not Transported),Not Applicable (Not Transported),1,Daylight,Clear,1,0,['Driver'],['None_Used'],1,1,Invalid,0.0,0.0,43.0,43.0,['Male'],1,0,5,4,3,Dry,Straight,Level,Lowest,No
26326,40,Oklahoma,400034,0,2,2,0,3,TULSA,January,28,Saturday,18,35,Urban,Medium Speed (Collector),No,36.1197,-95.9047,Non-Intersection,Dark - Lighted,Clear,Unknown,Unknown,Unknown EMS Scene Arrival Hour,Unknown EMS Scene Arrival Minutes,Unknown,Unknown EMS Hospital Arrival Time,1,Dark - Lighted,Clear,1,2,['Driver'],['None_Used'],0,0,Valid,0.0,1.0,34.0,18.0,"['Male', 'Male']",1,0,5,4,5,Dry,Straight,Level,Lowest,No
26327,40,Oklahoma,400035,0,3,3,0,5,BROKEN ARROW,January,31,Tuesday,21,29,Urban,Medium Speed (Collector),No,36.07550556,-95.77959167,Complex/Circle,Dark - Lighted,Cloudy,Unknown,Unknown,Unknown EMS Scene Arrival Hour,Unknown EMS Scene Arrival Minutes,Unknown,Unknown EMS Hospital Arrival Time,2,Dark - Lighted,Reduced Visibility,2,3,"['Driver', 'Front_Passenger']","['Shoulder_Lapbelt', 'Shoulder_Lapbelt']",1,1,Invalid,0.0,0.0,75.0,33.0,"['Male', 'Female', 'Male']",1,0,3,4,5,Icy/Snowy,Straight,Level,Lowest,No