,State_Code,State_Name,Crash_ID,Count_Non_Motorists,Count_Vehicles_Total,Count_Vehicle_Forms,Count_PVH_Involved,Count_Occupants_MV,City_Name,Month_Name,Day_of_Month,Day_of_Week,Crash_Hour,Crash_Minute,Area_Rural_Urban,Road_Functional_Class,On_NHS_Road,Latitude,Longitude,Intersection_Type,Light_Condition,Weather_Condition,Notif_Hour,Notif_Minute,Arrival_Hour,Arrival_Minute,Hospital_Hour,Hospital_Minute,Fatalities_Count,Clean_Light_Condition,Clean_Weather_Condition,Total_Killed,Total_Alive,Fatal_Seats_List,Killed_Restraint_List,Any_Driver_Drinking,Total_Drinking_Drivers,Driver_License_Category,Driver_Max_Prev_Accident_Count,Driver_Max_Prev_Speeding_Count,Max_Driver_Age,Min_Driver_Age,Driver_Sex_List,Total_Exceeding_Limit_Vehicles,Total_Too_Fast_Vehicles,Max_Vehicle_Type_Severity_5,Max_Vehicle_Damage_Rank,Max_Harmful_Event_Severity,Crash_Road_Surface_Condition,Crash_Horizontal_Alignment,Crash_Vertical_Profile,Crash_Impairment_Category,Crash_Vehicle_Defect
26328,40,Oklahoma,400036,0,2,2,0,4,NOT APPLICABLE,February,2,Thursday,99,99,Rural,High Speed (Arterial),Yes,36.3125,-96.9354,Non-Intersection,Daylight,Clear,Unknown,Unknown,Unknown EMS Scene Arrival Hour,Unknown EMS Scene Arrival Minutes,Unknown,Unknown EMS Hospital Arrival Time,1,Daylight,Clear,1,2,['Front_Passenger'],['None_Used'],0,0,Invalid,0.0,0.0,999.0,47.0,"['Other', 'Female']",0,0,3,4,5,Dry,Straight,Grade/Hillcrest,Lowest,No
26329,40,Oklahoma,400037,0,1,1,0,3,NOT APPLICABLE,February,2,Thursday,6,47,Rural,Medium Speed (Collector),No,35.9851,-97.1738,Non-Intersection,Dark - Not Lighted,Not Reported,Unknown,Unknown if Notified,Unknown EMS Scene Arrival Hour,Unknown if Arrived,Not Applicable (Not Transported),Not Applicable (Not Transported),1,Dark - Unlighted,Clear,1,2,['Driver'],['Shoulder_Lapbelt'],0,0,Valid,0.0,0.0,45.0,45.0,['Male'],3,0,3,4,3,Icy/Snowy,Curve,Grade/Hillcrest,Lowest,No
26330,40,Oklahoma,400038,0,2,2,0,2,NOT APPLICABLE,February,2,Thursday,14,29,Rural,Medium Speed (Collector),No,36.7186,-96.0078,Non-Intersection,Daylight,Clear,Unknown,Unknown,Unknown EMS Scene Arrival Hour,Unknown EMS Scene Arrival Minutes,Unknown,Unknown EMS Hospital Arrival Time,1,Daylight,Clear,1,1,['Driver'],['None_Used'],1,1,Valid,0.0,0.0,60.0,41.0,"['Male', 'Male']",0,0,4,4,5,Dry,Straight,Level,Lowest,No
26331,40,Oklahoma,400039,0,3,3,0,3,NOT APPLICABLE,February,2,Thursday,15,20,Rural,Medium Speed (Collector),No,36.7601,-95.1436,Non-Intersection,Daylight,Clear,Unknown,Unknown,Unknown EMS Scene Arrival Hour,Unknown EMS Scene Arrival Minutes,Unknown,Unknown EMS Hospital Arrival Time,1,Daylight,Clear,1,2,['Driver'],['Shoulder_Lapbelt'],0,0,Valid,1.0,0.0,51.0,30.0,"['Female', 'Male', 'Male']",0,0,4,4,5,Dry,Straight,Level,Lowest,No
26332,40,Oklahoma,400040,0,2,2,0,4,MARIETTA,February,3,Friday,13,4,Rural,High Speed (Arterial),Yes,33.9331,-97.1346,Non-Intersection,Daylight,Clear,Unknown,Unknown,Unknown EMS Scene Arrival Hour,Unknown EMS Scene Arrival Minutes,Unknown,Unknown EMS Hospital Arrival Time,1,Daylight,Clear,1,3,['Driver'],['Shoulder_Lapbelt'],0,0,Valid,0.0,0.0,70.0,21.0,"['Male', 'Male']",0,0,4,4,5,Dry,Straight,Level,Lowest,No
26333,40,Oklahoma,400041,0,1,1,0,1,NOT APPLICABLE,February,5,Sunday,99,99,Rural,Low Speed (Local),No,35.3563,-95.9461,Non-Intersection,Daylight,Clear,Unknown,Unknown if Notified,Unknown EMS Scene Arrival Hour,Unknown if Arrived,Not Applicable (Not Transported),Not Applicable (Not Transported),1,Daylight,Clear,1,0,['Driver'],['Shoulder_Lapbelt'],0,0,Valid,0.0,0.0,39.0,39.0,['Female'],1,0,3,4,3,Dry,Straight,Level,Lowest,No
26334,40,Oklahoma,400042,0,2,2,0,2,NOT APPLICABLE,February,8,Wednesday,17,50,Rural,Medium Speed (Collector),No,36.3905,-96.1314,Simple Junction,Dusk,Rain,Unknown,Unknown,Unknown EMS Scene Arrival Hour,Unknown EMS Scene Arrival Minutes,Unknown,Unknown EMS Hospital Arrival Time,1,Twilight,Rain/Wind/Minor,1,1,['Driver'],['None_Used'],1,1,Valid,0.0,0.0,71.0,66.0,"['Female', 'Male']",0,0,3,4,5,Wet/Standing Water,Straight,Level,Lowest,No
26335,40,Oklahoma,400043,1,1,1,0,1,NOT APPLICABLE,February,9,Thursday,23,55,Rural,High Speed (Arterial),Yes,36.62680833,-97.34566667,Non-Intersection,Dark - Not Lighted,Clear,Unknown,Unknown if Notified,Unknown EMS Scene Arrival Hour,Unknown if Arrived,Not Applicable (Not Transported),Not Applicable (Not Transported),1,Dark - Unlighted,Clear,0,1,[],[],0,0,Valid,0.0,0.0,57.0,57.0,['Male'],0,0,4,2,4,Dry,Straight,Level,Lowest,Yes
26336,40,Oklahoma,400045,1,1,1,0,1,MIDWEST CITY,February,10,Friday,20,40,Urban,Medium Speed (Collector),No,35.45142778,-97.40616667,Non-Intersection,Dark - Lighted,Clear,Unknown,Unknown if Notified,Unknown EMS Scene Arrival Hour,Unknown if Arrived,Not Applicable (Not Transported),Not Applicable (Not Transported),1,Dark - Lighted,Clear,0,1,[],[],0,0,Valid,0.0,0.0,55.0,55.0,['Female'],0,0,3,3,4,Dry,Straight,Level,Lowest,No
26337,40,Oklahoma,400046,0,2,2,0,2,OKLAHOMA CITY,February,12,Sunday,0,57,Urban,High Speed (Arterial),Yes,35.4,-97.5742,Non-Intersection,Dark - Not Lighted,Clear,Unknown,Unknown,Unknown EMS Scene Arrival Hour,Unknown EMS Scene Arrival Minutes,Unknown,Unknown EMS Hospital Arrival Time,1,Dark - Unlighted,Clear,1,1,['Driver'],['None_Used'],1,1,Valid,0.0,1.0,49.0,26.0,"['Male', 'Male']",0,0,4,4,5,Dry,Curve,Grade/Hillcrest,Lowest,No
26338,40,Oklahoma,400047,0,3,3,0,3,TULSA,February,14,Tuesday,2,9,Urban,High Speed (Arterial),Yes,36.0941,-95.9242,Non-Intersection,Dark - Lighted,Cloudy,Unknown,Unknown,Unknown EMS Scene Arrival Hour,Unknown EMS Scene Arrival Minutes,Unknown,Unknown EMS Hospital Arrival Time,1,Dark - Lighted,Reduced Visibility,1,2,['Driver'],['Shoulder_Lapbelt'],1,1,Invalid,0.0,0.0,54.0,19.0,"['Male', 'Male', 'Male']",0,0,4,4,5,Dry,Straight,Grade/Hillcrest,Lowest,No
26339,40,Oklahoma,400048,0,1,1,0,1,NOT APPLICABLE,February,14,Tuesday,4,2,Rural,High Speed (Arterial),Yes,35.8379,-96.4243,Non-Intersection,Dark - Not Lighted,Rain,Unknown,Unknown if Notified,Unknown EMS Scene Arrival Hour,Unknown if Arrived,Not Applicable (Not Transported),Not Applicable (Not Transported),1,Dark - Unlighted,Rain/Wind/Minor,1,0,['Driver'],['None_Used'],0,0,Valid,0.0,0.0,41.0,41.0,['Male'],1,0,3,4,3,Wet/Standing Water,Straight,Level,Lowest,No
26340,40,Oklahoma,400049,0,2,2,0,2,OKLAHOMA CITY,February,3,Friday,10,16,Urban,Medium Speed (Collector),No,35.42785,-97.53452222,Complex/Circle,Daylight,Clear,Unknown,Unknown,Unknown EMS Scene Arrival Hour,Unknown EMS Scene Arrival Minutes,Unknown,Unknown EMS Hospital Arrival Time,1,Daylight,Clear,1,1,['Driver'],['Shoulder_Lapbelt'],0,0,Valid,0.0,0.0,65.0,23.0,"['Male', 'Male']",0,0,3,4,5,Dry,Straight,Level,Lowest,No
26341,40,Oklahoma,400050,1,1,1,0,1,OKLAHOMA CITY,February,7,Tuesday,7,0,Urban,High Speed (Arterial),No,35.48636667,-97.56567222,Non-Intersection,Dark - Lighted,Rain,Unknown,Unknown,Unknown EMS Scene Arrival Hour,Unknown EMS Scene Arrival Minutes,Unknown,Unknown EMS Hospital Arrival Time,1,Dark - Lighted,Rain/Wind/Minor,0,1,[],[],0,0,Valid,0.0,0.0,50.0,50.0,['Male'],0,0,3,3,4,Wet/Standing Water,Straight,Level,Lowest,No
26342,40,Oklahoma,400051,0,2,2,0,1,OKLAHOMA CITY,February,15,Wednesday,2,13,Urban,High Speed (Arterial),Yes,35.5604,-97.514,Non-Intersection,Dark - Lighted,Clear,Unknown,Unknown,Unknown EMS Scene Arrival Hour,Unknown EMS Scene Arrival Minutes,Unknown,Unknown EMS Hospital Arrival Time,1,Dark - Lighted,Clear,1,0,['Driver'],['Shoulder_Lapbelt'],0,0,Valid,0.0,0.0,19.0,19.0,['Female'],0,0,3,4,5,Dry,Straight,Grade/Hillcrest,Lowest,Yes
26343,40,Oklahoma,400052,0,2,2,0,2,CLAREMORE,February,2,Thursday,7,45,Urban,High Speed (Arterial),No,36.29278056,-95.63085278,Complex/Circle,Daylight,Cloudy,Unknown,Unknown,Unknown EMS Scene Arrival Hour,Unknown EMS Scene Arrival Minutes,Unknown,Unknown EMS Hospital Arrival Time,1,Daylight,Reduced Visibility,1,1,['Driver'],['None_Used'],0,0,Valid,0.0,0.0,93.0,28.0,"['Male', 'Male']",0,0,3,4,5,Dry,Straight,Level,Lowest,No
26344,40,Oklahoma,400053,0,2,2,0,3,CLAREMORE,February,19,Sunday,18,8,Urban,High Speed (Arterial),No,36.31693889,-95.6268,Complex/Circle,Dusk,Clear,Unknown,Unknown,Unknown EMS Scene Arrival Hour,Unknown EMS Scene Arrival Minutes,Unknown,Unknown EMS Hospital Arrival Time,1,Twilight,Clear,1,2,['Driver'],['None_Used'],0,0,Valid,0.0,0.0,75.0,64.0,"['Female', 'Male']",0,0,5,4,5,Dry,Straight,Level,Lowest,No
26345,40,Oklahoma,400054,0,3,3,0,4,OKLAHOMA CITY,February,9,Thursday,2,30,Urban,High Speed (Arterial),Yes,35.4604,-97.6715,Non-Intersection,Dark - Lighted,Not Reported,Unknown,Unknown if Notified,Unknown EMS Scene Arrival Hour,Unknown if Arrived,Not Applicable (Not Transported),Not Applicable (Not Transported),1,Dark - Lighted,Clear,1,3,['Driver'],['None_Used'],0,0,Valid,1.0,1.0,56.0,27.0,"['Male', 'Male']",0,0,4,4,5,Icy/Snowy,Straight,Level,Lowest,Yes
26346,40,Oklahoma,400055,0,2,2,0,4,TULSA,February,11,Saturday,15,3,Urban,High Speed (Arterial),No,36.13329444,-95.93160278,Complex/Circle,Daylight,Clear,Unknown,Unknown,Unknown EMS Scene Arrival Hour,Unknown EMS Scene Arrival Minutes,Unknown,Unknown EMS Hospital Arrival Time,2,Daylight,Clear,2,2,"['Driver', 'Rear_Seat']","['Shoulder_Lapbelt', 'Shoulder_Lapbelt']",0,0,Valid,0.0,1.0,80.0,59.0,"['Male', 'Female']",0,0,3,4,5,Dry,Straight,Level,Lowest,No
26347,40,Oklahoma,400056,0,2,2,0,3,NOT APPLICABLE,February,14,Tuesday,11,33,Rural,High Speed (Arterial),Yes,36.7805,-101.3263,Non-Intersection,Daylight,"Blowing Sand, Soil, Dirt",Unknown,Unknown,Unknown EMS Scene Arrival Hour,Unknown EMS Scene Arrival Minutes,Unknown,Unknown EMS Hospital Arrival Time,1,Daylight,Rain/Wind/Minor,1,2,['Driver'],['None_Used'],0,0,Valid,0.0,0.0,69.0,61.0,"['Male', 'Male']",0,0,3,4,5,Dry,Straight,Level,Lowest,No
26348,40,Oklahoma,400058,0,1,1,0,1,OKLAHOMA CITY,February,15,Wednesday,2,32,Urban,High Speed (Arterial),Yes,35.3916,-97.4818,Non-Intersection,Dark - Not Lighted,"Fog, Smog, Smoke",Unknown,Unknown,Unknown EMS Scene Arrival Hour,Unknown EMS Scene Arrival Minutes,Unknown,Unknown EMS Hospital Arrival Time,1,Dark - Unlighted,Reduced Visibility,1,0,['Driver'],['None_Used'],1,1,Valid,0.0,0.0,52.0,52.0,['Male'],0,0,3,4,3,Dry,Straight,Level,Lowest,No
26349,40,Oklahoma,400059,0,2,2,0,4,NOT APPLICABLE,February,15,Wednesday,7,18,Urban,Medium Speed (Collector),No,36.0754,-96.1194,Complex/Circle,Daylight,Clear,Unknown,Unknown,Unknown EMS Scene Arrival Hour,Unknown EMS Scene Arrival Minutes,Unknown,Unknown EMS Hospital Arrival Time,1,Daylight,Clear,1,3,['Front_Passenger'],['Shoulder_Lapbelt'],0,0,Valid,0.0,0.0,34.0,17.0,"['Male', 'Female']",0,0,3,4,5,Dry,Straight,Level,Lowest,No
26350,40,Oklahoma,400060,0,2,2,0,5,PURCELL,February,15,Wednesday,10,53,Urban,Medium Speed (Collector),No,34.97568611,-97.38109167,Non-Intersection,Daylight,Clear,Unknown,Unknown,Unknown EMS Scene Arrival Hour,Unknown EMS Scene Arrival Minutes,Unknown,Unknown EMS Hospital Arrival Time,1,Daylight,Clear,1,4,['Rear_Seat'],['Child_Safety'],0,0,Valid,0.0,0.0,55.0,26.0,"['Male', 'Male']",0,0,3,4,5,Dry,Straight,Level,Lowest,No
26351,40,Oklahoma,400061,1,1,1,0,1,TULSA,February,15,Wednesday,18,45,Urban,Medium Speed (Collector),No,36.18426111,-95.9403,Simple Junction,Dark - Lighted,Clear,Unknown,Unknown,Unknown EMS Scene Arrival Hour,Unknown EMS Scene Arrival Minutes,Unknown,Unknown EMS Hospital Arrival Time,1,Dark - Lighted,Clear,0,1,[],[],0,0,Invalid,0.0,0.0,33.0,33.0,['Male'],0,0,3,2,4,Dry,Straight,Level,Lowest,No
26352,40,Oklahoma,400062,0,4,4,0,5,NOT APPLICABLE,February,16,Thursday,18,55,Rural,Medium Speed (Collector),No,34.913,-95.346,Non-Intersection,Dark - Not Lighted,Cloudy,Unknown,Unknown,Unknown EMS Scene Arrival Hour,Unknown EMS Scene Arrival Minutes,Unknown,Unknown EMS Hospital Arrival Time,1,Dark - Unlighted,Reduced Visibility,1,4,['Driver'],['None_Used'],0,0,Valid,0.0,0.0,68.0,30.0,"['Male', 'Male', 'Female', 'Female']",0,0,3,4,5,Dry,Straight,Level,Lowest,No
26353,40,Oklahoma,400063,0,2,2,0,2,NOT APPLICABLE,February,17,Friday,11,34,Rural,Medium Speed (Collector),No,36.60835278,-97.07600278,Complex/Circle,Daylight,Clear,Unknown,Unknown,Unknown EMS Scene Arrival Hour,Unknown EMS Scene Arrival Minutes,Unknown,Unknown EMS Hospital Arrival Time,1,Daylight,Clear,1,1,['Driver'],['None_Used'],1,1,Valid,0.0,0.0,39.0,27.0,"['Female', 'Male']",0,0,5,4,5,Dry,Straight,Level,Lowest,No
26354,40,Oklahoma,400064,0,2,2,0,3,NOT APPLICABLE,February,17,Friday,16,33,Rural,High Speed (Arterial),Yes,36.3076,-95.9241,Complex/Circle,Daylight,Clear,Unknown,Unknown,Unknown EMS Scene Arrival Hour,Unknown EMS Scene Arrival Minutes,Unknown,Unknown EMS Hospital Arrival Time,1,Daylight,Clear,1,2,['Driver'],['Shoulder_Lapbelt'],0,0,Valid,1.0,0.0,67.0,22.0,"['Male', 'Male']",0,0,3,4,5,Dry,Straight,Level,Lowest,No
26355,40,Oklahoma,400065,0,2,2,0,3,NOT APPLICABLE,February,17,Friday,15,2,Rural,Medium Speed (Collector),No,36.4618,-97.5864,Non-Intersection,Daylight,Clear,Unknown,Unknown,Unknown EMS Scene Arrival Hour,Unknown EMS Scene Arrival Minutes,Unknown,Unknown EMS Hospital Arrival Time,1,Daylight,Clear,1,2,['Front_Passenger'],['None_Used'],0,0,Valid,0.0,1.0,41.0,26.0,"['Male', 'Male']",0,0,5,2,5,Dry,Straight,Level,Lowest,No
26356,40,Oklahoma,400066,1,1,1,0,1,CATOOSA,February,19,Sunday,5,11,Urban,High Speed (Arterial),Yes,36.16321389,-95.75615,Non-Intersection,Dark - Not Lighted,Clear,Unknown,Unknown if Notified,Unknown EMS Scene Arrival Hour,Unknown if Arrived,Not Applicable (Not Transported),Not Applicable (Not Transported),1,Dark - Unlighted,Clear,0,1,[],[],0,0,Valid,0.0,0.0,26.0,26.0,['Male'],0,0,2,4,4,Dry,Straight,Level,Lowest,No
26357,40,Oklahoma,400067,0,1,1,0,1,TULSA,February,19,Sunday,15,30,Urban,High Speed (Arterial),Yes,36.1661,-95.8637,Non-Intersection,Daylight,Cloudy,Unknown,Unknown if Notified,Unknown EMS Scene Arrival Hour,Unknown if Arrived,Not Applicable (Not Transported),Not Applicable (Not Transported),1,Daylight,Reduced Visibility,1,0,['Driver'],['None_Used'],0,0,Valid,0.0,0.0,64.0,64.0,['Female'],0,0,5,3,2,Dry,Curve,Grade/Hillcrest,Lowest,No
26358,40,Oklahoma,400068,0,1,1,0,1,NOT APPLICABLE,February,20,Monday,12,57,Rural,High Speed (Arterial),Yes,34.8082,-94.9476,Non-Intersection,Daylight,Cloudy,Unknown,Unknown,Unknown EMS Scene Arrival Hour,Unknown EMS Scene Arrival Minutes,Unknown,Unknown EMS Hospital Arrival Time,1,Daylight,Reduced Visibility,1,0,['Driver'],['None_Used'],0,0,Valid,0.0,0.0,49.0,49.0,['Male'],1,0,5,4,3,Dry,Curve,Grade/Hillcrest,Lowest,No
26359,40,Oklahoma,400069,0,2,2,0,2,TULSA,February,21,Tuesday,15,20,Urban,Medium Speed (Collector),No,36.1606,-95.8603,Simple Junction,Daylight,Cloudy,Unknown,Unknown,Unknown EMS Scene Arrival Hour,Unknown EMS Scene Arrival Minutes,Unknown,Unknown EMS Hospital Arrival Time,1,Daylight,Reduced Visibility,1,1,['Driver'],['Shoulder_Lapbelt'],0,0,Valid,0.0,0.0,80.0,62.0,"['Male', 'Male']",0,0,3,4,5,Dry,Straight,Grade/Hillcrest,Lowest,No
26360,40,Oklahoma,400070,0,2,2,0,2,TULSA,February,22,Wednesday,14,9,Urban,Medium Speed (Collector),No,36.07870833,-95.97580833,Non-Intersection,Daylight,Clear,Unknown,Unknown,Unknown EMS Scene Arrival Hour,Unknown EMS Scene Arrival Minutes,Unknown,Unknown EMS Hospital Arrival Time,1,Daylight,Clear,1,1,['Driver'],['None_Used'],0,0,Valid,0.0,0.0,62.0,41.0,"['Male', 'Female']",1,0,5,4,5,Dry,Straight,Level,Lowest,No
26361,40,Oklahoma,400071,0,1,1,0,1,ROLAND,February,23,Thursday,6,54,Rural,High Speed (Arterial),Yes,35.4044,-94.5255,Non-Intersection,Daylight,Clear,Unknown,Unknown if Notified,Unknown EMS Scene Arrival Hour,Unknown if Arrived,Not Applicable (Not Transported),Not Applicable (Not Transported),1,Daylight,Clear,1,0,['Driver'],['None_Used'],1,1,Invalid,0.0,0.0,42.0,42.0,['Male'],0,0,2,4,3,Dry,Curve,Grade/Hillcrest,Lowest,No
26362,40,Oklahoma,400072,0,1,1,0,1,NOT APPLICABLE,February,25,Saturday,3,0,Urban,Medium Speed (Collector),No,36.7532,-97.1105,Non-Intersection,Dark - Not Lighted,Clear,Unknown,Unknown if Notified,Unknown EMS Scene Arrival Hour,Unknown if Arrived,Not Applicable (Not Transported),Not Applicable (Not Transported),1,Dark - Unlighted,Clear,1,0,['Driver'],['None_Used'],1,1,Valid,0.0,0.0,67.0,67.0,['Male'],1,0,3,4,3,Dry,Straight,Grade/Hillcrest,Lowest,No
26363,40,Oklahoma,400073,0,2,2,0,3,NOT APPLICABLE,February,26,Sunday,15,54,Rural,Medium Speed (Collector),No,36.4924,-97.8726,Complex/Circle,Daylight,Clear,Unknown,Unknown,Unknown EMS Scene Arrival Hour,Unknown EMS Scene Arrival Minutes,Unknown,Unknown EMS Hospital Arrival Time,1,Daylight,Clear,1,2,['Driver'],['None_Used'],0,0,Valid,0.0,0.0,44.0,44.0,"['Male', 'Male']",0,0,5,4,5,Dry,Straight,Level,Lowest,No
26364,40,Oklahoma,400074,0,2,2,0,2,NOT APPLICABLE,February,27,Monday,17,35,Urban,High Speed (Arterial),No,36.0725,-97.0513,Complex/Circle,Daylight,Clear,Unknown,Unknown,Unknown EMS Scene Arrival Hour,Unknown EMS Scene Arrival Minutes,Unknown,Unknown EMS Hospital Arrival Time,1,Daylight,Clear,1,1,['Driver'],['None_Used'],0,0,Valid,0.0,0.0,51.0,50.0,"['Male', 'Male']",0,0,5,4,5,Dry,Straight,Level,Lowest,No
26365,40,Oklahoma,400075,0,2,2,0,3,NOT APPLICABLE,March,4,Saturday,15,39,Rural,High Speed (Arterial),Yes,34.4879,-96.0488,Simple Junction,Daylight,Clear,Unknown,Unknown,Unknown EMS Scene Arrival Hour,Unknown EMS Scene Arrival Minutes,Unknown,Unknown EMS Hospital Arrival Time,1,Daylight,Clear,1,2,['Front_Passenger'],['Shoulder_Lapbelt'],0,0,Valid,0.0,0.0,84.0,58.0,"['Male', 'Male']",0,0,4,4,5,Dry,Straight,Level,Lowest,No
26366,40,Oklahoma,400076,0,2,1,1,1,NOT APPLICABLE,March,5,Sunday,0,54,Rural,Low Speed (Local),No,34.3334,-98.0801,Non-Intersection,Dark - Not Lighted,Clear,Unknown,Unknown if Notified,Unknown EMS Scene Arrival Hour,Unknown if Arrived,Not Applicable (Not Transported),Not Applicable (Not Transported),1,Dark - Unlighted,Clear,1,0,['Driver'],['None_Used'],1,1,Valid,0.0,0.0,32.0,32.0,['Male'],0,0,5,4,5,Dry,Straight,Grade/Hillcrest,Lowest,No
26367,40,Oklahoma,400077,0,2,2,0,2,NOT APPLICABLE,March,6,Monday,8,6,Rural,High Speed (Arterial),Yes,35.8936,-98.6539,Non-Intersection,Daylight,Clear,Unknown,Unknown,Unknown EMS Scene Arrival Hour,Unknown EMS Scene Arrival Minutes,Unknown,Unknown EMS Hospital Arrival Time,1,Daylight,Clear,1,1,['Driver'],['Shoulder_Lapbelt'],0,0,Valid,1.0,0.0,61.0,29.0,"['Female', 'Male']",0,0,4,4,5,Dry,Straight,Grade/Hillcrest,Lowest,No
26368,40,Oklahoma,400078,0,1,1,0,1,NOT APPLICABLE,March,8,Wednesday,4,17,Rural,Medium Speed (Collector),No,34.7959,-94.9236,Non-Intersection,Dark - Not Lighted,Rain,Unknown,Unknown if Notified,Unknown EMS Scene Arrival Hour,Unknown if Arrived,Not Applicable (Not Transported),Not Applicable (Not Transported),1,Dark - Unlighted,Rain/Wind/Minor,1,0,['Driver'],['None_Used'],0,0,Valid,0.0,0.0,36.0,36.0,['Male'],1,0,3,4,3,Wet/Standing Water,Curve,Level,Lowest,No
26369,40,Oklahoma,400079,0,2,2,0,6,NOT APPLICABLE,March,8,Wednesday,6,50,Rural,High Speed (Arterial),Yes,35.8017,-96.5512,Non-Intersection,Dawn,Cloudy,Unknown,Unknown,Unknown EMS Scene Arrival Hour,Unknown EMS Scene Arrival Minutes,Unknown,Unknown EMS Hospital Arrival Time,1,Twilight,Reduced Visibility,1,5,['Driver'],['None_Used'],0,0,Valid,0.0,1.0,47.0,37.0,"['Male', 'Male']",0,0,4,4,5,Dry,Straight,Grade/Hillcrest,Medium,No
26370,40,Oklahoma,400080,1,1,1,0,1,NOT APPLICABLE,March,10,Friday,12,35,Rural,High Speed (Arterial),Yes,35.9412,-94.6007,Non-Intersection,Daylight,Clear,Unknown,Unknown if Notified,Unknown EMS Scene Arrival Hour,Unknown if Arrived,Not Applicable (Not Transported),Not Applicable (Not Transported),1,Daylight,Clear,0,1,[],[],0,0,Valid,0.0,0.0,18.0,18.0,['Female'],0,0,2,4,4,Dry,Straight,Grade/Hillcrest,Lowest,No
26371,40,Oklahoma,400081,0,2,2,0,2,NOT APPLICABLE,March,11,Saturday,7,10,Rural,Medium Speed (Collector),No,36.9437,-94.8126,Non-Intersection,Daylight,Cloudy,Unknown,Unknown if Notified,Unknown EMS Scene Arrival Hour,Unknown if Arrived,Not Applicable (Not Transported),Not Applicable (Not Transported),2,Daylight,Reduced Visibility,2,0,"['Driver', 'Driver']","['Shoulder_Lapbelt', 'None_Used']",0,0,Valid,0.0,1.0,26.0,23.0,"['Female', 'Female']",0,0,3,4,5,Dry,Straight,Level,Lowest,No
26372,40,Oklahoma,400082,2,2,2,0,2,TULSA,March,1,Wednesday,10,43,Urban,Medium Speed (Collector),No,36.1598,-95.9225,Complex/Circle,Daylight,Cloudy,Unknown,Unknown,Unknown EMS Scene Arrival Hour,Unknown EMS Scene Arrival Minutes,Unknown,Unknown EMS Hospital Arrival Time,1,Daylight,Reduced Visibility,0,2,[],[],1,1,Valid,0.0,0.0,40.0,35.0,"['Female', 'Male']",1,0,3,4,5,Dry,Straight,Grade/Hillcrest,Lowest,No
26373,40,Oklahoma,400083,0,1,1,0,1,STILWELL,January,9,Monday,15,39,Rural,Medium Speed (Collector),No,35.82665833,-94.62638056,Non-Intersection,Daylight,Clear,Unknown,Unknown,Unknown EMS Scene Arrival Hour,Unknown EMS Scene Arrival Minutes,Unknown,Unknown EMS Hospital Arrival Time,1,Daylight,Clear,1,0,['Front_Passenger'],['None_Used'],0,0,Valid,0.0,0.0,49.0,34.0,Other,0,0,3,4,4,Dry,Straight,Level,Lowest,No
26374,40,Oklahoma,400084,0,2,2,0,2,DEL CITY,February,22,Wednesday,18,29,Urban,High Speed (Arterial),No,35.442925,-97.44149722,Simple Junction,Dusk,Clear,Unknown,Unknown,Unknown EMS Scene Arrival Hour,Unknown EMS Scene Arrival Minutes,Unknown,Unknown EMS Hospital Arrival Time,1,Twilight,Clear,1,0,['Driver'],['None_Used'],0,0,Invalid,0.0,1.0,49.0,49.0,"['Female', 'Male']",0,0,5,4,5,Dry,Straight,Level,Lowest,No
26375,40,Oklahoma,400085,2,1,1,0,1,TULSA,March,4,Saturday,14,35,Urban,Medium Speed (Collector),No,36.07518889,-95.96266389,Non-Intersection,Daylight,Clear,Unknown,Unknown,Unknown EMS Scene Arrival Hour,Unknown EMS Scene Arrival Minutes,Unknown,Unknown EMS Hospital Arrival Time,1,Daylight,Clear,0,1,[],[],1,1,Invalid,0.0,0.0,28.0,28.0,['Male'],0,0,2,3,4,Dry,Straight,Level,Lowest,No
26376,40,Oklahoma,400086,0,1,1,0,4,NOT APPLICABLE,March,8,Wednesday,15,40,Urban,Medium Speed (Collector),No,36.0191,-96.1724,Non-Intersection,Daylight,Cloudy,Unknown,Unknown,Unknown EMS Scene Arrival Hour,Unknown EMS Scene Arrival Minutes,Unknown,Unknown EMS Hospital Arrival Time,3,Daylight,Reduced Visibility,3,1,"['Front_Passenger', 'Front_Passenger', 'Front_Passenger']","['Shoulder_Lapbelt', 'Shoulder_Lapbelt', 'Shoulder_Lapbelt']",0,0,Valid,0.0,0.0,16.0,16.0,['Male'],4,0,2,4,3,Dry,Straight,Level,Lowest,No
26377,40,Oklahoma,400087,0,2,2,0,4,TULSA,March,11,Saturday,16,0,Urban,Medium Speed (Collector),No,36.1479,-95.885,Non-Intersection,Daylight,Cloudy,Unknown,Unknown,Unknown EMS Scene Arrival Hour,Unknown EMS Scene Arrival Minutes,Unknown,Unknown EMS Hospital Arrival Time,1,Daylight,Reduced Visibility,1,3,['Driver'],['None_Used'],1,1,Invalid,0.0,0.0,57.0,19.0,"['Male', 'Female']",1,0,5,2,5,Dry,Straight,Level,Lowest,No