,State_Code,State_Name,Crash_ID,Count_Non_Motorists,Count_Vehicles_Total,Count_Vehicle_Forms,Count_PVH_Involved,Count_Occupants_MV,City_Name,Month_Name,Day_of_Month,Day_of_Week,Crash_Hour,Crash_Minute,Area_Rural_Urban,Road_Functional_Class,On_NHS_Road,Latitude,Longitude,Intersection_Type,Light_Condition,Weather_Condition,Notif_Hour,Notif_Minute,Arrival_Hour,Arrival_Minute,Hospital_Hour,Hospital_Minute,Fatalities_Count,Clean_Light_Condition,Clean_Weather_Condition,Total_Killed,Total_Alive,Fatal_Seats_List,Killed_Restraint_List,Any_Driver_Drinking,Total_Drinking_Drivers,Driver_License_Category,Driver_Max_Prev_Accident_Count,Driver_Max_Prev_Speeding_Count,Max_Driver_Age,Min_Driver_Age,Driver_Sex_List,Total_Exceeding_Limit_Vehicles,Total_Too_Fast_Vehicles,Max_Vehicle_Type_Severity_5,Max_Vehicle_Damage_Rank,Max_Harmful_Event_Severity,Crash_Road_Surface_Condition,Crash_Horizontal_Alignment,Crash_Vertical_Profile,Crash_Impairment_Category,Crash_Vehicle_Defect
26378,40,Oklahoma,400088,0,2,2,0,3,SLAUGHTERVILLE,March,12,Sunday,11,17,Rural,Medium Speed (Collector),No,35.0827,-97.3356,Non-Intersection,Daylight,Clear,Unknown,Unknown,Unknown EMS Scene Arrival Hour,Unknown EMS Scene Arrival Minutes,Unknown,Unknown EMS Hospital Arrival Time,1,Daylight,Clear,1,2,['Driver'],['None_Used'],0,0,Valid,0.0,0.0,88.0,25.0,"['Male', 'Female']",0,0,5,4,5,Dry,Straight,Level,Lowest,No
26379,40,Oklahoma,400089,0,1,1,0,1,NOT APPLICABLE,March,12,Sunday,18,9,Rural,Medium Speed (Collector),No,36.11588333,-97.18349722,Non-Intersection,Daylight,Cloudy,Unknown,Unknown,Unknown EMS Scene Arrival Hour,Unknown EMS Scene Arrival Minutes,Unknown,Unknown EMS Hospital Arrival Time,1,Daylight,Reduced Visibility,1,0,['Driver'],['None_Used'],1,1,Valid,0.0,0.0,23.0,23.0,['Male'],1,0,5,4,3,Dry,Straight,Grade/Hillcrest,Lowest,No
26380,40,Oklahoma,400090,0,2,2,0,2,OKLAHOMA CITY,March,13,Monday,7,57,Urban,High Speed (Arterial),Yes,35.49640556,-97.46455278,Non-Intersection,Daylight,Cloudy,Unknown,Unknown,Unknown EMS Scene Arrival Hour,Unknown EMS Scene Arrival Minutes,Unknown,Unknown EMS Hospital Arrival Time,1,Daylight,Reduced Visibility,1,1,['Driver'],['Shoulder_Lapbelt'],0,0,Valid,0.0,1.0,42.0,37.0,"['Male', 'Female']",0,0,3,4,5,Dry,Straight,Level,Lowest,No
26381,40,Oklahoma,400091,0,1,1,0,1,NOT APPLICABLE,February,5,Sunday,18,25,Rural,Medium Speed (Collector),No,36.0462,-95.1049,Non-Intersection,Dark - Not Lighted,Clear,Unknown,Unknown,Unknown EMS Scene Arrival Hour,Unknown EMS Scene Arrival Minutes,Unknown,Unknown EMS Hospital Arrival Time,1,Dark - Unlighted,Clear,1,0,['Driver'],['Shoulder_Lapbelt'],0,0,Valid,0.0,0.0,68.0,68.0,['Male'],0,0,3,4,3,Dry,Curve,Grade/Hillcrest,Medium,No
26382,40,Oklahoma,400092,0,2,2,0,3,NOT APPLICABLE,March,13,Monday,13,54,Rural,High Speed (Arterial),Yes,35.9597,-98.7258,Non-Intersection,Daylight,Clear,Unknown,Unknown,Unknown EMS Scene Arrival Hour,Unknown EMS Scene Arrival Minutes,Unknown,Unknown EMS Hospital Arrival Time,3,Daylight,Clear,3,0,"['Driver', 'Front_Passenger', 'Driver']","['Shoulder_Lapbelt', 'Shoulder_Lapbelt', 'Shoulder_Lapbelt']",0,0,Valid,0.0,0.0,39.0,29.0,"['Male', 'Male']",0,0,4,4,5,Dry,Curve,Level,Lowest,No
26383,40,Oklahoma,400093,0,1,1,0,2,NOT APPLICABLE,March,15,Wednesday,21,6,Rural,Medium Speed (Collector),No,36.3798,-95.3165,Non-Intersection,Dark - Not Lighted,Clear,Unknown,Unknown,Unknown EMS Scene Arrival Hour,Unknown EMS Scene Arrival Minutes,Unknown,Unknown EMS Hospital Arrival Time,1,Dark - Unlighted,Clear,1,1,['Driver'],['None_Used'],1,1,Invalid,0.0,0.0,57.0,57.0,['Female'],2,0,3,4,3,Dry,Straight,Level,Lowest,No
26384,40,Oklahoma,400094,1,1,1,0,1,NOT APPLICABLE,March,19,Sunday,2,12,Rural,High Speed (Arterial),Yes,35.7153,-96.9049,Non-Intersection,Dark - Not Lighted,Clear,Unknown,Unknown if Notified,Unknown EMS Scene Arrival Hour,Unknown if Arrived,Not Applicable (Not Transported),Not Applicable (Not Transported),1,Dark - Unlighted,Clear,0,1,[],[],0,0,Valid,0.0,0.0,21.0,21.0,['Male'],0,0,3,4,4,Dry,Straight,Level,Lowest,No
26385,40,Oklahoma,400095,0,2,2,0,6,NOT APPLICABLE,March,19,Sunday,9,43,Rural,High Speed (Arterial),Yes,34.9854,-96.6793,Complex/Circle,Daylight,Clear,Unknown,Unknown,Unknown EMS Scene Arrival Hour,Unknown EMS Scene Arrival Minutes,Unknown,Unknown EMS Hospital Arrival Time,1,Daylight,Clear,1,5,['Rear_Seat'],['None_Used'],0,0,Invalid,0.0,0.0,34.0,32.0,"['Female', 'Male']",0,0,3,4,5,Dry,Straight,Level,Lowest,No
26386,40,Oklahoma,400096,0,1,1,0,1,NOT APPLICABLE,March,19,Sunday,12,32,Rural,High Speed (Arterial),Yes,36.8434,-101.2336,Non-Intersection,Daylight,Clear,Unknown,Unknown if Notified,Unknown EMS Scene Arrival Hour,Unknown if Arrived,Not Applicable (Not Transported),Not Applicable (Not Transported),1,Daylight,Clear,1,0,['Driver'],['Shoulder_Lapbelt'],0,0,Valid,0.0,0.0,49.0,49.0,['Male'],0,0,4,4,3,Dry,Straight,Level,Lowest,No
26387,40,Oklahoma,400097,0,1,1,0,1,OKLAHOMA CITY,March,5,Sunday,4,20,Urban,High Speed (Arterial),Yes,35.5852,-97.5136,Non-Intersection,Dark - Lighted,Clear,Unknown,Unknown if Notified,Unknown EMS Scene Arrival Hour,Unknown if Arrived,Not Applicable (Not Transported),Not Applicable (Not Transported),1,Dark - Lighted,Clear,1,0,['Driver'],['None_Used'],0,0,Valid,0.0,0.0,35.0,35.0,['Male'],1,0,5,4,3,Dry,Curve,Level,Lowest,No
26388,40,Oklahoma,400098,0,2,2,0,2,OKLAHOMA CITY,March,15,Wednesday,1,15,Urban,Medium Speed (Collector),No,35.50773889,-97.50334722,Complex/Circle,Dark - Lighted,Cloudy,Unknown,Unknown,Unknown EMS Scene Arrival Hour,Unknown EMS Scene Arrival Minutes,Unknown,Unknown EMS Hospital Arrival Time,1,Dark - Lighted,Reduced Visibility,1,1,['Driver'],['None_Used'],1,1,Valid,0.0,0.0,33.0,23.0,"['Male', 'Male']",1,0,3,4,5,Dry,Straight,Level,Lowest,No
26389,40,Oklahoma,400099,0,2,2,0,2,OKLAHOMA CITY,March,15,Wednesday,17,46,Urban,High Speed (Arterial),No,35.46448056,-97.62453611,Complex/Circle,Daylight,Cloudy,Unknown,Unknown,Unknown EMS Scene Arrival Hour,Unknown EMS Scene Arrival Minutes,Unknown,Unknown EMS Hospital Arrival Time,1,Daylight,Reduced Visibility,1,1,['Driver'],['None_Used'],0,0,Valid,0.0,2.0,69.0,30.0,"['Male', 'Male']",0,0,5,4,5,Dry,Straight,Level,Lowest,No
26390,40,Oklahoma,400100,0,1,1,0,1,NOT APPLICABLE,March,20,Monday,20,40,Rural,Medium Speed (Collector),No,36.3892,-95.9917,Non-Intersection,Dark - Not Lighted,Clear,Unknown,Unknown if Notified,Unknown EMS Scene Arrival Hour,Unknown if Arrived,Not Applicable (Not Transported),Not Applicable (Not Transported),1,Dark - Unlighted,Clear,1,0,['Driver'],['None_Used'],1,1,Valid,0.0,0.0,24.0,24.0,['Male'],1,0,3,4,3,Dry,Straight,Level,Lowest,No
26391,40,Oklahoma,400101,1,1,1,0,1,ARDMORE,March,2,Thursday,19,24,Urban,Low Speed (Local),No,34.17663056,-97.1423,Non-Intersection,Dark - Not Lighted,Rain,Unknown,Unknown if Notified,Unknown EMS Scene Arrival Hour,Unknown if Arrived,Not Applicable (Not Transported),Not Applicable (Not Transported),1,Dark - Unlighted,Rain/Wind/Minor,0,1,[],[],0,0,Valid,0.0,0.0,47.0,47.0,['Male'],0,0,2,2,4,Wet/Standing Water,Straight,Level,Lowest,No
26392,40,Oklahoma,400102,0,2,2,0,2,NOT APPLICABLE,March,21,Tuesday,9,43,Rural,Medium Speed (Collector),No,36.7405,-94.7203,Non-Intersection,Daylight,Rain,Unknown,Unknown,Unknown EMS Scene Arrival Hour,Unknown EMS Scene Arrival Minutes,Unknown,Unknown EMS Hospital Arrival Time,1,Daylight,Rain/Wind/Minor,1,1,['Driver'],['Shoulder_Lapbelt'],0,0,Valid,0.0,0.0,31.0,22.0,"['Female', 'Male']",0,0,3,4,5,Wet/Standing Water,Straight,Grade/Hillcrest,Lowest,No
26393,40,Oklahoma,400103,0,2,2,0,3,GLENPOOL,March,17,Friday,18,27,Urban,High Speed (Arterial),Yes,35.94561944,-96.0118,Non-Intersection,Daylight,Clear,Unknown,Unknown,Unknown EMS Scene Arrival Hour,Unknown EMS Scene Arrival Minutes,Unknown,Unknown EMS Hospital Arrival Time,1,Daylight,Clear,1,2,['Driver'],['Shoulder_Lapbelt'],0,0,Invalid,0.0,0.0,39.0,26.0,"['Male', 'Male']",0,0,3,4,5,Dry,Straight,Grade/Hillcrest,Lowest,No
26394,40,Oklahoma,400104,0,2,2,0,2,TULSA,March,23,Thursday,20,40,Urban,High Speed (Arterial),No,36.12466944,-95.92241389,Simple Junction,Dark - Not Lighted,Rain,Unknown,Unknown if Notified,Unknown EMS Scene Arrival Hour,Unknown if Arrived,Not Applicable (Not Transported),Not Applicable (Not Transported),1,Dark - Unlighted,Rain/Wind/Minor,1,1,['Driver'],['Shoulder_Lapbelt'],0,0,Valid,0.0,0.0,19.0,15.0,"['Female', 'Male']",0,0,3,4,5,Wet/Standing Water,Straight,Level,Lowest,No
26395,40,Oklahoma,400105,0,3,3,0,4,TULSA,March,25,Saturday,20,9,Urban,High Speed (Arterial),No,36.13077222,-95.92253889,Non-Intersection,Dark - Lighted,Clear,Unknown,Unknown,Unknown EMS Scene Arrival Hour,Unknown EMS Scene Arrival Minutes,Unknown,Unknown EMS Hospital Arrival Time,1,Dark - Lighted,Clear,1,3,['Driver'],['Shoulder_Lapbelt'],1,1,Invalid,0.0,0.0,76.0,18.0,"['Male', 'Male', 'Female']",0,0,3,4,5,Dry,Straight,Grade/Hillcrest,Lowest,No
26396,40,Oklahoma,400106,0,2,2,0,3,TULSA,March,18,Saturday,19,30,Urban,Medium Speed (Collector),No,36.1606,-95.7796,Complex/Circle,Dusk,Clear,Unknown,Unknown,Unknown EMS Scene Arrival Hour,Unknown EMS Scene Arrival Minutes,Unknown,Unknown EMS Hospital Arrival Time,1,Twilight,Clear,1,2,['Driver'],['Shoulder_Lapbelt'],0,0,Invalid,0.0,0.0,73.0,58.0,"['Male', 'Female']",0,0,3,4,5,Dry,Straight,Level,Lowest,No
26397,40,Oklahoma,400107,0,3,3,0,4,NOT APPLICABLE,March,25,Saturday,10,9,Rural,Medium Speed (Collector),No,35.9053,-95.3673,Non-Intersection,Daylight,Cloudy,Unknown,Unknown,Unknown EMS Scene Arrival Hour,Unknown EMS Scene Arrival Minutes,Unknown,Unknown EMS Hospital Arrival Time,1,Daylight,Reduced Visibility,1,3,['Driver'],['Shoulder_Lapbelt'],0,0,Valid,0.0,2.0,69.0,31.0,"['Male', 'Male', 'Male']",0,0,3,4,5,Dry,Straight,Level,Lowest,No
26398,40,Oklahoma,400108,0,1,1,0,1,NOT APPLICABLE,March,25,Saturday,15,37,Rural,Medium Speed (Collector),No,35.7408,-96.1682,Non-Intersection,Daylight,Clear,Unknown,Unknown if Notified,Unknown EMS Scene Arrival Hour,Unknown if Arrived,Not Applicable (Not Transported),Not Applicable (Not Transported),1,Daylight,Clear,1,0,['Driver'],['Shoulder_Lapbelt'],1,1,Valid,0.0,0.0,57.0,57.0,['Male'],0,0,2,4,3,Dry,Straight,Level,Medium,No
26399,40,Oklahoma,400109,0,1,1,0,1,NOT APPLICABLE,March,25,Saturday,99,99,Rural,Medium Speed (Collector),No,35.2826,-98.6052,Non-Intersection,Daylight,Clear,Unknown,Unknown if Notified,Unknown EMS Scene Arrival Hour,Unknown if Arrived,Not Applicable (Not Transported),Not Applicable (Not Transported),1,Daylight,Clear,1,0,['Driver'],['None_Used'],1,1,Invalid,0.0,0.0,48.0,48.0,['Male'],1,0,3,4,3,Dry,Curve,Grade/Hillcrest,Lowest,No
26400,40,Oklahoma,400110,0,2,2,0,2,NOT APPLICABLE,March,27,Monday,12,34,Rural,Medium Speed (Collector),No,34.5349,-96.9674,Non-Intersection,Daylight,Clear,Unknown,Unknown,Unknown EMS Scene Arrival Hour,Unknown EMS Scene Arrival Minutes,Unknown,Unknown EMS Hospital Arrival Time,1,Daylight,Clear,1,1,['Driver'],['Shoulder_Lapbelt'],0,0,Valid,1.0,1.0,44.0,33.0,"['Male', 'Male']",0,0,4,4,5,Dry,Straight,Level,Lowest,No
26401,40,Oklahoma,400111,1,2,1,1,1,NOT APPLICABLE,March,28,Tuesday,21,26,Rural,High Speed (Arterial),Yes,35.3882,-96.8376,Non-Intersection,Dark - Not Lighted,Clear,Unknown,Unknown if Notified,Unknown EMS Scene Arrival Hour,Unknown if Arrived,Not Applicable (Not Transported),Not Applicable (Not Transported),1,Dark - Unlighted,Clear,0,1,[],[],0,0,Valid,0.0,0.0,27.0,27.0,['Male'],0,0,4,3,4,Dry,Straight,Level,Lowest,No
26402,40,Oklahoma,400112,0,1,1,0,1,NOT APPLICABLE,March,26,Sunday,9,45,Rural,High Speed (Arterial),Yes,36.6162,-100.8401,Non-Intersection,Daylight,Cloudy,Unknown,Unknown,Unknown EMS Scene Arrival Hour,Unknown EMS Scene Arrival Minutes,Unknown,Unknown EMS Hospital Arrival Time,1,Daylight,Reduced Visibility,1,0,['Driver'],['None_Used'],0,0,Invalid,0.0,0.0,27.0,27.0,['Male'],0,0,3,4,3,Dry,Straight,Grade/Hillcrest,Lowest,Yes
26403,40,Oklahoma,400113,1,2,1,1,1,NOT APPLICABLE,April,2,Sunday,8,7,Urban,High Speed (Arterial),Yes,35.9944,-96.1783,Non-Intersection,Daylight,Clear,Unknown,Unknown if Notified,Unknown EMS Scene Arrival Hour,Unknown if Arrived,Not Applicable (Not Transported),Not Applicable (Not Transported),1,Daylight,Clear,1,0,['Driver'],['None_Used'],1,1,Valid,0.0,0.0,21.0,21.0,['Female'],0,0,2,4,5,Dry,Curve,Level,Lowest,No
26404,40,Oklahoma,400114,0,1,1,0,1,KINTA,April,3,Monday,19,21,Rural,Medium Speed (Collector),No,35.1184,-95.2383,Non-Intersection,Daylight,Clear,Unknown,Unknown if Notified,Unknown EMS Scene Arrival Hour,Unknown if Arrived,Not Applicable (Not Transported),Not Applicable (Not Transported),1,Daylight,Clear,1,0,['Driver'],['None_Used'],0,0,Valid,0.0,0.0,61.0,61.0,['Male'],0,0,2,4,3,Dry,Straight,Level,Lowest,No
26405,40,Oklahoma,400115,1,1,1,0,1,TULSA,March,24,Friday,4,53,Rural,Low Speed (Local),No,36.08906944,-95.92363889,Non-Intersection,Dark - Not Lighted,Rain,Unknown,Unknown if Notified,Unknown EMS Scene Arrival Hour,Unknown if Arrived,Not Applicable (Not Transported),Not Applicable (Not Transported),1,Dark - Unlighted,Rain/Wind/Minor,0,1,[],[],0,0,Valid,0.0,0.0,43.0,43.0,['Male'],0,0,4,1,4,Dry,Straight,Non-Trafficway,Lowest,No
26406,40,Oklahoma,400116,0,2,2,0,3,NOT APPLICABLE,March,23,Thursday,15,27,Rural,High Speed (Arterial),Yes,35.5002,-97.8447,Non-Intersection,Daylight,Rain,Unknown,Unknown,Unknown EMS Scene Arrival Hour,Unknown EMS Scene Arrival Minutes,Unknown,Unknown EMS Hospital Arrival Time,1,Daylight,Rain/Wind/Minor,1,2,['Driver'],['Shoulder_Lapbelt'],0,0,Valid,0.0,0.0,79.0,22.0,"['Male', 'Female']",1,0,3,4,5,Wet/Standing Water,Straight,Level,Lowest,No
26407,40,Oklahoma,400117,0,1,1,0,1,NOT APPLICABLE,March,24,Friday,0,10,Rural,High Speed (Arterial),Yes,35.5362,-98.2725,Non-Intersection,Dark - Not Lighted,Cloudy,Unknown,Unknown if Notified,Unknown EMS Scene Arrival Hour,Unknown if Arrived,Not Applicable (Not Transported),Not Applicable (Not Transported),1,Dark - Unlighted,Reduced Visibility,1,0,['Driver'],['None_Used'],0,0,Invalid,0.0,0.0,58.0,58.0,['Male'],0,0,3,4,3,Dry,Curve,Level,Lowest,No
26408,40,Oklahoma,400118,0,1,1,0,1,NOT APPLICABLE,March,26,Sunday,17,30,Rural,Low Speed (Local),No,35.2028,-96.8794,Simple Junction,Daylight,Clear,Unknown,Unknown if Notified,Unknown EMS Scene Arrival Hour,Unknown if Arrived,Not Applicable (Not Transported),Not Applicable (Not Transported),1,Daylight,Clear,1,0,['Driver'],['None_Used'],0,0,Invalid,0.0,0.0,25.0,25.0,['Male'],1,0,5,4,2,Dry,Straight,Level,Lowest,No
26409,40,Oklahoma,400119,0,2,2,0,3,NOT APPLICABLE,March,27,Monday,16,41,Rural,High Speed (Arterial),Yes,35.095,-97.42323889,Non-Intersection,Daylight,Clear,Unknown,Unknown if Notified,Unknown EMS Scene Arrival Hour,Unknown if Arrived,Not Applicable (Not Transported),Not Applicable (Not Transported),2,Daylight,Clear,2,1,"['Driver', 'Front_Passenger']","['Shoulder_Lapbelt', 'Shoulder_Lapbelt']",0,0,Invalid,0.0,0.0,57.0,49.0,"['Male', 'Male']",0,0,3,4,5,Dry,Straight,Level,Lowest,No
26410,40,Oklahoma,400120,1,1,1,0,1,TULSA,April,1,Saturday,20,13,Urban,High Speed (Arterial),Yes,36.1326,-95.9482,Non-Intersection,Dark - Not Lighted,Clear,Unknown,Unknown if Notified,Unknown EMS Scene Arrival Hour,Unknown if Arrived,Not Applicable (Not Transported),Not Applicable (Not Transported),1,Dark - Unlighted,Clear,0,1,[],[],0,0,Valid,0.0,1.0,22.0,22.0,['Female'],0,0,2,3,4,Dry,Straight,Level,Lowest,No
26411,40,Oklahoma,400121,1,1,1,0,4,MIAMI,April,3,Monday,20,21,Urban,Low Speed (Local),No,36.88603889,-94.87504722,Non-Intersection,Dark - Not Lighted,Cloudy,Unknown,Unknown,Unknown EMS Scene Arrival Hour,Unknown EMS Scene Arrival Minutes,Unknown,Unknown EMS Hospital Arrival Time,1,Dark - Unlighted,Reduced Visibility,0,4,[],[],1,1,Valid,0.0,0.0,20.0,20.0,['Male'],4,0,3,1,4,Dry,Straight,Level,Lowest,No
26412,40,Oklahoma,400122,0,2,2,0,2,NOT APPLICABLE,April,4,Tuesday,13,42,Rural,High Speed (Arterial),Yes,35.6855,-95.9692,Non-Intersection,Daylight,Cloudy,Unknown,Unknown,Unknown EMS Scene Arrival Hour,Unknown EMS Scene Arrival Minutes,Unknown,Unknown EMS Hospital Arrival Time,1,Daylight,Reduced Visibility,1,1,['Driver'],['Shoulder_Lapbelt'],0,0,Valid,0.0,0.0,81.0,45.0,"['Male', 'Male']",0,0,4,4,5,Dry,Straight,Level,Lowest,No
26413,40,Oklahoma,400123,0,1,1,0,1,NOT APPLICABLE,April,5,Wednesday,9,55,Rural,Low Speed (Local),No,33.89871389,-97.02554722,Non-Intersection,Daylight,Clear,Unknown,Unknown if Notified,Unknown EMS Scene Arrival Hour,Unknown if Arrived,Not Applicable (Not Transported),Not Applicable (Not Transported),1,Daylight,Clear,1,0,['Driver'],['Shoulder_Lapbelt'],0,0,Valid,0.0,0.0,79.0,79.0,['Female'],0,0,3,4,3,Dry,Straight,Level,Lowest,No
26414,40,Oklahoma,400124,0,1,1,0,2,MOORE,April,2,Sunday,2,0,Urban,Medium Speed (Collector),No,35.29933611,-97.44208611,Non-Intersection,Dark - Not Lighted,Clear,Unknown,Unknown if Notified,Unknown EMS Scene Arrival Hour,Unknown if Arrived,Not Applicable (Not Transported),Not Applicable (Not Transported),1,Dark - Unlighted,Clear,1,1,['Driver'],['None_Used'],1,1,Valid,0.0,0.0,19.0,19.0,['Male'],2,0,2,4,3,Dry,Curve,Level,Lowest,No
26415,40,Oklahoma,400125,0,3,3,0,4,TULSA,April,5,Wednesday,17,50,Urban,High Speed (Arterial),Yes,36.1005,-95.8656,Non-Intersection,Daylight,Clear,Unknown,Unknown,Unknown EMS Scene Arrival Hour,Unknown EMS Scene Arrival Minutes,Unknown,Unknown EMS Hospital Arrival Time,1,Daylight,Clear,1,3,['Driver'],['Shoulder_Lapbelt'],0,0,Valid,1.0,1.0,51.0,31.0,"['Female', 'Female', 'Female']",1,0,3,4,5,Dry,Straight,Grade/Hillcrest,Lowest,Yes
26416,40,Oklahoma,400126,0,1,1,0,3,EDMOND,April,10,Monday,0,44,Urban,High Speed (Arterial),No,35.64140278,-97.48292778,Non-Intersection,Dark - Lighted,Clear,Unknown,Unknown if Notified,Unknown EMS Scene Arrival Hour,Unknown if Arrived,Not Applicable (Not Transported),Not Applicable (Not Transported),2,Dark - Lighted,Clear,2,1,"['Driver', 'Rear_Seat']","['Shoulder_Lapbelt', 'None_Used']",0,0,Invalid,0.0,0.0,25.0,25.0,['Male'],0,0,2,4,3,Dry,Straight,Level,Lowest,No
26417,40,Oklahoma,400127,0,1,1,0,1,NOT APPLICABLE,April,9,Sunday,18,12,Rural,Low Speed (Local),No,36.0406,-96.8913,Non-Intersection,Daylight,Cloudy,Unknown,Unknown if Notified,Unknown EMS Scene Arrival Hour,Unknown if Arrived,Not Applicable (Not Transported),Not Applicable (Not Transported),1,Daylight,Reduced Visibility,1,0,['Driver'],['None_Used'],1,1,Invalid,0.0,0.0,53.0,53.0,['Male'],1,0,3,4,3,Dry,Straight,Grade/Hillcrest,Lowest,No
26418,40,Oklahoma,400128,0,1,1,0,1,NOT APPLICABLE,April,10,Monday,12,21,Rural,High Speed (Arterial),Yes,35.9724,-96.2155,Non-Intersection,Daylight,Clear,Unknown,Unknown,Unknown EMS Scene Arrival Hour,Unknown EMS Scene Arrival Minutes,Unknown,Unknown EMS Hospital Arrival Time,1,Daylight,Clear,1,0,['Driver'],['Shoulder_Lapbelt'],0,0,Valid,0.0,0.0,68.0,68.0,['Male'],0,0,3,4,3,Dry,Straight,Grade/Hillcrest,Lowest,No
26419,40,Oklahoma,400129,0,1,1,0,1,NOT APPLICABLE,April,10,Monday,19,21,Rural,Medium Speed (Collector),No,36.5479,-95.3673,Non-Intersection,Dusk,Cloudy,Unknown,Unknown,Unknown EMS Scene Arrival Hour,Unknown EMS Scene Arrival Minutes,Unknown,Unknown EMS Hospital Arrival Time,1,Twilight,Reduced Visibility,1,0,['Driver'],['None_Used'],1,1,Valid,0.0,0.0,35.0,35.0,['Male'],1,0,5,4,3,Dry,Straight,Grade/Hillcrest,Lowest,No
26420,40,Oklahoma,400130,1,1,1,0,1,TULSA,April,9,Sunday,22,15,Urban,Medium Speed (Collector),No,36.05833611,-95.95776111,Non-Intersection,Dark - Not Lighted,Cloudy,Unknown,Unknown,Unknown EMS Scene Arrival Hour,Unknown EMS Scene Arrival Minutes,Unknown,Unknown EMS Hospital Arrival Time,1,Dark - Unlighted,Reduced Visibility,0,1,[],[],0,0,Valid,0.0,0.0,58.0,58.0,['Male'],0,0,2,3,4,Dry,Straight,Level,Lowest,No
26421,40,Oklahoma,400131,0,2,2,0,2,NOT APPLICABLE,April,11,Tuesday,6,33,Rural,Medium Speed (Collector),No,34.2591,-96.4249,Simple Junction,Daylight,Clear,Unknown,Unknown if Notified,Unknown EMS Scene Arrival Hour,Unknown if Arrived,Not Applicable (Not Transported),Not Applicable (Not Transported),1,Daylight,Clear,1,1,['Driver'],['None_Used'],0,0,Valid,0.0,0.0,56.0,50.0,"['Female', 'Male']",0,0,4,4,5,Dry,Straight,Grade/Hillcrest,Lowest,No
26422,40,Oklahoma,400132,0,1,1,0,1,OKLAHOMA CITY,April,2,Sunday,1,30,Urban,Low Speed (Local),No,35.44975833,-97.64463333,Non-Intersection,Dark - Not Lighted,Clear,Unknown,Unknown if Notified,Unknown EMS Scene Arrival Hour,Unknown if Arrived,Not Applicable (Not Transported),Not Applicable (Not Transported),1,Dark - Unlighted,Clear,1,0,['Driver'],['None_Used'],1,1,Valid,0.0,0.0,52.0,52.0,['Male'],1,0,3,4,2,Dry,Straight,Level,Lowest,No
26423,40,Oklahoma,400133,0,2,2,0,2,OKLAHOMA CITY,April,9,Sunday,2,26,Urban,High Speed (Arterial),No,35.4353,-97.4715,Non-Intersection,Dark - Not Lighted,Cloudy,Unknown,Unknown if Notified,Unknown EMS Scene Arrival Hour,Unknown if Arrived,Not Applicable (Not Transported),Not Applicable (Not Transported),1,Dark - Unlighted,Reduced Visibility,1,1,['Driver'],['None_Used'],1,1,Valid,0.0,0.0,48.0,30.0,"['Male', 'Male']",2,0,5,4,5,Dry,Straight,Grade/Hillcrest,Lowest,No
26424,40,Oklahoma,400135,0,1,1,0,2,NOT APPLICABLE,April,11,Tuesday,14,50,Rural,Medium Speed (Collector),No,35.246,-96.5745,Non-Intersection,Daylight,Clear,Unknown,Unknown if Notified,Unknown EMS Scene Arrival Hour,Unknown if Arrived,Not Applicable (Not Transported),Not Applicable (Not Transported),1,Daylight,Clear,1,1,['Front_Passenger'],['None_Used'],1,1,Valid,1.0,0.0,29.0,29.0,['Male'],0,0,3,4,3,Dry,Straight,Level,Lowest,No
26425,40,Oklahoma,400136,0,1,1,0,1,WEATHERFORD,April,12,Wednesday,15,39,Urban,High Speed (Arterial),Yes,35.5363,-98.6744,Non-Intersection,Daylight,Clear,Unknown,Unknown if Notified,Unknown EMS Scene Arrival Hour,Unknown if Arrived,Not Applicable (Not Transported),Not Applicable (Not Transported),1,Daylight,Clear,1,0,['Driver'],['None_Used'],1,1,Valid,0.0,1.0,41.0,41.0,['Male'],0,0,5,4,3,Dry,Curve,Level,Lowest,No
26426,40,Oklahoma,400137,0,2,2,0,4,NOT APPLICABLE,April,15,Saturday,14,44,Rural,High Speed (Arterial),Yes,35.9607,-98.7269,Non-Intersection,Daylight,Clear,Unknown,Unknown,Unknown EMS Scene Arrival Hour,Unknown EMS Scene Arrival Minutes,Unknown,Unknown EMS Hospital Arrival Time,1,Daylight,Clear,1,3,['Driver'],['Shoulder_Lapbelt'],0,0,Valid,0.0,5.0,32.0,22.0,"['Male', 'Male']",0,0,3,4,5,Dry,Curve,Level,Lowest,No
26427,40,Oklahoma,400138,0,1,1,0,1,NOT APPLICABLE,April,15,Saturday,15,0,Rural,Medium Speed (Collector),No,35.8965,-98.1898,Non-Intersection,Daylight,Cloudy,Unknown,Unknown if Notified,Unknown EMS Scene Arrival Hour,Unknown if Arrived,Not Applicable (Not Transported),Not Applicable (Not Transported),1,Daylight,Reduced Visibility,1,0,['Driver'],['None_Used'],0,0,Valid,0.0,0.0,38.0,38.0,['Female'],0,0,3,4,3,Dry,Straight,Grade/Hillcrest,Lowest,No
26428,40,Oklahoma,400139,1,1,1,0,1,STROUD,April,16,Sunday,5,38,Rural,High Speed (Arterial),Yes,35.7579,-96.6628,Non-Intersection,Dark - Not Lighted,Cloudy,Unknown,Unknown if Notified,Unknown EMS Scene Arrival Hour,Unknown if Arrived,Not Applicable (Not Transported),Not Applicable (Not Transported),1,Dark - Unlighted,Reduced Visibility,0,1,[],[],0,0,Valid,0.0,1.0,50.0,50.0,['Male'],0,0,2,2,4,Dry,Straight,Level,Lowest,No