,State_Code,State_Name,Crash_ID,Count_Non_Motorists,Count_Vehicles_Total,Count_Vehicle_Forms,Count_PVH_Involved,Count_Occupants_MV,City_Name,Month_Name,Day_of_Month,Day_of_Week,Crash_Hour,Crash_Minute,Area_Rural_Urban,Road_Functional_Class,On_NHS_Road,Latitude,Longitude,Intersection_Type,Light_Condition,Weather_Condition,Notif_Hour,Notif_Minute,Arrival_Hour,Arrival_Minute,Hospital_Hour,Hospital_Minute,Fatalities_Count,Clean_Light_Condition,Clean_Weather_Condition,Total_Killed,Total_Alive,Fatal_Seats_List,Killed_Restraint_List,Any_Driver_Drinking,Total_Drinking_Drivers,Driver_License_Category,Driver_Max_Prev_Accident_Count,Driver_Max_Prev_Speeding_Count,Max_Driver_Age,Min_Driver_Age,Driver_Sex_List,Total_Exceeding_Limit_Vehicles,Total_Too_Fast_Vehicles,Max_Vehicle_Type_Severity_5,Max_Vehicle_Damage_Rank,Max_Harmful_Event_Severity,Crash_Road_Surface_Condition,Crash_Horizontal_Alignment,Crash_Vertical_Profile,Crash_Impairment_Category,Crash_Vehicle_Defect
26429,40,Oklahoma,400140,0,1,1,0,1,OKLAHOMA CITY,April,17,Monday,16,50,Urban,High Speed (Arterial),Yes,35.4602,-97.70691111,Non-Intersection,Daylight,Clear,Unknown,Unknown,Unknown EMS Scene Arrival Hour,Unknown EMS Scene Arrival Minutes,Unknown,Unknown EMS Hospital Arrival Time,1,Daylight,Clear,1,0,['Driver'],['Shoulder_Lapbelt'],0,0,Valid,0.0,0.0,18.0,18.0,['Male'],0,0,2,4,3,Dry,Curve,Level,Lowest,No
26430,40,Oklahoma,400141,0,1,1,0,4,NOT APPLICABLE,April,17,Monday,19,53,Rural,Medium Speed (Collector),No,34.6382,-98.1953,Non-Intersection,Daylight,Clear,Unknown,Unknown,Unknown EMS Scene Arrival Hour,Unknown EMS Scene Arrival Minutes,Unknown,Unknown EMS Hospital Arrival Time,2,Daylight,Clear,2,2,"['Driver', 'Front_Passenger']","['Shoulder_Lapbelt', 'Shoulder_Lapbelt']",1,1,Valid,0.0,0.0,36.0,36.0,['Male'],4,0,2,4,3,Dry,Curve,Level,Lowest,No
26431,40,Oklahoma,400142,0,1,1,0,1,NOT APPLICABLE,April,19,Wednesday,6,26,Rural,Medium Speed (Collector),No,36.0892,-94.8533,Non-Intersection,Dark - Not Lighted,Cloudy,Unknown,Unknown if Notified,Unknown EMS Scene Arrival Hour,Unknown if Arrived,Not Applicable (Not Transported),Not Applicable (Not Transported),1,Dark - Unlighted,Reduced Visibility,1,0,['Driver'],['None_Used'],0,0,Valid,0.0,0.0,45.0,45.0,['Male'],0,0,3,4,3,Dry,Curve,Level,Lowest,No
26432,40,Oklahoma,400143,0,1,1,0,1,NOT APPLICABLE,April,19,Wednesday,16,7,Rural,Low Speed (Local),No,34.53613056,-98.0179,Non-Intersection,Daylight,Clear,Unknown,Unknown if Notified,Unknown EMS Scene Arrival Hour,Unknown if Arrived,Not Applicable (Not Transported),Not Applicable (Not Transported),1,Daylight,Clear,1,0,['Driver'],['Shoulder_Lapbelt'],1,1,Valid,0.0,0.0,32.0,32.0,['Female'],0,0,3,4,3,Dry,Straight,Grade/Hillcrest,Lowest,No
26433,40,Oklahoma,400144,0,7,7,0,9,NOT APPLICABLE,April,12,Wednesday,12,13,Rural,High Speed (Arterial),Yes,34.5423,-97.1895,Non-Intersection,Daylight,Clear,Unknown,Unknown,Unknown EMS Scene Arrival Hour,Unknown EMS Scene Arrival Minutes,Unknown,Unknown EMS Hospital Arrival Time,2,Daylight,Clear,2,7,"['Driver', 'Front_Passenger']","['Shoulder_Lapbelt', 'Shoulder_Lapbelt']",0,0,Valid,0.0,1.0,57.0,26.0,"['Male', 'Male', 'Male', 'Male', 'Male', 'Male', 'Male']",1,0,4,4,5,Dry,Straight,Level,Lowest,No
26434,40,Oklahoma,400145,0,3,3,0,5,NOT APPLICABLE,April,18,Tuesday,17,23,Rural,High Speed (Arterial),No,34.0728,-94.8473,Non-Intersection,Daylight,Clear,Unknown,Unknown,Unknown EMS Scene Arrival Hour,Unknown EMS Scene Arrival Minutes,Unknown,Unknown EMS Hospital Arrival Time,1,Daylight,Clear,1,4,['Driver'],['Shoulder_Lapbelt'],0,0,Valid,0.0,0.0,67.0,34.0,"['Male', 'Female', 'Male']",0,0,3,4,5,Dry,Straight,Level,Lowest,No
26435,40,Oklahoma,400146,0,2,2,0,7,OKLAHOMA CITY,April,20,Thursday,19,17,Urban,High Speed (Arterial),Yes,35.39471944,-97.56903056,Non-Intersection,Daylight,Clear,Unknown,Unknown,Unknown EMS Scene Arrival Hour,Unknown EMS Scene Arrival Minutes,Unknown,Unknown EMS Hospital Arrival Time,2,Daylight,Clear,2,5,"['Driver', 'Front_Passenger']","['None_Used', 'None_Used']",0,0,Invalid,0.0,0.0,39.0,32.0,"['Male', 'Male']",0,0,3,4,5,Dry,Straight,Level,Lowest,Yes
26436,40,Oklahoma,400147,0,1,1,0,3,NOT APPLICABLE,April,16,Sunday,1,16,Rural,Low Speed (Local),No,34.7389,-95.0253,Simple Junction,Dark - Not Lighted,Clear,Unknown,Unknown if Notified,Unknown EMS Scene Arrival Hour,Unknown if Arrived,Not Applicable (Not Transported),Not Applicable (Not Transported),1,Dark - Unlighted,Clear,1,2,['Rear_Seat'],['None_Used'],0,0,Valid,0.0,0.0,30.0,30.0,['Male'],0,0,2,4,3,Dry,Straight,Level,Lowest,No
26437,40,Oklahoma,400148,0,2,2,0,4,NOT APPLICABLE,April,21,Friday,4,30,Rural,Medium Speed (Collector),No,35.7399,-95.6141,Non-Intersection,Dark - Not Lighted,Cloudy,Unknown,Unknown,Unknown EMS Scene Arrival Hour,Unknown EMS Scene Arrival Minutes,Unknown,Unknown EMS Hospital Arrival Time,1,Dark - Unlighted,Reduced Visibility,1,3,['Front_Passenger'],['None_Used'],1,1,Invalid,0.0,0.0,30.0,24.0,"['Male', 'Male']",0,0,3,4,5,Dry,Straight,Level,Lowest,No
26438,40,Oklahoma,400149,0,2,2,0,4,NOT APPLICABLE,April,21,Friday,21,59,Rural,Medium Speed (Collector),No,36.2021,-96.4019,Non-Intersection,Dark - Not Lighted,Clear,Unknown,Unknown if Notified,Unknown EMS Scene Arrival Hour,Unknown if Arrived,Not Applicable (Not Transported),Not Applicable (Not Transported),4,Dark - Unlighted,Clear,4,0,"['Driver', 'Rear_Seat', 'Driver', 'Front_Passenger']","['Shoulder_Lapbelt', 'Shoulder_Lapbelt', 'Shoulder_Lapbelt', 'Shoulder_Lapbelt']",1,2,Valid,0.0,2.0,42.0,21.0,"['Female', 'Male']",0,0,3,4,3,Dry,Curve,Grade/Hillcrest,Lowest,No
26439,40,Oklahoma,400150,0,1,1,0,1,OKLAHOMA CITY,April,22,Saturday,22,57,Urban,High Speed (Arterial),Yes,35.5096,-97.5757,Non-Intersection,Dark - Not Lighted,Clear,Unknown,Unknown if Notified,Unknown EMS Scene Arrival Hour,Unknown if Arrived,Not Applicable (Not Transported),Not Applicable (Not Transported),1,Dark - Unlighted,Clear,1,0,['Driver'],['None_Used'],0,0,Invalid,0.0,0.0,40.0,40.0,['Male'],1,0,2,4,3,Dry,Curve,Level,Lowest,No
26440,40,Oklahoma,400151,0,2,2,0,3,NOT APPLICABLE,April,22,Saturday,11,9,Rural,Medium Speed (Collector),No,36.955,-97.0505,Non-Intersection,Daylight,Cloudy,Unknown,Unknown,Unknown EMS Scene Arrival Hour,Unknown EMS Scene Arrival Minutes,Unknown,Unknown EMS Hospital Arrival Time,1,Daylight,Reduced Visibility,1,2,['Driver'],['None_Used'],0,0,Valid,0.0,0.0,41.0,31.0,"['Female', 'Male']",0,0,5,4,5,Dry,Straight,Level,Lowest,No
26441,40,Oklahoma,400152,0,7,7,0,7,OKLAHOMA CITY,April,19,Wednesday,17,56,Urban,High Speed (Arterial),Yes,35.49437222,-97.57874167,Non-Intersection,Daylight,Rain,Unknown,Unknown,Unknown EMS Scene Arrival Hour,Unknown EMS Scene Arrival Minutes,Unknown,Unknown EMS Hospital Arrival Time,1,Daylight,Rain/Wind/Minor,1,6,['Driver'],['None_Used'],0,0,Valid,0.0,1.0,75.0,26.0,"['Male', 'Male', 'Male', 'Male', 'Female', 'Female', 'Male']",1,0,4,4,5,Wet/Standing Water,Straight,Level,Lowest,No
26442,40,Oklahoma,400153,0,3,3,0,4,TULSA,April,24,Monday,11,22,Urban,High Speed (Arterial),Yes,36.08898056,-96.0167,Non-Intersection,Daylight,Cloudy,Unknown,Unknown,Unknown EMS Scene Arrival Hour,Unknown EMS Scene Arrival Minutes,Unknown,Unknown EMS Hospital Arrival Time,1,Daylight,Reduced Visibility,1,3,['Front_Passenger'],['Shoulder_Lapbelt'],0,0,Valid,0.0,1.0,41.0,30.0,"['Female', 'Female', 'Male']",1,0,4,4,5,Dry,Straight,Level,Lowest,No
26443,40,Oklahoma,400154,0,2,2,0,2,NOT APPLICABLE,April,24,Monday,13,4,Rural,Medium Speed (Collector),No,36.48526111,-94.61564167,Non-Intersection,Daylight,Clear,Unknown,Unknown if Notified,Unknown EMS Scene Arrival Hour,Unknown if Arrived,Not Applicable (Not Transported),Not Applicable (Not Transported),1,Daylight,Clear,1,1,['Driver'],['None_Used'],0,0,Valid,0.0,1.0,45.0,30.0,"['Male', 'Male']",1,0,5,4,5,Dry,Curve,Level,Lowest,No
26444,40,Oklahoma,400155,0,2,2,0,2,NOT APPLICABLE,April,24,Monday,20,52,Rural,High Speed (Arterial),Yes,36.8542,-94.9041,Non-Intersection,Dark - Not Lighted,Clear,Unknown,Unknown,Unknown EMS Scene Arrival Hour,Unknown EMS Scene Arrival Minutes,Unknown,Unknown EMS Hospital Arrival Time,1,Dark - Unlighted,Clear,1,1,['Driver'],['Shoulder_Lapbelt'],0,0,Valid,0.0,0.0,64.0,27.0,"['Male', 'Female']",0,0,2,4,5,Dry,Straight,Level,Lowest,No
26445,40,Oklahoma,400156,0,2,2,0,2,NOT APPLICABLE,April,24,Monday,20,54,Rural,High Speed (Arterial),Yes,36.8512,-94.9042,Non-Intersection,Dark - Not Lighted,Cloudy,Unknown,Unknown,Unknown EMS Scene Arrival Hour,Unknown EMS Scene Arrival Minutes,Unknown,Unknown EMS Hospital Arrival Time,1,Dark - Unlighted,Reduced Visibility,1,1,['Driver'],['Shoulder_Lapbelt'],0,0,Valid,0.0,0.0,84.0,84.0,['Male'],0,0,3,4,5,Dry,Straight,Level,Lowest,Yes
26446,40,Oklahoma,400157,0,2,2,0,3,NOT APPLICABLE,April,26,Wednesday,22,30,Rural,Medium Speed (Collector),No,36.5965,-102.5532,Non-Intersection,Dark - Not Lighted,Clear,Unknown,Unknown if Notified,Unknown EMS Scene Arrival Hour,Unknown if Arrived,Not Applicable (Not Transported),Not Applicable (Not Transported),1,Dark - Unlighted,Clear,1,2,['Driver'],['Shoulder_Lapbelt'],0,0,Valid,0.0,1.0,63.0,38.0,"['Male', 'Male']",0,0,4,4,5,Dry,Straight,Level,Lowest,No
26447,40,Oklahoma,400158,0,2,2,0,2,PONCA CITY,April,27,Thursday,6,35,Urban,Medium Speed (Collector),No,36.7099,-97.1389,Complex/Circle,Dawn,Cloudy,Unknown,Unknown,Unknown EMS Scene Arrival Hour,Unknown EMS Scene Arrival Minutes,Unknown,Unknown EMS Hospital Arrival Time,1,Twilight,Reduced Visibility,1,1,['Driver'],['Shoulder_Lapbelt'],0,0,Valid,0.0,0.0,18.0,16.0,"['Male', 'Male']",1,0,3,4,5,Wet/Standing Water,Straight,Level,Lowest,No
26448,40,Oklahoma,400159,1,1,1,0,1,OKLAHOMA CITY,April,28,Friday,10,32,Urban,High Speed (Arterial),Yes,35.4103,-97.5777,Non-Intersection,Daylight,Cloudy,Unknown,Unknown,Unknown EMS Scene Arrival Hour,Unknown EMS Scene Arrival Minutes,Unknown,Unknown EMS Hospital Arrival Time,1,Daylight,Reduced Visibility,0,1,[],[],0,0,Valid,0.0,0.0,62.0,62.0,['Male'],0,0,4,2,4,Dry,Straight,Grade/Hillcrest,Lowest,No
26449,40,Oklahoma,400161,0,1,1,0,1,NOT APPLICABLE,April,29,Saturday,99,99,Rural,Medium Speed (Collector),No,34.86616667,-94.74971944,Non-Intersection,Reported as Unknown,Reported as Unknown,Unknown,Unknown if Notified,Unknown EMS Scene Arrival Hour,Unknown if Arrived,Not Applicable (Not Transported),Not Applicable (Not Transported),1,Dark - Unlighted,Clear,1,0,['Driver'],['Shoulder_Lapbelt'],1,1,Valid,0.0,0.0,21.0,21.0,['Female'],0,0,2,4,2,Wet/Standing Water,Straight,Level,Lowest,No
26450,40,Oklahoma,400162,0,1,1,0,3,OKLAHOMA CITY,April,30,Sunday,3,50,Urban,Low Speed (Local),No,35.3483,-97.6391,Non-Intersection,Dark - Not Lighted,Clear,Unknown,Unknown,Unknown EMS Scene Arrival Hour,Unknown EMS Scene Arrival Minutes,Unknown,Unknown EMS Hospital Arrival Time,2,Dark - Unlighted,Clear,2,1,"['Driver', 'Rear_Seat']","['None_Used', 'None_Used']",1,1,Valid,0.0,0.0,18.0,18.0,['Male'],0,0,2,4,3,Dry,Straight,Grade/Hillcrest,Lowest,No
26451,40,Oklahoma,400163,0,1,1,0,2,TULSA,April,30,Sunday,11,6,Urban,High Speed (Arterial),Yes,36.15888889,-95.91836944,Non-Intersection,Daylight,Clear,Unknown,Unknown,Unknown EMS Scene Arrival Hour,Unknown EMS Scene Arrival Minutes,Unknown,Unknown EMS Hospital Arrival Time,2,Daylight,Clear,2,0,"['Driver', 'Front_Passenger']","['None_Used', 'None_Used']",0,0,Valid,0.0,0.0,47.0,47.0,['Male'],2,0,3,4,3,Dry,Curve,Level,Lowest,No
26452,40,Oklahoma,400164,0,1,1,0,1,NOT APPLICABLE,April,30,Sunday,18,29,Rural,High Speed (Arterial),Yes,35.3843,-97.1521,Non-Intersection,Daylight,Clear,Unknown,Unknown if Notified,Unknown EMS Scene Arrival Hour,Unknown if Arrived,Not Applicable (Not Transported),Not Applicable (Not Transported),1,Daylight,Clear,1,0,['Driver'],['Shoulder_Lapbelt'],0,0,Valid,0.0,0.0,70.0,70.0,['Male'],0,0,3,4,3,Dry,Straight,Level,Lowest,No
26453,40,Oklahoma,400165,0,2,2,0,4,NOT APPLICABLE,April,12,Wednesday,15,30,Rural,High Speed (Arterial),Yes,36.2538,-99.1573,Complex/Circle,Daylight,Clear,Unknown,Unknown,Unknown EMS Scene Arrival Hour,Unknown EMS Scene Arrival Minutes,Unknown,Unknown EMS Hospital Arrival Time,1,Daylight,Clear,1,3,['Driver'],['Shoulder_Lapbelt'],0,0,Valid,0.0,0.0,84.0,17.0,"['Male', 'Female']",0,0,3,4,5,Dry,Straight,Level,Lowest,No
26454,40,Oklahoma,400166,0,2,2,0,2,DUNCAN,April,17,Monday,20,23,Urban,High Speed (Arterial),No,34.54384167,-97.99598333,Non-Intersection,Dusk,Clear,Unknown,Unknown if Notified,Unknown EMS Scene Arrival Hour,Unknown if Arrived,Not Applicable (Not Transported),Not Applicable (Not Transported),2,Twilight,Clear,2,0,"['Driver', 'Driver']","['Shoulder_Lapbelt', 'Shoulder_Lapbelt']",1,1,Valid,0.0,0.0,44.0,32.0,"['Male', 'Male']",0,0,2,4,5,Dry,Straight,Level,Lowest,No
26455,40,Oklahoma,400167,0,2,2,0,3,GUTHRIE,April,19,Wednesday,18,28,Urban,High Speed (Arterial),No,35.83117778,-97.42528333,Non-Intersection,Daylight,Cloudy,Unknown,Unknown,Unknown EMS Scene Arrival Hour,Unknown EMS Scene Arrival Minutes,Unknown,Unknown EMS Hospital Arrival Time,2,Daylight,Reduced Visibility,2,1,"['Driver', 'Front_Passenger']","['None_Used', 'None_Used']",0,0,Valid,0.0,0.0,51.0,20.0,"['Male', 'Female']",0,0,3,4,5,Dry,Curve,Level,Lowest,No
26456,40,Oklahoma,400168,0,4,4,0,7,TULSA,April,30,Sunday,18,45,Urban,High Speed (Arterial),No,36.1044,-95.9224,Complex/Circle,Daylight,Clear,Unknown,Unknown,Unknown EMS Scene Arrival Hour,Unknown EMS Scene Arrival Minutes,Unknown,Unknown EMS Hospital Arrival Time,1,Daylight,Clear,1,6,['Driver'],['Shoulder_Lapbelt'],0,0,Valid,1.0,1.0,56.0,28.0,"['Female', 'Male', 'Female', 'Female']",0,0,3,4,5,Dry,Straight,Level,Lowest,No
26457,40,Oklahoma,400169,0,2,2,0,2,NOT APPLICABLE,May,3,Wednesday,16,30,Rural,High Speed (Arterial),Yes,35.8413,-98.5899,Complex/Circle,Daylight,Clear,Unknown,Unknown,Unknown EMS Scene Arrival Hour,Unknown EMS Scene Arrival Minutes,Unknown,Unknown EMS Hospital Arrival Time,1,Daylight,Clear,1,1,['Driver'],['Shoulder_Lapbelt'],0,0,Valid,0.0,0.0,55.0,49.0,"['Male', 'Male']",0,0,4,4,5,Dry,Straight,Level,Lowest,No
26458,40,Oklahoma,400170,0,2,2,0,2,NOT APPLICABLE,May,4,Thursday,16,43,Rural,High Speed (Arterial),Yes,36.3913,-94.8182,Non-Intersection,Daylight,Rain,Unknown,Unknown,Unknown EMS Scene Arrival Hour,Unknown EMS Scene Arrival Minutes,Unknown,Unknown EMS Hospital Arrival Time,1,Daylight,Rain/Wind/Minor,1,1,['Driver'],['Shoulder_Lapbelt'],1,1,Valid,0.0,1.0,58.0,45.0,"['Female', 'Male']",1,0,3,4,5,Wet/Standing Water,Straight,Level,Lowest,No
26459,40,Oklahoma,400171,0,2,2,0,2,NOT APPLICABLE,May,5,Friday,14,48,Rural,Medium Speed (Collector),No,34.2978,-95.2918,Non-Intersection,Daylight,Cloudy,Unknown,Unknown if Notified,Unknown EMS Scene Arrival Hour,Unknown if Arrived,Not Applicable (Not Transported),Not Applicable (Not Transported),1,Daylight,Reduced Visibility,1,1,['Driver'],['None_Used'],0,0,Valid,0.0,0.0,81.0,43.0,"['Male', 'Male']",0,0,4,4,5,Dry,Straight,Level,Lowest,No
26460,40,Oklahoma,400172,0,3,3,0,4,NORMAN,February,20,Monday,19,33,Urban,High Speed (Arterial),Yes,35.18936667,-97.26886667,Non-Intersection,Dark - Not Lighted,Cloudy,Unknown,Unknown,Unknown EMS Scene Arrival Hour,Unknown EMS Scene Arrival Minutes,Unknown,Unknown EMS Hospital Arrival Time,1,Dark - Unlighted,Reduced Visibility,1,3,['Driver'],['None_Used'],0,0,Valid,0.0,0.0,59.0,45.0,"['Female', 'Female', 'Male']",0,0,3,4,5,Dry,Straight,Grade/Hillcrest,Lowest,No
26461,40,Oklahoma,400173,0,2,2,0,2,NOT APPLICABLE,May,1,Monday,16,22,Rural,Medium Speed (Collector),No,35.7389,-96.88473889,Simple Junction,Daylight,Clear,Unknown,Unknown if Notified,Unknown EMS Scene Arrival Hour,Unknown if Arrived,Not Applicable (Not Transported),Not Applicable (Not Transported),1,Daylight,Clear,1,1,['Driver'],['None_Used'],0,0,Valid,0.0,0.0,33.0,31.0,"['Male', 'Male']",1,0,5,4,5,Dry,Straight,Level,Lowest,No
26462,40,Oklahoma,400174,0,2,2,0,2,OKLAHOMA CITY,May,5,Friday,12,53,Urban,High Speed (Arterial),Yes,35.539,-97.4626,Non-Intersection,Daylight,Clear,Unknown,Unknown,Unknown EMS Scene Arrival Hour,Unknown EMS Scene Arrival Minutes,Unknown,Unknown EMS Hospital Arrival Time,1,Daylight,Clear,1,1,['Driver'],['None_Used'],0,0,Valid,0.0,0.0,77.0,71.0,"['Male', 'Male']",0,0,5,3,5,Dry,Curve,Grade/Hillcrest,Lowest,No
26463,40,Oklahoma,400175,0,2,2,0,2,NORMAN,May,6,Saturday,9,14,Urban,High Speed (Arterial),Yes,35.2668,-97.48564444,Non-Intersection,Daylight,Clear,Unknown,Unknown if Notified,Unknown EMS Scene Arrival Hour,Unknown if Arrived,Not Applicable (Not Transported),Not Applicable (Not Transported),1,Daylight,Clear,1,1,['Driver'],['Shoulder_Lapbelt'],0,0,Valid,0.0,0.0,46.0,18.0,"['Male', 'Male']",1,0,4,4,5,Dry,Straight,Level,Lowest,Yes
26464,40,Oklahoma,400176,0,1,1,0,1,NOT APPLICABLE,May,6,Saturday,10,45,Rural,Low Speed (Local),No,36.9871,-94.7591,Non-Intersection,Daylight,Clear,Unknown,Unknown,Unknown EMS Scene Arrival Hour,Unknown EMS Scene Arrival Minutes,Unknown,Unknown EMS Hospital Arrival Time,1,Daylight,Clear,1,0,['Driver'],['Shoulder_Lapbelt'],0,0,Valid,0.0,0.0,81.0,81.0,['Female'],0,0,3,4,3,Dry,Straight,Level,Lowest,No
26465,40,Oklahoma,400177,0,2,2,0,2,OKLAHOMA CITY,May,6,Saturday,17,7,Urban,High Speed (Arterial),Yes,35.438,-97.5697,Non-Intersection,Daylight,Cloudy,Unknown,Unknown,Unknown EMS Scene Arrival Hour,Unknown EMS Scene Arrival Minutes,Unknown,Unknown EMS Hospital Arrival Time,1,Daylight,Reduced Visibility,1,1,['Driver'],['None_Used'],0,0,Valid,0.0,0.0,65.0,35.0,"['Male', 'Female']",1,0,5,4,5,Dry,Straight,Grade/Hillcrest,Lowest,No
26466,40,Oklahoma,400178,0,2,2,0,2,NOT APPLICABLE,May,6,Saturday,22,16,Rural,Medium Speed (Collector),No,35.2608,-97.1091,Non-Intersection,Dark - Not Lighted,Clear,Unknown,Unknown,Unknown EMS Scene Arrival Hour,Unknown EMS Scene Arrival Minutes,Unknown,Unknown EMS Hospital Arrival Time,1,Dark - Unlighted,Clear,1,1,['Driver'],['Shoulder_Lapbelt'],1,1,Valid,0.0,0.0,62.0,21.0,"['Male', 'Male']",0,0,3,4,5,Dry,Straight,Level,Lowest,No
26467,40,Oklahoma,400179,0,1,1,0,1,NOT APPLICABLE,May,8,Monday,7,18,Rural,Medium Speed (Collector),No,36.6216,-97.1394,Non-Intersection,Daylight,Clear,Unknown,Unknown if Notified,Unknown EMS Scene Arrival Hour,Unknown if Arrived,Not Applicable (Not Transported),Not Applicable (Not Transported),1,Daylight,Clear,1,0,['Driver'],['None_Used'],0,0,Valid,0.0,0.0,24.0,24.0,['Male'],0,0,3,4,3,Dry,Straight,Level,Lowest,No
26468,40,Oklahoma,400180,0,1,1,0,1,MUSKOGEE,February,2,Thursday,11,50,Urban,High Speed (Arterial),Yes,35.78416944,-95.40264444,Complex/Circle,Daylight,Not Reported,Unknown,Unknown,Unknown EMS Scene Arrival Hour,Unknown EMS Scene Arrival Minutes,Unknown,Unknown EMS Hospital Arrival Time,1,Daylight,Clear,1,0,['Driver'],['Shoulder_Lapbelt'],0,0,Valid,0.0,0.0,74.0,74.0,['Male'],0,0,3,4,3,Dry,Straight,Level,Medium,No
26469,40,Oklahoma,400181,0,2,2,0,2,IDABEL,March,4,Saturday,99,99,Urban,High Speed (Arterial),Yes,33.88116389,-94.79256111,Non-Intersection,Daylight,Clear,Unknown,Unknown,Unknown EMS Scene Arrival Hour,Unknown EMS Scene Arrival Minutes,Unknown,Unknown EMS Hospital Arrival Time,1,Daylight,Clear,1,1,['Driver'],['None_Used'],1,1,Valid,0.0,0.0,57.0,42.0,"['Male', 'Male']",0,0,5,4,5,Dry,Curve,Grade/Hillcrest,Lowest,No
26470,40,Oklahoma,400182,2,1,1,0,1,SHAWNEE,April,2,Sunday,20,59,Urban,Medium Speed (Collector),No,35.3327,-96.88590833,Non-Intersection,Dark - Lighted,Clear,Unknown,Unknown,Unknown EMS Scene Arrival Hour,Unknown EMS Scene Arrival Minutes,Unknown,Unknown EMS Hospital Arrival Time,1,Dark - Lighted,Clear,0,0,[],[],0,0,Invalid,0.0,0.0,999.0,999.0,['Other'],0,0,2,3,4,Dry,Straight,Grade/Hillcrest,Lowest,No
26471,40,Oklahoma,400183,0,2,2,0,3,ARDMORE,April,29,Saturday,13,21,Urban,High Speed (Arterial),No,34.18023611,-97.14308056,Complex/Circle,Daylight,Clear,Unknown,Unknown,Unknown EMS Scene Arrival Hour,Unknown EMS Scene Arrival Minutes,Unknown,Unknown EMS Hospital Arrival Time,1,Daylight,Clear,1,2,['Driver'],['None_Used'],0,0,Valid,0.0,0.0,46.0,37.0,"['Male', 'Male']",0,0,5,4,5,Dry,Straight,Level,Lowest,No
26472,40,Oklahoma,400184,0,1,1,0,1,OKLAHOMA CITY,May,4,Thursday,11,1,Urban,Medium Speed (Collector),No,35.60904722,-97.47806389,Complex/Circle,Daylight,Rain,Unknown,Unknown if Notified,Unknown EMS Scene Arrival Hour,Unknown if Arrived,Not Applicable (Not Transported),Not Applicable (Not Transported),1,Daylight,Rain/Wind/Minor,1,0,['Driver'],['Shoulder_Lapbelt'],0,0,Valid,0.0,3.0,42.0,42.0,['Male'],1,0,2,4,3,Wet/Standing Water,Straight,Grade/Hillcrest,Lowest,No
26473,40,Oklahoma,400185,0,2,2,0,3,TULSA,May,7,Sunday,18,47,Urban,Low Speed (Local),No,36.12980833,-95.99696111,Non-Intersection,Daylight,Clear,Unknown,Unknown,Unknown EMS Scene Arrival Hour,Unknown EMS Scene Arrival Minutes,Unknown,Unknown EMS Hospital Arrival Time,1,Daylight,Clear,1,2,['Driver'],['None_Used'],1,1,Valid,0.0,1.0,27.0,27.0,"['Male', 'Male']",1,0,5,4,5,Dry,Curve,Grade/Hillcrest,Lowest,No
26474,40,Oklahoma,400186,0,2,2,0,3,NOT APPLICABLE,May,8,Monday,16,5,Rural,High Speed (Arterial),Yes,34.9604,-97.9523,Non-Intersection,Daylight,Clear,Unknown,Unknown,Unknown EMS Scene Arrival Hour,Unknown EMS Scene Arrival Minutes,Unknown,Unknown EMS Hospital Arrival Time,1,Daylight,Clear,1,2,['Driver'],['None_Used'],1,1,Valid,0.0,0.0,55.0,48.0,"['Male', 'Male']",0,0,4,4,5,Dry,Straight,Level,Lowest,No
26475,40,Oklahoma,400187,0,2,2,0,4,NOT APPLICABLE,May,9,Tuesday,16,37,Rural,Medium Speed (Collector),No,35.5069,-94.7965,Complex/Circle,Daylight,Clear,Unknown,Unknown,Unknown EMS Scene Arrival Hour,Unknown EMS Scene Arrival Minutes,Unknown,Unknown EMS Hospital Arrival Time,1,Daylight,Clear,1,3,['Driver'],['Shoulder_Lapbelt'],0,0,Valid,0.0,0.0,68.0,30.0,"['Male', 'Male']",0,0,3,4,5,Dry,Straight,Level,Lowest,No
26476,40,Oklahoma,400188,0,1,1,0,1,OKLAHOMA CITY,May,9,Tuesday,19,2,Urban,Medium Speed (Collector),No,35.42071667,-97.42355278,Simple Junction,Daylight,Cloudy,Unknown,Unknown,Unknown EMS Scene Arrival Hour,Unknown EMS Scene Arrival Minutes,Unknown,Unknown EMS Hospital Arrival Time,1,Daylight,Reduced Visibility,1,0,['Driver'],['None_Used'],1,1,Valid,0.0,0.0,48.0,48.0,['Male'],1,0,5,2,3,Dry,Straight,Level,Lowest,No
26477,40,Oklahoma,400189,0,1,1,0,1,NOT APPLICABLE,May,11,Thursday,0,15,Rural,Medium Speed (Collector),No,33.9867,-94.7995,Non-Intersection,Dark - Not Lighted,Rain,Unknown,Unknown,Unknown EMS Scene Arrival Hour,Unknown EMS Scene Arrival Minutes,Unknown,Unknown EMS Hospital Arrival Time,1,Dark - Unlighted,Rain/Wind/Minor,1,0,['Driver'],['None_Used'],1,1,Invalid,0.0,0.0,28.0,28.0,['Male'],1,0,3,4,3,Wet/Standing Water,Curve,Level,Lowest,No
26478,40,Oklahoma,400190,0,1,1,0,1,TULSA,May,8,Monday,3,0,Urban,High Speed (Arterial),Yes,36.1592,-96.001,Non-Intersection,Dark - Lighted,Clear,Unknown,Unknown if Notified,Unknown EMS Scene Arrival Hour,Unknown if Arrived,Not Applicable (Not Transported),Not Applicable (Not Transported),1,Dark - Lighted,Clear,1,0,['Driver'],['None_Used'],0,0,Valid,0.0,0.0,59.0,59.0,['Male'],1,0,5,4,3,Dry,Curve,Grade/Hillcrest,Lowest,No