,State_Code,State_Name,Crash_ID,Count_Non_Motorists,Count_Vehicles_Total,Count_Vehicle_Forms,Count_PVH_Involved,Count_Occupants_MV,City_Name,Month_Name,Day_of_Month,Day_of_Week,Crash_Hour,Crash_Minute,Area_Rural_Urban,Road_Functional_Class,On_NHS_Road,Latitude,Longitude,Intersection_Type,Light_Condition,Weather_Condition,Notif_Hour,Notif_Minute,Arrival_Hour,Arrival_Minute,Hospital_Hour,Hospital_Minute,Fatalities_Count,Clean_Light_Condition,Clean_Weather_Condition,Total_Killed,Total_Alive,Fatal_Seats_List,Killed_Restraint_List,Any_Driver_Drinking,Total_Drinking_Drivers,Driver_License_Category,Driver_Max_Prev_Accident_Count,Driver_Max_Prev_Speeding_Count,Max_Driver_Age,Min_Driver_Age,Driver_Sex_List,Total_Exceeding_Limit_Vehicles,Total_Too_Fast_Vehicles,Max_Vehicle_Type_Severity_5,Max_Vehicle_Damage_Rank,Max_Harmful_Event_Severity,Crash_Road_Surface_Condition,Crash_Horizontal_Alignment,Crash_Vertical_Profile,Crash_Impairment_Category,Crash_Vehicle_Defect
26479,40,Oklahoma,400191,0,5,5,0,6,WEATHERFORD,May,6,Saturday,1,2,Urban,High Speed (Arterial),Yes,35.5219,-98.7387,Non-Intersection,Dark - Not Lighted,Clear,Unknown,Unknown if Notified,Unknown EMS Scene Arrival Hour,Unknown if Arrived,Not Applicable (Not Transported),Not Applicable (Not Transported),1,Dark - Unlighted,Clear,1,5,['Driver'],['Shoulder_Lapbelt'],1,1,Invalid,1.0,0.0,76.0,21.0,"['Male', 'Female', 'Male', 'Female', 'Female']",0,0,4,4,5,Dry,Straight,Grade/Hillcrest,Lowest,No
26480,40,Oklahoma,400192,0,3,3,0,6,OKLAHOMA CITY,May,9,Tuesday,21,30,Urban,High Speed (Arterial),No,35.47638889,-97.654275,Non-Intersection,Dark - Not Lighted,Cloudy,Unknown,Unknown,Unknown EMS Scene Arrival Hour,Unknown EMS Scene Arrival Minutes,Unknown,Unknown EMS Hospital Arrival Time,1,Dark - Unlighted,Reduced Visibility,1,5,['Rear_Seat'],['None_Used'],0,0,Valid,0.0,0.0,55.0,39.0,"['Male', 'Male', 'Female']",2,0,5,4,5,Dry,Straight,Grade/Hillcrest,Lowest,No
26481,40,Oklahoma,400193,0,2,2,0,3,NOT APPLICABLE,May,11,Thursday,20,45,Rural,Medium Speed (Collector),No,33.9404,-97.2532,Non-Intersection,Dusk,Cloudy,Unknown,Unknown,Unknown EMS Scene Arrival Hour,Unknown EMS Scene Arrival Minutes,Unknown,Unknown EMS Hospital Arrival Time,2,Twilight,Reduced Visibility,2,1,"['Driver', 'Driver']","['Shoulder_Lapbelt', 'Shoulder_Lapbelt']",1,1,Valid,0.0,0.0,62.0,60.0,"['Female', 'Male']",1,0,3,4,5,Dry,Straight,Level,Lowest,No
26482,40,Oklahoma,400194,0,2,2,0,2,HANNA,May,11,Thursday,20,50,Rural,High Speed (Arterial),Yes,35.2723,-95.9361,Non-Intersection,Dark - Lighted,Clear,Unknown,Unknown if Notified,Unknown EMS Scene Arrival Hour,Unknown if Arrived,Not Applicable (Not Transported),Not Applicable (Not Transported),1,Dark - Lighted,Clear,1,1,['Driver'],['None_Used'],0,0,Valid,0.0,1.0,65.0,46.0,"['Male', 'Male']",1,0,5,4,5,Dry,Curve,Level,Lowest,No
26483,40,Oklahoma,400195,0,1,1,0,1,OKLAHOMA CITY,May,11,Thursday,23,42,Urban,Low Speed (Local),No,35.62359722,-97.24066389,Non-Intersection,Dark - Not Lighted,Cloudy,Unknown,Unknown if Notified,Unknown EMS Scene Arrival Hour,Unknown if Arrived,Not Applicable (Not Transported),Not Applicable (Not Transported),1,Dark - Unlighted,Reduced Visibility,1,0,['Driver'],['None_Used'],1,1,Valid,0.0,0.0,21.0,21.0,['Male'],0,0,5,4,1,Dry,Straight,Grade/Hillcrest,Lowest,No
26484,40,Oklahoma,400196,0,1,1,0,2,TULSA,May,13,Saturday,0,53,Urban,Medium Speed (Collector),No,36.17702778,-95.97185833,Non-Intersection,Dark - Lighted,Rain,Unknown,Unknown,Unknown EMS Scene Arrival Hour,Unknown EMS Scene Arrival Minutes,Unknown,Unknown EMS Hospital Arrival Time,1,Dark - Lighted,Rain/Wind/Minor,1,1,['Rear_Seat'],['None_Used'],0,0,Valid,2.0,0.0,35.0,35.0,['Male'],0,0,5,1,1,Wet/Standing Water,Straight,Grade/Hillcrest,Lowest,No
26485,40,Oklahoma,400197,0,2,2,0,3,TULSA,May,16,Tuesday,14,30,Urban,Medium Speed (Collector),No,36.1625,-95.9045,Non-Intersection,Daylight,Clear,Unknown,Unknown,Unknown EMS Scene Arrival Hour,Unknown EMS Scene Arrival Minutes,Unknown,Unknown EMS Hospital Arrival Time,1,Daylight,Clear,1,2,['Driver'],['None_Used'],1,1,Invalid,0.0,2.0,47.0,44.0,"['Male', 'Female']",0,0,3,3,5,Dry,Straight,Non-Trafficway,Lowest,No
26486,40,Oklahoma,400198,0,1,1,0,1,TULSA,March,4,Saturday,14,35,Urban,High Speed (Arterial),Yes,36.16069167,-95.96328611,Non-Intersection,Daylight,Clear,Unknown,Unknown,Unknown EMS Scene Arrival Hour,Unknown EMS Scene Arrival Minutes,Unknown,Unknown EMS Hospital Arrival Time,1,Daylight,Clear,1,0,['Driver'],['None_Used'],0,0,Valid,0.0,1.0,39.0,39.0,['Male'],1,0,5,4,2,Dry,Straight,Level,Lowest,No
26487,40,Oklahoma,400199,0,3,3,0,5,NOT APPLICABLE,May,11,Thursday,9,15,Rural,High Speed (Arterial),Yes,35.5161,-98.8702,Non-Intersection,Daylight,Rain,Unknown,Unknown,Unknown EMS Scene Arrival Hour,Unknown EMS Scene Arrival Minutes,Unknown,Unknown EMS Hospital Arrival Time,1,Daylight,Rain/Wind/Minor,1,4,['Front_Passenger'],['Shoulder_Lapbelt'],0,0,Valid,0.0,0.0,79.0,58.0,"['Male', 'Male', 'Male']",2,0,4,4,5,Wet/Standing Water,Straight,Grade/Hillcrest,Lowest,No
26488,40,Oklahoma,400200,0,1,1,0,1,TULSA,May,17,Wednesday,5,32,Urban,High Speed (Arterial),Yes,36.1628,-95.9056,Non-Intersection,Dark - Lighted,Clear,Unknown,Unknown,Unknown EMS Scene Arrival Hour,Unknown EMS Scene Arrival Minutes,Unknown,Unknown EMS Hospital Arrival Time,1,Dark - Lighted,Clear,1,0,['Driver'],['Shoulder_Lapbelt'],0,0,Valid,0.0,0.0,41.0,41.0,['Male'],0,0,3,4,3,Dry,Straight,Level,Lowest,No
26489,40,Oklahoma,400201,1,1,1,0,1,NOT APPLICABLE,May,17,Wednesday,9,46,Rural,Medium Speed (Collector),No,34.3613,-96.7533,Non-Intersection,Daylight,Clear,Unknown,Unknown,Unknown EMS Scene Arrival Hour,Unknown EMS Scene Arrival Minutes,Unknown,Unknown EMS Hospital Arrival Time,1,Daylight,Clear,0,1,[],[],0,0,Valid,0.0,0.0,38.0,38.0,['Male'],0,0,3,2,4,Dry,Straight,Grade/Hillcrest,Lowest,No
26490,40,Oklahoma,400202,0,1,1,0,1,TULSA,May,19,Friday,17,56,Urban,High Speed (Arterial),Yes,36.0202,-95.9459,Non-Intersection,Daylight,Rain,Unknown,Unknown if Notified,Unknown EMS Scene Arrival Hour,Unknown if Arrived,Not Applicable (Not Transported),Not Applicable (Not Transported),1,Daylight,Rain/Wind/Minor,1,0,['Driver'],['None_Used'],0,0,Invalid,0.0,1.0,25.0,25.0,['Male'],1,0,2,4,3,Wet/Standing Water,Curve,Grade/Hillcrest,Lowest,No
26491,40,Oklahoma,400203,0,1,1,0,1,NINNEKAH,May,20,Saturday,18,51,Rural,High Speed (Arterial),Yes,34.98377778,-97.95184167,Non-Intersection,Daylight,Clear,Unknown,Unknown if Notified,Unknown EMS Scene Arrival Hour,Unknown if Arrived,Not Applicable (Not Transported),Not Applicable (Not Transported),1,Daylight,Clear,1,0,['Driver'],['None_Used'],1,1,Valid,0.0,0.0,52.0,52.0,['Male'],1,0,5,4,3,Dry,Curve,Level,Lowest,No
26492,40,Oklahoma,400204,0,2,2,0,2,NOT APPLICABLE,May,22,Monday,18,8,Rural,High Speed (Arterial),Yes,33.9981,-96.5005,Complex/Circle,Daylight,Clear,Unknown,Unknown,Unknown EMS Scene Arrival Hour,Unknown EMS Scene Arrival Minutes,Unknown,Unknown EMS Hospital Arrival Time,1,Daylight,Clear,1,1,['Driver'],['Shoulder_Lapbelt'],0,0,Invalid,0.0,0.0,73.0,48.0,"['Male', 'Female']",1,0,3,4,5,Dry,Straight,Level,Lowest,No
26493,40,Oklahoma,400205,0,2,2,0,6,NOT APPLICABLE,May,23,Tuesday,1,5,Rural,High Speed (Arterial),Yes,35.6396,-97.9591,Non-Intersection,Dark - Not Lighted,Cloudy,Unknown,Unknown,Unknown EMS Scene Arrival Hour,Unknown EMS Scene Arrival Minutes,Unknown,Unknown EMS Hospital Arrival Time,1,Dark - Unlighted,Reduced Visibility,1,5,['Front_Passenger'],['Shoulder_Lapbelt'],0,0,Invalid,0.0,0.0,27.0,19.0,"['Male', 'Male']",0,0,3,4,5,Dry,Straight,Level,Lowest,No
26494,40,Oklahoma,400206,0,2,2,0,2,NOT APPLICABLE,May,23,Tuesday,13,30,Rural,High Speed (Arterial),Yes,36.1531,-96.1974,Non-Intersection,Daylight,Cloudy,Unknown,Unknown,Unknown EMS Scene Arrival Hour,Unknown EMS Scene Arrival Minutes,Unknown,Unknown EMS Hospital Arrival Time,1,Daylight,Reduced Visibility,1,1,['Driver'],['Shoulder_Lapbelt'],0,0,Valid,0.0,2.0,45.0,38.0,"['Female', 'Male']",1,0,4,4,5,Dry,Straight,Level,Lowest,No
26495,40,Oklahoma,400207,0,1,1,0,2,NOT APPLICABLE,May,24,Wednesday,18,50,Urban,Medium Speed (Collector),No,35.9884,-96.0316,Non-Intersection,Daylight,Clear,Unknown,Unknown,Unknown EMS Scene Arrival Hour,Unknown EMS Scene Arrival Minutes,Unknown,Unknown EMS Hospital Arrival Time,1,Daylight,Clear,1,1,['Rear_Seat'],['None_Used'],0,0,Valid,0.0,0.0,50.0,50.0,['Male'],0,0,5,4,3,Dry,Straight,Level,Lowest,No
26496,40,Oklahoma,400208,0,2,2,0,2,SALLISAW,May,25,Thursday,12,38,Urban,High Speed (Arterial),Yes,35.45123889,-94.80597778,Non-Intersection,Daylight,Clear,Unknown,Unknown,Unknown EMS Scene Arrival Hour,Unknown EMS Scene Arrival Minutes,Unknown,Unknown EMS Hospital Arrival Time,1,Daylight,Clear,1,1,['Driver'],['None_Used'],0,0,Valid,0.0,1.0,91.0,41.0,"['Male', 'Female']",0,0,3,4,5,Dry,Straight,Level,Lowest,No
26497,40,Oklahoma,400209,0,2,2,0,2,NOT APPLICABLE,May,26,Friday,19,25,Rural,Medium Speed (Collector),No,35.74036111,-95.85596944,Non-Intersection,Dusk,Clear,Unknown,Unknown if Notified,Unknown EMS Scene Arrival Hour,Unknown if Arrived,Not Applicable (Not Transported),Not Applicable (Not Transported),1,Twilight,Clear,1,1,['Driver'],['None_Used'],0,0,Valid,0.0,1.0,65.0,33.0,"['Male', 'Male']",0,0,5,4,5,Dry,Straight,Level,Lowest,No
26498,40,Oklahoma,400210,0,1,1,0,4,NOT APPLICABLE,May,27,Saturday,17,15,Rural,Low Speed (Local),No,35.7247,-96.92181944,Non-Intersection,Daylight,Clear,Unknown,Unknown,Unknown EMS Scene Arrival Hour,Unknown EMS Scene Arrival Minutes,Unknown,Unknown EMS Hospital Arrival Time,2,Daylight,Clear,2,2,"['Driver', 'Rear_Seat']","['None_Used', 'None_Used']",1,1,Invalid,0.0,0.0,34.0,34.0,['Male'],4,0,3,4,3,Dry,Curve,Level,Lowest,Yes
26499,40,Oklahoma,400211,0,2,2,0,5,NOT APPLICABLE,May,27,Saturday,23,40,Rural,High Speed (Arterial),Yes,35.84143056,-98.50833056,Complex/Circle,Dark - Not Lighted,Cloudy,Unknown,Unknown,Unknown EMS Scene Arrival Hour,Unknown EMS Scene Arrival Minutes,Unknown,Unknown EMS Hospital Arrival Time,1,Dark - Unlighted,Reduced Visibility,1,4,['Driver'],['Shoulder_Lapbelt'],0,0,Invalid,0.0,1.0,40.0,26.0,"['Female', 'Male']",0,0,3,4,5,Dry,Straight,Level,Lowest,No
26500,40,Oklahoma,400212,1,1,1,0,1,OKLAHOMA CITY,May,29,Monday,21,34,Urban,Medium Speed (Collector),No,35.39280278,-97.53001111,Non-Intersection,Dark - Not Lighted,Cloudy,Unknown,Unknown,Unknown EMS Scene Arrival Hour,Unknown EMS Scene Arrival Minutes,Unknown,Unknown EMS Hospital Arrival Time,1,Dark - Unlighted,Reduced Visibility,0,1,[],[],0,0,Valid,0.0,0.0,34.0,34.0,['Male'],0,0,3,3,4,Dry,Straight,Level,Lowest,No
26501,40,Oklahoma,400213,0,1,1,0,1,NOT APPLICABLE,May,29,Monday,22,34,Rural,Medium Speed (Collector),No,35.90113056,-96.03836944,Non-Intersection,Dark - Not Lighted,Clear,Unknown,Unknown,Unknown EMS Scene Arrival Hour,Unknown EMS Scene Arrival Minutes,Unknown,Unknown EMS Hospital Arrival Time,1,Dark - Unlighted,Clear,1,0,['Driver'],['None_Used'],0,0,Invalid,0.0,0.0,28.0,28.0,['Male'],1,0,3,4,3,Dry,Straight,Level,Lowest,No
26502,40,Oklahoma,400214,0,1,1,0,1,NOT APPLICABLE,May,30,Tuesday,9,25,Rural,High Speed (Arterial),Yes,35.624,-98.21648056,Non-Intersection,Daylight,Clear,Unknown,Unknown if Notified,Unknown EMS Scene Arrival Hour,Unknown if Arrived,Not Applicable (Not Transported),Not Applicable (Not Transported),1,Daylight,Clear,1,0,['Driver'],['Shoulder_Lapbelt'],1,1,Valid,0.0,1.0,72.0,72.0,['Male'],0,0,2,4,3,Dry,Straight,Level,Lowest,No
26503,40,Oklahoma,400215,1,1,1,0,1,ARDMORE,May,30,Tuesday,23,19,Urban,High Speed (Arterial),No,34.17298056,-97.16338889,Non-Intersection,Dark - Lighted,Clear,Unknown,Unknown if Notified,Unknown EMS Scene Arrival Hour,Unknown if Arrived,Not Applicable (Not Transported),Not Applicable (Not Transported),1,Dark - Lighted,Clear,0,1,[],[],0,0,Valid,0.0,1.0,35.0,35.0,['Male'],0,0,3,2,4,Dry,Straight,Level,Lowest,No
26504,40,Oklahoma,400216,0,2,2,0,4,NOT APPLICABLE,May,31,Wednesday,20,56,Rural,Medium Speed (Collector),No,33.83126111,-96.5708,Non-Intersection,Dark - Not Lighted,Clear,Unknown,Unknown if Notified,Unknown EMS Scene Arrival Hour,Unknown if Arrived,Not Applicable (Not Transported),Not Applicable (Not Transported),1,Dark - Unlighted,Clear,1,3,['Driver'],['None_Used'],1,1,Invalid,0.0,0.0,39.0,33.0,"['Male', 'Male']",1,0,5,4,5,Dry,Straight,Level,Lowest,No
26505,40,Oklahoma,400217,0,3,3,0,3,NOT APPLICABLE,June,2,Friday,22,16,Rural,Medium Speed (Collector),No,35.38248889,-96.80713056,Non-Intersection,Dark - Not Lighted,Clear,Unknown,Unknown,Unknown EMS Scene Arrival Hour,Unknown EMS Scene Arrival Minutes,Unknown,Unknown EMS Hospital Arrival Time,1,Dark - Unlighted,Clear,1,2,['Driver'],['None_Used'],1,1,Invalid,0.0,0.0,66.0,20.0,"['Male', 'Male', 'Male']",1,0,5,4,5,Dry,Straight,Level,Lowest,No
26506,40,Oklahoma,400218,0,1,1,0,1,TULSA,June,3,Saturday,99,99,Urban,High Speed (Arterial),Yes,36.15941944,-95.97963056,Non-Intersection,Dark - Not Lighted,Cloudy,Unknown,Unknown if Notified,Unknown EMS Scene Arrival Hour,Unknown if Arrived,Not Applicable (Not Transported),Not Applicable (Not Transported),1,Dark - Unlighted,Reduced Visibility,1,0,['Driver'],['None_Used'],1,1,Valid,0.0,0.0,21.0,21.0,['Male'],1,0,5,4,3,Dry,Curve,Grade/Hillcrest,Lowest,No
26507,40,Oklahoma,400219,0,1,1,0,1,NOT APPLICABLE,June,3,Saturday,3,31,Rural,High Speed (Arterial),Yes,36.14458889,-99.33496944,Non-Intersection,Dark - Not Lighted,Rain,Unknown,Unknown if Notified,Unknown EMS Scene Arrival Hour,Unknown if Arrived,Not Applicable (Not Transported),Not Applicable (Not Transported),1,Dark - Unlighted,Rain/Wind/Minor,1,0,['Driver'],['Shoulder_Lapbelt'],0,0,Valid,0.0,0.0,50.0,50.0,['Male'],0,0,4,4,3,Wet/Standing Water,Straight,Level,Lowest,No
26508,40,Oklahoma,400220,0,2,2,0,5,NOT APPLICABLE,June,3,Saturday,12,35,Urban,Low Speed (Local),No,35.79853889,-95.40136944,Complex/Circle,Daylight,Clear,Unknown,Unknown,Unknown EMS Scene Arrival Hour,Unknown EMS Scene Arrival Minutes,Unknown,Unknown EMS Hospital Arrival Time,1,Daylight,Clear,1,4,['Driver'],['Shoulder_Lapbelt'],1,1,Valid,0.0,0.0,55.0,33.0,"['Male', 'Female']",0,0,4,4,5,Dry,Straight,Level,Lowest,No
26509,40,Oklahoma,400221,0,2,2,0,3,NOT APPLICABLE,June,3,Saturday,15,54,Rural,Medium Speed (Collector),No,36.42233056,-95.68031111,Non-Intersection,Daylight,Rain,Unknown,Unknown,Unknown EMS Scene Arrival Hour,Unknown EMS Scene Arrival Minutes,Unknown,Unknown EMS Hospital Arrival Time,1,Daylight,Rain/Wind/Minor,1,2,['Front_Passenger'],['Shoulder_Lapbelt'],0,0,Valid,2.0,1.0,69.0,59.0,"['Male', 'Male']",0,0,3,4,5,Wet/Standing Water,Curve,Level,Lowest,Yes
26510,40,Oklahoma,400222,0,1,1,0,1,NOT APPLICABLE,June,3,Saturday,21,42,Rural,High Speed (Arterial),Yes,35.31385,-99.61293056,Non-Intersection,Dark - Not Lighted,Clear,Unknown,Unknown if Notified,Unknown EMS Scene Arrival Hour,Unknown if Arrived,Not Applicable (Not Transported),Not Applicable (Not Transported),1,Dark - Unlighted,Clear,1,0,['Driver'],['None_Used'],1,1,Valid,0.0,0.0,35.0,35.0,['Male'],1,0,5,4,3,Dry,Curve,Level,Lowest,No
26511,40,Oklahoma,400223,0,1,1,0,1,NOT APPLICABLE,June,4,Sunday,1,1,Rural,Low Speed (Local),No,34.73911944,-95.03418889,Simple Junction,Dark - Not Lighted,Clear,Unknown,Unknown if Notified,Unknown EMS Scene Arrival Hour,Unknown if Arrived,Not Applicable (Not Transported),Not Applicable (Not Transported),1,Dark - Unlighted,Clear,1,0,['Driver'],['None_Used'],1,1,Valid,0.0,0.0,45.0,45.0,['Male'],1,0,3,4,3,Dry,Straight,Level,Medium,No
26512,40,Oklahoma,400224,0,3,3,0,4,NOT APPLICABLE,June,5,Monday,14,49,Rural,Medium Speed (Collector),No,33.89573056,-94.92561111,Simple Junction,Daylight,Clear,Unknown,Unknown,Unknown EMS Scene Arrival Hour,Unknown EMS Scene Arrival Minutes,Unknown,Unknown EMS Hospital Arrival Time,1,Daylight,Clear,1,3,['Driver'],['Shoulder_Lapbelt'],1,2,Valid,0.0,0.0,58.0,47.0,"['Male', 'Female', 'Male']",1,0,3,4,5,Dry,Straight,Level,Lowest,No
26513,40,Oklahoma,400225,0,2,2,0,2,NOT APPLICABLE,June,6,Tuesday,8,50,Rural,Medium Speed (Collector),No,36.20393889,-96.92551111,Complex/Circle,Daylight,Cloudy,Unknown,Unknown,Unknown EMS Scene Arrival Hour,Unknown EMS Scene Arrival Minutes,Unknown,Unknown EMS Hospital Arrival Time,1,Daylight,Reduced Visibility,1,1,['Driver'],['Shoulder_Lapbelt'],0,0,Valid,0.0,0.0,70.0,46.0,"['Female', 'Male']",0,0,3,4,5,Dry,Straight,Level,Lowest,No
26514,40,Oklahoma,400226,0,1,1,0,1,NOT APPLICABLE,June,6,Tuesday,20,56,Rural,Medium Speed (Collector),No,35.11451111,-95.42101944,Non-Intersection,Dark - Not Lighted,Clear,Unknown,Unknown if Notified,Unknown EMS Scene Arrival Hour,Unknown if Arrived,Not Applicable (Not Transported),Not Applicable (Not Transported),1,Dark - Unlighted,Clear,1,0,['Driver'],['None_Used'],0,0,Valid,0.0,0.0,61.0,61.0,['Female'],0,0,3,4,2,Dry,Straight,Level,Lowest,No
26515,40,Oklahoma,400227,1,1,1,0,5,OKLAHOMA CITY,June,10,Saturday,18,39,Urban,High Speed (Arterial),Yes,35.45993889,-97.61066944,Non-Intersection,Daylight,Clear,Unknown,Unknown,Unknown EMS Scene Arrival Hour,Unknown EMS Scene Arrival Minutes,Unknown,Unknown EMS Hospital Arrival Time,1,Daylight,Clear,0,5,[],[],0,0,Invalid,0.0,0.0,18.0,18.0,['Male'],0,0,3,4,4,Dry,Straight,Level,Lowest,No
26516,40,Oklahoma,400228,0,1,1,0,2,NOT APPLICABLE,June,12,Monday,22,45,Rural,Medium Speed (Collector),No,35.63875,-99.14043889,Non-Intersection,Dark - Not Lighted,Clear,Unknown,Unknown,Unknown EMS Scene Arrival Hour,Unknown EMS Scene Arrival Minutes,Unknown,Unknown EMS Hospital Arrival Time,2,Dark - Unlighted,Clear,2,0,"['Driver', 'Front_Passenger']","['Shoulder_Lapbelt', 'Shoulder_Lapbelt']",1,1,Valid,0.0,0.0,35.0,35.0,['Female'],2,0,3,4,3,Dry,Straight,Grade/Hillcrest,Lowest,No
26517,40,Oklahoma,400229,0,3,3,0,5,TULSA,June,5,Monday,13,48,Urban,High Speed (Arterial),No,36.0657,-95.8863,Complex/Circle,Daylight,Clear,Unknown,Unknown,Unknown EMS Scene Arrival Hour,Unknown EMS Scene Arrival Minutes,Unknown,Unknown EMS Hospital Arrival Time,1,Daylight,Clear,1,4,['Front_Passenger'],['Shoulder_Lapbelt'],0,0,Invalid,0.0,0.0,54.0,14.0,"['Male', 'Male', 'Male']",2,0,3,4,5,Dry,Straight,Level,Lowest,No
26518,40,Oklahoma,400230,0,1,1,0,1,NOT APPLICABLE,June,13,Tuesday,0,8,Rural,Medium Speed (Collector),No,34.87521111,-95.31055,Non-Intersection,Dark - Not Lighted,Clear,Unknown,Unknown if Notified,Unknown EMS Scene Arrival Hour,Unknown if Arrived,Not Applicable (Not Transported),Not Applicable (Not Transported),1,Dark - Unlighted,Clear,1,0,['Driver'],['None_Used'],0,0,Valid,0.0,0.0,61.0,61.0,['Male'],0,0,3,4,3,Dry,Straight,Level,Lowest,No
26519,40,Oklahoma,400231,0,2,2,0,3,NOT APPLICABLE,June,15,Thursday,8,52,Rural,Medium Speed (Collector),No,35.10938056,-94.6079,Non-Intersection,Daylight,Clear,Unknown,Unknown,Unknown EMS Scene Arrival Hour,Unknown EMS Scene Arrival Minutes,Unknown,Unknown EMS Hospital Arrival Time,1,Daylight,Clear,1,2,['Driver'],['Shoulder_Lapbelt'],0,0,Valid,0.0,2.0,48.0,23.0,"['Male', 'Male']",0,0,3,4,5,Dry,Straight,Level,Lowest,No
26520,40,Oklahoma,400232,0,2,2,0,5,OKLAHOMA CITY,June,16,Friday,12,49,Urban,High Speed (Arterial),Yes,35.55093889,-97.68916944,Non-Intersection,Daylight,Cloudy,Unknown,Unknown,Unknown EMS Scene Arrival Hour,Unknown EMS Scene Arrival Minutes,Unknown,Unknown EMS Hospital Arrival Time,1,Daylight,Reduced Visibility,1,4,['Driver'],['Shoulder_Lapbelt'],0,0,Valid,0.0,0.0,88.0,49.0,"['Female', 'Female']",0,0,3,4,5,Dry,Straight,Level,Lowest,No
26521,40,Oklahoma,400233,0,1,1,0,1,NOT APPLICABLE,June,17,Saturday,7,52,Rural,Low Speed (Local),No,34.88421944,-97.47683056,Non-Intersection,Dark - Not Lighted,Clear,Unknown,Unknown if Notified,Unknown EMS Scene Arrival Hour,Unknown if Arrived,Not Applicable (Not Transported),Not Applicable (Not Transported),1,Dark - Unlighted,Clear,1,0,['Driver'],['None_Used'],1,1,Valid,0.0,1.0,20.0,20.0,['Male'],1,0,3,4,3,Dry,Straight,Level,Lowest,No
26522,40,Oklahoma,400234,0,1,1,0,1,NOT APPLICABLE,June,17,Saturday,9,55,Rural,Medium Speed (Collector),No,36.71778889,-99.9806,Non-Intersection,Daylight,Clear,Unknown,Unknown,Unknown EMS Scene Arrival Hour,Unknown EMS Scene Arrival Minutes,Unknown,Unknown EMS Hospital Arrival Time,1,Daylight,Clear,1,0,['Driver'],['None_Used'],0,0,Valid,0.0,0.0,38.0,38.0,['Male'],1,0,3,4,3,Dry,Straight,Level,Lowest,No
26523,40,Oklahoma,400235,0,1,1,0,1,NOT APPLICABLE,June,17,Saturday,13,57,Rural,Low Speed (Local),No,34.09303056,-96.29376111,Non-Intersection,Daylight,Clear,Unknown,Unknown if Notified,Unknown EMS Scene Arrival Hour,Unknown if Arrived,Not Applicable (Not Transported),Not Applicable (Not Transported),1,Daylight,Clear,1,0,['Driver'],['Shoulder_Lapbelt'],0,0,Valid,0.0,1.0,35.0,35.0,['Female'],0,0,3,4,4,Dry,Straight,Level,Lowest,No
26524,40,Oklahoma,400236,0,2,2,0,2,NOT APPLICABLE,June,19,Monday,19,4,Rural,Medium Speed (Collector),No,36.24581111,-95.27913889,Non-Intersection,Daylight,Clear,Unknown,Unknown if Notified,Unknown EMS Scene Arrival Hour,Unknown if Arrived,Not Applicable (Not Transported),Not Applicable (Not Transported),1,Daylight,Clear,1,1,['Driver'],['None_Used'],0,0,Valid,0.0,0.0,34.0,32.0,"['Male', 'Male']",0,0,5,4,5,Dry,Straight,Level,Lowest,No
26525,40,Oklahoma,400237,0,2,2,0,2,NOT APPLICABLE,June,20,Tuesday,7,20,Rural,Medium Speed (Collector),No,34.36678056,-96.33168889,Non-Intersection,Daylight,Clear,Unknown,Unknown,Unknown EMS Scene Arrival Hour,Unknown EMS Scene Arrival Minutes,Unknown,Unknown EMS Hospital Arrival Time,1,Daylight,Clear,1,1,['Driver'],['Shoulder_Lapbelt'],0,0,Valid,0.0,2.0,67.0,40.0,"['Male', 'Male']",0,0,4,4,5,Dry,Curve,Level,Lowest,No
26526,40,Oklahoma,400238,0,1,1,0,1,OKLAHOMA CITY,June,5,Monday,0,5,Urban,High Speed (Arterial),Yes,35.52781111,-97.52669167,Non-Intersection,Dark - Not Lighted,Clear,Unknown,Unknown if Notified,Unknown EMS Scene Arrival Hour,Unknown if Arrived,Not Applicable (Not Transported),Not Applicable (Not Transported),1,Dark - Unlighted,Clear,1,0,['Driver'],['None_Used'],1,1,Valid,0.0,0.0,61.0,61.0,['Male'],0,0,5,4,3,Dry,Curve,Level,Lowest,No
26527,40,Oklahoma,400239,0,1,1,0,2,OKLAHOMA CITY,June,19,Monday,19,30,Urban,Low Speed (Local),No,35.48542222,-97.676825,Non-Intersection,Daylight,Clear,Unknown,Unknown if Notified,Unknown EMS Scene Arrival Hour,Unknown if Arrived,Not Applicable (Not Transported),Not Applicable (Not Transported),1,Daylight,Clear,1,1,['Driver'],['None_Used'],1,1,Invalid,0.0,0.0,17.0,17.0,['Male'],2,0,3,4,3,Dry,Curve,Level,Lowest,No
26528,40,Oklahoma,400240,0,4,4,0,5,NOT APPLICABLE,June,20,Tuesday,10,18,Rural,Medium Speed (Collector),No,35.59375833,-96.99908056,Complex/Circle,Daylight,Clear,Unknown,Unknown,Unknown EMS Scene Arrival Hour,Unknown EMS Scene Arrival Minutes,Unknown,Unknown EMS Hospital Arrival Time,1,Daylight,Clear,1,4,['Driver'],['None_Used'],0,0,Valid,0.0,0.0,66.0,19.0,"['Female', 'Male', 'Female', 'Male']",0,0,3,4,5,Dry,Straight,Level,Lowest,No