,State_Code,State_Name,Crash_ID,Count_Non_Motorists,Count_Vehicles_Total,Count_Vehicle_Forms,Count_PVH_Involved,Count_Occupants_MV,City_Name,Month_Name,Day_of_Month,Day_of_Week,Crash_Hour,Crash_Minute,Area_Rural_Urban,Road_Functional_Class,On_NHS_Road,Latitude,Longitude,Intersection_Type,Light_Condition,Weather_Condition,Notif_Hour,Notif_Minute,Arrival_Hour,Arrival_Minute,Hospital_Hour,Hospital_Minute,Fatalities_Count,Clean_Light_Condition,Clean_Weather_Condition,Total_Killed,Total_Alive,Fatal_Seats_List,Killed_Restraint_List,Any_Driver_Drinking,Total_Drinking_Drivers,Driver_License_Category,Driver_Max_Prev_Accident_Count,Driver_Max_Prev_Speeding_Count,Max_Driver_Age,Min_Driver_Age,Driver_Sex_List,Total_Exceeding_Limit_Vehicles,Total_Too_Fast_Vehicles,Max_Vehicle_Type_Severity_5,Max_Vehicle_Damage_Rank,Max_Harmful_Event_Severity,Crash_Road_Surface_Condition,Crash_Horizontal_Alignment,Crash_Vertical_Profile,Crash_Impairment_Category,Crash_Vehicle_Defect
26529,40,Oklahoma,400241,1,2,2,0,1,TULSA,June,22,Thursday,22,42,Urban,High Speed (Arterial),Yes,36.11091944,-96.01221111,Non-Intersection,Dark - Not Lighted,Clear,Unknown,Unknown,Unknown EMS Scene Arrival Hour,Unknown EMS Scene Arrival Minutes,Unknown,Unknown EMS Hospital Arrival Time,1,Dark - Unlighted,Clear,0,1,[],[],0,0,Valid,0.0,0.0,17.0,17.0,['Male'],0,0,3,4,5,Dry,Curve,Grade/Hillcrest,Lowest,No
26530,40,Oklahoma,400242,0,1,1,0,1,NOT APPLICABLE,June,24,Saturday,15,40,Rural,Medium Speed (Collector),No,34.7432,-97.40538889,Non-Intersection,Daylight,Clear,Unknown,Unknown,Unknown EMS Scene Arrival Hour,Unknown EMS Scene Arrival Minutes,Unknown,Unknown EMS Hospital Arrival Time,1,Daylight,Clear,1,0,['Driver'],['None_Used'],1,1,Valid,0.0,0.0,48.0,48.0,['Female'],0,0,3,4,3,Dry,Straight,Level,Lowest,No
26531,40,Oklahoma,400243,0,2,2,0,3,NOT APPLICABLE,June,25,Sunday,20,35,Rural,High Speed (Arterial),Yes,36.75291944,-96.08016944,Complex/Circle,Dark - Not Lighted,Clear,Unknown,Unknown,Unknown EMS Scene Arrival Hour,Unknown EMS Scene Arrival Minutes,Unknown,Unknown EMS Hospital Arrival Time,1,Dark - Unlighted,Clear,1,2,['Front_Passenger'],['Shoulder_Lapbelt'],1,1,Valid,0.0,0.0,39.0,36.0,"['Female', 'Male']",1,0,2,4,5,Dry,Straight,Grade/Hillcrest,Lowest,No
26532,40,Oklahoma,400244,0,2,2,0,2,NOT APPLICABLE,June,27,Tuesday,16,32,Rural,High Speed (Arterial),Yes,36.04585,-94.5838,Complex/Circle,Daylight,Clear,Unknown,Unknown,Unknown EMS Scene Arrival Hour,Unknown EMS Scene Arrival Minutes,Unknown,Unknown EMS Hospital Arrival Time,1,Daylight,Clear,1,1,['Driver'],['None_Used'],0,0,Valid,0.0,0.0,59.0,35.0,"['Male', 'Male']",1,0,4,4,5,Dry,Straight,Level,Lowest,No
26533,40,Oklahoma,400245,1,1,1,0,1,NOT APPLICABLE,June,28,Wednesday,4,51,Rural,High Speed (Arterial),Yes,36.11648056,-96.88563889,Non-Intersection,Dark - Not Lighted,Cloudy,Unknown,Unknown if Notified,Unknown EMS Scene Arrival Hour,Unknown if Arrived,Not Applicable (Not Transported),Not Applicable (Not Transported),1,Dark - Unlighted,Reduced Visibility,0,1,[],[],0,0,Valid,0.0,0.0,53.0,53.0,['Male'],0,0,3,3,4,Dry,Straight,Grade/Hillcrest,Lowest,No
26534,40,Oklahoma,400246,1,1,1,0,1,TULSA,June,28,Wednesday,99,99,Urban,High Speed (Arterial),Yes,36.0504,-95.8592,Non-Intersection,Dark - Lighted,Clear,Unknown,Unknown if Notified,Unknown EMS Scene Arrival Hour,Unknown if Arrived,Not Applicable (Not Transported),Not Applicable (Not Transported),1,Dark - Lighted,Clear,0,0,[],[],0,0,Invalid,0.0,0.0,999.0,999.0,['Other'],0,0,1,0,4,Dry,Straight,Level,Lowest,No
26535,40,Oklahoma,400247,0,1,1,0,1,NOT APPLICABLE,June,28,Wednesday,18,26,Rural,Low Speed (Local),No,33.88858889,-94.66121944,Non-Intersection,Daylight,Clear,Unknown,Unknown,Unknown EMS Scene Arrival Hour,Unknown EMS Scene Arrival Minutes,Unknown,Unknown EMS Hospital Arrival Time,1,Daylight,Clear,1,0,['Driver'],['None_Used'],0,0,Invalid,0.0,0.0,8.0,8.0,['Female'],1,0,5,2,2,Dry,Curve,Level,Lowest,No
26536,40,Oklahoma,400248,0,1,1,0,1,NOT APPLICABLE,June,28,Wednesday,18,48,Rural,Medium Speed (Collector),No,35.86971944,-97.26293889,Non-Intersection,Daylight,Clear,Unknown,Unknown if Notified,Unknown EMS Scene Arrival Hour,Unknown if Arrived,Not Applicable (Not Transported),Not Applicable (Not Transported),1,Daylight,Clear,1,0,['Driver'],['None_Used'],1,1,Invalid,0.0,0.0,44.0,44.0,['Male'],1,0,3,4,3,Dry,Straight,Grade/Hillcrest,Lowest,No
26537,40,Oklahoma,400249,0,2,2,0,2,NOT APPLICABLE,June,29,Thursday,6,50,Rural,Medium Speed (Collector),No,36.00301944,-96.4558,Non-Intersection,Daylight,Clear,Unknown,Unknown,Unknown EMS Scene Arrival Hour,Unknown EMS Scene Arrival Minutes,Unknown,Unknown EMS Hospital Arrival Time,1,Daylight,Clear,1,1,['Driver'],['None_Used'],0,0,Valid,0.0,0.0,58.0,19.0,"['Male', 'Male']",0,0,4,4,5,Dry,Straight,Level,Lowest,No
26538,40,Oklahoma,400250,0,1,1,0,1,TULSA,June,29,Thursday,22,22,Urban,High Speed (Arterial),Yes,36.11211944,-95.89608889,Non-Intersection,Dark - Not Lighted,Clear,Unknown,Unknown if Notified,Unknown EMS Scene Arrival Hour,Unknown if Arrived,Not Applicable (Not Transported),Not Applicable (Not Transported),1,Dark - Unlighted,Clear,1,0,['Driver'],['None_Used'],1,1,Valid,0.0,1.0,44.0,44.0,['Male'],1,0,5,3,2,Dry,Curve,Level,Lowest,No
26539,40,Oklahoma,400251,0,1,1,0,1,TULSA,June,30,Friday,1,55,Urban,Medium Speed (Collector),No,36.11871944,-95.9154,Non-Intersection,Dark - Lighted,Clear,Unknown,Unknown if Notified,Unknown EMS Scene Arrival Hour,Unknown if Arrived,Not Applicable (Not Transported),Not Applicable (Not Transported),1,Dark - Lighted,Clear,1,0,['Driver'],['None_Used'],1,1,Invalid,0.0,3.0,23.0,23.0,['Male'],1,0,3,4,2,Dry,Straight,Level,Lowest,Yes
26540,40,Oklahoma,400252,0,1,1,0,1,NOT APPLICABLE,July,4,Tuesday,2,22,Rural,Medium Speed (Collector),No,36.8104,-97.65763889,Non-Intersection,Dark - Not Lighted,Clear,Unknown,Unknown if Notified,Unknown EMS Scene Arrival Hour,Unknown if Arrived,Not Applicable (Not Transported),Not Applicable (Not Transported),1,Dark - Unlighted,Clear,1,0,['Driver'],['None_Used'],1,1,Valid,0.0,0.0,40.0,40.0,['Male'],0,0,3,4,3,Dry,Straight,Grade/Hillcrest,Lowest,No
26541,40,Oklahoma,400253,0,1,1,0,1,NOT APPLICABLE,July,4,Tuesday,20,1,Rural,Medium Speed (Collector),No,34.60036111,-99.01856944,Non-Intersection,Daylight,Clear,Unknown,Unknown if Notified,Unknown EMS Scene Arrival Hour,Unknown if Arrived,Not Applicable (Not Transported),Not Applicable (Not Transported),1,Daylight,Clear,1,0,['Driver'],['Shoulder_Lapbelt'],0,0,Valid,0.0,0.0,63.0,63.0,['Female'],0,0,3,4,3,Dry,Straight,Level,Lowest,No
26542,40,Oklahoma,400255,0,1,1,0,1,NOT APPLICABLE,July,5,Wednesday,19,28,Rural,Low Speed (Local),No,36.66739444,-98.89983333,Simple Junction,Daylight,Cloudy,Unknown,Unknown,Unknown EMS Scene Arrival Hour,Unknown EMS Scene Arrival Minutes,Unknown,Unknown EMS Hospital Arrival Time,1,Daylight,Reduced Visibility,1,0,['Driver'],['None_Used'],0,0,Invalid,0.0,0.0,11.0,11.0,['Female'],1,0,5,4,3,Dry,Straight,Level,Lowest,No
26543,40,Oklahoma,400256,1,1,1,0,1,OKLAHOMA CITY,June,30,Friday,21,56,Urban,High Speed (Arterial),Yes,35.46093889,-97.5646,Non-Intersection,Dark - Lighted,Clear,Unknown,Unknown if Notified,Unknown EMS Scene Arrival Hour,Unknown if Arrived,Not Applicable (Not Transported),Not Applicable (Not Transported),1,Dark - Lighted,Clear,0,1,[],[],0,0,Valid,0.0,0.0,57.0,57.0,['Male'],0,0,3,1,4,Dry,Straight,Level,Lowest,No
26544,40,Oklahoma,400257,0,2,2,0,2,BROKEN ARROW,July,6,Thursday,22,19,Urban,High Speed (Arterial),Yes,36.00086944,-95.83871111,Non-Intersection,Dark - Not Lighted,Clear,Unknown,Unknown if Notified,Unknown EMS Scene Arrival Hour,Unknown if Arrived,Not Applicable (Not Transported),Not Applicable (Not Transported),2,Dark - Unlighted,Clear,2,0,"['Driver', 'Driver']","['Shoulder_Lapbelt', 'Shoulder_Lapbelt']",1,1,Valid,0.0,1.0,49.0,22.0,"['Female', 'Female']",0,0,3,4,5,Dry,Curve,Grade/Hillcrest,Lowest,No
26545,40,Oklahoma,400258,0,1,1,0,1,OKLAHOMA CITY,July,9,Sunday,20,10,Urban,High Speed (Arterial),Yes,35.39946944,-97.57528889,Non-Intersection,Daylight,Clear,Unknown,Unknown if Notified,Unknown EMS Scene Arrival Hour,Unknown if Arrived,Not Applicable (Not Transported),Not Applicable (Not Transported),1,Daylight,Clear,1,0,['Driver'],['None_Used'],1,1,Valid,0.0,3.0,29.0,29.0,['Male'],1,0,4,4,3,Dry,Curve,Grade/Hillcrest,Lowest,No
26546,40,Oklahoma,400259,0,1,1,0,2,NOT APPLICABLE,July,11,Tuesday,18,35,Rural,Medium Speed (Collector),No,33.98023889,-95.52158889,Non-Intersection,Daylight,Clear,Unknown,Unknown if Notified,Unknown EMS Scene Arrival Hour,Unknown if Arrived,Not Applicable (Not Transported),Not Applicable (Not Transported),2,Daylight,Clear,2,0,"['Driver', 'Front_Passenger']","['None_Used', 'None_Used']",1,1,Valid,0.0,0.0,27.0,27.0,['Male'],2,0,3,4,3,Dry,Straight,Grade/Hillcrest,Lowest,No
26547,40,Oklahoma,400260,0,2,2,0,2,NOT APPLICABLE,July,12,Wednesday,11,55,Rural,High Speed (Arterial),Yes,36.49588056,-94.78236111,Complex/Circle,Daylight,Clear,Unknown,Unknown,Unknown EMS Scene Arrival Hour,Unknown EMS Scene Arrival Minutes,Unknown,Unknown EMS Hospital Arrival Time,1,Daylight,Clear,1,1,['Driver'],['Shoulder_Lapbelt'],0,0,Valid,0.0,0.0,55.0,31.0,"['Male', 'Male']",1,0,4,4,5,Dry,Straight,Level,Lowest,Yes
26548,40,Oklahoma,400261,1,1,1,0,1,OKLAHOMA CITY,July,2,Sunday,23,3,Urban,Medium Speed (Collector),No,35.47886389,-97.64164722,Simple Junction,Dark - Not Lighted,Cloudy,Unknown,Unknown,Unknown EMS Scene Arrival Hour,Unknown EMS Scene Arrival Minutes,Unknown,Unknown EMS Hospital Arrival Time,1,Dark - Unlighted,Reduced Visibility,0,1,[],[],0,0,Valid,0.0,0.0,18.0,18.0,['Female'],0,0,2,2,4,Dry,Straight,Level,Lowest,No
26549,40,Oklahoma,400262,0,1,1,0,1,OKLAHOMA CITY,July,11,Tuesday,22,15,Urban,High Speed (Arterial),Yes,35.52471111,-97.51515278,Non-Intersection,Dark - Lighted,Cloudy,Unknown,Unknown,Unknown EMS Scene Arrival Hour,Unknown EMS Scene Arrival Minutes,Unknown,Unknown EMS Hospital Arrival Time,1,Dark - Lighted,Reduced Visibility,1,0,['Driver'],['Shoulder_Lapbelt'],0,0,Valid,0.0,0.0,38.0,38.0,['Male'],1,0,2,4,3,Dry,Curve,Grade/Hillcrest,Lowest,No
26550,40,Oklahoma,400263,0,2,2,0,2,TULSA,July,14,Friday,15,6,Urban,Medium Speed (Collector),No,36.1425,-95.90453056,Simple Junction,Daylight,Clear,Unknown,Unknown if Notified,Unknown EMS Scene Arrival Hour,Unknown if Arrived,Not Applicable (Not Transported),Not Applicable (Not Transported),1,Daylight,Clear,1,1,['Driver'],['None_Used'],0,0,Valid,0.0,2.0,62.0,24.0,"['Male', 'Male']",1,0,5,4,5,Dry,Straight,Level,Lowest,No
26551,40,Oklahoma,400264,0,1,1,0,1,NOT APPLICABLE,July,16,Sunday,0,34,Rural,Medium Speed (Collector),No,36.77618056,-94.6939,Non-Intersection,Dark - Not Lighted,Clear,Unknown,Unknown if Notified,Unknown EMS Scene Arrival Hour,Unknown if Arrived,Not Applicable (Not Transported),Not Applicable (Not Transported),1,Dark - Unlighted,Clear,1,0,['Driver'],['None_Used'],1,1,Invalid,0.0,0.0,44.0,44.0,['Female'],1,0,2,4,3,Dry,Straight,Level,Lowest,No
26552,40,Oklahoma,400265,1,1,1,0,1,TULSA,July,17,Monday,0,43,Urban,Medium Speed (Collector),No,36.16221944,-95.8512,Non-Intersection,Dark - Not Lighted,Cloudy,Unknown,Unknown,Unknown EMS Scene Arrival Hour,Unknown EMS Scene Arrival Minutes,Unknown,Unknown EMS Hospital Arrival Time,1,Dark - Unlighted,Reduced Visibility,0,1,[],[],0,0,Invalid,0.0,0.0,30.0,30.0,['Female'],0,0,2,3,4,Dry,Straight,Level,Lowest,No
26553,40,Oklahoma,400266,0,1,1,0,1,NOT APPLICABLE,July,17,Monday,6,26,Rural,Medium Speed (Collector),No,36.4408,-96.00238889,Non-Intersection,Dawn,Clear,Unknown,Unknown if Notified,Unknown EMS Scene Arrival Hour,Unknown if Arrived,Not Applicable (Not Transported),Not Applicable (Not Transported),1,Twilight,Clear,1,0,['Driver'],['None_Used'],1,1,Valid,0.0,0.0,45.0,45.0,['Male'],1,0,3,4,3,Dry,Curve,Level,Lowest,No
26554,40,Oklahoma,400267,0,2,2,0,2,ALTUS,May,23,Tuesday,22,5,Urban,High Speed (Arterial),No,34.66270833,-99.33410278,Non-Intersection,Dark - Lighted,Clear,Unknown,Unknown,Unknown EMS Scene Arrival Hour,Unknown EMS Scene Arrival Minutes,Unknown,Unknown EMS Hospital Arrival Time,1,Dark - Lighted,Clear,1,1,['Driver'],['None_Used'],0,0,Valid,0.0,1.0,66.0,52.0,"['Female', 'Male']",0,0,5,4,5,Dry,Straight,Non-Trafficway,Lowest,No
26555,40,Oklahoma,400268,0,2,2,0,2,GLENPOOL,June,19,Monday,16,23,Urban,High Speed (Arterial),Yes,35.87137778,-96.01553333,Complex/Circle,Daylight,Cloudy,Unknown,Unknown,Unknown EMS Scene Arrival Hour,Unknown EMS Scene Arrival Minutes,Unknown,Unknown EMS Hospital Arrival Time,1,Daylight,Reduced Visibility,1,1,['Driver'],['None_Used'],0,0,Valid,0.0,0.0,42.0,16.0,"['Male', 'Male']",0,0,5,4,5,Dry,Straight,Level,Lowest,No
26556,40,Oklahoma,400269,1,1,1,0,1,MUSKOGEE,June,27,Tuesday,1,30,Urban,High Speed (Arterial),No,35.76966111,-95.37455556,Non-Intersection,Dark - Lighted,Clear,Unknown,Unknown,Unknown EMS Scene Arrival Hour,Unknown EMS Scene Arrival Minutes,Unknown,Unknown EMS Hospital Arrival Time,1,Dark - Lighted,Clear,0,1,[],[],0,0,Valid,0.0,0.0,31.0,31.0,['Male'],0,0,2,4,4,Dry,Straight,Level,Lowest,No
26557,40,Oklahoma,400270,0,2,2,0,4,NORMAN,June,28,Wednesday,14,35,Rural,Medium Speed (Collector),No,35.24719722,-97.37076944,Complex/Circle,Daylight,Clear,Unknown,Unknown,Unknown EMS Scene Arrival Hour,Unknown EMS Scene Arrival Minutes,Unknown,Unknown EMS Hospital Arrival Time,1,Daylight,Clear,1,3,['Rear_Seat'],['Child_Safety'],0,0,Valid,0.0,0.0,51.0,28.0,"['Female', 'Male']",0,0,3,4,5,Dry,Straight,Grade/Hillcrest,Lowest,No
26558,40,Oklahoma,400271,1,1,1,0,1,SEMINOLE,June,30,Friday,17,0,Urban,High Speed (Arterial),Yes,35.23773611,-96.67119167,Non-Intersection,Daylight,Clear,Unknown,Unknown,Unknown EMS Scene Arrival Hour,Unknown EMS Scene Arrival Minutes,Unknown,Unknown EMS Hospital Arrival Time,1,Daylight,Clear,0,1,[],[],0,0,Valid,0.0,3.0,31.0,31.0,['Female'],0,0,2,4,4,Dry,Straight,Level,Lowest,No
26559,40,Oklahoma,400272,0,3,3,0,7,GLENPOOL,June,30,Friday,22,0,Urban,High Speed (Arterial),Yes,35.90109167,-96.01582222,Complex/Circle,Dark - Not Lighted,Clear,Unknown,Unknown,Unknown EMS Scene Arrival Hour,Unknown EMS Scene Arrival Minutes,Unknown,Unknown EMS Hospital Arrival Time,1,Dark - Unlighted,Clear,1,6,['Front_Passenger'],['Shoulder_Lapbelt'],0,0,Valid,0.0,0.0,51.0,24.0,"['Male', 'Male', 'Male']",3,0,4,4,5,Dry,Straight,Level,Lowest,No
26560,40,Oklahoma,400273,0,1,1,0,3,GLENPOOL,July,4,Tuesday,4,14,Urban,Medium Speed (Collector),No,35.95776389,-95.97592778,Non-Intersection,Dark - Not Lighted,Clear,Unknown,Unknown if Notified,Unknown EMS Scene Arrival Hour,Unknown if Arrived,Not Applicable (Not Transported),Not Applicable (Not Transported),1,Dark - Unlighted,Clear,1,0,['Front_Passenger'],['Shoulder_Lapbelt'],0,0,Invalid,0.0,0.0,15.0,15.0,['Male'],3,0,2,4,3,Dry,Straight,Grade/Hillcrest,Lowest,No
26561,40,Oklahoma,400274,0,2,2,0,5,BROKEN ARROW,July,8,Saturday,19,35,Urban,High Speed (Arterial),No,36.03185556,-95.81456944,Non-Intersection,Daylight,Clear,Unknown,Unknown if Notified,Unknown EMS Scene Arrival Hour,Unknown if Arrived,Not Applicable (Not Transported),Not Applicable (Not Transported),1,Daylight,Clear,1,4,['Driver'],['None_Used'],0,0,Valid,0.0,0.0,21.0,17.0,"['Male', 'Male']",1,0,5,4,5,Dry,Straight,Level,Lowest,No
26562,40,Oklahoma,400275,0,1,1,0,1,NORMAN,July,10,Monday,0,19,Urban,High Speed (Arterial),Yes,35.20050833,-97.48067222,Non-Intersection,Dark - Lighted,Clear,Unknown,Unknown if Notified,Unknown EMS Scene Arrival Hour,Unknown if Arrived,Not Applicable (Not Transported),Not Applicable (Not Transported),1,Dark - Lighted,Clear,1,0,['Driver'],['None_Used'],0,0,Valid,0.0,0.0,26.0,26.0,['Male'],0,0,5,4,3,Dry,Curve,Grade/Hillcrest,Lowest,No
26563,40,Oklahoma,400276,1,1,1,0,2,WAUKOMIS,July,10,Monday,4,30,Rural,High Speed (Arterial),Yes,36.28991667,-97.88959444,Non-Intersection,Dark - Not Lighted,Clear,Unknown,Unknown if Notified,Unknown EMS Scene Arrival Hour,Unknown if Arrived,Not Applicable (Not Transported),Not Applicable (Not Transported),1,Dark - Unlighted,Clear,0,2,[],[],0,0,Valid,0.0,0.0,66.0,66.0,['Male'],0,0,3,4,4,Dry,Straight,Level,Lowest,No
26564,40,Oklahoma,400277,0,1,1,0,2,NOT APPLICABLE,July,18,Tuesday,23,43,Rural,Low Speed (Local),No,35.34723056,-94.51343889,Simple Junction,Dark - Unknown Lighting,Clear,Unknown,Unknown,Unknown EMS Scene Arrival Hour,Unknown EMS Scene Arrival Minutes,Unknown,Unknown EMS Hospital Arrival Time,1,Dark - Unlighted,Clear,1,1,['Front_Passenger'],['None_Used'],0,0,Valid,0.0,0.0,61.0,61.0,['Male'],0,0,5,4,2,Dry,Straight,Level,Lowest,No
26565,40,Oklahoma,400278,0,1,1,0,6,NOT APPLICABLE,July,19,Wednesday,5,25,Rural,Medium Speed (Collector),No,36.58568056,-95.84838889,Non-Intersection,Dawn,Clear,Unknown,Unknown,Unknown EMS Scene Arrival Hour,Unknown EMS Scene Arrival Minutes,Unknown,Unknown EMS Hospital Arrival Time,2,Twilight,Clear,2,4,"['Rear_Seat', 'Rear_Seat']","['None_Used', 'None_Used']",0,0,Valid,0.0,0.0,22.0,22.0,['Male'],6,0,3,4,3,Dry,Straight,Grade/Hillcrest,Lowest,No
26566,40,Oklahoma,400279,0,1,1,0,1,NOT APPLICABLE,July,20,Thursday,18,28,Rural,High Speed (Arterial),Yes,35.93706944,-95.18841944,Non-Intersection,Daylight,Clear,Unknown,Unknown if Notified,Unknown EMS Scene Arrival Hour,Unknown if Arrived,Not Applicable (Not Transported),Not Applicable (Not Transported),1,Daylight,Clear,1,0,['Driver'],['None_Used'],0,0,Valid,0.0,0.0,51.0,51.0,['Female'],1,0,2,4,3,Dry,Straight,Level,Medium,No
26567,40,Oklahoma,400280,0,1,1,0,2,NOT APPLICABLE,July,20,Thursday,23,19,Rural,Medium Speed (Collector),No,36.44298056,-96.0042,Non-Intersection,Dark - Not Lighted,Cloudy,Unknown,Unknown,Unknown EMS Scene Arrival Hour,Unknown EMS Scene Arrival Minutes,Unknown,Unknown EMS Hospital Arrival Time,1,Dark - Unlighted,Reduced Visibility,1,1,['Front_Passenger'],['Shoulder_Lapbelt'],1,1,Valid,0.0,0.0,17.0,17.0,['Male'],2,0,1,4,3,Dry,Curve,Level,Lowest,No
26568,40,Oklahoma,400281,1,1,1,0,1,OKLAHOMA CITY,May,1,Monday,20,49,Urban,Medium Speed (Collector),No,35.44328056,-97.58330556,Non-Intersection,Dark - Not Lighted,Clear,Unknown,Unknown,Unknown EMS Scene Arrival Hour,Unknown EMS Scene Arrival Minutes,Unknown,Unknown EMS Hospital Arrival Time,1,Dark - Unlighted,Clear,0,1,[],[],0,0,Valid,0.0,0.0,16.0,16.0,['Female'],0,0,2,3,4,Dry,Straight,Level,Lowest,No
26569,40,Oklahoma,400282,0,2,2,0,3,OKLAHOMA CITY,July,10,Monday,17,5,Urban,Medium Speed (Collector),No,35.59453611,-97.50025556,Non-Intersection,Daylight,Clear,Unknown,Unknown,Unknown EMS Scene Arrival Hour,Unknown EMS Scene Arrival Minutes,Unknown,Unknown EMS Hospital Arrival Time,1,Daylight,Clear,1,2,['Front_Passenger'],['Shoulder_Lapbelt'],0,0,Valid,0.0,0.0,88.0,30.0,"['Male', 'Male']",0,0,3,4,5,Dry,Straight,Non-Trafficway,Lowest,No
26570,40,Oklahoma,400283,0,2,2,0,2,OKLAHOMA CITY,July,26,Wednesday,23,48,Rural,Medium Speed (Collector),No,35.39171944,-97.79716944,Non-Intersection,Dark - Not Lighted,Clear,Unknown,Unknown,Unknown EMS Scene Arrival Hour,Unknown EMS Scene Arrival Minutes,Unknown,Unknown EMS Hospital Arrival Time,1,Dark - Unlighted,Clear,1,1,['Driver'],['Shoulder_Lapbelt'],0,0,Valid,0.0,0.0,20.0,19.0,"['Male', 'Male']",1,0,3,4,5,Dry,Straight,Grade/Hillcrest,Lowest,No
26571,40,Oklahoma,400284,0,3,3,0,4,OKLAHOMA CITY,July,28,Friday,12,18,Urban,Medium Speed (Collector),No,35.60876944,-97.63846111,Simple Junction,Daylight,Clear,Unknown,Unknown,Unknown EMS Scene Arrival Hour,Unknown EMS Scene Arrival Minutes,Unknown,Unknown EMS Hospital Arrival Time,1,Daylight,Clear,1,3,['Driver'],['Shoulder_Lapbelt'],0,0,Valid,0.0,2.0,78.0,31.0,"['Female', 'Male', 'Male']",0,0,3,4,5,Dry,Straight,Level,Lowest,No
26572,40,Oklahoma,400285,0,1,1,0,1,OKLAHOMA CITY,July,21,Friday,2,4,Urban,High Speed (Arterial),Yes,35.5655,-97.5137,Non-Intersection,Dark - Lighted,Cloudy,Unknown,Unknown if Notified,Unknown EMS Scene Arrival Hour,Unknown if Arrived,Not Applicable (Not Transported),Not Applicable (Not Transported),1,Dark - Lighted,Reduced Visibility,1,0,['Driver'],['None_Used'],1,1,Invalid,0.0,0.0,45.0,45.0,['Female'],1,0,2,4,3,Dry,Straight,Level,Lowest,No
26573,40,Oklahoma,400286,0,2,2,0,2,TULSA,July,21,Friday,15,25,Urban,Medium Speed (Collector),No,36.1607,-95.8777,Complex/Circle,Daylight,Cloudy,Unknown,Unknown if Notified,Unknown EMS Scene Arrival Hour,Unknown if Arrived,Not Applicable (Not Transported),Not Applicable (Not Transported),1,Daylight,Reduced Visibility,1,1,['Driver'],['None_Used'],0,0,Invalid,0.0,2.0,54.0,32.0,"['Male', 'Male']",1,0,5,4,5,Dry,Straight,Level,Lowest,No
26574,40,Oklahoma,400287,0,3,3,0,7,BARTLESVILLE,July,22,Saturday,7,37,Urban,High Speed (Arterial),Yes,36.72802778,-95.92147778,Non-Intersection,Daylight,Clear,Unknown,Unknown,Unknown EMS Scene Arrival Hour,Unknown EMS Scene Arrival Minutes,Unknown,Unknown EMS Hospital Arrival Time,1,Daylight,Clear,1,6,['Driver'],['Shoulder_Lapbelt'],0,0,Valid,0.0,3.0,50.0,22.0,"['Male', 'Female', 'Male']",0,0,3,4,5,Dry,Straight,Level,Medium,No
26575,40,Oklahoma,400288,0,2,2,0,2,NOT APPLICABLE,July,22,Saturday,21,40,Rural,High Speed (Arterial),No,35.26041111,-94.79383889,Non-Intersection,Dark - Not Lighted,Clear,Unknown,Unknown,Unknown EMS Scene Arrival Hour,Unknown EMS Scene Arrival Minutes,Unknown,Unknown EMS Hospital Arrival Time,1,Dark - Unlighted,Clear,1,1,['Driver'],['None_Used'],0,0,Valid,0.0,0.0,20.0,17.0,"['Male', 'Female']",0,0,3,4,5,Dry,Straight,Level,Lowest,No
26576,40,Oklahoma,400289,0,2,2,0,5,OKLAHOMA CITY,July,22,Saturday,22,14,Urban,Low Speed (Local),No,35.42468611,-97.55316111,Non-Intersection,Dark - Lighted,Cloudy,Unknown,Unknown,Unknown EMS Scene Arrival Hour,Unknown EMS Scene Arrival Minutes,Unknown,Unknown EMS Hospital Arrival Time,1,Dark - Lighted,Reduced Visibility,1,2,['Driver'],['Shoulder_Lapbelt'],1,1,Valid,0.0,0.0,34.0,32.0,"['Male', 'Female']",2,0,3,4,5,Dry,Straight,Level,Lowest,No
26577,40,Oklahoma,400290,0,2,2,0,2,TULSA,July,23,Sunday,15,0,Urban,Medium Speed (Collector),No,36.12141111,-95.9757,Non-Intersection,Daylight,Clear,Unknown,Unknown,Unknown EMS Scene Arrival Hour,Unknown EMS Scene Arrival Minutes,Unknown,Unknown EMS Hospital Arrival Time,1,Daylight,Clear,1,1,['Driver'],['Shoulder_Lapbelt'],1,1,Invalid,0.0,0.0,73.0,24.0,"['Male', 'Male']",0,0,3,4,5,Dry,Straight,Level,Lowest,No
26578,40,Oklahoma,400291,0,2,2,0,2,TULSA,May,12,Friday,22,50,Urban,High Speed (Arterial),No,36.0463,-95.8521,Non-Intersection,Dark - Not Lighted,Cloudy,Unknown,Unknown,Unknown EMS Scene Arrival Hour,Unknown EMS Scene Arrival Minutes,Unknown,Unknown EMS Hospital Arrival Time,1,Dark - Unlighted,Reduced Visibility,1,1,['Driver'],['Shoulder_Lapbelt'],0,0,Valid,0.0,0.0,48.0,31.0,"['Male', 'Female']",1,0,3,4,5,Dry,Straight,Level,Lowest,No