,State_Code,State_Name,Crash_ID,Count_Non_Motorists,Count_Vehicles_Total,Count_Vehicle_Forms,Count_PVH_Involved,Count_Occupants_MV,City_Name,Month_Name,Day_of_Month,Day_of_Week,Crash_Hour,Crash_Minute,Area_Rural_Urban,Road_Functional_Class,On_NHS_Road,Latitude,Longitude,Intersection_Type,Light_Condition,Weather_Condition,Notif_Hour,Notif_Minute,Arrival_Hour,Arrival_Minute,Hospital_Hour,Hospital_Minute,Fatalities_Count,Clean_Light_Condition,Clean_Weather_Condition,Total_Killed,Total_Alive,Fatal_Seats_List,Killed_Restraint_List,Any_Driver_Drinking,Total_Drinking_Drivers,Driver_License_Category,Driver_Max_Prev_Accident_Count,Driver_Max_Prev_Speeding_Count,Max_Driver_Age,Min_Driver_Age,Driver_Sex_List,Total_Exceeding_Limit_Vehicles,Total_Too_Fast_Vehicles,Max_Vehicle_Type_Severity_5,Max_Vehicle_Damage_Rank,Max_Harmful_Event_Severity,Crash_Road_Surface_Condition,Crash_Horizontal_Alignment,Crash_Vertical_Profile,Crash_Impairment_Category,Crash_Vehicle_Defect
26579,40,Oklahoma,400292,0,2,2,0,3,NOT APPLICABLE,July,15,Saturday,18,54,Rural,Low Speed (Local),No,36.92298889,-95.86298056,Non-Intersection,Daylight,Clear,Unknown,Unknown,Unknown EMS Scene Arrival Hour,Unknown EMS Scene Arrival Minutes,Unknown,Unknown EMS Hospital Arrival Time,1,Daylight,Clear,1,2,['Front_Passenger'],['None_Used'],1,1,Valid,0.0,0.0,57.0,42.0,"['Male', 'Male']",0,0,5,4,5,Dry,Straight,Grade/Hillcrest,Lowest,No
26580,40,Oklahoma,400293,0,2,2,0,2,WAGONER,July,8,Saturday,6,24,Urban,High Speed (Arterial),Yes,35.96955833,-95.38833611,Non-Intersection,Dawn,Rain,Unknown,Unknown,Unknown EMS Scene Arrival Hour,Unknown EMS Scene Arrival Minutes,Unknown,Unknown EMS Hospital Arrival Time,1,Twilight,Rain/Wind/Minor,1,1,['Driver'],['Shoulder_Lapbelt'],0,0,Valid,0.0,1.0,33.0,26.0,"['Female', 'Male']",1,0,3,4,5,Wet/Standing Water,Straight,Grade/Hillcrest,Lowest,Yes
26581,40,Oklahoma,400294,0,2,2,0,4,NOT APPLICABLE,July,26,Wednesday,12,56,Rural,Medium Speed (Collector),No,35.2219,-96.92536111,Non-Intersection,Daylight,Clear,Unknown,Unknown,Unknown EMS Scene Arrival Hour,Unknown EMS Scene Arrival Minutes,Unknown,Unknown EMS Hospital Arrival Time,1,Daylight,Clear,1,3,['Driver'],['Shoulder_Lapbelt'],0,0,Valid,0.0,0.0,69.0,64.0,"['Male', 'Male']",0,0,4,4,5,Dry,Straight,Grade/Hillcrest,Medium,No
26582,40,Oklahoma,400295,0,1,1,0,3,NOT APPLICABLE,July,29,Saturday,1,21,Rural,Medium Speed (Collector),No,35.84046944,-96.68098056,Non-Intersection,Dark - Not Lighted,Clear,Unknown,Unknown,Unknown EMS Scene Arrival Hour,Unknown EMS Scene Arrival Minutes,Unknown,Unknown EMS Hospital Arrival Time,1,Dark - Unlighted,Clear,1,2,['Front_Passenger'],['None_Used'],1,1,Valid,0.0,0.0,31.0,31.0,['Female'],3,0,2,4,2,Dry,Straight,Grade/Hillcrest,Lowest,No
26583,40,Oklahoma,400296,0,1,1,0,1,NOT APPLICABLE,July,29,Saturday,2,25,Urban,Low Speed (Local),No,35.80238056,-95.19831111,Non-Intersection,Dark - Not Lighted,Clear,Unknown,Unknown if Notified,Unknown EMS Scene Arrival Hour,Unknown if Arrived,Not Applicable (Not Transported),Not Applicable (Not Transported),1,Dark - Unlighted,Clear,1,0,['Driver'],['None_Used'],1,1,Valid,0.0,0.0,47.0,47.0,['Male'],0,0,3,4,3,Dry,Straight,Level,Lowest,No
26584,40,Oklahoma,400297,0,2,2,0,2,TULSA,July,30,Sunday,2,51,Urban,Medium Speed (Collector),No,36.01733056,-95.89493056,Non-Intersection,Dark - Not Lighted,Clear,Unknown,Unknown,Unknown EMS Scene Arrival Hour,Unknown EMS Scene Arrival Minutes,Unknown,Unknown EMS Hospital Arrival Time,1,Dark - Unlighted,Clear,1,1,['Driver'],['None_Used'],1,1,Valid,0.0,1.0,68.0,34.0,"['Male', 'Female']",1,0,3,4,5,Dry,Straight,Grade/Hillcrest,Lowest,No
26585,40,Oklahoma,400298,0,2,2,0,2,NOT APPLICABLE,July,31,Monday,17,20,Rural,High Speed (Arterial),Yes,36.61616111,-100.16345,Simple Junction,Daylight,Clear,Unknown,Unknown if Notified,Unknown EMS Scene Arrival Hour,Unknown if Arrived,Not Applicable (Not Transported),Not Applicable (Not Transported),1,Daylight,Clear,1,1,['Driver'],['Shoulder_Lapbelt'],0,0,Valid,0.0,1.0,73.0,18.0,"['Female', 'Male']",0,0,2,4,5,Dry,Straight,Level,Lowest,No
26586,40,Oklahoma,400299,0,1,1,0,1,NOT APPLICABLE,July,31,Monday,18,43,Rural,Low Speed (Local),No,35.87481944,-96.84145,Non-Intersection,Daylight,Clear,Unknown,Unknown,Unknown EMS Scene Arrival Hour,Unknown EMS Scene Arrival Minutes,Unknown,Unknown EMS Hospital Arrival Time,1,Daylight,Clear,1,0,['Driver'],['None_Used'],0,0,Invalid,0.0,0.0,19.0,19.0,['Male'],1,0,2,4,3,Dry,Straight,Level,Lowest,No
26587,40,Oklahoma,400300,0,2,2,0,2,NOT APPLICABLE,August,1,Tuesday,20,24,Rural,Medium Speed (Collector),No,36.04671111,-96.16328056,Non-Intersection,Dusk,Clear,Unknown,Unknown,Unknown EMS Scene Arrival Hour,Unknown EMS Scene Arrival Minutes,Unknown,Unknown EMS Hospital Arrival Time,1,Twilight,Clear,1,1,['Driver'],['None_Used'],0,0,Valid,0.0,0.0,58.0,30.0,"['Male', 'Male']",1,0,5,4,5,Dry,Straight,Grade/Hillcrest,Lowest,No
26588,40,Oklahoma,400301,0,1,1,0,2,OKLAHOMA CITY,August,1,Tuesday,6,46,Urban,High Speed (Arterial),Yes,35.49646944,-97.7083,Non-Intersection,Daylight,Clear,Unknown,Unknown,Unknown EMS Scene Arrival Hour,Unknown EMS Scene Arrival Minutes,Unknown,Unknown EMS Hospital Arrival Time,1,Daylight,Clear,1,1,['Driver'],['Shoulder_Only'],0,0,Valid,0.0,0.0,76.0,76.0,['Female'],0,0,2,4,3,Dry,Curve,Level,Medium,No
26589,40,Oklahoma,400302,0,2,2,0,3,NOT APPLICABLE,August,2,Wednesday,16,47,Rural,Medium Speed (Collector),No,36.6164,-100.63075,Complex/Circle,Daylight,Clear,Unknown,Unknown if Notified,Unknown EMS Scene Arrival Hour,Unknown if Arrived,Not Applicable (Not Transported),Not Applicable (Not Transported),1,Daylight,Clear,1,2,['Driver'],['None_Used'],0,0,Valid,0.0,0.0,53.0,25.0,"['Male', 'Male']",0,0,5,4,5,Dry,Straight,Level,Lowest,No
26590,40,Oklahoma,400303,0,1,1,0,7,NOT APPLICABLE,August,3,Thursday,18,8,Rural,High Speed (Arterial),Yes,34.91048889,-97.35421111,Non-Intersection,Daylight,Clear,6:00pm-6:59pm,8,6:00pm-6:59pm,21,Unknown,Unknown EMS Hospital Arrival Time,1,Daylight,Clear,1,6,['Front_Passenger'],['None_Used'],0,0,Valid,0.0,0.0,64.0,64.0,['Male'],0,0,3,4,3,Dry,Straight,Level,Lowest,Yes
26591,40,Oklahoma,400304,0,2,2,0,2,NOT APPLICABLE,August,4,Friday,0,4,Urban,High Speed (Arterial),Yes,35.97383889,-95.59983889,Non-Intersection,Dark - Not Lighted,Clear,Unknown,Unknown if Notified,Unknown EMS Scene Arrival Hour,Unknown if Arrived,Not Applicable (Not Transported),Not Applicable (Not Transported),1,Dark - Unlighted,Clear,1,1,['Driver'],['Shoulder_Lapbelt'],1,1,Valid,0.0,0.0,54.0,26.0,"['Female', 'Male']",0,0,4,4,5,Dry,Curve,Level,Lowest,No
26592,40,Oklahoma,400305,3,4,1,3,1,NOT APPLICABLE,August,4,Friday,1,0,Urban,High Speed (Arterial),Yes,36.63006944,-95.13681944,Non-Intersection,Dark - Lighted,Clear,0:00am-0:59am,58,1:00am-1:59am,16,2:00am-2:59am,9,1,Dark - Lighted,Clear,1,0,['Driver'],['Shoulder_Lapbelt'],0,0,Valid,0.0,0.0,31.0,31.0,['Male'],0,0,4,4,5,Dry,Straight,Level,Lowest,No
26593,40,Oklahoma,400306,0,1,1,0,3,NOT APPLICABLE,August,4,Friday,2,52,Rural,Medium Speed (Collector),No,34.71155,-96.5826,Non-Intersection,Dark - Not Lighted,Clear,2:00am-2:59am,52,3:00am-3:59am,10,3:00am-3:59am,48,1,Dark - Unlighted,Clear,1,2,['Front_Passenger'],['None_Used'],1,1,Invalid,0.0,0.0,14.0,14.0,['Female'],3,0,3,4,3,Dry,Straight,Level,Lowest,No
26594,40,Oklahoma,400307,0,2,2,0,2,GUTHRIE,August,4,Friday,13,24,Urban,High Speed (Arterial),No,35.83864722,-97.42546667,Non-Intersection,Daylight,Clear,12:00pm-12:59pm,50,12:00pm-12:59pm,54,1:00pm-1:59pm,19,1,Daylight,Clear,1,1,['Driver'],['None_Used'],0,0,Valid,0.0,0.0,34.0,30.0,"['Female', 'Male']",0,0,3,4,5,Dry,Straight,Non-Trafficway,Lowest,No
26595,40,Oklahoma,400308,1,1,1,0,2,OKLAHOMA CITY,July,25,Tuesday,21,58,Urban,Medium Speed (Collector),No,35.4789,-97.6393,Non-Intersection,Dark - Not Lighted,Cloudy,Unknown,Unknown if Notified,Unknown EMS Scene Arrival Hour,Unknown if Arrived,Not Applicable (Not Transported),Not Applicable (Not Transported),1,Dark - Unlighted,Reduced Visibility,0,2,[],[],0,0,Valid,0.0,0.0,76.0,76.0,['Male'],0,0,3,3,4,Dry,Straight,Level,Lowest,No
26596,40,Oklahoma,400309,0,4,4,0,6,NOT APPLICABLE,July,27,Thursday,16,55,Rural,High Speed (Arterial),Yes,34.62778889,-96.4648,Non-Intersection,Daylight,Clear,Unknown,Unknown,Unknown EMS Scene Arrival Hour,Unknown EMS Scene Arrival Minutes,Unknown,Unknown EMS Hospital Arrival Time,1,Daylight,Clear,1,5,['Rear_Seat'],['None_Used'],0,0,Valid,0.0,2.0,62.0,36.0,"['Female', 'Male', 'Female', 'Male']",0,0,3,4,5,Dry,Straight,Level,Lowest,No
26597,40,Oklahoma,400310,1,1,1,0,1,OKLAHOMA CITY,August,2,Wednesday,0,33,Urban,High Speed (Arterial),No,35.4351,-97.5107,Non-Intersection,Dark - Lighted,Clear,Unknown,Unknown if Notified,Unknown EMS Scene Arrival Hour,Unknown if Arrived,Not Applicable (Not Transported),Not Applicable (Not Transported),1,Dark - Lighted,Clear,0,1,[],[],0,0,Valid,0.0,0.0,21.0,21.0,['Male'],1,0,2,4,4,Dry,Straight,Level,Lowest,No
26598,40,Oklahoma,400311,1,1,1,0,2,OKLAHOMA CITY,August,3,Thursday,2,27,Urban,High Speed (Arterial),No,35.4098,-97.5655,Complex/Circle,Dark - Lighted,Cloudy,2:00am-2:59am,27,2:00am-2:59am,32,3:00am-3:59am,1,1,Dark - Lighted,Reduced Visibility,0,2,[],[],1,1,Valid,0.0,2.0,25.0,25.0,['Male'],2,0,3,3,4,Dry,Straight,Level,Lowest,No
26599,40,Oklahoma,400312,1,1,1,0,1,OKLAHOMA CITY,August,3,Thursday,5,47,Urban,Medium Speed (Collector),No,35.3913,-97.4412,Non-Intersection,Dark - Not Lighted,Cloudy,5:00am-5:59am,48,5:00am-5:59am,56,6:00am-6:59am,16,1,Dark - Unlighted,Reduced Visibility,0,1,[],[],0,0,Valid,0.0,0.0,51.0,51.0,['Male'],0,0,5,3,4,Dry,Straight,Grade/Hillcrest,Lowest,No
26600,40,Oklahoma,400313,0,1,1,0,2,OKLAHOMA CITY,August,3,Thursday,21,23,Urban,High Speed (Arterial),Yes,35.3175,-97.5966,Non-Intersection,Dark - Not Lighted,Cloudy,9:00pm-9:59pm,21,9:00pm-9:59pm,33,10:00pm-10:59pm,9,1,Dark - Unlighted,Reduced Visibility,1,1,['Driver'],['Shoulder_Lapbelt'],0,0,Invalid,0.0,0.0,25.0,25.0,['Male'],0,0,3,4,2,Dry,Straight,Level,Lowest,No
26601,40,Oklahoma,400314,1,1,1,0,1,OKLAHOMA CITY,August,5,Saturday,6,38,Urban,High Speed (Arterial),No,35.4062,-97.5345,Non-Intersection,Dark - Not Lighted,Cloudy,Unknown,Unknown,Unknown EMS Scene Arrival Hour,Unknown EMS Scene Arrival Minutes,Unknown,Unknown EMS Hospital Arrival Time,1,Dark - Unlighted,Reduced Visibility,0,0,[],[],0,0,Invalid,0.0,0.0,999.0,999.0,['Other'],0,0,3,0,4,Dry,Straight,Level,Lowest,No
26602,40,Oklahoma,400315,0,3,1,2,1,ADA,August,5,Saturday,7,42,Urban,Medium Speed (Collector),No,34.79384167,-96.67853889,Non-Intersection,Daylight,Clear,Unknown,Unknown if Notified,Unknown EMS Scene Arrival Hour,Unknown if Arrived,Not Applicable (Not Transported),Not Applicable (Not Transported),1,Daylight,Clear,1,0,['Driver'],['None_Used'],0,0,Valid,0.0,0.0,44.0,44.0,['Male'],1,0,5,4,3,Dry,Straight,Level,Lowest,No
26603,40,Oklahoma,400316,0,1,1,0,3,NOT APPLICABLE,August,5,Saturday,11,8,Rural,High Speed (Arterial),Yes,36.06531944,-95.36508889,Non-Intersection,Daylight,Rain,6:00pm-6:59pm,6,6:00pm-6:59pm,44,7:00pm-7:59pm,30,1,Daylight,Rain/Wind/Minor,1,2,['Rear_Seat'],['Shoulder_Lapbelt'],0,0,Valid,0.0,0.0,58.0,58.0,['Male'],0,0,3,4,3,Wet/Standing Water,Straight,Level,Lowest,No
26604,40,Oklahoma,400317,1,1,1,0,2,YUKON,August,5,Saturday,11,49,Rural,Low Speed (Local),No,35.48093889,-97.76074167,Non-Intersection,Daylight,Clear,11:00am-11:59am,53,11:00am-11:59am,57,12:00pm-12:59pm,29,1,Daylight,Clear,0,2,[],[],0,0,Valid,0.0,0.0,61.0,61.0,['Female'],0,0,3,1,4,Dry,Straight,Non-Trafficway,Lowest,No
26605,40,Oklahoma,400318,0,2,2,0,3,NOT APPLICABLE,August,5,Saturday,18,19,Rural,Medium Speed (Collector),No,36.59808056,-94.63561667,Non-Intersection,Daylight,Clear,9:00pm-9:59pm,12,9:00pm-9:59pm,44,10:00pm-10:59pm,51,1,Daylight,Clear,1,2,['Driver'],['Shoulder_Lapbelt'],1,1,Invalid,0.0,0.0,67.0,33.0,"['Male', 'Male']",1,0,3,4,5,Dry,Straight,Level,Lowest,No
26606,40,Oklahoma,400319,0,2,2,0,4,NOT APPLICABLE,August,5,Saturday,20,40,Rural,High Speed (Arterial),Yes,36.67485,-101.43871111,Complex/Circle,Dark - Not Lighted,Cloudy,2:00am-2:59am,15,2:00am-2:59am,28,Unknown,Unknown EMS Hospital Arrival Time,2,Dark - Unlighted,Reduced Visibility,2,2,"['Driver', 'Rear_Seat']","['Shoulder_Lapbelt', 'None_Used']",0,0,Invalid,0.0,0.0,52.0,49.0,"['Male', 'Male']",0,0,3,4,5,Dry,Straight,Level,Lowest,No
26607,40,Oklahoma,400320,0,1,1,0,2,NOT APPLICABLE,August,6,Sunday,17,40,Rural,Low Speed (Local),No,36.02806944,-96.90936944,Simple Junction,Daylight,Clear,8:00pm-8:59pm,0,8:00pm-8:59pm,40,10:00pm-10:59pm,10,1,Daylight,Clear,1,1,['Front_Passenger'],['None_Used'],1,1,Valid,0.0,0.0,66.0,66.0,['Male'],0,0,5,4,3,Dry,Straight,Grade/Hillcrest,Lowest,No
26608,40,Oklahoma,400322,1,1,1,0,1,OKLAHOMA CITY,August,8,Tuesday,12,2,Urban,High Speed (Arterial),Yes,35.5224,-97.5768,Non-Intersection,Daylight,Cloudy,12:00pm-12:59pm,3,12:00pm-12:59pm,6,12:00pm-12:59pm,26,1,Daylight,Reduced Visibility,0,1,[],[],0,0,Valid,0.0,0.0,28.0,28.0,['Male'],0,0,4,1,4,Dry,Straight,Level,Lowest,No
26609,40,Oklahoma,400323,1,1,1,0,3,TULSA,August,8,Tuesday,17,8,Urban,High Speed (Arterial),No,36.13321944,-95.95293889,Non-Intersection,Daylight,Clear,4:00pm-4:59pm,55,5:00pm-5:59pm,2,5:00pm-5:59pm,10,1,Daylight,Clear,0,3,[],[],0,0,Invalid,0.0,0.0,24.0,24.0,['Male'],0,0,3,1,4,Dry,Straight,Level,Lowest,No
26610,40,Oklahoma,400324,1,1,1,0,1,NOT APPLICABLE,August,9,Wednesday,5,10,Rural,Medium Speed (Collector),No,35.43481944,-96.19101111,Non-Intersection,Dark - Not Lighted,Cloudy,Unknown,Unknown if Notified,Unknown EMS Scene Arrival Hour,Unknown if Arrived,Not Applicable (Not Transported),Not Applicable (Not Transported),1,Dark - Unlighted,Reduced Visibility,0,1,[],[],0,0,Valid,0.0,0.0,63.0,63.0,['Male'],0,0,3,1,4,Dry,Straight,Grade/Hillcrest,Lowest,No
26611,40,Oklahoma,400325,0,1,1,0,1,NOT APPLICABLE,August,12,Saturday,15,56,Rural,Medium Speed (Collector),No,35.63413889,-94.96298889,Non-Intersection,Daylight,Cloudy,Unknown,Unknown if Notified,Unknown EMS Scene Arrival Hour,Unknown if Arrived,Not Applicable (Not Transported),Not Applicable (Not Transported),1,Daylight,Reduced Visibility,1,0,['Driver'],['None_Used'],0,0,Valid,1.0,0.0,63.0,63.0,['Male'],0,0,3,4,3,Dry,Straight,Grade/Hillcrest,Lowest,No
26612,40,Oklahoma,400326,0,3,3,0,4,NOT APPLICABLE,August,12,Saturday,22,15,Rural,Medium Speed (Collector),No,36.36385,-95.57485,Non-Intersection,Dark - Not Lighted,Cloudy,Unknown,Unknown,Unknown EMS Scene Arrival Hour,Unknown EMS Scene Arrival Minutes,Unknown,Unknown EMS Hospital Arrival Time,1,Dark - Unlighted,Reduced Visibility,1,3,['Driver'],['Shoulder_Lapbelt'],1,1,Valid,0.0,0.0,67.0,38.0,"['Female', 'Female', 'Male']",0,0,3,4,5,Dry,Curve,Level,Lowest,No
26613,40,Oklahoma,400327,0,1,1,0,1,OKLAHOMA CITY,August,13,Sunday,7,30,Urban,High Speed (Arterial),Yes,35.60441944,-97.42648056,Non-Intersection,Daylight,Cloudy,Unknown,Unknown if Notified,Unknown EMS Scene Arrival Hour,Unknown if Arrived,Not Applicable (Not Transported),Not Applicable (Not Transported),1,Daylight,Reduced Visibility,1,0,['Driver'],['Shoulder_Lapbelt'],0,0,Valid,0.0,0.0,65.0,65.0,['Male'],0,0,3,4,3,Dry,Straight,Level,Lowest,No
26614,40,Oklahoma,400328,0,1,1,0,1,NOT APPLICABLE,August,13,Sunday,22,34,Rural,Low Speed (Local),No,34.05555,-95.31963056,Non-Intersection,Dark - Not Lighted,Clear,Unknown,Unknown if Notified,Unknown EMS Scene Arrival Hour,Unknown if Arrived,Not Applicable (Not Transported),Not Applicable (Not Transported),1,Dark - Unlighted,Clear,1,0,['Driver'],['None_Used'],1,1,Valid,0.0,0.0,45.0,45.0,['Male'],0,0,3,4,3,Dry,Straight,Level,Lowest,No
26615,40,Oklahoma,400329,1,1,1,0,1,NOT APPLICABLE,August,14,Monday,3,54,Rural,Medium Speed (Collector),No,35.91236944,-97.33228889,Non-Intersection,Dark - Not Lighted,Clear,Unknown,Unknown if Notified,Unknown EMS Scene Arrival Hour,Unknown if Arrived,Not Applicable (Not Transported),Not Applicable (Not Transported),1,Dark - Unlighted,Clear,0,1,[],[],0,0,Valid,0.0,1.0,62.0,62.0,['Male'],0,0,2,3,4,Dry,Straight,Level,Lowest,No
26616,40,Oklahoma,400330,0,6,6,0,8,TULSA,August,14,Monday,15,42,Urban,High Speed (Arterial),Yes,36.1551,-95.86056111,Non-Intersection,Daylight,Clear,Unknown,Unknown if Notified,Unknown EMS Scene Arrival Hour,Unknown if Arrived,Not Applicable (Not Transported),Not Applicable (Not Transported),3,Daylight,Clear,3,5,"['Driver', 'Front_Passenger', 'Rear_Seat']","['Shoulder_Lapbelt', 'Shoulder_Lapbelt', 'Shoulder_Lapbelt']",0,0,Valid,0.0,0.0,60.0,21.0,"['Male', 'Male', 'Female', 'Male', 'Male', 'Male']",0,0,4,4,5,Dry,Straight,Grade/Hillcrest,Lowest,No
26617,40,Oklahoma,400331,1,1,1,0,1,NOT APPLICABLE,August,14,Monday,22,10,Rural,High Speed (Arterial),Yes,34.59421111,-98.21806111,Non-Intersection,Dark - Not Lighted,Clear,Unknown,Unknown,Unknown EMS Scene Arrival Hour,Unknown EMS Scene Arrival Minutes,Unknown,Unknown EMS Hospital Arrival Time,1,Dark - Unlighted,Clear,0,1,[],[],0,0,Valid,0.0,0.0,58.0,58.0,['Male'],0,0,4,1,4,Dry,Straight,Grade/Hillcrest,Lowest,No
26618,40,Oklahoma,400332,0,2,2,0,4,NOT APPLICABLE,August,15,Tuesday,6,2,Rural,High Speed (Arterial),Yes,35.52246944,-98.81585,Non-Intersection,Dark - Not Lighted,Clear,Unknown,Unknown if Notified,Unknown EMS Scene Arrival Hour,Unknown if Arrived,Not Applicable (Not Transported),Not Applicable (Not Transported),1,Dark - Unlighted,Clear,1,3,['Driver'],['None_Used'],0,0,Valid,0.0,2.0,47.0,34.0,"['Male', 'Male']",0,0,5,4,5,Dry,Straight,Grade/Hillcrest,Lowest,No
26619,40,Oklahoma,400333,0,1,1,0,1,NOT APPLICABLE,August,15,Tuesday,99,99,Rural,Medium Speed (Collector),No,36.43775,-95.46755,Non-Intersection,Dark - Not Lighted,Clear,Unknown,Unknown if Notified,Unknown EMS Scene Arrival Hour,Unknown if Arrived,Not Applicable (Not Transported),Not Applicable (Not Transported),1,Dark - Unlighted,Clear,1,0,['Driver'],['None_Used'],0,0,Valid,0.0,0.0,34.0,34.0,['Male'],0,0,2,4,3,Dry,Straight,Level,Lowest,No
26620,40,Oklahoma,400334,0,2,2,0,3,NOT APPLICABLE,August,17,Thursday,10,10,Rural,Medium Speed (Collector),No,36.43773889,-95.47153056,Complex/Circle,Daylight,Clear,Unknown,Unknown,Unknown EMS Scene Arrival Hour,Unknown EMS Scene Arrival Minutes,Unknown,Unknown EMS Hospital Arrival Time,2,Daylight,Clear,2,1,"['Driver', 'Front_Passenger']","['None_Used', 'None_Used']",0,0,Valid,0.0,0.0,78.0,52.0,"['Female', 'Male']",3,0,3,4,5,Dry,Straight,Grade/Hillcrest,Lowest,No
26621,40,Oklahoma,400335,1,7,7,0,7,NOT APPLICABLE,August,16,Wednesday,7,56,Rural,High Speed (Arterial),Yes,35.38445,-97.15181944,Non-Intersection,Daylight,Clear,Unknown,Unknown if Notified,Unknown EMS Scene Arrival Hour,Unknown if Arrived,Not Applicable (Not Transported),Not Applicable (Not Transported),1,Daylight,Clear,0,7,[],[],0,0,Valid,1.0,0.0,999.0,33.0,"['Male', 'Other', 'Other', 'Male', 'Other', 'Other', 'Other']",0,0,4,2,4,Dry,Straight,Grade/Hillcrest,Lowest,No
26622,40,Oklahoma,400336,0,5,5,0,7,COWETA,August,17,Thursday,13,10,Urban,High Speed (Arterial),Yes,36.01711944,-95.70336667,Non-Intersection,Daylight,Clear,Unknown,Unknown,Unknown EMS Scene Arrival Hour,Unknown EMS Scene Arrival Minutes,Unknown,Unknown EMS Hospital Arrival Time,1,Daylight,Clear,1,6,['Driver'],['Shoulder_Lapbelt'],0,0,Valid,0.0,1.0,70.0,27.0,"['Male', 'Female', 'Male', 'Female', 'Male']",0,0,3,4,5,Dry,Straight,Level,Lowest,No
26623,40,Oklahoma,400337,0,2,2,0,2,NOT APPLICABLE,August,18,Friday,9,11,Rural,Medium Speed (Collector),No,36.7644,-96.88655,Non-Intersection,Daylight,Clear,Not Applicable (Not Notified),Not Applicable (Not Notified),Not Applicable,Not Applicable,Not Applicable (Not Transported),Not Applicable (Not Transported),1,Daylight,Clear,1,1,['Driver'],['None_Used'],0,0,Valid,0.0,2.0,60.0,54.0,"['Male', 'Male']",1,0,5,4,5,Dry,Curve,Grade/Hillcrest,Lowest,No
26624,40,Oklahoma,400338,0,2,2,0,1,OKLAHOMA CITY,August,19,Saturday,3,55,Rural,High Speed (Arterial),Yes,35.49211944,-97.579,Non-Intersection,Dark - Lighted,Clear,Unknown,Unknown,Unknown EMS Scene Arrival Hour,Unknown EMS Scene Arrival Minutes,Unknown,Unknown EMS Hospital Arrival Time,1,Dark - Lighted,Clear,1,0,['Driver'],['None_Used'],0,0,Valid,0.0,0.0,60.0,60.0,['Male'],0,0,3,4,5,Dry,Straight,Level,Lowest,Yes
26625,40,Oklahoma,400339,0,1,1,0,1,NOT APPLICABLE,August,19,Saturday,18,4,Rural,Medium Speed (Collector),No,36.2861,-95.0965,Non-Intersection,Daylight,Clear,Unknown,Unknown if Notified,Unknown EMS Scene Arrival Hour,Unknown if Arrived,Not Applicable (Not Transported),Not Applicable (Not Transported),1,Daylight,Clear,1,0,['Driver'],['None_Used'],1,1,Valid,0.0,0.0,27.0,27.0,['Male'],0,0,1,4,3,Dry,Straight,Grade/Hillcrest,Lowest,No
26626,40,Oklahoma,400340,1,1,1,0,1,OKLAHOMA CITY,August,15,Tuesday,7,6,Urban,Medium Speed (Collector),No,35.3911,-97.5497,Non-Intersection,Daylight,Clear,Unknown,Unknown,Unknown EMS Scene Arrival Hour,Unknown EMS Scene Arrival Minutes,Unknown,Unknown EMS Hospital Arrival Time,1,Daylight,Clear,0,1,[],[],0,0,Valid,0.0,0.0,64.0,64.0,['Female'],0,0,3,2,4,Dry,Straight,Level,Lowest,No
26627,40,Oklahoma,400341,0,2,2,0,2,NOT APPLICABLE,August,19,Saturday,19,17,Rural,Medium Speed (Collector),No,34.44906944,-97.96505,Complex/Circle,Daylight,Clear,Unknown,Unknown,Unknown EMS Scene Arrival Hour,Unknown EMS Scene Arrival Minutes,Unknown,Unknown EMS Hospital Arrival Time,1,Daylight,Clear,1,1,['Driver'],['None_Used'],1,1,Valid,0.0,1.0,35.0,21.0,"['Male', 'Male']",0,0,5,4,5,Dry,Straight,Level,Lowest,No
26628,40,Oklahoma,400342,0,2,2,0,5,NOT APPLICABLE,August,20,Sunday,18,59,Rural,Medium Speed (Collector),No,35.762,-94.83651111,Complex/Circle,Daylight,Clear,Unknown,Unknown,Unknown EMS Scene Arrival Hour,Unknown EMS Scene Arrival Minutes,Unknown,Unknown EMS Hospital Arrival Time,1,Daylight,Clear,1,4,['Front_Passenger'],['Shoulder_Lapbelt'],0,0,Valid,0.0,0.0,57.0,35.0,"['Female', 'Male']",0,0,3,4,5,Dry,Straight,Level,Lowest,No
26629,40,Oklahoma,400343,0,1,1,0,1,NOT APPLICABLE,August,20,Sunday,20,31,Rural,Medium Speed (Collector),No,35.7822,-96.71601111,Non-Intersection,Dark - Not Lighted,Clear,8:00pm-8:59pm,40,8:00pm-8:59pm,48,9:00pm-9:59pm,14,1,Dark - Unlighted,Clear,1,0,['Driver'],['Shoulder_Lapbelt'],0,0,Valid,0.0,0.0,15.0,15.0,['Female'],1,0,2,4,2,Dry,Straight,Grade/Hillcrest,Lowest,No
26630,40,Oklahoma,400344,1,1,1,0,1,NOT APPLICABLE,August,20,Sunday,23,23,Rural,High Speed (Arterial),Yes,33.98491111,-94.74501944,Non-Intersection,Dark - Not Lighted,Clear,0:00am-0:59am,27,0:00am-0:59am,37,0:00am-0:59am,59,1,Dark - Unlighted,Clear,0,1,[],[],1,1,Valid,0.0,3.0,21.0,21.0,['Male'],0,0,3,3,4,Dry,Curve,Grade/Hillcrest,Lowest,No
26631,40,Oklahoma,400345,0,2,2,0,3,NOT APPLICABLE,August,21,Monday,7,24,Rural,High Speed (Arterial),Yes,36.22031111,-96.38771944,Complex/Circle,Daylight,Clear,Unknown,Unknown,Unknown EMS Scene Arrival Hour,Unknown EMS Scene Arrival Minutes,Unknown,Unknown EMS Hospital Arrival Time,1,Daylight,Clear,1,2,['Driver'],['None_Used'],0,0,Valid,0.0,1.0,48.0,39.0,"['Male', 'Male']",0,0,3,4,5,Dry,Straight,Level,Lowest,No