,State_Code,State_Name,Crash_ID,Count_Non_Motorists,Count_Vehicles_Total,Count_Vehicle_Forms,Count_PVH_Involved,Count_Occupants_MV,City_Name,Month_Name,Day_of_Month,Day_of_Week,Crash_Hour,Crash_Minute,Area_Rural_Urban,Road_Functional_Class,On_NHS_Road,Latitude,Longitude,Intersection_Type,Light_Condition,Weather_Condition,Notif_Hour,Notif_Minute,Arrival_Hour,Arrival_Minute,Hospital_Hour,Hospital_Minute,Fatalities_Count,Clean_Light_Condition,Clean_Weather_Condition,Total_Killed,Total_Alive,Fatal_Seats_List,Killed_Restraint_List,Any_Driver_Drinking,Total_Drinking_Drivers,Driver_License_Category,Driver_Max_Prev_Accident_Count,Driver_Max_Prev_Speeding_Count,Max_Driver_Age,Min_Driver_Age,Driver_Sex_List,Total_Exceeding_Limit_Vehicles,Total_Too_Fast_Vehicles,Max_Vehicle_Type_Severity_5,Max_Vehicle_Damage_Rank,Max_Harmful_Event_Severity,Crash_Road_Surface_Condition,Crash_Horizontal_Alignment,Crash_Vertical_Profile,Crash_Impairment_Category,Crash_Vehicle_Defect
26632,40,Oklahoma,400346,0,2,2,0,2,NOT APPLICABLE,August,21,Monday,8,13,Rural,High Speed (Arterial),Yes,33.99906944,-96.22076111,Non-Intersection,Daylight,Clear,8:00am-8:59am,11,8:00am-8:59am,26,9:00am-9:59am,14,1,Daylight,Clear,1,1,['Driver'],['Shoulder_Lapbelt'],0,0,Valid,0.0,0.0,70.0,31.0,"['Male', 'Male']",0,0,3,4,5,Dry,Straight,Level,Lowest,No
26633,40,Oklahoma,400347,0,1,1,0,1,CLAYTON,August,22,Tuesday,20,46,Rural,Low Speed (Local),No,34.58325,-95.36811944,Non-Intersection,Dusk,Clear,Unknown,Unknown if Notified,Unknown EMS Scene Arrival Hour,Unknown if Arrived,Not Applicable (Not Transported),Not Applicable (Not Transported),1,Twilight,Clear,1,0,['Driver'],['None_Used'],0,0,Invalid,0.0,0.0,14.0,14.0,['Female'],0,0,5,2,3,Dry,Straight,Level,Lowest,No
26634,40,Oklahoma,400348,1,1,1,0,1,NORMAN,August,7,Monday,22,22,Urban,High Speed (Arterial),Yes,35.189575,-97.39531389,Simple Junction,Dark - Lighted,Clear,Unknown,Unknown,Unknown EMS Scene Arrival Hour,Unknown EMS Scene Arrival Minutes,Unknown,Unknown EMS Hospital Arrival Time,1,Dark - Lighted,Clear,0,1,[],[],0,0,Valid,0.0,2.0,25.0,25.0,['Male'],0,0,3,3,4,Dry,Straight,Level,Lowest,No
26635,40,Oklahoma,400349,0,2,2,0,2,NORMAN,August,10,Thursday,21,41,Urban,Medium Speed (Collector),No,35.23128333,-97.44106667,Simple Junction,Dark - Lighted,Clear,Unknown,Unknown,Unknown EMS Scene Arrival Hour,Unknown EMS Scene Arrival Minutes,Unknown,Unknown EMS Hospital Arrival Time,1,Dark - Lighted,Clear,1,1,['Driver'],['None_Used'],1,1,Valid,0.0,1.0,79.0,26.0,"['Male', 'Female']",1,0,5,4,5,Dry,Straight,Level,Lowest,No
26636,40,Oklahoma,400350,0,1,1,0,2,OKLAHOMA CITY,August,24,Thursday,5,26,Rural,High Speed (Arterial),Yes,35.41865,-97.33101111,Non-Intersection,Dark - Not Lighted,Clear,Unknown,Unknown,Unknown EMS Scene Arrival Hour,Unknown EMS Scene Arrival Minutes,Unknown,Unknown EMS Hospital Arrival Time,1,Dark - Unlighted,Clear,1,1,['Driver'],['Shoulder_Lapbelt'],0,0,Valid,0.0,0.0,26.0,26.0,['Male'],0,0,4,4,3,Dry,Straight,Level,Lowest,No
26637,40,Oklahoma,400351,0,1,1,0,3,NOT APPLICABLE,August,24,Thursday,23,32,Rural,High Speed (Arterial),Yes,35.74731111,-96.71608056,Non-Intersection,Dark - Lighted,Clear,6:00pm-6:59pm,41,6:00pm-6:59pm,51,7:00pm-7:59pm,27,1,Dark - Lighted,Clear,1,2,['Front_Passenger'],['Shoulder_Lapbelt'],0,0,Valid,0.0,0.0,45.0,45.0,['Male'],0,0,2,4,3,Dry,Straight,Level,Lowest,No
26638,40,Oklahoma,400352,0,5,5,0,7,NOT APPLICABLE,August,25,Friday,15,55,Rural,High Speed (Arterial),Yes,34.35598889,-97.14916944,Non-Intersection,Daylight,Clear,3:00pm-3:59pm,55,4:00pm-4:59pm,20,Unknown,Unknown EMS Hospital Arrival Time,3,Daylight,Clear,3,4,"['Driver', 'Driver', 'Front_Passenger']","['Shoulder_Lapbelt', 'Shoulder_Lapbelt', 'Shoulder_Lapbelt']",0,0,Valid,0.0,1.0,50.0,29.0,"['Male', 'Female', 'Male', 'Male', 'Male']",0,0,4,4,5,Dry,Straight,Level,Lowest,Yes
26639,40,Oklahoma,400353,0,1,1,0,2,NOT APPLICABLE,August,26,Saturday,4,55,Rural,Medium Speed (Collector),No,34.07108056,-97.42213889,Non-Intersection,Dark - Not Lighted,Clear,Unknown,Unknown if Notified,Unknown EMS Scene Arrival Hour,Unknown if Arrived,Not Applicable (Not Transported),Not Applicable (Not Transported),2,Dark - Unlighted,Clear,2,0,"['Driver', 'Front_Passenger']","['Shoulder_Lapbelt', 'Lapbelt_Only']",1,1,Valid,0.0,0.0,17.0,17.0,['Female'],2,0,2,4,3,Dry,Straight,Level,Medium,No
26640,40,Oklahoma,400354,0,2,2,0,4,OKLAHOMA CITY,August,26,Saturday,12,25,Urban,Medium Speed (Collector),No,35.53703333,-97.40556389,Complex/Circle,Daylight,Clear,12:00pm-12:59pm,25,12:00pm-12:59pm,46,1:00pm-1:59pm,5,2,Daylight,Clear,2,2,"['Driver', 'Rear_Seat']","['None_Used', 'None_Used']",0,0,Valid,0.0,0.0,66.0,57.0,"['Male', 'Male']",0,0,5,4,5,Dry,Straight,Grade/Hillcrest,Lowest,No
26641,40,Oklahoma,400355,0,2,2,0,2,OKLAHOMA CITY,August,26,Saturday,18,37,Urban,Medium Speed (Collector),No,35.4143,-97.5214,Non-Intersection,Dusk,Cloudy,Unknown,Unknown,Unknown EMS Scene Arrival Hour,Unknown EMS Scene Arrival Minutes,Unknown,Unknown EMS Hospital Arrival Time,1,Twilight,Reduced Visibility,1,1,['Driver'],['None_Used'],1,1,Invalid,0.0,1.0,66.0,31.0,"['Male', 'Male']",0,0,3,4,5,Dry,Straight,Level,Lowest,No
26642,40,Oklahoma,400356,2,1,1,0,1,OKLAHOMA CITY,August,27,Sunday,3,16,Urban,High Speed (Arterial),No,35.4642,-97.636,Non-Intersection,Dark - Not Lighted,Cloudy,Unknown,Unknown if Notified,Unknown EMS Scene Arrival Hour,Unknown if Arrived,Not Applicable (Not Transported),Not Applicable (Not Transported),2,Dark - Unlighted,Reduced Visibility,0,1,[],[],0,0,Invalid,0.0,1.0,25.0,25.0,['Male'],0,0,2,3,4,Dry,Straight,Level,Lowest,No
26643,40,Oklahoma,400357,0,4,4,0,4,NOT APPLICABLE,August,27,Sunday,5,34,Rural,High Speed (Arterial),Yes,36.78423056,-97.34581944,Non-Intersection,Dark - Not Lighted,Clear,5:00am-5:59am,37,5:00am-5:59am,51,6:00am-6:59am,52,1,Dark - Unlighted,Clear,1,3,['Driver'],['Shoulder_Lapbelt'],1,1,Valid,0.0,3.0,64.0,23.0,"['Male', 'Male', 'Male', 'Male']",0,0,3,4,5,Dry,Straight,Level,Lowest,No
26644,40,Oklahoma,400358,0,1,1,0,1,NOT APPLICABLE,August,28,Monday,1,27,Rural,High Speed (Arterial),Yes,33.87616944,-95.50198056,Non-Intersection,Dark - Not Lighted,Clear,Unknown,Unknown if Notified,Unknown EMS Scene Arrival Hour,Unknown if Arrived,Not Applicable (Not Transported),Not Applicable (Not Transported),1,Dark - Unlighted,Clear,1,0,['Driver'],['Shoulder_Lapbelt'],0,0,Valid,0.0,0.0,66.0,66.0,['Male'],0,0,3,4,2,Dry,Straight,Level,Lowest,No
26645,40,Oklahoma,400359,0,2,2,0,4,NOT APPLICABLE,August,29,Tuesday,3,31,Rural,High Speed (Arterial),Yes,35.94480833,-96.25293611,Non-Intersection,Dark - Lighted,Clear,3:00am-3:59am,36,3:00am-3:59am,47,4:00am-4:59am,54,2,Dark - Lighted,Clear,2,2,"['Driver', 'Rear_Seat']","['Shoulder_Lapbelt', 'Shoulder_Lapbelt']",1,1,Invalid,0.0,0.0,50.0,43.0,"['Male', 'Male']",0,0,4,4,5,Dry,Straight,Level,Lowest,No
26646,40,Oklahoma,400360,0,2,2,0,3,OKLAHOMA CITY,August,29,Tuesday,8,23,Urban,Medium Speed (Collector),No,35.5077,-97.5775,Non-Intersection,Daylight,Clear,Unknown,Unknown if Notified,Unknown EMS Scene Arrival Hour,Unknown if Arrived,Not Applicable (Not Transported),Not Applicable (Not Transported),1,Daylight,Clear,1,2,['Driver'],['None_Used'],0,0,Valid,0.0,0.0,40.0,30.0,"['Male', 'Male']",0,0,4,4,5,Dry,Straight,Level,Lowest,No
26647,40,Oklahoma,400361,0,1,1,0,1,NOT APPLICABLE,August,29,Tuesday,19,36,Rural,Medium Speed (Collector),No,36.3327,-95.99141111,Non-Intersection,Daylight,Clear,7:00pm-7:59pm,24,7:00pm-7:59pm,31,8:00pm-8:59pm,8,1,Daylight,Clear,1,0,['Driver'],['Shoulder_Lapbelt'],1,1,Valid,0.0,0.0,70.0,70.0,['Male'],0,0,2,4,3,Dry,Straight,Level,Lowest,No
26648,40,Oklahoma,400362,0,1,1,0,1,NOT APPLICABLE,August,30,Wednesday,4,46,Rural,Medium Speed (Collector),No,34.35623889,-97.38718889,Non-Intersection,Dark - Not Lighted,Clear,Unknown,Unknown if Notified,Unknown EMS Scene Arrival Hour,Unknown if Arrived,Not Applicable (Not Transported),Not Applicable (Not Transported),1,Dark - Unlighted,Clear,1,0,['Driver'],['None_Used'],0,0,Valid,0.0,1.0,25.0,25.0,['Male'],1,0,2,4,1,Dry,Straight,Level,Lowest,No
26649,40,Oklahoma,400363,0,2,2,0,2,NOT APPLICABLE,August,30,Wednesday,6,57,Rural,Medium Speed (Collector),No,36.0073,-95.32363889,Non-Intersection,Dawn,Clear,Unknown,Unknown,Unknown EMS Scene Arrival Hour,Unknown EMS Scene Arrival Minutes,Unknown,Unknown EMS Hospital Arrival Time,1,Twilight,Clear,1,1,['Driver'],['None_Used'],0,0,Valid,0.0,2.0,41.0,30.0,"['Female', 'Male']",0,0,3,4,5,Dry,Straight,Level,Lowest,No
26650,40,Oklahoma,400364,1,1,1,0,1,CHOCTAW,August,31,Thursday,8,4,Urban,Medium Speed (Collector),No,35.48388056,-97.26506111,Non-Intersection,Daylight,Clear,Unknown,Unknown if Notified,Unknown EMS Scene Arrival Hour,Unknown if Arrived,Not Applicable (Not Transported),Not Applicable (Not Transported),1,Daylight,Clear,0,1,[],[],0,0,Valid,0.0,0.0,16.0,16.0,['Male'],0,0,3,3,4,Dry,Straight,Grade/Hillcrest,Lowest,No
26651,40,Oklahoma,400365,0,3,3,0,3,OKLAHOMA CITY,August,31,Thursday,20,46,Urban,High Speed (Arterial),Yes,35.46166111,-97.55278889,Non-Intersection,Dark - Lighted,Clear,Unknown,Unknown if Notified,Unknown EMS Scene Arrival Hour,Unknown if Arrived,Not Applicable (Not Transported),Not Applicable (Not Transported),2,Dark - Lighted,Clear,2,1,"['Driver', 'Driver']","['Shoulder_Lapbelt', 'Shoulder_Lapbelt']",1,1,Invalid,0.0,3.0,61.0,26.0,"['Male', 'Female', 'Male']",1,0,3,4,5,Dry,Straight,Level,Lowest,No
26652,40,Oklahoma,400366,1,1,1,0,3,ELK CITY,September,1,Friday,19,36,Urban,Low Speed (Local),No,35.4055,-99.41283889,Simple Junction,Daylight,Clear,7:00pm-7:59pm,37,7:00pm-7:59pm,40,8:00pm-8:59pm,17,1,Daylight,Clear,0,3,[],[],0,0,Valid,0.0,0.0,32.0,32.0,['Male'],0,0,3,3,4,Dry,Straight,Level,Lowest,No
26653,40,Oklahoma,400367,0,1,1,0,4,NOT APPLICABLE,August,27,Sunday,12,28,Rural,Medium Speed (Collector),No,36.34871944,-96.08515,Non-Intersection,Daylight,Clear,Unknown,Unknown,Unknown EMS Scene Arrival Hour,Unknown EMS Scene Arrival Minutes,Unknown,Unknown EMS Hospital Arrival Time,2,Daylight,Clear,2,2,"['Driver', 'Front_Passenger']","['None_Used', 'Shoulder_Lapbelt']",1,1,Valid,0.0,2.0,37.0,37.0,['Male'],0,0,3,4,3,Dry,Curve,Grade/Hillcrest,Lowest,No
26654,40,Oklahoma,400368,1,1,1,0,0,NOT APPLICABLE,September,2,Saturday,14,12,Rural,Low Speed (Local),No,35.45131944,-95.59291111,Non-Intersection,Daylight,Clear,Unknown,Unknown if Notified,Unknown EMS Scene Arrival Hour,Unknown if Arrived,Not Applicable (Not Transported),Not Applicable (Not Transported),1,Daylight,Clear,0,0,[],[],0,0,Valid,0.0,0.0,49.0,34.0,Other,0,0,1,3,4,Dry,Straight,Grade/Hillcrest,Lowest,No
26655,40,Oklahoma,400369,0,1,1,0,1,NOT APPLICABLE,September,3,Sunday,2,6,Rural,High Speed (Arterial),Yes,34.04786944,-94.57596111,Non-Intersection,Dark - Not Lighted,Clear,2:00am-2:59am,58,3:00am-3:59am,16,4:00am-4:59am,8,1,Dark - Unlighted,Clear,1,0,['Driver'],['None_Used'],1,1,Valid,0.0,0.0,18.0,18.0,['Female'],0,0,2,4,3,Dry,Straight,Level,Lowest,No
26656,40,Oklahoma,400370,0,1,1,0,1,OKLAHOMA CITY,September,3,Sunday,2,22,Urban,High Speed (Arterial),Yes,35.4705,-97.57961111,Non-Intersection,Dark - Not Lighted,Clear,Unknown,Unknown if Notified,Unknown EMS Scene Arrival Hour,Unknown if Arrived,Not Applicable (Not Transported),Not Applicable (Not Transported),1,Dark - Unlighted,Clear,1,0,['Driver'],['None_Used'],1,1,Invalid,0.0,0.0,28.0,28.0,['Male'],1,0,3,4,3,Dry,Curve,Grade/Hillcrest,Lowest,No
26657,40,Oklahoma,400371,0,1,1,0,1,NOT APPLICABLE,September,3,Sunday,3,0,Rural,Low Speed (Local),No,35.70251944,-96.8052,Non-Intersection,Dark - Not Lighted,Clear,9:00am-9:59am,31,9:00am-9:59am,39,11:00am-11:59am,28,1,Dark - Unlighted,Clear,1,0,['Driver'],['None_Used'],1,1,Valid,0.0,0.0,44.0,44.0,['Male'],0,0,5,4,3,Dry,Straight,Level,Lowest,No
26658,40,Oklahoma,400372,0,1,1,0,2,NOT APPLICABLE,September,3,Sunday,11,21,Rural,High Speed (Arterial),Yes,35.53653889,-98.5877,Non-Intersection,Daylight,Clear,Unknown,Unknown,Unknown EMS Scene Arrival Hour,Unknown EMS Scene Arrival Minutes,Unknown,Unknown EMS Hospital Arrival Time,1,Daylight,Clear,1,1,['Rear_Seat'],['None_Used'],0,0,Valid,0.0,0.0,53.0,53.0,['Male'],0,0,5,4,2,Dry,Straight,Level,Lowest,No
26659,40,Oklahoma,400373,0,2,2,0,3,NOT APPLICABLE,September,4,Monday,8,47,Rural,Medium Speed (Collector),No,36.11586944,-97.33613056,Complex/Circle,Daylight,Clear,Unknown,Unknown if Notified,Unknown EMS Scene Arrival Hour,Unknown if Arrived,Not Applicable (Not Transported),Not Applicable (Not Transported),2,Daylight,Clear,2,1,"['Driver', 'Front_Passenger']","['Shoulder_Lapbelt', 'Shoulder_Lapbelt']",0,0,Valid,0.0,0.0,81.0,46.0,"['Male', 'Male']",0,0,3,4,5,Dry,Straight,Level,Lowest,No
26660,40,Oklahoma,400374,0,1,1,0,3,NOT APPLICABLE,September,4,Monday,11,20,Rural,Low Speed (Local),No,35.39151944,-95.14711944,Non-Intersection,Daylight,Cloudy,11:00am-11:59am,8,11:00am-11:59am,37,1:00pm-1:59pm,10,1,Daylight,Reduced Visibility,1,2,['Driver'],['None_Used'],0,0,Valid,0.0,0.0,19.0,19.0,['Male'],0,0,3,4,2,Dry,Straight,Grade/Hillcrest,Lowest,No
26661,40,Oklahoma,400375,0,1,1,0,3,NOT APPLICABLE,September,4,Monday,15,13,Rural,Low Speed (Local),No,34.85938889,-95.47038889,Non-Intersection,Daylight,Clear,2:00pm-2:59pm,50,3:00pm-3:59pm,13,4:00pm-4:59pm,4,1,Daylight,Clear,1,2,['Driver'],['None_Used'],1,1,Valid,0.0,0.0,32.0,32.0,['Male'],3,0,5,4,3,Dry,Curve,Grade/Hillcrest,Lowest,No
26662,40,Oklahoma,400376,2,1,1,0,1,NOT APPLICABLE,September,4,Monday,21,40,Rural,Medium Speed (Collector),No,36.59801111,-94.69986111,Non-Intersection,Dark - Not Lighted,Clear,9:00pm-9:59pm,40,9:00pm-9:59pm,46,10:00pm-10:59pm,11,1,Dark - Unlighted,Clear,0,0,[],[],0,0,Invalid,0.0,0.0,999.0,999.0,['Other'],0,0,1,0,4,Dry,Straight,Level,Lowest,No
26663,40,Oklahoma,400377,0,2,2,0,2,NOT APPLICABLE,September,6,Wednesday,4,8,Rural,High Speed (Arterial),Yes,36.89783333,-102.51789167,Complex/Circle,Dark - Not Lighted,Clear,Unknown,Unknown if Notified,Unknown EMS Scene Arrival Hour,Unknown if Arrived,Not Applicable (Not Transported),Not Applicable (Not Transported),1,Dark - Unlighted,Clear,1,1,['Driver'],['Shoulder_Lapbelt'],0,0,Valid,0.0,0.0,40.0,32.0,"['Male', 'Male']",1,0,4,4,5,Dry,Straight,Level,Medium,No
26664,40,Oklahoma,400378,0,3,3,0,3,ENID,September,6,Wednesday,12,0,Urban,High Speed (Arterial),Yes,36.4198,-97.84088611,Non-Intersection,Daylight,Clear,12:00pm-12:59pm,2,12:00pm-12:59pm,12,12:00pm-12:59pm,44,1,Daylight,Clear,1,2,['Driver'],['None_Used'],0,0,Invalid,1.0,0.0,59.0,38.0,"['Female', 'Male', 'Male']",0,0,4,4,5,Dry,Straight,Level,Lowest,No
26665,40,Oklahoma,400379,0,1,1,0,1,NOT APPLICABLE,September,7,Thursday,21,13,Rural,Medium Speed (Collector),No,36.15078056,-96.25253056,Non-Intersection,Dark - Not Lighted,Clear,9:00pm-9:59pm,10,9:00pm-9:59pm,32,9:00pm-9:59pm,45,1,Dark - Unlighted,Clear,1,0,['Driver'],['None_Used'],1,1,Valid,0.0,0.0,43.0,43.0,['Male'],1,0,5,2,1,Dry,Straight,Level,Lowest,No
26666,40,Oklahoma,400380,0,1,1,0,2,ATOKA,September,8,Friday,3,40,Rural,High Speed (Arterial),Yes,34.4245,-96.09128056,Non-Intersection,Dark - Not Lighted,Clear,Unknown,Unknown,Unknown EMS Scene Arrival Hour,Unknown EMS Scene Arrival Minutes,Unknown,Unknown EMS Hospital Arrival Time,1,Dark - Unlighted,Clear,1,1,['Driver'],['None_Used'],0,0,Valid,0.0,1.0,25.0,25.0,['Male'],2,0,3,4,3,Dry,Straight,Level,Lowest,No
26667,40,Oklahoma,400381,0,3,3,0,3,OKLAHOMA CITY,September,8,Friday,6,18,Urban,High Speed (Arterial),Yes,35.46328056,-97.49768056,Non-Intersection,Daylight,Clear,6:00am-6:59am,17,6:00am-6:59am,20,6:00am-6:59am,38,1,Daylight,Clear,1,2,['Driver'],['Shoulder_Lapbelt'],0,0,Valid,1.0,0.0,47.0,32.0,"['Male', 'Female', 'Male']",0,0,4,4,5,Dry,Straight,Level,Lowest,No
26668,40,Oklahoma,400382,0,2,2,0,3,NOT APPLICABLE,September,9,Saturday,3,24,Rural,Low Speed (Local),No,34.84671944,-98.24788889,Non-Intersection,Dark - Not Lighted,Clear,Unknown,Unknown if Notified,Unknown EMS Scene Arrival Hour,Unknown if Arrived,Not Applicable (Not Transported),Not Applicable (Not Transported),1,Dark - Unlighted,Clear,1,2,['Driver'],['None_Used'],1,2,Invalid,0.0,0.0,46.0,38.0,"['Male', 'Male']",0,0,5,4,5,Dry,Straight,Grade/Hillcrest,Lowest,No
26669,40,Oklahoma,400383,0,2,2,0,2,BROKEN ARROW,September,9,Saturday,17,44,Urban,Medium Speed (Collector),No,36.07455,-95.79489167,Complex/Circle,Daylight,Clear,5:00pm-5:59pm,44,5:00pm-5:59pm,50,6:00pm-6:59pm,11,1,Daylight,Clear,1,1,['Driver'],['None_Used'],0,0,Valid,0.0,0.0,61.0,43.0,"['Female', 'Male']",0,0,5,4,5,Dry,Straight,Level,Lowest,No
26670,40,Oklahoma,400384,0,1,1,0,2,ANADARKO,September,9,Saturday,22,46,Urban,High Speed (Arterial),Yes,35.0842,-98.24363889,Non-Intersection,Dark - Not Lighted,Clear,Unknown,Unknown if Notified,Unknown EMS Scene Arrival Hour,Unknown if Arrived,Not Applicable (Not Transported),Not Applicable (Not Transported),1,Dark - Unlighted,Clear,1,1,['Front_Passenger'],['None_Used'],1,1,Invalid,0.0,1.0,35.0,35.0,['Male'],0,0,3,3,3,Dry,Straight,Level,Lowest,No
26671,40,Oklahoma,400385,0,1,1,0,1,NOT APPLICABLE,September,9,Saturday,23,38,Rural,Low Speed (Local),No,36.40873056,-95.11668889,Non-Intersection,Dark - Not Lighted,Clear,11:00pm-11:59pm,27,11:00pm-11:59pm,47,0:00am-0:59am,28,1,Dark - Unlighted,Clear,1,0,['Driver'],['None_Used'],1,1,Valid,0.0,0.0,43.0,43.0,['Male'],1,0,5,4,3,Dry,Curve,Grade/Hillcrest,Lowest,No
26672,40,Oklahoma,400386,0,2,2,0,2,OKLAHOMA CITY,September,10,Sunday,1,12,Urban,High Speed (Arterial),Yes,35.45848889,-97.49113889,Non-Intersection,Dark - Lighted,Clear,Unknown,Unknown if Notified,Unknown EMS Scene Arrival Hour,Unknown if Arrived,Not Applicable (Not Transported),Not Applicable (Not Transported),2,Dark - Lighted,Clear,2,0,"['Driver', 'Driver']","['Shoulder_Lapbelt', 'Shoulder_Lapbelt']",1,1,Valid,0.0,0.0,44.0,27.0,"['Male', 'Female']",0,0,2,4,5,Dry,Straight,Level,Lowest,No
26673,40,Oklahoma,400387,0,1,1,0,1,OKLAHOMA CITY,September,10,Sunday,2,8,Urban,Medium Speed (Collector),No,35.6171,-97.5314,Simple Junction,Dark - Lighted,Clear,2:00am-2:59am,10,2:00am-2:59am,16,2:00am-2:59am,56,1,Dark - Lighted,Clear,1,0,['Driver'],['None_Used'],0,0,Valid,0.0,0.0,51.0,51.0,['Male'],0,0,5,3,2,Dry,Curve,Level,Lowest,No
26674,40,Oklahoma,400388,1,3,3,0,3,OKLAHOMA CITY,September,11,Monday,0,57,Urban,Medium Speed (Collector),No,35.44668056,-97.58340556,Non-Intersection,Dark - Not Lighted,Cloudy,Unknown,Unknown if Notified,Unknown EMS Scene Arrival Hour,Unknown if Arrived,Not Applicable (Not Transported),Not Applicable (Not Transported),1,Dark - Unlighted,Reduced Visibility,0,1,[],[],0,0,Invalid,0.0,0.0,999.0,42.0,"['Male', 'Other', 'Other']",0,0,3,2,4,Dry,Straight,Level,Lowest,No
26675,40,Oklahoma,400389,0,2,2,0,2,OKLAHOMA CITY,September,11,Monday,20,2,Urban,High Speed (Arterial),Yes,35.6395,-97.2231,Non-Intersection,Dark - Lighted,Rain,Unknown,Unknown if Notified,Unknown EMS Scene Arrival Hour,Unknown if Arrived,Not Applicable (Not Transported),Not Applicable (Not Transported),1,Dark - Lighted,Rain/Wind/Minor,1,1,['Driver'],['Shoulder_Lapbelt'],0,0,Valid,0.0,0.0,82.0,62.0,"['Male', 'Male']",0,0,4,4,5,Wet/Standing Water,Straight,Grade/Hillcrest,Lowest,Yes
26676,40,Oklahoma,400390,0,2,2,0,2,TULSA,September,12,Tuesday,13,27,Urban,High Speed (Arterial),No,36.1335,-95.79756944,Simple Junction,Daylight,Cloudy,Unknown,Unknown if Notified,Unknown EMS Scene Arrival Hour,Unknown if Arrived,Not Applicable (Not Transported),Not Applicable (Not Transported),1,Daylight,Reduced Visibility,1,1,['Driver'],['None_Used'],0,0,Valid,0.0,0.0,65.0,24.0,"['Female', 'Male']",0,0,5,4,5,Dry,Straight,Level,Lowest,No
26677,40,Oklahoma,400391,0,2,2,0,2,NOT APPLICABLE,September,14,Thursday,6,29,Rural,High Speed (Arterial),Yes,36.21631944,-96.33493056,Non-Intersection,Dark - Not Lighted,Cloudy,Unknown,Unknown if Notified,Unknown EMS Scene Arrival Hour,Unknown if Arrived,Not Applicable (Not Transported),Not Applicable (Not Transported),1,Dark - Unlighted,Reduced Visibility,1,1,['Driver'],['None_Used'],0,0,Valid,0.0,0.0,56.0,50.0,"['Male', 'Male']",0,0,5,4,5,Dry,Straight,Level,Lowest,No
26678,40,Oklahoma,400392,0,1,1,0,1,NOT APPLICABLE,September,14,Thursday,13,4,Urban,Low Speed (Local),No,36.24511111,-96.0676,Non-Intersection,Daylight,Clear,12:00pm-12:59pm,50,1:00pm-1:59pm,5,1:00pm-1:59pm,39,1,Daylight,Clear,1,0,['Driver'],['None_Used'],0,0,Valid,0.0,1.0,18.0,18.0,['Male'],0,0,5,3,3,Dry,Straight,Grade/Hillcrest,Lowest,No
26679,40,Oklahoma,400393,0,1,1,0,1,WEWOKA,September,15,Friday,23,55,Rural,Medium Speed (Collector),No,35.15935,-96.51748889,Non-Intersection,Dark - Not Lighted,Clear,11:00pm-11:59pm,58,0:00am-0:59am,6,0:00am-0:59am,50,1,Dark - Unlighted,Clear,1,0,['Driver'],['None_Used'],1,1,Valid,0.0,0.0,63.0,63.0,['Male'],1,0,3,4,3,Dry,Straight,Level,Lowest,No
26680,40,Oklahoma,400394,0,1,1,0,4,NOT APPLICABLE,September,16,Saturday,3,12,Rural,Medium Speed (Collector),No,36.94718889,-94.86686111,Non-Intersection,Dark - Not Lighted,Cloudy,2:00am-2:59am,57,3:00am-3:59am,5,3:00am-3:59am,53,1,Dark - Unlighted,Reduced Visibility,1,3,['Driver'],['None_Used'],1,1,Invalid,0.0,0.0,17.0,17.0,['Male'],4,0,3,4,3,Dry,Straight,Level,Lowest,No
26681,40,Oklahoma,400395,1,1,1,0,2,NOT APPLICABLE,September,16,Saturday,22,13,Rural,Low Speed (Local),No,36.7511,-94.81921944,Non-Intersection,Dark - Not Lighted,Clear,Unknown,Unknown,Unknown EMS Scene Arrival Hour,Unknown EMS Scene Arrival Minutes,Unknown,Unknown EMS Hospital Arrival Time,1,Dark - Unlighted,Clear,0,2,[],[],0,0,Valid,0.0,0.0,76.0,76.0,['Male'],0,0,3,2,4,Dry,Straight,Level,Lowest,No
26682,40,Oklahoma,400396,0,1,1,0,1,NOT APPLICABLE,September,18,Monday,2,16,Rural,Medium Speed (Collector),No,36.13738889,-99.61421944,Non-Intersection,Dark - Not Lighted,Clear,Unknown,Unknown if Notified,Unknown EMS Scene Arrival Hour,Unknown if Arrived,Not Applicable (Not Transported),Not Applicable (Not Transported),1,Dark - Unlighted,Clear,1,0,['Driver'],['None_Used'],1,1,Valid,0.0,0.0,23.0,23.0,['Male'],0,0,2,4,2,Dry,Curve,Level,Lowest,No
26683,40,Oklahoma,400397,0,3,3,0,5,NOT APPLICABLE,September,18,Monday,7,18,Rural,High Speed (Arterial),Yes,34.35291944,-98.4097,Non-Intersection,Daylight,Clear,Unknown,Unknown if Notified,Unknown EMS Scene Arrival Hour,Unknown if Arrived,Not Applicable (Not Transported),Not Applicable (Not Transported),1,Daylight,Clear,1,4,['Driver'],['None_Used'],0,0,Valid,0.0,1.0,46.0,36.0,"['Male', 'Female', 'Male']",2,0,5,4,5,Dry,Straight,Level,Lowest,No
26684,40,Oklahoma,400398,1,3,3,0,4,OKLAHOMA CITY,September,18,Monday,23,49,Urban,High Speed (Arterial),No,35.50529722,-97.58336667,Non-Intersection,Dark - Not Lighted,Cloudy,11:00pm-11:59pm,49,11:00pm-11:59pm,55,0:00am-0:59am,28,1,Dark - Unlighted,Reduced Visibility,0,3,[],[],0,0,Valid,0.0,1.0,999.0,17.0,"['Female', 'Male', 'Other']",0,0,3,3,4,Dry,Straight,Grade/Hillcrest,Lowest,No