,State_Code,State_Name,Crash_ID,Count_Non_Motorists,Count_Vehicles_Total,Count_Vehicle_Forms,Count_PVH_Involved,Count_Occupants_MV,City_Name,Month_Name,Day_of_Month,Day_of_Week,Crash_Hour,Crash_Minute,Area_Rural_Urban,Road_Functional_Class,On_NHS_Road,Latitude,Longitude,Intersection_Type,Light_Condition,Weather_Condition,Notif_Hour,Notif_Minute,Arrival_Hour,Arrival_Minute,Hospital_Hour,Hospital_Minute,Fatalities_Count,Clean_Light_Condition,Clean_Weather_Condition,Total_Killed,Total_Alive,Fatal_Seats_List,Killed_Restraint_List,Any_Driver_Drinking,Total_Drinking_Drivers,Driver_License_Category,Driver_Max_Prev_Accident_Count,Driver_Max_Prev_Speeding_Count,Max_Driver_Age,Min_Driver_Age,Driver_Sex_List,Total_Exceeding_Limit_Vehicles,Total_Too_Fast_Vehicles,Max_Vehicle_Type_Severity_5,Max_Vehicle_Damage_Rank,Max_Harmful_Event_Severity,Crash_Road_Surface_Condition,Crash_Horizontal_Alignment,Crash_Vertical_Profile,Crash_Impairment_Category,Crash_Vehicle_Defect
26685,40,Oklahoma,400399,0,3,3,0,7,NOT APPLICABLE,September,19,Tuesday,16,5,Rural,Medium Speed (Collector),No,36.76743889,-99.89123056,Non-Intersection,Daylight,Clear,4:00pm-4:59pm,8,4:00pm-4:59pm,18,4:00pm-4:59pm,50,1,Daylight,Clear,1,6,['Rear_Seat'],['Shoulder_Lapbelt'],0,0,Valid,0.0,0.0,47.0,22.0,"['Male', 'Female', 'Male']",0,0,4,4,5,Dry,Straight,Level,Lowest,No
26686,40,Oklahoma,400400,0,1,1,0,1,NOT APPLICABLE,September,19,Tuesday,22,47,Rural,Medium Speed (Collector),No,35.83365,-95.1806,Non-Intersection,Dark - Not Lighted,Rain,Unknown,Unknown if Notified,Unknown EMS Scene Arrival Hour,Unknown if Arrived,Not Applicable (Not Transported),Not Applicable (Not Transported),1,Dark - Unlighted,Rain/Wind/Minor,1,0,['Driver'],['None_Used'],0,0,Valid,0.0,2.0,27.0,27.0,['Male'],1,0,3,4,3,Wet/Standing Water,Curve,Level,Lowest,No
26687,40,Oklahoma,400401,0,2,2,0,4,NOT APPLICABLE,September,20,Wednesday,13,43,Rural,Low Speed (Local),No,35.81488889,-95.14513056,Non-Intersection,Daylight,Clear,Unknown,Unknown if Notified,Unknown EMS Scene Arrival Hour,Unknown if Arrived,Not Applicable (Not Transported),Not Applicable (Not Transported),1,Daylight,Clear,1,3,['Driver'],['None_Used'],1,1,Valid,0.0,0.0,69.0,37.0,"['Male', 'Male']",0,0,5,4,5,Dry,Straight,Grade/Hillcrest,Lowest,No
26688,40,Oklahoma,400402,1,1,1,0,1,STILLWATER,September,20,Wednesday,20,50,Urban,High Speed (Arterial),No,36.18406111,-97.06983889,Non-Intersection,Dark - Not Lighted,Clear,Unknown,Unknown if Notified,Unknown EMS Scene Arrival Hour,Unknown if Arrived,Not Applicable (Not Transported),Not Applicable (Not Transported),1,Dark - Unlighted,Clear,0,1,[],[],0,0,Invalid,0.0,0.0,999.0,999.0,['Other'],0,0,3,3,4,Dry,Straight,Grade/Hillcrest,Lowest,No
26689,40,Oklahoma,400403,0,1,1,0,1,NOT APPLICABLE,September,21,Thursday,16,53,Rural,High Speed (Arterial),Yes,33.99806944,-96.5013,Non-Intersection,Daylight,Rain,4:00pm-4:59pm,52,5:00pm-5:59pm,5,5:00pm-5:59pm,28,1,Daylight,Rain/Wind/Minor,1,0,['Driver'],['None_Used'],1,1,Invalid,0.0,0.0,43.0,43.0,['Male'],1,0,2,4,3,Wet/Standing Water,Straight,Level,Lowest,No
26690,40,Oklahoma,400404,0,1,1,0,1,SHAWNEE,September,21,Thursday,17,3,Urban,Low Speed (Local),No,35.35616944,-96.91746944,Simple Junction,Daylight,Clear,5:00pm-5:59pm,3,5:00pm-5:59pm,7,5:00pm-5:59pm,32,1,Daylight,Clear,1,0,['Driver'],['None_Used'],0,0,Valid,0.0,0.0,42.0,42.0,['Female'],1,0,5,4,3,Dry,Straight,Level,Lowest,No
26691,40,Oklahoma,400405,0,2,2,0,4,NOT APPLICABLE,September,22,Friday,19,20,Rural,Medium Speed (Collector),No,36.26108889,-97.06791944,Complex/Circle,Dark - Not Lighted,Clear,7:00pm-7:59pm,16,6:00pm-6:59pm,27,8:00pm-8:59pm,7,1,Dark - Unlighted,Clear,1,3,['Front_Passenger'],['None_Used'],1,1,Valid,0.0,0.0,56.0,21.0,"['Male', 'Male']",2,0,3,4,5,Dry,Straight,Level,Lowest,No
26692,40,Oklahoma,400406,0,1,1,0,1,NOT APPLICABLE,September,23,Saturday,2,7,Rural,Medium Speed (Collector),No,36.23328056,-96.9142,Non-Intersection,Dark - Not Lighted,Clear,2:00am-2:59am,7,2:00am-2:59am,28,2:00am-2:59am,50,1,Dark - Unlighted,Clear,1,0,['Driver'],['None_Used'],1,1,Valid,0.0,0.0,20.0,20.0,['Male'],0,0,5,4,3,Dry,Curve,Level,Lowest,No
26693,40,Oklahoma,400407,0,3,3,0,5,NOT APPLICABLE,September,23,Saturday,17,44,Rural,High Speed (Arterial),Yes,35.53195,-98.23218889,Non-Intersection,Daylight,Clear,Unknown,Unknown if Notified,Unknown EMS Scene Arrival Hour,Unknown if Arrived,Not Applicable (Not Transported),Not Applicable (Not Transported),2,Daylight,Clear,2,3,"['Driver', 'Front_Passenger']","['Shoulder_Lapbelt', 'Shoulder_Lapbelt']",0,0,Valid,0.0,0.0,68.0,56.0,"['Male', 'Female', 'Male']",0,0,4,4,5,Dry,Straight,Level,Lowest,No
26694,40,Oklahoma,400408,0,1,1,0,1,NOT APPLICABLE,September,24,Sunday,5,5,Rural,High Speed (Arterial),Yes,33.99738056,-95.4288,Non-Intersection,Dark - Not Lighted,Cloudy,Unknown,Unknown if Notified,Unknown EMS Scene Arrival Hour,Unknown if Arrived,Not Applicable (Not Transported),Not Applicable (Not Transported),1,Dark - Unlighted,Reduced Visibility,1,0,['Driver'],['None_Used'],0,0,Valid,0.0,1.0,37.0,37.0,['Male'],0,0,3,4,3,Dry,Straight,Grade/Hillcrest,Lowest,No
26695,40,Oklahoma,400409,0,1,1,0,1,NOT APPLICABLE,September,24,Sunday,22,54,Rural,Medium Speed (Collector),No,35.48901111,-96.50758056,Non-Intersection,Dark - Not Lighted,Clear,10:00pm-10:59pm,27,10:00pm-10:59pm,47,11:00pm-11:59pm,13,1,Dark - Unlighted,Clear,1,0,['Driver'],['None_Used'],0,0,Invalid,0.0,0.0,15.0,15.0,['Male'],1,0,5,3,1,Dry,Straight,Level,Lowest,Yes
26696,40,Oklahoma,400410,0,2,2,0,3,NOT APPLICABLE,September,25,Monday,12,43,Rural,Medium Speed (Collector),No,33.99833056,-96.7611,Complex/Circle,Daylight,Clear,Unknown,Unknown,Unknown EMS Scene Arrival Hour,Unknown EMS Scene Arrival Minutes,Unknown,Unknown EMS Hospital Arrival Time,1,Daylight,Clear,1,2,['Front_Passenger'],['Shoulder_Lapbelt'],0,0,Valid,0.0,0.0,70.0,50.0,"['Female', 'Male']",0,0,4,4,5,Dry,Straight,Level,Lowest,No
26697,40,Oklahoma,400411,0,1,1,0,1,NOT APPLICABLE,September,26,Tuesday,18,20,Rural,Low Speed (Local),No,36.47786111,-97.85483056,Non-Intersection,Daylight,Clear,Unknown,Unknown if Notified,Unknown EMS Scene Arrival Hour,Unknown if Arrived,Not Applicable (Not Transported),Not Applicable (Not Transported),1,Daylight,Clear,1,0,['Driver'],['None_Used'],1,1,Valid,0.0,0.0,65.0,65.0,['Male'],1,0,3,4,2,Dry,Straight,Grade/Hillcrest,Lowest,No
26698,40,Oklahoma,400412,0,1,1,0,1,NOT APPLICABLE,September,26,Tuesday,20,27,Rural,High Speed (Arterial),Yes,35.4301,-95.91548889,Non-Intersection,Dark - Not Lighted,Clear,Unknown,Unknown,Unknown EMS Scene Arrival Hour,Unknown EMS Scene Arrival Minutes,Unknown,Unknown EMS Hospital Arrival Time,1,Dark - Unlighted,Clear,1,0,['Driver'],['Shoulder_Lapbelt'],0,0,Valid,0.0,0.0,19.0,19.0,['Male'],1,0,3,4,3,Dry,Straight,Level,Lowest,No
26699,40,Oklahoma,400413,0,1,1,0,1,NOT APPLICABLE,September,28,Thursday,14,18,Rural,Low Speed (Local),No,34.52191944,-98.53283056,Non-Intersection,Daylight,Clear,Unknown,Unknown if Notified,Unknown EMS Scene Arrival Hour,Unknown if Arrived,Not Applicable (Not Transported),Not Applicable (Not Transported),1,Daylight,Clear,1,0,['Driver'],['None_Used'],0,0,Valid,0.0,0.0,43.0,43.0,['Female'],1,0,3,4,3,Dry,Straight,Level,Lowest,No
26700,40,Oklahoma,400414,0,2,2,0,4,NOT APPLICABLE,September,28,Thursday,16,44,Rural,Low Speed (Local),No,35.93018889,-96.04731944,Complex/Circle,Daylight,Clear,4:00pm-4:59pm,46,5:00pm-5:59pm,0,5:00pm-5:59pm,24,1,Daylight,Clear,1,3,['Front_Passenger'],['None_Used'],0,0,Valid,0.0,0.0,41.0,18.0,"['Male', 'Female']",2,0,3,4,5,Dry,Straight,Level,Lowest,No
26701,40,Oklahoma,400415,0,2,2,0,2,OKLAHOMA CITY,September,29,Friday,5,40,Urban,High Speed (Arterial),Yes,35.53566111,-97.49058889,Non-Intersection,Dark - Not Lighted,Clear,5:00am-5:59am,35,5:00am-5:59am,44,6:00am-6:59am,10,1,Dark - Unlighted,Clear,1,1,['Driver'],['None_Used'],0,0,Valid,0.0,0.0,60.0,44.0,"['Male', 'Male']",0,0,3,4,5,Dry,Curve,Level,Lowest,No
26702,40,Oklahoma,400416,0,1,1,0,2,NOT APPLICABLE,September,30,Saturday,11,51,Rural,Medium Speed (Collector),No,35.46368056,-94.91176111,Non-Intersection,Daylight,Clear,Unknown,Unknown,Unknown EMS Scene Arrival Hour,Unknown EMS Scene Arrival Minutes,Unknown,Unknown EMS Hospital Arrival Time,1,Daylight,Clear,1,1,['Front_Passenger'],['None_Used'],0,0,Valid,0.0,0.0,83.0,83.0,['Female'],2,0,2,4,3,Dry,Straight,Level,Lowest,No
26703,40,Oklahoma,400417,0,2,2,0,5,NOT APPLICABLE,September,30,Saturday,20,33,Rural,High Speed (Arterial),Yes,35.18528056,-97.61516944,Non-Intersection,Dark - Not Lighted,Clear,Unknown,Unknown if Notified,Unknown EMS Scene Arrival Hour,Unknown if Arrived,Not Applicable (Not Transported),Not Applicable (Not Transported),1,Dark - Unlighted,Clear,1,4,['Driver'],['None_Used'],0,0,Valid,0.0,1.0,40.0,31.0,"['Male', 'Female']",0,0,5,4,5,Dry,Straight,Level,Lowest,No
26704,40,Oklahoma,400418,0,3,3,0,3,NOT APPLICABLE,October,1,Sunday,2,42,Urban,High Speed (Arterial),Yes,35.26763889,-97.48538889,Non-Intersection,Dark - Lighted,Clear,Unknown,Unknown,Unknown EMS Scene Arrival Hour,Unknown EMS Scene Arrival Minutes,Unknown,Unknown EMS Hospital Arrival Time,1,Dark - Lighted,Clear,1,2,['Driver'],['None_Used'],1,1,Valid,0.0,3.0,21.0,18.0,"['Male', 'Male', 'Male']",1,0,5,4,5,Dry,Straight,Level,Lowest,No
26705,40,Oklahoma,400419,0,1,1,0,1,NOT APPLICABLE,October,1,Sunday,10,7,Rural,Low Speed (Local),No,35.46391111,-95.59663889,Non-Intersection,Daylight,Clear,Unknown,Unknown if Notified,Unknown EMS Scene Arrival Hour,Unknown if Arrived,Not Applicable (Not Transported),Not Applicable (Not Transported),1,Daylight,Clear,1,0,['Driver'],['None_Used'],0,0,Valid,0.0,0.0,63.0,63.0,['Male'],0,0,3,4,2,Dry,Curve,Level,Medium,No
26706,40,Oklahoma,400420,0,2,2,0,3,NOT APPLICABLE,October,1,Sunday,17,13,Rural,Medium Speed (Collector),No,35.98605,-97.137,Non-Intersection,Daylight,Cloudy,Unknown,Unknown,Unknown EMS Scene Arrival Hour,Unknown EMS Scene Arrival Minutes,Unknown,Unknown EMS Hospital Arrival Time,1,Daylight,Reduced Visibility,1,2,['Driver'],['Shoulder_Lapbelt'],1,1,Valid,1.0,0.0,24.0,19.0,"['Female', 'Female']",1,0,2,4,5,Dry,Straight,Level,Lowest,No
26707,40,Oklahoma,400421,0,2,2,0,2,NOT APPLICABLE,October,1,Sunday,19,25,Rural,High Speed (Arterial),Yes,36.89796944,-95.62903056,Non-Intersection,Dusk,Clear,Unknown,Unknown if Notified,Unknown EMS Scene Arrival Hour,Unknown if Arrived,Not Applicable (Not Transported),Not Applicable (Not Transported),1,Twilight,Clear,1,1,['Driver'],['Shoulder_Lapbelt'],0,0,Valid,0.0,0.0,72.0,48.0,"['Female', 'Female']",0,0,3,4,5,Dry,Straight,Level,Lowest,No
26708,40,Oklahoma,400422,0,2,2,0,2,KINGSTON,October,3,Tuesday,16,18,Rural,Low Speed (Local),No,33.92706111,-96.69068889,Complex/Circle,Daylight,Clear,Unknown,Unknown if Notified,Unknown EMS Scene Arrival Hour,Unknown if Arrived,Not Applicable (Not Transported),Not Applicable (Not Transported),1,Daylight,Clear,1,1,['Driver'],['None_Used'],1,1,Valid,0.0,5.0,47.0,37.0,"['Female', 'Male']",1,0,5,4,5,Dry,Straight,Level,Lowest,No
26709,40,Oklahoma,400423,0,2,2,0,4,NOT APPLICABLE,October,4,Wednesday,15,13,Rural,Medium Speed (Collector),No,34.9143,-98.18255,Non-Intersection,Daylight,Rain,Unknown,Unknown,Unknown EMS Scene Arrival Hour,Unknown EMS Scene Arrival Minutes,Unknown,Unknown EMS Hospital Arrival Time,3,Daylight,Rain/Wind/Minor,3,1,"['Driver', 'Rear_Seat', 'Front_Passenger']","['None_Used', 'None_Used', 'None_Used']",0,0,Valid,0.0,1.0,79.0,67.0,"['Female', 'Male']",0,0,3,4,5,Wet/Standing Water,Straight,Grade/Hillcrest,Lowest,No
26710,40,Oklahoma,400424,0,2,2,0,4,NOT APPLICABLE,October,4,Wednesday,15,30,Rural,High Speed (Arterial),Yes,35.68431111,-95.37598056,Non-Intersection,Daylight,Cloudy,Unknown,Unknown,Unknown EMS Scene Arrival Hour,Unknown EMS Scene Arrival Minutes,Unknown,Unknown EMS Hospital Arrival Time,2,Daylight,Reduced Visibility,2,2,"['Rear_Seat', 'Front_Passenger']","['Shoulder_Lapbelt', 'Shoulder_Lapbelt']",0,0,Valid,0.0,1.0,46.0,17.0,"['Female', 'Female']",0,0,3,4,5,Dry,Straight,Level,Lowest,No
26711,40,Oklahoma,400425,0,2,2,0,3,NOT APPLICABLE,October,4,Wednesday,16,31,Rural,Medium Speed (Collector),No,35.98566944,-96.7283,Non-Intersection,Daylight,Cloudy,Unknown,Unknown,Unknown EMS Scene Arrival Hour,Unknown EMS Scene Arrival Minutes,Unknown,Unknown EMS Hospital Arrival Time,1,Daylight,Reduced Visibility,1,2,['Driver'],['None_Used'],0,0,Valid,0.0,0.0,56.0,41.0,"['Male', 'Male']",0,0,5,4,5,Dry,Straight,Level,Lowest,No
26712,40,Oklahoma,400426,1,1,1,0,1,TULSA,October,4,Wednesday,23,26,Urban,Medium Speed (Collector),No,36.14773889,-95.97558889,Non-Intersection,Dark - Lighted,Cloudy,Unknown,Unknown if Notified,Unknown EMS Scene Arrival Hour,Unknown if Arrived,Not Applicable (Not Transported),Not Applicable (Not Transported),1,Dark - Lighted,Reduced Visibility,0,0,[],[],0,0,Invalid,0.0,0.0,999.0,999.0,['Other'],0,0,1,0,4,Wet/Standing Water,Straight,Level,Lowest,No
26713,40,Oklahoma,400427,0,1,1,0,3,OKLAHOMA CITY,October,1,Sunday,20,53,Urban,High Speed (Arterial),No,35.5255,-97.5658,Non-Intersection,Dark - Lighted,Cloudy,Unknown,Unknown,Unknown EMS Scene Arrival Hour,Unknown EMS Scene Arrival Minutes,Unknown,Unknown EMS Hospital Arrival Time,1,Dark - Lighted,Reduced Visibility,1,1,['Rear_Seat'],['None_Used'],1,1,Invalid,0.0,0.0,30.0,30.0,['Male'],0,0,2,4,3,Dry,Straight,Level,Lowest,No
26714,40,Oklahoma,400428,1,1,1,0,1,OKLAHOMA CITY,October,2,Monday,7,3,Urban,High Speed (Arterial),No,35.4525,-97.6188,Non-Intersection,Dark - Not Lighted,Cloudy,Unknown,Unknown if Notified,Unknown EMS Scene Arrival Hour,Unknown if Arrived,Not Applicable (Not Transported),Not Applicable (Not Transported),1,Dark - Unlighted,Reduced Visibility,0,1,[],[],0,0,Valid,0.0,0.0,55.0,55.0,['Female'],0,0,3,3,4,Dry,Straight,Level,Lowest,No
26715,40,Oklahoma,400429,0,2,2,0,2,TULSA,October,7,Saturday,1,30,Urban,High Speed (Arterial),Yes,36.18003889,-95.96878056,Non-Intersection,Dark - Not Lighted,Clear,Unknown,Unknown if Notified,Unknown EMS Scene Arrival Hour,Unknown if Arrived,Not Applicable (Not Transported),Not Applicable (Not Transported),2,Dark - Unlighted,Clear,2,0,"['Driver', 'Driver']","['Shoulder_Lapbelt', 'Shoulder_Lapbelt']",1,1,Valid,0.0,1.0,26.0,23.0,"['Female', 'Male']",0,0,3,4,5,Dry,Straight,Level,Lowest,No
26716,40,Oklahoma,400430,0,3,3,0,3,NOT APPLICABLE,October,7,Saturday,14,40,Urban,Medium Speed (Collector),No,35.72536944,-97.42156111,Non-Intersection,Daylight,Clear,Unknown,Unknown,Unknown EMS Scene Arrival Hour,Unknown EMS Scene Arrival Minutes,Unknown,Unknown EMS Hospital Arrival Time,1,Daylight,Clear,1,2,['Driver'],['None_Used'],0,0,Invalid,0.0,1.0,48.0,18.0,"['Female', 'Female', 'Female']",0,0,5,2,5,Dry,Straight,Level,Lowest,No
26717,40,Oklahoma,400431,0,1,1,0,1,NOT APPLICABLE,October,7,Saturday,15,45,Rural,Medium Speed (Collector),No,35.99688056,-94.92881944,Non-Intersection,Daylight,Clear,Unknown,Unknown,Unknown EMS Scene Arrival Hour,Unknown EMS Scene Arrival Minutes,Unknown,Unknown EMS Hospital Arrival Time,1,Daylight,Clear,1,0,['Driver'],['None_Used'],0,0,Valid,0.0,1.0,22.0,22.0,['Male'],1,0,5,4,3,Dry,Curve,Level,Lowest,No
26718,40,Oklahoma,400432,0,2,2,0,5,NOT APPLICABLE,October,7,Saturday,21,21,Rural,High Speed (Arterial),Yes,34.04026111,-95.62585,Complex/Circle,Dark - Not Lighted,Clear,Unknown,Unknown,Unknown EMS Scene Arrival Hour,Unknown EMS Scene Arrival Minutes,Unknown,Unknown EMS Hospital Arrival Time,1,Dark - Unlighted,Clear,1,4,['Front_Passenger'],['Shoulder_Lapbelt'],0,0,Valid,0.0,0.0,59.0,28.0,"['Female', 'Female']",0,0,3,4,5,Dry,Straight,Level,Lowest,No
26719,40,Oklahoma,400433,0,2,2,0,4,NOT APPLICABLE,October,8,Sunday,5,35,Rural,High Speed (Arterial),Yes,36.74061111,-97.34573056,Non-Intersection,Dark - Not Lighted,Clear,Unknown,Unknown,Unknown EMS Scene Arrival Hour,Unknown EMS Scene Arrival Minutes,Unknown,Unknown EMS Hospital Arrival Time,1,Dark - Unlighted,Clear,1,3,['Front_Passenger'],['None_Used'],1,1,Invalid,0.0,0.0,42.0,20.0,"['Female', 'Male']",2,0,3,4,5,Dry,Straight,Level,Lowest,No
26720,40,Oklahoma,400434,0,2,2,0,2,NOT APPLICABLE,October,9,Monday,5,53,Rural,High Speed (Arterial),Yes,35.92866111,-94.61231944,Non-Intersection,Dark - Not Lighted,Clear,Unknown,Unknown if Notified,Unknown EMS Scene Arrival Hour,Unknown if Arrived,Not Applicable (Not Transported),Not Applicable (Not Transported),2,Dark - Unlighted,Clear,2,0,"['Driver', 'Driver']","['Shoulder_Lapbelt', 'Shoulder_Lapbelt']",0,0,Valid,0.0,0.0,73.0,55.0,"['Female', 'Female']",0,0,3,4,5,Dry,Straight,Grade/Hillcrest,Lowest,No
26721,40,Oklahoma,400435,0,2,2,0,2,NOT APPLICABLE,October,9,Monday,8,39,Rural,High Speed (Arterial),Yes,35.81353889,-95.32513056,Non-Intersection,Daylight,Clear,Unknown,Unknown,Unknown EMS Scene Arrival Hour,Unknown EMS Scene Arrival Minutes,Unknown,Unknown EMS Hospital Arrival Time,1,Daylight,Clear,1,1,['Driver'],['Shoulder_Lapbelt'],0,0,Valid,0.0,1.0,45.0,31.0,"['Male', 'Male']",2,0,4,4,5,Dry,Curve,Level,Lowest,No
26722,40,Oklahoma,400436,0,2,2,0,2,NOT APPLICABLE,October,10,Tuesday,13,55,Rural,Medium Speed (Collector),No,36.76743889,-96.95981944,Complex/Circle,Daylight,Clear,Unknown,Unknown if Notified,Unknown EMS Scene Arrival Hour,Unknown if Arrived,Not Applicable (Not Transported),Not Applicable (Not Transported),1,Daylight,Clear,1,1,['Driver'],['Shoulder_Lapbelt'],0,0,Valid,0.0,1.0,63.0,31.0,"['Male', 'Male']",1,0,3,4,5,Dry,Straight,Level,Lowest,No
26723,40,Oklahoma,400437,1,1,1,0,1,OKLAHOMA CITY,October,12,Thursday,6,54,Urban,Medium Speed (Collector),No,35.4266,-97.5833,Non-Intersection,Dark - Not Lighted,Cloudy,Unknown,Unknown if Notified,Unknown EMS Scene Arrival Hour,Unknown if Arrived,Not Applicable (Not Transported),Not Applicable (Not Transported),1,Dark - Unlighted,Reduced Visibility,0,0,[],[],0,0,Valid,0.0,0.0,46.0,46.0,['Male'],0,0,3,3,4,Dry,Straight,Level,Lowest,No
26724,40,Oklahoma,400438,0,2,2,0,2,NOT APPLICABLE,October,12,Thursday,16,51,Rural,Medium Speed (Collector),No,34.43731944,-94.56573889,Non-Intersection,Daylight,Cloudy,Unknown,Unknown,Unknown EMS Scene Arrival Hour,Unknown EMS Scene Arrival Minutes,Unknown,Unknown EMS Hospital Arrival Time,1,Daylight,Reduced Visibility,1,1,['Driver'],['None_Used'],0,0,Valid,0.0,2.0,67.0,41.0,"['Male', 'Male']",0,0,5,4,5,Dry,Curve,Grade/Hillcrest,Lowest,No
26725,40,Oklahoma,400439,1,1,1,0,1,TULSA,October,13,Friday,20,45,Urban,Medium Speed (Collector),No,36.08778056,-95.9757,Non-Intersection,Dark - Lighted,Clear,Unknown,Unknown if Notified,Unknown EMS Scene Arrival Hour,Unknown if Arrived,Not Applicable (Not Transported),Not Applicable (Not Transported),1,Dark - Lighted,Clear,0,1,[],[],0,0,Valid,0.0,0.0,64.0,64.0,['Male'],0,0,2,2,4,Dry,Straight,Level,Lowest,No
26726,40,Oklahoma,400440,0,2,2,0,2,TULSA,October,14,Saturday,17,26,Urban,Medium Speed (Collector),No,36.10003056,-95.90453056,Non-Intersection,Daylight,Cloudy,Unknown,Unknown,Unknown EMS Scene Arrival Hour,Unknown EMS Scene Arrival Minutes,Unknown,Unknown EMS Hospital Arrival Time,1,Daylight,Reduced Visibility,1,1,['Driver'],['Shoulder_Lapbelt'],1,1,Valid,0.0,5.0,42.0,23.0,"['Female', 'Female']",1,0,2,4,5,Dry,Straight,Grade/Hillcrest,Lowest,No
26727,40,Oklahoma,400441,0,2,2,0,2,NOT APPLICABLE,October,16,Monday,4,29,Rural,Medium Speed (Collector),No,34.29986111,-96.96548889,Non-Intersection,Dark - Not Lighted,Clear,Unknown,Unknown,Unknown EMS Scene Arrival Hour,Unknown EMS Scene Arrival Minutes,Unknown,Unknown EMS Hospital Arrival Time,1,Dark - Unlighted,Clear,1,1,['Driver'],['None_Used'],0,0,Invalid,0.0,1.0,37.0,35.0,"['Male', 'Male']",0,0,3,4,5,Dry,Straight,Level,Lowest,No
26728,40,Oklahoma,400442,0,1,1,0,1,OKLAHOMA CITY,October,15,Sunday,17,49,Urban,High Speed (Arterial),Yes,35.42825,-97.36028056,Non-Intersection,Daylight,Clear,Unknown,Unknown,Unknown EMS Scene Arrival Hour,Unknown EMS Scene Arrival Minutes,Unknown,Unknown EMS Hospital Arrival Time,1,Daylight,Clear,1,0,['Driver'],['None_Used'],0,0,Valid,0.0,0.0,75.0,75.0,['Male'],1,0,2,4,3,Dry,Straight,Level,Lowest,No
26729,40,Oklahoma,400443,0,2,2,0,2,NOT APPLICABLE,October,16,Monday,4,30,Rural,High Speed (Arterial),Yes,35.78365,-97.95118056,Non-Intersection,Dark - Not Lighted,Clear,Unknown,Unknown if Notified,Unknown EMS Scene Arrival Hour,Unknown if Arrived,Not Applicable (Not Transported),Not Applicable (Not Transported),1,Dark - Unlighted,Clear,1,1,['Driver'],['None_Used'],0,0,Valid,1.0,0.0,42.0,27.0,"['Male', 'Male']",0,0,4,4,5,Dry,Straight,Level,Lowest,No
26730,40,Oklahoma,400444,0,1,1,0,2,NOT APPLICABLE,October,17,Tuesday,11,25,Rural,Medium Speed (Collector),No,33.88851944,-96.04026111,Non-Intersection,Daylight,Clear,Unknown,Unknown if Notified,Unknown EMS Scene Arrival Hour,Unknown if Arrived,Not Applicable (Not Transported),Not Applicable (Not Transported),1,Daylight,Clear,1,1,['Driver'],['None_Used'],0,0,Valid,0.0,0.0,24.0,24.0,['Male'],2,0,4,4,3,Dry,Straight,Level,Lowest,No
26731,40,Oklahoma,400445,0,3,3,0,4,TULSA,October,17,Tuesday,14,16,Urban,Medium Speed (Collector),No,36.09171111,-96.03763889,Non-Intersection,Daylight,Clear,Unknown,Unknown,Unknown EMS Scene Arrival Hour,Unknown EMS Scene Arrival Minutes,Unknown,Unknown EMS Hospital Arrival Time,1,Daylight,Clear,1,3,['Driver'],['None_Used'],1,1,Invalid,0.0,0.0,55.0,33.0,"['Male', 'Male', 'Male']",0,0,4,4,5,Dry,Straight,Level,Lowest,No
26732,40,Oklahoma,400446,0,1,1,0,1,NOT APPLICABLE,October,17,Tuesday,14,18,Rural,Medium Speed (Collector),No,36.86446944,-101.64928889,Non-Intersection,Daylight,Clear,Unknown,Unknown,Unknown EMS Scene Arrival Hour,Unknown EMS Scene Arrival Minutes,Unknown,Unknown EMS Hospital Arrival Time,1,Daylight,Clear,1,0,['Driver'],['None_Used'],0,0,Valid,0.0,0.0,72.0,72.0,['Male'],1,0,3,4,3,Dry,Curve,Level,Lowest,No
26733,40,Oklahoma,400447,0,1,1,0,1,NOT APPLICABLE,October,17,Tuesday,15,33,Rural,Low Speed (Local),No,36.66963889,-101.29568056,Non-Intersection,Daylight,Clear,Unknown,Unknown if Notified,Unknown EMS Scene Arrival Hour,Unknown if Arrived,Not Applicable (Not Transported),Not Applicable (Not Transported),1,Daylight,Clear,1,0,['Driver'],['None_Used'],1,1,Invalid,0.0,0.0,43.0,43.0,['Male'],1,0,3,4,3,Dry,Straight,Level,Lowest,No
26734,40,Oklahoma,400448,0,2,2,0,2,GUTHRIE,October,18,Wednesday,19,51,Urban,Medium Speed (Collector),No,35.72915,-97.40731111,Non-Intersection,Dark - Not Lighted,Clear,Unknown,Unknown if Notified,Unknown EMS Scene Arrival Hour,Unknown if Arrived,Not Applicable (Not Transported),Not Applicable (Not Transported),1,Dark - Unlighted,Clear,1,1,['Driver'],['None_Used'],1,1,Valid,0.0,1.0,58.0,38.0,"['Male', 'Male']",1,0,5,4,5,Dry,Straight,Grade/Hillcrest,Lowest,No
26735,40,Oklahoma,400449,0,1,1,0,1,NOT APPLICABLE,October,19,Thursday,22,40,Rural,Low Speed (Local),No,35.60963889,-95.459,Simple Junction,Dark - Not Lighted,Clear,Unknown,Unknown if Notified,Unknown EMS Scene Arrival Hour,Unknown if Arrived,Not Applicable (Not Transported),Not Applicable (Not Transported),1,Dark - Unlighted,Clear,1,0,['Driver'],['None_Used'],0,0,Valid,0.0,0.0,19.0,19.0,['Male'],1,0,5,4,2,Dry,Straight,Level,Lowest,No