,State_Code,State_Name,Crash_ID,Count_Non_Motorists,Count_Vehicles_Total,Count_Vehicle_Forms,Count_PVH_Involved,Count_Occupants_MV,City_Name,Month_Name,Day_of_Month,Day_of_Week,Crash_Hour,Crash_Minute,Area_Rural_Urban,Road_Functional_Class,On_NHS_Road,Latitude,Longitude,Intersection_Type,Light_Condition,Weather_Condition,Notif_Hour,Notif_Minute,Arrival_Hour,Arrival_Minute,Hospital_Hour,Hospital_Minute,Fatalities_Count,Clean_Light_Condition,Clean_Weather_Condition,Total_Killed,Total_Alive,Fatal_Seats_List,Killed_Restraint_List,Any_Driver_Drinking,Total_Drinking_Drivers,Driver_License_Category,Driver_Max_Prev_Accident_Count,Driver_Max_Prev_Speeding_Count,Max_Driver_Age,Min_Driver_Age,Driver_Sex_List,Total_Exceeding_Limit_Vehicles,Total_Too_Fast_Vehicles,Max_Vehicle_Type_Severity_5,Max_Vehicle_Damage_Rank,Max_Harmful_Event_Severity,Crash_Road_Surface_Condition,Crash_Horizontal_Alignment,Crash_Vertical_Profile,Crash_Impairment_Category,Crash_Vehicle_Defect
26736,40,Oklahoma,400450,0,1,1,0,2,EDMOND,October,20,Friday,13,40,Urban,High Speed (Arterial),Yes,35.69793889,-97.4161,Non-Intersection,Daylight,Clear,Unknown,Unknown,Unknown EMS Scene Arrival Hour,Unknown EMS Scene Arrival Minutes,Unknown,Unknown EMS Hospital Arrival Time,1,Daylight,Clear,1,1,['Rear_Seat'],['None_Used'],0,0,Valid,0.0,1.0,46.0,46.0,['Male'],0,0,5,4,3,Dry,Straight,Level,Lowest,No
26737,40,Oklahoma,400451,0,1,1,0,1,NOT APPLICABLE,October,20,Friday,15,4,Rural,Low Speed (Local),No,36.50208889,-99.62305,Non-Intersection,Daylight,Clear,Unknown,Unknown if Notified,Unknown EMS Scene Arrival Hour,Unknown if Arrived,Not Applicable (Not Transported),Not Applicable (Not Transported),1,Daylight,Clear,1,0,['Driver'],['None_Used'],1,1,Valid,0.0,0.0,69.0,69.0,['Male'],0,0,3,4,3,Dry,Straight,Level,Medium,No
26738,40,Oklahoma,400452,0,2,2,0,2,NOT APPLICABLE,October,18,Wednesday,20,30,Rural,Medium Speed (Collector),No,36.5012,-101.91113056,Non-Intersection,Dark - Not Lighted,Clear,Unknown,Unknown,Unknown EMS Scene Arrival Hour,Unknown EMS Scene Arrival Minutes,Unknown,Unknown EMS Hospital Arrival Time,1,Dark - Unlighted,Clear,1,1,['Driver'],['None_Used'],1,1,Valid,0.0,0.0,76.0,68.0,"['Male', 'Male']",1,0,4,4,5,Dry,Straight,Level,Lowest,No
26739,40,Oklahoma,400453,0,2,2,0,4,OKLAHOMA CITY,October,20,Friday,19,21,Urban,High Speed (Arterial),No,35.49308056,-97.47511111,Non-Intersection,Dusk,Cloudy,Unknown,Unknown,Unknown EMS Scene Arrival Hour,Unknown EMS Scene Arrival Minutes,Unknown,Unknown EMS Hospital Arrival Time,1,Twilight,Reduced Visibility,1,3,['Driver'],['None_Used'],1,1,Valid,0.0,0.0,70.0,50.0,"['Female', 'Female']",1,0,2,4,5,Dry,Straight,Grade/Hillcrest,Lowest,No
26740,40,Oklahoma,400454,0,3,3,0,5,NOT APPLICABLE,October,21,Saturday,6,49,Rural,Low Speed (Local),No,35.63568889,-97.81623056,Complex/Circle,Dark - Not Lighted,Clear,Unknown,Unknown,Unknown EMS Scene Arrival Hour,Unknown EMS Scene Arrival Minutes,Unknown,Unknown EMS Hospital Arrival Time,1,Dark - Unlighted,Clear,1,4,['Driver'],['None_Used'],0,0,Invalid,0.0,3.0,41.0,37.0,"['Female', 'Male', 'Male']",0,0,3,4,5,Dry,Straight,Level,Lowest,No
26741,40,Oklahoma,400455,0,1,1,0,3,NOT APPLICABLE,October,21,Saturday,8,50,Rural,Medium Speed (Collector),No,36.05721111,-98.44616944,Non-Intersection,Daylight,Cloudy,Unknown,Unknown,Unknown EMS Scene Arrival Hour,Unknown EMS Scene Arrival Minutes,Unknown,Unknown EMS Hospital Arrival Time,1,Daylight,Reduced Visibility,1,2,['Front_Passenger'],['Shoulder_Lapbelt'],1,1,Valid,0.0,0.0,65.0,65.0,['Male'],3,0,2,4,3,Dry,Curve,Grade/Hillcrest,Lowest,No
26742,40,Oklahoma,400456,0,1,1,0,1,NOT APPLICABLE,October,21,Saturday,17,48,Rural,Medium Speed (Collector),No,35.01473056,-97.13423056,Non-Intersection,Daylight,Clear,Unknown,Unknown if Notified,Unknown EMS Scene Arrival Hour,Unknown if Arrived,Not Applicable (Not Transported),Not Applicable (Not Transported),1,Daylight,Clear,1,0,['Driver'],['None_Used'],0,0,Invalid,0.0,0.0,65.0,65.0,['Male'],0,0,2,4,3,Dry,Straight,Level,Lowest,No
26743,40,Oklahoma,400457,1,1,1,0,1,TULSA,October,22,Sunday,0,18,Urban,Medium Speed (Collector),No,36.17703889,-95.91171111,Non-Intersection,Dark - Not Lighted,Cloudy,Unknown,Unknown,Unknown EMS Scene Arrival Hour,Unknown EMS Scene Arrival Minutes,Unknown,Unknown EMS Hospital Arrival Time,1,Dark - Unlighted,Reduced Visibility,0,0,[],[],0,0,Invalid,0.0,0.0,999.0,999.0,['Other'],0,0,3,0,4,Dry,Straight,Level,Lowest,No
26744,40,Oklahoma,400458,0,2,2,0,6,NOT APPLICABLE,October,22,Sunday,15,3,Rural,Medium Speed (Collector),No,33.76596111,-97.14341944,Complex/Circle,Daylight,Cloudy,Unknown,Unknown,Unknown EMS Scene Arrival Hour,Unknown EMS Scene Arrival Minutes,Unknown,Unknown EMS Hospital Arrival Time,1,Daylight,Reduced Visibility,1,5,['Front_Passenger'],['None_Used'],0,0,Valid,0.0,0.0,33.0,30.0,"['Female', 'Male']",1,0,3,4,5,Dry,Straight,Level,Lowest,No
26745,40,Oklahoma,400459,0,1,1,0,1,NOT APPLICABLE,October,23,Monday,0,6,Rural,Medium Speed (Collector),No,36.19786111,-96.92555,Non-Intersection,Dark - Not Lighted,Clear,Unknown,Unknown if Notified,Unknown EMS Scene Arrival Hour,Unknown if Arrived,Not Applicable (Not Transported),Not Applicable (Not Transported),1,Dark - Unlighted,Clear,1,0,['Driver'],['None_Used'],1,1,Valid,0.0,0.0,48.0,48.0,['Male'],0,0,3,4,3,Dry,Straight,Level,Lowest,No
26746,40,Oklahoma,400460,0,1,1,0,1,NOT APPLICABLE,October,23,Monday,7,34,Rural,Medium Speed (Collector),No,34.57811944,-99.22881111,Non-Intersection,Daylight,Cloudy,Unknown,Unknown if Notified,Unknown EMS Scene Arrival Hour,Unknown if Arrived,Not Applicable (Not Transported),Not Applicable (Not Transported),1,Daylight,Reduced Visibility,1,0,['Driver'],['Shoulder_Lapbelt'],0,0,Valid,0.0,0.0,45.0,45.0,['Male'],0,0,1,4,3,Dry,Straight,Level,Lowest,No
26747,40,Oklahoma,400461,0,1,1,0,1,NOT APPLICABLE,October,26,Thursday,21,50,Urban,Medium Speed (Collector),No,35.41988889,-94.57858056,Non-Intersection,Dark - Not Lighted,Clear,Unknown,Unknown,Unknown EMS Scene Arrival Hour,Unknown EMS Scene Arrival Minutes,Unknown,Unknown EMS Hospital Arrival Time,1,Dark - Unlighted,Clear,1,0,['Driver'],['Shoulder_Lapbelt'],0,0,Valid,0.0,0.0,70.0,70.0,['Male'],0,0,3,4,3,Dry,Straight,Level,Lowest,No
26748,40,Oklahoma,400462,0,3,1,2,1,TULSA,October,27,Friday,21,42,Urban,High Speed (Arterial),Yes,36.16191111,-95.82643056,Non-Intersection,Dark - Lighted,Cloudy,Unknown,Unknown,Unknown EMS Scene Arrival Hour,Unknown EMS Scene Arrival Minutes,Unknown,Unknown EMS Hospital Arrival Time,1,Dark - Lighted,Reduced Visibility,1,0,['Driver'],['None_Used'],1,1,Valid,0.0,0.0,44.0,44.0,['Male'],1,0,3,4,5,Dry,Curve,Level,Lowest,No
26749,40,Oklahoma,400463,0,3,3,0,4,TULSA,October,27,Friday,23,40,Urban,High Speed (Arterial),Yes,36.16126944,-95.98756111,Non-Intersection,Dark - Lighted,Clear,Unknown,Unknown,Unknown EMS Scene Arrival Hour,Unknown EMS Scene Arrival Minutes,Unknown,Unknown EMS Hospital Arrival Time,2,Dark - Lighted,Clear,2,2,"['Driver', 'Front_Passenger']","['Shoulder_Lapbelt', 'Shoulder_Lapbelt']",1,1,Invalid,0.0,0.0,47.0,42.0,"['Male', 'Female', 'Male']",4,0,3,4,5,Dry,Straight,Level,Lowest,No
26750,40,Oklahoma,400464,0,2,2,0,3,NOT APPLICABLE,October,29,Sunday,15,15,Rural,High Speed (Arterial),Yes,36.38065833,-95.43466111,Non-Intersection,Daylight,Rain,Unknown,Unknown if Notified,Unknown EMS Scene Arrival Hour,Unknown if Arrived,Not Applicable (Not Transported),Not Applicable (Not Transported),1,Daylight,Rain/Wind/Minor,1,2,['Driver'],['Shoulder_Lapbelt'],0,0,Valid,0.0,0.0,62.0,37.0,"['Male', 'Male']",0,0,4,4,5,Wet/Standing Water,Straight,Level,Lowest,No
26751,40,Oklahoma,400465,0,3,3,0,3,SHAWNEE,October,29,Sunday,20,14,Urban,High Speed (Arterial),Yes,35.3839,-96.90393889,Non-Intersection,Dark - Not Lighted,Clear,Unknown,Unknown,Unknown EMS Scene Arrival Hour,Unknown EMS Scene Arrival Minutes,Unknown,Unknown EMS Hospital Arrival Time,1,Dark - Unlighted,Clear,1,2,['Driver'],['None_Used'],0,0,Valid,1.0,0.0,70.0,26.0,"['Male', 'Male', 'Male']",0,0,4,4,5,Wet/Standing Water,Straight,Grade/Hillcrest,Lowest,No
26752,40,Oklahoma,400466,0,2,2,0,3,NOT APPLICABLE,October,31,Tuesday,9,43,Rural,Medium Speed (Collector),No,35.60965,-95.65973056,Complex/Circle,Daylight,Clear,Unknown,Unknown,Unknown EMS Scene Arrival Hour,Unknown EMS Scene Arrival Minutes,Unknown,Unknown EMS Hospital Arrival Time,2,Daylight,Clear,2,1,"['Driver', 'Front_Passenger']","['Shoulder_Lapbelt', 'Shoulder_Lapbelt']",0,0,Invalid,0.0,2.0,57.0,36.0,"['Male', 'Male']",0,0,4,4,5,Dry,Straight,Level,Lowest,No
26753,40,Oklahoma,400467,1,1,1,0,1,EDMOND,October,28,Saturday,7,23,Urban,High Speed (Arterial),No,35.65271111,-97.47185833,Simple Junction,Dawn,Cloudy,Unknown,Unknown if Notified,Unknown EMS Scene Arrival Hour,Unknown if Arrived,Not Applicable (Not Transported),Not Applicable (Not Transported),1,Twilight,Reduced Visibility,0,1,[],[],0,0,Valid,0.0,0.0,27.0,27.0,['Female'],0,0,3,4,4,Dry,Straight,Level,Lowest,No
26754,40,Oklahoma,400468,0,2,2,0,2,OKLAHOMA CITY,October,31,Tuesday,15,30,Urban,Medium Speed (Collector),No,35.44961944,-97.69366944,Non-Intersection,Daylight,Clear,Unknown,Unknown,Unknown EMS Scene Arrival Hour,Unknown EMS Scene Arrival Minutes,Unknown,Unknown EMS Hospital Arrival Time,1,Daylight,Clear,1,1,['Driver'],['Shoulder_Lapbelt'],0,0,Invalid,0.0,0.0,26.0,18.0,"['Male', 'Male']",1,0,3,4,5,Dry,Straight,Level,Lowest,No
26755,40,Oklahoma,400469,0,2,2,0,2,NORMAN,August,4,Friday,12,12,Urban,High Speed (Arterial),Yes,35.18946389,-97.27854167,Non-Intersection,Daylight,Clear,Unknown,Unknown if Notified,Unknown EMS Scene Arrival Hour,Unknown if Arrived,Not Applicable (Not Transported),Not Applicable (Not Transported),2,Daylight,Clear,2,0,"['Driver', 'Driver']","['Shoulder_Lapbelt', 'Shoulder_Lapbelt']",0,0,Valid,0.0,1.0,72.0,26.0,"['Male', 'Male']",0,0,3,4,5,Dry,Straight,Grade/Hillcrest,Lowest,No
26756,40,Oklahoma,400470,0,2,2,0,2,MIDWEST CITY,September,17,Sunday,10,42,Urban,Medium Speed (Collector),No,35.48753056,-97.37971944,Simple Junction,Daylight,Clear,10:00am-10:59am,58,11:00am-11:59am,8,11:00am-11:59am,26,1,Daylight,Clear,1,1,['Driver'],['Shoulder_Lapbelt'],0,0,Valid,0.0,0.0,75.0,29.0,"['Female', 'Female']",0,0,3,4,5,Dry,Straight,Level,Lowest,No
26757,40,Oklahoma,400472,1,1,1,0,1,ADA,February,23,Thursday,19,35,Urban,Medium Speed (Collector),No,34.78024167,-96.66340833,Complex/Circle,Dark - Not Lighted,Clear,Unknown,Unknown,Unknown EMS Scene Arrival Hour,Unknown EMS Scene Arrival Minutes,Unknown,Unknown EMS Hospital Arrival Time,1,Dark - Unlighted,Clear,0,1,[],[],0,0,Valid,0.0,1.0,39.0,39.0,['Male'],0,0,3,1,4,Dry,Straight,Level,Lowest,No
26758,40,Oklahoma,400473,0,2,2,0,2,MCALESTER,October,23,Monday,16,29,Urban,High Speed (Arterial),Yes,34.92938611,-95.73915833,Non-Intersection,Daylight,Cloudy,Unknown,Unknown,Unknown EMS Scene Arrival Hour,Unknown EMS Scene Arrival Minutes,Unknown,Unknown EMS Hospital Arrival Time,1,Daylight,Reduced Visibility,1,1,['Driver'],['None_Used'],1,1,Valid,0.0,1.0,53.0,53.0,"['Male', 'Male']",1,0,5,4,5,Dry,Curve,Grade/Hillcrest,Lowest,No
26759,40,Oklahoma,400474,0,3,3,0,3,STILLWATER,October,27,Friday,6,33,Urban,High Speed (Arterial),No,36.10701389,-97.05135833,Complex/Circle,Dark - Lighted,Cloudy,Unknown,Unknown if Notified,Unknown EMS Scene Arrival Hour,Unknown if Arrived,Not Applicable (Not Transported),Not Applicable (Not Transported),1,Dark - Lighted,Reduced Visibility,1,2,['Driver'],['None_Used'],0,0,Valid,0.0,0.0,83.0,37.0,"['Male', 'Female', 'Male']",0,0,3,4,5,Dry,Straight,Level,Lowest,No
26760,40,Oklahoma,400475,0,3,2,1,2,NORMAN,October,27,Friday,20,58,Urban,Low Speed (Local),No,35.20016389,-97.44794444,Non-Intersection,Dark - Lighted,Clear,Unknown,Unknown,Unknown EMS Scene Arrival Hour,Unknown EMS Scene Arrival Minutes,Unknown,Unknown EMS Hospital Arrival Time,1,Dark - Lighted,Clear,1,1,['Driver'],['None_Used'],0,0,Valid,0.0,2.0,19.0,18.0,"['Male', 'Male']",1,0,5,4,5,Dry,Straight,Level,Lowest,No
26761,40,Oklahoma,400476,0,1,1,0,1,MEDICINE PARK,October,29,Sunday,1,33,Rural,Medium Speed (Collector),No,34.72505278,-98.46380278,Non-Intersection,Dark - Not Lighted,Rain,Unknown,Unknown if Notified,Unknown EMS Scene Arrival Hour,Unknown if Arrived,Not Applicable (Not Transported),Not Applicable (Not Transported),1,Dark - Unlighted,Rain/Wind/Minor,1,0,['Driver'],['None_Used'],1,1,Valid,0.0,0.0,50.0,50.0,['Female'],0,0,3,4,3,Wet/Standing Water,Curve,Level,Lowest,No
26762,40,Oklahoma,400477,0,2,2,0,2,NORMAN,October,17,Tuesday,2,33,Urban,High Speed (Arterial),No,35.23301111,-97.45316111,Complex/Circle,Dark - Lighted,Clear,Unknown,Unknown if Notified,Unknown EMS Scene Arrival Hour,Unknown if Arrived,Not Applicable (Not Transported),Not Applicable (Not Transported),2,Dark - Lighted,Clear,2,0,"['Driver', 'Driver']","['None_Used', 'Shoulder_Lapbelt']",1,1,Valid,0.0,1.0,34.0,30.0,"['Male', 'Male']",1,0,3,4,5,Dry,Straight,Level,Lowest,No
26763,40,Oklahoma,400478,0,2,2,0,3,NOT APPLICABLE,October,7,Saturday,23,3,Rural,Medium Speed (Collector),No,35.98970278,-97.05068611,Non-Intersection,Dark - Not Lighted,Clear,Unknown,Unknown if Notified,Unknown EMS Scene Arrival Hour,Unknown if Arrived,Not Applicable (Not Transported),Not Applicable (Not Transported),3,Dark - Unlighted,Clear,3,0,"['Driver', 'Driver', 'Front_Passenger']","['None_Used', 'Shoulder_Lapbelt', 'Shoulder_Lapbelt']",1,1,Valid,0.0,0.0,74.0,33.0,"['Female', 'Male']",0,0,3,4,5,Dry,Straight,Level,Lowest,No
26764,40,Oklahoma,400479,0,2,2,0,2,NOT APPLICABLE,November,1,Wednesday,4,37,Rural,High Speed (Arterial),Yes,34.66601944,-95.93811944,Complex/Circle,Dark - Not Lighted,Clear,Unknown,Unknown,Unknown EMS Scene Arrival Hour,Unknown EMS Scene Arrival Minutes,Unknown,Unknown EMS Hospital Arrival Time,1,Dark - Unlighted,Clear,1,1,['Driver'],['None_Used'],0,0,Valid,0.0,1.0,45.0,37.0,"['Female', 'Male']",0,0,4,4,5,Dry,Straight,Level,Lowest,No
26765,40,Oklahoma,400480,1,1,1,0,1,NOT APPLICABLE,November,2,Thursday,5,51,Rural,Medium Speed (Collector),No,34.84136111,-97.63781111,Non-Intersection,Dark - Not Lighted,Clear,Unknown,Unknown if Notified,Unknown EMS Scene Arrival Hour,Unknown if Arrived,Not Applicable (Not Transported),Not Applicable (Not Transported),1,Dark - Unlighted,Clear,0,1,[],[],0,0,Valid,0.0,0.0,49.0,49.0,['Male'],0,0,3,3,4,Dry,Straight,Level,Lowest,No
26766,40,Oklahoma,400481,0,3,3,0,3,EDMOND,November,2,Thursday,7,43,Urban,High Speed (Arterial),Yes,35.70481944,-97.41633056,Non-Intersection,Daylight,Clear,Unknown,Unknown,Unknown EMS Scene Arrival Hour,Unknown EMS Scene Arrival Minutes,Unknown,Unknown EMS Hospital Arrival Time,1,Daylight,Clear,1,2,['Driver'],['Shoulder_Lapbelt'],0,0,Valid,0.0,0.0,59.0,20.0,"['Male', 'Male', 'Male']",0,0,4,4,5,Dry,Straight,Level,Lowest,No
26767,40,Oklahoma,400482,0,1,1,0,1,NOT APPLICABLE,November,2,Thursday,20,15,Rural,High Speed (Arterial),No,35.23381111,-99.78866111,Non-Intersection,Dark - Not Lighted,Clear,Unknown,Unknown,Unknown EMS Scene Arrival Hour,Unknown EMS Scene Arrival Minutes,Unknown,Unknown EMS Hospital Arrival Time,1,Dark - Unlighted,Clear,1,0,['Driver'],['None_Used'],0,0,Valid,0.0,0.0,37.0,37.0,['Female'],1,0,3,4,3,Dry,Curve,Grade/Hillcrest,Lowest,No
26768,40,Oklahoma,400483,0,1,1,0,3,LAWTON,November,4,Saturday,2,7,Urban,Medium Speed (Collector),No,34.60036111,-98.5448,Non-Intersection,Dark - Not Lighted,Clear,Unknown,Unknown,Unknown EMS Scene Arrival Hour,Unknown EMS Scene Arrival Minutes,Unknown,Unknown EMS Hospital Arrival Time,1,Dark - Unlighted,Clear,1,2,['Driver'],['None_Used'],1,1,Valid,0.0,0.0,24.0,24.0,['Male'],3,0,3,4,3,Dry,Curve,Level,Lowest,No
26769,40,Oklahoma,400484,0,1,1,0,6,NOT APPLICABLE,November,4,Saturday,5,10,Rural,Medium Speed (Collector),No,33.66361111,-94.53636111,Non-Intersection,Dark - Not Lighted,Clear,Unknown,Unknown,Unknown EMS Scene Arrival Hour,Unknown EMS Scene Arrival Minutes,Unknown,Unknown EMS Hospital Arrival Time,3,Dark - Unlighted,Clear,3,3,"['Driver', 'Rear_Seat', 'Front_Passenger']","['None_Used', 'None_Used', 'None_Used']",1,1,Invalid,0.0,1.0,21.0,21.0,['Male'],0,0,3,4,3,Dry,Curve,Level,Lowest,No
26770,40,Oklahoma,400485,0,1,1,0,2,NOT APPLICABLE,November,4,Saturday,16,3,Rural,Low Speed (Local),No,35.2546,-99.85895,Non-Intersection,Daylight,Clear,Unknown,Unknown,Unknown EMS Scene Arrival Hour,Unknown EMS Scene Arrival Minutes,Unknown,Unknown EMS Hospital Arrival Time,1,Daylight,Clear,1,1,['Front_Passenger'],['None_Used'],0,0,Invalid,0.0,0.0,12.0,12.0,['Male'],2,0,5,4,3,Dry,Straight,Level,Lowest,No
26771,40,Oklahoma,400486,1,1,1,0,1,OKLAHOMA CITY,November,4,Saturday,17,23,Urban,High Speed (Arterial),Yes,35.54356111,-97.60561944,Simple Junction,Daylight,Cloudy,Unknown,Unknown,Unknown EMS Scene Arrival Hour,Unknown EMS Scene Arrival Minutes,Unknown,Unknown EMS Hospital Arrival Time,1,Daylight,Reduced Visibility,0,1,[],[],0,0,Valid,0.0,0.0,39.0,39.0,['Female'],0,0,3,3,4,Dry,Straight,Level,Lowest,No
26772,40,Oklahoma,400487,0,2,2,0,5,TULSA,November,5,Sunday,21,22,Urban,Medium Speed (Collector),No,36.12981944,-96.00691944,Complex/Circle,Dark - Not Lighted,Clear,Unknown,Unknown,Unknown EMS Scene Arrival Hour,Unknown EMS Scene Arrival Minutes,Unknown,Unknown EMS Hospital Arrival Time,1,Dark - Unlighted,Clear,1,4,['Rear_Seat'],['None_Used'],1,1,Invalid,0.0,1.0,54.0,27.0,"['Male', 'Male']",2,0,5,4,5,Dry,Straight,Level,Lowest,No
26773,40,Oklahoma,400488,0,2,2,0,2,TULSA,November,6,Monday,15,45,Urban,Medium Speed (Collector),No,36.22048056,-95.86883056,Complex/Circle,Daylight,Clear,Unknown,Unknown if Notified,Unknown EMS Scene Arrival Hour,Unknown if Arrived,Not Applicable (Not Transported),Not Applicable (Not Transported),1,Daylight,Clear,1,1,['Driver'],['None_Used'],0,0,Valid,0.0,0.0,63.0,30.0,"['Male', 'Male']",0,0,5,4,5,Dry,Straight,Level,Lowest,No
26774,40,Oklahoma,400489,5,2,1,1,2,NOT APPLICABLE,November,7,Tuesday,16,4,Rural,High Speed (Arterial),Yes,36.39538056,-99.3597,Non-Intersection,Daylight,Clear,Unknown,Unknown,Unknown EMS Scene Arrival Hour,Unknown EMS Scene Arrival Minutes,Unknown,Unknown EMS Hospital Arrival Time,1,Daylight,Clear,0,2,[],[],0,0,Valid,0.0,2.0,47.0,47.0,['Female'],2,0,2,4,5,Dry,Straight,Level,Lowest,No
26775,40,Oklahoma,400490,0,2,2,0,2,NOT APPLICABLE,November,7,Tuesday,16,47,Rural,Medium Speed (Collector),No,36.02511111,-96.76738889,Non-Intersection,Daylight,Clear,Unknown,Unknown if Notified,Unknown EMS Scene Arrival Hour,Unknown if Arrived,Not Applicable (Not Transported),Not Applicable (Not Transported),1,Daylight,Clear,1,1,['Driver'],['None_Used'],0,0,Valid,0.0,1.0,26.0,22.0,"['Female', 'Male']",1,0,5,4,5,Dry,Straight,Grade/Hillcrest,Lowest,No
26776,40,Oklahoma,400491,1,1,1,0,1,TULSA,November,7,Tuesday,16,59,Urban,High Speed (Arterial),Yes,36.08886944,-96.02416944,Non-Intersection,Daylight,Clear,Unknown,Unknown,Unknown EMS Scene Arrival Hour,Unknown EMS Scene Arrival Minutes,Unknown,Unknown EMS Hospital Arrival Time,1,Daylight,Clear,0,1,[],[],0,0,Valid,0.0,0.0,43.0,43.0,['Male'],0,0,3,2,4,Dry,Straight,Level,Lowest,No
26777,40,Oklahoma,400492,1,1,1,0,1,NOT APPLICABLE,November,7,Tuesday,19,23,Rural,Medium Speed (Collector),No,35.33396944,-99.17016111,Non-Intersection,Dark - Not Lighted,Clear,Unknown,Unknown if Notified,Unknown EMS Scene Arrival Hour,Unknown if Arrived,Not Applicable (Not Transported),Not Applicable (Not Transported),1,Dark - Unlighted,Clear,0,1,[],[],0,0,Valid,0.0,0.0,57.0,57.0,['Female'],0,0,3,3,4,Dry,Straight,Level,Lowest,No
26778,40,Oklahoma,400493,0,1,1,0,1,NOT APPLICABLE,November,8,Wednesday,20,28,Rural,Medium Speed (Collector),No,36.11618889,-97.51318889,Non-Intersection,Dark - Not Lighted,Clear,Unknown,Unknown if Notified,Unknown EMS Scene Arrival Hour,Unknown if Arrived,Not Applicable (Not Transported),Not Applicable (Not Transported),1,Dark - Unlighted,Clear,1,0,['Driver'],['None_Used'],1,1,Valid,0.0,0.0,68.0,68.0,['Male'],0,0,5,4,1,Dry,Straight,Grade/Hillcrest,Lowest,No
26779,40,Oklahoma,400494,1,1,1,0,1,NOT APPLICABLE,November,8,Wednesday,20,52,Rural,Medium Speed (Collector),No,35.98556111,-96.71758056,Non-Intersection,Dark - Not Lighted,Clear,Unknown,Unknown if Notified,Unknown EMS Scene Arrival Hour,Unknown if Arrived,Not Applicable (Not Transported),Not Applicable (Not Transported),1,Dark - Unlighted,Clear,0,1,[],[],0,0,Valid,0.0,0.0,20.0,20.0,['Female'],0,0,3,3,4,Dry,Straight,Grade/Hillcrest,Lowest,No
26780,40,Oklahoma,400495,0,1,1,0,1,EL RENO,November,9,Thursday,10,27,Urban,High Speed (Arterial),Yes,35.50073889,-97.8928,Non-Intersection,Daylight,Clear,Unknown,Unknown,Unknown EMS Scene Arrival Hour,Unknown EMS Scene Arrival Minutes,Unknown,Unknown EMS Hospital Arrival Time,1,Daylight,Clear,1,0,['Driver'],['Shoulder_Lapbelt'],0,0,Valid,0.0,0.0,88.0,88.0,['Male'],0,0,3,4,2,Dry,Straight,Level,Lowest,No
26781,40,Oklahoma,400496,0,2,2,0,5,NOT APPLICABLE,November,9,Thursday,13,45,Rural,Medium Speed (Collector),No,34.77133889,-96.9677,Non-Intersection,Daylight,Rain,Unknown,Unknown,Unknown EMS Scene Arrival Hour,Unknown EMS Scene Arrival Minutes,Unknown,Unknown EMS Hospital Arrival Time,1,Daylight,Rain/Wind/Minor,1,4,['Driver'],['Shoulder_Lapbelt'],0,0,Valid,0.0,0.0,53.0,25.0,"['Male', 'Male']",0,0,3,4,5,Wet/Standing Water,Straight,Level,Lowest,No
26782,40,Oklahoma,400497,1,1,1,0,1,OKLAHOMA CITY,November,6,Monday,22,21,Urban,High Speed (Arterial),No,35.3941,-97.5655,Complex/Circle,Dark - Lighted,Clear,Unknown,Unknown,Unknown EMS Scene Arrival Hour,Unknown EMS Scene Arrival Minutes,Unknown,Unknown EMS Hospital Arrival Time,1,Dark - Lighted,Clear,0,1,[],[],0,0,Invalid,0.0,0.0,37.0,37.0,['Female'],0,0,2,3,4,Dry,Straight,Level,Lowest,No
26783,40,Oklahoma,400498,0,2,2,0,4,OKLAHOMA CITY,November,7,Tuesday,19,42,Urban,High Speed (Arterial),No,35.60922222,-97.49846111,Complex/Circle,Dark - Lighted,Clear,Unknown,Unknown,Unknown EMS Scene Arrival Hour,Unknown EMS Scene Arrival Minutes,Unknown,Unknown EMS Hospital Arrival Time,1,Dark - Lighted,Clear,1,3,['Driver'],['Shoulder_Lapbelt'],0,0,Valid,0.0,0.0,63.0,39.0,"['Male', 'Female']",0,0,3,4,5,Dry,Straight,Grade/Hillcrest,Lowest,No
26784,40,Oklahoma,400499,0,2,2,0,2,NOT APPLICABLE,November,9,Thursday,16,8,Rural,Medium Speed (Collector),No,35.08846944,-96.75748056,Non-Intersection,Daylight,Cloudy,Unknown,Unknown if Notified,Unknown EMS Scene Arrival Hour,Unknown if Arrived,Not Applicable (Not Transported),Not Applicable (Not Transported),1,Daylight,Reduced Visibility,1,1,['Driver'],['Shoulder_Lapbelt'],1,1,Invalid,0.0,0.0,39.0,39.0,"['Male', 'Female']",1,0,3,4,5,Wet/Standing Water,Curve,Level,Lowest,No
26785,40,Oklahoma,400500,0,2,2,0,2,NOT APPLICABLE,November,10,Friday,11,58,Rural,Medium Speed (Collector),No,35.26063056,-96.88583056,Non-Intersection,Daylight,Clear,Unknown,Unknown if Notified,Unknown EMS Scene Arrival Hour,Unknown if Arrived,Not Applicable (Not Transported),Not Applicable (Not Transported),2,Daylight,Clear,2,0,"['Driver', 'Driver']","['None_Used', 'Shoulder_Lapbelt']",0,0,Valid,0.0,0.0,77.0,74.0,"['Male', 'Female']",0,0,3,4,5,Dry,Straight,Grade/Hillcrest,Lowest,No