,State_Code,State_Name,Crash_ID,Count_Non_Motorists,Count_Vehicles_Total,Count_Vehicle_Forms,Count_PVH_Involved,Count_Occupants_MV,City_Name,Month_Name,Day_of_Month,Day_of_Week,Crash_Hour,Crash_Minute,Area_Rural_Urban,Road_Functional_Class,On_NHS_Road,Latitude,Longitude,Intersection_Type,Light_Condition,Weather_Condition,Notif_Hour,Notif_Minute,Arrival_Hour,Arrival_Minute,Hospital_Hour,Hospital_Minute,Fatalities_Count,Clean_Light_Condition,Clean_Weather_Condition,Total_Killed,Total_Alive,Fatal_Seats_List,Killed_Restraint_List,Any_Driver_Drinking,Total_Drinking_Drivers,Driver_License_Category,Driver_Max_Prev_Accident_Count,Driver_Max_Prev_Speeding_Count,Max_Driver_Age,Min_Driver_Age,Driver_Sex_List,Total_Exceeding_Limit_Vehicles,Total_Too_Fast_Vehicles,Max_Vehicle_Type_Severity_5,Max_Vehicle_Damage_Rank,Max_Harmful_Event_Severity,Crash_Road_Surface_Condition,Crash_Horizontal_Alignment,Crash_Vertical_Profile,Crash_Impairment_Category,Crash_Vehicle_Defect
26786,40,Oklahoma,400501,0,2,2,0,3,TULSA,November,10,Friday,12,15,Urban,Medium Speed (Collector),No,36.07246111,-95.97576944,Non-Intersection,Daylight,Clear,Unknown,Unknown,Unknown EMS Scene Arrival Hour,Unknown EMS Scene Arrival Minutes,Unknown,Unknown EMS Hospital Arrival Time,1,Daylight,Clear,1,2,['Driver'],['None_Used'],0,0,Invalid,0.0,0.0,45.0,42.0,"['Male', 'Female']",1,0,5,4,5,Dry,Straight,Level,Lowest,Yes
26787,40,Oklahoma,400502,0,2,2,0,2,NOT APPLICABLE,November,10,Friday,17,41,Rural,Medium Speed (Collector),No,36.11623889,-96.87276111,Non-Intersection,Dusk,Clear,Unknown,Unknown,Unknown EMS Scene Arrival Hour,Unknown EMS Scene Arrival Minutes,Unknown,Unknown EMS Hospital Arrival Time,1,Twilight,Clear,1,1,['Driver'],['Shoulder_Lapbelt'],0,0,Valid,0.0,0.0,72.0,48.0,"['Male', 'Female']",0,0,3,4,5,Dry,Straight,Level,Lowest,No
26788,40,Oklahoma,400503,0,2,2,0,5,NOT APPLICABLE,November,10,Friday,19,10,Rural,High Speed (Arterial),Yes,35.2305,-99.01976944,Non-Intersection,Dark - Not Lighted,Clear,Unknown,Unknown,Unknown EMS Scene Arrival Hour,Unknown EMS Scene Arrival Minutes,Unknown,Unknown EMS Hospital Arrival Time,1,Dark - Unlighted,Clear,1,4,['Driver'],['Shoulder_Lapbelt'],1,1,Valid,0.0,0.0,38.0,37.0,"['Male', 'Female']",0,0,3,4,5,Dry,Curve,Level,Lowest,No
26789,40,Oklahoma,400504,0,2,2,0,3,NOT APPLICABLE,November,11,Saturday,4,30,Rural,High Speed (Arterial),Yes,34.92893889,-98.03701944,Non-Intersection,Dark - Not Lighted,Clear,Unknown,Unknown,Unknown EMS Scene Arrival Hour,Unknown EMS Scene Arrival Minutes,Unknown,Unknown EMS Hospital Arrival Time,1,Dark - Unlighted,Clear,1,2,['Driver'],['Shoulder_Lapbelt'],0,0,Valid,1.0,0.0,61.0,35.0,"['Female', 'Male']",1,0,2,4,5,Dry,Straight,Grade/Hillcrest,Lowest,No
26790,40,Oklahoma,400505,0,2,2,0,2,OKLAHOMA CITY,November,15,Wednesday,12,41,Urban,High Speed (Arterial),Yes,35.50428056,-97.57648889,Non-Intersection,Daylight,Clear,Unknown,Unknown,Unknown EMS Scene Arrival Hour,Unknown EMS Scene Arrival Minutes,Unknown,Unknown EMS Hospital Arrival Time,1,Daylight,Clear,1,1,['Driver'],['Shoulder_Lapbelt'],0,0,Valid,0.0,3.0,58.0,53.0,"['Female', 'Male']",1,0,3,4,5,Dry,Straight,Level,Lowest,No
26791,40,Oklahoma,400506,0,2,2,0,2,NOT APPLICABLE,November,15,Wednesday,17,56,Rural,Low Speed (Local),No,36.30718056,-95.47133056,Complex/Circle,Dark - Not Lighted,Cloudy,Unknown,Unknown,Unknown EMS Scene Arrival Hour,Unknown EMS Scene Arrival Minutes,Unknown,Unknown EMS Hospital Arrival Time,1,Dark - Unlighted,Reduced Visibility,1,1,['Driver'],['None_Used'],1,2,Valid,0.0,0.0,56.0,35.0,"['Female', 'Male']",1,0,5,4,5,Dry,Straight,Level,Lowest,No
26792,40,Oklahoma,400507,0,3,3,0,5,NOT APPLICABLE,November,16,Thursday,20,44,Rural,High Speed (Arterial),Yes,34.07086111,-97.1502,Non-Intersection,Dark - Not Lighted,Clear,Unknown,Unknown,Unknown EMS Scene Arrival Hour,Unknown EMS Scene Arrival Minutes,Unknown,Unknown EMS Hospital Arrival Time,1,Dark - Unlighted,Clear,1,4,['Front_Passenger'],['None_Used'],1,1,Valid,0.0,1.0,53.0,29.0,"['Male', 'Male', 'Male']",3,0,4,4,5,Dry,Straight,Level,Lowest,No
26793,40,Oklahoma,400508,0,2,2,0,2,NOT APPLICABLE,November,18,Saturday,12,51,Rural,Low Speed (Local),No,33.97021111,-94.98276944,Simple Junction,Daylight,Clear,Unknown,Unknown,Unknown EMS Scene Arrival Hour,Unknown EMS Scene Arrival Minutes,Unknown,Unknown EMS Hospital Arrival Time,1,Daylight,Clear,1,1,['Driver'],['Shoulder_Lapbelt'],1,1,Invalid,0.0,0.0,49.0,22.0,"['Male', 'Female']",0,0,3,4,5,Dry,Straight,Grade/Hillcrest,Lowest,No
26794,40,Oklahoma,400509,0,1,1,0,1,OKLAHOMA CITY,November,19,Sunday,20,47,Urban,High Speed (Arterial),Yes,35.39178889,-97.55473056,Non-Intersection,Dark - Lighted,Rain,Unknown,Unknown,Unknown EMS Scene Arrival Hour,Unknown EMS Scene Arrival Minutes,Unknown,Unknown EMS Hospital Arrival Time,1,Dark - Lighted,Rain/Wind/Minor,1,0,['Driver'],['None_Used'],0,0,Valid,0.0,0.0,18.0,18.0,['Male'],1,0,3,4,3,Wet/Standing Water,Straight,Level,Lowest,No
26795,40,Oklahoma,400510,0,1,1,0,2,NOT APPLICABLE,November,20,Monday,14,45,Rural,Low Speed (Local),No,36.08761111,-97.87488056,Non-Intersection,Daylight,Cloudy,Unknown,Unknown,Unknown EMS Scene Arrival Hour,Unknown EMS Scene Arrival Minutes,Unknown,Unknown EMS Hospital Arrival Time,1,Daylight,Reduced Visibility,1,1,['Front_Passenger'],['None_Used'],0,0,Valid,0.0,0.0,17.0,17.0,['Male'],2,0,3,4,3,Dry,Straight,Level,Lowest,No
26796,40,Oklahoma,400511,0,2,2,0,9,NOT APPLICABLE,November,21,Tuesday,15,6,Rural,Medium Speed (Collector),No,35.38951111,-99.50548056,Complex/Circle,Daylight,Clear,Unknown,Unknown,Unknown EMS Scene Arrival Hour,Unknown EMS Scene Arrival Minutes,Unknown,Unknown EMS Hospital Arrival Time,6,Daylight,Clear,6,3,"['Rear_Seat', 'Rear_Seat', 'Rear_Seat', 'Rear_Seat', 'Front_Passenger', 'Rear_Seat']","['None_Used', 'Shoulder_Lapbelt', 'None_Used', 'None_Used', 'Shoulder_Lapbelt', 'None_Used']",1,1,Invalid,0.0,6.0,43.0,40.0,"['Male', 'Male']",0,0,3,4,5,Dry,Straight,Level,Lowest,No
26797,40,Oklahoma,400512,1,1,1,0,1,TULSA,November,21,Tuesday,16,30,Urban,Medium Speed (Collector),No,36.21348056,-95.97558889,Non-Intersection,Dark - Not Lighted,Clear,Unknown,Unknown if Notified,Unknown EMS Scene Arrival Hour,Unknown if Arrived,Not Applicable (Not Transported),Not Applicable (Not Transported),1,Dark - Unlighted,Clear,0,0,[],[],0,0,Invalid,0.0,0.0,999.0,999.0,['Other'],0,0,1,0,4,Dry,Straight,Level,Lowest,No
26798,40,Oklahoma,400513,0,1,1,0,3,TULSA,November,21,Tuesday,20,38,Urban,High Speed (Arterial),Yes,36.08693889,-96.0066,Non-Intersection,Dark - Lighted,Clear,Unknown,Unknown,Unknown EMS Scene Arrival Hour,Unknown EMS Scene Arrival Minutes,Unknown,Unknown EMS Hospital Arrival Time,1,Dark - Lighted,Clear,1,2,['Driver'],['Shoulder_Lapbelt'],0,0,Valid,0.0,0.0,72.0,72.0,['Male'],0,0,3,4,3,Dry,Straight,Level,Medium,No
26799,40,Oklahoma,400514,0,1,1,0,2,WOODWARD,November,23,Thursday,13,39,Urban,Low Speed (Local),No,36.41486111,-99.4245,Non-Intersection,Daylight,Clear,Unknown,Unknown,Unknown EMS Scene Arrival Hour,Unknown EMS Scene Arrival Minutes,Unknown,Unknown EMS Hospital Arrival Time,1,Daylight,Clear,1,1,['Front_Passenger'],['None_Used'],0,0,Invalid,0.0,0.0,8.0,8.0,['Female'],2,0,5,3,3,Dry,Curve,Grade/Hillcrest,Lowest,No
26800,40,Oklahoma,400515,0,1,1,0,3,NOT APPLICABLE,November,24,Friday,15,31,Rural,Medium Speed (Collector),No,33.87423889,-94.6526,Non-Intersection,Daylight,Clear,Unknown,Unknown,Unknown EMS Scene Arrival Hour,Unknown EMS Scene Arrival Minutes,Unknown,Unknown EMS Hospital Arrival Time,1,Daylight,Clear,1,2,['Rear_Seat'],['None_Used'],0,0,Valid,0.0,2.0,71.0,71.0,['Female'],0,0,3,4,3,Dry,Straight,Grade/Hillcrest,Lowest,No
26801,40,Oklahoma,400516,0,1,1,0,1,OKLAHOMA CITY,November,26,Sunday,1,5,Urban,High Speed (Arterial),Yes,35.46653056,-97.46356944,Non-Intersection,Dark - Lighted,Freezing Rain or Drizzle,Unknown,Unknown if Notified,Unknown EMS Scene Arrival Hour,Unknown if Arrived,Not Applicable (Not Transported),Not Applicable (Not Transported),1,Dark - Lighted,Snow/Ice/Severe,1,0,['Driver'],['Shoulder_Lapbelt'],0,0,Valid,0.0,0.0,29.0,29.0,['Male'],1,0,4,4,3,Icy/Snowy,Curve,Grade/Hillcrest,Lowest,No
26802,40,Oklahoma,400517,0,1,1,0,1,NOT APPLICABLE,November,26,Sunday,7,8,Rural,Medium Speed (Collector),No,34.579,-97.14211944,Non-Intersection,Dawn,Clear,Unknown,Unknown,Unknown EMS Scene Arrival Hour,Unknown EMS Scene Arrival Minutes,Unknown,Unknown EMS Hospital Arrival Time,1,Twilight,Clear,1,0,['Driver'],['None_Used'],0,0,Valid,1.0,0.0,44.0,44.0,['Male'],1,0,2,4,3,Dry,Curve,Level,Lowest,No
26803,40,Oklahoma,400518,1,1,1,0,1,TULSA,November,26,Sunday,18,49,Urban,Medium Speed (Collector),No,36.11891944,-95.84656111,Non-Intersection,Dark - Not Lighted,Clear,Unknown,Unknown,Unknown EMS Scene Arrival Hour,Unknown EMS Scene Arrival Minutes,Unknown,Unknown EMS Hospital Arrival Time,1,Dark - Unlighted,Clear,0,0,[],[],0,0,Invalid,0.0,0.0,999.0,999.0,['Other'],0,0,1,0,4,Dry,Straight,Level,Lowest,No
26804,40,Oklahoma,400519,0,2,2,0,2,TULSA,November,28,Tuesday,14,46,Urban,High Speed (Arterial),No,36.12205,-95.92241944,Complex/Circle,Daylight,Clear,Unknown,Unknown,Unknown EMS Scene Arrival Hour,Unknown EMS Scene Arrival Minutes,Unknown,Unknown EMS Hospital Arrival Time,1,Daylight,Clear,1,1,['Driver'],['None_Used'],0,0,Valid,0.0,0.0,76.0,41.0,"['Female', 'Male']",1,0,5,4,5,Dry,Straight,Level,Lowest,No
26805,40,Oklahoma,400520,0,2,2,0,3,TULSA,December,2,Saturday,2,13,Urban,High Speed (Arterial),Yes,36.16163056,-95.98846111,Non-Intersection,Dark - Lighted,Clear,Unknown,Unknown,Unknown EMS Scene Arrival Hour,Unknown EMS Scene Arrival Minutes,Unknown,Unknown EMS Hospital Arrival Time,2,Dark - Lighted,Clear,2,1,"['Driver', 'Rear_Seat']","['Shoulder_Lapbelt', 'None_Used']",1,1,Invalid,0.0,1.0,41.0,33.0,"['Male', 'Male']",0,0,3,4,5,Dry,Curve,Level,Lowest,No
26806,40,Oklahoma,400521,0,2,2,0,4,NOT APPLICABLE,December,4,Monday,11,50,Rural,Low Speed (Local),No,36.13123889,-96.92598889,Complex/Circle,Daylight,Clear,Unknown,Unknown,Unknown EMS Scene Arrival Hour,Unknown EMS Scene Arrival Minutes,Unknown,Unknown EMS Hospital Arrival Time,1,Daylight,Clear,1,3,['Front_Passenger'],['None_Used'],0,0,Valid,0.0,0.0,59.0,53.0,"['Male', 'Male']",0,0,4,4,5,Dry,Straight,Level,Lowest,No
26807,40,Oklahoma,400522,0,1,1,0,2,NOT APPLICABLE,December,5,Tuesday,16,36,Rural,High Speed (Arterial),Yes,35.69368056,-96.66238056,Non-Intersection,Daylight,Clear,Unknown,Unknown if Notified,Unknown EMS Scene Arrival Hour,Unknown if Arrived,Not Applicable (Not Transported),Not Applicable (Not Transported),2,Daylight,Clear,2,0,"['Driver', 'Front_Passenger']","['Shoulder_Lapbelt', 'None_Used']",1,1,Valid,0.0,0.0,48.0,48.0,['Male'],0,0,3,4,3,Dry,Straight,Level,Lowest,Yes
26808,40,Oklahoma,400523,0,1,1,0,3,NOT APPLICABLE,December,5,Tuesday,19,6,Rural,Low Speed (Local),No,35.81301944,-95.19481111,Non-Intersection,Dark - Not Lighted,Clear,Unknown,Unknown,Unknown EMS Scene Arrival Hour,Unknown EMS Scene Arrival Minutes,Unknown,Unknown EMS Hospital Arrival Time,1,Dark - Unlighted,Clear,1,2,['Rear_Seat'],['None_Used'],0,0,Valid,0.0,0.0,16.0,16.0,['Male'],3,0,3,4,3,Dry,Straight,Level,Lowest,No
26809,40,Oklahoma,400524,0,2,2,0,5,NOT APPLICABLE,December,6,Wednesday,7,42,Rural,Medium Speed (Collector),No,34.94646389,-96.93075833,Non-Intersection,Daylight,Clear,Unknown,Unknown,Unknown EMS Scene Arrival Hour,Unknown EMS Scene Arrival Minutes,Unknown,Unknown EMS Hospital Arrival Time,1,Daylight,Clear,1,4,['Driver'],['Shoulder_Lapbelt'],0,0,Valid,0.0,0.0,89.0,39.0,"['Male', 'Male']",0,0,3,4,5,Dry,Straight,Grade/Hillcrest,Lowest,No
26810,40,Oklahoma,400525,0,2,2,0,3,NOT APPLICABLE,December,7,Thursday,7,52,Rural,Medium Speed (Collector),No,35.98558889,-96.79316944,Non-Intersection,Daylight,Clear,Unknown,Unknown if Notified,Unknown EMS Scene Arrival Hour,Unknown if Arrived,Not Applicable (Not Transported),Not Applicable (Not Transported),3,Daylight,Clear,3,0,"['Driver', 'Driver', 'Front_Passenger']","['Shoulder_Lapbelt', 'Shoulder_Lapbelt', 'Shoulder_Lapbelt']",0,0,Valid,0.0,0.0,30.0,18.0,"['Male', 'Male']",0,0,3,4,5,Dry,Straight,Level,Medium,No
26811,40,Oklahoma,400526,0,10,10,0,18,NOT APPLICABLE,December,7,Thursday,11,39,Rural,High Speed (Arterial),Yes,34.98041944,-97.9871,Non-Intersection,Daylight,"Fog, Smog, Smoke",Unknown,Unknown,Unknown EMS Scene Arrival Hour,Unknown EMS Scene Arrival Minutes,Unknown,Unknown EMS Hospital Arrival Time,3,Daylight,Reduced Visibility,3,15,"['Driver', 'Front_Passenger', 'Driver']","['Shoulder_Lapbelt', 'Shoulder_Lapbelt', 'Shoulder_Lapbelt']",0,0,Valid,1.0,1.0,77.0,19.0,"['Male', 'Female', 'Male', 'Male', 'Male', 'Male', 'Male', 'Female', 'Male', 'Female']",0,0,4,4,5,Dry,Straight,Grade/Hillcrest,Lowest,No
26812,40,Oklahoma,400527,0,1,1,0,1,NOT APPLICABLE,December,7,Thursday,16,41,Urban,Low Speed (Local),No,35.13713056,-96.79153056,Non-Intersection,Daylight,Severe Crosswinds,Unknown,Unknown if Notified,Unknown EMS Scene Arrival Hour,Unknown if Arrived,Not Applicable (Not Transported),Not Applicable (Not Transported),1,Daylight,Rain/Wind/Minor,1,0,['Driver'],['None_Used'],1,1,Valid,0.0,0.0,73.0,73.0,['Male'],0,0,5,4,3,Dry,Straight,Level,Lowest,No
26813,40,Oklahoma,400528,0,2,2,0,2,TULSA,December,8,Friday,2,36,Urban,Medium Speed (Collector),No,36.08986111,-95.93505,Non-Intersection,Dark - Lighted,Clear,Unknown,Unknown,Unknown EMS Scene Arrival Hour,Unknown EMS Scene Arrival Minutes,Unknown,Unknown EMS Hospital Arrival Time,1,Dark - Lighted,Clear,1,1,['Driver'],['Shoulder_Lapbelt'],1,1,Invalid,0.0,0.0,30.0,29.0,"['Male', 'Female']",0,0,2,4,5,Dry,Straight,Level,Lowest,No
26814,40,Oklahoma,400529,1,1,1,0,1,TULSA,December,8,Friday,3,57,Urban,Medium Speed (Collector),No,36.17865,-95.86876111,Non-Intersection,Dark - Not Lighted,Cloudy,Unknown,Unknown,Unknown EMS Scene Arrival Hour,Unknown EMS Scene Arrival Minutes,Unknown,Unknown EMS Hospital Arrival Time,1,Dark - Unlighted,Reduced Visibility,0,1,[],[],0,0,Valid,0.0,0.0,44.0,44.0,['Male'],0,0,3,3,4,Dry,Straight,Grade/Hillcrest,Lowest,No
26815,40,Oklahoma,400530,1,1,1,0,1,TULSA,December,8,Friday,17,52,Urban,Medium Speed (Collector),No,36.16063889,-95.84161944,Non-Intersection,Dark - Not Lighted,Clear,Unknown,Unknown,Unknown EMS Scene Arrival Hour,Unknown EMS Scene Arrival Minutes,Unknown,Unknown EMS Hospital Arrival Time,1,Dark - Unlighted,Clear,0,1,[],[],0,0,Valid,0.0,0.0,60.0,60.0,['Male'],0,0,3,2,4,Dry,Straight,Level,Lowest,No
26816,40,Oklahoma,400531,0,1,1,0,1,NOT APPLICABLE,December,10,Sunday,13,3,Rural,Medium Speed (Collector),No,35.69551389,-96.91632222,Non-Intersection,Daylight,Clear,Unknown,Unknown if Notified,Unknown EMS Scene Arrival Hour,Unknown if Arrived,Not Applicable (Not Transported),Not Applicable (Not Transported),1,Daylight,Clear,1,0,['Driver'],['Shoulder_Lapbelt'],1,1,Valid,0.0,0.0,37.0,37.0,['Male'],1,0,3,4,3,Dry,Straight,Level,Lowest,No
26817,40,Oklahoma,400532,1,1,1,0,0,HUNTER,December,10,Sunday,14,10,Rural,Low Speed (Local),No,36.5651,-97.65988889,Non-Intersection,Daylight,Clear,Unknown,Unknown,Unknown EMS Scene Arrival Hour,Unknown EMS Scene Arrival Minutes,Unknown,Unknown EMS Hospital Arrival Time,1,Daylight,Clear,0,0,[],[],0,0,Valid,0.0,0.0,49.0,34.0,Other,0,0,3,1,4,Dry,Straight,Level,Lowest,Yes
26818,40,Oklahoma,400533,1,1,1,0,1,NOT APPLICABLE,December,10,Sunday,23,12,Rural,Low Speed (Local),No,36.16965,-95.38658889,Complex/Circle,Dark - Not Lighted,Clear,Unknown,Unknown if Notified,Unknown EMS Scene Arrival Hour,Unknown if Arrived,Not Applicable (Not Transported),Not Applicable (Not Transported),1,Dark - Unlighted,Clear,0,1,[],[],0,0,Valid,0.0,0.0,48.0,48.0,['Male'],0,0,4,4,1,Dry,Straight,Level,Lowest,No
26819,40,Oklahoma,400534,0,1,1,0,1,NOT APPLICABLE,December,10,Sunday,23,24,Rural,Low Speed (Local),No,35.28969722,-96.77730556,Non-Intersection,Dark - Not Lighted,Clear,Unknown,Unknown if Notified,Unknown EMS Scene Arrival Hour,Unknown if Arrived,Not Applicable (Not Transported),Not Applicable (Not Transported),1,Dark - Unlighted,Clear,1,0,['Driver'],['Shoulder_Lapbelt'],0,0,Invalid,0.0,0.0,44.0,44.0,['Male'],1,0,3,4,3,Dry,Curve,Level,Lowest,No
26820,40,Oklahoma,400535,0,1,1,0,1,OKLAHOMA CITY,December,2,Saturday,13,38,Urban,Medium Speed (Collector),No,35.59473611,-97.62374167,Non-Intersection,Daylight,Clear,Unknown,Unknown,Unknown EMS Scene Arrival Hour,Unknown EMS Scene Arrival Minutes,Unknown,Unknown EMS Hospital Arrival Time,1,Daylight,Clear,1,0,['Driver'],['Shoulder_Lapbelt'],1,1,Valid,0.0,0.0,73.0,73.0,['Male'],0,0,3,4,3,Dry,Straight,Level,Lowest,No
26821,40,Oklahoma,400536,0,1,1,0,1,NOT APPLICABLE,December,11,Monday,0,3,Rural,Medium Speed (Collector),No,33.95441111,-97.09138889,Non-Intersection,Dark - Not Lighted,Clear,Unknown,Unknown,Unknown EMS Scene Arrival Hour,Unknown EMS Scene Arrival Minutes,Unknown,Unknown EMS Hospital Arrival Time,1,Dark - Unlighted,Clear,1,0,['Driver'],['None_Used'],1,1,Valid,0.0,0.0,20.0,20.0,['Male'],1,0,2,4,3,Dry,Straight,Level,Lowest,No
26822,40,Oklahoma,400537,0,2,2,0,12,NOT APPLICABLE,December,11,Monday,8,1,Rural,Medium Speed (Collector),No,34.2359,-98.77439722,Non-Intersection,Daylight,Clear,Unknown,Unknown,Unknown EMS Scene Arrival Hour,Unknown EMS Scene Arrival Minutes,Unknown,Unknown EMS Hospital Arrival Time,1,Daylight,Clear,1,11,['Driver'],['Shoulder_Lapbelt'],0,0,Valid,0.0,0.0,59.0,35.0,"['Male', 'Male']",0,0,3,4,5,Dry,Curve,Level,Lowest,No
26823,40,Oklahoma,400538,1,1,1,0,1,OKLAHOMA CITY,December,11,Monday,22,45,Rural,Medium Speed (Collector),No,35.60909167,-97.340225,Simple Junction,Dark - Not Lighted,Cloudy,Unknown,Unknown if Notified,Unknown EMS Scene Arrival Hour,Unknown if Arrived,Not Applicable (Not Transported),Not Applicable (Not Transported),1,Dark - Unlighted,Reduced Visibility,0,0,[],[],0,0,Invalid,0.0,0.0,999.0,999.0,['Other'],0,0,1,0,4,Dry,Straight,Grade/Hillcrest,Lowest,No
26824,40,Oklahoma,400539,0,2,2,0,2,TULSA,December,12,Tuesday,13,0,Urban,High Speed (Arterial),Yes,36.22643889,-95.94521111,Non-Intersection,Daylight,Clear,Unknown,Unknown,Unknown EMS Scene Arrival Hour,Unknown EMS Scene Arrival Minutes,Unknown,Unknown EMS Hospital Arrival Time,1,Daylight,Clear,1,1,['Driver'],['Shoulder_Lapbelt'],0,0,Valid,0.0,0.0,73.0,57.0,"['Male', 'Male']",1,0,4,4,5,Dry,Straight,Level,Lowest,No
26825,40,Oklahoma,400540,0,1,1,0,2,NOT APPLICABLE,December,12,Tuesday,22,39,Rural,Low Speed (Local),No,35.87141944,-97.91488056,Non-Intersection,Dark - Not Lighted,Clear,Unknown,Unknown,Unknown EMS Scene Arrival Hour,Unknown EMS Scene Arrival Minutes,Unknown,Unknown EMS Hospital Arrival Time,1,Dark - Unlighted,Clear,1,1,['Driver'],['None_Used'],1,1,Valid,0.0,0.0,52.0,52.0,['Male'],2,0,5,2,3,Dry,Curve,Level,Lowest,No
26826,40,Oklahoma,400541,0,1,1,0,1,OKLAHOMA CITY,December,13,Wednesday,5,46,Urban,Medium Speed (Collector),No,35.34206944,-97.52995,Simple Junction,Dark - Not Lighted,Cloudy,Unknown,Unknown if Notified,Unknown EMS Scene Arrival Hour,Unknown if Arrived,Not Applicable (Not Transported),Not Applicable (Not Transported),1,Dark - Unlighted,Reduced Visibility,1,0,['Driver'],['Shoulder_Lapbelt'],0,0,Valid,0.0,0.0,46.0,46.0,['Male'],0,0,2,4,3,Dry,Straight,Grade/Hillcrest,Lowest,No
26827,40,Oklahoma,400542,0,2,2,0,2,NOT APPLICABLE,December,14,Thursday,11,1,Rural,Medium Speed (Collector),No,35.93705,-95.33148889,Non-Intersection,Daylight,Clear,Unknown,Unknown if Notified,Unknown EMS Scene Arrival Hour,Unknown if Arrived,Not Applicable (Not Transported),Not Applicable (Not Transported),1,Daylight,Clear,1,1,['Driver'],['None_Used'],0,0,Valid,0.0,1.0,76.0,18.0,"['Male', 'Female']",1,0,5,4,5,Dry,Straight,Level,Lowest,No
26828,40,Oklahoma,400543,0,2,2,0,3,NOT APPLICABLE,December,14,Thursday,13,51,Rural,Medium Speed (Collector),No,36.670575,-94.84087222,Complex/Circle,Daylight,Clear,Unknown,Unknown,Unknown EMS Scene Arrival Hour,Unknown EMS Scene Arrival Minutes,Unknown,Unknown EMS Hospital Arrival Time,1,Daylight,Clear,1,2,['Driver'],['Shoulder_Lapbelt'],0,0,Valid,2.0,0.0,60.0,25.0,"['Female', 'Male']",0,0,4,4,5,Dry,Straight,Level,Lowest,No
26829,40,Oklahoma,400544,0,2,2,0,2,NOT APPLICABLE,December,14,Thursday,15,29,Rural,Low Speed (Local),No,36.30716111,-95.4704,Complex/Circle,Daylight,Clear,Unknown,Unknown,Unknown EMS Scene Arrival Hour,Unknown EMS Scene Arrival Minutes,Unknown,Unknown EMS Hospital Arrival Time,1,Daylight,Clear,1,1,['Driver'],['None_Used'],0,0,Valid,0.0,0.0,67.0,16.0,"['Male', 'Female']",0,0,2,4,5,Dry,Straight,Level,Lowest,No
26830,40,Oklahoma,400545,0,1,1,0,1,NOT APPLICABLE,December,14,Thursday,20,55,Rural,Low Speed (Local),No,35.25328889,-94.56661111,Non-Intersection,Dark - Not Lighted,Clear,Unknown,Unknown,Unknown EMS Scene Arrival Hour,Unknown EMS Scene Arrival Minutes,Unknown,Unknown EMS Hospital Arrival Time,1,Dark - Unlighted,Clear,1,0,['Driver'],['None_Used'],1,1,Valid,0.0,0.0,29.0,29.0,['Male'],1,0,3,4,3,Dry,Curve,Level,Lowest,No
26831,40,Oklahoma,400546,0,2,2,0,4,NOT APPLICABLE,December,15,Friday,11,18,Rural,Medium Speed (Collector),No,36.77413889,-96.2788,Non-Intersection,Daylight,Rain,Unknown,Unknown if Notified,Unknown EMS Scene Arrival Hour,Unknown if Arrived,Not Applicable (Not Transported),Not Applicable (Not Transported),4,Daylight,Rain/Wind/Minor,4,0,"['Driver', 'Front_Passenger', 'Driver', 'Front_Passenger']","['Shoulder_Lapbelt', 'Shoulder_Lapbelt', 'Shoulder_Lapbelt', 'Shoulder_Lapbelt']",0,0,Valid,0.0,0.0,72.0,19.0,"['Female', 'Female']",2,0,3,4,5,Wet/Standing Water,Straight,Level,Lowest,No
26832,40,Oklahoma,400547,0,1,1,0,2,NOT APPLICABLE,December,15,Friday,18,49,Rural,Medium Speed (Collector),No,36.48653889,-94.78228889,Non-Intersection,Dark - Not Lighted,Rain,Unknown,Unknown,Unknown EMS Scene Arrival Hour,Unknown EMS Scene Arrival Minutes,Unknown,Unknown EMS Hospital Arrival Time,1,Dark - Unlighted,Rain/Wind/Minor,1,1,['Driver'],['Shoulder_Lapbelt'],0,0,Valid,0.0,0.0,21.0,21.0,['Female'],2,0,2,4,3,Wet/Standing Water,Straight,Grade/Hillcrest,Lowest,Yes
26833,40,Oklahoma,400548,1,1,1,0,2,TULSA,December,16,Saturday,19,29,Urban,High Speed (Arterial),No,36.04388056,-95.96321111,Non-Intersection,Dark - Not Lighted,Clear,Unknown,Unknown,Unknown EMS Scene Arrival Hour,Unknown EMS Scene Arrival Minutes,Unknown,Unknown EMS Hospital Arrival Time,1,Dark - Unlighted,Clear,0,2,[],[],0,0,Valid,0.0,0.0,40.0,40.0,['Female'],0,0,2,3,4,Dry,Straight,Level,Lowest,No
26834,40,Oklahoma,400549,1,1,1,0,3,OKLAHOMA CITY,December,16,Saturday,19,31,Urban,Medium Speed (Collector),No,35.38451944,-97.53013056,Non-Intersection,Dark - Not Lighted,Clear,Unknown,Unknown if Notified,Unknown EMS Scene Arrival Hour,Unknown if Arrived,Not Applicable (Not Transported),Not Applicable (Not Transported),1,Dark - Unlighted,Clear,0,3,[],[],0,0,Valid,0.0,1.0,55.0,55.0,['Male'],0,0,3,3,4,Dry,Straight,Level,Lowest,No