,State_Code,State_Name,Crash_ID,Count_Non_Motorists,Count_Vehicles_Total,Count_Vehicle_Forms,Count_PVH_Involved,Count_Occupants_MV,City_Name,Month_Name,Day_of_Month,Day_of_Week,Crash_Hour,Crash_Minute,Area_Rural_Urban,Road_Functional_Class,On_NHS_Road,Latitude,Longitude,Intersection_Type,Light_Condition,Weather_Condition,Notif_Hour,Notif_Minute,Arrival_Hour,Arrival_Minute,Hospital_Hour,Hospital_Minute,Fatalities_Count,Clean_Light_Condition,Clean_Weather_Condition,Total_Killed,Total_Alive,Fatal_Seats_List,Killed_Restraint_List,Any_Driver_Drinking,Total_Drinking_Drivers,Driver_License_Category,Driver_Max_Prev_Accident_Count,Driver_Max_Prev_Speeding_Count,Max_Driver_Age,Min_Driver_Age,Driver_Sex_List,Total_Exceeding_Limit_Vehicles,Total_Too_Fast_Vehicles,Max_Vehicle_Type_Severity_5,Max_Vehicle_Damage_Rank,Max_Harmful_Event_Severity,Crash_Road_Surface_Condition,Crash_Horizontal_Alignment,Crash_Vertical_Profile,Crash_Impairment_Category,Crash_Vehicle_Defect
26835,40,Oklahoma,400550,0,1,1,0,1,NOT APPLICABLE,December,18,Monday,13,25,Rural,Medium Speed (Collector),No,36.45176667,-97.28221389,Non-Intersection,Daylight,Clear,Unknown,Unknown,Unknown EMS Scene Arrival Hour,Unknown EMS Scene Arrival Minutes,Unknown,Unknown EMS Hospital Arrival Time,1,Daylight,Clear,1,0,['Driver'],['None_Used'],0,0,Valid,0.0,0.0,62.0,62.0,['Female'],0,0,3,4,3,Dry,Straight,Grade/Hillcrest,Lowest,No
26836,40,Oklahoma,400551,0,2,2,0,2,NOT APPLICABLE,December,18,Monday,14,6,Rural,Medium Speed (Collector),No,35.74078056,-96.18101111,Non-Intersection,Daylight,Clear,Unknown,Unknown if Notified,Unknown EMS Scene Arrival Hour,Unknown if Arrived,Not Applicable (Not Transported),Not Applicable (Not Transported),1,Daylight,Clear,1,1,['Driver'],['None_Used'],0,0,Invalid,0.0,1.0,49.0,33.0,"['Male', 'Male']",0,0,3,4,5,Dry,Straight,Level,Lowest,No
26837,40,Oklahoma,400552,0,1,1,0,4,NOT APPLICABLE,December,18,Monday,18,19,Rural,Medium Speed (Collector),No,35.14573889,-98.04193056,Non-Intersection,Dark - Not Lighted,Clear,Unknown,Unknown,Unknown EMS Scene Arrival Hour,Unknown EMS Scene Arrival Minutes,Unknown,Unknown EMS Hospital Arrival Time,1,Dark - Unlighted,Clear,1,3,['Rear_Seat'],['Shoulder_Lapbelt'],0,0,Valid,0.0,0.0,53.0,53.0,['Female'],4,0,3,4,3,Dry,Straight,Grade/Hillcrest,Lowest,No
26838,40,Oklahoma,400553,0,3,3,0,5,OKLAHOMA CITY,December,17,Sunday,14,7,Urban,High Speed (Arterial),No,35.49315278,-97.48337222,Complex/Circle,Daylight,Clear,Unknown,Unknown,Unknown EMS Scene Arrival Hour,Unknown EMS Scene Arrival Minutes,Unknown,Unknown EMS Hospital Arrival Time,1,Daylight,Clear,1,4,['Driver'],['Shoulder_Lapbelt'],1,1,Invalid,0.0,1.0,51.0,24.0,"['Male', 'Male', 'Female']",1,0,3,4,5,Dry,Straight,Grade/Hillcrest,Lowest,No
26839,40,Oklahoma,400554,0,2,2,0,3,NOT APPLICABLE,December,18,Monday,21,57,Rural,High Speed (Arterial),Yes,33.92155,-97.13363056,Non-Intersection,Dark - Not Lighted,Clear,Unknown,Unknown,Unknown EMS Scene Arrival Hour,Unknown EMS Scene Arrival Minutes,Unknown,Unknown EMS Hospital Arrival Time,1,Dark - Unlighted,Clear,1,1,['Driver'],['None_Used'],0,0,Invalid,0.0,0.0,999.0,38.0,"['Other', 'Male']",0,0,3,4,5,Dry,Straight,Grade/Hillcrest,Lowest,No
26840,40,Oklahoma,400555,0,1,1,0,1,NOT APPLICABLE,December,19,Tuesday,17,3,Urban,Medium Speed (Collector),No,35.50858889,-99.01085,Non-Intersection,Daylight,Clear,Unknown,Unknown,Unknown EMS Scene Arrival Hour,Unknown EMS Scene Arrival Minutes,Unknown,Unknown EMS Hospital Arrival Time,1,Daylight,Clear,1,0,['Driver'],['None_Used'],0,0,Valid,0.0,0.0,79.0,79.0,['Male'],0,0,2,4,3,Dry,Straight,Grade/Hillcrest,Medium,No
26841,40,Oklahoma,400556,0,2,2,0,4,NOT APPLICABLE,December,19,Tuesday,20,44,Rural,Medium Speed (Collector),No,35.20091944,-96.61603889,Non-Intersection,Dark - Not Lighted,Clear,Unknown,Unknown,Unknown EMS Scene Arrival Hour,Unknown EMS Scene Arrival Minutes,Unknown,Unknown EMS Hospital Arrival Time,1,Dark - Unlighted,Clear,1,3,['Driver'],['None_Used'],0,0,Valid,0.0,1.0,32.0,21.0,"['Male', 'Male']",1,0,3,4,5,Dry,Straight,Level,Lowest,No
26842,40,Oklahoma,400557,0,2,2,0,2,NOT APPLICABLE,December,20,Wednesday,11,4,Rural,Medium Speed (Collector),No,34.91328889,-97.28308056,Simple Junction,Daylight,Cloudy,Unknown,Unknown,Unknown EMS Scene Arrival Hour,Unknown EMS Scene Arrival Minutes,Unknown,Unknown EMS Hospital Arrival Time,1,Daylight,Reduced Visibility,1,1,['Driver'],['None_Used'],0,0,Valid,0.0,0.0,60.0,22.0,"['Male', 'Male']",0,0,5,4,5,Dry,Straight,Level,Lowest,No
26843,40,Oklahoma,400558,0,2,2,0,3,NOT APPLICABLE,December,20,Wednesday,12,50,Rural,Medium Speed (Collector),No,35.24633889,-95.30941944,Complex/Circle,Daylight,Clear,Unknown,Unknown,Unknown EMS Scene Arrival Hour,Unknown EMS Scene Arrival Minutes,Unknown,Unknown EMS Hospital Arrival Time,1,Daylight,Clear,1,2,['Driver'],['Shoulder_Lapbelt'],0,0,Valid,0.0,1.0,91.0,20.0,"['Male', 'Male']",0,0,3,4,5,Dry,Straight,Level,Lowest,No
26844,40,Oklahoma,400559,1,1,1,0,3,MOORE,December,22,Friday,22,27,Urban,High Speed (Arterial),Yes,35.30921111,-97.48998889,Non-Intersection,Dark - Lighted,"Fog, Smog, Smoke",Unknown,Unknown if Notified,Unknown EMS Scene Arrival Hour,Unknown if Arrived,Not Applicable (Not Transported),Not Applicable (Not Transported),1,Dark - Lighted,Reduced Visibility,0,3,[],[],0,0,Valid,0.0,0.0,29.0,29.0,['Male'],0,0,3,4,4,Dry,Straight,Level,Lowest,No
26845,40,Oklahoma,400560,0,2,2,0,2,NOT APPLICABLE,December,23,Saturday,0,5,Rural,High Speed (Arterial),Yes,35.53918889,-95.9521,Non-Intersection,Dark - Not Lighted,"Fog, Smog, Smoke",Unknown,Unknown if Notified,Unknown EMS Scene Arrival Hour,Unknown if Arrived,Not Applicable (Not Transported),Not Applicable (Not Transported),1,Dark - Unlighted,Reduced Visibility,1,1,['Driver'],['None_Used'],1,1,Valid,0.0,0.0,46.0,35.0,"['Male', 'Male']",1,0,3,4,5,Dry,Straight,Level,Lowest,No
26846,40,Oklahoma,400561,0,1,1,0,4,NOT APPLICABLE,December,23,Saturday,6,54,Rural,High Speed (Arterial),Yes,35.31548056,-99.61253889,Non-Intersection,Dark - Not Lighted,"Fog, Smog, Smoke",Unknown,Unknown,Unknown EMS Scene Arrival Hour,Unknown EMS Scene Arrival Minutes,Unknown,Unknown EMS Hospital Arrival Time,2,Dark - Unlighted,Reduced Visibility,2,2,"['Driver', 'Rear_Seat']","['Shoulder_Lapbelt', 'None_Used']",0,0,Valid,0.0,0.0,42.0,42.0,['Female'],0,0,3,4,3,Wet/Standing Water,Straight,Level,Lowest,No
26847,40,Oklahoma,400562,0,2,2,0,2,NOT APPLICABLE,December,23,Saturday,12,41,Rural,Medium Speed (Collector),No,35.92986111,-94.86861111,Non-Intersection,Daylight,Cloudy,Unknown,Unknown,Unknown EMS Scene Arrival Hour,Unknown EMS Scene Arrival Minutes,Unknown,Unknown EMS Hospital Arrival Time,1,Daylight,Reduced Visibility,1,1,['Driver'],['None_Used'],0,0,Valid,0.0,0.0,63.0,62.0,"['Male', 'Male']",0,0,5,4,5,Dry,Curve,Level,Lowest,No
26848,40,Oklahoma,400563,0,1,1,0,1,NOT APPLICABLE,December,23,Saturday,16,56,Rural,Medium Speed (Collector),No,36.98578056,-94.64629722,Non-Intersection,Daylight,Clear,Unknown,Unknown,Unknown EMS Scene Arrival Hour,Unknown EMS Scene Arrival Minutes,Unknown,Unknown EMS Hospital Arrival Time,1,Daylight,Clear,1,0,['Driver'],['None_Used'],0,0,Valid,1.0,0.0,39.0,39.0,['Male'],0,0,5,4,3,Dry,Curve,Level,Lowest,No
26849,40,Oklahoma,400564,0,3,3,0,4,OKLAHOMA CITY,December,24,Sunday,20,29,Urban,Low Speed (Local),No,35.46441111,-97.73668056,Non-Intersection,Dark - Not Lighted,Cloudy,Unknown,Unknown,Unknown EMS Scene Arrival Hour,Unknown EMS Scene Arrival Minutes,Unknown,Unknown EMS Hospital Arrival Time,1,Dark - Unlighted,Reduced Visibility,1,3,['Driver'],['Shoulder_Lapbelt'],0,0,Valid,0.0,1.0,39.0,19.0,"['Male', 'Male', 'Female']",3,0,3,4,5,Dry,Straight,Level,Lowest,No
26850,40,Oklahoma,400565,1,2,1,1,1,CHICKASHA,December,25,Monday,11,1,Urban,High Speed (Arterial),Yes,35.04811944,-97.90931944,Non-Intersection,Daylight,Clear,Unknown,Unknown,Unknown EMS Scene Arrival Hour,Unknown EMS Scene Arrival Minutes,Unknown,Unknown EMS Hospital Arrival Time,1,Daylight,Clear,0,1,[],[],0,0,Valid,0.0,0.0,85.0,85.0,['Female'],0,0,3,4,5,Dry,Straight,Level,Lowest,No
26851,40,Oklahoma,400566,0,2,2,0,6,NOT APPLICABLE,December,25,Monday,20,52,Rural,High Speed (Arterial),Yes,34.03225,-95.83275,Non-Intersection,Dark - Not Lighted,Clear,Unknown,Unknown,Unknown EMS Scene Arrival Hour,Unknown EMS Scene Arrival Minutes,Unknown,Unknown EMS Hospital Arrival Time,3,Dark - Unlighted,Clear,3,3,"['Driver', 'Front_Passenger', 'Rear_Seat']","['Shoulder_Lapbelt', 'Shoulder_Lapbelt', 'None_Used']",0,0,Invalid,0.0,0.0,63.0,24.0,"['Male', 'Male']",0,0,3,4,5,Dry,Straight,Level,Lowest,No
26852,40,Oklahoma,400567,0,2,2,0,2,EDMOND,December,28,Thursday,15,48,Urban,Medium Speed (Collector),No,35.72521111,-97.47273056,Non-Intersection,Daylight,Cloudy,Unknown,Unknown,Unknown EMS Scene Arrival Hour,Unknown EMS Scene Arrival Minutes,Unknown,Unknown EMS Hospital Arrival Time,1,Daylight,Reduced Visibility,1,1,['Driver'],['None_Used'],0,0,Valid,0.0,0.0,72.0,26.0,"['Male', 'Male']",0,0,4,4,5,Dry,Straight,Non-Trafficway,Lowest,No
26853,40,Oklahoma,400568,0,2,2,0,2,NOT APPLICABLE,December,28,Thursday,17,53,Rural,High Speed (Arterial),Yes,34.02611944,-95.91095,Non-Intersection,Dark - Not Lighted,Cloudy,Unknown,Unknown,Unknown EMS Scene Arrival Hour,Unknown EMS Scene Arrival Minutes,Unknown,Unknown EMS Hospital Arrival Time,1,Dark - Unlighted,Reduced Visibility,1,1,['Driver'],['None_Used'],0,0,Valid,0.0,0.0,78.0,49.0,"['Female', 'Female']",0,0,3,4,5,Dry,Straight,Grade/Hillcrest,Lowest,No
26854,40,Oklahoma,400569,1,1,1,0,1,OKLAHOMA CITY,December,29,Friday,14,46,Urban,High Speed (Arterial),No,35.40618611,-97.56688333,Non-Intersection,Daylight,Clear,Unknown,Unknown,Unknown EMS Scene Arrival Hour,Unknown EMS Scene Arrival Minutes,Unknown,Unknown EMS Hospital Arrival Time,1,Daylight,Clear,0,1,[],[],0,0,Valid,0.0,4.0,41.0,41.0,['Male'],0,0,3,4,4,Dry,Straight,Grade/Hillcrest,Lowest,No
26855,40,Oklahoma,400570,0,1,1,0,1,OKLAHOMA CITY,March,23,Thursday,14,53,Urban,High Speed (Arterial),Yes,35.43446944,-97.40003889,Non-Intersection,Daylight,Rain,Unknown,Unknown,Unknown EMS Scene Arrival Hour,Unknown EMS Scene Arrival Minutes,Unknown,Unknown EMS Hospital Arrival Time,1,Daylight,Rain/Wind/Minor,1,0,['Driver'],['Shoulder_Lapbelt'],0,0,Valid,0.0,0.0,67.0,67.0,['Female'],1,0,3,4,3,Wet/Standing Water,Curve,Grade/Hillcrest,Lowest,No
26856,40,Oklahoma,400571,0,2,2,0,2,TULSA,September,29,Friday,20,25,Urban,Medium Speed (Collector),No,36.24235,-95.97553889,Non-Intersection,Dark - Not Lighted,Clear,8:00pm-8:59pm,22,8:00pm-8:59pm,35,8:00pm-8:59pm,56,1,Dark - Unlighted,Clear,1,1,['Driver'],['None_Used'],0,0,Valid,0.0,1.0,66.0,40.0,"['Male', 'Male']",0,0,3,4,5,Dry,Straight,Level,Lowest,Yes
26857,40,Oklahoma,400572,0,3,3,0,6,TULSA,October,17,Tuesday,18,28,Urban,High Speed (Arterial),No,35.98836111,-95.92223056,Simple Junction,Daylight,Clear,Unknown,Unknown,Unknown EMS Scene Arrival Hour,Unknown EMS Scene Arrival Minutes,Unknown,Unknown EMS Hospital Arrival Time,1,Daylight,Clear,1,5,['Rear_Seat'],['Shoulder_Lapbelt'],0,0,Valid,0.0,0.0,45.0,18.0,"['Male', 'Female', 'Male']",0,0,3,4,5,Dry,Straight,Level,Lowest,No
26858,40,Oklahoma,400573,0,1,1,0,1,CHOCTAW,January,13,Friday,21,59,Urban,Medium Speed (Collector),No,35.44965,-97.25333889,Non-Intersection,Dark - Lighted,Clear,Unknown,Unknown,Unknown EMS Scene Arrival Hour,Unknown EMS Scene Arrival Minutes,Unknown,Unknown EMS Hospital Arrival Time,1,Dark - Lighted,Clear,1,0,['Driver'],['Shoulder_Lapbelt'],1,1,Valid,0.0,1.0,19.0,19.0,['Male'],0,0,2,4,3,Dry,Straight,Level,Lowest,No
26859,40,Oklahoma,400574,1,1,1,0,1,WARR ACRES,February,9,Thursday,19,5,Urban,High Speed (Arterial),No,35.53685833,-97.62049167,Non-Intersection,Dark - Not Lighted,Clear,Unknown,Unknown,Unknown EMS Scene Arrival Hour,Unknown EMS Scene Arrival Minutes,Unknown,Unknown EMS Hospital Arrival Time,1,Dark - Unlighted,Clear,0,1,[],[],0,0,Valid,0.0,0.0,53.0,53.0,['Male'],0,0,2,4,4,Dry,Straight,Level,Lowest,No
26860,40,Oklahoma,400575,0,1,1,0,1,WOODWARD,March,5,Sunday,19,17,Urban,Medium Speed (Collector),No,36.42345833,-99.37183333,Non-Intersection,Dark - Not Lighted,Clear,Unknown,Unknown,Unknown EMS Scene Arrival Hour,Unknown EMS Scene Arrival Minutes,Unknown,Unknown EMS Hospital Arrival Time,1,Dark - Unlighted,Clear,1,0,['Driver'],['Shoulder_Lapbelt'],0,0,Valid,0.0,0.0,66.0,66.0,['Male'],0,0,2,4,3,Dry,Straight,Level,Medium,No
26861,40,Oklahoma,400576,0,2,2,0,3,OWASSO,March,7,Tuesday,12,8,Urban,High Speed (Arterial),No,36.32203056,-95.84810278,Complex/Circle,Daylight,Cloudy,Unknown,Unknown,Unknown EMS Scene Arrival Hour,Unknown EMS Scene Arrival Minutes,Unknown,Unknown EMS Hospital Arrival Time,1,Daylight,Reduced Visibility,1,2,['Driver'],['Shoulder_Lapbelt'],0,0,Valid,0.0,0.0,78.0,41.0,"['Male', 'Female']",0,0,3,4,5,Dry,Straight,Level,Lowest,No
26862,40,Oklahoma,400577,0,2,2,0,5,TUTTLE,March,24,Friday,17,26,Urban,Medium Speed (Collector),No,35.29091667,-97.68848611,Complex/Circle,Daylight,Clear,Unknown,Unknown,Unknown EMS Scene Arrival Hour,Unknown EMS Scene Arrival Minutes,Unknown,Unknown EMS Hospital Arrival Time,1,Daylight,Clear,1,4,['Driver'],['Shoulder_Lapbelt'],0,0,Valid,0.0,0.0,75.0,39.0,"['Male', 'Male']",0,0,3,4,5,Dry,Straight,Level,Lowest,No
26863,40,Oklahoma,400578,0,2,2,0,2,NORMAN,March,31,Friday,2,6,Urban,High Speed (Arterial),No,35.20385556,-97.42368333,Complex/Circle,Dark - Lighted,Clear,Unknown,Unknown,Unknown EMS Scene Arrival Hour,Unknown EMS Scene Arrival Minutes,Unknown,Unknown EMS Hospital Arrival Time,1,Dark - Lighted,Clear,1,1,['Driver'],['None_Used'],1,1,Valid,0.0,0.0,26.0,20.0,"['Male', 'Female']",1,0,5,4,5,Dry,Straight,Level,Lowest,No
26864,40,Oklahoma,400579,0,1,1,0,1,SHAWNEE,April,9,Sunday,10,41,Urban,Low Speed (Local),No,35.31844167,-96.92981111,Non-Intersection,Daylight,Clear,Unknown,Unknown,Unknown EMS Scene Arrival Hour,Unknown EMS Scene Arrival Minutes,Unknown,Unknown EMS Hospital Arrival Time,1,Daylight,Clear,1,0,['Driver'],['Shoulder_Lapbelt'],0,0,Valid,0.0,0.0,63.0,63.0,['Male'],1,0,3,4,2,Dry,Curve,Level,Lowest,Yes
26865,40,Oklahoma,400580,0,1,1,0,1,BETHANY,May,26,Friday,12,8,Urban,Low Speed (Local),No,35.48933889,-97.63652222,Non-Intersection,Daylight,Cloudy,Unknown,Unknown,Unknown EMS Scene Arrival Hour,Unknown EMS Scene Arrival Minutes,Unknown,Unknown EMS Hospital Arrival Time,1,Daylight,Reduced Visibility,1,0,['Driver'],['Shoulder_Lapbelt'],0,0,Valid,0.0,0.0,68.0,68.0,['Male'],0,0,2,4,3,Dry,Straight,Level,Lowest,No
26866,40,Oklahoma,400581,0,1,1,0,1,OKLAHOMA CITY,June,18,Sunday,5,58,Urban,High Speed (Arterial),Yes,35.41313056,-97.65846389,Non-Intersection,Dawn,Clear,Unknown,Unknown,Unknown EMS Scene Arrival Hour,Unknown EMS Scene Arrival Minutes,Unknown,Unknown EMS Hospital Arrival Time,1,Twilight,Clear,1,0,['Driver'],['Shoulder_Lapbelt'],0,0,Valid,0.0,0.0,58.0,58.0,['Female'],0,0,3,4,2,Dry,Curve,Grade/Hillcrest,Medium,No
26867,40,Oklahoma,400582,0,2,2,0,3,GLENPOOL,June,27,Tuesday,99,99,Urban,High Speed (Arterial),Yes,35.90105833,-96.01599167,Complex/Circle,Daylight,Clear,Unknown,Unknown,Unknown EMS Scene Arrival Hour,Unknown EMS Scene Arrival Minutes,Unknown,Unknown EMS Hospital Arrival Time,1,Daylight,Clear,1,2,['Driver'],['None_Used'],0,0,Valid,0.0,0.0,79.0,63.0,"['Female', 'Male']",0,0,3,4,5,Dry,Straight,Level,Lowest,No
26868,40,Oklahoma,400583,0,1,1,0,1,NOT APPLICABLE,September,30,Saturday,21,37,Rural,Medium Speed (Collector),No,35.1243,-97.67358889,Non-Intersection,Dark - Not Lighted,Clear,9:00pm-9:59pm,15,9:00pm-9:59pm,21,10:00pm-10:59pm,7,1,Dark - Unlighted,Clear,1,0,['Driver'],['None_Used'],0,0,Valid,0.0,1.0,50.0,50.0,['Male'],1,0,5,4,3,Dry,Curve,Level,Lowest,No
26869,40,Oklahoma,400584,0,2,2,0,2,GLENPOOL,November,3,Friday,14,34,Urban,High Speed (Arterial),Yes,35.92286389,-96.01203056,Simple Junction,Daylight,Clear,Unknown,Unknown,Unknown EMS Scene Arrival Hour,Unknown EMS Scene Arrival Minutes,Unknown,Unknown EMS Hospital Arrival Time,1,Daylight,Clear,1,1,['Driver'],['Shoulder_Lapbelt'],0,0,Valid,0.0,0.0,82.0,55.0,"['Female', 'Male']",0,0,3,4,5,Dry,Straight,Level,Lowest,No
26870,40,Oklahoma,400585,0,3,3,0,3,IDABEL,November,10,Friday,15,12,Urban,High Speed (Arterial),Yes,33.88093333,-94.80901389,Complex/Circle,Daylight,Clear,Unknown,Unknown,Unknown EMS Scene Arrival Hour,Unknown EMS Scene Arrival Minutes,Unknown,Unknown EMS Hospital Arrival Time,1,Daylight,Clear,1,2,['Driver'],['None_Used'],0,0,Valid,0.0,0.0,66.0,57.0,"['Male', 'Male', 'Male']",0,0,3,4,5,Dry,Straight,Level,Lowest,No
26871,40,Oklahoma,400586,0,2,2,0,2,POTEAU,November,10,Friday,16,24,Rural,High Speed (Arterial),Yes,35.10571667,-94.63919444,Non-Intersection,Daylight,Clear,Unknown,Unknown,Unknown EMS Scene Arrival Hour,Unknown EMS Scene Arrival Minutes,Unknown,Unknown EMS Hospital Arrival Time,1,Daylight,Clear,1,1,['Driver'],['None_Used'],0,0,Valid,0.0,0.0,69.0,35.0,"['Male', 'Male']",0,0,5,4,5,Dry,Straight,Level,Lowest,No
26872,40,Oklahoma,400587,0,2,2,0,4,GLENPOOL,November,13,Monday,21,23,Urban,High Speed (Arterial),Yes,35.90110278,-96.01576389,Complex/Circle,Dark - Not Lighted,Clear,Unknown,Unknown,Unknown EMS Scene Arrival Hour,Unknown EMS Scene Arrival Minutes,Unknown,Unknown EMS Hospital Arrival Time,1,Dark - Unlighted,Clear,1,3,['Driver'],['Lapbelt_Only'],0,0,Invalid,0.0,1.0,75.0,46.0,"['Female', 'Male']",0,0,3,4,5,Dry,Straight,Level,Lowest,No
26873,40,Oklahoma,400588,1,1,1,0,1,MUSKOGEE,February,17,Friday,22,29,Urban,Low Speed (Local),No,35.72523611,-95.35816944,Non-Intersection,Dark - Not Lighted,Clear,Unknown,Unknown,Unknown EMS Scene Arrival Hour,Unknown EMS Scene Arrival Minutes,Unknown,Unknown EMS Hospital Arrival Time,1,Dark - Unlighted,Clear,0,0,[],[],0,0,Invalid,0.0,0.0,999.0,999.0,['Other'],0,0,1,0,4,Dry,Straight,Level,Lowest,No
26874,40,Oklahoma,400589,1,1,1,0,1,SHAWNEE,April,26,Wednesday,4,22,Urban,High Speed (Arterial),No,35.36138889,-96.9704,Non-Intersection,Dark - Not Lighted,Rain,Unknown,Unknown if Notified,Unknown EMS Scene Arrival Hour,Unknown if Arrived,Not Applicable (Not Transported),Not Applicable (Not Transported),1,Dark - Unlighted,Rain/Wind/Minor,0,1,[],[],0,0,Valid,0.0,0.0,59.0,59.0,['Male'],0,0,3,3,4,Wet/Standing Water,Straight,Level,Lowest,No
26875,40,Oklahoma,400590,0,1,1,0,1,NOT APPLICABLE,June,8,Thursday,18,27,Rural,Medium Speed (Collector),No,35.29076111,-98.67101944,Non-Intersection,Daylight,Clear,Unknown,Unknown,Unknown EMS Scene Arrival Hour,Unknown EMS Scene Arrival Minutes,Unknown,Unknown EMS Hospital Arrival Time,1,Daylight,Clear,1,0,['Driver'],['Shoulder_Lapbelt'],0,0,Valid,0.0,0.0,58.0,58.0,['Male'],0,0,4,4,3,Dry,Straight,Level,Lowest,No
26876,40,Oklahoma,400591,0,2,2,0,3,NOT APPLICABLE,June,10,Saturday,18,22,Rural,Medium Speed (Collector),No,35.50706111,-94.79653056,Complex/Circle,Daylight,Clear,Unknown,Unknown,Unknown EMS Scene Arrival Hour,Unknown EMS Scene Arrival Minutes,Unknown,Unknown EMS Hospital Arrival Time,1,Daylight,Clear,1,2,['Front_Passenger'],['None_Used'],0,0,Valid,0.0,0.0,52.0,41.0,"['Male', 'Female']",0,0,3,4,5,Dry,Straight,Level,Lowest,No
26877,40,Oklahoma,400592,0,1,1,0,2,MCALESTER,January,1,Sunday,1,0,Urban,High Speed (Arterial),Yes,34.9117,-95.745175,Non-Intersection,Dark - Lighted,Clear,Unknown,Unknown,Unknown EMS Scene Arrival Hour,Unknown EMS Scene Arrival Minutes,Unknown,Unknown EMS Hospital Arrival Time,1,Dark - Lighted,Clear,1,1,['Front_Passenger'],['None_Used'],1,1,Valid,0.0,0.0,31.0,31.0,['Female'],0,0,3,1,1,Dry,Straight,Level,Lowest,No
26878,40,Oklahoma,400593,0,2,2,0,1,POTEAU,May,1,Monday,13,40,Rural,High Speed (Arterial),Yes,35.05225833,-94.62543333,Non-Intersection,Daylight,Clear,Unknown,Unknown if Notified,Unknown EMS Scene Arrival Hour,Unknown if Arrived,Not Applicable (Not Transported),Not Applicable (Not Transported),1,Daylight,Clear,1,0,['Driver'],['Shoulder_Lapbelt'],0,0,Valid,0.0,0.0,66.0,66.0,['Female'],0,0,3,4,5,Dry,Straight,Level,Lowest,No
26879,40,Oklahoma,400595,0,2,2,0,2,DURANT,May,17,Wednesday,19,41,Urban,Medium Speed (Collector),No,33.95417222,-96.40628889,Simple Junction,Daylight,Cloudy,Unknown,Unknown if Notified,Unknown EMS Scene Arrival Hour,Unknown if Arrived,Not Applicable (Not Transported),Not Applicable (Not Transported),1,Daylight,Reduced Visibility,1,1,['Driver'],['None_Used'],1,1,Valid,0.0,0.0,31.0,23.0,"['Male', 'Male']",0,0,5,4,5,Dry,Straight,Level,Lowest,No
26880,40,Oklahoma,400596,0,2,2,0,3,GROVE,June,30,Friday,18,34,Urban,High Speed (Arterial),No,36.63193889,-94.81506111,Non-Intersection,Daylight,Clear,Unknown,Unknown,Unknown EMS Scene Arrival Hour,Unknown EMS Scene Arrival Minutes,Unknown,Unknown EMS Hospital Arrival Time,1,Daylight,Clear,1,2,['Driver'],['None_Used'],0,0,Valid,0.0,0.0,73.0,32.0,"['Female', 'Female']",0,0,3,4,5,Dry,Straight,Level,Lowest,No
26881,40,Oklahoma,400597,0,1,1,0,1,NORMAN,July,2,Sunday,0,24,Urban,High Speed (Arterial),Yes,35.20487778,-97.48046389,Non-Intersection,Dark - Lighted,Clear,Unknown,Unknown if Notified,Unknown EMS Scene Arrival Hour,Unknown if Arrived,Not Applicable (Not Transported),Not Applicable (Not Transported),1,Dark - Lighted,Clear,1,0,['Driver'],['Shoulder_Lapbelt'],1,1,Valid,0.0,0.0,18.0,18.0,['Male'],1,0,2,4,3,Dry,Straight,Level,Lowest,No
26882,40,Oklahoma,400598,0,2,2,0,2,SAVANNA,July,13,Thursday,15,59,Rural,High Speed (Arterial),Yes,34.83668056,-95.83633611,Non-Intersection,Daylight,Clear,Unknown,Unknown,Unknown EMS Scene Arrival Hour,Unknown EMS Scene Arrival Minutes,Unknown,Unknown EMS Hospital Arrival Time,1,Daylight,Clear,1,1,['Driver'],['Shoulder_Lapbelt'],0,0,Valid,0.0,0.0,65.0,49.0,"['Male', 'Male']",0,0,3,4,5,Dry,Straight,Level,Lowest,No
26883,40,Oklahoma,400599,0,2,2,0,4,POTEAU,July,21,Friday,21,6,Rural,Medium Speed (Collector),No,35.01499167,-94.66940833,Non-Intersection,Dark - Not Lighted,Cloudy,Unknown,Unknown,Unknown EMS Scene Arrival Hour,Unknown EMS Scene Arrival Minutes,Unknown,Unknown EMS Hospital Arrival Time,2,Dark - Unlighted,Reduced Visibility,2,2,"['Driver', 'Rear_Seat']","['Shoulder_Lapbelt', 'Shoulder_Lapbelt']",0,0,Valid,0.0,0.0,54.0,19.0,"['Female', 'Female']",0,0,2,4,5,Dry,Straight,Grade/Hillcrest,Lowest,No
26884,40,Oklahoma,400600,0,1,1,0,1,BARTLESVILLE,July,22,Saturday,1,55,Urban,High Speed (Arterial),Yes,36.75865278,-95.93551111,Non-Intersection,Dark - Lighted,Clear,Unknown,Unknown,Unknown EMS Scene Arrival Hour,Unknown EMS Scene Arrival Minutes,Unknown,Unknown EMS Hospital Arrival Time,1,Dark - Lighted,Clear,1,0,['Driver'],['None_Used'],0,0,Valid,0.0,0.0,32.0,32.0,['Male'],0,0,5,4,3,Dry,Straight,Level,Lowest,No
26885,40,Oklahoma,400601,0,1,1,0,2,OKLAHOMA CITY,July,29,Saturday,5,2,Urban,High Speed (Arterial),Yes,35.55159722,-97.62365556,Complex/Circle,Dark - Lighted,Clear,Unknown,Unknown,Unknown EMS Scene Arrival Hour,Unknown EMS Scene Arrival Minutes,Unknown,Unknown EMS Hospital Arrival Time,1,Dark - Lighted,Clear,1,1,['Non_Standard_Risk'],['None_Used'],1,1,Invalid,0.0,0.0,23.0,23.0,['Female'],0,0,2,1,1,Dry,Straight,Level,Lowest,No