,State_Code,State_Name,Crash_ID,Count_Non_Motorists,Count_Vehicles_Total,Count_Vehicle_Forms,Count_PVH_Involved,Count_Occupants_MV,City_Name,Month_Name,Day_of_Month,Day_of_Week,Crash_Hour,Crash_Minute,Area_Rural_Urban,Road_Functional_Class,On_NHS_Road,Latitude,Longitude,Intersection_Type,Light_Condition,Weather_Condition,Notif_Hour,Notif_Minute,Arrival_Hour,Arrival_Minute,Hospital_Hour,Hospital_Minute,Fatalities_Count,Clean_Light_Condition,Clean_Weather_Condition,Total_Killed,Total_Alive,Fatal_Seats_List,Killed_Restraint_List,Any_Driver_Drinking,Total_Drinking_Drivers,Driver_License_Category,Driver_Max_Prev_Accident_Count,Driver_Max_Prev_Speeding_Count,Max_Driver_Age,Min_Driver_Age,Driver_Sex_List,Total_Exceeding_Limit_Vehicles,Total_Too_Fast_Vehicles,Max_Vehicle_Type_Severity_5,Max_Vehicle_Damage_Rank,Max_Harmful_Event_Severity,Crash_Road_Surface_Condition,Crash_Horizontal_Alignment,Crash_Vertical_Profile,Crash_Impairment_Category,Crash_Vehicle_Defect
26886,40,Oklahoma,400602,0,1,1,0,1,NORMAN,August,7,Monday,8,51,Urban,Low Speed (Local),No,35.24056389,-97.51205556,Simple Junction,Daylight,Clear,8:00am-8:59am,53,9:00am-9:59am,2,9:00am-9:59am,27,1,Daylight,Clear,1,0,['Driver'],['Shoulder_Lapbelt'],0,0,Valid,0.0,0.0,91.0,91.0,['Male'],0,0,3,4,2,Dry,Straight,Level,Lowest,No
26887,40,Oklahoma,400603,1,1,1,0,0,EDMOND,August,17,Thursday,23,44,Rural,Low Speed (Local),No,35.65311111,-97.48731667,Non-Intersection,Dark - Lighted,Clear,Unknown,Unknown,Unknown EMS Scene Arrival Hour,Unknown EMS Scene Arrival Minutes,Unknown,Unknown EMS Hospital Arrival Time,1,Dark - Lighted,Clear,0,0,[],[],0,0,Valid,0.0,0.0,49.0,34.0,Other,0,0,3,3,4,Dry,Straight,Non-Trafficway,Lowest,No
26888,40,Oklahoma,400604,0,1,1,0,1,ENID,September,12,Tuesday,0,31,Urban,Medium Speed (Collector),No,36.39787778,-97.87124167,Non-Intersection,Dark - Unknown Lighting,Clear,Unknown,Unknown if Notified,Unknown EMS Scene Arrival Hour,Unknown if Arrived,Unknown,Unknown if Transported,1,Dark - Unlighted,Clear,1,0,['Driver'],['None_Used'],1,1,Valid,0.0,0.0,63.0,63.0,['Male'],0,0,3,1,2,Wet/Standing Water,Straight,Level,Lowest,No
26889,40,Oklahoma,400605,0,2,2,0,2,NOT APPLICABLE,September,14,Thursday,16,6,Rural,Medium Speed (Collector),No,35.7408,-96.13921944,Complex/Circle,Daylight,Clear,11:00pm-11:59pm,3,11:00pm-11:59pm,25,0:00am-0:59am,8,1,Daylight,Clear,1,1,['Driver'],['Shoulder_Lapbelt'],0,0,Valid,0.0,0.0,63.0,34.0,"['Female', 'Female']",0,0,3,4,5,Dry,Straight,Level,Lowest,No
26890,40,Oklahoma,400606,0,3,3,0,5,TULSA,September,17,Sunday,15,30,Urban,High Speed (Arterial),Yes,36.23135,-95.84938889,Non-Intersection,Daylight,Clear,Unknown,Unknown,Unknown EMS Scene Arrival Hour,Unknown EMS Scene Arrival Minutes,Unknown,Unknown EMS Hospital Arrival Time,1,Daylight,Clear,1,4,['Front_Passenger'],['Shoulder_Lapbelt'],0,0,Valid,0.0,0.0,83.0,21.0,"['Male', 'Female', 'Male']",0,0,3,4,5,Dry,Straight,Level,Lowest,Yes
26891,40,Oklahoma,400607,0,3,3,0,4,ADA,September,21,Thursday,9,55,Urban,High Speed (Arterial),No,34.78984722,-96.67885556,Complex/Circle,Daylight,Clear,10:00am-10:59am,3,10:00am-10:59am,8,10:00am-10:59am,28,2,Daylight,Clear,2,2,"['Driver', 'Driver']","['Shoulder_Lapbelt', 'None_Used']",0,0,Valid,0.0,0.0,85.0,48.0,"['Male', 'Male', 'Male']",0,0,3,4,5,Dry,Straight,Level,Lowest,No
26892,40,Oklahoma,400608,1,1,1,0,1,ENID,October,11,Wednesday,14,57,Urban,Medium Speed (Collector),No,36.40536111,-97.92599167,Complex/Circle,Daylight,Clear,Unknown,Unknown,Unknown EMS Scene Arrival Hour,Unknown EMS Scene Arrival Minutes,Unknown,Unknown EMS Hospital Arrival Time,1,Daylight,Clear,0,1,[],[],0,0,Invalid,0.0,1.0,49.0,49.0,['Male'],0,0,3,1,4,Dry,Straight,Level,Lowest,No
26893,40,Oklahoma,400609,0,1,1,0,1,CHOCTAW,October,17,Tuesday,14,1,Rural,Low Speed (Local),No,35.51168056,-97.23045278,Non-Intersection,Daylight,Clear,Unknown,Unknown if Notified,Unknown EMS Scene Arrival Hour,Unknown if Arrived,Not Applicable (Not Transported),Not Applicable (Not Transported),1,Daylight,Clear,1,0,['Driver'],['None_Used'],0,0,Valid,0.0,0.0,55.0,55.0,['Male'],1,0,5,4,2,Dry,Curve,Level,Lowest,No
26894,40,Oklahoma,400610,0,1,1,0,1,CHOCTAW,November,11,Saturday,9,33,Urban,Medium Speed (Collector),No,35.45212222,-97.26493333,Non-Intersection,Daylight,Clear,Unknown,Unknown,Unknown EMS Scene Arrival Hour,Unknown EMS Scene Arrival Minutes,Unknown,Unknown EMS Hospital Arrival Time,1,Daylight,Clear,1,0,['Driver'],['Lapbelt_Only'],0,0,Valid,0.0,0.0,69.0,69.0,['Female'],0,0,3,4,3,Dry,Straight,Level,Lowest,No
26895,40,Oklahoma,400611,0,2,2,0,2,ARDMORE,March,11,Saturday,17,35,Urban,Medium Speed (Collector),No,34.19390278,-97.160475,Complex/Circle,Daylight,Clear,Unknown,Unknown,Unknown EMS Scene Arrival Hour,Unknown EMS Scene Arrival Minutes,Unknown,Unknown EMS Hospital Arrival Time,1,Daylight,Clear,1,1,['Driver'],['Shoulder_Lapbelt'],0,0,Valid,0.0,0.0,61.0,17.0,"['Male', 'Male']",0,0,3,4,5,Dry,Straight,Level,Lowest,No
26896,40,Oklahoma,400612,0,1,1,0,1,DURANT,November,3,Friday,12,26,Urban,High Speed (Arterial),Yes,33.99917778,-96.40331389,Non-Intersection,Daylight,Clear,Unknown,Unknown,Unknown EMS Scene Arrival Hour,Unknown EMS Scene Arrival Minutes,Unknown,Unknown EMS Hospital Arrival Time,1,Daylight,Clear,1,0,['Driver'],['Shoulder_Lapbelt'],0,0,Invalid,0.0,0.0,51.0,51.0,['Male'],0,0,3,4,3,Dry,Straight,Level,Medium,No
26897,40,Oklahoma,400613,0,2,2,0,5,PRYOR,November,17,Friday,15,37,Urban,High Speed (Arterial),Yes,36.28148889,-95.32843333,Non-Intersection,Daylight,Clear,Unknown,Unknown,Unknown EMS Scene Arrival Hour,Unknown EMS Scene Arrival Minutes,Unknown,Unknown EMS Hospital Arrival Time,1,Daylight,Clear,1,4,['Driver'],['None_Used'],0,0,Valid,0.0,0.0,55.0,41.0,"['Male', 'Female']",1,0,5,4,5,Dry,Straight,Level,Lowest,No
26898,40,Oklahoma,400614,0,1,1,0,1,OKLAHOMA CITY,November,27,Monday,21,15,Rural,Low Speed (Local),No,35.58121667,-97.63547222,Non-Intersection,Dark - Lighted,Cloudy,Unknown,Unknown,Unknown EMS Scene Arrival Hour,Unknown EMS Scene Arrival Minutes,Unknown,Unknown EMS Hospital Arrival Time,1,Dark - Lighted,Reduced Visibility,1,0,['Driver'],['Shoulder_Lapbelt'],0,0,Valid,0.0,0.0,66.0,66.0,['Male'],1,0,2,4,4,Dry,Straight,Non-Trafficway,Lowest,No
26899,40,Oklahoma,400615,0,1,1,0,1,MUSKOGEE,November,27,Monday,22,6,Urban,Medium Speed (Collector),No,35.72619167,-95.32801111,Non-Intersection,Dark - Not Lighted,Clear,Unknown,Unknown if Notified,Unknown EMS Scene Arrival Hour,Unknown if Arrived,Not Applicable (Not Transported),Not Applicable (Not Transported),1,Dark - Unlighted,Clear,1,0,['Driver'],['Shoulder_Lapbelt'],0,0,Invalid,0.0,0.0,36.0,36.0,['Male'],1,0,2,4,3,Dry,Straight,Level,Lowest,No
26900,40,Oklahoma,400616,0,1,1,0,2,BROKEN ARROW,June,7,Wednesday,21,20,Urban,High Speed (Arterial),No,36.0174,-95.79930278,Non-Intersection,Dark - Not Lighted,Clear,Unknown,Unknown,Unknown EMS Scene Arrival Hour,Unknown EMS Scene Arrival Minutes,Unknown,Unknown EMS Hospital Arrival Time,2,Dark - Unlighted,Clear,2,0,"['Driver', 'Rear_Seat']","['None_Used', 'None_Used']",0,0,Valid,0.0,0.0,50.0,50.0,['Male'],2,0,5,4,2,Dry,Straight,Level,Lowest,No
26901,40,Oklahoma,400617,0,1,1,0,1,TISHOMINGO,December,1,Friday,18,0,Rural,Low Speed (Local),No,34.23801944,-96.68628056,Non-Intersection,Dark - Not Lighted,Clear,Unknown,Unknown if Notified,Unknown EMS Scene Arrival Hour,Unknown if Arrived,Not Applicable (Not Transported),Not Applicable (Not Transported),1,Dark - Unlighted,Clear,1,0,['Driver'],['Shoulder_Lapbelt'],0,0,Invalid,0.0,0.0,72.0,72.0,['Male'],0,0,3,4,4,Wet/Standing Water,Curve,Level,Lowest,Yes
26902,40,Oklahoma,400618,0,2,2,0,2,TULSA,December,7,Thursday,7,59,Urban,Medium Speed (Collector),No,36.15356111,-95.99393056,Complex/Circle,Daylight,Clear,Not Applicable (Not Notified),Not Applicable (Not Notified),Not Applicable,Not Applicable,Not Applicable (Not Transported),Not Applicable (Not Transported),1,Daylight,Clear,1,1,['Driver'],['Shoulder_Lapbelt'],0,0,Invalid,0.0,0.0,58.0,17.0,"['Male', 'Male']",0,0,3,3,5,Dry,Straight,Grade/Hillcrest,Medium,No
26903,40,Oklahoma,400619,0,1,1,0,1,MUSKOGEE,December,11,Monday,18,12,Urban,High Speed (Arterial),Yes,35.73173056,-95.38019722,Non-Intersection,Daylight,Clear,Unknown,Unknown if Notified,Unknown EMS Scene Arrival Hour,Unknown if Arrived,Not Applicable (Not Transported),Not Applicable (Not Transported),1,Daylight,Clear,1,0,['Driver'],['None_Used'],0,0,Valid,0.0,0.0,63.0,63.0,['Male'],0,0,3,4,4,Dry,Straight,Level,Lowest,No
26904,40,Oklahoma,400620,0,5,5,0,6,NORMAN,December,13,Wednesday,7,34,Urban,High Speed (Arterial),No,35.25950833,-97.42369167,Non-Intersection,Daylight,Cloudy,Unknown,Unknown,Unknown EMS Scene Arrival Hour,Unknown EMS Scene Arrival Minutes,Unknown,Unknown EMS Hospital Arrival Time,1,Daylight,Reduced Visibility,1,5,['Front_Passenger'],['Shoulder_Lapbelt'],0,0,Valid,0.0,1.0,62.0,20.0,"['Male', 'Male', 'Male', 'Female', 'Male']",0,0,3,4,5,Dry,Straight,Grade/Hillcrest,Medium,No
26905,40,Oklahoma,400621,0,3,3,0,6,OKLAHOMA CITY,December,17,Sunday,20,0,Urban,Medium Speed (Collector),No,35.62362778,-97.54357222,Simple Junction,Dark - Not Lighted,Clear,Unknown,Unknown,Unknown EMS Scene Arrival Hour,Unknown EMS Scene Arrival Minutes,Unknown,Unknown EMS Hospital Arrival Time,1,Dark - Unlighted,Clear,1,5,['Front_Passenger'],['Shoulder_Lapbelt'],0,0,Valid,0.0,1.0,87.0,18.0,"['Female', 'Male', 'Female']",0,0,3,4,5,Dry,Straight,Level,Lowest,No
26906,40,Oklahoma,400622,0,1,1,0,1,OWASSO,December,24,Sunday,1,50,Urban,Low Speed (Local),No,36.32049722,-95.82234722,Non-Intersection,Dark - Not Lighted,Rain,Unknown,Unknown if Notified,Unknown EMS Scene Arrival Hour,Unknown if Arrived,Not Applicable (Not Transported),Not Applicable (Not Transported),1,Dark - Unlighted,Rain/Wind/Minor,1,0,['Driver'],['Shoulder_Lapbelt'],1,1,Invalid,0.0,0.0,29.0,29.0,['Female'],1,0,3,4,3,Wet/Standing Water,Curve,Level,Lowest,No
26907,40,Oklahoma,400623,0,2,2,0,2,MIDWEST CITY,December,30,Saturday,15,27,Urban,High Speed (Arterial),No,35.46409444,-97.37257222,Non-Intersection,Daylight,Clear,Unknown,Unknown,Unknown EMS Scene Arrival Hour,Unknown EMS Scene Arrival Minutes,Unknown,Unknown EMS Hospital Arrival Time,1,Daylight,Clear,1,1,['Driver'],['None_Used'],0,0,Valid,0.0,0.0,67.0,57.0,"['Male', 'Female']",0,0,5,4,5,Dry,Straight,Level,Lowest,No
26908,40,Oklahoma,400624,0,4,4,0,6,SHAWNEE,February,8,Wednesday,9,15,Rural,High Speed (Arterial),Yes,35.35445833,-96.91219167,Complex/Circle,Daylight,Rain,Unknown,Unknown,Unknown EMS Scene Arrival Hour,Unknown EMS Scene Arrival Minutes,Unknown,Unknown EMS Hospital Arrival Time,1,Daylight,Rain/Wind/Minor,1,5,['Driver'],['Shoulder_Lapbelt'],0,0,Valid,0.0,0.0,57.0,32.0,"['Male', 'Male', 'Female', 'Female']",1,0,3,4,5,Wet/Standing Water,Straight,Level,Lowest,No
26909,40,Oklahoma,400625,1,1,1,0,1,BIXBY,May,3,Wednesday,18,51,Urban,High Speed (Arterial),Yes,35.91672222,-95.884,Non-Intersection,Daylight,Clear,Unknown,Unknown,Unknown EMS Scene Arrival Hour,Unknown EMS Scene Arrival Minutes,Unknown,Unknown EMS Hospital Arrival Time,1,Daylight,Clear,0,1,[],[],0,0,Valid,0.0,0.0,52.0,52.0,['Male'],0,0,3,3,4,Dry,Curve,Level,Lowest,No
26910,40,Oklahoma,400626,1,1,1,0,1,SHAWNEE,May,11,Thursday,21,2,Urban,High Speed (Arterial),Yes,35.36462778,-96.91212778,Non-Intersection,Not Reported,Not Reported,Unknown,Unknown,Unknown EMS Scene Arrival Hour,Unknown EMS Scene Arrival Minutes,Unknown,Unknown EMS Hospital Arrival Time,1,Dark - Unlighted,Clear,0,1,[],[],0,0,Valid,0.0,0.0,75.0,75.0,['Female'],0,0,2,3,4,Dry,Straight,Level,Lowest,No
26911,40,Oklahoma,400627,0,1,1,0,4,BIXBY,July,22,Saturday,0,20,Urban,Low Speed (Local),No,35.94468333,-95.87767222,Complex/Circle,Dark - Not Lighted,Clear,Unknown,Unknown,Unknown EMS Scene Arrival Hour,Unknown EMS Scene Arrival Minutes,Unknown,Unknown EMS Hospital Arrival Time,1,Dark - Unlighted,Clear,1,3,['Front_Passenger'],['None_Used'],0,0,Invalid,0.0,0.0,19.0,19.0,['Male'],4,0,2,4,3,Dry,Straight,Level,Lowest,No
26912,40,Oklahoma,400628,0,2,2,0,2,SPENCER,August,1,Tuesday,16,38,Urban,Medium Speed (Collector),No,35.50749444,-97.35226667,Non-Intersection,Daylight,Clear,Unknown,Unknown,Unknown EMS Scene Arrival Hour,Unknown EMS Scene Arrival Minutes,Unknown,Unknown EMS Hospital Arrival Time,1,Daylight,Clear,1,1,['Driver'],['None_Used'],0,0,Valid,0.0,0.0,76.0,38.0,"['Female', 'Male']",0,0,3,4,5,Dry,Straight,Grade/Hillcrest,Lowest,No
26913,40,Oklahoma,400629,0,1,1,0,1,SPENCER,October,21,Saturday,23,55,Urban,Medium Speed (Collector),No,35.49577222,-97.38876389,Non-Intersection,Dark - Unknown Lighting,Not Reported,Unknown,Unknown,Unknown EMS Scene Arrival Hour,Unknown EMS Scene Arrival Minutes,Unknown,Unknown EMS Hospital Arrival Time,1,Dark - Unlighted,Clear,1,0,['Driver'],['None_Used'],0,0,Invalid,0.0,0.0,39.0,39.0,['Male'],1,0,3,4,3,Dry,Straight,Level,Lowest,No
26914,40,Oklahoma,400630,0,2,2,0,2,COLLINSVILLE,January,27,Friday,14,59,Urban,Low Speed (Local),No,36.37228889,-95.82124167,Non-Intersection,Daylight,Clear,Unknown,Unknown if Notified,Unknown EMS Scene Arrival Hour,Unknown if Arrived,Not Applicable (Not Transported),Not Applicable (Not Transported),1,Daylight,Clear,1,1,['Driver'],['None_Used'],0,0,Valid,0.0,0.0,42.0,40.0,"['Male', 'Female']",0,0,5,4,5,Dry,Curve,Level,Lowest,No
26915,40,Oklahoma,400631,0,2,2,0,2,CALERA,July,10,Monday,19,20,Rural,High Speed (Arterial),Yes,33.89416667,-96.4775,Non-Intersection,Daylight,Clear,Unknown,Unknown,Unknown EMS Scene Arrival Hour,Unknown EMS Scene Arrival Minutes,Unknown,Unknown EMS Hospital Arrival Time,1,Daylight,Clear,1,1,['Driver'],['None_Used'],1,1,Valid,0.0,0.0,62.0,28.0,"['Male', 'Male']",0,0,4,4,5,Dry,Straight,Level,Lowest,No
26916,40,Oklahoma,400632,0,2,2,0,2,DUNCAN,August,21,Monday,21,13,Urban,High Speed (Arterial),No,34.52166389,-97.99646944,Complex/Circle,Dark - Not Lighted,Clear,Unknown,Unknown,Unknown EMS Scene Arrival Hour,Unknown EMS Scene Arrival Minutes,Unknown,Unknown EMS Hospital Arrival Time,1,Dark - Unlighted,Clear,1,1,['Driver'],['None_Used'],0,0,Invalid,0.0,0.0,55.0,40.0,"['Male', 'Male']",0,0,3,4,5,Dry,Straight,Level,Lowest,No
26917,40,Oklahoma,400633,1,1,1,0,1,LAWTON,February,21,Tuesday,18,55,Urban,High Speed (Arterial),No,34.57998056,-98.40474444,Complex/Circle,Dark - Lighted,Cloudy,Unknown,Unknown if Notified,Unknown EMS Scene Arrival Hour,Unknown if Arrived,Not Applicable (Not Transported),Not Applicable (Not Transported),1,Dark - Lighted,Reduced Visibility,0,1,[],[],1,1,Valid,0.0,0.0,25.0,25.0,['Male'],0,0,2,3,4,Dry,Straight,Level,Lowest,No
26918,40,Oklahoma,400634,0,1,1,0,1,EDMOND,March,10,Friday,19,24,Rural,Low Speed (Local),No,35.65008333,-97.41958889,Non-Intersection,Dark - Not Lighted,Clear,Unknown,Unknown,Unknown EMS Scene Arrival Hour,Unknown EMS Scene Arrival Minutes,Unknown,Unknown EMS Hospital Arrival Time,1,Dark - Unlighted,Clear,1,0,['Driver'],['Shoulder_Lapbelt'],0,0,Valid,0.0,0.0,36.0,36.0,['Male'],0,0,2,2,2,Dry,Straight,Level,Lowest,No
26919,40,Oklahoma,400635,1,1,1,0,1,LAWTON,May,26,Friday,21,35,Urban,High Speed (Arterial),No,34.623375,-98.471725,Non-Intersection,Dark - Lighted,Clear,Unknown,Unknown,Unknown EMS Scene Arrival Hour,Unknown EMS Scene Arrival Minutes,Unknown,Unknown EMS Hospital Arrival Time,1,Dark - Lighted,Clear,0,1,[],[],1,1,Valid,0.0,0.0,47.0,47.0,['Male'],0,0,2,3,4,Dry,Straight,Level,Lowest,No
26920,40,Oklahoma,400636,0,2,2,0,4,LAWTON,August,1,Tuesday,6,12,Urban,High Speed (Arterial),Yes,34.59435278,-98.33437222,Complex/Circle,Dawn,Clear,Unknown,Unknown,Unknown EMS Scene Arrival Hour,Unknown EMS Scene Arrival Minutes,Unknown,Unknown EMS Hospital Arrival Time,1,Twilight,Clear,1,3,['Driver'],['Shoulder_Lapbelt'],0,0,Invalid,0.0,0.0,61.0,40.0,"['Male', 'Male']",0,0,4,4,5,Dry,Straight,Level,Lowest,No
26921,40,Oklahoma,400637,1,1,1,0,2,LAWTON,August,30,Wednesday,5,44,Urban,High Speed (Arterial),No,34.62348056,-98.46275556,Non-Intersection,Dark - Not Lighted,Clear,5:00am-5:59am,51,6:00am-6:59am,2,6:00am-6:59am,20,1,Dark - Unlighted,Clear,0,2,[],[],0,0,Valid,0.0,0.0,53.0,53.0,['Female'],0,0,3,3,4,Dry,Straight,Level,Lowest,No
26922,40,Oklahoma,400638,1,1,1,0,3,ATOKA,September,24,Sunday,20,13,Rural,High Speed (Arterial),Yes,34.38409167,-96.12911944,Complex/Circle,Dark - Lighted,Clear,Unknown,Unknown,Unknown EMS Scene Arrival Hour,Unknown EMS Scene Arrival Minutes,Unknown,Unknown EMS Hospital Arrival Time,1,Dark - Lighted,Clear,0,3,[],[],0,0,Valid,0.0,0.0,36.0,36.0,['Male'],0,0,3,2,4,Dry,Straight,Level,Lowest,No
26923,40,Oklahoma,400639,1,1,1,0,1,SAND SPRINGS,March,3,Friday,5,50,Urban,Medium Speed (Collector),No,36.14094444,-96.08721111,Non-Intersection,Dark - Not Lighted,Rain,Unknown,Unknown if Notified,Unknown EMS Scene Arrival Hour,Unknown if Arrived,Not Applicable (Not Transported),Not Applicable (Not Transported),1,Dark - Unlighted,Rain/Wind/Minor,0,1,[],[],0,0,Valid,0.0,0.0,55.0,55.0,['Male'],0,0,2,3,4,Wet/Standing Water,Straight,Level,Lowest,No
26924,40,Oklahoma,400640,0,2,2,0,2,MEDICINE PARK,August,4,Friday,15,51,Rural,Medium Speed (Collector),No,34.72450278,-98.46358333,Simple Junction,Daylight,Clear,3:00pm-3:59pm,53,4:00pm-4:59pm,17,5:00pm-5:59pm,17,1,Daylight,Clear,1,1,['Driver'],['Shoulder_Lapbelt'],0,0,Valid,0.0,0.0,78.0,32.0,"['Male', 'Male']",0,0,3,4,5,Dry,Straight,Level,Lowest,No
26925,40,Oklahoma,400641,0,3,3,0,4,MOORE,November,18,Saturday,15,57,Urban,Medium Speed (Collector),No,35.34878611,-97.48250556,Simple Junction,Daylight,Clear,Unknown,Unknown,Unknown EMS Scene Arrival Hour,Unknown EMS Scene Arrival Minutes,Unknown,Unknown EMS Hospital Arrival Time,1,Daylight,Clear,1,3,['Driver'],['None_Used'],0,0,Valid,0.0,1.0,60.0,41.0,"['Male', 'Male', 'Male']",0,0,5,4,5,Dry,Straight,Level,Lowest,No
26926,40,Oklahoma,400642,0,1,1,0,1,WEWOKA,March,11,Saturday,1,15,Rural,Medium Speed (Collector),No,35.14494722,-96.49179444,Non-Intersection,Dark - Lighted,Clear,Unknown,Unknown if Notified,Unknown EMS Scene Arrival Hour,Unknown if Arrived,Not Applicable (Not Transported),Not Applicable (Not Transported),1,Dark - Lighted,Clear,1,0,['Driver'],['None_Used'],1,1,Valid,0.0,0.0,25.0,25.0,['Male'],1,0,3,4,3,Dry,Curve,Grade/Hillcrest,Lowest,No
26927,40,Oklahoma,400643,0,2,2,0,5,VALLIANT,May,9,Tuesday,21,40,Rural,High Speed (Arterial),Yes,34.00384167,-95.10358333,Non-Intersection,Dark - Not Lighted,Clear,Unknown,Unknown,Unknown EMS Scene Arrival Hour,Unknown EMS Scene Arrival Minutes,Unknown,Unknown EMS Hospital Arrival Time,1,Dark - Unlighted,Clear,1,4,['Front_Passenger'],['None_Used'],0,0,Valid,0.0,0.0,34.0,28.0,"['Male', 'Male']",0,0,2,4,5,Dry,Straight,Non-Trafficway,Lowest,Yes
26928,40,Oklahoma,400644,0,1,1,0,1,GROVE,December,15,Friday,15,25,Urban,Medium Speed (Collector),No,36.58315278,-94.76026111,Complex/Circle,Daylight,Rain,Unknown,Unknown,Unknown EMS Scene Arrival Hour,Unknown EMS Scene Arrival Minutes,Unknown,Unknown EMS Hospital Arrival Time,1,Daylight,Rain/Wind/Minor,1,0,['Driver'],['Shoulder_Lapbelt'],0,0,Valid,0.0,0.0,66.0,66.0,['Male'],0,0,3,4,3,Wet/Standing Water,Straight,Level,Lowest,No
26929,40,Oklahoma,400645,0,1,1,0,5,WAURIKA,October,22,Sunday,2,5,Rural,Medium Speed (Collector),No,34.18091111,-98.01593333,Non-Intersection,Dark - Not Lighted,Clear,Unknown,Unknown,Unknown EMS Scene Arrival Hour,Unknown EMS Scene Arrival Minutes,Unknown,Unknown EMS Hospital Arrival Time,2,Dark - Unlighted,Clear,2,3,"['Driver', 'Front_Passenger']","['None_Used', 'None_Used']",1,1,Invalid,0.0,0.0,38.0,38.0,['Female'],5,0,3,4,3,Dry,Curve,Level,Lowest,No
26930,40,Oklahoma,400646,0,1,1,0,1,NOT APPLICABLE,May,4,Thursday,5,0,Rural,Medium Speed (Collector),No,36.44353611,-96.00411389,Non-Intersection,Dark - Unknown Lighting,Not Reported,Unknown,Unknown if Notified,Unknown EMS Scene Arrival Hour,Unknown if Arrived,Not Applicable (Not Transported),Not Applicable (Not Transported),1,Dark - Unlighted,Clear,1,0,['Driver'],['Shoulder_Lapbelt'],0,0,Valid,0.0,0.0,21.0,21.0,['Male'],0,0,4,0,3,Dry,Straight,Level,Lowest,No
26931,40,Oklahoma,400647,0,1,1,0,1,NOT APPLICABLE,November,3,Friday,99,99,Rural,Medium Speed (Collector),No,88.8888,888.8888,Non-Intersection,Not Reported,Not Reported,Unknown,Unknown if Notified,Unknown EMS Scene Arrival Hour,Unknown if Arrived,Not Applicable (Not Transported),Not Applicable (Not Transported),1,Dark - Unlighted,Clear,1,0,['Driver'],['Shoulder_Lapbelt'],0,0,Valid,0.0,0.0,91.0,91.0,['Male'],0,0,1,0,1,Dry,Straight,Level,Lowest,No
26932,40,Oklahoma,400648,0,2,2,0,3,VINITA,February,22,Wednesday,9,45,Rural,High Speed (Arterial),No,36.60346944,-95.21579722,Non-Intersection,Daylight,Rain,Unknown,Unknown if Notified,Unknown EMS Scene Arrival Hour,Unknown if Arrived,Not Applicable (Not Transported),Not Applicable (Not Transported),1,Daylight,Rain/Wind/Minor,1,2,['Driver'],['Shoulder_Lapbelt'],0,0,Valid,0.0,0.0,70.0,42.0,"['Male', 'Male']",0,0,4,4,5,Wet/Standing Water,Curve,Level,Lowest,No
26933,40,Oklahoma,400649,0,2,2,0,4,TAHLEQUAH,May,9,Tuesday,17,20,Urban,High Speed (Arterial),No,35.9154,-94.94895278,Complex/Circle,Daylight,Clear,Unknown,Unknown,Unknown EMS Scene Arrival Hour,Unknown EMS Scene Arrival Minutes,Unknown,Unknown EMS Hospital Arrival Time,1,Daylight,Clear,1,2,['Front_Passenger'],['Shoulder_Lapbelt'],0,0,Invalid,0.0,0.0,28.0,20.0,"['Female', 'Female']",0,0,2,4,5,Dry,Straight,Level,Lowest,No
26934,40,Oklahoma,400650,0,2,2,0,2,HOLLIS,September,13,Wednesday,8,40,Rural,Medium Speed (Collector),No,34.6912,-99.91224444,Non-Intersection,Daylight,Cloudy,Unknown,Unknown,Unknown EMS Scene Arrival Hour,Unknown EMS Scene Arrival Minutes,Unknown,Unknown EMS Hospital Arrival Time,1,Daylight,Reduced Visibility,1,1,['Driver'],['None_Used'],0,0,Valid,0.0,0.0,88.0,76.0,"['Male', 'Male']",0,0,3,4,5,Dry,Straight,Level,Lowest,No
26935,40,Oklahoma,400651,0,1,1,0,1,DIBBLE,June,21,Wednesday,17,19,Rural,Medium Speed (Collector),No,35.028625,-97.56475,Non-Intersection,Daylight,Clear,Unknown,Unknown if Notified,Unknown EMS Scene Arrival Hour,Unknown if Arrived,Not Applicable (Not Transported),Not Applicable (Not Transported),1,Daylight,Clear,1,0,['Driver'],['None_Used'],0,0,Valid,0.0,1.0,34.0,34.0,['Male'],0,0,1,0,1,Dry,Straight,Level,Lowest,No
26936,40,Oklahoma,400652,1,1,1,0,0,TEXHOMA,November,30,Thursday,6,47,Rural,Low Speed (Local),No,36.50844167,-101.78708056,Non-Intersection,Dark - Not Lighted,Clear,Unknown,Unknown if Notified,Unknown EMS Scene Arrival Hour,Unknown if Arrived,Not Applicable (Not Transported),Not Applicable (Not Transported),1,Dark - Unlighted,Clear,0,0,[],[],0,0,Valid,0.0,0.0,49.0,34.0,Other,0,0,3,1,4,Dry,Straight,Grade/Hillcrest,Lowest,No