,State_Code,State_Name,Crash_ID,Count_Non_Motorists,Count_Vehicles_Total,Count_Vehicle_Forms,Count_PVH_Involved,Count_Occupants_MV,City_Name,Month_Name,Day_of_Month,Day_of_Week,Crash_Hour,Crash_Minute,Area_Rural_Urban,Road_Functional_Class,On_NHS_Road,Latitude,Longitude,Intersection_Type,Light_Condition,Weather_Condition,Notif_Hour,Notif_Minute,Arrival_Hour,Arrival_Minute,Hospital_Hour,Hospital_Minute,Fatalities_Count,Clean_Light_Condition,Clean_Weather_Condition,Total_Killed,Total_Alive,Fatal_Seats_List,Killed_Restraint_List,Any_Driver_Drinking,Total_Drinking_Drivers,Driver_License_Category,Driver_Max_Prev_Accident_Count,Driver_Max_Prev_Speeding_Count,Max_Driver_Age,Min_Driver_Age,Driver_Sex_List,Total_Exceeding_Limit_Vehicles,Total_Too_Fast_Vehicles,Max_Vehicle_Type_Severity_5,Max_Vehicle_Damage_Rank,Max_Harmful_Event_Severity,Crash_Road_Surface_Condition,Crash_Horizontal_Alignment,Crash_Vertical_Profile,Crash_Impairment_Category,Crash_Vehicle_Defect
26937,41,Oregon,410001,0,4,1,3,1,PORTLAND,January,1,Sunday,0,33,Urban,Low Speed (Local),No,45.50252778,-122.53481944,Non-Intersection,Dark - Lighted,Cloudy,Unknown,Unknown,Unknown EMS Scene Arrival Hour,Unknown EMS Scene Arrival Minutes,Not Applicable (Not Transported),Not Applicable (Not Transported),1,Dark - Lighted,Reduced Visibility,1,0,['Driver'],['None_Used'],0,0,Invalid,0.0,0.0,35.0,35.0,['Male'],1,0,2,4,5,Wet/Standing Water,Straight,Level,Lowest,No
26938,41,Oregon,410002,0,2,2,0,3,NOT APPLICABLE,January,2,Monday,21,30,Rural,High Speed (Arterial),Yes,43.10633889,-123.46397222,Non-Intersection,Dark - Not Lighted,Cloudy,9:00pm-9:59pm,32,9:00pm-9:59pm,41,Unknown,Unknown EMS Hospital Arrival Time,2,Dark - Unlighted,Reduced Visibility,2,1,"['Driver', 'Front_Passenger']","['Shoulder_Lapbelt', 'Shoulder_Lapbelt']",0,0,Invalid,0.0,1.0,34.0,30.0,"['Male', 'Male']",0,0,4,4,5,Wet/Standing Water,Straight,Level,Lowest,No
26939,41,Oregon,410003,3,4,3,1,8,NOT APPLICABLE,January,2,Monday,19,8,Rural,High Speed (Arterial),Yes,42.76370833,-121.83748056,Non-Intersection,Dark - Not Lighted,Clear,7:00pm-7:59pm,8,7:00pm-7:59pm,42,Unknown,Unknown EMS Hospital Arrival Time,2,Dark - Unlighted,Clear,2,6,"['Driver', 'Rear_Seat']","['Shoulder_Lapbelt', 'Shoulder_Lapbelt']",0,0,Valid,0.0,1.0,44.0,36.0,"['Male', 'Male', 'Male']",1,0,4,4,5,Icy/Snowy,Straight,Level,Lowest,No
26940,41,Oregon,410004,0,1,1,0,1,NOT APPLICABLE,January,3,Tuesday,6,30,Rural,Medium Speed (Collector),No,42.24351667,-123.13537778,Non-Intersection,Dark - Not Lighted,"Fog, Smog, Smoke",6:00am-6:59am,43,6:00am-6:59am,54,Not Applicable (Not Transported),Not Applicable (Not Transported),1,Dark - Unlighted,Reduced Visibility,1,0,['Driver'],['Shoulder_Lapbelt'],0,0,Valid,0.0,1.0,45.0,45.0,['Male'],0,0,3,4,2,Wet/Standing Water,Curve,Level,Lowest,No
26941,41,Oregon,410005,0,1,1,0,1,NOT APPLICABLE,January,1,Sunday,15,46,Urban,Medium Speed (Collector),No,42.30135833,-122.90561944,Non-Intersection,Daylight,Clear,Unknown,Unknown,Unknown EMS Scene Arrival Hour,Unknown EMS Scene Arrival Minutes,Not Applicable (Not Transported),Not Applicable (Not Transported),1,Daylight,Clear,1,0,['Driver'],['Shoulder_Lapbelt'],1,1,Invalid,0.0,1.0,26.0,26.0,['Male'],1,0,2,4,3,Dry,Curve,Level,Lowest,No
26942,41,Oregon,410006,0,2,2,0,2,NOT APPLICABLE,January,4,Wednesday,15,50,Rural,High Speed (Arterial),Yes,44.64012222,-123.15116111,Non-Intersection,Daylight,Cloudy,Unknown,Unknown,Unknown EMS Scene Arrival Hour,Unknown EMS Scene Arrival Minutes,Unknown,Unknown EMS Hospital Arrival Time,1,Daylight,Reduced Visibility,1,1,['Driver'],['Shoulder_Lapbelt'],0,0,Valid,0.0,0.0,69.0,42.0,"['Male', 'Male']",0,0,3,4,5,Dry,Curve,Level,Lowest,Yes
26943,41,Oregon,410007,2,1,1,0,1,FOREST GROVE,January,5,Thursday,6,49,Urban,Medium Speed (Collector),No,45.51831667,-123.09916389,Complex/Circle,Reported as Unknown,Cloudy,6:00am-6:59am,50,6:00am-6:59am,58,Unknown,Unknown EMS Hospital Arrival Time,1,Dark - Unlighted,Reduced Visibility,0,1,[],[],0,0,Valid,0.0,0.0,21.0,21.0,['Female'],0,0,3,1,4,Wet/Standing Water,Straight,Level,Lowest,No
26944,41,Oregon,410008,1,2,2,0,2,NOT APPLICABLE,January,5,Thursday,18,9,Rural,High Speed (Arterial),Yes,44.07581111,-122.77863889,Non-Intersection,Dark - Not Lighted,Cloudy,6:00pm-6:59pm,10,6:00pm-6:59pm,21,Not Applicable (Not Transported),Not Applicable (Not Transported),1,Dark - Unlighted,Reduced Visibility,0,2,[],[],0,0,Valid,0.0,0.0,998.0,66.0,"['Male', 'Other']",0,0,3,1,4,Wet/Standing Water,Straight,Level,Lowest,No
26945,41,Oregon,410009,1,1,1,0,1,PORTLAND,January,6,Friday,17,18,Urban,High Speed (Arterial),Yes,45.50458333,-122.48956111,Complex/Circle,Dark - Lighted,Cloudy,5:00pm-5:59pm,19,Unknown EMS Scene Arrival Hour,Unknown EMS Scene Arrival Minutes,Not Applicable (Not Transported),Not Applicable (Not Transported),1,Dark - Lighted,Reduced Visibility,0,1,[],[],0,0,Invalid,0.0,0.0,47.0,47.0,['Male'],0,0,3,1,4,Dry,Straight,Level,Lowest,No
26946,41,Oregon,410010,1,1,1,0,2,NOT APPLICABLE,January,8,Sunday,16,30,Rural,High Speed (Arterial),Yes,45.71720833,-119.00937222,Non-Intersection,Dusk,Sleet or Hail,4:00pm-4:59pm,30,4:00pm-4:59pm,37,Not Applicable (Not Transported),Not Applicable (Not Transported),1,Twilight,Snow/Ice/Severe,0,2,[],[],0,0,Valid,0.0,0.0,66.0,66.0,['Male'],2,0,3,1,4,Wet/Standing Water,Straight,Level,Lowest,No
26947,41,Oregon,410011,1,1,1,0,1,EUGENE,January,8,Sunday,21,19,Urban,High Speed (Arterial),Yes,44.05217778,-123.10876667,Non-Intersection,Dark - Lighted,Cloudy,9:00pm-9:59pm,19,9:00pm-9:59pm,24,Not Applicable (Not Transported),Not Applicable (Not Transported),1,Dark - Lighted,Reduced Visibility,0,1,[],[],0,0,Invalid,0.0,0.0,999.0,999.0,['Other'],0,0,1,0,4,Dry,Straight,Level,Lowest,No
26948,41,Oregon,410012,0,2,2,0,2,GRANTS PASS,January,10,Tuesday,17,26,Urban,High Speed (Arterial),Yes,42.42359167,-123.32162778,Complex/Circle,Dark - Lighted,Rain,5:00pm-5:59pm,26,5:00pm-5:59pm,29,Not Applicable (Not Transported),Not Applicable (Not Transported),1,Dark - Lighted,Rain/Wind/Minor,1,1,['Driver'],['None_Used'],0,0,Valid,0.0,0.0,60.0,32.0,"['Male', 'Male']",0,0,2,4,5,Wet/Standing Water,Straight,Level,Lowest,No
26949,41,Oregon,410013,1,1,1,0,1,NOT APPLICABLE,January,10,Tuesday,20,27,Urban,High Speed (Arterial),Yes,43.14955278,-123.37217222,Complex/Circle,Dark - Not Lighted,Clear,8:00pm-8:59pm,24,8:00pm-8:59pm,25,8:00pm-8:59pm,47,1,Dark - Unlighted,Clear,0,1,[],[],0,0,Valid,0.0,0.0,76.0,76.0,['Male'],0,0,3,1,4,Dry,Straight,Level,Lowest,No
26950,41,Oregon,410014,0,3,3,0,4,NOT APPLICABLE,January,11,Wednesday,9,35,Rural,Medium Speed (Collector),No,45.04211389,-122.79333611,Complex/Circle,Daylight,Cloudy,9:00am-9:59am,35,9:00am-9:59am,57,Unknown,Unknown EMS Hospital Arrival Time,1,Daylight,Reduced Visibility,1,3,['Driver'],['None_Used'],0,0,Valid,0.0,1.0,68.0,19.0,"['Male', 'Male', 'Male']",0,0,3,4,5,Wet/Standing Water,Straight,Level,Lowest,No
26951,41,Oregon,410015,0,3,3,0,3,NOT APPLICABLE,January,11,Wednesday,5,56,Rural,Medium Speed (Collector),No,45.37021944,-122.37366111,Non-Intersection,Dark - Not Lighted,Clear,5:00am-5:59am,56,6:00am-6:59am,6,6:00am-6:59am,55,1,Dark - Unlighted,Clear,1,2,['Driver'],['Shoulder_Lapbelt'],0,0,Valid,1.0,2.0,26.0,22.0,"['Male', 'Male', 'Male']",0,0,3,4,5,Wet/Standing Water,Straight,Level,Lowest,No
26952,41,Oregon,410016,0,2,2,0,2,PORTLAND,January,15,Sunday,9,30,Urban,High Speed (Arterial),Yes,45.49748333,-122.58089167,Complex/Circle,Daylight,Rain,9:00am-9:59am,31,9:00am-9:59am,37,Not Applicable (Not Transported),Not Applicable (Not Transported),1,Daylight,Rain/Wind/Minor,1,1,['Driver'],['Shoulder_Lapbelt'],0,0,Valid,0.0,0.0,44.0,17.0,"['Male', 'Male']",0,0,3,4,5,Wet/Standing Water,Straight,Level,Lowest,No
26953,41,Oregon,410018,0,2,2,0,2,DUNDEE,January,19,Thursday,16,30,Urban,High Speed (Arterial),Yes,45.27553889,-122.99876389,Non-Intersection,Daylight,Cloudy,4:00pm-4:59pm,33,4:00pm-4:59pm,43,Unknown,Unknown EMS Hospital Arrival Time,1,Daylight,Reduced Visibility,1,1,['Driver'],['Shoulder_Lapbelt'],0,0,Valid,3.0,0.0,71.0,60.0,"['Male', 'Female']",0,0,3,4,5,Dry,Straight,Level,Lowest,No
26954,41,Oregon,410019,0,2,2,0,4,NOT APPLICABLE,January,2,Monday,16,30,Rural,Medium Speed (Collector),No,44.27012222,-120.81247222,Non-Intersection,Dusk,Clear,4:00pm-4:59pm,33,4:00pm-4:59pm,37,5:00pm-5:59pm,8,2,Twilight,Clear,2,2,"['Rear_Seat', 'Front_Passenger']","['Shoulder_Lapbelt', 'Shoulder_Lapbelt']",0,0,Invalid,0.0,1.0,22.0,20.0,"['Female', 'Female']",0,0,3,4,5,Dry,Curve,Level,Lowest,No
26955,41,Oregon,410020,0,1,1,0,1,NOT APPLICABLE,January,21,Saturday,14,5,Rural,High Speed (Arterial),Yes,45.56834444,-123.10825556,Non-Intersection,Daylight,Clear,2:00pm-2:59pm,6,2:00pm-2:59pm,15,Not Applicable (Not Transported),Not Applicable (Not Transported),1,Daylight,Clear,1,0,['Driver'],['Shoulder_Lapbelt'],1,1,Invalid,1.0,0.0,28.0,28.0,['Male'],1,0,2,4,3,Wet/Standing Water,Straight,Level,Lowest,No
26956,41,Oregon,410021,0,2,2,0,3,NOT APPLICABLE,January,21,Saturday,10,6,Rural,High Speed (Arterial),Yes,43.61181389,-122.06327222,Non-Intersection,Daylight,Cloudy,10:00am-10:59am,6,10:00am-10:59am,40,Not Applicable (Not Transported),Not Applicable (Not Transported),2,Daylight,Reduced Visibility,2,1,"['Driver', 'Front_Passenger']","['Shoulder_Lapbelt', 'None_Used']",0,0,Invalid,1.0,0.0,62.0,37.0,"['Female', 'Male']",2,0,4,4,5,Icy/Snowy,Curve,Grade/Hillcrest,Lowest,No
26957,41,Oregon,410022,0,1,1,0,1,NOT APPLICABLE,January,22,Sunday,12,42,Rural,Medium Speed (Collector),No,44.84226667,-123.11276667,Non-Intersection,Daylight,Clear,12:00pm-12:59pm,42,12:00pm-12:59pm,46,Not Applicable (Not Transported),Not Applicable (Not Transported),1,Daylight,Clear,1,0,['Driver'],['Shoulder_Lapbelt'],0,0,Valid,0.0,0.0,66.0,66.0,['Male'],0,0,3,4,3,Dry,Straight,Grade/Hillcrest,Lowest,No
26958,41,Oregon,410023,0,2,2,0,3,NOT APPLICABLE,January,23,Monday,9,17,Rural,Medium Speed (Collector),No,44.05120833,-121.19336111,Complex/Circle,Daylight,Clear,9:00am-9:59am,23,9:00am-9:59am,30,9:00am-9:59am,53,1,Daylight,Clear,1,2,['Driver'],['Shoulder_Lapbelt'],0,0,Valid,0.0,0.0,74.0,65.0,"['Male', 'Male']",0,0,3,4,5,Dry,Straight,Level,Lowest,No
26959,41,Oregon,410024,1,1,1,0,1,PORTLAND,January,23,Monday,3,9,Urban,Medium Speed (Collector),No,45.49005,-122.56908333,Non-Intersection,Dark - Lighted,Clear,3:00am-3:59am,9,3:00am-3:59am,13,3:00am-3:59am,39,1,Dark - Lighted,Clear,0,1,[],[],0,0,Valid,0.0,0.0,60.0,60.0,['Male'],0,0,2,1,4,Dry,Straight,Level,Lowest,No
26960,41,Oregon,410025,1,1,1,0,2,PORTLAND,January,24,Tuesday,22,13,Urban,High Speed (Arterial),Yes,45.49756667,-122.61119167,Complex/Circle,Dark - Lighted,Clear,Unknown,Unknown,Unknown EMS Scene Arrival Hour,Unknown EMS Scene Arrival Minutes,Not Applicable (Not Transported),Not Applicable (Not Transported),1,Dark - Lighted,Clear,0,2,[],[],0,0,Valid,0.0,0.0,33.0,33.0,['Male'],0,0,3,1,4,Dry,Straight,Level,Lowest,No
26961,41,Oregon,410026,1,4,4,0,7,NOT APPLICABLE,January,2,Monday,19,1,Urban,High Speed (Arterial),Yes,45.18265833,-123.22836944,Non-Intersection,Dark - Not Lighted,Rain,7:00pm-7:59pm,7,7:00pm-7:59pm,10,Unknown,Unknown EMS Hospital Arrival Time,1,Dark - Unlighted,Rain/Wind/Minor,0,7,[],[],0,0,Valid,0.0,0.0,45.0,31.0,"['Male', 'Male', 'Male']",0,0,3,4,5,Wet/Standing Water,Straight,Level,Lowest,No
26962,41,Oregon,410028,0,1,1,0,1,NOT APPLICABLE,January,30,Monday,9,22,Rural,Medium Speed (Collector),No,44.70472222,-123.03151944,Non-Intersection,Daylight,Clear,9:00am-9:59am,22,9:00am-9:59am,29,Not Applicable (Not Transported),Not Applicable (Not Transported),1,Daylight,Clear,1,0,['Driver'],['Shoulder_Lapbelt'],0,0,Valid,0.0,0.0,34.0,34.0,['Male'],0,0,3,1,3,Dry,Straight,Grade/Hillcrest,Lowest,No
26963,41,Oregon,410029,0,1,1,0,1,NOT APPLICABLE,January,30,Monday,4,33,Rural,Medium Speed (Collector),No,44.87732778,-117.04005556,Non-Intersection,Dark - Not Lighted,Clear,4:00am-4:59am,31,4:00am-4:59am,48,Unknown,Unknown EMS Hospital Arrival Time,1,Dark - Unlighted,Clear,1,0,['Driver'],['None_Used'],0,0,Valid,0.0,0.0,30.0,30.0,['Female'],0,0,3,4,3,Dry,Curve,Grade/Hillcrest,Lowest,No
26964,41,Oregon,410030,0,1,1,0,2,MEDFORD,January,29,Sunday,5,14,Urban,Medium Speed (Collector),No,42.32781389,-122.86231389,Simple Junction,Dark - Lighted,Clear,Unknown,Unknown,Unknown EMS Scene Arrival Hour,Unknown EMS Scene Arrival Minutes,Unknown,Unknown EMS Hospital Arrival Time,1,Dark - Lighted,Clear,1,1,['Driver'],['None_Used'],1,1,Valid,0.0,7.0,22.0,22.0,['Male'],2,0,2,4,3,Wet/Standing Water,Straight,Level,Lowest,No
26965,41,Oregon,410031,0,2,2,0,2,TANGENT,January,30,Monday,14,30,Urban,High Speed (Arterial),Yes,44.55551944,-123.10914722,Non-Intersection,Daylight,Clear,2:00pm-2:59pm,35,2:00pm-2:59pm,38,Not Applicable (Not Transported),Not Applicable (Not Transported),1,Daylight,Clear,1,1,['Driver'],['None_Used'],0,0,Valid,0.0,0.0,70.0,48.0,"['Female', 'Male']",1,0,4,4,5,Dry,Straight,Level,Lowest,No
26966,41,Oregon,410032,0,2,2,0,2,NOT APPLICABLE,January,30,Monday,16,47,Urban,High Speed (Arterial),Yes,45.224075,-123.082675,Non-Intersection,Daylight,Clear,4:00pm-4:59pm,27,4:00pm-4:59pm,30,Not Applicable (Not Transported),Not Applicable (Not Transported),1,Daylight,Clear,1,1,['Driver'],['Shoulder_Lapbelt'],1,1,Valid,0.0,1.0,52.0,34.0,"['Male', 'Male']",0,0,4,4,5,Dry,Straight,Level,Lowest,No
26967,41,Oregon,410033,0,2,2,0,5,NOT APPLICABLE,January,30,Monday,19,27,Rural,Medium Speed (Collector),No,44.63194722,-122.86751111,Non-Intersection,Dark - Not Lighted,Clear,7:00pm-7:59pm,27,7:00pm-7:59pm,32,Unknown,Unknown EMS Hospital Arrival Time,4,Dark - Unlighted,Clear,4,1,"['Driver', 'Rear_Seat', 'Front_Passenger', 'Driver']","['None_Used', 'Shoulder_Lapbelt', 'Shoulder_Lapbelt', 'Shoulder_Lapbelt']",0,0,Valid,1.0,3.0,29.0,20.0,"['Male', 'Female']",3,0,3,4,5,Dry,Curve,Level,Lowest,No
26968,41,Oregon,410035,0,2,2,0,3,NOT APPLICABLE,January,30,Monday,15,10,Rural,Medium Speed (Collector),No,44.76301389,-122.55496667,Non-Intersection,Daylight,Clear,3:00pm-3:59pm,11,3:00pm-3:59pm,20,Unknown,Unknown EMS Hospital Arrival Time,1,Daylight,Clear,1,2,['Driver'],['None_Used'],1,1,Valid,0.0,1.0,51.0,23.0,"['Male', 'Female']",1,0,2,4,5,Dry,Straight,Level,Lowest,No
26969,41,Oregon,410036,0,2,2,0,5,BEAVERTON,February,1,Wednesday,6,6,Urban,High Speed (Arterial),Yes,45.52157222,-122.81576111,Complex/Circle,Dark - Lighted,Clear,6:00am-6:59am,6,6:00am-6:59am,10,Not Applicable (Not Transported),Not Applicable (Not Transported),1,Dark - Lighted,Clear,1,4,['Driver'],['None_Used'],0,0,Valid,0.0,0.0,59.0,41.0,"['Female', 'Male']",1,0,5,4,5,Dry,Straight,Grade/Hillcrest,Lowest,No
26970,41,Oregon,410038,0,1,1,0,1,NOT APPLICABLE,February,2,Thursday,20,34,Rural,Medium Speed (Collector),No,43.03201944,-123.30193056,Non-Intersection,Dark - Not Lighted,Clear,8:00pm-8:59pm,34,8:00pm-8:59pm,40,Not Applicable (Not Transported),Not Applicable (Not Transported),1,Dark - Unlighted,Clear,1,0,['Driver'],['Shoulder_Lapbelt'],1,1,Valid,0.0,0.0,22.0,22.0,['Male'],1,0,3,1,3,Dry,Curve,Grade/Hillcrest,Lowest,No
26971,41,Oregon,410039,1,1,1,0,1,NOT APPLICABLE,February,3,Friday,2,2,Urban,Medium Speed (Collector),No,45.469425,-122.35997778,Non-Intersection,Dark - Not Lighted,Cloudy,2:00am-2:59am,2,2:00am-2:59am,10,Not Applicable (Not Transported),Not Applicable (Not Transported),1,Dark - Unlighted,Reduced Visibility,0,1,[],[],0,0,Valid,0.0,0.0,49.0,49.0,['Female'],0,0,3,4,4,Dry,Straight,Grade/Hillcrest,Lowest,No
26972,41,Oregon,410040,0,2,2,0,3,NOT APPLICABLE,February,3,Friday,12,3,Rural,High Speed (Arterial),Yes,45.73555833,-123.25806944,Non-Intersection,Daylight,Rain,11:00am-11:59am,57,12:00pm-12:59pm,22,Unknown,Unknown EMS Hospital Arrival Time,2,Daylight,Rain/Wind/Minor,2,1,"['Driver', 'Front_Passenger']","['Shoulder_Lapbelt', 'Shoulder_Lapbelt']",0,0,Valid,0.0,1.0,69.0,52.0,"['Male', 'Female']",0,0,3,4,5,Wet/Standing Water,Curve,Grade/Hillcrest,Lowest,No
26973,41,Oregon,410041,0,1,1,0,2,NOT APPLICABLE,February,3,Friday,17,34,Urban,Medium Speed (Collector),No,42.30820833,-122.989725,Non-Intersection,Dusk,Cloudy,5:00pm-5:59pm,34,5:00pm-5:59pm,38,Unknown,Unknown EMS Hospital Arrival Time,1,Twilight,Reduced Visibility,1,1,['Front_Passenger'],['None_Used'],0,0,Invalid,0.0,1.0,36.0,36.0,['Male'],2,0,2,4,3,Dry,Curve,Level,Lowest,No
26974,41,Oregon,410042,0,1,1,0,1,NOT APPLICABLE,February,4,Saturday,19,24,Urban,Medium Speed (Collector),No,45.02771944,-122.97241667,Non-Intersection,Dark - Not Lighted,Cloudy,7:00pm-7:59pm,24,7:00pm-7:59pm,29,Not Applicable (Not Transported),Not Applicable (Not Transported),1,Dark - Unlighted,Reduced Visibility,1,0,['Driver'],['None_Used'],1,1,Valid,0.0,0.0,42.0,42.0,['Male'],0,0,2,4,3,Wet/Standing Water,Curve,Level,Lowest,No
26975,41,Oregon,410043,0,1,1,0,1,NOT APPLICABLE,February,4,Saturday,17,40,Rural,Medium Speed (Collector),No,43.33525556,-123.59146944,Non-Intersection,Dusk,Cloudy,5:00pm-5:59pm,40,6:00pm-6:59pm,8,Not Applicable (Not Transported),Not Applicable (Not Transported),1,Twilight,Reduced Visibility,1,0,['Driver'],['None_Used'],1,1,Valid,0.0,0.0,60.0,60.0,['Male'],0,0,3,1,3,Dry,Curve,Grade/Hillcrest,Lowest,No
26976,41,Oregon,410044,0,1,1,0,1,NOT APPLICABLE,February,7,Tuesday,10,20,Rural,Medium Speed (Collector),No,45.32820833,-123.10959167,Non-Intersection,Daylight,Rain,10:00am-10:59am,23,10:00am-10:59am,38,Not Applicable (Not Transported),Not Applicable (Not Transported),1,Daylight,Rain/Wind/Minor,1,0,['Driver'],['Shoulder_Lapbelt'],0,0,Invalid,0.0,0.0,74.0,74.0,['Male'],0,0,2,4,3,Wet/Standing Water,Straight,Grade/Hillcrest,Lowest,No
26977,41,Oregon,410045,0,1,1,0,1,NOT APPLICABLE,February,8,Wednesday,6,5,Rural,Medium Speed (Collector),No,44.38232222,-122.76635,Non-Intersection,Dark - Not Lighted,"Fog, Smog, Smoke",6:00am-6:59am,5,6:00am-6:59am,14,Not Applicable (Not Transported),Not Applicable (Not Transported),1,Dark - Unlighted,Reduced Visibility,1,0,['Driver'],['Shoulder_Lapbelt'],0,0,Valid,0.0,0.0,40.0,40.0,['Male'],1,0,3,4,3,Icy/Snowy,Straight,Level,Lowest,No
26978,41,Oregon,410046,0,1,1,0,1,NOT APPLICABLE,February,6,Monday,13,15,Rural,Medium Speed (Collector),No,45.88739722,-123.12916944,Non-Intersection,Daylight,Rain,Unknown,Unknown,Unknown EMS Scene Arrival Hour,Unknown EMS Scene Arrival Minutes,Not Applicable (Not Transported),Not Applicable (Not Transported),1,Daylight,Rain/Wind/Minor,1,0,['Driver'],['Shoulder_Lapbelt'],0,0,Valid,0.0,0.0,68.0,68.0,['Male'],0,0,4,4,3,Wet/Standing Water,Curve,Level,Lowest,No
26979,41,Oregon,410047,1,1,1,0,1,GRESHAM,February,8,Wednesday,17,49,Urban,Medium Speed (Collector),No,45.51917778,-122.46593056,Non-Intersection,Dusk,Clear,5:00pm-5:59pm,49,5:00pm-5:59pm,54,Not Applicable (Not Transported),Not Applicable (Not Transported),1,Twilight,Clear,0,1,[],[],0,0,Valid,0.0,0.0,59.0,59.0,['Male'],0,0,3,1,4,Dry,Straight,Level,Lowest,No
26980,41,Oregon,410048,0,2,2,0,2,NOT APPLICABLE,February,8,Wednesday,7,5,Rural,Medium Speed (Collector),No,44.77899722,-122.85867222,Non-Intersection,Dark - Not Lighted,"Fog, Smog, Smoke",7:00am-7:59am,5,7:00am-7:59am,10,Not Applicable (Not Transported),Not Applicable (Not Transported),1,Dark - Unlighted,Reduced Visibility,1,1,['Driver'],['Shoulder_Lapbelt'],0,0,Valid,0.0,0.0,42.0,42.0,"['Female', 'Male']",1,0,3,4,5,Icy/Snowy,Curve,Level,Lowest,No
26981,41,Oregon,410049,0,2,2,0,2,NOT APPLICABLE,February,8,Wednesday,9,3,Rural,High Speed (Arterial),Yes,43.61798611,-122.08096111,Non-Intersection,Daylight,Cloudy,9:00am-9:59am,3,9:00am-9:59am,35,Not Applicable (Not Transported),Not Applicable (Not Transported),1,Daylight,Reduced Visibility,1,0,['Driver'],['Shoulder_Lapbelt'],0,0,Valid,0.0,0.0,52.0,44.0,"['Female', 'Male']",1,0,4,4,5,Icy/Snowy,Curve,Grade/Hillcrest,Lowest,No
26982,41,Oregon,410050,0,2,2,0,2,NOT APPLICABLE,February,9,Thursday,10,14,Rural,High Speed (Arterial),Yes,43.68941944,-124.14163611,Non-Intersection,Daylight,Clear,10:00am-10:59am,20,10:00am-10:59am,40,11:00am-11:59am,17,2,Daylight,Clear,2,0,"['Driver', 'Driver']","['Shoulder_Lapbelt', 'Shoulder_Lapbelt']",0,0,Valid,0.0,0.0,84.0,36.0,"['Male', 'Male']",0,0,3,4,5,Dry,Curve,Grade/Hillcrest,Lowest,No
26983,41,Oregon,410051,0,2,2,0,2,NOT APPLICABLE,February,10,Friday,18,40,Rural,Medium Speed (Collector),No,44.49513889,-123.27114722,Non-Intersection,Dark - Not Lighted,Clear,6:00pm-6:59pm,40,6:00pm-6:59pm,48,Unknown,Unknown EMS Hospital Arrival Time,1,Dark - Unlighted,Clear,1,0,['Driver'],['Shoulder_Lapbelt'],0,0,Valid,0.0,0.0,33.0,18.0,"['Male', 'Male']",1,0,2,4,5,Dry,Straight,Level,Lowest,No
26984,41,Oregon,410052,0,1,1,0,2,NOT APPLICABLE,February,11,Saturday,18,58,Rural,Medium Speed (Collector),No,43.73771389,-122.87823056,Non-Intersection,Dark - Not Lighted,Reported as Unknown,7:00pm-7:59pm,17,7:00pm-7:59pm,17,Unknown,Unknown EMS Hospital Arrival Time,1,Dark - Unlighted,Clear,1,1,['Front_Passenger'],['None_Used'],0,0,Valid,0.0,0.0,38.0,38.0,['Male'],0,0,3,4,3,Dry,Straight,Level,Lowest,Yes
26985,41,Oregon,410053,0,1,1,0,1,NOT APPLICABLE,February,13,Monday,19,30,Rural,Medium Speed (Collector),No,44.682475,-117.86176389,Non-Intersection,Dark - Not Lighted,Snow,7:00pm-7:59pm,39,7:00pm-7:59pm,40,Not Applicable (Not Transported),Not Applicable (Not Transported),1,Dark - Unlighted,Snow/Ice/Severe,1,0,['Driver'],['None_Used'],1,1,Valid,0.0,1.0,50.0,50.0,['Male'],0,0,3,1,3,Icy/Snowy,Straight,Level,Lowest,No
26986,41,Oregon,410054,0,2,2,0,2,MCMINNVILLE,February,14,Tuesday,6,46,Urban,High Speed (Arterial),Yes,45.20201667,-123.13095556,Non-Intersection,Dawn,"Fog, Smog, Smoke",6:00am-6:59am,50,6:00am-6:59am,57,Unknown,Unknown EMS Hospital Arrival Time,1,Twilight,Reduced Visibility,1,1,['Driver'],['Shoulder_Lapbelt'],0,0,Valid,0.0,0.0,67.0,36.0,"['Male', 'Male']",1,0,3,4,5,Icy/Snowy,Straight,Level,Lowest,No
26987,41,Oregon,410055,1,1,1,0,1,BEND,February,14,Tuesday,0,24,Urban,Medium Speed (Collector),No,44.08381389,-121.29555278,Simple Junction,Dark - Lighted,Clear,0:00am-0:59am,26,0:00am-0:59am,33,Not Applicable (Not Transported),Not Applicable (Not Transported),1,Dark - Lighted,Clear,0,1,[],[],0,0,Valid,0.0,0.0,33.0,33.0,['Male'],0,0,3,1,4,Icy/Snowy,Straight,Level,Lowest,No
26988,41,Oregon,410056,1,1,1,0,2,PORTLAND,February,14,Tuesday,7,26,Urban,Low Speed (Local),No,45.52947222,-122.56290556,Simple Junction,Daylight,Cloudy,7:00am-7:59am,26,7:00am-7:59am,33,Not Applicable (Not Transported),Not Applicable (Not Transported),1,Daylight,Reduced Visibility,0,2,[],[],0,0,Valid,0.0,0.0,49.0,49.0,['Female'],0,0,4,1,4,Wet/Standing Water,Straight,Level,Lowest,No
26989,41,Oregon,410057,0,1,1,0,1,NOT APPLICABLE,February,15,Wednesday,21,28,Rural,High Speed (Arterial),Yes,45.634925,-118.67890278,Non-Intersection,Dark - Lighted,Clear,9:00pm-9:59pm,28,9:00pm-9:59pm,35,Not Applicable (Not Transported),Not Applicable (Not Transported),1,Dark - Lighted,Clear,1,0,['Driver'],['None_Used'],0,0,Invalid,0.0,0.0,52.0,52.0,['Female'],0,0,3,4,3,Dry,Straight,Level,Lowest,No