,State_Code,State_Name,Crash_ID,Count_Non_Motorists,Count_Vehicles_Total,Count_Vehicle_Forms,Count_PVH_Involved,Count_Occupants_MV,City_Name,Month_Name,Day_of_Month,Day_of_Week,Crash_Hour,Crash_Minute,Area_Rural_Urban,Road_Functional_Class,On_NHS_Road,Latitude,Longitude,Intersection_Type,Light_Condition,Weather_Condition,Notif_Hour,Notif_Minute,Arrival_Hour,Arrival_Minute,Hospital_Hour,Hospital_Minute,Fatalities_Count,Clean_Light_Condition,Clean_Weather_Condition,Total_Killed,Total_Alive,Fatal_Seats_List,Killed_Restraint_List,Any_Driver_Drinking,Total_Drinking_Drivers,Driver_License_Category,Driver_Max_Prev_Accident_Count,Driver_Max_Prev_Speeding_Count,Max_Driver_Age,Min_Driver_Age,Driver_Sex_List,Total_Exceeding_Limit_Vehicles,Total_Too_Fast_Vehicles,Max_Vehicle_Type_Severity_5,Max_Vehicle_Damage_Rank,Max_Harmful_Event_Severity,Crash_Road_Surface_Condition,Crash_Horizontal_Alignment,Crash_Vertical_Profile,Crash_Impairment_Category,Crash_Vehicle_Defect
26990,41,Oregon,410058,0,2,2,0,3,NOT APPLICABLE,February,17,Friday,15,4,Rural,Medium Speed (Collector),No,45.72980833,-123.19891944,Non-Intersection,Daylight,Cloudy,3:00pm-3:59pm,5,3:00pm-3:59pm,20,Unknown,Unknown EMS Hospital Arrival Time,2,Daylight,Reduced Visibility,2,1,"['Driver', 'Front_Passenger']","['None_Used', 'Shoulder_Lapbelt']",0,0,Valid,0.0,0.0,65.0,26.0,"['Female', 'Female']",0,0,3,4,5,Dry,Straight,Grade/Hillcrest,Lowest,No
26991,41,Oregon,410059,0,2,2,0,3,PORTLAND,February,18,Saturday,23,54,Urban,Medium Speed (Collector),Yes,45.62228056,-122.73041667,Non-Intersection,Dark - Lighted,Cloudy,11:00pm-11:59pm,54,0:00am-0:59am,12,0:00am-0:59am,35,1,Dark - Lighted,Reduced Visibility,1,2,['Driver'],['Shoulder_Lapbelt'],0,0,Valid,0.0,2.0,33.0,24.0,"['Male', 'Male']",3,0,2,4,5,Dry,Straight,Level,Lowest,No
26992,41,Oregon,410060,1,2,2,0,1,NOT APPLICABLE,February,19,Sunday,18,23,Rural,High Speed (Arterial),Yes,46.10291667,-123.18036667,Non-Intersection,Dark - Not Lighted,Rain,6:00pm-6:59pm,23,6:00pm-6:59pm,27,Unknown,Unknown EMS Hospital Arrival Time,1,Dark - Unlighted,Rain/Wind/Minor,0,1,[],[],1,1,Valid,0.0,0.0,72.0,72.0,['Male'],0,0,3,4,5,Wet/Standing Water,Straight,Grade/Hillcrest,Lowest,No
26993,41,Oregon,410061,2,1,1,0,1,MADRAS,February,6,Monday,18,15,Urban,Medium Speed (Collector),No,44.61923056,-121.14193333,Non-Intersection,Dark - Lighted,Clear,6:00pm-6:59pm,16,6:00pm-6:59pm,20,Unknown,Unknown EMS Hospital Arrival Time,1,Dark - Lighted,Clear,0,1,[],[],0,0,Valid,0.0,0.0,18.0,18.0,['Female'],0,0,2,1,4,Dry,Straight,Level,Lowest,No
26994,41,Oregon,410062,1,1,1,0,1,NOT APPLICABLE,February,17,Friday,16,28,Rural,Medium Speed (Collector),No,45.59757778,-123.21923333,Non-Intersection,Daylight,Cloudy,4:00pm-4:59pm,28,4:00pm-4:59pm,40,Not Applicable (Not Transported),Not Applicable (Not Transported),1,Daylight,Reduced Visibility,0,1,[],[],0,0,Valid,0.0,0.0,42.0,42.0,['Male'],0,0,4,1,4,Dry,Straight,Level,Lowest,No
26995,41,Oregon,410063,1,1,1,0,1,HILLSBORO,February,13,Monday,5,32,Urban,Medium Speed (Collector),No,45.53473611,-122.877975,Complex/Circle,Dark - Lighted,Cloudy,5:00am-5:59am,33,5:00am-5:59am,38,6:00am-6:59am,5,1,Dark - Lighted,Reduced Visibility,0,1,[],[],0,0,Valid,0.0,0.0,47.0,47.0,['Male'],0,0,3,1,4,Wet/Standing Water,Straight,Level,Lowest,No
26996,41,Oregon,410064,0,2,2,0,3,NOT APPLICABLE,February,21,Tuesday,9,35,Rural,High Speed (Arterial),Yes,44.91948611,-120.94532222,Simple Junction,Daylight,Clear,9:00am-9:59am,38,10:00am-10:59am,3,Not Applicable (Not Transported),Not Applicable (Not Transported),1,Daylight,Clear,1,2,['Front_Passenger'],['Shoulder_Lapbelt'],0,0,Valid,0.0,3.0,75.0,48.0,"['Male', 'Male']",0,0,2,4,5,Dry,Curve,Grade/Hillcrest,Lowest,No
26997,41,Oregon,410065,1,1,1,0,1,EUGENE,February,23,Thursday,20,54,Urban,High Speed (Arterial),Yes,44.07324722,-123.14576667,Non-Intersection,Dark - Lighted,Cloudy,8:00pm-8:59pm,55,8:00pm-8:59pm,59,Not Applicable (Not Transported),Not Applicable (Not Transported),1,Dark - Lighted,Reduced Visibility,0,1,[],[],0,0,Invalid,0.0,0.0,998.0,998.0,['Other'],1,0,2,1,4,Dry,Straight,Level,Lowest,No
26998,41,Oregon,410066,1,2,1,1,5,NOT APPLICABLE,February,25,Saturday,15,35,Rural,High Speed (Arterial),Yes,45.264325,-121.71618333,Non-Intersection,Daylight,Clear,3:00pm-3:59pm,40,3:00pm-3:59pm,54,Unknown,Unknown EMS Hospital Arrival Time,2,Daylight,Clear,2,3,"['Rear_Seat', 'Rear_Seat']","['Shoulder_Lapbelt', 'Shoulder_Lapbelt']",0,0,Invalid,0.0,0.0,26.0,26.0,['Female'],0,0,3,4,5,Icy/Snowy,Straight,Level,Lowest,No
26999,41,Oregon,410067,0,1,1,0,1,UMATILLA,February,26,Sunday,20,44,Urban,Medium Speed (Collector),No,45.91111944,-119.34453056,Non-Intersection,Dark - Not Lighted,Clear,8:00pm-8:59pm,44,8:00pm-8:59pm,50,Not Applicable (Not Transported),Not Applicable (Not Transported),1,Dark - Unlighted,Clear,1,0,['Driver'],['None_Used'],1,1,Invalid,0.0,0.0,33.0,33.0,['Male'],1,0,2,4,3,Dry,Curve,Level,Lowest,No
27000,41,Oregon,410068,1,1,1,0,1,GRESHAM,February,20,Monday,14,42,Urban,Low Speed (Local),No,45.52223889,-122.48943889,Non-Intersection,Daylight,Clear,2:00pm-2:59pm,45,2:00pm-2:59pm,45,Unknown,Unknown EMS Hospital Arrival Time,1,Daylight,Clear,0,1,[],[],0,0,Invalid,0.0,0.0,38.0,38.0,['Male'],0,0,1,1,4,Dry,Straight,Level,Lowest,No
27001,41,Oregon,410069,0,1,1,0,1,NOT APPLICABLE,February,23,Thursday,7,48,Rural,Medium Speed (Collector),No,43.09773889,-123.42998611,Non-Intersection,Dark - Not Lighted,Snow,7:00am-7:59am,53,8:00am-8:59am,3,Not Applicable (Not Transported),Not Applicable (Not Transported),1,Dark - Unlighted,Snow/Ice/Severe,1,0,['Driver'],['Shoulder_Lapbelt'],0,0,Valid,0.0,0.0,18.0,18.0,['Male'],1,0,3,4,3,Icy/Snowy,Straight,Level,Lowest,No
27002,41,Oregon,410071,0,2,2,0,2,PORTLAND,February,24,Friday,20,35,Urban,Medium Speed (Collector),No,45.59246667,-122.58329167,Non-Intersection,Dark - Not Lighted,Cloudy,Unknown,Unknown,Unknown EMS Scene Arrival Hour,Unknown EMS Scene Arrival Minutes,Not Applicable (Not Transported),Not Applicable (Not Transported),1,Dark - Unlighted,Reduced Visibility,1,0,['Driver'],['None_Used'],1,1,Valid,1.0,0.0,57.0,54.0,"['Male', 'Male']",1,0,4,4,5,Icy/Snowy,Straight,Level,Lowest,No
27003,41,Oregon,410072,0,2,2,0,4,NOT APPLICABLE,February,25,Saturday,9,40,Rural,Medium Speed (Collector),No,44.36302222,-123.29160556,Complex/Circle,Daylight,Clear,9:00am-9:59am,43,9:00am-9:59am,49,Unknown,Unknown EMS Hospital Arrival Time,1,Daylight,Clear,1,3,['Front_Passenger'],['Shoulder_Lapbelt'],0,0,Valid,0.0,0.0,52.0,24.0,"['Female', 'Male']",0,0,3,4,5,Dry,Straight,Level,Lowest,No
27004,41,Oregon,410075,0,1,1,0,1,NOT APPLICABLE,January,28,Saturday,20,40,Rural,Medium Speed (Collector),No,42.34212222,-123.31265278,Non-Intersection,Dark - Not Lighted,Clear,8:00pm-8:59pm,45,8:00pm-8:59pm,54,9:00pm-9:59pm,57,1,Dark - Unlighted,Clear,1,0,['Driver'],['Shoulder_Lapbelt'],0,0,Valid,0.0,0.0,47.0,47.0,['Male'],0,0,2,1,3,Dry,Curve,Level,Lowest,No
27005,41,Oregon,410076,0,3,3,0,6,NOT APPLICABLE,February,7,Tuesday,13,45,Rural,High Speed (Arterial),Yes,44.56754444,-122.00055556,Non-Intersection,Daylight,Cloudy,1:00pm-1:59pm,Unknown,1:00pm-1:59pm,50,3:00pm-3:59pm,59,1,Daylight,Reduced Visibility,1,4,['Rear_Seat'],['Shoulder_Lapbelt'],0,0,Valid,2.0,1.0,64.0,30.0,"['Male', 'Male', 'Male']",0,0,4,1,5,Icy/Snowy,Curve,Level,Lowest,No
27006,41,Oregon,410077,0,1,1,0,2,NOT APPLICABLE,March,3,Friday,2,54,Rural,High Speed (Arterial),Yes,44.76042778,-121.2274,Non-Intersection,Dark - Not Lighted,Clear,3:00am-3:59am,10,3:00am-3:59am,41,Unknown,Unknown EMS Hospital Arrival Time,1,Dark - Unlighted,Clear,1,1,['Driver'],['None_Used'],1,1,Invalid,0.0,0.0,40.0,40.0,['Male'],0,0,3,4,3,Dry,Curve,Level,Lowest,No
27007,41,Oregon,410078,0,1,1,0,1,NOT APPLICABLE,March,4,Saturday,7,15,Rural,High Speed (Arterial),Yes,45.54168333,-122.28178056,Non-Intersection,Daylight,Sleet or Hail,7:00am-7:59am,15,7:00am-7:59am,24,Not Applicable (Not Transported),Not Applicable (Not Transported),1,Daylight,Snow/Ice/Severe,1,0,['Driver'],['Shoulder_Lapbelt'],1,1,Invalid,0.0,0.0,31.0,31.0,['Male'],1,0,2,4,3,Wet/Standing Water,Curve,Level,Lowest,No
27008,41,Oregon,410079,0,1,1,0,2,NOT APPLICABLE,March,3,Friday,3,0,Urban,High Speed (Arterial),Yes,44.93754444,-122.98282778,Non-Intersection,Dark - Lighted,Cloudy,3:00am-3:59am,16,3:00am-3:59am,22,Unknown,Unknown EMS Hospital Arrival Time,1,Dark - Lighted,Reduced Visibility,1,1,['Front_Passenger'],['None_Used'],1,1,Invalid,0.0,1.0,23.0,23.0,['Male'],2,0,2,4,3,Dry,Straight,Grade/Hillcrest,Lowest,No
27009,41,Oregon,410080,1,1,1,0,1,PORTLAND,March,4,Saturday,18,29,Urban,High Speed (Arterial),Yes,45.5494,-122.49600556,Simple Junction,Not Reported,Cloudy,6:00pm-6:59pm,30,Unknown EMS Scene Arrival Hour,Unknown EMS Scene Arrival Minutes,Not Applicable (Not Transported),Not Applicable (Not Transported),1,Dark - Unlighted,Reduced Visibility,0,1,[],[],0,0,Valid,0.0,1.0,64.0,64.0,['Male'],0,0,3,0,4,Wet/Standing Water,Straight,Level,Lowest,No
27010,41,Oregon,410081,0,2,2,0,5,OREGON CITY,February,17,Friday,20,10,Urban,High Speed (Arterial),Yes,45.37396111,-122.58678056,Non-Intersection,Daylight,Clear,8:00pm-8:59pm,16,8:00pm-8:59pm,21,8:00pm-8:59pm,29,1,Daylight,Clear,1,4,['Driver'],['None_Used'],0,0,Valid,0.0,0.0,44.0,32.0,"['Female', 'Male']",0,0,3,4,5,Dry,Straight,Level,Lowest,No
27011,41,Oregon,410082,0,2,2,0,3,NOT APPLICABLE,March,9,Thursday,13,29,Rural,High Speed (Arterial),Yes,43.11638889,-123.50113333,Non-Intersection,Daylight,Cloudy,1:00pm-1:59pm,29,1:00pm-1:59pm,40,Unknown,Unknown EMS Hospital Arrival Time,1,Daylight,Reduced Visibility,1,2,['Driver'],['Shoulder_Lapbelt'],0,0,Valid,0.0,0.0,67.0,59.0,"['Male', 'Male']",0,0,4,1,5,Dry,Curve,Level,Lowest,No
27012,41,Oregon,410084,0,1,1,0,1,KLAMATH FALLS,February,2,Thursday,16,59,Urban,High Speed (Arterial),Yes,42.21864444,-121.74920833,Non-Intersection,Daylight,Clear,Unknown,Unknown,5:00pm-5:59pm,5,Not Applicable (Not Transported),Not Applicable (Not Transported),1,Daylight,Clear,1,0,['Driver'],['Shoulder_Lapbelt'],0,0,Valid,1.0,0.0,40.0,40.0,['Female'],0,0,2,4,3,Dry,Straight,Level,Medium,No
27013,41,Oregon,410085,0,1,1,0,1,NOT APPLICABLE,March,9,Thursday,17,41,Rural,Medium Speed (Collector),No,43.59051389,-123.30506944,Non-Intersection,Dusk,Cloudy,5:00pm-5:59pm,41,5:00pm-5:59pm,48,Not Applicable (Not Transported),Not Applicable (Not Transported),1,Twilight,Reduced Visibility,1,0,['Driver'],['None_Used'],1,1,Valid,0.0,0.0,67.0,67.0,['Male'],1,0,3,4,3,Wet/Standing Water,Curve,Level,Lowest,No
27014,41,Oregon,410086,0,2,2,0,2,NOT APPLICABLE,March,12,Sunday,13,0,Rural,Medium Speed (Collector),No,44.86163611,-117.81800556,Complex/Circle,Daylight,Cloudy,1:00pm-1:59pm,0,1:00pm-1:59pm,10,Unknown,Unknown EMS Hospital Arrival Time,1,Daylight,Reduced Visibility,1,1,['Driver'],['None_Used'],0,0,Valid,0.0,0.0,77.0,27.0,"['Male', 'Male']",0,0,5,1,5,Dry,Straight,Level,Lowest,No
27015,41,Oregon,410087,0,1,1,0,1,PORTLAND,March,14,Tuesday,99,99,Urban,Medium Speed (Collector),No,45.55861389,-122.47920833,Non-Intersection,Reported as Unknown,Clear,Unknown,Unknown,Unknown EMS Scene Arrival Hour,Unknown EMS Scene Arrival Minutes,Not Applicable (Not Transported),Not Applicable (Not Transported),1,Dark - Unlighted,Clear,1,0,['Driver'],['Shoulder_Lapbelt'],1,1,Valid,0.0,0.0,28.0,28.0,['Female'],1,0,3,4,3,Dry,Curve,Grade/Hillcrest,Lowest,No
27016,41,Oregon,410090,0,3,3,0,5,NOT APPLICABLE,March,15,Wednesday,15,28,Rural,High Speed (Arterial),Yes,44.47287778,-124.07978611,Non-Intersection,Daylight,Clear,3:00pm-3:59pm,28,3:00pm-3:59pm,36,Unknown,Unknown EMS Hospital Arrival Time,1,Daylight,Clear,1,4,['Driver'],['Shoulder_Lapbelt'],1,1,Valid,0.0,0.0,64.0,32.0,"['Female', 'Male', 'Female']",0,0,3,4,5,Dry,Straight,Level,Lowest,No
27017,41,Oregon,410091,0,2,2,0,5,NOT APPLICABLE,March,16,Thursday,18,27,Rural,High Speed (Arterial),Yes,42.02667222,-123.73001389,Non-Intersection,Daylight,Clear,6:00pm-6:59pm,35,6:00pm-6:59pm,45,Unknown,Unknown EMS Hospital Arrival Time,1,Daylight,Clear,1,4,['Driver'],['Shoulder_Lapbelt'],0,0,Invalid,0.0,6.0,59.0,32.0,"['Male', 'Female']",0,0,3,4,5,Dry,Straight,Level,Lowest,No
27018,41,Oregon,410092,1,1,1,0,1,NOT APPLICABLE,March,17,Friday,3,48,Urban,High Speed (Arterial),Yes,45.4931,-122.86039444,Simple Junction,Dark - Lighted,Clear,3:00am-3:59am,48,3:00am-3:59am,55,Unknown,Unknown EMS Hospital Arrival Time,1,Dark - Lighted,Clear,0,1,[],[],0,0,Invalid,0.0,0.0,32.0,32.0,['Male'],1,0,2,4,4,Dry,Straight,Grade/Hillcrest,Lowest,No
27019,41,Oregon,410095,0,1,1,0,1,NOT APPLICABLE,March,20,Monday,7,45,Rural,High Speed (Arterial),Yes,43.88984167,-121.37982778,Non-Intersection,Daylight,Cloudy,7:00am-7:59am,45,7:00am-7:59am,54,Not Applicable (Not Transported),Not Applicable (Not Transported),1,Daylight,Reduced Visibility,1,0,['Driver'],['None_Used'],0,0,Valid,1.0,0.0,31.0,31.0,['Male'],1,0,3,4,3,Icy/Snowy,Straight,Grade/Hillcrest,Lowest,No
27020,41,Oregon,410097,0,2,2,0,3,NOT APPLICABLE,March,18,Saturday,16,50,Urban,High Speed (Arterial),Yes,45.27816667,-122.94472222,Non-Intersection,Daylight,Clear,4:00pm-4:59pm,59,5:00pm-5:59pm,6,Unknown,Unknown EMS Hospital Arrival Time,2,Daylight,Clear,2,1,"['Driver', 'Rear_Seat']","['None_Used', 'None_Used']",1,1,Valid,1.0,1.0,61.0,49.0,"['Male', 'Female']",2,0,5,4,5,Dry,Straight,Level,Lowest,No
27021,41,Oregon,410098,0,1,1,0,1,NOT APPLICABLE,March,23,Thursday,12,36,Rural,Medium Speed (Collector),No,43.44013889,-123.40555,Non-Intersection,Daylight,Rain,12:00pm-12:59pm,36,12:00pm-12:59pm,41,Not Applicable (Not Transported),Not Applicable (Not Transported),1,Daylight,Rain/Wind/Minor,1,0,['Driver'],['None_Used'],0,0,Valid,0.0,0.0,68.0,68.0,['Male'],1,0,4,4,3,Wet/Standing Water,Curve,Grade/Hillcrest,Lowest,No
27022,41,Oregon,410099,0,2,2,0,3,NOT APPLICABLE,March,24,Friday,5,58,Rural,High Speed (Arterial),Yes,43.75052222,-123.17313333,Non-Intersection,Dark - Not Lighted,Rain,5:00am-5:59am,58,6:00am-6:59am,15,Unknown,Unknown EMS Hospital Arrival Time,1,Dark - Unlighted,Rain/Wind/Minor,1,2,['Driver'],['Shoulder_Lapbelt'],0,0,Valid,0.0,0.0,46.0,29.0,"['Female', 'Male']",0,0,4,4,5,Wet/Standing Water,Curve,Grade/Hillcrest,Lowest,No
27023,41,Oregon,410100,1,2,1,1,1,NOT APPLICABLE,March,25,Saturday,13,14,Rural,High Speed (Arterial),Yes,45.68792222,-120.769025,Non-Intersection,Daylight,Clear,1:00pm-1:59pm,15,1:00pm-1:59pm,41,Not Applicable (Not Transported),Not Applicable (Not Transported),1,Daylight,Clear,0,1,[],[],0,0,Valid,2.0,0.0,29.0,29.0,['Male'],0,0,4,1,4,Dry,Straight,Level,Lowest,No
27024,41,Oregon,410101,0,1,1,0,1,NOT APPLICABLE,March,26,Sunday,3,17,Rural,Medium Speed (Collector),No,44.537775,-122.95523889,Non-Intersection,Dark - Not Lighted,Cloudy,3:00am-3:59am,17,3:00am-3:59am,24,Not Applicable (Not Transported),Not Applicable (Not Transported),1,Dark - Unlighted,Reduced Visibility,1,0,['Driver'],['None_Used'],1,1,Invalid,1.0,3.0,24.0,24.0,['Male'],1,0,2,4,2,Dry,Curve,Level,Lowest,No
27025,41,Oregon,410102,0,1,1,0,1,NOT APPLICABLE,March,20,Monday,19,25,Rural,Medium Speed (Collector),No,44.52738611,-122.95237778,Non-Intersection,Dusk,Cloudy,7:00pm-7:59pm,25,7:00pm-7:59pm,32,Not Applicable (Not Transported),Not Applicable (Not Transported),1,Twilight,Reduced Visibility,1,0,['Driver'],['None_Used'],0,0,Valid,0.0,0.0,21.0,21.0,['Female'],1,0,3,4,3,Dry,Straight,Level,Lowest,No
27026,41,Oregon,410103,1,1,1,0,2,TROUTDALE,March,4,Saturday,21,14,Urban,Medium Speed (Collector),No,45.52999444,-122.40596667,Simple Junction,Dark - Unknown Lighting,Not Reported,9:00pm-9:59pm,14,Unknown EMS Scene Arrival Hour,Unknown EMS Scene Arrival Minutes,Unknown,Unknown EMS Hospital Arrival Time,1,Dark - Unlighted,Clear,0,2,[],[],0,0,Valid,0.0,0.0,38.0,38.0,['Female'],0,0,3,1,4,Dry,Straight,Level,Lowest,No
27027,41,Oregon,410104,1,1,1,0,1,SALEM,March,6,Monday,18,40,Urban,High Speed (Arterial),Yes,44.94956389,-123.00338333,Simple Junction,Dark - Lighted,Cloudy,Unknown,Unknown,Unknown EMS Scene Arrival Hour,Unknown EMS Scene Arrival Minutes,Unknown,Unknown EMS Hospital Arrival Time,1,Dark - Lighted,Reduced Visibility,0,1,[],[],0,0,Valid,0.0,0.0,17.0,17.0,['Male'],0,0,2,1,4,Dry,Straight,Level,Lowest,No
27028,41,Oregon,410105,0,1,1,0,1,NOT APPLICABLE,March,27,Monday,10,0,Rural,High Speed (Arterial),Yes,45.3517,-118.17075278,Non-Intersection,Reported as Unknown,Clear,10:00am-10:59am,0,10:00am-10:59am,7,Not Applicable (Not Transported),Not Applicable (Not Transported),1,Dark - Unlighted,Clear,1,0,['Driver'],['None_Used'],1,1,Valid,0.0,0.0,47.0,47.0,['Male'],0,0,3,4,3,Dry,Curve,Level,Lowest,No
27029,41,Oregon,410106,0,2,2,0,3,CANNON BEACH,March,27,Monday,18,47,Rural,High Speed (Arterial),Yes,45.88888333,-123.95761389,Simple Junction,Dark - Lighted,Cloudy,6:00pm-6:59pm,47,6:00pm-6:59pm,54,Unknown,Unknown EMS Hospital Arrival Time,1,Dark - Lighted,Reduced Visibility,1,1,['Front_Passenger'],['Shoulder_Lapbelt'],0,0,Valid,0.0,0.0,41.0,20.0,"['Female', 'Male']",0,0,3,1,5,Dry,Straight,Level,Lowest,No
27030,41,Oregon,410108,1,1,1,0,1,SALEM,March,28,Tuesday,15,43,Urban,Medium Speed (Collector),No,44.93354444,-123.04028333,Complex/Circle,Daylight,Rain,3:00pm-3:59pm,44,3:00pm-3:59pm,47,3:00pm-3:59pm,51,1,Daylight,Rain/Wind/Minor,0,1,[],[],0,0,Valid,0.0,1.0,37.0,37.0,['Male'],0,0,3,1,4,Wet/Standing Water,Straight,Grade/Hillcrest,Lowest,No
27031,41,Oregon,410109,1,1,1,0,1,WOODBURN,March,30,Thursday,20,42,Urban,High Speed (Arterial),Yes,45.14626667,-122.83575278,Non-Intersection,Dark - Not Lighted,Cloudy,8:00pm-8:59pm,43,8:00pm-8:59pm,47,9:00pm-9:59pm,37,1,Dark - Unlighted,Reduced Visibility,0,1,[],[],0,0,Valid,0.0,2.0,48.0,48.0,['Male'],0,0,3,1,4,Dry,Straight,Level,Lowest,No
27032,41,Oregon,410110,0,2,2,0,2,NOT APPLICABLE,March,31,Friday,8,30,Rural,Medium Speed (Collector),No,44.23456389,-123.19921111,Non-Intersection,Daylight,Clear,8:00am-8:59am,30,8:00am-8:59am,38,Unknown,Unknown EMS Hospital Arrival Time,1,Daylight,Clear,1,1,['Driver'],['Shoulder_Lapbelt'],0,0,Valid,0.0,1.0,53.0,40.0,"['Male', 'Male']",0,0,3,4,5,Dry,Curve,Level,Lowest,No
27033,41,Oregon,410111,1,1,1,0,1,NOT APPLICABLE,April,1,Saturday,0,49,Urban,High Speed (Arterial),Yes,45.43261111,-122.36155556,Non-Intersection,Dark - Not Lighted,Rain,0:00am-0:59am,56,0:00am-0:59am,59,Not Applicable (Not Transported),Not Applicable (Not Transported),1,Dark - Unlighted,Rain/Wind/Minor,0,1,[],[],0,0,Valid,0.0,0.0,32.0,32.0,['Male'],0,0,2,1,4,Wet/Standing Water,Straight,Level,Lowest,No
27034,41,Oregon,410112,0,1,1,0,1,NOT APPLICABLE,April,3,Monday,7,41,Rural,High Speed (Arterial),Yes,43.66173056,-123.70975556,Non-Intersection,Daylight,Cloudy,7:00am-7:59am,41,7:00am-7:59am,59,Not Applicable (Not Transported),Not Applicable (Not Transported),1,Daylight,Reduced Visibility,1,0,['Driver'],['None_Used'],0,0,Valid,0.0,0.0,66.0,66.0,['Male'],1,0,3,4,3,Wet/Standing Water,Straight,Level,Lowest,No
27035,41,Oregon,410113,0,2,2,0,2,NOT APPLICABLE,April,3,Monday,14,26,Rural,High Speed (Arterial),Yes,43.52244167,-124.21649167,Non-Intersection,Daylight,Clear,2:00pm-2:59pm,29,2:00pm-2:59pm,44,Unknown,Unknown EMS Hospital Arrival Time,1,Daylight,Clear,1,1,['Driver'],['Shoulder_Lapbelt'],0,0,Valid,0.0,1.0,70.0,61.0,"['Female', 'Male']",0,0,3,4,5,Dry,Straight,Level,Lowest,No
27036,41,Oregon,410114,0,4,4,0,7,NOT APPLICABLE,April,9,Sunday,21,36,Rural,High Speed (Arterial),Yes,44.53977778,-121.17351111,Non-Intersection,Dark - Not Lighted,Clear,9:00pm-9:59pm,38,9:00pm-9:59pm,45,Unknown,Unknown EMS Hospital Arrival Time,1,Dark - Unlighted,Clear,1,6,['Driver'],['None_Used'],1,1,Valid,1.0,1.0,53.0,19.0,"['Male', 'Female', 'Male', 'Female']",0,0,3,4,5,Dry,Straight,Level,Lowest,No
27037,41,Oregon,410115,0,1,1,0,1,NOT APPLICABLE,April,10,Monday,18,21,Rural,Low Speed (Local),No,42.25902778,-123.56616944,Non-Intersection,Daylight,Rain,6:00pm-6:59pm,21,6:00pm-6:59pm,32,Not Applicable (Not Transported),Not Applicable (Not Transported),1,Daylight,Rain/Wind/Minor,1,0,['Driver'],['None_Used'],1,1,Valid,0.0,0.0,39.0,39.0,['Male'],1,0,3,4,3,Wet/Standing Water,Curve,Level,Lowest,No
27038,41,Oregon,410116,0,1,1,0,1,NOT APPLICABLE,April,12,Wednesday,6,25,Rural,High Speed (Arterial),Yes,43.86000556,-121.40955833,Non-Intersection,Dawn,Snow,6:00am-6:59am,26,6:00am-6:59am,39,Not Applicable (Not Transported),Not Applicable (Not Transported),1,Twilight,Snow/Ice/Severe,1,0,['Driver'],['None_Used'],0,0,Valid,0.0,0.0,54.0,54.0,['Male'],1,0,3,1,3,Icy/Snowy,Straight,Grade/Hillcrest,Lowest,No
27039,41,Oregon,410117,0,1,1,0,1,NOT APPLICABLE,March,22,Wednesday,99,99,Rural,Low Speed (Local),No,43.79815278,-117.11515278,Non-Intersection,Reported as Unknown,Reported as Unknown,Unknown,Unknown,Unknown EMS Scene Arrival Hour,Unknown EMS Scene Arrival Minutes,Not Applicable (Not Transported),Not Applicable (Not Transported),1,Dark - Unlighted,Clear,1,0,['Driver'],['Shoulder_Lapbelt'],0,0,Invalid,0.0,0.0,61.0,61.0,['Male'],0,0,3,1,3,Dry,Curve,Grade/Hillcrest,Lowest,No
27040,41,Oregon,410118,0,1,1,0,1,NOT APPLICABLE,April,13,Thursday,14,47,Rural,Medium Speed (Collector),No,44.38261111,-123.28747778,Non-Intersection,Daylight,Clear,2:00pm-2:59pm,47,3:00pm-3:59pm,8,3:00pm-3:59pm,29,1,Daylight,Clear,1,0,['Driver'],['Shoulder_Lapbelt'],1,1,Invalid,0.0,0.0,62.0,62.0,['Male'],0,0,2,4,3,Dry,Straight,Level,Medium,No
27041,41,Oregon,410119,0,2,2,0,2,PORTLAND,April,14,Friday,18,36,Urban,High Speed (Arterial),Yes,45.57003889,-122.608825,Non-Intersection,Daylight,Cloudy,Unknown,Unknown,Unknown EMS Scene Arrival Hour,Unknown EMS Scene Arrival Minutes,Not Applicable (Not Transported),Not Applicable (Not Transported),1,Daylight,Reduced Visibility,1,1,['Driver'],['None_Used'],0,0,Invalid,0.0,0.0,41.0,39.0,"['Male', 'Male']",1,0,5,1,5,Dry,Straight,Level,Lowest,No
27042,41,Oregon,410120,0,1,1,0,4,NOT APPLICABLE,April,15,Saturday,14,38,Rural,Medium Speed (Collector),No,42.15842222,-123.56398889,Non-Intersection,Daylight,Clear,2:00pm-2:59pm,38,2:00pm-2:59pm,46,Unknown,Unknown EMS Hospital Arrival Time,1,Daylight,Clear,1,3,['Driver'],['Shoulder_Lapbelt'],0,0,Valid,0.0,0.0,23.0,23.0,['Male'],0,0,2,1,3,Dry,Straight,Level,Lowest,No
27043,41,Oregon,410121,1,1,1,0,1,NOT APPLICABLE,April,13,Thursday,21,17,Urban,Medium Speed (Collector),No,45.48717778,-122.871825,Simple Junction,Dark - Lighted,Clear,9:00pm-9:59pm,17,9:00pm-9:59pm,23,Not Applicable (Not Transported),Not Applicable (Not Transported),1,Dark - Lighted,Clear,0,1,[],[],0,0,Invalid,0.0,0.0,55.0,55.0,['Male'],1,0,3,1,4,Dry,Straight,Level,Lowest,No
27044,41,Oregon,410123,0,2,2,0,3,BEAVERTON,April,16,Sunday,23,11,Urban,High Speed (Arterial),Yes,45.45735278,-122.82623056,Non-Intersection,Dark - Lighted,Cloudy,11:00pm-11:59pm,13,11:00pm-11:59pm,22,11:00pm-11:59pm,49,1,Dark - Lighted,Reduced Visibility,1,2,['Driver'],['Shoulder_Lapbelt'],0,0,Valid,0.0,2.0,20.0,19.0,"['Male', 'Male']",2,0,3,4,5,Wet/Standing Water,Straight,Grade/Hillcrest,Lowest,No
27045,41,Oregon,410124,1,1,1,0,1,NOT APPLICABLE,April,16,Sunday,21,15,Rural,High Speed (Arterial),Yes,43.83458611,-123.02904444,Non-Intersection,Dark - Not Lighted,Rain,9:00am-9:59am,18,9:00am-9:59am,26,Not Applicable (Not Transported),Not Applicable (Not Transported),1,Dark - Unlighted,Rain/Wind/Minor,0,1,[],[],0,0,Valid,0.0,0.0,23.0,23.0,['Male'],0,0,2,1,4,Wet/Standing Water,Straight,Level,Lowest,No