,State_Code,State_Name,Crash_ID,Count_Non_Motorists,Count_Vehicles_Total,Count_Vehicle_Forms,Count_PVH_Involved,Count_Occupants_MV,City_Name,Month_Name,Day_of_Month,Day_of_Week,Crash_Hour,Crash_Minute,Area_Rural_Urban,Road_Functional_Class,On_NHS_Road,Latitude,Longitude,Intersection_Type,Light_Condition,Weather_Condition,Notif_Hour,Notif_Minute,Arrival_Hour,Arrival_Minute,Hospital_Hour,Hospital_Minute,Fatalities_Count,Clean_Light_Condition,Clean_Weather_Condition,Total_Killed,Total_Alive,Fatal_Seats_List,Killed_Restraint_List,Any_Driver_Drinking,Total_Drinking_Drivers,Driver_License_Category,Driver_Max_Prev_Accident_Count,Driver_Max_Prev_Speeding_Count,Max_Driver_Age,Min_Driver_Age,Driver_Sex_List,Total_Exceeding_Limit_Vehicles,Total_Too_Fast_Vehicles,Max_Vehicle_Type_Severity_5,Max_Vehicle_Damage_Rank,Max_Harmful_Event_Severity,Crash_Road_Surface_Condition,Crash_Horizontal_Alignment,Crash_Vertical_Profile,Crash_Impairment_Category,Crash_Vehicle_Defect
27046,41,Oregon,410126,0,2,2,0,2,NOT APPLICABLE,April,17,Monday,9,59,Rural,High Speed (Arterial),Yes,44.63136111,-123.99435278,Non-Intersection,Daylight,Rain,9:00am-9:59am,59,9:00am-9:59am,59,Unknown,Unknown EMS Hospital Arrival Time,1,Daylight,Rain/Wind/Minor,1,1,['Driver'],['Shoulder_Lapbelt'],0,0,Valid,1.0,0.0,70.0,29.0,"['Male', 'Female']",0,0,3,4,5,Wet/Standing Water,Curve,Grade/Hillcrest,Lowest,No
27047,41,Oregon,410127,0,2,2,0,3,NOT APPLICABLE,April,18,Tuesday,13,15,Rural,High Speed (Arterial),Yes,46.17068611,-123.47098611,Non-Intersection,Daylight,Rain,1:00pm-1:59pm,16,1:00pm-1:59pm,25,Unknown,Unknown EMS Hospital Arrival Time,2,Daylight,Rain/Wind/Minor,2,1,"['Driver', 'Front_Passenger']","['Shoulder_Lapbelt', 'Shoulder_Lapbelt']",0,0,Valid,0.0,1.0,22.0,22.0,"['Female', 'Male']",2,0,4,4,5,Wet/Standing Water,Curve,Grade/Hillcrest,Lowest,No
27048,41,Oregon,410128,0,2,2,0,2,NOT APPLICABLE,April,18,Tuesday,11,46,Rural,High Speed (Arterial),Yes,43.21434167,-124.24585556,Simple Junction,Daylight,Cloudy,11:00am-11:59am,46,11:00am-11:59am,52,Unknown,Unknown EMS Hospital Arrival Time,1,Daylight,Reduced Visibility,1,1,['Driver'],['None_Used'],0,0,Valid,2.0,2.0,71.0,41.0,"['Male', 'Male']",0,0,4,4,5,Wet/Standing Water,Curve,Level,Lowest,No
27049,41,Oregon,410129,0,1,1,0,2,NOT APPLICABLE,April,20,Thursday,13,37,Rural,Medium Speed (Collector),No,44.69008611,-123.02586944,Non-Intersection,Daylight,Rain,1:00pm-1:59pm,37,1:00pm-1:59pm,50,Unknown,Unknown EMS Hospital Arrival Time,1,Daylight,Rain/Wind/Minor,1,1,['Front_Passenger'],['Shoulder_Lapbelt'],0,0,Invalid,0.0,0.0,36.0,36.0,['Female'],2,0,2,4,3,Wet/Standing Water,Straight,Level,Lowest,No
27050,41,Oregon,410131,0,2,2,0,4,NOT APPLICABLE,April,13,Thursday,16,52,Rural,Medium Speed (Collector),No,42.07751389,-124.20577778,Non-Intersection,Daylight,Clear,4:00pm-4:59pm,52,5:00pm-5:59pm,1,Unknown,Unknown EMS Hospital Arrival Time,1,Daylight,Clear,1,3,['Driver'],['Shoulder_Lapbelt'],1,1,Invalid,0.0,0.0,38.0,33.0,"['Male', 'Female']",0,0,3,4,5,Dry,Curve,Level,Lowest,No
27051,41,Oregon,410132,0,1,1,0,1,NOT APPLICABLE,April,25,Tuesday,3,0,Rural,High Speed (Arterial),Yes,45.90834167,-123.83009167,Non-Intersection,Dark - Not Lighted,Cloudy,7:00am-7:59am,3,7:00am-7:59am,10,Not Applicable (Not Transported),Not Applicable (Not Transported),1,Dark - Unlighted,Reduced Visibility,1,0,['Driver'],['Shoulder_Lapbelt'],1,1,Valid,0.0,0.0,37.0,37.0,['Male'],1,0,3,4,3,Dry,Straight,Level,Lowest,No
27052,41,Oregon,410133,0,2,2,0,2,NOT APPLICABLE,April,25,Tuesday,13,55,Rural,High Speed (Arterial),Yes,43.31061389,-124.209125,Non-Intersection,Daylight,Clear,2:00pm-2:59pm,1,2:00pm-2:59pm,11,Unknown,Unknown EMS Hospital Arrival Time,1,Daylight,Clear,1,1,['Driver'],['Shoulder_Lapbelt'],1,1,Invalid,0.0,1.0,70.0,53.0,"['Female', 'Male']",0,0,3,4,5,Dry,Straight,Level,Medium,No
27053,41,Oregon,410134,0,3,3,0,3,NOT APPLICABLE,April,25,Tuesday,14,31,Rural,Medium Speed (Collector),No,45.38026944,-122.47302778,Non-Intersection,Daylight,Clear,2:00pm-2:59pm,31,2:00pm-2:59pm,36,Not Applicable (Not Transported),Not Applicable (Not Transported),2,Daylight,Clear,2,1,"['Driver', 'Driver']","['Shoulder_Lapbelt', 'Shoulder_Lapbelt']",1,1,Valid,0.0,0.0,41.0,39.0,"['Male', 'Male', 'Female']",0,0,3,4,5,Dry,Straight,Level,Lowest,No
27054,41,Oregon,410135,0,1,1,0,1,NOT APPLICABLE,April,25,Tuesday,17,54,Urban,High Speed (Arterial),Yes,44.09678611,-123.16874722,Non-Intersection,Daylight,Clear,6:00pm-6:59pm,2,6:00pm-6:59pm,8,Not Applicable (Not Transported),Not Applicable (Not Transported),1,Daylight,Clear,1,0,['Driver'],['None_Used'],0,0,Valid,0.0,0.0,63.0,63.0,['Male'],0,0,5,1,2,Dry,Curve,Grade/Hillcrest,Lowest,No
27055,41,Oregon,410136,0,4,4,0,7,NOT APPLICABLE,April,21,Friday,13,48,Rural,High Speed (Arterial),Yes,43.12055278,-117.05392778,Non-Intersection,Daylight,Clear,Unknown,Unknown,Unknown EMS Scene Arrival Hour,Unknown EMS Scene Arrival Minutes,Unknown,Unknown EMS Hospital Arrival Time,1,Daylight,Clear,1,6,['Driver'],['Shoulder_Lapbelt'],1,1,Valid,0.0,2.0,63.0,23.0,"['Male', 'Male', 'Female', 'Male']",0,0,3,4,5,Dry,Straight,Level,Lowest,No
27056,41,Oregon,410137,1,1,1,0,1,NOT APPLICABLE,January,24,Tuesday,17,27,Urban,Medium Speed (Collector),No,42.04795,-124.26467222,Non-Intersection,Dusk,Not Reported,Unknown,Unknown,Unknown EMS Scene Arrival Hour,Unknown EMS Scene Arrival Minutes,Unknown,Unknown EMS Hospital Arrival Time,1,Twilight,Clear,0,1,[],[],0,0,Valid,0.0,0.0,79.0,79.0,['Male'],0,0,3,1,4,Dry,Curve,Level,Highest,No
27057,41,Oregon,410138,1,1,1,0,1,GRESHAM,February,26,Sunday,2,59,Urban,High Speed (Arterial),Yes,45.53742778,-122.47727222,Non-Intersection,Dark - Lighted,Snow,2:00am-2:59am,59,3:00am-3:59am,5,Not Applicable (Not Transported),Not Applicable (Not Transported),1,Dark - Lighted,Snow/Ice/Severe,0,1,[],[],0,0,Invalid,0.0,0.0,46.0,46.0,['Male'],0,0,2,1,4,Icy/Snowy,Straight,Level,Lowest,No
27058,41,Oregon,410139,1,1,1,0,1,PORTLAND,April,28,Friday,0,10,Urban,High Speed (Arterial),Yes,45.52647222,-122.57894167,Complex/Circle,Dark - Unknown Lighting,Clear,Unknown,Unknown,Unknown EMS Scene Arrival Hour,Unknown EMS Scene Arrival Minutes,Not Applicable (Not Transported),Not Applicable (Not Transported),1,Dark - Unlighted,Clear,0,1,[],[],0,0,Invalid,0.0,0.0,999.0,999.0,['Other'],0,0,1,1,4,Dry,Straight,Level,Lowest,No
27059,41,Oregon,410142,1,1,1,0,3,NOT APPLICABLE,April,29,Saturday,22,1,Urban,High Speed (Arterial),Yes,45.86337222,-119.2909,Non-Intersection,Dark - Not Lighted,Clear,10:00pm-10:59pm,1,10:00pm-10:59pm,4,Not Applicable (Not Transported),Not Applicable (Not Transported),1,Dark - Unlighted,Clear,0,3,[],[],1,1,Valid,0.0,0.0,53.0,53.0,['Male'],0,0,3,1,4,Dry,Straight,Grade/Hillcrest,Lowest,No
27060,41,Oregon,410143,1,2,1,1,1,NOT APPLICABLE,April,30,Sunday,3,3,Rural,High Speed (Arterial),Yes,42.01963611,-122.60926111,Non-Intersection,Dark - Not Lighted,Clear,3:00am-3:59am,3,3:00am-3:59am,35,Not Applicable (Not Transported),Not Applicable (Not Transported),1,Dark - Unlighted,Clear,0,1,[],[],0,0,Valid,0.0,0.0,31.0,31.0,['Male'],0,0,4,1,5,Dry,Straight,Level,Lowest,No
27061,41,Oregon,410144,0,1,1,0,1,ROGUE RIVER,April,22,Saturday,12,22,Urban,Medium Speed (Collector),No,42.436475,-123.17018333,Non-Intersection,Daylight,Not Reported,Unknown,Unknown,Unknown EMS Scene Arrival Hour,Unknown EMS Scene Arrival Minutes,Not Applicable (Not Transported),Not Applicable (Not Transported),1,Daylight,Clear,1,0,['Driver'],['None_Used'],1,1,Valid,0.0,0.0,67.0,67.0,['Male'],0,0,5,1,2,Dry,Straight,Level,Lowest,Yes
27062,41,Oregon,410145,0,1,1,0,1,PORTLAND,May,3,Wednesday,13,5,Urban,Medium Speed (Collector),Yes,45.62297778,-122.7321,Non-Intersection,Daylight,Clear,1:00pm-1:59pm,5,1:00pm-1:59pm,16,Not Applicable (Not Transported),Not Applicable (Not Transported),1,Daylight,Clear,1,0,['Driver'],['Shoulder_Lapbelt'],1,1,Valid,0.0,0.0,43.0,43.0,['Female'],0,0,2,4,3,Dry,Straight,Level,Lowest,No
27063,41,Oregon,410146,0,2,2,0,3,TIGARD,May,3,Wednesday,11,55,Urban,Medium Speed (Collector),No,45.40670833,-122.74593333,Non-Intersection,Daylight,Clear,Unknown,Unknown,Unknown EMS Scene Arrival Hour,Unknown EMS Scene Arrival Minutes,Unknown,Unknown EMS Hospital Arrival Time,1,Daylight,Clear,1,2,['Front_Passenger'],['Shoulder_Lapbelt'],0,0,Valid,1.0,2.0,67.0,37.0,"['Female', 'Male']",0,0,3,1,5,Dry,Straight,Grade/Hillcrest,Lowest,No
27064,41,Oregon,410147,0,1,1,0,1,NOT APPLICABLE,May,4,Thursday,0,34,Rural,Medium Speed (Collector),No,42.91931111,-124.11562222,Non-Intersection,Dark - Not Lighted,Cloudy,0:00am-0:59am,36,0:00am-0:59am,51,Not Applicable (Not Transported),Not Applicable (Not Transported),1,Dark - Unlighted,Reduced Visibility,1,0,['Driver'],['None_Used'],1,1,Valid,0.0,1.0,38.0,38.0,['Male'],0,0,3,4,3,Dry,Curve,Level,Lowest,No
27065,41,Oregon,410148,0,1,1,0,2,NOT APPLICABLE,May,4,Thursday,20,23,Rural,Medium Speed (Collector),No,43.97638889,-122.66503333,Non-Intersection,Dark - Not Lighted,Clear,Unknown,Unknown,Unknown EMS Scene Arrival Hour,Unknown EMS Scene Arrival Minutes,Unknown,Unknown EMS Hospital Arrival Time,1,Dark - Unlighted,Clear,1,1,['Front_Passenger'],['None_Used'],1,1,Invalid,0.0,1.0,26.0,26.0,['Male'],2,0,3,4,3,Dry,Curve,Level,Lowest,No
27066,41,Oregon,410149,0,1,1,0,1,TIGARD,May,6,Saturday,7,42,Urban,High Speed (Arterial),Yes,45.40502778,-122.74469444,Non-Intersection,Daylight,Clear,7:00am-7:59am,47,7:00am-7:59am,53,Not Applicable (Not Transported),Not Applicable (Not Transported),1,Daylight,Clear,1,0,['Driver'],['Shoulder_Lapbelt'],0,0,Valid,0.0,2.0,75.0,75.0,['Male'],0,0,2,4,3,Dry,Straight,Grade/Hillcrest,Lowest,No
27067,41,Oregon,410150,0,2,2,0,5,NOT APPLICABLE,May,7,Sunday,3,15,Urban,High Speed (Arterial),Yes,44.62644167,-123.06183889,Non-Intersection,Dark - Lighted,Clear,3:00am-3:59am,17,3:00am-3:59am,25,Unknown,Unknown EMS Hospital Arrival Time,2,Dark - Lighted,Clear,2,3,"['Front_Passenger', 'Rear_Seat']","['Shoulder_Lapbelt', 'Shoulder_Lapbelt']",0,0,Valid,0.0,0.0,64.0,36.0,"['Male', 'Male']",4,0,3,4,5,Dry,Straight,Level,Lowest,No
27068,41,Oregon,410151,0,2,2,0,5,NOT APPLICABLE,May,7,Sunday,16,25,Urban,High Speed (Arterial),Yes,45.49315278,-123.84813611,Simple Junction,Daylight,Clear,4:00pm-4:59pm,25,4:00pm-4:59pm,30,Unknown,Unknown EMS Hospital Arrival Time,1,Daylight,Clear,1,4,['Front_Passenger'],['Shoulder_Lapbelt'],0,0,Valid,0.0,2.0,21.0,19.0,"['Male', 'Male']",0,0,3,1,5,Dry,Straight,Level,Lowest,No
27069,41,Oregon,410152,0,1,1,0,1,NOT APPLICABLE,May,7,Sunday,0,58,Rural,Medium Speed (Collector),No,44.46253056,-123.27466944,Non-Intersection,Dark - Not Lighted,Clear,1:00am-1:59am,5,1:00am-1:59am,20,Not Applicable (Not Transported),Not Applicable (Not Transported),1,Dark - Unlighted,Clear,1,0,['Driver'],['None_Used'],1,1,Valid,0.0,0.0,40.0,40.0,['Male'],0,0,3,4,3,Dry,Straight,Level,Lowest,No
27070,41,Oregon,410153,0,1,1,0,2,NOT APPLICABLE,May,2,Tuesday,13,21,Rural,High Speed (Arterial),Yes,43.853675,-118.95158056,Non-Intersection,Daylight,Clear,1:00pm-1:59pm,30,2:00pm-2:59pm,1,Unknown,Unknown EMS Hospital Arrival Time,1,Daylight,Clear,1,1,['Front_Passenger'],['None_Used'],0,0,Valid,0.0,0.0,88.0,88.0,['Male'],0,0,3,1,3,Dry,Straight,Grade/Hillcrest,Lowest,No
27071,41,Oregon,410154,0,1,1,0,1,GRESHAM,April,15,Saturday,0,19,Urban,High Speed (Arterial),Yes,45.49390833,-122.40583889,Complex/Circle,Dark - Lighted,Clear,0:00am-0:59am,20,0:00am-0:59am,38,0:00am-0:59am,48,1,Dark - Lighted,Clear,1,0,['Driver'],['None_Used'],1,1,Valid,0.0,0.0,71.0,71.0,['Male'],1,0,2,4,3,Dry,Straight,Level,Lowest,No
27072,41,Oregon,410155,0,1,1,0,1,NOT APPLICABLE,May,7,Sunday,18,20,Urban,Low Speed (Local),No,42.50683333,-123.39795278,Non-Intersection,Daylight,Cloudy,6:00pm-6:59pm,39,6:00pm-6:59pm,49,Not Applicable (Not Transported),Not Applicable (Not Transported),1,Daylight,Reduced Visibility,1,0,['Driver'],['None_Used'],0,0,Invalid,0.0,0.0,32.0,32.0,['Male'],1,0,5,1,3,Dry,Straight,Level,Lowest,No
27073,41,Oregon,410156,0,2,2,0,2,NOT APPLICABLE,May,9,Tuesday,13,29,Rural,Medium Speed (Collector),No,42.27363333,-123.02251389,Non-Intersection,Daylight,Clear,1:00pm-1:59pm,Unknown,1:00pm-1:59pm,38,Not Applicable (Not Transported),Not Applicable (Not Transported),1,Daylight,Clear,1,1,['Driver'],['None_Used'],1,1,Invalid,0.0,0.0,61.0,56.0,"['Male', 'Male']",1,0,5,4,5,Dry,Curve,Grade/Hillcrest,Lowest,No
27074,41,Oregon,410157,0,4,3,1,3,PORTLAND,May,11,Thursday,13,5,Urban,Medium Speed (Collector),No,45.4759,-122.58936111,Complex/Circle,Daylight,Clear,1:00pm-1:59pm,10,1:00pm-1:59pm,15,Unknown,Unknown EMS Hospital Arrival Time,1,Daylight,Clear,1,2,['Driver'],['Shoulder_Lapbelt'],0,0,Valid,0.0,0.0,65.0,19.0,"['Male', 'Male', 'Male']",1,0,4,4,5,Dry,Straight,Level,Lowest,No
27075,41,Oregon,410158,1,1,1,0,1,PORTLAND,April,25,Tuesday,5,21,Urban,Medium Speed (Collector),No,45.55367778,-122.53709167,Simple Junction,Dark - Lighted,Clear,5:00am-5:59am,21,5:00am-5:59am,28,5:00am-5:59am,52,1,Dark - Lighted,Clear,0,1,[],[],0,0,Invalid,0.0,0.0,58.0,58.0,['Male'],0,0,2,1,4,Dry,Straight,Level,Lowest,No
27076,41,Oregon,410159,1,1,1,0,1,PORTLAND,May,9,Tuesday,13,22,Urban,Medium Speed (Collector),No,45.53499444,-122.6506,Complex/Circle,Daylight,Clear,1:00pm-1:59pm,26,1:00pm-1:59pm,33,Unknown,Unknown EMS Hospital Arrival Time,1,Daylight,Clear,0,1,[],[],0,0,Invalid,0.0,0.0,48.0,48.0,['Female'],0,0,3,1,4,Dry,Straight,Level,Lowest,No
27077,41,Oregon,410160,0,5,5,0,9,TIGARD,May,11,Thursday,19,35,Urban,High Speed (Arterial),Yes,45.43736111,-122.75633056,Non-Intersection,Daylight,Clear,7:00pm-7:59pm,35,7:00pm-7:59pm,39,8:00pm-8:59pm,49,1,Daylight,Clear,1,8,['Front_Passenger'],['Shoulder_Lapbelt'],1,1,Invalid,0.0,1.0,80.0,24.0,"['Male', 'Male', 'Female', 'Male', 'Male']",0,0,5,1,5,Dry,Straight,Grade/Hillcrest,Lowest,No
27078,41,Oregon,410162,0,2,2,0,4,PHOENIX,May,13,Saturday,11,21,Urban,Medium Speed (Collector),No,42.28030556,-122.81959722,Non-Intersection,Daylight,Clear,11:00am-11:59am,23,11:00am-11:59am,29,Not Applicable (Not Transported),Not Applicable (Not Transported),1,Daylight,Clear,1,3,['Driver'],['None_Used'],0,0,Invalid,0.0,0.0,72.0,45.0,"['Male', 'Male']",0,0,5,1,5,Dry,Curve,Level,Lowest,No
27079,41,Oregon,410164,0,1,1,0,3,NOT APPLICABLE,May,14,Sunday,0,40,Rural,High Speed (Arterial),Yes,45.75334167,-123.28009167,Non-Intersection,Dark - Not Lighted,Clear,0:00am-0:59am,45,1:00am-1:59am,0,Unknown,Unknown EMS Hospital Arrival Time,1,Dark - Unlighted,Clear,1,2,['Driver'],['Shoulder_Lapbelt'],1,1,Invalid,1.0,0.0,32.0,32.0,['Female'],0,0,3,1,3,Dry,Curve,Grade/Hillcrest,Lowest,No
27080,41,Oregon,410165,0,2,2,0,3,TROUTDALE,May,14,Sunday,0,51,Urban,Medium Speed (Collector),No,45.54531389,-122.40067222,Complex/Circle,Dark - Lighted,Clear,0:00am-0:59am,51,Unknown EMS Scene Arrival Hour,Unknown EMS Scene Arrival Minutes,Not Applicable (Not Transported),Not Applicable (Not Transported),1,Dark - Lighted,Clear,1,2,['Driver'],['Shoulder_Lapbelt'],1,1,Valid,1.0,2.0,62.0,21.0,"['Male', 'Male']",0,0,4,1,5,Dry,Straight,Level,Lowest,No
27081,41,Oregon,410166,0,1,1,0,1,PORTLAND,May,16,Tuesday,1,37,Urban,High Speed (Arterial),Yes,45.51650556,-122.66599722,Non-Intersection,Dark - Lighted,Cloudy,Unknown,Unknown,Unknown EMS Scene Arrival Hour,Unknown EMS Scene Arrival Minutes,Not Applicable (Not Transported),Not Applicable (Not Transported),1,Dark - Lighted,Reduced Visibility,1,0,['Driver'],['None_Used'],1,1,Invalid,1.0,0.0,22.0,22.0,['Male'],0,0,5,1,3,Dry,Curve,Grade/Hillcrest,Lowest,No
27082,41,Oregon,410167,0,1,1,0,1,NOT APPLICABLE,May,16,Tuesday,10,46,Rural,Medium Speed (Collector),No,42.24648611,-123.03059167,Non-Intersection,Daylight,Clear,10:00am-10:59am,46,10:00am-10:59am,46,Not Applicable (Not Transported),Not Applicable (Not Transported),1,Daylight,Clear,1,0,['Driver'],['Shoulder_Lapbelt'],0,0,Valid,0.0,0.0,90.0,90.0,['Female'],0,0,2,4,3,Dry,Straight,Level,Lowest,No
27083,41,Oregon,410168,1,1,1,0,1,GRESHAM,May,16,Tuesday,15,38,Urban,High Speed (Arterial),Yes,45.49232222,-122.47571667,Non-Intersection,Daylight,Clear,3:00pm-3:59pm,31,3:00pm-3:59pm,31,Not Applicable (Not Transported),Not Applicable (Not Transported),1,Daylight,Clear,0,1,[],[],0,0,Valid,0.0,0.0,44.0,44.0,['Male'],0,0,1,1,4,Dry,Straight,Non-Trafficway,Lowest,No
27084,41,Oregon,410169,0,1,1,0,1,NOT APPLICABLE,May,17,Wednesday,12,11,Rural,High Speed (Arterial),Yes,43.68405556,-123.95361667,Non-Intersection,Daylight,Clear,12:00pm-12:59pm,11,12:00pm-12:59pm,21,Not Applicable (Not Transported),Not Applicable (Not Transported),1,Daylight,Clear,1,0,['Driver'],['Shoulder_Lapbelt'],0,0,Valid,0.0,0.0,79.0,79.0,['Female'],0,0,3,4,3,Dry,Straight,Level,Lowest,No
27085,41,Oregon,410170,0,3,3,0,3,NOT APPLICABLE,May,17,Wednesday,12,11,Rural,Medium Speed (Collector),No,44.10675,-123.25279167,Non-Intersection,Daylight,Clear,12:00pm-12:59pm,11,12:00pm-12:59pm,36,1:00pm-1:59pm,5,1,Daylight,Clear,1,2,['Driver'],['Shoulder_Lapbelt'],0,0,Invalid,0.0,1.0,65.0,46.0,"['Male', 'Male', 'Male']",0,0,2,4,5,Dry,Straight,Level,Lowest,No
27086,41,Oregon,410171,0,2,2,0,2,NOT APPLICABLE,January,24,Tuesday,16,15,Rural,Medium Speed (Collector),No,42.42355556,-121.51981944,Non-Intersection,Daylight,Clear,Unknown,Unknown,Unknown EMS Scene Arrival Hour,Unknown EMS Scene Arrival Minutes,Unknown,Unknown EMS Hospital Arrival Time,1,Daylight,Clear,1,1,['Driver'],['Shoulder_Lapbelt'],0,0,Valid,0.0,0.0,67.0,51.0,"['Male', 'Male']",1,0,3,1,5,Dry,Curve,Grade/Hillcrest,Lowest,No
27087,41,Oregon,410172,0,1,1,0,1,NOT APPLICABLE,January,26,Thursday,14,14,Rural,High Speed (Arterial),Yes,45.01685556,-123.41945833,Non-Intersection,Daylight,Not Reported,Unknown,Unknown,Unknown EMS Scene Arrival Hour,Unknown EMS Scene Arrival Minutes,Unknown,Unknown EMS Hospital Arrival Time,1,Daylight,Clear,1,0,['Driver'],['None_Used'],0,0,Valid,0.0,0.0,80.0,80.0,['Male'],0,0,3,0,2,Dry,Straight,Level,Lowest,No
27088,41,Oregon,410174,0,3,3,0,4,SALEM,February,3,Friday,13,49,Urban,Medium Speed (Collector),No,44.92796111,-122.99355278,Complex/Circle,Daylight,Clear,1:00pm-1:59pm,49,1:00pm-1:59pm,54,2:00pm-2:59pm,5,1,Daylight,Clear,1,3,['Driver'],['Shoulder_Lapbelt'],0,0,Valid,0.0,1.0,94.0,29.0,"['Male', 'Male', 'Male']",0,0,3,1,5,Dry,Straight,Level,Lowest,No
27089,41,Oregon,410176,1,1,1,0,2,EUGENE,May,13,Saturday,3,54,Urban,Medium Speed (Collector),No,44.03343611,-123.07834167,Non-Intersection,Dark - Not Lighted,Clear,Unknown,Unknown,Unknown EMS Scene Arrival Hour,Unknown EMS Scene Arrival Minutes,Not Applicable (Not Transported),Not Applicable (Not Transported),1,Dark - Unlighted,Clear,0,2,[],[],0,0,Valid,0.0,0.0,30.0,30.0,['Male'],0,0,4,1,4,Dry,Straight,Level,Lowest,No
27090,41,Oregon,410177,12,3,1,2,1,NOT APPLICABLE,May,18,Thursday,14,5,Rural,High Speed (Arterial),Yes,44.74600833,-123.05150556,Non-Intersection,Daylight,Clear,Unknown,Unknown,Unknown EMS Scene Arrival Hour,Unknown EMS Scene Arrival Minutes,Unknown,Unknown EMS Hospital Arrival Time,7,Daylight,Clear,0,1,[],[],0,0,Valid,0.0,0.0,52.0,52.0,['Male'],0,0,4,4,5,Dry,Straight,Level,Lowest,No
27091,41,Oregon,410179,0,2,2,0,4,NOT APPLICABLE,May,20,Saturday,21,50,Rural,High Speed (Arterial),Yes,45.952025,-122.86372778,Simple Junction,Dark - Lighted,Clear,9:00pm-9:59pm,50,9:00pm-9:59pm,55,Unknown,Unknown EMS Hospital Arrival Time,1,Dark - Lighted,Clear,1,3,['Front_Passenger'],['None_Used'],0,0,Valid,0.0,2.0,34.0,27.0,"['Female', 'Male']",2,0,3,4,5,Dry,Straight,Level,Lowest,No
27092,41,Oregon,410180,0,2,2,0,5,NOT APPLICABLE,May,21,Sunday,11,14,Rural,High Speed (Arterial),Yes,42.98855833,-117.139725,Non-Intersection,Daylight,Clear,11:00am-11:59am,15,11:00am-11:59am,22,Unknown,Unknown EMS Hospital Arrival Time,2,Daylight,Clear,2,3,"['Driver', 'Rear_Seat']","['Shoulder_Lapbelt', 'Shoulder_Lapbelt']",0,0,Valid,0.0,0.0,38.0,37.0,"['Male', 'Male']",1,0,3,1,5,Dry,Straight,Level,Lowest,No
27093,41,Oregon,410181,0,1,1,0,4,HILLSBORO,May,22,Monday,0,56,Urban,Medium Speed (Collector),No,45.53909444,-122.99586389,Complex/Circle,Dark - Lighted,Clear,Unknown,Unknown,Unknown EMS Scene Arrival Hour,Unknown EMS Scene Arrival Minutes,Not Applicable (Not Transported),Not Applicable (Not Transported),1,Dark - Lighted,Clear,1,3,['Driver'],['Shoulder_Lapbelt'],1,1,Valid,0.0,0.0,18.0,18.0,['Male'],4,0,3,1,3,Dry,Straight,Level,Lowest,No
27094,41,Oregon,410182,0,1,1,0,2,NOT APPLICABLE,May,22,Monday,6,24,Rural,High Speed (Arterial),Yes,42.233875,-121.58943333,Non-Intersection,Reported as Unknown,Clear,6:00am-6:59am,24,6:00am-6:59am,33,Unknown,Unknown EMS Hospital Arrival Time,1,Dark - Unlighted,Clear,1,1,['Driver'],['Shoulder_Lapbelt'],0,0,Invalid,0.0,0.0,51.0,51.0,['Male'],2,0,3,4,3,Dry,Straight,Level,Lowest,No
27095,41,Oregon,410183,0,1,1,0,1,NOT APPLICABLE,May,22,Monday,19,11,Rural,Medium Speed (Collector),No,43.25029167,-123.11237222,Non-Intersection,Daylight,Clear,7:00pm-7:59pm,11,7:00pm-7:59pm,20,Not Applicable (Not Transported),Not Applicable (Not Transported),1,Daylight,Clear,1,0,['Driver'],['None_Used'],0,0,Invalid,0.0,0.0,42.0,42.0,['Male'],0,0,2,1,2,Dry,Straight,Level,Lowest,No
27096,41,Oregon,410184,0,1,1,0,1,NOT APPLICABLE,April,6,Thursday,15,6,Urban,Medium Speed (Collector),No,44.86385556,-123.21981111,Non-Intersection,Daylight,Rain,3:00pm-3:59pm,6,3:00pm-3:59pm,11,Not Applicable (Not Transported),Not Applicable (Not Transported),1,Daylight,Rain/Wind/Minor,1,0,['Driver'],['None_Used'],0,0,Valid,0.0,0.0,75.0,75.0,['Female'],0,0,2,1,2,Wet/Standing Water,Curve,Grade/Hillcrest,Medium,No
27097,41,Oregon,410185,0,1,1,0,1,NOT APPLICABLE,April,28,Friday,22,0,Rural,Low Speed (Local),No,45.053075,-122.62038333,Non-Intersection,Dark - Not Lighted,Clear,10:00pm-10:59pm,0,10:00pm-10:59pm,45,Not Applicable (Not Transported),Not Applicable (Not Transported),1,Dark - Unlighted,Clear,1,0,['Driver'],['None_Used'],1,1,Valid,0.0,0.0,30.0,30.0,['Male'],0,0,5,1,3,Dry,Curve,Grade/Hillcrest,Lowest,No
27098,41,Oregon,410186,0,3,3,0,5,SALEM,May,21,Sunday,3,0,Urban,High Speed (Arterial),Yes,44.96128056,-122.98366389,Complex/Circle,Dark - Lighted,Clear,3:00am-3:59am,3,3:00am-3:59am,7,Unknown,Unknown EMS Hospital Arrival Time,1,Dark - Lighted,Clear,1,4,['Front_Passenger'],['Shoulder_Lapbelt'],1,1,Invalid,0.0,2.0,32.0,21.0,"['Male', 'Male', 'Female']",1,0,3,4,5,Dry,Straight,Level,Lowest,No
27099,41,Oregon,410187,0,2,2,0,5,NOT APPLICABLE,May,23,Tuesday,12,16,Rural,High Speed (Arterial),Yes,43.21625,-124.30745556,Non-Intersection,Daylight,Cloudy,12:00pm-12:59pm,16,12:00pm-12:59pm,27,Unknown,Unknown EMS Hospital Arrival Time,2,Daylight,Reduced Visibility,2,3,"['Driver', 'Front_Passenger']","['Shoulder_Lapbelt', 'Shoulder_Lapbelt']",0,0,Valid,0.0,0.0,76.0,35.0,"['Male', 'Female']",0,0,3,4,5,Dry,Curve,Level,Lowest,No