,State_Code,State_Name,Crash_ID,Count_Non_Motorists,Count_Vehicles_Total,Count_Vehicle_Forms,Count_PVH_Involved,Count_Occupants_MV,City_Name,Month_Name,Day_of_Month,Day_of_Week,Crash_Hour,Crash_Minute,Area_Rural_Urban,Road_Functional_Class,On_NHS_Road,Latitude,Longitude,Intersection_Type,Light_Condition,Weather_Condition,Notif_Hour,Notif_Minute,Arrival_Hour,Arrival_Minute,Hospital_Hour,Hospital_Minute,Fatalities_Count,Clean_Light_Condition,Clean_Weather_Condition,Total_Killed,Total_Alive,Fatal_Seats_List,Killed_Restraint_List,Any_Driver_Drinking,Total_Drinking_Drivers,Driver_License_Category,Driver_Max_Prev_Accident_Count,Driver_Max_Prev_Speeding_Count,Max_Driver_Age,Min_Driver_Age,Driver_Sex_List,Total_Exceeding_Limit_Vehicles,Total_Too_Fast_Vehicles,Max_Vehicle_Type_Severity_5,Max_Vehicle_Damage_Rank,Max_Harmful_Event_Severity,Crash_Road_Surface_Condition,Crash_Horizontal_Alignment,Crash_Vertical_Profile,Crash_Impairment_Category,Crash_Vehicle_Defect
27100,41,Oregon,410188,0,1,1,0,1,NOT APPLICABLE,May,23,Tuesday,10,39,Rural,Medium Speed (Collector),No,44.76331111,-122.56618056,Non-Intersection,Daylight,Clear,10:00am-10:59am,41,10:00am-10:59am,48,Not Applicable (Not Transported),Not Applicable (Not Transported),1,Daylight,Clear,1,0,['Driver'],['Shoulder_Lapbelt'],0,0,Valid,0.0,0.0,63.0,63.0,['Male'],0,0,4,4,3,Dry,Curve,Level,Lowest,No
27101,41,Oregon,410189,0,1,1,0,1,NOT APPLICABLE,May,24,Wednesday,8,30,Urban,High Speed (Arterial),Yes,42.23958611,-122.76454722,Non-Intersection,Daylight,Clear,8:00am-8:59am,35,8:00am-8:59am,43,Not Applicable (Not Transported),Not Applicable (Not Transported),1,Daylight,Clear,1,0,['Driver'],['Shoulder_Lapbelt'],0,0,Valid,0.0,0.0,68.0,68.0,['Male'],0,0,3,1,3,Dry,Straight,Level,Lowest,No
27102,41,Oregon,410190,1,1,1,0,1,PORTLAND,May,24,Wednesday,13,37,Urban,High Speed (Arterial),Yes,45.50403333,-122.53646667,Non-Intersection,Daylight,Not Reported,Unknown,Unknown,Unknown EMS Scene Arrival Hour,Unknown EMS Scene Arrival Minutes,1:00pm-1:59pm,51,1,Daylight,Clear,0,1,[],[],0,0,Invalid,0.0,0.0,998.0,998.0,['Other'],0,0,1,0,4,Dry,Straight,Level,Lowest,No
27103,41,Oregon,410191,0,1,1,0,1,NOT APPLICABLE,April,15,Saturday,7,40,Rural,Low Speed (Local),No,44.56553611,-122.81466111,Non-Intersection,Dawn,Clear,8:00am-8:59am,24,8:00am-8:59am,36,Not Applicable (Not Transported),Not Applicable (Not Transported),1,Twilight,Clear,1,0,['Driver'],['Shoulder_Lapbelt'],1,1,Valid,0.0,0.0,45.0,45.0,['Male'],0,0,3,4,2,Dry,Straight,Level,Lowest,No
27104,41,Oregon,410192,0,1,1,0,1,NOT APPLICABLE,April,28,Friday,23,6,Rural,Low Speed (Local),No,42.18253611,-121.36323611,Non-Intersection,Dark - Not Lighted,Clear,11:00pm-11:59pm,12,11:00pm-11:59pm,19,Not Applicable (Not Transported),Not Applicable (Not Transported),1,Dark - Unlighted,Clear,1,0,['Driver'],['None_Used'],1,1,Valid,0.0,0.0,17.0,17.0,['Male'],1,0,3,4,3,Dry,Curve,Level,Lowest,No
27105,41,Oregon,410193,0,2,2,0,2,PORTLAND,April,30,Sunday,0,45,Urban,Medium Speed (Collector),No,45.48926111,-122.59595278,Complex/Circle,Dark - Lighted,Clear,Unknown,Unknown,Unknown EMS Scene Arrival Hour,Unknown EMS Scene Arrival Minutes,Unknown,Unknown EMS Hospital Arrival Time,1,Dark - Lighted,Clear,1,1,['Driver'],['None_Used'],1,1,Valid,2.0,6.0,63.0,54.0,"['Male', 'Male']",1,0,5,4,5,Dry,Straight,Level,Lowest,Yes
27106,41,Oregon,410194,0,2,2,0,2,NOT APPLICABLE,May,27,Saturday,17,4,Rural,Medium Speed (Collector),No,42.57168611,-122.81550556,Non-Intersection,Daylight,Clear,5:00pm-5:59pm,4,5:00pm-5:59pm,10,Unknown,Unknown EMS Hospital Arrival Time,1,Daylight,Clear,1,1,['Driver'],['Shoulder_Lapbelt'],1,1,Valid,0.0,2.0,80.0,26.0,"['Male', 'Female']",1,0,3,4,5,Dry,Straight,Level,Lowest,No
27107,41,Oregon,410195,0,2,2,0,5,PORTLAND,May,28,Sunday,1,9,Urban,Medium Speed (Collector),No,45.51916111,-122.521,Complex/Circle,Dark - Lighted,Clear,1:00am-1:59am,9,1:00am-1:59am,16,1:00am-1:59am,41,1,Dark - Lighted,Clear,1,4,['Driver'],['None_Used'],1,1,Invalid,0.0,2.0,44.0,25.0,"['Male', 'Female']",2,0,5,4,5,Dry,Straight,Level,Lowest,No
27108,41,Oregon,410196,0,1,1,0,7,NOT APPLICABLE,May,27,Saturday,17,38,Rural,Medium Speed (Collector),No,43.956025,-122.71935833,Non-Intersection,Daylight,Clear,5:00pm-5:59pm,40,5:00pm-5:59pm,43,6:00pm-6:59pm,4,1,Daylight,Clear,1,4,['Non_Standard_Risk'],['None_Used'],0,0,Invalid,1.0,0.0,26.0,26.0,['Male'],0,0,3,4,3,Dry,Curve,Level,Lowest,Yes
27109,41,Oregon,410197,1,1,1,0,1,NOT APPLICABLE,May,24,Wednesday,0,44,Rural,Medium Speed (Collector),No,45.033675,-122.75985278,Non-Intersection,Dark - Not Lighted,Clear,0:00am-0:59am,44,0:00am-0:59am,47,Not Applicable (Not Transported),Not Applicable (Not Transported),1,Dark - Unlighted,Clear,0,1,[],[],0,0,Valid,0.0,0.0,24.0,24.0,['Female'],0,0,3,1,4,Dry,Curve,Grade/Hillcrest,Medium,No
27110,41,Oregon,410198,1,1,1,0,1,HERMISTON,March,11,Saturday,2,36,Urban,Medium Speed (Collector),No,45.83942222,-119.290825,Complex/Circle,Dark - Lighted,Clear,Unknown,Unknown,Unknown EMS Scene Arrival Hour,Unknown EMS Scene Arrival Minutes,Unknown,Unknown EMS Hospital Arrival Time,1,Dark - Lighted,Clear,0,0,[],[],1,1,Valid,0.0,1.0,25.0,25.0,['Male'],0,0,2,1,4,Dry,Straight,Level,Lowest,No
27111,41,Oregon,410200,0,1,1,0,1,NOT APPLICABLE,May,14,Sunday,18,33,Urban,Medium Speed (Collector),No,45.42844167,-122.37525278,Non-Intersection,Daylight,Clear,6:00pm-6:59pm,33,6:00pm-6:59pm,36,Unknown,Unknown EMS Hospital Arrival Time,1,Daylight,Clear,1,0,['Driver'],['Shoulder_Lapbelt'],1,1,Invalid,0.0,0.0,60.0,60.0,['Male'],0,0,3,4,3,Dry,Straight,Grade/Hillcrest,Lowest,No
27112,41,Oregon,410201,0,2,2,0,4,NOT APPLICABLE,June,1,Thursday,11,46,Urban,High Speed (Arterial),Yes,42.40948056,-123.43313611,Complex/Circle,Daylight,Clear,11:00am-11:59am,49,11:00am-11:59am,54,1:00pm-1:59pm,3,1,Daylight,Clear,1,3,['Driver'],['Shoulder_Lapbelt'],0,0,Valid,0.0,1.0,87.0,26.0,"['Male', 'Female']",0,0,3,4,5,Dry,Straight,Level,Lowest,No
27113,41,Oregon,410202,0,2,2,0,2,NOT APPLICABLE,June,2,Friday,20,51,Rural,High Speed (Arterial),Yes,44.25549722,-122.03903056,Non-Intersection,Dusk,Clear,8:00pm-8:59pm,51,9:00pm-9:59pm,22,Unknown,Unknown EMS Hospital Arrival Time,1,Twilight,Clear,1,1,['Driver'],['None_Used'],0,0,Valid,1.0,5.0,46.0,40.0,"['Male', 'Male']",1,0,5,4,5,Dry,Straight,Grade/Hillcrest,Lowest,No
27114,41,Oregon,410203,0,1,1,0,2,PORTLAND,June,4,Sunday,2,15,Urban,Medium Speed (Collector),No,45.51649167,-122.66590278,Non-Intersection,Dark - Not Lighted,Clear,Unknown,Unknown,Unknown EMS Scene Arrival Hour,Unknown EMS Scene Arrival Minutes,Not Applicable (Not Transported),Not Applicable (Not Transported),2,Dark - Unlighted,Clear,2,0,"['Driver', 'Front_Passenger']","['None_Used', 'Shoulder_Lapbelt']",1,1,Invalid,0.0,4.0,22.0,22.0,['Male'],2,0,2,1,3,Dry,Curve,Level,Lowest,No
27115,41,Oregon,410204,0,1,1,0,1,NOT APPLICABLE,June,5,Monday,3,30,Urban,High Speed (Arterial),Yes,42.38308056,-122.90979444,Non-Intersection,Dark - Lighted,Clear,3:00am-3:59am,32,3:00am-3:59am,45,Not Applicable (Not Transported),Not Applicable (Not Transported),1,Dark - Lighted,Clear,1,0,['Driver'],['Shoulder_Lapbelt'],0,0,Valid,0.0,0.0,29.0,29.0,['Male'],0,0,2,4,3,Dry,Straight,Level,Lowest,No
27116,41,Oregon,410205,1,2,1,1,1,NOT APPLICABLE,May,31,Wednesday,23,0,Rural,High Speed (Arterial),Yes,45.59990833,-122.05007778,Non-Intersection,Dark - Not Lighted,Clear,11:00pm-11:59pm,0,0:00am-0:59am,12,0:00am-0:59am,43,1,Dark - Unlighted,Clear,1,0,['Driver'],['None_Used'],0,0,Valid,0.0,4.0,63.0,63.0,['Male'],1,0,2,4,5,Dry,Straight,Level,Lowest,No
27117,41,Oregon,410206,0,2,2,0,3,NOT APPLICABLE,June,5,Monday,18,40,Rural,High Speed (Arterial),Yes,42.97832778,-124.4237,Non-Intersection,Daylight,Clear,6:00pm-6:59pm,42,6:00pm-6:59pm,52,Unknown,Unknown EMS Hospital Arrival Time,1,Daylight,Clear,1,2,['Driver'],['None_Used'],1,1,Invalid,0.0,0.0,59.0,43.0,"['Male', 'Female']",0,0,3,4,5,Dry,Straight,Level,Lowest,No
27118,41,Oregon,410207,0,2,2,0,2,PORTLAND,June,6,Tuesday,19,41,Urban,Medium Speed (Collector),No,45.54829444,-122.66665,Complex/Circle,Daylight,Clear,7:00pm-7:59pm,42,7:00pm-7:59pm,47,8:00pm-8:59pm,3,1,Daylight,Clear,1,1,['Driver'],['None_Used'],1,1,Invalid,0.0,1.0,58.0,41.0,"['Male', 'Female']",1,0,3,4,5,Dry,Straight,Level,Lowest,No
27119,41,Oregon,410208,1,2,2,0,2,PORTLAND,June,6,Tuesday,22,10,Urban,High Speed (Arterial),Yes,45.57249444,-122.63062222,Non-Intersection,Dark - Lighted,Clear,Unknown,Unknown,Unknown EMS Scene Arrival Hour,Unknown EMS Scene Arrival Minutes,Not Applicable (Not Transported),Not Applicable (Not Transported),1,Dark - Lighted,Clear,0,2,[],[],0,0,Invalid,0.0,0.0,998.0,998.0,"['Other', 'Other']",0,0,1,0,4,Dry,Straight,Level,Lowest,No
27120,41,Oregon,410209,1,1,1,0,1,NOT APPLICABLE,June,6,Tuesday,22,28,Urban,High Speed (Arterial),Yes,42.38001944,-122.90583333,Non-Intersection,Dark - Lighted,Cloudy,10:00pm-10:59pm,28,10:00pm-10:59pm,30,Not Applicable (Not Transported),Not Applicable (Not Transported),1,Dark - Lighted,Reduced Visibility,0,1,[],[],1,1,Valid,0.0,0.0,61.0,61.0,['Male'],0,0,3,1,4,Wet/Standing Water,Straight,Level,Lowest,No
27121,41,Oregon,410210,1,1,1,0,1,NOT APPLICABLE,June,10,Saturday,11,24,Rural,Medium Speed (Collector),No,45.07019167,-123.07266389,Non-Intersection,Daylight,Clear,11:00am-11:59am,29,11:00am-11:59am,38,Not Applicable (Not Transported),Not Applicable (Not Transported),1,Daylight,Clear,0,1,[],[],0,0,Valid,0.0,1.0,46.0,46.0,['Male'],0,0,3,0,4,Dry,Straight,Level,Lowest,No
27122,41,Oregon,410211,0,3,3,0,4,NOT APPLICABLE,June,10,Saturday,22,35,Rural,Medium Speed (Collector),No,42.52044722,-122.86199722,Non-Intersection,Dark - Not Lighted,Clear,10:00pm-10:59pm,38,10:00pm-10:59pm,47,Unknown,Unknown EMS Hospital Arrival Time,1,Dark - Unlighted,Clear,1,3,['Driver'],['Shoulder_Lapbelt'],1,2,Valid,0.0,1.0,47.0,34.0,"['Male', 'Female', 'Male']",0,0,3,4,5,Dry,Straight,Level,Medium,No
27123,41,Oregon,410212,0,3,3,0,4,NOT APPLICABLE,June,11,Sunday,15,51,Rural,High Speed (Arterial),Yes,44.69258333,-121.97348889,Non-Intersection,Daylight,Clear,3:00pm-3:59pm,51,4:00pm-4:59pm,6,Unknown,Unknown EMS Hospital Arrival Time,1,Daylight,Clear,1,3,['Driver'],['None_Used'],1,1,Valid,0.0,1.0,70.0,41.0,"['Male', 'Male', 'Female']",2,0,3,4,5,Dry,Curve,Grade/Hillcrest,Lowest,No
27124,41,Oregon,410214,0,2,2,0,2,REDMOND,June,8,Thursday,22,52,Urban,High Speed (Arterial),Yes,44.28701944,-121.16765556,Non-Intersection,Dark - Lighted,Cloudy,10:00pm-10:59pm,56,11:00pm-11:59pm,3,11:00pm-11:59pm,12,1,Dark - Lighted,Reduced Visibility,1,0,['Driver'],['None_Used'],0,0,Valid,2.0,1.0,61.0,44.0,"['Male', 'Male']",0,0,5,1,5,Dry,Straight,Level,Lowest,No
27125,41,Oregon,410215,0,2,2,0,2,HILLSBORO,June,14,Wednesday,15,46,Urban,Medium Speed (Collector),No,45.51995556,-122.92601111,Simple Junction,Daylight,Clear,Unknown,Unknown,Unknown EMS Scene Arrival Hour,Unknown EMS Scene Arrival Minutes,Not Applicable (Not Transported),Not Applicable (Not Transported),1,Daylight,Clear,1,1,['Driver'],['None_Used'],0,0,Invalid,1.0,2.0,72.0,23.0,"['Male', 'Male']",1,0,5,1,5,Dry,Straight,Grade/Hillcrest,Lowest,No
27126,41,Oregon,410216,0,2,2,0,4,NOT APPLICABLE,June,15,Thursday,11,47,Rural,High Speed (Arterial),No,44.92885278,-123.24623056,Non-Intersection,Daylight,Clear,11:00am-11:59am,47,11:00am-11:59am,50,Unknown,Unknown EMS Hospital Arrival Time,1,Daylight,Clear,1,3,['Driver'],['Shoulder_Lapbelt'],0,0,Valid,0.0,0.0,66.0,49.0,"['Female', 'Male']",0,0,3,4,5,Dry,Straight,Level,Lowest,No
27127,41,Oregon,410217,0,1,1,0,1,NOT APPLICABLE,May,14,Sunday,11,22,Rural,Medium Speed (Collector),No,45.26385278,-122.51773611,Non-Intersection,Daylight,Clear,11:00am-11:59am,22,11:00am-11:59am,34,Not Applicable (Not Transported),Not Applicable (Not Transported),1,Daylight,Clear,1,0,['Driver'],['None_Used'],0,0,Valid,1.0,2.0,52.0,52.0,['Male'],0,0,3,4,3,Dry,Curve,Grade/Hillcrest,Lowest,No
27128,41,Oregon,410218,0,2,2,0,2,MAUPIN,June,15,Thursday,15,20,Rural,Medium Speed (Collector),No,45.17213889,-121.0919,Non-Intersection,Daylight,Clear,3:00pm-3:59pm,21,3:00pm-3:59pm,31,Not Applicable (Not Transported),Not Applicable (Not Transported),1,Daylight,Clear,1,1,['Driver'],['None_Used'],0,0,Invalid,0.0,2.0,31.0,26.0,"['Male', 'Male']",0,0,5,4,5,Dry,Straight,Level,Lowest,No
27129,41,Oregon,410219,0,2,2,0,2,NOT APPLICABLE,June,20,Tuesday,5,15,Rural,High Speed (Arterial),Yes,46.02175278,-122.87877778,Non-Intersection,Dawn,Cloudy,5:00am-5:59am,16,5:00am-5:59am,23,Not Applicable (Not Transported),Not Applicable (Not Transported),1,Twilight,Reduced Visibility,1,1,['Driver'],['Shoulder_Lapbelt'],0,0,Invalid,1.0,0.0,50.0,34.0,"['Male', 'Male']",0,0,3,4,5,Dry,Curve,Level,Lowest,No
27130,41,Oregon,410220,1,1,1,0,1,SALEM,June,17,Saturday,4,55,Urban,High Speed (Arterial),Yes,45.00449167,-122.98301389,Non-Intersection,Dark - Not Lighted,Cloudy,4:00am-4:59am,57,5:00am-5:59am,4,Not Applicable (Not Transported),Not Applicable (Not Transported),1,Dark - Unlighted,Reduced Visibility,0,1,[],[],0,0,Valid,0.0,0.0,61.0,61.0,['Male'],0,0,2,1,4,Dry,Straight,Grade/Hillcrest,Lowest,No
27131,41,Oregon,410221,2,1,1,0,1,BEND,June,17,Saturday,16,30,Urban,High Speed (Arterial),Yes,44.05490833,-121.27109722,Simple Junction,Daylight,Clear,4:00pm-4:59pm,32,4:00pm-4:59pm,36,4:00pm-4:59pm,44,1,Daylight,Clear,0,1,[],[],0,0,Valid,0.0,0.0,27.0,27.0,['Female'],0,0,3,1,4,Dry,Straight,Level,Lowest,No
27132,41,Oregon,410222,0,2,2,0,3,ST. HELENS,June,17,Saturday,19,46,Urban,High Speed (Arterial),Yes,45.85902778,-122.82130556,Complex/Circle,Daylight,Clear,7:00pm-7:59pm,46,7:00pm-7:59pm,53,Not Applicable (Not Transported),Not Applicable (Not Transported),1,Daylight,Clear,1,2,['Driver'],['None_Used'],1,1,Invalid,2.0,1.0,57.0,48.0,"['Male', 'Male']",1,0,5,4,5,Dry,Straight,Level,Lowest,No
27133,41,Oregon,410223,0,3,2,1,2,PORTLAND,June,22,Thursday,17,43,Urban,Medium Speed (Collector),No,45.51903611,-122.52484722,Simple Junction,Daylight,Clear,5:00pm-5:59pm,43,5:00pm-5:59pm,48,6:00pm-6:59pm,18,1,Daylight,Clear,1,1,['Driver'],['None_Used'],0,0,Valid,0.0,2.0,26.0,22.0,"['Male', 'Female']",1,0,5,4,5,Dry,Straight,Level,Lowest,No
27134,41,Oregon,410224,0,1,1,0,5,SALEM,June,23,Friday,2,3,Urban,High Speed (Arterial),Yes,44.88534444,-123.00323056,Non-Intersection,Dark - Lighted,Clear,2:00am-2:59am,3,2:00am-2:59am,8,Not Applicable (Not Transported),Not Applicable (Not Transported),2,Dark - Lighted,Clear,2,3,"['Non_Standard_Risk', 'Non_Standard_Risk']","['None_Used', 'None_Used']",1,1,Invalid,0.0,0.0,20.0,20.0,['Female'],0,0,3,4,3,Dry,Straight,Level,Lowest,No
27135,41,Oregon,410226,0,2,2,0,3,NOT APPLICABLE,June,23,Friday,3,20,Rural,High Speed (Arterial),Yes,43.02401111,-121.82590556,Non-Intersection,Dark - Not Lighted,Clear,3:00am-3:59am,19,4:00am-4:59am,14,Unknown,Unknown EMS Hospital Arrival Time,2,Dark - Unlighted,Clear,2,1,"['Driver', 'Front_Passenger']","['Shoulder_Lapbelt', 'Shoulder_Lapbelt']",0,0,Valid,0.0,0.0,67.0,48.0,"['Male', 'Male']",0,0,3,4,5,Dry,Straight,Level,Lowest,No
27136,41,Oregon,410227,1,1,1,0,1,NOT APPLICABLE,June,23,Friday,3,35,Rural,High Speed (Arterial),Yes,44.01409722,-123.78735556,Non-Intersection,Dark - Not Lighted,Cloudy,3:00am-3:59am,39,3:00am-3:59am,43,Not Applicable (Not Transported),Not Applicable (Not Transported),1,Dark - Unlighted,Reduced Visibility,0,1,[],[],0,0,Valid,0.0,0.0,69.0,69.0,['Male'],0,0,1,1,4,Wet/Standing Water,Curve,Grade/Hillcrest,Lowest,No
27137,41,Oregon,410228,0,2,2,0,2,NOT APPLICABLE,June,24,Saturday,22,11,Rural,High Speed (Arterial),Yes,44.05133056,-124.09780278,Simple Junction,Dark - Not Lighted,Clear,10:00pm-10:59pm,11,10:00pm-10:59pm,13,Not Applicable (Not Transported),Not Applicable (Not Transported),1,Dark - Unlighted,Clear,1,1,['Driver'],['Shoulder_Lapbelt'],0,0,Valid,0.0,0.0,31.0,24.0,"['Male', 'Male']",1,0,3,4,5,Dry,Straight,Level,Lowest,No
27138,41,Oregon,410229,0,1,1,0,1,SALEM,June,25,Sunday,0,1,Urban,Medium Speed (Collector),No,44.95219722,-123.08466389,Simple Junction,Dark - Lighted,Clear,0:00am-0:59am,5,0:00am-0:59am,9,Not Applicable (Not Transported),Not Applicable (Not Transported),1,Dark - Lighted,Clear,1,0,['Driver'],['None_Used'],0,0,Valid,0.0,0.0,40.0,40.0,['Male'],1,0,5,4,3,Dry,Curve,Grade/Hillcrest,Lowest,No
27139,41,Oregon,410230,1,1,1,0,1,SPRINGFIELD,June,25,Sunday,1,49,Urban,High Speed (Arterial),Yes,44.04591667,-122.98225278,Non-Intersection,Dark - Lighted,Cloudy,1:00am-1:59am,50,1:00am-1:59am,50,Not Applicable (Not Transported),Not Applicable (Not Transported),1,Dark - Lighted,Reduced Visibility,0,1,[],[],1,1,Valid,0.0,0.0,21.0,21.0,['Male'],0,0,2,1,4,Dry,Straight,Level,Lowest,No
27140,41,Oregon,410231,0,1,1,0,1,WILSONVILLE,June,25,Sunday,1,50,Urban,Medium Speed (Collector),No,45.30276389,-122.78511111,Non-Intersection,Dark - Lighted,Clear,1:00am-1:59am,50,1:00am-1:59am,53,Not Applicable (Not Transported),Not Applicable (Not Transported),1,Dark - Lighted,Clear,1,0,['Driver'],['Shoulder_Lapbelt'],1,1,Valid,0.0,0.0,22.0,22.0,['Male'],1,0,2,4,3,Dry,Curve,Level,Lowest,No
27141,41,Oregon,410232,0,5,4,1,8,PORTLAND,June,25,Sunday,18,11,Urban,High Speed (Arterial),Yes,45.52647778,-122.51168333,Non-Intersection,Daylight,Clear,6:00pm-6:59pm,15,6:00pm-6:59pm,24,Unknown,Unknown EMS Hospital Arrival Time,1,Daylight,Clear,1,5,['Driver'],['Shoulder_Lapbelt'],1,1,Invalid,0.0,1.0,61.0,20.0,"['Male', 'Female', 'Male', 'Male']",1,0,2,4,5,Dry,Straight,Level,Lowest,No
27142,41,Oregon,410233,1,2,2,0,3,NOT APPLICABLE,June,24,Saturday,22,19,Urban,High Speed (Arterial),Yes,43.191125,-123.36561111,Non-Intersection,Dark - Not Lighted,Clear,10:00pm-10:59pm,20,10:00pm-10:59pm,29,Not Applicable (Not Transported),Not Applicable (Not Transported),1,Dark - Unlighted,Clear,0,3,[],[],0,0,Valid,0.0,1.0,62.0,54.0,"['Male', 'Male']",0,0,3,1,4,Dry,Straight,Level,Lowest,No
27143,41,Oregon,410234,0,2,2,0,2,SANDY,June,26,Monday,0,22,Urban,High Speed (Arterial),Yes,45.39625556,-122.26133889,Non-Intersection,Dark - Lighted,Clear,0:00am-0:59am,22,0:00am-0:59am,22,Not Applicable (Not Transported),Not Applicable (Not Transported),1,Dark - Lighted,Clear,1,1,['Driver'],['Shoulder_Lapbelt'],1,1,Invalid,0.0,0.0,66.0,24.0,"['Male', 'Male']",1,0,3,4,5,Dry,Straight,Level,Lowest,No
27144,41,Oregon,410235,0,2,2,0,3,NOT APPLICABLE,June,28,Wednesday,12,8,Rural,High Speed (Arterial),Yes,43.74096389,-124.11175833,Non-Intersection,Daylight,Clear,12:00pm-12:59pm,8,12:00pm-12:59pm,24,Unknown,Unknown EMS Hospital Arrival Time,2,Daylight,Clear,2,1,"['Driver', 'Driver']","['Shoulder_Lapbelt', 'Shoulder_Lapbelt']",0,0,Invalid,0.0,0.0,51.0,35.0,"['Male', 'Female']",0,0,3,4,5,Dry,Straight,Level,Medium,No
27145,41,Oregon,410236,0,1,1,0,1,TIGARD,June,29,Thursday,2,33,Urban,Medium Speed (Collector),No,45.42966389,-122.78525278,Non-Intersection,Dark - Lighted,Clear,Unknown,Unknown,Unknown EMS Scene Arrival Hour,Unknown EMS Scene Arrival Minutes,Not Applicable (Not Transported),Not Applicable (Not Transported),1,Dark - Lighted,Clear,1,0,['Driver'],['Shoulder_Lapbelt'],1,1,Invalid,0.0,1.0,24.0,24.0,['Male'],1,0,3,4,3,Dry,Curve,Level,Lowest,No
27146,41,Oregon,410237,0,2,2,0,5,ALBANY,May,19,Friday,15,51,Urban,High Speed (Arterial),Yes,44.59973333,-123.11340556,Non-Intersection,Daylight,Clear,3:00pm-3:59pm,51,3:00pm-3:59pm,52,Unknown,Unknown EMS Hospital Arrival Time,1,Daylight,Clear,1,4,['Driver'],['Shoulder_Lapbelt'],0,0,Valid,0.0,0.0,72.0,51.0,"['Male', 'Male']",0,0,3,4,5,Dry,Straight,Non-Trafficway,Lowest,No
27147,41,Oregon,410238,0,1,1,0,1,NOT APPLICABLE,May,28,Sunday,19,30,Rural,Medium Speed (Collector),No,42.949275,-121.11395833,Non-Intersection,Daylight,Clear,Unknown,Unknown,Unknown EMS Scene Arrival Hour,Unknown EMS Scene Arrival Minutes,Unknown,Unknown EMS Hospital Arrival Time,1,Daylight,Clear,1,0,['Driver'],['None_Used'],1,1,Valid,0.0,0.0,37.0,37.0,['Male'],0,0,5,1,2,Dry,Straight,Level,Lowest,No
27148,41,Oregon,410239,0,2,2,0,2,NOT APPLICABLE,June,29,Thursday,14,10,Rural,High Speed (Arterial),Yes,44.92010278,-120.94558889,Non-Intersection,Daylight,Clear,2:00pm-2:59pm,17,2:00pm-2:59pm,36,Not Applicable (Not Transported),Not Applicable (Not Transported),1,Daylight,Clear,1,1,['Driver'],['Shoulder_Lapbelt'],0,0,Valid,0.0,0.0,81.0,30.0,"['Male', 'Male']",0,0,4,4,5,Dry,Curve,Grade/Hillcrest,Lowest,No
27149,41,Oregon,410240,1,1,1,0,1,PORTLAND,June,29,Thursday,23,41,Urban,Medium Speed (Collector),No,45.58670833,-122.63193333,Non-Intersection,Dark - Lighted,Clear,Unknown,Unknown,Unknown EMS Scene Arrival Hour,Unknown EMS Scene Arrival Minutes,Not Applicable (Not Transported),Not Applicable (Not Transported),1,Dark - Lighted,Clear,0,0,[],[],0,0,Invalid,0.0,0.0,998.0,998.0,['Other'],0,0,1,0,4,Dry,Straight,Level,Lowest,No
27150,41,Oregon,410241,0,1,1,0,6,NOT APPLICABLE,July,2,Sunday,4,57,Rural,High Speed (Arterial),Yes,42.07465556,-122.605,Non-Intersection,Dark - Unknown Lighting,Clear,4:00am-4:59am,57,5:00am-5:59am,12,5:00am-5:59am,57,1,Dark - Unlighted,Clear,1,5,['Rear_Seat'],['None_Used'],0,0,Valid,0.0,2.0,41.0,41.0,['Female'],6,0,3,4,3,Dry,Curve,Grade/Hillcrest,Lowest,No
27151,41,Oregon,410242,0,1,1,0,2,NOT APPLICABLE,July,2,Sunday,12,20,Rural,High Speed (Arterial),Yes,44.56029444,-118.36731111,Non-Intersection,Daylight,Clear,12:00pm-12:59pm,20,12:00pm-12:59pm,40,Unknown,Unknown EMS Hospital Arrival Time,1,Daylight,Clear,1,1,['Driver'],['Shoulder_Lapbelt'],0,0,Valid,0.0,1.0,64.0,64.0,['Male'],0,0,3,1,3,Dry,Curve,Grade/Hillcrest,Lowest,No
27152,41,Oregon,410243,0,2,2,0,4,NOT APPLICABLE,June,30,Friday,5,36,Rural,High Speed (Arterial),Yes,42.77740833,-117.83684167,Non-Intersection,Dawn,Clear,5:00am-5:59am,44,6:00am-6:59am,39,Unknown,Unknown EMS Hospital Arrival Time,1,Twilight,Clear,1,3,['Driver'],['Shoulder_Lapbelt'],0,0,Valid,1.0,2.0,74.0,36.0,"['Male', 'Male']",0,0,4,4,5,Dry,Straight,Level,Lowest,No
27153,41,Oregon,410244,0,2,2,0,3,GRANTS PASS,July,2,Sunday,19,4,Urban,High Speed (Arterial),Yes,42.42554167,-123.32853889,Complex/Circle,Daylight,Clear,Unknown,Unknown,Unknown EMS Scene Arrival Hour,Unknown EMS Scene Arrival Minutes,Not Applicable (Not Transported),Not Applicable (Not Transported),1,Daylight,Clear,1,2,['Driver'],['None_Used'],1,1,Invalid,0.0,0.0,36.0,16.0,"['Male', 'Female']",0,0,5,1,5,Dry,Straight,Level,Lowest,No
27154,41,Oregon,410245,0,1,1,0,1,NOT APPLICABLE,July,3,Monday,14,35,Rural,High Speed (Arterial),Yes,44.93272222,-123.14861111,Non-Intersection,Daylight,Clear,2:00pm-2:59pm,31,2:00pm-2:59pm,35,Not Applicable (Not Transported),Not Applicable (Not Transported),1,Daylight,Clear,1,0,['Driver'],['Shoulder_Lapbelt'],0,0,Valid,0.0,0.0,74.0,74.0,['Male'],0,0,3,4,3,Dry,Straight,Level,Lowest,No
27155,41,Oregon,410246,0,2,2,0,7,PORTLAND,July,5,Wednesday,21,40,Urban,High Speed (Arterial),Yes,45.47877778,-122.56480278,Complex/Circle,Dark - Lighted,Clear,Unknown,Unknown,Unknown EMS Scene Arrival Hour,Unknown EMS Scene Arrival Minutes,Unknown,Unknown EMS Hospital Arrival Time,2,Dark - Lighted,Clear,2,5,"['Front_Passenger', 'Front_Passenger']","['None_Used', 'None_Used']",0,0,Invalid,1.0,4.0,31.0,18.0,"['Male', 'Male']",0,0,3,4,5,Dry,Straight,Level,Lowest,No