,State_Code,State_Name,Crash_ID,Count_Non_Motorists,Count_Vehicles_Total,Count_Vehicle_Forms,Count_PVH_Involved,Count_Occupants_MV,City_Name,Month_Name,Day_of_Month,Day_of_Week,Crash_Hour,Crash_Minute,Area_Rural_Urban,Road_Functional_Class,On_NHS_Road,Latitude,Longitude,Intersection_Type,Light_Condition,Weather_Condition,Notif_Hour,Notif_Minute,Arrival_Hour,Arrival_Minute,Hospital_Hour,Hospital_Minute,Fatalities_Count,Clean_Light_Condition,Clean_Weather_Condition,Total_Killed,Total_Alive,Fatal_Seats_List,Killed_Restraint_List,Any_Driver_Drinking,Total_Drinking_Drivers,Driver_License_Category,Driver_Max_Prev_Accident_Count,Driver_Max_Prev_Speeding_Count,Max_Driver_Age,Min_Driver_Age,Driver_Sex_List,Total_Exceeding_Limit_Vehicles,Total_Too_Fast_Vehicles,Max_Vehicle_Type_Severity_5,Max_Vehicle_Damage_Rank,Max_Harmful_Event_Severity,Crash_Road_Surface_Condition,Crash_Horizontal_Alignment,Crash_Vertical_Profile,Crash_Impairment_Category,Crash_Vehicle_Defect
27156,41,Oregon,410247,0,3,3,0,7,NOT APPLICABLE,July,5,Wednesday,17,45,Rural,High Speed (Arterial),Yes,44.02176667,-123.60830278,Non-Intersection,Daylight,Clear,5:00pm-5:59pm,45,6:00pm-6:59pm,28,7:00pm-7:59pm,18,3,Daylight,Clear,3,4,"['Driver', 'Front_Passenger', 'Rear_Seat']","['Shoulder_Lapbelt', 'Shoulder_Lapbelt', 'Shoulder_Lapbelt']",0,0,Valid,0.0,1.0,51.0,31.0,"['Male', 'Female', 'Male']",0,0,3,4,5,Dry,Curve,Level,Lowest,No
27157,41,Oregon,410248,0,2,2,0,5,NOT APPLICABLE,July,6,Thursday,8,29,Rural,High Speed (Arterial),Yes,43.91810278,-117.410825,Non-Intersection,Daylight,Clear,8:00am-8:59am,32,8:00am-8:59am,43,Not Applicable (Not Transported),Not Applicable (Not Transported),5,Daylight,Clear,5,0,"['Driver', 'Driver', 'Front_Passenger', 'Front_Passenger', 'Front_Passenger']","['Shoulder_Lapbelt', 'Shoulder_Lapbelt', 'Shoulder_Lapbelt', 'Shoulder_Lapbelt', 'Child_Safety']",0,0,Valid,0.0,0.0,62.0,27.0,"['Male', 'Female']",1,0,3,4,5,Dry,Straight,Grade/Hillcrest,Lowest,No
27158,41,Oregon,410249,0,1,1,0,1,NOT APPLICABLE,May,4,Thursday,15,25,Rural,Medium Speed (Collector),No,44.35005833,-123.192275,Non-Intersection,Daylight,Cloudy,3:00pm-3:59pm,29,3:00pm-3:59pm,39,Not Applicable (Not Transported),Not Applicable (Not Transported),1,Daylight,Reduced Visibility,1,0,['Driver'],['Shoulder_Lapbelt'],1,1,Valid,0.0,0.0,43.0,43.0,['Male'],0,0,3,4,3,Dry,Straight,Level,Lowest,No
27159,41,Oregon,410250,0,2,2,0,3,GRANTS PASS,June,29,Thursday,9,54,Urban,Medium Speed (Collector),No,42.42238611,-123.38639722,Complex/Circle,Daylight,Clear,9:00am-9:59am,55,10:00am-10:59am,7,10:00am-10:59am,39,1,Daylight,Clear,1,2,['Driver'],['Shoulder_Lapbelt'],0,0,Valid,0.0,2.0,48.0,24.0,"['Male', 'Male']",0,0,3,4,5,Dry,Straight,Level,Lowest,No
27160,41,Oregon,410251,0,2,2,0,2,NOT APPLICABLE,June,22,Thursday,18,4,Rural,Medium Speed (Collector),No,44.83871667,-122.90676944,Simple Junction,Daylight,Clear,6:00pm-6:59pm,4,6:00pm-6:59pm,7,Unknown,Unknown EMS Hospital Arrival Time,1,Daylight,Clear,1,1,['Driver'],['None_Used'],0,0,Valid,0.0,0.0,58.0,38.0,"['Male', 'Male']",0,0,5,1,5,Dry,Straight,Level,Lowest,No
27161,41,Oregon,410252,0,1,1,0,1,NOT APPLICABLE,July,5,Wednesday,16,30,Rural,Medium Speed (Collector),No,43.27982778,-123.4105,Non-Intersection,Daylight,Clear,4:00pm-4:59pm,31,4:00pm-4:59pm,35,4:00pm-4:59pm,57,1,Daylight,Clear,1,0,['Driver'],['Shoulder_Lapbelt'],1,1,Valid,0.0,0.0,65.0,65.0,['Female'],0,0,2,4,3,Dry,Straight,Grade/Hillcrest,Lowest,No
27162,41,Oregon,410253,0,3,3,0,7,CORVALLIS,July,6,Thursday,17,48,Urban,High Speed (Arterial),Yes,44.60198333,-123.24764444,Non-Intersection,Daylight,Clear,5:00pm-5:59pm,52,6:00pm-6:59pm,3,6:00pm-6:59pm,26,1,Daylight,Clear,1,6,['Rear_Seat'],['Shoulder_Lapbelt'],0,0,Valid,0.0,1.0,74.0,32.0,"['Female', 'Female', 'Male']",0,0,3,4,5,Dry,Straight,Grade/Hillcrest,Lowest,No
27163,41,Oregon,410254,0,1,1,0,1,SALEM,July,7,Friday,5,40,Urban,Medium Speed (Collector),No,44.85875278,-123.01861111,Non-Intersection,Dawn,Cloudy,5:00am-5:59am,40,5:00am-5:59am,49,Not Applicable (Not Transported),Not Applicable (Not Transported),1,Twilight,Reduced Visibility,1,0,['Driver'],['None_Used'],1,1,Invalid,0.0,0.0,42.0,42.0,['Female'],0,0,3,1,3,Dry,Straight,Level,Lowest,No
27164,41,Oregon,410255,1,1,1,0,1,NOT APPLICABLE,July,7,Friday,13,10,Urban,High Speed (Arterial),Yes,44.84831389,-124.04515833,Non-Intersection,Daylight,Clear,1:00pm-1:59pm,10,1:00pm-1:59pm,10,Not Applicable (Not Transported),Not Applicable (Not Transported),1,Daylight,Clear,0,1,[],[],0,0,Valid,0.0,0.0,36.0,36.0,['Male'],0,0,4,0,4,Dry,Straight,Level,Lowest,No
27165,41,Oregon,410256,0,2,2,0,3,NOT APPLICABLE,July,8,Saturday,1,11,Rural,High Speed (Arterial),Yes,42.36975556,-121.81876944,Non-Intersection,Dark - Not Lighted,Clear,1:00am-1:59am,12,1:00am-1:59am,24,Unknown,Unknown EMS Hospital Arrival Time,1,Dark - Unlighted,Clear,1,2,['Driver'],['Shoulder_Lapbelt'],1,1,Valid,0.0,2.0,38.0,26.0,"['Male', 'Male']",0,0,4,4,5,Dry,Straight,Level,Lowest,No
27166,41,Oregon,410257,0,2,2,0,5,NOT APPLICABLE,July,8,Saturday,15,19,Rural,High Speed (Arterial),Yes,45.04816667,-121.51039444,Non-Intersection,Daylight,Clear,3:00pm-3:59pm,19,3:00pm-3:59pm,26,Unknown,Unknown EMS Hospital Arrival Time,2,Daylight,Clear,2,3,"['Driver', 'Driver']","['Shoulder_Lapbelt', 'Shoulder_Lapbelt']",1,2,Valid,0.0,0.0,34.0,34.0,"['Male', 'Male']",0,0,3,1,5,Dry,Straight,Level,Lowest,No
27167,41,Oregon,410258,0,1,1,0,1,NOT APPLICABLE,July,8,Saturday,16,22,Rural,High Speed (Arterial),Yes,45.11253889,-118.97325,Non-Intersection,Daylight,Clear,4:00pm-4:59pm,22,4:00pm-4:59pm,30,Not Applicable (Not Transported),Not Applicable (Not Transported),1,Daylight,Clear,1,0,['Driver'],['None_Used'],0,0,Valid,0.0,0.0,70.0,70.0,['Male'],0,0,5,4,2,Dry,Curve,Level,Lowest,No
27168,41,Oregon,410259,0,2,2,0,4,PORTLAND,July,8,Saturday,22,19,Urban,Medium Speed (Collector),No,45.51905,-122.55846667,Complex/Circle,Dark - Lighted,Clear,10:00pm-10:59pm,19,10:00pm-10:59pm,30,11:00pm-11:59pm,4,1,Dark - Lighted,Clear,1,3,['Front_Passenger'],['Shoulder_Lapbelt'],1,1,Valid,0.0,2.0,29.0,19.0,"['Male', 'Male']",1,0,3,4,5,Dry,Straight,Level,Lowest,No
27169,41,Oregon,410260,0,2,2,0,2,NOT APPLICABLE,July,9,Sunday,13,45,Rural,High Speed (Arterial),Yes,45.70325556,-118.68366944,Complex/Circle,Daylight,Clear,1:00pm-1:59pm,45,1:00pm-1:59pm,50,Unknown,Unknown EMS Hospital Arrival Time,1,Daylight,Clear,1,0,['Driver'],['None_Used'],1,1,Valid,0.0,0.0,76.0,54.0,"['Male', 'Female']",0,0,3,4,5,Dry,Straight,Level,Lowest,No
27170,41,Oregon,410261,0,2,2,0,2,NOT APPLICABLE,July,11,Tuesday,3,5,Rural,Medium Speed (Collector),No,43.61396111,-123.08147778,Non-Intersection,Dark - Not Lighted,Clear,3:00am-3:59am,25,3:00am-3:59am,25,Unknown,Unknown EMS Hospital Arrival Time,1,Dark - Unlighted,Clear,1,1,['Driver'],['None_Used'],0,0,Valid,1.0,0.0,72.0,32.0,"['Male', 'Male']",0,0,3,4,5,Dry,Curve,Level,Lowest,No
27171,41,Oregon,410262,0,1,1,0,1,NOT APPLICABLE,July,11,Tuesday,14,38,Rural,Medium Speed (Collector),No,45.28649722,-121.18389167,Non-Intersection,Daylight,Clear,2:00pm-2:59pm,36,2:00pm-2:59pm,36,Not Applicable (Not Transported),Not Applicable (Not Transported),1,Daylight,Clear,1,0,['Driver'],['Shoulder_Lapbelt'],0,0,Valid,0.0,0.0,79.0,79.0,['Male'],0,0,3,4,3,Dry,Straight,Grade/Hillcrest,Lowest,No
27172,41,Oregon,410263,0,2,2,0,3,NOT APPLICABLE,July,11,Tuesday,16,53,Rural,High Speed (Arterial),Yes,43.557175,-119.875825,Non-Intersection,Daylight,Clear,3:00pm-3:59pm,10,Unknown EMS Scene Arrival Hour,Unknown EMS Scene Arrival Minutes,Not Applicable (Not Transported),Not Applicable (Not Transported),3,Daylight,Clear,3,0,"['Driver', 'Driver', 'Front_Passenger']","['Shoulder_Lapbelt', 'Shoulder_Lapbelt', 'Shoulder_Lapbelt']",0,0,Valid,0.0,0.0,57.0,57.0,"['Male', 'Female']",0,0,4,4,5,Dry,Straight,Level,Lowest,No
27173,41,Oregon,410264,1,1,1,0,1,NOT APPLICABLE,July,12,Wednesday,4,44,Rural,Medium Speed (Collector),No,44.79545278,-123.03350278,Non-Intersection,Dawn,Clear,4:00am-4:59am,44,4:00am-4:59am,55,Not Applicable (Not Transported),Not Applicable (Not Transported),1,Twilight,Clear,0,1,[],[],0,0,Valid,0.0,0.0,25.0,25.0,['Male'],0,0,2,1,4,Dry,Curve,Level,Lowest,No
27174,41,Oregon,410265,0,1,1,0,1,NOT APPLICABLE,July,11,Tuesday,99,99,Rural,Medium Speed (Collector),No,42.39054722,-121.54626111,Non-Intersection,Reported as Unknown,Clear,Unknown,Unknown,Unknown EMS Scene Arrival Hour,Unknown EMS Scene Arrival Minutes,Not Applicable (Not Transported),Not Applicable (Not Transported),1,Dark - Unlighted,Clear,1,0,['Driver'],['None_Used'],1,1,Invalid,0.0,0.0,55.0,55.0,['Male'],0,0,2,4,3,Dry,Curve,Grade/Hillcrest,Lowest,No
27175,41,Oregon,410267,0,2,2,0,3,NOT APPLICABLE,July,14,Friday,13,14,Rural,Medium Speed (Collector),No,42.33543611,-123.30261944,Non-Intersection,Daylight,Clear,1:00pm-1:59pm,14,1:00pm-1:59pm,25,Not Applicable (Not Transported),Not Applicable (Not Transported),1,Daylight,Clear,1,2,['Driver'],['None_Used'],0,0,Valid,0.0,0.0,76.0,45.0,"['Male', 'Male']",1,0,5,1,5,Dry,Straight,Level,Lowest,No
27176,41,Oregon,410268,0,2,2,0,2,PORTLAND,July,14,Friday,14,24,Urban,High Speed (Arterial),Yes,45.45658333,-122.71390833,Non-Intersection,Daylight,Clear,2:00pm-2:59pm,27,2:00pm-2:59pm,36,3:00pm-3:59pm,0,1,Daylight,Clear,1,1,['Driver'],['Shoulder_Lapbelt'],0,0,Invalid,0.0,0.0,74.0,18.0,"['Male', 'Female']",0,0,2,4,5,Dry,Straight,Level,Medium,No
27177,41,Oregon,410269,0,1,1,0,1,NOT APPLICABLE,July,15,Saturday,9,0,Rural,High Speed (Arterial),Yes,44.74066389,-119.10181111,Non-Intersection,Daylight,Clear,9:00am-9:59am,3,9:00am-9:59am,14,Not Applicable (Not Transported),Not Applicable (Not Transported),1,Daylight,Clear,1,0,['Driver'],['None_Used'],0,0,Valid,1.0,0.0,18.0,18.0,['Male'],0,0,1,4,3,Dry,Curve,Grade/Hillcrest,Medium,No
27178,41,Oregon,410270,1,2,2,0,2,PORTLAND,July,15,Saturday,18,24,Urban,High Speed (Arterial),Yes,45.51511389,-122.623,Complex/Circle,Daylight,Clear,Unknown,Unknown,Unknown EMS Scene Arrival Hour,Unknown EMS Scene Arrival Minutes,Not Applicable (Not Transported),Not Applicable (Not Transported),1,Daylight,Clear,0,1,[],[],1,1,Valid,0.0,1.0,48.0,45.0,"['Male', 'Male']",0,0,3,4,5,Dry,Straight,Level,Lowest,No
27179,41,Oregon,410271,0,2,2,0,3,PORTLAND,July,15,Saturday,23,30,Urban,Medium Speed (Collector),Yes,45.62831667,-122.74175278,Complex/Circle,Dark - Lighted,Clear,Unknown,Unknown,Unknown EMS Scene Arrival Hour,Unknown EMS Scene Arrival Minutes,Not Applicable (Not Transported),Not Applicable (Not Transported),1,Dark - Lighted,Clear,1,2,['Driver'],['None_Used'],0,0,Valid,2.0,5.0,43.0,21.0,"['Male', 'Female']",1,0,5,4,5,Dry,Straight,Level,Lowest,No
27180,41,Oregon,410272,1,1,1,0,3,PORTLAND,July,16,Sunday,22,40,Urban,High Speed (Arterial),Yes,45.53145833,-122.66518889,Non-Intersection,Dark - Lighted,Clear,Unknown,Unknown,Unknown EMS Scene Arrival Hour,Unknown EMS Scene Arrival Minutes,Not Applicable (Not Transported),Not Applicable (Not Transported),1,Dark - Lighted,Clear,0,3,[],[],0,0,Valid,0.0,0.0,25.0,25.0,['Male'],0,0,2,1,4,Dry,Straight,Level,Lowest,No
27181,41,Oregon,410273,0,1,1,0,1,NOT APPLICABLE,July,18,Tuesday,4,35,Rural,Medium Speed (Collector),No,43.43003056,-123.39958611,Non-Intersection,Dark - Not Lighted,Clear,4:00am-4:59am,40,4:00am-4:59am,45,Not Applicable (Not Transported),Not Applicable (Not Transported),1,Dark - Unlighted,Clear,1,0,['Driver'],['Shoulder_Lapbelt'],0,0,Valid,0.0,0.0,36.0,36.0,['Male'],1,0,3,1,3,Dry,Curve,Level,Lowest,No
27182,41,Oregon,410274,0,2,2,0,5,NOT APPLICABLE,July,15,Saturday,11,16,Rural,Medium Speed (Collector),No,43.72528333,-122.86321944,Non-Intersection,Daylight,Clear,11:00am-11:59am,18,11:00am-11:59am,43,12:00pm-12:59pm,33,1,Daylight,Clear,1,4,['Rear_Seat'],['Shoulder_Lapbelt'],0,0,Invalid,0.0,0.0,50.0,37.0,"['Male', 'Female']",0,0,2,4,5,Dry,Straight,Level,Lowest,No
27183,41,Oregon,410275,0,1,1,0,3,NOT APPLICABLE,July,18,Tuesday,10,53,Rural,High Speed (Arterial),Yes,45.05510833,-123.75795,Non-Intersection,Daylight,Clear,10:00am-10:59am,53,11:00am-11:59am,28,Unknown,Unknown EMS Hospital Arrival Time,1,Daylight,Clear,1,2,['Rear_Seat'],['Shoulder_Lapbelt'],1,1,Invalid,0.0,0.0,20.0,20.0,['Male'],3,0,2,4,3,Dry,Curve,Level,Lowest,No
27184,41,Oregon,410276,0,1,1,0,1,NOT APPLICABLE,July,13,Thursday,15,26,Rural,High Speed (Arterial),Yes,44.30951111,-122.016025,Non-Intersection,Daylight,Clear,3:00pm-3:59pm,28,4:00pm-4:59pm,11,Unknown,Unknown EMS Hospital Arrival Time,1,Daylight,Clear,1,0,['Driver'],['Shoulder_Lapbelt'],0,0,Valid,0.0,0.0,82.0,82.0,['Female'],0,0,3,4,3,Dry,Straight,Level,Lowest,No
27185,41,Oregon,410277,0,2,2,0,4,PORTLAND,July,20,Thursday,21,33,Urban,High Speed (Arterial),Yes,45.49741667,-122.59834722,Simple Junction,Dark - Lighted,Clear,9:00pm-9:59pm,34,9:00pm-9:59pm,39,10:00pm-10:59pm,14,3,Dark - Lighted,Clear,3,1,"['Driver', 'Front_Passenger', 'Driver']","['Shoulder_Lapbelt', 'Shoulder_Lapbelt', 'Shoulder_Lapbelt']",0,0,Valid,0.0,0.0,55.0,18.0,"['Female', 'Female']",2,0,2,4,5,Dry,Straight,Level,Lowest,No
27186,41,Oregon,410278,0,2,2,0,4,PORTLAND,July,21,Friday,1,32,Urban,High Speed (Arterial),Yes,45.4642,-122.70021389,Complex/Circle,Dark - Lighted,Clear,1:00am-1:59am,32,1:00am-1:59am,42,2:00am-2:59am,6,1,Dark - Lighted,Clear,1,2,['Front_Passenger'],['None_Used'],1,1,Invalid,0.0,3.0,30.0,26.0,"['Male', 'Male']",3,0,3,4,5,Dry,Straight,Grade/Hillcrest,Lowest,No
27187,41,Oregon,410279,1,1,1,0,1,NOT APPLICABLE,July,20,Thursday,22,45,Urban,Medium Speed (Collector),No,44.10446667,-123.16288333,Non-Intersection,Dark - Not Lighted,Not Reported,5:00am-5:59am,34,5:00am-5:59am,39,Not Applicable (Not Transported),Not Applicable (Not Transported),1,Dark - Unlighted,Clear,0,1,[],[],0,0,Valid,0.0,0.0,53.0,53.0,['Male'],0,0,2,1,4,Dry,Straight,Level,Lowest,No
27188,41,Oregon,410281,0,1,1,0,1,NOT APPLICABLE,July,21,Friday,16,16,Rural,High Speed (Arterial),Yes,45.38551667,-120.78921944,Non-Intersection,Daylight,Clear,Unknown,Unknown,Unknown EMS Scene Arrival Hour,Unknown EMS Scene Arrival Minutes,Not Applicable (Not Transported),Not Applicable (Not Transported),1,Daylight,Clear,1,0,['Driver'],['None_Used'],1,1,Valid,0.0,0.0,29.0,29.0,['Male'],1,0,2,4,3,Dry,Curve,Grade/Hillcrest,Lowest,No
27189,41,Oregon,410282,0,2,2,0,2,NOT APPLICABLE,July,22,Saturday,10,25,Rural,High Speed (Arterial),Yes,45.54270556,-123.90193333,Non-Intersection,Daylight,Not Reported,Unknown,Unknown,Unknown EMS Scene Arrival Hour,Unknown EMS Scene Arrival Minutes,Unknown,Unknown EMS Hospital Arrival Time,2,Daylight,Clear,2,0,"['Driver', 'Driver']","['Shoulder_Lapbelt', 'Shoulder_Lapbelt']",0,0,Invalid,1.0,0.0,89.0,30.0,"['Male', 'Female']",0,0,3,1,5,Dry,Straight,Level,Lowest,No
27190,41,Oregon,410283,0,2,2,0,3,NOT APPLICABLE,July,23,Sunday,10,46,Rural,Medium Speed (Collector),No,45.20479444,-122.37647222,Non-Intersection,Daylight,Clear,10:00am-10:59am,46,11:00am-11:59am,0,Unknown,Unknown EMS Hospital Arrival Time,1,Daylight,Clear,1,2,['Driver'],['Shoulder_Lapbelt'],0,0,Valid,0.0,0.0,47.0,32.0,"['Female', 'Female']",1,0,3,4,5,Dry,Curve,Level,Lowest,No
27191,41,Oregon,410284,0,1,1,0,1,NOT APPLICABLE,June,10,Saturday,17,5,Rural,Medium Speed (Collector),No,45.32925833,-123.03096944,Non-Intersection,Daylight,Clear,5:00pm-5:59pm,7,5:00pm-5:59pm,12,Not Applicable (Not Transported),Not Applicable (Not Transported),1,Daylight,Clear,1,0,['Driver'],['Shoulder_Lapbelt'],1,1,Invalid,0.0,1.0,50.0,50.0,['Male'],1,0,2,4,3,Dry,Curve,Grade/Hillcrest,Lowest,No
27192,41,Oregon,410286,0,2,2,0,2,NOT APPLICABLE,July,13,Thursday,14,50,Urban,Medium Speed (Collector),No,45.38403333,-122.85205833,Non-Intersection,Daylight,Clear,2:00pm-2:59pm,54,3:00pm-3:59pm,4,4:00pm-4:59pm,8,1,Daylight,Clear,1,1,['Driver'],['Shoulder_Lapbelt'],0,0,Valid,0.0,0.0,64.0,25.0,"['Female', 'Male']",1,0,4,4,5,Dry,Curve,Level,Lowest,No
27193,41,Oregon,410287,0,3,3,0,5,WOODBURN,July,24,Monday,15,6,Urban,High Speed (Arterial),Yes,45.15031111,-122.8549,Non-Intersection,Daylight,Clear,3:00pm-3:59pm,8,3:00pm-3:59pm,15,Unknown,Unknown EMS Hospital Arrival Time,1,Daylight,Clear,1,4,['Driver'],['None_Used'],0,0,Valid,0.0,1.0,44.0,26.0,"['Male', 'Male', 'Male']",1,0,4,4,5,Dry,Straight,Level,Lowest,No
27194,41,Oregon,410288,0,1,1,0,1,NOT APPLICABLE,July,18,Tuesday,21,17,Rural,Medium Speed (Collector),No,45.38711389,-122.949575,Non-Intersection,Dark - Not Lighted,Cloudy,9:00pm-9:59pm,18,9:00pm-9:59pm,30,Not Applicable (Not Transported),Not Applicable (Not Transported),1,Dark - Unlighted,Reduced Visibility,1,0,['Driver'],['None_Used'],0,0,Invalid,0.0,0.0,50.0,50.0,['Male'],0,0,5,1,3,Dry,Straight,Grade/Hillcrest,Lowest,No
27195,41,Oregon,410289,0,2,2,0,4,NOT APPLICABLE,July,25,Tuesday,15,26,Rural,Medium Speed (Collector),No,44.36595833,-123.19789167,Non-Intersection,Daylight,Clear,3:00pm-3:59pm,26,3:00pm-3:59pm,35,Not Applicable (Not Transported),Not Applicable (Not Transported),1,Daylight,Clear,1,3,['Driver'],['Shoulder_Lapbelt'],0,0,Valid,0.0,0.0,36.0,17.0,"['Male', 'Male']",0,0,2,4,5,Dry,Curve,Grade/Hillcrest,Lowest,No
27196,41,Oregon,410290,0,2,2,0,2,NOT APPLICABLE,July,26,Wednesday,20,55,Rural,Medium Speed (Collector),No,44.98243333,-122.72961667,Non-Intersection,Dusk,Clear,8:00pm-8:59pm,56,9:00pm-9:59pm,7,Not Applicable (Not Transported),Not Applicable (Not Transported),1,Twilight,Clear,1,1,['Driver'],['None_Used'],0,0,Valid,0.0,3.0,52.0,49.0,"['Male', 'Male']",0,0,5,4,5,Dry,Straight,Grade/Hillcrest,Lowest,No
27197,41,Oregon,410291,0,1,1,0,1,NOT APPLICABLE,July,18,Tuesday,18,12,Rural,Medium Speed (Collector),No,45.09514444,-123.53955278,Non-Intersection,Daylight,Clear,6:00pm-6:59pm,9,6:00pm-6:59pm,18,Not Applicable (Not Transported),Not Applicable (Not Transported),1,Daylight,Clear,1,0,['Driver'],['None_Used'],0,0,Invalid,1.0,0.0,56.0,56.0,['Male'],1,0,5,1,3,Dry,Curve,Grade/Hillcrest,Lowest,No
27198,41,Oregon,410292,0,2,2,0,3,NOT APPLICABLE,July,28,Friday,16,26,Urban,High Speed (Arterial),Yes,44.14518333,-121.33102778,Non-Intersection,Daylight,Clear,4:00pm-4:59pm,26,4:00pm-4:59pm,33,Unknown,Unknown EMS Hospital Arrival Time,1,Daylight,Clear,1,2,['Driver'],['Shoulder_Lapbelt'],0,0,Valid,0.0,9.0,68.0,46.0,"['Female', 'Male']",0,0,3,4,5,Dry,Straight,Level,Lowest,No
27199,41,Oregon,410293,0,2,2,0,2,PORTLAND,July,28,Friday,19,13,Urban,High Speed (Arterial),Yes,45.53348611,-122.54654444,Non-Intersection,Dusk,Clear,Unknown,Unknown,Unknown EMS Scene Arrival Hour,Unknown EMS Scene Arrival Minutes,Not Applicable (Not Transported),Not Applicable (Not Transported),1,Twilight,Clear,1,1,['Driver'],['None_Used'],1,1,Invalid,2.0,2.0,33.0,30.0,"['Male', 'Male']",1,0,5,4,5,Dry,Curve,Level,Lowest,No
27200,41,Oregon,410294,1,1,1,0,1,PORTLAND,July,30,Sunday,0,17,Urban,High Speed (Arterial),Yes,45.52641667,-122.60224444,Complex/Circle,Dark - Lighted,Clear,Unknown,Unknown,Unknown EMS Scene Arrival Hour,Unknown EMS Scene Arrival Minutes,Not Applicable (Not Transported),Not Applicable (Not Transported),1,Dark - Lighted,Clear,0,0,[],[],0,0,Invalid,0.0,0.0,998.0,998.0,['Other'],0,0,1,0,4,Dry,Straight,Level,Lowest,No
27201,41,Oregon,410295,0,1,1,0,1,NOT APPLICABLE,July,30,Sunday,18,21,Rural,High Speed (Arterial),Yes,45.90928889,-123.72323056,Non-Intersection,Daylight,Clear,6:00pm-6:59pm,21,6:00pm-6:59pm,38,Unknown,Unknown EMS Hospital Arrival Time,1,Daylight,Clear,1,0,['Driver'],['Shoulder_Lapbelt'],0,0,Valid,0.0,0.0,64.0,64.0,['Female'],0,0,3,4,3,Dry,Curve,Grade/Hillcrest,Lowest,No
27202,41,Oregon,410296,1,1,1,0,1,NOT APPLICABLE,July,31,Monday,8,6,Rural,Medium Speed (Collector),No,44.63001667,-122.95298333,Simple Junction,Daylight,Clear,8:00am-8:59am,6,8:00am-8:59am,14,Not Applicable (Not Transported),Not Applicable (Not Transported),1,Daylight,Clear,0,1,[],[],0,0,Valid,0.0,0.0,53.0,53.0,['Male'],0,0,4,1,4,Dry,Straight,Level,Lowest,No
27203,41,Oregon,410297,0,1,1,0,1,NOT APPLICABLE,July,14,Friday,22,9,Rural,Medium Speed (Collector),No,42.73948056,-123.46450556,Non-Intersection,Dark - Not Lighted,Clear,10:00pm-10:59pm,9,10:00pm-10:59pm,20,Unknown,Unknown EMS Hospital Arrival Time,1,Dark - Unlighted,Clear,1,0,['Driver'],['None_Used'],0,0,Valid,0.0,0.0,29.0,29.0,['Female'],1,0,3,4,3,Dry,Curve,Level,Lowest,No
27204,41,Oregon,410298,1,1,1,0,2,NOT APPLICABLE,July,21,Friday,5,27,Urban,Medium Speed (Collector),No,45.53861667,-123.04223056,Non-Intersection,Daylight,Clear,5:00am-5:59am,27,5:00am-5:59am,37,Not Applicable (Not Transported),Not Applicable (Not Transported),1,Daylight,Clear,0,2,[],[],0,0,Valid,1.0,0.0,29.0,29.0,['Male'],0,0,4,1,4,Dry,Straight,Level,Lowest,No
27205,41,Oregon,410299,0,1,1,0,1,BEAVERTON,July,24,Monday,7,50,Urban,High Speed (Arterial),Yes,45.51808333,-122.80467778,Non-Intersection,Daylight,Not Reported,7:00am-7:59am,50,7:00am-7:59am,58,8:00am-8:59am,23,1,Daylight,Clear,1,0,['Driver'],['None_Used'],0,0,Valid,0.0,3.0,31.0,31.0,['Female'],0,0,3,1,3,Dry,Straight,Grade/Hillcrest,Lowest,No
27206,41,Oregon,410301,0,1,1,0,2,NOT APPLICABLE,July,16,Sunday,12,0,Rural,High Speed (Arterial),Yes,42.56135278,-124.38601111,Non-Intersection,Daylight,Clear,12:00pm-12:59pm,5,12:00pm-12:59pm,18,Unknown,Unknown EMS Hospital Arrival Time,1,Daylight,Clear,1,1,['Front_Passenger'],['None_Used'],0,0,Valid,0.0,0.0,76.0,76.0,['Male'],0,0,1,4,3,Dry,Straight,Level,Lowest,No
27207,41,Oregon,410302,0,3,3,0,4,NOT APPLICABLE,August,2,Wednesday,19,38,Rural,High Speed (Arterial),Yes,43.25515,-124.28296944,Non-Intersection,Daylight,Clear,7:00pm-7:59pm,38,7:00pm-7:59pm,50,Unknown,Unknown EMS Hospital Arrival Time,2,Daylight,Clear,2,2,"['Driver', 'Front_Passenger']","['Shoulder_Lapbelt', 'Shoulder_Lapbelt']",0,0,Valid,0.0,0.0,79.0,42.0,"['Male', 'Male', 'Female']",0,0,3,4,5,Dry,Curve,Grade/Hillcrest,Lowest,No
27208,41,Oregon,410303,0,1,1,0,1,NOT APPLICABLE,July,6,Thursday,13,20,Rural,Medium Speed (Collector),No,43.01728056,-124.13401111,Non-Intersection,Daylight,Clear,1:00pm-1:59pm,20,1:00pm-1:59pm,26,Unknown,Unknown EMS Hospital Arrival Time,1,Daylight,Clear,1,0,['Driver'],['Shoulder_Lapbelt'],0,0,Valid,0.0,0.0,78.0,78.0,['Male'],0,0,2,4,3,Dry,Straight,Level,Lowest,No
27209,41,Oregon,410304,0,2,2,0,2,GRESHAM,August,3,Thursday,14,6,Urban,Medium Speed (Collector),No,45.51921944,-122.49116389,Simple Junction,Daylight,Clear,2:00pm-2:59pm,6,2:00pm-2:59pm,6,Not Applicable (Not Transported),Not Applicable (Not Transported),1,Daylight,Clear,1,1,['Driver'],['None_Used'],0,0,Valid,1.0,0.0,52.0,33.0,"['Male', 'Female']",1,0,5,4,5,Dry,Straight,Level,Lowest,No
27210,41,Oregon,410305,0,2,2,0,2,NOT APPLICABLE,August,4,Friday,7,46,Urban,High Speed (Arterial),Yes,42.217375,-121.7474,Non-Intersection,Dawn,Clear,7:00am-7:59am,53,7:00am-7:59am,59,8:00am-8:59am,17,1,Twilight,Clear,1,1,['Driver'],['None_Used'],0,0,Invalid,1.0,0.0,32.0,30.0,"['Male', 'Male']",1,0,5,4,5,Dry,Straight,Level,Lowest,No