,State_Code,State_Name,Crash_ID,Count_Non_Motorists,Count_Vehicles_Total,Count_Vehicle_Forms,Count_PVH_Involved,Count_Occupants_MV,City_Name,Month_Name,Day_of_Month,Day_of_Week,Crash_Hour,Crash_Minute,Area_Rural_Urban,Road_Functional_Class,On_NHS_Road,Latitude,Longitude,Intersection_Type,Light_Condition,Weather_Condition,Notif_Hour,Notif_Minute,Arrival_Hour,Arrival_Minute,Hospital_Hour,Hospital_Minute,Fatalities_Count,Clean_Light_Condition,Clean_Weather_Condition,Total_Killed,Total_Alive,Fatal_Seats_List,Killed_Restraint_List,Any_Driver_Drinking,Total_Drinking_Drivers,Driver_License_Category,Driver_Max_Prev_Accident_Count,Driver_Max_Prev_Speeding_Count,Max_Driver_Age,Min_Driver_Age,Driver_Sex_List,Total_Exceeding_Limit_Vehicles,Total_Too_Fast_Vehicles,Max_Vehicle_Type_Severity_5,Max_Vehicle_Damage_Rank,Max_Harmful_Event_Severity,Crash_Road_Surface_Condition,Crash_Horizontal_Alignment,Crash_Vertical_Profile,Crash_Impairment_Category,Crash_Vehicle_Defect
27211,41,Oregon,410306,0,2,2,0,2,NOT APPLICABLE,August,4,Friday,21,25,Rural,High Speed (Arterial),Yes,44.47210833,-122.81442778,Simple Junction,Dark - Not Lighted,Clear,9:00pm-9:59pm,26,9:00pm-9:59pm,35,Not Applicable (Not Transported),Not Applicable (Not Transported),1,Dark - Unlighted,Clear,1,1,['Driver'],['None_Used'],1,1,Valid,0.0,3.0,35.0,22.0,"['Male', 'Male']",1,0,5,4,5,Dry,Straight,Level,Lowest,No
27212,41,Oregon,410307,1,1,1,0,1,NOT APPLICABLE,August,5,Saturday,7,7,Rural,Medium Speed (Collector),No,45.32518333,-121.71115833,Simple Junction,Daylight,Cloudy,7:00am-7:59am,10,7:00am-7:59am,38,Not Applicable (Not Transported),Not Applicable (Not Transported),1,Daylight,Reduced Visibility,0,1,[],[],0,0,Valid,0.0,0.0,71.0,71.0,['Male'],0,0,3,1,4,Dry,Curve,Grade/Hillcrest,Lowest,No
27213,41,Oregon,410308,1,1,1,0,1,NOT APPLICABLE,August,6,Sunday,3,31,Urban,High Speed (Arterial),Yes,45.96883889,-118.38709722,Non-Intersection,Dark - Unknown Lighting,Clear,3:00am-3:59am,31,3:00am-3:59am,39,Not Applicable (Not Transported),Not Applicable (Not Transported),1,Dark - Unlighted,Clear,0,0,[],[],0,0,Invalid,0.0,0.0,999.0,999.0,['Other'],0,0,3,1,4,Dry,Straight,Level,Lowest,No
27214,41,Oregon,410309,0,1,1,0,2,NOT APPLICABLE,June,17,Saturday,11,25,Rural,Medium Speed (Collector),No,44.64678333,-122.98976389,Non-Intersection,Daylight,Clear,11:00am-11:59am,25,11:00am-11:59am,35,Not Applicable (Not Transported),Not Applicable (Not Transported),2,Daylight,Clear,2,0,"['Driver', 'Rear_Seat']","['None_Used', 'None_Used']",1,1,Valid,0.0,0.0,54.0,54.0,['Male'],2,0,5,4,3,Dry,Curve,Level,Lowest,No
27215,41,Oregon,410310,0,3,3,0,4,SALEM,August,6,Sunday,13,0,Urban,High Speed (Arterial),Yes,44.91571667,-122.95242778,Non-Intersection,Daylight,Clear,1:00pm-1:59pm,0,1:00pm-1:59pm,7,1:00pm-1:59pm,21,1,Daylight,Clear,1,3,['Driver'],['None_Used'],0,0,Valid,1.0,3.0,48.0,25.0,"['Male', 'Male', 'Male']",0,0,5,1,5,Dry,Straight,Level,Lowest,No
27216,41,Oregon,410311,0,1,1,0,3,NOT APPLICABLE,August,4,Friday,12,35,Rural,Medium Speed (Collector),No,42.87498333,-124.06231111,Non-Intersection,Daylight,Clear,12:00pm-12:59pm,39,12:00pm-12:59pm,40,Not Applicable (Not Transported),Not Applicable (Not Transported),1,Daylight,Clear,1,2,['Rear_Seat'],['Shoulder_Lapbelt'],0,0,Valid,0.0,2.0,21.0,21.0,['Male'],0,0,1,1,3,Dry,Curve,Level,Medium,No
27217,41,Oregon,410312,0,1,1,0,1,NOT APPLICABLE,July,28,Friday,20,38,Rural,High Speed (Arterial),Yes,43.54049722,-121.615675,Non-Intersection,Daylight,Clear,8:00pm-8:59pm,38,8:00pm-8:59pm,48,Unknown,Unknown EMS Hospital Arrival Time,1,Daylight,Clear,1,0,['Driver'],['None_Used'],1,1,Valid,0.0,0.0,55.0,55.0,['Male'],0,0,1,4,3,Dry,Straight,Level,Lowest,No
27218,41,Oregon,410313,0,2,2,0,4,RAINIER,August,11,Friday,17,10,Urban,High Speed (Arterial),Yes,46.09450278,-122.95844167,Simple Junction,Daylight,Clear,5:00pm-5:59pm,11,5:00pm-5:59pm,18,5:00pm-5:59pm,43,1,Daylight,Clear,1,3,['Driver'],['Shoulder_Lapbelt'],0,0,Valid,0.0,0.0,65.0,42.0,"['Female', 'Male']",0,0,3,4,5,Dry,Straight,Level,Lowest,No
27219,41,Oregon,410314,1,1,1,0,1,SALEM,August,12,Saturday,10,53,Urban,Medium Speed (Collector),No,44.91200833,-122.99639167,Simple Junction,Daylight,Clear,10:00am-10:59am,55,10:00am-10:59am,59,Not Applicable (Not Transported),Not Applicable (Not Transported),1,Daylight,Clear,0,1,[],[],0,0,Valid,0.0,0.0,62.0,62.0,['Male'],0,0,4,1,4,Dry,Straight,Non-Trafficway,Lowest,No
27220,41,Oregon,410315,0,1,1,0,1,GOLD HILL,August,12,Saturday,15,54,Urban,Medium Speed (Collector),No,42.43155833,-123.04394722,Non-Intersection,Daylight,Clear,4:00pm-4:59pm,0,4:00pm-4:59pm,15,Not Applicable (Not Transported),Not Applicable (Not Transported),1,Daylight,Clear,1,0,['Driver'],['None_Used'],1,1,Valid,1.0,0.0,70.0,70.0,['Male'],0,0,5,1,2,Dry,Curve,Level,Lowest,No
27221,41,Oregon,410316,1,1,1,0,1,NOT APPLICABLE,August,12,Saturday,19,5,Urban,Medium Speed (Collector),No,44.73245833,-123.01035556,Simple Junction,Daylight,Clear,6:00pm-6:59pm,53,6:00pm-6:59pm,57,7:00pm-7:59pm,25,1,Daylight,Clear,0,1,[],[],0,0,Valid,0.0,0.0,55.0,55.0,['Male'],0,0,3,1,4,Dry,Straight,Level,Lowest,No
27222,41,Oregon,410317,1,1,1,0,1,SCAPPOOSE,March,8,Wednesday,11,53,Urban,High Speed (Arterial),Yes,45.74976667,-122.87743056,Complex/Circle,Daylight,Clear,Unknown,Unknown,Unknown EMS Scene Arrival Hour,Unknown EMS Scene Arrival Minutes,Unknown,Unknown EMS Hospital Arrival Time,1,Daylight,Clear,0,1,[],[],0,0,Valid,0.0,0.0,79.0,79.0,['Male'],0,0,3,1,4,Dry,Straight,Level,Lowest,No
27223,41,Oregon,410318,1,1,1,0,1,SANDY,March,27,Monday,21,5,Urban,High Speed (Arterial),Yes,45.39730556,-122.26978056,Non-Intersection,Dark - Not Lighted,Cloudy,9:00pm-9:59pm,8,9:00pm-9:59pm,15,Unknown,Unknown EMS Hospital Arrival Time,1,Dark - Unlighted,Reduced Visibility,0,1,[],[],0,0,Valid,0.0,0.0,56.0,56.0,['Female'],0,0,3,1,4,Dry,Straight,Grade/Hillcrest,Lowest,No
27224,41,Oregon,410319,0,1,1,0,1,PORTLAND,March,11,Saturday,2,29,Urban,Medium Speed (Collector),No,45.52299722,-122.64576667,Non-Intersection,Dark - Lighted,Not Reported,2:00am-2:59am,29,2:00am-2:59am,34,3:00am-3:59am,16,1,Dark - Lighted,Clear,1,0,['Driver'],['None_Used'],1,1,Valid,1.0,0.0,27.0,27.0,['Male'],1,0,3,4,3,Dry,Straight,Level,Lowest,No
27225,41,Oregon,410320,0,2,2,0,3,NOT APPLICABLE,March,31,Friday,16,29,Rural,Medium Speed (Collector),No,45.29365,-123.21247778,Non-Intersection,Daylight,Rain,Unknown,Unknown,Unknown EMS Scene Arrival Hour,Unknown EMS Scene Arrival Minutes,Not Applicable (Not Transported),Not Applicable (Not Transported),1,Daylight,Rain/Wind/Minor,1,2,['Driver'],['None_Used'],1,1,Valid,0.0,0.0,68.0,60.0,"['Female', 'Male']",0,0,3,4,5,Wet/Standing Water,Curve,Level,Lowest,No
27226,41,Oregon,410321,1,1,1,0,1,PORTLAND,February,26,Sunday,18,29,Urban,Low Speed (Local),No,45.49898611,-122.58197222,Non-Intersection,Dark - Not Lighted,Snow,6:00pm-6:59pm,30,6:00pm-6:59pm,32,7:00pm-7:59pm,6,1,Dark - Unlighted,Snow/Ice/Severe,0,1,[],[],0,0,Invalid,0.0,0.0,38.0,38.0,['Male'],0,0,2,1,4,Icy/Snowy,Straight,Level,Lowest,No
27227,41,Oregon,410322,1,1,1,0,1,GRESHAM,March,2,Thursday,18,42,Urban,High Speed (Arterial),Yes,45.50644722,-122.42066389,Non-Intersection,Dark - Lighted,Cloudy,6:00pm-6:59pm,42,6:00pm-6:59pm,42,7:00pm-7:59pm,17,1,Dark - Lighted,Reduced Visibility,0,1,[],[],0,0,Valid,0.0,0.0,18.0,18.0,['Male'],0,0,3,1,4,Dry,Straight,Level,Lowest,No
27228,41,Oregon,410323,1,1,1,0,2,CAVE JUNCTION,April,3,Monday,23,41,Rural,Medium Speed (Collector),No,42.16934722,-123.64183056,Non-Intersection,Dark - Not Lighted,Cloudy,11:00pm-11:59pm,41,11:00pm-11:59pm,50,0:00am-0:59am,25,1,Dark - Unlighted,Reduced Visibility,0,2,[],[],0,0,Invalid,0.0,0.0,35.0,35.0,['Male'],0,0,2,1,4,Dry,Straight,Level,Lowest,No
27229,41,Oregon,410324,0,2,2,0,5,NOT APPLICABLE,April,8,Saturday,10,50,Rural,High Speed (Arterial),Yes,46.12144167,-123.23761667,Non-Intersection,Daylight,Cloudy,10:00am-10:59am,54,11:00am-11:59am,0,Unknown,Unknown EMS Hospital Arrival Time,1,Daylight,Reduced Visibility,1,4,['Driver'],['Shoulder_Lapbelt'],0,0,Valid,0.0,0.0,85.0,61.0,"['Male', 'Male']",0,0,3,4,5,Dry,Curve,Level,Medium,No
27230,41,Oregon,410325,0,1,1,0,1,NOT APPLICABLE,April,9,Sunday,99,99,Rural,Low Speed (Local),No,42.63267778,-124.05323611,Non-Intersection,Not Reported,Not Reported,Unknown,Unknown,Unknown EMS Scene Arrival Hour,Unknown EMS Scene Arrival Minutes,Not Applicable (Not Transported),Not Applicable (Not Transported),1,Dark - Unlighted,Clear,1,0,['Driver'],['Shoulder_Lapbelt'],1,1,Valid,0.0,0.0,61.0,61.0,['Male'],0,0,3,4,3,Dry,Curve,Level,Lowest,No
27231,41,Oregon,410326,0,1,1,0,1,NOT APPLICABLE,April,13,Thursday,2,49,Rural,Medium Speed (Collector),No,46.01124167,-123.03141111,Non-Intersection,Dark - Not Lighted,Cloudy,2:00am-2:59am,49,3:00am-3:59am,1,Not Applicable (Not Transported),Not Applicable (Not Transported),1,Dark - Unlighted,Reduced Visibility,1,0,['Driver'],['None_Used'],1,1,Valid,1.0,0.0,26.0,26.0,['Male'],1,0,2,4,3,Wet/Standing Water,Straight,Level,Lowest,No
27232,41,Oregon,410327,1,2,2,0,3,EUGENE,April,13,Thursday,21,33,Urban,High Speed (Arterial),Yes,44.07052222,-123.10207222,Non-Intersection,Dark - Lighted,Not Reported,Unknown,Unknown,Unknown EMS Scene Arrival Hour,Unknown EMS Scene Arrival Minutes,Not Applicable (Not Transported),Not Applicable (Not Transported),1,Dark - Lighted,Clear,0,3,[],[],0,0,Valid,0.0,1.0,39.0,34.0,"['Male', 'Male']",0,0,2,1,4,Dry,Straight,Level,Lowest,No
27233,41,Oregon,410329,1,1,1,0,1,BEAVERTON,April,20,Thursday,20,20,Urban,Medium Speed (Collector),No,45.49408056,-122.80965278,Non-Intersection,Dark - Lighted,Cloudy,8:00pm-8:59pm,21,8:00pm-8:59pm,34,8:00pm-8:59pm,59,1,Dark - Lighted,Reduced Visibility,0,1,[],[],1,1,Valid,2.0,0.0,31.0,31.0,['Female'],0,0,3,1,4,Wet/Standing Water,Straight,Level,Lowest,Yes
27234,41,Oregon,410330,0,1,1,0,7,NOT APPLICABLE,April,21,Friday,22,48,Rural,Low Speed (Local),No,44.61295,-121.10292222,Non-Intersection,Not Reported,Not Reported,Unknown,Unknown,Unknown EMS Scene Arrival Hour,Unknown EMS Scene Arrival Minutes,Unknown,Unknown EMS Hospital Arrival Time,1,Dark - Unlighted,Clear,1,0,['Rear_Seat'],['None_Used'],0,0,Invalid,0.0,0.0,17.0,17.0,['Male'],7,0,3,1,3,Dry,Curve,Level,Lowest,Yes
27235,41,Oregon,410331,1,1,1,0,1,GRESHAM,April,21,Friday,21,42,Urban,Medium Speed (Collector),No,45.51909722,-122.49093611,Non-Intersection,Dark - Lighted,Clear,Unknown,Unknown,Unknown EMS Scene Arrival Hour,Unknown EMS Scene Arrival Minutes,Unknown,Unknown EMS Hospital Arrival Time,1,Dark - Lighted,Clear,0,1,[],[],0,0,Valid,0.0,0.0,51.0,51.0,['Male'],0,0,3,1,4,Dry,Straight,Level,Lowest,No
27236,41,Oregon,410332,0,1,1,0,2,NOT APPLICABLE,April,22,Saturday,0,49,Rural,Medium Speed (Collector),No,42.73230556,-123.40608333,Non-Intersection,Dark - Not Lighted,Clear,Unknown,Unknown,Unknown EMS Scene Arrival Hour,Unknown EMS Scene Arrival Minutes,Unknown,Unknown EMS Hospital Arrival Time,1,Dark - Unlighted,Clear,1,1,['Front_Passenger'],['None_Used'],1,1,Invalid,0.0,0.0,16.0,16.0,['Female'],2,0,2,4,3,Dry,Curve,Level,Lowest,No
27237,41,Oregon,410333,0,2,2,0,2,EUGENE,April,27,Thursday,18,3,Urban,High Speed (Arterial),Yes,44.05126667,-123.08704722,Complex/Circle,Daylight,Clear,6:00pm-6:59pm,3,6:00pm-6:59pm,5,6:00pm-6:59pm,7,1,Daylight,Clear,1,1,['Driver'],['None_Used'],0,0,Invalid,1.0,0.0,36.0,21.0,"['Male', 'Female']",1,0,5,1,5,Dry,Curve,Grade/Hillcrest,Lowest,No
27238,41,Oregon,410334,0,1,1,0,1,NOT APPLICABLE,May,4,Thursday,99,99,Rural,Low Speed (Local),No,42.43934167,-124.35370278,Non-Intersection,Reported as Unknown,Reported as Unknown,Unknown,Unknown,Unknown EMS Scene Arrival Hour,Unknown EMS Scene Arrival Minutes,Not Applicable (Not Transported),Not Applicable (Not Transported),1,Dark - Unlighted,Clear,1,0,['Driver'],['Shoulder_Lapbelt'],1,1,Invalid,0.0,0.0,26.0,26.0,['Female'],0,0,2,1,3,Dry,Curve,Grade/Hillcrest,Lowest,No
27239,41,Oregon,410335,0,1,1,0,1,NOT APPLICABLE,May,8,Monday,23,41,Rural,Medium Speed (Collector),No,45.70165,-123.82703333,Non-Intersection,Dark - Unknown Lighting,Clear,Unknown,Unknown,Unknown EMS Scene Arrival Hour,Unknown EMS Scene Arrival Minutes,Not Applicable (Not Transported),Not Applicable (Not Transported),1,Dark - Unlighted,Clear,1,0,['Driver'],['Shoulder_Lapbelt'],1,1,Valid,0.0,1.0,19.0,19.0,['Male'],1,0,2,4,2,Dry,Curve,Grade/Hillcrest,Lowest,No
27240,41,Oregon,410336,0,1,1,0,1,NOT APPLICABLE,May,8,Monday,14,33,Urban,Medium Speed (Collector),No,42.41686389,-123.1304,Non-Intersection,Daylight,Cloudy,Unknown,Unknown,Unknown EMS Scene Arrival Hour,Unknown EMS Scene Arrival Minutes,Unknown,Unknown EMS Hospital Arrival Time,1,Daylight,Reduced Visibility,1,0,['Driver'],['Shoulder_Lapbelt'],1,1,Invalid,0.0,0.0,65.0,65.0,['Male'],0,0,3,4,3,Dry,Straight,Level,Lowest,No
27241,41,Oregon,410337,0,2,2,0,4,HERMISTON,May,23,Tuesday,15,35,Urban,Medium Speed (Collector),No,45.842825,-119.31096111,Non-Intersection,Daylight,Clear,Unknown,Unknown,Unknown EMS Scene Arrival Hour,Unknown EMS Scene Arrival Minutes,Unknown,Unknown EMS Hospital Arrival Time,1,Daylight,Clear,1,3,['Driver'],['None_Used'],0,0,Valid,0.0,0.0,35.0,20.0,"['Female', 'Female']",0,0,3,4,5,Dry,Straight,Level,Medium,No
27242,41,Oregon,410338,0,2,2,0,3,PORTLAND,May,29,Monday,22,25,Urban,High Speed (Arterial),Yes,45.56701667,-122.59035833,Simple Junction,Dark - Lighted,Clear,10:00pm-10:59pm,26,10:00pm-10:59pm,36,10:00pm-10:59pm,55,1,Dark - Lighted,Clear,1,2,['Driver'],['None_Used'],1,1,Invalid,1.0,2.0,61.0,34.0,"['Male', 'Male']",0,0,5,1,5,Dry,Straight,Level,Lowest,No
27243,41,Oregon,410339,0,1,1,0,1,NOT APPLICABLE,June,4,Sunday,2,0,Rural,Medium Speed (Collector),No,45.12419444,-122.87212778,Non-Intersection,Dark - Unknown Lighting,Not Reported,2:00am-2:59am,3,2:00am-2:59am,27,Not Applicable (Not Transported),Not Applicable (Not Transported),1,Dark - Unlighted,Clear,1,0,['Driver'],['None_Used'],1,1,Invalid,0.0,0.0,46.0,46.0,['Male'],0,0,3,4,3,Dry,Curve,Level,Lowest,No
27244,41,Oregon,410340,0,1,1,0,1,NOT APPLICABLE,August,14,Monday,19,58,Urban,Medium Speed (Collector),No,42.46183611,-122.83153333,Non-Intersection,Dusk,Clear,8:00pm-8:59pm,0,Unknown EMS Scene Arrival Hour,Unknown EMS Scene Arrival Minutes,Not Applicable (Not Transported),Not Applicable (Not Transported),1,Twilight,Clear,1,0,['Driver'],['Shoulder_Lapbelt'],1,1,Valid,0.0,0.0,50.0,50.0,['Male'],1,0,3,4,3,Dry,Straight,Grade/Hillcrest,Lowest,No
27245,41,Oregon,410341,0,3,3,0,6,NOT APPLICABLE,August,15,Tuesday,12,33,Rural,High Speed (Arterial),Yes,45.62795833,-123.09031389,Non-Intersection,Daylight,Clear,12:00pm-12:59pm,34,12:00pm-12:59pm,47,Unknown,Unknown EMS Hospital Arrival Time,2,Daylight,Clear,2,4,"['Driver', 'Driver']","['Shoulder_Lapbelt', 'Shoulder_Lapbelt']",0,0,Valid,0.0,0.0,90.0,23.0,"['Male', 'Male', 'Male']",0,0,3,4,5,Dry,Straight,Level,Lowest,No
27246,41,Oregon,410342,0,1,1,0,1,NOT APPLICABLE,August,16,Wednesday,2,0,Rural,High Speed (Arterial),Yes,44.63956111,-117.535725,Non-Intersection,Dark - Not Lighted,Clear,Unknown,Unknown,Unknown EMS Scene Arrival Hour,Unknown EMS Scene Arrival Minutes,Not Applicable (Not Transported),Not Applicable (Not Transported),1,Dark - Unlighted,Clear,1,0,['Driver'],['Shoulder_Lapbelt'],0,0,Valid,0.0,1.0,46.0,46.0,['Male'],0,0,2,4,3,Dry,Straight,Grade/Hillcrest,Medium,No
27247,41,Oregon,410343,0,4,4,0,4,NOT APPLICABLE,August,16,Wednesday,5,11,Rural,High Speed (Arterial),Yes,45.16941667,-117.96663611,Non-Intersection,Dawn,Clear,5:00am-5:59am,12,5:00am-5:59am,26,Unknown,Unknown EMS Hospital Arrival Time,1,Twilight,Clear,1,3,['Driver'],['None_Used'],0,0,Valid,1.0,0.0,61.0,30.0,"['Male', 'Male', 'Male', 'Male']",0,0,4,1,5,Dry,Curve,Level,Lowest,No
27248,41,Oregon,410344,0,2,2,0,2,MEDFORD,August,1,Tuesday,19,7,Urban,High Speed (Arterial),Yes,42.31969167,-122.86604722,Non-Intersection,Daylight,Clear,7:00pm-7:59pm,7,7:00pm-7:59pm,12,Unknown,Unknown EMS Hospital Arrival Time,1,Daylight,Clear,1,1,['Driver'],['None_Used'],1,1,Valid,2.0,3.0,33.0,26.0,"['Male', 'Male']",0,0,5,1,5,Dry,Straight,Level,Lowest,No
27249,41,Oregon,410346,0,1,1,0,3,NOT APPLICABLE,August,14,Monday,16,33,Rural,Medium Speed (Collector),No,44.40701389,-118.68878333,Non-Intersection,Daylight,Clear,4:00pm-4:59pm,33,4:00pm-4:59pm,43,Unknown,Unknown EMS Hospital Arrival Time,1,Daylight,Clear,1,2,['Driver'],['None_Used'],1,1,Invalid,0.0,0.0,35.0,35.0,['Female'],3,0,3,1,3,Dry,Straight,Level,Lowest,No
27250,41,Oregon,410347,0,1,1,0,1,NOT APPLICABLE,August,17,Thursday,13,50,Rural,Medium Speed (Collector),No,45.30048333,-118.3033,Non-Intersection,Daylight,Clear,1:00pm-1:59pm,50,Unknown EMS Scene Arrival Hour,Unknown EMS Scene Arrival Minutes,Not Applicable (Not Transported),Not Applicable (Not Transported),1,Daylight,Clear,1,0,['Driver'],['Shoulder_Lapbelt'],0,0,Valid,0.0,0.0,52.0,52.0,['Male'],0,0,4,4,3,Dry,Straight,Level,Lowest,No
27251,41,Oregon,410348,1,1,1,0,2,DETROIT,August,17,Thursday,21,27,Rural,High Speed (Arterial),Yes,44.729125,-122.14376389,Non-Intersection,Dark - Not Lighted,Clear,9:00pm-9:59pm,27,9:00pm-9:59pm,37,Not Applicable (Not Transported),Not Applicable (Not Transported),1,Dark - Unlighted,Clear,0,2,[],[],0,0,Valid,0.0,0.0,52.0,52.0,['Male'],0,0,1,1,4,Dry,Straight,Level,Lowest,No
27252,41,Oregon,410349,0,1,1,0,2,NOT APPLICABLE,August,21,Monday,20,30,Urban,Medium Speed (Collector),No,42.43724167,-123.37543889,Non-Intersection,Dusk,Clear,8:00pm-8:59pm,30,8:00pm-8:59pm,30,Unknown,Unknown EMS Hospital Arrival Time,1,Twilight,Clear,1,1,['Driver'],['Shoulder_Lapbelt'],1,1,Valid,2.0,1.0,25.0,25.0,['Male'],2,0,2,4,3,Dry,Curve,Level,Lowest,No
27253,41,Oregon,410350,0,1,1,0,1,NOT APPLICABLE,August,22,Tuesday,99,99,Rural,Medium Speed (Collector),No,44.00799444,-121.67123611,Non-Intersection,Dark - Not Lighted,Clear,3:00am-3:59am,47,4:00am-4:59am,15,Not Applicable (Not Transported),Not Applicable (Not Transported),1,Dark - Unlighted,Clear,1,0,['Driver'],['Shoulder_Lapbelt'],0,0,Invalid,0.0,0.0,33.0,33.0,['Male'],1,0,3,4,3,Dry,Curve,Grade/Hillcrest,Lowest,No
27254,41,Oregon,410351,0,2,2,0,2,NOT APPLICABLE,August,23,Wednesday,8,51,Urban,High Speed (Arterial),Yes,44.49155833,-122.83930556,Non-Intersection,Daylight,Clear,8:00am-8:59am,51,8:00am-8:59am,59,Not Applicable (Not Transported),Not Applicable (Not Transported),2,Daylight,Clear,2,0,"['Driver', 'Driver']","['Shoulder_Lapbelt', 'Shoulder_Lapbelt']",0,0,Valid,0.0,1.0,70.0,30.0,"['Male', 'Female']",0,0,2,1,5,Dry,Straight,Level,Lowest,No
27255,41,Oregon,410352,0,2,2,0,2,NOT APPLICABLE,August,23,Wednesday,12,18,Rural,High Speed (Arterial),Yes,43.93951944,-117.37121389,Simple Junction,Daylight,Clear,12:00pm-12:59pm,18,12:00pm-12:59pm,29,Not Applicable (Not Transported),Not Applicable (Not Transported),1,Daylight,Clear,1,0,['Driver'],['Shoulder_Lapbelt'],0,0,Invalid,1.0,0.0,75.0,34.0,"['Female', 'Male']",0,0,4,4,5,Dry,Curve,Level,Lowest,No
27256,41,Oregon,410353,0,1,1,0,1,NOT APPLICABLE,August,24,Thursday,13,16,Rural,High Speed (Arterial),Yes,44.75614444,-124.06010278,Non-Intersection,Daylight,Clear,1:00pm-1:59pm,16,1:00pm-1:59pm,26,Not Applicable (Not Transported),Not Applicable (Not Transported),1,Daylight,Clear,1,0,['Driver'],['Shoulder_Lapbelt'],1,1,Valid,0.0,0.0,32.0,32.0,['Female'],0,0,3,4,3,Dry,Curve,Grade/Hillcrest,Lowest,No
27257,41,Oregon,410354,1,1,1,0,1,HAPPY VALLEY,August,11,Friday,5,22,Urban,Medium Speed (Collector),No,45.44535,-122.47466111,Non-Intersection,Dark - Not Lighted,Clear,5:00am-5:59am,25,5:00am-5:59am,31,Not Applicable (Not Transported),Not Applicable (Not Transported),1,Dark - Unlighted,Clear,0,1,[],[],0,0,Valid,0.0,0.0,40.0,40.0,['Male'],0,0,2,1,4,Dry,Straight,Level,Lowest,No
27258,41,Oregon,410355,0,2,2,0,2,NOT APPLICABLE,August,24,Thursday,16,19,Urban,Medium Speed (Collector),No,43.2208,-123.41518889,Non-Intersection,Daylight,Clear,4:00pm-4:59pm,19,4:00pm-4:59pm,24,Not Applicable (Not Transported),Not Applicable (Not Transported),1,Daylight,Clear,1,1,['Driver'],['None_Used'],0,0,Valid,1.0,0.0,69.0,34.0,"['Male', 'Male']",1,0,5,4,5,Dry,Straight,Level,Lowest,No
27259,41,Oregon,410356,0,2,2,0,5,NOT APPLICABLE,August,26,Saturday,15,17,Rural,High Speed (Arterial),Yes,43.69326944,-123.99906667,Simple Junction,Daylight,Clear,3:00pm-3:59pm,17,3:00pm-3:59pm,26,Not Applicable (Not Transported),Not Applicable (Not Transported),1,Daylight,Clear,1,4,['Rear_Seat'],['None_Used'],0,0,Valid,0.0,0.0,79.0,70.0,"['Female', 'Male']",0,0,5,1,5,Dry,Straight,Level,Lowest,No
27260,41,Oregon,410357,0,2,2,0,2,NOT APPLICABLE,August,28,Monday,4,40,Rural,High Speed (Arterial),Yes,46.10003611,-123.16345,Non-Intersection,Dark - Not Lighted,Rain,4:00am-4:59am,45,4:00am-4:59am,50,Unknown,Unknown EMS Hospital Arrival Time,1,Dark - Unlighted,Rain/Wind/Minor,1,1,['Driver'],['Shoulder_Lapbelt'],0,0,Invalid,0.0,0.0,21.0,21.0,"['Male', 'Male']",0,0,2,4,5,Wet/Standing Water,Curve,Grade/Hillcrest,Lowest,No
27261,41,Oregon,410358,1,1,1,0,1,EUGENE,April,25,Tuesday,12,57,Urban,High Speed (Arterial),Yes,44.06598056,-123.13895833,Non-Intersection,Daylight,Clear,Unknown,Unknown,Unknown EMS Scene Arrival Hour,Unknown EMS Scene Arrival Minutes,Unknown,Unknown EMS Hospital Arrival Time,1,Daylight,Clear,0,1,[],[],0,0,Invalid,0.0,0.0,37.0,37.0,['Male'],0,0,4,0,4,Dry,Straight,Level,Lowest,Yes
27262,41,Oregon,410359,0,1,1,0,2,NOT APPLICABLE,July,29,Saturday,17,23,Rural,High Speed (Arterial),Yes,43.19161944,-124.22249444,Non-Intersection,Daylight,Clear,5:00pm-5:59pm,24,5:00pm-5:59pm,28,Unknown,Unknown EMS Hospital Arrival Time,1,Daylight,Clear,1,1,['Driver'],['Shoulder_Lapbelt'],0,0,Valid,0.0,0.0,75.0,75.0,['Male'],0,0,3,4,3,Dry,Curve,Grade/Hillcrest,Medium,No
27263,41,Oregon,410360,0,1,1,0,1,NOT APPLICABLE,August,26,Saturday,22,30,Rural,Medium Speed (Collector),No,42.09823056,-123.095625,Non-Intersection,Dark - Not Lighted,Clear,11:00pm-11:59pm,5,11:00pm-11:59pm,20,Not Applicable (Not Transported),Not Applicable (Not Transported),1,Dark - Unlighted,Clear,1,0,['Driver'],['Shoulder_Lapbelt'],1,1,Valid,0.0,0.0,31.0,31.0,['Male'],1,0,3,4,3,Dry,Curve,Level,Lowest,No
27264,41,Oregon,410361,0,3,3,0,3,NOT APPLICABLE,August,31,Thursday,17,16,Rural,High Speed (Arterial),Yes,42.25483056,-124.39756111,Non-Intersection,Daylight,Cloudy,5:00pm-5:59pm,21,5:00pm-5:59pm,33,Unknown,Unknown EMS Hospital Arrival Time,1,Daylight,Reduced Visibility,1,2,['Driver'],['Shoulder_Lapbelt'],0,0,Valid,1.0,0.0,50.0,34.0,"['Female', 'Male', 'Female']",0,0,3,4,5,Dry,Curve,Grade/Hillcrest,Lowest,No
27265,41,Oregon,410362,0,1,1,0,1,PORTLAND,September,1,Friday,5,1,Urban,High Speed (Arterial),Yes,45.55813889,-122.54780278,Non-Intersection,Dark - Lighted,Cloudy,Unknown,Unknown,Unknown EMS Scene Arrival Hour,Unknown EMS Scene Arrival Minutes,Not Applicable (Not Transported),Not Applicable (Not Transported),1,Dark - Lighted,Reduced Visibility,1,0,['Driver'],['None_Used'],1,1,Valid,0.0,1.0,39.0,39.0,['Male'],1,0,2,4,3,Dry,Straight,Level,Lowest,No