,State_Code,State_Name,Crash_ID,Count_Non_Motorists,Count_Vehicles_Total,Count_Vehicle_Forms,Count_PVH_Involved,Count_Occupants_MV,City_Name,Month_Name,Day_of_Month,Day_of_Week,Crash_Hour,Crash_Minute,Area_Rural_Urban,Road_Functional_Class,On_NHS_Road,Latitude,Longitude,Intersection_Type,Light_Condition,Weather_Condition,Notif_Hour,Notif_Minute,Arrival_Hour,Arrival_Minute,Hospital_Hour,Hospital_Minute,Fatalities_Count,Clean_Light_Condition,Clean_Weather_Condition,Total_Killed,Total_Alive,Fatal_Seats_List,Killed_Restraint_List,Any_Driver_Drinking,Total_Drinking_Drivers,Driver_License_Category,Driver_Max_Prev_Accident_Count,Driver_Max_Prev_Speeding_Count,Max_Driver_Age,Min_Driver_Age,Driver_Sex_List,Total_Exceeding_Limit_Vehicles,Total_Too_Fast_Vehicles,Max_Vehicle_Type_Severity_5,Max_Vehicle_Damage_Rank,Max_Harmful_Event_Severity,Crash_Road_Surface_Condition,Crash_Horizontal_Alignment,Crash_Vertical_Profile,Crash_Impairment_Category,Crash_Vehicle_Defect
27266,41,Oregon,410363,0,2,2,0,3,NOT APPLICABLE,September,2,Saturday,15,10,Rural,Medium Speed (Collector),No,42.99180556,-122.38864167,Non-Intersection,Daylight,Cloudy,3:00pm-3:59pm,10,3:00pm-3:59pm,34,Not Applicable (Not Transported),Not Applicable (Not Transported),1,Daylight,Reduced Visibility,1,2,['Driver'],['None_Used'],0,0,Invalid,0.0,0.0,70.0,66.0,"['Male', 'Male']",0,0,5,4,5,Dry,Curve,Grade/Hillcrest,Lowest,No
27267,41,Oregon,410364,0,1,1,0,1,NOT APPLICABLE,September,2,Saturday,20,52,Rural,Medium Speed (Collector),No,44.37906667,-122.76965833,Non-Intersection,Dark - Not Lighted,Clear,8:00pm-8:59pm,52,8:00pm-8:59pm,59,Not Applicable (Not Transported),Not Applicable (Not Transported),1,Dark - Unlighted,Clear,1,0,['Driver'],['None_Used'],0,0,Invalid,1.0,0.0,39.0,39.0,['Male'],1,0,2,4,3,Dry,Curve,Level,Lowest,No
27268,41,Oregon,410365,0,1,1,0,1,EUGENE,September,2,Saturday,9,55,Urban,Medium Speed (Collector),No,44.02541111,-123.08454722,Non-Intersection,Daylight,Clear,9:00am-9:59am,55,9:00am-9:59am,56,Not Applicable (Not Transported),Not Applicable (Not Transported),1,Daylight,Clear,1,0,['Driver'],['None_Used'],0,0,Valid,0.0,0.0,72.0,72.0,['Male'],0,0,3,4,3,Dry,Curve,Grade/Hillcrest,Lowest,No
27269,41,Oregon,410366,0,1,1,0,1,NOT APPLICABLE,July,27,Thursday,14,4,Rural,Medium Speed (Collector),No,44.87844722,-123.23855,Non-Intersection,Daylight,Clear,2:00pm-2:59pm,4,2:00pm-2:59pm,11,Not Applicable (Not Transported),Not Applicable (Not Transported),1,Daylight,Clear,1,0,['Driver'],['None_Used'],0,0,Valid,0.0,1.0,41.0,41.0,['Male'],0,0,5,4,3,Dry,Straight,Level,Lowest,No
27270,41,Oregon,410367,0,1,1,0,1,NOT APPLICABLE,July,30,Sunday,1,14,Rural,Medium Speed (Collector),No,46.07102222,-122.96508889,Non-Intersection,Dark - Not Lighted,Clear,1:00am-1:59am,14,1:00am-1:59am,23,Unknown,Unknown EMS Hospital Arrival Time,1,Dark - Unlighted,Clear,1,0,['Driver'],['Shoulder_Lapbelt'],1,1,Valid,0.0,0.0,26.0,26.0,['Male'],1,0,2,4,3,Dry,Curve,Grade/Hillcrest,Lowest,No
27271,41,Oregon,410368,0,2,2,0,3,PORTLAND,September,3,Sunday,17,11,Urban,High Speed (Arterial),Yes,45.49856389,-122.51942778,Non-Intersection,Daylight,Clear,Unknown,Unknown,Unknown EMS Scene Arrival Hour,Unknown EMS Scene Arrival Minutes,Not Applicable (Not Transported),Not Applicable (Not Transported),1,Daylight,Clear,1,2,['Driver'],['None_Used'],1,1,Valid,0.0,2.0,37.0,37.0,"['Male', 'Female']",1,0,5,1,5,Dry,Straight,Level,Lowest,No
27272,41,Oregon,410369,0,2,2,0,2,NOT APPLICABLE,September,5,Tuesday,13,10,Rural,High Speed (Arterial),Yes,45.9602,-122.86801111,Non-Intersection,Daylight,Clear,1:00pm-1:59pm,10,1:00pm-1:59pm,10,Unknown,Unknown EMS Hospital Arrival Time,1,Daylight,Clear,1,1,['Driver'],['Shoulder_Lapbelt'],0,0,Valid,0.0,0.0,59.0,45.0,"['Female', 'Male']",0,0,3,4,5,Dry,Curve,Level,Lowest,No
27273,41,Oregon,410370,0,2,2,0,2,NOT APPLICABLE,September,5,Tuesday,17,2,Rural,High Speed (Arterial),Yes,44.62594167,-123.97377222,Non-Intersection,Daylight,Clear,5:00pm-5:59pm,2,5:00pm-5:59pm,17,Not Applicable (Not Transported),Not Applicable (Not Transported),1,Daylight,Clear,1,1,['Driver'],['Shoulder_Lapbelt'],0,0,Valid,0.0,0.0,70.0,49.0,"['Male', 'Male']",0,0,3,4,5,Dry,Curve,Level,Lowest,No
27274,41,Oregon,410371,0,2,2,0,2,NOT APPLICABLE,September,6,Wednesday,7,30,Urban,High Speed (Arterial),Yes,42.43888889,-122.83753056,Complex/Circle,Daylight,Clear,7:00am-7:59am,32,7:00am-7:59am,38,Unknown,Unknown EMS Hospital Arrival Time,1,Daylight,Clear,1,1,['Driver'],['None_Used'],0,0,Valid,0.0,1.0,65.0,38.0,"['Female', 'Female']",0,0,5,4,5,Dry,Straight,Level,Lowest,No
27275,41,Oregon,410372,1,1,1,0,1,NOT APPLICABLE,September,6,Wednesday,23,18,Urban,High Speed (Arterial),Yes,42.43147778,-122.84681944,Non-Intersection,Dark - Not Lighted,Clear,11:00am-11:59am,18,11:00am-11:59am,24,Not Applicable (Not Transported),Not Applicable (Not Transported),1,Dark - Unlighted,Clear,0,1,[],[],0,0,Valid,0.0,0.0,64.0,64.0,['Male'],0,0,3,1,4,Dry,Straight,Level,Lowest,No
27276,41,Oregon,410373,0,2,2,0,2,NOT APPLICABLE,September,7,Thursday,14,14,Rural,High Speed (Arterial),Yes,44.437675,-124.07496111,Complex/Circle,Daylight,Clear,2:00pm-2:59pm,14,2:00pm-2:59pm,17,Unknown,Unknown EMS Hospital Arrival Time,1,Daylight,Clear,1,1,['Driver'],['None_Used'],0,0,Valid,0.0,0.0,62.0,27.0,"['Male', 'Male']",1,0,5,4,5,Dry,Straight,Grade/Hillcrest,Lowest,No
27277,41,Oregon,410374,0,2,2,0,3,NOT APPLICABLE,August,21,Monday,12,52,Rural,Medium Speed (Collector),No,44.19339722,-123.24193889,Complex/Circle,Daylight,Cloudy,12:00pm-12:59pm,52,1:00pm-1:59pm,3,1:00pm-1:59pm,37,1,Daylight,Reduced Visibility,1,2,['Driver'],['Shoulder_Lapbelt'],0,0,Valid,1.0,1.0,89.0,44.0,"['Male', 'Female']",0,0,3,4,5,Dry,Straight,Level,Lowest,No
27278,41,Oregon,410375,0,2,2,0,2,NOT APPLICABLE,August,30,Wednesday,19,9,Urban,Medium Speed (Collector),No,43.211325,-123.26156389,Simple Junction,Dusk,Clear,7:00pm-7:59pm,11,7:00pm-7:59pm,15,Unknown,Unknown EMS Hospital Arrival Time,1,Twilight,Clear,1,1,['Driver'],['None_Used'],1,1,Valid,0.0,0.0,44.0,26.0,"['Male', 'Female']",1,0,3,4,5,Dry,Straight,Level,Lowest,No
27279,41,Oregon,410376,1,1,1,0,1,ALBANY,September,8,Friday,9,15,Urban,Medium Speed (Collector),No,44.60013333,-123.07753056,Complex/Circle,Daylight,Clear,9:00am-9:59am,16,9:00am-9:59am,19,9:00am-9:59am,43,1,Daylight,Clear,0,1,[],[],0,0,Valid,0.0,2.0,43.0,43.0,['Male'],0,0,2,4,4,Dry,Straight,Level,Lowest,No
27280,41,Oregon,410377,0,3,3,0,4,NOT APPLICABLE,September,8,Friday,17,5,Urban,High Speed (Arterial),Yes,45.96160556,-118.38715833,Non-Intersection,Daylight,Clear,5:00pm-5:59pm,5,5:00pm-5:59pm,12,Not Applicable (Not Transported),Not Applicable (Not Transported),1,Daylight,Clear,1,3,['Driver'],['Shoulder_Lapbelt'],0,0,Valid,0.0,0.0,62.0,30.0,"['Male', 'Female', 'Female']",0,0,3,4,5,Dry,Straight,Level,Lowest,No
27281,41,Oregon,410378,0,2,2,0,3,NOT APPLICABLE,September,9,Saturday,17,49,Rural,High Speed (Arterial),Yes,45.22865556,-122.87859444,Complex/Circle,Daylight,Clear,5:00pm-5:59pm,45,6:00pm-6:59pm,11,7:00pm-7:59pm,0,2,Daylight,Clear,2,1,"['Driver', 'Front_Passenger']","['Shoulder_Lapbelt', 'Shoulder_Lapbelt']",0,0,Valid,1.0,0.0,65.0,32.0,"['Male', 'Female']",0,0,4,4,5,Dry,Straight,Level,Lowest,Yes
27282,41,Oregon,410379,0,1,1,0,2,NOT APPLICABLE,September,10,Sunday,14,45,Rural,Medium Speed (Collector),No,44.38106944,-123.71125278,Non-Intersection,Daylight,Clear,Unknown,Unknown,Unknown EMS Scene Arrival Hour,Unknown EMS Scene Arrival Minutes,Unknown,Unknown EMS Hospital Arrival Time,1,Daylight,Clear,1,1,['Rear_Seat'],['None_Used'],0,0,Invalid,0.0,0.0,65.0,65.0,['Male'],2,0,5,1,2,Dry,Curve,Grade/Hillcrest,Lowest,No
27283,41,Oregon,410381,0,2,2,0,2,NOT APPLICABLE,September,8,Friday,12,12,Urban,Medium Speed (Collector),No,45.40178611,-122.56656944,Non-Intersection,Daylight,Clear,Unknown,Unknown,Unknown EMS Scene Arrival Hour,Unknown EMS Scene Arrival Minutes,Unknown,Unknown EMS Hospital Arrival Time,1,Daylight,Clear,1,1,['Driver'],['Shoulder_Lapbelt'],1,1,Valid,0.0,0.0,44.0,36.0,"['Male', 'Female']",1,0,3,4,5,Dry,Straight,Grade/Hillcrest,Lowest,No
27284,41,Oregon,410382,0,2,2,0,2,NOT APPLICABLE,September,14,Thursday,3,22,Rural,Medium Speed (Collector),No,45.2596,-122.81299444,Simple Junction,Dark - Not Lighted,Cloudy,3:00am-3:59am,22,3:00am-3:59am,36,Not Applicable (Not Transported),Not Applicable (Not Transported),1,Dark - Unlighted,Reduced Visibility,1,1,['Driver'],['None_Used'],0,0,Valid,0.0,1.0,71.0,35.0,"['Male', 'Male']",0,0,5,4,5,Dry,Straight,Level,Lowest,No
27285,41,Oregon,410383,1,1,1,0,1,NOT APPLICABLE,September,8,Friday,19,44,Urban,High Speed (Arterial),Yes,42.20655556,-121.71859167,Non-Intersection,Dusk,Clear,7:00pm-7:59pm,44,7:00pm-7:59pm,46,8:00pm-8:59pm,6,1,Twilight,Clear,0,1,[],[],0,0,Valid,0.0,0.0,30.0,30.0,['Female'],1,0,3,1,4,Dry,Straight,Level,Lowest,No
27286,41,Oregon,410384,0,1,1,0,1,NOT APPLICABLE,September,14,Thursday,18,41,Rural,High Speed (Arterial),Yes,45.70936667,-120.2723,Non-Intersection,Daylight,Clear,6:00pm-6:59pm,44,6:00pm-6:59pm,56,Not Applicable (Not Transported),Not Applicable (Not Transported),1,Daylight,Clear,1,0,['Driver'],['None_Used'],1,1,Valid,0.0,0.0,60.0,60.0,['Male'],0,0,5,1,3,Dry,Straight,Level,Lowest,No
27287,41,Oregon,410385,0,1,1,0,1,NOT APPLICABLE,September,16,Saturday,11,50,Urban,High Speed (Arterial),Yes,45.34060556,-118.09025,Non-Intersection,Daylight,Clear,Unknown,Unknown,Unknown EMS Scene Arrival Hour,Unknown EMS Scene Arrival Minutes,Not Applicable (Not Transported),Not Applicable (Not Transported),1,Daylight,Clear,1,0,['Driver'],['Shoulder_Lapbelt'],0,0,Valid,0.0,0.0,62.0,62.0,['Male'],0,0,4,4,3,Dry,Straight,Level,Lowest,No
27288,41,Oregon,410386,0,1,1,0,1,NOT APPLICABLE,September,17,Sunday,17,35,Rural,High Speed (Arterial),Yes,42.74168611,-123.37244167,Non-Intersection,Daylight,Clear,5:00pm-5:59pm,40,5:00pm-5:59pm,55,Not Applicable (Not Transported),Not Applicable (Not Transported),1,Daylight,Clear,1,0,['Driver'],['None_Used'],0,0,Invalid,0.0,3.0,50.0,50.0,['Male'],1,0,5,1,2,Dry,Curve,Grade/Hillcrest,Lowest,No
27289,41,Oregon,410387,0,3,3,0,4,NOT APPLICABLE,September,18,Monday,23,37,Urban,High Speed (Arterial),Yes,42.42702222,-123.10367778,Non-Intersection,Dark - Not Lighted,Clear,11:00pm-11:59pm,37,11:00pm-11:59pm,55,Unknown,Unknown EMS Hospital Arrival Time,1,Dark - Unlighted,Clear,1,3,['Driver'],['None_Used'],0,0,Valid,1.0,0.0,85.0,30.0,"['Male', 'Male', 'Male']",0,0,3,4,5,Dry,Straight,Level,Lowest,No
27290,41,Oregon,410388,0,1,1,0,1,BEAVERTON,September,16,Saturday,15,36,Urban,Medium Speed (Collector),No,45.42895833,-122.83165,Complex/Circle,Daylight,Clear,3:00pm-3:59pm,37,3:00pm-3:59pm,40,Not Applicable (Not Transported),Not Applicable (Not Transported),1,Daylight,Clear,1,0,['Driver'],['None_Used'],0,0,Valid,0.0,0.0,57.0,57.0,['Male'],0,0,3,1,3,Dry,Straight,Level,Lowest,No
27291,41,Oregon,410389,1,1,1,0,1,PORTLAND,September,19,Tuesday,5,57,Urban,Medium Speed (Collector),Yes,45.60849444,-122.70975,Non-Intersection,Dark - Lighted,Cloudy,Unknown,Unknown,Unknown EMS Scene Arrival Hour,Unknown EMS Scene Arrival Minutes,Not Applicable (Not Transported),Not Applicable (Not Transported),1,Dark - Lighted,Reduced Visibility,0,1,[],[],0,0,Valid,1.0,1.0,60.0,60.0,['Male'],0,0,3,1,4,Dry,Straight,Level,Lowest,No
27292,41,Oregon,410390,0,2,2,0,2,NOT APPLICABLE,September,20,Wednesday,7,26,Rural,High Speed (Arterial),Yes,42.03706944,-121.87361389,Simple Junction,Dawn,Clear,7:00am-7:59am,29,7:00am-7:59am,33,Unknown,Unknown EMS Hospital Arrival Time,1,Twilight,Clear,1,1,['Driver'],['Shoulder_Lapbelt'],0,0,Valid,1.0,0.0,55.0,51.0,"['Female', 'Male']",0,0,3,4,5,Dry,Straight,Level,Lowest,No
27293,41,Oregon,410391,1,1,1,0,1,TIGARD,September,18,Monday,20,23,Urban,Medium Speed (Collector),No,45.438975,-122.76543889,Non-Intersection,Dark - Unknown Lighting,Not Reported,8:00pm-8:59pm,54,9:00pm-9:59pm,9,9:00pm-9:59pm,40,1,Dark - Unlighted,Clear,0,0,[],[],0,0,Invalid,0.0,0.0,998.0,998.0,['Other'],0,0,2,0,4,Dry,Straight,Level,Lowest,No
27294,41,Oregon,410392,0,2,2,0,2,NOT APPLICABLE,September,21,Thursday,16,59,Rural,High Speed (Arterial),Yes,44.56385278,-123.24278611,Non-Intersection,Daylight,Clear,4:00pm-4:59pm,59,5:00pm-5:59pm,0,Unknown,Unknown EMS Hospital Arrival Time,1,Daylight,Clear,1,1,['Driver'],['Shoulder_Lapbelt'],0,0,Invalid,0.0,0.0,43.0,19.0,"['Male', 'Female']",0,0,2,4,5,Dry,Straight,Level,Lowest,No
27295,41,Oregon,410393,0,1,1,0,2,NOT APPLICABLE,September,23,Saturday,0,12,Urban,Medium Speed (Collector),No,45.43550556,-122.56518611,Non-Intersection,Dark - Unknown Lighting,Clear,0:00am-0:59am,12,0:00am-0:59am,17,Unknown,Unknown EMS Hospital Arrival Time,1,Dark - Unlighted,Clear,1,1,['Front_Passenger'],['Shoulder_Lapbelt'],1,1,Valid,0.0,1.0,21.0,21.0,['Male'],2,0,2,4,3,Dry,Curve,Level,Lowest,No
27296,41,Oregon,410394,0,1,1,0,3,BEND,September,23,Saturday,23,42,Urban,Medium Speed (Collector),No,44.05104722,-121.28416111,Non-Intersection,Dark - Lighted,Clear,11:00pm-11:59pm,50,11:00pm-11:59pm,58,0:00am-0:59am,12,1,Dark - Lighted,Clear,1,2,['Rear_Seat'],['Shoulder_Lapbelt'],1,1,Valid,0.0,0.0,23.0,23.0,['Male'],3,0,2,4,3,Dry,Curve,Level,Lowest,No
27297,41,Oregon,410395,0,1,1,0,4,NOT APPLICABLE,September,24,Sunday,0,55,Urban,Medium Speed (Collector),No,45.43714444,-122.85655278,Non-Intersection,Dark - Not Lighted,Rain,0:00am-0:59am,56,1:00am-1:59am,2,Unknown,Unknown EMS Hospital Arrival Time,1,Dark - Unlighted,Rain/Wind/Minor,1,3,['Driver'],['None_Used'],1,1,Valid,1.0,0.0,19.0,19.0,['Male'],4,0,2,1,3,Wet/Standing Water,Curve,Level,Lowest,No
27298,41,Oregon,410396,0,2,2,0,3,BEND,September,22,Friday,9,45,Urban,Medium Speed (Collector),No,43.99918611,-121.31248056,Complex/Circle,Daylight,Clear,Unknown,Unknown,Unknown EMS Scene Arrival Hour,Unknown EMS Scene Arrival Minutes,Not Applicable (Not Transported),Not Applicable (Not Transported),1,Daylight,Clear,1,2,['Driver'],['None_Used'],0,0,Invalid,0.0,1.0,74.0,67.0,"['Male', 'Male']",0,0,5,4,5,Dry,Straight,Level,Lowest,No
27299,41,Oregon,410397,0,3,3,0,7,NOT APPLICABLE,September,22,Friday,17,1,Rural,High Speed (Arterial),Yes,45.27583333,-122.77282222,Non-Intersection,Daylight,Clear,5:00pm-5:59pm,1,5:00pm-5:59pm,6,6:00pm-6:59pm,0,1,Daylight,Clear,1,6,['Front_Passenger'],['Shoulder_Lapbelt'],0,0,Valid,1.0,1.0,44.0,17.0,"['Male', 'Male', 'Female']",0,0,3,4,5,Dry,Straight,Level,Lowest,No
27300,41,Oregon,410398,0,1,1,0,1,NOT APPLICABLE,September,19,Tuesday,21,17,Rural,High Speed (Arterial),Yes,44.47845278,-124.07942222,Non-Intersection,Dark - Not Lighted,Reported as Unknown,9:00pm-9:59pm,29,9:00pm-9:59pm,35,10:00pm-10:59pm,25,1,Dark - Unlighted,Clear,1,0,['Driver'],['Shoulder_Lapbelt'],1,1,Invalid,0.0,0.0,51.0,51.0,['Male'],1,0,2,1,3,Dry,Curve,Level,Lowest,No
27301,41,Oregon,410400,0,1,1,0,1,NOT APPLICABLE,September,17,Sunday,16,33,Rural,Medium Speed (Collector),No,43.40669444,-123.19920556,Non-Intersection,Daylight,Clear,4:00pm-4:59pm,33,4:00pm-4:59pm,45,Unknown,Unknown EMS Hospital Arrival Time,1,Daylight,Clear,1,0,['Driver'],['None_Used'],1,1,Valid,0.0,1.0,21.0,21.0,['Male'],1,0,2,4,3,Dry,Curve,Grade/Hillcrest,Lowest,No
27302,41,Oregon,410401,0,1,1,0,1,NOT APPLICABLE,September,19,Tuesday,0,15,Rural,Medium Speed (Collector),No,44.64849722,-122.80435556,Non-Intersection,Dark - Not Lighted,Clear,0:00am-0:59am,15,0:00am-0:59am,29,Not Applicable (Not Transported),Not Applicable (Not Transported),1,Dark - Unlighted,Clear,1,0,['Driver'],['None_Used'],0,0,Valid,2.0,1.0,22.0,22.0,['Male'],1,0,5,4,1,Dry,Straight,Level,Lowest,No
27303,41,Oregon,410402,0,1,1,0,1,NOT APPLICABLE,September,22,Friday,18,27,Rural,Medium Speed (Collector),No,44.92809167,-122.88038889,Non-Intersection,Daylight,Clear,6:00pm-6:59pm,27,6:00pm-6:59pm,35,Unknown,Unknown EMS Hospital Arrival Time,1,Daylight,Clear,1,0,['Driver'],['None_Used'],0,0,Valid,0.0,0.0,34.0,34.0,['Male'],0,0,5,4,2,Dry,Curve,Grade/Hillcrest,Lowest,Yes
27304,41,Oregon,410403,0,1,1,0,1,HILLSBORO,September,23,Saturday,2,2,Urban,Medium Speed (Collector),No,45.51981111,-122.93035556,Non-Intersection,Dark - Lighted,Cloudy,2:00am-2:59am,2,2:00am-2:59am,9,Not Applicable (Not Transported),Not Applicable (Not Transported),1,Dark - Lighted,Reduced Visibility,1,0,['Driver'],['None_Used'],1,1,Valid,0.0,1.0,25.0,25.0,['Male'],1,0,2,4,3,Dry,Straight,Grade/Hillcrest,Lowest,No
27305,41,Oregon,410404,0,2,2,0,2,NOT APPLICABLE,September,28,Thursday,19,55,Rural,High Speed (Arterial),Yes,45.58979444,-118.55125278,Non-Intersection,Dark - Not Lighted,Clear,7:00pm-7:59pm,59,8:00pm-8:59pm,18,Unknown,Unknown EMS Hospital Arrival Time,1,Dark - Unlighted,Clear,1,1,['Driver'],['Shoulder_Lapbelt'],0,0,Valid,0.0,1.0,49.0,20.0,"['Male', 'Male']",0,0,4,4,5,Dry,Straight,Level,Lowest,No
27306,41,Oregon,410405,0,1,1,0,1,NOT APPLICABLE,September,29,Friday,5,40,Rural,High Speed (Arterial),Yes,44.38051111,-121.65576389,Non-Intersection,Dark - Not Lighted,Rain,5:00am-5:59am,40,5:00am-5:59am,44,Not Applicable (Not Transported),Not Applicable (Not Transported),1,Dark - Unlighted,Rain/Wind/Minor,1,0,['Driver'],['Shoulder_Lapbelt'],0,0,Valid,3.0,1.0,57.0,57.0,['Male'],1,0,2,4,3,Wet/Standing Water,Curve,Level,Lowest,No
27307,41,Oregon,410406,1,1,1,0,1,NOT APPLICABLE,September,30,Saturday,19,45,Rural,High Speed (Arterial),Yes,45.09816944,-123.35454167,Non-Intersection,Dark - Not Lighted,Clear,7:00pm-7:59pm,49,7:00pm-7:59pm,55,Not Applicable (Not Transported),Not Applicable (Not Transported),1,Dark - Unlighted,Clear,0,1,[],[],0,0,Valid,0.0,1.0,38.0,38.0,['Male'],0,0,3,1,4,Dry,Straight,Level,Lowest,No
27308,41,Oregon,410407,0,2,2,0,3,NOT APPLICABLE,October,2,Monday,5,20,Rural,High Speed (Arterial),Yes,45.31659444,-121.89976944,Non-Intersection,Dark - Not Lighted,Cloudy,5:00am-5:59am,20,5:00am-5:59am,30,Unknown,Unknown EMS Hospital Arrival Time,1,Dark - Unlighted,Reduced Visibility,1,2,['Driver'],['Shoulder_Lapbelt'],0,0,Valid,0.0,0.0,67.0,51.0,"['Male', 'Male']",0,0,4,4,5,Wet/Standing Water,Straight,Grade/Hillcrest,Medium,No
27309,41,Oregon,410409,1,1,1,0,2,Other,October,3,Tuesday,14,53,Rural,Low Speed (Local),No,45.61148333,-123.10567778,Non-Intersection,Daylight,Clear,Unknown,Unknown,Unknown EMS Scene Arrival Hour,Unknown EMS Scene Arrival Minutes,Not Applicable (Not Transported),Not Applicable (Not Transported),1,Daylight,Clear,0,1,[],[],0,0,Valid,0.0,0.0,32.0,32.0,['Male'],0,0,3,1,4,Dry,Straight,Level,Lowest,No
27310,41,Oregon,410410,0,2,2,0,3,SALEM,October,5,Thursday,7,59,Urban,Medium Speed (Collector),No,44.90315556,-123.09931111,Simple Junction,Daylight,Not Reported,7:00am-7:59am,59,8:00am-8:59am,11,Unknown,Unknown EMS Hospital Arrival Time,1,Daylight,Clear,1,2,['Driver'],['Shoulder_Lapbelt'],0,0,Valid,1.0,2.0,53.0,50.0,"['Male', 'Female']",0,0,4,4,5,Dry,Straight,Grade/Hillcrest,Lowest,Yes
27311,41,Oregon,410411,1,1,1,0,1,ROSEBURG,September,12,Tuesday,20,1,Urban,Medium Speed (Collector),No,43.23022222,-123.37112222,Non-Intersection,Dark - Not Lighted,Clear,8:00pm-8:59pm,1,8:00pm-8:59pm,5,Unknown,Unknown EMS Hospital Arrival Time,1,Dark - Unlighted,Clear,0,1,[],[],0,0,Valid,2.0,1.0,32.0,32.0,['Male'],0,0,2,1,4,Dry,Straight,Level,Lowest,No
27312,41,Oregon,410412,1,1,1,0,1,NOT APPLICABLE,October,5,Thursday,21,50,Urban,High Speed (Arterial),Yes,44.931875,-123.10984167,Non-Intersection,Dark - Not Lighted,Clear,9:00pm-9:59pm,51,10:00pm-10:59pm,0,Unknown,Unknown EMS Hospital Arrival Time,1,Dark - Unlighted,Clear,0,1,[],[],0,0,Valid,0.0,0.0,19.0,19.0,['Male'],0,0,2,1,4,Dry,Curve,Level,Lowest,No
27313,41,Oregon,410413,0,1,1,0,1,PORTLAND,October,5,Thursday,23,13,Urban,Medium Speed (Collector),No,45.46289444,-122.61006389,Simple Junction,Dark - Lighted,Clear,Unknown,Unknown,Unknown EMS Scene Arrival Hour,Unknown EMS Scene Arrival Minutes,Not Applicable (Not Transported),Not Applicable (Not Transported),1,Dark - Lighted,Clear,1,0,['Driver'],['Shoulder_Lapbelt'],1,1,Valid,0.0,0.0,29.0,29.0,['Male'],1,0,3,1,2,Dry,Straight,Grade/Hillcrest,Lowest,No
27314,41,Oregon,410414,0,1,1,0,1,NOT APPLICABLE,October,7,Saturday,6,26,Rural,Medium Speed (Collector),No,43.94956667,-117.02582222,Non-Intersection,Dawn,Clear,Unknown,Unknown,Unknown EMS Scene Arrival Hour,Unknown EMS Scene Arrival Minutes,Not Applicable (Not Transported),Not Applicable (Not Transported),1,Twilight,Clear,1,0,['Driver'],['Shoulder_Lapbelt'],1,1,Valid,1.0,0.0,19.0,19.0,['Male'],0,0,2,4,3,Dry,Straight,Level,Lowest,No
27315,41,Oregon,410415,0,1,1,0,2,NOT APPLICABLE,October,8,Sunday,0,23,Urban,High Speed (Arterial),Yes,44.93006944,-123.08640278,Non-Intersection,Dark - Not Lighted,Clear,0:00am-0:59am,23,0:00am-0:59am,31,Unknown,Unknown EMS Hospital Arrival Time,1,Dark - Unlighted,Clear,1,1,['Driver'],['None_Used'],1,1,Valid,0.0,0.0,55.0,55.0,['Male'],2,0,2,4,3,Dry,Curve,Grade/Hillcrest,Lowest,No
27316,41,Oregon,410416,0,2,2,0,3,NOT APPLICABLE,October,8,Sunday,12,13,Urban,Medium Speed (Collector),No,45.48055,-123.12935,Complex/Circle,Daylight,Clear,12:00pm-12:59pm,13,12:00pm-12:59pm,38,1:00pm-1:59pm,38,1,Daylight,Clear,1,2,['Driver'],['None_Used'],0,0,Valid,2.0,2.0,70.0,44.0,"['Female', 'Male']",0,0,5,1,5,Dry,Straight,Level,Lowest,No
27317,41,Oregon,410417,1,2,2,0,2,COOS BAY,August,16,Wednesday,13,5,Urban,High Speed (Arterial),Yes,43.36721944,-124.21636667,Non-Intersection,Daylight,Clear,1:00pm-1:59pm,7,1:00pm-1:59pm,11,1:00pm-1:59pm,34,1,Daylight,Clear,0,2,[],[],0,0,Invalid,2.0,0.0,67.0,33.0,"['Male', 'Male']",0,0,3,4,5,Dry,Straight,Level,Medium,No
27318,41,Oregon,410418,0,2,2,0,3,NOT APPLICABLE,August,24,Thursday,20,11,Urban,Medium Speed (Collector),No,45.35236944,-122.53974167,Non-Intersection,Dark - Not Lighted,Clear,8:00pm-8:59pm,11,8:00pm-8:59pm,17,Unknown,Unknown EMS Hospital Arrival Time,1,Dark - Unlighted,Clear,1,2,['Driver'],['Shoulder_Lapbelt'],1,1,Valid,0.0,1.0,60.0,39.0,"['Male', 'Female']",0,0,3,4,5,Dry,Curve,Level,Lowest,No
27319,41,Oregon,410419,1,1,1,0,2,SALEM,October,9,Monday,22,1,Urban,High Speed (Arterial),Yes,44.95415278,-122.98366389,Non-Intersection,Dark - Lighted,Cloudy,10:00pm-10:59pm,1,10:00pm-10:59pm,4,Not Applicable (Not Transported),Not Applicable (Not Transported),1,Dark - Lighted,Reduced Visibility,0,2,[],[],0,0,Valid,0.0,1.0,20.0,20.0,['Male'],0,0,2,1,4,Dry,Straight,Level,Lowest,No
27320,41,Oregon,410420,0,2,2,0,2,NOT APPLICABLE,October,10,Tuesday,10,23,Urban,High Speed (Arterial),Yes,43.143425,-123.38578056,Simple Junction,Daylight,Rain,10:00am-10:59am,23,10:00am-10:59am,28,Not Applicable (Not Transported),Not Applicable (Not Transported),1,Daylight,Rain/Wind/Minor,1,1,['Driver'],['None_Used'],0,0,Valid,1.0,3.0,52.0,37.0,"['Female', 'Male']",0,0,5,4,5,Wet/Standing Water,Straight,Grade/Hillcrest,Lowest,No
27321,41,Oregon,410421,1,1,1,0,5,BEND,September,14,Thursday,9,55,Urban,Low Speed (Local),No,44.05807222,-121.35831111,Complex/Circle,Daylight,Clear,9:00am-9:59am,57,10:00am-10:59am,5,10:00am-10:59am,26,1,Daylight,Clear,0,5,[],[],0,0,Valid,0.0,0.0,38.0,38.0,['Female'],0,0,3,1,4,Dry,Straight,Level,Lowest,No