,State_Code,State_Name,Crash_ID,Count_Non_Motorists,Count_Vehicles_Total,Count_Vehicle_Forms,Count_PVH_Involved,Count_Occupants_MV,City_Name,Month_Name,Day_of_Month,Day_of_Week,Crash_Hour,Crash_Minute,Area_Rural_Urban,Road_Functional_Class,On_NHS_Road,Latitude,Longitude,Intersection_Type,Light_Condition,Weather_Condition,Notif_Hour,Notif_Minute,Arrival_Hour,Arrival_Minute,Hospital_Hour,Hospital_Minute,Fatalities_Count,Clean_Light_Condition,Clean_Weather_Condition,Total_Killed,Total_Alive,Fatal_Seats_List,Killed_Restraint_List,Any_Driver_Drinking,Total_Drinking_Drivers,Driver_License_Category,Driver_Max_Prev_Accident_Count,Driver_Max_Prev_Speeding_Count,Max_Driver_Age,Min_Driver_Age,Driver_Sex_List,Total_Exceeding_Limit_Vehicles,Total_Too_Fast_Vehicles,Max_Vehicle_Type_Severity_5,Max_Vehicle_Damage_Rank,Max_Harmful_Event_Severity,Crash_Road_Surface_Condition,Crash_Horizontal_Alignment,Crash_Vertical_Profile,Crash_Impairment_Category,Crash_Vehicle_Defect
27322,41,Oregon,410422,0,1,1,0,2,NOT APPLICABLE,October,11,Wednesday,18,5,Rural,Medium Speed (Collector),No,43.32636389,-123.01659167,Non-Intersection,Dusk,Cloudy,6:00pm-6:59pm,5,6:00pm-6:59pm,27,7:00pm-7:59pm,23,1,Twilight,Reduced Visibility,1,1,['Driver'],['Shoulder_Lapbelt'],1,1,Valid,0.0,0.0,70.0,70.0,['Male'],0,0,3,4,3,Wet/Standing Water,Curve,Level,Lowest,No
27323,41,Oregon,410423,0,1,1,0,2,NOT APPLICABLE,September,23,Saturday,12,9,Rural,Medium Speed (Collector),No,42.87268889,-120.80768611,Non-Intersection,Daylight,Clear,12:00pm-12:59pm,45,1:00pm-1:59pm,14,Unknown,Unknown EMS Hospital Arrival Time,1,Daylight,Clear,1,1,['Driver'],['Shoulder_Lapbelt'],0,0,Valid,0.0,0.0,86.0,86.0,['Male'],0,0,2,4,3,Dry,Straight,Level,Lowest,No
27324,41,Oregon,410424,0,2,2,0,3,NOT APPLICABLE,September,25,Monday,5,4,Rural,High Speed (Arterial),Yes,45.71604722,-119.00563611,Non-Intersection,Dark - Not Lighted,Clear,5:00am-5:59am,17,5:00am-5:59am,43,6:00am-6:59am,13,1,Dark - Unlighted,Clear,1,1,['Front_Passenger'],['None_Used'],1,1,Invalid,0.0,0.0,49.0,27.0,"['Female', 'Male']",2,0,3,4,5,Dry,Straight,Level,Lowest,No
27325,41,Oregon,410425,0,2,2,0,2,NOT APPLICABLE,October,12,Thursday,8,0,Urban,Medium Speed (Collector),No,45.40374444,-122.56499444,Non-Intersection,Daylight,Cloudy,8:00am-8:59am,0,8:00am-8:59am,5,Unknown,Unknown EMS Hospital Arrival Time,1,Daylight,Reduced Visibility,1,1,['Driver'],['Shoulder_Lapbelt'],1,1,Invalid,1.0,1.0,81.0,24.0,"['Male', 'Female']",1,0,3,4,5,Dry,Curve,Level,Lowest,No
27326,41,Oregon,410426,0,2,2,0,2,NOT APPLICABLE,October,12,Thursday,13,56,Rural,Medium Speed (Collector),No,44.50731667,-121.19494444,Non-Intersection,Daylight,Clear,1:00pm-1:59pm,56,2:00pm-2:59pm,8,3:00pm-3:59pm,17,1,Daylight,Clear,1,1,['Driver'],['Shoulder_Lapbelt'],0,0,Valid,0.0,0.0,54.0,51.0,"['Female', 'Female']",1,0,2,4,5,Dry,Curve,Grade/Hillcrest,Lowest,No
27327,41,Oregon,410427,0,3,3,0,6,NOT APPLICABLE,October,12,Thursday,19,27,Urban,High Speed (Arterial),Yes,44.31734167,-121.17102222,Non-Intersection,Dark - Not Lighted,Clear,7:00pm-7:59pm,27,7:00pm-7:59pm,34,8:00pm-8:59pm,11,4,Dark - Unlighted,Clear,4,2,"['Driver', 'Front_Passenger', 'Rear_Seat', 'Rear_Seat']","['Shoulder_Lapbelt', 'Shoulder_Lapbelt', 'Shoulder_Lapbelt', 'Shoulder_Lapbelt']",0,0,Valid,0.0,0.0,57.0,43.0,"['Male', 'Male', 'Male']",0,0,4,4,5,Dry,Curve,Grade/Hillcrest,Lowest,No
27328,41,Oregon,410428,0,1,1,0,1,NOT APPLICABLE,August,12,Saturday,22,44,Rural,Medium Speed (Collector),No,44.41676667,-122.67365278,Non-Intersection,Dark - Not Lighted,Clear,10:00pm-10:59pm,44,10:00pm-10:59pm,54,Not Applicable (Not Transported),Not Applicable (Not Transported),1,Dark - Unlighted,Clear,1,0,['Driver'],['None_Used'],1,1,Valid,0.0,0.0,42.0,42.0,['Female'],1,0,3,4,3,Dry,Curve,Grade/Hillcrest,Lowest,No
27329,41,Oregon,410429,0,1,1,0,1,NOT APPLICABLE,September,11,Monday,21,15,Urban,Medium Speed (Collector),No,45.019775,-122.98934722,Non-Intersection,Dark - Not Lighted,Clear,2:00am-2:59am,46,2:00am-2:59am,54,Not Applicable (Not Transported),Not Applicable (Not Transported),1,Dark - Unlighted,Clear,1,0,['Driver'],['None_Used'],1,1,Valid,0.0,0.0,45.0,45.0,['Male'],1,0,5,1,2,Dry,Curve,Level,Lowest,No
27330,41,Oregon,410431,1,1,1,0,2,NOT APPLICABLE,October,13,Friday,20,44,Urban,High Speed (Arterial),Yes,45.04351111,-122.97620278,Non-Intersection,Dark - Not Lighted,Rain,8:00pm-8:59pm,44,8:00pm-8:59pm,57,Unknown,Unknown EMS Hospital Arrival Time,1,Dark - Unlighted,Rain/Wind/Minor,0,2,[],[],0,0,Valid,0.0,0.0,45.0,45.0,['Male'],0,0,3,4,4,Wet/Standing Water,Straight,Level,Lowest,No
27331,41,Oregon,410432,1,1,1,0,2,GRESHAM,October,13,Friday,19,5,Urban,Medium Speed (Collector),No,45.51913333,-122.43876389,Non-Intersection,Dark - Lighted,Rain,7:00pm-7:59pm,5,7:00pm-7:59pm,8,Not Applicable (Not Transported),Not Applicable (Not Transported),1,Dark - Lighted,Rain/Wind/Minor,0,2,[],[],0,0,Valid,0.0,0.0,47.0,47.0,['Male'],0,0,3,1,4,Wet/Standing Water,Straight,Grade/Hillcrest,Lowest,No
27332,41,Oregon,410433,0,1,1,0,2,PORTLAND,October,14,Saturday,0,43,Urban,High Speed (Arterial),Yes,45.49979722,-122.67401389,Non-Intersection,Dark - Lighted,Rain,0:00am-0:59am,50,0:00am-0:59am,54,1:00am-1:59am,17,1,Dark - Lighted,Rain/Wind/Minor,1,1,['Driver'],['None_Used'],1,1,Invalid,0.0,3.0,18.0,18.0,['Male'],0,0,2,4,3,Wet/Standing Water,Curve,Level,Lowest,No
27333,41,Oregon,410434,0,2,2,0,2,NOT APPLICABLE,October,15,Sunday,14,23,Urban,Medium Speed (Collector),No,44.90790833,-122.92319722,Non-Intersection,Daylight,Clear,2:00pm-2:59pm,23,2:00pm-2:59pm,29,Unknown,Unknown EMS Hospital Arrival Time,1,Daylight,Clear,1,1,['Driver'],['None_Used'],0,0,Valid,0.0,0.0,77.0,66.0,"['Female', 'Male']",0,0,3,4,5,Dry,Curve,Level,Lowest,No
27334,41,Oregon,410435,0,2,2,0,2,COOS BAY,October,15,Sunday,18,43,Urban,High Speed (Arterial),Yes,43.37462222,-124.21303611,Non-Intersection,Dusk,Clear,6:00pm-6:59pm,44,6:00pm-6:59pm,49,Not Applicable (Not Transported),Not Applicable (Not Transported),1,Twilight,Clear,1,1,['Driver'],['Shoulder_Lapbelt'],1,1,Invalid,0.0,0.0,47.0,44.0,"['Male', 'Female']",0,0,3,4,3,Dry,Curve,Grade/Hillcrest,Lowest,No
27335,41,Oregon,410436,0,2,2,0,7,NOT APPLICABLE,October,13,Friday,19,25,Urban,Medium Speed (Collector),No,45.50350556,-122.90223889,Complex/Circle,Dark - Lighted,Rain,7:00pm-7:59pm,27,7:00pm-7:59pm,38,8:00pm-8:59pm,25,1,Dark - Lighted,Rain/Wind/Minor,1,6,['Front_Passenger'],['Shoulder_Lapbelt'],0,0,Valid,0.0,1.0,37.0,36.0,"['Female', 'Male']",0,0,3,4,5,Wet/Standing Water,Straight,Level,Lowest,Yes
27336,41,Oregon,410437,0,2,2,0,2,NOT APPLICABLE,October,16,Monday,10,30,Rural,High Speed (Arterial),Yes,45.62022222,-121.98579722,Non-Intersection,Daylight,Rain,10:00am-10:59am,30,10:00am-10:59am,46,Not Applicable (Not Transported),Not Applicable (Not Transported),1,Daylight,Rain/Wind/Minor,1,1,['Driver'],['Shoulder_Lapbelt'],0,0,Valid,0.0,1.0,63.0,44.0,"['Male', 'Male']",1,0,4,4,5,Wet/Standing Water,Straight,Level,Lowest,No
27337,41,Oregon,410438,0,1,1,0,2,PORTLAND,October,18,Wednesday,22,50,Urban,Medium Speed (Collector),No,45.48886111,-122.52428333,Non-Intersection,Dark - Lighted,Clear,10:00pm-10:59pm,50,10:00pm-10:59pm,59,11:00pm-11:59pm,29,1,Dark - Lighted,Clear,1,1,['Front_Passenger'],['None_Used'],1,1,Valid,0.0,0.0,33.0,33.0,['Female'],2,0,2,4,3,Dry,Curve,Level,Lowest,No
27338,41,Oregon,410439,0,2,2,0,4,NOT APPLICABLE,October,19,Thursday,21,45,Rural,High Speed (Arterial),Yes,44.93221667,-117.83663611,Non-Intersection,Dark - Not Lighted,Clear,9:00pm-9:59pm,59,10:00pm-10:59pm,18,11:00pm-11:59pm,40,1,Dark - Unlighted,Clear,1,3,['Rear_Seat'],['None_Used'],0,0,Valid,0.0,0.0,44.0,43.0,"['Female', 'Male']",0,0,4,4,5,Dry,Curve,Grade/Hillcrest,Lowest,No
27339,41,Oregon,410440,0,2,2,0,2,NOT APPLICABLE,October,21,Saturday,3,20,Urban,High Speed (Arterial),Yes,45.494425,-123.84923333,Non-Intersection,Dark - Not Lighted,Rain,3:00am-3:59am,24,3:00am-3:59am,34,4:00am-4:59am,19,1,Dark - Unlighted,Rain/Wind/Minor,1,1,['Driver'],['None_Used'],1,1,Valid,0.0,1.0,38.0,17.0,"['Female', 'Male']",0,0,3,4,5,Wet/Standing Water,Straight,Level,Lowest,No
27340,41,Oregon,410441,1,1,1,0,1,PORTLAND,October,21,Saturday,4,25,Urban,Medium Speed (Collector),No,45.51776389,-122.67235556,Non-Intersection,Dark - Lighted,Cloudy,Unknown,Unknown,Unknown EMS Scene Arrival Hour,Unknown EMS Scene Arrival Minutes,Not Applicable (Not Transported),Not Applicable (Not Transported),1,Dark - Lighted,Reduced Visibility,0,0,[],[],0,0,Invalid,0.0,0.0,999.0,999.0,['Other'],0,0,2,0,4,Wet/Standing Water,Straight,Level,Lowest,No
27341,41,Oregon,410442,1,1,1,0,2,NOT APPLICABLE,October,21,Saturday,12,0,Urban,High Speed (Arterial),Yes,45.14585,-122.88571944,Non-Intersection,Daylight,Clear,12:00pm-12:59pm,2,12:00pm-12:59pm,9,12:00pm-12:59pm,46,1,Daylight,Clear,0,2,[],[],0,0,Valid,0.0,0.0,61.0,61.0,['Male'],0,0,3,1,4,Dry,Straight,Level,Lowest,No
27342,41,Oregon,410443,1,1,1,0,1,PORTLAND,October,21,Saturday,23,37,Urban,High Speed (Arterial),Yes,45.52277778,-122.57904444,Complex/Circle,Dark - Lighted,Clear,11:00pm-11:59pm,38,11:00pm-11:59pm,46,0:00am-0:59am,11,1,Dark - Lighted,Clear,0,1,[],[],1,1,Valid,0.0,0.0,39.0,39.0,['Male'],1,0,2,4,4,Wet/Standing Water,Straight,Level,Lowest,No
27343,41,Oregon,410444,0,1,1,0,2,NOT APPLICABLE,October,13,Friday,14,24,Rural,High Speed (Arterial),Yes,44.75686667,-122.43885833,Non-Intersection,Daylight,Clear,2:00pm-2:59pm,47,3:00pm-3:59pm,30,4:00pm-4:59pm,21,1,Daylight,Clear,1,1,['Rear_Seat'],['None_Used'],0,0,Valid,0.0,0.0,71.0,71.0,['Female'],0,0,3,4,3,Dry,Straight,Level,Medium,No
27344,41,Oregon,410445,1,2,2,0,2,NOT APPLICABLE,October,10,Tuesday,0,4,Urban,High Speed (Arterial),Yes,42.35868056,-122.90416667,Non-Intersection,Dark - Not Lighted,Cloudy,0:00am-0:59am,4,0:00am-0:59am,6,Unknown,Unknown EMS Hospital Arrival Time,1,Dark - Unlighted,Reduced Visibility,0,2,[],[],0,0,Valid,1.0,1.0,44.0,20.0,"['Male', 'Male']",0,0,3,1,4,Dry,Straight,Level,Lowest,No
27345,41,Oregon,410447,0,1,1,0,1,NOT APPLICABLE,October,26,Thursday,7,45,Rural,Medium Speed (Collector),No,45.15109444,-122.66074167,Non-Intersection,Dawn,Cloudy,7:00am-7:59am,51,7:00am-7:59am,58,Not Applicable (Not Transported),Not Applicable (Not Transported),1,Twilight,Reduced Visibility,1,0,['Driver'],['Shoulder_Lapbelt'],1,1,Valid,0.0,4.0,43.0,43.0,['Male'],0,0,2,4,3,Dry,Straight,Level,Lowest,No
27346,41,Oregon,410448,1,1,1,0,1,EUGENE,September,29,Friday,16,33,Urban,Medium Speed (Collector),No,44.05438333,-123.10033611,Complex/Circle,Daylight,Clear,4:00pm-4:59pm,33,4:00pm-4:59pm,39,4:00pm-4:59pm,47,1,Daylight,Clear,0,1,[],[],0,0,Valid,0.0,0.0,80.0,80.0,['Male'],0,0,2,1,4,Dry,Straight,Level,Lowest,No
27347,41,Oregon,410449,1,1,1,0,1,EUGENE,October,23,Monday,18,52,Urban,High Speed (Arterial),Yes,44.057525,-123.11742778,Complex/Circle,Dark - Lighted,Clear,6:00pm-6:59pm,53,6:00pm-6:59pm,58,Unknown,Unknown EMS Hospital Arrival Time,1,Dark - Lighted,Clear,0,1,[],[],0,0,Valid,0.0,0.0,56.0,56.0,['Male'],0,0,2,1,4,Dry,Straight,Level,Lowest,No
27348,41,Oregon,410450,0,5,5,0,6,PORTLAND,October,26,Thursday,15,29,Urban,High Speed (Arterial),Yes,45.55034722,-122.67875,Non-Intersection,Daylight,Clear,Unknown,Unknown,Unknown EMS Scene Arrival Hour,Unknown EMS Scene Arrival Minutes,Not Applicable (Not Transported),Not Applicable (Not Transported),1,Daylight,Clear,1,5,['Driver'],['None_Used'],0,0,Valid,0.0,1.0,68.0,20.0,"['Male', 'Male', 'Male', 'Female', 'Female']",0,0,3,1,5,Dry,Straight,Level,Lowest,No
27349,41,Oregon,410451,0,2,2,0,3,NOT APPLICABLE,September,14,Thursday,17,4,Rural,Medium Speed (Collector),No,44.54124444,-123.07438056,Complex/Circle,Daylight,Clear,5:00pm-5:59pm,4,5:00pm-5:59pm,6,Unknown,Unknown EMS Hospital Arrival Time,1,Daylight,Clear,1,2,['Driver'],['Shoulder_Lapbelt'],0,0,Valid,0.0,0.0,91.0,42.0,"['Male', 'Male']",0,0,3,4,5,Dry,Straight,Level,Lowest,No
27350,41,Oregon,410452,0,2,2,0,2,NOT APPLICABLE,October,7,Saturday,19,33,Rural,Medium Speed (Collector),No,45.34368056,-122.31035556,Non-Intersection,Dark - Not Lighted,Clear,Unknown,Unknown,Unknown EMS Scene Arrival Hour,Unknown EMS Scene Arrival Minutes,Unknown,Unknown EMS Hospital Arrival Time,1,Dark - Unlighted,Clear,1,1,['Driver'],['Shoulder_Lapbelt'],1,1,Valid,0.0,2.0,66.0,63.0,"['Male', 'Male']",0,0,3,4,5,Dry,Straight,Grade/Hillcrest,Lowest,No
27351,41,Oregon,410453,0,2,2,0,3,PORTLAND,October,28,Saturday,17,57,Urban,High Speed (Arterial),Yes,45.57227222,-122.62970278,Simple Junction,Dark - Lighted,Clear,Unknown,Unknown,Unknown EMS Scene Arrival Hour,Unknown EMS Scene Arrival Minutes,Not Applicable (Not Transported),Not Applicable (Not Transported),2,Dark - Lighted,Clear,2,1,"['Driver', 'Front_Passenger']","['Shoulder_Lapbelt', 'Shoulder_Lapbelt']",0,0,Invalid,0.0,1.0,64.0,29.0,"['Male', 'Male']",1,0,3,4,5,Dry,Straight,Level,Lowest,No
27352,41,Oregon,410454,0,2,2,0,2,BEAVERTON,October,30,Monday,16,27,Urban,High Speed (Arterial),Yes,45.48187222,-122.82621111,Complex/Circle,Daylight,Clear,4:00pm-4:59pm,28,4:00pm-4:59pm,33,Not Applicable (Not Transported),Not Applicable (Not Transported),1,Daylight,Clear,1,1,['Driver'],['None_Used'],0,0,Invalid,0.0,2.0,78.0,22.0,"['Male', 'Male']",1,0,5,4,5,Dry,Straight,Level,Lowest,No
27353,41,Oregon,410455,1,1,1,0,1,PORTLAND,September,16,Saturday,21,9,Urban,High Speed (Arterial),Yes,45.46515,-122.57914167,Complex/Circle,Dark - Lighted,Clear,9:00pm-9:59pm,10,9:00pm-9:59pm,29,9:00pm-9:59pm,51,1,Dark - Lighted,Clear,0,1,[],[],0,0,Valid,0.0,1.0,36.0,36.0,['Male'],0,0,2,1,4,Dry,Straight,Level,Lowest,No
27354,41,Oregon,410456,0,2,2,0,2,NOT APPLICABLE,October,31,Tuesday,14,59,Urban,High Speed (Arterial),Yes,44.012025,-123.02257222,Non-Intersection,Daylight,Clear,3:00pm-3:59pm,0,3:00pm-3:59pm,5,Not Applicable (Not Transported),Not Applicable (Not Transported),1,Daylight,Clear,1,1,['Driver'],['Shoulder_Lapbelt'],0,0,Valid,0.0,0.0,70.0,51.0,"['Male', 'Male']",0,0,4,1,5,Dry,Straight,Level,Lowest,No
27355,41,Oregon,410457,0,2,2,0,4,NOT APPLICABLE,October,5,Thursday,14,33,Rural,High Speed (Arterial),Yes,43.55328056,-121.95680556,Simple Junction,Daylight,Clear,2:00pm-2:59pm,34,2:00pm-2:59pm,50,Unknown,Unknown EMS Hospital Arrival Time,1,Daylight,Clear,1,3,['Driver'],['Shoulder_Lapbelt'],0,0,Valid,1.0,0.0,76.0,63.0,"['Male', 'Male']",0,0,3,4,5,Dry,Straight,Level,Lowest,No
27356,41,Oregon,410458,0,2,2,0,1,NOT APPLICABLE,October,4,Wednesday,19,1,Urban,High Speed (Arterial),Yes,45.81901667,-122.84923889,Simple Junction,Daylight,Cloudy,7:00pm-7:59pm,1,7:00pm-7:59pm,5,7:00pm-7:59pm,44,1,Daylight,Reduced Visibility,1,0,['Driver'],['Shoulder_Lapbelt'],0,0,Valid,0.0,1.0,92.0,92.0,['Male'],0,0,2,1,5,Dry,Straight,Level,Lowest,No
27357,41,Oregon,410459,1,1,1,0,1,PORTLAND,October,20,Friday,4,36,Urban,Medium Speed (Collector),No,45.59298333,-122.68173056,Non-Intersection,Dark - Lighted,Clear,4:00am-4:59am,38,4:00am-4:59am,46,5:00am-5:59am,3,1,Dark - Lighted,Clear,0,1,[],[],0,0,Valid,0.0,0.0,72.0,72.0,['Male'],0,0,3,1,4,Dry,Straight,Level,Lowest,No
27358,41,Oregon,410460,0,2,2,0,2,NOT APPLICABLE,November,3,Friday,7,8,Rural,Medium Speed (Collector),No,45.49321111,-123.62818611,Non-Intersection,Dark - Not Lighted,Clear,7:00am-7:59am,8,7:00am-7:59am,17,Not Applicable (Not Transported),Not Applicable (Not Transported),1,Dark - Unlighted,Clear,1,1,['Driver'],['Shoulder_Lapbelt'],1,1,Invalid,1.0,4.0,67.0,30.0,"['Male', 'Male']",0,0,4,1,5,Dry,Straight,Level,Lowest,No
27359,41,Oregon,410461,1,1,1,0,1,PORTLAND,November,2,Thursday,19,19,Urban,High Speed (Arterial),Yes,45.50406111,-122.52554167,Non-Intersection,Dark - Unknown Lighting,Cloudy,Unknown,Unknown,Unknown EMS Scene Arrival Hour,Unknown EMS Scene Arrival Minutes,Not Applicable (Not Transported),Not Applicable (Not Transported),1,Dark - Unlighted,Reduced Visibility,0,1,[],[],0,0,Valid,0.0,0.0,33.0,33.0,['Male'],0,0,2,1,4,Dry,Straight,Level,Lowest,No
27360,41,Oregon,410462,0,2,2,0,2,NOT APPLICABLE,November,3,Friday,13,20,Rural,High Speed (Arterial),Yes,43.17247778,-124.37386944,Non-Intersection,Daylight,Cloudy,1:00pm-1:59pm,21,1:00pm-1:59pm,27,1:00pm-1:59pm,56,1,Daylight,Reduced Visibility,1,1,['Driver'],['Lapbelt_Only'],0,0,Valid,0.0,0.0,77.0,17.0,"['Female', 'Female']",0,0,3,4,5,Wet/Standing Water,Straight,Level,Medium,No
27361,41,Oregon,410463,1,1,1,0,1,HAPPY VALLEY,November,7,Tuesday,19,30,Urban,Medium Speed (Collector),No,45.42489444,-122.51749167,Complex/Circle,Dark - Lighted,Clear,Unknown,Unknown,Unknown EMS Scene Arrival Hour,Unknown EMS Scene Arrival Minutes,Not Applicable (Not Transported),Not Applicable (Not Transported),1,Dark - Lighted,Clear,0,1,[],[],0,0,Valid,0.0,0.0,71.0,71.0,['Male'],0,0,3,1,4,Dry,Straight,Level,Lowest,No
27362,41,Oregon,410464,0,1,1,0,1,NOT APPLICABLE,October,3,Tuesday,8,5,Rural,High Speed (Arterial),Yes,44.46876667,-118.22061389,Non-Intersection,Daylight,Cloudy,8:00am-8:59am,5,9:00am-9:59am,1,10:00am-10:59am,36,1,Daylight,Reduced Visibility,1,0,['Driver'],['None_Used'],0,0,Valid,1.0,0.0,25.0,25.0,['Male'],0,0,3,1,3,Wet/Standing Water,Curve,Grade/Hillcrest,Medium,No
27363,41,Oregon,410465,0,2,2,0,4,NOT APPLICABLE,November,8,Wednesday,17,6,Rural,High Speed (Arterial),Yes,43.71138889,-122.30396111,Non-Intersection,Dusk,Clear,5:00pm-5:59pm,6,5:00pm-5:59pm,33,Unknown,Unknown EMS Hospital Arrival Time,1,Twilight,Clear,1,3,['Rear_Seat'],['Shoulder_Lapbelt'],0,0,Valid,0.0,0.0,33.0,20.0,"['Female', 'Male']",0,0,3,4,5,Dry,Straight,Grade/Hillcrest,Lowest,No
27364,41,Oregon,410466,0,1,1,0,1,NOT APPLICABLE,November,12,Sunday,1,54,Rural,Medium Speed (Collector),No,45.27238889,-122.76910833,Non-Intersection,Dark - Not Lighted,Clear,1:00am-1:59am,54,2:00am-2:59am,0,Not Applicable (Not Transported),Not Applicable (Not Transported),1,Dark - Unlighted,Clear,1,0,['Driver'],['None_Used'],1,1,Invalid,0.0,0.0,40.0,40.0,['Male'],0,0,2,4,3,Dry,Straight,Level,Lowest,No
27365,41,Oregon,410467,0,2,2,0,5,NOT APPLICABLE,October,29,Sunday,4,53,Urban,Medium Speed (Collector),No,42.20098889,-122.63527222,Non-Intersection,Dark - Not Lighted,Clear,4:00am-4:59am,53,4:00am-4:59am,56,5:00am-5:59am,38,1,Dark - Unlighted,Clear,1,4,['Driver'],['Shoulder_Lapbelt'],1,1,Valid,0.0,0.0,38.0,31.0,"['Male', 'Male']",2,0,4,4,5,Dry,Curve,Level,Lowest,No
27366,41,Oregon,410468,1,1,1,0,1,PORTLAND,November,14,Tuesday,6,13,Urban,High Speed (Arterial),Yes,45.49971944,-122.66028056,Non-Intersection,Dark - Lighted,Clear,Unknown,Unknown,Unknown EMS Scene Arrival Hour,Unknown EMS Scene Arrival Minutes,Not Applicable (Not Transported),Not Applicable (Not Transported),1,Dark - Lighted,Clear,0,1,[],[],0,0,Valid,0.0,0.0,27.0,27.0,['Male'],0,0,3,1,4,Dry,Straight,Level,Lowest,No
27367,41,Oregon,410469,0,1,1,0,1,EUGENE,June,3,Saturday,14,37,Urban,High Speed (Arterial),Yes,44.09264167,-123.17115278,Non-Intersection,Daylight,Clear,2:00pm-2:59pm,37,2:00pm-2:59pm,40,2:00pm-2:59pm,58,1,Daylight,Clear,1,0,['Driver'],['Shoulder_Lapbelt'],1,1,Valid,0.0,0.0,78.0,78.0,['Male'],1,0,2,4,3,Dry,Curve,Grade/Hillcrest,Lowest,No
27368,41,Oregon,410470,0,1,1,0,2,NOT APPLICABLE,June,12,Monday,13,0,Rural,Medium Speed (Collector),No,42.52553611,-121.92606111,Simple Junction,Daylight,Clear,1:00pm-1:59pm,44,1:00pm-1:59pm,59,2:00pm-2:59pm,31,1,Daylight,Clear,1,1,['Front_Passenger'],['None_Used'],0,0,Valid,0.0,0.0,49.0,49.0,['Female'],0,0,2,1,3,Dry,Curve,Level,Lowest,No
27369,41,Oregon,410471,0,2,2,0,3,NOT APPLICABLE,June,17,Saturday,12,25,Rural,Medium Speed (Collector),No,46.10664722,-123.04450556,Non-Intersection,Daylight,Clear,Unknown,Unknown,Unknown EMS Scene Arrival Hour,Unknown EMS Scene Arrival Minutes,Unknown,Unknown EMS Hospital Arrival Time,1,Daylight,Clear,1,1,['Driver'],['None_Used'],0,0,Valid,0.0,0.0,83.0,42.0,"['Male', 'Male']",0,0,5,1,5,Dry,Curve,Level,Lowest,No
27370,41,Oregon,410472,0,1,1,0,1,COOS BAY,July,1,Saturday,2,56,Urban,High Speed (Arterial),Yes,43.37539167,-124.21297778,Non-Intersection,Dark - Unknown Lighting,Not Reported,2:00am-2:59am,58,3:00am-3:59am,4,3:00am-3:59am,30,1,Dark - Unlighted,Clear,1,0,['Driver'],['None_Used'],1,1,Valid,0.0,0.0,32.0,32.0,['Male'],0,0,3,4,3,Dry,Straight,Level,Lowest,No
27371,41,Oregon,410473,0,1,1,0,3,SHERWOOD,July,4,Tuesday,12,33,Urban,Low Speed (Local),No,45.36724444,-122.86506111,Non-Intersection,Daylight,Not Reported,12:00pm-12:59pm,34,12:00pm-12:59pm,39,1:00pm-1:59pm,30,1,Daylight,Clear,1,2,['Non_Standard_Risk'],['None_Used'],0,0,Valid,0.0,1.0,43.0,43.0,['Male'],0,0,3,1,1,Dry,Straight,Level,Lowest,No
27372,41,Oregon,410474,0,1,1,0,1,PORTLAND,July,24,Monday,9,20,Urban,Medium Speed (Collector),No,45.52186667,-122.71654444,Non-Intersection,Daylight,Cloudy,9:00am-9:59am,21,9:00am-9:59am,29,9:00am-9:59am,49,1,Daylight,Reduced Visibility,1,0,['Driver'],['Shoulder_Lapbelt'],0,0,Valid,0.0,0.0,88.0,88.0,['Male'],0,0,3,4,3,Dry,Curve,Grade/Hillcrest,Lowest,No
27373,41,Oregon,410475,0,1,1,0,1,NOT APPLICABLE,August,4,Friday,21,58,Rural,Medium Speed (Collector),No,44.49328889,-122.93487778,Non-Intersection,Dark - Not Lighted,Clear,9:00pm-9:59pm,58,10:00pm-10:59pm,6,Not Applicable (Not Transported),Not Applicable (Not Transported),1,Dark - Unlighted,Clear,1,0,['Driver'],['None_Used'],1,1,Valid,0.0,2.0,53.0,53.0,['Male'],1,0,5,1,3,Dry,Curve,Grade/Hillcrest,Lowest,No
27374,41,Oregon,410476,1,1,1,0,1,NOT APPLICABLE,August,14,Monday,23,34,Rural,Medium Speed (Collector),No,45.56353889,-123.03580556,Non-Intersection,Dark - Not Lighted,Cloudy,Unknown,Unknown,Unknown EMS Scene Arrival Hour,Unknown EMS Scene Arrival Minutes,Not Applicable (Not Transported),Not Applicable (Not Transported),1,Dark - Unlighted,Reduced Visibility,0,1,[],[],0,0,Valid,0.0,0.0,27.0,27.0,['Male'],0,0,2,1,4,Dry,Straight,Level,Lowest,No
27375,41,Oregon,410477,0,1,1,0,1,GRESHAM,August,21,Monday,22,33,Urban,High Speed (Arterial),Yes,45.496725,-122.45776667,Non-Intersection,Dark - Lighted,Clear,10:00pm-10:59pm,33,10:00pm-10:59pm,39,Not Applicable (Not Transported),Not Applicable (Not Transported),1,Dark - Lighted,Clear,1,0,['Driver'],['None_Used'],1,1,Valid,0.0,0.0,43.0,43.0,['Male'],1,0,5,1,3,Dry,Curve,Level,Lowest,No
27376,41,Oregon,410478,0,1,1,0,1,NOT APPLICABLE,August,28,Monday,99,99,Rural,Medium Speed (Collector),No,45.06498056,-123.914675,Non-Intersection,Reported as Unknown,Reported as Unknown,Unknown,Unknown,Unknown EMS Scene Arrival Hour,Unknown EMS Scene Arrival Minutes,Not Applicable (Not Transported),Not Applicable (Not Transported),1,Dark - Unlighted,Clear,1,0,['Driver'],['Shoulder_Lapbelt'],0,0,Invalid,0.0,1.0,47.0,47.0,['Female'],0,0,3,1,3,Dry,Straight,Level,Lowest,No
27377,41,Oregon,410479,0,1,1,0,1,NOT APPLICABLE,August,18,Friday,20,3,Urban,Medium Speed (Collector),No,43.76855833,-123.06273056,Non-Intersection,Not Reported,Not Reported,Unknown,Unknown,Unknown EMS Scene Arrival Hour,Unknown EMS Scene Arrival Minutes,Not Applicable (Not Transported),Not Applicable (Not Transported),1,Dark - Unlighted,Clear,1,0,['Driver'],['Shoulder_Lapbelt'],1,1,Valid,0.0,0.0,39.0,39.0,['Male'],1,0,3,1,3,Dry,Curve,Level,Lowest,No