,State_Code,State_Name,Crash_ID,Count_Non_Motorists,Count_Vehicles_Total,Count_Vehicle_Forms,Count_PVH_Involved,Count_Occupants_MV,City_Name,Month_Name,Day_of_Month,Day_of_Week,Crash_Hour,Crash_Minute,Area_Rural_Urban,Road_Functional_Class,On_NHS_Road,Latitude,Longitude,Intersection_Type,Light_Condition,Weather_Condition,Notif_Hour,Notif_Minute,Arrival_Hour,Arrival_Minute,Hospital_Hour,Hospital_Minute,Fatalities_Count,Clean_Light_Condition,Clean_Weather_Condition,Total_Killed,Total_Alive,Fatal_Seats_List,Killed_Restraint_List,Any_Driver_Drinking,Total_Drinking_Drivers,Driver_License_Category,Driver_Max_Prev_Accident_Count,Driver_Max_Prev_Speeding_Count,Max_Driver_Age,Min_Driver_Age,Driver_Sex_List,Total_Exceeding_Limit_Vehicles,Total_Too_Fast_Vehicles,Max_Vehicle_Type_Severity_5,Max_Vehicle_Damage_Rank,Max_Harmful_Event_Severity,Crash_Road_Surface_Condition,Crash_Horizontal_Alignment,Crash_Vertical_Profile,Crash_Impairment_Category,Crash_Vehicle_Defect
27378,41,Oregon,410480,0,1,1,0,2,NOT APPLICABLE,September,1,Friday,17,38,Rural,Medium Speed (Collector),No,46.06618333,-123.13585278,Non-Intersection,Daylight,Clear,5:00pm-5:59pm,38,5:00pm-5:59pm,45,Unknown,Unknown EMS Hospital Arrival Time,1,Daylight,Clear,1,1,['Front_Passenger'],['Shoulder_Lapbelt'],0,0,Valid,0.0,0.0,61.0,61.0,['Female'],0,0,3,4,3,Dry,Curve,Grade/Hillcrest,Lowest,No
27379,41,Oregon,410481,0,1,1,0,1,BEND,September,2,Saturday,23,30,Urban,Medium Speed (Collector),No,44.09589722,-121.31354444,Simple Junction,Dark - Not Lighted,Clear,11:00pm-11:59pm,41,11:00pm-11:59pm,44,0:00am-0:59am,7,1,Dark - Unlighted,Clear,1,0,['Driver'],['None_Used'],1,1,Valid,0.0,1.0,29.0,29.0,['Male'],1,0,5,4,3,Dry,Curve,Level,Lowest,No
27380,41,Oregon,410482,0,1,1,0,1,NOT APPLICABLE,September,19,Tuesday,99,99,Rural,Medium Speed (Collector),No,42.58313889,-117.155475,Non-Intersection,Not Reported,Not Reported,Unknown,Unknown,Unknown EMS Scene Arrival Hour,Unknown EMS Scene Arrival Minutes,Not Applicable (Not Transported),Not Applicable (Not Transported),1,Dark - Unlighted,Clear,1,0,['Driver'],['None_Used'],1,1,Valid,0.0,0.0,28.0,28.0,['Male'],1,0,3,4,3,Dry,Curve,Level,Lowest,No
27381,41,Oregon,410483,0,2,2,0,2,NOT APPLICABLE,November,17,Friday,15,15,Rural,Medium Speed (Collector),No,42.23791667,-123.04016389,Simple Junction,Daylight,Clear,3:00pm-3:59pm,17,3:00pm-3:59pm,21,Unknown,Unknown EMS Hospital Arrival Time,1,Daylight,Clear,1,1,['Driver'],['Shoulder_Lapbelt'],0,0,Valid,0.0,0.0,79.0,70.0,"['Male', 'Male']",0,0,3,4,5,Dry,Curve,Level,Lowest,No
27382,41,Oregon,410484,0,2,2,0,2,GRESHAM,November,17,Friday,17,50,Urban,High Speed (Arterial),Yes,45.53938889,-122.47724167,Simple Junction,Dark - Lighted,Clear,5:00pm-5:59pm,50,5:00pm-5:59pm,54,Not Applicable (Not Transported),Not Applicable (Not Transported),1,Dark - Lighted,Clear,1,1,['Driver'],['None_Used'],0,0,Valid,1.0,1.0,43.0,23.0,"['Male', 'Male']",1,0,5,4,5,Dry,Straight,Level,Lowest,No
27383,41,Oregon,410485,0,1,1,0,1,PORTLAND,November,18,Saturday,2,36,Urban,High Speed (Arterial),Yes,45.49731111,-122.63519722,Non-Intersection,Dark - Lighted,Clear,2:00am-2:59am,38,2:00am-2:59am,43,Not Applicable (Not Transported),Not Applicable (Not Transported),1,Dark - Lighted,Clear,1,0,['Driver'],['Shoulder_Lapbelt'],1,1,Valid,1.0,0.0,27.0,27.0,['Male'],1,0,2,1,3,Dry,Straight,Grade/Hillcrest,Lowest,No
27384,41,Oregon,410486,0,2,2,0,2,NOT APPLICABLE,November,18,Saturday,5,8,Rural,High Speed (Arterial),Yes,45.77307778,-123.38347222,Non-Intersection,Dark - Not Lighted,Clear,5:00am-5:59am,12,5:00am-5:59am,30,Not Applicable (Not Transported),Not Applicable (Not Transported),2,Dark - Unlighted,Clear,2,0,"['Driver', 'Driver']","['Shoulder_Lapbelt', 'Shoulder_Lapbelt']",1,1,Valid,0.0,1.0,77.0,23.0,"['Male', 'Female']",1,0,2,4,5,Wet/Standing Water,Straight,Grade/Hillcrest,Lowest,No
27385,41,Oregon,410488,1,1,1,0,2,NOT APPLICABLE,November,20,Monday,11,38,Urban,Medium Speed (Collector),No,45.39667222,-122.85198889,Non-Intersection,Daylight,Clear,11:00am-11:59am,38,11:00am-11:59am,45,Not Applicable (Not Transported),Not Applicable (Not Transported),1,Daylight,Clear,0,2,[],[],0,0,Valid,0.0,0.0,47.0,47.0,['Female'],0,0,2,1,4,Dry,Straight,Level,Lowest,No
27386,41,Oregon,410489,0,2,2,0,2,GRESHAM,November,22,Wednesday,18,55,Urban,High Speed (Arterial),Yes,45.504575,-122.48141667,Simple Junction,Dark - Lighted,Clear,Unknown,Unknown,Unknown EMS Scene Arrival Hour,Unknown EMS Scene Arrival Minutes,Not Applicable (Not Transported),Not Applicable (Not Transported),1,Dark - Lighted,Clear,1,1,['Driver'],['None_Used'],0,0,Invalid,0.0,0.0,39.0,31.0,"['Male', 'Male']",1,0,5,4,5,Dry,Straight,Level,Lowest,No
27387,41,Oregon,410490,0,1,1,0,1,PORTLAND,November,23,Thursday,9,46,Urban,High Speed (Arterial),Yes,45.50948056,-122.66705278,Non-Intersection,Daylight,Clear,9:00am-9:59am,47,9:00am-9:59am,54,10:00am-10:59am,9,1,Daylight,Clear,1,0,['Driver'],['None_Used'],1,1,Invalid,1.0,2.0,22.0,22.0,['Male'],1,0,5,4,3,Dry,Curve,Grade/Hillcrest,Lowest,No
27388,41,Oregon,410491,0,2,2,0,2,NOT APPLICABLE,November,25,Saturday,14,36,Urban,High Speed (Arterial),Yes,42.35523611,-122.90082778,Complex/Circle,Daylight,Clear,Unknown,Unknown,Unknown EMS Scene Arrival Hour,Unknown EMS Scene Arrival Minutes,Not Applicable (Not Transported),Not Applicable (Not Transported),1,Daylight,Clear,1,1,['Driver'],['None_Used'],0,0,Valid,0.0,0.0,69.0,38.0,"['Female', 'Male']",0,0,5,1,5,Dry,Straight,Level,Lowest,No
27389,41,Oregon,410492,0,1,1,0,1,NOT APPLICABLE,November,25,Saturday,22,50,Urban,Medium Speed (Collector),No,43.41846944,-123.29935556,Non-Intersection,Dark - Not Lighted,Cloudy,10:00pm-10:59pm,50,10:00pm-10:59pm,58,Not Applicable (Not Transported),Not Applicable (Not Transported),1,Dark - Unlighted,Reduced Visibility,1,0,['Driver'],['None_Used'],1,1,Valid,0.0,1.0,52.0,52.0,['Female'],0,0,3,4,3,Dry,Straight,Level,Lowest,No
27390,41,Oregon,410493,0,2,2,0,3,NOT APPLICABLE,November,26,Sunday,12,15,Rural,Medium Speed (Collector),No,44.04069444,-123.87260556,Non-Intersection,Daylight,Clear,12:00pm-12:59pm,20,12:00pm-12:59pm,36,1:00pm-1:59pm,7,1,Daylight,Clear,1,2,['Driver'],['Shoulder_Lapbelt'],0,0,Valid,0.0,0.0,72.0,18.0,"['Male', 'Male']",1,0,3,4,5,Icy/Snowy,Curve,Grade/Hillcrest,Lowest,No
27391,41,Oregon,410494,0,2,2,0,2,NOT APPLICABLE,November,27,Monday,11,35,Rural,High Speed (Arterial),Yes,43.53949444,-124.21418056,Non-Intersection,Daylight,Clear,11:00am-11:59am,35,11:00am-11:59am,49,Not Applicable (Not Transported),Not Applicable (Not Transported),1,Daylight,Clear,1,1,['Driver'],['Shoulder_Lapbelt'],0,0,Valid,0.0,0.0,42.0,24.0,"['Male', 'Male']",0,0,4,4,5,Dry,Straight,Grade/Hillcrest,Lowest,Yes
27392,41,Oregon,410496,0,1,1,0,4,NOT APPLICABLE,November,27,Monday,20,20,Rural,Low Speed (Local),No,44.96979444,-122.91000833,Non-Intersection,Dark - Not Lighted,Cloudy,8:00pm-8:59pm,24,8:00pm-8:59pm,33,9:00pm-9:59pm,4,1,Dark - Unlighted,Reduced Visibility,1,3,['Driver'],['Shoulder_Lapbelt'],1,1,Valid,1.0,0.0,17.0,17.0,['Male'],4,0,2,4,3,Icy/Snowy,Straight,Level,Lowest,No
27393,41,Oregon,410497,0,2,2,0,5,NOT APPLICABLE,November,28,Tuesday,5,2,Rural,High Speed (Arterial),Yes,45.83245278,-119.61415556,Non-Intersection,Dark - Not Lighted,Cloudy,5:00am-5:59am,2,5:00am-5:59am,10,Unknown,Unknown EMS Hospital Arrival Time,1,Dark - Unlighted,Reduced Visibility,1,4,['Rear_Seat'],['Shoulder_Lapbelt'],0,0,Valid,1.0,3.0,33.0,23.0,"['Male', 'Male']",1,0,3,4,5,Dry,Straight,Level,Lowest,No
27394,41,Oregon,410498,0,3,3,0,4,NOT APPLICABLE,November,29,Wednesday,8,15,Rural,High Speed (Arterial),Yes,44.56584722,-123.15208611,Simple Junction,Daylight,Clear,Unknown,Unknown,Unknown EMS Scene Arrival Hour,Unknown EMS Scene Arrival Minutes,Unknown,Unknown EMS Hospital Arrival Time,1,Daylight,Clear,1,3,['Driver'],['Shoulder_Lapbelt'],0,0,Valid,0.0,1.0,71.0,24.0,"['Female', 'Female', 'Male']",0,0,3,4,5,Dry,Straight,Level,Lowest,No
27395,41,Oregon,410499,0,1,1,0,2,NOT APPLICABLE,November,26,Sunday,0,0,Rural,Medium Speed (Collector),No,42.12078611,-121.94802778,Non-Intersection,Dark - Not Lighted,Clear,0:00am-0:59am,0,0:00am-0:59am,19,1:00am-1:59am,2,1,Dark - Unlighted,Clear,1,1,['Driver'],['Shoulder_Lapbelt'],1,1,Valid,0.0,0.0,62.0,62.0,['Female'],0,0,3,1,3,Dry,Curve,Level,Medium,No
27396,41,Oregon,410500,0,2,2,0,2,NOT APPLICABLE,November,27,Monday,7,18,Urban,Medium Speed (Collector),No,45.36926667,-122.74391389,Simple Junction,Dawn,Clear,7:00am-7:59am,18,7:00am-7:59am,25,Not Applicable (Not Transported),Not Applicable (Not Transported),1,Twilight,Clear,1,1,['Driver'],['None_Used'],0,0,Valid,0.0,0.0,57.0,45.0,"['Male', 'Male']",0,0,5,4,5,Dry,Straight,Grade/Hillcrest,Lowest,No
27397,41,Oregon,410501,1,1,1,0,1,HILLSBORO,November,27,Monday,20,8,Urban,High Speed (Arterial),Yes,45.53409167,-122.91671944,Complex/Circle,Dark - Lighted,Clear,8:00pm-8:59pm,9,8:00pm-8:59pm,12,Not Applicable (Not Transported),Not Applicable (Not Transported),1,Dark - Lighted,Clear,0,0,[],[],0,0,Valid,0.0,0.0,39.0,39.0,['Male'],0,0,3,1,4,Dry,Straight,Level,Lowest,No
27398,41,Oregon,410502,0,1,1,0,1,NOT APPLICABLE,November,30,Thursday,17,46,Rural,Medium Speed (Collector),No,43.98905556,-123.297375,Non-Intersection,Dark - Not Lighted,Cloudy,5:00pm-5:59pm,50,5:00pm-5:59pm,50,Not Applicable (Not Transported),Not Applicable (Not Transported),1,Dark - Unlighted,Reduced Visibility,1,0,['Driver'],['Shoulder_Lapbelt'],1,1,Valid,1.0,1.0,63.0,63.0,['Male'],1,0,3,4,3,Wet/Standing Water,Curve,Grade/Hillcrest,Lowest,No
27399,41,Oregon,410503,1,1,1,0,1,SALEM,December,2,Saturday,19,47,Urban,High Speed (Arterial),Yes,44.90308333,-122.96846111,Non-Intersection,Dark - Not Lighted,Rain,7:00pm-7:59pm,49,7:00pm-7:59pm,56,Not Applicable (Not Transported),Not Applicable (Not Transported),1,Dark - Unlighted,Rain/Wind/Minor,0,1,[],[],0,0,Valid,0.0,0.0,35.0,35.0,['Male'],0,0,3,1,4,Wet/Standing Water,Straight,Level,Lowest,No
27400,41,Oregon,410504,0,1,1,0,2,NOT APPLICABLE,December,2,Saturday,19,1,Rural,Medium Speed (Collector),No,43.57981944,-122.980775,Non-Intersection,Dark - Not Lighted,Rain,Unknown,Unknown,Unknown EMS Scene Arrival Hour,Unknown EMS Scene Arrival Minutes,Not Applicable (Not Transported),Not Applicable (Not Transported),1,Dark - Unlighted,Rain/Wind/Minor,1,1,['Front_Passenger'],['None_Used'],1,1,Valid,0.0,0.0,43.0,43.0,['Male'],0,0,3,4,3,Wet/Standing Water,Curve,Grade/Hillcrest,Lowest,No
27401,41,Oregon,410505,1,1,1,0,3,EUGENE,December,2,Saturday,16,10,Urban,High Speed (Arterial),Yes,44.1089,-123.13388611,Complex/Circle,Dusk,Rain,4:00pm-4:59pm,10,4:00pm-4:59pm,17,Not Applicable (Not Transported),Not Applicable (Not Transported),1,Twilight,Rain/Wind/Minor,0,3,[],[],0,0,Valid,0.0,0.0,30.0,30.0,['Female'],0,0,2,1,4,Wet/Standing Water,Straight,Level,Lowest,No
27402,41,Oregon,410506,0,2,2,0,2,NOT APPLICABLE,November,8,Wednesday,5,55,Urban,Medium Speed (Collector),No,43.99645833,-123.011825,Non-Intersection,Dark - Not Lighted,"Fog, Smog, Smoke",5:00am-5:59am,55,6:00am-6:59am,3,6:00am-6:59am,21,1,Dark - Unlighted,Reduced Visibility,1,1,['Driver'],['Shoulder_Lapbelt'],0,0,Valid,0.0,2.0,65.0,53.0,"['Male', 'Female']",0,0,3,4,5,Dry,Curve,Level,Lowest,No
27403,41,Oregon,410507,0,1,1,0,2,NOT APPLICABLE,December,3,Sunday,9,40,Rural,Medium Speed (Collector),No,45.04321389,-122.68753056,Non-Intersection,Daylight,Rain,9:00am-9:59am,40,9:00am-9:59am,48,10:00am-10:59am,5,1,Daylight,Rain/Wind/Minor,1,1,['Front_Passenger'],['None_Used'],0,0,Valid,0.0,0.0,31.0,31.0,['Male'],2,0,2,4,3,Wet/Standing Water,Curve,Grade/Hillcrest,Lowest,No
27404,41,Oregon,410508,0,1,1,0,1,NOT APPLICABLE,December,3,Sunday,16,40,Rural,Medium Speed (Collector),No,43.05683611,-123.20855,Non-Intersection,Dusk,Rain,4:00pm-4:59pm,40,5:00pm-5:59pm,0,Not Applicable (Not Transported),Not Applicable (Not Transported),1,Twilight,Rain/Wind/Minor,1,0,['Driver'],['Shoulder_Lapbelt'],0,0,Valid,0.0,0.0,26.0,26.0,['Male'],0,0,2,4,3,Wet/Standing Water,Curve,Level,Lowest,No
27405,41,Oregon,410509,1,1,1,0,1,COOS BAY,November,21,Tuesday,19,26,Urban,High Speed (Arterial),Yes,43.38814444,-124.26023333,Non-Intersection,Dark - Lighted,Clear,7:00pm-7:59pm,28,7:00pm-7:59pm,30,7:00pm-7:59pm,52,1,Dark - Lighted,Clear,0,1,[],[],0,0,Valid,0.0,0.0,30.0,30.0,['Male'],0,0,2,1,4,Dry,Straight,Level,Lowest,No
27406,41,Oregon,410511,1,1,1,0,1,WARRENTON,December,4,Monday,7,20,Urban,Medium Speed (Collector),No,46.16386944,-123.90975278,Non-Intersection,Dawn,Rain,Unknown,Unknown,Unknown EMS Scene Arrival Hour,Unknown EMS Scene Arrival Minutes,Not Applicable (Not Transported),Not Applicable (Not Transported),1,Twilight,Rain/Wind/Minor,0,1,[],[],0,0,Invalid,1.0,3.0,24.0,24.0,['Male'],0,0,3,1,4,Wet/Standing Water,Straight,Level,Lowest,No
27407,41,Oregon,410513,1,1,1,0,1,NOT APPLICABLE,November,28,Tuesday,16,19,Rural,High Speed (Arterial),Yes,42.18711389,-120.43288056,Non-Intersection,Dusk,Clear,4:00pm-4:59pm,17,4:00pm-4:59pm,25,Unknown,Unknown EMS Hospital Arrival Time,1,Twilight,Clear,0,1,[],[],0,0,Valid,0.0,0.0,68.0,68.0,['Female'],0,0,3,1,4,Dry,Straight,Level,Lowest,No
27408,41,Oregon,410515,1,1,1,0,1,REDMOND,November,28,Tuesday,16,59,Urban,Medium Speed (Collector),No,44.25391944,-121.18689167,Non-Intersection,Dark - Not Lighted,Clear,Unknown,Unknown,Unknown EMS Scene Arrival Hour,Unknown EMS Scene Arrival Minutes,Not Applicable (Not Transported),Not Applicable (Not Transported),1,Dark - Unlighted,Clear,0,1,[],[],0,0,Valid,0.0,1.0,45.0,45.0,['Male'],0,0,3,1,4,Dry,Straight,Level,Lowest,No
27409,41,Oregon,410516,0,2,2,0,2,NOT APPLICABLE,December,6,Wednesday,16,15,Rural,Medium Speed (Collector),No,44.22035556,-121.22949167,Non-Intersection,Dusk,Cloudy,Unknown,Unknown,Unknown EMS Scene Arrival Hour,Unknown EMS Scene Arrival Minutes,Not Applicable (Not Transported),Not Applicable (Not Transported),1,Twilight,Reduced Visibility,1,0,['Driver'],['Shoulder_Lapbelt'],1,1,Valid,0.0,0.0,42.0,30.0,"['Female', 'Male']",0,0,3,1,5,Dry,Straight,Grade/Hillcrest,Lowest,No
27410,41,Oregon,410517,1,1,1,0,1,NOT APPLICABLE,December,7,Thursday,4,20,Urban,Medium Speed (Collector),No,43.27632222,-123.35377778,Non-Intersection,Dark - Not Lighted,Rain,4:00am-4:59am,20,4:00am-4:59am,28,Not Applicable (Not Transported),Not Applicable (Not Transported),1,Dark - Unlighted,Rain/Wind/Minor,0,1,[],[],0,0,Invalid,0.0,0.0,44.0,44.0,['Male'],0,0,3,1,4,Wet/Standing Water,Straight,Grade/Hillcrest,Lowest,No
27411,41,Oregon,410518,0,1,1,0,1,NOT APPLICABLE,December,8,Friday,99,99,Rural,High Speed (Arterial),Yes,44.68753889,-117.67815278,Non-Intersection,Dark - Not Lighted,Reported as Unknown,Unknown,Unknown,Unknown EMS Scene Arrival Hour,Unknown EMS Scene Arrival Minutes,Not Applicable (Not Transported),Not Applicable (Not Transported),1,Dark - Unlighted,Clear,1,0,['Driver'],['None_Used'],0,0,Valid,0.0,0.0,65.0,65.0,['Male'],1,0,3,4,3,Icy/Snowy,Curve,Level,Lowest,No
27412,41,Oregon,410519,0,1,1,0,3,NOT APPLICABLE,December,8,Friday,21,8,Rural,Medium Speed (Collector),No,45.44083611,-122.95063889,Non-Intersection,Dark - Not Lighted,"Fog, Smog, Smoke",9:00pm-9:59pm,8,9:00pm-9:59pm,23,10:00pm-10:59pm,10,1,Dark - Unlighted,Reduced Visibility,1,2,['Front_Passenger'],['Shoulder_Lapbelt'],0,0,Valid,0.0,1.0,19.0,19.0,['Male'],3,0,2,4,3,Wet/Standing Water,Curve,Level,Lowest,No
27413,41,Oregon,410520,1,1,1,0,1,NOT APPLICABLE,December,9,Saturday,17,50,Rural,High Speed (Arterial),Yes,42.68609444,-123.39038056,Non-Intersection,Dark - Not Lighted,"Fog, Smog, Smoke",5:00pm-5:59pm,54,6:00pm-6:59pm,15,Not Applicable (Not Transported),Not Applicable (Not Transported),1,Dark - Unlighted,Reduced Visibility,0,1,[],[],0,0,Valid,0.0,1.0,65.0,65.0,['Male'],0,0,4,1,4,Dry,Straight,Level,Lowest,No
27414,41,Oregon,410521,1,1,1,0,1,NOT APPLICABLE,December,5,Tuesday,18,40,Urban,Medium Speed (Collector),No,45.55925,-122.89381667,Simple Junction,Dark - Not Lighted,Rain,6:00pm-6:59pm,40,6:00pm-6:59pm,48,Not Applicable (Not Transported),Not Applicable (Not Transported),1,Dark - Unlighted,Rain/Wind/Minor,0,1,[],[],0,0,Valid,0.0,0.0,56.0,56.0,['Male'],0,0,3,1,4,Wet/Standing Water,Straight,Level,Lowest,No
27415,41,Oregon,410522,0,2,2,0,3,NOT APPLICABLE,December,9,Saturday,23,51,Urban,Medium Speed (Collector),No,45.04983333,-122.95256944,Non-Intersection,Dark - Not Lighted,Rain,11:00pm-11:59pm,51,0:00am-0:59am,2,Unknown,Unknown EMS Hospital Arrival Time,2,Dark - Unlighted,Rain/Wind/Minor,2,1,"['Driver', 'Driver']","['Shoulder_Lapbelt', 'Shoulder_Lapbelt']",1,1,Valid,0.0,0.0,45.0,36.0,"['Male', 'Female']",0,0,3,4,5,Wet/Standing Water,Straight,Level,Lowest,No
27416,41,Oregon,410523,0,1,1,0,2,NOT APPLICABLE,December,7,Thursday,21,45,Rural,Low Speed (Local),No,42.14595556,-123.60756667,Non-Intersection,Dark - Unknown Lighting,Not Reported,9:00pm-9:59pm,52,9:00pm-9:59pm,53,Unknown,Unknown EMS Hospital Arrival Time,1,Dark - Unlighted,Clear,1,0,['Driver'],['None_Used'],1,1,Valid,0.0,0.0,35.0,35.0,['Male'],0,0,3,4,3,Dry,Straight,Level,Lowest,No
27417,41,Oregon,410524,1,1,1,0,1,GRESHAM,December,11,Monday,18,23,Urban,High Speed (Arterial),Yes,45.52211389,-122.47692778,Complex/Circle,Dark - Lighted,Clear,6:00pm-6:59pm,21,6:00pm-6:59pm,28,Not Applicable (Not Transported),Not Applicable (Not Transported),1,Dark - Lighted,Clear,0,1,[],[],0,0,Valid,0.0,0.0,17.0,17.0,['Male'],1,0,3,4,4,Dry,Straight,Level,Lowest,No
27418,41,Oregon,410525,0,1,1,0,1,NOT APPLICABLE,December,13,Wednesday,1,0,Rural,High Speed (Arterial),Yes,44.10955833,-122.42946667,Non-Intersection,Dark - Not Lighted,Clear,1:00am-1:59am,40,1:00am-1:59am,55,Not Applicable (Not Transported),Not Applicable (Not Transported),1,Dark - Unlighted,Clear,1,0,['Driver'],['Shoulder_Lapbelt'],0,0,Valid,0.0,0.0,57.0,57.0,['Male'],0,0,2,4,3,Wet/Standing Water,Curve,Level,Lowest,No
27419,41,Oregon,410526,0,1,1,0,1,NOT APPLICABLE,December,9,Saturday,9,29,Rural,High Speed (Arterial),Yes,43.46386944,-124.22583056,Non-Intersection,Daylight,Cloudy,9:00am-9:59am,29,9:00am-9:59am,41,10:00am-10:59am,14,1,Daylight,Reduced Visibility,1,0,['Driver'],['Shoulder_Lapbelt'],0,0,Valid,0.0,0.0,75.0,75.0,['Male'],0,0,3,4,3,Dry,Straight,Level,Lowest,No
27420,41,Oregon,410527,0,2,2,0,5,MCMINNVILLE,December,9,Saturday,16,28,Urban,High Speed (Arterial),Yes,45.22921389,-123.17076667,Complex/Circle,Dark - Lighted,Rain,4:00pm-4:59pm,30,4:00pm-4:59pm,35,4:00pm-4:59pm,56,1,Dark - Lighted,Rain/Wind/Minor,1,4,['Driver'],['Shoulder_Lapbelt'],0,0,Valid,0.0,1.0,91.0,40.0,"['Male', 'Male']",0,0,3,4,5,Wet/Standing Water,Straight,Level,Lowest,No
27421,41,Oregon,410528,0,1,1,0,1,NOT APPLICABLE,December,12,Tuesday,15,12,Rural,Medium Speed (Collector),No,42.55063611,-122.58615556,Non-Intersection,Daylight,Cloudy,3:00pm-3:59pm,14,Unknown EMS Scene Arrival Hour,Unknown EMS Scene Arrival Minutes,Not Applicable (Not Transported),Not Applicable (Not Transported),1,Daylight,Reduced Visibility,1,0,['Driver'],['Shoulder_Lapbelt'],1,1,Valid,0.0,0.0,37.0,37.0,['Female'],1,0,2,4,3,Dry,Straight,Level,Lowest,No
27422,41,Oregon,410529,0,2,2,0,3,NOT APPLICABLE,December,16,Saturday,19,14,Rural,High Speed (Arterial),Yes,44.18988889,-121.23731111,Non-Intersection,Dark - Not Lighted,Clear,7:00pm-7:59pm,14,7:00pm-7:59pm,26,Unknown,Unknown EMS Hospital Arrival Time,2,Dark - Unlighted,Clear,2,1,"['Driver', 'Front_Passenger']","['None_Used', 'Shoulder_Lapbelt']",0,0,Valid,2.0,0.0,32.0,23.0,"['Male', 'Male']",0,0,3,4,5,Dry,Straight,Level,Lowest,No
27423,41,Oregon,410530,1,1,1,0,2,REDMOND,December,19,Tuesday,0,19,Urban,High Speed (Arterial),Yes,44.29080556,-121.16690278,Non-Intersection,Dark - Not Lighted,Rain,0:00am-0:59am,19,0:00am-0:59am,25,Not Applicable (Not Transported),Not Applicable (Not Transported),1,Dark - Unlighted,Rain/Wind/Minor,0,2,[],[],0,0,Valid,0.0,2.0,48.0,48.0,['Male'],0,0,3,4,4,Wet/Standing Water,Straight,Level,Lowest,No
27424,41,Oregon,410531,0,2,2,0,3,NYSSA,December,19,Tuesday,6,10,Rural,Medium Speed (Collector),No,43.87695278,-116.983925,Non-Intersection,Dark - Not Lighted,Rain,6:00am-6:59am,58,6:00am-6:59am,59,Unknown,Unknown EMS Hospital Arrival Time,1,Dark - Unlighted,Rain/Wind/Minor,1,2,['Driver'],['None_Used'],0,0,Invalid,0.0,0.0,64.0,48.0,"['Male', 'Male']",2,0,4,4,5,Icy/Snowy,Straight,Level,Lowest,No
27425,41,Oregon,410532,0,1,1,0,1,NOT APPLICABLE,December,19,Tuesday,7,45,Rural,Medium Speed (Collector),No,43.44443333,-118.79431111,Non-Intersection,Daylight,Cloudy,7:00am-7:59am,45,8:00am-8:59am,11,Unknown,Unknown EMS Hospital Arrival Time,1,Daylight,Reduced Visibility,1,0,['Driver'],['None_Used'],0,0,Valid,0.0,0.0,19.0,19.0,['Female'],1,0,3,1,3,Icy/Snowy,Straight,Level,Lowest,No
27426,41,Oregon,410533,1,1,1,0,1,EUGENE,May,11,Thursday,14,46,Urban,High Speed (Arterial),Yes,44.05346111,-123.12283611,Complex/Circle,Daylight,Clear,2:00pm-2:59pm,47,2:00pm-2:59pm,56,2:00pm-2:59pm,59,1,Daylight,Clear,0,1,[],[],0,0,Valid,0.0,1.0,35.0,35.0,['Male'],0,0,3,1,4,Dry,Straight,Level,Lowest,No
27427,41,Oregon,410534,0,1,1,0,3,HERMISTON,October,16,Monday,0,45,Urban,Medium Speed (Collector),No,45.84058889,-119.27931389,Non-Intersection,Dark - Not Lighted,Clear,0:00am-0:59am,46,0:00am-0:59am,50,1:00am-1:59am,20,1,Dark - Unlighted,Clear,1,1,['Driver'],['Shoulder_Lapbelt'],1,1,Valid,0.0,0.0,22.0,22.0,['Male'],3,0,2,4,3,Dry,Curve,Level,Lowest,No
27428,41,Oregon,410535,1,1,1,0,1,NOT APPLICABLE,October,31,Tuesday,23,55,Urban,Medium Speed (Collector),No,45.76974444,-122.88811389,Non-Intersection,Dark - Not Lighted,Clear,11:00pm-11:59pm,56,0:00am-0:59am,1,Not Applicable (Not Transported),Not Applicable (Not Transported),1,Dark - Unlighted,Clear,0,1,[],[],1,1,Valid,0.0,0.0,16.0,16.0,['Male'],1,0,2,1,4,Dry,Straight,Level,Lowest,No
27429,41,Oregon,410536,0,1,1,0,1,NOT APPLICABLE,November,4,Saturday,17,44,Rural,Medium Speed (Collector),No,42.13528611,-120.455525,Non-Intersection,Daylight,Clear,Unknown,Unknown,Unknown EMS Scene Arrival Hour,Unknown EMS Scene Arrival Minutes,Not Applicable (Not Transported),Not Applicable (Not Transported),1,Daylight,Clear,1,0,['Driver'],['None_Used'],0,0,Valid,0.0,0.0,73.0,73.0,['Male'],0,0,3,4,3,Dry,Curve,Grade/Hillcrest,Lowest,No
27430,41,Oregon,410537,0,1,1,0,2,NOT APPLICABLE,November,22,Wednesday,8,14,Rural,Medium Speed (Collector),No,45.43086389,-121.22485,Non-Intersection,Daylight,Clear,Unknown,Unknown,Unknown EMS Scene Arrival Hour,Unknown EMS Scene Arrival Minutes,Unknown,Unknown EMS Hospital Arrival Time,1,Daylight,Clear,1,1,['Driver'],['Shoulder_Lapbelt'],0,0,Valid,0.0,0.0,62.0,62.0,['Male'],0,0,3,4,1,Dry,Straight,Level,Lowest,No
27431,41,Oregon,410538,0,1,1,0,1,NOT APPLICABLE,December,18,Monday,1,15,Urban,Medium Speed (Collector),No,45.46754167,-122.89103056,Non-Intersection,Dark - Lighted,Cloudy,1:00am-1:59am,17,1:00am-1:59am,25,Not Applicable (Not Transported),Not Applicable (Not Transported),1,Dark - Lighted,Reduced Visibility,1,0,['Driver'],['None_Used'],1,1,Invalid,0.0,0.0,21.0,21.0,['Male'],1,0,2,4,3,Dry,Curve,Grade/Hillcrest,Lowest,No