,State_Code,State_Name,Crash_ID,Count_Non_Motorists,Count_Vehicles_Total,Count_Vehicle_Forms,Count_PVH_Involved,Count_Occupants_MV,City_Name,Month_Name,Day_of_Month,Day_of_Week,Crash_Hour,Crash_Minute,Area_Rural_Urban,Road_Functional_Class,On_NHS_Road,Latitude,Longitude,Intersection_Type,Light_Condition,Weather_Condition,Notif_Hour,Notif_Minute,Arrival_Hour,Arrival_Minute,Hospital_Hour,Hospital_Minute,Fatalities_Count,Clean_Light_Condition,Clean_Weather_Condition,Total_Killed,Total_Alive,Fatal_Seats_List,Killed_Restraint_List,Any_Driver_Drinking,Total_Drinking_Drivers,Driver_License_Category,Driver_Max_Prev_Accident_Count,Driver_Max_Prev_Speeding_Count,Max_Driver_Age,Min_Driver_Age,Driver_Sex_List,Total_Exceeding_Limit_Vehicles,Total_Too_Fast_Vehicles,Max_Vehicle_Type_Severity_5,Max_Vehicle_Damage_Rank,Max_Harmful_Event_Severity,Crash_Road_Surface_Condition,Crash_Horizontal_Alignment,Crash_Vertical_Profile,Crash_Impairment_Category,Crash_Vehicle_Defect
27432,41,Oregon,410539,0,2,2,0,5,ASTORIA,December,20,Wednesday,11,13,Urban,High Speed (Arterial),Yes,46.18856111,-123.84905833,Non-Intersection,Daylight,"Fog, Smog, Smoke",11:00am-11:59am,16,11:00am-11:59am,27,Unknown,Unknown EMS Hospital Arrival Time,1,Daylight,Reduced Visibility,1,4,['Driver'],['Shoulder_Lapbelt'],0,0,Valid,0.0,0.0,81.0,64.0,"['Female', 'Male']",0,0,3,4,5,Wet/Standing Water,Curve,Grade/Hillcrest,Lowest,No
27433,41,Oregon,410540,1,1,1,0,1,GRESHAM,November,24,Friday,18,4,Urban,Medium Speed (Collector),No,45.51919444,-122.46513889,Non-Intersection,Dark - Lighted,Clear,6:00pm-6:59pm,4,6:00pm-6:59pm,11,6:00pm-6:59pm,42,1,Dark - Lighted,Clear,0,0,[],[],0,0,Invalid,0.0,0.0,998.0,998.0,['Other'],0,0,3,0,4,Dry,Straight,Level,Lowest,No
27434,41,Oregon,410541,0,1,1,0,2,PORTLAND,December,24,Sunday,1,1,Urban,High Speed (Arterial),Yes,45.59528889,-122.73254167,Complex/Circle,Dark - Lighted,Clear,Unknown,Unknown,Unknown EMS Scene Arrival Hour,Unknown EMS Scene Arrival Minutes,Not Applicable (Not Transported),Not Applicable (Not Transported),1,Dark - Lighted,Clear,1,1,['Front_Passenger'],['None_Used'],1,1,Valid,0.0,0.0,18.0,18.0,['Female'],2,0,2,4,3,Dry,Straight,Level,Lowest,No
27435,41,Oregon,410542,0,1,1,0,4,UMATILLA,December,24,Sunday,6,37,Urban,High Speed (Arterial),Yes,45.91905833,-119.32126944,Non-Intersection,Dark - Not Lighted,Clear,6:00am-6:59am,37,6:00am-6:59am,43,Unknown,Unknown EMS Hospital Arrival Time,1,Dark - Unlighted,Clear,1,3,['Rear_Seat'],['None_Used'],0,0,Valid,0.0,0.0,32.0,32.0,['Male'],4,0,3,1,3,Icy/Snowy,Curve,Level,Lowest,No
27436,41,Oregon,410543,1,1,1,0,1,PORTLAND,December,25,Monday,0,19,Urban,Medium Speed (Collector),No,45.51903333,-122.55394444,Complex/Circle,Dark - Lighted,Rain,0:00am-0:59am,19,0:00am-0:59am,32,0:00am-0:59am,45,1,Dark - Lighted,Rain/Wind/Minor,0,1,[],[],0,0,Valid,0.0,1.0,37.0,37.0,['Male'],0,0,3,1,4,Wet/Standing Water,Straight,Level,Lowest,No
27437,41,Oregon,410544,0,1,1,0,1,PORTLAND,December,25,Monday,12,59,Urban,High Speed (Arterial),Yes,45.45451944,-122.71856111,Complex/Circle,Daylight,Rain,12:00pm-12:59pm,59,1:00pm-1:59pm,8,1:00pm-1:59pm,28,1,Daylight,Rain/Wind/Minor,1,0,['Driver'],['Shoulder_Lapbelt'],0,0,Valid,0.0,1.0,40.0,40.0,['Male'],1,0,3,4,3,Wet/Standing Water,Straight,Level,Lowest,No
27438,41,Oregon,410545,0,3,2,1,6,PORTLAND,December,25,Monday,17,1,Urban,Medium Speed (Collector),No,45.496675,-122.53771667,Non-Intersection,Dark - Lighted,Rain,5:00pm-5:59pm,2,5:00pm-5:59pm,12,5:00pm-5:59pm,45,1,Dark - Lighted,Rain/Wind/Minor,1,3,['Front_Passenger'],['None_Used'],0,0,Invalid,1.0,0.0,48.0,25.0,"['Male', 'Female']",2,0,2,4,5,Wet/Standing Water,Straight,Level,Lowest,No
27439,41,Oregon,410546,1,2,2,0,2,PORTLAND,December,26,Tuesday,17,10,Urban,Medium Speed (Collector),No,45.51269722,-122.53768889,Non-Intersection,Dark - Lighted,Cloudy,Unknown,Unknown,Unknown EMS Scene Arrival Hour,Unknown EMS Scene Arrival Minutes,Not Applicable (Not Transported),Not Applicable (Not Transported),1,Dark - Lighted,Reduced Visibility,0,2,[],[],0,0,Valid,1.0,4.0,40.0,39.0,"['Male', 'Female']",0,0,3,1,4,Dry,Straight,Level,Lowest,No
27440,41,Oregon,410547,1,1,1,0,2,ASTORIA,December,29,Friday,11,49,Urban,High Speed (Arterial),Yes,46.18918889,-123.82434167,Complex/Circle,Daylight,Clear,11:00am-11:59am,49,11:00am-11:59am,52,Not Applicable (Not Transported),Not Applicable (Not Transported),1,Daylight,Clear,0,2,[],[],0,0,Valid,0.0,0.0,70.0,70.0,['Female'],0,0,3,1,4,Wet/Standing Water,Straight,Level,Lowest,No
27441,41,Oregon,410548,1,1,1,0,1,GRESHAM,December,29,Friday,17,18,Urban,High Speed (Arterial),Yes,45.50832222,-122.47574722,Non-Intersection,Dark - Lighted,Rain,5:00pm-5:59pm,18,5:00pm-5:59pm,24,Not Applicable (Not Transported),Not Applicable (Not Transported),1,Dark - Lighted,Rain/Wind/Minor,0,1,[],[],0,0,Valid,1.0,1.0,35.0,35.0,['Male'],0,0,2,1,4,Wet/Standing Water,Straight,Level,Lowest,No
27442,41,Oregon,410549,0,3,3,0,5,MILWAUKIE,December,30,Saturday,19,48,Urban,High Speed (Arterial),Yes,45.43413889,-122.6158,Complex/Circle,Dark - Lighted,Clear,6:00pm-6:59pm,48,6:00pm-6:59pm,51,Unknown,Unknown EMS Hospital Arrival Time,2,Dark - Lighted,Clear,2,3,"['Front_Passenger', 'Driver']","['None_Used', 'Shoulder_Lapbelt']",0,0,Valid,0.0,1.0,37.0,21.0,"['Male', 'Female', 'Male']",0,0,3,4,5,Dry,Straight,Level,Lowest,No
27443,41,Oregon,410550,0,2,2,0,3,PORTLAND,December,31,Sunday,14,48,Urban,Medium Speed (Collector),No,45.51951389,-122.53774444,Non-Intersection,Daylight,Clear,Unknown,Unknown,Unknown EMS Scene Arrival Hour,Unknown EMS Scene Arrival Minutes,Unknown,Unknown EMS Hospital Arrival Time,1,Daylight,Clear,1,1,['Driver'],['None_Used'],1,2,Valid,0.0,0.0,56.0,56.0,"['Male', 'Male']",2,0,5,4,5,Dry,Straight,Non-Trafficway,Lowest,No
27444,41,Oregon,410551,1,1,1,0,1,PORTLAND,December,25,Monday,17,3,Urban,Medium Speed (Collector),No,45.52131667,-122.53774444,Complex/Circle,Dark - Lighted,Rain,5:00pm-5:59pm,3,5:00pm-5:59pm,7,5:00pm-5:59pm,38,1,Dark - Lighted,Rain/Wind/Minor,0,1,[],[],0,0,Valid,0.0,0.0,57.0,57.0,['Female'],0,0,2,1,4,Wet/Standing Water,Straight,Level,Lowest,No
27445,41,Oregon,410552,1,1,1,0,1,PORTLAND,December,4,Monday,2,30,Urban,High Speed (Arterial),Yes,45.52829167,-122.66547778,Non-Intersection,Dark - Lighted,Rain,2:00am-2:59am,30,2:00am-2:59am,37,3:00am-3:59am,6,1,Dark - Lighted,Rain/Wind/Minor,0,1,[],[],0,0,Valid,0.0,0.0,66.0,66.0,['Male'],0,0,1,1,4,Wet/Standing Water,Straight,Level,Lowest,No
27446,41,Oregon,410553,0,2,2,0,3,NOT APPLICABLE,December,20,Wednesday,20,51,Urban,Medium Speed (Collector),No,45.55329167,-122.86769444,Simple Junction,Dark - Lighted,"Fog, Smog, Smoke",10:00pm-10:59pm,51,11:00pm-11:59pm,2,11:00pm-11:59pm,36,1,Dark - Lighted,Reduced Visibility,1,2,['Front_Passenger'],['Shoulder_Lapbelt'],0,0,Valid,0.0,0.0,80.0,17.0,"['Male', 'Male']",1,0,3,4,5,Wet/Standing Water,Straight,Level,Lowest,No
27447,41,Oregon,410554,0,1,1,0,1,NOT APPLICABLE,October,23,Monday,0,30,Rural,High Speed (Arterial),Yes,45.88229722,-119.52869444,Non-Intersection,Dark - Not Lighted,Clear,0:00am-0:59am,34,0:00am-0:59am,37,Unknown,Unknown EMS Hospital Arrival Time,1,Dark - Unlighted,Clear,1,0,['Driver'],['Shoulder_Lapbelt'],0,0,Valid,0.0,0.0,53.0,53.0,['Male'],0,0,3,4,3,Dry,Straight,Level,Lowest,No
27448,41,Oregon,410555,1,1,1,0,5,KLAMATH FALLS,November,22,Wednesday,18,15,Urban,Medium Speed (Collector),No,42.21001944,-121.75709722,Non-Intersection,Dark - Lighted,Rain,6:00pm-6:59pm,15,6:00pm-6:59pm,18,Not Applicable (Not Transported),Not Applicable (Not Transported),1,Dark - Lighted,Rain/Wind/Minor,0,5,[],[],0,0,Valid,0.0,0.0,34.0,34.0,['Female'],5,0,3,1,4,Wet/Standing Water,Straight,Level,Lowest,No
27449,41,Oregon,410556,0,1,1,0,3,ROSEBURG,November,5,Sunday,18,16,Urban,Medium Speed (Collector),No,43.21404444,-123.36555556,Simple Junction,Daylight,Cloudy,6:00pm-6:59pm,16,6:00pm-6:59pm,17,6:00pm-6:59pm,49,1,Daylight,Reduced Visibility,1,2,['Front_Passenger'],['None_Used'],0,0,Valid,0.0,0.0,29.0,29.0,['Male'],0,0,1,1,1,Dry,Straight,Level,Lowest,No
27450,41,Oregon,410557,0,1,1,0,1,NOT APPLICABLE,December,26,Tuesday,17,7,Rural,Medium Speed (Collector),No,45.32927222,-123.03136111,Non-Intersection,Not Reported,Not Reported,Unknown,Unknown,Unknown EMS Scene Arrival Hour,Unknown EMS Scene Arrival Minutes,Not Applicable (Not Transported),Not Applicable (Not Transported),1,Dark - Unlighted,Clear,1,0,['Driver'],['Shoulder_Lapbelt'],0,0,Valid,1.0,0.0,53.0,53.0,['Male'],0,0,2,4,3,Dry,Curve,Level,Lowest,No
27451,41,Oregon,410558,0,2,2,0,3,NOT APPLICABLE,December,24,Sunday,16,5,Urban,Medium Speed (Collector),No,42.18104722,-121.73765,Complex/Circle,Daylight,Clear,4:00pm-4:59pm,5,4:00pm-4:59pm,26,4:00pm-4:59pm,43,1,Daylight,Clear,1,2,['Driver'],['None_Used'],1,1,Invalid,0.0,0.0,48.0,29.0,"['Male', 'Female']",0,0,3,4,5,Dry,Straight,Level,Lowest,No
27452,41,Oregon,410559,0,3,3,0,9,NOT APPLICABLE,December,25,Monday,17,3,Rural,Medium Speed (Collector),No,45.86506389,-119.31436389,Non-Intersection,Dark - Not Lighted,Rain,5:00pm-5:59pm,4,5:00pm-5:59pm,9,5:00pm-5:59pm,32,1,Dark - Unlighted,Rain/Wind/Minor,1,8,['Front_Passenger'],['Shoulder_Lapbelt'],1,1,Valid,1.0,2.0,47.0,23.0,"['Female', 'Female', 'Female']",0,0,2,4,5,Wet/Standing Water,Straight,Level,Lowest,No
27453,41,Oregon,410560,0,2,2,0,2,NOT APPLICABLE,December,26,Tuesday,4,5,Rural,Medium Speed (Collector),No,42.60194722,-121.81400556,Non-Intersection,Dark - Not Lighted,"Fog, Smog, Smoke",4:00am-4:59am,5,4:00am-4:59am,23,5:00am-5:59am,19,1,Dark - Unlighted,Reduced Visibility,1,1,['Driver'],['None_Used'],1,1,Invalid,0.0,0.0,64.0,35.0,"['Female', 'Male']",1,0,4,4,5,Icy/Snowy,Curve,Level,Lowest,No
27454,41,Oregon,410561,0,2,2,0,2,NOT APPLICABLE,December,27,Wednesday,21,15,Urban,High Speed (Arterial),Yes,44.61695,-123.24401111,Simple Junction,Dark - Lighted,Rain,9:00pm-9:59pm,15,9:00pm-9:59pm,22,9:00pm-9:59pm,52,1,Dark - Lighted,Rain/Wind/Minor,1,1,['Driver'],['Shoulder_Lapbelt'],0,0,Valid,0.0,0.0,76.0,20.0,"['Female', 'Male']",0,0,3,1,5,Wet/Standing Water,Straight,Level,Lowest,No
27455,41,Oregon,410562,0,2,2,0,2,NOT APPLICABLE,August,21,Monday,16,34,Rural,High Speed (Arterial),Yes,46.12141111,-123.24032222,Non-Intersection,Daylight,Clear,4:00pm-4:59pm,34,4:00pm-4:59pm,39,Unknown,Unknown EMS Hospital Arrival Time,1,Daylight,Clear,1,1,['Driver'],['None_Used'],1,1,Invalid,0.0,0.0,53.0,52.0,"['Male', 'Male']",1,0,3,4,5,Dry,Curve,Grade/Hillcrest,Medium,No
27456,41,Oregon,410564,0,1,1,0,1,BEND,August,11,Friday,22,29,Urban,Medium Speed (Collector),No,44.02974444,-121.30118333,Non-Intersection,Dark - Lighted,Clear,Unknown,Unknown,Unknown EMS Scene Arrival Hour,Unknown EMS Scene Arrival Minutes,Unknown,Unknown EMS Hospital Arrival Time,1,Dark - Lighted,Clear,1,0,['Driver'],['None_Used'],1,1,Valid,0.0,3.0,43.0,43.0,['Male'],0,0,5,1,1,Dry,Straight,Level,Lowest,No
27457,41,Oregon,410565,1,1,1,0,1,CANBY,September,9,Saturday,20,53,Urban,High Speed (Arterial),No,45.26270278,-122.69108889,Non-Intersection,Dark - Lighted,Clear,8:00pm-8:59pm,55,8:00pm-8:59pm,59,9:00pm-9:59pm,32,1,Dark - Lighted,Clear,0,1,[],[],0,0,Valid,0.0,0.0,54.0,54.0,['Female'],0,0,3,1,4,Dry,Straight,Level,Lowest,No
27458,41,Oregon,410566,0,1,1,0,2,NOT APPLICABLE,October,13,Friday,16,29,Rural,Low Speed (Local),No,42.27643889,-121.40441944,Non-Intersection,Daylight,Cloudy,Unknown,Unknown,Unknown EMS Scene Arrival Hour,Unknown EMS Scene Arrival Minutes,Unknown,Unknown EMS Hospital Arrival Time,1,Daylight,Reduced Visibility,1,1,['Driver'],['Shoulder_Lapbelt'],0,0,Invalid,1.0,0.0,58.0,58.0,['Male'],0,0,3,4,3,Wet/Standing Water,Curve,Level,Lowest,No
27459,41,Oregon,410568,1,1,1,0,1,BURNS,October,28,Saturday,99,99,Rural,Low Speed (Local),No,43.57788333,-119.07558333,Non-Intersection,Not Reported,Not Reported,Unknown,Unknown,Unknown EMS Scene Arrival Hour,Unknown EMS Scene Arrival Minutes,Not Applicable (Not Transported),Not Applicable (Not Transported),1,Dark - Unlighted,Clear,0,0,[],[],0,0,Valid,0.0,0.0,32.0,32.0,['Male'],0,0,1,0,4,Dry,Straight,Level,Lowest,No
27460,41,Oregon,410569,0,1,1,0,1,NOT APPLICABLE,November,6,Monday,18,59,Rural,Medium Speed (Collector),No,45.19220278,-121.46194167,Non-Intersection,Not Reported,Not Reported,Unknown,Unknown,Unknown EMS Scene Arrival Hour,Unknown EMS Scene Arrival Minutes,Not Applicable (Not Transported),Not Applicable (Not Transported),1,Dark - Unlighted,Clear,1,0,['Driver'],['Shoulder_Lapbelt'],1,1,Valid,0.0,1.0,39.0,39.0,['Female'],0,0,3,4,3,Dry,Curve,Level,Lowest,No
27461,41,Oregon,410570,0,1,1,0,1,KLAMATH FALLS,November,14,Tuesday,13,50,Urban,Low Speed (Local),No,42.25206944,-121.79727222,Non-Intersection,Daylight,Not Reported,1:00pm-1:59pm,50,1:00pm-1:59pm,52,2:00pm-2:59pm,7,1,Daylight,Clear,1,0,['Driver'],['None_Used'],0,0,Valid,0.0,0.0,50.0,50.0,['Male'],0,0,5,0,1,Dry,Straight,Level,Lowest,No
27462,41,Oregon,410571,0,1,1,0,1,NOT APPLICABLE,December,1,Friday,99,99,Rural,Medium Speed (Collector),No,45.795175,-123.646,Non-Intersection,Not Reported,Not Reported,Not Applicable (Not Notified),Not Applicable (Not Notified),Not Applicable,Not Applicable,Not Applicable (Not Transported),Not Applicable (Not Transported),1,Dark - Unlighted,Clear,1,0,['Driver'],['Shoulder_Lapbelt'],0,0,Valid,0.0,0.0,76.0,76.0,['Male'],0,0,3,4,4,Dry,Curve,Level,Lowest,No
27463,41,Oregon,410572,0,1,1,0,1,NOT APPLICABLE,December,2,Saturday,14,29,Urban,High Speed (Arterial),Yes,45.28441389,-123.00531667,Non-Intersection,Daylight,Cloudy,2:00pm-2:59pm,34,2:00pm-2:59pm,34,Unknown,Unknown EMS Hospital Arrival Time,1,Daylight,Reduced Visibility,1,0,['Driver'],['Shoulder_Lapbelt'],0,0,Valid,0.0,0.0,68.0,68.0,['Male'],0,0,3,4,3,Wet/Standing Water,Curve,Level,Lowest,No
27464,41,Oregon,410573,1,2,2,0,3,NOT APPLICABLE,December,8,Friday,20,18,Urban,High Speed (Arterial),Yes,45.87005556,-119.29276389,Non-Intersection,Dark - Not Lighted,Clear,8:00pm-8:59pm,18,8:00pm-8:59pm,26,Unknown,Unknown EMS Hospital Arrival Time,1,Dark - Unlighted,Clear,0,3,[],[],0,0,Invalid,2.0,0.0,25.0,19.0,"['Female', 'Female']",0,0,3,1,5,Dry,Straight,Level,Lowest,No
27465,41,Oregon,410575,0,2,2,0,2,NOT APPLICABLE,December,14,Thursday,15,57,Rural,Medium Speed (Collector),No,45.82521389,-122.96663889,Non-Intersection,Daylight,Cloudy,3:00pm-3:59pm,57,4:00pm-4:59pm,8,Not Applicable (Not Transported),Not Applicable (Not Transported),1,Daylight,Reduced Visibility,1,1,['Driver'],['Shoulder_Lapbelt'],0,0,Valid,0.0,0.0,40.0,24.0,"['Male', 'Female']",0,0,3,4,5,Wet/Standing Water,Straight,Level,Lowest,No
27466,41,Oregon,410576,1,1,1,0,1,NOT APPLICABLE,December,18,Monday,13,37,Rural,Medium Speed (Collector),No,45.87750556,-119.319525,Non-Intersection,Daylight,Clear,Unknown,Unknown,Unknown EMS Scene Arrival Hour,Unknown EMS Scene Arrival Minutes,Not Applicable (Not Transported),Not Applicable (Not Transported),1,Daylight,Clear,0,1,[],[],0,0,Valid,0.0,0.0,63.0,63.0,['Male'],0,0,3,1,4,Dry,Straight,Grade/Hillcrest,Lowest,No
27467,41,Oregon,410578,0,1,1,0,1,NOT APPLICABLE,November,29,Wednesday,7,25,Rural,Low Speed (Local),No,45.561075,-123.65364167,Non-Intersection,Daylight,Not Reported,Unknown,Unknown,Unknown EMS Scene Arrival Hour,Unknown EMS Scene Arrival Minutes,Not Applicable (Not Transported),Not Applicable (Not Transported),1,Daylight,Clear,1,0,['Driver'],['Shoulder_Lapbelt'],0,0,Valid,0.0,0.0,61.0,61.0,['Male'],0,0,3,1,3,Dry,Curve,Level,Lowest,No
27468,41,Oregon,410580,0,1,1,0,1,NOT APPLICABLE,December,11,Monday,16,49,Rural,Medium Speed (Collector),No,42.07386667,-121.77699444,Non-Intersection,Dusk,Cloudy,4:00pm-4:59pm,49,5:00pm-5:59pm,0,Not Applicable (Not Transported),Not Applicable (Not Transported),1,Twilight,Reduced Visibility,1,0,['Driver'],['Shoulder_Lapbelt'],0,0,Invalid,0.0,0.0,43.0,43.0,['Male'],0,0,3,4,3,Dry,Straight,Level,Lowest,No
27469,41,Oregon,410581,0,1,1,0,1,NOT APPLICABLE,November,3,Friday,16,2,Rural,Low Speed (Local),No,46.12111389,-123.14559722,Non-Intersection,Not Reported,Not Reported,Unknown,Unknown,Unknown EMS Scene Arrival Hour,Unknown EMS Scene Arrival Minutes,Not Applicable (Not Transported),Not Applicable (Not Transported),1,Dark - Unlighted,Clear,1,0,['Driver'],['Shoulder_Lapbelt'],0,0,Invalid,0.0,0.0,63.0,63.0,['Male'],1,0,3,1,3,Dry,Curve,Level,Lowest,No
27470,41,Oregon,410582,0,1,1,0,1,NOT APPLICABLE,October,20,Friday,15,30,Rural,Medium Speed (Collector),No,42.00970556,-121.67793333,Non-Intersection,Daylight,Clear,Unknown,Unknown,Unknown EMS Scene Arrival Hour,Unknown EMS Scene Arrival Minutes,Unknown,Unknown EMS Hospital Arrival Time,1,Daylight,Clear,1,0,['Driver'],['Shoulder_Lapbelt'],1,1,Invalid,0.0,0.0,52.0,52.0,['Male'],0,0,3,1,3,Dry,Curve,Level,Lowest,No
27471,42,Pennsylvania,420001,0,3,3,0,3,PHILADELPHIA,January,4,Wednesday,0,53,Urban,High Speed (Arterial),Yes,39.9813,-75.10234722,Non-Intersection,Dark - Lighted,Clear,0:00am-0:59am,56,1:00am-1:59am,4,1:00am-1:59am,31,2,Dark - Lighted,Clear,2,0,"['Driver', 'Driver']","['None_Used', 'None_Used']",0,0,Valid,0.0,2.0,33.0,27.0,"['Male', 'Male', 'Male']",2,0,2,4,5,Dry,Straight,Level,Lowest,No
27472,42,Pennsylvania,420002,1,1,1,0,2,MOOSIC,January,4,Wednesday,18,30,Urban,High Speed (Arterial),Yes,41.369575,-75.71175,Non-Intersection,Dark - Lighted,Rain,Not Applicable (Not Notified),Not Applicable (Not Notified),Not Applicable,Not Applicable,Not Applicable (Not Transported),Not Applicable (Not Transported),1,Dark - Lighted,Rain/Wind/Minor,0,2,[],[],0,0,Valid,0.0,0.0,45.0,45.0,['Male'],0,0,3,2,4,Wet/Standing Water,Straight,Grade/Hillcrest,Lowest,No
27473,42,Pennsylvania,420003,0,3,3,0,6,PHILADELPHIA,January,10,Tuesday,13,44,Urban,Medium Speed (Collector),No,39.96529167,-75.22548056,Complex/Circle,Daylight,Clear,1:00pm-1:59pm,47,1:00pm-1:59pm,49,2:00pm-2:59pm,4,1,Daylight,Clear,1,5,['Front_Passenger'],['None_Used'],0,0,Invalid,0.0,0.0,51.0,18.0,"['Male', 'Male', 'Male']",4,0,4,4,5,Dry,Straight,Level,Lowest,No
27474,42,Pennsylvania,420004,0,1,1,0,3,PHILADELPHIA,January,1,Sunday,4,29,Urban,High Speed (Arterial),Yes,39.91790278,-75.21021389,Non-Intersection,Dark - Lighted,"Fog, Smog, Smoke",4:00am-4:59am,27,4:00am-4:59am,31,5:00am-5:59am,0,1,Dark - Lighted,Reduced Visibility,1,2,['Front_Passenger'],['Shoulder_Lapbelt'],0,0,Valid,1.0,0.0,23.0,23.0,['Male'],0,0,2,4,2,Wet/Standing Water,Straight,Level,Lowest,No
27475,42,Pennsylvania,420005,0,2,2,0,2,ALLENTOWN,January,2,Monday,19,35,Urban,Low Speed (Local),No,40.62241944,-75.45876667,Non-Intersection,Dark - Lighted,Clear,Unknown,Unknown,Unknown EMS Scene Arrival Hour,Unknown EMS Scene Arrival Minutes,Not Applicable (Not Transported),Not Applicable (Not Transported),1,Dark - Lighted,Clear,1,1,['Driver'],['Shoulder_Lapbelt'],0,0,Valid,3.0,2.0,56.0,18.0,"['Male', 'Male']",1,0,4,4,5,Dry,Straight,Grade/Hillcrest,Lowest,No
27476,42,Pennsylvania,420006,0,1,1,0,1,NOT APPLICABLE,January,3,Tuesday,6,52,Rural,Medium Speed (Collector),No,40.48050556,-76.93089444,Non-Intersection,Dark - Not Lighted,"Fog, Smog, Smoke",Not Applicable (Not Notified),Not Applicable (Not Notified),Not Applicable,Not Applicable,Not Applicable (Not Transported),Not Applicable (Not Transported),1,Dark - Unlighted,Reduced Visibility,1,0,['Driver'],['None_Used'],0,0,Valid,0.0,0.0,80.0,80.0,['Female'],0,0,2,4,3,Wet/Standing Water,Curve,Level,Lowest,No
27477,42,Pennsylvania,420007,0,1,1,0,2,NOT APPLICABLE,January,9,Monday,8,37,Rural,Medium Speed (Collector),No,40.92855556,-76.78422222,Non-Intersection,Daylight,Clear,8:00am-8:59am,37,8:00am-8:59am,47,8:00am-8:59am,59,1,Daylight,Clear,1,1,['Driver'],['None_Used'],0,0,Valid,0.0,0.0,62.0,62.0,['Male'],2,0,2,4,3,Dry,Curve,Level,Lowest,No
27478,42,Pennsylvania,420008,1,1,1,0,1,PHILADELPHIA,January,4,Wednesday,20,43,Urban,High Speed (Arterial),Yes,40.02909167,-75.20600833,Non-Intersection,Dark - Lighted,Rain,8:00pm-8:59pm,47,8:00pm-8:59pm,57,9:00pm-9:59pm,28,1,Dark - Lighted,Rain/Wind/Minor,0,1,[],[],0,0,Valid,0.0,0.0,34.0,34.0,['Male'],0,0,2,3,4,Wet/Standing Water,Straight,Level,Lowest,No
27479,42,Pennsylvania,420009,1,1,1,0,1,NOT APPLICABLE,January,2,Monday,20,0,Urban,High Speed (Arterial),Yes,40.87188889,-79.93666667,Non-Intersection,Dark - Lighted,Rain,8:00pm-8:59pm,8,8:00pm-8:59pm,15,8:00pm-8:59pm,27,1,Dark - Lighted,Rain/Wind/Minor,0,1,[],[],0,0,Valid,0.0,0.0,20.0,20.0,['Male'],0,0,3,2,4,Wet/Standing Water,Straight,Grade/Hillcrest,Lowest,No
27480,42,Pennsylvania,420010,0,1,1,0,1,NOT APPLICABLE,January,4,Wednesday,2,38,Rural,Medium Speed (Collector),No,41.84773889,-75.76813889,Non-Intersection,Dark - Not Lighted,"Fog, Smog, Smoke",2:00am-2:59am,36,3:00am-3:59am,15,Not Applicable (Not Transported),Not Applicable (Not Transported),1,Dark - Unlighted,Reduced Visibility,1,0,['Driver'],['Shoulder_Lapbelt'],0,0,Valid,0.0,0.0,83.0,83.0,['Female'],0,0,3,4,3,Wet/Standing Water,Straight,Level,Lowest,No
27481,42,Pennsylvania,420011,0,1,1,0,1,NOT APPLICABLE,January,6,Friday,7,43,Rural,Medium Speed (Collector),No,41.30243611,-76.98111667,Non-Intersection,Daylight,Rain,7:00am-7:59am,42,7:00am-7:59am,49,8:00am-8:59am,17,1,Daylight,Rain/Wind/Minor,1,0,['Driver'],['None_Used'],0,0,Valid,0.0,0.0,17.0,17.0,['Female'],1,0,3,4,3,Wet/Standing Water,Curve,Level,Lowest,No
27482,42,Pennsylvania,420012,0,2,1,1,2,LANCASTER,January,4,Wednesday,18,3,Urban,Medium Speed (Collector),No,40.04408056,-76.29813611,Non-Intersection,Dark - Lighted,Clear,Unknown,Unknown,Unknown EMS Scene Arrival Hour,Unknown EMS Scene Arrival Minutes,Unknown,Unknown EMS Hospital Arrival Time,1,Dark - Lighted,Clear,1,1,['Driver'],['Shoulder_Lapbelt'],0,0,Valid,0.0,0.0,86.0,86.0,['Female'],0,0,2,4,5,Dry,Straight,Level,Lowest,No
27483,42,Pennsylvania,420013,0,2,2,0,5,NOT APPLICABLE,January,6,Friday,16,51,Urban,High Speed (Arterial),Yes,41.34907222,-80.41096111,Complex/Circle,Daylight,Clear,Unknown,Unknown,Unknown EMS Scene Arrival Hour,Unknown EMS Scene Arrival Minutes,Unknown,Unknown EMS Hospital Arrival Time,1,Daylight,Clear,1,2,['Rear_Seat'],['Shoulder_Lapbelt'],0,0,Valid,0.0,0.0,28.0,18.0,"['Male', 'Male']",4,0,3,4,5,Dry,Straight,Level,Lowest,No
27484,42,Pennsylvania,420014,0,2,2,0,2,NOT APPLICABLE,January,6,Friday,11,30,Rural,Medium Speed (Collector),No,40.97473889,-78.55229167,Non-Intersection,Daylight,Snow,11:00am-11:59am,34,11:00am-11:59am,40,12:00pm-12:59pm,13,1,Daylight,Snow/Ice/Severe,1,1,['Driver'],['Shoulder_Lapbelt'],0,0,Valid,0.0,0.0,89.0,45.0,"['Male', 'Male']",0,0,4,4,5,Dry,Straight,Non-Trafficway,Lowest,No
27485,42,Pennsylvania,420015,0,2,2,0,3,ELIZABETHTOWN,January,10,Tuesday,14,56,Urban,Medium Speed (Collector),No,40.1444,-76.6091,Complex/Circle,Daylight,Clear,Unknown,Unknown,Unknown EMS Scene Arrival Hour,Unknown EMS Scene Arrival Minutes,Unknown,Unknown EMS Hospital Arrival Time,1,Daylight,Clear,1,2,['Driver'],['None_Used'],0,0,Valid,0.0,0.0,95.0,31.0,"['Male', 'Female']",0,0,3,4,5,Dry,Straight,Level,Lowest,No