,State_Code,State_Name,Crash_ID,Count_Non_Motorists,Count_Vehicles_Total,Count_Vehicle_Forms,Count_PVH_Involved,Count_Occupants_MV,City_Name,Month_Name,Day_of_Month,Day_of_Week,Crash_Hour,Crash_Minute,Area_Rural_Urban,Road_Functional_Class,On_NHS_Road,Latitude,Longitude,Intersection_Type,Light_Condition,Weather_Condition,Notif_Hour,Notif_Minute,Arrival_Hour,Arrival_Minute,Hospital_Hour,Hospital_Minute,Fatalities_Count,Clean_Light_Condition,Clean_Weather_Condition,Total_Killed,Total_Alive,Fatal_Seats_List,Killed_Restraint_List,Any_Driver_Drinking,Total_Drinking_Drivers,Driver_License_Category,Driver_Max_Prev_Accident_Count,Driver_Max_Prev_Speeding_Count,Max_Driver_Age,Min_Driver_Age,Driver_Sex_List,Total_Exceeding_Limit_Vehicles,Total_Too_Fast_Vehicles,Max_Vehicle_Type_Severity_5,Max_Vehicle_Damage_Rank,Max_Harmful_Event_Severity,Crash_Road_Surface_Condition,Crash_Horizontal_Alignment,Crash_Vertical_Profile,Crash_Impairment_Category,Crash_Vehicle_Defect
27486,42,Pennsylvania,420016,1,1,1,0,2,PITTSBURGH,January,11,Wednesday,19,12,Urban,High Speed (Arterial),Yes,40.43515833,-79.97343333,Non-Intersection,Dark - Not Lighted,Clear,7:00pm-7:59pm,13,7:00pm-7:59pm,16,7:00pm-7:59pm,29,1,Dark - Unlighted,Clear,0,2,[],[],1,1,Valid,1.0,0.0,42.0,42.0,['Male'],0,0,3,3,4,Dry,Straight,Grade/Hillcrest,Lowest,No
27487,42,Pennsylvania,420017,0,2,2,0,2,NOT APPLICABLE,January,6,Friday,0,1,Rural,Low Speed (Local),No,40.13536111,-75.54213056,Non-Intersection,Dark - Lighted,Rain,0:00am-0:59am,1,0:00am-0:59am,7,0:00am-0:59am,51,1,Dark - Lighted,Rain/Wind/Minor,1,0,['Driver'],['Shoulder_Lapbelt'],1,1,Valid,0.0,0.0,87.0,40.0,"['Female', 'Male']",1,0,3,4,5,Wet/Standing Water,Straight,Grade/Hillcrest,Lowest,No
27488,42,Pennsylvania,420018,0,1,1,0,1,MOUNT CARMEL,January,7,Saturday,11,0,Urban,Medium Speed (Collector),No,40.79546111,-76.41295278,Non-Intersection,Daylight,Clear,11:00am-11:59am,0,11:00am-11:59am,4,11:00am-11:59am,20,1,Daylight,Clear,1,0,['Driver'],['None_Used'],0,0,Valid,0.0,0.0,88.0,88.0,['Male'],0,0,2,4,3,Dry,Straight,Level,Medium,No
27489,42,Pennsylvania,420019,1,1,1,0,1,ROSS TOWNSHIP,January,13,Friday,22,39,Urban,Medium Speed (Collector),No,40.51497222,-80.00844444,Non-Intersection,Dark - Not Lighted,Snow,10:00pm-10:59pm,55,11:00pm-11:59pm,1,11:00pm-11:59pm,23,1,Dark - Unlighted,Snow/Ice/Severe,0,1,[],[],1,1,Valid,0.0,0.0,39.0,39.0,['Female'],0,0,3,2,4,Wet/Standing Water,Curve,Grade/Hillcrest,Lowest,No
27490,42,Pennsylvania,420020,0,3,3,0,4,NOT APPLICABLE,January,12,Thursday,7,37,Rural,Medium Speed (Collector),No,40.57636667,-76.61372222,Simple Junction,Dawn,Clear,Unknown,Unknown,Unknown EMS Scene Arrival Hour,Unknown EMS Scene Arrival Minutes,Unknown,Unknown EMS Hospital Arrival Time,1,Twilight,Clear,1,3,['Driver'],['None_Used'],0,0,Valid,0.0,0.0,74.0,17.0,"['Male', 'Male', 'Female']",0,0,3,4,5,Wet/Standing Water,Straight,Level,Lowest,No
27491,42,Pennsylvania,420021,0,3,3,0,8,NOT APPLICABLE,January,14,Saturday,13,29,Urban,High Speed (Arterial),Yes,40.07586667,-75.36005,Non-Intersection,Daylight,Clear,Unknown,Unknown,Unknown EMS Scene Arrival Hour,Unknown EMS Scene Arrival Minutes,Unknown,Unknown EMS Hospital Arrival Time,1,Daylight,Clear,1,5,['Rear_Seat'],['Shoulder_Lapbelt'],0,0,Valid,2.0,1.0,51.0,44.0,"['Male', 'Female', 'Male']",6,0,3,4,5,Dry,Straight,Level,Lowest,No
27492,42,Pennsylvania,420022,1,1,1,0,1,PITTSBURGH,January,14,Saturday,2,48,Urban,High Speed (Arterial),Yes,40.442625,-80.02408333,Non-Intersection,Dark - Lighted,Snow,2:00am-2:59am,52,2:00am-2:59am,55,3:00am-3:59am,5,1,Dark - Lighted,Snow/Ice/Severe,0,1,[],[],1,1,Valid,0.0,0.0,25.0,25.0,['Male'],0,0,2,2,4,Wet/Standing Water,Straight,Level,Lowest,No
27493,42,Pennsylvania,420023,1,1,1,0,1,WYOMISSING,January,16,Monday,3,24,Urban,High Speed (Arterial),Yes,40.34852222,-75.95589722,Non-Intersection,Dark - Not Lighted,Clear,Unknown,Unknown,Unknown EMS Scene Arrival Hour,Unknown EMS Scene Arrival Minutes,Not Applicable (Not Transported),Not Applicable (Not Transported),1,Dark - Unlighted,Clear,0,1,[],[],0,0,Invalid,0.0,0.0,44.0,44.0,['Male'],0,0,2,4,4,Dry,Straight,Level,Lowest,No
27494,42,Pennsylvania,420024,0,2,2,0,2,NOT APPLICABLE,January,7,Saturday,1,2,Rural,High Speed (Arterial),Yes,40.54030556,-78.90702222,Simple Junction,Dark - Not Lighted,Snow,1:00am-1:59am,3,1:00am-1:59am,13,Not Applicable (Not Transported),Not Applicable (Not Transported),1,Dark - Unlighted,Snow/Ice/Severe,1,1,['Driver'],['None_Used'],1,2,Valid,1.0,0.0,25.0,22.0,"['Male', 'Male']",0,0,3,4,5,Wet/Standing Water,Straight,Level,Lowest,No
27495,42,Pennsylvania,420025,0,1,1,0,1,NOT APPLICABLE,January,14,Saturday,11,0,Rural,Medium Speed (Collector),No,40.15411111,-78.93680556,Non-Intersection,Daylight,Clear,3:00pm-3:59pm,19,4:00pm-4:59pm,10,Not Applicable (Not Transported),Not Applicable (Not Transported),1,Daylight,Clear,1,0,['Driver'],['None_Used'],0,0,Valid,3.0,0.0,40.0,40.0,['Male'],1,0,3,4,3,Dry,Curve,Grade/Hillcrest,Lowest,No
27496,42,Pennsylvania,420026,0,2,2,0,3,NOT APPLICABLE,January,7,Saturday,20,15,Urban,High Speed (Arterial),Yes,39.98199167,-76.69594444,Complex/Circle,Dark - Lighted,Clear,Not Applicable (Not Notified),Not Applicable (Not Notified),Not Applicable,Not Applicable,Not Applicable (Not Transported),Not Applicable (Not Transported),1,Dark - Lighted,Clear,1,2,['Driver'],['Shoulder_Lapbelt'],1,1,Valid,0.0,1.0,55.0,33.0,"['Female', 'Female']",1,0,4,4,5,Dry,Straight,Level,Lowest,No
27497,42,Pennsylvania,420027,0,2,2,0,2,NOT APPLICABLE,January,16,Monday,16,50,Rural,High Speed (Arterial),Yes,40.16777778,-78.59369444,Non-Intersection,Dusk,Clear,Unknown,Unknown,Unknown EMS Scene Arrival Hour,Unknown EMS Scene Arrival Minutes,Not Applicable (Not Transported),Not Applicable (Not Transported),1,Twilight,Clear,1,1,['Driver'],['Shoulder_Lapbelt'],0,0,Valid,0.0,0.0,83.0,64.0,"['Male', 'Female']",1,0,3,4,5,Dry,Curve,Level,Lowest,No
27498,42,Pennsylvania,420028,0,1,1,0,1,NOT APPLICABLE,January,8,Sunday,2,8,Rural,Low Speed (Local),No,41.07856944,-77.54792222,Non-Intersection,Dark - Not Lighted,Clear,2:00am-2:59am,9,2:00am-2:59am,26,Not Applicable (Not Transported),Not Applicable (Not Transported),1,Dark - Unlighted,Clear,1,0,['Driver'],['None_Used'],1,1,Valid,0.0,0.0,28.0,28.0,['Male'],1,0,2,4,3,Dry,Curve,Level,Lowest,No
27499,42,Pennsylvania,420029,0,2,2,0,2,KELLY TOWNSHIP,January,18,Wednesday,18,37,Rural,High Speed (Arterial),Yes,40.99461111,-76.87222222,Simple Junction,Dark - Lighted,Clear,6:00pm-6:59pm,34,6:00pm-6:59pm,38,0:00am-0:59am,0,1,Dark - Lighted,Clear,1,1,['Driver'],['Shoulder_Lapbelt'],0,0,Valid,0.0,0.0,81.0,60.0,"['Male', 'Male']",0,0,4,4,5,Dry,Straight,Level,Lowest,No
27500,42,Pennsylvania,420030,0,2,2,0,2,NOT APPLICABLE,January,9,Monday,6,45,Rural,High Speed (Arterial),Yes,41.19711667,-79.42541111,Non-Intersection,Dark - Not Lighted,Cloudy,6:00am-6:59am,40,6:00am-6:59am,47,Not Applicable (Not Transported),Not Applicable (Not Transported),1,Dark - Unlighted,Reduced Visibility,1,1,['Driver'],['Shoulder_Lapbelt'],0,0,Valid,1.0,0.0,41.0,19.0,"['Male', 'Male']",0,0,4,4,5,Dry,Straight,Non-Trafficway,Lowest,No
27501,42,Pennsylvania,420031,0,1,1,0,1,NOT APPLICABLE,January,8,Sunday,9,19,Urban,Medium Speed (Collector),No,40.84353611,-79.99375556,Non-Intersection,Daylight,Clear,Unknown,Unknown,Unknown EMS Scene Arrival Hour,Unknown EMS Scene Arrival Minutes,Not Applicable (Not Transported),Not Applicable (Not Transported),1,Daylight,Clear,1,0,['Driver'],['None_Used'],1,1,Valid,0.0,0.0,19.0,19.0,['Male'],1,0,2,4,3,Dry,Curve,Level,Lowest,No
27502,42,Pennsylvania,420032,0,1,1,0,1,NOT APPLICABLE,January,9,Monday,10,50,Rural,Low Speed (Local),No,40.16465278,-75.05808333,Non-Intersection,Daylight,Clear,11:00am-11:59am,50,11:00am-11:59am,50,12:00pm-12:59pm,31,1,Daylight,Clear,1,0,['Driver'],['Shoulder_Lapbelt'],0,0,Valid,0.0,0.0,82.0,82.0,['Male'],0,0,3,4,3,Dry,Curve,Level,Medium,No
27503,42,Pennsylvania,420033,1,1,1,0,1,FREEDOM,January,11,Wednesday,5,17,Urban,High Speed (Arterial),Yes,40.69141667,-80.26001111,Non-Intersection,Dark - Lighted,Clear,Unknown,Unknown,Unknown EMS Scene Arrival Hour,Unknown EMS Scene Arrival Minutes,Not Applicable (Not Transported),Not Applicable (Not Transported),1,Dark - Lighted,Clear,0,1,[],[],0,0,Valid,0.0,0.0,29.0,29.0,['Male'],0,0,2,2,4,Dry,Straight,Grade/Hillcrest,Lowest,No
27504,42,Pennsylvania,420034,1,1,1,0,1,NOT APPLICABLE,January,26,Thursday,17,35,Rural,High Speed (Arterial),Yes,40.46597222,-75.15919167,Non-Intersection,Dark - Not Lighted,Clear,5:00pm-5:59pm,37,5:00pm-5:59pm,43,Not Applicable (Not Transported),Not Applicable (Not Transported),1,Dark - Unlighted,Clear,0,1,[],[],0,0,Valid,1.0,0.0,54.0,54.0,['Female'],0,0,3,4,4,Dry,Straight,Level,Lowest,No
27505,42,Pennsylvania,420035,1,1,1,0,1,ORBISONIA,January,27,Friday,5,35,Rural,High Speed (Arterial),Yes,40.24008333,-77.88969444,Non-Intersection,Dark - Not Lighted,Clear,Unknown,Unknown,Unknown EMS Scene Arrival Hour,Unknown EMS Scene Arrival Minutes,Not Applicable (Not Transported),Not Applicable (Not Transported),1,Dark - Unlighted,Clear,0,1,[],[],0,0,Valid,1.0,0.0,22.0,22.0,['Male'],0,0,2,4,4,Dry,Curve,Grade/Hillcrest,Lowest,No
27506,42,Pennsylvania,420036,0,1,1,0,1,NOT APPLICABLE,January,28,Saturday,23,31,Urban,High Speed (Arterial),Yes,41.01847222,-80.49763889,Non-Intersection,Dark - Not Lighted,Clear,11:00pm-11:59pm,28,11:00pm-11:59pm,38,Not Applicable (Not Transported),Not Applicable (Not Transported),1,Dark - Unlighted,Clear,1,0,['Driver'],['None_Used'],1,1,Invalid,1.0,1.0,30.0,30.0,['Male'],0,0,5,4,2,Dry,Straight,Level,Lowest,No
27507,42,Pennsylvania,420037,0,2,2,0,2,NOT APPLICABLE,January,11,Wednesday,17,0,Urban,High Speed (Arterial),Yes,40.20293611,-75.12483056,Simple Junction,Dusk,Clear,Unknown,Unknown,Unknown EMS Scene Arrival Hour,Unknown EMS Scene Arrival Minutes,Unknown,Unknown EMS Hospital Arrival Time,1,Twilight,Clear,1,1,['Driver'],['None_Used'],0,0,Valid,1.0,0.0,49.0,35.0,"['Male', 'Female']",1,0,3,4,5,Dry,Straight,Level,Lowest,No
27508,42,Pennsylvania,420038,0,1,1,0,1,NOT APPLICABLE,January,11,Wednesday,13,48,Rural,Medium Speed (Collector),No,40.481075,-76.93081111,Non-Intersection,Daylight,Clear,Unknown,Unknown,Unknown EMS Scene Arrival Hour,Unknown EMS Scene Arrival Minutes,Not Applicable (Not Transported),Not Applicable (Not Transported),1,Daylight,Clear,1,0,['Driver'],['None_Used'],1,1,Valid,0.0,1.0,44.0,44.0,['Female'],1,0,2,4,3,Dry,Curve,Level,Lowest,No
27509,42,Pennsylvania,420039,0,3,3,0,5,BALDWIN,January,29,Sunday,16,31,Urban,Medium Speed (Collector),No,40.35030556,-79.96813889,Non-Intersection,Daylight,Clear,Unknown,Unknown,Unknown EMS Scene Arrival Hour,Unknown EMS Scene Arrival Minutes,Unknown,Unknown EMS Hospital Arrival Time,1,Daylight,Clear,1,4,['Driver'],['Shoulder_Lapbelt'],0,0,Valid,1.0,1.0,55.0,21.0,"['Male', 'Male', 'Female']",0,0,3,4,5,Dry,Curve,Grade/Hillcrest,Lowest,No
27510,42,Pennsylvania,420040,0,1,1,0,5,NOT APPLICABLE,February,26,Sunday,14,41,Rural,Medium Speed (Collector),No,41.13572222,-80.13552778,Non-Intersection,Daylight,Clear,2:00pm-2:59pm,40,2:00pm-2:59pm,48,3:00pm-3:59pm,23,1,Daylight,Clear,1,4,['Rear_Seat'],['None_Used'],0,0,Valid,1.0,0.0,18.0,18.0,['Male'],5,0,2,4,3,Dry,Curve,Level,Lowest,No
27511,42,Pennsylvania,420041,0,2,2,0,2,NOT APPLICABLE,January,13,Friday,16,19,Rural,Medium Speed (Collector),No,39.84306667,-77.71206111,Non-Intersection,Daylight,Clear,Unknown,Unknown,Unknown EMS Scene Arrival Hour,Unknown EMS Scene Arrival Minutes,Unknown,Unknown EMS Hospital Arrival Time,1,Daylight,Clear,1,1,['Driver'],['None_Used'],1,1,Valid,1.0,0.0,79.0,61.0,"['Male', 'Male']",0,0,3,4,5,Dry,Straight,Level,Lowest,No
27512,42,Pennsylvania,420042,0,2,1,1,1,NOT APPLICABLE,January,29,Sunday,0,2,Urban,Low Speed (Local),No,40.15008333,-74.96038889,Non-Intersection,Dark - Lighted,Cloudy,0:00am-0:59am,1,0:00am-0:59am,12,0:00am-0:59am,42,1,Dark - Lighted,Reduced Visibility,1,0,['Driver'],['Shoulder_Lapbelt'],1,1,Valid,0.0,0.0,56.0,56.0,['Female'],0,0,2,4,5,Dry,Straight,Grade/Hillcrest,Lowest,No
27513,42,Pennsylvania,420043,0,1,1,0,1,NOT APPLICABLE,February,7,Tuesday,16,14,Rural,Low Speed (Local),No,41.97272222,-76.70519444,Non-Intersection,Daylight,Clear,4:00pm-4:59pm,13,4:00pm-4:59pm,21,4:00pm-4:59pm,42,1,Daylight,Clear,1,0,['Driver'],['Shoulder_Lapbelt'],1,1,Valid,0.0,0.0,80.0,80.0,['Male'],1,0,3,4,3,Dry,Straight,Level,Lowest,No
27514,42,Pennsylvania,420044,0,2,2,0,2,NOT APPLICABLE,January,13,Friday,14,44,Rural,High Speed (Arterial),Yes,40.01950833,-77.09469722,Simple Junction,Daylight,Clear,Unknown,Unknown,Unknown EMS Scene Arrival Hour,Unknown EMS Scene Arrival Minutes,Not Applicable (Not Transported),Not Applicable (Not Transported),1,Daylight,Clear,1,1,['Driver'],['Shoulder_Lapbelt'],0,0,Valid,0.0,1.0,54.0,32.0,"['Male', 'Female']",0,0,4,4,5,Dry,Straight,Level,Lowest,No
27515,42,Pennsylvania,420045,0,1,1,0,1,NOT APPLICABLE,February,9,Thursday,7,5,Rural,Medium Speed (Collector),No,41.11344444,-76.41916667,Non-Intersection,Dawn,Freezing Rain or Drizzle,7:00am-7:59am,0,7:00am-7:59am,16,Not Applicable (Not Transported),Not Applicable (Not Transported),1,Twilight,Snow/Ice/Severe,1,0,['Driver'],['Shoulder_Lapbelt'],0,0,Valid,0.0,0.0,73.0,73.0,['Male'],1,0,3,4,3,Icy/Snowy,Straight,Level,Lowest,No
27516,42,Pennsylvania,420046,1,1,1,0,1,PHILADELPHIA,January,13,Friday,17,21,Urban,High Speed (Arterial),Yes,39.92743333,-75.14481389,Complex/Circle,Dark - Lighted,Clear,5:00pm-5:59pm,24,5:00pm-5:59pm,33,5:00pm-5:59pm,48,1,Dark - Lighted,Clear,0,1,[],[],0,0,Valid,0.0,0.0,32.0,32.0,['Male'],0,0,2,1,4,Dry,Straight,Level,Lowest,No
27517,42,Pennsylvania,420047,0,4,4,0,4,NOT APPLICABLE,January,16,Monday,6,43,Rural,Medium Speed (Collector),No,40.42276111,-75.83325833,Non-Intersection,Dawn,Clear,Unknown,Unknown,Unknown EMS Scene Arrival Hour,Unknown EMS Scene Arrival Minutes,Unknown,Unknown EMS Hospital Arrival Time,1,Twilight,Clear,1,2,['Driver'],['Shoulder_Lapbelt'],0,0,Valid,0.0,1.0,61.0,41.0,"['Male', 'Female', 'Male', 'Female']",1,0,3,4,5,Dry,Straight,Level,Lowest,No
27518,42,Pennsylvania,420048,0,3,3,0,3,NOT APPLICABLE,February,2,Thursday,16,8,Rural,High Speed (Arterial),Yes,40.42205556,-76.49933889,Simple Junction,Daylight,Clear,Unknown,Unknown,Unknown EMS Scene Arrival Hour,Unknown EMS Scene Arrival Minutes,Unknown,Unknown EMS Hospital Arrival Time,1,Daylight,Clear,1,2,['Driver'],['Shoulder_Lapbelt'],0,0,Valid,0.0,0.0,76.0,32.0,"['Female', 'Male', 'Female']",0,0,3,4,5,Dry,Straight,Level,Lowest,No
27519,42,Pennsylvania,420049,0,3,3,0,4,DEER LAKE,February,4,Saturday,13,12,Urban,High Speed (Arterial),Yes,40.61966667,-76.05806111,Complex/Circle,Daylight,Clear,Unknown,Unknown,Unknown EMS Scene Arrival Hour,Unknown EMS Scene Arrival Minutes,Unknown,Unknown EMS Hospital Arrival Time,1,Daylight,Clear,1,3,['Driver'],['None_Used'],0,0,Valid,0.0,0.0,85.0,54.0,"['Female', 'Female', 'Male']",1,0,4,4,5,Dry,Straight,Level,Medium,No
27520,42,Pennsylvania,420050,0,2,2,0,3,NOT APPLICABLE,January,13,Friday,9,24,Rural,Medium Speed (Collector),No,41.75241111,-79.66995833,Complex/Circle,Daylight,Cloudy,Unknown,Unknown,Unknown EMS Scene Arrival Hour,Unknown EMS Scene Arrival Minutes,Unknown,Unknown EMS Hospital Arrival Time,1,Daylight,Reduced Visibility,1,2,['Driver'],['Shoulder_Lapbelt'],0,0,Valid,1.0,0.0,53.0,33.0,"['Male', 'Male']",0,0,3,4,5,Wet/Standing Water,Straight,Level,Lowest,No
27521,42,Pennsylvania,420051,1,1,1,0,1,NOT APPLICABLE,January,13,Friday,10,55,Urban,High Speed (Arterial),Yes,39.9168,-75.33353333,Complex/Circle,Daylight,Clear,10:00am-10:59am,55,10:00am-10:59am,59,Not Applicable (Not Transported),Not Applicable (Not Transported),1,Daylight,Clear,0,1,[],[],0,0,Valid,0.0,0.0,48.0,48.0,['Male'],0,0,1,2,4,Dry,Straight,Grade/Hillcrest,Lowest,No
27522,42,Pennsylvania,420052,0,2,2,0,4,PHILADELPHIA,January,14,Saturday,21,51,Urban,High Speed (Arterial),Yes,39.99215,-75.14012778,Complex/Circle,Dark - Lighted,Clear,9:00pm-9:59pm,51,9:00pm-9:59pm,54,10:00pm-10:59pm,22,1,Dark - Lighted,Clear,1,3,['Driver'],['Shoulder_Lapbelt'],0,0,Valid,0.0,0.0,33.0,18.0,"['Male', 'Male']",2,0,2,4,5,Dry,Straight,Level,Lowest,No
27523,42,Pennsylvania,420053,0,1,1,0,2,NOT APPLICABLE,January,15,Sunday,23,22,Urban,High Speed (Arterial),Yes,40.25683333,-76.83260833,Non-Intersection,Dark - Not Lighted,Clear,Unknown,Unknown,Unknown EMS Scene Arrival Hour,Unknown EMS Scene Arrival Minutes,Not Applicable (Not Transported),Not Applicable (Not Transported),2,Dark - Unlighted,Clear,2,0,"['Driver', 'Front_Passenger']","['Shoulder_Lapbelt', 'Shoulder_Lapbelt']",0,0,Valid,0.0,0.0,49.0,49.0,['Male'],0,0,4,4,3,Dry,Curve,Level,Lowest,No
27524,42,Pennsylvania,420054,0,1,1,0,2,NOT APPLICABLE,January,16,Monday,18,45,Urban,Medium Speed (Collector),No,40.59239722,-79.88848889,Non-Intersection,Dark - Not Lighted,Clear,Unknown,Unknown,Unknown EMS Scene Arrival Hour,Unknown EMS Scene Arrival Minutes,Unknown,Unknown EMS Hospital Arrival Time,1,Dark - Unlighted,Clear,1,1,['Driver'],['Shoulder_Lapbelt'],0,0,Valid,0.0,0.0,90.0,90.0,['Male'],2,0,2,4,2,Dry,Curve,Grade/Hillcrest,Lowest,Yes
27525,42,Pennsylvania,420055,0,1,1,0,1,PHILADELPHIA,January,16,Monday,0,20,Urban,High Speed (Arterial),Yes,40.00389722,-75.152225,Non-Intersection,Dark - Lighted,Clear,0:00am-0:59am,5,0:00am-0:59am,7,Not Applicable (Not Transported),Not Applicable (Not Transported),1,Dark - Lighted,Clear,1,0,['Driver'],['Shoulder_Lapbelt'],0,0,Valid,0.0,0.0,19.0,19.0,['Male'],1,0,2,4,3,Dry,Straight,Level,Lowest,No
27526,42,Pennsylvania,420056,1,1,1,0,2,CHAMBERSBURG,January,16,Monday,20,40,Urban,Low Speed (Local),No,39.93639167,-77.67072778,Non-Intersection,Dark - Lighted,Clear,Unknown,Unknown,Unknown EMS Scene Arrival Hour,Unknown EMS Scene Arrival Minutes,Not Applicable (Not Transported),Not Applicable (Not Transported),1,Dark - Lighted,Clear,0,2,[],[],0,0,Valid,2.0,0.0,63.0,63.0,['Male'],0,0,2,3,4,Dry,Straight,Level,Lowest,No
27527,42,Pennsylvania,420057,0,2,2,0,2,NOT APPLICABLE,January,16,Monday,21,56,Rural,Medium Speed (Collector),No,39.98456944,-76.98049444,Simple Junction,Dark - Not Lighted,Clear,Unknown,Unknown,Unknown EMS Scene Arrival Hour,Unknown EMS Scene Arrival Minutes,Unknown,Unknown EMS Hospital Arrival Time,1,Dark - Unlighted,Clear,1,1,['Driver'],['Shoulder_Lapbelt'],1,1,Valid,0.0,0.0,69.0,33.0,"['Male', 'Male']",1,0,3,4,5,Dry,Straight,Level,Lowest,No
27528,42,Pennsylvania,420058,0,2,2,0,2,NOT APPLICABLE,January,16,Monday,12,25,Urban,High Speed (Arterial),Yes,41.07261667,-75.41890278,Non-Intersection,Daylight,Clear,Unknown,Unknown,Unknown EMS Scene Arrival Hour,Unknown EMS Scene Arrival Minutes,Not Applicable (Not Transported),Not Applicable (Not Transported),2,Daylight,Clear,2,0,"['Driver', 'Driver']","['None_Used', 'None_Used']",1,1,Invalid,1.0,2.0,68.0,31.0,"['Male', 'Male']",2,0,3,4,3,Dry,Straight,Level,Lowest,No
27529,42,Pennsylvania,420059,1,1,1,0,2,NOT APPLICABLE,January,18,Wednesday,21,29,Rural,Medium Speed (Collector),No,40.15902222,-75.89106111,Non-Intersection,Dark - Lighted,Clear,Unknown,Unknown,Unknown EMS Scene Arrival Hour,Unknown EMS Scene Arrival Minutes,Unknown,Unknown EMS Hospital Arrival Time,1,Dark - Lighted,Clear,0,2,[],[],0,0,Valid,0.0,0.0,68.0,68.0,['Male'],0,0,3,3,4,Dry,Straight,Grade/Hillcrest,Lowest,No
27530,42,Pennsylvania,420060,0,1,1,0,1,WYOMISSING,January,19,Thursday,99,99,Urban,High Speed (Arterial),Yes,40.352175,-75.96351944,Non-Intersection,Reported as Unknown,Rain,Unknown,Unknown,Unknown EMS Scene Arrival Hour,Unknown EMS Scene Arrival Minutes,Not Applicable (Not Transported),Not Applicable (Not Transported),1,Dark - Unlighted,Rain/Wind/Minor,1,0,['Driver'],['None_Used'],1,1,Valid,0.0,0.0,38.0,38.0,['Female'],1,0,2,4,3,Wet/Standing Water,Curve,Level,Lowest,No
27531,42,Pennsylvania,420061,0,2,2,0,4,NOT APPLICABLE,January,20,Friday,13,13,Rural,High Speed (Arterial),Yes,40.40013611,-78.98143889,Non-Intersection,Daylight,Snow,1:00pm-1:59pm,10,1:00pm-1:59pm,16,Unknown,Unknown EMS Hospital Arrival Time,2,Daylight,Snow/Ice/Severe,2,2,"['Driver', 'Driver']","['None_Used', 'None_Used']",0,0,Valid,4.0,0.0,84.0,36.0,"['Male', 'Male']",0,0,3,4,5,Wet/Standing Water,Straight,Level,Lowest,No
27532,42,Pennsylvania,420062,1,1,1,0,1,ALTOONA,January,20,Friday,22,16,Urban,High Speed (Arterial),Yes,40.50603889,-78.397625,Non-Intersection,Dark - Not Lighted,Clear,Unknown,Unknown,Unknown EMS Scene Arrival Hour,Unknown EMS Scene Arrival Minutes,Not Applicable (Not Transported),Not Applicable (Not Transported),1,Dark - Unlighted,Clear,0,1,[],[],0,0,Valid,0.0,0.0,19.0,19.0,['Male'],0,0,2,4,4,Dry,Straight,Grade/Hillcrest,Lowest,No
27533,42,Pennsylvania,420063,0,1,1,0,2,NOT APPLICABLE,January,21,Saturday,14,20,Urban,Medium Speed (Collector),No,40.01341111,-76.80929722,Non-Intersection,Daylight,Clear,Unknown,Unknown,Unknown EMS Scene Arrival Hour,Unknown EMS Scene Arrival Minutes,Unknown,Unknown EMS Hospital Arrival Time,1,Daylight,Clear,1,1,['Front_Passenger'],['None_Used'],0,0,Valid,0.0,0.0,66.0,66.0,['Female'],0,0,3,4,3,Dry,Straight,Grade/Hillcrest,Lowest,No
27534,42,Pennsylvania,420064,1,1,1,0,1,PHILADELPHIA,January,22,Sunday,20,35,Urban,Low Speed (Local),No,39.97881389,-75.13457778,Complex/Circle,Dark - Lighted,Rain,8:00pm-8:59pm,37,8:00pm-8:59pm,43,Not Applicable (Not Transported),Not Applicable (Not Transported),1,Dark - Lighted,Rain/Wind/Minor,0,0,[],[],0,0,Invalid,0.0,0.0,999.0,999.0,['Male'],0,0,3,2,4,Wet/Standing Water,Straight,Level,Lowest,No
27535,42,Pennsylvania,420065,0,1,1,0,2,NOT APPLICABLE,January,22,Sunday,18,15,Rural,High Speed (Arterial),Yes,41.05554444,-80.00265833,Non-Intersection,Dark - Not Lighted,Snow,Unknown,Unknown,Unknown EMS Scene Arrival Hour,Unknown EMS Scene Arrival Minutes,Unknown,Unknown EMS Hospital Arrival Time,1,Dark - Unlighted,Snow/Ice/Severe,1,0,['Front_Passenger'],['Shoulder_Lapbelt'],0,0,Valid,0.0,0.0,18.0,18.0,['Male'],2,0,3,4,3,Icy/Snowy,Straight,Level,Lowest,No
27536,42,Pennsylvania,420066,2,3,1,2,1,NOT APPLICABLE,February,10,Friday,22,57,Urban,High Speed (Arterial),Yes,40.18816667,-75.21293333,Non-Intersection,Dark - Not Lighted,Clear,10:00pm-10:59pm,59,11:00pm-11:59pm,3,11:00pm-11:59pm,24,1,Dark - Unlighted,Clear,0,1,[],[],0,0,Invalid,0.0,0.0,31.0,31.0,['Male'],1,0,3,3,5,Dry,Straight,Level,Lowest,No
27537,42,Pennsylvania,420067,1,2,1,1,1,PHILADELPHIA,February,13,Monday,1,25,Urban,Low Speed (Local),No,39.92154722,-75.22819444,Non-Intersection,Dark - Lighted,Clear,1:00am-1:59am,25,1:00am-1:59am,41,Not Applicable (Not Transported),Not Applicable (Not Transported),1,Dark - Lighted,Clear,0,1,[],[],0,0,Invalid,0.0,0.0,999.0,999.0,['Other'],0,0,2,3,4,Dry,Straight,Level,Lowest,No