,State_Code,State_Name,Crash_ID,Count_Non_Motorists,Count_Vehicles_Total,Count_Vehicle_Forms,Count_PVH_Involved,Count_Occupants_MV,City_Name,Month_Name,Day_of_Month,Day_of_Week,Crash_Hour,Crash_Minute,Area_Rural_Urban,Road_Functional_Class,On_NHS_Road,Latitude,Longitude,Intersection_Type,Light_Condition,Weather_Condition,Notif_Hour,Notif_Minute,Arrival_Hour,Arrival_Minute,Hospital_Hour,Hospital_Minute,Fatalities_Count,Clean_Light_Condition,Clean_Weather_Condition,Total_Killed,Total_Alive,Fatal_Seats_List,Killed_Restraint_List,Any_Driver_Drinking,Total_Drinking_Drivers,Driver_License_Category,Driver_Max_Prev_Accident_Count,Driver_Max_Prev_Speeding_Count,Max_Driver_Age,Min_Driver_Age,Driver_Sex_List,Total_Exceeding_Limit_Vehicles,Total_Too_Fast_Vehicles,Max_Vehicle_Type_Severity_5,Max_Vehicle_Damage_Rank,Max_Harmful_Event_Severity,Crash_Road_Surface_Condition,Crash_Horizontal_Alignment,Crash_Vertical_Profile,Crash_Impairment_Category,Crash_Vehicle_Defect
27538,42,Pennsylvania,420068,0,3,3,0,4,NOT APPLICABLE,February,17,Friday,5,32,Rural,High Speed (Arterial),Yes,41.01110278,-77.96058611,Non-Intersection,Dark - Not Lighted,Rain,5:00am-5:59am,31,6:00am-6:59am,9,6:00am-6:59am,33,1,Dark - Unlighted,Rain/Wind/Minor,1,3,['Driver'],['None_Used'],0,0,Valid,1.0,1.0,59.0,23.0,"['Male', 'Male', 'Male']",2,0,4,4,5,Wet/Standing Water,Curve,Grade/Hillcrest,Lowest,No
27539,42,Pennsylvania,420069,1,1,1,0,1,NOT APPLICABLE,February,23,Thursday,4,12,Urban,High Speed (Arterial),Yes,41.14497222,-75.96303056,Non-Intersection,Dark - Not Lighted,Clear,4:00am-4:59am,7,4:00am-4:59am,25,Not Applicable (Not Transported),Not Applicable (Not Transported),1,Dark - Unlighted,Clear,0,1,[],[],0,0,Valid,0.0,0.0,56.0,56.0,['Male'],0,0,4,2,4,Wet/Standing Water,Straight,Level,Lowest,No
27540,42,Pennsylvania,420070,1,1,1,0,1,PHILADELPHIA,January,22,Sunday,17,30,Urban,High Speed (Arterial),Yes,39.91511944,-75.15834722,Complex/Circle,Dark - Lighted,Rain,5:00pm-5:59pm,38,5:00pm-5:59pm,42,Not Applicable (Not Transported),Not Applicable (Not Transported),1,Dark - Lighted,Rain/Wind/Minor,0,1,[],[],0,0,Invalid,0.0,0.0,999.0,999.0,['Other'],1,0,2,2,4,Wet/Standing Water,Straight,Level,Lowest,No
27541,42,Pennsylvania,420071,0,2,2,0,2,NOT APPLICABLE,January,24,Tuesday,23,15,Rural,High Speed (Arterial),Yes,40.96972222,-78.06863889,Non-Intersection,Dark - Not Lighted,Clear,11:00pm-11:59pm,19,11:00pm-11:59pm,36,0:00am-0:59am,0,1,Dark - Unlighted,Clear,1,1,['Driver'],['Shoulder_Lapbelt'],0,0,Invalid,1.0,2.0,85.0,27.0,"['Male', 'Male']",0,0,4,4,5,Dry,Curve,Grade/Hillcrest,Lowest,No
27542,42,Pennsylvania,420072,0,2,2,0,2,NOT APPLICABLE,January,25,Wednesday,13,21,Rural,Medium Speed (Collector),No,42.040025,-80.29069167,Non-Intersection,Daylight,Freezing Rain or Drizzle,Unknown,Unknown,Unknown EMS Scene Arrival Hour,Unknown EMS Scene Arrival Minutes,Unknown,Unknown EMS Hospital Arrival Time,1,Daylight,Snow/Ice/Severe,1,1,['Driver'],['Shoulder_Lapbelt'],0,0,Valid,0.0,0.0,52.0,32.0,"['Male', 'Male']",1,0,3,4,5,Icy/Snowy,Straight,Level,Lowest,No
27543,42,Pennsylvania,420073,0,2,2,0,3,NOT APPLICABLE,January,25,Wednesday,13,56,Rural,Medium Speed (Collector),No,39.81978056,-76.38937778,Non-Intersection,Daylight,Rain,Unknown,Unknown,Unknown EMS Scene Arrival Hour,Unknown EMS Scene Arrival Minutes,Unknown,Unknown EMS Hospital Arrival Time,2,Daylight,Rain/Wind/Minor,2,0,"['Driver', 'Front_Passenger']","['Shoulder_Lapbelt', 'Shoulder_Lapbelt']",0,0,Valid,0.0,0.0,43.0,20.0,"['Female', 'Male']",1,0,2,4,5,Wet/Standing Water,Straight,Grade/Hillcrest,Lowest,No
27544,42,Pennsylvania,420074,0,2,2,0,4,NOT APPLICABLE,January,26,Thursday,23,29,Urban,High Speed (Arterial),Yes,40.56275833,-79.16204167,Non-Intersection,Dark - Not Lighted,Snow,11:00pm-11:59pm,28,11:00pm-11:59pm,42,0:00am-0:59am,5,1,Dark - Unlighted,Snow/Ice/Severe,1,3,['Rear_Seat'],['Shoulder_Lapbelt'],1,1,Invalid,1.0,1.0,30.0,28.0,"['Male', 'Male']",0,0,2,4,5,Wet/Standing Water,Straight,Level,Lowest,No
27545,42,Pennsylvania,420075,1,1,1,0,1,NOT APPLICABLE,January,26,Thursday,20,34,Rural,Medium Speed (Collector),No,41.60742222,-80.32466111,Non-Intersection,Dark - Not Lighted,Blowing Snow,Unknown,Unknown,Unknown EMS Scene Arrival Hour,Unknown EMS Scene Arrival Minutes,Unknown,Unknown EMS Hospital Arrival Time,1,Dark - Unlighted,Snow/Ice/Severe,0,1,[],[],0,0,Valid,0.0,1.0,66.0,66.0,['Male'],0,0,3,3,4,Icy/Snowy,Straight,Level,Lowest,No
27546,42,Pennsylvania,420076,0,1,1,0,1,NOT APPLICABLE,January,27,Friday,17,18,Rural,Low Speed (Local),No,41.13355,-76.20871111,Non-Intersection,Daylight,Clear,5:00pm-5:59pm,17,5:00pm-5:59pm,37,6:00pm-6:59pm,57,1,Daylight,Clear,1,0,['Driver'],['Shoulder_Lapbelt'],0,0,Invalid,0.0,0.0,88.0,88.0,['Male'],0,0,3,4,3,Dry,Curve,Level,Lowest,No
27547,42,Pennsylvania,420077,0,3,3,0,6,NOT APPLICABLE,February,17,Friday,21,9,Urban,High Speed (Arterial),Yes,40.61609444,-80.32053889,Non-Intersection,Dark - Not Lighted,Snow,9:00pm-9:59pm,10,9:00pm-9:59pm,19,Unknown,Unknown EMS Hospital Arrival Time,1,Dark - Unlighted,Snow/Ice/Severe,1,5,['Front_Passenger'],['Shoulder_Lapbelt'],1,1,Valid,1.0,0.0,67.0,42.0,"['Male', 'Male', 'Female']",1,0,3,4,5,Dry,Curve,Grade/Hillcrest,Lowest,No
27548,42,Pennsylvania,420078,1,2,2,0,2,PHILADELPHIA,March,14,Tuesday,20,25,Urban,High Speed (Arterial),Yes,39.97366667,-75.21936667,Simple Junction,Dark - Lighted,Clear,8:00pm-8:59pm,20,8:00pm-8:59pm,25,Not Applicable (Not Transported),Not Applicable (Not Transported),1,Dark - Lighted,Clear,0,1,[],[],0,0,Invalid,0.0,0.0,999.0,26.0,"['Other', 'Male']",0,0,3,3,5,Dry,Straight,Level,Lowest,No
27549,42,Pennsylvania,420079,0,4,2,2,5,PHILADELPHIA,March,21,Tuesday,21,49,Urban,High Speed (Arterial),Yes,40.02628889,-75.11711111,Complex/Circle,Dark - Lighted,Clear,9:00pm-9:59pm,51,9:00pm-9:59pm,56,10:00pm-10:59pm,16,1,Dark - Lighted,Clear,1,4,['Driver'],['Shoulder_Lapbelt'],0,0,Invalid,0.0,0.0,38.0,20.0,"['Male', 'Male']",3,0,2,4,5,Dry,Straight,Level,Lowest,No
27550,42,Pennsylvania,420080,0,1,1,0,1,NOT APPLICABLE,January,28,Saturday,14,24,Urban,Low Speed (Local),No,41.02205,-76.30033889,Non-Intersection,Daylight,Clear,2:00pm-2:59pm,24,2:00pm-2:59pm,39,3:00pm-3:59pm,22,1,Daylight,Clear,1,0,['Driver'],['None_Used'],1,1,Invalid,0.0,0.0,57.0,57.0,['Male'],0,0,2,4,3,Dry,Curve,Grade/Hillcrest,Lowest,No
27551,42,Pennsylvania,420081,0,2,2,0,2,NOT APPLICABLE,January,27,Friday,17,28,Rural,Medium Speed (Collector),No,39.80142778,-77.60864167,Simple Junction,Dark - Not Lighted,Clear,Unknown,Unknown,Unknown EMS Scene Arrival Hour,Unknown EMS Scene Arrival Minutes,Unknown,Unknown EMS Hospital Arrival Time,1,Dark - Unlighted,Clear,1,1,['Driver'],['Shoulder_Lapbelt'],0,0,Valid,0.0,0.0,67.0,43.0,"['Male', 'Male']",0,0,3,4,5,Dry,Straight,Level,Lowest,No
27552,42,Pennsylvania,420082,0,1,1,0,10,MONROEVILLE,January,26,Thursday,5,41,Urban,Low Speed (Local),No,40.43792222,-79.75633056,Non-Intersection,Dark - Lighted,Snow,5:00am-5:59am,46,5:00am-5:59am,51,Unknown,Unknown EMS Hospital Arrival Time,1,Dark - Lighted,Snow/Ice/Severe,1,8,['Rear_Seat'],['None_Used'],0,0,Valid,0.0,2.0,52.0,52.0,['Female'],10,0,3,4,2,Wet/Standing Water,Curve,Level,Lowest,Yes
27553,42,Pennsylvania,420083,1,1,1,0,1,PHILADELPHIA,January,27,Friday,20,38,Urban,Low Speed (Local),No,40.02894167,-75.11600556,Complex/Circle,Dark - Lighted,Clear,8:00pm-8:59pm,33,8:00pm-8:59pm,41,Not Applicable (Not Transported),Not Applicable (Not Transported),1,Dark - Lighted,Clear,0,1,[],[],0,0,Invalid,0.0,0.0,42.0,42.0,['Male'],0,0,3,2,4,Dry,Straight,Level,Lowest,No
27554,42,Pennsylvania,420084,1,1,1,0,1,NOT APPLICABLE,January,27,Friday,18,14,Urban,High Speed (Arterial),Yes,40.25954444,-76.77485556,Non-Intersection,Dark - Not Lighted,Clear,Unknown,Unknown,Unknown EMS Scene Arrival Hour,Unknown EMS Scene Arrival Minutes,Unknown,Unknown EMS Hospital Arrival Time,1,Dark - Unlighted,Clear,0,1,[],[],0,0,Valid,0.0,0.0,22.0,22.0,['Male'],0,0,3,3,4,Dry,Straight,Level,Lowest,No
27555,42,Pennsylvania,420085,0,2,2,0,2,NOT APPLICABLE,January,28,Saturday,3,27,Urban,High Speed (Arterial),Yes,40.09351944,-75.4172,Non-Intersection,Dark - Not Lighted,Clear,3:00am-3:59am,28,3:00am-3:59am,35,4:00am-4:59am,14,1,Dark - Unlighted,Clear,1,0,['Driver'],['None_Used'],1,1,Valid,0.0,0.0,41.0,29.0,"['Male', 'Female']",1,0,2,4,5,Dry,Curve,Level,Medium,No
27556,42,Pennsylvania,420086,0,2,2,0,4,NOT APPLICABLE,January,29,Sunday,16,2,Rural,High Speed (Arterial),Yes,40.54418889,-75.67878611,Complex/Circle,Daylight,Clear,Unknown,Unknown,Unknown EMS Scene Arrival Hour,Unknown EMS Scene Arrival Minutes,Unknown,Unknown EMS Hospital Arrival Time,2,Daylight,Clear,2,1,"['Front_Passenger', 'Rear_Seat']","['Shoulder_Lapbelt', 'Shoulder_Lapbelt']",0,0,Valid,0.0,1.0,39.0,25.0,"['Male', 'Male']",0,0,4,4,5,Dry,Straight,Level,Lowest,No
27557,42,Pennsylvania,420087,0,1,1,0,2,NOT APPLICABLE,January,30,Monday,0,38,Rural,Medium Speed (Collector),No,41.26078333,-75.69153889,Non-Intersection,Dark - Not Lighted,Clear,0:00am-0:59am,40,0:00am-0:59am,57,1:00am-1:59am,30,1,Dark - Unlighted,Clear,1,0,['Driver'],['None_Used'],1,1,Valid,0.0,0.0,22.0,22.0,['Male'],2,0,3,4,3,Dry,Straight,Level,Lowest,No
27558,42,Pennsylvania,420088,0,1,1,0,1,NOT APPLICABLE,January,31,Tuesday,2,1,Urban,Medium Speed (Collector),No,40.36641944,-79.74649167,Non-Intersection,Dark - Not Lighted,Snow,2:00am-2:59am,3,2:00am-2:59am,14,2:00am-2:59am,49,1,Dark - Unlighted,Snow/Ice/Severe,1,0,['Driver'],['None_Used'],0,0,Valid,0.0,0.0,41.0,41.0,['Male'],1,0,3,4,2,Icy/Snowy,Straight,Level,Lowest,Yes
27559,42,Pennsylvania,420089,0,3,3,0,3,NOT APPLICABLE,March,1,Wednesday,13,4,Rural,High Speed (Arterial),Yes,40.08954722,-77.84803333,Non-Intersection,Daylight,Clear,Unknown,Unknown,Unknown EMS Scene Arrival Hour,Unknown EMS Scene Arrival Minutes,Not Applicable (Not Transported),Not Applicable (Not Transported),1,Daylight,Clear,1,2,['Driver'],['Lapbelt_Only'],1,1,Valid,0.0,1.0,57.0,35.0,"['Male', 'Male', 'Male']",0,0,4,4,5,Dry,Straight,Level,Lowest,No
27560,42,Pennsylvania,420090,1,1,1,0,1,PHILADELPHIA,March,28,Tuesday,2,0,Urban,High Speed (Arterial),Yes,39.91710833,-75.24629444,Complex/Circle,Dark - Lighted,Clear,2:00am-2:59am,5,2:00am-2:59am,11,Not Applicable (Not Transported),Not Applicable (Not Transported),1,Dark - Lighted,Clear,0,1,[],[],0,0,Valid,0.0,0.0,65.0,65.0,['Male'],0,0,2,3,4,Dry,Straight,Level,Lowest,No
27561,42,Pennsylvania,420091,0,4,2,2,2,NOT APPLICABLE,April,2,Sunday,12,49,Urban,Medium Speed (Collector),No,40.81204722,-80.12598611,Non-Intersection,Daylight,Clear,Unknown,Unknown,Unknown EMS Scene Arrival Hour,Unknown EMS Scene Arrival Minutes,Unknown,Unknown EMS Hospital Arrival Time,1,Daylight,Clear,1,1,['Driver'],['Shoulder_Lapbelt'],0,0,Valid,0.0,1.0,85.0,21.0,"['Female', 'Male']",0,0,2,4,5,Dry,Straight,Level,Lowest,No
27562,42,Pennsylvania,420092,0,1,1,0,1,NOT APPLICABLE,January,31,Tuesday,9,41,Rural,Low Speed (Local),No,39.92411111,-79.72738889,Non-Intersection,Daylight,Snow,9:00am-9:59am,41,9:00am-9:59am,46,10:00am-10:59am,9,1,Daylight,Snow/Ice/Severe,1,0,['Driver'],['None_Used'],0,0,Valid,0.0,0.0,62.0,62.0,['Male'],0,0,2,4,3,Dry,Straight,Non-Trafficway,Medium,No
27563,42,Pennsylvania,420093,1,1,1,0,1,KINGSTON,January,30,Monday,17,40,Urban,Low Speed (Local),No,41.26390556,-75.89923056,Complex/Circle,Dark - Lighted,Clear,5:00pm-5:59pm,43,5:00pm-5:59pm,47,6:00pm-6:59pm,10,1,Dark - Lighted,Clear,0,1,[],[],0,0,Valid,1.0,0.0,35.0,35.0,['Female'],0,0,3,2,4,Dry,Straight,Level,Lowest,No
27564,42,Pennsylvania,420094,1,1,1,0,1,PHILADELPHIA,January,31,Tuesday,18,43,Urban,High Speed (Arterial),Yes,40.01502222,-75.15593056,Non-Intersection,Dark - Lighted,Clear,6:00pm-6:59pm,45,6:00pm-6:59pm,56,Not Applicable (Not Transported),Not Applicable (Not Transported),1,Dark - Lighted,Clear,0,1,[],[],0,0,Valid,2.0,0.0,26.0,26.0,['Male'],1,0,2,3,4,Dry,Straight,Level,Lowest,No
27565,42,Pennsylvania,420095,0,2,2,0,3,NOT APPLICABLE,January,31,Tuesday,11,27,Rural,High Speed (Arterial),Yes,41.70975,-78.69421389,Non-Intersection,Daylight,Clear,Not Applicable (Not Notified),Not Applicable (Not Notified),Not Applicable,Not Applicable,Not Applicable (Not Transported),Not Applicable (Not Transported),1,Daylight,Clear,1,2,['Driver'],['Shoulder_Lapbelt'],0,0,Valid,0.0,0.0,81.0,81.0,"['Male', 'Male']",0,0,3,4,5,Wet/Standing Water,Straight,Level,Lowest,No
27566,42,Pennsylvania,420096,0,1,1,0,2,EAST ROCHESTER,January,30,Monday,23,47,Urban,High Speed (Arterial),Yes,40.69548333,-80.26531667,Simple Junction,Dark - Lighted,Blowing Snow,Unknown,Unknown,Unknown EMS Scene Arrival Hour,Unknown EMS Scene Arrival Minutes,Unknown,Unknown EMS Hospital Arrival Time,1,Dark - Lighted,Snow/Ice/Severe,1,1,['Front_Passenger'],['Shoulder_Lapbelt'],1,1,Valid,0.0,0.0,17.0,17.0,['Male'],2,0,2,4,2,Dry,Straight,Level,Lowest,No
27567,42,Pennsylvania,420097,0,2,1,1,1,LEBANON,February,1,Wednesday,10,37,Urban,Low Speed (Local),No,40.33856389,-76.40428611,Non-Intersection,Daylight,Clear,Unknown,Unknown,Unknown EMS Scene Arrival Hour,Unknown EMS Scene Arrival Minutes,Unknown,Unknown EMS Hospital Arrival Time,1,Daylight,Clear,1,0,['Driver'],['Shoulder_Lapbelt'],0,0,Valid,1.0,0.0,75.0,75.0,['Female'],0,0,3,4,3,Dry,Straight,Level,Lowest,No
27568,42,Pennsylvania,420098,1,1,1,0,1,NOT APPLICABLE,February,1,Wednesday,5,58,Urban,High Speed (Arterial),Yes,40.22474167,-75.13095556,Non-Intersection,Dark - Not Lighted,Rain,2:00pm-2:59pm,58,3:00pm-3:59pm,3,Not Applicable (Not Transported),Not Applicable (Not Transported),1,Dark - Unlighted,Rain/Wind/Minor,0,1,[],[],0,0,Valid,0.0,0.0,32.0,32.0,['Male'],1,0,3,4,4,Icy/Snowy,Straight,Level,Lowest,No
27569,42,Pennsylvania,420099,0,1,1,0,1,NOT APPLICABLE,February,2,Thursday,14,57,Urban,High Speed (Arterial),Yes,41.21660556,-75.98760278,Non-Intersection,Daylight,Clear,2:00pm-2:59pm,52,2:00pm-2:59pm,56,3:00pm-3:59pm,27,1,Daylight,Clear,1,0,['Driver'],['Shoulder_Only'],0,0,Valid,0.0,0.0,51.0,51.0,['Male'],1,0,3,4,3,Dry,Straight,Grade/Hillcrest,Lowest,No
27570,42,Pennsylvania,420100,0,2,2,0,2,NOT APPLICABLE,February,2,Thursday,7,2,Rural,Low Speed (Local),No,40.57322222,-77.61477778,Non-Intersection,Dawn,Clear,7:00am-7:59am,4,7:00am-7:59am,5,7:00am-7:59am,23,1,Twilight,Clear,1,0,['Driver'],['None_Used'],0,0,Valid,0.0,1.0,46.0,32.0,"['Female', 'Male']",0,0,5,4,5,Dry,Straight,Level,Lowest,No
27571,42,Pennsylvania,420101,0,2,2,0,3,NOT APPLICABLE,February,2,Thursday,1,39,Rural,Low Speed (Local),No,40.10481667,-75.313325,Non-Intersection,Dark - Lighted,Clear,1:00am-1:59am,40,1:00am-1:59am,48,2:00am-2:59am,30,1,Dark - Lighted,Clear,1,2,['Driver'],['Shoulder_Lapbelt'],1,1,Valid,1.0,0.0,31.0,22.0,"['Male', 'Male']",1,0,3,4,5,Dry,Straight,Level,Lowest,No
27572,42,Pennsylvania,420102,0,1,1,0,1,PHILADELPHIA,February,3,Friday,18,53,Urban,Low Speed (Local),No,39.93230556,-75.21905556,Non-Intersection,Dark - Lighted,Clear,6:00pm-6:59pm,51,6:00pm-6:59pm,56,7:00pm-7:59pm,18,1,Dark - Lighted,Clear,1,0,['Driver'],['Shoulder_Lapbelt'],1,1,Valid,1.0,1.0,62.0,62.0,['Female'],0,0,2,4,3,Dry,Straight,Level,Lowest,No
27573,42,Pennsylvania,420103,1,1,1,0,1,PHILADELPHIA,February,4,Saturday,19,45,Urban,High Speed (Arterial),Yes,39.98980278,-75.12537778,Complex/Circle,Dark - Lighted,Clear,7:00pm-7:59pm,48,7:00pm-7:59pm,52,8:00pm-8:59pm,11,1,Dark - Lighted,Clear,0,1,[],[],0,0,Invalid,0.0,0.0,999.0,999.0,['Other'],0,0,1,3,4,Dry,Straight,Level,Lowest,No
27574,42,Pennsylvania,420104,1,1,1,0,1,NOT APPLICABLE,February,4,Saturday,16,55,Urban,Medium Speed (Collector),No,40.86158611,-79.96932778,Non-Intersection,Daylight,Clear,4:00pm-4:59pm,57,5:00pm-5:59pm,0,6:00pm-6:59pm,41,1,Daylight,Clear,0,1,[],[],0,0,Valid,0.0,0.0,30.0,30.0,['Male'],0,0,3,3,4,Dry,Straight,Level,Lowest,No
27575,42,Pennsylvania,420105,1,1,1,0,1,NOT APPLICABLE,February,5,Sunday,19,31,Urban,Medium Speed (Collector),No,40.02700278,-79.58068056,Non-Intersection,Dark - Not Lighted,Not Reported,7:00pm-7:59pm,32,7:00pm-7:59pm,35,7:00pm-7:59pm,53,1,Dark - Unlighted,Clear,0,1,[],[],1,1,Invalid,0.0,0.0,42.0,42.0,['Male'],1,0,3,3,4,Dry,Straight,Level,Lowest,No
27576,42,Pennsylvania,420106,0,2,1,1,1,NOT APPLICABLE,February,5,Sunday,3,11,Urban,Medium Speed (Collector),No,39.90059167,-75.26089444,Non-Intersection,Dark - Lighted,Clear,7:00am-7:59am,14,7:00am-7:59am,19,Not Applicable (Not Transported),Not Applicable (Not Transported),1,Dark - Lighted,Clear,1,0,['Driver'],['None_Used'],1,1,Valid,1.0,0.0,45.0,45.0,['Male'],0,0,2,4,5,Dry,Curve,Level,Lowest,No
27577,42,Pennsylvania,420107,0,1,1,0,2,NOT APPLICABLE,February,6,Monday,8,39,Urban,High Speed (Arterial),Yes,40.44503889,-80.09971389,Non-Intersection,Daylight,Not Reported,8:00am-8:59am,42,8:00am-8:59am,48,9:00am-9:59am,1,1,Daylight,Clear,1,1,['Driver'],['Shoulder_Only'],0,0,Valid,0.0,0.0,34.0,34.0,['Male'],0,0,3,4,2,Dry,Straight,Grade/Hillcrest,Lowest,No
27578,42,Pennsylvania,420108,0,2,2,0,3,NOT APPLICABLE,February,6,Monday,14,1,Rural,High Speed (Arterial),Yes,39.91374722,-77.81144722,Non-Intersection,Daylight,Clear,Unknown,Unknown,Unknown EMS Scene Arrival Hour,Unknown EMS Scene Arrival Minutes,Unknown,Unknown EMS Hospital Arrival Time,2,Daylight,Clear,2,1,"['Driver', 'Driver']","['Shoulder_Lapbelt', 'Lapbelt_Only']",0,0,Valid,1.0,1.0,69.0,42.0,"['Male', 'Female']",0,0,3,4,5,Dry,Straight,Level,Medium,No
27579,42,Pennsylvania,420109,0,2,2,0,2,NOT APPLICABLE,February,7,Tuesday,5,7,Urban,High Speed (Arterial),Yes,40.20055833,-75.12083333,Non-Intersection,Dark - Not Lighted,Clear,5:00am-5:59am,11,5:00am-5:59am,18,Unknown,Unknown EMS Hospital Arrival Time,1,Dark - Unlighted,Clear,1,1,['Driver'],['None_Used'],0,0,Valid,3.0,0.0,58.0,19.0,"['Male', 'Male']",0,0,4,4,5,Dry,Straight,Level,Lowest,No
27580,42,Pennsylvania,420110,0,3,3,0,7,NOT APPLICABLE,March,20,Monday,15,36,Rural,Medium Speed (Collector),No,39.96696389,-79.58956667,Non-Intersection,Daylight,Clear,Unknown,Unknown,Unknown EMS Scene Arrival Hour,Unknown EMS Scene Arrival Minutes,Unknown,Unknown EMS Hospital Arrival Time,1,Daylight,Clear,1,5,['Driver'],['Shoulder_Lapbelt'],1,1,Invalid,0.0,0.0,73.0,56.0,"['Female', 'Male', 'Male']",1,0,3,4,5,Dry,Straight,Level,Lowest,No
27581,42,Pennsylvania,420111,0,3,3,0,5,NOT APPLICABLE,April,7,Friday,9,8,Urban,Medium Speed (Collector),No,41.23101111,-76.73436111,Non-Intersection,Daylight,Clear,9:00am-9:59am,9,9:00am-9:59am,16,9:00am-9:59am,44,1,Daylight,Clear,1,4,['Driver'],['None_Used'],0,0,Valid,1.0,0.0,84.0,20.0,"['Male', 'Male', 'Female']",0,0,5,4,5,Dry,Straight,Level,Lowest,No
27582,42,Pennsylvania,420112,0,2,2,0,2,NOT APPLICABLE,February,7,Tuesday,11,55,Rural,Medium Speed (Collector),No,41.06681111,-76.85329167,Non-Intersection,Daylight,Clear,11:00am-11:59am,54,12:00pm-12:59pm,4,12:00pm-12:59pm,31,1,Daylight,Clear,1,1,['Driver'],['None_Used'],1,1,Valid,1.0,0.0,60.0,30.0,"['Male', 'Male']",1,0,3,4,5,Dry,Curve,Level,Lowest,No
27583,42,Pennsylvania,420113,0,1,1,0,1,NOT APPLICABLE,February,9,Thursday,9,56,Urban,Medium Speed (Collector),No,40.45564444,-75.94689722,Non-Intersection,Daylight,Cloudy,Unknown,Unknown,Unknown EMS Scene Arrival Hour,Unknown EMS Scene Arrival Minutes,Not Applicable (Not Transported),Not Applicable (Not Transported),1,Daylight,Reduced Visibility,1,0,['Driver'],['Shoulder_Lapbelt'],0,0,Valid,0.0,0.0,31.0,31.0,['Male'],1,0,2,4,3,Dry,Straight,Level,Lowest,No
27584,42,Pennsylvania,420114,0,1,1,0,2,NOT APPLICABLE,February,9,Thursday,16,45,Rural,High Speed (Arterial),Yes,40.41411389,-76.57865278,Non-Intersection,Daylight,Clear,Unknown,Unknown,Unknown EMS Scene Arrival Hour,Unknown EMS Scene Arrival Minutes,Unknown,Unknown EMS Hospital Arrival Time,1,Daylight,Clear,1,1,['Rear_Seat'],['Shoulder_Lapbelt'],0,0,Invalid,0.0,0.0,54.0,54.0,['Male'],0,0,3,3,3,Dry,Straight,Level,Lowest,No
27585,42,Pennsylvania,420115,1,1,1,0,1,NOT APPLICABLE,February,1,Wednesday,6,46,Urban,High Speed (Arterial),Yes,41.91950556,-79.15011944,Non-Intersection,Dark - Unknown Lighting,Clear,Unknown,Unknown,Unknown EMS Scene Arrival Hour,Unknown EMS Scene Arrival Minutes,Not Applicable (Not Transported),Not Applicable (Not Transported),1,Dark - Unlighted,Clear,0,1,[],[],0,0,Valid,0.0,0.0,64.0,64.0,['Male'],0,0,3,2,4,Dry,Straight,Level,Lowest,No
27586,42,Pennsylvania,420116,0,2,2,0,3,NOT APPLICABLE,February,9,Thursday,15,2,Urban,Medium Speed (Collector),No,39.87698056,-75.69336389,Simple Junction,Daylight,Clear,2:00pm-2:59pm,58,3:00pm-3:59pm,6,Unknown,Unknown EMS Hospital Arrival Time,1,Daylight,Clear,1,1,['Front_Passenger'],['None_Used'],1,1,Valid,0.0,2.0,63.0,28.0,"['Male', 'Female']",0,0,3,4,5,Dry,Straight,Level,Lowest,No
27587,42,Pennsylvania,420117,0,2,2,0,1,NOT APPLICABLE,February,2,Thursday,12,39,Urban,Medium Speed (Collector),No,39.94797778,-75.96367778,Non-Intersection,Daylight,Clear,12:00pm-12:59pm,40,12:00pm-12:59pm,47,1:00pm-1:59pm,44,1,Daylight,Clear,1,0,['Driver'],['None_Used'],0,0,Valid,1.0,0.0,96.0,96.0,['Female'],0,0,4,4,5,Dry,Straight,Level,Lowest,No
27588,42,Pennsylvania,420118,1,1,1,0,1,PITTSBURGH,February,9,Thursday,15,5,Urban,Low Speed (Local),No,40.44441667,-79.91776111,Complex/Circle,Daylight,Clear,3:00pm-3:59pm,6,3:00pm-3:59pm,11,3:00pm-3:59pm,26,1,Daylight,Clear,0,1,[],[],0,0,Valid,0.0,0.0,49.0,49.0,['Female'],0,0,3,2,4,Dry,Straight,Level,Lowest,No
27589,42,Pennsylvania,420119,0,1,1,0,1,NOT APPLICABLE,February,10,Friday,16,32,Rural,Medium Speed (Collector),No,41.80660556,-77.77698333,Non-Intersection,Daylight,Rain,4:00pm-4:59pm,30,4:00pm-4:59pm,46,Not Applicable (Not Transported),Not Applicable (Not Transported),1,Daylight,Rain/Wind/Minor,1,0,['Driver'],['None_Used'],1,1,Valid,1.0,0.0,31.0,31.0,['Male'],1,0,3,4,3,Wet/Standing Water,Curve,Grade/Hillcrest,Lowest,Yes
27590,42,Pennsylvania,420120,0,2,2,0,2,PHILADELPHIA,February,9,Thursday,19,28,Urban,Low Speed (Local),No,40.00926944,-75.09018333,Complex/Circle,Dark - Lighted,Clear,7:00pm-7:59pm,28,7:00pm-7:59pm,41,8:00pm-8:59pm,12,1,Dark - Lighted,Clear,1,1,['Driver'],['None_Used'],0,0,Valid,0.0,0.0,68.0,18.0,"['Male', 'Female']",0,0,3,4,5,Dry,Straight,Level,Medium,No
27591,42,Pennsylvania,420121,0,1,1,0,1,NOT APPLICABLE,February,9,Thursday,16,2,Urban,High Speed (Arterial),Yes,40.295975,-76.97923056,Non-Intersection,Daylight,Clear,Unknown,Unknown,Unknown EMS Scene Arrival Hour,Unknown EMS Scene Arrival Minutes,Not Applicable (Not Transported),Not Applicable (Not Transported),1,Daylight,Clear,1,0,['Driver'],['Shoulder_Lapbelt'],0,0,Valid,1.0,0.0,18.0,18.0,['Male'],1,0,2,4,3,Dry,Curve,Level,Lowest,No
27592,42,Pennsylvania,420122,1,2,2,0,2,PHILADELPHIA,April,17,Monday,22,5,Urban,High Speed (Arterial),Yes,40.03224167,-75.10590278,Non-Intersection,Dark - Lighted,Clear,10:00pm-10:59pm,8,10:00pm-10:59pm,26,10:00pm-10:59pm,35,1,Dark - Lighted,Clear,0,2,[],[],0,0,Valid,1.0,0.0,30.0,23.0,"['Male', 'Female']",0,0,3,2,5,Dry,Straight,Level,Lowest,No
27593,42,Pennsylvania,420123,0,2,2,0,4,NOT APPLICABLE,April,20,Thursday,16,49,Urban,High Speed (Arterial),Yes,40.07369444,-75.83416667,Simple Junction,Daylight,Clear,4:00pm-4:59pm,52,5:00pm-5:59pm,0,Unknown,Unknown EMS Hospital Arrival Time,1,Daylight,Clear,1,3,['Driver'],['None_Used'],1,1,Valid,0.0,0.0,61.0,34.0,"['Male', 'Male']",1,0,5,4,5,Dry,Straight,Level,Lowest,No