,State_Code,State_Name,Crash_ID,Count_Non_Motorists,Count_Vehicles_Total,Count_Vehicle_Forms,Count_PVH_Involved,Count_Occupants_MV,City_Name,Month_Name,Day_of_Month,Day_of_Week,Crash_Hour,Crash_Minute,Area_Rural_Urban,Road_Functional_Class,On_NHS_Road,Latitude,Longitude,Intersection_Type,Light_Condition,Weather_Condition,Notif_Hour,Notif_Minute,Arrival_Hour,Arrival_Minute,Hospital_Hour,Hospital_Minute,Fatalities_Count,Clean_Light_Condition,Clean_Weather_Condition,Total_Killed,Total_Alive,Fatal_Seats_List,Killed_Restraint_List,Any_Driver_Drinking,Total_Drinking_Drivers,Driver_License_Category,Driver_Max_Prev_Accident_Count,Driver_Max_Prev_Speeding_Count,Max_Driver_Age,Min_Driver_Age,Driver_Sex_List,Total_Exceeding_Limit_Vehicles,Total_Too_Fast_Vehicles,Max_Vehicle_Type_Severity_5,Max_Vehicle_Damage_Rank,Max_Harmful_Event_Severity,Crash_Road_Surface_Condition,Crash_Horizontal_Alignment,Crash_Vertical_Profile,Crash_Impairment_Category,Crash_Vehicle_Defect
27594,42,Pennsylvania,420124,2,2,2,0,1,NOT APPLICABLE,April,21,Friday,22,34,Urban,Medium Speed (Collector),No,39.96099722,-75.90390278,Non-Intersection,Dark - Not Lighted,Clear,10:00pm-10:59pm,35,10:00pm-10:59pm,39,11:00pm-11:59pm,14,1,Dark - Unlighted,Clear,0,1,[],[],1,1,Valid,0.0,0.0,54.0,54.0,['Male'],1,0,3,3,5,Dry,Straight,Level,Lowest,No
27595,42,Pennsylvania,420125,0,1,1,0,5,NOT APPLICABLE,February,12,Sunday,2,25,Urban,High Speed (Arterial),Yes,40.16164167,-75.47940833,Non-Intersection,Dark - Not Lighted,Cloudy,2:00am-2:59am,26,2:00am-2:59am,36,3:00am-3:59am,27,2,Dark - Unlighted,Reduced Visibility,2,1,"['Rear_Seat', 'Rear_Seat']","['None_Used', 'None_Used']",0,0,Valid,0.0,0.0,21.0,21.0,['Male'],5,0,3,4,3,Dry,Straight,Grade/Hillcrest,Lowest,No
27596,42,Pennsylvania,420126,0,1,1,0,1,NOT APPLICABLE,February,12,Sunday,15,54,Rural,Medium Speed (Collector),No,40.5686,-79.2455,Non-Intersection,Daylight,Clear,3:00pm-3:59pm,57,4:00pm-4:59pm,9,Not Applicable (Not Transported),Not Applicable (Not Transported),1,Daylight,Clear,1,0,['Driver'],['None_Used'],0,0,Valid,2.0,0.0,63.0,63.0,['Male'],0,0,3,4,3,Dry,Straight,Level,Lowest,No
27597,42,Pennsylvania,420127,0,1,1,0,1,NOT APPLICABLE,February,12,Sunday,17,19,Rural,Low Speed (Local),No,39.97033333,-75.40373333,Non-Intersection,Dusk,Rain,5:00pm-5:59pm,23,5:00pm-5:59pm,29,Not Applicable (Not Transported),Not Applicable (Not Transported),1,Twilight,Rain/Wind/Minor,1,0,['Driver'],['Shoulder_Lapbelt'],0,0,Valid,0.0,0.0,16.0,16.0,['Male'],1,0,2,4,3,Wet/Standing Water,Curve,Grade/Hillcrest,Lowest,Yes
27598,42,Pennsylvania,420128,0,1,1,0,1,NOT APPLICABLE,February,13,Monday,19,31,Rural,Medium Speed (Collector),No,40.07808611,-77.69648333,Non-Intersection,Dark - Not Lighted,Reported as Unknown,Unknown,Unknown,Unknown EMS Scene Arrival Hour,Unknown EMS Scene Arrival Minutes,Not Applicable (Not Transported),Not Applicable (Not Transported),1,Dark - Unlighted,Clear,1,0,['Driver'],['None_Used'],1,1,Valid,0.0,0.0,32.0,32.0,['Male'],0,0,5,3,3,Dry,Curve,Grade/Hillcrest,Lowest,No
27599,42,Pennsylvania,420129,0,1,1,0,1,NOT APPLICABLE,February,16,Thursday,8,41,Rural,Low Speed (Local),No,40.12422222,-75.78319444,Non-Intersection,Dawn,Clear,8:00am-8:59am,38,8:00am-8:59am,50,Not Applicable (Not Transported),Not Applicable (Not Transported),1,Twilight,Clear,1,0,['Driver'],['None_Used'],0,0,Valid,0.0,0.0,28.0,28.0,['Male'],0,0,2,4,3,Dry,Straight,Level,Lowest,No
27600,42,Pennsylvania,420130,1,1,1,0,1,PHILADELPHIA,February,16,Thursday,17,56,Urban,High Speed (Arterial),Yes,40.05775833,-75.0775,Non-Intersection,Daylight,Sleet or Hail,6:00pm-6:59pm,1,6:00pm-6:59pm,14,6:00pm-6:59pm,38,1,Daylight,Snow/Ice/Severe,0,1,[],[],0,0,Valid,0.0,0.0,31.0,31.0,['Female'],0,0,2,3,4,Wet/Standing Water,Straight,Level,Lowest,No
27601,42,Pennsylvania,420131,1,1,1,0,1,NOT APPLICABLE,February,17,Friday,20,57,Urban,Low Speed (Local),No,40.09168056,-75.28890556,Simple Junction,Dark - Lighted,Clear,8:00pm-8:59pm,58,9:00pm-9:59pm,4,9:00pm-9:59pm,30,1,Dark - Lighted,Clear,0,1,[],[],0,0,Valid,1.0,0.0,44.0,44.0,['Female'],0,0,3,4,4,Dry,Straight,Grade/Hillcrest,Lowest,No
27602,42,Pennsylvania,420132,1,1,1,0,1,PHILADELPHIA,February,17,Friday,6,35,Urban,High Speed (Arterial),Yes,39.99391389,-75.15391111,Non-Intersection,Dark - Lighted,Rain,5:00am-5:59am,54,6:00am-6:59am,0,6:00am-6:59am,10,1,Dark - Lighted,Rain/Wind/Minor,0,1,[],[],0,0,Invalid,0.0,0.0,999.0,999.0,['Other'],0,0,1,3,4,Wet/Standing Water,Straight,Level,Lowest,No
27603,42,Pennsylvania,420133,1,1,1,0,1,TITUSVILLE,February,17,Friday,5,51,Urban,Medium Speed (Collector),No,41.62209722,-79.673075,Non-Intersection,Dark - Lighted,Snow,Unknown,Unknown,Unknown EMS Scene Arrival Hour,Unknown EMS Scene Arrival Minutes,Unknown,Unknown EMS Hospital Arrival Time,1,Dark - Lighted,Snow/Ice/Severe,0,1,[],[],0,0,Valid,0.0,1.0,59.0,59.0,['Male'],0,0,3,2,4,Wet/Standing Water,Straight,Level,Lowest,No
27604,42,Pennsylvania,420134,0,1,1,0,2,MIDDLETOWN,February,17,Friday,18,44,Urban,High Speed (Arterial),Yes,40.19876944,-76.73433333,Non-Intersection,Daylight,Reported as Unknown,Unknown,Unknown,Unknown EMS Scene Arrival Hour,Unknown EMS Scene Arrival Minutes,Unknown,Unknown EMS Hospital Arrival Time,1,Daylight,Clear,1,0,['Front_Passenger'],['Shoulder_Lapbelt'],0,0,Invalid,0.0,0.0,55.0,55.0,['Female'],0,0,2,4,3,Dry,Straight,Level,Lowest,No
27605,42,Pennsylvania,420135,0,2,2,0,2,NOT APPLICABLE,February,18,Saturday,5,18,Urban,High Speed (Arterial),Yes,40.34284444,-76.39708611,Complex/Circle,Dark - Lighted,Clear,Unknown,Unknown,Unknown EMS Scene Arrival Hour,Unknown EMS Scene Arrival Minutes,Not Applicable (Not Transported),Not Applicable (Not Transported),1,Dark - Lighted,Clear,1,1,['Driver'],['Shoulder_Lapbelt'],1,1,Valid,0.0,0.0,25.0,21.0,"['Male', 'Male']",1,0,3,4,5,Dry,Straight,Level,Lowest,No
27606,42,Pennsylvania,420136,0,1,1,0,1,RIEGELSVILLE,February,17,Friday,20,36,Rural,High Speed (Arterial),Yes,40.59185833,-75.19453056,Non-Intersection,Dark - Lighted,Clear,8:00pm-8:59pm,39,8:00pm-8:59pm,50,9:00pm-9:59pm,21,1,Dark - Lighted,Clear,1,0,['Driver'],['None_Used'],1,1,Valid,0.0,0.0,32.0,32.0,['Female'],1,0,2,4,3,Dry,Straight,Level,Lowest,No
27607,42,Pennsylvania,420137,0,1,1,0,1,BETHLEHEM,February,18,Saturday,21,51,Urban,High Speed (Arterial),Yes,40.60510556,-75.34096667,Non-Intersection,Dark - Lighted,Clear,Unknown,Unknown,Unknown EMS Scene Arrival Hour,Unknown EMS Scene Arrival Minutes,Unknown,Unknown EMS Hospital Arrival Time,1,Dark - Lighted,Clear,1,0,['Driver'],['Shoulder_Lapbelt'],1,1,Invalid,1.0,0.0,32.0,32.0,['Male'],1,0,2,4,3,Dry,Curve,Level,Lowest,No
27608,42,Pennsylvania,420138,1,1,1,0,1,NOT APPLICABLE,February,19,Sunday,10,16,Urban,High Speed (Arterial),Yes,39.94023056,-75.59051389,Non-Intersection,Daylight,Clear,10:00am-10:59am,16,10:00am-10:59am,20,Not Applicable (Not Transported),Not Applicable (Not Transported),1,Daylight,Clear,0,1,[],[],0,0,Valid,0.0,0.0,24.0,24.0,['Male'],0,0,3,3,4,Dry,Straight,Grade/Hillcrest,Lowest,No
27609,42,Pennsylvania,420139,0,2,2,0,6,PHILADELPHIA,February,20,Monday,1,36,Urban,High Speed (Arterial),Yes,40.03493333,-75.06916667,Complex/Circle,Dark - Lighted,Clear,1:00am-1:59am,40,1:00am-1:59am,45,2:00am-2:59am,21,1,Dark - Lighted,Clear,1,1,['Rear_Seat'],['Shoulder_Lapbelt'],0,0,Valid,0.0,0.0,23.0,18.0,"['Male', 'Male']",6,0,2,4,5,Dry,Straight,Level,Lowest,No
27610,42,Pennsylvania,420140,0,2,2,0,2,NOT APPLICABLE,February,20,Monday,7,55,Rural,Medium Speed (Collector),No,41.91706944,-77.6176,Non-Intersection,Daylight,Clear,8:00am-8:59am,7,8:00am-8:59am,17,9:00am-9:59am,42,1,Daylight,Clear,1,1,['Driver'],['None_Used'],0,0,Valid,0.0,0.0,39.0,25.0,"['Male', 'Male']",0,0,4,4,5,Dry,Straight,Level,Lowest,No
27611,42,Pennsylvania,420141,0,2,2,0,4,NOT APPLICABLE,February,22,Wednesday,16,11,Rural,Medium Speed (Collector),No,40.25207222,-80.49223889,Non-Intersection,Daylight,Clear,4:00pm-4:59pm,11,4:00pm-4:59pm,33,6:00pm-6:59pm,0,1,Daylight,Clear,1,0,['Driver'],['None_Used'],1,1,Valid,0.0,0.0,58.0,36.0,"['Male', 'Female']",0,0,3,4,5,Wet/Standing Water,Straight,Grade/Hillcrest,Lowest,No
27612,42,Pennsylvania,420142,0,2,2,0,2,NOT APPLICABLE,February,23,Thursday,21,24,Urban,High Speed (Arterial),Yes,39.99650833,-75.40755278,Complex/Circle,Dark - Lighted,Clear,9:00pm-9:59pm,28,9:00pm-9:59pm,33,9:00pm-9:59pm,52,1,Dark - Lighted,Clear,1,1,['Driver'],['None_Used'],0,0,Valid,0.0,0.0,64.0,33.0,"['Male', 'Male']",1,0,5,4,5,Dry,Straight,Level,Lowest,No
27613,42,Pennsylvania,420143,0,1,1,0,2,NOT APPLICABLE,February,23,Thursday,19,16,Rural,Low Speed (Local),No,40.1874,-76.65655278,Non-Intersection,Dark - Not Lighted,Clear,Unknown,Unknown,Unknown EMS Scene Arrival Hour,Unknown EMS Scene Arrival Minutes,Unknown,Unknown EMS Hospital Arrival Time,1,Dark - Unlighted,Clear,1,1,['Driver'],['None_Used'],1,1,Valid,0.0,0.0,54.0,54.0,['Male'],2,0,2,4,3,Wet/Standing Water,Curve,Level,Lowest,No
27614,42,Pennsylvania,420144,0,2,2,0,3,NOT APPLICABLE,February,9,Thursday,15,13,Rural,Medium Speed (Collector),No,40.52805556,-80.38402778,Simple Junction,Daylight,Clear,Unknown,Unknown,Unknown EMS Scene Arrival Hour,Unknown EMS Scene Arrival Minutes,Unknown,Unknown EMS Hospital Arrival Time,1,Daylight,Clear,1,2,['Front_Passenger'],['Shoulder_Lapbelt'],0,0,Valid,0.0,0.0,80.0,68.0,"['Male', 'Female']",0,0,3,4,5,Dry,Straight,Level,Lowest,No
27615,42,Pennsylvania,420145,0,1,1,0,1,NOT APPLICABLE,February,24,Friday,9,40,Urban,High Speed (Arterial),Yes,39.81668889,-79.77831667,Non-Intersection,Daylight,Clear,9:00am-9:59am,44,9:00am-9:59am,47,Not Applicable (Not Transported),Not Applicable (Not Transported),1,Daylight,Clear,1,0,['Driver'],['Shoulder_Lapbelt'],0,0,Valid,0.0,0.0,63.0,63.0,['Male'],1,0,4,4,3,Dry,Curve,Grade/Hillcrest,Lowest,No
27616,42,Pennsylvania,420146,0,2,2,0,2,MILLCREEK TOWNSHIP,February,11,Saturday,0,26,Urban,Medium Speed (Collector),No,42.05138889,-80.15860833,Non-Intersection,Dark - Lighted,Clear,Unknown,Unknown,Unknown EMS Scene Arrival Hour,Unknown EMS Scene Arrival Minutes,Unknown,Unknown EMS Hospital Arrival Time,1,Dark - Lighted,Clear,1,1,['Driver'],['Shoulder_Lapbelt'],1,1,Valid,0.0,0.0,50.0,23.0,"['Male', 'Male']",1,0,2,4,5,Dry,Curve,Grade/Hillcrest,Lowest,No
27617,42,Pennsylvania,420147,1,1,1,0,1,NORTH BELLE VERNON,February,24,Friday,8,11,Urban,Medium Speed (Collector),No,40.13056944,-79.85685,Non-Intersection,Daylight,Cloudy,8:00am-8:59am,10,8:00am-8:59am,14,8:00am-8:59am,27,1,Daylight,Reduced Visibility,0,1,[],[],0,0,Valid,0.0,0.0,32.0,32.0,['Female'],0,0,2,2,4,Dry,Straight,Level,Lowest,No
27618,42,Pennsylvania,420148,0,2,2,0,3,WILKES BARRE,February,24,Friday,0,4,Urban,Low Speed (Local),No,41.23512222,-75.898825,Simple Junction,Dark - Lighted,Clear,0:00am-0:59am,5,0:00am-0:59am,10,0:00am-0:59am,27,1,Dark - Lighted,Clear,1,0,['Driver'],['None_Used'],1,1,Valid,0.0,0.0,40.0,30.0,"['Male', 'Male']",1,0,5,4,5,Dry,Straight,Level,Lowest,No
27619,42,Pennsylvania,420149,0,2,2,0,2,NOT APPLICABLE,February,13,Monday,18,40,Urban,High Speed (Arterial),Yes,40.65016667,-80.07888889,Complex/Circle,Dark - Lighted,Clear,Unknown,Unknown,Unknown EMS Scene Arrival Hour,Unknown EMS Scene Arrival Minutes,Unknown,Unknown EMS Hospital Arrival Time,1,Dark - Lighted,Clear,1,1,['Driver'],['Shoulder_Lapbelt'],0,0,Valid,1.0,0.0,58.0,42.0,"['Male', 'Male']",1,0,3,4,5,Dry,Straight,Level,Lowest,No
27620,42,Pennsylvania,420150,0,1,1,0,1,MURRYSVILLE,February,25,Saturday,20,26,Urban,High Speed (Arterial),Yes,40.41690556,-79.64505833,Non-Intersection,Dark - Not Lighted,Clear,8:00pm-8:59pm,27,8:00pm-8:59pm,34,9:00pm-9:59pm,8,1,Dark - Unlighted,Clear,1,0,['Driver'],['Shoulder_Lapbelt'],0,0,Valid,0.0,1.0,63.0,63.0,['Male'],0,0,2,4,3,Dry,Straight,Grade/Hillcrest,Lowest,No
27621,42,Pennsylvania,420151,0,2,2,0,3,NOT APPLICABLE,February,14,Tuesday,18,5,Rural,Medium Speed (Collector),No,41.21147222,-80.31725833,Non-Intersection,Dark - Not Lighted,Clear,Unknown,Unknown,Unknown EMS Scene Arrival Hour,Unknown EMS Scene Arrival Minutes,Unknown,Unknown EMS Hospital Arrival Time,1,Dark - Unlighted,Clear,1,2,['Driver'],['Shoulder_Lapbelt'],0,0,Invalid,0.0,0.0,34.0,30.0,"['Female', 'Male']",1,0,3,4,5,Dry,Curve,Grade/Hillcrest,Lowest,No
27622,42,Pennsylvania,420152,1,1,1,0,1,PHILADELPHIA,February,25,Saturday,5,10,Urban,High Speed (Arterial),Yes,39.91337778,-75.144075,Non-Intersection,Dark - Lighted,Clear,4:00am-4:59am,58,5:00am-5:59am,4,Not Applicable (Not Transported),Not Applicable (Not Transported),1,Dark - Lighted,Clear,0,0,[],[],0,0,Invalid,0.0,0.0,999.0,999.0,['Other'],0,0,1,0,4,Dry,Straight,Level,Lowest,No
27623,42,Pennsylvania,420153,1,1,1,0,2,NOT APPLICABLE,February,25,Saturday,17,37,Rural,Low Speed (Local),No,41.15245556,-80.26070278,Non-Intersection,Daylight,Clear,Unknown,Unknown,Unknown EMS Scene Arrival Hour,Unknown EMS Scene Arrival Minutes,Not Applicable (Not Transported),Not Applicable (Not Transported),1,Daylight,Clear,0,2,[],[],0,0,Valid,0.0,0.0,29.0,29.0,['Male'],0,0,3,4,1,Dry,Straight,Level,Lowest,No
27624,42,Pennsylvania,420154,0,1,1,0,1,NOT APPLICABLE,February,26,Sunday,2,39,Rural,Medium Speed (Collector),No,40.89063889,-76.13203056,Non-Intersection,Dark - Not Lighted,Clear,Unknown,Unknown,Unknown EMS Scene Arrival Hour,Unknown EMS Scene Arrival Minutes,Unknown,Unknown EMS Hospital Arrival Time,1,Dark - Unlighted,Clear,1,0,['Driver'],['Shoulder_Lapbelt'],1,1,Valid,0.0,1.0,22.0,22.0,['Male'],1,0,2,4,3,Dry,Curve,Level,Lowest,No
27625,42,Pennsylvania,420155,0,2,2,0,3,NOT APPLICABLE,February,14,Tuesday,15,24,Urban,Medium Speed (Collector),No,40.64315833,-75.31968056,Simple Junction,Daylight,Clear,Unknown,Unknown,Unknown EMS Scene Arrival Hour,Unknown EMS Scene Arrival Minutes,Unknown,Unknown EMS Hospital Arrival Time,1,Daylight,Clear,1,2,['Front_Passenger'],['None_Used'],0,0,Valid,0.0,0.0,89.0,20.0,"['Male', 'Male']",0,0,3,4,5,Dry,Straight,Level,Medium,No
27626,42,Pennsylvania,420156,0,2,2,0,2,NOT APPLICABLE,February,26,Sunday,3,23,Urban,High Speed (Arterial),Yes,40.19038889,-74.88170556,Non-Intersection,Dark - Not Lighted,Clear,3:00am-3:59am,22,3:00am-3:59am,37,Not Applicable (Not Transported),Not Applicable (Not Transported),2,Dark - Unlighted,Clear,2,0,"['Driver', 'Driver']","['Shoulder_Lapbelt', 'Shoulder_Lapbelt']",1,2,Valid,0.0,0.0,31.0,21.0,"['Female', 'Male']",0,0,3,4,5,Dry,Straight,Grade/Hillcrest,Lowest,No
27627,42,Pennsylvania,420157,0,2,2,0,2,NOT APPLICABLE,February,26,Sunday,19,0,Rural,High Speed (Arterial),Yes,41.24742778,-78.74649722,Non-Intersection,Dark - Lighted,Clear,7:00pm-7:59pm,7,7:00pm-7:59pm,13,Not Applicable (Not Transported),Not Applicable (Not Transported),1,Dark - Lighted,Clear,1,1,['Driver'],['None_Used'],0,0,Invalid,0.0,1.0,48.0,42.0,"['Male', 'Male']",1,0,4,4,5,Dry,Curve,Level,Lowest,No
27628,42,Pennsylvania,420158,0,2,2,0,2,NOT APPLICABLE,March,1,Wednesday,13,40,Urban,Low Speed (Local),No,40.64716667,-80.11039444,Non-Intersection,Daylight,Clear,1:00pm-1:59pm,41,1:00pm-1:59pm,47,Not Applicable (Not Transported),Not Applicable (Not Transported),1,Daylight,Clear,1,1,['Driver'],['None_Used'],0,0,Valid,0.0,0.0,40.0,25.0,"['Male', 'Male']",1,0,5,3,5,Dry,Straight,Grade/Hillcrest,Lowest,Yes
27629,42,Pennsylvania,420159,0,1,1,0,1,NOT APPLICABLE,March,2,Thursday,0,31,Urban,High Speed (Arterial),Yes,39.95365,-77.58299167,Non-Intersection,Dark - Not Lighted,Clear,Unknown,Unknown,Unknown EMS Scene Arrival Hour,Unknown EMS Scene Arrival Minutes,Not Applicable (Not Transported),Not Applicable (Not Transported),1,Dark - Unlighted,Clear,1,0,['Driver'],['None_Used'],1,1,Invalid,0.0,0.0,28.0,28.0,['Male'],1,0,2,4,3,Dry,Curve,Level,Lowest,No
27630,42,Pennsylvania,420160,0,2,2,0,11,NOT APPLICABLE,March,2,Thursday,6,31,Rural,Medium Speed (Collector),No,40.79456667,-79.29293889,Complex/Circle,Daylight,Clear,6:00am-6:59am,28,6:00am-6:59am,42,6:00am-6:59am,58,1,Daylight,Clear,1,10,['Driver'],['Shoulder_Lapbelt'],0,0,Valid,0.0,0.0,61.0,55.0,"['Male', 'Male']",0,0,3,4,5,Dry,Straight,Level,Lowest,No
27631,42,Pennsylvania,420161,0,2,2,0,3,NOT APPLICABLE,March,3,Friday,20,25,Rural,High Speed (Arterial),Yes,41.01838889,-78.33661667,Non-Intersection,Dark - Not Lighted,Sleet or Hail,8:00pm-8:59pm,16,8:00pm-8:59pm,43,Unknown,Unknown EMS Hospital Arrival Time,1,Dark - Unlighted,Snow/Ice/Severe,1,1,['Front_Passenger'],['Shoulder_Lapbelt'],0,0,Valid,0.0,1.0,35.0,23.0,"['Male', 'Male']",3,0,4,4,5,Icy/Snowy,Straight,Grade/Hillcrest,Lowest,No
27632,42,Pennsylvania,420162,0,2,2,0,2,NOT APPLICABLE,March,3,Friday,11,4,Rural,High Speed (Arterial),Yes,40.24128611,-76.33663889,Simple Junction,Daylight,Cloudy,Unknown,Unknown,Unknown EMS Scene Arrival Hour,Unknown EMS Scene Arrival Minutes,Unknown,Unknown EMS Hospital Arrival Time,1,Daylight,Reduced Visibility,1,1,['Driver'],['Shoulder_Lapbelt'],1,1,Valid,0.0,0.0,87.0,42.0,"['Male', 'Female']",0,0,3,4,5,Dry,Straight,Level,Lowest,Yes
27633,42,Pennsylvania,420163,0,2,2,0,2,NOT APPLICABLE,March,3,Friday,6,55,Urban,High Speed (Arterial),Yes,40.772575,-76.32118611,Non-Intersection,Daylight,Clear,Unknown,Unknown,Unknown EMS Scene Arrival Hour,Unknown EMS Scene Arrival Minutes,Unknown,Unknown EMS Hospital Arrival Time,1,Daylight,Clear,1,1,['Driver'],['Shoulder_Lapbelt'],0,0,Valid,0.0,0.0,65.0,46.0,"['Male', 'Male']",0,0,3,4,5,Dry,Straight,Level,Lowest,No
27634,42,Pennsylvania,420164,0,2,2,0,2,NOT APPLICABLE,March,4,Saturday,21,5,Rural,Medium Speed (Collector),No,40.37136389,-79.41059444,Non-Intersection,Dark - Not Lighted,Clear,Unknown,Unknown,Unknown EMS Scene Arrival Hour,Unknown EMS Scene Arrival Minutes,Not Applicable (Not Transported),Not Applicable (Not Transported),2,Dark - Unlighted,Clear,2,0,"['Driver', 'Driver']","['None_Used', 'Shoulder_Lapbelt']",1,2,Valid,1.0,0.0,61.0,35.0,"['Male', 'Female']",1,0,3,4,5,Dry,Curve,Level,Lowest,No
27635,42,Pennsylvania,420165,1,1,1,0,1,PHILADELPHIA,March,5,Sunday,19,0,Urban,Medium Speed (Collector),No,40.08586389,-75.03808333,Non-Intersection,Dark - Lighted,Clear,7:00pm-7:59pm,1,7:00pm-7:59pm,3,7:00pm-7:59pm,20,1,Dark - Lighted,Clear,0,1,[],[],0,0,Valid,1.0,0.0,53.0,53.0,['Male'],0,0,3,4,4,Dry,Straight,Level,Lowest,No
27636,42,Pennsylvania,420166,0,1,1,0,1,PHILADELPHIA,March,5,Sunday,22,2,Urban,High Speed (Arterial),Yes,39.99377778,-75.21775556,Non-Intersection,Dark - Lighted,Clear,10:00pm-10:59pm,7,10:00pm-10:59pm,10,10:00pm-10:59pm,26,1,Dark - Lighted,Clear,1,0,['Driver'],['Shoulder_Lapbelt'],1,1,Valid,0.0,0.0,32.0,32.0,['Female'],1,0,3,4,3,Dry,Straight,Grade/Hillcrest,Lowest,No
27637,42,Pennsylvania,420167,0,2,2,0,3,NOT APPLICABLE,March,6,Monday,14,38,Rural,Low Speed (Local),No,39.75273611,-76.35611389,Non-Intersection,Daylight,Clear,Unknown,Unknown,Unknown EMS Scene Arrival Hour,Unknown EMS Scene Arrival Minutes,Unknown,Unknown EMS Hospital Arrival Time,1,Daylight,Clear,1,2,['Driver'],['None_Used'],0,0,Valid,0.0,0.0,56.0,29.0,"['Male', 'Female']",0,0,3,4,5,Dry,Straight,Level,Lowest,No
27638,42,Pennsylvania,420168,0,2,2,0,3,ERIE,March,8,Wednesday,15,18,Urban,Low Speed (Local),No,42.11431389,-80.050425,Complex/Circle,Daylight,Clear,Unknown,Unknown,Unknown EMS Scene Arrival Hour,Unknown EMS Scene Arrival Minutes,Unknown,Unknown EMS Hospital Arrival Time,1,Daylight,Clear,1,2,['Driver'],['Shoulder_Lapbelt'],0,0,Valid,0.0,0.0,91.0,35.0,"['Female', 'Female']",0,0,3,4,5,Dry,Straight,Level,Lowest,No
27639,42,Pennsylvania,420169,0,1,1,0,2,NOT APPLICABLE,March,8,Wednesday,11,15,Rural,Medium Speed (Collector),No,40.11328889,-77.24431667,Non-Intersection,Daylight,Clear,Unknown,Unknown,Unknown EMS Scene Arrival Hour,Unknown EMS Scene Arrival Minutes,Unknown,Unknown EMS Hospital Arrival Time,1,Daylight,Clear,1,1,['Front_Passenger'],['None_Used'],0,0,Valid,1.0,0.0,40.0,40.0,['Male'],0,0,2,4,3,Dry,Straight,Level,Medium,No
27640,42,Pennsylvania,420170,0,1,1,0,1,NOT APPLICABLE,February,19,Sunday,20,32,Rural,Medium Speed (Collector),No,40.08898333,-78.52766944,Simple Junction,Dark - Not Lighted,Clear,Unknown,Unknown,Unknown EMS Scene Arrival Hour,Unknown EMS Scene Arrival Minutes,Not Applicable (Not Transported),Not Applicable (Not Transported),1,Dark - Unlighted,Clear,1,0,['Driver'],['Shoulder_Lapbelt'],1,1,Valid,0.0,0.0,52.0,52.0,['Male'],0,0,3,4,2,Dry,Straight,Level,Lowest,No
27641,42,Pennsylvania,420171,0,1,1,0,2,WEST HOMESTEAD,March,9,Thursday,0,46,Urban,High Speed (Arterial),Yes,40.39626389,-79.92524722,Simple Junction,Dark - Lighted,Clear,0:00am-0:59am,49,0:00am-0:59am,55,1:00am-1:59am,33,1,Dark - Lighted,Clear,1,1,['Front_Passenger'],['None_Used'],1,1,Invalid,0.0,0.0,51.0,51.0,['Male'],2,0,2,4,3,Dry,Straight,Level,Lowest,No
27642,42,Pennsylvania,420172,0,1,1,0,2,NOT APPLICABLE,March,9,Thursday,19,59,Rural,Low Speed (Local),No,41.87187222,-76.88166111,Non-Intersection,Dark - Not Lighted,Clear,7:00pm-7:59pm,57,8:00pm-8:59pm,15,8:00pm-8:59pm,48,1,Dark - Unlighted,Clear,1,1,['Front_Passenger'],['None_Used'],0,0,Valid,0.0,0.0,32.0,32.0,['Female'],2,0,3,4,3,Dry,Curve,Grade/Hillcrest,Lowest,No
27643,42,Pennsylvania,420173,0,2,2,0,2,PHILADELPHIA,March,9,Thursday,22,34,Urban,Medium Speed (Collector),No,40.09643889,-74.95892222,Non-Intersection,Dark - Lighted,Clear,10:00pm-10:59pm,32,10:00pm-10:59pm,37,10:00pm-10:59pm,54,1,Dark - Lighted,Clear,1,1,['Driver'],['Shoulder_Lapbelt'],0,0,Valid,0.0,0.0,52.0,24.0,"['Male', 'Male']",0,0,3,4,5,Dry,Straight,Level,Lowest,No
27644,42,Pennsylvania,420174,0,2,2,0,2,NOT APPLICABLE,February,20,Monday,5,21,Urban,Medium Speed (Collector),No,40.27963889,-78.94477778,Non-Intersection,Dark - Lighted,Cloudy,Unknown,Unknown,Unknown EMS Scene Arrival Hour,Unknown EMS Scene Arrival Minutes,Unknown,Unknown EMS Hospital Arrival Time,1,Dark - Lighted,Reduced Visibility,1,1,['Driver'],['Shoulder_Lapbelt'],1,1,Valid,0.0,0.0,66.0,58.0,"['Female', 'Male']",0,0,3,4,5,Dry,Straight,Level,Lowest,No
27645,42,Pennsylvania,420175,0,2,1,1,1,PHILADELPHIA,March,11,Saturday,3,10,Urban,High Speed (Arterial),Yes,40.00048611,-75.15322778,Non-Intersection,Dark - Lighted,Clear,3:00am-3:59am,10,3:00am-3:59am,12,Not Applicable (Not Transported),Not Applicable (Not Transported),1,Dark - Lighted,Clear,1,0,['Driver'],['Shoulder_Lapbelt'],1,1,Valid,0.0,0.0,31.0,31.0,['Male'],1,0,2,4,3,Dry,Straight,Level,Lowest,No
27646,42,Pennsylvania,420176,1,1,1,0,1,FAIRVIEW,February,25,Saturday,6,46,Urban,Medium Speed (Collector),No,42.05877222,-80.24135,Non-Intersection,Dark - Not Lighted,Snow,Unknown,Unknown,Unknown EMS Scene Arrival Hour,Unknown EMS Scene Arrival Minutes,Unknown,Unknown EMS Hospital Arrival Time,1,Dark - Unlighted,Snow/Ice/Severe,0,1,[],[],0,0,Valid,0.0,0.0,68.0,68.0,['Female'],0,0,3,3,4,Wet/Standing Water,Straight,Level,Lowest,No