,State_Code,State_Name,Crash_ID,Count_Non_Motorists,Count_Vehicles_Total,Count_Vehicle_Forms,Count_PVH_Involved,Count_Occupants_MV,City_Name,Month_Name,Day_of_Month,Day_of_Week,Crash_Hour,Crash_Minute,Area_Rural_Urban,Road_Functional_Class,On_NHS_Road,Latitude,Longitude,Intersection_Type,Light_Condition,Weather_Condition,Notif_Hour,Notif_Minute,Arrival_Hour,Arrival_Minute,Hospital_Hour,Hospital_Minute,Fatalities_Count,Clean_Light_Condition,Clean_Weather_Condition,Total_Killed,Total_Alive,Fatal_Seats_List,Killed_Restraint_List,Any_Driver_Drinking,Total_Drinking_Drivers,Driver_License_Category,Driver_Max_Prev_Accident_Count,Driver_Max_Prev_Speeding_Count,Max_Driver_Age,Min_Driver_Age,Driver_Sex_List,Total_Exceeding_Limit_Vehicles,Total_Too_Fast_Vehicles,Max_Vehicle_Type_Severity_5,Max_Vehicle_Damage_Rank,Max_Harmful_Event_Severity,Crash_Road_Surface_Condition,Crash_Horizontal_Alignment,Crash_Vertical_Profile,Crash_Impairment_Category,Crash_Vehicle_Defect
27647,42,Pennsylvania,420177,0,1,1,0,2,NOT APPLICABLE,March,11,Saturday,23,18,Urban,High Speed (Arterial),Yes,40.14957222,-80.19905556,Non-Intersection,Dark - Not Lighted,Clear,11:00pm-11:59pm,16,11:00pm-11:59pm,22,Not Applicable (Not Transported),Not Applicable (Not Transported),2,Dark - Unlighted,Clear,2,0,"['Driver', 'Front_Passenger']","['Shoulder_Lapbelt', 'Shoulder_Lapbelt']",0,0,Valid,0.0,0.0,17.0,17.0,['Male'],0,0,2,4,3,Dry,Straight,Level,Lowest,No
27648,42,Pennsylvania,420178,0,1,1,0,1,NOT APPLICABLE,March,14,Tuesday,18,5,Rural,Medium Speed (Collector),No,40.36787222,-79.46461389,Non-Intersection,Daylight,Snow,6:00pm-6:59pm,5,6:00pm-6:59pm,11,6:00pm-6:59pm,32,1,Daylight,Snow/Ice/Severe,1,0,['Driver'],['None_Used'],0,0,Invalid,1.0,0.0,56.0,56.0,['Male'],0,0,3,4,3,Wet/Standing Water,Curve,Grade/Hillcrest,Lowest,No
27649,42,Pennsylvania,420179,0,1,1,0,1,NOT APPLICABLE,March,15,Wednesday,6,2,Urban,Medium Speed (Collector),No,40.46998611,-79.82755556,Non-Intersection,Dark - Not Lighted,Clear,6:00am-6:59am,1,6:00am-6:59am,6,6:00am-6:59am,32,1,Dark - Unlighted,Clear,1,0,['Driver'],['Shoulder_Lapbelt'],0,0,Valid,0.0,0.0,25.0,25.0,['Female'],1,0,2,4,3,Oil/Contaminated,Curve,Grade/Hillcrest,Lowest,Yes
27650,42,Pennsylvania,420180,0,1,1,0,1,NOT APPLICABLE,March,15,Wednesday,14,9,Rural,High Speed (Arterial),Yes,40.89875,-78.69860833,Non-Intersection,Daylight,Clear,2:00pm-2:59pm,10,2:00pm-2:59pm,10,Not Applicable (Not Transported),Not Applicable (Not Transported),1,Daylight,Clear,1,0,['Driver'],['None_Used'],0,0,Valid,0.0,1.0,44.0,44.0,['Female'],0,0,2,4,3,Dry,Curve,Level,Lowest,No
27651,42,Pennsylvania,420181,0,2,2,0,5,NOT APPLICABLE,March,17,Friday,16,35,Rural,Medium Speed (Collector),No,41.734675,-80.34611944,Non-Intersection,Daylight,Cloudy,4:00pm-4:59pm,47,4:00pm-4:59pm,53,5:00pm-5:59pm,29,1,Daylight,Reduced Visibility,1,3,['Driver'],['Shoulder_Lapbelt'],0,0,Valid,0.0,0.0,75.0,22.0,"['Female', 'Male']",0,0,3,4,5,Wet/Standing Water,Straight,Level,Lowest,No
27652,42,Pennsylvania,420182,0,1,1,0,1,NOT APPLICABLE,March,18,Saturday,13,56,Rural,Low Speed (Local),No,40.14353889,-76.45189444,Non-Intersection,Daylight,Clear,Unknown,Unknown,Unknown EMS Scene Arrival Hour,Unknown EMS Scene Arrival Minutes,Unknown,Unknown EMS Hospital Arrival Time,1,Daylight,Clear,1,0,['Driver'],['Shoulder_Lapbelt'],1,1,Valid,0.0,0.0,74.0,74.0,['Male'],0,0,3,4,2,Dry,Curve,Grade/Hillcrest,Lowest,No
27653,42,Pennsylvania,420183,0,1,1,0,1,NOT APPLICABLE,March,18,Saturday,4,28,Rural,Medium Speed (Collector),No,41.46306389,-75.85266667,Simple Junction,Dark - Not Lighted,Clear,4:00am-4:59am,28,4:00am-4:59am,44,Not Applicable (Not Transported),Not Applicable (Not Transported),1,Dark - Unlighted,Clear,1,0,['Driver'],['None_Used'],0,0,Valid,0.0,0.0,53.0,53.0,['Male'],1,0,3,4,3,Dry,Straight,Level,Lowest,No
27654,42,Pennsylvania,420184,0,1,1,0,1,NOT APPLICABLE,February,27,Monday,6,24,Rural,Medium Speed (Collector),No,41.21768333,-80.07573056,Non-Intersection,Dark - Not Lighted,Clear,Unknown,Unknown,Unknown EMS Scene Arrival Hour,Unknown EMS Scene Arrival Minutes,Not Applicable (Not Transported),Not Applicable (Not Transported),1,Dark - Unlighted,Clear,1,0,['Driver'],['None_Used'],0,0,Valid,0.0,0.0,48.0,48.0,['Male'],0,0,3,4,1,Dry,Straight,Level,Lowest,No
27655,42,Pennsylvania,420185,0,1,1,0,1,NOT APPLICABLE,March,18,Saturday,9,11,Rural,High Speed (Arterial),Yes,41.86844167,-75.71387778,Non-Intersection,Daylight,Clear,9:00am-9:59am,10,9:00am-9:59am,25,Not Applicable (Not Transported),Not Applicable (Not Transported),1,Daylight,Clear,1,0,['Driver'],['None_Used'],0,0,Valid,0.0,0.0,70.0,70.0,['Male'],0,0,3,4,3,Dry,Curve,Grade/Hillcrest,Lowest,No
27656,42,Pennsylvania,420186,0,2,2,0,2,NOT APPLICABLE,March,18,Saturday,13,5,Urban,Low Speed (Local),No,40.59400833,-80.30321667,Non-Intersection,Daylight,Clear,Unknown,Unknown,Unknown EMS Scene Arrival Hour,Unknown EMS Scene Arrival Minutes,Unknown,Unknown EMS Hospital Arrival Time,1,Daylight,Clear,1,1,['Driver'],['None_Used'],0,0,Valid,0.0,0.0,71.0,59.0,"['Male', 'Female']",1,0,3,4,5,Dry,Straight,Level,Lowest,No
27657,42,Pennsylvania,420187,1,1,1,0,1,PHILADELPHIA,March,20,Monday,11,59,Urban,High Speed (Arterial),Yes,40.0389,-75.14400556,Non-Intersection,Daylight,Clear,12:00pm-12:59pm,2,12:00pm-12:59pm,8,12:00pm-12:59pm,17,1,Daylight,Clear,0,1,[],[],0,0,Valid,2.0,0.0,31.0,31.0,['Male'],0,0,2,2,4,Dry,Straight,Grade/Hillcrest,Lowest,No
27658,42,Pennsylvania,420188,1,1,1,0,1,NOT APPLICABLE,March,21,Tuesday,21,19,Urban,Medium Speed (Collector),No,39.99681667,-75.29287222,Complex/Circle,Dark - Lighted,Clear,Unknown,Unknown,Unknown EMS Scene Arrival Hour,Unknown EMS Scene Arrival Minutes,Unknown,Unknown EMS Hospital Arrival Time,1,Dark - Lighted,Clear,0,1,[],[],0,0,Valid,0.0,0.0,22.0,22.0,['Male'],0,0,2,3,4,Dry,Straight,Level,Lowest,No
27659,42,Pennsylvania,420189,0,1,1,0,1,NOT APPLICABLE,March,9,Thursday,9,11,Rural,Medium Speed (Collector),No,40.65922222,-75.20905556,Non-Intersection,Daylight,Clear,Unknown,Unknown,Unknown EMS Scene Arrival Hour,Unknown EMS Scene Arrival Minutes,Not Applicable (Not Transported),Not Applicable (Not Transported),1,Daylight,Clear,1,0,['Driver'],['None_Used'],0,0,Valid,1.0,0.0,21.0,21.0,['Male'],1,0,2,4,2,Dry,Straight,Grade/Hillcrest,Lowest,No
27660,42,Pennsylvania,420190,0,1,1,0,1,NOT APPLICABLE,March,22,Wednesday,6,28,Rural,Low Speed (Local),No,40.08791944,-75.09174167,Simple Junction,Dawn,Cloudy,Unknown,Unknown,Unknown EMS Scene Arrival Hour,Unknown EMS Scene Arrival Minutes,Not Applicable (Not Transported),Not Applicable (Not Transported),1,Twilight,Reduced Visibility,1,0,['Driver'],['Shoulder_Lapbelt'],0,0,Valid,0.0,0.0,79.0,79.0,['Male'],0,0,2,4,3,Dry,Straight,Level,Lowest,Yes
27661,42,Pennsylvania,420191,0,1,1,0,1,NOT APPLICABLE,March,22,Wednesday,10,42,Urban,Medium Speed (Collector),No,40.01520278,-75.33713889,Non-Intersection,Daylight,Clear,10:00am-10:59am,44,10:00am-10:59am,54,Not Applicable (Not Transported),Not Applicable (Not Transported),1,Daylight,Clear,1,0,['Driver'],['None_Used'],0,0,Valid,2.0,0.0,44.0,44.0,['Female'],1,0,3,4,3,Dry,Straight,Level,Lowest,No
27662,42,Pennsylvania,420192,0,1,1,0,2,FRANKLIN PARK,March,22,Wednesday,22,3,Urban,High Speed (Arterial),Yes,40.59295556,-80.09590556,Non-Intersection,Dark - Not Lighted,Rain,10:00pm-10:59pm,5,10:00pm-10:59pm,10,Unknown,Unknown EMS Hospital Arrival Time,1,Dark - Unlighted,Rain/Wind/Minor,1,1,['Driver'],['Shoulder_Lapbelt'],0,0,Valid,0.0,0.0,18.0,18.0,['Male'],2,0,2,4,3,Wet/Standing Water,Straight,Level,Lowest,No
27663,42,Pennsylvania,420193,0,1,1,0,1,NOT APPLICABLE,March,24,Friday,9,18,Urban,High Speed (Arterial),Yes,40.17309722,-76.14538889,Non-Intersection,Daylight,Rain,Unknown,Unknown,Unknown EMS Scene Arrival Hour,Unknown EMS Scene Arrival Minutes,Unknown,Unknown EMS Hospital Arrival Time,1,Daylight,Rain/Wind/Minor,1,0,['Driver'],['Shoulder_Lapbelt'],0,0,Invalid,0.0,0.0,18.0,18.0,['Male'],1,0,2,4,3,Wet/Standing Water,Curve,Grade/Hillcrest,Lowest,Yes
27664,42,Pennsylvania,420194,1,1,1,0,1,NOT APPLICABLE,March,10,Friday,21,46,Urban,High Speed (Arterial),Yes,39.87080833,-75.3198,Non-Intersection,Dark - Not Lighted,Clear,9:00pm-9:59pm,47,9:00pm-9:59pm,54,10:00pm-10:59pm,18,1,Dark - Unlighted,Clear,0,1,[],[],0,0,Valid,2.0,0.0,55.0,55.0,['Female'],0,0,3,4,4,Dry,Straight,Level,Lowest,No
27665,42,Pennsylvania,420195,0,2,2,0,3,NOT APPLICABLE,March,24,Friday,13,15,Urban,High Speed (Arterial),Yes,40.22537222,-75.51536944,Simple Junction,Daylight,Cloudy,1:00pm-1:59pm,14,1:00pm-1:59pm,18,2:00pm-2:59pm,7,1,Daylight,Reduced Visibility,1,2,['Rear_Seat'],['Shoulder_Lapbelt'],0,0,Valid,0.0,0.0,78.0,26.0,"['Female', 'Female']",0,0,3,4,5,Oil/Contaminated,Straight,Grade/Hillcrest,Lowest,No
27666,42,Pennsylvania,420196,0,2,2,0,9,PALO ALTO,March,24,Friday,17,41,Urban,High Speed (Arterial),Yes,40.67650278,-76.18637778,Non-Intersection,Daylight,Clear,Unknown,Unknown,Unknown EMS Scene Arrival Hour,Unknown EMS Scene Arrival Minutes,Unknown,Unknown EMS Hospital Arrival Time,1,Daylight,Clear,1,8,['Rear_Seat'],['None_Used'],0,0,Valid,0.0,0.0,66.0,33.0,"['Female', 'Female']",0,0,3,4,5,Dry,Curve,Grade/Hillcrest,Lowest,Yes
27667,42,Pennsylvania,420197,0,2,2,0,2,BETHLEHEM,March,24,Friday,4,52,Urban,Low Speed (Local),No,40.61275,-75.38230556,Non-Intersection,Dark - Lighted,Clear,Unknown,Unknown,Unknown EMS Scene Arrival Hour,Unknown EMS Scene Arrival Minutes,Unknown,Unknown EMS Hospital Arrival Time,1,Dark - Lighted,Clear,1,1,['Driver'],['None_Used'],0,0,Valid,0.0,0.0,79.0,22.0,"['Female', 'Male']",0,0,2,4,5,Dry,Curve,Grade/Hillcrest,Lowest,No
27668,42,Pennsylvania,420198,0,1,1,0,1,NOT APPLICABLE,March,25,Saturday,18,31,Rural,Medium Speed (Collector),No,41.00328889,-77.40596667,Non-Intersection,Daylight,Clear,6:00pm-6:59pm,30,Unknown EMS Scene Arrival Hour,Unknown EMS Scene Arrival Minutes,Not Applicable (Not Transported),Not Applicable (Not Transported),1,Daylight,Clear,1,0,['Driver'],['None_Used'],1,1,Valid,1.0,1.0,34.0,34.0,['Male'],1,0,3,4,3,Wet/Standing Water,Straight,Grade/Hillcrest,Lowest,No
27669,42,Pennsylvania,420199,0,2,2,0,3,PHILADELPHIA,March,26,Sunday,0,57,Urban,High Speed (Arterial),Yes,39.91872778,-75.24691944,Simple Junction,Dark - Lighted,Rain,0:00am-0:59am,55,1:00am-1:59am,3,1:00am-1:59am,23,1,Dark - Lighted,Rain/Wind/Minor,1,2,['Driver'],['Shoulder_Lapbelt'],1,1,Valid,0.0,0.0,41.0,19.0,"['Male', 'Male']",2,0,3,4,5,Wet/Standing Water,Straight,Level,Lowest,No
27670,42,Pennsylvania,420200,0,2,2,0,3,NOT APPLICABLE,March,26,Sunday,19,17,Rural,Medium Speed (Collector),No,40.90609444,-77.11163889,Non-Intersection,Daylight,Clear,7:00pm-7:59pm,18,7:00pm-7:59pm,25,Not Applicable (Not Transported),Not Applicable (Not Transported),1,Daylight,Clear,1,2,['Driver'],['None_Used'],0,0,Invalid,1.0,3.0,40.0,34.0,"['Male', 'Female']",1,0,5,4,5,Dry,Straight,Grade/Hillcrest,Lowest,No
27671,42,Pennsylvania,420201,0,1,1,0,1,NOT APPLICABLE,March,27,Monday,15,42,Urban,High Speed (Arterial),Yes,40.48093889,-75.96430833,Non-Intersection,Daylight,Rain,Unknown,Unknown,Unknown EMS Scene Arrival Hour,Unknown EMS Scene Arrival Minutes,Unknown,Unknown EMS Hospital Arrival Time,1,Daylight,Rain/Wind/Minor,1,0,['Driver'],['None_Used'],0,0,Valid,0.0,0.0,72.0,72.0,['Female'],1,0,3,4,3,Wet/Standing Water,Straight,Grade/Hillcrest,Lowest,Yes
27672,42,Pennsylvania,420202,0,2,2,0,2,NOT APPLICABLE,March,27,Monday,15,47,Urban,High Speed (Arterial),Yes,40.39548333,-75.93553056,Non-Intersection,Daylight,Rain,Unknown,Unknown,Unknown EMS Scene Arrival Hour,Unknown EMS Scene Arrival Minutes,Unknown,Unknown EMS Hospital Arrival Time,1,Daylight,Rain/Wind/Minor,1,1,['Driver'],['Shoulder_Lapbelt'],0,0,Valid,1.0,1.0,54.0,41.0,"['Male', 'Female']",0,0,4,4,5,Wet/Standing Water,Straight,Level,Lowest,No
27673,42,Pennsylvania,420203,0,1,1,0,1,QUAKERTOWN,March,13,Monday,5,47,Urban,High Speed (Arterial),Yes,40.44121944,-75.33484444,Non-Intersection,Dark - Lighted,Sleet or Hail,5:00am-5:59am,48,5:00am-5:59am,55,Not Applicable (Not Transported),Not Applicable (Not Transported),1,Dark - Lighted,Snow/Ice/Severe,1,0,['Driver'],['None_Used'],0,0,Valid,0.0,0.0,19.0,19.0,['Female'],0,0,3,4,3,Wet/Standing Water,Straight,Level,Lowest,No
27674,42,Pennsylvania,420204,0,2,2,0,2,LANCASTER,March,28,Tuesday,13,28,Urban,High Speed (Arterial),Yes,40.06558333,-76.32670556,Complex/Circle,Daylight,Clear,Unknown,Unknown,Unknown EMS Scene Arrival Hour,Unknown EMS Scene Arrival Minutes,Unknown,Unknown EMS Hospital Arrival Time,1,Daylight,Clear,1,1,['Driver'],['None_Used'],0,0,Invalid,2.0,0.0,93.0,61.0,"['Male', 'Female']",0,0,2,4,5,Dry,Straight,Level,Lowest,Yes
27675,42,Pennsylvania,420205,0,1,1,0,1,NOT APPLICABLE,March,15,Wednesday,19,59,Rural,Medium Speed (Collector),No,40.34491667,-78.78072222,Non-Intersection,Dusk,Clear,8:00pm-8:59pm,3,8:00pm-8:59pm,6,Not Applicable (Not Transported),Not Applicable (Not Transported),1,Twilight,Clear,1,0,['Driver'],['None_Used'],0,0,Valid,0.0,1.0,33.0,33.0,['Female'],0,0,2,4,3,Dry,Straight,Grade/Hillcrest,Lowest,No
27676,42,Pennsylvania,420206,0,2,2,0,2,NOT APPLICABLE,March,29,Wednesday,14,40,Rural,Low Speed (Local),No,40.86093333,-75.64626389,Non-Intersection,Daylight,Clear,Unknown,Unknown,Unknown EMS Scene Arrival Hour,Unknown EMS Scene Arrival Minutes,Unknown,Unknown EMS Hospital Arrival Time,1,Daylight,Clear,1,1,['Driver'],['Shoulder_Lapbelt'],0,0,Valid,0.0,0.0,67.0,40.0,"['Male', 'Male']",0,0,3,4,5,Dry,Straight,Grade/Hillcrest,Lowest,No
27677,42,Pennsylvania,420207,0,2,2,0,3,NOT APPLICABLE,March,20,Monday,17,13,Rural,Medium Speed (Collector),No,40.55106944,-78.85942222,Non-Intersection,Daylight,Clear,5:00pm-5:59pm,13,5:00pm-5:59pm,22,Unknown,Unknown EMS Hospital Arrival Time,2,Daylight,Clear,2,1,"['Driver', 'Rear_Seat']","['None_Used', 'Child_Safety']",1,1,Valid,0.0,0.0,41.0,23.0,"['Male', 'Male']",0,0,3,4,5,Dry,Straight,Grade/Hillcrest,Lowest,No
27678,42,Pennsylvania,420208,1,1,1,0,1,NOT APPLICABLE,March,29,Wednesday,19,52,Urban,High Speed (Arterial),Yes,40.24665833,-77.00444722,Non-Intersection,Dark - Not Lighted,Clear,Unknown,Unknown,Unknown EMS Scene Arrival Hour,Unknown EMS Scene Arrival Minutes,Unknown,Unknown EMS Hospital Arrival Time,1,Dark - Unlighted,Clear,0,1,[],[],0,0,Valid,0.0,0.0,49.0,49.0,['Male'],0,0,2,3,4,Dry,Straight,Level,Lowest,No
27679,42,Pennsylvania,420209,0,2,2,0,2,NOT APPLICABLE,March,29,Wednesday,20,31,Rural,High Speed (Arterial),Yes,40.04399722,-78.05593333,Non-Intersection,Dark - Not Lighted,Clear,Not Applicable (Not Notified),Not Applicable (Not Notified),Not Applicable,Not Applicable,Not Applicable (Not Transported),Not Applicable (Not Transported),1,Dark - Unlighted,Clear,1,1,['Driver'],['None_Used'],1,2,Valid,0.0,0.0,41.0,33.0,"['Male', 'Male']",1,0,4,4,3,Dry,Curve,Grade/Hillcrest,Lowest,Yes
27680,42,Pennsylvania,420210,0,2,2,0,2,NOT APPLICABLE,March,22,Wednesday,15,34,Urban,Medium Speed (Collector),No,40.47732222,-80.28448056,Non-Intersection,Daylight,Clear,3:00pm-3:59pm,41,3:00pm-3:59pm,42,4:00pm-4:59pm,26,1,Daylight,Clear,1,1,['Driver'],['None_Used'],0,0,Valid,1.0,0.0,52.0,38.0,"['Male', 'Male']",0,0,2,4,5,Dry,Straight,Grade/Hillcrest,Lowest,No
27681,42,Pennsylvania,420211,0,2,2,0,2,NOT APPLICABLE,March,31,Friday,10,33,Urban,High Speed (Arterial),Yes,40.23587222,-77.07279722,Simple Junction,Daylight,Clear,Unknown,Unknown,Unknown EMS Scene Arrival Hour,Unknown EMS Scene Arrival Minutes,Unknown,Unknown EMS Hospital Arrival Time,1,Daylight,Clear,1,1,['Driver'],['Shoulder_Lapbelt'],0,0,Valid,3.0,1.0,65.0,49.0,"['Male', 'Female']",0,0,4,4,5,Dry,Straight,Level,Medium,No
27682,42,Pennsylvania,420212,0,1,1,0,2,NOT APPLICABLE,April,1,Saturday,13,40,Rural,Low Speed (Local),No,41.61788333,-80.25685278,Non-Intersection,Daylight,Rain,1:00pm-1:59pm,41,1:00pm-1:59pm,48,2:00pm-2:59pm,33,1,Daylight,Rain/Wind/Minor,1,1,['Driver'],['Shoulder_Lapbelt'],0,0,Valid,0.0,0.0,60.0,60.0,['Female'],0,0,3,4,1,Wet/Standing Water,Straight,Level,Lowest,No
27683,42,Pennsylvania,420213,1,1,1,0,2,PHILADELPHIA,April,1,Saturday,23,7,Urban,Low Speed (Local),No,39.94466667,-75.16511111,Complex/Circle,Dark - Lighted,Clear,11:00pm-11:59pm,10,11:00pm-11:59pm,13,11:00pm-11:59pm,38,1,Dark - Lighted,Clear,0,2,[],[],0,0,Valid,1.0,0.0,57.0,57.0,['Male'],0,0,2,1,4,Dry,Straight,Level,Lowest,Yes
27684,42,Pennsylvania,420214,1,1,1,0,1,PHILADELPHIA,April,2,Sunday,2,18,Urban,High Speed (Arterial),Yes,40.02738333,-75.11283056,Non-Intersection,Dark - Lighted,Clear,2:00am-2:59am,19,2:00am-2:59am,33,Not Applicable (Not Transported),Not Applicable (Not Transported),1,Dark - Lighted,Clear,0,0,[],[],0,0,Invalid,0.0,0.0,999.0,999.0,['Other'],0,0,1,0,4,Dry,Straight,Level,Lowest,No
27685,42,Pennsylvania,420215,0,2,2,0,2,NOT APPLICABLE,April,2,Sunday,22,0,Rural,Medium Speed (Collector),No,42.23775278,-79.77029167,Simple Junction,Dark - Not Lighted,Clear,Unknown,Unknown,Unknown EMS Scene Arrival Hour,Unknown EMS Scene Arrival Minutes,Unknown,Unknown EMS Hospital Arrival Time,1,Dark - Unlighted,Clear,1,1,['Driver'],['None_Used'],1,1,Valid,0.0,1.0,34.0,33.0,"['Male', 'Male']",0,0,5,4,5,Dry,Straight,Grade/Hillcrest,Lowest,No
27686,42,Pennsylvania,420216,0,2,2,0,2,NOT APPLICABLE,April,3,Monday,14,10,Urban,Medium Speed (Collector),No,40.033775,-75.67606111,Non-Intersection,Daylight,Clear,Unknown,Unknown,Unknown EMS Scene Arrival Hour,Unknown EMS Scene Arrival Minutes,Unknown,Unknown EMS Hospital Arrival Time,1,Daylight,Clear,1,1,['Driver'],['Shoulder_Lapbelt'],0,0,Valid,1.0,0.0,76.0,48.0,"['Male', 'Female']",0,0,3,4,5,Dry,Straight,Level,Lowest,No
27687,42,Pennsylvania,420217,0,2,2,0,4,PHILADELPHIA,April,3,Monday,20,31,Urban,Low Speed (Local),No,39.88375278,-75.21379444,Non-Intersection,Dark - Lighted,Clear,8:00pm-8:59pm,35,8:00pm-8:59pm,45,9:00pm-9:59pm,9,1,Dark - Lighted,Clear,1,2,['Rear_Seat'],['Shoulder_Lapbelt'],0,0,Valid,0.0,0.0,58.0,17.0,"['Male', 'Male']",0,0,4,4,5,Dry,Curve,Level,Lowest,No
27688,42,Pennsylvania,420218,0,1,1,0,1,NOT APPLICABLE,April,4,Tuesday,2,47,Rural,Low Speed (Local),No,41.63555278,-78.86426944,Non-Intersection,Dark - Not Lighted,Clear,Unknown,Unknown,Unknown EMS Scene Arrival Hour,Unknown EMS Scene Arrival Minutes,Not Applicable (Not Transported),Not Applicable (Not Transported),1,Dark - Unlighted,Clear,1,0,['Driver'],['None_Used'],1,1,Valid,1.0,2.0,39.0,39.0,['Male'],1,0,5,4,3,Loose/Unpaved,Curve,Grade/Hillcrest,Lowest,No
27689,42,Pennsylvania,420219,1,1,1,0,1,PHILADELPHIA,April,4,Tuesday,17,16,Urban,High Speed (Arterial),Yes,40.02046667,-75.05365278,Complex/Circle,Daylight,Clear,5:00pm-5:59pm,7,5:00pm-5:59pm,11,5:00pm-5:59pm,32,1,Daylight,Clear,0,1,[],[],0,0,Valid,2.0,0.0,61.0,61.0,['Male'],0,0,4,1,4,Dry,Straight,Level,Lowest,No
27690,42,Pennsylvania,420220,0,1,1,0,1,PHILADELPHIA,April,9,Sunday,3,10,Urban,Medium Speed (Collector),Yes,40.035,-75.07113889,Complex/Circle,Dark - Lighted,Clear,3:00am-3:59am,13,3:00am-3:59am,19,4:00am-4:59am,1,1,Dark - Lighted,Clear,1,0,['Driver'],['Shoulder_Lapbelt'],1,1,Invalid,0.0,0.0,48.0,48.0,['Male'],1,0,3,4,3,Dry,Straight,Level,Lowest,No
27691,42,Pennsylvania,420221,0,1,1,0,4,MCKEESPORT,April,5,Wednesday,18,14,Urban,High Speed (Arterial),Yes,40.35261667,-79.83968889,Non-Intersection,Daylight,Clear,6:00pm-6:59pm,17,6:00pm-6:59pm,35,Unknown,Unknown EMS Hospital Arrival Time,1,Daylight,Clear,1,3,['Driver'],['None_Used'],0,0,Valid,0.0,0.0,49.0,49.0,['Female'],0,0,2,4,3,Dry,Straight,Level,Lowest,No
27692,42,Pennsylvania,420222,0,1,1,0,1,NOT APPLICABLE,April,5,Wednesday,3,50,Urban,High Speed (Arterial),Yes,40.085975,-74.92966944,Non-Intersection,Dark - Not Lighted,Clear,4:00am-4:59am,5,4:00am-4:59am,16,5:00am-5:59am,2,1,Dark - Unlighted,Clear,1,0,['Driver'],['Shoulder_Lapbelt'],0,0,Valid,0.0,1.0,28.0,28.0,['Male'],1,0,2,4,3,Dry,Straight,Grade/Hillcrest,Lowest,No
27693,42,Pennsylvania,420223,0,2,2,0,3,NOT APPLICABLE,April,6,Thursday,12,29,Urban,Medium Speed (Collector),No,40.39473611,-76.00529722,Non-Intersection,Daylight,Clear,Unknown,Unknown,Unknown EMS Scene Arrival Hour,Unknown EMS Scene Arrival Minutes,Unknown,Unknown EMS Hospital Arrival Time,2,Daylight,Clear,2,1,"['Driver', 'Front_Passenger']","['Shoulder_Lapbelt', 'Shoulder_Lapbelt']",0,0,Valid,1.0,0.0,46.0,17.0,"['Male', 'Male']",0,0,4,4,5,Dry,Straight,Level,Lowest,No
27694,42,Pennsylvania,420224,0,1,1,0,1,NOT APPLICABLE,April,6,Thursday,21,15,Rural,Medium Speed (Collector),No,39.86059167,-76.62056389,Non-Intersection,Dark - Lighted,Clear,Unknown,Unknown,Unknown EMS Scene Arrival Hour,Unknown EMS Scene Arrival Minutes,Unknown,Unknown EMS Hospital Arrival Time,1,Dark - Lighted,Clear,1,0,['Driver'],['None_Used'],1,1,Valid,0.0,0.0,24.0,24.0,['Male'],1,0,5,4,2,Dry,Straight,Grade/Hillcrest,Lowest,No
27695,42,Pennsylvania,420225,0,2,2,0,2,NOT APPLICABLE,April,7,Friday,3,46,Rural,High Speed (Arterial),No,39.87057778,-79.89028889,Complex/Circle,Dark - Lighted,Clear,3:00am-3:59am,45,3:00am-3:59am,50,Unknown,Unknown EMS Hospital Arrival Time,1,Dark - Lighted,Clear,1,1,['Driver'],['None_Used'],1,1,Valid,0.0,0.0,60.0,18.0,"['Male', 'Female']",1,0,5,4,5,Dry,Straight,Level,Lowest,No
27696,42,Pennsylvania,420226,1,1,1,0,1,PHILADELPHIA,April,13,Thursday,10,45,Urban,High Speed (Arterial),No,39.92409444,-75.24556111,Complex/Circle,Daylight,Clear,10:00am-10:59am,49,10:00am-10:59am,54,11:00am-11:59am,29,1,Daylight,Clear,0,1,[],[],0,0,Valid,2.0,0.0,63.0,63.0,['Male'],0,0,2,2,4,Dry,Straight,Level,Lowest,No
27697,42,Pennsylvania,420227,0,1,1,0,1,NOT APPLICABLE,April,7,Friday,18,1,Rural,Medium Speed (Collector),No,41.08238889,-75.21114167,Non-Intersection,Daylight,Clear,Unknown,Unknown,Unknown EMS Scene Arrival Hour,Unknown EMS Scene Arrival Minutes,Not Applicable (Not Transported),Not Applicable (Not Transported),1,Daylight,Clear,1,0,['Driver'],['Shoulder_Lapbelt'],1,1,Invalid,0.0,1.0,49.0,49.0,['Male'],1,0,3,4,3,Dry,Curve,Level,Lowest,No
27698,42,Pennsylvania,420228,0,1,1,0,1,NOT APPLICABLE,April,10,Monday,15,24,Urban,Medium Speed (Collector),No,40.53191389,-79.61477222,Non-Intersection,Daylight,Clear,3:00pm-3:59pm,28,3:00pm-3:59pm,33,Not Applicable (Not Transported),Not Applicable (Not Transported),1,Daylight,Clear,1,0,['Driver'],['None_Used'],0,0,Invalid,0.0,3.0,34.0,34.0,['Male'],1,0,5,4,2,Dry,Curve,Level,Lowest,No
27699,42,Pennsylvania,420229,0,3,3,0,4,NOT APPLICABLE,May,4,Thursday,15,58,Rural,Medium Speed (Collector),No,40.66941111,-77.41361111,Simple Junction,Daylight,Rain,3:00pm-3:59pm,57,4:00pm-4:59pm,13,4:00pm-4:59pm,49,1,Daylight,Rain/Wind/Minor,1,3,['Front_Passenger'],['None_Used'],0,0,Valid,0.0,0.0,73.0,37.0,"['Female', 'Male', 'Male']",0,0,3,4,5,Wet/Standing Water,Straight,Level,Lowest,No
27700,42,Pennsylvania,420230,4,1,1,0,1,PHILADELPHIA,May,9,Tuesday,22,1,Urban,Medium Speed (Collector),Yes,39.95437778,-75.16298889,Complex/Circle,Dark - Lighted,Clear,10:00pm-10:59pm,5,10:00pm-10:59pm,13,10:00pm-10:59pm,20,1,Dark - Lighted,Clear,0,1,[],[],0,0,Valid,1.0,0.0,27.0,27.0,['Male'],1,0,3,3,4,Dry,Straight,Level,Lowest,No