,State_Code,State_Name,Crash_ID,Count_Non_Motorists,Count_Vehicles_Total,Count_Vehicle_Forms,Count_PVH_Involved,Count_Occupants_MV,City_Name,Month_Name,Day_of_Month,Day_of_Week,Crash_Hour,Crash_Minute,Area_Rural_Urban,Road_Functional_Class,On_NHS_Road,Latitude,Longitude,Intersection_Type,Light_Condition,Weather_Condition,Notif_Hour,Notif_Minute,Arrival_Hour,Arrival_Minute,Hospital_Hour,Hospital_Minute,Fatalities_Count,Clean_Light_Condition,Clean_Weather_Condition,Total_Killed,Total_Alive,Fatal_Seats_List,Killed_Restraint_List,Any_Driver_Drinking,Total_Drinking_Drivers,Driver_License_Category,Driver_Max_Prev_Accident_Count,Driver_Max_Prev_Speeding_Count,Max_Driver_Age,Min_Driver_Age,Driver_Sex_List,Total_Exceeding_Limit_Vehicles,Total_Too_Fast_Vehicles,Max_Vehicle_Type_Severity_5,Max_Vehicle_Damage_Rank,Max_Harmful_Event_Severity,Crash_Road_Surface_Condition,Crash_Horizontal_Alignment,Crash_Vertical_Profile,Crash_Impairment_Category,Crash_Vehicle_Defect
27701,42,Pennsylvania,420231,0,1,1,0,4,NOT APPLICABLE,April,11,Tuesday,18,38,Rural,Medium Speed (Collector),No,41.56569722,-80.49654444,Non-Intersection,Daylight,Clear,Unknown,Unknown,Unknown EMS Scene Arrival Hour,Unknown EMS Scene Arrival Minutes,Unknown,Unknown EMS Hospital Arrival Time,1,Daylight,Clear,1,3,['Driver'],['None_Used'],0,0,Valid,0.0,0.0,30.0,30.0,['Male'],0,0,3,4,3,Dry,Straight,Level,Lowest,No
27702,42,Pennsylvania,420232,0,2,2,0,2,NOT APPLICABLE,April,12,Wednesday,20,35,Urban,High Speed (Arterial),Yes,40.23306667,-75.238625,Complex/Circle,Dark - Lighted,Clear,Unknown,Unknown,Unknown EMS Scene Arrival Hour,Unknown EMS Scene Arrival Minutes,Not Applicable (Not Transported),Not Applicable (Not Transported),1,Dark - Lighted,Clear,1,1,['Driver'],['None_Used'],1,1,Valid,0.0,1.0,70.0,18.0,"['Male', 'Male']",1,0,5,4,5,Dry,Straight,Level,Lowest,No
27703,42,Pennsylvania,420233,0,1,1,0,2,ERIE,April,13,Thursday,0,39,Urban,High Speed (Arterial),Yes,42.12986667,-80.10101944,Non-Intersection,Dark - Lighted,Clear,Unknown,Unknown,Unknown EMS Scene Arrival Hour,Unknown EMS Scene Arrival Minutes,Unknown,Unknown EMS Hospital Arrival Time,1,Dark - Lighted,Clear,1,1,['Driver'],['None_Used'],1,1,Valid,0.0,0.0,42.0,42.0,['Male'],0,0,5,4,2,Dry,Straight,Level,Lowest,No
27704,42,Pennsylvania,420234,0,2,2,0,2,NOT APPLICABLE,April,13,Thursday,14,19,Rural,High Speed (Arterial),Yes,40.39466944,-77.87014444,Non-Intersection,Daylight,Clear,2:00pm-2:59pm,16,Unknown EMS Scene Arrival Hour,Unknown EMS Scene Arrival Minutes,Unknown,Unknown EMS Hospital Arrival Time,1,Daylight,Clear,1,1,['Driver'],['None_Used'],0,0,Invalid,0.0,0.0,70.0,58.0,"['Male', 'Male']",0,0,5,2,5,Dry,Straight,Non-Trafficway,Lowest,No
27705,42,Pennsylvania,420235,1,1,1,0,1,NOT APPLICABLE,April,13,Thursday,22,4,Urban,High Speed (Arterial),Yes,40.14235278,-75.31205278,Non-Intersection,Dark - Lighted,Clear,10:00pm-10:59pm,4,10:00pm-10:59pm,9,10:00pm-10:59pm,22,1,Dark - Lighted,Clear,0,1,[],[],0,0,Valid,0.0,0.0,21.0,21.0,['Female'],0,0,2,2,4,Dry,Straight,Level,Lowest,No
27706,42,Pennsylvania,420236,0,1,1,0,2,NOT APPLICABLE,April,14,Friday,23,49,Rural,Low Speed (Local),No,41.17428056,-75.36198889,Non-Intersection,Dark - Not Lighted,Clear,Unknown,Unknown,Unknown EMS Scene Arrival Hour,Unknown EMS Scene Arrival Minutes,Unknown,Unknown EMS Hospital Arrival Time,1,Dark - Unlighted,Clear,1,1,['Driver'],['Shoulder_Lapbelt'],0,0,Valid,0.0,0.0,19.0,19.0,['Male'],2,0,2,4,3,Dry,Curve,Level,Lowest,No
27707,42,Pennsylvania,420237,0,1,1,0,1,NOT APPLICABLE,April,14,Friday,11,5,Rural,Medium Speed (Collector),No,40.96616389,-78.14864444,Non-Intersection,Daylight,Clear,11:00am-11:59am,3,11:00am-11:59am,14,Not Applicable (Not Transported),Not Applicable (Not Transported),1,Daylight,Clear,1,0,['Driver'],['None_Used'],0,0,Valid,0.0,0.0,21.0,21.0,['Male'],1,0,5,4,3,Dry,Straight,Grade/Hillcrest,Lowest,No
27708,42,Pennsylvania,420238,0,1,1,0,2,NOT APPLICABLE,April,14,Friday,21,45,Rural,Low Speed (Local),No,40.93294722,-75.33222222,Non-Intersection,Dark - Not Lighted,Clear,Unknown,Unknown,Unknown EMS Scene Arrival Hour,Unknown EMS Scene Arrival Minutes,Unknown,Unknown EMS Hospital Arrival Time,1,Dark - Unlighted,Clear,1,1,['Driver'],['None_Used'],1,1,Valid,0.0,0.0,25.0,25.0,['Female'],2,0,5,4,2,Dry,Curve,Level,Lowest,No
27709,42,Pennsylvania,420239,0,1,1,0,1,NOT APPLICABLE,April,14,Friday,12,5,Urban,Medium Speed (Collector),No,40.29106389,-76.07307222,Non-Intersection,Daylight,Clear,Unknown,Unknown,Unknown EMS Scene Arrival Hour,Unknown EMS Scene Arrival Minutes,Not Applicable (Not Transported),Not Applicable (Not Transported),1,Daylight,Clear,1,0,['Driver'],['None_Used'],0,0,Valid,0.0,0.0,63.0,63.0,['Male'],1,0,5,4,2,Dry,Curve,Grade/Hillcrest,Lowest,No
27710,42,Pennsylvania,420240,0,2,2,0,3,NOT APPLICABLE,April,16,Sunday,12,41,Rural,High Speed (Arterial),Yes,41.05514167,-75.832925,Non-Intersection,Daylight,Clear,12:00pm-12:59pm,40,12:00pm-12:59pm,54,1:00pm-1:59pm,53,1,Daylight,Clear,1,2,['Driver'],['Shoulder_Only'],0,0,Valid,1.0,0.0,51.0,24.0,"['Female', 'Male']",2,0,3,4,5,Dry,Straight,Level,Lowest,No
27711,42,Pennsylvania,420241,0,1,1,0,1,NOT APPLICABLE,April,19,Wednesday,10,51,Rural,High Speed (Arterial),Yes,41.25855833,-75.51746111,Non-Intersection,Daylight,Clear,10:00am-10:59am,50,10:00am-10:59am,58,Not Applicable (Not Transported),Not Applicable (Not Transported),1,Daylight,Clear,1,0,['Driver'],['None_Used'],1,1,Valid,0.0,0.0,23.0,23.0,['Male'],1,0,2,4,3,Dry,Straight,Level,Lowest,No
27712,42,Pennsylvania,420242,0,2,2,0,3,NOT APPLICABLE,April,20,Thursday,13,14,Urban,Medium Speed (Collector),No,40.06777778,-75.53668333,Non-Intersection,Daylight,Clear,1:00pm-1:59pm,14,1:00pm-1:59pm,20,1:00pm-1:59pm,38,1,Daylight,Clear,1,2,['Front_Passenger'],['None_Used'],0,0,Valid,0.0,0.0,64.0,29.0,"['Male', 'Male']",1,0,4,4,5,Dry,Straight,Non-Trafficway,Lowest,No
27713,42,Pennsylvania,420243,0,2,2,0,2,NOT APPLICABLE,April,20,Thursday,18,42,Urban,High Speed (Arterial),Yes,40.98193611,-80.3538,Non-Intersection,Daylight,Clear,6:00pm-6:59pm,46,6:00pm-6:59pm,56,Not Applicable (Not Transported),Not Applicable (Not Transported),1,Daylight,Clear,1,1,['Driver'],['None_Used'],1,1,Valid,0.0,0.0,41.0,32.0,"['Male', 'Male']",1,0,5,4,5,Dry,Curve,Level,Lowest,No
27714,42,Pennsylvania,420244,0,1,1,0,1,NOT APPLICABLE,April,21,Friday,15,45,Urban,Low Speed (Local),No,40.46585278,-79.82904722,Non-Intersection,Daylight,Clear,4:00pm-4:59pm,45,4:00pm-4:59pm,48,Not Applicable (Not Transported),Not Applicable (Not Transported),1,Daylight,Clear,1,0,['Driver'],['None_Used'],0,0,Valid,0.0,0.0,76.0,76.0,['Male'],1,0,5,4,3,Dry,Curve,Grade/Hillcrest,Lowest,No
27715,42,Pennsylvania,420245,0,2,2,0,4,NOT APPLICABLE,April,21,Friday,10,0,Rural,Medium Speed (Collector),No,39.92352778,-76.77851667,Non-Intersection,Daylight,Clear,Unknown,Unknown,Unknown EMS Scene Arrival Hour,Unknown EMS Scene Arrival Minutes,Unknown,Unknown EMS Hospital Arrival Time,1,Daylight,Clear,1,3,['Driver'],['Shoulder_Lapbelt'],0,0,Valid,1.0,1.0,55.0,29.0,"['Female', 'Female']",0,0,2,4,5,Dry,Straight,Level,Lowest,No
27716,42,Pennsylvania,420246,0,1,1,0,1,NOT APPLICABLE,April,21,Friday,15,34,Rural,Medium Speed (Collector),No,40.82946389,-76.73848611,Non-Intersection,Daylight,Clear,3:00pm-3:59pm,31,3:00pm-3:59pm,36,Not Applicable (Not Transported),Not Applicable (Not Transported),1,Daylight,Clear,1,0,['Driver'],['None_Used'],0,0,Valid,1.0,0.0,40.0,40.0,['Male'],1,0,5,4,3,Dry,Curve,Grade/Hillcrest,Lowest,No
27717,42,Pennsylvania,420247,0,1,1,0,1,CORNWALL,April,22,Saturday,22,54,Urban,Low Speed (Local),No,40.26455833,-76.39714722,Non-Intersection,Dark - Not Lighted,Rain,Unknown,Unknown,Unknown EMS Scene Arrival Hour,Unknown EMS Scene Arrival Minutes,Not Applicable (Not Transported),Not Applicable (Not Transported),1,Dark - Unlighted,Rain/Wind/Minor,1,0,['Driver'],['Shoulder_Lapbelt'],0,0,Valid,0.0,0.0,17.0,17.0,['Male'],1,0,3,4,3,Wet/Standing Water,Curve,Level,Lowest,No
27718,42,Pennsylvania,420248,0,1,1,0,1,NOT APPLICABLE,April,22,Saturday,22,51,Rural,Low Speed (Local),No,40.88926944,-79.88539167,Non-Intersection,Dark - Not Lighted,Clear,10:00pm-10:59pm,50,10:00pm-10:59pm,58,11:00pm-11:59pm,30,1,Dark - Unlighted,Clear,1,0,['Driver'],['None_Used'],1,1,Valid,0.0,0.0,55.0,55.0,['Male'],0,0,5,2,3,Wet/Standing Water,Curve,Grade/Hillcrest,Lowest,No
27719,42,Pennsylvania,420249,1,2,2,0,1,NANTICOKE,May,12,Friday,16,12,Urban,Medium Speed (Collector),No,41.20748611,-75.98889722,Non-Intersection,Daylight,Clear,4:00pm-4:59pm,14,4:00pm-4:59pm,19,4:00pm-4:59pm,47,1,Daylight,Clear,0,1,[],[],0,0,Valid,0.0,0.0,80.0,80.0,['Female'],0,0,2,3,5,Dry,Straight,Level,Lowest,No
27720,42,Pennsylvania,420250,0,2,2,0,2,NOT APPLICABLE,April,22,Saturday,11,4,Rural,High Speed (Arterial),Yes,41.20901944,-75.467175,Non-Intersection,Daylight,Clear,Unknown,Unknown,Unknown EMS Scene Arrival Hour,Unknown EMS Scene Arrival Minutes,Unknown,Unknown EMS Hospital Arrival Time,1,Daylight,Clear,1,1,['Driver'],['None_Used'],0,0,Valid,1.0,1.0,34.0,33.0,"['Male', 'Male']",0,0,4,4,5,Dry,Straight,Grade/Hillcrest,Lowest,No
27721,42,Pennsylvania,420251,0,1,1,0,1,SCRANTON,April,23,Sunday,3,23,Urban,High Speed (Arterial),Yes,41.39672222,-75.62276389,Non-Intersection,Dark - Lighted,Rain,3:00am-3:59am,42,3:00am-3:59am,42,Not Applicable (Not Transported),Not Applicable (Not Transported),1,Dark - Lighted,Rain/Wind/Minor,1,0,['Driver'],['None_Used'],0,0,Valid,0.0,0.0,24.0,24.0,['Male'],1,0,3,4,3,Wet/Standing Water,Straight,Level,Lowest,No
27722,42,Pennsylvania,420252,0,1,1,0,1,NOT APPLICABLE,April,23,Sunday,13,57,Rural,Medium Speed (Collector),No,40.43799722,-77.37542222,Non-Intersection,Daylight,Clear,Unknown,Unknown,Unknown EMS Scene Arrival Hour,Unknown EMS Scene Arrival Minutes,Not Applicable (Not Transported),Not Applicable (Not Transported),1,Daylight,Clear,1,0,['Driver'],['None_Used'],0,0,Invalid,0.0,0.0,63.0,63.0,['Male'],0,0,3,4,3,Dry,Curve,Grade/Hillcrest,Lowest,Yes
27723,42,Pennsylvania,420253,1,1,1,0,1,PHILADELPHIA,April,23,Sunday,2,9,Urban,Low Speed (Local),No,40.03686389,-75.12377222,Non-Intersection,Dark - Lighted,Rain,2:00am-2:59am,11,2:00am-2:59am,15,2:00am-2:59am,25,1,Dark - Lighted,Rain/Wind/Minor,0,0,[],[],0,0,Invalid,0.0,0.0,999.0,999.0,['Other'],0,0,1,3,4,Wet/Standing Water,Straight,Level,Lowest,No
27724,42,Pennsylvania,420254,0,1,1,0,1,NOT APPLICABLE,April,24,Monday,2,27,Rural,Medium Speed (Collector),No,41.256825,-77.14580278,Non-Intersection,Dark - Not Lighted,Clear,2:00am-2:59am,25,2:00am-2:59am,35,Not Applicable (Not Transported),Not Applicable (Not Transported),1,Dark - Unlighted,Clear,1,0,['Driver'],['None_Used'],1,1,Valid,1.0,1.0,36.0,36.0,['Male'],1,0,2,4,3,Dry,Curve,Grade/Hillcrest,Lowest,No
27725,42,Pennsylvania,420255,0,1,1,0,1,NOT APPLICABLE,April,24,Monday,8,3,Rural,Low Speed (Local),No,39.851075,-77.172875,Non-Intersection,Daylight,Clear,Unknown,Unknown,Unknown EMS Scene Arrival Hour,Unknown EMS Scene Arrival Minutes,Unknown,Unknown EMS Hospital Arrival Time,1,Daylight,Clear,1,0,['Driver'],['Shoulder_Lapbelt'],1,1,Valid,0.0,0.0,46.0,46.0,['Female'],1,0,3,4,3,Dry,Curve,Level,Lowest,No
27726,42,Pennsylvania,420256,0,1,1,0,1,NOT APPLICABLE,April,26,Wednesday,0,25,Urban,High Speed (Arterial),Yes,40.24837778,-75.69768611,Simple Junction,Dark - Not Lighted,Clear,Unknown,Unknown,Unknown EMS Scene Arrival Hour,Unknown EMS Scene Arrival Minutes,Unknown,Unknown EMS Hospital Arrival Time,1,Dark - Unlighted,Clear,1,0,['Driver'],['None_Used'],1,1,Valid,0.0,2.0,29.0,29.0,['Male'],1,0,5,4,2,Dry,Straight,Level,Lowest,No
27727,42,Pennsylvania,420257,0,1,1,0,1,NOT APPLICABLE,April,26,Wednesday,2,18,Urban,Medium Speed (Collector),No,40.16297778,-74.87514167,Non-Intersection,Dark - Not Lighted,Clear,2:00am-2:59am,20,2:00am-2:59am,27,Not Applicable (Not Transported),Not Applicable (Not Transported),1,Dark - Unlighted,Clear,1,0,['Driver'],['None_Used'],1,1,Valid,0.0,0.0,23.0,23.0,['Male'],1,0,2,4,3,Dry,Straight,Level,Lowest,No
27728,42,Pennsylvania,420258,0,2,2,0,2,NOT APPLICABLE,April,27,Thursday,9,48,Urban,High Speed (Arterial),Yes,40.48095833,-79.80164167,Non-Intersection,Daylight,Clear,Unknown,Unknown,Unknown EMS Scene Arrival Hour,Unknown EMS Scene Arrival Minutes,Unknown,Unknown EMS Hospital Arrival Time,1,Daylight,Clear,1,1,['Driver'],['Shoulder_Lapbelt'],0,0,Invalid,0.0,0.0,87.0,32.0,"['Male', 'Female']",0,0,3,4,5,Dry,Curve,Level,Lowest,No
27729,42,Pennsylvania,420259,1,1,1,0,1,PHILADELPHIA,March,8,Wednesday,19,43,Urban,High Speed (Arterial),Yes,39.94608889,-75.19850556,Simple Junction,Dark - Lighted,Clear,7:00pm-7:59pm,44,7:00pm-7:59pm,48,8:00pm-8:59pm,2,1,Dark - Lighted,Clear,0,0,[],[],0,0,Invalid,0.0,0.0,999.0,999.0,['Male'],0,0,3,0,4,Dry,Straight,Level,Lowest,No
27730,42,Pennsylvania,420260,0,1,1,0,1,NOT APPLICABLE,April,28,Friday,21,59,Rural,Medium Speed (Collector),No,41.38673333,-80.06981667,Non-Intersection,Dark - Not Lighted,Rain,Unknown,Unknown,Unknown EMS Scene Arrival Hour,Unknown EMS Scene Arrival Minutes,Not Applicable (Not Transported),Not Applicable (Not Transported),1,Dark - Unlighted,Rain/Wind/Minor,1,0,['Driver'],['Shoulder_Lapbelt'],1,1,Valid,0.0,0.0,41.0,41.0,['Male'],1,0,3,4,3,Wet/Standing Water,Curve,Level,Lowest,No
27731,42,Pennsylvania,420261,0,1,1,0,1,NOT APPLICABLE,April,30,Sunday,20,15,Urban,High Speed (Arterial),Yes,40.30825278,-76.83278056,Non-Intersection,Dark - Not Lighted,Cloudy,Unknown,Unknown,Unknown EMS Scene Arrival Hour,Unknown EMS Scene Arrival Minutes,Not Applicable (Not Transported),Not Applicable (Not Transported),1,Dark - Unlighted,Reduced Visibility,1,0,['Driver'],['None_Used'],1,1,Invalid,2.0,3.0,22.0,22.0,['Male'],1,0,5,4,2,Dry,Curve,Level,Lowest,No
27732,42,Pennsylvania,420262,0,1,1,0,1,NOT APPLICABLE,April,30,Sunday,4,59,Rural,Medium Speed (Collector),No,40.17110556,-77.11690833,Non-Intersection,Dark - Not Lighted,Rain,Not Applicable (Not Notified),Not Applicable (Not Notified),Not Applicable,Not Applicable,Not Applicable (Not Transported),Not Applicable (Not Transported),1,Dark - Unlighted,Rain/Wind/Minor,1,0,['Driver'],['None_Used'],1,1,Valid,0.0,2.0,32.0,32.0,['Male'],1,0,3,4,2,Wet/Standing Water,Straight,Level,Lowest,No
27733,42,Pennsylvania,420263,0,2,2,0,3,NOT APPLICABLE,May,2,Tuesday,10,25,Rural,High Speed (Arterial),Yes,41.16175833,-78.79194167,Non-Intersection,Daylight,Rain,10:00am-10:59am,24,10:00am-10:59am,33,Not Applicable (Not Transported),Not Applicable (Not Transported),1,Daylight,Rain/Wind/Minor,1,2,['Driver'],['Shoulder_Lapbelt'],0,0,Valid,1.0,1.0,68.0,29.0,"['Female', 'Male']",0,0,2,4,5,Wet/Standing Water,Curve,Level,Lowest,No
27734,42,Pennsylvania,420264,0,6,6,0,7,NOT APPLICABLE,May,9,Tuesday,11,0,Urban,High Speed (Arterial),Yes,40.29044167,-79.46405556,Complex/Circle,Daylight,Clear,Unknown,Unknown,Unknown EMS Scene Arrival Hour,Unknown EMS Scene Arrival Minutes,Unknown,Unknown EMS Hospital Arrival Time,1,Daylight,Clear,1,6,['Driver'],['Shoulder_Lapbelt'],0,0,Valid,0.0,2.0,81.0,26.0,"['Male', 'Male', 'Male', 'Female', 'Female', 'Male']",0,0,4,4,5,Dry,Straight,Level,Lowest,No
27735,42,Pennsylvania,420265,0,5,1,4,1,READING,May,12,Friday,18,3,Urban,Medium Speed (Collector),No,40.35684167,-75.90775556,Non-Intersection,Daylight,Clear,Unknown,Unknown,Unknown EMS Scene Arrival Hour,Unknown EMS Scene Arrival Minutes,Not Applicable (Not Transported),Not Applicable (Not Transported),1,Daylight,Clear,1,0,['Driver'],['None_Used'],1,1,Invalid,0.0,0.0,33.0,33.0,['Male'],1,0,5,4,5,Dry,Straight,Level,Lowest,No
27736,42,Pennsylvania,420266,0,2,2,0,4,STEELTON,May,3,Wednesday,14,54,Urban,High Speed (Arterial),Yes,40.213875,-76.80128333,Non-Intersection,Daylight,Rain,Unknown,Unknown,Unknown EMS Scene Arrival Hour,Unknown EMS Scene Arrival Minutes,Unknown,Unknown EMS Hospital Arrival Time,2,Daylight,Rain/Wind/Minor,2,2,"['Driver', 'Rear_Seat']","['None_Used', 'None_Used']",1,1,Invalid,0.0,0.0,50.0,40.0,"['Male', 'Male']",0,0,2,4,5,Wet/Standing Water,Curve,Level,Lowest,No
27737,42,Pennsylvania,420267,0,1,1,0,3,NOT APPLICABLE,May,4,Thursday,1,31,Urban,High Speed (Arterial),Yes,40.32536389,-76.79068333,Non-Intersection,Dark - Not Lighted,Clear,Unknown,Unknown,Unknown EMS Scene Arrival Hour,Unknown EMS Scene Arrival Minutes,Not Applicable (Not Transported),Not Applicable (Not Transported),3,Dark - Unlighted,Clear,3,0,"['Driver', 'Front_Passenger', 'Rear_Seat']","['Shoulder_Lapbelt', 'None_Used', 'None_Used']",1,1,Invalid,0.0,0.0,37.0,37.0,['Male'],3,0,2,4,3,Dry,Curve,Grade/Hillcrest,Lowest,No
27738,42,Pennsylvania,420268,0,2,2,0,2,NOT APPLICABLE,May,4,Thursday,1,15,Urban,High Speed (Arterial),Yes,40.90892222,-80.03241667,Non-Intersection,Dark - Not Lighted,Rain,1:00am-1:59am,16,1:00am-1:59am,33,Unknown,Unknown EMS Hospital Arrival Time,1,Dark - Unlighted,Rain/Wind/Minor,1,1,['Driver'],['Shoulder_Lapbelt'],1,1,Valid,0.0,0.0,65.0,24.0,"['Female', 'Male']",0,0,3,4,5,Wet/Standing Water,Straight,Level,Lowest,No
27739,42,Pennsylvania,420269,0,1,1,0,1,PHILADELPHIA,May,6,Saturday,3,5,Urban,Low Speed (Local),No,39.96311111,-75.14958333,Non-Intersection,Dark - Lighted,Clear,3:00am-3:59am,10,3:00am-3:59am,15,3:00am-3:59am,42,1,Dark - Lighted,Clear,1,0,['Driver'],['Shoulder_Lapbelt'],1,1,Valid,1.0,0.0,25.0,25.0,['Male'],1,0,2,4,3,Dry,Straight,Level,Lowest,No
27740,42,Pennsylvania,420270,0,1,1,0,1,NOT APPLICABLE,May,6,Saturday,11,16,Rural,Low Speed (Local),No,40.07122222,-76.85255,Non-Intersection,Daylight,Clear,Unknown,Unknown,Unknown EMS Scene Arrival Hour,Unknown EMS Scene Arrival Minutes,Unknown,Unknown EMS Hospital Arrival Time,1,Daylight,Clear,1,0,['Driver'],['None_Used'],0,0,Valid,0.0,0.0,58.0,58.0,['Male'],0,0,5,4,3,Dry,Straight,Level,Lowest,No
27741,42,Pennsylvania,420271,1,1,1,0,2,PHILADELPHIA,May,7,Sunday,21,8,Urban,Low Speed (Local),No,40.03407778,-75.08480278,Complex/Circle,Dark - Lighted,Clear,9:00pm-9:59pm,0,9:00pm-9:59pm,5,Not Applicable (Not Transported),Not Applicable (Not Transported),1,Dark - Lighted,Clear,0,2,[],[],0,0,Invalid,0.0,0.0,999.0,999.0,['Other'],2,0,2,3,4,Dry,Straight,Level,Lowest,No
27742,42,Pennsylvania,420272,0,2,2,0,2,NOT APPLICABLE,May,8,Monday,11,58,Rural,Medium Speed (Collector),No,40.13571111,-77.373025,Simple Junction,Daylight,Clear,Not Applicable (Not Notified),Not Applicable (Not Notified),Not Applicable,Not Applicable,Not Applicable (Not Transported),Not Applicable (Not Transported),1,Daylight,Clear,1,1,['Driver'],['None_Used'],0,0,Valid,0.0,0.0,32.0,17.0,"['Male', 'Male']",1,0,5,4,5,Dry,Straight,Grade/Hillcrest,Lowest,No
27743,42,Pennsylvania,420273,1,1,1,0,1,NORTHUMBERLAND,May,8,Monday,13,31,Urban,High Speed (Arterial),Yes,40.88823056,-76.79351111,Complex/Circle,Daylight,Clear,1:00pm-1:59pm,31,1:00pm-1:59pm,38,Not Applicable (Not Transported),Not Applicable (Not Transported),1,Daylight,Clear,0,1,[],[],0,0,Valid,0.0,0.0,37.0,37.0,['Male'],0,0,4,1,4,Dry,Straight,Level,Lowest,No
27744,42,Pennsylvania,420274,0,1,1,0,1,PHILADELPHIA,May,8,Monday,16,30,Urban,Low Speed (Local),No,40.01623611,-75.12548056,Non-Intersection,Daylight,Reported as Unknown,4:00pm-4:59pm,31,4:00pm-4:59pm,38,4:00pm-4:59pm,50,1,Daylight,Clear,1,0,['Driver'],['Shoulder_Lapbelt'],0,0,Valid,0.0,0.0,37.0,37.0,['Male'],0,0,3,0,3,Dry,Straight,Level,Lowest,No
27745,42,Pennsylvania,420275,0,1,1,0,2,NOT APPLICABLE,May,9,Tuesday,13,32,Rural,Medium Speed (Collector),No,40.54729722,-78.50108333,Non-Intersection,Daylight,Clear,Unknown,Unknown,Unknown EMS Scene Arrival Hour,Unknown EMS Scene Arrival Minutes,Unknown,Unknown EMS Hospital Arrival Time,2,Daylight,Clear,2,0,"['Driver', 'Front_Passenger']","['Shoulder_Only', 'Shoulder_Only']",0,0,Valid,0.0,0.0,82.0,82.0,['Female'],2,0,3,4,2,Dry,Straight,Grade/Hillcrest,Lowest,No
27746,42,Pennsylvania,420276,0,2,2,0,2,NOT APPLICABLE,May,10,Wednesday,10,38,Urban,High Speed (Arterial),Yes,40.12089722,-74.97853611,Non-Intersection,Daylight,Clear,10:00am-10:59am,39,10:00am-10:59am,45,11:00am-11:59am,3,1,Daylight,Clear,1,1,['Driver'],['None_Used'],0,0,Invalid,0.0,0.0,72.0,47.0,"['Male', 'Male']",1,0,5,4,5,Dry,Straight,Level,Lowest,No
27747,42,Pennsylvania,420277,0,1,1,0,1,PITTSBURGH,May,10,Wednesday,13,2,Urban,High Speed (Arterial),Yes,40.45202222,-79.99651111,Non-Intersection,Daylight,Clear,Unknown,Unknown,Unknown EMS Scene Arrival Hour,Unknown EMS Scene Arrival Minutes,Unknown,Unknown EMS Hospital Arrival Time,1,Daylight,Clear,1,0,['Driver'],['None_Used'],0,0,Valid,0.0,0.0,18.0,18.0,['Male'],1,0,5,4,3,Dry,Curve,Grade/Hillcrest,Lowest,No
27748,42,Pennsylvania,420278,1,1,1,0,1,PHILADELPHIA,May,11,Thursday,20,59,Urban,High Speed (Arterial),Yes,40.05068056,-75.01014444,Simple Junction,Dark - Lighted,Clear,8:00pm-8:59pm,59,9:00pm-9:59pm,2,9:00pm-9:59pm,17,1,Dark - Lighted,Clear,0,1,[],[],0,0,Valid,0.0,0.0,28.0,28.0,['Female'],0,0,3,2,4,Dry,Straight,Level,Lowest,No
27749,42,Pennsylvania,420279,0,1,1,0,1,NOT APPLICABLE,May,12,Friday,17,26,Urban,Medium Speed (Collector),No,40.28585556,-79.39378611,Non-Intersection,Daylight,Clear,5:00pm-5:59pm,26,5:00pm-5:59pm,30,5:00pm-5:59pm,45,1,Daylight,Clear,1,0,['Driver'],['None_Used'],0,0,Valid,0.0,0.0,79.0,79.0,['Male'],0,0,5,4,2,Dry,Straight,Level,Lowest,No
27750,42,Pennsylvania,420280,0,1,1,0,1,NOT APPLICABLE,May,12,Friday,21,54,Rural,Medium Speed (Collector),No,41.86568611,-75.241775,Non-Intersection,Dark - Not Lighted,Clear,9:00pm-9:59pm,57,10:00pm-10:59pm,24,Not Applicable (Not Transported),Not Applicable (Not Transported),1,Dark - Unlighted,Clear,1,0,['Driver'],['None_Used'],1,1,Invalid,1.0,0.0,56.0,56.0,['Male'],1,0,5,4,2,Dry,Curve,Grade/Hillcrest,Lowest,No
27751,42,Pennsylvania,420281,0,1,1,0,1,PALMERTON,May,14,Sunday,20,50,Urban,High Speed (Arterial),Yes,40.79221667,-75.65365,Non-Intersection,Dark - Not Lighted,Clear,Unknown,Unknown,Unknown EMS Scene Arrival Hour,Unknown EMS Scene Arrival Minutes,Not Applicable (Not Transported),Not Applicable (Not Transported),1,Dark - Unlighted,Clear,1,0,['Driver'],['None_Used'],0,0,Valid,0.0,0.0,39.0,39.0,['Male'],1,0,5,4,2,Dry,Straight,Level,Lowest,No
27752,42,Pennsylvania,420282,0,2,2,0,2,PHILADELPHIA,May,22,Monday,7,48,Urban,Medium Speed (Collector),No,39.94045278,-75.20153611,Non-Intersection,Daylight,Clear,7:00am-7:59am,52,8:00am-8:59am,0,Not Applicable (Not Transported),Not Applicable (Not Transported),1,Daylight,Clear,1,1,['Driver'],['None_Used'],0,0,Valid,1.0,1.0,43.0,32.0,"['Male', 'Male']",0,0,5,2,5,Dry,Straight,Level,Lowest,No
27753,42,Pennsylvania,420283,0,3,3,0,4,NOT APPLICABLE,June,6,Tuesday,18,51,Urban,High Speed (Arterial),Yes,40.84233333,-79.91912222,Simple Junction,Daylight,Clear,6:00pm-6:59pm,59,7:00pm-7:59pm,3,Unknown,Unknown EMS Hospital Arrival Time,1,Daylight,Clear,1,3,['Front_Passenger'],['Shoulder_Lapbelt'],1,1,Valid,1.0,0.0,59.0,51.0,"['Female', 'Female', 'Male']",1,0,3,4,5,Dry,Straight,Level,Lowest,No