,State_Code,State_Name,Crash_ID,Count_Non_Motorists,Count_Vehicles_Total,Count_Vehicle_Forms,Count_PVH_Involved,Count_Occupants_MV,City_Name,Month_Name,Day_of_Month,Day_of_Week,Crash_Hour,Crash_Minute,Area_Rural_Urban,Road_Functional_Class,On_NHS_Road,Latitude,Longitude,Intersection_Type,Light_Condition,Weather_Condition,Notif_Hour,Notif_Minute,Arrival_Hour,Arrival_Minute,Hospital_Hour,Hospital_Minute,Fatalities_Count,Clean_Light_Condition,Clean_Weather_Condition,Total_Killed,Total_Alive,Fatal_Seats_List,Killed_Restraint_List,Any_Driver_Drinking,Total_Drinking_Drivers,Driver_License_Category,Driver_Max_Prev_Accident_Count,Driver_Max_Prev_Speeding_Count,Max_Driver_Age,Min_Driver_Age,Driver_Sex_List,Total_Exceeding_Limit_Vehicles,Total_Too_Fast_Vehicles,Max_Vehicle_Type_Severity_5,Max_Vehicle_Damage_Rank,Max_Harmful_Event_Severity,Crash_Road_Surface_Condition,Crash_Horizontal_Alignment,Crash_Vertical_Profile,Crash_Impairment_Category,Crash_Vehicle_Defect
27754,42,Pennsylvania,420284,0,1,1,0,1,READING,May,14,Sunday,13,40,Urban,Low Speed (Local),No,40.31038889,-75.93090833,Non-Intersection,Daylight,Clear,Unknown,Unknown,Unknown EMS Scene Arrival Hour,Unknown EMS Scene Arrival Minutes,Unknown,Unknown EMS Hospital Arrival Time,1,Daylight,Clear,1,0,['Driver'],['None_Used'],1,1,Valid,0.0,0.0,51.0,51.0,['Male'],0,0,5,4,2,Dry,Curve,Grade/Hillcrest,Lowest,No
27755,42,Pennsylvania,420285,1,1,1,0,3,NEW FLORENCE,May,15,Monday,21,18,Rural,Medium Speed (Collector),No,40.37823889,-79.07159722,Non-Intersection,Dark - Not Lighted,Clear,9:00pm-9:59pm,17,9:00pm-9:59pm,20,Not Applicable (Not Transported),Not Applicable (Not Transported),1,Dark - Unlighted,Clear,0,0,[],[],0,0,Invalid,0.0,0.0,52.0,52.0,['Female'],0,0,2,3,4,Dry,Straight,Level,Lowest,No
27756,42,Pennsylvania,420286,1,1,1,0,1,PHILADELPHIA,May,18,Thursday,8,55,Urban,Medium Speed (Collector),No,39.97870556,-75.157725,Complex/Circle,Daylight,Clear,8:00am-8:59am,57,9:00am-9:59am,0,9:00am-9:59am,11,1,Daylight,Clear,0,1,[],[],0,0,Valid,0.0,0.0,40.0,40.0,['Male'],0,0,4,1,4,Dry,Straight,Level,Lowest,No
27757,42,Pennsylvania,420287,0,1,1,0,1,KITTANNING,May,18,Thursday,21,8,Urban,Medium Speed (Collector),No,40.84001389,-79.52579444,Non-Intersection,Dark - Not Lighted,Clear,9:00pm-9:59pm,25,9:00pm-9:59pm,47,10:00pm-10:59pm,31,1,Dark - Unlighted,Clear,1,0,['Driver'],['None_Used'],1,1,Invalid,1.0,0.0,28.0,28.0,['Male'],1,0,5,4,2,Dry,Straight,Level,Lowest,No
27758,42,Pennsylvania,420288,0,2,2,0,4,NOT APPLICABLE,May,20,Saturday,21,10,Rural,Medium Speed (Collector),No,40.45426944,-77.14660556,Non-Intersection,Dark - Not Lighted,Clear,Unknown,Unknown,Unknown EMS Scene Arrival Hour,Unknown EMS Scene Arrival Minutes,Unknown,Unknown EMS Hospital Arrival Time,1,Dark - Unlighted,Clear,1,3,['Driver'],['Shoulder_Lapbelt'],1,1,Valid,0.0,0.0,50.0,31.0,"['Male', 'Female']",1,0,3,4,5,Wet/Standing Water,Curve,Grade/Hillcrest,Lowest,Yes
27759,42,Pennsylvania,420289,0,2,2,0,3,NOT APPLICABLE,May,21,Sunday,14,39,Rural,Medium Speed (Collector),No,40.83507222,-75.595825,Non-Intersection,Daylight,Clear,Unknown,Unknown,Unknown EMS Scene Arrival Hour,Unknown EMS Scene Arrival Minutes,Unknown,Unknown EMS Hospital Arrival Time,2,Daylight,Clear,2,1,"['Driver', 'Rear_Seat']","['None_Used', 'None_Used']",1,1,Valid,0.0,0.0,42.0,22.0,"['Male', 'Male']",0,0,5,4,5,Dry,Straight,Level,Lowest,No
27760,42,Pennsylvania,420290,0,2,2,0,3,NOT APPLICABLE,May,24,Wednesday,18,0,Urban,Medium Speed (Collector),No,41.34881389,-75.59025556,Complex/Circle,Daylight,Cloudy,6:00pm-6:59pm,3,6:00pm-6:59pm,10,6:00pm-6:59pm,34,1,Daylight,Reduced Visibility,1,0,['Driver'],['None_Used'],0,0,Valid,2.0,1.0,56.0,20.0,"['Male', 'Female']",2,0,3,4,5,Dry,Straight,Grade/Hillcrest,Lowest,No
27761,42,Pennsylvania,420291,0,2,2,0,2,NOT APPLICABLE,May,24,Wednesday,10,51,Urban,High Speed (Arterial),Yes,41.20550833,-79.34278889,Non-Intersection,Daylight,Clear,Unknown,Unknown,Unknown EMS Scene Arrival Hour,Unknown EMS Scene Arrival Minutes,Unknown,Unknown EMS Hospital Arrival Time,1,Daylight,Clear,1,1,['Driver'],['None_Used'],0,0,Valid,0.0,0.0,79.0,75.0,"['Male', 'Male']",0,0,3,4,5,Dry,Curve,Level,Lowest,No
27762,42,Pennsylvania,420292,0,2,2,0,3,NOT APPLICABLE,May,25,Thursday,5,55,Rural,Medium Speed (Collector),No,40.46594167,-75.80635278,Simple Junction,Daylight,Clear,Not Applicable (Not Notified),Not Applicable (Not Notified),Not Applicable,Not Applicable,Not Applicable (Not Transported),Not Applicable (Not Transported),1,Daylight,Clear,1,2,['Driver'],['Shoulder_Lapbelt'],0,0,Valid,0.0,0.0,66.0,37.0,"['Male', 'Male']",0,0,2,4,5,Dry,Straight,Grade/Hillcrest,Lowest,No
27763,42,Pennsylvania,420293,0,2,2,0,3,POTTSTOWN,May,25,Thursday,17,15,Urban,High Speed (Arterial),Yes,40.24854444,-75.66393333,Simple Junction,Daylight,Clear,5:00pm-5:59pm,22,5:00pm-5:59pm,27,5:00pm-5:59pm,54,1,Daylight,Clear,1,0,['Driver'],['None_Used'],0,0,Valid,1.0,0.0,79.0,75.0,"['Male', 'Male']",0,0,3,4,5,Dry,Straight,Level,Lowest,No
27764,42,Pennsylvania,420294,0,1,1,0,1,PITTSBURGH,May,27,Saturday,23,20,Urban,Medium Speed (Collector),No,40.47202778,-80.01544722,Non-Intersection,Dark - Lighted,Clear,11:00pm-11:59pm,3,11:00pm-11:59pm,8,11:00pm-11:59pm,37,1,Dark - Lighted,Clear,1,0,['Driver'],['None_Used'],1,1,Invalid,0.0,0.0,42.0,42.0,['Male'],1,0,5,4,2,Dry,Curve,Grade/Hillcrest,Lowest,No
27765,42,Pennsylvania,420295,0,1,1,0,1,NOT APPLICABLE,May,29,Monday,10,31,Rural,Medium Speed (Collector),No,40.96858056,-79.83756667,Non-Intersection,Daylight,Clear,Unknown,Unknown,Unknown EMS Scene Arrival Hour,Unknown EMS Scene Arrival Minutes,Not Applicable (Not Transported),Not Applicable (Not Transported),1,Daylight,Clear,1,0,['Driver'],['None_Used'],0,0,Valid,0.0,0.0,75.0,75.0,['Female'],0,0,2,4,2,Dry,Straight,Grade/Hillcrest,Lowest,No
27766,42,Pennsylvania,420296,0,1,1,0,1,NOT APPLICABLE,May,31,Wednesday,9,30,Urban,Medium Speed (Collector),No,39.86616944,-77.54613333,Non-Intersection,Daylight,Clear,Unknown,Unknown,Unknown EMS Scene Arrival Hour,Unknown EMS Scene Arrival Minutes,Unknown,Unknown EMS Hospital Arrival Time,1,Daylight,Clear,1,0,['Driver'],['Shoulder_Lapbelt'],0,0,Valid,0.0,0.0,62.0,62.0,['Male'],0,0,3,4,3,Dry,Curve,Level,Lowest,No
27767,42,Pennsylvania,420297,0,5,5,0,8,NOT APPLICABLE,June,3,Saturday,15,29,Urban,High Speed (Arterial),Yes,40.02984167,-76.54844444,Non-Intersection,Daylight,Clear,Unknown,Unknown,Unknown EMS Scene Arrival Hour,Unknown EMS Scene Arrival Minutes,Unknown,Unknown EMS Hospital Arrival Time,1,Daylight,Clear,1,7,['Driver'],['None_Used'],0,0,Invalid,0.0,0.0,74.0,17.0,"['Male', 'Female', 'Male', 'Male', 'Female']",2,0,3,4,5,Dry,Straight,Level,Lowest,No
27768,42,Pennsylvania,420298,0,4,4,0,5,NOT APPLICABLE,June,3,Saturday,18,7,Rural,Medium Speed (Collector),No,40.28391389,-77.092675,Non-Intersection,Daylight,Cloudy,Unknown,Unknown,Unknown EMS Scene Arrival Hour,Unknown EMS Scene Arrival Minutes,Unknown,Unknown EMS Hospital Arrival Time,1,Daylight,Reduced Visibility,1,4,['Driver'],['None_Used'],0,0,Valid,2.0,0.0,76.0,29.0,"['Male', 'Female', 'Male', 'Male']",1,0,3,4,5,Dry,Curve,Grade/Hillcrest,Lowest,No
27769,42,Pennsylvania,420299,0,1,1,0,1,NOT APPLICABLE,June,1,Thursday,21,34,Urban,High Speed (Arterial),Yes,40.49417778,-78.38409444,Complex/Circle,Dark - Lighted,Clear,Unknown,Unknown,Unknown EMS Scene Arrival Hour,Unknown EMS Scene Arrival Minutes,Not Applicable (Not Transported),Not Applicable (Not Transported),1,Dark - Lighted,Clear,1,0,['Driver'],['None_Used'],0,0,Valid,0.0,0.0,69.0,69.0,['Male'],0,0,5,4,2,Dry,Straight,Grade/Hillcrest,Lowest,No
27770,42,Pennsylvania,420300,0,2,2,0,2,NOT APPLICABLE,June,1,Thursday,17,10,Rural,Medium Speed (Collector),No,40.16782222,-77.29404444,Non-Intersection,Daylight,Clear,Unknown,Unknown,Unknown EMS Scene Arrival Hour,Unknown EMS Scene Arrival Minutes,Unknown,Unknown EMS Hospital Arrival Time,1,Daylight,Clear,1,0,['Driver'],['None_Used'],0,0,Valid,0.0,0.0,89.0,59.0,"['Male', 'Female']",0,0,5,4,5,Dry,Straight,Non-Trafficway,Lowest,No
27771,42,Pennsylvania,420301,0,2,2,0,3,NOT APPLICABLE,June,3,Saturday,9,0,Urban,Medium Speed (Collector),No,40.58969167,-79.66504167,Non-Intersection,Daylight,Clear,9:00am-9:59am,30,9:00am-9:59am,38,Unknown,Unknown EMS Hospital Arrival Time,2,Daylight,Clear,2,1,"['Driver', 'Front_Passenger']","['None_Used', 'None_Used']",0,0,Invalid,0.0,0.0,56.0,41.0,"['Male', 'Female']",0,0,3,4,5,Dry,Straight,Level,Lowest,No
27772,42,Pennsylvania,420302,0,2,2,0,2,NOT APPLICABLE,June,3,Saturday,21,42,Rural,High Speed (Arterial),Yes,40.13843333,-80.16476667,Non-Intersection,Dark - Not Lighted,Clear,9:00pm-9:59pm,40,9:00pm-9:59pm,47,Not Applicable (Not Transported),Not Applicable (Not Transported),1,Dark - Unlighted,Clear,1,1,['Driver'],['None_Used'],1,1,Valid,0.0,0.0,60.0,40.0,"['Male', 'Male']",0,0,5,4,5,Dry,Straight,Non-Trafficway,Lowest,No
27773,42,Pennsylvania,420303,0,1,1,0,1,NOT APPLICABLE,June,3,Saturday,22,40,Urban,High Speed (Arterial),Yes,39.91880556,-79.75398889,Non-Intersection,Dark - Lighted,Clear,10:00pm-10:59pm,37,10:00pm-10:59pm,42,11:00pm-11:59pm,20,1,Dark - Lighted,Clear,1,0,['Driver'],['None_Used'],1,1,Valid,0.0,0.0,28.0,28.0,['Male'],1,0,2,4,3,Dry,Straight,Level,Lowest,No
27774,42,Pennsylvania,420304,0,2,2,0,3,NOT APPLICABLE,June,3,Saturday,20,52,Rural,Low Speed (Local),No,40.738975,-79.41914444,Non-Intersection,Dark - Not Lighted,Clear,8:00pm-8:59pm,40,8:00pm-8:59pm,56,Not Applicable (Not Transported),Not Applicable (Not Transported),1,Dark - Unlighted,Clear,1,2,['Driver'],['None_Used'],1,2,Valid,0.0,0.0,44.0,32.0,"['Male', 'Male']",0,0,5,4,5,Dry,Straight,Grade/Hillcrest,Lowest,No
27775,42,Pennsylvania,420305,1,1,1,0,1,ROCHESTER,June,3,Saturday,23,7,Urban,Medium Speed (Collector),No,40.70094722,-80.28275833,Simple Junction,Dark - Lighted,Clear,11:00pm-11:59pm,9,11:00pm-11:59pm,12,11:00pm-11:59pm,37,1,Dark - Lighted,Clear,0,1,[],[],1,1,Valid,0.0,0.0,49.0,49.0,['Male'],0,0,5,3,4,Dry,Straight,Grade/Hillcrest,Lowest,No
27776,42,Pennsylvania,420306,0,2,2,0,3,HANOVER,June,7,Wednesday,20,58,Urban,Low Speed (Local),No,39.82385833,-76.99500556,Non-Intersection,Dusk,Clear,Unknown,Unknown,Unknown EMS Scene Arrival Hour,Unknown EMS Scene Arrival Minutes,Unknown,Unknown EMS Hospital Arrival Time,1,Twilight,Clear,1,2,['Driver'],['None_Used'],0,0,Valid,0.0,0.0,62.0,34.0,"['Male', 'Male']",1,0,5,4,5,Dry,Straight,Level,Lowest,No
27777,42,Pennsylvania,420307,0,1,1,0,1,NOT APPLICABLE,June,9,Friday,0,39,Urban,Medium Speed (Collector),No,39.74150833,-77.10493611,Non-Intersection,Dark - Not Lighted,Clear,Unknown,Unknown,Unknown EMS Scene Arrival Hour,Unknown EMS Scene Arrival Minutes,Not Applicable (Not Transported),Not Applicable (Not Transported),1,Dark - Unlighted,Clear,1,0,['Driver'],['None_Used'],1,1,Valid,0.0,0.0,41.0,41.0,['Male'],1,0,5,4,3,Dry,Curve,Grade/Hillcrest,Lowest,No
27778,42,Pennsylvania,420308,0,1,1,0,2,NOT APPLICABLE,June,10,Saturday,5,50,Rural,Medium Speed (Collector),No,41.32298611,-75.55896667,Non-Intersection,Daylight,Clear,5:00am-5:59am,53,6:00am-6:59am,9,6:00am-6:59am,25,1,Daylight,Clear,1,1,['Front_Passenger'],['None_Used'],1,1,Valid,1.0,0.0,18.0,18.0,['Male'],0,0,3,4,3,Dry,Straight,Grade/Hillcrest,Lowest,No
27779,42,Pennsylvania,420309,0,2,2,0,3,EAU CLAIRE,June,11,Sunday,17,57,Rural,Medium Speed (Collector),No,41.14124444,-79.79581667,Non-Intersection,Daylight,Rain,Unknown,Unknown,Unknown EMS Scene Arrival Hour,Unknown EMS Scene Arrival Minutes,Not Applicable (Not Transported),Not Applicable (Not Transported),2,Daylight,Rain/Wind/Minor,2,0,"['Driver', 'Rear_Seat']","['None_Used', 'None_Used']",1,1,Valid,0.0,0.0,51.0,32.0,"['Male', 'Female']",2,0,5,4,5,Wet/Standing Water,Curve,Level,Lowest,No
27780,42,Pennsylvania,420310,0,2,2,0,2,PLUM,June,11,Sunday,15,49,Urban,Low Speed (Local),No,40.49060556,-79.78361944,Non-Intersection,Daylight,Clear,3:00pm-3:59pm,53,3:00pm-3:59pm,57,4:00pm-4:59pm,37,1,Daylight,Clear,1,1,['Driver'],['None_Used'],0,0,Valid,0.0,0.0,66.0,30.0,"['Male', 'Male']",0,0,5,4,5,Dry,Straight,Level,Lowest,No
27781,42,Pennsylvania,420311,0,2,2,0,4,NOT APPLICABLE,June,11,Sunday,20,49,Urban,High Speed (Arterial),Yes,40.29951667,-75.58518056,Complex/Circle,Dusk,Clear,8:00pm-8:59pm,49,8:00pm-8:59pm,53,Not Applicable (Not Transported),Not Applicable (Not Transported),1,Twilight,Clear,1,3,['Driver'],['None_Used'],0,0,Invalid,1.0,1.0,22.0,20.0,"['Male', 'Male']",0,0,5,4,5,Dry,Straight,Level,Lowest,No
27782,42,Pennsylvania,420312,0,1,1,0,1,PHILADELPHIA,June,11,Sunday,6,18,Urban,High Speed (Arterial),Yes,40.02396944,-75.03088889,Non-Intersection,Dawn,Clear,6:00am-6:59am,20,6:00am-6:59am,25,Not Applicable (Not Transported),Not Applicable (Not Transported),1,Twilight,Clear,1,0,['Driver'],['Shoulder_Lapbelt'],0,0,Valid,1.0,0.0,53.0,53.0,['Male'],1,0,4,4,3,Dry,Curve,Grade/Hillcrest,Lowest,No
27783,42,Pennsylvania,420313,0,1,1,0,1,BRENTWOOD,June,12,Monday,2,51,Urban,High Speed (Arterial),Yes,40.36351944,-79.98366667,Non-Intersection,Dark - Lighted,Clear,Unknown,Unknown,Unknown EMS Scene Arrival Hour,Unknown EMS Scene Arrival Minutes,Unknown,Unknown EMS Hospital Arrival Time,1,Dark - Lighted,Clear,1,0,['Driver'],['None_Used'],0,0,Valid,1.0,0.0,20.0,20.0,['Female'],0,0,3,4,3,Dry,Straight,Grade/Hillcrest,Lowest,No
27784,42,Pennsylvania,420314,0,2,2,0,2,NOT APPLICABLE,June,17,Saturday,17,22,Urban,Medium Speed (Collector),No,40.09316944,-75.31079722,Non-Intersection,Daylight,Clear,5:00pm-5:59pm,24,5:00pm-5:59pm,31,Not Applicable (Not Transported),Not Applicable (Not Transported),1,Daylight,Clear,1,1,['Driver'],['None_Used'],1,1,Valid,0.0,0.0,33.0,21.0,"['Male', 'Male']",1,0,5,4,5,Dry,Curve,Level,Lowest,Yes
27785,42,Pennsylvania,420315,0,1,1,0,1,NOT APPLICABLE,June,18,Sunday,21,12,Rural,Low Speed (Local),No,40.27319444,-76.07887222,Non-Intersection,Dark - Not Lighted,Clear,Unknown,Unknown,Unknown EMS Scene Arrival Hour,Unknown EMS Scene Arrival Minutes,Not Applicable (Not Transported),Not Applicable (Not Transported),1,Dark - Unlighted,Clear,1,0,['Driver'],['None_Used'],0,0,Valid,0.0,1.0,50.0,50.0,['Male'],0,0,5,4,1,Dry,Straight,Grade/Hillcrest,Lowest,No
27786,42,Pennsylvania,420316,0,3,3,0,4,NOT APPLICABLE,February,2,Thursday,11,38,Rural,Medium Speed (Collector),No,40.13301944,-76.11283611,Complex/Circle,Daylight,Cloudy,Unknown,Unknown,Unknown EMS Scene Arrival Hour,Unknown EMS Scene Arrival Minutes,Unknown,Unknown EMS Hospital Arrival Time,1,Daylight,Reduced Visibility,1,3,['Driver'],['Shoulder_Lapbelt'],0,0,Valid,0.0,0.0,49.0,18.0,"['Female', 'Male', 'Male']",0,0,4,4,5,Dry,Straight,Level,Lowest,No
27787,42,Pennsylvania,420317,0,5,1,4,1,CHESTER,March,19,Sunday,23,53,Urban,High Speed (Arterial),Yes,39.84635556,-75.37661667,Non-Intersection,Dark - Not Lighted,Clear,Unknown,Unknown,Unknown EMS Scene Arrival Hour,Unknown EMS Scene Arrival Minutes,Not Applicable (Not Transported),Not Applicable (Not Transported),1,Dark - Unlighted,Clear,1,0,['Driver'],['None_Used'],1,1,Valid,0.0,0.0,43.0,43.0,['Female'],1,0,2,4,5,Dry,Straight,Level,Lowest,No
27788,42,Pennsylvania,420318,0,3,3,0,3,NOT APPLICABLE,March,21,Tuesday,8,17,Rural,Medium Speed (Collector),No,41.24916389,-76.73768611,Simple Junction,Daylight,Clear,8:00am-8:59am,13,8:00am-8:59am,20,8:00am-8:59am,48,1,Daylight,Clear,1,2,['Driver'],['None_Used'],0,0,Valid,0.0,0.0,85.0,32.0,"['Male', 'Female', 'Male']",1,0,3,4,5,Dry,Straight,Level,Lowest,No
27789,42,Pennsylvania,420319,0,3,2,1,4,PHILADELPHIA,June,19,Monday,22,35,Urban,Low Speed (Local),No,40.03247222,-75.15143333,Non-Intersection,Dark - Not Lighted,Clear,10:00pm-10:59pm,37,10:00pm-10:59pm,40,11:00pm-11:59pm,3,1,Dark - Unlighted,Clear,1,3,['Driver'],['Shoulder_Lapbelt'],0,0,Invalid,2.0,0.0,57.0,17.0,"['Female', 'Male']",1,0,3,4,5,Dry,Straight,Level,Lowest,No
27790,42,Pennsylvania,420320,0,1,1,0,1,BELLEVUE,June,23,Friday,0,48,Urban,High Speed (Arterial),Yes,40.48563889,-80.05290556,Non-Intersection,Dark - Not Lighted,Rain,0:00am-0:59am,49,1:00am-1:59am,0,1:00am-1:59am,17,1,Dark - Unlighted,Rain/Wind/Minor,1,0,['Driver'],['Shoulder_Lapbelt'],1,1,Invalid,0.0,0.0,26.0,26.0,['Male'],1,0,3,4,3,Wet/Standing Water,Straight,Level,Lowest,No
27791,42,Pennsylvania,420321,0,1,1,0,2,NOT APPLICABLE,June,23,Friday,14,2,Rural,Medium Speed (Collector),No,39.89933056,-76.87466389,Non-Intersection,Daylight,Cloudy,Unknown,Unknown,Unknown EMS Scene Arrival Hour,Unknown EMS Scene Arrival Minutes,Unknown,Unknown EMS Hospital Arrival Time,1,Daylight,Reduced Visibility,1,1,['Driver'],['None_Used'],0,0,Valid,0.0,1.0,54.0,54.0,['Male'],2,0,5,4,3,Wet/Standing Water,Curve,Grade/Hillcrest,Lowest,No
27792,42,Pennsylvania,420322,0,2,2,0,4,PALMERTON,June,24,Saturday,22,17,Urban,Low Speed (Local),No,40.79338889,-75.64285556,Non-Intersection,Dark - Lighted,Clear,Unknown,Unknown,Unknown EMS Scene Arrival Hour,Unknown EMS Scene Arrival Minutes,Not Applicable (Not Transported),Not Applicable (Not Transported),1,Dark - Lighted,Clear,1,3,['Driver'],['None_Used'],1,1,Valid,0.0,0.0,56.0,30.0,"['Male', 'Male']",1,0,5,4,5,Dry,Curve,Level,Lowest,No
27793,42,Pennsylvania,420323,0,1,1,0,1,PITTSBURGH,June,25,Sunday,15,17,Urban,Low Speed (Local),No,40.46457778,-79.89910833,Non-Intersection,Daylight,Clear,Unknown,Unknown,Unknown EMS Scene Arrival Hour,Unknown EMS Scene Arrival Minutes,Not Applicable (Not Transported),Not Applicable (Not Transported),1,Daylight,Clear,1,0,['Driver'],['None_Used'],0,0,Invalid,0.0,0.0,75.0,75.0,['Male'],0,0,2,4,3,Dry,Curve,Grade/Hillcrest,Medium,No
27794,42,Pennsylvania,420324,0,2,2,0,3,NOT APPLICABLE,June,29,Thursday,18,17,Rural,Medium Speed (Collector),No,40.18431111,-76.60088611,Complex/Circle,Daylight,Clear,Not Applicable (Not Notified),Not Applicable (Not Notified),Not Applicable,Not Applicable,Not Applicable (Not Transported),Not Applicable (Not Transported),1,Daylight,Clear,1,2,['Driver'],['None_Used'],1,1,Valid,0.0,0.0,55.0,42.0,"['Male', 'Female']",0,0,3,4,5,Dry,Straight,Level,Lowest,No
27795,42,Pennsylvania,420325,0,1,1,0,1,NOT APPLICABLE,February,10,Friday,22,28,Urban,High Speed (Arterial),Yes,40.05128333,-76.39881667,Non-Intersection,Dark - Not Lighted,Cloudy,Not Applicable (Not Notified),Not Applicable (Not Notified),Not Applicable,Not Applicable,Not Applicable (Not Transported),Not Applicable (Not Transported),1,Dark - Unlighted,Reduced Visibility,1,0,['Driver'],['Shoulder_Lapbelt'],1,1,Valid,0.0,0.0,50.0,50.0,['Male'],1,0,3,4,3,Dry,Straight,Level,Lowest,No
27796,42,Pennsylvania,420326,0,2,2,0,2,NOT APPLICABLE,January,5,Thursday,10,17,Rural,High Speed (Arterial),Yes,41.21763056,-79.96930556,Non-Intersection,Daylight,Clear,Unknown,Unknown,Unknown EMS Scene Arrival Hour,Unknown EMS Scene Arrival Minutes,Not Applicable (Not Transported),Not Applicable (Not Transported),1,Daylight,Clear,1,1,['Driver'],['None_Used'],0,0,Valid,0.0,0.0,45.0,28.0,"['Male', 'Male']",0,0,4,4,5,Dry,Straight,Level,Lowest,No
27797,42,Pennsylvania,420327,0,2,2,0,2,NOT APPLICABLE,February,8,Wednesday,17,21,Urban,High Speed (Arterial),Yes,39.90291111,-76.24171111,Non-Intersection,Daylight,Clear,Unknown,Unknown,Unknown EMS Scene Arrival Hour,Unknown EMS Scene Arrival Minutes,Not Applicable (Not Transported),Not Applicable (Not Transported),1,Daylight,Clear,1,1,['Driver'],['None_Used'],0,0,Valid,0.0,0.0,61.0,38.0,"['Male', 'Male']",0,0,4,4,5,Dry,Straight,Grade/Hillcrest,Lowest,No
27798,42,Pennsylvania,420328,0,2,2,0,2,NOT APPLICABLE,February,11,Saturday,22,48,Rural,High Speed (Arterial),Yes,41.80132778,-76.95969444,Complex/Circle,Dark - Not Lighted,Clear,10:00pm-10:59pm,47,11:00pm-11:59pm,6,Unknown,Unknown EMS Hospital Arrival Time,1,Dark - Unlighted,Clear,1,1,['Driver'],['Shoulder_Lapbelt'],0,0,Valid,0.0,0.0,47.0,35.0,"['Male', 'Female']",0,0,3,4,3,Dry,Straight,Grade/Hillcrest,Lowest,No
27799,42,Pennsylvania,420329,0,2,2,0,2,THROOP,February,17,Friday,18,30,Urban,Medium Speed (Collector),No,41.43787778,-75.59683611,Non-Intersection,Dusk,Clear,6:00pm-6:59pm,21,6:00pm-6:59pm,30,7:00pm-7:59pm,22,1,Twilight,Clear,1,1,['Driver'],['Shoulder_Only'],0,0,Valid,1.0,0.0,71.0,24.0,"['Male', 'Male']",0,0,4,4,5,Dry,Straight,Non-Trafficway,Lowest,No
27800,42,Pennsylvania,420330,0,1,1,0,2,ALTOONA,March,16,Thursday,20,22,Urban,Low Speed (Local),No,40.50309722,-78.41235833,Complex/Circle,Dark - Not Lighted,Clear,Unknown,Unknown,Unknown EMS Scene Arrival Hour,Unknown EMS Scene Arrival Minutes,Unknown,Unknown EMS Hospital Arrival Time,1,Dark - Unlighted,Clear,1,1,['Front_Passenger'],['Shoulder_Lapbelt'],1,1,Valid,1.0,1.0,42.0,42.0,['Male'],2,0,3,2,2,Dry,Straight,Level,Lowest,No
27801,42,Pennsylvania,420331,0,2,2,0,3,NOT APPLICABLE,March,6,Monday,12,7,Rural,Medium Speed (Collector),No,40.69665278,-79.33233889,Simple Junction,Daylight,Not Reported,12:00pm-12:59pm,2,12:00pm-12:59pm,14,Unknown,Unknown EMS Hospital Arrival Time,2,Daylight,Clear,2,1,"['Driver', 'Front_Passenger']","['None_Used', 'None_Used']",0,0,Valid,0.0,0.0,70.0,61.0,"['Female', 'Female']",0,0,3,4,5,Dry,Straight,Level,Lowest,No
27802,42,Pennsylvania,420332,0,2,2,0,3,NOT APPLICABLE,March,6,Monday,6,55,Rural,Medium Speed (Collector),No,40.74607778,-77.01250278,Non-Intersection,Dawn,Clear,6:00am-6:59am,54,7:00am-7:59am,5,Not Applicable (Not Transported),Not Applicable (Not Transported),2,Twilight,Clear,2,1,"['Driver', 'Front_Passenger']","['Shoulder_Lapbelt', 'Shoulder_Lapbelt']",0,0,Valid,0.0,0.0,30.0,17.0,"['Male', 'Male']",2,0,3,4,5,Dry,Curve,Grade/Hillcrest,Lowest,No
27803,42,Pennsylvania,420333,1,1,1,0,1,NOT APPLICABLE,March,11,Saturday,22,18,Urban,High Speed (Arterial),Yes,40.58566944,-80.03618333,Complex/Circle,Dark - Lighted,Clear,Not Applicable (Not Notified),Not Applicable (Not Notified),Not Applicable,Not Applicable,Not Applicable (Not Transported),Not Applicable (Not Transported),1,Dark - Lighted,Clear,0,1,[],[],0,0,Valid,0.0,0.0,35.0,35.0,['Male'],0,0,2,3,4,Dry,Straight,Level,Lowest,No
27804,42,Pennsylvania,420334,0,1,1,0,2,NOT APPLICABLE,March,11,Saturday,18,15,Rural,Low Speed (Local),No,40.24864167,-77.79643056,Non-Intersection,Dark - Not Lighted,Clear,Unknown,Unknown,Unknown EMS Scene Arrival Hour,Unknown EMS Scene Arrival Minutes,Unknown,Unknown EMS Hospital Arrival Time,1,Dark - Unlighted,Clear,1,1,['Rear_Seat'],['None_Used'],1,1,Valid,1.0,0.0,36.0,36.0,['Male'],0,0,5,3,3,Loose/Unpaved,Straight,Level,Lowest,No
27805,42,Pennsylvania,420335,0,3,3,0,3,NOT APPLICABLE,April,15,Saturday,14,18,Rural,Medium Speed (Collector),No,40.12948611,-76.71483611,Simple Junction,Daylight,Cloudy,Unknown,Unknown,Unknown EMS Scene Arrival Hour,Unknown EMS Scene Arrival Minutes,Unknown,Unknown EMS Hospital Arrival Time,1,Daylight,Reduced Visibility,1,2,['Driver'],['None_Used'],0,0,Valid,0.0,2.0,37.0,19.0,"['Female', 'Male', 'Male']",0,0,5,4,5,Dry,Straight,Grade/Hillcrest,Lowest,No
27806,42,Pennsylvania,420336,1,2,1,1,1,POTTSVILLE,April,27,Thursday,10,40,Urban,Low Speed (Local),No,40.69468889,-76.19132778,Non-Intersection,Daylight,Clear,Unknown,Unknown,Unknown EMS Scene Arrival Hour,Unknown EMS Scene Arrival Minutes,Unknown,Unknown EMS Hospital Arrival Time,1,Daylight,Clear,0,1,[],[],0,0,Valid,0.0,0.0,51.0,51.0,['Male'],0,0,3,4,4,Dry,Straight,Level,Lowest,No