,State_Code,State_Name,Crash_ID,Count_Non_Motorists,Count_Vehicles_Total,Count_Vehicle_Forms,Count_PVH_Involved,Count_Occupants_MV,City_Name,Month_Name,Day_of_Month,Day_of_Week,Crash_Hour,Crash_Minute,Area_Rural_Urban,Road_Functional_Class,On_NHS_Road,Latitude,Longitude,Intersection_Type,Light_Condition,Weather_Condition,Notif_Hour,Notif_Minute,Arrival_Hour,Arrival_Minute,Hospital_Hour,Hospital_Minute,Fatalities_Count,Clean_Light_Condition,Clean_Weather_Condition,Total_Killed,Total_Alive,Fatal_Seats_List,Killed_Restraint_List,Any_Driver_Drinking,Total_Drinking_Drivers,Driver_License_Category,Driver_Max_Prev_Accident_Count,Driver_Max_Prev_Speeding_Count,Max_Driver_Age,Min_Driver_Age,Driver_Sex_List,Total_Exceeding_Limit_Vehicles,Total_Too_Fast_Vehicles,Max_Vehicle_Type_Severity_5,Max_Vehicle_Damage_Rank,Max_Harmful_Event_Severity,Crash_Road_Surface_Condition,Crash_Horizontal_Alignment,Crash_Vertical_Profile,Crash_Impairment_Category,Crash_Vehicle_Defect
27807,42,Pennsylvania,420337,0,3,3,0,3,NOT APPLICABLE,May,5,Friday,20,0,Rural,High Speed (Arterial),Yes,41.22042222,-75.79907222,Non-Intersection,Dusk,Clear,8:00pm-8:59pm,0,8:00pm-8:59pm,6,8:00pm-8:59pm,24,1,Twilight,Clear,1,2,['Driver'],['None_Used'],0,0,Valid,1.0,0.0,62.0,41.0,"['Male', 'Male', 'Male']",1,0,3,4,5,Dry,Straight,Grade/Hillcrest,Lowest,No
27808,42,Pennsylvania,420338,0,1,1,0,1,NOT APPLICABLE,March,25,Saturday,5,18,Rural,Low Speed (Local),No,40.04003611,-79.21741667,Complex/Circle,Dark - Not Lighted,Rain,7:00am-7:59am,2,7:00am-7:59am,15,Not Applicable (Not Transported),Not Applicable (Not Transported),1,Dark - Unlighted,Rain/Wind/Minor,1,0,['Driver'],['Shoulder_Lapbelt'],0,0,Valid,0.0,0.0,68.0,68.0,['Male'],1,0,3,4,3,Wet/Standing Water,Straight,Grade/Hillcrest,Lowest,No
27809,42,Pennsylvania,420339,0,2,2,0,3,NOT APPLICABLE,March,26,Sunday,17,4,Rural,Low Speed (Local),No,39.99297778,-76.27529444,Complex/Circle,Daylight,Clear,Unknown,Unknown,Unknown EMS Scene Arrival Hour,Unknown EMS Scene Arrival Minutes,Unknown,Unknown EMS Hospital Arrival Time,1,Daylight,Clear,1,1,['Driver'],['Shoulder_Lapbelt'],0,0,Valid,0.0,0.0,81.0,28.0,"['Female', 'Female']",0,0,3,4,5,Dry,Straight,Level,Lowest,No
27810,42,Pennsylvania,420340,0,2,2,0,2,NOT APPLICABLE,March,27,Monday,7,55,Rural,Medium Speed (Collector),No,40.19550833,-78.49339444,Complex/Circle,Daylight,Clear,Not Applicable (Not Notified),Not Applicable (Not Notified),Not Applicable,Not Applicable,Not Applicable (Not Transported),Not Applicable (Not Transported),1,Daylight,Clear,1,1,['Driver'],['None_Used'],0,0,Valid,0.0,0.0,44.0,38.0,"['Male', 'Female']",0,0,4,4,5,Dry,Straight,Level,Lowest,No
27811,42,Pennsylvania,420341,0,1,1,0,2,NOT APPLICABLE,March,29,Wednesday,7,27,Rural,Medium Speed (Collector),No,40.62794167,-78.99999167,Non-Intersection,Daylight,Clear,7:00am-7:59am,28,7:00am-7:59am,47,9:00am-9:59am,12,1,Daylight,Clear,1,1,['Driver'],['Shoulder_Lapbelt'],0,0,Valid,0.0,0.0,76.0,76.0,['Male'],0,0,3,4,3,Dry,Straight,Level,Medium,No
27812,42,Pennsylvania,420342,0,1,1,0,1,NOT APPLICABLE,March,30,Thursday,2,6,Urban,Low Speed (Local),No,40.24648889,-76.70063333,Non-Intersection,Dark - Not Lighted,Clear,Not Applicable (Not Notified),Not Applicable (Not Notified),Not Applicable,Not Applicable,Not Applicable (Not Transported),Not Applicable (Not Transported),1,Dark - Unlighted,Clear,1,0,['Driver'],['Shoulder_Lapbelt'],1,1,Valid,0.0,0.0,44.0,44.0,['Male'],0,0,3,4,3,Dry,Straight,Grade/Hillcrest,Lowest,No
27813,42,Pennsylvania,420343,0,1,1,0,1,MCKEES ROCKS,April,1,Saturday,14,27,Urban,High Speed (Arterial),Yes,40.47556111,-80.06501667,Non-Intersection,Daylight,Clear,2:00pm-2:59pm,29,2:00pm-2:59pm,32,2:00pm-2:59pm,59,1,Daylight,Clear,1,0,['Driver'],['Shoulder_Lapbelt'],0,0,Valid,0.0,0.0,60.0,60.0,['Female'],0,0,2,4,3,Dry,Straight,Level,Lowest,No
27814,42,Pennsylvania,420344,0,1,1,0,3,NOT APPLICABLE,April,1,Saturday,4,3,Rural,Low Speed (Local),No,41.47011111,-77.82690556,Non-Intersection,Dark - Not Lighted,Rain,4:00am-4:59am,0,4:00am-4:59am,35,Unknown,Unknown EMS Hospital Arrival Time,1,Dark - Unlighted,Rain/Wind/Minor,1,2,['Front_Passenger'],['None_Used'],1,1,Valid,0.0,0.0,38.0,38.0,['Male'],3,0,5,4,3,Loose/Unpaved,Straight,Grade/Hillcrest,Lowest,No
27815,42,Pennsylvania,420345,0,1,1,0,1,NOT APPLICABLE,April,1,Saturday,20,23,Rural,High Speed (Arterial),Yes,40.04587222,-78.75528611,Non-Intersection,Dark - Not Lighted,Rain,Unknown,Unknown,Unknown EMS Scene Arrival Hour,Unknown EMS Scene Arrival Minutes,Not Applicable (Not Transported),Not Applicable (Not Transported),1,Dark - Unlighted,Rain/Wind/Minor,1,0,['Driver'],['None_Used'],0,0,Invalid,1.0,0.0,54.0,54.0,['Male'],1,0,2,4,3,Wet/Standing Water,Curve,Grade/Hillcrest,Lowest,No
27816,42,Pennsylvania,420346,0,2,2,0,2,NOT APPLICABLE,April,1,Saturday,18,53,Urban,Medium Speed (Collector),No,40.15994444,-74.83189167,Simple Junction,Dark - Lighted,Rain,6:00pm-6:59pm,56,7:00pm-7:59pm,4,7:00pm-7:59pm,50,1,Dark - Lighted,Rain/Wind/Minor,1,0,['Driver'],['Shoulder_Lapbelt'],0,0,Valid,0.0,0.0,80.0,34.0,"['Male', 'Male']",0,0,3,4,5,Wet/Standing Water,Straight,Level,Lowest,No
27817,42,Pennsylvania,420347,0,2,2,0,7,NOT APPLICABLE,April,3,Monday,0,38,Rural,High Speed (Arterial),Yes,41.07475,-76.99486111,Non-Intersection,Dark - Not Lighted,Clear,0:00am-0:59am,37,0:00am-0:59am,56,Unknown,Unknown EMS Hospital Arrival Time,1,Dark - Unlighted,Clear,1,6,['Rear_Seat'],['Child_Safety'],0,0,Valid,1.0,0.0,44.0,27.0,"['Male', 'Male']",0,0,4,4,5,Dry,Straight,Level,Lowest,Yes
27818,42,Pennsylvania,420348,0,2,2,0,4,NOT APPLICABLE,April,4,Tuesday,13,24,Urban,Medium Speed (Collector),No,40.70984444,-75.41889722,Simple Junction,Daylight,Clear,Unknown,Unknown,Unknown EMS Scene Arrival Hour,Unknown EMS Scene Arrival Minutes,Unknown,Unknown EMS Hospital Arrival Time,2,Daylight,Clear,2,2,"['Driver', 'Rear_Seat']","['None_Used', 'None_Used']",0,0,Valid,0.0,0.0,44.0,22.0,"['Male', 'Male']",2,0,5,4,5,Dry,Straight,Grade/Hillcrest,Lowest,No
27819,42,Pennsylvania,420349,1,1,1,0,1,PITTSBURGH,April,11,Tuesday,22,1,Urban,High Speed (Arterial),Yes,40.44820833,-79.89849167,Non-Intersection,Dark - Lighted,Clear,10:00pm-10:59pm,7,10:00pm-10:59pm,9,Not Applicable (Not Transported),Not Applicable (Not Transported),1,Dark - Lighted,Clear,0,1,[],[],0,0,Invalid,0.0,0.0,54.0,54.0,['Male'],0,0,3,3,4,Dry,Straight,Level,Lowest,No
27820,42,Pennsylvania,420350,0,1,1,0,2,NOT APPLICABLE,April,5,Wednesday,0,52,Rural,Low Speed (Local),No,41.07594722,-78.83681389,Non-Intersection,Dark - Not Lighted,Clear,Unknown,Unknown,Unknown EMS Scene Arrival Hour,Unknown EMS Scene Arrival Minutes,Unknown,Unknown EMS Hospital Arrival Time,1,Dark - Unlighted,Clear,1,1,['Driver'],['None_Used'],1,1,Invalid,0.0,0.0,42.0,42.0,['Male'],2,0,5,3,3,Dry,Straight,Grade/Hillcrest,Lowest,No
27821,42,Pennsylvania,420351,0,1,1,0,1,NOT APPLICABLE,April,6,Thursday,13,43,Rural,Medium Speed (Collector),No,40.7313,-75.83213889,Non-Intersection,Daylight,Clear,Unknown,Unknown,Unknown EMS Scene Arrival Hour,Unknown EMS Scene Arrival Minutes,Unknown,Unknown EMS Hospital Arrival Time,1,Daylight,Clear,1,0,['Driver'],['None_Used'],0,0,Valid,0.0,0.0,46.0,46.0,['Male'],0,0,3,4,2,Dry,Straight,Level,Medium,No
27822,42,Pennsylvania,420352,0,1,1,0,1,NOT APPLICABLE,April,7,Friday,22,56,Urban,High Speed (Arterial),Yes,39.87116667,-75.32405556,Non-Intersection,Dark - Not Lighted,Clear,10:00pm-10:59pm,5,11:00pm-11:59pm,5,Not Applicable (Not Transported),Not Applicable (Not Transported),1,Dark - Unlighted,Clear,1,0,['Driver'],['Shoulder_Lapbelt'],1,1,Valid,0.0,0.0,31.0,31.0,['Male'],1,0,3,4,3,Dry,Curve,Level,Lowest,No
27823,42,Pennsylvania,420353,0,1,1,0,1,CHERRY TREE,April,9,Sunday,20,4,Rural,Medium Speed (Collector),No,40.72898056,-78.80612222,Non-Intersection,Dusk,Clear,Unknown,Unknown,Unknown EMS Scene Arrival Hour,Unknown EMS Scene Arrival Minutes,Not Applicable (Not Transported),Not Applicable (Not Transported),1,Twilight,Clear,1,0,['Driver'],['None_Used'],0,0,Invalid,0.0,2.0,39.0,39.0,['Male'],1,0,5,4,3,Dry,Curve,Level,Lowest,No
27824,42,Pennsylvania,420354,0,1,1,0,1,NOT APPLICABLE,April,12,Wednesday,16,52,Rural,Low Speed (Local),No,40.97448333,-75.33996389,Non-Intersection,Daylight,Clear,Unknown,Unknown,Unknown EMS Scene Arrival Hour,Unknown EMS Scene Arrival Minutes,Unknown,Unknown EMS Hospital Arrival Time,1,Daylight,Clear,1,0,['Driver'],['None_Used'],0,0,Valid,0.0,0.0,17.0,17.0,['Male'],0,0,5,4,2,Dry,Straight,Level,Lowest,No
27825,42,Pennsylvania,420355,0,2,2,0,2,NOT APPLICABLE,April,12,Wednesday,20,15,Rural,Medium Speed (Collector),No,40.68132222,-77.28241389,Non-Intersection,Dark - Not Lighted,Clear,8:00pm-8:59pm,11,8:00pm-8:59pm,19,8:00pm-8:59pm,58,1,Dark - Unlighted,Clear,1,1,['Driver'],['Shoulder_Lapbelt'],0,0,Valid,0.0,0.0,77.0,58.0,"['Female', 'Male']",0,0,3,4,5,Dry,Curve,Grade/Hillcrest,Lowest,No
27826,42,Pennsylvania,420356,0,3,3,0,3,NOT APPLICABLE,May,11,Thursday,17,40,Rural,Medium Speed (Collector),No,40.37644167,-78.18008333,Non-Intersection,Daylight,Clear,Unknown,Unknown,Unknown EMS Scene Arrival Hour,Unknown EMS Scene Arrival Minutes,Unknown,Unknown EMS Hospital Arrival Time,1,Daylight,Clear,1,2,['Driver'],['Shoulder_Lapbelt'],0,0,Valid,0.0,1.0,65.0,26.0,"['Female', 'Male', 'Female']",0,0,4,4,5,Dry,Straight,Level,Lowest,No
27827,42,Pennsylvania,420357,0,4,4,0,6,NOT APPLICABLE,May,12,Friday,17,51,Urban,High Speed (Arterial),Yes,40.19486667,-74.96507222,Complex/Circle,Daylight,Clear,5:00pm-5:59pm,51,6:00pm-6:59pm,1,6:00pm-6:59pm,15,1,Daylight,Clear,1,5,['Driver'],['None_Used'],0,0,Valid,0.0,0.0,70.0,29.0,"['Male', 'Male', 'Male', 'Male']",0,0,5,4,5,Dry,Straight,Level,Lowest,No
27828,42,Pennsylvania,420358,0,4,4,0,7,NOT APPLICABLE,May,22,Monday,14,40,Rural,High Speed (Arterial),Yes,41.95504167,-80.36124167,Non-Intersection,Daylight,Clear,Unknown,Unknown,Unknown EMS Scene Arrival Hour,Unknown EMS Scene Arrival Minutes,Unknown,Unknown EMS Hospital Arrival Time,1,Daylight,Clear,1,6,['Rear_Seat'],['Shoulder_Lapbelt'],0,0,Valid,1.0,0.0,59.0,34.0,"['Male', 'Male', 'Female', 'Male']",1,0,4,4,5,Dry,Straight,Grade/Hillcrest,Lowest,No
27829,42,Pennsylvania,420359,0,2,2,0,2,NOT APPLICABLE,April,13,Thursday,14,12,Urban,High Speed (Arterial),Yes,41.38523611,-79.84859444,Non-Intersection,Daylight,Clear,2:00pm-2:59pm,4,2:00pm-2:59pm,9,Unknown,Unknown EMS Hospital Arrival Time,1,Daylight,Clear,1,1,['Driver'],['None_Used'],0,0,Valid,0.0,0.0,76.0,61.0,"['Male', 'Male']",0,0,5,2,5,Dry,Curve,Grade/Hillcrest,Lowest,No
27830,42,Pennsylvania,420360,0,1,1,0,1,NOT APPLICABLE,April,13,Thursday,9,23,Rural,Medium Speed (Collector),No,41.77054722,-77.16778611,Non-Intersection,Daylight,Clear,9:00am-9:59am,22,9:00am-9:59am,33,Not Applicable (Not Transported),Not Applicable (Not Transported),1,Daylight,Clear,1,0,['Driver'],['Shoulder_Lapbelt'],0,0,Valid,0.0,0.0,67.0,67.0,['Female'],0,0,3,4,3,Dry,Curve,Level,Lowest,No
27831,42,Pennsylvania,420361,0,2,2,0,2,NOT APPLICABLE,April,13,Thursday,3,25,Rural,Medium Speed (Collector),No,40.02012222,-78.484125,Complex/Circle,Dark - Lighted,Clear,Unknown,Unknown,Unknown EMS Scene Arrival Hour,Unknown EMS Scene Arrival Minutes,Not Applicable (Not Transported),Not Applicable (Not Transported),1,Dark - Lighted,Clear,1,1,['Driver'],['None_Used'],0,0,Invalid,0.0,2.0,54.0,47.0,"['Male', 'Male']",0,0,4,4,5,Dry,Straight,Level,Lowest,No
27832,42,Pennsylvania,420362,0,2,2,0,9,NOT APPLICABLE,April,14,Friday,22,2,Urban,High Speed (Arterial),Yes,39.92906111,-77.63592778,Complex/Circle,Dark - Lighted,Clear,Unknown,Unknown,Unknown EMS Scene Arrival Hour,Unknown EMS Scene Arrival Minutes,Unknown,Unknown EMS Hospital Arrival Time,1,Dark - Lighted,Clear,1,5,['Rear_Seat'],['None_Used'],0,0,Invalid,0.0,0.0,32.0,24.0,"['Male', 'Male']",0,0,3,4,5,Dry,Straight,Level,Lowest,No
27833,42,Pennsylvania,420363,0,2,2,0,5,PHILADELPHIA,April,15,Saturday,1,44,Urban,High Speed (Arterial),Yes,40.00308333,-75.19445556,Non-Intersection,Dark - Lighted,Clear,1:00am-1:59am,50,2:00am-2:59am,3,Unknown,Unknown EMS Hospital Arrival Time,4,Dark - Lighted,Clear,4,1,"['Driver', 'Front_Passenger', 'Rear_Seat', 'Rear_Seat']","['None_Used', 'None_Used', 'None_Used', 'None_Used']",0,0,Valid,1.0,0.0,31.0,31.0,"['Male', 'Male']",1,0,3,4,3,Dry,Curve,Level,Lowest,No
27834,42,Pennsylvania,420364,0,1,1,0,2,NOT APPLICABLE,April,16,Sunday,16,21,Urban,Medium Speed (Collector),No,42.04545278,-80.12027222,Non-Intersection,Daylight,Clear,4:00pm-4:59pm,19,4:00pm-4:59pm,31,Not Applicable (Not Transported),Not Applicable (Not Transported),1,Daylight,Clear,1,1,['Rear_Seat'],['None_Used'],0,0,Valid,0.0,1.0,49.0,49.0,['Male'],0,0,3,4,3,Dry,Curve,Level,Lowest,No
27835,42,Pennsylvania,420365,0,2,2,0,2,NOT APPLICABLE,April,16,Sunday,13,58,Rural,Low Speed (Local),No,40.69141944,-76.23058611,Complex/Circle,Daylight,Clear,Unknown,Unknown,Unknown EMS Scene Arrival Hour,Unknown EMS Scene Arrival Minutes,Unknown,Unknown EMS Hospital Arrival Time,1,Daylight,Clear,1,1,['Driver'],['None_Used'],0,0,Valid,0.0,0.0,84.0,30.0,"['Male', 'Female']",0,0,5,4,5,Dry,Straight,Grade/Hillcrest,Lowest,No
27836,42,Pennsylvania,420366,0,1,1,0,2,NOT APPLICABLE,April,16,Sunday,20,29,Rural,Medium Speed (Collector),No,41.74117222,-76.21863889,Non-Intersection,Dark - Not Lighted,Not Reported,8:00pm-8:59pm,28,8:00pm-8:59pm,46,9:00pm-9:59pm,3,1,Dark - Unlighted,Clear,1,1,['Driver'],['None_Used'],0,0,Valid,0.0,0.0,47.0,47.0,['Male'],0,0,5,4,1,Dry,Straight,Level,Lowest,Yes
27837,42,Pennsylvania,420367,0,2,2,0,2,NOT APPLICABLE,April,18,Tuesday,7,4,Rural,Medium Speed (Collector),No,39.84052222,-79.87034167,Non-Intersection,Daylight,Not Reported,7:00am-7:59am,5,7:00am-7:59am,12,8:00am-8:59am,7,1,Daylight,Clear,1,1,['Driver'],['Shoulder_Lapbelt'],0,0,Valid,0.0,0.0,62.0,29.0,"['Male', 'Female']",1,0,2,4,5,Dry,Straight,Grade/Hillcrest,Lowest,No
27838,42,Pennsylvania,420368,0,2,2,0,2,NOT APPLICABLE,April,18,Tuesday,1,9,Urban,High Speed (Arterial),Yes,40.68311111,-75.28780556,Non-Intersection,Dark - Lighted,Clear,Unknown,Unknown,Unknown EMS Scene Arrival Hour,Unknown EMS Scene Arrival Minutes,Unknown,Unknown EMS Hospital Arrival Time,1,Dark - Lighted,Clear,1,1,['Driver'],['Shoulder_Lapbelt'],0,0,Valid,0.0,0.0,56.0,40.0,"['Female', 'Male']",0,0,2,4,5,Dry,Straight,Level,Lowest,No
27839,42,Pennsylvania,420369,0,2,2,0,4,CHESTER,April,18,Tuesday,13,4,Urban,High Speed (Arterial),Yes,39.84695556,-75.37539167,Complex/Circle,Daylight,Clear,1:00pm-1:59pm,10,1:00pm-1:59pm,15,1:00pm-1:59pm,37,1,Daylight,Clear,1,3,['Non_Standard_Risk'],['None_Used'],1,1,Invalid,1.0,0.0,67.0,57.0,"['Female', 'Male']",1,0,3,4,5,Dry,Straight,Level,Lowest,No
27840,42,Pennsylvania,420370,0,2,2,0,6,NOT APPLICABLE,April,20,Thursday,16,13,Urban,High Speed (Arterial),Yes,40.24281389,-75.56921667,Non-Intersection,Daylight,Cloudy,4:00pm-4:59pm,16,4:00pm-4:59pm,27,5:00pm-5:59pm,16,1,Daylight,Reduced Visibility,1,5,['Rear_Seat'],['None_Used'],0,0,Invalid,0.0,0.0,36.0,17.0,"['Male', 'Female']",6,0,5,4,5,Dry,Curve,Grade/Hillcrest,Lowest,No
27841,42,Pennsylvania,420371,1,1,1,0,1,NOT APPLICABLE,April,19,Wednesday,21,10,Rural,High Speed (Arterial),Yes,42.15330278,-79.89285556,Non-Intersection,Dark - Not Lighted,Clear,9:00pm-9:59pm,10,9:00pm-9:59pm,26,Not Applicable (Not Transported),Not Applicable (Not Transported),1,Dark - Unlighted,Clear,0,1,[],[],0,0,Invalid,0.0,0.0,42.0,42.0,['Male'],0,0,4,3,4,Dry,Straight,Level,Lowest,No
27842,42,Pennsylvania,420372,0,1,1,0,1,NOT APPLICABLE,April,19,Wednesday,23,49,Rural,Medium Speed (Collector),No,41.40299722,-75.01307778,Non-Intersection,Dark - Not Lighted,Clear,11:00pm-11:59pm,48,0:00am-0:59am,6,Not Applicable (Not Transported),Not Applicable (Not Transported),1,Dark - Unlighted,Clear,1,0,['Driver'],['Shoulder_Lapbelt'],0,0,Valid,0.0,0.0,44.0,44.0,['Male'],1,0,2,4,3,Dry,Straight,Level,Lowest,No
27843,42,Pennsylvania,420373,1,1,1,0,1,SCRANTON,April,19,Wednesday,16,49,Urban,Medium Speed (Collector),No,41.41241389,-75.66102778,Complex/Circle,Daylight,Clear,4:00pm-4:59pm,50,4:00pm-4:59pm,53,5:00pm-5:59pm,7,1,Daylight,Clear,0,1,[],[],0,0,Valid,0.0,0.0,20.0,20.0,['Male'],0,0,3,2,4,Dry,Straight,Grade/Hillcrest,Lowest,No
27844,42,Pennsylvania,420374,0,1,1,0,1,NOT APPLICABLE,April,19,Wednesday,19,50,Rural,Low Speed (Local),No,40.16811111,-76.10669444,Non-Intersection,Dusk,Clear,Unknown,Unknown,Unknown EMS Scene Arrival Hour,Unknown EMS Scene Arrival Minutes,Unknown,Unknown EMS Hospital Arrival Time,1,Twilight,Clear,1,0,['Driver'],['None_Used'],1,1,Valid,0.0,0.0,70.0,70.0,['Male'],0,0,5,0,2,Dry,Curve,Level,Lowest,No
27845,42,Pennsylvania,420375,0,2,2,0,2,NOT APPLICABLE,April,20,Thursday,22,40,Rural,High Speed (Arterial),Yes,41.06064722,-75.90737222,Non-Intersection,Dark - Not Lighted,Clear,10:00pm-10:59pm,42,10:00pm-10:59pm,50,11:00pm-11:59pm,30,1,Dark - Unlighted,Clear,1,1,['Driver'],['Shoulder_Lapbelt'],0,0,Invalid,0.0,0.0,56.0,35.0,"['Male', 'Female']",0,0,4,4,5,Dry,Straight,Level,Medium,No
27846,42,Pennsylvania,420376,0,1,1,0,1,NOT APPLICABLE,April,11,Tuesday,12,25,Rural,Low Speed (Local),No,41.05825556,-75.93141389,Non-Intersection,Daylight,Clear,12:00pm-12:59pm,30,12:00pm-12:59pm,36,Not Applicable (Not Transported),Not Applicable (Not Transported),1,Daylight,Clear,1,0,['Driver'],['None_Used'],0,0,Valid,0.0,1.0,71.0,71.0,['Male'],0,0,5,4,3,Dry,Curve,Level,Lowest,No
27847,42,Pennsylvania,420377,0,2,2,0,2,NOT APPLICABLE,April,20,Thursday,8,50,Urban,Medium Speed (Collector),No,39.95538056,-77.67338611,Non-Intersection,Daylight,Clear,Unknown,Unknown,Unknown EMS Scene Arrival Hour,Unknown EMS Scene Arrival Minutes,Unknown,Unknown EMS Hospital Arrival Time,1,Daylight,Clear,1,1,['Driver'],['None_Used'],0,0,Valid,2.0,0.0,75.0,28.0,"['Female', 'Male']",0,0,4,4,5,Dry,Straight,Grade/Hillcrest,Lowest,No
27848,42,Pennsylvania,420378,0,1,1,0,1,NOT APPLICABLE,April,22,Saturday,2,14,Rural,Medium Speed (Collector),No,40.81762222,-76.08418611,Non-Intersection,Dark - Not Lighted,Clear,Unknown,Unknown,Unknown EMS Scene Arrival Hour,Unknown EMS Scene Arrival Minutes,Not Applicable (Not Transported),Not Applicable (Not Transported),1,Dark - Unlighted,Clear,1,0,['Driver'],['Shoulder_Lapbelt'],1,1,Valid,0.0,0.0,22.0,22.0,['Male'],0,0,3,4,3,Dry,Straight,Level,Lowest,No
27849,42,Pennsylvania,420379,0,1,1,0,1,NOT APPLICABLE,April,25,Tuesday,13,38,Rural,Low Speed (Local),No,41.20563333,-76.41523889,Non-Intersection,Daylight,Cloudy,Unknown,Unknown,Unknown EMS Scene Arrival Hour,Unknown EMS Scene Arrival Minutes,Not Applicable (Not Transported),Not Applicable (Not Transported),1,Daylight,Reduced Visibility,1,0,['Driver'],['None_Used'],0,0,Valid,0.0,0.0,79.0,79.0,['Male'],0,0,5,1,1,Dry,Curve,Grade/Hillcrest,Lowest,No
27850,42,Pennsylvania,420380,0,2,2,0,2,NOT APPLICABLE,April,29,Saturday,5,8,Rural,High Speed (Arterial),Yes,40.54299722,-75.68689722,Non-Intersection,Dark - Not Lighted,Rain,Unknown,Unknown,Unknown EMS Scene Arrival Hour,Unknown EMS Scene Arrival Minutes,Unknown,Unknown EMS Hospital Arrival Time,1,Dark - Unlighted,Rain/Wind/Minor,1,1,['Driver'],['Shoulder_Lapbelt'],1,1,Valid,0.0,0.0,56.0,48.0,"['Male', 'Male']",0,0,4,4,5,Wet/Standing Water,Straight,Level,Lowest,No
27851,42,Pennsylvania,420381,0,2,2,0,5,NOT APPLICABLE,April,25,Tuesday,13,48,Rural,Medium Speed (Collector),No,40.48155556,-76.54797222,Non-Intersection,Daylight,Clear,Unknown,Unknown,Unknown EMS Scene Arrival Hour,Unknown EMS Scene Arrival Minutes,Unknown,Unknown EMS Hospital Arrival Time,1,Daylight,Clear,1,2,['Front_Passenger'],['Shoulder_Lapbelt'],0,0,Valid,1.0,1.0,44.0,33.0,"['Male', 'Female']",0,0,3,4,5,Dry,Curve,Level,Lowest,No
27852,42,Pennsylvania,420382,1,1,1,0,2,CHURCHILL,April,29,Saturday,1,51,Urban,Medium Speed (Collector),No,40.44524167,-79.84505,Non-Intersection,Dark - Lighted,Rain,1:00am-1:59am,45,1:00am-1:59am,55,Not Applicable (Not Transported),Not Applicable (Not Transported),1,Dark - Lighted,Rain/Wind/Minor,0,2,[],[],0,0,Valid,1.0,1.0,22.0,22.0,['Male'],0,0,2,2,4,Wet/Standing Water,Straight,Level,Lowest,No
27853,42,Pennsylvania,420383,1,1,1,0,1,NESCOPECK PASS,April,26,Wednesday,14,43,Urban,Medium Speed (Collector),No,41.04757778,-76.22018333,Simple Junction,Daylight,Not Reported,2:00pm-2:59pm,40,3:00pm-3:59pm,20,3:00pm-3:59pm,36,1,Daylight,Clear,0,1,[],[],0,0,Valid,0.0,0.0,32.0,32.0,['Male'],0,0,1,1,4,Dry,Straight,Level,Lowest,No
27854,42,Pennsylvania,420384,0,2,2,0,3,NOT APPLICABLE,April,28,Friday,17,35,Urban,Medium Speed (Collector),No,40.25271389,-74.9855,Non-Intersection,Daylight,Rain,5:00pm-5:59pm,35,5:00pm-5:59pm,45,6:00pm-6:59pm,42,1,Daylight,Rain/Wind/Minor,1,2,['Driver'],['Shoulder_Lapbelt'],0,0,Valid,0.0,0.0,49.0,18.0,"['Male', 'Female']",2,0,3,4,5,Wet/Standing Water,Curve,Level,Lowest,No
27855,42,Pennsylvania,420385,0,4,2,2,3,WEST CHESTER,June,2,Friday,9,36,Urban,High Speed (Arterial),No,39.96106389,-75.60146667,Non-Intersection,Daylight,Clear,9:00am-9:59am,36,9:00am-9:59am,41,10:00am-10:59am,17,2,Daylight,Clear,2,1,"['Driver', 'Front_Passenger']","['None_Used', 'None_Used']",0,0,Valid,0.0,0.0,86.0,63.0,"['Male', 'Female']",2,0,3,4,5,Dry,Straight,Grade/Hillcrest,Lowest,Yes
27856,42,Pennsylvania,420386,0,3,3,0,4,NOT APPLICABLE,June,4,Sunday,19,13,Urban,High Speed (Arterial),Yes,40.06214722,-76.34315278,Non-Intersection,Daylight,Clear,Unknown,Unknown,Unknown EMS Scene Arrival Hour,Unknown EMS Scene Arrival Minutes,Unknown,Unknown EMS Hospital Arrival Time,1,Daylight,Clear,1,3,['Driver'],['None_Used'],0,0,Valid,1.0,1.0,47.0,19.0,"['Male', 'Male', 'Male']",2,0,5,4,5,Dry,Curve,Level,Lowest,No
27857,42,Pennsylvania,420387,0,2,2,0,2,NOT APPLICABLE,April,28,Friday,12,0,Rural,Low Speed (Local),No,40.89826111,-77.75223889,Non-Intersection,Daylight,Rain,12:00pm-12:59pm,9,12:00pm-12:59pm,16,1:00pm-1:59pm,31,1,Daylight,Rain/Wind/Minor,1,1,['Driver'],['Shoulder_Only'],0,0,Valid,0.0,0.0,76.0,31.0,"['Female', 'Male']",1,0,3,4,5,Wet/Standing Water,Curve,Grade/Hillcrest,Lowest,No
27858,42,Pennsylvania,420388,0,2,2,0,4,NOT APPLICABLE,April,29,Saturday,15,10,Urban,Medium Speed (Collector),No,40.3331,-79.54875833,Complex/Circle,Daylight,Clear,Unknown,Unknown,Unknown EMS Scene Arrival Hour,Unknown EMS Scene Arrival Minutes,Unknown,Unknown EMS Hospital Arrival Time,1,Daylight,Clear,1,2,['Driver'],['Shoulder_Lapbelt'],0,0,Valid,0.0,0.0,81.0,39.0,"['Male', 'Female']",0,0,3,4,5,Dry,Straight,Level,Lowest,No
27859,42,Pennsylvania,420389,0,1,1,0,1,NOT APPLICABLE,April,30,Sunday,6,0,Rural,Medium Speed (Collector),No,40.85057222,-76.48181111,Non-Intersection,Dark - Not Lighted,Rain,6:00am-6:59am,0,6:00am-6:59am,15,Not Applicable (Not Transported),Not Applicable (Not Transported),1,Dark - Unlighted,Rain/Wind/Minor,1,0,['Driver'],['None_Used'],0,0,Valid,3.0,2.0,23.0,23.0,['Male'],1,0,2,4,3,Wet/Standing Water,Straight,Grade/Hillcrest,Medium,No