,State_Code,State_Name,Crash_ID,Count_Non_Motorists,Count_Vehicles_Total,Count_Vehicle_Forms,Count_PVH_Involved,Count_Occupants_MV,City_Name,Month_Name,Day_of_Month,Day_of_Week,Crash_Hour,Crash_Minute,Area_Rural_Urban,Road_Functional_Class,On_NHS_Road,Latitude,Longitude,Intersection_Type,Light_Condition,Weather_Condition,Notif_Hour,Notif_Minute,Arrival_Hour,Arrival_Minute,Hospital_Hour,Hospital_Minute,Fatalities_Count,Clean_Light_Condition,Clean_Weather_Condition,Total_Killed,Total_Alive,Fatal_Seats_List,Killed_Restraint_List,Any_Driver_Drinking,Total_Drinking_Drivers,Driver_License_Category,Driver_Max_Prev_Accident_Count,Driver_Max_Prev_Speeding_Count,Max_Driver_Age,Min_Driver_Age,Driver_Sex_List,Total_Exceeding_Limit_Vehicles,Total_Too_Fast_Vehicles,Max_Vehicle_Type_Severity_5,Max_Vehicle_Damage_Rank,Max_Harmful_Event_Severity,Crash_Road_Surface_Condition,Crash_Horizontal_Alignment,Crash_Vertical_Profile,Crash_Impairment_Category,Crash_Vehicle_Defect
27860,42,Pennsylvania,420390,0,1,1,0,1,NOT APPLICABLE,April,30,Sunday,13,24,Rural,Medium Speed (Collector),No,40.81821389,-76.0629,Non-Intersection,Daylight,Rain,Unknown,Unknown,Unknown EMS Scene Arrival Hour,Unknown EMS Scene Arrival Minutes,Not Applicable (Not Transported),Not Applicable (Not Transported),1,Daylight,Rain/Wind/Minor,1,0,['Driver'],['None_Used'],0,0,Valid,0.0,0.0,44.0,44.0,['Male'],1,0,2,4,3,Wet/Standing Water,Straight,Level,Lowest,No
27861,42,Pennsylvania,420391,0,1,1,0,4,CHURCHILL,April,30,Sunday,6,29,Urban,High Speed (Arterial),Yes,40.42889444,-79.83795278,Non-Intersection,Dawn,Rain,6:00am-6:59am,30,6:00am-6:59am,38,Unknown,Unknown EMS Hospital Arrival Time,1,Twilight,Rain/Wind/Minor,1,3,['Front_Passenger'],['None_Used'],1,1,Invalid,0.0,0.0,44.0,44.0,['Female'],4,0,3,4,3,Wet/Standing Water,Curve,Level,Lowest,No
27862,42,Pennsylvania,420392,0,2,2,0,4,NOT APPLICABLE,April,30,Sunday,13,16,Rural,High Speed (Arterial),Yes,40.44666111,-79.07707778,Non-Intersection,Daylight,Rain,Unknown,Unknown,Unknown EMS Scene Arrival Hour,Unknown EMS Scene Arrival Minutes,Unknown,Unknown EMS Hospital Arrival Time,1,Daylight,Rain/Wind/Minor,1,3,['Driver'],['Shoulder_Lapbelt'],0,0,Valid,0.0,0.0,52.0,20.0,"['Female', 'Male']",1,0,3,4,5,Wet/Standing Water,Straight,Level,Lowest,Yes
27863,42,Pennsylvania,420393,0,1,1,0,1,NOT APPLICABLE,April,30,Sunday,17,29,Urban,High Speed (Arterial),Yes,39.78106667,-77.71495278,Non-Intersection,Dusk,Rain,Unknown,Unknown,Unknown EMS Scene Arrival Hour,Unknown EMS Scene Arrival Minutes,Not Applicable (Not Transported),Not Applicable (Not Transported),1,Twilight,Rain/Wind/Minor,1,0,['Driver'],['Shoulder_Lapbelt'],0,0,Valid,3.0,0.0,56.0,56.0,['Female'],0,0,2,4,3,Wet/Standing Water,Straight,Level,Lowest,No
27864,42,Pennsylvania,420394,1,1,1,0,1,HALLAM,May,3,Wednesday,17,29,Urban,Medium Speed (Collector),No,40.00341667,-76.61006111,Complex/Circle,Daylight,Clear,Unknown,Unknown,Unknown EMS Scene Arrival Hour,Unknown EMS Scene Arrival Minutes,Unknown,Unknown EMS Hospital Arrival Time,1,Daylight,Clear,0,1,[],[],0,0,Valid,0.0,0.0,84.0,84.0,['Male'],0,0,3,1,4,Dry,Straight,Level,Lowest,No
27865,42,Pennsylvania,420395,1,1,1,0,1,PHILADELPHIA,May,4,Thursday,22,2,Urban,High Speed (Arterial),Yes,39.99280556,-75.15486111,Non-Intersection,Dark - Lighted,Clear,10:00pm-10:59pm,1,10:00pm-10:59pm,19,Not Applicable (Not Transported),Not Applicable (Not Transported),1,Dark - Lighted,Clear,0,0,[],[],0,0,Invalid,0.0,0.0,999.0,999.0,['Other'],1,0,2,3,4,Dry,Straight,Level,Lowest,No
27866,42,Pennsylvania,420396,0,1,1,0,1,NOT APPLICABLE,May,4,Thursday,14,53,Rural,Low Speed (Local),No,40.30552222,-75.21103056,Non-Intersection,Daylight,Clear,2:00pm-2:59pm,55,3:00pm-3:59pm,2,3:00pm-3:59pm,42,1,Daylight,Clear,1,0,['Driver'],['None_Used'],0,0,Valid,0.0,0.0,73.0,73.0,['Male'],1,0,3,4,2,Dry,Curve,Grade/Hillcrest,Medium,No
27867,42,Pennsylvania,420397,0,2,2,0,2,SHAMOKIN DAM,May,5,Friday,16,51,Urban,Medium Speed (Collector),No,40.83979167,-76.82736111,Simple Junction,Daylight,Clear,4:00pm-4:59pm,53,5:00pm-5:59pm,0,5:00pm-5:59pm,30,1,Daylight,Clear,1,0,['Driver'],['None_Used'],0,0,Valid,0.0,0.0,74.0,28.0,"['Male', 'Male']",1,0,5,4,5,Dry,Straight,Level,Lowest,No
27868,42,Pennsylvania,420398,0,2,2,0,2,NOT APPLICABLE,May,6,Saturday,20,40,Urban,Medium Speed (Collector),No,41.03070278,-75.15396944,Simple Junction,Dark - Not Lighted,Clear,Unknown,Unknown,Unknown EMS Scene Arrival Hour,Unknown EMS Scene Arrival Minutes,Unknown,Unknown EMS Hospital Arrival Time,1,Dark - Unlighted,Clear,1,1,['Driver'],['None_Used'],0,0,Valid,1.0,1.0,25.0,20.0,"['Female', 'Male']",0,0,5,4,5,Dry,Straight,Level,Lowest,No
27869,42,Pennsylvania,420399,0,2,2,0,2,NOT APPLICABLE,May,9,Tuesday,20,0,Urban,Medium Speed (Collector),No,40.55313889,-75.49088889,Non-Intersection,Daylight,Clear,Unknown,Unknown,Unknown EMS Scene Arrival Hour,Unknown EMS Scene Arrival Minutes,Not Applicable (Not Transported),Not Applicable (Not Transported),1,Daylight,Clear,1,1,['Driver'],['None_Used'],0,0,Valid,0.0,0.0,41.0,22.0,"['Male', 'Male']",1,0,5,4,5,Dry,Straight,Level,Lowest,No
27870,42,Pennsylvania,420400,1,1,1,0,1,READING,May,10,Wednesday,16,46,Urban,Low Speed (Local),No,40.33679722,-75.92195,Complex/Circle,Daylight,Clear,Unknown,Unknown,Unknown EMS Scene Arrival Hour,Unknown EMS Scene Arrival Minutes,Unknown,Unknown EMS Hospital Arrival Time,1,Daylight,Clear,0,1,[],[],0,0,Valid,0.0,0.0,72.0,72.0,['Male'],0,0,3,1,4,Dry,Straight,Level,Lowest,No
27871,42,Pennsylvania,420401,0,2,2,0,2,NOT APPLICABLE,May,13,Saturday,15,21,Rural,Medium Speed (Collector),No,40.94069167,-75.39221944,Non-Intersection,Daylight,Clear,Unknown,Unknown,Unknown EMS Scene Arrival Hour,Unknown EMS Scene Arrival Minutes,Not Applicable (Not Transported),Not Applicable (Not Transported),1,Daylight,Clear,1,1,['Driver'],['None_Used'],0,0,Valid,1.0,0.0,64.0,26.0,"['Male', 'Male']",1,0,5,4,5,Dry,Straight,Level,Lowest,No
27872,42,Pennsylvania,420402,0,2,2,0,3,NOT APPLICABLE,May,16,Tuesday,15,19,Urban,High Speed (Arterial),Yes,40.39341389,-79.83497778,Non-Intersection,Daylight,Clear,Unknown,Unknown,Unknown EMS Scene Arrival Hour,Unknown EMS Scene Arrival Minutes,Unknown,Unknown EMS Hospital Arrival Time,1,Daylight,Clear,1,2,['Driver'],['Shoulder_Lapbelt'],0,0,Valid,1.0,0.0,65.0,19.0,"['Male', 'Male']",0,0,3,4,5,Dry,Curve,Grade/Hillcrest,Lowest,Yes
27873,42,Pennsylvania,420403,0,2,2,0,3,NOT APPLICABLE,May,17,Wednesday,20,41,Urban,High Speed (Arterial),Yes,40.30263889,-75.29144722,Complex/Circle,Dark - Not Lighted,Clear,8:00pm-8:59pm,44,8:00pm-8:59pm,55,9:00pm-9:59pm,30,1,Dark - Unlighted,Clear,1,2,['Front_Passenger'],['Shoulder_Lapbelt'],0,0,Valid,1.0,0.0,63.0,18.0,"['Male', 'Male']",1,0,3,4,5,Dry,Straight,Level,Lowest,No
27874,42,Pennsylvania,420404,0,2,2,0,3,NOT APPLICABLE,May,17,Wednesday,10,34,Urban,High Speed (Arterial),Yes,39.78776389,-77.71264722,Non-Intersection,Daylight,Clear,Unknown,Unknown,Unknown EMS Scene Arrival Hour,Unknown EMS Scene Arrival Minutes,Unknown,Unknown EMS Hospital Arrival Time,1,Daylight,Clear,1,0,['Driver'],['Shoulder_Lapbelt'],0,0,Valid,1.0,0.0,75.0,75.0,"['Male', 'Male']",2,0,4,4,5,Dry,Straight,Level,Lowest,Yes
27875,42,Pennsylvania,420405,0,2,1,1,4,ALIQUIPPA,May,20,Saturday,21,3,Urban,Low Speed (Local),No,40.61675,-80.24287222,Simple Junction,Dark - Lighted,Clear,Unknown,Unknown,Unknown EMS Scene Arrival Hour,Unknown EMS Scene Arrival Minutes,Unknown,Unknown EMS Hospital Arrival Time,1,Dark - Lighted,Clear,1,3,['Front_Passenger'],['Shoulder_Lapbelt'],1,1,Invalid,0.0,0.0,24.0,24.0,['Female'],4,0,2,4,5,Dry,Straight,Level,Lowest,No
27876,42,Pennsylvania,420406,0,4,4,0,6,NOT APPLICABLE,June,5,Monday,4,51,Urban,High Speed (Arterial),Yes,40.05864722,-75.3281,Non-Intersection,Dark - Not Lighted,Clear,4:00am-4:59am,50,5:00am-5:59am,0,Unknown,Unknown EMS Hospital Arrival Time,1,Dark - Unlighted,Clear,1,5,['Driver'],['Shoulder_Lapbelt'],1,1,Valid,1.0,1.0,60.0,29.0,"['Female', 'Male', 'Male', 'Male']",1,0,4,4,5,Dry,Straight,Level,Lowest,No
27877,42,Pennsylvania,420407,0,2,2,0,3,NOT APPLICABLE,May,21,Sunday,18,26,Rural,Low Speed (Local),No,39.81128611,-77.00938611,Non-Intersection,Daylight,Clear,Unknown,Unknown,Unknown EMS Scene Arrival Hour,Unknown EMS Scene Arrival Minutes,Unknown,Unknown EMS Hospital Arrival Time,2,Daylight,Clear,2,1,"['Driver', 'Rear_Seat']","['None_Used', 'None_Used']",0,0,Valid,0.0,1.0,83.0,22.0,"['Male', 'Male']",0,0,5,4,5,Dry,Straight,Level,Lowest,No
27878,42,Pennsylvania,420408,1,1,1,0,1,PHILADELPHIA,May,27,Saturday,6,55,Urban,Medium Speed (Collector),No,39.96283333,-75.24673889,Complex/Circle,Daylight,Clear,6:00am-6:59am,56,7:00am-7:59am,0,7:00am-7:59am,23,1,Daylight,Clear,0,1,[],[],0,0,Valid,0.0,0.0,22.0,22.0,['Male'],1,0,2,4,4,Dry,Straight,Grade/Hillcrest,Lowest,No
27879,42,Pennsylvania,420409,1,1,1,0,1,PHILADELPHIA,May,28,Sunday,1,29,Urban,High Speed (Arterial),Yes,40.00936389,-75.15113333,Complex/Circle,Dark - Lighted,Clear,1:00am-1:59am,31,1:00am-1:59am,32,1:00am-1:59am,37,1,Dark - Lighted,Clear,0,1,[],[],0,0,Invalid,0.0,0.0,999.0,999.0,['Other'],1,0,2,3,4,Dry,Straight,Level,Lowest,No
27880,42,Pennsylvania,420410,0,2,2,0,2,PHILADELPHIA,May,30,Tuesday,9,16,Urban,High Speed (Arterial),Yes,40.02461111,-75.06294167,Complex/Circle,Daylight,Clear,9:00am-9:59am,15,9:00am-9:59am,22,Unknown,Unknown EMS Hospital Arrival Time,1,Daylight,Clear,1,1,['Driver'],['Shoulder_Lapbelt'],0,0,Invalid,0.0,0.0,36.0,31.0,"['Male', 'Male']",1,0,3,4,5,Dry,Straight,Level,Lowest,No
27881,42,Pennsylvania,420411,0,2,2,0,2,NOT APPLICABLE,May,22,Monday,15,59,Rural,Medium Speed (Collector),No,39.72172222,-76.34316667,Non-Intersection,Daylight,Clear,Unknown,Unknown,Unknown EMS Scene Arrival Hour,Unknown EMS Scene Arrival Minutes,Not Applicable (Not Transported),Not Applicable (Not Transported),1,Daylight,Clear,1,1,['Driver'],['None_Used'],0,0,Valid,0.0,1.0,69.0,25.0,"['Male', 'Male']",1,0,5,4,5,Dry,Curve,Level,Lowest,No
27882,42,Pennsylvania,420412,0,2,2,0,2,PHILADELPHIA,May,25,Thursday,21,8,Urban,High Speed (Arterial),Yes,39.95993056,-75.22381944,Simple Junction,Dark - Lighted,Clear,9:00pm-9:59pm,10,9:00pm-9:59pm,12,9:00pm-9:59pm,36,1,Dark - Lighted,Clear,1,1,['Driver'],['None_Used'],0,0,Valid,1.0,1.0,43.0,29.0,"['Male', 'Female']",1,0,5,4,5,Dry,Straight,Level,Lowest,No
27883,42,Pennsylvania,420413,0,2,2,0,2,READING,May,28,Sunday,23,30,Urban,High Speed (Arterial),Yes,40.31983333,-75.93564444,Complex/Circle,Dark - Lighted,Clear,Unknown,Unknown,Unknown EMS Scene Arrival Hour,Unknown EMS Scene Arrival Minutes,Unknown,Unknown EMS Hospital Arrival Time,1,Dark - Lighted,Clear,1,1,['Driver'],['None_Used'],0,0,Valid,0.0,0.0,26.0,21.0,"['Male', 'Female']",0,0,5,2,5,Dry,Straight,Level,Lowest,No
27884,42,Pennsylvania,420414,1,1,1,0,1,WILKES BARRE,May,29,Monday,0,4,Urban,Low Speed (Local),No,41.23986111,-75.87472222,Non-Intersection,Dark - Lighted,Clear,0:00am-0:59am,11,0:00am-0:59am,12,Not Applicable (Not Transported),Not Applicable (Not Transported),1,Dark - Lighted,Clear,0,1,[],[],0,0,Valid,1.0,0.0,21.0,21.0,['Male'],0,0,2,1,4,Dry,Straight,Grade/Hillcrest,Lowest,No
27885,42,Pennsylvania,420415,0,2,2,0,4,NOT APPLICABLE,June,1,Thursday,10,58,Urban,High Speed (Arterial),Yes,40.19262778,-74.86502778,Complex/Circle,Daylight,Clear,Unknown,Unknown,Unknown EMS Scene Arrival Hour,Unknown EMS Scene Arrival Minutes,Unknown,Unknown EMS Hospital Arrival Time,1,Daylight,Clear,1,2,['Driver'],['None_Used'],1,1,Valid,0.0,0.0,72.0,63.0,"['Male', 'Male']",0,0,3,4,5,Dry,Straight,Level,Lowest,No
27886,42,Pennsylvania,420416,0,2,2,0,2,NOT APPLICABLE,June,2,Friday,7,0,Rural,Medium Speed (Collector),No,40.63770556,-78.19030556,Non-Intersection,Daylight,Clear,Unknown,Unknown,Unknown EMS Scene Arrival Hour,Unknown EMS Scene Arrival Minutes,Not Applicable (Not Transported),Not Applicable (Not Transported),1,Daylight,Clear,1,1,['Driver'],['Shoulder_Lapbelt'],0,0,Valid,1.0,0.0,64.0,34.0,"['Male', 'Male']",0,0,4,4,5,Dry,Curve,Grade/Hillcrest,Lowest,No
27887,42,Pennsylvania,420417,0,2,2,0,3,NOT APPLICABLE,June,4,Sunday,18,9,Urban,High Speed (Arterial),No,40.19816111,-75.52161111,Complex/Circle,Daylight,Cloudy,Unknown,Unknown,Unknown EMS Scene Arrival Hour,Unknown EMS Scene Arrival Minutes,Unknown,Unknown EMS Hospital Arrival Time,1,Daylight,Reduced Visibility,1,2,['Driver'],['None_Used'],0,0,Valid,0.0,0.0,84.0,51.0,"['Female', 'Female']",0,0,3,4,5,Dry,Straight,Level,Lowest,No
27888,42,Pennsylvania,420418,1,2,2,0,4,NOT APPLICABLE,June,10,Saturday,21,13,Urban,High Speed (Arterial),Yes,40.72410833,-75.5312,Complex/Circle,Dark - Not Lighted,Clear,Unknown,Unknown,Unknown EMS Scene Arrival Hour,Unknown EMS Scene Arrival Minutes,Unknown,Unknown EMS Hospital Arrival Time,1,Dark - Unlighted,Clear,0,4,[],[],0,0,Valid,1.0,0.0,70.0,44.0,"['Male', 'Male']",0,0,3,4,4,Dry,Straight,Grade/Hillcrest,Lowest,No
27889,42,Pennsylvania,420419,0,3,3,0,3,NOT APPLICABLE,June,13,Tuesday,19,0,Urban,Medium Speed (Collector),No,40.07946389,-76.32726944,Non-Intersection,Daylight,Clear,Unknown,Unknown,Unknown EMS Scene Arrival Hour,Unknown EMS Scene Arrival Minutes,Unknown,Unknown EMS Hospital Arrival Time,1,Daylight,Clear,1,0,['Driver'],['Shoulder_Lapbelt'],0,0,Valid,1.0,0.0,58.0,20.0,"['Male', 'Female', 'Female']",0,0,3,4,5,Dry,Straight,Level,Medium,No
27890,42,Pennsylvania,420420,1,1,1,0,1,NOT APPLICABLE,June,8,Thursday,0,41,Rural,Medium Speed (Collector),No,41.95095,-80.466225,Non-Intersection,Dark - Not Lighted,Clear,0:00am-0:59am,40,0:00am-0:59am,51,Not Applicable (Not Transported),Not Applicable (Not Transported),1,Dark - Unlighted,Clear,0,1,[],[],0,0,Valid,0.0,0.0,25.0,25.0,['Male'],0,0,3,3,4,Dry,Straight,Level,Lowest,No
27891,42,Pennsylvania,420421,0,2,2,0,2,PITTSBURGH,April,22,Saturday,15,0,Urban,High Speed (Arterial),Yes,40.42910556,-79.99936111,Complex/Circle,Daylight,Clear,Not Applicable (Not Notified),Not Applicable (Not Notified),Not Applicable,Not Applicable,Not Applicable (Not Transported),Not Applicable (Not Transported),1,Daylight,Clear,1,1,['Driver'],['Shoulder_Lapbelt'],0,0,Invalid,0.0,0.0,999.0,59.0,"['Other', 'Female']",0,0,1,2,5,Dry,Straight,Level,Lowest,No
27892,42,Pennsylvania,420422,0,2,2,0,2,NOT APPLICABLE,June,2,Friday,17,23,Rural,Low Speed (Local),No,41.71929444,-76.37262222,Non-Intersection,Daylight,Clear,5:00pm-5:59pm,23,5:00pm-5:59pm,34,Not Applicable (Not Transported),Not Applicable (Not Transported),1,Daylight,Clear,1,1,['Driver'],['None_Used'],0,0,Valid,0.0,0.0,52.0,21.0,"['Male', 'Male']",0,0,3,4,5,Dry,Curve,Level,Lowest,No
27893,42,Pennsylvania,420423,0,2,2,0,2,NOT APPLICABLE,June,2,Friday,14,25,Rural,Medium Speed (Collector),No,41.10652222,-75.83659444,Non-Intersection,Daylight,Clear,2:00pm-2:59pm,26,2:00pm-2:59pm,42,3:00pm-3:59pm,12,1,Daylight,Clear,1,1,['Driver'],['Shoulder_Lapbelt'],0,0,Valid,0.0,0.0,69.0,51.0,"['Female', 'Male']",0,0,3,4,5,Dry,Straight,Level,Lowest,No
27894,42,Pennsylvania,420424,0,2,2,0,2,PHILADELPHIA,June,7,Wednesday,6,22,Urban,High Speed (Arterial),Yes,40.00899722,-75.07200556,Complex/Circle,Daylight,Clear,6:00am-6:59am,18,6:00am-6:59am,23,Not Applicable (Not Transported),Not Applicable (Not Transported),1,Daylight,Clear,1,1,['Driver'],['None_Used'],0,0,Invalid,0.0,0.0,22.0,20.0,"['Male', 'Male']",0,0,5,4,5,Dry,Straight,Level,Lowest,No
27895,42,Pennsylvania,420425,0,2,2,0,4,NOT APPLICABLE,June,8,Thursday,13,50,Rural,Medium Speed (Collector),No,40.57972778,-75.72845,Complex/Circle,Daylight,Clear,Unknown,Unknown,Unknown EMS Scene Arrival Hour,Unknown EMS Scene Arrival Minutes,Unknown,Unknown EMS Hospital Arrival Time,1,Daylight,Clear,1,1,['Front_Passenger'],['Shoulder_Lapbelt'],0,0,Valid,1.0,0.0,92.0,20.0,"['Male', 'Female']",0,0,2,4,5,Dry,Straight,Level,Lowest,No
27896,42,Pennsylvania,420426,2,2,2,0,6,PHILADELPHIA,June,18,Sunday,23,8,Urban,High Speed (Arterial),Yes,40.00933889,-75.15131944,Complex/Circle,Dark - Lighted,Clear,11:00pm-11:59pm,9,11:00pm-11:59pm,15,11:00pm-11:59pm,29,1,Dark - Lighted,Clear,0,6,[],[],0,0,Valid,0.0,0.0,33.0,29.0,"['Male', 'Male']",1,0,2,4,5,Dry,Straight,Level,Lowest,No
27897,42,Pennsylvania,420427,1,2,2,0,4,NOT APPLICABLE,June,20,Tuesday,0,4,Rural,High Speed (Arterial),Yes,40.96844444,-77.78663889,Non-Intersection,Dark - Not Lighted,Clear,0:00am-0:59am,3,0:00am-0:59am,11,Unknown,Unknown EMS Hospital Arrival Time,3,Dark - Unlighted,Clear,3,1,"['Driver', 'Front_Passenger', 'Rear_Seat']","['Shoulder_Lapbelt', 'None_Used', 'None_Used']",0,0,Valid,1.0,0.0,49.0,31.0,"['Male', 'Female']",0,0,4,4,5,Dry,Straight,Grade/Hillcrest,Lowest,No
27898,42,Pennsylvania,420428,0,1,1,0,2,NOT APPLICABLE,May,27,Saturday,18,42,Rural,Low Speed (Local),No,41.13645278,-80.281075,Non-Intersection,Daylight,Clear,Unknown,Unknown,Unknown EMS Scene Arrival Hour,Unknown EMS Scene Arrival Minutes,Unknown,Unknown EMS Hospital Arrival Time,2,Daylight,Clear,2,0,"['Driver', 'Rear_Seat']","['None_Used', 'None_Used']",0,0,Valid,0.0,0.0,71.0,71.0,['Male'],2,0,5,2,3,Dry,Curve,Level,Lowest,No
27899,42,Pennsylvania,420429,0,2,2,0,4,PHILADELPHIA,June,12,Monday,16,41,Urban,High Speed (Arterial),Yes,39.93075556,-75.14598889,Non-Intersection,Daylight,Rain,4:00pm-4:59pm,49,4:00pm-4:59pm,54,Not Applicable (Not Transported),Not Applicable (Not Transported),1,Daylight,Rain/Wind/Minor,1,3,['Driver'],['Shoulder_Lapbelt'],0,0,Valid,0.0,0.0,61.0,33.0,"['Female', 'Female']",0,0,3,4,5,Wet/Standing Water,Straight,Level,Lowest,No
27900,42,Pennsylvania,420430,0,5,4,1,7,NORRISTOWN,June,26,Monday,22,28,Urban,Low Speed (Local),No,40.11823611,-75.35170833,Non-Intersection,Dark - Lighted,Rain,10:00pm-10:59pm,29,10:00pm-10:59pm,34,11:00pm-11:59pm,0,1,Dark - Lighted,Rain/Wind/Minor,1,6,['Rear_Seat'],['None_Used'],0,0,Valid,1.0,1.0,33.0,19.0,"['Female', 'Female', 'Male', 'Male']",2,0,3,4,5,Wet/Standing Water,Curve,Grade/Hillcrest,Lowest,No
27901,42,Pennsylvania,420431,0,3,2,1,3,NOT APPLICABLE,June,27,Tuesday,13,32,Rural,Medium Speed (Collector),No,41.11143056,-78.72454167,Non-Intersection,Daylight,Cloudy,Unknown,Unknown,Unknown EMS Scene Arrival Hour,Unknown EMS Scene Arrival Minutes,Unknown,Unknown EMS Hospital Arrival Time,1,Daylight,Reduced Visibility,1,2,['Driver'],['Shoulder_Lapbelt'],0,0,Valid,1.0,0.0,85.0,32.0,"['Female', 'Male']",0,0,3,4,5,Dry,Straight,Non-Trafficway,Lowest,No
27902,42,Pennsylvania,420432,0,2,2,0,2,NOT APPLICABLE,June,9,Friday,15,48,Urban,High Speed (Arterial),Yes,40.06079444,-77.47813611,Complex/Circle,Daylight,Clear,Unknown,Unknown,Unknown EMS Scene Arrival Hour,Unknown EMS Scene Arrival Minutes,Unknown,Unknown EMS Hospital Arrival Time,1,Daylight,Clear,1,1,['Driver'],['None_Used'],0,0,Valid,0.0,0.0,69.0,60.0,"['Male', 'Female']",1,0,5,4,5,Dry,Straight,Level,Lowest,No
27903,42,Pennsylvania,420433,0,2,2,0,2,NOT APPLICABLE,June,10,Saturday,18,25,Rural,High Speed (Arterial),Yes,40.26656667,-78.854925,Non-Intersection,Daylight,Clear,6:00pm-6:59pm,25,6:00pm-6:59pm,30,Unknown,Unknown EMS Hospital Arrival Time,1,Daylight,Clear,1,1,['Driver'],['None_Used'],1,1,Valid,0.0,1.0,72.0,52.0,"['Female', 'Male']",1,0,5,4,5,Dry,Straight,Non-Trafficway,Lowest,No
27904,42,Pennsylvania,420434,0,2,2,0,2,NOT APPLICABLE,June,12,Monday,14,18,Rural,High Speed (Arterial),Yes,41.9312,-79.67088056,Non-Intersection,Daylight,Rain,Unknown,Unknown,Unknown EMS Scene Arrival Hour,Unknown EMS Scene Arrival Minutes,Not Applicable (Not Transported),Not Applicable (Not Transported),1,Daylight,Rain/Wind/Minor,1,1,['Driver'],['Shoulder_Lapbelt'],0,0,Valid,1.0,2.0,31.0,20.0,"['Female', 'Male']",0,0,3,4,5,Wet/Standing Water,Straight,Level,Lowest,No
27905,42,Pennsylvania,420435,0,2,2,0,4,NOT APPLICABLE,June,12,Monday,14,29,Urban,Medium Speed (Collector),No,40.59160278,-76.21430278,Non-Intersection,Daylight,Rain,Unknown,Unknown,Unknown EMS Scene Arrival Hour,Unknown EMS Scene Arrival Minutes,Unknown,Unknown EMS Hospital Arrival Time,2,Daylight,Rain/Wind/Minor,2,2,"['Driver', 'Rear_Seat']","['None_Used', 'Shoulder_Lapbelt']",0,0,Valid,2.0,0.0,46.0,39.0,"['Female', 'Male']",0,0,4,4,5,Wet/Standing Water,Straight,Level,Lowest,No
27906,42,Pennsylvania,420436,0,2,2,0,4,NOT APPLICABLE,June,13,Tuesday,16,36,Rural,High Speed (Arterial),Yes,40.87855,-76.79932222,Simple Junction,Daylight,Clear,4:00pm-4:59pm,33,4:00pm-4:59pm,40,Unknown,Unknown EMS Hospital Arrival Time,1,Daylight,Clear,1,3,['Rear_Seat'],['None_Used'],0,0,Valid,1.0,2.0,54.0,27.0,"['Female', 'Female']",1,0,2,4,5,Dry,Straight,Level,Lowest,No
27907,42,Pennsylvania,420437,1,1,1,0,1,EASTON,June,15,Thursday,10,48,Urban,Low Speed (Local),No,40.69035833,-75.20534167,Non-Intersection,Daylight,Clear,Unknown,Unknown,Unknown EMS Scene Arrival Hour,Unknown EMS Scene Arrival Minutes,Unknown,Unknown EMS Hospital Arrival Time,1,Daylight,Clear,0,1,[],[],0,0,Valid,0.0,0.0,61.0,61.0,['Female'],0,0,2,2,4,Dry,Curve,Level,Lowest,No
27908,42,Pennsylvania,420438,0,2,2,0,2,NOT APPLICABLE,June,15,Thursday,6,25,Urban,High Speed (Arterial),Yes,40.89909444,-80.00912778,Non-Intersection,Daylight,Clear,Unknown,Unknown,Unknown EMS Scene Arrival Hour,Unknown EMS Scene Arrival Minutes,Unknown,Unknown EMS Hospital Arrival Time,1,Daylight,Clear,1,0,['Driver'],['Shoulder_Lapbelt'],0,0,Valid,0.0,0.0,33.0,20.0,"['Male', 'Male']",0,0,3,4,5,Dry,Straight,Level,Lowest,No
27909,42,Pennsylvania,420439,0,2,2,0,4,CHESTER,June,16,Friday,18,57,Urban,High Speed (Arterial),Yes,39.83193611,-75.38800556,Complex/Circle,Daylight,Clear,6:00pm-6:59pm,8,7:00pm-7:59pm,5,7:00pm-7:59pm,21,1,Daylight,Clear,1,3,['Driver'],['None_Used'],0,0,Valid,0.0,1.0,30.0,25.0,"['Male', 'Male']",0,0,5,4,5,Dry,Straight,Level,Lowest,No
27910,42,Pennsylvania,420440,0,2,2,0,4,NOT APPLICABLE,June,17,Saturday,19,53,Rural,Medium Speed (Collector),No,41.01328889,-80.23030278,Non-Intersection,Daylight,Clear,Unknown,Unknown,Unknown EMS Scene Arrival Hour,Unknown EMS Scene Arrival Minutes,Unknown,Unknown EMS Hospital Arrival Time,1,Daylight,Clear,1,3,['Driver'],['None_Used'],1,1,Valid,1.0,0.0,76.0,49.0,"['Female', 'Male']",0,0,5,4,5,Dry,Straight,Level,Lowest,No
27911,42,Pennsylvania,420441,0,2,2,0,2,WATTSBURG,June,17,Saturday,13,6,Rural,Medium Speed (Collector),No,42.00499444,-79.81089167,Non-Intersection,Daylight,Clear,1:00pm-1:59pm,7,1:00pm-1:59pm,19,2:00pm-2:59pm,14,1,Daylight,Clear,1,1,['Driver'],['None_Used'],0,0,Valid,0.0,0.0,60.0,53.0,"['Male', 'Male']",0,0,5,4,5,Dry,Curve,Level,Lowest,No
27912,42,Pennsylvania,420442,0,2,2,0,2,NOT APPLICABLE,June,19,Monday,5,11,Rural,Low Speed (Local),No,40.54405,-78.09313611,Simple Junction,Dawn,Clear,5:00am-5:59am,10,5:00am-5:59am,17,Unknown,Unknown EMS Hospital Arrival Time,1,Twilight,Clear,1,1,['Driver'],['None_Used'],0,0,Valid,1.0,0.0,24.0,19.0,"['Male', 'Male']",1,0,3,4,5,Dry,Straight,Level,Lowest,No
27913,42,Pennsylvania,420443,0,2,2,0,2,NOT APPLICABLE,June,20,Tuesday,14,11,Urban,Medium Speed (Collector),No,40.27475278,-78.92006667,Simple Junction,Daylight,Clear,Unknown,Unknown,Unknown EMS Scene Arrival Hour,Unknown EMS Scene Arrival Minutes,Unknown,Unknown EMS Hospital Arrival Time,1,Daylight,Clear,1,1,['Driver'],['None_Used'],0,0,Valid,1.0,0.0,61.0,49.0,"['Male', 'Male']",0,0,5,4,5,Dry,Curve,Level,Lowest,No