,State_Code,State_Name,Crash_ID,Count_Non_Motorists,Count_Vehicles_Total,Count_Vehicle_Forms,Count_PVH_Involved,Count_Occupants_MV,City_Name,Month_Name,Day_of_Month,Day_of_Week,Crash_Hour,Crash_Minute,Area_Rural_Urban,Road_Functional_Class,On_NHS_Road,Latitude,Longitude,Intersection_Type,Light_Condition,Weather_Condition,Notif_Hour,Notif_Minute,Arrival_Hour,Arrival_Minute,Hospital_Hour,Hospital_Minute,Fatalities_Count,Clean_Light_Condition,Clean_Weather_Condition,Total_Killed,Total_Alive,Fatal_Seats_List,Killed_Restraint_List,Any_Driver_Drinking,Total_Drinking_Drivers,Driver_License_Category,Driver_Max_Prev_Accident_Count,Driver_Max_Prev_Speeding_Count,Max_Driver_Age,Min_Driver_Age,Driver_Sex_List,Total_Exceeding_Limit_Vehicles,Total_Too_Fast_Vehicles,Max_Vehicle_Type_Severity_5,Max_Vehicle_Damage_Rank,Max_Harmful_Event_Severity,Crash_Road_Surface_Condition,Crash_Horizontal_Alignment,Crash_Vertical_Profile,Crash_Impairment_Category,Crash_Vehicle_Defect
27914,42,Pennsylvania,420444,0,2,2,0,2,PHILADELPHIA,June,21,Wednesday,17,17,Urban,Low Speed (Local),No,40.00791944,-75.10420278,Complex/Circle,Daylight,Rain,5:00pm-5:59pm,18,5:00pm-5:59pm,26,5:00pm-5:59pm,35,1,Daylight,Rain/Wind/Minor,1,1,['Driver'],['None_Used'],0,0,Invalid,0.0,0.0,55.0,26.0,"['Male', 'Male']",0,0,5,2,5,Wet/Standing Water,Straight,Level,Lowest,No
27915,42,Pennsylvania,420445,1,1,1,0,1,PHILADELPHIA,June,25,Sunday,12,43,Urban,High Speed (Arterial),Yes,39.97385833,-75.20657222,Complex/Circle,Daylight,Clear,12:00pm-12:59pm,42,12:00pm-12:59pm,43,1:00pm-1:59pm,10,1,Daylight,Clear,0,1,[],[],0,0,Valid,1.0,0.0,19.0,19.0,['Male'],0,0,2,3,4,Dry,Straight,Level,Lowest,No
27916,42,Pennsylvania,420446,0,2,2,0,2,HARRISBURG,June,22,Thursday,17,5,Urban,High Speed (Arterial),Yes,40.26724167,-76.8756,Non-Intersection,Daylight,Cloudy,Unknown,Unknown,Unknown EMS Scene Arrival Hour,Unknown EMS Scene Arrival Minutes,Unknown,Unknown EMS Hospital Arrival Time,1,Daylight,Reduced Visibility,1,1,['Driver'],['None_Used'],0,0,Valid,0.0,1.0,49.0,33.0,"['Male', 'Female']",1,0,5,3,5,Dry,Straight,Level,Lowest,No
27917,42,Pennsylvania,420447,0,1,1,0,1,NOT APPLICABLE,May,14,Sunday,3,48,Urban,High Speed (Arterial),Yes,40.16219444,-74.90058056,Non-Intersection,Dark - Lighted,Clear,3:00am-3:59am,51,3:00am-3:59am,57,Not Applicable (Not Transported),Not Applicable (Not Transported),1,Dark - Lighted,Clear,1,0,['Driver'],['None_Used'],0,0,Valid,1.0,0.0,53.0,53.0,['Male'],0,0,5,4,3,Dry,Straight,Level,Lowest,No
27918,42,Pennsylvania,420448,0,1,1,0,1,BROOKLYN,May,24,Wednesday,13,50,Rural,Low Speed (Local),No,41.74529722,-75.83281667,Non-Intersection,Daylight,Cloudy,1:00pm-1:59pm,49,2:00pm-2:59pm,5,Not Applicable (Not Transported),Not Applicable (Not Transported),1,Daylight,Reduced Visibility,1,0,['Driver'],['None_Used'],0,0,Valid,0.0,0.0,87.0,87.0,['Male'],0,0,5,4,3,Loose/Unpaved,Straight,Grade/Hillcrest,Lowest,Yes
27919,42,Pennsylvania,420449,0,4,2,2,3,NOT APPLICABLE,July,1,Saturday,12,40,Rural,Medium Speed (Collector),No,40.92064444,-77.09647222,Non-Intersection,Daylight,Clear,12:00pm-12:59pm,39,12:00pm-12:59pm,46,Unknown,Unknown EMS Hospital Arrival Time,1,Daylight,Clear,1,2,['Driver'],['None_Used'],0,0,Valid,2.0,1.0,35.0,30.0,"['Male', 'Male']",0,0,3,4,5,Dry,Curve,Level,Lowest,No
27920,42,Pennsylvania,420450,0,2,2,0,4,NOT APPLICABLE,June,22,Thursday,18,41,Urban,High Speed (Arterial),Yes,39.96661111,-75.52960833,Complex/Circle,Daylight,Clear,6:00pm-6:59pm,42,6:00pm-6:59pm,46,7:00pm-7:59pm,17,1,Daylight,Clear,1,3,['Driver'],['Shoulder_Lapbelt'],0,0,Valid,1.0,0.0,67.0,61.0,"['Female', 'Male']",0,0,3,4,5,Dry,Straight,Level,Lowest,No
27921,42,Pennsylvania,420451,0,2,2,0,4,NOT APPLICABLE,May,30,Tuesday,16,5,Rural,Medium Speed (Collector),No,41.41916111,-76.00538611,Non-Intersection,Daylight,Clear,4:00pm-4:59pm,2,4:00pm-4:59pm,7,4:00pm-4:59pm,36,1,Daylight,Clear,1,3,['Rear_Seat'],['Shoulder_Lapbelt'],0,0,Valid,1.0,1.0,24.0,19.0,"['Female', 'Male']",0,0,3,4,5,Dry,Straight,Level,Lowest,No
27922,42,Pennsylvania,420452,0,2,2,0,2,NOT APPLICABLE,June,27,Tuesday,5,40,Urban,Medium Speed (Collector),No,40.56910556,-79.12756389,Non-Intersection,Dawn,"Fog, Smog, Smoke",Unknown,Unknown,Unknown EMS Scene Arrival Hour,Unknown EMS Scene Arrival Minutes,Not Applicable (Not Transported),Not Applicable (Not Transported),1,Twilight,Reduced Visibility,1,1,['Driver'],['None_Used'],0,0,Valid,0.0,1.0,65.0,22.0,"['Male', 'Male']",1,0,4,4,5,Dry,Straight,Grade/Hillcrest,Lowest,No
27923,42,Pennsylvania,420453,1,1,1,0,1,NOT APPLICABLE,June,28,Wednesday,21,31,Urban,High Speed (Arterial),Yes,40.26801667,-75.25488333,Non-Intersection,Dark - Not Lighted,Clear,9:00pm-9:59pm,31,9:00pm-9:59pm,35,9:00pm-9:59pm,55,1,Dark - Unlighted,Clear,0,1,[],[],0,0,Valid,0.0,0.0,22.0,22.0,['Male'],0,0,2,4,4,Dry,Straight,Level,Lowest,No
27924,42,Pennsylvania,420454,0,2,2,0,2,LANCASTER,June,29,Thursday,23,44,Urban,Low Speed (Local),No,40.04208056,-76.31343611,Complex/Circle,Dark - Lighted,Clear,Unknown,Unknown,Unknown EMS Scene Arrival Hour,Unknown EMS Scene Arrival Minutes,Unknown,Unknown EMS Hospital Arrival Time,1,Dark - Lighted,Clear,1,1,['Driver'],['None_Used'],1,1,Valid,1.0,0.0,30.0,26.0,"['Male', 'Male']",0,0,5,4,5,Dry,Straight,Level,Lowest,Yes
27925,42,Pennsylvania,420455,1,1,1,0,1,NOT APPLICABLE,June,29,Thursday,12,30,Rural,Low Speed (Local),No,40.08154444,-78.69339167,Non-Intersection,Daylight,Clear,Unknown,Unknown,Unknown EMS Scene Arrival Hour,Unknown EMS Scene Arrival Minutes,Unknown,Unknown EMS Hospital Arrival Time,1,Daylight,Clear,0,1,[],[],0,0,Valid,0.0,0.0,85.0,85.0,['Male'],0,0,3,2,4,Dry,Straight,Grade/Hillcrest,Lowest,No
27926,42,Pennsylvania,420456,0,2,2,0,6,NOT APPLICABLE,July,1,Saturday,9,58,Rural,Medium Speed (Collector),No,40.77947222,-75.37086389,Non-Intersection,Daylight,Clear,Unknown,Unknown,Unknown EMS Scene Arrival Hour,Unknown EMS Scene Arrival Minutes,Unknown,Unknown EMS Hospital Arrival Time,1,Daylight,Clear,1,3,['Rear_Seat'],['Shoulder_Lapbelt'],0,0,Valid,0.0,0.0,86.0,33.0,"['Male', 'Female']",0,0,3,4,5,Dry,Straight,Level,Lowest,No
27927,42,Pennsylvania,420457,1,1,1,0,1,PHILADELPHIA,July,3,Monday,5,33,Urban,High Speed (Arterial),Yes,40.00541667,-75.10873889,Simple Junction,Dawn,Clear,5:00am-5:59am,34,5:00am-5:59am,40,5:00am-5:59am,54,1,Twilight,Clear,0,1,[],[],0,0,Invalid,0.0,0.0,999.0,999.0,['Other'],0,0,1,3,4,Dry,Straight,Level,Lowest,No
27928,42,Pennsylvania,420458,1,1,1,0,1,PHILADELPHIA,July,4,Tuesday,0,48,Urban,Medium Speed (Collector),No,39.99267778,-75.11089167,Non-Intersection,Dark - Lighted,Rain,0:00am-0:59am,48,0:00am-0:59am,54,1:00am-1:59am,10,1,Dark - Lighted,Rain/Wind/Minor,0,1,[],[],0,0,Valid,0.0,0.0,48.0,48.0,['Male'],0,0,2,0,4,Wet/Standing Water,Straight,Level,Lowest,No
27929,42,Pennsylvania,420459,0,2,2,0,2,WILKES BARRE,July,4,Tuesday,1,48,Urban,Medium Speed (Collector),No,41.25586667,-75.84751667,Simple Junction,Dark - Lighted,Clear,1:00am-1:59am,49,1:00am-1:59am,52,2:00am-2:59am,5,1,Dark - Lighted,Clear,1,1,['Driver'],['None_Used'],1,1,Valid,0.0,0.0,41.0,22.0,"['Male', 'Female']",1,0,5,4,5,Dry,Straight,Level,Lowest,No
27930,42,Pennsylvania,420460,0,2,2,0,2,PHILADELPHIA,July,5,Wednesday,16,18,Urban,High Speed (Arterial),Yes,40.05407778,-75.04906389,Complex/Circle,Daylight,Clear,4:00pm-4:59pm,17,4:00pm-4:59pm,23,5:00pm-5:59pm,6,1,Daylight,Clear,1,1,['Driver'],['None_Used'],0,0,Invalid,0.0,0.0,76.0,28.0,"['Male', 'Male']",0,0,5,4,5,Dry,Straight,Grade/Hillcrest,Lowest,No
27931,42,Pennsylvania,420461,1,2,1,1,1,NOT APPLICABLE,July,5,Wednesday,7,12,Urban,High Speed (Arterial),Yes,40.49343333,-80.27467778,Non-Intersection,Daylight,Clear,Unknown,Unknown,Unknown EMS Scene Arrival Hour,Unknown EMS Scene Arrival Minutes,Unknown,Unknown EMS Hospital Arrival Time,1,Daylight,Clear,1,0,['Driver'],['Shoulder_Lapbelt'],0,0,Valid,0.0,0.0,19.0,19.0,['Male'],1,0,2,4,5,Dry,Straight,Level,Lowest,No
27932,42,Pennsylvania,420462,1,1,1,0,1,PHILADELPHIA,July,6,Thursday,3,25,Urban,High Speed (Arterial),Yes,39.99533611,-75.15424167,Non-Intersection,Dark - Lighted,Clear,3:00am-3:59am,30,3:00am-3:59am,40,Not Applicable (Not Transported),Not Applicable (Not Transported),1,Dark - Lighted,Clear,0,1,[],[],0,0,Invalid,0.0,0.0,999.0,999.0,['Male'],1,0,1,3,4,Dry,Straight,Level,Lowest,No
27933,42,Pennsylvania,420463,1,1,1,0,1,YORK,July,6,Thursday,1,8,Urban,High Speed (Arterial),Yes,39.98178333,-76.74514167,Non-Intersection,Dark - Lighted,Cloudy,Unknown,Unknown,Unknown EMS Scene Arrival Hour,Unknown EMS Scene Arrival Minutes,Not Applicable (Not Transported),Not Applicable (Not Transported),1,Dark - Lighted,Reduced Visibility,0,1,[],[],0,0,Valid,0.0,0.0,48.0,48.0,['Male'],0,0,3,3,4,Dry,Straight,Grade/Hillcrest,Lowest,No
27934,42,Pennsylvania,420464,1,1,1,0,1,NOT APPLICABLE,July,7,Friday,6,47,Rural,Medium Speed (Collector),No,40.17263611,-76.33498056,Non-Intersection,Daylight,Clear,Unknown,Unknown,Unknown EMS Scene Arrival Hour,Unknown EMS Scene Arrival Minutes,Not Applicable (Not Transported),Not Applicable (Not Transported),1,Daylight,Clear,0,1,[],[],0,0,Valid,1.0,1.0,61.0,61.0,['Male'],0,0,2,4,4,Dry,Straight,Level,Lowest,No
27935,42,Pennsylvania,420465,0,1,1,0,1,NOT APPLICABLE,June,2,Friday,0,0,Rural,Medium Speed (Collector),No,40.63361111,-79.86986111,Non-Intersection,Dark - Unknown Lighting,Clear,Unknown,Unknown,Unknown EMS Scene Arrival Hour,Unknown EMS Scene Arrival Minutes,Not Applicable (Not Transported),Not Applicable (Not Transported),1,Dark - Unlighted,Clear,1,0,['Driver'],['None_Used'],0,0,Valid,0.0,0.0,29.0,29.0,['Male'],1,0,5,4,3,Dry,Curve,Level,Lowest,No
27936,42,Pennsylvania,420466,0,1,1,0,1,NOT APPLICABLE,May,16,Tuesday,12,9,Rural,Low Speed (Local),No,39.90972222,-77.15294444,Non-Intersection,Daylight,Clear,Unknown,Unknown,Unknown EMS Scene Arrival Hour,Unknown EMS Scene Arrival Minutes,Unknown,Unknown EMS Hospital Arrival Time,1,Daylight,Clear,1,0,['Driver'],['Shoulder_Lapbelt'],0,0,Valid,0.0,0.0,84.0,84.0,['Female'],1,0,3,4,3,Dry,Curve,Level,Lowest,No
27937,42,Pennsylvania,420467,0,1,1,0,1,FRANCONIA,May,17,Wednesday,22,49,Urban,Medium Speed (Collector),No,40.29413889,-75.34325,Non-Intersection,Dark - Not Lighted,Clear,10:00pm-10:59pm,50,11:00pm-11:59pm,0,Not Applicable (Not Transported),Not Applicable (Not Transported),1,Dark - Unlighted,Clear,1,0,['Driver'],['Shoulder_Lapbelt'],0,0,Valid,0.0,0.0,16.0,16.0,['Male'],1,0,2,4,3,Dry,Straight,Grade/Hillcrest,Lowest,No
27938,42,Pennsylvania,420468,0,1,1,0,1,CHESTER HTS,May,21,Sunday,3,31,Urban,Medium Speed (Collector),No,39.89391667,-75.47872222,Non-Intersection,Dark - Not Lighted,Clear,3:00am-3:59am,30,3:00am-3:59am,38,Not Applicable (Not Transported),Not Applicable (Not Transported),1,Dark - Unlighted,Clear,1,0,['Driver'],['Shoulder_Lapbelt'],1,1,Valid,0.0,0.0,21.0,21.0,['Male'],1,0,2,4,3,Wet/Standing Water,Curve,Grade/Hillcrest,Lowest,No
27939,42,Pennsylvania,420469,0,2,2,0,6,ALLENTOWN,July,8,Saturday,13,19,Urban,Low Speed (Local),No,40.6039,-75.51826111,Complex/Circle,Daylight,Clear,Unknown,Unknown,Unknown EMS Scene Arrival Hour,Unknown EMS Scene Arrival Minutes,Unknown,Unknown EMS Hospital Arrival Time,1,Daylight,Clear,1,0,['Driver'],['None_Used'],0,0,Valid,0.0,0.0,45.0,20.0,"['Male', 'Female']",1,0,5,4,5,Dry,Straight,Level,Lowest,No
27940,42,Pennsylvania,420470,0,2,2,0,3,NOT APPLICABLE,July,8,Saturday,9,11,Urban,Medium Speed (Collector),No,40.99081667,-76.00316111,Non-Intersection,Daylight,Clear,9:00am-9:59am,9,9:00am-9:59am,17,10:00am-10:59am,26,1,Daylight,Clear,1,1,['Front_Passenger'],['Shoulder_Lapbelt'],0,0,Valid,0.0,0.0,87.0,66.0,"['Male', 'Male']",0,0,3,4,5,Dry,Straight,Level,Lowest,No
27941,42,Pennsylvania,420471,0,2,2,0,2,NOT APPLICABLE,July,9,Sunday,10,42,Rural,Medium Speed (Collector),No,40.26574444,-77.26003889,Complex/Circle,Daylight,Cloudy,Unknown,Unknown,Unknown EMS Scene Arrival Hour,Unknown EMS Scene Arrival Minutes,Unknown,Unknown EMS Hospital Arrival Time,1,Daylight,Reduced Visibility,1,1,['Driver'],['Shoulder_Lapbelt'],0,0,Valid,1.0,0.0,52.0,19.0,"['Female', 'Male']",0,0,3,4,5,Dry,Straight,Grade/Hillcrest,Lowest,No
27942,42,Pennsylvania,420472,1,1,1,0,2,NOT APPLICABLE,July,12,Wednesday,15,14,Urban,High Speed (Arterial),Yes,39.93789167,-79.73090278,Simple Junction,Daylight,Clear,3:00pm-3:59pm,14,3:00pm-3:59pm,17,3:00pm-3:59pm,44,1,Daylight,Clear,0,2,[],[],0,0,Valid,0.0,0.0,31.0,31.0,['Male'],0,0,2,3,4,Dry,Straight,Level,Lowest,No
27943,42,Pennsylvania,420473,0,1,1,0,1,PAINT,May,17,Wednesday,16,46,Rural,Medium Speed (Collector),No,40.18247222,-78.83091667,Non-Intersection,Daylight,Clear,4:00pm-4:59pm,40,4:00pm-4:59pm,47,5:00pm-5:59pm,15,1,Daylight,Clear,1,0,['Driver'],['None_Used'],0,0,Valid,0.0,0.0,49.0,49.0,['Male'],0,0,5,4,1,Dry,Straight,Grade/Hillcrest,Lowest,No
27944,42,Pennsylvania,420474,1,1,1,0,1,NOT APPLICABLE,July,10,Monday,8,30,Rural,Medium Speed (Collector),No,41.40294444,-75.8385,Non-Intersection,Daylight,Rain,8:00am-8:59am,41,8:00am-8:59am,44,Not Applicable (Not Transported),Not Applicable (Not Transported),1,Daylight,Rain/Wind/Minor,0,1,[],[],0,0,Valid,0.0,0.0,37.0,37.0,['Male'],0,0,3,3,4,Oil/Contaminated,Straight,Level,Lowest,No
27945,42,Pennsylvania,420475,2,3,1,2,2,NOT APPLICABLE,July,4,Tuesday,12,46,Rural,High Speed (Arterial),Yes,40.50919722,-76.141325,Non-Intersection,Daylight,Clear,Unknown,Unknown,Unknown EMS Scene Arrival Hour,Unknown EMS Scene Arrival Minutes,Unknown,Unknown EMS Hospital Arrival Time,1,Daylight,Clear,1,0,['Driver'],['Shoulder_Lapbelt'],0,0,Valid,0.0,0.0,62.0,62.0,['Male'],0,0,3,4,5,Dry,Straight,Level,Medium,No
27946,42,Pennsylvania,420476,0,3,3,0,3,NOT APPLICABLE,July,5,Wednesday,15,32,Urban,High Speed (Arterial),Yes,39.94242222,-75.33336944,Simple Junction,Daylight,Clear,3:00pm-3:59pm,37,3:00pm-3:59pm,44,4:00pm-4:59pm,10,1,Daylight,Clear,1,2,['Driver'],['None_Used'],0,0,Valid,0.0,0.0,60.0,25.0,"['Male', 'Female', 'Female']",0,0,3,4,5,Dry,Straight,Grade/Hillcrest,Lowest,No
27947,42,Pennsylvania,420477,0,3,3,0,4,PHILADELPHIA,July,8,Saturday,1,45,Urban,High Speed (Arterial),Yes,39.95848889,-75.22521944,Complex/Circle,Dark - Lighted,Clear,1:00am-1:59am,46,1:00am-1:59am,51,Unknown,Unknown EMS Hospital Arrival Time,1,Dark - Lighted,Clear,1,3,['Driver'],['None_Used'],1,1,Valid,2.0,0.0,63.0,30.0,"['Male', 'Male', 'Male']",1,0,5,4,5,Dry,Straight,Level,Lowest,No
27948,42,Pennsylvania,420478,0,2,2,0,4,NOT APPLICABLE,July,13,Thursday,14,59,Urban,High Speed (Arterial),Yes,40.18782222,-80.24092778,Non-Intersection,Daylight,Clear,Unknown,Unknown,Unknown EMS Scene Arrival Hour,Unknown EMS Scene Arrival Minutes,Unknown,Unknown EMS Hospital Arrival Time,1,Daylight,Clear,1,3,['Driver'],['None_Used'],0,0,Valid,2.0,0.0,71.0,29.0,"['Male', 'Male']",0,0,5,4,5,Dry,Curve,Level,Lowest,No
27949,42,Pennsylvania,420479,0,2,2,0,2,MT HOLLY SPGS,July,11,Tuesday,20,22,Rural,Medium Speed (Collector),No,40.10323056,-77.17884167,Simple Junction,Daylight,Clear,Unknown,Unknown,Unknown EMS Scene Arrival Hour,Unknown EMS Scene Arrival Minutes,Unknown,Unknown EMS Hospital Arrival Time,1,Daylight,Clear,1,1,['Driver'],['None_Used'],0,0,Valid,1.0,3.0,74.0,34.0,"['Male', 'Male']",0,0,5,4,5,Dry,Straight,Grade/Hillcrest,Lowest,No
27950,42,Pennsylvania,420480,0,2,2,0,3,NOT APPLICABLE,July,13,Thursday,17,2,Rural,High Speed (Arterial),Yes,39.99940278,-78.23760833,Complex/Circle,Daylight,Clear,5:00pm-5:59pm,0,5:00pm-5:59pm,11,6:00pm-6:59pm,3,1,Daylight,Clear,1,2,['Driver'],['Shoulder_Lapbelt'],0,0,Invalid,0.0,0.0,61.0,55.0,"['Male', 'Male']",2,0,4,4,5,Dry,Straight,Grade/Hillcrest,Lowest,Yes
27951,42,Pennsylvania,420481,0,2,2,0,2,NOT APPLICABLE,July,12,Wednesday,18,47,Urban,High Speed (Arterial),Yes,40.195225,-75.07975278,Simple Junction,Daylight,Clear,6:00pm-6:59pm,48,6:00pm-6:59pm,57,7:00pm-7:59pm,15,1,Daylight,Clear,1,1,['Driver'],['None_Used'],0,0,Valid,1.0,1.0,78.0,22.0,"['Male', 'Female']",0,0,5,4,5,Dry,Straight,Level,Lowest,No
27952,42,Pennsylvania,420482,0,2,2,0,3,NOT APPLICABLE,July,12,Wednesday,9,13,Urban,High Speed (Arterial),Yes,40.24142778,-76.98734722,Simple Junction,Daylight,Clear,Unknown,Unknown,Unknown EMS Scene Arrival Hour,Unknown EMS Scene Arrival Minutes,Unknown,Unknown EMS Hospital Arrival Time,1,Daylight,Clear,1,0,['Driver'],['Shoulder_Lapbelt'],0,0,Valid,0.0,0.0,80.0,70.0,"['Female', 'Male']",0,0,3,4,5,Dry,Straight,Level,Lowest,No
27953,42,Pennsylvania,420483,0,2,2,0,2,NOT APPLICABLE,July,12,Wednesday,7,55,Rural,Low Speed (Local),No,40.37290556,-76.36719444,Complex/Circle,Daylight,Clear,Unknown,Unknown,Unknown EMS Scene Arrival Hour,Unknown EMS Scene Arrival Minutes,Unknown,Unknown EMS Hospital Arrival Time,1,Daylight,Clear,1,1,['Driver'],['None_Used'],0,0,Valid,0.0,0.0,47.0,44.0,"['Female', 'Male']",1,0,3,4,5,Dry,Straight,Level,Lowest,No
27954,42,Pennsylvania,420484,0,2,2,0,3,YORK,July,12,Wednesday,18,42,Urban,Low Speed (Local),No,39.96881667,-76.71032222,Non-Intersection,Daylight,Not Reported,Unknown,Unknown,Unknown EMS Scene Arrival Hour,Unknown EMS Scene Arrival Minutes,Unknown,Unknown EMS Hospital Arrival Time,1,Daylight,Clear,1,2,['Driver'],['None_Used'],0,0,Valid,2.0,1.0,54.0,50.0,"['Female', 'Male']",1,0,5,4,5,Dry,Straight,Grade/Hillcrest,Lowest,No
27955,42,Pennsylvania,420485,0,2,2,0,4,NOT APPLICABLE,July,14,Friday,0,20,Urban,High Speed (Arterial),Yes,40.05093889,-75.54836944,Non-Intersection,Dark - Not Lighted,Clear,0:00am-0:59am,19,0:00am-0:59am,23,Unknown,Unknown EMS Hospital Arrival Time,2,Dark - Unlighted,Clear,2,2,"['Driver', 'Driver']","['None_Used', 'Shoulder_Lapbelt']",1,1,Valid,1.0,0.0,42.0,19.0,"['Male', 'Male']",1,0,3,4,5,Dry,Straight,Level,Lowest,No
27956,42,Pennsylvania,420486,0,2,2,0,2,NOT APPLICABLE,July,14,Friday,18,17,Urban,High Speed (Arterial),Yes,40.46478611,-75.36966944,Complex/Circle,Daylight,Clear,Unknown,Unknown,Unknown EMS Scene Arrival Hour,Unknown EMS Scene Arrival Minutes,Unknown,Unknown EMS Hospital Arrival Time,1,Daylight,Clear,1,1,['Driver'],['None_Used'],0,0,Valid,1.0,2.0,38.0,24.0,"['Male', 'Female']",1,0,5,4,5,Dry,Straight,Level,Lowest,No
27957,42,Pennsylvania,420487,0,2,2,0,2,NOT APPLICABLE,July,15,Saturday,6,8,Rural,Medium Speed (Collector),No,40.235475,-79.23991667,Non-Intersection,Dawn,"Fog, Smog, Smoke",Unknown,Unknown,Unknown EMS Scene Arrival Hour,Unknown EMS Scene Arrival Minutes,Unknown,Unknown EMS Hospital Arrival Time,1,Twilight,Reduced Visibility,1,1,['Driver'],['None_Used'],0,0,Valid,0.0,0.0,86.0,75.0,"['Male', 'Female']",0,0,3,4,5,Dry,Straight,Level,Lowest,No
27958,42,Pennsylvania,420488,1,1,1,0,1,NORRISTOWN,July,17,Monday,9,30,Urban,Low Speed (Local),No,40.11693889,-75.35538333,Complex/Circle,Daylight,Clear,9:00am-9:59am,32,9:00am-9:59am,37,10:00am-10:59am,11,1,Daylight,Clear,0,1,[],[],0,0,Invalid,0.0,0.0,25.0,25.0,['Male'],0,0,2,2,4,Dry,Straight,Level,Lowest,No
27959,42,Pennsylvania,420489,1,1,1,0,1,ALLENTOWN,July,16,Sunday,1,21,Urban,Low Speed (Local),No,40.61067778,-75.47512778,Complex/Circle,Dark - Not Lighted,Clear,Unknown,Unknown,Unknown EMS Scene Arrival Hour,Unknown EMS Scene Arrival Minutes,Unknown,Unknown EMS Hospital Arrival Time,1,Dark - Unlighted,Clear,0,1,[],[],0,0,Valid,0.0,0.0,55.0,55.0,['Male'],0,0,3,1,4,Dry,Straight,Level,Lowest,No
27960,42,Pennsylvania,420490,0,2,2,0,5,PHILADELPHIA,July,15,Saturday,21,50,Urban,High Speed (Arterial),Yes,40.05930556,-75.04471111,Complex/Circle,Dark - Lighted,Clear,9:00pm-9:59pm,54,9:00pm-9:59pm,57,Unknown,Unknown EMS Hospital Arrival Time,1,Dark - Lighted,Clear,1,4,['Driver'],['Shoulder_Lapbelt'],1,1,Invalid,0.0,0.0,43.0,24.0,"['Male', 'Male']",0,0,3,4,5,Dry,Straight,Level,Lowest,No
27961,42,Pennsylvania,420491,0,2,2,0,8,NOT APPLICABLE,July,16,Sunday,9,53,Rural,Medium Speed (Collector),No,42.26182222,-79.77686944,Complex/Circle,Daylight,Clear,Unknown,Unknown,Unknown EMS Scene Arrival Hour,Unknown EMS Scene Arrival Minutes,Unknown,Unknown EMS Hospital Arrival Time,2,Daylight,Clear,2,6,"['Driver', 'Rear_Seat']","['Shoulder_Lapbelt', 'Shoulder_Lapbelt']",0,0,Valid,0.0,0.0,75.0,44.0,"['Female', 'Male']",0,0,3,4,5,Dry,Straight,Level,Lowest,No
27962,42,Pennsylvania,420492,0,2,2,0,3,NOT APPLICABLE,July,16,Sunday,18,47,Urban,Medium Speed (Collector),No,40.60810556,-78.75525278,Non-Intersection,Daylight,Clear,6:00pm-6:59pm,46,7:00pm-7:59pm,2,7:00pm-7:59pm,20,1,Daylight,Clear,1,2,['Driver'],['None_Used'],1,1,Valid,0.0,0.0,54.0,26.0,"['Male', 'Male']",1,0,5,4,5,Dry,Curve,Grade/Hillcrest,Lowest,No
27963,42,Pennsylvania,420493,0,2,2,0,2,NOT APPLICABLE,July,17,Monday,15,40,Rural,Medium Speed (Collector),No,39.97428889,-76.24716111,Non-Intersection,Daylight,Clear,Not Applicable (Not Notified),Not Applicable (Not Notified),Not Applicable,Not Applicable,Not Applicable (Not Transported),Not Applicable (Not Transported),1,Daylight,Clear,1,1,['Driver'],['Shoulder_Lapbelt'],0,0,Valid,2.0,3.0,33.0,22.0,"['Male', 'Male']",0,0,4,4,5,Dry,Straight,Level,Lowest,No
27964,42,Pennsylvania,420494,0,2,2,0,2,NOT APPLICABLE,July,17,Monday,8,20,Urban,Medium Speed (Collector),No,39.80908611,-77.73640833,Non-Intersection,Daylight,Clear,Not Applicable (Not Notified),Not Applicable (Not Notified),Not Applicable,Not Applicable,Not Applicable (Not Transported),Not Applicable (Not Transported),1,Daylight,Clear,1,1,['Driver'],['None_Used'],0,0,Valid,0.0,0.0,69.0,40.0,"['Female', 'Male']",0,0,4,4,5,Dry,Curve,Level,Lowest,No
27965,42,Pennsylvania,420495,0,1,1,0,1,NOT APPLICABLE,May,21,Sunday,19,12,Urban,High Speed (Arterial),Yes,39.90555556,-77.65652778,Non-Intersection,Daylight,Clear,Unknown,Unknown,Unknown EMS Scene Arrival Hour,Unknown EMS Scene Arrival Minutes,Not Applicable (Not Transported),Not Applicable (Not Transported),1,Daylight,Clear,1,0,['Driver'],['None_Used'],1,1,Valid,2.0,1.0,65.0,65.0,['Male'],1,0,5,4,3,Dry,Straight,Grade/Hillcrest,Lowest,No
27966,42,Pennsylvania,420496,1,2,2,0,3,NOT APPLICABLE,July,6,Thursday,22,12,Urban,High Speed (Arterial),Yes,40.12895833,-74.96734444,Non-Intersection,Dark - Not Lighted,Clear,10:00pm-10:59pm,16,10:00pm-10:59pm,20,10:00pm-10:59pm,39,1,Dark - Unlighted,Clear,0,2,[],[],0,0,Invalid,0.0,0.0,999.0,18.0,"['Male', 'Male']",0,0,3,2,4,Dry,Straight,Grade/Hillcrest,Lowest,No
27967,42,Pennsylvania,420497,1,4,1,3,1,PHILADELPHIA,July,10,Monday,2,8,Urban,Low Speed (Local),No,40.049425,-75.23438056,Simple Junction,Dark - Lighted,Clear,2:00am-2:59am,14,2:00am-2:59am,21,2:00am-2:59am,49,1,Dark - Lighted,Clear,0,0,[],[],0,0,Invalid,0.0,0.0,999.0,999.0,['Male'],1,0,3,4,4,Dry,Straight,Grade/Hillcrest,Lowest,No
27968,42,Pennsylvania,420498,1,1,1,0,1,PHILADELPHIA,July,18,Tuesday,23,11,Urban,High Speed (Arterial),Yes,39.98574167,-75.11161944,Complex/Circle,Dark - Lighted,Clear,11:00pm-11:59pm,12,11:00pm-11:59pm,16,11:00pm-11:59pm,36,1,Dark - Lighted,Clear,0,1,[],[],0,0,Valid,0.0,1.0,51.0,51.0,['Male'],0,0,2,2,4,Dry,Straight,Level,Lowest,No