,State_Code,State_Name,Crash_ID,Count_Non_Motorists,Count_Vehicles_Total,Count_Vehicle_Forms,Count_PVH_Involved,Count_Occupants_MV,City_Name,Month_Name,Day_of_Month,Day_of_Week,Crash_Hour,Crash_Minute,Area_Rural_Urban,Road_Functional_Class,On_NHS_Road,Latitude,Longitude,Intersection_Type,Light_Condition,Weather_Condition,Notif_Hour,Notif_Minute,Arrival_Hour,Arrival_Minute,Hospital_Hour,Hospital_Minute,Fatalities_Count,Clean_Light_Condition,Clean_Weather_Condition,Total_Killed,Total_Alive,Fatal_Seats_List,Killed_Restraint_List,Any_Driver_Drinking,Total_Drinking_Drivers,Driver_License_Category,Driver_Max_Prev_Accident_Count,Driver_Max_Prev_Speeding_Count,Max_Driver_Age,Min_Driver_Age,Driver_Sex_List,Total_Exceeding_Limit_Vehicles,Total_Too_Fast_Vehicles,Max_Vehicle_Type_Severity_5,Max_Vehicle_Damage_Rank,Max_Harmful_Event_Severity,Crash_Road_Surface_Condition,Crash_Horizontal_Alignment,Crash_Vertical_Profile,Crash_Impairment_Category,Crash_Vehicle_Defect
27969,42,Pennsylvania,420499,0,2,2,0,4,CAMP HILL,July,19,Wednesday,12,52,Urban,High Speed (Arterial),Yes,40.24566944,-76.93550833,Non-Intersection,Daylight,Clear,Unknown,Unknown,Unknown EMS Scene Arrival Hour,Unknown EMS Scene Arrival Minutes,Unknown,Unknown EMS Hospital Arrival Time,1,Daylight,Clear,1,3,['Driver'],['None_Used'],1,1,Invalid,1.0,0.0,40.0,35.0,"['Male', 'Male']",0,0,3,4,5,Dry,Curve,Level,Lowest,No
27970,42,Pennsylvania,420500,0,2,2,0,3,NOT APPLICABLE,July,23,Sunday,18,7,Urban,Medium Speed (Collector),No,40.21505,-75.556975,Simple Junction,Daylight,Clear,6:00pm-6:59pm,8,6:00pm-6:59pm,16,6:00pm-6:59pm,40,1,Daylight,Clear,1,1,['Front_Passenger'],['None_Used'],0,0,Valid,0.0,0.0,79.0,34.0,"['Female', 'Male']",1,0,2,4,5,Dry,Straight,Grade/Hillcrest,Lowest,No
27971,42,Pennsylvania,420501,1,1,1,0,1,PHILADELPHIA,July,19,Wednesday,21,5,Urban,Low Speed (Local),No,39.91249167,-75.24115556,Non-Intersection,Dark - Unknown Lighting,Cloudy,8:00pm-8:59pm,57,9:00pm-9:59pm,2,9:00pm-9:59pm,20,1,Dark - Unlighted,Reduced Visibility,0,1,[],[],0,0,Invalid,0.0,0.0,999.0,999.0,['Male'],0,0,2,2,4,Dry,Straight,Level,Lowest,No
27972,42,Pennsylvania,420502,1,1,1,0,1,NOT APPLICABLE,July,24,Monday,12,0,Urban,High Speed (Arterial),Yes,40.78231111,-77.809625,Non-Intersection,Daylight,Clear,12:00pm-12:59pm,1,12:00pm-12:59pm,2,Not Applicable (Not Transported),Not Applicable (Not Transported),1,Daylight,Clear,0,1,[],[],0,0,Valid,0.0,0.0,48.0,48.0,['Female'],0,0,2,3,4,Dry,Straight,Grade/Hillcrest,Lowest,No
27973,42,Pennsylvania,420503,0,2,2,0,5,NOT APPLICABLE,July,24,Monday,5,20,Rural,High Speed (Arterial),Yes,40.12105833,-78.51958889,Non-Intersection,Dark - Not Lighted,Clear,Unknown,Unknown,Unknown EMS Scene Arrival Hour,Unknown EMS Scene Arrival Minutes,Unknown,Unknown EMS Hospital Arrival Time,1,Dark - Unlighted,Clear,1,4,['Driver'],['Shoulder_Lapbelt'],0,0,Valid,0.0,3.0,38.0,38.0,"['Male', 'Male']",0,0,3,4,5,Dry,Straight,Grade/Hillcrest,Lowest,No
27974,42,Pennsylvania,420504,0,2,2,0,2,NOT APPLICABLE,July,21,Friday,5,13,Rural,High Speed (Arterial),Yes,41.79936389,-77.04755,Non-Intersection,Dark - Not Lighted,Clear,5:00am-5:59am,8,5:00am-5:59am,33,Not Applicable (Not Transported),Not Applicable (Not Transported),1,Dark - Unlighted,Clear,1,1,['Driver'],['Shoulder_Lapbelt'],0,0,Valid,0.0,0.0,53.0,22.0,"['Male', 'Male']",1,0,2,4,5,Dry,Straight,Level,Lowest,No
27975,42,Pennsylvania,420505,0,2,2,0,13,PHILADELPHIA,July,21,Friday,12,0,Urban,High Speed (Arterial),Yes,40.04855,-75.05165278,Non-Intersection,Daylight,Clear,12:00pm-12:59pm,11,12:00pm-12:59pm,11,12:00pm-12:59pm,39,1,Daylight,Clear,1,12,['Non_Standard_Risk'],['None_Used'],0,0,Valid,2.0,0.0,39.0,22.0,"['Female', 'Male']",0,0,4,4,5,Dry,Straight,Grade/Hillcrest,Lowest,No
27976,42,Pennsylvania,420506,0,2,2,0,2,NOT APPLICABLE,July,22,Saturday,19,10,Rural,Medium Speed (Collector),No,41.66694444,-80.22635556,Non-Intersection,Daylight,Clear,Unknown,Unknown,Unknown EMS Scene Arrival Hour,Unknown EMS Scene Arrival Minutes,Not Applicable (Not Transported),Not Applicable (Not Transported),1,Daylight,Clear,1,1,['Driver'],['None_Used'],0,0,Valid,0.0,1.0,39.0,25.0,"['Male', 'Female']",1,0,3,4,5,Dry,Curve,Level,Lowest,No
27977,42,Pennsylvania,420507,0,2,2,0,3,NOT APPLICABLE,July,22,Saturday,13,6,Rural,Medium Speed (Collector),No,41.88902778,-76.41490833,Non-Intersection,Daylight,Clear,1:00pm-1:59pm,3,1:00pm-1:59pm,19,2:00pm-2:59pm,3,1,Daylight,Clear,1,2,['Driver'],['None_Used'],0,0,Valid,2.0,1.0,46.0,43.0,"['Male', 'Male']",0,0,5,4,5,Dry,Curve,Level,Lowest,No
27978,42,Pennsylvania,420508,0,2,2,0,2,NOT APPLICABLE,July,27,Thursday,17,9,Urban,High Speed (Arterial),Yes,41.252575,-76.85869722,Non-Intersection,Daylight,Rain,5:00pm-5:59pm,5,5:00pm-5:59pm,17,Not Applicable (Not Transported),Not Applicable (Not Transported),1,Daylight,Rain/Wind/Minor,1,1,['Driver'],['None_Used'],1,1,Invalid,1.0,0.0,72.0,64.0,"['Male', 'Male']",1,0,5,2,5,Wet/Standing Water,Straight,Level,Lowest,No
27979,42,Pennsylvania,420509,0,2,1,1,2,NOT APPLICABLE,July,25,Tuesday,19,42,Rural,Medium Speed (Collector),No,40.20944167,-79.54990833,Non-Intersection,Daylight,Clear,Unknown,Unknown,Unknown EMS Scene Arrival Hour,Unknown EMS Scene Arrival Minutes,Not Applicable (Not Transported),Not Applicable (Not Transported),2,Daylight,Clear,2,0,"['Driver', 'Rear_Seat']","['None_Used', 'None_Used']",1,1,Valid,0.0,0.0,50.0,50.0,['Male'],2,0,5,4,3,Dry,Curve,Grade/Hillcrest,Lowest,No
27980,42,Pennsylvania,420510,0,2,2,0,2,MOOSIC,July,28,Friday,22,2,Urban,High Speed (Arterial),Yes,41.36929167,-75.68879167,Non-Intersection,Dark - Not Lighted,Clear,10:00pm-10:59pm,3,10:00pm-10:59pm,11,Not Applicable (Not Transported),Not Applicable (Not Transported),1,Dark - Unlighted,Clear,1,1,['Driver'],['None_Used'],0,0,Valid,0.0,0.0,36.0,23.0,"['Male', 'Male']",1,0,5,4,5,Dry,Curve,Grade/Hillcrest,Lowest,No
27981,42,Pennsylvania,420511,0,2,2,0,2,BURNHAM,July,24,Monday,14,34,Urban,Medium Speed (Collector),No,40.63285278,-77.570875,Non-Intersection,Daylight,Clear,2:00pm-2:59pm,36,3:00pm-3:59pm,36,Not Applicable (Not Transported),Not Applicable (Not Transported),1,Daylight,Clear,1,1,['Driver'],['None_Used'],0,0,Valid,1.0,0.0,76.0,31.0,"['Male', 'Male']",1,0,3,4,5,Dry,Straight,Non-Trafficway,Lowest,No
27982,42,Pennsylvania,420512,0,3,2,1,3,PHILADELPHIA,July,22,Saturday,3,6,Urban,Medium Speed (Collector),No,39.99847222,-75.12855556,Simple Junction,Dark - Lighted,Clear,3:00am-3:59am,12,3:00am-3:59am,16,3:00am-3:59am,30,1,Dark - Lighted,Clear,1,2,['Driver'],['None_Used'],1,1,Invalid,0.0,0.0,44.0,24.0,"['Male', 'Female']",0,0,5,4,5,Dry,Straight,Level,Lowest,No
27983,42,Pennsylvania,420513,1,1,1,0,1,PHILADELPHIA,July,28,Friday,4,17,Urban,Low Speed (Local),No,40.09127222,-74.97646111,Simple Junction,Dark - Lighted,Clear,4:00am-4:59am,18,4:00am-4:59am,25,4:00am-4:59am,48,1,Dark - Lighted,Clear,0,1,[],[],0,0,Invalid,0.0,0.0,999.0,999.0,['Male'],0,0,2,3,4,Dry,Straight,Level,Lowest,No
27984,42,Pennsylvania,420514,1,1,1,0,1,PHILADELPHIA,July,29,Saturday,1,15,Urban,Low Speed (Local),No,40.04953889,-75.13382222,Non-Intersection,Dark - Lighted,Clear,1:00am-1:59am,21,1:00am-1:59am,52,1:00am-1:59am,58,1,Dark - Lighted,Clear,0,1,[],[],0,0,Invalid,0.0,0.0,999.0,999.0,['Male'],0,0,3,0,4,Dry,Curve,Grade/Hillcrest,Lowest,No
27985,42,Pennsylvania,420515,0,2,2,0,3,NOT APPLICABLE,July,28,Friday,19,7,Rural,Low Speed (Local),No,40.27388056,-74.92878056,Non-Intersection,Daylight,Clear,7:00pm-7:59pm,8,7:00pm-7:59pm,10,7:00pm-7:59pm,40,1,Daylight,Clear,1,2,['Driver'],['None_Used'],1,1,Valid,1.0,0.0,69.0,54.0,"['Male', 'Female']",0,0,5,4,5,Dry,Curve,Grade/Hillcrest,Lowest,No
27986,42,Pennsylvania,420516,0,2,2,0,2,PHILADELPHIA,July,28,Friday,14,15,Urban,Medium Speed (Collector),No,40.00395278,-75.08549444,Non-Intersection,Daylight,Reported as Unknown,2:00pm-2:59pm,41,2:00pm-2:59pm,47,3:00pm-3:59pm,21,1,Daylight,Clear,1,0,['Driver'],['Shoulder_Lapbelt'],0,0,Valid,0.0,0.0,58.0,51.0,"['Male', 'Male']",0,0,3,4,5,Dry,Straight,Level,Lowest,No
27987,42,Pennsylvania,420517,0,2,2,0,2,PHILADELPHIA,July,31,Monday,20,30,Urban,High Speed (Arterial),Yes,40.0322,-75.14624167,Complex/Circle,Dark - Lighted,Clear,8:00pm-8:59pm,31,8:00pm-8:59pm,36,8:00pm-8:59pm,50,1,Dark - Lighted,Clear,1,1,['Driver'],['None_Used'],0,0,Invalid,0.0,0.0,56.0,43.0,"['Male', 'Female']",0,0,5,4,5,Dry,Straight,Grade/Hillcrest,Lowest,No
27988,42,Pennsylvania,420518,0,2,2,0,5,NOT APPLICABLE,July,31,Monday,18,40,Rural,Medium Speed (Collector),No,41.45201944,-75.25365,Non-Intersection,Daylight,Clear,6:00pm-6:59pm,44,6:00pm-6:59pm,46,7:00pm-7:59pm,29,1,Daylight,Clear,1,4,['Driver'],['None_Used'],1,1,Valid,0.0,0.0,61.0,31.0,"['Male', 'Female']",2,0,5,4,5,Dry,Straight,Level,Lowest,No
27989,42,Pennsylvania,420519,1,1,1,0,1,PHILADELPHIA,August,1,Tuesday,22,46,Urban,High Speed (Arterial),Yes,40.02396667,-75.06301389,Non-Intersection,Dark - Lighted,Clear,10:00pm-10:59pm,47,11:00pm-11:59pm,1,11:00pm-11:59pm,15,1,Dark - Lighted,Clear,0,1,[],[],0,0,Valid,0.0,0.0,26.0,26.0,['Female'],0,0,2,2,4,Dry,Straight,Grade/Hillcrest,Lowest,No
27990,42,Pennsylvania,420520,0,2,2,0,3,NOT APPLICABLE,August,1,Tuesday,7,18,Urban,Low Speed (Local),No,40.21963889,-77.05138611,Complex/Circle,Daylight,Clear,Unknown,Unknown,Unknown EMS Scene Arrival Hour,Unknown EMS Scene Arrival Minutes,Unknown,Unknown EMS Hospital Arrival Time,1,Daylight,Clear,1,2,['Front_Passenger'],['None_Used'],0,0,Valid,0.0,0.0,68.0,27.0,"['Female', 'Female']",1,0,3,4,5,Dry,Straight,Level,Lowest,No
27991,42,Pennsylvania,420521,1,2,2,0,1,NOT APPLICABLE,July,13,Thursday,18,32,Rural,High Speed (Arterial),Yes,40.98956389,-77.81991389,Non-Intersection,Daylight,Clear,6:00pm-6:59pm,31,6:00pm-6:59pm,39,Not Applicable (Not Transported),Not Applicable (Not Transported),1,Daylight,Clear,0,1,[],[],0,0,Valid,0.0,0.0,34.0,34.0,['Male'],0,0,4,4,5,Dry,Curve,Level,Lowest,No
27992,42,Pennsylvania,420522,0,5,4,1,7,PHILADELPHIA,July,15,Saturday,20,15,Urban,High Speed (Arterial),Yes,40.11670833,-75.019925,Complex/Circle,Dusk,Clear,8:00pm-8:59pm,19,8:00pm-8:59pm,27,8:00pm-8:59pm,46,2,Twilight,Clear,2,5,"['Rear_Seat', 'Rear_Seat']","['Shoulder_Lapbelt', 'Shoulder_Lapbelt']",0,0,Valid,0.0,0.0,57.0,21.0,"['Male', 'Male', 'Male', 'Female']",1,0,2,4,5,Dry,Straight,Level,Lowest,No
27993,42,Pennsylvania,420523,0,3,3,0,8,NOT APPLICABLE,July,17,Monday,12,11,Rural,High Speed (Arterial),Yes,41.195325,-80.11655,Non-Intersection,Daylight,Clear,Unknown,Unknown,Unknown EMS Scene Arrival Hour,Unknown EMS Scene Arrival Minutes,Unknown,Unknown EMS Hospital Arrival Time,1,Daylight,Clear,1,6,['Front_Passenger'],['Shoulder_Lapbelt'],0,0,Valid,0.0,0.0,80.0,26.0,"['Male', 'Female', 'Male']",0,0,4,4,5,Dry,Straight,Grade/Hillcrest,Lowest,No
27994,42,Pennsylvania,420524,0,3,3,0,3,NOT APPLICABLE,July,20,Thursday,17,38,Rural,High Speed (Arterial),Yes,40.15476667,-75.67029444,Non-Intersection,Daylight,Clear,5:00pm-5:59pm,35,5:00pm-5:59pm,46,Not Applicable (Not Transported),Not Applicable (Not Transported),1,Daylight,Clear,1,2,['Driver'],['Shoulder_Lapbelt'],1,2,Valid,1.0,0.0,60.0,41.0,"['Male', 'Male', 'Male']",0,0,3,4,5,Dry,Curve,Level,Lowest,No
27995,42,Pennsylvania,420525,0,3,3,0,5,NOT APPLICABLE,July,22,Saturday,18,3,Urban,Medium Speed (Collector),No,40.04061111,-76.25279167,Complex/Circle,Daylight,Clear,Unknown,Unknown,Unknown EMS Scene Arrival Hour,Unknown EMS Scene Arrival Minutes,Not Applicable (Not Transported),Not Applicable (Not Transported),1,Daylight,Clear,1,4,['Driver'],['None_Used'],0,0,Invalid,1.0,0.0,48.0,20.0,"['Male', 'Male', 'Female']",1,0,5,4,5,Dry,Straight,Grade/Hillcrest,Lowest,No
27996,42,Pennsylvania,420526,0,3,3,0,6,NOT APPLICABLE,July,23,Sunday,13,45,Urban,High Speed (Arterial),Yes,40.57596389,-75.66308056,Non-Intersection,Daylight,Clear,Unknown,Unknown,Unknown EMS Scene Arrival Hour,Unknown EMS Scene Arrival Minutes,Unknown,Unknown EMS Hospital Arrival Time,1,Daylight,Clear,1,5,['Driver'],['Shoulder_Lapbelt'],0,0,Valid,1.0,0.0,61.0,22.0,"['Male', 'Male', 'Male']",2,0,4,4,5,Dry,Straight,Grade/Hillcrest,Lowest,No
27997,42,Pennsylvania,420527,0,3,3,0,5,NOT APPLICABLE,September,7,Thursday,16,27,Urban,Medium Speed (Collector),No,40.35343889,-76.68074167,Simple Junction,Other,Rain,Unknown,Unknown,Unknown EMS Scene Arrival Hour,Unknown EMS Scene Arrival Minutes,Unknown,Unknown EMS Hospital Arrival Time,1,Dark - Unlighted,Rain/Wind/Minor,1,4,['Front_Passenger'],['None_Used'],0,0,Valid,0.0,0.0,83.0,67.0,"['Male', 'Female', 'Male']",0,0,3,4,5,Wet/Standing Water,Straight,Level,Lowest,No
27998,42,Pennsylvania,420528,0,3,3,0,4,NOT APPLICABLE,July,25,Tuesday,6,10,Rural,High Speed (Arterial),Yes,40.40288333,-79.52158056,Complex/Circle,Dawn,Rain,Unknown,Unknown,Unknown EMS Scene Arrival Hour,Unknown EMS Scene Arrival Minutes,Unknown,Unknown EMS Hospital Arrival Time,1,Twilight,Rain/Wind/Minor,1,3,['Front_Passenger'],['None_Used'],0,0,Valid,0.0,0.0,72.0,22.0,"['Male', 'Male', 'Male']",2,0,4,4,5,Wet/Standing Water,Straight,Level,Medium,No
27999,42,Pennsylvania,420529,0,3,1,2,1,DUQUESNE,July,29,Saturday,20,30,Urban,Medium Speed (Collector),No,40.38010556,-79.86359444,Simple Junction,Daylight,Clear,Unknown,Unknown,Unknown EMS Scene Arrival Hour,Unknown EMS Scene Arrival Minutes,Unknown,Unknown EMS Hospital Arrival Time,1,Daylight,Clear,1,0,['Driver'],['None_Used'],0,0,Invalid,0.0,0.0,33.0,33.0,['Male'],1,0,5,4,5,Dry,Straight,Grade/Hillcrest,Lowest,No
28000,42,Pennsylvania,420530,0,3,3,0,4,GREENSBURG,September,20,Wednesday,5,51,Urban,Medium Speed (Collector),No,40.33905556,-79.53216667,Non-Intersection,Dark - Not Lighted,Clear,Unknown,Unknown,Unknown EMS Scene Arrival Hour,Unknown EMS Scene Arrival Minutes,Unknown,Unknown EMS Hospital Arrival Time,1,Dark - Unlighted,Clear,1,3,['Driver'],['Shoulder_Lapbelt'],1,1,Valid,1.0,4.0,40.0,28.0,"['Male', 'Male', 'Female']",0,0,3,4,5,Dry,Straight,Grade/Hillcrest,Lowest,No
28001,42,Pennsylvania,420531,0,3,3,0,4,WESLEYVILLE,July,30,Sunday,13,15,Urban,Low Speed (Local),No,42.13286944,-80.01585833,Non-Intersection,Daylight,Clear,Unknown,Unknown,Unknown EMS Scene Arrival Hour,Unknown EMS Scene Arrival Minutes,Unknown,Unknown EMS Hospital Arrival Time,1,Daylight,Clear,1,3,['Driver'],['None_Used'],1,1,Invalid,0.0,0.0,999.0,35.0,"['Male', 'Male', 'Female']",2,0,5,4,5,Dry,Straight,Grade/Hillcrest,Lowest,No
28002,42,Pennsylvania,420532,0,1,1,0,1,NOT APPLICABLE,July,1,Saturday,6,43,Rural,Medium Speed (Collector),No,41.28746389,-75.36858056,Non-Intersection,Dark - Not Lighted,Clear,6:00am-6:59am,41,6:00am-6:59am,47,Not Applicable (Not Transported),Not Applicable (Not Transported),1,Dark - Unlighted,Clear,1,0,['Driver'],['Shoulder_Lapbelt'],0,0,Valid,0.0,1.0,65.0,65.0,['Male'],0,0,3,4,3,Dry,Curve,Level,Lowest,No
28003,42,Pennsylvania,420533,0,3,1,2,2,PHILADELPHIA,September,22,Friday,17,4,Urban,High Speed (Arterial),Yes,39.90698889,-75.2236,Non-Intersection,Daylight,Cloudy,5:00pm-5:59pm,1,5:00pm-5:59pm,10,5:00pm-5:59pm,31,1,Daylight,Reduced Visibility,1,1,['Front_Passenger'],['None_Used'],0,0,Invalid,0.0,0.0,33.0,33.0,['Male'],2,0,2,4,5,Dry,Straight,Level,Lowest,No
28004,42,Pennsylvania,420534,0,3,3,0,3,MILFORD SQUARE,September,25,Monday,11,45,Rural,High Speed (Arterial),Yes,40.41538889,-75.45822778,Non-Intersection,Daylight,Clear,11:00am-11:59am,44,11:00am-11:59am,54,12:00pm-12:59pm,39,1,Daylight,Clear,1,2,['Driver'],['Shoulder_Lapbelt'],0,0,Valid,1.0,0.0,63.0,38.0,"['Male', 'Male', 'Male']",1,0,4,4,5,Dry,Straight,Level,Lowest,No
28005,42,Pennsylvania,420535,0,1,1,0,1,NOT APPLICABLE,July,1,Saturday,4,21,Rural,Low Speed (Local),No,40.0879,-75.4028,Non-Intersection,Dark - Lighted,Clear,4:00am-4:59am,20,4:00am-4:59am,30,Not Applicable (Not Transported),Not Applicable (Not Transported),1,Dark - Lighted,Clear,1,0,['Driver'],['None_Used'],0,0,Invalid,0.0,0.0,47.0,47.0,['Male'],1,0,2,4,3,Dry,Straight,Level,Lowest,No
28006,42,Pennsylvania,420536,0,3,3,0,3,NOT APPLICABLE,September,26,Tuesday,17,13,Urban,High Speed (Arterial),Yes,39.86708333,-75.3405,Non-Intersection,Dusk,Rain,5:00pm-5:59pm,21,5:00pm-5:59pm,25,5:00pm-5:59pm,42,1,Twilight,Rain/Wind/Minor,1,2,['Driver'],['None_Used'],0,0,Invalid,0.0,0.0,45.0,37.0,"['Female', 'Female', 'Female']",1,0,3,4,5,Wet/Standing Water,Straight,Level,Lowest,No
28007,42,Pennsylvania,420537,0,1,1,0,1,NOT APPLICABLE,June,1,Thursday,23,25,Urban,High Speed (Arterial),Yes,40.09416667,-74.90488889,Complex/Circle,Dark - Lighted,Clear,11:00pm-11:59pm,27,11:00pm-11:59pm,33,11:00pm-11:59pm,57,1,Dark - Lighted,Clear,1,0,['Driver'],['None_Used'],0,0,Valid,0.0,0.0,51.0,51.0,['Male'],1,0,5,4,2,Dry,Straight,Level,Lowest,No
28008,42,Pennsylvania,420538,0,1,1,0,1,NOT APPLICABLE,July,1,Saturday,19,35,Rural,Medium Speed (Collector),No,40.28663333,-76.38364167,Simple Junction,Daylight,Cloudy,Unknown,Unknown,Unknown EMS Scene Arrival Hour,Unknown EMS Scene Arrival Minutes,Unknown,Unknown EMS Hospital Arrival Time,1,Daylight,Reduced Visibility,1,0,['Driver'],['Shoulder_Lapbelt'],0,0,Valid,0.0,0.0,80.0,80.0,['Male'],0,0,2,4,2,Dry,Straight,Level,Lowest,No
28009,42,Pennsylvania,420539,0,1,1,0,1,PHILADELPHIA,July,3,Monday,0,54,Urban,High Speed (Arterial),Yes,40.05285556,-75.05027222,Non-Intersection,Dark - Lighted,Clear,0:00am-0:59am,54,0:00am-0:59am,57,Not Applicable (Not Transported),Not Applicable (Not Transported),1,Dark - Lighted,Clear,1,0,['Driver'],['Shoulder_Lapbelt'],1,1,Invalid,0.0,0.0,30.0,30.0,['Male'],1,0,3,4,3,Dry,Curve,Level,Lowest,No
28010,42,Pennsylvania,420540,0,1,1,0,1,NOT APPLICABLE,July,4,Tuesday,20,0,Rural,Medium Speed (Collector),No,41.916675,-76.51553056,Non-Intersection,Daylight,Clear,9:00am-9:59am,4,9:00am-9:59am,13,Not Applicable (Not Transported),Not Applicable (Not Transported),1,Daylight,Clear,1,0,['Driver'],['Shoulder_Lapbelt'],1,1,Valid,0.0,0.0,62.0,62.0,['Female'],0,0,2,4,4,Dry,Curve,Grade/Hillcrest,Lowest,No
28011,42,Pennsylvania,420541,0,1,1,0,1,NOT APPLICABLE,July,4,Tuesday,23,38,Rural,Low Speed (Local),No,41.05713056,-77.28928611,Non-Intersection,Dark - Not Lighted,Clear,11:00pm-11:59pm,37,11:00pm-11:59pm,41,0:00am-0:59am,1,1,Dark - Unlighted,Clear,1,0,['Driver'],['None_Used'],1,1,Valid,1.0,0.0,51.0,51.0,['Male'],1,0,2,4,3,Dry,Curve,Level,Lowest,No
28012,42,Pennsylvania,420542,0,3,3,0,3,NOT APPLICABLE,October,5,Thursday,10,37,Urban,High Speed (Arterial),Yes,40.68313889,-75.28875,Non-Intersection,Daylight,Clear,Unknown,Unknown,Unknown EMS Scene Arrival Hour,Unknown EMS Scene Arrival Minutes,Unknown,Unknown EMS Hospital Arrival Time,3,Daylight,Clear,3,0,"['Driver', 'Driver', 'Driver']","['Shoulder_Lapbelt', 'Shoulder_Lapbelt', 'Shoulder_Lapbelt']",0,0,Valid,1.0,0.0,78.0,22.0,"['Male', 'Male', 'Male']",0,0,3,4,5,Dry,Straight,Level,Lowest,No
28013,42,Pennsylvania,420543,1,2,1,1,2,PHILADELPHIA,September,29,Friday,10,6,Urban,Low Speed (Local),No,40.03277778,-75.13880556,Complex/Circle,Daylight,Cloudy,10:00am-10:59am,7,10:00am-10:59am,20,10:00am-10:59am,40,1,Daylight,Reduced Visibility,0,2,[],[],0,0,Valid,1.0,0.0,66.0,66.0,['Male'],0,0,3,4,4,Dry,Straight,Grade/Hillcrest,Lowest,No
28014,42,Pennsylvania,420544,0,3,3,0,5,EAST NORRITON,September,30,Saturday,14,43,Urban,Medium Speed (Collector),No,40.12828056,-75.32251667,Complex/Circle,Daylight,Clear,2:00pm-2:59pm,44,2:00pm-2:59pm,47,3:00pm-3:59pm,6,1,Daylight,Clear,1,3,['Rear_Seat'],['None_Used'],0,0,Invalid,0.0,0.0,68.0,35.0,"['Female', 'Female', 'Male']",2,0,4,4,5,Dry,Straight,Level,Lowest,No
28015,42,Pennsylvania,420545,0,1,1,0,1,NOT APPLICABLE,July,6,Thursday,5,39,Rural,Medium Speed (Collector),No,41.85061667,-76.65661111,Non-Intersection,Dawn,Clear,5:00am-5:59am,49,6:00am-6:59am,4,Not Applicable (Not Transported),Not Applicable (Not Transported),1,Twilight,Clear,1,0,['Driver'],['None_Used'],0,0,Valid,0.0,0.0,35.0,35.0,['Male'],1,0,1,4,3,Dry,Curve,Grade/Hillcrest,Lowest,No
28016,42,Pennsylvania,420546,0,1,1,0,2,NOT APPLICABLE,July,6,Thursday,19,14,Rural,Low Speed (Local),No,41.69461389,-76.11105278,Non-Intersection,Dusk,Clear,6:00pm-6:59pm,49,7:00pm-7:59pm,12,8:00pm-8:59pm,5,1,Twilight,Clear,1,1,['Driver'],['None_Used'],0,0,Valid,0.0,1.0,44.0,44.0,['Male'],0,0,5,4,1,Dry,Straight,Grade/Hillcrest,Lowest,No
28017,42,Pennsylvania,420547,0,1,1,0,1,NOT APPLICABLE,July,7,Friday,20,35,Urban,Medium Speed (Collector),No,40.41491944,-79.2545,Non-Intersection,Daylight,Clear,Unknown,Unknown,Unknown EMS Scene Arrival Hour,Unknown EMS Scene Arrival Minutes,Not Applicable (Not Transported),Not Applicable (Not Transported),1,Daylight,Clear,1,0,['Driver'],['Shoulder_Lapbelt'],1,1,Valid,0.0,1.0,28.0,28.0,['Male'],1,0,2,4,3,Dry,Curve,Grade/Hillcrest,Lowest,No
28018,42,Pennsylvania,420548,1,1,1,0,1,HARRISBURG,July,8,Saturday,21,5,Urban,Low Speed (Local),No,40.26473889,-76.86356389,Simple Junction,Dark - Lighted,Clear,Unknown,Unknown,Unknown EMS Scene Arrival Hour,Unknown EMS Scene Arrival Minutes,Not Applicable (Not Transported),Not Applicable (Not Transported),1,Dark - Lighted,Clear,0,0,[],[],0,0,Invalid,0.0,0.0,999.0,999.0,['Other'],1,0,3,3,4,Dry,Straight,Level,Lowest,No
28019,42,Pennsylvania,420549,0,1,1,0,1,HAMBURG,July,10,Monday,11,14,Urban,High Speed (Arterial),Yes,40.54589444,-75.98409722,Non-Intersection,Daylight,Clear,Unknown,Unknown,Unknown EMS Scene Arrival Hour,Unknown EMS Scene Arrival Minutes,Not Applicable (Not Transported),Not Applicable (Not Transported),1,Daylight,Clear,1,0,['Driver'],['None_Used'],0,0,Invalid,0.0,0.0,20.0,20.0,['Male'],1,0,5,4,2,Dry,Straight,Grade/Hillcrest,Lowest,No
28020,42,Pennsylvania,420550,0,1,1,0,2,NOT APPLICABLE,July,10,Monday,22,31,Urban,Medium Speed (Collector),No,40.12806389,-75.25985556,Non-Intersection,Dark - Not Lighted,Clear,Unknown,Unknown,Unknown EMS Scene Arrival Hour,Unknown EMS Scene Arrival Minutes,Unknown,Unknown EMS Hospital Arrival Time,1,Dark - Unlighted,Clear,1,1,['Driver'],['Shoulder_Lapbelt'],1,1,Valid,0.0,0.0,33.0,33.0,['Male'],2,0,3,4,3,Dry,Straight,Grade/Hillcrest,Lowest,No
28021,42,Pennsylvania,420551,0,1,1,0,1,NOT APPLICABLE,July,11,Tuesday,21,25,Rural,Low Speed (Local),No,40.13139444,-76.61443611,Non-Intersection,Dark - Not Lighted,Clear,Not Applicable (Not Notified),Not Applicable (Not Notified),Not Applicable,Not Applicable,Not Applicable (Not Transported),Not Applicable (Not Transported),1,Dark - Unlighted,Clear,1,0,['Driver'],['None_Used'],0,0,Valid,0.0,0.0,42.0,42.0,['Male'],1,0,5,4,3,Dry,Curve,Grade/Hillcrest,Lowest,No
28022,42,Pennsylvania,420552,0,1,1,0,1,NOT APPLICABLE,July,11,Tuesday,18,56,Rural,Medium Speed (Collector),No,40.18475,-77.25548611,Non-Intersection,Daylight,Clear,Unknown,Unknown,Unknown EMS Scene Arrival Hour,Unknown EMS Scene Arrival Minutes,Not Applicable (Not Transported),Not Applicable (Not Transported),1,Daylight,Clear,1,0,['Driver'],['Shoulder_Lapbelt'],1,1,Valid,0.0,0.0,26.0,26.0,['Male'],0,0,2,4,3,Dry,Straight,Level,Lowest,No