,State_Code,State_Name,Crash_ID,Count_Non_Motorists,Count_Vehicles_Total,Count_Vehicle_Forms,Count_PVH_Involved,Count_Occupants_MV,City_Name,Month_Name,Day_of_Month,Day_of_Week,Crash_Hour,Crash_Minute,Area_Rural_Urban,Road_Functional_Class,On_NHS_Road,Latitude,Longitude,Intersection_Type,Light_Condition,Weather_Condition,Notif_Hour,Notif_Minute,Arrival_Hour,Arrival_Minute,Hospital_Hour,Hospital_Minute,Fatalities_Count,Clean_Light_Condition,Clean_Weather_Condition,Total_Killed,Total_Alive,Fatal_Seats_List,Killed_Restraint_List,Any_Driver_Drinking,Total_Drinking_Drivers,Driver_License_Category,Driver_Max_Prev_Accident_Count,Driver_Max_Prev_Speeding_Count,Max_Driver_Age,Min_Driver_Age,Driver_Sex_List,Total_Exceeding_Limit_Vehicles,Total_Too_Fast_Vehicles,Max_Vehicle_Type_Severity_5,Max_Vehicle_Damage_Rank,Max_Harmful_Event_Severity,Crash_Road_Surface_Condition,Crash_Horizontal_Alignment,Crash_Vertical_Profile,Crash_Impairment_Category,Crash_Vehicle_Defect
28023,42,Pennsylvania,420553,0,1,1,0,1,NOT APPLICABLE,July,14,Friday,11,9,Rural,Medium Speed (Collector),No,40.49525278,-76.669325,Non-Intersection,Daylight,Clear,Unknown,Unknown,Unknown EMS Scene Arrival Hour,Unknown EMS Scene Arrival Minutes,Unknown,Unknown EMS Hospital Arrival Time,1,Daylight,Clear,1,0,['Driver'],['Shoulder_Lapbelt'],0,0,Valid,0.0,0.0,69.0,69.0,['Male'],0,0,3,4,3,Dry,Straight,Level,Lowest,No
28024,42,Pennsylvania,420554,0,1,1,0,1,NOT APPLICABLE,July,15,Saturday,3,39,Rural,Medium Speed (Collector),No,40.45139722,-76.90328611,Non-Intersection,Dark - Not Lighted,Clear,Unknown,Unknown,Unknown EMS Scene Arrival Hour,Unknown EMS Scene Arrival Minutes,Not Applicable (Not Transported),Not Applicable (Not Transported),1,Dark - Unlighted,Clear,1,0,['Driver'],['None_Used'],0,0,Valid,1.0,1.0,78.0,78.0,['Male'],0,0,5,3,3,Dry,Curve,Grade/Hillcrest,Lowest,No
28025,42,Pennsylvania,420555,0,1,1,0,1,NOT APPLICABLE,July,15,Saturday,18,53,Rural,Low Speed (Local),No,41.59914167,-76.82179444,Non-Intersection,Daylight,Clear,6:00pm-6:59pm,47,6:00pm-6:59pm,56,Unknown,Terminated Transport,1,Daylight,Clear,1,0,['Driver'],['None_Used'],1,1,Valid,0.0,0.0,23.0,23.0,['Female'],1,0,5,4,3,Dry,Straight,Grade/Hillcrest,Lowest,No
28026,42,Pennsylvania,420556,0,1,1,0,1,NOT APPLICABLE,July,16,Sunday,19,2,Rural,Low Speed (Local),No,41.29855278,-75.33992778,Non-Intersection,Daylight,Clear,6:00pm-6:59pm,56,6:00pm-6:59pm,59,7:00pm-7:59pm,25,1,Daylight,Clear,1,0,['Driver'],['None_Used'],0,0,Valid,0.0,0.0,64.0,64.0,['Male'],1,0,5,2,3,Loose/Unpaved,Straight,Level,Lowest,No
28027,42,Pennsylvania,420557,2,1,1,0,2,NOT APPLICABLE,July,11,Tuesday,12,11,Rural,High Speed (Arterial),Yes,40.431625,-77.85038889,Non-Intersection,Daylight,Clear,12:00pm-12:59pm,8,12:00pm-12:59pm,28,Not Applicable (Not Transported),Not Applicable (Not Transported),1,Daylight,Clear,0,2,[],[],0,0,Valid,0.0,0.0,70.0,70.0,['Male'],2,0,3,3,4,Dry,Straight,Level,Lowest,No
28028,42,Pennsylvania,420558,0,4,3,1,3,PHOENIXVILLE,August,3,Thursday,11,15,Urban,Low Speed (Local),No,40.13139444,-75.51804167,Complex/Circle,Daylight,Clear,11:00am-11:59am,18,11:00am-11:59am,22,11:00am-11:59am,55,1,Daylight,Clear,1,2,['Driver'],['None_Used'],0,0,Valid,0.0,0.0,68.0,28.0,"['Male', 'Female', 'Male']",1,0,2,4,5,Dry,Straight,Level,Lowest,No
28029,42,Pennsylvania,420559,0,1,1,0,1,NOT APPLICABLE,July,15,Saturday,16,58,Rural,Medium Speed (Collector),No,40.82346667,-76.50199444,Non-Intersection,Daylight,Clear,4:00pm-4:59pm,36,5:00pm-5:59pm,34,6:00pm-6:59pm,0,1,Daylight,Clear,1,0,['Driver'],['None_Used'],0,0,Valid,0.0,0.0,51.0,51.0,['Male'],0,0,5,4,2,Dry,Curve,Grade/Hillcrest,Lowest,No
28030,42,Pennsylvania,420560,0,1,1,0,1,NOT APPLICABLE,July,16,Sunday,15,11,Rural,High Speed (Arterial),Yes,41.765875,-77.30347778,Non-Intersection,Daylight,Clear,3:00pm-3:59pm,10,3:00pm-3:59pm,14,3:00pm-3:59pm,49,1,Daylight,Clear,1,0,['Driver'],['None_Used'],0,0,Valid,0.0,0.0,74.0,74.0,['Male'],1,0,5,3,2,Dry,Curve,Level,Lowest,No
28031,42,Pennsylvania,420561,0,1,1,0,3,BRADFORD,July,16,Sunday,2,2,Urban,Medium Speed (Collector),No,41.96872222,-78.62193056,Non-Intersection,Dark - Lighted,Clear,Unknown,Unknown,Unknown EMS Scene Arrival Hour,Unknown EMS Scene Arrival Minutes,Unknown,Unknown EMS Hospital Arrival Time,1,Dark - Lighted,Clear,1,2,['Rear_Seat'],['Shoulder_Lapbelt'],1,1,Valid,0.0,0.0,19.0,19.0,['Male'],3,0,3,4,3,Wet/Standing Water,Curve,Level,Lowest,Yes
28032,42,Pennsylvania,420562,0,1,1,0,1,NOT APPLICABLE,July,17,Monday,22,50,Rural,Medium Speed (Collector),No,39.83140556,-76.76295556,Simple Junction,Dark - Not Lighted,Clear,Unknown,Unknown,Unknown EMS Scene Arrival Hour,Unknown EMS Scene Arrival Minutes,Not Applicable (Not Transported),Not Applicable (Not Transported),1,Dark - Unlighted,Clear,1,0,['Driver'],['None_Used'],1,1,Valid,0.0,0.0,40.0,40.0,['Male'],1,0,5,4,2,Dry,Curve,Level,Lowest,Yes
28033,42,Pennsylvania,420563,0,1,1,0,1,NOT APPLICABLE,July,17,Monday,5,51,Rural,High Speed (Arterial),Yes,40.98745833,-76.69356389,Non-Intersection,Daylight,"Fog, Smog, Smoke",5:00am-5:59am,45,6:00am-6:59am,0,Not Applicable (Not Transported),Not Applicable (Not Transported),1,Daylight,Reduced Visibility,1,0,['Driver'],['Shoulder_Lapbelt'],0,0,Valid,0.0,0.0,39.0,39.0,['Male'],0,0,3,4,3,Dry,Straight,Level,Lowest,No
28034,42,Pennsylvania,420564,0,1,1,0,1,LAURELDALE,July,18,Tuesday,23,44,Urban,Low Speed (Local),No,40.38516111,-75.911,Non-Intersection,Dark - Lighted,Clear,Unknown,Unknown,Unknown EMS Scene Arrival Hour,Unknown EMS Scene Arrival Minutes,Not Applicable (Not Transported),Not Applicable (Not Transported),1,Dark - Lighted,Clear,1,0,['Driver'],['None_Used'],1,1,Valid,2.0,0.0,41.0,41.0,['Male'],1,0,5,3,3,Dry,Curve,Level,Lowest,No
28035,42,Pennsylvania,420565,0,1,1,0,1,NOT APPLICABLE,July,18,Tuesday,3,10,Urban,High Speed (Arterial),Yes,40.11354722,-75.277875,Non-Intersection,Dark - Lighted,Clear,3:00am-3:59am,16,3:00am-3:59am,30,Not Applicable (Not Transported),Not Applicable (Not Transported),1,Dark - Lighted,Clear,1,0,['Driver'],['Shoulder_Lapbelt'],0,0,Valid,0.0,0.0,26.0,26.0,['Male'],0,0,4,4,3,Dry,Curve,Level,Lowest,No
28036,42,Pennsylvania,420566,1,1,1,0,1,WILMERDING,September,19,Tuesday,5,0,Urban,High Speed (Arterial),Yes,40.40136111,-79.81561111,Non-Intersection,Dark - Not Lighted,Clear,Unknown,Unknown,Unknown EMS Scene Arrival Hour,Unknown EMS Scene Arrival Minutes,Not Applicable (Not Transported),Not Applicable (Not Transported),1,Dark - Unlighted,Clear,0,1,[],[],0,0,Valid,0.0,0.0,28.0,28.0,['Male'],0,0,1,2,4,Dry,Straight,Level,Lowest,No
28037,42,Pennsylvania,420567,0,3,3,0,4,NOT APPLICABLE,October,8,Sunday,9,52,Urban,High Speed (Arterial),Yes,40.214475,-76.70877778,Non-Intersection,Daylight,Clear,Unknown,Unknown,Unknown EMS Scene Arrival Hour,Unknown EMS Scene Arrival Minutes,Unknown,Unknown EMS Hospital Arrival Time,1,Daylight,Clear,1,3,['Driver'],['None_Used'],0,0,Valid,1.0,1.0,81.0,20.0,"['Male', 'Female', 'Female']",0,0,3,4,5,Dry,Straight,Level,Lowest,No
28038,42,Pennsylvania,420568,1,3,2,1,2,SCRANTON,October,19,Thursday,7,35,Urban,High Speed (Arterial),Yes,41.44661111,-75.63076389,Non-Intersection,Daylight,"Fog, Smog, Smoke",Unknown,Unknown,Unknown EMS Scene Arrival Hour,Unknown EMS Scene Arrival Minutes,Unknown,Unknown EMS Hospital Arrival Time,1,Daylight,Reduced Visibility,0,1,[],[],0,0,Valid,0.0,0.0,44.0,38.0,"['Male', 'Male']",1,0,5,4,5,Dry,Curve,Grade/Hillcrest,Lowest,No
28039,42,Pennsylvania,420569,0,1,1,0,1,MCCLURE,July,18,Tuesday,23,16,Rural,Low Speed (Local),No,40.69956389,-77.33113889,Non-Intersection,Dark - Not Lighted,Clear,11:00pm-11:59pm,22,0:00am-0:59am,0,Not Applicable (Not Transported),Not Applicable (Not Transported),1,Dark - Unlighted,Clear,1,0,['Driver'],['None_Used'],1,1,Invalid,0.0,0.0,34.0,34.0,['Male'],1,0,2,4,3,Dry,Curve,Level,Lowest,No
28040,42,Pennsylvania,420570,0,1,1,0,1,NOT APPLICABLE,July,22,Saturday,15,45,Rural,Medium Speed (Collector),No,41.20316667,-75.83368056,Non-Intersection,Daylight,Not Reported,3:00pm-3:59pm,39,3:00pm-3:59pm,48,4:00pm-4:59pm,25,1,Daylight,Clear,1,0,['Driver'],['None_Used'],0,0,Valid,0.0,0.0,19.0,19.0,['Male'],1,0,5,4,3,Dry,Curve,Grade/Hillcrest,Lowest,No
28041,42,Pennsylvania,420571,0,3,1,2,1,CHELTENHAM,October,27,Friday,1,0,Urban,High Speed (Arterial),Yes,40.08650833,-75.13940556,Non-Intersection,Dark - Lighted,Clear,Unknown,Unknown,Unknown EMS Scene Arrival Hour,Unknown EMS Scene Arrival Minutes,Not Applicable (Not Transported),Not Applicable (Not Transported),1,Dark - Lighted,Clear,1,0,['Driver'],['None_Used'],0,0,Valid,0.0,0.0,38.0,38.0,['Male'],1,0,3,4,3,Dry,Curve,Grade/Hillcrest,Lowest,No
28042,42,Pennsylvania,420572,0,1,1,0,1,MONACA,July,23,Sunday,17,37,Urban,High Speed (Arterial),Yes,40.68892778,-80.28649722,Non-Intersection,Daylight,Clear,Unknown,Unknown,Unknown EMS Scene Arrival Hour,Unknown EMS Scene Arrival Minutes,Unknown,Unknown EMS Hospital Arrival Time,1,Daylight,Clear,1,0,['Driver'],['None_Used'],1,1,Valid,3.0,0.0,30.0,30.0,['Male'],1,0,5,4,2,Dry,Straight,Grade/Hillcrest,Lowest,No
28043,42,Pennsylvania,420573,1,2,1,1,1,CHESTER,August,2,Wednesday,20,42,Urban,High Speed (Arterial),Yes,39.84723611,-75.37441667,Non-Intersection,Dark - Lighted,Clear,8:00pm-8:59pm,41,8:00pm-8:59pm,43,8:00pm-8:59pm,52,1,Dark - Lighted,Clear,0,1,[],[],0,0,Invalid,0.0,0.0,25.0,25.0,['Male'],1,0,3,4,4,Dry,Straight,Level,Lowest,No
28044,42,Pennsylvania,420574,0,3,3,0,3,NOT APPLICABLE,November,7,Tuesday,11,4,Urban,High Speed (Arterial),Yes,40.19896667,-76.69647222,Non-Intersection,Daylight,Clear,Unknown,Unknown,Unknown EMS Scene Arrival Hour,Unknown EMS Scene Arrival Minutes,Unknown,Unknown EMS Hospital Arrival Time,1,Daylight,Clear,1,1,['Driver'],['Shoulder_Lapbelt'],0,0,Valid,1.0,1.0,60.0,28.0,"['Male', 'Female', 'Male']",0,0,4,4,5,Dry,Straight,Level,Lowest,No
28045,42,Pennsylvania,420575,2,1,1,0,1,PHILADELPHIA,August,4,Friday,18,25,Urban,Low Speed (Local),No,39.89963611,-75.1779,Non-Intersection,Daylight,Clear,6:00pm-6:59pm,22,6:00pm-6:59pm,29,6:00pm-6:59pm,51,1,Daylight,Clear,0,1,[],[],1,1,Valid,0.0,0.0,67.0,67.0,['Male'],1,0,3,0,4,Dry,Straight,Grade/Hillcrest,Lowest,No
28046,42,Pennsylvania,420576,1,2,2,0,2,GREEN TREE,August,16,Wednesday,23,44,Urban,High Speed (Arterial),Yes,40.4132,-80.06506944,Non-Intersection,Dark - Lighted,Clear,Unknown,Unknown,Unknown EMS Scene Arrival Hour,Unknown EMS Scene Arrival Minutes,Not Applicable (Not Transported),Not Applicable (Not Transported),1,Dark - Lighted,Clear,0,1,[],[],0,0,Valid,0.0,0.0,999.0,23.0,"['Male', 'Other']",1,0,3,3,4,Dry,Straight,Grade/Hillcrest,Lowest,No
28047,42,Pennsylvania,420577,0,1,1,0,1,NOT APPLICABLE,July,24,Monday,14,25,Rural,Low Speed (Local),No,41.91231111,-77.09300833,Non-Intersection,Daylight,Clear,2:00pm-2:59pm,36,2:00pm-2:59pm,45,Not Applicable (Not Transported),Not Applicable (Not Transported),1,Daylight,Clear,1,0,['Driver'],['None_Used'],0,0,Valid,0.0,0.0,79.0,79.0,['Male'],0,0,5,3,3,Dry,Straight,Level,Lowest,No
28048,42,Pennsylvania,420578,0,4,3,1,3,NOT APPLICABLE,November,9,Thursday,23,25,Rural,Medium Speed (Collector),No,40.51594444,-76.07602778,Non-Intersection,Dark - Not Lighted,Clear,Unknown,Unknown,Unknown EMS Scene Arrival Hour,Unknown EMS Scene Arrival Minutes,Unknown,Unknown EMS Hospital Arrival Time,1,Dark - Unlighted,Clear,1,1,['Driver'],['None_Used'],0,0,Valid,2.0,0.0,59.0,17.0,"['Male', 'Female', 'Male']",1,0,3,4,5,Dry,Straight,Grade/Hillcrest,Lowest,No
28049,42,Pennsylvania,420579,0,1,1,0,1,NOT APPLICABLE,July,24,Monday,13,1,Urban,Medium Speed (Collector),No,40.46738056,-79.86300278,Non-Intersection,Daylight,Clear,Unknown,Unknown,Unknown EMS Scene Arrival Hour,Unknown EMS Scene Arrival Minutes,Unknown,Unknown EMS Hospital Arrival Time,1,Daylight,Clear,1,0,['Driver'],['None_Used'],1,1,Valid,0.0,0.0,43.0,43.0,['Male'],1,0,2,4,3,Dry,Straight,Non-Trafficway,Lowest,No
28050,42,Pennsylvania,420580,0,1,1,0,1,NOT APPLICABLE,May,29,Monday,21,15,Rural,Medium Speed (Collector),No,39.98730556,-75.93292778,Non-Intersection,Dark - Not Lighted,Clear,9:00pm-9:59pm,20,9:00pm-9:59pm,24,10:00pm-10:59pm,3,1,Dark - Unlighted,Clear,1,0,['Driver'],['None_Used'],1,1,Invalid,1.0,0.0,32.0,32.0,['Male'],1,0,3,4,3,Dry,Straight,Level,Lowest,No
28051,42,Pennsylvania,420581,0,1,1,0,1,MONONGAHELA,July,24,Monday,1,29,Rural,High Speed (Arterial),Yes,40.22394167,-79.99285833,Non-Intersection,Dark - Not Lighted,Clear,Unknown,Unknown,Unknown EMS Scene Arrival Hour,Unknown EMS Scene Arrival Minutes,Unknown,Unknown EMS Hospital Arrival Time,1,Dark - Unlighted,Clear,1,0,['Driver'],['None_Used'],1,1,Invalid,0.0,0.0,37.0,37.0,['Female'],0,0,3,4,2,Dry,Straight,Level,Lowest,No
28052,42,Pennsylvania,420582,0,1,1,0,1,NOT APPLICABLE,July,24,Monday,17,29,Rural,Low Speed (Local),No,41.46753889,-80.23396111,Non-Intersection,Daylight,Clear,Unknown,Unknown,Unknown EMS Scene Arrival Hour,Unknown EMS Scene Arrival Minutes,Not Applicable (Not Transported),Not Applicable (Not Transported),1,Daylight,Clear,1,0,['Driver'],['None_Used'],1,1,Valid,0.0,0.0,42.0,42.0,['Male'],1,0,3,4,3,Dry,Curve,Grade/Hillcrest,Lowest,No
28053,42,Pennsylvania,420583,0,1,1,0,1,NOT APPLICABLE,July,25,Tuesday,7,33,Urban,High Speed (Arterial),Yes,41.14206944,-75.96381111,Non-Intersection,Daylight,Clear,Unknown,Unknown,Unknown EMS Scene Arrival Hour,Unknown EMS Scene Arrival Minutes,Unknown,Unknown EMS Hospital Arrival Time,1,Daylight,Clear,1,0,['Driver'],['None_Used'],0,0,Valid,0.0,0.0,67.0,67.0,['Male'],0,0,5,4,1,Dry,Straight,Level,Lowest,No
28054,42,Pennsylvania,420584,0,1,1,0,1,NOT APPLICABLE,July,26,Wednesday,16,19,Rural,High Speed (Arterial),Yes,42.15760556,-79.88373333,Non-Intersection,Daylight,Clear,Not Applicable (Not Notified),Not Applicable (Not Notified),Not Applicable,Not Applicable,Not Applicable (Not Transported),Not Applicable (Not Transported),1,Daylight,Clear,1,0,['Driver'],['None_Used'],0,0,Valid,0.0,0.0,52.0,52.0,['Male'],0,0,5,4,2,Dry,Straight,Level,Lowest,No
28055,42,Pennsylvania,420585,0,1,1,0,2,NOT APPLICABLE,July,26,Wednesday,14,21,Rural,High Speed (Arterial),Yes,41.148925,-78.79001389,Non-Intersection,Daylight,Clear,Unknown,Unknown,Unknown EMS Scene Arrival Hour,Unknown EMS Scene Arrival Minutes,Unknown,Unknown EMS Hospital Arrival Time,1,Daylight,Clear,1,0,['Rear_Seat'],['None_Used'],0,0,Valid,0.0,0.0,66.0,66.0,['Male'],0,0,5,2,3,Oil/Contaminated,Curve,Grade/Hillcrest,Lowest,No
28056,42,Pennsylvania,420586,0,3,3,0,4,NOT APPLICABLE,November,14,Tuesday,17,24,Urban,High Speed (Arterial),Yes,40.26579722,-75.22843333,Complex/Circle,Dark - Lighted,Clear,Unknown,Unknown,Unknown EMS Scene Arrival Hour,Unknown EMS Scene Arrival Minutes,Not Applicable (Not Transported),Not Applicable (Not Transported),1,Dark - Lighted,Clear,1,3,['Driver'],['None_Used'],0,0,Valid,0.0,1.0,59.0,33.0,"['Male', 'Male', 'Female']",0,0,5,4,5,Dry,Straight,Grade/Hillcrest,Lowest,No
28057,42,Pennsylvania,420587,0,1,1,0,1,NOT APPLICABLE,July,26,Wednesday,15,25,Rural,Medium Speed (Collector),No,41.75153056,-80.35575,Non-Intersection,Daylight,Clear,Unknown,Unknown,Unknown EMS Scene Arrival Hour,Unknown EMS Scene Arrival Minutes,Unknown,Unknown EMS Hospital Arrival Time,1,Daylight,Clear,1,0,['Driver'],['None_Used'],0,0,Valid,0.0,0.0,66.0,66.0,['Male'],0,0,5,4,3,Dry,Curve,Level,Lowest,No
28058,42,Pennsylvania,420588,0,3,3,0,8,WARMINSTER,November,22,Wednesday,19,43,Urban,High Speed (Arterial),Yes,40.19369444,-75.07699722,Simple Junction,Dark - Lighted,Clear,7:00pm-7:59pm,43,7:00pm-7:59pm,47,8:00pm-8:59pm,12,1,Dark - Lighted,Clear,1,7,['Driver'],['None_Used'],1,1,Valid,2.0,0.0,71.0,18.0,"['Female', 'Male', 'Male']",0,0,3,4,5,Dry,Straight,Level,Medium,No
28059,42,Pennsylvania,420589,1,4,3,1,4,NOT APPLICABLE,November,23,Thursday,9,0,Urban,High Speed (Arterial),Yes,39.86215833,-77.06583611,Non-Intersection,Daylight,Clear,Unknown,Unknown,Unknown EMS Scene Arrival Hour,Unknown EMS Scene Arrival Minutes,Unknown,Unknown EMS Hospital Arrival Time,1,Daylight,Clear,1,3,['Front_Passenger'],['Shoulder_Lapbelt'],0,0,Valid,0.0,0.0,69.0,24.0,"['Male', 'Male', 'Male']",2,0,3,4,5,Dry,Straight,Level,Lowest,No
28060,42,Pennsylvania,420590,0,1,1,0,1,NOT APPLICABLE,May,31,Wednesday,12,30,Rural,Medium Speed (Collector),No,41.17983333,-75.71916667,Non-Intersection,Daylight,Clear,12:00pm-12:59pm,25,12:00pm-12:59pm,44,1:00pm-1:59pm,31,1,Daylight,Clear,1,0,['Driver'],['None_Used'],0,0,Valid,1.0,0.0,66.0,66.0,['Male'],0,0,2,4,3,Dry,Straight,Level,Medium,No
28061,42,Pennsylvania,420591,0,1,1,0,1,NOT APPLICABLE,July,26,Wednesday,15,37,Rural,Medium Speed (Collector),No,39.95434167,-77.911675,Non-Intersection,Daylight,Clear,Unknown,Unknown,Unknown EMS Scene Arrival Hour,Unknown EMS Scene Arrival Minutes,Unknown,Unknown EMS Hospital Arrival Time,1,Daylight,Clear,1,0,['Driver'],['None_Used'],0,0,Valid,0.0,0.0,68.0,68.0,['Male'],0,0,5,4,2,Dry,Curve,Level,Lowest,No
28062,42,Pennsylvania,420592,0,4,4,0,4,MCCANDLESS,December,12,Tuesday,10,57,Urban,High Speed (Arterial),Yes,40.55821111,-80.02334444,Complex/Circle,Daylight,Clear,Unknown,Unknown,Unknown EMS Scene Arrival Hour,Unknown EMS Scene Arrival Minutes,Unknown,Unknown EMS Hospital Arrival Time,1,Daylight,Clear,1,3,['Driver'],['None_Used'],0,0,Valid,0.0,0.0,70.0,27.0,"['Male', 'Female', 'Female', 'Female']",0,0,3,4,5,Dry,Straight,Level,Lowest,No
28063,42,Pennsylvania,420593,0,1,1,0,1,NOT APPLICABLE,July,27,Thursday,6,57,Rural,Low Speed (Local),No,39.89656944,-77.21439444,Non-Intersection,Daylight,Clear,Unknown,Unknown,Unknown EMS Scene Arrival Hour,Unknown EMS Scene Arrival Minutes,Not Applicable (Not Transported),Not Applicable (Not Transported),1,Daylight,Clear,1,0,['Driver'],['Shoulder_Lapbelt'],0,0,Valid,0.0,0.0,18.0,18.0,['Male'],1,0,2,4,3,Dry,Straight,Level,Lowest,No
28064,42,Pennsylvania,420594,0,1,1,0,1,NOT APPLICABLE,July,27,Thursday,20,29,Rural,Medium Speed (Collector),No,41.75889444,-77.10050556,Non-Intersection,Dusk,Clear,8:00pm-8:59pm,28,8:00pm-8:59pm,44,Not Applicable (Not Transported),Not Applicable (Not Transported),1,Twilight,Clear,1,0,['Driver'],['None_Used'],0,0,Valid,2.0,2.0,23.0,23.0,['Male'],0,0,5,4,2,Dry,Curve,Level,Lowest,No
28065,42,Pennsylvania,420595,0,1,1,0,1,NOT APPLICABLE,July,27,Thursday,19,37,Rural,Medium Speed (Collector),No,41.70758889,-76.48307778,Non-Intersection,Daylight,Clear,7:00pm-7:59pm,24,7:00pm-7:59pm,31,7:00pm-7:59pm,55,1,Daylight,Clear,1,0,['Driver'],['None_Used'],0,0,Invalid,0.0,2.0,36.0,36.0,['Male'],1,0,5,4,3,Dry,Curve,Level,Lowest,No
28066,42,Pennsylvania,420596,0,1,1,0,1,NOT APPLICABLE,July,28,Friday,18,0,Rural,Medium Speed (Collector),No,41.55123889,-79.84551667,Non-Intersection,Daylight,Clear,Unknown,Unknown,Unknown EMS Scene Arrival Hour,Unknown EMS Scene Arrival Minutes,Not Applicable (Not Transported),Not Applicable (Not Transported),1,Daylight,Clear,1,0,['Driver'],['None_Used'],0,0,Valid,0.0,0.0,57.0,57.0,['Male'],1,0,5,4,3,Dry,Curve,Level,Lowest,No
28067,42,Pennsylvania,420597,0,1,1,0,1,NOT APPLICABLE,July,29,Saturday,21,31,Rural,Low Speed (Local),No,40.27449444,-78.49566111,Non-Intersection,Dark - Not Lighted,Clear,Unknown,Unknown,Unknown EMS Scene Arrival Hour,Unknown EMS Scene Arrival Minutes,Not Applicable (Not Transported),Not Applicable (Not Transported),1,Dark - Unlighted,Clear,1,0,['Driver'],['None_Used'],1,1,Valid,0.0,0.0,47.0,47.0,['Male'],1,0,5,4,3,Dry,Curve,Grade/Hillcrest,Lowest,No
28068,42,Pennsylvania,420598,0,1,1,0,1,NOT APPLICABLE,July,30,Sunday,9,41,Rural,High Speed (Arterial),Yes,40.01318889,-78.11609722,Non-Intersection,Daylight,Clear,Not Applicable (Not Notified),Not Applicable (Not Notified),Not Applicable,Not Applicable,Not Applicable (Not Transported),Not Applicable (Not Transported),1,Daylight,Clear,1,0,['Driver'],['Shoulder_Lapbelt'],0,0,Invalid,0.0,0.0,38.0,38.0,['Male'],0,0,4,4,3,Dry,Curve,Grade/Hillcrest,Lowest,Yes
28069,42,Pennsylvania,420599,0,3,3,0,4,NOT APPLICABLE,August,19,Saturday,3,9,Urban,High Speed (Arterial),Yes,40.65469444,-77.585025,Non-Intersection,Dark - Not Lighted,Clear,3:00am-3:59am,11,3:00am-3:59am,32,Not Applicable (Not Transported),Not Applicable (Not Transported),1,Dark - Unlighted,Clear,1,3,['Driver'],['Shoulder_Lapbelt'],1,1,Valid,1.0,2.0,41.0,36.0,"['Male', 'Male', 'Male']",0,0,4,4,5,Dry,Curve,Level,Lowest,No
28070,42,Pennsylvania,420600,0,2,2,0,3,NOT APPLICABLE,June,1,Thursday,16,24,Rural,High Speed (Arterial),No,41.14381667,-80.22141111,Complex/Circle,Daylight,Clear,4:00pm-4:59pm,26,4:00pm-4:59pm,40,5:00pm-5:59pm,18,1,Daylight,Clear,1,2,['Driver'],['Shoulder_Lapbelt'],0,0,Valid,0.0,0.0,78.0,37.0,"['Male', 'Male']",0,0,3,4,5,Dry,Straight,Level,Lowest,No
28071,42,Pennsylvania,420601,0,1,1,0,1,NOT APPLICABLE,July,30,Sunday,22,55,Urban,Medium Speed (Collector),No,40.57456667,-76.20423056,Non-Intersection,Dark - Not Lighted,Clear,Unknown,Unknown,Unknown EMS Scene Arrival Hour,Unknown EMS Scene Arrival Minutes,Not Applicable (Not Transported),Not Applicable (Not Transported),1,Dark - Unlighted,Clear,1,0,['Driver'],['Shoulder_Lapbelt'],1,1,Valid,0.0,0.0,58.0,58.0,['Male'],0,0,2,4,3,Dry,Curve,Grade/Hillcrest,Lowest,No
28072,42,Pennsylvania,420602,0,1,1,0,1,NOT APPLICABLE,July,30,Sunday,18,6,Urban,High Speed (Arterial),Yes,40.37306111,-80.09941667,Simple Junction,Daylight,Rain,Unknown,Unknown,Unknown EMS Scene Arrival Hour,Unknown EMS Scene Arrival Minutes,Unknown,Unknown EMS Hospital Arrival Time,1,Daylight,Rain/Wind/Minor,1,0,['Driver'],['None_Used'],0,0,Valid,0.0,0.0,30.0,30.0,['Male'],1,0,5,3,2,Wet/Standing Water,Straight,Level,Lowest,No
28073,42,Pennsylvania,420603,0,1,1,0,4,NOT APPLICABLE,July,31,Monday,4,21,Urban,Medium Speed (Collector),No,40.80305278,-76.21298333,Non-Intersection,Dark - Not Lighted,Clear,Unknown,Unknown,Unknown EMS Scene Arrival Hour,Unknown EMS Scene Arrival Minutes,Unknown,Unknown EMS Hospital Arrival Time,1,Dark - Unlighted,Clear,1,2,['Front_Passenger'],['None_Used'],0,0,Valid,0.0,0.0,49.0,34.0,Other,4,0,2,4,3,Dry,Curve,Grade/Hillcrest,Lowest,No
28074,42,Pennsylvania,420604,0,1,1,0,1,NOT APPLICABLE,July,31,Monday,6,52,Rural,Low Speed (Local),No,41.501,-75.05610833,Non-Intersection,Dawn,Clear,6:00am-6:59am,48,6:00am-6:59am,56,Not Applicable (Not Transported),Not Applicable (Not Transported),1,Twilight,Clear,1,0,['Driver'],['None_Used'],1,1,Valid,0.0,0.0,43.0,43.0,['Male'],1,0,5,2,3,Dry,Straight,Level,Lowest,Yes
28075,42,Pennsylvania,420605,0,2,2,0,3,NOT APPLICABLE,August,1,Tuesday,15,37,Urban,High Speed (Arterial),Yes,40.86410556,-79.82186389,Non-Intersection,Daylight,Clear,Unknown,Unknown,Unknown EMS Scene Arrival Hour,Unknown EMS Scene Arrival Minutes,Unknown,Unknown EMS Hospital Arrival Time,1,Daylight,Clear,1,2,['Front_Passenger'],['None_Used'],0,0,Valid,1.0,0.0,37.0,22.0,"['Male', 'Female']",0,0,3,4,5,Dry,Straight,Level,Lowest,No