,State_Code,State_Name,Crash_ID,Count_Non_Motorists,Count_Vehicles_Total,Count_Vehicle_Forms,Count_PVH_Involved,Count_Occupants_MV,City_Name,Month_Name,Day_of_Month,Day_of_Week,Crash_Hour,Crash_Minute,Area_Rural_Urban,Road_Functional_Class,On_NHS_Road,Latitude,Longitude,Intersection_Type,Light_Condition,Weather_Condition,Notif_Hour,Notif_Minute,Arrival_Hour,Arrival_Minute,Hospital_Hour,Hospital_Minute,Fatalities_Count,Clean_Light_Condition,Clean_Weather_Condition,Total_Killed,Total_Alive,Fatal_Seats_List,Killed_Restraint_List,Any_Driver_Drinking,Total_Drinking_Drivers,Driver_License_Category,Driver_Max_Prev_Accident_Count,Driver_Max_Prev_Speeding_Count,Max_Driver_Age,Min_Driver_Age,Driver_Sex_List,Total_Exceeding_Limit_Vehicles,Total_Too_Fast_Vehicles,Max_Vehicle_Type_Severity_5,Max_Vehicle_Damage_Rank,Max_Harmful_Event_Severity,Crash_Road_Surface_Condition,Crash_Horizontal_Alignment,Crash_Vertical_Profile,Crash_Impairment_Category,Crash_Vehicle_Defect
28076,42,Pennsylvania,420606,0,2,2,0,2,PHILADELPHIA,August,2,Wednesday,20,23,Urban,High Speed (Arterial),Yes,40.08901667,-75.02092222,Simple Junction,Dusk,Clear,8:00pm-8:59pm,27,8:00pm-8:59pm,39,8:00pm-8:59pm,55,1,Twilight,Clear,1,1,['Driver'],['None_Used'],0,0,Valid,0.0,1.0,43.0,19.0,"['Female', 'Male']",0,0,5,4,5,Dry,Straight,Level,Lowest,No
28077,42,Pennsylvania,420607,0,2,2,0,2,NOT APPLICABLE,August,3,Thursday,4,56,Rural,Medium Speed (Collector),No,39.75162778,-76.53526389,Non-Intersection,Dawn,Clear,Unknown,Unknown,Unknown EMS Scene Arrival Hour,Unknown EMS Scene Arrival Minutes,Not Applicable (Not Transported),Not Applicable (Not Transported),1,Twilight,Clear,1,1,['Driver'],['Shoulder_Lapbelt'],0,0,Valid,0.0,0.0,55.0,19.0,"['Male', 'Male']",1,0,3,4,5,Dry,Curve,Grade/Hillcrest,Lowest,No
28078,42,Pennsylvania,420608,0,2,2,0,3,NOT APPLICABLE,August,5,Saturday,21,33,Urban,Medium Speed (Collector),No,42.047725,-80.17040833,Simple Junction,Dark - Not Lighted,Clear,Unknown,Unknown,Unknown EMS Scene Arrival Hour,Unknown EMS Scene Arrival Minutes,Not Applicable (Not Transported),Not Applicable (Not Transported),1,Dark - Unlighted,Clear,1,2,['Driver'],['None_Used'],0,0,Valid,0.0,0.0,46.0,43.0,"['Male', 'Male']",0,0,5,4,5,Dry,Curve,Grade/Hillcrest,Lowest,No
28079,42,Pennsylvania,420609,2,1,1,0,1,NOT APPLICABLE,August,6,Sunday,5,55,Rural,Medium Speed (Collector),No,39.90422778,-76.14041667,Non-Intersection,Dawn,Clear,Unknown,Unknown,Unknown EMS Scene Arrival Hour,Unknown EMS Scene Arrival Minutes,Not Applicable (Not Transported),Not Applicable (Not Transported),2,Twilight,Clear,0,1,[],[],0,0,Valid,1.0,1.0,21.0,21.0,['Male'],1,0,3,4,1,Dry,Straight,Grade/Hillcrest,Lowest,No
28080,42,Pennsylvania,420610,0,2,2,0,2,NOT APPLICABLE,August,7,Monday,11,0,Urban,Medium Speed (Collector),No,40.41415556,-75.359,Non-Intersection,Daylight,Rain,11:00am-11:59am,4,11:00am-11:59am,8,Not Applicable (Not Transported),Not Applicable (Not Transported),1,Daylight,Rain/Wind/Minor,1,0,['Driver'],['Shoulder_Lapbelt'],0,0,Valid,0.0,0.0,53.0,32.0,"['Female', 'Male']",1,0,4,4,5,Wet/Standing Water,Curve,Level,Lowest,No
28081,42,Pennsylvania,420611,0,1,1,0,1,NOT APPLICABLE,June,26,Monday,21,38,Urban,High Speed (Arterial),Yes,40.79088889,-79.93286111,Non-Intersection,Dark - Not Lighted,Cloudy,Unknown,Unknown,Unknown EMS Scene Arrival Hour,Unknown EMS Scene Arrival Minutes,Unknown,Unknown EMS Hospital Arrival Time,1,Dark - Unlighted,Reduced Visibility,1,0,['Driver'],['None_Used'],0,0,Valid,1.0,0.0,32.0,32.0,['Male'],0,0,1,4,3,Wet/Standing Water,Curve,Grade/Hillcrest,Lowest,No
28082,42,Pennsylvania,420612,0,1,1,0,1,FAIRVIEW,June,2,Friday,16,1,Urban,High Speed (Arterial),Yes,42.04211111,-80.23694444,Non-Intersection,Daylight,Clear,3:00pm-3:59pm,56,4:00pm-4:59pm,11,Not Applicable (Not Transported),Not Applicable (Not Transported),1,Daylight,Clear,1,0,['Driver'],['None_Used'],0,0,Valid,0.0,2.0,46.0,46.0,['Male'],1,0,3,4,3,Dry,Straight,Level,Lowest,No
28083,42,Pennsylvania,420613,0,1,1,0,3,NOT APPLICABLE,June,4,Sunday,1,33,Urban,Low Speed (Local),No,40.51298333,-79.61931667,Non-Intersection,Dark - Not Lighted,Clear,Unknown,Unknown,Unknown EMS Scene Arrival Hour,Unknown EMS Scene Arrival Minutes,Unknown,Unknown EMS Hospital Arrival Time,1,Dark - Unlighted,Clear,1,2,['Rear_Seat'],['None_Used'],1,1,Valid,0.0,0.0,21.0,21.0,['Male'],3,0,3,4,3,Dry,Curve,Grade/Hillcrest,Lowest,No
28084,42,Pennsylvania,420614,0,2,2,0,2,PHILADELPHIA,August,7,Monday,17,6,Urban,Low Speed (Local),No,40.01535278,-75.13714722,Complex/Circle,Daylight,Not Reported,5:00pm-5:59pm,9,5:00pm-5:59pm,25,Unknown,Unknown EMS Hospital Arrival Time,1,Daylight,Clear,1,1,['Driver'],['None_Used'],0,0,Valid,0.0,0.0,50.0,41.0,"['Male', 'Male']",1,0,5,4,5,Dry,Straight,Grade/Hillcrest,Lowest,No
28085,42,Pennsylvania,420615,0,1,1,0,1,MILFORD SQUARE,June,4,Sunday,6,17,Rural,Medium Speed (Collector),No,40.38410833,-75.42406667,Non-Intersection,Daylight,Clear,6:00am-6:59am,16,6:00am-6:59am,31,6:00am-6:59am,56,1,Daylight,Clear,1,0,['Driver'],['None_Used'],0,0,Valid,0.0,0.0,58.0,58.0,['Male'],0,0,5,4,2,Dry,Curve,Grade/Hillcrest,Lowest,No
28086,42,Pennsylvania,420616,0,2,2,0,2,NOT APPLICABLE,August,8,Tuesday,22,15,Urban,High Speed (Arterial),Yes,40.41503611,-75.93907222,Complex/Circle,Dark - Lighted,Clear,Unknown,Unknown,Unknown EMS Scene Arrival Hour,Unknown EMS Scene Arrival Minutes,Unknown,Unknown EMS Hospital Arrival Time,1,Dark - Lighted,Clear,1,1,['Driver'],['None_Used'],1,1,Valid,2.0,1.0,29.0,28.0,"['Male', 'Male']",1,0,5,4,5,Dry,Curve,Level,Lowest,No
28087,42,Pennsylvania,420617,0,1,1,0,1,FRANCONIA,June,26,Monday,7,15,Urban,Medium Speed (Collector),No,40.28661111,-75.36119444,Non-Intersection,Daylight,Clear,7:00am-7:59am,17,7:00am-7:59am,26,8:00am-8:59am,17,1,Daylight,Clear,1,0,['Driver'],['None_Used'],0,0,Valid,0.0,0.0,18.0,18.0,['Male'],0,0,2,4,3,Dry,Straight,Level,Lowest,No
28088,42,Pennsylvania,420618,0,2,2,0,2,NOT APPLICABLE,August,9,Wednesday,14,43,Rural,Medium Speed (Collector),No,40.97684444,-77.59109722,Non-Intersection,Daylight,Clear,2:00pm-2:59pm,40,2:00pm-2:59pm,57,Not Applicable (Not Transported),Not Applicable (Not Transported),1,Daylight,Clear,1,1,['Driver'],['Shoulder_Lapbelt'],0,0,Valid,0.0,0.0,66.0,64.0,"['Male', 'Male']",0,0,4,4,5,Dry,Straight,Level,Lowest,No
28089,42,Pennsylvania,420619,0,1,1,0,2,NOT APPLICABLE,May,27,Saturday,19,4,Urban,Medium Speed (Collector),No,40.14005556,-76.31947222,Non-Intersection,Daylight,Clear,Unknown,Unknown,Unknown EMS Scene Arrival Hour,Unknown EMS Scene Arrival Minutes,Unknown,Unknown EMS Hospital Arrival Time,1,Daylight,Clear,1,1,['Driver'],['None_Used'],1,1,Invalid,0.0,0.0,44.0,44.0,['Male'],0,0,5,4,3,Dry,Straight,Level,Lowest,No
28090,42,Pennsylvania,420620,1,1,1,0,1,BRADFORD,June,7,Wednesday,17,13,Rural,Low Speed (Local),No,41.96060556,-78.65543611,Complex/Circle,Daylight,Clear,5:00pm-5:59pm,15,5:00pm-5:59pm,18,5:00pm-5:59pm,35,1,Daylight,Clear,0,1,[],[],0,0,Valid,0.0,0.0,74.0,74.0,['Male'],0,0,4,2,4,Dry,Straight,Level,Lowest,No
28091,42,Pennsylvania,420621,2,2,1,1,1,SALFORD,December,8,Friday,6,22,Rural,High Speed (Arterial),Yes,40.33665833,-75.38303333,Non-Intersection,Dark - Not Lighted,Clear,Unknown,Unknown,Unknown EMS Scene Arrival Hour,Unknown EMS Scene Arrival Minutes,Not Applicable (Not Transported),Not Applicable (Not Transported),1,Dark - Unlighted,Clear,0,1,[],[],0,0,Valid,0.0,3.0,31.0,31.0,['Male'],0,0,4,4,4,Dry,Straight,Grade/Hillcrest,Lowest,No
28092,42,Pennsylvania,420622,1,2,2,0,2,PHILADELPHIA,October,22,Sunday,3,58,Urban,High Speed (Arterial),Yes,39.95906667,-75.17140833,Non-Intersection,Dark - Lighted,Clear,Unknown,Unknown,Unknown EMS Scene Arrival Hour,Unknown EMS Scene Arrival Minutes,Unknown,Unknown EMS Hospital Arrival Time,1,Dark - Lighted,Clear,0,2,[],[],0,0,Valid,0.0,0.0,39.0,39.0,['Male'],0,0,2,4,5,Dry,Straight,Level,Lowest,No
28093,42,Pennsylvania,420623,0,2,2,0,5,NOT APPLICABLE,August,9,Wednesday,20,50,Urban,High Speed (Arterial),Yes,39.94964444,-77.599525,Non-Intersection,Dark - Not Lighted,Clear,Unknown,Unknown,Unknown EMS Scene Arrival Hour,Unknown EMS Scene Arrival Minutes,Not Applicable (Not Transported),Not Applicable (Not Transported),5,Dark - Unlighted,Clear,5,0,"['Driver', 'Front_Passenger', 'Front_Passenger', 'Front_Passenger', 'Driver']","['Shoulder_Lapbelt', 'Shoulder_Lapbelt', 'Shoulder_Lapbelt', 'Shoulder_Lapbelt', 'Shoulder_Lapbelt']",0,0,Valid,0.0,0.0,55.0,49.0,"['Male', 'Male']",0,0,4,4,5,Dry,Straight,Level,Lowest,Yes
28094,42,Pennsylvania,420624,1,2,2,0,2,PHILADELPHIA,November,6,Monday,18,51,Urban,High Speed (Arterial),Yes,40.05371944,-75.23118333,Complex/Circle,Dark - Lighted,Clear,Unknown,Unknown,Unknown EMS Scene Arrival Hour,Unknown EMS Scene Arrival Minutes,Unknown,Unknown EMS Hospital Arrival Time,1,Dark - Lighted,Clear,0,2,[],[],0,0,Valid,1.0,0.0,47.0,20.0,"['Female', 'Female']",0,0,3,3,5,Dry,Straight,Grade/Hillcrest,Lowest,No
28095,42,Pennsylvania,420625,0,2,2,0,3,PHILADELPHIA,August,10,Thursday,22,30,Urban,High Speed (Arterial),Yes,40.04049722,-75.05887778,Complex/Circle,Dark - Lighted,Clear,11:00pm-11:59pm,3,11:00pm-11:59pm,7,11:00pm-11:59pm,30,1,Dark - Lighted,Clear,1,2,['Driver'],['None_Used'],0,0,Invalid,0.0,0.0,42.0,30.0,"['Male', 'Female']",0,0,5,4,5,Dry,Straight,Level,Lowest,No
28096,42,Pennsylvania,420626,1,1,1,0,1,PHILADELPHIA,August,9,Wednesday,5,15,Urban,High Speed (Arterial),Yes,39.91813056,-75.209775,Non-Intersection,Dark - Lighted,Clear,5:00am-5:59am,18,5:00am-5:59am,22,5:00am-5:59am,44,1,Dark - Lighted,Clear,0,1,[],[],0,0,Valid,0.0,0.0,60.0,60.0,['Female'],0,0,3,3,4,Dry,Straight,Level,Lowest,No
28097,42,Pennsylvania,420627,1,1,1,0,1,NOT APPLICABLE,August,10,Thursday,0,10,Urban,Medium Speed (Collector),No,40.18815833,-74.78308889,Non-Intersection,Dark - Not Lighted,Clear,0:00am-0:59am,10,0:00am-0:59am,18,0:00am-0:59am,49,1,Dark - Unlighted,Clear,0,1,[],[],0,0,Valid,0.0,0.0,60.0,60.0,['Male'],0,0,2,2,4,Dry,Straight,Level,Lowest,No
28098,42,Pennsylvania,420628,1,1,1,0,1,NOT APPLICABLE,August,11,Friday,15,59,Rural,Medium Speed (Collector),No,41.97705556,-80.38164167,Non-Intersection,Daylight,Clear,Unknown,Unknown,Unknown EMS Scene Arrival Hour,Unknown EMS Scene Arrival Minutes,Not Applicable (Not Transported),Not Applicable (Not Transported),1,Daylight,Clear,0,1,[],[],0,0,Valid,0.0,0.0,69.0,69.0,['Female'],0,0,3,4,4,Dry,Straight,Level,Lowest,No
28099,42,Pennsylvania,420629,1,1,1,0,1,NOT APPLICABLE,August,11,Friday,19,3,Rural,Medium Speed (Collector),No,41.64678333,-75.3635,Non-Intersection,Daylight,Clear,7:00pm-7:59pm,2,7:00pm-7:59pm,32,8:00pm-8:59pm,15,1,Daylight,Clear,0,1,[],[],0,0,Valid,0.0,0.0,40.0,40.0,['Female'],0,0,2,3,4,Dry,Straight,Grade/Hillcrest,Lowest,No
28100,42,Pennsylvania,420630,0,2,2,0,52,NOT APPLICABLE,August,6,Sunday,23,49,Urban,High Speed (Arterial),Yes,40.33145833,-76.76148889,Non-Intersection,Dark - Not Lighted,Rain,Unknown,Unknown,Unknown EMS Scene Arrival Hour,Unknown EMS Scene Arrival Minutes,Unknown,Unknown EMS Hospital Arrival Time,3,Dark - Unlighted,Rain/Wind/Minor,3,49,"['Non_Standard_Risk', 'Non_Standard_Risk', 'Non_Standard_Risk']","['None_Used', 'None_Used', 'None_Used']",0,0,Valid,1.0,0.0,69.0,55.0,"['Male', 'Female']",49,0,4,4,5,Wet/Standing Water,Curve,Grade/Hillcrest,Lowest,No
28101,42,Pennsylvania,420631,0,3,3,0,5,NOT APPLICABLE,August,15,Tuesday,18,16,Rural,Medium Speed (Collector),No,40.92527222,-79.86593889,Non-Intersection,Daylight,Clear,Unknown,Unknown,Unknown EMS Scene Arrival Hour,Unknown EMS Scene Arrival Minutes,Unknown,Unknown EMS Hospital Arrival Time,2,Daylight,Clear,2,3,"['Driver', 'Driver']","['Shoulder_Lapbelt', 'Shoulder_Lapbelt']",0,0,Valid,0.0,0.0,32.0,19.0,"['Male', 'Female', 'Male']",0,0,3,4,5,Dry,Straight,Level,Lowest,No
28102,42,Pennsylvania,420632,0,1,1,0,1,NOT APPLICABLE,August,1,Tuesday,6,44,Rural,High Speed (Arterial),Yes,40.49129722,-77.07798056,Non-Intersection,Daylight,Clear,Unknown,Unknown,Unknown EMS Scene Arrival Hour,Unknown EMS Scene Arrival Minutes,Not Applicable (Not Transported),Not Applicable (Not Transported),1,Daylight,Clear,1,0,['Driver'],['Shoulder_Lapbelt'],0,0,Valid,0.0,0.0,22.0,22.0,['Male'],0,0,3,4,3,Dry,Curve,Level,Lowest,No
28103,42,Pennsylvania,420633,0,1,1,0,1,NOT APPLICABLE,August,2,Wednesday,16,19,Rural,Medium Speed (Collector),No,40.87877222,-76.75888056,Non-Intersection,Daylight,Clear,4:00pm-4:59pm,17,4:00pm-4:59pm,25,Not Applicable (Not Transported),Not Applicable (Not Transported),1,Daylight,Clear,1,0,['Driver'],['Shoulder_Lapbelt'],0,0,Invalid,2.0,1.0,37.0,37.0,['Female'],0,0,3,4,3,Dry,Straight,Level,Lowest,No
28104,42,Pennsylvania,420634,0,1,1,0,1,NOT APPLICABLE,May,28,Sunday,15,54,Rural,Medium Speed (Collector),No,40.97021944,-79.44490278,Non-Intersection,Daylight,Clear,3:00pm-3:59pm,59,4:00pm-4:59pm,21,Not Applicable (Not Transported),Not Applicable (Not Transported),1,Daylight,Clear,1,0,['Driver'],['None_Used'],0,0,Valid,0.0,0.0,76.0,76.0,['Female'],0,0,3,4,3,Dry,Curve,Grade/Hillcrest,Lowest,No
28105,42,Pennsylvania,420635,0,1,1,0,1,NOT APPLICABLE,August,2,Wednesday,12,48,Rural,Low Speed (Local),No,40.0531,-77.40508056,Non-Intersection,Daylight,Clear,Unknown,Unknown,Unknown EMS Scene Arrival Hour,Unknown EMS Scene Arrival Minutes,Unknown,Unknown EMS Hospital Arrival Time,1,Daylight,Clear,1,0,['Driver'],['None_Used'],0,0,Valid,0.0,0.0,22.0,22.0,['Male'],1,0,5,4,3,Dry,Curve,Grade/Hillcrest,Lowest,No
28106,42,Pennsylvania,420636,0,1,1,0,2,NOT APPLICABLE,August,3,Thursday,13,28,Rural,High Speed (Arterial),Yes,40.64197778,-76.10867222,Non-Intersection,Daylight,Clear,Unknown,Unknown,Unknown EMS Scene Arrival Hour,Unknown EMS Scene Arrival Minutes,Unknown,Unknown EMS Hospital Arrival Time,1,Daylight,Clear,1,1,['Front_Passenger'],['Shoulder_Lapbelt'],0,0,Valid,0.0,0.0,86.0,86.0,['Male'],0,0,2,4,2,Dry,Straight,Level,Lowest,No
28107,42,Pennsylvania,420637,0,1,1,0,1,NOT APPLICABLE,August,5,Saturday,20,56,Urban,High Speed (Arterial),Yes,40.17164722,-75.46469167,Non-Intersection,Dark - Lighted,Cloudy,8:00pm-8:59pm,57,9:00pm-9:59pm,2,Not Applicable (Not Transported),Not Applicable (Not Transported),1,Dark - Lighted,Reduced Visibility,1,0,['Driver'],['None_Used'],1,1,Valid,0.0,0.0,35.0,35.0,['Male'],1,0,3,4,3,Dry,Curve,Grade/Hillcrest,Lowest,No
28108,42,Pennsylvania,420638,0,1,1,0,1,NOT APPLICABLE,August,5,Saturday,1,55,Rural,Medium Speed (Collector),No,41.93455,-79.05875,Non-Intersection,Dark - Not Lighted,Clear,1:00am-1:59am,53,2:00am-2:59am,13,2:00am-2:59am,42,1,Dark - Unlighted,Clear,1,0,['Driver'],['None_Used'],1,1,Valid,0.0,1.0,27.0,27.0,['Male'],1,0,5,4,3,Dry,Straight,Level,Lowest,No
28109,42,Pennsylvania,420639,0,1,1,0,1,NOT APPLICABLE,August,6,Sunday,2,30,Urban,High Speed (Arterial),Yes,40.32580833,-76.914175,Non-Intersection,Dark - Lighted,Clear,Not Applicable (Not Notified),Not Applicable (Not Notified),Not Applicable,Not Applicable,Not Applicable (Not Transported),Not Applicable (Not Transported),1,Dark - Lighted,Clear,1,0,['Driver'],['None_Used'],1,1,Invalid,0.0,2.0,28.0,28.0,['Male'],1,0,5,4,2,Dry,Curve,Level,Lowest,No
28110,42,Pennsylvania,420640,0,1,1,0,1,NOT APPLICABLE,August,6,Sunday,14,2,Rural,Low Speed (Local),No,40.90727778,-75.90470278,Non-Intersection,Daylight,Clear,Unknown,Unknown,Unknown EMS Scene Arrival Hour,Unknown EMS Scene Arrival Minutes,Unknown,Unknown EMS Hospital Arrival Time,1,Daylight,Clear,1,0,['Driver'],['None_Used'],0,0,Valid,1.0,2.0,45.0,45.0,['Male'],0,0,5,4,3,Dry,Straight,Grade/Hillcrest,Lowest,No
28111,42,Pennsylvania,420641,0,1,1,0,1,NOT APPLICABLE,August,7,Monday,3,32,Rural,Medium Speed (Collector),No,40.95653611,-76.18007222,Non-Intersection,Dark - Not Lighted,Rain,Unknown,Unknown,Unknown EMS Scene Arrival Hour,Unknown EMS Scene Arrival Minutes,Not Applicable (Not Transported),Not Applicable (Not Transported),1,Dark - Unlighted,Rain/Wind/Minor,1,0,['Driver'],['None_Used'],1,1,Valid,0.0,0.0,30.0,30.0,['Female'],1,0,2,4,3,Wet/Standing Water,Curve,Level,Lowest,No
28112,42,Pennsylvania,420642,0,2,1,1,2,FLEETWOOD,August,11,Friday,20,22,Rural,Medium Speed (Collector),No,40.50215,-75.87965556,Non-Intersection,Dark - Not Lighted,Clear,Unknown,Unknown,Unknown EMS Scene Arrival Hour,Unknown EMS Scene Arrival Minutes,Not Applicable (Not Transported),Not Applicable (Not Transported),2,Dark - Unlighted,Clear,2,0,"['Driver', 'Front_Passenger']","['None_Used', 'Shoulder_Lapbelt']",1,1,Invalid,2.0,0.0,23.0,23.0,['Male'],2,0,3,4,3,Dry,Curve,Level,Lowest,No
28113,42,Pennsylvania,420643,0,1,1,0,2,PHILADELPHIA,June,7,Wednesday,23,28,Urban,High Speed (Arterial),Yes,40.00519167,-75.19480278,Non-Intersection,Dark - Lighted,Clear,11:00pm-11:59pm,31,11:00pm-11:59pm,48,0:00am-0:59am,14,1,Dark - Lighted,Clear,1,1,['Front_Passenger'],['None_Used'],1,1,Valid,0.0,0.0,18.0,18.0,['Male'],2,0,3,4,3,Dry,Curve,Grade/Hillcrest,Lowest,No
28114,42,Pennsylvania,420644,0,1,1,0,1,NOT APPLICABLE,June,8,Thursday,14,52,Rural,Medium Speed (Collector),No,40.09592222,-80.32542222,Non-Intersection,Daylight,Clear,Unknown,Unknown,Unknown EMS Scene Arrival Hour,Unknown EMS Scene Arrival Minutes,Unknown,Unknown EMS Hospital Arrival Time,1,Daylight,Clear,1,0,['Driver'],['None_Used'],0,0,Valid,1.0,0.0,32.0,32.0,['Male'],1,0,2,4,3,Dry,Straight,Level,Lowest,Yes
28115,42,Pennsylvania,420645,0,2,2,0,4,NOT APPLICABLE,August,11,Friday,23,45,Urban,Medium Speed (Collector),No,39.991075,-79.08270278,Non-Intersection,Dark - Not Lighted,Clear,Unknown,Unknown,Unknown EMS Scene Arrival Hour,Unknown EMS Scene Arrival Minutes,Unknown,Unknown EMS Hospital Arrival Time,2,Dark - Unlighted,Clear,2,2,"['Driver', 'Front_Passenger']","['None_Used', 'None_Used']",1,1,Valid,0.0,0.0,21.0,17.0,"['Male', 'Male']",2,0,3,4,5,Dry,Curve,Level,Lowest,No
28116,42,Pennsylvania,420646,0,1,1,0,1,NOT APPLICABLE,September,1,Friday,21,16,Rural,Medium Speed (Collector),No,40.37688333,-79.45726389,Non-Intersection,Dark - Not Lighted,Clear,Unknown,Unknown,Unknown EMS Scene Arrival Hour,Unknown EMS Scene Arrival Minutes,Not Applicable (Not Transported),Not Applicable (Not Transported),1,Dark - Unlighted,Clear,1,0,['Driver'],['None_Used'],1,1,Invalid,0.0,1.0,44.0,44.0,['Male'],0,0,5,4,3,Dry,Curve,Grade/Hillcrest,Lowest,No
28117,42,Pennsylvania,420647,0,2,2,0,3,NOT APPLICABLE,September,1,Friday,13,55,Rural,Medium Speed (Collector),No,41.42912222,-77.00976389,Non-Intersection,Daylight,Clear,1:00pm-1:59pm,52,1:00pm-1:59pm,59,Unknown,Unknown EMS Hospital Arrival Time,1,Daylight,Clear,1,2,['Driver'],['Shoulder_Lapbelt'],0,0,Valid,0.0,1.0,67.0,29.0,"['Male', 'Male']",0,0,3,4,5,Dry,Straight,Level,Lowest,No
28118,42,Pennsylvania,420648,0,1,1,0,1,NOT APPLICABLE,September,1,Friday,13,25,Rural,Medium Speed (Collector),No,40.36783333,-77.33808333,Non-Intersection,Daylight,Clear,Unknown,Unknown,Unknown EMS Scene Arrival Hour,Unknown EMS Scene Arrival Minutes,Not Applicable (Not Transported),Not Applicable (Not Transported),1,Daylight,Clear,1,0,['Driver'],['None_Used'],0,0,Invalid,0.0,0.0,36.0,36.0,['Male'],1,0,5,4,3,Dry,Straight,Level,Lowest,No
28119,42,Pennsylvania,420649,1,1,1,0,1,WEST READING,August,13,Sunday,1,40,Urban,High Speed (Arterial),Yes,40.33563056,-75.94608889,Non-Intersection,Dark - Lighted,Clear,Unknown,Unknown,Unknown EMS Scene Arrival Hour,Unknown EMS Scene Arrival Minutes,Unknown,Unknown EMS Hospital Arrival Time,1,Dark - Lighted,Clear,0,1,[],[],0,0,Valid,0.0,0.0,20.0,20.0,['Male'],0,0,2,2,4,Wet/Standing Water,Straight,Level,Lowest,No
28120,42,Pennsylvania,420650,0,1,1,0,1,STROUDSBURG,September,1,Friday,19,37,Urban,High Speed (Arterial),No,40.98524167,-75.19043889,Non-Intersection,Daylight,Clear,Unknown,Unknown,Unknown EMS Scene Arrival Hour,Unknown EMS Scene Arrival Minutes,Unknown,Unknown EMS Hospital Arrival Time,1,Daylight,Clear,1,0,['Driver'],['None_Used'],0,0,Valid,0.0,0.0,46.0,46.0,['Male'],1,0,5,4,3,Dry,Straight,Level,Lowest,No
28121,42,Pennsylvania,420651,1,1,1,0,1,ALLENTOWN,August,17,Thursday,23,5,Urban,High Speed (Arterial),Yes,40.61374722,-75.46933889,Complex/Circle,Dark - Not Lighted,Cloudy,Unknown,Unknown,Unknown EMS Scene Arrival Hour,Unknown EMS Scene Arrival Minutes,Unknown,Unknown EMS Hospital Arrival Time,1,Dark - Unlighted,Reduced Visibility,0,0,[],[],0,0,Invalid,0.0,0.0,999.0,999.0,['Other'],0,0,3,0,4,Dry,Straight,Grade/Hillcrest,Lowest,No
28122,42,Pennsylvania,420652,0,1,1,0,1,NOT APPLICABLE,September,2,Saturday,4,9,Urban,High Speed (Arterial),Yes,40.61518333,-79.75578333,Non-Intersection,Dark - Lighted,Clear,Unknown,Unknown,Unknown EMS Scene Arrival Hour,Unknown EMS Scene Arrival Minutes,Not Applicable (Not Transported),Not Applicable (Not Transported),1,Dark - Lighted,Clear,1,0,['Driver'],['Shoulder_Lapbelt'],0,0,Valid,1.0,0.0,28.0,28.0,['Male'],1,0,3,4,3,Dry,Curve,Grade/Hillcrest,Lowest,No
28123,42,Pennsylvania,420653,0,2,2,0,5,"GREENE, TOWNSHIP",September,2,Saturday,20,4,Urban,High Speed (Arterial),Yes,39.90741667,-77.54797222,Non-Intersection,Dusk,Clear,Unknown,Unknown,Unknown EMS Scene Arrival Hour,Unknown EMS Scene Arrival Minutes,Unknown,Unknown EMS Hospital Arrival Time,2,Twilight,Clear,2,3,"['Driver', 'Rear_Seat']","['None_Used', 'Shoulder_Lapbelt']",1,1,Valid,0.0,0.0,71.0,27.0,"['Male', 'Male']",0,0,3,4,5,Dry,Straight,Level,Lowest,No
28124,42,Pennsylvania,420654,1,1,1,0,2,NOT APPLICABLE,September,2,Saturday,20,42,Urban,High Speed (Arterial),Yes,40.45558333,-75.36560833,Non-Intersection,Dark - Not Lighted,Clear,8:00pm-8:59pm,43,8:00pm-8:59pm,52,Not Applicable (Not Transported),Not Applicable (Not Transported),1,Dark - Unlighted,Clear,0,2,[],[],0,0,Valid,0.0,0.0,42.0,42.0,['Male'],0,0,3,3,4,Dry,Straight,Level,Lowest,No
28125,42,Pennsylvania,420655,0,1,1,0,1,NOT APPLICABLE,September,4,Monday,2,52,Urban,Low Speed (Local),No,40.07897222,-76.27116667,Non-Intersection,Dark - Not Lighted,Clear,Unknown,Unknown,Unknown EMS Scene Arrival Hour,Unknown EMS Scene Arrival Minutes,Not Applicable (Not Transported),Not Applicable (Not Transported),1,Dark - Unlighted,Clear,1,0,['Driver'],['Shoulder_Lapbelt'],1,1,Valid,0.0,1.0,24.0,24.0,['Male'],1,0,2,4,3,Dry,Curve,Level,Lowest,No
28126,42,Pennsylvania,420656,0,1,1,0,1,HALLAM,September,3,Sunday,0,14,Rural,Medium Speed (Collector),No,40.04183333,-76.61161111,Non-Intersection,Dark - Not Lighted,Clear,Not Applicable (Not Notified),Not Applicable (Not Notified),Not Applicable,Not Applicable,Not Applicable (Not Transported),Not Applicable (Not Transported),1,Dark - Unlighted,Clear,1,0,['Driver'],['None_Used'],1,1,Invalid,1.0,0.0,38.0,38.0,['Male'],1,0,5,4,2,Dry,Curve,Grade/Hillcrest,Lowest,No
28127,42,Pennsylvania,420657,0,1,1,0,1,NOT APPLICABLE,September,2,Saturday,20,52,Rural,Medium Speed (Collector),No,41.56980556,-75.73455556,Non-Intersection,Dark - Not Lighted,Clear,8:00pm-8:59pm,45,9:00pm-9:59pm,2,9:00pm-9:59pm,26,1,Dark - Unlighted,Clear,1,0,['Driver'],['None_Used'],0,0,Valid,2.0,1.0,28.0,28.0,['Male'],1,0,5,3,3,Dry,Curve,Level,Lowest,No