,State_Code,State_Name,Crash_ID,Count_Non_Motorists,Count_Vehicles_Total,Count_Vehicle_Forms,Count_PVH_Involved,Count_Occupants_MV,City_Name,Month_Name,Day_of_Month,Day_of_Week,Crash_Hour,Crash_Minute,Area_Rural_Urban,Road_Functional_Class,On_NHS_Road,Latitude,Longitude,Intersection_Type,Light_Condition,Weather_Condition,Notif_Hour,Notif_Minute,Arrival_Hour,Arrival_Minute,Hospital_Hour,Hospital_Minute,Fatalities_Count,Clean_Light_Condition,Clean_Weather_Condition,Total_Killed,Total_Alive,Fatal_Seats_List,Killed_Restraint_List,Any_Driver_Drinking,Total_Drinking_Drivers,Driver_License_Category,Driver_Max_Prev_Accident_Count,Driver_Max_Prev_Speeding_Count,Max_Driver_Age,Min_Driver_Age,Driver_Sex_List,Total_Exceeding_Limit_Vehicles,Total_Too_Fast_Vehicles,Max_Vehicle_Type_Severity_5,Max_Vehicle_Damage_Rank,Max_Harmful_Event_Severity,Crash_Road_Surface_Condition,Crash_Horizontal_Alignment,Crash_Vertical_Profile,Crash_Impairment_Category,Crash_Vehicle_Defect
28128,42,Pennsylvania,420658,0,3,3,0,3,READING,September,2,Saturday,14,30,Urban,High Speed (Arterial),Yes,40.32326389,-75.92878889,Non-Intersection,Daylight,Clear,Unknown,Unknown,Unknown EMS Scene Arrival Hour,Unknown EMS Scene Arrival Minutes,Unknown,Unknown EMS Hospital Arrival Time,1,Daylight,Clear,1,2,['Driver'],['None_Used'],0,0,Valid,1.0,2.0,33.0,18.0,"['Male', 'Male', 'Male']",0,0,5,4,5,Dry,Straight,Level,Lowest,No
28129,42,Pennsylvania,420659,0,2,2,0,9,NOT APPLICABLE,September,3,Sunday,5,24,Rural,High Speed (Arterial),Yes,39.80166667,-79.55325,Simple Junction,Dark - Not Lighted,Clear,Unknown,Unknown,Unknown EMS Scene Arrival Hour,Unknown EMS Scene Arrival Minutes,Unknown,Unknown EMS Hospital Arrival Time,2,Dark - Unlighted,Clear,2,7,"['Driver', 'Rear_Seat']","['Shoulder_Lapbelt', 'Shoulder_Lapbelt']",1,1,Invalid,0.0,0.0,31.0,22.0,"['Male', 'Male']",0,0,3,4,5,Dry,Straight,Level,Lowest,No
28130,42,Pennsylvania,420660,1,1,1,0,1,NOT APPLICABLE,September,2,Saturday,23,13,Urban,Medium Speed (Collector),No,40.04411111,-76.27097222,Non-Intersection,Dark - Not Lighted,Clear,Unknown,Unknown,Unknown EMS Scene Arrival Hour,Unknown EMS Scene Arrival Minutes,Unknown,Unknown EMS Hospital Arrival Time,1,Dark - Unlighted,Clear,0,1,[],[],1,1,Valid,0.0,0.0,34.0,34.0,['Male'],0,0,2,2,4,Dry,Straight,Grade/Hillcrest,Lowest,No
28131,42,Pennsylvania,420661,0,2,2,0,2,NOT APPLICABLE,August,12,Saturday,12,44,Rural,Medium Speed (Collector),No,40.65806667,-77.62348333,Non-Intersection,Daylight,Clear,12:00pm-12:59pm,45,12:00pm-12:59pm,54,1:00pm-1:59pm,28,1,Daylight,Clear,1,1,['Driver'],['Shoulder_Lapbelt'],0,0,Valid,0.0,0.0,65.0,18.0,"['Female', 'Male']",0,0,3,4,5,Dry,Straight,Level,Lowest,No
28132,42,Pennsylvania,420662,0,2,2,0,3,NOT APPLICABLE,August,13,Sunday,1,30,Rural,Medium Speed (Collector),No,41.50906944,-75.84558889,Non-Intersection,Dark - Not Lighted,Clear,1:00am-1:59am,35,1:00am-1:59am,51,2:00am-2:59am,47,1,Dark - Unlighted,Clear,1,2,['Front_Passenger'],['Shoulder_Lapbelt'],1,1,Valid,0.0,1.0,61.0,20.0,"['Male', 'Male']",2,0,2,4,5,Dry,Curve,Grade/Hillcrest,Lowest,No
28133,42,Pennsylvania,420663,1,1,1,0,1,ERIE,August,12,Saturday,2,19,Urban,Low Speed (Local),No,42.11657222,-80.07839444,Non-Intersection,Dark - Lighted,Clear,Unknown,Unknown,Unknown EMS Scene Arrival Hour,Unknown EMS Scene Arrival Minutes,Unknown,Unknown EMS Hospital Arrival Time,1,Dark - Lighted,Clear,0,1,[],[],1,1,Valid,0.0,0.0,35.0,35.0,['Male'],1,0,2,4,4,Dry,Straight,Grade/Hillcrest,Lowest,No
28134,42,Pennsylvania,420664,1,1,1,0,1,JOHNSTOWN,August,18,Friday,23,20,Urban,High Speed (Arterial),Yes,40.33718333,-78.89668889,Simple Junction,Dark - Lighted,Clear,Unknown,Unknown,Unknown EMS Scene Arrival Hour,Unknown EMS Scene Arrival Minutes,Unknown,Unknown EMS Hospital Arrival Time,1,Dark - Lighted,Clear,0,1,[],[],0,0,Valid,1.0,0.0,78.0,78.0,['Male'],0,0,2,2,4,Dry,Straight,Level,Lowest,No
28135,42,Pennsylvania,420665,1,1,1,0,1,LEWISTOWN,August,18,Friday,14,58,Urban,Medium Speed (Collector),No,40.60168056,-77.57117778,Non-Intersection,Daylight,Clear,Unknown,Unknown,Unknown EMS Scene Arrival Hour,Unknown EMS Scene Arrival Minutes,Unknown,Unknown EMS Hospital Arrival Time,1,Daylight,Clear,0,1,[],[],0,0,Valid,1.0,0.0,58.0,58.0,['Male'],0,0,3,2,4,Dry,Straight,Level,Lowest,No
28136,42,Pennsylvania,420666,1,1,1,0,4,NOT APPLICABLE,September,3,Sunday,12,59,Rural,Low Speed (Local),No,40.692475,-75.37637222,Complex/Circle,Daylight,Clear,Unknown,Unknown,Unknown EMS Scene Arrival Hour,Unknown EMS Scene Arrival Minutes,Unknown,Unknown EMS Hospital Arrival Time,1,Daylight,Clear,0,4,[],[],0,0,Valid,0.0,1.0,35.0,35.0,['Male'],0,0,2,3,4,Dry,Straight,Grade/Hillcrest,Lowest,No
28137,42,Pennsylvania,420667,0,2,2,0,5,NOT APPLICABLE,August,16,Wednesday,1,51,Rural,Medium Speed (Collector),No,40.94214167,-79.84544167,Non-Intersection,Dark - Not Lighted,Rain,Unknown,Unknown,Unknown EMS Scene Arrival Hour,Unknown EMS Scene Arrival Minutes,Unknown,Unknown EMS Hospital Arrival Time,1,Dark - Unlighted,Rain/Wind/Minor,1,4,['Driver'],['Shoulder_Lapbelt'],0,0,Valid,1.0,1.0,50.0,20.0,"['Female', 'Male']",4,0,4,4,2,Wet/Standing Water,Curve,Grade/Hillcrest,Lowest,No
28138,42,Pennsylvania,420668,0,2,2,0,2,BELLWOOD,August,18,Friday,10,53,Urban,Medium Speed (Collector),No,40.60435833,-78.33707778,Non-Intersection,Daylight,Clear,10:00am-10:59am,53,11:00am-11:59am,0,11:00am-11:59am,18,1,Daylight,Clear,1,1,['Driver'],['None_Used'],0,0,Valid,0.0,0.0,49.0,36.0,"['Male', 'Male']",0,0,5,4,5,Dry,Straight,Grade/Hillcrest,Lowest,No
28139,42,Pennsylvania,420669,0,2,2,0,2,NOT APPLICABLE,August,18,Friday,13,19,Urban,Medium Speed (Collector),No,40.7463,-75.62271667,Non-Intersection,Daylight,Clear,Unknown,Unknown,Unknown EMS Scene Arrival Hour,Unknown EMS Scene Arrival Minutes,Unknown,Unknown EMS Hospital Arrival Time,1,Daylight,Clear,1,1,['Driver'],['None_Used'],0,0,Valid,0.0,0.0,72.0,26.0,"['Male', 'Male']",1,0,5,4,5,Dry,Curve,Grade/Hillcrest,Lowest,No
28140,42,Pennsylvania,420670,0,2,2,0,2,NOT APPLICABLE,August,19,Saturday,15,40,Rural,Medium Speed (Collector),No,41.94682222,-80.13222778,Non-Intersection,Daylight,Clear,3:00pm-3:59pm,40,3:00pm-3:59pm,53,Not Applicable (Not Transported),Not Applicable (Not Transported),1,Daylight,Clear,1,1,['Driver'],['None_Used'],0,0,Valid,0.0,0.0,72.0,30.0,"['Male', 'Male']",0,0,5,4,5,Dry,Straight,Level,Lowest,No
28141,42,Pennsylvania,420671,1,1,1,0,1,NOT APPLICABLE,August,20,Sunday,12,47,Rural,Medium Speed (Collector),No,42.19793611,-79.88200833,Non-Intersection,Daylight,Clear,Unknown,Unknown,Unknown EMS Scene Arrival Hour,Unknown EMS Scene Arrival Minutes,Unknown,Unknown EMS Hospital Arrival Time,1,Daylight,Clear,0,1,[],[],1,1,Invalid,1.0,0.0,41.0,41.0,['Male'],1,0,3,4,4,Dry,Straight,Level,Lowest,No
28142,42,Pennsylvania,420672,0,2,2,0,2,PHILADELPHIA,August,21,Monday,3,22,Urban,High Speed (Arterial),Yes,39.99238611,-75.14216667,Complex/Circle,Dark - Lighted,Clear,3:00am-3:59am,12,3:00am-3:59am,20,Not Applicable (Not Transported),Not Applicable (Not Transported),1,Dark - Lighted,Clear,1,1,['Driver'],['None_Used'],1,1,Invalid,0.0,0.0,46.0,38.0,"['Male', 'Male']",1,0,5,4,5,Dry,Straight,Level,Lowest,No
28143,42,Pennsylvania,420673,0,1,1,0,1,NOT APPLICABLE,August,7,Monday,10,25,Rural,Medium Speed (Collector),No,39.78966944,-76.20370278,Non-Intersection,Daylight,Reported as Unknown,Unknown,Unknown,Unknown EMS Scene Arrival Hour,Unknown EMS Scene Arrival Minutes,Not Applicable (Not Transported),Not Applicable (Not Transported),1,Daylight,Clear,1,0,['Driver'],['None_Used'],0,0,Valid,0.0,1.0,37.0,37.0,['Male'],0,0,5,0,2,Dry,Curve,Grade/Hillcrest,Lowest,Yes
28144,42,Pennsylvania,420674,0,1,1,0,1,NOT APPLICABLE,August,8,Tuesday,12,57,Urban,Medium Speed (Collector),No,40.6713,-75.32828333,Non-Intersection,Daylight,Clear,Unknown,Unknown,Unknown EMS Scene Arrival Hour,Unknown EMS Scene Arrival Minutes,Unknown,Unknown EMS Hospital Arrival Time,1,Daylight,Clear,1,0,['Driver'],['None_Used'],0,0,Invalid,0.0,0.0,64.0,64.0,['Male'],0,0,2,4,3,Dry,Straight,Level,Lowest,No
28145,42,Pennsylvania,420675,0,1,1,0,1,NOT APPLICABLE,August,9,Wednesday,18,5,Rural,Medium Speed (Collector),No,40.68877222,-79.83523333,Simple Junction,Daylight,Clear,Unknown,Unknown,Unknown EMS Scene Arrival Hour,Unknown EMS Scene Arrival Minutes,Unknown,Unknown EMS Hospital Arrival Time,1,Daylight,Clear,1,0,['Driver'],['Shoulder_Lapbelt'],0,0,Valid,0.0,0.0,84.0,84.0,['Male'],0,0,3,4,2,Dry,Straight,Level,Medium,No
28146,42,Pennsylvania,420676,0,1,1,0,1,NOT APPLICABLE,August,12,Saturday,10,32,Urban,Medium Speed (Collector),No,40.15671667,-74.80465,Non-Intersection,Daylight,Clear,10:00am-10:59am,33,10:00am-10:59am,39,10:00am-10:59am,56,1,Daylight,Clear,1,0,['Driver'],['None_Used'],0,0,Valid,0.0,0.0,32.0,32.0,['Male'],1,0,5,4,3,Dry,Curve,Level,Lowest,No
28147,42,Pennsylvania,420677,1,1,1,0,2,NOT APPLICABLE,September,4,Monday,21,15,Urban,High Speed (Arterial),Yes,39.96646111,-76.77518611,Non-Intersection,Dark - Lighted,Clear,Unknown,Unknown,Unknown EMS Scene Arrival Hour,Unknown EMS Scene Arrival Minutes,Unknown,Unknown EMS Hospital Arrival Time,1,Dark - Lighted,Clear,0,2,[],[],1,1,Valid,0.0,0.0,69.0,69.0,['Male'],0,0,3,3,4,Dry,Straight,Level,Lowest,No
28148,42,Pennsylvania,420678,1,1,1,0,1,NOT APPLICABLE,September,4,Monday,19,55,Urban,High Speed (Arterial),Yes,40.17841667,-74.82636111,Non-Intersection,Dark - Lighted,Clear,7:00pm-7:59pm,54,7:00pm-7:59pm,59,Not Applicable (Not Transported),Not Applicable (Not Transported),1,Dark - Lighted,Clear,0,1,[],[],0,0,Valid,1.0,1.0,21.0,21.0,['Male'],0,0,2,2,4,Dry,Straight,Level,Lowest,No
28149,42,Pennsylvania,420679,0,2,2,0,2,NOT APPLICABLE,September,4,Monday,16,53,Rural,Medium Speed (Collector),No,40.19633333,-77.07811389,Non-Intersection,Daylight,Clear,Unknown,Unknown,Unknown EMS Scene Arrival Hour,Unknown EMS Scene Arrival Minutes,Unknown,Unknown EMS Hospital Arrival Time,1,Daylight,Clear,1,1,['Driver'],['Shoulder_Lapbelt'],0,0,Valid,1.0,0.0,78.0,32.0,"['Male', 'Male']",1,0,3,4,5,Dry,Straight,Non-Trafficway,Lowest,No
28150,42,Pennsylvania,420680,0,1,1,0,1,NOT APPLICABLE,September,5,Tuesday,20,16,Rural,Low Speed (Local),No,41.36688889,-80.4985,Non-Intersection,Dusk,Clear,Unknown,Unknown,Unknown EMS Scene Arrival Hour,Unknown EMS Scene Arrival Minutes,Not Applicable (Not Transported),Not Applicable (Not Transported),1,Twilight,Clear,1,0,['Driver'],['None_Used'],1,1,Valid,0.0,0.0,64.0,64.0,['Male'],1,0,5,4,3,Loose/Unpaved,Straight,Grade/Hillcrest,Lowest,No
28151,42,Pennsylvania,420681,0,2,2,0,3,ROSS TOWNSHIP,September,5,Tuesday,23,9,Urban,High Speed (Arterial),Yes,40.52996944,-80.00941111,Non-Intersection,Dark - Lighted,Clear,Unknown,Unknown,Unknown EMS Scene Arrival Hour,Unknown EMS Scene Arrival Minutes,Unknown,Unknown EMS Hospital Arrival Time,1,Dark - Lighted,Clear,1,2,['Front_Passenger'],['Shoulder_Lapbelt'],0,0,Valid,0.0,0.0,68.0,55.0,"['Male', 'Male']",2,0,3,4,5,Dry,Curve,Level,Lowest,No
28152,42,Pennsylvania,420682,0,1,1,0,2,NOT APPLICABLE,October,2,Monday,19,54,Rural,Low Speed (Local),No,41.380175,-80.05577778,Non-Intersection,Dark - Not Lighted,Clear,Unknown,Unknown,Unknown EMS Scene Arrival Hour,Unknown EMS Scene Arrival Minutes,Unknown,Unknown EMS Hospital Arrival Time,1,Dark - Unlighted,Clear,1,1,['Driver'],['None_Used'],1,1,Valid,0.0,0.0,31.0,31.0,['Male'],0,0,5,4,3,Dry,Straight,Grade/Hillcrest,Lowest,No
28153,42,Pennsylvania,420683,1,1,1,0,2,PHILADELPHIA,September,5,Tuesday,20,50,Urban,Medium Speed (Collector),No,39.98169444,-75.1175,Complex/Circle,Dark - Lighted,Clear,8:00pm-8:59pm,49,8:00pm-8:59pm,53,9:00pm-9:59pm,21,1,Dark - Lighted,Clear,0,2,[],[],0,0,Invalid,0.0,0.0,999.0,999.0,['Male'],0,0,2,3,4,Dry,Straight,Level,Lowest,No
28154,42,Pennsylvania,420684,1,1,1,0,1,PHILADELPHIA,September,6,Wednesday,22,34,Urban,High Speed (Arterial),Yes,40.03908333,-75.15008333,Complex/Circle,Dark - Lighted,Clear,10:00pm-10:59pm,36,10:00pm-10:59pm,41,Not Applicable (Not Transported),Not Applicable (Not Transported),1,Dark - Lighted,Clear,0,1,[],[],1,1,Valid,0.0,0.0,56.0,56.0,['Male'],0,0,2,3,4,Dry,Straight,Level,Lowest,No
28155,42,Pennsylvania,420685,0,2,2,0,2,NOT APPLICABLE,November,18,Saturday,14,52,Urban,Medium Speed (Collector),No,40.20756389,-74.80323889,Complex/Circle,Daylight,Clear,2:00pm-2:59pm,52,2:00pm-2:59pm,57,3:00pm-3:59pm,18,1,Daylight,Clear,1,1,['Driver'],['None_Used'],0,0,Valid,0.0,0.0,72.0,50.0,"['Male', 'Female']",0,0,5,4,5,Dry,Straight,Level,Lowest,No
28156,42,Pennsylvania,420686,0,2,2,0,2,NOT APPLICABLE,September,6,Wednesday,7,30,Rural,High Speed (Arterial),Yes,40.67279444,-76.28194444,Non-Intersection,Daylight,Clear,Unknown,Unknown,Unknown EMS Scene Arrival Hour,Unknown EMS Scene Arrival Minutes,Not Applicable (Not Transported),Not Applicable (Not Transported),1,Daylight,Clear,1,1,['Driver'],['Shoulder_Lapbelt'],0,0,Valid,1.0,3.0,65.0,57.0,"['Male', 'Male']",0,0,4,4,5,Dry,Straight,Grade/Hillcrest,Lowest,No
28157,42,Pennsylvania,420687,0,2,2,0,2,NOT APPLICABLE,September,6,Wednesday,13,3,Urban,High Speed (Arterial),Yes,40.60688889,-79.94717222,Non-Intersection,Daylight,Clear,Unknown,Unknown,Unknown EMS Scene Arrival Hour,Unknown EMS Scene Arrival Minutes,Unknown,Unknown EMS Hospital Arrival Time,1,Daylight,Clear,1,1,['Driver'],['None_Used'],0,0,Valid,0.0,0.0,79.0,51.0,"['Male', 'Female']",0,0,3,4,5,Dry,Straight,Non-Trafficway,Lowest,No
28158,42,Pennsylvania,420688,1,1,1,0,1,PHILADELPHIA,September,6,Wednesday,7,49,Urban,Low Speed (Local),No,39.99591667,-75.13394444,Complex/Circle,Daylight,Clear,7:00am-7:59am,51,8:00am-8:59am,0,8:00am-8:59am,16,1,Daylight,Clear,0,1,[],[],0,0,Invalid,0.0,0.0,22.0,22.0,['Male'],0,0,1,1,4,Dry,Straight,Level,Lowest,No
28159,42,Pennsylvania,420689,0,2,2,0,6,NOT APPLICABLE,August,18,Friday,9,5,Rural,Low Speed (Local),No,40.00281667,-76.75564444,Simple Junction,Daylight,Clear,Unknown,Unknown,Unknown EMS Scene Arrival Hour,Unknown EMS Scene Arrival Minutes,Unknown,Unknown EMS Hospital Arrival Time,1,Daylight,Clear,1,5,['Driver'],['Shoulder_Only'],0,0,Valid,1.0,0.0,88.0,34.0,"['Female', 'Female']",0,0,3,4,5,Dry,Straight,Grade/Hillcrest,Medium,No
28160,42,Pennsylvania,420690,0,2,2,0,2,NOT APPLICABLE,August,19,Saturday,1,45,Urban,High Speed (Arterial),Yes,40.30153889,-76.87665278,Non-Intersection,Dark - Lighted,Clear,Unknown,Unknown,Unknown EMS Scene Arrival Hour,Unknown EMS Scene Arrival Minutes,Not Applicable (Not Transported),Not Applicable (Not Transported),1,Dark - Lighted,Clear,1,1,['Driver'],['None_Used'],1,1,Valid,0.0,0.0,55.0,34.0,"['Male', 'Male']",0,0,4,4,5,Dry,Curve,Level,Lowest,No
28161,42,Pennsylvania,420691,1,1,1,0,1,KINGSTON,September,6,Wednesday,20,53,Urban,High Speed (Arterial),Yes,41.274,-75.88386111,Non-Intersection,Dark - Lighted,Clear,8:00pm-8:59pm,59,9:00pm-9:59pm,1,9:00pm-9:59pm,18,1,Dark - Lighted,Clear,0,1,[],[],0,0,Valid,0.0,0.0,72.0,72.0,['Female'],0,0,2,3,4,Dry,Straight,Level,Lowest,No
28162,42,Pennsylvania,420692,0,2,2,0,3,NOT APPLICABLE,August,19,Saturday,14,16,Rural,High Speed (Arterial),Yes,41.55414167,-80.37239722,Non-Intersection,Daylight,Clear,Unknown,Unknown,Unknown EMS Scene Arrival Hour,Unknown EMS Scene Arrival Minutes,Unknown,Unknown EMS Hospital Arrival Time,1,Daylight,Clear,1,2,['Driver'],['None_Used'],0,0,Valid,0.0,0.0,80.0,62.0,"['Male', 'Male']",0,0,5,4,5,Dry,Straight,Non-Trafficway,Lowest,No
28163,42,Pennsylvania,420693,0,1,1,0,3,PHILADELPHIA,September,7,Thursday,18,15,Urban,High Speed (Arterial),Yes,39.96017222,-75.13719444,Simple Junction,Daylight,Clear,6:00pm-6:59pm,16,6:00pm-6:59pm,20,6:00pm-6:59pm,36,1,Daylight,Clear,1,2,['Driver'],['Shoulder_Lapbelt'],0,0,Valid,0.0,0.0,58.0,58.0,['Male'],0,0,2,4,2,Dry,Straight,Level,Lowest,No
28164,42,Pennsylvania,420694,0,2,2,0,2,NOT APPLICABLE,September,8,Friday,6,37,Urban,Medium Speed (Collector),No,39.99811111,-75.26038889,Complex/Circle,Daylight,Clear,6:00am-6:59am,39,6:00am-6:59am,45,7:00am-7:59am,5,1,Daylight,Clear,1,1,['Driver'],['Shoulder_Only'],1,1,Valid,1.0,0.0,75.0,56.0,"['Male', 'Male']",0,0,3,4,5,Dry,Straight,Level,Medium,No
28165,42,Pennsylvania,420695,0,1,1,0,1,NOT APPLICABLE,September,8,Friday,19,27,Rural,Medium Speed (Collector),No,40.70740833,-75.88746944,Non-Intersection,Dusk,Clear,Unknown,Unknown,Unknown EMS Scene Arrival Hour,Unknown EMS Scene Arrival Minutes,Unknown,Unknown EMS Hospital Arrival Time,1,Twilight,Clear,1,0,['Driver'],['None_Used'],0,0,Valid,0.0,0.0,63.0,63.0,['Male'],1,0,5,4,1,Dry,Straight,Level,Lowest,No
28166,42,Pennsylvania,420696,0,1,1,0,1,NOT APPLICABLE,September,9,Saturday,18,21,Rural,Medium Speed (Collector),No,41.94058333,-77.71036111,Non-Intersection,Daylight,Rain,Unknown,Unknown,Unknown EMS Scene Arrival Hour,Unknown EMS Scene Arrival Minutes,Not Applicable (Not Transported),Not Applicable (Not Transported),1,Daylight,Rain/Wind/Minor,1,0,['Driver'],['None_Used'],1,1,Valid,0.0,0.0,66.0,66.0,['Male'],1,0,3,4,3,Wet/Standing Water,Curve,Grade/Hillcrest,Lowest,No
28167,42,Pennsylvania,420697,0,1,1,0,4,NOT APPLICABLE,September,9,Saturday,22,39,Rural,High Speed (Arterial),Yes,41.09605,-75.74298333,Non-Intersection,Dark - Not Lighted,Rain,Unknown,Unknown,Unknown EMS Scene Arrival Hour,Unknown EMS Scene Arrival Minutes,Unknown,Unknown EMS Hospital Arrival Time,1,Dark - Unlighted,Rain/Wind/Minor,1,3,['Front_Passenger'],['None_Used'],0,0,Valid,0.0,0.0,60.0,60.0,['Male'],4,0,3,4,3,Wet/Standing Water,Straight,Grade/Hillcrest,Lowest,No
28168,42,Pennsylvania,420698,1,1,1,0,1,NOT APPLICABLE,September,9,Saturday,12,31,Rural,High Speed (Arterial),Yes,40.63219444,-78.27925,Non-Intersection,Daylight,Clear,12:00pm-12:59pm,32,12:00pm-12:59pm,36,Not Applicable (Not Transported),Not Applicable (Not Transported),1,Daylight,Clear,0,1,[],[],0,0,Valid,0.0,0.0,86.0,86.0,['Female'],0,0,3,4,4,Dry,Straight,Level,Lowest,No
28169,42,Pennsylvania,420699,0,2,1,1,2,PHILADELPHIA,September,9,Saturday,19,57,Urban,Low Speed (Local),No,39.94394444,-75.21397222,Simple Junction,Dark - Lighted,Rain,7:00pm-7:59pm,45,8:00pm-8:59pm,1,8:00pm-8:59pm,16,1,Dark - Lighted,Rain/Wind/Minor,1,1,['Driver'],['Shoulder_Lapbelt'],0,0,Valid,0.0,0.0,46.0,46.0,['Male'],2,0,2,4,5,Wet/Standing Water,Straight,Level,Lowest,No
28170,42,Pennsylvania,420700,0,1,1,0,1,NOT APPLICABLE,September,10,Sunday,15,55,Rural,High Speed (Arterial),Yes,40.42461111,-80.31388889,Non-Intersection,Daylight,Clear,Unknown,Unknown,Unknown EMS Scene Arrival Hour,Unknown EMS Scene Arrival Minutes,Not Applicable (Not Transported),Not Applicable (Not Transported),1,Daylight,Clear,1,0,['Driver'],['None_Used'],1,1,Valid,0.0,0.0,52.0,52.0,['Male'],1,0,5,4,2,Dry,Straight,Level,Lowest,No
28171,42,Pennsylvania,420701,0,1,1,0,1,NOT APPLICABLE,September,10,Sunday,7,18,Rural,Low Speed (Local),No,40.45320833,-77.98631944,Non-Intersection,Dawn,Reported as Unknown,7:00am-7:59am,16,7:00am-7:59am,30,Not Applicable (Not Transported),Not Applicable (Not Transported),1,Twilight,Clear,1,0,['Driver'],['None_Used'],1,1,Valid,1.0,1.0,21.0,21.0,['Male'],0,0,3,4,3,Wet/Standing Water,Curve,Level,Lowest,No
28172,42,Pennsylvania,420702,0,1,1,0,2,NOT APPLICABLE,June,9,Friday,23,18,Urban,Medium Speed (Collector),No,39.96483333,-75.93363333,Non-Intersection,Dark - Not Lighted,Clear,11:00pm-11:59pm,19,11:00pm-11:59pm,23,0:00am-0:59am,5,1,Dark - Unlighted,Clear,1,1,['Front_Passenger'],['None_Used'],0,0,Valid,0.0,0.0,18.0,18.0,['Female'],2,0,3,4,3,Dry,Straight,Level,Lowest,No
28173,42,Pennsylvania,420703,0,2,1,1,1,WEST MIFFLIN,August,20,Sunday,0,53,Rural,Low Speed (Local),No,40.32441667,-79.90833333,Non-Intersection,Dark - Lighted,Clear,Not Applicable (Not Notified),Not Applicable (Not Notified),Not Applicable,Not Applicable,Not Applicable (Not Transported),Not Applicable (Not Transported),1,Dark - Lighted,Clear,1,0,['Driver'],['None_Used'],0,0,Valid,0.0,0.0,53.0,53.0,['Male'],0,0,5,3,5,Dry,Straight,Level,Lowest,No
28174,42,Pennsylvania,420704,0,2,2,0,3,NOT APPLICABLE,August,20,Sunday,20,3,Rural,Medium Speed (Collector),No,39.76136667,-76.12876389,Complex/Circle,Dark - Not Lighted,Clear,Unknown,Unknown,Unknown EMS Scene Arrival Hour,Unknown EMS Scene Arrival Minutes,Unknown,Unknown EMS Hospital Arrival Time,1,Dark - Unlighted,Clear,1,1,['Front_Passenger'],['Shoulder_Lapbelt'],0,0,Valid,0.0,0.0,46.0,21.0,"['Male', 'Male']",0,0,3,4,5,Dry,Straight,Grade/Hillcrest,Lowest,No
28175,42,Pennsylvania,420705,0,1,1,0,1,NOT APPLICABLE,August,13,Sunday,9,19,Rural,High Speed (Arterial),No,40.76495,-76.03603333,Complex/Circle,Daylight,Clear,Unknown,Unknown,Unknown EMS Scene Arrival Hour,Unknown EMS Scene Arrival Minutes,Unknown,Unknown EMS Hospital Arrival Time,1,Daylight,Clear,1,0,['Driver'],['None_Used'],0,0,Valid,0.0,0.0,83.0,83.0,['Male'],0,0,2,4,3,Dry,Straight,Level,Lowest,No
28176,42,Pennsylvania,420706,0,1,1,0,2,NOT APPLICABLE,August,13,Sunday,2,6,Rural,High Speed (Arterial),Yes,40.49533056,-75.48156111,Non-Intersection,Dark - Not Lighted,"Fog, Smog, Smoke",Unknown,Unknown,Unknown EMS Scene Arrival Hour,Unknown EMS Scene Arrival Minutes,Unknown,Unknown EMS Hospital Arrival Time,1,Dark - Unlighted,Reduced Visibility,1,1,['Driver'],['Shoulder_Lapbelt'],1,1,Invalid,0.0,0.0,47.0,47.0,['Male'],2,0,3,4,2,Wet/Standing Water,Curve,Level,Lowest,No
28177,42,Pennsylvania,420707,0,1,1,0,2,NOT APPLICABLE,August,14,Monday,3,24,Urban,High Speed (Arterial),Yes,40.55829722,-75.99437222,Non-Intersection,Dark - Not Lighted,Clear,Unknown,Unknown,Unknown EMS Scene Arrival Hour,Unknown EMS Scene Arrival Minutes,Unknown,Unknown EMS Hospital Arrival Time,1,Dark - Unlighted,Clear,1,1,['Front_Passenger'],['Shoulder_Lapbelt'],0,0,Invalid,0.0,1.0,22.0,22.0,['Male'],2,0,2,4,3,Dry,Straight,Level,Lowest,No
28178,42,Pennsylvania,420708,0,1,1,0,1,NOT APPLICABLE,August,14,Monday,3,20,Rural,Medium Speed (Collector),No,40.92770278,-75.31665278,Non-Intersection,Dark - Lighted,Clear,Unknown,Unknown,Unknown EMS Scene Arrival Hour,Unknown EMS Scene Arrival Minutes,Not Applicable (Not Transported),Not Applicable (Not Transported),1,Dark - Lighted,Clear,1,0,['Driver'],['None_Used'],0,0,Valid,0.0,0.0,60.0,60.0,['Male'],1,0,2,4,3,Dry,Curve,Level,Lowest,No
28179,42,Pennsylvania,420710,1,1,1,0,1,PITTSBURGH,March,27,Monday,1,40,Urban,High Speed (Arterial),Yes,40.46022222,-79.92122222,Non-Intersection,Dark - Lighted,Clear,1:00am-1:59am,40,1:00am-1:59am,47,Not Applicable (Not Transported),Not Applicable (Not Transported),1,Dark - Lighted,Clear,0,0,[],[],0,0,Invalid,0.0,0.0,999.0,999.0,['Male'],1,0,2,4,4,Dry,Curve,Level,Lowest,No
28180,42,Pennsylvania,420711,0,2,2,0,2,NOT APPLICABLE,March,31,Friday,1,1,Rural,Medium Speed (Collector),No,41.07380556,-76.50758333,Non-Intersection,Dark - Not Lighted,Clear,1:00am-1:59am,12,1:00am-1:59am,22,1:00am-1:59am,54,1,Dark - Unlighted,Clear,1,1,['Driver'],['Shoulder_Lapbelt'],1,1,Invalid,2.0,1.0,31.0,24.0,"['Male', 'Male']",0,0,3,4,5,Dry,Straight,Grade/Hillcrest,Lowest,No