,State_Code,State_Name,Crash_ID,Count_Non_Motorists,Count_Vehicles_Total,Count_Vehicle_Forms,Count_PVH_Involved,Count_Occupants_MV,City_Name,Month_Name,Day_of_Month,Day_of_Week,Crash_Hour,Crash_Minute,Area_Rural_Urban,Road_Functional_Class,On_NHS_Road,Latitude,Longitude,Intersection_Type,Light_Condition,Weather_Condition,Notif_Hour,Notif_Minute,Arrival_Hour,Arrival_Minute,Hospital_Hour,Hospital_Minute,Fatalities_Count,Clean_Light_Condition,Clean_Weather_Condition,Total_Killed,Total_Alive,Fatal_Seats_List,Killed_Restraint_List,Any_Driver_Drinking,Total_Drinking_Drivers,Driver_License_Category,Driver_Max_Prev_Accident_Count,Driver_Max_Prev_Speeding_Count,Max_Driver_Age,Min_Driver_Age,Driver_Sex_List,Total_Exceeding_Limit_Vehicles,Total_Too_Fast_Vehicles,Max_Vehicle_Type_Severity_5,Max_Vehicle_Damage_Rank,Max_Harmful_Event_Severity,Crash_Road_Surface_Condition,Crash_Horizontal_Alignment,Crash_Vertical_Profile,Crash_Impairment_Category,Crash_Vehicle_Defect
28181,42,Pennsylvania,420712,0,2,2,0,3,NOT APPLICABLE,April,11,Tuesday,16,33,Urban,Medium Speed (Collector),No,40.31431389,-75.24864167,Non-Intersection,Daylight,Clear,4:00pm-4:59pm,32,4:00pm-4:59pm,43,5:00pm-5:59pm,34,1,Daylight,Clear,1,0,['Driver'],['None_Used'],0,0,Valid,0.0,0.0,37.0,19.0,"['Male', 'Female']",1,0,3,4,5,Dry,Straight,Level,Lowest,No
28182,42,Pennsylvania,420713,0,3,3,0,5,NOT APPLICABLE,May,25,Thursday,12,6,Rural,High Speed (Arterial),Yes,40.47754444,-78.72402222,Complex/Circle,Daylight,Clear,12:00pm-12:59pm,10,12:00pm-12:59pm,17,1:00pm-1:59pm,0,2,Daylight,Clear,2,3,"['Driver', 'Front_Passenger']","['Shoulder_Lapbelt', 'Shoulder_Lapbelt']",0,0,Valid,0.0,0.0,77.0,48.0,"['Male', 'Male', 'Male']",0,0,4,4,5,Dry,Straight,Grade/Hillcrest,Lowest,No
28183,42,Pennsylvania,420714,0,2,2,0,2,NOT APPLICABLE,July,21,Friday,18,6,Rural,Low Speed (Local),No,40.79502222,-76.43356667,Non-Intersection,Daylight,Clear,Unknown,Unknown,Unknown EMS Scene Arrival Hour,Unknown EMS Scene Arrival Minutes,Unknown,Unknown EMS Hospital Arrival Time,1,Daylight,Clear,1,1,['Driver'],['None_Used'],1,1,Valid,1.0,0.0,62.0,41.0,"['Male', 'Male']",0,0,3,4,5,Dry,Curve,Level,Lowest,No
28184,42,Pennsylvania,420715,0,1,1,0,2,NOT APPLICABLE,July,22,Saturday,21,22,Rural,Medium Speed (Collector),No,40.97433889,-77.74749722,Non-Intersection,Dark - Not Lighted,Clear,9:00pm-9:59pm,20,9:00pm-9:59pm,25,10:00pm-10:59pm,38,1,Dark - Unlighted,Clear,1,1,['Rear_Seat'],['None_Used'],1,1,Valid,0.0,0.0,52.0,52.0,['Male'],0,0,5,4,1,Dry,Straight,Level,Lowest,No
28185,42,Pennsylvania,420716,0,2,1,1,5,PHILADELPHIA,July,8,Saturday,3,10,Urban,High Speed (Arterial),Yes,39.90738889,-75.19053333,Complex/Circle,Dark - Lighted,Clear,3:00am-3:59am,6,3:00am-3:59am,13,Unknown,Unknown EMS Hospital Arrival Time,2,Dark - Lighted,Clear,2,3,"['Driver', 'Front_Passenger']","['Shoulder_Lapbelt', 'Shoulder_Lapbelt']",1,1,Valid,1.0,0.0,32.0,32.0,['Male'],5,0,2,4,5,Dry,Straight,Level,Lowest,No
28186,42,Pennsylvania,420717,0,1,1,0,1,NOT APPLICABLE,June,10,Saturday,16,23,Urban,High Speed (Arterial),Yes,41.01451389,-75.30007778,Non-Intersection,Daylight,Clear,Unknown,Unknown,Unknown EMS Scene Arrival Hour,Unknown EMS Scene Arrival Minutes,Not Applicable (Not Transported),Not Applicable (Not Transported),1,Daylight,Clear,1,0,['Driver'],['None_Used'],0,0,Valid,0.0,0.0,68.0,68.0,['Male'],0,0,5,4,3,Dry,Straight,Level,Lowest,No
28187,42,Pennsylvania,420718,1,1,1,0,2,PHILADELPHIA,August,22,Tuesday,0,5,Urban,High Speed (Arterial),Yes,39.99456111,-75.09446944,Complex/Circle,Dark - Lighted,Clear,0:00am-0:59am,17,0:00am-0:59am,23,Not Applicable (Not Transported),Not Applicable (Not Transported),1,Dark - Lighted,Clear,0,2,[],[],0,0,Valid,0.0,0.0,19.0,19.0,['Male'],2,0,2,3,4,Dry,Straight,Level,Lowest,No
28188,42,Pennsylvania,420719,1,1,1,0,1,PITTSBURGH,August,24,Thursday,21,1,Urban,Low Speed (Local),No,40.46296944,-80.03345833,Simple Junction,Dark - Lighted,Clear,Unknown,Unknown,Unknown EMS Scene Arrival Hour,Unknown EMS Scene Arrival Minutes,Unknown,Unknown EMS Hospital Arrival Time,1,Dark - Lighted,Clear,0,1,[],[],0,0,Invalid,0.0,0.0,999.0,999.0,['Other'],0,0,1,0,4,Dry,Straight,Level,Lowest,No
28189,42,Pennsylvania,420720,0,2,2,0,2,NOT APPLICABLE,August,21,Monday,19,39,Urban,Medium Speed (Collector),No,40.02809444,-77.52581389,Non-Intersection,Daylight,Clear,Unknown,Unknown,Unknown EMS Scene Arrival Hour,Unknown EMS Scene Arrival Minutes,Unknown,Unknown EMS Hospital Arrival Time,1,Daylight,Clear,1,1,['Driver'],['Shoulder_Lapbelt'],1,1,Valid,0.0,1.0,69.0,30.0,"['Male', 'Male']",0,0,4,4,5,Dry,Straight,Level,Lowest,No
28190,42,Pennsylvania,420721,0,2,2,0,3,NOT APPLICABLE,August,21,Monday,13,3,Urban,High Speed (Arterial),Yes,40.31793611,-75.05189722,Non-Intersection,Daylight,Clear,1:00pm-1:59pm,4,1:00pm-1:59pm,11,Unknown,Unknown EMS Hospital Arrival Time,1,Daylight,Clear,1,2,['Driver'],['None_Used'],0,0,Valid,0.0,0.0,58.0,22.0,"['Female', 'Male']",0,0,4,4,5,Dry,Curve,Level,Lowest,No
28191,42,Pennsylvania,420722,0,2,2,0,2,NOT APPLICABLE,August,22,Tuesday,16,6,Urban,Low Speed (Local),No,40.50672778,-80.11828056,Non-Intersection,Daylight,Clear,Unknown,Unknown,Unknown EMS Scene Arrival Hour,Unknown EMS Scene Arrival Minutes,Unknown,Unknown EMS Hospital Arrival Time,1,Daylight,Clear,1,1,['Driver'],['None_Used'],0,0,Valid,1.0,0.0,50.0,36.0,"['Male', 'Male']",1,0,3,4,5,Dry,Straight,Level,Lowest,No
28192,42,Pennsylvania,420723,0,1,1,0,2,PHILADELPHIA,June,10,Saturday,22,3,Urban,Low Speed (Local),No,40.02893333,-75.19019167,Non-Intersection,Dark - Lighted,Clear,10:00pm-10:59pm,3,10:00pm-10:59pm,8,10:00pm-10:59pm,40,1,Dark - Lighted,Clear,1,1,['Driver'],['Shoulder_Lapbelt'],0,0,Valid,0.0,0.0,56.0,56.0,['Male'],0,0,2,4,1,Dry,Curve,Grade/Hillcrest,Lowest,No
28193,42,Pennsylvania,420724,0,1,1,0,1,NOT APPLICABLE,August,9,Wednesday,19,43,Rural,Medium Speed (Collector),No,39.72683056,-76.41339167,Non-Intersection,Daylight,Clear,Unknown,Unknown,Unknown EMS Scene Arrival Hour,Unknown EMS Scene Arrival Minutes,Not Applicable (Not Transported),Not Applicable (Not Transported),1,Daylight,Clear,1,0,['Driver'],['None_Used'],1,1,Valid,0.0,0.0,25.0,25.0,['Male'],1,0,3,4,3,Dry,Curve,Grade/Hillcrest,Lowest,No
28194,42,Pennsylvania,420725,0,1,1,0,1,PHILADELPHIA,August,12,Saturday,1,8,Urban,Low Speed (Local),No,39.98333333,-75.19783333,Non-Intersection,Dark - Lighted,Clear,1:00am-1:59am,7,1:00am-1:59am,12,Not Applicable (Not Transported),Not Applicable (Not Transported),1,Dark - Lighted,Clear,1,0,['Driver'],['None_Used'],1,1,Valid,0.0,0.0,51.0,51.0,['Male'],1,0,5,4,3,Dry,Curve,Level,Lowest,Yes
28195,42,Pennsylvania,420726,0,1,1,0,1,NOT APPLICABLE,August,12,Saturday,2,12,Urban,Low Speed (Local),No,40.31160278,-76.02531667,Non-Intersection,Dark - Not Lighted,Clear,Unknown,Unknown,Unknown EMS Scene Arrival Hour,Unknown EMS Scene Arrival Minutes,Not Applicable (Not Transported),Not Applicable (Not Transported),1,Dark - Unlighted,Clear,1,0,['Driver'],['None_Used'],1,1,Valid,0.0,1.0,23.0,23.0,['Male'],0,0,5,3,2,Dry,Curve,Grade/Hillcrest,Lowest,No
28196,42,Pennsylvania,420727,0,2,2,0,3,NOT APPLICABLE,August,22,Tuesday,2,21,Rural,High Speed (Arterial),Yes,41.000125,-78.3382,Complex/Circle,Dark - Lighted,Clear,Unknown,Unknown,Unknown EMS Scene Arrival Hour,Unknown EMS Scene Arrival Minutes,Not Applicable (Not Transported),Not Applicable (Not Transported),1,Dark - Lighted,Clear,1,0,['Driver'],['Shoulder_Lapbelt'],1,1,Invalid,1.0,0.0,61.0,19.0,"['Male', 'Male']",2,0,4,4,5,Dry,Straight,Level,Lowest,No
28197,42,Pennsylvania,420728,0,2,2,0,5,NOT APPLICABLE,August,24,Thursday,13,13,Rural,Medium Speed (Collector),No,41.88776389,-76.6066,Complex/Circle,Daylight,Clear,1:00pm-1:59pm,12,1:00pm-1:59pm,31,8:00pm-8:59pm,24,1,Daylight,Clear,1,4,['Driver'],['Shoulder_Lapbelt'],0,0,Invalid,0.0,0.0,83.0,18.0,"['Female', 'Female']",0,0,3,4,5,Dry,Straight,Level,Lowest,No
28198,42,Pennsylvania,420729,0,1,1,0,1,NOT APPLICABLE,June,15,Thursday,3,25,Rural,Low Speed (Local),No,39.93332222,-75.60248333,Non-Intersection,Dark - Not Lighted,Clear,3:00am-3:59am,38,3:00am-3:59am,46,Not Applicable (Not Transported),Not Applicable (Not Transported),1,Dark - Unlighted,Clear,1,0,['Driver'],['None_Used'],0,0,Invalid,0.0,0.0,35.0,35.0,['Male'],1,0,3,4,3,Dry,Curve,Grade/Hillcrest,Lowest,No
28199,42,Pennsylvania,420730,0,1,1,0,1,NOT APPLICABLE,August,12,Saturday,0,30,Urban,Medium Speed (Collector),No,40.28433056,-78.875575,Non-Intersection,Dark - Lighted,Clear,Unknown,Unknown,Unknown EMS Scene Arrival Hour,Unknown EMS Scene Arrival Minutes,Not Applicable (Not Transported),Not Applicable (Not Transported),1,Dark - Lighted,Clear,1,0,['Driver'],['None_Used'],1,1,Valid,0.0,0.0,21.0,21.0,['Male'],1,0,5,4,3,Dry,Curve,Grade/Hillcrest,Lowest,No
28200,42,Pennsylvania,420731,0,2,2,0,2,BEDMINSTER,September,11,Monday,15,17,Urban,High Speed (Arterial),Yes,40.40531944,-75.15178056,Non-Intersection,Daylight,Clear,3:00pm-3:59pm,16,3:00pm-3:59pm,21,4:00pm-4:59pm,25,1,Daylight,Clear,1,1,['Driver'],['Shoulder_Lapbelt'],1,2,Invalid,2.0,1.0,36.0,24.0,"['Female', 'Male']",0,0,3,4,5,Dry,Straight,Level,Lowest,No
28201,42,Pennsylvania,420732,0,1,1,0,1,NOT APPLICABLE,August,17,Thursday,17,26,Rural,Low Speed (Local),No,40.51981111,-75.76071389,Non-Intersection,Daylight,Clear,Unknown,Unknown,Unknown EMS Scene Arrival Hour,Unknown EMS Scene Arrival Minutes,Unknown,Unknown EMS Hospital Arrival Time,1,Daylight,Clear,1,0,['Driver'],['None_Used'],0,0,Valid,0.0,0.0,67.0,67.0,['Female'],0,0,2,4,3,Dry,Straight,Grade/Hillcrest,Lowest,No
28202,42,Pennsylvania,420733,0,1,1,0,3,RIDLEY PARK,August,15,Tuesday,11,44,Urban,Low Speed (Local),No,39.87548333,-75.32819167,Non-Intersection,Daylight,Clear,11:00am-11:59am,44,11:00am-11:59am,48,Not Applicable (Not Transported),Not Applicable (Not Transported),1,Daylight,Clear,1,2,['Non_Standard_Risk'],['None_Used'],0,0,Valid,0.0,0.0,33.0,33.0,['Male'],0,0,4,1,1,Dry,Straight,Grade/Hillcrest,Lowest,No
28203,42,Pennsylvania,420734,0,1,1,0,1,NOT APPLICABLE,September,11,Monday,7,7,Rural,Medium Speed (Collector),No,40.51425,-77.07430556,Non-Intersection,Daylight,Rain,Unknown,Unknown,Unknown EMS Scene Arrival Hour,Unknown EMS Scene Arrival Minutes,Unknown,Unknown EMS Hospital Arrival Time,1,Daylight,Rain/Wind/Minor,1,0,['Driver'],['Shoulder_Lapbelt'],0,0,Valid,0.0,0.0,29.0,29.0,['Male'],1,0,2,4,3,Wet/Standing Water,Straight,Level,Lowest,No
28204,42,Pennsylvania,420735,0,1,1,0,1,NOT APPLICABLE,August,18,Friday,7,16,Urban,Medium Speed (Collector),No,40.37046111,-75.81735,Non-Intersection,Daylight,Clear,Unknown,Unknown,Unknown EMS Scene Arrival Hour,Unknown EMS Scene Arrival Minutes,Not Applicable (Not Transported),Not Applicable (Not Transported),1,Daylight,Clear,1,0,['Driver'],['None_Used'],0,0,Valid,0.0,0.0,42.0,42.0,['Male'],0,0,5,4,1,Dry,Straight,Level,Lowest,No
28205,42,Pennsylvania,420736,0,2,2,0,2,NOT APPLICABLE,September,12,Tuesday,13,37,Urban,High Speed (Arterial),No,40.98918056,-75.21083889,Simple Junction,Daylight,Clear,Unknown,Unknown,Unknown EMS Scene Arrival Hour,Unknown EMS Scene Arrival Minutes,Unknown,Unknown EMS Hospital Arrival Time,1,Daylight,Clear,1,1,['Driver'],['None_Used'],0,0,Valid,1.0,0.0,81.0,70.0,"['Female', 'Male']",0,0,5,4,5,Dry,Straight,Level,Lowest,No
28206,42,Pennsylvania,420737,0,2,2,0,2,LURGAN,September,12,Tuesday,6,11,Rural,Medium Speed (Collector),No,40.09661111,-77.63441667,Simple Junction,Dark - Not Lighted,Clear,Unknown,Unknown,Unknown EMS Scene Arrival Hour,Unknown EMS Scene Arrival Minutes,Not Applicable (Not Transported),Not Applicable (Not Transported),1,Dark - Unlighted,Clear,1,1,['Driver'],['None_Used'],0,0,Valid,1.0,1.0,72.0,30.0,"['Male', 'Male']",0,0,5,4,5,Dry,Straight,Grade/Hillcrest,Lowest,No
28207,42,Pennsylvania,420738,1,1,1,0,1,STATE COLLEGE,September,12,Tuesday,19,57,Urban,Medium Speed (Collector),No,40.80265833,-77.86745556,Non-Intersection,Dark - Lighted,Rain,7:00pm-7:59pm,58,8:00pm-8:59pm,6,8:00pm-8:59pm,28,1,Dark - Lighted,Rain/Wind/Minor,0,1,[],[],0,0,Invalid,0.0,0.0,20.0,20.0,['Male'],1,0,2,4,4,Wet/Standing Water,Straight,Level,Lowest,No
28208,42,Pennsylvania,420739,0,1,1,0,1,ROSS TOWNSHIP,September,12,Tuesday,15,38,Urban,Low Speed (Local),No,40.53813889,-79.99536111,Non-Intersection,Daylight,Cloudy,Unknown,Unknown,Unknown EMS Scene Arrival Hour,Unknown EMS Scene Arrival Minutes,Not Applicable (Not Transported),Not Applicable (Not Transported),1,Daylight,Reduced Visibility,1,0,['Driver'],['None_Used'],0,0,Valid,0.0,0.0,53.0,53.0,['Male'],1,0,5,4,3,Wet/Standing Water,Curve,Level,Lowest,No
28209,42,Pennsylvania,420740,0,1,1,0,1,NOT APPLICABLE,September,14,Thursday,12,39,Rural,Medium Speed (Collector),No,41.02171667,-76.21819722,Non-Intersection,Daylight,Clear,12:00pm-12:59pm,38,12:00pm-12:59pm,50,Not Applicable (Not Transported),Not Applicable (Not Transported),1,Daylight,Clear,1,0,['Driver'],['None_Used'],0,0,Valid,0.0,0.0,77.0,77.0,['Male'],0,0,5,4,2,Dry,Straight,Grade/Hillcrest,Lowest,No
28210,42,Pennsylvania,420741,0,2,2,0,3,FRANCONIA,September,14,Thursday,17,43,Urban,Low Speed (Local),No,40.2855,-75.32594444,Non-Intersection,Daylight,Clear,5:00pm-5:59pm,45,5:00pm-5:59pm,50,6:00pm-6:59pm,15,1,Daylight,Clear,1,0,['Driver'],['Shoulder_Lapbelt'],0,0,Valid,0.0,0.0,72.0,20.0,"['Male', 'Female']",1,0,3,4,5,Dry,Straight,Grade/Hillcrest,Lowest,No
28211,42,Pennsylvania,420742,0,2,2,0,2,NOT APPLICABLE,September,14,Thursday,16,29,Rural,Medium Speed (Collector),No,41.07993333,-75.68704444,Non-Intersection,Daylight,Clear,Unknown,Unknown,Unknown EMS Scene Arrival Hour,Unknown EMS Scene Arrival Minutes,Unknown,Unknown EMS Hospital Arrival Time,1,Daylight,Clear,1,1,['Driver'],['Shoulder_Lapbelt'],1,1,Valid,1.0,1.0,79.0,60.0,"['Male', 'Male']",0,0,3,4,5,Dry,Straight,Grade/Hillcrest,Lowest,No
28212,42,Pennsylvania,420743,1,1,1,0,3,BRADFORD,September,14,Thursday,18,49,Urban,Low Speed (Local),No,41.95816667,-78.64347222,Simple Junction,Daylight,Clear,Unknown,Unknown,Unknown EMS Scene Arrival Hour,Unknown EMS Scene Arrival Minutes,Not Applicable (Not Transported),Not Applicable (Not Transported),1,Daylight,Clear,0,3,[],[],0,0,Valid,0.0,0.0,32.0,32.0,['Male'],0,0,3,1,4,Dry,Straight,Level,Lowest,No
28213,42,Pennsylvania,420744,1,1,1,0,1,PHILADELPHIA,August,26,Saturday,2,21,Urban,Medium Speed (Collector),No,39.89739722,-75.25215278,Non-Intersection,Dark - Lighted,Clear,2:00am-2:59am,22,2:00am-2:59am,34,Not Applicable (Not Transported),Not Applicable (Not Transported),1,Dark - Lighted,Clear,0,0,[],[],0,0,Invalid,0.0,0.0,999.0,999.0,['Male'],0,0,2,3,4,Dry,Straight,Level,Lowest,No
28214,42,Pennsylvania,420745,1,1,1,0,1,NOT APPLICABLE,August,29,Tuesday,4,31,Urban,High Speed (Arterial),Yes,40.53646389,-78.35765278,Non-Intersection,Dark - Not Lighted,Clear,4:00am-4:59am,30,4:00am-4:59am,37,Not Applicable (Not Transported),Not Applicable (Not Transported),1,Dark - Unlighted,Clear,0,1,[],[],0,0,Valid,0.0,0.0,67.0,67.0,['Male'],0,0,4,2,4,Dry,Straight,Level,Lowest,No
28215,42,Pennsylvania,420746,0,1,1,0,1,NOT APPLICABLE,June,14,Wednesday,1,25,Urban,High Speed (Arterial),Yes,40.00656389,-76.61406667,Non-Intersection,Dark - Not Lighted,Clear,Unknown,Unknown,Unknown EMS Scene Arrival Hour,Unknown EMS Scene Arrival Minutes,Unknown,Unknown EMS Hospital Arrival Time,1,Dark - Unlighted,Clear,1,0,['Driver'],['Shoulder_Lapbelt'],0,0,Valid,0.0,0.0,59.0,59.0,['Male'],0,0,2,4,3,Dry,Straight,Grade/Hillcrest,Lowest,No
28216,42,Pennsylvania,420747,0,1,1,0,1,PHILADELPHIA,June,25,Sunday,20,13,Urban,Low Speed (Local),No,39.97725,-75.13791667,Non-Intersection,Dusk,Clear,8:00pm-8:59pm,12,8:00pm-8:59pm,19,8:00pm-8:59pm,38,1,Twilight,Clear,1,0,['Driver'],['None_Used'],0,0,Invalid,0.0,0.0,54.0,54.0,['Male'],0,0,5,1,3,Dry,Straight,Level,Lowest,No
28217,42,Pennsylvania,420748,0,5,5,0,6,NOT APPLICABLE,August,4,Friday,13,4,Urban,High Speed (Arterial),Yes,40.62310278,-79.94279722,Non-Intersection,Daylight,Clear,Unknown,Unknown,Unknown EMS Scene Arrival Hour,Unknown EMS Scene Arrival Minutes,Unknown,Unknown EMS Hospital Arrival Time,1,Daylight,Clear,1,4,['Driver'],['Shoulder_Lapbelt'],0,0,Invalid,1.0,0.0,53.0,30.0,"['Male', 'Female', 'Female', 'Female', 'Male']",1,0,4,4,5,Dry,Straight,Grade/Hillcrest,Lowest,No
28218,42,Pennsylvania,420749,0,3,3,0,14,NOT APPLICABLE,August,16,Wednesday,13,14,Rural,Medium Speed (Collector),No,40.03871111,-76.14134444,Non-Intersection,Daylight,Clear,Unknown,Unknown,Unknown EMS Scene Arrival Hour,Unknown EMS Scene Arrival Minutes,Unknown,Unknown EMS Hospital Arrival Time,1,Daylight,Clear,1,12,['Rear_Seat'],['Shoulder_Lapbelt'],0,0,Valid,0.0,0.0,89.0,25.0,"['Female', 'Male', 'Female']",4,0,3,4,5,Dry,Straight,Level,Lowest,No
28219,42,Pennsylvania,420750,0,1,1,0,1,BETHLEHEM,June,21,Wednesday,16,3,Urban,High Speed (Arterial),Yes,40.63910278,-75.35878889,Non-Intersection,Daylight,Clear,Unknown,Unknown,Unknown EMS Scene Arrival Hour,Unknown EMS Scene Arrival Minutes,Unknown,Unknown EMS Hospital Arrival Time,1,Daylight,Clear,1,0,['Driver'],['Shoulder_Lapbelt'],0,0,Valid,0.0,0.0,81.0,81.0,['Male'],0,0,3,4,3,Dry,Straight,Level,Lowest,No
28220,42,Pennsylvania,420751,0,1,1,0,1,NOT APPLICABLE,August,18,Friday,14,29,Rural,Medium Speed (Collector),No,40.68214167,-76.16511389,Non-Intersection,Daylight,Clear,Unknown,Unknown,Unknown EMS Scene Arrival Hour,Unknown EMS Scene Arrival Minutes,Not Applicable (Not Transported),Not Applicable (Not Transported),1,Daylight,Clear,1,0,['Driver'],['None_Used'],0,0,Valid,0.0,1.0,34.0,34.0,['Male'],0,0,5,4,2,Dry,Straight,Grade/Hillcrest,Lowest,No
28221,42,Pennsylvania,420752,0,1,1,0,1,NOT APPLICABLE,August,19,Saturday,1,56,Urban,Medium Speed (Collector),No,40.31086667,-79.70118056,Non-Intersection,Dark - Not Lighted,Clear,Unknown,Unknown,Unknown EMS Scene Arrival Hour,Unknown EMS Scene Arrival Minutes,Not Applicable (Not Transported),Not Applicable (Not Transported),1,Dark - Unlighted,Clear,1,0,['Driver'],['None_Used'],1,1,Valid,0.0,0.0,43.0,43.0,['Male'],1,0,2,4,3,Dry,Curve,Grade/Hillcrest,Lowest,No
28222,42,Pennsylvania,420753,0,1,1,0,1,NOT APPLICABLE,August,19,Saturday,6,15,Rural,High Speed (Arterial),Yes,41.16564722,-76.90706944,Non-Intersection,Other,Clear,6:00am-6:59am,14,6:00am-6:59am,26,Not Applicable (Not Transported),Not Applicable (Not Transported),1,Dark - Unlighted,Clear,1,0,['Driver'],['None_Used'],0,0,Valid,0.0,0.0,21.0,21.0,['Male'],0,0,2,4,3,Dry,Curve,Grade/Hillcrest,Lowest,No
28223,42,Pennsylvania,420754,0,1,1,0,1,NOT APPLICABLE,June,29,Thursday,20,26,Urban,Low Speed (Local),No,40.05677778,-79.90572222,Non-Intersection,Daylight,Clear,8:00pm-8:59pm,21,8:00pm-8:59pm,26,Not Applicable (Not Transported),Not Applicable (Not Transported),1,Daylight,Clear,1,0,['Driver'],['None_Used'],0,0,Invalid,0.0,0.0,56.0,56.0,['Male'],1,0,2,4,3,Dry,Curve,Level,Lowest,No
28224,42,Pennsylvania,420755,0,1,1,0,3,NOT APPLICABLE,August,19,Saturday,12,52,Rural,Medium Speed (Collector),No,41.29858333,-76.28051667,Non-Intersection,Daylight,Clear,12:00pm-12:59pm,47,1:00pm-1:59pm,10,2:00pm-2:59pm,7,1,Daylight,Clear,1,0,['Front_Passenger'],['Shoulder_Lapbelt'],0,0,Valid,0.0,0.0,50.0,50.0,['Male'],0,0,2,4,3,Dry,Straight,Level,Medium,No
28225,42,Pennsylvania,420756,1,1,1,0,1,HARRISBURG,August,24,Thursday,20,26,Urban,High Speed (Arterial),Yes,40.24758611,-76.87878611,Non-Intersection,Dark - Lighted,Clear,Not Applicable (Not Notified),Not Applicable (Not Notified),Not Applicable,Not Applicable,Not Applicable (Not Transported),Not Applicable (Not Transported),1,Dark - Lighted,Clear,0,1,[],[],0,0,Valid,1.0,1.0,25.0,25.0,['Male'],0,0,2,4,4,Dry,Straight,Level,Lowest,No
28226,42,Pennsylvania,420757,0,2,2,0,3,NOT APPLICABLE,August,25,Friday,14,57,Rural,Medium Speed (Collector),No,41.09945833,-76.87668889,Non-Intersection,Daylight,Clear,Unknown,Unknown,Unknown EMS Scene Arrival Hour,Unknown EMS Scene Arrival Minutes,Not Applicable (Not Transported),Not Applicable (Not Transported),1,Daylight,Clear,1,2,['Driver'],['None_Used'],0,0,Valid,0.0,0.0,87.0,56.0,"['Female', 'Male']",0,0,5,4,5,Dry,Straight,Level,Lowest,No
28227,42,Pennsylvania,420758,0,2,2,0,2,NOT APPLICABLE,August,26,Saturday,20,35,Urban,Medium Speed (Collector),No,40.30722778,-75.29881944,Non-Intersection,Dark - Not Lighted,Not Reported,8:00pm-8:59pm,38,8:00pm-8:59pm,45,9:00pm-9:59pm,16,1,Dark - Unlighted,Clear,1,1,['Driver'],['None_Used'],0,0,Valid,1.0,1.0,66.0,21.0,"['Male', 'Male']",0,0,5,4,5,Dry,Straight,Non-Trafficway,Lowest,No
28228,42,Pennsylvania,420759,0,1,1,0,1,NOT APPLICABLE,August,20,Sunday,18,3,Rural,Medium Speed (Collector),No,41.16066667,-75.99784444,Non-Intersection,Daylight,Clear,6:00pm-6:59pm,0,6:00pm-6:59pm,11,6:00pm-6:59pm,36,1,Daylight,Clear,1,0,['Driver'],['None_Used'],1,1,Invalid,0.0,0.0,58.0,58.0,['Male'],0,0,5,4,2,Dry,Curve,Level,Lowest,No
28229,42,Pennsylvania,420760,0,1,1,0,1,PITTSBURGH,August,21,Monday,1,13,Urban,Low Speed (Local),No,40.38694444,-79.98180556,Non-Intersection,Dark - Lighted,Clear,9:00am-9:59am,Unknown,Unknown EMS Scene Arrival Hour,Unknown EMS Scene Arrival Minutes,Not Applicable (Not Transported),Not Applicable (Not Transported),1,Dark - Lighted,Clear,1,0,['Driver'],['None_Used'],0,0,Invalid,1.0,0.0,38.0,38.0,['Male'],1,0,3,4,3,Dry,Straight,Level,Lowest,No
28230,42,Pennsylvania,420761,0,1,1,0,1,NOT APPLICABLE,August,22,Tuesday,20,34,Urban,Medium Speed (Collector),No,40.24238611,-76.24919167,Non-Intersection,Dark - Not Lighted,Clear,Not Applicable (Not Notified),Not Applicable (Not Notified),Not Applicable,Not Applicable,Not Applicable (Not Transported),Not Applicable (Not Transported),1,Dark - Unlighted,Clear,1,0,['Driver'],['None_Used'],0,0,Valid,1.0,0.0,24.0,24.0,['Male'],1,0,2,4,3,Dry,Straight,Level,Lowest,No
28231,42,Pennsylvania,420762,1,1,1,0,1,PITTSBURGH,August,13,Sunday,21,52,Urban,Low Speed (Local),No,40.43578889,-79.97219167,Non-Intersection,Dark - Lighted,Clear,Not Applicable (Not Notified),Not Applicable (Not Notified),Not Applicable,Not Applicable,Not Applicable (Not Transported),Not Applicable (Not Transported),1,Dark - Lighted,Clear,0,0,[],[],0,0,Invalid,0.0,0.0,999.0,999.0,['Other'],0,0,1,0,4,Dry,Straight,Level,Lowest,No
28232,42,Pennsylvania,420763,0,1,1,0,1,NOT APPLICABLE,June,15,Thursday,22,38,Rural,High Speed (Arterial),Yes,39.94130556,-78.02094444,Non-Intersection,Dark - Not Lighted,Clear,Unknown,Unknown,Unknown EMS Scene Arrival Hour,Unknown EMS Scene Arrival Minutes,Unknown,Unknown EMS Hospital Arrival Time,1,Dark - Unlighted,Clear,1,0,['Driver'],['None_Used'],1,1,Valid,0.0,0.0,61.0,61.0,['Male'],0,0,5,4,2,Dry,Straight,Level,Lowest,No
28233,42,Pennsylvania,420764,1,1,1,0,1,NOT APPLICABLE,August,22,Tuesday,15,49,Urban,Medium Speed (Collector),No,40.40988611,-76.51954444,Non-Intersection,Daylight,Clear,Unknown,Unknown,Unknown EMS Scene Arrival Hour,Unknown EMS Scene Arrival Minutes,Unknown,Unknown EMS Hospital Arrival Time,1,Daylight,Clear,0,1,[],[],1,1,Valid,0.0,0.0,62.0,62.0,['Male'],0,0,3,4,4,Dry,Straight,Level,Lowest,No