,State_Code,State_Name,Crash_ID,Count_Non_Motorists,Count_Vehicles_Total,Count_Vehicle_Forms,Count_PVH_Involved,Count_Occupants_MV,City_Name,Month_Name,Day_of_Month,Day_of_Week,Crash_Hour,Crash_Minute,Area_Rural_Urban,Road_Functional_Class,On_NHS_Road,Latitude,Longitude,Intersection_Type,Light_Condition,Weather_Condition,Notif_Hour,Notif_Minute,Arrival_Hour,Arrival_Minute,Hospital_Hour,Hospital_Minute,Fatalities_Count,Clean_Light_Condition,Clean_Weather_Condition,Total_Killed,Total_Alive,Fatal_Seats_List,Killed_Restraint_List,Any_Driver_Drinking,Total_Drinking_Drivers,Driver_License_Category,Driver_Max_Prev_Accident_Count,Driver_Max_Prev_Speeding_Count,Max_Driver_Age,Min_Driver_Age,Driver_Sex_List,Total_Exceeding_Limit_Vehicles,Total_Too_Fast_Vehicles,Max_Vehicle_Type_Severity_5,Max_Vehicle_Damage_Rank,Max_Harmful_Event_Severity,Crash_Road_Surface_Condition,Crash_Horizontal_Alignment,Crash_Vertical_Profile,Crash_Impairment_Category,Crash_Vehicle_Defect
28234,42,Pennsylvania,420765,1,1,1,0,1,NOT APPLICABLE,August,29,Tuesday,12,36,Urban,High Speed (Arterial),Yes,40.19831111,-77.18955833,Complex/Circle,Daylight,Clear,Unknown,Unknown,Unknown EMS Scene Arrival Hour,Unknown EMS Scene Arrival Minutes,Unknown,Unknown EMS Hospital Arrival Time,1,Daylight,Clear,0,1,[],[],1,1,Valid,0.0,0.0,64.0,64.0,['Male'],0,0,3,1,4,Dry,Straight,Level,Lowest,No
28235,42,Pennsylvania,420766,0,1,1,0,1,JEFFERSON,June,19,Monday,18,30,Rural,Medium Speed (Collector),No,39.74538889,-76.80216667,Non-Intersection,Daylight,Clear,Unknown,Unknown,Unknown EMS Scene Arrival Hour,Unknown EMS Scene Arrival Minutes,Unknown,Unknown EMS Hospital Arrival Time,1,Daylight,Clear,1,0,['Driver'],['None_Used'],0,0,Invalid,0.0,0.0,27.0,27.0,['Male'],1,0,5,4,3,Dry,Curve,Grade/Hillcrest,Lowest,No
28236,42,Pennsylvania,420767,0,2,2,0,2,NOT APPLICABLE,February,16,Thursday,14,33,Rural,Medium Speed (Collector),No,41.18970556,-79.96528333,Non-Intersection,Daylight,Clear,Unknown,Unknown,Unknown EMS Scene Arrival Hour,Unknown EMS Scene Arrival Minutes,Unknown,Unknown EMS Hospital Arrival Time,1,Daylight,Clear,1,1,['Driver'],['Shoulder_Lapbelt'],0,0,Valid,0.0,2.0,82.0,26.0,"['Male', 'Male']",0,0,3,4,5,Dry,Straight,Non-Trafficway,Lowest,No
28237,42,Pennsylvania,420768,0,1,1,0,2,NOT APPLICABLE,August,22,Tuesday,12,52,Rural,Low Speed (Local),No,41.87037778,-75.75125,Non-Intersection,Daylight,Clear,12:00pm-12:59pm,52,1:00pm-1:59pm,2,1:00pm-1:59pm,20,1,Daylight,Clear,1,1,['Rear_Seat'],['None_Used'],0,0,Invalid,0.0,0.0,19.0,19.0,['Male'],2,0,5,4,3,Loose/Unpaved,Curve,Grade/Hillcrest,Lowest,No
28238,42,Pennsylvania,420769,0,1,1,0,1,NOT APPLICABLE,August,23,Wednesday,18,8,Rural,Low Speed (Local),No,39.82820833,-77.46545833,Non-Intersection,Daylight,Clear,Unknown,Unknown,Unknown EMS Scene Arrival Hour,Unknown EMS Scene Arrival Minutes,Unknown,Unknown EMS Hospital Arrival Time,1,Daylight,Clear,1,0,['Driver'],['None_Used'],0,0,Valid,0.0,0.0,76.0,76.0,['Male'],0,0,5,3,3,Dry,Straight,Grade/Hillcrest,Lowest,No
28239,42,Pennsylvania,420770,0,5,5,0,6,NOT APPLICABLE,March,1,Wednesday,10,36,Urban,High Speed (Arterial),Yes,40.89475278,-75.31298611,Non-Intersection,Daylight,Clear,Unknown,Unknown,Unknown EMS Scene Arrival Hour,Unknown EMS Scene Arrival Minutes,Unknown,Unknown EMS Hospital Arrival Time,3,Daylight,Clear,3,3,"['Driver', 'Front_Passenger', 'Driver']","['Shoulder_Lapbelt', 'Shoulder_Lapbelt', 'Shoulder_Lapbelt']",0,0,Valid,0.0,0.0,40.0,25.0,"['Male', 'Male', 'Female', 'Male', 'Male']",0,0,4,4,5,Dry,Curve,Level,Lowest,No
28240,42,Pennsylvania,420771,0,2,2,0,3,NOT APPLICABLE,April,1,Saturday,9,56,Rural,Medium Speed (Collector),No,40.84714444,-75.46285,Non-Intersection,Daylight,Rain,Unknown,Unknown,Unknown EMS Scene Arrival Hour,Unknown EMS Scene Arrival Minutes,Not Applicable (Not Transported),Not Applicable (Not Transported),1,Daylight,Rain/Wind/Minor,1,2,['Driver'],['None_Used'],0,0,Valid,0.0,0.0,62.0,41.0,"['Male', 'Male']",0,0,3,4,5,Wet/Standing Water,Curve,Grade/Hillcrest,Lowest,No
28241,42,Pennsylvania,420772,1,1,1,0,1,PHILADELPHIA,April,10,Monday,1,54,Urban,High Speed (Arterial),Yes,39.96193889,-75.24028611,Non-Intersection,Dark - Lighted,Clear,1:00am-1:59am,59,Unknown EMS Scene Arrival Hour,Unknown EMS Scene Arrival Minutes,Not Applicable (Not Transported),Not Applicable (Not Transported),1,Dark - Lighted,Clear,0,1,[],[],0,0,Valid,0.0,0.0,46.0,46.0,['Male'],0,0,1,1,4,Dry,Straight,Level,Lowest,No
28242,42,Pennsylvania,420773,1,1,1,0,1,NOT APPLICABLE,August,25,Friday,12,42,Rural,Low Speed (Local),No,39.78774167,-76.22379722,Non-Intersection,Daylight,Clear,Unknown,Unknown,Unknown EMS Scene Arrival Hour,Unknown EMS Scene Arrival Minutes,Unknown,Unknown EMS Hospital Arrival Time,1,Daylight,Clear,0,1,[],[],0,0,Valid,0.0,0.0,48.0,48.0,['Female'],0,0,3,3,4,Dry,Straight,Grade/Hillcrest,Lowest,No
28243,42,Pennsylvania,420774,0,1,1,0,1,NOT APPLICABLE,May,8,Monday,1,42,Rural,Low Speed (Local),No,40.96611111,-75.30330556,Non-Intersection,Dark - Not Lighted,Clear,Unknown,Unknown,Unknown EMS Scene Arrival Hour,Unknown EMS Scene Arrival Minutes,Not Applicable (Not Transported),Not Applicable (Not Transported),1,Dark - Unlighted,Clear,1,0,['Driver'],['None_Used'],0,0,Valid,0.0,1.0,51.0,51.0,['Male'],0,0,5,4,3,Dry,Curve,Grade/Hillcrest,Lowest,No
28244,42,Pennsylvania,420775,0,2,2,0,3,READING,September,15,Friday,22,8,Urban,Medium Speed (Collector),No,40.35605556,-75.90822222,Complex/Circle,Dark - Lighted,Clear,Unknown,Unknown,Unknown EMS Scene Arrival Hour,Unknown EMS Scene Arrival Minutes,Unknown,Unknown EMS Hospital Arrival Time,1,Dark - Lighted,Clear,1,2,['Driver'],['None_Used'],1,1,Valid,1.0,0.0,41.0,37.0,"['Male', 'Male']",1,0,5,4,5,Dry,Straight,Level,Lowest,No
28245,42,Pennsylvania,420776,0,1,1,0,5,NOT APPLICABLE,June,17,Saturday,22,29,Rural,Medium Speed (Collector),No,40.38803056,-77.139525,Non-Intersection,Dark - Not Lighted,Clear,Unknown,Unknown,Unknown EMS Scene Arrival Hour,Unknown EMS Scene Arrival Minutes,Unknown,Unknown EMS Hospital Arrival Time,1,Dark - Unlighted,Clear,1,4,['Rear_Seat'],['None_Used'],1,1,Valid,0.0,0.0,17.0,17.0,['Female'],0,0,2,2,3,Dry,Straight,Level,Lowest,No
28246,42,Pennsylvania,420777,1,1,1,0,1,PHILADELPHIA,September,15,Friday,2,11,Urban,High Speed (Arterial),Yes,39.96746389,-75.188925,Non-Intersection,Dark - Lighted,Clear,2:00am-2:59am,18,2:00am-2:59am,30,Not Applicable (Not Transported),Not Applicable (Not Transported),1,Dark - Lighted,Clear,0,1,[],[],0,0,Invalid,0.0,0.0,999.0,999.0,['Other'],0,0,1,0,4,Dry,Straight,Level,Lowest,No
28247,42,Pennsylvania,420778,0,2,2,0,2,NORTH VERSAILLES,September,16,Saturday,21,3,Urban,High Speed (Arterial),Yes,40.37298333,-79.79276111,Simple Junction,Dark - Lighted,Clear,Unknown,Unknown,Unknown EMS Scene Arrival Hour,Unknown EMS Scene Arrival Minutes,Unknown,Unknown EMS Hospital Arrival Time,1,Dark - Lighted,Clear,1,1,['Driver'],['Shoulder_Lapbelt'],0,0,Valid,0.0,1.0,78.0,24.0,"['Male', 'Female']",0,0,2,4,5,Dry,Straight,Level,Lowest,No
28248,42,Pennsylvania,420779,0,1,1,0,1,AVONMORE,September,16,Saturday,1,45,Rural,Medium Speed (Collector),No,40.52566667,-79.47027778,Non-Intersection,Dark - Unknown Lighting,"Fog, Smog, Smoke",Unknown,Unknown,Unknown EMS Scene Arrival Hour,Unknown EMS Scene Arrival Minutes,Not Applicable (Not Transported),Not Applicable (Not Transported),1,Dark - Unlighted,Reduced Visibility,1,0,['Driver'],['None_Used'],1,1,Valid,0.0,0.0,27.0,27.0,['Male'],1,0,5,4,3,Dry,Curve,Grade/Hillcrest,Lowest,No
28249,42,Pennsylvania,420780,0,2,2,0,5,NOT APPLICABLE,September,16,Saturday,11,37,Urban,Low Speed (Local),No,40.37898889,-80.10938333,Non-Intersection,Daylight,Clear,Unknown,Unknown,Unknown EMS Scene Arrival Hour,Unknown EMS Scene Arrival Minutes,Unknown,Unknown EMS Hospital Arrival Time,1,Daylight,Clear,1,4,['Driver'],['Shoulder_Lapbelt'],0,0,Valid,0.0,0.0,62.0,56.0,"['Male', 'Female']",0,0,3,4,5,Dry,Straight,Non-Trafficway,Lowest,No
28250,42,Pennsylvania,420781,1,1,1,0,2,NOT APPLICABLE,September,16,Saturday,15,53,Rural,High Speed (Arterial),Yes,40.61393056,-76.95408333,Non-Intersection,Daylight,Clear,Unknown,Unknown,Unknown EMS Scene Arrival Hour,Unknown EMS Scene Arrival Minutes,Not Applicable (Not Transported),Not Applicable (Not Transported),1,Daylight,Clear,0,2,[],[],1,1,Valid,2.0,1.0,26.0,26.0,['Male'],0,0,1,2,4,Dry,Straight,Level,Lowest,No
28251,42,Pennsylvania,420782,0,2,1,1,3,NOT APPLICABLE,August,27,Sunday,1,30,Urban,Medium Speed (Collector),No,40.60800833,-78.75525,Non-Intersection,Dark - Not Lighted,Clear,1:00am-1:59am,32,1:00am-1:59am,44,2:00am-2:59am,19,1,Dark - Unlighted,Clear,1,2,['Driver'],['None_Used'],1,1,Valid,0.0,0.0,21.0,21.0,['Female'],3,0,5,4,2,Dry,Curve,Level,Lowest,No
28252,42,Pennsylvania,420783,1,1,1,0,1,PHILADELPHIA,September,17,Sunday,23,57,Urban,High Speed (Arterial),Yes,40.05013611,-75.05097222,Non-Intersection,Dark - Lighted,Rain,0:00am-0:59am,3,0:00am-0:59am,6,Not Applicable (Not Transported),Not Applicable (Not Transported),1,Dark - Lighted,Rain/Wind/Minor,0,0,[],[],0,0,Invalid,0.0,0.0,999.0,999.0,['Other'],0,0,2,3,4,Wet/Standing Water,Straight,Level,Lowest,No
28253,42,Pennsylvania,420784,0,2,2,0,4,CAMP HILL,September,17,Sunday,21,16,Urban,High Speed (Arterial),Yes,40.23219444,-76.92922222,Non-Intersection,Dark - Lighted,Rain,Unknown,Unknown,Unknown EMS Scene Arrival Hour,Unknown EMS Scene Arrival Minutes,Unknown,Unknown EMS Hospital Arrival Time,1,Dark - Lighted,Rain/Wind/Minor,1,3,['Driver'],['Shoulder_Lapbelt'],0,0,Valid,0.0,0.0,28.0,27.0,"['Male', 'Male']",3,0,2,4,5,Wet/Standing Water,Straight,Level,Lowest,No
28254,42,Pennsylvania,420785,0,1,1,0,1,NOT APPLICABLE,September,17,Sunday,0,1,Rural,Medium Speed (Collector),No,41.16441667,-77.527,Non-Intersection,Dark - Not Lighted,Clear,Unknown,Unknown,Unknown EMS Scene Arrival Hour,Unknown EMS Scene Arrival Minutes,Not Applicable (Not Transported),Not Applicable (Not Transported),1,Dark - Unlighted,Clear,1,0,['Driver'],['None_Used'],0,0,Valid,0.0,0.0,58.0,58.0,['Male'],0,0,5,4,1,Dry,Straight,Grade/Hillcrest,Lowest,No
28255,42,Pennsylvania,420786,0,1,1,0,1,NOT APPLICABLE,June,24,Saturday,0,6,Urban,High Speed (Arterial),Yes,41.063,-75.8685,Non-Intersection,Dark - Not Lighted,"Fog, Smog, Smoke",0:00am-0:59am,4,Unknown EMS Scene Arrival Hour,Unknown EMS Scene Arrival Minutes,Not Applicable (Not Transported),Not Applicable (Not Transported),1,Dark - Unlighted,Reduced Visibility,1,0,['Driver'],['None_Used'],0,0,Valid,0.0,0.0,60.0,60.0,['Male'],0,0,4,4,3,Dry,Curve,Level,Lowest,No
28256,42,Pennsylvania,420787,0,1,1,0,1,EXETER,June,29,Thursday,10,25,Urban,Medium Speed (Collector),No,41.33861111,-75.81747222,Non-Intersection,Daylight,Clear,10:00am-10:59am,29,10:00am-10:59am,33,11:00am-11:59am,4,1,Daylight,Clear,1,0,['Driver'],['None_Used'],1,1,Valid,0.0,0.0,64.0,64.0,['Male'],0,0,5,4,2,Dry,Curve,Level,Lowest,No
28257,42,Pennsylvania,420788,0,1,1,0,3,NOT APPLICABLE,June,27,Tuesday,16,48,Rural,High Speed (Arterial),Yes,40.99941667,-78.27036111,Non-Intersection,Daylight,Rain,4:00pm-4:59pm,50,5:00pm-5:59pm,12,7:00pm-7:59pm,35,1,Daylight,Rain/Wind/Minor,1,2,['Rear_Seat'],['None_Used'],0,0,Valid,0.0,0.0,32.0,32.0,['Male'],0,0,3,4,3,Wet/Standing Water,Straight,Level,Lowest,Yes
28258,42,Pennsylvania,420789,0,1,1,0,1,NOT APPLICABLE,August,3,Thursday,7,6,Urban,High Speed (Arterial),Yes,41.20294444,-75.90511111,Non-Intersection,Daylight,Clear,7:00am-7:59am,3,7:00am-7:59am,9,8:00am-8:59am,10,1,Daylight,Clear,1,0,['Driver'],['None_Used'],0,0,Valid,1.0,1.0,32.0,32.0,['Male'],0,0,3,4,3,Dry,Curve,Level,Lowest,No
28259,42,Pennsylvania,420790,0,2,2,0,3,NOT APPLICABLE,August,6,Sunday,17,0,Urban,Low Speed (Local),No,40.24966944,-75.71698889,Non-Intersection,Daylight,Clear,Unknown,Unknown,Unknown EMS Scene Arrival Hour,Unknown EMS Scene Arrival Minutes,Unknown,Unknown EMS Hospital Arrival Time,1,Daylight,Clear,1,2,['Driver'],['None_Used'],1,1,Invalid,1.0,0.0,46.0,25.0,"['Male', 'Female']",1,0,3,4,5,Dry,Straight,Level,Lowest,No
28260,42,Pennsylvania,420791,1,1,1,0,1,NOT APPLICABLE,October,1,Sunday,2,12,Urban,High Speed (Arterial),Yes,40.303,-79.51194722,Non-Intersection,Dark - Lighted,Clear,Unknown,Unknown,Unknown EMS Scene Arrival Hour,Unknown EMS Scene Arrival Minutes,Not Applicable (Not Transported),Not Applicable (Not Transported),1,Dark - Lighted,Clear,0,1,[],[],0,0,Valid,0.0,0.0,50.0,50.0,['Male'],0,0,3,2,4,Dry,Straight,Level,Lowest,No
28261,42,Pennsylvania,420792,0,2,2,0,2,NOT APPLICABLE,August,22,Tuesday,14,50,Rural,Medium Speed (Collector),No,40.52833889,-78.935675,Complex/Circle,Daylight,Clear,Unknown,Unknown,Unknown EMS Scene Arrival Hour,Unknown EMS Scene Arrival Minutes,Not Applicable (Not Transported),Not Applicable (Not Transported),1,Daylight,Clear,1,1,['Driver'],['None_Used'],0,0,Valid,1.0,0.0,79.0,26.0,"['Male', 'Male']",0,0,5,4,5,Dry,Straight,Grade/Hillcrest,Lowest,No
28262,42,Pennsylvania,420793,0,2,2,0,2,NOT APPLICABLE,August,25,Friday,18,38,Urban,Low Speed (Local),No,40.34705278,-76.39314167,Complex/Circle,Daylight,Clear,Unknown,Unknown,Unknown EMS Scene Arrival Hour,Unknown EMS Scene Arrival Minutes,Unknown,Unknown EMS Hospital Arrival Time,1,Daylight,Clear,1,1,['Driver'],['None_Used'],0,0,Valid,1.0,0.0,57.0,33.0,"['Male', 'Male']",1,0,5,4,5,Dry,Straight,Level,Lowest,No
28263,42,Pennsylvania,420794,0,2,2,0,2,PITTSBURGH,October,1,Sunday,23,52,Urban,Low Speed (Local),No,40.44016667,-79.89780556,Non-Intersection,Dark - Lighted,Reported as Unknown,Unknown,Unknown,Unknown EMS Scene Arrival Hour,Unknown EMS Scene Arrival Minutes,Unknown,Unknown EMS Hospital Arrival Time,1,Dark - Lighted,Clear,1,1,['Driver'],['None_Used'],0,0,Invalid,1.0,0.0,41.0,37.0,"['Male', 'Female']",1,0,5,4,5,Dry,Curve,Level,Lowest,No
28264,42,Pennsylvania,420795,0,1,1,0,3,NOT APPLICABLE,October,1,Sunday,4,30,Rural,Medium Speed (Collector),No,41.95663889,-77.83658333,Non-Intersection,Dark - Not Lighted,"Fog, Smog, Smoke",Unknown,Unknown,Unknown EMS Scene Arrival Hour,Unknown EMS Scene Arrival Minutes,Unknown,Unknown EMS Hospital Arrival Time,1,Dark - Unlighted,Reduced Visibility,1,2,['Rear_Seat'],['None_Used'],1,1,Valid,0.0,0.0,18.0,18.0,['Male'],3,0,3,4,3,Dry,Curve,Level,Lowest,No
28265,42,Pennsylvania,420796,0,1,1,0,1,NOT APPLICABLE,August,24,Thursday,22,31,Rural,Low Speed (Local),No,40.39790556,-75.81394722,Non-Intersection,Dark - Not Lighted,Cloudy,Not Applicable (Not Notified),Not Applicable (Not Notified),Not Applicable,Not Applicable,Not Applicable (Not Transported),Not Applicable (Not Transported),1,Dark - Unlighted,Reduced Visibility,1,0,['Driver'],['None_Used'],1,1,Valid,0.0,0.0,26.0,26.0,['Male'],1,0,3,4,3,Wet/Standing Water,Straight,Grade/Hillcrest,Lowest,No
28266,42,Pennsylvania,420797,0,1,1,0,1,NOT APPLICABLE,August,25,Friday,17,34,Rural,Low Speed (Local),No,40.64407222,-75.30742778,Non-Intersection,Daylight,Clear,Unknown,Unknown,Unknown EMS Scene Arrival Hour,Unknown EMS Scene Arrival Minutes,Not Applicable (Not Transported),Not Applicable (Not Transported),1,Daylight,Clear,1,0,['Driver'],['None_Used'],1,1,Valid,0.0,0.0,42.0,42.0,['Male'],1,0,5,4,2,Dry,Straight,Level,Lowest,No
28267,42,Pennsylvania,420798,0,1,1,0,1,NOT APPLICABLE,August,25,Friday,21,36,Urban,High Speed (Arterial),Yes,40.25766667,-75.20404444,Non-Intersection,Dark - Not Lighted,Not Reported,9:00pm-9:59pm,37,9:00pm-9:59pm,44,10:00pm-10:59pm,14,1,Dark - Unlighted,Clear,1,0,['Driver'],['None_Used'],0,0,Valid,0.0,0.0,21.0,21.0,['Male'],0,0,5,4,3,Dry,Curve,Grade/Hillcrest,Lowest,No
28268,42,Pennsylvania,420799,0,2,2,0,2,NOT APPLICABLE,August,27,Sunday,2,55,Rural,High Speed (Arterial),Yes,40.075225,-79.90949444,Non-Intersection,Dark - Not Lighted,Clear,Unknown,Unknown,Unknown EMS Scene Arrival Hour,Unknown EMS Scene Arrival Minutes,Unknown,Unknown EMS Hospital Arrival Time,1,Dark - Unlighted,Clear,1,1,['Driver'],['Shoulder_Lapbelt'],1,2,Valid,0.0,0.0,24.0,24.0,"['Male', 'Male']",0,0,2,4,5,Dry,Curve,Grade/Hillcrest,Lowest,No
28269,42,Pennsylvania,420800,0,1,1,0,1,NOT APPLICABLE,August,29,Tuesday,10,44,Rural,Low Speed (Local),No,41.86205556,-75.97332222,Non-Intersection,Daylight,Clear,Unknown,Unknown,Unknown EMS Scene Arrival Hour,Unknown EMS Scene Arrival Minutes,Not Applicable (Not Transported),Not Applicable (Not Transported),1,Daylight,Clear,1,0,['Driver'],['None_Used'],0,0,Invalid,0.0,0.0,16.0,16.0,['Male'],0,0,5,3,3,Loose/Unpaved,Straight,Grade/Hillcrest,Lowest,No
28270,42,Pennsylvania,420801,0,1,1,0,2,CRANBERRY,October,1,Sunday,15,33,Rural,Medium Speed (Collector),No,41.3945,-79.81158333,Non-Intersection,Daylight,Clear,Unknown,Unknown,Unknown EMS Scene Arrival Hour,Unknown EMS Scene Arrival Minutes,Unknown,Unknown EMS Hospital Arrival Time,1,Daylight,Clear,1,1,['Driver'],['None_Used'],0,0,Valid,0.0,0.0,19.0,19.0,['Female'],2,0,2,4,3,Dry,Curve,Grade/Hillcrest,Lowest,No
28271,42,Pennsylvania,420802,0,2,2,0,3,NOT APPLICABLE,September,18,Monday,7,20,Rural,Medium Speed (Collector),No,41.67632222,-76.85354444,Simple Junction,Daylight,Clear,7:00am-7:59am,21,7:00am-7:59am,26,8:00am-8:59am,48,1,Daylight,Clear,1,2,['Front_Passenger'],['None_Used'],0,0,Valid,0.0,0.0,60.0,31.0,"['Male', 'Male']",0,0,3,4,5,Wet/Standing Water,Straight,Grade/Hillcrest,Lowest,No
28272,42,Pennsylvania,420803,0,1,1,0,2,PHILADELPHIA,August,25,Friday,17,41,Urban,Medium Speed (Collector),No,39.99655,-75.11348056,Complex/Circle,Daylight,Clear,5:00pm-5:59pm,42,5:00pm-5:59pm,48,6:00pm-6:59pm,7,1,Daylight,Clear,1,1,['Driver'],['Shoulder_Lapbelt'],0,0,Invalid,0.0,0.0,71.0,71.0,['Male'],0,0,3,4,3,Dry,Straight,Level,Lowest,No
28273,42,Pennsylvania,420804,0,1,1,0,1,NOT APPLICABLE,August,26,Saturday,21,31,Rural,Low Speed (Local),No,41.32062778,-75.92361389,Non-Intersection,Dark - Lighted,Clear,Not Applicable (Not Notified),Not Applicable (Not Notified),Not Applicable,Not Applicable,Not Applicable (Not Transported),Not Applicable (Not Transported),1,Dark - Lighted,Clear,1,0,['Driver'],['None_Used'],1,1,Valid,1.0,0.0,45.0,45.0,['Male'],1,0,5,2,1,Dry,Curve,Level,Lowest,No
28274,42,Pennsylvania,420805,0,2,2,0,2,NOT APPLICABLE,September,18,Monday,18,55,Rural,Low Speed (Local),No,41.06525,-80.35572222,Non-Intersection,Dusk,Clear,Unknown,Unknown,Unknown EMS Scene Arrival Hour,Unknown EMS Scene Arrival Minutes,Not Applicable (Not Transported),Not Applicable (Not Transported),1,Twilight,Clear,1,1,['Driver'],['None_Used'],0,0,Valid,0.0,0.0,70.0,62.0,"['Female', 'Male']",0,0,5,4,5,Dry,Straight,Level,Lowest,No
28275,42,Pennsylvania,420806,0,1,1,0,1,NOT APPLICABLE,August,28,Monday,4,3,Rural,Medium Speed (Collector),No,40.49524167,-75.32871111,Non-Intersection,Dark - Not Lighted,Rain,4:00am-4:59am,1,4:00am-4:59am,15,5:00am-5:59am,5,1,Dark - Unlighted,Rain/Wind/Minor,1,0,['Driver'],['None_Used'],0,0,Valid,0.0,1.0,23.0,23.0,['Male'],1,0,2,4,3,Wet/Standing Water,Curve,Level,Lowest,No
28276,42,Pennsylvania,420807,0,1,1,0,1,NOT APPLICABLE,September,18,Monday,16,42,Rural,Low Speed (Local),No,41.174425,-77.10040833,Non-Intersection,Daylight,Clear,4:00pm-4:59pm,40,4:00pm-4:59pm,50,5:00pm-5:59pm,30,1,Daylight,Clear,1,0,['Driver'],['None_Used'],0,0,Valid,0.0,0.0,85.0,85.0,['Male'],0,0,5,4,3,Oil/Contaminated,Straight,Level,Lowest,No
28277,42,Pennsylvania,420808,1,1,1,0,2,NOT APPLICABLE,September,19,Tuesday,19,56,Urban,High Speed (Arterial),Yes,40.21355556,-75.49745833,Non-Intersection,Dark - Not Lighted,Clear,7:00pm-7:59pm,57,8:00pm-8:59pm,7,Not Applicable (Not Transported),Not Applicable (Not Transported),1,Dark - Unlighted,Clear,0,2,[],[],0,0,Valid,0.0,0.0,54.0,54.0,['Male'],0,0,2,3,4,Dry,Straight,Level,Lowest,No
28278,42,Pennsylvania,420809,2,1,1,0,1,NOT APPLICABLE,September,19,Tuesday,7,56,Rural,Medium Speed (Collector),No,41.18086944,-80.27531389,Non-Intersection,Dawn,Clear,7:00am-7:59am,57,8:00am-8:59am,17,8:00am-8:59am,58,1,Twilight,Clear,0,1,[],[],0,0,Valid,0.0,0.0,97.0,97.0,['Male'],1,0,3,4,1,Dry,Straight,Grade/Hillcrest,Lowest,No
28279,42,Pennsylvania,420810,0,2,2,0,2,NOT APPLICABLE,September,19,Tuesday,6,36,Urban,High Speed (Arterial),No,39.96606667,-75.53845278,Simple Junction,Daylight,Clear,6:00am-6:59am,36,6:00am-6:59am,41,7:00am-7:59am,8,1,Daylight,Clear,1,1,['Driver'],['None_Used'],0,0,Valid,0.0,0.0,82.0,26.0,"['Female', 'Male']",0,0,5,4,5,Dry,Straight,Grade/Hillcrest,Lowest,No
28280,42,Pennsylvania,420811,0,2,2,0,2,ELLWOOD CITY,September,20,Wednesday,6,56,Urban,Medium Speed (Collector),No,40.85833333,-80.29894444,Complex/Circle,Dawn,"Fog, Smog, Smoke",Unknown,Unknown,Unknown EMS Scene Arrival Hour,Unknown EMS Scene Arrival Minutes,Unknown,Unknown EMS Hospital Arrival Time,1,Twilight,Reduced Visibility,1,1,['Driver'],['None_Used'],0,0,Valid,0.0,0.0,39.0,30.0,"['Female', 'Male']",1,0,5,4,5,Dry,Straight,Level,Lowest,No
28281,42,Pennsylvania,420812,0,2,2,0,6,DRAVOSBURG,September,20,Wednesday,7,23,Urban,Low Speed (Local),No,40.34919444,-79.89216667,Simple Junction,Daylight,Clear,Unknown,Unknown,Unknown EMS Scene Arrival Hour,Unknown EMS Scene Arrival Minutes,Unknown,Unknown EMS Hospital Arrival Time,1,Daylight,Clear,1,5,['Rear_Seat'],['None_Used'],0,0,Valid,0.0,0.0,58.0,43.0,"['Male', 'Male']",1,0,3,4,5,Dry,Straight,Grade/Hillcrest,Lowest,No
28282,42,Pennsylvania,420813,1,1,1,0,1,MAIDEN CREEK,September,20,Wednesday,18,0,Rural,High Speed (Arterial),Yes,40.47031667,-75.86262778,Non-Intersection,Daylight,Clear,Not Applicable (Not Notified),Not Applicable (Not Notified),Not Applicable,Not Applicable,Not Applicable (Not Transported),Not Applicable (Not Transported),1,Daylight,Clear,0,1,[],[],0,0,Valid,0.0,0.0,28.0,28.0,['Male'],0,0,3,2,4,Dry,Straight,Level,Lowest,No
28283,42,Pennsylvania,420814,1,1,1,0,1,PHILADELPHIA,September,20,Wednesday,12,9,Urban,Low Speed (Local),No,40.016,-75.12961111,Complex/Circle,Daylight,Clear,12:00pm-12:59pm,12,12:00pm-12:59pm,15,12:00pm-12:59pm,36,1,Daylight,Clear,0,1,[],[],0,0,Valid,0.0,0.0,73.0,73.0,['Male'],0,0,4,1,4,Dry,Straight,Grade/Hillcrest,Lowest,No
28284,42,Pennsylvania,420815,0,2,2,0,3,NOT APPLICABLE,September,20,Wednesday,13,55,Rural,Medium Speed (Collector),No,40.89156111,-76.72195278,Simple Junction,Daylight,Clear,1:00pm-1:59pm,55,2:00pm-2:59pm,4,2:00pm-2:59pm,58,1,Daylight,Clear,1,2,['Driver'],['None_Used'],0,0,Valid,0.0,0.0,40.0,18.0,"['Female', 'Male']",0,0,5,4,5,Dry,Straight,Grade/Hillcrest,Lowest,No
28285,42,Pennsylvania,420816,0,2,2,0,2,NOT APPLICABLE,August,29,Tuesday,8,22,Urban,Medium Speed (Collector),No,39.97503056,-75.92300556,Non-Intersection,Daylight,Clear,8:00am-8:59am,22,8:00am-8:59am,27,9:00am-9:59am,19,1,Daylight,Clear,1,1,['Driver'],['None_Used'],0,0,Valid,1.0,0.0,38.0,30.0,"['Male', 'Male']",0,0,3,4,5,Dry,Straight,Level,Lowest,No
28286,42,Pennsylvania,420817,0,1,1,0,1,PITTSBURGH,September,20,Wednesday,9,19,Urban,High Speed (Arterial),Yes,40.41611111,-80.01433333,Non-Intersection,Daylight,Clear,Unknown,Unknown,Unknown EMS Scene Arrival Hour,Unknown EMS Scene Arrival Minutes,Unknown,Unknown EMS Hospital Arrival Time,1,Daylight,Clear,1,0,['Driver'],['None_Used'],0,0,Invalid,0.0,0.0,30.0,30.0,['Male'],0,0,5,4,2,Dry,Curve,Level,Lowest,No