,State_Code,State_Name,Crash_ID,Count_Non_Motorists,Count_Vehicles_Total,Count_Vehicle_Forms,Count_PVH_Involved,Count_Occupants_MV,City_Name,Month_Name,Day_of_Month,Day_of_Week,Crash_Hour,Crash_Minute,Area_Rural_Urban,Road_Functional_Class,On_NHS_Road,Latitude,Longitude,Intersection_Type,Light_Condition,Weather_Condition,Notif_Hour,Notif_Minute,Arrival_Hour,Arrival_Minute,Hospital_Hour,Hospital_Minute,Fatalities_Count,Clean_Light_Condition,Clean_Weather_Condition,Total_Killed,Total_Alive,Fatal_Seats_List,Killed_Restraint_List,Any_Driver_Drinking,Total_Drinking_Drivers,Driver_License_Category,Driver_Max_Prev_Accident_Count,Driver_Max_Prev_Speeding_Count,Max_Driver_Age,Min_Driver_Age,Driver_Sex_List,Total_Exceeding_Limit_Vehicles,Total_Too_Fast_Vehicles,Max_Vehicle_Type_Severity_5,Max_Vehicle_Damage_Rank,Max_Harmful_Event_Severity,Crash_Road_Surface_Condition,Crash_Horizontal_Alignment,Crash_Vertical_Profile,Crash_Impairment_Category,Crash_Vehicle_Defect
28287,42,Pennsylvania,420818,0,1,1,0,1,NOT APPLICABLE,September,20,Wednesday,19,51,Rural,Medium Speed (Collector),No,41.95122222,-80.48580556,Non-Intersection,Dark - Not Lighted,Clear,7:00pm-7:59pm,51,8:00pm-8:59pm,8,8:00pm-8:59pm,48,1,Dark - Unlighted,Clear,1,0,['Driver'],['None_Used'],0,0,Valid,0.0,1.0,66.0,66.0,['Male'],0,0,5,4,1,Dry,Straight,Level,Lowest,No
28288,42,Pennsylvania,420819,0,2,2,0,2,NOT APPLICABLE,September,21,Thursday,10,23,Rural,Medium Speed (Collector),No,40.21722222,-77.47088889,Non-Intersection,Daylight,Clear,Unknown,Unknown,Unknown EMS Scene Arrival Hour,Unknown EMS Scene Arrival Minutes,Not Applicable (Not Transported),Not Applicable (Not Transported),1,Daylight,Clear,1,1,['Driver'],['None_Used'],0,0,Valid,0.0,0.0,66.0,44.0,"['Male', 'Male']",1,0,5,4,5,Dry,Curve,Grade/Hillcrest,Lowest,No
28289,42,Pennsylvania,420820,0,2,2,0,3,NOT APPLICABLE,August,31,Thursday,12,36,Urban,High Speed (Arterial),Yes,40.87976389,-79.89278056,Non-Intersection,Daylight,Clear,Unknown,Unknown,Unknown EMS Scene Arrival Hour,Unknown EMS Scene Arrival Minutes,Unknown,Unknown EMS Hospital Arrival Time,1,Daylight,Clear,1,1,['Driver'],['None_Used'],0,0,Valid,0.0,0.0,50.0,34.0,"['Male', 'Male']",0,0,5,4,2,Dry,Straight,Level,Lowest,No
28290,42,Pennsylvania,420821,0,1,1,0,1,JEFFERSON HILLS,September,22,Friday,16,4,Rural,Low Speed (Local),No,40.27611111,-79.90722222,Non-Intersection,Daylight,Clear,Unknown,Unknown,Unknown EMS Scene Arrival Hour,Unknown EMS Scene Arrival Minutes,Unknown,Unknown EMS Hospital Arrival Time,1,Daylight,Clear,1,0,['Driver'],['None_Used'],0,0,Valid,0.0,0.0,75.0,75.0,['Male'],0,0,5,4,3,Dry,Curve,Grade/Hillcrest,Lowest,No
28291,42,Pennsylvania,420822,0,2,2,0,3,NOT APPLICABLE,September,22,Friday,17,45,Urban,Medium Speed (Collector),No,40.28688889,-76.76724167,Non-Intersection,Daylight,Clear,Unknown,Unknown,Unknown EMS Scene Arrival Hour,Unknown EMS Scene Arrival Minutes,Unknown,Unknown EMS Hospital Arrival Time,1,Daylight,Clear,1,2,['Driver'],['None_Used'],1,1,Valid,1.0,0.0,69.0,38.0,"['Male', 'Male']",0,0,3,4,5,Dry,Curve,Grade/Hillcrest,Lowest,No
28292,42,Pennsylvania,420823,0,2,2,0,6,NOT APPLICABLE,September,23,Saturday,12,44,Rural,Medium Speed (Collector),No,40.16719444,-77.56163889,Complex/Circle,Daylight,Rain,Unknown,Unknown,Unknown EMS Scene Arrival Hour,Unknown EMS Scene Arrival Minutes,Unknown,Unknown EMS Hospital Arrival Time,1,Daylight,Rain/Wind/Minor,1,5,['Driver'],['None_Used'],0,0,Valid,0.0,0.0,81.0,43.0,"['Male', 'Female']",0,0,3,4,5,Wet/Standing Water,Straight,Level,Lowest,No
28293,42,Pennsylvania,420824,0,1,1,0,1,SWARTHMORE,September,23,Saturday,13,17,Urban,High Speed (Arterial),Yes,39.89405556,-75.35222222,Non-Intersection,Daylight,Rain,1:00pm-1:59pm,20,1:00pm-1:59pm,21,1:00pm-1:59pm,36,1,Daylight,Rain/Wind/Minor,1,0,['Driver'],['Shoulder_Lapbelt'],0,0,Valid,0.0,0.0,20.0,20.0,['Male'],1,0,2,4,3,Wet/Standing Water,Straight,Level,Lowest,No
28294,42,Pennsylvania,420825,0,2,2,0,5,NOT APPLICABLE,September,24,Sunday,17,55,Rural,Medium Speed (Collector),No,40.01594444,-79.51119444,Non-Intersection,Daylight,Rain,Unknown,Unknown,Unknown EMS Scene Arrival Hour,Unknown EMS Scene Arrival Minutes,Unknown,Unknown EMS Hospital Arrival Time,3,Daylight,Rain/Wind/Minor,3,2,"['Driver', 'Driver', 'Rear_Seat']","['None_Used', 'Shoulder_Lapbelt', 'Shoulder_Lapbelt']",1,1,Valid,1.0,0.0,38.0,28.0,"['Male', 'Male']",1,0,3,4,5,Wet/Standing Water,Curve,Grade/Hillcrest,Lowest,No
28295,42,Pennsylvania,420826,0,1,1,0,2,ALLENTOWN,August,30,Wednesday,22,35,Urban,High Speed (Arterial),Yes,40.62396389,-75.44460833,Non-Intersection,Dark - Lighted,Clear,Unknown,Unknown,Unknown EMS Scene Arrival Hour,Unknown EMS Scene Arrival Minutes,Unknown,Unknown EMS Hospital Arrival Time,1,Dark - Lighted,Clear,1,0,['Driver'],['None_Used'],0,0,Invalid,0.0,0.0,21.0,21.0,['Male'],2,0,5,4,3,Dry,Straight,Level,Lowest,No
28296,42,Pennsylvania,420827,1,1,1,0,1,PHILADELPHIA,September,24,Sunday,16,26,Urban,High Speed (Arterial),Yes,39.94699722,-75.16482778,Complex/Circle,Dusk,Rain,4:00pm-4:59pm,27,4:00pm-4:59pm,29,4:00pm-4:59pm,41,1,Twilight,Rain/Wind/Minor,0,1,[],[],0,0,Invalid,0.0,0.0,23.0,23.0,['Male'],0,0,2,2,4,Wet/Standing Water,Straight,Level,Lowest,No
28297,42,Pennsylvania,420828,0,1,1,0,2,NOT APPLICABLE,September,24,Sunday,11,9,Urban,High Speed (Arterial),Yes,39.86855556,-75.31155556,Non-Intersection,Daylight,Rain,11:00am-11:59am,8,11:00am-11:59am,13,11:00am-11:59am,26,1,Daylight,Rain/Wind/Minor,1,1,['Driver'],['None_Used'],0,0,Valid,0.0,0.0,72.0,72.0,['Male'],2,0,3,4,3,Wet/Standing Water,Straight,Level,Lowest,No
28298,42,Pennsylvania,420829,0,1,1,0,1,PHILADELPHIA,September,25,Monday,12,51,Urban,Low Speed (Local),No,39.99658333,-75.19497222,Non-Intersection,Daylight,Rain,12:00pm-12:59pm,52,1:00pm-1:59pm,0,Not Applicable (Not Transported),Not Applicable (Not Transported),1,Daylight,Rain/Wind/Minor,1,0,['Driver'],['Shoulder_Lapbelt'],0,0,Valid,1.0,0.0,25.0,25.0,['Male'],1,0,2,4,3,Wet/Standing Water,Straight,Level,Lowest,No
28299,42,Pennsylvania,420830,0,1,1,0,1,NOT APPLICABLE,August,28,Monday,4,46,Rural,Low Speed (Local),No,39.76261389,-76.78047778,Non-Intersection,Dark - Not Lighted,Clear,Unknown,Unknown,Unknown EMS Scene Arrival Hour,Unknown EMS Scene Arrival Minutes,Unknown,Unknown EMS Hospital Arrival Time,1,Dark - Unlighted,Clear,1,0,['Driver'],['None_Used'],0,0,Valid,0.0,0.0,65.0,65.0,['Male'],0,0,3,4,3,Dry,Curve,Level,Medium,No
28300,42,Pennsylvania,420831,0,1,1,0,1,NOT APPLICABLE,August,29,Tuesday,11,10,Rural,Medium Speed (Collector),No,41.50849722,-76.45387222,Non-Intersection,Daylight,Clear,11:00am-11:59am,8,11:00am-11:59am,14,12:00pm-12:59pm,19,1,Daylight,Clear,1,0,['Driver'],['None_Used'],1,1,Valid,0.0,0.0,68.0,68.0,['Male'],1,0,3,4,2,Dry,Straight,Level,Lowest,No
28301,42,Pennsylvania,420832,0,2,2,0,2,NOT APPLICABLE,August,27,Sunday,20,29,Urban,Medium Speed (Collector),No,40.1326,-76.34698333,Complex/Circle,Dark - Not Lighted,Clear,Unknown,Unknown,Unknown EMS Scene Arrival Hour,Unknown EMS Scene Arrival Minutes,Unknown,Unknown EMS Hospital Arrival Time,1,Dark - Unlighted,Clear,1,1,['Driver'],['None_Used'],0,0,Valid,1.0,0.0,48.0,30.0,"['Female', 'Male']",0,0,5,4,5,Dry,Straight,Level,Lowest,No
28302,42,Pennsylvania,420833,0,2,2,0,2,NOT APPLICABLE,August,28,Monday,13,41,Rural,Medium Speed (Collector),No,40.89024722,-76.12407778,Non-Intersection,Daylight,Rain,Unknown,Unknown,Unknown EMS Scene Arrival Hour,Unknown EMS Scene Arrival Minutes,Unknown,Unknown EMS Hospital Arrival Time,1,Daylight,Rain/Wind/Minor,1,1,['Driver'],['Shoulder_Lapbelt'],0,0,Valid,0.0,0.0,69.0,59.0,"['Male', 'Male']",1,0,3,4,5,Wet/Standing Water,Curve,Grade/Hillcrest,Lowest,No
28303,42,Pennsylvania,420834,0,2,2,0,3,NOT APPLICABLE,August,30,Wednesday,18,1,Rural,Low Speed (Local),No,39.99916944,-76.84428056,Non-Intersection,Daylight,Clear,Unknown,Unknown,Unknown EMS Scene Arrival Hour,Unknown EMS Scene Arrival Minutes,Unknown,Unknown EMS Hospital Arrival Time,1,Daylight,Clear,1,2,['Driver'],['None_Used'],1,1,Valid,0.0,1.0,69.0,28.0,"['Male', 'Male']",0,0,5,4,5,Dry,Straight,Non-Trafficway,Lowest,No
28304,42,Pennsylvania,420835,1,1,1,0,1,PHILADELPHIA,October,2,Monday,2,43,Urban,High Speed (Arterial),Yes,40.06333889,-75.05161389,Non-Intersection,Dark - Not Lighted,Clear,2:00am-2:59am,45,3:00am-3:59am,1,Not Applicable (Not Transported),Not Applicable (Not Transported),1,Dark - Unlighted,Clear,0,0,[],[],0,0,Invalid,0.0,0.0,999.0,999.0,['Other'],0,0,1,0,4,Dry,Straight,Level,Lowest,No
28305,42,Pennsylvania,420836,0,2,1,1,1,NOT APPLICABLE,October,6,Friday,21,3,Rural,Low Speed (Local),No,40.11009167,-80.06242222,Non-Intersection,Dark - Not Lighted,Clear,Unknown,Unknown,Unknown EMS Scene Arrival Hour,Unknown EMS Scene Arrival Minutes,Unknown,Unknown EMS Hospital Arrival Time,1,Dark - Unlighted,Clear,1,0,['Driver'],['None_Used'],1,1,Valid,1.0,0.0,88.0,88.0,['Male'],0,0,2,2,5,Dry,Curve,Grade/Hillcrest,Lowest,Yes
28306,42,Pennsylvania,420837,1,1,1,0,1,NOT APPLICABLE,November,2,Thursday,18,45,Urban,Medium Speed (Collector),No,40.11927222,-76.49178333,Non-Intersection,Dark - Not Lighted,Clear,Unknown,Unknown,Unknown EMS Scene Arrival Hour,Unknown EMS Scene Arrival Minutes,Not Applicable (Not Transported),Not Applicable (Not Transported),1,Dark - Unlighted,Clear,0,1,[],[],0,0,Valid,0.0,0.0,31.0,31.0,['Male'],0,0,3,2,4,Dry,Straight,Grade/Hillcrest,Lowest,No
28307,42,Pennsylvania,420838,0,1,1,0,2,NOT APPLICABLE,October,2,Monday,5,15,Rural,Low Speed (Local),No,41.00021667,-76.56175278,Non-Intersection,Dark - Not Lighted,Clear,Unknown,Unknown,Unknown EMS Scene Arrival Hour,Unknown EMS Scene Arrival Minutes,Not Applicable (Not Transported),Not Applicable (Not Transported),1,Dark - Unlighted,Clear,1,1,['Front_Passenger'],['None_Used'],0,0,Valid,1.0,0.0,39.0,39.0,['Male'],0,0,4,4,3,Dry,Straight,Level,Lowest,No
28308,42,Pennsylvania,420839,0,1,1,0,1,LARKSVILLE,October,1,Sunday,19,3,Rural,Medium Speed (Collector),No,41.27300278,-75.95313333,Non-Intersection,Dark - Not Lighted,Clear,7:00pm-7:59pm,3,7:00pm-7:59pm,14,Not Applicable (Not Transported),Not Applicable (Not Transported),1,Dark - Unlighted,Clear,1,0,['Driver'],['None_Used'],0,0,Invalid,0.0,0.0,37.0,37.0,['Male'],1,0,5,4,1,Dry,Straight,Level,Lowest,No
28309,42,Pennsylvania,420840,0,4,3,1,4,NOT APPLICABLE,August,21,Monday,17,24,Rural,High Speed (Arterial),Yes,39.91115,-77.8205,Non-Intersection,Daylight,Clear,Unknown,Unknown,Unknown EMS Scene Arrival Hour,Unknown EMS Scene Arrival Minutes,Not Applicable (Not Transported),Not Applicable (Not Transported),1,Daylight,Clear,1,3,['Driver'],['None_Used'],0,0,Valid,0.0,1.0,59.0,24.0,"['Male', 'Male', 'Male']",0,0,4,4,5,Dry,Straight,Level,Lowest,No
28310,42,Pennsylvania,420841,0,3,3,0,4,NOT APPLICABLE,August,22,Tuesday,14,20,Rural,High Speed (Arterial),Yes,40.24695,-76.35803611,Non-Intersection,Daylight,Clear,Unknown,Unknown,Unknown EMS Scene Arrival Hour,Unknown EMS Scene Arrival Minutes,Unknown,Unknown EMS Hospital Arrival Time,1,Daylight,Clear,1,2,['Front_Passenger'],['None_Used'],0,0,Valid,0.0,1.0,44.0,20.0,"['Male', 'Male', 'Male']",0,0,4,4,5,Dry,Straight,Level,Lowest,No
28311,42,Pennsylvania,420842,1,1,1,0,1,PHILADELPHIA,October,3,Tuesday,18,57,Urban,High Speed (Arterial),Yes,39.99214722,-75.14107778,Non-Intersection,Dusk,Clear,Unknown,Unknown,Unknown EMS Scene Arrival Hour,Unknown EMS Scene Arrival Minutes,Unknown,Unknown EMS Hospital Arrival Time,1,Twilight,Clear,0,0,[],[],0,0,Invalid,0.0,0.0,999.0,999.0,['Male'],0,0,3,0,4,Dry,Straight,Level,Lowest,No
28312,42,Pennsylvania,420843,0,1,1,0,2,PARKER,October,4,Wednesday,19,20,Urban,Low Speed (Local),No,41.09063889,-79.68227778,Non-Intersection,Dark - Not Lighted,Clear,Unknown,Unknown,Unknown EMS Scene Arrival Hour,Unknown EMS Scene Arrival Minutes,Unknown,Unknown EMS Hospital Arrival Time,1,Dark - Unlighted,Clear,1,1,['Driver'],['None_Used'],0,0,Valid,0.0,0.0,66.0,66.0,['Male'],2,0,5,3,3,Dry,Straight,Grade/Hillcrest,Lowest,No
28313,42,Pennsylvania,420844,0,1,1,0,3,NOT APPLICABLE,October,5,Thursday,20,55,Rural,Low Speed (Local),No,41.30342778,-80.17430833,Non-Intersection,Dark - Not Lighted,Cloudy,Not Applicable (Not Notified),Not Applicable (Not Notified),Not Applicable,Not Applicable,Not Applicable (Not Transported),Not Applicable (Not Transported),3,Dark - Unlighted,Reduced Visibility,3,0,"['Driver', 'Front_Passenger', 'Rear_Seat']","['Shoulder_Lapbelt', 'Shoulder_Lapbelt', 'Shoulder_Lapbelt']",0,0,Valid,0.0,0.0,18.0,18.0,['Male'],3,0,2,4,3,Dry,Curve,Level,Lowest,No
28314,42,Pennsylvania,420845,0,2,1,1,1,NEW HOLLAND,October,5,Thursday,20,40,Urban,Low Speed (Local),No,40.09226944,-76.09835278,Simple Junction,Dark - Lighted,Cloudy,Unknown,Unknown,Unknown EMS Scene Arrival Hour,Unknown EMS Scene Arrival Minutes,Not Applicable (Not Transported),Not Applicable (Not Transported),1,Dark - Lighted,Reduced Visibility,1,0,['Driver'],['None_Used'],0,0,Invalid,0.0,0.0,57.0,57.0,['Male'],0,0,5,4,5,Dry,Straight,Level,Lowest,No
28315,42,Pennsylvania,420846,0,1,1,0,1,NOT APPLICABLE,October,5,Thursday,16,15,Rural,Low Speed (Local),No,39.97519444,-75.55038333,Non-Intersection,Daylight,Clear,4:00pm-4:59pm,16,4:00pm-4:59pm,19,Not Applicable (Not Transported),Not Applicable (Not Transported),1,Daylight,Clear,1,0,['Driver'],['None_Used'],1,1,Valid,0.0,0.0,43.0,43.0,['Male'],1,0,5,4,3,Dry,Curve,Level,Lowest,No
28316,42,Pennsylvania,420847,0,2,2,0,2,NOT APPLICABLE,October,3,Tuesday,6,11,Urban,Medium Speed (Collector),No,39.98233333,-76.87159167,Complex/Circle,Dark - Not Lighted,Clear,Unknown,Unknown,Unknown EMS Scene Arrival Hour,Unknown EMS Scene Arrival Minutes,Unknown,Unknown EMS Hospital Arrival Time,1,Dark - Unlighted,Clear,1,1,['Driver'],['None_Used'],0,0,Valid,1.0,0.0,63.0,24.0,"['Male', 'Male']",0,0,5,4,5,Dry,Straight,Level,Lowest,No
28317,42,Pennsylvania,420848,0,4,4,0,4,CANONSBURG,August,23,Wednesday,9,51,Urban,High Speed (Arterial),Yes,40.25309444,-80.18609722,Non-Intersection,Daylight,Cloudy,Unknown,Unknown,Unknown EMS Scene Arrival Hour,Unknown EMS Scene Arrival Minutes,Unknown,Unknown EMS Hospital Arrival Time,1,Daylight,Reduced Visibility,1,3,['Driver'],['Shoulder_Lapbelt'],1,1,Valid,1.0,0.0,78.0,34.0,"['Female', 'Male', 'Male', 'Male']",0,0,3,4,5,Dry,Straight,Level,Lowest,No
28318,42,Pennsylvania,420849,1,8,1,7,0,NOT APPLICABLE,August,22,Tuesday,9,28,Urban,Low Speed (Local),No,39.95022222,-75.26555556,Non-Intersection,Daylight,Clear,9:00am-9:59am,29,9:00am-9:59am,34,9:00am-9:59am,44,1,Daylight,Clear,0,0,[],[],0,0,Valid,0.0,0.0,49.0,34.0,Other,0,0,3,0,4,Dry,Straight,Grade/Hillcrest,Lowest,No
28319,42,Pennsylvania,420850,0,2,2,0,2,NOT APPLICABLE,October,3,Tuesday,6,7,Rural,Medium Speed (Collector),No,41.07639167,-76.38308333,Non-Intersection,Dark - Not Lighted,"Fog, Smog, Smoke",6:00am-6:59am,9,6:00am-6:59am,26,Not Applicable (Not Transported),Not Applicable (Not Transported),1,Dark - Unlighted,Reduced Visibility,1,1,['Driver'],['Shoulder_Only'],0,0,Valid,1.0,0.0,54.0,27.0,"['Male', 'Male']",1,0,3,4,5,Dry,Straight,Grade/Hillcrest,Lowest,No
28320,42,Pennsylvania,420851,0,3,3,0,4,NOT APPLICABLE,October,21,Saturday,10,26,Rural,High Speed (Arterial),Yes,40.19384722,-75.31556111,Non-Intersection,Daylight,Clear,10:00am-10:59am,28,10:00am-10:59am,44,11:00am-11:59am,44,3,Daylight,Clear,3,0,"['Driver', 'Front_Passenger', 'Driver']","['Shoulder_Lapbelt', 'Shoulder_Lapbelt', 'Shoulder_Lapbelt']",0,0,Valid,1.0,0.0,63.0,49.0,"['Male', 'Male', 'Male']",0,0,4,4,5,Dry,Straight,Grade/Hillcrest,Lowest,Yes
28321,42,Pennsylvania,420852,0,2,2,0,2,NOT APPLICABLE,April,14,Friday,0,34,Rural,High Speed (Arterial),Yes,39.75266944,-78.18383056,Non-Intersection,Dark - Not Lighted,Clear,Unknown,Unknown,Unknown EMS Scene Arrival Hour,Unknown EMS Scene Arrival Minutes,Unknown,Unknown EMS Hospital Arrival Time,1,Dark - Unlighted,Clear,1,1,['Driver'],['None_Used'],0,0,Valid,0.0,0.0,56.0,56.0,['Male'],0,0,4,4,5,Dry,Curve,Level,Lowest,No
28322,42,Pennsylvania,420853,0,3,3,0,5,NOT APPLICABLE,May,3,Wednesday,15,35,Rural,High Speed (Arterial),Yes,39.89228889,-79.84352778,Complex/Circle,Daylight,Clear,Unknown,Unknown,Unknown EMS Scene Arrival Hour,Unknown EMS Scene Arrival Minutes,Unknown,Unknown EMS Hospital Arrival Time,1,Daylight,Clear,1,4,['Driver'],['None_Used'],1,1,Valid,0.0,0.0,76.0,54.0,"['Male', 'Female', 'Male']",0,0,3,4,5,Wet/Standing Water,Straight,Level,Lowest,No
28323,42,Pennsylvania,420854,0,2,2,0,6,NOT APPLICABLE,May,22,Monday,13,30,Urban,Medium Speed (Collector),No,40.23175,-74.8875,Non-Intersection,Daylight,Clear,1:00pm-1:59pm,33,1:00pm-1:59pm,37,1:00pm-1:59pm,59,1,Daylight,Clear,1,4,['Rear_Seat'],['None_Used'],0,0,Valid,0.0,0.0,73.0,59.0,"['Male', 'Female']",0,0,3,4,5,Dry,Straight,Non-Trafficway,Lowest,No
28324,42,Pennsylvania,420855,0,1,1,0,1,NOT APPLICABLE,September,23,Saturday,15,51,Rural,Low Speed (Local),No,40.83122222,-77.07605556,Non-Intersection,Daylight,Rain,3:00pm-3:59pm,34,3:00pm-3:59pm,42,4:00pm-4:59pm,35,1,Daylight,Rain/Wind/Minor,1,0,['Driver'],['None_Used'],1,1,Valid,1.0,0.0,75.0,75.0,['Male'],0,0,3,4,2,Wet/Standing Water,Straight,Level,Lowest,No
28325,42,Pennsylvania,420856,0,1,1,0,1,SHESHEQUIN,September,26,Tuesday,14,30,Rural,Low Speed (Local),No,41.90097222,-76.427,Non-Intersection,Daylight,Clear,4:00pm-4:59pm,4,4:00pm-4:59pm,28,Not Applicable (Not Transported),Not Applicable (Not Transported),1,Daylight,Clear,1,0,['Driver'],['None_Used'],0,0,Valid,0.0,0.0,87.0,87.0,['Male'],0,0,3,4,3,Loose/Unpaved,Curve,Level,Lowest,No
28326,42,Pennsylvania,420857,1,1,1,0,1,NOT APPLICABLE,September,27,Wednesday,20,49,Urban,High Speed (Arterial),Yes,40.01490556,-75.68775833,Non-Intersection,Dark - Not Lighted,Clear,8:00pm-8:59pm,50,8:00pm-8:59pm,53,Not Applicable (Not Transported),Not Applicable (Not Transported),1,Dark - Unlighted,Clear,0,1,[],[],1,1,Valid,0.0,0.0,81.0,81.0,['Male'],0,0,3,3,4,Dry,Straight,Level,Lowest,No
28327,42,Pennsylvania,420858,0,2,2,0,2,NOT APPLICABLE,September,27,Wednesday,6,10,Rural,High Speed (Arterial),Yes,40.20066667,-78.65590833,Simple Junction,Dark - Not Lighted,Clear,6:00am-6:59am,12,6:00am-6:59am,31,Unknown,Unknown EMS Hospital Arrival Time,1,Dark - Unlighted,Clear,1,1,['Driver'],['Shoulder_Lapbelt'],0,0,Invalid,1.0,0.0,43.0,32.0,"['Male', 'Male']",0,0,3,4,5,Wet/Standing Water,Straight,Grade/Hillcrest,Lowest,No
28328,42,Pennsylvania,420859,0,2,2,0,2,NOT APPLICABLE,September,27,Wednesday,17,5,Rural,Low Speed (Local),No,41.39727778,-75.31508333,Non-Intersection,Daylight,Clear,5:00pm-5:59pm,13,5:00pm-5:59pm,26,6:00pm-6:59pm,13,1,Daylight,Clear,1,1,['Driver'],['None_Used'],0,0,Invalid,2.0,1.0,27.0,21.0,"['Male', 'Male']",1,0,5,4,5,Dry,Curve,Grade/Hillcrest,Lowest,No
28329,42,Pennsylvania,420860,2,3,1,2,1,NOT APPLICABLE,October,22,Sunday,15,32,Urban,High Speed (Arterial),Yes,40.272175,-76.02533056,Non-Intersection,Daylight,Clear,Unknown,Unknown,Unknown EMS Scene Arrival Hour,Unknown EMS Scene Arrival Minutes,Unknown,Unknown EMS Hospital Arrival Time,1,Daylight,Clear,1,0,['Driver'],['Shoulder_Lapbelt'],1,1,Valid,0.0,0.0,61.0,61.0,['Male'],1,0,3,4,5,Dry,Straight,Grade/Hillcrest,Lowest,No
28330,42,Pennsylvania,420861,0,2,2,0,2,NOT APPLICABLE,September,28,Thursday,16,39,Urban,Medium Speed (Collector),No,40.24768889,-75.718225,Simple Junction,Daylight,Clear,Unknown,Unknown,Unknown EMS Scene Arrival Hour,Unknown EMS Scene Arrival Minutes,Not Applicable (Not Transported),Not Applicable (Not Transported),2,Daylight,Clear,2,0,"['Driver', 'Driver']","['Shoulder_Lapbelt', 'None_Used']",1,1,Valid,1.0,1.0,49.0,29.0,"['Female', 'Male']",0,0,5,4,5,Dry,Straight,Level,Lowest,No
28331,42,Pennsylvania,420862,0,2,2,0,5,NOT APPLICABLE,September,28,Thursday,6,26,Rural,High Speed (Arterial),Yes,40.60170833,-77.41036111,Non-Intersection,Dark - Not Lighted,Clear,6:00am-6:59am,30,6:00am-6:59am,33,6:00am-6:59am,39,2,Dark - Unlighted,Clear,2,3,"['Driver', 'Front_Passenger']","['None_Used', 'None_Used']",0,0,Invalid,0.0,0.0,32.0,30.0,"['Male', 'Male']",0,0,3,4,5,Dry,Straight,Level,Lowest,No
28332,42,Pennsylvania,420863,0,3,3,0,5,NOT APPLICABLE,September,28,Thursday,0,26,Urban,High Speed (Arterial),Yes,40.54122222,-80.122,Non-Intersection,Dark - Not Lighted,Clear,Unknown,Unknown,Unknown EMS Scene Arrival Hour,Unknown EMS Scene Arrival Minutes,Unknown,Unknown EMS Hospital Arrival Time,2,Dark - Unlighted,Clear,2,2,"['Driver', 'Driver']","['Shoulder_Lapbelt', 'Shoulder_Lapbelt']",0,0,Invalid,0.0,0.0,54.0,25.0,"['Male', 'Male', 'Male']",0,0,4,4,5,Dry,Curve,Level,Lowest,No
28333,42,Pennsylvania,420864,0,2,2,0,5,NOT APPLICABLE,September,28,Thursday,19,40,Rural,Medium Speed (Collector),No,41.24918611,-78.82291944,Non-Intersection,Dark - Not Lighted,Clear,Unknown,Unknown,Unknown EMS Scene Arrival Hour,Unknown EMS Scene Arrival Minutes,Not Applicable (Not Transported),Not Applicable (Not Transported),1,Dark - Unlighted,Clear,1,4,['Driver'],['None_Used'],0,0,Valid,1.0,0.0,67.0,23.0,"['Male', 'Male']",1,0,5,4,5,Dry,Curve,Grade/Hillcrest,Lowest,No
28334,42,Pennsylvania,420865,0,2,2,0,2,NOT APPLICABLE,September,28,Thursday,6,34,Urban,Medium Speed (Collector),No,40.05686111,-76.31115833,Complex/Circle,Dawn,Cloudy,Unknown,Unknown,Unknown EMS Scene Arrival Hour,Unknown EMS Scene Arrival Minutes,Unknown,Unknown EMS Hospital Arrival Time,1,Twilight,Reduced Visibility,1,1,['Driver'],['None_Used'],0,0,Valid,0.0,0.0,46.0,43.0,"['Female', 'Male']",0,0,5,4,5,Dry,Straight,Level,Lowest,No
28335,42,Pennsylvania,420866,0,2,2,0,4,PITTSBURGH,September,30,Saturday,15,17,Urban,Low Speed (Local),No,40.38926667,-79.98544444,Simple Junction,Daylight,Clear,Unknown,Unknown,Unknown EMS Scene Arrival Hour,Unknown EMS Scene Arrival Minutes,Unknown,Unknown EMS Hospital Arrival Time,1,Daylight,Clear,1,3,['Driver'],['None_Used'],0,0,Invalid,1.0,0.0,54.0,47.0,"['Male', 'Female']",1,0,5,4,5,Dry,Straight,Grade/Hillcrest,Lowest,No
28336,42,Pennsylvania,420867,0,1,1,0,1,NOT APPLICABLE,September,30,Saturday,6,40,Rural,Low Speed (Local),No,41.33405556,-76.72652778,Non-Intersection,Daylight,Clear,6:00am-6:59am,40,7:00am-7:59am,1,Not Applicable (Not Transported),Not Applicable (Not Transported),1,Daylight,Clear,1,0,['Driver'],['Shoulder_Lapbelt'],1,1,Valid,0.0,0.0,71.0,71.0,['Male'],0,0,5,2,3,Dry,Straight,Level,Lowest,No
28337,42,Pennsylvania,420868,0,2,2,0,2,NOT APPLICABLE,September,30,Saturday,23,14,Rural,Medium Speed (Collector),No,40.340625,-78.78589722,Complex/Circle,Dark - Lighted,Cloudy,Unknown,Unknown,Unknown EMS Scene Arrival Hour,Unknown EMS Scene Arrival Minutes,Unknown,Unknown EMS Hospital Arrival Time,1,Dark - Lighted,Reduced Visibility,1,1,['Driver'],['None_Used'],1,2,Valid,0.0,0.0,56.0,39.0,"['Male', 'Female']",1,0,5,4,5,Dry,Straight,Grade/Hillcrest,Lowest,No